#Frame Timestamp[ns],Image Rect[ms],Image Resize[ms],ORB ext[ms],Stereo match[ms],IMU preint[ms],Pose pred[ms],LM track[ms],KF dec[ms],Total[ms]
1413393212255760384.000000,0.000000,0.000000,17.705735,6.018798,0.004480,14.073719,11.230483,0.003392,27.883179
1413393212305760512.000000,0.000000,0.000000,17.113663,7.376768,0.076993,9.880448,9.265561,0.001312,28.629525
1413393212355760384.000000,0.000000,0.000000,14.340410,9.333594,0.065664,8.486158,8.276588,0.001248,27.348804
1413393212405760512.000000,0.000000,0.000000,16.246772,12.764582,0.086081,8.350317,7.805125,0.001408,33.576661
1413393212455760384.000000,0.000000,0.000000,14.978115,13.733171,0.095809,9.416251,6.837017,4.469883,32.699561
1413393212505760512.000000,0.000000,0.000000,14.403100,14.966883,0.102049,10.665003,7.354080,0.001248,33.664246
1413393212555760384.000000,0.000000,0.000000,15.081252,16.287220,0.109858,8.512463,8.452270,0.001280,35.335404
1413393212605760512.000000,0.000000,0.000000,14.018103,16.201395,0.111362,8.483823,9.420026,0.001344,34.228317
1413393212655760384.000000,0.000000,0.000000,14.996739,15.105733,0.107233,8.026408,7.608163,0.001152,34.295359
1413393212705760512.000000,0.000000,0.000000,13.833076,16.387798,0.108482,8.492783,8.345228,0.001120,34.284350
1413393212755760384.000000,0.000000,0.000000,15.624556,16.121938,0.108129,8.802866,8.975893,3.292842,35.875955
1413393212805760512.000000,0.000000,0.000000,15.344776,15.996304,0.107361,10.555626,8.795090,0.001216,35.520366
1413393212855760384.000000,0.000000,0.000000,15.085956,16.330261,0.112578,8.245003,8.844659,0.001120,35.600816
1413393212905760512.000000,0.000000,0.000000,14.684640,15.669452,0.113986,7.768005,7.556003,0.001344,34.677763
1413393212955760384.000000,0.000000,0.000000,15.335015,16.237908,0.113666,7.933415,8.171819,0.001024,35.741201
1413393213005760512.000000,0.000000,0.000000,14.404187,15.787085,0.110018,8.774194,9.155511,0.001184,34.288542
1413393213055760384.000000,0.000000,0.000000,14.133400,16.135474,0.110785,8.448270,8.463950,4.027444,34.178556
1413393213105760512.000000,0.000000,0.000000,13.616593,16.502839,0.113026,9.387034,9.787423,0.001600,34.569346
1413393213155760384.000000,0.000000,0.000000,14.426364,16.581336,0.116225,10.200356,8.366605,0.001088,35.194378
1413393213205760512.000000,0.000000,0.000000,15.783886,15.564906,0.113217,8.620657,7.484481,0.000928,35.678256
1413393213255760384.000000,0.000000,0.000000,14.726336,16.565016,0.105250,9.490428,9.327545,0.001248,35.233003
1413393213305760512.000000,0.000000,0.000000,14.431676,16.197043,0.107009,8.715922,7.584994,0.001216,34.781093
1413393213355760384.000000,0.000000,0.000000,15.588043,16.706426,0.115810,8.661233,7.665188,4.537819,36.670653
1413393213405760512.000000,0.000000,0.000000,13.753043,15.650828,0.107713,11.166994,8.560815,0.002368,33.713015
1413393213455760384.000000,0.000000,0.000000,16.317300,16.191283,0.109858,9.230808,9.461756,0.001152,37.440327
1413393213505760512.000000,0.000000,0.000000,13.760755,16.506871,0.102850,9.284824,9.592669,0.001472,34.988199
1413393213555760384.000000,0.000000,0.000000,16.436118,16.233236,0.112418,7.982440,7.633316,0.001280,37.017538
1413393213605760512.000000,0.000000,0.000000,15.191397,13.129547,0.114465,8.421454,8.850867,4.817406,32.472103
1413393213655760384.000000,0.000000,0.000000,15.649131,15.856846,0.106689,9.924385,9.526876,0.001536,35.616207
1413393213705760512.000000,0.000000,0.000000,16.226867,16.489910,0.108673,9.007286,10.937166,0.001600,36.949025
1413393213755760384.000000,0.000000,0.000000,14.906978,16.618968,0.110434,8.721489,8.250284,0.001152,35.618959
1413393213805760512.000000,0.000000,0.000000,15.167909,16.755930,0.110465,8.575856,9.728446,0.001088,36.020501
1413393213855760384.000000,0.000000,0.000000,14.882466,15.833678,0.108449,7.506274,9.762111,4.902112,34.848549
1413393213905760512.000000,0.000000,0.000000,15.463977,15.623532,0.107042,10.913294,11.416212,0.001440,35.266603
1413393213955760384.000000,0.000000,0.000000,14.143192,12.571587,0.116833,7.712996,10.037539,0.001408,31.016276
1413393214005760512.000000,0.000000,0.000000,15.525642,16.264212,0.135969,8.524431,10.503977,0.000832,36.138102
1413393214055760384.000000,0.000000,0.000000,14.015223,15.973872,0.115714,8.474286,9.544284,0.001056,34.170941
1413393214105760512.000000,0.000000,0.000000,13.773779,15.821166,0.109185,7.769702,9.677630,5.573129,33.756279
1413393214155760384.000000,0.000000,0.000000,14.383835,17.445219,0.105377,9.537244,9.896737,0.001344,37.009826
1413393214205760512.000000,0.000000,0.000000,15.117157,16.663161,0.113666,7.771141,10.192453,0.001760,35.867218
1413393214255760384.000000,0.000000,0.000000,13.806356,13.422607,0.107810,8.514831,9.980482,0.001184,31.189462
1413393214305760512.000000,0.000000,0.000000,14.717567,16.006032,0.116578,8.384045,10.959151,0.001504,34.943974
1413393214355760384.000000,0.000000,0.000000,13.797908,16.472342,0.108386,8.307884,10.906126,4.940672,34.402240
1413393214405760512.000000,0.000000,0.000000,14.929666,16.275924,0.113794,9.424923,9.440026,0.001504,35.495854
1413393214455760384.000000,0.000000,0.000000,16.994269,16.091090,0.109250,8.459855,9.776287,0.001408,37.190820
1413393214505760512.000000,0.000000,0.000000,13.910933,16.455574,0.105377,8.958453,11.078992,0.001056,34.697411
1413393214555760384.000000,0.000000,0.000000,14.119416,12.934473,0.113441,7.694660,9.969250,0.001408,31.412729
1413393214605760512.000000,0.000000,0.000000,15.966256,16.550264,0.109314,6.535733,10.260454,6.208433,37.227620
1413393214655760384.000000,0.000000,0.000000,15.338536,15.920303,0.105601,10.223525,10.838797,0.002208,35.499438
1413393214705760512.000000,0.000000,0.000000,15.906031,16.312565,0.111266,7.767622,11.617175,0.001536,36.572124
1413393214755760384.000000,0.000000,0.000000,17.155935,16.450391,0.108865,0.141986,12.439778,0.137698,38.645783
1413393214805760512.000000,0.000000,0.000000,14.518877,16.181874,0.102433,0.118882,11.893658,0.102529,34.793509
1413393214855760384.000000,0.000000,0.000000,15.520138,16.014801,0.115682,0.126113,14.728032,5.981838,35.489038
1413393214905760512.000000,0.000000,0.000000,13.478224,16.283188,0.107841,0.099937,17.232608,0.146722,33.890841
1413393214955760384.000000,0.000000,0.000000,14.628799,16.758650,0.110082,0.148002,17.609541,0.149730,37.156420
1413393215005760512.000000,0.000000,0.000000,16.263380,16.018545,0.104705,0.146274,17.030141,0.101089,36.501275
1413393215055760384.000000,0.000000,0.000000,16.601272,16.345205,0.109186,0.146466,17.566245,0.110338,36.879232
1413393215105760512.000000,0.000000,0.000000,14.284922,16.511639,0.112194,0.152034,17.968458,0.107585,35.128937
1413393215155760384.000000,0.000000,0.000000,14.287546,16.319221,0.104225,0.143906,17.115359,0.111458,34.751364
1413393215205760512.000000,0.000000,0.000000,17.487203,16.579672,0.108673,0.146274,17.948618,6.662935,38.226226
1413393215255760384.000000,0.000000,0.000000,16.033360,16.365941,0.114529,0.088161,17.303713,0.135810,38.003662
1413393215305760512.000000,0.000000,0.000000,16.382773,15.987472,0.109634,0.126529,14.265914,0.172290,36.569276
1413393215355760384.000000,0.000000,0.000000,14.811297,16.887612,0.106498,0.125569,16.243764,0.104482,37.314341
1413393215405760512.000000,0.000000,0.000000,16.190131,16.299860,0.114145,0.147810,17.442883,0.125538,36.578941
1413393215455760384.000000,0.000000,0.000000,15.230534,16.639417,0.092994,0.134594,17.557733,0.108193,36.021909
1413393215505760512.000000,0.000000,0.000000,15.705389,16.828699,0.109282,0.136418,17.068062,0.130818,36.689949
1413393215555760384.000000,0.000000,0.000000,15.179782,16.405013,0.109761,0.153762,16.839195,8.046313,35.633711
1413393215605760512.000000,0.000000,0.000000,14.187545,16.191827,0.109186,0.098785,16.892412,0.128258,34.498465
1413393215655760384.000000,0.000000,0.000000,14.982339,16.383061,0.113026,0.121506,13.174219,0.162434,35.453389
1413393215705760512.000000,0.000000,0.000000,13.564144,16.431893,0.129506,0.139394,16.496023,0.103361,33.997722
1413393215755760384.000000,0.000000,0.000000,13.484336,16.449654,0.104065,0.148546,17.093823,7.909991,34.115516
1413393215805760512.000000,0.000000,0.000000,15.282534,16.534327,0.111618,0.085025,15.834126,0.112578,36.016277
1413393215855760384.000000,0.000000,0.000000,16.834363,16.278676,0.113890,0.137345,13.335470,0.176418,37.189220
1413393215905760512.000000,0.000000,0.000000,14.944738,16.647001,0.112866,0.109345,14.720384,0.093633,35.515598
1413393215955760384.000000,0.000000,0.000000,15.944912,16.573208,0.116226,0.157506,17.942313,0.107553,36.802943
1413393216005760512.000000,0.000000,0.000000,15.194150,16.524791,0.105378,0.139426,17.014430,7.829670,35.755793
1413393216055760384.000000,0.000000,0.000000,15.551627,16.663609,0.108833,0.085666,16.512086,0.113857,37.804460
1413393216105760512.000000,0.000000,0.000000,15.253319,12.142270,0.115746,0.140450,14.508605,0.165538,31.514874
1413393216155760384.000000,0.000000,0.000000,13.575857,16.652985,0.106370,0.055265,12.293696,0.092290,34.147228
1413393216205760512.000000,0.000000,0.000000,14.345658,16.148562,0.102369,0.149762,18.182157,0.108290,34.519458
1413393216255760384.000000,0.000000,0.000000,13.518575,16.663353,0.112738,0.134146,17.734663,8.356013,34.135708
1413393216305760512.000000,0.000000,0.000000,14.728416,16.629784,0.104865,0.099233,18.384112,0.118786,35.656752
1413393216355760384.000000,0.000000,0.000000,14.361883,14.285018,0.117409,0.129249,14.145465,0.174339,32.827851
1413393216405760512.000000,0.000000,0.000000,15.844654,16.418582,0.115330,0.059329,12.507267,0.084801,36.225591
1413393216455760384.000000,0.000000,0.000000,16.640153,16.088753,0.099202,0.160450,18.037067,7.292479,36.548700
1413393216505760512.000000,0.000000,0.000000,18.369103,16.076914,0.110178,0.092001,17.830537,0.122242,38.499797
1413393216555760384.000000,0.000000,0.000000,15.471017,16.208275,0.108257,0.130785,13.504720,0.176322,62.147337
1413393216605760512.000000,0.000000,0.000000,14.196921,11.499542,0.091873,0.128545,13.124363,0.076769,55.329649
1413393216655760384.000000,0.000000,0.000000,17.391811,10.434216,0.119074,0.141633,17.451236,0.101665,51.186170
1413393216705760512.000000,0.000000,0.000000,14.841442,8.278795,0.068097,0.140961,18.142541,7.617219,43.696953
1413393216755760384.000000,0.000000,0.000000,14.284698,8.646512,0.071297,0.095873,17.693446,0.120066,42.785261
1413393216805760512.000000,0.000000,0.000000,15.960144,10.872366,0.083553,0.131618,14.310106,0.154594,51.502334
1413393216855760384.000000,0.000000,0.000000,16.325012,8.972309,0.082145,0.091521,16.606680,0.116769,47.101605
1413393216905760512.000000,0.000000,0.000000,15.652524,8.770610,0.087553,0.094210,16.001008,7.354304,45.214028
1413393216955760384.000000,0.000000,0.000000,14.950563,8.337004,0.088897,0.084481,16.092914,0.115266,45.033451
1413393217005760512.000000,0.000000,0.000000,13.601105,9.496604,0.086945,0.129314,13.616625,0.183746,42.598698
1413393217055760384.000000,0.000000,0.000000,15.182438,9.208120,0.089249,0.067873,15.514570,0.117569,45.137323
1413393217105760512.000000,0.000000,0.000000,14.011798,8.799955,0.077185,0.095201,16.030385,0.096769,47.536266
1413393217155760384.000000,0.000000,0.000000,16.580440,8.951604,0.106465,0.146242,18.418832,0.102082,48.868828
1413393217205760512.000000,0.000000,0.000000,15.957200,8.936564,0.087297,0.140450,18.715187,7.736485,45.938070
1413393217255760384.000000,0.000000,0.000000,14.349435,8.707121,0.090785,0.101057,19.278203,0.138882,42.116612
1413393217305760512.000000,0.000000,0.000000,14.570877,8.110441,0.096641,0.135426,15.103461,0.197090,42.692811
1413393217355760384.000000,0.000000,0.000000,16.386229,9.680126,0.098402,0.125249,13.904309,0.202371,47.792782
1413393217405760512.000000,0.000000,0.000000,15.058532,8.865396,0.097921,0.074113,13.543888,0.096289,48.809371
1413393217455760384.000000,0.000000,0.000000,14.882978,8.410093,0.094497,0.131490,17.202048,7.359392,46.286298
1413393217505760512.000000,0.000000,0.000000,15.233703,8.581295,0.107842,0.091873,18.606962,0.119330,46.483709
1413393217555760384.000000,0.000000,0.000000,14.095640,8.593424,0.090657,0.130721,14.748736,0.193603,42.476489
1413393217605760512.000000,0.000000,0.000000,14.783392,9.902401,0.098753,0.124738,14.203544,0.197603,47.214310
1413393217655760384.000000,0.000000,0.000000,13.678674,8.759282,0.087105,0.138849,12.570468,0.115617,46.174041
1413393217705760512.000000,0.000000,0.000000,15.320711,9.468892,0.088609,0.121922,14.647262,0.131170,49.311297
1413393217755760384.000000,0.000000,0.000000,16.662297,9.650109,0.074369,0.126658,14.582302,0.120705,50.195533
1413393217805760512.000000,0.000000,0.000000,15.159910,9.159895,0.093889,0.124034,14.829473,0.126945,47.084741
1413393217855760384.000000,0.000000,0.000000,14.047671,8.474255,0.078049,0.133506,14.633342,0.139938,45.465904
1413393217905760512.000000,0.000000,0.000000,15.280935,9.104503,0.086817,0.129282,14.674751,0.128801,43.892315
1413393217955760384.000000,0.000000,0.000000,17.116927,11.160945,0.098849,0.144130,13.630897,5.161475,54.240131
1413393218005760512.000000,0.000000,0.000000,14.927107,7.953832,0.085345,0.174018,20.122726,0.168546,46.316443
1413393218055760384.000000,0.000000,0.000000,16.622744,9.196696,0.092226,0.147810,22.657382,0.173250,51.146202
1413393218105760512.000000,0.000000,0.000000,14.839905,8.718673,0.094593,0.129569,22.352355,0.163746,44.454274
1413393218155760384.000000,0.000000,0.000000,15.466921,8.029960,0.106017,0.136482,22.470980,0.169442,45.646290
1413393218205760512.000000,0.000000,0.000000,14.951042,8.161067,0.102369,0.123265,21.692923,0.179139,49.027166
1413393218255760384.000000,0.000000,0.000000,15.059780,9.074486,0.093889,0.122881,22.432100,0.172642,50.826294
1413393218305760512.000000,0.000000,0.000000,13.262988,8.305357,0.097153,0.121890,21.178227,0.179778,43.901340
1413393218355760384.000000,0.000000,0.000000,15.444329,9.127223,0.102209,0.125889,20.179303,0.166466,47.739469
1413393218405760512.000000,0.000000,0.000000,15.390313,8.730738,0.103458,0.125250,20.653741,0.170466,46.120184
1413393218455760384.000000,0.000000,0.000000,15.928015,9.048566,0.104289,0.126498,21.735035,3.406540,51.795170
1413393218505760512.000000,0.000000,0.000000,15.182181,7.796453,0.097345,0.185443,22.420132,0.264003,46.328123
1413393218555760384.000000,0.000000,0.000000,15.175045,8.345516,0.109121,0.148610,18.413008,0.181410,45.533137
1413393218605760512.000000,0.000000,0.000000,16.396662,9.249656,0.110785,0.138722,17.383811,0.143170,46.515805
1413393218655760384.000000,0.000000,0.000000,15.980624,9.335066,0.064225,0.138978,17.314849,0.261027,48.746363
1413393218705760512.000000,0.000000,0.000000,13.803284,9.834496,0.118785,0.146498,15.980528,5.858892,51.633152
1413393218755760384.000000,0.000000,0.000000,14.101623,7.958344,0.067137,0.241987,19.409629,0.235523,44.902665
1413393218805760512.000000,0.000000,0.000000,15.380553,8.005544,0.103073,0.118850,17.560901,0.147618,45.728755
1413393218855760384.000000,0.000000,0.000000,13.421967,8.468142,0.124417,0.133953,17.612550,0.159458,46.629087
1413393218905760512.000000,0.000000,0.000000,14.715551,8.477551,0.116129,0.128674,16.945244,6.446804,44.906376
1413393218955760384.000000,0.000000,0.000000,15.078660,8.286444,0.116353,0.237603,19.188570,0.245059,50.191821
1413393219005760512.000000,0.000000,0.000000,16.076177,8.821938,0.107330,0.130466,17.921353,0.154146,50.239150
1413393219055760384.000000,0.000000,0.000000,16.314324,6.724632,0.087073,0.141410,18.982487,0.212323,46.580703
1413393219105760512.000000,0.000000,0.000000,15.021859,6.272210,0.090689,0.130754,17.565220,6.255217,38.075760
1413393219155760384.000000,0.000000,0.000000,16.278388,5.809612,0.120098,0.238179,19.480286,0.239107,38.328851
1413393219205760512.000000,0.000000,0.000000,16.131794,8.922964,0.145986,0.122177,17.682247,0.161250,49.936362
1413393219255760384.000000,0.000000,0.000000,18.045995,8.727601,0.149666,0.126242,17.736871,0.173730,48.634457
1413393219305760512.000000,0.000000,0.000000,15.069444,8.539599,0.135906,0.111969,16.496023,5.947725,46.694976
1413393219355760384.000000,0.000000,0.000000,15.825806,8.706226,0.144290,0.219331,18.558577,0.245348,45.811125
1413393219405760512.000000,0.000000,0.000000,15.779725,9.271321,0.140578,0.131073,18.100364,0.155778,47.236967
1413393219455760384.000000,0.000000,0.000000,16.162835,9.491451,0.140513,0.118722,18.104395,0.212867,48.479543
1413393219505760512.000000,0.000000,0.000000,13.545520,9.440827,0.148482,0.123457,16.724666,5.913421,44.631461
1413393219555760384.000000,0.000000,0.000000,15.673068,9.568445,0.151682,0.214435,18.996471,0.235971,54.306147
1413393219605760512.000000,0.000000,0.000000,17.060286,9.114646,0.152994,0.119906,17.864680,0.141282,48.063473
1413393219655760384.000000,0.000000,0.000000,16.515127,7.359520,0.142690,0.124162,17.570917,0.199139,42.904686
1413393219705760512.000000,0.000000,0.000000,14.624926,9.267193,0.157986,0.118433,15.445929,5.621481,44.775079
1413393219755760384.000000,0.000000,0.000000,15.066596,8.935252,0.151106,0.220387,19.270298,0.224515,46.038488
1413393219805760512.000000,0.000000,0.000000,17.481188,9.179671,0.150274,0.120449,17.534245,0.178915,48.657849
1413393219855760384.000000,0.000000,0.000000,15.161637,9.711295,0.153186,0.122081,17.333986,0.198466,46.511358
1413393219905760512.000000,0.000000,0.000000,14.241529,9.540668,0.152994,0.108802,15.941359,5.850284,53.383991
1413393219955760384.000000,0.000000,0.000000,15.287207,9.657565,0.218371,0.220067,18.243341,0.225187,46.497213
1413393220005760512.000000,0.000000,0.000000,16.588472,6.770712,0.130370,0.129154,17.829896,0.147266,41.242905
1413393220055760384.000000,0.000000,0.000000,14.269402,9.380506,0.156194,0.122561,18.086188,0.147553,44.509443
1413393220105760512.000000,0.000000,0.000000,14.403707,9.972162,0.162818,0.112194,16.220051,0.093090,53.677530
1413393220155760384.000000,0.000000,0.000000,14.977443,9.336346,0.140066,0.114146,17.558436,0.103137,44.588612
1413393220205760512.000000,0.000000,0.000000,14.846753,6.828985,0.132546,0.117474,18.794900,0.106113,39.840263
1413393220255760384.000000,0.000000,0.000000,15.349672,9.266681,0.172098,0.118594,18.484752,6.397587,43.737977
1413393220305760512.000000,0.000000,0.000000,15.846222,9.663390,0.093186,0.219779,21.776188,0.248067,48.072786
1413393220355760384.000000,0.000000,0.000000,14.618398,9.478972,0.093633,0.088353,17.800968,0.150146,53.240022
1413393220405760512.000000,0.000000,0.000000,13.102730,9.103478,0.137185,0.134338,18.508593,0.156099,43.130834
1413393220455760384.000000,0.000000,0.000000,14.797409,7.883783,0.147202,0.104193,18.138508,5.839980,42.006626
1413393220505760512.000000,0.000000,0.000000,14.752384,6.523477,0.131650,0.215363,19.846818,0.245507,37.779404
1413393220555760384.000000,0.000000,0.000000,14.474461,9.064886,0.157922,0.125409,18.891190,0.181250,46.309435
1413393220605760512.000000,0.000000,0.000000,15.453801,10.716556,0.165506,0.124513,19.779778,0.187138,56.686114
1413393220655760384.000000,0.000000,0.000000,15.739949,10.318790,0.096481,0.118625,19.258811,0.112162,49.278946
1413393220705760512.000000,0.000000,0.000000,15.700460,7.472897,0.136098,0.130370,19.477214,4.040981,42.092708
1413393220755760384.000000,0.000000,0.000000,15.848718,6.531669,0.073409,0.138274,21.575321,0.320964,39.247807
1413393220805760512.000000,0.000000,0.000000,17.727942,9.412219,0.165922,0.112834,19.705664,0.165826,56.979590
1413393220855760384.000000,0.000000,0.000000,15.650668,9.447291,0.168290,0.131970,21.417079,0.175426,47.462442
1413393220905760512.000000,0.000000,0.000000,15.197606,6.952987,0.126050,0.113090,21.321045,0.142882,40.206636
1413393220955760384.000000,0.000000,0.000000,14.859105,6.520181,0.124194,0.097537,18.790613,4.172759,40.395982
1413393221005760512.000000,0.000000,0.000000,14.741600,9.812704,0.158019,0.190274,22.187041,0.326469,46.464604
1413393221055760384.000000,0.000000,0.000000,16.406549,9.828607,0.159523,0.110498,19.310427,0.170850,56.587553
1413393221105760512.000000,0.000000,0.000000,18.644146,9.716606,0.149186,0.124609,19.765570,0.197218,50.739445
1413393221155760384.000000,0.000000,0.000000,14.801601,7.221566,0.137345,0.130497,18.598994,5.114275,41.039670
1413393221205760512.000000,0.000000,0.000000,15.604779,6.605526,0.134178,0.216226,19.277563,0.182083,43.341684
1413393221255760384.000000,0.000000,0.000000,16.067633,8.074985,0.148514,0.124962,18.180973,0.172131,51.852450
1413393221305760512.000000,0.000000,0.000000,14.536190,8.858483,0.126689,0.125730,18.391087,0.179682,43.967228
1413393221355760384.000000,0.000000,0.000000,15.425768,6.634999,0.128802,0.107649,16.184179,5.836332,40.354669
1413393221405760512.000000,0.000000,0.000000,16.115698,6.710711,0.149122,0.211618,19.606816,0.241411,42.884846
1413393221455760384.000000,0.000000,0.000000,15.056772,8.347532,0.139106,0.131042,17.428163,0.160034,43.961948
1413393221505760512.000000,0.000000,0.000000,16.349333,9.246776,0.160546,0.119010,18.234317,0.167202,48.618457
1413393221555760384.000000,0.000000,0.000000,16.061457,9.939842,0.168994,0.103234,15.445097,0.101185,56.792739
1413393221605760512.000000,0.000000,0.000000,15.071012,8.844979,0.145826,0.137314,18.209741,7.372736,47.901487
1413393221655760384.000000,0.000000,0.000000,17.849929,7.491105,0.138017,0.174979,19.501118,0.295107,45.214509
1413393221705760512.000000,0.000000,0.000000,14.947939,6.360339,0.134242,0.088257,17.196416,0.143554,39.898759
1413393221755760384.000000,0.000000,0.000000,16.402966,6.758360,0.148962,0.137506,17.489347,0.144546,41.142647
1413393221805760512.000000,0.000000,0.000000,16.891036,7.530850,0.151458,0.137442,16.387158,0.113058,53.280886
1413393221855760384.000000,0.000000,0.000000,15.868014,9.480411,0.160130,0.119010,17.121726,0.107713,48.526167
1413393221905760512.000000,0.000000,0.000000,14.875874,6.609494,0.136450,0.115362,16.647288,0.118241,41.077367
1413393221955760384.000000,0.000000,0.000000,15.264167,6.511349,0.119650,0.109442,17.236064,0.110977,40.632785
1413393222005760512.000000,0.000000,0.000000,15.540618,6.421364,0.129762,0.118210,17.401699,7.919719,41.253113
1413393222055760384.000000,0.000000,0.000000,16.384085,6.477301,0.135618,0.214658,21.562681,0.295523,42.035043
1413393222105760512.000000,0.000000,0.000000,14.529597,6.492020,0.159714,0.166626,19.391453,0.161986,40.080809
1413393222155760384.000000,0.000000,0.000000,16.914364,6.410516,0.137218,0.168515,18.903254,0.159458,42.754732
1413393222205760512.000000,0.000000,0.000000,16.302644,6.514485,0.167938,0.135394,19.579711,0.179715,42.128068
1413393222255760384.000000,0.000000,0.000000,17.322305,6.477556,0.131394,0.137602,17.332258,0.115106,43.027600
1413393222305760512.000000,0.000000,0.000000,14.797761,6.441268,0.146338,0.152834,19.718305,0.119522,44.586564
1413393222355760384.000000,0.000000,0.000000,16.506358,7.378464,0.118977,0.146753,19.179226,0.120001,48.597529
1413393222405760512.000000,0.000000,0.000000,18.100204,8.449518,0.155618,0.150146,18.697363,0.118497,53.859197
1413393222455760384.000000,0.000000,0.000000,15.029828,9.528764,0.161442,0.144290,17.352898,0.121410,51.769762
1413393222505760512.000000,0.000000,0.000000,14.642815,8.723313,0.149058,0.146145,18.908695,5.381062,50.748788
1413393222555760384.000000,0.000000,0.000000,15.123812,9.189655,0.151522,0.208195,20.304104,0.272836,50.526066
1413393222605760512.000000,0.000000,0.000000,15.232967,9.308185,0.159746,0.195939,18.561841,0.153922,51.576703
1413393222655760384.000000,0.000000,0.000000,15.825710,9.201656,0.152962,0.160834,17.476548,0.137762,50.794742
1413393222705760512.000000,0.000000,0.000000,14.741312,8.236043,0.147746,0.141633,17.660614,0.163906,47.847566
1413393222755760384.000000,0.000000,0.000000,14.669791,8.751666,0.155202,0.127426,16.603832,0.128545,48.591961
1413393222805760512.000000,0.000000,0.000000,15.672428,8.459822,0.157442,0.148322,20.041764,0.134562,53.760187
1413393222855760384.000000,0.000000,0.000000,13.502608,8.965876,0.183042,0.145506,18.606994,5.351910,49.820009
1413393222905760512.000000,0.000000,0.000000,18.349582,8.375629,0.178082,0.192162,20.716942,0.253219,50.041803
1413393222955760384.000000,0.000000,0.000000,22.993515,8.768082,0.143457,0.197602,17.521412,0.142690,53.770076
1413393223005760512.000000,0.000000,0.000000,19.558239,8.470030,0.163426,0.140994,17.017502,0.167746,48.606457
1413393223055760384.000000,0.000000,0.000000,14.127704,8.382445,0.156578,0.134273,18.347567,0.176066,48.020209
1413393223105760512.000000,0.000000,0.000000,15.857711,8.319244,0.082817,0.125313,16.626553,0.111394,48.719066
1413393223155760384.000000,0.000000,0.000000,14.362491,8.053577,0.145473,0.164738,19.693793,5.490184,44.711975
1413393223205760512.000000,0.000000,0.000000,13.031978,8.071465,0.183363,0.203683,18.538897,0.244036,43.579319
1413393223255760384.000000,0.000000,0.000000,15.554731,9.049334,0.199363,0.182818,16.376597,0.125473,52.495531
1413393223305760512.000000,0.000000,0.000000,16.550680,7.998313,0.158562,0.149378,16.619512,0.132162,48.606489
1413393223355760384.000000,0.000000,0.000000,16.267828,7.743205,0.158818,0.139010,17.161887,0.134209,46.549342
1413393223405760512.000000,0.000000,0.000000,15.722317,8.564687,0.172034,0.146754,16.547191,6.200464,48.092178
1413393223455760384.000000,0.000000,0.000000,16.016113,8.854515,0.194211,0.256900,18.947318,0.233475,53.422903
1413393223505760512.000000,0.000000,0.000000,17.053662,8.588623,0.088289,0.148098,16.457942,0.154882,50.135212
1413393223555760384.000000,0.000000,0.000000,17.019006,7.875750,0.162562,0.146914,17.187104,0.149378,47.446218
1413393223605760512.000000,0.000000,0.000000,14.502173,7.885863,0.163298,0.118722,15.636011,6.011822,44.791655
1413393223655760384.000000,0.000000,0.000000,15.847726,8.046985,0.161602,0.271524,18.647795,0.216131,50.916023
1413393223705760512.000000,0.000000,0.000000,15.085764,8.851187,0.199459,0.143266,16.838619,0.152994,46.736096
1413393223755760384.000000,0.000000,0.000000,15.648939,8.894356,0.220003,0.150178,16.677753,0.163522,47.472394
1413393223805760512.000000,0.000000,0.000000,15.527946,7.811398,0.196451,0.111329,14.877314,0.104961,46.242010
1413393223855760384.000000,0.000000,0.000000,13.274477,8.290156,0.204483,0.153474,17.170272,0.113698,48.619289
1413393223905760512.000000,0.000000,0.000000,17.421155,7.138364,0.184002,0.191907,16.855899,6.383635,47.125062
1413393223955760384.000000,0.000000,0.000000,15.311335,7.491554,0.168834,0.213155,18.789588,0.272228,45.333294
1413393224005760512.000000,0.000000,0.000000,23.346320,8.529839,0.174402,0.109346,16.793754,0.134818,54.326723
1413393224055760384.000000,0.000000,0.000000,12.742886,7.853542,0.167522,0.153602,17.513700,0.202947,46.106616
1413393224105760512.000000,0.000000,0.000000,14.466108,7.985768,0.191619,0.120386,15.862862,0.217475,46.641663
1413393224155760384.000000,0.000000,0.000000,15.543019,7.640099,0.174275,0.145954,16.609432,0.112449,45.512688
1413393224205760512.000000,0.000000,0.000000,16.406037,8.088266,0.168035,0.133826,16.748346,0.112418,46.867042
1413393224255760384.000000,0.000000,0.000000,14.071223,7.877222,0.191554,0.148002,15.734509,0.112577,48.452407
1413393224305760512.000000,0.000000,0.000000,15.771021,8.225099,0.181058,0.134978,16.162674,6.666391,47.345897
1413393224355760384.000000,0.000000,0.000000,15.780397,8.157066,0.187618,0.086945,17.461508,0.138210,46.515677
1413393224405760512.000000,0.000000,0.000000,14.396604,7.653219,0.184003,0.158274,18.507185,0.148321,44.794631
1413393224455760384.000000,0.000000,0.000000,13.968726,7.096572,0.163554,0.146722,14.989155,0.153314,41.954754
1413393224505760512.000000,0.000000,0.000000,14.415323,8.006377,0.172098,0.123618,15.043204,0.110818,44.522148
1413393224555760384.000000,0.000000,0.000000,14.663999,8.924756,0.191714,0.134274,15.956687,0.110177,47.013316
1413393224605760512.000000,0.000000,0.000000,15.606379,8.522063,0.180866,0.139682,17.358018,0.121249,53.675099
1413393224655760384.000000,0.000000,0.000000,16.300180,9.070998,0.095137,0.131682,16.009297,0.111234,52.308329
1413393224705760512.000000,0.000000,0.000000,15.957679,8.083529,0.172162,0.130434,16.760602,0.112866,46.594782
1413393224755760384.000000,0.000000,0.000000,14.673343,7.363264,0.087553,0.128002,17.136287,5.920653,45.429135
1413393224805760512.000000,0.000000,0.000000,15.637740,7.560162,0.165186,0.173410,17.458915,0.282692,51.761090
1413393224855760384.000000,0.000000,0.000000,18.490097,6.893050,0.186946,0.089569,15.825679,0.134178,50.257294
1413393224905760512.000000,0.000000,0.000000,14.971235,6.946970,0.180099,0.128065,15.469002,0.136514,45.715123
1413393224955760384.000000,0.000000,0.000000,15.607755,7.329376,0.188835,0.130274,17.311937,0.152418,47.585035
1413393225005760512.000000,0.000000,0.000000,17.143423,7.089532,0.186019,0.118466,15.666764,0.114818,48.228500
1413393225055760384.000000,0.000000,0.000000,15.016196,7.902983,0.062017,0.123617,16.482167,0.110306,50.922615
1413393225105760512.000000,0.000000,0.000000,16.000624,6.710295,0.187746,0.132578,17.275041,5.953422,49.336579
1413393225155760384.000000,0.000000,0.000000,16.250259,6.584725,0.086017,0.204003,19.600255,0.277028,47.425449
1413393225205760512.000000,0.000000,0.000000,16.058962,5.888332,0.170978,0.143233,16.347349,0.146722,48.412663
1413393225255760384.000000,0.000000,0.000000,14.778529,7.708740,0.176290,0.131426,15.996368,0.145058,48.679802
1413393225305760512.000000,0.000000,0.000000,17.923402,7.551426,0.167682,0.138370,16.765722,0.168034,52.909489
1413393225355760384.000000,0.000000,0.000000,16.753370,6.201072,0.184547,0.114498,15.695660,5.856941,50.370800
1413393225405760512.000000,0.000000,0.000000,14.357339,6.127600,0.166018,0.238467,18.203725,0.225763,44.630404
1413393225455760384.000000,0.000000,0.000000,16.098545,6.483028,0.175811,0.125858,16.661497,0.164674,47.303720
1413393225505760512.000000,0.000000,0.000000,15.858351,6.907354,0.172579,0.133762,17.176736,0.192323,51.108153
1413393225555760384.000000,0.000000,0.000000,15.720780,6.543829,0.185795,0.112802,15.925359,0.128545,46.587071
1413393225605760512.000000,0.000000,0.000000,14.361083,6.811993,0.157186,0.135426,17.277761,5.945358,44.376962
1413393225655760384.000000,0.000000,0.000000,15.153285,6.952602,0.157282,0.167363,20.224743,0.292612,45.283117
1413393225705760512.000000,0.000000,0.000000,15.085220,7.274014,0.175234,0.124706,17.621541,0.146210,49.178944
1413393225755760384.000000,0.000000,0.000000,15.583115,6.846873,0.166435,0.135618,17.368258,0.180482,46.928611
1413393225805760512.000000,0.000000,0.000000,13.115915,7.094941,0.157986,0.097250,16.244851,0.165442,42.517162
1413393225855760384.000000,0.000000,0.000000,15.714348,8.562832,0.165666,0.125058,17.222944,6.072943,47.150758
1413393225905760512.000000,0.000000,0.000000,13.365966,8.124330,0.161602,0.168258,16.466903,0.226338,41.553340
1413393225955760384.000000,0.000000,0.000000,15.910351,9.337978,0.183683,0.133538,15.658348,0.143842,55.685813
1413393226005760512.000000,0.000000,0.000000,17.403907,7.881767,0.170434,0.120225,17.090047,0.171010,49.726184
1413393226055760384.000000,0.000000,0.000000,14.459292,7.850662,0.167523,0.115713,14.960899,6.402195,44.247872
1413393226105760512.000000,0.000000,0.000000,14.986020,8.139018,0.153986,0.245955,16.764762,0.192547,44.866984
1413393226155760384.000000,0.000000,0.000000,15.874703,9.415674,0.156098,0.125665,16.767419,0.155778,46.303579
1413393226205760512.000000,0.000000,0.000000,15.108933,9.166007,0.156738,0.123522,17.022077,0.185091,45.826868
1413393226255760384.000000,0.000000,0.000000,16.216308,8.766546,0.155522,0.108193,15.232486,5.519304,46.133880
1413393226305760512.000000,0.000000,0.000000,14.971458,9.976929,0.184674,0.213667,17.492228,0.184834,46.775233
1413393226355760384.000000,0.000000,0.000000,15.644524,9.763263,0.170370,0.129569,16.526712,0.170723,55.368976
1413393226405760512.000000,0.000000,0.000000,15.705869,8.679313,0.087170,0.115074,16.480918,0.185474,51.100505
1413393226455760384.000000,0.000000,0.000000,16.986525,7.975784,0.177090,0.099169,14.698368,6.386003,49.454468
1413393226505760512.000000,0.000000,0.000000,17.172831,8.214955,0.167202,0.259235,17.938538,0.184610,49.157311
1413393226555760384.000000,0.000000,0.000000,14.448476,7.811814,0.162466,0.129986,18.290638,0.176899,46.713920
1413393226605760512.000000,0.000000,0.000000,15.480617,8.178282,0.162178,0.124353,17.373794,0.158658,45.494705
1413393226655760384.000000,0.000000,0.000000,14.986211,9.125943,0.173826,0.102689,15.447433,6.350803,48.850812
1413393226705760512.000000,0.000000,0.000000,14.597246,8.959253,0.177027,0.224995,17.756071,0.224323,47.259848
1413393226755760384.000000,0.000000,0.000000,15.220934,9.323193,0.175362,0.123233,17.043902,0.165730,47.908111
1413393226805760512.000000,0.000000,0.000000,14.453308,8.967893,0.161378,0.115841,16.659033,0.181826,45.545809
1413393226855760384.000000,0.000000,0.000000,15.614604,9.748447,0.184802,0.115042,15.558026,5.941677,54.098560
1413393226905760512.000000,0.000000,0.000000,16.086321,7.801542,0.158018,0.217986,18.030603,0.184835,49.132287
1413393226955760384.000000,0.000000,0.000000,13.174188,8.119402,0.172162,0.124673,17.876489,0.172674,45.060459
1413393227005760512.000000,0.000000,0.000000,16.827099,8.001000,0.152450,0.121954,17.919945,0.178914,46.840834
1413393227055760384.000000,0.000000,0.000000,14.969475,8.300972,0.090722,0.100673,15.787374,0.108386,45.714835
1413393227105760512.000000,0.000000,0.000000,16.765754,8.749778,0.157922,0.124866,18.435760,7.107741,46.572286
1413393227155760384.000000,0.000000,0.000000,17.896393,10.213317,0.183907,0.166658,21.692955,0.338756,52.818896
1413393227205760512.000000,0.000000,0.000000,15.888687,9.649213,0.170147,0.102722,15.686412,0.132098,53.903357
1413393227255760384.000000,0.000000,0.000000,16.635929,8.703378,0.160738,0.117665,16.180147,0.157762,50.943415
1413393227305760512.000000,0.000000,0.000000,14.203769,7.864519,0.163490,0.091809,16.295252,0.210659,44.626180
1413393227355760384.000000,0.000000,0.000000,14.983203,8.365453,0.153314,0.108482,16.277844,8.116906,45.051435
1413393227405760512.000000,0.000000,0.000000,14.982403,9.023413,0.157058,0.166754,17.952714,0.260995,46.958627
1413393227455760384.000000,0.000000,0.000000,15.163781,8.711026,0.147010,0.087522,17.130559,0.146850,45.062283
1413393227505760512.000000,0.000000,0.000000,15.962928,9.644989,0.176482,0.111426,17.442211,0.194530,55.422001
1413393227555760384.000000,0.000000,0.000000,13.531408,7.796454,0.067232,0.105025,16.629848,0.171170,44.579045
1413393227605760512.000000,0.000000,0.000000,15.245447,8.391757,0.155266,0.099649,15.963152,7.455201,44.959209
1413393227655760384.000000,0.000000,0.000000,15.753677,7.877318,0.137346,0.197315,17.949321,0.270372,44.356514
1413393227705760512.000000,0.000000,0.000000,13.974710,8.231083,0.138978,0.119361,15.784654,0.194658,44.277057
1413393227755760384.000000,0.000000,0.000000,15.055715,9.008501,0.149378,0.112450,16.522071,0.181762,51.237115
1413393227805760512.000000,0.000000,0.000000,14.408380,8.902836,0.164770,0.113442,14.918146,7.300639,47.072036
1413393227855760384.000000,0.000000,0.000000,17.052190,8.651217,0.164002,0.265316,17.195199,0.242980,45.349518
1413393227905760512.000000,0.000000,0.000000,12.934152,8.760754,0.158530,0.109186,16.139890,0.167587,43.610904
1413393227955760384.000000,0.000000,0.000000,14.640735,8.272460,0.142946,0.103681,15.836783,0.189507,47.357160
1413393228005760512.000000,0.000000,0.000000,14.729440,8.549648,0.085825,0.081537,11.519318,0.133250,46.846817
1413393228055760384.000000,0.000000,0.000000,15.276423,8.230700,0.075233,0.109377,12.755494,0.132545,45.012074
1413393228105760512.000000,0.000000,0.000000,15.699148,8.256940,0.146978,0.104737,12.414114,0.163778,48.548343
1413393228155760384.000000,0.000000,0.000000,15.660492,8.603504,0.072449,0.097889,12.510019,0.156386,43.513591
1413393228205760512.000000,0.000000,0.000000,15.036484,9.485852,0.079713,0.094338,12.649028,0.144386,46.425116
1413393228255760384.000000,0.000000,0.000000,14.097431,9.508795,0.145922,0.097985,11.968636,0.150402,51.491742
1413393228305760512.000000,0.000000,0.000000,16.216403,8.570288,0.075745,0.107233,12.109822,11.192914,48.687289
1413393228355760384.000000,0.000000,0.000000,15.633291,9.189304,0.161858,0.232899,16.383094,0.244867,46.468893
1413393228405760512.000000,0.000000,0.000000,18.941239,9.144311,0.154498,0.117058,15.617003,0.212002,50.322511
1413393228455760384.000000,0.000000,0.000000,14.563614,9.400378,0.138434,0.117218,14.589854,0.158466,49.070175
1413393228505760512.000000,0.000000,0.000000,13.271245,9.516892,0.159714,0.128994,13.340814,0.136162,43.899611
1413393228555760384.000000,0.000000,0.000000,15.030179,10.573546,0.155778,0.118338,14.475836,0.135202,47.050981
1413393228605760512.000000,0.000000,0.000000,16.747226,10.047522,0.148962,0.109634,14.658271,0.135234,47.235335
1413393228655760384.000000,0.000000,0.000000,16.345237,11.480437,0.153122,0.112033,14.181945,0.139970,54.999980
1413393228705760512.000000,0.000000,0.000000,14.575773,10.088611,0.151586,0.110466,13.683954,0.135041,46.757280
1413393228755760384.000000,0.000000,0.000000,17.083326,9.785376,0.150114,0.105474,13.403566,0.137186,50.370544
1413393228805760512.000000,0.000000,0.000000,13.454383,9.000981,0.137122,0.107234,13.797907,10.752780,42.297479
1413393228855760384.000000,0.000000,0.000000,14.006486,9.026902,0.150498,0.259587,16.909084,0.336261,42.626475
1413393228905760512.000000,0.000000,0.000000,16.004240,9.401146,0.146018,0.098049,13.591249,0.159746,44.326017
1413393228955760384.000000,0.000000,0.000000,16.475670,10.059971,0.154946,0.118913,14.018519,0.195043,48.712986
1413393229005760512.000000,0.000000,0.000000,15.908463,10.468552,0.160930,0.093889,13.350062,0.185762,47.054020
1413393229055760384.000000,0.000000,0.000000,15.241831,10.965391,0.167330,0.128450,13.780787,11.475381,47.622860
1413393229105760512.000000,0.000000,0.000000,16.522487,10.546953,0.160738,0.271747,17.543524,0.336260,54.597735
1413393229155760384.000000,0.000000,0.000000,16.287700,8.337453,0.140994,0.125729,14.024471,0.185123,47.093093
1413393229205760512.000000,0.000000,0.000000,16.857851,8.993301,0.160418,0.106337,13.051242,0.167235,46.854658
1413393229255760384.000000,0.000000,0.000000,14.517501,10.223525,0.151970,0.090209,13.535568,0.159810,44.902185
1413393229305760512.000000,0.000000,0.000000,14.990243,9.215032,0.157218,0.101601,11.618295,10.458408,46.243162
1413393229355760384.000000,0.000000,0.000000,15.483722,9.159735,0.095649,0.272100,16.042385,0.305668,45.069003
1413393229405760512.000000,0.000000,0.000000,15.931471,9.987970,0.151970,0.116098,14.406523,0.188066,46.906018
1413393229455760384.000000,0.000000,0.000000,16.770906,10.710348,0.169218,0.108097,13.958294,0.184771,55.213263
1413393229505760512.000000,0.000000,0.000000,15.971024,8.888115,0.144514,0.089313,13.060010,10.170340,49.437699
1413393229555760384.000000,0.000000,0.000000,20.851919,8.770387,0.167139,0.231843,15.586091,0.174723,50.750741
1413393229605760512.000000,0.000000,0.000000,17.961194,8.664976,0.156514,0.125026,14.515709,0.205922,46.623391
1413393229655760384.000000,0.000000,0.000000,14.506045,8.903156,0.159394,0.105409,13.730899,0.230051,44.918441
1413393229705760512.000000,0.000000,0.000000,14.816353,8.590896,0.159042,0.089346,11.866842,12.129342,49.475748
1413393229755760384.000000,0.000000,0.000000,15.755885,8.528975,0.166146,0.288228,19.424157,0.207746,47.367945
1413393229805760512.000000,0.000000,0.000000,14.838273,8.957941,0.157378,0.134338,15.357224,0.178819,45.284014
1413393229855760384.000000,0.000000,0.000000,15.536394,8.332204,0.144226,0.118498,14.737760,0.182851,45.856085
1413393229905760512.000000,0.000000,0.000000,16.376662,9.101014,0.152802,0.094753,11.543734,9.981986,46.031416
1413393229955760384.000000,0.000000,0.000000,15.665836,9.281977,0.161282,0.239651,15.267430,0.172002,52.533644
1413393230005760512.000000,0.000000,0.000000,15.473673,8.462094,0.158914,0.113921,12.049373,0.155810,49.141727
1413393230055760384.000000,0.000000,0.000000,16.500086,8.646928,0.173122,0.085217,9.914881,0.145890,47.802351
1413393230105760512.000000,0.000000,0.000000,16.420245,9.350265,0.156514,0.060129,7.853798,3.193450,48.117523
1413393230155760384.000000,0.000000,0.000000,15.456617,9.002005,0.156930,0.081825,9.204152,0.083265,45.313166
1413393230205760512.000000,0.000000,0.000000,15.255527,9.117910,0.157474,0.068193,10.619818,0.080609,52.002853
1413393230255760384.000000,0.000000,0.000000,15.996208,7.817766,0.165090,0.034688,8.563215,4.644220,44.208256
1413393230305760512.000000,0.000000,0.000000,15.554506,8.239372,0.153762,0.091105,10.050179,0.066209,44.150335
1413393230355760384.000000,0.000000,0.000000,15.292423,9.090295,0.161730,0.062785,11.401460,0.081921,46.018775
1413393230405760512.000000,0.000000,0.000000,16.745786,9.604413,0.157506,0.065345,9.572956,0.071425,52.140710
1413393230455760384.000000,0.000000,0.000000,17.274625,8.578480,0.165666,0.077377,11.806554,0.071041,47.462058
1413393230505760512.000000,0.000000,0.000000,14.662591,8.759186,0.159906,0.063073,12.633316,0.073185,44.957993
1413393230555760384.000000,0.000000,0.000000,14.974915,8.299756,0.153666,0.066049,11.502806,16.961309,45.204493
1413393230605760512.000000,0.000000,0.000000,15.326855,8.325740,0.147682,0.256900,16.030320,0.188290,49.182560
1413393230655760384.000000,0.000000,0.000000,15.596363,8.411021,0.080801,0.132162,15.491433,0.147490,46.313179
1413393230705760512.000000,0.000000,0.000000,13.968021,8.363756,0.144738,0.137825,14.925891,0.153474,43.698712
1413393230755760384.000000,0.000000,0.000000,15.573963,8.388493,0.151202,0.112482,14.711327,0.151714,45.277518
1413393230805760512.000000,0.000000,0.000000,14.408955,9.036501,0.150946,0.069281,14.400507,0.140802,48.785915
1413393230855760384.000000,0.000000,0.000000,14.731487,8.792211,0.082433,0.109730,14.113175,0.145794,46.547838
1413393230905760512.000000,0.000000,0.000000,15.379656,10.981551,0.081665,0.105442,13.646769,0.144706,49.773832
1413393230955760384.000000,0.000000,0.000000,16.688346,9.111542,0.148226,0.103586,12.907336,0.154658,47.808526
1413393231005760512.000000,0.000000,0.000000,16.457718,9.007829,0.151778,0.094658,12.649700,0.138658,51.739393
1413393231055760384.000000,0.000000,0.000000,16.567095,9.056278,0.169250,0.096897,11.896347,12.126142,48.244180
1413393231105760512.000000,0.000000,0.000000,16.205267,9.142679,0.153538,0.304548,19.067096,0.333989,45.740436
1413393231155760384.000000,0.000000,0.000000,15.640619,8.428398,0.160418,0.154690,16.575576,0.189538,45.373199
1413393231205760512.000000,0.000000,0.000000,16.247508,7.735109,0.167522,0.151106,16.521175,0.182115,50.155629
1413393231255760384.000000,0.000000,0.000000,14.856961,7.700388,0.162082,0.121954,14.832225,0.174754,45.596690
1413393231305760512.000000,0.000000,0.000000,15.364264,8.009129,0.149154,0.179235,16.267635,0.143874,46.167481
1413393231355760384.000000,0.000000,0.000000,16.432086,9.059414,0.159618,0.144962,15.485066,0.147938,48.071506
1413393231405760512.000000,0.000000,0.000000,15.263719,8.572111,0.155682,0.144546,16.054897,0.155042,44.044701
1413393231455760384.000000,0.000000,0.000000,15.586059,10.306310,0.178754,0.134818,15.251782,0.143650,55.890519
1413393231505760512.000000,0.000000,0.000000,15.757645,9.147543,0.152674,0.138177,15.387529,0.145858,52.011493
1413393231555760384.000000,0.000000,0.000000,15.180006,8.838483,0.153282,0.137474,15.929999,7.027803,43.289235
1413393231605760512.000000,0.000000,0.000000,17.881705,9.223704,0.152898,0.280772,18.274158,0.251139,47.913168
1413393231655760384.000000,0.000000,0.000000,13.553969,10.040163,0.165794,0.173570,16.376149,0.159042,46.298843
1413393231705760512.000000,0.000000,0.000000,14.673279,10.095523,0.181954,0.156802,15.817678,0.154082,53.575033
1413393231755760384.000000,0.000000,0.000000,15.926032,8.721778,0.138082,0.127138,15.722348,0.174658,47.723949
1413393231805760512.000000,0.000000,0.000000,16.224915,8.752050,0.214690,0.194915,16.776218,0.137986,46.964452
1413393231855760384.000000,0.000000,0.000000,16.551671,9.634270,0.165314,0.169218,17.241153,0.147490,48.458327
1413393231905760512.000000,0.000000,0.000000,15.420425,8.976181,0.194211,0.179555,16.122578,0.147906,45.711731
1413393231955760384.000000,0.000000,0.000000,16.174003,9.651934,0.171618,0.169634,15.528810,0.141026,53.620602
1413393232005760512.000000,0.000000,0.000000,14.327195,8.979157,0.156866,0.157666,16.179187,0.150658,46.241626
1413393232055760384.000000,0.000000,0.000000,15.101636,8.719314,0.156194,0.140034,14.688991,7.149501,44.473187
1413393232105760512.000000,0.000000,0.000000,15.577835,9.384314,0.154146,0.296580,16.806523,0.217155,46.367227
1413393232155760384.000000,0.000000,0.000000,17.480580,8.745650,0.156226,0.173538,15.722093,0.155394,52.843888
1413393232205760512.000000,0.000000,0.000000,15.485962,9.503099,0.159234,0.153314,14.653631,0.145890,47.238727
1413393232255760384.000000,0.000000,0.000000,15.664908,9.484795,0.158178,0.122786,14.670655,0.180994,46.032279
1413393232305760512.000000,0.000000,0.000000,15.934480,10.340007,0.160098,0.184899,16.633528,0.146562,46.880194
1413393232355760384.000000,0.000000,0.000000,16.018160,9.795136,0.156066,0.151394,15.709197,0.146338,41.891170
1413393232405760512.000000,0.000000,0.000000,15.865039,10.468872,0.158402,0.149890,15.270470,6.803193,46.802370
1413393232455760384.000000,0.000000,0.000000,14.315771,9.858464,0.158978,0.266563,18.859542,0.254692,39.985192
1413393232505760512.000000,0.000000,0.000000,15.694092,9.386331,0.162147,0.165090,16.287540,0.165922,42.243558
1413393232555760384.000000,0.000000,0.000000,14.467709,9.211160,0.157250,0.153634,16.664473,0.177379,41.096887
1413393232605760512.000000,0.000000,0.000000,16.592440,10.211013,0.168802,0.147522,16.471158,0.143138,43.644664
1413393232655760384.000000,0.000000,0.000000,15.234055,10.615914,0.162626,0.196866,15.980272,0.265700,53.770428
1413393232705760512.000000,0.000000,0.000000,17.114655,8.149130,0.186530,0.167522,16.285556,0.130530,46.327291
1413393232755760384.000000,0.000000,0.000000,18.011851,8.975924,0.171394,0.166658,17.367778,0.146402,47.548779
1413393232805760512.000000,0.000000,0.000000,17.949609,9.782624,0.161986,0.173090,16.832603,0.136706,46.983268
1413393232855760384.000000,0.000000,0.000000,16.786906,8.858324,0.172322,0.170690,16.583800,5.617609,43.558359
1413393232905760512.000000,0.000000,0.000000,17.135327,9.689790,0.175202,0.267811,18.449264,0.257476,45.979543
1413393232955760384.000000,0.000000,0.000000,17.237376,11.257843,0.176418,0.169154,17.017150,0.184067,47.960721
1413393233005760512.000000,0.000000,0.000000,16.532183,9.753439,0.172419,0.165026,16.331605,0.182210,45.153867
1413393233055760384.000000,0.000000,0.000000,14.809665,9.620957,0.174658,0.133762,16.001616,0.271972,42.700108
1413393233105760512.000000,0.000000,0.000000,18.427183,9.998626,0.169186,0.218339,17.775911,0.136642,46.546206
1413393233155760384.000000,0.000000,0.000000,17.683975,10.625450,0.114817,0.161570,17.037598,0.141698,57.331755
1413393233205760512.000000,0.000000,0.000000,17.847912,8.828147,0.100578,0.186082,17.302273,0.144354,48.902397
1413393233255760384.000000,0.000000,0.000000,16.202163,8.777875,0.095777,0.187075,18.297966,0.144674,43.402677
1413393233305760512.000000,0.000000,0.000000,14.515677,9.561085,0.195523,0.184131,17.780935,0.142690,42.911502
1413393233355760384.000000,0.000000,0.000000,13.970646,9.712638,0.176962,0.174018,16.777755,5.554248,47.283783
1413393233405760512.000000,0.000000,0.000000,14.449724,11.918459,0.195426,0.271844,18.009962,0.279972,56.351069
1413393233455760384.000000,0.000000,0.000000,16.716953,10.160068,0.200482,0.163266,17.063582,0.148962,49.888169
1413393233505760512.000000,0.000000,0.000000,17.694086,11.245299,0.187587,0.165954,17.342882,0.171394,48.132178
1413393233555760384.000000,0.000000,0.000000,16.354037,9.391834,0.174947,0.178562,17.598629,0.195330,43.404149
1413393233605760512.000000,0.000000,0.000000,15.181477,10.023107,0.182435,0.108194,16.646616,0.142530,41.959427
1413393233655760384.000000,0.000000,0.000000,16.207923,9.689310,0.161954,0.176962,17.624006,0.138018,52.303048
1413393233705760512.000000,0.000000,0.000000,15.899791,9.488572,0.086849,0.189827,17.399810,0.137921,46.614719
1413393233755760384.000000,0.000000,0.000000,16.181523,9.876481,0.165698,0.172418,17.086527,0.147522,45.262638
1413393233805760512.000000,0.000000,0.000000,14.435388,9.126039,0.173699,0.173570,17.152032,0.136066,42.367464
1413393233855760384.000000,0.000000,0.000000,17.081599,11.196722,0.192035,0.184130,17.324930,5.058242,56.038617
1413393233905760512.000000,0.000000,0.000000,14.272378,8.811315,0.171203,0.225891,17.299265,0.229571,43.616760
1413393233955760384.000000,0.000000,0.000000,15.934863,11.913819,0.185634,0.154626,16.547511,0.162370,47.059588
1413393234005760512.000000,0.000000,0.000000,14.912290,9.882721,0.143554,0.162242,16.737562,0.162371,43.157810
1413393234055760384.000000,0.000000,0.000000,16.942173,11.238834,0.161986,0.163714,17.291457,0.249923,57.169384
1413393234105760512.000000,0.000000,0.000000,15.546251,11.478837,0.160802,0.118210,17.355298,0.128322,51.537791
1413393234155760384.000000,0.000000,0.000000,13.986262,10.367463,0.195170,0.194626,17.830984,0.137346,43.799258
1413393234205760512.000000,0.000000,0.000000,15.672908,9.787295,0.181154,0.168098,17.049726,5.610409,44.895080
1413393234255760384.000000,0.000000,0.000000,12.764390,9.548060,0.149282,0.121730,18.220365,0.150690,48.268757
1413393234305760512.000000,0.000000,0.000000,13.097739,7.883719,0.165283,0.155842,14.328123,0.205539,40.945909
1413393234355760384.000000,0.000000,0.000000,10.689036,4.730877,0.146466,0.152001,12.909256,0.199491,31.951328
1413393234405760512.000000,0.000000,0.000000,11.752441,5.628937,0.144354,0.124194,11.736313,0.170178,31.497882
1413393234455760384.000000,0.000000,0.000000,11.114225,2.898918,0.121153,0.120642,17.675846,0.136770,29.142332
1413393234505760512.000000,0.000000,0.000000,11.870426,2.674723,0.104833,0.185346,18.177581,0.143553,27.987468
1413393234555760384.000000,0.000000,0.000000,11.359700,3.481262,0.140290,0.175139,18.214221,0.148066,29.710818
1413393234605760512.000000,0.000000,0.000000,11.493557,2.446911,0.092962,0.173474,16.144178,5.523144,31.222231
1413393234655760384.000000,0.000000,0.000000,15.755821,5.494087,0.141442,0.205954,17.982699,0.315844,35.605647
1413393234705760512.000000,0.000000,0.000000,13.315597,6.600758,0.162562,0.150402,17.259585,0.164482,35.809266
1413393234755760384.000000,0.000000,0.000000,11.412436,9.184280,0.167906,0.160738,17.401730,0.200387,34.789221
1413393234805760512.000000,0.000000,0.000000,14.296602,10.738380,0.180738,0.159362,17.976874,0.181666,41.732767
1413393234855760384.000000,0.000000,0.000000,15.433481,12.471267,0.190691,0.099457,15.729901,0.126561,45.478992
1413393234905760512.000000,0.000000,0.000000,16.435286,13.010666,0.187682,0.166434,18.281966,0.145954,62.400044
1413393234955760384.000000,0.000000,0.000000,14.831681,7.358560,0.138722,0.193186,17.770888,0.143394,43.329140
1413393235005760512.000000,0.000000,0.000000,14.384859,8.347085,0.176674,0.166914,17.924842,0.146402,43.049232
1413393235055760384.000000,0.000000,0.000000,14.052471,9.320313,0.188003,0.157634,17.437539,0.137249,43.040976
1413393235105760512.000000,0.000000,0.000000,13.805812,8.790098,0.171202,0.171554,17.867625,6.681079,41.977603
1413393235155760384.000000,0.000000,0.000000,14.734912,10.643883,0.193987,0.256004,18.882518,0.337924,44.301121
1413393235205760512.000000,0.000000,0.000000,16.237011,10.658283,0.186306,0.136194,16.497207,0.139202,45.707347
1413393235255760384.000000,0.000000,0.000000,20.397130,11.202610,0.188546,0.164322,17.158399,0.172738,50.226798
1413393235305760512.000000,0.000000,0.000000,16.158931,11.015951,0.197058,0.171490,17.228320,0.185347,44.803975
1413393235355760384.000000,0.000000,0.000000,14.586173,10.570889,0.195906,0.091073,16.552920,0.146466,42.642891
1413393235405760512.000000,0.000000,0.000000,16.736122,9.111894,0.201027,0.158882,16.931612,0.129090,54.603815
1413393235455760384.000000,0.000000,0.000000,15.397577,8.077449,0.188387,0.148194,16.492886,6.948954,47.927824
1413393235505760512.000000,0.000000,0.000000,15.480106,8.509998,0.187650,0.177603,18.233549,0.288900,45.576081
1413393235555760384.000000,0.000000,0.000000,16.997341,8.732754,0.176003,0.140162,16.998461,0.147938,47.137990
1413393235605760512.000000,0.000000,0.000000,16.264692,9.710303,0.174306,0.163042,17.310337,0.170530,45.100971
1413393235655760384.000000,0.000000,0.000000,16.000048,8.230795,0.190818,0.172387,16.246931,0.184130,45.242797
1413393235705760512.000000,0.000000,0.000000,17.867432,8.573360,0.179426,0.094274,16.214419,0.131266,46.622975
1413393235755760384.000000,0.000000,0.000000,16.698905,9.046390,0.217219,0.159042,18.408944,0.140002,46.691296
1413393235805760512.000000,0.000000,0.000000,16.996990,10.638218,0.179586,0.171362,16.843931,0.147522,47.535627
1413393235855760384.000000,0.000000,0.000000,17.189344,8.638769,0.182019,0.160162,17.570469,6.854777,45.980119
1413393235905760512.000000,0.000000,0.000000,16.111730,10.228645,0.181154,0.231523,20.139718,0.275683,53.878877
1413393235955760384.000000,0.000000,0.000000,14.594750,8.119530,0.198946,0.126497,17.540837,0.141922,46.203001
1413393236005760512.000000,0.000000,0.000000,15.817870,8.205227,0.184355,0.167618,16.013488,0.181507,45.333838
1413393236055760384.000000,0.000000,0.000000,14.994851,7.776677,0.165154,0.151810,16.595864,0.182883,41.904962
1413393236105760512.000000,0.000000,0.000000,14.955555,8.222955,0.168546,0.085441,15.937743,0.129441,43.643160
1413393236155760384.000000,0.000000,0.000000,15.714957,8.664785,0.175938,0.169283,17.808295,0.152258,45.716852
1413393236205760512.000000,0.000000,0.000000,16.437814,9.821120,0.186018,0.173090,17.760679,7.389248,48.376150
1413393236255760384.000000,0.000000,0.000000,15.544650,8.509614,0.170114,0.256387,19.627936,0.420805,45.026986
1413393236305760512.000000,0.000000,0.000000,16.202035,9.777567,0.183043,0.131138,15.533738,0.139714,46.481853
1413393236355760384.000000,0.000000,0.000000,15.881038,10.104708,0.172002,0.164610,17.098047,0.173795,47.242951
1413393236405760512.000000,0.000000,0.000000,17.972682,10.131011,0.169282,0.166594,15.770862,0.191267,54.453093
1413393236455760384.000000,0.000000,0.000000,17.085086,9.681950,0.175170,0.158850,14.516829,5.961069,48.722875
1413393236505760512.000000,0.000000,0.000000,15.919151,7.735173,0.163394,0.258596,17.442147,0.179138,44.340354
1413393236555760384.000000,0.000000,0.000000,17.171263,8.683153,0.155490,0.159682,16.052113,0.150754,45.134827
1413393236605760512.000000,0.000000,0.000000,15.594155,8.512239,0.175554,0.137698,15.253767,0.179107,43.631608
1413393236655760384.000000,0.000000,0.000000,16.179410,8.393837,0.185314,0.130434,14.861666,6.424404,46.083672
1413393236705760512.000000,0.000000,0.000000,16.524279,10.344839,0.196898,0.227715,16.884443,0.164546,47.596620
1413393236755760384.000000,0.000000,0.000000,15.554027,9.897729,0.197955,0.156674,16.037009,0.148930,53.743612
1413393236805760512.000000,0.000000,0.000000,16.346292,7.650212,0.208259,0.162018,16.466454,0.149282,48.326421
1413393236855760384.000000,0.000000,0.000000,16.220916,7.567394,0.093346,0.173282,15.957423,0.134690,45.251117
1413393236905760512.000000,0.000000,0.000000,18.085835,7.919271,0.195011,0.121762,17.243361,0.128226,47.588460
1413393236955760384.000000,0.000000,0.000000,15.876687,7.943880,0.088545,0.166882,17.544805,0.134114,44.983049
1413393237005760512.000000,0.000000,0.000000,18.101963,7.988552,0.180131,0.175426,17.023678,0.131938,47.176166
1413393237055760384.000000,0.000000,0.000000,15.760749,7.856518,0.178274,0.161698,18.005867,0.154690,44.576837
1413393237105760512.000000,0.000000,0.000000,17.906025,10.418695,0.193026,0.164258,17.544548,0.136162,50.496785
1413393237155760384.000000,0.000000,0.000000,15.265639,9.681374,0.193730,0.153762,16.582232,6.934779,46.638559
1413393237205760512.000000,0.000000,0.000000,20.083686,8.955764,0.192226,0.219491,18.720595,0.263428,55.905368
1413393237255760384.000000,0.000000,0.000000,17.212832,7.231582,0.217635,0.144257,16.374710,0.133986,48.051441
1413393237305760512.000000,0.000000,0.000000,16.106354,9.831520,0.214019,0.170563,16.596152,0.190083,48.072178
1413393237355760384.000000,0.000000,0.000000,14.887010,7.522050,0.198882,0.151394,16.340501,0.159906,43.707609
1413393237405760512.000000,0.000000,0.000000,16.612248,8.360237,0.197410,0.184483,16.072241,0.248579,45.989046
1413393237455760384.000000,0.000000,0.000000,15.988432,7.789510,0.202371,0.170914,17.512900,0.124321,46.411484
1413393237505760512.000000,0.000000,0.000000,17.115583,8.527663,0.179458,0.170115,16.128018,0.120962,48.560504
1413393237555760384.000000,0.000000,0.000000,16.834171,7.567075,0.193763,0.163203,18.471664,0.140161,46.727361
1413393237605760512.000000,0.000000,0.000000,17.716071,9.147543,0.211554,0.163107,17.035581,0.133634,50.225646
1413393237655760384.000000,0.000000,0.000000,17.328610,7.916807,0.192226,0.172419,17.848680,7.173789,48.198003
1413393237705760512.000000,0.000000,0.000000,18.387504,8.403533,0.177826,0.225122,18.567954,0.274308,53.922302
1413393237755760384.000000,0.000000,0.000000,15.889071,7.419617,0.192962,0.154146,15.896111,0.138466,46.718049
1413393237805760512.000000,0.000000,0.000000,17.429955,7.834726,0.176610,0.155650,15.769133,0.150082,47.048292
1413393237855760384.000000,0.000000,0.000000,16.744922,9.287129,0.057249,0.153890,16.726234,0.175778,47.808366
1413393237905760512.000000,0.000000,0.000000,14.982851,8.151370,0.177155,0.161059,15.909199,0.218531,45.617650
1413393237955760384.000000,0.000000,0.000000,15.301383,7.998600,0.179746,0.169378,17.604933,0.163458,44.797863
1413393238005760512.000000,0.000000,0.000000,14.693151,8.764851,0.178498,0.159491,16.609656,0.151970,45.819220
1413393238055760384.000000,0.000000,0.000000,18.274222,9.731103,0.199971,0.150722,16.174899,0.133826,51.386909
1413393238105760512.000000,0.000000,0.000000,18.184525,8.170091,0.198179,0.155907,16.320852,0.132514,48.451607
1413393238155760384.000000,0.000000,0.000000,16.858235,9.868257,0.196802,0.151746,16.320277,6.957435,48.663737
1413393238205760512.000000,0.000000,0.000000,15.933008,8.824499,0.182883,0.204898,18.417744,0.260004,51.967972
1413393238255760384.000000,0.000000,0.000000,19.183673,8.071625,0.186754,0.123585,15.138821,0.131233,49.635207
1413393238305760512.000000,0.000000,0.000000,16.033425,7.738020,0.207939,0.150882,16.116786,0.151618,44.735718
1413393238355760384.000000,0.000000,0.000000,15.375592,7.680228,0.168162,0.147906,15.958480,0.143202,44.642661
1413393238405760512.000000,0.000000,0.000000,16.978237,8.661169,0.178818,0.129505,15.469834,0.129794,52.628013
1413393238455760384.000000,0.000000,0.000000,15.509002,8.463534,0.182146,0.152802,16.750074,0.129153,46.248762
1413393238505760512.000000,0.000000,0.000000,15.970224,9.284089,0.197859,0.153442,16.630873,0.143906,48.269685
1413393238555760384.000000,0.000000,0.000000,16.425942,8.941717,0.182019,0.158690,17.436963,0.136577,52.625741
1413393238605760512.000000,0.000000,0.000000,16.584696,8.174539,0.194722,0.163362,16.889724,0.138530,47.863663
1413393238655760384.000000,0.000000,0.000000,16.800763,6.572437,0.157858,0.149794,16.971517,6.667927,42.877679
1413393238705760512.000000,0.000000,0.000000,17.263233,5.595305,0.144738,0.228099,19.153049,0.248164,40.635921
1413393238755760384.000000,0.000000,0.000000,15.661996,5.421287,0.149762,0.125858,16.515383,0.136449,38.131057
1413393238805760512.000000,0.000000,0.000000,16.344468,7.850822,0.185762,0.151074,15.458665,0.142402,46.799970
1413393238855760384.000000,0.000000,0.000000,17.454691,8.461230,0.174690,0.144482,16.531095,0.200003,49.343234
1413393238905760512.000000,0.000000,0.000000,17.077630,9.545788,0.189762,0.120001,13.591761,0.134337,49.709543
1413393238955760384.000000,0.000000,0.000000,16.215476,7.954695,0.174690,0.146274,15.144357,8.656401,50.659380
1413393239005760512.000000,0.000000,0.000000,15.866511,7.556259,0.082561,0.183618,19.145625,0.298147,46.644096
1413393239055760384.000000,0.000000,0.000000,16.970333,8.010952,0.192770,0.126338,15.197574,0.138658,47.356712
1413393239105760512.000000,0.000000,0.000000,16.850011,8.251148,0.094562,0.148962,15.597643,0.176899,47.642028
1413393239155760384.000000,0.000000,0.000000,15.970224,8.477870,0.181410,0.148706,15.011300,0.177058,47.386249
1413393239205760512.000000,0.000000,0.000000,15.028963,7.630212,0.191810,0.163490,15.564427,7.214398,43.163026
1413393239255760384.000000,0.000000,0.000000,21.572601,10.125923,0.196418,0.167810,17.677863,0.251588,54.841418
1413393239305760512.000000,0.000000,0.000000,15.079685,9.299257,0.201507,0.163970,15.432265,0.155906,47.293831
1413393239355760384.000000,0.000000,0.000000,15.291815,9.588380,0.207010,0.160802,14.916098,0.124098,47.705837
1413393239405760512.000000,0.000000,0.000000,15.808174,9.478780,0.202371,0.154946,15.355112,0.160322,47.522571
1413393239455760384.000000,0.000000,0.000000,16.773914,9.169111,0.200771,0.175394,16.148466,0.152322,55.354640
1413393239505760512.000000,0.000000,0.000000,17.787944,8.461167,0.187650,0.149729,16.417814,0.123873,50.557266
1413393239555760384.000000,0.000000,0.000000,17.234657,7.728836,0.182562,0.200675,16.308980,0.120769,46.589823
1413393239605760512.000000,0.000000,0.000000,16.583832,7.884839,0.219011,0.161858,16.920893,0.131138,46.596862
1413393239655760384.000000,0.000000,0.000000,17.329186,7.207646,0.184482,0.152994,15.889999,0.128737,47.147494
1413393239705760512.000000,0.000000,0.000000,16.235572,8.727281,0.188995,0.158018,16.199571,6.280273,46.334556
1413393239755760384.000000,0.000000,0.000000,14.845665,9.282489,0.214211,0.217251,17.913193,0.241572,45.843029
1413393239805760512.000000,0.000000,0.000000,15.822126,8.317996,0.187107,0.155842,16.404982,0.152450,52.199848
1413393239855760384.000000,0.000000,0.000000,15.343112,7.542530,0.083393,0.164834,16.406870,0.166914,46.434877
1413393239905760512.000000,0.000000,0.000000,17.296642,8.369197,0.213571,0.155138,16.483767,0.152386,47.833295
1413393239955760384.000000,0.000000,0.000000,18.696339,7.741541,0.203011,0.171586,15.465738,0.134498,48.704891
1413393240005760512.000000,0.000000,0.000000,15.638443,7.994377,0.174178,0.184259,17.588485,8.382541,45.068779
1413393240055760384.000000,0.000000,0.000000,16.256500,7.503586,0.205858,0.252164,19.828034,0.268803,44.680293
1413393240105760512.000000,0.000000,0.000000,15.362536,8.681137,0.209539,0.140674,16.848987,0.141794,47.324264
1413393240155760384.000000,0.000000,0.000000,15.195141,9.424859,0.181890,0.148354,15.749773,0.164354,46.429020
1413393240205760512.000000,0.000000,0.000000,15.595019,9.085366,0.208803,0.145666,15.700717,0.158946,53.984863
1413393240255760384.000000,0.000000,0.000000,18.054955,7.415905,0.192099,0.180002,15.316968,7.658436,51.037560
1413393240305760512.000000,0.000000,0.000000,18.638099,7.981384,0.232131,0.248644,15.885358,0.165538,49.037470
1413393240355760384.000000,0.000000,0.000000,15.168837,7.550658,0.173986,0.163714,15.573195,0.129058,43.900891
1413393240405760512.000000,0.000000,0.000000,15.546698,8.088266,0.203267,0.167202,15.710029,0.153538,45.323598
1413393240455760384.000000,0.000000,0.000000,20.475754,7.420705,0.179747,0.152450,14.348922,0.188867,48.996990
1413393240505760512.000000,0.000000,0.000000,16.793723,9.090646,0.207330,0.098881,16.329941,8.706385,48.723130
1413393240555760384.000000,0.000000,0.000000,15.133093,9.007477,0.206339,0.376836,17.980075,0.255875,54.013375
1413393240605760512.000000,0.000000,0.000000,17.813736,7.474945,0.181186,0.124098,15.287335,0.133121,50.436336
1413393240655760384.000000,0.000000,0.000000,17.125087,7.748613,0.195331,0.158914,17.049310,0.159714,45.643570
1413393240705760512.000000,0.000000,0.000000,16.402646,7.672644,0.174786,0.174498,17.217952,0.154658,46.323803
1413393240755760384.000000,0.000000,0.000000,22.535429,7.906758,0.174530,0.162434,16.473495,0.123266,51.186651
1413393240805760512.000000,0.000000,0.000000,16.056434,7.708964,0.184578,0.189699,17.520388,0.144737,48.360021
1413393240855760384.000000,0.000000,0.000000,16.465878,9.000373,0.218018,0.164738,18.246958,0.137250,47.970513
1413393240905760512.000000,0.000000,0.000000,18.085867,7.633475,0.181315,0.167810,17.821800,0.127138,46.857954
1413393240955760384.000000,0.000000,0.000000,15.103045,7.488513,0.168994,0.189027,17.754471,0.122626,42.658411
1413393241005760512.000000,0.000000,0.000000,15.261159,7.841318,0.185826,0.161122,16.967837,6.957178,48.950685
1413393241055760384.000000,0.000000,0.000000,18.362447,7.731397,0.163235,0.235107,19.297915,0.265059,48.274069
1413393241105760512.000000,0.000000,0.000000,17.023038,8.681137,0.168642,0.242083,18.475024,0.181954,46.620159
1413393241155760384.000000,0.000000,0.000000,15.505546,7.811429,0.164035,0.176258,17.564709,0.185282,44.892072
1413393241205760512.000000,0.000000,0.000000,16.461046,8.115306,0.176098,0.162978,17.493251,0.184899,45.280461
1413393241255760384.000000,0.000000,0.000000,15.372328,9.393019,0.191330,0.133601,17.609894,0.244515,46.835618
1413393241305760512.000000,0.000000,0.000000,16.284788,7.981256,0.181570,0.106754,18.283566,0.132898,46.584126
1413393241355760384.000000,0.000000,0.000000,16.373749,7.269663,0.182979,0.168130,19.407357,6.237745,45.788917
1413393241405760512.000000,0.000000,0.000000,16.152403,10.154852,0.200898,0.244995,20.361897,0.311749,49.328738
1413393241455760384.000000,0.000000,0.000000,18.181932,8.933461,0.200067,0.204003,17.901865,0.171746,49.491268
1413393241505760512.000000,0.000000,0.000000,15.567050,9.606717,0.184354,0.179522,17.651974,0.173314,53.308951
1413393241555760384.000000,0.000000,0.000000,15.851854,9.212888,0.189603,0.175266,17.817512,0.216419,49.035806
1413393241605760512.000000,0.000000,0.000000,16.453334,7.413472,0.198275,0.161122,16.787867,0.222787,45.466416
1413393241655760384.000000,0.000000,0.000000,19.454110,6.709015,0.184450,0.097058,18.372175,6.556469,48.005169
1413393241705760512.000000,0.000000,0.000000,15.439401,7.192350,0.180642,0.197571,18.125996,0.273956,43.794426
1413393241755760384.000000,0.000000,0.000000,18.101164,8.810387,0.194754,0.135682,17.565668,0.181698,48.076754
1413393241805760512.000000,0.000000,0.000000,15.455721,7.725541,0.209283,0.160290,17.878025,0.195139,45.816436
1413393241855760384.000000,0.000000,0.000000,17.057854,7.539458,0.212162,0.147810,18.054635,0.297060,45.769364
1413393241905760512.000000,0.000000,0.000000,21.399255,9.456187,0.213954,0.161987,17.176063,5.698282,54.607591
1413393241955760384.000000,0.000000,0.000000,16.187154,9.411642,0.211106,0.259363,18.821878,0.204195,47.555915
1413393242005760512.000000,0.000000,0.000000,16.256724,9.716799,0.221250,0.185859,18.121644,0.186307,55.843927
1413393242055760384.000000,0.000000,0.000000,16.125106,7.655075,0.173987,0.189858,17.966954,0.158530,47.408425
1413393242105760512.000000,0.000000,0.000000,14.570174,8.351277,0.209731,0.151234,17.316322,0.239139,43.848091
1413393242155760384.000000,0.000000,0.000000,14.735584,7.811110,0.173923,0.168258,17.975306,0.128674,41.964386
1413393242205760512.000000,0.000000,0.000000,15.036324,7.542466,0.190467,0.167522,19.025080,0.157090,44.298273
1413393242255760384.000000,0.000000,0.000000,14.977507,7.931623,0.196482,0.162851,16.799354,0.118273,43.682809
1413393242305760512.000000,0.000000,0.000000,16.462646,9.985922,0.207235,0.164994,18.007147,0.131810,49.160544
1413393242355760384.000000,0.000000,0.000000,17.112927,8.252236,0.197890,0.186915,19.373340,7.327871,46.843202
1413393242405760512.000000,0.000000,0.000000,21.946494,9.111063,0.185410,0.108610,19.447453,0.130946,52.061670
1413393242455760384.000000,0.000000,0.000000,16.247892,9.031125,0.210914,0.149122,19.579071,0.184866,46.421788
1413393242505760512.000000,0.000000,0.000000,16.868956,8.163850,0.200963,0.159170,17.639782,0.136930,52.968338
1413393242555760384.000000,0.000000,0.000000,16.719929,8.035433,0.200643,0.168002,17.224097,0.270915,48.392311
1413393242605760512.000000,0.000000,0.000000,16.410421,7.343200,0.183650,0.143010,17.164639,0.132802,43.221650
1413393242655760384.000000,0.000000,0.000000,16.704793,9.147191,0.174787,0.120033,18.257070,0.120194,46.733121
1413393242705760512.000000,0.000000,0.000000,15.843151,7.864710,0.175074,0.162402,16.998781,7.544674,43.853115
1413393242755760384.000000,0.000000,0.000000,16.020945,7.453697,0.195139,0.222723,21.535384,0.248963,42.645995
1413393242805760512.000000,0.000000,0.000000,19.069721,8.890036,0.187970,0.190851,16.254803,0.147170,49.522597
1413393242855760384.000000,0.000000,0.000000,16.280212,9.899361,0.202786,0.166498,16.016785,0.169571,47.926063
1413393242905760512.000000,0.000000,0.000000,16.689721,9.960258,0.216163,0.164834,15.839183,0.180131,48.979453
1413393242955760384.000000,0.000000,0.000000,17.015902,8.281068,0.217603,0.115650,16.437462,0.171426,47.316008
1413393243005760512.000000,0.000000,0.000000,17.489060,9.057238,0.200803,0.100001,17.032190,9.416795,54.880618
1413393243055760384.000000,0.000000,0.000000,17.065438,7.969575,0.193314,0.212258,19.251771,0.278852,49.540357
1413393243105760512.000000,0.000000,0.000000,15.736877,7.946536,0.189922,0.121122,16.543255,0.139425,44.641989
1413393243155760384.000000,0.000000,0.000000,17.195808,8.190731,0.185090,0.143170,16.193619,0.179107,45.604785
1413393243205760512.000000,0.000000,0.000000,16.951677,8.462702,0.179619,0.151938,15.965968,0.162306,46.960035
1413393243255760384.000000,0.000000,0.000000,14.609822,7.940264,0.166499,0.125793,19.286235,8.425582,40.815476
1413393243305760512.000000,0.000000,0.000000,16.276787,9.936033,0.180386,0.232259,17.737159,0.161666,54.657608
1413393243355760384.000000,0.000000,0.000000,15.472298,7.746885,0.182947,0.140609,16.695930,0.172259,47.659245
1413393243405760512.000000,0.000000,0.000000,14.378652,7.470049,0.191490,0.136578,17.186784,0.180067,41.915778
1413393243455760384.000000,0.000000,0.000000,15.072964,8.327116,0.175203,0.134690,16.008400,0.173538,42.908463
1413393243505760512.000000,0.000000,0.000000,15.534699,7.684292,0.200386,0.085665,17.232353,0.122274,43.613720
1413393243555760384.000000,0.000000,0.000000,15.601035,7.742917,0.173346,0.140578,16.715609,0.118785,50.706804
1413393243605760512.000000,0.000000,0.000000,16.326325,7.382720,0.182786,0.144226,16.197971,0.119106,46.560607
1413393243655760384.000000,0.000000,0.000000,20.226375,8.465678,0.180834,0.143938,17.472099,0.123042,49.080703
1413393243705760512.000000,0.000000,0.000000,15.536266,8.108809,0.168866,0.147713,18.746069,0.132706,43.349172
1413393243755760384.000000,0.000000,0.000000,14.837057,7.791270,0.171522,0.148290,16.281908,8.035529,42.869038
1413393243805760512.000000,0.000000,0.000000,15.087333,7.783397,0.187427,0.242307,19.524222,0.259971,44.059325
1413393243855760384.000000,0.000000,0.000000,15.003908,9.135927,0.188707,0.191362,17.377186,0.156770,45.026410
1413393243905760512.000000,0.000000,0.000000,15.487785,8.937653,0.187682,0.153538,16.741434,0.167970,45.528656
1413393243955760384.000000,0.000000,0.000000,15.439849,10.233957,0.204450,0.156226,16.815739,0.136258,47.659725
1413393244005760512.000000,0.000000,0.000000,15.745261,8.716658,0.187618,0.118146,14.785792,0.177154,45.161676
1413393244055760384.000000,0.000000,0.000000,16.039281,9.058710,0.198114,0.067297,17.064286,8.603024,52.466827
1413393244105760512.000000,0.000000,0.000000,16.077393,8.550671,0.088769,0.293476,19.477789,0.226147,47.693581
1413393244155760384.000000,0.000000,0.000000,15.182053,7.537602,0.195043,0.158242,17.186655,0.194659,43.833339
1413393244205760512.000000,0.000000,0.000000,15.859535,9.251801,0.092001,0.159715,17.782791,0.188610,46.540094
1413393244255760384.000000,0.000000,0.000000,17.573797,9.073462,0.092961,0.164642,18.627987,0.182435,48.224243
1413393244305760512.000000,0.000000,0.000000,14.981731,8.313388,0.170818,0.136226,12.389953,8.327564,42.125125
1413393244355760384.000000,0.000000,0.000000,15.201606,8.572720,0.186882,0.176258,17.891305,0.277540,54.981324
1413393244405760512.000000,0.000000,0.000000,15.855311,8.278508,0.182530,0.116033,15.956496,0.238979,49.562469
1413393244455760384.000000,0.000000,0.000000,16.307668,8.736914,0.201795,0.104577,15.680268,0.196259,46.870818
1413393244505760512.000000,0.000000,0.000000,14.407484,8.468814,0.173442,0.109154,16.791322,0.217955,43.478230
1413393244555760384.000000,0.000000,0.000000,15.621227,8.843060,0.195778,0.110625,17.757768,0.245443,45.075723
1413393244605760512.000000,0.000000,0.000000,16.514679,8.624400,0.178435,0.166210,20.880432,0.157986,53.053075
1413393244655760384.000000,0.000000,0.000000,16.144146,8.681489,0.167746,0.151010,18.284686,0.126146,45.769204
1413393244705760512.000000,0.000000,0.000000,15.148870,8.049064,0.161154,0.151458,18.972631,0.130850,43.844186
1413393244755760384.000000,0.000000,0.000000,13.862261,8.358125,0.172738,0.150082,19.231098,0.148866,42.947247
1413393244805760512.000000,0.000000,0.000000,15.251462,9.397787,0.187747,0.141858,18.867093,5.950990,44.006429
1413393244855760384.000000,0.000000,0.000000,15.077124,9.239032,0.191971,0.215811,19.445021,0.315524,53.993311
1413393244905760512.000000,0.000000,0.000000,18.837141,8.443406,0.089666,0.187618,19.593663,0.281635,50.508370
1413393244955760384.000000,0.000000,0.000000,13.683378,7.967559,0.091521,0.159074,17.929353,0.230403,40.292013
1413393245005760512.000000,0.000000,0.000000,15.309703,8.815795,0.101473,0.129921,17.092991,0.208899,46.160409
1413393245055760384.000000,0.000000,0.000000,15.708172,8.510478,0.176771,0.145313,18.644371,0.205059,46.641407
1413393245105760512.000000,0.000000,0.000000,16.237779,8.603568,0.222691,0.121441,14.933699,7.022268,46.095416
1413393245155760384.000000,0.000000,0.000000,15.842702,9.648254,0.200706,0.201283,17.503844,0.270500,47.977009
1413393245205760512.000000,0.000000,0.000000,15.621484,9.730718,0.207299,0.133698,17.556516,0.178530,48.575416
1413393245255760384.000000,0.000000,0.000000,14.667039,9.351929,0.204386,0.120418,17.303745,0.201474,46.763841
1413393245305760512.000000,0.000000,0.000000,18.104972,9.531068,0.199714,0.135042,18.482289,0.176323,50.666740
1413393245355760384.000000,0.000000,0.000000,15.411592,8.187403,0.181826,0.127041,15.848911,5.547657,52.218440
1413393245405760512.000000,0.000000,0.000000,17.647494,8.695186,0.156642,0.178947,19.383324,0.255652,51.257979
1413393245455760384.000000,0.000000,0.000000,14.501085,7.385536,0.194467,0.146754,18.430672,0.189667,45.079883
1413393245505760512.000000,0.000000,0.000000,14.885570,8.322412,0.218371,0.142690,18.146924,0.195331,44.315265
1413393245555760384.000000,0.000000,0.000000,14.584798,8.350445,0.192899,0.102402,17.328001,0.165506,45.362766
1413393245605760512.000000,0.000000,0.000000,16.287892,8.898484,0.190659,0.106434,18.139660,0.119713,48.175699
1413393245655760384.000000,0.000000,0.000000,13.545520,9.203576,0.189474,0.152226,19.000823,0.127298,45.801748
1413393245705760512.000000,0.000000,0.000000,17.034877,9.828512,0.243811,0.150050,19.321916,0.128194,57.237065
1413393245755760384.000000,0.000000,0.000000,15.845454,8.058921,0.179810,0.151138,18.019435,0.131778,49.598662
1413393245805760512.000000,0.000000,0.000000,15.376424,8.176715,0.241379,0.139681,18.005451,0.129698,46.741600
1413393245855760384.000000,0.000000,0.000000,14.874018,7.798534,0.191555,0.140354,19.207290,5.016098,45.521841
1413393245905760512.000000,0.000000,0.000000,15.721421,8.483023,0.222435,0.187842,20.279752,0.307172,47.224839
1413393245955760384.000000,0.000000,0.000000,14.150904,7.810341,0.184803,0.176931,18.257902,0.244931,44.304128
1413393246005760512.000000,0.000000,0.000000,15.176102,9.123575,0.210754,0.145794,18.788533,0.189378,53.947071
1413393246055760384.000000,0.000000,0.000000,14.093368,6.980763,0.203970,0.145794,18.157548,0.202563,43.571575
1413393246105760512.000000,0.000000,0.000000,15.827438,7.692261,0.241859,0.134530,18.406255,0.148674,46.301403
1413393246155760384.000000,0.000000,0.000000,14.906690,7.613059,0.236483,0.115809,15.420201,0.227587,45.494416
1413393246205760512.000000,0.000000,0.000000,16.810235,9.357210,0.208098,0.152354,18.602482,0.122305,49.555045
1413393246255760384.000000,0.000000,0.000000,15.402056,8.271883,0.208162,0.164738,18.463729,0.126978,51.466334
1413393246305760512.000000,0.000000,0.000000,16.022737,7.874855,0.215619,0.171234,19.849219,0.131522,47.894959
1413393246355760384.000000,0.000000,0.000000,13.718450,7.624772,0.192034,0.151330,19.242683,6.296626,44.698246
1413393246405760512.000000,0.000000,0.000000,14.623198,8.141898,0.201283,0.230595,20.435882,0.282500,46.023479
1413393246455760384.000000,0.000000,0.000000,14.485340,8.405742,0.097057,0.203714,19.146554,0.262307,51.396733
1413393246505760512.000000,0.000000,0.000000,16.301748,8.020617,0.204035,0.151522,17.322882,0.173475,47.232262
1413393246555760384.000000,0.000000,0.000000,17.552164,9.059478,0.219811,0.146306,16.727418,0.181955,50.845686
1413393246605760512.000000,0.000000,0.000000,14.830818,8.315532,0.190114,0.138209,18.106092,0.138562,44.779527
1413393246655760384.000000,0.000000,0.000000,17.965546,10.306919,0.228707,0.136578,16.671449,6.555925,51.302492
1413393246705760512.000000,0.000000,0.000000,15.892558,8.554447,0.221219,0.254916,18.943542,0.272772,56.251005
1413393246755760384.000000,0.000000,0.000000,15.948336,8.479854,0.230051,0.158850,17.760903,0.181507,49.612646
1413393246805760512.000000,0.000000,0.000000,16.543448,6.681847,0.196514,0.178819,19.463677,0.181122,48.227348
1413393246855760384.000000,0.000000,0.000000,14.047734,8.168779,0.212323,0.170402,18.345423,0.139874,44.938313
1413393246905760512.000000,0.000000,0.000000,13.901493,7.575139,0.181666,0.132065,17.636166,0.117249,44.202592
1413393246955760384.000000,0.000000,0.000000,15.673484,8.178250,0.202499,0.166051,20.077573,0.131681,45.983479
1413393247005760512.000000,0.000000,0.000000,15.060612,8.755346,0.198818,0.162018,18.576146,5.707274,48.578329
1413393247055760384.000000,0.000000,0.000000,16.446103,8.658320,0.206115,0.220451,20.931376,0.292291,54.636679
1413393247105760512.000000,0.000000,0.000000,17.285025,8.925589,0.221283,0.172418,16.493943,0.207555,53.397911
1413393247155760384.000000,0.000000,0.000000,17.000702,7.727492,0.244099,0.150082,17.917418,0.201859,45.978871
1413393247205760512.000000,0.000000,0.000000,14.012663,7.863942,0.178722,0.139938,17.514276,0.194402,43.376149
1413393247255760384.000000,0.000000,0.000000,13.736563,8.035625,0.232195,0.116770,16.660089,0.227875,42.789069
1413393247305760512.000000,0.000000,0.000000,13.986486,8.733906,0.245411,0.084801,16.695098,6.847834,45.545169
1413393247355760384.000000,0.000000,0.000000,14.880193,8.468366,0.214658,0.254499,20.094726,0.253059,54.760873
1413393247405760512.000000,0.000000,0.000000,16.043153,7.977288,0.207331,0.157154,18.048203,0.200482,48.675770
1413393247455760384.000000,0.000000,0.000000,14.994979,7.628196,0.206627,0.150786,17.428643,0.206722,43.998108
1413393247505760512.000000,0.000000,0.000000,14.213177,8.000808,0.187650,0.135202,17.190528,0.183906,43.382772
1413393247555760384.000000,0.000000,0.000000,15.856495,7.918247,0.220611,0.135106,14.695359,5.449255,44.938345
1413393247605760512.000000,0.000000,0.000000,13.873012,8.275532,0.241028,0.199042,18.212653,0.189891,54.718600
1413393247655760384.000000,0.000000,0.000000,16.955165,8.341260,0.226467,0.162882,17.847625,0.172483,48.447831
1413393247705760512.000000,0.000000,0.000000,16.938141,8.333421,0.201507,0.159874,17.713990,0.206339,47.000484
1413393247755760384.000000,0.000000,0.000000,15.349320,7.980712,0.201987,0.142178,15.134981,0.152930,45.648083
1413393247805760512.000000,0.000000,0.000000,16.852028,8.222187,0.205187,0.136770,17.008190,0.133730,46.042776
1413393247855760384.000000,0.000000,0.000000,17.264513,8.833395,0.200322,0.142689,17.526725,0.137314,48.249844
1413393247905760512.000000,0.000000,0.000000,16.607768,8.975733,0.219043,0.133826,16.262292,0.124162,46.781697
1413393247955760384.000000,0.000000,0.000000,16.011728,8.311501,0.227811,0.134402,17.275488,0.137506,45.282990
1413393248005760512.000000,0.000000,0.000000,15.236295,7.838950,0.215427,0.132545,16.982109,7.584739,45.408015
1413393248055760384.000000,0.000000,0.000000,15.943184,10.145220,0.230627,0.284547,18.807925,0.281284,50.014571
1413393248105760512.000000,0.000000,0.000000,15.808782,9.061718,0.223491,0.116097,17.550789,0.155618,54.051040
1413393248155760384.000000,0.000000,0.000000,13.696114,7.979240,0.189379,0.147074,17.023166,0.160322,49.362019
1413393248205760512.000000,0.000000,0.000000,17.322978,8.566063,0.203426,0.147681,17.637894,0.192386,48.495319
1413393248255760384.000000,0.000000,0.000000,13.277229,8.078506,0.185634,0.135138,15.790958,0.209731,43.333940
1413393248305760512.000000,0.000000,0.000000,15.798733,8.946485,0.188898,0.154594,15.635115,0.118145,44.907464
1413393248355760384.000000,0.000000,0.000000,16.329333,8.674001,0.206434,0.162882,16.991357,0.129410,45.373615
1413393248405760512.000000,0.000000,0.000000,15.894479,8.708082,0.214723,0.149346,17.128607,0.138113,54.921899
1413393248455760384.000000,0.000000,0.000000,15.997552,8.267180,0.233795,0.165346,17.818152,0.134497,49.102079
1413393248505760512.000000,0.000000,0.000000,13.832565,8.427245,0.093410,0.140034,16.854523,6.319731,45.007370
1413393248555760384.000000,0.000000,0.000000,14.630014,8.290027,0.222050,0.239107,19.565055,0.289508,46.245882
1413393248605760512.000000,0.000000,0.000000,14.385756,8.480526,0.204579,0.122914,17.622597,0.150306,46.891618
1413393248655760384.000000,0.000000,0.000000,21.443639,8.743025,0.206018,0.159618,18.169005,0.155970,55.726774
1413393248705760512.000000,0.000000,0.000000,16.128530,8.421325,0.233251,0.165890,17.277185,0.174658,47.639500
1413393248755760384.000000,0.000000,0.000000,13.532816,8.331853,0.198307,0.136546,16.066993,0.258595,53.245045
1413393248805760512.000000,0.000000,0.000000,15.889167,8.520463,0.201027,0.149505,17.545413,0.123778,45.239117
1413393248855760384.000000,0.000000,0.000000,14.508029,7.911591,0.223843,0.188450,17.573125,0.135394,44.318529
1413393248905760512.000000,0.000000,0.000000,13.839060,8.838963,0.271460,0.152258,16.860668,0.126658,45.856789
1413393248955760384.000000,0.000000,0.000000,16.713369,8.737170,0.237347,0.173923,17.891433,0.146754,51.976292
1413393249005760512.000000,0.000000,0.000000,16.216980,7.527746,0.222627,0.156546,16.740026,6.107759,47.378504
1413393249055760384.000000,0.000000,0.000000,15.085189,8.436718,0.286083,0.241475,18.993367,0.274340,47.634956
1413393249105760512.000000,0.000000,0.000000,15.865262,8.596816,0.265540,0.141217,18.293199,0.171619,49.019902
1413393249155760384.000000,0.000000,0.000000,17.545957,8.057001,0.252515,0.159458,16.874587,0.137026,55.480403
1413393249205760512.000000,0.000000,0.000000,15.573418,6.930682,0.209507,0.178275,17.012253,0.173506,47.240839
1413393249255760384.000000,0.000000,0.000000,16.032849,6.767672,0.236451,0.195394,16.674425,0.248803,47.952753
1413393249305760512.000000,0.000000,0.000000,15.312488,7.022811,0.226531,0.161283,19.451901,0.144930,46.055352
1413393249355760384.000000,0.000000,0.000000,15.752429,7.033691,0.239107,0.164802,18.411824,0.136577,45.309134
1413393249405760512.000000,0.000000,0.000000,14.997603,7.015868,0.220451,0.160259,18.504720,0.124450,45.540881
1413393249455760384.000000,0.000000,0.000000,16.816955,7.341376,0.231683,0.167138,16.501783,6.223825,51.101593
1413393249505760512.000000,0.000000,0.000000,15.541450,6.516597,0.207842,0.210051,18.104972,0.243972,44.013661
1413393249555760384.000000,0.000000,0.000000,16.890812,6.924666,0.226531,0.158402,16.740506,0.139426,46.773505
1413393249605760512.000000,0.000000,0.000000,16.001584,6.910362,0.225667,0.147138,16.323189,0.159042,43.972605
1413393249655760384.000000,0.000000,0.000000,17.244288,6.884090,0.235267,0.154370,17.498147,0.207075,48.116274
1413393249705760512.000000,0.000000,0.000000,16.397653,7.208062,0.250084,0.145441,16.870492,0.281860,50.215086
1413393249755760384.000000,0.000000,0.000000,15.890927,8.687729,0.237315,0.178562,18.210925,0.138466,49.386563
1413393249805760512.000000,0.000000,0.000000,16.292308,7.431425,0.246819,0.147138,17.104319,0.136386,47.859727
1413393249855760384.000000,0.000000,0.000000,19.019767,7.217918,0.239427,0.156066,17.250913,6.714999,50.073100
1413393249905760512.000000,0.000000,0.000000,15.287207,6.948250,0.267939,0.192578,17.459043,0.302340,45.236717
1413393249955760384.000000,0.000000,0.000000,13.744371,8.090601,0.233763,0.130690,16.335284,0.146786,44.885384
1413393250005760512.000000,0.000000,0.000000,16.529304,7.612387,0.247203,0.146626,15.941232,0.171075,48.322774
1413393250055760384.000000,0.000000,0.000000,20.750734,8.713586,0.250147,0.158946,17.131071,0.180643,54.076064
1413393250105760512.000000,0.000000,0.000000,16.276148,6.836953,0.263107,0.126305,15.029892,0.272803,46.504574
1413393250155760384.000000,0.000000,0.000000,16.412278,7.399616,0.244356,0.140226,17.030045,0.143234,47.046661
1413393250205760512.000000,0.000000,0.000000,16.850459,7.786277,0.260388,0.146978,16.786042,0.142306,53.883709
1413393250255760384.000000,0.000000,0.000000,16.133971,6.832665,0.235811,0.136897,17.069791,0.147778,49.015198
1413393250305760512.000000,0.000000,0.000000,15.859919,6.785624,0.246243,0.137409,16.706330,6.683416,46.525886
1413393250355760384.000000,0.000000,0.000000,15.833934,7.361471,0.284323,0.199043,19.946436,0.319396,47.367592
1413393250405760512.000000,0.000000,0.000000,16.313460,7.411169,0.226723,0.140290,16.747546,0.142754,47.278440
1413393250455760384.000000,0.000000,0.000000,16.820955,7.937959,0.250404,0.156066,15.538507,0.154498,48.262676
1413393250505760512.000000,0.000000,0.000000,17.935818,7.380000,0.231779,0.147554,15.698765,0.200675,45.774196
1413393250555760384.000000,0.000000,0.000000,15.727565,8.832115,0.269219,0.159106,16.133394,0.224579,48.315733
1413393250605760512.000000,0.000000,0.000000,16.255348,7.401984,0.221699,0.139106,16.162003,0.132834,47.523051
1413393250655760384.000000,0.000000,0.000000,17.872680,8.118313,0.303524,0.143490,16.031249,0.137090,51.481215
1413393250705760512.000000,0.000000,0.000000,15.268167,8.347373,0.233315,0.124930,15.350824,6.231153,54.401189
1413393250755760384.000000,0.000000,0.000000,17.673350,7.161534,0.272740,0.182946,17.511460,0.282244,51.208602
1413393250805760512.000000,0.000000,0.000000,15.594059,7.172478,0.244643,0.114209,16.199283,0.143234,47.480459
1413393250855760384.000000,0.000000,0.000000,16.667641,8.389453,0.238531,0.155746,15.019235,0.160706,47.569451
1413393250905760512.000000,0.000000,0.000000,15.162694,7.039291,0.214979,0.151490,15.768749,0.168962,44.137822
1413393250955760384.000000,0.000000,0.000000,15.703116,7.975207,0.214947,0.103202,15.125605,0.118658,47.075621
1413393251005760512.000000,0.000000,0.000000,15.104677,7.183358,0.207363,0.153890,15.820590,0.122274,50.663699
1413393251055760384.000000,0.000000,0.000000,16.980637,8.090410,0.344644,0.137410,16.130194,0.127970,49.555941
1413393251105760512.000000,0.000000,0.000000,16.429622,7.341727,0.212803,0.152706,16.031633,0.148802,46.228121
1413393251155760384.000000,0.000000,0.000000,15.028676,7.644996,0.228451,0.147714,16.483383,0.135938,47.949104
1413393251205760512.000000,0.000000,0.000000,15.400265,7.758469,0.213859,0.141794,16.396981,5.857932,46.632607
1413393251255760384.000000,0.000000,0.000000,16.242484,7.571426,0.260868,0.197474,18.274798,0.302372,46.519837
1413393251305760512.000000,0.000000,0.000000,15.011812,8.633200,0.248931,0.127361,16.002449,0.129954,48.955646
1413393251355760384.000000,0.000000,0.000000,15.629995,7.722629,0.270756,0.174275,17.564388,0.176323,52.697871
1413393251405760512.000000,0.000000,0.000000,16.495926,6.899353,0.263971,0.148801,18.008203,0.134722,50.090861
1413393251455760384.000000,0.000000,0.000000,14.572318,6.460756,0.229987,0.125442,14.890146,0.112386,42.849006
1413393251505760512.000000,0.000000,0.000000,16.133490,7.225118,0.258979,0.157250,18.109068,0.130210,46.010263
1413393251555760384.000000,0.000000,0.000000,16.220627,7.323455,0.240995,0.152386,16.414453,0.122817,46.485437
1413393251605760512.000000,0.000000,0.000000,15.929424,7.103708,0.253443,0.165282,16.966621,0.134274,45.208525
1413393251655760384.000000,0.000000,0.000000,16.410646,8.163274,0.244835,0.164322,17.646662,0.130497,52.413514
1413393251705760512.000000,0.000000,0.000000,15.718124,6.862169,0.234211,0.155586,17.687622,6.337683,48.505528
1413393251755760384.000000,0.000000,0.000000,15.671884,7.334432,0.246595,0.177954,19.064761,0.263427,46.437212
1413393251805760512.000000,0.000000,0.000000,14.509533,7.019868,0.276804,0.121698,15.822990,0.128994,44.504100
1413393251855760384.000000,0.000000,0.000000,15.789774,6.935130,0.295075,0.155938,16.621305,0.159586,45.078507
1413393251905760512.000000,0.000000,0.000000,16.806299,6.939898,0.275556,0.154434,17.432323,0.179234,48.834364
1413393251955760384.000000,0.000000,0.000000,18.083595,8.151658,0.249379,0.136482,15.455817,0.130850,49.971595
1413393252005760512.000000,0.000000,0.000000,16.710457,6.846586,0.270691,0.130786,16.658457,0.125058,47.118598
1413393252055760384.000000,0.000000,0.000000,16.935356,7.311072,0.258883,0.163938,18.106028,0.144129,47.388713
1413393252105760512.000000,0.000000,0.000000,17.449700,7.230014,0.259139,0.176227,17.372962,0.131906,44.849896
1413393252155760384.000000,0.000000,0.000000,18.077323,7.260703,0.241507,0.167203,16.700025,0.134049,47.494250
1413393252205760512.000000,0.000000,0.000000,18.053931,8.843987,0.292740,0.174211,19.283035,5.981774,49.732743
1413393252255760384.000000,0.000000,0.000000,16.563384,7.527522,0.265379,0.211746,19.611712,0.270371,45.433679
1413393252305760512.000000,0.000000,0.000000,17.571076,8.654384,0.282724,0.127201,17.596101,0.151746,48.814876
1413393252355760384.000000,0.000000,0.000000,18.676211,8.075849,0.277060,0.162690,17.568197,0.178402,56.361085
1413393252405760512.000000,0.000000,0.000000,17.177183,6.560469,0.211715,0.157314,16.526391,0.177794,48.077138
1413393252455760384.000000,0.000000,0.000000,17.796039,8.046664,0.239108,0.133858,16.487159,0.258532,48.779803
1413393252505760512.000000,0.000000,0.000000,17.674214,7.055292,0.242051,0.170146,16.768346,0.132514,46.959267
1413393252555760384.000000,0.000000,0.000000,18.288430,7.515266,0.253156,0.160482,16.182643,0.138530,48.894620
1413393252605760512.000000,0.000000,0.000000,16.249748,6.581270,0.208034,0.154114,16.365301,0.133473,43.988637
1413393252655760384.000000,0.000000,0.000000,12.745446,5.190244,0.210467,0.148482,16.127058,6.643190,39.728709
1413393252705760512.000000,0.000000,0.000000,18.018347,7.239166,0.227811,0.209283,19.740897,0.241859,47.535243
1413393252755760384.000000,0.000000,0.000000,17.673734,7.790981,0.257571,0.171106,15.698317,0.144674,47.698797
1413393252805760512.000000,0.000000,0.000000,17.196800,8.770130,0.249507,0.161282,17.027134,0.172931,49.147839
1413393252855760384.000000,0.000000,0.000000,16.760026,7.943559,0.244772,0.178818,17.922218,0.164611,52.799215
1413393252905760512.000000,0.000000,0.000000,16.804506,7.029212,0.256547,0.181667,15.849518,0.244099,49.210625
1413393252955760384.000000,0.000000,0.000000,15.362920,7.584290,0.232035,0.175234,16.921404,0.125473,45.771731
1413393253005760512.000000,0.000000,0.000000,19.015800,7.314271,0.246051,0.173154,17.037086,0.126850,49.668327
1413393253055760384.000000,0.000000,0.000000,19.610207,6.569142,0.228003,0.177634,16.794363,0.128226,48.913725
1413393253105760512.000000,0.000000,0.000000,19.466333,7.097565,0.239491,0.156098,16.312116,0.143042,47.821230
1413393253155760384.000000,0.000000,0.000000,18.506705,7.315167,0.252707,0.163042,16.718042,6.757496,48.451606
1413393253205760512.000000,0.000000,0.000000,16.985630,8.111337,0.259908,0.262051,18.674643,0.230339,47.897872
1413393253255760384.000000,0.000000,0.000000,17.561412,8.140778,0.254947,0.155330,15.918287,0.144770,47.612844
1413393253305760512.000000,0.000000,0.000000,17.028478,8.936404,0.262787,0.152642,16.550264,0.173538,49.415139
1413393253355760384.000000,0.000000,0.000000,18.478352,7.422528,0.240195,0.130562,16.592504,0.198594,53.660827
1413393253405760512.000000,0.000000,0.000000,17.868872,6.618134,0.110146,0.171362,16.742746,0.128353,49.012542
1413393253455760384.000000,0.000000,0.000000,19.820610,8.645841,0.222371,0.150146,16.535191,0.132257,52.281225
1413393253505760512.000000,0.000000,0.000000,16.623832,6.481172,0.235780,0.152642,17.081662,0.138881,45.156396
1413393253555760384.000000,0.000000,0.000000,15.964720,6.582166,0.203010,0.144354,15.542090,0.126369,44.414051
1413393253605760512.000000,0.000000,0.000000,16.983133,8.233132,0.206019,0.151650,15.804238,7.982088,46.431260
1413393253655760384.000000,0.000000,0.000000,19.557471,7.890631,0.248099,0.101538,17.754055,0.169539,52.218247
1413393253705760512.000000,0.000000,0.000000,17.313377,7.853223,0.262947,0.178274,18.017835,0.179619,48.867548
1413393253755760384.000000,0.000000,0.000000,17.432547,8.874804,0.283523,0.168002,16.773754,0.155458,50.044555
1413393253805760512.000000,0.000000,0.000000,15.677996,7.433473,0.211523,0.130178,16.266356,0.161698,51.046552
1413393253855760384.000000,0.000000,0.000000,18.738836,6.473748,0.094017,0.108130,17.730343,0.136866,48.838651
1413393253905760512.000000,0.000000,0.000000,16.956509,6.348691,0.228995,0.175938,17.124575,0.131842,45.376079
1413393253955760384.000000,0.000000,0.000000,18.191788,6.514260,0.205795,0.153794,15.702765,0.133602,44.727398
1413393254005760512.000000,0.000000,0.000000,14.978883,6.532469,0.216803,0.139522,14.993988,7.225374,44.307969
1413393254055760384.000000,0.000000,0.000000,18.033451,6.481461,0.251844,0.202307,17.236448,0.244163,46.918947
1413393254105760512.000000,0.000000,0.000000,18.470257,7.116668,0.248355,0.141538,15.015747,0.134273,49.043455
1413393254155760384.000000,0.000000,0.000000,17.036734,7.551938,0.223203,0.155970,15.717132,0.154530,46.748353
1413393254205760512.000000,0.000000,0.000000,15.526890,8.739346,0.263587,0.140194,14.959811,0.167523,53.211733
1413393254255760384.000000,0.000000,0.000000,16.073074,6.817817,0.221603,0.136194,14.378811,8.517615,45.805460
1413393254305760512.000000,0.000000,0.000000,18.005707,6.987675,0.098241,0.270595,16.738714,0.239075,46.622271
1413393254355760384.000000,0.000000,0.000000,16.029969,6.689111,0.185634,0.149218,15.352040,0.158466,42.311719
1413393254405760512.000000,0.000000,0.000000,15.244966,6.309586,0.229187,0.156930,16.653625,0.160386,44.206976
1413393254455760384.000000,0.000000,0.000000,15.655436,6.904442,0.189603,0.153794,15.422953,0.138338,42.599594
1413393254505760512.000000,0.000000,0.000000,16.584856,7.845606,0.211651,0.118721,14.602078,0.273796,46.691840
1413393254555760384.000000,0.000000,0.000000,16.691578,7.582499,0.214275,0.165058,16.660345,0.156963,46.122968
1413393254605760512.000000,0.000000,0.000000,15.805998,8.320877,0.244260,0.152322,16.785146,8.563087,46.186905
1413393254655760384.000000,0.000000,0.000000,16.916828,9.684543,0.246948,0.228259,19.625631,0.285380,54.779914
1413393254705760512.000000,0.000000,0.000000,17.006333,6.584437,0.203010,0.120642,15.086596,0.123426,49.172096
1413393254755760384.000000,0.000000,0.000000,16.338388,7.948135,0.216547,0.168290,15.379752,0.169411,46.156761
1413393254805760512.000000,0.000000,0.000000,15.334280,7.298847,0.175042,0.148098,16.001104,0.149666,43.342708
1413393254855760384.000000,0.000000,0.000000,17.048030,6.876697,0.212706,0.166850,15.622860,0.131970,44.696390
1413393254905760512.000000,0.000000,0.000000,15.614187,7.403680,0.201603,0.177218,16.411446,0.132993,44.139615
1413393254955760384.000000,0.000000,0.000000,17.685159,8.644752,0.201730,0.140834,16.805115,0.145666,47.351881
1413393255005760512.000000,0.000000,0.000000,17.277121,9.916961,0.229955,0.140098,15.545611,0.151650,48.271861
1413393255055760384.000000,0.000000,0.000000,16.011120,7.687781,0.212643,0.148866,15.657836,7.087100,50.040459
1413393255105760512.000000,0.000000,0.000000,18.174348,7.187774,0.104481,0.175650,15.375528,0.230083,48.193139
1413393255155760384.000000,0.000000,0.000000,16.198547,7.169277,0.105506,0.103362,14.268761,0.122721,44.571557
1413393255205760512.000000,0.000000,0.000000,23.512307,7.936327,0.093473,0.136930,16.198675,0.165730,51.780131
1413393255255760384.000000,0.000000,0.000000,15.652876,7.601827,0.188386,0.137602,15.292327,0.165891,44.337665
1413393255305760512.000000,0.000000,0.000000,15.307399,7.686596,0.206338,0.120577,13.545937,0.130658,43.216242
1413393255355760384.000000,0.000000,0.000000,15.922863,9.475900,0.213955,0.152578,16.480918,0.138241,45.590257
1413393255405760512.000000,0.000000,0.000000,17.229889,8.027208,0.107169,0.137697,15.581035,0.151810,46.277594
1413393255455760384.000000,0.000000,0.000000,16.842364,8.365453,0.223459,0.120578,13.888053,10.074915,46.505213
1413393255505760512.000000,0.000000,0.000000,17.440803,8.971989,0.212930,0.110850,17.110494,0.384421,48.137715
1413393255555760384.000000,0.000000,0.000000,15.621676,9.190327,0.229699,0.136514,14.036855,0.142658,51.961093
1413393255605760512.000000,0.000000,0.000000,22.372035,9.516828,0.190371,0.135682,14.952835,0.163843,55.658197
1413393255655760384.000000,0.000000,0.000000,15.179718,6.944538,0.196931,0.120289,15.112485,0.141666,43.229522
1413393255705760512.000000,0.000000,0.000000,18.776853,7.573442,0.203298,0.132161,13.132587,0.283172,49.293602
1413393255755760384.000000,0.000000,0.000000,17.092895,8.144650,0.223075,0.135937,15.648491,0.144962,48.219188
1413393255805760512.000000,0.000000,0.000000,16.278196,7.489441,0.236931,0.155554,15.747405,0.147458,43.465078
1413393255855760384.000000,0.000000,0.000000,17.996586,9.246936,0.218755,0.130945,15.420457,0.154690,50.339279
1413393255905760512.000000,0.000000,0.000000,20.223015,8.958420,0.218339,0.117890,13.864692,9.422426,50.621875
1413393255955760384.000000,0.000000,0.000000,19.273467,8.825619,0.215555,0.091713,16.270612,0.137442,50.353296
1413393256005760512.000000,0.000000,0.000000,16.567000,7.243102,0.210627,0.137218,11.504214,0.137442,46.826274
1413393256055760384.000000,0.000000,0.000000,17.732454,9.525628,0.230659,0.121249,10.864238,0.128802,56.521792
1413393256105760512.000000,0.000000,0.000000,17.167967,8.683729,0.092385,0.119682,10.273990,0.168386,50.229774
1413393256155760384.000000,0.000000,0.000000,22.199969,8.163818,0.090561,0.099681,8.898260,0.092801,51.129434
1413393256205760512.000000,0.000000,0.000000,16.490518,7.329536,0.181026,0.122785,14.061943,0.138306,43.962109
1413393256255760384.000000,0.000000,0.000000,16.991581,7.050140,0.186146,0.126498,15.084132,0.152770,46.625855
1413393256305760512.000000,0.000000,0.000000,15.979377,7.454689,0.177762,0.121825,14.747072,0.144994,44.011549
1413393256355760384.000000,0.000000,0.000000,17.794824,6.935770,0.099297,0.124738,14.795840,0.148034,46.236058
1413393256405760512.000000,0.000000,0.000000,17.894121,8.766866,0.217699,0.120226,15.350440,10.162468,49.787689
1413393256455760384.000000,0.000000,0.000000,16.686842,8.119561,0.103425,0.129282,18.289070,0.140066,47.386505
1413393256505760512.000000,0.000000,0.000000,17.930569,8.165898,0.206978,0.156226,16.013648,0.167234,47.862160
1413393256555760384.000000,0.000000,0.000000,16.586552,5.181987,0.217538,0.149250,17.184800,0.191363,52.288361
1413393256605760512.000000,0.000000,0.000000,17.332802,9.844480,0.099234,0.147490,17.608133,0.191907,52.354826
1413393256655760384.000000,0.000000,0.000000,18.527473,7.215390,0.111746,0.137826,15.219814,0.135842,48.557080
1413393256705760512.000000,0.000000,0.000000,17.423587,8.255723,0.213891,0.105249,17.540868,0.149122,48.422743
1413393256755760384.000000,0.000000,0.000000,15.931248,8.102057,0.100674,0.182306,17.607493,0.145442,45.628466
1413393256805760512.000000,0.000000,0.000000,15.447209,7.433185,0.225827,0.148866,15.976656,0.153506,44.323329
1413393256855760384.000000,0.000000,0.000000,18.882710,9.433243,0.196739,0.143617,17.530309,0.146210,50.036460
1413393256905760512.000000,0.000000,0.000000,17.857832,8.068361,0.106370,0.144322,15.531370,7.600451,46.968484
1413393256955760384.000000,0.000000,0.000000,19.189178,9.293561,0.194786,0.105282,17.046622,0.124226,49.903402
1413393257005760512.000000,0.000000,0.000000,16.965277,8.516591,0.191906,0.152322,13.183436,0.150594,53.174964
1413393257055760384.000000,0.000000,0.000000,17.911273,7.640003,0.091937,0.157570,12.303968,0.133890,50.648788
1413393257105760512.000000,0.000000,0.000000,17.848200,8.763634,0.089409,0.146274,12.580388,0.145666,47.413833
1413393257155760384.000000,0.000000,0.000000,16.621209,7.355136,0.222787,0.117666,9.840896,0.234819,44.738086
1413393257205760512.000000,0.000000,0.000000,18.773716,7.146173,0.101057,0.167746,14.843905,0.157698,49.166624
1413393257255760384.000000,0.000000,0.000000,15.864079,6.897946,0.194274,0.145986,14.024503,6.262994,43.823483
1413393257305760512.000000,0.000000,0.000000,16.719162,8.884115,0.184194,0.112449,15.659788,0.114690,47.583052
1413393257355760384.000000,0.000000,0.000000,18.218605,7.759269,0.183458,0.114690,10.317126,0.137729,48.149107
1413393257405760512.000000,0.000000,0.000000,16.423926,9.263577,0.189795,0.110561,9.172760,0.148770,47.750317
1413393257455760384.000000,0.000000,0.000000,16.728794,8.910388,0.187235,0.098754,10.120771,0.131553,47.153893
1413393257505760512.000000,0.000000,0.000000,17.388386,9.041622,0.201763,0.105505,7.561571,6.782425,54.583814
1413393257555760384.000000,0.000000,0.000000,18.403920,7.744709,0.177218,0.087265,9.927137,0.083169,50.034411
1413393257605760512.000000,0.000000,0.000000,17.008509,7.270815,0.174018,0.109473,9.786528,0.105570,45.182317
1413393257655760384.000000,0.000000,0.000000,15.873487,7.294879,0.181794,0.100545,9.178232,0.134497,44.614565
1413393257705760512.000000,0.000000,0.000000,17.648070,8.065961,0.194979,0.098177,8.389869,0.094593,50.196526
1413393257755760384.000000,0.000000,0.000000,17.802376,7.682308,0.191074,0.101186,12.209567,0.126466,47.047268
1413393257805760512.000000,0.000000,0.000000,16.246067,8.617040,0.194115,0.113473,13.286829,9.143063,46.240602
1413393257855760384.000000,0.000000,0.000000,16.240499,9.391867,0.199107,0.242947,16.499287,0.230307,47.625260
1413393257905760512.000000,0.000000,0.000000,16.046929,8.296012,0.176130,0.136066,15.532202,0.139393,44.601413
1413393257955760384.000000,0.000000,0.000000,15.071716,9.827424,0.197314,0.133314,15.210790,0.122754,53.415575
1413393258005760512.000000,0.000000,0.000000,15.317383,9.033526,0.099201,0.140002,18.489968,0.161474,47.192615
1413393258055760384.000000,0.000000,0.000000,14.635454,7.739269,0.091778,0.137281,13.780756,0.188547,44.583172
1413393258105760512.000000,0.000000,0.000000,15.837774,7.943079,0.171331,0.160866,15.372040,0.106722,45.674707
1413393258155760384.000000,0.000000,0.000000,16.843131,7.656004,0.164674,0.130434,14.835745,0.111586,46.091416
1413393258205760512.000000,0.000000,0.000000,15.820846,9.106166,0.201474,0.126241,14.774753,0.108962,48.013938
1413393258255760384.000000,0.000000,0.000000,18.989400,9.102902,0.094593,0.125089,15.433929,0.120801,50.456561
1413393258305760512.000000,0.000000,0.000000,17.348130,8.601712,0.099777,0.119585,15.120101,5.957006,46.555903
1413393258355760384.000000,0.000000,0.000000,15.595499,8.675217,0.092225,0.227011,16.030065,0.323812,51.112442
1413393258405760512.000000,0.000000,0.000000,17.456163,8.269259,0.076737,0.122081,15.447241,0.121794,48.510935
1413393258455760384.000000,0.000000,0.000000,14.672895,7.203326,0.087841,0.121025,14.381883,0.127394,41.632318
1413393258505760512.000000,0.000000,0.000000,15.447913,9.195768,0.160387,0.132258,14.962018,0.143970,45.455216
1413393258555760384.000000,0.000000,0.000000,21.977662,8.885268,0.174882,0.142754,14.301146,6.697431,50.613875
1413393258605760512.000000,0.000000,0.000000,16.210644,7.968999,0.168002,0.213571,14.991715,0.158178,51.710049
1413393258655760384.000000,0.000000,0.000000,14.734336,7.279935,0.176515,0.122049,15.688589,0.127842,43.900475
1413393258705760512.000000,0.000000,0.000000,15.363720,7.484961,0.169826,0.123457,15.666572,0.131362,43.027473
1413393258755760384.000000,0.000000,0.000000,18.565266,7.812357,0.167042,0.131938,17.953834,0.189987,48.073650
1413393258805760512.000000,0.000000,0.000000,17.697574,7.935752,0.171330,0.151106,16.020688,0.105281,45.773780
1413393258855760384.000000,0.000000,0.000000,15.775725,7.607619,0.163906,0.140258,15.106949,6.898010,42.986032
1413393258905760512.000000,0.000000,0.000000,16.539000,8.742545,0.180802,0.229795,16.772379,0.281059,46.489278
1413393258955760384.000000,0.000000,0.000000,16.987453,9.285593,0.227139,0.141346,13.918389,0.113345,56.891460
1413393259005760512.000000,0.000000,0.000000,17.908041,7.688068,0.190851,0.110498,14.008662,0.131490,50.612979
1413393259055760384.000000,0.000000,0.000000,16.850619,6.949562,0.174562,0.113570,14.191128,0.142978,42.852782
1413393259105760512.000000,0.000000,0.000000,15.745709,7.214814,0.162530,0.127458,13.000841,7.718372,43.463382
1413393259155760384.000000,0.000000,0.000000,17.489636,7.897351,0.173762,0.218883,15.484042,0.142594,46.243578
1413393259205760512.000000,0.000000,0.000000,16.780379,7.616899,0.178466,0.124354,14.362523,0.112418,45.100587
1413393259255760384.000000,0.000000,0.000000,13.676690,7.783525,0.201699,0.112386,13.961718,0.144098,42.866542
1413393259305760512.000000,0.000000,0.000000,18.328526,8.648336,0.232259,0.106146,12.725541,5.681450,48.750651
1413393259355760384.000000,0.000000,0.000000,15.613323,8.655120,0.203554,0.142466,13.936245,0.098562,44.861224
1413393259405760512.000000,0.000000,0.000000,16.520503,10.139140,0.202146,0.104290,14.082359,0.103906,54.564455
1413393259455760384.000000,0.000000,0.000000,15.954160,6.872601,0.165314,0.128673,14.789633,0.104450,43.290356
1413393259505760512.000000,0.000000,0.000000,15.796397,8.091529,0.180386,0.116513,12.901128,6.328562,43.073617
1413393259555760384.000000,0.000000,0.000000,14.729312,7.079708,0.180866,0.146338,14.319578,0.099425,42.969871
1413393259605760512.000000,0.000000,0.000000,16.846267,9.535708,0.169890,0.109537,14.012055,0.118050,46.450013
1413393259655760384.000000,0.000000,0.000000,14.229434,7.083836,0.085409,0.100002,14.418011,0.119777,39.052797
1413393259705760512.000000,0.000000,0.000000,18.464048,9.492540,0.191459,0.113857,12.370017,6.102639,49.508069
1413393259755760384.000000,0.000000,0.000000,16.473431,10.424840,0.198339,0.139490,14.260090,0.098081,47.348489
1413393259805760512.000000,0.000000,0.000000,15.191045,9.216568,0.183906,0.101185,14.460348,0.123905,52.997810
1413393259855760384.000000,0.000000,0.000000,16.110450,8.109226,0.092897,0.119681,14.320635,0.099617,47.381865
1413393259905760512.000000,0.000000,0.000000,13.555473,6.731416,0.081217,0.111073,13.143403,0.092257,39.225566
1413393259955760384.000000,0.000000,0.000000,18.379919,6.787481,0.095521,0.111266,15.834030,0.096962,44.934121
1413393260005760512.000000,0.000000,0.000000,13.607825,7.511362,0.091074,0.123106,15.591915,7.387616,40.894421
1413393260055760384.000000,0.000000,0.000000,14.820961,7.262751,0.166627,0.213379,15.241894,0.172610,40.065450
1413393260105760512.000000,0.000000,0.000000,16.170003,9.815072,0.188483,0.129602,15.349416,0.109314,46.460477
1413393260155760384.000000,0.000000,0.000000,18.287182,8.087850,0.193315,0.103522,14.643390,0.130369,47.166022
1413393260205760512.000000,0.000000,0.000000,16.588280,9.942113,0.186499,0.092930,14.373435,0.125634,47.121317
1413393260255760384.000000,0.000000,0.000000,14.292058,7.659556,0.170274,0.136034,15.369704,0.099041,49.734567
1413393260305760512.000000,0.000000,0.000000,18.160844,7.594498,0.150978,0.120290,14.540349,0.096322,46.906019
1413393260355760384.000000,0.000000,0.000000,15.399464,5.696426,0.142241,0.118786,15.030979,0.096353,37.609162
1413393260405760512.000000,0.000000,0.000000,12.976265,5.063778,0.137378,0.115073,15.552075,7.821222,33.709367
1413393260455760384.000000,0.000000,0.000000,16.184627,4.850303,0.132161,0.217667,15.389064,0.201570,36.057302
1413393260505760512.000000,0.000000,0.000000,15.392233,4.941888,0.127714,0.110113,14.339483,0.103009,33.509908
1413393260555760384.000000,0.000000,0.000000,16.641401,7.833862,0.173859,0.105698,13.739539,0.101825,43.153842
1413393260605760512.000000,0.000000,0.000000,14.649791,9.156951,0.191043,0.104513,13.771220,0.102049,43.626808
1413393260655760384.000000,0.000000,0.000000,14.494077,8.790930,0.178787,0.090721,12.758502,7.098972,42.739501
1413393260705760512.000000,0.000000,0.000000,17.160640,8.528879,0.182466,0.176930,14.350299,0.135266,45.221005
1413393260755760384.000000,0.000000,0.000000,15.810637,8.710225,0.182210,0.112258,14.486364,0.131009,54.555751
1413393260805760512.000000,0.000000,0.000000,16.282772,8.345004,0.198083,0.101089,13.612113,0.111585,48.054898
1413393260855760384.000000,0.000000,0.000000,17.725671,7.454241,0.187267,0.099329,13.054090,6.330482,46.060696
1413393260905760512.000000,0.000000,0.000000,16.444022,7.764869,0.189378,0.120770,13.404719,0.083329,45.137579
1413393260955760384.000000,0.000000,0.000000,14.223801,6.930234,0.192291,0.097057,13.604369,0.099809,43.705113
1413393261005760512.000000,0.000000,0.000000,14.509661,6.997467,0.181250,0.089537,13.848757,0.107553,41.499484
1413393261055760384.000000,0.000000,0.000000,14.067479,9.616093,0.217411,0.063040,11.762298,0.079521,44.863176
1413393261105760512.000000,0.000000,0.000000,15.481770,8.339564,0.209859,0.091522,14.269625,0.076897,46.637983
1413393261155760384.000000,0.000000,0.000000,15.302247,8.394222,0.192034,0.101986,14.260185,7.380320,44.529188
1413393261205760512.000000,0.000000,0.000000,15.686925,9.917089,0.118177,0.077761,15.961488,0.106626,48.041681
1413393261255760384.000000,0.000000,0.000000,14.892098,8.713137,0.210722,0.092417,9.486267,0.078369,51.558208
1413393261305760512.000000,0.000000,0.000000,17.399395,8.203595,0.193954,0.088033,7.888359,0.095074,47.871439
1413393261355760384.000000,0.000000,0.000000,15.209126,6.201777,0.160194,0.054177,6.464980,0.047329,40.440846
1413393261405760512.000000,0.000000,0.000000,13.630193,5.464615,0.161347,0.107233,12.657445,0.079361,36.630077
1413393261455760384.000000,0.000000,0.000000,18.011914,5.275429,0.146210,0.096065,14.263258,0.089025,40.698642
1413393261505760512.000000,0.000000,0.000000,16.406550,5.140515,0.155234,0.101986,13.902869,7.389216,36.448730
1413393261555760384.000000,0.000000,0.000000,14.153336,7.553090,0.188354,0.069697,13.741715,0.101569,41.407739
1413393261605760512.000000,0.000000,0.000000,14.207577,7.473185,0.180386,0.105665,13.445071,0.099745,46.968676
1413393261655760384.000000,0.000000,0.000000,16.379829,8.087882,0.210147,0.091681,12.929193,0.098625,45.265486
1413393261705760512.000000,0.000000,0.000000,17.108095,5.376006,0.140354,0.094849,14.921346,8.618608,37.446696
1413393261755760384.000000,0.000000,0.000000,16.047857,4.658524,0.125282,0.168099,14.652382,0.117665,34.775397
1413393261805760512.000000,0.000000,0.000000,13.849685,4.721757,0.131553,0.099810,13.270156,0.117537,33.266129
1413393261855760384.000000,0.000000,0.000000,16.092273,4.581275,0.132194,0.086881,13.308717,0.115521,39.596580
1413393261905760512.000000,0.000000,0.000000,14.912578,5.273028,0.146946,0.058977,11.099984,10.074819,34.828037
1413393261955760384.000000,0.000000,0.000000,12.628676,4.681597,0.150146,0.204611,13.838228,0.135138,31.865087
1413393262005760512.000000,0.000000,0.000000,14.489917,4.717565,0.125889,0.095073,12.657157,0.131458,32.916717
1413393262055760384.000000,0.000000,0.000000,14.170648,4.625276,0.121026,0.078561,12.721126,0.149378,31.806110
1413393262105760512.000000,0.000000,0.000000,14.787104,6.261554,0.151522,0.098402,11.415124,9.931873,37.981966
1413393262155760384.000000,0.000000,0.000000,15.529258,8.879540,0.199267,0.212227,13.922581,0.155330,51.643041
1413393262205760512.000000,0.000000,0.000000,15.963471,8.146570,0.176514,0.099361,12.646213,0.156962,45.612690
1413393262255760384.000000,0.000000,0.000000,13.233356,6.666551,0.172930,0.086945,12.418594,0.158851,40.162155
1413393262305760512.000000,0.000000,0.000000,14.994500,8.851539,0.148866,0.067905,9.571452,8.183946,43.223635
1413393262355760384.000000,0.000000,0.000000,17.409667,7.934855,0.115010,0.125154,13.411695,0.114306,48.639321
1413393262405760512.000000,0.000000,0.000000,12.954025,7.385920,0.163650,0.106306,12.353697,0.121442,38.897531
1413393262455760384.000000,0.000000,0.000000,17.225248,7.895687,0.198787,0.090658,12.368641,0.125570,45.156684
1413393262505760512.000000,0.000000,0.000000,13.858645,8.431597,0.178466,0.099202,11.223122,0.213346,41.869985
1413393262555760384.000000,0.000000,0.000000,13.582609,8.621936,0.179011,0.081441,12.382721,13.396431,41.513501
1413393262605760512.000000,0.000000,0.000000,14.383515,8.864435,0.188194,0.289827,17.838217,0.371653,43.333877
1413393262655760384.000000,0.000000,0.000000,13.063850,8.404333,0.182754,0.133121,15.966768,0.172290,47.175430
1413393262705760512.000000,0.000000,0.000000,15.480202,6.451988,0.198722,0.120865,15.092485,0.165666,43.328469
1413393262755760384.000000,0.000000,0.000000,13.861876,6.458836,0.177603,0.101698,14.015094,0.165794,40.654098
1413393262805760512.000000,0.000000,0.000000,11.881371,6.640791,0.157698,0.128162,14.823905,0.135650,37.521225
1413393262855760384.000000,0.000000,0.000000,14.268922,8.345869,0.156802,0.104482,14.933922,0.148386,42.420072
1413393262905760512.000000,0.000000,0.000000,13.389934,7.124860,0.182434,0.101025,14.896546,0.136833,46.002167
1413393262955760384.000000,0.000000,0.000000,13.067914,6.167408,0.164610,0.102402,14.268857,10.136484,38.904474
1413393263005760512.000000,0.000000,0.000000,12.612356,6.409300,0.158338,0.275044,18.837813,0.264100,39.537539
1413393263055760384.000000,0.000000,0.000000,13.737971,7.485153,0.158594,0.140514,15.794382,0.150978,41.715199
1413393263105760512.000000,0.000000,0.000000,13.202156,7.334336,0.188066,0.141954,16.624408,0.169474,43.246803
1413393263155760384.000000,0.000000,0.000000,14.430812,6.001230,0.189667,0.133858,15.257639,0.158626,41.122744
1413393263205760512.000000,0.000000,0.000000,13.397422,8.559024,0.175202,0.170787,16.590264,0.280611,48.712474
1413393263255760384.000000,0.000000,0.000000,13.541360,6.708376,0.163138,0.123650,16.548183,0.133730,41.948707
1413393263305760512.000000,0.000000,0.000000,12.629733,7.047452,0.194530,0.134978,16.010833,0.130978,38.255410
1413393263355760384.000000,0.000000,0.000000,12.554884,6.504500,0.156642,0.125985,16.435126,0.136386,37.557577
1413393263405760512.000000,0.000000,0.000000,12.848040,7.220606,0.173890,0.113409,16.837884,0.144514,38.781017
1413393263455760384.000000,0.000000,0.000000,13.582449,8.119242,0.069025,0.116642,16.294196,8.032520,46.928579
1413393263505760512.000000,0.000000,0.000000,14.161304,6.685239,0.197378,0.232227,16.997149,0.370981,41.321786
1413393263555760384.000000,0.000000,0.000000,13.740562,7.591938,0.170082,0.127394,16.184915,0.157570,40.456399
1413393263605760512.000000,0.000000,0.000000,11.883035,5.878573,0.166626,0.125313,15.192262,0.192738,36.215064
1413393263655760384.000000,0.000000,0.000000,11.635416,5.228068,0.159106,0.128642,15.548458,0.203810,39.593636
1413393263705760512.000000,0.000000,0.000000,13.898613,7.614883,0.164674,0.136162,14.976771,8.339404,40.143722
1413393263755760384.000000,0.000000,0.000000,11.149905,5.015521,0.141921,0.279684,18.331950,0.324260,34.711908
1413393263805760512.000000,0.000000,0.000000,11.525462,5.128931,0.155778,0.147266,13.391918,0.236547,35.786258
1413393263855760384.000000,0.000000,0.000000,12.629253,7.091164,0.159042,0.125250,12.762214,0.171426,43.195315
1413393263905760512.000000,0.000000,0.000000,13.734419,7.051420,0.166338,0.108225,12.014140,0.133250,39.753829
1413393263955760384.000000,0.000000,0.000000,11.947580,5.486119,0.154050,0.083969,13.570385,5.863052,35.431277
1413393264005760512.000000,0.000000,0.000000,12.668517,8.123850,0.152802,0.072641,13.874293,0.133442,39.200415
1413393264055760384.000000,0.000000,0.000000,12.171902,5.180963,0.168195,0.128130,13.099115,0.236419,39.254559
1413393264105760512.000000,0.000000,0.000000,11.622263,5.055330,0.179106,0.135842,15.722349,0.160738,35.449902
1413393264155760384.000000,0.000000,0.000000,12.270912,5.285060,0.163042,0.131746,15.644267,0.148898,35.638704
1413393264205760512.000000,0.000000,0.000000,12.691814,6.089455,0.152322,0.090369,17.807176,0.124385,37.638474
1413393264255760384.000000,0.000000,0.000000,13.029898,8.260044,0.163714,0.161282,17.495076,0.139041,38.936155
1413393264305760512.000000,0.000000,0.000000,12.990921,9.991042,0.214338,0.154370,17.215328,0.132898,44.784231
1413393264355760384.000000,0.000000,0.000000,13.808500,9.323353,0.190755,0.145922,17.379778,0.131713,50.699764
1413393264405760512.000000,0.000000,0.000000,13.273452,6.367283,0.145122,0.148546,17.498468,0.146562,39.914503
1413393264455760384.000000,0.000000,0.000000,16.067089,8.727121,0.181090,0.145762,17.705639,6.637110,45.444720
1413393264505760512.000000,0.000000,0.000000,14.253849,5.695755,0.125217,0.088641,16.893724,0.149250,39.055132
1413393264555760384.000000,0.000000,0.000000,12.119902,7.417920,0.155490,0.163491,14.839777,0.242947,43.697241
1413393264605760512.000000,0.000000,0.000000,14.224857,8.493167,0.200354,0.151362,13.360878,0.208387,42.881582
1413393264655760384.000000,0.000000,0.000000,12.970953,7.253918,0.195906,0.083201,12.080350,0.119650,40.105002
1413393264705760512.000000,0.000000,0.000000,13.947446,8.297932,0.182690,0.149026,17.251521,0.117537,41.963682
1413393264755760384.000000,0.000000,0.000000,12.750822,8.909364,0.211779,0.162050,16.677946,0.120898,49.642470
1413393264805760512.000000,0.000000,0.000000,13.728595,7.711908,0.174466,0.151202,16.689561,7.081020,41.653950
1413393264855760384.000000,0.000000,0.000000,14.467900,7.196926,0.179490,0.232004,17.884680,0.280739,40.735443
1413393264905760512.000000,0.000000,0.000000,11.686328,5.620649,0.167874,0.160163,14.977283,0.202371,35.574383
1413393264955760384.000000,0.000000,0.000000,12.660324,5.813132,0.168578,0.144930,15.748301,0.187650,36.642781
1413393265005760512.000000,0.000000,0.000000,12.874183,5.609962,0.176354,0.133954,15.588363,0.173698,42.593131
1413393265055760384.000000,0.000000,0.000000,12.275136,4.920448,0.177795,0.133122,14.633438,7.848166,36.241080
1413393265105760512.000000,0.000000,0.000000,12.323776,5.142275,0.177378,0.271492,16.279956,0.267139,36.454299
1413393265155760384.000000,0.000000,0.000000,11.032591,5.271269,0.181283,0.148770,15.383720,0.196579,34.296287
1413393265205760512.000000,0.000000,0.000000,12.548739,4.648092,0.183202,0.121474,15.351944,0.175107,41.088407
1413393265255760384.000000,0.000000,0.000000,13.972054,7.147133,0.162082,0.150338,16.013072,7.434881,39.435202
1413393265305760512.000000,0.000000,0.000000,11.568503,4.522491,0.169954,0.249956,15.861454,0.248419,34.050779
1413393265355760384.000000,0.000000,0.000000,12.696677,5.484808,0.157570,0.148418,15.810413,0.183843,36.395418
1413393265405760512.000000,0.000000,0.000000,10.469352,4.090101,0.156962,0.174850,16.641785,0.212131,30.545198
1413393265455760384.000000,0.000000,0.000000,15.902768,4.077813,0.106241,0.101889,13.541648,7.392576,38.548214
1413393265505760512.000000,0.000000,0.000000,14.077655,8.619472,0.195810,0.242371,16.923645,0.274147,48.634169
1413393265555760384.000000,0.000000,0.000000,14.425404,7.528130,0.162178,0.170466,16.786363,0.188866,42.475722
1413393265605760512.000000,0.000000,0.000000,12.736518,4.298232,0.122242,0.131233,16.155955,0.204066,30.670127
1413393265655760384.000000,0.000000,0.000000,13.462223,3.031367,0.090401,0.133282,15.790701,7.486945,28.803095
1413393265705760512.000000,0.000000,0.000000,12.331649,3.138825,0.102881,0.247140,17.861736,0.335717,26.463832
1413393265755760384.000000,0.000000,0.000000,12.500866,5.031170,0.154626,0.151618,16.780891,0.179202,34.664420
1413393265805760512.000000,0.000000,0.000000,13.530992,7.272223,0.170690,0.142049,16.944893,0.176738,39.465282
1413393265855760384.000000,0.000000,0.000000,12.921257,7.701572,0.182754,0.108226,15.130341,0.244483,46.384348
1413393265905760512.000000,0.000000,0.000000,13.800595,8.175978,0.143138,0.130818,17.004253,6.866297,40.257036
1413393265955760384.000000,0.000000,0.000000,12.707654,6.178449,0.159778,0.141506,18.702195,0.320548,36.769278
1413393266005760512.000000,0.000000,0.000000,11.866363,7.658115,0.166562,0.127778,17.492259,0.183651,36.828703
1413393266055760384.000000,0.000000,0.000000,12.450914,7.964424,0.160738,0.161186,17.591910,0.168771,48.314133
1413393266105760512.000000,0.000000,0.000000,12.455395,8.860596,0.155234,0.119777,15.861007,0.169506,40.426062
1413393266155760384.000000,0.000000,0.000000,13.251628,10.066531,0.160610,0.089569,16.752314,0.122306,41.032310
1413393266205760512.000000,0.000000,0.000000,14.956515,11.135953,0.157090,0.132449,17.162528,0.121634,44.084126
1413393266255760384.000000,0.000000,0.000000,12.652421,10.989263,0.150754,0.123650,17.043294,0.125026,47.878800
1413393266305760512.000000,0.000000,0.000000,12.508451,11.121264,0.138818,0.137922,17.270721,0.125602,42.117860
1413393266355760384.000000,0.000000,0.000000,14.055223,10.621002,0.084354,0.143810,16.979645,0.118178,41.818241
1413393266405760512.000000,0.000000,0.000000,12.913896,13.610769,0.142434,0.138786,16.635640,6.917626,43.624216
1413393266455760384.000000,0.000000,0.000000,13.739283,12.220127,0.158722,0.086369,17.650054,0.134818,50.323823
1413393266505760512.000000,0.000000,0.000000,14.759809,13.721171,0.079521,0.146146,15.178662,0.248131,47.183847
1413393266555760384.000000,0.000000,0.000000,15.575723,13.003402,0.165635,0.142530,18.380240,0.205474,45.907990
1413393266605760512.000000,0.000000,0.000000,14.377691,11.700281,0.149314,0.155778,16.154611,0.249027,43.059089
1413393266655760384.000000,0.000000,0.000000,13.805908,9.504315,0.149442,0.146689,17.336130,0.121857,45.238189
1413393266705760512.000000,0.000000,0.000000,20.718158,11.362451,0.085921,0.159362,18.261486,0.125570,49.960427
1413393266755760384.000000,0.000000,0.000000,15.991985,12.165246,0.079457,0.140706,17.010334,0.133762,44.825256
1413393266805760512.000000,0.000000,0.000000,13.584336,11.458518,0.081825,0.145793,18.331087,0.127553,41.863745
1413393266855760384.000000,0.000000,0.000000,16.725818,12.551556,0.090433,0.138466,17.395010,0.130146,45.057899
1413393266905760512.000000,0.000000,0.000000,18.313391,13.456303,0.163042,0.164802,18.768405,6.413460,61.998311
1413393266955760384.000000,0.000000,0.000000,16.063345,11.469013,0.151042,0.209347,19.925123,0.294148,50.555346
1413393267005760512.000000,0.000000,0.000000,15.331208,10.426408,0.166594,0.168514,19.258811,0.213667,46.507773
1413393267055760384.000000,0.000000,0.000000,15.729101,10.566314,0.151618,0.152002,17.814280,0.241988,46.143513
1413393267105760512.000000,0.000000,0.000000,15.963696,10.480264,0.155362,0.137057,16.787899,0.209731,49.261153
1413393267155760384.000000,0.000000,0.000000,15.431017,10.919983,0.180514,0.134978,16.041328,6.495221,45.769908
1413393267205760512.000000,0.000000,0.000000,16.496534,11.307732,0.178914,0.239236,17.306977,0.291748,47.323752
1413393267255760384.000000,0.000000,0.000000,15.116933,12.357921,0.176803,0.130946,16.179795,0.223299,47.042437
1413393267305760512.000000,0.000000,0.000000,14.511485,12.050173,0.172514,0.128642,16.124274,0.217570,55.379601
1413393267355760384.000000,0.000000,0.000000,16.186003,11.185778,0.161218,0.126658,15.434505,5.731659,51.325564
1413393267405760512.000000,0.000000,0.000000,15.361096,9.615613,0.161922,0.208483,16.799451,0.280388,45.530065
1413393267455760384.000000,0.000000,0.000000,19.713120,11.080432,0.185154,0.133889,16.731194,0.198115,52.283977
1413393267505760512.000000,0.000000,0.000000,15.905488,9.666942,0.168802,0.127137,16.352565,0.186274,46.265978
1413393267555760384.000000,0.000000,0.000000,14.381435,10.225382,0.174818,0.088481,14.695136,6.069839,46.060280
1413393267605760512.000000,0.000000,0.000000,15.808942,10.844365,0.186274,0.203554,16.162835,0.284996,47.316584
1413393267655760384.000000,0.000000,0.000000,14.806625,10.862094,0.176354,0.129986,15.364616,0.171235,46.559199
1413393267705760512.000000,0.000000,0.000000,14.606526,11.951067,0.188259,0.115009,16.231316,0.198466,47.704109
1413393267755760384.000000,0.000000,0.000000,16.409366,11.582039,0.196419,0.078177,15.308744,5.638026,49.503844
1413393267805760512.000000,0.000000,0.000000,16.298037,11.344339,0.185666,0.223266,17.174496,0.245091,56.550689
1413393267855760384.000000,0.000000,0.000000,17.293634,10.096835,0.165315,0.126369,15.743149,0.165474,49.588518
1413393267905760512.000000,0.000000,0.000000,15.508778,9.383386,0.177890,0.112258,15.163685,0.169762,46.220410
1413393267955760384.000000,0.000000,0.000000,14.914114,9.910017,0.171683,0.090817,13.175020,5.967181,44.854505
1413393268005760512.000000,0.000000,0.000000,15.874159,9.627230,0.171234,0.235523,16.415318,0.268835,46.150233
1413393268055760384.000000,0.000000,0.000000,17.030942,10.453160,0.176898,0.118146,15.797805,0.168546,55.386225
1413393268105760512.000000,0.000000,0.000000,15.633804,9.846561,0.197315,0.112353,16.051921,0.198946,49.195424
1413393268155760384.000000,0.000000,0.000000,15.067205,7.273054,0.150434,0.086145,14.369595,6.887994,40.946037
1413393268205760512.000000,0.000000,0.000000,16.937596,7.117533,0.162178,0.205539,15.430409,0.276419,41.593981
1413393268255760384.000000,0.000000,0.000000,16.171858,7.145534,0.146658,0.113090,14.477884,0.176546,40.096971
1413393268305760512.000000,0.000000,0.000000,15.995280,8.875924,0.167458,0.101601,15.942831,0.228259,55.197519
1413393268355760384.000000,0.000000,0.000000,16.593208,8.370637,0.073825,0.097697,15.804142,6.307090,43.544599
1413393268405760512.000000,0.000000,0.000000,16.311797,6.160080,0.148802,0.225763,15.580203,0.308388,40.719858
1413393268455760384.000000,0.000000,0.000000,16.804602,9.432539,0.160962,0.115810,15.957583,0.170242,46.935747
1413393268505760512.000000,0.000000,0.000000,14.951747,8.593680,0.174082,0.113154,16.377589,0.186594,44.041405
1413393268555760384.000000,0.000000,0.000000,19.332380,10.084387,0.192675,0.087073,13.805780,8.221419,52.439274
1413393268605760512.000000,0.000000,0.000000,16.001840,9.619197,0.171010,0.236292,16.223283,0.300164,48.090099
1413393268655760384.000000,0.000000,0.000000,17.858761,9.500092,0.178114,0.113826,16.021744,0.169922,49.565222
1413393268705760512.000000,0.000000,0.000000,15.683596,9.205432,0.180451,0.113217,15.663948,0.175682,46.966436
1413393268755760384.000000,0.000000,0.000000,16.558679,10.016194,0.183042,0.101345,16.134386,8.235819,48.888733
1413393268805760512.000000,0.000000,0.000000,15.119749,11.933979,0.201091,0.249763,18.051595,0.297060,56.317822
1413393268855760384.000000,0.000000,0.000000,17.056862,10.505481,0.162690,0.125090,16.914428,0.194850,49.298146
1413393268905760512.000000,0.000000,0.000000,17.496708,8.107178,0.076129,0.120866,16.628120,0.169474,45.629938
1413393268955760384.000000,0.000000,0.000000,16.876924,7.238174,0.140321,0.100097,15.929328,0.263780,42.423016
1413393269005760512.000000,0.000000,0.000000,18.597554,6.547765,0.145090,0.123073,16.046513,8.293388,41.854177
1413393269055760384.000000,0.000000,0.000000,18.881877,9.058838,0.171266,0.081057,15.975312,0.135970,49.888265
1413393269105760512.000000,0.000000,0.000000,16.726553,9.896929,0.093441,0.119617,13.784852,0.226979,48.114418
1413393269155760384.000000,0.000000,0.000000,15.661452,9.539708,0.178882,0.124385,13.606386,0.179875,53.493400
1413393269205760512.000000,0.000000,0.000000,15.287239,7.520130,0.148865,0.110625,16.078610,6.132944,45.795412
1413393269255760384.000000,0.000000,0.000000,19.493246,8.709074,0.172546,0.088897,13.266253,0.117602,47.993840
1413393269305760512.000000,0.000000,0.000000,16.564887,9.609149,0.172194,0.155490,16.990014,0.177187,46.808418
1413393269355760384.000000,0.000000,0.000000,15.615276,9.906593,0.161794,0.129442,15.856750,0.220579,45.853877
1413393269405760512.000000,0.000000,0.000000,15.546570,10.222214,0.165410,0.088417,14.540445,7.802021,52.735823
1413393269455760384.000000,0.000000,0.000000,16.271700,10.338663,0.168482,0.247203,16.819643,0.241699,47.899728
1413393269505760512.000000,0.000000,0.000000,13.932374,9.498715,0.159522,0.134626,15.932015,0.179778,43.868956
1413393269555760384.000000,0.000000,0.000000,15.240231,9.063190,0.085761,0.126626,16.067473,0.185219,42.791533
1413393269605760512.000000,0.000000,0.000000,20.328745,10.139652,0.098722,0.122978,15.977488,7.421537,58.526170
1413393269655760384.000000,0.000000,0.000000,15.307559,9.066615,0.183746,0.241315,17.731207,0.342597,44.225664
1413393269705760512.000000,0.000000,0.000000,15.498666,9.967650,0.170723,0.144769,17.620294,0.163426,46.532734
1413393269755760384.000000,0.000000,0.000000,15.874895,10.194085,0.177571,0.147746,16.045873,0.164418,47.955121
1413393269805760512.000000,0.000000,0.000000,15.468137,9.778687,0.186243,0.123010,15.407337,6.700760,50.879030
1413393269855760384.000000,0.000000,0.000000,14.601246,8.601520,0.175522,0.257571,17.445604,0.235459,43.489526
1413393269905760512.000000,0.000000,0.000000,15.163045,9.393562,0.180386,0.139201,16.616345,0.170563,46.753057
1413393269955760384.000000,0.000000,0.000000,16.419862,9.303833,0.218307,0.134561,16.604185,0.164514,46.728864
1413393270005760512.000000,0.000000,0.000000,17.981834,10.059939,0.214403,0.122498,16.432470,7.544835,55.948569
1413393270055760384.000000,0.000000,0.000000,15.040548,8.539663,0.173826,0.257027,17.893065,0.238691,46.519454
1413393270105760512.000000,0.000000,0.000000,18.364271,8.614448,0.203490,0.157186,16.685817,0.173346,48.782555
1413393270155760384.000000,0.000000,0.000000,18.399536,8.917044,0.187555,0.147106,16.105074,0.179682,49.473316
1413393270205760512.000000,0.000000,0.000000,15.564459,8.455694,0.194402,0.136577,14.928579,0.231235,43.949820
1413393270255760384.000000,0.000000,0.000000,17.335522,9.348154,0.217219,0.150754,16.945117,6.349491,55.213455
1413393270305760512.000000,0.000000,0.000000,16.296148,8.668689,0.186018,0.221539,17.228320,0.286756,49.063679
1413393270355760384.000000,0.000000,0.000000,17.235360,8.674033,0.224099,0.103361,16.054865,0.142882,48.676602
1413393270405760512.000000,0.000000,0.000000,16.166963,8.668913,0.086401,0.142754,16.146706,0.190306,48.173171
1413393270455760384.000000,0.000000,0.000000,16.146195,8.368653,0.190659,0.111681,15.668844,0.175554,45.188364
1413393270505760512.000000,0.000000,0.000000,17.719495,9.721375,0.213603,0.160578,17.337057,6.226577,49.275650
1413393270555760384.000000,0.000000,0.000000,17.732999,9.923745,0.204803,0.181794,18.346127,0.311844,49.664903
1413393270605760512.000000,0.000000,0.000000,16.866492,9.570461,0.109633,0.135490,16.059153,0.148610,48.352565
1413393270655760384.000000,0.000000,0.000000,16.426326,11.216242,0.217283,0.153058,15.209126,0.141026,49.821929
1413393270705760512.000000,0.000000,0.000000,17.242753,11.602903,0.247267,0.102177,15.359144,0.168066,51.008376
1413393270755760384.000000,0.000000,0.000000,16.223859,10.404487,0.203907,0.147618,17.606342,0.118946,55.132270
1413393270805760512.000000,0.000000,0.000000,19.747169,9.388090,0.216931,0.161378,18.187213,0.126081,51.859939
1413393270855760384.000000,0.000000,0.000000,17.330338,7.293983,0.206306,0.160418,16.970237,0.124513,45.046987
1413393270905760512.000000,0.000000,0.000000,18.578546,6.898810,0.168898,0.184738,17.030718,0.122498,49.054303
1413393270955760384.000000,0.000000,0.000000,14.950147,8.839635,0.216451,0.164994,16.452854,0.135809,44.981578
1413393271005760512.000000,0.000000,0.000000,15.890063,8.913076,0.093762,0.159074,17.536709,6.364083,47.150662
1413393271055760384.000000,0.000000,0.000000,18.856662,9.740959,0.211459,0.212227,18.685107,0.256131,52.036038
1413393271105760512.000000,0.000000,0.000000,17.002654,9.613501,0.200290,0.151394,16.918717,0.142786,48.577720
1413393271155760384.000000,0.000000,0.000000,16.509047,10.889454,0.244260,0.180003,17.137183,0.181731,50.711348
1413393271205760512.000000,0.000000,0.000000,16.812923,10.400040,0.191138,0.165826,15.932784,0.180034,49.512069
1413393271255760384.000000,0.000000,0.000000,18.116268,10.589002,0.249795,0.090305,15.551274,0.287204,59.084610
1413393271305760512.000000,0.000000,0.000000,17.105279,9.286041,0.091585,0.134210,16.635640,0.134145,51.569184
1413393271355760384.000000,0.000000,0.000000,17.056990,9.670558,0.099713,0.171746,16.304244,0.143394,51.149914
1413393271405760512.000000,0.000000,0.000000,17.256129,9.123223,0.189986,0.167266,16.342869,0.139778,49.592550
1413393271455760384.000000,0.000000,0.000000,18.568369,9.327385,0.097473,0.173506,16.335029,0.148034,49.685255
1413393271505760512.000000,0.000000,0.000000,19.964612,9.235384,0.229059,0.160546,16.785051,7.773509,56.458239
1413393271555760384.000000,0.000000,0.000000,16.768826,10.118020,0.213858,0.200739,18.275758,0.288803,49.275073
1413393271605760512.000000,0.000000,0.000000,16.479447,9.695454,0.213538,0.150818,16.634072,0.152258,47.463114
1413393271655760384.000000,0.000000,0.000000,15.886831,9.439067,0.188066,0.156066,16.292820,0.186338,45.705875
1413393271705760512.000000,0.000000,0.000000,16.591865,9.841440,0.186562,0.161090,16.907260,0.195843,52.296297
1413393271755760384.000000,0.000000,0.000000,13.719283,9.294137,0.087841,0.139554,15.527978,0.140994,44.939626
1413393271805760512.000000,0.000000,0.000000,16.366261,10.130371,0.092610,0.188419,18.427824,0.135266,48.264597
1413393271855760384.000000,0.000000,0.000000,16.233684,9.486203,0.227107,0.172770,17.635973,0.148770,46.992228
1413393271905760512.000000,0.000000,0.000000,16.710169,10.126275,0.093601,0.163810,17.175232,0.128962,52.136999
1413393271955760384.000000,0.000000,0.000000,17.022590,9.066295,0.100002,0.203490,17.776840,0.145730,46.841442
1413393272005760512.000000,0.000000,0.000000,15.898415,9.415803,0.187394,0.156674,17.023902,7.321215,45.696275
1413393272055760384.000000,0.000000,0.000000,15.723085,9.760351,0.196323,0.255556,22.754408,0.307460,46.945731
1413393272105760512.000000,0.000000,0.000000,19.276059,10.011106,0.235907,0.143810,17.956137,0.147874,54.933707
1413393272155760384.000000,0.000000,0.000000,19.742337,9.337049,0.183139,0.186083,18.318350,0.184482,51.477822
1413393272205760512.000000,0.000000,0.000000,16.775354,9.608317,0.208291,0.182307,18.539633,0.212195,47.118854
1413393272255760384.000000,0.000000,0.000000,21.249717,10.029410,0.222691,0.171810,18.107948,0.147970,51.527391
1413393272305760512.000000,0.000000,0.000000,14.565278,9.945345,0.180450,0.202467,17.853929,0.137026,47.973873
1413393272355760384.000000,0.000000,0.000000,17.652678,8.885459,0.177570,0.182050,18.863254,0.141442,47.893296
1413393272405760512.000000,0.000000,0.000000,15.483850,10.146212,0.192130,0.174274,17.570533,0.136930,46.406396
1413393272455760384.000000,0.000000,0.000000,15.897103,11.208594,0.226275,0.176963,18.061739,0.142402,48.204948
1413393272505760512.000000,0.000000,0.000000,16.191891,10.661963,0.193442,0.198499,17.614725,6.049455,52.939762
1413393272555760384.000000,0.000000,0.000000,15.423593,9.345401,0.085921,0.231139,19.763937,0.283748,45.231885
1413393272605760512.000000,0.000000,0.000000,15.081509,8.220683,0.221923,0.231491,18.320879,0.155426,42.741612
1413393272655760384.000000,0.000000,0.000000,16.884091,11.387284,0.234371,0.180195,17.991498,0.178626,49.347427
1413393272705760512.000000,0.000000,0.000000,15.590347,11.073873,0.211203,0.179875,18.343215,0.193379,53.445656
1413393272755760384.000000,0.000000,0.000000,15.005187,9.184504,0.182146,0.181410,17.951402,0.178435,44.873928
1413393272805760512.000000,0.000000,0.000000,16.468343,10.439496,0.200162,0.161090,18.270126,0.131778,47.930352
1413393272855760384.000000,0.000000,0.000000,15.701036,10.702411,0.204354,0.202947,18.209613,0.139298,47.899856
1413393272905760512.000000,0.000000,0.000000,17.756552,11.231090,0.202947,0.196322,17.933706,0.135714,55.778455
1413393272955760384.000000,0.000000,0.000000,13.662194,9.785983,0.184002,0.204163,18.558674,0.140674,44.851656
1413393273005760512.000000,0.000000,0.000000,17.203456,10.635882,0.212579,0.170754,17.148159,5.833804,48.216244
1413393273055760384.000000,0.000000,0.000000,14.976867,10.722124,0.207683,0.240899,21.134099,0.271780,46.226714
1413393273105760512.000000,0.000000,0.000000,15.330439,11.075440,0.102562,0.215650,17.953802,0.173250,55.757110
1413393273155760384.000000,0.000000,0.000000,14.171096,10.026563,0.252579,0.192578,16.778555,0.197859,47.618956
1413393273205760512.000000,0.000000,0.000000,15.933167,11.010768,0.103169,0.192194,17.809512,0.213059,49.098527
1413393273255760384.000000,0.000000,0.000000,14.641343,9.318201,0.210178,0.173123,17.489731,0.179938,45.596498
1413393273305760512.000000,0.000000,0.000000,15.669580,9.929025,0.222531,0.225475,20.143302,0.270755,46.635168
1413393273355760384.000000,0.000000,0.000000,15.584971,7.666371,0.223618,0.208899,19.704705,0.149730,51.133177
1413393273405760512.000000,0.000000,0.000000,16.432278,8.725810,0.234403,0.207587,19.692192,0.149986,46.312859
1413393273455760384.000000,0.000000,0.000000,16.433366,6.553781,0.177059,0.200195,19.723936,0.161058,42.077380
1413393273505760512.000000,0.000000,0.000000,15.698988,6.572822,0.207395,0.177475,17.325633,6.380947,41.042199
1413393273555760384.000000,0.000000,0.000000,14.559773,6.639830,0.172707,0.262275,20.637133,0.289155,48.314838
1413393273605760512.000000,0.000000,0.000000,14.424668,6.573333,0.207427,0.213474,17.104159,0.173122,39.051581
1413393273655760384.000000,0.000000,0.000000,23.236335,8.914036,0.200290,0.181539,17.446115,0.199394,54.796714
1413393273705760512.000000,0.000000,0.000000,15.491850,8.111914,0.103809,0.172642,17.720935,0.195139,44.500035
1413393273755760384.000000,0.000000,0.000000,14.973571,9.448283,0.218563,0.170818,16.392661,0.200675,51.539807
1413393273805760512.000000,0.000000,0.000000,13.524112,7.886022,0.186978,0.193218,18.533841,0.330917,43.606648
1413393273855760384.000000,0.000000,0.000000,16.396565,9.141271,0.194723,0.172610,19.113849,0.167170,46.592638
1413393273905760512.000000,0.000000,0.000000,13.898837,8.307820,0.196355,0.176930,17.275169,7.065276,43.525271
1413393273955760384.000000,0.000000,0.000000,15.449097,8.968148,0.188514,0.090401,16.847995,0.150274,51.507359
1413393274005760512.000000,0.000000,0.000000,14.187289,8.124234,0.233763,0.182115,17.490052,0.189187,45.460144
1413393274055760384.000000,0.000000,0.000000,14.463804,9.627933,0.254372,0.171843,17.301345,0.186403,46.718016
1413393274105760512.000000,0.000000,0.000000,13.951126,7.996264,0.188386,0.145410,16.746458,0.178883,41.759200
1413393274155760384.000000,0.000000,0.000000,12.882664,8.109321,0.209570,0.152962,18.103436,0.139394,47.208167
1413393274205760512.000000,0.000000,0.000000,13.402799,8.045640,0.093985,0.184707,17.308673,0.155362,44.092638
1413393274255760384.000000,0.000000,0.000000,15.256039,8.820499,0.194051,0.186594,17.432611,0.152098,45.864501
1413393274305760512.000000,0.000000,0.000000,14.496924,8.373453,0.186499,0.159138,17.498116,0.154210,43.835546
1413393274355760384.000000,0.000000,0.000000,14.144568,8.594864,0.240835,0.156098,17.226144,7.591555,50.830038
1413393274405760512.000000,0.000000,0.000000,13.345038,7.412256,0.224419,0.204195,17.303201,0.312900,43.915387
1413393274455760384.000000,0.000000,0.000000,13.307470,7.380576,0.200227,0.129314,17.114110,0.160898,42.788205
1413393274505760512.000000,0.000000,0.000000,14.992867,8.122346,0.170178,0.158594,16.388182,0.164674,44.447043
1413393274555760384.000000,0.000000,0.000000,15.076388,7.518658,0.207619,0.171586,16.927709,0.190083,42.536906
1413393274605760512.000000,0.000000,0.000000,13.308269,7.626116,0.206082,0.162050,16.409174,0.176707,49.043487
1413393274655760384.000000,0.000000,0.000000,15.556714,7.777477,0.242691,0.110849,17.612326,0.144834,45.761652
1413393274705760512.000000,0.000000,0.000000,15.312295,7.988616,0.195459,0.155714,17.840712,0.164546,44.227648
1413393274755760384.000000,0.000000,0.000000,13.629873,7.130173,0.199331,0.158338,17.811368,0.159330,41.996067
1413393274805760512.000000,0.000000,0.000000,14.677279,6.742232,0.212099,0.167682,15.861551,8.659889,42.123908
1413393274855760384.000000,0.000000,0.000000,14.052151,7.787877,0.246500,0.223203,19.680480,0.277892,50.532050
1413393274905760512.000000,0.000000,0.000000,16.632185,7.403809,0.106306,0.154434,17.242272,0.154850,47.889488
1413393274955760384.000000,0.000000,0.000000,21.478968,8.047497,0.214403,0.161218,17.161280,0.188707,50.787094
1413393275005760512.000000,0.000000,0.000000,14.135352,8.109994,0.184898,0.162786,17.298369,0.184226,41.068599
1413393275055760384.000000,0.000000,0.000000,14.655519,7.822790,0.200355,0.150754,15.856623,0.188866,42.926575
1413393275105760512.000000,0.000000,0.000000,13.597905,7.535362,0.255619,0.104097,18.737620,0.138721,43.924892
1413393275155760384.000000,0.000000,0.000000,16.354197,9.543292,0.248899,0.194978,18.445200,0.154402,49.345347
1413393275205760512.000000,0.000000,0.000000,14.125528,9.200824,0.228515,0.171490,16.608056,0.136769,45.385199
1413393275255760384.000000,0.000000,0.000000,15.127077,8.944724,0.228835,0.159970,17.746311,0.148034,46.144569
1413393275305760512.000000,0.000000,0.000000,14.587582,7.898823,0.211427,0.161986,18.327023,6.669270,44.076286
1413393275355760384.000000,0.000000,0.000000,14.002967,8.752562,0.228355,0.225443,21.031858,0.287427,51.745474
1413393275405760512.000000,0.000000,0.000000,15.916911,7.797605,0.175650,0.146017,17.431555,0.162754,48.040594
1413393275455760384.000000,0.000000,0.000000,16.393782,8.209003,0.210530,0.181378,17.111967,0.166306,47.081093
1413393275505760512.000000,0.000000,0.000000,14.640895,8.533391,0.188130,0.178562,17.458212,0.196163,45.842197
1413393275555760384.000000,0.000000,0.000000,14.326715,7.405408,0.180066,0.165666,15.890543,0.191874,41.173048
1413393275605760512.000000,0.000000,0.000000,16.702970,8.985237,0.201571,0.201218,18.024171,0.136961,46.612511
1413393275655760384.000000,0.000000,0.000000,16.820699,7.855238,0.214147,0.167746,17.972138,0.146081,46.709185
1413393275705760512.000000,0.000000,0.000000,16.143635,8.788210,0.202883,0.168514,17.680870,0.146562,46.563135
1413393275755760384.000000,0.000000,0.000000,14.020503,8.345708,0.203971,0.162754,18.205677,0.161154,43.921468
1413393275805760512.000000,0.000000,0.000000,16.704058,8.176874,0.200227,0.170658,18.800949,7.055292,46.336827
1413393275855760384.000000,0.000000,0.000000,18.385071,9.356442,0.222723,0.265315,20.266792,0.326853,57.407340
1413393275905760512.000000,0.000000,0.000000,16.651993,7.323648,0.190562,0.137666,18.392048,0.161251,47.619980
1413393275955760384.000000,0.000000,0.000000,15.769837,7.724325,0.219875,0.171938,18.571378,0.194402,45.482288
1413393276005760512.000000,0.000000,0.000000,16.159603,8.949140,0.194370,0.167939,17.270496,0.165218,46.600415
1413393276055760384.000000,0.000000,0.000000,14.418619,7.580130,0.201571,0.185730,16.828987,0.243523,44.167583
1413393276105760512.000000,0.000000,0.000000,14.407548,8.022665,0.206626,0.190530,18.721428,0.296516,43.132082
1413393276155760384.000000,0.000000,0.000000,15.796686,8.274892,0.222563,0.143458,16.737594,0.136353,47.904527
1413393276205760512.000000,0.000000,0.000000,18.331535,9.225592,0.234468,0.165314,18.942775,0.158338,50.293423
1413393276255760384.000000,0.000000,0.000000,15.759885,7.965864,0.235075,0.168034,18.455280,0.154850,46.019480
1413393276305760512.000000,0.000000,0.000000,15.849390,8.110026,0.198787,0.185443,18.711027,6.454548,46.964676
1413393276355760384.000000,0.000000,0.000000,17.884617,8.433806,0.220099,0.305700,20.341961,0.243587,55.603092
1413393276405760512.000000,0.000000,0.000000,18.717940,7.384576,0.226147,0.168162,17.153535,0.154050,54.557607
1413393276455760384.000000,0.000000,0.000000,19.637119,7.442753,0.242179,0.173570,17.987307,0.196227,50.537106
1413393276505760512.000000,0.000000,0.000000,14.963011,7.515778,0.200034,0.190114,17.890153,0.207139,46.000631
1413393276555760384.000000,0.000000,0.000000,15.799950,7.095996,0.215234,0.171811,17.454659,0.253059,46.823489
1413393276605760512.000000,0.000000,0.000000,14.941507,7.985192,0.236451,0.216003,19.604223,0.265603,46.220570
1413393276655760384.000000,0.000000,0.000000,15.763853,7.240927,0.206466,0.164770,16.588600,0.146434,46.164985
1413393276705760512.000000,0.000000,0.000000,17.130431,9.266521,0.233091,0.168514,17.836520,0.142146,50.463377
1413393276755760384.000000,0.000000,0.000000,17.570117,7.676452,0.234595,0.192514,17.014078,6.906682,47.857199
1413393276805760512.000000,0.000000,0.000000,16.144595,7.890471,0.220930,0.251620,18.441744,0.311876,47.248359
1413393276855760384.000000,0.000000,0.000000,15.928175,7.531842,0.202178,0.133410,17.195744,0.162306,52.240265
1413393276905760512.000000,0.000000,0.000000,15.141669,6.976731,0.218883,0.163170,16.984957,0.191074,47.091717
1413393276955760384.000000,0.000000,0.000000,16.059793,7.423457,0.216771,0.159010,16.578552,0.175682,47.036165
1413393277005760512.000000,0.000000,0.000000,18.004043,8.130154,0.208802,0.149154,14.724672,0.197378,48.685946
1413393277055760384.000000,0.000000,0.000000,16.757338,8.200011,0.229635,0.121986,17.262721,0.299140,47.885327
1413393277105760512.000000,0.000000,0.000000,15.055108,7.407712,0.236420,0.178210,17.626822,0.147458,45.699059
1413393277155760384.000000,0.000000,0.000000,15.877007,7.489953,0.212067,0.152450,16.417334,0.148002,46.730369
1413393277205760512.000000,0.000000,0.000000,17.175999,7.928168,0.223203,0.159746,17.222848,8.068521,48.588825
1413393277255760384.000000,0.000000,0.000000,15.725901,7.931112,0.213187,0.194851,18.530097,0.285316,46.710817
1413393277305760512.000000,0.000000,0.000000,17.834632,8.873459,0.227010,0.154306,16.970749,0.141954,50.369616
1413393277355760384.000000,0.000000,0.000000,18.263662,7.442177,0.197667,0.175587,17.955753,0.171874,53.848413
1413393277405760512.000000,0.000000,0.000000,15.724525,6.625527,0.237923,0.166755,16.671801,0.185891,49.213729
1413393277455760384.000000,0.000000,0.000000,17.497316,7.324671,0.227523,0.106177,15.725965,0.182146,48.305685
1413393277505760512.000000,0.000000,0.000000,15.400873,6.867321,0.200963,0.177218,16.570232,6.983355,44.272896
1413393277555760384.000000,0.000000,0.000000,15.147526,6.814264,0.190915,0.269252,18.898166,0.228547,45.275981
1413393277605760512.000000,0.000000,0.000000,18.007754,7.394560,0.217570,0.161026,16.634585,0.173283,48.018129
1413393277655760384.000000,0.000000,0.000000,17.878793,7.732325,0.230563,0.163362,17.793128,0.191491,51.478495
1413393277705760512.000000,0.000000,0.000000,17.596357,6.756696,0.219363,0.158946,18.524017,0.182210,51.020793
1413393277755760384.000000,0.000000,0.000000,17.906153,7.540707,0.246851,0.150562,16.014065,0.154722,50.616787
1413393277805760512.000000,0.000000,0.000000,16.905884,8.653425,0.233283,0.185987,16.063473,0.222787,50.723125
1413393277855760384.000000,0.000000,0.000000,16.234387,8.397358,0.207138,0.161346,17.236865,0.140482,53.275477
1413393277905760512.000000,0.000000,0.000000,16.927773,7.351392,0.253732,0.149986,17.177119,0.141506,50.586195
1413393277955760384.000000,0.000000,0.000000,14.086167,7.066620,0.213411,0.171170,19.053816,0.155362,43.707673
1413393278005760512.000000,0.000000,0.000000,14.108472,7.127357,0.212610,0.147490,16.934204,7.494145,42.761196
1413393278055760384.000000,0.000000,0.000000,16.537528,7.335487,0.201187,0.089665,16.526839,0.142849,46.872194
1413393278105760512.000000,0.000000,0.000000,15.614347,7.411233,0.209251,0.158882,13.507408,0.149250,44.625381
1413393278155760384.000000,0.000000,0.000000,15.097637,7.295711,0.219939,0.138466,13.206028,0.208067,46.311803
1413393278205760512.000000,0.000000,0.000000,15.855215,9.057078,0.243811,0.144834,12.816935,0.149762,49.809545
1413393278255760384.000000,0.000000,0.000000,16.148498,8.869652,0.238563,0.148994,15.692556,0.112226,54.684520
1413393278305760512.000000,0.000000,0.000000,16.244211,8.332205,0.197603,0.156514,15.916336,0.137794,46.492893
1413393278355760384.000000,0.000000,0.000000,18.082155,7.802694,0.203522,0.148418,17.259681,0.155106,48.832092
1413393278405760512.000000,0.000000,0.000000,18.005067,8.161674,0.192770,0.148898,16.939581,0.157154,48.724795
1413393278455760384.000000,0.000000,0.000000,16.153811,7.585507,0.193539,0.139330,15.876335,8.116042,50.225582
1413393278505760512.000000,0.000000,0.000000,17.114047,7.482881,0.220323,0.271812,19.623360,0.319236,47.717933
1413393278555760384.000000,0.000000,0.000000,17.138559,7.291903,0.199714,0.118178,18.224525,0.143042,47.219847
1413393278605760512.000000,0.000000,0.000000,18.287246,9.034678,0.223971,0.155138,18.133293,0.187875,50.084204
1413393278655760384.000000,0.000000,0.000000,17.863656,8.370029,0.216579,0.173378,18.795285,0.161410,48.824124
1413393278705760512.000000,0.000000,0.000000,16.608921,8.180586,0.236611,0.162050,18.468912,0.173058,54.409252
1413393278755760384.000000,0.000000,0.000000,16.707417,8.613968,0.177986,0.089378,17.451811,0.129154,47.926480
1413393278805760512.000000,0.000000,0.000000,19.058744,7.222591,0.207651,0.189539,20.087269,0.153346,48.134866
1413393278855760384.000000,0.000000,0.000000,16.474071,7.117149,0.184162,0.164898,17.523589,0.125378,44.839336
1413393278905760512.000000,0.000000,0.000000,18.057035,8.569648,0.190915,0.168738,18.271150,5.057953,49.000510
1413393278955760384.000000,0.000000,0.000000,19.474333,8.637840,0.198563,0.187746,18.612883,0.283332,48.474615
1413393279005760512.000000,0.000000,0.000000,18.658803,9.312122,0.233731,0.137474,18.086379,0.144962,50.593683
1413393279055760384.000000,0.000000,0.000000,17.706534,8.880084,0.230563,0.166370,17.253153,0.160258,49.444324
1413393279105760512.000000,0.000000,0.000000,18.605651,8.558991,0.228387,0.165026,18.085004,0.158018,50.075853
1413393279155760384.000000,0.000000,0.000000,17.836233,7.663523,0.197539,0.142305,18.677876,0.164130,55.080717
1413393279205760512.000000,0.000000,0.000000,16.520952,6.869658,0.181954,0.106369,18.807733,0.143842,48.761659
1413393279255760384.000000,0.000000,0.000000,17.409827,7.220286,0.233764,0.171011,19.499230,0.135298,47.290088
1413393279305760512.000000,0.000000,0.000000,17.030942,7.127548,0.199330,0.173666,17.911754,0.132738,46.427037
1413393279355760384.000000,0.000000,0.000000,18.244974,7.787045,0.194179,0.162050,18.562545,0.132162,48.482936
1413393279405760512.000000,0.000000,0.000000,16.839611,7.409921,0.196450,0.176002,19.801954,5.592296,45.124747
1413393279455760384.000000,0.000000,0.000000,18.490544,9.181688,0.234851,0.084129,17.983690,0.140577,51.680641
1413393279505760512.000000,0.000000,0.000000,17.634566,8.800691,0.212195,0.156578,14.878498,0.161794,50.128909
1413393279555760384.000000,0.000000,0.000000,20.588140,8.585968,0.195395,0.163906,14.933634,0.225219,50.696692
1413393279605760512.000000,0.000000,0.000000,17.755655,7.899143,0.210595,0.176130,15.177062,0.200290,48.245813
1413393279655760384.000000,0.000000,0.000000,18.231693,8.522095,0.236803,0.159362,14.452317,0.124642,56.630881
1413393279705760512.000000,0.000000,0.000000,15.922767,7.079132,0.189219,0.095970,16.919996,0.120609,49.584774
1413393279755760384.000000,0.000000,0.000000,16.323028,7.563042,0.217442,0.164642,17.107871,5.346341,46.595038
1413393279805760512.000000,0.000000,0.000000,18.020811,7.417216,0.182018,0.083009,18.401104,0.136994,47.770574
1413393279855760384.000000,0.000000,0.000000,17.838856,7.673924,0.198275,0.163586,14.979843,0.147746,48.412502
1413393279905760512.000000,0.000000,0.000000,15.506762,7.196286,0.193411,0.152674,15.070404,0.222499,43.741497
1413393279955760384.000000,0.000000,0.000000,16.518551,6.809337,0.200003,0.143746,15.179622,0.220930,46.687840
1413393280005760512.000000,0.000000,0.000000,16.917533,7.137373,0.204515,0.132289,14.432124,0.130722,47.051525
1413393280055760384.000000,0.000000,0.000000,16.498231,7.631364,0.205539,0.119106,16.255507,5.302629,46.872707
1413393280105760512.000000,0.000000,0.000000,17.786535,8.328525,0.206595,0.078209,15.759949,0.126049,49.349059
1413393280155760384.000000,0.000000,0.000000,17.267456,8.864979,0.222147,0.132514,14.300890,0.159106,57.011335
1413393280205760512.000000,0.000000,0.000000,17.168160,6.914042,0.205539,0.135394,14.678335,0.218435,49.872681
1413393280255760384.000000,0.000000,0.000000,18.984567,7.715077,0.208898,0.140802,14.937539,0.188803,50.463345
1413393280305760512.000000,0.000000,0.000000,16.864060,7.551426,0.200418,0.129441,13.448047,0.166466,48.132818
1413393280355760384.000000,0.000000,0.000000,18.354767,7.156957,0.185986,0.080705,15.019715,5.618409,47.699597
1413393280405760512.000000,0.000000,0.000000,15.818446,7.259615,0.192931,0.076289,15.895311,0.109921,45.316654
1413393280455760384.000000,0.000000,0.000000,15.090084,7.106012,0.199171,0.124162,13.353646,0.139041,46.022871
1413393280505760512.000000,0.000000,0.000000,19.166202,7.555074,0.190850,0.116225,13.557297,0.204227,47.908592
1413393280555760384.000000,0.000000,0.000000,17.225792,8.951092,0.218659,0.112801,13.582417,0.173378,50.193774
1413393280605760512.000000,0.000000,0.000000,18.687923,7.996904,0.204291,0.127266,12.598884,0.102274,50.152045
1413393280655760384.000000,0.000000,0.000000,16.594456,7.327231,0.202914,0.066145,12.888264,6.498933,54.183458
1413393280705760512.000000,0.000000,0.000000,17.362978,7.933800,0.203075,0.078849,15.152357,0.115905,51.277564
1413393280755760384.000000,0.000000,0.000000,17.837289,7.318815,0.196995,0.126465,14.105528,0.144866,47.251239
1413393280805760512.000000,0.000000,0.000000,17.102975,7.222398,0.206723,0.119362,13.804180,0.141250,47.557099
1413393280855760384.000000,0.000000,0.000000,16.001745,6.676791,0.217475,0.116225,12.651909,0.145890,46.320923
1413393280905760512.000000,0.000000,0.000000,16.643097,6.870105,0.210242,0.106945,12.169439,0.122402,46.178585
1413393280955760384.000000,0.000000,0.000000,16.331188,6.846650,0.220483,0.073537,14.716511,7.494689,48.300885
1413393281005760512.000000,0.000000,0.000000,16.389717,7.591234,0.194210,0.076161,15.860590,0.116833,45.442063
1413393281055760384.000000,0.000000,0.000000,17.497476,7.866215,0.203875,0.133473,14.088728,0.200162,48.277621
1413393281105760512.000000,0.000000,0.000000,15.606412,8.353901,0.227619,0.135553,13.710483,0.145602,52.936273
1413393281155760384.000000,0.000000,0.000000,18.963511,6.854330,0.185954,0.118433,12.904328,0.156258,49.611430
1413393281205760512.000000,0.000000,0.000000,16.906748,7.255486,0.213731,0.081729,11.396468,0.102113,46.695200
1413393281255760384.000000,0.000000,0.000000,16.981277,8.309996,0.186307,0.065793,14.693056,7.675396,47.364777
1413393281305760512.000000,0.000000,0.000000,16.022160,7.057532,0.200162,0.248547,17.918890,0.248100,44.602917
1413393281355760384.000000,0.000000,0.000000,16.161811,7.022716,0.192227,0.144514,16.695705,0.171842,43.263123
1413393281405760512.000000,0.000000,0.000000,16.261844,7.068380,0.211491,0.132449,15.855599,0.158466,45.725140
1413393281455760384.000000,0.000000,0.000000,17.187520,8.456814,0.209859,0.131138,15.899855,0.234371,48.496279
1413393281505760512.000000,0.000000,0.000000,14.625310,7.962088,0.202979,0.115874,15.071300,6.207665,43.887195
1413393281555760384.000000,0.000000,0.000000,16.957757,8.648241,0.211363,0.230563,18.373167,0.160387,55.913336
1413393281605760512.000000,0.000000,0.000000,16.330165,7.238335,0.090721,0.158402,17.094238,0.175234,47.507851
1413393281655760384.000000,0.000000,0.000000,15.224806,7.378240,0.098625,0.141057,16.627353,0.164162,45.671474
1413393281705760512.000000,0.000000,0.000000,15.541835,7.339903,0.188962,0.101537,16.781211,0.175842,46.129081
1413393281755760384.000000,0.000000,0.000000,15.483657,7.526658,0.195618,0.063809,16.385365,0.127425,44.865000
1413393281805760512.000000,0.000000,0.000000,14.650238,7.166686,0.199459,0.135874,17.005277,0.139169,43.544759
1413393281855760384.000000,0.000000,0.000000,14.280058,8.404077,0.194723,0.126401,15.954192,7.073340,50.934295
1413393281905760512.000000,0.000000,0.000000,14.196025,7.908487,0.222339,0.248003,18.743284,0.233635,46.394044
1413393281955760384.000000,0.000000,0.000000,16.307412,7.200798,0.185122,0.146114,17.394402,0.151234,43.820922
1413393282005760512.000000,0.000000,0.000000,15.356776,7.599043,0.197571,0.157602,17.683686,0.178466,45.898742
1413393282055760384.000000,0.000000,0.000000,18.154861,7.442689,0.199715,0.147746,17.477380,0.179619,49.129344
1413393282105760512.000000,0.000000,0.000000,14.926978,7.369696,0.186498,0.137282,17.418787,0.148577,43.135378
1413393282155760384.000000,0.000000,0.000000,15.903215,7.363264,0.214530,0.106305,18.035531,0.123233,44.262240
1413393282205760512.000000,0.000000,0.000000,15.982992,8.466318,0.195138,0.174722,18.390511,0.127394,46.560447
1413393282255760384.000000,0.000000,0.000000,18.342031,7.454881,0.187619,0.152386,18.236109,0.121794,47.856655
1413393282305760512.000000,0.000000,0.000000,15.544714,6.693751,0.208035,0.150274,18.086700,0.124002,46.736320
1413393282355760384.000000,0.000000,0.000000,16.126994,8.276588,0.180963,0.179426,19.387229,5.757259,53.526809
1413393282405760512.000000,0.000000,0.000000,16.678297,7.764389,0.097378,0.262820,20.273800,0.356997,46.177145
1413393282455760384.000000,0.000000,0.000000,16.033297,6.279218,0.151170,0.133570,18.515441,0.162498,42.017699
1413393282505760512.000000,0.000000,0.000000,16.023056,5.066050,0.160930,0.158466,18.317871,0.179202,39.340800
1413393282555760384.000000,0.000000,0.000000,15.983313,5.337285,0.173411,0.159683,18.197453,0.179139,38.997596
1413393282605760512.000000,0.000000,0.000000,16.832251,5.065410,0.139330,0.156674,17.155263,0.248003,42.487850
1413393282655760384.000000,0.000000,0.000000,15.509290,6.816377,0.191938,0.210403,16.826427,5.477831,43.213235
1413393282705760512.000000,0.000000,0.000000,15.626699,8.091978,0.196002,0.091842,16.041393,0.109666,45.970614
1413393282755760384.000000,0.000000,0.000000,16.323093,8.358317,0.187938,0.153186,15.455529,0.206338,46.560414
1413393282805760512.000000,0.000000,0.000000,15.624203,8.777203,0.182146,0.192259,14.773952,0.206531,53.046771
1413393282855760384.000000,0.000000,0.000000,15.456265,7.188829,0.183298,0.153122,15.070437,0.127810,47.655469
1413393282905760512.000000,0.000000,0.000000,16.791578,7.361407,0.181570,0.107425,12.716102,0.222275,47.309032
1413393282955760384.000000,0.000000,0.000000,13.744563,6.358483,0.181474,0.176003,16.363445,6.094416,43.314260
1413393283005760512.000000,0.000000,0.000000,15.967440,7.195485,0.176579,0.086466,16.012112,0.119777,47.311048
1413393283055760384.000000,0.000000,0.000000,14.749632,7.358624,0.189475,0.154914,14.369211,0.210019,53.677979
1413393283105760512.000000,0.000000,0.000000,14.112376,7.191837,0.180194,0.138434,13.327277,0.154114,42.222630
1413393283155760384.000000,0.000000,0.000000,17.804328,8.713874,0.226595,0.139458,13.101642,0.144898,51.912292
1413393283205760512.000000,0.000000,0.000000,15.634635,6.860794,0.191490,0.106689,11.899643,6.036975,44.857416
1413393283255760384.000000,0.000000,0.000000,16.307700,8.270028,0.197987,0.088289,15.262119,0.144642,52.722447
1413393283305760512.000000,0.000000,0.000000,15.306279,6.509141,0.203747,0.147265,16.071442,0.148962,45.680435
1413393283355760384.000000,0.000000,0.000000,15.624715,7.708836,0.213251,0.143298,16.535607,0.186690,46.610847
1413393283405760512.000000,0.000000,0.000000,15.166053,6.377236,0.188835,0.126625,16.431190,0.166498,42.433448
1413393283455760384.000000,0.000000,0.000000,14.465917,6.586518,0.189410,0.068321,15.361864,0.125538,42.740109
1413393283505760512.000000,0.000000,0.000000,14.743392,7.570178,0.197635,0.154626,16.376693,6.313554,49.582374
1413393283555760384.000000,0.000000,0.000000,15.522570,7.237086,0.209827,0.243587,17.106559,0.196194,46.579742
1413393283605760512.000000,0.000000,0.000000,16.657337,8.034857,0.218946,0.146146,14.832897,0.169826,49.554245
1413393283655760384.000000,0.000000,0.000000,15.764397,7.270335,0.210659,0.129122,15.262374,0.148290,46.134937
1413393283705760512.000000,0.000000,0.000000,17.172351,7.637284,0.220387,0.117825,14.733696,0.174562,48.408183
1413393283755760384.000000,0.000000,0.000000,16.237139,7.008188,0.233795,0.065057,12.908296,0.117442,53.596954
1413393283805760512.000000,0.000000,0.000000,17.349026,6.682615,0.230563,0.119713,14.920707,5.326181,47.169607
1413393283855760384.000000,0.000000,0.000000,16.773723,5.400134,0.189155,0.220547,17.187040,0.210530,42.267942
1413393283905760512.000000,0.000000,0.000000,15.359432,5.183012,0.179747,0.145410,16.222483,0.125570,40.928373
1413393283955760384.000000,0.000000,0.000000,19.104825,4.885440,0.191490,0.134785,16.458359,0.136034,44.536548
1413393284005760512.000000,0.000000,0.000000,17.565637,4.931713,0.205218,0.136130,16.129586,0.157378,42.166437
1413393284055760384.000000,0.000000,0.000000,15.212263,5.311845,0.188674,0.127745,15.607532,0.148290,42.289159
1413393284105760512.000000,0.000000,0.000000,14.781888,6.689079,0.224931,0.086753,16.364342,0.118242,48.872541
1413393284155760384.000000,0.000000,0.000000,17.082942,7.316031,0.263204,0.137250,16.874011,0.123554,48.117491
1413393284205760512.000000,0.000000,0.000000,16.575928,5.077826,0.197379,0.150882,17.924010,0.125442,44.793384
1413393284255760384.000000,0.000000,0.000000,17.405347,5.259812,0.202755,0.130369,16.176115,0.120578,43.436982
1413393284305760512.000000,0.000000,0.000000,15.543146,5.068866,0.199203,0.124929,16.298261,5.605993,41.232825
1413393284355760384.000000,0.000000,0.000000,19.107033,4.886656,0.210851,0.232163,19.986340,0.208867,43.921180
1413393284405760512.000000,0.000000,0.000000,16.941661,5.384134,0.231235,0.135681,14.772160,0.136866,49.197601
1413393284455760384.000000,0.000000,0.000000,19.958884,6.209777,0.258915,0.140418,15.347624,0.162786,47.220775
1413393284505760512.000000,0.000000,0.000000,17.602118,4.836991,0.216803,0.138178,15.991888,0.156450,42.080644
1413393284555760384.000000,0.000000,0.000000,16.146386,4.876576,0.214338,0.127554,17.651174,0.251427,41.220345
1413393284605760512.000000,0.000000,0.000000,16.442454,4.992705,0.253251,0.163715,17.795207,0.131586,42.306215
1413393284655760384.000000,0.000000,0.000000,14.005911,4.886143,0.224835,0.133538,15.732301,0.117186,37.881549
1413393284705760512.000000,0.000000,0.000000,18.697716,5.287109,0.226403,0.154914,16.603577,0.118178,49.554342
1413393284755760384.000000,0.000000,0.000000,16.288244,6.976186,0.241027,0.145441,16.145299,0.127266,44.157311
1413393284805760512.000000,0.000000,0.000000,16.711385,5.078210,0.193858,0.142914,15.810094,6.022318,40.304268
1413393284855760384.000000,0.000000,0.000000,14.691519,5.324390,0.202051,0.197219,18.363215,0.284996,38.919354
1413393284905760512.000000,0.000000,0.000000,16.265236,5.220388,0.201539,0.120930,16.983517,0.130082,40.388718
1413393284955760384.000000,0.000000,0.000000,17.343010,5.140963,0.183074,0.163939,17.002621,0.145377,40.516335
1413393285005760512.000000,0.000000,0.000000,16.054737,5.239012,0.195203,0.159106,16.906940,0.159810,45.600658
1413393285055760384.000000,0.000000,0.000000,16.633849,6.711672,0.086113,0.145602,15.655212,0.167330,43.798522
1413393285105760512.000000,0.000000,0.000000,15.596139,5.381798,0.206595,0.153858,16.969501,0.124098,40.505647
1413393285155760384.000000,0.000000,0.000000,23.043724,5.710539,0.198082,0.163906,18.192557,0.136802,47.919728
1413393285205760512.000000,0.000000,0.000000,18.762580,5.326214,0.080417,0.141442,16.718585,0.122881,42.093348
1413393285255760384.000000,0.000000,0.000000,16.212179,5.531560,0.198531,0.160322,17.153536,0.121570,38.804217
1413393285305760512.000000,0.000000,0.000000,16.823419,5.788523,0.208675,0.157346,16.370677,6.019534,49.518821
1413393285355760384.000000,0.000000,0.000000,17.186144,6.998556,0.085377,0.218499,18.591826,0.255140,45.517425
1413393285405760512.000000,0.000000,0.000000,16.302100,5.512488,0.079841,0.150498,17.049886,0.133442,41.369051
1413393285455760384.000000,0.000000,0.000000,16.221747,5.644298,0.187843,0.151426,13.489744,0.192706,40.704050
1413393285505760512.000000,0.000000,0.000000,14.881410,5.355365,0.181090,0.131394,12.822247,0.141154,38.194834
1413393285555760384.000000,0.000000,0.000000,16.431542,5.740363,0.180195,0.100097,11.997884,0.122050,38.276018
1413393285605760512.000000,0.000000,0.000000,16.712633,7.906055,0.230083,0.059681,13.775891,0.119746,51.938373
1413393285655760384.000000,0.000000,0.000000,13.888725,7.014299,0.111265,0.146434,17.085183,0.145026,44.560836
1413393285705760512.000000,0.000000,0.000000,16.590616,7.786725,0.220995,0.140930,17.537412,0.125570,46.499838
1413393285755760384.000000,0.000000,0.000000,16.248628,7.590594,0.197347,0.158082,17.494692,0.127713,44.731207
1413393285805760512.000000,0.000000,0.000000,16.593880,8.845683,0.206147,0.146146,16.440374,5.629418,46.588254
1413393285855760384.000000,0.000000,0.000000,14.367484,8.062793,0.196898,0.085025,17.616966,0.218466,48.533336
1413393285905760512.000000,0.000000,0.000000,18.020843,7.231679,0.202114,0.150594,17.342818,0.152226,49.785608
1413393285955760384.000000,0.000000,0.000000,15.745901,7.655108,0.205923,0.163746,17.696870,0.205667,45.836053
1413393286005760512.000000,0.000000,0.000000,15.240294,7.519714,0.190819,0.150817,17.983499,0.177859,44.397762
1413393286055760384.000000,0.000000,0.000000,17.349442,8.382829,0.209923,0.159138,20.292745,0.143650,48.479256
1413393286105760512.000000,0.000000,0.000000,15.781229,7.853574,0.200067,0.171906,18.324591,0.131554,44.939817
1413393286155760384.000000,0.000000,0.000000,15.669229,9.083990,0.218659,0.157730,18.054379,0.127586,46.865826
1413393286205760512.000000,0.000000,0.000000,17.370978,8.678385,0.222851,0.171010,17.106623,0.136449,53.845054
1413393286255760384.000000,0.000000,0.000000,16.687418,8.380877,0.192931,0.153634,17.266177,0.131106,49.227617
1413393286305760512.000000,0.000000,0.000000,17.100095,8.734162,0.198595,0.158947,19.670272,5.887885,48.307253
1413393286355760384.000000,0.000000,0.000000,23.114285,8.264684,0.197443,0.202147,18.979479,0.276196,54.546054
1413393286405760512.000000,0.000000,0.000000,14.892481,7.884614,0.195811,0.177571,17.525156,0.159170,45.509648
1413393286455760384.000000,0.000000,0.000000,17.197280,8.221099,0.213699,0.170434,16.924828,0.162050,47.825487
1413393286505760512.000000,0.000000,0.000000,14.547358,8.444014,0.214339,0.168451,17.416451,0.184739,45.992247
1413393286555760384.000000,0.000000,0.000000,16.746810,8.331085,0.209891,0.150626,18.294991,0.178307,48.745434
1413393286605760512.000000,0.000000,0.000000,15.907695,8.482575,0.223907,0.174914,16.717082,0.139778,47.779695
1413393286655760384.000000,0.000000,0.000000,15.184550,9.001526,0.207011,0.146402,18.135692,0.131618,47.877551
1413393286705760512.000000,0.000000,0.000000,16.216147,10.503241,0.257028,0.163362,18.740628,5.196643,57.344971
1413393286755760384.000000,0.000000,0.000000,20.042373,8.080809,0.229699,0.202051,19.858627,0.274787,54.180546
1413393286805760512.000000,0.000000,0.000000,20.187175,9.065622,0.235555,0.146082,17.542276,0.164514,55.227983
1413393286855760384.000000,0.000000,0.000000,15.237350,7.849671,0.200386,0.154946,17.342178,0.173634,46.816386
1413393286905760512.000000,0.000000,0.000000,20.755566,8.721138,0.202274,0.149378,17.784168,0.154882,52.857905
1413393286955760384.000000,0.000000,0.000000,15.764717,8.361293,0.216675,0.121794,17.039774,0.156226,46.656768
1413393287005760512.000000,0.000000,0.000000,13.685810,5.784492,0.172322,0.089409,18.883286,0.127778,46.614816
1413393287055760384.000000,0.000000,0.000000,16.863259,7.444481,0.200738,0.182466,17.263681,5.817035,45.381551
1413393287105760512.000000,0.000000,0.000000,16.227219,6.129200,0.178402,0.261508,20.039173,0.243395,43.178963
1413393287155760384.000000,0.000000,0.000000,16.615929,6.118511,0.174338,0.144866,16.482295,0.138433,42.751053
1413393287205760512.000000,0.000000,0.000000,15.961711,6.028910,0.166850,0.150082,18.445968,0.186243,42.013475
1413393287255760384.000000,0.000000,0.000000,15.898800,5.936525,0.170946,0.147458,18.516273,0.182242,39.341888
1413393287305760512.000000,0.000000,0.000000,16.363413,7.954376,0.196034,0.147106,17.697415,0.222754,51.578208
1413393287355760384.000000,0.000000,0.000000,16.840987,7.732325,0.199394,0.077185,18.164300,0.125025,45.610866
1413393287405760512.000000,0.000000,0.000000,16.158035,5.685802,0.161538,0.154882,17.771560,5.011393,41.521276
1413393287455760384.000000,0.000000,0.000000,14.906882,6.125296,0.156642,0.185250,19.375997,0.277091,39.371616
1413393287505760512.000000,0.000000,0.000000,15.656844,5.649193,0.160834,0.113825,16.073841,0.136354,39.586467
1413393287555760384.000000,0.000000,0.000000,17.937706,5.438695,0.146946,0.148482,17.362882,0.154914,46.346108
1413393287605760512.000000,0.000000,0.000000,16.320693,6.005519,0.145986,0.146242,17.883113,0.160738,42.368583
1413393287655760384.000000,0.000000,0.000000,15.586827,7.190557,0.164611,0.129026,18.365071,0.168130,43.947645
1413393287705760512.000000,0.000000,0.000000,15.259527,7.474593,0.174466,0.162147,18.103371,0.149026,44.337602
1413393287755760384.000000,0.000000,0.000000,15.092420,7.381504,0.180482,0.149570,19.227674,0.134881,45.824341
1413393287805760512.000000,0.000000,0.000000,16.366069,7.690212,0.164130,0.161250,19.331996,0.137825,44.301377
1413393287855760384.000000,0.000000,0.000000,15.395529,8.557295,0.189667,0.148130,17.144256,0.124418,51.549568
1413393287905760512.000000,0.000000,0.000000,17.897449,7.954599,0.169058,0.144706,17.395170,6.157008,48.252373
1413393287955760384.000000,0.000000,0.000000,15.594507,6.680343,0.182114,0.201539,19.180249,0.277923,42.218950
1413393288005760512.000000,0.000000,0.000000,16.632248,7.438081,0.180898,0.181411,18.737108,0.211106,44.496675
1413393288055760384.000000,0.000000,0.000000,18.082060,7.927815,0.187107,0.159458,18.218702,0.182147,44.480387
1413393288105760512.000000,0.000000,0.000000,17.116735,8.101930,0.179842,0.164098,17.651654,0.191042,45.881333
1413393288155760384.000000,0.000000,0.000000,16.307316,8.000808,0.191171,0.153218,17.077214,0.170914,49.196544
1413393288205760512.000000,0.000000,0.000000,19.646784,6.902074,0.189122,0.154466,18.493361,0.143842,49.112543
1413393288255760384.000000,0.000000,0.000000,17.407395,6.508597,0.184867,0.163010,18.447729,0.132546,45.647474
1413393288305760512.000000,0.000000,0.000000,16.556887,5.917261,0.194083,0.161474,18.565106,0.135810,42.677036
1413393288355760384.000000,0.000000,0.000000,16.629560,7.259550,0.180258,0.161346,18.461745,0.136802,45.466224
1413393288405760512.000000,0.000000,0.000000,16.775163,7.786725,0.196355,0.172930,19.144922,4.895456,45.402319
1413393288455760384.000000,0.000000,0.000000,17.031294,7.951783,0.196162,0.233987,19.620416,0.298180,46.223258
1413393288505760512.000000,0.000000,0.000000,17.911753,8.721042,0.225123,0.125314,17.671942,0.149666,48.271060
1413393288555760384.000000,0.000000,0.000000,17.587589,8.341933,0.208642,0.164930,18.676788,0.181955,49.118880
1413393288605760512.000000,0.000000,0.000000,19.544575,8.936180,0.203139,0.157986,19.018456,0.173154,49.664935
1413393288655760384.000000,0.000000,0.000000,16.843835,8.722418,0.213475,0.112706,18.082379,0.137506,52.265321
1413393288705760512.000000,0.000000,0.000000,18.781716,8.239115,0.213603,0.176610,17.148767,0.135682,52.394475
1413393288755760384.000000,0.000000,0.000000,17.292897,6.774808,0.182691,0.162274,18.279214,0.126978,43.772890
1413393288805760512.000000,0.000000,0.000000,16.212339,7.399296,0.182594,0.164130,20.083782,0.132353,44.057182
1413393288855760384.000000,0.000000,0.000000,17.403331,6.677815,0.196834,0.162082,18.540817,0.131394,45.206733
1413393288905760512.000000,0.000000,0.000000,17.619173,6.407028,0.190018,0.158466,18.144813,4.925056,46.615871
1413393288955760384.000000,0.000000,0.000000,17.370402,9.786559,0.197026,0.198851,19.133657,0.262723,50.155085
1413393289005760512.000000,0.000000,0.000000,17.028702,8.163210,0.186946,0.187586,18.277550,0.158050,45.932214
1413393289055760384.000000,0.000000,0.000000,17.464163,9.735103,0.202946,0.169378,18.178413,0.160290,48.925117
1413393289105760512.000000,0.000000,0.000000,16.850524,8.173450,0.183939,0.163650,18.384080,0.178115,46.515902
1413393289155760384.000000,0.000000,0.000000,16.915452,7.963272,0.182530,0.130370,18.152556,0.138305,51.567904
1413393289205760512.000000,0.000000,0.000000,17.362690,6.852409,0.186562,0.179011,17.448291,0.128673,48.163860
1413393289255760384.000000,0.000000,0.000000,19.185177,7.327871,0.187235,0.107233,18.935863,0.125794,48.812700
1413393289305760512.000000,0.000000,0.000000,16.382805,7.443168,0.197762,0.168610,18.589682,0.126497,46.350652
1413393289355760384.000000,0.000000,0.000000,16.492119,7.021179,0.201282,0.162370,18.884278,0.128545,45.684499
1413393289405760512.000000,0.000000,0.000000,18.664371,7.684100,0.096737,0.173506,18.406128,4.024820,47.182535
1413393289455760384.000000,0.000000,0.000000,17.576229,8.155402,0.182658,0.241891,21.143956,0.274947,47.530987
1413393289505760512.000000,0.000000,0.000000,20.626796,9.029974,0.201090,0.139394,18.718739,0.140834,53.187316
1413393289555760384.000000,0.000000,0.000000,17.888488,8.355948,0.194147,0.173666,18.837813,0.144834,47.804335
1413393289605760512.000000,0.000000,0.000000,16.694234,8.447182,0.194210,0.159682,17.785352,0.166883,47.708397
1413393289655760384.000000,0.000000,0.000000,17.481924,7.400032,0.183203,0.118530,17.104255,0.156194,52.209352
1413393289705760512.000000,0.000000,0.000000,16.022896,7.197310,0.202978,0.185922,19.677824,0.236451,47.249703
1413393289755760384.000000,0.000000,0.000000,16.673241,7.222686,0.188994,0.163938,19.681568,0.128674,46.196697
1413393289805760512.000000,0.000000,0.000000,17.035870,5.295429,0.151010,0.168803,18.726708,0.124226,41.032854
1413393289855760384.000000,0.000000,0.000000,19.685440,5.485992,0.149570,0.154434,17.351682,0.118818,42.803150
1413393289905760512.000000,0.000000,0.000000,18.049835,5.391110,0.165794,0.160226,18.779701,5.173252,40.472207
1413393289955760384.000000,0.000000,0.000000,15.982128,5.401830,0.152706,0.194274,20.992818,0.252099,39.829287
1413393290005760512.000000,0.000000,0.000000,16.430838,7.488994,0.198146,0.193827,17.840552,0.145250,45.937750
1413393290055760384.000000,0.000000,0.000000,16.314325,8.697521,0.199939,0.175714,17.943754,0.156962,47.502955
1413393290105760512.000000,0.000000,0.000000,16.538551,8.377837,0.196226,0.159714,17.060638,0.172130,47.713965
1413393290155760384.000000,0.000000,0.000000,18.593458,8.000681,0.186019,0.112578,15.123109,0.146210,53.306583
1413393290205760512.000000,0.000000,0.000000,17.890025,7.941896,0.183106,0.166786,17.614950,0.183234,48.737819
1413393290255760384.000000,0.000000,0.000000,15.917679,7.653348,0.185410,0.141794,17.533668,0.120513,44.571460
1413393290305760512.000000,0.000000,0.000000,18.414512,8.129962,0.195171,0.144930,16.713497,5.256036,48.027089
1413393290355760384.000000,0.000000,0.000000,16.084881,7.858407,0.192354,0.174563,17.734566,0.266852,46.942212
1413393290405760512.000000,0.000000,0.000000,15.823086,7.923943,0.196994,0.199394,18.393616,0.176387,49.054207
1413393290455760384.000000,0.000000,0.000000,17.286401,8.715121,0.197475,0.133762,16.238163,0.169378,49.205920
1413393290505760512.000000,0.000000,0.000000,19.217722,7.828678,0.222723,0.133762,17.968202,0.174883,50.048620
1413393290555760384.000000,0.000000,0.000000,17.799176,8.024200,0.190626,0.099362,15.892815,0.152770,47.774126
1413393290605760512.000000,0.000000,0.000000,16.328693,8.566896,0.193570,0.133538,16.043441,0.205635,47.230727
1413393290655760384.000000,0.000000,0.000000,16.583096,7.978759,0.197986,0.126786,16.616280,6.522036,55.153391
1413393290705760512.000000,0.000000,0.000000,15.963248,7.219390,0.083233,0.166882,20.207783,0.261700,47.331432
1413393290755760384.000000,0.000000,0.000000,20.491563,7.177949,0.092865,0.119842,17.682214,0.140258,50.367120
1413393290805760512.000000,0.000000,0.000000,19.080089,8.435021,0.174595,0.138594,17.310050,0.158946,49.083199
1413393290855760384.000000,0.000000,0.000000,17.707303,8.283788,0.188706,0.130882,16.616568,0.155938,48.570488
1413393290905760512.000000,0.000000,0.000000,16.156690,7.672004,0.187938,0.111681,15.107909,0.144353,47.171558
1413393290955760384.000000,0.000000,0.000000,17.214016,7.696996,0.189570,0.110242,16.632473,0.124674,46.783458
1413393291005760512.000000,0.000000,0.000000,15.965808,8.993621,0.198979,0.126338,18.352719,0.138210,47.990961
1413393291055760384.000000,0.000000,0.000000,21.380694,9.148055,0.223683,0.110914,14.042390,6.906426,59.272548
1413393291105760512.000000,0.000000,0.000000,16.193811,7.369440,0.176802,0.199811,18.773748,0.282852,48.619737
1413393291155760384.000000,0.000000,0.000000,16.810459,7.662884,0.200259,0.114881,16.963965,0.145250,46.898019
1413393291205760512.000000,0.000000,0.000000,17.499748,7.587075,0.087777,0.137314,16.139922,0.146178,47.500747
1413393291255760384.000000,0.000000,0.000000,15.886991,7.553571,0.182626,0.133826,16.460630,0.174850,46.296859
1413393291305760512.000000,0.000000,0.000000,17.407875,8.175402,0.179394,0.103810,14.558685,0.150434,50.222830
1413393291355760384.000000,0.000000,0.000000,18.811381,9.526076,0.207811,0.136962,16.933564,0.125601,52.128231
1413393291405760512.000000,0.000000,0.000000,15.792238,8.172266,0.194883,0.139330,17.402659,0.137026,51.834275
1413393291455760384.000000,0.000000,0.000000,17.858120,8.485390,0.215747,0.109665,15.593484,0.123650,51.839715
1413393291505760512.000000,0.000000,0.000000,15.212518,7.352160,0.188290,0.111393,15.730189,7.287614,44.074046
1413393291555760384.000000,0.000000,0.000000,15.904367,7.625316,0.192130,0.158819,17.170751,0.258083,47.146150
1413393291605760512.000000,0.000000,0.000000,15.234566,8.004329,0.214659,0.106242,16.454998,0.129314,46.944356
1413393291655760384.000000,0.000000,0.000000,16.679033,8.082889,0.191010,0.128450,16.213491,0.133986,47.772623
1413393291705760512.000000,0.000000,0.000000,14.982019,8.087977,0.187715,0.123010,16.474326,0.159362,46.303484
1413393291755760384.000000,0.000000,0.000000,19.316092,8.564847,0.220738,0.113378,15.308615,0.167522,55.596308
1413393291805760512.000000,0.000000,0.000000,18.787701,7.680292,0.092769,0.152226,17.671782,0.246275,51.181083
1413393291855760384.000000,0.000000,0.000000,16.015761,7.164381,0.183683,0.123393,17.376227,0.130434,43.023472
1413393291905760512.000000,0.000000,0.000000,18.098284,8.697393,0.220259,0.114626,16.585496,0.131202,49.088447
1413393291955760384.000000,0.000000,0.000000,16.624761,7.326016,0.097921,0.115969,17.863529,0.133537,46.903331
1413393292005760512.000000,0.000000,0.000000,17.742023,8.282188,0.099522,0.114210,15.168805,6.660406,54.842954
1413393292055760384.000000,0.000000,0.000000,15.640268,7.470177,0.205154,0.179042,19.315804,0.265987,46.483742
1413393292105760512.000000,0.000000,0.000000,19.827970,9.593469,0.247012,0.115361,17.383651,0.144130,53.750108
1413393292155760384.000000,0.000000,0.000000,17.896521,9.933729,0.220771,0.120610,16.473622,0.182882,52.287113
1413393292205760512.000000,0.000000,0.000000,15.900879,8.309388,0.195650,0.113410,16.971965,0.183043,51.727010
1413393292255760384.000000,0.000000,0.000000,17.996651,7.632675,0.189635,0.108642,18.640531,0.152258,53.942303
1413393292305760512.000000,0.000000,0.000000,16.103601,7.286815,0.177506,0.156450,18.078347,0.132225,47.854543
1413393292355760384.000000,0.000000,0.000000,15.737837,7.420416,0.202370,0.117922,16.891484,0.135362,47.278664
1413393292405760512.000000,0.000000,0.000000,15.535242,8.082154,0.187458,0.115010,17.262689,7.341792,46.998852
1413393292455760384.000000,0.000000,0.000000,20.941296,7.700517,0.193443,0.191874,21.281141,0.292196,51.637472
1413393292505760512.000000,0.000000,0.000000,22.324515,7.586562,0.180131,0.123682,18.676307,0.147458,51.951749
1413393292555760384.000000,0.000000,0.000000,17.481860,7.801093,0.190530,0.134786,17.068734,0.177634,47.076325
1413393292605760512.000000,0.000000,0.000000,16.040209,7.878215,0.217443,0.121986,17.289313,0.197506,47.255496
1413393292655760384.000000,0.000000,0.000000,17.740455,8.177994,0.225571,0.125921,15.892911,0.234819,49.665255
1413393292705760512.000000,0.000000,0.000000,17.417091,7.898855,0.195939,0.119906,17.113183,0.121698,48.813116
1413393292755760384.000000,0.000000,0.000000,16.556120,8.552143,0.214595,0.141442,18.890326,0.133505,53.939135
1413393292805760512.000000,0.000000,0.000000,16.637976,8.262220,0.189027,0.119458,16.681561,0.123138,49.819209
1413393292855760384.000000,0.000000,0.000000,15.549867,7.773893,0.195746,0.109761,16.996350,0.129442,46.077400
1413393292905760512.000000,0.000000,0.000000,16.069970,7.630403,0.195074,0.120769,18.480817,6.752536,47.544620
1413393292955760384.000000,0.000000,0.000000,16.760123,8.102345,0.199203,0.170755,19.704096,0.242851,49.133248
1413393293005760512.000000,0.000000,0.000000,16.620312,7.474338,0.190274,0.133186,17.655942,0.136769,47.215687
1413393293055760384.000000,0.000000,0.000000,15.031172,7.635619,0.193859,0.143106,18.605907,0.173219,44.807719
1413393293105760512.000000,0.000000,0.000000,16.571000,7.954631,0.205378,0.139266,17.809032,0.160866,47.817998
1413393293155760384.000000,0.000000,0.000000,17.160863,9.583965,0.216835,0.118626,18.270574,0.235203,51.737922
1413393293205760512.000000,0.000000,0.000000,17.388899,8.247083,0.202531,0.132674,19.131097,0.131586,49.113056
1413393293255760384.000000,0.000000,0.000000,16.275092,7.382625,0.192770,0.123106,18.014123,0.125858,51.488319
1413393293305760512.000000,0.000000,0.000000,21.538200,7.075196,0.090753,0.127842,17.733511,0.128514,53.005619
1413393293355760384.000000,0.000000,0.000000,16.961597,7.029819,0.206883,0.123138,17.889417,0.131746,47.511083
1413393293405760512.000000,0.000000,0.000000,16.841787,7.289471,0.090945,0.121730,18.386287,6.591958,45.989655
1413393293455760384.000000,0.000000,0.000000,16.077649,6.862458,0.184450,0.214659,20.649197,0.273123,46.452989
1413393293505760512.000000,0.000000,0.000000,18.184365,7.286591,0.098753,0.091681,17.176927,0.138018,48.605593
1413393293555760384.000000,0.000000,0.000000,16.465078,7.284479,0.191202,0.140514,16.988637,0.152993,46.313019
1413393293605760512.000000,0.000000,0.000000,17.321697,7.339647,0.205602,0.135394,17.649413,0.176546,48.682682
1413393293655760384.000000,0.000000,0.000000,17.666694,8.287052,0.225155,0.124097,17.776488,0.186051,49.699399
1413393293705760512.000000,0.000000,0.000000,18.002603,6.999835,0.204291,0.157186,18.774772,0.127905,48.932925
1413393293755760384.000000,0.000000,0.000000,17.788936,8.511759,0.210979,0.134849,17.579685,0.126242,53.638203
1413393293805760512.000000,0.000000,0.000000,16.874683,7.623523,0.112417,0.132321,18.953783,0.137986,51.217787
1413393293855760384.000000,0.000000,0.000000,16.946045,7.153917,0.238403,0.137250,19.156922,0.142914,48.110162
1413393293905760512.000000,0.000000,0.000000,18.102027,6.727160,0.222531,0.126209,16.338965,6.438164,47.658957
1413393293955760384.000000,0.000000,0.000000,18.429712,6.958682,0.190082,0.231363,19.302011,0.249475,48.246069
1413393294005760512.000000,0.000000,0.000000,18.409712,7.342496,0.196610,0.111970,18.981015,0.149122,47.951536
1413393294055760384.000000,0.000000,0.000000,19.862595,6.754040,0.209987,0.145506,18.423440,0.151426,51.499966
1413393294105760512.000000,0.000000,0.000000,20.776367,8.616464,0.218595,0.145665,17.285570,0.172131,54.301347
1413393294155760384.000000,0.000000,0.000000,18.539922,7.820134,0.210274,0.088802,18.802677,0.245859,50.023564
1413393294205760512.000000,0.000000,0.000000,16.976797,8.227787,0.197219,0.151938,17.868104,0.115201,47.401897
1413393294255760384.000000,0.000000,0.000000,18.095276,8.440494,0.228195,0.141250,17.722630,0.127394,55.690517
1413393294305760512.000000,0.000000,0.000000,18.306990,6.896506,0.218179,0.133058,18.151501,0.127714,51.589376
1413393294355760384.000000,0.000000,0.000000,16.170483,6.774424,0.211778,0.135201,17.346178,0.144098,46.011864
1413393294405760512.000000,0.000000,0.000000,17.693158,6.720407,0.184674,0.135682,18.215693,6.394612,47.664621
1413393294455760384.000000,0.000000,0.000000,19.198106,7.705380,0.194307,0.215715,20.510475,0.270915,49.081119
1413393294505760512.000000,0.000000,0.000000,17.186304,6.515701,0.193826,0.120354,17.938250,0.142306,43.785850
1413393294555760384.000000,0.000000,0.000000,18.835126,7.956135,0.219139,0.143266,17.460579,0.158562,48.866301
1413393294605760512.000000,0.000000,0.000000,17.084703,7.338496,0.207235,0.145410,17.303233,0.185826,46.884066
1413393294655760384.000000,0.000000,0.000000,18.733780,6.816056,0.209827,0.121633,17.939018,0.251459,52.332458
1413393294705760512.000000,0.000000,0.000000,17.011293,6.176240,0.187042,0.129794,19.152633,0.158306,46.591679
1413393294755760384.000000,0.000000,0.000000,18.664179,6.486100,0.232739,0.141249,18.606323,6.269938,48.923677
1413393294805760512.000000,0.000000,0.000000,17.149183,6.131696,0.199618,0.171394,21.001234,0.249027,44.685894
1413393294855760384.000000,0.000000,0.000000,17.546597,5.962829,0.208803,0.137218,17.981802,0.153442,46.791233
1413393294905760512.000000,0.000000,0.000000,20.089446,7.426208,0.200866,0.145410,17.383939,0.176931,52.374410
1413393294955760384.000000,0.000000,0.000000,16.222067,5.711754,0.197187,0.136418,17.095775,0.217155,41.760256
1413393295005760512.000000,0.000000,0.000000,17.575429,6.916602,0.228451,0.115330,16.168722,6.443220,52.480236
1413393295055760384.000000,0.000000,0.000000,17.940650,5.555785,0.112034,0.243395,20.605741,0.286692,49.361315
1413393295105760512.000000,0.000000,0.000000,18.655539,6.406707,0.234979,0.146466,17.813672,0.159618,47.877200
1413393295155760384.000000,0.000000,0.000000,17.987658,5.790795,0.218883,0.135650,17.087262,0.179266,46.245594
1413393295205760512.000000,0.000000,0.000000,17.174912,8.388686,0.211651,0.129121,17.868137,0.145986,47.290216
1413393295255760384.000000,0.000000,0.000000,19.242907,6.362163,0.204291,0.115105,16.060529,0.133314,45.023114
1413393295305760512.000000,0.000000,0.000000,16.866140,7.270943,0.216002,0.125729,17.591622,5.771275,45.923223
1413393295355760384.000000,0.000000,0.000000,21.011474,9.303641,0.272739,0.163298,21.152628,0.265539,54.226402
1413393295405760512.000000,0.000000,0.000000,19.367580,6.527797,0.218339,0.113857,18.430672,0.149090,51.674657
1413393295455760384.000000,0.000000,0.000000,17.245568,6.209873,0.208450,0.139906,17.956234,0.156162,47.799855
1413393295505760512.000000,0.000000,0.000000,21.130835,6.370099,0.232995,0.133506,17.897993,0.157955,49.209569
1413393295555760384.000000,0.000000,0.000000,20.729550,7.458049,0.199298,0.120930,16.399926,0.107522,49.649607
1413393295605760512.000000,0.000000,0.000000,19.477182,6.094863,0.214659,0.139490,18.816373,0.128994,47.674925
1413393295655760384.000000,0.000000,0.000000,16.785786,6.048015,0.216483,0.146338,19.185210,0.129537,42.498026
1413393295705760512.000000,0.000000,0.000000,19.167642,5.879948,0.202243,0.139682,20.317353,0.137634,47.328712
1413393295755760384.000000,0.000000,0.000000,18.799125,8.236523,0.252227,0.143778,18.204749,0.123746,49.724968
1413393295805760512.000000,0.000000,0.000000,17.850600,7.753221,0.226467,0.141793,19.684737,5.449319,46.175706
1413393295855760384.000000,0.000000,0.000000,17.928010,5.571144,0.238052,0.199843,21.520152,0.271012,51.431518
1413393295905760512.000000,0.000000,0.000000,20.202983,6.948762,0.105985,0.141666,16.565495,0.153570,49.798152
1413393295955760384.000000,0.000000,0.000000,17.961354,5.289092,0.235875,0.133346,16.955421,0.172834,45.001258
1413393296005760512.000000,0.000000,0.000000,18.489296,6.536470,0.207459,0.133058,16.958525,0.187842,46.284411
1413393296055760384.000000,0.000000,0.000000,19.449469,6.200817,0.215619,0.136418,15.634763,6.974331,46.025111
1413393296105760512.000000,0.000000,0.000000,19.301435,5.793675,0.215715,0.227331,17.716806,0.192547,45.633874
1413393296155760384.000000,0.000000,0.000000,17.000381,5.608169,0.251459,0.140258,18.261358,0.185666,44.243712
1413393296205760512.000000,0.000000,0.000000,19.687360,8.086633,0.269764,0.134594,16.065201,0.167938,50.351600
1413393296255760384.000000,0.000000,0.000000,17.589477,7.802374,0.251523,0.143010,15.547947,0.126146,47.312936
1413393296305760512.000000,0.000000,0.000000,19.077849,7.774405,0.276004,0.091681,16.641657,7.716997,50.157870
1413393296355760384.000000,0.000000,0.000000,20.894384,7.102141,0.223043,0.261475,19.337884,0.257219,54.745833
1413393296405760512.000000,0.000000,0.000000,18.211181,5.418215,0.113442,0.157698,17.933353,0.201282,48.467671
1413393296455760384.000000,0.000000,0.000000,18.140525,5.745195,0.102274,0.134881,16.178355,0.210723,46.484957
1413393296505760512.000000,0.000000,0.000000,18.565874,5.666058,0.207587,0.112450,16.413238,0.146178,46.001783
1413393296555760384.000000,0.000000,0.000000,17.781895,5.735690,0.209443,0.154786,15.368520,0.258915,46.221018
1413393296605760512.000000,0.000000,0.000000,17.275393,5.946157,0.100289,0.125474,15.920655,0.145218,46.972644
1413393296655760384.000000,0.000000,0.000000,18.435152,5.526664,0.275652,0.137410,15.184486,7.131261,47.782126
1413393296705760512.000000,0.000000,0.000000,18.499697,7.525890,0.124001,0.265220,18.401551,0.292676,48.206100
1413393296755760384.000000,0.000000,0.000000,19.226426,7.513826,0.260387,0.144034,16.993501,0.159299,56.451167
1413393296805760512.000000,0.000000,0.000000,19.133945,5.787244,0.281476,0.153058,17.044862,0.172194,52.246857
1413393296855760384.000000,0.000000,0.000000,17.498116,5.718122,0.238691,0.138402,17.144543,0.177954,47.495978
1413393296905760512.000000,0.000000,0.000000,18.222414,5.628009,0.218691,0.121185,15.587083,0.278692,46.175033
1413393296955760384.000000,0.000000,0.000000,21.979422,5.369670,0.209506,0.122913,16.409782,6.991420,49.949578
1413393297005760512.000000,0.000000,0.000000,17.100639,6.206641,0.227715,0.246948,17.654630,0.282115,44.473347
1413393297055760384.000000,0.000000,0.000000,20.112294,6.450292,0.245539,0.137186,15.504841,0.157282,48.826236
1413393297105760512.000000,0.000000,0.000000,19.760161,7.934311,0.262115,0.138626,15.601451,0.179490,52.681038
1413393297155760384.000000,0.000000,0.000000,18.634355,7.775781,0.272292,0.134754,17.319393,0.152994,48.244468
1413393297205760512.000000,0.000000,0.000000,19.585983,7.357184,0.247811,0.124065,14.564286,8.775730,49.227521
1413393297255760384.000000,0.000000,0.000000,18.956759,8.390381,0.279428,0.255587,17.664646,0.209667,57.747536
1413393297305760512.000000,0.000000,0.000000,17.915081,6.146704,0.246371,0.143266,15.478634,0.167970,49.510277
1413393297355760384.000000,0.000000,0.000000,17.465027,5.857772,0.234691,0.133121,15.588235,0.171522,46.306236
1413393297405760512.000000,0.000000,0.000000,17.439427,5.829356,0.227523,0.151042,14.337979,0.253092,47.246952
1413393297455760384.000000,0.000000,0.000000,18.213069,5.839981,0.229091,0.153378,16.385590,7.331712,47.181767
1413393297505760512.000000,0.000000,0.000000,17.486948,6.792088,0.237507,0.253379,16.814811,0.263812,48.402295
1413393297555760384.000000,0.000000,0.000000,19.379581,8.218731,0.266947,0.138338,15.413225,0.176547,52.146375
1413393297605760512.000000,0.000000,0.000000,18.630610,7.519521,0.250563,0.129506,14.998595,0.158466,49.520933
1413393297655760384.000000,0.000000,0.000000,18.383983,7.778534,0.262692,0.123170,14.776320,0.208003,49.157665
1413393297705760512.000000,0.000000,0.000000,18.052715,7.651364,0.257827,0.168162,15.921520,7.150462,49.040479
1413393297755760384.000000,0.000000,0.000000,18.480049,7.774373,0.263875,0.225411,17.179232,0.349092,56.295741
1413393297805760512.000000,0.000000,0.000000,18.918582,6.257393,0.289124,0.149410,15.926927,0.153218,51.744418
1413393297855760384.000000,0.000000,0.000000,19.518942,8.138122,0.232099,0.133826,11.355476,0.172803,50.173293
1413393297905760512.000000,0.000000,0.000000,17.917257,6.302962,0.218211,0.070273,14.486173,0.129250,46.305275
1413393297955760384.000000,0.000000,0.000000,17.776168,6.512149,0.221987,0.065665,11.468086,5.704202,47.757966
1413393298005760512.000000,0.000000,0.000000,17.560677,6.128528,0.238179,0.076833,13.002218,0.106689,47.035685
1413393298055760384.000000,0.000000,0.000000,19.145210,8.386637,0.263812,0.123937,11.820442,0.126977,51.607936
1413393298105760512.000000,0.000000,0.000000,18.684212,6.756344,0.239363,0.115682,11.583222,0.171202,48.275957
1413393298155760384.000000,0.000000,0.000000,18.070987,7.364320,0.263972,0.123233,11.058224,0.100993,49.651815
1413393298205760512.000000,0.000000,0.000000,18.484753,7.535010,0.266307,0.122625,15.521098,6.413235,50.442641
1413393298255760384.000000,0.000000,0.000000,19.111993,6.896794,0.233059,0.086849,16.000145,0.123778,53.799997
1413393298305760512.000000,0.000000,0.000000,21.093586,7.628004,0.254852,0.145666,13.827956,0.178626,53.713948
1413393298355760384.000000,0.000000,0.000000,18.090284,6.367155,0.295907,0.122465,11.783130,0.157954,49.006847
1413393298405760512.000000,0.000000,0.000000,18.883734,7.384608,0.226787,0.105345,9.741407,0.142530,50.041324
1413393298455760384.000000,0.000000,0.000000,17.649542,6.310130,0.226211,0.084770,13.579728,5.829164,46.592223
1413393298505760512.000000,0.000000,0.000000,23.158830,6.114672,0.241187,0.081601,13.692146,0.109089,53.486041
1413393298555760384.000000,0.000000,0.000000,22.707976,6.105327,0.294852,0.138402,12.208767,0.128961,52.349226
1413393298605760512.000000,0.000000,0.000000,17.912554,7.032923,0.240515,0.112098,11.215826,0.173250,47.988561
1413393298655760384.000000,0.000000,0.000000,20.697806,7.933895,0.250179,0.122530,12.965544,0.094785,52.136583
1413393298705760512.000000,0.000000,0.000000,18.079883,7.641092,0.238692,0.153026,15.622411,6.365139,48.418455
1413393298755760384.000000,0.000000,0.000000,17.585445,8.009769,0.274468,0.098305,16.605369,0.115938,55.368657
1413393298805760512.000000,0.000000,0.000000,19.150714,6.842201,0.231619,0.123714,11.934683,0.169794,52.118183
1413393298855760384.000000,0.000000,0.000000,19.270203,6.635798,0.243363,0.118209,11.845819,0.153730,49.152224
1413393298905760512.000000,0.000000,0.000000,17.912585,6.709336,0.218435,0.120161,13.796564,0.188098,47.286280
1413393298955760384.000000,0.000000,0.000000,19.782562,7.396320,0.210691,0.072961,15.615595,6.298258,50.197326
1413393299005760512.000000,0.000000,0.000000,17.421027,6.438516,0.211939,0.245859,18.697204,0.210115,47.026789
1413393299055760384.000000,0.000000,0.000000,18.104235,6.807865,0.260611,0.156578,17.074495,0.176643,49.410019
1413393299105760512.000000,0.000000,0.000000,18.019947,6.016559,0.288420,0.142914,16.515863,0.140098,54.123073
1413393299155760384.000000,0.000000,0.000000,17.374850,6.006190,0.105313,0.138882,16.030800,0.181250,49.806824
1413393299205760512.000000,0.000000,0.000000,17.606822,6.161968,0.234915,0.076161,18.071147,0.133570,47.148006
1413393299255760384.000000,0.000000,0.000000,18.305007,7.525506,0.222114,0.148994,16.503287,6.479796,48.465879
1413393299305760512.000000,0.000000,0.000000,15.604043,6.571798,0.233443,0.236707,18.977719,0.281828,44.789831
1413393299355760384.000000,0.000000,0.000000,16.968893,6.073551,0.222499,0.129858,15.642988,0.132354,50.540210
1413393299405760512.000000,0.000000,0.000000,18.456913,7.041563,0.103521,0.138018,16.413654,0.164066,52.105734
1413393299455760384.000000,0.000000,0.000000,17.063647,6.107855,0.233603,0.121761,16.133074,0.184611,46.963236
1413393299505760512.000000,0.000000,0.000000,17.360515,6.358002,0.218467,0.087585,14.715456,5.954286,46.144121
1413393299555760384.000000,0.000000,0.000000,17.484099,6.204561,0.218339,0.204771,17.039102,0.172995,46.659135
1413393299605760512.000000,0.000000,0.000000,17.373218,6.689623,0.213283,0.118946,15.854094,0.149314,45.140716
1413393299655760384.000000,0.000000,0.000000,17.023838,6.504565,0.110946,0.119425,15.263367,0.172866,51.852707
1413393299705760512.000000,0.000000,0.000000,17.488324,6.695031,0.122210,0.117729,15.323816,5.153571,51.003257
1413393299755760384.000000,0.000000,0.000000,17.493060,6.868218,0.108546,0.207331,16.574520,0.155714,48.254804
1413393299805760512.000000,0.000000,0.000000,18.020426,6.819001,0.120513,0.118657,15.883119,0.165666,47.979345
1413393299855760384.000000,0.000000,0.000000,18.592658,6.375731,0.108417,0.121121,17.459748,0.179171,48.219092
1413393299905760512.000000,0.000000,0.000000,17.562884,7.644771,0.209250,0.102273,15.359560,4.741214,46.865762
1413393299955760384.000000,0.000000,0.000000,19.299004,7.167197,0.235235,0.192130,17.173184,0.145506,49.124063
1413393300005760512.000000,0.000000,0.000000,18.014698,8.024905,0.130050,0.134434,16.998429,0.164034,50.497106
1413393300055760384.000000,0.000000,0.000000,19.978021,7.702276,0.255971,0.134434,17.057950,0.159459,53.340695
1413393300105760512.000000,0.000000,0.000000,17.871241,7.407137,0.231875,0.098369,14.996772,0.172131,48.763323
1413393300155760384.000000,0.000000,0.000000,18.899063,7.804773,0.250659,0.132386,17.866057,0.118658,56.960774
1413393300205760512.000000,0.000000,0.000000,18.049707,6.429748,0.122209,0.132130,17.672838,0.117890,51.576128
1413393300255760384.000000,0.000000,0.000000,19.685440,6.585654,0.215811,0.126242,16.882204,4.659773,47.669197
1413393300305760512.000000,0.000000,0.000000,18.391023,7.016891,0.214146,0.176707,17.367202,0.250211,47.599276
1413393300355760384.000000,0.000000,0.000000,16.789882,7.170910,0.211330,0.097121,15.229767,0.128642,45.518641
1413393300405760512.000000,0.000000,0.000000,16.831067,7.189566,0.100321,0.110881,14.178617,0.126402,50.876086
1413393300455760384.000000,0.000000,0.000000,16.133650,7.257822,0.103874,0.112993,15.147429,0.148226,46.532894
1413393300505760512.000000,0.000000,0.000000,17.254048,7.285503,0.102497,0.116898,15.801069,6.222161,48.127123
1413393300555760384.000000,0.000000,0.000000,16.294772,6.988347,0.197826,0.209122,17.085375,0.321316,44.337762
1413393300605760512.000000,0.000000,0.000000,17.755847,7.562531,0.203138,0.122786,14.809281,0.140002,46.086744
1413393300655760384.000000,0.000000,0.000000,16.340628,7.612932,0.217219,0.116994,15.135301,0.146402,51.852483
1413393300705760512.000000,0.000000,0.000000,17.287585,6.980027,0.095137,0.109506,15.219270,0.167490,49.584326
1413393300755760384.000000,0.000000,0.000000,17.546660,6.593525,0.199043,0.101185,13.724243,5.970477,47.816463
1413393300805760512.000000,0.000000,0.000000,17.445411,7.402656,0.097730,0.204418,17.367139,0.172611,46.553023
1413393300855760384.000000,0.000000,0.000000,17.678502,7.710213,0.206530,0.129569,16.063793,0.138338,45.550162
1413393300905760512.000000,0.000000,0.000000,18.381231,8.514671,0.206531,0.119362,16.185747,0.157922,47.652653
1413393300955760384.000000,0.000000,0.000000,17.463620,8.087497,0.222019,0.122401,15.719053,0.142946,46.547038
1413393301005760512.000000,0.000000,0.000000,17.199936,8.048105,0.213059,0.140449,17.359715,5.349254,52.390859
1413393301055760384.000000,0.000000,0.000000,17.439780,7.449345,0.203747,0.198434,17.017342,0.204386,48.816284
1413393301105760512.000000,0.000000,0.000000,15.767853,8.123914,0.210915,0.125634,16.242259,0.151970,46.431964
1413393301155760384.000000,0.000000,0.000000,17.239585,7.185341,0.191682,0.123553,15.667980,0.153186,46.692992
1413393301205760512.000000,0.000000,0.000000,16.645145,7.188158,0.207715,0.094433,14.921635,0.141825,46.306556
1413393301255760384.000000,0.000000,0.000000,18.216973,7.633507,0.191715,0.076673,14.925923,6.173553,46.539390
1413393301305760512.000000,0.000000,0.000000,16.944349,9.062198,0.215363,0.089025,16.676665,0.125442,54.366052
1413393301355760384.000000,0.000000,0.000000,17.002718,7.715300,0.179330,0.118178,11.872634,0.143586,48.264917
1413393301405760512.000000,0.000000,0.000000,17.311521,8.011177,0.191171,0.110849,11.133969,0.182211,45.832373
1413393301455760384.000000,0.000000,0.000000,16.359158,7.710884,0.176098,0.066497,10.144836,0.084065,45.060427
1413393301505760512.000000,0.000000,0.000000,16.372117,7.822086,0.185027,0.046688,9.585341,4.873664,46.446077
1413393301555760384.000000,0.000000,0.000000,16.236180,7.969736,0.193955,0.060641,11.437045,0.102306,52.415210
1413393301605760512.000000,0.000000,0.000000,16.660345,7.288191,0.182819,0.110529,11.745177,0.169602,46.950500
1413393301655760384.000000,0.000000,0.000000,18.070635,7.745860,0.173762,0.110786,11.780249,0.127201,46.383964
1413393301705760512.000000,0.000000,0.000000,18.983704,7.993224,0.183139,0.058656,9.785888,5.119619,47.560652
1413393301755760384.000000,0.000000,0.000000,16.047697,7.823046,0.186979,0.073473,11.910875,0.111937,43.205810
1413393301805760512.000000,0.000000,0.000000,14.478396,6.834521,0.194370,0.141058,11.460021,0.144578,49.416132
1413393301855760384.000000,0.000000,0.000000,18.405104,7.422209,0.089665,0.105793,12.242368,0.185314,48.004305
1413393301905760512.000000,0.000000,0.000000,14.938850,6.643511,0.096961,0.100609,11.716793,5.695786,42.090692
1413393301955760384.000000,0.000000,0.000000,16.886012,7.109052,0.182498,0.067713,11.855994,0.109537,43.963644
1413393302005760512.000000,0.000000,0.000000,16.549047,6.521973,0.206531,0.120193,12.349025,0.133121,43.200691
1413393302055760384.000000,0.000000,0.000000,16.243892,6.812409,0.225795,0.115137,12.230656,0.206210,51.044473
1413393302105760512.000000,0.000000,0.000000,16.743034,6.324787,0.110209,0.104993,11.065680,0.095521,45.828853
1413393302155760384.000000,0.000000,0.000000,16.272692,6.338738,0.187298,0.078753,15.411977,8.757331,44.045981
1413393302205760512.000000,0.000000,0.000000,16.399158,4.881088,0.149602,0.079201,16.590360,0.124226,38.091536
1413393302255760384.000000,0.000000,0.000000,16.217747,4.834879,0.069441,0.141090,13.573776,0.202083,40.393806
1413393302305760512.000000,0.000000,0.000000,17.722631,5.393798,0.177762,0.110850,13.168011,0.207810,45.558129
1413393302355760384.000000,0.000000,0.000000,17.152416,6.178096,0.183458,0.101217,15.131013,0.177666,41.387227
1413393302405760512.000000,0.000000,0.000000,17.022174,4.873919,0.152898,0.104193,16.126290,6.152432,38.789657
1413393302455760384.000000,0.000000,0.000000,18.055435,4.706110,0.148578,0.216931,17.900873,0.279556,39.421090
1413393302505760512.000000,0.000000,0.000000,15.842319,4.758430,0.159298,0.132770,16.588248,0.181218,36.617725
1413393302555760384.000000,0.000000,0.000000,17.955434,7.492418,0.192995,0.126466,16.304724,0.172130,52.218472
1413393302605760512.000000,0.000000,0.000000,16.661529,6.427379,0.192802,0.113538,17.281633,0.135970,44.260768
1413393302655760384.000000,0.000000,0.000000,17.709382,5.450599,0.180642,0.109185,15.793038,6.200593,42.671500
1413393302705760512.000000,0.000000,0.000000,16.949469,4.873983,0.164450,0.224611,17.665222,0.258691,38.769689
1413393302755760384.000000,0.000000,0.000000,17.416994,4.636380,0.164931,0.156770,17.089055,0.189570,36.796576
1413393302805760512.000000,0.000000,0.000000,16.483990,4.354329,0.200290,0.151554,17.965130,0.154434,44.943049
1413393302855760384.000000,0.000000,0.000000,18.053483,6.039663,0.180227,0.110306,16.470614,0.227395,42.742957
1413393302905760512.000000,0.000000,0.000000,18.297358,4.616252,0.159074,0.162082,16.099729,0.136994,40.310829
1413393302955760384.000000,0.000000,0.000000,17.192512,4.781311,0.164194,0.157026,17.546532,6.660471,38.275218
1413393303005760512.000000,0.000000,0.000000,16.367958,4.539067,0.178530,0.088898,19.320187,0.143106,39.183582
1413393303055760384.000000,0.000000,0.000000,17.575493,5.416359,0.197123,0.145730,14.672575,0.188290,50.542770
1413393303105760512.000000,0.000000,0.000000,17.210464,7.710532,0.198434,0.145122,14.176056,0.213091,46.919235
1413393303155760384.000000,0.000000,0.000000,16.594296,4.921472,0.165474,0.149794,16.081393,0.131138,38.712504
1413393303205760512.000000,0.000000,0.000000,17.510884,4.642461,0.169410,0.110593,13.495984,0.248259,39.561987
1413393303255760384.000000,0.000000,0.000000,17.707014,6.791769,0.195747,0.133570,16.612408,6.164784,43.698937
1413393303305760512.000000,0.000000,0.000000,15.852175,7.848550,0.211747,0.266724,19.999812,0.255172,50.579155
1413393303355760384.000000,0.000000,0.000000,17.663302,7.665604,0.107394,0.169699,16.525751,0.149858,49.645958
1413393303405760512.000000,0.000000,0.000000,16.697785,6.530805,0.096097,0.154658,17.817800,0.199650,45.932342
1413393303455760384.000000,0.000000,0.000000,17.452931,7.004475,0.196899,0.150178,18.485265,0.173762,46.398428
1413393303505760512.000000,0.000000,0.000000,16.912028,7.502881,0.205155,0.124737,17.396035,0.285411,45.970326
1413393303555760384.000000,0.000000,0.000000,18.244877,9.670654,0.250948,0.133186,18.746964,6.094896,51.086617
1413393303605760512.000000,0.000000,0.000000,15.612587,8.235532,0.218115,0.244707,19.285115,0.271652,51.778243
1413393303655760384.000000,0.000000,0.000000,23.558771,7.803462,0.103682,0.149986,18.124588,0.182402,56.010841
1413393303705760512.000000,0.000000,0.000000,16.891676,7.742117,0.088417,0.144162,18.104971,0.183554,45.690515
1413393303755760384.000000,0.000000,0.000000,15.720045,6.842681,0.210402,0.143074,18.733268,0.179714,44.314529
1413393303805760512.000000,0.000000,0.000000,15.906415,8.619472,0.215715,0.131170,18.156300,0.267012,45.970103
1413393303855760384.000000,0.000000,0.000000,15.320679,6.805657,0.213666,0.131586,19.354876,5.352198,47.604524
1413393303905760512.000000,0.000000,0.000000,16.498647,7.370272,0.239203,0.160130,19.778177,0.268932,46.150361
1413393303955760384.000000,0.000000,0.000000,15.053508,6.892794,0.198499,0.120514,19.710304,0.163682,42.752877
1413393304005760512.000000,0.000000,0.000000,15.582443,6.775032,0.189251,0.146786,18.118924,0.190050,43.020272
1413393304055760384.000000,0.000000,0.000000,15.347304,6.952315,0.204419,0.134881,18.693908,0.210978,47.994290
1413393304105760512.000000,0.000000,0.000000,16.550903,6.706103,0.235555,0.121666,17.773479,6.129968,45.114827
1413393304155760384.000000,0.000000,0.000000,15.205478,6.714231,0.205091,0.239619,20.178951,0.195298,42.879247
1413393304205760512.000000,0.000000,0.000000,19.608159,8.033161,0.206179,0.157314,19.257403,0.177346,50.556082
1413393304255760384.000000,0.000000,0.000000,16.353621,7.002363,0.223267,0.159170,17.698567,0.193730,48.435639
1413393304305760512.000000,0.000000,0.000000,16.308724,6.640407,0.228675,0.142049,18.216334,0.183234,45.500689
1413393304355760384.000000,0.000000,0.000000,15.286663,7.074044,0.205602,0.070657,17.866152,5.635593,44.732679
1413393304405760512.000000,0.000000,0.000000,16.949180,7.151838,0.211715,0.242563,20.867152,0.363621,46.523198
1413393304455760384.000000,0.000000,0.000000,15.834638,6.977083,0.204867,0.142274,17.970570,0.177250,42.802285
1413393304505760512.000000,0.000000,0.000000,15.950416,8.433006,0.238019,0.133441,18.496657,0.186370,47.357065
1413393304555760384.000000,0.000000,0.000000,15.776142,8.639824,0.245699,0.110753,18.733396,0.217603,47.188550
1413393304605760512.000000,0.000000,0.000000,15.702637,8.471118,0.242755,0.157634,18.173420,6.043471,50.641620
1413393304655760384.000000,0.000000,0.000000,19.331099,7.312447,0.099169,0.239619,20.410026,0.368709,49.857033
1413393304705760512.000000,0.000000,0.000000,16.076722,8.229995,0.228419,0.165858,18.449328,0.176674,51.856932
1413393304755760384.000000,0.000000,0.000000,16.613881,6.639286,0.179491,0.130114,18.280814,0.176610,42.320103
1413393304805760512.000000,0.000000,0.000000,16.110354,6.945595,0.188451,0.084641,17.015166,0.183426,43.162226
1413393304855760384.000000,0.000000,0.000000,18.342703,7.361792,0.203299,0.086849,19.922820,5.096802,52.582061
1413393304905760512.000000,0.000000,0.000000,17.925545,6.703351,0.095009,0.236835,20.312969,0.262403,47.449610
1413393304955760384.000000,0.000000,0.000000,16.603737,6.866777,0.184514,0.142786,19.370108,0.171010,43.375189
1413393305005760512.000000,0.000000,0.000000,16.768091,8.119786,0.184098,0.126882,19.706465,0.198915,45.104844
1413393305055760384.000000,0.000000,0.000000,15.039011,6.981083,0.192130,0.095425,20.304233,0.198658,41.620958
1413393305105760512.000000,0.000000,0.000000,16.496535,7.088061,0.182787,0.077889,21.070515,0.115522,48.126131
1413393305155760384.000000,0.000000,0.000000,15.897967,6.424052,0.208643,0.135458,20.749711,4.928448,44.873321
1413393305205760512.000000,0.000000,0.000000,16.990429,7.988584,0.198947,0.081473,20.479723,0.131458,45.476177
1413393305255760384.000000,0.000000,0.000000,14.833889,6.707735,0.201698,0.127009,17.808168,0.206947,41.691487
1413393305305760512.000000,0.000000,0.000000,13.850292,6.973466,0.201027,0.124994,16.538743,0.182563,41.536029
1413393305355760384.000000,0.000000,0.000000,15.567658,6.165489,0.211907,0.078881,15.092356,0.139746,49.431684
1413393305405760512.000000,0.000000,0.000000,17.767208,6.630038,0.114338,0.077793,16.459095,0.094273,46.550174
1413393305455760384.000000,0.000000,0.000000,17.337986,6.941082,0.090497,0.142690,18.241390,0.109986,45.437136
1413393305505760512.000000,0.000000,0.000000,14.896834,7.201854,0.102786,0.136066,19.569567,0.116802,42.789773
1413393305555760384.000000,0.000000,0.000000,13.548401,6.935610,0.216195,0.137825,21.898878,0.123266,40.496464
1413393305605760512.000000,0.000000,0.000000,14.198137,7.346592,0.115905,0.127458,19.633696,5.090403,47.323208
1413393305655760384.000000,0.000000,0.000000,16.038609,8.333036,0.210467,0.074689,20.528747,0.130434,46.046488
1413393305705760512.000000,0.000000,0.000000,15.561482,5.438919,0.168034,0.132225,19.943908,0.220611,37.658634
1413393305755760384.000000,0.000000,0.000000,18.443377,5.181155,0.147714,0.136130,19.660192,0.221315,39.750821
1413393305805760512.000000,0.000000,0.000000,14.355899,5.513192,0.147042,0.125249,19.339484,0.117089,34.490081
1413393305855760384.000000,0.000000,0.000000,15.053092,5.111811,0.142274,0.140418,19.848226,0.119137,38.985211
1413393305905760512.000000,0.000000,0.000000,18.078251,5.648522,0.133794,0.152577,18.760245,0.108002,40.389806
1413393305955760384.000000,0.000000,0.000000,18.513809,5.899149,0.163266,0.153090,20.188327,0.115553,41.341083
1413393306005760512.000000,0.000000,0.000000,17.867529,5.755531,0.153154,0.152738,20.503276,0.118274,41.547229
1413393306055760384.000000,0.000000,0.000000,15.255367,6.054703,0.164035,0.130946,20.896976,0.115969,40.571920
1413393306105760512.000000,0.000000,0.000000,17.137535,5.641289,0.142562,0.140546,19.530238,4.186390,39.578019
1413393306155760384.000000,0.000000,0.000000,14.433820,5.917741,0.147906,0.176194,20.841072,0.238467,36.926753
1413393306205760512.000000,0.000000,0.000000,16.882491,6.006830,0.159586,0.178435,20.517707,0.161922,40.000393
1413393306255760384.000000,0.000000,0.000000,13.747379,6.152752,0.153826,0.166050,20.148166,0.153122,41.711007
1413393306305760512.000000,0.000000,0.000000,16.498390,5.777611,0.068353,0.144834,20.352041,0.191714,39.024509
1413393306355760384.000000,0.000000,0.000000,15.028419,6.018767,0.197923,0.132289,19.228187,0.151746,38.486645
1413393306405760512.000000,0.000000,0.000000,14.891170,5.991982,0.134082,0.156194,21.648378,0.116162,38.226098
1413393306455760384.000000,0.000000,0.000000,16.808155,6.528181,0.169378,0.152322,21.454680,4.428282,39.101245
1413393306505760512.000000,0.000000,0.000000,15.445481,9.226456,0.173058,0.196387,21.764283,0.274948,53.469560
1413393306555760384.000000,0.000000,0.000000,15.323303,8.749234,0.154178,0.189794,22.865066,0.167010,45.832725
1413393306605760512.000000,0.000000,0.000000,18.083884,6.085167,0.146946,0.147522,20.329609,0.160098,43.384885
1413393306655760384.000000,0.000000,0.000000,15.108389,6.149296,0.147521,0.168866,20.777902,0.177091,39.645413
1413393306705760512.000000,0.000000,0.000000,16.438678,9.513820,0.167010,0.115394,19.205178,0.198947,46.323964
1413393306755760384.000000,0.000000,0.000000,14.927042,8.316429,0.188163,0.180451,20.787822,0.112257,50.133101
1413393306805760512.000000,0.000000,0.000000,15.766094,8.652945,0.200003,0.165602,22.022751,0.123745,47.515595
1413393306855760384.000000,0.000000,0.000000,14.580350,9.101719,0.210594,0.156098,20.475754,0.110529,45.213261
1413393306905760512.000000,0.000000,0.000000,13.279437,8.526319,0.195042,0.180419,22.051327,0.112194,43.057681
1413393306955760384.000000,0.000000,0.000000,16.476823,9.519868,0.220515,0.149026,20.357353,4.677085,48.128851
1413393307005760512.000000,0.000000,0.000000,15.722989,8.705425,0.201827,0.177411,20.853423,0.220931,51.096857
1413393307055760384.000000,0.000000,0.000000,13.891061,9.042486,0.194083,0.157570,20.773806,0.182659,45.841557
1413393307105760512.000000,0.000000,0.000000,13.074794,8.442830,0.173378,0.154562,19.913124,0.178435,44.062238
1413393307155760384.000000,0.000000,0.000000,14.683167,7.424897,0.176707,0.148066,19.293339,0.167458,45.153932
1413393307205760512.000000,0.000000,0.000000,14.421148,8.947060,0.179202,0.111201,18.880662,0.199267,44.934858
1413393307255760384.000000,0.000000,0.000000,15.199622,6.494197,0.078657,0.160322,20.945809,5.420167,42.622347
1413393307305760512.000000,0.000000,0.000000,16.252916,8.441166,0.180419,0.249635,23.816406,0.255651,54.102273
1413393307355760384.000000,0.000000,0.000000,16.077586,9.773663,0.207586,0.162050,21.095123,0.166435,50.466801
1413393307405760512.000000,0.000000,0.000000,15.985488,6.977530,0.167714,0.155234,20.977682,0.170306,42.938575
1413393307455760384.000000,0.000000,0.000000,16.145362,6.591254,0.186595,0.121986,21.543001,0.180643,42.142981
1413393307505760512.000000,0.000000,0.000000,15.559850,6.439732,0.173346,0.162114,19.689184,0.106753,43.322772
1413393307555760384.000000,0.000000,0.000000,15.943792,6.576053,0.178947,0.151426,20.002372,0.117569,40.996534
1413393307605760512.000000,0.000000,0.000000,17.137919,8.044777,0.198146,0.135937,20.114598,5.328965,52.732879
1413393307655760384.000000,0.000000,0.000000,16.721242,9.162103,0.083617,0.193379,20.779406,0.252996,51.630465
1413393307705760512.000000,0.000000,0.000000,15.056868,7.416736,0.191810,0.159106,21.509208,0.179074,43.299924
1413393307755760384.000000,0.000000,0.000000,14.357819,8.141930,0.197891,0.138818,20.114406,0.171299,45.618866
1413393307805760512.000000,0.000000,0.000000,14.514333,8.041384,0.217731,0.153122,19.002295,0.162914,46.136409
1413393307855760384.000000,0.000000,0.000000,16.586168,8.520783,0.231299,0.107137,17.809544,0.222659,47.771214
1413393307905760512.000000,0.000000,0.000000,15.267111,7.915719,0.249315,0.177698,20.305545,5.726027,53.388472
1413393307955760384.000000,0.000000,0.000000,15.419657,7.268190,0.249124,0.183906,22.077760,0.275651,47.691661
1413393308005760512.000000,0.000000,0.000000,14.057143,7.977736,0.244899,0.133601,19.337276,0.146146,45.812885
1413393308055760384.000000,0.000000,0.000000,15.246791,7.830086,0.220739,0.140930,19.336059,0.182275,46.534878
1413393308105760512.000000,0.000000,0.000000,15.804750,8.826611,0.233251,0.136610,19.274011,0.164258,48.561497
1413393308155760384.000000,0.000000,0.000000,15.338536,7.299935,0.224419,0.147202,18.990296,4.712830,46.467005
1413393308205760512.000000,0.000000,0.000000,16.803483,7.444193,0.265443,0.225411,19.871683,0.185602,54.101441
1413393308255760384.000000,0.000000,0.000000,14.894722,7.201822,0.105089,0.156834,20.073989,0.164130,47.308552
1413393308305760512.000000,0.000000,0.000000,15.110756,7.371904,0.233539,0.140929,19.491230,0.156834,46.632544
1413393308355760384.000000,0.000000,0.000000,15.367624,7.417217,0.222755,0.139682,18.775253,0.203650,46.309019
1413393308405760512.000000,0.000000,0.000000,20.008485,7.726853,0.249763,0.156418,20.982385,5.989102,52.086727
1413393308455760384.000000,0.000000,0.000000,15.198246,8.009128,0.234947,0.236771,20.980850,0.211298,52.191399
1413393308505760512.000000,0.000000,0.000000,16.571704,7.435969,0.271236,0.162626,20.795055,0.165410,49.808904
1413393308555760384.000000,0.000000,0.000000,17.009886,7.375648,0.225475,0.161250,20.051941,0.165442,49.013151
1413393308605760512.000000,0.000000,0.000000,14.009271,7.134333,0.218595,0.155234,19.494494,0.126017,44.649926
1413393308655760384.000000,0.000000,0.000000,16.109938,7.313375,0.247172,0.111426,18.464464,5.076098,47.336681
1413393308705760512.000000,0.000000,0.000000,14.142520,8.160459,0.232899,0.240803,20.319337,0.201634,51.018041
1413393308755760384.000000,0.000000,0.000000,16.007216,7.426849,0.098305,0.148929,19.148890,0.164578,50.077804
1413393308805760512.000000,0.000000,0.000000,15.079140,6.813113,0.092609,0.143361,19.472958,0.156706,45.374639
1413393308855760384.000000,0.000000,0.000000,16.701722,6.967995,0.269284,0.110017,19.641056,0.152834,47.585964
1413393308905760512.000000,0.000000,0.000000,15.196902,8.256843,0.244068,0.132226,19.131929,5.346054,49.567526
1413393308955760384.000000,0.000000,0.000000,16.821179,7.375232,0.234371,0.235139,19.695489,0.232355,53.859325
1413393309005760512.000000,0.000000,0.000000,18.587634,7.084188,0.228963,0.146594,18.989431,0.184034,51.516319
1413393309055760384.000000,0.000000,0.000000,17.892905,7.095261,0.216739,0.157666,19.515166,0.163586,49.296834
1413393309105760512.000000,0.000000,0.000000,17.268673,6.860729,0.231523,0.144034,18.790581,0.135682,47.755054
1413393309155760384.000000,0.000000,0.000000,17.652678,7.246015,0.223395,0.153250,18.245006,4.924992,47.291112
1413393309205760512.000000,0.000000,0.000000,17.447684,6.970395,0.276867,0.226211,19.619616,0.202978,54.545927
1413393309255760384.000000,0.000000,0.000000,17.717511,7.167677,0.116898,0.143170,19.295611,0.159618,50.836150
1413393309305760512.000000,0.000000,0.000000,16.966525,6.426004,0.239843,0.148546,19.566527,0.171651,48.937406
1413393309355760384.000000,0.000000,0.000000,15.701868,6.910330,0.248035,0.126018,19.420189,0.147714,47.874351
1413393309405760512.000000,0.000000,0.000000,15.836655,6.769432,0.239108,0.068065,18.647091,0.103937,53.166197
1413393309455760384.000000,0.000000,0.000000,15.886095,6.742327,0.251811,0.169026,20.829295,0.116226,48.959102
1413393309505760512.000000,0.000000,0.000000,16.282805,6.902426,0.275971,0.140450,18.953815,0.106497,54.057217
1413393309555760384.000000,0.000000,0.000000,18.008266,7.086172,0.286244,0.148738,19.522878,0.117345,51.298076
1413393309605760512.000000,0.000000,0.000000,18.248525,5.310694,0.225955,0.151010,19.805954,0.107777,47.136294
1413393309655760384.000000,0.000000,0.000000,16.290292,5.110882,0.228323,0.150946,21.230772,5.414375,43.349140
1413393309705760512.000000,0.000000,0.000000,17.447939,5.066146,0.212003,0.216098,21.790460,0.267780,43.996702
1413393309755760384.000000,0.000000,0.000000,17.903145,4.965505,0.196290,0.212995,20.771407,0.220642,44.982090
1413393309805760512.000000,0.000000,0.000000,16.340661,7.980680,0.242371,0.149538,20.492971,0.171394,48.416086
1413393309855760384.000000,0.000000,0.000000,17.373954,7.176061,0.262211,0.164802,19.963396,0.177122,49.495300
1413393309905760512.000000,0.000000,0.000000,17.877289,7.465889,0.282276,0.158658,19.953700,0.144706,52.754544
1413393309955760384.000000,0.000000,0.000000,16.720793,6.674422,0.295459,0.172866,20.643277,0.122081,53.330327
1413393310005760512.000000,0.000000,0.000000,17.060543,7.592995,0.114241,0.157698,19.925091,0.107937,50.872791
1413393310055760384.000000,0.000000,0.000000,17.316321,5.496840,0.258660,0.173346,20.787311,4.684733,48.947838
1413393310105760512.000000,0.000000,0.000000,16.877212,5.648522,0.265731,0.085569,19.696897,0.121698,48.205300
1413393310155760384.000000,0.000000,0.000000,16.954013,6.410163,0.243363,0.150114,20.042981,0.187842,47.970448
1413393310205760512.000000,0.000000,0.000000,14.798721,6.042511,0.268324,0.149698,19.432029,0.165731,46.172474
1413393310255760384.000000,0.000000,0.000000,14.919394,6.371667,0.296291,0.157890,20.290952,0.176099,45.638802
1413393310305760512.000000,0.000000,0.000000,16.887036,6.622614,0.310884,0.149090,18.371631,0.126017,49.461380
1413393310355760384.000000,0.000000,0.000000,15.418153,6.920795,0.291587,0.154018,20.515243,0.121345,48.819004
1413393310405760512.000000,0.000000,0.000000,17.072990,7.173501,0.303716,0.160675,20.907568,0.122594,50.982905
1413393310455760384.000000,0.000000,0.000000,15.852846,7.014876,0.301956,0.154882,20.617164,0.126882,52.074854
1413393310505760512.000000,0.000000,0.000000,15.383433,6.367411,0.272835,0.159170,20.741710,4.694749,48.416470
1413393310555760384.000000,0.000000,0.000000,17.260641,6.831545,0.286211,0.193314,21.614842,0.252835,50.413841
1413393310605760512.000000,0.000000,0.000000,14.558462,6.413332,0.253380,0.157442,20.612621,0.181955,45.085451
1413393310655760384.000000,0.000000,0.000000,14.124088,6.821784,0.310692,0.136994,18.207437,0.149154,47.287368
1413393310705760512.000000,0.000000,0.000000,13.896309,6.900026,0.330341,0.138242,19.484893,0.180994,45.927063
1413393310755760384.000000,0.000000,0.000000,18.583986,7.051612,0.265860,0.137410,19.696896,0.152354,53.128180
1413393310805760512.000000,0.000000,0.000000,15.993489,7.214462,0.364420,0.144866,18.543505,0.125506,54.719240
1413393310855760384.000000,0.000000,0.000000,17.397955,7.042427,0.372165,0.155202,20.215016,5.265029,52.193608
1413393310905760512.000000,0.000000,0.000000,15.265287,6.981499,0.282500,0.174338,21.315062,0.257220,51.297788
1413393310955760384.000000,0.000000,0.000000,15.621196,7.287071,0.251459,0.118114,19.340060,0.123394,48.923998
1413393311005760512.000000,0.000000,0.000000,15.486537,6.850170,0.302948,0.138978,18.733204,0.158754,49.246914
1413393311055760384.000000,0.000000,0.000000,15.969168,6.020367,0.266787,0.146658,19.728129,0.149794,46.005432
1413393311105760512.000000,0.000000,0.000000,15.382216,6.675607,0.297092,0.160578,21.402839,0.135554,48.303317
1413393311155760384.000000,0.000000,0.000000,16.470806,7.563523,0.288036,0.126433,19.102297,6.022830,51.981957
1413393311205760512.000000,0.000000,0.000000,15.047748,6.346931,0.320005,0.190723,20.267880,0.235939,47.603660
1413393311255760384.000000,0.000000,0.000000,16.857147,7.193854,0.275779,0.109441,18.648755,0.129857,51.992582
1413393311305760512.000000,0.000000,0.000000,16.868892,7.853799,0.267204,0.146498,19.027384,0.162594,55.411410
1413393311355760384.000000,0.000000,0.000000,16.509815,6.392115,0.110049,0.151202,19.655136,0.152450,49.580230
1413393311405760512.000000,0.000000,0.000000,16.092274,6.957371,0.098018,0.132993,23.987449,0.141281,49.968554
1413393311455760384.000000,0.000000,0.000000,15.705004,6.803353,0.091201,0.111138,18.588978,6.199345,46.807970
1413393311505760512.000000,0.000000,0.000000,16.459895,6.928474,0.243331,0.232611,19.847458,0.232163,48.370678
1413393311555760384.000000,0.000000,0.000000,14.548894,6.592246,0.260772,0.114273,17.836168,0.134466,45.725299
1413393311605760512.000000,0.000000,0.000000,21.045106,8.352045,0.259044,0.126370,18.814741,0.155266,61.039867
1413393311655760384.000000,0.000000,0.000000,15.343560,7.485602,0.107170,0.117122,18.138380,0.260195,53.202517
1413393311705760512.000000,0.000000,0.000000,16.755098,6.605398,0.244707,0.120738,17.045470,0.119650,50.550162
1413393311755760384.000000,0.000000,0.000000,15.748109,6.845817,0.262531,0.122242,17.913033,6.819225,49.273058
1413393311805760512.000000,0.000000,0.000000,15.005476,6.983323,0.263811,0.194115,17.723239,0.250852,53.020051
1413393311855760384.000000,0.000000,0.000000,14.517277,6.733208,0.262852,0.091617,17.095423,0.134978,46.477181
1413393311905760512.000000,0.000000,0.000000,16.342357,7.291775,0.309668,0.120834,16.650169,0.137922,48.575065
1413393311955760384.000000,0.000000,0.000000,17.470755,7.019420,0.277924,0.117250,17.203264,0.182883,55.286672
1413393312005760512.000000,0.000000,0.000000,16.992253,6.835225,0.245731,0.114466,17.496163,0.168290,50.332783
1413393312055760384.000000,0.000000,0.000000,15.416425,6.891002,0.291140,0.117793,17.353090,6.111567,49.541254
1413393312105760512.000000,0.000000,0.000000,15.226887,7.559298,0.260131,0.213634,19.172762,0.179714,47.234311
1413393312155760384.000000,0.000000,0.000000,16.201619,6.547925,0.316196,0.129986,16.978525,0.149890,46.267515
1413393312205760512.000000,0.000000,0.000000,16.049585,7.116252,0.259076,0.109057,16.845436,0.131074,45.152844
1413393312255760384.000000,0.000000,0.000000,16.499702,7.464705,0.289508,0.125345,18.372368,0.134402,55.425810
1413393312305760512.000000,0.000000,0.000000,15.722797,6.858425,0.284580,0.126242,16.409589,0.113345,50.779509
1413393312355760384.000000,0.000000,0.000000,15.072004,7.083773,0.269412,0.128129,18.450737,7.423233,47.144550
1413393312405760512.000000,0.000000,0.000000,13.946806,7.125469,0.263044,0.188035,18.978967,0.218659,46.377596
1413393312455760384.000000,0.000000,0.000000,13.613553,6.847897,0.251651,0.092641,17.103839,0.111457,43.943261
1413393312505760512.000000,0.000000,0.000000,14.837826,6.732312,0.272099,0.131969,17.582821,0.139874,50.853110
1413393312555760384.000000,0.000000,0.000000,14.848289,6.520021,0.352580,0.131521,18.663507,0.134658,47.063589
1413393312605760512.000000,0.000000,0.000000,14.507005,7.055260,0.247268,0.130850,17.845480,0.111873,47.749294
1413393312655760384.000000,0.000000,0.000000,15.315207,6.911674,0.254116,0.135362,17.832168,0.101314,47.293320
1413393312705760512.000000,0.000000,0.000000,14.854722,6.970171,0.266211,0.142338,18.180461,0.099073,46.402428
1413393312755760384.000000,0.000000,0.000000,16.116370,8.091242,0.277476,0.135650,18.440304,0.098657,56.899973
1413393312805760512.000000,0.000000,0.000000,15.050436,7.352768,0.264419,0.131618,17.748999,0.097378,49.120224
1413393312855760384.000000,0.000000,0.000000,16.635065,7.107101,0.234147,0.131681,17.400803,7.144733,49.991787
1413393312905760512.000000,0.000000,0.000000,14.359931,6.924058,0.279748,0.086209,19.143449,0.215907,47.498859
1413393312955760384.000000,0.000000,0.000000,14.890082,6.729719,0.241315,0.109633,16.999933,0.123714,46.908835
1413393313005760512.000000,0.000000,0.000000,17.464484,7.521858,0.254339,0.136161,17.242145,0.149762,53.870654
1413393313055760384.000000,0.000000,0.000000,16.069106,6.721431,0.306308,0.136194,18.954391,0.149154,49.214977
1413393313105760512.000000,0.000000,0.000000,14.626719,6.611222,0.244483,0.141442,17.241600,0.124706,45.959767
1413393313155760384.000000,0.000000,0.000000,14.775232,6.841210,0.246852,0.151938,17.747239,0.103329,45.977623
1413393313205760512.000000,0.000000,0.000000,14.169945,6.919098,0.267651,0.148930,17.741671,0.102946,51.749602
1413393313255760384.000000,0.000000,0.000000,13.632786,7.289567,0.275971,0.142370,18.051563,0.103041,50.646868
1413393313305760512.000000,0.000000,0.000000,15.611979,7.400257,0.278756,0.149218,18.590130,0.106561,48.661914
1413393313355760384.000000,0.000000,0.000000,14.160024,6.734584,0.247491,0.142498,18.471953,6.829241,45.674450
1413393313405760512.000000,0.000000,0.000000,15.512202,6.637175,0.236227,0.205187,20.825007,0.234435,47.929360
1413393313455760384.000000,0.000000,0.000000,18.504849,6.771256,0.256323,0.219075,18.110700,0.182850,49.556678
1413393313505760512.000000,0.000000,0.000000,16.333813,6.707671,0.233539,0.168995,16.982077,0.129794,50.233742
1413393313555760384.000000,0.000000,0.000000,14.810977,6.915931,0.102177,0.141058,17.485092,0.143938,47.015684
1413393313605760512.000000,0.000000,0.000000,12.914568,6.717432,0.262531,0.146658,17.354306,0.159042,44.741223
1413393313655760384.000000,0.000000,0.000000,14.978660,7.003067,0.255011,0.149954,16.806779,0.114465,47.250791
1413393313705760512.000000,0.000000,0.000000,19.249179,6.878905,0.256707,0.155810,18.419056,0.118049,55.352049
1413393313755760384.000000,0.000000,0.000000,14.231865,6.964475,0.267427,0.181219,19.171129,6.140240,45.546738
1413393313805760512.000000,0.000000,0.000000,16.849436,7.827590,0.261379,0.090337,20.103398,0.133153,51.273276
1413393313855760384.000000,0.000000,0.000000,16.699193,7.603075,0.261699,0.113858,16.322772,0.154082,48.805339
1413393313905760512.000000,0.000000,0.000000,15.946672,7.070236,0.263459,0.143522,16.284948,0.181538,48.017713
1413393313955760384.000000,0.000000,0.000000,14.700799,7.714564,0.291748,0.145473,16.425526,0.205186,47.695981
1413393314005760512.000000,0.000000,0.000000,15.696780,7.564258,0.287588,0.129026,15.080709,0.123682,55.288560
1413393314055760384.000000,0.000000,0.000000,13.903317,6.734392,0.303908,0.122785,15.279623,5.587689,48.314486
1413393314105760512.000000,0.000000,0.000000,14.836257,5.406086,0.258819,0.071009,16.917852,0.132834,46.710433
1413393314155760384.000000,0.000000,0.000000,15.711788,6.400340,0.261796,0.135618,16.399477,0.161442,48.283125
1413393314205760512.000000,0.000000,0.000000,20.934321,6.206641,0.254852,0.145026,17.206144,0.191459,52.908241
1413393314255760384.000000,0.000000,0.000000,15.037124,6.281266,0.256612,0.137282,16.073329,0.191267,46.772993
1413393314305760512.000000,0.000000,0.000000,16.053905,6.773912,0.260100,0.067265,14.279802,0.127810,49.336003
1413393314355760384.000000,0.000000,0.000000,15.346184,6.269649,0.264228,0.146274,18.010762,5.473191,45.762260
1413393314405760512.000000,0.000000,0.000000,16.029745,6.684535,0.338341,0.085377,18.782132,0.117602,54.032224
1413393314455760384.000000,0.000000,0.000000,15.763117,5.799948,0.244163,0.146818,16.270772,0.166114,46.758401
1413393314505760512.000000,0.000000,0.000000,17.695527,6.831897,0.259715,0.151266,17.255521,0.198755,50.256687
1413393314555760384.000000,0.000000,0.000000,16.049073,7.220542,0.259972,0.151138,16.438295,0.207106,48.285589
1413393314605760512.000000,0.000000,0.000000,14.608767,6.393971,0.263747,0.077569,15.501642,0.109409,47.073094
1413393314655760384.000000,0.000000,0.000000,16.229331,6.973691,0.048833,0.165443,18.239277,0.118882,46.965284
1413393314705760512.000000,0.000000,0.000000,14.887746,6.743768,0.127842,0.154114,19.450173,0.117217,47.788399
1413393314755760384.000000,0.000000,0.000000,17.407778,6.740439,0.300036,0.161218,19.422845,5.201668,50.626356
1413393314805760512.000000,0.000000,0.000000,17.086751,6.752376,0.296836,0.086785,20.240999,0.276932,49.916874
1413393314855760384.000000,0.000000,0.000000,15.847919,7.290111,0.322692,0.110145,18.095308,0.160258,54.147554
1413393314905760512.000000,0.000000,0.000000,16.725242,7.645956,0.108770,0.151234,18.752564,0.205827,51.720002
1413393314955760384.000000,0.000000,0.000000,16.232883,6.483348,0.284932,0.146530,19.332508,0.177250,50.064428
1413393315005760512.000000,0.000000,0.000000,13.197004,6.665143,0.268868,0.142786,17.990667,0.172962,43.528919
1413393315055760384.000000,0.000000,0.000000,13.997079,6.830809,0.261220,0.148417,17.124224,4.018964,46.066553
1413393315105760512.000000,0.000000,0.000000,16.528952,6.630326,0.283460,0.200067,19.380252,0.221155,48.356086
1413393315155760384.000000,0.000000,0.000000,15.606284,7.018395,0.246787,0.122081,17.554789,0.156322,46.460317
1413393315205760512.000000,0.000000,0.000000,15.444809,7.078013,0.277475,0.133602,17.012094,0.153890,52.579053
1413393315255760384.000000,0.000000,0.000000,12.747622,6.895898,0.120865,0.106146,17.499748,0.180035,46.734209
1413393315305760512.000000,0.000000,0.000000,15.547978,6.854010,0.093217,0.128290,17.253057,4.232791,47.620909
1413393315355760384.000000,0.000000,0.000000,14.545470,6.555669,0.238083,0.181314,19.781538,0.178562,43.863259
1413393315405760512.000000,0.000000,0.000000,14.959458,7.195774,0.240963,0.131329,17.926314,0.167106,46.755809
1413393315455760384.000000,0.000000,0.000000,14.516573,7.201054,0.243428,0.135361,18.473393,0.148226,49.033439
1413393315505760512.000000,0.000000,0.000000,15.240487,7.530146,0.237219,0.098849,17.603333,0.137762,52.962514
1413393315555760384.000000,0.000000,0.000000,15.761933,7.967272,0.108545,0.108033,17.554405,4.737310,49.577414
1413393315605760512.000000,0.000000,0.000000,14.702976,7.084956,0.240035,0.185699,18.095788,0.305796,45.792084
1413393315655760384.000000,0.000000,0.000000,15.371560,6.723288,0.233187,0.118914,18.091659,0.178499,46.684480
1413393315705760512.000000,0.000000,0.000000,13.286957,6.725880,0.221539,0.116354,17.919337,0.171010,45.524305
1413393315755760384.000000,0.000000,0.000000,13.113547,6.638518,0.221731,0.090657,16.759771,0.134690,47.660077
1413393315805760512.000000,0.000000,0.000000,15.911055,7.059708,0.243395,0.096866,16.755258,3.603887,52.902609
1413393315855760384.000000,0.000000,0.000000,15.239239,7.706149,0.226211,0.128993,16.489975,0.154082,48.418935
1413393315905760512.000000,0.000000,0.000000,14.030967,7.858470,0.222211,0.093185,15.777518,0.148418,43.439029
1413393315955760384.000000,0.000000,0.000000,13.620818,6.881978,0.226051,0.086049,15.309864,0.149666,43.953597
1413393316005760512.000000,0.000000,0.000000,15.941616,7.894663,0.226851,0.066305,13.595409,0.149026,47.530571
1413393316055760384.000000,0.000000,0.000000,13.228973,7.887655,0.227267,0.071040,14.243290,3.115305,43.271731
1413393316105760512.000000,0.000000,0.000000,13.338222,8.126346,0.257123,0.085250,14.332090,0.084993,51.180379
1413393316155760384.000000,0.000000,0.000000,19.159898,7.363232,0.102273,0.057153,14.922082,0.101505,49.577477
1413393316205760512.000000,0.000000,0.000000,13.166412,7.184958,0.240643,0.057152,14.152825,2.766276,42.817133
1413393316255760384.000000,0.000000,0.000000,16.001905,7.481217,0.227139,0.087137,15.876143,0.095393,44.645670
1413393316305760512.000000,0.000000,0.000000,13.712723,7.338368,0.225283,0.060704,14.155833,0.095585,42.918415
1413393316355760384.000000,0.000000,0.000000,14.392956,7.151741,0.235395,0.062945,14.479292,0.073089,44.494627
1413393316405760512.000000,0.000000,0.000000,14.820417,6.817049,0.235876,0.044736,12.153471,2.866405,50.040396
1413393316455760384.000000,0.000000,0.000000,14.721151,7.061852,0.201123,0.059233,12.985193,0.069056,46.345499
1413393316505760512.000000,0.000000,0.000000,17.788167,7.385121,0.214147,0.029664,11.072624,0.055009,46.734881
1413393316555760384.000000,0.000000,0.000000,14.100952,7.163870,0.221219,0.040160,15.225671,2.558529,43.277395
1413393316605760512.000000,0.000000,0.000000,14.115224,7.889383,0.210595,0.057313,14.756576,0.070049,45.883478
1413393316655760384.000000,0.000000,0.000000,14.625694,7.727332,0.236291,0.038176,13.520720,0.072961,43.858619
1413393316705760512.000000,0.000000,0.000000,14.472125,9.170936,0.221507,0.041569,13.577105,0.044257,54.716041
1413393316755760384.000000,0.000000,0.000000,13.259565,7.810085,0.214946,0.054881,16.591736,2.277406,45.445104
1413393316805760512.000000,0.000000,0.000000,15.142629,8.588208,0.214307,0.033984,12.722054,0.101889,44.654854
1413393316855760384.000000,0.000000,0.000000,14.493949,7.877222,0.211491,0.032929,12.378113,0.034145,44.173344
1413393316905760512.000000,0.000000,0.000000,13.059754,7.812582,0.232835,0.042241,13.750675,1.841432,44.788392
1413393316955760384.000000,0.000000,0.000000,13.571601,7.730693,0.220195,0.040608,12.868168,0.053441,44.223520
1413393317005760512.000000,0.000000,0.000000,13.302989,8.595440,0.226243,0.027329,9.786783,0.047617,44.792296
1413393317055760384.000000,0.000000,0.000000,13.595153,10.035427,0.249891,0.037665,13.052138,1.610677,46.993316
1413393317105760512.000000,0.000000,0.000000,14.211353,9.911777,0.245763,0.052481,15.096580,0.052672,47.754926
1413393317155760384.000000,0.000000,0.000000,13.957558,9.387706,0.226627,0.036129,19.084856,0.043936,46.186809
1413393317205760512.000000,0.000000,0.000000,14.686015,8.929749,0.230051,0.040544,15.695821,1.579828,53.107892
1413393317255760384.000000,0.000000,0.000000,14.869922,9.589469,0.105570,0.062657,17.240609,0.083873,49.018398
1413393317305760512.000000,0.000000,0.000000,13.760275,8.755346,0.105698,0.046240,16.023345,0.055841,44.659206
1413393317355760384.000000,0.000000,0.000000,14.230458,9.192599,0.095138,0.040769,13.924661,0.039649,45.789364
1413393317405760512.000000,0.000000,0.000000,15.510634,9.227833,0.110241,0.054625,16.380629,0.039488,49.234785
1413393317455760384.000000,0.000000,0.000000,13.549264,9.476220,0.262467,0.056161,16.223027,0.037377,45.609074
1413393317505760512.000000,0.000000,0.000000,13.750195,9.131671,0.217347,0.049152,16.404374,0.037025,45.760532
1413393317555760384.000000,0.000000,0.000000,14.292666,10.076355,0.222947,0.059169,16.308084,0.037728,47.188998
1413393317605760512.000000,0.000000,0.000000,15.509194,9.815616,0.216643,0.051425,16.516471,0.037953,48.456855
1413393317655760384.000000,0.000000,0.000000,14.203001,9.436539,0.228963,0.049121,16.680313,0.036768,47.322504
1413393317705760512.000000,0.000000,0.000000,15.645868,9.974338,0.233955,0.055073,16.666457,1.508500,55.900632
1413393317755760384.000000,0.000000,0.000000,14.671199,8.473743,0.092353,0.066369,17.444835,0.063617,49.363875
1413393317805760512.000000,0.000000,0.000000,13.127883,9.164791,0.097633,0.054145,14.442268,0.061505,45.851350
1413393317855760384.000000,0.000000,0.000000,20.102310,9.133015,0.199618,0.037088,12.193087,0.037665,51.301948
1413393317905760512.000000,0.000000,0.000000,15.388872,9.311802,0.194178,0.057025,15.462857,0.037665,47.259336
1413393317955760384.000000,0.000000,0.000000,14.745312,9.512027,0.256579,0.055681,15.122245,0.037664,45.314127
1413393318005760512.000000,0.000000,0.000000,14.905986,9.037238,0.204386,0.055745,16.771930,0.038977,45.746868
1413393318055760384.000000,0.000000,0.000000,13.068843,9.715134,0.102561,0.059969,16.686489,0.040961,44.715430
1413393318105760512.000000,0.000000,0.000000,16.628505,10.597898,0.217027,0.063009,16.806043,0.041408,57.284554
1413393318155760384.000000,0.000000,0.000000,15.629644,10.066595,0.207971,0.065441,16.408022,0.039424,51.001625
1413393318205760512.000000,0.000000,0.000000,16.160723,8.133930,0.200770,0.060801,16.378037,1.739991,45.780949
1413393318255760384.000000,0.000000,0.000000,15.975025,6.868345,0.182211,0.084897,17.237505,0.064801,44.535268
1413393318305760512.000000,0.000000,0.000000,17.040830,6.705784,0.184131,0.059937,16.237588,0.057409,45.578162
1413393318355760384.000000,0.000000,0.000000,16.007088,6.781208,0.183522,0.057665,9.694430,0.031169,43.025680
1413393318405760512.000000,0.000000,0.000000,14.905826,6.802648,0.174787,0.066561,15.519498,0.039360,47.341481
1413393318455760384.000000,0.000000,0.000000,14.877889,7.780101,0.178050,0.054624,15.576555,0.039681,44.544100
1413393318505760512.000000,0.000000,0.000000,15.291111,6.790840,0.186019,0.055457,15.541418,0.040032,43.840859
1413393318555760384.000000,0.000000,0.000000,15.793006,6.684503,0.182210,0.060929,15.664812,0.038945,44.990570
1413393318605760512.000000,0.000000,0.000000,15.396457,6.820601,0.090977,0.060833,15.505322,0.038689,43.668569
1413393318655760384.000000,0.000000,0.000000,16.292724,6.791065,0.180738,0.065441,15.657644,0.038945,42.317671
1413393318705760512.000000,0.000000,0.000000,14.289178,7.272862,0.089281,0.059905,15.536906,1.477876,49.922826
1413393318755760384.000000,0.000000,0.000000,16.526744,8.460718,0.252228,0.067009,16.015985,0.057825,49.111360
1413393318805760512.000000,0.000000,0.000000,15.337992,6.551573,0.179042,0.055105,15.541546,0.038688,43.354709
1413393318855760384.000000,0.000000,0.000000,14.650175,6.668151,0.174530,0.062625,13.275468,0.038816,43.973469
1413393318905760512.000000,0.000000,0.000000,15.732397,6.880058,0.178690,0.063393,16.693049,0.040097,44.380738
1413393318955760384.000000,0.000000,0.000000,14.679967,6.924730,0.169378,0.064993,16.595320,0.037921,42.234919
1413393319005760512.000000,0.000000,0.000000,15.083716,8.231307,0.198626,0.065153,16.920220,0.041216,46.688416
1413393319055760384.000000,0.000000,0.000000,14.959331,8.804947,0.203171,0.060193,16.423414,0.040737,48.289718
1413393319105760512.000000,0.000000,0.000000,15.078852,9.423035,0.203491,0.064993,16.951869,0.044705,54.169089
1413393319155760384.000000,0.000000,0.000000,15.487369,8.744434,0.096354,0.062592,16.911773,0.038304,49.858633
1413393319205760512.000000,0.000000,0.000000,13.871988,8.460591,0.191011,0.063393,16.376085,1.617365,45.675090
1413393319255760384.000000,0.000000,0.000000,16.335445,9.277305,0.202915,0.068737,15.834446,0.063936,49.894538
1413393319305760512.000000,0.000000,0.000000,16.758683,8.577488,0.195426,0.058785,16.234452,0.050145,49.913962
1413393319355760384.000000,0.000000,0.000000,14.738336,7.786821,0.201666,0.059201,15.528362,0.041888,45.726260
1413393319405760512.000000,0.000000,0.000000,13.498351,7.230846,0.201923,0.058465,15.514858,0.039552,46.693793
1413393319455760384.000000,0.000000,0.000000,16.280212,7.886919,0.111489,0.050144,16.162899,0.039137,48.932701
1413393319505760512.000000,0.000000,0.000000,15.283464,6.990875,0.208099,0.056897,16.632761,0.039873,45.177293
1413393319555760384.000000,0.000000,0.000000,16.763450,7.043004,0.211234,0.061345,15.638124,0.041089,46.332220
1413393319605760512.000000,0.000000,0.000000,15.749869,7.660132,0.245731,0.060353,15.211078,0.039168,46.357564
1413393319655760384.000000,0.000000,0.000000,16.173427,7.273823,0.255779,0.060993,15.801966,0.040289,50.062508
1413393319705760512.000000,0.000000,0.000000,16.905277,7.754085,0.220291,0.065665,16.167634,1.523156,49.854954
1413393319755760384.000000,0.000000,0.000000,14.305466,7.106109,0.212579,0.059840,14.269178,0.064096,43.301268
1413393319805760512.000000,0.000000,0.000000,16.669658,8.009128,0.255012,0.059169,13.989782,0.041505,48.520920
1413393319855760384.000000,0.000000,0.000000,16.234163,7.159070,0.238979,0.059873,15.470121,0.043713,49.749224
1413393319905760512.000000,0.000000,0.000000,15.649740,7.000443,0.241988,0.061217,16.167155,0.041376,49.965227
1413393319955760384.000000,0.000000,0.000000,14.867522,5.971246,0.231235,0.064449,16.705369,0.039457,44.462819
1413393320005760512.000000,0.000000,0.000000,15.817487,6.171728,0.234339,0.059393,15.960848,0.038209,45.500369
1413393320055760384.000000,0.000000,0.000000,14.383515,5.881932,0.239203,0.058753,14.690560,0.040832,42.938863
1413393320105760512.000000,0.000000,0.000000,15.881487,5.306437,0.228163,0.064065,15.783918,0.041729,45.776564
1413393320155760384.000000,0.000000,0.000000,14.890434,5.122595,0.229571,0.063873,14.809345,0.041440,45.387759
1413393320205760512.000000,0.000000,0.000000,17.444067,5.517576,0.111426,0.060833,14.378395,1.104719,44.104159
1413393320255760384.000000,0.000000,0.000000,15.154373,4.417721,0.215011,0.069025,15.922543,0.061153,39.371841
1413393320305760512.000000,0.000000,0.000000,18.715092,5.027778,0.237955,0.057569,15.520778,0.058336,44.613381
1413393320355760384.000000,0.000000,0.000000,15.918192,3.939859,0.253475,0.072577,16.517527,0.045088,39.043068
1413393320405760512.000000,0.000000,0.000000,16.629017,5.739947,0.272644,0.061441,15.752429,0.043553,44.964106
1413393320455760384.000000,0.000000,0.000000,18.152717,3.740625,0.141217,0.069889,16.638937,0.041889,41.664191
1413393320505760512.000000,0.000000,0.000000,18.105004,4.713725,0.260579,0.069953,16.012816,0.040864,43.300532
1413393320555760384.000000,0.000000,0.000000,18.228685,5.511240,0.128066,0.062881,16.423190,0.039713,45.995640
1413393320605760512.000000,0.000000,0.000000,16.348725,3.083112,0.104353,0.065249,16.238932,0.040193,40.692370
1413393320655760384.000000,0.000000,0.000000,16.598520,2.953287,0.210466,0.058593,15.994480,0.040833,39.059677
1413393320705760512.000000,0.000000,0.000000,18.793845,3.985460,0.263076,0.062785,16.679706,1.607797,42.592138
1413393320755760384.000000,0.000000,0.000000,18.689331,2.452928,0.148546,0.078561,16.726970,0.054049,41.392572
1413393320805760512.000000,0.000000,0.000000,19.568287,2.971591,0.149346,0.060513,14.643487,0.054433,41.165048
1413393320855760384.000000,0.000000,0.000000,17.671302,2.206557,0.206018,0.069761,15.666700,0.040129,36.357306
1413393320905760512.000000,0.000000,0.000000,15.488233,3.758480,0.175458,0.068097,16.581464,0.041664,42.247494
1413393320955760384.000000,0.000000,0.000000,18.163916,3.742577,0.156834,0.060769,16.370709,0.045281,42.284839
1413393321005760512.000000,0.000000,0.000000,15.264134,1.726870,0.098881,0.057473,16.410901,0.041856,35.233707
1413393321055760384.000000,0.000000,0.000000,15.428265,2.011514,0.325764,0.068513,16.125842,0.043073,36.496795
1413393321105760512.000000,0.000000,0.000000,19.237467,3.399916,0.209635,0.064673,16.602648,0.041665,47.282856
1413393321155760384.000000,0.000000,0.000000,19.383132,2.031835,0.105185,0.066753,15.778381,0.071265,39.802951
1413393321205760512.000000,0.000000,0.000000,21.432023,2.238717,0.195010,0.067841,15.708717,1.530516,41.152632
1413393321255760384.000000,0.000000,0.000000,18.126988,4.131446,0.168578,0.086434,16.783098,0.058912,43.181202
1413393321305760512.000000,0.000000,0.000000,19.633568,2.033146,0.102498,0.047681,14.657407,0.057889,39.306880
1413393321355760384.000000,0.000000,0.000000,17.041214,1.644181,0.183619,0.052161,14.361019,0.045345,34.509250
1413393321405760512.000000,0.000000,0.000000,17.805096,3.751569,0.305860,0.071553,15.975312,0.042593,41.503101
1413393321455760384.000000,0.000000,0.000000,19.607808,3.789745,0.151330,0.072801,16.050673,0.045537,43.981597
1413393321505760512.000000,0.000000,0.000000,20.290344,3.945812,0.146850,0.071841,16.938237,0.046369,48.932477
1413393321555760384.000000,0.000000,0.000000,21.741947,3.642607,0.159427,0.064289,16.621656,0.042208,47.966225
1413393321605760512.000000,0.000000,0.000000,19.391324,2.747331,0.155650,0.067425,15.607564,0.040896,44.872457
1413393321655760384.000000,0.000000,0.000000,18.626514,1.887000,0.305572,0.066241,16.613528,0.041824,41.990563
1413393321705760512.000000,0.000000,0.000000,22.431172,3.583247,0.310052,0.073889,15.538602,1.721591,45.019211
1413393321755760384.000000,0.000000,0.000000,21.646874,3.452109,0.311876,0.043616,14.381148,0.055809,47.127750
1413393321805760512.000000,0.000000,0.000000,21.100915,3.492878,0.340229,0.048897,9.693086,0.040801,46.597279
1413393321855760384.000000,0.000000,0.000000,20.699310,3.488589,0.324228,0.042464,6.796409,0.022272,46.131449
1413393321905760512.000000,0.000000,0.000000,18.701939,3.567086,0.348997,0.000000,0.000000,0.000000,44.089406
1413393321955760384.000000,0.000000,0.000000,20.637965,3.615663,0.313636,40582886220281929728.000000,0.000000,0.000000,46.260923
1413393322005760512.000000,0.000000,0.000000,19.008856,3.555534,0.326948,68719493963.040009,0.000000,0.000000,44.754951
1413393322055760384.000000,0.000000,0.000000,19.868258,3.511150,0.318532,34359746906.588409,0.000000,0.000000,46.957732
1413393322105760512.000000,0.000000,0.000000,21.112659,3.720880,0.175426,-nan,0.000000,0.000000,47.812207
1413393322155760384.000000,0.000000,0.000000,18.471729,1.871128,0.219875,11979585193692366.000000,0.000000,0.000000,40.228652
1413393322205760512.000000,0.000000,0.000000,19.074648,1.812632,0.202371,17030629627904.000000,0.000000,0.000000,38.139632
1413393322255760384.000000,0.000000,0.000000,19.560095,3.255243,0.294212,0.000000,0.000000,0.000000,43.807227
1413393322305760512.000000,0.000000,0.000000,20.589612,3.845586,0.307236,38922676438898302976.000000,0.000000,907869989051621394744227123701060531032161137747948021301613990604443120502499887447448760099538957040450145072383321519906142037225818258986123601560573479617070320777193196400419379218892193792.000000,45.028587
1413393322355760384.000000,0.000000,0.000000,19.098809,3.507502,0.161474,68719493957.280014,0.000000,0.000000,44.820616
1413393322405760512.000000,0.000000,0.000000,20.165446,3.787601,0.319588,805306501.451145,0.000000,0.000000,46.440765
1413393322455760384.000000,0.000000,0.000000,18.710259,3.732177,0.322148,-nan,0.000000,0.000000,44.916457
1413393322505760512.000000,0.000000,0.000000,18.655603,3.570798,0.177186,50440345574378048.000000,0.000000,0.000000,44.415490
1413393322555760384.000000,0.000000,0.000000,20.908464,3.601295,0.344101,1289828578724151296.000000,0.000000,0.000000,48.310006
1413393322605760512.000000,0.000000,0.000000,21.788796,3.608367,0.177570,0.000000,0.000000,0.000000,48.313109
1413393322655760384.000000,0.000000,0.000000,20.071845,3.717744,0.313636,51374214614903414784.000000,0.000000,0.000000,45.534514
1413393322705760512.000000,0.000000,0.000000,19.026200,1.810520,0.218723,68719493990.400009,0.000000,0.000000,35.452973
1413393322755760384.000000,0.000000,0.000000,20.481739,3.386700,0.297348,25769808105.447388,0.000000,0.000000,45.029803
1413393322805760512.000000,0.000000,0.000000,22.045567,3.316075,0.299140,-nan,0.000000,0.000000,46.382716
1413393322855760384.000000,0.000000,0.000000,20.157895,3.191114,0.330692,31885498173169336.000000,0.000000,0.000000,44.345890
1413393322905760512.000000,0.000000,0.000000,20.043750,3.604079,0.325124,1034940200792358912.000000,0.000000,0.000000,44.800967
1413393322955760384.000000,0.000000,0.000000,19.090713,3.687728,0.320580,0.000000,0.000000,0.000000,43.957437
1413393323005760512.000000,0.000000,0.000000,20.329801,3.136137,0.302020,70466627100815122432.000000,0.000000,0.000000,44.573828
1413393323055760384.000000,0.000000,0.000000,19.681665,3.524270,0.307716,68719493994.720016,0.000000,282.009644,45.488561
1413393323105760512.000000,0.000000,0.000000,19.443517,3.380300,0.151170,2147484185.622090,0.000000,226.022430,44.265825
1413393323155760384.000000,0.000000,0.000000,24.919748,3.232234,0.299204,-nan,0.000000,271.303619,49.167841
1413393323205760512.000000,0.000000,0.000000,20.616525,3.325580,0.300996,43955151116414488.000000,0.000000,0.232568,42.676684
1413393323255760384.000000,0.000000,0.000000,20.764719,3.800753,0.331268,1106956552.750000,0.000000,0.000000,47.305512
1413393323305760512.000000,0.000000,0.000000,19.266363,3.609935,0.358405,0.000000,0.000000,0.000000,45.299758
1413393323355760384.000000,0.000000,0.000000,19.228795,3.822290,0.389957,63825787975280615424.000000,402.624023,0.000000,45.897814
1413393323405760512.000000,0.000000,0.000000,18.957079,3.540526,0.351940,68719493981.760010,311.040039,0.232568,44.528420
1413393323455760384.000000,0.000000,0.000000,19.786754,3.559118,0.312452,2199023801602.853027,383.263855,0.000000,46.484797
1413393323505760512.000000,0.000000,0.000000,18.460785,3.962323,0.335301,-nan,0.334898,0.000000,45.101899
1413393323555760384.000000,0.000000,0.000000,20.344265,3.601711,0.168099,4818855658206004.000000,0.000000,0.000000,47.343176
1413393323605760512.000000,0.000000,0.000000,20.613452,3.410988,0.134466,1364190749133897728.000000,0.000000,0.232568,45.516689
1413393323655760384.000000,0.000000,0.000000,19.948484,1.945786,0.223715,0.000000,0.000000,-3.995540,44.491011
1413393323705760512.000000,0.000000,0.000000,20.153031,3.729360,0.306948,1908086981284331264.000000,0.334898,5.038786,45.180909
1413393323755760384.000000,0.000000,0.000000,22.346243,3.949459,0.163458,68719493909.760010,0.000000,-3.668080,47.374249
1413393323805760512.000000,0.000000,0.000000,20.156486,1.942714,0.200579,100663312.923557,0.000000,0.000000,43.474326
1413393323855760384.000000,0.000000,0.000000,19.065593,3.688112,0.167746,-nan,0.000000,0.000000,44.924809
1413393323905760512.000000,0.000000,0.000000,21.395286,3.760337,0.187906,50440345495462224.000000,0.334898,3.787365,46.707713
1413393323955760384.000000,0.000000,0.000000,19.272827,3.786769,0.184035,417.773501,-0.675568,2.963923,43.887579
1413393324005760512.000000,0.000000,0.000000,19.083448,3.705073,0.157602,0.000000,3.280732,-1.292739,44.038494
1413393324055760384.000000,0.000000,0.000000,20.287305,3.752241,0.356293,18915139050799100.000000,-4.843224,0.000000,47.139750
1413393324105760512.000000,0.000000,0.000000,19.046040,1.912569,0.215459,68719493970.240005,0.000000,0.000000,40.335534
1413393324155760384.000000,0.000000,0.000000,20.448970,3.823282,0.272868,7696582495051.262695,0.000000,0.000000,43.853659
1413393324205760512.000000,0.000000,0.000000,22.117312,3.540846,0.310020,-nan,2.538264,0.000000,46.601375
1413393324255760384.000000,0.000000,0.000000,19.808130,3.496173,0.358468,1700559947904088832.000000,1.734900,0.000000,45.064747
1413393324305760512.000000,0.000000,0.000000,19.382461,3.644591,0.322276,1341504321486848.000000,-1.677042,0.000000,45.497520
1413393324355760384.000000,0.000000,0.000000,21.895550,2.009306,0.089857,0.000000,0.000000,0.000000,45.283726
1413393324405760512.000000,0.000000,0.000000,20.662285,3.608015,0.148641,1063570791687257984.000000,0.000000,0.000000,44.413442
1413393324455760384.000000,0.000000,0.000000,19.604576,3.809714,0.306884,68719494017.600006,0.000000,0.000000,44.697350
1413393324505760512.000000,0.000000,0.000000,20.970609,3.578831,0.307108,42949681585.566460,0.000000,0.000000,45.156844
1413393324555760384.000000,0.000000,0.000000,19.591391,3.165225,0.290148,-nan,0.000000,0.000000,43.434869
1413393324605760512.000000,0.000000,0.000000,20.134983,3.485165,0.283108,184467575814823616.000000,0.000000,0.000000,45.189069
1413393324655760384.000000,0.000000,0.000000,18.625234,1.769591,0.284932,577201901952.000000,0.000000,0.000000,41.452284
1413393324705760512.000000,0.000000,0.000000,21.572057,3.676048,0.147042,0.000000,0.000000,0.000000,47.487147
1413393324755760384.000000,0.000000,0.000000,19.110457,3.533806,0.296580,210408317527261152.000000,0.000000,0.000000,43.899548
1413393324805760512.000000,0.000000,0.000000,18.644307,3.768689,0.302692,68719494024.800003,0.000000,0.000000,44.478308
1413393324855760384.000000,0.000000,0.000000,19.389053,3.438029,0.162242,824633859269.344116,0.000000,0.000000,44.488995
1413393324905760512.000000,0.000000,0.000000,21.210900,3.631952,0.172130,-nan,0.000000,0.000000,47.000804
1413393324955760384.000000,0.000000,0.000000,20.671309,3.279275,0.193794,2037879587940598.000000,0.000000,0.000000,45.821109
1413393325005760512.000000,0.000000,0.000000,19.709152,3.559022,0.367525,1337304391299891200.000000,0.000000,0.000000,44.850632
1413393325055760384.000000,0.000000,0.000000,20.300744,4.039412,0.161154,0.000000,0.000000,0.000000,47.945969
1413393325105760512.000000,0.000000,0.000000,20.595628,3.766065,0.308932,4208167450056850944.000000,0.000000,0.000000,46.630623
1413393325155760384.000000,0.000000,0.000000,20.205159,3.613264,0.355524,68719493971.680008,0.000000,0.000000,44.075838
1413393325205760512.000000,0.000000,0.000000,20.057990,3.821874,0.373317,206158464598.589478,0.000000,0.000000,45.184300
1413393325255760384.000000,0.000000,0.000000,18.854325,3.464493,0.193507,-nan,0.000000,0.000000,44.714214
1413393325305760512.000000,0.000000,0.000000,21.918237,3.452781,0.176067,23573536422891.523438,0.000000,0.000000,48.056146
1413393325355760384.000000,0.000000,0.000000,18.820597,3.833458,0.168898,1310022209279885312.000000,0.000000,0.000000,44.668678
1413393325405760512.000000,0.000000,0.000000,23.267791,3.671472,0.200323,0.000000,0.000000,-0.829382,48.634810
1413393325455760384.000000,0.000000,0.000000,19.301148,3.790577,0.378757,14157892261383239680.000000,0.000000,0.000000,45.259117
1413393325505760512.000000,0.000000,0.000000,21.123539,3.703472,0.197667,68719494006.240005,0.000000,0.000000,46.164249
1413393325555760384.000000,0.000000,0.000000,19.663392,3.573615,0.372421,201326625.750339,0.000000,0.000000,46.045496
1413393325605760512.000000,0.000000,0.000000,20.608780,3.743697,0.347300,-nan,0.000000,0.000000,46.460701
1413393325655760384.000000,0.000000,0.000000,19.048344,1.721974,0.174274,216893411071004512.000000,0.000000,0.000000,40.450991
1413393325705760512.000000,0.000000,0.000000,18.194893,1.647094,0.174178,3563860805120.000000,92339735279697936.000000,0.000000,39.108349
1413393325755760384.000000,0.000000,0.000000,20.258376,3.612079,0.334724,0.000000,0.000000,0.000000,45.655154
1413393325805760512.000000,0.000000,0.000000,18.932599,3.573199,0.283172,36432344174636822528.000000,0.000000,0.000000,44.351842
1413393325855760384.000000,0.000000,0.000000,18.923543,3.540974,0.144290,68719494033.440002,0.000000,0.000000,45.171181
1413393325905760512.000000,0.000000,0.000000,22.225697,3.693617,0.330404,268435522.645524,0.000000,0.000000,49.333699
1413393325955760384.000000,0.000000,0.000000,20.298664,3.875251,0.279523,-nan,0.000000,0.000000,45.445105
1413393326005760512.000000,0.000000,0.000000,21.169428,3.612079,0.146690,93674904214684320.000000,0.000000,0.000000,47.318408
1413393326055760384.000000,0.000000,0.000000,19.912676,3.538350,0.331333,155850173774299136.000000,0.000000,0.000000,46.042807
1413393326105760512.000000,0.000000,0.000000,18.459121,3.276523,0.315460,0.000000,0.000000,0.000000,41.559517
1413393326155760384.000000,0.000000,0.000000,19.610399,1.772631,0.190627,2219375215782133504.000000,0.000000,566.092896,36.110358
1413393326205760512.000000,0.000000,0.000000,19.495262,1.378962,0.147106,68719494049.279999,0.000000,393.984070,32.247108
