num_seq = 1
file name: dataset-V202_stereo_imu
Loading images for sequence 0...LOADED!
Loading IMU for sequence 0...LOADED!

-------

ORB-SLAM3 Copyright (C) 2017-2020 Carlos Campos, Richard Elvira, Juan J. Gómez, José M.M. Montiel and Juan D. Tardós, University of Zaragoza.
ORB-SLAM2 Copyright (C) 2014-2016 Raúl Mur-Artal, José M.M. Montiel and Juan D. Tardós, University of Zaragoza.
This program comes with ABSOLUTELY NO WARRANTY;
This is free software, and you are welcome to redistribute it
under certain conditions. See LICENSE.txt.

Built with REGISTER_TIMES
Git Commit Hash: 48ed9a3

Build Type: Release

Compiled with C++ version: 201703

Input sensor was set to: Stereo-Inertial
Loading settings from ./Examples/Stereo-Inertial/EuRoC_pid.yaml
	-Loaded camera 1
	-Loaded camera 2
	-Loaded image info
	-Loaded IMU calibration
	-Loaded ORB settings
	-Loaded viewer settings
	-Loaded Atlas settings
PID SLAM enabled!
	-Loaded misc parameters
	-Computed rectification maps
----------------------------------
SLAM settings: 
	-Camera 1 parameters (Pinhole): [ 458.65399169921875 457.29598999023438 367.21499633789062 248.375 ]
	-Camera 1 distortion parameters: [  -0.28340810537338257 0.073959067463874817 0.00019359000725671649 1.7618711353861727e-05 ]
	-Camera 2 parameters (Pinhole: [ 457.58700561523438 456.13400268554688 379.99899291992188 255.23800659179688 ]
	-Camera 1 distortion parameters: [  -0.2836836576461792 0.074512839317321777 -0.00010473000293131918 -3.555907096597366e-05 ]
	-Original image size: [ 752 , 480 ]
	-Current image size: [ 752 , 480 ]
	-Camera 1 parameters after rectification: [  456.71499633789062 456.71499633789062 364.52615356445312 257.268798828125 ]
	-Sequence FPS: 20
	-Stereo baseline: 0.11007784307003021
	-Stereo depth threshold : 60
	-Gyro noise: 0.00016999999934341758
	-Accelerometer noise: 0.0020000000949949026
	-Gyro walk: 1.9392999092815444e-05
	-Accelerometer walk: 0.0030000000260770321
	-IMU frequency: 200
	-Features per image: 1200
	-ORB scale factor: 1.2000000476837158
	-ORB number of scales: 8
	-Initial FAST threshold: 20
	-Min FAST threshold: 7


Loading ORB Vocabulary. This could take a while...
Vocabulary loaded!

Initialization of Atlas from scratch 
Creation of new map with id: 0
Creation of new map with last KF id: 0
Seq. Name: 
There are 1 cameras in the atlas
Camera 0 is pinhole
SLAM Started at System Time: 1749951480.96353
not IMU meas
not IMU meas
[MF-SEL] tPrev=(  d=0.000000  dMin=0.000000  dAvg=0.000000  dMax=0.000000  Dlo=0.000000  Dhi=0.000000  err=0.000000  inc=0.000000  bucket 0->0  (mf=1000)
not enough acceleration
[MF-SEL] tPrev=(  d=0.000000  dMin=0.000000  dAvg=0.000000  dMax=0.000000  Dlo=0.000000  Dhi=0.000000  err=0.000000  inc=0.000000  bucket 0->0  (mf=1000)
not enough acceleration
[MF-SEL] tPrev=(  d=0.000000  dMin=0.000000  dAvg=0.000000  dMax=0.000000  Dlo=0.000000  Dhi=0.000000  err=0.000000  inc=0.000000  bucket 0->0  (mf=1000)
not enough acceleration
[MF-SEL] tPrev=(  d=0.000000  dMin=0.000000  dAvg=0.000000  dMax=0.000000  Dlo=0.000000  Dhi=0.000000  err=0.000000  inc=0.000000  bucket 0->0  (mf=1000)
not enough acceleration
[MF-SEL] tPrev=(  d=0.000000  dMin=0.000000  dAvg=0.000000  dMax=0.000000  Dlo=0.000000  Dhi=0.000000  err=0.000000  inc=0.000000  bucket 0->0  (mf=1000)
not enough acceleration
[MF-SEL] tPrev=(  d=0.000000  dMin=0.000000  dAvg=0.000000  dMax=0.000000  Dlo=0.000000  Dhi=0.000000  err=0.000000  inc=0.000000  bucket 0->0  (mf=1000)
not enough acceleration
[MF-SEL] tPrev=(  d=0.000000  dMin=0.000000  dAvg=0.000000  dMax=0.000000  Dlo=0.000000  Dhi=0.000000  err=0.000000  inc=0.000000  bucket 0->0  (mf=1000)
not enough acceleration
[MF-SEL] tPrev=(  d=0.000000  dMin=0.000000  dAvg=0.000000  dMax=0.000000  Dlo=0.000000  Dhi=0.000000  err=0.000000  inc=0.000000  bucket 0->0  (mf=1000)
not enough acceleration
[MF-SEL] tPrev=(  d=0.000000  dMin=0.000000  dAvg=0.000000  dMax=0.000000  Dlo=0.000000  Dhi=0.000000  err=0.000000  inc=0.000000  bucket 0->0  (mf=1000)
not enough acceleration
[MF-SEL] tPrev=(  d=0.000000  dMin=0.000000  dAvg=0.000000  dMax=0.000000  Dlo=0.000000  Dhi=0.000000  err=0.000000  inc=0.000000  bucket 0->0  (mf=1000)
not enough acceleration
[MF-SEL] tPrev=(  d=0.000000  dMin=0.000000  dAvg=0.000000  dMax=0.000000  Dlo=0.000000  Dhi=0.000000  err=0.000000  inc=0.000000  bucket 0->0  (mf=1000)
not enough acceleration
[MF-SEL] tPrev=(  d=0.000000  dMin=0.000000  dAvg=0.000000  dMax=0.000000  Dlo=0.000000  Dhi=0.000000  err=0.000000  inc=0.000000  bucket 0->0  (mf=1000)
not enough acceleration
[MF-SEL] tPrev=(  d=0.000000  dMin=0.000000  dAvg=0.000000  dMax=0.000000  Dlo=0.000000  Dhi=0.000000  err=0.000000  inc=0.000000  bucket 0->0  (mf=1000)
not enough acceleration
[MF-SEL] tPrev=(  d=0.000000  dMin=0.000000  dAvg=0.000000  dMax=0.000000  Dlo=0.000000  Dhi=0.000000  err=0.000000  inc=0.000000  bucket 0->0  (mf=1000)
not enough acceleration
[MF-SEL] tPrev=(  d=0.000000  dMin=0.000000  dAvg=0.000000  dMax=0.000000  Dlo=0.000000  Dhi=0.000000  err=0.000000  inc=0.000000  bucket 0->0  (mf=1000)
not enough acceleration
[MF-SEL] tPrev=(  d=0.000000  dMin=0.000000  dAvg=0.000000  dMax=0.000000  Dlo=0.000000  Dhi=0.000000  err=0.000000  inc=0.000000  bucket 0->0  (mf=1000)
not enough acceleration
[MF-SEL] tPrev=(  d=0.000000  dMin=0.000000  dAvg=0.000000  dMax=0.000000  Dlo=0.000000  Dhi=0.000000  err=0.000000  inc=0.000000  bucket 0->0  (mf=1000)
not enough acceleration
[MF-SEL] tPrev=(  d=0.000000  dMin=0.000000  dAvg=0.000000  dMax=0.000000  Dlo=0.000000  Dhi=0.000000  err=0.000000  inc=0.000000  bucket 0->0  (mf=1000)
not enough acceleration
[MF-SEL] tPrev=(  d=0.000000  dMin=0.000000  dAvg=0.000000  dMax=0.000000  Dlo=0.000000  Dhi=0.000000  err=0.000000  inc=0.000000  bucket 0->0  (mf=1000)
not enough acceleration
[MF-SEL] tPrev=(  d=0.000000  dMin=0.000000  dAvg=0.000000  dMax=0.000000  Dlo=0.000000  Dhi=0.000000  err=0.000000  inc=0.000000  bucket 0->0  (mf=1000)
not enough acceleration
[MF-SEL] tPrev=(  d=0.000000  dMin=0.000000  dAvg=0.000000  dMax=0.000000  Dlo=0.000000  Dhi=0.000000  err=0.000000  inc=0.000000  bucket 0->0  (mf=1000)
not enough acceleration
[MF-SEL] tPrev=(  d=0.000000  dMin=0.000000  dAvg=0.000000  dMax=0.000000  Dlo=0.000000  Dhi=0.000000  err=0.000000  inc=0.000000  bucket 0->0  (mf=1000)
not enough acceleration
[MF-SEL] tPrev=(  d=0.000000  dMin=0.000000  dAvg=0.000000  dMax=0.000000  Dlo=0.000000  Dhi=0.000000  err=0.000000  inc=0.000000  bucket 0->0  (mf=1000)
not enough acceleration
[MF-SEL] tPrev=(  d=0.000000  dMin=0.000000  dAvg=0.000000  dMax=0.000000  Dlo=0.000000  Dhi=0.000000  err=0.000000  inc=0.000000  bucket 0->0  (mf=1000)
not enough acceleration
[MF-SEL] tPrev=(  d=0.000000  dMin=0.000000  dAvg=0.000000  dMax=0.000000  Dlo=0.000000  Dhi=0.000000  err=0.000000  inc=0.000000  bucket 0->0  (mf=1000)
not enough acceleration
[MF-SEL] tPrev=(  d=0.000000  dMin=0.000000  dAvg=0.000000  dMax=0.000000  Dlo=0.000000  Dhi=0.000000  err=0.000000  inc=0.000000  bucket 0->0  (mf=1000)
not enough acceleration
[MF-SEL] tPrev=(  d=0.000000  dMin=0.000000  dAvg=0.000000  dMax=0.000000  Dlo=0.000000  Dhi=0.000000  err=0.000000  inc=0.000000  bucket 0->0  (mf=1000)
not enough acceleration
[MF-SEL] tPrev=(  d=0.000000  dMin=0.000000  dAvg=0.000000  dMax=0.000000  Dlo=0.000000  Dhi=0.000000  err=0.000000  inc=0.000000  bucket 0->0  (mf=1000)
not enough acceleration
[MF-SEL] tPrev=(  d=0.000000  dMin=0.000000  dAvg=0.000000  dMax=0.000000  Dlo=0.000000  Dhi=0.000000  err=0.000000  inc=0.000000  bucket 0->0  (mf=1000)
not enough acceleration
[MF-SEL] tPrev=(  d=0.000000  dMin=0.000000  dAvg=0.000000  dMax=0.000000  Dlo=0.000000  Dhi=0.000000  err=0.000000  inc=0.000000  bucket 0->0  (mf=1000)
not enough acceleration
[MF-SEL] tPrev=(  d=0.000000  dMin=0.000000  dAvg=0.000000  dMax=0.000000  Dlo=0.000000  Dhi=0.000000  err=0.000000  inc=0.000000  bucket 0->0  (mf=1000)
not enough acceleration
[MF-SEL] tPrev=(  d=0.000000  dMin=0.000000  dAvg=0.000000  dMax=0.000000  Dlo=0.000000  Dhi=0.000000  err=0.000000  inc=0.000000  bucket 0->0  (mf=1000)
not enough acceleration
[MF-SEL] tPrev=(  d=0.000000  dMin=0.000000  dAvg=0.000000  dMax=0.000000  Dlo=0.000000  Dhi=0.000000  err=0.000000  inc=0.000000  bucket 0->0  (mf=1000)
not enough acceleration
[MF-SEL] tPrev=(  d=0.000000  dMin=0.000000  dAvg=0.000000  dMax=0.000000  Dlo=0.000000  Dhi=0.000000  err=0.000000  inc=0.000000  bucket 0->0  (mf=1000)
not enough acceleration
[MF-SEL] tPrev=(  d=0.000000  dMin=0.000000  dAvg=0.000000  dMax=0.000000  Dlo=0.000000  Dhi=0.000000  err=0.000000  inc=0.000000  bucket 0->0  (mf=1000)
not enough acceleration
[MF-SEL] tPrev=(  d=0.000000  dMin=0.000000  dAvg=0.000000  dMax=0.000000  Dlo=0.000000  Dhi=0.000000  err=0.000000  inc=0.000000  bucket 0->0  (mf=1000)
not enough acceleration
[MF-SEL] tPrev=(  d=0.000000  dMin=0.000000  dAvg=0.000000  dMax=0.000000  Dlo=0.000000  Dhi=0.000000  err=0.000000  inc=0.000000  bucket 0->0  (mf=1000)
not enough acceleration
[MF-SEL] tPrev=(  d=0.000000  dMin=0.000000  dAvg=0.000000  dMax=0.000000  Dlo=0.000000  Dhi=0.000000  err=0.000000  inc=0.000000  bucket 0->0  (mf=1000)
not enough acceleration
[MF-SEL] tPrev=(  d=0.000000  dMin=0.000000  dAvg=0.000000  dMax=0.000000  Dlo=0.000000  Dhi=0.000000  err=0.000000  inc=0.000000  bucket 0->0  (mf=1000)
not enough acceleration
[MF-SEL] tPrev=(  d=0.000000  dMin=0.000000  dAvg=0.000000  dMax=0.000000  Dlo=0.000000  Dhi=0.000000  err=0.000000  inc=0.000000  bucket 0->0  (mf=1000)
not enough acceleration
[MF-SEL] tPrev=(  d=0.000000  dMin=0.000000  dAvg=0.000000  dMax=0.000000  Dlo=0.000000  Dhi=0.000000  err=0.000000  inc=0.000000  bucket 0->0  (mf=1000)
not enough acceleration
[MF-SEL] tPrev=(  d=0.000000  dMin=0.000000  dAvg=0.000000  dMax=0.000000  Dlo=0.000000  Dhi=0.000000  err=0.000000  inc=0.000000  bucket 0->0  (mf=1000)
not enough acceleration
[MF-SEL] tPrev=(  d=0.000000  dMin=0.000000  dAvg=0.000000  dMax=0.000000  Dlo=0.000000  Dhi=0.000000  err=0.000000  inc=0.000000  bucket 0->0  (mf=1000)
not enough acceleration
[MF-SEL] tPrev=(  d=0.000000  dMin=0.000000  dAvg=0.000000  dMax=0.000000  Dlo=0.000000  Dhi=0.000000  err=0.000000  inc=0.000000  bucket 0->0  (mf=1000)
not enough acceleration
[MF-SEL] tPrev=(  d=0.000000  dMin=0.000000  dAvg=0.000000  dMax=0.000000  Dlo=0.000000  Dhi=0.000000  err=0.000000  inc=0.000000  bucket 0->0  (mf=1000)
not enough acceleration
[MF-SEL] tPrev=(  d=0.000000  dMin=0.000000  dAvg=0.000000  dMax=0.000000  Dlo=0.000000  Dhi=0.000000  err=0.000000  inc=0.000000  bucket 0->0  (mf=1000)
not enough acceleration
[MF-SEL] tPrev=(  d=0.000000  dMin=0.000000  dAvg=0.000000  dMax=0.000000  Dlo=0.000000  Dhi=0.000000  err=0.000000  inc=0.000000  bucket 0->0  (mf=1000)
not enough acceleration
[MF-SEL] tPrev=(  d=0.000000  dMin=0.000000  dAvg=0.000000  dMax=0.000000  Dlo=0.000000  Dhi=0.000000  err=0.000000  inc=0.000000  bucket 0->0  (mf=1000)
not enough acceleration
[MF-SEL] tPrev=(  d=0.000000  dMin=0.000000  dAvg=0.000000  dMax=0.000000  Dlo=0.000000  Dhi=0.000000  err=0.000000  inc=0.000000  bucket 0->0  (mf=1000)
not enough acceleration
[MF-SEL] tPrev=(  d=0.000000  dMin=0.000000  dAvg=0.000000  dMax=0.000000  Dlo=0.000000  Dhi=0.000000  err=0.000000  inc=0.000000  bucket 0->0  (mf=1000)
not enough acceleration
[MF-SEL] tPrev=(  d=0.000000  dMin=0.000000  dAvg=0.000000  dMax=0.000000  Dlo=0.000000  Dhi=0.000000  err=0.000000  inc=0.000000  bucket 0->0  (mf=1000)
not enough acceleration
[MF-SEL] tPrev=(  d=0.000000  dMin=0.000000  dAvg=0.000000  dMax=0.000000  Dlo=0.000000  Dhi=0.000000  err=0.000000  inc=0.000000  bucket 0->0  (mf=1000)
not enough acceleration
[MF-SEL] tPrev=(  d=0.000000  dMin=0.000000  dAvg=0.000000  dMax=0.000000  Dlo=0.000000  Dhi=0.000000  err=0.000000  inc=0.000000  bucket 0->0  (mf=1000)
not enough acceleration
[MF-SEL] tPrev=(  d=0.000000  dMin=0.000000  dAvg=0.000000  dMax=0.000000  Dlo=0.000000  Dhi=0.000000  err=0.000000  inc=0.000000  bucket 0->0  (mf=1000)
not enough acceleration
[MF-SEL] tPrev=(  d=0.000000  dMin=0.000000  dAvg=0.000000  dMax=0.000000  Dlo=0.000000  Dhi=0.000000  err=0.000000  inc=0.000000  bucket 0->0  (mf=1000)
not enough acceleration
[MF-SEL] tPrev=(  d=0.000000  dMin=0.000000  dAvg=0.000000  dMax=0.000000  Dlo=0.000000  Dhi=0.000000  err=0.000000  inc=0.000000  bucket 0->0  (mf=1000)
not enough acceleration
[MF-SEL] tPrev=(  d=0.000000  dMin=0.000000  dAvg=0.000000  dMax=0.000000  Dlo=0.000000  Dhi=0.000000  err=0.000000  inc=0.000000  bucket 0->0  (mf=1000)
not enough acceleration
[MF-SEL] tPrev=(  d=0.000000  dMin=0.000000  dAvg=0.000000  dMax=0.000000  Dlo=0.000000  Dhi=0.000000  err=0.000000  inc=0.000000  bucket 0->0  (mf=1000)
not enough acceleration
[MF-SEL] tPrev=(  d=0.000000  dMin=0.000000  dAvg=0.000000  dMax=0.000000  Dlo=0.000000  Dhi=0.000000  err=0.000000  inc=0.000000  bucket 0->0  (mf=1000)
not enough acceleration
[MF-SEL] tPrev=(  d=0.000000  dMin=0.000000  dAvg=0.000000  dMax=0.000000  Dlo=0.000000  Dhi=0.000000  err=0.000000  inc=0.000000  bucket 0->0  (mf=1000)
not enough acceleration
[MF-SEL] tPrev=(  d=0.000000  dMin=0.000000  dAvg=0.000000  dMax=0.000000  Dlo=0.000000  Dhi=0.000000  err=0.000000  inc=0.000000  bucket 0->0  (mf=1000)
not enough acceleration
[MF-SEL] tPrev=(  d=0.000000  dMin=0.000000  dAvg=0.000000  dMax=0.000000  Dlo=0.000000  Dhi=0.000000  err=0.000000  inc=0.000000  bucket 0->0  (mf=1000)
not enough acceleration
[MF-SEL] tPrev=(  d=0.000000  dMin=0.000000  dAvg=0.000000  dMax=0.000000  Dlo=0.000000  Dhi=0.000000  err=0.000000  inc=0.000000  bucket 0->0  (mf=1000)
not enough acceleration
[MF-SEL] tPrev=(  d=0.000000  dMin=0.000000  dAvg=0.000000  dMax=0.000000  Dlo=0.000000  Dhi=0.000000  err=0.000000  inc=0.000000  bucket 0->0  (mf=1000)
not enough acceleration
[MF-SEL] tPrev=(  d=0.000000  dMin=0.000000  dAvg=0.000000  dMax=0.000000  Dlo=0.000000  Dhi=0.000000  err=0.000000  inc=0.000000  bucket 0->0  (mf=1000)
not enough acceleration
[MF-SEL] tPrev=(  d=0.000000  dMin=0.000000  dAvg=0.000000  dMax=0.000000  Dlo=0.000000  Dhi=0.000000  err=0.000000  inc=0.000000  bucket 0->0  (mf=1000)
not enough acceleration
[MF-SEL] tPrev=(  d=0.000000  dMin=0.000000  dAvg=0.000000  dMax=0.000000  Dlo=0.000000  Dhi=0.000000  err=0.000000  inc=0.000000  bucket 0->0  (mf=1000)
not enough acceleration
[MF-SEL] tPrev=(  d=0.000000  dMin=0.000000  dAvg=0.000000  dMax=0.000000  Dlo=0.000000  Dhi=0.000000  err=0.000000  inc=0.000000  bucket 0->0  (mf=1000)
not enough acceleration
[MF-SEL] tPrev=(  d=0.000000  dMin=0.000000  dAvg=0.000000  dMax=0.000000  Dlo=0.000000  Dhi=0.000000  err=0.000000  inc=0.000000  bucket 0->0  (mf=1000)
not enough acceleration
[MF-SEL] tPrev=(  d=0.000000  dMin=0.000000  dAvg=0.000000  dMax=0.000000  Dlo=0.000000  Dhi=0.000000  err=0.000000  inc=0.000000  bucket 0->0  (mf=1000)
not enough acceleration
[MF-SEL] tPrev=(  d=0.000000  dMin=0.000000  dAvg=0.000000  dMax=0.000000  Dlo=0.000000  Dhi=0.000000  err=0.000000  inc=0.000000  bucket 0->0  (mf=1000)
First KF:0; Map init KF:0
New Map created with 379 points
Active map: 0
[MF-SEL] tPrev=(  d=0.000000  dMin=0.000000  dAvg=0.000000  dMax=0.000000  Dlo=0.000000  Dhi=0.000000  err=1.000000  inc=0.918732  bucket 0->1  (mf=900)
[MF-SEL] tPrev=(  d=0.003276  dMin=0.000000  dAvg=0.000044  dMax=0.003276  Dlo=0.000022  Dhi=0.001660  err=1.000000  inc=0.605554  bucket 1->2  (mf=800)
[MF-SEL] tPrev=(  d=0.005044  dMin=0.000000  dAvg=0.000111  dMax=0.005044  Dlo=0.000055  Dhi=0.002578  err=1.000000  inc=0.607905  bucket 2->3  (mf=700)
[MF-SEL] tPrev=(  d=0.006939  dMin=0.000000  dAvg=0.000201  dMax=0.006939  Dlo=0.000100  Dhi=0.003570  err=1.000000  inc=0.610240  bucket 3->4  (mf=600)
[MF-SEL] tPrev=(  d=0.013184  dMin=0.000000  dAvg=0.000369  dMax=0.013184  Dlo=0.000185  Dhi=0.006777  err=1.000000  inc=0.612767  bucket 4->5  (mf=510)
[MF-SEL] tPrev=(  d=0.011914  dMin=0.000000  dAvg=0.000517  dMax=0.013184  Dlo=0.000259  Dhi=0.006851  err=1.000000  inc=0.615001  bucket 5->5  (mf=510)
[MF-SEL] tPrev=(  d=0.030506  dMin=0.000000  dAvg=0.000897  dMax=0.030506  Dlo=0.000448  Dhi=0.015701  err=1.000000  inc=0.617469  bucket 5->5  (mf=510)
[MF-SEL] tPrev=(  d=0.022675  dMin=0.000000  dAvg=0.001169  dMax=0.030506  Dlo=0.000585  Dhi=0.015838  err=1.000000  inc=0.620029  bucket 5->5  (mf=510)
[MF-SEL] tPrev=(  d=0.031158  dMin=0.000000  dAvg=0.001539  dMax=0.031158  Dlo=0.000770  Dhi=0.016349  err=1.000000  inc=0.622453  bucket 5->5  (mf=510)
[MF-SEL] tPrev=(  d=0.033409  dMin=0.000000  dAvg=0.001928  dMax=0.033409  Dlo=0.000964  Dhi=0.017669  err=1.000000  inc=0.624835  bucket 5->5  (mf=510)
[MF-SEL] tPrev=(  d=0.043362  dMin=0.000000  dAvg=0.002427  dMax=0.043362  Dlo=0.001214  Dhi=0.022894  err=1.000000  inc=0.627238  bucket 5->5  (mf=510)
[MF-SEL] tPrev=(  d=0.032301  dMin=0.000000  dAvg=0.002783  dMax=0.043362  Dlo=0.001391  Dhi=0.023072  err=1.000000  inc=0.629638  bucket 5->5  (mf=510)
[MF-SEL] tPrev=(  d=0.037999  dMin=0.000000  dAvg=0.003197  dMax=0.043362  Dlo=0.001599  Dhi=0.023279  err=1.000000  inc=0.632105  bucket 5->5  (mf=510)
[MF-SEL] tPrev=(  d=0.043016  dMin=0.000000  dAvg=0.003660  dMax=0.043362  Dlo=0.001830  Dhi=0.023511  err=1.000000  inc=0.634603  bucket 5->5  (mf=510)
[MF-SEL] tPrev=(  d=0.022366  dMin=0.000000  dAvg=0.003875  dMax=0.043362  Dlo=0.001938  Dhi=0.023618  err=0.000000  inc=-0.296211  bucket 5->5  (mf=510)
[MF-SEL] tPrev=(  d=0.021101  dMin=0.000000  dAvg=0.004071  dMax=0.043362  Dlo=0.002036  Dhi=0.023716  err=0.000000  inc=0.034603  bucket 5->5  (mf=510)
[MF-SEL] tPrev=(  d=0.018735  dMin=0.000000  dAvg=0.004236  dMax=0.043362  Dlo=0.002118  Dhi=0.023799  err=0.000000  inc=0.034603  bucket 5->5  (mf=510)
[MF-SEL] tPrev=(  d=0.017102  dMin=0.000000  dAvg=0.004379  dMax=0.043362  Dlo=0.002189  Dhi=0.023870  err=0.000000  inc=0.034603  bucket 5->5  (mf=510)
[MF-SEL] tPrev=(  d=0.022275  dMin=0.000000  dAvg=0.004575  dMax=0.043362  Dlo=0.002288  Dhi=0.023969  err=0.000000  inc=0.034603  bucket 5->5  (mf=510)
[MF-SEL] tPrev=(  d=0.015072  dMin=0.000000  dAvg=0.004690  dMax=0.043362  Dlo=0.002345  Dhi=0.024026  err=0.000000  inc=0.034603  bucket 5->5  (mf=510)
[MF-SEL] tPrev=(  d=0.013135  dMin=0.000000  dAvg=0.004780  dMax=0.043362  Dlo=0.002390  Dhi=0.024071  err=0.000000  inc=0.034603  bucket 5->5  (mf=510)
[MF-SEL] tPrev=(  d=0.015486  dMin=0.000000  dAvg=0.004894  dMax=0.043362  Dlo=0.002447  Dhi=0.024128  err=0.000000  inc=0.034603  bucket 5->5  (mf=510)
[MF-SEL] tPrev=(  d=0.010915  dMin=0.000000  dAvg=0.004958  dMax=0.043362  Dlo=0.002479  Dhi=0.024160  err=0.000000  inc=0.034603  bucket 5->5  (mf=510)
[MF-SEL] tPrev=(  d=0.014242  dMin=0.000000  dAvg=0.005054  dMax=0.043362  Dlo=0.002527  Dhi=0.024208  err=0.000000  inc=0.034603  bucket 5->5  (mf=510)
[MF-SEL] tPrev=(  d=0.007110  dMin=0.000000  dAvg=0.005076  dMax=0.043362  Dlo=0.002538  Dhi=0.024219  err=0.000000  inc=0.034603  bucket 5->5  (mf=510)
[MF-SEL] tPrev=(  d=0.012221  dMin=0.000000  dAvg=0.005148  dMax=0.043362  Dlo=0.002574  Dhi=0.024255  err=0.000000  inc=0.034603  bucket 5->5  (mf=510)
[MF-SEL] tPrev=(  d=0.013488  dMin=0.000000  dAvg=0.005233  dMax=0.043362  Dlo=0.002616  Dhi=0.024297  err=0.000000  inc=0.034603  bucket 5->5  (mf=510)
[MF-SEL] tPrev=(  d=0.014379  dMin=0.000000  dAvg=0.005324  dMax=0.043362  Dlo=0.002662  Dhi=0.024343  err=0.000000  inc=0.034603  bucket 5->5  (mf=510)
[MF-SEL] tPrev=(  d=0.013512  dMin=0.000000  dAvg=0.005405  dMax=0.043362  Dlo=0.002703  Dhi=0.024383  err=0.000000  inc=0.034603  bucket 5->5  (mf=510)
[MF-SEL] tPrev=(  d=0.028095  dMin=0.000000  dAvg=0.005628  dMax=0.043362  Dlo=0.002814  Dhi=0.024495  err=1.000000  inc=0.955438  bucket 5->5  (mf=510)
[MF-SEL] tPrev=(  d=0.015899  dMin=0.000000  dAvg=0.005727  dMax=0.043362  Dlo=0.002864  Dhi=0.024544  err=0.000000  inc=-0.302633  bucket 5->5  (mf=510)
[MF-SEL] tPrev=(  d=0.017997  dMin=0.000000  dAvg=0.005845  dMax=0.043362  Dlo=0.002923  Dhi=0.024603  err=0.000000  inc=0.037116  bucket 5->5  (mf=510)
[MF-SEL] tPrev=(  d=0.016308  dMin=0.000000  dAvg=0.005945  dMax=0.043362  Dlo=0.002972  Dhi=0.024653  err=0.000000  inc=0.037116  bucket 5->5  (mf=510)
[MF-SEL] tPrev=(  d=0.014656  dMin=0.000000  dAvg=0.006027  dMax=0.043362  Dlo=0.003014  Dhi=0.024694  err=0.000000  inc=0.037116  bucket 5->5  (mf=510)
[MF-SEL] tPrev=(  d=0.020178  dMin=0.000000  dAvg=0.006159  dMax=0.043362  Dlo=0.003080  Dhi=0.024761  err=0.000000  inc=0.037116  bucket 5->5  (mf=510)
[MF-SEL] tPrev=(  d=0.028858  dMin=0.000000  dAvg=0.006370  dMax=0.043362  Dlo=0.003185  Dhi=0.024866  err=1.000000  inc=0.981403  bucket 5->5  (mf=510)
[MF-SEL] tPrev=(  d=0.011229  dMin=0.000000  dAvg=0.006414  dMax=0.043362  Dlo=0.003207  Dhi=0.024888  err=0.000000  inc=-0.292105  bucket 5->5  (mf=510)
[MF-SEL] tPrev=(  d=0.019822  dMin=0.000000  dAvg=0.006536  dMax=0.043362  Dlo=0.003268  Dhi=0.024949  err=0.000000  inc=0.039455  bucket 5->5  (mf=510)
[MF-SEL] tPrev=(  d=0.013775  dMin=0.000000  dAvg=0.006601  dMax=0.043362  Dlo=0.003301  Dhi=0.024981  err=0.000000  inc=0.039455  bucket 5->5  (mf=510)
[MF-SEL] tPrev=(  d=0.028475  dMin=0.000000  dAvg=0.006797  dMax=0.043362  Dlo=0.003398  Dhi=0.025079  err=1.000000  inc=0.967773  bucket 5->5  (mf=510)
[MF-SEL] tPrev=(  d=0.027752  dMin=0.000000  dAvg=0.006982  dMax=0.043362  Dlo=0.003491  Dhi=0.025172  err=1.000000  inc=0.644315  bucket 5->5  (mf=510)
[MF-SEL] tPrev=(  d=0.029726  dMin=0.000000  dAvg=0.007182  dMax=0.043362  Dlo=0.003591  Dhi=0.025272  err=1.000000  inc=0.646715  bucket 5->5  (mf=510)
[MF-SEL] tPrev=(  d=0.036361  dMin=0.000000  dAvg=0.007435  dMax=0.043362  Dlo=0.003718  Dhi=0.025398  err=1.000000  inc=0.649166  bucket 5->5  (mf=510)
[MF-SEL] tPrev=(  d=0.044241  dMin=0.000000  dAvg=0.007753  dMax=0.044241  Dlo=0.003876  Dhi=0.025997  err=1.000000  inc=0.651577  bucket 5->5  (mf=510)
[MF-SEL] tPrev=(  d=0.056329  dMin=0.000000  dAvg=0.008168  dMax=0.056329  Dlo=0.004084  Dhi=0.032248  err=1.000000  inc=0.654108  bucket 5->5  (mf=510)
[MF-SEL] tPrev=(  d=0.056516  dMin=0.000000  dAvg=0.008577  dMax=0.056516  Dlo=0.004289  Dhi=0.032547  err=1.000000  inc=0.656468  bucket 5->5  (mf=510)
[MF-SEL] tPrev=(  d=0.064669  dMin=0.000000  dAvg=0.009049  dMax=0.064669  Dlo=0.004524  Dhi=0.036859  err=1.000000  inc=0.658951  bucket 5->5  (mf=510)
[MF-SEL] tPrev=(  d=0.069721  dMin=0.000000  dAvg=0.009554  dMax=0.069721  Dlo=0.004777  Dhi=0.039638  err=1.000000  inc=0.661385  bucket 5->5  (mf=510)
[MF-SEL] tPrev=(  d=0.075135  dMin=0.000000  dAvg=0.010096  dMax=0.075135  Dlo=0.005048  Dhi=0.042616  err=1.000000  inc=0.663621  bucket 5->5  (mf=510)
[MF-SEL] tPrev=(  d=0.077486  dMin=0.000000  dAvg=0.010649  dMax=0.077486  Dlo=0.005324  Dhi=0.044067  err=1.000000  inc=0.665997  bucket 5->5  (mf=510)
[MF-SEL] tPrev=(  d=0.749143  dMin=0.000000  dAvg=0.016653  dMax=0.749143  Dlo=0.008326  Dhi=0.382898  err=1.000000  inc=0.668687  bucket 5->5  (mf=510)
[MF-SEL] tPrev=(  d=0.080153  dMin=0.000000  dAvg=0.017165  dMax=0.749143  Dlo=0.008582  Dhi=0.383154  err=0.000000  inc=-0.287914  bucket 5->5  (mf=510)
[MF-SEL] tPrev=(  d=0.069379  dMin=0.000000  dAvg=0.017583  dMax=0.749143  Dlo=0.008791  Dhi=0.383363  err=0.000000  inc=0.068687  bucket 5->5  (mf=510)
[MF-SEL] tPrev=(  d=0.078858  dMin=0.000000  dAvg=0.018069  dMax=0.749143  Dlo=0.009034  Dhi=0.383606  err=0.000000  inc=0.068687  bucket 5->5  (mf=510)
[MF-SEL] tPrev=(  d=0.078072  dMin=0.000000  dAvg=0.018541  dMax=0.749143  Dlo=0.009271  Dhi=0.383842  err=0.000000  inc=0.068687  bucket 5->5  (mf=510)
[MF-SEL] tPrev=(  d=0.075894  dMin=0.000000  dAvg=0.018989  dMax=0.749143  Dlo=0.009495  Dhi=0.384066  err=0.000000  inc=0.068687  bucket 5->5  (mf=510)
[MF-SEL] tPrev=(  d=0.074541  dMin=0.000000  dAvg=0.019420  dMax=0.749143  Dlo=0.009710  Dhi=0.384282  err=0.000000  inc=0.068687  bucket 5->5  (mf=510)
[MF-SEL] tPrev=(  d=0.069027  dMin=0.000000  dAvg=0.019802  dMax=0.749143  Dlo=0.009901  Dhi=0.384472  err=0.000000  inc=0.068687  bucket 5->5  (mf=510)
[MF-SEL] tPrev=(  d=0.071106  dMin=0.000000  dAvg=0.020193  dMax=0.749143  Dlo=0.010097  Dhi=0.384668  err=0.000000  inc=0.068687  bucket 5->5  (mf=510)
[MF-SEL] tPrev=(  d=0.075145  dMin=0.000000  dAvg=0.020610  dMax=0.749143  Dlo=0.010305  Dhi=0.384876  err=0.000000  inc=0.068687  bucket 5->5  (mf=510)
[MF-SEL] tPrev=(  d=0.069510  dMin=0.000000  dAvg=0.020977  dMax=0.749143  Dlo=0.010489  Dhi=0.385060  err=0.000000  inc=0.068687  bucket 5->5  (mf=510)
[MF-SEL] tPrev=(  d=0.066209  dMin=0.000000  dAvg=0.021315  dMax=0.749143  Dlo=0.010657  Dhi=0.385229  err=0.000000  inc=0.068687  bucket 5->5  (mf=510)
[MF-SEL] tPrev=(  d=0.066015  dMin=0.000000  dAvg=0.021646  dMax=0.749143  Dlo=0.010823  Dhi=0.385395  err=0.000000  inc=0.068687  bucket 5->5  (mf=510)
[MF-SEL] tPrev=(  d=0.065092  dMin=0.000000  dAvg=0.021965  dMax=0.749143  Dlo=0.010983  Dhi=0.385554  err=0.000000  inc=0.068687  bucket 5->5  (mf=510)
[MF-SEL] tPrev=(  d=0.060917  dMin=0.000000  dAvg=0.022250  dMax=0.749143  Dlo=0.011125  Dhi=0.385696  err=0.000000  inc=0.068687  bucket 5->5  (mf=510)
[MF-SEL] tPrev=(  d=0.059009  dMin=0.000000  dAvg=0.022516  dMax=0.749143  Dlo=0.011258  Dhi=0.385830  err=0.000000  inc=0.068687  bucket 5->5  (mf=510)
[MF-SEL] tPrev=(  d=0.052219  dMin=0.000000  dAvg=0.022730  dMax=0.749143  Dlo=0.011365  Dhi=0.385936  err=0.000000  inc=0.068687  bucket 5->5  (mf=510)
[MF-SEL] tPrev=(  d=0.047181  dMin=0.000000  dAvg=0.022904  dMax=0.749143  Dlo=0.011452  Dhi=0.386024  err=0.000000  inc=0.068687  bucket 5->5  (mf=510)
[MF-SEL] tPrev=(  d=0.027086  dMin=0.000000  dAvg=0.022934  dMax=0.749143  Dlo=0.011467  Dhi=0.386039  err=0.000000  inc=0.068687  bucket 5->5  (mf=510)
[MF-SEL] tPrev=(  d=0.035765  dMin=0.000000  dAvg=0.023024  dMax=0.749143  Dlo=0.011512  Dhi=0.386084  err=0.000000  inc=0.068687  bucket 5->5  (mf=510)
[MF-SEL] tPrev=(  d=0.030669  dMin=0.000000  dAvg=0.023078  dMax=0.749143  Dlo=0.011539  Dhi=0.386111  err=0.000000  inc=0.068687  bucket 5->5  (mf=510)
[MF-SEL] tPrev=(  d=0.033219  dMin=0.000000  dAvg=0.023148  dMax=0.749143  Dlo=0.011574  Dhi=0.386146  err=0.000000  inc=0.068687  bucket 5->5  (mf=510)
[MF-SEL] tPrev=(  d=0.024345  dMin=0.000000  dAvg=0.023157  dMax=0.749143  Dlo=0.011578  Dhi=0.386150  err=0.000000  inc=0.068687  bucket 5->5  (mf=510)
[MF-SEL] tPrev=(  d=0.023697  dMin=0.000000  dAvg=0.023160  dMax=0.749143  Dlo=0.011580  Dhi=0.386152  err=0.000000  inc=0.068687  bucket 5->5  (mf=510)
[MF-SEL] tPrev=(  d=0.024826  dMin=0.000000  dAvg=0.023172  dMax=0.749143  Dlo=0.011586  Dhi=0.386157  err=0.000000  inc=0.068687  bucket 5->5  (mf=510)
[MF-SEL] tPrev=(  d=0.026640  dMin=0.000000  dAvg=0.023195  dMax=0.749143  Dlo=0.011598  Dhi=0.386169  err=0.000000  inc=0.068687  bucket 5->5  (mf=510)
[MF-SEL] tPrev=(  d=0.029081  dMin=0.000000  dAvg=0.023235  dMax=0.749143  Dlo=0.011617  Dhi=0.386189  err=0.000000  inc=0.068687  bucket 5->5  (mf=510)
[MF-SEL] tPrev=(  d=0.031488  dMin=0.000000  dAvg=0.023290  dMax=0.749143  Dlo=0.011645  Dhi=0.386216  err=0.000000  inc=0.068687  bucket 5->5  (mf=510)
[MF-SEL] tPrev=(  d=0.030921  dMin=0.000000  dAvg=0.023340  dMax=0.749143  Dlo=0.011670  Dhi=0.386242  err=0.000000  inc=0.068687  bucket 5->5  (mf=510)
[MF-SEL] tPrev=(  d=0.036395  dMin=0.000000  dAvg=0.023426  dMax=0.749143  Dlo=0.011713  Dhi=0.386285  err=0.000000  inc=0.068687  bucket 5->5  (mf=510)
[MF-SEL] tPrev=(  d=0.039295  dMin=0.000000  dAvg=0.023530  dMax=0.749143  Dlo=0.011765  Dhi=0.386336  err=0.000000  inc=0.068687  bucket 5->5  (mf=510)
[MF-SEL] tPrev=(  d=0.041823  dMin=0.000000  dAvg=0.023648  dMax=0.749143  Dlo=0.011824  Dhi=0.386396  err=0.000000  inc=0.068687  bucket 5->5  (mf=510)
[MF-SEL] tPrev=(  d=0.059295  dMin=0.000000  dAvg=0.023878  dMax=0.749143  Dlo=0.011939  Dhi=0.386511  err=0.000000  inc=0.068687  bucket 5->5  (mf=510)
[MF-SEL] tPrev=(  d=0.048361  dMin=0.000000  dAvg=0.024035  dMax=0.749143  Dlo=0.012018  Dhi=0.386589  err=0.000000  inc=0.068687  bucket 5->5  (mf=510)
[MF-SEL] tPrev=(  d=0.048955  dMin=0.000000  dAvg=0.024194  dMax=0.749143  Dlo=0.012097  Dhi=0.386669  err=0.000000  inc=0.068687  bucket 5->5  (mf=510)
[MF-SEL] tPrev=(  d=0.054796  dMin=0.000000  dAvg=0.024388  dMax=0.749143  Dlo=0.012194  Dhi=0.386765  err=0.000000  inc=0.068687  bucket 5->5  (mf=510)
[MF-SEL] tPrev=(  d=0.057280  dMin=0.000000  dAvg=0.024595  dMax=0.749143  Dlo=0.012297  Dhi=0.386869  err=0.000000  inc=0.068687  bucket 5->5  (mf=510)
[MF-SEL] tPrev=(  d=0.058531  dMin=0.000000  dAvg=0.024807  dMax=0.749143  Dlo=0.012403  Dhi=0.386975  err=0.000000  inc=0.068687  bucket 5->5  (mf=510)
[MF-SEL] tPrev=(  d=0.061068  dMin=0.000000  dAvg=0.025032  dMax=0.749143  Dlo=0.012516  Dhi=0.387088  err=0.000000  inc=0.068687  bucket 5->5  (mf=510)
[MF-SEL] tPrev=(  d=0.062102  dMin=0.000000  dAvg=0.025261  dMax=0.749143  Dlo=0.012630  Dhi=0.387202  err=0.000000  inc=0.068687  bucket 5->5  (mf=510)
[MF-SEL] tPrev=(  d=0.059355  dMin=0.000000  dAvg=0.025470  dMax=0.749143  Dlo=0.012735  Dhi=0.387307  err=0.000000  inc=0.068687  bucket 5->5  (mf=510)
[MF-SEL] tPrev=(  d=0.064006  dMin=0.000000  dAvg=0.025705  dMax=0.749143  Dlo=0.012852  Dhi=0.387424  err=0.000000  inc=0.068687  bucket 5->5  (mf=510)
[MF-SEL] tPrev=(  d=0.064836  dMin=0.000000  dAvg=0.025942  dMax=0.749143  Dlo=0.012971  Dhi=0.387543  err=0.000000  inc=0.068687  bucket 5->5  (mf=510)
[MF-SEL] tPrev=(  d=0.062071  dMin=0.000000  dAvg=0.026160  dMax=0.749143  Dlo=0.013080  Dhi=0.387651  err=0.000000  inc=0.068687  bucket 5->5  (mf=510)
[MF-SEL] tPrev=(  d=0.065752  dMin=0.000000  dAvg=0.026397  dMax=0.749143  Dlo=0.013198  Dhi=0.387770  err=0.000000  inc=0.068687  bucket 5->5  (mf=510)
[MF-SEL] tPrev=(  d=0.065843  dMin=0.000000  dAvg=0.026632  dMax=0.749143  Dlo=0.013316  Dhi=0.387887  err=0.000000  inc=0.068687  bucket 5->5  (mf=510)
[MF-SEL] tPrev=(  d=0.066143  dMin=0.000000  dAvg=0.026865  dMax=0.749143  Dlo=0.013433  Dhi=0.388004  err=0.000000  inc=0.068687  bucket 5->5  (mf=510)
[MF-SEL] tPrev=(  d=0.072127  dMin=0.000000  dAvg=0.027132  dMax=0.749143  Dlo=0.013566  Dhi=0.388137  err=0.000000  inc=0.068687  bucket 5->5  (mf=510)
[MF-SEL] tPrev=(  d=0.068054  dMin=0.000000  dAvg=0.027371  dMax=0.749143  Dlo=0.013686  Dhi=0.388257  err=0.000000  inc=0.068687  bucket 5->5  (mf=510)
[MF-SEL] tPrev=(  d=0.069268  dMin=0.000000  dAvg=0.027615  dMax=0.749143  Dlo=0.013807  Dhi=0.388379  err=0.000000  inc=0.068687  bucket 5->5  (mf=510)
[MF-SEL] tPrev=(  d=0.058040  dMin=0.000000  dAvg=0.027790  dMax=0.749143  Dlo=0.013895  Dhi=0.388467  err=0.000000  inc=0.068687  bucket 5->5  (mf=510)
[MF-SEL] tPrev=(  d=0.070470  dMin=0.000000  dAvg=0.028036  dMax=0.749143  Dlo=0.014018  Dhi=0.388589  err=0.000000  inc=0.068687  bucket 5->5  (mf=510)
[MF-SEL] tPrev=(  d=0.070669  dMin=0.000000  dAvg=0.028279  dMax=0.749143  Dlo=0.014140  Dhi=0.388711  err=0.000000  inc=0.068687  bucket 5->5  (mf=510)
start VIBA 1
[MF-SEL] tPrev=(  d=0.071115  dMin=0.000000  dAvg=0.028523  dMax=0.749143  Dlo=0.014261  Dhi=0.388833  err=0.000000  inc=0.068687  bucket 5->5  (mf=510)
[MF-SEL] tPrev=(  d=0.070641  dMin=0.000000  dAvg=0.028761  dMax=0.749143  Dlo=0.014380  Dhi=0.388952  err=0.000000  inc=0.068687  bucket 5->5  (mf=510)
end VIBA 1
[MF-SEL] tPrev=(  d=0.071452  dMin=0.000000  dAvg=0.029001  dMax=0.749143  Dlo=0.014500  Dhi=0.389072  err=0.000000  inc=0.068687  bucket 5->5  (mf=510)
[MF-SEL] tPrev=(  d=0.070743  dMin=0.000000  dAvg=0.029234  dMax=0.749143  Dlo=0.014617  Dhi=0.389188  err=0.000000  inc=0.068687  bucket 5->5  (mf=510)
[MF-SEL] tPrev=(  d=0.064812  dMin=0.000000  dAvg=0.029431  dMax=0.749143  Dlo=0.014716  Dhi=0.389287  err=0.000000  inc=0.068687  bucket 5->5  (mf=510)
[MF-SEL] tPrev=(  d=0.069087  dMin=0.000000  dAvg=0.029650  dMax=0.749143  Dlo=0.014825  Dhi=0.389397  err=0.000000  inc=0.068687  bucket 5->5  (mf=510)
[MF-SEL] tPrev=(  d=0.068400  dMin=0.000000  dAvg=0.029863  dMax=0.749143  Dlo=0.014932  Dhi=0.389503  err=0.000000  inc=0.068687  bucket 5->5  (mf=510)
[MF-SEL] tPrev=(  d=0.067553  dMin=0.000000  dAvg=0.030069  dMax=0.749143  Dlo=0.015035  Dhi=0.389606  err=0.000000  inc=0.068687  bucket 5->5  (mf=510)
[MF-SEL] tPrev=(  d=0.057921  dMin=0.000000  dAvg=0.030221  dMax=0.749143  Dlo=0.015110  Dhi=0.389682  err=0.000000  inc=0.068687  bucket 5->5  (mf=510)
[MF-SEL] tPrev=(  d=0.065108  dMin=0.000000  dAvg=0.030409  dMax=0.749143  Dlo=0.015205  Dhi=0.389776  err=0.000000  inc=0.068687  bucket 5->5  (mf=510)
[MF-SEL] tPrev=(  d=0.062068  dMin=0.000000  dAvg=0.030580  dMax=0.749143  Dlo=0.015290  Dhi=0.389861  err=0.000000  inc=0.068687  bucket 5->5  (mf=510)
[MF-SEL] tPrev=(  d=0.063004  dMin=0.000000  dAvg=0.030753  dMax=0.749143  Dlo=0.015376  Dhi=0.389948  err=0.000000  inc=0.068687  bucket 5->5  (mf=510)
[MF-SEL] tPrev=(  d=0.061756  dMin=0.000000  dAvg=0.030918  dMax=0.749143  Dlo=0.015459  Dhi=0.390030  err=0.000000  inc=0.068687  bucket 5->5  (mf=510)
[MF-SEL] tPrev=(  d=0.058655  dMin=0.000000  dAvg=0.031065  dMax=0.749143  Dlo=0.015532  Dhi=0.390104  err=0.000000  inc=0.068687  bucket 5->5  (mf=510)
[MF-SEL] tPrev=(  d=0.059396  dMin=0.000000  dAvg=0.031214  dMax=0.749143  Dlo=0.015607  Dhi=0.390178  err=0.000000  inc=0.068687  bucket 5->5  (mf=510)
[MF-SEL] tPrev=(  d=0.055502  dMin=0.000000  dAvg=0.031341  dMax=0.749143  Dlo=0.015670  Dhi=0.390242  err=0.000000  inc=0.068687  bucket 5->5  (mf=510)
[MF-SEL] tPrev=(  d=0.057520  dMin=0.000000  dAvg=0.031477  dMax=0.749143  Dlo=0.015739  Dhi=0.390310  err=0.000000  inc=0.068687  bucket 5->5  (mf=510)
[MF-SEL] tPrev=(  d=0.059878  dMin=0.000000  dAvg=0.031624  dMax=0.749143  Dlo=0.015812  Dhi=0.390384  err=0.000000  inc=0.068687  bucket 5->5  (mf=510)
[MF-SEL] tPrev=(  d=0.055396  dMin=0.000000  dAvg=0.031747  dMax=0.749143  Dlo=0.015873  Dhi=0.390445  err=0.000000  inc=0.068687  bucket 5->5  (mf=510)
[MF-SEL] tPrev=(  d=0.058132  dMin=0.000000  dAvg=0.031882  dMax=0.749143  Dlo=0.015941  Dhi=0.390513  err=0.000000  inc=0.068687  bucket 5->5  (mf=510)
[MF-SEL] tPrev=(  d=0.053024  dMin=0.000000  dAvg=0.031990  dMax=0.749143  Dlo=0.015995  Dhi=0.390567  err=0.000000  inc=0.068687  bucket 5->5  (mf=510)
[MF-SEL] tPrev=(  d=0.047652  dMin=0.000000  dAvg=0.032070  dMax=0.749143  Dlo=0.016035  Dhi=0.390606  err=0.000000  inc=0.068687  bucket 5->5  (mf=510)
[MF-SEL] tPrev=(  d=0.050854  dMin=0.000000  dAvg=0.032164  dMax=0.749143  Dlo=0.016082  Dhi=0.390654  err=0.000000  inc=0.068687  bucket 5->5  (mf=510)
[MF-SEL] tPrev=(  d=0.051557  dMin=0.000000  dAvg=0.032262  dMax=0.749143  Dlo=0.016131  Dhi=0.390703  err=0.000000  inc=0.068687  bucket 5->5  (mf=510)
[MF-SEL] tPrev=(  d=0.045790  dMin=0.000000  dAvg=0.032330  dMax=0.749143  Dlo=0.016165  Dhi=0.390736  err=0.000000  inc=0.068687  bucket 5->5  (mf=510)
[MF-SEL] tPrev=(  d=0.047467  dMin=0.000000  dAvg=0.032405  dMax=0.749143  Dlo=0.016202  Dhi=0.390774  err=0.000000  inc=0.068687  bucket 5->5  (mf=510)
[MF-SEL] tPrev=(  d=0.042257  dMin=0.000000  dAvg=0.032454  dMax=0.749143  Dlo=0.016227  Dhi=0.390798  err=0.000000  inc=0.068687  bucket 5->5  (mf=510)
[MF-SEL] tPrev=(  d=0.041001  dMin=0.000000  dAvg=0.032496  dMax=0.749143  Dlo=0.016248  Dhi=0.390819  err=0.000000  inc=0.068687  bucket 5->5  (mf=510)
[MF-SEL] tPrev=(  d=0.039139  dMin=0.000000  dAvg=0.032528  dMax=0.749143  Dlo=0.016264  Dhi=0.390836  err=0.000000  inc=0.068687  bucket 5->5  (mf=510)
[MF-SEL] tPrev=(  d=0.037925  dMin=0.000000  dAvg=0.032555  dMax=0.749143  Dlo=0.016277  Dhi=0.390849  err=0.000000  inc=0.068687  bucket 5->5  (mf=510)
[MF-SEL] tPrev=(  d=0.035442  dMin=0.000000  dAvg=0.032569  dMax=0.749143  Dlo=0.016284  Dhi=0.390856  err=0.000000  inc=0.068687  bucket 5->5  (mf=510)
[MF-SEL] tPrev=(  d=0.032641  dMin=0.000000  dAvg=0.032569  dMax=0.749143  Dlo=0.016284  Dhi=0.390856  err=0.000000  inc=0.068687  bucket 5->5  (mf=510)
[MF-SEL] tPrev=(  d=0.027366  dMin=0.000000  dAvg=0.032544  dMax=0.749143  Dlo=0.016272  Dhi=0.390844  err=0.000000  inc=0.068687  bucket 5->5  (mf=510)
[MF-SEL] tPrev=(  d=0.026632  dMin=0.000000  dAvg=0.032516  dMax=0.749143  Dlo=0.016258  Dhi=0.390829  err=0.000000  inc=0.068687  bucket 5->5  (mf=510)
[MF-SEL] tPrev=(  d=0.027244  dMin=0.000000  dAvg=0.032491  dMax=0.749143  Dlo=0.016245  Dhi=0.390817  err=0.000000  inc=0.068687  bucket 5->5  (mf=510)
[MF-SEL] tPrev=(  d=0.019808  dMin=0.000000  dAvg=0.032430  dMax=0.749143  Dlo=0.016215  Dhi=0.390787  err=0.000000  inc=0.068687  bucket 5->5  (mf=510)
[MF-SEL] tPrev=(  d=0.016096  dMin=0.000000  dAvg=0.032353  dMax=0.749143  Dlo=0.016177  Dhi=0.390748  err=-1.000000  inc=-0.880489  bucket 5->4  (mf=600)
[MF-SEL] tPrev=(  d=0.017694  dMin=0.000000  dAvg=0.032285  dMax=0.749143  Dlo=0.016142  Dhi=0.390714  err=0.000000  inc=0.383553  bucket 4->4  (mf=600)
[MF-SEL] tPrev=(  d=0.012420  dMin=0.000000  dAvg=0.032192  dMax=0.749143  Dlo=0.016096  Dhi=0.390667  err=-1.000000  inc=-0.868652  bucket 4->3  (mf=700)
[MF-SEL] tPrev=(  d=0.011405  dMin=0.000000  dAvg=0.032095  dMax=0.749143  Dlo=0.016048  Dhi=0.390619  err=-1.000000  inc=-0.538572  bucket 3->2  (mf=800)
[MF-SEL] tPrev=(  d=0.011108  dMin=0.000000  dAvg=0.031998  dMax=0.749143  Dlo=0.015999  Dhi=0.390571  err=-1.000000  inc=-0.541032  bucket 2->1  (mf=900)
[MF-SEL] tPrev=(  d=0.011187  dMin=0.000000  dAvg=0.031902  dMax=0.749143  Dlo=0.015951  Dhi=0.390523  err=-1.000000  inc=-0.543455  bucket 1->0  (mf=1000)
[MF-SEL] tPrev=(  d=0.012614  dMin=0.000000  dAvg=0.031814  dMax=0.749143  Dlo=0.015907  Dhi=0.390478  err=-1.000000  inc=-0.545766  bucket 0->0  (mf=1000)
[MF-SEL] tPrev=(  d=0.014417  dMin=0.000000  dAvg=0.031734  dMax=0.749143  Dlo=0.015867  Dhi=0.390439  err=-1.000000  inc=-0.547993  bucket 0->0  (mf=1000)
[MF-SEL] tPrev=(  d=0.017367  dMin=0.000000  dAvg=0.031669  dMax=0.749143  Dlo=0.015834  Dhi=0.390406  err=0.000000  inc=0.393976  bucket 0->0  (mf=1000)
[MF-SEL] tPrev=(  d=0.019361  dMin=0.000000  dAvg=0.031613  dMax=0.749143  Dlo=0.015807  Dhi=0.390378  err=0.000000  inc=0.052007  bucket 0->0  (mf=1000)
[MF-SEL] tPrev=(  d=0.022541  dMin=0.000000  dAvg=0.031572  dMax=0.749143  Dlo=0.015786  Dhi=0.390358  err=0.000000  inc=0.052007  bucket 0->0  (mf=1000)
[MF-SEL] tPrev=(  d=0.023395  dMin=0.000000  dAvg=0.031536  dMax=0.749143  Dlo=0.015768  Dhi=0.390339  err=0.000000  inc=0.052007  bucket 0->0  (mf=1000)
[MF-SEL] tPrev=(  d=0.030800  dMin=0.000000  dAvg=0.031532  dMax=0.749143  Dlo=0.015766  Dhi=0.390338  err=0.000000  inc=0.052007  bucket 0->0  (mf=1000)
[MF-SEL] tPrev=(  d=0.034278  dMin=0.000000  dAvg=0.031545  dMax=0.749143  Dlo=0.015772  Dhi=0.390344  err=0.000000  inc=0.052007  bucket 0->0  (mf=1000)
[MF-SEL] tPrev=(  d=0.036129  dMin=0.000000  dAvg=0.031565  dMax=0.749143  Dlo=0.015782  Dhi=0.390354  err=0.000000  inc=0.052007  bucket 0->0  (mf=1000)
[MF-SEL] tPrev=(  d=0.036256  dMin=0.000000  dAvg=0.031585  dMax=0.749143  Dlo=0.015793  Dhi=0.390364  err=0.000000  inc=0.052007  bucket 0->0  (mf=1000)
[MF-SEL] tPrev=(  d=0.055977  dMin=0.000000  dAvg=0.031692  dMax=0.749143  Dlo=0.015846  Dhi=0.390418  err=0.000000  inc=0.052007  bucket 0->0  (mf=1000)
[MF-SEL] tPrev=(  d=0.037733  dMin=0.000000  dAvg=0.031719  dMax=0.749143  Dlo=0.015859  Dhi=0.390431  err=0.000000  inc=0.052007  bucket 0->0  (mf=1000)
[MF-SEL] tPrev=(  d=0.037985  dMin=0.000000  dAvg=0.031746  dMax=0.749143  Dlo=0.015873  Dhi=0.390445  err=0.000000  inc=0.052007  bucket 0->0  (mf=1000)
[MF-SEL] tPrev=(  d=0.051477  dMin=0.000000  dAvg=0.031831  dMax=0.749143  Dlo=0.015916  Dhi=0.390487  err=0.000000  inc=0.052007  bucket 0->0  (mf=1000)
[MF-SEL] tPrev=(  d=0.038238  dMin=0.000000  dAvg=0.031859  dMax=0.749143  Dlo=0.015930  Dhi=0.390501  err=0.000000  inc=0.052007  bucket 0->0  (mf=1000)
[MF-SEL] tPrev=(  d=0.037956  dMin=0.000000  dAvg=0.031885  dMax=0.749143  Dlo=0.015943  Dhi=0.390514  err=0.000000  inc=0.052007  bucket 0->0  (mf=1000)
[MF-SEL] tPrev=(  d=0.037867  dMin=0.000000  dAvg=0.031911  dMax=0.749143  Dlo=0.015955  Dhi=0.390527  err=0.000000  inc=0.052007  bucket 0->0  (mf=1000)
[MF-SEL] tPrev=(  d=0.039038  dMin=0.000000  dAvg=0.031941  dMax=0.749143  Dlo=0.015971  Dhi=0.390542  err=0.000000  inc=0.052007  bucket 0->0  (mf=1000)
[MF-SEL] tPrev=(  d=0.039043  dMin=0.000000  dAvg=0.031971  dMax=0.749143  Dlo=0.015986  Dhi=0.390557  err=0.000000  inc=0.052007  bucket 0->0  (mf=1000)
[MF-SEL] tPrev=(  d=0.039667  dMin=0.000000  dAvg=0.032004  dMax=0.749143  Dlo=0.016002  Dhi=0.390573  err=0.000000  inc=0.052007  bucket 0->0  (mf=1000)
[MF-SEL] tPrev=(  d=0.044488  dMin=0.000000  dAvg=0.032056  dMax=0.749143  Dlo=0.016028  Dhi=0.390600  err=0.000000  inc=0.052007  bucket 0->0  (mf=1000)
[MF-SEL] tPrev=(  d=0.041924  dMin=0.000000  dAvg=0.032097  dMax=0.749143  Dlo=0.016049  Dhi=0.390620  err=0.000000  inc=0.052007  bucket 0->0  (mf=1000)
[MF-SEL] tPrev=(  d=0.042853  dMin=0.000000  dAvg=0.032142  dMax=0.749143  Dlo=0.016071  Dhi=0.390643  err=0.000000  inc=0.052007  bucket 0->0  (mf=1000)
[MF-SEL] tPrev=(  d=0.034598  dMin=0.000000  dAvg=0.032152  dMax=0.749143  Dlo=0.016076  Dhi=0.390648  err=0.000000  inc=0.052007  bucket 0->0  (mf=1000)
[MF-SEL] tPrev=(  d=0.044231  dMin=0.000000  dAvg=0.032202  dMax=0.749143  Dlo=0.016101  Dhi=0.390673  err=0.000000  inc=0.052007  bucket 0->0  (mf=1000)
[MF-SEL] tPrev=(  d=0.046011  dMin=0.000000  dAvg=0.032259  dMax=0.749143  Dlo=0.016130  Dhi=0.390701  err=0.000000  inc=0.052007  bucket 0->0  (mf=1000)
[MF-SEL] tPrev=(  d=0.046737  dMin=0.000000  dAvg=0.032319  dMax=0.749143  Dlo=0.016159  Dhi=0.390731  err=0.000000  inc=0.052007  bucket 0->0  (mf=1000)
[MF-SEL] tPrev=(  d=0.047256  dMin=0.000000  dAvg=0.032379  dMax=0.749143  Dlo=0.016190  Dhi=0.390761  err=0.000000  inc=0.052007  bucket 0->0  (mf=1000)
[MF-SEL] tPrev=(  d=0.048051  dMin=0.000000  dAvg=0.032443  dMax=0.749143  Dlo=0.016222  Dhi=0.390793  err=0.000000  inc=0.052007  bucket 0->0  (mf=1000)
[MF-SEL] tPrev=(  d=0.049065  dMin=0.000000  dAvg=0.032510  dMax=0.749143  Dlo=0.016255  Dhi=0.390827  err=0.000000  inc=0.052007  bucket 0->0  (mf=1000)
[MF-SEL] tPrev=(  d=0.047267  dMin=0.000000  dAvg=0.032570  dMax=0.749143  Dlo=0.016285  Dhi=0.390857  err=0.000000  inc=0.052007  bucket 0->0  (mf=1000)
[MF-SEL] tPrev=(  d=0.046115  dMin=0.000000  dAvg=0.032624  dMax=0.749143  Dlo=0.016312  Dhi=0.390884  err=0.000000  inc=0.052007  bucket 0->0  (mf=1000)
[MF-SEL] tPrev=(  d=0.053230  dMin=0.000000  dAvg=0.032707  dMax=0.749143  Dlo=0.016353  Dhi=0.390925  err=0.000000  inc=0.052007  bucket 0->0  (mf=1000)
[MF-SEL] tPrev=(  d=0.042907  dMin=0.000000  dAvg=0.032747  dMax=0.749143  Dlo=0.016374  Dhi=0.390945  err=0.000000  inc=0.052007  bucket 0->0  (mf=1000)
[MF-SEL] tPrev=(  d=0.040935  dMin=0.000000  dAvg=0.032780  dMax=0.749143  Dlo=0.016390  Dhi=0.390962  err=0.000000  inc=0.052007  bucket 0->0  (mf=1000)
[MF-SEL] tPrev=(  d=0.040847  dMin=0.000000  dAvg=0.032812  dMax=0.749143  Dlo=0.016406  Dhi=0.390977  err=0.000000  inc=0.052007  bucket 0->0  (mf=1000)
[MF-SEL] tPrev=(  d=0.038933  dMin=0.000000  dAvg=0.032836  dMax=0.749143  Dlo=0.016418  Dhi=0.390990  err=0.000000  inc=0.052007  bucket 0->0  (mf=1000)
[MF-SEL] tPrev=(  d=0.038674  dMin=0.000000  dAvg=0.032859  dMax=0.749143  Dlo=0.016429  Dhi=0.391001  err=0.000000  inc=0.052007  bucket 0->0  (mf=1000)
[MF-SEL] tPrev=(  d=0.048919  dMin=0.000000  dAvg=0.032922  dMax=0.749143  Dlo=0.016461  Dhi=0.391032  err=0.000000  inc=0.052007  bucket 0->0  (mf=1000)
[MF-SEL] tPrev=(  d=0.036896  dMin=0.000000  dAvg=0.032937  dMax=0.749143  Dlo=0.016469  Dhi=0.391040  err=0.000000  inc=0.052007  bucket 0->0  (mf=1000)
[MF-SEL] tPrev=(  d=0.032948  dMin=0.000000  dAvg=0.032937  dMax=0.749143  Dlo=0.016469  Dhi=0.391040  err=0.000000  inc=0.052007  bucket 0->0  (mf=1000)
[MF-SEL] tPrev=(  d=0.043272  dMin=0.000000  dAvg=0.032977  dMax=0.749143  Dlo=0.016488  Dhi=0.391060  err=0.000000  inc=0.052007  bucket 0->0  (mf=1000)
[MF-SEL] tPrev=(  d=0.021014  dMin=0.000000  dAvg=0.032931  dMax=0.749143  Dlo=0.016465  Dhi=0.391037  err=0.000000  inc=0.052007  bucket 0->0  (mf=1000)
[MF-SEL] tPrev=(  d=0.013481  dMin=0.000000  dAvg=0.032856  dMax=0.749143  Dlo=0.016428  Dhi=0.391000  err=-1.000000  inc=-0.955327  bucket 0->0  (mf=1000)
[MF-SEL] tPrev=(  d=0.021413  dMin=0.000000  dAvg=0.032813  dMax=0.749143  Dlo=0.016406  Dhi=0.390978  err=0.000000  inc=0.377543  bucket 0->0  (mf=1000)
[MF-SEL] tPrev=(  d=0.014236  dMin=0.000000  dAvg=0.032742  dMax=0.749143  Dlo=0.016371  Dhi=0.390943  err=-1.000000  inc=-0.888241  bucket 0->0  (mf=1000)
[MF-SEL] tPrev=(  d=0.025825  dMin=0.000000  dAvg=0.032716  dMax=0.749143  Dlo=0.016358  Dhi=0.390930  err=0.000000  inc=0.435065  bucket 0->0  (mf=1000)
[MF-SEL] tPrev=(  d=0.033596  dMin=0.000000  dAvg=0.032719  dMax=0.749143  Dlo=0.016360  Dhi=0.390931  err=0.000000  inc=0.047651  bucket 0->0  (mf=1000)
[MF-SEL] tPrev=(  d=0.039717  dMin=0.000000  dAvg=0.032746  dMax=0.749143  Dlo=0.016373  Dhi=0.390944  err=0.000000  inc=0.047651  bucket 0->0  (mf=1000)
[MF-SEL] tPrev=(  d=0.042238  dMin=0.000000  dAvg=0.032781  dMax=0.749143  Dlo=0.016391  Dhi=0.390962  err=0.000000  inc=0.047651  bucket 0->0  (mf=1000)
[MF-SEL] tPrev=(  d=0.046762  dMin=0.000000  dAvg=0.032833  dMax=0.749143  Dlo=0.016417  Dhi=0.390988  err=0.000000  inc=0.047651  bucket 0->0  (mf=1000)
[MF-SEL] tPrev=(  d=0.037728  dMin=0.000000  dAvg=0.032851  dMax=0.749143  Dlo=0.016426  Dhi=0.390997  err=0.000000  inc=0.047651  bucket 0->0  (mf=1000)
[MF-SEL] tPrev=(  d=0.033035  dMin=0.000000  dAvg=0.032852  dMax=0.749143  Dlo=0.016426  Dhi=0.390998  err=0.000000  inc=0.047651  bucket 0->0  (mf=1000)
[MF-SEL] tPrev=(  d=0.032095  dMin=0.000000  dAvg=0.032849  dMax=0.749143  Dlo=0.016425  Dhi=0.390996  err=0.000000  inc=0.047651  bucket 0->0  (mf=1000)
[MF-SEL] tPrev=(  d=0.025914  dMin=0.000000  dAvg=0.032824  dMax=0.749143  Dlo=0.016412  Dhi=0.390983  err=0.000000  inc=0.047651  bucket 0->0  (mf=1000)
[MF-SEL] tPrev=(  d=0.029306  dMin=0.000000  dAvg=0.032811  dMax=0.749143  Dlo=0.016405  Dhi=0.390977  err=0.000000  inc=0.047651  bucket 0->0  (mf=1000)
[MF-SEL] tPrev=(  d=0.025527  dMin=0.000000  dAvg=0.032784  dMax=0.749143  Dlo=0.016392  Dhi=0.390964  err=0.000000  inc=0.047651  bucket 0->0  (mf=1000)
[MF-SEL] tPrev=(  d=0.030637  dMin=0.000000  dAvg=0.032777  dMax=0.749143  Dlo=0.016388  Dhi=0.390960  err=0.000000  inc=0.047651  bucket 0->0  (mf=1000)
[MF-SEL] tPrev=(  d=0.037233  dMin=0.000000  dAvg=0.032793  dMax=0.749143  Dlo=0.016396  Dhi=0.390968  err=0.000000  inc=0.047651  bucket 0->0  (mf=1000)
[MF-SEL] tPrev=(  d=0.044399  dMin=0.000000  dAvg=0.032835  dMax=0.749143  Dlo=0.016417  Dhi=0.390989  err=0.000000  inc=0.047651  bucket 0->0  (mf=1000)
[MF-SEL] tPrev=(  d=0.050406  dMin=0.000000  dAvg=0.032898  dMax=0.749143  Dlo=0.016449  Dhi=0.391020  err=0.000000  inc=0.047651  bucket 0->0  (mf=1000)
[MF-SEL] tPrev=(  d=0.054202  dMin=0.000000  dAvg=0.032974  dMax=0.749143  Dlo=0.016487  Dhi=0.391059  err=0.000000  inc=0.047651  bucket 0->0  (mf=1000)
[MF-SEL] tPrev=(  d=0.070210  dMin=0.000000  dAvg=0.033107  dMax=0.749143  Dlo=0.016554  Dhi=0.391125  err=0.000000  inc=0.047651  bucket 0->0  (mf=1000)
[MF-SEL] tPrev=(  d=0.056614  dMin=0.000000  dAvg=0.033191  dMax=0.749143  Dlo=0.016595  Dhi=0.391167  err=0.000000  inc=0.047651  bucket 0->0  (mf=1000)
[MF-SEL] tPrev=(  d=0.055609  dMin=0.000000  dAvg=0.033270  dMax=0.749143  Dlo=0.016635  Dhi=0.391207  err=0.000000  inc=0.047651  bucket 0->0  (mf=1000)
[MF-SEL] tPrev=(  d=0.050757  dMin=0.000000  dAvg=0.033332  dMax=0.749143  Dlo=0.016666  Dhi=0.391238  err=0.000000  inc=0.047651  bucket 0->0  (mf=1000)
[MF-SEL] tPrev=(  d=0.053932  dMin=0.000000  dAvg=0.033405  dMax=0.749143  Dlo=0.016702  Dhi=0.391274  err=0.000000  inc=0.047651  bucket 0->0  (mf=1000)
[MF-SEL] tPrev=(  d=0.044411  dMin=0.000000  dAvg=0.033443  dMax=0.749143  Dlo=0.016722  Dhi=0.391293  err=0.000000  inc=0.047651  bucket 0->0  (mf=1000)
[MF-SEL] tPrev=(  d=0.032959  dMin=0.000000  dAvg=0.033442  dMax=0.749143  Dlo=0.016721  Dhi=0.391292  err=0.000000  inc=0.047651  bucket 0->0  (mf=1000)
[MF-SEL] tPrev=(  d=0.040633  dMin=0.000000  dAvg=0.033467  dMax=0.749143  Dlo=0.016733  Dhi=0.391305  err=0.000000  inc=0.047651  bucket 0->0  (mf=1000)
[MF-SEL] tPrev=(  d=0.041120  dMin=0.000000  dAvg=0.033493  dMax=0.749143  Dlo=0.016747  Dhi=0.391318  err=0.000000  inc=0.047651  bucket 0->0  (mf=1000)
[MF-SEL] tPrev=(  d=0.038842  dMin=0.000000  dAvg=0.033512  dMax=0.749143  Dlo=0.016756  Dhi=0.391327  err=0.000000  inc=0.047651  bucket 0->0  (mf=1000)
[MF-SEL] tPrev=(  d=0.039157  dMin=0.000000  dAvg=0.033531  dMax=0.749143  Dlo=0.016766  Dhi=0.391337  err=0.000000  inc=0.047651  bucket 0->0  (mf=1000)
[MF-SEL] tPrev=(  d=0.037841  dMin=0.000000  dAvg=0.033546  dMax=0.749143  Dlo=0.016773  Dhi=0.391345  err=0.000000  inc=0.047651  bucket 0->0  (mf=1000)
[MF-SEL] tPrev=(  d=0.035282  dMin=0.000000  dAvg=0.033552  dMax=0.749143  Dlo=0.016776  Dhi=0.391348  err=0.000000  inc=0.047651  bucket 0->0  (mf=1000)
[MF-SEL] tPrev=(  d=0.035862  dMin=0.000000  dAvg=0.033560  dMax=0.749143  Dlo=0.016780  Dhi=0.391351  err=0.000000  inc=0.047651  bucket 0->0  (mf=1000)
[MF-SEL] tPrev=(  d=0.035966  dMin=0.000000  dAvg=0.033568  dMax=0.749143  Dlo=0.016784  Dhi=0.391356  err=0.000000  inc=0.047651  bucket 0->0  (mf=1000)
[MF-SEL] tPrev=(  d=0.031945  dMin=0.000000  dAvg=0.033562  dMax=0.749143  Dlo=0.016781  Dhi=0.391353  err=0.000000  inc=0.047651  bucket 0->0  (mf=1000)
[MF-SEL] tPrev=(  d=0.028866  dMin=0.000000  dAvg=0.033547  dMax=0.749143  Dlo=0.016773  Dhi=0.391345  err=0.000000  inc=0.047651  bucket 0->0  (mf=1000)
[MF-SEL] tPrev=(  d=0.027407  dMin=0.000000  dAvg=0.033526  dMax=0.749143  Dlo=0.016763  Dhi=0.391335  err=0.000000  inc=0.047651  bucket 0->0  (mf=1000)
[MF-SEL] tPrev=(  d=0.028005  dMin=0.000000  dAvg=0.033507  dMax=0.749143  Dlo=0.016754  Dhi=0.391325  err=0.000000  inc=0.047651  bucket 0->0  (mf=1000)
[MF-SEL] tPrev=(  d=0.029782  dMin=0.000000  dAvg=0.033495  dMax=0.749143  Dlo=0.016747  Dhi=0.391319  err=0.000000  inc=0.047651  bucket 0->0  (mf=1000)
[MF-SEL] tPrev=(  d=0.033885  dMin=0.000000  dAvg=0.033496  dMax=0.749143  Dlo=0.016748  Dhi=0.391320  err=0.000000  inc=0.047651  bucket 0->0  (mf=1000)
[MF-SEL] tPrev=(  d=0.037019  dMin=0.000000  dAvg=0.033508  dMax=0.749143  Dlo=0.016754  Dhi=0.391326  err=0.000000  inc=0.047651  bucket 0->0  (mf=1000)
[MF-SEL] tPrev=(  d=0.041598  dMin=0.000000  dAvg=0.033535  dMax=0.749143  Dlo=0.016767  Dhi=0.391339  err=0.000000  inc=0.047651  bucket 0->0  (mf=1000)
[MF-SEL] tPrev=(  d=0.045829  dMin=0.000000  dAvg=0.033575  dMax=0.749143  Dlo=0.016788  Dhi=0.391359  err=0.000000  inc=0.047651  bucket 0->0  (mf=1000)
[MF-SEL] tPrev=(  d=0.050018  dMin=0.000000  dAvg=0.033629  dMax=0.749143  Dlo=0.016815  Dhi=0.391386  err=0.000000  inc=0.047651  bucket 0->0  (mf=1000)
[MF-SEL] tPrev=(  d=0.049018  dMin=0.000000  dAvg=0.033680  dMax=0.749143  Dlo=0.016840  Dhi=0.391411  err=0.000000  inc=0.047651  bucket 0->0  (mf=1000)
[MF-SEL] tPrev=(  d=0.047276  dMin=0.000000  dAvg=0.033724  dMax=0.749143  Dlo=0.016862  Dhi=0.391434  err=0.000000  inc=0.047651  bucket 0->0  (mf=1000)
[MF-SEL] tPrev=(  d=0.045849  dMin=0.000000  dAvg=0.033764  dMax=0.749143  Dlo=0.016882  Dhi=0.391453  err=0.000000  inc=0.047651  bucket 0->0  (mf=1000)
[MF-SEL] tPrev=(  d=0.040081  dMin=0.000000  dAvg=0.033784  dMax=0.749143  Dlo=0.016892  Dhi=0.391464  err=0.000000  inc=0.047651  bucket 0->0  (mf=1000)
[MF-SEL] tPrev=(  d=0.035915  dMin=0.000000  dAvg=0.033791  dMax=0.749143  Dlo=0.016896  Dhi=0.391467  err=0.000000  inc=0.047651  bucket 0->0  (mf=1000)
[MF-SEL] tPrev=(  d=0.033775  dMin=0.000000  dAvg=0.033791  dMax=0.749143  Dlo=0.016896  Dhi=0.391467  err=0.000000  inc=0.047651  bucket 0->0  (mf=1000)
[MF-SEL] tPrev=(  d=0.027895  dMin=0.000000  dAvg=0.033772  dMax=0.749143  Dlo=0.016886  Dhi=0.391458  err=0.000000  inc=0.047651  bucket 0->0  (mf=1000)
[MF-SEL] tPrev=(  d=0.025261  dMin=0.000000  dAvg=0.033745  dMax=0.749143  Dlo=0.016872  Dhi=0.391444  err=0.000000  inc=0.047651  bucket 0->0  (mf=1000)
[MF-SEL] tPrev=(  d=0.024304  dMin=0.000000  dAvg=0.033715  dMax=0.749143  Dlo=0.016857  Dhi=0.391429  err=0.000000  inc=0.047651  bucket 0->0  (mf=1000)
[MF-SEL] tPrev=(  d=0.026014  dMin=0.000000  dAvg=0.033690  dMax=0.749143  Dlo=0.016845  Dhi=0.391417  err=0.000000  inc=0.047651  bucket 0->0  (mf=1000)
[MF-SEL] tPrev=(  d=0.029218  dMin=0.000000  dAvg=0.033676  dMax=0.749143  Dlo=0.016838  Dhi=0.391410  err=0.000000  inc=0.047651  bucket 0->0  (mf=1000)
[MF-SEL] tPrev=(  d=0.032339  dMin=0.000000  dAvg=0.033672  dMax=0.749143  Dlo=0.016836  Dhi=0.391407  err=0.000000  inc=0.047651  bucket 0->0  (mf=1000)
[MF-SEL] tPrev=(  d=0.043104  dMin=0.000000  dAvg=0.033702  dMax=0.749143  Dlo=0.016851  Dhi=0.391422  err=0.000000  inc=0.047651  bucket 0->0  (mf=1000)
[MF-SEL] tPrev=(  d=0.035868  dMin=0.000000  dAvg=0.033708  dMax=0.749143  Dlo=0.016854  Dhi=0.391426  err=0.000000  inc=0.047651  bucket 0->0  (mf=1000)
[MF-SEL] tPrev=(  d=0.035735  dMin=0.000000  dAvg=0.033715  dMax=0.749143  Dlo=0.016857  Dhi=0.391429  err=0.000000  inc=0.047651  bucket 0->0  (mf=1000)
[MF-SEL] tPrev=(  d=0.035781  dMin=0.000000  dAvg=0.033721  dMax=0.749143  Dlo=0.016861  Dhi=0.391432  err=0.000000  inc=0.047651  bucket 0->0  (mf=1000)
[MF-SEL] tPrev=(  d=0.039463  dMin=0.000000  dAvg=0.033739  dMax=0.749143  Dlo=0.016870  Dhi=0.391441  err=0.000000  inc=0.047651  bucket 0->0  (mf=1000)
[MF-SEL] tPrev=(  d=0.036875  dMin=0.000000  dAvg=0.033749  dMax=0.749143  Dlo=0.016874  Dhi=0.391446  err=0.000000  inc=0.047651  bucket 0->0  (mf=1000)
[MF-SEL] tPrev=(  d=0.037568  dMin=0.000000  dAvg=0.033761  dMax=0.749143  Dlo=0.016880  Dhi=0.391452  err=0.000000  inc=0.047651  bucket 0->0  (mf=1000)
[MF-SEL] tPrev=(  d=0.038442  dMin=0.000000  dAvg=0.033775  dMax=0.749143  Dlo=0.016888  Dhi=0.391459  err=0.000000  inc=0.047651  bucket 0->0  (mf=1000)
[MF-SEL] tPrev=(  d=0.038898  dMin=0.000000  dAvg=0.033791  dMax=0.749143  Dlo=0.016895  Dhi=0.391467  err=0.000000  inc=0.047651  bucket 0->0  (mf=1000)
[MF-SEL] tPrev=(  d=0.039763  dMin=0.000000  dAvg=0.033809  dMax=0.749143  Dlo=0.016905  Dhi=0.391476  err=0.000000  inc=0.047651  bucket 0->0  (mf=1000)
[MF-SEL] tPrev=(  d=0.040499  dMin=0.000000  dAvg=0.033830  dMax=0.749143  Dlo=0.016915  Dhi=0.391486  err=0.000000  inc=0.047651  bucket 0->0  (mf=1000)
[MF-SEL] tPrev=(  d=0.035937  dMin=0.000000  dAvg=0.033836  dMax=0.749143  Dlo=0.016918  Dhi=0.391490  err=0.000000  inc=0.047651  bucket 0->0  (mf=1000)
[MF-SEL] tPrev=(  d=0.042631  dMin=0.000000  dAvg=0.033863  dMax=0.749143  Dlo=0.016931  Dhi=0.391503  err=0.000000  inc=0.047651  bucket 0->0  (mf=1000)
[MF-SEL] tPrev=(  d=0.043160  dMin=0.000000  dAvg=0.033891  dMax=0.749143  Dlo=0.016945  Dhi=0.391517  err=0.000000  inc=0.047651  bucket 0->0  (mf=1000)
[MF-SEL] tPrev=(  d=0.040646  dMin=0.000000  dAvg=0.033911  dMax=0.749143  Dlo=0.016956  Dhi=0.391527  err=0.000000  inc=0.047651  bucket 0->0  (mf=1000)
[MF-SEL] tPrev=(  d=0.043937  dMin=0.000000  dAvg=0.033942  dMax=0.749143  Dlo=0.016971  Dhi=0.391542  err=0.000000  inc=0.047651  bucket 0->0  (mf=1000)
[MF-SEL] tPrev=(  d=0.044766  dMin=0.000000  dAvg=0.033974  dMax=0.749143  Dlo=0.016987  Dhi=0.391559  err=0.000000  inc=0.047651  bucket 0->0  (mf=1000)
[MF-SEL] tPrev=(  d=0.043490  dMin=0.000000  dAvg=0.034003  dMax=0.749143  Dlo=0.017001  Dhi=0.391573  err=0.000000  inc=0.047651  bucket 0->0  (mf=1000)
[MF-SEL] tPrev=(  d=0.047865  dMin=0.000000  dAvg=0.034044  dMax=0.749143  Dlo=0.017022  Dhi=0.391594  err=0.000000  inc=0.047651  bucket 0->0  (mf=1000)
[MF-SEL] tPrev=(  d=0.048814  dMin=0.000000  dAvg=0.034088  dMax=0.749143  Dlo=0.017044  Dhi=0.391616  err=0.000000  inc=0.047651  bucket 0->0  (mf=1000)
[MF-SEL] tPrev=(  d=0.049937  dMin=0.000000  dAvg=0.034135  dMax=0.749143  Dlo=0.017067  Dhi=0.391639  err=0.000000  inc=0.047651  bucket 0->0  (mf=1000)
[MF-SEL] tPrev=(  d=0.053210  dMin=0.000000  dAvg=0.034191  dMax=0.749143  Dlo=0.017096  Dhi=0.391667  err=0.000000  inc=0.047651  bucket 0->0  (mf=1000)
[MF-SEL] tPrev=(  d=0.054574  dMin=0.000000  dAvg=0.034251  dMax=0.749143  Dlo=0.017126  Dhi=0.391697  err=0.000000  inc=0.047651  bucket 0->0  (mf=1000)
[MF-SEL] tPrev=(  d=0.050556  dMin=0.000000  dAvg=0.034299  dMax=0.749143  Dlo=0.017150  Dhi=0.391721  err=0.000000  inc=0.047651  bucket 0->0  (mf=1000)
[MF-SEL] tPrev=(  d=0.055732  dMin=0.000000  dAvg=0.034362  dMax=0.749143  Dlo=0.017181  Dhi=0.391753  err=0.000000  inc=0.047651  bucket 0->0  (mf=1000)
[MF-SEL] tPrev=(  d=0.056594  dMin=0.000000  dAvg=0.034427  dMax=0.749143  Dlo=0.017214  Dhi=0.391785  err=0.000000  inc=0.047651  bucket 0->0  (mf=1000)
[MF-SEL] tPrev=(  d=0.052339  dMin=0.000000  dAvg=0.034480  dMax=0.749143  Dlo=0.017240  Dhi=0.391811  err=0.000000  inc=0.047651  bucket 0->0  (mf=1000)
[MF-SEL] tPrev=(  d=0.057976  dMin=0.000000  dAvg=0.034548  dMax=0.749143  Dlo=0.017274  Dhi=0.391845  err=0.000000  inc=0.047651  bucket 0->0  (mf=1000)
[MF-SEL] tPrev=(  d=0.058127  dMin=0.000000  dAvg=0.034616  dMax=0.749143  Dlo=0.017308  Dhi=0.391880  err=0.000000  inc=0.047651  bucket 0->0  (mf=1000)
[MF-SEL] tPrev=(  d=0.053552  dMin=0.000000  dAvg=0.034671  dMax=0.749143  Dlo=0.017335  Dhi=0.391907  err=0.000000  inc=0.047651  bucket 0->0  (mf=1000)
[MF-SEL] tPrev=(  d=0.058445  dMin=0.000000  dAvg=0.034739  dMax=0.749143  Dlo=0.017370  Dhi=0.391941  err=0.000000  inc=0.047651  bucket 0->0  (mf=1000)
[MF-SEL] tPrev=(  d=0.057987  dMin=0.000000  dAvg=0.034806  dMax=0.749143  Dlo=0.017403  Dhi=0.391975  err=0.000000  inc=0.047651  bucket 0->0  (mf=1000)
[MF-SEL] tPrev=(  d=0.055318  dMin=0.000000  dAvg=0.034865  dMax=0.749143  Dlo=0.017432  Dhi=0.392004  err=0.000000  inc=0.047651  bucket 0->0  (mf=1000)
[MF-SEL] tPrev=(  d=0.056731  dMin=0.000000  dAvg=0.034927  dMax=0.749143  Dlo=0.017464  Dhi=0.392035  err=0.000000  inc=0.047651  bucket 0->0  (mf=1000)
[MF-SEL] tPrev=(  d=0.056111  dMin=0.000000  dAvg=0.034988  dMax=0.749143  Dlo=0.017494  Dhi=0.392065  err=0.000000  inc=0.047651  bucket 0->0  (mf=1000)
[MF-SEL] tPrev=(  d=0.050335  dMin=0.000000  dAvg=0.035031  dMax=0.749143  Dlo=0.017516  Dhi=0.392087  err=0.000000  inc=0.047651  bucket 0->0  (mf=1000)
[MF-SEL] tPrev=(  d=0.054697  dMin=0.000000  dAvg=0.035087  dMax=0.749143  Dlo=0.017544  Dhi=0.392115  err=0.000000  inc=0.047651  bucket 0->0  (mf=1000)
[MF-SEL] tPrev=(  d=0.053184  dMin=0.000000  dAvg=0.035138  dMax=0.749143  Dlo=0.017569  Dhi=0.392141  err=0.000000  inc=0.047651  bucket 0->0  (mf=1000)
[MF-SEL] tPrev=(  d=0.048102  dMin=0.000000  dAvg=0.035175  dMax=0.749143  Dlo=0.017587  Dhi=0.392159  err=0.000000  inc=0.047651  bucket 0->0  (mf=1000)
[MF-SEL] tPrev=(  d=0.049369  dMin=0.000000  dAvg=0.035215  dMax=0.749143  Dlo=0.017607  Dhi=0.392179  err=0.000000  inc=0.047651  bucket 0->0  (mf=1000)
[MF-SEL] tPrev=(  d=0.046862  dMin=0.000000  dAvg=0.035247  dMax=0.749143  Dlo=0.017624  Dhi=0.392195  err=0.000000  inc=0.047651  bucket 0->0  (mf=1000)
[MF-SEL] tPrev=(  d=0.034930  dMin=0.000000  dAvg=0.035246  dMax=0.749143  Dlo=0.017623  Dhi=0.392195  err=0.000000  inc=0.047651  bucket 0->0  (mf=1000)
[MF-SEL] tPrev=(  d=0.040841  dMin=0.000000  dAvg=0.035262  dMax=0.749143  Dlo=0.017631  Dhi=0.392203  err=0.000000  inc=0.047651  bucket 0->0  (mf=1000)
[MF-SEL] tPrev=(  d=0.038099  dMin=0.000000  dAvg=0.035270  dMax=0.749143  Dlo=0.017635  Dhi=0.392206  err=0.000000  inc=0.047651  bucket 0->0  (mf=1000)
[MF-SEL] tPrev=(  d=0.034520  dMin=0.000000  dAvg=0.035268  dMax=0.749143  Dlo=0.017634  Dhi=0.392205  err=0.000000  inc=0.047651  bucket 0->0  (mf=1000)
[MF-SEL] tPrev=(  d=0.032886  dMin=0.000000  dAvg=0.035261  dMax=0.749143  Dlo=0.017631  Dhi=0.392202  err=0.000000  inc=0.047651  bucket 0->0  (mf=1000)
[MF-SEL] tPrev=(  d=0.030852  dMin=0.000000  dAvg=0.035249  dMax=0.749143  Dlo=0.017625  Dhi=0.392196  err=0.000000  inc=0.047651  bucket 0->0  (mf=1000)
[MF-SEL] tPrev=(  d=0.036605  dMin=0.000000  dAvg=0.035253  dMax=0.749143  Dlo=0.017626  Dhi=0.392198  err=0.000000  inc=0.047651  bucket 0->0  (mf=1000)
[MF-SEL] tPrev=(  d=0.028740  dMin=0.000000  dAvg=0.035235  dMax=0.749143  Dlo=0.017617  Dhi=0.392189  err=0.000000  inc=0.047651  bucket 0->0  (mf=1000)
[MF-SEL] tPrev=(  d=0.027621  dMin=0.000000  dAvg=0.035214  dMax=0.749143  Dlo=0.017607  Dhi=0.392179  err=0.000000  inc=0.047651  bucket 0->0  (mf=1000)
[MF-SEL] tPrev=(  d=0.022329  dMin=0.000000  dAvg=0.035179  dMax=0.749143  Dlo=0.017589  Dhi=0.392161  err=0.000000  inc=0.047651  bucket 0->0  (mf=1000)
[MF-SEL] tPrev=(  d=0.026041  dMin=0.000000  dAvg=0.035154  dMax=0.749143  Dlo=0.017577  Dhi=0.392149  err=0.000000  inc=0.047651  bucket 0->0  (mf=1000)
[MF-SEL] tPrev=(  d=0.026664  dMin=0.000000  dAvg=0.035131  dMax=0.749143  Dlo=0.017566  Dhi=0.392137  err=0.000000  inc=0.047651  bucket 0->0  (mf=1000)
[MF-SEL] tPrev=(  d=0.029372  dMin=0.000000  dAvg=0.035116  dMax=0.749143  Dlo=0.017558  Dhi=0.392129  err=0.000000  inc=0.047651  bucket 0->0  (mf=1000)
[MF-SEL] tPrev=(  d=0.033647  dMin=0.000000  dAvg=0.035112  dMax=0.749143  Dlo=0.017556  Dhi=0.392127  err=0.000000  inc=0.047651  bucket 0->0  (mf=1000)
[MF-SEL] tPrev=(  d=0.036034  dMin=0.000000  dAvg=0.035114  dMax=0.749143  Dlo=0.017557  Dhi=0.392129  err=0.000000  inc=0.047651  bucket 0->0  (mf=1000)
[MF-SEL] tPrev=(  d=0.040410  dMin=0.000000  dAvg=0.035128  dMax=0.749143  Dlo=0.017564  Dhi=0.392136  err=0.000000  inc=0.047651  bucket 0->0  (mf=1000)
[MF-SEL] tPrev=(  d=0.035517  dMin=0.000000  dAvg=0.035129  dMax=0.749143  Dlo=0.017565  Dhi=0.392136  err=0.000000  inc=0.047651  bucket 0->0  (mf=1000)
[MF-SEL] tPrev=(  d=0.034878  dMin=0.000000  dAvg=0.035129  dMax=0.749143  Dlo=0.017564  Dhi=0.392136  err=0.000000  inc=0.047651  bucket 0->0  (mf=1000)
[MF-SEL] tPrev=(  d=0.028265  dMin=0.000000  dAvg=0.035110  dMax=0.749143  Dlo=0.017555  Dhi=0.392127  err=0.000000  inc=0.047651  bucket 0->0  (mf=1000)
[MF-SEL] tPrev=(  d=0.035067  dMin=0.000000  dAvg=0.035110  dMax=0.749143  Dlo=0.017555  Dhi=0.392127  err=0.000000  inc=0.047651  bucket 0->0  (mf=1000)
[MF-SEL] tPrev=(  d=0.036155  dMin=0.000000  dAvg=0.035113  dMax=0.749143  Dlo=0.017557  Dhi=0.392128  err=0.000000  inc=0.047651  bucket 0->0  (mf=1000)
start VIBA 2
[MF-SEL] tPrev=(  d=0.033327  dMin=0.000000  dAvg=0.035108  dMax=0.749143  Dlo=0.017554  Dhi=0.392126  err=0.000000  inc=0.047651  bucket 0->0  (mf=1000)
[MF-SEL] tPrev=(  d=0.039351  dMin=0.000000  dAvg=0.035120  dMax=0.749143  Dlo=0.017560  Dhi=0.392131  err=0.000000  inc=0.047651  bucket 0->0  (mf=1000)
[MF-SEL] tPrev=(  d=0.041503  dMin=0.000000  dAvg=0.035136  dMax=0.749143  Dlo=0.017568  Dhi=0.392140  err=0.000000  inc=0.047651  bucket 0->0  (mf=1000)
[MF-SEL] tPrev=(  d=0.042607  dMin=0.000000  dAvg=0.035156  dMax=0.749143  Dlo=0.017578  Dhi=0.392149  err=0.000000  inc=0.047651  bucket 0->0  (mf=1000)
end VIBA 2
[MF-SEL] tPrev=(  d=3.724814  dMin=0.000000  dAvg=0.044789  dMax=3.724814  Dlo=0.022395  Dhi=1.884802  err=1.000000  inc=0.991188  bucket 0->1  (mf=900)
[MF-SEL] tPrev=(  d=0.042223  dMin=0.000000  dAvg=0.044783  dMax=3.724814  Dlo=0.022391  Dhi=1.884798  err=0.000000  inc=-0.283147  bucket 1->1  (mf=900)
[MF-SEL] tPrev=(  d=0.042308  dMin=0.000000  dAvg=0.044776  dMax=3.724814  Dlo=0.022388  Dhi=1.884795  err=0.000000  inc=0.049996  bucket 1->1  (mf=900)
[MF-SEL] tPrev=(  d=0.041137  dMin=0.000000  dAvg=0.044767  dMax=3.724814  Dlo=0.022383  Dhi=1.884790  err=0.000000  inc=0.049996  bucket 1->1  (mf=900)
[MF-SEL] tPrev=(  d=0.042320  dMin=0.000000  dAvg=0.044761  dMax=3.724814  Dlo=0.022380  Dhi=1.884787  err=0.000000  inc=0.049996  bucket 1->1  (mf=900)
[MF-SEL] tPrev=(  d=0.041430  dMin=0.000000  dAvg=0.044752  dMax=3.724814  Dlo=0.022376  Dhi=1.884783  err=0.000000  inc=0.049996  bucket 1->1  (mf=900)
[MF-SEL] tPrev=(  d=0.040380  dMin=0.000000  dAvg=0.044741  dMax=3.724814  Dlo=0.022370  Dhi=1.884777  err=0.000000  inc=0.049996  bucket 1->1  (mf=900)
[MF-SEL] tPrev=(  d=0.039248  dMin=0.000000  dAvg=0.044727  dMax=3.724814  Dlo=0.022363  Dhi=1.884770  err=0.000000  inc=0.049996  bucket 1->1  (mf=900)
[MF-SEL] tPrev=(  d=0.037739  dMin=0.000000  dAvg=0.044709  dMax=3.724814  Dlo=0.022354  Dhi=1.884761  err=0.000000  inc=0.049996  bucket 1->1  (mf=900)
[MF-SEL] tPrev=(  d=0.036522  dMin=0.000000  dAvg=0.044688  dMax=3.724814  Dlo=0.022344  Dhi=1.884751  err=0.000000  inc=0.049996  bucket 1->1  (mf=900)
[MF-SEL] tPrev=(  d=0.035088  dMin=0.000000  dAvg=0.044663  dMax=3.724814  Dlo=0.022332  Dhi=1.884739  err=0.000000  inc=0.049996  bucket 1->1  (mf=900)
[MF-SEL] tPrev=(  d=0.033556  dMin=0.000000  dAvg=0.044635  dMax=3.724814  Dlo=0.022318  Dhi=1.884725  err=0.000000  inc=0.049996  bucket 1->1  (mf=900)
[MF-SEL] tPrev=(  d=0.031728  dMin=0.000000  dAvg=0.044603  dMax=3.724814  Dlo=0.022301  Dhi=1.884708  err=0.000000  inc=0.049996  bucket 1->1  (mf=900)
[MF-SEL] tPrev=(  d=0.029479  dMin=0.000000  dAvg=0.044564  dMax=3.724814  Dlo=0.022282  Dhi=1.884689  err=0.000000  inc=0.049996  bucket 1->1  (mf=900)
[MF-SEL] tPrev=(  d=0.027412  dMin=0.000000  dAvg=0.044521  dMax=3.724814  Dlo=0.022261  Dhi=1.884668  err=0.000000  inc=0.049996  bucket 1->1  (mf=900)
[MF-SEL] tPrev=(  d=0.027507  dMin=0.000000  dAvg=0.044478  dMax=3.724814  Dlo=0.022239  Dhi=1.884646  err=0.000000  inc=0.049996  bucket 1->1  (mf=900)
[MF-SEL] tPrev=(  d=0.023961  dMin=0.000000  dAvg=0.044427  dMax=3.724814  Dlo=0.022214  Dhi=1.884620  err=0.000000  inc=0.049996  bucket 1->1  (mf=900)
[MF-SEL] tPrev=(  d=0.022605  dMin=0.000000  dAvg=0.044372  dMax=3.724814  Dlo=0.022186  Dhi=1.884593  err=0.000000  inc=0.049996  bucket 1->1  (mf=900)
[MF-SEL] tPrev=(  d=0.022642  dMin=0.000000  dAvg=0.044318  dMax=3.724814  Dlo=0.022159  Dhi=1.884566  err=0.000000  inc=0.049996  bucket 1->1  (mf=900)
[MF-SEL] tPrev=(  d=0.024104  dMin=0.000000  dAvg=0.044268  dMax=3.724814  Dlo=0.022134  Dhi=1.884541  err=0.000000  inc=0.049996  bucket 1->1  (mf=900)
[MF-SEL] tPrev=(  d=0.025881  dMin=0.000000  dAvg=0.044222  dMax=3.724814  Dlo=0.022111  Dhi=1.884518  err=0.000000  inc=0.049996  bucket 1->1  (mf=900)
[MF-SEL] tPrev=(  d=0.027767  dMin=0.000000  dAvg=0.044182  dMax=3.724814  Dlo=0.022091  Dhi=1.884498  err=0.000000  inc=0.049996  bucket 1->1  (mf=900)
[MF-SEL] tPrev=(  d=0.029273  dMin=0.000000  dAvg=0.044145  dMax=3.724814  Dlo=0.022072  Dhi=1.884479  err=0.000000  inc=0.049996  bucket 1->1  (mf=900)
[MF-SEL] tPrev=(  d=0.030647  dMin=0.000000  dAvg=0.044112  dMax=3.724814  Dlo=0.022056  Dhi=1.884463  err=0.000000  inc=0.049996  bucket 1->1  (mf=900)
[MF-SEL] tPrev=(  d=0.031840  dMin=0.000000  dAvg=0.044081  dMax=3.724814  Dlo=0.022041  Dhi=1.884448  err=0.000000  inc=0.049996  bucket 1->1  (mf=900)
[MF-SEL] tPrev=(  d=0.032704  dMin=0.000000  dAvg=0.044054  dMax=3.724814  Dlo=0.022027  Dhi=1.884434  err=0.000000  inc=0.049996  bucket 1->1  (mf=900)
[MF-SEL] tPrev=(  d=0.032618  dMin=0.000000  dAvg=0.044026  dMax=3.724814  Dlo=0.022013  Dhi=1.884420  err=0.000000  inc=0.049996  bucket 1->1  (mf=900)
[MF-SEL] tPrev=(  d=0.031805  dMin=0.000000  dAvg=0.043996  dMax=3.724814  Dlo=0.021998  Dhi=1.884405  err=0.000000  inc=0.049996  bucket 1->1  (mf=900)
[MF-SEL] tPrev=(  d=0.032203  dMin=0.000000  dAvg=0.043967  dMax=3.724814  Dlo=0.021984  Dhi=1.884391  err=0.000000  inc=0.049996  bucket 1->1  (mf=900)
[MF-SEL] tPrev=(  d=0.033142  dMin=0.000000  dAvg=0.043941  dMax=3.724814  Dlo=0.021970  Dhi=1.884377  err=0.000000  inc=0.049996  bucket 1->1  (mf=900)
[MF-SEL] tPrev=(  d=0.033985  dMin=0.000000  dAvg=0.043917  dMax=3.724814  Dlo=0.021958  Dhi=1.884365  err=0.000000  inc=0.049996  bucket 1->1  (mf=900)
[MF-SEL] tPrev=(  d=0.034155  dMin=0.000000  dAvg=0.043893  dMax=3.724814  Dlo=0.021947  Dhi=1.884354  err=0.000000  inc=0.049996  bucket 1->1  (mf=900)
[MF-SEL] tPrev=(  d=0.033671  dMin=0.000000  dAvg=0.043868  dMax=3.724814  Dlo=0.021934  Dhi=1.884341  err=0.000000  inc=0.049996  bucket 1->1  (mf=900)
[MF-SEL] tPrev=(  d=0.045008  dMin=0.000000  dAvg=0.043871  dMax=3.724814  Dlo=0.021936  Dhi=1.884343  err=0.000000  inc=0.049996  bucket 1->1  (mf=900)
[MF-SEL] tPrev=(  d=0.029931  dMin=0.000000  dAvg=0.043838  dMax=3.724814  Dlo=0.021919  Dhi=1.884326  err=0.000000  inc=0.049996  bucket 1->1  (mf=900)
[MF-SEL] tPrev=(  d=0.028265  dMin=0.000000  dAvg=0.043801  dMax=3.724814  Dlo=0.021900  Dhi=1.884307  err=0.000000  inc=0.049996  bucket 1->1  (mf=900)
[MF-SEL] tPrev=(  d=0.026879  dMin=0.000000  dAvg=0.043760  dMax=3.724814  Dlo=0.021880  Dhi=1.884287  err=0.000000  inc=0.049996  bucket 1->1  (mf=900)
[MF-SEL] tPrev=(  d=0.025915  dMin=0.000000  dAvg=0.043718  dMax=3.724814  Dlo=0.021859  Dhi=1.884266  err=0.000000  inc=0.049996  bucket 1->1  (mf=900)
[MF-SEL] tPrev=(  d=0.025010  dMin=0.000000  dAvg=0.043673  dMax=3.724814  Dlo=0.021837  Dhi=1.884244  err=0.000000  inc=0.049996  bucket 1->1  (mf=900)
[MF-SEL] tPrev=(  d=0.025105  dMin=0.000000  dAvg=0.043629  dMax=3.724814  Dlo=0.021815  Dhi=1.884222  err=0.000000  inc=0.049996  bucket 1->1  (mf=900)
[MF-SEL] tPrev=(  d=0.024970  dMin=0.000000  dAvg=0.043585  dMax=3.724814  Dlo=0.021793  Dhi=1.884200  err=0.000000  inc=0.049996  bucket 1->1  (mf=900)
[MF-SEL] tPrev=(  d=0.024080  dMin=0.000000  dAvg=0.043539  dMax=3.724814  Dlo=0.021770  Dhi=1.884177  err=0.000000  inc=0.049996  bucket 1->1  (mf=900)
[MF-SEL] tPrev=(  d=0.023793  dMin=0.000000  dAvg=0.043493  dMax=3.724814  Dlo=0.021746  Dhi=1.884153  err=0.000000  inc=0.049996  bucket 1->1  (mf=900)
[MF-SEL] tPrev=(  d=0.035198  dMin=0.000000  dAvg=0.043473  dMax=3.724814  Dlo=0.021737  Dhi=1.884144  err=0.000000  inc=0.049996  bucket 1->1  (mf=900)
[MF-SEL] tPrev=(  d=0.022892  dMin=0.000000  dAvg=0.043425  dMax=3.724814  Dlo=0.021712  Dhi=1.884119  err=0.000000  inc=0.049996  bucket 1->1  (mf=900)
[MF-SEL] tPrev=(  d=0.020561  dMin=0.000000  dAvg=0.043372  dMax=3.724814  Dlo=0.021686  Dhi=1.884093  err=-1.000000  inc=-0.883992  bucket 1->0  (mf=1000)
[MF-SEL] tPrev=(  d=0.017580  dMin=0.000000  dAvg=0.043311  dMax=3.724814  Dlo=0.021656  Dhi=1.884063  err=-1.000000  inc=-0.554626  bucket 0->0  (mf=1000)
[MF-SEL] tPrev=(  d=0.012767  dMin=0.000000  dAvg=0.043240  dMax=3.724814  Dlo=0.021620  Dhi=1.884027  err=-1.000000  inc=-0.557124  bucket 0->0  (mf=1000)
[MF-SEL] tPrev=(  d=0.009048  dMin=0.000000  dAvg=0.043161  dMax=3.724814  Dlo=0.021581  Dhi=1.883988  err=-1.000000  inc=-0.559427  bucket 0->0  (mf=1000)
[MF-SEL] tPrev=(  d=0.007436  dMin=0.000000  dAvg=0.043078  dMax=3.724814  Dlo=0.021539  Dhi=1.883946  err=-1.000000  inc=-0.561772  bucket 0->0  (mf=1000)
[MF-SEL] tPrev=(  d=0.008847  dMin=0.000000  dAvg=0.042999  dMax=3.724814  Dlo=0.021500  Dhi=1.883907  err=-1.000000  inc=-0.564092  bucket 0->0  (mf=1000)
[MF-SEL] tPrev=(  d=0.008960  dMin=0.000000  dAvg=0.042921  dMax=3.724814  Dlo=0.021460  Dhi=1.883867  err=-1.000000  inc=-0.566363  bucket 0->0  (mf=1000)
[MF-SEL] tPrev=(  d=0.008582  dMin=0.000000  dAvg=0.042842  dMax=3.724814  Dlo=0.021421  Dhi=1.883828  err=-1.000000  inc=-0.568387  bucket 0->0  (mf=1000)
[MF-SEL] tPrev=(  d=0.009466  dMin=0.000000  dAvg=0.042765  dMax=3.724814  Dlo=0.021383  Dhi=1.883790  err=-1.000000  inc=-0.570717  bucket 0->0  (mf=1000)
[MF-SEL] tPrev=(  d=0.022476  dMin=0.000000  dAvg=0.042719  dMax=3.724814  Dlo=0.021359  Dhi=1.883766  err=0.000000  inc=0.349089  bucket 0->0  (mf=1000)
[MF-SEL] tPrev=(  d=0.016095  dMin=0.000000  dAvg=0.042658  dMax=3.724814  Dlo=0.021329  Dhi=1.883736  err=-1.000000  inc=-0.904573  bucket 0->0  (mf=1000)
[MF-SEL] tPrev=(  d=0.020620  dMin=0.000000  dAvg=0.042608  dMax=3.724814  Dlo=0.021304  Dhi=1.883711  err=-1.000000  inc=-0.575285  bucket 0->0  (mf=1000)
[MF-SEL] tPrev=(  d=0.025881  dMin=0.000000  dAvg=0.042570  dMax=3.724814  Dlo=0.021285  Dhi=1.883692  err=0.000000  inc=0.343713  bucket 0->0  (mf=1000)
[MF-SEL] tPrev=(  d=0.029428  dMin=0.000000  dAvg=0.042540  dMax=3.724814  Dlo=0.021270  Dhi=1.883677  err=0.000000  inc=0.024715  bucket 0->0  (mf=1000)
[MF-SEL] tPrev=(  d=0.028880  dMin=0.000000  dAvg=0.042509  dMax=3.724814  Dlo=0.021255  Dhi=1.883662  err=0.000000  inc=0.024715  bucket 0->0  (mf=1000)
[MF-SEL] tPrev=(  d=0.027811  dMin=0.000000  dAvg=0.042476  dMax=3.724814  Dlo=0.021238  Dhi=1.883645  err=0.000000  inc=0.024715  bucket 0->0  (mf=1000)
[MF-SEL] tPrev=(  d=0.026497  dMin=0.000000  dAvg=0.042440  dMax=3.724814  Dlo=0.021220  Dhi=1.883627  err=0.000000  inc=0.024715  bucket 0->0  (mf=1000)
[MF-SEL] tPrev=(  d=0.023308  dMin=0.000000  dAvg=0.042397  dMax=3.724814  Dlo=0.021199  Dhi=1.883606  err=0.000000  inc=0.024715  bucket 0->0  (mf=1000)
[MF-SEL] tPrev=(  d=0.020239  dMin=0.000000  dAvg=0.042347  dMax=3.724814  Dlo=0.021174  Dhi=1.883581  err=-1.000000  inc=-0.960670  bucket 0->0  (mf=1000)
[MF-SEL] tPrev=(  d=0.033518  dMin=0.000000  dAvg=0.042328  dMax=3.724814  Dlo=0.021164  Dhi=1.883571  err=0.000000  inc=0.377099  bucket 0->0  (mf=1000)
[MF-SEL] tPrev=(  d=0.017739  dMin=0.000000  dAvg=0.042273  dMax=3.724814  Dlo=0.021136  Dhi=1.883543  err=-1.000000  inc=-0.907229  bucket 0->0  (mf=1000)
[MF-SEL] tPrev=(  d=0.018993  dMin=0.000000  dAvg=0.042221  dMax=3.724814  Dlo=0.021110  Dhi=1.883517  err=-1.000000  inc=-0.582114  bucket 0->0  (mf=1000)
[MF-SEL] tPrev=(  d=0.019912  dMin=0.000000  dAvg=0.042171  dMax=3.724814  Dlo=0.021086  Dhi=1.883493  err=-1.000000  inc=-0.584471  bucket 0->0  (mf=1000)
[MF-SEL] tPrev=(  d=0.020559  dMin=0.000000  dAvg=0.042123  dMax=3.724814  Dlo=0.021062  Dhi=1.883469  err=-1.000000  inc=-0.586725  bucket 0->0  (mf=1000)
[MF-SEL] tPrev=(  d=0.021897  dMin=0.000000  dAvg=0.042079  dMax=3.724814  Dlo=0.021039  Dhi=1.883446  err=0.000000  inc=0.363844  bucket 0->0  (mf=1000)
[MF-SEL] tPrev=(  d=0.019766  dMin=0.000000  dAvg=0.042029  dMax=3.724814  Dlo=0.021015  Dhi=1.883422  err=-1.000000  inc=-0.926335  bucket 0->0  (mf=1000)
[MF-SEL] tPrev=(  d=0.021660  dMin=0.000000  dAvg=0.041985  dMax=3.724814  Dlo=0.020992  Dhi=1.883399  err=0.000000  inc=0.348081  bucket 0->0  (mf=1000)
[MF-SEL] tPrev=(  d=0.021368  dMin=0.000000  dAvg=0.041939  dMax=3.724814  Dlo=0.020970  Dhi=1.883377  err=0.000000  inc=0.010903  bucket 0->0  (mf=1000)
[MF-SEL] tPrev=(  d=0.016032  dMin=0.000000  dAvg=0.041882  dMax=3.724814  Dlo=0.020941  Dhi=1.883348  err=-1.000000  inc=-0.967479  bucket 0->0  (mf=1000)
[MF-SEL] tPrev=(  d=0.019335  dMin=0.000000  dAvg=0.041833  dMax=3.724814  Dlo=0.020917  Dhi=1.883324  err=-1.000000  inc=-0.593871  bucket 0->0  (mf=1000)
[MF-SEL] tPrev=(  d=0.017593  dMin=0.000000  dAvg=0.041780  dMax=3.724814  Dlo=0.020890  Dhi=1.883297  err=-1.000000  inc=-0.596195  bucket 0->0  (mf=1000)
[MF-SEL] tPrev=(  d=0.019381  dMin=0.000000  dAvg=0.041731  dMax=3.724814  Dlo=0.020866  Dhi=1.883273  err=-1.000000  inc=-0.598323  bucket 0->0  (mf=1000)
[MF-SEL] tPrev=(  d=0.020391  dMin=0.000000  dAvg=0.041685  dMax=3.724814  Dlo=0.020842  Dhi=1.883249  err=-1.000000  inc=-0.600672  bucket 0->0  (mf=1000)
[MF-SEL] tPrev=(  d=0.023086  dMin=0.000000  dAvg=0.041645  dMax=3.724814  Dlo=0.020822  Dhi=1.883229  err=0.000000  inc=0.342246  bucket 0->0  (mf=1000)
[MF-SEL] tPrev=(  d=0.025582  dMin=0.000000  dAvg=0.041610  dMax=3.724814  Dlo=0.020805  Dhi=1.883212  err=0.000000  inc=-0.000672  bucket 0->0  (mf=1000)
[MF-SEL] tPrev=(  d=0.027213  dMin=0.000000  dAvg=0.041579  dMax=3.724814  Dlo=0.020789  Dhi=1.883196  err=0.000000  inc=-0.000672  bucket 0->0  (mf=1000)
[MF-SEL] tPrev=(  d=0.028086  dMin=0.000000  dAvg=0.041550  dMax=3.724814  Dlo=0.020775  Dhi=1.883182  err=0.000000  inc=-0.000672  bucket 0->0  (mf=1000)
[MF-SEL] tPrev=(  d=0.028368  dMin=0.000000  dAvg=0.041521  dMax=3.724814  Dlo=0.020761  Dhi=1.883168  err=0.000000  inc=-0.000672  bucket 0->0  (mf=1000)
[MF-SEL] tPrev=(  d=0.027741  dMin=0.000000  dAvg=0.041492  dMax=3.724814  Dlo=0.020746  Dhi=1.883153  err=0.000000  inc=-0.000672  bucket 0->0  (mf=1000)
[MF-SEL] tPrev=(  d=0.025047  dMin=0.000000  dAvg=0.041457  dMax=3.724814  Dlo=0.020728  Dhi=1.883135  err=0.000000  inc=-0.000672  bucket 0->0  (mf=1000)
[MF-SEL] tPrev=(  d=0.026524  dMin=0.000000  dAvg=0.041425  dMax=3.724814  Dlo=0.020712  Dhi=1.883119  err=0.000000  inc=-0.000672  bucket 0->0  (mf=1000)
[MF-SEL] tPrev=(  d=0.026452  dMin=0.000000  dAvg=0.041393  dMax=3.724814  Dlo=0.020696  Dhi=1.883103  err=0.000000  inc=-0.000672  bucket 0->0  (mf=1000)
[MF-SEL] tPrev=(  d=0.026948  dMin=0.000000  dAvg=0.041362  dMax=3.724814  Dlo=0.020681  Dhi=1.883088  err=0.000000  inc=-0.000672  bucket 0->0  (mf=1000)
[MF-SEL] tPrev=(  d=0.027681  dMin=0.000000  dAvg=0.041333  dMax=3.724814  Dlo=0.020666  Dhi=1.883073  err=0.000000  inc=-0.000672  bucket 0->0  (mf=1000)
[MF-SEL] tPrev=(  d=0.029318  dMin=0.000000  dAvg=0.041308  dMax=3.724814  Dlo=0.020654  Dhi=1.883061  err=0.000000  inc=-0.000672  bucket 0->0  (mf=1000)
[MF-SEL] tPrev=(  d=0.030995  dMin=0.000000  dAvg=0.041286  dMax=3.724814  Dlo=0.020643  Dhi=1.883050  err=0.000000  inc=-0.000672  bucket 0->0  (mf=1000)
[MF-SEL] tPrev=(  d=0.031879  dMin=0.000000  dAvg=0.041266  dMax=3.724814  Dlo=0.020633  Dhi=1.883040  err=0.000000  inc=-0.000672  bucket 0->0  (mf=1000)
[MF-SEL] tPrev=(  d=0.032181  dMin=0.000000  dAvg=0.041247  dMax=3.724814  Dlo=0.020623  Dhi=1.883030  err=0.000000  inc=-0.000672  bucket 0->0  (mf=1000)
[MF-SEL] tPrev=(  d=0.032441  dMin=0.000000  dAvg=0.041228  dMax=3.724814  Dlo=0.020614  Dhi=1.883021  err=0.000000  inc=-0.000672  bucket 0->0  (mf=1000)
[MF-SEL] tPrev=(  d=0.037430  dMin=0.000000  dAvg=0.041220  dMax=3.724814  Dlo=0.020610  Dhi=1.883017  err=0.000000  inc=-0.000672  bucket 0->0  (mf=1000)
[MF-SEL] tPrev=(  d=0.031007  dMin=0.000000  dAvg=0.041199  dMax=3.724814  Dlo=0.020599  Dhi=1.883006  err=0.000000  inc=-0.000672  bucket 0->0  (mf=1000)
[MF-SEL] tPrev=(  d=0.030713  dMin=0.000000  dAvg=0.041177  dMax=3.724814  Dlo=0.020589  Dhi=1.882995  err=0.000000  inc=-0.000672  bucket 0->0  (mf=1000)
[MF-SEL] tPrev=(  d=0.036716  dMin=0.000000  dAvg=0.041168  dMax=3.724814  Dlo=0.020584  Dhi=1.882991  err=0.000000  inc=-0.000672  bucket 0->0  (mf=1000)
[MF-SEL] tPrev=(  d=0.030526  dMin=0.000000  dAvg=0.041146  dMax=3.724814  Dlo=0.020573  Dhi=1.882980  err=0.000000  inc=-0.000672  bucket 0->0  (mf=1000)
[MF-SEL] tPrev=(  d=0.028591  dMin=0.000000  dAvg=0.041120  dMax=3.724814  Dlo=0.020560  Dhi=1.882967  err=0.000000  inc=-0.000672  bucket 0->0  (mf=1000)
[MF-SEL] tPrev=(  d=0.024732  dMin=0.000000  dAvg=0.041086  dMax=3.724814  Dlo=0.020543  Dhi=1.882950  err=0.000000  inc=-0.000672  bucket 0->0  (mf=1000)
[MF-SEL] tPrev=(  d=0.020761  dMin=0.000000  dAvg=0.041044  dMax=3.724814  Dlo=0.020522  Dhi=1.882929  err=0.000000  inc=-0.000672  bucket 0->0  (mf=1000)
[MF-SEL] tPrev=(  d=0.017271  dMin=0.000000  dAvg=0.040995  dMax=3.724814  Dlo=0.020497  Dhi=1.882904  err=-1.000000  inc=-0.970242  bucket 0->0  (mf=1000)
[MF-SEL] tPrev=(  d=0.016145  dMin=0.000000  dAvg=0.040943  dMax=3.724814  Dlo=0.020472  Dhi=1.882879  err=-1.000000  inc=-0.605098  bucket 0->0  (mf=1000)
[MF-SEL] tPrev=(  d=0.014760  dMin=0.000000  dAvg=0.040890  dMax=3.724814  Dlo=0.020445  Dhi=1.882852  err=-1.000000  inc=-0.607289  bucket 0->0  (mf=1000)
[MF-SEL] tPrev=(  d=0.021887  dMin=0.000000  dAvg=0.040851  dMax=3.724814  Dlo=0.020425  Dhi=1.882832  err=0.000000  inc=0.305359  bucket 0->0  (mf=1000)
[MF-SEL] tPrev=(  d=0.026505  dMin=0.000000  dAvg=0.040821  dMax=3.724814  Dlo=0.020411  Dhi=1.882818  err=0.000000  inc=-0.007289  bucket 0->0  (mf=1000)
[MF-SEL] tPrev=(  d=0.033056  dMin=0.000000  dAvg=0.040806  dMax=3.724814  Dlo=0.020403  Dhi=1.882810  err=0.000000  inc=-0.007289  bucket 0->0  (mf=1000)
[MF-SEL] tPrev=(  d=0.038541  dMin=0.000000  dAvg=0.040801  dMax=3.724814  Dlo=0.020400  Dhi=1.882807  err=0.000000  inc=-0.007289  bucket 0->0  (mf=1000)
[MF-SEL] tPrev=(  d=0.041171  dMin=0.000000  dAvg=0.040802  dMax=3.724814  Dlo=0.020401  Dhi=1.882808  err=0.000000  inc=-0.007289  bucket 0->0  (mf=1000)
[MF-SEL] tPrev=(  d=0.045360  dMin=0.000000  dAvg=0.040811  dMax=3.724814  Dlo=0.020405  Dhi=1.882812  err=0.000000  inc=-0.007289  bucket 0->0  (mf=1000)
[MF-SEL] tPrev=(  d=0.050159  dMin=0.000000  dAvg=0.040830  dMax=3.724814  Dlo=0.020415  Dhi=1.882822  err=0.000000  inc=-0.007289  bucket 0->0  (mf=1000)
[MF-SEL] tPrev=(  d=0.054078  dMin=0.000000  dAvg=0.040857  dMax=3.724814  Dlo=0.020428  Dhi=1.882835  err=0.000000  inc=-0.007289  bucket 0->0  (mf=1000)
[MF-SEL] tPrev=(  d=0.065062  dMin=0.000000  dAvg=0.040905  dMax=3.724814  Dlo=0.020453  Dhi=1.882860  err=0.000000  inc=-0.007289  bucket 0->0  (mf=1000)
[MF-SEL] tPrev=(  d=0.060418  dMin=0.000000  dAvg=0.040945  dMax=3.724814  Dlo=0.020472  Dhi=1.882879  err=0.000000  inc=-0.007289  bucket 0->0  (mf=1000)
[MF-SEL] tPrev=(  d=0.063794  dMin=0.000000  dAvg=0.040991  dMax=3.724814  Dlo=0.020495  Dhi=1.882902  err=0.000000  inc=-0.007289  bucket 0->0  (mf=1000)
[MF-SEL] tPrev=(  d=0.066911  dMin=0.000000  dAvg=0.041043  dMax=3.724814  Dlo=0.020521  Dhi=1.882928  err=0.000000  inc=-0.007289  bucket 0->0  (mf=1000)
[MF-SEL] tPrev=(  d=0.069587  dMin=0.000000  dAvg=0.041100  dMax=3.724814  Dlo=0.020550  Dhi=1.882957  err=0.000000  inc=-0.007289  bucket 0->0  (mf=1000)
[MF-SEL] tPrev=(  d=0.071927  dMin=0.000000  dAvg=0.041161  dMax=3.724814  Dlo=0.020581  Dhi=1.882988  err=0.000000  inc=-0.007289  bucket 0->0  (mf=1000)
[MF-SEL] tPrev=(  d=0.073253  dMin=0.000000  dAvg=0.041225  dMax=3.724814  Dlo=0.020613  Dhi=1.883020  err=0.000000  inc=-0.007289  bucket 0->0  (mf=1000)
[MF-SEL] tPrev=(  d=0.078385  dMin=0.000000  dAvg=0.041299  dMax=3.724814  Dlo=0.020649  Dhi=1.883056  err=0.000000  inc=-0.007289  bucket 0->0  (mf=1000)
[MF-SEL] tPrev=(  d=0.073874  dMin=0.000000  dAvg=0.041364  dMax=3.724814  Dlo=0.020682  Dhi=1.883089  err=0.000000  inc=-0.007289  bucket 0->0  (mf=1000)
[MF-SEL] tPrev=(  d=0.073983  dMin=0.000000  dAvg=0.041428  dMax=3.724814  Dlo=0.020714  Dhi=1.883121  err=0.000000  inc=-0.007289  bucket 0->0  (mf=1000)
[MF-SEL] tPrev=(  d=0.074054  dMin=0.000000  dAvg=0.041493  dMax=3.724814  Dlo=0.020746  Dhi=1.883153  err=0.000000  inc=-0.007289  bucket 0->0  (mf=1000)
[MF-SEL] tPrev=(  d=0.073615  dMin=0.000000  dAvg=0.041556  dMax=3.724814  Dlo=0.020778  Dhi=1.883185  err=0.000000  inc=-0.007289  bucket 0->0  (mf=1000)
[MF-SEL] tPrev=(  d=0.073359  dMin=0.000000  dAvg=0.041619  dMax=3.724814  Dlo=0.020809  Dhi=1.883216  err=0.000000  inc=-0.007289  bucket 0->0  (mf=1000)
[MF-SEL] tPrev=(  d=0.072039  dMin=0.000000  dAvg=0.041678  dMax=3.724814  Dlo=0.020839  Dhi=1.883246  err=0.000000  inc=-0.007289  bucket 0->0  (mf=1000)
[MF-SEL] tPrev=(  d=0.070031  dMin=0.000000  dAvg=0.041734  dMax=3.724814  Dlo=0.020867  Dhi=1.883274  err=0.000000  inc=-0.007289  bucket 0->0  (mf=1000)
[MF-SEL] tPrev=(  d=0.067012  dMin=0.000000  dAvg=0.041783  dMax=3.724814  Dlo=0.020892  Dhi=1.883299  err=0.000000  inc=-0.007289  bucket 0->0  (mf=1000)
[MF-SEL] tPrev=(  d=0.064348  dMin=0.000000  dAvg=0.041828  dMax=3.724814  Dlo=0.020914  Dhi=1.883321  err=0.000000  inc=-0.007289  bucket 0->0  (mf=1000)
[MF-SEL] tPrev=(  d=0.062241  dMin=0.000000  dAvg=0.041867  dMax=3.724814  Dlo=0.020934  Dhi=1.883341  err=0.000000  inc=-0.007289  bucket 0->0  (mf=1000)
[MF-SEL] tPrev=(  d=0.055714  dMin=0.000000  dAvg=0.041894  dMax=3.724814  Dlo=0.020947  Dhi=1.883354  err=0.000000  inc=-0.007289  bucket 0->0  (mf=1000)
[MF-SEL] tPrev=(  d=0.052418  dMin=0.000000  dAvg=0.041915  dMax=3.724814  Dlo=0.020957  Dhi=1.883364  err=0.000000  inc=-0.007289  bucket 0->0  (mf=1000)
[MF-SEL] tPrev=(  d=0.049991  dMin=0.000000  dAvg=0.041930  dMax=3.724814  Dlo=0.020965  Dhi=1.883372  err=0.000000  inc=-0.007289  bucket 0->0  (mf=1000)
[MF-SEL] tPrev=(  d=0.042748  dMin=0.000000  dAvg=0.041932  dMax=3.724814  Dlo=0.020966  Dhi=1.883373  err=0.000000  inc=-0.007289  bucket 0->0  (mf=1000)
[MF-SEL] tPrev=(  d=0.040086  dMin=0.000000  dAvg=0.041928  dMax=3.724814  Dlo=0.020964  Dhi=1.883371  err=0.000000  inc=-0.007289  bucket 0->0  (mf=1000)
[MF-SEL] tPrev=(  d=0.039422  dMin=0.000000  dAvg=0.041924  dMax=3.724814  Dlo=0.020962  Dhi=1.883369  err=0.000000  inc=-0.007289  bucket 0->0  (mf=1000)
[MF-SEL] tPrev=(  d=0.043256  dMin=0.000000  dAvg=0.041926  dMax=3.724814  Dlo=0.020963  Dhi=1.883370  err=0.000000  inc=-0.007289  bucket 0->0  (mf=1000)
[MF-SEL] tPrev=(  d=0.048615  dMin=0.000000  dAvg=0.041939  dMax=3.724814  Dlo=0.020969  Dhi=1.883376  err=0.000000  inc=-0.007289  bucket 0->0  (mf=1000)
[MF-SEL] tPrev=(  d=0.046041  dMin=0.000000  dAvg=0.041947  dMax=3.724814  Dlo=0.020973  Dhi=1.883380  err=0.000000  inc=-0.007289  bucket 0->0  (mf=1000)
[MF-SEL] tPrev=(  d=0.050563  dMin=0.000000  dAvg=0.041963  dMax=3.724814  Dlo=0.020982  Dhi=1.883389  err=0.000000  inc=-0.007289  bucket 0->0  (mf=1000)
[MF-SEL] tPrev=(  d=0.073779  dMin=0.000000  dAvg=0.042024  dMax=3.724814  Dlo=0.021012  Dhi=1.883419  err=0.000000  inc=-0.007289  bucket 0->0  (mf=1000)
[MF-SEL] tPrev=(  d=0.058110  dMin=0.000000  dAvg=0.042055  dMax=3.724814  Dlo=0.021027  Dhi=1.883434  err=0.000000  inc=-0.007289  bucket 0->0  (mf=1000)
[MF-SEL] tPrev=(  d=0.062186  dMin=0.000000  dAvg=0.042093  dMax=3.724814  Dlo=0.021046  Dhi=1.883453  err=0.000000  inc=-0.007289  bucket 0->0  (mf=1000)
[MF-SEL] tPrev=(  d=0.066711  dMin=0.000000  dAvg=0.042140  dMax=3.724814  Dlo=0.021070  Dhi=1.883477  err=0.000000  inc=-0.007289  bucket 0->0  (mf=1000)
[MF-SEL] tPrev=(  d=0.072132  dMin=0.000000  dAvg=0.042196  dMax=3.724814  Dlo=0.021098  Dhi=1.883505  err=0.000000  inc=-0.007289  bucket 0->0  (mf=1000)
[MF-SEL] tPrev=(  d=0.091351  dMin=0.000000  dAvg=0.042289  dMax=3.724814  Dlo=0.021145  Dhi=1.883552  err=0.000000  inc=-0.007289  bucket 0->0  (mf=1000)
[MF-SEL] tPrev=(  d=0.083316  dMin=0.000000  dAvg=0.042367  dMax=3.724814  Dlo=0.021183  Dhi=1.883590  err=0.000000  inc=-0.007289  bucket 0->0  (mf=1000)
[MF-SEL] tPrev=(  d=0.086468  dMin=0.000000  dAvg=0.042450  dMax=3.724814  Dlo=0.021225  Dhi=1.883632  err=0.000000  inc=-0.007289  bucket 0->0  (mf=1000)
[MF-SEL] tPrev=(  d=0.089452  dMin=0.000000  dAvg=0.042538  dMax=3.724814  Dlo=0.021269  Dhi=1.883676  err=0.000000  inc=-0.007289  bucket 0->0  (mf=1000)
[MF-SEL] tPrev=(  d=0.087944  dMin=0.000000  dAvg=0.042623  dMax=3.724814  Dlo=0.021312  Dhi=1.883719  err=0.000000  inc=-0.007289  bucket 0->0  (mf=1000)
[MF-SEL] tPrev=(  d=0.086614  dMin=0.000000  dAvg=0.042706  dMax=3.724814  Dlo=0.021353  Dhi=1.883760  err=0.000000  inc=-0.007289  bucket 0->0  (mf=1000)
[MF-SEL] tPrev=(  d=0.086237  dMin=0.000000  dAvg=0.042787  dMax=3.724814  Dlo=0.021394  Dhi=1.883801  err=0.000000  inc=-0.007289  bucket 0->0  (mf=1000)
[MF-SEL] tPrev=(  d=0.085779  dMin=0.000000  dAvg=0.042867  dMax=3.724814  Dlo=0.021434  Dhi=1.883841  err=0.000000  inc=-0.007289  bucket 0->0  (mf=1000)
[MF-SEL] tPrev=(  d=0.086099  dMin=0.000000  dAvg=0.042948  dMax=3.724814  Dlo=0.021474  Dhi=1.883881  err=0.000000  inc=-0.007289  bucket 0->0  (mf=1000)
[MF-SEL] tPrev=(  d=0.084801  dMin=0.000000  dAvg=0.043026  dMax=3.724814  Dlo=0.021513  Dhi=1.883920  err=0.000000  inc=-0.007289  bucket 0->0  (mf=1000)
[MF-SEL] tPrev=(  d=0.083569  dMin=0.000000  dAvg=0.043101  dMax=3.724814  Dlo=0.021550  Dhi=1.883957  err=0.000000  inc=-0.007289  bucket 0->0  (mf=1000)
[MF-SEL] tPrev=(  d=0.080303  dMin=0.000000  dAvg=0.043170  dMax=3.724814  Dlo=0.021585  Dhi=1.883992  err=0.000000  inc=-0.007289  bucket 0->0  (mf=1000)
[MF-SEL] tPrev=(  d=0.081205  dMin=0.000000  dAvg=0.043240  dMax=3.724814  Dlo=0.021620  Dhi=1.884027  err=0.000000  inc=-0.007289  bucket 0->0  (mf=1000)
[MF-SEL] tPrev=(  d=0.080244  dMin=0.000000  dAvg=0.043308  dMax=3.724814  Dlo=0.021654  Dhi=1.884061  err=0.000000  inc=-0.007289  bucket 0->0  (mf=1000)
[MF-SEL] tPrev=(  d=0.079114  dMin=0.000000  dAvg=0.043374  dMax=3.724814  Dlo=0.021687  Dhi=1.884094  err=0.000000  inc=-0.007289  bucket 0->0  (mf=1000)
[MF-SEL] tPrev=(  d=0.078394  dMin=0.000000  dAvg=0.043439  dMax=3.724814  Dlo=0.021719  Dhi=1.884126  err=0.000000  inc=-0.007289  bucket 0->0  (mf=1000)
[MF-SEL] tPrev=(  d=0.076625  dMin=0.000000  dAvg=0.043500  dMax=3.724814  Dlo=0.021750  Dhi=1.884157  err=0.000000  inc=-0.007289  bucket 0->0  (mf=1000)
[MF-SEL] tPrev=(  d=0.074574  dMin=0.000000  dAvg=0.043556  dMax=3.724814  Dlo=0.021778  Dhi=1.884185  err=0.000000  inc=-0.007289  bucket 0->0  (mf=1000)
[MF-SEL] tPrev=(  d=0.072920  dMin=0.000000  dAvg=0.043610  dMax=3.724814  Dlo=0.021805  Dhi=1.884212  err=0.000000  inc=-0.007289  bucket 0->0  (mf=1000)
[MF-SEL] tPrev=(  d=0.062404  dMin=0.000000  dAvg=0.043644  dMax=3.724814  Dlo=0.021822  Dhi=1.884229  err=0.000000  inc=-0.007289  bucket 0->0  (mf=1000)
[MF-SEL] tPrev=(  d=0.070876  dMin=0.000000  dAvg=0.043694  dMax=3.724814  Dlo=0.021847  Dhi=1.884254  err=0.000000  inc=-0.007289  bucket 0->0  (mf=1000)
[MF-SEL] tPrev=(  d=0.070571  dMin=0.000000  dAvg=0.043743  dMax=3.724814  Dlo=0.021871  Dhi=1.884278  err=0.000000  inc=-0.007289  bucket 0->0  (mf=1000)
[MF-SEL] tPrev=(  d=0.070058  dMin=0.000000  dAvg=0.043791  dMax=3.724814  Dlo=0.021895  Dhi=1.884302  err=0.000000  inc=-0.007289  bucket 0->0  (mf=1000)
[MF-SEL] tPrev=(  d=0.069614  dMin=0.000000  dAvg=0.043837  dMax=3.724814  Dlo=0.021919  Dhi=1.884326  err=0.000000  inc=-0.007289  bucket 0->0  (mf=1000)
[MF-SEL] tPrev=(  d=0.069550  dMin=0.000000  dAvg=0.043884  dMax=3.724814  Dlo=0.021942  Dhi=1.884349  err=0.000000  inc=-0.007289  bucket 0->0  (mf=1000)
[MF-SEL] tPrev=(  d=0.069050  dMin=0.000000  dAvg=0.043929  dMax=3.724814  Dlo=0.021965  Dhi=1.884372  err=0.000000  inc=-0.007289  bucket 0->0  (mf=1000)
[MF-SEL] tPrev=(  d=0.068473  dMin=0.000000  dAvg=0.043974  dMax=3.724814  Dlo=0.021987  Dhi=1.884394  err=0.000000  inc=-0.007289  bucket 0->0  (mf=1000)
[MF-SEL] tPrev=(  d=0.052929  dMin=0.000000  dAvg=0.043990  dMax=3.724814  Dlo=0.021995  Dhi=1.884402  err=0.000000  inc=-0.007289  bucket 0->0  (mf=1000)
[MF-SEL] tPrev=(  d=0.065351  dMin=0.000000  dAvg=0.044028  dMax=3.724814  Dlo=0.022014  Dhi=1.884421  err=0.000000  inc=-0.007289  bucket 0->0  (mf=1000)
[MF-SEL] tPrev=(  d=0.063476  dMin=0.000000  dAvg=0.044063  dMax=3.724814  Dlo=0.022031  Dhi=1.884438  err=0.000000  inc=-0.007289  bucket 0->0  (mf=1000)
[MF-SEL] tPrev=(  d=0.049893  dMin=0.000000  dAvg=0.044073  dMax=3.724814  Dlo=0.022037  Dhi=1.884444  err=0.000000  inc=-0.007289  bucket 0->0  (mf=1000)
[MF-SEL] tPrev=(  d=0.061005  dMin=0.000000  dAvg=0.044104  dMax=3.724814  Dlo=0.022052  Dhi=1.884459  err=0.000000  inc=-0.007289  bucket 0->0  (mf=1000)
[MF-SEL] tPrev=(  d=0.060690  dMin=0.000000  dAvg=0.044133  dMax=3.724814  Dlo=0.022067  Dhi=1.884474  err=0.000000  inc=-0.007289  bucket 0->0  (mf=1000)
[MF-SEL] tPrev=(  d=0.045951  dMin=0.000000  dAvg=0.044136  dMax=3.724814  Dlo=0.022068  Dhi=1.884475  err=0.000000  inc=-0.007289  bucket 0->0  (mf=1000)
[MF-SEL] tPrev=(  d=0.056924  dMin=0.000000  dAvg=0.044159  dMax=3.724814  Dlo=0.022080  Dhi=1.884486  err=0.000000  inc=-0.007289  bucket 0->0  (mf=1000)
[MF-SEL] tPrev=(  d=0.055621  dMin=0.000000  dAvg=0.044179  dMax=3.724814  Dlo=0.022090  Dhi=1.884497  err=0.000000  inc=-0.007289  bucket 0->0  (mf=1000)
[MF-SEL] tPrev=(  d=0.047313  dMin=0.000000  dAvg=0.044185  dMax=3.724814  Dlo=0.022092  Dhi=1.884499  err=0.000000  inc=-0.007289  bucket 0->0  (mf=1000)
[MF-SEL] tPrev=(  d=0.051269  dMin=0.000000  dAvg=0.044197  dMax=3.724814  Dlo=0.022099  Dhi=1.884506  err=0.000000  inc=-0.007289  bucket 0->0  (mf=1000)
[MF-SEL] tPrev=(  d=0.049687  dMin=0.000000  dAvg=0.044207  dMax=3.724814  Dlo=0.022104  Dhi=1.884511  err=0.000000  inc=-0.007289  bucket 0->0  (mf=1000)
[MF-SEL] tPrev=(  d=0.045921  dMin=0.000000  dAvg=0.044210  dMax=3.724814  Dlo=0.022105  Dhi=1.884512  err=0.000000  inc=-0.007289  bucket 0->0  (mf=1000)
[MF-SEL] tPrev=(  d=0.046794  dMin=0.000000  dAvg=0.044215  dMax=3.724814  Dlo=0.022107  Dhi=1.884514  err=0.000000  inc=-0.007289  bucket 0->0  (mf=1000)
[MF-SEL] tPrev=(  d=0.045409  dMin=0.000000  dAvg=0.044217  dMax=3.724814  Dlo=0.022108  Dhi=1.884515  err=0.000000  inc=-0.007289  bucket 0->0  (mf=1000)
[MF-SEL] tPrev=(  d=0.044411  dMin=0.000000  dAvg=0.044217  dMax=3.724814  Dlo=0.022109  Dhi=1.884516  err=0.000000  inc=-0.007289  bucket 0->0  (mf=1000)
[MF-SEL] tPrev=(  d=0.048222  dMin=0.000000  dAvg=0.044224  dMax=3.724814  Dlo=0.022112  Dhi=1.884519  err=0.000000  inc=-0.007289  bucket 0->0  (mf=1000)
[MF-SEL] tPrev=(  d=0.043697  dMin=0.000000  dAvg=0.044223  dMax=3.724814  Dlo=0.022112  Dhi=1.884519  err=0.000000  inc=-0.007289  bucket 0->0  (mf=1000)
[MF-SEL] tPrev=(  d=0.043380  dMin=0.000000  dAvg=0.044222  dMax=3.724814  Dlo=0.022111  Dhi=1.884518  err=0.000000  inc=-0.007289  bucket 0->0  (mf=1000)
[MF-SEL] tPrev=(  d=0.043336  dMin=0.000000  dAvg=0.044220  dMax=3.724814  Dlo=0.022110  Dhi=1.884517  err=0.000000  inc=-0.007289  bucket 0->0  (mf=1000)
[MF-SEL] tPrev=(  d=0.043484  dMin=0.000000  dAvg=0.044219  dMax=3.724814  Dlo=0.022109  Dhi=1.884516  err=0.000000  inc=-0.007289  bucket 0->0  (mf=1000)
[MF-SEL] tPrev=(  d=0.043644  dMin=0.000000  dAvg=0.044218  dMax=3.724814  Dlo=0.022109  Dhi=1.884516  err=0.000000  inc=-0.007289  bucket 0->0  (mf=1000)
[MF-SEL] tPrev=(  d=0.048642  dMin=0.000000  dAvg=0.044226  dMax=3.724814  Dlo=0.022113  Dhi=1.884520  err=0.000000  inc=-0.007289  bucket 0->0  (mf=1000)
[MF-SEL] tPrev=(  d=0.045103  dMin=0.000000  dAvg=0.044227  dMax=3.724814  Dlo=0.022114  Dhi=1.884521  err=0.000000  inc=-0.007289  bucket 0->0  (mf=1000)
[MF-SEL] tPrev=(  d=0.045855  dMin=0.000000  dAvg=0.044230  dMax=3.724814  Dlo=0.022115  Dhi=1.884522  err=0.000000  inc=-0.007289  bucket 0->0  (mf=1000)
[MF-SEL] tPrev=(  d=0.046756  dMin=0.000000  dAvg=0.044234  dMax=3.724814  Dlo=0.022117  Dhi=1.884524  err=0.000000  inc=-0.007289  bucket 0->0  (mf=1000)
[MF-SEL] tPrev=(  d=0.047752  dMin=0.000000  dAvg=0.044240  dMax=3.724814  Dlo=0.022120  Dhi=1.884527  err=0.000000  inc=-0.007289  bucket 0->0  (mf=1000)
[MF-SEL] tPrev=(  d=0.060343  dMin=0.000000  dAvg=0.044268  dMax=3.724814  Dlo=0.022134  Dhi=1.884541  err=0.000000  inc=-0.007289  bucket 0->0  (mf=1000)
[MF-SEL] tPrev=(  d=0.049787  dMin=0.000000  dAvg=0.044277  dMax=3.724814  Dlo=0.022139  Dhi=1.884546  err=0.000000  inc=-0.007289  bucket 0->0  (mf=1000)
[MF-SEL] tPrev=(  d=0.050421  dMin=0.000000  dAvg=0.044288  dMax=3.724814  Dlo=0.022144  Dhi=1.884551  err=0.000000  inc=-0.007289  bucket 0->0  (mf=1000)
[MF-SEL] tPrev=(  d=0.051142  dMin=0.000000  dAvg=0.044300  dMax=3.724814  Dlo=0.022150  Dhi=1.884557  err=0.000000  inc=-0.007289  bucket 0->0  (mf=1000)
[MF-SEL] tPrev=(  d=0.051421  dMin=0.000000  dAvg=0.044312  dMax=3.724814  Dlo=0.022156  Dhi=1.884563  err=0.000000  inc=-0.007289  bucket 0->0  (mf=1000)
[MF-SEL] tPrev=(  d=0.057851  dMin=0.000000  dAvg=0.044335  dMax=3.724814  Dlo=0.022167  Dhi=1.884574  err=0.000000  inc=-0.007289  bucket 0->0  (mf=1000)
[MF-SEL] tPrev=(  d=0.051820  dMin=0.000000  dAvg=0.044347  dMax=3.724814  Dlo=0.022174  Dhi=1.884581  err=0.000000  inc=-0.007289  bucket 0->0  (mf=1000)
[MF-SEL] tPrev=(  d=0.051967  dMin=0.000000  dAvg=0.044360  dMax=3.724814  Dlo=0.022180  Dhi=1.884587  err=0.000000  inc=-0.007289  bucket 0->0  (mf=1000)
[MF-SEL] tPrev=(  d=0.052206  dMin=0.000000  dAvg=0.044374  dMax=3.724814  Dlo=0.022187  Dhi=1.884594  err=0.000000  inc=-0.007289  bucket 0->0  (mf=1000)
[MF-SEL] tPrev=(  d=0.051919  dMin=0.000000  dAvg=0.044386  dMax=3.724814  Dlo=0.022193  Dhi=1.884600  err=0.000000  inc=-0.007289  bucket 0->0  (mf=1000)
[MF-SEL] tPrev=(  d=0.054488  dMin=0.000000  dAvg=0.044403  dMax=3.724814  Dlo=0.022202  Dhi=1.884609  err=0.000000  inc=-0.007289  bucket 0->0  (mf=1000)
[MF-SEL] tPrev=(  d=0.049512  dMin=0.000000  dAvg=0.044412  dMax=3.724814  Dlo=0.022206  Dhi=1.884613  err=0.000000  inc=-0.007289  bucket 0->0  (mf=1000)
[MF-SEL] tPrev=(  d=0.048422  dMin=0.000000  dAvg=0.044419  dMax=3.724814  Dlo=0.022209  Dhi=1.884616  err=0.000000  inc=-0.007289  bucket 0->0  (mf=1000)
[MF-SEL] tPrev=(  d=0.074820  dMin=0.000000  dAvg=0.044470  dMax=3.724814  Dlo=0.022235  Dhi=1.884642  err=0.000000  inc=-0.007289  bucket 0->0  (mf=1000)
[MF-SEL] tPrev=(  d=0.047092  dMin=0.000000  dAvg=0.044474  dMax=3.724814  Dlo=0.022237  Dhi=1.884644  err=0.000000  inc=-0.007289  bucket 0->0  (mf=1000)
[MF-SEL] tPrev=(  d=0.045552  dMin=0.000000  dAvg=0.044476  dMax=3.724814  Dlo=0.022238  Dhi=1.884645  err=0.000000  inc=-0.007289  bucket 0->0  (mf=1000)
[MF-SEL] tPrev=(  d=0.044368  dMin=0.000000  dAvg=0.044476  dMax=3.724814  Dlo=0.022238  Dhi=1.884645  err=0.000000  inc=-0.007289  bucket 0->0  (mf=1000)
[MF-SEL] tPrev=(  d=0.043514  dMin=0.000000  dAvg=0.044474  dMax=3.724814  Dlo=0.022237  Dhi=1.884644  err=0.000000  inc=-0.007289  bucket 0->0  (mf=1000)
[MF-SEL] tPrev=(  d=0.042629  dMin=0.000000  dAvg=0.044471  dMax=3.724814  Dlo=0.022236  Dhi=1.884643  err=0.000000  inc=-0.007289  bucket 0->0  (mf=1000)
[MF-SEL] tPrev=(  d=0.042842  dMin=0.000000  dAvg=0.044468  dMax=3.724814  Dlo=0.022234  Dhi=1.884641  err=0.000000  inc=-0.007289  bucket 0->0  (mf=1000)
[MF-SEL] tPrev=(  d=0.040929  dMin=0.000000  dAvg=0.044462  dMax=3.724814  Dlo=0.022231  Dhi=1.884638  err=0.000000  inc=-0.007289  bucket 0->0  (mf=1000)
[MF-SEL] tPrev=(  d=0.040162  dMin=0.000000  dAvg=0.044455  dMax=3.724814  Dlo=0.022228  Dhi=1.884635  err=0.000000  inc=-0.007289  bucket 0->0  (mf=1000)
[MF-SEL] tPrev=(  d=0.039484  dMin=0.000000  dAvg=0.044447  dMax=3.724814  Dlo=0.022224  Dhi=1.884631  err=0.000000  inc=-0.007289  bucket 0->0  (mf=1000)
[MF-SEL] tPrev=(  d=0.036237  dMin=0.000000  dAvg=0.044434  dMax=3.724814  Dlo=0.022217  Dhi=1.884624  err=0.000000  inc=-0.007289  bucket 0->0  (mf=1000)
[MF-SEL] tPrev=(  d=0.038679  dMin=0.000000  dAvg=0.044424  dMax=3.724814  Dlo=0.022212  Dhi=1.884619  err=0.000000  inc=-0.007289  bucket 0->0  (mf=1000)
[MF-SEL] tPrev=(  d=0.039271  dMin=0.000000  dAvg=0.044416  dMax=3.724814  Dlo=0.022208  Dhi=1.884615  err=0.000000  inc=-0.007289  bucket 0->0  (mf=1000)
[MF-SEL] tPrev=(  d=0.039317  dMin=0.000000  dAvg=0.044407  dMax=3.724814  Dlo=0.022204  Dhi=1.884611  err=0.000000  inc=-0.007289  bucket 0->0  (mf=1000)
[MF-SEL] tPrev=(  d=0.039309  dMin=0.000000  dAvg=0.044399  dMax=3.724814  Dlo=0.022199  Dhi=1.884606  err=0.000000  inc=-0.007289  bucket 0->0  (mf=1000)
[MF-SEL] tPrev=(  d=0.046468  dMin=0.000000  dAvg=0.044402  dMax=3.724814  Dlo=0.022201  Dhi=1.884608  err=0.000000  inc=-0.007289  bucket 0->0  (mf=1000)
[MF-SEL] tPrev=(  d=0.037861  dMin=0.000000  dAvg=0.044392  dMax=3.724814  Dlo=0.022196  Dhi=1.884603  err=0.000000  inc=-0.007289  bucket 0->0  (mf=1000)
[MF-SEL] tPrev=(  d=0.036933  dMin=0.000000  dAvg=0.044379  dMax=3.724814  Dlo=0.022190  Dhi=1.884597  err=0.000000  inc=-0.007289  bucket 0->0  (mf=1000)
[MF-SEL] tPrev=(  d=0.036594  dMin=0.000000  dAvg=0.044367  dMax=3.724814  Dlo=0.022183  Dhi=1.884590  err=0.000000  inc=-0.007289  bucket 0->0  (mf=1000)
[MF-SEL] tPrev=(  d=0.028208  dMin=0.000000  dAvg=0.044340  dMax=3.724814  Dlo=0.022170  Dhi=1.884577  err=0.000000  inc=-0.007289  bucket 0->0  (mf=1000)
[MF-SEL] tPrev=(  d=0.035515  dMin=0.000000  dAvg=0.044326  dMax=3.724814  Dlo=0.022163  Dhi=1.884570  err=0.000000  inc=-0.007289  bucket 0->0  (mf=1000)
[MF-SEL] tPrev=(  d=0.034287  dMin=0.000000  dAvg=0.044310  dMax=3.724814  Dlo=0.022155  Dhi=1.884562  err=0.000000  inc=-0.007289  bucket 0->0  (mf=1000)
[MF-SEL] tPrev=(  d=0.034677  dMin=0.000000  dAvg=0.044294  dMax=3.724814  Dlo=0.022147  Dhi=1.884554  err=0.000000  inc=-0.007289  bucket 0->0  (mf=1000)
[MF-SEL] tPrev=(  d=0.034779  dMin=0.000000  dAvg=0.044279  dMax=3.724814  Dlo=0.022139  Dhi=1.884546  err=0.000000  inc=-0.007289  bucket 0->0  (mf=1000)
[MF-SEL] tPrev=(  d=0.035039  dMin=0.000000  dAvg=0.044264  dMax=3.724814  Dlo=0.022132  Dhi=1.884539  err=0.000000  inc=-0.007289  bucket 0->0  (mf=1000)
[MF-SEL] tPrev=(  d=0.030192  dMin=0.000000  dAvg=0.044241  dMax=3.724814  Dlo=0.022121  Dhi=1.884528  err=0.000000  inc=-0.007289  bucket 0->0  (mf=1000)
[MF-SEL] tPrev=(  d=0.033998  dMin=0.000000  dAvg=0.044225  dMax=3.724814  Dlo=0.022112  Dhi=1.884519  err=0.000000  inc=-0.007289  bucket 0->0  (mf=1000)
[MF-SEL] tPrev=(  d=0.032393  dMin=0.000000  dAvg=0.044206  dMax=3.724814  Dlo=0.022103  Dhi=1.884510  err=0.000000  inc=-0.007289  bucket 0->0  (mf=1000)
[MF-SEL] tPrev=(  d=0.032520  dMin=0.000000  dAvg=0.044187  dMax=3.724814  Dlo=0.022094  Dhi=1.884501  err=0.000000  inc=-0.007289  bucket 0->0  (mf=1000)
[MF-SEL] tPrev=(  d=0.028871  dMin=0.000000  dAvg=0.044163  dMax=3.724814  Dlo=0.022081  Dhi=1.884488  err=0.000000  inc=-0.007289  bucket 0->0  (mf=1000)
[MF-SEL] tPrev=(  d=0.026271  dMin=0.000000  dAvg=0.044134  dMax=3.724814  Dlo=0.022067  Dhi=1.884474  err=0.000000  inc=-0.007289  bucket 0->0  (mf=1000)
[MF-SEL] tPrev=(  d=0.023381  dMin=0.000000  dAvg=0.044101  dMax=3.724814  Dlo=0.022050  Dhi=1.884457  err=0.000000  inc=-0.007289  bucket 0->0  (mf=1000)
[MF-SEL] tPrev=(  d=0.020568  dMin=0.000000  dAvg=0.044064  dMax=3.724814  Dlo=0.022032  Dhi=1.884439  err=-1.000000  inc=-0.970993  bucket 0->0  (mf=1000)
[MF-SEL] tPrev=(  d=0.025300  dMin=0.000000  dAvg=0.044034  dMax=3.724814  Dlo=0.022017  Dhi=1.884424  err=0.000000  inc=0.350444  bucket 0->0  (mf=1000)
[MF-SEL] tPrev=(  d=0.014449  dMin=0.000000  dAvg=0.043987  dMax=3.724814  Dlo=0.021993  Dhi=1.884400  err=-1.000000  inc=-0.921851  bucket 0->0  (mf=1000)
[MF-SEL] tPrev=(  d=0.011452  dMin=0.000000  dAvg=0.043935  dMax=3.724814  Dlo=0.021968  Dhi=1.884375  err=-1.000000  inc=-0.614498  bucket 0->0  (mf=1000)
[MF-SEL] tPrev=(  d=0.008335  dMin=0.000000  dAvg=0.043879  dMax=3.724814  Dlo=0.021939  Dhi=1.884346  err=-1.000000  inc=-0.616627  bucket 0->0  (mf=1000)
[MF-SEL] tPrev=(  d=0.007372  dMin=0.000000  dAvg=0.043821  dMax=3.724814  Dlo=0.021911  Dhi=1.884318  err=-1.000000  inc=-0.619097  bucket 0->0  (mf=1000)
[MF-SEL] tPrev=(  d=0.014174  dMin=0.000000  dAvg=0.043774  dMax=3.724814  Dlo=0.021887  Dhi=1.884294  err=-1.000000  inc=-0.621354  bucket 0->0  (mf=1000)
[MF-SEL] tPrev=(  d=0.009102  dMin=0.000000  dAvg=0.043720  dMax=3.724814  Dlo=0.021860  Dhi=1.884267  err=-1.000000  inc=-0.623653  bucket 0->0  (mf=1000)
[MF-SEL] tPrev=(  d=0.011041  dMin=0.000000  dAvg=0.043668  dMax=3.724814  Dlo=0.021834  Dhi=1.884241  err=-1.000000  inc=-0.625854  bucket 0->0  (mf=1000)
[MF-SEL] tPrev=(  d=0.023858  dMin=0.000000  dAvg=0.043637  dMax=3.724814  Dlo=0.021819  Dhi=1.884226  err=0.000000  inc=0.326916  bucket 0->0  (mf=1000)
[MF-SEL] tPrev=(  d=0.013428  dMin=0.000000  dAvg=0.043590  dMax=3.724814  Dlo=0.021795  Dhi=1.884202  err=-1.000000  inc=-0.984624  bucket 0->0  (mf=1000)
[MF-SEL] tPrev=(  d=0.013679  dMin=0.000000  dAvg=0.043543  dMax=3.724814  Dlo=0.021772  Dhi=1.884179  err=-1.000000  inc=-0.630496  bucket 0->0  (mf=1000)
[MF-SEL] tPrev=(  d=0.013839  dMin=0.000000  dAvg=0.043497  dMax=3.724814  Dlo=0.021748  Dhi=1.884155  err=-1.000000  inc=-0.632859  bucket 0->0  (mf=1000)
[MF-SEL] tPrev=(  d=0.014122  dMin=0.000000  dAvg=0.043451  dMax=3.724814  Dlo=0.021725  Dhi=1.884132  err=-1.000000  inc=-0.634867  bucket 0->0  (mf=1000)
[MF-SEL] tPrev=(  d=0.007548  dMin=0.000000  dAvg=0.043395  dMax=3.724814  Dlo=0.021698  Dhi=1.884104  err=-1.000000  inc=-0.637169  bucket 0->0  (mf=1000)
[MF-SEL] tPrev=(  d=0.014455  dMin=0.000000  dAvg=0.043350  dMax=3.724814  Dlo=0.021675  Dhi=1.884082  err=-1.000000  inc=-0.639522  bucket 0->0  (mf=1000)
[MF-SEL] tPrev=(  d=0.014959  dMin=0.000000  dAvg=0.043306  dMax=3.724814  Dlo=0.021653  Dhi=1.884060  err=-1.000000  inc=-0.641889  bucket 0->0  (mf=1000)
[MF-SEL] tPrev=(  d=0.015705  dMin=0.000000  dAvg=0.043263  dMax=3.724814  Dlo=0.021632  Dhi=1.884039  err=-1.000000  inc=-0.644191  bucket 0->0  (mf=1000)
[MF-SEL] tPrev=(  d=0.017327  dMin=0.000000  dAvg=0.043223  dMax=3.724814  Dlo=0.021611  Dhi=1.884018  err=-1.000000  inc=-0.646550  bucket 0->0  (mf=1000)
[MF-SEL] tPrev=(  d=0.019348  dMin=0.000000  dAvg=0.043186  dMax=3.724814  Dlo=0.021593  Dhi=1.884000  err=-1.000000  inc=-0.648875  bucket 0->0  (mf=1000)
[MF-SEL] tPrev=(  d=0.021672  dMin=0.000000  dAvg=0.043153  dMax=3.724814  Dlo=0.021576  Dhi=1.883983  err=0.000000  inc=0.336853  bucket 0->0  (mf=1000)
[MF-SEL] tPrev=(  d=0.023706  dMin=0.000000  dAvg=0.043123  dMax=3.724814  Dlo=0.021561  Dhi=1.883968  err=0.000000  inc=-0.048875  bucket 0->0  (mf=1000)
[MF-SEL] tPrev=(  d=0.028981  dMin=0.000000  dAvg=0.043101  dMax=3.724814  Dlo=0.021551  Dhi=1.883958  err=0.000000  inc=-0.048875  bucket 0->0  (mf=1000)
[MF-SEL] tPrev=(  d=0.028574  dMin=0.000000  dAvg=0.043079  dMax=3.724814  Dlo=0.021539  Dhi=1.883946  err=0.000000  inc=-0.048875  bucket 0->0  (mf=1000)
[MF-SEL] tPrev=(  d=0.031311  dMin=0.000000  dAvg=0.043061  dMax=3.724814  Dlo=0.021530  Dhi=1.883937  err=0.000000  inc=-0.048875  bucket 0->0  (mf=1000)
[MF-SEL] tPrev=(  d=0.034451  dMin=0.000000  dAvg=0.043048  dMax=3.724814  Dlo=0.021524  Dhi=1.883931  err=0.000000  inc=-0.048875  bucket 0->0  (mf=1000)
[MF-SEL] tPrev=(  d=0.037209  dMin=0.000000  dAvg=0.043039  dMax=3.724814  Dlo=0.021519  Dhi=1.883926  err=0.000000  inc=-0.048875  bucket 0->0  (mf=1000)
[MF-SEL] tPrev=(  d=0.036957  dMin=0.000000  dAvg=0.043029  dMax=3.724814  Dlo=0.021515  Dhi=1.883922  err=0.000000  inc=-0.048875  bucket 0->0  (mf=1000)
[MF-SEL] tPrev=(  d=0.041454  dMin=0.000000  dAvg=0.043027  dMax=3.724814  Dlo=0.021513  Dhi=1.883920  err=0.000000  inc=-0.048875  bucket 0->0  (mf=1000)
[MF-SEL] tPrev=(  d=0.043571  dMin=0.000000  dAvg=0.043028  dMax=3.724814  Dlo=0.021514  Dhi=1.883921  err=0.000000  inc=-0.048875  bucket 0->0  (mf=1000)
[MF-SEL] tPrev=(  d=0.042413  dMin=0.000000  dAvg=0.043027  dMax=3.724814  Dlo=0.021513  Dhi=1.883920  err=0.000000  inc=-0.048875  bucket 0->0  (mf=1000)
[MF-SEL] tPrev=(  d=0.047785  dMin=0.000000  dAvg=0.043034  dMax=3.724814  Dlo=0.021517  Dhi=1.883924  err=0.000000  inc=-0.048875  bucket 0->0  (mf=1000)
[MF-SEL] tPrev=(  d=0.049199  dMin=0.000000  dAvg=0.043043  dMax=3.724814  Dlo=0.021522  Dhi=1.883929  err=0.000000  inc=-0.048875  bucket 0->0  (mf=1000)
[MF-SEL] tPrev=(  d=0.050086  dMin=0.000000  dAvg=0.043054  dMax=3.724814  Dlo=0.021527  Dhi=1.883934  err=0.000000  inc=-0.048875  bucket 0->0  (mf=1000)
[MF-SEL] tPrev=(  d=0.050779  dMin=0.000000  dAvg=0.043066  dMax=3.724814  Dlo=0.021533  Dhi=1.883940  err=0.000000  inc=-0.048875  bucket 0->0  (mf=1000)
[MF-SEL] tPrev=(  d=0.049388  dMin=0.000000  dAvg=0.043075  dMax=3.724814  Dlo=0.021538  Dhi=1.883945  err=0.000000  inc=-0.048875  bucket 0->0  (mf=1000)
[MF-SEL] tPrev=(  d=0.049924  dMin=0.000000  dAvg=0.043086  dMax=3.724814  Dlo=0.021543  Dhi=1.883950  err=0.000000  inc=-0.048875  bucket 0->0  (mf=1000)
[MF-SEL] tPrev=(  d=0.049453  dMin=0.000000  dAvg=0.043095  dMax=3.724814  Dlo=0.021548  Dhi=1.883955  err=0.000000  inc=-0.048875  bucket 0->0  (mf=1000)
[MF-SEL] tPrev=(  d=0.055342  dMin=0.000000  dAvg=0.043114  dMax=3.724814  Dlo=0.021557  Dhi=1.883964  err=0.000000  inc=-0.048875  bucket 0->0  (mf=1000)
[MF-SEL] tPrev=(  d=0.048105  dMin=0.000000  dAvg=0.043121  dMax=3.724814  Dlo=0.021561  Dhi=1.883967  err=0.000000  inc=-0.048875  bucket 0->0  (mf=1000)
[MF-SEL] tPrev=(  d=0.045961  dMin=0.000000  dAvg=0.043125  dMax=3.724814  Dlo=0.021563  Dhi=1.883970  err=0.000000  inc=-0.048875  bucket 0->0  (mf=1000)
[MF-SEL] tPrev=(  d=0.043200  dMin=0.000000  dAvg=0.043125  dMax=3.724814  Dlo=0.021563  Dhi=1.883970  err=0.000000  inc=-0.048875  bucket 0->0  (mf=1000)
[MF-SEL] tPrev=(  d=0.041364  dMin=0.000000  dAvg=0.043123  dMax=3.724814  Dlo=0.021561  Dhi=1.883968  err=0.000000  inc=-0.048875  bucket 0->0  (mf=1000)
[MF-SEL] tPrev=(  d=0.040921  dMin=0.000000  dAvg=0.043120  dMax=3.724814  Dlo=0.021560  Dhi=1.883967  err=0.000000  inc=-0.048875  bucket 0->0  (mf=1000)
[MF-SEL] tPrev=(  d=0.040668  dMin=0.000000  dAvg=0.043116  dMax=3.724814  Dlo=0.021558  Dhi=1.883965  err=0.000000  inc=-0.048875  bucket 0->0  (mf=1000)
[MF-SEL] tPrev=(  d=0.041673  dMin=0.000000  dAvg=0.043114  dMax=3.724814  Dlo=0.021557  Dhi=1.883964  err=0.000000  inc=-0.048875  bucket 0->0  (mf=1000)
[MF-SEL] tPrev=(  d=0.043483  dMin=0.000000  dAvg=0.043114  dMax=3.724814  Dlo=0.021557  Dhi=1.883964  err=0.000000  inc=-0.048875  bucket 0->0  (mf=1000)
[MF-SEL] tPrev=(  d=0.045490  dMin=0.000000  dAvg=0.043118  dMax=3.724814  Dlo=0.021559  Dhi=1.883966  err=0.000000  inc=-0.048875  bucket 0->0  (mf=1000)
[MF-SEL] tPrev=(  d=0.047987  dMin=0.000000  dAvg=0.043125  dMax=3.724814  Dlo=0.021562  Dhi=1.883969  err=0.000000  inc=-0.048875  bucket 0->0  (mf=1000)
[MF-SEL] tPrev=(  d=0.050003  dMin=0.000000  dAvg=0.043135  dMax=3.724814  Dlo=0.021568  Dhi=1.883975  err=0.000000  inc=-0.048875  bucket 0->0  (mf=1000)
[MF-SEL] tPrev=(  d=0.051690  dMin=0.000000  dAvg=0.043148  dMax=3.724814  Dlo=0.021574  Dhi=1.883981  err=0.000000  inc=-0.048875  bucket 0->0  (mf=1000)
[MF-SEL] tPrev=(  d=0.053189  dMin=0.000000  dAvg=0.043163  dMax=3.724814  Dlo=0.021581  Dhi=1.883988  err=0.000000  inc=-0.048875  bucket 0->0  (mf=1000)
[MF-SEL] tPrev=(  d=0.054613  dMin=0.000000  dAvg=0.043179  dMax=3.724814  Dlo=0.021590  Dhi=1.883997  err=0.000000  inc=-0.048875  bucket 0->0  (mf=1000)
[MF-SEL] tPrev=(  d=0.055645  dMin=0.000000  dAvg=0.043198  dMax=3.724814  Dlo=0.021599  Dhi=1.884006  err=0.000000  inc=-0.048875  bucket 0->0  (mf=1000)
[MF-SEL] tPrev=(  d=0.056055  dMin=0.000000  dAvg=0.043217  dMax=3.724814  Dlo=0.021608  Dhi=1.884015  err=0.000000  inc=-0.048875  bucket 0->0  (mf=1000)
[MF-SEL] tPrev=(  d=0.056619  dMin=0.000000  dAvg=0.043236  dMax=3.724814  Dlo=0.021618  Dhi=1.884025  err=0.000000  inc=-0.048875  bucket 0->0  (mf=1000)
[MF-SEL] tPrev=(  d=0.061486  dMin=0.000000  dAvg=0.043263  dMax=3.724814  Dlo=0.021631  Dhi=1.884038  err=0.000000  inc=-0.048875  bucket 0->0  (mf=1000)
[MF-SEL] tPrev=(  d=0.058533  dMin=0.000000  dAvg=0.043285  dMax=3.724814  Dlo=0.021643  Dhi=1.884050  err=0.000000  inc=-0.048875  bucket 0->0  (mf=1000)
[MF-SEL] tPrev=(  d=0.059151  dMin=0.000000  dAvg=0.043308  dMax=3.724814  Dlo=0.021654  Dhi=1.884061  err=0.000000  inc=-0.048875  bucket 0->0  (mf=1000)
[MF-SEL] tPrev=(  d=0.059270  dMin=0.000000  dAvg=0.043332  dMax=3.724814  Dlo=0.021666  Dhi=1.884073  err=0.000000  inc=-0.048875  bucket 0->0  (mf=1000)
[MF-SEL] tPrev=(  d=0.059603  dMin=0.000000  dAvg=0.043355  dMax=3.724814  Dlo=0.021678  Dhi=1.884085  err=0.000000  inc=-0.048875  bucket 0->0  (mf=1000)
[MF-SEL] tPrev=(  d=0.059636  dMin=0.000000  dAvg=0.043379  dMax=3.724814  Dlo=0.021689  Dhi=1.884096  err=0.000000  inc=-0.048875  bucket 0->0  (mf=1000)
[MF-SEL] tPrev=(  d=0.061664  dMin=0.000000  dAvg=0.043405  dMax=3.724814  Dlo=0.021703  Dhi=1.884110  err=0.000000  inc=-0.048875  bucket 0->0  (mf=1000)
[MF-SEL] tPrev=(  d=0.058776  dMin=0.000000  dAvg=0.043428  dMax=3.724814  Dlo=0.021714  Dhi=1.884121  err=0.000000  inc=-0.048875  bucket 0->0  (mf=1000)
[MF-SEL] tPrev=(  d=0.057631  dMin=0.000000  dAvg=0.043448  dMax=3.724814  Dlo=0.021724  Dhi=1.884131  err=0.000000  inc=-0.048875  bucket 0->0  (mf=1000)
[MF-SEL] tPrev=(  d=0.068438  dMin=0.000000  dAvg=0.043484  dMax=3.724814  Dlo=0.021742  Dhi=1.884149  err=0.000000  inc=-0.048875  bucket 0->0  (mf=1000)
[MF-SEL] tPrev=(  d=0.055777  dMin=0.000000  dAvg=0.043502  dMax=3.724814  Dlo=0.021751  Dhi=1.884158  err=0.000000  inc=-0.048875  bucket 0->0  (mf=1000)
[MF-SEL] tPrev=(  d=0.054434  dMin=0.000000  dAvg=0.043518  dMax=3.724814  Dlo=0.021759  Dhi=1.884166  err=0.000000  inc=-0.048875  bucket 0->0  (mf=1000)
[MF-SEL] tPrev=(  d=0.053273  dMin=0.000000  dAvg=0.043532  dMax=3.724814  Dlo=0.021766  Dhi=1.884173  err=0.000000  inc=-0.048875  bucket 0->0  (mf=1000)
[MF-SEL] tPrev=(  d=0.052243  dMin=0.000000  dAvg=0.043544  dMax=3.724814  Dlo=0.021772  Dhi=1.884179  err=0.000000  inc=-0.048875  bucket 0->0  (mf=1000)
[MF-SEL] tPrev=(  d=0.059611  dMin=0.000000  dAvg=0.043567  dMax=3.724814  Dlo=0.021784  Dhi=1.884191  err=0.000000  inc=-0.048875  bucket 0->0  (mf=1000)
[MF-SEL] tPrev=(  d=0.051008  dMin=0.000000  dAvg=0.043578  dMax=3.724814  Dlo=0.021789  Dhi=1.884196  err=0.000000  inc=-0.048875  bucket 0->0  (mf=1000)
[MF-SEL] tPrev=(  d=0.049776  dMin=0.000000  dAvg=0.043587  dMax=3.724814  Dlo=0.021793  Dhi=1.884200  err=0.000000  inc=-0.048875  bucket 0->0  (mf=1000)
[MF-SEL] tPrev=(  d=0.057773  dMin=0.000000  dAvg=0.043607  dMax=3.724814  Dlo=0.021803  Dhi=1.884210  err=0.000000  inc=-0.048875  bucket 0->0  (mf=1000)
[MF-SEL] tPrev=(  d=0.047517  dMin=0.000000  dAvg=0.043612  dMax=3.724814  Dlo=0.021806  Dhi=1.884213  err=0.000000  inc=-0.048875  bucket 0->0  (mf=1000)
[MF-SEL] tPrev=(  d=0.044846  dMin=0.000000  dAvg=0.043614  dMax=3.724814  Dlo=0.021807  Dhi=1.884214  err=0.000000  inc=-0.048875  bucket 0->0  (mf=1000)
[MF-SEL] tPrev=(  d=0.041236  dMin=0.000000  dAvg=0.043611  dMax=3.724814  Dlo=0.021805  Dhi=1.884212  err=0.000000  inc=-0.048875  bucket 0->0  (mf=1000)
[MF-SEL] tPrev=(  d=0.038180  dMin=0.000000  dAvg=0.043603  dMax=3.724814  Dlo=0.021802  Dhi=1.884209  err=0.000000  inc=-0.048875  bucket 0->0  (mf=1000)
[MF-SEL] tPrev=(  d=0.042485  dMin=0.000000  dAvg=0.043601  dMax=3.724814  Dlo=0.021801  Dhi=1.884208  err=0.000000  inc=-0.048875  bucket 0->0  (mf=1000)
[MF-SEL] tPrev=(  d=0.030924  dMin=0.000000  dAvg=0.043584  dMax=3.724814  Dlo=0.021792  Dhi=1.884199  err=0.000000  inc=-0.048875  bucket 0->0  (mf=1000)
[MF-SEL] tPrev=(  d=0.027196  dMin=0.000000  dAvg=0.043560  dMax=3.724814  Dlo=0.021780  Dhi=1.884187  err=0.000000  inc=-0.048875  bucket 0->0  (mf=1000)
[MF-SEL] tPrev=(  d=0.023511  dMin=0.000000  dAvg=0.043532  dMax=3.724814  Dlo=0.021766  Dhi=1.884173  err=0.000000  inc=-0.048875  bucket 0->0  (mf=1000)
[MF-SEL] tPrev=(  d=0.020154  dMin=0.000000  dAvg=0.043499  dMax=3.724814  Dlo=0.021750  Dhi=1.884157  err=-1.000000  inc=-1.025397  bucket 0->0  (mf=1000)
[MF-SEL] tPrev=(  d=0.018025  dMin=0.000000  dAvg=0.043463  dMax=3.724814  Dlo=0.021732  Dhi=1.884139  err=-1.000000  inc=-0.653293  bucket 0->0  (mf=1000)
[MF-SEL] tPrev=(  d=0.017372  dMin=0.000000  dAvg=0.043427  dMax=3.724814  Dlo=0.021713  Dhi=1.884120  err=-1.000000  inc=-0.655547  bucket 0->0  (mf=1000)
[MF-SEL] tPrev=(  d=0.016559  dMin=0.000000  dAvg=0.043389  dMax=3.724814  Dlo=0.021695  Dhi=1.884101  err=-1.000000  inc=-0.658068  bucket 0->0  (mf=1000)
[MF-SEL] tPrev=(  d=0.016857  dMin=0.000000  dAvg=0.043352  dMax=3.724814  Dlo=0.021676  Dhi=1.884083  err=-1.000000  inc=-0.660341  bucket 0->0  (mf=1000)
[MF-SEL] tPrev=(  d=0.019259  dMin=0.000000  dAvg=0.043318  dMax=3.724814  Dlo=0.021659  Dhi=1.884066  err=-1.000000  inc=-0.662540  bucket 0->0  (mf=1000)
[MF-SEL] tPrev=(  d=0.021678  dMin=0.000000  dAvg=0.043288  dMax=3.724814  Dlo=0.021644  Dhi=1.884051  err=0.000000  inc=0.267043  bucket 0->0  (mf=1000)
[MF-SEL] tPrev=(  d=0.023867  dMin=0.000000  dAvg=0.043261  dMax=3.724814  Dlo=0.021630  Dhi=1.884037  err=0.000000  inc=-0.062540  bucket 0->0  (mf=1000)
[MF-SEL] tPrev=(  d=0.025368  dMin=0.000000  dAvg=0.043236  dMax=3.724814  Dlo=0.021618  Dhi=1.884025  err=0.000000  inc=-0.062540  bucket 0->0  (mf=1000)
[MF-SEL] tPrev=(  d=0.026183  dMin=0.000000  dAvg=0.043212  dMax=3.724814  Dlo=0.021606  Dhi=1.884013  err=0.000000  inc=-0.062540  bucket 0->0  (mf=1000)
[MF-SEL] tPrev=(  d=0.026630  dMin=0.000000  dAvg=0.043189  dMax=3.724814  Dlo=0.021595  Dhi=1.884002  err=0.000000  inc=-0.062540  bucket 0->0  (mf=1000)
[MF-SEL] tPrev=(  d=0.026391  dMin=0.000000  dAvg=0.043166  dMax=3.724814  Dlo=0.021583  Dhi=1.883990  err=0.000000  inc=-0.062540  bucket 0->0  (mf=1000)
[MF-SEL] tPrev=(  d=0.032464  dMin=0.000000  dAvg=0.043151  dMax=3.724814  Dlo=0.021576  Dhi=1.883983  err=0.000000  inc=-0.062540  bucket 0->0  (mf=1000)
[MF-SEL] tPrev=(  d=0.027572  dMin=0.000000  dAvg=0.043130  dMax=3.724814  Dlo=0.021565  Dhi=1.883972  err=0.000000  inc=-0.062540  bucket 0->0  (mf=1000)
[MF-SEL] tPrev=(  d=0.028333  dMin=0.000000  dAvg=0.043109  dMax=3.724814  Dlo=0.021555  Dhi=1.883962  err=0.000000  inc=-0.062540  bucket 0->0  (mf=1000)
[MF-SEL] tPrev=(  d=0.029528  dMin=0.000000  dAvg=0.043090  dMax=3.724814  Dlo=0.021545  Dhi=1.883952  err=0.000000  inc=-0.062540  bucket 0->0  (mf=1000)
[MF-SEL] tPrev=(  d=0.029450  dMin=0.000000  dAvg=0.043072  dMax=3.724814  Dlo=0.021536  Dhi=1.883943  err=0.000000  inc=-0.062540  bucket 0->0  (mf=1000)
[MF-SEL] tPrev=(  d=0.029517  dMin=0.000000  dAvg=0.043053  dMax=3.724814  Dlo=0.021526  Dhi=1.883933  err=0.000000  inc=-0.062540  bucket 0->0  (mf=1000)
[MF-SEL] tPrev=(  d=0.031638  dMin=0.000000  dAvg=0.043037  dMax=3.724814  Dlo=0.021519  Dhi=1.883926  err=0.000000  inc=-0.062540  bucket 0->0  (mf=1000)
[MF-SEL] tPrev=(  d=0.027695  dMin=0.000000  dAvg=0.043016  dMax=3.724814  Dlo=0.021508  Dhi=1.883915  err=0.000000  inc=-0.062540  bucket 0->0  (mf=1000)
[MF-SEL] tPrev=(  d=0.026821  dMin=0.000000  dAvg=0.042994  dMax=3.724814  Dlo=0.021497  Dhi=1.883904  err=0.000000  inc=-0.062540  bucket 0->0  (mf=1000)
[MF-SEL] tPrev=(  d=0.026973  dMin=0.000000  dAvg=0.042972  dMax=3.724814  Dlo=0.021486  Dhi=1.883893  err=0.000000  inc=-0.062540  bucket 0->0  (mf=1000)
[MF-SEL] tPrev=(  d=0.027765  dMin=0.000000  dAvg=0.042951  dMax=3.724814  Dlo=0.021476  Dhi=1.883883  err=0.000000  inc=-0.062540  bucket 0->0  (mf=1000)
[MF-SEL] tPrev=(  d=0.027634  dMin=0.000000  dAvg=0.042930  dMax=3.724814  Dlo=0.021465  Dhi=1.883872  err=0.000000  inc=-0.062540  bucket 0->0  (mf=1000)
[MF-SEL] tPrev=(  d=0.029725  dMin=0.000000  dAvg=0.042912  dMax=3.724814  Dlo=0.021456  Dhi=1.883863  err=0.000000  inc=-0.062540  bucket 0->0  (mf=1000)
[MF-SEL] tPrev=(  d=0.031275  dMin=0.000000  dAvg=0.042897  dMax=3.724814  Dlo=0.021448  Dhi=1.883855  err=0.000000  inc=-0.062540  bucket 0->0  (mf=1000)
[MF-SEL] tPrev=(  d=0.032623  dMin=0.000000  dAvg=0.042883  dMax=3.724814  Dlo=0.021441  Dhi=1.883848  err=0.000000  inc=-0.062540  bucket 0->0  (mf=1000)
[MF-SEL] tPrev=(  d=0.034015  dMin=0.000000  dAvg=0.042871  dMax=3.724814  Dlo=0.021435  Dhi=1.883842  err=0.000000  inc=-0.062540  bucket 0->0  (mf=1000)
[MF-SEL] tPrev=(  d=0.035252  dMin=0.000000  dAvg=0.042860  dMax=3.724814  Dlo=0.021430  Dhi=1.883837  err=0.000000  inc=-0.062540  bucket 0->0  (mf=1000)
[MF-SEL] tPrev=(  d=0.042781  dMin=0.000000  dAvg=0.042860  dMax=3.724814  Dlo=0.021430  Dhi=1.883837  err=0.000000  inc=-0.062540  bucket 0->0  (mf=1000)
[MF-SEL] tPrev=(  d=0.037498  dMin=0.000000  dAvg=0.042853  dMax=3.724814  Dlo=0.021426  Dhi=1.883833  err=0.000000  inc=-0.062540  bucket 0->0  (mf=1000)
[MF-SEL] tPrev=(  d=0.038579  dMin=0.000000  dAvg=0.042847  dMax=3.724814  Dlo=0.021424  Dhi=1.883831  err=0.000000  inc=-0.062540  bucket 0->0  (mf=1000)
[MF-SEL] tPrev=(  d=0.040496  dMin=0.000000  dAvg=0.042844  dMax=3.724814  Dlo=0.021422  Dhi=1.883829  err=0.000000  inc=-0.062540  bucket 0->0  (mf=1000)
[MF-SEL] tPrev=(  d=0.043431  dMin=0.000000  dAvg=0.042845  dMax=3.724814  Dlo=0.021422  Dhi=1.883829  err=0.000000  inc=-0.062540  bucket 0->0  (mf=1000)
[MF-SEL] tPrev=(  d=0.046922  dMin=0.000000  dAvg=0.042850  dMax=3.724814  Dlo=0.021425  Dhi=1.883832  err=0.000000  inc=-0.062540  bucket 0->0  (mf=1000)
[MF-SEL] tPrev=(  d=0.052062  dMin=0.000000  dAvg=0.042863  dMax=3.724814  Dlo=0.021431  Dhi=1.883838  err=0.000000  inc=-0.062540  bucket 0->0  (mf=1000)
[MF-SEL] tPrev=(  d=0.054927  dMin=0.000000  dAvg=0.042879  dMax=3.724814  Dlo=0.021439  Dhi=1.883846  err=0.000000  inc=-0.062540  bucket 0->0  (mf=1000)
[MF-SEL] tPrev=(  d=0.058476  dMin=0.000000  dAvg=0.042900  dMax=3.724814  Dlo=0.021450  Dhi=1.883857  err=0.000000  inc=-0.062540  bucket 0->0  (mf=1000)
[MF-SEL] tPrev=(  d=0.062120  dMin=0.000000  dAvg=0.042925  dMax=3.724814  Dlo=0.021463  Dhi=1.883870  err=0.000000  inc=-0.062540  bucket 0->0  (mf=1000)
[MF-SEL] tPrev=(  d=0.064478  dMin=0.000000  dAvg=0.042954  dMax=3.724814  Dlo=0.021477  Dhi=1.883884  err=0.000000  inc=-0.062540  bucket 0->0  (mf=1000)
[MF-SEL] tPrev=(  d=0.070772  dMin=0.000000  dAvg=0.042991  dMax=3.724814  Dlo=0.021496  Dhi=1.883903  err=0.000000  inc=-0.062540  bucket 0->0  (mf=1000)
[MF-SEL] tPrev=(  d=0.067719  dMin=0.000000  dAvg=0.043024  dMax=3.724814  Dlo=0.021512  Dhi=1.883919  err=0.000000  inc=-0.062540  bucket 0->0  (mf=1000)
[MF-SEL] tPrev=(  d=0.068317  dMin=0.000000  dAvg=0.043058  dMax=3.724814  Dlo=0.021529  Dhi=1.883936  err=0.000000  inc=-0.062540  bucket 0->0  (mf=1000)
[MF-SEL] tPrev=(  d=0.068199  dMin=0.000000  dAvg=0.043091  dMax=3.724814  Dlo=0.021546  Dhi=1.883953  err=0.000000  inc=-0.062540  bucket 0->0  (mf=1000)
[MF-SEL] tPrev=(  d=0.068783  dMin=0.000000  dAvg=0.043125  dMax=3.724814  Dlo=0.021563  Dhi=1.883970  err=0.000000  inc=-0.062540  bucket 0->0  (mf=1000)
[MF-SEL] tPrev=(  d=0.068994  dMin=0.000000  dAvg=0.043160  dMax=3.724814  Dlo=0.021580  Dhi=1.883987  err=0.000000  inc=-0.062540  bucket 0->0  (mf=1000)
[MF-SEL] tPrev=(  d=0.068862  dMin=0.000000  dAvg=0.043194  dMax=3.724814  Dlo=0.021597  Dhi=1.884004  err=0.000000  inc=-0.062540  bucket 0->0  (mf=1000)
[MF-SEL] tPrev=(  d=0.069128  dMin=0.000000  dAvg=0.043228  dMax=3.724814  Dlo=0.021614  Dhi=1.884021  err=0.000000  inc=-0.062540  bucket 0->0  (mf=1000)
[MF-SEL] tPrev=(  d=0.061895  dMin=0.000000  dAvg=0.043252  dMax=3.724814  Dlo=0.021626  Dhi=1.884033  err=0.000000  inc=-0.062540  bucket 0->0  (mf=1000)
[MF-SEL] tPrev=(  d=0.069408  dMin=0.000000  dAvg=0.043287  dMax=3.724814  Dlo=0.021643  Dhi=1.884050  err=0.000000  inc=-0.062540  bucket 0->0  (mf=1000)
[MF-SEL] tPrev=(  d=0.069434  dMin=0.000000  dAvg=0.043321  dMax=3.724814  Dlo=0.021661  Dhi=1.884068  err=0.000000  inc=-0.062540  bucket 0->0  (mf=1000)
[MF-SEL] tPrev=(  d=0.069887  dMin=0.000000  dAvg=0.043356  dMax=3.724814  Dlo=0.021678  Dhi=1.884085  err=0.000000  inc=-0.062540  bucket 0->0  (mf=1000)
[MF-SEL] tPrev=(  d=0.070297  dMin=0.000000  dAvg=0.043392  dMax=3.724814  Dlo=0.021696  Dhi=1.884103  err=0.000000  inc=-0.062540  bucket 0->0  (mf=1000)
[MF-SEL] tPrev=(  d=0.071247  dMin=0.000000  dAvg=0.043428  dMax=3.724814  Dlo=0.021714  Dhi=1.884121  err=0.000000  inc=-0.062540  bucket 0->0  (mf=1000)
[MF-SEL] tPrev=(  d=0.077727  dMin=0.000000  dAvg=0.043473  dMax=3.724814  Dlo=0.021736  Dhi=1.884143  err=0.000000  inc=-0.062540  bucket 0->0  (mf=1000)
[MF-SEL] tPrev=(  d=0.073168  dMin=0.000000  dAvg=0.043512  dMax=3.724814  Dlo=0.021756  Dhi=1.884163  err=0.000000  inc=-0.062540  bucket 0->0  (mf=1000)
[MF-SEL] tPrev=(  d=0.072897  dMin=0.000000  dAvg=0.043550  dMax=3.724814  Dlo=0.021775  Dhi=1.884182  err=0.000000  inc=-0.062540  bucket 0->0  (mf=1000)
[MF-SEL] tPrev=(  d=0.074009  dMin=0.000000  dAvg=0.043590  dMax=3.724814  Dlo=0.021795  Dhi=1.884202  err=0.000000  inc=-0.062540  bucket 0->0  (mf=1000)
[MF-SEL] tPrev=(  d=0.070763  dMin=0.000000  dAvg=0.043625  dMax=3.724814  Dlo=0.021813  Dhi=1.884220  err=0.000000  inc=-0.062540  bucket 0->0  (mf=1000)
[MF-SEL] tPrev=(  d=0.068921  dMin=0.000000  dAvg=0.043658  dMax=3.724814  Dlo=0.021829  Dhi=1.884236  err=0.000000  inc=-0.062540  bucket 0->0  (mf=1000)
[MF-SEL] tPrev=(  d=0.068227  dMin=0.000000  dAvg=0.043690  dMax=3.724814  Dlo=0.021845  Dhi=1.884252  err=0.000000  inc=-0.062540  bucket 0->0  (mf=1000)
[MF-SEL] tPrev=(  d=0.064259  dMin=0.000000  dAvg=0.043717  dMax=3.724814  Dlo=0.021858  Dhi=1.884265  err=0.000000  inc=-0.062540  bucket 0->0  (mf=1000)
[MF-SEL] tPrev=(  d=0.060930  dMin=0.000000  dAvg=0.043739  dMax=3.724814  Dlo=0.021870  Dhi=1.884276  err=0.000000  inc=-0.062540  bucket 0->0  (mf=1000)
[MF-SEL] tPrev=(  d=0.063530  dMin=0.000000  dAvg=0.043765  dMax=3.724814  Dlo=0.021882  Dhi=1.884289  err=0.000000  inc=-0.062540  bucket 0->0  (mf=1000)
[MF-SEL] tPrev=(  d=0.056256  dMin=0.000000  dAvg=0.043781  dMax=3.724814  Dlo=0.021890  Dhi=1.884297  err=0.000000  inc=-0.062540  bucket 0->0  (mf=1000)
[MF-SEL] tPrev=(  d=0.055826  dMin=0.000000  dAvg=0.043796  dMax=3.724814  Dlo=0.021898  Dhi=1.884305  err=0.000000  inc=-0.062540  bucket 0->0  (mf=1000)
[MF-SEL] tPrev=(  d=0.062917  dMin=0.000000  dAvg=0.043821  dMax=3.724814  Dlo=0.021910  Dhi=1.884317  err=0.000000  inc=-0.062540  bucket 0->0  (mf=1000)
[MF-SEL] tPrev=(  d=0.059137  dMin=0.000000  dAvg=0.043841  dMax=3.724814  Dlo=0.021920  Dhi=1.884327  err=0.000000  inc=-0.062540  bucket 0->0  (mf=1000)
[MF-SEL] tPrev=(  d=0.064048  dMin=0.000000  dAvg=0.043867  dMax=3.724814  Dlo=0.021933  Dhi=1.884340  err=0.000000  inc=-0.062540  bucket 0->0  (mf=1000)
[MF-SEL] tPrev=(  d=0.083277  dMin=0.000000  dAvg=0.043917  dMax=3.724814  Dlo=0.021959  Dhi=1.884366  err=0.000000  inc=-0.062540  bucket 0->0  (mf=1000)
[MF-SEL] tPrev=(  d=0.078973  dMin=0.000000  dAvg=0.043962  dMax=3.724814  Dlo=0.021981  Dhi=1.884388  err=0.000000  inc=-0.062540  bucket 0->0  (mf=1000)
[MF-SEL] tPrev=(  d=0.085008  dMin=0.000000  dAvg=0.044015  dMax=3.724814  Dlo=0.022007  Dhi=1.884414  err=0.000000  inc=-0.062540  bucket 0->0  (mf=1000)
[MF-SEL] tPrev=(  d=0.098397  dMin=0.000000  dAvg=0.044084  dMax=3.724814  Dlo=0.022042  Dhi=1.884449  err=0.000000  inc=-0.062540  bucket 0->0  (mf=1000)
[MF-SEL] tPrev=(  d=0.094788  dMin=0.000000  dAvg=0.044149  dMax=3.724814  Dlo=0.022075  Dhi=1.884481  err=0.000000  inc=-0.062540  bucket 0->0  (mf=1000)
[MF-SEL] tPrev=(  d=0.098257  dMin=0.000000  dAvg=0.044218  dMax=3.724814  Dlo=0.022109  Dhi=1.884516  err=0.000000  inc=-0.062540  bucket 0->0  (mf=1000)
[MF-SEL] tPrev=(  d=0.094946  dMin=0.000000  dAvg=0.044283  dMax=3.724814  Dlo=0.022141  Dhi=1.884548  err=0.000000  inc=-0.062540  bucket 0->0  (mf=1000)
[MF-SEL] tPrev=(  d=0.100267  dMin=0.000000  dAvg=0.044354  dMax=3.724814  Dlo=0.022177  Dhi=1.884584  err=0.000000  inc=-0.062540  bucket 0->0  (mf=1000)
[MF-SEL] tPrev=(  d=0.103222  dMin=0.000000  dAvg=0.044429  dMax=3.724814  Dlo=0.022214  Dhi=1.884621  err=0.000000  inc=-0.062540  bucket 0->0  (mf=1000)
[MF-SEL] tPrev=(  d=0.099742  dMin=0.000000  dAvg=0.044499  dMax=3.724814  Dlo=0.022249  Dhi=1.884656  err=0.000000  inc=-0.062540  bucket 0->0  (mf=1000)
[MF-SEL] tPrev=(  d=0.099147  dMin=0.000000  dAvg=0.044568  dMax=3.724814  Dlo=0.022284  Dhi=1.884691  err=0.000000  inc=-0.062540  bucket 0->0  (mf=1000)
[MF-SEL] tPrev=(  d=0.081092  dMin=0.000000  dAvg=0.044614  dMax=3.724814  Dlo=0.022307  Dhi=1.884714  err=0.000000  inc=-0.062540  bucket 0->0  (mf=1000)
[MF-SEL] tPrev=(  d=0.098076  dMin=0.000000  dAvg=0.044682  dMax=3.724814  Dlo=0.022341  Dhi=1.884748  err=0.000000  inc=-0.062540  bucket 0->0  (mf=1000)
[MF-SEL] tPrev=(  d=0.097704  dMin=0.000000  dAvg=0.044749  dMax=3.724814  Dlo=0.022374  Dhi=1.884781  err=0.000000  inc=-0.062540  bucket 0->0  (mf=1000)
[MF-SEL] tPrev=(  d=0.092951  dMin=0.000000  dAvg=0.044810  dMax=3.724814  Dlo=0.022405  Dhi=1.884812  err=0.000000  inc=-0.062540  bucket 0->0  (mf=1000)
[MF-SEL] tPrev=(  d=0.095674  dMin=0.000000  dAvg=0.044874  dMax=3.724814  Dlo=0.022437  Dhi=1.884844  err=0.000000  inc=-0.062540  bucket 0->0  (mf=1000)
[MF-SEL] tPrev=(  d=0.092725  dMin=0.000000  dAvg=0.044934  dMax=3.724814  Dlo=0.022467  Dhi=1.884874  err=0.000000  inc=-0.062540  bucket 0->0  (mf=1000)
[MF-SEL] tPrev=(  d=0.087322  dMin=0.000000  dAvg=0.044987  dMax=3.724814  Dlo=0.022494  Dhi=1.884901  err=0.000000  inc=-0.062540  bucket 0->0  (mf=1000)
[MF-SEL] tPrev=(  d=0.087563  dMin=0.000000  dAvg=0.045041  dMax=3.724814  Dlo=0.022520  Dhi=1.884927  err=0.000000  inc=-0.062540  bucket 0->0  (mf=1000)
[MF-SEL] tPrev=(  d=0.085767  dMin=0.000000  dAvg=0.045092  dMax=3.724814  Dlo=0.022546  Dhi=1.884953  err=0.000000  inc=-0.062540  bucket 0->0  (mf=1000)
[MF-SEL] tPrev=(  d=0.084522  dMin=0.000000  dAvg=0.045141  dMax=3.724814  Dlo=0.022570  Dhi=1.884977  err=0.000000  inc=-0.062540  bucket 0->0  (mf=1000)
[MF-SEL] tPrev=(  d=0.083928  dMin=0.000000  dAvg=0.045189  dMax=3.724814  Dlo=0.022595  Dhi=1.885002  err=0.000000  inc=-0.062540  bucket 0->0  (mf=1000)
[MF-SEL] tPrev=(  d=0.082978  dMin=0.000000  dAvg=0.045237  dMax=3.724814  Dlo=0.022618  Dhi=1.885025  err=0.000000  inc=-0.062540  bucket 0->0  (mf=1000)
[MF-SEL] tPrev=(  d=0.082540  dMin=0.000000  dAvg=0.045283  dMax=3.724814  Dlo=0.022642  Dhi=1.885049  err=0.000000  inc=-0.062540  bucket 0->0  (mf=1000)
[MF-SEL] tPrev=(  d=0.080622  dMin=0.000000  dAvg=0.045327  dMax=3.724814  Dlo=0.022664  Dhi=1.885071  err=0.000000  inc=-0.062540  bucket 0->0  (mf=1000)
[MF-SEL] tPrev=(  d=0.070538  dMin=0.000000  dAvg=0.045359  dMax=3.724814  Dlo=0.022679  Dhi=1.885086  err=0.000000  inc=-0.062540  bucket 0->0  (mf=1000)
[MF-SEL] tPrev=(  d=0.074975  dMin=0.000000  dAvg=0.045395  dMax=3.724814  Dlo=0.022698  Dhi=1.885105  err=0.000000  inc=-0.062540  bucket 0->0  (mf=1000)
[MF-SEL] tPrev=(  d=0.071929  dMin=0.000000  dAvg=0.045428  dMax=3.724814  Dlo=0.022714  Dhi=1.885121  err=0.000000  inc=-0.062540  bucket 0->0  (mf=1000)
[MF-SEL] tPrev=(  d=0.068983  dMin=0.000000  dAvg=0.045457  dMax=3.724814  Dlo=0.022729  Dhi=1.885136  err=0.000000  inc=-0.062540  bucket 0->0  (mf=1000)
[MF-SEL] tPrev=(  d=0.066426  dMin=0.000000  dAvg=0.045483  dMax=3.724814  Dlo=0.022742  Dhi=1.885149  err=0.000000  inc=-0.062540  bucket 0->0  (mf=1000)
[MF-SEL] tPrev=(  d=0.051193  dMin=0.000000  dAvg=0.045490  dMax=3.724814  Dlo=0.022745  Dhi=1.885152  err=0.000000  inc=-0.062540  bucket 0->0  (mf=1000)
[MF-SEL] tPrev=(  d=0.061482  dMin=0.000000  dAvg=0.045510  dMax=3.724814  Dlo=0.022755  Dhi=1.885162  err=0.000000  inc=-0.062540  bucket 0->0  (mf=1000)
[MF-SEL] tPrev=(  d=0.059280  dMin=0.000000  dAvg=0.045527  dMax=3.724814  Dlo=0.022764  Dhi=1.885171  err=0.000000  inc=-0.062540  bucket 0->0  (mf=1000)
[MF-SEL] tPrev=(  d=0.057667  dMin=0.000000  dAvg=0.045542  dMax=3.724814  Dlo=0.022771  Dhi=1.885178  err=0.000000  inc=-0.062540  bucket 0->0  (mf=1000)
[MF-SEL] tPrev=(  d=0.056488  dMin=0.000000  dAvg=0.045556  dMax=3.724814  Dlo=0.022778  Dhi=1.885185  err=0.000000  inc=-0.062540  bucket 0->0  (mf=1000)
[MF-SEL] tPrev=(  d=0.043713  dMin=0.000000  dAvg=0.045553  dMax=3.724814  Dlo=0.022777  Dhi=1.885184  err=0.000000  inc=-0.062540  bucket 0->0  (mf=1000)
[MF-SEL] tPrev=(  d=0.052700  dMin=0.000000  dAvg=0.045562  dMax=3.724814  Dlo=0.022781  Dhi=1.885188  err=0.000000  inc=-0.062540  bucket 0->0  (mf=1000)
[MF-SEL] tPrev=(  d=0.050099  dMin=0.000000  dAvg=0.045568  dMax=3.724814  Dlo=0.022784  Dhi=1.885191  err=0.000000  inc=-0.062540  bucket 0->0  (mf=1000)
[MF-SEL] tPrev=(  d=0.046855  dMin=0.000000  dAvg=0.045569  dMax=3.724814  Dlo=0.022785  Dhi=1.885192  err=0.000000  inc=-0.062540  bucket 0->0  (mf=1000)
[MF-SEL] tPrev=(  d=0.044507  dMin=0.000000  dAvg=0.045568  dMax=3.724814  Dlo=0.022784  Dhi=1.885191  err=0.000000  inc=-0.062540  bucket 0->0  (mf=1000)
[MF-SEL] tPrev=(  d=0.043887  dMin=0.000000  dAvg=0.045566  dMax=3.724814  Dlo=0.022783  Dhi=1.885190  err=0.000000  inc=-0.062540  bucket 0->0  (mf=1000)
[MF-SEL] tPrev=(  d=0.040467  dMin=0.000000  dAvg=0.045560  dMax=3.724814  Dlo=0.022780  Dhi=1.885187  err=0.000000  inc=-0.062540  bucket 0->0  (mf=1000)
[MF-SEL] tPrev=(  d=0.038969  dMin=0.000000  dAvg=0.045552  dMax=3.724814  Dlo=0.022776  Dhi=1.885183  err=0.000000  inc=-0.062540  bucket 0->0  (mf=1000)
[MF-SEL] tPrev=(  d=0.039618  dMin=0.000000  dAvg=0.045544  dMax=3.724814  Dlo=0.022772  Dhi=1.885179  err=0.000000  inc=-0.062540  bucket 0->0  (mf=1000)
[MF-SEL] tPrev=(  d=0.041147  dMin=0.000000  dAvg=0.045539  dMax=3.724814  Dlo=0.022770  Dhi=1.885176  err=0.000000  inc=-0.062540  bucket 0->0  (mf=1000)
[MF-SEL] tPrev=(  d=0.042459  dMin=0.000000  dAvg=0.045535  dMax=3.724814  Dlo=0.022768  Dhi=1.885175  err=0.000000  inc=-0.062540  bucket 0->0  (mf=1000)
[MF-SEL] tPrev=(  d=0.039319  dMin=0.000000  dAvg=0.045528  dMax=3.724814  Dlo=0.022764  Dhi=1.885171  err=0.000000  inc=-0.062540  bucket 0->0  (mf=1000)
[MF-SEL] tPrev=(  d=0.043592  dMin=0.000000  dAvg=0.045525  dMax=3.724814  Dlo=0.022763  Dhi=1.885170  err=0.000000  inc=-0.062540  bucket 0->0  (mf=1000)
[MF-SEL] tPrev=(  d=0.044405  dMin=0.000000  dAvg=0.045524  dMax=3.724814  Dlo=0.022762  Dhi=1.885169  err=0.000000  inc=-0.062540  bucket 0->0  (mf=1000)
[MF-SEL] tPrev=(  d=0.046123  dMin=0.000000  dAvg=0.045525  dMax=3.724814  Dlo=0.022762  Dhi=1.885169  err=0.000000  inc=-0.062540  bucket 0->0  (mf=1000)
[MF-SEL] tPrev=(  d=0.056212  dMin=0.000000  dAvg=0.045538  dMax=3.724814  Dlo=0.022769  Dhi=1.885176  err=0.000000  inc=-0.062540  bucket 0->0  (mf=1000)
[MF-SEL] tPrev=(  d=0.051818  dMin=0.000000  dAvg=0.045545  dMax=3.724814  Dlo=0.022773  Dhi=1.885180  err=0.000000  inc=-0.062540  bucket 0->0  (mf=1000)
[MF-SEL] tPrev=(  d=0.054635  dMin=0.000000  dAvg=0.045556  dMax=3.724814  Dlo=0.022778  Dhi=1.885185  err=0.000000  inc=-0.062540  bucket 0->0  (mf=1000)
[MF-SEL] tPrev=(  d=0.055879  dMin=0.000000  dAvg=0.045569  dMax=3.724814  Dlo=0.022784  Dhi=1.885191  err=0.000000  inc=-0.062540  bucket 0->0  (mf=1000)
[MF-SEL] tPrev=(  d=0.058045  dMin=0.000000  dAvg=0.045584  dMax=3.724814  Dlo=0.022792  Dhi=1.885199  err=0.000000  inc=-0.062540  bucket 0->0  (mf=1000)
[MF-SEL] tPrev=(  d=0.059156  dMin=0.000000  dAvg=0.045600  dMax=3.724814  Dlo=0.022800  Dhi=1.885207  err=0.000000  inc=-0.062540  bucket 0->0  (mf=1000)
[MF-SEL] tPrev=(  d=0.059988  dMin=0.000000  dAvg=0.045617  dMax=3.724814  Dlo=0.022809  Dhi=1.885216  err=0.000000  inc=-0.062540  bucket 0->0  (mf=1000)
[MF-SEL] tPrev=(  d=0.060495  dMin=0.000000  dAvg=0.045635  dMax=3.724814  Dlo=0.022817  Dhi=1.885224  err=0.000000  inc=-0.062540  bucket 0->0  (mf=1000)
[MF-SEL] tPrev=(  d=0.066921  dMin=0.000000  dAvg=0.045660  dMax=3.724814  Dlo=0.022830  Dhi=1.885237  err=0.000000  inc=-0.062540  bucket 0->0  (mf=1000)
[MF-SEL] tPrev=(  d=0.061290  dMin=0.000000  dAvg=0.045679  dMax=3.724814  Dlo=0.022839  Dhi=1.885246  err=0.000000  inc=-0.062540  bucket 0->0  (mf=1000)
[MF-SEL] tPrev=(  d=0.060898  dMin=0.000000  dAvg=0.045697  dMax=3.724814  Dlo=0.022849  Dhi=1.885256  err=0.000000  inc=-0.062540  bucket 0->0  (mf=1000)
[MF-SEL] tPrev=(  d=0.066280  dMin=0.000000  dAvg=0.045722  dMax=3.724814  Dlo=0.022861  Dhi=1.885268  err=0.000000  inc=-0.062540  bucket 0->0  (mf=1000)
[MF-SEL] tPrev=(  d=0.059334  dMin=0.000000  dAvg=0.045738  dMax=3.724814  Dlo=0.022869  Dhi=1.885276  err=0.000000  inc=-0.062540  bucket 0->0  (mf=1000)
[MF-SEL] tPrev=(  d=0.057594  dMin=0.000000  dAvg=0.045752  dMax=3.724814  Dlo=0.022876  Dhi=1.885283  err=0.000000  inc=-0.062540  bucket 0->0  (mf=1000)
[MF-SEL] tPrev=(  d=0.056261  dMin=0.000000  dAvg=0.045764  dMax=3.724814  Dlo=0.022882  Dhi=1.885289  err=0.000000  inc=-0.062540  bucket 0->0  (mf=1000)
[MF-SEL] tPrev=(  d=0.055219  dMin=0.000000  dAvg=0.045776  dMax=3.724814  Dlo=0.022888  Dhi=1.885295  err=0.000000  inc=-0.062540  bucket 0->0  (mf=1000)
[MF-SEL] tPrev=(  d=0.054748  dMin=0.000000  dAvg=0.045786  dMax=3.724814  Dlo=0.022893  Dhi=1.885300  err=0.000000  inc=-0.062540  bucket 0->0  (mf=1000)
[MF-SEL] tPrev=(  d=0.051579  dMin=0.000000  dAvg=0.045793  dMax=3.724814  Dlo=0.022897  Dhi=1.885303  err=0.000000  inc=-0.062540  bucket 0->0  (mf=1000)
[MF-SEL] tPrev=(  d=0.055940  dMin=0.000000  dAvg=0.045805  dMax=3.724814  Dlo=0.022903  Dhi=1.885309  err=0.000000  inc=-0.062540  bucket 0->0  (mf=1000)
[MF-SEL] tPrev=(  d=0.057226  dMin=0.000000  dAvg=0.045818  dMax=3.724814  Dlo=0.022909  Dhi=1.885316  err=0.000000  inc=-0.062540  bucket 0->0  (mf=1000)
[MF-SEL] tPrev=(  d=0.049393  dMin=0.000000  dAvg=0.045823  dMax=3.724814  Dlo=0.022911  Dhi=1.885318  err=0.000000  inc=-0.062540  bucket 0->0  (mf=1000)
[MF-SEL] tPrev=(  d=0.056516  dMin=0.000000  dAvg=0.045835  dMax=3.724814  Dlo=0.022918  Dhi=1.885325  err=0.000000  inc=-0.062540  bucket 0->0  (mf=1000)
[MF-SEL] tPrev=(  d=0.055605  dMin=0.000000  dAvg=0.045847  dMax=3.724814  Dlo=0.022923  Dhi=1.885330  err=0.000000  inc=-0.062540  bucket 0->0  (mf=1000)
[MF-SEL] tPrev=(  d=0.054652  dMin=0.000000  dAvg=0.045857  dMax=3.724814  Dlo=0.022929  Dhi=1.885336  err=0.000000  inc=-0.062540  bucket 0->0  (mf=1000)
[MF-SEL] tPrev=(  d=0.052340  dMin=0.000000  dAvg=0.045865  dMax=3.724814  Dlo=0.022932  Dhi=1.885339  err=0.000000  inc=-0.062540  bucket 0->0  (mf=1000)
[MF-SEL] tPrev=(  d=0.051277  dMin=0.000000  dAvg=0.045871  dMax=3.724814  Dlo=0.022936  Dhi=1.885342  err=0.000000  inc=-0.062540  bucket 0->0  (mf=1000)
[MF-SEL] tPrev=(  d=0.048792  dMin=0.000000  dAvg=0.045874  dMax=3.724814  Dlo=0.022937  Dhi=1.885344  err=0.000000  inc=-0.062540  bucket 0->0  (mf=1000)
[MF-SEL] tPrev=(  d=0.042255  dMin=0.000000  dAvg=0.045870  dMax=3.724814  Dlo=0.022935  Dhi=1.885342  err=0.000000  inc=-0.062540  bucket 0->0  (mf=1000)
[MF-SEL] tPrev=(  d=0.043898  dMin=0.000000  dAvg=0.045868  dMax=3.724814  Dlo=0.022934  Dhi=1.885341  err=0.000000  inc=-0.062540  bucket 0->0  (mf=1000)
[MF-SEL] tPrev=(  d=0.042123  dMin=0.000000  dAvg=0.045864  dMax=3.724814  Dlo=0.022932  Dhi=1.885339  err=0.000000  inc=-0.062540  bucket 0->0  (mf=1000)
[MF-SEL] tPrev=(  d=0.040754  dMin=0.000000  dAvg=0.045858  dMax=3.724814  Dlo=0.022929  Dhi=1.885336  err=0.000000  inc=-0.062540  bucket 0->0  (mf=1000)
[MF-SEL] tPrev=(  d=0.039557  dMin=0.000000  dAvg=0.045850  dMax=3.724814  Dlo=0.022925  Dhi=1.885332  err=0.000000  inc=-0.062540  bucket 0->0  (mf=1000)
[MF-SEL] tPrev=(  d=0.044350  dMin=0.000000  dAvg=0.045849  dMax=3.724814  Dlo=0.022924  Dhi=1.885331  err=0.000000  inc=-0.062540  bucket 0->0  (mf=1000)
[MF-SEL] tPrev=(  d=0.040233  dMin=0.000000  dAvg=0.045842  dMax=3.724814  Dlo=0.022921  Dhi=1.885328  err=0.000000  inc=-0.062540  bucket 0->0  (mf=1000)
[MF-SEL] tPrev=(  d=0.044317  dMin=0.000000  dAvg=0.045840  dMax=3.724814  Dlo=0.022920  Dhi=1.885327  err=0.000000  inc=-0.062540  bucket 0->0  (mf=1000)
[MF-SEL] tPrev=(  d=0.043118  dMin=0.000000  dAvg=0.045837  dMax=3.724814  Dlo=0.022919  Dhi=1.885326  err=0.000000  inc=-0.062540  bucket 0->0  (mf=1000)
[MF-SEL] tPrev=(  d=0.050162  dMin=0.000000  dAvg=0.045842  dMax=3.724814  Dlo=0.022921  Dhi=1.885328  err=0.000000  inc=-0.062540  bucket 0->0  (mf=1000)
[MF-SEL] tPrev=(  d=0.046645  dMin=0.000000  dAvg=0.045843  dMax=3.724814  Dlo=0.022922  Dhi=1.885328  err=0.000000  inc=-0.062540  bucket 0->0  (mf=1000)
[MF-SEL] tPrev=(  d=0.050513  dMin=0.000000  dAvg=0.045848  dMax=3.724814  Dlo=0.022924  Dhi=1.885331  err=0.000000  inc=-0.062540  bucket 0->0  (mf=1000)
[MF-SEL] tPrev=(  d=0.050841  dMin=0.000000  dAvg=0.045854  dMax=3.724814  Dlo=0.022927  Dhi=1.885334  err=0.000000  inc=-0.062540  bucket 0->0  (mf=1000)
[MF-SEL] tPrev=(  d=0.052371  dMin=0.000000  dAvg=0.045862  dMax=3.724814  Dlo=0.022931  Dhi=1.885338  err=0.000000  inc=-0.062540  bucket 0->0  (mf=1000)
[MF-SEL] tPrev=(  d=0.048561  dMin=0.000000  dAvg=0.045865  dMax=3.724814  Dlo=0.022932  Dhi=1.885339  err=0.000000  inc=-0.062540  bucket 0->0  (mf=1000)
[MF-SEL] tPrev=(  d=0.053992  dMin=0.000000  dAvg=0.045874  dMax=3.724814  Dlo=0.022937  Dhi=1.885344  err=0.000000  inc=-0.062540  bucket 0->0  (mf=1000)
[MF-SEL] tPrev=(  d=0.054790  dMin=0.000000  dAvg=0.045884  dMax=3.724814  Dlo=0.022942  Dhi=1.885349  err=0.000000  inc=-0.062540  bucket 0->0  (mf=1000)
[MF-SEL] tPrev=(  d=0.057193  dMin=0.000000  dAvg=0.045897  dMax=3.724814  Dlo=0.022949  Dhi=1.885356  err=0.000000  inc=-0.062540  bucket 0->0  (mf=1000)
[MF-SEL] tPrev=(  d=0.055637  dMin=0.000000  dAvg=0.045908  dMax=3.724814  Dlo=0.022954  Dhi=1.885361  err=0.000000  inc=-0.062540  bucket 0->0  (mf=1000)
[MF-SEL] tPrev=(  d=0.056084  dMin=0.000000  dAvg=0.045920  dMax=3.724814  Dlo=0.022960  Dhi=1.885367  err=0.000000  inc=-0.062540  bucket 0->0  (mf=1000)
[MF-SEL] tPrev=(  d=0.056624  dMin=0.000000  dAvg=0.045932  dMax=3.724814  Dlo=0.022966  Dhi=1.885373  err=0.000000  inc=-0.062540  bucket 0->0  (mf=1000)
[MF-SEL] tPrev=(  d=0.056952  dMin=0.000000  dAvg=0.045945  dMax=3.724814  Dlo=0.022972  Dhi=1.885379  err=0.000000  inc=-0.062540  bucket 0->0  (mf=1000)
[MF-SEL] tPrev=(  d=0.057099  dMin=0.000000  dAvg=0.045958  dMax=3.724814  Dlo=0.022979  Dhi=1.885386  err=0.000000  inc=-0.062540  bucket 0->0  (mf=1000)
[MF-SEL] tPrev=(  d=0.057196  dMin=0.000000  dAvg=0.045970  dMax=3.724814  Dlo=0.022985  Dhi=1.885392  err=0.000000  inc=-0.062540  bucket 0->0  (mf=1000)
[MF-SEL] tPrev=(  d=0.056416  dMin=0.000000  dAvg=0.045982  dMax=3.724814  Dlo=0.022991  Dhi=1.885398  err=0.000000  inc=-0.062540  bucket 0->0  (mf=1000)
[MF-SEL] tPrev=(  d=0.055069  dMin=0.000000  dAvg=0.045992  dMax=3.724814  Dlo=0.022996  Dhi=1.885403  err=0.000000  inc=-0.062540  bucket 0->0  (mf=1000)
[MF-SEL] tPrev=(  d=0.052797  dMin=0.000000  dAvg=0.046000  dMax=3.724814  Dlo=0.023000  Dhi=1.885407  err=0.000000  inc=-0.062540  bucket 0->0  (mf=1000)
[MF-SEL] tPrev=(  d=0.051099  dMin=0.000000  dAvg=0.046006  dMax=3.724814  Dlo=0.023003  Dhi=1.885410  err=0.000000  inc=-0.062540  bucket 0->0  (mf=1000)
[MF-SEL] tPrev=(  d=0.049141  dMin=0.000000  dAvg=0.046010  dMax=3.724814  Dlo=0.023005  Dhi=1.885412  err=0.000000  inc=-0.062540  bucket 0->0  (mf=1000)
[MF-SEL] tPrev=(  d=0.043721  dMin=0.000000  dAvg=0.046007  dMax=3.724814  Dlo=0.023003  Dhi=1.885410  err=0.000000  inc=-0.062540  bucket 0->0  (mf=1000)
[MF-SEL] tPrev=(  d=0.046086  dMin=0.000000  dAvg=0.046007  dMax=3.724814  Dlo=0.023004  Dhi=1.885410  err=0.000000  inc=-0.062540  bucket 0->0  (mf=1000)
[MF-SEL] tPrev=(  d=0.044738  dMin=0.000000  dAvg=0.046006  dMax=3.724814  Dlo=0.023003  Dhi=1.885410  err=0.000000  inc=-0.062540  bucket 0->0  (mf=1000)
[MF-SEL] tPrev=(  d=0.043783  dMin=0.000000  dAvg=0.046003  dMax=3.724814  Dlo=0.023002  Dhi=1.885409  err=0.000000  inc=-0.062540  bucket 0->0  (mf=1000)
[MF-SEL] tPrev=(  d=0.043611  dMin=0.000000  dAvg=0.046000  dMax=3.724814  Dlo=0.023000  Dhi=1.885407  err=0.000000  inc=-0.062540  bucket 0->0  (mf=1000)
[MF-SEL] tPrev=(  d=0.043572  dMin=0.000000  dAvg=0.045998  dMax=3.724814  Dlo=0.022999  Dhi=1.885406  err=0.000000  inc=-0.062540  bucket 0->0  (mf=1000)
[MF-SEL] tPrev=(  d=0.044126  dMin=0.000000  dAvg=0.045996  dMax=3.724814  Dlo=0.022998  Dhi=1.885405  err=0.000000  inc=-0.062540  bucket 0->0  (mf=1000)
[MF-SEL] tPrev=(  d=0.045402  dMin=0.000000  dAvg=0.045995  dMax=3.724814  Dlo=0.022997  Dhi=1.885404  err=0.000000  inc=-0.062540  bucket 0->0  (mf=1000)
[MF-SEL] tPrev=(  d=0.046826  dMin=0.000000  dAvg=0.045996  dMax=3.724814  Dlo=0.022998  Dhi=1.885405  err=0.000000  inc=-0.062540  bucket 0->0  (mf=1000)
[MF-SEL] tPrev=(  d=0.049245  dMin=0.000000  dAvg=0.045999  dMax=3.724814  Dlo=0.023000  Dhi=1.885407  err=0.000000  inc=-0.062540  bucket 0->0  (mf=1000)
[MF-SEL] tPrev=(  d=0.066883  dMin=0.000000  dAvg=0.046023  dMax=3.724814  Dlo=0.023011  Dhi=1.885418  err=0.000000  inc=-0.062540  bucket 0->0  (mf=1000)
*Loop detected
phi = 0.000847 0.029059 0.023203
BAD LOOP!!!
[MF-SEL] tPrev=(  d=0.053165  dMin=0.000000  dAvg=0.046031  dMax=3.724814  Dlo=0.023015  Dhi=1.885422  err=0.000000  inc=-0.062540  bucket 0->0  (mf=1000)
[MF-SEL] tPrev=(  d=0.053038  dMin=0.000000  dAvg=0.046039  dMax=3.724814  Dlo=0.023019  Dhi=1.885426  err=0.000000  inc=-0.062540  bucket 0->0  (mf=1000)
[MF-SEL] tPrev=(  d=0.052279  dMin=0.000000  dAvg=0.046046  dMax=3.724814  Dlo=0.023023  Dhi=1.885430  err=0.000000  inc=-0.062540  bucket 0->0  (mf=1000)
[MF-SEL] tPrev=(  d=0.050925  dMin=0.000000  dAvg=0.046051  dMax=3.724814  Dlo=0.023025  Dhi=1.885432  err=0.000000  inc=-0.062540  bucket 0->0  (mf=1000)
[MF-SEL] tPrev=(  d=0.049524  dMin=0.000000  dAvg=0.046055  dMax=3.724814  Dlo=0.023027  Dhi=1.885434  err=0.000000  inc=-0.062540  bucket 0->0  (mf=1000)
[MF-SEL] tPrev=(  d=0.046580  dMin=0.000000  dAvg=0.046055  dMax=3.724814  Dlo=0.023028  Dhi=1.885435  err=0.000000  inc=-0.062540  bucket 0->0  (mf=1000)
[MF-SEL] tPrev=(  d=0.044578  dMin=0.000000  dAvg=0.046054  dMax=3.724814  Dlo=0.023027  Dhi=1.885434  err=0.000000  inc=-0.062540  bucket 0->0  (mf=1000)
[MF-SEL] tPrev=(  d=0.038849  dMin=0.000000  dAvg=0.046046  dMax=3.724814  Dlo=0.023023  Dhi=1.885430  err=0.000000  inc=-0.062540  bucket 0->0  (mf=1000)
[MF-SEL] tPrev=(  d=0.042694  dMin=0.000000  dAvg=0.046042  dMax=3.724814  Dlo=0.023021  Dhi=1.885428  err=0.000000  inc=-0.062540  bucket 0->0  (mf=1000)
[MF-SEL] tPrev=(  d=0.041735  dMin=0.000000  dAvg=0.046037  dMax=3.724814  Dlo=0.023019  Dhi=1.885426  err=0.000000  inc=-0.062540  bucket 0->0  (mf=1000)
[MF-SEL] tPrev=(  d=0.040956  dMin=0.000000  dAvg=0.046032  dMax=3.724814  Dlo=0.023016  Dhi=1.885423  err=0.000000  inc=-0.062540  bucket 0->0  (mf=1000)
[MF-SEL] tPrev=(  d=0.040830  dMin=0.000000  dAvg=0.046026  dMax=3.724814  Dlo=0.023013  Dhi=1.885420  err=0.000000  inc=-0.062540  bucket 0->0  (mf=1000)
[MF-SEL] tPrev=(  d=0.040988  dMin=0.000000  dAvg=0.046020  dMax=3.724814  Dlo=0.023010  Dhi=1.885417  err=0.000000  inc=-0.062540  bucket 0->0  (mf=1000)
[MF-SEL] tPrev=(  d=0.041037  dMin=0.000000  dAvg=0.046015  dMax=3.724814  Dlo=0.023007  Dhi=1.885414  err=0.000000  inc=-0.062540  bucket 0->0  (mf=1000)
[MF-SEL] tPrev=(  d=0.041642  dMin=0.000000  dAvg=0.046010  dMax=3.724814  Dlo=0.023005  Dhi=1.885412  err=0.000000  inc=-0.062540  bucket 0->0  (mf=1000)
[MF-SEL] tPrev=(  d=0.042197  dMin=0.000000  dAvg=0.046006  dMax=3.724814  Dlo=0.023003  Dhi=1.885410  err=0.000000  inc=-0.062540  bucket 0->0  (mf=1000)
[MF-SEL] tPrev=(  d=0.044479  dMin=0.000000  dAvg=0.046004  dMax=3.724814  Dlo=0.023002  Dhi=1.885409  err=0.000000  inc=-0.062540  bucket 0->0  (mf=1000)
[MF-SEL] tPrev=(  d=0.046882  dMin=0.000000  dAvg=0.046005  dMax=3.724814  Dlo=0.023003  Dhi=1.885410  err=0.000000  inc=-0.062540  bucket 0->0  (mf=1000)
*Loop detected
phi = -0.000191  0.006929  0.010193
Local Mapping STOP
[MF-SEL] tPrev=(  d=0.046898  dMin=0.000000  dAvg=0.046006  dMax=3.724814  Dlo=0.023003  Dhi=1.885410  err=0.000000  inc=-0.062540  bucket 0->0  (mf=1000)
[MF-SEL] tPrev=(  d=0.114086  dMin=0.000000  dAvg=0.046081  dMax=3.724814  Dlo=0.023040  Dhi=1.885447  err=0.000000  inc=-0.062540  bucket 0->0  (mf=1000)
[MF-SEL] tPrev=(  d=0.048700  dMin=0.000000  dAvg=0.046083  dMax=3.724814  Dlo=0.023042  Dhi=1.885449  err=0.000000  inc=-0.062540  bucket 0->0  (mf=1000)
[MF-SEL] tPrev=(  d=0.049608  dMin=0.000000  dAvg=0.046087  dMax=3.724814  Dlo=0.023044  Dhi=1.885451  err=0.000000  inc=-0.062540  bucket 0->0  (mf=1000)
Local Mapping RELEASE
[MF-SEL] tPrev=(  d=0.050141  dMin=0.000000  dAvg=0.046092  dMax=3.724814  Dlo=0.023046  Dhi=1.885453  err=0.000000  inc=-0.062540  bucket 0->0  (mf=1000)
[MF-SEL] tPrev=(  d=0.050648  dMin=0.000000  dAvg=0.046097  dMax=3.724814  Dlo=0.023048  Dhi=1.885455  err=0.000000  inc=-0.062540  bucket 0->0  (mf=1000)
[MF-SEL] tPrev=(  d=0.050481  dMin=0.000000  dAvg=0.046101  dMax=3.724814  Dlo=0.023051  Dhi=1.885458  err=0.000000  inc=-0.062540  bucket 0->0  (mf=1000)
[MF-SEL] tPrev=(  d=0.050447  dMin=0.000000  dAvg=0.046106  dMax=3.724814  Dlo=0.023053  Dhi=1.885460  err=0.000000  inc=-0.062540  bucket 0->0  (mf=1000)
[MF-SEL] tPrev=(  d=0.057150  dMin=0.000000  dAvg=0.046118  dMax=3.724814  Dlo=0.023059  Dhi=1.885466  err=0.000000  inc=-0.062540  bucket 0->0  (mf=1000)
[MF-SEL] tPrev=(  d=0.050402  dMin=0.000000  dAvg=0.046123  dMax=3.724814  Dlo=0.023061  Dhi=1.885468  err=0.000000  inc=-0.062540  bucket 0->0  (mf=1000)
[MF-SEL] tPrev=(  d=0.050680  dMin=0.000000  dAvg=0.046128  dMax=3.724814  Dlo=0.023064  Dhi=1.885471  err=0.000000  inc=-0.062540  bucket 0->0  (mf=1000)
[MF-SEL] tPrev=(  d=0.057257  dMin=0.000000  dAvg=0.046140  dMax=3.724814  Dlo=0.023070  Dhi=1.885477  err=0.000000  inc=-0.062540  bucket 0->0  (mf=1000)
[MF-SEL] tPrev=(  d=0.050303  dMin=0.000000  dAvg=0.046144  dMax=3.724814  Dlo=0.023072  Dhi=1.885479  err=0.000000  inc=-0.062540  bucket 0->0  (mf=1000)
[MF-SEL] tPrev=(  d=0.049405  dMin=0.000000  dAvg=0.046148  dMax=3.724814  Dlo=0.023074  Dhi=1.885481  err=0.000000  inc=-0.062540  bucket 0->0  (mf=1000)
[MF-SEL] tPrev=(  d=0.048380  dMin=0.000000  dAvg=0.046150  dMax=3.724814  Dlo=0.023075  Dhi=1.885482  err=0.000000  inc=-0.062540  bucket 0->0  (mf=1000)
[MF-SEL] tPrev=(  d=0.049525  dMin=0.000000  dAvg=0.046154  dMax=3.724814  Dlo=0.023077  Dhi=1.885484  err=0.000000  inc=-0.062540  bucket 0->0  (mf=1000)
Local Mapping STOP
Local Mapping RELEASE
[MF-SEL] tPrev=(  d=0.100228  dMin=0.000000  dAvg=0.046212  dMax=3.724814  Dlo=0.023106  Dhi=1.885513  err=0.000000  inc=-0.062540  bucket 0->0  (mf=1000)
[MF-SEL] tPrev=(  d=0.043822  dMin=0.000000  dAvg=0.046209  dMax=3.724814  Dlo=0.023105  Dhi=1.885512  err=0.000000  inc=-0.062540  bucket 0->0  (mf=1000)
[MF-SEL] tPrev=(  d=0.041844  dMin=0.000000  dAvg=0.046205  dMax=3.724814  Dlo=0.023102  Dhi=1.885509  err=0.000000  inc=-0.062540  bucket 0->0  (mf=1000)
[MF-SEL] tPrev=(  d=0.039723  dMin=0.000000  dAvg=0.046198  dMax=3.724814  Dlo=0.023099  Dhi=1.885506  err=0.000000  inc=-0.062540  bucket 0->0  (mf=1000)
[MF-SEL] tPrev=(  d=0.036179  dMin=0.000000  dAvg=0.046187  dMax=3.724814  Dlo=0.023094  Dhi=1.885500  err=0.000000  inc=-0.062540  bucket 0->0  (mf=1000)
[MF-SEL] tPrev=(  d=0.035317  dMin=0.000000  dAvg=0.046175  dMax=3.724814  Dlo=0.023088  Dhi=1.885495  err=0.000000  inc=-0.062540  bucket 0->0  (mf=1000)
[MF-SEL] tPrev=(  d=0.033549  dMin=0.000000  dAvg=0.046162  dMax=3.724814  Dlo=0.023081  Dhi=1.885488  err=0.000000  inc=-0.062540  bucket 0->0  (mf=1000)
[MF-SEL] tPrev=(  d=0.035072  dMin=0.000000  dAvg=0.046150  dMax=3.724814  Dlo=0.023075  Dhi=1.885482  err=0.000000  inc=-0.062540  bucket 0->0  (mf=1000)
[MF-SEL] tPrev=(  d=0.030595  dMin=0.000000  dAvg=0.046134  dMax=3.724814  Dlo=0.023067  Dhi=1.885474  err=0.000000  inc=-0.062540  bucket 0->0  (mf=1000)
[MF-SEL] tPrev=(  d=0.028605  dMin=0.000000  dAvg=0.046115  dMax=3.724814  Dlo=0.023057  Dhi=1.885464  err=0.000000  inc=-0.062540  bucket 0->0  (mf=1000)
[MF-SEL] tPrev=(  d=0.026237  dMin=0.000000  dAvg=0.046094  dMax=3.724814  Dlo=0.023047  Dhi=1.885454  err=0.000000  inc=-0.062540  bucket 0->0  (mf=1000)
[MF-SEL] tPrev=(  d=0.031501  dMin=0.000000  dAvg=0.046078  dMax=3.724814  Dlo=0.023039  Dhi=1.885446  err=0.000000  inc=-0.062540  bucket 0->0  (mf=1000)
[MF-SEL] tPrev=(  d=0.022438  dMin=0.000000  dAvg=0.046053  dMax=3.724814  Dlo=0.023027  Dhi=1.885434  err=-1.000000  inc=-1.003935  bucket 0->0  (mf=1000)
[MF-SEL] tPrev=(  d=0.020968  dMin=0.000000  dAvg=0.046026  dMax=3.724814  Dlo=0.023013  Dhi=1.885420  err=-1.000000  inc=-0.667247  bucket 0->0  (mf=1000)
[MF-SEL] tPrev=(  d=0.020445  dMin=0.000000  dAvg=0.045999  dMax=3.724814  Dlo=0.023000  Dhi=1.885407  err=-1.000000  inc=-0.669467  bucket 0->0  (mf=1000)
[MF-SEL] tPrev=(  d=0.020356  dMin=0.000000  dAvg=0.045972  dMax=3.724814  Dlo=0.022986  Dhi=1.885393  err=-1.000000  inc=-0.671593  bucket 0->0  (mf=1000)
[MF-SEL] tPrev=(  d=0.015675  dMin=0.000000  dAvg=0.045940  dMax=3.724814  Dlo=0.022970  Dhi=1.885377  err=-1.000000  inc=-0.673895  bucket 0->0  (mf=1000)
[MF-SEL] tPrev=(  d=0.021775  dMin=0.000000  dAvg=0.045915  dMax=3.724814  Dlo=0.022957  Dhi=1.885364  err=-1.000000  inc=-0.676308  bucket 0->0  (mf=1000)
[MF-SEL] tPrev=(  d=0.023561  dMin=0.000000  dAvg=0.045891  dMax=3.724814  Dlo=0.022946  Dhi=1.885353  err=0.000000  inc=0.267190  bucket 0->0  (mf=1000)
[MF-SEL] tPrev=(  d=0.025667  dMin=0.000000  dAvg=0.045870  dMax=3.724814  Dlo=0.022935  Dhi=1.885342  err=0.000000  inc=-0.076308  bucket 0->0  (mf=1000)
[MF-SEL] tPrev=(  d=0.028182  dMin=0.000000  dAvg=0.045851  dMax=3.724814  Dlo=0.022926  Dhi=1.885333  err=0.000000  inc=-0.076308  bucket 0->0  (mf=1000)
[MF-SEL] tPrev=(  d=0.028393  dMin=0.000000  dAvg=0.045833  dMax=3.724814  Dlo=0.022916  Dhi=1.885323  err=0.000000  inc=-0.076308  bucket 0->0  (mf=1000)
[MF-SEL] tPrev=(  d=0.032136  dMin=0.000000  dAvg=0.045818  dMax=3.724814  Dlo=0.022909  Dhi=1.885316  err=0.000000  inc=-0.076308  bucket 0->0  (mf=1000)
[MF-SEL] tPrev=(  d=0.033679  dMin=0.000000  dAvg=0.045806  dMax=3.724814  Dlo=0.022903  Dhi=1.885310  err=0.000000  inc=-0.076308  bucket 0->0  (mf=1000)
[MF-SEL] tPrev=(  d=0.035473  dMin=0.000000  dAvg=0.045795  dMax=3.724814  Dlo=0.022897  Dhi=1.885304  err=0.000000  inc=-0.076308  bucket 0->0  (mf=1000)
[MF-SEL] tPrev=(  d=0.037470  dMin=0.000000  dAvg=0.045786  dMax=3.724814  Dlo=0.022893  Dhi=1.885300  err=0.000000  inc=-0.076308  bucket 0->0  (mf=1000)
[MF-SEL] tPrev=(  d=0.040332  dMin=0.000000  dAvg=0.045780  dMax=3.724814  Dlo=0.022890  Dhi=1.885297  err=0.000000  inc=-0.076308  bucket 0->0  (mf=1000)
[MF-SEL] tPrev=(  d=0.040830  dMin=0.000000  dAvg=0.045775  dMax=3.724814  Dlo=0.022888  Dhi=1.885295  err=0.000000  inc=-0.076308  bucket 0->0  (mf=1000)
[MF-SEL] tPrev=(  d=0.041667  dMin=0.000000  dAvg=0.045771  dMax=3.724814  Dlo=0.022886  Dhi=1.885292  err=0.000000  inc=-0.076308  bucket 0->0  (mf=1000)
[MF-SEL] tPrev=(  d=0.047722  dMin=0.000000  dAvg=0.045773  dMax=3.724814  Dlo=0.022887  Dhi=1.885293  err=0.000000  inc=-0.076308  bucket 0->0  (mf=1000)
[MF-SEL] tPrev=(  d=0.041684  dMin=0.000000  dAvg=0.045769  dMax=3.724814  Dlo=0.022884  Dhi=1.885291  err=0.000000  inc=-0.076308  bucket 0->0  (mf=1000)
[MF-SEL] tPrev=(  d=0.040278  dMin=0.000000  dAvg=0.045763  dMax=3.724814  Dlo=0.022882  Dhi=1.885289  err=0.000000  inc=-0.076308  bucket 0->0  (mf=1000)
[MF-SEL] tPrev=(  d=0.039459  dMin=0.000000  dAvg=0.045757  dMax=3.724814  Dlo=0.022878  Dhi=1.885285  err=0.000000  inc=-0.076308  bucket 0->0  (mf=1000)
[MF-SEL] tPrev=(  d=0.038740  dMin=0.000000  dAvg=0.045749  dMax=3.724814  Dlo=0.022875  Dhi=1.885282  err=0.000000  inc=-0.076308  bucket 0->0  (mf=1000)
[MF-SEL] tPrev=(  d=0.031943  dMin=0.000000  dAvg=0.045735  dMax=3.724814  Dlo=0.022867  Dhi=1.885274  err=0.000000  inc=-0.076308  bucket 0->0  (mf=1000)
[MF-SEL] tPrev=(  d=0.039548  dMin=0.000000  dAvg=0.045728  dMax=3.724814  Dlo=0.022864  Dhi=1.885271  err=0.000000  inc=-0.076308  bucket 0->0  (mf=1000)
[MF-SEL] tPrev=(  d=0.039865  dMin=0.000000  dAvg=0.045722  dMax=3.724814  Dlo=0.022861  Dhi=1.885268  err=0.000000  inc=-0.076308  bucket 0->0  (mf=1000)
[MF-SEL] tPrev=(  d=0.039991  dMin=0.000000  dAvg=0.045717  dMax=3.724814  Dlo=0.022858  Dhi=1.885265  err=0.000000  inc=-0.076308  bucket 0->0  (mf=1000)
[MF-SEL] tPrev=(  d=0.040246  dMin=0.000000  dAvg=0.045711  dMax=3.724814  Dlo=0.022855  Dhi=1.885262  err=0.000000  inc=-0.076308  bucket 0->0  (mf=1000)
[MF-SEL] tPrev=(  d=0.038397  dMin=0.000000  dAvg=0.045703  dMax=3.724814  Dlo=0.022852  Dhi=1.885259  err=0.000000  inc=-0.076308  bucket 0->0  (mf=1000)
[MF-SEL] tPrev=(  d=0.041002  dMin=0.000000  dAvg=0.045698  dMax=3.724814  Dlo=0.022849  Dhi=1.885256  err=0.000000  inc=-0.076308  bucket 0->0  (mf=1000)
[MF-SEL] tPrev=(  d=0.041832  dMin=0.000000  dAvg=0.045694  dMax=3.724814  Dlo=0.022847  Dhi=1.885254  err=0.000000  inc=-0.076308  bucket 0->0  (mf=1000)
[MF-SEL] tPrev=(  d=0.040932  dMin=0.000000  dAvg=0.045690  dMax=3.724814  Dlo=0.022845  Dhi=1.885252  err=0.000000  inc=-0.076308  bucket 0->0  (mf=1000)
[MF-SEL] tPrev=(  d=0.043559  dMin=0.000000  dAvg=0.045687  dMax=3.724814  Dlo=0.022844  Dhi=1.885251  err=0.000000  inc=-0.076308  bucket 0->0  (mf=1000)
[MF-SEL] tPrev=(  d=0.044488  dMin=0.000000  dAvg=0.045686  dMax=3.724814  Dlo=0.022843  Dhi=1.885250  err=0.000000  inc=-0.076308  bucket 0->0  (mf=1000)
[MF-SEL] tPrev=(  d=0.045774  dMin=0.000000  dAvg=0.045686  dMax=3.724814  Dlo=0.022843  Dhi=1.885250  err=0.000000  inc=-0.076308  bucket 0->0  (mf=1000)
[MF-SEL] tPrev=(  d=0.046845  dMin=0.000000  dAvg=0.045687  dMax=3.724814  Dlo=0.022844  Dhi=1.885251  err=0.000000  inc=-0.076308  bucket 0->0  (mf=1000)
[MF-SEL] tPrev=(  d=0.048472  dMin=0.000000  dAvg=0.045690  dMax=3.724814  Dlo=0.022845  Dhi=1.885252  err=0.000000  inc=-0.076308  bucket 0->0  (mf=1000)
[MF-SEL] tPrev=(  d=0.055455  dMin=0.000000  dAvg=0.045700  dMax=3.724814  Dlo=0.022850  Dhi=1.885257  err=0.000000  inc=-0.076308  bucket 0->0  (mf=1000)
[MF-SEL] tPrev=(  d=0.053871  dMin=0.000000  dAvg=0.045709  dMax=3.724814  Dlo=0.022854  Dhi=1.885261  err=0.000000  inc=-0.076308  bucket 0->0  (mf=1000)
[MF-SEL] tPrev=(  d=0.056352  dMin=0.000000  dAvg=0.045719  dMax=3.724814  Dlo=0.022860  Dhi=1.885267  err=0.000000  inc=-0.076308  bucket 0->0  (mf=1000)
[MF-SEL] tPrev=(  d=0.059190  dMin=0.000000  dAvg=0.045733  dMax=3.724814  Dlo=0.022867  Dhi=1.885274  err=0.000000  inc=-0.076308  bucket 0->0  (mf=1000)
[MF-SEL] tPrev=(  d=0.060893  dMin=0.000000  dAvg=0.045749  dMax=3.724814  Dlo=0.022874  Dhi=1.885281  err=0.000000  inc=-0.076308  bucket 0->0  (mf=1000)
[MF-SEL] tPrev=(  d=0.059205  dMin=0.000000  dAvg=0.045762  dMax=3.724814  Dlo=0.022881  Dhi=1.885288  err=0.000000  inc=-0.076308  bucket 0->0  (mf=1000)
[MF-SEL] tPrev=(  d=0.057877  dMin=0.000000  dAvg=0.045775  dMax=3.724814  Dlo=0.022887  Dhi=1.885294  err=0.000000  inc=-0.076308  bucket 0->0  (mf=1000)
[MF-SEL] tPrev=(  d=0.053862  dMin=0.000000  dAvg=0.045783  dMax=3.724814  Dlo=0.022891  Dhi=1.885298  err=0.000000  inc=-0.076308  bucket 0->0  (mf=1000)
[MF-SEL] tPrev=(  d=0.044855  dMin=0.000000  dAvg=0.045782  dMax=3.724814  Dlo=0.022891  Dhi=1.885298  err=0.000000  inc=-0.076308  bucket 0->0  (mf=1000)
[MF-SEL] tPrev=(  d=0.044166  dMin=0.000000  dAvg=0.045780  dMax=3.724814  Dlo=0.022890  Dhi=1.885297  err=0.000000  inc=-0.076308  bucket 0->0  (mf=1000)
[MF-SEL] tPrev=(  d=0.039800  dMin=0.000000  dAvg=0.045774  dMax=3.724814  Dlo=0.022887  Dhi=1.885294  err=0.000000  inc=-0.076308  bucket 0->0  (mf=1000)
[MF-SEL] tPrev=(  d=0.036256  dMin=0.000000  dAvg=0.045765  dMax=3.724814  Dlo=0.022882  Dhi=1.885289  err=0.000000  inc=-0.076308  bucket 0->0  (mf=1000)
[MF-SEL] tPrev=(  d=0.033296  dMin=0.000000  dAvg=0.045752  dMax=3.724814  Dlo=0.022876  Dhi=1.885283  err=0.000000  inc=-0.076308  bucket 0->0  (mf=1000)
[MF-SEL] tPrev=(  d=0.030101  dMin=0.000000  dAvg=0.045736  dMax=3.724814  Dlo=0.022868  Dhi=1.885275  err=0.000000  inc=-0.076308  bucket 0->0  (mf=1000)
[MF-SEL] tPrev=(  d=0.028199  dMin=0.000000  dAvg=0.045719  dMax=3.724814  Dlo=0.022859  Dhi=1.885266  err=0.000000  inc=-0.076308  bucket 0->0  (mf=1000)
[MF-SEL] tPrev=(  d=0.024992  dMin=0.000000  dAvg=0.045698  dMax=3.724814  Dlo=0.022849  Dhi=1.885256  err=0.000000  inc=-0.076308  bucket 0->0  (mf=1000)
[MF-SEL] tPrev=(  d=0.022697  dMin=0.000000  dAvg=0.045675  dMax=3.724814  Dlo=0.022837  Dhi=1.885244  err=-1.000000  inc=-1.043635  bucket 0->0  (mf=1000)
[MF-SEL] tPrev=(  d=0.020068  dMin=0.000000  dAvg=0.045649  dMax=3.724814  Dlo=0.022824  Dhi=1.885231  err=-1.000000  inc=-0.680864  bucket 0->0  (mf=1000)
[MF-SEL] tPrev=(  d=0.017126  dMin=0.000000  dAvg=0.045620  dMax=3.724814  Dlo=0.022810  Dhi=1.885217  err=-1.000000  inc=-0.683231  bucket 0->0  (mf=1000)
[MF-SEL] tPrev=(  d=0.013702  dMin=0.000000  dAvg=0.045588  dMax=3.724814  Dlo=0.022794  Dhi=1.885201  err=-1.000000  inc=-0.685472  bucket 0->0  (mf=1000)
[MF-SEL] tPrev=(  d=0.010032  dMin=0.000000  dAvg=0.045553  dMax=3.724814  Dlo=0.022776  Dhi=1.885183  err=-1.000000  inc=-0.688000  bucket 0->0  (mf=1000)
[MF-SEL] tPrev=(  d=0.008095  dMin=0.000000  dAvg=0.045515  dMax=3.724814  Dlo=0.022758  Dhi=1.885164  err=-1.000000  inc=-0.690180  bucket 0->0  (mf=1000)
[MF-SEL] tPrev=(  d=0.010667  dMin=0.000000  dAvg=0.045480  dMax=3.724814  Dlo=0.022740  Dhi=1.885147  err=-1.000000  inc=-0.692403  bucket 0->0  (mf=1000)
[MF-SEL] tPrev=(  d=0.016153  dMin=0.000000  dAvg=0.045451  dMax=3.724814  Dlo=0.022725  Dhi=1.885132  err=-1.000000  inc=-0.694637  bucket 0->0  (mf=1000)
[MF-SEL] tPrev=(  d=0.019023  dMin=0.000000  dAvg=0.045424  dMax=3.724814  Dlo=0.022712  Dhi=1.885119  err=-1.000000  inc=-0.696956  bucket 0->0  (mf=1000)
[MF-SEL] tPrev=(  d=0.022807  dMin=0.000000  dAvg=0.045402  dMax=3.724814  Dlo=0.022701  Dhi=1.885108  err=0.000000  inc=0.227355  bucket 0->0  (mf=1000)
[MF-SEL] tPrev=(  d=0.025506  dMin=0.000000  dAvg=0.045382  dMax=3.724814  Dlo=0.022691  Dhi=1.885098  err=0.000000  inc=-0.096956  bucket 0->0  (mf=1000)
[MF-SEL] tPrev=(  d=0.027718  dMin=0.000000  dAvg=0.045365  dMax=3.724814  Dlo=0.022682  Dhi=1.885089  err=0.000000  inc=-0.096956  bucket 0->0  (mf=1000)
[MF-SEL] tPrev=(  d=0.029747  dMin=0.000000  dAvg=0.045349  dMax=3.724814  Dlo=0.022675  Dhi=1.885081  err=0.000000  inc=-0.096956  bucket 0->0  (mf=1000)
[MF-SEL] tPrev=(  d=0.029433  dMin=0.000000  dAvg=0.045333  dMax=3.724814  Dlo=0.022667  Dhi=1.885074  err=0.000000  inc=-0.096956  bucket 0->0  (mf=1000)
[MF-SEL] tPrev=(  d=0.029403  dMin=0.000000  dAvg=0.045317  dMax=3.724814  Dlo=0.022659  Dhi=1.885066  err=0.000000  inc=-0.096956  bucket 0->0  (mf=1000)
[MF-SEL] tPrev=(  d=0.032115  dMin=0.000000  dAvg=0.045304  dMax=3.724814  Dlo=0.022652  Dhi=1.885059  err=0.000000  inc=-0.096956  bucket 0->0  (mf=1000)
[MF-SEL] tPrev=(  d=0.029935  dMin=0.000000  dAvg=0.045289  dMax=3.724814  Dlo=0.022645  Dhi=1.885052  err=0.000000  inc=-0.096956  bucket 0->0  (mf=1000)
[MF-SEL] tPrev=(  d=0.030662  dMin=0.000000  dAvg=0.045275  dMax=3.724814  Dlo=0.022637  Dhi=1.885044  err=0.000000  inc=-0.096956  bucket 0->0  (mf=1000)
[MF-SEL] tPrev=(  d=0.031524  dMin=0.000000  dAvg=0.045261  dMax=3.724814  Dlo=0.022631  Dhi=1.885037  err=0.000000  inc=-0.096956  bucket 0->0  (mf=1000)
[MF-SEL] tPrev=(  d=0.032484  dMin=0.000000  dAvg=0.045248  dMax=3.724814  Dlo=0.022624  Dhi=1.885031  err=0.000000  inc=-0.096956  bucket 0->0  (mf=1000)
[MF-SEL] tPrev=(  d=0.028372  dMin=0.000000  dAvg=0.045232  dMax=3.724814  Dlo=0.022616  Dhi=1.885023  err=0.000000  inc=-0.096956  bucket 0->0  (mf=1000)
[MF-SEL] tPrev=(  d=0.032908  dMin=0.000000  dAvg=0.045220  dMax=3.724814  Dlo=0.022610  Dhi=1.885017  err=0.000000  inc=-0.096956  bucket 0->0  (mf=1000)
[MF-SEL] tPrev=(  d=0.032221  dMin=0.000000  dAvg=0.045207  dMax=3.724814  Dlo=0.022603  Dhi=1.885010  err=0.000000  inc=-0.096956  bucket 0->0  (mf=1000)
[MF-SEL] tPrev=(  d=0.028666  dMin=0.000000  dAvg=0.045191  dMax=3.724814  Dlo=0.022595  Dhi=1.885002  err=0.000000  inc=-0.096956  bucket 0->0  (mf=1000)
[MF-SEL] tPrev=(  d=0.029773  dMin=0.000000  dAvg=0.045175  dMax=3.724814  Dlo=0.022588  Dhi=1.884995  err=0.000000  inc=-0.096956  bucket 0->0  (mf=1000)
[MF-SEL] tPrev=(  d=0.028796  dMin=0.000000  dAvg=0.045159  dMax=3.724814  Dlo=0.022580  Dhi=1.884987  err=0.000000  inc=-0.096956  bucket 0->0  (mf=1000)
[MF-SEL] tPrev=(  d=0.026955  dMin=0.000000  dAvg=0.045142  dMax=3.724814  Dlo=0.022571  Dhi=1.884978  err=0.000000  inc=-0.096956  bucket 0->0  (mf=1000)
[MF-SEL] tPrev=(  d=0.025656  dMin=0.000000  dAvg=0.045122  dMax=3.724814  Dlo=0.022561  Dhi=1.884968  err=0.000000  inc=-0.096956  bucket 0->0  (mf=1000)
[MF-SEL] tPrev=(  d=0.024183  dMin=0.000000  dAvg=0.045102  dMax=3.724814  Dlo=0.022551  Dhi=1.884958  err=0.000000  inc=-0.096956  bucket 0->0  (mf=1000)
[MF-SEL] tPrev=(  d=0.022823  dMin=0.000000  dAvg=0.045080  dMax=3.724814  Dlo=0.022540  Dhi=1.884947  err=0.000000  inc=-0.096956  bucket 0->0  (mf=1000)
[MF-SEL] tPrev=(  d=0.022001  dMin=0.000000  dAvg=0.045058  dMax=3.724814  Dlo=0.022529  Dhi=1.884936  err=-1.000000  inc=-1.084602  bucket 0->0  (mf=1000)
[MF-SEL] tPrev=(  d=0.021676  dMin=0.000000  dAvg=0.045035  dMax=3.724814  Dlo=0.022517  Dhi=1.884924  err=-1.000000  inc=-0.701134  bucket 0->0  (mf=1000)
[MF-SEL] tPrev=(  d=0.021096  dMin=0.000000  dAvg=0.045011  dMax=3.724814  Dlo=0.022506  Dhi=1.884913  err=-1.000000  inc=-0.703371  bucket 0->0  (mf=1000)
[MF-SEL] tPrev=(  d=0.022783  dMin=0.000000  dAvg=0.044990  dMax=3.724814  Dlo=0.022495  Dhi=1.884902  err=0.000000  inc=0.256060  bucket 0->0  (mf=1000)
[MF-SEL] tPrev=(  d=0.023992  dMin=0.000000  dAvg=0.044969  dMax=3.724814  Dlo=0.022485  Dhi=1.884892  err=0.000000  inc=-0.103371  bucket 0->0  (mf=1000)
[MF-SEL] tPrev=(  d=0.024968  dMin=0.000000  dAvg=0.044950  dMax=3.724814  Dlo=0.022475  Dhi=1.884882  err=0.000000  inc=-0.103371  bucket 0->0  (mf=1000)
[MF-SEL] tPrev=(  d=0.025461  dMin=0.000000  dAvg=0.044931  dMax=3.724814  Dlo=0.022466  Dhi=1.884873  err=0.000000  inc=-0.103371  bucket 0->0  (mf=1000)
[MF-SEL] tPrev=(  d=0.024088  dMin=0.000000  dAvg=0.044911  dMax=3.724814  Dlo=0.022455  Dhi=1.884862  err=0.000000  inc=-0.103371  bucket 0->0  (mf=1000)
[MF-SEL] tPrev=(  d=0.022584  dMin=0.000000  dAvg=0.044889  dMax=3.724814  Dlo=0.022445  Dhi=1.884852  err=0.000000  inc=-0.103371  bucket 0->0  (mf=1000)
[MF-SEL] tPrev=(  d=0.020865  dMin=0.000000  dAvg=0.044866  dMax=3.724814  Dlo=0.022433  Dhi=1.884840  err=-1.000000  inc=-1.028984  bucket 0->0  (mf=1000)
[MF-SEL] tPrev=(  d=0.020329  dMin=0.000000  dAvg=0.044842  dMax=3.724814  Dlo=0.022421  Dhi=1.884828  err=-1.000000  inc=-0.707874  bucket 0->0  (mf=1000)
[MF-SEL] tPrev=(  d=0.020826  dMin=0.000000  dAvg=0.044819  dMax=3.724814  Dlo=0.022410  Dhi=1.884816  err=-1.000000  inc=-0.710229  bucket 0->0  (mf=1000)
[MF-SEL] tPrev=(  d=0.020466  dMin=0.000000  dAvg=0.044796  dMax=3.724814  Dlo=0.022398  Dhi=1.884805  err=-1.000000  inc=-0.712644  bucket 0->0  (mf=1000)
[MF-SEL] tPrev=(  d=0.019625  dMin=0.000000  dAvg=0.044771  dMax=3.724814  Dlo=0.022386  Dhi=1.884793  err=-1.000000  inc=-0.714984  bucket 0->0  (mf=1000)
[MF-SEL] tPrev=(  d=0.017530  dMin=0.000000  dAvg=0.044745  dMax=3.724814  Dlo=0.022373  Dhi=1.884779  err=-1.000000  inc=-0.716959  bucket 0->0  (mf=1000)
[MF-SEL] tPrev=(  d=0.015481  dMin=0.000000  dAvg=0.044717  dMax=3.724814  Dlo=0.022358  Dhi=1.884765  err=-1.000000  inc=-0.719189  bucket 0->0  (mf=1000)
[MF-SEL] tPrev=(  d=0.011983  dMin=0.000000  dAvg=0.044685  dMax=3.724814  Dlo=0.022343  Dhi=1.884750  err=-1.000000  inc=-0.721261  bucket 0->0  (mf=1000)
[MF-SEL] tPrev=(  d=0.012011  dMin=0.000000  dAvg=0.044654  dMax=3.724814  Dlo=0.022327  Dhi=1.884734  err=-1.000000  inc=-0.723514  bucket 0->0  (mf=1000)
[MF-SEL] tPrev=(  d=0.010993  dMin=0.000000  dAvg=0.044622  dMax=3.724814  Dlo=0.022311  Dhi=1.884718  err=-1.000000  inc=-0.725917  bucket 0->0  (mf=1000)
[MF-SEL] tPrev=(  d=0.010426  dMin=0.000000  dAvg=0.044589  dMax=3.724814  Dlo=0.022294  Dhi=1.884701  err=-1.000000  inc=-0.728310  bucket 0->0  (mf=1000)
[MF-SEL] tPrev=(  d=0.010649  dMin=0.000000  dAvg=0.044556  dMax=3.724814  Dlo=0.022278  Dhi=1.884685  err=-1.000000  inc=-0.730789  bucket 0->0  (mf=1000)
[MF-SEL] tPrev=(  d=0.012099  dMin=0.000000  dAvg=0.044525  dMax=3.724814  Dlo=0.022263  Dhi=1.884670  err=-1.000000  inc=-0.733003  bucket 0->0  (mf=1000)
[MF-SEL] tPrev=(  d=0.014882  dMin=0.000000  dAvg=0.044497  dMax=3.724814  Dlo=0.022248  Dhi=1.884655  err=-1.000000  inc=-0.735383  bucket 0->0  (mf=1000)
[MF-SEL] tPrev=(  d=0.018836  dMin=0.000000  dAvg=0.044472  dMax=3.724814  Dlo=0.022236  Dhi=1.884643  err=-1.000000  inc=-0.737499  bucket 0->0  (mf=1000)
[MF-SEL] tPrev=(  d=0.023519  dMin=0.000000  dAvg=0.044452  dMax=3.724814  Dlo=0.022226  Dhi=1.884633  err=0.000000  inc=0.223065  bucket 0->0  (mf=1000)
[MF-SEL] tPrev=(  d=0.027728  dMin=0.000000  dAvg=0.044437  dMax=3.724814  Dlo=0.022218  Dhi=1.884625  err=0.000000  inc=-0.137499  bucket 0->0  (mf=1000)
[MF-SEL] tPrev=(  d=0.034832  dMin=0.000000  dAvg=0.044427  dMax=3.724814  Dlo=0.022214  Dhi=1.884621  err=0.000000  inc=-0.137499  bucket 0->0  (mf=1000)
[MF-SEL] tPrev=(  d=0.034594  dMin=0.000000  dAvg=0.044418  dMax=3.724814  Dlo=0.022209  Dhi=1.884616  err=0.000000  inc=-0.137499  bucket 0->0  (mf=1000)
[MF-SEL] tPrev=(  d=0.036323  dMin=0.000000  dAvg=0.044410  dMax=3.724814  Dlo=0.022205  Dhi=1.884612  err=0.000000  inc=-0.137499  bucket 0->0  (mf=1000)
[MF-SEL] tPrev=(  d=0.036973  dMin=0.000000  dAvg=0.044403  dMax=3.724814  Dlo=0.022202  Dhi=1.884609  err=0.000000  inc=-0.137499  bucket 0->0  (mf=1000)
[MF-SEL] tPrev=(  d=0.037094  dMin=0.000000  dAvg=0.044396  dMax=3.724814  Dlo=0.022198  Dhi=1.884605  err=0.000000  inc=-0.137499  bucket 0->0  (mf=1000)
[MF-SEL] tPrev=(  d=0.036976  dMin=0.000000  dAvg=0.044389  dMax=3.724814  Dlo=0.022195  Dhi=1.884602  err=0.000000  inc=-0.137499  bucket 0->0  (mf=1000)
[MF-SEL] tPrev=(  d=0.037289  dMin=0.000000  dAvg=0.044383  dMax=3.724814  Dlo=0.022191  Dhi=1.884598  err=0.000000  inc=-0.137499  bucket 0->0  (mf=1000)
[MF-SEL] tPrev=(  d=0.037537  dMin=0.000000  dAvg=0.044376  dMax=3.724814  Dlo=0.022188  Dhi=1.884595  err=0.000000  inc=-0.137499  bucket 0->0  (mf=1000)
[MF-SEL] tPrev=(  d=0.037626  dMin=0.000000  dAvg=0.044370  dMax=3.724814  Dlo=0.022185  Dhi=1.884592  err=0.000000  inc=-0.137499  bucket 0->0  (mf=1000)
[MF-SEL] tPrev=(  d=0.037904  dMin=0.000000  dAvg=0.044364  dMax=3.724814  Dlo=0.022182  Dhi=1.884589  err=0.000000  inc=-0.137499  bucket 0->0  (mf=1000)
[MF-SEL] tPrev=(  d=0.037710  dMin=0.000000  dAvg=0.044357  dMax=3.724814  Dlo=0.022179  Dhi=1.884586  err=0.000000  inc=-0.137499  bucket 0->0  (mf=1000)
[MF-SEL] tPrev=(  d=0.038487  dMin=0.000000  dAvg=0.044352  dMax=3.724814  Dlo=0.022176  Dhi=1.884583  err=0.000000  inc=-0.137499  bucket 0->0  (mf=1000)
[MF-SEL] tPrev=(  d=0.038720  dMin=0.000000  dAvg=0.044347  dMax=3.724814  Dlo=0.022173  Dhi=1.884580  err=0.000000  inc=-0.137499  bucket 0->0  (mf=1000)
[MF-SEL] tPrev=(  d=0.034465  dMin=0.000000  dAvg=0.044337  dMax=3.724814  Dlo=0.022169  Dhi=1.884576  err=0.000000  inc=-0.137499  bucket 0->0  (mf=1000)
[MF-SEL] tPrev=(  d=0.040369  dMin=0.000000  dAvg=0.044333  dMax=3.724814  Dlo=0.022167  Dhi=1.884574  err=0.000000  inc=-0.137499  bucket 0->0  (mf=1000)
[MF-SEL] tPrev=(  d=0.042113  dMin=0.000000  dAvg=0.044331  dMax=3.724814  Dlo=0.022166  Dhi=1.884573  err=0.000000  inc=-0.137499  bucket 0->0  (mf=1000)
[MF-SEL] tPrev=(  d=0.043904  dMin=0.000000  dAvg=0.044331  dMax=3.724814  Dlo=0.022165  Dhi=1.884572  err=0.000000  inc=-0.137499  bucket 0->0  (mf=1000)
[MF-SEL] tPrev=(  d=0.045479  dMin=0.000000  dAvg=0.044332  dMax=3.724814  Dlo=0.022166  Dhi=1.884573  err=0.000000  inc=-0.137499  bucket 0->0  (mf=1000)
[MF-SEL] tPrev=(  d=0.047091  dMin=0.000000  dAvg=0.044335  dMax=3.724814  Dlo=0.022167  Dhi=1.884574  err=0.000000  inc=-0.137499  bucket 0->0  (mf=1000)
[MF-SEL] tPrev=(  d=0.047932  dMin=0.000000  dAvg=0.044338  dMax=3.724814  Dlo=0.022169  Dhi=1.884576  err=0.000000  inc=-0.137499  bucket 0->0  (mf=1000)
[MF-SEL] tPrev=(  d=0.047374  dMin=0.000000  dAvg=0.044341  dMax=3.724814  Dlo=0.022170  Dhi=1.884577  err=0.000000  inc=-0.137499  bucket 0->0  (mf=1000)
[MF-SEL] tPrev=(  d=0.038363  dMin=0.000000  dAvg=0.044335  dMax=3.724814  Dlo=0.022168  Dhi=1.884575  err=0.000000  inc=-0.137499  bucket 0->0  (mf=1000)
[MF-SEL] tPrev=(  d=0.041817  dMin=0.000000  dAvg=0.044333  dMax=3.724814  Dlo=0.022166  Dhi=1.884573  err=0.000000  inc=-0.137499  bucket 0->0  (mf=1000)
[MF-SEL] tPrev=(  d=0.037727  dMin=0.000000  dAvg=0.044327  dMax=3.724814  Dlo=0.022163  Dhi=1.884570  err=0.000000  inc=-0.137499  bucket 0->0  (mf=1000)
[MF-SEL] tPrev=(  d=0.033205  dMin=0.000000  dAvg=0.044316  dMax=3.724814  Dlo=0.022158  Dhi=1.884565  err=0.000000  inc=-0.137499  bucket 0->0  (mf=1000)
[MF-SEL] tPrev=(  d=0.026530  dMin=0.000000  dAvg=0.044300  dMax=3.724814  Dlo=0.022150  Dhi=1.884557  err=0.000000  inc=-0.137499  bucket 0->0  (mf=1000)
[MF-SEL] tPrev=(  d=0.025268  dMin=0.000000  dAvg=0.044282  dMax=3.724814  Dlo=0.022141  Dhi=1.884548  err=0.000000  inc=-0.137499  bucket 0->0  (mf=1000)
[MF-SEL] tPrev=(  d=0.025806  dMin=0.000000  dAvg=0.044265  dMax=3.724814  Dlo=0.022133  Dhi=1.884539  err=0.000000  inc=-0.137499  bucket 0->0  (mf=1000)
[MF-SEL] tPrev=(  d=0.028133  dMin=0.000000  dAvg=0.044250  dMax=3.724814  Dlo=0.022125  Dhi=1.884532  err=0.000000  inc=-0.137499  bucket 0->0  (mf=1000)
[MF-SEL] tPrev=(  d=0.033328  dMin=0.000000  dAvg=0.044240  dMax=3.724814  Dlo=0.022120  Dhi=1.884527  err=0.000000  inc=-0.137499  bucket 0->0  (mf=1000)
[MF-SEL] tPrev=(  d=0.035628  dMin=0.000000  dAvg=0.044232  dMax=3.724814  Dlo=0.022116  Dhi=1.884523  err=0.000000  inc=-0.137499  bucket 0->0  (mf=1000)
[MF-SEL] tPrev=(  d=0.035134  dMin=0.000000  dAvg=0.044224  dMax=3.724814  Dlo=0.022112  Dhi=1.884519  err=0.000000  inc=-0.137499  bucket 0->0  (mf=1000)
[MF-SEL] tPrev=(  d=0.033065  dMin=0.000000  dAvg=0.044213  dMax=3.724814  Dlo=0.022107  Dhi=1.884514  err=0.000000  inc=-0.137499  bucket 0->0  (mf=1000)
[MF-SEL] tPrev=(  d=0.035565  dMin=0.000000  dAvg=0.044205  dMax=3.724814  Dlo=0.022103  Dhi=1.884510  err=0.000000  inc=-0.137499  bucket 0->0  (mf=1000)
[MF-SEL] tPrev=(  d=0.022926  dMin=0.000000  dAvg=0.044186  dMax=3.724814  Dlo=0.022093  Dhi=1.884500  err=0.000000  inc=-0.137499  bucket 0->0  (mf=1000)
[MF-SEL] tPrev=(  d=0.015654  dMin=0.000000  dAvg=0.044159  dMax=3.724814  Dlo=0.022080  Dhi=1.884487  err=-1.000000  inc=-1.116054  bucket 0->0  (mf=1000)
[MF-SEL] tPrev=(  d=0.011791  dMin=0.000000  dAvg=0.044130  dMax=3.724814  Dlo=0.022065  Dhi=1.884472  err=-1.000000  inc=-0.741786  bucket 0->0  (mf=1000)
[MF-SEL] tPrev=(  d=0.015951  dMin=0.000000  dAvg=0.044104  dMax=3.724814  Dlo=0.022052  Dhi=1.884459  err=-1.000000  inc=-0.744034  bucket 0->0  (mf=1000)
[MF-SEL] tPrev=(  d=0.019723  dMin=0.000000  dAvg=0.044081  dMax=3.724814  Dlo=0.022041  Dhi=1.884448  err=-1.000000  inc=-0.746704  bucket 0->0  (mf=1000)
[MF-SEL] tPrev=(  d=0.025929  dMin=0.000000  dAvg=0.044065  dMax=3.724814  Dlo=0.022032  Dhi=1.884439  err=0.000000  inc=0.208904  bucket 0->0  (mf=1000)
[MF-SEL] tPrev=(  d=0.031251  dMin=0.000000  dAvg=0.044053  dMax=3.724814  Dlo=0.022026  Dhi=1.884433  err=0.000000  inc=-0.146704  bucket 0->0  (mf=1000)
[MF-SEL] tPrev=(  d=0.034706  dMin=0.000000  dAvg=0.044044  dMax=3.724814  Dlo=0.022022  Dhi=1.884429  err=0.000000  inc=-0.146704  bucket 0->0  (mf=1000)
[MF-SEL] tPrev=(  d=0.034877  dMin=0.000000  dAvg=0.044036  dMax=3.724814  Dlo=0.022018  Dhi=1.884425  err=0.000000  inc=-0.146704  bucket 0->0  (mf=1000)
[MF-SEL] tPrev=(  d=0.030477  dMin=0.000000  dAvg=0.044023  dMax=3.724814  Dlo=0.022012  Dhi=1.884419  err=0.000000  inc=-0.146704  bucket 0->0  (mf=1000)
[MF-SEL] tPrev=(  d=0.027750  dMin=0.000000  dAvg=0.044009  dMax=3.724814  Dlo=0.022004  Dhi=1.884411  err=0.000000  inc=-0.146704  bucket 0->0  (mf=1000)
[MF-SEL] tPrev=(  d=0.020828  dMin=0.000000  dAvg=0.043987  dMax=3.724814  Dlo=0.021994  Dhi=1.884401  err=-1.000000  inc=-1.111336  bucket 0->0  (mf=1000)
[MF-SEL] tPrev=(  d=0.015738  dMin=0.000000  dAvg=0.043962  dMax=3.724814  Dlo=0.021981  Dhi=1.884388  err=-1.000000  inc=-0.751043  bucket 0->0  (mf=1000)
[MF-SEL] tPrev=(  d=0.015073  dMin=0.000000  dAvg=0.043935  dMax=3.724814  Dlo=0.021968  Dhi=1.884375  err=-1.000000  inc=-0.753533  bucket 0->0  (mf=1000)
[MF-SEL] tPrev=(  d=0.021531  dMin=0.000000  dAvg=0.043915  dMax=3.724814  Dlo=0.021957  Dhi=1.884364  err=-1.000000  inc=-0.755474  bucket 0->0  (mf=1000)
[MF-SEL] tPrev=(  d=0.028443  dMin=0.000000  dAvg=0.043901  dMax=3.724814  Dlo=0.021950  Dhi=1.884357  err=0.000000  inc=0.144992  bucket 0->0  (mf=1000)
[MF-SEL] tPrev=(  d=0.034123  dMin=0.000000  dAvg=0.043892  dMax=3.724814  Dlo=0.021946  Dhi=1.884353  err=0.000000  inc=-0.155474  bucket 0->0  (mf=1000)
[MF-SEL] tPrev=(  d=0.038642  dMin=0.000000  dAvg=0.043887  dMax=3.724814  Dlo=0.021944  Dhi=1.884351  err=0.000000  inc=-0.155474  bucket 0->0  (mf=1000)
[MF-SEL] tPrev=(  d=0.042286  dMin=0.000000  dAvg=0.043886  dMax=3.724814  Dlo=0.021943  Dhi=1.884350  err=0.000000  inc=-0.155474  bucket 0->0  (mf=1000)
[MF-SEL] tPrev=(  d=0.042408  dMin=0.000000  dAvg=0.043884  dMax=3.724814  Dlo=0.021942  Dhi=1.884349  err=0.000000  inc=-0.155474  bucket 0->0  (mf=1000)
[MF-SEL] tPrev=(  d=0.041543  dMin=0.000000  dAvg=0.043882  dMax=3.724814  Dlo=0.021941  Dhi=1.884348  err=0.000000  inc=-0.155474  bucket 0->0  (mf=1000)
[MF-SEL] tPrev=(  d=0.040246  dMin=0.000000  dAvg=0.043879  dMax=3.724814  Dlo=0.021939  Dhi=1.884346  err=0.000000  inc=-0.155474  bucket 0->0  (mf=1000)
[MF-SEL] tPrev=(  d=0.045257  dMin=0.000000  dAvg=0.043880  dMax=3.724814  Dlo=0.021940  Dhi=1.884347  err=0.000000  inc=-0.155474  bucket 0->0  (mf=1000)
[MF-SEL] tPrev=(  d=0.036904  dMin=0.000000  dAvg=0.043874  dMax=3.724814  Dlo=0.021937  Dhi=1.884344  err=0.000000  inc=-0.155474  bucket 0->0  (mf=1000)
[MF-SEL] tPrev=(  d=0.036931  dMin=0.000000  dAvg=0.043868  dMax=3.724814  Dlo=0.021934  Dhi=1.884341  err=0.000000  inc=-0.155474  bucket 0->0  (mf=1000)
[MF-SEL] tPrev=(  d=0.041563  dMin=0.000000  dAvg=0.043865  dMax=3.724814  Dlo=0.021933  Dhi=1.884340  err=0.000000  inc=-0.155474  bucket 0->0  (mf=1000)
[MF-SEL] tPrev=(  d=0.039103  dMin=0.000000  dAvg=0.043861  dMax=3.724814  Dlo=0.021931  Dhi=1.884338  err=0.000000  inc=-0.155474  bucket 0->0  (mf=1000)
[MF-SEL] tPrev=(  d=0.040336  dMin=0.000000  dAvg=0.043858  dMax=3.724814  Dlo=0.021929  Dhi=1.884336  err=0.000000  inc=-0.155474  bucket 0->0  (mf=1000)
[MF-SEL] tPrev=(  d=0.040887  dMin=0.000000  dAvg=0.043855  dMax=3.724814  Dlo=0.021928  Dhi=1.884335  err=0.000000  inc=-0.155474  bucket 0->0  (mf=1000)
[MF-SEL] tPrev=(  d=0.040550  dMin=0.000000  dAvg=0.043852  dMax=3.724814  Dlo=0.021926  Dhi=1.884333  err=0.000000  inc=-0.155474  bucket 0->0  (mf=1000)
[MF-SEL] tPrev=(  d=0.041830  dMin=0.000000  dAvg=0.043851  dMax=3.724814  Dlo=0.021925  Dhi=1.884332  err=0.000000  inc=-0.155474  bucket 0->0  (mf=1000)
[MF-SEL] tPrev=(  d=0.040334  dMin=0.000000  dAvg=0.043847  dMax=3.724814  Dlo=0.021924  Dhi=1.884331  err=0.000000  inc=-0.155474  bucket 0->0  (mf=1000)
[MF-SEL] tPrev=(  d=0.040185  dMin=0.000000  dAvg=0.043844  dMax=3.724814  Dlo=0.021922  Dhi=1.884329  err=0.000000  inc=-0.155474  bucket 0->0  (mf=1000)
[MF-SEL] tPrev=(  d=0.041078  dMin=0.000000  dAvg=0.043842  dMax=3.724814  Dlo=0.021921  Dhi=1.884328  err=0.000000  inc=-0.155474  bucket 0->0  (mf=1000)
[MF-SEL] tPrev=(  d=0.042567  dMin=0.000000  dAvg=0.043841  dMax=3.724814  Dlo=0.021920  Dhi=1.884327  err=0.000000  inc=-0.155474  bucket 0->0  (mf=1000)
[MF-SEL] tPrev=(  d=0.045736  dMin=0.000000  dAvg=0.043842  dMax=3.724814  Dlo=0.021921  Dhi=1.884328  err=0.000000  inc=-0.155474  bucket 0->0  (mf=1000)
[MF-SEL] tPrev=(  d=0.048999  dMin=0.000000  dAvg=0.043847  dMax=3.724814  Dlo=0.021923  Dhi=1.884330  err=0.000000  inc=-0.155474  bucket 0->0  (mf=1000)
[MF-SEL] tPrev=(  d=0.051980  dMin=0.000000  dAvg=0.043854  dMax=3.724814  Dlo=0.021927  Dhi=1.884334  err=0.000000  inc=-0.155474  bucket 0->0  (mf=1000)
[MF-SEL] tPrev=(  d=0.053922  dMin=0.000000  dAvg=0.043863  dMax=3.724814  Dlo=0.021932  Dhi=1.884338  err=0.000000  inc=-0.155474  bucket 0->0  (mf=1000)
[MF-SEL] tPrev=(  d=0.054821  dMin=0.000000  dAvg=0.043873  dMax=3.724814  Dlo=0.021936  Dhi=1.884343  err=0.000000  inc=-0.155474  bucket 0->0  (mf=1000)
[MF-SEL] tPrev=(  d=0.052299  dMin=0.000000  dAvg=0.043880  dMax=3.724814  Dlo=0.021940  Dhi=1.884347  err=0.000000  inc=-0.155474  bucket 0->0  (mf=1000)
[MF-SEL] tPrev=(  d=0.049579  dMin=0.000000  dAvg=0.043885  dMax=3.724814  Dlo=0.021943  Dhi=1.884350  err=0.000000  inc=-0.155474  bucket 0->0  (mf=1000)
[MF-SEL] tPrev=(  d=0.048673  dMin=0.000000  dAvg=0.043890  dMax=3.724814  Dlo=0.021945  Dhi=1.884352  err=0.000000  inc=-0.155474  bucket 0->0  (mf=1000)
[MF-SEL] tPrev=(  d=0.042466  dMin=0.000000  dAvg=0.043888  dMax=3.724814  Dlo=0.021944  Dhi=1.884351  err=0.000000  inc=-0.155474  bucket 0->0  (mf=1000)
[MF-SEL] tPrev=(  d=0.038906  dMin=0.000000  dAvg=0.043884  dMax=3.724814  Dlo=0.021942  Dhi=1.884349  err=0.000000  inc=-0.155474  bucket 0->0  (mf=1000)
[MF-SEL] tPrev=(  d=0.035736  dMin=0.000000  dAvg=0.043877  dMax=3.724814  Dlo=0.021938  Dhi=1.884345  err=0.000000  inc=-0.155474  bucket 0->0  (mf=1000)
[MF-SEL] tPrev=(  d=0.033712  dMin=0.000000  dAvg=0.043868  dMax=3.724814  Dlo=0.021934  Dhi=1.884341  err=0.000000  inc=-0.155474  bucket 0->0  (mf=1000)
[MF-SEL] tPrev=(  d=0.035694  dMin=0.000000  dAvg=0.043861  dMax=3.724814  Dlo=0.021930  Dhi=1.884337  err=0.000000  inc=-0.155474  bucket 0->0  (mf=1000)
[MF-SEL] tPrev=(  d=0.032743  dMin=0.000000  dAvg=0.043851  dMax=3.724814  Dlo=0.021925  Dhi=1.884332  err=0.000000  inc=-0.155474  bucket 0->0  (mf=1000)
[MF-SEL] tPrev=(  d=0.032846  dMin=0.000000  dAvg=0.043841  dMax=3.724814  Dlo=0.021920  Dhi=1.884327  err=0.000000  inc=-0.155474  bucket 0->0  (mf=1000)
[MF-SEL] tPrev=(  d=0.032109  dMin=0.000000  dAvg=0.043831  dMax=3.724814  Dlo=0.021915  Dhi=1.884322  err=0.000000  inc=-0.155474  bucket 0->0  (mf=1000)
[MF-SEL] tPrev=(  d=0.031450  dMin=0.000000  dAvg=0.043820  dMax=3.724814  Dlo=0.021910  Dhi=1.884317  err=0.000000  inc=-0.155474  bucket 0->0  (mf=1000)
[MF-SEL] tPrev=(  d=0.029372  dMin=0.000000  dAvg=0.043807  dMax=3.724814  Dlo=0.021903  Dhi=1.884310  err=0.000000  inc=-0.155474  bucket 0->0  (mf=1000)
[MF-SEL] tPrev=(  d=0.030530  dMin=0.000000  dAvg=0.043795  dMax=3.724814  Dlo=0.021898  Dhi=1.884305  err=0.000000  inc=-0.155474  bucket 0->0  (mf=1000)
[MF-SEL] tPrev=(  d=0.026194  dMin=0.000000  dAvg=0.043780  dMax=3.724814  Dlo=0.021890  Dhi=1.884297  err=0.000000  inc=-0.155474  bucket 0->0  (mf=1000)
[MF-SEL] tPrev=(  d=0.025374  dMin=0.000000  dAvg=0.043764  dMax=3.724814  Dlo=0.021882  Dhi=1.884289  err=0.000000  inc=-0.155474  bucket 0->0  (mf=1000)
[MF-SEL] tPrev=(  d=0.025835  dMin=0.000000  dAvg=0.043748  dMax=3.724814  Dlo=0.021874  Dhi=1.884281  err=0.000000  inc=-0.155474  bucket 0->0  (mf=1000)
[MF-SEL] tPrev=(  d=0.026900  dMin=0.000000  dAvg=0.043733  dMax=3.724814  Dlo=0.021867  Dhi=1.884274  err=0.000000  inc=-0.155474  bucket 0->0  (mf=1000)
[MF-SEL] tPrev=(  d=0.029377  dMin=0.000000  dAvg=0.043721  dMax=3.724814  Dlo=0.021860  Dhi=1.884267  err=0.000000  inc=-0.155474  bucket 0->0  (mf=1000)
[MF-SEL] tPrev=(  d=0.032120  dMin=0.000000  dAvg=0.043710  dMax=3.724814  Dlo=0.021855  Dhi=1.884262  err=0.000000  inc=-0.155474  bucket 0->0  (mf=1000)
[MF-SEL] tPrev=(  d=0.033901  dMin=0.000000  dAvg=0.043702  dMax=3.724814  Dlo=0.021851  Dhi=1.884258  err=0.000000  inc=-0.155474  bucket 0->0  (mf=1000)
[MF-SEL] tPrev=(  d=0.034476  dMin=0.000000  dAvg=0.043694  dMax=3.724814  Dlo=0.021847  Dhi=1.884254  err=0.000000  inc=-0.155474  bucket 0->0  (mf=1000)
[MF-SEL] tPrev=(  d=0.033339  dMin=0.000000  dAvg=0.043685  dMax=3.724814  Dlo=0.021842  Dhi=1.884249  err=0.000000  inc=-0.155474  bucket 0->0  (mf=1000)
[MF-SEL] tPrev=(  d=0.035411  dMin=0.000000  dAvg=0.043678  dMax=3.724814  Dlo=0.021839  Dhi=1.884246  err=0.000000  inc=-0.155474  bucket 0->0  (mf=1000)
[MF-SEL] tPrev=(  d=0.027079  dMin=0.000000  dAvg=0.043663  dMax=3.724814  Dlo=0.021832  Dhi=1.884239  err=0.000000  inc=-0.155474  bucket 0->0  (mf=1000)
[MF-SEL] tPrev=(  d=0.022754  dMin=0.000000  dAvg=0.043645  dMax=3.724814  Dlo=0.021822  Dhi=1.884229  err=0.000000  inc=-0.155474  bucket 0->0  (mf=1000)
[MF-SEL] tPrev=(  d=0.018356  dMin=0.000000  dAvg=0.043623  dMax=3.724814  Dlo=0.021811  Dhi=1.884218  err=-1.000000  inc=-1.096585  bucket 0->0  (mf=1000)
[MF-SEL] tPrev=(  d=0.015746  dMin=0.000000  dAvg=0.043599  dMax=3.724814  Dlo=0.021799  Dhi=1.884206  err=-1.000000  inc=-0.760082  bucket 0->0  (mf=1000)
[MF-SEL] tPrev=(  d=0.015332  dMin=0.000000  dAvg=0.043574  dMax=3.724814  Dlo=0.021787  Dhi=1.884194  err=-1.000000  inc=-0.762504  bucket 0->0  (mf=1000)
[MF-SEL] tPrev=(  d=0.015750  dMin=0.000000  dAvg=0.043550  dMax=3.724814  Dlo=0.021775  Dhi=1.884182  err=-1.000000  inc=-0.764546  bucket 0->0  (mf=1000)
[MF-SEL] tPrev=(  d=0.017264  dMin=0.000000  dAvg=0.043527  dMax=3.724814  Dlo=0.021764  Dhi=1.884171  err=-1.000000  inc=-0.766946  bucket 0->0  (mf=1000)
[MF-SEL] tPrev=(  d=0.021094  dMin=0.000000  dAvg=0.043508  dMax=3.724814  Dlo=0.021754  Dhi=1.884161  err=-1.000000  inc=-0.769030  bucket 0->0  (mf=1000)
[MF-SEL] tPrev=(  d=0.017052  dMin=0.000000  dAvg=0.043485  dMax=3.724814  Dlo=0.021742  Dhi=1.884149  err=-1.000000  inc=-0.771192  bucket 0->0  (mf=1000)
[MF-SEL] tPrev=(  d=0.015064  dMin=0.000000  dAvg=0.043460  dMax=3.724814  Dlo=0.021730  Dhi=1.884137  err=-1.000000  inc=-0.773445  bucket 0->0  (mf=1000)
[MF-SEL] tPrev=(  d=0.011783  dMin=0.000000  dAvg=0.043433  dMax=3.724814  Dlo=0.021717  Dhi=1.884123  err=-1.000000  inc=-0.775675  bucket 0->0  (mf=1000)
[MF-SEL] tPrev=(  d=0.007825  dMin=0.000000  dAvg=0.043402  dMax=3.724814  Dlo=0.021701  Dhi=1.884108  err=-1.000000  inc=-0.777954  bucket 0->0  (mf=1000)
[MF-SEL] tPrev=(  d=0.008315  dMin=0.000000  dAvg=0.043372  dMax=3.724814  Dlo=0.021686  Dhi=1.884093  err=-1.000000  inc=-0.780380  bucket 0->0  (mf=1000)
[MF-SEL] tPrev=(  d=0.013388  dMin=0.000000  dAvg=0.043346  dMax=3.724814  Dlo=0.021673  Dhi=1.884080  err=-1.000000  inc=-0.782812  bucket 0->0  (mf=1000)
[MF-SEL] tPrev=(  d=0.017087  dMin=0.000000  dAvg=0.043324  dMax=3.724814  Dlo=0.021662  Dhi=1.884069  err=-1.000000  inc=-0.784990  bucket 0->0  (mf=1000)
[MF-SEL] tPrev=(  d=0.021666  dMin=0.000000  dAvg=0.043305  dMax=3.724814  Dlo=0.021653  Dhi=1.884059  err=0.000000  inc=0.146102  bucket 0->0  (mf=1000)
[MF-SEL] tPrev=(  d=0.024506  dMin=0.000000  dAvg=0.043289  dMax=3.724814  Dlo=0.021644  Dhi=1.884051  err=0.000000  inc=-0.184990  bucket 0->0  (mf=1000)
[MF-SEL] tPrev=(  d=0.025867  dMin=0.000000  dAvg=0.043274  dMax=3.724814  Dlo=0.021637  Dhi=1.884044  err=0.000000  inc=-0.184990  bucket 0->0  (mf=1000)
[MF-SEL] tPrev=(  d=0.026026  dMin=0.000000  dAvg=0.043259  dMax=3.724814  Dlo=0.021630  Dhi=1.884037  err=0.000000  inc=-0.184990  bucket 0->0  (mf=1000)
[MF-SEL] tPrev=(  d=0.026519  dMin=0.000000  dAvg=0.043245  dMax=3.724814  Dlo=0.021622  Dhi=1.884029  err=0.000000  inc=-0.184990  bucket 0->0  (mf=1000)
[MF-SEL] tPrev=(  d=0.022617  dMin=0.000000  dAvg=0.043227  dMax=3.724814  Dlo=0.021614  Dhi=1.884021  err=0.000000  inc=-0.184990  bucket 0->0  (mf=1000)
[MF-SEL] tPrev=(  d=0.019616  dMin=0.000000  dAvg=0.043207  dMax=3.724814  Dlo=0.021603  Dhi=1.884010  err=-1.000000  inc=-1.139787  bucket 0->0  (mf=1000)
[MF-SEL] tPrev=(  d=0.013934  dMin=0.000000  dAvg=0.043182  dMax=3.724814  Dlo=0.021591  Dhi=1.883998  err=-1.000000  inc=-0.789535  bucket 0->0  (mf=1000)
[MF-SEL] tPrev=(  d=0.013530  dMin=0.000000  dAvg=0.043157  dMax=3.724814  Dlo=0.021578  Dhi=1.883985  err=-1.000000  inc=-0.791911  bucket 0->0  (mf=1000)
[MF-SEL] tPrev=(  d=0.012531  dMin=0.000000  dAvg=0.043130  dMax=3.724814  Dlo=0.021565  Dhi=1.883972  err=-1.000000  inc=-0.794262  bucket 0->0  (mf=1000)
[MF-SEL] tPrev=(  d=0.013628  dMin=0.000000  dAvg=0.043105  dMax=3.724814  Dlo=0.021553  Dhi=1.883960  err=-1.000000  inc=-0.796449  bucket 0->0  (mf=1000)
[MF-SEL] tPrev=(  d=0.015028  dMin=0.000000  dAvg=0.043081  dMax=3.724814  Dlo=0.021541  Dhi=1.883948  err=-1.000000  inc=-0.798674  bucket 0->0  (mf=1000)
[MF-SEL] tPrev=(  d=0.016499  dMin=0.000000  dAvg=0.043059  dMax=3.724814  Dlo=0.021529  Dhi=1.883936  err=-1.000000  inc=-0.800819  bucket 0->0  (mf=1000)
[MF-SEL] tPrev=(  d=0.016094  dMin=0.000000  dAvg=0.043036  dMax=3.724814  Dlo=0.021518  Dhi=1.883925  err=-1.000000  inc=-0.803363  bucket 0->0  (mf=1000)
[MF-SEL] tPrev=(  d=0.015258  dMin=0.000000  dAvg=0.043012  dMax=3.724814  Dlo=0.021506  Dhi=1.883913  err=-1.000000  inc=-0.805595  bucket 0->0  (mf=1000)
[MF-SEL] tPrev=(  d=0.014210  dMin=0.000000  dAvg=0.042988  dMax=3.724814  Dlo=0.021494  Dhi=1.883901  err=-1.000000  inc=-0.807792  bucket 0->0  (mf=1000)
[MF-SEL] tPrev=(  d=0.013570  dMin=0.000000  dAvg=0.042963  dMax=3.724814  Dlo=0.021481  Dhi=1.883888  err=-1.000000  inc=-0.810052  bucket 0->0  (mf=1000)
[MF-SEL] tPrev=(  d=0.011228  dMin=0.000000  dAvg=0.042936  dMax=3.724814  Dlo=0.021468  Dhi=1.883875  err=-1.000000  inc=-0.812337  bucket 0->0  (mf=1000)
[MF-SEL] tPrev=(  d=0.018058  dMin=0.000000  dAvg=0.042915  dMax=3.724814  Dlo=0.021457  Dhi=1.883864  err=-1.000000  inc=-0.814765  bucket 0->0  (mf=1000)
[MF-SEL] tPrev=(  d=0.023497  dMin=0.000000  dAvg=0.042898  dMax=3.724814  Dlo=0.021449  Dhi=1.883856  err=0.000000  inc=0.142393  bucket 0->0  (mf=1000)
[MF-SEL] tPrev=(  d=0.026885  dMin=0.000000  dAvg=0.042885  dMax=3.724814  Dlo=0.021442  Dhi=1.883849  err=0.000000  inc=-0.214765  bucket 0->0  (mf=1000)
[MF-SEL] tPrev=(  d=0.029439  dMin=0.000000  dAvg=0.042874  dMax=3.724814  Dlo=0.021437  Dhi=1.883844  err=0.000000  inc=-0.214765  bucket 0->0  (mf=1000)
[MF-SEL] tPrev=(  d=0.028147  dMin=0.000000  dAvg=0.042861  dMax=3.724814  Dlo=0.021431  Dhi=1.883838  err=0.000000  inc=-0.214765  bucket 0->0  (mf=1000)
[MF-SEL] tPrev=(  d=0.025648  dMin=0.000000  dAvg=0.042847  dMax=3.724814  Dlo=0.021423  Dhi=1.883830  err=0.000000  inc=-0.214765  bucket 0->0  (mf=1000)
[MF-SEL] tPrev=(  d=0.021680  dMin=0.000000  dAvg=0.042829  dMax=3.724814  Dlo=0.021414  Dhi=1.883821  err=0.000000  inc=-0.214765  bucket 0->0  (mf=1000)
[MF-SEL] tPrev=(  d=0.016849  dMin=0.000000  dAvg=0.042807  dMax=3.724814  Dlo=0.021403  Dhi=1.883810  err=-1.000000  inc=-1.168077  bucket 0->0  (mf=1000)
[MF-SEL] tPrev=(  d=0.012428  dMin=0.000000  dAvg=0.042781  dMax=3.724814  Dlo=0.021391  Dhi=1.883798  err=-1.000000  inc=-0.819408  bucket 0->0  (mf=1000)
[MF-SEL] tPrev=(  d=0.010047  dMin=0.000000  dAvg=0.042754  dMax=3.724814  Dlo=0.021377  Dhi=1.883784  err=-1.000000  inc=-0.821556  bucket 0->0  (mf=1000)
[MF-SEL] tPrev=(  d=0.011687  dMin=0.000000  dAvg=0.042728  dMax=3.724814  Dlo=0.021364  Dhi=1.883771  err=-1.000000  inc=-0.823815  bucket 0->0  (mf=1000)
[MF-SEL] tPrev=(  d=0.015988  dMin=0.000000  dAvg=0.042705  dMax=3.724814  Dlo=0.021353  Dhi=1.883760  err=-1.000000  inc=-0.825965  bucket 0->0  (mf=1000)
[MF-SEL] tPrev=(  d=0.015820  dMin=0.000000  dAvg=0.042683  dMax=3.724814  Dlo=0.021341  Dhi=1.883748  err=-1.000000  inc=-0.828335  bucket 0->0  (mf=1000)
[MF-SEL] tPrev=(  d=0.017297  dMin=0.000000  dAvg=0.042662  dMax=3.724814  Dlo=0.021331  Dhi=1.883738  err=-1.000000  inc=-0.830647  bucket 0->0  (mf=1000)
[MF-SEL] tPrev=(  d=0.018198  dMin=0.000000  dAvg=0.042641  dMax=3.724814  Dlo=0.021321  Dhi=1.883728  err=-1.000000  inc=-0.832815  bucket 0->0  (mf=1000)
[MF-SEL] tPrev=(  d=0.018571  dMin=0.000000  dAvg=0.042621  dMax=3.724814  Dlo=0.021310  Dhi=1.883717  err=-1.000000  inc=-0.834961  bucket 0->0  (mf=1000)
[MF-SEL] tPrev=(  d=0.017778  dMin=0.000000  dAvg=0.042600  dMax=3.724814  Dlo=0.021300  Dhi=1.883707  err=-1.000000  inc=-0.837272  bucket 0->0  (mf=1000)
[MF-SEL] tPrev=(  d=0.015867  dMin=0.000000  dAvg=0.042578  dMax=3.724814  Dlo=0.021289  Dhi=1.883696  err=-1.000000  inc=-0.839559  bucket 0->0  (mf=1000)
[MF-SEL] tPrev=(  d=0.012635  dMin=0.000000  dAvg=0.042553  dMax=3.724814  Dlo=0.021276  Dhi=1.883683  err=-1.000000  inc=-0.841813  bucket 0->0  (mf=1000)
[MF-SEL] tPrev=(  d=0.008101  dMin=0.000000  dAvg=0.042524  dMax=3.724814  Dlo=0.021262  Dhi=1.883669  err=-1.000000  inc=-0.844069  bucket 0->0  (mf=1000)
[MF-SEL] tPrev=(  d=0.004896  dMin=0.000000  dAvg=0.042493  dMax=3.724814  Dlo=0.021246  Dhi=1.883653  err=-1.000000  inc=-0.846170  bucket 0->0  (mf=1000)
[MF-SEL] tPrev=(  d=0.013571  dMin=0.000000  dAvg=0.042469  dMax=3.724814  Dlo=0.021234  Dhi=1.883641  err=-1.000000  inc=-0.848459  bucket 0->0  (mf=1000)
[MF-SEL] tPrev=(  d=0.006679  dMin=0.000000  dAvg=0.042439  dMax=3.724814  Dlo=0.021220  Dhi=1.883626  err=-1.000000  inc=-0.850887  bucket 0->0  (mf=1000)
[MF-SEL] tPrev=(  d=0.006353  dMin=0.000000  dAvg=0.042409  dMax=3.724814  Dlo=0.021205  Dhi=1.883612  err=-1.000000  inc=-0.853285  bucket 0->0  (mf=1000)
[MF-SEL] tPrev=(  d=0.004990  dMin=0.000000  dAvg=0.042378  dMax=3.724814  Dlo=0.021189  Dhi=1.883596  err=-1.000000  inc=-0.855351  bucket 0->0  (mf=1000)
[MF-SEL] tPrev=(  d=0.003006  dMin=0.000000  dAvg=0.042345  dMax=3.724814  Dlo=0.021173  Dhi=1.883580  err=-1.000000  inc=-0.857527  bucket 0->0  (mf=1000)
[MF-SEL] tPrev=(  d=0.007244  dMin=0.000000  dAvg=0.042316  dMax=3.724814  Dlo=0.021158  Dhi=1.883565  err=-1.000000  inc=-0.859793  bucket 0->0  (mf=1000)
[MF-SEL] tPrev=(  d=0.007530  dMin=0.000000  dAvg=0.042288  dMax=3.724814  Dlo=0.021144  Dhi=1.883551  err=-1.000000  inc=-0.861950  bucket 0->0  (mf=1000)
[MF-SEL] tPrev=(  d=0.011950  dMin=0.000000  dAvg=0.042262  dMax=3.724814  Dlo=0.021131  Dhi=1.883538  err=-1.000000  inc=-0.864327  bucket 0->0  (mf=1000)
[MF-SEL] tPrev=(  d=0.014587  dMin=0.000000  dAvg=0.042240  dMax=3.724814  Dlo=0.021120  Dhi=1.883527  err=-1.000000  inc=-0.866515  bucket 0->0  (mf=1000)
[MF-SEL] tPrev=(  d=0.016510  dMin=0.000000  dAvg=0.042218  dMax=3.724814  Dlo=0.021109  Dhi=1.883516  err=-1.000000  inc=-0.868889  bucket 0->0  (mf=1000)
[MF-SEL] tPrev=(  d=0.018268  dMin=0.000000  dAvg=0.042199  dMax=3.724814  Dlo=0.021099  Dhi=1.883506  err=-1.000000  inc=-0.870945  bucket 0->0  (mf=1000)
[MF-SEL] tPrev=(  d=0.018729  dMin=0.000000  dAvg=0.042179  dMax=3.724814  Dlo=0.021090  Dhi=1.883497  err=-1.000000  inc=-0.873342  bucket 0->0  (mf=1000)
[MF-SEL] tPrev=(  d=0.018562  dMin=0.000000  dAvg=0.042160  dMax=3.724814  Dlo=0.021080  Dhi=1.883487  err=-1.000000  inc=-0.875543  bucket 0->0  (mf=1000)
[MF-SEL] tPrev=(  d=0.016572  dMin=0.000000  dAvg=0.042139  dMax=3.724814  Dlo=0.021069  Dhi=1.883476  err=-1.000000  inc=-0.877755  bucket 0->0  (mf=1000)
[MF-SEL] tPrev=(  d=0.013898  dMin=0.000000  dAvg=0.042115  dMax=3.724814  Dlo=0.021058  Dhi=1.883465  err=-1.000000  inc=-0.879884  bucket 0->0  (mf=1000)
[MF-SEL] tPrev=(  d=0.012463  dMin=0.000000  dAvg=0.042091  dMax=3.724814  Dlo=0.021046  Dhi=1.883453  err=-1.000000  inc=-0.882184  bucket 0->0  (mf=1000)
[MF-SEL] tPrev=(  d=0.006529  dMin=0.000000  dAvg=0.042062  dMax=3.724814  Dlo=0.021031  Dhi=1.883438  err=-1.000000  inc=-0.884480  bucket 0->0  (mf=1000)
[MF-SEL] tPrev=(  d=0.006957  dMin=0.000000  dAvg=0.042033  dMax=3.724814  Dlo=0.021017  Dhi=1.883424  err=-1.000000  inc=-0.886749  bucket 0->0  (mf=1000)
[MF-SEL] tPrev=(  d=0.009808  dMin=0.000000  dAvg=0.042007  dMax=3.724814  Dlo=0.021003  Dhi=1.883410  err=-1.000000  inc=-0.888830  bucket 0->0  (mf=1000)
[MF-SEL] tPrev=(  d=0.012575  dMin=0.000000  dAvg=0.041983  dMax=3.724814  Dlo=0.020991  Dhi=1.883398  err=-1.000000  inc=-0.891010  bucket 0->0  (mf=1000)
[MF-SEL] tPrev=(  d=0.007105  dMin=0.000000  dAvg=0.041954  dMax=3.724814  Dlo=0.020977  Dhi=1.883384  err=-1.000000  inc=-0.893238  bucket 0->0  (mf=1000)
[MF-SEL] tPrev=(  d=0.009208  dMin=0.000000  dAvg=0.041927  dMax=3.724814  Dlo=0.020964  Dhi=1.883371  err=-1.000000  inc=-0.895854  bucket 0->0  (mf=1000)
[MF-SEL] tPrev=(  d=0.007380  dMin=0.000000  dAvg=0.041899  dMax=3.724814  Dlo=0.020950  Dhi=1.883356  err=-1.000000  inc=-0.898018  bucket 0->0  (mf=1000)
[MF-SEL] tPrev=(  d=0.008397  dMin=0.000000  dAvg=0.041872  dMax=3.724814  Dlo=0.020936  Dhi=1.883343  err=-1.000000  inc=-0.900194  bucket 0->0  (mf=1000)
[MF-SEL] tPrev=(  d=0.011439  dMin=0.000000  dAvg=0.041847  dMax=3.724814  Dlo=0.020923  Dhi=1.883330  err=-1.000000  inc=-0.902378  bucket 0->0  (mf=1000)
[MF-SEL] tPrev=(  d=0.018757  dMin=0.000000  dAvg=0.041828  dMax=3.724814  Dlo=0.020914  Dhi=1.883321  err=-1.000000  inc=-0.904681  bucket 0->0  (mf=1000)
[MF-SEL] tPrev=(  d=0.018278  dMin=0.000000  dAvg=0.041809  dMax=3.724814  Dlo=0.020904  Dhi=1.883311  err=-1.000000  inc=-0.907092  bucket 0->0  (mf=1000)
[MF-SEL] tPrev=(  d=0.021989  dMin=0.000000  dAvg=0.041793  dMax=3.724814  Dlo=0.020896  Dhi=1.883303  err=0.000000  inc=0.055395  bucket 0->0  (mf=1000)
[MF-SEL] tPrev=(  d=0.034887  dMin=0.000000  dAvg=0.041787  dMax=3.724814  Dlo=0.020894  Dhi=1.883301  err=0.000000  inc=-0.307092  bucket 0->0  (mf=1000)
[MF-SEL] tPrev=(  d=0.028286  dMin=0.000000  dAvg=0.041776  dMax=3.724814  Dlo=0.020888  Dhi=1.883295  err=0.000000  inc=-0.307092  bucket 0->0  (mf=1000)
[MF-SEL] tPrev=(  d=0.029248  dMin=0.000000  dAvg=0.041766  dMax=3.724814  Dlo=0.020883  Dhi=1.883290  err=0.000000  inc=-0.307092  bucket 0->0  (mf=1000)
[MF-SEL] tPrev=(  d=0.029541  dMin=0.000000  dAvg=0.041756  dMax=3.724814  Dlo=0.020878  Dhi=1.883285  err=0.000000  inc=-0.307092  bucket 0->0  (mf=1000)
[MF-SEL] tPrev=(  d=0.030766  dMin=0.000000  dAvg=0.041747  dMax=3.724814  Dlo=0.020874  Dhi=1.883281  err=0.000000  inc=-0.307092  bucket 0->0  (mf=1000)
[MF-SEL] tPrev=(  d=0.045610  dMin=0.000000  dAvg=0.041750  dMax=3.724814  Dlo=0.020875  Dhi=1.883282  err=0.000000  inc=-0.307092  bucket 0->0  (mf=1000)
[MF-SEL] tPrev=(  d=0.032411  dMin=0.000000  dAvg=0.041743  dMax=3.724814  Dlo=0.020871  Dhi=1.883278  err=0.000000  inc=-0.307092  bucket 0->0  (mf=1000)
[MF-SEL] tPrev=(  d=0.032490  dMin=0.000000  dAvg=0.041735  dMax=3.724814  Dlo=0.020868  Dhi=1.883275  err=0.000000  inc=-0.307092  bucket 0->0  (mf=1000)
[MF-SEL] tPrev=(  d=0.031615  dMin=0.000000  dAvg=0.041727  dMax=3.724814  Dlo=0.020864  Dhi=1.883271  err=0.000000  inc=-0.307092  bucket 0->0  (mf=1000)
[MF-SEL] tPrev=(  d=0.032769  dMin=0.000000  dAvg=0.041720  dMax=3.724814  Dlo=0.020860  Dhi=1.883267  err=0.000000  inc=-0.307092  bucket 0->0  (mf=1000)
[MF-SEL] tPrev=(  d=0.028057  dMin=0.000000  dAvg=0.041709  dMax=3.724814  Dlo=0.020854  Dhi=1.883261  err=0.000000  inc=-0.307092  bucket 0->0  (mf=1000)
[MF-SEL] tPrev=(  d=0.026401  dMin=0.000000  dAvg=0.041696  dMax=3.724814  Dlo=0.020848  Dhi=1.883255  err=0.000000  inc=-0.307092  bucket 0->0  (mf=1000)
[MF-SEL] tPrev=(  d=0.024203  dMin=0.000000  dAvg=0.041682  dMax=3.724814  Dlo=0.020841  Dhi=1.883248  err=0.000000  inc=-0.307092  bucket 0->0  (mf=1000)
[MF-SEL] tPrev=(  d=0.021427  dMin=0.000000  dAvg=0.041666  dMax=3.724814  Dlo=0.020833  Dhi=1.883240  err=0.000000  inc=-0.307092  bucket 0->0  (mf=1000)
[MF-SEL] tPrev=(  d=0.019592  dMin=0.000000  dAvg=0.041648  dMax=3.724814  Dlo=0.020824  Dhi=1.883231  err=-1.000000  inc=-1.274765  bucket 0->0  (mf=1000)
[MF-SEL] tPrev=(  d=0.014439  dMin=0.000000  dAvg=0.041627  dMax=3.724814  Dlo=0.020813  Dhi=1.883220  err=-1.000000  inc=-0.911572  bucket 0->0  (mf=1000)
[MF-SEL] tPrev=(  d=0.010862  dMin=0.000000  dAvg=0.041602  dMax=3.724814  Dlo=0.020801  Dhi=1.883208  err=-1.000000  inc=-0.913897  bucket 0->0  (mf=1000)
[MF-SEL] tPrev=(  d=0.007276  dMin=0.000000  dAvg=0.041574  dMax=3.724814  Dlo=0.020787  Dhi=1.883194  err=-1.000000  inc=-0.916180  bucket 0->0  (mf=1000)
[MF-SEL] tPrev=(  d=0.004869  dMin=0.000000  dAvg=0.041545  dMax=3.724814  Dlo=0.020772  Dhi=1.883179  err=-1.000000  inc=-0.918345  bucket 0->0  (mf=1000)
[MF-SEL] tPrev=(  d=0.004562  dMin=0.000000  dAvg=0.041515  dMax=3.724814  Dlo=0.020758  Dhi=1.883165  err=-1.000000  inc=-0.920530  bucket 0->0  (mf=1000)
[MF-SEL] tPrev=(  d=0.007437  dMin=0.000000  dAvg=0.041488  dMax=3.724814  Dlo=0.020744  Dhi=1.883151  err=-1.000000  inc=-0.922851  bucket 0->0  (mf=1000)
[MF-SEL] tPrev=(  d=0.010972  dMin=0.000000  dAvg=0.041464  dMax=3.724814  Dlo=0.020732  Dhi=1.883139  err=-1.000000  inc=-0.925155  bucket 0->0  (mf=1000)
[MF-SEL] tPrev=(  d=0.015131  dMin=0.000000  dAvg=0.041443  dMax=3.724814  Dlo=0.020721  Dhi=1.883128  err=-1.000000  inc=-0.927411  bucket 0->0  (mf=1000)
[MF-SEL] tPrev=(  d=0.018620  dMin=0.000000  dAvg=0.041424  dMax=3.724814  Dlo=0.020712  Dhi=1.883119  err=-1.000000  inc=-0.929741  bucket 0->0  (mf=1000)
[MF-SEL] tPrev=(  d=0.020970  dMin=0.000000  dAvg=0.041408  dMax=3.724814  Dlo=0.020704  Dhi=1.883111  err=0.000000  inc=0.016303  bucket 0->0  (mf=1000)
[MF-SEL] tPrev=(  d=0.023370  dMin=0.000000  dAvg=0.041394  dMax=3.724814  Dlo=0.020697  Dhi=1.883104  err=0.000000  inc=-0.329741  bucket 0->0  (mf=1000)
[MF-SEL] tPrev=(  d=0.024582  dMin=0.000000  dAvg=0.041380  dMax=3.724814  Dlo=0.020690  Dhi=1.883097  err=0.000000  inc=-0.329741  bucket 0->0  (mf=1000)
[MF-SEL] tPrev=(  d=0.023772  dMin=0.000000  dAvg=0.041366  dMax=3.724814  Dlo=0.020683  Dhi=1.883090  err=0.000000  inc=-0.329741  bucket 0->0  (mf=1000)
[MF-SEL] tPrev=(  d=0.021576  dMin=0.000000  dAvg=0.041351  dMax=3.724814  Dlo=0.020675  Dhi=1.883082  err=0.000000  inc=-0.329741  bucket 0->0  (mf=1000)
[MF-SEL] tPrev=(  d=0.017424  dMin=0.000000  dAvg=0.041332  dMax=3.724814  Dlo=0.020666  Dhi=1.883073  err=-1.000000  inc=-1.285330  bucket 0->0  (mf=1000)
[MF-SEL] tPrev=(  d=0.015010  dMin=0.000000  dAvg=0.041311  dMax=3.724814  Dlo=0.020655  Dhi=1.883062  err=-1.000000  inc=-0.934224  bucket 0->0  (mf=1000)
[MF-SEL] tPrev=(  d=0.012029  dMin=0.000000  dAvg=0.041287  dMax=3.724814  Dlo=0.020644  Dhi=1.883051  err=-1.000000  inc=-0.936610  bucket 0->0  (mf=1000)
[MF-SEL] tPrev=(  d=0.010073  dMin=0.000000  dAvg=0.041263  dMax=3.724814  Dlo=0.020631  Dhi=1.883038  err=-1.000000  inc=-0.938921  bucket 0->0  (mf=1000)
[MF-SEL] tPrev=(  d=0.008668  dMin=0.000000  dAvg=0.041237  dMax=3.724814  Dlo=0.020618  Dhi=1.883025  err=-1.000000  inc=-0.941126  bucket 0->0  (mf=1000)
[MF-SEL] tPrev=(  d=0.009155  dMin=0.000000  dAvg=0.041212  dMax=3.724814  Dlo=0.020606  Dhi=1.883013  err=-1.000000  inc=-0.943501  bucket 0->0  (mf=1000)
[MF-SEL] tPrev=(  d=0.009818  dMin=0.000000  dAvg=0.041187  dMax=3.724814  Dlo=0.020593  Dhi=1.883000  err=-1.000000  inc=-0.945834  bucket 0->0  (mf=1000)
[MF-SEL] tPrev=(  d=0.009937  dMin=0.000000  dAvg=0.041162  dMax=3.724814  Dlo=0.020581  Dhi=1.882988  err=-1.000000  inc=-0.948084  bucket 0->0  (mf=1000)
[MF-SEL] tPrev=(  d=0.010866  dMin=0.000000  dAvg=0.041138  dMax=3.724814  Dlo=0.020569  Dhi=1.882976  err=-1.000000  inc=-0.950252  bucket 0->0  (mf=1000)
[MF-SEL] tPrev=(  d=0.012066  dMin=0.000000  dAvg=0.041115  dMax=3.724814  Dlo=0.020558  Dhi=1.882965  err=-1.000000  inc=-0.952555  bucket 0->0  (mf=1000)
[MF-SEL] tPrev=(  d=0.013960  dMin=0.000000  dAvg=0.041094  dMax=3.724814  Dlo=0.020547  Dhi=1.882954  err=-1.000000  inc=-0.954787  bucket 0->0  (mf=1000)
[MF-SEL] tPrev=(  d=0.020643  dMin=0.000000  dAvg=0.041078  dMax=3.724814  Dlo=0.020539  Dhi=1.882946  err=0.000000  inc=0.005828  bucket 0->0  (mf=1000)
[MF-SEL] tPrev=(  d=0.020896  dMin=0.000000  dAvg=0.041062  dMax=3.724814  Dlo=0.020531  Dhi=1.882938  err=0.000000  inc=-0.354787  bucket 0->0  (mf=1000)
[MF-SEL] tPrev=(  d=0.024464  dMin=0.000000  dAvg=0.041049  dMax=3.724814  Dlo=0.020524  Dhi=1.882931  err=0.000000  inc=-0.354787  bucket 0->0  (mf=1000)
[MF-SEL] tPrev=(  d=0.028021  dMin=0.000000  dAvg=0.041039  dMax=3.724814  Dlo=0.020519  Dhi=1.882926  err=0.000000  inc=-0.354787  bucket 0->0  (mf=1000)
[MF-SEL] tPrev=(  d=0.030803  dMin=0.000000  dAvg=0.041030  dMax=3.724814  Dlo=0.020515  Dhi=1.882922  err=0.000000  inc=-0.354787  bucket 0->0  (mf=1000)
[MF-SEL] tPrev=(  d=0.032892  dMin=0.000000  dAvg=0.041024  dMax=3.724814  Dlo=0.020512  Dhi=1.882919  err=0.000000  inc=-0.354787  bucket 0->0  (mf=1000)
[MF-SEL] tPrev=(  d=0.034389  dMin=0.000000  dAvg=0.041019  dMax=3.724814  Dlo=0.020509  Dhi=1.882916  err=0.000000  inc=-0.354787  bucket 0->0  (mf=1000)
[MF-SEL] tPrev=(  d=0.035436  dMin=0.000000  dAvg=0.041015  dMax=3.724814  Dlo=0.020507  Dhi=1.882914  err=0.000000  inc=-0.354787  bucket 0->0  (mf=1000)
[MF-SEL] tPrev=(  d=0.039953  dMin=0.000000  dAvg=0.041014  dMax=3.724814  Dlo=0.020507  Dhi=1.882914  err=0.000000  inc=-0.354787  bucket 0->0  (mf=1000)
[MF-SEL] tPrev=(  d=0.040540  dMin=0.000000  dAvg=0.041013  dMax=3.724814  Dlo=0.020507  Dhi=1.882914  err=0.000000  inc=-0.354787  bucket 0->0  (mf=1000)
[MF-SEL] tPrev=(  d=0.043260  dMin=0.000000  dAvg=0.041015  dMax=3.724814  Dlo=0.020508  Dhi=1.882915  err=0.000000  inc=-0.354787  bucket 0->0  (mf=1000)
[MF-SEL] tPrev=(  d=0.046170  dMin=0.000000  dAvg=0.041019  dMax=3.724814  Dlo=0.020510  Dhi=1.882917  err=0.000000  inc=-0.354787  bucket 0->0  (mf=1000)
[MF-SEL] tPrev=(  d=0.042041  dMin=0.000000  dAvg=0.041020  dMax=3.724814  Dlo=0.020510  Dhi=1.882917  err=0.000000  inc=-0.354787  bucket 0->0  (mf=1000)
[MF-SEL] tPrev=(  d=0.055275  dMin=0.000000  dAvg=0.041031  dMax=3.724814  Dlo=0.020516  Dhi=1.882922  err=0.000000  inc=-0.354787  bucket 0->0  (mf=1000)
[MF-SEL] tPrev=(  d=0.058859  dMin=0.000000  dAvg=0.041045  dMax=3.724814  Dlo=0.020522  Dhi=1.882929  err=0.000000  inc=-0.354787  bucket 0->0  (mf=1000)
[MF-SEL] tPrev=(  d=0.061023  dMin=0.000000  dAvg=0.041060  dMax=3.724814  Dlo=0.020530  Dhi=1.882937  err=0.000000  inc=-0.354787  bucket 0->0  (mf=1000)
[MF-SEL] tPrev=(  d=0.061817  dMin=0.000000  dAvg=0.041077  dMax=3.724814  Dlo=0.020538  Dhi=1.882945  err=0.000000  inc=-0.354787  bucket 0->0  (mf=1000)
[MF-SEL] tPrev=(  d=0.062447  dMin=0.000000  dAvg=0.041093  dMax=3.724814  Dlo=0.020547  Dhi=1.882954  err=0.000000  inc=-0.354787  bucket 0->0  (mf=1000)
[MF-SEL] tPrev=(  d=0.059697  dMin=0.000000  dAvg=0.041108  dMax=3.724814  Dlo=0.020554  Dhi=1.882961  err=0.000000  inc=-0.354787  bucket 0->0  (mf=1000)
[MF-SEL] tPrev=(  d=0.057662  dMin=0.000000  dAvg=0.041120  dMax=3.724814  Dlo=0.020560  Dhi=1.882967  err=0.000000  inc=-0.354787  bucket 0->0  (mf=1000)
[MF-SEL] tPrev=(  d=0.055824  dMin=0.000000  dAvg=0.041132  dMax=3.724814  Dlo=0.020566  Dhi=1.882973  err=0.000000  inc=-0.354787  bucket 0->0  (mf=1000)
[MF-SEL] tPrev=(  d=0.053925  dMin=0.000000  dAvg=0.041142  dMax=3.724814  Dlo=0.020571  Dhi=1.882978  err=0.000000  inc=-0.354787  bucket 0->0  (mf=1000)
[MF-SEL] tPrev=(  d=0.049963  dMin=0.000000  dAvg=0.041149  dMax=3.724814  Dlo=0.020574  Dhi=1.882981  err=0.000000  inc=-0.354787  bucket 0->0  (mf=1000)
[MF-SEL] tPrev=(  d=0.052347  dMin=0.000000  dAvg=0.041157  dMax=3.724814  Dlo=0.020579  Dhi=1.882986  err=0.000000  inc=-0.354787  bucket 0->0  (mf=1000)
[MF-SEL] tPrev=(  d=0.052088  dMin=0.000000  dAvg=0.041166  dMax=3.724814  Dlo=0.020583  Dhi=1.882990  err=0.000000  inc=-0.354787  bucket 0->0  (mf=1000)
[MF-SEL] tPrev=(  d=0.051943  dMin=0.000000  dAvg=0.041174  dMax=3.724814  Dlo=0.020587  Dhi=1.882994  err=0.000000  inc=-0.354787  bucket 0->0  (mf=1000)
[MF-SEL] tPrev=(  d=0.051806  dMin=0.000000  dAvg=0.041182  dMax=3.724814  Dlo=0.020591  Dhi=1.882998  err=0.000000  inc=-0.354787  bucket 0->0  (mf=1000)
[MF-SEL] tPrev=(  d=0.051777  dMin=0.000000  dAvg=0.041190  dMax=3.724814  Dlo=0.020595  Dhi=1.883002  err=0.000000  inc=-0.354787  bucket 0->0  (mf=1000)
[MF-SEL] tPrev=(  d=0.054688  dMin=0.000000  dAvg=0.041201  dMax=3.724814  Dlo=0.020600  Dhi=1.883007  err=0.000000  inc=-0.354787  bucket 0->0  (mf=1000)
[MF-SEL] tPrev=(  d=0.052072  dMin=0.000000  dAvg=0.041209  dMax=3.724814  Dlo=0.020605  Dhi=1.883012  err=0.000000  inc=-0.354787  bucket 0->0  (mf=1000)
[MF-SEL] tPrev=(  d=0.052040  dMin=0.000000  dAvg=0.041218  dMax=3.724814  Dlo=0.020609  Dhi=1.883016  err=0.000000  inc=-0.354787  bucket 0->0  (mf=1000)
[MF-SEL] tPrev=(  d=0.050721  dMin=0.000000  dAvg=0.041225  dMax=3.724814  Dlo=0.020612  Dhi=1.883019  err=0.000000  inc=-0.354787  bucket 0->0  (mf=1000)
[MF-SEL] tPrev=(  d=0.048556  dMin=0.000000  dAvg=0.041230  dMax=3.724814  Dlo=0.020615  Dhi=1.883022  err=0.000000  inc=-0.354787  bucket 0->0  (mf=1000)
[MF-SEL] tPrev=(  d=0.048146  dMin=0.000000  dAvg=0.041236  dMax=3.724814  Dlo=0.020618  Dhi=1.883025  err=0.000000  inc=-0.354787  bucket 0->0  (mf=1000)
[MF-SEL] tPrev=(  d=0.042758  dMin=0.000000  dAvg=0.041237  dMax=3.724814  Dlo=0.020618  Dhi=1.883025  err=0.000000  inc=-0.354787  bucket 0->0  (mf=1000)
[MF-SEL] tPrev=(  d=0.040669  dMin=0.000000  dAvg=0.041236  dMax=3.724814  Dlo=0.020618  Dhi=1.883025  err=0.000000  inc=-0.354787  bucket 0->0  (mf=1000)
[MF-SEL] tPrev=(  d=0.038811  dMin=0.000000  dAvg=0.041235  dMax=3.724814  Dlo=0.020617  Dhi=1.883024  err=0.000000  inc=-0.354787  bucket 0->0  (mf=1000)
[MF-SEL] tPrev=(  d=0.037356  dMin=0.000000  dAvg=0.041232  dMax=3.724814  Dlo=0.020616  Dhi=1.883023  err=0.000000  inc=-0.354787  bucket 0->0  (mf=1000)
[MF-SEL] tPrev=(  d=0.035934  dMin=0.000000  dAvg=0.041228  dMax=3.724814  Dlo=0.020614  Dhi=1.883021  err=0.000000  inc=-0.354787  bucket 0->0  (mf=1000)
[MF-SEL] tPrev=(  d=0.034607  dMin=0.000000  dAvg=0.041223  dMax=3.724814  Dlo=0.020611  Dhi=1.883018  err=0.000000  inc=-0.354787  bucket 0->0  (mf=1000)
[MF-SEL] tPrev=(  d=0.034009  dMin=0.000000  dAvg=0.041217  dMax=3.724814  Dlo=0.020609  Dhi=1.883015  err=0.000000  inc=-0.354787  bucket 0->0  (mf=1000)
[MF-SEL] tPrev=(  d=0.032876  dMin=0.000000  dAvg=0.041211  dMax=3.724814  Dlo=0.020605  Dhi=1.883012  err=0.000000  inc=-0.354787  bucket 0->0  (mf=1000)
[MF-SEL] tPrev=(  d=0.033139  dMin=0.000000  dAvg=0.041205  dMax=3.724814  Dlo=0.020602  Dhi=1.883009  err=0.000000  inc=-0.354787  bucket 0->0  (mf=1000)
[MF-SEL] tPrev=(  d=0.033770  dMin=0.000000  dAvg=0.041199  dMax=3.724814  Dlo=0.020599  Dhi=1.883006  err=0.000000  inc=-0.354787  bucket 0->0  (mf=1000)
[MF-SEL] tPrev=(  d=0.036100  dMin=0.000000  dAvg=0.041195  dMax=3.724814  Dlo=0.020597  Dhi=1.883004  err=0.000000  inc=-0.354787  bucket 0->0  (mf=1000)
[MF-SEL] tPrev=(  d=0.034977  dMin=0.000000  dAvg=0.041190  dMax=3.724814  Dlo=0.020595  Dhi=1.883002  err=0.000000  inc=-0.354787  bucket 0->0  (mf=1000)
[MF-SEL] tPrev=(  d=0.035333  dMin=0.000000  dAvg=0.041186  dMax=3.724814  Dlo=0.020593  Dhi=1.883000  err=0.000000  inc=-0.354787  bucket 0->0  (mf=1000)
[MF-SEL] tPrev=(  d=0.034983  dMin=0.000000  dAvg=0.041181  dMax=3.724814  Dlo=0.020591  Dhi=1.882998  err=0.000000  inc=-0.354787  bucket 0->0  (mf=1000)
[MF-SEL] tPrev=(  d=0.033691  dMin=0.000000  dAvg=0.041175  dMax=3.724814  Dlo=0.020588  Dhi=1.882995  err=0.000000  inc=-0.354787  bucket 0->0  (mf=1000)
[MF-SEL] tPrev=(  d=0.033891  dMin=0.000000  dAvg=0.041170  dMax=3.724814  Dlo=0.020585  Dhi=1.882992  err=0.000000  inc=-0.354787  bucket 0->0  (mf=1000)
[MF-SEL] tPrev=(  d=0.032886  dMin=0.000000  dAvg=0.041164  dMax=3.724814  Dlo=0.020582  Dhi=1.882989  err=0.000000  inc=-0.354787  bucket 0->0  (mf=1000)
[MF-SEL] tPrev=(  d=0.032485  dMin=0.000000  dAvg=0.041157  dMax=3.724814  Dlo=0.020579  Dhi=1.882985  err=0.000000  inc=-0.354787  bucket 0->0  (mf=1000)
[MF-SEL] tPrev=(  d=0.031537  dMin=0.000000  dAvg=0.041150  dMax=3.724814  Dlo=0.020575  Dhi=1.882982  err=0.000000  inc=-0.354787  bucket 0->0  (mf=1000)
[MF-SEL] tPrev=(  d=0.030224  dMin=0.000000  dAvg=0.041142  dMax=3.724814  Dlo=0.020571  Dhi=1.882978  err=0.000000  inc=-0.354787  bucket 0->0  (mf=1000)
[MF-SEL] tPrev=(  d=0.033222  dMin=0.000000  dAvg=0.041136  dMax=3.724814  Dlo=0.020568  Dhi=1.882975  err=0.000000  inc=-0.354787  bucket 0->0  (mf=1000)
[MF-SEL] tPrev=(  d=0.028705  dMin=0.000000  dAvg=0.041126  dMax=3.724814  Dlo=0.020563  Dhi=1.882970  err=0.000000  inc=-0.354787  bucket 0->0  (mf=1000)
[MF-SEL] tPrev=(  d=0.027512  dMin=0.000000  dAvg=0.041116  dMax=3.724814  Dlo=0.020558  Dhi=1.882965  err=0.000000  inc=-0.354787  bucket 0->0  (mf=1000)
[MF-SEL] tPrev=(  d=0.026438  dMin=0.000000  dAvg=0.041105  dMax=3.724814  Dlo=0.020552  Dhi=1.882959  err=0.000000  inc=-0.354787  bucket 0->0  (mf=1000)
[MF-SEL] tPrev=(  d=0.025797  dMin=0.000000  dAvg=0.041093  dMax=3.724814  Dlo=0.020547  Dhi=1.882954  err=0.000000  inc=-0.354787  bucket 0->0  (mf=1000)
[MF-SEL] tPrev=(  d=0.025843  dMin=0.000000  dAvg=0.041082  dMax=3.724814  Dlo=0.020541  Dhi=1.882948  err=0.000000  inc=-0.354787  bucket 0->0  (mf=1000)
[MF-SEL] tPrev=(  d=0.025675  dMin=0.000000  dAvg=0.041070  dMax=3.724814  Dlo=0.020535  Dhi=1.882942  err=0.000000  inc=-0.354787  bucket 0->0  (mf=1000)
[MF-SEL] tPrev=(  d=0.025239  dMin=0.000000  dAvg=0.041058  dMax=3.724814  Dlo=0.020529  Dhi=1.882936  err=0.000000  inc=-0.354787  bucket 0->0  (mf=1000)
[MF-SEL] tPrev=(  d=0.018150  dMin=0.000000  dAvg=0.041041  dMax=3.724814  Dlo=0.020521  Dhi=1.882928  err=-1.000000  inc=-1.306553  bucket 0->0  (mf=1000)
[MF-SEL] tPrev=(  d=0.025325  dMin=0.000000  dAvg=0.041029  dMax=3.724814  Dlo=0.020515  Dhi=1.882922  err=0.000000  inc=0.009355  bucket 0->0  (mf=1000)
[MF-SEL] tPrev=(  d=0.024900  dMin=0.000000  dAvg=0.041017  dMax=3.724814  Dlo=0.020509  Dhi=1.882916  err=0.000000  inc=-0.357076  bucket 0->0  (mf=1000)
[MF-SEL] tPrev=(  d=0.024877  dMin=0.000000  dAvg=0.041005  dMax=3.724814  Dlo=0.020503  Dhi=1.882910  err=0.000000  inc=-0.357076  bucket 0->0  (mf=1000)
[MF-SEL] tPrev=(  d=0.024667  dMin=0.000000  dAvg=0.040993  dMax=3.724814  Dlo=0.020496  Dhi=1.882903  err=0.000000  inc=-0.357076  bucket 0->0  (mf=1000)
[MF-SEL] tPrev=(  d=0.024727  dMin=0.000000  dAvg=0.040981  dMax=3.724814  Dlo=0.020490  Dhi=1.882897  err=0.000000  inc=-0.357076  bucket 0->0  (mf=1000)
[MF-SEL] tPrev=(  d=0.024697  dMin=0.000000  dAvg=0.040969  dMax=3.724814  Dlo=0.020484  Dhi=1.882891  err=0.000000  inc=-0.357076  bucket 0->0  (mf=1000)
[MF-SEL] tPrev=(  d=0.024943  dMin=0.000000  dAvg=0.040957  dMax=3.724814  Dlo=0.020478  Dhi=1.882885  err=0.000000  inc=-0.357076  bucket 0->0  (mf=1000)
[MF-SEL] tPrev=(  d=0.025375  dMin=0.000000  dAvg=0.040945  dMax=3.724814  Dlo=0.020473  Dhi=1.882879  err=0.000000  inc=-0.357076  bucket 0->0  (mf=1000)
[MF-SEL] tPrev=(  d=0.027619  dMin=0.000000  dAvg=0.040935  dMax=3.724814  Dlo=0.020468  Dhi=1.882875  err=0.000000  inc=-0.357076  bucket 0->0  (mf=1000)
[MF-SEL] tPrev=(  d=0.025909  dMin=0.000000  dAvg=0.040924  dMax=3.724814  Dlo=0.020462  Dhi=1.882869  err=0.000000  inc=-0.357076  bucket 0->0  (mf=1000)
[MF-SEL] tPrev=(  d=0.026123  dMin=0.000000  dAvg=0.040913  dMax=3.724814  Dlo=0.020456  Dhi=1.882863  err=0.000000  inc=-0.357076  bucket 0->0  (mf=1000)
[MF-SEL] tPrev=(  d=0.025799  dMin=0.000000  dAvg=0.040902  dMax=3.724814  Dlo=0.020451  Dhi=1.882858  err=0.000000  inc=-0.357076  bucket 0->0  (mf=1000)
[MF-SEL] tPrev=(  d=0.026001  dMin=0.000000  dAvg=0.040891  dMax=3.724814  Dlo=0.020445  Dhi=1.882852  err=0.000000  inc=-0.357076  bucket 0->0  (mf=1000)
[MF-SEL] tPrev=(  d=0.027165  dMin=0.000000  dAvg=0.040880  dMax=3.724814  Dlo=0.020440  Dhi=1.882847  err=0.000000  inc=-0.357076  bucket 0->0  (mf=1000)
[MF-SEL] tPrev=(  d=0.028141  dMin=0.000000  dAvg=0.040871  dMax=3.724814  Dlo=0.020435  Dhi=1.882842  err=0.000000  inc=-0.357076  bucket 0->0  (mf=1000)
[MF-SEL] tPrev=(  d=0.028456  dMin=0.000000  dAvg=0.040862  dMax=3.724814  Dlo=0.020431  Dhi=1.882838  err=0.000000  inc=-0.357076  bucket 0->0  (mf=1000)
[MF-SEL] tPrev=(  d=0.028152  dMin=0.000000  dAvg=0.040852  dMax=3.724814  Dlo=0.020426  Dhi=1.882833  err=0.000000  inc=-0.357076  bucket 0->0  (mf=1000)
[MF-SEL] tPrev=(  d=0.035077  dMin=0.000000  dAvg=0.040848  dMax=3.724814  Dlo=0.020424  Dhi=1.882831  err=0.000000  inc=-0.357076  bucket 0->0  (mf=1000)
[MF-SEL] tPrev=(  d=0.028167  dMin=0.000000  dAvg=0.040839  dMax=3.724814  Dlo=0.020419  Dhi=1.882826  err=0.000000  inc=-0.357076  bucket 0->0  (mf=1000)
[MF-SEL] tPrev=(  d=0.030705  dMin=0.000000  dAvg=0.040831  dMax=3.724814  Dlo=0.020416  Dhi=1.882823  err=0.000000  inc=-0.357076  bucket 0->0  (mf=1000)
[MF-SEL] tPrev=(  d=0.030602  dMin=0.000000  dAvg=0.040824  dMax=3.724814  Dlo=0.020412  Dhi=1.882819  err=0.000000  inc=-0.357076  bucket 0->0  (mf=1000)
[MF-SEL] tPrev=(  d=0.027743  dMin=0.000000  dAvg=0.040814  dMax=3.724814  Dlo=0.020407  Dhi=1.882814  err=0.000000  inc=-0.357076  bucket 0->0  (mf=1000)
[MF-SEL] tPrev=(  d=0.029543  dMin=0.000000  dAvg=0.040806  dMax=3.724814  Dlo=0.020403  Dhi=1.882810  err=0.000000  inc=-0.357076  bucket 0->0  (mf=1000)
[MF-SEL] tPrev=(  d=0.028463  dMin=0.000000  dAvg=0.040796  dMax=3.724814  Dlo=0.020398  Dhi=1.882805  err=0.000000  inc=-0.357076  bucket 0->0  (mf=1000)
[MF-SEL] tPrev=(  d=0.026192  dMin=0.000000  dAvg=0.040786  dMax=3.724814  Dlo=0.020393  Dhi=1.882800  err=0.000000  inc=-0.357076  bucket 0->0  (mf=1000)
[MF-SEL] tPrev=(  d=0.021856  dMin=0.000000  dAvg=0.040772  dMax=3.724814  Dlo=0.020386  Dhi=1.882793  err=0.000000  inc=-0.357076  bucket 0->0  (mf=1000)
[MF-SEL] tPrev=(  d=0.015949  dMin=0.000000  dAvg=0.040753  dMax=3.724814  Dlo=0.020377  Dhi=1.882784  err=-1.000000  inc=-1.316889  bucket 0->0  (mf=1000)
[MF-SEL] tPrev=(  d=0.017814  dMin=0.000000  dAvg=0.040737  dMax=3.724814  Dlo=0.020368  Dhi=1.882775  err=-1.000000  inc=-0.961630  bucket 0->0  (mf=1000)
[MF-SEL] tPrev=(  d=0.016122  dMin=0.000000  dAvg=0.040719  dMax=3.724814  Dlo=0.020359  Dhi=1.882766  err=-1.000000  inc=-0.963906  bucket 0->0  (mf=1000)
[MF-SEL] tPrev=(  d=0.013767  dMin=0.000000  dAvg=0.040699  dMax=3.724814  Dlo=0.020349  Dhi=1.882756  err=-1.000000  inc=-0.966065  bucket 0->0  (mf=1000)
[MF-SEL] tPrev=(  d=0.012247  dMin=0.000000  dAvg=0.040678  dMax=3.724814  Dlo=0.020339  Dhi=1.882746  err=-1.000000  inc=-0.968314  bucket 0->0  (mf=1000)
[MF-SEL] tPrev=(  d=0.010760  dMin=0.000000  dAvg=0.040656  dMax=3.724814  Dlo=0.020328  Dhi=1.882735  err=-1.000000  inc=-0.970628  bucket 0->0  (mf=1000)
[MF-SEL] tPrev=(  d=0.009727  dMin=0.000000  dAvg=0.040633  dMax=3.724814  Dlo=0.020317  Dhi=1.882724  err=-1.000000  inc=-0.972937  bucket 0->0  (mf=1000)
[MF-SEL] tPrev=(  d=0.008728  dMin=0.000000  dAvg=0.040610  dMax=3.724814  Dlo=0.020305  Dhi=1.882712  err=-1.000000  inc=-0.975257  bucket 0->0  (mf=1000)
[MF-SEL] tPrev=(  d=0.009129  dMin=0.000000  dAvg=0.040587  dMax=3.724814  Dlo=0.020293  Dhi=1.882700  err=-1.000000  inc=-0.977435  bucket 0->0  (mf=1000)
[MF-SEL] tPrev=(  d=0.010749  dMin=0.000000  dAvg=0.040565  dMax=3.724814  Dlo=0.020283  Dhi=1.882690  err=-1.000000  inc=-0.979758  bucket 0->0  (mf=1000)
[MF-SEL] tPrev=(  d=0.012534  dMin=0.000000  dAvg=0.040545  dMax=3.724814  Dlo=0.020272  Dhi=1.882679  err=-1.000000  inc=-0.981814  bucket 0->0  (mf=1000)
[MF-SEL] tPrev=(  d=0.009288  dMin=0.000000  dAvg=0.040522  dMax=3.724814  Dlo=0.020261  Dhi=1.882668  err=-1.000000  inc=-0.984004  bucket 0->0  (mf=1000)
[MF-SEL] tPrev=(  d=0.016778  dMin=0.000000  dAvg=0.040504  dMax=3.724814  Dlo=0.020252  Dhi=1.882659  err=-1.000000  inc=-0.986590  bucket 0->0  (mf=1000)
[MF-SEL] tPrev=(  d=0.019621  dMin=0.000000  dAvg=0.040489  dMax=3.724814  Dlo=0.020245  Dhi=1.882652  err=-1.000000  inc=-0.988836  bucket 0->0  (mf=1000)
[MF-SEL] tPrev=(  d=0.022444  dMin=0.000000  dAvg=0.040476  dMax=3.724814  Dlo=0.020238  Dhi=1.882645  err=0.000000  inc=-0.048677  bucket 0->0  (mf=1000)
[MF-SEL] tPrev=(  d=0.026152  dMin=0.000000  dAvg=0.040466  dMax=3.724814  Dlo=0.020233  Dhi=1.882640  err=0.000000  inc=-0.388836  bucket 0->0  (mf=1000)
[MF-SEL] tPrev=(  d=0.030144  dMin=0.000000  dAvg=0.040458  dMax=3.724814  Dlo=0.020229  Dhi=1.882636  err=0.000000  inc=-0.388836  bucket 0->0  (mf=1000)
[MF-SEL] tPrev=(  d=0.034266  dMin=0.000000  dAvg=0.040454  dMax=3.724814  Dlo=0.020227  Dhi=1.882634  err=0.000000  inc=-0.388836  bucket 0->0  (mf=1000)
[MF-SEL] tPrev=(  d=0.036223  dMin=0.000000  dAvg=0.040451  dMax=3.724814  Dlo=0.020225  Dhi=1.882632  err=0.000000  inc=-0.388836  bucket 0->0  (mf=1000)
[MF-SEL] tPrev=(  d=0.039639  dMin=0.000000  dAvg=0.040450  dMax=3.724814  Dlo=0.020225  Dhi=1.882632  err=0.000000  inc=-0.388836  bucket 0->0  (mf=1000)
[MF-SEL] tPrev=(  d=0.043447  dMin=0.000000  dAvg=0.040452  dMax=3.724814  Dlo=0.020226  Dhi=1.882633  err=0.000000  inc=-0.388836  bucket 0->0  (mf=1000)
[MF-SEL] tPrev=(  d=0.047123  dMin=0.000000  dAvg=0.040457  dMax=3.724814  Dlo=0.020229  Dhi=1.882635  err=0.000000  inc=-0.388836  bucket 0->0  (mf=1000)
[MF-SEL] tPrev=(  d=0.052959  dMin=0.000000  dAvg=0.040466  dMax=3.724814  Dlo=0.020233  Dhi=1.882640  err=0.000000  inc=-0.388836  bucket 0->0  (mf=1000)
[MF-SEL] tPrev=(  d=0.053764  dMin=0.000000  dAvg=0.040476  dMax=3.724814  Dlo=0.020238  Dhi=1.882645  err=0.000000  inc=-0.388836  bucket 0->0  (mf=1000)
[MF-SEL] tPrev=(  d=0.055595  dMin=0.000000  dAvg=0.040487  dMax=3.724814  Dlo=0.020243  Dhi=1.882650  err=0.000000  inc=-0.388836  bucket 0->0  (mf=1000)
[MF-SEL] tPrev=(  d=0.057143  dMin=0.000000  dAvg=0.040499  dMax=3.724814  Dlo=0.020249  Dhi=1.882656  err=0.000000  inc=-0.388836  bucket 0->0  (mf=1000)
[MF-SEL] tPrev=(  d=0.058349  dMin=0.000000  dAvg=0.040512  dMax=3.724814  Dlo=0.020256  Dhi=1.882663  err=0.000000  inc=-0.388836  bucket 0->0  (mf=1000)
[MF-SEL] tPrev=(  d=0.058800  dMin=0.000000  dAvg=0.040525  dMax=3.724814  Dlo=0.020262  Dhi=1.882669  err=0.000000  inc=-0.388836  bucket 0->0  (mf=1000)
[MF-SEL] tPrev=(  d=0.061798  dMin=0.000000  dAvg=0.040540  dMax=3.724814  Dlo=0.020270  Dhi=1.882677  err=0.000000  inc=-0.388836  bucket 0->0  (mf=1000)
[MF-SEL] tPrev=(  d=0.059046  dMin=0.000000  dAvg=0.040553  dMax=3.724814  Dlo=0.020277  Dhi=1.882684  err=0.000000  inc=-0.388836  bucket 0->0  (mf=1000)
[MF-SEL] tPrev=(  d=0.058924  dMin=0.000000  dAvg=0.040567  dMax=3.724814  Dlo=0.020283  Dhi=1.882690  err=0.000000  inc=-0.388836  bucket 0->0  (mf=1000)
[MF-SEL] tPrev=(  d=0.059352  dMin=0.000000  dAvg=0.040580  dMax=3.724814  Dlo=0.020290  Dhi=1.882697  err=0.000000  inc=-0.388836  bucket 0->0  (mf=1000)
[MF-SEL] tPrev=(  d=0.063576  dMin=0.000000  dAvg=0.040597  dMax=3.724814  Dlo=0.020298  Dhi=1.882705  err=0.000000  inc=-0.388836  bucket 0->0  (mf=1000)
[MF-SEL] tPrev=(  d=0.057798  dMin=0.000000  dAvg=0.040609  dMax=3.724814  Dlo=0.020305  Dhi=1.882711  err=0.000000  inc=-0.388836  bucket 0->0  (mf=1000)
[MF-SEL] tPrev=(  d=0.055980  dMin=0.000000  dAvg=0.040620  dMax=3.724814  Dlo=0.020310  Dhi=1.882717  err=0.000000  inc=-0.388836  bucket 0->0  (mf=1000)
[MF-SEL] tPrev=(  d=0.053972  dMin=0.000000  dAvg=0.040630  dMax=3.724814  Dlo=0.020315  Dhi=1.882722  err=0.000000  inc=-0.388836  bucket 0->0  (mf=1000)
[MF-SEL] tPrev=(  d=0.052345  dMin=0.000000  dAvg=0.040638  dMax=3.724814  Dlo=0.020319  Dhi=1.882726  err=0.000000  inc=-0.388836  bucket 0->0  (mf=1000)
[MF-SEL] tPrev=(  d=0.055839  dMin=0.000000  dAvg=0.040649  dMax=3.724814  Dlo=0.020324  Dhi=1.882731  err=0.000000  inc=-0.388836  bucket 0->0  (mf=1000)
[MF-SEL] tPrev=(  d=0.048131  dMin=0.000000  dAvg=0.040654  dMax=3.724814  Dlo=0.020327  Dhi=1.882734  err=0.000000  inc=-0.388836  bucket 0->0  (mf=1000)
[MF-SEL] tPrev=(  d=0.045797  dMin=0.000000  dAvg=0.040658  dMax=3.724814  Dlo=0.020329  Dhi=1.882736  err=0.000000  inc=-0.388836  bucket 0->0  (mf=1000)
[MF-SEL] tPrev=(  d=0.042963  dMin=0.000000  dAvg=0.040660  dMax=3.724814  Dlo=0.020330  Dhi=1.882737  err=0.000000  inc=-0.388836  bucket 0->0  (mf=1000)
[MF-SEL] tPrev=(  d=0.040747  dMin=0.000000  dAvg=0.040660  dMax=3.724814  Dlo=0.020330  Dhi=1.882737  err=0.000000  inc=-0.388836  bucket 0->0  (mf=1000)
[MF-SEL] tPrev=(  d=0.039158  dMin=0.000000  dAvg=0.040659  dMax=3.724814  Dlo=0.020329  Dhi=1.882736  err=0.000000  inc=-0.388836  bucket 0->0  (mf=1000)
[MF-SEL] tPrev=(  d=0.039023  dMin=0.000000  dAvg=0.040657  dMax=3.724814  Dlo=0.020329  Dhi=1.882736  err=0.000000  inc=-0.388836  bucket 0->0  (mf=1000)
[MF-SEL] tPrev=(  d=0.039474  dMin=0.000000  dAvg=0.040657  dMax=3.724814  Dlo=0.020328  Dhi=1.882735  err=0.000000  inc=-0.388836  bucket 0->0  (mf=1000)
[MF-SEL] tPrev=(  d=0.039905  dMin=0.000000  dAvg=0.040656  dMax=3.724814  Dlo=0.020328  Dhi=1.882735  err=0.000000  inc=-0.388836  bucket 0->0  (mf=1000)
[MF-SEL] tPrev=(  d=0.040333  dMin=0.000000  dAvg=0.040656  dMax=3.724814  Dlo=0.020328  Dhi=1.882735  err=0.000000  inc=-0.388836  bucket 0->0  (mf=1000)
[MF-SEL] tPrev=(  d=0.041291  dMin=0.000000  dAvg=0.040656  dMax=3.724814  Dlo=0.020328  Dhi=1.882735  err=0.000000  inc=-0.388836  bucket 0->0  (mf=1000)
[MF-SEL] tPrev=(  d=0.041740  dMin=0.000000  dAvg=0.040657  dMax=3.724814  Dlo=0.020329  Dhi=1.882736  err=0.000000  inc=-0.388836  bucket 0->0  (mf=1000)
[MF-SEL] tPrev=(  d=0.041608  dMin=0.000000  dAvg=0.040658  dMax=3.724814  Dlo=0.020329  Dhi=1.882736  err=0.000000  inc=-0.388836  bucket 0->0  (mf=1000)
[MF-SEL] tPrev=(  d=0.045939  dMin=0.000000  dAvg=0.040661  dMax=3.724814  Dlo=0.020331  Dhi=1.882738  err=0.000000  inc=-0.388836  bucket 0->0  (mf=1000)
[MF-SEL] tPrev=(  d=0.039639  dMin=0.000000  dAvg=0.040661  dMax=3.724814  Dlo=0.020330  Dhi=1.882737  err=0.000000  inc=-0.388836  bucket 0->0  (mf=1000)
[MF-SEL] tPrev=(  d=0.038038  dMin=0.000000  dAvg=0.040659  dMax=3.724814  Dlo=0.020329  Dhi=1.882736  err=0.000000  inc=-0.388836  bucket 0->0  (mf=1000)
[MF-SEL] tPrev=(  d=0.036465  dMin=0.000000  dAvg=0.040656  dMax=3.724814  Dlo=0.020328  Dhi=1.882735  err=0.000000  inc=-0.388836  bucket 0->0  (mf=1000)
[MF-SEL] tPrev=(  d=0.043300  dMin=0.000000  dAvg=0.040658  dMax=3.724814  Dlo=0.020329  Dhi=1.882736  err=0.000000  inc=-0.388836  bucket 0->0  (mf=1000)
[MF-SEL] tPrev=(  d=0.034614  dMin=0.000000  dAvg=0.040654  dMax=3.724814  Dlo=0.020327  Dhi=1.882734  err=0.000000  inc=-0.388836  bucket 0->0  (mf=1000)
[MF-SEL] tPrev=(  d=0.033449  dMin=0.000000  dAvg=0.040648  dMax=3.724814  Dlo=0.020324  Dhi=1.882731  err=0.000000  inc=-0.388836  bucket 0->0  (mf=1000)
[MF-SEL] tPrev=(  d=0.032129  dMin=0.000000  dAvg=0.040642  dMax=3.724814  Dlo=0.020321  Dhi=1.882728  err=0.000000  inc=-0.388836  bucket 0->0  (mf=1000)
[MF-SEL] tPrev=(  d=0.031608  dMin=0.000000  dAvg=0.040636  dMax=3.724814  Dlo=0.020318  Dhi=1.882725  err=0.000000  inc=-0.388836  bucket 0->0  (mf=1000)
[MF-SEL] tPrev=(  d=0.029440  dMin=0.000000  dAvg=0.040628  dMax=3.724814  Dlo=0.020314  Dhi=1.882721  err=0.000000  inc=-0.388836  bucket 0->0  (mf=1000)
[MF-SEL] tPrev=(  d=0.032239  dMin=0.000000  dAvg=0.040622  dMax=3.724814  Dlo=0.020311  Dhi=1.882718  err=0.000000  inc=-0.388836  bucket 0->0  (mf=1000)
[MF-SEL] tPrev=(  d=0.032250  dMin=0.000000  dAvg=0.040616  dMax=3.724814  Dlo=0.020308  Dhi=1.882715  err=0.000000  inc=-0.388836  bucket 0->0  (mf=1000)
[MF-SEL] tPrev=(  d=0.032386  dMin=0.000000  dAvg=0.040611  dMax=3.724814  Dlo=0.020305  Dhi=1.882712  err=0.000000  inc=-0.388836  bucket 0->0  (mf=1000)
[MF-SEL] tPrev=(  d=0.032488  dMin=0.000000  dAvg=0.040605  dMax=3.724814  Dlo=0.020302  Dhi=1.882709  err=0.000000  inc=-0.388836  bucket 0->0  (mf=1000)
[MF-SEL] tPrev=(  d=0.019624  dMin=0.000000  dAvg=0.040590  dMax=3.724814  Dlo=0.020295  Dhi=1.882702  err=-1.000000  inc=-1.372648  bucket 0->0  (mf=1000)
[MF-SEL] tPrev=(  d=0.034089  dMin=0.000000  dAvg=0.040586  dMax=3.724814  Dlo=0.020293  Dhi=1.882700  err=0.000000  inc=-0.073794  bucket 0->0  (mf=1000)
[MF-SEL] tPrev=(  d=0.034920  dMin=0.000000  dAvg=0.040582  dMax=3.724814  Dlo=0.020291  Dhi=1.882698  err=0.000000  inc=-0.390931  bucket 0->0  (mf=1000)
[MF-SEL] tPrev=(  d=0.034950  dMin=0.000000  dAvg=0.040578  dMax=3.724814  Dlo=0.020289  Dhi=1.882696  err=0.000000  inc=-0.390931  bucket 0->0  (mf=1000)
[MF-SEL] tPrev=(  d=0.034995  dMin=0.000000  dAvg=0.040574  dMax=3.724814  Dlo=0.020287  Dhi=1.882694  err=0.000000  inc=-0.390931  bucket 0->0  (mf=1000)
[MF-SEL] tPrev=(  d=0.030140  dMin=0.000000  dAvg=0.040566  dMax=3.724814  Dlo=0.020283  Dhi=1.882690  err=0.000000  inc=-0.390931  bucket 0->0  (mf=1000)
[MF-SEL] tPrev=(  d=0.036393  dMin=0.000000  dAvg=0.040563  dMax=3.724814  Dlo=0.020282  Dhi=1.882689  err=0.000000  inc=-0.390931  bucket 0->0  (mf=1000)
[MF-SEL] tPrev=(  d=0.036647  dMin=0.000000  dAvg=0.040561  dMax=3.724814  Dlo=0.020280  Dhi=1.882687  err=0.000000  inc=-0.390931  bucket 0->0  (mf=1000)
[MF-SEL] tPrev=(  d=0.037023  dMin=0.000000  dAvg=0.040558  dMax=3.724814  Dlo=0.020279  Dhi=1.882686  err=0.000000  inc=-0.390931  bucket 0->0  (mf=1000)
[MF-SEL] tPrev=(  d=0.036784  dMin=0.000000  dAvg=0.040556  dMax=3.724814  Dlo=0.020278  Dhi=1.882685  err=0.000000  inc=-0.390931  bucket 0->0  (mf=1000)
[MF-SEL] tPrev=(  d=0.023049  dMin=0.000000  dAvg=0.040543  dMax=3.724814  Dlo=0.020272  Dhi=1.882679  err=0.000000  inc=-0.390931  bucket 0->0  (mf=1000)
[MF-SEL] tPrev=(  d=0.036166  dMin=0.000000  dAvg=0.040540  dMax=3.724814  Dlo=0.020270  Dhi=1.882677  err=0.000000  inc=-0.390931  bucket 0->0  (mf=1000)
[MF-SEL] tPrev=(  d=0.036355  dMin=0.000000  dAvg=0.040537  dMax=3.724814  Dlo=0.020269  Dhi=1.882676  err=0.000000  inc=-0.390931  bucket 0->0  (mf=1000)
[MF-SEL] tPrev=(  d=0.036588  dMin=0.000000  dAvg=0.040535  dMax=3.724814  Dlo=0.020267  Dhi=1.882674  err=0.000000  inc=-0.390931  bucket 0->0  (mf=1000)
[MF-SEL] tPrev=(  d=0.037105  dMin=0.000000  dAvg=0.040532  dMax=3.724814  Dlo=0.020266  Dhi=1.882673  err=0.000000  inc=-0.390931  bucket 0->0  (mf=1000)
[MF-SEL] tPrev=(  d=0.036969  dMin=0.000000  dAvg=0.040530  dMax=3.724814  Dlo=0.020265  Dhi=1.882672  err=0.000000  inc=-0.390931  bucket 0->0  (mf=1000)
[MF-SEL] tPrev=(  d=0.035935  dMin=0.000000  dAvg=0.040527  dMax=3.724814  Dlo=0.020263  Dhi=1.882670  err=0.000000  inc=-0.390931  bucket 0->0  (mf=1000)
[MF-SEL] tPrev=(  d=0.034387  dMin=0.000000  dAvg=0.040522  dMax=3.724814  Dlo=0.020261  Dhi=1.882668  err=0.000000  inc=-0.390931  bucket 0->0  (mf=1000)
[MF-SEL] tPrev=(  d=0.031453  dMin=0.000000  dAvg=0.040516  dMax=3.724814  Dlo=0.020258  Dhi=1.882665  err=0.000000  inc=-0.390931  bucket 0->0  (mf=1000)
[MF-SEL] tPrev=(  d=0.027582  dMin=0.000000  dAvg=0.040507  dMax=3.724814  Dlo=0.020254  Dhi=1.882661  err=0.000000  inc=-0.390931  bucket 0->0  (mf=1000)
[MF-SEL] tPrev=(  d=0.028256  dMin=0.000000  dAvg=0.040499  dMax=3.724814  Dlo=0.020249  Dhi=1.882656  err=0.000000  inc=-0.390931  bucket 0->0  (mf=1000)
[MF-SEL] tPrev=(  d=0.018896  dMin=0.000000  dAvg=0.040484  dMax=3.724814  Dlo=0.020242  Dhi=1.882649  err=-1.000000  inc=-1.327567  bucket 0->0  (mf=1000)
[MF-SEL] tPrev=(  d=0.016304  dMin=0.000000  dAvg=0.040467  dMax=3.724814  Dlo=0.020233  Dhi=1.882640  err=-1.000000  inc=-0.995716  bucket 0->0  (mf=1000)
[MF-SEL] tPrev=(  d=0.015227  dMin=0.000000  dAvg=0.040449  dMax=3.724814  Dlo=0.020225  Dhi=1.882632  err=-1.000000  inc=-0.998219  bucket 0->0  (mf=1000)
[MF-SEL] tPrev=(  d=0.015238  dMin=0.000000  dAvg=0.040432  dMax=3.724814  Dlo=0.020216  Dhi=1.882623  err=-1.000000  inc=-1.000306  bucket 0->0  (mf=1000)
[MF-SEL] tPrev=(  d=0.015943  dMin=0.000000  dAvg=0.040415  dMax=3.724814  Dlo=0.020208  Dhi=1.882615  err=-1.000000  inc=-1.002785  bucket 0->0  (mf=1000)
[MF-SEL] tPrev=(  d=0.014688  dMin=0.000000  dAvg=0.040397  dMax=3.724814  Dlo=0.020199  Dhi=1.882606  err=-1.000000  inc=-1.005181  bucket 0->0  (mf=1000)
[MF-SEL] tPrev=(  d=0.012643  dMin=0.000000  dAvg=0.040378  dMax=3.724814  Dlo=0.020189  Dhi=1.882596  err=-1.000000  inc=-1.007407  bucket 0->0  (mf=1000)
[MF-SEL] tPrev=(  d=0.010810  dMin=0.000000  dAvg=0.040358  dMax=3.724814  Dlo=0.020179  Dhi=1.882586  err=-1.000000  inc=-1.009681  bucket 0->0  (mf=1000)
[MF-SEL] tPrev=(  d=0.008358  dMin=0.000000  dAvg=0.040336  dMax=3.724814  Dlo=0.020168  Dhi=1.882575  err=-1.000000  inc=-1.012040  bucket 0->0  (mf=1000)
[MF-SEL] tPrev=(  d=0.011047  dMin=0.000000  dAvg=0.040316  dMax=3.724814  Dlo=0.020158  Dhi=1.882565  err=-1.000000  inc=-1.014457  bucket 0->0  (mf=1000)
[MF-SEL] tPrev=(  d=0.012237  dMin=0.000000  dAvg=0.040296  dMax=3.724814  Dlo=0.020148  Dhi=1.882555  err=-1.000000  inc=-1.016801  bucket 0->0  (mf=1000)
[MF-SEL] tPrev=(  d=0.014143  dMin=0.000000  dAvg=0.040278  dMax=3.724814  Dlo=0.020139  Dhi=1.882546  err=-1.000000  inc=-1.019100  bucket 0->0  (mf=1000)
[MF-SEL] tPrev=(  d=0.014641  dMin=0.000000  dAvg=0.040261  dMax=3.724814  Dlo=0.020130  Dhi=1.882537  err=-1.000000  inc=-1.021492  bucket 0->0  (mf=1000)
[MF-SEL] tPrev=(  d=0.017295  dMin=0.000000  dAvg=0.040245  dMax=3.724814  Dlo=0.020123  Dhi=1.882529  err=-1.000000  inc=-1.023680  bucket 0->0  (mf=1000)
[MF-SEL] tPrev=(  d=0.016492  dMin=0.000000  dAvg=0.040229  dMax=3.724814  Dlo=0.020114  Dhi=1.882521  err=-1.000000  inc=-1.026159  bucket 0->0  (mf=1000)
[MF-SEL] tPrev=(  d=0.021421  dMin=0.000000  dAvg=0.040216  dMax=3.724814  Dlo=0.020108  Dhi=1.882515  err=0.000000  inc=-0.071895  bucket 0->0  (mf=1000)
[MF-SEL] tPrev=(  d=0.024168  dMin=0.000000  dAvg=0.040205  dMax=3.724814  Dlo=0.020102  Dhi=1.882509  err=0.000000  inc=-0.426159  bucket 0->0  (mf=1000)
[MF-SEL] tPrev=(  d=0.026179  dMin=0.000000  dAvg=0.040195  dMax=3.724814  Dlo=0.020098  Dhi=1.882505  err=0.000000  inc=-0.426159  bucket 0->0  (mf=1000)
[MF-SEL] tPrev=(  d=0.027213  dMin=0.000000  dAvg=0.040186  dMax=3.724814  Dlo=0.020093  Dhi=1.882500  err=0.000000  inc=-0.426159  bucket 0->0  (mf=1000)
[MF-SEL] tPrev=(  d=0.024570  dMin=0.000000  dAvg=0.040176  dMax=3.724814  Dlo=0.020088  Dhi=1.882495  err=0.000000  inc=-0.426159  bucket 0->0  (mf=1000)
[MF-SEL] tPrev=(  d=0.027128  dMin=0.000000  dAvg=0.040167  dMax=3.724814  Dlo=0.020083  Dhi=1.882490  err=0.000000  inc=-0.426159  bucket 0->0  (mf=1000)
[MF-SEL] tPrev=(  d=0.026609  dMin=0.000000  dAvg=0.040158  dMax=3.724814  Dlo=0.020079  Dhi=1.882486  err=0.000000  inc=-0.426159  bucket 0->0  (mf=1000)
[MF-SEL] tPrev=(  d=0.026708  dMin=0.000000  dAvg=0.040148  dMax=3.724814  Dlo=0.020074  Dhi=1.882481  err=0.000000  inc=-0.426159  bucket 0->0  (mf=1000)
[MF-SEL] tPrev=(  d=0.026185  dMin=0.000000  dAvg=0.040139  dMax=3.724814  Dlo=0.020069  Dhi=1.882476  err=0.000000  inc=-0.426159  bucket 0->0  (mf=1000)
[MF-SEL] tPrev=(  d=0.024499  dMin=0.000000  dAvg=0.040128  dMax=3.724814  Dlo=0.020064  Dhi=1.882471  err=0.000000  inc=-0.426159  bucket 0->0  (mf=1000)
[MF-SEL] tPrev=(  d=0.023050  dMin=0.000000  dAvg=0.040117  dMax=3.724814  Dlo=0.020058  Dhi=1.882465  err=0.000000  inc=-0.426159  bucket 0->0  (mf=1000)
[MF-SEL] tPrev=(  d=0.021744  dMin=0.000000  dAvg=0.040104  dMax=3.724814  Dlo=0.020052  Dhi=1.882459  err=0.000000  inc=-0.426159  bucket 0->0  (mf=1000)
[MF-SEL] tPrev=(  d=0.020417  dMin=0.000000  dAvg=0.040091  dMax=3.724814  Dlo=0.020045  Dhi=1.882452  err=0.000000  inc=-0.426159  bucket 0->0  (mf=1000)
[MF-SEL] tPrev=(  d=0.027063  dMin=0.000000  dAvg=0.040082  dMax=3.724814  Dlo=0.020041  Dhi=1.882448  err=0.000000  inc=-0.426159  bucket 0->0  (mf=1000)
[MF-SEL] tPrev=(  d=0.016554  dMin=0.000000  dAvg=0.040066  dMax=3.724814  Dlo=0.020033  Dhi=1.882440  err=-1.000000  inc=-1.371384  bucket 0->0  (mf=1000)
[MF-SEL] tPrev=(  d=0.014561  dMin=0.000000  dAvg=0.040049  dMax=3.724814  Dlo=0.020024  Dhi=1.882431  err=-1.000000  inc=-1.030952  bucket 0->0  (mf=1000)
[MF-SEL] tPrev=(  d=0.012432  dMin=0.000000  dAvg=0.040030  dMax=3.724814  Dlo=0.020015  Dhi=1.882422  err=-1.000000  inc=-1.033371  bucket 0->0  (mf=1000)
[MF-SEL] tPrev=(  d=0.010709  dMin=0.000000  dAvg=0.040010  dMax=3.724814  Dlo=0.020005  Dhi=1.882412  err=-1.000000  inc=-1.035194  bucket 0->0  (mf=1000)
[MF-SEL] tPrev=(  d=0.010939  dMin=0.000000  dAvg=0.039990  dMax=3.724814  Dlo=0.019995  Dhi=1.882402  err=-1.000000  inc=-1.037406  bucket 0->0  (mf=1000)
[MF-SEL] tPrev=(  d=0.008763  dMin=0.000000  dAvg=0.039969  dMax=3.724814  Dlo=0.019985  Dhi=1.882392  err=-1.000000  inc=-1.039590  bucket 0->0  (mf=1000)
[MF-SEL] tPrev=(  d=0.013153  dMin=0.000000  dAvg=0.039951  dMax=3.724814  Dlo=0.019975  Dhi=1.882382  err=-1.000000  inc=-1.042254  bucket 0->0  (mf=1000)
[MF-SEL] tPrev=(  d=0.013682  dMin=0.000000  dAvg=0.039933  dMax=3.724814  Dlo=0.019967  Dhi=1.882374  err=-1.000000  inc=-1.044627  bucket 0->0  (mf=1000)
[MF-SEL] tPrev=(  d=0.013721  dMin=0.000000  dAvg=0.039916  dMax=3.724814  Dlo=0.019958  Dhi=1.882365  err=-1.000000  inc=-1.046803  bucket 0->0  (mf=1000)
[MF-SEL] tPrev=(  d=0.013129  dMin=0.000000  dAvg=0.039897  dMax=3.724814  Dlo=0.019949  Dhi=1.882356  err=-1.000000  inc=-1.049148  bucket 0->0  (mf=1000)
[MF-SEL] tPrev=(  d=0.011984  dMin=0.000000  dAvg=0.039879  dMax=3.724814  Dlo=0.019939  Dhi=1.882346  err=-1.000000  inc=-1.051640  bucket 0->0  (mf=1000)
[MF-SEL] tPrev=(  d=0.010806  dMin=0.000000  dAvg=0.039859  dMax=3.724814  Dlo=0.019930  Dhi=1.882336  err=-1.000000  inc=-1.053830  bucket 0->0  (mf=1000)
[MF-SEL] tPrev=(  d=0.009384  dMin=0.000000  dAvg=0.039839  dMax=3.724814  Dlo=0.019919  Dhi=1.882326  err=-1.000000  inc=-1.056207  bucket 0->0  (mf=1000)
[MF-SEL] tPrev=(  d=0.008574  dMin=0.000000  dAvg=0.039817  dMax=3.724814  Dlo=0.019909  Dhi=1.882316  err=-1.000000  inc=-1.058347  bucket 0->0  (mf=1000)
[MF-SEL] tPrev=(  d=0.005645  dMin=0.000000  dAvg=0.039795  dMax=3.724814  Dlo=0.019897  Dhi=1.882304  err=-1.000000  inc=-1.060679  bucket 0->0  (mf=1000)
[MF-SEL] tPrev=(  d=0.001972  dMin=0.000000  dAvg=0.039769  dMax=3.724814  Dlo=0.019885  Dhi=1.882292  err=-1.000000  inc=-1.063167  bucket 0->0  (mf=1000)
[MF-SEL] tPrev=(  d=0.002399  dMin=0.000000  dAvg=0.039744  dMax=3.724814  Dlo=0.019872  Dhi=1.882279  err=-1.000000  inc=-1.065409  bucket 0->0  (mf=1000)
[MF-SEL] tPrev=(  d=0.005195  dMin=0.000000  dAvg=0.039721  dMax=3.724814  Dlo=0.019860  Dhi=1.882267  err=-1.000000  inc=-1.067816  bucket 0->0  (mf=1000)
[MF-SEL] tPrev=(  d=0.007294  dMin=0.000000  dAvg=0.039699  dMax=3.724814  Dlo=0.019850  Dhi=1.882257  err=-1.000000  inc=-1.070082  bucket 0->0  (mf=1000)
[MF-SEL] tPrev=(  d=0.009761  dMin=0.000000  dAvg=0.039679  dMax=3.724814  Dlo=0.019840  Dhi=1.882246  err=-1.000000  inc=-1.072551  bucket 0->0  (mf=1000)
[MF-SEL] tPrev=(  d=0.014043  dMin=0.000000  dAvg=0.039662  dMax=3.724814  Dlo=0.019831  Dhi=1.882238  err=-1.000000  inc=-1.074936  bucket 0->0  (mf=1000)
[MF-SEL] tPrev=(  d=0.019150  dMin=0.000000  dAvg=0.039648  dMax=3.724814  Dlo=0.019824  Dhi=1.882231  err=-1.000000  inc=-1.076900  bucket 0->0  (mf=1000)
[MF-SEL] tPrev=(  d=0.024890  dMin=0.000000  dAvg=0.039638  dMax=3.724814  Dlo=0.019819  Dhi=1.882226  err=0.000000  inc=-0.109348  bucket 0->0  (mf=1000)
[MF-SEL] tPrev=(  d=0.028606  dMin=0.000000  dAvg=0.039631  dMax=3.724814  Dlo=0.019815  Dhi=1.882222  err=0.000000  inc=-0.476900  bucket 0->0  (mf=1000)
[MF-SEL] tPrev=(  d=0.032183  dMin=0.000000  dAvg=0.039626  dMax=3.724814  Dlo=0.019813  Dhi=1.882220  err=0.000000  inc=-0.476900  bucket 0->0  (mf=1000)
[MF-SEL] tPrev=(  d=0.034931  dMin=0.000000  dAvg=0.039623  dMax=3.724814  Dlo=0.019811  Dhi=1.882218  err=0.000000  inc=-0.476900  bucket 0->0  (mf=1000)
[MF-SEL] tPrev=(  d=0.034905  dMin=0.000000  dAvg=0.039620  dMax=3.724814  Dlo=0.019810  Dhi=1.882217  err=0.000000  inc=-0.476900  bucket 0->0  (mf=1000)
[MF-SEL] tPrev=(  d=0.032467  dMin=0.000000  dAvg=0.039615  dMax=3.724814  Dlo=0.019807  Dhi=1.882214  err=0.000000  inc=-0.476900  bucket 0->0  (mf=1000)
[MF-SEL] tPrev=(  d=0.036852  dMin=0.000000  dAvg=0.039613  dMax=3.724814  Dlo=0.019806  Dhi=1.882213  err=0.000000  inc=-0.476900  bucket 0->0  (mf=1000)
[MF-SEL] tPrev=(  d=0.028409  dMin=0.000000  dAvg=0.039606  dMax=3.724814  Dlo=0.019803  Dhi=1.882210  err=0.000000  inc=-0.476900  bucket 0->0  (mf=1000)
[MF-SEL] tPrev=(  d=0.026687  dMin=0.000000  dAvg=0.039597  dMax=3.724814  Dlo=0.019798  Dhi=1.882205  err=0.000000  inc=-0.476900  bucket 0->0  (mf=1000)
[MF-SEL] tPrev=(  d=0.025992  dMin=0.000000  dAvg=0.039588  dMax=3.724814  Dlo=0.019794  Dhi=1.882201  err=0.000000  inc=-0.476900  bucket 0->0  (mf=1000)
[MF-SEL] tPrev=(  d=0.027976  dMin=0.000000  dAvg=0.039580  dMax=3.724814  Dlo=0.019790  Dhi=1.882197  err=0.000000  inc=-0.476900  bucket 0->0  (mf=1000)
[MF-SEL] tPrev=(  d=0.022992  dMin=0.000000  dAvg=0.039569  dMax=3.724814  Dlo=0.019785  Dhi=1.882192  err=0.000000  inc=-0.476900  bucket 0->0  (mf=1000)
[MF-SEL] tPrev=(  d=0.021822  dMin=0.000000  dAvg=0.039557  dMax=3.724814  Dlo=0.019779  Dhi=1.882186  err=0.000000  inc=-0.476900  bucket 0->0  (mf=1000)
[MF-SEL] tPrev=(  d=0.020964  dMin=0.000000  dAvg=0.039545  dMax=3.724814  Dlo=0.019773  Dhi=1.882179  err=0.000000  inc=-0.476900  bucket 0->0  (mf=1000)
[MF-SEL] tPrev=(  d=0.027411  dMin=0.000000  dAvg=0.039537  dMax=3.724814  Dlo=0.019769  Dhi=1.882175  err=0.000000  inc=-0.476900  bucket 0->0  (mf=1000)
[MF-SEL] tPrev=(  d=0.018051  dMin=0.000000  dAvg=0.039523  dMax=3.724814  Dlo=0.019761  Dhi=1.882168  err=-1.000000  inc=-1.429396  bucket 0->0  (mf=1000)
[MF-SEL] tPrev=(  d=0.013257  dMin=0.000000  dAvg=0.039505  dMax=3.724814  Dlo=0.019753  Dhi=1.882160  err=-1.000000  inc=-1.081354  bucket 0->0  (mf=1000)
[MF-SEL] tPrev=(  d=0.011991  dMin=0.000000  dAvg=0.039487  dMax=3.724814  Dlo=0.019744  Dhi=1.882151  err=-1.000000  inc=-1.083573  bucket 0->0  (mf=1000)
[MF-SEL] tPrev=(  d=0.024598  dMin=0.000000  dAvg=0.039477  dMax=3.724814  Dlo=0.019739  Dhi=1.882146  err=0.000000  inc=-0.113384  bucket 0->0  (mf=1000)
[MF-SEL] tPrev=(  d=0.021926  dMin=0.000000  dAvg=0.039466  dMax=3.724814  Dlo=0.019733  Dhi=1.882140  err=0.000000  inc=-0.483573  bucket 0->0  (mf=1000)
[MF-SEL] tPrev=(  d=0.027040  dMin=0.000000  dAvg=0.039458  dMax=3.724814  Dlo=0.019729  Dhi=1.882136  err=0.000000  inc=-0.483573  bucket 0->0  (mf=1000)
[MF-SEL] tPrev=(  d=0.040577  dMin=0.000000  dAvg=0.039458  dMax=3.724814  Dlo=0.019729  Dhi=1.882136  err=0.000000  inc=-0.483573  bucket 0->0  (mf=1000)
[MF-SEL] tPrev=(  d=0.037016  dMin=0.000000  dAvg=0.039457  dMax=3.724814  Dlo=0.019728  Dhi=1.882135  err=0.000000  inc=-0.483573  bucket 0->0  (mf=1000)
[MF-SEL] tPrev=(  d=0.040412  dMin=0.000000  dAvg=0.039457  dMax=3.724814  Dlo=0.019729  Dhi=1.882136  err=0.000000  inc=-0.483573  bucket 0->0  (mf=1000)
[MF-SEL] tPrev=(  d=0.044231  dMin=0.000000  dAvg=0.039460  dMax=3.724814  Dlo=0.019730  Dhi=1.882137  err=0.000000  inc=-0.483573  bucket 0->0  (mf=1000)
[MF-SEL] tPrev=(  d=0.050091  dMin=0.000000  dAvg=0.039467  dMax=3.724814  Dlo=0.019734  Dhi=1.882141  err=0.000000  inc=-0.483573  bucket 0->0  (mf=1000)
[MF-SEL] tPrev=(  d=0.059466  dMin=0.000000  dAvg=0.039481  dMax=3.724814  Dlo=0.019740  Dhi=1.882147  err=0.000000  inc=-0.483573  bucket 0->0  (mf=1000)
[MF-SEL] tPrev=(  d=0.053252  dMin=0.000000  dAvg=0.039490  dMax=3.724814  Dlo=0.019745  Dhi=1.882152  err=0.000000  inc=-0.483573  bucket 0->0  (mf=1000)
[MF-SEL] tPrev=(  d=0.057604  dMin=0.000000  dAvg=0.039502  dMax=3.724814  Dlo=0.019751  Dhi=1.882158  err=0.000000  inc=-0.483573  bucket 0->0  (mf=1000)
[MF-SEL] tPrev=(  d=0.060753  dMin=0.000000  dAvg=0.039515  dMax=3.724814  Dlo=0.019758  Dhi=1.882165  err=0.000000  inc=-0.483573  bucket 0->0  (mf=1000)
[MF-SEL] tPrev=(  d=0.064273  dMin=0.000000  dAvg=0.039532  dMax=3.724814  Dlo=0.019766  Dhi=1.882173  err=0.000000  inc=-0.483573  bucket 0->0  (mf=1000)
[MF-SEL] tPrev=(  d=0.082893  dMin=0.000000  dAvg=0.039560  dMax=3.724814  Dlo=0.019780  Dhi=1.882187  err=0.000000  inc=-0.483573  bucket 0->0  (mf=1000)
[MF-SEL] tPrev=(  d=0.068726  dMin=0.000000  dAvg=0.039579  dMax=3.724814  Dlo=0.019790  Dhi=1.882197  err=0.000000  inc=-0.483573  bucket 0->0  (mf=1000)
[MF-SEL] tPrev=(  d=0.067534  dMin=0.000000  dAvg=0.039598  dMax=3.724814  Dlo=0.019799  Dhi=1.882206  err=0.000000  inc=-0.483573  bucket 0->0  (mf=1000)
[MF-SEL] tPrev=(  d=0.064066  dMin=0.000000  dAvg=0.039614  dMax=3.724814  Dlo=0.019807  Dhi=1.882214  err=0.000000  inc=-0.483573  bucket 0->0  (mf=1000)
[MF-SEL] tPrev=(  d=0.065695  dMin=0.000000  dAvg=0.039631  dMax=3.724814  Dlo=0.019815  Dhi=1.882222  err=0.000000  inc=-0.483573  bucket 0->0  (mf=1000)
[MF-SEL] tPrev=(  d=0.052783  dMin=0.000000  dAvg=0.039639  dMax=3.724814  Dlo=0.019820  Dhi=1.882227  err=0.000000  inc=-0.483573  bucket 0->0  (mf=1000)
[MF-SEL] tPrev=(  d=0.047454  dMin=0.000000  dAvg=0.039644  dMax=3.724814  Dlo=0.019822  Dhi=1.882229  err=0.000000  inc=-0.483573  bucket 0->0  (mf=1000)
[MF-SEL] tPrev=(  d=0.040594  dMin=0.000000  dAvg=0.039645  dMax=3.724814  Dlo=0.019822  Dhi=1.882229  err=0.000000  inc=-0.483573  bucket 0->0  (mf=1000)
[MF-SEL] tPrev=(  d=0.038582  dMin=0.000000  dAvg=0.039644  dMax=3.724814  Dlo=0.019822  Dhi=1.882229  err=0.000000  inc=-0.483573  bucket 0->0  (mf=1000)
[MF-SEL] tPrev=(  d=0.039741  dMin=0.000000  dAvg=0.039644  dMax=3.724814  Dlo=0.019822  Dhi=1.882229  err=0.000000  inc=-0.483573  bucket 0->0  (mf=1000)
[MF-SEL] tPrev=(  d=0.040188  dMin=0.000000  dAvg=0.039645  dMax=3.724814  Dlo=0.019822  Dhi=1.882229  err=0.000000  inc=-0.483573  bucket 0->0  (mf=1000)
[MF-SEL] tPrev=(  d=0.030220  dMin=0.000000  dAvg=0.039638  dMax=3.724814  Dlo=0.019819  Dhi=1.882226  err=0.000000  inc=-0.483573  bucket 0->0  (mf=1000)
[MF-SEL] tPrev=(  d=0.042177  dMin=0.000000  dAvg=0.039640  dMax=3.724814  Dlo=0.019820  Dhi=1.882227  err=0.000000  inc=-0.483573  bucket 0->0  (mf=1000)
[MF-SEL] tPrev=(  d=0.043365  dMin=0.000000  dAvg=0.039643  dMax=3.724814  Dlo=0.019821  Dhi=1.882228  err=0.000000  inc=-0.483573  bucket 0->0  (mf=1000)
[MF-SEL] tPrev=(  d=0.043144  dMin=0.000000  dAvg=0.039645  dMax=3.724814  Dlo=0.019822  Dhi=1.882229  err=0.000000  inc=-0.483573  bucket 0->0  (mf=1000)
[MF-SEL] tPrev=(  d=0.043844  dMin=0.000000  dAvg=0.039648  dMax=3.724814  Dlo=0.019824  Dhi=1.882231  err=0.000000  inc=-0.483573  bucket 0->0  (mf=1000)
[MF-SEL] tPrev=(  d=0.045725  dMin=0.000000  dAvg=0.039652  dMax=3.724814  Dlo=0.019826  Dhi=1.882233  err=0.000000  inc=-0.483573  bucket 0->0  (mf=1000)
[MF-SEL] tPrev=(  d=0.046740  dMin=0.000000  dAvg=0.039656  dMax=3.724814  Dlo=0.019828  Dhi=1.882235  err=0.000000  inc=-0.483573  bucket 0->0  (mf=1000)
[MF-SEL] tPrev=(  d=0.048277  dMin=0.000000  dAvg=0.039662  dMax=3.724814  Dlo=0.019831  Dhi=1.882238  err=0.000000  inc=-0.483573  bucket 0->0  (mf=1000)
[MF-SEL] tPrev=(  d=0.053235  dMin=0.000000  dAvg=0.039670  dMax=3.724814  Dlo=0.019835  Dhi=1.882242  err=0.000000  inc=-0.483573  bucket 0->0  (mf=1000)
[MF-SEL] tPrev=(  d=0.052228  dMin=0.000000  dAvg=0.039679  dMax=3.724814  Dlo=0.019839  Dhi=1.882246  err=0.000000  inc=-0.483573  bucket 0->0  (mf=1000)
[MF-SEL] tPrev=(  d=0.053313  dMin=0.000000  dAvg=0.039687  dMax=3.724814  Dlo=0.019844  Dhi=1.882251  err=0.000000  inc=-0.483573  bucket 0->0  (mf=1000)
[MF-SEL] tPrev=(  d=0.054282  dMin=0.000000  dAvg=0.039697  dMax=3.724814  Dlo=0.019848  Dhi=1.882255  err=0.000000  inc=-0.483573  bucket 0->0  (mf=1000)
[MF-SEL] tPrev=(  d=0.052651  dMin=0.000000  dAvg=0.039705  dMax=3.724814  Dlo=0.019853  Dhi=1.882260  err=0.000000  inc=-0.483573  bucket 0->0  (mf=1000)
[MF-SEL] tPrev=(  d=0.055937  dMin=0.000000  dAvg=0.039716  dMax=3.724814  Dlo=0.019858  Dhi=1.882265  err=0.000000  inc=-0.483573  bucket 0->0  (mf=1000)
[MF-SEL] tPrev=(  d=0.057320  dMin=0.000000  dAvg=0.039727  dMax=3.724814  Dlo=0.019864  Dhi=1.882270  err=0.000000  inc=-0.483573  bucket 0->0  (mf=1000)
[MF-SEL] tPrev=(  d=0.058365  dMin=0.000000  dAvg=0.039739  dMax=3.724814  Dlo=0.019870  Dhi=1.882276  err=0.000000  inc=-0.483573  bucket 0->0  (mf=1000)
[MF-SEL] tPrev=(  d=0.058699  dMin=0.000000  dAvg=0.039751  dMax=3.724814  Dlo=0.019876  Dhi=1.882283  err=0.000000  inc=-0.483573  bucket 0->0  (mf=1000)
[MF-SEL] tPrev=(  d=0.061258  dMin=0.000000  dAvg=0.039765  dMax=3.724814  Dlo=0.019883  Dhi=1.882290  err=0.000000  inc=-0.483573  bucket 0->0  (mf=1000)
[MF-SEL] tPrev=(  d=0.061607  dMin=0.000000  dAvg=0.039779  dMax=3.724814  Dlo=0.019890  Dhi=1.882297  err=0.000000  inc=-0.483573  bucket 0->0  (mf=1000)
[MF-SEL] tPrev=(  d=0.062893  dMin=0.000000  dAvg=0.039794  dMax=3.724814  Dlo=0.019897  Dhi=1.882304  err=0.000000  inc=-0.483573  bucket 0->0  (mf=1000)
[MF-SEL] tPrev=(  d=0.064320  dMin=0.000000  dAvg=0.039810  dMax=3.724814  Dlo=0.019905  Dhi=1.882312  err=0.000000  inc=-0.483573  bucket 0->0  (mf=1000)
[MF-SEL] tPrev=(  d=0.071400  dMin=0.000000  dAvg=0.039830  dMax=3.724814  Dlo=0.019915  Dhi=1.882322  err=0.000000  inc=-0.483573  bucket 0->0  (mf=1000)
[MF-SEL] tPrev=(  d=0.068377  dMin=0.000000  dAvg=0.039848  dMax=3.724814  Dlo=0.019924  Dhi=1.882331  err=0.000000  inc=-0.483573  bucket 0->0  (mf=1000)
[MF-SEL] tPrev=(  d=0.070325  dMin=0.000000  dAvg=0.039868  dMax=3.724814  Dlo=0.019934  Dhi=1.882341  err=0.000000  inc=-0.483573  bucket 0->0  (mf=1000)
[MF-SEL] tPrev=(  d=0.074401  dMin=0.000000  dAvg=0.039890  dMax=3.724814  Dlo=0.019945  Dhi=1.882352  err=0.000000  inc=-0.483573  bucket 0->0  (mf=1000)
[MF-SEL] tPrev=(  d=0.074430  dMin=0.000000  dAvg=0.039912  dMax=3.724814  Dlo=0.019956  Dhi=1.882363  err=0.000000  inc=-0.483573  bucket 0->0  (mf=1000)
[MF-SEL] tPrev=(  d=0.076585  dMin=0.000000  dAvg=0.039936  dMax=3.724814  Dlo=0.019968  Dhi=1.882375  err=0.000000  inc=-0.483573  bucket 0->0  (mf=1000)
[MF-SEL] tPrev=(  d=0.078398  dMin=0.000000  dAvg=0.039960  dMax=3.724814  Dlo=0.019980  Dhi=1.882387  err=0.000000  inc=-0.483573  bucket 0->0  (mf=1000)
[MF-SEL] tPrev=(  d=0.079711  dMin=0.000000  dAvg=0.039986  dMax=3.724814  Dlo=0.019993  Dhi=1.882400  err=0.000000  inc=-0.483573  bucket 0->0  (mf=1000)
[MF-SEL] tPrev=(  d=0.081473  dMin=0.000000  dAvg=0.040012  dMax=3.724814  Dlo=0.020006  Dhi=1.882413  err=0.000000  inc=-0.483573  bucket 0->0  (mf=1000)
[MF-SEL] tPrev=(  d=0.080843  dMin=0.000000  dAvg=0.040038  dMax=3.724814  Dlo=0.020019  Dhi=1.882426  err=0.000000  inc=-0.483573  bucket 0->0  (mf=1000)
[MF-SEL] tPrev=(  d=0.080549  dMin=0.000000  dAvg=0.040064  dMax=3.724814  Dlo=0.020032  Dhi=1.882439  err=0.000000  inc=-0.483573  bucket 0->0  (mf=1000)
[MF-SEL] tPrev=(  d=0.082766  dMin=0.000000  dAvg=0.040091  dMax=3.724814  Dlo=0.020046  Dhi=1.882453  err=0.000000  inc=-0.483573  bucket 0->0  (mf=1000)
[MF-SEL] tPrev=(  d=0.079735  dMin=0.000000  dAvg=0.040116  dMax=3.724814  Dlo=0.020058  Dhi=1.882465  err=0.000000  inc=-0.483573  bucket 0->0  (mf=1000)
[MF-SEL] tPrev=(  d=0.078559  dMin=0.000000  dAvg=0.040141  dMax=3.724814  Dlo=0.020070  Dhi=1.882477  err=0.000000  inc=-0.483573  bucket 0->0  (mf=1000)
[MF-SEL] tPrev=(  d=0.077517  dMin=0.000000  dAvg=0.040165  dMax=3.724814  Dlo=0.020082  Dhi=1.882489  err=0.000000  inc=-0.483573  bucket 0->0  (mf=1000)
[MF-SEL] tPrev=(  d=0.076619  dMin=0.000000  dAvg=0.040188  dMax=3.724814  Dlo=0.020094  Dhi=1.882501  err=0.000000  inc=-0.483573  bucket 0->0  (mf=1000)
[MF-SEL] tPrev=(  d=0.077809  dMin=0.000000  dAvg=0.040212  dMax=3.724814  Dlo=0.020106  Dhi=1.882513  err=0.000000  inc=-0.483573  bucket 0->0  (mf=1000)
[MF-SEL] tPrev=(  d=0.073144  dMin=0.000000  dAvg=0.040233  dMax=3.724814  Dlo=0.020116  Dhi=1.882523  err=0.000000  inc=-0.483573  bucket 0->0  (mf=1000)
[MF-SEL] tPrev=(  d=0.071857  dMin=0.000000  dAvg=0.040253  dMax=3.724814  Dlo=0.020126  Dhi=1.882533  err=0.000000  inc=-0.483573  bucket 0->0  (mf=1000)
[MF-SEL] tPrev=(  d=0.070370  dMin=0.000000  dAvg=0.040272  dMax=3.724814  Dlo=0.020136  Dhi=1.882543  err=0.000000  inc=-0.483573  bucket 0->0  (mf=1000)
[MF-SEL] tPrev=(  d=0.063732  dMin=0.000000  dAvg=0.040287  dMax=3.724814  Dlo=0.020143  Dhi=1.882550  err=0.000000  inc=-0.483573  bucket 0->0  (mf=1000)
[MF-SEL] tPrev=(  d=0.067213  dMin=0.000000  dAvg=0.040304  dMax=3.724814  Dlo=0.020152  Dhi=1.882559  err=0.000000  inc=-0.483573  bucket 0->0  (mf=1000)
[MF-SEL] tPrev=(  d=0.065535  dMin=0.000000  dAvg=0.040320  dMax=3.724814  Dlo=0.020160  Dhi=1.882567  err=0.000000  inc=-0.483573  bucket 0->0  (mf=1000)
[MF-SEL] tPrev=(  d=0.063299  dMin=0.000000  dAvg=0.040334  dMax=3.724814  Dlo=0.020167  Dhi=1.882574  err=0.000000  inc=-0.483573  bucket 0->0  (mf=1000)
[MF-SEL] tPrev=(  d=0.055675  dMin=0.000000  dAvg=0.040344  dMax=3.724814  Dlo=0.020172  Dhi=1.882579  err=0.000000  inc=-0.483573  bucket 0->0  (mf=1000)
[MF-SEL] tPrev=(  d=0.056603  dMin=0.000000  dAvg=0.040354  dMax=3.724814  Dlo=0.020177  Dhi=1.882584  err=0.000000  inc=-0.483573  bucket 0->0  (mf=1000)
[MF-SEL] tPrev=(  d=0.052525  dMin=0.000000  dAvg=0.040362  dMax=3.724814  Dlo=0.020181  Dhi=1.882588  err=0.000000  inc=-0.483573  bucket 0->0  (mf=1000)
[MF-SEL] tPrev=(  d=0.049425  dMin=0.000000  dAvg=0.040368  dMax=3.724814  Dlo=0.020184  Dhi=1.882591  err=0.000000  inc=-0.483573  bucket 0->0  (mf=1000)
[MF-SEL] tPrev=(  d=0.042523  dMin=0.000000  dAvg=0.040369  dMax=3.724814  Dlo=0.020184  Dhi=1.882591  err=0.000000  inc=-0.483573  bucket 0->0  (mf=1000)
[MF-SEL] tPrev=(  d=0.045726  dMin=0.000000  dAvg=0.040372  dMax=3.724814  Dlo=0.020186  Dhi=1.882593  err=0.000000  inc=-0.483573  bucket 0->0  (mf=1000)
[MF-SEL] tPrev=(  d=0.044879  dMin=0.000000  dAvg=0.040375  dMax=3.724814  Dlo=0.020188  Dhi=1.882595  err=0.000000  inc=-0.483573  bucket 0->0  (mf=1000)
[MF-SEL] tPrev=(  d=0.044874  dMin=0.000000  dAvg=0.040378  dMax=3.724814  Dlo=0.020189  Dhi=1.882596  err=0.000000  inc=-0.483573  bucket 0->0  (mf=1000)
[MF-SEL] tPrev=(  d=0.045174  dMin=0.000000  dAvg=0.040381  dMax=3.724814  Dlo=0.020191  Dhi=1.882597  err=0.000000  inc=-0.483573  bucket 0->0  (mf=1000)
[MF-SEL] tPrev=(  d=0.044850  dMin=0.000000  dAvg=0.040384  dMax=3.724814  Dlo=0.020192  Dhi=1.882599  err=0.000000  inc=-0.483573  bucket 0->0  (mf=1000)
[MF-SEL] tPrev=(  d=0.044786  dMin=0.000000  dAvg=0.040387  dMax=3.724814  Dlo=0.020193  Dhi=1.882600  err=0.000000  inc=-0.483573  bucket 0->0  (mf=1000)
[MF-SEL] tPrev=(  d=0.042627  dMin=0.000000  dAvg=0.040388  dMax=3.724814  Dlo=0.020194  Dhi=1.882601  err=0.000000  inc=-0.483573  bucket 0->0  (mf=1000)
[MF-SEL] tPrev=(  d=0.040595  dMin=0.000000  dAvg=0.040388  dMax=3.724814  Dlo=0.020194  Dhi=1.882601  err=0.000000  inc=-0.483573  bucket 0->0  (mf=1000)
[MF-SEL] tPrev=(  d=0.038212  dMin=0.000000  dAvg=0.040387  dMax=3.724814  Dlo=0.020193  Dhi=1.882600  err=0.000000  inc=-0.483573  bucket 0->0  (mf=1000)
[MF-SEL] tPrev=(  d=0.043507  dMin=0.000000  dAvg=0.040389  dMax=3.724814  Dlo=0.020194  Dhi=1.882601  err=0.000000  inc=-0.483573  bucket 0->0  (mf=1000)
[MF-SEL] tPrev=(  d=0.037842  dMin=0.000000  dAvg=0.040387  dMax=3.724814  Dlo=0.020194  Dhi=1.882601  err=0.000000  inc=-0.483573  bucket 0->0  (mf=1000)
[MF-SEL] tPrev=(  d=0.038924  dMin=0.000000  dAvg=0.040386  dMax=3.724814  Dlo=0.020193  Dhi=1.882600  err=0.000000  inc=-0.483573  bucket 0->0  (mf=1000)
[MF-SEL] tPrev=(  d=0.038576  dMin=0.000000  dAvg=0.040385  dMax=3.724814  Dlo=0.020193  Dhi=1.882599  err=0.000000  inc=-0.483573  bucket 0->0  (mf=1000)
[MF-SEL] tPrev=(  d=0.038779  dMin=0.000000  dAvg=0.040384  dMax=3.724814  Dlo=0.020192  Dhi=1.882599  err=0.000000  inc=-0.483573  bucket 0->0  (mf=1000)
[MF-SEL] tPrev=(  d=0.038738  dMin=0.000000  dAvg=0.040383  dMax=3.724814  Dlo=0.020192  Dhi=1.882598  err=0.000000  inc=-0.483573  bucket 0->0  (mf=1000)
[MF-SEL] tPrev=(  d=0.039196  dMin=0.000000  dAvg=0.040382  dMax=3.724814  Dlo=0.020191  Dhi=1.882598  err=0.000000  inc=-0.483573  bucket 0->0  (mf=1000)
[MF-SEL] tPrev=(  d=0.038456  dMin=0.000000  dAvg=0.040381  dMax=3.724814  Dlo=0.020191  Dhi=1.882598  err=0.000000  inc=-0.483573  bucket 0->0  (mf=1000)
[MF-SEL] tPrev=(  d=0.038289  dMin=0.000000  dAvg=0.040380  dMax=3.724814  Dlo=0.020190  Dhi=1.882597  err=0.000000  inc=-0.483573  bucket 0->0  (mf=1000)
[MF-SEL] tPrev=(  d=0.040674  dMin=0.000000  dAvg=0.040380  dMax=3.724814  Dlo=0.020190  Dhi=1.882597  err=0.000000  inc=-0.483573  bucket 0->0  (mf=1000)
[MF-SEL] tPrev=(  d=0.042648  dMin=0.000000  dAvg=0.040381  dMax=3.724814  Dlo=0.020191  Dhi=1.882598  err=0.000000  inc=-0.483573  bucket 0->0  (mf=1000)
[MF-SEL] tPrev=(  d=0.054308  dMin=0.000000  dAvg=0.040390  dMax=3.724814  Dlo=0.020195  Dhi=1.882602  err=0.000000  inc=-0.483573  bucket 0->0  (mf=1000)
[MF-SEL] tPrev=(  d=0.049233  dMin=0.000000  dAvg=0.040396  dMax=3.724814  Dlo=0.020198  Dhi=1.882605  err=0.000000  inc=-0.483573  bucket 0->0  (mf=1000)
[MF-SEL] tPrev=(  d=0.052722  dMin=0.000000  dAvg=0.040403  dMax=3.724814  Dlo=0.020202  Dhi=1.882609  err=0.000000  inc=-0.483573  bucket 0->0  (mf=1000)
[MF-SEL] tPrev=(  d=0.055614  dMin=0.000000  dAvg=0.040413  dMax=3.724814  Dlo=0.020206  Dhi=1.882613  err=0.000000  inc=-0.483573  bucket 0->0  (mf=1000)
[MF-SEL] tPrev=(  d=0.058866  dMin=0.000000  dAvg=0.040424  dMax=3.724814  Dlo=0.020212  Dhi=1.882619  err=0.000000  inc=-0.483573  bucket 0->0  (mf=1000)
[MF-SEL] tPrev=(  d=0.059531  dMin=0.000000  dAvg=0.040436  dMax=3.724814  Dlo=0.020218  Dhi=1.882625  err=0.000000  inc=-0.483573  bucket 0->0  (mf=1000)
[MF-SEL] tPrev=(  d=0.058950  dMin=0.000000  dAvg=0.040447  dMax=3.724814  Dlo=0.020224  Dhi=1.882631  err=0.000000  inc=-0.483573  bucket 0->0  (mf=1000)
[MF-SEL] tPrev=(  d=0.058095  dMin=0.000000  dAvg=0.040458  dMax=3.724814  Dlo=0.020229  Dhi=1.882636  err=0.000000  inc=-0.483573  bucket 0->0  (mf=1000)
[MF-SEL] tPrev=(  d=0.056753  dMin=0.000000  dAvg=0.040468  dMax=3.724814  Dlo=0.020234  Dhi=1.882641  err=0.000000  inc=-0.483573  bucket 0->0  (mf=1000)
[MF-SEL] tPrev=(  d=0.054288  dMin=0.000000  dAvg=0.040477  dMax=3.724814  Dlo=0.020239  Dhi=1.882645  err=0.000000  inc=-0.483573  bucket 0->0  (mf=1000)
[MF-SEL] tPrev=(  d=0.056215  dMin=0.000000  dAvg=0.040487  dMax=3.724814  Dlo=0.020243  Dhi=1.882650  err=0.000000  inc=-0.483573  bucket 0->0  (mf=1000)
[MF-SEL] tPrev=(  d=0.055961  dMin=0.000000  dAvg=0.040496  dMax=3.724814  Dlo=0.020248  Dhi=1.882655  err=0.000000  inc=-0.483573  bucket 0->0  (mf=1000)
[MF-SEL] tPrev=(  d=0.056203  dMin=0.000000  dAvg=0.040506  dMax=3.724814  Dlo=0.020253  Dhi=1.882660  err=0.000000  inc=-0.483573  bucket 0->0  (mf=1000)
[MF-SEL] tPrev=(  d=0.056852  dMin=0.000000  dAvg=0.040516  dMax=3.724814  Dlo=0.020258  Dhi=1.882665  err=0.000000  inc=-0.483573  bucket 0->0  (mf=1000)
[MF-SEL] tPrev=(  d=0.056846  dMin=0.000000  dAvg=0.040526  dMax=3.724814  Dlo=0.020263  Dhi=1.882670  err=0.000000  inc=-0.483573  bucket 0->0  (mf=1000)
[MF-SEL] tPrev=(  d=0.056652  dMin=0.000000  dAvg=0.040536  dMax=3.724814  Dlo=0.020268  Dhi=1.882675  err=0.000000  inc=-0.483573  bucket 0->0  (mf=1000)
[MF-SEL] tPrev=(  d=0.056345  dMin=0.000000  dAvg=0.040546  dMax=3.724814  Dlo=0.020273  Dhi=1.882680  err=0.000000  inc=-0.483573  bucket 0->0  (mf=1000)
[MF-SEL] tPrev=(  d=0.056147  dMin=0.000000  dAvg=0.040555  dMax=3.724814  Dlo=0.020278  Dhi=1.882685  err=0.000000  inc=-0.483573  bucket 0->0  (mf=1000)
[MF-SEL] tPrev=(  d=0.054100  dMin=0.000000  dAvg=0.040564  dMax=3.724814  Dlo=0.020282  Dhi=1.882689  err=0.000000  inc=-0.483573  bucket 0->0  (mf=1000)
[MF-SEL] tPrev=(  d=0.052458  dMin=0.000000  dAvg=0.040571  dMax=3.724814  Dlo=0.020286  Dhi=1.882693  err=0.000000  inc=-0.483573  bucket 0->0  (mf=1000)
[MF-SEL] tPrev=(  d=0.051051  dMin=0.000000  dAvg=0.040578  dMax=3.724814  Dlo=0.020289  Dhi=1.882696  err=0.000000  inc=-0.483573  bucket 0->0  (mf=1000)
[MF-SEL] tPrev=(  d=0.049157  dMin=0.000000  dAvg=0.040583  dMax=3.724814  Dlo=0.020291  Dhi=1.882698  err=0.000000  inc=-0.483573  bucket 0->0  (mf=1000)
[MF-SEL] tPrev=(  d=0.048075  dMin=0.000000  dAvg=0.040587  dMax=3.724814  Dlo=0.020294  Dhi=1.882701  err=0.000000  inc=-0.483573  bucket 0->0  (mf=1000)
[MF-SEL] tPrev=(  d=0.047274  dMin=0.000000  dAvg=0.040592  dMax=3.724814  Dlo=0.020296  Dhi=1.882703  err=0.000000  inc=-0.483573  bucket 0->0  (mf=1000)
[MF-SEL] tPrev=(  d=0.046633  dMin=0.000000  dAvg=0.040595  dMax=3.724814  Dlo=0.020298  Dhi=1.882705  err=0.000000  inc=-0.483573  bucket 0->0  (mf=1000)
[MF-SEL] tPrev=(  d=0.045888  dMin=0.000000  dAvg=0.040598  dMax=3.724814  Dlo=0.020299  Dhi=1.882706  err=0.000000  inc=-0.483573  bucket 0->0  (mf=1000)
[MF-SEL] tPrev=(  d=0.043998  dMin=0.000000  dAvg=0.040601  dMax=3.724814  Dlo=0.020300  Dhi=1.882707  err=0.000000  inc=-0.483573  bucket 0->0  (mf=1000)
[MF-SEL] tPrev=(  d=0.042642  dMin=0.000000  dAvg=0.040602  dMax=3.724814  Dlo=0.020301  Dhi=1.882708  err=0.000000  inc=-0.483573  bucket 0->0  (mf=1000)
[MF-SEL] tPrev=(  d=0.040487  dMin=0.000000  dAvg=0.040602  dMax=3.724814  Dlo=0.020301  Dhi=1.882708  err=0.000000  inc=-0.483573  bucket 0->0  (mf=1000)
[MF-SEL] tPrev=(  d=0.039524  dMin=0.000000  dAvg=0.040601  dMax=3.724814  Dlo=0.020301  Dhi=1.882708  err=0.000000  inc=-0.483573  bucket 0->0  (mf=1000)
[MF-SEL] tPrev=(  d=0.037915  dMin=0.000000  dAvg=0.040599  dMax=3.724814  Dlo=0.020300  Dhi=1.882707  err=0.000000  inc=-0.483573  bucket 0->0  (mf=1000)
[MF-SEL] tPrev=(  d=0.037165  dMin=0.000000  dAvg=0.040597  dMax=3.724814  Dlo=0.020299  Dhi=1.882706  err=0.000000  inc=-0.483573  bucket 0->0  (mf=1000)
[MF-SEL] tPrev=(  d=0.036943  dMin=0.000000  dAvg=0.040595  dMax=3.724814  Dlo=0.020298  Dhi=1.882705  err=0.000000  inc=-0.483573  bucket 0->0  (mf=1000)
[MF-SEL] tPrev=(  d=0.034310  dMin=0.000000  dAvg=0.040591  dMax=3.724814  Dlo=0.020296  Dhi=1.882703  err=0.000000  inc=-0.483573  bucket 0->0  (mf=1000)
[MF-SEL] tPrev=(  d=0.031597  dMin=0.000000  dAvg=0.040586  dMax=3.724814  Dlo=0.020293  Dhi=1.882700  err=0.000000  inc=-0.483573  bucket 0->0  (mf=1000)
[MF-SEL] tPrev=(  d=0.032487  dMin=0.000000  dAvg=0.040581  dMax=3.724814  Dlo=0.020290  Dhi=1.882697  err=0.000000  inc=-0.483573  bucket 0->0  (mf=1000)
[MF-SEL] tPrev=(  d=0.032489  dMin=0.000000  dAvg=0.040576  dMax=3.724814  Dlo=0.020288  Dhi=1.882695  err=0.000000  inc=-0.483573  bucket 0->0  (mf=1000)
[MF-SEL] tPrev=(  d=0.032607  dMin=0.000000  dAvg=0.040571  dMax=3.724814  Dlo=0.020286  Dhi=1.882693  err=0.000000  inc=-0.483573  bucket 0->0  (mf=1000)
[MF-SEL] tPrev=(  d=0.032490  dMin=0.000000  dAvg=0.040566  dMax=3.724814  Dlo=0.020283  Dhi=1.882690  err=0.000000  inc=-0.483573  bucket 0->0  (mf=1000)
[MF-SEL] tPrev=(  d=0.031343  dMin=0.000000  dAvg=0.040561  dMax=3.724814  Dlo=0.020280  Dhi=1.882687  err=0.000000  inc=-0.483573  bucket 0->0  (mf=1000)
[MF-SEL] tPrev=(  d=0.028260  dMin=0.000000  dAvg=0.040553  dMax=3.724814  Dlo=0.020277  Dhi=1.882684  err=0.000000  inc=-0.483573  bucket 0->0  (mf=1000)
[MF-SEL] tPrev=(  d=0.024426  dMin=0.000000  dAvg=0.040543  dMax=3.724814  Dlo=0.020272  Dhi=1.882679  err=0.000000  inc=-0.483573  bucket 0->0  (mf=1000)
[MF-SEL] tPrev=(  d=0.021151  dMin=0.000000  dAvg=0.040532  dMax=3.724814  Dlo=0.020266  Dhi=1.882673  err=0.000000  inc=-0.483573  bucket 0->0  (mf=1000)
[MF-SEL] tPrev=(  d=0.018914  dMin=0.000000  dAvg=0.040518  dMax=3.724814  Dlo=0.020259  Dhi=1.882666  err=-1.000000  inc=-1.421530  bucket 0->0  (mf=1000)
[MF-SEL] tPrev=(  d=0.017671  dMin=0.000000  dAvg=0.040505  dMax=3.724814  Dlo=0.020252  Dhi=1.882659  err=-1.000000  inc=-1.088388  bucket 0->0  (mf=1000)
[MF-SEL] tPrev=(  d=0.016401  dMin=0.000000  dAvg=0.040490  dMax=3.724814  Dlo=0.020245  Dhi=1.882652  err=-1.000000  inc=-1.090706  bucket 0->0  (mf=1000)
[MF-SEL] tPrev=(  d=0.015676  dMin=0.000000  dAvg=0.040475  dMax=3.724814  Dlo=0.020238  Dhi=1.882644  err=-1.000000  inc=-1.093247  bucket 0->0  (mf=1000)
[MF-SEL] tPrev=(  d=0.016125  dMin=0.000000  dAvg=0.040460  dMax=3.724814  Dlo=0.020230  Dhi=1.882637  err=-1.000000  inc=-1.095516  bucket 0->0  (mf=1000)
[MF-SEL] tPrev=(  d=0.017361  dMin=0.000000  dAvg=0.040446  dMax=3.724814  Dlo=0.020223  Dhi=1.882630  err=-1.000000  inc=-1.097738  bucket 0->0  (mf=1000)
[MF-SEL] tPrev=(  d=0.017183  dMin=0.000000  dAvg=0.040432  dMax=3.724814  Dlo=0.020216  Dhi=1.882623  err=-1.000000  inc=-1.099969  bucket 0->0  (mf=1000)
[MF-SEL] tPrev=(  d=0.021256  dMin=0.000000  dAvg=0.040421  dMax=3.724814  Dlo=0.020210  Dhi=1.882617  err=0.000000  inc=-0.150730  bucket 0->0  (mf=1000)
[MF-SEL] tPrev=(  d=0.023057  dMin=0.000000  dAvg=0.040410  dMax=3.724814  Dlo=0.020205  Dhi=1.882612  err=0.000000  inc=-0.499969  bucket 0->0  (mf=1000)
[MF-SEL] tPrev=(  d=0.025039  dMin=0.000000  dAvg=0.040401  dMax=3.724814  Dlo=0.020200  Dhi=1.882607  err=0.000000  inc=-0.499969  bucket 0->0  (mf=1000)
[MF-SEL] tPrev=(  d=0.026923  dMin=0.000000  dAvg=0.040393  dMax=3.724814  Dlo=0.020196  Dhi=1.882603  err=0.000000  inc=-0.499969  bucket 0->0  (mf=1000)
[MF-SEL] tPrev=(  d=0.028826  dMin=0.000000  dAvg=0.040386  dMax=3.724814  Dlo=0.020193  Dhi=1.882600  err=0.000000  inc=-0.499969  bucket 0->0  (mf=1000)
[MF-SEL] tPrev=(  d=0.029919  dMin=0.000000  dAvg=0.040380  dMax=3.724814  Dlo=0.020190  Dhi=1.882597  err=0.000000  inc=-0.499969  bucket 0->0  (mf=1000)
[MF-SEL] tPrev=(  d=0.032566  dMin=0.000000  dAvg=0.040375  dMax=3.724814  Dlo=0.020187  Dhi=1.882594  err=0.000000  inc=-0.499969  bucket 0->0  (mf=1000)
[MF-SEL] tPrev=(  d=0.029492  dMin=0.000000  dAvg=0.040368  dMax=3.724814  Dlo=0.020184  Dhi=1.882591  err=0.000000  inc=-0.499969  bucket 0->0  (mf=1000)
[MF-SEL] tPrev=(  d=0.028720  dMin=0.000000  dAvg=0.040361  dMax=3.724814  Dlo=0.020181  Dhi=1.882588  err=0.000000  inc=-0.499969  bucket 0->0  (mf=1000)
[MF-SEL] tPrev=(  d=0.027191  dMin=0.000000  dAvg=0.040353  dMax=3.724814  Dlo=0.020177  Dhi=1.882584  err=0.000000  inc=-0.499969  bucket 0->0  (mf=1000)
[MF-SEL] tPrev=(  d=0.026788  dMin=0.000000  dAvg=0.040345  dMax=3.724814  Dlo=0.020173  Dhi=1.882580  err=0.000000  inc=-0.499969  bucket 0->0  (mf=1000)
[MF-SEL] tPrev=(  d=0.028226  dMin=0.000000  dAvg=0.040338  dMax=3.724814  Dlo=0.020169  Dhi=1.882576  err=0.000000  inc=-0.499969  bucket 0->0  (mf=1000)
[MF-SEL] tPrev=(  d=0.025033  dMin=0.000000  dAvg=0.040329  dMax=3.724814  Dlo=0.020164  Dhi=1.882571  err=0.000000  inc=-0.499969  bucket 0->0  (mf=1000)
[MF-SEL] tPrev=(  d=0.024036  dMin=0.000000  dAvg=0.040319  dMax=3.724814  Dlo=0.020160  Dhi=1.882567  err=0.000000  inc=-0.499969  bucket 0->0  (mf=1000)
[MF-SEL] tPrev=(  d=0.022937  dMin=0.000000  dAvg=0.040309  dMax=3.724814  Dlo=0.020154  Dhi=1.882561  err=0.000000  inc=-0.499969  bucket 0->0  (mf=1000)
[MF-SEL] tPrev=(  d=0.021194  dMin=0.000000  dAvg=0.040297  dMax=3.724814  Dlo=0.020149  Dhi=1.882556  err=0.000000  inc=-0.499969  bucket 0->0  (mf=1000)
[MF-SEL] tPrev=(  d=0.021122  dMin=0.000000  dAvg=0.040286  dMax=3.724814  Dlo=0.020143  Dhi=1.882550  err=0.000000  inc=-0.499969  bucket 0->0  (mf=1000)
[MF-SEL] tPrev=(  d=0.016615  dMin=0.000000  dAvg=0.040272  dMax=3.724814  Dlo=0.020136  Dhi=1.882543  err=-1.000000  inc=-1.445707  bucket 0->0  (mf=1000)
[MF-SEL] tPrev=(  d=0.012453  dMin=0.000000  dAvg=0.040255  dMax=3.724814  Dlo=0.020128  Dhi=1.882535  err=-1.000000  inc=-1.104745  bucket 0->0  (mf=1000)
[MF-SEL] tPrev=(  d=0.009900  dMin=0.000000  dAvg=0.040237  dMax=3.724814  Dlo=0.020118  Dhi=1.882525  err=-1.000000  inc=-1.106897  bucket 0->0  (mf=1000)
[MF-SEL] tPrev=(  d=0.009038  dMin=0.000000  dAvg=0.040218  dMax=3.724814  Dlo=0.020109  Dhi=1.882516  err=-1.000000  inc=-1.109158  bucket 0->0  (mf=1000)
[MF-SEL] tPrev=(  d=0.014413  dMin=0.000000  dAvg=0.040203  dMax=3.724814  Dlo=0.020101  Dhi=1.882508  err=-1.000000  inc=-1.111530  bucket 0->0  (mf=1000)
[MF-SEL] tPrev=(  d=0.014492  dMin=0.000000  dAvg=0.040188  dMax=3.724814  Dlo=0.020094  Dhi=1.882501  err=-1.000000  inc=-1.113757  bucket 0->0  (mf=1000)
[MF-SEL] tPrev=(  d=0.020695  dMin=0.000000  dAvg=0.040176  dMax=3.724814  Dlo=0.020088  Dhi=1.882495  err=0.000000  inc=-0.182201  bucket 0->0  (mf=1000)
[MF-SEL] tPrev=(  d=0.024551  dMin=0.000000  dAvg=0.040167  dMax=3.724814  Dlo=0.020083  Dhi=1.882490  err=0.000000  inc=-0.513757  bucket 0->0  (mf=1000)
[MF-SEL] tPrev=(  d=0.028335  dMin=0.000000  dAvg=0.040160  dMax=3.724814  Dlo=0.020080  Dhi=1.882487  err=0.000000  inc=-0.513757  bucket 0->0  (mf=1000)
[MF-SEL] tPrev=(  d=0.031690  dMin=0.000000  dAvg=0.040155  dMax=3.724814  Dlo=0.020077  Dhi=1.882484  err=0.000000  inc=-0.513757  bucket 0->0  (mf=1000)
[MF-SEL] tPrev=(  d=0.029901  dMin=0.000000  dAvg=0.040149  dMax=3.724814  Dlo=0.020074  Dhi=1.882481  err=0.000000  inc=-0.513757  bucket 0->0  (mf=1000)
[MF-SEL] tPrev=(  d=0.027894  dMin=0.000000  dAvg=0.040141  dMax=3.724814  Dlo=0.020071  Dhi=1.882478  err=0.000000  inc=-0.513757  bucket 0->0  (mf=1000)
[MF-SEL] tPrev=(  d=0.025495  dMin=0.000000  dAvg=0.040133  dMax=3.724814  Dlo=0.020066  Dhi=1.882473  err=0.000000  inc=-0.513757  bucket 0->0  (mf=1000)
[MF-SEL] tPrev=(  d=0.022867  dMin=0.000000  dAvg=0.040122  dMax=3.724814  Dlo=0.020061  Dhi=1.882468  err=0.000000  inc=-0.513757  bucket 0->0  (mf=1000)
[MF-SEL] tPrev=(  d=0.020412  dMin=0.000000  dAvg=0.040111  dMax=3.724814  Dlo=0.020055  Dhi=1.882462  err=0.000000  inc=-0.513757  bucket 0->0  (mf=1000)
[MF-SEL] tPrev=(  d=0.023127  dMin=0.000000  dAvg=0.040101  dMax=3.724814  Dlo=0.020050  Dhi=1.882457  err=0.000000  inc=-0.513757  bucket 0->0  (mf=1000)
[MF-SEL] tPrev=(  d=0.017079  dMin=0.000000  dAvg=0.040087  dMax=3.724814  Dlo=0.020044  Dhi=1.882451  err=-1.000000  inc=-1.458827  bucket 0->0  (mf=1000)
[MF-SEL] tPrev=(  d=0.017163  dMin=0.000000  dAvg=0.040074  dMax=3.724814  Dlo=0.020037  Dhi=1.882444  err=-1.000000  inc=-1.118382  bucket 0->0  (mf=1000)
[MF-SEL] tPrev=(  d=0.016896  dMin=0.000000  dAvg=0.040060  dMax=3.724814  Dlo=0.020030  Dhi=1.882437  err=-1.000000  inc=-1.120650  bucket 0->0  (mf=1000)
[MF-SEL] tPrev=(  d=0.016269  dMin=0.000000  dAvg=0.040046  dMax=3.724814  Dlo=0.020023  Dhi=1.882430  err=-1.000000  inc=-1.123049  bucket 0->0  (mf=1000)
[MF-SEL] tPrev=(  d=0.015165  dMin=0.000000  dAvg=0.040031  dMax=3.724814  Dlo=0.020016  Dhi=1.882423  err=-1.000000  inc=-1.125500  bucket 0->0  (mf=1000)
[MF-SEL] tPrev=(  d=0.012464  dMin=0.000000  dAvg=0.040015  dMax=3.724814  Dlo=0.020007  Dhi=1.882414  err=-1.000000  inc=-1.127962  bucket 0->0  (mf=1000)
[MF-SEL] tPrev=(  d=0.009644  dMin=0.000000  dAvg=0.039997  dMax=3.724814  Dlo=0.019998  Dhi=1.882405  err=-1.000000  inc=-1.130235  bucket 0->0  (mf=1000)
[MF-SEL] tPrev=(  d=0.007847  dMin=0.000000  dAvg=0.039978  dMax=3.724814  Dlo=0.019989  Dhi=1.882396  err=-1.000000  inc=-1.132325  bucket 0->0  (mf=1000)
[MF-SEL] tPrev=(  d=0.006499  dMin=0.000000  dAvg=0.039958  dMax=3.724814  Dlo=0.019979  Dhi=1.882386  err=-1.000000  inc=-1.134661  bucket 0->0  (mf=1000)
[MF-SEL] tPrev=(  d=0.008217  dMin=0.000000  dAvg=0.039940  dMax=3.724814  Dlo=0.019970  Dhi=1.882377  err=-1.000000  inc=-1.137016  bucket 0->0  (mf=1000)
[MF-SEL] tPrev=(  d=0.011196  dMin=0.000000  dAvg=0.039923  dMax=3.724814  Dlo=0.019961  Dhi=1.882368  err=-1.000000  inc=-1.139382  bucket 0->0  (mf=1000)
[MF-SEL] tPrev=(  d=0.015890  dMin=0.000000  dAvg=0.039909  dMax=3.724814  Dlo=0.019954  Dhi=1.882361  err=-1.000000  inc=-1.141723  bucket 0->0  (mf=1000)
[MF-SEL] tPrev=(  d=0.020341  dMin=0.000000  dAvg=0.039897  dMax=3.724814  Dlo=0.019949  Dhi=1.882355  err=0.000000  inc=-0.207052  bucket 0->0  (mf=1000)
[MF-SEL] tPrev=(  d=0.025186  dMin=0.000000  dAvg=0.039888  dMax=3.724814  Dlo=0.019944  Dhi=1.882351  err=0.000000  inc=-0.541723  bucket 0->0  (mf=1000)
[MF-SEL] tPrev=(  d=0.029049  dMin=0.000000  dAvg=0.039882  dMax=3.724814  Dlo=0.019941  Dhi=1.882348  err=0.000000  inc=-0.541723  bucket 0->0  (mf=1000)
[MF-SEL] tPrev=(  d=0.033214  dMin=0.000000  dAvg=0.039878  dMax=3.724814  Dlo=0.019939  Dhi=1.882346  err=0.000000  inc=-0.541723  bucket 0->0  (mf=1000)
[MF-SEL] tPrev=(  d=0.036891  dMin=0.000000  dAvg=0.039876  dMax=3.724814  Dlo=0.019938  Dhi=1.882345  err=0.000000  inc=-0.541723  bucket 0->0  (mf=1000)
[MF-SEL] tPrev=(  d=0.039946  dMin=0.000000  dAvg=0.039876  dMax=3.724814  Dlo=0.019938  Dhi=1.882345  err=0.000000  inc=-0.541723  bucket 0->0  (mf=1000)
[MF-SEL] tPrev=(  d=0.048043  dMin=0.000000  dAvg=0.039881  dMax=3.724814  Dlo=0.019941  Dhi=1.882348  err=0.000000  inc=-0.541723  bucket 0->0  (mf=1000)
[MF-SEL] tPrev=(  d=0.044436  dMin=0.000000  dAvg=0.039884  dMax=3.724814  Dlo=0.019942  Dhi=1.882349  err=0.000000  inc=-0.541723  bucket 0->0  (mf=1000)
[MF-SEL] tPrev=(  d=0.047820  dMin=0.000000  dAvg=0.039888  dMax=3.724814  Dlo=0.019944  Dhi=1.882351  err=0.000000  inc=-0.541723  bucket 0->0  (mf=1000)
[MF-SEL] tPrev=(  d=0.051310  dMin=0.000000  dAvg=0.039895  dMax=3.724814  Dlo=0.019948  Dhi=1.882355  err=0.000000  inc=-0.541723  bucket 0->0  (mf=1000)
[MF-SEL] tPrev=(  d=0.051002  dMin=0.000000  dAvg=0.039902  dMax=3.724814  Dlo=0.019951  Dhi=1.882358  err=0.000000  inc=-0.541723  bucket 0->0  (mf=1000)
[MF-SEL] tPrev=(  d=0.058099  dMin=0.000000  dAvg=0.039912  dMax=3.724814  Dlo=0.019956  Dhi=1.882363  err=0.000000  inc=-0.541723  bucket 0->0  (mf=1000)
[MF-SEL] tPrev=(  d=0.059551  dMin=0.000000  dAvg=0.039924  dMax=3.724814  Dlo=0.019962  Dhi=1.882369  err=0.000000  inc=-0.541723  bucket 0->0  (mf=1000)
[MF-SEL] tPrev=(  d=0.059415  dMin=0.000000  dAvg=0.039935  dMax=3.724814  Dlo=0.019968  Dhi=1.882375  err=0.000000  inc=-0.541723  bucket 0->0  (mf=1000)
[MF-SEL] tPrev=(  d=0.058203  dMin=0.000000  dAvg=0.039946  dMax=3.724814  Dlo=0.019973  Dhi=1.882380  err=0.000000  inc=-0.541723  bucket 0->0  (mf=1000)
[MF-SEL] tPrev=(  d=0.054877  dMin=0.000000  dAvg=0.039954  dMax=3.724814  Dlo=0.019977  Dhi=1.882384  err=0.000000  inc=-0.541723  bucket 0->0  (mf=1000)
[MF-SEL] tPrev=(  d=0.053598  dMin=0.000000  dAvg=0.039962  dMax=3.724814  Dlo=0.019981  Dhi=1.882388  err=0.000000  inc=-0.541723  bucket 0->0  (mf=1000)
[MF-SEL] tPrev=(  d=0.050737  dMin=0.000000  dAvg=0.039969  dMax=3.724814  Dlo=0.019984  Dhi=1.882391  err=0.000000  inc=-0.541723  bucket 0->0  (mf=1000)
[MF-SEL] tPrev=(  d=0.048520  dMin=0.000000  dAvg=0.039974  dMax=3.724814  Dlo=0.019987  Dhi=1.882394  err=0.000000  inc=-0.541723  bucket 0->0  (mf=1000)
[MF-SEL] tPrev=(  d=0.046941  dMin=0.000000  dAvg=0.039978  dMax=3.724814  Dlo=0.019989  Dhi=1.882396  err=0.000000  inc=-0.541723  bucket 0->0  (mf=1000)
[MF-SEL] tPrev=(  d=0.033890  dMin=0.000000  dAvg=0.039974  dMax=3.724814  Dlo=0.019987  Dhi=1.882394  err=0.000000  inc=-0.541723  bucket 0->0  (mf=1000)
[MF-SEL] tPrev=(  d=0.045622  dMin=0.000000  dAvg=0.039977  dMax=3.724814  Dlo=0.019989  Dhi=1.882396  err=0.000000  inc=-0.541723  bucket 0->0  (mf=1000)
[MF-SEL] tPrev=(  d=0.045163  dMin=0.000000  dAvg=0.039980  dMax=3.724814  Dlo=0.019990  Dhi=1.882397  err=0.000000  inc=-0.541723  bucket 0->0  (mf=1000)
[MF-SEL] tPrev=(  d=0.044927  dMin=0.000000  dAvg=0.039983  dMax=3.724814  Dlo=0.019992  Dhi=1.882399  err=0.000000  inc=-0.541723  bucket 0->0  (mf=1000)
[MF-SEL] tPrev=(  d=0.044321  dMin=0.000000  dAvg=0.039986  dMax=3.724814  Dlo=0.019993  Dhi=1.882400  err=0.000000  inc=-0.541723  bucket 0->0  (mf=1000)
[MF-SEL] tPrev=(  d=0.043742  dMin=0.000000  dAvg=0.039988  dMax=3.724814  Dlo=0.019994  Dhi=1.882401  err=0.000000  inc=-0.541723  bucket 0->0  (mf=1000)
[MF-SEL] tPrev=(  d=0.042019  dMin=0.000000  dAvg=0.039989  dMax=3.724814  Dlo=0.019995  Dhi=1.882402  err=0.000000  inc=-0.541723  bucket 0->0  (mf=1000)
[MF-SEL] tPrev=(  d=0.041320  dMin=0.000000  dAvg=0.039990  dMax=3.724814  Dlo=0.019995  Dhi=1.882402  err=0.000000  inc=-0.541723  bucket 0->0  (mf=1000)
[MF-SEL] tPrev=(  d=0.040560  dMin=0.000000  dAvg=0.039990  dMax=3.724814  Dlo=0.019995  Dhi=1.882402  err=0.000000  inc=-0.541723  bucket 0->0  (mf=1000)
[MF-SEL] tPrev=(  d=0.037336  dMin=0.000000  dAvg=0.039989  dMax=3.724814  Dlo=0.019994  Dhi=1.882401  err=0.000000  inc=-0.541723  bucket 0->0  (mf=1000)
[MF-SEL] tPrev=(  d=0.038618  dMin=0.000000  dAvg=0.039988  dMax=3.724814  Dlo=0.019994  Dhi=1.882401  err=0.000000  inc=-0.541723  bucket 0->0  (mf=1000)
[MF-SEL] tPrev=(  d=0.035511  dMin=0.000000  dAvg=0.039985  dMax=3.724814  Dlo=0.019993  Dhi=1.882400  err=0.000000  inc=-0.541723  bucket 0->0  (mf=1000)
[MF-SEL] tPrev=(  d=0.032639  dMin=0.000000  dAvg=0.039981  dMax=3.724814  Dlo=0.019991  Dhi=1.882398  err=0.000000  inc=-0.541723  bucket 0->0  (mf=1000)
[MF-SEL] tPrev=(  d=0.029237  dMin=0.000000  dAvg=0.039975  dMax=3.724814  Dlo=0.019987  Dhi=1.882394  err=0.000000  inc=-0.541723  bucket 0->0  (mf=1000)
[MF-SEL] tPrev=(  d=0.026612  dMin=0.000000  dAvg=0.039967  dMax=3.724814  Dlo=0.019984  Dhi=1.882391  err=0.000000  inc=-0.541723  bucket 0->0  (mf=1000)
[MF-SEL] tPrev=(  d=0.023655  dMin=0.000000  dAvg=0.039958  dMax=3.724814  Dlo=0.019979  Dhi=1.882386  err=0.000000  inc=-0.541723  bucket 0->0  (mf=1000)
[MF-SEL] tPrev=(  d=0.021436  dMin=0.000000  dAvg=0.039947  dMax=3.724814  Dlo=0.019974  Dhi=1.882381  err=0.000000  inc=-0.541723  bucket 0->0  (mf=1000)
[MF-SEL] tPrev=(  d=0.026603  dMin=0.000000  dAvg=0.039940  dMax=3.724814  Dlo=0.019970  Dhi=1.882377  err=0.000000  inc=-0.541723  bucket 0->0  (mf=1000)
[MF-SEL] tPrev=(  d=0.018024  dMin=0.000000  dAvg=0.039927  dMax=3.724814  Dlo=0.019963  Dhi=1.882370  err=-1.000000  inc=-1.521170  bucket 0->0  (mf=1000)
[MF-SEL] tPrev=(  d=0.015985  dMin=0.000000  dAvg=0.039913  dMax=3.724814  Dlo=0.019957  Dhi=1.882364  err=-1.000000  inc=-1.146320  bucket 0->0  (mf=1000)
[MF-SEL] tPrev=(  d=0.014653  dMin=0.000000  dAvg=0.039899  dMax=3.724814  Dlo=0.019949  Dhi=1.882356  err=-1.000000  inc=-1.148596  bucket 0->0  (mf=1000)
[MF-SEL] tPrev=(  d=0.014637  dMin=0.000000  dAvg=0.039884  dMax=3.724814  Dlo=0.019942  Dhi=1.882349  err=-1.000000  inc=-1.150916  bucket 0->0  (mf=1000)
[MF-SEL] tPrev=(  d=0.014956  dMin=0.000000  dAvg=0.039870  dMax=3.724814  Dlo=0.019935  Dhi=1.882342  err=-1.000000  inc=-1.153161  bucket 0->0  (mf=1000)
[MF-SEL] tPrev=(  d=0.016939  dMin=0.000000  dAvg=0.039857  dMax=3.724814  Dlo=0.019928  Dhi=1.882335  err=-1.000000  inc=-1.155490  bucket 0->0  (mf=1000)
[MF-SEL] tPrev=(  d=0.018657  dMin=0.000000  dAvg=0.039845  dMax=3.724814  Dlo=0.019922  Dhi=1.882329  err=-1.000000  inc=-1.157782  bucket 0->0  (mf=1000)
[MF-SEL] tPrev=(  d=0.020881  dMin=0.000000  dAvg=0.039834  dMax=3.724814  Dlo=0.019917  Dhi=1.882324  err=0.000000  inc=-0.210732  bucket 0->0  (mf=1000)
[MF-SEL] tPrev=(  d=0.023639  dMin=0.000000  dAvg=0.039824  dMax=3.724814  Dlo=0.019912  Dhi=1.882319  err=0.000000  inc=-0.557782  bucket 0->0  (mf=1000)
[MF-SEL] tPrev=(  d=0.026491  dMin=0.000000  dAvg=0.039817  dMax=3.724814  Dlo=0.019908  Dhi=1.882315  err=0.000000  inc=-0.557782  bucket 0->0  (mf=1000)
[MF-SEL] tPrev=(  d=0.032393  dMin=0.000000  dAvg=0.039813  dMax=3.724814  Dlo=0.019906  Dhi=1.882313  err=0.000000  inc=-0.557782  bucket 0->0  (mf=1000)
[MF-SEL] tPrev=(  d=0.033876  dMin=0.000000  dAvg=0.039809  dMax=3.724814  Dlo=0.019905  Dhi=1.882312  err=0.000000  inc=-0.557782  bucket 0->0  (mf=1000)
[MF-SEL] tPrev=(  d=0.038451  dMin=0.000000  dAvg=0.039808  dMax=3.724814  Dlo=0.019904  Dhi=1.882311  err=0.000000  inc=-0.557782  bucket 0->0  (mf=1000)
[MF-SEL] tPrev=(  d=0.042831  dMin=0.000000  dAvg=0.039810  dMax=3.724814  Dlo=0.019905  Dhi=1.882312  err=0.000000  inc=-0.557782  bucket 0->0  (mf=1000)
[MF-SEL] tPrev=(  d=0.047513  dMin=0.000000  dAvg=0.039815  dMax=3.724814  Dlo=0.019907  Dhi=1.882314  err=0.000000  inc=-0.557782  bucket 0->0  (mf=1000)
[MF-SEL] tPrev=(  d=0.052425  dMin=0.000000  dAvg=0.039822  dMax=3.724814  Dlo=0.019911  Dhi=1.882318  err=0.000000  inc=-0.557782  bucket 0->0  (mf=1000)
[MF-SEL] tPrev=(  d=0.056409  dMin=0.000000  dAvg=0.039831  dMax=3.724814  Dlo=0.019916  Dhi=1.882323  err=0.000000  inc=-0.557782  bucket 0->0  (mf=1000)
[MF-SEL] tPrev=(  d=0.054147  dMin=0.000000  dAvg=0.039839  dMax=3.724814  Dlo=0.019920  Dhi=1.882327  err=0.000000  inc=-0.557782  bucket 0->0  (mf=1000)
[MF-SEL] tPrev=(  d=0.060597  dMin=0.000000  dAvg=0.039851  dMax=3.724814  Dlo=0.019926  Dhi=1.882333  err=0.000000  inc=-0.557782  bucket 0->0  (mf=1000)
[MF-SEL] tPrev=(  d=0.060176  dMin=0.000000  dAvg=0.039863  dMax=3.724814  Dlo=0.019931  Dhi=1.882338  err=0.000000  inc=-0.557782  bucket 0->0  (mf=1000)
[MF-SEL] tPrev=(  d=0.058465  dMin=0.000000  dAvg=0.039873  dMax=3.724814  Dlo=0.019937  Dhi=1.882344  err=0.000000  inc=-0.557782  bucket 0->0  (mf=1000)
[MF-SEL] tPrev=(  d=0.056617  dMin=0.000000  dAvg=0.039883  dMax=3.724814  Dlo=0.019941  Dhi=1.882348  err=0.000000  inc=-0.557782  bucket 0->0  (mf=1000)
[MF-SEL] tPrev=(  d=0.054891  dMin=0.000000  dAvg=0.039891  dMax=3.724814  Dlo=0.019946  Dhi=1.882353  err=0.000000  inc=-0.557782  bucket 0->0  (mf=1000)
[MF-SEL] tPrev=(  d=0.051094  dMin=0.000000  dAvg=0.039898  dMax=3.724814  Dlo=0.019949  Dhi=1.882356  err=0.000000  inc=-0.557782  bucket 0->0  (mf=1000)
[MF-SEL] tPrev=(  d=0.045568  dMin=0.000000  dAvg=0.039901  dMax=3.724814  Dlo=0.019950  Dhi=1.882357  err=0.000000  inc=-0.557782  bucket 0->0  (mf=1000)
[MF-SEL] tPrev=(  d=0.040156  dMin=0.000000  dAvg=0.039901  dMax=3.724814  Dlo=0.019951  Dhi=1.882357  err=0.000000  inc=-0.557782  bucket 0->0  (mf=1000)
[MF-SEL] tPrev=(  d=0.035024  dMin=0.000000  dAvg=0.039898  dMax=3.724814  Dlo=0.019949  Dhi=1.882356  err=0.000000  inc=-0.557782  bucket 0->0  (mf=1000)
[MF-SEL] tPrev=(  d=0.029740  dMin=0.000000  dAvg=0.039892  dMax=3.724814  Dlo=0.019946  Dhi=1.882353  err=0.000000  inc=-0.557782  bucket 0->0  (mf=1000)
[MF-SEL] tPrev=(  d=0.029082  dMin=0.000000  dAvg=0.039886  dMax=3.724814  Dlo=0.019943  Dhi=1.882350  err=0.000000  inc=-0.557782  bucket 0->0  (mf=1000)
[MF-SEL] tPrev=(  d=0.029865  dMin=0.000000  dAvg=0.039881  dMax=3.724814  Dlo=0.019940  Dhi=1.882347  err=0.000000  inc=-0.557782  bucket 0->0  (mf=1000)
[MF-SEL] tPrev=(  d=0.034041  dMin=0.000000  dAvg=0.039877  dMax=3.724814  Dlo=0.019939  Dhi=1.882346  err=0.000000  inc=-0.557782  bucket 0->0  (mf=1000)
[MF-SEL] tPrev=(  d=0.041204  dMin=0.000000  dAvg=0.039878  dMax=3.724814  Dlo=0.019939  Dhi=1.882346  err=0.000000  inc=-0.557782  bucket 0->0  (mf=1000)
[MF-SEL] tPrev=(  d=0.073031  dMin=0.000000  dAvg=0.039897  dMax=3.724814  Dlo=0.019948  Dhi=1.882355  err=0.000000  inc=-0.557782  bucket 0->0  (mf=1000)
[MF-SEL] tPrev=(  d=0.057323  dMin=0.000000  dAvg=0.039907  dMax=3.724814  Dlo=0.019953  Dhi=1.882360  err=0.000000  inc=-0.557782  bucket 0->0  (mf=1000)
[MF-SEL] tPrev=(  d=0.064447  dMin=0.000000  dAvg=0.039921  dMax=3.724814  Dlo=0.019960  Dhi=1.882367  err=0.000000  inc=-0.557782  bucket 0->0  (mf=1000)
[MF-SEL] tPrev=(  d=0.070649  dMin=0.000000  dAvg=0.039938  dMax=3.724814  Dlo=0.019969  Dhi=1.882376  err=0.000000  inc=-0.557782  bucket 0->0  (mf=1000)
[MF-SEL] tPrev=(  d=0.080261  dMin=0.000000  dAvg=0.039961  dMax=3.724814  Dlo=0.019980  Dhi=1.882387  err=0.000000  inc=-0.557782  bucket 0->0  (mf=1000)
[MF-SEL] tPrev=(  d=0.077831  dMin=0.000000  dAvg=0.039982  dMax=3.724814  Dlo=0.019991  Dhi=1.882398  err=0.000000  inc=-0.557782  bucket 0->0  (mf=1000)
[MF-SEL] tPrev=(  d=0.079221  dMin=0.000000  dAvg=0.040004  dMax=3.724814  Dlo=0.020002  Dhi=1.882409  err=0.000000  inc=-0.557782  bucket 0->0  (mf=1000)
[MF-SEL] tPrev=(  d=0.080246  dMin=0.000000  dAvg=0.040027  dMax=3.724814  Dlo=0.020013  Dhi=1.882420  err=0.000000  inc=-0.557782  bucket 0->0  (mf=1000)
[MF-SEL] tPrev=(  d=0.080602  dMin=0.000000  dAvg=0.040049  dMax=3.724814  Dlo=0.020025  Dhi=1.882432  err=0.000000  inc=-0.557782  bucket 0->0  (mf=1000)
[MF-SEL] tPrev=(  d=0.080717  dMin=0.000000  dAvg=0.040072  dMax=3.724814  Dlo=0.020036  Dhi=1.882443  err=0.000000  inc=-0.557782  bucket 0->0  (mf=1000)
[MF-SEL] tPrev=(  d=0.079029  dMin=0.000000  dAvg=0.040094  dMax=3.724814  Dlo=0.020047  Dhi=1.882454  err=0.000000  inc=-0.557782  bucket 0->0  (mf=1000)
[MF-SEL] tPrev=(  d=0.077686  dMin=0.000000  dAvg=0.040115  dMax=3.724814  Dlo=0.020058  Dhi=1.882465  err=0.000000  inc=-0.557782  bucket 0->0  (mf=1000)
[MF-SEL] tPrev=(  d=0.076008  dMin=0.000000  dAvg=0.040135  dMax=3.724814  Dlo=0.020068  Dhi=1.882475  err=0.000000  inc=-0.557782  bucket 0->0  (mf=1000)
[MF-SEL] tPrev=(  d=0.074231  dMin=0.000000  dAvg=0.040154  dMax=3.724814  Dlo=0.020077  Dhi=1.882484  err=0.000000  inc=-0.557782  bucket 0->0  (mf=1000)
[MF-SEL] tPrev=(  d=0.082261  dMin=0.000000  dAvg=0.040178  dMax=3.724814  Dlo=0.020089  Dhi=1.882496  err=0.000000  inc=-0.557782  bucket 0->0  (mf=1000)
[MF-SEL] tPrev=(  d=0.070576  dMin=0.000000  dAvg=0.040195  dMax=3.724814  Dlo=0.020097  Dhi=1.882504  err=0.000000  inc=-0.557782  bucket 0->0  (mf=1000)
[MF-SEL] tPrev=(  d=0.068650  dMin=0.000000  dAvg=0.040211  dMax=3.724814  Dlo=0.020105  Dhi=1.882512  err=0.000000  inc=-0.557782  bucket 0->0  (mf=1000)
[MF-SEL] tPrev=(  d=0.066493  dMin=0.000000  dAvg=0.040226  dMax=3.724814  Dlo=0.020113  Dhi=1.882520  err=0.000000  inc=-0.557782  bucket 0->0  (mf=1000)
[MF-SEL] tPrev=(  d=0.057397  dMin=0.000000  dAvg=0.040235  dMax=3.724814  Dlo=0.020118  Dhi=1.882525  err=0.000000  inc=-0.557782  bucket 0->0  (mf=1000)
[MF-SEL] tPrev=(  d=0.062211  dMin=0.000000  dAvg=0.040247  dMax=3.724814  Dlo=0.020124  Dhi=1.882531  err=0.000000  inc=-0.557782  bucket 0->0  (mf=1000)
[MF-SEL] tPrev=(  d=0.059594  dMin=0.000000  dAvg=0.040258  dMax=3.724814  Dlo=0.020129  Dhi=1.882536  err=0.000000  inc=-0.557782  bucket 0->0  (mf=1000)
[MF-SEL] tPrev=(  d=0.057891  dMin=0.000000  dAvg=0.040268  dMax=3.724814  Dlo=0.020134  Dhi=1.882541  err=0.000000  inc=-0.557782  bucket 0->0  (mf=1000)
[MF-SEL] tPrev=(  d=0.061362  dMin=0.000000  dAvg=0.040280  dMax=3.724814  Dlo=0.020140  Dhi=1.882547  err=0.000000  inc=-0.557782  bucket 0->0  (mf=1000)
[MF-SEL] tPrev=(  d=0.054444  dMin=0.000000  dAvg=0.040288  dMax=3.724814  Dlo=0.020144  Dhi=1.882551  err=0.000000  inc=-0.557782  bucket 0->0  (mf=1000)
[MF-SEL] tPrev=(  d=0.053009  dMin=0.000000  dAvg=0.040295  dMax=3.724814  Dlo=0.020147  Dhi=1.882554  err=0.000000  inc=-0.557782  bucket 0->0  (mf=1000)
[MF-SEL] tPrev=(  d=0.051170  dMin=0.000000  dAvg=0.040301  dMax=3.724814  Dlo=0.020150  Dhi=1.882557  err=0.000000  inc=-0.557782  bucket 0->0  (mf=1000)
[MF-SEL] tPrev=(  d=0.048515  dMin=0.000000  dAvg=0.040305  dMax=3.724814  Dlo=0.020153  Dhi=1.882560  err=0.000000  inc=-0.557782  bucket 0->0  (mf=1000)
[MF-SEL] tPrev=(  d=0.047180  dMin=0.000000  dAvg=0.040309  dMax=3.724814  Dlo=0.020155  Dhi=1.882562  err=0.000000  inc=-0.557782  bucket 0->0  (mf=1000)
[MF-SEL] tPrev=(  d=0.044589  dMin=0.000000  dAvg=0.040312  dMax=3.724814  Dlo=0.020156  Dhi=1.882563  err=0.000000  inc=-0.557782  bucket 0->0  (mf=1000)
[MF-SEL] tPrev=(  d=0.041850  dMin=0.000000  dAvg=0.040312  dMax=3.724814  Dlo=0.020156  Dhi=1.882563  err=0.000000  inc=-0.557782  bucket 0->0  (mf=1000)
[MF-SEL] tPrev=(  d=0.042194  dMin=0.000000  dAvg=0.040313  dMax=3.724814  Dlo=0.020157  Dhi=1.882564  err=0.000000  inc=-0.557782  bucket 0->0  (mf=1000)
[MF-SEL] tPrev=(  d=0.037790  dMin=0.000000  dAvg=0.040312  dMax=3.724814  Dlo=0.020156  Dhi=1.882563  err=0.000000  inc=-0.557782  bucket 0->0  (mf=1000)
[MF-SEL] tPrev=(  d=0.036735  dMin=0.000000  dAvg=0.040310  dMax=3.724814  Dlo=0.020155  Dhi=1.882562  err=0.000000  inc=-0.557782  bucket 0->0  (mf=1000)
[MF-SEL] tPrev=(  d=0.036063  dMin=0.000000  dAvg=0.040308  dMax=3.724814  Dlo=0.020154  Dhi=1.882561  err=0.000000  inc=-0.557782  bucket 0->0  (mf=1000)
[MF-SEL] tPrev=(  d=0.030885  dMin=0.000000  dAvg=0.040303  dMax=3.724814  Dlo=0.020151  Dhi=1.882558  err=0.000000  inc=-0.557782  bucket 0->0  (mf=1000)
[MF-SEL] tPrev=(  d=0.034437  dMin=0.000000  dAvg=0.040299  dMax=3.724814  Dlo=0.020150  Dhi=1.882557  err=0.000000  inc=-0.557782  bucket 0->0  (mf=1000)
[MF-SEL] tPrev=(  d=0.032706  dMin=0.000000  dAvg=0.040295  dMax=3.724814  Dlo=0.020148  Dhi=1.882555  err=0.000000  inc=-0.557782  bucket 0->0  (mf=1000)
[MF-SEL] tPrev=(  d=0.030290  dMin=0.000000  dAvg=0.040290  dMax=3.724814  Dlo=0.020145  Dhi=1.882552  err=0.000000  inc=-0.557782  bucket 0->0  (mf=1000)
[MF-SEL] tPrev=(  d=0.027635  dMin=0.000000  dAvg=0.040283  dMax=3.724814  Dlo=0.020141  Dhi=1.882548  err=0.000000  inc=-0.557782  bucket 0->0  (mf=1000)
[MF-SEL] tPrev=(  d=0.024536  dMin=0.000000  dAvg=0.040274  dMax=3.724814  Dlo=0.020137  Dhi=1.882544  err=0.000000  inc=-0.557782  bucket 0->0  (mf=1000)
[MF-SEL] tPrev=(  d=0.018608  dMin=0.000000  dAvg=0.040262  dMax=3.724814  Dlo=0.020131  Dhi=1.882538  err=-1.000000  inc=-1.515636  bucket 0->0  (mf=1000)
[MF-SEL] tPrev=(  d=0.019451  dMin=0.000000  dAvg=0.040250  dMax=3.724814  Dlo=0.020125  Dhi=1.882532  err=-1.000000  inc=-1.162535  bucket 0->0  (mf=1000)
[MF-SEL] tPrev=(  d=0.017231  dMin=0.000000  dAvg=0.040238  dMax=3.724814  Dlo=0.020119  Dhi=1.882526  err=-1.000000  inc=-1.164933  bucket 0->0  (mf=1000)
[MF-SEL] tPrev=(  d=0.015920  dMin=0.000000  dAvg=0.040224  dMax=3.724814  Dlo=0.020112  Dhi=1.882519  err=-1.000000  inc=-1.167099  bucket 0->0  (mf=1000)
[MF-SEL] tPrev=(  d=0.014579  dMin=0.000000  dAvg=0.040210  dMax=3.724814  Dlo=0.020105  Dhi=1.882512  err=-1.000000  inc=-1.169342  bucket 0->0  (mf=1000)
[MF-SEL] tPrev=(  d=0.012759  dMin=0.000000  dAvg=0.040195  dMax=3.724814  Dlo=0.020098  Dhi=1.882505  err=-1.000000  inc=-1.171655  bucket 0->0  (mf=1000)
[MF-SEL] tPrev=(  d=0.012974  dMin=0.000000  dAvg=0.040180  dMax=3.724814  Dlo=0.020090  Dhi=1.882497  err=-1.000000  inc=-1.173908  bucket 0->0  (mf=1000)
[MF-SEL] tPrev=(  d=0.012006  dMin=0.000000  dAvg=0.040165  dMax=3.724814  Dlo=0.020082  Dhi=1.882489  err=-1.000000  inc=-1.176144  bucket 0->0  (mf=1000)
[MF-SEL] tPrev=(  d=0.010268  dMin=0.000000  dAvg=0.040148  dMax=3.724814  Dlo=0.020074  Dhi=1.882481  err=-1.000000  inc=-1.178404  bucket 0->0  (mf=1000)
[MF-SEL] tPrev=(  d=0.010678  dMin=0.000000  dAvg=0.040132  dMax=3.724814  Dlo=0.020066  Dhi=1.882473  err=-1.000000  inc=-1.180616  bucket 0->0  (mf=1000)
[MF-SEL] tPrev=(  d=0.009369  dMin=0.000000  dAvg=0.040115  dMax=3.724814  Dlo=0.020058  Dhi=1.882465  err=-1.000000  inc=-1.183018  bucket 0->0  (mf=1000)
[MF-SEL] tPrev=(  d=0.008014  dMin=0.000000  dAvg=0.040098  dMax=3.724814  Dlo=0.020049  Dhi=1.882456  err=-1.000000  inc=-1.185492  bucket 0->0  (mf=1000)
[MF-SEL] tPrev=(  d=0.006780  dMin=0.000000  dAvg=0.040079  dMax=3.724814  Dlo=0.020040  Dhi=1.882447  err=-1.000000  inc=-1.187723  bucket 0->0  (mf=1000)
[MF-SEL] tPrev=(  d=0.007608  dMin=0.000000  dAvg=0.040061  dMax=3.724814  Dlo=0.020031  Dhi=1.882438  err=-1.000000  inc=-1.189962  bucket 0->0  (mf=1000)
[MF-SEL] tPrev=(  d=0.007553  dMin=0.000000  dAvg=0.040044  dMax=3.724814  Dlo=0.020022  Dhi=1.882429  err=-1.000000  inc=-1.192119  bucket 0->0  (mf=1000)
[MF-SEL] tPrev=(  d=0.015849  dMin=0.000000  dAvg=0.040030  dMax=3.724814  Dlo=0.020015  Dhi=1.882422  err=-1.000000  inc=-1.194310  bucket 0->0  (mf=1000)
[MF-SEL] tPrev=(  d=0.015813  dMin=0.000000  dAvg=0.040017  dMax=3.724814  Dlo=0.020009  Dhi=1.882416  err=-1.000000  inc=-1.196963  bucket 0->0  (mf=1000)
[MF-SEL] tPrev=(  d=0.019763  dMin=0.000000  dAvg=0.040006  dMax=3.724814  Dlo=0.020003  Dhi=1.882410  err=-1.000000  inc=-1.199288  bucket 0->0  (mf=1000)
[MF-SEL] tPrev=(  d=0.019705  dMin=0.000000  dAvg=0.039995  dMax=3.724814  Dlo=0.019998  Dhi=1.882404  err=-1.000000  inc=-1.201613  bucket 0->0  (mf=1000)
[MF-SEL] tPrev=(  d=0.020356  dMin=0.000000  dAvg=0.039984  dMax=3.724814  Dlo=0.019992  Dhi=1.882399  err=0.000000  inc=-0.229180  bucket 0->0  (mf=1000)
[MF-SEL] tPrev=(  d=0.020493  dMin=0.000000  dAvg=0.039974  dMax=3.724814  Dlo=0.019987  Dhi=1.882394  err=0.000000  inc=-0.601613  bucket 0->0  (mf=1000)
[MF-SEL] tPrev=(  d=0.018861  dMin=0.000000  dAvg=0.039962  dMax=3.724814  Dlo=0.019981  Dhi=1.882388  err=-1.000000  inc=-1.564063  bucket 0->0  (mf=1000)
[MF-SEL] tPrev=(  d=0.017065  dMin=0.000000  dAvg=0.039950  dMax=3.724814  Dlo=0.019975  Dhi=1.882382  err=-1.000000  inc=-1.205929  bucket 0->0  (mf=1000)
[MF-SEL] tPrev=(  d=0.015741  dMin=0.000000  dAvg=0.039936  dMax=3.724814  Dlo=0.019968  Dhi=1.882375  err=-1.000000  inc=-1.208142  bucket 0->0  (mf=1000)
[MF-SEL] tPrev=(  d=0.015273  dMin=0.000000  dAvg=0.039923  dMax=3.724814  Dlo=0.019962  Dhi=1.882368  err=-1.000000  inc=-1.210723  bucket 0->0  (mf=1000)
[MF-SEL] tPrev=(  d=0.013834  dMin=0.000000  dAvg=0.039909  dMax=3.724814  Dlo=0.019954  Dhi=1.882361  err=-1.000000  inc=-1.212806  bucket 0->0  (mf=1000)
[MF-SEL] tPrev=(  d=0.017210  dMin=0.000000  dAvg=0.039896  dMax=3.724814  Dlo=0.019948  Dhi=1.882355  err=-1.000000  inc=-1.215228  bucket 0->0  (mf=1000)
[MF-SEL] tPrev=(  d=0.017934  dMin=0.000000  dAvg=0.039885  dMax=3.724814  Dlo=0.019942  Dhi=1.882349  err=-1.000000  inc=-1.217339  bucket 0->0  (mf=1000)
[MF-SEL] tPrev=(  d=0.018784  dMin=0.000000  dAvg=0.039873  dMax=3.724814  Dlo=0.019937  Dhi=1.882344  err=-1.000000  inc=-1.219628  bucket 0->0  (mf=1000)
[MF-SEL] tPrev=(  d=0.018222  dMin=0.000000  dAvg=0.039861  dMax=3.724814  Dlo=0.019931  Dhi=1.882338  err=-1.000000  inc=-1.221827  bucket 0->0  (mf=1000)
[MF-SEL] tPrev=(  d=0.021176  dMin=0.000000  dAvg=0.039851  dMax=3.724814  Dlo=0.019926  Dhi=1.882333  err=0.000000  inc=-0.263313  bucket 0->0  (mf=1000)
[MF-SEL] tPrev=(  d=0.022306  dMin=0.000000  dAvg=0.039842  dMax=3.724814  Dlo=0.019921  Dhi=1.882328  err=0.000000  inc=-0.621827  bucket 0->0  (mf=1000)
[MF-SEL] tPrev=(  d=0.023159  dMin=0.000000  dAvg=0.039833  dMax=3.724814  Dlo=0.019916  Dhi=1.882323  err=0.000000  inc=-0.621827  bucket 0->0  (mf=1000)
[MF-SEL] tPrev=(  d=0.023871  dMin=0.000000  dAvg=0.039824  dMax=3.724814  Dlo=0.019912  Dhi=1.882319  err=0.000000  inc=-0.621827  bucket 0->0  (mf=1000)
[MF-SEL] tPrev=(  d=0.024051  dMin=0.000000  dAvg=0.039815  dMax=3.724814  Dlo=0.019908  Dhi=1.882315  err=0.000000  inc=-0.621827  bucket 0->0  (mf=1000)
[MF-SEL] tPrev=(  d=0.024260  dMin=0.000000  dAvg=0.039807  dMax=3.724814  Dlo=0.019903  Dhi=1.882310  err=0.000000  inc=-0.621827  bucket 0->0  (mf=1000)
[MF-SEL] tPrev=(  d=0.024337  dMin=0.000000  dAvg=0.039799  dMax=3.724814  Dlo=0.019899  Dhi=1.882306  err=0.000000  inc=-0.621827  bucket 0->0  (mf=1000)
[MF-SEL] tPrev=(  d=0.023707  dMin=0.000000  dAvg=0.039790  dMax=3.724814  Dlo=0.019895  Dhi=1.882302  err=0.000000  inc=-0.621827  bucket 0->0  (mf=1000)
[MF-SEL] tPrev=(  d=0.023133  dMin=0.000000  dAvg=0.039781  dMax=3.724814  Dlo=0.019890  Dhi=1.882297  err=0.000000  inc=-0.621827  bucket 0->0  (mf=1000)
[MF-SEL] tPrev=(  d=0.022142  dMin=0.000000  dAvg=0.039771  dMax=3.724814  Dlo=0.019886  Dhi=1.882293  err=0.000000  inc=-0.621827  bucket 0->0  (mf=1000)
[MF-SEL] tPrev=(  d=0.025429  dMin=0.000000  dAvg=0.039764  dMax=3.724814  Dlo=0.019882  Dhi=1.882289  err=0.000000  inc=-0.621827  bucket 0->0  (mf=1000)
[MF-SEL] tPrev=(  d=0.018894  dMin=0.000000  dAvg=0.039752  dMax=3.724814  Dlo=0.019876  Dhi=1.882283  err=-1.000000  inc=-1.544236  bucket 0->0  (mf=1000)
[MF-SEL] tPrev=(  d=0.017104  dMin=0.000000  dAvg=0.039740  dMax=3.724814  Dlo=0.019870  Dhi=1.882277  err=-1.000000  inc=-1.226598  bucket 0->0  (mf=1000)
[MF-SEL] tPrev=(  d=0.015444  dMin=0.000000  dAvg=0.039727  dMax=3.724814  Dlo=0.019864  Dhi=1.882270  err=-1.000000  inc=-1.228635  bucket 0->0  (mf=1000)
[MF-SEL] tPrev=(  d=0.014412  dMin=0.000000  dAvg=0.039713  dMax=3.724814  Dlo=0.019857  Dhi=1.882264  err=-1.000000  inc=-1.230766  bucket 0->0  (mf=1000)
[MF-SEL] tPrev=(  d=0.017915  dMin=0.000000  dAvg=0.039702  dMax=3.724814  Dlo=0.019851  Dhi=1.882258  err=-1.000000  inc=-1.233152  bucket 0->0  (mf=1000)
[MF-SEL] tPrev=(  d=0.013061  dMin=0.000000  dAvg=0.039687  dMax=3.724814  Dlo=0.019844  Dhi=1.882251  err=-1.000000  inc=-1.235088  bucket 0->0  (mf=1000)
[MF-SEL] tPrev=(  d=0.012633  dMin=0.000000  dAvg=0.039673  dMax=3.724814  Dlo=0.019836  Dhi=1.882243  err=-1.000000  inc=-1.237285  bucket 0->0  (mf=1000)
[MF-SEL] tPrev=(  d=0.012538  dMin=0.000000  dAvg=0.039658  dMax=3.724814  Dlo=0.019829  Dhi=1.882236  err=-1.000000  inc=-1.239517  bucket 0->0  (mf=1000)
[MF-SEL] tPrev=(  d=0.012117  dMin=0.000000  dAvg=0.039643  dMax=3.724814  Dlo=0.019822  Dhi=1.882229  err=-1.000000  inc=-1.241760  bucket 0->0  (mf=1000)
[MF-SEL] tPrev=(  d=0.016571  dMin=0.000000  dAvg=0.039631  dMax=3.724814  Dlo=0.019816  Dhi=1.882222  err=-1.000000  inc=-1.243774  bucket 0->0  (mf=1000)
[MF-SEL] tPrev=(  d=0.011677  dMin=0.000000  dAvg=0.039616  dMax=3.724814  Dlo=0.019808  Dhi=1.882215  err=-1.000000  inc=-1.246097  bucket 0->0  (mf=1000)
[MF-SEL] tPrev=(  d=0.011855  dMin=0.000000  dAvg=0.039601  dMax=3.724814  Dlo=0.019801  Dhi=1.882208  err=-1.000000  inc=-1.248378  bucket 0->0  (mf=1000)
[MF-SEL] tPrev=(  d=0.011592  dMin=0.000000  dAvg=0.039586  dMax=3.724814  Dlo=0.019793  Dhi=1.882200  err=-1.000000  inc=-1.250477  bucket 0->0  (mf=1000)
[MF-SEL] tPrev=(  d=0.011190  dMin=0.000000  dAvg=0.039571  dMax=3.724814  Dlo=0.019785  Dhi=1.882192  err=-1.000000  inc=-1.252633  bucket 0->0  (mf=1000)
[MF-SEL] tPrev=(  d=0.012589  dMin=0.000000  dAvg=0.039556  dMax=3.724814  Dlo=0.019778  Dhi=1.882185  err=-1.000000  inc=-1.254820  bucket 0->0  (mf=1000)
[MF-SEL] tPrev=(  d=0.012462  dMin=0.000000  dAvg=0.039542  dMax=3.724814  Dlo=0.019771  Dhi=1.882178  err=-1.000000  inc=-1.257075  bucket 0->0  (mf=1000)
[MF-SEL] tPrev=(  d=0.014644  dMin=0.000000  dAvg=0.039529  dMax=3.724814  Dlo=0.019764  Dhi=1.882171  err=-1.000000  inc=-1.259440  bucket 0->0  (mf=1000)
[MF-SEL] tPrev=(  d=0.017508  dMin=0.000000  dAvg=0.039517  dMax=3.724814  Dlo=0.019758  Dhi=1.882165  err=-1.000000  inc=-1.261691  bucket 0->0  (mf=1000)
[MF-SEL] tPrev=(  d=0.020298  dMin=0.000000  dAvg=0.039507  dMax=3.724814  Dlo=0.019753  Dhi=1.882160  err=0.000000  inc=-0.294367  bucket 0->0  (mf=1000)
[MF-SEL] tPrev=(  d=0.023558  dMin=0.000000  dAvg=0.039498  dMax=3.724814  Dlo=0.019749  Dhi=1.882156  err=0.000000  inc=-0.661691  bucket 0->0  (mf=1000)
[MF-SEL] tPrev=(  d=0.027156  dMin=0.000000  dAvg=0.039491  dMax=3.724814  Dlo=0.019746  Dhi=1.882153  err=0.000000  inc=-0.661691  bucket 0->0  (mf=1000)
[MF-SEL] tPrev=(  d=0.034910  dMin=0.000000  dAvg=0.039489  dMax=3.724814  Dlo=0.019744  Dhi=1.882151  err=0.000000  inc=-0.661691  bucket 0->0  (mf=1000)
[MF-SEL] tPrev=(  d=0.033977  dMin=0.000000  dAvg=0.039486  dMax=3.724814  Dlo=0.019743  Dhi=1.882150  err=0.000000  inc=-0.661691  bucket 0->0  (mf=1000)
[MF-SEL] tPrev=(  d=0.036194  dMin=0.000000  dAvg=0.039484  dMax=3.724814  Dlo=0.019742  Dhi=1.882149  err=0.000000  inc=-0.661691  bucket 0->0  (mf=1000)
[MF-SEL] tPrev=(  d=0.038798  dMin=0.000000  dAvg=0.039484  dMax=3.724814  Dlo=0.019742  Dhi=1.882149  err=0.000000  inc=-0.661691  bucket 0->0  (mf=1000)
[MF-SEL] tPrev=(  d=0.040830  dMin=0.000000  dAvg=0.039485  dMax=3.724814  Dlo=0.019742  Dhi=1.882149  err=0.000000  inc=-0.661691  bucket 0->0  (mf=1000)
[MF-SEL] tPrev=(  d=0.042363  dMin=0.000000  dAvg=0.039486  dMax=3.724814  Dlo=0.019743  Dhi=1.882150  err=0.000000  inc=-0.661691  bucket 0->0  (mf=1000)
[MF-SEL] tPrev=(  d=0.043144  dMin=0.000000  dAvg=0.039488  dMax=3.724814  Dlo=0.019744  Dhi=1.882151  err=0.000000  inc=-0.661691  bucket 0->0  (mf=1000)
[MF-SEL] tPrev=(  d=0.045836  dMin=0.000000  dAvg=0.039492  dMax=3.724814  Dlo=0.019746  Dhi=1.882153  err=0.000000  inc=-0.661691  bucket 0->0  (mf=1000)
[MF-SEL] tPrev=(  d=0.047239  dMin=0.000000  dAvg=0.039496  dMax=3.724814  Dlo=0.019748  Dhi=1.882155  err=0.000000  inc=-0.661691  bucket 0->0  (mf=1000)
[MF-SEL] tPrev=(  d=0.048279  dMin=0.000000  dAvg=0.039500  dMax=3.724814  Dlo=0.019750  Dhi=1.882157  err=0.000000  inc=-0.661691  bucket 0->0  (mf=1000)
[MF-SEL] tPrev=(  d=0.043065  dMin=0.000000  dAvg=0.039502  dMax=3.724814  Dlo=0.019751  Dhi=1.882158  err=0.000000  inc=-0.661691  bucket 0->0  (mf=1000)
[MF-SEL] tPrev=(  d=0.049187  dMin=0.000000  dAvg=0.039507  dMax=3.724814  Dlo=0.019754  Dhi=1.882161  err=0.000000  inc=-0.661691  bucket 0->0  (mf=1000)
[MF-SEL] tPrev=(  d=0.048877  dMin=0.000000  dAvg=0.039512  dMax=3.724814  Dlo=0.019756  Dhi=1.882163  err=0.000000  inc=-0.661691  bucket 0->0  (mf=1000)
[MF-SEL] tPrev=(  d=0.048707  dMin=0.000000  dAvg=0.039517  dMax=3.724814  Dlo=0.019759  Dhi=1.882166  err=0.000000  inc=-0.661691  bucket 0->0  (mf=1000)
[MF-SEL] tPrev=(  d=0.043872  dMin=0.000000  dAvg=0.039519  dMax=3.724814  Dlo=0.019760  Dhi=1.882167  err=0.000000  inc=-0.661691  bucket 0->0  (mf=1000)
[MF-SEL] tPrev=(  d=0.048633  dMin=0.000000  dAvg=0.039524  dMax=3.724814  Dlo=0.019762  Dhi=1.882169  err=0.000000  inc=-0.661691  bucket 0->0  (mf=1000)
[MF-SEL] tPrev=(  d=0.048811  dMin=0.000000  dAvg=0.039529  dMax=3.724814  Dlo=0.019765  Dhi=1.882172  err=0.000000  inc=-0.661691  bucket 0->0  (mf=1000)
[MF-SEL] tPrev=(  d=0.049051  dMin=0.000000  dAvg=0.039534  dMax=3.724814  Dlo=0.019767  Dhi=1.882174  err=0.000000  inc=-0.661691  bucket 0->0  (mf=1000)
[MF-SEL] tPrev=(  d=0.045552  dMin=0.000000  dAvg=0.039537  dMax=3.724814  Dlo=0.019769  Dhi=1.882176  err=0.000000  inc=-0.661691  bucket 0->0  (mf=1000)
[MF-SEL] tPrev=(  d=0.049350  dMin=0.000000  dAvg=0.039543  dMax=3.724814  Dlo=0.019771  Dhi=1.882178  err=0.000000  inc=-0.661691  bucket 0->0  (mf=1000)
[MF-SEL] tPrev=(  d=0.049238  dMin=0.000000  dAvg=0.039548  dMax=3.724814  Dlo=0.019774  Dhi=1.882181  err=0.000000  inc=-0.661691  bucket 0->0  (mf=1000)
[MF-SEL] tPrev=(  d=0.048506  dMin=0.000000  dAvg=0.039552  dMax=3.724814  Dlo=0.019776  Dhi=1.882183  err=0.000000  inc=-0.661691  bucket 0->0  (mf=1000)
[MF-SEL] tPrev=(  d=0.055994  dMin=0.000000  dAvg=0.039561  dMax=3.724814  Dlo=0.019781  Dhi=1.882188  err=0.000000  inc=-0.661691  bucket 0->0  (mf=1000)
[MF-SEL] tPrev=(  d=0.046848  dMin=0.000000  dAvg=0.039565  dMax=3.724814  Dlo=0.019782  Dhi=1.882189  err=0.000000  inc=-0.661691  bucket 0->0  (mf=1000)
[MF-SEL] tPrev=(  d=0.045881  dMin=0.000000  dAvg=0.039568  dMax=3.724814  Dlo=0.019784  Dhi=1.882191  err=0.000000  inc=-0.661691  bucket 0->0  (mf=1000)
[MF-SEL] tPrev=(  d=0.045770  dMin=0.000000  dAvg=0.039572  dMax=3.724814  Dlo=0.019786  Dhi=1.882193  err=0.000000  inc=-0.661691  bucket 0->0  (mf=1000)
[MF-SEL] tPrev=(  d=0.046397  dMin=0.000000  dAvg=0.039575  dMax=3.724814  Dlo=0.019788  Dhi=1.882195  err=0.000000  inc=-0.661691  bucket 0->0  (mf=1000)
[MF-SEL] tPrev=(  d=0.047823  dMin=0.000000  dAvg=0.039579  dMax=3.724814  Dlo=0.019790  Dhi=1.882197  err=0.000000  inc=-0.661691  bucket 0->0  (mf=1000)
[MF-SEL] tPrev=(  d=0.049774  dMin=0.000000  dAvg=0.039585  dMax=3.724814  Dlo=0.019792  Dhi=1.882199  err=0.000000  inc=-0.661691  bucket 0->0  (mf=1000)
[MF-SEL] tPrev=(  d=0.054281  dMin=0.000000  dAvg=0.039593  dMax=3.724814  Dlo=0.019796  Dhi=1.882203  err=0.000000  inc=-0.661691  bucket 0->0  (mf=1000)
[MF-SEL] tPrev=(  d=0.054396  dMin=0.000000  dAvg=0.039600  dMax=3.724814  Dlo=0.019800  Dhi=1.882207  err=0.000000  inc=-0.661691  bucket 0->0  (mf=1000)
[MF-SEL] tPrev=(  d=0.056552  dMin=0.000000  dAvg=0.039609  dMax=3.724814  Dlo=0.019805  Dhi=1.882212  err=0.000000  inc=-0.661691  bucket 0->0  (mf=1000)
[MF-SEL] tPrev=(  d=0.058951  dMin=0.000000  dAvg=0.039619  dMax=3.724814  Dlo=0.019810  Dhi=1.882217  err=0.000000  inc=-0.661691  bucket 0->0  (mf=1000)
[MF-SEL] tPrev=(  d=0.059644  dMin=0.000000  dAvg=0.039630  dMax=3.724814  Dlo=0.019815  Dhi=1.882222  err=0.000000  inc=-0.661691  bucket 0->0  (mf=1000)
[MF-SEL] tPrev=(  d=0.062374  dMin=0.000000  dAvg=0.039642  dMax=3.724814  Dlo=0.019821  Dhi=1.882228  err=0.000000  inc=-0.661691  bucket 0->0  (mf=1000)
[MF-SEL] tPrev=(  d=0.063129  dMin=0.000000  dAvg=0.039654  dMax=3.724814  Dlo=0.019827  Dhi=1.882234  err=0.000000  inc=-0.661691  bucket 0->0  (mf=1000)
[MF-SEL] tPrev=(  d=0.063553  dMin=0.000000  dAvg=0.039667  dMax=3.724814  Dlo=0.019833  Dhi=1.882240  err=0.000000  inc=-0.661691  bucket 0->0  (mf=1000)
[MF-SEL] tPrev=(  d=0.064270  dMin=0.000000  dAvg=0.039679  dMax=3.724814  Dlo=0.019840  Dhi=1.882247  err=0.000000  inc=-0.661691  bucket 0->0  (mf=1000)
[MF-SEL] tPrev=(  d=0.065137  dMin=0.000000  dAvg=0.039693  dMax=3.724814  Dlo=0.019846  Dhi=1.882253  err=0.000000  inc=-0.661691  bucket 0->0  (mf=1000)
[MF-SEL] tPrev=(  d=0.064962  dMin=0.000000  dAvg=0.039706  dMax=3.724814  Dlo=0.019853  Dhi=1.882260  err=0.000000  inc=-0.661691  bucket 0->0  (mf=1000)
[MF-SEL] tPrev=(  d=0.065781  dMin=0.000000  dAvg=0.039720  dMax=3.724814  Dlo=0.019860  Dhi=1.882267  err=0.000000  inc=-0.661691  bucket 0->0  (mf=1000)
[MF-SEL] tPrev=(  d=0.066735  dMin=0.000000  dAvg=0.039734  dMax=3.724814  Dlo=0.019867  Dhi=1.882274  err=0.000000  inc=-0.661691  bucket 0->0  (mf=1000)
[MF-SEL] tPrev=(  d=0.067707  dMin=0.000000  dAvg=0.039748  dMax=3.724814  Dlo=0.019874  Dhi=1.882281  err=0.000000  inc=-0.661691  bucket 0->0  (mf=1000)
[MF-SEL] tPrev=(  d=0.068874  dMin=0.000000  dAvg=0.039764  dMax=3.724814  Dlo=0.019882  Dhi=1.882289  err=0.000000  inc=-0.661691  bucket 0->0  (mf=1000)
[MF-SEL] tPrev=(  d=0.069395  dMin=0.000000  dAvg=0.039779  dMax=3.724814  Dlo=0.019889  Dhi=1.882296  err=0.000000  inc=-0.661691  bucket 0->0  (mf=1000)
[MF-SEL] tPrev=(  d=0.070204  dMin=0.000000  dAvg=0.039795  dMax=3.724814  Dlo=0.019897  Dhi=1.882304  err=0.000000  inc=-0.661691  bucket 0->0  (mf=1000)
[MF-SEL] tPrev=(  d=0.070928  dMin=0.000000  dAvg=0.039811  dMax=3.724814  Dlo=0.019906  Dhi=1.882313  err=0.000000  inc=-0.661691  bucket 0->0  (mf=1000)
[MF-SEL] tPrev=(  d=0.067657  dMin=0.000000  dAvg=0.039826  dMax=3.724814  Dlo=0.019913  Dhi=1.882320  err=0.000000  inc=-0.661691  bucket 0->0  (mf=1000)
[MF-SEL] tPrev=(  d=0.069070  dMin=0.000000  dAvg=0.039841  dMax=3.724814  Dlo=0.019920  Dhi=1.882327  err=0.000000  inc=-0.661691  bucket 0->0  (mf=1000)
[MF-SEL] tPrev=(  d=0.068989  dMin=0.000000  dAvg=0.039856  dMax=3.724814  Dlo=0.019928  Dhi=1.882335  err=0.000000  inc=-0.661691  bucket 0->0  (mf=1000)
[MF-SEL] tPrev=(  d=0.068575  dMin=0.000000  dAvg=0.039871  dMax=3.724814  Dlo=0.019935  Dhi=1.882342  err=0.000000  inc=-0.661691  bucket 0->0  (mf=1000)
[MF-SEL] tPrev=(  d=0.068165  dMin=0.000000  dAvg=0.039886  dMax=3.724814  Dlo=0.019943  Dhi=1.882350  err=0.000000  inc=-0.661691  bucket 0->0  (mf=1000)
[MF-SEL] tPrev=(  d=0.069332  dMin=0.000000  dAvg=0.039901  dMax=3.724814  Dlo=0.019950  Dhi=1.882357  err=0.000000  inc=-0.661691  bucket 0->0  (mf=1000)
[MF-SEL] tPrev=(  d=0.066531  dMin=0.000000  dAvg=0.039915  dMax=3.724814  Dlo=0.019957  Dhi=1.882364  err=0.000000  inc=-0.661691  bucket 0->0  (mf=1000)
[MF-SEL] tPrev=(  d=0.064996  dMin=0.000000  dAvg=0.039928  dMax=3.724814  Dlo=0.019964  Dhi=1.882371  err=0.000000  inc=-0.661691  bucket 0->0  (mf=1000)
[MF-SEL] tPrev=(  d=0.063904  dMin=0.000000  dAvg=0.039940  dMax=3.724814  Dlo=0.019970  Dhi=1.882377  err=0.000000  inc=-0.661691  bucket 0->0  (mf=1000)
[MF-SEL] tPrev=(  d=0.062575  dMin=0.000000  dAvg=0.039952  dMax=3.724814  Dlo=0.019976  Dhi=1.882383  err=0.000000  inc=-0.661691  bucket 0->0  (mf=1000)
[MF-SEL] tPrev=(  d=0.064276  dMin=0.000000  dAvg=0.039964  dMax=3.724814  Dlo=0.019982  Dhi=1.882389  err=0.000000  inc=-0.661691  bucket 0->0  (mf=1000)
[MF-SEL] tPrev=(  d=0.060445  dMin=0.000000  dAvg=0.039975  dMax=3.724814  Dlo=0.019988  Dhi=1.882394  err=0.000000  inc=-0.661691  bucket 0->0  (mf=1000)
[MF-SEL] tPrev=(  d=0.060154  dMin=0.000000  dAvg=0.039985  dMax=3.724814  Dlo=0.019993  Dhi=1.882400  err=0.000000  inc=-0.661691  bucket 0->0  (mf=1000)
[MF-SEL] tPrev=(  d=0.060179  dMin=0.000000  dAvg=0.039996  dMax=3.724814  Dlo=0.019998  Dhi=1.882405  err=0.000000  inc=-0.661691  bucket 0->0  (mf=1000)
[MF-SEL] tPrev=(  d=0.059960  dMin=0.000000  dAvg=0.040006  dMax=3.724814  Dlo=0.020003  Dhi=1.882410  err=0.000000  inc=-0.661691  bucket 0->0  (mf=1000)
[MF-SEL] tPrev=(  d=0.066950  dMin=0.000000  dAvg=0.040020  dMax=3.724814  Dlo=0.020010  Dhi=1.882417  err=0.000000  inc=-0.661691  bucket 0->0  (mf=1000)
[MF-SEL] tPrev=(  d=0.059404  dMin=0.000000  dAvg=0.040030  dMax=3.724814  Dlo=0.020015  Dhi=1.882422  err=0.000000  inc=-0.661691  bucket 0->0  (mf=1000)
[MF-SEL] tPrev=(  d=0.059042  dMin=0.000000  dAvg=0.040040  dMax=3.724814  Dlo=0.020020  Dhi=1.882427  err=0.000000  inc=-0.661691  bucket 0->0  (mf=1000)
[MF-SEL] tPrev=(  d=0.057718  dMin=0.000000  dAvg=0.040049  dMax=3.724814  Dlo=0.020025  Dhi=1.882432  err=0.000000  inc=-0.661691  bucket 0->0  (mf=1000)
[MF-SEL] tPrev=(  d=0.056545  dMin=0.000000  dAvg=0.040058  dMax=3.724814  Dlo=0.020029  Dhi=1.882436  err=0.000000  inc=-0.661691  bucket 0->0  (mf=1000)
[MF-SEL] tPrev=(  d=0.055356  dMin=0.000000  dAvg=0.040065  dMax=3.724814  Dlo=0.020033  Dhi=1.882440  err=0.000000  inc=-0.661691  bucket 0->0  (mf=1000)
[MF-SEL] tPrev=(  d=0.059721  dMin=0.000000  dAvg=0.040076  dMax=3.724814  Dlo=0.020038  Dhi=1.882445  err=0.000000  inc=-0.661691  bucket 0->0  (mf=1000)
[MF-SEL] tPrev=(  d=0.052593  dMin=0.000000  dAvg=0.040082  dMax=3.724814  Dlo=0.020041  Dhi=1.882448  err=0.000000  inc=-0.661691  bucket 0->0  (mf=1000)
[MF-SEL] tPrev=(  d=0.051560  dMin=0.000000  dAvg=0.040088  dMax=3.724814  Dlo=0.020044  Dhi=1.882451  err=0.000000  inc=-0.661691  bucket 0->0  (mf=1000)
[MF-SEL] tPrev=(  d=0.050646  dMin=0.000000  dAvg=0.040093  dMax=3.724814  Dlo=0.020047  Dhi=1.882454  err=0.000000  inc=-0.661691  bucket 0->0  (mf=1000)
[MF-SEL] tPrev=(  d=0.052876  dMin=0.000000  dAvg=0.040100  dMax=3.724814  Dlo=0.020050  Dhi=1.882457  err=0.000000  inc=-0.661691  bucket 0->0  (mf=1000)
[MF-SEL] tPrev=(  d=0.047407  dMin=0.000000  dAvg=0.040104  dMax=3.724814  Dlo=0.020052  Dhi=1.882459  err=0.000000  inc=-0.661691  bucket 0->0  (mf=1000)
[MF-SEL] tPrev=(  d=0.046300  dMin=0.000000  dAvg=0.040107  dMax=3.724814  Dlo=0.020053  Dhi=1.882460  err=0.000000  inc=-0.661691  bucket 0->0  (mf=1000)
[MF-SEL] tPrev=(  d=0.044900  dMin=0.000000  dAvg=0.040109  dMax=3.724814  Dlo=0.020055  Dhi=1.882462  err=0.000000  inc=-0.661691  bucket 0->0  (mf=1000)
[MF-SEL] tPrev=(  d=0.043630  dMin=0.000000  dAvg=0.040111  dMax=3.724814  Dlo=0.020056  Dhi=1.882463  err=0.000000  inc=-0.661691  bucket 0->0  (mf=1000)
[MF-SEL] tPrev=(  d=0.043471  dMin=0.000000  dAvg=0.040113  dMax=3.724814  Dlo=0.020056  Dhi=1.882463  err=0.000000  inc=-0.661691  bucket 0->0  (mf=1000)
[MF-SEL] tPrev=(  d=0.042043  dMin=0.000000  dAvg=0.040114  dMax=3.724814  Dlo=0.020057  Dhi=1.882464  err=0.000000  inc=-0.661691  bucket 0->0  (mf=1000)
[MF-SEL] tPrev=(  d=0.041334  dMin=0.000000  dAvg=0.040114  dMax=3.724814  Dlo=0.020057  Dhi=1.882464  err=0.000000  inc=-0.661691  bucket 0->0  (mf=1000)
[MF-SEL] tPrev=(  d=0.040775  dMin=0.000000  dAvg=0.040115  dMax=3.724814  Dlo=0.020057  Dhi=1.882464  err=0.000000  inc=-0.661691  bucket 0->0  (mf=1000)
[MF-SEL] tPrev=(  d=0.040729  dMin=0.000000  dAvg=0.040115  dMax=3.724814  Dlo=0.020058  Dhi=1.882465  err=0.000000  inc=-0.661691  bucket 0->0  (mf=1000)
[MF-SEL] tPrev=(  d=0.040748  dMin=0.000000  dAvg=0.040115  dMax=3.724814  Dlo=0.020058  Dhi=1.882465  err=0.000000  inc=-0.661691  bucket 0->0  (mf=1000)
[MF-SEL] tPrev=(  d=0.041190  dMin=0.000000  dAvg=0.040116  dMax=3.724814  Dlo=0.020058  Dhi=1.882465  err=0.000000  inc=-0.661691  bucket 0->0  (mf=1000)
[MF-SEL] tPrev=(  d=0.042060  dMin=0.000000  dAvg=0.040117  dMax=3.724814  Dlo=0.020058  Dhi=1.882465  err=0.000000  inc=-0.661691  bucket 0->0  (mf=1000)
[MF-SEL] tPrev=(  d=0.043160  dMin=0.000000  dAvg=0.040119  dMax=3.724814  Dlo=0.020059  Dhi=1.882466  err=0.000000  inc=-0.661691  bucket 0->0  (mf=1000)
[MF-SEL] tPrev=(  d=0.044391  dMin=0.000000  dAvg=0.040121  dMax=3.724814  Dlo=0.020060  Dhi=1.882467  err=0.000000  inc=-0.661691  bucket 0->0  (mf=1000)
[MF-SEL] tPrev=(  d=0.045739  dMin=0.000000  dAvg=0.040124  dMax=3.724814  Dlo=0.020062  Dhi=1.882469  err=0.000000  inc=-0.661691  bucket 0->0  (mf=1000)
[MF-SEL] tPrev=(  d=0.047146  dMin=0.000000  dAvg=0.040127  dMax=3.724814  Dlo=0.020064  Dhi=1.882471  err=0.000000  inc=-0.661691  bucket 0->0  (mf=1000)
[MF-SEL] tPrev=(  d=0.049745  dMin=0.000000  dAvg=0.040132  dMax=3.724814  Dlo=0.020066  Dhi=1.882473  err=0.000000  inc=-0.661691  bucket 0->0  (mf=1000)
[MF-SEL] tPrev=(  d=0.051848  dMin=0.000000  dAvg=0.040138  dMax=3.724814  Dlo=0.020069  Dhi=1.882476  err=0.000000  inc=-0.661691  bucket 0->0  (mf=1000)
[MF-SEL] tPrev=(  d=0.054120  dMin=0.000000  dAvg=0.040145  dMax=3.724814  Dlo=0.020073  Dhi=1.882480  err=0.000000  inc=-0.661691  bucket 0->0  (mf=1000)
[MF-SEL] tPrev=(  d=0.056460  dMin=0.000000  dAvg=0.040153  dMax=3.724814  Dlo=0.020077  Dhi=1.882484  err=0.000000  inc=-0.661691  bucket 0->0  (mf=1000)
[MF-SEL] tPrev=(  d=0.059125  dMin=0.000000  dAvg=0.040163  dMax=3.724814  Dlo=0.020082  Dhi=1.882489  err=0.000000  inc=-0.661691  bucket 0->0  (mf=1000)
[MF-SEL] tPrev=(  d=0.058226  dMin=0.000000  dAvg=0.040172  dMax=3.724814  Dlo=0.020086  Dhi=1.882493  err=0.000000  inc=-0.661691  bucket 0->0  (mf=1000)
[MF-SEL] tPrev=(  d=0.063716  dMin=0.000000  dAvg=0.040184  dMax=3.724814  Dlo=0.020092  Dhi=1.882499  err=0.000000  inc=-0.661691  bucket 0->0  (mf=1000)
[MF-SEL] tPrev=(  d=0.065701  dMin=0.000000  dAvg=0.040197  dMax=3.724814  Dlo=0.020099  Dhi=1.882506  err=0.000000  inc=-0.661691  bucket 0->0  (mf=1000)
[MF-SEL] tPrev=(  d=0.067995  dMin=0.000000  dAvg=0.040211  dMax=3.724814  Dlo=0.020106  Dhi=1.882513  err=0.000000  inc=-0.661691  bucket 0->0  (mf=1000)
[MF-SEL] tPrev=(  d=0.070041  dMin=0.000000  dAvg=0.040226  dMax=3.724814  Dlo=0.020113  Dhi=1.882520  err=0.000000  inc=-0.661691  bucket 0->0  (mf=1000)
[MF-SEL] tPrev=(  d=0.071494  dMin=0.000000  dAvg=0.040242  dMax=3.724814  Dlo=0.020121  Dhi=1.882528  err=0.000000  inc=-0.661691  bucket 0->0  (mf=1000)
[MF-SEL] tPrev=(  d=0.071106  dMin=0.000000  dAvg=0.040258  dMax=3.724814  Dlo=0.020129  Dhi=1.882536  err=0.000000  inc=-0.661691  bucket 0->0  (mf=1000)
[MF-SEL] tPrev=(  d=0.074587  dMin=0.000000  dAvg=0.040275  dMax=3.724814  Dlo=0.020138  Dhi=1.882545  err=0.000000  inc=-0.661691  bucket 0->0  (mf=1000)
[MF-SEL] tPrev=(  d=0.075178  dMin=0.000000  dAvg=0.040293  dMax=3.724814  Dlo=0.020146  Dhi=1.882553  err=0.000000  inc=-0.661691  bucket 0->0  (mf=1000)
[MF-SEL] tPrev=(  d=0.075602  dMin=0.000000  dAvg=0.040311  dMax=3.724814  Dlo=0.020155  Dhi=1.882562  err=0.000000  inc=-0.661691  bucket 0->0  (mf=1000)
[MF-SEL] tPrev=(  d=0.075809  dMin=0.000000  dAvg=0.040329  dMax=3.724814  Dlo=0.020164  Dhi=1.882571  err=0.000000  inc=-0.661691  bucket 0->0  (mf=1000)
[MF-SEL] tPrev=(  d=0.074857  dMin=0.000000  dAvg=0.040346  dMax=3.724814  Dlo=0.020173  Dhi=1.882580  err=0.000000  inc=-0.661691  bucket 0->0  (mf=1000)
[MF-SEL] tPrev=(  d=0.072335  dMin=0.000000  dAvg=0.040362  dMax=3.724814  Dlo=0.020181  Dhi=1.882588  err=0.000000  inc=-0.661691  bucket 0->0  (mf=1000)
[MF-SEL] tPrev=(  d=0.072769  dMin=0.000000  dAvg=0.040379  dMax=3.724814  Dlo=0.020189  Dhi=1.882596  err=0.000000  inc=-0.661691  bucket 0->0  (mf=1000)
[MF-SEL] tPrev=(  d=0.071194  dMin=0.000000  dAvg=0.040394  dMax=3.724814  Dlo=0.020197  Dhi=1.882604  err=0.000000  inc=-0.661691  bucket 0->0  (mf=1000)
[MF-SEL] tPrev=(  d=0.070208  dMin=0.000000  dAvg=0.040409  dMax=3.724814  Dlo=0.020205  Dhi=1.882612  err=0.000000  inc=-0.661691  bucket 0->0  (mf=1000)
[MF-SEL] tPrev=(  d=0.068995  dMin=0.000000  dAvg=0.040424  dMax=3.724814  Dlo=0.020212  Dhi=1.882619  err=0.000000  inc=-0.661691  bucket 0->0  (mf=1000)
[MF-SEL] tPrev=(  d=0.068029  dMin=0.000000  dAvg=0.040438  dMax=3.724814  Dlo=0.020219  Dhi=1.882626  err=0.000000  inc=-0.661691  bucket 0->0  (mf=1000)
[MF-SEL] tPrev=(  d=0.064241  dMin=0.000000  dAvg=0.040450  dMax=3.724814  Dlo=0.020225  Dhi=1.882632  err=0.000000  inc=-0.661691  bucket 0->0  (mf=1000)
[MF-SEL] tPrev=(  d=0.065292  dMin=0.000000  dAvg=0.040462  dMax=3.724814  Dlo=0.020231  Dhi=1.882638  err=0.000000  inc=-0.661691  bucket 0->0  (mf=1000)
[MF-SEL] tPrev=(  d=0.064327  dMin=0.000000  dAvg=0.040474  dMax=3.724814  Dlo=0.020237  Dhi=1.882644  err=0.000000  inc=-0.661691  bucket 0->0  (mf=1000)
[MF-SEL] tPrev=(  d=0.063465  dMin=0.000000  dAvg=0.040486  dMax=3.724814  Dlo=0.020243  Dhi=1.882650  err=0.000000  inc=-0.661691  bucket 0->0  (mf=1000)
[MF-SEL] tPrev=(  d=0.066741  dMin=0.000000  dAvg=0.040499  dMax=3.724814  Dlo=0.020249  Dhi=1.882656  err=0.000000  inc=-0.661691  bucket 0->0  (mf=1000)
[MF-SEL] tPrev=(  d=0.062525  dMin=0.000000  dAvg=0.040510  dMax=3.724814  Dlo=0.020255  Dhi=1.882662  err=0.000000  inc=-0.661691  bucket 0->0  (mf=1000)
[MF-SEL] tPrev=(  d=0.062529  dMin=0.000000  dAvg=0.040521  dMax=3.724814  Dlo=0.020260  Dhi=1.882667  err=0.000000  inc=-0.661691  bucket 0->0  (mf=1000)
[MF-SEL] tPrev=(  d=0.062640  dMin=0.000000  dAvg=0.040532  dMax=3.724814  Dlo=0.020266  Dhi=1.882673  err=0.000000  inc=-0.661691  bucket 0->0  (mf=1000)
[MF-SEL] tPrev=(  d=0.062238  dMin=0.000000  dAvg=0.040543  dMax=3.724814  Dlo=0.020271  Dhi=1.882678  err=0.000000  inc=-0.661691  bucket 0->0  (mf=1000)
[MF-SEL] tPrev=(  d=0.062394  dMin=0.000000  dAvg=0.040554  dMax=3.724814  Dlo=0.020277  Dhi=1.882684  err=0.000000  inc=-0.661691  bucket 0->0  (mf=1000)
[MF-SEL] tPrev=(  d=0.068092  dMin=0.000000  dAvg=0.040568  dMax=3.724814  Dlo=0.020284  Dhi=1.882691  err=0.000000  inc=-0.661691  bucket 0->0  (mf=1000)
[MF-SEL] tPrev=(  d=0.060835  dMin=0.000000  dAvg=0.040578  dMax=3.724814  Dlo=0.020289  Dhi=1.882696  err=0.000000  inc=-0.661691  bucket 0->0  (mf=1000)
[MF-SEL] tPrev=(  d=0.059571  dMin=0.000000  dAvg=0.040587  dMax=3.724814  Dlo=0.020294  Dhi=1.882701  err=0.000000  inc=-0.661691  bucket 0->0  (mf=1000)
[MF-SEL] tPrev=(  d=0.058431  dMin=0.000000  dAvg=0.040596  dMax=3.724814  Dlo=0.020298  Dhi=1.882705  err=0.000000  inc=-0.661691  bucket 0->0  (mf=1000)
[MF-SEL] tPrev=(  d=0.056430  dMin=0.000000  dAvg=0.040604  dMax=3.724814  Dlo=0.020302  Dhi=1.882709  err=0.000000  inc=-0.661691  bucket 0->0  (mf=1000)
[MF-SEL] tPrev=(  d=0.054655  dMin=0.000000  dAvg=0.040611  dMax=3.724814  Dlo=0.020306  Dhi=1.882713  err=0.000000  inc=-0.661691  bucket 0->0  (mf=1000)
[MF-SEL] tPrev=(  d=0.054616  dMin=0.000000  dAvg=0.040618  dMax=3.724814  Dlo=0.020309  Dhi=1.882716  err=0.000000  inc=-0.661691  bucket 0->0  (mf=1000)
[MF-SEL] tPrev=(  d=0.050011  dMin=0.000000  dAvg=0.040623  dMax=3.724814  Dlo=0.020311  Dhi=1.882718  err=0.000000  inc=-0.661691  bucket 0->0  (mf=1000)
[MF-SEL] tPrev=(  d=0.048368  dMin=0.000000  dAvg=0.040627  dMax=3.724814  Dlo=0.020313  Dhi=1.882720  err=0.000000  inc=-0.661691  bucket 0->0  (mf=1000)
[MF-SEL] tPrev=(  d=0.045744  dMin=0.000000  dAvg=0.040629  dMax=3.724814  Dlo=0.020315  Dhi=1.882722  err=0.000000  inc=-0.661691  bucket 0->0  (mf=1000)
[MF-SEL] tPrev=(  d=0.041366  dMin=0.000000  dAvg=0.040630  dMax=3.724814  Dlo=0.020315  Dhi=1.882722  err=0.000000  inc=-0.661691  bucket 0->0  (mf=1000)
[MF-SEL] tPrev=(  d=0.039968  dMin=0.000000  dAvg=0.040629  dMax=3.724814  Dlo=0.020315  Dhi=1.882722  err=0.000000  inc=-0.661691  bucket 0->0  (mf=1000)
[MF-SEL] tPrev=(  d=0.036885  dMin=0.000000  dAvg=0.040627  dMax=3.724814  Dlo=0.020314  Dhi=1.882721  err=0.000000  inc=-0.661691  bucket 0->0  (mf=1000)
[MF-SEL] tPrev=(  d=0.034126  dMin=0.000000  dAvg=0.040624  dMax=3.724814  Dlo=0.020312  Dhi=1.882719  err=0.000000  inc=-0.661691  bucket 0->0  (mf=1000)
[MF-SEL] tPrev=(  d=0.029879  dMin=0.000000  dAvg=0.040619  dMax=3.724814  Dlo=0.020309  Dhi=1.882716  err=0.000000  inc=-0.661691  bucket 0->0  (mf=1000)
[MF-SEL] tPrev=(  d=0.028680  dMin=0.000000  dAvg=0.040613  dMax=3.724814  Dlo=0.020306  Dhi=1.882713  err=0.000000  inc=-0.661691  bucket 0->0  (mf=1000)
[MF-SEL] tPrev=(  d=0.023784  dMin=0.000000  dAvg=0.040605  dMax=3.724814  Dlo=0.020302  Dhi=1.882709  err=0.000000  inc=-0.661691  bucket 0->0  (mf=1000)
[MF-SEL] tPrev=(  d=0.024634  dMin=0.000000  dAvg=0.040597  dMax=3.724814  Dlo=0.020298  Dhi=1.882705  err=0.000000  inc=-0.661691  bucket 0->0  (mf=1000)
[MF-SEL] tPrev=(  d=0.023965  dMin=0.000000  dAvg=0.040588  dMax=3.724814  Dlo=0.020294  Dhi=1.882701  err=0.000000  inc=-0.661691  bucket 0->0  (mf=1000)
[MF-SEL] tPrev=(  d=0.023671  dMin=0.000000  dAvg=0.040580  dMax=3.724814  Dlo=0.020290  Dhi=1.882697  err=0.000000  inc=-0.661691  bucket 0->0  (mf=1000)
[MF-SEL] tPrev=(  d=0.023756  dMin=0.000000  dAvg=0.040572  dMax=3.724814  Dlo=0.020286  Dhi=1.882693  err=0.000000  inc=-0.661691  bucket 0->0  (mf=1000)
[MF-SEL] tPrev=(  d=0.024309  dMin=0.000000  dAvg=0.040564  dMax=3.724814  Dlo=0.020282  Dhi=1.882689  err=0.000000  inc=-0.661691  bucket 0->0  (mf=1000)
[MF-SEL] tPrev=(  d=0.018570  dMin=0.000000  dAvg=0.040553  dMax=3.724814  Dlo=0.020276  Dhi=1.882683  err=-1.000000  inc=-1.679360  bucket 0->0  (mf=1000)
[MF-SEL] tPrev=(  d=0.021927  dMin=0.000000  dAvg=0.040543  dMax=3.724814  Dlo=0.020272  Dhi=1.882679  err=0.000000  inc=-0.328732  bucket 0->0  (mf=1000)
[MF-SEL] tPrev=(  d=0.022327  dMin=0.000000  dAvg=0.040534  dMax=3.724814  Dlo=0.020267  Dhi=1.882674  err=0.000000  inc=-0.663616  bucket 0->0  (mf=1000)
[MF-SEL] tPrev=(  d=0.021909  dMin=0.000000  dAvg=0.040525  dMax=3.724814  Dlo=0.020263  Dhi=1.882670  err=0.000000  inc=-0.663616  bucket 0->0  (mf=1000)
[MF-SEL] tPrev=(  d=0.022198  dMin=0.000000  dAvg=0.040516  dMax=3.724814  Dlo=0.020258  Dhi=1.882665  err=0.000000  inc=-0.663616  bucket 0->0  (mf=1000)
[MF-SEL] tPrev=(  d=0.023037  dMin=0.000000  dAvg=0.040508  dMax=3.724814  Dlo=0.020254  Dhi=1.882661  err=0.000000  inc=-0.663616  bucket 0->0  (mf=1000)
[MF-SEL] tPrev=(  d=0.026613  dMin=0.000000  dAvg=0.040501  dMax=3.724814  Dlo=0.020250  Dhi=1.882657  err=0.000000  inc=-0.663616  bucket 0->0  (mf=1000)
[MF-SEL] tPrev=(  d=0.025179  dMin=0.000000  dAvg=0.040493  dMax=3.724814  Dlo=0.020247  Dhi=1.882654  err=0.000000  inc=-0.663616  bucket 0->0  (mf=1000)
[MF-SEL] tPrev=(  d=0.026181  dMin=0.000000  dAvg=0.040486  dMax=3.724814  Dlo=0.020243  Dhi=1.882650  err=0.000000  inc=-0.663616  bucket 0->0  (mf=1000)
[MF-SEL] tPrev=(  d=0.026976  dMin=0.000000  dAvg=0.040479  dMax=3.724814  Dlo=0.020240  Dhi=1.882647  err=0.000000  inc=-0.663616  bucket 0->0  (mf=1000)
[MF-SEL] tPrev=(  d=0.027880  dMin=0.000000  dAvg=0.040473  dMax=3.724814  Dlo=0.020237  Dhi=1.882644  err=0.000000  inc=-0.663616  bucket 0->0  (mf=1000)
[MF-SEL] tPrev=(  d=0.028494  dMin=0.000000  dAvg=0.040467  dMax=3.724814  Dlo=0.020234  Dhi=1.882641  err=0.000000  inc=-0.663616  bucket 0->0  (mf=1000)
[MF-SEL] tPrev=(  d=0.034354  dMin=0.000000  dAvg=0.040464  dMax=3.724814  Dlo=0.020232  Dhi=1.882639  err=0.000000  inc=-0.663616  bucket 0->0  (mf=1000)
[MF-SEL] tPrev=(  d=0.030656  dMin=0.000000  dAvg=0.040459  dMax=3.724814  Dlo=0.020230  Dhi=1.882637  err=0.000000  inc=-0.663616  bucket 0->0  (mf=1000)
[MF-SEL] tPrev=(  d=0.031229  dMin=0.000000  dAvg=0.040455  dMax=3.724814  Dlo=0.020227  Dhi=1.882634  err=0.000000  inc=-0.663616  bucket 0->0  (mf=1000)
[MF-SEL] tPrev=(  d=0.031735  dMin=0.000000  dAvg=0.040451  dMax=3.724814  Dlo=0.020225  Dhi=1.882632  err=0.000000  inc=-0.663616  bucket 0->0  (mf=1000)
[MF-SEL] tPrev=(  d=0.032673  dMin=0.000000  dAvg=0.040447  dMax=3.724814  Dlo=0.020223  Dhi=1.882630  err=0.000000  inc=-0.663616  bucket 0->0  (mf=1000)
[MF-SEL] tPrev=(  d=0.033465  dMin=0.000000  dAvg=0.040443  dMax=3.724814  Dlo=0.020222  Dhi=1.882629  err=0.000000  inc=-0.663616  bucket 0->0  (mf=1000)
[MF-SEL] tPrev=(  d=0.029647  dMin=0.000000  dAvg=0.040438  dMax=3.724814  Dlo=0.020219  Dhi=1.882626  err=0.000000  inc=-0.663616  bucket 0->0  (mf=1000)
[MF-SEL] tPrev=(  d=0.035296  dMin=0.000000  dAvg=0.040436  dMax=3.724814  Dlo=0.020218  Dhi=1.882625  err=0.000000  inc=-0.663616  bucket 0->0  (mf=1000)
[MF-SEL] tPrev=(  d=0.035019  dMin=0.000000  dAvg=0.040433  dMax=3.724814  Dlo=0.020216  Dhi=1.882623  err=0.000000  inc=-0.663616  bucket 0->0  (mf=1000)
[MF-SEL] tPrev=(  d=0.035356  dMin=0.000000  dAvg=0.040430  dMax=3.724814  Dlo=0.020215  Dhi=1.882622  err=0.000000  inc=-0.663616  bucket 0->0  (mf=1000)
[MF-SEL] tPrev=(  d=0.035820  dMin=0.000000  dAvg=0.040428  dMax=3.724814  Dlo=0.020214  Dhi=1.882621  err=0.000000  inc=-0.663616  bucket 0->0  (mf=1000)
[MF-SEL] tPrev=(  d=0.036553  dMin=0.000000  dAvg=0.040426  dMax=3.724814  Dlo=0.020213  Dhi=1.882620  err=0.000000  inc=-0.663616  bucket 0->0  (mf=1000)
[MF-SEL] tPrev=(  d=0.035509  dMin=0.000000  dAvg=0.040424  dMax=3.724814  Dlo=0.020212  Dhi=1.882619  err=0.000000  inc=-0.663616  bucket 0->0  (mf=1000)
[MF-SEL] tPrev=(  d=0.038200  dMin=0.000000  dAvg=0.040423  dMax=3.724814  Dlo=0.020211  Dhi=1.882618  err=0.000000  inc=-0.663616  bucket 0->0  (mf=1000)
[MF-SEL] tPrev=(  d=0.039308  dMin=0.000000  dAvg=0.040422  dMax=3.724814  Dlo=0.020211  Dhi=1.882618  err=0.000000  inc=-0.663616  bucket 0->0  (mf=1000)
[MF-SEL] tPrev=(  d=0.040296  dMin=0.000000  dAvg=0.040422  dMax=3.724814  Dlo=0.020211  Dhi=1.882618  err=0.000000  inc=-0.663616  bucket 0->0  (mf=1000)
[MF-SEL] tPrev=(  d=0.041493  dMin=0.000000  dAvg=0.040423  dMax=3.724814  Dlo=0.020211  Dhi=1.882618  err=0.000000  inc=-0.663616  bucket 0->0  (mf=1000)
[MF-SEL] tPrev=(  d=0.042775  dMin=0.000000  dAvg=0.040424  dMax=3.724814  Dlo=0.020212  Dhi=1.882619  err=0.000000  inc=-0.663616  bucket 0->0  (mf=1000)
[MF-SEL] tPrev=(  d=0.045928  dMin=0.000000  dAvg=0.040426  dMax=3.724814  Dlo=0.020213  Dhi=1.882620  err=0.000000  inc=-0.663616  bucket 0->0  (mf=1000)
[MF-SEL] tPrev=(  d=0.043615  dMin=0.000000  dAvg=0.040428  dMax=3.724814  Dlo=0.020214  Dhi=1.882621  err=0.000000  inc=-0.663616  bucket 0->0  (mf=1000)
[MF-SEL] tPrev=(  d=0.044915  dMin=0.000000  dAvg=0.040430  dMax=3.724814  Dlo=0.020215  Dhi=1.882622  err=0.000000  inc=-0.663616  bucket 0->0  (mf=1000)
[MF-SEL] tPrev=(  d=0.046086  dMin=0.000000  dAvg=0.040433  dMax=3.724814  Dlo=0.020216  Dhi=1.882623  err=0.000000  inc=-0.663616  bucket 0->0  (mf=1000)
[MF-SEL] tPrev=(  d=0.047818  dMin=0.000000  dAvg=0.040437  dMax=3.724814  Dlo=0.020218  Dhi=1.882625  err=0.000000  inc=-0.663616  bucket 0->0  (mf=1000)
[MF-SEL] tPrev=(  d=0.049802  dMin=0.000000  dAvg=0.040441  dMax=3.724814  Dlo=0.020221  Dhi=1.882628  err=0.000000  inc=-0.663616  bucket 0->0  (mf=1000)
[MF-SEL] tPrev=(  d=0.050379  dMin=0.000000  dAvg=0.040446  dMax=3.724814  Dlo=0.020223  Dhi=1.882630  err=0.000000  inc=-0.663616  bucket 0->0  (mf=1000)
[MF-SEL] tPrev=(  d=0.055562  dMin=0.000000  dAvg=0.040453  dMax=3.724814  Dlo=0.020227  Dhi=1.882634  err=0.000000  inc=-0.663616  bucket 0->0  (mf=1000)
[MF-SEL] tPrev=(  d=0.058047  dMin=0.000000  dAvg=0.040462  dMax=3.724814  Dlo=0.020231  Dhi=1.882638  err=0.000000  inc=-0.663616  bucket 0->0  (mf=1000)
[MF-SEL] tPrev=(  d=0.059357  dMin=0.000000  dAvg=0.040471  dMax=3.724814  Dlo=0.020236  Dhi=1.882643  err=0.000000  inc=-0.663616  bucket 0->0  (mf=1000)
[MF-SEL] tPrev=(  d=0.059743  dMin=0.000000  dAvg=0.040480  dMax=3.724814  Dlo=0.020240  Dhi=1.882647  err=0.000000  inc=-0.663616  bucket 0->0  (mf=1000)
[MF-SEL] tPrev=(  d=0.058883  dMin=0.000000  dAvg=0.040489  dMax=3.724814  Dlo=0.020245  Dhi=1.882652  err=0.000000  inc=-0.663616  bucket 0->0  (mf=1000)
[MF-SEL] tPrev=(  d=0.056298  dMin=0.000000  dAvg=0.040497  dMax=3.724814  Dlo=0.020249  Dhi=1.882655  err=0.000000  inc=-0.663616  bucket 0->0  (mf=1000)
[MF-SEL] tPrev=(  d=0.054313  dMin=0.000000  dAvg=0.040504  dMax=3.724814  Dlo=0.020252  Dhi=1.882659  err=0.000000  inc=-0.663616  bucket 0->0  (mf=1000)
[MF-SEL] tPrev=(  d=0.050849  dMin=0.000000  dAvg=0.040509  dMax=3.724814  Dlo=0.020254  Dhi=1.882661  err=0.000000  inc=-0.663616  bucket 0->0  (mf=1000)
[MF-SEL] tPrev=(  d=0.047444  dMin=0.000000  dAvg=0.040512  dMax=3.724814  Dlo=0.020256  Dhi=1.882663  err=0.000000  inc=-0.663616  bucket 0->0  (mf=1000)
[MF-SEL] tPrev=(  d=0.043557  dMin=0.000000  dAvg=0.040514  dMax=3.724814  Dlo=0.020257  Dhi=1.882664  err=0.000000  inc=-0.663616  bucket 0->0  (mf=1000)
[MF-SEL] tPrev=(  d=0.040827  dMin=0.000000  dAvg=0.040514  dMax=3.724814  Dlo=0.020257  Dhi=1.882664  err=0.000000  inc=-0.663616  bucket 0->0  (mf=1000)
[MF-SEL] tPrev=(  d=0.037142  dMin=0.000000  dAvg=0.040512  dMax=3.724814  Dlo=0.020256  Dhi=1.882663  err=0.000000  inc=-0.663616  bucket 0->0  (mf=1000)
[MF-SEL] tPrev=(  d=0.038094  dMin=0.000000  dAvg=0.040511  dMax=3.724814  Dlo=0.020255  Dhi=1.882662  err=0.000000  inc=-0.663616  bucket 0->0  (mf=1000)
[MF-SEL] tPrev=(  d=0.039177  dMin=0.000000  dAvg=0.040510  dMax=3.724814  Dlo=0.020255  Dhi=1.882662  err=0.000000  inc=-0.663616  bucket 0->0  (mf=1000)
[MF-SEL] tPrev=(  d=0.040641  dMin=0.000000  dAvg=0.040510  dMax=3.724814  Dlo=0.020255  Dhi=1.882662  err=0.000000  inc=-0.663616  bucket 0->0  (mf=1000)
[MF-SEL] tPrev=(  d=0.037194  dMin=0.000000  dAvg=0.040509  dMax=3.724814  Dlo=0.020254  Dhi=1.882661  err=0.000000  inc=-0.663616  bucket 0->0  (mf=1000)
[MF-SEL] tPrev=(  d=0.039390  dMin=0.000000  dAvg=0.040508  dMax=3.724814  Dlo=0.020254  Dhi=1.882661  err=0.000000  inc=-0.663616  bucket 0->0  (mf=1000)
[MF-SEL] tPrev=(  d=0.036914  dMin=0.000000  dAvg=0.040506  dMax=3.724814  Dlo=0.020253  Dhi=1.882660  err=0.000000  inc=-0.663616  bucket 0->0  (mf=1000)
[MF-SEL] tPrev=(  d=0.034279  dMin=0.000000  dAvg=0.040503  dMax=3.724814  Dlo=0.020252  Dhi=1.882659  err=0.000000  inc=-0.663616  bucket 0->0  (mf=1000)
[MF-SEL] tPrev=(  d=0.032335  dMin=0.000000  dAvg=0.040500  dMax=3.724814  Dlo=0.020250  Dhi=1.882657  err=0.000000  inc=-0.663616  bucket 0->0  (mf=1000)
[MF-SEL] tPrev=(  d=0.020848  dMin=0.000000  dAvg=0.040490  dMax=3.724814  Dlo=0.020245  Dhi=1.882652  err=0.000000  inc=-0.663616  bucket 0->0  (mf=1000)
[MF-SEL] tPrev=(  d=0.029840  dMin=0.000000  dAvg=0.040485  dMax=3.724814  Dlo=0.020242  Dhi=1.882649  err=0.000000  inc=-0.663616  bucket 0->0  (mf=1000)
[MF-SEL] tPrev=(  d=0.029615  dMin=0.000000  dAvg=0.040480  dMax=3.724814  Dlo=0.020240  Dhi=1.882647  err=0.000000  inc=-0.663616  bucket 0->0  (mf=1000)
[MF-SEL] tPrev=(  d=0.029608  dMin=0.000000  dAvg=0.040474  dMax=3.724814  Dlo=0.020237  Dhi=1.882644  err=0.000000  inc=-0.663616  bucket 0->0  (mf=1000)
[MF-SEL] tPrev=(  d=0.029360  dMin=0.000000  dAvg=0.040469  dMax=3.724814  Dlo=0.020235  Dhi=1.882642  err=0.000000  inc=-0.663616  bucket 0->0  (mf=1000)
[MF-SEL] tPrev=(  d=0.029127  dMin=0.000000  dAvg=0.040464  dMax=3.724814  Dlo=0.020232  Dhi=1.882639  err=0.000000  inc=-0.663616  bucket 0->0  (mf=1000)
[MF-SEL] tPrev=(  d=0.027868  dMin=0.000000  dAvg=0.040458  dMax=3.724814  Dlo=0.020229  Dhi=1.882636  err=0.000000  inc=-0.663616  bucket 0->0  (mf=1000)
[MF-SEL] tPrev=(  d=0.026400  dMin=0.000000  dAvg=0.040451  dMax=3.724814  Dlo=0.020225  Dhi=1.882632  err=0.000000  inc=-0.663616  bucket 0->0  (mf=1000)
[MF-SEL] tPrev=(  d=0.027388  dMin=0.000000  dAvg=0.040445  dMax=3.724814  Dlo=0.020222  Dhi=1.882629  err=0.000000  inc=-0.663616  bucket 0->0  (mf=1000)
[MF-SEL] tPrev=(  d=0.023916  dMin=0.000000  dAvg=0.040437  dMax=3.724814  Dlo=0.020218  Dhi=1.882625  err=0.000000  inc=-0.663616  bucket 0->0  (mf=1000)
[MF-SEL] tPrev=(  d=0.023442  dMin=0.000000  dAvg=0.040429  dMax=3.724814  Dlo=0.020214  Dhi=1.882621  err=0.000000  inc=-0.663616  bucket 0->0  (mf=1000)
[MF-SEL] tPrev=(  d=0.023443  dMin=0.000000  dAvg=0.040420  dMax=3.724814  Dlo=0.020210  Dhi=1.882617  err=0.000000  inc=-0.663616  bucket 0->0  (mf=1000)
[MF-SEL] tPrev=(  d=0.023637  dMin=0.000000  dAvg=0.040412  dMax=3.724814  Dlo=0.020206  Dhi=1.882613  err=0.000000  inc=-0.663616  bucket 0->0  (mf=1000)
[MF-SEL] tPrev=(  d=0.031372  dMin=0.000000  dAvg=0.040408  dMax=3.724814  Dlo=0.020204  Dhi=1.882611  err=0.000000  inc=-0.663616  bucket 0->0  (mf=1000)
[MF-SEL] tPrev=(  d=0.022286  dMin=0.000000  dAvg=0.040399  dMax=3.724814  Dlo=0.020200  Dhi=1.882607  err=0.000000  inc=-0.663616  bucket 0->0  (mf=1000)
[MF-SEL] tPrev=(  d=0.020379  dMin=0.000000  dAvg=0.040390  dMax=3.724814  Dlo=0.020195  Dhi=1.882602  err=0.000000  inc=-0.663616  bucket 0->0  (mf=1000)
[MF-SEL] tPrev=(  d=0.019335  dMin=0.000000  dAvg=0.040380  dMax=3.724814  Dlo=0.020190  Dhi=1.882597  err=-1.000000  inc=-1.590225  bucket 0->0  (mf=1000)
[MF-SEL] tPrev=(  d=0.018475  dMin=0.000000  dAvg=0.040369  dMax=3.724814  Dlo=0.020185  Dhi=1.882592  err=-1.000000  inc=-1.268297  bucket 0->0  (mf=1000)
[MF-SEL] tPrev=(  d=0.018486  dMin=0.000000  dAvg=0.040359  dMax=3.724814  Dlo=0.020179  Dhi=1.882586  err=-1.000000  inc=-1.270546  bucket 0->0  (mf=1000)
[MF-SEL] tPrev=(  d=0.018788  dMin=0.000000  dAvg=0.040348  dMax=3.724814  Dlo=0.020174  Dhi=1.882581  err=-1.000000  inc=-1.272678  bucket 0->0  (mf=1000)
[MF-SEL] tPrev=(  d=0.018871  dMin=0.000000  dAvg=0.040338  dMax=3.724814  Dlo=0.020169  Dhi=1.882576  err=-1.000000  inc=-1.274879  bucket 0->0  (mf=1000)
[MF-SEL] tPrev=(  d=0.019332  dMin=0.000000  dAvg=0.040328  dMax=3.724814  Dlo=0.020164  Dhi=1.882571  err=-1.000000  inc=-1.277213  bucket 0->0  (mf=1000)
[MF-SEL] tPrev=(  d=0.018881  dMin=0.000000  dAvg=0.040318  dMax=3.724814  Dlo=0.020159  Dhi=1.882566  err=-1.000000  inc=-1.279622  bucket 0->0  (mf=1000)
[MF-SEL] tPrev=(  d=0.018606  dMin=0.000000  dAvg=0.040308  dMax=3.724814  Dlo=0.020154  Dhi=1.882561  err=-1.000000  inc=-1.281917  bucket 0->0  (mf=1000)
[MF-SEL] tPrev=(  d=0.019305  dMin=0.000000  dAvg=0.040298  dMax=3.724814  Dlo=0.020149  Dhi=1.882556  err=-1.000000  inc=-1.284156  bucket 0->0  (mf=1000)
[MF-SEL] tPrev=(  d=0.028059  dMin=0.000000  dAvg=0.040292  dMax=3.724814  Dlo=0.020146  Dhi=1.882553  err=0.000000  inc=-0.348108  bucket 0->0  (mf=1000)
[MF-SEL] tPrev=(  d=0.027126  dMin=0.000000  dAvg=0.040286  dMax=3.724814  Dlo=0.020143  Dhi=1.882550  err=0.000000  inc=-0.684156  bucket 0->0  (mf=1000)
[MF-SEL] tPrev=(  d=0.032376  dMin=0.000000  dAvg=0.040282  dMax=3.724814  Dlo=0.020141  Dhi=1.882548  err=0.000000  inc=-0.684156  bucket 0->0  (mf=1000)
[MF-SEL] tPrev=(  d=0.036474  dMin=0.000000  dAvg=0.040280  dMax=3.724814  Dlo=0.020140  Dhi=1.882547  err=0.000000  inc=-0.684156  bucket 0->0  (mf=1000)
[MF-SEL] tPrev=(  d=0.038592  dMin=0.000000  dAvg=0.040279  dMax=3.724814  Dlo=0.020140  Dhi=1.882547  err=0.000000  inc=-0.684156  bucket 0->0  (mf=1000)
[MF-SEL] tPrev=(  d=0.038974  dMin=0.000000  dAvg=0.040279  dMax=3.724814  Dlo=0.020139  Dhi=1.882546  err=0.000000  inc=-0.684156  bucket 0->0  (mf=1000)
[MF-SEL] tPrev=(  d=0.037565  dMin=0.000000  dAvg=0.040277  dMax=3.724814  Dlo=0.020139  Dhi=1.882546  err=0.000000  inc=-0.684156  bucket 0->0  (mf=1000)
[MF-SEL] tPrev=(  d=0.034442  dMin=0.000000  dAvg=0.040274  dMax=3.724814  Dlo=0.020137  Dhi=1.882544  err=0.000000  inc=-0.684156  bucket 0->0  (mf=1000)
[MF-SEL] tPrev=(  d=0.035108  dMin=0.000000  dAvg=0.040272  dMax=3.724814  Dlo=0.020136  Dhi=1.882543  err=0.000000  inc=-0.684156  bucket 0->0  (mf=1000)
[MF-SEL] tPrev=(  d=0.024590  dMin=0.000000  dAvg=0.040265  dMax=3.724814  Dlo=0.020132  Dhi=1.882539  err=0.000000  inc=-0.684156  bucket 0->0  (mf=1000)
[MF-SEL] tPrev=(  d=0.019288  dMin=0.000000  dAvg=0.040255  dMax=3.724814  Dlo=0.020127  Dhi=1.882534  err=-1.000000  inc=-1.595080  bucket 0->0  (mf=1000)
[MF-SEL] tPrev=(  d=0.015464  dMin=0.000000  dAvg=0.040243  dMax=3.724814  Dlo=0.020121  Dhi=1.882528  err=-1.000000  inc=-1.288867  bucket 0->0  (mf=1000)
[MF-SEL] tPrev=(  d=0.013587  dMin=0.000000  dAvg=0.040230  dMax=3.724814  Dlo=0.020115  Dhi=1.882522  err=-1.000000  inc=-1.291202  bucket 0->0  (mf=1000)
[MF-SEL] tPrev=(  d=0.013373  dMin=0.000000  dAvg=0.040218  dMax=3.724814  Dlo=0.020109  Dhi=1.882516  err=-1.000000  inc=-1.293469  bucket 0->0  (mf=1000)
[MF-SEL] tPrev=(  d=0.010955  dMin=0.000000  dAvg=0.040204  dMax=3.724814  Dlo=0.020102  Dhi=1.882509  err=-1.000000  inc=-1.295721  bucket 0->0  (mf=1000)
[MF-SEL] tPrev=(  d=0.009100  dMin=0.000000  dAvg=0.040189  dMax=3.724814  Dlo=0.020095  Dhi=1.882501  err=-1.000000  inc=-1.298077  bucket 0->0  (mf=1000)
[MF-SEL] tPrev=(  d=0.007512  dMin=0.000000  dAvg=0.040174  dMax=3.724814  Dlo=0.020087  Dhi=1.882494  err=-1.000000  inc=-1.300137  bucket 0->0  (mf=1000)
[MF-SEL] tPrev=(  d=0.007538  dMin=0.000000  dAvg=0.040158  dMax=3.724814  Dlo=0.020079  Dhi=1.882486  err=-1.000000  inc=-1.302628  bucket 0->0  (mf=1000)
[MF-SEL] tPrev=(  d=0.011934  dMin=0.000000  dAvg=0.040145  dMax=3.724814  Dlo=0.020072  Dhi=1.882479  err=-1.000000  inc=-1.304876  bucket 0->0  (mf=1000)
[MF-SEL] tPrev=(  d=0.015756  dMin=0.000000  dAvg=0.040133  dMax=3.724814  Dlo=0.020067  Dhi=1.882474  err=-1.000000  inc=-1.307013  bucket 0->0  (mf=1000)
[MF-SEL] tPrev=(  d=0.019169  dMin=0.000000  dAvg=0.040123  dMax=3.724814  Dlo=0.020062  Dhi=1.882469  err=-1.000000  inc=-1.309386  bucket 0->0  (mf=1000)
[MF-SEL] tPrev=(  d=0.020712  dMin=0.000000  dAvg=0.040114  dMax=3.724814  Dlo=0.020057  Dhi=1.882464  err=0.000000  inc=-0.298399  bucket 0->0  (mf=1000)
[MF-SEL] tPrev=(  d=0.020420  dMin=0.000000  dAvg=0.040105  dMax=3.724814  Dlo=0.020052  Dhi=1.882459  err=0.000000  inc=-0.709386  bucket 0->0  (mf=1000)
[MF-SEL] tPrev=(  d=0.019899  dMin=0.000000  dAvg=0.040095  dMax=3.724814  Dlo=0.020048  Dhi=1.882455  err=-1.000000  inc=-1.637771  bucket 0->0  (mf=1000)
[MF-SEL] tPrev=(  d=0.015736  dMin=0.000000  dAvg=0.040084  dMax=3.724814  Dlo=0.020042  Dhi=1.882449  err=-1.000000  inc=-1.313783  bucket 0->0  (mf=1000)
[MF-SEL] tPrev=(  d=0.013679  dMin=0.000000  dAvg=0.040072  dMax=3.724814  Dlo=0.020036  Dhi=1.882443  err=-1.000000  inc=-1.316408  bucket 0->0  (mf=1000)
[MF-SEL] tPrev=(  d=0.013478  dMin=0.000000  dAvg=0.040059  dMax=3.724814  Dlo=0.020030  Dhi=1.882437  err=-1.000000  inc=-1.318641  bucket 0->0  (mf=1000)
[MF-SEL] tPrev=(  d=0.013883  dMin=0.000000  dAvg=0.040047  dMax=3.724814  Dlo=0.020023  Dhi=1.882430  err=-1.000000  inc=-1.320948  bucket 0->0  (mf=1000)
[MF-SEL] tPrev=(  d=0.013415  dMin=0.000000  dAvg=0.040034  dMax=3.724814  Dlo=0.020017  Dhi=1.882424  err=-1.000000  inc=-1.323101  bucket 0->0  (mf=1000)
[MF-SEL] tPrev=(  d=0.012864  dMin=0.000000  dAvg=0.040021  dMax=3.724814  Dlo=0.020011  Dhi=1.882418  err=-1.000000  inc=-1.325518  bucket 0->0  (mf=1000)
[MF-SEL] tPrev=(  d=0.010696  dMin=0.000000  dAvg=0.040008  dMax=3.724814  Dlo=0.020004  Dhi=1.882411  err=-1.000000  inc=-1.327797  bucket 0->0  (mf=1000)
[MF-SEL] tPrev=(  d=0.009830  dMin=0.000000  dAvg=0.039994  dMax=3.724814  Dlo=0.019997  Dhi=1.882404  err=-1.000000  inc=-1.330051  bucket 0->0  (mf=1000)
[MF-SEL] tPrev=(  d=0.009474  dMin=0.000000  dAvg=0.039979  dMax=3.724814  Dlo=0.019990  Dhi=1.882397  err=-1.000000  inc=-1.332226  bucket 0->0  (mf=1000)
[MF-SEL] tPrev=(  d=0.011103  dMin=0.000000  dAvg=0.039966  dMax=3.724814  Dlo=0.019983  Dhi=1.882390  err=-1.000000  inc=-1.334537  bucket 0->0  (mf=1000)
[MF-SEL] tPrev=(  d=0.010655  dMin=0.000000  dAvg=0.039952  dMax=3.724814  Dlo=0.019976  Dhi=1.882383  err=-1.000000  inc=-1.336823  bucket 0->0  (mf=1000)
[MF-SEL] tPrev=(  d=0.014591  dMin=0.000000  dAvg=0.039940  dMax=3.724814  Dlo=0.019970  Dhi=1.882377  err=-1.000000  inc=-1.338910  bucket 0->0  (mf=1000)
[MF-SEL] tPrev=(  d=0.015130  dMin=0.000000  dAvg=0.039928  dMax=3.724814  Dlo=0.019964  Dhi=1.882371  err=-1.000000  inc=-1.341188  bucket 0->0  (mf=1000)
[MF-SEL] tPrev=(  d=0.015005  dMin=0.000000  dAvg=0.039917  dMax=3.724814  Dlo=0.019958  Dhi=1.882365  err=-1.000000  inc=-1.343486  bucket 0->0  (mf=1000)
[MF-SEL] tPrev=(  d=0.014532  dMin=0.000000  dAvg=0.039905  dMax=3.724814  Dlo=0.019952  Dhi=1.882359  err=-1.000000  inc=-1.345767  bucket 0->0  (mf=1000)
[MF-SEL] tPrev=(  d=0.014556  dMin=0.000000  dAvg=0.039893  dMax=3.724814  Dlo=0.019947  Dhi=1.882354  err=-1.000000  inc=-1.348163  bucket 0->0  (mf=1000)
[MF-SEL] tPrev=(  d=0.015736  dMin=0.000000  dAvg=0.039882  dMax=3.724814  Dlo=0.019941  Dhi=1.882348  err=-1.000000  inc=-1.350510  bucket 0->0  (mf=1000)
[MF-SEL] tPrev=(  d=0.017513  dMin=0.000000  dAvg=0.039871  dMax=3.724814  Dlo=0.019936  Dhi=1.882343  err=-1.000000  inc=-1.352416  bucket 0->0  (mf=1000)
[MF-SEL] tPrev=(  d=0.018922  dMin=0.000000  dAvg=0.039862  dMax=3.724814  Dlo=0.019931  Dhi=1.882338  err=-1.000000  inc=-1.354803  bucket 0->0  (mf=1000)
[MF-SEL] tPrev=(  d=0.016499  dMin=0.000000  dAvg=0.039851  dMax=3.724814  Dlo=0.019925  Dhi=1.882332  err=-1.000000  inc=-1.357236  bucket 0->0  (mf=1000)
[MF-SEL] tPrev=(  d=0.020139  dMin=0.000000  dAvg=0.039841  dMax=3.724814  Dlo=0.019921  Dhi=1.882328  err=0.000000  inc=-0.507025  bucket 0->0  (mf=1000)
[MF-SEL] tPrev=(  d=0.019321  dMin=0.000000  dAvg=0.039832  dMax=3.724814  Dlo=0.019916  Dhi=1.882323  err=-1.000000  inc=-1.744699  bucket 0->0  (mf=1000)
[MF-SEL] tPrev=(  d=0.017272  dMin=0.000000  dAvg=0.039821  dMax=3.724814  Dlo=0.019911  Dhi=1.882318  err=-1.000000  inc=-1.361636  bucket 0->0  (mf=1000)
[MF-SEL] tPrev=(  d=0.013917  dMin=0.000000  dAvg=0.039809  dMax=3.724814  Dlo=0.019905  Dhi=1.882312  err=-1.000000  inc=-1.363577  bucket 0->0  (mf=1000)
[MF-SEL] tPrev=(  d=0.009150  dMin=0.000000  dAvg=0.039795  dMax=3.724814  Dlo=0.019898  Dhi=1.882304  err=-1.000000  inc=-1.365669  bucket 0->0  (mf=1000)
[MF-SEL] tPrev=(  d=0.005065  dMin=0.000000  dAvg=0.039779  dMax=3.724814  Dlo=0.019889  Dhi=1.882296  err=-1.000000  inc=-1.368143  bucket 0->0  (mf=1000)
[MF-SEL] tPrev=(  d=0.006941  dMin=0.000000  dAvg=0.039764  dMax=3.724814  Dlo=0.019882  Dhi=1.882289  err=-1.000000  inc=-1.370171  bucket 0->0  (mf=1000)
[MF-SEL] tPrev=(  d=0.014262  dMin=0.000000  dAvg=0.039752  dMax=3.724814  Dlo=0.019876  Dhi=1.882283  err=-1.000000  inc=-1.372431  bucket 0->0  (mf=1000)
[MF-SEL] tPrev=(  d=0.021050  dMin=0.000000  dAvg=0.039743  dMax=3.724814  Dlo=0.019872  Dhi=1.882279  err=0.000000  inc=-0.412398  bucket 0->0  (mf=1000)
[MF-SEL] tPrev=(  d=0.026145  dMin=0.000000  dAvg=0.039737  dMax=3.724814  Dlo=0.019868  Dhi=1.882275  err=0.000000  inc=-0.772431  bucket 0->0  (mf=1000)
[MF-SEL] tPrev=(  d=0.029577  dMin=0.000000  dAvg=0.039732  dMax=3.724814  Dlo=0.019866  Dhi=1.882273  err=0.000000  inc=-0.772431  bucket 0->0  (mf=1000)
[MF-SEL] tPrev=(  d=0.031627  dMin=0.000000  dAvg=0.039728  dMax=3.724814  Dlo=0.019864  Dhi=1.882271  err=0.000000  inc=-0.772431  bucket 0->0  (mf=1000)
[MF-SEL] tPrev=(  d=0.030981  dMin=0.000000  dAvg=0.039724  dMax=3.724814  Dlo=0.019862  Dhi=1.882269  err=0.000000  inc=-0.772431  bucket 0->0  (mf=1000)
[MF-SEL] tPrev=(  d=0.027182  dMin=0.000000  dAvg=0.039718  dMax=3.724814  Dlo=0.019859  Dhi=1.882266  err=0.000000  inc=-0.772431  bucket 0->0  (mf=1000)
[MF-SEL] tPrev=(  d=0.023626  dMin=0.000000  dAvg=0.039711  dMax=3.724814  Dlo=0.019855  Dhi=1.882262  err=0.000000  inc=-0.772431  bucket 0->0  (mf=1000)
[MF-SEL] tPrev=(  d=0.017058  dMin=0.000000  dAvg=0.039700  dMax=3.724814  Dlo=0.019850  Dhi=1.882257  err=-1.000000  inc=-1.743423  bucket 0->0  (mf=1000)
[MF-SEL] tPrev=(  d=0.019664  dMin=0.000000  dAvg=0.039691  dMax=3.724814  Dlo=0.019846  Dhi=1.882253  err=-1.000000  inc=-1.376794  bucket 0->0  (mf=1000)
[MF-SEL] tPrev=(  d=0.018476  dMin=0.000000  dAvg=0.039681  dMax=3.724814  Dlo=0.019841  Dhi=1.882248  err=-1.000000  inc=-1.379006  bucket 0->0  (mf=1000)
[MF-SEL] tPrev=(  d=0.017490  dMin=0.000000  dAvg=0.039671  dMax=3.724814  Dlo=0.019836  Dhi=1.882243  err=-1.000000  inc=-1.381191  bucket 0->0  (mf=1000)
[MF-SEL] tPrev=(  d=0.019419  dMin=0.000000  dAvg=0.039662  dMax=3.724814  Dlo=0.019831  Dhi=1.882238  err=-1.000000  inc=-1.383631  bucket 0->0  (mf=1000)
[MF-SEL] tPrev=(  d=0.027032  dMin=0.000000  dAvg=0.039656  dMax=3.724814  Dlo=0.019828  Dhi=1.882235  err=0.000000  inc=-0.395539  bucket 0->0  (mf=1000)
[MF-SEL] tPrev=(  d=0.033219  dMin=0.000000  dAvg=0.039653  dMax=3.724814  Dlo=0.019826  Dhi=1.882233  err=0.000000  inc=-0.783631  bucket 0->0  (mf=1000)
[MF-SEL] tPrev=(  d=0.039723  dMin=0.000000  dAvg=0.039653  dMax=3.724814  Dlo=0.019826  Dhi=1.882233  err=0.000000  inc=-0.783631  bucket 0->0  (mf=1000)
[MF-SEL] tPrev=(  d=0.045911  dMin=0.000000  dAvg=0.039656  dMax=3.724814  Dlo=0.019828  Dhi=1.882235  err=0.000000  inc=-0.783631  bucket 0->0  (mf=1000)
[MF-SEL] tPrev=(  d=0.050498  dMin=0.000000  dAvg=0.039661  dMax=3.724814  Dlo=0.019830  Dhi=1.882237  err=0.000000  inc=-0.783631  bucket 0->0  (mf=1000)
[MF-SEL] tPrev=(  d=0.056005  dMin=0.000000  dAvg=0.039668  dMax=3.724814  Dlo=0.019834  Dhi=1.882241  err=0.000000  inc=-0.783631  bucket 0->0  (mf=1000)
[MF-SEL] tPrev=(  d=0.054917  dMin=0.000000  dAvg=0.039675  dMax=3.724814  Dlo=0.019838  Dhi=1.882245  err=0.000000  inc=-0.783631  bucket 0->0  (mf=1000)
[MF-SEL] tPrev=(  d=0.057072  dMin=0.000000  dAvg=0.039683  dMax=3.724814  Dlo=0.019842  Dhi=1.882249  err=0.000000  inc=-0.783631  bucket 0->0  (mf=1000)
[MF-SEL] tPrev=(  d=0.058078  dMin=0.000000  dAvg=0.039692  dMax=3.724814  Dlo=0.019846  Dhi=1.882253  err=0.000000  inc=-0.783631  bucket 0->0  (mf=1000)
[MF-SEL] tPrev=(  d=0.056728  dMin=0.000000  dAvg=0.039700  dMax=3.724814  Dlo=0.019850  Dhi=1.882257  err=0.000000  inc=-0.783631  bucket 0->0  (mf=1000)
[MF-SEL] tPrev=(  d=0.058086  dMin=0.000000  dAvg=0.039708  dMax=3.724814  Dlo=0.019854  Dhi=1.882261  err=0.000000  inc=-0.783631  bucket 0->0  (mf=1000)
[MF-SEL] tPrev=(  d=0.042924  dMin=0.000000  dAvg=0.039710  dMax=3.724814  Dlo=0.019855  Dhi=1.882262  err=0.000000  inc=-0.783631  bucket 0->0  (mf=1000)
[MF-SEL] tPrev=(  d=0.037311  dMin=0.000000  dAvg=0.039709  dMax=3.724814  Dlo=0.019854  Dhi=1.882261  err=0.000000  inc=-0.783631  bucket 0->0  (mf=1000)
[MF-SEL] tPrev=(  d=0.025211  dMin=0.000000  dAvg=0.039702  dMax=3.724814  Dlo=0.019851  Dhi=1.882258  err=0.000000  inc=-0.783631  bucket 0->0  (mf=1000)
[MF-SEL] tPrev=(  d=0.030006  dMin=0.000000  dAvg=0.039697  dMax=3.724814  Dlo=0.019849  Dhi=1.882256  err=0.000000  inc=-0.783631  bucket 0->0  (mf=1000)
[MF-SEL] tPrev=(  d=0.008562  dMin=0.000000  dAvg=0.039683  dMax=3.724814  Dlo=0.019842  Dhi=1.882249  err=-1.000000  inc=-1.678394  bucket 0->0  (mf=1000)
[MF-SEL] tPrev=(  d=0.010100  dMin=0.000000  dAvg=0.039670  dMax=3.724814  Dlo=0.019835  Dhi=1.882242  err=-1.000000  inc=-1.388632  bucket 0->0  (mf=1000)
[MF-SEL] tPrev=(  d=0.013815  dMin=0.000000  dAvg=0.039658  dMax=3.724814  Dlo=0.019829  Dhi=1.882236  err=-1.000000  inc=-1.390941  bucket 0->0  (mf=1000)
[MF-SEL] tPrev=(  d=0.016075  dMin=0.000000  dAvg=0.039647  dMax=3.724814  Dlo=0.019823  Dhi=1.882230  err=-1.000000  inc=-1.393125  bucket 0->0  (mf=1000)
[MF-SEL] tPrev=(  d=0.017812  dMin=0.000000  dAvg=0.039637  dMax=3.724814  Dlo=0.019818  Dhi=1.882225  err=-1.000000  inc=-1.395414  bucket 0->0  (mf=1000)
[MF-SEL] tPrev=(  d=0.019445  dMin=0.000000  dAvg=0.039628  dMax=3.724814  Dlo=0.019814  Dhi=1.882221  err=-1.000000  inc=-1.397794  bucket 0->0  (mf=1000)
[MF-SEL] tPrev=(  d=0.020498  dMin=0.000000  dAvg=0.039619  dMax=3.724814  Dlo=0.019809  Dhi=1.882216  err=0.000000  inc=-0.452439  bucket 0->0  (mf=1000)
[MF-SEL] tPrev=(  d=0.021406  dMin=0.000000  dAvg=0.039611  dMax=3.724814  Dlo=0.019805  Dhi=1.882212  err=0.000000  inc=-0.797794  bucket 0->0  (mf=1000)
[MF-SEL] tPrev=(  d=0.022168  dMin=0.000000  dAvg=0.039603  dMax=3.724814  Dlo=0.019801  Dhi=1.882208  err=0.000000  inc=-0.797794  bucket 0->0  (mf=1000)
[MF-SEL] tPrev=(  d=0.021965  dMin=0.000000  dAvg=0.039595  dMax=3.724814  Dlo=0.019797  Dhi=1.882204  err=0.000000  inc=-0.797794  bucket 0->0  (mf=1000)
[MF-SEL] tPrev=(  d=0.024273  dMin=0.000000  dAvg=0.039588  dMax=3.724814  Dlo=0.019794  Dhi=1.882201  err=0.000000  inc=-0.797794  bucket 0->0  (mf=1000)
[MF-SEL] tPrev=(  d=0.023841  dMin=0.000000  dAvg=0.039580  dMax=3.724814  Dlo=0.019790  Dhi=1.882197  err=0.000000  inc=-0.797794  bucket 0->0  (mf=1000)
[MF-SEL] tPrev=(  d=0.024880  dMin=0.000000  dAvg=0.039574  dMax=3.724814  Dlo=0.019787  Dhi=1.882194  err=0.000000  inc=-0.797794  bucket 0->0  (mf=1000)
[MF-SEL] tPrev=(  d=0.022113  dMin=0.000000  dAvg=0.039566  dMax=3.724814  Dlo=0.019783  Dhi=1.882190  err=0.000000  inc=-0.797794  bucket 0->0  (mf=1000)
[MF-SEL] tPrev=(  d=0.023378  dMin=0.000000  dAvg=0.039558  dMax=3.724814  Dlo=0.019779  Dhi=1.882186  err=0.000000  inc=-0.797794  bucket 0->0  (mf=1000)
[MF-SEL] tPrev=(  d=0.024263  dMin=0.000000  dAvg=0.039551  dMax=3.724814  Dlo=0.019776  Dhi=1.882183  err=0.000000  inc=-0.797794  bucket 0->0  (mf=1000)
[MF-SEL] tPrev=(  d=0.025178  dMin=0.000000  dAvg=0.039545  dMax=3.724814  Dlo=0.019772  Dhi=1.882179  err=0.000000  inc=-0.797794  bucket 0->0  (mf=1000)
[MF-SEL] tPrev=(  d=0.025617  dMin=0.000000  dAvg=0.039538  dMax=3.724814  Dlo=0.019769  Dhi=1.882176  err=0.000000  inc=-0.797794  bucket 0->0  (mf=1000)
[MF-SEL] tPrev=(  d=0.033861  dMin=0.000000  dAvg=0.039536  dMax=3.724814  Dlo=0.019768  Dhi=1.882175  err=0.000000  inc=-0.797794  bucket 0->0  (mf=1000)
[MF-SEL] tPrev=(  d=0.025416  dMin=0.000000  dAvg=0.039529  dMax=3.724814  Dlo=0.019765  Dhi=1.882172  err=0.000000  inc=-0.797794  bucket 0->0  (mf=1000)
[MF-SEL] tPrev=(  d=0.025472  dMin=0.000000  dAvg=0.039523  dMax=3.724814  Dlo=0.019762  Dhi=1.882168  err=0.000000  inc=-0.797794  bucket 0->0  (mf=1000)
[MF-SEL] tPrev=(  d=0.026177  dMin=0.000000  dAvg=0.039517  dMax=3.724814  Dlo=0.019758  Dhi=1.882165  err=0.000000  inc=-0.797794  bucket 0->0  (mf=1000)
[MF-SEL] tPrev=(  d=0.027237  dMin=0.000000  dAvg=0.039511  dMax=3.724814  Dlo=0.019756  Dhi=1.882163  err=0.000000  inc=-0.797794  bucket 0->0  (mf=1000)
[MF-SEL] tPrev=(  d=0.028867  dMin=0.000000  dAvg=0.039507  dMax=3.724814  Dlo=0.019753  Dhi=1.882160  err=0.000000  inc=-0.797794  bucket 0->0  (mf=1000)
[MF-SEL] tPrev=(  d=0.029568  dMin=0.000000  dAvg=0.039502  dMax=3.724814  Dlo=0.019751  Dhi=1.882158  err=0.000000  inc=-0.797794  bucket 0->0  (mf=1000)
[MF-SEL] tPrev=(  d=0.030632  dMin=0.000000  dAvg=0.039498  dMax=3.724814  Dlo=0.019749  Dhi=1.882156  err=0.000000  inc=-0.797794  bucket 0->0  (mf=1000)
[MF-SEL] tPrev=(  d=0.032383  dMin=0.000000  dAvg=0.039495  dMax=3.724814  Dlo=0.019747  Dhi=1.882154  err=0.000000  inc=-0.797794  bucket 0->0  (mf=1000)
[MF-SEL] tPrev=(  d=0.034960  dMin=0.000000  dAvg=0.039493  dMax=3.724814  Dlo=0.019746  Dhi=1.882153  err=0.000000  inc=-0.797794  bucket 0->0  (mf=1000)
[MF-SEL] tPrev=(  d=0.038878  dMin=0.000000  dAvg=0.039492  dMax=3.724814  Dlo=0.019746  Dhi=1.882153  err=0.000000  inc=-0.797794  bucket 0->0  (mf=1000)
[MF-SEL] tPrev=(  d=0.038808  dMin=0.000000  dAvg=0.039492  dMax=3.724814  Dlo=0.019746  Dhi=1.882153  err=0.000000  inc=-0.797794  bucket 0->0  (mf=1000)
[MF-SEL] tPrev=(  d=0.040320  dMin=0.000000  dAvg=0.039493  dMax=3.724814  Dlo=0.019746  Dhi=1.882153  err=0.000000  inc=-0.797794  bucket 0->0  (mf=1000)
[MF-SEL] tPrev=(  d=0.041956  dMin=0.000000  dAvg=0.039494  dMax=3.724814  Dlo=0.019747  Dhi=1.882154  err=0.000000  inc=-0.797794  bucket 0->0  (mf=1000)
[MF-SEL] tPrev=(  d=0.043073  dMin=0.000000  dAvg=0.039495  dMax=3.724814  Dlo=0.019748  Dhi=1.882155  err=0.000000  inc=-0.797794  bucket 0->0  (mf=1000)
[MF-SEL] tPrev=(  d=0.046363  dMin=0.000000  dAvg=0.039498  dMax=3.724814  Dlo=0.019749  Dhi=1.882156  err=0.000000  inc=-0.797794  bucket 0->0  (mf=1000)
[MF-SEL] tPrev=(  d=0.044825  dMin=0.000000  dAvg=0.039501  dMax=3.724814  Dlo=0.019750  Dhi=1.882157  err=0.000000  inc=-0.797794  bucket 0->0  (mf=1000)
[MF-SEL] tPrev=(  d=0.043963  dMin=0.000000  dAvg=0.039503  dMax=3.724814  Dlo=0.019751  Dhi=1.882158  err=0.000000  inc=-0.797794  bucket 0->0  (mf=1000)
[MF-SEL] tPrev=(  d=0.042264  dMin=0.000000  dAvg=0.039504  dMax=3.724814  Dlo=0.019752  Dhi=1.882159  err=0.000000  inc=-0.797794  bucket 0->0  (mf=1000)
[MF-SEL] tPrev=(  d=0.040147  dMin=0.000000  dAvg=0.039504  dMax=3.724814  Dlo=0.019752  Dhi=1.882159  err=0.000000  inc=-0.797794  bucket 0->0  (mf=1000)
[MF-SEL] tPrev=(  d=0.034028  dMin=0.000000  dAvg=0.039502  dMax=3.724814  Dlo=0.019751  Dhi=1.882158  err=0.000000  inc=-0.797794  bucket 0->0  (mf=1000)
[MF-SEL] tPrev=(  d=0.035916  dMin=0.000000  dAvg=0.039500  dMax=3.724814  Dlo=0.019750  Dhi=1.882157  err=0.000000  inc=-0.797794  bucket 0->0  (mf=1000)
[MF-SEL] tPrev=(  d=0.033957  dMin=0.000000  dAvg=0.039498  dMax=3.724814  Dlo=0.019749  Dhi=1.882156  err=0.000000  inc=-0.797794  bucket 0->0  (mf=1000)
[MF-SEL] tPrev=(  d=0.032173  dMin=0.000000  dAvg=0.039494  dMax=3.724814  Dlo=0.019747  Dhi=1.882154  err=0.000000  inc=-0.797794  bucket 0->0  (mf=1000)
[MF-SEL] tPrev=(  d=0.029960  dMin=0.000000  dAvg=0.039490  dMax=3.724814  Dlo=0.019745  Dhi=1.882152  err=0.000000  inc=-0.797794  bucket 0->0  (mf=1000)
[MF-SEL] tPrev=(  d=0.029456  dMin=0.000000  dAvg=0.039486  dMax=3.724814  Dlo=0.019743  Dhi=1.882150  err=0.000000  inc=-0.797794  bucket 0->0  (mf=1000)
[MF-SEL] tPrev=(  d=0.026081  dMin=0.000000  dAvg=0.039480  dMax=3.724814  Dlo=0.019740  Dhi=1.882147  err=0.000000  inc=-0.797794  bucket 0->0  (mf=1000)
[MF-SEL] tPrev=(  d=0.023734  dMin=0.000000  dAvg=0.039473  dMax=3.724814  Dlo=0.019736  Dhi=1.882143  err=0.000000  inc=-0.797794  bucket 0->0  (mf=1000)
[MF-SEL] tPrev=(  d=0.021388  dMin=0.000000  dAvg=0.039464  dMax=3.724814  Dlo=0.019732  Dhi=1.882139  err=0.000000  inc=-0.797794  bucket 0->0  (mf=1000)
[MF-SEL] tPrev=(  d=0.019572  dMin=0.000000  dAvg=0.039455  dMax=3.724814  Dlo=0.019728  Dhi=1.882135  err=-1.000000  inc=-1.776203  bucket 0->0  (mf=1000)
[MF-SEL] tPrev=(  d=0.018608  dMin=0.000000  dAvg=0.039446  dMax=3.724814  Dlo=0.019723  Dhi=1.882130  err=-1.000000  inc=-1.402076  bucket 0->0  (mf=1000)
[MF-SEL] tPrev=(  d=0.017915  dMin=0.000000  dAvg=0.039436  dMax=3.724814  Dlo=0.019718  Dhi=1.882125  err=-1.000000  inc=-1.404432  bucket 0->0  (mf=1000)
[MF-SEL] tPrev=(  d=0.018842  dMin=0.000000  dAvg=0.039427  dMax=3.724814  Dlo=0.019714  Dhi=1.882121  err=-1.000000  inc=-1.406894  bucket 0->0  (mf=1000)
[MF-SEL] tPrev=(  d=0.021632  dMin=0.000000  dAvg=0.039419  dMax=3.724814  Dlo=0.019710  Dhi=1.882117  err=0.000000  inc=-0.438054  bucket 0->0  (mf=1000)
[MF-SEL] tPrev=(  d=0.024195  dMin=0.000000  dAvg=0.039412  dMax=3.724814  Dlo=0.019706  Dhi=1.882113  err=0.000000  inc=-0.806894  bucket 0->0  (mf=1000)
[MF-SEL] tPrev=(  d=0.025434  dMin=0.000000  dAvg=0.039406  dMax=3.724814  Dlo=0.019703  Dhi=1.882110  err=0.000000  inc=-0.806894  bucket 0->0  (mf=1000)
[MF-SEL] tPrev=(  d=0.024263  dMin=0.000000  dAvg=0.039399  dMax=3.724814  Dlo=0.019700  Dhi=1.882107  err=0.000000  inc=-0.806894  bucket 0->0  (mf=1000)
[MF-SEL] tPrev=(  d=0.022513  dMin=0.000000  dAvg=0.039392  dMax=3.724814  Dlo=0.019696  Dhi=1.882103  err=0.000000  inc=-0.806894  bucket 0->0  (mf=1000)
[MF-SEL] tPrev=(  d=0.021171  dMin=0.000000  dAvg=0.039384  dMax=3.724814  Dlo=0.019692  Dhi=1.882099  err=0.000000  inc=-0.806894  bucket 0->0  (mf=1000)
[MF-SEL] tPrev=(  d=0.018714  dMin=0.000000  dAvg=0.039374  dMax=3.724814  Dlo=0.019687  Dhi=1.882094  err=-1.000000  inc=-1.719144  bucket 0->0  (mf=1000)
[MF-SEL] tPrev=(  d=0.017474  dMin=0.000000  dAvg=0.039365  dMax=3.724814  Dlo=0.019682  Dhi=1.882089  err=-1.000000  inc=-1.411323  bucket 0->0  (mf=1000)
[MF-SEL] tPrev=(  d=0.015520  dMin=0.000000  dAvg=0.039354  dMax=3.724814  Dlo=0.019677  Dhi=1.882084  err=-1.000000  inc=-1.413517  bucket 0->0  (mf=1000)
[MF-SEL] tPrev=(  d=0.014438  dMin=0.000000  dAvg=0.039343  dMax=3.724814  Dlo=0.019671  Dhi=1.882078  err=-1.000000  inc=-1.415746  bucket 0->0  (mf=1000)
[MF-SEL] tPrev=(  d=0.012883  dMin=0.000000  dAvg=0.039331  dMax=3.724814  Dlo=0.019666  Dhi=1.882072  err=-1.000000  inc=-1.417950  bucket 0->0  (mf=1000)
[MF-SEL] tPrev=(  d=0.010136  dMin=0.000000  dAvg=0.039318  dMax=3.724814  Dlo=0.019659  Dhi=1.882066  err=-1.000000  inc=-1.420091  bucket 0->0  (mf=1000)
[MF-SEL] tPrev=(  d=0.011102  dMin=0.000000  dAvg=0.039305  dMax=3.724814  Dlo=0.019653  Dhi=1.882060  err=-1.000000  inc=-1.422409  bucket 0->0  (mf=1000)
[MF-SEL] tPrev=(  d=0.010495  dMin=0.000000  dAvg=0.039293  dMax=3.724814  Dlo=0.019646  Dhi=1.882053  err=-1.000000  inc=-1.424703  bucket 0->0  (mf=1000)
[MF-SEL] tPrev=(  d=0.009936  dMin=0.000000  dAvg=0.039279  dMax=3.724814  Dlo=0.019640  Dhi=1.882047  err=-1.000000  inc=-1.426662  bucket 0->0  (mf=1000)
[MF-SEL] tPrev=(  d=0.009259  dMin=0.000000  dAvg=0.039266  dMax=3.724814  Dlo=0.019633  Dhi=1.882040  err=-1.000000  inc=-1.428935  bucket 0->0  (mf=1000)
[MF-SEL] tPrev=(  d=0.008957  dMin=0.000000  dAvg=0.039253  dMax=3.724814  Dlo=0.019626  Dhi=1.882033  err=-1.000000  inc=-1.431180  bucket 0->0  (mf=1000)
[MF-SEL] tPrev=(  d=0.008869  dMin=0.000000  dAvg=0.039239  dMax=3.724814  Dlo=0.019620  Dhi=1.882027  err=-1.000000  inc=-1.433374  bucket 0->0  (mf=1000)
[MF-SEL] tPrev=(  d=0.009313  dMin=0.000000  dAvg=0.039226  dMax=3.724814  Dlo=0.019613  Dhi=1.882020  err=-1.000000  inc=-1.435867  bucket 0->0  (mf=1000)
[MF-SEL] tPrev=(  d=0.009839  dMin=0.000000  dAvg=0.039213  dMax=3.724814  Dlo=0.019606  Dhi=1.882013  err=-1.000000  inc=-1.438080  bucket 0->0  (mf=1000)
[MF-SEL] tPrev=(  d=0.010318  dMin=0.000000  dAvg=0.039200  dMax=3.724814  Dlo=0.019600  Dhi=1.882007  err=-1.000000  inc=-1.440096  bucket 0->0  (mf=1000)
[MF-SEL] tPrev=(  d=0.010993  dMin=0.000000  dAvg=0.039187  dMax=3.724814  Dlo=0.019594  Dhi=1.882001  err=-1.000000  inc=-1.442312  bucket 0->0  (mf=1000)
[MF-SEL] tPrev=(  d=0.013166  dMin=0.000000  dAvg=0.039176  dMax=3.724814  Dlo=0.019588  Dhi=1.881995  err=-1.000000  inc=-1.444479  bucket 0->0  (mf=1000)
[MF-SEL] tPrev=(  d=0.011884  dMin=0.000000  dAvg=0.039164  dMax=3.724814  Dlo=0.019582  Dhi=1.881989  err=-1.000000  inc=-1.446725  bucket 0->0  (mf=1000)
[MF-SEL] tPrev=(  d=0.011639  dMin=0.000000  dAvg=0.039151  dMax=3.724814  Dlo=0.019576  Dhi=1.881983  err=-1.000000  inc=-1.448952  bucket 0->0  (mf=1000)
[MF-SEL] tPrev=(  d=0.011219  dMin=0.000000  dAvg=0.039139  dMax=3.724814  Dlo=0.019570  Dhi=1.881977  err=-1.000000  inc=-1.451072  bucket 0->0  (mf=1000)
[MF-SEL] tPrev=(  d=0.010089  dMin=0.000000  dAvg=0.039126  dMax=3.724814  Dlo=0.019563  Dhi=1.881970  err=-1.000000  inc=-1.453254  bucket 0->0  (mf=1000)
[MF-SEL] tPrev=(  d=0.008796  dMin=0.000000  dAvg=0.039113  dMax=3.724814  Dlo=0.019556  Dhi=1.881963  err=-1.000000  inc=-1.455393  bucket 0->0  (mf=1000)
[MF-SEL] tPrev=(  d=0.007607  dMin=0.000000  dAvg=0.039099  dMax=3.724814  Dlo=0.019549  Dhi=1.881956  err=-1.000000  inc=-1.457798  bucket 0->0  (mf=1000)
[MF-SEL] tPrev=(  d=0.006893  dMin=0.000000  dAvg=0.039085  dMax=3.724814  Dlo=0.019542  Dhi=1.881949  err=-1.000000  inc=-1.460161  bucket 0->0  (mf=1000)
[MF-SEL] tPrev=(  d=0.006483  dMin=0.000000  dAvg=0.039070  dMax=3.724814  Dlo=0.019535  Dhi=1.881942  err=-1.000000  inc=-1.462518  bucket 0->0  (mf=1000)
[MF-SEL] tPrev=(  d=0.006186  dMin=0.000000  dAvg=0.039056  dMax=3.724814  Dlo=0.019528  Dhi=1.881935  err=-1.000000  inc=-1.464812  bucket 0->0  (mf=1000)
[MF-SEL] tPrev=(  d=0.006508  dMin=0.000000  dAvg=0.039041  dMax=3.724814  Dlo=0.019521  Dhi=1.881928  err=-1.000000  inc=-1.466904  bucket 0->0  (mf=1000)
[MF-SEL] tPrev=(  d=0.007661  dMin=0.000000  dAvg=0.039027  dMax=3.724814  Dlo=0.019514  Dhi=1.881921  err=-1.000000  inc=-1.469033  bucket 0->0  (mf=1000)
[MF-SEL] tPrev=(  d=0.008806  dMin=0.000000  dAvg=0.039014  dMax=3.724814  Dlo=0.019507  Dhi=1.881914  err=-1.000000  inc=-1.471223  bucket 0->0  (mf=1000)
[MF-SEL] tPrev=(  d=0.008766  dMin=0.000000  dAvg=0.039001  dMax=3.724814  Dlo=0.019500  Dhi=1.881907  err=-1.000000  inc=-1.473516  bucket 0->0  (mf=1000)
[MF-SEL] tPrev=(  d=0.009233  dMin=0.000000  dAvg=0.038987  dMax=3.724814  Dlo=0.019494  Dhi=1.881901  err=-1.000000  inc=-1.475895  bucket 0->0  (mf=1000)
[MF-SEL] tPrev=(  d=0.009510  dMin=0.000000  dAvg=0.038974  dMax=3.724814  Dlo=0.019487  Dhi=1.881894  err=-1.000000  inc=-1.478256  bucket 0->0  (mf=1000)
[MF-SEL] tPrev=(  d=0.012402  dMin=0.000000  dAvg=0.038963  dMax=3.724814  Dlo=0.019481  Dhi=1.881888  err=-1.000000  inc=-1.480678  bucket 0->0  (mf=1000)
[MF-SEL] tPrev=(  d=0.010233  dMin=0.000000  dAvg=0.038950  dMax=3.724814  Dlo=0.019475  Dhi=1.881882  err=-1.000000  inc=-1.482815  bucket 0->0  (mf=1000)
[MF-SEL] tPrev=(  d=0.010357  dMin=0.000000  dAvg=0.038938  dMax=3.724814  Dlo=0.019469  Dhi=1.881876  err=-1.000000  inc=-1.485089  bucket 0->0  (mf=1000)
[MF-SEL] tPrev=(  d=0.009628  dMin=0.000000  dAvg=0.038925  dMax=3.724814  Dlo=0.019462  Dhi=1.881869  err=-1.000000  inc=-1.487523  bucket 0->0  (mf=1000)
[MF-SEL] tPrev=(  d=0.011789  dMin=0.000000  dAvg=0.038913  dMax=3.724814  Dlo=0.019456  Dhi=1.881863  err=-1.000000  inc=-1.489785  bucket 0->0  (mf=1000)
[MF-SEL] tPrev=(  d=0.010075  dMin=0.000000  dAvg=0.038900  dMax=3.724814  Dlo=0.019450  Dhi=1.881857  err=-1.000000  inc=-1.492262  bucket 0->0  (mf=1000)
[MF-SEL] tPrev=(  d=0.010012  dMin=0.000000  dAvg=0.038887  dMax=3.724814  Dlo=0.019444  Dhi=1.881851  err=-1.000000  inc=-1.494665  bucket 0->0  (mf=1000)
[MF-SEL] tPrev=(  d=0.010129  dMin=0.000000  dAvg=0.038875  dMax=3.724814  Dlo=0.019437  Dhi=1.881844  err=-1.000000  inc=-1.497106  bucket 0->0  (mf=1000)
[MF-SEL] tPrev=(  d=0.012278  dMin=0.000000  dAvg=0.038863  dMax=3.724814  Dlo=0.019431  Dhi=1.881838  err=-1.000000  inc=-1.499468  bucket 0->0  (mf=1000)
[MF-SEL] tPrev=(  d=0.013027  dMin=0.000000  dAvg=0.038852  dMax=3.724814  Dlo=0.019426  Dhi=1.881833  err=-1.000000  inc=-1.501845  bucket 0->0  (mf=1000)
[MF-SEL] tPrev=(  d=0.015232  dMin=0.000000  dAvg=0.038841  dMax=3.724814  Dlo=0.019421  Dhi=1.881828  err=-1.000000  inc=-1.504638  bucket 0->0  (mf=1000)
[MF-SEL] tPrev=(  d=0.017236  dMin=0.000000  dAvg=0.038832  dMax=3.724814  Dlo=0.019416  Dhi=1.881823  err=-1.000000  inc=-1.507031  bucket 0->0  (mf=1000)
[MF-SEL] tPrev=(  d=0.019204  dMin=0.000000  dAvg=0.038823  dMax=3.724814  Dlo=0.019412  Dhi=1.881819  err=-1.000000  inc=-1.509373  bucket 0->0  (mf=1000)
[MF-SEL] tPrev=(  d=0.020357  dMin=0.000000  dAvg=0.038815  dMax=3.724814  Dlo=0.019408  Dhi=1.881814  err=0.000000  inc=-0.567330  bucket 0->0  (mf=1000)
[MF-SEL] tPrev=(  d=0.011714  dMin=0.000000  dAvg=0.038803  dMax=3.724814  Dlo=0.019402  Dhi=1.881809  err=-1.000000  inc=-1.849703  bucket 0->0  (mf=1000)
[MF-SEL] tPrev=(  d=0.008668  dMin=0.000000  dAvg=0.038790  dMax=3.724814  Dlo=0.019395  Dhi=1.881802  err=-1.000000  inc=-1.514534  bucket 0->0  (mf=1000)
[MF-SEL] tPrev=(  d=0.008076  dMin=0.000000  dAvg=0.038777  dMax=3.724814  Dlo=0.019388  Dhi=1.881795  err=-1.000000  inc=-1.516646  bucket 0->0  (mf=1000)
[MF-SEL] tPrev=(  d=0.004173  dMin=0.000000  dAvg=0.038761  dMax=3.724814  Dlo=0.019381  Dhi=1.881788  err=-1.000000  inc=-1.519349  bucket 0->0  (mf=1000)
[MF-SEL] tPrev=(  d=0.010592  dMin=0.000000  dAvg=0.038749  dMax=3.724814  Dlo=0.019375  Dhi=1.881781  err=-1.000000  inc=-1.521730  bucket 0->0  (mf=1000)
[MF-SEL] tPrev=(  d=0.012899  dMin=0.000000  dAvg=0.038738  dMax=3.724814  Dlo=0.019369  Dhi=1.881776  err=-1.000000  inc=-1.523868  bucket 0->0  (mf=1000)
[MF-SEL] tPrev=(  d=0.005864  dMin=0.000000  dAvg=0.038723  dMax=3.724814  Dlo=0.019362  Dhi=1.881769  err=-1.000000  inc=-1.526236  bucket 0->0  (mf=1000)
[MF-SEL] tPrev=(  d=0.007154  dMin=0.000000  dAvg=0.038710  dMax=3.724814  Dlo=0.019355  Dhi=1.881762  err=-1.000000  inc=-1.528674  bucket 0->0  (mf=1000)
[MF-SEL] tPrev=(  d=0.001950  dMin=0.000000  dAvg=0.038694  dMax=3.724814  Dlo=0.019347  Dhi=1.881754  err=-1.000000  inc=-1.531084  bucket 0->0  (mf=1000)
[MF-SEL] tPrev=(  d=0.005213  dMin=0.000000  dAvg=0.038679  dMax=3.724814  Dlo=0.019339  Dhi=1.881746  err=-1.000000  inc=-1.533871  bucket 0->0  (mf=1000)
[MF-SEL] tPrev=(  d=0.002440  dMin=0.000000  dAvg=0.038663  dMax=3.724814  Dlo=0.019332  Dhi=1.881739  err=-1.000000  inc=-1.536085  bucket 0->0  (mf=1000)
[MF-SEL] tPrev=(  d=0.001458  dMin=0.000000  dAvg=0.038647  dMax=3.724814  Dlo=0.019323  Dhi=1.881730  err=-1.000000  inc=-1.538841  bucket 0->0  (mf=1000)
[MF-SEL] tPrev=(  d=0.002398  dMin=0.000000  dAvg=0.038631  dMax=3.724814  Dlo=0.019316  Dhi=1.881723  err=-1.000000  inc=-1.541294  bucket 0->0  (mf=1000)
[MF-SEL] tPrev=(  d=0.001397  dMin=0.000000  dAvg=0.038615  dMax=3.724814  Dlo=0.019307  Dhi=1.881714  err=-1.000000  inc=-1.543764  bucket 0->0  (mf=1000)
[MF-SEL] tPrev=(  d=0.000974  dMin=0.000000  dAvg=0.038598  dMax=3.724814  Dlo=0.019299  Dhi=1.881706  err=-1.000000  inc=-1.546201  bucket 0->0  (mf=1000)
[MF-SEL] tPrev=(  d=0.000945  dMin=0.000000  dAvg=0.038582  dMax=3.724814  Dlo=0.019291  Dhi=1.881698  err=-1.000000  inc=-1.548652  bucket 0->0  (mf=1000)
[MF-SEL] tPrev=(  d=0.000427  dMin=0.000000  dAvg=0.038565  dMax=3.724814  Dlo=0.019283  Dhi=1.881690  err=-1.000000  inc=-1.551114  bucket 0->0  (mf=1000)
[MF-SEL] tPrev=(  d=0.000437  dMin=0.000000  dAvg=0.038549  dMax=3.724814  Dlo=0.019274  Dhi=1.881681  err=-1.000000  inc=-1.553588  bucket 0->0  (mf=1000)
[MF-SEL] tPrev=(  d=0.000146  dMin=0.000000  dAvg=0.038532  dMax=3.724814  Dlo=0.019266  Dhi=1.881673  err=-1.000000  inc=-1.556018  bucket 0->0  (mf=1000)
[MF-SEL] tPrev=(  d=0.000232  dMin=0.000000  dAvg=0.038516  dMax=3.724814  Dlo=0.019258  Dhi=1.881665  err=-1.000000  inc=-1.558504  bucket 0->0  (mf=1000)
[MF-SEL] tPrev=(  d=0.000261  dMin=0.000000  dAvg=0.038499  dMax=3.724814  Dlo=0.019249  Dhi=1.881656  err=-1.000000  inc=-1.561005  bucket 0->0  (mf=1000)
[MF-SEL] tPrev=(  d=0.001650  dMin=0.000000  dAvg=0.038483  dMax=3.724814  Dlo=0.019241  Dhi=1.881648  err=-1.000000  inc=-1.563187  bucket 0->0  (mf=1000)
[MF-SEL] tPrev=(  d=0.000242  dMin=0.000000  dAvg=0.038466  dMax=3.724814  Dlo=0.019233  Dhi=1.881640  err=-1.000000  inc=-1.565733  bucket 0->0  (mf=1000)
[MF-SEL] tPrev=(  d=0.000051  dMin=0.000000  dAvg=0.038450  dMax=3.724814  Dlo=0.019225  Dhi=1.881632  err=-1.000000  inc=-1.568169  bucket 0->0  (mf=1000)
[MF-SEL] tPrev=(  d=0.000171  dMin=0.000000  dAvg=0.038433  dMax=3.724814  Dlo=0.019217  Dhi=1.881624  err=-1.000000  inc=-1.570543  bucket 0->0  (mf=1000)
[MF-SEL] tPrev=(  d=0.000169  dMin=0.000000  dAvg=0.038416  dMax=3.724814  Dlo=0.019208  Dhi=1.881615  err=-1.000000  inc=-1.572978  bucket 0->0  (mf=1000)
[MF-SEL] tPrev=(  d=0.000482  dMin=0.000000  dAvg=0.038400  dMax=3.724814  Dlo=0.019200  Dhi=1.881607  err=-1.000000  inc=-1.575475  bucket 0->0  (mf=1000)
[MF-SEL] tPrev=(  d=0.000339  dMin=0.000000  dAvg=0.038384  dMax=3.724814  Dlo=0.019192  Dhi=1.881599  err=-1.000000  inc=-1.578080  bucket 0->0  (mf=1000)
[MF-SEL] tPrev=(  d=0.000293  dMin=0.000000  dAvg=0.038367  dMax=3.724814  Dlo=0.019184  Dhi=1.881591  err=-1.000000  inc=-1.580324  bucket 0->0  (mf=1000)
[MF-SEL] tPrev=(  d=0.000282  dMin=0.000000  dAvg=0.038351  dMax=3.724814  Dlo=0.019175  Dhi=1.881582  err=-1.000000  inc=-1.582943  bucket 0->0  (mf=1000)
[MF-SEL] tPrev=(  d=0.000846  dMin=0.000000  dAvg=0.038334  dMax=3.724814  Dlo=0.019167  Dhi=1.881574  err=-1.000000  inc=-1.585115  bucket 0->0  (mf=1000)
[MF-SEL] tPrev=(  d=0.000230  dMin=0.000000  dAvg=0.038318  dMax=3.724814  Dlo=0.019159  Dhi=1.881566  err=-1.000000  inc=-1.587625  bucket 0->0  (mf=1000)
[MF-SEL] tPrev=(  d=0.000278  dMin=0.000000  dAvg=0.038301  dMax=3.724814  Dlo=0.019151  Dhi=1.881558  err=-1.000000  inc=-1.590071  bucket 0->0  (mf=1000)
[MF-SEL] tPrev=(  d=0.000249  dMin=0.000000  dAvg=0.038285  dMax=3.724814  Dlo=0.019143  Dhi=1.881549  err=-1.000000  inc=-1.592514  bucket 0->0  (mf=1000)
[MF-SEL] tPrev=(  d=0.000157  dMin=0.000000  dAvg=0.038269  dMax=3.724814  Dlo=0.019134  Dhi=1.881541  err=-1.000000  inc=-1.594965  bucket 0->0  (mf=1000)
[MF-SEL] tPrev=(  d=0.000022  dMin=0.000000  dAvg=0.038252  dMax=3.724814  Dlo=0.019126  Dhi=1.881533  err=-1.000000  inc=-1.597339  bucket 0->0  (mf=1000)
[MF-SEL] tPrev=(  d=0.000102  dMin=0.000000  dAvg=0.038236  dMax=3.724814  Dlo=0.019118  Dhi=1.881525  err=-1.000000  inc=-1.599879  bucket 0->0  (mf=1000)
[MF-SEL] tPrev=(  d=0.000126  dMin=0.000000  dAvg=0.038219  dMax=3.724814  Dlo=0.019110  Dhi=1.881517  err=-1.000000  inc=-1.602401  bucket 0->0  (mf=1000)
[MF-SEL] tPrev=(  d=0.000252  dMin=0.000000  dAvg=0.038203  dMax=3.724814  Dlo=0.019101  Dhi=1.881508  err=-1.000000  inc=-1.604702  bucket 0->0  (mf=1000)
[MF-SEL] tPrev=(  d=0.000316  dMin=0.000000  dAvg=0.038186  dMax=3.724814  Dlo=0.019093  Dhi=1.881500  err=-1.000000  inc=-1.607166  bucket 0->0  (mf=1000)
[MF-SEL] tPrev=(  d=0.000386  dMin=0.000000  dAvg=0.038170  dMax=3.724814  Dlo=0.019085  Dhi=1.881492  err=-1.000000  inc=-1.609464  bucket 0->0  (mf=1000)
[MF-SEL] tPrev=(  d=0.000338  dMin=0.000000  dAvg=0.038154  dMax=3.724814  Dlo=0.019077  Dhi=1.881484  err=-1.000000  inc=-1.612042  bucket 0->0  (mf=1000)
[MF-SEL] tPrev=(  d=0.000208  dMin=0.000000  dAvg=0.038138  dMax=3.724814  Dlo=0.019069  Dhi=1.881476  err=-1.000000  inc=-1.614318  bucket 0->0  (mf=1000)
[MF-SEL] tPrev=(  d=0.000162  dMin=0.000000  dAvg=0.038121  dMax=3.724814  Dlo=0.019061  Dhi=1.881468  err=-1.000000  inc=-1.616701  bucket 0->0  (mf=1000)
[MF-SEL] tPrev=(  d=0.000164  dMin=0.000000  dAvg=0.038105  dMax=3.724814  Dlo=0.019052  Dhi=1.881459  err=-1.000000  inc=-1.619073  bucket 0->0  (mf=1000)
[MF-SEL] tPrev=(  d=0.000121  dMin=0.000000  dAvg=0.038089  dMax=3.724814  Dlo=0.019044  Dhi=1.881451  err=-1.000000  inc=-1.621595  bucket 0->0  (mf=1000)
[MF-SEL] tPrev=(  d=0.000260  dMin=0.000000  dAvg=0.038072  dMax=3.724814  Dlo=0.019036  Dhi=1.881443  err=-1.000000  inc=-1.623928  bucket 0->0  (mf=1000)
[MF-SEL] tPrev=(  d=0.000246  dMin=0.000000  dAvg=0.038056  dMax=3.724814  Dlo=0.019028  Dhi=1.881435  err=-1.000000  inc=-1.626408  bucket 0->0  (mf=1000)
[MF-SEL] tPrev=(  d=0.000141  dMin=0.000000  dAvg=0.038040  dMax=3.724814  Dlo=0.019020  Dhi=1.881427  err=-1.000000  inc=-1.629772  bucket 0->0  (mf=1000)
[MF-SEL] tPrev=(  d=0.000123  dMin=0.000000  dAvg=0.038024  dMax=3.724814  Dlo=0.019012  Dhi=1.881419  err=-1.000000  inc=-1.632140  bucket 0->0  (mf=1000)
[MF-SEL] tPrev=(  d=0.001399  dMin=0.000000  dAvg=0.038008  dMax=3.724814  Dlo=0.019004  Dhi=1.881411  err=-1.000000  inc=-1.634365  bucket 0->0  (mf=1000)
[MF-SEL] tPrev=(  d=0.000122  dMin=0.000000  dAvg=0.037992  dMax=3.724814  Dlo=0.018996  Dhi=1.881403  err=-1.000000  inc=-1.636921  bucket 0->0  (mf=1000)
[MF-SEL] tPrev=(  d=0.000051  dMin=0.000000  dAvg=0.037975  dMax=3.724814  Dlo=0.018988  Dhi=1.881395  err=-1.000000  inc=-1.639369  bucket 0->0  (mf=1000)
[MF-SEL] tPrev=(  d=0.000073  dMin=0.000000  dAvg=0.037959  dMax=3.724814  Dlo=0.018980  Dhi=1.881387  err=-1.000000  inc=-1.641636  bucket 0->0  (mf=1000)
[MF-SEL] tPrev=(  d=0.000154  dMin=0.000000  dAvg=0.037943  dMax=3.724814  Dlo=0.018971  Dhi=1.881378  err=-1.000000  inc=-1.644077  bucket 0->0  (mf=1000)
[MF-SEL] tPrev=(  d=0.000178  dMin=0.000000  dAvg=0.037927  dMax=3.724814  Dlo=0.018963  Dhi=1.881370  err=-1.000000  inc=-1.646472  bucket 0->0  (mf=1000)
[MF-SEL] tPrev=(  d=0.000151  dMin=0.000000  dAvg=0.037911  dMax=3.724814  Dlo=0.018955  Dhi=1.881362  err=-1.000000  inc=-1.648864  bucket 0->0  (mf=1000)
[MF-SEL] tPrev=(  d=0.000127  dMin=0.000000  dAvg=0.037894  dMax=3.724814  Dlo=0.018947  Dhi=1.881354  err=-1.000000  inc=-1.651450  bucket 0->0  (mf=1000)
[MF-SEL] tPrev=(  d=0.000099  dMin=0.000000  dAvg=0.037878  dMax=3.724814  Dlo=0.018939  Dhi=1.881346  err=-1.000000  inc=-1.653709  bucket 0->0  (mf=1000)
[MF-SEL] tPrev=(  d=0.000044  dMin=0.000000  dAvg=0.037862  dMax=3.724814  Dlo=0.018931  Dhi=1.881338  err=-1.000000  inc=-1.656215  bucket 0->0  (mf=1000)
[MF-SEL] tPrev=(  d=0.000095  dMin=0.000000  dAvg=0.037846  dMax=3.724814  Dlo=0.018923  Dhi=1.881330  err=-1.000000  inc=-1.658656  bucket 0->0  (mf=1000)
[MF-SEL] tPrev=(  d=0.000071  dMin=0.000000  dAvg=0.037830  dMax=3.724814  Dlo=0.018915  Dhi=1.881322  err=-1.000000  inc=-1.661056  bucket 0->0  (mf=1000)
[MF-SEL] tPrev=(  d=0.001256  dMin=0.000000  dAvg=0.037814  dMax=3.724814  Dlo=0.018907  Dhi=1.881314  err=-1.000000  inc=-1.663589  bucket 0->0  (mf=1000)
[MF-SEL] tPrev=(  d=0.000086  dMin=0.000000  dAvg=0.037798  dMax=3.724814  Dlo=0.018899  Dhi=1.881306  err=-1.000000  inc=-1.666065  bucket 0->0  (mf=1000)
[MF-SEL] tPrev=(  d=0.000106  dMin=0.000000  dAvg=0.037782  dMax=3.724814  Dlo=0.018891  Dhi=1.881298  err=-1.000000  inc=-1.668377  bucket 0->0  (mf=1000)
[MF-SEL] tPrev=(  d=0.000070  dMin=0.000000  dAvg=0.037766  dMax=3.724814  Dlo=0.018883  Dhi=1.881290  err=-1.000000  inc=-1.670804  bucket 0->0  (mf=1000)
[MF-SEL] tPrev=(  d=0.000130  dMin=0.000000  dAvg=0.037750  dMax=3.724814  Dlo=0.018875  Dhi=1.881282  err=-1.000000  inc=-1.673268  bucket 0->0  (mf=1000)
Shutdown
SLAM Finished at System Time: 1749951615.377950668334961

 TIME STATS in ms (mean$\pm$std)
OpenCV version: 4.8.1
---------------------------
Tracking

ORB Extraction: 18.48292$\pm$2.29487
Stereo Matching: 6.11780$\pm$1.83493
IMU Preintegration: 0.20766$\pm$0.06358
Pose Prediction: 0.21691$\pm$0.72170
LM Track: 15.73431$\pm$3.34478
New KF decision: 0.30866$\pm$0.33907
Total Tracking: 45.32391$\pm$5.40682



Local Mapping

KF Insertion: 10.85298$\pm$3.19697
MP Culling: 0.58392$\pm$0.21605
MP Creation: 34.49122$\pm$12.84916
LBA: 127.55699$\pm$37.84880
KF Culling: 13.90220$\pm$9.35699
Total Local Mapping: 187.17142$\pm$57.57216
---------------------------

LBA complexity (mean$\pm$std)
LBA Edges: 1541.50000$\pm$427.40028
LBA KF optimized: 6.50000$\pm$2.29129
LBA KF fixed: 1.00000$\pm$0.00000
LBA MP: nan$\pm$nan

LBA executions: 453
LBA aborts: 0
---------------------------

Map complexity
KFs in map: 122
MPs in map: 7551
---------------------------

Place Recognition (mean$\pm$std)
Database Query: 1.25255$\pm$0.61795
SE3 estimation: 10.63811$\pm$10.00090
Total Place Recognition: 9.73205$\pm$10.39829


Loop Closing (mean$\pm$std)
Loop Fusion: 127.54577$\pm$0.00000
Essential Graph: 67.81209$\pm$0.00000
Total Loop Closing: 215.75884$\pm$0.00000

Num exec: 1
Number of KFs: nan$\pm$nan

Map Merging (mean$\pm$std)
Merge Maps: nan$\pm$nan
Welding BA: nan$\pm$nan
Optimization Ess.: nan$\pm$nan
Total Map Merging: nan$\pm$nan

Num exec: 0
Number of KFs: nan$\pm$nan
Number of MPs: nan$\pm$nan

Full GBA (mean$\pm$std)
GBA: 666.26969$\pm$0.00000
Map Update: 6.43088$\pm$0.00000
Total Full GBA: 672.70058$\pm$0.00000

Num exec: 1
Num abort: 0
Number of KFs: 110.00000$\pm$0.00000
Number of MPs: 8113.00000$\pm$0.00000

Saving trajectory to f_dataset-V202_stereo_imu.txt ...
There are 1 maps in the atlas
  Map 0 has 122 KFs

End of saving trajectory to f_dataset-V202_stereo_imu.txt ...

Saving keyframe trajectory to kf_dataset-V202_stereo_imu.txt ...
