1403636878051666432.000000 -0.000000028 0.000000015 0.000000014 -0.000000008 0.000000015 -0.000000040 1.000000000
1403636878101666560.000000 -0.018845947 0.006620857 -0.014866082 -0.009706251 -0.000237826 0.008130437 0.999919891
1403636878151666432.000000 -0.039800782 0.015130599 -0.028531479 -0.023577157 0.004496896 0.014720149 0.999603570
1403636878201666560.000000 -0.051388413 0.029322205 -0.046200700 -0.032842945 0.000987488 0.025984913 0.999122202
1403636878251666432.000000 -0.065589197 0.050892610 -0.060017303 -0.041458145 0.003198926 0.033059046 0.998588085
1403636878301666560.000000 -0.084611200 0.064624615 -0.071158789 -0.055925000 0.008864528 0.044626523 0.997397780
1403636878351666432.000000 -0.097260587 0.088758081 -0.081854984 -0.063807033 0.013232543 0.056075841 0.996297717
1403636878401666560.000000 -0.105202779 0.113723852 -0.095772430 -0.075139046 0.013675112 0.066592112 0.994853079
1403636878451666432.000000 -0.112756737 0.139673948 -0.104074419 -0.088132583 0.016950207 0.077680223 0.992930591
1403636878501666560.000000 -0.117905617 0.173221096 -0.108183734 -0.096512139 0.021820111 0.086369455 0.991337299
1403636878551666432.000000 -0.118397221 0.199114114 -0.121622182 -0.112388894 0.020662593 0.092231132 0.989158869
1403636878601666560.000000 -0.113892891 0.230046242 -0.128236055 -0.124810621 0.020978156 0.099493086 0.986956656
1403636878651666432.000000 -0.108404167 0.264092386 -0.131893396 -0.133313909 0.024612810 0.104608409 0.985230327
1403636878701666560.000000 -0.100610539 0.290551990 -0.133001089 -0.150216281 0.029692363 0.107876100 0.982301533
1403636878751666432.000000 -0.095107742 0.312633902 -0.135478199 -0.169909731 0.040062588 0.106336474 0.978886247
1403636878801666560.000000 -0.075375445 0.351487070 -0.132371232 -0.166992441 0.034939006 0.111344598 0.979027689
1403636878851666432.000000 -0.060653374 0.379191458 -0.128538489 -0.172854349 0.037418578 0.113306612 0.977692604
1403636878901666560.000000 -0.045998868 0.403761595 -0.122959800 -0.176332101 0.038499583 0.115142055 0.976814806
1403636878951666432.000000 -0.031165043 0.427708089 -0.114444494 -0.177418336 0.038238470 0.116950758 0.976413369
1403636879001666560.000000 -0.015812567 0.450669140 -0.107592382 -0.175229669 0.037006523 0.118840069 0.976627946
1403636879051666432.000000 0.000678927 0.467061400 -0.095220752 -0.176647797 0.037619714 0.117675394 0.976490080
1403636879101666560.000000 0.019017939 0.482551873 -0.084713653 -0.174435332 0.040528249 0.117914312 0.976742566
1403636879151666432.000000 0.038248621 0.493888676 -0.073328927 -0.171110421 0.046517067 0.117480256 0.977116048
1403636879201666560.000000 0.059387185 0.502580583 -0.062109523 -0.167659193 0.052673072 0.114685178 0.977733791
1403636879251666432.000000 0.080466494 0.503337204 -0.048931926 -0.167819515 0.057981987 0.107330024 0.978240788
1403636879301666560.000000 0.098120362 0.502559960 -0.031577155 -0.164533839 0.067549385 0.102193847 0.978734970
1403636879351666432.000000 0.116576627 0.497461438 -0.018921878 -0.158781052 0.072284557 0.094531074 0.980116069
1403636879401666560.000000 0.133010089 0.489963144 -0.006220764 -0.149867699 0.076305628 0.086923942 0.981917262
1403636879451666432.000000 0.147085354 0.477412403 0.005467919 -0.138865143 0.078602009 0.075737439 0.984277427
1403636879501666560.000000 0.159079000 0.461328328 0.016387817 -0.126553282 0.080266833 0.065503456 0.986534774
1403636879551666432.000000 0.170571089 0.438214004 0.028386507 -0.116332486 0.079054318 0.054069404 0.988581717
1403636879601666560.000000 0.178287357 0.415328354 0.035861485 -0.103252321 0.077751487 0.045248665 0.990578771
1403636879651666432.000000 0.184500739 0.389484644 0.040857576 -0.089694329 0.076617636 0.040681981 0.992184341
1403636879701666560.000000 0.187771142 0.358809948 0.044397213 -0.078781329 0.074795298 0.033562191 0.993515432
1403636879751666432.000000 0.189574227 0.327808410 0.045516290 -0.067410864 0.072080724 0.029797904 0.994672000
1403636879801666560.000000 0.187522039 0.299352229 0.049244303 -0.054591190 0.069044828 0.023750998 0.995835662
1403636879851666432.000000 0.181708813 0.270371765 0.047028340 -0.045747347 0.064764641 0.018784003 0.996674478
1403636879901666560.000000 0.173926055 0.241784275 0.041309085 -0.038652226 0.059456341 0.016904745 0.997339129
1403636879951666432.000000 0.162773073 0.216355801 0.036347643 -0.033643879 0.054465946 0.013813842 0.997853100
1403636880001666560.000000 0.153393134 0.197778255 0.023354406 -0.027508322 0.048075300 0.014914430 0.998353481
1403636880051666432.000000 0.141556501 0.187480554 0.010347265 -0.019428480 0.040411405 0.007028047 0.998969555
1403636880101666560.000000 0.126670957 0.176330641 -0.002533529 -0.018325582 0.037720077 0.006497696 0.999099135
1403636880151666432.000000 0.112053767 0.170599937 -0.018585650 -0.019270759 0.035537679 0.006702397 0.999160051
1403636880201666560.000000 0.096319780 0.169009611 -0.034098495 -0.024917865 0.036508396 0.007543564 0.998994172
1403636880251666432.000000 0.080515549 0.173070163 -0.052793004 -0.032207530 0.038730580 0.011130150 0.998668492
1403636880301666560.000000 0.070671283 0.185599864 -0.074178807 -0.037715323 0.035800621 0.015287053 0.998530030
1403636880351666432.000000 0.055602796 0.195575535 -0.092778377 -0.049251277 0.039538696 0.021943925 0.997762263
1403636880401666560.000000 0.042634379 0.210537851 -0.105712093 -0.057006717 0.037592180 0.027102832 0.997297585
1403636880451666432.000000 0.029033013 0.217709869 -0.133904487 -0.074761644 0.044311550 0.032529809 0.995685220
1403636880501666560.000000 0.018930016 0.229575902 -0.148633078 -0.084796712 0.045144748 0.038049873 0.994647563
1403636880551666432.000000 -0.016768655 0.204666436 -0.163244650 -0.113181300 0.062082998 0.051164541 0.990312040
1403636880601666560.000000 -0.027596477 0.209965140 -0.177204996 -0.119880393 0.059024066 0.055773780 0.989461601
1403636880651666432.000000 -0.045447361 0.200659022 -0.201836854 -0.129259989 0.058299225 0.060415834 0.988050163
1403636880701666560.000000 -0.055019461 0.199152336 -0.211209834 -0.130507633 0.051717728 0.064365588 0.988003135
1403636880751666432.000000 -0.072237641 0.181120932 -0.232853606 -0.134983331 0.049507476 0.067898571 0.987278223
1403636880801666560.000000 -0.078172445 0.175165087 -0.236969605 -0.131402954 0.044068120 0.070033334 0.987869799
1403636880851666432.000000 -0.093381733 0.150046661 -0.252481431 -0.130187318 0.044069231 0.070577346 0.987991989
1403636880901666560.000000 -0.096084930 0.139552832 -0.250067145 -0.121671550 0.042234816 0.069269367 0.989249289
1403636880951666432.000000 -0.100704804 0.118632101 -0.263641655 -0.113634273 0.043551151 0.066421747 0.990342796
1403636881001666560.000000 -0.098692998 0.107141338 -0.256069154 -0.104974441 0.046084836 0.061855048 0.991478980
1403636881051666432.000000 -0.104883797 0.076005980 -0.255955398 -0.106187634 0.058042906 0.055207431 0.991114259
1403636881101666560.000000 -0.097659446 0.064872742 -0.244836599 -0.096104302 0.061775662 0.047688253 0.992307186
1403636881151666432.000000 -0.091982193 0.046405178 -0.245580599 -0.084373511 0.064841188 0.040404201 0.993501067
1403636881201666560.000000 -0.079274580 0.038912337 -0.231175154 -0.070078768 0.066530161 0.033178918 0.994767308
1403636881251666432.000000 -0.072585478 0.018961275 -0.232098535 -0.055675142 0.067517363 0.025108030 0.995847046
1403636881301666560.000000 -0.055437699 0.016765783 -0.215568349 -0.042069152 0.066903263 0.017184200 0.996724069
1403636881351666432.000000 -0.053968702 -0.011074008 -0.199836120 -0.043949198 0.076265916 0.008941363 0.996078372
1403636881401666560.000000 -0.032237470 -0.006968760 -0.180111334 -0.034948293 0.074645147 0.001602368 0.996596336
1403636881451666432.000000 -0.021423411 -0.015245149 -0.171075076 -0.033599131 0.077873886 -0.006210883 0.996377528
1403636881501666560.000000 0.003886190 -0.001931434 -0.149484515 -0.029427400 0.078247055 -0.012953190 0.996415436
1403636881551666432.000000 0.016018678 -0.003152597 -0.139217257 -0.030873407 0.083212525 -0.020850535 0.995835245
1403636881601666560.000000 0.041870780 0.016080223 -0.117689990 -0.027974708 0.084086962 -0.026638482 0.995709479
1403636881651666432.000000 0.054216709 0.024005814 -0.106553361 -0.029239394 0.088022158 -0.033566892 0.995123327
1403636881701666560.000000 0.077820450 0.048188861 -0.085880153 -0.027020201 0.086446621 -0.038947076 0.995128214
1403636881751666432.000000 0.091264918 0.066300139 -0.073929697 -0.028388621 0.086815186 -0.043760233 0.994857967
1403636881801666560.000000 0.114023618 0.096363030 -0.054436211 -0.029532962 0.083391123 -0.045584202 0.995035648
1403636881851666432.000000 0.121443875 0.113296665 -0.043534577 -0.037423775 0.085335277 -0.042718437 0.994732380
1403636881901666560.000000 0.139082685 0.143833980 -0.027332498 -0.038723245 0.081714541 -0.038944241 0.995141566
1403636881951666432.000000 0.143750757 0.166632026 -0.019965060 -0.043648314 0.082430564 -0.035694536 0.995000541
1403636882001666560.000000 0.156505764 0.197608009 -0.008493400 -0.045002505 0.079954155 -0.030022211 0.995329499
1403636882051666432.000000 0.155315623 0.218397290 -0.004252741 -0.052352406 0.083443753 -0.023494190 0.994859040
1403636882101666560.000000 0.160888076 0.247986197 0.003678179 -0.054093510 0.082358263 -0.018667769 0.994958639
1403636882151666432.000000 0.153946683 0.267388344 0.003683411 -0.060631871 0.086352341 -0.015037572 0.994304299
1403636882201666560.000000 0.152731195 0.292078286 0.008335037 -0.063609041 0.086414091 -0.011955858 0.994154751
1403636882251666432.000000 0.140482292 0.305773914 0.004651574 -0.071084477 0.091862567 -0.009816994 0.993182719
1403636882301666560.000000 0.134260237 0.322785109 0.005976615 -0.072108552 0.092787273 -0.008514945 0.993034959
1403636882351666432.000000 0.118176185 0.327491969 0.000562032 -0.074700542 0.098019332 -0.007245467 0.992350578
1403636882401666560.000000 0.109815642 0.335808665 0.000574165 -0.070650198 0.097789660 -0.007982281 0.992664099
1403636882451666432.000000 0.092459284 0.331082553 -0.003275800 -0.068507038 0.101775296 -0.007272055 0.992419124
1403636882501666560.000000 0.085922547 0.332490742 -0.000346674 -0.060867045 0.101134628 -0.007883628 0.992977798
1403636882551666432.000000 0.070705004 0.320531130 -0.002566576 -0.056786213 0.105728753 -0.008983131 0.992731690
1403636882601666560.000000 0.070094392 0.318588555 0.004340985 -0.048735417 0.107815228 -0.011491958 0.992909193
1403636882651666432.000000 0.063774012 0.310554415 0.003683074 -0.038422666 0.115714356 -0.015454842 0.992418826
1403636882701666560.000000 0.069012620 0.306959838 0.014453051 -0.027656306 0.125443161 -0.019053848 0.991532207
1403636882751666432.000000 0.061278902 0.298240393 0.024792764 -0.014545012 0.142416105 -0.024400961 0.989399195
1403636882801666560.000000 0.068501681 0.295001894 0.040486988 -0.000531007 0.155064508 -0.031110065 0.987414241
1403636882851666432.000000 0.061894655 0.288331717 0.055587266 0.013465461 0.171085283 -0.037755527 0.984440506
1403636882901666560.000000 0.068823449 0.286295325 0.073846713 0.026920374 0.179488212 -0.044754762 0.982372820
1403636882951666432.000000 0.078024767 0.294400752 0.087998517 0.039941218 0.176327273 -0.046479024 0.982422054
1403636883001666560.000000 0.082888409 0.292744249 0.107366741 0.053706057 0.175614059 -0.052730229 0.981577754
1403636883051666432.000000 0.081018887 0.299067348 0.122745551 0.065737404 0.173762798 -0.058451951 0.980850875
1403636883101666560.000000 0.085909925 0.297920704 0.141507164 0.074981794 0.171822205 -0.065391228 0.980091274
1403636883151666432.000000 0.082468964 0.293833077 0.147726908 0.081052817 0.173405424 -0.071890943 0.978873253
1403636883201666560.000000 0.088111587 0.293975949 0.164681628 0.086270928 0.175446898 -0.078997098 0.977514863
1403636883251666432.000000 0.085295744 0.301095575 0.168730438 0.090273097 0.179504007 -0.084118620 0.975988328
1403636883301666560.000000 0.091030799 0.302700460 0.183176726 0.096515097 0.180983067 -0.087486826 0.974821091
1403636883351666432.000000 0.091523536 0.310757279 0.183141634 0.100454390 0.182978898 -0.089132063 0.973901033
1403636883401666560.000000 0.099214695 0.314405054 0.195542559 0.105941616 0.182657480 -0.090275250 0.973274410
1403636883451666432.000000 0.103082314 0.323304355 0.190670773 0.109870516 0.185011238 -0.091364607 0.972292066
1403636883501666560.000000 0.113252856 0.328414828 0.200084925 0.115719311 0.186734512 -0.093587860 0.971071899
1403636883551666432.000000 0.126107305 0.334890634 0.208342314 0.120363802 0.191518128 -0.095499448 0.969388127
1403636883601666560.000000 0.104965389 0.352799714 0.261451781 0.126052797 0.200952008 -0.100073077 0.966288984
1403636883651666432.000000 0.120676398 0.359621316 0.269410968 0.131555200 0.202055305 -0.102418832 0.965078890
1403636883701666560.000000 0.110319652 0.370348930 0.279695928 0.134866476 0.202804834 -0.107760251 0.963882208
1403636883751666432.000000 0.125220016 0.378013521 0.277457952 0.138452455 0.201434985 -0.109574065 0.963456511
1403636883801666560.000000 0.138765559 0.388339609 0.269714445 0.141508058 0.200028226 -0.110931069 0.963150322
1403636883851666432.000000 0.144306526 0.407425016 0.256213695 0.147259459 0.198532015 -0.108773082 0.962843776
1403636883901666560.000000 0.160500154 0.417517424 0.249892205 0.151896074 0.197445661 -0.109314360 0.962285459
1403636883951666432.000000 0.166679040 0.433881223 0.242036939 0.154052824 0.196410462 -0.110825203 0.961981535
1403636884001666560.000000 0.185216919 0.445474952 0.231748670 0.157487363 0.198006481 -0.112280086 0.960928917
1403636884051666432.000000 0.190424100 0.458407551 0.231798440 0.161477864 0.199275389 -0.112617180 0.959964454
1403636884101666560.000000 0.209894404 0.471944630 0.219831005 0.166308209 0.200404406 -0.111920215 0.958985686
1403636884151666432.000000 0.144147187 0.436535805 0.340093970 0.167508334 0.210864618 -0.117595524 0.955849648
1403636884201666560.000000 0.164935738 0.450516045 0.325470656 0.169079706 0.212999582 -0.118880190 0.954940200
1403636884251666432.000000 0.136450350 0.439805627 0.338213682 0.169884667 0.215944737 -0.119791791 0.954021513
1403636884301666560.000000 0.157914937 0.454966545 0.322448999 0.171591252 0.215706676 -0.119419321 0.953816652
1403636884351666432.000000 0.164735258 0.464051604 0.327342331 0.173624486 0.214917138 -0.119125880 0.953663588
1403636884401666560.000000 0.187921107 0.479430974 0.312902868 0.175180227 0.213582367 -0.119098723 0.953682363
1403636884451666432.000000 0.196993470 0.484732091 0.328856170 0.176218033 0.212536439 -0.120238185 0.953581810
1403636884501666560.000000 0.222297460 0.499404311 0.317406088 0.177410871 0.211142674 -0.120677315 0.953614771
1403636884551666432.000000 0.228084981 0.505747676 0.329619050 0.179079801 0.209750846 -0.120670445 0.953610897
1403636884601666560.000000 0.253488392 0.519778967 0.321792752 0.180521980 0.208521351 -0.120979294 0.953569472
1403636884651666432.000000 0.108527467 0.500484169 0.433421880 0.182834804 0.214355156 -0.122188553 0.951679170
1403636884701666560.000000 0.132477611 0.512215376 0.427928865 0.184035152 0.212396517 -0.122667909 0.951825321
1403636884751666432.000000 0.157680646 0.523840070 0.423046798 0.185259268 0.210280821 -0.122798346 0.952040792
1403636884801666560.000000 0.168517381 0.537530839 0.434230477 0.186825037 0.209929004 -0.123603091 0.951708198
1403636884851666432.000000 0.195250809 0.548528731 0.435421348 0.188506380 0.206962809 -0.123811513 0.951999247
1403636884901666560.000000 0.223457843 0.559788942 0.437405556 0.189415991 0.204952970 -0.124790788 0.952125609
1403636884951666432.000000 0.209620416 0.572232068 0.439209759 0.191057026 0.206298679 -0.124475390 0.951548219
1403636885001666560.000000 0.238663092 0.582731903 0.442942441 0.192451149 0.202826977 -0.125720337 0.951849878
1403636885051666432.000000 0.268922031 0.592706382 0.447432369 0.193992719 0.200482711 -0.126360059 0.951948881
1403636885101666560.000000 -0.040192038 0.134053454 0.213953897 0.117340028 0.241084039 -0.111172639 0.956948578
1403636885151666432.000000 -0.009723593 0.147847399 0.215039596 0.119038977 0.237235025 -0.112244233 0.957575321
1403636885201666560.000000 0.022172410 0.161375254 0.216694012 0.120942943 0.234888196 -0.112573758 0.957876623
1403636885251666432.000000 0.008711198 0.170846894 0.211066112 0.121296659 0.237063766 -0.112208128 0.957338691
1403636885301666560.000000 0.040677711 0.185145408 0.213837847 0.123656057 0.233108044 -0.113278627 0.957881987
1403636885351666432.000000 0.074589521 0.199543551 0.217263058 0.125293955 0.230815232 -0.113996595 0.958139181
1403636885401666560.000000 0.042115606 0.204399139 0.207041875 0.125202671 0.233728826 -0.113229953 0.957535505
1403636885451666432.000000 0.072426319 0.218070254 0.210875213 0.127597332 0.230107382 -0.114403151 0.957956970
1403636885501666560.000000 0.104054540 0.231733248 0.215431511 0.129353911 0.227718368 -0.115147568 0.958203018
1403636885551666432.000000 0.015358131 0.210132077 0.213549048 0.127845421 0.235020235 -0.114850014 0.956676841
1403636885601666560.000000 0.046553720 0.224711329 0.217395380 0.130302295 0.231442362 -0.116193868 0.957055330
1403636885651666432.000000 0.079380073 0.239368081 0.222039744 0.131987005 0.229135513 -0.117077142 0.957271814
1403636885701666560.000000 0.057095475 0.241323233 0.212466970 0.131922528 0.231001541 -0.115740903 0.956994653
1403636885751666432.000000 0.087091073 0.253873885 0.216960013 0.133900762 0.227557883 -0.117068432 0.957383394
1403636885801666560.000000 0.118595630 0.266359866 0.222061619 0.135696709 0.225165933 -0.117627598 0.957627535
1403636885851666432.000000 0.093029037 0.272316992 0.207894623 0.135613099 0.227532163 -0.117020421 0.957154334
1403636885901666560.000000 0.120645508 0.283825755 0.212219000 0.137726218 0.223870367 -0.118014254 0.957593977
1403636885951666432.000000 0.149406135 0.295371890 0.216989785 0.139155060 0.221717849 -0.119092807 0.957754672
1403636886001666560.000000 0.037398472 0.275501817 0.215190008 0.136211336 0.233156934 -0.118411213 0.955543399
1403636886051666432.000000 0.065056339 0.286358595 0.219584703 0.138017327 0.229581341 -0.119842686 0.955971479
1403636886101666560.000000 0.094201460 0.297237515 0.224327162 0.139646500 0.227354452 -0.120471410 0.956187963
1403636886151666432.000000 0.077254437 0.305221170 0.214904383 0.140085757 0.229277492 -0.119493440 0.955787301
1403636886201666560.000000 0.103343606 0.315147161 0.219820663 0.141735405 0.225802526 -0.120770402 0.956210673
1403636886251666432.000000 0.130529523 0.324916661 0.224913880 0.143548787 0.223561078 -0.121334441 0.956395447
1403636886301666560.000000 0.105518214 0.333487183 0.210440293 0.143429950 0.226183310 -0.120841883 0.955858886
1403636886351666432.000000 0.131504357 0.343106955 0.215373278 0.145499945 0.222378343 -0.121886045 0.956306159
1403636886401666560.000000 0.159052998 0.352862448 0.220735714 0.147059813 0.220186472 -0.122715808 0.956468582
1403636886451666432.000000 -0.038204622 0.137431130 0.213432848 0.117711842 0.240642726 -0.111174650 0.957013667
1403636886501666560.000000 -0.011983318 0.148665160 0.217509121 0.119937293 0.236973807 -0.112381436 0.957511842
1403636886551666432.000000 0.015795454 0.160076916 0.222083539 0.121639356 0.234716296 -0.113111302 0.957767189
1403636886601666560.000000 0.153981671 0.384925991 0.205995142 0.149694130 0.221395418 -0.123984784 0.955616832
1403636886651666432.000000 0.179065138 0.394261777 0.211710840 0.151598543 0.218006641 -0.125207514 0.955936253
1403636886701666560.000000 0.205309451 0.403645188 0.217665195 0.153247982 0.215798452 -0.126013294 0.956068397
1403636886751666432.000000 0.174436986 0.410891116 0.203035295 0.152933747 0.219137847 -0.125275016 0.955455959
1403636886801666560.000000 0.198075220 0.419504195 0.208256111 0.154688075 0.215982124 -0.126521498 0.955727816
1403636886851666432.000000 0.222976938 0.428149432 0.213899747 0.156232759 0.213813484 -0.127268195 0.955865085
1403636886901666560.000000 -0.036012031 0.139398813 0.213728786 0.118084088 0.240485266 -0.111186475 0.957006037
1403636886951666432.000000 -0.011838512 0.149900183 0.218216747 0.120082594 0.237263724 -0.112380877 0.957421899
1403636887001666560.000000 0.013515905 0.160523564 0.223059654 0.121756189 0.235143110 -0.113143891 0.957643807
1403636887051666432.000000 0.216208711 0.452104211 0.202749565 0.158344999 0.214898750 -0.127754584 0.955208957
1403636887101666560.000000 0.239110976 0.460102290 0.208785743 0.160057247 0.211847097 -0.128910705 0.955449939
1403636887151666432.000000 0.262983948 0.468104213 0.215092152 0.161657721 0.209682390 -0.129574180 0.955568254
1403636887201666560.000000 -0.074915126 0.110860966 0.218304679 0.114067160 0.244473904 -0.110031113 0.956616163
1403636887251666432.000000 -0.052853256 0.120554566 0.222073242 0.115896806 0.241467670 -0.111114286 0.957034528
1403636887301666560.000000 -0.029585496 0.130404204 0.226301730 0.117417023 0.239471853 -0.111798778 0.957270920
1403636887351666432.000000 -0.033194177 0.138508499 0.217452571 0.118145250 0.240453035 -0.111035831 0.957024097
1403636887401666560.000000 -0.010932432 0.148207814 0.221898183 0.119913079 0.237615004 -0.112228177 0.957373977
1403636887451666432.000000 0.012095588 0.157973453 0.226552457 0.121631235 0.235593453 -0.112859160 0.957582593
1403636887501666560.000000 0.034651652 0.167918965 0.231081679 0.123164281 0.233592078 -0.113773495 0.957768738
1403636887551666432.000000 0.004215151 0.174677089 0.211459711 0.123099543 0.235904559 -0.112518869 0.957358420
1403636887601666560.000000 0.024227334 0.184338152 0.215489984 0.124991030 0.232671514 -0.113920674 0.957738638
1403636887651666432.000000 0.046136267 0.194156960 0.219631657 0.126612365 0.230683848 -0.114748932 0.957907617
1403636887701666560.000000 0.065710150 0.205068648 0.221665263 0.128266945 0.228788465 -0.115526624 0.958048582
1403636887751666432.000000 -0.041093115 0.134469986 0.213152349 0.117243744 0.241079286 -0.110891469 0.956994116
1403636887801666560.000000 -0.021439446 0.143885002 0.217118636 0.119418159 0.237693071 -0.112233303 0.957415879
1403636887851666432.000000 0.000306338 0.153983369 0.221371531 0.120899722 0.235727355 -0.113173172 0.957605243
1403636887901666560.000000 0.019133324 0.165137827 0.222538188 0.122646973 0.233779594 -0.113883801 0.957776248
1403636887951666432.000000 -0.003341686 0.170300275 0.206758365 0.122261889 0.236568362 -0.112270787 0.957331061
1403636888001666560.000000 0.015758745 0.179211453 0.210978359 0.124323361 0.233382598 -0.113648780 0.957684815
1403636888051666432.000000 0.037114505 0.188610509 0.215770021 0.125891179 0.231528431 -0.114444941 0.957835257
1403636888101666560.000000 0.055492431 0.199039042 0.218199626 0.127560750 0.229656443 -0.115194812 0.957975149
1403636888151666432.000000 -0.041870460 0.135278344 0.211900905 0.117399275 0.241019517 -0.110851191 0.956994832
1403636888201666560.000000 -0.026553841 0.141563863 0.215498835 0.119077109 0.237974942 -0.112248056 0.957386553
1403636888251666432.000000 -0.005563183 0.150289640 0.220321402 0.120595515 0.236185908 -0.112877816 0.957565486
1403636888301666560.000000 0.013074012 0.159682870 0.223294348 0.122146986 0.234442234 -0.113675103 0.957702994
1403636888351666432.000000 0.055871829 0.232746422 0.196965620 0.130326852 0.230098218 -0.116141744 0.957382262
1403636888401666560.000000 0.074571311 0.241242588 0.201954588 0.132167011 0.227094308 -0.117657617 0.957662165
1403636888451666432.000000 0.095426530 0.250008076 0.207331166 0.133854166 0.225175351 -0.118253313 0.957807541
1403636888501666560.000000 0.114387214 0.259523302 0.210978806 0.135349289 0.223423928 -0.119202398 0.957889974
1403636888551666432.000000 -0.041468963 0.135007694 0.211639658 0.117629126 0.240905374 -0.110746197 0.957007527
1403636888601666560.000000 -0.022701116 0.143894553 0.215978205 0.119653895 0.237902001 -0.112284869 0.957328439
1403636888651666432.000000 -0.001652746 0.153077766 0.220944956 0.121300198 0.236067712 -0.112962015 0.957495630
1403636888701666560.000000 0.018496791 0.161958292 0.225562781 0.123068444 0.234485775 -0.113947265 0.957542002
1403636888751666432.000000 0.053015657 0.229419291 0.192548439 0.130379722 0.230032161 -0.115896158 0.957420707
1403636888801666560.000000 0.071061581 0.237295941 0.198217317 0.132976070 0.226563692 -0.117402859 0.957707107
1403636888851666432.000000 0.080689646 0.188065767 0.239676952 0.127416834 0.230044395 -0.114270747 0.958011925
1403636888901666560.000000 0.100707091 0.196753860 0.244780958 0.129140854 0.228213415 -0.114802979 0.958155334
1403636888951666432.000000 -0.041799687 0.133777201 0.211002678 0.117548063 0.241088390 -0.110674024 0.956979692
1403636889001666560.000000 -0.023866493 0.141679138 0.215903372 0.120468833 0.237878233 -0.111906372 0.957276523
1403636889051666432.000000 -0.002858251 0.150580376 0.221776009 0.121753708 0.236127079 -0.112651862 0.957460046
1403636889101666560.000000 0.016407147 0.160031080 0.226240829 0.123232439 0.234302640 -0.113173544 0.957657516
1403636889151666432.000000 0.057171512 0.232757419 0.192760140 0.131246805 0.229327947 -0.115658969 0.957499921
1403636889201666560.000000 0.075742379 0.240674824 0.198435143 0.133026809 0.226539850 -0.116673119 0.957794845
1403636889251666432.000000 0.182430625 0.249617696 0.247518301 0.137376547 0.219891965 -0.116211899 0.958785772
1403636889301666560.000000 0.200274095 0.258511007 0.252231807 0.138923675 0.218169168 -0.117088191 0.958849728
1403636889351666432.000000 -0.040975660 0.135044605 0.211720273 0.117625192 0.241084903 -0.110358067 0.957007587
1403636889401666560.000000 -0.022197226 0.143714041 0.217601329 0.119552165 0.238251641 -0.111800812 0.957310855
1403636889451666432.000000 -0.002030164 0.152392104 0.223273933 0.121086396 0.236493766 -0.112458289 0.957476854
1403636889501666560.000000 0.015633602 0.161988229 0.227154195 0.122474320 0.234713301 -0.113611385 0.957602322
1403636889551666432.000000 -0.003827782 0.170080215 0.205862507 0.122681454 0.236376435 -0.111900330 0.957368195
1403636889601666560.000000 0.015269887 0.178310588 0.212119862 0.124362215 0.233734012 -0.113426231 0.957620502
1403636889651666432.000000 0.035576582 0.186648458 0.218482956 0.126300871 0.231936857 -0.114127062 0.957720459
1403636889701666560.000000 0.100856230 0.195546702 0.250314415 0.128487587 0.229173571 -0.115331665 0.957950473
1403636889751666432.000000 -0.040207647 0.136099577 0.212660238 0.117513888 0.241376087 -0.110668726 0.956911981
1403636889801666560.000000 -0.022227781 0.144327626 0.217864648 0.119787537 0.238382712 -0.112494886 0.957167506
1403636889851666432.000000 -0.001435783 0.153041273 0.224075094 0.121233024 0.236643866 -0.113021716 0.957354903
1403636889901666560.000000 0.018001318 0.161609054 0.229409859 0.122868307 0.234918371 -0.113690548 0.957492232
1403636889951666432.000000 0.251216799 0.466266662 0.220502362 0.162862122 0.211122856 -0.130792573 0.954880297
1403636890001666560.000000 0.269515097 0.472954094 0.227779239 0.164866701 0.208202392 -0.131984994 0.955013514
1403636890051666432.000000 0.290394455 0.479625434 0.236254290 0.166099593 0.206431702 -0.132503852 0.955112398
1403636890101666560.000000 0.311006337 0.486201167 0.244541392 0.167483985 0.205020174 -0.132906020 0.955118835
1403636890151666432.000000 -0.038278192 0.136799827 0.213046819 0.117503434 0.241654888 -0.110468648 0.956865966
1403636890201666560.000000 -0.019464556 0.144047633 0.218956590 0.120053485 0.239171416 -0.111944705 0.957001925
1403636890251666432.000000 0.000640657 0.151984572 0.225027904 0.121897809 0.237029403 -0.113031574 0.957173944
1403636890301666560.000000 0.018804934 0.160510004 0.230080262 0.123613581 0.234769121 -0.113873124 0.957411170
1403636890351666432.000000 0.216121346 0.431440175 0.214028671 0.158502012 0.213890970 -0.128844827 0.955262721
1403636890401666560.000000 0.233887851 0.437917411 0.221048951 0.160327196 0.211258098 -0.129999906 0.955387473
1403636890451666432.000000 0.254256338 0.444507152 0.229192957 0.161721781 0.209991142 -0.130408585 0.955376089
1403636890501666560.000000 0.273403227 0.451394618 0.236259609 0.163466603 0.208688885 -0.131310433 0.955240965
1403636890551666432.000000 0.291729808 0.458414733 0.242724434 0.165471286 0.207211077 -0.132285774 0.955082893
1403636890601666560.000000 -0.041161258 0.134080723 0.212796956 0.117439382 0.241951421 -0.110992797 0.956738353
1403636890651666432.000000 -0.027423525 0.141460478 0.216816381 0.120131448 0.238346934 -0.112759747 0.957102120
1403636890701666560.000000 -0.009987293 0.150481939 0.221199721 0.121580161 0.236264721 -0.113546349 0.957342446
1403636890751666432.000000 0.366633832 0.489715129 0.263378978 0.171047509 0.200066775 -0.134010226 0.955383301
1403636890801666560.000000 0.337467641 0.372880548 0.257529229 0.156366169 0.203023344 -0.125080898 0.958481073
1403636890851666432.000000 -0.039844312 0.138905227 0.210593194 0.117818452 0.241409138 -0.110611096 0.956872821
1403636890901666560.000000 -0.023934979 0.145660654 0.216468066 0.120042086 0.238919020 -0.112031579 0.957056165
1403636890951666432.000000 -0.004978126 0.153628975 0.222793087 0.121643588 0.237120450 -0.112930894 0.957195580
1403636891001666560.000000 0.011509660 0.162160814 0.227201402 0.123481989 0.235430002 -0.113690555 0.957287490
1403636891051666432.000000 0.023581259 0.173060834 0.226243943 0.124907352 0.233889803 -0.114907727 0.957334816
1403636891101666560.000000 -0.040107269 0.138234675 0.210312366 0.118247360 0.241141409 -0.110833459 0.956861794
1403636891151666432.000000 -0.025431173 0.146272406 0.214843214 0.120593406 0.238269761 -0.112511203 0.957092524
1403636891201666560.000000 -0.006562222 0.154793561 0.220835060 0.122230843 0.236566365 -0.113378637 0.957204938
1403636891251666432.000000 0.008186009 0.164924458 0.222627550 0.124013528 0.234918952 -0.114306219 0.957271039
1403636891301666560.000000 0.020882556 0.176295981 0.221613601 0.125549242 0.233423382 -0.115391523 0.957306564
1403636891351666432.000000 -0.041434564 0.134408146 0.212505534 0.117327958 0.241791725 -0.110771947 0.956817925
1403636891401666560.000000 -0.026751554 0.142062977 0.217356533 0.119900085 0.238801956 -0.112672411 0.957027972
1403636891451666432.000000 -0.007705731 0.150526345 0.223535016 0.121675432 0.237061113 -0.113443777 0.957145631
1403636891501666560.000000 0.009164002 0.159824997 0.227390677 0.123393722 0.235424459 -0.114360869 0.957220435
1403636891551666432.000000 0.024306325 0.170318812 0.228847325 0.125062272 0.233781144 -0.115214624 0.957304239
1403636891601666560.000000 -0.041414320 0.134493336 0.212498829 0.117355786 0.241706803 -0.110828616 0.956829429
1403636891651666432.000000 -0.035978574 0.136489198 0.216365129 0.118834645 0.239683568 -0.112279475 0.956986666
1403636891701666560.000000 -0.036753479 0.135842711 0.215001225 0.118758149 0.239447638 -0.113003105 0.956970096
1403636891751666432.000000 -0.038896926 0.135748506 0.212110445 0.118544772 0.239464447 -0.113238595 0.956964493
1403636891801666560.000000 -0.039378978 0.136087030 0.210849375 0.118653350 0.239388272 -0.113490693 0.956940234
1403636891851666432.000000 -0.040533617 0.136964530 0.211197585 0.118139148 0.241160959 -0.111007974 0.956849933
1403636891901666560.000000 -0.036699742 0.138400048 0.213175297 0.119965434 0.238898754 -0.112683855 0.956994295
1403636891951666432.000000 -0.028665191 0.141600236 0.217089891 0.120566465 0.238098800 -0.113426425 0.957030416
1403636892001666560.000000 -0.037141569 0.138919592 0.210816637 0.119682677 0.238669232 -0.113733500 0.956962764
1403636892051666432.000000 -0.028155286 0.143454716 0.212239981 0.120581657 0.237740636 -0.114103153 0.957037091
1403636892101666560.000000 -0.040530913 0.136940181 0.211282611 0.118174434 0.241181821 -0.110919565 0.956850588
1403636892151666432.000000 -0.034403853 0.138889074 0.214151621 0.120093137 0.238661721 -0.112719744 0.957033217
1403636892201666560.000000 -0.015419615 0.146385074 0.220865071 0.121542193 0.237148166 -0.113341540 0.957153022
1403636892251666432.000000 0.000927746 0.154574484 0.225417659 0.123140015 0.235632569 -0.114150047 0.957227051
1403636892301666560.000000 0.017663062 0.163107619 0.229938909 0.124372236 0.234205663 -0.115103148 0.957303822
1403636892351666432.000000 -0.040426470 0.136850730 0.211647898 0.118055582 0.241252288 -0.110901169 0.956849635
1403636892401666560.000000 -0.026855538 0.143115595 0.216358691 0.120280467 0.238649935 -0.112681955 0.957017064
1403636892451666432.000000 -0.007912725 0.151052788 0.222766519 0.121887334 0.237237915 -0.113557316 0.957061350
1403636892501666560.000000 0.007664474 0.160060331 0.225984752 0.123599440 0.235546663 -0.114380002 0.957161546
1403636892551666432.000000 0.020545727 0.170797214 0.226111814 0.125167325 0.234035805 -0.115374833 0.957208991
1403636892601666560.000000 -0.041106842 0.134602964 0.213020682 0.117259629 0.241913334 -0.110868014 0.956784427
1403636892651666432.000000 -0.026631745 0.142193556 0.217730582 0.119628698 0.239130422 -0.112525605 0.956997216
1403636892701666560.000000 -0.008764729 0.150498763 0.223267198 0.121319145 0.237575501 -0.113459021 0.957061410
1403636892751666432.000000 0.007152565 0.159797609 0.226663589 0.122926690 0.235945582 -0.114381783 0.957149684
1403636892801666560.000000 0.019890642 0.170533255 0.226291627 0.124553055 0.234590545 -0.115497060 0.957138538
1403636892851666432.000000 0.025985893 0.185397863 0.219703108 0.126265302 0.233292714 -0.116590083 0.957098901
1403636892901666560.000000 -0.041208405 0.134437725 0.212977588 0.117256410 0.241723955 -0.110929154 0.956825614
1403636892951666432.000000 -0.039179318 0.137096569 0.211606339 0.119269624 0.239362553 -0.113017932 0.956925988
1403636893001666560.000000 -0.026371030 0.144429684 0.215199396 0.120625377 0.238126904 -0.113847546 0.956965983
1403636893051666432.000000 -0.014080163 0.154588163 0.213882357 0.122171491 0.236684963 -0.114746839 0.957020164
1403636893101666560.000000 -0.005581401 0.166885316 0.208241820 0.123565570 0.235448301 -0.115874618 0.957010329
1403636893151666432.000000 0.391203910 0.451103568 0.261437625 0.167957246 0.197584480 -0.128473282 0.957207084
1403636893201666560.000000 -0.041152176 0.134424761 0.213163376 0.117237844 0.241874427 -0.110930547 0.956789732
1403636893251666432.000000 -0.022864375 0.143152073 0.218899429 0.118946202 0.240248814 -0.111740783 0.956894159
1403636893301666560.000000 -0.007485578 0.152780250 0.221762240 0.120571867 0.238729626 -0.112613052 0.956968665
1403636893351666432.000000 0.001957359 0.164969385 0.217938170 0.122256078 0.237392783 -0.113659166 0.956963837
1403636893401666560.000000 0.009635786 0.178299472 0.212600976 0.123773240 0.236075252 -0.114484735 0.956996322
1403636893451666432.000000 0.015122423 0.190903693 0.204885870 0.125305444 0.235096470 -0.115399294 0.956928015
1403636893501666560.000000 -0.041040838 0.134438410 0.213067695 0.117206849 0.241842747 -0.110927254 0.956801891
1403636893551666432.000000 -0.039467454 0.135935366 0.212688923 0.119154111 0.239934802 -0.112914853 0.956809223
1403636893601666560.000000 -0.023834595 0.144506410 0.215845287 0.120846339 0.238283306 -0.113758884 0.956909716
1403636893651666432.000000 -0.010282841 0.153910726 0.216298535 0.122515962 0.236849397 -0.114891857 0.956918061
1403636893701666560.000000 -0.001870558 0.166104198 0.210144788 0.123993598 0.235354081 -0.115833074 0.956983149
1403636893751666432.000000 0.001988370 0.178705335 0.202101693 0.125415251 0.234405801 -0.116643295 0.956932247
1403636893801666560.000000 0.083771847 0.171605244 0.257080942 0.123706102 0.237693384 -0.113025010 0.956777990
1403636893851666432.000000 0.467853397 0.503198385 0.292430073 0.173153162 0.198047072 -0.131572619 0.955763578
1403636893901666560.000000 0.092116319 0.201956689 0.256931722 0.129889429 0.230997622 -0.117851511 0.957016110
1403636893951666432.000000 0.097449765 0.214765877 0.254629999 0.131535932 0.229551911 -0.118752681 0.957027733
1403636894001666560.000000 -0.040950432 0.134532690 0.212858379 0.117368482 0.241719842 -0.110897139 0.956816673
1403636894051666432.000000 0.105532274 0.239469141 0.245603383 0.134460703 0.228071123 -0.119994469 0.956820369
1403636894101666560.000000 0.472089589 0.553866208 0.279309899 0.183935568 0.188352913 -0.138621047 0.954712093
1403636894151666432.000000 0.111954875 0.258832037 0.239817262 0.136669084 0.227035895 -0.121092051 0.956615388
1403636894201666560.000000 0.114695296 0.266480505 0.238189727 0.137560323 0.226692528 -0.121573582 0.956507981
1403636894251666432.000000 0.116831683 0.273745418 0.237406462 0.138565317 0.226399511 -0.121865496 0.956395209
1403636894301666560.000000 0.116843075 0.280648947 0.237314522 0.139383942 0.226402596 -0.122261420 0.956224978
1403636894351666432.000000 0.123273343 0.286299825 0.238890752 0.140329570 0.225833163 -0.122592717 0.956178904
1403636894401666560.000000 0.295280725 0.308706492 0.340511143 0.141378880 0.223247513 -0.121927589 0.956716418
1403636894451666432.000000 -0.040638901 0.134645745 0.212695554 0.117355660 0.241659284 -0.110795915 0.956845224
1403636894501666560.000000 0.002009748 0.121853098 0.249067366 0.117802911 0.240881041 -0.110765755 0.956990004
1403636894551666432.000000 0.046855573 0.108819328 0.289155751 0.118210785 0.240120336 -0.110679567 0.957140803
1403636894601666560.000000 0.096152343 0.084788963 0.331358224 0.119255416 0.239423573 -0.110975035 0.957151532
1403636894651666432.000000 -0.033743553 0.134636238 0.215332374 0.117466085 0.241114259 -0.110950112 0.956951261
1403636894701666560.000000 -0.021745574 0.135056764 0.220535889 0.117945917 0.240521863 -0.111191869 0.957013309
1403636894751666432.000000 -0.021206275 0.134965003 0.221652687 0.117944852 0.240426779 -0.111234382 0.957032382
1403636894801666560.000000 -0.020923259 0.134927869 0.222731143 0.117956437 0.240364596 -0.111185811 0.957052171
1403636894851666432.000000 -0.020645518 0.134839237 0.223628566 0.117911622 0.240362242 -0.111218341 0.957054555
1403636894901666560.000000 -0.022560427 0.134802908 0.222691670 0.117645413 0.240486875 -0.111201257 0.957057953
1403636894951666432.000000 -0.041137405 0.134667829 0.212409467 0.117229365 0.241754279 -0.110714279 0.956846178
1403636895001666560.000000 -0.007933084 0.149076104 0.225181133 0.120389618 0.238800302 -0.111969292 0.957049489
1403636895051666432.000000 -0.042877264 0.134962738 0.210488558 0.117279135 0.241705358 -0.110747933 0.956848502
1403636895101666560.000000 -0.043235920 0.135156989 0.209977463 0.117260039 0.241719648 -0.110732906 0.956849039
1403636895151666432.000000 -0.043824442 0.135444194 0.209184602 0.117154755 0.241871580 -0.110920541 0.956801772
1403636895201666560.000000 -0.044248994 0.135631412 0.208465487 0.117213406 0.241801858 -0.110676952 0.956840336
1403636895251666432.000000 -0.038962092 0.134359360 0.214950860 0.117226608 0.241680756 -0.110961065 0.956836462
1403636895301666560.000000 -0.039094791 0.134113804 0.215027347 0.117331155 0.241719112 -0.110818885 0.956830502
1403636895351666432.000000 -0.039371416 0.134019718 0.214849189 0.117180258 0.241710708 -0.110934556 0.956837714
1403636895401666560.000000 -0.039661933 0.133918554 0.214625150 0.117241271 0.241711304 -0.110842429 0.956840694
1403636895451666432.000000 -0.041094493 0.134619117 0.212914690 0.117136180 0.241822898 -0.110864058 0.956822872
1403636895501666560.000000 -0.040280692 0.133965790 0.213927299 0.117259525 0.241799742 -0.110835150 0.956817031
1403636895551666432.000000 -0.041719262 0.134735823 0.212125242 0.117118850 0.241844565 -0.110786520 0.956828535
1403636895601666560.000000 -0.041923903 0.134801716 0.211735696 0.117216602 0.241789818 -0.110721610 0.956837893
1403636895651666432.000000 -0.042111851 0.134916022 0.211403787 0.117156334 0.241882190 -0.110902771 0.956800938
1403636895701666560.000000 -0.042309631 0.134908795 0.211134166 0.117209844 0.241863877 -0.110764287 0.956815064
1403636895751666432.000000 -0.041606657 0.134313092 0.211596861 0.117187902 0.241849333 -0.110956892 0.956799090
1403636895801666560.000000 -0.041579094 0.134774327 0.211528823 0.117232949 0.241866067 -0.111037023 0.956780076
1403636895851666432.000000 -0.041653596 0.134627894 0.211453423 0.117264666 0.241890341 -0.111015312 0.956772506
1403636895901666560.000000 -0.041757956 0.134068534 0.211437106 0.117123127 0.241929546 -0.110992290 0.956782639
1403636895951666432.000000 -0.040404007 0.134213060 0.213863432 0.117215335 0.241905078 -0.111093432 0.956765831
1403636896001666560.000000 -0.040742002 0.134115055 0.213634565 0.117159531 0.241852239 -0.111064941 0.956789315
1403636896051666432.000000 -0.040767077 0.134308040 0.213603646 0.117115773 0.241543233 -0.111068904 0.956872284
1403636896101666560.000000 -0.042446941 0.134375125 0.210988596 0.117211170 0.241101101 -0.111052990 0.956973970
1403636896151666432.000000 -0.029436328 0.151545048 0.214799345 0.119747572 0.239364192 -0.111875303 0.957000136
1403636896201666560.000000 -0.040811814 0.134585947 0.214094013 0.117054805 0.240000874 -0.110887617 0.957288742
1403636896251666432.000000 -0.040774532 0.134638518 0.214233890 0.116955839 0.239965484 -0.110981815 0.957298756
1403636896301666560.000000 -0.033613514 0.148944288 0.213093191 0.119469762 0.239143997 -0.111774854 0.957101643
1403636896351666432.000000 -0.033664867 0.148914710 0.212516263 0.119302161 0.239574477 -0.111778110 0.957014501
1403636896401666560.000000 -0.043389052 0.134909004 0.209588349 0.117043607 0.240771472 -0.111386910 0.957038641
1403636896451666432.000000 -0.040417284 0.135072455 0.213413537 0.117436312 0.240675166 -0.111100890 0.957047999
1403636896501666560.000000 -0.040322997 0.134883896 0.213682801 0.117508650 0.240786061 -0.111053213 0.957016706
1403636896551666432.000000 -0.040063284 0.134875044 0.214293227 0.117471978 0.240790769 -0.111103773 0.957014203
1403636896601666560.000000 -0.039993510 0.134632677 0.214706704 0.117425263 0.240827143 -0.111122459 0.957008600
1403636896651666432.000000 -0.039589137 0.134477332 0.215210676 0.117578536 0.240748674 -0.111040823 0.957018971
1403636896701666560.000000 -0.039231345 0.134653330 0.215778559 0.117474690 0.240370795 -0.111208208 0.957107365
1403636896751666432.000000 -0.038822919 0.134651557 0.216561615 0.117571928 0.239785776 -0.111143850 0.957249582
1403636896801666560.000000 -0.039376050 0.135880738 0.216013432 0.117741294 0.239922717 -0.111246251 0.957182527
1403636896851666432.000000 -0.038329348 0.135472611 0.217011929 0.117525704 0.240579039 -0.111563556 0.957007408
1403636896901666560.000000 -0.037791979 0.135386959 0.217511356 0.117304906 0.240241662 -0.112054706 0.957061827
1403636896951666432.000000 -0.040406793 0.135837615 0.213247404 0.117882840 0.240080923 -0.111814983 0.957059145
1403636897001666560.000000 -0.040372111 0.135415941 0.213186011 0.117999598 0.240778565 -0.111968912 0.956851482
1403636897051666432.000000 -0.040262014 0.135275379 0.213126078 0.118443631 0.240972653 -0.112515904 0.956683636
1403636897101666560.000000 -0.033086747 0.144497380 0.217254147 0.120842233 0.240508690 -0.114072070 0.956316054
1403636897151666432.000000 -0.039029878 0.137693435 0.214158833 0.121698916 0.240468264 -0.115393743 0.956058919
1403636897201666560.000000 -0.043048412 0.135272771 0.212508619 0.121818848 0.239761934 -0.115670897 0.956187606
1403636897251666432.000000 -0.039842177 0.139618501 0.218361169 0.122677840 0.238894790 -0.115826666 0.956275940
1403636897301666560.000000 -0.045559879 0.140468687 0.209163129 0.121296681 0.238838926 -0.114780180 0.956592262
1403636897351666432.000000 -0.047002643 0.143775731 0.207638755 0.119029045 0.237908676 -0.113855183 0.957219183
1403636897401666560.000000 -0.045139797 0.148500651 0.215709820 0.114615381 0.235386521 -0.114391483 0.958316803
1403636897451666432.000000 -0.047359273 0.153386444 0.212952852 0.110725008 0.232206658 -0.114398591 0.959548414
1403636897501666560.000000 -0.049571425 0.160634220 0.208048940 0.106862180 0.228310779 -0.115461290 0.960793138
1403636897551666432.000000 -0.056489386 0.164708078 0.195802957 0.102295294 0.224172741 -0.115364969 0.962275088
1403636897601666560.000000 -0.055575907 0.170272201 0.201406240 0.097186454 0.217139095 -0.116898648 0.964230359
1403636897651666432.000000 -0.062797815 0.180739045 0.187826097 0.090876177 0.209731072 -0.120565780 0.966032326
1403636897701666560.000000 -0.068765417 0.185615763 0.171559811 0.086666107 0.200683296 -0.123965055 0.967909038
1403636897751666432.000000 -0.068964988 0.192042053 0.163024515 0.082999937 0.193279654 -0.127643302 0.969258070
1403636897801666560.000000 -0.067534260 0.198293447 0.153785855 0.080067962 0.186936125 -0.130688876 0.970342398
1403636897851666432.000000 -0.064707398 0.203915223 0.143991143 0.078297555 0.181355938 -0.132761493 0.971264064
1403636897901666560.000000 -0.059920199 0.208589599 0.133859977 0.077504620 0.177556172 -0.134458318 0.971796215
1403636897951666432.000000 -0.054402005 0.212462634 0.120586038 0.078102328 0.180364057 -0.135025308 0.971152425
1403636898001666560.000000 -0.047287308 0.215068936 0.112058759 0.079614095 0.186303660 -0.135576233 0.969830811
1403636898051666432.000000 -0.041210376 0.217229471 0.105496839 0.081838071 0.192183524 -0.135524705 0.968504608
1403636898101666560.000000 -0.036784597 0.219356686 0.100856870 0.084728189 0.196322262 -0.134974688 0.967502296
1403636898151666432.000000 -0.033795804 0.220532909 0.095436849 0.086752832 0.199141443 -0.135055810 0.966735065
1403636898201666560.000000 -0.025886485 0.225454256 0.088954166 0.089121692 0.200763151 -0.134757236 0.966225684
1403636898251666432.000000 -0.020424567 0.226414785 0.084254064 0.090627253 0.201287448 -0.135766640 0.965835154
1403636898301666560.000000 -0.013785500 0.227049500 0.079342209 0.091945380 0.201468796 -0.136491895 0.965570450
1403636898351666432.000000 -0.006395448 0.226975217 0.074220851 0.093286663 0.200997859 -0.137595743 0.965383291
1403636898401666560.000000 0.000027062 0.226208732 0.068542391 0.095155068 0.201070592 -0.138355598 0.965077162
1403636898451666432.000000 0.008499871 0.225034699 0.062688068 0.096949458 0.200250894 -0.139054909 0.964968503
1403636898501666560.000000 0.017681245 0.223485962 0.056686852 0.098938577 0.199544996 -0.139307126 0.964876413
1403636898551666432.000000 0.027770858 0.221692920 0.050716884 0.100448780 0.199435696 -0.139692813 0.964687228
1403636898601666560.000000 0.037710838 0.219722465 0.045295238 0.101100981 0.198844343 -0.141170889 0.964525998
1403636898651666432.000000 0.047448445 0.217439845 0.040245607 0.101728909 0.198685050 -0.142327979 0.964322686
1403636898701666560.000000 0.066904038 0.215725347 0.048566930 0.102404453 0.198160127 -0.143395469 0.964201093
1403636898751666432.000000 0.076884218 0.212966278 0.044874918 0.103578478 0.197582632 -0.143371224 0.964197755
1403636898801666560.000000 0.086486340 0.209935367 0.041660771 0.104924470 0.197751075 -0.143219426 0.964040220
1403636898851666432.000000 0.095901862 0.206538200 0.039684348 0.106265768 0.196940765 -0.142249808 0.964202762
1403636898901666560.000000 0.105691619 0.203020498 0.038471989 0.107673705 0.195671782 -0.141023412 0.964485049
1403636898951666432.000000 0.113795280 0.197691873 0.038862109 0.110078797 0.194660544 -0.138571993 0.964773476
1403636899001666560.000000 0.122849926 0.194183007 0.039537594 0.111600243 0.193886459 -0.134905249 0.965274096
1403636899051666432.000000 0.132325500 0.191360965 0.041292503 0.111516431 0.194515556 -0.131028950 0.965691090
1403636899101666560.000000 0.142434657 0.189609379 0.043791130 0.109130390 0.196266159 -0.126878470 0.966163635
1403636899151666432.000000 0.153189003 0.188705236 0.046479262 0.104276784 0.199300051 -0.123820603 0.966475248
1403636899201666560.000000 0.174849048 0.188552231 0.063876584 0.098223038 0.204110563 -0.120842211 0.966482401
1403636899251666432.000000 0.186767429 0.189353511 0.067255847 0.091273263 0.210810795 -0.115560934 0.966371417
1403636899301666560.000000 0.198274896 0.190912127 0.070630223 0.082863137 0.216880322 -0.109778449 0.966460228
1403636899351666432.000000 0.209482729 0.193678871 0.074325517 0.072369210 0.222932801 -0.104056515 0.966558814
1403636899401666560.000000 0.221186101 0.196861118 0.078034446 0.060796134 0.227717653 -0.098099329 0.966863513
1403636899451666432.000000 0.230088964 0.199614048 0.080437861 0.050477140 0.230239198 -0.091028199 0.967551470
1403636899501666560.000000 0.238776341 0.203848705 0.082959563 0.042679362 0.228433877 -0.081984021 0.969162047
1403636899551666432.000000 0.246453419 0.208608747 0.085286684 0.035979722 0.224560350 -0.074442253 0.970946193
1403636899601666560.000000 0.254189759 0.213887081 0.087352276 0.030225558 0.220978454 -0.068044290 0.972432494
1403636899651666432.000000 0.262225866 0.219826534 0.089329407 0.025627185 0.218775198 -0.062476940 0.973435819
1403636899701666560.000000 0.276539654 0.225238502 0.108316496 0.021318953 0.217160478 -0.058337551 0.974157929
1403636899751666432.000000 0.285285354 0.232440278 0.111061081 0.016878651 0.215152696 -0.055672675 0.974846125
1403636899801666560.000000 0.294420332 0.240576401 0.114443518 0.012430577 0.213846847 -0.054990683 0.975238979
1403636899851666432.000000 0.303679168 0.249247268 0.118470713 0.007735936 0.213631511 -0.056465581 0.975250423
1403636899901666560.000000 0.313123435 0.258669347 0.123714775 0.003606952 0.214365497 -0.058439970 0.974997044
1403636899951666432.000000 0.322938561 0.270752698 0.127761185 0.000916707 0.217108876 -0.060142208 0.974292517
1403636900001666560.000000 0.332231164 0.281169951 0.134014994 -0.001545496 0.220567435 -0.062216878 0.973384202
1403636900051666432.000000 0.341463506 0.291746229 0.140610367 -0.002403971 0.224595830 -0.062846176 0.972420335
1403636900101666560.000000 0.351077497 0.301995039 0.146659791 -0.002788379 0.229091167 -0.063785523 0.971308887
1403636900151666432.000000 0.361593425 0.311937660 0.151184544 -0.002973300 0.233221889 -0.064480916 0.970278800
1403636900201666560.000000 0.372375816 0.321219593 0.162745312 -0.002986146 0.235643059 -0.065797828 0.969605148
1403636900251666432.000000 0.384660721 0.330821663 0.163395897 -0.003007813 0.235568345 -0.066990346 0.969541550
1403636900301666560.000000 0.398149550 0.340111673 0.161771789 -0.002738963 0.234221414 -0.068239450 0.969781578
1403636900351666432.000000 0.412527472 0.348490268 0.158300370 -0.001308846 0.230208501 -0.068164073 0.970750272
1403636900401666560.000000 0.427262753 0.356935591 0.153064162 -0.000353264 0.225957468 -0.069005266 0.971689999
1403636900451666432.000000 0.445289493 0.365226030 0.147987053 0.000861750 0.221570671 -0.069942825 0.972632349
1403636900501666560.000000 0.460401654 0.373568237 0.143124953 0.001902218 0.218901545 -0.071411170 0.973128498
1403636900551666432.000000 0.474586725 0.382064402 0.139246106 0.003207815 0.216846198 -0.071737461 0.973561108
1403636900601666560.000000 0.485561013 0.393444479 0.134693921 0.004705487 0.215225220 -0.072303437 0.973872840
1403636900651666432.000000 0.497961998 0.402507424 0.133435965 0.005753167 0.211606517 -0.072778672 0.974624455
1403636900701666560.000000 0.509427845 0.411586970 0.133804798 -0.006773722 -0.206832826 0.072389185 -0.975671172
1403636900751666432.000000 0.520413578 0.420761555 0.135807067 -0.008119584 -0.202256262 0.072336003 -0.976623833
1403636900801666560.000000 0.530980647 0.430424452 0.139285907 -0.010109669 -0.199674338 0.070845492 -0.977245629
1403636900851666432.000000 0.543701410 0.441267550 0.144306719 -0.012437622 -0.200917140 0.069062173 -0.977091670
1403636900901666560.000000 0.554167747 0.451668471 0.150781214 0.016467575 0.202354893 -0.064515881 0.977046072
1403636900951666432.000000 0.564801395 0.462840855 0.158516333 0.018956782 0.205059171 -0.062064715 0.976595819
1403636901001666560.000000 0.574948847 0.475039065 0.167708009 0.020364417 0.207458407 -0.060113512 0.976182759
1403636901051666432.000000 0.584805667 0.488368690 0.178206638 0.021959972 0.208555892 -0.058406517 0.976017892
1403636901101666560.000000 0.589090407 0.500031054 0.185563907 0.023774955 0.210034400 -0.056123991 0.975792170
1403636901151666432.000000 0.598497927 0.515378296 0.197362036 0.024349844 0.210743338 -0.055241443 0.975675523
1403636901201666560.000000 0.608423531 0.531598926 0.209272787 0.024558188 0.211744085 -0.054971743 0.975468874
1403636901251666432.000000 0.619670749 0.548750818 0.220404848 0.023409920 0.212272167 -0.056620240 0.975287974
1403636901301666560.000000 0.631924629 0.566689968 0.229820579 0.021955675 0.213120148 -0.058952086 0.974998713
1403636901351666432.000000 0.645796120 0.588540435 0.238047838 0.021067144 0.213548556 -0.060577482 0.974824965
1403636901401666560.000000 0.660911560 0.608381689 0.246903643 0.019604577 0.213872656 -0.062622786 0.974655151
1403636901451666432.000000 0.680337191 0.628846705 0.244598448 0.017954087 0.214075953 -0.065346055 0.974463463
1403636901501666560.000000 0.698847473 0.649171472 0.251667261 0.016042715 0.214793175 -0.068102539 0.974150181
1403636901551666432.000000 0.717102289 0.669847786 0.259240448 0.014271562 0.215074390 -0.070325464 0.973957717
1403636901601666560.000000 0.734675705 0.690833807 0.267910540 0.013476790 0.215957880 -0.071524903 0.973686218
1403636901651666432.000000 0.751219511 0.711846530 0.277766675 0.012925632 0.217911050 -0.072344393 0.973197818
1403636901701666560.000000 0.766061723 0.736103117 0.282336801 0.012981417 0.219105080 -0.072098672 0.972947240
1403636901751666432.000000 0.779646933 0.757624149 0.295426577 0.014072707 0.219936952 -0.070847243 0.972836256
1403636901801666560.000000 0.792379081 0.779585540 0.309477627 0.013679010 0.220179603 -0.071068600 0.972770810
1403636901851666432.000000 0.804253221 0.801606119 0.324225307 0.013330942 0.220205560 -0.071635686 0.972728193
1403636901901666560.000000 0.814632535 0.823893070 0.341344178 0.013387114 0.220210388 -0.072029985 0.972697258
1403636901951666432.000000 0.824295402 0.846358061 0.358005136 0.012955251 0.220112696 -0.072779261 0.972669423
1403636902001666560.000000 0.833839715 0.868603230 0.374832213 0.012676111 0.220805109 -0.073831424 0.972436845
1403636902051666432.000000 0.844135165 0.890826643 0.391084403 0.012757270 0.220954716 -0.074703813 0.972335219
1403636902101666560.000000 0.855523229 0.912912369 0.405837893 0.012886944 0.221996590 -0.075017542 0.972071946
1403636902151666432.000000 0.869012594 0.934686482 0.420088440 0.012729614 0.221919373 -0.075971842 0.972017527
1403636902201666560.000000 0.880663633 0.963625252 0.406353295 0.013117437 0.220387727 -0.076196477 0.972343266
1403636902251666432.000000 0.895027578 0.984889328 0.417958617 0.013605853 0.220285252 -0.074875064 0.972462416
1403636902301666560.000000 0.909072280 1.006182551 0.429298460 0.014208740 0.220101282 -0.073082305 0.972631812
1403636902351666432.000000 0.920966685 1.028015852 0.441807151 0.014272078 0.219718918 -0.071938671 0.972802579
1403636902401666560.000000 0.930358231 1.050862312 0.456498981 0.013703688 0.219117358 -0.070981026 0.973016739
1403636902451666432.000000 0.938721120 1.074843049 0.475706398 0.012590691 0.218423948 -0.070991464 0.973186910
1403636902501666560.000000 0.944115877 1.098696351 0.495268196 0.010844333 0.217778698 -0.071850076 0.973289490
1403636902551666432.000000 0.949199080 1.122744203 0.515742779 0.008183629 0.218655288 -0.073473901 0.972997665
1403636902601666560.000000 0.954442739 1.146432281 0.536154985 0.005272759 0.217966557 -0.075492516 0.973017812
1403636902651666432.000000 0.945556045 1.174595952 0.545039713 0.002519667 0.219087675 -0.077512249 0.972618222
1403636902701666560.000000 0.952687800 1.197039604 0.563235044 0.000752841 0.220051557 -0.077938356 0.972369492
1403636902751666432.000000 0.960831583 1.218736649 0.579713941 -0.000456106 0.221101910 -0.077782385 0.972143888
1403636902801666560.000000 0.969963253 1.239578366 0.594522059 -0.000394849 0.221188366 -0.076588862 0.972218990
1403636902851666432.000000 0.981398225 1.260920525 0.604932904 0.000387547 0.223067150 -0.076369934 0.971806884
1403636902901666560.000000 0.993078768 1.280308723 0.615787148 0.001687076 0.224816889 -0.076035470 0.971428394
1403636902951666432.000000 1.005551100 1.299148798 0.624954581 0.002571451 0.225628749 -0.076299839 0.971217513
1403636903001666560.000000 1.017813683 1.317596078 0.632690966 0.003483069 0.224288642 -0.076294400 0.971525431
1403636903051666432.000000 1.031131029 1.335309386 0.639366031 0.004562847 0.224333435 -0.076273508 0.971512258
1403636903101666560.000000 1.046109676 1.352082968 0.644632936 0.005853734 0.223250166 -0.076401614 0.971744776
1403636903151666432.000000 1.056298494 1.372544646 0.642058969 0.006968208 0.222909644 -0.076661274 0.971795142
1403636903201666560.000000 1.074498177 1.388386011 0.644146025 0.008120258 0.222090229 -0.076720968 0.971969128
1403636903251666432.000000 1.092908740 1.404015183 0.643961430 0.008970916 0.220299870 -0.077468157 0.972309709
1403636903301666560.000000 1.111145258 1.419490695 0.642736375 0.009131087 0.219190493 -0.078900836 0.972443819
1403636903351666432.000000 1.129127264 1.434952021 0.641516685 0.009090258 0.218132570 -0.080119893 0.972582340
1403636903401666560.000000 1.146215439 1.450970888 0.639146745 0.008762337 0.217695728 -0.082398064 0.972492933
1403636903451666432.000000 1.161422968 1.466764092 0.639996052 0.008684503 0.216747493 -0.083659388 0.972597718
1403636903501666560.000000 1.175505161 1.482584834 0.641920805 0.008968004 0.217040315 -0.084090434 0.972492635
1403636903551666432.000000 1.188212633 1.498085022 0.644912660 0.009276359 0.217000619 -0.084727950 0.972443283
1403636903601666560.000000 1.199586749 1.513619184 0.649071574 0.009872633 0.216290593 -0.084556982 0.972610474
1403636903651666432.000000 1.217791677 1.527091980 0.652421594 0.010560983 0.212438092 -0.082911238 0.973593473
1403636903701666560.000000 1.226163864 1.542215824 0.659333289 0.012117567 0.210221797 -0.080926657 0.974223197
1403636903751666432.000000 1.234192371 1.557348967 0.667224407 0.012948244 0.207454473 -0.079838105 0.974895298
1403636903801666560.000000 1.243008614 1.572122574 0.675067782 0.014980024 0.206001639 -0.076984607 0.975403666
1403636903851666432.000000 1.253949165 1.586991429 0.683177888 0.017164003 0.204596847 -0.073856525 0.975905120
1403636903901666560.000000 1.263837934 1.603168488 0.688381135 0.017978255 0.205620199 -0.072850838 0.975750983
1403636903951666432.000000 1.277923346 1.617821336 0.693828404 0.019943630 0.207033232 -0.070473649 0.975588500
1403636904001666560.000000 1.293789268 1.632677078 0.698149085 0.020655708 0.208828419 -0.069465347 0.975263357
1403636904051666432.000000 1.311352849 1.647889495 0.700995922 0.021815617 0.211160511 -0.068093874 0.974832594
1403636904101666560.000000 1.330537677 1.663416266 0.703362226 0.022410583 0.212299123 -0.066985160 0.974648595
1403636904151666432.000000 1.364158392 1.680505753 0.709233224 0.023314523 0.211027324 -0.065823600 0.974982679
1403636904201666560.000000 1.385932446 1.697267890 0.709493876 0.024308329 0.212307751 -0.064135931 0.974792898
1403636904251666432.000000 1.408218384 1.714633465 0.708807588 0.023483746 0.213285655 -0.064518496 0.974574327
1403636904301666560.000000 1.430542588 1.732743382 0.708367109 0.023768641 0.213964328 -0.063595742 0.974479318
1403636904351666432.000000 1.452726245 1.751442194 0.708590746 0.023209993 0.215089992 -0.063801832 0.974231541
1403636904401666560.000000 1.478655219 1.771493077 0.711310208 0.021947471 0.216018423 -0.064524598 0.974007666
1403636904451666432.000000 1.497997642 1.791973591 0.713505745 0.020182490 0.216907829 -0.066677645 0.973703206
1403636904501666560.000000 1.515857339 1.813046694 0.716484427 0.019444916 0.217345685 -0.066663958 0.973621488
1403636904551666432.000000 1.532875776 1.834872127 0.720216215 0.017733749 0.217585936 -0.067904882 0.973514676
1403636904601666560.000000 1.549510479 1.857340097 0.726447940 0.016157670 0.217547178 -0.069578618 0.973432541
1403636904651666432.000000 1.565805674 1.880042315 0.731392264 0.014250259 0.217582464 -0.070952944 0.973355293
1403636904701666560.000000 1.594019890 1.902279854 0.738019943 0.012373898 0.217124417 -0.072108552 0.973398328
1403636904751666432.000000 1.609827876 1.925351501 0.743119836 0.010937676 0.217629075 -0.072916128 0.973242640
1403636904801666560.000000 1.625475168 1.948374033 0.748342156 0.009211580 0.217866808 -0.074065931 0.973120511
1403636904851666432.000000 1.640546203 1.971441031 0.753832340 0.007587088 0.217829466 -0.074944586 0.973075628
1403636904901666560.000000 1.654944062 1.994510889 0.759995580 0.005522477 0.217554659 -0.076522805 0.973028123
1403636904951666432.000000 1.670756340 2.016705513 0.770786703 0.003720804 0.217109695 -0.077559046 0.973054051
1403636905001666560.000000 1.683478594 2.039302588 0.779302239 0.002487934 0.217717364 -0.077792905 0.972903550
1403636905051666432.000000 1.702203274 2.061877251 0.790162921 0.001926961 0.217612654 -0.076971449 0.972993612
1403636905101666560.000000 1.714790344 2.083727121 0.798744917 -0.000317363 0.218524009 -0.078574121 0.972663045
1403636905151666432.000000 1.727974772 2.104997635 0.806636393 -0.000958742 0.219471753 -0.077719316 0.972517848
1403636905201666560.000000 1.742488027 2.125932932 0.814148426 -0.002711658 0.219638318 -0.078815900 0.972388685
1403636905251666432.000000 1.757730484 2.145875692 0.820873857 -0.003996867 0.218879238 -0.078994095 0.972540915
1403636905301666560.000000 1.777093887 2.165235996 0.829039395 -0.005677173 0.217919499 -0.079705320 0.972690105
1403636905351666432.000000 1.795049310 2.183901548 0.837050915 -0.006467464 0.215847731 -0.078872181 0.973214805
1403636905401666560.000000 1.813418865 2.200977087 0.841012955 -0.007505599 0.213466346 -0.079586931 0.973674417
1403636905451666432.000000 1.832884073 2.216721058 0.844040513 -0.007221089 0.212653026 -0.081608489 0.973687172
1403636905501666560.000000 1.853065133 2.231261015 0.846455991 -0.005646556 0.211666033 -0.084428914 0.973672152
1403636905551666432.000000 1.873240352 2.244688511 0.849408865 0.004362211 -0.211362436 0.087570436 -0.973467171
1403636905601666560.000000 1.892253041 2.257750273 0.853449225 0.003185046 -0.211141914 0.090579741 -0.973244250
1403636905651666432.000000 1.909955740 2.270295620 0.859094262 0.000643616 -0.210527882 0.091331601 -0.973311961
1403636905701666560.000000 1.928538561 2.283584118 0.872448385 0.002091802 0.209795058 -0.091110535 0.973488867
1403636905751666432.000000 1.943877101 2.295007467 0.881249607 0.005069921 0.209937200 -0.090370230 0.973516285
1403636905801666560.000000 1.957897067 2.306056738 0.892039716 0.007340580 0.209244922 -0.089710571 0.973711908
1403636905851666432.000000 1.970438242 2.316860914 0.904314995 0.009168571 0.208542600 -0.089565612 0.973860323
1403636905901666560.000000 1.981776953 2.327213526 0.917750537 0.010884220 0.207442358 -0.089437559 0.974089384
1403636905951666432.000000 1.992642760 2.337037325 0.932513595 0.012307463 0.205554768 -0.089240782 0.974490583
1403636906001666560.000000 2.001113176 2.347046852 0.946793199 -0.013248168 -0.203261435 0.089893557 -0.974899232
1403636906051666432.000000 2.010786533 2.356551886 0.963320076 -0.012836987 -0.200960651 0.092102483 -0.975175500
1403636906101666560.000000 2.020462036 2.365340710 0.980908155 -0.013182653 -0.199653089 0.093072072 -0.975347340
1403636906151666432.000000 2.031122208 2.373301506 0.998557210 -0.014008342 -0.199172318 0.093642347 -0.975379586
1403636906201666560.000000 2.054879189 2.380948782 1.029300570 0.014653401 0.200863749 -0.094050609 0.974983871
1403636906251666432.000000 2.070347548 2.387055397 1.045279026 -0.016409637 -0.204994142 0.093518995 -0.974146962
1403636906301666560.000000 2.087483406 2.392381668 1.060528755 -0.017961863 -0.210080460 0.092650786 -0.973118424
1403636906351666432.000000 2.105128050 2.397125006 1.074780703 -0.020093698 -0.213956401 0.090272836 -0.972455502
1403636906401666560.000000 2.123685837 2.401300430 1.087950945 -0.022360047 -0.216645330 0.087429941 -0.972070396
1403636906451666432.000000 2.146064520 2.405007362 1.101797223 0.026739314 0.217875525 -0.080446579 0.972287893
1403636906501666560.000000 2.165358543 2.409042835 1.112736940 0.030474348 0.217830151 -0.074354902 0.972672939
1403636906551666432.000000 2.183963299 2.413775682 1.123895168 0.033066276 0.216025934 -0.070211329 0.973298430
1403636906601666560.000000 2.201477766 2.419370890 1.135632753 0.033682115 0.212717026 -0.068348244 0.974138379
1403636906651666432.000000 2.217831135 2.426416636 1.148185015 0.032791711 0.211798236 -0.069616690 0.974279106
1403636906701666560.000000 2.233914137 2.434195995 1.161094904 0.030283570 0.212759271 -0.073392294 0.973873675
1403636906751666432.000000 2.248996019 2.443019629 1.174966455 0.027465496 0.213680848 -0.077653043 0.973424971
1403636906801666560.000000 2.275119781 2.449265957 1.202426553 0.024740795 0.213514552 -0.081376679 0.973230362
1403636906851666432.000000 2.288499832 2.458751678 1.218212724 0.023532476 0.213285789 -0.084087797 0.973080039
1403636906901666560.000000 2.301856041 2.468086958 1.234164119 0.022355769 0.212838635 -0.087199569 0.972931802
1403636906951666432.000000 2.315950155 2.476782799 1.249441028 0.021939449 0.212850675 -0.089356668 0.972742856
1403636907001666560.000000 2.331607342 2.484727383 1.263837576 0.021949835 0.212679908 -0.091302224 0.972599328
1403636907051666432.000000 2.346793652 2.493105888 1.278180599 0.022543292 0.212614045 -0.092083044 0.972526550
1403636907101666560.000000 2.363960743 2.500332355 1.290395617 0.022947850 0.211576819 -0.092765465 0.972678423
1403636907151666432.000000 2.391216040 2.504776955 1.315703034 0.022548079 0.209222630 -0.094147786 0.973064125
1403636907201666560.000000 2.407500505 2.511348963 1.329190493 0.023167096 0.206166461 -0.094187394 0.973697782
1403636907251666432.000000 2.422891617 2.517597675 1.344428539 0.023901597 0.203034043 -0.093761064 0.974379182
1403636907301666560.000000 2.437677145 2.523705959 1.361548305 0.024940021 0.200465560 -0.093603998 0.974899948
1403636907351666432.000000 2.452555180 2.529082298 1.379290462 0.026848797 0.199373230 -0.091699608 0.975254178
1403636907401666560.000000 2.471786022 2.535159826 1.405587912 0.029217979 0.198241562 -0.088959366 0.975670516
1403636907451666432.000000 2.489686012 2.539800882 1.421904683 0.030854590 0.197224125 -0.087016448 0.976001501
1403636907501666560.000000 2.509413481 2.544284105 1.437572718 0.033615377 0.197625875 -0.083843067 0.976106763
1403636907551666432.000000 2.531509638 2.548902750 1.452080369 0.036005646 0.196540684 -0.079973109 0.976565242
1403636907601666560.000000 2.556706667 2.552144527 1.466833591 0.037033841 0.197273046 -0.079143941 0.976446748
1403636907651666432.000000 2.582706928 2.559827566 1.485432386 0.038194109 0.197487831 -0.077579968 0.976484060
1403636907701666560.000000 2.611680031 2.565151215 1.498015165 0.039131317 0.197502434 -0.076044321 0.976564825
1403636907751666432.000000 2.642131329 2.571084261 1.509501457 0.039577089 0.197809130 -0.075705893 0.976511121
1403636907801666560.000000 2.673599720 2.577820539 1.521143794 0.040323794 0.197906539 -0.074261501 0.976571679
1403636907851666432.000000 2.708874226 2.587716341 1.541176558 0.040907867 0.198202834 -0.073612593 0.976536453
1403636907901666560.000000 2.738741159 2.596331120 1.558442950 0.040822666 0.199616686 -0.074205264 0.976207137
1403636907951666432.000000 2.767638206 2.605926037 1.579489708 0.039491434 0.203062624 -0.077241428 0.975315213
1403636908001666560.000000 2.795298100 2.616426468 1.603365779 0.037631243 0.205771893 -0.081104666 0.974507034
1403636908051666432.000000 2.821049452 2.629206181 1.628730297 0.035559740 0.208872363 -0.086472705 0.973463118
1403636908101666560.000000 2.848262310 2.640254974 1.654106021 0.035332628 0.211479589 -0.088884242 0.972690940
1403636908151666432.000000 2.876071215 2.651286840 1.678764820 0.035295036 0.212826237 -0.090896882 0.972212493
1403636908201666560.000000 2.904271603 2.662195683 1.701668620 0.035816684 0.215069562 -0.092652693 0.971533775
1403636908251666432.000000 2.934999228 2.676179647 1.723273158 0.036441702 0.215585262 -0.094376735 0.971230149
1403636908301666560.000000 2.961800337 2.687059879 1.745022058 0.037195753 0.215855256 -0.095212437 0.971060038
1403636908351666432.000000 2.987373590 2.697808981 1.767525434 0.037568804 0.215076938 -0.096636593 0.971077681
1403636908401666560.000000 3.011813641 2.708620548 1.790739536 0.038757168 0.214620993 -0.096748084 0.971120834
1403636908451666432.000000 3.037387609 2.721449137 1.813569307 0.039867863 0.213313550 -0.097394124 0.971299350
1403636908501666560.000000 3.059861183 2.732181549 1.839035988 0.040814679 0.212328553 -0.097810581 0.971433938
1403636908551666432.000000 3.081861019 2.742936373 1.865070224 0.041654166 0.211826369 -0.098279327 0.971460640
1403636908601666560.000000 3.103685617 2.753741503 1.890986323 0.042487502 0.211267933 -0.098994732 0.971473515
1403636908651666432.000000 3.124943256 2.764890432 1.911146283 0.043271862 0.210269183 -0.100297593 0.971521914
1403636908701666560.000000 3.148043156 2.775120735 1.934208870 0.044045508 0.208553165 -0.100266613 0.971860230
1403636908751666432.000000 3.172863007 2.784870625 1.956075311 0.045056831 0.205821097 -0.099833742 0.972440660
1403636908801666560.000000 3.199673176 2.794128180 1.976487875 0.046320204 0.203772619 -0.098934218 0.972904503
1403636908851666432.000000 3.230936289 2.803725243 1.995467663 0.047633611 0.200441957 -0.097307950 0.973696768
1403636908901666560.000000 3.262377977 2.812358141 2.013923407 0.047604643 0.198327780 -0.097815767 0.974080086
1403636908951666432.000000 3.294777870 2.820621729 2.031334639 0.048607666 0.197157875 -0.097290948 0.974320590
1403636909001666560.000000 3.329224110 2.828451157 2.048367023 0.049330134 0.197026834 -0.096748121 0.974364817
1403636909051666432.000000 3.365008354 2.837031364 2.064512968 0.050211117 0.196985930 -0.095283642 0.974472463
1403636909101666560.000000 3.399826527 2.845299721 2.083039522 0.050901722 0.196031526 -0.093989320 0.974754691
1403636909151666432.000000 3.434082747 2.853890896 2.102535248 0.051599897 0.196244702 -0.092805095 0.974788547
1403636909201666560.000000 3.467753649 2.863069534 2.123802185 0.051090591 0.195778921 -0.092947319 0.974895537
1403636909251666432.000000 3.502740383 2.872014046 2.147626638 0.050697677 0.194907621 -0.092304230 0.975151658
1403636909301666560.000000 3.535471916 2.882242203 2.172120571 0.050581045 0.194654748 -0.091560923 0.975278258
1403636909351666432.000000 3.568340063 2.892588377 2.197758675 0.050019879 0.196091697 -0.091730833 0.975003362
1403636909401666560.000000 3.600980043 2.903284550 2.224854231 0.049327962 0.197236970 -0.092194498 0.974763811
1403636909451666432.000000 3.633017778 2.913820982 2.252595425 0.047887255 0.200003177 -0.093420304 0.974155188
1403636909501666560.000000 3.665046453 2.925343990 2.281763315 0.046828605 0.202795342 -0.094446272 0.973530233
1403636909551666432.000000 3.695563316 2.937212706 2.312357664 0.046741933 0.204112977 -0.094010077 0.973301232
1403636909601666560.000000 3.724925995 2.949345112 2.344054222 0.046770666 0.205017477 -0.092427976 0.973261297
1403636909651666432.000000 3.754095554 2.960493088 2.378232956 0.048308082 0.206639200 -0.089121476 0.973151624
1403636909701666560.000000 3.782004833 2.973495483 2.411357164 0.048475873 0.208982050 -0.087689094 0.972772956
1403636909751666432.000000 3.809405804 2.987057686 2.445231676 0.047918543 0.213634089 -0.088079013 0.971754372
1403636909801666560.000000 3.835729599 3.001324654 2.480011463 0.045303509 0.217400253 -0.091867670 0.970693111
1403636909851666432.000000 3.861204863 3.014954567 2.517760038 0.041049037 0.221686229 -0.097833037 0.969329178
1403636909901666560.000000 3.884941339 3.029655695 2.553567410 0.036439162 0.223881930 -0.104958341 0.968262792
1403636909951666432.000000 3.907481670 3.043939114 2.589339733 0.031882107 0.227679506 -0.112094820 0.966736972
1403636910001666560.000000 3.928243160 3.057293892 2.625072956 0.028879374 0.231791928 -0.116776623 0.965298772
1403636910051666432.000000 3.945921183 3.070373774 2.663868427 0.028082848 0.234290034 -0.118520886 0.964506328
1403636910101666560.000000 3.963884592 3.080794811 2.698366642 0.030057795 0.233464003 -0.115782663 0.964979589
1403636910151666432.000000 3.981784821 3.089695930 2.731357574 0.032848239 0.230664194 -0.112224020 0.965981841
1403636910201666560.000000 4.000337124 3.097335815 2.763511896 0.035839856 0.225396559 -0.107584238 0.967645407
1403636910251666432.000000 4.020623684 3.103717804 2.793499470 0.037421104 0.222102076 -0.105482318 0.968578279
1403636910301666560.000000 4.040822983 3.112777948 2.824605942 0.039380718 0.218616217 -0.102779917 0.969583690
1403636910351666432.000000 4.062632084 3.118031502 2.850279570 0.040561084 0.215317592 -0.101133600 0.970445871
1403636910401666560.000000 4.085768223 3.122720957 2.874454975 0.041375384 0.213816926 -0.100915842 0.970765948
1403636910451666432.000000 4.110060215 3.127146244 2.897407293 0.041486558 0.212547809 -0.101754338 0.970952332
1403636910501666560.000000 4.136529446 3.129933357 2.919186592 0.042757150 0.212425679 -0.101579711 0.970942259
1403636910551666432.000000 4.162370682 3.138577700 2.947014809 0.042548165 0.211538926 -0.102843359 0.971011996
1403636910601666560.000000 4.186941624 3.142374039 2.969824314 0.042456154 0.211466834 -0.103631921 0.970947862
1403636910651666432.000000 4.210199833 3.146254301 2.993782997 0.042400688 0.210867628 -0.104031712 0.971037805
1403636910701666560.000000 4.232055664 3.150096893 3.018773317 0.042756144 0.211010784 -0.104167044 0.970976651
1403636910751666432.000000 4.252943516 3.153351307 3.045188427 0.043491304 0.210844249 -0.103576958 0.971043289
1403636910801666560.000000 4.272405148 3.156922340 3.072420835 0.043756858 0.210437298 -0.102946401 0.971186638
1403636910851666432.000000 4.280670643 3.155169249 3.096000433 0.044266418 0.209996387 -0.102556013 0.971300364
1403636910901666560.000000 4.298126698 3.158473969 3.124639511 0.045340803 0.209228575 -0.100825042 0.971597672
1403636910951666432.000000 4.315638542 3.161607027 3.153632879 0.046916831 0.211897090 -0.099022210 0.971129835
1403636911001666560.000000 4.334108353 3.164609909 3.181585073 0.049621448 0.219345525 -0.096136913 0.969630361
1403636911051666432.000000 4.352690220 3.168189526 3.208608627 0.051016647 0.227092445 -0.094844423 0.967900276
1403636911101666560.000000 4.383505821 3.170386314 3.234786034 0.051731877 0.231484950 -0.094534047 0.966851592
1403636911151666432.000000 4.402105331 3.174581051 3.259715796 0.051355213 0.229876459 -0.094889909 0.967220426
1403636911201666560.000000 4.420993805 3.179197311 3.282757998 0.049515773 0.225791276 -0.096914738 0.968077481
1403636911251666432.000000 4.439931870 3.183833838 3.304225922 0.048579410 0.220417932 -0.097804852 0.969273090
1403636911301666560.000000 4.458101273 3.189235926 3.323270321 0.047196921 0.216571346 -0.099647500 0.970020473
1403636911351666432.000000 4.477721214 3.194215298 3.340502977 0.045134667 0.214373156 -0.101907581 0.970372021
1403636911401666560.000000 4.498610497 3.198609829 3.355022907 0.045031473 0.214394733 -0.102166764 0.970344841
1403636911451666432.000000 4.541687012 3.199696302 3.372693539 0.043965589 0.213884279 -0.103149630 0.970402360
1403636911501666560.000000 4.563203335 3.203571081 3.384999752 0.043648429 0.213167295 -0.103215329 0.970567465
1403636911551666432.000000 4.584732056 3.207317352 3.397207022 0.043257192 0.213080063 -0.103836872 0.970537841
1403636911601666560.000000 4.605216026 3.210987091 3.409889936 0.043185920 0.212749198 -0.103614055 0.970637441
1403636911651666432.000000 4.624687672 3.214671135 3.423010826 0.042725760 0.213210091 -0.104122132 0.970502257
1403636911701666560.000000 4.644851208 3.219099998 3.438848019 0.043017820 0.212644726 -0.103531204 0.970676601
1403636911751666432.000000 4.662566185 3.223402739 3.453732967 0.043496590 0.213009208 -0.102242313 0.970711946
1403636911801666560.000000 4.679659367 3.227538824 3.469320059 0.045496970 0.212733999 -0.098655857 0.971051693
1403636911851666432.000000 4.695323467 3.231886387 3.485818624 0.047581591 0.212476954 -0.095371656 0.971336126
1403636911901666560.000000 4.709710121 3.236723185 3.503685474 0.050107002 0.209453911 -0.090307608 0.972349226
1403636911951666432.000000 4.743765831 3.234186649 3.539578199 0.051799782 0.206571400 -0.086149216 0.973254025
1403636912001666560.000000 4.757786274 3.240204573 3.559276104 0.051204734 0.205954283 -0.086356342 0.973397911
1403636912051666432.000000 4.771550655 3.247006416 3.579793453 0.049423371 0.206324905 -0.088451914 0.973223329
1403636912101666560.000000 4.785258293 3.253688097 3.601062775 0.049216222 0.206286699 -0.087911472 0.973290920
1403636912151666432.000000 4.800579071 3.260932922 3.622536898 0.048776429 0.207761496 -0.089226529 0.972879589
1403636912201666560.000000 4.821733475 3.269927502 3.644628048 0.047429036 0.208506733 -0.090895757 0.972632229
1403636912251666432.000000 4.841534138 3.277689934 3.663061142 0.046492785 0.210081920 -0.092316501 0.972204566
1403636912301666560.000000 4.863039970 3.285295486 3.680253506 0.045037758 0.211470798 -0.094736837 0.971738994
1403636912351666432.000000 4.885206699 3.292691231 3.696578741 0.044518363 0.211783662 -0.095050544 0.971664190
1403636912401666560.000000 4.908046246 3.300204039 3.712606192 0.044202872 0.211501092 -0.094914094 0.971753478
1403636912451666432.000000 4.925607204 3.303421736 3.750064611 0.045084648 0.211903915 -0.092383452 0.971869051
1403636912501666560.000000 4.947329521 3.311564922 3.767943382 0.046998229 0.211466670 -0.088862330 0.972201943
1403636912551666432.000000 4.968286037 3.320421934 3.787091732 0.046687324 0.211709410 -0.088310972 0.972214282
1403636912601666560.000000 4.987975597 3.329609394 3.807813644 0.047059357 0.211081415 -0.086860694 0.972463548
1403636912651666432.000000 5.006604671 3.339580059 3.830108881 0.048432980 0.211754546 -0.084025227 0.972498894
1403636912701666560.000000 5.029768467 3.347910643 3.849626541 0.049705807 0.210879624 -0.081064530 0.972876072
1403636912751666432.000000 5.048381329 3.358934641 3.872648954 0.051567342 0.210882649 -0.077634223 0.973058224
1403636912801666560.000000 5.053982258 3.373670340 3.907938480 0.052432466 0.211700439 -0.076092869 0.972956181
1403636912851666432.000000 5.071412086 3.386846781 3.932509661 0.051868502 0.212028459 -0.076600231 0.972875178
1403636912901666560.000000 5.088578224 3.401340961 3.957927704 0.050070584 0.212925315 -0.079009168 0.972580791
1403636912951666432.000000 5.104848862 3.417053699 3.984275818 0.048522595 0.215912163 -0.081690148 0.971778929
1403636913001666560.000000 5.120343208 3.433414936 4.011070728 0.046357892 0.219038919 -0.085363150 0.970868766
1403636913051666432.000000 5.128547192 3.452509165 4.044486046 0.045025490 0.222339422 -0.087706983 0.969971895
1403636913101666560.000000 5.142990589 3.470027685 4.070738792 0.043906063 0.224644452 -0.089853369 0.969295382
1403636913151666432.000000 5.157278061 3.487715006 4.095533848 0.042946529 0.226365194 -0.092013896 0.968735158
1403636913201666560.000000 5.172173500 3.505397081 4.118809700 0.042416491 0.228626654 -0.093221828 0.968111813
1403636913251666432.000000 5.186356068 3.522857189 4.141485214 0.042145059 0.228541762 -0.093952999 0.968073010
1403636913301666560.000000 5.198297501 3.541866064 4.166088581 0.041789852 0.228020996 -0.094650201 0.968143284
1403636913351666432.000000 5.216241837 3.558723688 4.185341835 0.043108117 0.224669874 -0.092758335 0.969051659
1403636913401666560.000000 5.235560894 3.575325966 4.202929020 0.044433568 0.221881121 -0.090675160 0.969831228
1403636913451666432.000000 5.255724430 3.591999054 4.218762398 0.046829443 0.218960747 -0.087226048 0.970698178
1403636913501666560.000000 5.276941776 3.608248234 4.235728741 0.046843633 0.217621475 -0.086090215 0.971099973
1403636913551666432.000000 5.288528442 3.632397652 4.252349377 0.045842759 0.217495769 -0.087321252 0.971065998
1403636913601666560.000000 5.307909012 3.650153875 4.269426346 0.044449802 0.216977373 -0.088897012 0.971103668
1403636913651666432.000000 5.326040745 3.668268919 4.287460327 0.043230187 0.216404468 -0.089881718 0.971195996
1403636913701666560.000000 5.343205929 3.686886311 4.306405544 0.041966442 0.216339797 -0.091086581 0.971153557
1403636913751666432.000000 5.358494759 3.706665039 4.324684620 0.041171342 0.217241317 -0.092373542 0.970864713
1403636913801666560.000000 5.374728203 3.725648403 4.343678951 0.041111104 0.217181742 -0.092409037 0.970877290
1403636913851666432.000000 5.406713963 3.749004841 4.367396355 0.040425502 0.216981694 -0.093999565 0.970798075
1403636913901666560.000000 5.424477100 3.767697573 4.384733200 0.040522579 0.217482850 -0.094129100 0.970669329
1403636913951666432.000000 5.443911552 3.786038637 4.400434494 0.040434986 0.218149319 -0.094995834 0.970438957
1403636914001666560.000000 5.464471340 3.804198265 4.413917542 0.040277820 0.218008772 -0.095302589 0.970447004
1403636914051666432.000000 5.485439301 3.822377920 4.426496983 0.040746689 0.217602476 -0.094689779 0.970578551
1403636914101666560.000000 5.504613400 3.842361689 4.435638905 0.042359270 0.218351841 -0.092578679 0.970544934
1403636914151666432.000000 5.525526047 3.860389233 4.447798729 0.043510336 0.218087271 -0.090755783 0.970725596
1403636914201666560.000000 5.545316696 3.878940582 4.460615635 0.043464888 0.217582390 -0.090358488 0.970877945
1403636914251666432.000000 5.563960552 3.898069859 4.474048138 0.042894948 0.217989564 -0.090174258 0.970829189
1403636914301666560.000000 5.580590725 3.917423010 4.487865925 0.042024974 0.216642290 -0.091669917 0.971028686
1403636914351666432.000000 5.596841812 3.937184572 4.502454281 0.041114163 0.217791751 -0.092925988 0.970691085
1403636914401666560.000000 5.614862442 3.957845926 4.514023304 0.039497972 0.218103036 -0.095227309 0.970465302
1403636914451666432.000000 5.630409241 3.977663279 4.528148174 0.038724679 0.218264773 -0.096363887 0.970347881
1403636914501666560.000000 5.647140026 3.996899843 4.540830612 0.037575807 0.218374208 -0.097768381 0.970227897
1403636914551666432.000000 5.664948463 4.015679359 4.552077770 0.037096255 0.218362287 -0.098208442 0.970204592
1403636914601666560.000000 5.684342861 4.034009457 4.562228203 0.036809929 0.218740717 -0.098523997 0.970098257
1403636914651666432.000000 5.708557606 4.052383423 4.567343235 0.036313977 0.220141962 -0.099010289 0.969750404
1403636914701666560.000000 5.729008198 4.070007324 4.574163437 0.036517061 0.220569178 -0.098509848 0.969696701
1403636914751666432.000000 5.749709606 4.087285042 4.580419540 0.035453200 0.221388474 -0.099027008 0.969496787
1403636914801666560.000000 5.769695282 4.104457378 4.586847305 0.035285253 0.221875116 -0.098904632 0.969404101
1403636914851666432.000000 5.788837433 4.122079372 4.593987942 0.034787774 0.221459448 -0.099007450 0.969506681
1403636914901666560.000000 5.801203728 4.136337757 4.602035522 0.033912882 0.220434979 -0.098885387 0.969783545
1403636914951666432.000000 5.816302776 4.153664589 4.611000538 0.033245433 0.218836263 -0.098953038 0.970161736
1403636915001666560.000000 5.830001831 4.170789719 4.620855331 0.032697767 0.217174530 -0.098485731 0.970601201
1403636915051666432.000000 5.842598915 4.187559605 4.631488800 0.032333180 0.215579599 -0.098548807 0.970962465
1403636915101666560.000000 5.854643822 4.204275131 4.642689228 0.031587187 0.214656651 -0.098746732 0.971171379
1403636915151666432.000000 5.864027023 4.220965385 4.655680180 0.031013394 0.213022590 -0.098634452 0.971561074
1403636915201666560.000000 5.873445511 4.237154484 4.669271469 0.030363884 0.210809201 -0.098860510 0.972041249
1403636915251666432.000000 5.881846905 4.252990246 4.684138775 0.029961603 0.206888184 -0.098469652 0.972935438
1403636915301666560.000000 5.889780998 4.268194675 4.699748039 0.029010177 0.202784777 -0.098953441 0.973778725
1403636915351666432.000000 5.910421848 4.281847954 4.713118076 0.028301785 0.197893992 -0.099098340 0.974790573
1403636915401666560.000000 5.918712616 4.296373844 4.730158329 -0.028115418 -0.195972890 0.099367440 -0.975156605
1403636915451666432.000000 5.927863121 4.310174942 4.747530937 -0.028391186 -0.195963427 0.098938957 -0.975194037
1403636915501666560.000000 5.939669609 4.322905540 4.763658524 0.030539267 0.199376598 -0.096094273 0.974721611
1403636915551666432.000000 5.953671932 4.335051537 4.779170990 0.033915501 0.204743281 -0.091765471 0.973914325
1403636915601666560.000000 5.967659473 4.347977161 4.798843861 0.037214242 0.208986431 -0.087559491 0.973279595
1403636915651666432.000000 5.984830856 4.359684944 4.814157963 0.040676404 0.212641031 -0.083295017 0.972723663
1403636915701666560.000000 6.009069920 4.371827602 4.828729630 0.043188702 0.215208530 -0.080071248 0.972321332
1403636915751666432.000000 6.028115273 4.384757042 4.840410233 0.043744989 0.217442110 -0.079966851 0.971807897
1403636915801666560.000000 6.047745228 4.398445606 4.850821972 0.044693667 0.218005344 -0.079045847 0.971713901
1403636915851666432.000000 6.069651604 4.412656784 4.859138489 0.045063540 0.218954295 -0.079096019 0.971479356
1403636915901666560.000000 6.092896938 4.427083492 4.865146637 0.045201056 0.219539940 -0.079582155 0.971301138
1403636915951666432.000000 6.116771698 4.442318916 4.872528553 0.044143032 0.219536528 -0.081795067 0.971166670
1403636916001666560.000000 6.139792442 4.458409309 4.878728390 0.041502394 0.220691755 -0.086419746 0.970620632
1403636916051666432.000000 6.166286469 4.476244450 4.890587330 0.038988646 0.220689222 -0.090653330 0.970339179
1403636916101666560.000000 6.186625481 4.493201256 4.898410320 0.036183748 0.221147358 -0.095659971 0.969862759
1403636916151666432.000000 6.205499649 4.510231495 4.906757355 0.034711119 0.220864311 -0.098904088 0.969655693
1403636916201666560.000000 6.223317623 4.527405739 4.915419102 0.033861887 0.220439583 -0.100651428 0.969602585
1403636916251666432.000000 6.241009235 4.544166088 4.923310280 0.034486439 0.220463797 -0.099983692 0.969644070
1403636916301666560.000000 6.259232044 4.560172081 4.930112362 0.035263047 0.220111892 -0.099372000 0.969758987
1403636916351666432.000000 6.281569481 4.576487064 4.939574242 0.035912793 0.219909623 -0.099196337 0.969799101
1403636916401666560.000000 6.300663948 4.592048645 4.943605900 0.034482941 0.219065472 -0.100226372 0.969936073
1403636916451666432.000000 6.319440842 4.607690811 4.947547913 0.030631036 0.220420197 -0.101610079 0.969614387
1403636916501666560.000000 6.336934090 4.623439789 4.952466488 0.026610689 0.220627487 -0.098944075 0.969961584
1403636916551666432.000000 6.353557110 4.639235973 4.958044052 0.019908644 0.221518174 -0.097282596 0.970087349
1403636916601666560.000000 6.372096062 4.648718357 4.963953495 0.012876292 0.222013563 -0.093515910 0.970463276
1403636916651666432.000000 6.386444569 4.663951874 4.971126556 0.006314942 0.222359344 -0.090403922 0.970743835
1403636916701666560.000000 6.399669647 4.678485394 4.978944778 0.000996951 0.223074093 -0.087197043 0.970893264
1403636916751666432.000000 6.411858082 4.692179680 4.987548828 -0.003610471 0.224007815 -0.084366389 0.970922172
1403636916801666560.000000 6.423629761 4.705705643 4.997354507 -0.007052734 0.224507689 -0.080790445 0.971091926
1403636916851666432.000000 6.433365345 4.718404293 5.007377625 -0.010375263 0.224667251 -0.078634456 0.971202135
1403636916901666560.000000 6.442242146 4.730616093 5.017964363 -0.014161907 0.225032240 -0.077781655 0.971138477
1403636916951666432.000000 6.450126648 4.742048740 5.029428482 -0.016583160 0.225858167 -0.076850608 0.970982552
1403636917001666560.000000 6.456527233 4.752878189 5.041879177 -0.018313110 0.225994512 -0.075406618 0.971032977
1403636917051666432.000000 6.461795330 4.763031960 5.055035591 0.018998915 -0.225923687 0.073203959 -0.971204817
1403636917101666560.000000 6.471967220 4.770712376 5.077668190 -0.019473186 0.225907192 -0.070965961 0.971365392
1403636917151666432.000000 6.475120544 4.780028343 5.092366695 -0.019130044 0.225738272 -0.068222359 0.971607983
1403636917201666560.000000 6.477396011 4.789310932 5.107822418 -0.020127950 0.226262167 -0.065128520 0.971678257
1403636917251666432.000000 6.478172302 4.799011230 5.124365330 -0.023573522 0.226552278 -0.062129810 0.971729577
1403636917301666560.000000 6.477958679 4.809337139 5.141657352 0.028806135 -0.228162602 0.058675822 -0.971426368
1403636917351666432.000000 6.476475716 4.820206642 5.159805298 0.036275852 -0.229082435 0.055001017 -0.971174657
1403636917401666560.000000 6.476674080 4.828951836 5.175513268 -0.046024803 0.230303496 -0.050904449 0.970696032
1403636917451666432.000000 6.473258495 4.839588165 5.194519043 -0.054633170 0.231945351 -0.044417061 0.970177114
1403636917501666560.000000 6.469414711 4.850107193 5.214088917 -0.063570552 0.231719464 -0.039983220 0.969879568
1403636917551666432.000000 6.465959072 4.859764576 5.232739449 -0.070225336 0.232695043 -0.034841914 0.969385147
1403636917601666560.000000 6.464961052 4.869566441 5.251474857 0.075636387 -0.233411461 0.029623721 -0.968979239
1403636917651666432.000000 6.462534904 4.874456406 5.264309406 -0.081005894 0.234838352 -0.026016785 0.968303800
1403636917701666560.000000 6.462247372 4.882115841 5.278831482 -0.084998600 0.235558391 -0.022429809 0.967876315
1403636917751666432.000000 6.463301182 4.889306545 5.291898727 -0.089509591 0.236366704 -0.019539956 0.967335045
1403636917801666560.000000 6.465520382 4.895747185 5.303182602 -0.093815871 0.236880213 -0.017518418 0.966839969
1403636917851666432.000000 6.469132900 4.901415348 5.312468529 -0.097971641 0.237469643 -0.016050227 0.966308534
1403636917901666560.000000 6.475619793 4.906312466 5.321429729 0.101271786 -0.238127440 0.014506174 -0.965830743
1403636917951666432.000000 6.481210232 4.910444260 5.327698708 0.103943042 -0.238222137 0.013720143 -0.965534985
1403636918001666560.000000 6.478586674 4.910553932 5.328943253 -0.106206618 0.237176374 -0.012436517 0.965563476
1403636918051666432.000000 6.482371330 4.913779259 5.335730076 -0.108040273 0.236317247 -0.011814728 0.965578556
1403636918101666560.000000 6.485008240 4.916612625 5.343216896 -0.109956153 0.235327050 -0.012582767 0.965594411
1403636918151666432.000000 6.486454010 4.919033051 5.351452351 -0.111366607 0.234174028 -0.013137251 0.965705693
1403636918201666560.000000 6.487771988 4.920691967 5.359708786 -0.112749629 0.232741624 -0.014463558 0.965872526
1403636918251666432.000000 6.490419388 4.921695709 5.366172314 0.113719374 -0.231764883 0.015571675 -0.965976477
1403636918301666560.000000 6.493617535 4.921751499 5.371988297 0.114285484 -0.231059104 0.016559431 -0.966062367
1403636918351666432.000000 6.497406960 4.920747280 5.376688004 0.114770934 -0.227354705 0.017461140 -0.966867507
1403636918401666560.000000 6.501774311 4.918750763 5.380647659 0.114338562 -0.220669642 0.016730711 -0.968479097
1403636918451666432.000000 6.507767677 4.915795803 5.383817196 0.114377305 -0.214711204 0.016790811 -0.969811916
1403636918501666560.000000 6.499624729 4.911474705 5.378888607 -0.114108019 0.210893080 -0.017073436 0.970676005
1403636918551666432.000000 6.509966850 4.906569958 5.380258560 -0.113454536 0.208797947 -0.017055005 0.971205771
1403636918601666560.000000 6.522412300 4.900810242 5.381075382 -0.113158628 0.207605362 -0.018209465 0.971474946
1403636918651666432.000000 6.537364960 4.894014835 5.381505013 -0.111976251 0.208374113 -0.018792130 0.971436262
1403636918701666560.000000 6.554372311 4.886218071 5.381313324 -0.110083066 0.210121483 -0.018276062 0.971286118
1403636918751666432.000000 6.571800709 4.878142834 5.377133846 0.106031790 -0.213088691 0.014675364 -0.971151471
1403636918801666560.000000 6.598055840 4.868708134 5.376421452 0.100394353 -0.216344208 0.008054858 -0.971108317
1403636918851666432.000000 6.619700432 4.859540462 5.374349117 0.094609268 -0.221930340 0.000930126 -0.970461309
1403636918901666560.000000 6.641724110 4.850994587 5.371497631 0.091711044 -0.227096289 -0.003939324 -0.969536424
1403636918951666432.000000 6.664309502 4.843479633 5.368318558 0.090249941 -0.232389241 -0.010741224 -0.968367159
1403636919001666560.000000 6.673767567 4.837622643 5.363514423 -0.090712361 0.236022994 0.015981533 0.967372298
1403636919051666432.000000 6.697356701 4.832375526 5.358963966 -0.091244727 0.239083663 0.021018896 0.966473877
1403636919101666560.000000 6.721421719 4.828868389 5.353456020 -0.092759520 0.240683869 0.024101336 0.965860307
1403636919151666432.000000 6.744969368 4.826688290 5.346429348 -0.094805270 0.242115721 0.026363444 0.965244532
1403636919201666560.000000 6.768000603 4.826150894 5.338354111 -0.097071484 0.243370727 0.027666965 0.964667022
1403636919251666432.000000 6.792332172 4.828879356 5.328866959 0.099346630 -0.243396133 -0.028382916 -0.964408159
1403636919301666560.000000 6.806737423 4.823527813 5.322206974 -0.102444954 0.245009840 0.030113196 0.963622570
1403636919351666432.000000 6.827221394 4.828126431 5.312849522 -0.105594464 0.245761514 0.030857980 0.963067532
1403636919401666560.000000 6.846028805 4.834068298 5.303980350 -0.109643400 0.245608270 0.029804578 0.962687254
1403636919451666432.000000 6.863089085 4.841311455 5.295813560 -0.114402749 0.245398149 0.027312169 0.962260842
1403636919501666560.000000 6.878561020 4.849403381 5.287992477 -0.119727552 0.245218620 0.022787627 0.961776495
1403636919551666432.000000 6.890361786 4.857460976 5.278788567 0.125015855 -0.244997084 -0.018103996 -0.961259484
1403636919601666560.000000 6.903644562 4.870013237 5.274520874 -0.129126802 0.244800761 0.014575445 0.960825980
1403636919651666432.000000 6.914108276 4.879344463 5.268217564 -0.132224232 0.245825231 0.012102110 0.960177243
1403636919701666560.000000 6.922605038 4.888622284 5.262966156 -0.134272158 0.245726392 0.010267120 0.959939659
1403636919751666432.000000 6.929278374 4.897872448 5.258558750 -0.134667158 0.245735809 0.010667865 0.959877610
1403636919801666560.000000 6.934475899 4.907015800 5.254734039 -0.134645507 0.247095719 0.011377845 0.959523261
1403636919851666432.000000 6.937205315 4.915661812 5.251898766 0.134187877 -0.247728571 -0.012308150 -0.959412754
1403636919901666560.000000 6.938726902 4.924399853 5.250085831 0.133665770 -0.248367280 -0.013387083 -0.959306002
1403636919951666432.000000 6.938736439 4.933050632 5.248916626 0.132297188 -0.249610126 -0.015439598 -0.959142327
1403636920001666560.000000 6.936766148 4.941820621 5.248244762 0.130521074 -0.250875592 -0.017481882 -0.959020376
1403636920051666432.000000 6.932963371 4.950998306 5.248017788 0.128359005 -0.252398252 -0.020033741 -0.958862722
1403636920101666560.000000 6.937046051 4.967292309 5.247581482 -0.125940710 0.253404289 0.022379044 0.958866239
1403636920151666432.000000 6.929975510 4.977334976 5.247344017 -0.123744115 0.254261374 0.024948629 0.958861947
1403636920201666560.000000 6.921446800 4.987973690 5.247011185 -0.121993490 0.255086482 0.026621424 0.958822072
1403636920251666432.000000 6.911446571 4.999454975 5.246433258 -0.122331828 0.254840344 0.025382141 0.958878100
1403636920301666560.000000 6.900688171 5.011777878 5.245429993 -0.125270829 0.254337162 0.020299464 0.958753288
1403636920351666432.000000 6.885066986 5.022895336 5.246784210 0.128431305 -0.253923118 -0.014905296 -0.958543897
1403636920401666560.000000 6.871125698 5.035079479 5.245500565 0.131002381 -0.253169119 -0.010775805 -0.958450675
1403636920451666432.000000 6.857065678 5.046885490 5.242604733 0.133209646 -0.250871897 -0.007043200 -0.958785176
1403636920501666560.000000 6.854512215 5.062966824 5.235548496 -0.133960992 0.248229429 0.005050071 0.959380627
1403636920551666432.000000 6.841754913 5.073195934 5.228944778 -0.134812877 0.245269448 0.004031949 0.960027158
1403636920601666560.000000 6.829727173 5.082598209 5.220147610 -0.135020137 0.242038712 0.003941503 0.960818052
1403636920651666432.000000 6.818875313 5.091434956 5.210268021 -0.135125905 0.238437548 0.004530352 0.961700678
1403636920701666560.000000 6.809332371 5.099387646 5.198194504 -0.135581866 0.234671831 0.004781437 0.962561071
1403636920751666432.000000 6.800239563 5.106736183 5.186241150 0.135668233 -0.231403112 -0.005169563 -0.963338017
1403636920801666560.000000 6.792456627 5.113328934 5.172053814 0.135982811 -0.228056058 -0.006160151 -0.964085639
1403636920851666432.000000 6.794775963 5.121999264 5.154986858 -0.135586247 0.225729421 0.006986670 0.964683294
1403636920901666560.000000 6.790262222 5.127200127 5.138379097 -0.135469511 0.224611312 0.007746729 0.964954853
1403636920951666432.000000 6.786947727 5.131847382 5.121467590 -0.136066660 0.224047482 0.007900328 0.965000629
1403636921001666560.000000 6.783785820 5.136179447 5.105315208 -0.136189461 0.224005014 0.008168639 0.964990973
1403636921051666432.000000 6.780307770 5.140255451 5.090466976 -0.136416256 0.223865762 0.008434720 0.964988947
1403636921101666560.000000 6.778143883 5.146440029 5.077318192 0.136431545 -0.224580497 -0.008934286 -0.964816213
1403636921151666432.000000 6.773739815 5.150873661 5.065371513 0.136906177 -0.224960208 -0.008765994 -0.964662015
1403636921201666560.000000 6.768727303 5.155187607 5.054637432 0.137217745 -0.227227181 -0.008471565 -0.964088917
1403636921251666432.000000 6.763196945 5.159322739 5.044991493 0.137183547 -0.232124060 -0.007935944 -0.962931037
1403636921301666560.000000 6.756619930 5.163430214 5.036293983 0.137466073 -0.237265348 -0.007354694 -0.961641371
1403636921351666432.000000 6.749821663 5.166854858 5.024424553 -0.136319339 0.241327927 0.008876584 0.960780501
1403636921401666560.000000 6.740749359 5.169943810 5.017627239 -0.134473458 0.244671538 0.011585140 0.960165918
1403636921451666432.000000 6.730699062 5.173003197 5.011522770 -0.132854626 0.247409716 0.014100330 0.959655821
1403636921501666560.000000 6.718840122 5.176242352 5.005979061 -0.130181432 0.247537717 0.018427918 0.959915817
1403636921551666432.000000 6.705883026 5.179510593 5.000637531 -0.128481030 0.246343940 0.021598242 0.960385799
1403636921601666560.000000 6.691472530 5.183471680 4.996100903 -0.126771778 0.242927343 0.025355723 0.961390853
1403636921651666432.000000 6.669308186 5.185003757 4.987627983 -0.125941128 0.237127677 0.027758300 0.962880433
1403636921701666560.000000 6.652633667 5.190347672 4.984809399 -0.126778498 0.227460161 0.028574888 0.965076447
1403636921751666432.000000 6.636026382 5.196293354 4.982474327 -0.127158999 0.218474016 0.030017121 0.967056751
1403636921801666560.000000 6.620429516 5.203077316 4.980460644 -0.129609019 0.211823463 0.027949637 0.968272269
1403636921851666432.000000 6.615842819 5.216369152 4.984830856 0.131281734 -0.209868357 -0.026506053 -0.968513191
1403636921901666560.000000 6.583838940 5.218932629 4.973278522 -0.132990748 0.210616946 0.024847956 0.968161464
1403636921951666432.000000 6.572274208 5.227923393 4.973097324 -0.135004312 0.215337917 0.023073299 0.966887355
1403636922001666560.000000 6.561302185 5.237479687 4.973740101 -0.137798667 0.220624253 0.020681173 0.965354264
1403636922051666432.000000 6.550645828 5.247368813 4.974923134 -0.141568378 0.226084664 0.018471189 0.963588595
1403636922101666560.000000 6.540111542 5.257039547 4.976378441 -0.144240737 0.230551675 0.018315226 0.962135732
1403636922151666432.000000 6.527673244 5.265801430 4.975231647 0.147378579 -0.234208271 -0.017727349 -0.960787058
1403636922201666560.000000 6.518576145 5.274314880 4.974385262 0.150388613 -0.235020608 -0.018259631 -0.960112095
1403636922251666432.000000 6.501925468 5.281240463 4.977685452 -0.153457373 0.231723621 0.018574111 0.960421860
1403636922301666560.000000 6.495245934 5.288597584 4.974668026 -0.156508356 0.228150666 0.019029928 0.960775912
1403636922351666432.000000 6.490213394 5.295505047 4.971187592 -0.158259600 0.225117162 0.020854561 0.961166680
1403636922401666560.000000 6.485017300 5.301857471 4.968204021 -0.160506174 0.221624523 0.022101736 0.961577833
1403636922451666432.000000 6.479303837 5.308279514 4.966467857 -0.162899598 0.217899680 0.024032226 0.961980283
1403636922501666560.000000 6.472723484 5.314725876 4.965836525 0.166770235 -0.215456292 -0.026545582 -0.961801291
1403636922551666432.000000 6.459261417 5.319589615 4.958642483 -0.171022072 0.213071048 0.029896919 0.961487591
1403636922601666560.000000 6.453169823 5.326204777 4.961505890 -0.175792202 0.212892696 0.032751460 0.960573435
1403636922651666432.000000 6.447574139 5.332704544 4.965667725 -0.179939076 0.216005147 0.036013983 0.958992541
1403636922701666560.000000 6.442322731 5.339171886 4.970828533 -0.185308158 0.221185803 0.035750289 0.956796646
1403636922751666432.000000 6.437273979 5.345076084 4.976863384 -0.188394889 0.229704753 0.037400708 0.954119623
1403636922801666560.000000 6.428233147 5.349030972 4.980757713 0.189681605 -0.236950293 -0.041290041 -0.951929927
1403636922851666432.000000 6.422663689 5.353166580 4.985793114 0.189311385 -0.242886201 -0.046428636 -0.950269461
1403636922901666560.000000 6.418027878 5.355887413 4.977890015 -0.188997105 0.248179913 0.050565325 0.948751867
1403636922951666432.000000 6.413560390 5.358931541 4.979659081 -0.187953994 0.252167344 0.055272132 0.947644472
1403636923001666560.000000 6.409484386 5.361800671 4.979889870 -0.186719000 0.255344629 0.059972059 0.946751595
1403636923051666432.000000 6.405097485 5.365266323 4.979230881 -0.187442467 0.255342394 0.063011862 0.946411788
1403636923101666560.000000 6.400052547 5.369572163 4.977531433 -0.190075487 0.255894929 0.064250037 0.945653796
1403636923151666432.000000 6.390480518 5.374101639 4.975295067 0.193658784 -0.254529089 -0.067151576 -0.945093572
1403636923201666560.000000 6.381131172 5.379583836 4.974351883 0.198948592 -0.252189666 -0.069252513 -0.944470227
1403636923251666432.000000 6.374060154 5.383897781 4.961670876 -0.205163032 0.247329876 0.071148865 0.944284916
1403636923301666560.000000 6.361418247 5.390315533 4.961140633 -0.212056011 0.242322281 0.071689934 0.944019496
1403636923351666432.000000 6.347633839 5.396902561 4.961348057 -0.218123823 0.236570820 0.072343804 0.944045901
1403636923401666560.000000 6.332985878 5.403354645 4.962029457 -0.222709283 0.230489030 0.073955812 0.944354773
1403636923451666432.000000 6.318044186 5.409926891 4.963510036 -0.226593286 0.224804714 0.075957835 0.944642127
1403636923501666560.000000 6.306007862 5.415243149 4.958003998 -0.229420051 0.217983320 0.077935487 0.945397198
1403636923551666432.000000 6.291518211 5.421945095 4.961077213 -0.231145427 0.211550415 0.080722421 0.946204066
1403636923601666560.000000 6.279463291 5.428717136 4.963394642 -0.232804760 0.206421375 0.082383946 0.946786761
1403636923651666432.000000 6.270604134 5.435611725 4.964941025 -0.233923838 0.203667954 0.084060766 0.946959794
1403636923701666560.000000 6.266059875 5.442986012 4.964708328 0.235673308 -0.200350270 -0.083893344 -0.947248578
1403636923751666432.000000 6.264370441 5.450348854 4.964624405 0.236399397 -0.200696006 -0.084313810 -0.946956992
1403636923801666560.000000 6.265523434 5.457964420 4.964240074 0.237620130 -0.201072380 -0.083570473 -0.946637571
1403636923851666432.000000 6.268670082 5.465533733 4.964318275 0.238939136 -0.201501802 -0.081768677 -0.946371496
1403636923901666560.000000 6.272157669 5.473151684 4.966076374 0.238253459 -0.200805783 -0.082957558 -0.946588874
1403636923951666432.000000 6.278758049 5.479202747 4.960525990 -0.239132956 0.200070679 0.081797309 0.946623743
1403636924001666560.000000 6.283434868 5.487737656 4.965660572 -0.238916382 0.200174615 0.081001610 0.946724772
1403636924051666432.000000 6.288500309 5.496763706 4.972864628 -0.239281833 0.200367659 0.080365665 0.946645856
1403636924101666560.000000 6.294210911 5.506085396 4.981825352 -0.239445433 0.201179087 0.079530567 0.946502984
1403636924151666432.000000 6.300451279 5.515842438 4.992455959 -0.239315495 0.202578887 0.078345031 0.946336150
1403636924201666560.000000 6.308635712 5.525203228 5.003907681 0.239493027 -0.203178614 -0.077167258 -0.946259439
1403636924251666432.000000 6.315922737 5.535389900 5.017509460 0.239495367 -0.202946946 -0.076156348 -0.946390450
1403636924301666560.000000 6.325160027 5.545260429 5.031299114 0.238503337 -0.205610290 -0.076518916 -0.946036756
1403636924351666432.000000 6.336410522 5.554914951 5.045063019 0.236662954 -0.206471458 -0.078471310 -0.946151435
1403636924401666560.000000 6.349802494 5.564556122 5.058611870 0.233470514 -0.210017070 -0.082062304 -0.945859551
1403636924451666432.000000 6.358134270 5.573914528 5.070092678 -0.230729192 0.214969069 0.084753342 0.945182145
1403636924501666560.000000 6.376479626 5.584295273 5.081656456 -0.228223503 0.220603138 0.086935908 0.944293618
1403636924551666432.000000 6.396611691 5.595206738 5.092336178 -0.225605875 0.226303861 0.089363120 0.943346679
1403636924601666560.000000 6.417132378 5.606871605 5.102964401 -0.222017676 0.231961399 0.092643864 0.942506969
1403636924651666432.000000 6.436994076 5.619550705 5.113825798 -0.219498739 0.236307964 0.095245719 0.941757500
1403636924701666560.000000 6.456131458 5.633077621 5.124907494 -0.217493355 0.240339428 0.096430942 0.941081643
1403636924751666432.000000 6.471395493 5.647909164 5.136958122 -0.214684263 0.244957313 0.097818248 0.940392554
1403636924801666560.000000 6.487449169 5.664156914 5.148985863 -0.212053850 0.249287888 0.099106006 0.939716280
1403636924851666432.000000 6.501569748 5.681760788 5.161293030 -0.210567266 0.253363669 0.099460952 0.938922703
1403636924901666560.000000 6.513277054 5.700760841 5.173806190 -0.211065888 0.255923331 0.099728383 0.938087821
1403636924951666432.000000 6.522523880 5.721051693 5.186648369 -0.213155687 0.257146895 0.101381764 0.937102973
1403636925001666560.000000 6.528158188 5.742427349 5.198523998 0.217344388 -0.256548464 -0.103093423 -0.936117589
1403636925051666432.000000 6.530885220 5.760751247 5.213012695 -0.223377854 0.254084110 0.102651626 0.935417771
1403636925101666560.000000 6.532829285 5.784371853 5.225568771 -0.229454756 0.252144605 0.100600921 0.934694171
1403636925151666432.000000 6.532727242 5.808661938 5.238534451 -0.236404344 0.247246340 0.096895501 0.934662282
1403636925201666560.000000 6.531666279 5.833152771 5.251543045 -0.243242413 0.242891356 0.092635989 0.934481442
1403636925251666432.000000 6.529453278 5.857765675 5.265117645 -0.248591840 0.236823797 0.090206891 0.934868693
1403636925301666560.000000 6.526373863 5.882019997 5.279411316 -0.252635002 0.229671106 0.089129023 0.935672402
1403636925351666432.000000 6.521367550 5.904804230 5.300657749 -0.256070495 0.222391278 0.089248747 0.936485350
1403636925401666560.000000 6.517278194 5.928651810 5.316330910 -0.258240461 0.214445248 0.090199821 0.937650919
1403636925451666432.000000 6.514223099 5.952269077 5.332511425 -0.259674191 0.208676204 0.091694586 0.938411295
1403636925501666560.000000 6.513037682 5.975656509 5.348598480 -0.260899961 0.203490540 0.092967831 0.939084530
1403636925551666432.000000 6.514226913 5.998699665 5.364569664 -0.261701554 0.198524162 0.094454691 0.939775944
1403636925601666560.000000 6.517750740 6.021091461 5.388867378 -0.262285680 0.194149554 0.096168466 0.940353036
1403636925651666432.000000 6.524599552 6.043605804 5.404150009 -0.261976063 0.190779760 0.098592855 0.940877795
1403636925701666560.000000 6.535173416 6.066643715 5.419513702 -0.262808174 0.188174158 0.098726310 0.941156507
1403636925751666432.000000 6.549559593 6.089802742 5.434454441 -0.263866723 0.186510354 0.098334968 0.941232443
1403636925801666560.000000 6.567535400 6.112781525 5.448810577 -0.264451295 0.186699197 0.097908370 0.941075385
1403636925851666432.000000 6.590049267 6.135788918 5.464931488 0.265386552 -0.190074906 -0.096350640 -0.940296829
1403636925901666560.000000 6.615047932 6.158809662 5.479762077 0.265871495 -0.197563738 -0.094913520 -0.938761115
1403636925951666432.000000 6.642293930 6.181635380 5.494923592 0.267044812 -0.205970228 -0.091747172 -0.936934292
1403636926001666560.000000 6.668453217 6.209742546 5.515621185 -0.268246174 0.215890169 0.088061951 0.934708834
1403636926051666432.000000 6.696784973 6.232280254 5.532977581 -0.267527848 0.227106422 0.087178230 0.932336628
1403636926101666560.000000 6.723644257 6.254172802 5.551864624 -0.266110569 0.236300960 0.087578855 0.930417657
1403636926151666432.000000 6.748695850 6.275633812 5.572336197 -0.263893038 0.244445950 0.089000724 0.928808689
1403636926201666560.000000 6.771660805 6.296462059 5.594007492 -0.260675073 0.250841260 0.091797367 0.927739441
1403636926251666432.000000 6.790850163 6.318017483 5.616655350 0.258256942 -0.255455434 -0.094051927 -0.926930487
1403636926301666560.000000 6.807996750 6.340593338 5.645067215 -0.255612671 0.258954883 0.096357018 0.926455617
1403636926351666432.000000 6.824114799 6.360828876 5.668046951 -0.252541631 0.262084961 0.099173799 0.926120281
1403636926401666560.000000 6.838170052 6.380843639 5.690991402 -0.249915034 0.263955712 0.101186983 0.926083744
1403636926451666432.000000 6.850197792 6.400835991 5.713362694 -0.248394445 0.264661163 0.101889066 0.926214516
1403636926501666560.000000 6.860189438 6.420766830 5.734848022 -0.246650860 0.264175981 0.103164636 0.926677644
1403636926551666432.000000 6.868226528 6.440155029 5.754006386 0.247020841 -0.261701882 -0.101420105 -0.927473366
1403636926601666560.000000 6.877535820 6.459923267 5.771482468 0.247676075 -0.258704513 -0.099333100 -0.928364992
1403636926651666432.000000 6.887536049 6.479253292 5.785976410 0.249068409 -0.256529123 -0.096440114 -0.928901017
1403636926701666560.000000 6.897911072 6.498331547 5.798392773 0.249394208 -0.253698021 -0.095341653 -0.929704130
1403636926751666432.000000 6.908264160 6.516560555 5.807894707 0.250173122 -0.249594748 -0.096194513 -0.930517375
1403636926801666560.000000 6.914773464 6.539636612 5.828410149 -0.250917584 0.247316688 0.100095473 0.930513740
1403636926851666432.000000 6.926702976 6.558027267 5.834553242 -0.252790123 0.243979514 0.104647800 0.930387020
1403636926901666560.000000 6.938906670 6.576810360 5.839198112 -0.255222917 0.242862731 0.110741645 0.929309070
1403636926951666432.000000 6.950834274 6.596709251 5.843946457 -0.259060681 0.241825908 0.117082715 0.927738905
1403636927001666560.000000 6.961684704 6.617627144 5.848775864 -0.264832526 0.242286488 0.122714229 0.925257981
1403636927051666432.000000 6.971246243 6.639347553 5.854195118 -0.271700591 0.242504299 0.128337309 0.922442496
1403636927101666560.000000 6.975348949 6.663332462 5.862681389 -0.280036628 0.242489725 0.133103982 0.919272363
1403636927151666432.000000 6.981807709 6.686709404 5.867735863 -0.288321316 0.242750630 0.139568448 0.915676594
1403636927201666560.000000 6.986731529 6.710932255 5.873126984 -0.297889620 0.242698833 0.145267740 0.911732614
1403636927251666432.000000 6.989788055 6.735941410 5.879114151 -0.308094382 0.242532745 0.151147082 0.907419622
1403636927301666560.000000 6.991300583 6.761306763 5.885552406 -0.318504244 0.241313636 0.155862629 0.903343618
1403636927351666432.000000 6.989609241 6.787266254 5.895988464 -0.327876806 0.238865048 0.159612834 0.899980068
1403636927401666560.000000 6.988700390 6.812930584 5.904375553 -0.336465120 0.232005969 0.162218139 0.898136854
1403636927451666432.000000 6.987240314 6.838723183 5.913608551 -0.342741638 0.224295631 0.165807933 0.897065997
1403636927501666560.000000 6.985599518 6.864723682 5.923537731 -0.347807556 0.216523096 0.169257984 0.896381319
1403636927551666432.000000 6.983459473 6.893096447 5.935853958 0.351694286 -0.208743140 -0.172773197 -0.896039605
1403636927601666560.000000 6.983574867 6.920478344 5.946809769 0.354904354 -0.202821091 -0.176153705 -0.895475507
1403636927651666432.000000 6.986429214 6.948616982 5.957218647 0.358345330 -0.199131489 -0.177331969 -0.894700348
1403636927701666560.000000 6.992075443 6.977464199 5.967207432 0.360770702 -0.195965067 -0.178945795 -0.894103229
1403636927751666432.000000 7.000637531 7.006674290 5.976730347 0.362313777 -0.194786280 -0.180422768 -0.893439829
1403636927801666560.000000 7.012027740 7.036530495 5.985643387 0.363062978 -0.195188209 -0.182087973 -0.892709792
1403636927851666432.000000 7.025825500 7.068990707 5.991524696 -0.363667250 0.195448264 0.182575077 0.892307401
1403636927901666560.000000 7.040592194 7.100930691 6.001530170 -0.364014983 0.196740791 0.183099896 0.891773820
1403636927951666432.000000 7.055827618 7.133899689 6.012948036 -0.364790916 0.197942436 0.182556584 0.891302109
1403636928001666560.000000 7.071250916 7.167767048 6.025826454 -0.364776224 0.199356645 0.182721794 0.890959084
1403636928051666432.000000 7.086997032 7.202390671 6.039729595 -0.365385830 0.201155171 0.181390747 0.890576899
1403636928101666560.000000 7.104075432 7.238104820 6.054451466 0.365962267 -0.205358744 -0.179272175 -0.889809489
1403636928151666432.000000 7.120916367 7.274374485 6.070779324 0.366545320 -0.210157603 -0.177047342 -0.888894022
1403636928201666560.000000 7.138173103 7.311176300 6.088205338 0.366560370 -0.217450023 -0.175274417 -0.887484074
1403636928251666432.000000 7.155096531 7.348328590 6.106712341 0.365728319 -0.225358486 -0.174326748 -0.886039853
1403636928301666560.000000 7.171094418 7.385514736 6.126256466 0.364889771 -0.231721833 -0.173496366 -0.884906471
1403636928351666432.000000 7.174339771 7.419998646 6.122576237 -0.363167942 0.238033459 0.171038494 0.884417892
1403636928401666560.000000 7.188043118 7.456768990 6.143633842 -0.362947911 0.241576672 0.169501662 0.883843184
1403636928451666432.000000 7.200729847 7.493119240 6.164533138 -0.362788260 0.244454294 0.168316215 0.883343935
1403636928501666560.000000 7.213581085 7.528872967 6.183968544 -0.363944352 0.245568708 0.165747657 0.883044899
1403636928551666432.000000 7.226530552 7.563518047 6.202281475 -0.364241034 0.244851381 0.164588168 0.883338630
1403636928601666560.000000 7.237913132 7.595863819 6.219114780 0.364240736 -0.242187396 -0.163963154 -0.884188950
1403636928651666432.000000 7.251456261 7.628597260 6.234701157 0.364456415 -0.237844512 -0.163688347 -0.885329187
1403636928701666560.000000 7.266239166 7.660696983 6.248922348 0.364105582 -0.232664034 -0.164289370 -0.886737645
1403636928751666432.000000 7.282203197 7.692117691 6.261909008 0.363866329 -0.227277234 -0.164922044 -0.888114333
1403636928801666560.000000 7.299573898 7.722591400 6.273387432 0.364000857 -0.223493710 -0.164763793 -0.889048338
1403636928851666432.000000 7.324152946 7.763819695 6.280758381 -0.363581270 0.220149457 0.165290833 0.889956057
1403636928901666560.000000 7.344997883 7.793585777 6.289574146 -0.363874882 0.219534010 0.164877817 0.890064776
1403636928951666432.000000 7.368485451 7.823094368 6.296821117 -0.365006059 0.221783251 0.162741259 0.889436960
1403636929001666560.000000 7.394286156 7.852090359 6.302460194 -0.364218175 0.229754642 0.162903577 0.887705147
1403636929051666432.000000 7.421610832 7.880849838 6.306780338 -0.362747610 0.238381669 0.164154589 0.885800004
1403636929101666560.000000 7.450185299 7.909941196 6.312555313 0.360704541 -0.245349139 -0.165979624 -0.884390712
1403636929151666432.000000 7.478083134 7.942198753 6.314216614 -0.358766437 0.250663191 0.167997599 0.883307159
1403636929201666560.000000 7.505966187 7.969168663 6.315664768 -0.356843889 0.253550798 0.170422435 0.882797062
1403636929251666432.000000 7.532699585 7.995662689 6.316641808 -0.354811877 0.254256785 0.173169851 0.882878423
1403636929301666560.000000 7.558050156 8.022111893 6.317633629 -0.352592885 0.254838437 0.176050499 0.883029997
1403636929351666432.000000 7.581503868 8.048966408 6.318686485 -0.351041734 0.254973918 0.177540839 0.883310437
1403636929401666560.000000 7.603851795 8.076864243 6.319741726 0.351279408 -0.254035026 -0.176365018 -0.883721888
1403636929451666432.000000 7.623533249 8.104541779 6.320696831 0.351172090 -0.253148675 -0.175812483 -0.884128928
1403636929501666560.000000 7.637842178 8.135845184 6.323295593 -0.352775455 0.250278205 0.172450364 0.884969652
1403636929551666432.000000 7.653856277 8.163942337 6.324758530 -0.354867280 0.247429565 0.168880925 0.885622442
1403636929601666560.000000 7.668461323 8.192242622 6.326828480 -0.356831729 0.245500177 0.165189907 0.886066079
1403636929651666432.000000 7.681530476 8.220460892 6.329467773 -0.359395772 0.242484540 0.161002725 0.886630774
1403636929701666560.000000 7.693584442 8.248283386 6.332891464 -0.360675126 0.241741046 0.158337250 0.886794329
1403636929751666432.000000 7.704048157 8.275166512 6.334481239 0.361972421 -0.240771383 -0.155741662 -0.886989176
1403636929801666560.000000 7.713284492 8.301786423 6.339149952 0.362463087 -0.239229709 -0.154779434 -0.887374222
1403636929851666432.000000 7.721600056 8.327678680 6.344624519 0.362180442 -0.240088537 -0.154885367 -0.887239218
1403636929901666560.000000 7.729628563 8.352835655 6.350559235 0.361251414 -0.241164953 -0.155515805 -0.887215793
1403636929951666432.000000 7.735643387 8.381596565 6.359534264 -0.359958738 0.242925584 0.156681791 0.887055695
1403636930001666560.000000 7.744656563 8.404854774 6.363566399 -0.358361572 0.244750798 0.159018904 0.886784732
1403636930051666432.000000 7.754894257 8.427747726 6.366329670 -0.357063890 0.245868355 0.160665497 0.886702240
1403636930101666560.000000 7.766469479 8.450204849 6.366780281 -0.356468052 0.244751796 0.161659092 0.887070179
1403636930151666432.000000 7.778737068 8.471849442 6.366003990 -0.354946017 0.245728210 0.164598167 0.886870086
1403636930201666560.000000 7.791485786 8.491951942 6.363103867 0.354402840 -0.245509624 -0.165307969 -0.887015820
1403636930251666432.000000 7.804406643 8.512508392 6.359467983 0.353294253 -0.244650558 -0.166875184 -0.887401879
1403636930301666560.000000 7.817449570 8.532988548 6.354624271 0.352593631 -0.243630037 -0.168621495 -0.887631059
1403636930351666432.000000 7.831746101 8.553430557 6.347495556 0.352810025 -0.243314669 -0.168483138 -0.887657940
1403636930401666560.000000 7.845623493 8.573811531 6.339756012 0.354442626 -0.243402556 -0.166373909 -0.887381256
1403636930451666432.000000 7.861566067 8.598965645 6.331754208 -0.356983334 0.241578743 0.162776157 0.887528419
1403636930501666560.000000 7.872439384 8.619116783 6.325378418 -0.358428121 0.241566673 0.160855070 0.887299538
1403636930551666432.000000 7.881726265 8.639202118 6.320026398 -0.359836251 0.241816491 0.158615485 0.887064755
1403636930601666560.000000 7.889523029 8.658979416 6.316032410 -0.359834522 0.241676629 0.158278033 0.887163818
1403636930651666432.000000 7.895503998 8.678384781 6.312975883 -0.359110445 0.243319392 0.159221709 0.886839271
1403636930701666560.000000 7.898777485 8.697439194 6.309432983 0.356822610 -0.244623408 -0.162086204 -0.886885047
1403636930751666432.000000 7.901777744 8.715876579 6.307541847 0.354459763 -0.246322513 -0.165236935 -0.886780918
1403636930801666560.000000 7.903433800 8.734479904 6.306347847 0.351326108 -0.248408869 -0.169560850 -0.886629641
1403636930851666432.000000 7.903761864 8.753385544 6.305383205 0.350049973 -0.250054777 -0.171398565 -0.886318326
1403636930901666560.000000 7.913251877 8.780443192 6.306891441 -0.348925769 0.251610309 0.175200269 0.885577798
1403636930951666432.000000 7.910132408 8.800049782 6.305901051 -0.348482788 0.253437966 0.180351928 0.884195864
1403636931001666560.000000 7.905229568 8.820243835 6.304492950 -0.349113703 0.255358458 0.186236382 0.882172167
1403636931051666432.000000 7.898561954 8.840843201 6.302358150 -0.352368981 0.255874068 0.190194398 0.879881084
1403636931101666560.000000 7.891916275 8.862250328 6.297944069 -0.358246773 0.256839395 0.190231904 0.877214193
1403636931151666432.000000 7.882613659 8.884663582 6.291408062 0.365316868 -0.258090526 -0.187233865 -0.874572158
1403636931201666560.000000 7.867362022 8.894373894 6.285872459 -0.372373044 0.258402348 0.184060484 0.872174501
1403636931251666432.000000 7.860180855 8.914472580 6.274611950 -0.378900349 0.260212243 0.180393577 0.869587481
1403636931301666560.000000 7.853529453 8.933755875 6.261416912 -0.383685976 0.262338310 0.177889720 0.867363274
1403636931351666432.000000 7.846607685 8.951786995 6.246722221 -0.388458192 0.261869192 0.175080910 0.865951180
1403636931401666560.000000 7.839861870 8.968181610 6.230280399 -0.392387509 0.261206269 0.173204660 0.864756346
1403636931451666432.000000 7.832776070 8.985297203 6.212423801 0.396873206 -0.257700682 -0.170093641 -0.864378572
1403636931501666560.000000 7.825982571 8.998790741 6.193219185 0.401327640 -0.254526615 -0.166232795 -0.864013314
1403636931551666432.000000 7.819648266 9.010266304 6.172852039 0.405797154 -0.250997216 -0.162087709 -0.863745749
1403636931601666560.000000 7.813189983 9.019766808 6.152857780 0.409470409 -0.247547492 -0.158521771 -0.863669574
1403636931651666432.000000 7.824553490 9.033142090 6.139131546 -0.413332045 0.245167807 0.155137345 0.863123357
1403636931701666560.000000 7.816956520 9.039068222 6.121717453 -0.414222836 0.244804889 0.154874206 0.862846494
1403636931751666432.000000 7.807720661 9.042876244 6.106470108 -0.411402792 0.244607419 0.159991831 0.863317847
1403636931801666560.000000 7.797276020 9.045132637 6.092601299 -0.407926679 0.243841946 0.166366816 0.863978624
1403636931851666432.000000 7.786104679 9.046475410 6.080059052 -0.404670179 0.243067846 0.171977818 0.864629209
1403636931901666560.000000 7.772657394 9.047274590 6.069913864 0.402282804 -0.241277233 -0.176656097 -0.865301430
1403636931951666432.000000 7.758992195 9.047095299 6.059825897 0.400599480 -0.240027338 -0.179807559 -0.865780711
1403636932001666560.000000 7.744273186 9.046517372 6.050505638 0.399267554 -0.240846694 -0.182280660 -0.865651250
1403636932051666432.000000 7.728960991 9.045739174 6.041897774 0.399656594 -0.242744595 -0.181938812 -0.865013242
1403636932101666560.000000 7.712753773 9.044590950 6.034362793 0.399139434 -0.245285302 -0.182539120 -0.864408612
1403636932151666432.000000 7.706329346 9.058757782 6.035609245 -0.399097979 0.247435004 0.183273271 0.863659441
1403636932201666560.000000 7.689476967 9.056829453 6.027975559 -0.400879234 0.249277666 0.181048706 0.862773359
1403636932251666432.000000 7.673739433 9.054477692 6.018721581 -0.404379815 0.250437587 0.176845655 0.861674845
1403636932301666560.000000 7.659305096 9.050923347 6.008314610 -0.408506393 0.250556529 0.171905726 0.860693038
1403636932351666432.000000 7.645571709 9.045854568 5.997016430 -0.412464917 0.249701798 0.167648539 0.859892845
1403636932401666560.000000 7.633723736 9.041584969 5.987646580 0.415948153 -0.248689562 -0.164324716 -0.859149635
1403636932451666432.000000 7.622237206 9.033078194 5.974540710 0.418678015 -0.248692587 -0.163114071 -0.858052790
1403636932501666560.000000 7.611520767 9.022340775 5.960217953 0.421266407 -0.248284593 -0.164663643 -0.856606841
1403636932551666432.000000 7.598275185 9.011105537 5.943367004 -0.423864454 0.247201055 0.168782815 0.854835093
1403636932601666560.000000 7.589475155 8.995725632 5.926246643 -0.427560478 0.246783674 0.174312830 0.852000594
1403636932651666432.000000 7.581904411 8.979061127 5.908293724 -0.430771649 0.246863335 0.182239696 0.848694921
1403636932701666560.000000 7.575863838 8.961409569 5.889124393 -0.434212238 0.248391151 0.189021468 0.845004499
1403636932751666432.000000 7.570729256 8.942424774 5.869184494 -0.438476413 0.248554736 0.193938673 0.841633439
1403636932801666560.000000 7.568112373 8.921415329 5.849534988 0.442079723 -0.249199644 -0.198423952 -0.838506460
1403636932851666432.000000 7.559938908 8.900495529 5.822884083 -0.445872575 0.248299375 0.202343300 0.835824370
1403636932901666560.000000 7.555537224 8.877306938 5.802278996 -0.448964357 0.246382594 0.206567168 0.833700657
1403636932951666432.000000 7.549613953 8.853917122 5.783517361 -0.451808006 0.244421721 0.209860742 0.831917167
1403636933001666560.000000 7.541309357 8.830654144 5.767693520 -0.454596847 0.242317006 0.213538557 0.830075622
1403636933051666432.000000 7.529329300 8.807704926 5.754667282 0.458643377 -0.240647137 -0.216928765 -0.827452242
1403636933101666560.000000 7.515623569 8.784294128 5.744339466 0.462371588 -0.239575028 -0.220619068 -0.824708223
1403636933151666432.000000 7.500418663 8.760748863 5.735958099 0.465473771 -0.237544358 -0.224008784 -0.822634161
1403636933201666560.000000 7.477627754 8.733810425 5.724875927 -0.465699941 0.232263461 0.230354384 0.822261572
1403636933251666432.000000 7.459300041 8.709573746 5.719786644 -0.466043413 0.223343596 0.236493215 0.822795331
1403636933301666560.000000 7.440445900 8.685510635 5.715939045 -0.465603024 0.214059070 0.242816374 0.823670328
1403636933351666432.000000 7.422144890 8.662189484 5.713079453 -0.464231700 0.207748413 0.248475805 0.824372053
1403636933401666560.000000 7.404598713 8.639863968 5.710792065 -0.463614255 0.204590902 0.251792312 0.824502945
1403636933451666432.000000 7.387181282 8.616769791 5.706292629 0.464084238 -0.206093505 -0.252076924 -0.823777020
1403636933501666560.000000 7.370874405 8.596699715 5.704807281 0.465003818 -0.208569005 -0.251017451 -0.822958529
1403636933551666432.000000 7.355420113 8.577566147 5.703690529 0.466544658 -0.212152272 -0.248540252 -0.821921706
1403636933601666560.000000 7.341325760 8.559050560 5.701934814 0.467228115 -0.216294318 -0.246596366 -0.821038902
1403636933651666432.000000 7.328528404 8.540555000 5.699355125 0.468283296 -0.219952062 -0.243778720 -0.820307195
1403636933701666560.000000 7.303589821 8.521322250 5.690709114 -0.468453526 0.223670274 0.240957141 0.820038199
1403636933751666432.000000 7.293847084 8.504165649 5.686221600 -0.469529450 0.226810351 0.237713233 0.819507003
1403636933801666560.000000 7.285548210 8.486898422 5.680814266 -0.469710141 0.230231419 0.235548303 0.819074392
1403636933851666432.000000 7.278388023 8.469456673 5.674433231 -0.468971610 0.234184861 0.235017896 0.818528950
1403636933901666560.000000 7.271936893 8.451931000 5.666690350 -0.469119966 0.236922547 0.234938636 0.817678452
1403636933951666432.000000 7.266041756 8.432850838 5.659778118 0.469869703 -0.237989634 -0.236573234 -0.816465914
1403636934001666560.000000 7.260280609 8.414855957 5.651038170 0.471772194 -0.238849819 -0.239744663 -0.814189374
1403636934051666432.000000 7.252965450 8.396938324 5.642837524 0.475228608 -0.239436343 -0.243488580 -0.810889244
1403636934101666560.000000 7.242753029 8.379388809 5.636284351 0.480944008 -0.238591090 -0.247508392 -0.806540012
1403636934151666432.000000 7.229435921 8.362365723 5.632157326 0.488392502 -0.237593681 -0.251672804 -0.801051140
1403636934201666560.000000 7.206298351 8.337683678 5.624333382 -0.496208072 0.236870095 0.256249368 0.794988275
1403636934251666432.000000 7.188166618 8.321100235 5.623712540 -0.504907489 0.235621378 0.261618614 0.788103282
1403636934301666560.000000 7.168995857 8.304145813 5.624013901 -0.513664722 0.235077798 0.267467171 0.780607641
1403636934351666432.000000 7.149344444 8.287141800 5.624694824 -0.522105277 0.235872939 0.274803311 0.772174418
1403636934401666560.000000 7.129505634 8.269424438 5.625269890 -0.529248834 0.237023503 0.284195155 0.763510764
1403636934451666432.000000 7.103749275 8.248223305 5.624123573 -0.535787463 0.237351283 0.294537216 0.754880190
1403636934501666560.000000 7.084717751 8.229393005 5.621071815 -0.543857813 0.238074213 0.302680254 0.745603144
1403636934551666432.000000 7.066359520 8.210118294 5.616049767 -0.551989973 0.237255648 0.310766399 0.736506045
1403636934601666560.000000 7.049141884 8.190272331 5.608630180 -0.561175048 0.235642225 0.316862941 0.727429271
1403636934651666432.000000 7.033289909 8.169951439 5.598836899 -0.568978369 0.234824687 0.323591918 0.718616247
1403636934701666560.000000 7.018379211 8.147710800 5.586976051 0.575828791 -0.230186760 -0.329419434 -0.711981893
1403636934751666432.000000 6.997515678 8.127293587 5.574880600 -0.582217872 0.224698439 0.333454698 0.706640661
1403636934801666560.000000 6.985089779 8.104943275 5.559313774 -0.587445140 0.218413755 0.336509913 0.702826262
1403636934851666432.000000 6.973754883 8.082518578 5.542476654 -0.591928065 0.212066486 0.338882238 0.699862778
1403636934901666560.000000 6.964097977 8.060298920 5.524218559 -0.594922483 0.207285911 0.341318071 0.697568536
1403636934951666432.000000 6.955899239 8.038336754 5.504830360 -0.597036958 0.204227790 0.343208283 0.695734143
1403636935001666560.000000 6.948972702 8.014575005 5.482709885 0.598819733 -0.201839462 -0.343627393 -0.694691360
1403636935051666432.000000 6.944711685 7.993093967 5.460412979 0.600937426 -0.201647431 -0.342104822 -0.693669140
1403636935101666560.000000 6.942248821 7.972264290 5.437264442 0.602128685 -0.204684809 -0.340040863 -0.692760706
1403636935151666432.000000 6.940955162 7.951951504 5.413601875 0.602805138 -0.208876133 -0.337773085 -0.692030489
1403636935201666560.000000 6.937988281 7.943242073 5.396325111 -0.602042258 0.214384153 0.336694688 0.691535473
1403636935251666432.000000 6.935443878 7.923625469 5.374318123 -0.601202846 0.217119768 0.335923940 0.691787124
1403636935301666560.000000 6.931809425 7.904438019 5.353786469 -0.599728763 0.220179841 0.335849881 0.692135274
1403636935351666432.000000 6.926500797 7.885211945 5.334349632 -0.598229945 0.222456321 0.335628182 0.692811549
1403636935401666560.000000 6.919785500 7.866378307 5.316396713 -0.596451402 0.223337293 0.336119473 0.693822682
1403636935451666432.000000 6.909013748 7.843601227 5.299107552 0.595037282 -0.224376932 -0.335772723 -0.694868565
1403636935501666560.000000 6.898941517 7.823927879 5.282618523 0.594218910 -0.225052357 -0.334980428 -0.695732296
1403636935551666432.000000 6.887126923 7.804511547 5.267462730 0.593230784 -0.225215152 -0.334476620 -0.696764529
1403636935601666560.000000 6.873591423 7.784994602 5.253414154 0.592377186 -0.225905135 -0.334125549 -0.697435558
1403636935651666432.000000 6.871886730 7.786560535 5.244660378 -0.591328502 0.226191804 0.333877116 0.698350906
1403636935701666560.000000 6.855276108 7.767042637 5.232287407 -0.591155469 0.226101682 0.332750231 0.699064076
1403636935751666432.000000 6.837059021 7.748101711 5.221182823 -0.589906216 0.223122686 0.334032834 0.700463474
1403636935801666560.000000 6.817105293 7.729561329 5.211071968 -0.588768840 0.218559206 0.335057557 0.702367127
1403636935851666432.000000 6.795721054 7.711517334 5.201697350 -0.587563634 0.214307278 0.336738616 0.703881025
1403636935901666560.000000 6.769613266 7.695682049 5.192739487 0.585866749 -0.209909469 -0.339029640 -0.705519021
1403636935951666432.000000 6.730636597 7.683415413 5.196515083 -0.582478881 0.206022143 0.343450576 0.707329512
1403636936001666560.000000 6.704960346 7.668261051 5.189753532 -0.579856098 0.200608596 0.347753704 0.708936155
1403636936051666432.000000 6.679185390 7.654488564 5.183097839 -0.577820241 0.196782097 0.350925207 0.710107148
1403636936101666560.000000 6.653385162 7.642531395 5.176575661 -0.576804698 0.194388986 0.352320135 0.710900664
1403636936151666432.000000 6.627764702 7.632903576 5.169863701 -0.577381432 0.193312347 0.351603150 0.711081028
1403636936201666560.000000 6.612652302 7.637814045 5.164638519 -0.578951240 0.193030491 0.349941462 0.710700870
1403636936251666432.000000 6.587946415 7.631757259 5.156485558 -0.580789924 0.194094121 0.347283721 0.710214496
1403636936301666560.000000 6.564900398 7.626322269 5.146668434 -0.583237767 0.197620645 0.343709975 0.708973467
1403636936351666432.000000 6.542778492 7.621064663 5.135897636 -0.585199177 0.201838896 0.341035157 0.707458854
1403636936401666560.000000 6.522202492 7.616750240 5.124031067 -0.587527335 0.204703480 0.337945610 0.706187546
1403636936451666432.000000 6.493504047 7.634259701 5.130868912 -0.589448988 0.211623371 0.334683150 0.704097033
1403636936501666560.000000 6.476026535 7.629777431 5.116493225 -0.592182755 0.214044183 0.330975682 0.702822745
1403636936551666432.000000 6.459908485 7.626096725 5.101073265 -0.593345284 0.216783151 0.329926193 0.701494992
1403636936601666560.000000 6.444062233 7.622827053 5.085355759 -0.594823778 0.218150854 0.329006076 0.700249970
1403636936651666432.000000 6.428842068 7.622174740 5.069437027 0.595442832 -0.218408942 -0.329977810 -0.699185252
1403636936701666560.000000 6.416012287 7.631384850 5.061081886 -0.596206367 0.218493193 0.330178440 0.698413134
1403636936751666432.000000 6.398207664 7.629582405 5.048481941 -0.597288072 0.218075350 0.329669595 0.697859704
1403636936801666560.000000 6.379517555 7.628048420 5.036809921 -0.598240256 0.217675477 0.329483986 0.697256327
1403636936851666432.000000 6.360926151 7.626578808 5.025362968 -0.599382401 0.215382308 0.329100579 0.697168648
1403636936901666560.000000 6.345807552 7.628753662 5.013723373 0.600654840 -0.214607149 -0.328413039 -0.696636498
1403636936951666432.000000 6.339310646 7.626836300 4.994703293 -0.600745440 0.212655813 0.329380959 0.696699798
1403636937001666560.000000 6.325783730 7.626128197 4.980435371 -0.601735175 0.211374044 0.328507692 0.696648061
1403636937051666432.000000 6.313784599 7.624776840 4.965186119 -0.602553666 0.210201442 0.328088641 0.696492910
1403636937101666560.000000 6.303353310 7.622735977 4.949211121 -0.602324486 0.210244715 0.329162449 0.696171343
1403636937151666432.000000 6.294799805 7.621096134 4.932394981 0.601846218 -0.211608440 -0.330387175 -0.695591331
1403636937201666560.000000 6.287291527 7.619458199 4.915187836 0.600874841 -0.213474587 -0.332584143 -0.694813609
1403636937251666432.000000 6.279239178 7.617933273 4.898608208 0.600471675 -0.213819146 -0.333975464 -0.694388688
1403636937301666560.000000 6.270343304 7.616910934 4.883008957 0.600744903 -0.213686362 -0.334136635 -0.694115639
1403636937351666432.000000 6.260480881 7.616236687 4.868765831 0.600927174 -0.214612797 -0.334281772 -0.693601966
1403636937401666560.000000 6.243204594 7.620973587 4.864748955 -0.601481855 0.214703739 0.334091425 0.693184495
1403636937451666432.000000 6.231231213 7.621118546 4.853162766 -0.601517737 0.214795783 0.334637761 0.692861378
1403636937501666560.000000 6.218353271 7.621597767 4.842967033 -0.602001786 0.214800104 0.334494501 0.692508698
1403636937551666432.000000 6.204432487 7.622401714 4.833899498 -0.602809727 0.214800328 0.334075511 0.692007899
1403636937601666560.000000 6.189093113 7.623204231 4.824990273 0.603402972 -0.214330673 -0.333911330 -0.691715658
1403636937651666432.000000 6.173454285 7.624186039 4.817453384 0.605200052 -0.211859524 -0.332288206 -0.691688538
1403636937701666560.000000 6.157193184 7.625612259 4.811098099 0.607502639 -0.208750889 -0.329952091 -0.691733479
1403636937751666432.000000 6.140504360 7.627481937 4.806162834 0.610324740 -0.205416366 -0.326498806 -0.691886187
1403636937801666560.000000 6.124512196 7.620364666 4.802173615 -0.611755490 0.204041481 0.325702727 0.691404462
1403636937851666432.000000 6.107644558 7.622969151 4.800250053 -0.613604307 0.205766827 0.323446751 0.690312982
1403636937901666560.000000 6.090803146 7.625677109 4.799713135 -0.616892755 0.207605720 0.318908453 0.688941658
1403636937951666432.000000 6.073717594 7.628199577 4.800434113 -0.619927883 0.209174976 0.314967155 0.687554359
1403636938001666560.000000 6.056711197 7.630033016 4.803098679 -0.622909367 0.211081758 0.310993344 0.686084211
1403636938051666432.000000 6.039751530 7.619445324 4.809344292 -0.625322342 0.213966563 0.308283329 0.684216201
1403636938101666560.000000 6.023267746 7.618607521 4.815156937 -0.627400517 0.217277348 0.307315052 0.681701243
1403636938151666432.000000 6.006817341 7.616373062 4.822565079 -0.629013538 0.221412957 0.308431983 0.678371668
1403636938201666560.000000 5.991214752 7.612709045 4.830879211 -0.628664613 0.226081640 0.312084168 0.675478637
1403636938251666432.000000 5.976613998 7.607341766 4.838891983 0.628347635 -0.230347171 -0.315522075 -0.672729731
1403636938301666560.000000 5.963643551 7.600474834 4.846322060 0.626632988 -0.235650480 -0.320883095 -0.669950783
1403636938351666432.000000 5.951390743 7.591546059 4.853292465 0.621938467 -0.242176503 -0.330228239 -0.667452216
1403636938401666560.000000 5.939457417 7.580019951 4.858973503 0.616673291 -0.247835279 -0.340090334 -0.665304661
1403636938451666432.000000 5.927229881 7.566882133 4.863055229 0.611015856 -0.251716554 -0.350728095 -0.663542151
1403636938501666560.000000 5.915583611 7.553045273 4.864193916 0.607350826 -0.253221810 -0.358336210 -0.662268043
1403636938551666432.000000 5.898159027 7.516540527 4.861519814 -0.604685247 0.251487106 0.363851845 0.662360847
1403636938601666560.000000 5.885529518 7.501184464 4.856970787 -0.603635073 0.249815375 0.367667198 0.661844313
1403636938651666432.000000 5.872456551 7.485095024 4.850182533 -0.602488577 0.248951539 0.370734841 0.661503077
1403636938701666560.000000 5.859107971 7.468787193 4.839846611 -0.603376269 0.247276187 0.370941103 0.661206722
1403636938751666432.000000 5.844753265 7.450391769 4.828011513 0.604939640 -0.244604439 -0.370290160 -0.661136866
1403636938801666560.000000 5.829686165 7.433205605 4.813700676 0.607091546 -0.240874141 -0.368681908 -0.661432743
1403636938851666432.000000 5.813813210 7.416049004 4.797604561 0.610025764 -0.236238405 -0.365772754 -0.662019968
1403636938901666560.000000 5.796852112 7.398504734 4.780632973 0.612817347 -0.229176149 -0.362985402 -0.663456798
1403636938951666432.000000 5.777595520 7.358926296 4.758114338 -0.614144206 0.223371699 0.361850947 0.664827704
1403636939001666560.000000 5.758710861 7.341730118 4.740828037 -0.616607368 0.218075216 0.359239727 0.665721714
1403636939051666432.000000 5.738529205 7.325045586 4.724665165 -0.617366195 0.214525461 0.358419091 0.666613519
1403636939101666560.000000 5.717438698 7.309059620 4.709072113 -0.618335783 0.213775024 0.356809944 0.666819155
1403636939151666432.000000 5.695451260 7.293360710 4.694261074 -0.618840039 0.214660749 0.355038911 0.667012215
1403636939201666560.000000 5.672307968 7.280191898 4.680191517 0.619246960 -0.215773940 -0.353513181 -0.667085707
1403636939251666432.000000 5.648530483 7.266347885 4.667397022 0.619245827 -0.216652706 -0.352561265 -0.667305589
1403636939301666560.000000 5.624154091 7.252740860 4.655263901 0.619343221 -0.218149170 -0.351083100 -0.667507052
1403636939351666432.000000 5.599052906 7.239231586 4.643598080 0.619178236 -0.218684539 -0.349836260 -0.668139219
1403636939401666560.000000 5.572759628 7.196671009 4.622375011 -0.618356526 0.219004944 0.348714828 0.669380367
1403636939451666432.000000 5.548870087 7.182543278 4.609073162 -0.618277431 0.219706848 0.346920490 0.670155346
1403636939501666560.000000 5.526210308 7.167930126 4.594479561 -0.618645608 0.221698135 0.344247073 0.670538247
1403636939551666432.000000 5.504984379 7.152537346 4.578380108 -0.619658411 0.223946318 0.340724766 0.670655072
1403636939601666560.000000 5.485321045 7.136129856 4.560407639 -0.620861650 0.226631835 0.336870074 0.670587361
1403636939651666432.000000 5.467267990 7.116663456 4.541987419 0.621099472 -0.230435371 -0.334541529 -0.670236528
1403636939701666560.000000 5.446148396 7.082797527 4.516935825 -0.620693088 0.233175263 0.333918631 0.669975936
1403636939751666432.000000 5.427795410 7.062724113 4.497850895 -0.621222734 0.233799934 0.332727790 0.669859827
1403636939801666560.000000 5.408584595 7.041988373 4.479746819 -0.621597826 0.233781323 0.332051545 0.669853926
1403636939851666432.000000 5.387797356 7.020432949 4.463082790 -0.621429443 0.232603371 0.332719326 0.670088887
1403636939901666560.000000 5.365812302 6.998119831 4.447848320 -0.620127738 0.233270794 0.334959209 0.669946790
1403636939951666432.000000 5.340475082 6.968698025 4.430950642 -0.619403481 0.234254166 0.337845206 0.668823659
1403636940001666560.000000 5.315037251 6.944235325 4.417325020 -0.620514095 0.234122306 0.340707958 0.666383624
1403636940051666432.000000 5.288287163 6.919180393 4.404592514 -0.622028410 0.232596800 0.344034046 0.663792133
1403636940101666560.000000 5.260225296 6.893683434 4.392673016 -0.623672485 0.231265008 0.347249746 0.661034644
1403636940151666432.000000 5.227315426 6.856846333 4.376354694 -0.624006450 0.230053931 0.351582944 0.658847928
1403636940201666560.000000 5.197013855 6.829815865 4.365754128 -0.624472558 0.229263440 0.355123550 0.656779706
1403636940251666432.000000 5.165818214 6.802649975 4.355421543 -0.625280023 0.228798494 0.357741952 0.654749513
1403636940301666560.000000 5.133904457 6.775405407 4.345278263 -0.626737773 0.228421122 0.359060228 0.652762890
1403636940351666432.000000 5.101002693 6.748805523 4.333580971 -0.628484190 0.228008881 0.359658629 0.650895774
1403636940401666560.000000 5.067062855 6.720972538 4.324010849 -0.629371345 0.228606045 0.361211866 0.648966134
1403636940451666432.000000 5.032731056 6.692619324 4.314278603 -0.630626917 0.228684992 0.362033337 0.647259474
1403636940501666560.000000 4.998692989 6.663601875 4.303623676 -0.631477594 0.228181869 0.363275886 0.645909965
1403636940551666432.000000 4.963447571 6.629714966 4.287987709 -0.631414950 0.226781756 0.365944207 0.644957483
1403636940601666560.000000 4.930819511 6.600130081 4.274650097 -0.630755842 0.222821489 0.369274616 0.645084500
1403636940651666432.000000 4.899189949 6.570296764 4.259181976 -0.631153286 0.218302488 0.371200204 0.645135701
1403636940701666560.000000 4.868956566 6.540647507 4.241749287 -0.631631136 0.213337108 0.372538656 0.645557463
1403636940751666432.000000 4.838374138 6.510717869 4.221322536 -0.631400406 0.209226713 0.374235034 0.646147013
1403636940801666560.000000 4.810384274 6.481274605 4.200599670 -0.631457150 0.205831930 0.375243247 0.646597028
1403636940851666432.000000 4.783821106 6.451979637 4.178267002 -0.631848276 0.203283295 0.375706941 0.646751940
1403636940901666560.000000 4.758513927 6.422742844 4.154698372 -0.632459402 0.200140789 0.375293523 0.647374451
1403636940951666432.000000 4.731679916 6.391097069 4.126521111 -0.633067667 0.198250473 0.374527425 0.647805095
1403636941001666560.000000 4.709580421 6.364233017 4.099788666 -0.633762896 0.200233966 0.372966379 0.647415638
1403636941051666432.000000 4.688808441 6.338276386 4.072066307 -0.634525836 0.200679809 0.371507376 0.647369146
1403636941101666560.000000 4.669074059 6.312005997 4.042458534 0.635746717 -0.202139705 -0.369478554 -0.646878123
1403636941151666432.000000 4.647683144 6.286417007 4.014417171 -0.636226237 0.203770563 0.368040890 0.646714509
1403636941201666560.000000 4.629153252 6.261449337 3.985116005 -0.636709392 0.204663992 0.366574347 0.646789789
1403636941251666432.000000 4.610927582 6.236671448 3.955993652 -0.636908770 0.207103312 0.365143269 0.646626472
1403636941301666560.000000 4.592291355 6.212185383 3.927539349 -0.637682676 0.208896160 0.362596869 0.646720052
1403636941351666432.000000 4.568919182 6.188222885 3.899313927 -0.637687802 0.209755033 0.360012174 0.647879958
1403636941401666560.000000 4.548919678 6.164180756 3.873467445 -0.637607336 0.210565537 0.358313859 0.648637354
1403636941451666432.000000 4.528309822 6.140185356 3.848751545 -0.637675524 0.211427078 0.356327266 0.649383962
1403636941501666560.000000 4.506674290 6.116326332 3.825382710 -0.637001693 0.212144762 0.355130881 0.650465667
1403636941551666432.000000 4.483807564 6.092459679 3.802735329 0.636657715 -0.211668640 -0.353788018 -0.651688159
1403636941601666560.000000 4.454995155 6.069494247 3.781910419 -0.635397971 0.211090192 0.353478789 0.653271139
1403636941651666432.000000 4.431545734 6.045712471 3.761645794 -0.634866059 0.210946560 0.352905929 0.654143751
1403636941701666560.000000 4.407468796 6.021973610 3.742601395 -0.634110332 0.210082695 0.352735132 0.655246019
1403636941751666432.000000 4.383301258 5.998415470 3.723796844 -0.633639097 0.209805697 0.352249801 0.656051219
1403636941801666560.000000 4.359895706 5.974948883 3.705762863 0.632401705 -0.209973320 -0.352778584 -0.656906903
1403636941851666432.000000 4.336802006 5.952619076 3.686629772 -0.631581068 0.210066825 0.352774024 0.657668412
1403636941901666560.000000 4.316083431 5.927988052 3.665823460 -0.630304337 0.209358141 0.354137599 0.658386052
1403636941951666432.000000 4.297268391 5.903745651 3.643627167 -0.629462302 0.208907142 0.354640394 0.659063935
1403636942001666560.000000 4.279291630 5.879017830 3.620722771 -0.628038347 0.210136279 0.356238365 0.659169853
1403636942051666432.000000 4.256838799 5.856298923 3.594546795 -0.626633465 0.212047756 0.357439250 0.659244597
1403636942101666560.000000 4.239746571 5.830981731 3.569884300 -0.626456559 0.212629259 0.357759476 0.659051716
1403636942151666432.000000 4.222620964 5.805823803 3.545494556 -0.625945687 0.214159563 0.358278364 0.658759713
1403636942201666560.000000 4.203926086 5.780345440 3.521638870 0.625947893 -0.215581179 -0.358323634 -0.658269107
1403636942251666432.000000 4.184208870 5.755220890 3.498863220 0.625487924 -0.216657817 -0.359380960 -0.657776296
1403636942301666560.000000 4.163169861 5.730197906 3.477075577 0.625336230 -0.218201920 -0.360083550 -0.657025397
1403636942351666432.000000 4.142321587 5.714387894 3.457645893 -0.625213444 0.220305145 0.361211449 0.655820251
1403636942401666560.000000 4.118662834 5.689673424 3.438172817 -0.624391973 0.222244427 0.363100678 0.654904664
1403636942451666432.000000 4.093441010 5.665220737 3.419443130 -0.623826563 0.223225594 0.364827275 0.654149711
1403636942501666560.000000 4.067131042 5.641027927 3.401404858 -0.623290002 0.223629013 0.366973251 0.653322577
1403636942551666432.000000 4.037919998 5.618958950 3.383920193 0.622258067 -0.222677439 -0.369598746 -0.653151214
1403636942601666560.000000 4.012843609 5.598930836 3.367658138 -0.622323930 0.221182123 0.371116638 0.652735651
1403636942651666432.000000 3.982128143 5.575666428 3.350672245 -0.621994853 0.218858361 0.372836649 0.652852476
1403636942701666560.000000 3.950312138 5.552785873 3.333765030 -0.622857571 0.214889869 0.373059630 0.653220713
1403636942751666432.000000 3.917812824 5.530243874 3.317081451 -0.623446882 0.212525889 0.373280376 0.653305829
1403636942801666560.000000 3.887260199 5.519502163 3.300411224 -0.624665260 0.210819796 0.373279333 0.652695179
1403636942851666432.000000 3.855958939 5.498084068 3.280925751 -0.626758277 0.210215434 0.371060491 0.652148545
1403636942901666560.000000 3.826138258 5.476829529 3.259647846 -0.629338801 0.210578427 0.368078887 0.651235282
1403636942951666432.000000 3.797487974 5.455543995 3.237034798 -0.631519139 0.209751815 0.365715057 0.650722861
1403636943001666560.000000 3.771034241 5.434144974 3.212637424 0.632792413 -0.210611850 -0.364403427 -0.649943590
1403636943051666432.000000 3.749414921 5.424606323 3.189045906 -0.635037720 0.210914969 0.361892104 0.649057865
1403636943101666560.000000 3.725280762 5.402733803 3.162040234 -0.636500001 0.211637124 0.360655397 0.648078144
1403636943151666432.000000 3.701742411 5.381010056 3.135091305 -0.637081921 0.213588893 0.360508919 0.646946490
1403636943201666560.000000 3.677901268 5.359119415 3.109095097 -0.637868941 0.214334950 0.359883010 0.646272361
1403636943251666432.000000 3.654213905 5.337995052 3.084523201 0.638416231 -0.214152262 -0.360074878 -0.645685434
1403636943301666560.000000 3.631012917 5.329321861 3.061789989 -0.639902651 0.213575646 0.359357327 0.644804180
1403636943351666432.000000 3.604862452 5.307009697 3.039694309 -0.641178489 0.213003621 0.358826816 0.644020915
1403636943401666560.000000 3.578304768 5.284626484 3.019039631 -0.642127693 0.213755533 0.358566731 0.642970085
1403636943451666432.000000 3.550950050 5.262147903 2.999753952 -0.642829180 0.213510305 0.358733237 0.642257333
1403636943501666560.000000 3.523157358 5.238581657 2.980904579 0.643872619 -0.213250831 -0.358190328 -0.641601026
1403636943551666432.000000 3.495286465 5.232007027 2.964475632 -0.644746363 0.212808132 0.357979625 0.640987873
1403636943601666560.000000 3.465972424 5.208524227 2.949055195 -0.645982862 0.212400392 0.356894106 0.640483260
1403636943651666432.000000 3.435991287 5.184789658 2.934782505 -0.647115827 0.211470738 0.355882674 0.640210032
1403636943701666560.000000 3.405490398 5.160967827 2.921696663 -0.647596240 0.212683931 0.355575025 0.639492869
1403636943751666432.000000 3.374748707 5.138490677 2.910998344 0.648172736 -0.212109625 -0.355610043 -0.639079988
1403636943801666560.000000 3.343079090 5.114339828 2.901223183 0.648774981 -0.211154521 -0.355184019 -0.639021993
1403636943851666432.000000 3.309857368 5.108318329 2.890013695 -0.646886289 0.211249188 0.356130570 0.640377283
1403636943901666560.000000 3.277246475 5.083686352 2.883820534 -0.643418014 0.209260732 0.357750446 0.643613160
1403636943951666432.000000 3.244156837 5.059018612 2.879163265 -0.637736976 0.205679402 0.361002892 0.648586571
1403636944001666560.000000 3.210801125 5.034694672 2.875399590 -0.631903172 0.200706288 0.364672482 0.653780878
1403636944051666432.000000 3.177282333 5.023786068 2.870761871 -0.626223505 0.195541665 0.368246406 0.658788443
1403636944101666560.000000 3.145123005 5.000699043 2.865953922 -0.620884120 0.189397246 0.372010887 0.663505554
1403636944151666432.000000 3.114850998 4.978827477 2.859528065 -0.616631210 0.185665175 0.374102056 0.667339623
1403636944201666560.000000 3.086753368 4.958774090 2.851507664 -0.614120543 0.182531595 0.374356568 0.670369565
1403636944251666432.000000 3.060375690 4.943322659 2.841688633 0.611391842 -0.182453766 -0.374915600 -0.672568977
1403636944301666560.000000 3.036697149 4.927113056 2.829762459 0.610865235 -0.183148563 -0.372839630 -0.674011052
1403636944351666432.000000 3.015853405 4.929248333 2.817654133 -0.610927880 0.186499521 0.369832277 0.674691916
1403636944401666560.000000 2.995543480 4.917286396 2.802898884 -0.611703694 0.190497726 0.366115600 0.674899042
1403636944451666432.000000 2.976668596 4.906300068 2.786936283 -0.614569604 0.193224728 0.359561771 0.675043523
1403636944501666560.000000 2.959413052 4.896537781 2.769819736 -0.617700756 0.196781412 0.352607280 0.674826622
1403636944551666432.000000 2.942664146 4.890330315 2.751439095 0.622154117 -0.198257372 -0.344069064 -0.674710929
1403636944601666560.000000 2.928143740 4.881236553 2.733326435 0.626163542 -0.198334664 -0.336376995 -0.674857855
1403636944651666432.000000 2.915120840 4.871981144 2.715700150 0.629045427 -0.197008878 -0.329917878 -0.675754130
1403636944701666560.000000 2.904176950 4.862703323 2.698529720 0.629970431 -0.196723193 -0.324476421 -0.677607834
1403636944751666432.000000 2.894933939 4.853015900 2.682167053 0.627469122 -0.199556410 -0.323899597 -0.679373860
1403636944801666560.000000 2.887669563 4.842823982 2.665884495 0.624537230 -0.203005493 -0.324183911 -0.680916131
1403636944851666432.000000 2.884733677 4.845788479 2.654182434 -0.622192979 0.206205368 0.324340284 0.682025492
1403636944901666560.000000 2.881291866 4.834750175 2.637732506 -0.619326949 0.208757624 0.325547338 0.683281362
1403636944951666432.000000 2.878467083 4.823428154 2.622319221 -0.617126048 0.211674422 0.326076657 0.684122384
1403636945001666560.000000 2.874742031 4.812186718 2.608591557 -0.615889370 0.212772101 0.325752407 0.685050130
1403636945051666432.000000 2.868245602 4.801099777 2.595427513 0.614858687 -0.213558048 -0.325340092 -0.685926855
1403636945101666560.000000 2.860878944 4.790174484 2.586872578 0.614152610 -0.214211926 -0.324547857 -0.686730325
1403636945151666432.000000 2.851544142 4.778487206 2.581218719 0.613277316 -0.214381739 -0.324487358 -0.687487781
1403636945201666560.000000 2.841464996 4.766366959 2.577157021 0.612816930 -0.214315996 -0.323915869 -0.688187957
1403636945251666432.000000 2.831101894 4.753818035 2.574101448 0.612420261 -0.214691222 -0.323463857 -0.688636541
1403636945301666560.000000 2.821940422 4.741111755 2.570920467 0.611964881 -0.214907959 -0.323613465 -0.688903391
1403636945351666432.000000 2.815683603 4.737636566 2.574019909 -0.612345517 0.215098187 0.323244840 0.688678861
1403636945401666560.000000 2.809828758 4.723476410 2.569405079 -0.612454474 0.214069709 0.323314279 0.688869774
1403636945451666432.000000 2.805357456 4.708413601 2.564096451 -0.612717628 0.214327529 0.323231667 0.688594341
1403636945501666560.000000 2.801826477 4.692752361 2.558984280 -0.612861156 0.214292377 0.323696643 0.688259125
1403636945551666432.000000 2.797893524 4.677000046 2.552624226 0.611991644 -0.213818222 -0.325905740 -0.688137710
1403636945601666560.000000 2.793015480 4.660747051 2.549767017 0.610745668 -0.211261168 -0.329324216 -0.688406944
1403636945651666432.000000 2.787181616 4.644438267 2.548771858 0.609280169 -0.205955461 -0.333504319 -0.689300358
1403636945701666560.000000 2.780579567 4.628481865 2.549506187 0.606998444 -0.199877664 -0.339064032 -0.690389395
1403636945751666432.000000 2.771536827 4.613256454 2.553397655 -0.605730295 0.193500757 0.343306869 0.691222608
1403636945801666560.000000 2.763866901 4.599528313 2.557131767 -0.603688598 0.187513426 0.348093241 0.692264378
1403636945851666432.000000 2.756534100 4.587349892 2.561813831 -0.603048682 0.184335962 0.350609690 0.692405522
1403636945901666560.000000 2.749402046 4.576804161 2.567092896 -0.602667630 0.184855685 0.352400839 0.691689134
1403636945951666432.000000 2.743066549 4.567365646 2.573047161 0.605079055 -0.187063888 -0.349512815 -0.690454483
1403636946001666560.000000 2.736498594 4.559823990 2.580094337 0.608140707 -0.192255273 -0.345033407 -0.688588977
1403636946051666432.000000 2.729814053 4.553235054 2.588348389 0.611365557 -0.196944788 -0.340674043 -0.686575711
1403636946101666560.000000 2.722121477 4.547536850 2.598636627 0.612931430 -0.198985234 -0.339113712 -0.685362637
1403636946151666432.000000 2.713698387 4.542158604 2.610313416 0.614268839 -0.200695828 -0.338152230 -0.684140503
1403636946201666560.000000 2.704593182 4.537400246 2.623403549 0.614936173 -0.202182263 -0.338358402 -0.683000326
1403636946251666432.000000 2.699875355 4.519103050 2.638543129 -0.617481887 0.203117713 0.337002248 0.681093872
1403636946301666560.000000 2.689406395 4.514495850 2.654255867 -0.619040966 0.205286860 0.335360974 0.679837227
1403636946351666432.000000 2.678088427 4.510210037 2.671194077 -0.621144652 0.205904230 0.333740383 0.678527951
1403636946401666560.000000 2.666265011 4.505705833 2.690133095 -0.621584475 0.208475858 0.333675057 0.677371025
1403636946451666432.000000 2.654831886 4.503568172 2.710298538 0.622164190 -0.208752334 -0.334416866 -0.676387191
1403636946501666560.000000 2.642010212 4.499449253 2.731795788 0.622842133 -0.209281445 -0.334556729 -0.675530076
1403636946551666432.000000 2.629477978 4.495122433 2.753714561 0.623784423 -0.209676847 -0.334450305 -0.674589992
1403636946601666560.000000 2.617669582 4.489727974 2.775436401 0.624454141 -0.209439307 -0.334766448 -0.673887014
1403636946651666432.000000 2.604393005 4.480946541 2.798716545 -0.624221027 0.208843216 0.336377054 0.673485816
1403636946701666560.000000 2.594836712 4.474391460 2.820109844 -0.620714486 0.212808222 0.342131257 0.672586381
1403636946751666432.000000 2.586587191 4.466966629 2.840069294 -0.615915954 0.218702585 0.349638462 0.671244919
1403636946801666560.000000 2.579478025 4.459160328 2.858429432 -0.611007333 0.225779757 0.356900841 0.669563651
1403636946851666432.000000 2.573028088 4.447926044 2.875312328 0.607110202 -0.230446100 -0.362645000 -0.668431282
1403636946901666560.000000 2.565240860 4.439101219 2.891134262 0.604560673 -0.233033240 -0.366706043 -0.667629182
1403636946951666432.000000 2.556246758 4.433428764 2.904780388 -0.599654853 0.237933695 0.373410612 0.666608036
1403636947001666560.000000 2.544457912 4.424756527 2.919682503 -0.596281707 0.242602170 0.378017575 0.665353358
1403636947051666432.000000 2.530365467 4.416545868 2.933265209 -0.594349682 0.244130462 0.381022841 0.664808512
1403636947101666560.000000 2.514404297 4.409012318 2.945129395 -0.594823956 0.241645664 0.380754292 0.665445805
1403636947151666432.000000 2.496806622 4.401051044 2.954113007 0.598219037 -0.234233394 -0.377241969 -0.667051136
1403636947201666560.000000 2.478653669 4.393479347 2.960967541 0.600934148 -0.222528204 -0.375293851 -0.669711828
1403636947251666432.000000 2.463289022 4.392023563 2.968192101 -0.604180753 0.208662525 0.373542845 0.672228634
1403636947301666560.000000 2.446115255 4.385300159 2.970729828 -0.605502486 0.196367592 0.373336583 0.674852848
1403636947351666432.000000 2.430927753 4.380277634 2.971105099 -0.605862141 0.186415032 0.373901576 0.677036285
1403636947401666560.000000 2.417347908 4.376651764 2.970161438 -0.605421722 0.179505467 0.375351489 0.678493619
1403636947451666432.000000 2.405580521 4.375377178 2.966927528 0.605876684 -0.175346524 -0.375453502 -0.679118454
1403636947501666560.000000 2.396266937 4.376427174 2.962291241 0.605653405 -0.178449661 -0.375977218 -0.678218842
1403636947551666432.000000 2.388512611 4.379508495 2.956013680 0.605803013 -0.184218466 -0.375775665 -0.676652730
1403636947601666560.000000 2.382377386 4.384560108 2.947656631 0.608237922 -0.189992189 -0.372113615 -0.674893439
1403636947651666432.000000 2.377341270 4.390916824 2.937797070 0.610916495 -0.192524627 -0.367782891 -0.674129903
1403636947701666560.000000 2.372677326 4.398877621 2.927892685 0.612733364 -0.193459168 -0.365098864 -0.673672199
1403636947751666432.000000 2.373165846 4.413178444 2.915318966 -0.615063608 0.191605046 0.362176895 0.673655868
1403636947801666560.000000 2.367408752 4.423866749 2.906738281 -0.617317259 0.188998178 0.358533949 0.674279332
1403636947851666432.000000 2.361309767 4.435863972 2.898978710 -0.620585442 0.184862137 0.353497446 0.675084651
1403636947901666560.000000 2.355332375 4.449223042 2.892631054 -0.623813212 0.181302398 0.348306417 0.675773025
1403636947951666432.000000 2.348114967 4.463176250 2.889123440 0.625602365 -0.179615408 -0.344829232 -0.676352561
1403636948001666560.000000 2.341570854 4.478226662 2.887034416 0.623804390 -0.179954588 -0.347130030 -0.676746070
1403636948051666432.000000 2.335133314 4.493979454 2.886830330 0.621005535 -0.180267379 -0.350780904 -0.677354157
1403636948101666560.000000 2.328897953 4.510605812 2.888020039 0.618467629 -0.180210248 -0.353811234 -0.678114891
1403636948151666432.000000 2.322814941 4.528067589 2.890013695 0.618043125 -0.179001436 -0.353605509 -0.678928792
1403636948201666560.000000 2.317145586 4.546525478 2.892968178 0.618491113 -0.178876966 -0.351741672 -0.679521620
1403636948251666432.000000 2.318111420 4.560256958 2.895485401 -0.618398786 0.178588971 0.351238221 0.679941654
1403636948301666560.000000 2.313231945 4.580452919 2.900898457 -0.619121015 0.178378180 0.349048376 0.680467188
1403636948351666432.000000 2.309144020 4.601593494 2.907551765 -0.619499624 0.178186491 0.346956462 0.681242287
1403636948401666560.000000 2.305473804 4.623513222 2.915220737 -0.620182812 0.176862091 0.344639331 0.682141423
1403636948451666432.000000 2.297557592 4.651224136 2.920685768 0.620642662 -0.175639987 -0.341389537 -0.683671415
1403636948501666560.000000 2.299174547 4.671080112 2.930609226 0.623465240 -0.172199354 -0.336058319 -0.684619069
1403636948551666432.000000 2.293775320 4.699743271 2.940553665 0.627424002 -0.168148309 -0.327685118 -0.686066866
1403636948601666560.000000 2.303273201 4.712312698 2.957817554 -0.631282210 0.165192291 0.321648717 0.686102331
1403636948651666432.000000 2.306183815 4.737339020 2.971788406 -0.634165406 0.163048759 0.315434992 0.686840773
1403636948701666560.000000 2.312692165 4.762560844 2.987214565 -0.634688675 0.165902048 0.312641054 0.686951578
1403636948751666432.000000 2.322294712 4.787422180 3.003690720 -0.632455289 0.171736479 0.314464152 0.686745405
1403636948801666560.000000 2.335054874 4.811614037 3.021175861 -0.627987504 0.181270450 0.319414943 0.686110020
1403636948851666432.000000 2.350670099 4.833339214 3.037553787 -0.624329984 0.190268755 0.323223859 0.685227156
1403636948901666560.000000 2.369154692 4.856452465 3.054505348 -0.620290220 0.199588284 0.327004582 0.684450567
1403636948951666432.000000 2.389270306 4.879019260 3.071442127 -0.615927100 0.209827870 0.331287086 0.683267891
1403636949001666560.000000 2.409155846 4.901161194 3.088680267 -0.612518370 0.218994677 0.333892286 0.682186663
1403636949051666432.000000 2.429430008 4.917291164 3.107139587 -0.610307097 0.223745957 0.335634470 0.681771636
1403636949101666560.000000 2.446907043 4.938862324 3.125227928 -0.610257149 0.224972740 0.334350735 0.682043374
1403636949151666432.000000 2.463026524 4.959733963 3.143871307 -0.610509515 0.224134907 0.333120316 0.682695091
1403636949201666560.000000 2.477875233 4.979975700 3.163112640 -0.610499144 0.223370552 0.332266748 0.683370590
1403636949251666432.000000 2.491620541 4.999599934 3.183247089 -0.610983729 0.220987439 0.331069410 0.684292674
1403636949301666560.000000 2.504771709 5.016025543 3.204725742 -0.610410035 0.221502185 0.331128597 0.684609652
1403636949351666432.000000 2.516823769 5.034278870 3.226361752 -0.608976781 0.224082500 0.332002848 0.684622943
1403636949401666560.000000 2.527682304 5.051839352 3.248779774 -0.607718885 0.225728586 0.333112001 0.684661090
1403636949451666432.000000 2.537261486 5.068881035 3.271803856 -0.606939256 0.227208078 0.333534092 0.684657812
1403636949501666560.000000 2.547880650 5.080303669 3.295478821 -0.605631471 0.229940951 0.334859252 0.684256554
1403636949551666432.000000 2.556754589 5.095608234 3.318056107 -0.603924811 0.231797770 0.336687475 0.684241354
1403636949601666560.000000 2.566342592 5.110119820 3.338813782 -0.602839172 0.233686998 0.337603629 0.684104621
1403636949651666432.000000 2.576409817 5.123648167 3.357708454 0.601314723 -0.232472777 -0.340066820 -0.684639812
1403636949701666560.000000 2.585887432 5.133538246 3.375435829 -0.600714624 0.229075387 0.341546267 0.685574651
1403636949751666432.000000 2.597019672 5.145592690 3.390573978 -0.600118816 0.224322557 0.343142837 0.686869621
1403636949801666560.000000 2.608973742 5.156626701 3.404052258 -0.599599361 0.219855785 0.344235390 0.688219547
1403636949851666432.000000 2.620453358 5.166805744 3.417104244 -0.596991718 0.216459125 0.348647892 0.689341009
1403636949901666560.000000 2.632563591 5.176564693 3.428638935 0.596413910 -0.212466583 -0.350211591 -0.690290034
1403636949951666432.000000 2.643644810 5.187788010 3.436758995 -0.594679713 0.209873721 0.353014439 0.691151142
1403636950001666560.000000 2.656291723 5.199101448 3.446096897 -0.593536258 0.208392993 0.355204970 0.691459715
1403636950051666432.000000 2.669424772 5.211495876 3.454048157 -0.592535019 0.206275716 0.357530266 0.691754878
1403636950101666560.000000 2.682555914 5.224925518 3.461541176 -0.591225207 0.205041409 0.359852165 0.692038417
1403636950151666432.000000 2.694941998 5.237361908 3.466601849 -0.591757178 0.203248069 0.359684050 0.692200243
1403636950201666560.000000 2.705970287 5.252352238 3.474444389 -0.593146682 0.200509474 0.358589143 0.692377687
1403636950251666432.000000 2.715829372 5.268445969 3.482847691 -0.594624102 0.199374110 0.356745243 0.692390800
1403636950301666560.000000 2.724274635 5.285353184 3.491650581 0.596500933 -0.198394954 -0.354508907 -0.692206264
1403636950351666432.000000 2.728172302 5.315472126 3.499076366 -0.598664224 0.198906824 0.351517022 0.691717565
1403636950401666560.000000 2.736234665 5.334423542 3.509017467 -0.601080060 0.199232846 0.347994804 0.691309392
1403636950451666432.000000 2.743877888 5.354098797 3.519368172 -0.603648007 0.201139674 0.344125181 0.690456271
1403636950501666560.000000 2.750965357 5.374266624 3.530391216 -0.607514381 0.199701294 0.338565290 0.690231383
1403636950551666432.000000 2.756915569 5.396431923 3.540241241 -0.610918820 0.198740393 0.333159983 0.690133989
1403636950601666560.000000 2.764715433 5.416916847 3.552628517 -0.613781273 0.197788656 0.328729659 0.689992070
1403636950651666432.000000 2.774050236 5.436858654 3.564948559 -0.615056276 0.197468176 0.326737881 0.689894557
1403636950701666560.000000 2.774751425 5.472097397 3.580187798 -0.614428461 0.200363487 0.326666027 0.689653158
1403636950751666432.000000 2.787790298 5.490759850 3.591745853 -0.613784194 0.203525200 0.326945037 0.689168632
1403636950801666560.000000 2.802768707 5.508817673 3.602523804 -0.612377703 0.208231896 0.328004509 0.688510060
1403636950851666432.000000 2.818645954 5.525553703 3.612735748 0.610397339 -0.211346984 -0.329666853 -0.688525498
1403636950901666560.000000 2.836630821 5.541533470 3.621691227 0.609863400 -0.213197723 -0.329809248 -0.688359857
1403636950951666432.000000 2.855612278 5.549124718 3.627413750 -0.609238923 0.213977888 0.330014020 0.688572586
1403636951001666560.000000 2.876411915 5.563761234 3.633785725 -0.608602881 0.215789154 0.330234230 0.688464224
1403636951051666432.000000 2.898749828 5.577127457 3.638511658 -0.607260942 0.218794808 0.331686437 0.688002229
1403636951101666560.000000 2.921140671 5.588715553 3.642968655 -0.604429781 0.221482888 0.335380465 0.687844455
1403636951151666432.000000 2.941464901 5.620966911 3.653597355 -0.600652218 0.221773714 0.341331810 0.688132226
1403636951201666560.000000 2.961423397 5.632163525 3.658983231 -0.598810613 0.219026104 0.344787121 0.688894212
1403636951251666432.000000 2.979613304 5.643322945 3.665269852 -0.597819328 0.215186313 0.347049505 0.689828694
1403636951301666560.000000 2.992749691 5.660151958 3.674449921 -0.596770525 0.209780514 0.349549890 0.691138268
1403636951351666432.000000 3.007207870 5.672878742 3.682955742 -0.595598340 0.204973742 0.352060199 0.692316473
1403636951401666560.000000 3.020829916 5.686482430 3.692061901 -0.594819009 0.200078577 0.353855938 0.693501890
1403636951451666432.000000 3.026818752 5.715416908 3.707008362 -0.595251501 0.196701199 0.354037970 0.694003999
1403636951501666560.000000 3.038502455 5.730707169 3.717068672 -0.595045805 0.195040151 0.354681253 0.694320619
1403636951551666432.000000 3.055330753 5.732560158 3.722525597 0.595570326 -0.193931788 -0.354143441 -0.694455802
1403636951601666560.000000 3.066054821 5.752421856 3.732588291 0.596624553 -0.192125291 -0.352873802 -0.694699347
1403636951651666432.000000 3.072295189 5.783455372 3.747462273 -0.598060071 0.191958055 0.351055801 0.694432259
1403636951701666560.000000 3.083489895 5.802873611 3.758171082 -0.599866688 0.192755237 0.348427385 0.693976760
1403636951751666432.000000 3.095990896 5.823733807 3.767972946 -0.601410329 0.194777429 0.345846176 0.693367064
1403636951801666560.000000 3.110846519 5.845980167 3.775903225 -0.603004217 0.196985021 0.343330801 0.692608714
1403636951851666432.000000 3.118365288 5.896714211 3.791206360 -0.605548859 0.197197855 0.339313924 0.692307591
1403636951901666560.000000 3.135531425 5.919829369 3.797377110 -0.607433021 0.197665825 0.336452991 0.691919625
1403636951951666432.000000 3.153417587 5.942933083 3.803331852 -0.610012770 0.196091056 0.332876712 0.691827953
1403636952001666560.000000 3.169632196 5.971798897 3.811727524 -0.611302793 0.195458084 0.330758512 0.691884279
1403636952051666432.000000 3.187433004 5.995879650 3.820200920 -0.612376809 0.195570201 0.329478860 0.691513300
1403636952101666560.000000 3.205645561 6.015995502 3.829148293 0.612782896 -0.197727621 -0.328601003 -0.690957546
1403636952151666432.000000 3.221625566 6.046927452 3.842661381 -0.612145841 0.200306028 0.329303265 0.690445125
1403636952201666560.000000 3.237639427 6.071589470 3.856388092 -0.611978650 0.204245359 0.329070419 0.689549625
1403636952251666432.000000 3.252717972 6.096048355 3.871644497 -0.611129463 0.208704680 0.329697043 0.688667655
1403636952301666560.000000 3.267225742 6.140562534 3.892827034 -0.609240890 0.214261800 0.331682861 0.687680185
1403636952351666432.000000 3.280524731 6.164275169 3.910254478 -0.607895494 0.219342470 0.332887977 0.686685979
1403636952401666560.000000 3.292394876 6.190544605 3.929126263 -0.607094407 0.222662196 0.333682626 0.685940146
1403636952451666432.000000 3.303005695 6.214094639 3.948359966 -0.607686818 0.223742947 0.331952095 0.685903609
1403636952501666560.000000 3.312276840 6.237178326 3.968464851 -0.608622313 0.223104656 0.330493003 0.685986519
1403636952551666432.000000 3.321277618 6.261898041 3.989502430 -0.609529018 0.221264198 0.329053283 0.686469555
1403636952601666560.000000 3.330008030 6.282677650 4.009654522 -0.610781372 0.220096126 0.326820552 0.686798513
1403636952651666432.000000 3.339391708 6.301620483 4.028789997 -0.611520529 0.219956309 0.325584471 0.686772585
1403636952701666560.000000 3.350215197 6.334632874 4.054777622 -0.611666262 0.219513670 0.325063467 0.687031269
1403636952751666432.000000 3.361113071 6.351968288 4.072635174 -0.611103356 0.217823669 0.326111495 0.687573254
1403636952801666560.000000 3.374121189 6.363491535 4.082286835 -0.609686852 0.213461444 0.328739673 0.688945889
1403636952851666432.000000 3.385650873 6.379346848 4.099829197 -0.608202040 0.211027950 0.331415385 0.689725637
1403636952901666560.000000 3.397230625 6.394849777 4.117520332 -0.606222153 0.209347233 0.334889680 0.690302432
1403636952951666432.000000 3.409302473 6.420985222 4.142670631 -0.603303492 0.208455607 0.339894086 0.690683126
1403636953001666560.000000 3.419101715 6.437009811 4.162449360 -0.600142360 0.209443659 0.345244437 0.690484464
1403636953051666432.000000 3.427878857 6.453427315 4.183022499 -0.597389758 0.210745081 0.349652112 0.690257490
1403636953101666560.000000 3.439679384 6.488248348 4.206014156 -0.594938397 0.213271484 0.353351235 0.689714849
1403636953151666432.000000 3.446154118 6.506130219 4.227396011 -0.593503714 0.213800430 0.355514795 0.689675272
1403636953201666560.000000 3.451214790 6.524775028 4.249034405 -0.593133032 0.213978216 0.356334299 0.689516068
1403636953251666432.000000 3.455045462 6.545532227 4.270249367 0.593148649 -0.213093057 -0.356300414 -0.689794242
1403636953301666560.000000 3.459090710 6.565812111 4.290130615 0.593386114 -0.212847710 -0.355735362 -0.689957380
1403636953351666432.000000 3.467434645 6.597400188 4.309004307 -0.593702734 0.211909831 0.354790896 0.690459788
1403636953401666560.000000 3.473374367 6.618509769 4.324735641 -0.595906138 0.211244076 0.351211011 0.690595865
1403636953451666432.000000 3.479757309 6.639351845 4.339006424 -0.598121107 0.210377902 0.347637862 0.690753460
1403636953501666560.000000 3.487263203 6.659456730 4.351306438 -0.600616515 0.208726108 0.343303263 0.691256881
1403636953551666432.000000 3.498341799 6.683669090 4.361935616 -0.602039278 0.208628833 0.340503961 0.691433191
1403636953601666560.000000 3.507451057 6.703892231 4.372504711 -0.603286684 0.205783069 0.338458896 0.692202449
1403636953651666432.000000 3.517998219 6.724388123 4.381917000 -0.603925645 0.202087909 0.336935371 0.693475962
1403636953701666560.000000 3.529790163 6.754442215 4.392108440 -0.604011595 0.197653040 0.336450636 0.694913149
1403636953751666432.000000 3.544142008 6.775193691 4.399306297 -0.604510069 0.194058433 0.335160762 0.696115136
1403636953801666560.000000 3.561121464 6.796024799 4.405007362 -0.606168449 0.189963907 0.332180649 0.697229981
1403636953851666432.000000 3.580555439 6.820118427 4.410738468 -0.606988251 0.188724026 0.329863280 0.697953343
1403636953901666560.000000 3.601832390 6.841761589 4.415403366 -0.605888367 0.190289930 0.330403984 0.698228002
1403636953951666432.000000 3.625152588 6.863913536 4.419777870 -0.604843915 0.191962913 0.331226110 0.698286057
1403636954001666560.000000 3.647655487 6.887743950 4.426253796 -0.603372335 0.194097057 0.332669944 0.698282838
1403636954051666432.000000 3.671646595 6.910413742 4.432577610 -0.602550209 0.195939034 0.333390355 0.698134780
1403636954101666560.000000 3.695102692 6.933476448 4.440249443 -0.602453709 0.196644574 0.333539486 0.697948396
1403636954151666432.000000 3.714073896 6.959282398 4.450760365 -0.602001786 0.198090345 0.334113985 0.697654665
1403636954201666560.000000 3.737036228 6.983354568 4.460937977 -0.601768255 0.198498279 0.334428072 0.697589695
1403636954251666432.000000 3.760118484 7.008574963 4.471997738 -0.601171494 0.197166339 0.335669518 0.697885633
1403636954301666560.000000 3.781605005 7.034455776 4.483268261 -0.601062596 0.196770862 0.336098045 0.697884858
1403636954351666432.000000 3.807106018 7.061046600 4.494115829 -0.600492060 0.196910620 0.337717772 0.697554469
1403636954401666560.000000 3.833918095 7.088159084 4.504492760 -0.600013673 0.194579124 0.339489341 0.697760403
1403636954451666432.000000 3.857842684 7.112247944 4.515296936 -0.599844515 0.194685712 0.341120899 0.697080016
1403636954501666560.000000 3.887115717 7.139711380 4.524419785 -0.599733174 0.193841025 0.342783749 0.696595430
1403636954551666432.000000 3.917306423 7.168228149 4.533026218 -0.600813925 0.193094969 0.342737615 0.695893645
1403636954601666560.000000 3.943970680 7.196632385 4.542847633 -0.602233946 0.191782534 0.342410386 0.695189893
1403636954651666432.000000 3.971726894 7.227365494 4.554763794 -0.604084849 0.192133576 0.341464669 0.693951130
1403636954701666560.000000 3.996783972 7.259515762 4.570035458 -0.605889797 0.193715915 0.340869069 0.692228377
1403636954751666432.000000 4.015999794 7.290654659 4.589132786 -0.607942641 0.196882412 0.339533955 0.690188289
1403636954801666560.000000 4.036952972 7.324152470 4.609756947 -0.609820426 0.199983120 0.338731587 0.688031137
1403636954851666432.000000 4.057006359 7.358228207 4.631830692 -0.612270057 0.202259719 0.337273061 0.685903311
1403636954901666560.000000 4.076168060 7.388100147 4.656054020 -0.613447607 0.205382213 0.337746114 0.683686972
1403636954951666432.000000 4.094055176 7.422180653 4.681389809 -0.614951015 0.207954466 0.337741673 0.681557655
1403636955001666560.000000 4.111247063 7.455893040 4.707874775 -0.617109478 0.208259583 0.337002337 0.679877460
1403636955051666432.000000 4.127134800 7.488938332 4.735313416 0.618538797 -0.207536727 -0.337548852 -0.678527176
1403636955101666560.000000 4.144513607 7.519633770 4.761107922 -0.620258152 0.205464408 0.337984502 0.677370489
1403636955151666432.000000 4.163166046 7.551596642 4.786786079 -0.622209847 0.203741789 0.337759346 0.676212132
1403636955201666560.000000 4.183204651 7.583319664 4.811641693 -0.623553634 0.202715427 0.338733703 0.674793959
1403636955251666432.000000 4.205417633 7.614721298 4.835033417 -0.624517858 0.203664571 0.340139657 0.672906578
1403636955301666560.000000 4.231786728 7.639707565 4.853963852 -0.626057208 0.203515843 0.340790331 0.671189785
1403636955351666432.000000 4.256525993 7.669907093 4.875866890 -0.628113985 0.202604473 0.340687484 0.669594169
1403636955401666560.000000 4.282184601 7.699542046 4.897491932 -0.629092753 0.203208759 0.341787934 0.667929292
1403636955451666432.000000 4.308109760 7.728876114 4.919350147 0.630637825 -0.202042207 -0.341887444 -0.666774213
1403636955501666560.000000 4.335397243 7.754193783 4.938658237 -0.631233752 0.201499715 0.342898160 0.665854812
1403636955551666432.000000 4.359380722 7.784036636 4.963670731 -0.632176995 0.200903505 0.343384504 0.664888799
1403636955601666560.000000 4.382724285 7.813427925 4.990168571 -0.632830918 0.201174900 0.344063640 0.663832724
1403636955651666432.000000 4.405403614 7.842417240 5.017754555 -0.633734524 0.200332612 0.344410986 0.663044930
1403636955701666560.000000 4.431119919 7.867227554 5.040968895 -0.634074152 0.200338408 0.344757080 0.662538350
1403636955751666432.000000 4.454708576 7.895453930 5.069095612 -0.634187341 0.200261503 0.345613092 0.662007153
1403636955801666560.000000 4.479897022 7.923594475 5.096269608 -0.635168374 0.199597001 0.345070630 0.661550045
1403636955851666432.000000 4.508080482 7.950567245 5.122852325 0.634457052 -0.200270370 -0.346903414 -0.661070466
1403636955901666560.000000 4.535733700 7.977693558 5.143553734 -0.633180976 0.202894017 0.349090427 0.660342216
1403636955951666432.000000 4.565872192 8.004145622 5.167966843 -0.631013751 0.206243396 0.353154212 0.659217238
1403636956001666560.000000 4.597418785 8.030138969 5.190738678 -0.628537655 0.211833239 0.357232749 0.657610774
1403636956051666432.000000 4.629899502 8.055652618 5.211583138 -0.626050055 0.217550039 0.361524194 0.655769527
1403636956101666560.000000 4.668047905 8.078166962 5.225209236 -0.623414397 0.222576782 0.365657836 0.654300034
1403636956151666432.000000 4.700177193 8.102295876 5.243177414 -0.622054815 0.224390119 0.368438601 0.653414011
1403636956201666560.000000 4.730673790 8.125864029 5.260810852 -0.621234477 0.227048561 0.370474994 0.652123511
1403636956251666432.000000 4.758870125 8.149272919 5.278673172 -0.621302366 0.227621377 0.371551096 0.651246250
1403636956301666560.000000 4.785526276 8.170810699 5.290963173 -0.623007655 0.224144682 0.370376855 0.651491940
1403636956351666432.000000 4.809035778 8.193708420 5.309055328 -0.627426267 0.218475416 0.365893841 0.651710510
1403636956401666560.000000 4.830685616 8.216344833 5.327846527 -0.630490541 0.212674573 0.362591892 0.652516961
1403636956451666432.000000 4.851257801 8.238958359 5.346882820 -0.634049296 0.208405510 0.358065635 0.652945459
1403636956501666560.000000 4.872618675 8.259811401 5.362907410 -0.635943055 0.205513328 0.354412258 0.654012799
1403636956551666432.000000 4.892100811 8.281869888 5.383721352 -0.636149406 0.208076790 0.349711299 0.655530453
1403636956601666560.000000 4.910754681 8.303237915 5.406058311 -0.633615136 0.212888196 0.346683472 0.658043444
1403636956651666432.000000 4.928663254 8.323785782 5.429689407 -0.628822803 0.219553217 0.344736427 0.661464393
1403636956701666560.000000 4.946198463 8.344916344 5.452027321 -0.621108890 0.227129444 0.344526142 0.666286588
1403636956751666432.000000 4.962422371 8.363486290 5.476657867 -0.612223566 0.232088357 0.344446063 0.672810674
1403636956801666560.000000 4.978878021 8.380831718 5.499624252 -0.602530956 0.236480057 0.343498945 0.680472016
1403636956851666432.000000 4.996132374 8.395191193 5.519063950 0.592144370 -0.238838285 -0.341394186 -0.689761817
1403636956901666560.000000 5.019580841 8.411104202 5.538039207 -0.583337247 0.238061309 0.337020874 0.699615240
1403636956951666432.000000 5.037308693 8.424495697 5.553187370 -0.575582922 0.237423569 0.329139918 0.709930480
1403636957001666560.000000 5.055173874 8.436792374 5.566283226 -0.567741632 0.235685110 0.320209444 0.720824540
1403636957051666432.000000 5.073573112 8.447856903 5.577129364 -0.560556471 0.233634353 0.309530646 0.731698215
1403636957101666560.000000 5.093283176 8.463810921 5.586062431 -0.552699208 0.231730014 0.299362183 0.742433250
1403636957151666432.000000 5.112770081 8.472969055 5.593746185 -0.544590831 0.229017690 0.289776653 0.752994835
1403636957201666560.000000 5.132701874 8.481088638 5.600057602 -0.536807358 0.227455243 0.281189919 0.762256086
1403636957251666432.000000 5.153331757 8.489532471 5.604781151 0.529083133 -0.227560163 -0.274602860 -0.769987464
1403636957301666560.000000 5.179713249 8.500583649 5.613982677 -0.522483110 0.226513922 0.270014375 0.776398838
1403636957351666432.000000 5.198142052 8.507686615 5.620168686 -0.516613364 0.226518035 0.265381783 0.781903327
1403636957401666560.000000 5.215029716 8.514492035 5.627819061 -0.510849416 0.227373973 0.262592643 0.786370873
1403636957451666432.000000 5.230370998 8.521232605 5.636678696 -0.506497502 0.227810487 0.260034472 0.789901793
1403636957501666560.000000 5.245164871 8.530552864 5.648167133 0.502742469 -0.229027450 -0.258688688 -0.792386711
1403636957551666432.000000 5.258078575 8.537745476 5.660259724 0.498920590 -0.229945108 -0.257767528 -0.794833004
1403636957601666560.000000 5.269787788 8.544885635 5.673563957 0.494919896 -0.231552690 -0.256010622 -0.797431052
1403636957651666432.000000 5.280116081 8.551985741 5.688324451 0.490276605 -0.232601553 -0.253981888 -0.800636351
1403636957701666560.000000 5.292804718 8.566299438 5.708981037 -0.485053718 0.233858570 0.251640022 0.804183125
1403636957751666432.000000 5.300750256 8.573162079 5.726060867 -0.477949589 0.234860227 0.249096602 0.808922589
1403636957801666560.000000 5.307853222 8.580069542 5.743988037 -0.468720585 0.235811219 0.245550975 0.815106630
1403636957851666432.000000 5.314267159 8.586668015 5.762376308 -0.458022267 0.237107247 0.240789533 0.822202086
1403636957901666560.000000 5.320777893 8.594511032 5.782005310 0.446357965 -0.238105878 -0.234399974 -0.830136597
1403636957951666432.000000 5.327099800 8.605983734 5.804128170 -0.434602857 0.238571584 0.226942077 0.838272870
1403636958001666560.000000 5.333460808 8.611423492 5.820412159 -0.421514034 0.239737451 0.218935266 0.846710861
1403636958051666432.000000 5.341040611 8.617051125 5.834741116 -0.408275992 0.240181670 0.211396635 0.854947388
1403636958101666560.000000 5.349593163 8.622771263 5.846977711 -0.396702498 0.239785254 0.202032074 0.862735927
1403636958151666432.000000 5.358119965 8.636535645 5.860010147 -0.386063486 0.239011794 0.194060698 0.869579673
1403636958201666560.000000 5.368479252 8.642686844 5.867917538 -0.375669062 0.238761857 0.187973693 0.875517905
1403636958251666432.000000 5.380572796 8.647946358 5.872280121 -0.366506934 0.238978639 0.181188643 0.880756855
1403636958301666560.000000 5.393028736 8.652558327 5.874589920 -0.358071923 0.239542782 0.173876181 0.885534227
1403636958351666432.000000 5.410657406 8.659661293 5.883155346 -0.350391686 0.237878606 0.167516857 0.890268266
1403636958401666560.000000 5.424355507 8.664140701 5.881505489 -0.344796300 0.236337900 0.160633892 0.894123375
1403636958451666432.000000 5.438703537 8.668375015 5.878160000 -0.339731127 0.235561341 0.155894235 0.897101283
1403636958501666560.000000 5.451760292 8.672632217 5.874919891 -0.335832715 0.233719960 0.151895672 0.899732769
1403636958551666432.000000 5.462965012 8.677863121 5.871821404 0.332999885 -0.232881784 -0.148466513 -0.901573598
1403636958601666560.000000 5.473827839 8.682815552 5.869935036 0.330692858 -0.233175114 -0.146547794 -0.902660191
1403636958651666432.000000 5.484035492 8.688216209 5.868590355 0.329356551 -0.232799500 -0.144775733 -0.903531253
1403636958701666560.000000 5.493708134 8.694079399 5.867745399 0.329148620 -0.232997775 -0.143107772 -0.903821588
1403636958751666432.000000 5.502130508 8.700001717 5.867509365 0.329265863 -0.232716680 -0.142169029 -0.903999448
1403636958801666560.000000 5.510159492 8.706265450 5.868125916 0.329034954 -0.232857943 -0.142277181 -0.904030085
1403636958851666432.000000 5.528915405 8.729917526 5.890999794 -0.329280376 0.232519373 0.142939776 0.903923333
1403636958901666560.000000 5.535386086 8.737170219 5.894083023 -0.330755144 0.230935454 0.142700940 0.903828681
1403636958951666432.000000 5.541508198 8.745164871 5.898314476 -0.332600296 0.230550140 0.142224297 0.903324962
1403636959001666560.000000 5.546879292 8.753458023 5.904183388 -0.333631247 0.230278924 0.142941162 0.902900696
1403636959051666432.000000 5.551395416 8.762646675 5.911829948 -0.334735066 0.229837403 0.143687844 0.902486026
1403636959101666560.000000 5.552245617 8.770389557 5.921060562 0.335319132 -0.228964806 -0.145258129 -0.902239621
1403636959151666432.000000 5.554560661 8.778889656 5.930902004 0.335787654 -0.229113862 -0.146738440 -0.901787877
1403636959201666560.000000 5.556434155 8.787689209 5.941986084 0.337013930 -0.229073569 -0.147002354 -0.901297510
1403636959251666432.000000 5.557794571 8.796723366 5.954016209 0.338701367 -0.229074851 -0.146414503 -0.900760233
1403636959301666560.000000 5.558623314 8.805989265 5.967337608 0.341763109 -0.228042334 -0.144181937 -0.900225639
1403636959351666432.000000 5.573945045 8.823708534 5.991164684 -0.345066547 0.225730240 0.141670674 0.899946928
1403636959401666560.000000 5.574161053 8.833074570 6.007577419 -0.346965551 0.225418732 0.140668124 0.899451971
1403636959451666432.000000 5.573952675 8.842205048 6.025671959 -0.348722637 0.225918710 0.138965651 0.898911476
1403636959501666560.000000 5.573477745 8.850938797 6.045310974 -0.350216687 0.227416679 0.137780383 0.898135066
1403636959551666432.000000 5.574520588 8.858849525 6.066905975 0.349383056 -0.232035294 -0.139675602 -0.896984875
1403636959601666560.000000 5.575740814 8.865926743 6.086764812 0.348299176 -0.236888781 -0.141880691 -0.895790935
1403636959651666432.000000 5.577691555 8.872382164 6.105715752 0.347915053 -0.238057509 -0.143236890 -0.895414472
1403636959701666560.000000 5.580594540 8.878139496 6.123289108 0.347605020 -0.237164795 -0.145674109 -0.895378530
1403636959751666432.000000 5.586306095 8.884286880 6.139803410 0.347334653 -0.236465469 -0.147891492 -0.895304918
1403636959801666560.000000 5.593641281 8.889947891 6.154583454 0.347403467 -0.234807879 -0.149073943 -0.895518363
1403636959851666432.000000 5.606672287 8.893013000 6.161149025 -0.347262710 0.233773246 0.150677130 0.895575285
1403636959901666560.000000 5.615141392 8.896857262 6.173163891 -0.347784907 0.232184082 0.151707754 0.895612180
1403636959951666432.000000 5.624430656 8.900289536 6.183452129 -0.347922742 0.231370792 0.152277723 0.895672381
1403636960001666560.000000 5.635145187 8.903618813 6.192338467 -0.347786903 0.231585294 0.153147072 0.895521402
1403636960051666432.000000 5.645374775 8.904568672 6.201591969 0.348208219 -0.231426865 -0.152888253 -0.895442843
1403636960101666560.000000 5.657733917 8.907302856 6.209888458 0.348208755 -0.232031792 -0.153004766 -0.895266235
1403636960151666432.000000 5.670639038 8.910249710 6.217788696 0.349560142 -0.231291041 -0.151640505 -0.895163238
1403636960201666560.000000 5.683123112 8.913230896 6.226449013 0.350343496 -0.230636328 -0.150420323 -0.895231843
1403636960251666432.000000 5.695063591 8.916598320 6.236094952 0.354059488 -0.228171602 -0.145093858 -0.895280600
1403636960301666560.000000 5.706323624 8.919988632 6.247447014 0.356287509 -0.226199389 -0.142087013 -0.895379424
1403636960351666432.000000 5.731281281 8.918281555 6.245053291 -0.358327448 0.224168211 0.139372796 0.895502865
1403636960401666560.000000 5.742213249 8.921422958 6.258533478 -0.359479010 0.225829244 0.137052789 0.894981861
1403636960451666432.000000 5.753503799 8.923810005 6.273404121 -0.359433264 0.228136554 0.134178743 0.894850612
1403636960501666560.000000 5.764439583 8.925449371 6.289406776 -0.358551234 0.230245203 0.130522192 0.895205140
1403636960551666432.000000 5.775088787 8.925992966 6.306159019 -0.357313991 0.231761411 0.126626015 0.895867884
1403636960601666560.000000 5.784152031 8.923656464 6.322626591 -0.355963111 0.232812002 0.122701526 0.896678984
1403636960651666432.000000 5.794015408 8.921491623 6.342708111 -0.353532016 0.234760195 0.121041395 0.897358239
1403636960701666560.000000 5.803130150 8.918295860 6.364031792 -0.348739475 0.236867219 0.123528898 0.898340344
1403636960751666432.000000 5.811328888 8.913920403 6.386324406 -0.343040794 0.237898856 0.127840072 0.899657786
1403636960801666560.000000 5.818646908 8.896714211 6.400341034 -0.336935580 0.237473726 0.131070793 0.901610315
1403636960851666432.000000 5.825750351 8.890811920 6.423647404 -0.329635650 0.237620369 0.131757915 0.904166400
1403636960901666560.000000 5.832666874 8.884368896 6.447221756 -0.321521997 0.237057984 0.129883483 0.907500684
1403636960951666432.000000 5.840015411 8.877177238 6.470129490 -0.312707186 0.236517578 0.125888497 0.911276996
1403636961001666560.000000 5.847270966 8.868137360 6.491006374 -0.303203613 0.237048835 0.118844360 0.915287673
1403636961051666432.000000 5.856565952 8.859791756 6.511442184 -0.292797893 0.237492859 0.111786142 0.919440329
1403636961101666560.000000 5.866524696 8.850635529 6.530558586 -0.281412393 0.237971753 0.105319731 0.923625648
1403636961151666432.000000 5.877281189 8.840723038 6.547967434 -0.269521981 0.238849834 0.098307848 0.927709162
1403636961201666560.000000 5.888285160 8.830329895 6.563703537 0.257603943 -0.238238320 -0.090680987 -0.932019174
1403636961251666432.000000 5.908890724 8.803502083 6.576136589 -0.246385336 0.237407774 0.084855847 0.935805261
1403636961301666560.000000 5.922498703 8.792983055 6.589063644 -0.236405417 0.236675531 0.076397963 0.939287245
1403636961351666432.000000 5.937122345 8.782320023 6.600206852 -0.227579281 0.237044066 0.068936944 0.941947758
1403636961401666560.000000 5.952809334 8.771127701 6.609112263 -0.219302997 0.236921594 0.063037612 0.944351971
1403636961451666432.000000 5.969001293 8.758419037 6.614723682 0.212353587 -0.237010911 -0.058195043 -0.946226835
1403636961501666560.000000 5.982854843 8.741804123 6.619553566 -0.206009850 0.236271858 0.055181745 0.947992921
1403636961551666432.000000 6.001030922 8.729127884 6.623031616 -0.199355185 0.236329049 0.051072802 0.949630380
1403636961601666560.000000 6.019955635 8.715791702 6.624830246 -0.191919982 0.236247778 0.047048710 0.951388597
1403636961651666432.000000 6.039421558 8.702062607 6.625301838 -0.183860019 0.236491948 0.043087449 0.953105748
1403636961701666560.000000 6.059885025 8.687866211 6.624760151 0.176422924 -0.237116918 -0.037783567 -0.954580069
1403636961751666432.000000 6.081752777 8.671474457 6.623341560 -0.168893933 0.236982852 0.032726102 0.956160545
1403636961801666560.000000 6.102197170 8.657035828 6.621271610 -0.161187932 0.237005860 0.026982183 0.957663178
1403636961851666432.000000 6.121186733 8.642523766 6.620054245 -0.153496355 0.234981731 0.020816486 0.959577560
1403636961901666560.000000 6.139032364 8.627879143 6.619413376 -0.145550787 0.235158682 0.014107300 0.960893571
1403636961951666432.000000 6.155660629 8.613093376 6.619845390 -0.135883525 0.235736638 0.008505433 0.962232709
1403636962001666560.000000 6.173915386 8.597960472 6.623201370 -0.126947969 0.234173641 0.002700440 0.963867068
1403636962051666432.000000 6.187857628 8.582922935 6.625544548 -0.117340975 0.232660353 -0.003219657 0.965448081
1403636962101666560.000000 6.200900555 8.567725182 6.628062725 -0.107775800 0.231505588 -0.009794069 0.966795623
1403636962151666432.000000 6.213964462 8.552205086 6.629939556 -0.097812042 0.230765149 -0.016366998 0.967942357
1403636962201666560.000000 6.226983070 8.536205292 6.631196976 0.087560169 -0.230459139 0.022796242 -0.968866408
1403636962251666432.000000 6.246941090 8.520887375 6.632848263 -0.077933602 0.231097668 -0.030015547 0.969339669
1403636962301666560.000000 6.261806488 8.503873825 6.631010056 -0.067965843 0.230296984 -0.037844095 0.970006108
1403636962351666432.000000 6.276782036 8.486280441 6.627909184 -0.056934170 0.229772747 -0.044159409 0.970573545
1403636962401666560.000000 6.293091774 8.468067169 6.623390675 -0.046396442 0.229580820 -0.052039582 0.970789373
1403636962451666432.000000 6.310243607 8.449476242 6.617509842 -0.035989903 0.228734985 -0.059651472 0.970992684
1403636962501666560.000000 6.328698158 8.432223320 6.612374306 -0.026646819 0.227945879 -0.069407694 0.970831215
1403636962551666432.000000 6.346786022 8.412697792 6.604584694 -0.017435268 0.226953715 -0.079720125 0.970480740
1403636962601666560.000000 6.375151157 8.396463394 6.602807522 -0.008220115 0.225472659 -0.090096653 0.970039725
1403636962651666432.000000 6.391638756 8.376263618 6.594965458 -0.000287788 0.224747702 -0.100379467 0.969232857
1403636962701666560.000000 6.406598568 8.355539322 6.587662220 0.006297577 0.224246025 -0.110540085 0.968222618
1403636962751666432.000000 6.419924259 8.334156036 6.581153393 0.012171011 0.224338219 -0.118792124 0.967167377
1403636962801666560.000000 6.431019306 8.312206268 6.575851917 0.017427646 0.223419026 -0.124115333 0.966631055
1403636962851666432.000000 6.443210602 8.289412498 6.572553158 0.021896569 0.223771378 -0.128479376 0.965888202
1403636962901666560.000000 6.460046768 8.269178391 6.577887535 0.027004452 0.223672420 -0.128682718 0.965754807
1403636962951666432.000000 6.466216564 8.244428635 6.574934006 0.032022599 0.224604145 -0.126711354 0.965645790
1403636963001666560.000000 6.471216679 8.219074249 6.572155476 0.036660355 0.228875875 -0.124081723 0.964818954
1403636963051666432.000000 6.474960327 8.193329811 6.569580555 0.040136062 0.234049171 -0.121661812 0.963747144
1403636963101666560.000000 6.476821423 8.167435646 6.567315578 0.042483393 0.237998128 -0.119348474 0.962968409
1403636963151666432.000000 6.484939575 8.143552780 6.576220036 0.043749254 0.239530712 -0.117491201 0.962760091
1403636963201666560.000000 6.483352184 8.117045403 6.575246811 0.043205116 0.238995284 -0.115998991 0.963098526
1403636963251666432.000000 6.479950905 8.090433121 6.574615002 0.043489251 0.235749111 -0.112620957 0.964286089
1403636963301666560.000000 6.475065708 8.064164162 6.573818207 0.044165187 0.232873455 -0.108639643 0.965410233
1403636963351666432.000000 6.469151020 8.038127899 6.573113441 0.044465061 0.230277047 -0.104214393 0.966506481
1403636963401666560.000000 6.470089436 7.999727249 6.578037262 0.042505402 0.228223652 -0.100488022 0.967475832
1403636963451666432.000000 6.462554455 7.974533558 6.576889992 0.040629439 0.226979673 -0.099639595 0.967936754
1403636963501666560.000000 6.454481602 7.949843884 6.574675083 0.037807286 0.226646677 -0.100086026 0.968083024
1403636963551666432.000000 6.446513653 7.925355911 6.570837975 0.035852961 0.226865083 -0.099724054 0.968143582
1403636963601666560.000000 6.438512325 7.901272297 6.565235138 0.033258807 0.226750538 -0.100035362 0.968230844
1403636963651666432.000000 6.437276363 7.876479149 6.568093300 0.030908709 0.226571605 -0.099820763 0.968372762
1403636963701666560.000000 6.432029247 7.851498604 6.560267448 0.028448856 0.226617828 -0.099623807 0.968457639
1403636963751666432.000000 6.428264618 7.825984001 6.550376892 0.026721938 0.226767272 -0.098936185 0.968542337
1403636963801666560.000000 6.424548626 7.800519466 6.538653374 0.025001215 0.226502031 -0.098388717 0.968706071
1403636963851666432.000000 6.421946526 7.774687767 6.525616169 0.023805557 0.227182478 -0.097928964 0.968623400
1403636963901666560.000000 6.426068306 7.749463081 6.522291660 0.022293607 0.227899477 -0.097801857 0.968503833
1403636963951666432.000000 6.424519539 7.723029137 6.505937576 0.021813132 0.228445232 -0.096834011 0.968483508
1403636964001666560.000000 6.424009800 7.696170807 6.488193512 0.021020617 0.228698358 -0.096972533 0.968427360
1403636964051666432.000000 6.424020290 7.668826580 6.468993187 0.020627331 0.229087219 -0.096556373 0.968385518
1403636964101666560.000000 6.424164772 7.641088009 6.448438644 0.020319708 0.229399711 -0.097324200 0.968241155
1403636964151666432.000000 6.428757191 7.613840103 6.439442635 0.019948490 0.230290636 -0.097855620 0.967983842
1403636964201666560.000000 6.427329063 7.586435795 6.419795036 0.020137209 0.231887192 -0.098221995 0.967561543
1403636964251666432.000000 6.423930645 7.559054375 6.400931358 0.020492751 0.231904969 -0.098570764 0.967514396
1403636964301666560.000000 6.418855190 7.531615257 6.382762909 0.019690471 0.231395110 -0.100467414 0.967457950
1403636964351666432.000000 6.412447453 7.504098892 6.365400314 0.020159079 0.232011393 -0.101042420 0.967240810
1403636964401666560.000000 6.409854889 7.477019310 6.358059883 0.020074017 0.231955618 -0.102060176 0.967149079
1403636964451666432.000000 6.400507927 7.448828697 6.341941357 0.020438967 0.231960088 -0.103367679 0.967001557
1403636964501666560.000000 6.390057087 7.420334339 6.326183796 0.020294210 0.232247159 -0.105725780 0.966680646
1403636964551666432.000000 6.378194809 7.391199589 6.310859680 0.020979438 0.231353551 -0.108854137 0.966533124
1403636964601666560.000000 6.365403175 7.361082077 6.295496941 0.021706842 0.232759073 -0.115262657 0.965435982
1403636964651666432.000000 6.355646133 7.331822872 6.292302132 0.024848131 0.232268333 -0.119508356 0.964962065
1403636964701666560.000000 6.339684963 7.300253391 6.278137684 0.028859118 0.231437340 -0.125497714 0.964289486
1403636964751666432.000000 6.322330475 7.267707825 6.264402390 0.033532407 0.231002152 -0.132428557 0.963315308
1403636964801666560.000000 6.303408623 7.234022617 6.250868320 0.039586414 0.231073275 -0.139328927 0.962094426
1403636964851666432.000000 6.283523560 7.198984623 6.236644268 0.049275152 0.230927795 -0.143455729 0.961074829
1403636964901666560.000000 6.267580032 7.163558483 6.232148647 0.061001897 0.232123256 -0.146551311 0.959645927
1403636964951666432.000000 6.247758389 7.125897408 6.214455128 0.071662471 0.233496740 -0.152719274 0.957611978
1403636965001666560.000000 6.228123665 7.086644173 6.194912910 0.083742090 0.233477771 -0.158258438 0.955735147
1403636965051666432.000000 6.208359718 7.046399117 6.173419952 0.096525490 0.232560486 -0.161571845 0.954197586
1403636965101666560.000000 6.189336300 7.005597115 6.149839401 0.105549321 0.229472518 -0.167801544 0.952913642
1403636965151666432.000000 6.171755314 6.966900349 6.135272980 0.114718169 0.226405963 -0.171290904 0.951966226
1403636965201666560.000000 6.153304100 6.925134659 6.108680725 0.121325426 0.220227733 -0.175680056 0.951796472
1403636965251666432.000000 6.135546207 6.882756710 6.080492020 0.126578823 0.213018090 -0.179917872 0.951961517
1403636965301666560.000000 6.117920876 6.840022087 6.051950455 0.129762962 0.202043816 -0.183357254 0.953268111
1403636965351666432.000000 6.101139069 6.796477795 6.022409439 0.131661430 0.190428942 -0.186958969 0.954698145
1403636965401666560.000000 6.088746548 6.751916885 5.993990421 0.132774755 0.178762406 -0.189620122 0.956273615
1403636965451666432.000000 6.076309681 6.706087112 5.963257313 0.134063944 0.169017226 -0.190114632 0.957766473
1403636965501666560.000000 6.067107677 6.661842346 5.942712784 0.136873886 0.163243741 -0.187476724 0.958889723
1403636965551666432.000000 6.061681271 6.612845421 5.911605835 0.140019536 0.164108917 -0.183774263 0.959004581
1403636965601666560.000000 6.060765266 6.562167168 5.880004406 0.144962594 0.171669841 -0.176982164 0.958223701
1403636965651666432.000000 6.063035488 6.510758877 5.848258972 0.149908945 0.182131946 -0.170316666 0.956737936
1403636965701666560.000000 6.065823555 6.459592342 5.817672729 0.154776827 0.190966785 -0.162575781 0.955586255
1403636965751666432.000000 6.068451881 6.409153938 5.788783073 0.158008561 0.197939888 -0.156719252 0.954616308
1403636965801666560.000000 6.072211742 6.360702515 5.767639160 0.158179149 0.204266921 -0.155642748 0.953430533
1403636965851666432.000000 6.072812557 6.313020706 5.743103504 0.155250728 0.209284797 -0.158677086 0.952322841
1403636965901666560.000000 6.071852207 6.266804695 5.719829559 0.151454449 0.212501556 -0.162598804 0.951559961
1403636965951666432.000000 6.064178944 6.226686954 5.705438137 0.148249656 0.214436829 -0.166098148 0.951025903
1403636966001666560.000000 6.060534000 6.182196617 5.684199810 0.144854963 0.216652393 -0.169537395 0.950439870
1403636966051666432.000000 6.055374622 6.137923241 5.663754940 0.142242908 0.218247727 -0.172134027 0.950002551
1403636966101666560.000000 6.048450470 6.094053268 5.643983364 0.140850410 0.219372630 -0.172590762 0.949868023
1403636966151666432.000000 6.039875507 6.050329208 5.624999046 0.138780773 0.220650494 -0.173773944 0.949661016
1403636966201666560.000000 6.029450417 6.007143974 5.606921196 0.138101369 0.220646515 -0.173388198 0.949831426
1403636966251666432.000000 6.019245625 5.965008736 5.585942268 0.137936503 0.222242311 -0.172602803 0.949626386
1403636966301666560.000000 6.005739689 5.922503471 5.568810463 0.136826381 0.222371489 -0.172630757 0.949751616
1403636966351666432.000000 5.990649223 5.879995346 5.552383423 0.137997001 0.222885594 -0.169195667 0.950079858
1403636966401666560.000000 5.973492146 5.837944031 5.536677361 0.142266259 0.221869126 -0.161007285 0.951110423
1403636966451666432.000000 5.945121288 5.803745747 5.538656235 0.147501394 0.221489355 -0.151635736 0.951941431
1403636966501666560.000000 5.925408840 5.763825417 5.524098396 0.151808858 0.220588535 -0.143077508 0.952797771
1403636966551666432.000000 5.904727459 5.725871086 5.510254383 0.153982565 0.219994634 -0.137732849 0.953373730
1403636966601666560.000000 5.883287430 5.690171719 5.497332573 0.153080061 0.220572338 -0.137041345 0.953485250
1403636966651666432.000000 5.860824108 5.656732082 5.484956264 0.149134666 0.221438110 -0.140730932 0.953372359
1403636966701666560.000000 5.837792873 5.622938633 5.470917702 0.144487321 0.221782401 -0.145853922 0.953238070
1403636966751666432.000000 5.815020084 5.591736794 5.457333565 0.140112519 0.223157763 -0.150545627 0.952840626
1403636966801666560.000000 5.792942524 5.561280251 5.442361832 0.138143510 0.224186584 -0.152035967 0.952649951
1403636966851666432.000000 5.771238804 5.531494617 5.425797462 0.137592763 0.223985344 -0.151408285 0.952876925
1403636966901666560.000000 5.750820637 5.502275467 5.407529831 0.137749925 0.223911315 -0.149629593 0.953152478
1403636966951666432.000000 5.725344658 5.475982666 5.406683922 0.139351740 0.224093884 -0.146643460 0.953340888
1403636967001666560.000000 5.706001282 5.448501587 5.386041164 0.138916582 0.224284455 -0.146197796 0.953427970
1403636967051666432.000000 5.685514450 5.422432899 5.365725040 0.137194261 0.224787787 -0.147479683 0.953361452
1403636967101666560.000000 5.663712025 5.397464752 5.346090317 0.135003462 0.225075603 -0.150284618 0.953168273
1403636967151666432.000000 5.640045643 5.373285770 5.327274323 0.132804260 0.225385517 -0.152599454 0.953036070
1403636967201666560.000000 5.614874363 5.350241661 5.309216499 0.131588459 0.225579709 -0.153928414 0.952945054
1403636967251666432.000000 5.589640141 5.330054760 5.291355133 0.131324053 0.225924224 -0.153791726 0.952921987
1403636967301666560.000000 5.562117577 5.308590889 5.274329662 0.130004302 0.225784615 -0.155051857 0.952931941
1403636967351666432.000000 5.534222126 5.287462711 5.256628036 0.128918141 0.226838365 -0.156315029 0.952622771
1403636967401666560.000000 5.506549358 5.266445160 5.237643242 0.128041074 0.227352053 -0.157067552 0.952494860
1403636967451666432.000000 5.481740475 5.242207050 5.234560966 0.127165779 0.227904186 -0.157412097 0.952423275
1403636967501666560.000000 5.455764294 5.220990181 5.211793900 0.127766490 0.228296623 -0.156153500 0.952456057
1403636967551666432.000000 5.430723667 5.200067043 5.186913967 0.126559705 0.228835911 -0.156994224 0.952349484
1403636967601666560.000000 5.405708790 5.179231644 5.159797668 0.125904262 0.229328364 -0.157191858 0.952285349
1403636967651666432.000000 5.379829884 5.158697128 5.132507801 0.125055715 0.229369715 -0.157547891 0.952328384
1403636967701666560.000000 5.351121902 5.138233185 5.106412888 0.123886086 0.229220435 -0.158258155 0.952399373
1403636967751666432.000000 5.318068504 5.118594170 5.083770275 0.123660527 0.229744896 -0.157957360 0.952352345
1403636967801666560.000000 5.282546520 5.099415779 5.063046932 0.123664267 0.229817539 -0.157625392 0.952389300
1403636967851666432.000000 5.243527889 5.080907822 5.044466972 0.123786844 0.230105475 -0.157487184 0.952326715
1403636967901666560.000000 5.202215195 5.062849045 5.026792526 0.123505645 0.231007695 -0.157688618 0.952111483
1403636967951666432.000000 5.174878120 5.045429230 5.015035629 0.123660810 0.231186956 -0.157903150 0.952012241
1403636968001666560.000000 5.130116940 5.028028011 4.999059677 0.123937249 0.231041640 -0.157325476 0.952107191
1403636968051666432.000000 5.083957672 5.011155605 4.983380318 0.124208182 0.230981857 -0.157566085 0.952046573
1403636968101666560.000000 5.036993980 4.994607925 4.967330933 0.125848576 0.232024357 -0.155808449 0.951866925
1403636968151666432.000000 4.989363670 4.978556633 4.950580120 0.127076849 0.231233507 -0.153926149 0.952202320
1403636968201666560.000000 4.941672325 4.963166237 4.932376385 0.127615854 0.230564505 -0.153152227 0.952417314
1403636968251666432.000000 4.903940201 4.943269730 4.923529625 0.126872465 0.229884356 -0.154223174 0.952508152
1403636968301666560.000000 4.857337952 4.928229332 4.900577545 0.127456963 0.229152337 -0.153582737 0.952709973
1403636968351666432.000000 4.811886787 4.913361073 4.875541210 0.127006888 0.228121147 -0.154171139 0.952922523
1403636968401666560.000000 4.767050266 4.898772240 4.848229408 0.127183542 0.227572575 -0.153895691 0.953074634
1403636968451666432.000000 4.723534584 4.884227753 4.819360733 0.127320737 0.226744965 -0.153333709 0.953344107
1403636968501666560.000000 4.681866646 4.870237350 4.789266109 0.127398014 0.226139024 -0.152934402 0.953541815
1403636968551666432.000000 4.649934292 4.851700783 4.764264107 0.127549917 0.226253197 -0.152573988 0.953552186
1403636968601666560.000000 4.609149933 4.837524414 4.730232239 0.126186401 0.226745963 -0.154656842 0.953280926
1403636968651666432.000000 4.569501400 4.823432446 4.694596291 0.123498134 0.227146313 -0.158482671 0.952909291
1403636968701666560.000000 4.529401779 4.809446335 4.657821178 0.122231118 0.227605864 -0.160529271 0.952620327
1403636968751666432.000000 4.488344193 4.795320034 4.621349812 0.120375372 0.227796212 -0.163673520 0.952276051
1403636968801666560.000000 4.446876526 4.780213356 4.587751389 0.119401217 0.228035599 -0.164688110 0.952166498
1403636968851666432.000000 4.404184818 4.765222073 4.551798820 0.119111091 0.228366539 -0.165054232 0.952060163
1403636968901666560.000000 4.372464180 4.747051239 4.520556927 0.120721951 0.227387726 -0.161466926 0.952706456
1403636968951666432.000000 4.331055164 4.730752468 4.481684685 0.121359065 0.227152273 -0.160343081 0.952871442
1403636969001666560.000000 4.290971756 4.713818550 4.441442490 0.122121036 0.226584926 -0.159038231 0.953127861
1403636969051666432.000000 4.251450539 4.696621895 4.399072647 0.123428419 0.227096081 -0.157051057 0.953167260
1403636969101666560.000000 4.212213993 4.679389954 4.355408192 0.125204772 0.225276649 -0.154161766 0.953838766
1403636969151666432.000000 4.173273087 4.662294388 4.311101437 0.125393584 0.221883267 -0.153389126 0.954733551
1403636969201666560.000000 4.143682480 4.643866062 4.269247055 0.124776036 0.217027962 -0.153328717 0.955939472
1403636969251666432.000000 4.106382370 4.626334190 4.222589970 0.124741830 0.211246029 -0.152411774 0.957384586
1403636969301666560.000000 4.070704460 4.608915329 4.174386024 0.123706341 0.205999851 -0.152739316 0.958609223
1403636969351666432.000000 4.036088943 4.591190338 4.125633717 0.122573450 0.202024952 -0.153593346 0.959463835
1403636969401666560.000000 4.003386497 4.573028564 4.076305866 0.121037290 0.198973924 -0.154720455 0.960115135
1403636969451666432.000000 3.973959208 4.555176735 4.030725002 0.120201625 0.196611419 -0.155259266 0.960619628
1403636969501666560.000000 3.940720797 4.536471844 3.990532160 0.119037226 0.194938079 -0.155667737 0.961039543
1403636969551666432.000000 3.908854246 4.517941475 3.945966959 0.118182495 0.193721861 -0.155877382 0.961356878
1403636969601666560.000000 3.876532316 4.499351025 3.903151512 0.117507301 0.192571819 -0.155642524 0.961708665
1403636969651666432.000000 3.843792200 4.480516911 3.862118483 0.117151082 0.192973912 -0.155338749 0.961720645
1403636969701666560.000000 3.810919285 4.461589336 3.822817087 0.116813928 0.193174079 -0.155047938 0.961768389
1403636969751666432.000000 3.778476238 4.442897797 3.788347244 0.116766758 0.193683207 -0.154526159 0.961755753
1403636969801666560.000000 3.747104645 4.423368454 3.752574444 0.115963802 0.193148062 -0.155253589 0.961843312
1403636969851666432.000000 3.713850260 4.403791904 3.718876123 0.115693986 0.192406967 -0.154907927 0.962080121
1403636969901666560.000000 3.680693150 4.384018898 3.686894894 0.116014689 0.192899615 -0.154313013 0.962038457
1403636969951666432.000000 3.647341967 4.364194870 3.656765223 0.116131455 0.194426030 -0.154482365 0.961689830
1403636970001666560.000000 3.614073992 4.344048500 3.628275156 0.117712572 0.197299466 -0.152588680 0.961214542
1403636970051666432.000000 3.581210852 4.324307919 3.600777864 0.118651003 0.202839419 -0.152165532 0.960012376
1403636970101666560.000000 3.548188210 4.303726196 3.574924946 0.119191855 0.207380608 -0.152610779 0.958903849
1403636970151666432.000000 3.514919281 4.283117294 3.549814224 0.119624019 0.212335065 -0.152914941 0.957716584
1403636970201666560.000000 3.481271982 4.262586594 3.525227785 0.120436728 0.215075210 -0.152342722 0.957094252
1403636970251666432.000000 3.447990179 4.242105007 3.500358582 0.121196762 0.218767226 -0.152394816 0.956152737
1403636970301666560.000000 3.411486626 4.224561214 3.473750591 0.121273823 0.217375308 -0.152593151 0.956428766
1403636970351666432.000000 3.377323151 4.204691887 3.449240923 0.121604763 0.214925453 -0.152256861 0.956993818
1403636970401666560.000000 3.343083620 4.185002327 3.424931049 0.120459013 0.209641278 -0.153378189 0.958131194
1403636970451666432.000000 3.309364796 4.164731503 3.400849104 0.120125502 0.204327017 -0.154040664 0.959214211
1403636970501666560.000000 3.276412249 4.144297123 3.376644373 0.120111629 0.199653015 -0.153656334 0.960261226
1403636970551666432.000000 3.241557360 4.125730991 3.348241329 0.119543679 0.195378661 -0.154525340 0.961071551
1403636970601666560.000000 3.210798979 4.104630947 3.323841810 0.119368032 0.191490889 -0.155278563 0.961754143
1403636970651666432.000000 3.182129860 4.082942486 3.298563480 0.118948027 0.188239828 -0.156426102 0.962261975
1403636970701666560.000000 3.155526638 4.060388565 3.273022175 0.118594974 0.184496805 -0.157576233 0.962842643
1403636970751666432.000000 3.132336617 4.037221909 3.247644424 0.118950829 0.180671215 -0.157495499 0.963537157
1403636970801666560.000000 3.107913494 4.015563488 3.217338085 0.118391894 0.177507520 -0.158913314 0.963961184
1403636970851666432.000000 3.086719036 3.990847349 3.193542004 0.117656320 0.172523320 -0.160249844 0.964734554
1403636970901666560.000000 3.066030741 3.965322018 3.171882153 0.117630817 0.168180168 -0.160366103 0.965484917
1403636970951666432.000000 3.045892954 3.939131260 3.152779579 0.118251882 0.164897233 -0.159451514 0.966126621
1403636971001666560.000000 3.026363611 3.912230968 3.136079311 0.120262660 0.164371490 -0.156683087 0.966420949
1403636971051666432.000000 3.005793571 3.888567448 3.115897894 0.123384416 0.165557489 -0.152369529 0.966514647
1403636971101666560.000000 2.987674952 3.860941410 3.103828192 0.127119288 0.168998003 -0.146807060 0.966296077
1403636971151666432.000000 2.970032692 3.833441734 3.094126225 0.130896956 0.173654303 -0.141804084 0.965713084
1403636971201666560.000000 2.952518940 3.806627512 3.086899519 0.135708600 0.177599311 -0.134664774 0.965353370
1403636971251666432.000000 2.936177969 3.780890465 3.082079887 0.139943600 0.182151809 -0.128567725 0.964731514
1403636971301666560.000000 2.916955233 3.760324717 3.074191570 0.143958867 0.185809955 -0.122352481 0.964251280
1403636971351666432.000000 2.900286436 3.738148928 3.072637558 0.147457272 0.187711135 -0.117239714 0.963989496
1403636971401666560.000000 2.883969545 3.718153000 3.072536945 0.149496853 0.189325079 -0.114579573 0.963679552
1403636971451666432.000000 2.867998600 3.700063229 3.073806763 0.149356082 0.190950677 -0.115067698 0.963322401
1403636971501666560.000000 2.850910187 3.685749054 3.075617313 0.148032025 0.190993264 -0.118031979 0.963159680
1403636971551666432.000000 2.836127758 3.672526121 3.073096752 0.146413416 0.192672566 -0.121385567 0.962655723
1403636971601666560.000000 2.820889950 3.660499573 3.077995300 0.143771455 0.196710378 -0.126504570 0.961577535
1403636971651666432.000000 2.805770874 3.650130987 3.083940506 0.140935436 0.201888651 -0.132101253 0.960170567
1403636971701666560.000000 2.790397167 3.641020775 3.090876341 0.138049632 0.206557855 -0.138099506 0.958751678
1403636971751666432.000000 2.773883343 3.633412600 3.098507881 0.137046441 0.210904345 -0.141344011 0.957475603
1403636971801666560.000000 2.757346630 3.626295567 3.106872797 0.137485772 0.214408398 -0.141635627 0.956590891
1403636971851666432.000000 2.741472244 3.618822575 3.107400417 0.138049006 0.216757447 -0.141844407 0.955949247
1403636971901666560.000000 2.725609541 3.612918854 3.114362478 0.138422966 0.217872307 -0.142182127 0.955591440
1403636971951666432.000000 2.710225821 3.607665539 3.120101929 0.138740122 0.217791378 -0.142274737 0.955550134
1403636972001666560.000000 2.696696520 3.602966785 3.124349594 0.138840094 0.217550978 -0.143065527 0.955472291
1403636972051666432.000000 2.684797287 3.598627329 3.126692295 0.138749555 0.218176037 -0.143506706 0.955276728
1403636972101666560.000000 2.670073509 3.595379353 3.127222776 0.137911722 0.217683271 -0.144599050 0.955345809
1403636972151666432.000000 2.661081076 3.592486858 3.119025230 0.137534946 0.216102734 -0.144676715 0.955747068
1403636972201666560.000000 2.650187969 3.589940548 3.116676331 0.138768926 0.212061569 -0.142462090 0.956806004
1403636972251666432.000000 2.640919209 3.587851763 3.112621069 0.139475539 0.207499117 -0.140687078 0.957965493
1403636972301666560.000000 2.632608652 3.586478949 3.107791662 0.139476955 0.202874690 -0.139805496 0.959084213
1403636972351666432.000000 2.627570152 3.585204124 3.101502180 0.138078794 0.200595230 -0.141455084 0.959524035
1403636972401666560.000000 2.619699240 3.584929943 3.098238945 0.137192920 0.199175447 -0.142135009 0.959846318
1403636972451666432.000000 2.619638205 3.583942413 3.090157509 0.135717452 0.199515045 -0.144010544 0.959706008
1403636972501666560.000000 2.620204210 3.583181858 3.081552029 0.134951189 0.201583102 -0.145180091 0.959205508
1403636972551666432.000000 2.623114824 3.582118988 3.072757721 0.134351701 0.203212723 -0.145713717 0.958864808
1403636972601666560.000000 2.627171993 3.581377506 3.062725782 0.133098170 0.204914331 -0.147137254 0.958460093
1403636972651666432.000000 2.630696535 3.583984137 3.041501522 0.131591439 0.207401738 -0.149445280 0.957775772
1403636972701666560.000000 2.634071589 3.584093094 3.031316042 0.130973354 0.208191782 -0.149752110 0.957641125
1403636972751666432.000000 2.636171103 3.584531784 3.021695852 0.130131632 0.208422482 -0.150450379 0.957596242
1403636972801666560.000000 2.637069464 3.585327625 3.012862921 0.130198210 0.208424866 -0.149957031 0.957664073
1403636972851666432.000000 2.636735916 3.586357594 3.004971266 0.129928142 0.207996354 -0.149881542 0.957805693
1403636972901666560.000000 2.638365984 3.585981369 3.003822088 0.128707275 0.207969770 -0.150031954 0.957952738
1403636972951666432.000000 2.636192083 3.587898970 2.999726534 0.126313627 0.206613153 -0.148594305 0.958788633
1403636973001666560.000000 2.632985115 3.590582848 2.996780157 0.121369861 0.205289021 -0.146820292 0.959984183
1403636973051666432.000000 2.628782272 3.593595028 2.994986057 0.116287775 0.203713566 -0.143538356 0.961444139
1403636973101666560.000000 2.623660088 3.596806526 2.993894100 0.111194082 0.202693835 -0.139928594 0.962793410
1403636973151666432.000000 2.612923145 3.604152441 2.988650799 0.106822200 0.202987880 -0.137230396 0.963614404
1403636973201666560.000000 2.605956078 3.607652903 2.989016771 0.102982946 0.202453300 -0.134151980 0.964577854
1403636973251666432.000000 2.598366737 3.611331940 2.989863873 0.098981567 0.204098463 -0.132750198 0.964843929
1403636973301666560.000000 2.590105057 3.614961147 2.991500616 0.095581032 0.204846233 -0.130992174 0.965268552
1403636973351666432.000000 2.581072092 3.618788242 2.994011402 0.093044549 0.205461785 -0.128978759 0.965656638
1403636973401666560.000000 2.574718237 3.620760918 2.999420166 0.089990512 0.205945328 -0.128763512 0.965871811
1403636973451666432.000000 2.565082550 3.623564482 3.004624128 0.088532344 0.205425739 -0.126592591 0.966404021
1403636973501666560.000000 2.551656961 3.628542423 3.012887716 0.086519785 0.206298843 -0.126597449 0.966399670
1403636973551666432.000000 2.541323662 3.631318569 3.019457340 0.084283903 0.207690015 -0.127110869 0.966231883
1403636973601666560.000000 2.530331373 3.633731365 3.026748657 0.083526984 0.209929988 -0.125954777 0.965964854
1403636973651666432.000000 2.519084930 3.636234999 3.034348249 0.082585335 0.212143078 -0.125689298 0.965596855
1403636973701666560.000000 2.508193970 3.638777733 3.041852951 0.082022972 0.213246942 -0.125629574 0.965409338
1403636973751666432.000000 2.499326706 3.638150930 3.042996883 0.081085160 0.216482490 -0.126341954 0.964675248
1403636973801666560.000000 2.490417957 3.640250921 3.047493935 0.080772951 0.218156546 -0.126801401 0.964263916
1403636973851666432.000000 2.481789112 3.643816948 3.056257725 0.080704235 0.219547868 -0.127988219 0.963797033
1403636973901666560.000000 2.474864960 3.644659996 3.057617664 0.081305824 0.220111474 -0.127504125 0.963682055
1403636973951666432.000000 2.469479322 3.644782305 3.057341814 0.082402684 0.220186442 -0.125990063 0.963770866
1403636974001666560.000000 2.464188576 3.645024538 3.056192875 0.082231984 0.217643514 -0.124356411 0.964574933
1403636974051666432.000000 2.459447861 3.645830631 3.054597378 0.081075042 0.215517402 -0.121067129 0.965568185
1403636974101666560.000000 2.454396009 3.645063639 3.049995184 0.077824101 0.213287115 -0.117037758 0.966826916
1403636974151666432.000000 2.450090170 3.646368265 3.047989130 0.072295010 0.210661083 -0.112353154 0.968386412
1403636974201666560.000000 2.445556641 3.648746252 3.046905279 0.063883096 0.210016698 -0.107631676 0.969653249
1403636974251666432.000000 2.442930698 3.651368141 3.047361374 0.053373590 0.210860193 -0.103169121 0.970590234
1403636974301666560.000000 2.437729836 3.654621363 3.049637079 0.041742940 0.211219817 -0.097885415 0.971628606
1403636974351666432.000000 2.431982994 3.658563137 3.052326679 0.029252885 0.213545755 -0.091982402 0.972153187
1403636974401666560.000000 2.425168037 3.662487984 3.056392431 0.017023154 0.214918420 -0.084665410 0.972806275
1403636974451666432.000000 2.417546988 3.666429043 3.061261654 0.003595528 0.218430594 -0.077334814 0.972776711
1403636974501666560.000000 2.408593655 3.668576241 3.068732738 -0.009254906 0.221158981 -0.068665408 0.972773492
1403636974551666432.000000 2.395888805 3.673604727 3.071765900 -0.023035243 0.223599508 -0.061139666 0.972488880
1403636974601666560.000000 2.386175871 3.677291393 3.079355001 -0.036757112 0.226622716 -0.052500345 0.971871853
1403636974651666432.000000 2.375991821 3.681037426 3.087262154 -0.050558772 0.226945773 -0.044191379 0.971589744
1403636974701666560.000000 2.365726709 3.684309483 3.093912601 -0.062769346 0.226389423 -0.034942742 0.971384048
1403636974751666432.000000 2.355742931 3.687098980 3.098852873 -0.074432001 0.224814162 -0.025486441 0.971220374
1403636974801666560.000000 2.344213963 3.688620329 3.099506617 -0.085035279 0.222730950 -0.016011739 0.971032262
1403636974851666432.000000 2.337327242 3.690121651 3.101463318 -0.093680598 0.220437154 -0.004644161 0.970880985
1403636974901666560.000000 2.331770658 3.691470861 3.102627754 -0.102296397 0.216895416 0.006418186 0.970798969
1403636974951666432.000000 2.328248501 3.692999363 3.102310181 -0.110491656 0.215113655 0.017026387 0.970169008
1403636975001666560.000000 2.326099634 3.694578409 3.099534273 0.118967056 -0.212934256 -0.025714459 -0.969455838
1403636975051666432.000000 2.326023340 3.697153568 3.097217321 0.127407640 -0.212895617 -0.033389024 -0.968156993
1403636975101666560.000000 2.327793121 3.700602293 3.094584465 0.137114599 -0.214869142 -0.037288114 -0.966250777
1403636975151666432.000000 2.329978228 3.704577684 3.092549324 0.145377740 -0.218105853 -0.039815489 -0.964214683
1403636975201666560.000000 2.325761557 3.708857536 3.086740732 -0.153072625 0.222724751 0.040461719 0.961938381
1403636975251666432.000000 2.327787399 3.713804007 3.086890221 -0.159936190 0.226974741 0.039806738 0.959853292
1403636975301666560.000000 2.328955173 3.718888760 3.088265181 -0.164959043 0.230759889 0.039519813 0.958110929
1403636975351666432.000000 2.329123020 3.724038601 3.090739489 -0.168353483 0.234791651 0.039452214 0.956542492
1403636975401666560.000000 2.327762127 3.728968859 3.094708681 -0.171618655 0.235131130 0.038468909 0.955918729
1403636975451666432.000000 2.324000597 3.734012365 3.099064350 0.173153758 -0.235093415 -0.038728923 -0.955640674
1403636975501666560.000000 2.320262671 3.738715172 3.104565144 0.174078137 -0.233194292 -0.038594857 -0.955943406
1403636975551666432.000000 2.316828251 3.743090153 3.109976053 0.174528062 -0.229830399 -0.038517918 -0.956678808
1403636975601666560.000000 2.314707279 3.746958256 3.114402056 0.174736008 -0.226424173 -0.038039662 -0.957471907
1403636975651666432.000000 2.314326048 3.750137091 3.117604971 0.173913792 -0.223816410 -0.037597083 -0.958251953
1403636975701666560.000000 2.306541681 3.751535177 3.109897137 -0.172885850 0.221876830 0.036671963 0.958924592
1403636975751666432.000000 2.310050249 3.753539324 3.110780478 -0.171673834 0.219600543 0.035824537 0.959698081
1403636975801666560.000000 2.315402508 3.755337715 3.110665083 -0.170897037 0.218317077 0.035650834 0.960135877
1403636975851666432.000000 2.322987080 3.757362604 3.110603333 -0.172198042 0.216955796 0.036055509 0.960196912
1403636975901666560.000000 2.331447601 3.759486198 3.110864401 -0.175501913 0.215644673 0.038085911 0.959815621
1403636975951666432.000000 2.337916136 3.761210203 3.110816240 0.179198503 -0.216082990 -0.042372111 -0.958853841
1403636976001666560.000000 2.345480919 3.763856888 3.113201618 0.183876961 -0.218183637 -0.048085868 -0.957221508
1403636976051666432.000000 2.352630615 3.767011404 3.116485119 0.189050823 -0.222783118 -0.055660628 -0.954740465
1403636976101666560.000000 2.359016180 3.770651579 3.120846272 0.193928823 -0.228797376 -0.065223306 -0.951729655
1403636976151666432.000000 2.364634037 3.774775505 3.125902176 0.198728547 -0.234889820 -0.076431528 -0.948415518
1403636976201666560.000000 2.352287769 3.782122374 3.121685505 -0.203970432 0.240486369 0.087328948 0.944952965
1403636976251666432.000000 2.354887962 3.788182735 3.128216505 -0.210684925 0.244719863 0.098854028 0.941250205
1403636976301666560.000000 2.356170654 3.795904875 3.134751797 -0.219842657 0.246993020 0.108510375 0.937490940
1403636976351666432.000000 2.356101036 3.804824829 3.141292572 -0.229746222 0.249208659 0.117949426 0.933380842
1403636976401666560.000000 2.354032993 3.815208197 3.147912741 -0.240755990 0.250002503 0.126272112 0.929295778
1403636976451666432.000000 2.353122234 3.827239275 3.154737711 0.252540588 -0.250557482 -0.133208364 -0.925040424
1403636976501666560.000000 2.336573839 3.836826086 3.152419567 -0.266043156 0.248395339 0.136699274 0.921321988
1403636976551666432.000000 2.331645966 3.851197004 3.158986568 -0.279199988 0.245614380 0.137658268 0.918025732
1403636976601666560.000000 2.325409889 3.866116047 3.166161299 -0.290603071 0.243003204 0.137726754 0.915167034
1403636976651666432.000000 2.317787886 3.881283283 3.173977852 -0.300308764 0.240583032 0.137521207 0.912700593
1403636976701666560.000000 2.309047461 3.896734715 3.182794094 -0.308011204 0.238991857 0.137841985 0.910500705
1403636976751666432.000000 2.297049046 3.909990788 3.187898636 0.313401341 -0.237989888 -0.139613062 -0.908652067
1403636976801666560.000000 2.286036491 3.925173521 3.198344707 0.317057580 -0.235963866 -0.142277211 -0.907498062
1403636976851666432.000000 2.258953094 3.937683582 3.204725742 -0.318386167 0.232195571 0.146368057 0.907354414
1403636976901666560.000000 2.247872829 3.952965260 3.215529919 -0.319033295 0.229607269 0.149878412 0.907212675
1403636976951666432.000000 2.238581896 3.968386650 3.225158215 -0.318727553 0.227231890 0.153762057 0.907268286
1403636977001666560.000000 2.231341839 3.983988047 3.232866764 -0.318499863 0.226966381 0.155646518 0.907093346
1403636977051666432.000000 2.225598335 4.000105858 3.239428520 -0.317869991 0.225291312 0.157211229 0.907461941
1403636977101666560.000000 2.220794678 4.015214443 3.240998268 0.317103893 -0.225036711 -0.158564746 -0.907557607
1403636977151666432.000000 2.219221354 4.032102585 3.243613720 0.315977812 -0.224275708 -0.159374341 -0.907996833
1403636977201666560.000000 2.219146729 4.049487591 3.245069504 0.314394593 -0.223387584 -0.160133541 -0.908631623
1403636977251666432.000000 2.220398426 4.067354679 3.245596409 0.313015699 -0.223282516 -0.160066217 -0.909145176
1403636977301666560.000000 2.221993923 4.086102486 3.245991707 0.312030256 -0.223185912 -0.158914641 -0.909709513
1403636977351666432.000000 2.203448772 4.106667995 3.242367268 -0.311034739 0.226806790 0.156644970 0.909548521
1403636977401666560.000000 2.203795433 4.126650333 3.244051456 -0.310858309 0.228827953 0.153576389 0.909625888
1403636977451666432.000000 2.203465700 4.147347927 3.246500015 -0.311104715 0.232452244 0.149568483 0.909290493
1403636977501666560.000000 2.201620340 4.168071747 3.249903202 -0.310990661 0.235156640 0.146361560 0.909155965
1403636977551666432.000000 2.199081898 4.189169407 3.253904343 -0.311214834 0.238579378 0.143339783 0.908668816
1403636977601666560.000000 2.194103956 4.209816456 3.258182287 0.310202181 -0.241021156 -0.142474711 -0.908506632
1403636977651666432.000000 2.189107895 4.231406212 3.263726234 0.310574591 -0.242312863 -0.140147790 -0.908397794
1403636977701666560.000000 2.182714224 4.253440857 3.270093203 0.310507387 -0.242596805 -0.141492739 -0.908136487
1403636977751666432.000000 2.151794910 4.287600994 3.260034561 -0.309631050 0.241989762 0.144596845 0.908108711
1403636977801666560.000000 2.143169880 4.310180664 3.267503738 -0.308864146 0.241381869 0.149543405 0.907730520
1403636977851666432.000000 2.133613586 4.332747459 3.274958134 -0.308334053 0.239847749 0.154086187 0.907557487
1403636977901666560.000000 2.123889446 4.355908394 3.281964540 -0.309022307 0.240103662 0.156091705 0.906912863
1403636977951666432.000000 2.115351915 4.379599571 3.287394762 -0.311207920 0.240935609 0.155878842 0.905981004
1403636978001666560.000000 2.107206821 4.401973724 3.288441181 0.313380241 -0.241805792 -0.154745385 -0.905194283
1403636978051666432.000000 2.089503288 4.434122086 3.296667814 -0.316569030 0.241855949 0.152046815 0.904528320
1403636978101666560.000000 2.084285736 4.457588196 3.296082258 -0.319190919 0.240707994 0.150289968 0.904206693
1403636978151666432.000000 2.080503941 4.481110573 3.294162512 -0.320396513 0.239427418 0.150120914 0.904148459
1403636978201666560.000000 2.077527761 4.504430771 3.290639400 -0.322411895 0.237181053 0.148950815 0.904217541
1403636978251666432.000000 2.074771166 4.527324677 3.285676241 -0.323534936 0.234125167 0.149021000 0.904601276
1403636978301666560.000000 2.071645021 4.546652317 3.276251316 0.324669003 -0.232585579 -0.148242339 -0.904720008
1403636978351666432.000000 2.065307856 4.578309536 3.276637077 -0.325289369 0.230052292 0.148896158 0.905037463
1403636978401666560.000000 2.066547394 4.599040985 3.267288923 -0.325811625 0.226863980 0.149148688 0.905612648
1403636978451666432.000000 2.068868399 4.619543076 3.257213593 -0.326710880 0.221950904 0.149256766 0.906487882
1403636978501666560.000000 2.071390390 4.640118122 3.247672796 -0.326575190 0.216909066 0.151260927 0.907424569
1403636978551666432.000000 2.073826790 4.661075592 3.239080906 -0.326878458 0.211870641 0.152337849 0.908325195
1403636978601666560.000000 2.074495316 4.683267593 3.230651379 0.326408505 -0.207485676 -0.154691175 -0.909108281
1403636978651666432.000000 2.075848818 4.713765144 3.233207464 -0.326622009 0.203980505 0.155749246 0.909644067
1403636978701666560.000000 2.077665329 4.736655235 3.229417801 -0.326736927 0.201379746 0.156486347 0.910055637
1403636978751666432.000000 2.079463959 4.760333061 3.227549553 -0.326786309 0.198923603 0.157311469 0.910435736
1403636978801666560.000000 2.081642628 4.784970760 3.227621555 -0.327029109 0.197403327 0.157674640 0.910616577
1403636978851666432.000000 2.084628105 4.810757637 3.229240894 -0.327238411 0.198971316 0.157076746 0.910303473
1403636978901666560.000000 2.086674929 4.838046074 3.232682705 0.327800632 -0.203180686 -0.156055748 -0.909346521
1403636978951666432.000000 2.089251757 4.875978470 3.248922825 -0.329009533 0.208699003 0.153455272 0.908101916
1403636979001666560.000000 2.093209743 4.904341698 3.254953146 -0.330729425 0.216884643 0.150056869 0.906124771
1403636979051666432.000000 2.096309185 4.932753563 3.262874126 -0.332027435 0.224243507 0.147177100 0.904329300
1403636979101666560.000000 2.097874641 4.961085796 3.272748470 -0.332834572 0.229998752 0.144788608 0.902971804
1403636979151666432.000000 2.098416567 4.989158154 3.284009695 -0.333430827 0.234202847 0.143089682 0.901941419
1403636979201666560.000000 2.096598387 5.015436649 3.294258118 0.333405495 -0.234923750 -0.142875746 -0.901797235
1403636979251666432.000000 2.094751596 5.042165279 3.307610273 0.332446158 -0.231326789 -0.144266382 -0.902859151
1403636979301666560.000000 2.105993509 5.077545643 3.325639486 -0.332134545 0.226234570 0.145536602 0.904059589
1403636979351666432.000000 2.106091976 5.103369236 3.338046312 -0.331413180 0.221101508 0.147224307 0.905320048
1403636979401666560.000000 2.108293056 5.128909588 3.350315809 -0.331080019 0.216023266 0.148023292 0.906536877
1403636979451666432.000000 2.112272739 5.154137611 3.361817837 -0.330260545 0.212003469 0.149959177 0.907466114
1403636979501666560.000000 2.118195534 5.178858757 3.372142553 -0.329113245 0.209325418 0.151717335 0.908212125
1403636979551666432.000000 2.126161575 5.203638077 3.381653309 -0.329188913 0.206381887 0.152369976 0.908748984
1403636979601666560.000000 2.133295298 5.225955963 3.393311262 0.328948945 -0.205868870 -0.153135628 -0.908823490
1403636979651666432.000000 2.153625488 5.260906219 3.406200886 -0.328970343 0.205190197 0.154329583 0.908767343
1403636979701666560.000000 2.166316032 5.286010742 3.415271044 -0.331056446 0.203602731 0.152774289 0.908629537
1403636979751666432.000000 2.180824995 5.311261177 3.424534082 -0.331507713 0.202937797 0.153510675 0.908489585
1403636979801666560.000000 2.198299170 5.337157726 3.433344364 -0.332819521 0.205422848 0.152670667 0.907592654
1403636979851666432.000000 2.217734098 5.363223076 3.442031145 -0.334977686 0.209708109 0.150771901 0.906134903
1403636979901666560.000000 2.237121582 5.391574860 3.452859640 0.335784972 -0.213570818 -0.150700137 -0.904944956
1403636979951666432.000000 2.271567822 5.422202587 3.461438656 -0.337876797 0.217196465 0.149070352 0.903572321
1403636980001666560.000000 2.290839672 5.448958874 3.474279642 -0.339370072 0.219123453 0.148303434 0.902673244
1403636980051666432.000000 2.309467554 5.475461483 3.488241673 -0.340785474 0.220469207 0.147638068 0.901921093
1403636980101666560.000000 2.327459574 5.501821518 3.503584146 -0.341580570 0.221922696 0.147543699 0.901279092
1403636980151666432.000000 2.344925404 5.527941227 3.520096064 -0.342147470 0.223401859 0.147900805 0.900639832
1403636980201666560.000000 2.364696980 5.555456161 3.538092375 0.342607021 -0.223571286 -0.148680314 -0.900294781
1403636980251666432.000000 2.388395309 5.581467152 3.554362059 -0.342579871 0.224525347 0.149677157 0.899902284
1403636980301666560.000000 2.404922009 5.607316017 3.574317455 -0.342675626 0.227928698 0.150358513 0.898896217
1403636980351666432.000000 2.420787096 5.632749081 3.595165253 -0.343189120 0.231158346 0.149592459 0.898002923
1403636980401666560.000000 2.435868740 5.657768250 3.617174149 -0.342349291 0.235698551 0.150518611 0.896987975
1403636980451666432.000000 2.450396538 5.682581425 3.640117407 -0.342484057 0.238727093 0.149953946 0.896229863
1403636980501666560.000000 2.466100216 5.708734512 3.663460255 0.341218114 -0.241790041 -0.151481271 -0.895634532
1403636980551666432.000000 2.477270603 5.727195740 3.683252573 -0.339849740 0.244034499 0.152563408 0.895362377
1403636980601666560.000000 2.489645720 5.750746250 3.707032681 -0.338056803 0.246745944 0.154247910 0.895009339
1403636980651666432.000000 2.502028227 5.773804188 3.729819059 -0.336510479 0.248605967 0.155438274 0.894871414
1403636980701666560.000000 2.515881538 5.797028065 3.751019716 -0.336743951 0.248746425 0.153845385 0.895019770
1403636980751666432.000000 2.530546188 5.820084572 3.770900011 -0.336513788 0.247016370 0.153497174 0.895645082
1403636980801666560.000000 2.549540281 5.844146729 3.789449215 0.338041425 -0.242793232 -0.150639206 -0.896709204
1403636980851666432.000000 2.566843033 5.866627693 3.806455851 0.338143766 -0.238204449 -0.149325550 -0.898119926
1403636980901666560.000000 2.573928356 5.876443386 3.815316439 -0.338517010 0.233830243 0.148288116 0.899299979
1403636980951666432.000000 2.594383240 5.898734570 3.830297470 -0.339385003 0.230230436 0.146171138 0.900247633
1403636981001666560.000000 2.614912987 5.920881271 3.845602989 -0.339329422 0.228282169 0.145564333 0.900862873
1403636981051666432.000000 2.635096550 5.942681313 3.861997604 -0.339388758 0.227746755 0.145073622 0.901055098
1403636981101666560.000000 2.654713392 5.963892937 3.879840851 -0.338688731 0.229714572 0.145781204 0.900704801
1403636981151666432.000000 2.672996521 5.984404087 3.898989677 -0.337080389 0.231730863 0.148098335 0.900413573
1403636981201666560.000000 2.692716360 6.005468369 3.917325735 0.335135430 -0.234721288 -0.151603505 -0.899781466
1403636981251666432.000000 2.693459034 6.008833408 3.927837372 -0.332095951 0.239340454 0.156906337 0.898781896
1403636981301666560.000000 2.710218191 6.029691696 3.948794603 -0.329009712 0.244255871 0.162179410 0.897657871
1403636981351666432.000000 2.725805759 6.050876141 3.970037937 -0.326288521 0.248410866 0.167083591 0.896610856
1403636981401666560.000000 2.739727497 6.072401047 3.991583586 -0.325595260 0.249757320 0.169384718 0.896056831
1403636981451666432.000000 2.751825809 6.094346523 4.013043404 -0.327707201 0.248036832 0.168028995 0.896020114
1403636981501666560.000000 2.762164354 6.113878727 4.030035496 0.331257433 -0.244690508 -0.164993465 -0.896198809
1403636981551666432.000000 2.773038864 6.135941029 4.049148560 0.335963339 -0.239794374 -0.160500184 -0.896586359
1403636981601666560.000000 2.784470081 6.157855511 4.066978931 0.340357482 -0.233623549 -0.156400949 -0.897282362
1403636981651666432.000000 2.797503710 6.179712296 4.083730698 0.344135582 -0.228628471 -0.153300047 -0.897662997
1403636981701666560.000000 2.817607880 6.199872017 4.091929436 -0.346657723 0.224682271 0.151776284 0.897947848
1403636981751666432.000000 2.833122015 6.220217705 4.106155396 -0.349079579 0.221902043 0.150787368 0.897867560
1403636981801666560.000000 2.850266457 6.240149021 4.119538307 -0.350261062 0.217893764 0.151549309 0.898260772
1403636981851666432.000000 2.869136333 6.259321690 4.132105350 -0.351264566 0.213759422 0.152608067 0.898682892
1403636981901666560.000000 2.889784336 6.278080940 4.143733978 -0.351937413 0.209541291 0.154115573 0.899155676
1403636981951666432.000000 2.911270142 6.295807362 4.155714989 -0.351525664 0.204702333 0.157497123 0.899845243
1403636982001666560.000000 2.933984995 6.313046932 4.164457321 0.350801051 -0.200274765 -0.160425127 -0.900606751
1403636982051666432.000000 2.945018291 6.317924500 4.168055058 -0.349435151 0.196184665 0.164140835 0.901368141
1403636982101666560.000000 2.968184948 6.337593555 4.183642864 -0.348350972 0.192424104 0.167246968 0.902027190
1403636982151666432.000000 2.991722584 6.357830048 4.200822830 -0.346934646 0.190468445 0.170406923 0.902396619
1403636982201666560.000000 3.015700340 6.378811359 4.219643593 -0.345642030 0.190129787 0.173131064 0.902445495
1403636982251666432.000000 3.040033579 6.400922298 4.240069389 -0.343686759 0.192174897 0.176101655 0.902184308
1403636982301666560.000000 3.064641476 6.421772003 4.258438110 0.341727853 -0.195697755 -0.178811416 -0.901637971
1403636982351666432.000000 3.083693504 6.440123558 4.275266647 -0.340782881 0.200811103 0.179337949 0.900766313
1403636982401666560.000000 3.109426498 6.466189861 4.298166275 -0.340292096 0.207647949 0.179087028 0.899450660
1403636982451666432.000000 3.136105061 6.493258476 4.320292473 -0.340470046 0.215601206 0.177230522 0.897878408
1403636982501666560.000000 3.164104462 6.521318436 4.341354370 -0.340051383 0.223427445 0.175577283 0.896447420
1403636982551666432.000000 3.193754196 6.550457478 4.360992432 -0.340973020 0.228942752 0.172284737 0.895343900
1403636982601666560.000000 3.222399235 6.578670025 4.376832485 0.341033101 -0.231130525 -0.170362502 -0.895126760
1403636982651666432.000000 3.253407478 6.605882168 4.394472122 -0.339874774 0.230808899 0.170809194 0.895565033
1403636982701666560.000000 3.283846855 6.636543274 4.411403656 -0.338615060 0.230553463 0.171154886 0.896041870
1403636982751666432.000000 3.313562870 6.667555332 4.428031445 -0.338371366 0.227082640 0.170328528 0.897177041
1403636982801666560.000000 3.342857361 6.698997021 4.444536209 -0.337658584 0.224470705 0.169642732 0.898232162
1403636982851666432.000000 3.371002674 6.731071472 4.461361885 -0.337748736 0.221725568 0.169095367 0.898982942
1403636982901666560.000000 3.396138906 6.762319565 4.479675293 0.338557512 -0.218923286 -0.167495161 -0.899664879
1403636982951666432.000000 3.432120800 6.796302319 4.495632172 -0.339377642 0.218749464 0.166013479 0.899672806
1403636983001666560.000000 3.457146883 6.830187321 4.516012669 -0.340163767 0.219341710 0.164396614 0.899528563
1403636983051666432.000000 3.481219769 6.864630222 4.537510872 -0.340990156 0.222697735 0.162185907 0.898792088
1403636983101666560.000000 3.504190922 6.899115086 4.560168266 -0.341812104 0.225609735 0.160441324 0.898066461
1403636983151666432.000000 3.526318073 6.933977127 4.583775997 -0.343046278 0.227687463 0.158165768 0.897475004
1403636983201666560.000000 3.547976971 6.970339298 4.608981133 0.344652683 -0.228048503 -0.155590668 -0.897217929
1403636983251666432.000000 3.576021194 7.007755756 4.631536484 -0.345740497 0.229101107 0.153686821 0.896859288
1403636983301666560.000000 3.595315933 7.042787075 4.657607079 -0.347402811 0.229526192 0.151824743 0.896425307
1403636983351666432.000000 3.613777161 7.077347279 4.684343815 -0.347824037 0.230279535 0.151483789 0.896126449
1403636983401666560.000000 3.631568909 7.111638069 4.711328983 -0.349305153 0.230574280 0.149762318 0.895763755
1403636983451666432.000000 3.649360657 7.145205498 4.738466263 -0.349493593 0.231344253 0.150142089 0.895428061
1403636983501666560.000000 3.666685581 7.177477360 4.763547421 0.349584073 -0.230332762 -0.150923774 -0.895522118
1403636983551666432.000000 3.685326576 7.209110260 4.788418293 0.350006551 -0.228778854 -0.151401073 -0.895674825
1403636983601666560.000000 3.704940319 7.239376068 4.812153339 0.350868225 -0.226353824 -0.151681110 -0.895906448
1403636983651666432.000000 3.725524902 7.268722534 4.835062027 0.350934476 -0.222603902 -0.153215230 -0.896558762
1403636983701666560.000000 3.765725136 7.309837818 4.860811710 -0.351492554 0.219359010 0.154556423 0.896909714
1403636983751666432.000000 3.790867090 7.337779999 4.880770683 -0.352023870 0.216248304 0.155483842 0.897296309
1403636983801666560.000000 3.817941427 7.365356445 4.899919510 -0.353030294 0.213880062 0.155425265 0.897478700
1403636983851666432.000000 3.846265793 7.392034531 4.918188095 -0.353527665 0.211108983 0.156568840 0.897740245
1403636983901666560.000000 3.876005650 7.417855263 4.935865402 -0.353740722 0.209443703 0.157305226 0.897917509
1403636983951666432.000000 3.907196999 7.443990707 4.953049660 -0.354049027 0.208165586 0.158818185 0.897826970
1403636984001666560.000000 3.940943718 7.468730927 4.967447758 0.354253113 -0.206715822 -0.160102054 -0.897853434
1403636984051666432.000000 3.988687754 7.513045311 4.995023251 -0.354280949 0.205041677 0.161639705 0.897950828
1403636984101666560.000000 4.023381710 7.538540840 5.012061119 -0.354994714 0.204567149 0.162184983 0.897678792
1403636984151666432.000000 4.058068752 7.564367294 5.030346870 -0.355845124 0.206048071 0.161770910 0.897077918
1403636984201666560.000000 4.092218399 7.590436459 5.050024986 -0.357178241 0.208383426 0.160999775 0.896146894
1403636984251666432.000000 4.125945091 7.616504669 5.071467400 -0.358058870 0.212405428 0.160608232 0.894920588
1403636984301666560.000000 4.158855438 7.642936230 5.094831467 -0.359666944 0.214877322 0.158921406 0.893986344
1403636984351666432.000000 4.191839695 7.671498299 5.119802475 0.360162318 -0.217682794 -0.159083411 -0.893078864
1403636984401666560.000000 4.235827923 7.717926979 5.159997463 -0.361094445 0.218987435 0.158659205 0.892458737
1403636984451666432.000000 4.265822887 7.744149208 5.188220978 -0.362207502 0.220774189 0.157530501 0.891767144
1403636984501666560.000000 4.295070648 7.770007610 5.217820168 -0.362972349 0.222617015 0.157130033 0.891068399
1403636984551666432.000000 4.323670387 7.795207024 5.248313904 -0.363417327 0.223191619 0.156717181 0.890815973
1403636984601666560.000000 4.352594852 7.819865704 5.278921127 -0.363615543 0.223966539 0.156370774 0.890601456
1403636984651666432.000000 4.382700920 7.843881607 5.308783531 -0.363631576 0.224132538 0.156196266 0.890583754
1403636984701666560.000000 4.414689541 7.869074345 5.339462757 0.363788366 -0.224490240 -0.155440643 -0.890561819
1403636984751666432.000000 4.467050552 7.914469719 5.381550789 -0.362802476 0.225813180 0.156215265 0.890494049
1403636984801666560.000000 4.499871254 7.936040401 5.409136772 -0.361679345 0.227199495 0.157474473 0.890376508
1403636984851666432.000000 4.532969475 7.956566811 5.436012268 -0.359845817 0.228237703 0.159684375 0.890460312
1403636984901666560.000000 4.566383362 7.976254940 5.461604595 -0.358049244 0.229567260 0.162186563 0.890390456
1403636984951666432.000000 4.600134850 7.995278358 5.485629082 -0.357448041 0.230921254 0.162939116 0.890144467
1403636985001666560.000000 4.633938789 8.013552666 5.508299828 -0.357072264 0.231061518 0.163418218 0.890171111
1403636985051666432.000000 4.668478489 8.035725594 5.534914970 0.357012302 -0.230714291 -0.163658977 -0.890240967
1403636985101666560.000000 4.721644878 8.073072433 5.568232059 -0.358108968 0.229700416 0.162581936 0.890260041
1403636985151666432.000000 4.753065586 8.090968132 5.592437744 -0.359061807 0.227626890 0.161639974 0.890580297
1403636985201666560.000000 4.782785416 8.108774185 5.618574142 -0.360078156 0.227590010 0.160335481 0.890415132
1403636985251666432.000000 4.809633732 8.126355171 5.647179127 -0.361195356 0.227475330 0.159169585 0.890201151
1403636985301666560.000000 4.834706306 8.144361496 5.678084373 -0.361947864 0.227569342 0.158473849 0.889995575
1403636985351666432.000000 4.859422684 8.162092209 5.710100174 -0.361661077 0.227251634 0.157336205 0.890395045
1403636985401666560.000000 4.888534069 8.184010506 5.745500565 0.360246569 -0.226388291 -0.155514389 -0.891507804
1403636985451666432.000000 4.915586472 8.200713158 5.777309418 0.358006626 -0.224794641 -0.151849806 -0.893442988
1403636985501666560.000000 4.956708431 8.232715607 5.821341515 -0.354994237 0.224023610 0.147876814 0.895502687
1403636985551666432.000000 4.987242699 8.247819901 5.850486279 -0.351693898 0.224405706 0.144135624 0.897317410
1403636985601666560.000000 5.018959999 8.262039185 5.878620148 -0.349376649 0.224720851 0.140099213 0.898781896
1403636985651666432.000000 5.052268505 8.275371552 5.905575752 -0.347744226 0.224539801 0.135613948 0.900147021
1403636985701666560.000000 5.086668968 8.287470818 5.931457520 -0.346492112 0.225484207 0.131767794 0.900964677
1403636985751666432.000000 5.122305870 8.298851013 5.956273079 -0.345176846 0.227119908 0.128389075 0.901546299
1403636985801666560.000000 5.162467003 8.310046196 5.984923840 0.343758851 -0.229259178 -0.125587001 -0.901941240
1403636985851666432.000000 5.213144302 8.307629585 6.028425694 -0.344358385 0.236369863 0.121829048 0.900391221
1403636985901666560.000000 5.250871658 8.315172195 6.053348541 -0.343890041 0.246350944 0.117263876 0.898498833
1403636985951666432.000000 5.287228107 8.321352005 6.079351902 -0.343486845 0.257895112 0.112796061 0.895982087
1403636986001666560.000000 5.320933342 8.326012611 6.106574059 -0.343594074 0.264778763 0.109100729 0.894389451
1403636986051666432.000000 5.351736069 8.329127312 6.134906292 -0.344380468 0.266911089 0.106161460 0.893806636
1403636986101666560.000000 5.379836082 8.330324173 6.164563656 -0.343059927 0.266006976 0.106828935 0.894504189
1403636986151666432.000000 5.409228802 8.332615852 6.194039345 0.341669500 -0.260196865 -0.109187663 -0.896458387
1403636986201666560.000000 5.427305222 8.325295448 6.237416267 -0.340300977 0.253736436 0.112516738 0.898416996
1403636986251666432.000000 5.449957848 8.321477890 6.268502712 -0.339451969 0.244419038 0.115283936 0.900966883
1403636986301666560.000000 5.472043037 8.316337585 6.299880505 -0.338061899 0.238533273 0.118131734 0.902696490
1403636986351666432.000000 5.493792534 8.310134888 6.331707001 -0.337661713 0.233343661 0.119286500 0.904049814
1403636986401666560.000000 5.515101433 8.302876472 6.364252567 -0.335334420 0.230974287 0.122960359 0.905031741
1403636986451666432.000000 5.536649227 8.296578407 6.399887085 0.332820773 -0.230859771 -0.126851186 -0.905451775
1403636986501666560.000000 5.553983212 8.279391289 6.436587811 -0.330616057 0.230474979 0.130481735 0.905841529
1403636986551666432.000000 5.577791691 8.269849777 6.468121529 -0.327776611 0.231941447 0.134314254 0.905938923
1403636986601666560.000000 5.602135658 8.259244919 6.497936249 -0.325634003 0.232606158 0.136903465 0.906153560
1403636986651666432.000000 5.627490044 8.248043060 6.525848866 -0.324291199 0.232842878 0.138673663 0.906305254
1403636986701666560.000000 5.654218674 8.236343384 6.552113533 -0.322084635 0.234005839 0.141689226 0.906326056
1403636986751666432.000000 5.681114674 8.222182274 6.575964928 0.320567369 -0.235622779 -0.143564686 -0.906149924
1403636986801666560.000000 5.709209442 8.206212044 6.598515511 -0.318554103 0.236727729 0.146771565 0.906058192
1403636986851666432.000000 5.739425659 8.194438934 6.618738174 -0.318199068 0.238309324 0.147003561 0.905730665
1403636986901666560.000000 5.770707130 8.182760239 6.636937141 -0.317892939 0.238656878 0.148045078 0.905576944
1403636986951666432.000000 5.803285599 8.171456337 6.653112411 -0.318683475 0.239136562 0.146821305 0.905371785
1403636987001666560.000000 5.836522102 8.160346985 6.667445183 -0.319845855 0.239115059 0.145865232 0.905122161
1403636987051666432.000000 5.870215416 8.149822235 6.680815697 0.322453767 -0.238872841 -0.143131375 -0.904697120
1403636987101666560.000000 5.903325081 8.138483047 6.692796230 0.324128717 -0.238916516 -0.141513899 -0.904341400
1403636987151666432.000000 5.935032845 8.121452332 6.699590683 -0.325528651 0.239216834 0.140886918 0.903856933
1403636987201666560.000000 5.965574265 8.110334396 6.712207317 -0.326867789 0.239926219 0.140159458 0.903298557
1403636987251666432.000000 5.994522095 8.099220276 6.725787163 -0.326839298 0.241455674 0.141341761 0.902716935
1403636987301666560.000000 6.021739483 8.088191986 6.740326405 -0.328360617 0.242069572 0.140291601 0.902164102
1403636987351666432.000000 6.047358990 8.077164650 6.755939960 -0.328403920 0.242655233 0.140303284 0.901989102
1403636987401666560.000000 6.071863651 8.065722466 6.772174358 -0.327757627 0.244504258 0.139503837 0.901848853
1403636987451666432.000000 6.093719959 8.051096916 6.781729698 -0.327240169 0.245301634 0.136788949 0.902235985
1403636987501666560.000000 6.115800858 8.038928986 6.798777103 -0.326878071 0.248940125 0.133611932 0.901846647
1403636987551666432.000000 6.136495590 8.026163101 6.816115379 -0.327498347 0.250970572 0.129542142 0.901652634
1403636987601666560.000000 6.155663490 8.012724876 6.833657742 -0.327159911 0.253529668 0.126692086 0.901464522
1403636987651666432.000000 6.173118591 7.998526573 6.851290226 -0.326535434 0.255062550 0.125037208 0.901489615
1403636987701666560.000000 6.190448284 7.981745243 6.868602753 0.325870484 -0.255579472 -0.123415805 -0.901807189
1403636987751666432.000000 6.203172207 7.963405609 6.876888752 -0.324602813 0.256078929 0.122644529 0.902227819
1403636987801666560.000000 6.219274521 7.945633411 6.891505718 -0.322858423 0.256564200 0.122816749 0.902692318
1403636987851666432.000000 6.236178875 7.926871300 6.903887749 -0.321458340 0.256532788 0.122946523 0.903183043
1403636987901666560.000000 6.252753735 7.906804085 6.914227962 -0.318596512 0.256549895 0.125583693 0.903829157
1403636987951666432.000000 6.269055367 7.886028767 6.922970295 -0.315576673 0.255756676 0.128600582 0.904688835
1403636988001666560.000000 6.285339355 7.864676476 6.930374146 0.311812013 -0.254295409 -0.133220613 -0.905736983
1403636988051666432.000000 6.297294617 7.841001511 6.934298038 -0.308823705 0.252318501 0.137923092 0.906609416
1403636988101666560.000000 6.310656071 7.819884777 6.941808224 -0.305886805 0.250937104 0.142333955 0.907306433
1403636988151666432.000000 6.322214127 7.799378395 6.949341774 -0.304082096 0.249435872 0.145678639 0.907796025
1403636988201666560.000000 6.332247257 7.779640198 6.956799507 -0.302261710 0.249683425 0.148860350 0.907819688
1403636988251666432.000000 6.340797424 7.760773182 6.963685513 -0.301274836 0.251220316 0.150702134 0.907419860
1403636988301666560.000000 6.347884178 7.741024971 6.968837738 0.300349921 -0.255603731 -0.152069941 -0.906273365
1403636988351666432.000000 6.354815483 7.723330498 6.973211765 0.300906330 -0.260767400 -0.151357710 -0.904735684
1403636988401666560.000000 6.359234810 7.704235554 6.975585461 -0.301154017 0.265883356 0.150690094 0.903274477
1403636988451666432.000000 6.365736961 7.687610149 6.974516392 -0.302246124 0.269400090 0.148570731 0.902218163
1403636988501666560.000000 6.371606827 7.670345783 6.969773769 -0.303255379 0.272478461 0.146707505 0.901259482
1403636988551666432.000000 6.376688004 7.652717113 6.962300777 -0.303267419 0.274590433 0.146138415 0.900706708
1403636988601666560.000000 6.380450249 7.634753704 6.951838017 -0.303337157 0.276189297 0.145559117 0.900288105
1403636988651666432.000000 6.382372856 7.617146015 6.939779282 -0.303216994 0.276945800 0.145531952 0.900100529
1403636988701666560.000000 6.382982731 7.598052025 6.925039291 0.302895218 -0.277909636 -0.145618841 -0.899897695
1403636988751666432.000000 6.380805492 7.580610275 6.911047935 0.303857923 -0.278606236 -0.144018084 -0.899615347
1403636988801666560.000000 6.382028580 7.565891743 6.901642323 -0.303827018 0.280152440 0.144273773 0.899104536
1403636988851666432.000000 6.374535084 7.548780918 6.886586189 -0.303488225 0.281962246 0.144258797 0.898655474
1403636988901666560.000000 6.364521503 7.531929493 6.870733261 -0.303222239 0.284157485 0.144336805 0.898041129
1403636988951666432.000000 6.351847172 7.515093327 6.854142666 -0.302591115 0.286535174 0.144969836 0.897396266
1403636989001666560.000000 6.336182594 7.498579979 6.836681843 -0.302635968 0.288089156 0.145003974 0.896878004
1403636989051666432.000000 6.317922592 7.482016087 6.818047047 -0.301975697 0.290378571 0.146047875 0.896192551
1403636989101666560.000000 6.297348499 7.464522362 6.794518471 0.302349985 -0.290761113 -0.145811573 -0.895980716
1403636989151666432.000000 6.273993492 7.447788715 6.772401333 0.302056998 -0.291069925 -0.146597192 -0.895851135
1403636989201666560.000000 6.248711586 7.430913925 6.748532295 0.302511841 -0.290289819 -0.146679208 -0.895937383
1403636989251666432.000000 6.221745014 7.413971901 6.722214222 0.304089636 -0.286595345 -0.145561233 -0.896774530
1403636989301666560.000000 6.187315941 7.389795303 6.706102371 -0.307822883 0.280029297 0.143350735 0.897930562
1403636989351666432.000000 6.160160065 7.373486996 6.675296783 -0.310961962 0.272111714 0.140776455 0.899688780
1403636989401666560.000000 6.132467747 7.356297493 6.641899586 -0.313162744 0.263246953 0.139933690 0.901692212
1403636989451666432.000000 6.105449677 7.339062691 6.606978416 -0.314292490 0.255225360 0.140230775 0.903557241
1403636989501666560.000000 6.079028606 7.321208477 6.570113182 -0.315033764 0.250082582 0.140572533 0.904683232
1403636989551666432.000000 6.053437710 7.303611279 6.532193661 -0.316132277 0.245596424 0.140537784 0.905534148
1403636989601666560.000000 6.029099464 7.287967682 6.488168716 0.317354292 -0.243322358 -0.139155701 -0.905933917
1403636989651666432.000000 5.997728348 7.265353203 6.451891899 -0.318934619 0.239910915 0.137534007 0.906536281
1403636989701666560.000000 5.971356392 7.248470783 6.413821220 -0.320643306 0.237500221 0.135380223 0.906892419
1403636989751666432.000000 5.943894386 7.231646538 6.377236366 -0.321768880 0.235582694 0.133910269 0.907212079
1403636989801666560.000000 5.915540695 7.214680672 6.342171669 -0.321818829 0.234650478 0.133997872 0.907422960
1403636989851666432.000000 5.886500359 7.197739601 6.308640480 -0.321582079 0.235126778 0.134017169 0.907380700
1403636989901666560.000000 5.856782913 7.180727959 6.276322365 -0.321247339 0.237263665 0.134069741 0.906935155
1403636989951666432.000000 5.825172901 7.163340569 6.245220184 0.321329921 -0.241791531 -0.133521959 -0.905790150
1403636990001666560.000000 5.794083118 7.145971298 6.214393616 0.320972741 -0.245362982 -0.133170933 -0.905007720
1403636990051666432.000000 5.763171673 7.128188610 6.183050632 0.321550220 -0.248993680 -0.131891698 -0.903997958
1403636990101666560.000000 5.732788086 7.109829426 6.150920868 0.321447730 -0.251748770 -0.131246954 -0.903364956
1403636990151666432.000000 5.699003220 7.085558891 6.114893913 -0.321831316 0.252982408 0.130336121 0.903015554
1403636990201666560.000000 5.669803143 7.065517902 6.080011845 -0.322341442 0.252219051 0.129453987 0.903174043
1403636990251666432.000000 5.641294479 7.044982910 6.044088840 -0.322236806 0.249806300 0.129075229 0.903935790
1403636990301666560.000000 5.613049507 7.023397446 6.006418228 -0.322302878 0.246797547 0.128641367 0.904800177
1403636990351666432.000000 5.585670471 7.000798225 5.967188835 -0.322009861 0.245065793 0.128250048 0.905430496
1403636990401666560.000000 5.558412552 6.977112770 5.928054810 -0.321923643 0.241598278 0.127676457 0.906473517
1403636990451666432.000000 5.530593395 6.952892303 5.889928341 -0.320613325 0.240287021 0.128323436 0.907194793
1403636990501666560.000000 5.503749847 6.929526806 5.854356766 0.319120586 -0.237802818 -0.129513487 -0.908205986
1403636990551666432.000000 5.474881649 6.905518532 5.818759441 0.318375945 -0.237270832 -0.129455447 -0.908614695
1403636990601666560.000000 5.439208031 6.877298832 5.781455994 -0.317564040 0.235772386 0.129414663 0.909294426
1403636990651666432.000000 5.408164978 6.853518486 5.748500824 -0.316390216 0.234188169 0.130165592 0.910005569
1403636990701666560.000000 5.376142025 6.830185413 5.716777802 -0.316452086 0.232624084 0.128812641 0.910577536
1403636990751666432.000000 5.343253613 6.806467056 5.686575413 -0.315984786 0.231466860 0.128523156 0.911075532
1403636990801666560.000000 5.309534550 6.782694340 5.657987595 -0.315995753 0.230862081 0.127557486 0.911360800
1403636990851666432.000000 5.274947643 6.758899212 5.630969048 -0.315755188 0.230735496 0.126849398 0.911575019
1403636990901666560.000000 5.236923218 6.733436584 5.603422165 0.314997911 -0.230679512 -0.127510190 -0.911759019
1403636990951666432.000000 5.205147743 6.715086937 5.585509300 -0.315430284 0.230170548 0.126950860 0.911816180
1403636991001666560.000000 5.168726921 6.691448689 5.562026024 -0.315381914 0.230719894 0.126596659 0.911743343
1403636991051666432.000000 5.132163048 6.667796612 5.539324760 -0.315771848 0.232138589 0.125812620 0.911356688
1403636991101666560.000000 5.095307827 6.644208431 5.517893791 -0.316122502 0.231405437 0.125891343 0.911410809
1403636991151666432.000000 5.058868408 6.620727539 5.497098446 -0.316307515 0.231879100 0.126288131 0.911171257
1403636991201666560.000000 5.023388863 6.597184658 5.475648880 -0.317303509 0.230969667 0.125580922 0.911153674
1403636991251666432.000000 4.985565186 6.569349289 5.451692104 0.317126125 -0.230400398 -0.126479760 -0.911235213
1403636991301666560.000000 4.956448078 6.554568768 5.439288139 -0.317421585 0.230114564 0.126485720 0.911203682
1403636991351666432.000000 4.923466206 6.527593136 5.413613319 -0.317410082 0.230220512 0.127859801 0.910989225
1403636991401666560.000000 4.892793179 6.500438213 5.386822701 -0.318054855 0.229091346 0.127767861 0.911061883
1403636991451666432.000000 4.864574432 6.472493649 5.358133793 -0.318740308 0.228742361 0.127816826 0.910903096
1403636991501666560.000000 4.838996887 6.444506645 5.327939510 -0.319573492 0.228166625 0.128289923 0.910689056
1403636991551666432.000000 4.816418171 6.416941643 5.297627926 -0.319012791 0.229261786 0.130167633 0.910344064
1403636991601666560.000000 4.790019035 6.387142658 5.262860298 0.318849891 -0.229126647 -0.132028803 -0.910167098
1403636991651666432.000000 4.770473957 6.358980179 5.229966164 0.317562044 -0.230377287 -0.135700762 -0.909761488
1403636991701666560.000000 4.751502037 6.330444336 5.196322441 0.315749139 -0.231368482 -0.140627936 -0.909392655
1403636991751666432.000000 4.733895302 6.302567005 5.162184715 0.314509332 -0.232082769 -0.144738406 -0.908995271
1403636991801666560.000000 4.721647263 6.293193340 5.155022621 -0.313927919 0.233449951 0.148224905 0.908284068
1403636991851666432.000000 4.704768658 6.266990662 5.120750427 -0.313151717 0.233902529 0.151811510 0.907843053
1403636991901666560.000000 4.687359810 6.242157459 5.087166309 -0.313260853 0.233790934 0.153884500 0.907485008
1403636991951666432.000000 4.668792248 6.218502045 5.054622173 -0.314201087 0.233765796 0.154545769 0.907054007
1403636992001666560.000000 4.648712158 6.196445942 5.023598671 -0.316058576 0.233028144 0.153949484 0.906699836
1403636992051666432.000000 4.627507210 6.175251961 4.993745327 -0.319693893 0.233258754 0.150476858 0.905948639
1403636992101666560.000000 4.607326031 6.155782700 4.964904785 0.323284060 -0.234141752 -0.146638498 -0.905075788
1403636992151666432.000000 4.584442139 6.136042595 4.936836720 0.325685024 -0.235959753 -0.144026190 -0.904161930
1403636992201666560.000000 4.560678005 6.116654873 4.909671783 0.328280002 -0.237748682 -0.141247928 -0.903192580
1403636992251666432.000000 4.535894394 6.097422123 4.883539677 0.329839945 -0.238571167 -0.139961198 -0.902607560
1403636992301666560.000000 4.523856163 6.092239380 4.876849651 -0.331320882 0.238605022 0.139637008 0.902106285
1403636992351666432.000000 4.496977806 6.073003769 4.852717400 -0.332361251 0.237277001 0.139787540 0.902050555
1403636992401666560.000000 4.469754219 6.053576469 4.829845428 -0.333263934 0.234279394 0.140392140 0.902406991
1403636992451666432.000000 4.442967892 6.034306049 4.806719780 -0.333780915 0.230916947 0.141728148 0.902873695
1403636992501666560.000000 4.418022156 6.014668465 4.783116817 -0.334579557 0.228595376 0.142603159 0.903031051
1403636992551666432.000000 4.394638538 5.995112419 4.758773804 -0.335988164 0.226273686 0.142472655 0.903113365
1403636992601666560.000000 4.373728275 5.974761963 4.733677864 0.336825699 -0.224931329 -0.143221065 -0.903018355
1403636992651666432.000000 4.357871532 5.957869530 4.709408760 -0.337606788 0.224144995 0.144038200 0.902792215
1403636992701666560.000000 4.339550495 5.937244892 4.682624817 -0.338656217 0.223083213 0.144011319 0.902666390
1403636992751666432.000000 4.321559906 5.916911125 4.656602859 -0.339130253 0.221884578 0.144731790 0.902668655
1403636992801666560.000000 4.303823471 5.896826267 4.631974220 -0.340572387 0.221094236 0.144314006 0.902386487
1403636992851666432.000000 4.285887241 5.876983166 4.609145164 -0.341576219 0.220976472 0.144105405 0.902069151
1403636992901666560.000000 4.267693996 5.857869625 4.588079453 -0.343294710 0.220495537 0.143191651 0.901679933
1403636992951666432.000000 4.248986244 5.840691090 4.572793007 0.344547033 -0.220743969 -0.142416149 -0.901264191
1403636993001666560.000000 4.232642651 5.822165012 4.549856663 -0.345214605 0.222779304 0.142737031 0.900456786
1403636993051666432.000000 4.213588238 5.803267479 4.534401894 -0.345257282 0.225882992 0.143828556 0.899493039
1403636993101666560.000000 4.194653511 5.784304142 4.520239830 -0.343409061 0.229654938 0.144910231 0.899071753
1403636993151666432.000000 4.176716328 5.764656544 4.506443977 -0.340163529 0.233539909 0.145502433 0.899209082
1403636993201666560.000000 4.159662247 5.744661331 4.492253304 -0.335907072 0.236082926 0.144697785 0.900274336
1403636993251666432.000000 4.144294739 5.724558830 4.476996422 -0.331007361 0.237874255 0.142564401 0.901956499
1403636993301666560.000000 4.128571510 5.702110291 4.462705612 0.325227618 -0.239257187 -0.139719173 -0.904135883
1403636993351666432.000000 4.116119862 5.681011677 4.445519924 0.318693131 -0.240565330 -0.135720745 -0.906720996
1403636993401666560.000000 4.111619473 5.656441689 4.418374062 -0.311768919 0.240945965 0.131009236 0.909715235
1403636993451666432.000000 4.101062298 5.634260178 4.398166656 -0.303704232 0.241877452 0.126175955 0.912873924
1403636993501666560.000000 4.091345787 5.611607552 4.376757622 -0.295557290 0.241823256 0.120682515 0.916298687
1403636993551666432.000000 4.082337379 5.588648319 4.353915691 -0.287614673 0.242310449 0.114262342 0.919514894
1403636993601666560.000000 4.073498249 5.565412521 4.330433846 -0.279173255 0.241299897 0.109138533 0.922998130
1403636993651666432.000000 4.064545631 5.542673111 4.306776524 -0.271688402 0.239850059 0.104836240 0.926103055
1403636993701666560.000000 4.055244923 5.520208359 4.283452511 -0.265323877 0.238629624 0.100919813 0.928695023
1403636993751666432.000000 4.039046288 5.494061470 4.261672020 0.260106653 -0.237271443 -0.097240455 -0.930908740
1403636993801666560.000000 4.035048008 5.469038486 4.229288101 -0.255890638 0.235918671 0.094745651 0.932676613
1403636993851666432.000000 4.021446705 5.447295189 4.209042549 -0.253338039 0.235485122 0.090662807 0.933888078
1403636993901666560.000000 4.006851196 5.425762653 4.189923286 -0.250564247 0.234746948 0.087827727 0.935092449
1403636993951666432.000000 3.991481781 5.404422760 4.171791553 -0.247819364 0.236819789 0.086242400 0.935448706
1403636994001666560.000000 3.975387096 5.383177757 4.154489517 -0.246703357 0.239518315 0.083296612 0.935323596
1403636994051666432.000000 3.958100557 5.362557411 4.138852596 0.246407866 -0.242564321 -0.080163725 -0.934890151
1403636994101666560.000000 3.940076351 5.341077328 4.122966766 0.246504918 -0.247595638 -0.077231564 -0.933791757
1403636994151666432.000000 3.920838833 5.319306850 4.107722282 0.246348515 -0.251611710 -0.075193860 -0.932925463
1403636994201666560.000000 3.900717735 5.297049522 4.092745304 0.246413633 -0.256094307 -0.073051140 -0.931858182
1403636994251666432.000000 3.879272938 5.274114609 4.078274727 0.246363372 -0.260154039 -0.071924150 -0.930833995
1403636994301666560.000000 3.862610340 5.245229721 4.056254864 -0.246444613 0.262991309 0.071239516 0.930067599
1403636994351666432.000000 3.838280916 5.220909119 4.041903019 -0.246786296 0.264841169 0.070292227 0.929523945
1403636994401666560.000000 3.812435865 5.195403576 4.027273178 -0.247183949 0.267100811 0.069718949 0.928814590
1403636994451666432.000000 3.785351276 5.168986320 4.011824131 -0.247606993 0.267173827 0.069668114 0.928684771
1403636994501666560.000000 3.758222103 5.141440868 3.995076895 -0.247563809 0.266059279 0.070415244 0.928959906
1403636994551666432.000000 3.730670691 5.112307072 3.976670027 -0.245443210 0.264560282 0.074115932 0.929662526
1403636994601666560.000000 3.703400373 5.082315445 3.956140041 -0.245104223 0.261427879 0.075788312 0.930502832
1403636994651666432.000000 3.674156427 5.052577019 3.932107925 0.243851021 -0.257128626 -0.079051994 -0.931757689
1403636994701666560.000000 3.652863979 5.016599178 3.908987045 -0.241173789 0.253061175 0.084770247 0.933064520
1403636994751666432.000000 3.626788855 4.984330654 3.883519650 -0.238192126 0.248569652 0.090667345 0.934482217
1403636994801666560.000000 3.601304293 4.951930523 3.856704473 -0.235340104 0.244859025 0.096499585 0.935599744
1403636994851666432.000000 3.576202393 4.919898033 3.829199314 -0.232532948 0.243706465 0.101657033 0.936056376
1403636994901666560.000000 3.550497293 4.888809681 3.801871777 -0.230997726 0.241975203 0.105086923 0.936506748
1403636994951666432.000000 3.524019480 4.858826637 3.774624348 -0.230523035 0.242796943 0.106432043 0.936259091
1403636995001666560.000000 3.494199514 4.828072548 3.748102665 0.231373802 -0.244574234 -0.105602615 -0.935680449
1403636995051666432.000000 3.470325708 4.802546978 3.724471807 -0.233688712 0.246177420 0.102026708 0.935081184
1403636995101666560.000000 3.440770149 4.774854660 3.698626995 -0.235938534 0.249204993 0.097645000 0.934181631
1403636995151666432.000000 3.411077261 4.747481346 3.672295094 -0.238160491 0.251931578 0.093395039 0.933320642
1403636995201666560.000000 3.381533146 4.720031261 3.644896507 -0.239630848 0.253318429 0.090134718 0.932889342
1403636995251666432.000000 3.353070974 4.692192078 3.615722895 -0.240555137 0.255122155 0.087506928 0.932410061
1403636995301666560.000000 3.325875521 4.663733482 3.584354401 -0.241352916 0.255578727 0.085205577 0.932291985
1403636995351666432.000000 3.298991203 4.633318424 3.548337460 0.241887718 -0.254474074 -0.083333082 -0.932624757
1403636995401666560.000000 3.272491455 4.603377342 3.513250351 0.242039084 -0.251592636 -0.081970066 -0.933487594
1403636995451666432.000000 3.246625423 4.572762966 3.476333380 0.241826788 -0.247892082 -0.081922047 -0.934536397
1403636995501666560.000000 3.220987320 4.541388035 3.437836647 0.241178915 -0.244153619 -0.082513317 -0.935635328
1403636995551666432.000000 3.201306581 4.509088516 3.405380964 -0.240870491 0.243013978 0.083085768 0.935960650
1403636995601666560.000000 3.177476883 4.477040291 3.364767551 -0.240977049 0.241062984 0.082807049 0.936462402
1403636995651666432.000000 3.153687239 4.445060253 3.324208975 -0.239665195 0.240937591 0.084934011 0.936640739
1403636995701666560.000000 3.129113436 4.413099289 3.284173489 -0.239535004 0.241210371 0.085282326 0.936572254
1403636995751666432.000000 3.103650570 4.381175518 3.245689869 -0.238624960 0.241180897 0.086657047 0.936685979
1403636995801666560.000000 3.076672792 4.349927902 3.208304405 -0.236638799 0.241433740 0.090516694 0.936759651
1403636995851666432.000000 3.048442602 4.319202423 3.172069550 -0.234012008 0.240767941 0.095047764 0.937142015
1403636995901666560.000000 3.014107943 4.287549496 3.136349678 0.232051522 -0.240054026 -0.098594449 -0.937446177
1403636995951666432.000000 2.983229637 4.258255959 3.101552963 0.230545416 -0.239177167 -0.101787493 -0.937700570
1403636996001666560.000000 2.951469898 4.229893684 3.067472935 0.230039686 -0.238315225 -0.103199147 -0.937889993
1403636996051666432.000000 2.929201841 4.214857101 3.049756765 -0.232142717 0.236289442 0.100612074 0.938165426
1403636996101666560.000000 2.896196127 4.188999653 3.017010212 -0.233808413 0.234716475 0.098705910 0.938349128
1403636996151666432.000000 2.863416433 4.163948536 2.984146595 -0.235894904 0.233622387 0.095918365 0.938388944
1403636996201666560.000000 2.831538200 4.139559746 2.950412273 -0.237532899 0.232304767 0.093650125 0.938531995
1403636996251666432.000000 2.801051617 4.115663528 2.916489601 -0.239239886 0.231330946 0.091362648 0.938564479
1403636996301666560.000000 2.773661852 4.092352867 2.881756306 -0.239774391 0.230921820 0.089109518 0.938745379
1403636996351666432.000000 2.748428822 4.068795681 2.846130610 -0.238418087 0.230149284 0.087759413 0.939407527
1403636996401666560.000000 2.719845057 4.044675350 2.809010267 0.236111447 -0.230431870 -0.085685402 -0.940112054
1403636996451666432.000000 2.707448006 4.029286385 2.784088612 -0.232939065 0.229400471 0.083048873 0.941391408
1403636996501666560.000000 2.686291218 4.004680634 2.745196342 -0.228984877 0.229662657 0.078820474 0.942660272
1403636996551666432.000000 2.666496277 3.980002880 2.705526114 -0.224468648 0.229160219 0.073812775 0.944272816
1403636996601666560.000000 2.647731304 3.955207109 2.665352345 -0.218080759 0.228121579 0.069675826 0.946333289
1403636996651666432.000000 2.629441977 3.930730820 2.626117229 -0.210595876 0.227793381 0.064790294 0.948452294
1403636996701666560.000000 2.609250546 3.906599283 2.589172602 -0.203132972 0.226190507 0.058721848 0.950855792
1403636996751666432.000000 2.582633018 3.882010221 2.555631399 0.194087386 -0.225299239 -0.053495519 -0.953262150
1403636996801666560.000000 2.568830490 3.865797043 2.540326595 -0.185206786 0.224062428 0.046933129 0.955663025
1403636996851666432.000000 2.540580750 3.842596769 2.511954546 -0.174875304 0.223268256 0.041840479 0.958028913
1403636996901666560.000000 2.511481285 3.819765806 2.485148191 -0.164342642 0.222471192 0.036074262 0.960310817
1403636996951666432.000000 2.481856346 3.797287226 2.459750652 -0.153202504 0.221763611 0.030874541 0.962495029
1403636997001666560.000000 2.452500343 3.775662184 2.435654402 -0.143201858 0.220886439 0.023841226 0.964434564
1403636997051666432.000000 2.423251390 3.754863501 2.412767649 -0.133335486 0.220453382 0.017894460 0.966075480
1403636997101666560.000000 2.391987562 3.735541105 2.396073103 0.124264859 -0.218756080 -0.012225759 -0.967757523
1403636997151666432.000000 2.361129761 3.716267586 2.376080275 0.116763629 -0.217708036 -0.007837659 -0.968972743
1403636997201666560.000000 2.330281258 3.697947979 2.357411385 0.110342264 -0.216885537 -0.004226394 -0.969931662
1403636997251666432.000000 2.314071894 3.682533026 2.359283924 -0.105282761 0.215781167 0.000315935 0.970749199
1403636997301666560.000000 2.284557581 3.665791512 2.342227221 -0.101282127 0.215085760 -0.002640546 0.971325397
1403636997351666432.000000 2.256527185 3.649429321 2.324632645 -0.098229617 0.214372337 -0.004778286 0.971788406
1403636997401666560.000000 2.231099129 3.633568764 2.306117058 -0.096320257 0.213687986 -0.007099152 0.972115993
1403636997451666432.000000 2.207887173 3.617974997 2.286526918 -0.094405212 0.214313209 -0.007841308 0.972160578
1403636997501666560.000000 2.186961412 3.602742672 2.266730070 -0.094100319 0.214101151 -0.009398740 0.972222984
1403636997551666432.000000 2.166733265 3.587861538 2.252294540 0.093802616 -0.213711828 0.010012966 -0.972331226
1403636997601666560.000000 2.155214548 3.570623159 2.238792419 -0.093863286 0.212746799 -0.009600939 0.972541213
1403636997651666432.000000 2.140763044 3.555673361 2.217692614 -0.094370268 0.212456152 -0.009531954 0.972556353
1403636997701666560.000000 2.128745317 3.540545464 2.196133375 -0.095466621 0.212004706 -0.009889869 0.972544253
1403636997751666432.000000 2.119080544 3.525597572 2.174600124 -0.097099558 0.211256921 -0.010232727 0.972541809
1403636997801666560.000000 2.111607313 3.510664940 2.152788401 -0.098466836 0.210014626 -0.009979337 0.972676039
1403636997851666432.000000 2.106482983 3.495137215 2.130271673 -0.099385351 0.210061774 -0.009677907 0.972575486
1403636997901666560.000000 2.103179216 3.481282711 2.109118462 0.101030476 -0.209631160 0.009393104 -0.972501636
1403636997951666432.000000 2.101518869 3.466172218 2.086223125 0.101499662 -0.209918931 0.008243393 -0.972401142
1403636998001666560.000000 2.101805210 3.451308250 2.062526703 0.102788799 -0.209700748 0.007710970 -0.972317159
1403636998051666432.000000 2.103515863 3.436364889 2.038760424 0.103876337 -0.209430113 0.006959596 -0.972265601
1403636998101666560.000000 2.111650467 3.426071882 2.045837641 -0.105086870 0.210240930 -0.005401397 0.971970379
1403636998151666432.000000 2.115314960 3.411231518 2.023274422 -0.105721816 0.211510137 -0.004627071 0.971630096
1403636998201666560.000000 2.118847847 3.396627426 2.002530098 -0.105312198 0.212759718 -0.002361000 0.971409857
1403636998251666432.000000 2.121767282 3.382311821 1.983507156 -0.105381228 0.212577507 -0.001396787 0.971444130
1403636998301666560.000000 2.124128580 3.368472099 1.966254830 -0.106851682 0.211952642 -0.001324085 0.971420169
1403636998351666432.000000 2.126123428 3.355189800 1.950814605 -0.107145175 0.212494373 -0.000696113 0.971270084
1403636998401666560.000000 2.125369787 3.344292879 1.939197779 0.107224099 -0.212675720 -0.000166042 -0.971221983
1403636998451666432.000000 2.126626015 3.332139969 1.926923752 0.107336164 -0.212786347 -0.001191651 -0.971184611
1403636998501666560.000000 2.129064322 3.320199966 1.914500475 0.107388169 -0.213394135 -0.002156892 -0.971043825
1403636998551666432.000000 2.133376122 3.308400393 1.901010156 0.108647913 -0.215733796 -0.000911069 -0.970388472
1403636998601666560.000000 2.149426937 3.294937134 1.891023874 -0.108857445 0.218678266 0.000969837 0.969705641
1403636998651666432.000000 2.157072306 3.283367872 1.875447273 -0.110900491 0.225740224 -0.002223212 0.967851996
1403636998701666560.000000 2.165707827 3.271287680 1.858709455 -0.111080118 0.232383922 -0.002933083 0.966255903
1403636998751666432.000000 2.174668312 3.259595394 1.840869784 -0.111646347 0.237684101 -0.004035715 0.964896381
1403636998801666560.000000 2.183748960 3.247600555 1.822407484 -0.113414593 0.240865320 -0.005798007 0.963891864
1403636998851666432.000000 2.189679623 3.236294746 1.803089619 0.115711614 -0.241763562 0.009466208 -0.963364720
1403636998901666560.000000 2.202847242 3.224947453 1.791874051 -0.117286019 0.242866606 -0.011183352 0.962878406
1403636998951666432.000000 2.207322598 3.212357521 1.774728656 -0.119029589 0.242717460 -0.012998831 0.962679207
1403636999001666560.000000 2.210278988 3.199280024 1.758415341 -0.120100424 0.242129669 -0.014169039 0.962677717
1403636999051666432.000000 2.211846828 3.185683727 1.742701650 -0.121621817 0.242504135 -0.016187832 0.962360620
1403636999101666560.000000 2.211632252 3.171531439 1.728067160 -0.122181430 0.241598934 -0.016610032 0.962510169
1403636999151666432.000000 2.212364674 3.156983614 1.715824246 0.123286135 -0.240367532 0.017314954 -0.962665141
1403636999201666560.000000 2.210076809 3.141596794 1.703451633 0.123667695 -0.238590747 0.017235702 -0.963059604
1403636999251666432.000000 2.206731081 3.125653028 1.691964865 0.123870276 -0.237475857 0.017126378 -0.963311017
1403636999301666560.000000 2.202276468 3.109072924 1.681512117 0.123084739 -0.236136973 0.015348907 -0.963770688
1403636999351666432.000000 2.196804762 3.092167377 1.671944022 0.121814556 -0.235075668 0.012649391 -0.964230657
1403636999401666560.000000 2.195363283 3.077618361 1.674950957 -0.120355144 0.235658348 -0.009954104 0.964303255
1403636999451666432.000000 2.188903332 3.060169697 1.667067647 -0.119123675 0.235745490 -0.007612745 0.964456141
1403636999501666560.000000 2.181643963 3.042483807 1.659937263 -0.118537731 0.236503288 -0.006769790 0.964349151
1403636999551666432.000000 2.173767805 3.024975061 1.653317571 -0.118314289 0.238570631 -0.005994812 0.963872373
1403636999601666560.000000 2.164988756 3.007217646 1.647348762 -0.117572352 0.240290955 -0.005037045 0.963541269
1403636999651666432.000000 2.155551434 2.989502430 1.641929150 -0.117397025 0.242122382 -0.004617689 0.963106155
1403636999701666560.000000 2.144466400 2.972212076 1.636855125 -0.117400050 0.243413553 -0.004177082 0.962782264
1403636999751666432.000000 2.135192871 2.950604916 1.630736113 0.117514275 -0.243652463 0.003806558 -0.962709486
1403636999801666560.000000 2.122567892 2.934041023 1.633749127 -0.118010059 0.244266137 -0.003431677 0.962494671
1403636999851666432.000000 2.108984470 2.915821075 1.628333449 -0.118460022 0.243798152 -0.003771839 0.962556839
1403636999901666560.000000 2.094389915 2.897590160 1.622872591 -0.119323783 0.243743345 -0.004605521 0.962460279
1403636999951666432.000000 2.079077721 2.879067898 1.617092133 -0.120451085 0.243683398 -0.005906670 0.962328017
1403637000001666560.000000 2.064059019 2.860247135 1.609972477 -0.122205690 0.243385613 -0.008456393 0.962163091
1403637000051666432.000000 2.049397707 2.840768576 1.601049185 -0.123238616 0.242615163 -0.010432107 0.962206483
1403637000101666560.000000 2.031553030 2.819644928 1.591151953 0.123627879 -0.241724879 0.010787051 -0.962376714
1403637000151666432.000000 2.025283337 2.797310352 1.585570574 -0.123416483 0.240958422 -0.010309477 0.962601244
1403637000201666560.000000 2.011727810 2.774903774 1.571573973 -0.122970790 0.239155814 -0.009973232 0.963111281
1403637000251666432.000000 1.998938084 2.752011299 1.557137966 -0.122479498 0.237951055 -0.008990283 0.963481903
1403637000301666560.000000 1.986193776 2.728808641 1.542667389 -0.122128695 0.236993611 -0.008435355 0.963767350
1403637000351666432.000000 1.973060846 2.705344200 1.528713703 -0.121684782 0.237167209 -0.007844727 0.963785768
1403637000401666560.000000 1.958945394 2.682014227 1.515125036 -0.120523363 0.238266423 -0.006384091 0.963671386
1403637000451666432.000000 1.942991972 2.658247709 1.503787756 0.121617645 -0.237851962 0.007845310 -0.963625550
1403637000501666560.000000 1.932655573 2.632790089 1.498397827 -0.122075252 0.238080665 -0.008295384 0.963507354
1403637000551666432.000000 1.916032314 2.608704567 1.486028790 -0.122669876 0.238045901 -0.008963907 0.963434458
1403637000601666560.000000 1.899556160 2.584048986 1.473233223 -0.122440003 0.237891391 -0.008897743 0.963502526
1403637000651666432.000000 1.883738637 2.558563948 1.459297538 -0.121572822 0.239154235 -0.007631674 0.963310540
1403637000701666560.000000 1.869418621 2.532676697 1.444157362 -0.121002294 0.239729986 -0.006723205 0.963245988
1403637000751666432.000000 1.856937408 2.506451607 1.427326441 -0.121117368 0.239983425 -0.007069055 0.963165998
1403637000801666560.000000 1.845890284 2.479698658 1.413459420 0.121199340 -0.240643874 0.006211082 -0.962996781
1403637000851666432.000000 1.833122969 2.455925941 1.390094399 -0.120321773 0.241720557 -0.004733868 0.962845564
1403637000901666560.000000 1.821262360 2.428541422 1.372607350 -0.120597951 0.241075471 -0.004553050 0.962973535
1403637000951666432.000000 1.808302283 2.401190758 1.355943680 -0.121045813 0.240822002 -0.004370126 0.962981641
1403637001001666560.000000 1.793812156 2.373913288 1.339959264 -0.121101014 0.241600424 -0.003835994 0.962781966
1403637001051666432.000000 1.777826667 2.346588373 1.324795961 -0.121083453 0.241859719 -0.003741256 0.962719440
1403637001101666560.000000 1.760894775 2.319096088 1.310202003 -0.121063851 0.241972908 -0.003005582 0.962696016
1403637001151666432.000000 1.745969296 2.291808605 1.297429681 0.121173441 -0.242078111 0.002940163 -0.962656021
1403637001201666560.000000 1.716464639 2.264008045 1.283139706 -0.120621383 0.243274406 -0.001598523 0.962426901
1403637001251666432.000000 1.699228406 2.236210346 1.267367125 -0.120414332 0.242866039 -0.000745530 0.962557018
1403637001301666560.000000 1.682803154 2.208246708 1.249469042 -0.120261855 0.243035972 -0.000384545 0.962533414
1403637001351666432.000000 1.667307138 2.180005550 1.229683161 -0.119664505 0.242372155 0.001122450 0.962774634
1403637001401666560.000000 1.653295040 2.151638746 1.208435297 -0.118917927 0.240984544 0.002608759 0.963212490
1403637001451666432.000000 1.639889002 2.122857094 1.186155558 -0.119176537 0.238096952 0.003010625 0.963897169
1403637001501666560.000000 1.619209766 2.094115019 1.165453672 -0.119473629 0.236135796 0.004005029 0.964339137
1403637001551666432.000000 1.606574535 2.065836906 1.142174721 -0.119925924 0.234541208 0.004714841 0.964668870
1403637001601666560.000000 1.593177319 2.037787437 1.119474053 -0.120359428 0.233355299 0.005119863 0.964900434
1403637001651666432.000000 1.578612089 2.010159016 1.097769141 -0.119746454 0.233049110 0.006757101 0.965040565
1403637001701666560.000000 1.563275456 1.982980490 1.076938748 -0.121064678 0.232914656 0.005642495 0.964915693
1403637001751666432.000000 1.546350002 1.956319571 1.057155848 -0.121597819 0.233083189 0.005887155 0.964806497
1403637001801666560.000000 1.530092001 1.929600954 1.037910819 0.121029049 -0.234739408 -0.006986583 -0.964469075
1403637001851666432.000000 1.498740315 1.906392097 1.019027948 -0.121663734 0.233214974 0.006674903 0.964761257
1403637001901666560.000000 1.479145288 1.880738735 1.002449274 -0.121953785 0.232195482 0.006781912 0.964969754
1403637001951666432.000000 1.458727717 1.855499744 0.986792684 -0.122417524 0.231807232 0.006658513 0.965005219
1403637002001666560.000000 1.437030792 1.830549717 0.972293258 -0.122567229 0.230450138 0.006728359 0.965310752
1403637002051666432.000000 1.415045857 1.805920243 0.958343863 -0.123333976 0.229842067 0.006089460 0.965362251
1403637002101666560.000000 1.392228603 1.781392932 0.945292294 -0.123199195 0.229200289 0.006899456 0.965526640
1403637002151666432.000000 1.369141579 1.755485296 0.929992020 0.123027951 -0.229847223 -0.006916255 -0.965394557
1403637002201666560.000000 1.336432934 1.735346675 0.914885581 -0.122881919 0.229454100 0.007067055 0.965505540
1403637002251666432.000000 1.312075734 1.711607695 0.903928936 -0.123175234 0.228933394 0.007001199 0.965592265
1403637002301666560.000000 1.287688732 1.688435674 0.893103302 -0.124061361 0.229093060 0.005892378 0.965448380
1403637002351666432.000000 1.263635516 1.665258169 0.881673992 -0.124508373 0.228887916 0.005109469 0.965443909
1403637002401666560.000000 1.241396546 1.642107487 0.870029688 -0.125374094 0.227980405 0.003711525 0.965552926
1403637002451666432.000000 1.220602870 1.618640304 0.857023001 -0.125942156 0.228613332 0.002829159 0.965332389
1403637002501666560.000000 1.201332331 1.594607472 0.842573583 0.126356170 -0.228930280 -0.001853401 -0.965205550
1403637002551666432.000000 1.178557992 1.571267128 0.821799874 -0.128064767 0.228696227 -0.001043916 0.965037048
1403637002601666560.000000 1.163562298 1.546599984 0.804887354 -0.128154874 0.229250655 -0.001002758 0.964893579
1403637002651666432.000000 1.149610996 1.521513343 0.786204457 -0.128640682 0.228984490 -0.001207900 0.964891851
1403637002701666560.000000 1.135621428 1.495996833 0.767116070 -0.129490972 0.228544861 -0.001409343 0.964882076
1403637002751666432.000000 1.121693134 1.470252633 0.748509049 -0.129698664 0.228228420 -0.000789876 0.964929760
1403637002801666560.000000 1.107350588 1.444499493 0.730400145 -0.130136147 0.228905290 -0.000557362 0.964710712
1403637002851666432.000000 1.090767622 1.417165041 0.710573435 0.129349366 -0.229345262 -0.001120597 -0.964711487
1403637002901666560.000000 1.073986769 1.391167879 0.694729447 0.128549993 -0.230236053 -0.003571643 -0.964600265
1403637002951666432.000000 1.055867434 1.365363717 0.680404007 0.128858820 -0.230235741 -0.004412191 -0.964555621
1403637003001666560.000000 1.036828995 1.339869618 0.667341650 0.129013002 -0.229829356 -0.005262065 -0.964627683
1403637003051666432.000000 1.013066649 1.314003944 0.650922656 -0.129020423 0.229900286 0.006260230 0.964603841
1403637003101666560.000000 0.992344975 1.289104342 0.640080571 -0.129543006 0.229412362 0.006949765 0.964645207
1403637003151666432.000000 0.971205175 1.264398575 0.630194545 -0.130263180 0.229815453 0.006852224 0.964452982
1403637003201666560.000000 0.949302793 1.240155458 0.621479928 -0.130712807 0.230113238 0.007718325 0.964314580
1403637003251666432.000000 0.926939487 1.216396689 0.613280416 -0.131577581 0.230509669 0.007742736 0.964102089
1403637003301666560.000000 0.905357003 1.192259192 0.604562342 -0.131257236 0.232010409 0.009068950 0.963774145
1403637003351666432.000000 0.884461164 1.167958498 0.595110595 -0.130941689 0.232888818 0.010259872 0.963593245
1403637003401666560.000000 0.864183724 1.140910268 0.583681166 0.131617695 -0.234243482 -0.009889628 -0.963176548
1403637003451666432.000000 0.843446076 1.114197493 0.568094015 -0.131676108 0.235717908 0.010213760 0.962805450
1403637003501666560.000000 0.826922178 1.089235187 0.554892540 -0.131713644 0.236359164 0.011384450 0.962629914
1403637003551666432.000000 0.811305583 1.063977242 0.540044546 -0.131624073 0.235974193 0.012161801 0.962727070
1403637003601666560.000000 0.796800196 1.038627386 0.523889899 -0.131671175 0.236015365 0.012893655 0.962701023
1403637003651666432.000000 0.783327639 1.013149977 0.506382108 -0.131737173 0.236073375 0.013502941 0.962669432
1403637003701666560.000000 0.769910693 0.987904012 0.488632262 -0.131925717 0.235692069 0.013747924 0.962733567
1403637003751666432.000000 0.755265713 0.961899400 0.468166679 0.131922722 -0.235311151 -0.013661591 -0.962828338
1403637003801666560.000000 0.738124430 0.935790062 0.451070994 -0.130778000 0.234981969 0.014759967 0.963048697
1403637003851666432.000000 0.721858203 0.911690295 0.434895754 -0.130946189 0.233039021 0.014127797 0.963507414
1403637003901666560.000000 0.704785585 0.888140142 0.419777989 -0.131326437 0.231725231 0.012562488 0.963794053
1403637003951666432.000000 0.686275840 0.864796519 0.406257957 -0.131076694 0.229095921 0.011634010 0.964468062
1403637004001666560.000000 0.666499674 0.841749370 0.393996716 -0.130990714 0.227114111 0.010297130 0.964963496
1403637004051666432.000000 0.645523548 0.819501877 0.383054882 -0.131572545 0.224431396 0.008454660 0.965529799
1403637004101666560.000000 0.624060214 0.796350777 0.372118860 0.130832985 -0.223545909 -0.008180226 -0.965838075
1403637004151666432.000000 0.602645934 0.771743178 0.362801135 -0.131270155 0.222673297 0.006565978 0.965992630
1403637004201666560.000000 0.581040621 0.749905884 0.354559839 -0.130646750 0.221375376 0.006598251 0.966375113
1403637004251666432.000000 0.561410427 0.727698088 0.345692486 -0.130241245 0.220885247 0.005676764 0.966547906
1403637004301666560.000000 0.543750226 0.705012023 0.335922301 -0.128474340 0.221254379 0.007122220 0.966690302
1403637004351666432.000000 0.527805209 0.682589889 0.325465739 -0.127916694 0.221141219 0.007953606 0.966783643
1403637004401666560.000000 0.514340758 0.660084128 0.314289331 -0.126983672 0.223367110 0.009434082 0.966381550
1403637004451666432.000000 0.503956258 0.640710831 0.302770615 0.126652151 -0.226078436 -0.010079847 -0.965787888
1403637004501666560.000000 0.498048007 0.612349451 0.284688532 -0.127480999 0.230745375 0.010126480 0.964573860
1403637004551666432.000000 0.491659999 0.589850008 0.267626286 -0.128310010 0.233819082 0.010103238 0.963723600
1403637004601666560.000000 0.485893011 0.567376733 0.248469815 -0.128070340 0.234937400 0.012593454 0.963454187
1403637004651666432.000000 0.480545640 0.544460654 0.227969885 -0.126133308 0.236087739 0.017875969 0.963344932
1403637004701666560.000000 0.474977553 0.521912336 0.207734078 -0.123740830 0.236574322 0.024000268 0.963402748
1403637004751666432.000000 0.467926919 0.500749230 0.188652873 -0.122313492 0.237520695 0.028768433 0.963221550
1403637004801666560.000000 0.455322921 0.480333805 0.169464409 0.120634168 -0.237697899 -0.033780079 -0.963226914
1403637004851666432.000000 0.442485571 0.461599052 0.154589057 0.120490156 -0.236341268 -0.036432359 -0.963482082
1403637004901666560.000000 0.426769614 0.444605380 0.142647788 0.120701551 -0.233258605 -0.038287062 -0.964134753
1403637004951666432.000000 0.415097773 0.423941672 0.134787187 -0.122136429 0.229063973 0.039294269 0.964918911
1403637005001666560.000000 0.395454317 0.410405934 0.127204612 -0.124336056 0.225647420 0.037645210 0.965508580
1403637005051666432.000000 0.375353783 0.398216367 0.120779082 -0.127394393 0.224295527 0.034318395 0.965548813
1403637005101666560.000000 0.355242878 0.387267619 0.114889696 -0.130447030 0.225375742 0.030852491 0.965006530
1403637005151666432.000000 0.335070401 0.377604634 0.109510131 -0.134271130 0.226029426 0.025983069 0.964472353
1403637005201666560.000000 0.314800024 0.368126780 0.105062731 -0.135566905 0.226876915 0.024400959 0.964133382
1403637005251666432.000000 0.299671382 0.357954115 0.106376573 0.137518734 -0.225409850 -0.022346383 -0.964250863
1403637005301666560.000000 0.278775007 0.348147631 0.101690158 -0.138325199 0.223020375 0.021332387 0.964713991
1403637005351666432.000000 0.258368939 0.339558274 0.100376874 -0.138636887 0.221055076 0.020745469 0.965134203
1403637005401666560.000000 0.238538593 0.331132352 0.099437788 -0.138572261 0.221215338 0.019434750 0.965134144
1403637005451666432.000000 0.219311833 0.322556555 0.098617285 -0.138302654 0.223668039 0.017424226 0.964645803
1403637005501666560.000000 0.200685650 0.313905865 0.097764462 -0.138511389 0.226188287 0.014762357 0.964072347
1403637005551666432.000000 0.183222607 0.305130512 0.095108286 0.137905955 -0.227597237 -0.013672943 -0.963843703
1403637005601666560.000000 0.169644579 0.295664370 0.090979338 -0.136311755 0.227646545 0.014315640 0.964049459
1403637005651666432.000000 0.155358538 0.285766095 0.086444266 -0.134237543 0.224332914 0.015975289 0.965090632
1403637005701666560.000000 0.143613175 0.275513142 0.080164291 -0.131289288 0.221082583 0.019495592 0.966180921
1403637005751666432.000000 0.134381682 0.265136659 0.071804062 -0.129253536 0.218776718 0.021937402 0.966927648
1403637005801666560.000000 0.128009409 0.255074829 0.061897885 -0.128781050 0.218479142 0.021745680 0.967062294
1403637005851666432.000000 0.122489661 0.244512334 0.050961979 0.129740015 -0.219771117 -0.019237205 -0.966694474
1403637005901666560.000000 0.118581943 0.235407233 0.040408760 0.130570680 -0.221163183 -0.017119892 -0.966304898
1403637005951666432.000000 0.114644736 0.226513863 0.030625710 0.131405711 -0.223081291 -0.015152800 -0.965783477
1403637006001666560.000000 0.110258326 0.217880309 0.021834679 0.132086456 -0.225128397 -0.013970070 -0.965233326
1403637006051666432.000000 0.105392858 0.209269986 0.013972683 0.131660476 -0.227062732 -0.014430840 -0.964831531
1403637006101666560.000000 0.104290023 0.200121388 0.009118568 -0.130853266 0.228357404 0.015537500 0.964618623
1403637006151666432.000000 0.098614067 0.191531867 0.002030383 -0.130645037 0.228977680 0.015620614 0.964498401
1403637006201666560.000000 0.092866287 0.182919487 -0.004743967 -0.130066797 0.228371963 0.016235048 0.964709997
1403637006251666432.000000 0.086694442 0.174563885 -0.011040185 -0.129436880 0.225677624 0.017525783 0.965405941
1403637006301666560.000000 0.080262125 0.166534483 -0.016730249 -0.128384441 0.221431777 0.019658547 0.966487944
1403637006351666432.000000 0.073881589 0.158896685 -0.021678792 -0.127635852 0.215242207 0.021405034 0.967947185
1403637006401666560.000000 0.063600346 0.153772175 -0.025656208 0.126813844 -0.210644946 -0.022901153 -0.969031751
1403637006451666432.000000 0.061693329 0.146460831 -0.027213413 -0.125363395 0.207322583 0.025696723 0.969866574
1403637006501666560.000000 0.056748502 0.140531749 -0.029891375 -0.122861102 0.206377760 0.029473508 0.970280707
1403637006551666432.000000 0.052781884 0.135478899 -0.032083459 -0.120131187 0.209901214 0.030719992 0.969828010
1403637006601666560.000000 0.049888227 0.131636471 -0.033734683 -0.118529670 0.214366123 0.028107621 0.969127357
1403637006651666432.000000 0.047338553 0.128542140 -0.034530740 -0.116037473 0.218780950 0.023795621 0.968557775
1403637006701666560.000000 0.042953238 0.126089603 -0.034537110 0.112804353 -0.222740605 -0.018279992 -0.968156874
1403637006751666432.000000 0.040599462 0.123891436 -0.034002945 0.108281717 -0.226499259 -0.012193474 -0.967896938
1403637006801666560.000000 0.037338857 0.122196503 -0.032756552 0.102146700 -0.229405105 -0.006762560 -0.967932701
1403637006851666432.000000 0.033676848 0.120991744 -0.030623216 0.094270691 -0.229228452 -0.002073545 -0.968794644
1403637006901666560.000000 0.028276768 0.122509733 -0.023955578 -0.085423723 0.228732526 -0.003640158 0.969727337
1403637006951666432.000000 0.024190105 0.122146554 -0.021036621 -0.076595373 0.226320550 -0.011467617 0.970968902
1403637007001666560.000000 0.020242043 0.121920504 -0.018762143 -0.068268247 0.224810153 -0.020095268 0.971800387
1403637007051666432.000000 0.016567476 0.122103244 -0.016179299 -0.060370568 0.224820077 -0.027584646 0.972137094
1403637007101666560.000000 0.012697549 0.122715086 -0.013429129 -0.053936280 0.224825606 -0.034799073 0.972282588
1403637007151666432.000000 0.008581281 0.123657428 -0.010608835 -0.047834605 0.225318328 -0.040807936 0.972254157
1403637007201666560.000000 0.009106323 0.121750437 -0.011782788 0.042416941 -0.226288423 0.045914371 -0.972052634
1403637007251666432.000000 0.000656858 0.124243915 -0.007030079 -0.038881384 0.229201660 -0.051472861 0.971239090
1403637007301666560.000000 -0.003759452 0.125418261 -0.004910666 -0.036589943 0.233136967 -0.057001732 0.970082104
1403637007351666432.000000 -0.008386385 0.126140639 -0.003127609 -0.034334652 0.236653686 -0.060526744 0.969098926
1403637007401666560.000000 -0.013884842 0.126455724 -0.001114256 0.033143546 -0.237516254 0.063381605 -0.968746781
1403637007451666432.000000 -0.020581741 0.126482189 0.000796657 0.031319734 -0.236096814 0.064031318 -0.969111621
1403637007501666560.000000 -0.025614703 0.126217455 0.001118313 0.030372772 -0.234595984 0.064935915 -0.969446003
1403637007551666432.000000 -0.035728671 0.125008300 0.001487733 -0.029923135 0.232420132 -0.065353259 0.969955981
1403637007601666560.000000 -0.044652395 0.123924784 0.003281772 -0.029297834 0.226915747 -0.064208411 0.971353829
1403637007651666432.000000 -0.053976078 0.122369029 0.005075644 -0.029715499 0.219618067 -0.063575760 0.973058581
1403637007701666560.000000 -0.063360631 0.120288834 0.006825767 -0.030220103 0.213072360 -0.062512487 0.974566162
1403637007751666432.000000 -0.071961194 0.117812164 0.008415826 -0.031352881 0.207656771 -0.062380791 0.975707114
1403637007801666560.000000 -0.079267450 0.114700794 0.009194708 0.032385271 -0.206983253 0.062458616 -0.975811541
1403637007851666432.000000 -0.086737551 0.110811807 0.009884834 -0.032777023 0.209370360 -0.061776198 0.975332499
1403637007901666560.000000 -0.092099190 0.106906854 0.011702075 -0.030870460 0.215917289 -0.057678670 0.974217653
1403637007951666432.000000 -0.096873052 0.102664523 0.013564861 -0.028509991 0.222677246 -0.052795593 0.973044038
1403637008001666560.000000 -0.101866275 0.098526545 0.015058648 -0.027777907 0.227698237 -0.050111357 0.972044706
1403637008051666432.000000 -0.107178092 0.094621345 0.015874630 -0.029075865 0.229510143 -0.049968693 0.971587837
1403637008101666560.000000 -0.113490000 0.090647280 0.016253736 0.031480651 -0.224982977 0.050279170 -0.972555220
1403637008151666432.000000 -0.119379558 0.086767174 0.018163320 -0.034146659 0.217094481 -0.050643120 0.974237800
1403637008201666560.000000 -0.125097454 0.083251417 0.018376295 -0.036205936 0.209444031 -0.050463594 0.975846231
1403637008251666432.000000 -0.129606873 0.079526931 0.018299337 -0.038367063 0.203182265 -0.050732072 0.977072835
1403637008301666560.000000 -0.132725164 0.075651176 0.018027736 -0.040993705 0.198635355 -0.052059904 0.977830946
1403637008351666432.000000 -0.134151146 0.071650900 0.017574530 -0.042817518 0.196735591 -0.052638527 0.978105903
1403637008401666560.000000 -0.133916229 0.066825323 0.017394384 -0.043804985 0.198411047 -0.052398100 0.977736533
1403637008451666432.000000 -0.131726354 0.061239049 0.018054778 0.043043304 -0.205352247 0.050397061 -0.976441503
1403637008501666560.000000 -0.128139555 0.056148417 0.020310437 -0.042307347 0.211981192 -0.048287798 0.975162804
1403637008551666432.000000 -0.124387227 0.050573364 0.020541999 -0.041581843 0.218218446 -0.046277542 0.973914862
1403637008601666560.000000 -0.121043772 0.045177978 0.021317650 -0.041154414 0.222892061 -0.044210672 0.972970188
1403637008651666432.000000 -0.118676737 0.039890371 0.022634802 -0.040763807 0.225970358 -0.042401731 0.972356856
1403637008701666560.000000 -0.117203332 0.034736425 0.024751937 -0.038690411 0.226986945 -0.037795197 0.972394764
1403637008751666432.000000 -0.117464513 0.029432505 0.026479259 0.035566147 -0.225561246 0.030962912 -0.973087132
1403637008801666560.000000 -0.118857786 0.026983723 0.033050783 -0.031591430 0.221965507 -0.023195138 0.974266589
1403637008851666432.000000 -0.120185152 0.024269728 0.036917437 -0.028383102 0.218371943 -0.017035341 0.975304008
1403637008901666560.000000 -0.121793292 0.023353826 0.041722599 -0.027066726 0.214920759 -0.013627469 0.976161301
1403637008951666432.000000 -0.123227373 0.024211485 0.047152605 -0.027329795 0.213730782 -0.012718556 0.976427436
1403637009001666560.000000 -0.124592364 0.027032724 0.053257052 -0.029930461 0.214252964 -0.015672624 0.976193786
1403637009051666432.000000 -0.125297174 0.030628620 0.059221141 -0.034073435 0.215443581 -0.021111967 0.975693345
1403637009101666560.000000 -0.126984313 0.036325846 0.066370301 -0.038411051 0.216229409 -0.026976541 0.975213706
1403637009151666432.000000 -0.129113913 0.042755887 0.073780440 -0.042261418 0.216803938 -0.032175906 0.974769115
1403637009201666560.000000 -0.131125912 0.049997196 0.081854768 -0.046590950 0.217199907 -0.038321245 0.974261224
1403637009251666432.000000 -0.133328319 0.058593750 0.090221345 0.051787902 -0.217087850 0.045777135 -0.973701954
1403637009301666560.000000 -0.136179268 0.066316038 0.098658189 -0.057508238 0.216024309 -0.054201536 0.973184705
1403637009351666432.000000 -0.137158573 0.073317878 0.110029012 -0.062522471 0.216771558 -0.061739776 0.972259879
1403637009401666560.000000 -0.136960074 0.078507319 0.115804419 -0.044153579 0.222519502 -0.050797973 0.972602248
1403637009451666432.000000 -0.137241617 0.084573627 0.119726613 -0.039642990 0.224025726 -0.059670087 0.971946716
1403637009501666560.000000 -0.135581404 0.087821767 0.118756644 -0.025986020 0.235417411 -0.059884019 0.969699681
1403637009551666432.000000 -0.137185186 0.090863377 0.124249741 -0.007084634 0.247477323 -0.050685123 0.967541158
1403637009601666560.000000 -0.139279842 0.094481915 0.127308324 0.010117298 0.269811660 -0.036990739 0.962149143
1403637009651666432.000000 -0.140029848 0.097364061 0.123182736 0.003046629 0.273802042 -0.036843363 0.961075366
1403637009701666560.000000 -0.147772536 0.100478590 0.125924394 -0.005297778 0.263614982 -0.028384300 0.964195788
1403637009751666432.000000 -0.147671059 0.102513760 0.123173669 -0.006477643 0.262702584 -0.024906173 0.964533627
1403637009801666560.000000 -0.146513045 0.102212362 0.124932908 -0.006775151 0.264982760 -0.025600385 0.963889480
1403637009851666432.000000 -0.146911785 0.101409994 0.126756355 -0.005232994 0.264899909 -0.024465878 0.963951290
1403637009901666560.000000 -0.146913916 0.101199791 0.128605649 -0.006368029 0.265198052 -0.026204208 0.963816822
1403637009951666432.000000 -0.147177234 0.099823423 0.127005339 -0.004877696 0.265264899 -0.024233202 0.963858664
1403637010001666560.000000 -0.146635741 0.101789966 0.126167715 -0.006137530 0.265388578 -0.026160384 0.963766992
1403637010051666432.000000 -0.147183746 0.100832373 0.126657709 -0.004988699 0.265172273 -0.024610354 0.963874042
1403637010101666560.000000 -0.147401184 0.100804709 0.126605228 -0.005666465 0.265162796 -0.025499439 0.963849843
1403637010151666432.000000 -0.147830233 0.100463614 0.126475841 -0.005347393 0.265103817 -0.025009049 0.963880658
1403637010201666560.000000 -0.149376631 0.101087973 0.126203880 -0.005479461 0.265324950 -0.025390651 0.963809073
1403637010251666432.000000 -0.148961723 0.101452418 0.124795832 -0.005406146 0.265254766 -0.025171898 0.963834643
1403637010301666560.000000 -0.149274200 0.101547070 0.123660840 -0.005241385 0.265011996 -0.025117530 0.963903725
1403637010351666432.000000 -0.149545878 0.101810373 0.122360662 -0.005390423 0.265108764 -0.025189692 0.963874459
1403637010401666560.000000 -0.149731025 0.101844534 0.121167123 -0.005281598 0.265030414 -0.025140829 0.963897765
1403637010451666432.000000 -0.150062263 0.101844713 0.120152451 -0.005301285 0.264895916 -0.025069313 0.963936567
1403637010501666560.000000 -0.150516659 0.101950616 0.119188331 -0.005296173 0.264831394 -0.025094168 0.963953674
1403637010551666432.000000 -0.150912330 0.101962164 0.118284643 -0.005392047 0.264818311 -0.025135575 0.963955581
1403637010601666560.000000 -0.151126325 0.101685472 0.117601156 -0.005214064 0.264686942 -0.025024366 0.963995576
