frame_index,timestamp,fov_width
0,1403638127.295097,22
0,1403638127.295097,22
0,1403638127.295097,22
0,1403638127.295097,22
0,1403638127.295097,22
0,1403638127.295097,22
0,1403638127.295097,22
0,1403638127.295097,22
0,1403638127.295097,22
0,1403638127.295097,22
1,1403638127.345097,22
1,1403638127.345097,22
1,1403638127.345097,22
1,1403638127.345097,22
1,1403638127.345097,22
1,1403638127.345097,22
1,1403638127.345097,22
1,1403638127.345097,22
1,1403638127.345097,22
1,1403638127.345097,22
2,1403638127.395097,22
2,1403638127.395097,22
2,1403638127.395097,22
2,1403638127.395097,22
2,1403638127.395097,22
2,1403638127.395097,22
2,1403638127.395097,22
2,1403638127.395097,22
2,1403638127.395097,22
2,1403638127.395097,22
3,1403638127.445097,22
3,1403638127.445097,22
3,1403638127.445097,22
3,1403638127.445097,22
3,1403638127.445097,22
3,1403638127.445097,22
3,1403638127.445097,22
3,1403638127.445097,22
3,1403638127.445097,22
3,1403638127.445097,22
4,1403638127.495097,22
4,1403638127.495097,22
4,1403638127.495097,22
4,1403638127.495097,22
4,1403638127.495097,22
4,1403638127.495097,22
4,1403638127.495097,22
4,1403638127.495097,22
4,1403638127.495097,22
4,1403638127.495097,22
5,1403638127.545097,22
5,1403638127.545097,22
5,1403638127.545097,22
5,1403638127.545097,22
5,1403638127.545097,22
5,1403638127.545097,22
5,1403638127.545097,22
5,1403638127.545097,22
5,1403638127.545097,22
5,1403638127.545097,22
6,1403638127.595097,22
6,1403638127.595097,22
6,1403638127.595097,22
6,1403638127.595097,22
6,1403638127.595097,22
6,1403638127.595097,22
6,1403638127.595097,22
6,1403638127.595097,22
6,1403638127.595097,22
6,1403638127.595097,22
7,1403638127.645097,22
7,1403638127.645097,22
7,1403638127.645097,22
7,1403638127.645097,22
7,1403638127.645097,22
7,1403638127.645097,22
7,1403638127.645097,22
7,1403638127.645097,22
7,1403638127.645097,22
7,1403638127.645097,22
8,1403638127.695097,22
8,1403638127.695097,22
8,1403638127.695097,22
8,1403638127.695097,22
8,1403638127.695097,22
8,1403638127.695097,22
8,1403638127.695097,22
8,1403638127.695097,22
8,1403638127.695097,22
8,1403638127.695097,22
9,1403638127.745097,22
9,1403638127.745097,22
9,1403638127.745097,22
9,1403638127.745097,22
9,1403638127.745097,22
9,1403638127.745097,22
9,1403638127.745097,22
9,1403638127.745097,22
9,1403638127.745097,22
9,1403638127.745097,22
10,1403638127.795097,22
10,1403638127.795097,22
10,1403638127.795097,22
10,1403638127.795097,22
10,1403638127.795097,22
10,1403638127.795097,22
10,1403638127.795097,22
10,1403638127.795097,22
10,1403638127.795097,22
10,1403638127.795097,22
11,1403638127.845097,22
11,1403638127.845097,22
11,1403638127.845097,22
11,1403638127.845097,22
11,1403638127.845097,22
11,1403638127.845097,22
11,1403638127.845097,22
11,1403638127.845097,22
11,1403638127.845097,22
11,1403638127.845097,22
12,1403638127.895097,22
12,1403638127.895097,22
12,1403638127.895097,22
12,1403638127.895097,22
12,1403638127.895097,22
12,1403638127.895097,22
12,1403638127.895097,22
12,1403638127.895097,22
12,1403638127.895097,22
12,1403638127.895097,22
13,1403638127.945097,22
13,1403638127.945097,22
13,1403638127.945097,22
13,1403638127.945097,22
13,1403638127.945097,22
13,1403638127.945097,22
13,1403638127.945097,22
13,1403638127.945097,22
13,1403638127.945097,22
13,1403638127.945097,22
14,1403638127.995097,22
14,1403638127.995097,22
14,1403638127.995097,22
14,1403638127.995097,22
14,1403638127.995097,22
14,1403638127.995097,22
14,1403638127.995097,22
14,1403638127.995097,22
14,1403638127.995097,22
14,1403638127.995097,22
15,1403638128.045097,22
15,1403638128.045097,22
15,1403638128.045097,22
15,1403638128.045097,22
15,1403638128.045097,22
15,1403638128.045097,22
15,1403638128.045097,22
15,1403638128.045097,22
15,1403638128.045097,22
15,1403638128.045097,22
16,1403638128.095097,22
16,1403638128.095097,22
16,1403638128.095097,22
16,1403638128.095097,22
16,1403638128.095097,22
16,1403638128.095097,22
16,1403638128.095097,22
16,1403638128.095097,22
16,1403638128.095097,22
16,1403638128.095097,22
17,1403638128.145097,22
17,1403638128.145097,22
17,1403638128.145097,22
17,1403638128.145097,22
17,1403638128.145097,22
17,1403638128.145097,22
17,1403638128.145097,22
17,1403638128.145097,22
17,1403638128.145097,22
17,1403638128.145097,22
18,1403638128.195097,22
18,1403638128.195097,22
18,1403638128.195097,22
18,1403638128.195097,22
18,1403638128.195097,22
18,1403638128.195097,22
18,1403638128.195097,22
18,1403638128.195097,22
18,1403638128.195097,22
18,1403638128.195097,22
19,1403638128.245097,22
19,1403638128.245097,22
19,1403638128.245097,22
19,1403638128.245097,22
19,1403638128.245097,22
19,1403638128.245097,22
19,1403638128.245097,22
19,1403638128.245097,22
19,1403638128.245097,22
19,1403638128.245097,22
20,1403638128.295097,22
20,1403638128.295097,22
20,1403638128.295097,22
20,1403638128.295097,22
20,1403638128.295097,22
20,1403638128.295097,22
20,1403638128.295097,22
20,1403638128.295097,22
20,1403638128.295097,22
20,1403638128.295097,22
21,1403638128.345097,22
21,1403638128.345097,22
21,1403638128.345097,22
21,1403638128.345097,22
21,1403638128.345097,22
21,1403638128.345097,22
21,1403638128.345097,22
21,1403638128.345097,22
21,1403638128.345097,22
21,1403638128.345097,22
22,1403638128.395097,22
22,1403638128.395097,22
22,1403638128.395097,22
22,1403638128.395097,22
22,1403638128.395097,22
22,1403638128.395097,22
22,1403638128.395097,22
22,1403638128.395097,22
22,1403638128.395097,22
22,1403638128.395097,22
23,1403638128.445097,22
23,1403638128.445097,22
23,1403638128.445097,22
23,1403638128.445097,22
23,1403638128.445097,22
23,1403638128.445097,22
23,1403638128.445097,22
23,1403638128.445097,22
23,1403638128.445097,22
23,1403638128.445097,22
24,1403638128.495097,22
24,1403638128.495097,22
24,1403638128.495097,22
24,1403638128.495097,22
24,1403638128.495097,22
24,1403638128.495097,22
24,1403638128.495097,22
24,1403638128.495097,22
24,1403638128.495097,22
24,1403638128.495097,22
25,1403638128.545097,22
25,1403638128.545097,22
25,1403638128.545097,22
25,1403638128.545097,22
25,1403638128.545097,22
25,1403638128.545097,22
25,1403638128.545097,22
25,1403638128.545097,22
25,1403638128.545097,22
25,1403638128.545097,22
26,1403638128.595097,22
26,1403638128.595097,22
26,1403638128.595097,22
26,1403638128.595097,22
26,1403638128.595097,22
26,1403638128.595097,22
26,1403638128.595097,22
26,1403638128.595097,22
26,1403638128.595097,22
26,1403638128.595097,22
27,1403638128.645097,22
27,1403638128.645097,22
27,1403638128.645097,22
27,1403638128.645097,22
27,1403638128.645097,22
27,1403638128.645097,22
27,1403638128.645097,22
27,1403638128.645097,22
27,1403638128.645097,22
27,1403638128.645097,22
28,1403638128.695097,22
28,1403638128.695097,22
28,1403638128.695097,22
28,1403638128.695097,22
28,1403638128.695097,22
28,1403638128.695097,22
28,1403638128.695097,22
28,1403638128.695097,22
28,1403638128.695097,22
28,1403638128.695097,22
29,1403638128.745097,22
29,1403638128.745097,22
29,1403638128.745097,22
29,1403638128.745097,22
29,1403638128.745097,22
29,1403638128.745097,22
29,1403638128.745097,22
29,1403638128.745097,22
29,1403638128.745097,22
29,1403638128.745097,22
30,1403638128.795097,22
30,1403638128.795097,22
30,1403638128.795097,22
30,1403638128.795097,22
30,1403638128.795097,22
30,1403638128.795097,22
30,1403638128.795097,22
30,1403638128.795097,22
30,1403638128.795097,22
30,1403638128.795097,22
31,1403638128.845097,22
31,1403638128.845097,22
31,1403638128.845097,22
31,1403638128.845097,22
31,1403638128.845097,22
31,1403638128.845097,22
31,1403638128.845097,22
31,1403638128.845097,22
31,1403638128.845097,22
31,1403638128.845097,22
32,1403638128.895097,22
32,1403638128.895097,22
32,1403638128.895097,22
32,1403638128.895097,22
32,1403638128.895097,22
32,1403638128.895097,22
32,1403638128.895097,22
32,1403638128.895097,22
32,1403638128.895097,22
32,1403638128.895097,22
33,1403638128.945097,22
33,1403638128.945097,22
33,1403638128.945097,22
33,1403638128.945097,22
33,1403638128.945097,22
33,1403638128.945097,22
33,1403638128.945097,22
33,1403638128.945097,22
33,1403638128.945097,22
33,1403638128.945097,22
34,1403638128.995097,22
34,1403638128.995097,22
34,1403638128.995097,22
34,1403638128.995097,22
34,1403638128.995097,22
34,1403638128.995097,22
34,1403638128.995097,22
34,1403638128.995097,22
34,1403638128.995097,22
34,1403638128.995097,22
35,1403638129.045097,22
35,1403638129.045097,22
35,1403638129.045097,22
35,1403638129.045097,22
35,1403638129.045097,22
35,1403638129.045097,22
35,1403638129.045097,22
35,1403638129.045097,22
35,1403638129.045097,22
35,1403638129.045097,22
36,1403638129.095097,22
36,1403638129.095097,22
36,1403638129.095097,22
36,1403638129.095097,22
36,1403638129.095097,22
36,1403638129.095097,22
36,1403638129.095097,22
36,1403638129.095097,22
36,1403638129.095097,22
36,1403638129.095097,22
37,1403638129.145097,22
37,1403638129.145097,22
37,1403638129.145097,22
37,1403638129.145097,22
37,1403638129.145097,22
37,1403638129.145097,22
37,1403638129.145097,22
37,1403638129.145097,22
37,1403638129.145097,22
37,1403638129.145097,22
38,1403638129.195097,22
38,1403638129.195097,22
38,1403638129.195097,22
38,1403638129.195097,22
38,1403638129.195097,22
38,1403638129.195097,22
38,1403638129.195097,22
38,1403638129.195097,22
38,1403638129.195097,22
38,1403638129.195097,22
39,1403638129.245097,22
39,1403638129.245097,22
39,1403638129.245097,22
39,1403638129.245097,22
39,1403638129.245097,22
39,1403638129.245097,22
39,1403638129.245097,22
39,1403638129.245097,22
39,1403638129.245097,22
39,1403638129.245097,22
40,1403638129.295097,22
40,1403638129.295097,22
40,1403638129.295097,22
40,1403638129.295097,22
40,1403638129.295097,22
40,1403638129.295097,22
40,1403638129.295097,22
40,1403638129.295097,22
40,1403638129.295097,22
40,1403638129.295097,22
41,1403638129.345097,22
41,1403638129.345097,22
41,1403638129.345097,22
41,1403638129.345097,22
41,1403638129.345097,22
41,1403638129.345097,22
41,1403638129.345097,22
41,1403638129.345097,22
41,1403638129.345097,22
41,1403638129.345097,22
42,1403638129.395097,22
42,1403638129.395097,22
42,1403638129.395097,22
42,1403638129.395097,22
42,1403638129.395097,22
42,1403638129.395097,22
42,1403638129.395097,22
42,1403638129.395097,22
42,1403638129.395097,22
42,1403638129.395097,22
43,1403638129.445097,22
43,1403638129.445097,22
43,1403638129.445097,22
43,1403638129.445097,22
43,1403638129.445097,22
43,1403638129.445097,22
43,1403638129.445097,22
43,1403638129.445097,22
43,1403638129.445097,22
43,1403638129.445097,22
44,1403638129.495097,22
44,1403638129.495097,22
44,1403638129.495097,22
44,1403638129.495097,22
44,1403638129.495097,22
44,1403638129.495097,22
44,1403638129.495097,22
44,1403638129.495097,22
44,1403638129.495097,22
44,1403638129.495097,22
45,1403638129.545097,22
45,1403638129.545097,22
45,1403638129.545097,22
45,1403638129.545097,22
45,1403638129.545097,22
45,1403638129.545097,22
45,1403638129.545097,22
45,1403638129.545097,22
45,1403638129.545097,22
45,1403638129.545097,22
46,1403638129.595097,22
46,1403638129.595097,22
46,1403638129.595097,22
46,1403638129.595097,22
46,1403638129.595097,22
46,1403638129.595097,22
46,1403638129.595097,22
46,1403638129.595097,22
46,1403638129.595097,22
46,1403638129.595097,22
47,1403638129.645097,22
47,1403638129.645097,22
47,1403638129.645097,22
47,1403638129.645097,22
47,1403638129.645097,22
47,1403638129.645097,22
47,1403638129.645097,22
47,1403638129.645097,22
47,1403638129.645097,22
47,1403638129.645097,22
48,1403638129.695097,22
48,1403638129.695097,22
48,1403638129.695097,22
48,1403638129.695097,22
48,1403638129.695097,22
48,1403638129.695097,22
48,1403638129.695097,22
48,1403638129.695097,22
48,1403638129.695097,22
48,1403638129.695097,22
49,1403638129.745097,22
49,1403638129.745097,22
49,1403638129.745097,22
49,1403638129.745097,22
49,1403638129.745097,22
49,1403638129.745097,22
49,1403638129.745097,22
49,1403638129.745097,22
49,1403638129.745097,22
49,1403638129.745097,22
50,1403638129.795097,22
50,1403638129.795097,22
50,1403638129.795097,22
50,1403638129.795097,22
50,1403638129.795097,22
50,1403638129.795097,22
50,1403638129.795097,22
50,1403638129.795097,22
50,1403638129.795097,22
50,1403638129.795097,22
51,1403638129.845097,22
51,1403638129.845097,22
51,1403638129.845097,22
51,1403638129.845097,22
51,1403638129.845097,22
51,1403638129.845097,22
51,1403638129.845097,22
51,1403638129.845097,22
51,1403638129.845097,22
51,1403638129.845097,22
52,1403638129.895097,22
52,1403638129.895097,22
52,1403638129.895097,22
52,1403638129.895097,22
52,1403638129.895097,22
52,1403638129.895097,22
52,1403638129.895097,22
52,1403638129.895097,22
52,1403638129.895097,22
52,1403638129.895097,22
53,1403638129.945097,22
53,1403638129.945097,14
53,1403638129.945097,22
53,1403638129.945097,22
53,1403638129.945097,22
53,1403638129.945097,22
53,1403638129.945097,22
53,1403638129.945097,22
53,1403638129.945097,22
53,1403638129.945097,22
54,1403638129.995097,22
54,1403638129.995097,22
54,1403638129.995097,22
54,1403638129.995097,22
54,1403638129.995097,22
54,1403638129.995097,22
54,1403638129.995097,22
54,1403638129.995097,22
54,1403638129.995097,22
54,1403638129.995097,22
55,1403638130.045097,22
55,1403638130.045097,22
55,1403638130.045097,22
55,1403638130.045097,22
55,1403638130.045097,22
55,1403638130.045097,22
55,1403638130.045097,22
55,1403638130.045097,22
55,1403638130.045097,22
55,1403638130.045097,22
56,1403638130.095097,22
56,1403638130.095097,22
56,1403638130.095097,22
56,1403638130.095097,22
56,1403638130.095097,22
56,1403638130.095097,22
56,1403638130.095097,22
56,1403638130.095097,22
56,1403638130.095097,22
56,1403638130.095097,22
57,1403638130.145097,22
57,1403638130.145097,22
57,1403638130.145097,22
57,1403638130.145097,22
57,1403638130.145097,22
57,1403638130.145097,22
57,1403638130.145097,15
57,1403638130.145097,22
57,1403638130.145097,22
57,1403638130.145097,22
58,1403638130.195097,22
58,1403638130.195097,22
58,1403638130.195097,22
58,1403638130.195097,22
58,1403638130.195097,15
58,1403638130.195097,22
58,1403638130.195097,22
58,1403638130.195097,22
58,1403638130.195097,22
58,1403638130.195097,22
59,1403638130.245097,15
59,1403638130.245097,22
59,1403638130.245097,22
59,1403638130.245097,22
59,1403638130.245097,22
59,1403638130.245097,22
59,1403638130.245097,22
59,1403638130.245097,22
59,1403638130.245097,22
59,1403638130.245097,14
60,1403638130.295097,22
60,1403638130.295097,22
60,1403638130.295097,22
60,1403638130.295097,22
60,1403638130.295097,22
60,1403638130.295097,22
60,1403638130.295097,22
60,1403638130.295097,22
60,1403638130.295097,22
60,1403638130.295097,22
61,1403638130.345097,22
61,1403638130.345097,22
61,1403638130.345097,22
61,1403638130.345097,22
61,1403638130.345097,22
61,1403638130.345097,22
61,1403638130.345097,22
61,1403638130.345097,15
61,1403638130.345097,22
61,1403638130.345097,22
62,1403638130.395097,22
62,1403638130.395097,22
62,1403638130.395097,22
62,1403638130.395097,22
62,1403638130.395097,22
62,1403638130.395097,22
62,1403638130.395097,22
62,1403638130.395097,22
62,1403638130.395097,22
62,1403638130.395097,22
63,1403638130.445097,22
63,1403638130.445097,22
63,1403638130.445097,22
63,1403638130.445097,22
63,1403638130.445097,22
63,1403638130.445097,22
63,1403638130.445097,15
63,1403638130.445097,22
63,1403638130.445097,15
63,1403638130.445097,22
64,1403638130.495097,22
64,1403638130.495097,22
64,1403638130.495097,22
64,1403638130.495097,14
64,1403638130.495097,14
64,1403638130.495097,22
64,1403638130.495097,15
64,1403638130.495097,22
64,1403638130.495097,22
64,1403638130.495097,22
65,1403638130.545097,22
65,1403638130.545097,22
65,1403638130.545097,22
65,1403638130.545097,14
65,1403638130.545097,15
65,1403638130.545097,15
65,1403638130.545097,15
65,1403638130.545097,15
65,1403638130.545097,14
65,1403638130.545097,22
66,1403638130.595097,22
66,1403638130.595097,22
66,1403638130.595097,22
66,1403638130.595097,22
66,1403638130.595097,14
66,1403638130.595097,22
66,1403638130.595097,22
66,1403638130.595097,22
66,1403638130.595097,22
66,1403638130.595097,22
67,1403638130.645097,22
67,1403638130.645097,22
67,1403638130.645097,22
67,1403638130.645097,14
67,1403638130.645097,22
67,1403638130.645097,22
67,1403638130.645097,15
67,1403638130.645097,15
67,1403638130.645097,14
67,1403638130.645097,14
68,1403638130.695097,22
68,1403638130.695097,14
68,1403638130.695097,14
68,1403638130.695097,22
68,1403638130.695097,22
68,1403638130.695097,22
68,1403638130.695097,15
68,1403638130.695097,15
68,1403638130.695097,22
68,1403638130.695097,14
69,1403638130.745097,22
69,1403638130.745097,22
69,1403638130.745097,22
69,1403638130.745097,22
69,1403638130.745097,22
69,1403638130.745097,15
69,1403638130.745097,22
69,1403638130.745097,22
69,1403638130.745097,22
69,1403638130.745097,14
70,1403638130.795097,15
70,1403638130.795097,22
70,1403638130.795097,22
70,1403638130.795097,22
70,1403638130.795097,22
70,1403638130.795097,15
70,1403638130.795097,15
70,1403638130.795097,15
70,1403638130.795097,14
70,1403638130.795097,22
71,1403638130.845097,15
71,1403638130.845097,15
71,1403638130.845097,22
71,1403638130.845097,22
71,1403638130.845097,14
71,1403638130.845097,22
71,1403638130.845097,15
71,1403638130.845097,22
71,1403638130.845097,14
71,1403638130.845097,22
72,1403638130.895097,22
72,1403638130.895097,22
72,1403638130.895097,22
72,1403638130.895097,22
72,1403638130.895097,15
72,1403638130.895097,22
72,1403638130.895097,22
72,1403638130.895097,22
72,1403638130.895097,22
72,1403638130.895097,22
73,1403638130.945097,22
73,1403638130.945097,22
73,1403638130.945097,14
73,1403638130.945097,14
73,1403638130.945097,22
73,1403638130.945097,14
73,1403638130.945097,14
73,1403638130.945097,22
73,1403638130.945097,22
73,1403638130.945097,22
74,1403638130.995097,22
74,1403638130.995097,22
74,1403638130.995097,22
74,1403638130.995097,15
74,1403638130.995097,15
74,1403638130.995097,22
74,1403638130.995097,14
74,1403638130.995097,15
74,1403638130.995097,14
74,1403638130.995097,22
75,1403638131.045097,22
75,1403638131.045097,22
75,1403638131.045097,22
75,1403638131.045097,14
75,1403638131.045097,15
75,1403638131.045097,14
75,1403638131.045097,14
75,1403638131.045097,22
75,1403638131.045097,22
75,1403638131.045097,15
76,1403638131.095097,22
76,1403638131.095097,22
76,1403638131.095097,22
76,1403638131.095097,22
76,1403638131.095097,22
76,1403638131.095097,15
76,1403638131.095097,14
76,1403638131.095097,22
76,1403638131.095097,15
76,1403638131.095097,15
77,1403638131.145097,22
77,1403638131.145097,22
77,1403638131.145097,22
77,1403638131.145097,14
77,1403638131.145097,22
77,1403638131.145097,14
77,1403638131.145097,22
77,1403638131.145097,22
77,1403638131.145097,15
77,1403638131.145097,22
78,1403638131.195097,22
78,1403638131.195097,22
78,1403638131.195097,22
78,1403638131.195097,14
78,1403638131.195097,14
78,1403638131.195097,22
78,1403638131.195097,13
78,1403638131.195097,22
78,1403638131.195097,22
78,1403638131.195097,22
79,1403638131.245097,22
79,1403638131.245097,22
79,1403638131.245097,15
79,1403638131.245097,14
79,1403638131.245097,22
79,1403638131.245097,15
79,1403638131.245097,22
79,1403638131.245097,22
79,1403638131.245097,22
79,1403638131.245097,22
80,1403638131.295097,22
80,1403638131.295097,22
80,1403638131.295097,22
80,1403638131.295097,22
80,1403638131.295097,22
80,1403638131.295097,22
80,1403638131.295097,22
80,1403638131.295097,22
80,1403638131.295097,15
80,1403638131.295097,22
81,1403638131.345097,22
81,1403638131.345097,22
81,1403638131.345097,22
81,1403638131.345097,22
81,1403638131.345097,15
81,1403638131.345097,14
81,1403638131.345097,22
81,1403638131.345097,14
81,1403638131.345097,15
81,1403638131.345097,15
82,1403638131.395097,14
82,1403638131.395097,14
82,1403638131.395097,22
82,1403638131.395097,22
82,1403638131.395097,15
82,1403638131.395097,22
82,1403638131.395097,14
82,1403638131.395097,14
82,1403638131.395097,22
82,1403638131.395097,15
83,1403638131.445097,22
83,1403638131.445097,14
83,1403638131.445097,22
83,1403638131.445097,15
83,1403638131.445097,14
83,1403638131.445097,22
83,1403638131.445097,14
83,1403638131.445097,22
83,1403638131.445097,14
83,1403638131.445097,22
84,1403638131.495097,15
84,1403638131.495097,22
84,1403638131.495097,15
84,1403638131.495097,22
84,1403638131.495097,22
84,1403638131.495097,15
84,1403638131.495097,14
84,1403638131.495097,22
84,1403638131.495097,14
84,1403638131.495097,22
85,1403638131.545097,14
85,1403638131.545097,22
85,1403638131.545097,22
85,1403638131.545097,22
85,1403638131.545097,22
85,1403638131.545097,22
85,1403638131.545097,14
85,1403638131.545097,22
85,1403638131.545097,15
85,1403638131.545097,22
86,1403638131.595097,14
86,1403638131.595097,22
86,1403638131.595097,22
86,1403638131.595097,22
86,1403638131.595097,14
86,1403638131.595097,14
86,1403638131.595097,14
86,1403638131.595097,22
86,1403638131.595097,22
86,1403638131.595097,22
87,1403638131.645097,14
87,1403638131.645097,22
87,1403638131.645097,22
87,1403638131.645097,14
87,1403638131.645097,14
87,1403638131.645097,22
87,1403638131.645097,22
87,1403638131.645097,15
87,1403638131.645097,14
87,1403638131.645097,22
88,1403638131.695097,22
88,1403638131.695097,22
88,1403638131.695097,14
88,1403638131.695097,22
88,1403638131.695097,22
88,1403638131.695097,15
88,1403638131.695097,14
88,1403638131.695097,22
88,1403638131.695097,22
88,1403638131.695097,22
89,1403638131.745097,14
89,1403638131.745097,22
89,1403638131.745097,22
89,1403638131.745097,14
89,1403638131.745097,14
89,1403638131.745097,22
89,1403638131.745097,22
89,1403638131.745097,22
89,1403638131.745097,22
89,1403638131.745097,22
90,1403638131.795097,15
90,1403638131.795097,22
90,1403638131.795097,14
90,1403638131.795097,15
90,1403638131.795097,22
90,1403638131.795097,22
90,1403638131.795097,22
90,1403638131.795097,15
90,1403638131.795097,22
90,1403638131.795097,22
91,1403638131.845097,22
91,1403638131.845097,22
91,1403638131.845097,15
91,1403638131.845097,22
91,1403638131.845097,14
91,1403638131.845097,22
91,1403638131.845097,22
91,1403638131.845097,22
91,1403638131.845097,22
91,1403638131.845097,22
92,1403638131.895097,22
92,1403638131.895097,15
92,1403638131.895097,22
92,1403638131.895097,14
92,1403638131.895097,22
92,1403638131.895097,22
92,1403638131.895097,22
92,1403638131.895097,22
92,1403638131.895097,22
92,1403638131.895097,14
93,1403638131.945097,14
93,1403638131.945097,22
93,1403638131.945097,22
93,1403638131.945097,22
93,1403638131.945097,22
93,1403638131.945097,22
93,1403638131.945097,22
93,1403638131.945097,22
93,1403638131.945097,22
93,1403638131.945097,22
94,1403638131.995097,22
94,1403638131.995097,14
94,1403638131.995097,22
94,1403638131.995097,22
94,1403638131.995097,22
94,1403638131.995097,22
94,1403638131.995097,14
94,1403638131.995097,14
94,1403638131.995097,22
94,1403638131.995097,22
95,1403638132.045097,22
95,1403638132.045097,22
95,1403638132.045097,22
95,1403638132.045097,14
95,1403638132.045097,22
95,1403638132.045097,22
95,1403638132.045097,15
95,1403638132.045097,22
95,1403638132.045097,22
95,1403638132.045097,22
96,1403638132.095097,14
96,1403638132.095097,15
96,1403638132.095097,22
96,1403638132.095097,22
96,1403638132.095097,22
96,1403638132.095097,15
96,1403638132.095097,22
96,1403638132.095097,14
96,1403638132.095097,22
96,1403638132.095097,22
97,1403638132.145097,22
97,1403638132.145097,14
97,1403638132.145097,15
97,1403638132.145097,22
97,1403638132.145097,22
97,1403638132.145097,22
97,1403638132.145097,14
97,1403638132.145097,22
97,1403638132.145097,15
97,1403638132.145097,22
98,1403638132.195097,14
98,1403638132.195097,14
98,1403638132.195097,22
98,1403638132.195097,22
98,1403638132.195097,15
98,1403638132.195097,14
98,1403638132.195097,14
98,1403638132.195097,14
98,1403638132.195097,22
98,1403638132.195097,22
99,1403638132.245097,15
99,1403638132.245097,22
99,1403638132.245097,22
99,1403638132.245097,22
99,1403638132.245097,22
99,1403638132.245097,15
99,1403638132.245097,14
99,1403638132.245097,22
99,1403638132.245097,22
99,1403638132.245097,14
100,1403638132.295097,22
100,1403638132.295097,15
100,1403638132.295097,22
100,1403638132.295097,22
100,1403638132.295097,14
100,1403638132.295097,22
100,1403638132.295097,14
100,1403638132.295097,22
100,1403638132.295097,14
100,1403638132.295097,14
101,1403638132.345097,22
101,1403638132.345097,14
101,1403638132.345097,22
101,1403638132.345097,22
101,1403638132.345097,14
101,1403638132.345097,15
101,1403638132.345097,22
101,1403638132.345097,15
101,1403638132.345097,22
101,1403638132.345097,14
102,1403638132.395097,22
102,1403638132.395097,14
102,1403638132.395097,22
102,1403638132.395097,22
102,1403638132.395097,15
102,1403638132.395097,22
102,1403638132.395097,13
102,1403638132.395097,15
102,1403638132.395097,22
102,1403638132.395097,22
103,1403638132.445097,22
103,1403638132.445097,22
103,1403638132.445097,22
103,1403638132.445097,22
103,1403638132.445097,14
103,1403638132.445097,22
103,1403638132.445097,13
103,1403638132.445097,22
103,1403638132.445097,22
103,1403638132.445097,15
104,1403638132.495097,14
104,1403638132.495097,22
104,1403638132.495097,15
104,1403638132.495097,22
104,1403638132.495097,13
104,1403638132.495097,22
104,1403638132.495097,22
104,1403638132.495097,22
104,1403638132.495097,22
104,1403638132.495097,14
105,1403638132.545097,22
105,1403638132.545097,14
105,1403638132.545097,22
105,1403638132.545097,22
105,1403638132.545097,15
105,1403638132.545097,15
105,1403638132.545097,15
105,1403638132.545097,22
105,1403638132.545097,22
105,1403638132.545097,22
106,1403638132.595097,22
106,1403638132.595097,22
106,1403638132.595097,22
106,1403638132.595097,22
106,1403638132.595097,22
106,1403638132.595097,22
106,1403638132.595097,14
106,1403638132.595097,15
106,1403638132.595097,22
106,1403638132.595097,22
107,1403638132.645097,15
107,1403638132.645097,14
107,1403638132.645097,22
107,1403638132.645097,22
107,1403638132.645097,14
107,1403638132.645097,22
107,1403638132.645097,13
107,1403638132.645097,22
107,1403638132.645097,22
107,1403638132.645097,22
108,1403638132.695097,22
108,1403638132.695097,22
108,1403638132.695097,14
108,1403638132.695097,22
108,1403638132.695097,14
108,1403638132.695097,22
108,1403638132.695097,14
108,1403638132.695097,22
108,1403638132.695097,22
108,1403638132.695097,14
109,1403638132.745097,22
109,1403638132.745097,22
109,1403638132.745097,22
109,1403638132.745097,15
109,1403638132.745097,22
109,1403638132.745097,13
109,1403638132.745097,22
109,1403638132.745097,14
109,1403638132.745097,22
109,1403638132.745097,14
110,1403638132.795097,22
110,1403638132.795097,22
110,1403638132.795097,22
110,1403638132.795097,14
110,1403638132.795097,13
110,1403638132.795097,22
110,1403638132.795097,22
110,1403638132.795097,14
110,1403638132.795097,22
110,1403638132.795097,14
111,1403638132.845097,14
111,1403638132.845097,14
111,1403638132.845097,22
111,1403638132.845097,22
111,1403638132.845097,22
111,1403638132.845097,22
111,1403638132.845097,13
111,1403638132.845097,22
111,1403638132.845097,22
111,1403638132.845097,14
112,1403638132.895097,22
112,1403638132.895097,15
112,1403638132.895097,22
112,1403638132.895097,22
112,1403638132.895097,13
112,1403638132.895097,14
112,1403638132.895097,14
112,1403638132.895097,14
112,1403638132.895097,15
112,1403638132.895097,14
113,1403638132.945097,22
113,1403638132.945097,14
113,1403638132.945097,22
113,1403638132.945097,22
113,1403638132.945097,22
113,1403638132.945097,14
113,1403638132.945097,13
113,1403638132.945097,22
113,1403638132.945097,22
113,1403638132.945097,14
114,1403638132.995097,15
114,1403638132.995097,22
114,1403638132.995097,22
114,1403638132.995097,15
114,1403638132.995097,22
114,1403638132.995097,14
114,1403638132.995097,13
114,1403638132.995097,22
114,1403638132.995097,22
114,1403638132.995097,22
115,1403638133.045097,22
115,1403638133.045097,22
115,1403638133.045097,22
115,1403638133.045097,22
115,1403638133.045097,14
115,1403638133.045097,22
115,1403638133.045097,22
115,1403638133.045097,22
115,1403638133.045097,22
115,1403638133.045097,22
116,1403638133.095097,22
116,1403638133.095097,22
116,1403638133.095097,22
116,1403638133.095097,22
116,1403638133.095097,22
116,1403638133.095097,22
116,1403638133.095097,22
116,1403638133.095097,22
116,1403638133.095097,22
116,1403638133.095097,22
117,1403638133.145097,22
117,1403638133.145097,22
117,1403638133.145097,14
117,1403638133.145097,14
117,1403638133.145097,13
117,1403638133.145097,22
117,1403638133.145097,22
117,1403638133.145097,22
117,1403638133.145097,22
117,1403638133.145097,22
118,1403638133.195097,22
118,1403638133.195097,22
118,1403638133.195097,22
118,1403638133.195097,22
118,1403638133.195097,22
118,1403638133.195097,13
118,1403638133.195097,22
118,1403638133.195097,14
118,1403638133.195097,22
118,1403638133.195097,13
119,1403638133.245097,22
119,1403638133.245097,22
119,1403638133.245097,15
119,1403638133.245097,22
119,1403638133.245097,22
119,1403638133.245097,22
119,1403638133.245097,22
119,1403638133.245097,13
119,1403638133.245097,22
119,1403638133.245097,22
120,1403638133.295097,22
120,1403638133.295097,22
120,1403638133.295097,14
120,1403638133.295097,22
120,1403638133.295097,22
120,1403638133.295097,14
120,1403638133.295097,13
120,1403638133.295097,14
120,1403638133.295097,14
120,1403638133.295097,22
121,1403638133.345097,22
121,1403638133.345097,22
121,1403638133.345097,22
121,1403638133.345097,22
121,1403638133.345097,22
121,1403638133.345097,13
121,1403638133.345097,13
121,1403638133.345097,13
121,1403638133.345097,22
121,1403638133.345097,14
122,1403638133.395097,22
122,1403638133.395097,15
122,1403638133.395097,22
122,1403638133.395097,22
122,1403638133.395097,13
122,1403638133.395097,14
122,1403638133.395097,14
122,1403638133.395097,22
122,1403638133.395097,22
122,1403638133.395097,14
123,1403638133.445097,15
123,1403638133.445097,15
123,1403638133.445097,22
123,1403638133.445097,14
123,1403638133.445097,15
123,1403638133.445097,14
123,1403638133.445097,14
123,1403638133.445097,15
123,1403638133.445097,22
123,1403638133.445097,15
124,1403638133.495097,15
124,1403638133.495097,22
124,1403638133.495097,14
124,1403638133.495097,14
124,1403638133.495097,22
124,1403638133.495097,22
124,1403638133.495097,12
124,1403638133.495097,22
124,1403638133.495097,22
124,1403638133.495097,14
125,1403638133.545097,22
125,1403638133.545097,13
125,1403638133.545097,22
125,1403638133.545097,22
125,1403638133.545097,22
125,1403638133.545097,14
125,1403638133.545097,22
125,1403638133.545097,14
125,1403638133.545097,14
125,1403638133.545097,22
126,1403638133.595097,22
126,1403638133.595097,14
126,1403638133.595097,22
126,1403638133.595097,22
126,1403638133.595097,22
126,1403638133.595097,22
126,1403638133.595097,22
126,1403638133.595097,14
126,1403638133.595097,22
126,1403638133.595097,22
127,1403638133.645097,22
127,1403638133.645097,22
127,1403638133.645097,14
127,1403638133.645097,14
127,1403638133.645097,22
127,1403638133.645097,13
127,1403638133.645097,22
127,1403638133.645097,22
127,1403638133.645097,22
127,1403638133.645097,22
128,1403638133.695097,22
128,1403638133.695097,22
128,1403638133.695097,15
128,1403638133.695097,13
128,1403638133.695097,14
128,1403638133.695097,14
128,1403638133.695097,22
128,1403638133.695097,22
128,1403638133.695097,14
128,1403638133.695097,22
129,1403638133.745097,22
129,1403638133.745097,22
129,1403638133.745097,22
129,1403638133.745097,13
129,1403638133.745097,14
129,1403638133.745097,13
129,1403638133.745097,22
129,1403638133.745097,22
129,1403638133.745097,14
129,1403638133.745097,22
130,1403638133.795097,14
130,1403638133.795097,14
130,1403638133.795097,22
130,1403638133.795097,22
130,1403638133.795097,22
130,1403638133.795097,14
130,1403638133.795097,22
130,1403638133.795097,22
130,1403638133.795097,14
130,1403638133.795097,22
131,1403638133.845097,14
131,1403638133.845097,22
131,1403638133.845097,22
131,1403638133.845097,15
131,1403638133.845097,14
131,1403638133.845097,13
131,1403638133.845097,22
131,1403638133.845097,15
131,1403638133.845097,15
131,1403638133.845097,15
132,1403638133.895097,22
132,1403638133.895097,22
132,1403638133.895097,22
132,1403638133.895097,14
132,1403638133.895097,14
132,1403638133.895097,22
132,1403638133.895097,22
132,1403638133.895097,22
132,1403638133.895097,22
132,1403638133.895097,15
133,1403638133.945097,22
133,1403638133.945097,22
133,1403638133.945097,22
133,1403638133.945097,22
133,1403638133.945097,22
133,1403638133.945097,15
133,1403638133.945097,22
133,1403638133.945097,22
133,1403638133.945097,22
133,1403638133.945097,22
134,1403638133.995097,22
134,1403638133.995097,22
134,1403638133.995097,14
134,1403638133.995097,22
134,1403638133.995097,14
134,1403638133.995097,14
134,1403638133.995097,15
134,1403638133.995097,22
134,1403638133.995097,14
134,1403638133.995097,22
135,1403638134.045097,22
135,1403638134.045097,14
135,1403638134.045097,14
135,1403638134.045097,13
135,1403638134.045097,14
135,1403638134.045097,22
135,1403638134.045097,22
135,1403638134.045097,13
135,1403638134.045097,13
135,1403638134.045097,22
136,1403638134.095097,22
136,1403638134.095097,14
136,1403638134.095097,22
136,1403638134.095097,15
136,1403638134.095097,13
136,1403638134.095097,15
136,1403638134.095097,14
136,1403638134.095097,22
136,1403638134.095097,22
136,1403638134.095097,22
137,1403638134.145097,22
137,1403638134.145097,14
137,1403638134.145097,22
137,1403638134.145097,22
137,1403638134.145097,22
137,1403638134.145097,22
137,1403638134.145097,13
137,1403638134.145097,22
137,1403638134.145097,14
137,1403638134.145097,22
138,1403638134.195097,22
138,1403638134.195097,13
138,1403638134.195097,22
138,1403638134.195097,22
138,1403638134.195097,22
138,1403638134.195097,13
138,1403638134.195097,22
138,1403638134.195097,22
138,1403638134.195097,15
138,1403638134.195097,22
139,1403638134.245097,22
139,1403638134.245097,13
139,1403638134.245097,22
139,1403638134.245097,22
139,1403638134.245097,22
139,1403638134.245097,22
139,1403638134.245097,22
139,1403638134.245097,22
139,1403638134.245097,13
139,1403638134.245097,14
140,1403638134.295097,22
140,1403638134.295097,22
140,1403638134.295097,22
140,1403638134.295097,22
140,1403638134.295097,22
140,1403638134.295097,22
140,1403638134.295097,22
140,1403638134.295097,22
140,1403638134.295097,14
140,1403638134.295097,15
141,1403638134.345097,14
141,1403638134.345097,22
141,1403638134.345097,14
141,1403638134.345097,22
141,1403638134.345097,22
141,1403638134.345097,14
141,1403638134.345097,22
141,1403638134.345097,14
141,1403638134.345097,15
141,1403638134.345097,15
142,1403638134.395097,14
142,1403638134.395097,13
142,1403638134.395097,15
142,1403638134.395097,22
142,1403638134.395097,13
142,1403638134.395097,15
142,1403638134.395097,22
142,1403638134.395097,14
142,1403638134.395097,13
142,1403638134.395097,22
143,1403638134.445097,14
143,1403638134.445097,13
143,1403638134.445097,22
143,1403638134.445097,22
143,1403638134.445097,13
143,1403638134.445097,13
143,1403638134.445097,22
143,1403638134.445097,22
143,1403638134.445097,22
143,1403638134.445097,22
144,1403638134.495097,22
144,1403638134.495097,13
144,1403638134.495097,22
144,1403638134.495097,22
144,1403638134.495097,14
144,1403638134.495097,22
144,1403638134.495097,15
144,1403638134.495097,22
144,1403638134.495097,13
144,1403638134.495097,22
145,1403638134.545097,13
145,1403638134.545097,14
145,1403638134.545097,22
145,1403638134.545097,22
145,1403638134.545097,13
145,1403638134.545097,22
145,1403638134.545097,22
145,1403638134.545097,22
145,1403638134.545097,22
145,1403638134.545097,22
146,1403638134.595097,14
146,1403638134.595097,13
146,1403638134.595097,22
146,1403638134.595097,22
146,1403638134.595097,22
146,1403638134.595097,14
146,1403638134.595097,22
146,1403638134.595097,22
146,1403638134.595097,15
146,1403638134.595097,22
147,1403638134.645097,22
147,1403638134.645097,14
147,1403638134.645097,22
147,1403638134.645097,22
147,1403638134.645097,22
147,1403638134.645097,22
147,1403638134.645097,22
147,1403638134.645097,22
147,1403638134.645097,22
147,1403638134.645097,14
148,1403638134.695097,22
148,1403638134.695097,22
148,1403638134.695097,22
148,1403638134.695097,22
148,1403638134.695097,22
148,1403638134.695097,22
148,1403638134.695097,22
148,1403638134.695097,22
148,1403638134.695097,22
148,1403638134.695097,22
149,1403638134.745097,14
149,1403638134.745097,22
149,1403638134.745097,22
149,1403638134.745097,22
149,1403638134.745097,22
149,1403638134.745097,22
149,1403638134.745097,22
149,1403638134.745097,22
149,1403638134.745097,22
149,1403638134.745097,22
150,1403638134.795097,15
150,1403638134.795097,22
150,1403638134.795097,22
150,1403638134.795097,14
150,1403638134.795097,22
150,1403638134.795097,22
150,1403638134.795097,22
150,1403638134.795097,22
150,1403638134.795097,22
150,1403638134.795097,22
151,1403638134.845097,22
151,1403638134.845097,22
151,1403638134.845097,22
151,1403638134.845097,22
151,1403638134.845097,22
151,1403638134.845097,22
151,1403638134.845097,22
151,1403638134.845097,22
151,1403638134.845097,22
151,1403638134.845097,13
152,1403638134.895097,22
152,1403638134.895097,22
152,1403638134.895097,22
152,1403638134.895097,22
152,1403638134.895097,22
152,1403638134.895097,22
152,1403638134.895097,22
152,1403638134.895097,22
152,1403638134.895097,22
152,1403638134.895097,14
153,1403638134.945097,22
153,1403638134.945097,22
153,1403638134.945097,22
153,1403638134.945097,22
153,1403638134.945097,22
153,1403638134.945097,14
153,1403638134.945097,22
153,1403638134.945097,22
153,1403638134.945097,22
153,1403638134.945097,22
154,1403638134.995097,22
154,1403638134.995097,22
154,1403638134.995097,22
154,1403638134.995097,22
154,1403638134.995097,22
154,1403638134.995097,22
154,1403638134.995097,22
154,1403638134.995097,22
154,1403638134.995097,22
154,1403638134.995097,13
155,1403638135.045097,22
155,1403638135.045097,22
155,1403638135.045097,22
155,1403638135.045097,22
155,1403638135.045097,22
155,1403638135.045097,22
155,1403638135.045097,22
155,1403638135.045097,22
155,1403638135.045097,22
155,1403638135.045097,22
156,1403638135.095097,22
156,1403638135.095097,22
156,1403638135.095097,22
156,1403638135.095097,22
156,1403638135.095097,22
156,1403638135.095097,22
156,1403638135.095097,22
156,1403638135.095097,22
156,1403638135.095097,22
156,1403638135.095097,22
157,1403638135.145097,22
157,1403638135.145097,22
157,1403638135.145097,22
157,1403638135.145097,22
157,1403638135.145097,22
157,1403638135.145097,22
157,1403638135.145097,22
157,1403638135.145097,22
157,1403638135.145097,22
157,1403638135.145097,22
158,1403638135.195097,22
158,1403638135.195097,22
158,1403638135.195097,14
158,1403638135.195097,22
158,1403638135.195097,22
158,1403638135.195097,22
158,1403638135.195097,22
158,1403638135.195097,22
158,1403638135.195097,22
158,1403638135.195097,22
159,1403638135.245097,13
159,1403638135.245097,15
159,1403638135.245097,22
159,1403638135.245097,22
159,1403638135.245097,22
159,1403638135.245097,22
159,1403638135.245097,22
159,1403638135.245097,22
159,1403638135.245097,22
159,1403638135.245097,22
160,1403638135.295097,14
160,1403638135.295097,22
160,1403638135.295097,15
160,1403638135.295097,13
160,1403638135.295097,22
160,1403638135.295097,22
160,1403638135.295097,22
160,1403638135.295097,13
160,1403638135.295097,14
160,1403638135.295097,14
161,1403638135.345097,22
161,1403638135.345097,22
161,1403638135.345097,22
161,1403638135.345097,15
161,1403638135.345097,22
161,1403638135.345097,22
161,1403638135.345097,14
161,1403638135.345097,22
161,1403638135.345097,22
161,1403638135.345097,22
162,1403638135.395097,22
162,1403638135.395097,13
162,1403638135.395097,22
162,1403638135.395097,14
162,1403638135.395097,22
162,1403638135.395097,13
162,1403638135.395097,13
162,1403638135.395097,22
162,1403638135.395097,22
162,1403638135.395097,15
163,1403638135.445097,22
163,1403638135.445097,22
163,1403638135.445097,22
163,1403638135.445097,14
163,1403638135.445097,14
163,1403638135.445097,14
163,1403638135.445097,14
163,1403638135.445097,22
163,1403638135.445097,22
163,1403638135.445097,22
164,1403638135.495097,22
164,1403638135.495097,22
164,1403638135.495097,14
164,1403638135.495097,14
164,1403638135.495097,15
164,1403638135.495097,22
164,1403638135.495097,13
164,1403638135.495097,13
164,1403638135.495097,22
164,1403638135.495097,22
165,1403638135.545097,22
165,1403638135.545097,22
165,1403638135.545097,22
165,1403638135.545097,13
165,1403638135.545097,22
165,1403638135.545097,13
165,1403638135.545097,13
165,1403638135.545097,14
165,1403638135.545097,13
165,1403638135.545097,13
166,1403638135.595097,22
166,1403638135.595097,14
166,1403638135.595097,22
166,1403638135.595097,22
166,1403638135.595097,22
166,1403638135.595097,14
166,1403638135.595097,13
166,1403638135.595097,22
166,1403638135.595097,14
166,1403638135.595097,22
167,1403638135.645097,22
167,1403638135.645097,14
167,1403638135.645097,14
167,1403638135.645097,22
167,1403638135.645097,22
167,1403638135.645097,22
167,1403638135.645097,13
167,1403638135.645097,15
167,1403638135.645097,14
167,1403638135.645097,22
168,1403638135.695097,14
168,1403638135.695097,14
168,1403638135.695097,15
168,1403638135.695097,22
168,1403638135.695097,22
168,1403638135.695097,13
168,1403638135.695097,14
168,1403638135.695097,14
168,1403638135.695097,22
168,1403638135.695097,14
169,1403638135.745097,13
169,1403638135.745097,22
169,1403638135.745097,14
169,1403638135.745097,22
169,1403638135.745097,22
169,1403638135.745097,13
169,1403638135.745097,22
169,1403638135.745097,22
169,1403638135.745097,22
169,1403638135.745097,14
170,1403638135.795097,22
170,1403638135.795097,22
170,1403638135.795097,14
170,1403638135.795097,22
170,1403638135.795097,22
170,1403638135.795097,13
170,1403638135.795097,13
170,1403638135.795097,14
170,1403638135.795097,13
170,1403638135.795097,13
171,1403638135.845097,13
171,1403638135.845097,22
171,1403638135.845097,22
171,1403638135.845097,22
171,1403638135.845097,13
171,1403638135.845097,13
171,1403638135.845097,13
171,1403638135.845097,13
171,1403638135.845097,22
171,1403638135.845097,13
172,1403638135.895097,14
172,1403638135.895097,22
172,1403638135.895097,22
172,1403638135.895097,22
172,1403638135.895097,22
172,1403638135.895097,22
172,1403638135.895097,22
172,1403638135.895097,22
172,1403638135.895097,13
172,1403638135.895097,14
173,1403638135.945097,14
173,1403638135.945097,14
173,1403638135.945097,14
173,1403638135.945097,14
173,1403638135.945097,22
173,1403638135.945097,22
173,1403638135.945097,13
173,1403638135.945097,13
173,1403638135.945097,13
173,1403638135.945097,14
174,1403638135.995097,22
174,1403638135.995097,14
174,1403638135.995097,13
174,1403638135.995097,22
174,1403638135.995097,22
174,1403638135.995097,22
174,1403638135.995097,22
174,1403638135.995097,13
174,1403638135.995097,14
174,1403638135.995097,22
175,1403638136.045097,22
175,1403638136.045097,13
175,1403638136.045097,14
175,1403638136.045097,22
175,1403638136.045097,22
175,1403638136.045097,22
175,1403638136.045097,14
175,1403638136.045097,22
175,1403638136.045097,13
175,1403638136.045097,14
176,1403638136.095097,15
176,1403638136.095097,22
176,1403638136.095097,14
176,1403638136.095097,22
176,1403638136.095097,22
176,1403638136.095097,14
176,1403638136.095097,13
176,1403638136.095097,22
176,1403638136.095097,15
176,1403638136.095097,14
177,1403638136.145097,22
177,1403638136.145097,22
177,1403638136.145097,22
177,1403638136.145097,14
177,1403638136.145097,14
177,1403638136.145097,14
177,1403638136.145097,22
177,1403638136.145097,22
177,1403638136.145097,15
177,1403638136.145097,22
178,1403638136.195097,14
178,1403638136.195097,14
178,1403638136.195097,14
178,1403638136.195097,13
178,1403638136.195097,14
178,1403638136.195097,13
178,1403638136.195097,22
178,1403638136.195097,15
178,1403638136.195097,14
178,1403638136.195097,14
179,1403638136.245097,14
179,1403638136.245097,22
179,1403638136.245097,13
179,1403638136.245097,22
179,1403638136.245097,22
179,1403638136.245097,22
179,1403638136.245097,22
179,1403638136.245097,22
179,1403638136.245097,22
179,1403638136.245097,13
180,1403638136.295097,13
180,1403638136.295097,22
180,1403638136.295097,15
180,1403638136.295097,13
180,1403638136.295097,22
180,1403638136.295097,14
180,1403638136.295097,22
180,1403638136.295097,22
180,1403638136.295097,13
180,1403638136.295097,13
181,1403638136.345097,15
181,1403638136.345097,22
181,1403638136.345097,14
181,1403638136.345097,14
181,1403638136.345097,22
181,1403638136.345097,22
181,1403638136.345097,22
181,1403638136.345097,22
181,1403638136.345097,14
181,1403638136.345097,15
182,1403638136.395097,22
182,1403638136.395097,13
182,1403638136.395097,22
182,1403638136.395097,15
182,1403638136.395097,22
182,1403638136.395097,15
182,1403638136.395097,22
182,1403638136.395097,22
182,1403638136.395097,14
182,1403638136.395097,14
183,1403638136.445097,22
183,1403638136.445097,14
183,1403638136.445097,22
183,1403638136.445097,13
183,1403638136.445097,22
183,1403638136.445097,13
183,1403638136.445097,14
183,1403638136.445097,22
183,1403638136.445097,14
183,1403638136.445097,13
184,1403638136.495097,14
184,1403638136.495097,22
184,1403638136.495097,15
184,1403638136.495097,13
184,1403638136.495097,22
184,1403638136.495097,22
184,1403638136.495097,14
184,1403638136.495097,14
184,1403638136.495097,14
184,1403638136.495097,14
185,1403638136.545097,14
185,1403638136.545097,22
185,1403638136.545097,22
185,1403638136.545097,15
185,1403638136.545097,15
185,1403638136.545097,14
185,1403638136.545097,14
185,1403638136.545097,15
185,1403638136.545097,22
185,1403638136.545097,13
186,1403638136.595097,14
186,1403638136.595097,22
186,1403638136.595097,13
186,1403638136.595097,14
186,1403638136.595097,22
186,1403638136.595097,15
186,1403638136.595097,13
186,1403638136.595097,22
186,1403638136.595097,22
186,1403638136.595097,15
187,1403638136.645097,22
187,1403638136.645097,22
187,1403638136.645097,15
187,1403638136.645097,13
187,1403638136.645097,22
187,1403638136.645097,14
187,1403638136.645097,13
187,1403638136.645097,22
187,1403638136.645097,22
187,1403638136.645097,13
188,1403638136.695097,14
188,1403638136.695097,22
188,1403638136.695097,22
188,1403638136.695097,14
188,1403638136.695097,22
188,1403638136.695097,13
188,1403638136.695097,14
188,1403638136.695097,22
188,1403638136.695097,22
188,1403638136.695097,14
189,1403638136.745097,13
189,1403638136.745097,22
189,1403638136.745097,22
189,1403638136.745097,13
189,1403638136.745097,14
189,1403638136.745097,15
189,1403638136.745097,14
189,1403638136.745097,13
189,1403638136.745097,22
189,1403638136.745097,14
190,1403638136.795097,14
190,1403638136.795097,13
190,1403638136.795097,22
190,1403638136.795097,13
190,1403638136.795097,22
190,1403638136.795097,13
190,1403638136.795097,22
190,1403638136.795097,22
190,1403638136.795097,22
190,1403638136.795097,13
191,1403638136.845097,22
191,1403638136.845097,13
191,1403638136.845097,14
191,1403638136.845097,14
191,1403638136.845097,22
191,1403638136.845097,13
191,1403638136.845097,22
191,1403638136.845097,14
191,1403638136.845097,22
191,1403638136.845097,12
192,1403638136.895097,22
192,1403638136.895097,22
192,1403638136.895097,14
192,1403638136.895097,22
192,1403638136.895097,22
192,1403638136.895097,14
192,1403638136.895097,12
192,1403638136.895097,13
192,1403638136.895097,22
192,1403638136.895097,13
193,1403638136.945097,14
193,1403638136.945097,22
193,1403638136.945097,14
193,1403638136.945097,22
193,1403638136.945097,22
193,1403638136.945097,22
193,1403638136.945097,13
193,1403638136.945097,13
193,1403638136.945097,22
193,1403638136.945097,13
194,1403638136.995097,14
194,1403638136.995097,22
194,1403638136.995097,22
194,1403638136.995097,22
194,1403638136.995097,14
194,1403638136.995097,22
194,1403638136.995097,14
194,1403638136.995097,22
194,1403638136.995097,22
194,1403638136.995097,14
195,1403638137.045097,13
195,1403638137.045097,13
195,1403638137.045097,22
195,1403638137.045097,22
195,1403638137.045097,13
195,1403638137.045097,22
195,1403638137.045097,22
195,1403638137.045097,22
195,1403638137.045097,14
195,1403638137.045097,22
196,1403638137.095097,14
196,1403638137.095097,15
196,1403638137.095097,22
196,1403638137.095097,22
196,1403638137.095097,14
196,1403638137.095097,13
196,1403638137.095097,22
196,1403638137.095097,22
196,1403638137.095097,14
196,1403638137.095097,22
197,1403638137.145097,22
197,1403638137.145097,13
197,1403638137.145097,14
197,1403638137.145097,13
197,1403638137.145097,22
197,1403638137.145097,13
197,1403638137.145097,22
197,1403638137.145097,22
197,1403638137.145097,22
197,1403638137.145097,14
198,1403638137.195097,22
198,1403638137.195097,22
198,1403638137.195097,14
198,1403638137.195097,15
198,1403638137.195097,13
198,1403638137.195097,14
198,1403638137.195097,22
198,1403638137.195097,22
198,1403638137.195097,22
198,1403638137.195097,14
199,1403638137.245097,14
199,1403638137.245097,14
199,1403638137.245097,22
199,1403638137.245097,14
199,1403638137.245097,13
199,1403638137.245097,12
199,1403638137.245097,22
199,1403638137.245097,22
199,1403638137.245097,22
199,1403638137.245097,14
200,1403638137.295097,13
200,1403638137.295097,14
200,1403638137.295097,22
200,1403638137.295097,13
200,1403638137.295097,22
200,1403638137.295097,14
200,1403638137.295097,13
200,1403638137.295097,22
200,1403638137.295097,22
200,1403638137.295097,13
201,1403638137.345097,22
201,1403638137.345097,22
201,1403638137.345097,13
201,1403638137.345097,15
201,1403638137.345097,14
201,1403638137.345097,13
201,1403638137.345097,13
201,1403638137.345097,22
201,1403638137.345097,22
201,1403638137.345097,14
202,1403638137.395097,14
202,1403638137.395097,14
202,1403638137.395097,22
202,1403638137.395097,22
202,1403638137.395097,14
202,1403638137.395097,15
202,1403638137.395097,15
202,1403638137.395097,14
202,1403638137.395097,22
202,1403638137.395097,22
203,1403638137.445097,14
203,1403638137.445097,14
203,1403638137.445097,22
203,1403638137.445097,22
203,1403638137.445097,15
203,1403638137.445097,13
203,1403638137.445097,22
203,1403638137.445097,15
203,1403638137.445097,22
203,1403638137.445097,14
204,1403638137.495097,22
204,1403638137.495097,22
204,1403638137.495097,22
204,1403638137.495097,22
204,1403638137.495097,14
204,1403638137.495097,22
204,1403638137.495097,14
204,1403638137.495097,14
204,1403638137.495097,22
204,1403638137.495097,14
205,1403638137.545097,22
205,1403638137.545097,22
205,1403638137.545097,22
205,1403638137.545097,14
205,1403638137.545097,22
205,1403638137.545097,15
205,1403638137.545097,13
205,1403638137.545097,22
205,1403638137.545097,22
205,1403638137.545097,14
206,1403638137.595097,13
206,1403638137.595097,15
206,1403638137.595097,15
206,1403638137.595097,22
206,1403638137.595097,14
206,1403638137.595097,22
206,1403638137.595097,22
206,1403638137.595097,22
206,1403638137.595097,22
206,1403638137.595097,22
207,1403638137.645097,22
207,1403638137.645097,22
207,1403638137.645097,22
207,1403638137.645097,14
207,1403638137.645097,22
207,1403638137.645097,14
207,1403638137.645097,22
207,1403638137.645097,14
207,1403638137.645097,22
207,1403638137.645097,15
208,1403638137.695097,15
208,1403638137.695097,14
208,1403638137.695097,15
208,1403638137.695097,22
208,1403638137.695097,22
208,1403638137.695097,22
208,1403638137.695097,22
208,1403638137.695097,22
208,1403638137.695097,22
208,1403638137.695097,22
209,1403638137.745097,22
209,1403638137.745097,22
209,1403638137.745097,22
209,1403638137.745097,22
209,1403638137.745097,22
209,1403638137.745097,12
209,1403638137.745097,15
209,1403638137.745097,22
209,1403638137.745097,22
209,1403638137.745097,22
210,1403638137.795097,22
210,1403638137.795097,22
210,1403638137.795097,15
210,1403638137.795097,22
210,1403638137.795097,22
210,1403638137.795097,14
210,1403638137.795097,22
210,1403638137.795097,22
210,1403638137.795097,22
210,1403638137.795097,22
211,1403638137.845097,14
211,1403638137.845097,22
211,1403638137.845097,22
211,1403638137.845097,15
211,1403638137.845097,22
211,1403638137.845097,22
211,1403638137.845097,22
211,1403638137.845097,22
211,1403638137.845097,22
211,1403638137.845097,13
212,1403638137.895097,22
212,1403638137.895097,22
212,1403638137.895097,22
212,1403638137.895097,22
212,1403638137.895097,22
212,1403638137.895097,22
212,1403638137.895097,22
212,1403638137.895097,14
212,1403638137.895097,22
212,1403638137.895097,22
213,1403638137.945097,22
213,1403638137.945097,22
213,1403638137.945097,22
213,1403638137.945097,22
213,1403638137.945097,22
213,1403638137.945097,22
213,1403638137.945097,14
213,1403638137.945097,22
213,1403638137.945097,22
213,1403638137.945097,22
214,1403638137.995097,14
214,1403638137.995097,22
214,1403638137.995097,22
214,1403638137.995097,22
214,1403638137.995097,13
214,1403638137.995097,22
214,1403638137.995097,22
214,1403638137.995097,22
214,1403638137.995097,22
214,1403638137.995097,22
215,1403638138.045097,22
215,1403638138.045097,22
215,1403638138.045097,22
215,1403638138.045097,22
215,1403638138.045097,22
215,1403638138.045097,22
215,1403638138.045097,22
215,1403638138.045097,22
215,1403638138.045097,22
215,1403638138.045097,22
216,1403638138.095097,22
216,1403638138.095097,22
216,1403638138.095097,22
216,1403638138.095097,22
216,1403638138.095097,22
216,1403638138.095097,22
216,1403638138.095097,22
216,1403638138.095097,22
216,1403638138.095097,22
216,1403638138.095097,22
217,1403638138.145097,14
217,1403638138.145097,22
217,1403638138.145097,22
217,1403638138.145097,13
217,1403638138.145097,15
217,1403638138.145097,22
217,1403638138.145097,22
217,1403638138.145097,22
217,1403638138.145097,22
217,1403638138.145097,22
218,1403638138.195097,22
218,1403638138.195097,14
218,1403638138.195097,14
218,1403638138.195097,22
218,1403638138.195097,22
218,1403638138.195097,14
218,1403638138.195097,15
218,1403638138.195097,22
218,1403638138.195097,22
218,1403638138.195097,22
219,1403638138.245097,15
219,1403638138.245097,22
219,1403638138.245097,22
219,1403638138.245097,14
219,1403638138.245097,13
219,1403638138.245097,15
219,1403638138.245097,22
219,1403638138.245097,14
219,1403638138.245097,22
219,1403638138.245097,15
220,1403638138.295097,22
220,1403638138.295097,22
220,1403638138.295097,15
220,1403638138.295097,22
220,1403638138.295097,22
220,1403638138.295097,22
220,1403638138.295097,22
220,1403638138.295097,22
220,1403638138.295097,22
220,1403638138.295097,22
221,1403638138.345097,22
221,1403638138.345097,14
221,1403638138.345097,14
221,1403638138.345097,13
221,1403638138.345097,22
221,1403638138.345097,22
221,1403638138.345097,4
221,1403638138.345097,22
221,1403638138.345097,22
221,1403638138.345097,22
222,1403638138.395097,22
222,1403638138.395097,22
222,1403638138.395097,22
222,1403638138.395097,22
222,1403638138.395097,15
222,1403638138.395097,22
222,1403638138.395097,22
222,1403638138.395097,22
222,1403638138.395097,22
222,1403638138.395097,22
223,1403638138.445097,22
223,1403638138.445097,22
223,1403638138.445097,22
223,1403638138.445097,15
223,1403638138.445097,22
223,1403638138.445097,14
223,1403638138.445097,22
223,1403638138.445097,22
223,1403638138.445097,22
223,1403638138.445097,22
224,1403638138.495097,22
224,1403638138.495097,15
224,1403638138.495097,22
224,1403638138.495097,22
224,1403638138.495097,22
224,1403638138.495097,15
224,1403638138.495097,13
224,1403638138.495097,22
224,1403638138.495097,22
224,1403638138.495097,22
225,1403638138.545097,22
225,1403638138.545097,22
225,1403638138.545097,22
225,1403638138.545097,22
225,1403638138.545097,13
225,1403638138.545097,22
225,1403638138.545097,22
225,1403638138.545097,22
225,1403638138.545097,14
225,1403638138.545097,22
226,1403638138.595097,22
226,1403638138.595097,22
226,1403638138.595097,15
226,1403638138.595097,22
226,1403638138.595097,22
226,1403638138.595097,14
226,1403638138.595097,22
226,1403638138.595097,6
226,1403638138.595097,22
226,1403638138.595097,22
227,1403638138.645097,22
227,1403638138.645097,22
227,1403638138.645097,22
227,1403638138.645097,10
227,1403638138.645097,14
227,1403638138.645097,15
227,1403638138.645097,22
227,1403638138.645097,22
227,1403638138.645097,22
227,1403638138.645097,22
228,1403638138.695097,14
228,1403638138.695097,22
228,1403638138.695097,14
228,1403638138.695097,22
228,1403638138.695097,14
228,1403638138.695097,22
228,1403638138.695097,22
228,1403638138.695097,13
228,1403638138.695097,22
229,1403638138.745097,22
229,1403638138.745097,22
229,1403638138.745097,22
229,1403638138.745097,22
229,1403638138.745097,14
229,1403638138.745097,14
229,1403638138.745097,22
229,1403638138.745097,15
229,1403638138.745097,14
229,1403638138.745097,13
230,1403638138.795097,15
230,1403638138.795097,22
230,1403638138.795097,13
230,1403638138.795097,22
230,1403638138.795097,15
230,1403638138.795097,22
230,1403638138.795097,22
230,1403638138.795097,22
230,1403638138.795097,22
230,1403638138.795097,14
231,1403638138.845097,22
231,1403638138.845097,22
231,1403638138.845097,14
231,1403638138.845097,22
231,1403638138.845097,22
231,1403638138.845097,22
231,1403638138.845097,22
231,1403638138.845097,22
231,1403638138.845097,8
231,1403638138.845097,22
232,1403638138.895097,22
232,1403638138.895097,22
232,1403638138.895097,22
232,1403638138.895097,22
232,1403638138.895097,22
232,1403638138.895097,2
232,1403638138.895097,22
232,1403638138.895097,22
232,1403638138.895097,22
232,1403638138.895097,2
233,1403638138.945097,15
233,1403638138.945097,22
233,1403638138.945097,22
233,1403638138.945097,22
233,1403638138.945097,8
233,1403638138.945097,22
233,1403638138.945097,22
233,1403638138.945097,22
233,1403638138.945097,22
233,1403638138.945097,22
234,1403638138.995097,22
234,1403638138.995097,22
234,1403638138.995097,3
234,1403638138.995097,22
234,1403638138.995097,22
234,1403638138.995097,22
234,1403638138.995097,22
234,1403638138.995097,22
234,1403638138.995097,22
235,1403638139.045097,22
235,1403638139.045097,22
235,1403638139.045097,22
235,1403638139.045097,22
235,1403638139.045097,22
235,1403638139.045097,22
235,1403638139.045097,22
235,1403638139.045097,22
235,1403638139.045097,22
235,1403638139.045097,22
236,1403638139.095097,22
236,1403638139.095097,22
236,1403638139.095097,22
236,1403638139.095097,22
236,1403638139.095097,14
236,1403638139.095097,12
236,1403638139.095097,22
236,1403638139.095097,22
236,1403638139.095097,13
236,1403638139.095097,13
237,1403638139.145097,14
237,1403638139.145097,22
237,1403638139.145097,14
237,1403638139.145097,22
237,1403638139.145097,22
237,1403638139.145097,22
237,1403638139.145097,22
237,1403638139.145097,22
237,1403638139.145097,22
237,1403638139.145097,22
238,1403638139.195097,22
238,1403638139.195097,22
238,1403638139.195097,22
238,1403638139.195097,22
238,1403638139.195097,22
238,1403638139.195097,22
238,1403638139.195097,22
238,1403638139.195097,22
238,1403638139.195097,22
238,1403638139.195097,22
239,1403638139.245097,14
239,1403638139.245097,22
239,1403638139.245097,22
239,1403638139.245097,22
239,1403638139.245097,22
239,1403638139.245097,22
239,1403638139.245097,22
239,1403638139.245097,22
239,1403638139.245097,22
239,1403638139.245097,22
240,1403638139.295097,15
240,1403638139.295097,22
240,1403638139.295097,22
240,1403638139.295097,22
240,1403638139.295097,22
240,1403638139.295097,22
240,1403638139.295097,22
240,1403638139.295097,22
240,1403638139.295097,22
240,1403638139.295097,22
241,1403638139.345097,22
241,1403638139.345097,22
241,1403638139.345097,22
241,1403638139.345097,22
241,1403638139.345097,22
241,1403638139.345097,22
241,1403638139.345097,22
241,1403638139.345097,22
241,1403638139.345097,22
241,1403638139.345097,22
242,1403638139.395097,22
242,1403638139.395097,22
242,1403638139.395097,22
242,1403638139.395097,22
242,1403638139.395097,22
242,1403638139.395097,22
242,1403638139.395097,22
242,1403638139.395097,22
242,1403638139.395097,22
242,1403638139.395097,22
243,1403638139.445097,22
243,1403638139.445097,22
243,1403638139.445097,22
243,1403638139.445097,22
243,1403638139.445097,22
243,1403638139.445097,22
243,1403638139.445097,22
243,1403638139.445097,22
243,1403638139.445097,22
243,1403638139.445097,22
244,1403638139.495097,22
244,1403638139.495097,22
244,1403638139.495097,22
244,1403638139.495097,22
244,1403638139.495097,22
244,1403638139.495097,22
244,1403638139.495097,22
244,1403638139.495097,22
244,1403638139.495097,22
244,1403638139.495097,22
245,1403638139.545097,22
245,1403638139.545097,22
245,1403638139.545097,22
245,1403638139.545097,22
245,1403638139.545097,22
245,1403638139.545097,22
245,1403638139.545097,22
245,1403638139.545097,22
245,1403638139.545097,22
245,1403638139.545097,22
246,1403638139.595097,12
246,1403638139.595097,22
246,1403638139.595097,22
246,1403638139.595097,22
246,1403638139.595097,22
246,1403638139.595097,22
246,1403638139.595097,22
246,1403638139.595097,22
246,1403638139.595097,22
246,1403638139.595097,22
247,1403638139.645097,22
247,1403638139.645097,22
247,1403638139.645097,22
247,1403638139.645097,22
247,1403638139.645097,22
247,1403638139.645097,22
247,1403638139.645097,22
247,1403638139.645097,22
247,1403638139.645097,22
248,1403638139.695097,22
248,1403638139.695097,22
248,1403638139.695097,22
248,1403638139.695097,22
248,1403638139.695097,22
248,1403638139.695097,22
248,1403638139.695097,22
248,1403638139.695097,22
248,1403638139.695097,22
248,1403638139.695097,22
249,1403638139.745097,22
249,1403638139.745097,22
249,1403638139.745097,22
249,1403638139.745097,22
249,1403638139.745097,22
249,1403638139.745097,22
249,1403638139.745097,22
249,1403638139.745097,22
249,1403638139.745097,22
249,1403638139.745097,22
250,1403638139.795097,22
250,1403638139.795097,22
250,1403638139.795097,22
250,1403638139.795097,22
250,1403638139.795097,22
250,1403638139.795097,22
250,1403638139.795097,22
250,1403638139.795097,22
250,1403638139.795097,22
250,1403638139.795097,22
251,1403638139.845097,22
251,1403638139.845097,22
251,1403638139.845097,22
251,1403638139.845097,22
251,1403638139.845097,22
251,1403638139.845097,22
251,1403638139.845097,22
251,1403638139.845097,22
251,1403638139.845097,22
251,1403638139.845097,22
252,1403638139.895097,22
252,1403638139.895097,22
252,1403638139.895097,22
252,1403638139.895097,22
252,1403638139.895097,22
252,1403638139.895097,22
252,1403638139.895097,22
252,1403638139.895097,22
252,1403638139.895097,22
252,1403638139.895097,22
253,1403638139.945097,22
253,1403638139.945097,22
253,1403638139.945097,22
253,1403638139.945097,22
253,1403638139.945097,22
253,1403638139.945097,22
253,1403638139.945097,22
253,1403638139.945097,22
253,1403638139.945097,22
253,1403638139.945097,22
254,1403638139.995097,22
254,1403638139.995097,22
254,1403638139.995097,22
254,1403638139.995097,22
254,1403638139.995097,22
254,1403638139.995097,22
254,1403638139.995097,22
254,1403638139.995097,22
254,1403638139.995097,22
254,1403638139.995097,22
255,1403638140.045097,22
255,1403638140.045097,22
255,1403638140.045097,22
255,1403638140.045097,22
255,1403638140.045097,22
255,1403638140.045097,22
255,1403638140.045097,22
255,1403638140.045097,22
255,1403638140.045097,22
255,1403638140.045097,22
256,1403638140.095097,22
256,1403638140.095097,22
256,1403638140.095097,22
256,1403638140.095097,22
256,1403638140.095097,22
256,1403638140.095097,22
256,1403638140.095097,22
256,1403638140.095097,22
256,1403638140.095097,22
256,1403638140.095097,22
257,1403638140.145097,22
257,1403638140.145097,22
257,1403638140.145097,22
257,1403638140.145097,22
257,1403638140.145097,22
257,1403638140.145097,22
257,1403638140.145097,22
257,1403638140.145097,22
257,1403638140.145097,22
257,1403638140.145097,22
258,1403638140.195097,22
258,1403638140.195097,22
258,1403638140.195097,22
258,1403638140.195097,22
258,1403638140.195097,22
258,1403638140.195097,22
258,1403638140.195097,22
258,1403638140.195097,22
258,1403638140.195097,22
258,1403638140.195097,22
259,1403638140.245097,22
259,1403638140.245097,22
259,1403638140.245097,22
259,1403638140.245097,22
259,1403638140.245097,22
259,1403638140.245097,22
259,1403638140.245097,22
259,1403638140.245097,22
259,1403638140.245097,22
259,1403638140.245097,22
260,1403638140.295097,22
260,1403638140.295097,22
260,1403638140.295097,22
260,1403638140.295097,22
260,1403638140.295097,22
260,1403638140.295097,22
260,1403638140.295097,22
260,1403638140.295097,22
260,1403638140.295097,22
260,1403638140.295097,22
261,1403638140.345097,22
261,1403638140.345097,22
261,1403638140.345097,22
261,1403638140.345097,22
261,1403638140.345097,22
261,1403638140.345097,22
261,1403638140.345097,22
261,1403638140.345097,22
261,1403638140.345097,22
261,1403638140.345097,22
262,1403638140.395097,22
262,1403638140.395097,22
262,1403638140.395097,22
262,1403638140.395097,22
262,1403638140.395097,22
262,1403638140.395097,22
262,1403638140.395097,22
262,1403638140.395097,22
262,1403638140.395097,22
262,1403638140.395097,22
263,1403638140.445097,22
263,1403638140.445097,22
263,1403638140.445097,22
263,1403638140.445097,22
263,1403638140.445097,22
263,1403638140.445097,22
263,1403638140.445097,22
263,1403638140.445097,22
263,1403638140.445097,22
263,1403638140.445097,22
264,1403638140.495097,22
264,1403638140.495097,22
264,1403638140.495097,22
264,1403638140.495097,22
264,1403638140.495097,22
264,1403638140.495097,22
264,1403638140.495097,22
264,1403638140.495097,22
264,1403638140.495097,22
264,1403638140.495097,22
265,1403638140.545097,22
265,1403638140.545097,22
265,1403638140.545097,22
265,1403638140.545097,22
265,1403638140.545097,22
265,1403638140.545097,22
265,1403638140.545097,22
265,1403638140.545097,22
265,1403638140.545097,22
265,1403638140.545097,22
266,1403638140.595097,22
266,1403638140.595097,22
266,1403638140.595097,22
266,1403638140.595097,22
266,1403638140.595097,22
266,1403638140.595097,22
266,1403638140.595097,22
266,1403638140.595097,22
266,1403638140.595097,22
266,1403638140.595097,22
267,1403638140.645097,22
267,1403638140.645097,22
267,1403638140.645097,22
267,1403638140.645097,22
267,1403638140.645097,22
267,1403638140.645097,22
267,1403638140.645097,22
267,1403638140.645097,22
267,1403638140.645097,22
267,1403638140.645097,22
268,1403638140.695097,22
268,1403638140.695097,22
268,1403638140.695097,22
268,1403638140.695097,22
268,1403638140.695097,22
268,1403638140.695097,22
268,1403638140.695097,22
268,1403638140.695097,22
268,1403638140.695097,22
268,1403638140.695097,22
269,1403638140.745097,22
269,1403638140.745097,22
269,1403638140.745097,22
269,1403638140.745097,22
269,1403638140.745097,22
269,1403638140.745097,22
269,1403638140.745097,22
269,1403638140.745097,22
269,1403638140.745097,22
269,1403638140.745097,22
270,1403638140.795097,22
270,1403638140.795097,22
270,1403638140.795097,22
270,1403638140.795097,22
270,1403638140.795097,22
270,1403638140.795097,22
270,1403638140.795097,22
270,1403638140.795097,22
270,1403638140.795097,22
270,1403638140.795097,22
271,1403638140.845097,22
271,1403638140.845097,22
271,1403638140.845097,22
271,1403638140.845097,22
271,1403638140.845097,22
271,1403638140.845097,22
271,1403638140.845097,22
271,1403638140.845097,22
271,1403638140.845097,22
271,1403638140.845097,22
272,1403638140.895097,22
272,1403638140.895097,22
272,1403638140.895097,22
272,1403638140.895097,22
272,1403638140.895097,22
272,1403638140.895097,22
272,1403638140.895097,22
272,1403638140.895097,22
272,1403638140.895097,22
272,1403638140.895097,22
273,1403638140.945097,22
273,1403638140.945097,22
273,1403638140.945097,22
273,1403638140.945097,22
273,1403638140.945097,22
273,1403638140.945097,22
273,1403638140.945097,22
273,1403638140.945097,22
273,1403638140.945097,22
273,1403638140.945097,22
274,1403638140.995097,22
274,1403638140.995097,22
274,1403638140.995097,22
274,1403638140.995097,22
274,1403638140.995097,22
274,1403638140.995097,22
274,1403638140.995097,22
274,1403638140.995097,22
274,1403638140.995097,22
274,1403638140.995097,22
275,1403638141.045097,22
275,1403638141.045097,22
275,1403638141.045097,22
275,1403638141.045097,22
275,1403638141.045097,22
275,1403638141.045097,22
275,1403638141.045097,22
275,1403638141.045097,22
275,1403638141.045097,22
275,1403638141.045097,22
276,1403638141.095097,22
276,1403638141.095097,22
276,1403638141.095097,22
276,1403638141.095097,22
276,1403638141.095097,22
276,1403638141.095097,22
276,1403638141.095097,22
276,1403638141.095097,22
276,1403638141.095097,22
276,1403638141.095097,22
277,1403638141.145097,22
277,1403638141.145097,22
277,1403638141.145097,22
277,1403638141.145097,22
277,1403638141.145097,22
277,1403638141.145097,22
277,1403638141.145097,22
277,1403638141.145097,22
277,1403638141.145097,22
277,1403638141.145097,22
278,1403638141.195097,22
278,1403638141.195097,22
278,1403638141.195097,22
278,1403638141.195097,22
278,1403638141.195097,22
278,1403638141.195097,22
278,1403638141.195097,22
278,1403638141.195097,22
278,1403638141.195097,22
278,1403638141.195097,22
279,1403638141.245097,22
279,1403638141.245097,22
279,1403638141.245097,22
279,1403638141.245097,22
279,1403638141.245097,22
279,1403638141.245097,22
279,1403638141.245097,22
279,1403638141.245097,22
279,1403638141.245097,22
279,1403638141.245097,22
280,1403638141.295097,22
280,1403638141.295097,22
280,1403638141.295097,22
280,1403638141.295097,22
280,1403638141.295097,22
280,1403638141.295097,22
280,1403638141.295097,15
280,1403638141.295097,22
280,1403638141.295097,22
280,1403638141.295097,22
281,1403638141.345097,22
281,1403638141.345097,22
281,1403638141.345097,22
281,1403638141.345097,22
281,1403638141.345097,22
281,1403638141.345097,22
281,1403638141.345097,22
281,1403638141.345097,22
281,1403638141.345097,22
281,1403638141.345097,22
282,1403638141.395097,22
282,1403638141.395097,22
282,1403638141.395097,22
282,1403638141.395097,22
282,1403638141.395097,22
282,1403638141.395097,22
282,1403638141.395097,22
282,1403638141.395097,22
282,1403638141.395097,22
282,1403638141.395097,22
283,1403638141.445097,22
283,1403638141.445097,22
283,1403638141.445097,22
283,1403638141.445097,22
283,1403638141.445097,22
283,1403638141.445097,22
283,1403638141.445097,22
283,1403638141.445097,22
283,1403638141.445097,22
283,1403638141.445097,22
284,1403638141.495097,22
284,1403638141.495097,22
284,1403638141.495097,22
284,1403638141.495097,22
284,1403638141.495097,22
284,1403638141.495097,22
284,1403638141.495097,22
284,1403638141.495097,22
284,1403638141.495097,22
284,1403638141.495097,22
285,1403638141.545097,22
285,1403638141.545097,22
285,1403638141.545097,22
285,1403638141.545097,22
285,1403638141.545097,22
285,1403638141.545097,22
285,1403638141.545097,22
285,1403638141.545097,22
285,1403638141.545097,22
285,1403638141.545097,22
286,1403638141.595097,22
286,1403638141.595097,22
286,1403638141.595097,22
286,1403638141.595097,22
286,1403638141.595097,22
286,1403638141.595097,22
286,1403638141.595097,22
286,1403638141.595097,22
286,1403638141.595097,22
286,1403638141.595097,22
287,1403638141.645097,22
287,1403638141.645097,22
287,1403638141.645097,22
287,1403638141.645097,22
287,1403638141.645097,22
287,1403638141.645097,22
287,1403638141.645097,22
287,1403638141.645097,22
287,1403638141.645097,22
287,1403638141.645097,22
288,1403638141.695097,22
288,1403638141.695097,22
288,1403638141.695097,22
288,1403638141.695097,22
288,1403638141.695097,22
288,1403638141.695097,22
288,1403638141.695097,22
288,1403638141.695097,22
288,1403638141.695097,22
288,1403638141.695097,22
289,1403638141.745097,22
289,1403638141.745097,22
289,1403638141.745097,22
289,1403638141.745097,22
289,1403638141.745097,22
289,1403638141.745097,22
289,1403638141.745097,22
289,1403638141.745097,22
289,1403638141.745097,22
289,1403638141.745097,22
290,1403638141.795097,22
290,1403638141.795097,22
290,1403638141.795097,22
290,1403638141.795097,22
290,1403638141.795097,22
290,1403638141.795097,22
290,1403638141.795097,22
290,1403638141.795097,22
290,1403638141.795097,22
290,1403638141.795097,22
291,1403638141.845097,22
291,1403638141.845097,22
291,1403638141.845097,22
291,1403638141.845097,22
291,1403638141.845097,22
291,1403638141.845097,22
291,1403638141.845097,22
291,1403638141.845097,22
291,1403638141.845097,22
291,1403638141.845097,22
292,1403638141.895097,22
292,1403638141.895097,22
292,1403638141.895097,22
292,1403638141.895097,22
292,1403638141.895097,22
292,1403638141.895097,22
292,1403638141.895097,22
292,1403638141.895097,22
292,1403638141.895097,22
292,1403638141.895097,22
293,1403638141.945097,22
293,1403638141.945097,22
293,1403638141.945097,22
293,1403638141.945097,22
293,1403638141.945097,22
293,1403638141.945097,14
293,1403638141.945097,22
293,1403638141.945097,22
293,1403638141.945097,22
293,1403638141.945097,13
294,1403638141.995097,22
294,1403638141.995097,22
294,1403638141.995097,22
294,1403638141.995097,22
294,1403638141.995097,22
294,1403638141.995097,22
294,1403638141.995097,22
294,1403638141.995097,22
294,1403638141.995097,22
294,1403638141.995097,22
295,1403638142.045097,22
295,1403638142.045097,22
295,1403638142.045097,22
295,1403638142.045097,22
295,1403638142.045097,22
295,1403638142.045097,22
295,1403638142.045097,22
295,1403638142.045097,22
295,1403638142.045097,22
295,1403638142.045097,22
296,1403638142.095097,22
296,1403638142.095097,22
296,1403638142.095097,22
296,1403638142.095097,22
296,1403638142.095097,22
296,1403638142.095097,22
296,1403638142.095097,22
296,1403638142.095097,22
296,1403638142.095097,22
296,1403638142.095097,22
297,1403638142.145097,22
297,1403638142.145097,22
297,1403638142.145097,22
297,1403638142.145097,22
297,1403638142.145097,22
297,1403638142.145097,22
297,1403638142.145097,22
297,1403638142.145097,22
297,1403638142.145097,22
297,1403638142.145097,22
298,1403638142.195097,22
298,1403638142.195097,22
298,1403638142.195097,22
298,1403638142.195097,14
298,1403638142.195097,22
298,1403638142.195097,22
298,1403638142.195097,22
298,1403638142.195097,22
298,1403638142.195097,22
298,1403638142.195097,22
299,1403638142.245097,22
299,1403638142.245097,22
299,1403638142.245097,22
299,1403638142.245097,22
299,1403638142.245097,22
299,1403638142.245097,22
299,1403638142.245097,22
299,1403638142.245097,22
299,1403638142.245097,22
299,1403638142.245097,22
300,1403638142.295097,22
300,1403638142.295097,22
300,1403638142.295097,22
300,1403638142.295097,22
300,1403638142.295097,22
300,1403638142.295097,22
300,1403638142.295097,22
300,1403638142.295097,22
300,1403638142.295097,22
300,1403638142.295097,22
301,1403638142.345097,22
301,1403638142.345097,22
301,1403638142.345097,22
301,1403638142.345097,22
301,1403638142.345097,22
301,1403638142.345097,22
301,1403638142.345097,22
301,1403638142.345097,22
301,1403638142.345097,22
301,1403638142.345097,22
302,1403638142.395097,22
302,1403638142.395097,22
302,1403638142.395097,22
302,1403638142.395097,22
302,1403638142.395097,22
302,1403638142.395097,22
302,1403638142.395097,22
302,1403638142.395097,22
302,1403638142.395097,22
302,1403638142.395097,22
303,1403638142.445097,22
303,1403638142.445097,22
303,1403638142.445097,22
303,1403638142.445097,22
303,1403638142.445097,22
303,1403638142.445097,22
303,1403638142.445097,22
303,1403638142.445097,22
303,1403638142.445097,22
303,1403638142.445097,22
304,1403638142.495097,14
304,1403638142.495097,14
304,1403638142.495097,22
304,1403638142.495097,14
304,1403638142.495097,22
304,1403638142.495097,13
304,1403638142.495097,14
304,1403638142.495097,13
304,1403638142.495097,22
304,1403638142.495097,14
305,1403638142.545097,22
305,1403638142.545097,22
305,1403638142.545097,22
305,1403638142.545097,22
305,1403638142.545097,22
305,1403638142.545097,22
305,1403638142.545097,22
305,1403638142.545097,22
305,1403638142.545097,22
305,1403638142.545097,22
306,1403638142.595097,22
306,1403638142.595097,22
306,1403638142.595097,22
306,1403638142.595097,22
306,1403638142.595097,22
306,1403638142.595097,22
306,1403638142.595097,22
306,1403638142.595097,22
306,1403638142.595097,22
306,1403638142.595097,22
307,1403638142.645097,22
307,1403638142.645097,22
307,1403638142.645097,22
307,1403638142.645097,22
307,1403638142.645097,22
307,1403638142.645097,22
307,1403638142.645097,22
307,1403638142.645097,22
307,1403638142.645097,22
307,1403638142.645097,22
308,1403638142.695097,22
308,1403638142.695097,22
308,1403638142.695097,22
308,1403638142.695097,22
308,1403638142.695097,22
308,1403638142.695097,22
308,1403638142.695097,22
308,1403638142.695097,22
308,1403638142.695097,22
308,1403638142.695097,22
309,1403638142.745097,22
309,1403638142.745097,22
309,1403638142.745097,22
309,1403638142.745097,22
309,1403638142.745097,22
309,1403638142.745097,22
309,1403638142.745097,22
309,1403638142.745097,22
309,1403638142.745097,22
309,1403638142.745097,22
310,1403638142.795097,22
310,1403638142.795097,22
310,1403638142.795097,22
310,1403638142.795097,22
310,1403638142.795097,22
310,1403638142.795097,22
310,1403638142.795097,22
310,1403638142.795097,22
310,1403638142.795097,22
310,1403638142.795097,22
311,1403638142.845097,22
311,1403638142.845097,22
311,1403638142.845097,22
311,1403638142.845097,22
311,1403638142.845097,22
311,1403638142.845097,22
311,1403638142.845097,22
311,1403638142.845097,22
311,1403638142.845097,22
311,1403638142.845097,22
312,1403638142.895097,22
312,1403638142.895097,22
312,1403638142.895097,22
312,1403638142.895097,22
312,1403638142.895097,22
312,1403638142.895097,22
312,1403638142.895097,22
312,1403638142.895097,22
312,1403638142.895097,22
312,1403638142.895097,22
313,1403638142.945097,22
313,1403638142.945097,22
313,1403638142.945097,22
313,1403638142.945097,22
313,1403638142.945097,14
313,1403638142.945097,22
313,1403638142.945097,15
313,1403638142.945097,22
313,1403638142.945097,22
313,1403638142.945097,22
314,1403638142.995097,22
314,1403638142.995097,22
314,1403638142.995097,22
314,1403638142.995097,22
314,1403638142.995097,22
314,1403638142.995097,22
314,1403638142.995097,22
314,1403638142.995097,22
314,1403638142.995097,22
314,1403638142.995097,22
315,1403638143.045097,22
315,1403638143.045097,22
315,1403638143.045097,22
315,1403638143.045097,22
315,1403638143.045097,22
315,1403638143.045097,22
315,1403638143.045097,22
315,1403638143.045097,22
315,1403638143.045097,22
315,1403638143.045097,22
316,1403638143.095097,22
316,1403638143.095097,22
316,1403638143.095097,22
316,1403638143.095097,22
316,1403638143.095097,22
316,1403638143.095097,22
316,1403638143.095097,22
316,1403638143.095097,22
316,1403638143.095097,22
316,1403638143.095097,22
317,1403638143.145097,22
317,1403638143.145097,22
317,1403638143.145097,22
317,1403638143.145097,22
317,1403638143.145097,22
317,1403638143.145097,22
317,1403638143.145097,22
317,1403638143.145097,22
317,1403638143.145097,22
317,1403638143.145097,22
318,1403638143.195097,22
318,1403638143.195097,22
318,1403638143.195097,22
318,1403638143.195097,22
318,1403638143.195097,22
318,1403638143.195097,22
318,1403638143.195097,22
318,1403638143.195097,22
318,1403638143.195097,22
318,1403638143.195097,22
319,1403638143.245097,22
319,1403638143.245097,22
319,1403638143.245097,22
319,1403638143.245097,22
319,1403638143.245097,22
319,1403638143.245097,22
319,1403638143.245097,22
319,1403638143.245097,22
319,1403638143.245097,22
319,1403638143.245097,22
320,1403638143.295097,22
320,1403638143.295097,22
320,1403638143.295097,22
320,1403638143.295097,22
320,1403638143.295097,22
320,1403638143.295097,22
320,1403638143.295097,22
320,1403638143.295097,22
320,1403638143.295097,22
320,1403638143.295097,22
321,1403638143.345097,22
321,1403638143.345097,22
321,1403638143.345097,22
321,1403638143.345097,22
321,1403638143.345097,22
321,1403638143.345097,22
321,1403638143.345097,22
321,1403638143.345097,22
321,1403638143.345097,22
321,1403638143.345097,22
322,1403638143.395097,22
322,1403638143.395097,22
322,1403638143.395097,22
322,1403638143.395097,22
322,1403638143.395097,22
322,1403638143.395097,22
322,1403638143.395097,22
322,1403638143.395097,22
322,1403638143.395097,22
322,1403638143.395097,22
323,1403638143.445097,22
323,1403638143.445097,22
323,1403638143.445097,22
323,1403638143.445097,22
323,1403638143.445097,22
323,1403638143.445097,22
323,1403638143.445097,22
323,1403638143.445097,22
323,1403638143.445097,22
323,1403638143.445097,22
324,1403638143.495097,22
324,1403638143.495097,22
324,1403638143.495097,22
324,1403638143.495097,22
324,1403638143.495097,22
324,1403638143.495097,22
324,1403638143.495097,22
324,1403638143.495097,22
324,1403638143.495097,22
324,1403638143.495097,22
325,1403638143.545097,22
325,1403638143.545097,22
325,1403638143.545097,22
325,1403638143.545097,22
325,1403638143.545097,22
325,1403638143.545097,22
325,1403638143.545097,22
325,1403638143.545097,22
325,1403638143.545097,22
325,1403638143.545097,22
326,1403638143.595097,22
326,1403638143.595097,22
326,1403638143.595097,22
326,1403638143.595097,22
326,1403638143.595097,22
326,1403638143.595097,22
326,1403638143.595097,22
326,1403638143.595097,22
326,1403638143.595097,22
326,1403638143.595097,22
327,1403638143.645097,22
327,1403638143.645097,22
327,1403638143.645097,22
327,1403638143.645097,22
327,1403638143.645097,22
327,1403638143.645097,22
327,1403638143.645097,22
327,1403638143.645097,22
327,1403638143.645097,22
327,1403638143.645097,22
328,1403638143.695097,22
328,1403638143.695097,22
328,1403638143.695097,22
328,1403638143.695097,22
328,1403638143.695097,22
328,1403638143.695097,22
328,1403638143.695097,22
328,1403638143.695097,22
328,1403638143.695097,22
328,1403638143.695097,22
329,1403638143.745097,22
329,1403638143.745097,22
329,1403638143.745097,22
329,1403638143.745097,22
329,1403638143.745097,22
329,1403638143.745097,22
329,1403638143.745097,22
329,1403638143.745097,22
329,1403638143.745097,22
329,1403638143.745097,22
330,1403638143.795097,22
330,1403638143.795097,22
330,1403638143.795097,22
330,1403638143.795097,22
330,1403638143.795097,22
330,1403638143.795097,22
330,1403638143.795097,22
330,1403638143.795097,22
330,1403638143.795097,22
330,1403638143.795097,22
331,1403638143.845097,22
331,1403638143.845097,22
331,1403638143.845097,22
331,1403638143.845097,22
331,1403638143.845097,22
331,1403638143.845097,22
331,1403638143.845097,22
331,1403638143.845097,22
331,1403638143.845097,22
331,1403638143.845097,22
332,1403638143.895097,22
332,1403638143.895097,22
332,1403638143.895097,22
332,1403638143.895097,22
332,1403638143.895097,22
332,1403638143.895097,22
332,1403638143.895097,22
332,1403638143.895097,22
332,1403638143.895097,22
332,1403638143.895097,22
333,1403638143.945097,22
333,1403638143.945097,22
333,1403638143.945097,22
333,1403638143.945097,22
333,1403638143.945097,22
333,1403638143.945097,22
333,1403638143.945097,22
333,1403638143.945097,22
333,1403638143.945097,22
333,1403638143.945097,22
334,1403638143.995097,22
334,1403638143.995097,22
334,1403638143.995097,22
334,1403638143.995097,22
334,1403638143.995097,22
334,1403638143.995097,22
334,1403638143.995097,22
334,1403638143.995097,22
334,1403638143.995097,22
334,1403638143.995097,22
335,1403638144.045097,22
335,1403638144.045097,22
335,1403638144.045097,22
335,1403638144.045097,22
335,1403638144.045097,22
335,1403638144.045097,22
335,1403638144.045097,22
335,1403638144.045097,22
335,1403638144.045097,22
335,1403638144.045097,22
336,1403638144.095097,22
336,1403638144.095097,22
336,1403638144.095097,22
336,1403638144.095097,22
336,1403638144.095097,22
336,1403638144.095097,22
336,1403638144.095097,22
336,1403638144.095097,22
336,1403638144.095097,22
336,1403638144.095097,22
337,1403638144.145097,22
337,1403638144.145097,22
337,1403638144.145097,22
337,1403638144.145097,22
337,1403638144.145097,22
337,1403638144.145097,22
337,1403638144.145097,22
337,1403638144.145097,22
337,1403638144.145097,22
337,1403638144.145097,22
338,1403638144.195097,22
338,1403638144.195097,22
338,1403638144.195097,22
338,1403638144.195097,22
338,1403638144.195097,22
338,1403638144.195097,22
338,1403638144.195097,22
338,1403638144.195097,22
338,1403638144.195097,22
338,1403638144.195097,22
339,1403638144.245097,22
339,1403638144.245097,22
339,1403638144.245097,22
339,1403638144.245097,22
339,1403638144.245097,22
339,1403638144.245097,22
339,1403638144.245097,22
339,1403638144.245097,22
339,1403638144.245097,22
339,1403638144.245097,22
340,1403638144.295097,22
340,1403638144.295097,22
340,1403638144.295097,22
340,1403638144.295097,22
340,1403638144.295097,22
340,1403638144.295097,22
340,1403638144.295097,22
340,1403638144.295097,22
340,1403638144.295097,22
340,1403638144.295097,22
341,1403638144.345097,22
341,1403638144.345097,22
341,1403638144.345097,22
341,1403638144.345097,22
341,1403638144.345097,22
341,1403638144.345097,22
341,1403638144.345097,22
341,1403638144.345097,22
341,1403638144.345097,22
341,1403638144.345097,22
342,1403638144.395097,22
342,1403638144.395097,22
342,1403638144.395097,22
342,1403638144.395097,22
342,1403638144.395097,22
342,1403638144.395097,22
342,1403638144.395097,22
342,1403638144.395097,22
342,1403638144.395097,22
342,1403638144.395097,22
343,1403638144.445097,22
343,1403638144.445097,22
343,1403638144.445097,22
343,1403638144.445097,22
343,1403638144.445097,22
343,1403638144.445097,22
343,1403638144.445097,22
343,1403638144.445097,22
343,1403638144.445097,22
343,1403638144.445097,22
344,1403638144.495097,22
344,1403638144.495097,22
344,1403638144.495097,22
344,1403638144.495097,22
344,1403638144.495097,22
344,1403638144.495097,22
344,1403638144.495097,22
344,1403638144.495097,22
344,1403638144.495097,22
344,1403638144.495097,22
345,1403638144.545097,22
345,1403638144.545097,22
345,1403638144.545097,22
345,1403638144.545097,22
345,1403638144.545097,22
345,1403638144.545097,22
345,1403638144.545097,22
345,1403638144.545097,22
345,1403638144.545097,22
345,1403638144.545097,22
346,1403638144.595097,22
346,1403638144.595097,22
346,1403638144.595097,22
346,1403638144.595097,22
346,1403638144.595097,22
346,1403638144.595097,22
346,1403638144.595097,22
346,1403638144.595097,22
346,1403638144.595097,22
346,1403638144.595097,22
347,1403638144.645097,22
347,1403638144.645097,22
347,1403638144.645097,22
347,1403638144.645097,22
347,1403638144.645097,22
347,1403638144.645097,22
347,1403638144.645097,22
347,1403638144.645097,22
347,1403638144.645097,22
347,1403638144.645097,22
348,1403638144.695097,22
348,1403638144.695097,22
348,1403638144.695097,22
348,1403638144.695097,22
348,1403638144.695097,22
348,1403638144.695097,22
348,1403638144.695097,22
348,1403638144.695097,22
348,1403638144.695097,22
348,1403638144.695097,22
349,1403638144.745097,22
349,1403638144.745097,22
349,1403638144.745097,22
349,1403638144.745097,22
349,1403638144.745097,22
349,1403638144.745097,22
349,1403638144.745097,22
349,1403638144.745097,22
349,1403638144.745097,22
349,1403638144.745097,22
350,1403638144.795097,22
350,1403638144.795097,22
350,1403638144.795097,22
350,1403638144.795097,22
350,1403638144.795097,22
350,1403638144.795097,22
350,1403638144.795097,22
350,1403638144.795097,22
350,1403638144.795097,22
350,1403638144.795097,22
351,1403638144.845097,22
351,1403638144.845097,22
351,1403638144.845097,22
351,1403638144.845097,22
351,1403638144.845097,22
351,1403638144.845097,22
351,1403638144.845097,22
351,1403638144.845097,15
351,1403638144.845097,22
351,1403638144.845097,22
352,1403638144.895097,22
352,1403638144.895097,22
352,1403638144.895097,22
352,1403638144.895097,22
352,1403638144.895097,22
352,1403638144.895097,22
352,1403638144.895097,22
352,1403638144.895097,22
352,1403638144.895097,22
352,1403638144.895097,22
353,1403638144.945097,22
353,1403638144.945097,22
353,1403638144.945097,22
353,1403638144.945097,22
353,1403638144.945097,22
353,1403638144.945097,22
353,1403638144.945097,22
353,1403638144.945097,22
353,1403638144.945097,22
353,1403638144.945097,22
354,1403638144.995097,22
354,1403638144.995097,22
354,1403638144.995097,22
354,1403638144.995097,22
354,1403638144.995097,22
354,1403638144.995097,22
354,1403638144.995097,22
354,1403638144.995097,22
354,1403638144.995097,22
354,1403638144.995097,22
355,1403638145.045097,22
355,1403638145.045097,22
355,1403638145.045097,22
355,1403638145.045097,22
355,1403638145.045097,22
355,1403638145.045097,22
355,1403638145.045097,22
355,1403638145.045097,22
355,1403638145.045097,22
355,1403638145.045097,22
356,1403638145.095097,22
356,1403638145.095097,22
356,1403638145.095097,22
356,1403638145.095097,22
356,1403638145.095097,22
356,1403638145.095097,22
356,1403638145.095097,22
356,1403638145.095097,22
356,1403638145.095097,22
356,1403638145.095097,22
357,1403638145.145097,22
357,1403638145.145097,22
357,1403638145.145097,22
357,1403638145.145097,22
357,1403638145.145097,22
357,1403638145.145097,22
357,1403638145.145097,22
357,1403638145.145097,22
357,1403638145.145097,22
357,1403638145.145097,22
358,1403638145.195097,22
358,1403638145.195097,22
358,1403638145.195097,22
358,1403638145.195097,22
358,1403638145.195097,22
358,1403638145.195097,22
358,1403638145.195097,22
358,1403638145.195097,22
358,1403638145.195097,22
358,1403638145.195097,22
359,1403638145.245097,22
359,1403638145.245097,22
359,1403638145.245097,22
359,1403638145.245097,22
359,1403638145.245097,22
359,1403638145.245097,22
359,1403638145.245097,22
359,1403638145.245097,22
359,1403638145.245097,22
359,1403638145.245097,22
360,1403638145.295097,15
360,1403638145.295097,22
360,1403638145.295097,22
360,1403638145.295097,14
360,1403638145.295097,22
360,1403638145.295097,15
360,1403638145.295097,15
360,1403638145.295097,22
360,1403638145.295097,22
360,1403638145.295097,22
361,1403638145.345097,22
361,1403638145.345097,22
361,1403638145.345097,22
361,1403638145.345097,22
361,1403638145.345097,22
361,1403638145.345097,22
361,1403638145.345097,22
361,1403638145.345097,22
361,1403638145.345097,22
361,1403638145.345097,22
362,1403638145.395097,22
362,1403638145.395097,22
362,1403638145.395097,22
362,1403638145.395097,22
362,1403638145.395097,22
362,1403638145.395097,22
362,1403638145.395097,22
362,1403638145.395097,22
362,1403638145.395097,22
362,1403638145.395097,22
363,1403638145.445097,22
363,1403638145.445097,22
363,1403638145.445097,22
363,1403638145.445097,22
363,1403638145.445097,22
363,1403638145.445097,22
363,1403638145.445097,22
363,1403638145.445097,22
363,1403638145.445097,22
363,1403638145.445097,22
364,1403638145.495097,22
364,1403638145.495097,22
364,1403638145.495097,22
364,1403638145.495097,22
364,1403638145.495097,22
364,1403638145.495097,22
364,1403638145.495097,22
364,1403638145.495097,22
364,1403638145.495097,22
364,1403638145.495097,22
365,1403638145.545097,22
365,1403638145.545097,22
365,1403638145.545097,22
365,1403638145.545097,22
365,1403638145.545097,22
365,1403638145.545097,22
365,1403638145.545097,22
365,1403638145.545097,22
365,1403638145.545097,22
365,1403638145.545097,22
366,1403638145.595097,22
366,1403638145.595097,22
366,1403638145.595097,22
366,1403638145.595097,22
366,1403638145.595097,22
366,1403638145.595097,22
366,1403638145.595097,22
366,1403638145.595097,22
366,1403638145.595097,22
366,1403638145.595097,22
367,1403638145.645097,22
367,1403638145.645097,22
367,1403638145.645097,22
367,1403638145.645097,22
367,1403638145.645097,22
367,1403638145.645097,22
367,1403638145.645097,22
367,1403638145.645097,22
367,1403638145.645097,22
367,1403638145.645097,22
368,1403638145.695097,22
368,1403638145.695097,22
368,1403638145.695097,22
368,1403638145.695097,22
368,1403638145.695097,22
368,1403638145.695097,22
368,1403638145.695097,22
368,1403638145.695097,22
368,1403638145.695097,22
368,1403638145.695097,22
369,1403638145.745097,22
369,1403638145.745097,22
369,1403638145.745097,22
369,1403638145.745097,22
369,1403638145.745097,22
369,1403638145.745097,22
369,1403638145.745097,22
369,1403638145.745097,22
369,1403638145.745097,22
369,1403638145.745097,22
370,1403638145.795097,22
370,1403638145.795097,22
370,1403638145.795097,22
370,1403638145.795097,22
370,1403638145.795097,22
370,1403638145.795097,22
370,1403638145.795097,22
370,1403638145.795097,22
370,1403638145.795097,22
370,1403638145.795097,22
371,1403638145.845097,22
371,1403638145.845097,22
371,1403638145.845097,22
371,1403638145.845097,22
371,1403638145.845097,22
371,1403638145.845097,22
371,1403638145.845097,22
371,1403638145.845097,22
371,1403638145.845097,22
371,1403638145.845097,22
372,1403638145.895097,22
372,1403638145.895097,22
372,1403638145.895097,22
372,1403638145.895097,22
372,1403638145.895097,22
372,1403638145.895097,22
372,1403638145.895097,22
372,1403638145.895097,22
372,1403638145.895097,22
372,1403638145.895097,22
373,1403638145.945097,22
373,1403638145.945097,22
373,1403638145.945097,22
373,1403638145.945097,22
373,1403638145.945097,22
373,1403638145.945097,22
373,1403638145.945097,22
373,1403638145.945097,22
373,1403638145.945097,22
373,1403638145.945097,22
374,1403638145.995097,22
374,1403638145.995097,22
374,1403638145.995097,22
374,1403638145.995097,22
374,1403638145.995097,22
374,1403638145.995097,22
374,1403638145.995097,22
374,1403638145.995097,22
374,1403638145.995097,22
374,1403638145.995097,22
375,1403638146.045097,22
375,1403638146.045097,22
375,1403638146.045097,22
375,1403638146.045097,22
375,1403638146.045097,22
375,1403638146.045097,22
375,1403638146.045097,22
375,1403638146.045097,22
375,1403638146.045097,22
375,1403638146.045097,22
376,1403638146.095097,22
376,1403638146.095097,22
376,1403638146.095097,22
376,1403638146.095097,22
376,1403638146.095097,22
376,1403638146.095097,22
376,1403638146.095097,22
376,1403638146.095097,22
376,1403638146.095097,22
376,1403638146.095097,22
377,1403638146.145097,22
377,1403638146.145097,22
377,1403638146.145097,22
377,1403638146.145097,22
377,1403638146.145097,22
377,1403638146.145097,22
377,1403638146.145097,22
377,1403638146.145097,22
377,1403638146.145097,22
377,1403638146.145097,22
378,1403638146.195097,22
378,1403638146.195097,22
378,1403638146.195097,22
378,1403638146.195097,22
378,1403638146.195097,22
378,1403638146.195097,22
378,1403638146.195097,22
378,1403638146.195097,22
378,1403638146.195097,22
378,1403638146.195097,22
379,1403638146.245097,22
379,1403638146.245097,22
379,1403638146.245097,22
379,1403638146.245097,22
379,1403638146.245097,22
379,1403638146.245097,22
379,1403638146.245097,22
379,1403638146.245097,22
379,1403638146.245097,22
379,1403638146.245097,22
380,1403638146.295097,22
380,1403638146.295097,22
380,1403638146.295097,22
380,1403638146.295097,22
380,1403638146.295097,22
380,1403638146.295097,22
380,1403638146.295097,22
380,1403638146.295097,22
380,1403638146.295097,22
380,1403638146.295097,22
381,1403638146.345097,22
381,1403638146.345097,22
381,1403638146.345097,22
381,1403638146.345097,22
381,1403638146.345097,22
381,1403638146.345097,22
381,1403638146.345097,22
381,1403638146.345097,22
381,1403638146.345097,22
381,1403638146.345097,22
382,1403638146.395097,22
382,1403638146.395097,22
382,1403638146.395097,22
382,1403638146.395097,22
382,1403638146.395097,22
382,1403638146.395097,22
382,1403638146.395097,22
382,1403638146.395097,22
382,1403638146.395097,22
382,1403638146.395097,22
383,1403638146.445097,22
383,1403638146.445097,22
383,1403638146.445097,22
383,1403638146.445097,22
383,1403638146.445097,22
383,1403638146.445097,22
383,1403638146.445097,22
383,1403638146.445097,22
383,1403638146.445097,22
383,1403638146.445097,22
384,1403638146.495097,22
384,1403638146.495097,22
384,1403638146.495097,22
384,1403638146.495097,22
384,1403638146.495097,22
384,1403638146.495097,22
384,1403638146.495097,22
384,1403638146.495097,22
384,1403638146.495097,22
384,1403638146.495097,22
385,1403638146.545097,22
385,1403638146.545097,22
385,1403638146.545097,22
385,1403638146.545097,22
385,1403638146.545097,22
385,1403638146.545097,22
385,1403638146.545097,22
385,1403638146.545097,22
385,1403638146.545097,22
385,1403638146.545097,22
386,1403638146.595097,22
386,1403638146.595097,22
386,1403638146.595097,22
386,1403638146.595097,22
386,1403638146.595097,22
386,1403638146.595097,22
386,1403638146.595097,22
386,1403638146.595097,22
386,1403638146.595097,22
386,1403638146.595097,22
387,1403638146.645097,22
387,1403638146.645097,22
387,1403638146.645097,22
387,1403638146.645097,22
387,1403638146.645097,22
387,1403638146.645097,22
387,1403638146.645097,22
387,1403638146.645097,22
387,1403638146.645097,22
387,1403638146.645097,22
388,1403638146.695097,22
388,1403638146.695097,22
388,1403638146.695097,22
388,1403638146.695097,22
388,1403638146.695097,22
388,1403638146.695097,22
388,1403638146.695097,22
388,1403638146.695097,22
388,1403638146.695097,22
388,1403638146.695097,22
389,1403638146.745097,22
389,1403638146.745097,22
389,1403638146.745097,22
389,1403638146.745097,22
389,1403638146.745097,22
389,1403638146.745097,22
389,1403638146.745097,22
389,1403638146.745097,22
389,1403638146.745097,22
389,1403638146.745097,22
390,1403638146.795097,22
390,1403638146.795097,22
390,1403638146.795097,22
390,1403638146.795097,22
390,1403638146.795097,22
390,1403638146.795097,22
390,1403638146.795097,22
390,1403638146.795097,22
390,1403638146.795097,22
390,1403638146.795097,22
391,1403638146.845097,22
391,1403638146.845097,22
391,1403638146.845097,22
391,1403638146.845097,22
391,1403638146.845097,22
391,1403638146.845097,22
391,1403638146.845097,22
391,1403638146.845097,22
391,1403638146.845097,22
391,1403638146.845097,22
392,1403638146.895097,22
392,1403638146.895097,22
392,1403638146.895097,22
392,1403638146.895097,22
392,1403638146.895097,22
392,1403638146.895097,22
392,1403638146.895097,22
392,1403638146.895097,22
392,1403638146.895097,22
392,1403638146.895097,22
393,1403638146.945097,22
393,1403638146.945097,22
393,1403638146.945097,22
393,1403638146.945097,22
393,1403638146.945097,22
393,1403638146.945097,22
393,1403638146.945097,22
393,1403638146.945097,22
393,1403638146.945097,22
393,1403638146.945097,22
394,1403638146.995097,22
394,1403638146.995097,22
394,1403638146.995097,22
394,1403638146.995097,22
394,1403638146.995097,22
394,1403638146.995097,22
394,1403638146.995097,22
394,1403638146.995097,22
394,1403638146.995097,22
394,1403638146.995097,22
395,1403638147.045097,22
395,1403638147.045097,22
395,1403638147.045097,22
395,1403638147.045097,22
395,1403638147.045097,22
395,1403638147.045097,22
395,1403638147.045097,22
395,1403638147.045097,22
395,1403638147.045097,22
395,1403638147.045097,22
396,1403638147.095097,22
396,1403638147.095097,22
396,1403638147.095097,22
396,1403638147.095097,22
396,1403638147.095097,22
396,1403638147.095097,22
396,1403638147.095097,22
396,1403638147.095097,22
396,1403638147.095097,22
396,1403638147.095097,22
397,1403638147.145097,22
397,1403638147.145097,22
397,1403638147.145097,22
397,1403638147.145097,22
397,1403638147.145097,22
397,1403638147.145097,22
397,1403638147.145097,22
397,1403638147.145097,22
397,1403638147.145097,22
397,1403638147.145097,22
398,1403638147.195097,22
398,1403638147.195097,22
398,1403638147.195097,22
398,1403638147.195097,22
398,1403638147.195097,22
398,1403638147.195097,22
398,1403638147.195097,22
398,1403638147.195097,22
398,1403638147.195097,22
398,1403638147.195097,22
399,1403638147.245097,22
399,1403638147.245097,22
399,1403638147.245097,22
399,1403638147.245097,22
399,1403638147.245097,22
399,1403638147.245097,22
399,1403638147.245097,22
399,1403638147.245097,22
399,1403638147.245097,22
399,1403638147.245097,22
400,1403638147.295097,22
400,1403638147.295097,22
400,1403638147.295097,22
400,1403638147.295097,22
400,1403638147.295097,22
400,1403638147.295097,22
400,1403638147.295097,22
400,1403638147.295097,22
400,1403638147.295097,22
400,1403638147.295097,22
401,1403638147.345097,22
401,1403638147.345097,22
401,1403638147.345097,22
401,1403638147.345097,22
401,1403638147.345097,22
401,1403638147.345097,22
401,1403638147.345097,22
401,1403638147.345097,22
401,1403638147.345097,22
401,1403638147.345097,22
402,1403638147.395097,22
402,1403638147.395097,22
402,1403638147.395097,22
402,1403638147.395097,22
402,1403638147.395097,22
402,1403638147.395097,22
402,1403638147.395097,22
402,1403638147.395097,22
402,1403638147.395097,22
402,1403638147.395097,22
403,1403638147.445097,22
403,1403638147.445097,22
403,1403638147.445097,22
403,1403638147.445097,22
403,1403638147.445097,22
403,1403638147.445097,22
403,1403638147.445097,22
403,1403638147.445097,22
403,1403638147.445097,22
403,1403638147.445097,22
404,1403638147.495097,22
404,1403638147.495097,22
404,1403638147.495097,22
404,1403638147.495097,22
404,1403638147.495097,22
404,1403638147.495097,22
404,1403638147.495097,22
404,1403638147.495097,22
404,1403638147.495097,22
404,1403638147.495097,22
405,1403638147.545097,22
405,1403638147.545097,22
405,1403638147.545097,22
405,1403638147.545097,22
405,1403638147.545097,22
405,1403638147.545097,22
405,1403638147.545097,22
405,1403638147.545097,22
405,1403638147.545097,22
405,1403638147.545097,22
406,1403638147.595097,22
406,1403638147.595097,22
406,1403638147.595097,22
406,1403638147.595097,22
406,1403638147.595097,22
406,1403638147.595097,22
406,1403638147.595097,22
406,1403638147.595097,22
406,1403638147.595097,22
406,1403638147.595097,22
407,1403638147.645097,22
407,1403638147.645097,22
407,1403638147.645097,22
407,1403638147.645097,22
407,1403638147.645097,22
407,1403638147.645097,22
407,1403638147.645097,22
407,1403638147.645097,22
407,1403638147.645097,22
407,1403638147.645097,22
408,1403638147.695097,22
408,1403638147.695097,22
408,1403638147.695097,22
408,1403638147.695097,22
408,1403638147.695097,22
408,1403638147.695097,22
408,1403638147.695097,22
408,1403638147.695097,22
408,1403638147.695097,22
408,1403638147.695097,22
409,1403638147.745097,22
409,1403638147.745097,22
409,1403638147.745097,22
409,1403638147.745097,22
409,1403638147.745097,22
409,1403638147.745097,22
409,1403638147.745097,22
409,1403638147.745097,22
409,1403638147.745097,22
409,1403638147.745097,22
410,1403638147.795097,22
410,1403638147.795097,22
410,1403638147.795097,22
410,1403638147.795097,22
410,1403638147.795097,22
410,1403638147.795097,22
410,1403638147.795097,22
410,1403638147.795097,22
410,1403638147.795097,22
410,1403638147.795097,22
411,1403638147.845097,22
411,1403638147.845097,15
411,1403638147.845097,22
411,1403638147.845097,14
411,1403638147.845097,14
411,1403638147.845097,13
411,1403638147.845097,13
411,1403638147.845097,14
411,1403638147.845097,14
411,1403638147.845097,14
412,1403638147.895097,22
412,1403638147.895097,22
412,1403638147.895097,22
412,1403638147.895097,22
412,1403638147.895097,22
412,1403638147.895097,22
412,1403638147.895097,22
412,1403638147.895097,22
412,1403638147.895097,22
412,1403638147.895097,22
413,1403638147.945097,22
413,1403638147.945097,22
413,1403638147.945097,22
413,1403638147.945097,22
413,1403638147.945097,22
413,1403638147.945097,22
413,1403638147.945097,22
413,1403638147.945097,22
413,1403638147.945097,22
413,1403638147.945097,22
414,1403638147.995097,22
414,1403638147.995097,22
414,1403638147.995097,22
414,1403638147.995097,22
414,1403638147.995097,22
414,1403638147.995097,22
414,1403638147.995097,22
414,1403638147.995097,22
414,1403638147.995097,22
414,1403638147.995097,22
415,1403638148.045097,22
415,1403638148.045097,22
415,1403638148.045097,22
415,1403638148.045097,22
415,1403638148.045097,22
415,1403638148.045097,22
415,1403638148.045097,22
415,1403638148.045097,22
415,1403638148.045097,22
415,1403638148.045097,22
416,1403638148.095097,14
416,1403638148.095097,22
416,1403638148.095097,22
416,1403638148.095097,22
416,1403638148.095097,22
416,1403638148.095097,22
416,1403638148.095097,22
416,1403638148.095097,22
416,1403638148.095097,22
416,1403638148.095097,22
417,1403638148.145097,22
417,1403638148.145097,22
417,1403638148.145097,22
417,1403638148.145097,15
417,1403638148.145097,22
417,1403638148.145097,22
417,1403638148.145097,22
417,1403638148.145097,15
417,1403638148.145097,22
417,1403638148.145097,22
418,1403638148.195097,22
418,1403638148.195097,22
418,1403638148.195097,15
418,1403638148.195097,22
418,1403638148.195097,22
418,1403638148.195097,22
418,1403638148.195097,14
418,1403638148.195097,22
418,1403638148.195097,14
418,1403638148.195097,22
419,1403638148.245097,14
419,1403638148.245097,22
419,1403638148.245097,22
419,1403638148.245097,15
419,1403638148.245097,22
419,1403638148.245097,22
419,1403638148.245097,22
419,1403638148.245097,22
419,1403638148.245097,22
419,1403638148.245097,15
420,1403638148.295097,22
420,1403638148.295097,22
420,1403638148.295097,22
420,1403638148.295097,22
420,1403638148.295097,22
420,1403638148.295097,14
420,1403638148.295097,15
420,1403638148.295097,22
420,1403638148.295097,22
420,1403638148.295097,22
421,1403638148.345097,15
421,1403638148.345097,22
421,1403638148.345097,22
421,1403638148.345097,22
421,1403638148.345097,22
421,1403638148.345097,22
421,1403638148.345097,22
421,1403638148.345097,22
421,1403638148.345097,22
421,1403638148.345097,14
422,1403638148.395097,15
422,1403638148.395097,22
422,1403638148.395097,14
422,1403638148.395097,14
422,1403638148.395097,14
422,1403638148.395097,13
422,1403638148.395097,22
422,1403638148.395097,22
422,1403638148.395097,15
422,1403638148.395097,22
423,1403638148.445097,15
423,1403638148.445097,15
423,1403638148.445097,22
423,1403638148.445097,22
423,1403638148.445097,22
423,1403638148.445097,22
423,1403638148.445097,14
423,1403638148.445097,15
423,1403638148.445097,22
423,1403638148.445097,13
424,1403638148.495097,22
424,1403638148.495097,22
424,1403638148.495097,22
424,1403638148.495097,22
424,1403638148.495097,14
424,1403638148.495097,14
424,1403638148.495097,15
424,1403638148.495097,15
424,1403638148.495097,22
424,1403638148.495097,15
425,1403638148.545097,22
425,1403638148.545097,22
425,1403638148.545097,15
425,1403638148.545097,15
425,1403638148.545097,14
425,1403638148.545097,15
425,1403638148.545097,22
425,1403638148.545097,22
425,1403638148.545097,13
425,1403638148.545097,22
426,1403638148.595097,22
426,1403638148.595097,22
426,1403638148.595097,22
426,1403638148.595097,22
426,1403638148.595097,22
426,1403638148.595097,22
426,1403638148.595097,13
426,1403638148.595097,14
426,1403638148.595097,22
426,1403638148.595097,22
427,1403638148.645097,14
427,1403638148.645097,22
427,1403638148.645097,22
427,1403638148.645097,13
427,1403638148.645097,22
427,1403638148.645097,22
427,1403638148.645097,22
427,1403638148.645097,22
427,1403638148.645097,22
427,1403638148.645097,22
428,1403638148.695097,14
428,1403638148.695097,14
428,1403638148.695097,22
428,1403638148.695097,22
428,1403638148.695097,22
428,1403638148.695097,22
428,1403638148.695097,22
428,1403638148.695097,22
428,1403638148.695097,14
428,1403638148.695097,13
429,1403638148.745097,14
429,1403638148.745097,15
429,1403638148.745097,14
429,1403638148.745097,14
429,1403638148.745097,14
429,1403638148.745097,15
429,1403638148.745097,15
429,1403638148.745097,14
429,1403638148.745097,14
429,1403638148.745097,14
430,1403638148.795097,14
430,1403638148.795097,15
430,1403638148.795097,15
430,1403638148.795097,22
430,1403638148.795097,13
430,1403638148.795097,14
430,1403638148.795097,22
430,1403638148.795097,22
430,1403638148.795097,22
430,1403638148.795097,22
431,1403638148.845097,22
431,1403638148.845097,13
431,1403638148.845097,22
431,1403638148.845097,13
431,1403638148.845097,15
431,1403638148.845097,14
431,1403638148.845097,22
431,1403638148.845097,14
431,1403638148.845097,13
431,1403638148.845097,22
432,1403638148.895097,13
432,1403638148.895097,15
432,1403638148.895097,22
432,1403638148.895097,22
432,1403638148.895097,13
432,1403638148.895097,13
432,1403638148.895097,14
432,1403638148.895097,22
432,1403638148.895097,14
432,1403638148.895097,13
433,1403638148.945097,14
433,1403638148.945097,22
433,1403638148.945097,22
433,1403638148.945097,22
433,1403638148.945097,15
433,1403638148.945097,14
433,1403638148.945097,13
433,1403638148.945097,13
433,1403638148.945097,14
433,1403638148.945097,15
434,1403638148.995097,22
434,1403638148.995097,13
434,1403638148.995097,22
434,1403638148.995097,22
434,1403638148.995097,13
434,1403638148.995097,14
434,1403638148.995097,14
434,1403638148.995097,14
434,1403638148.995097,22
434,1403638148.995097,22
435,1403638149.045097,14
435,1403638149.045097,14
435,1403638149.045097,22
435,1403638149.045097,14
435,1403638149.045097,14
435,1403638149.045097,14
435,1403638149.045097,15
435,1403638149.045097,15
435,1403638149.045097,13
435,1403638149.045097,15
436,1403638149.095097,15
436,1403638149.095097,22
436,1403638149.095097,22
436,1403638149.095097,14
436,1403638149.095097,14
436,1403638149.095097,13
436,1403638149.095097,22
436,1403638149.095097,22
436,1403638149.095097,15
436,1403638149.095097,15
437,1403638149.145097,13
437,1403638149.145097,22
437,1403638149.145097,22
437,1403638149.145097,22
437,1403638149.145097,14
437,1403638149.145097,22
437,1403638149.145097,22
437,1403638149.145097,22
437,1403638149.145097,13
437,1403638149.145097,22
438,1403638149.195097,15
438,1403638149.195097,13
438,1403638149.195097,22
438,1403638149.195097,13
438,1403638149.195097,22
438,1403638149.195097,14
438,1403638149.195097,22
438,1403638149.195097,22
438,1403638149.195097,14
438,1403638149.195097,14
439,1403638149.245097,15
439,1403638149.245097,14
439,1403638149.245097,22
439,1403638149.245097,15
439,1403638149.245097,13
439,1403638149.245097,22
439,1403638149.245097,22
439,1403638149.245097,22
439,1403638149.245097,14
439,1403638149.245097,14
440,1403638149.295097,22
440,1403638149.295097,14
440,1403638149.295097,15
440,1403638149.295097,14
440,1403638149.295097,14
440,1403638149.295097,13
440,1403638149.295097,14
440,1403638149.295097,15
440,1403638149.295097,13
440,1403638149.295097,14
441,1403638149.345097,15
441,1403638149.345097,22
441,1403638149.345097,22
441,1403638149.345097,13
441,1403638149.345097,22
441,1403638149.345097,14
441,1403638149.345097,22
441,1403638149.345097,22
441,1403638149.345097,13
441,1403638149.345097,13
442,1403638149.395097,13
442,1403638149.395097,14
442,1403638149.395097,15
442,1403638149.395097,13
442,1403638149.395097,22
442,1403638149.395097,22
442,1403638149.395097,14
442,1403638149.395097,14
442,1403638149.395097,22
442,1403638149.395097,13
443,1403638149.445097,13
443,1403638149.445097,13
443,1403638149.445097,14
443,1403638149.445097,13
443,1403638149.445097,22
443,1403638149.445097,14
443,1403638149.445097,14
443,1403638149.445097,14
443,1403638149.445097,15
443,1403638149.445097,13
444,1403638149.495097,13
444,1403638149.495097,22
444,1403638149.495097,14
444,1403638149.495097,13
444,1403638149.495097,22
444,1403638149.495097,22
444,1403638149.495097,13
444,1403638149.495097,13
444,1403638149.495097,14
444,1403638149.495097,13
445,1403638149.545097,14
445,1403638149.545097,15
445,1403638149.545097,14
445,1403638149.545097,14
445,1403638149.545097,22
445,1403638149.545097,22
445,1403638149.545097,14
445,1403638149.545097,22
445,1403638149.545097,14
445,1403638149.545097,13
446,1403638149.595097,22
446,1403638149.595097,22
446,1403638149.595097,22
446,1403638149.595097,22
446,1403638149.595097,22
446,1403638149.595097,22
446,1403638149.595097,13
446,1403638149.595097,14
446,1403638149.595097,22
446,1403638149.595097,22
447,1403638149.645097,14
447,1403638149.645097,22
447,1403638149.645097,22
447,1403638149.645097,13
447,1403638149.645097,22
447,1403638149.645097,22
447,1403638149.645097,22
447,1403638149.645097,14
447,1403638149.645097,14
447,1403638149.645097,14
448,1403638149.695097,14
448,1403638149.695097,14
448,1403638149.695097,22
448,1403638149.695097,13
448,1403638149.695097,22
448,1403638149.695097,13
448,1403638149.695097,22
448,1403638149.695097,15
448,1403638149.695097,14
448,1403638149.695097,15
449,1403638149.745097,15
449,1403638149.745097,22
449,1403638149.745097,14
449,1403638149.745097,13
449,1403638149.745097,22
449,1403638149.745097,22
449,1403638149.745097,13
449,1403638149.745097,22
449,1403638149.745097,15
449,1403638149.745097,13
450,1403638149.795097,22
450,1403638149.795097,22
450,1403638149.795097,22
450,1403638149.795097,14
450,1403638149.795097,22
450,1403638149.795097,14
450,1403638149.795097,22
450,1403638149.795097,13
450,1403638149.795097,14
450,1403638149.795097,14
451,1403638149.845097,14
451,1403638149.845097,22
451,1403638149.845097,22
451,1403638149.845097,13
451,1403638149.845097,22
451,1403638149.845097,14
451,1403638149.845097,22
451,1403638149.845097,22
451,1403638149.845097,13
451,1403638149.845097,13
452,1403638149.895097,22
452,1403638149.895097,22
452,1403638149.895097,22
452,1403638149.895097,22
452,1403638149.895097,22
452,1403638149.895097,13
452,1403638149.895097,22
452,1403638149.895097,22
452,1403638149.895097,13
452,1403638149.895097,22
453,1403638149.945097,22
453,1403638149.945097,14
453,1403638149.945097,22
453,1403638149.945097,14
453,1403638149.945097,22
453,1403638149.945097,15
453,1403638149.945097,22
453,1403638149.945097,22
453,1403638149.945097,22
453,1403638149.945097,14
454,1403638149.995097,22
454,1403638149.995097,22
454,1403638149.995097,22
454,1403638149.995097,22
454,1403638149.995097,22
454,1403638149.995097,22
454,1403638149.995097,22
454,1403638149.995097,14
454,1403638149.995097,13
454,1403638149.995097,13
455,1403638150.045097,13
455,1403638150.045097,22
455,1403638150.045097,22
455,1403638150.045097,22
455,1403638150.045097,22
455,1403638150.045097,22
455,1403638150.045097,13
455,1403638150.045097,22
455,1403638150.045097,15
455,1403638150.045097,22
456,1403638150.095097,22
456,1403638150.095097,14
456,1403638150.095097,22
456,1403638150.095097,22
456,1403638150.095097,22
456,1403638150.095097,22
456,1403638150.095097,22
456,1403638150.095097,22
456,1403638150.095097,22
456,1403638150.095097,22
457,1403638150.145097,22
457,1403638150.145097,22
457,1403638150.145097,22
457,1403638150.145097,22
457,1403638150.145097,22
457,1403638150.145097,22
457,1403638150.145097,22
457,1403638150.145097,22
457,1403638150.145097,14
457,1403638150.145097,22
458,1403638150.195097,22
458,1403638150.195097,15
458,1403638150.195097,22
458,1403638150.195097,13
458,1403638150.195097,14
458,1403638150.195097,13
458,1403638150.195097,22
458,1403638150.195097,14
458,1403638150.195097,14
458,1403638150.195097,22
459,1403638150.245097,15
459,1403638150.245097,15
459,1403638150.245097,22
459,1403638150.245097,22
459,1403638150.245097,14
459,1403638150.245097,14
459,1403638150.245097,13
459,1403638150.245097,15
459,1403638150.245097,15
459,1403638150.245097,13
460,1403638150.295097,14
460,1403638150.295097,22
460,1403638150.295097,15
460,1403638150.295097,13
460,1403638150.295097,14
460,1403638150.295097,13
460,1403638150.295097,13
460,1403638150.295097,13
460,1403638150.295097,22
460,1403638150.295097,14
461,1403638150.345097,15
461,1403638150.345097,13
461,1403638150.345097,22
461,1403638150.345097,22
461,1403638150.345097,14
461,1403638150.345097,13
461,1403638150.345097,22
461,1403638150.345097,13
461,1403638150.345097,22
461,1403638150.345097,14
462,1403638150.395097,22
462,1403638150.395097,22
462,1403638150.395097,14
462,1403638150.395097,22
462,1403638150.395097,22
462,1403638150.395097,22
462,1403638150.395097,13
462,1403638150.395097,13
462,1403638150.395097,22
462,1403638150.395097,22
463,1403638150.445097,22
463,1403638150.445097,22
463,1403638150.445097,22
463,1403638150.445097,22
463,1403638150.445097,22
463,1403638150.445097,13
463,1403638150.445097,14
463,1403638150.445097,14
463,1403638150.445097,22
463,1403638150.445097,13
464,1403638150.495097,13
464,1403638150.495097,14
464,1403638150.495097,22
464,1403638150.495097,22
464,1403638150.495097,22
464,1403638150.495097,14
464,1403638150.495097,22
464,1403638150.495097,22
464,1403638150.495097,22
464,1403638150.495097,14
465,1403638150.545097,13
465,1403638150.545097,22
465,1403638150.545097,14
465,1403638150.545097,15
465,1403638150.545097,22
465,1403638150.545097,22
465,1403638150.545097,22
465,1403638150.545097,22
465,1403638150.545097,22
465,1403638150.545097,14
466,1403638150.595097,13
466,1403638150.595097,22
466,1403638150.595097,14
466,1403638150.595097,22
466,1403638150.595097,14
466,1403638150.595097,22
466,1403638150.595097,22
466,1403638150.595097,14
466,1403638150.595097,22
466,1403638150.595097,22
467,1403638150.645097,14
467,1403638150.645097,22
467,1403638150.645097,22
467,1403638150.645097,14
467,1403638150.645097,22
467,1403638150.645097,22
467,1403638150.645097,13
467,1403638150.645097,14
467,1403638150.645097,22
467,1403638150.645097,22
468,1403638150.695097,15
468,1403638150.695097,13
468,1403638150.695097,22
468,1403638150.695097,13
468,1403638150.695097,22
468,1403638150.695097,22
468,1403638150.695097,14
468,1403638150.695097,13
468,1403638150.695097,14
468,1403638150.695097,22
469,1403638150.745097,22
469,1403638150.745097,14
469,1403638150.745097,14
469,1403638150.745097,14
469,1403638150.745097,22
469,1403638150.745097,22
469,1403638150.745097,13
469,1403638150.745097,14
469,1403638150.745097,22
469,1403638150.745097,22
470,1403638150.795097,22
470,1403638150.795097,14
470,1403638150.795097,22
470,1403638150.795097,22
470,1403638150.795097,22
470,1403638150.795097,22
470,1403638150.795097,22
470,1403638150.795097,22
470,1403638150.795097,22
470,1403638150.795097,22
471,1403638150.845097,22
471,1403638150.845097,22
471,1403638150.845097,22
471,1403638150.845097,22
471,1403638150.845097,22
471,1403638150.845097,22
471,1403638150.845097,22
471,1403638150.845097,22
471,1403638150.845097,22
471,1403638150.845097,22
472,1403638150.895097,22
472,1403638150.895097,22
472,1403638150.895097,22
472,1403638150.895097,22
472,1403638150.895097,22
472,1403638150.895097,22
472,1403638150.895097,22
472,1403638150.895097,22
472,1403638150.895097,14
472,1403638150.895097,13
473,1403638150.945097,13
473,1403638150.945097,13
473,1403638150.945097,22
473,1403638150.945097,13
473,1403638150.945097,22
473,1403638150.945097,22
473,1403638150.945097,22
473,1403638150.945097,22
473,1403638150.945097,14
473,1403638150.945097,14
474,1403638150.995097,14
474,1403638150.995097,14
474,1403638150.995097,14
474,1403638150.995097,13
474,1403638150.995097,22
474,1403638150.995097,14
474,1403638150.995097,13
474,1403638150.995097,14
474,1403638150.995097,22
474,1403638150.995097,22
475,1403638151.045097,22
475,1403638151.045097,22
475,1403638151.045097,15
475,1403638151.045097,22
475,1403638151.045097,22
475,1403638151.045097,13
475,1403638151.045097,22
475,1403638151.045097,13
475,1403638151.045097,14
475,1403638151.045097,22
476,1403638151.095097,13
476,1403638151.095097,14
476,1403638151.095097,22
476,1403638151.095097,14
476,1403638151.095097,22
476,1403638151.095097,15
476,1403638151.095097,22
476,1403638151.095097,22
476,1403638151.095097,13
476,1403638151.095097,22
477,1403638151.145097,22
477,1403638151.145097,14
477,1403638151.145097,22
477,1403638151.145097,13
477,1403638151.145097,13
477,1403638151.145097,22
477,1403638151.145097,22
477,1403638151.145097,13
477,1403638151.145097,13
477,1403638151.145097,22
478,1403638151.195097,22
478,1403638151.195097,22
478,1403638151.195097,22
478,1403638151.195097,22
478,1403638151.195097,22
478,1403638151.195097,22
478,1403638151.195097,22
478,1403638151.195097,13
478,1403638151.195097,14
478,1403638151.195097,22
479,1403638151.245097,13
479,1403638151.245097,22
479,1403638151.245097,22
479,1403638151.245097,22
479,1403638151.245097,22
479,1403638151.245097,14
479,1403638151.245097,22
479,1403638151.245097,14
479,1403638151.245097,15
479,1403638151.245097,13
480,1403638151.295097,15
480,1403638151.295097,13
480,1403638151.295097,14
480,1403638151.295097,13
480,1403638151.295097,22
480,1403638151.295097,13
480,1403638151.295097,22
480,1403638151.295097,14
480,1403638151.295097,14
480,1403638151.295097,15
481,1403638151.345097,13
481,1403638151.345097,13
481,1403638151.345097,15
481,1403638151.345097,13
481,1403638151.345097,13
481,1403638151.345097,14
481,1403638151.345097,22
481,1403638151.345097,22
481,1403638151.345097,13
481,1403638151.345097,22
482,1403638151.395097,14
482,1403638151.395097,15
482,1403638151.395097,22
482,1403638151.395097,13
482,1403638151.395097,15
482,1403638151.395097,14
482,1403638151.395097,14
482,1403638151.395097,22
482,1403638151.395097,22
482,1403638151.395097,13
483,1403638151.445097,15
483,1403638151.445097,14
483,1403638151.445097,22
483,1403638151.445097,15
483,1403638151.445097,22
483,1403638151.445097,14
483,1403638151.445097,22
483,1403638151.445097,13
483,1403638151.445097,22
483,1403638151.445097,14
484,1403638151.495097,22
484,1403638151.495097,22
484,1403638151.495097,22
484,1403638151.495097,22
484,1403638151.495097,22
484,1403638151.495097,13
484,1403638151.495097,15
484,1403638151.495097,14
484,1403638151.495097,13
484,1403638151.495097,22
485,1403638151.545097,15
485,1403638151.545097,14
485,1403638151.545097,22
485,1403638151.545097,22
485,1403638151.545097,22
485,1403638151.545097,22
485,1403638151.545097,14
485,1403638151.545097,22
485,1403638151.545097,13
485,1403638151.545097,22
486,1403638151.595097,15
486,1403638151.595097,22
486,1403638151.595097,22
486,1403638151.595097,22
486,1403638151.595097,15
486,1403638151.595097,22
486,1403638151.595097,13
486,1403638151.595097,14
486,1403638151.595097,14
486,1403638151.595097,22
487,1403638151.645097,22
487,1403638151.645097,13
487,1403638151.645097,15
487,1403638151.645097,22
487,1403638151.645097,13
487,1403638151.645097,22
487,1403638151.645097,22
487,1403638151.645097,15
487,1403638151.645097,22
487,1403638151.645097,22
488,1403638151.695097,22
488,1403638151.695097,22
488,1403638151.695097,22
488,1403638151.695097,22
488,1403638151.695097,22
488,1403638151.695097,22
488,1403638151.695097,22
488,1403638151.695097,22
488,1403638151.695097,22
488,1403638151.695097,22
489,1403638151.745097,22
489,1403638151.745097,22
489,1403638151.745097,22
489,1403638151.745097,13
489,1403638151.745097,13
489,1403638151.745097,22
489,1403638151.745097,13
489,1403638151.745097,22
489,1403638151.745097,22
489,1403638151.745097,14
490,1403638151.795097,13
490,1403638151.795097,14
490,1403638151.795097,22
490,1403638151.795097,13
490,1403638151.795097,22
490,1403638151.795097,13
490,1403638151.795097,14
490,1403638151.795097,22
490,1403638151.795097,22
490,1403638151.795097,22
491,1403638151.845097,22
491,1403638151.845097,22
491,1403638151.845097,13
491,1403638151.845097,22
491,1403638151.845097,22
491,1403638151.845097,14
491,1403638151.845097,22
491,1403638151.845097,22
491,1403638151.845097,22
491,1403638151.845097,22
492,1403638151.895097,22
492,1403638151.895097,22
492,1403638151.895097,13
492,1403638151.895097,13
492,1403638151.895097,22
492,1403638151.895097,22
492,1403638151.895097,22
492,1403638151.895097,22
492,1403638151.895097,22
492,1403638151.895097,22
493,1403638151.945097,14
493,1403638151.945097,22
493,1403638151.945097,22
493,1403638151.945097,13
493,1403638151.945097,14
493,1403638151.945097,22
493,1403638151.945097,22
493,1403638151.945097,14
493,1403638151.945097,22
493,1403638151.945097,15
494,1403638151.995097,13
494,1403638151.995097,22
494,1403638151.995097,22
494,1403638151.995097,13
494,1403638151.995097,13
494,1403638151.995097,13
494,1403638151.995097,22
494,1403638151.995097,22
494,1403638151.995097,22
494,1403638151.995097,22
495,1403638152.045097,15
495,1403638152.045097,22
495,1403638152.045097,22
495,1403638152.045097,13
495,1403638152.045097,14
495,1403638152.045097,22
495,1403638152.045097,22
495,1403638152.045097,22
495,1403638152.045097,22
495,1403638152.045097,13
496,1403638152.095097,22
496,1403638152.095097,22
496,1403638152.095097,13
496,1403638152.095097,13
496,1403638152.095097,22
496,1403638152.095097,13
496,1403638152.095097,13
496,1403638152.095097,22
496,1403638152.095097,22
496,1403638152.095097,14
497,1403638152.145097,22
497,1403638152.145097,14
497,1403638152.145097,14
497,1403638152.145097,13
497,1403638152.145097,22
497,1403638152.145097,22
497,1403638152.145097,14
497,1403638152.145097,22
497,1403638152.145097,22
497,1403638152.145097,22
498,1403638152.195097,13
498,1403638152.195097,22
498,1403638152.195097,22
498,1403638152.195097,22
498,1403638152.195097,22
498,1403638152.195097,13
498,1403638152.195097,14
498,1403638152.195097,22
498,1403638152.195097,14
498,1403638152.195097,22
499,1403638152.245097,14
499,1403638152.245097,22
499,1403638152.245097,22
499,1403638152.245097,13
499,1403638152.245097,14
499,1403638152.245097,13
499,1403638152.245097,22
499,1403638152.245097,22
499,1403638152.245097,14
499,1403638152.245097,22
500,1403638152.295097,8
500,1403638152.295097,14
500,1403638152.295097,14
500,1403638152.295097,13
500,1403638152.295097,13
500,1403638152.295097,15
500,1403638152.295097,22
500,1403638152.295097,22
500,1403638152.295097,14
500,1403638152.295097,13
501,1403638152.345097,22
501,1403638152.345097,22
501,1403638152.345097,15
501,1403638152.345097,22
501,1403638152.345097,13
501,1403638152.345097,22
501,1403638152.345097,22
501,1403638152.345097,13
501,1403638152.345097,22
501,1403638152.345097,22
502,1403638152.395097,22
502,1403638152.395097,22
502,1403638152.395097,22
502,1403638152.395097,14
502,1403638152.395097,22
502,1403638152.395097,22
502,1403638152.395097,13
502,1403638152.395097,22
502,1403638152.395097,14
502,1403638152.395097,22
503,1403638152.445097,22
503,1403638152.445097,22
503,1403638152.445097,22
503,1403638152.445097,13
503,1403638152.445097,14
503,1403638152.445097,22
503,1403638152.445097,14
503,1403638152.445097,14
503,1403638152.445097,13
503,1403638152.445097,13
504,1403638152.495097,14
504,1403638152.495097,14
504,1403638152.495097,22
504,1403638152.495097,14
504,1403638152.495097,22
504,1403638152.495097,13
504,1403638152.495097,22
504,1403638152.495097,15
504,1403638152.495097,15
504,1403638152.495097,22
505,1403638152.545097,22
505,1403638152.545097,22
505,1403638152.545097,15
505,1403638152.545097,22
505,1403638152.545097,22
505,1403638152.545097,22
505,1403638152.545097,22
505,1403638152.545097,22
505,1403638152.545097,22
505,1403638152.545097,14
506,1403638152.595097,22
506,1403638152.595097,22
506,1403638152.595097,14
506,1403638152.595097,22
506,1403638152.595097,22
506,1403638152.595097,22
506,1403638152.595097,22
506,1403638152.595097,22
506,1403638152.595097,22
506,1403638152.595097,22
507,1403638152.645097,14
507,1403638152.645097,22
507,1403638152.645097,22
507,1403638152.645097,22
507,1403638152.645097,22
507,1403638152.645097,13
507,1403638152.645097,22
507,1403638152.645097,22
507,1403638152.645097,22
507,1403638152.645097,15
508,1403638152.695097,22
508,1403638152.695097,22
508,1403638152.695097,5
508,1403638152.695097,13
508,1403638152.695097,22
508,1403638152.695097,14
508,1403638152.695097,13
508,1403638152.695097,22
508,1403638152.695097,22
508,1403638152.695097,14
509,1403638152.745097,14
509,1403638152.745097,22
509,1403638152.745097,22
509,1403638152.745097,14
509,1403638152.745097,14
509,1403638152.745097,14
509,1403638152.745097,22
509,1403638152.745097,22
509,1403638152.745097,22
509,1403638152.745097,15
510,1403638152.795097,22
510,1403638152.795097,13
510,1403638152.795097,14
510,1403638152.795097,14
510,1403638152.795097,14
510,1403638152.795097,14
510,1403638152.795097,13
510,1403638152.795097,22
510,1403638152.795097,15
510,1403638152.795097,22
511,1403638152.845097,22
511,1403638152.845097,22
511,1403638152.845097,22
511,1403638152.845097,15
511,1403638152.845097,22
511,1403638152.845097,13
511,1403638152.845097,22
511,1403638152.845097,22
511,1403638152.845097,13
511,1403638152.845097,22
512,1403638152.895097,22
512,1403638152.895097,22
512,1403638152.895097,14
512,1403638152.895097,22
512,1403638152.895097,13
512,1403638152.895097,22
512,1403638152.895097,22
512,1403638152.895097,22
512,1403638152.895097,22
512,1403638152.895097,13
513,1403638152.945097,22
513,1403638152.945097,22
513,1403638152.945097,22
513,1403638152.945097,13
513,1403638152.945097,14
513,1403638152.945097,15
513,1403638152.945097,13
513,1403638152.945097,22
513,1403638152.945097,13
513,1403638152.945097,22
514,1403638152.995097,22
514,1403638152.995097,13
514,1403638152.995097,13
514,1403638152.995097,13
514,1403638152.995097,14
514,1403638152.995097,14
514,1403638152.995097,15
514,1403638152.995097,22
514,1403638152.995097,22
514,1403638152.995097,22
515,1403638153.045097,22
515,1403638153.045097,22
515,1403638153.045097,22
515,1403638153.045097,15
515,1403638153.045097,22
515,1403638153.045097,22
515,1403638153.045097,15
515,1403638153.045097,22
515,1403638153.045097,14
515,1403638153.045097,22
516,1403638153.095097,22
516,1403638153.095097,22
516,1403638153.095097,13
516,1403638153.095097,13
516,1403638153.095097,14
516,1403638153.095097,14
516,1403638153.095097,15
516,1403638153.095097,22
516,1403638153.095097,14
516,1403638153.095097,22
517,1403638153.145097,14
517,1403638153.145097,14
517,1403638153.145097,22
517,1403638153.145097,22
517,1403638153.145097,13
517,1403638153.145097,22
517,1403638153.145097,15
517,1403638153.145097,22
517,1403638153.145097,13
517,1403638153.145097,22
518,1403638153.195097,22
518,1403638153.195097,22
518,1403638153.195097,14
518,1403638153.195097,14
518,1403638153.195097,22
518,1403638153.195097,12
518,1403638153.195097,22
518,1403638153.195097,22
518,1403638153.195097,22
518,1403638153.195097,22
519,1403638153.245097,22
519,1403638153.245097,22
519,1403638153.245097,22
519,1403638153.245097,14
519,1403638153.245097,14
519,1403638153.245097,22
519,1403638153.245097,15
519,1403638153.245097,22
519,1403638153.245097,14
519,1403638153.245097,22
520,1403638153.295097,22
520,1403638153.295097,14
520,1403638153.295097,15
520,1403638153.295097,22
520,1403638153.295097,22
520,1403638153.295097,13
520,1403638153.295097,15
520,1403638153.295097,22
520,1403638153.295097,15
520,1403638153.295097,22
521,1403638153.345097,15
521,1403638153.345097,15
521,1403638153.345097,22
521,1403638153.345097,14
521,1403638153.345097,15
521,1403638153.345097,14
521,1403638153.345097,15
521,1403638153.345097,22
521,1403638153.345097,22
521,1403638153.345097,15
522,1403638153.395097,15
522,1403638153.395097,14
522,1403638153.395097,14
522,1403638153.395097,14
522,1403638153.395097,22
522,1403638153.395097,14
522,1403638153.395097,14
522,1403638153.395097,22
522,1403638153.395097,14
522,1403638153.395097,14
523,1403638153.445097,22
523,1403638153.445097,22
523,1403638153.445097,22
523,1403638153.445097,13
523,1403638153.445097,22
523,1403638153.445097,14
523,1403638153.445097,14
523,1403638153.445097,22
523,1403638153.445097,22
523,1403638153.445097,15
524,1403638153.495097,22
524,1403638153.495097,13
524,1403638153.495097,22
524,1403638153.495097,22
524,1403638153.495097,22
524,1403638153.495097,13
524,1403638153.495097,22
524,1403638153.495097,15
524,1403638153.495097,14
524,1403638153.495097,14
525,1403638153.545097,22
525,1403638153.545097,22
525,1403638153.545097,22
525,1403638153.545097,22
525,1403638153.545097,13
525,1403638153.545097,15
525,1403638153.545097,22
525,1403638153.545097,22
525,1403638153.545097,13
525,1403638153.545097,14
526,1403638153.595097,22
526,1403638153.595097,13
526,1403638153.595097,14
526,1403638153.595097,13
526,1403638153.595097,22
526,1403638153.595097,13
526,1403638153.595097,13
526,1403638153.595097,22
526,1403638153.595097,22
526,1403638153.595097,14
527,1403638153.645097,14
527,1403638153.645097,15
527,1403638153.645097,22
527,1403638153.645097,22
527,1403638153.645097,22
527,1403638153.645097,22
527,1403638153.645097,22
527,1403638153.645097,22
527,1403638153.645097,15
527,1403638153.645097,13
528,1403638153.695097,22
528,1403638153.695097,22
528,1403638153.695097,14
528,1403638153.695097,14
528,1403638153.695097,15
528,1403638153.695097,14
528,1403638153.695097,22
528,1403638153.695097,15
528,1403638153.695097,22
528,1403638153.695097,15
529,1403638153.745097,14
529,1403638153.745097,22
529,1403638153.745097,22
529,1403638153.745097,15
529,1403638153.745097,22
529,1403638153.745097,22
529,1403638153.745097,14
529,1403638153.745097,22
529,1403638153.745097,13
529,1403638153.745097,22
530,1403638153.795097,22
530,1403638153.795097,13
530,1403638153.795097,14
530,1403638153.795097,22
530,1403638153.795097,14
530,1403638153.795097,13
530,1403638153.795097,22
530,1403638153.795097,22
530,1403638153.795097,22
530,1403638153.795097,22
531,1403638153.845097,14
531,1403638153.845097,22
531,1403638153.845097,22
531,1403638153.845097,22
531,1403638153.845097,22
531,1403638153.845097,14
531,1403638153.845097,15
531,1403638153.845097,22
531,1403638153.845097,14
531,1403638153.845097,22
532,1403638153.895097,22
532,1403638153.895097,22
532,1403638153.895097,22
532,1403638153.895097,15
532,1403638153.895097,14
532,1403638153.895097,22
532,1403638153.895097,13
532,1403638153.895097,22
532,1403638153.895097,22
532,1403638153.895097,22
533,1403638153.945097,14
533,1403638153.945097,22
533,1403638153.945097,14
533,1403638153.945097,22
533,1403638153.945097,15
533,1403638153.945097,14
533,1403638153.945097,22
533,1403638153.945097,15
533,1403638153.945097,14
533,1403638153.945097,22
534,1403638153.995097,22
534,1403638153.995097,22
534,1403638153.995097,22
534,1403638153.995097,22
534,1403638153.995097,22
534,1403638153.995097,14
534,1403638153.995097,13
534,1403638153.995097,22
534,1403638153.995097,13
534,1403638153.995097,22
535,1403638154.045097,22
535,1403638154.045097,15
535,1403638154.045097,15
535,1403638154.045097,13
535,1403638154.045097,22
535,1403638154.045097,22
535,1403638154.045097,15
535,1403638154.045097,22
535,1403638154.045097,22
535,1403638154.045097,22
536,1403638154.095097,14
536,1403638154.095097,22
536,1403638154.095097,15
536,1403638154.095097,22
536,1403638154.095097,22
536,1403638154.095097,13
536,1403638154.095097,15
536,1403638154.095097,14
536,1403638154.095097,13
536,1403638154.095097,22
537,1403638154.145097,22
537,1403638154.145097,15
537,1403638154.145097,22
537,1403638154.145097,14
537,1403638154.145097,13
537,1403638154.145097,12
537,1403638154.145097,13
537,1403638154.145097,13
537,1403638154.145097,15
537,1403638154.145097,22
538,1403638154.195097,13
538,1403638154.195097,13
538,1403638154.195097,22
538,1403638154.195097,14
538,1403638154.195097,22
538,1403638154.195097,15
538,1403638154.195097,22
538,1403638154.195097,22
538,1403638154.195097,22
538,1403638154.195097,22
539,1403638154.245097,22
539,1403638154.245097,22
539,1403638154.245097,13
539,1403638154.245097,14
539,1403638154.245097,13
539,1403638154.245097,14
539,1403638154.245097,14
539,1403638154.245097,13
539,1403638154.245097,14
539,1403638154.245097,22
540,1403638154.295097,22
540,1403638154.295097,22
540,1403638154.295097,14
540,1403638154.295097,15
540,1403638154.295097,15
540,1403638154.295097,14
540,1403638154.295097,13
540,1403638154.295097,22
540,1403638154.295097,15
540,1403638154.295097,22
541,1403638154.345097,22
541,1403638154.345097,22
541,1403638154.345097,15
541,1403638154.345097,13
541,1403638154.345097,14
541,1403638154.345097,22
541,1403638154.345097,14
541,1403638154.345097,14
541,1403638154.345097,22
541,1403638154.345097,22
542,1403638154.395097,22
542,1403638154.395097,13
542,1403638154.395097,22
542,1403638154.395097,22
542,1403638154.395097,22
542,1403638154.395097,22
542,1403638154.395097,14
542,1403638154.395097,14
542,1403638154.395097,22
542,1403638154.395097,22
543,1403638154.445097,22
543,1403638154.445097,14
543,1403638154.445097,14
543,1403638154.445097,13
543,1403638154.445097,22
543,1403638154.445097,12
543,1403638154.445097,14
543,1403638154.445097,15
543,1403638154.445097,22
543,1403638154.445097,13
544,1403638154.495097,22
544,1403638154.495097,15
544,1403638154.495097,15
544,1403638154.495097,14
544,1403638154.495097,22
544,1403638154.495097,14
544,1403638154.495097,14
544,1403638154.495097,22
544,1403638154.495097,13
544,1403638154.495097,14
545,1403638154.545097,13
545,1403638154.545097,15
545,1403638154.545097,14
545,1403638154.545097,13
545,1403638154.545097,22
545,1403638154.545097,13
545,1403638154.545097,14
545,1403638154.545097,22
545,1403638154.545097,13
545,1403638154.545097,14
546,1403638154.595097,14
546,1403638154.595097,22
546,1403638154.595097,13
546,1403638154.595097,14
546,1403638154.595097,13
546,1403638154.595097,22
546,1403638154.595097,14
546,1403638154.595097,22
546,1403638154.595097,15
546,1403638154.595097,22
547,1403638154.645097,14
547,1403638154.645097,22
547,1403638154.645097,15
547,1403638154.645097,22
547,1403638154.645097,15
547,1403638154.645097,13
547,1403638154.645097,13
547,1403638154.645097,13
547,1403638154.645097,22
547,1403638154.645097,13
548,1403638154.695097,22
548,1403638154.695097,22
548,1403638154.695097,22
548,1403638154.695097,13
548,1403638154.695097,13
548,1403638154.695097,13
548,1403638154.695097,14
548,1403638154.695097,22
548,1403638154.695097,13
548,1403638154.695097,22
549,1403638154.745097,22
549,1403638154.745097,22
549,1403638154.745097,14
549,1403638154.745097,14
549,1403638154.745097,13
549,1403638154.745097,14
549,1403638154.745097,22
549,1403638154.745097,22
549,1403638154.745097,14
549,1403638154.745097,14
550,1403638154.795097,22
550,1403638154.795097,22
550,1403638154.795097,15
550,1403638154.795097,14
550,1403638154.795097,14
550,1403638154.795097,22
550,1403638154.795097,15
550,1403638154.795097,13
550,1403638154.795097,14
550,1403638154.795097,22
551,1403638154.845097,22
551,1403638154.845097,13
551,1403638154.845097,22
551,1403638154.845097,22
551,1403638154.845097,13
551,1403638154.845097,22
551,1403638154.845097,22
551,1403638154.845097,14
551,1403638154.845097,22
551,1403638154.845097,22
552,1403638154.895097,22
552,1403638154.895097,13
552,1403638154.895097,22
552,1403638154.895097,22
552,1403638154.895097,22
552,1403638154.895097,13
552,1403638154.895097,13
552,1403638154.895097,22
552,1403638154.895097,22
552,1403638154.895097,15
553,1403638154.945097,22
553,1403638154.945097,22
553,1403638154.945097,13
553,1403638154.945097,22
553,1403638154.945097,15
553,1403638154.945097,12
553,1403638154.945097,15
553,1403638154.945097,22
553,1403638154.945097,22
553,1403638154.945097,22
554,1403638154.995097,14
554,1403638154.995097,13
554,1403638154.995097,14
554,1403638154.995097,22
554,1403638154.995097,22
554,1403638154.995097,22
554,1403638154.995097,22
554,1403638154.995097,14
554,1403638154.995097,22
554,1403638154.995097,13
555,1403638155.045097,22
555,1403638155.045097,22
555,1403638155.045097,22
555,1403638155.045097,22
555,1403638155.045097,22
555,1403638155.045097,14
555,1403638155.045097,22
555,1403638155.045097,22
555,1403638155.045097,13
555,1403638155.045097,22
556,1403638155.095097,13
556,1403638155.095097,22
556,1403638155.095097,22
556,1403638155.095097,22
556,1403638155.095097,22
556,1403638155.095097,22
556,1403638155.095097,14
556,1403638155.095097,22
556,1403638155.095097,15
556,1403638155.095097,13
557,1403638155.145097,22
557,1403638155.145097,13
557,1403638155.145097,22
557,1403638155.145097,22
557,1403638155.145097,14
557,1403638155.145097,22
557,1403638155.145097,22
557,1403638155.145097,14
557,1403638155.145097,22
557,1403638155.145097,22
558,1403638155.195097,13
558,1403638155.195097,22
558,1403638155.195097,22
558,1403638155.195097,22
558,1403638155.195097,14
558,1403638155.195097,22
558,1403638155.195097,22
558,1403638155.195097,14
558,1403638155.195097,13
558,1403638155.195097,22
559,1403638155.245097,13
559,1403638155.245097,22
559,1403638155.245097,22
559,1403638155.245097,14
559,1403638155.245097,13
559,1403638155.245097,22
559,1403638155.245097,22
559,1403638155.245097,14
559,1403638155.245097,14
559,1403638155.245097,22
560,1403638155.295097,14
560,1403638155.295097,22
560,1403638155.295097,22
560,1403638155.295097,13
560,1403638155.295097,22
560,1403638155.295097,22
560,1403638155.295097,14
560,1403638155.295097,13
560,1403638155.295097,22
560,1403638155.295097,22
561,1403638155.345097,14
561,1403638155.345097,15
561,1403638155.345097,13
561,1403638155.345097,14
561,1403638155.345097,22
561,1403638155.345097,12
561,1403638155.345097,22
561,1403638155.345097,14
561,1403638155.345097,22
561,1403638155.345097,22
562,1403638155.395097,14
562,1403638155.395097,22
562,1403638155.395097,22
562,1403638155.395097,22
562,1403638155.395097,13
562,1403638155.395097,15
562,1403638155.395097,22
562,1403638155.395097,13
562,1403638155.395097,14
562,1403638155.395097,14
563,1403638155.445097,22
563,1403638155.445097,14
563,1403638155.445097,14
563,1403638155.445097,13
563,1403638155.445097,13
563,1403638155.445097,13
563,1403638155.445097,22
563,1403638155.445097,22
563,1403638155.445097,14
563,1403638155.445097,14
564,1403638155.495097,22
564,1403638155.495097,14
564,1403638155.495097,14
564,1403638155.495097,13
564,1403638155.495097,22
564,1403638155.495097,13
564,1403638155.495097,15
564,1403638155.495097,22
564,1403638155.495097,22
564,1403638155.495097,22
565,1403638155.545097,15
565,1403638155.545097,13
565,1403638155.545097,14
565,1403638155.545097,15
565,1403638155.545097,13
565,1403638155.545097,12
565,1403638155.545097,22
565,1403638155.545097,22
565,1403638155.545097,22
565,1403638155.545097,22
566,1403638155.595097,22
566,1403638155.595097,14
566,1403638155.595097,13
566,1403638155.595097,14
566,1403638155.595097,22
566,1403638155.595097,22
566,1403638155.595097,22
566,1403638155.595097,22
566,1403638155.595097,22
566,1403638155.595097,22
567,1403638155.645097,22
567,1403638155.645097,15
567,1403638155.645097,13
567,1403638155.645097,22
567,1403638155.645097,22
567,1403638155.645097,12
567,1403638155.645097,15
567,1403638155.645097,13
567,1403638155.645097,14
567,1403638155.645097,22
568,1403638155.695097,22
568,1403638155.695097,13
568,1403638155.695097,14
568,1403638155.695097,22
568,1403638155.695097,22
568,1403638155.695097,14
568,1403638155.695097,22
568,1403638155.695097,15
568,1403638155.695097,14
568,1403638155.695097,22
569,1403638155.745097,14
569,1403638155.745097,14
569,1403638155.745097,22
569,1403638155.745097,22
569,1403638155.745097,14
569,1403638155.745097,13
569,1403638155.745097,13
569,1403638155.745097,15
569,1403638155.745097,22
569,1403638155.745097,22
570,1403638155.795097,13
570,1403638155.795097,14
570,1403638155.795097,22
570,1403638155.795097,22
570,1403638155.795097,14
570,1403638155.795097,13
570,1403638155.795097,22
570,1403638155.795097,13
570,1403638155.795097,13
570,1403638155.795097,14
571,1403638155.845097,22
571,1403638155.845097,14
571,1403638155.845097,14
571,1403638155.845097,22
571,1403638155.845097,13
571,1403638155.845097,13
571,1403638155.845097,22
571,1403638155.845097,14
571,1403638155.845097,14
571,1403638155.845097,22
572,1403638155.895097,13
572,1403638155.895097,22
572,1403638155.895097,22
572,1403638155.895097,13
572,1403638155.895097,22
572,1403638155.895097,14
572,1403638155.895097,13
572,1403638155.895097,13
572,1403638155.895097,13
572,1403638155.895097,22
573,1403638155.945097,14
573,1403638155.945097,22
573,1403638155.945097,14
573,1403638155.945097,14
573,1403638155.945097,22
573,1403638155.945097,15
573,1403638155.945097,15
573,1403638155.945097,13
573,1403638155.945097,13
573,1403638155.945097,14
574,1403638155.995097,22
574,1403638155.995097,22
574,1403638155.995097,15
574,1403638155.995097,22
574,1403638155.995097,22
574,1403638155.995097,22
574,1403638155.995097,22
574,1403638155.995097,15
574,1403638155.995097,22
574,1403638155.995097,15
575,1403638156.045097,22
575,1403638156.045097,22
575,1403638156.045097,13
575,1403638156.045097,22
575,1403638156.045097,22
575,1403638156.045097,22
575,1403638156.045097,22
575,1403638156.045097,14
575,1403638156.045097,22
575,1403638156.045097,15
576,1403638156.095097,13
576,1403638156.095097,22
576,1403638156.095097,22
576,1403638156.095097,14
576,1403638156.095097,13
576,1403638156.095097,14
576,1403638156.095097,14
576,1403638156.095097,15
576,1403638156.095097,13
576,1403638156.095097,22
577,1403638156.145097,14
577,1403638156.145097,22
577,1403638156.145097,22
577,1403638156.145097,14
577,1403638156.145097,14
577,1403638156.145097,22
577,1403638156.145097,22
577,1403638156.145097,13
577,1403638156.145097,15
577,1403638156.145097,22
578,1403638156.195097,14
578,1403638156.195097,22
578,1403638156.195097,13
578,1403638156.195097,22
578,1403638156.195097,14
578,1403638156.195097,22
578,1403638156.195097,22
578,1403638156.195097,14
578,1403638156.195097,22
578,1403638156.195097,22
579,1403638156.245097,14
579,1403638156.245097,22
579,1403638156.245097,14
579,1403638156.245097,22
579,1403638156.245097,22
579,1403638156.245097,22
579,1403638156.245097,22
579,1403638156.245097,14
579,1403638156.245097,13
579,1403638156.245097,22
580,1403638156.295097,14
580,1403638156.295097,22
580,1403638156.295097,22
580,1403638156.295097,22
580,1403638156.295097,22
580,1403638156.295097,14
580,1403638156.295097,22
580,1403638156.295097,14
580,1403638156.295097,15
580,1403638156.295097,22
581,1403638156.345097,22
581,1403638156.345097,22
581,1403638156.345097,13
581,1403638156.345097,22
581,1403638156.345097,14
581,1403638156.345097,13
581,1403638156.345097,14
581,1403638156.345097,22
581,1403638156.345097,14
581,1403638156.345097,22
582,1403638156.395097,13
582,1403638156.395097,22
582,1403638156.395097,22
582,1403638156.395097,22
582,1403638156.395097,13
582,1403638156.395097,13
582,1403638156.395097,22
582,1403638156.395097,22
582,1403638156.395097,22
582,1403638156.395097,22
583,1403638156.445097,13
583,1403638156.445097,15
583,1403638156.445097,14
583,1403638156.445097,22
583,1403638156.445097,14
583,1403638156.445097,13
583,1403638156.445097,22
583,1403638156.445097,13
583,1403638156.445097,22
583,1403638156.445097,22
584,1403638156.495097,13
584,1403638156.495097,22
584,1403638156.495097,22
584,1403638156.495097,22
584,1403638156.495097,15
584,1403638156.495097,12
584,1403638156.495097,15
584,1403638156.495097,22
584,1403638156.495097,22
584,1403638156.495097,22
585,1403638156.545097,13
585,1403638156.545097,22
585,1403638156.545097,22
585,1403638156.545097,22
585,1403638156.545097,22
585,1403638156.545097,13
585,1403638156.545097,22
585,1403638156.545097,22
585,1403638156.545097,13
585,1403638156.545097,22
586,1403638156.595097,22
586,1403638156.595097,22
586,1403638156.595097,22
586,1403638156.595097,22
586,1403638156.595097,22
586,1403638156.595097,22
586,1403638156.595097,15
586,1403638156.595097,22
586,1403638156.595097,14
586,1403638156.595097,22
587,1403638156.645097,22
587,1403638156.645097,22
587,1403638156.645097,22
587,1403638156.645097,13
587,1403638156.645097,14
587,1403638156.645097,12
587,1403638156.645097,22
587,1403638156.645097,14
587,1403638156.645097,22
587,1403638156.645097,14
588,1403638156.695097,22
588,1403638156.695097,15
588,1403638156.695097,22
588,1403638156.695097,14
588,1403638156.695097,14
588,1403638156.695097,22
588,1403638156.695097,22
588,1403638156.695097,14
588,1403638156.695097,22
588,1403638156.695097,22
589,1403638156.745097,13
589,1403638156.745097,22
589,1403638156.745097,22
589,1403638156.745097,22
589,1403638156.745097,22
589,1403638156.745097,22
589,1403638156.745097,22
589,1403638156.745097,22
589,1403638156.745097,22
589,1403638156.745097,15
590,1403638156.795097,22
590,1403638156.795097,22
590,1403638156.795097,22
590,1403638156.795097,22
590,1403638156.795097,22
590,1403638156.795097,22
590,1403638156.795097,22
590,1403638156.795097,22
590,1403638156.795097,22
590,1403638156.795097,22
591,1403638156.845097,22
591,1403638156.845097,22
591,1403638156.845097,22
591,1403638156.845097,22
591,1403638156.845097,22
591,1403638156.845097,22
591,1403638156.845097,22
591,1403638156.845097,22
591,1403638156.845097,13
591,1403638156.845097,22
592,1403638156.895097,14
592,1403638156.895097,22
592,1403638156.895097,22
592,1403638156.895097,22
592,1403638156.895097,22
592,1403638156.895097,22
592,1403638156.895097,13
592,1403638156.895097,22
592,1403638156.895097,14
592,1403638156.895097,22
593,1403638156.945097,13
593,1403638156.945097,22
593,1403638156.945097,22
593,1403638156.945097,12
593,1403638156.945097,22
593,1403638156.945097,22
593,1403638156.945097,15
593,1403638156.945097,22
593,1403638156.945097,22
593,1403638156.945097,15
594,1403638156.995097,22
594,1403638156.995097,22
594,1403638156.995097,22
594,1403638156.995097,13
594,1403638156.995097,22
594,1403638156.995097,22
594,1403638156.995097,14
594,1403638156.995097,22
594,1403638156.995097,22
594,1403638156.995097,22
595,1403638157.045097,22
595,1403638157.045097,13
595,1403638157.045097,13
595,1403638157.045097,13
595,1403638157.045097,22
595,1403638157.045097,22
595,1403638157.045097,22
595,1403638157.045097,22
595,1403638157.045097,22
595,1403638157.045097,22
596,1403638157.095097,22
596,1403638157.095097,22
596,1403638157.095097,22
596,1403638157.095097,13
596,1403638157.095097,22
596,1403638157.095097,22
596,1403638157.095097,14
596,1403638157.095097,22
596,1403638157.095097,13
596,1403638157.095097,14
597,1403638157.145097,22
597,1403638157.145097,22
597,1403638157.145097,22
597,1403638157.145097,22
597,1403638157.145097,22
597,1403638157.145097,22
597,1403638157.145097,15
597,1403638157.145097,22
597,1403638157.145097,13
597,1403638157.145097,22
598,1403638157.195097,22
598,1403638157.195097,22
598,1403638157.195097,22
598,1403638157.195097,22
598,1403638157.195097,22
598,1403638157.195097,22
598,1403638157.195097,22
598,1403638157.195097,22
598,1403638157.195097,22
598,1403638157.195097,14
599,1403638157.245097,22
599,1403638157.245097,13
599,1403638157.245097,22
599,1403638157.245097,22
599,1403638157.245097,22
599,1403638157.245097,22
599,1403638157.245097,14
599,1403638157.245097,22
599,1403638157.245097,22
599,1403638157.245097,13
600,1403638157.295097,22
600,1403638157.295097,14
600,1403638157.295097,22
600,1403638157.295097,22
600,1403638157.295097,22
600,1403638157.295097,22
600,1403638157.295097,22
600,1403638157.295097,13
600,1403638157.295097,22
600,1403638157.295097,13
601,1403638157.345097,22
601,1403638157.345097,22
601,1403638157.345097,22
601,1403638157.345097,22
601,1403638157.345097,22
601,1403638157.345097,22
601,1403638157.345097,22
601,1403638157.345097,22
601,1403638157.345097,22
601,1403638157.345097,22
602,1403638157.395097,22
602,1403638157.395097,22
602,1403638157.395097,22
602,1403638157.395097,22
602,1403638157.395097,22
602,1403638157.395097,22
602,1403638157.395097,14
602,1403638157.395097,22
602,1403638157.395097,22
602,1403638157.395097,22
603,1403638157.445097,22
603,1403638157.445097,22
603,1403638157.445097,22
603,1403638157.445097,22
603,1403638157.445097,22
603,1403638157.445097,22
603,1403638157.445097,22
603,1403638157.445097,22
603,1403638157.445097,22
603,1403638157.445097,22
604,1403638157.495097,22
604,1403638157.495097,22
604,1403638157.495097,22
604,1403638157.495097,22
604,1403638157.495097,22
604,1403638157.495097,22
604,1403638157.495097,15
604,1403638157.495097,13
604,1403638157.495097,22
604,1403638157.495097,22
605,1403638157.545097,22
605,1403638157.545097,22
605,1403638157.545097,22
605,1403638157.545097,22
605,1403638157.545097,22
605,1403638157.545097,22
605,1403638157.545097,13
605,1403638157.545097,15
605,1403638157.545097,22
605,1403638157.545097,22
606,1403638157.595097,22
606,1403638157.595097,22
606,1403638157.595097,22
606,1403638157.595097,22
606,1403638157.595097,22
606,1403638157.595097,22
606,1403638157.595097,22
606,1403638157.595097,22
606,1403638157.595097,22
606,1403638157.595097,22
607,1403638157.645097,22
607,1403638157.645097,13
607,1403638157.645097,22
607,1403638157.645097,13
607,1403638157.645097,13
607,1403638157.645097,13
607,1403638157.645097,22
607,1403638157.645097,22
607,1403638157.645097,13
607,1403638157.645097,22
608,1403638157.695097,22
608,1403638157.695097,14
608,1403638157.695097,22
608,1403638157.695097,13
608,1403638157.695097,22
608,1403638157.695097,22
608,1403638157.695097,22
608,1403638157.695097,13
608,1403638157.695097,15
608,1403638157.695097,22
609,1403638157.745097,22
609,1403638157.745097,22
609,1403638157.745097,22
609,1403638157.745097,22
609,1403638157.745097,22
609,1403638157.745097,22
609,1403638157.745097,22
609,1403638157.745097,22
609,1403638157.745097,22
609,1403638157.745097,22
610,1403638157.795097,13
610,1403638157.795097,22
610,1403638157.795097,15
610,1403638157.795097,22
610,1403638157.795097,14
610,1403638157.795097,14
610,1403638157.795097,15
610,1403638157.795097,22
610,1403638157.795097,22
610,1403638157.795097,22
611,1403638157.845097,14
611,1403638157.845097,22
611,1403638157.845097,13
611,1403638157.845097,22
611,1403638157.845097,14
611,1403638157.845097,12
611,1403638157.845097,22
611,1403638157.845097,22
611,1403638157.845097,22
611,1403638157.845097,22
612,1403638157.895097,22
612,1403638157.895097,22
612,1403638157.895097,14
612,1403638157.895097,22
612,1403638157.895097,22
612,1403638157.895097,12
612,1403638157.895097,22
612,1403638157.895097,13
612,1403638157.895097,22
612,1403638157.895097,22
613,1403638157.945097,22
613,1403638157.945097,22
613,1403638157.945097,22
613,1403638157.945097,22
613,1403638157.945097,13
613,1403638157.945097,22
613,1403638157.945097,22
613,1403638157.945097,13
613,1403638157.945097,22
613,1403638157.945097,22
614,1403638157.995097,22
614,1403638157.995097,22
614,1403638157.995097,22
614,1403638157.995097,22
614,1403638157.995097,14
614,1403638157.995097,22
614,1403638157.995097,15
614,1403638157.995097,14
614,1403638157.995097,22
614,1403638157.995097,22
615,1403638158.045097,22
615,1403638158.045097,22
615,1403638158.045097,22
615,1403638158.045097,22
615,1403638158.045097,13
615,1403638158.045097,22
615,1403638158.045097,22
615,1403638158.045097,14
615,1403638158.045097,22
615,1403638158.045097,22
616,1403638158.095097,22
616,1403638158.095097,22
616,1403638158.095097,22
616,1403638158.095097,22
616,1403638158.095097,14
616,1403638158.095097,22
616,1403638158.095097,22
616,1403638158.095097,22
616,1403638158.095097,22
616,1403638158.095097,22
617,1403638158.145097,13
617,1403638158.145097,22
617,1403638158.145097,22
617,1403638158.145097,13
617,1403638158.145097,22
617,1403638158.145097,22
617,1403638158.145097,22
617,1403638158.145097,22
617,1403638158.145097,22
617,1403638158.145097,22
618,1403638158.195097,13
618,1403638158.195097,13
618,1403638158.195097,22
618,1403638158.195097,13
618,1403638158.195097,22
618,1403638158.195097,22
618,1403638158.195097,15
618,1403638158.195097,22
618,1403638158.195097,22
618,1403638158.195097,22
619,1403638158.245097,14
619,1403638158.245097,13
619,1403638158.245097,22
619,1403638158.245097,13
619,1403638158.245097,13
619,1403638158.245097,13
619,1403638158.245097,13
619,1403638158.245097,22
619,1403638158.245097,22
619,1403638158.245097,22
620,1403638158.295097,13
620,1403638158.295097,22
620,1403638158.295097,22
620,1403638158.295097,22
620,1403638158.295097,22
620,1403638158.295097,13
620,1403638158.295097,22
620,1403638158.295097,22
620,1403638158.295097,22
620,1403638158.295097,22
621,1403638158.345097,22
621,1403638158.345097,22
621,1403638158.345097,22
621,1403638158.345097,22
621,1403638158.345097,22
621,1403638158.345097,12
621,1403638158.345097,22
621,1403638158.345097,22
621,1403638158.345097,22
621,1403638158.345097,22
622,1403638158.395097,15
622,1403638158.395097,22
622,1403638158.395097,13
622,1403638158.395097,22
622,1403638158.395097,22
622,1403638158.395097,22
622,1403638158.395097,14
622,1403638158.395097,22
622,1403638158.395097,22
622,1403638158.395097,22
623,1403638158.445097,22
623,1403638158.445097,22
623,1403638158.445097,22
623,1403638158.445097,22
623,1403638158.445097,22
623,1403638158.445097,22
623,1403638158.445097,22
623,1403638158.445097,22
623,1403638158.445097,22
623,1403638158.445097,22
624,1403638158.495097,15
624,1403638158.495097,22
624,1403638158.495097,22
624,1403638158.495097,22
624,1403638158.495097,22
624,1403638158.495097,22
624,1403638158.495097,14
624,1403638158.495097,13
624,1403638158.495097,22
624,1403638158.495097,22
625,1403638158.545097,22
625,1403638158.545097,22
625,1403638158.545097,22
625,1403638158.545097,22
625,1403638158.545097,22
625,1403638158.545097,22
625,1403638158.545097,22
625,1403638158.545097,22
625,1403638158.545097,22
625,1403638158.545097,22
626,1403638158.595097,14
626,1403638158.595097,22
626,1403638158.595097,22
626,1403638158.595097,22
626,1403638158.595097,22
626,1403638158.595097,22
626,1403638158.595097,22
626,1403638158.595097,22
626,1403638158.595097,13
626,1403638158.595097,22
627,1403638158.645097,15
627,1403638158.645097,22
627,1403638158.645097,22
627,1403638158.645097,22
627,1403638158.645097,22
627,1403638158.645097,22
627,1403638158.645097,13
627,1403638158.645097,22
627,1403638158.645097,15
627,1403638158.645097,22
628,1403638158.695097,22
628,1403638158.695097,22
628,1403638158.695097,22
628,1403638158.695097,22
628,1403638158.695097,22
628,1403638158.695097,22
628,1403638158.695097,22
628,1403638158.695097,14
628,1403638158.695097,22
628,1403638158.695097,22
629,1403638158.745097,13
629,1403638158.745097,22
629,1403638158.745097,22
629,1403638158.745097,22
629,1403638158.745097,22
629,1403638158.745097,12
629,1403638158.745097,15
629,1403638158.745097,22
629,1403638158.745097,22
629,1403638158.745097,22
630,1403638158.795097,22
630,1403638158.795097,22
630,1403638158.795097,22
630,1403638158.795097,22
630,1403638158.795097,22
630,1403638158.795097,22
630,1403638158.795097,12
630,1403638158.795097,22
630,1403638158.795097,22
630,1403638158.795097,22
631,1403638158.845097,14
631,1403638158.845097,22
631,1403638158.845097,22
631,1403638158.845097,22
631,1403638158.845097,22
631,1403638158.845097,22
631,1403638158.845097,13
631,1403638158.845097,22
631,1403638158.845097,22
631,1403638158.845097,22
632,1403638158.895097,22
632,1403638158.895097,22
632,1403638158.895097,13
632,1403638158.895097,22
632,1403638158.895097,22
632,1403638158.895097,22
632,1403638158.895097,12
632,1403638158.895097,22
632,1403638158.895097,22
632,1403638158.895097,22
633,1403638158.945097,22
633,1403638158.945097,22
633,1403638158.945097,22
633,1403638158.945097,22
633,1403638158.945097,22
633,1403638158.945097,22
633,1403638158.945097,14
633,1403638158.945097,22
633,1403638158.945097,22
633,1403638158.945097,22
634,1403638158.995097,22
634,1403638158.995097,22
634,1403638158.995097,22
634,1403638158.995097,22
634,1403638158.995097,22
634,1403638158.995097,22
634,1403638158.995097,22
634,1403638158.995097,22
634,1403638158.995097,22
634,1403638158.995097,22
635,1403638159.045097,22
635,1403638159.045097,22
635,1403638159.045097,22
635,1403638159.045097,22
635,1403638159.045097,22
635,1403638159.045097,22
635,1403638159.045097,12
635,1403638159.045097,22
635,1403638159.045097,22
635,1403638159.045097,22
636,1403638159.095097,22
636,1403638159.095097,22
636,1403638159.095097,22
636,1403638159.095097,13
636,1403638159.095097,22
636,1403638159.095097,22
636,1403638159.095097,13
636,1403638159.095097,22
636,1403638159.095097,22
636,1403638159.095097,22
637,1403638159.145097,22
637,1403638159.145097,22
637,1403638159.145097,22
637,1403638159.145097,13
637,1403638159.145097,22
637,1403638159.145097,12
637,1403638159.145097,14
637,1403638159.145097,22
637,1403638159.145097,22
637,1403638159.145097,22
638,1403638159.195097,22
638,1403638159.195097,22
638,1403638159.195097,22
638,1403638159.195097,12
638,1403638159.195097,22
638,1403638159.195097,14
638,1403638159.195097,22
638,1403638159.195097,22
638,1403638159.195097,22
638,1403638159.195097,22
639,1403638159.245097,22
639,1403638159.245097,22
639,1403638159.245097,22
639,1403638159.245097,22
639,1403638159.245097,22
639,1403638159.245097,22
639,1403638159.245097,22
639,1403638159.245097,22
639,1403638159.245097,13
639,1403638159.245097,22
640,1403638159.295097,22
640,1403638159.295097,22
640,1403638159.295097,22
640,1403638159.295097,22
640,1403638159.295097,22
640,1403638159.295097,22
640,1403638159.295097,22
640,1403638159.295097,22
640,1403638159.295097,15
640,1403638159.295097,22
641,1403638159.345097,13
641,1403638159.345097,22
641,1403638159.345097,13
641,1403638159.345097,14
641,1403638159.345097,13
641,1403638159.345097,22
641,1403638159.345097,22
641,1403638159.345097,13
641,1403638159.345097,13
641,1403638159.345097,22
642,1403638159.395097,13
642,1403638159.395097,13
642,1403638159.395097,14
642,1403638159.395097,14
642,1403638159.395097,14
642,1403638159.395097,22
642,1403638159.395097,22
642,1403638159.395097,22
642,1403638159.395097,14
642,1403638159.395097,14
643,1403638159.445097,14
643,1403638159.445097,22
643,1403638159.445097,14
643,1403638159.445097,13
643,1403638159.445097,14
643,1403638159.445097,22
643,1403638159.445097,13
643,1403638159.445097,22
643,1403638159.445097,13
643,1403638159.445097,22
644,1403638159.495097,13
644,1403638159.495097,22
644,1403638159.495097,13
644,1403638159.495097,13
644,1403638159.495097,14
644,1403638159.495097,22
644,1403638159.495097,22
644,1403638159.495097,22
644,1403638159.495097,22
644,1403638159.495097,22
645,1403638159.545097,22
645,1403638159.545097,14
645,1403638159.545097,14
645,1403638159.545097,14
645,1403638159.545097,22
645,1403638159.545097,22
645,1403638159.545097,13
645,1403638159.545097,22
645,1403638159.545097,22
645,1403638159.545097,13
646,1403638159.595097,22
646,1403638159.595097,22
646,1403638159.595097,22
646,1403638159.595097,13
646,1403638159.595097,22
646,1403638159.595097,22
646,1403638159.595097,14
646,1403638159.595097,13
646,1403638159.595097,22
646,1403638159.595097,15
647,1403638159.645097,22
647,1403638159.645097,22
647,1403638159.645097,22
647,1403638159.645097,22
647,1403638159.645097,13
647,1403638159.645097,22
647,1403638159.645097,13
647,1403638159.645097,22
647,1403638159.645097,22
647,1403638159.645097,22
648,1403638159.695097,13
648,1403638159.695097,14
648,1403638159.695097,22
648,1403638159.695097,13
648,1403638159.695097,22
648,1403638159.695097,13
648,1403638159.695097,13
648,1403638159.695097,22
648,1403638159.695097,22
648,1403638159.695097,14
649,1403638159.745097,14
649,1403638159.745097,14
649,1403638159.745097,22
649,1403638159.745097,14
649,1403638159.745097,22
649,1403638159.745097,14
649,1403638159.745097,22
649,1403638159.745097,22
649,1403638159.745097,22
649,1403638159.745097,13
650,1403638159.795097,22
650,1403638159.795097,14
650,1403638159.795097,22
650,1403638159.795097,14
650,1403638159.795097,22
650,1403638159.795097,22
650,1403638159.795097,22
650,1403638159.795097,22
650,1403638159.795097,22
650,1403638159.795097,14
651,1403638159.845097,13
651,1403638159.845097,22
651,1403638159.845097,22
651,1403638159.845097,22
651,1403638159.845097,13
651,1403638159.845097,22
651,1403638159.845097,13
651,1403638159.845097,22
651,1403638159.845097,22
651,1403638159.845097,13
652,1403638159.895097,22
652,1403638159.895097,22
652,1403638159.895097,22
652,1403638159.895097,22
652,1403638159.895097,22
652,1403638159.895097,13
652,1403638159.895097,22
652,1403638159.895097,22
652,1403638159.895097,13
652,1403638159.895097,22
653,1403638159.945097,22
653,1403638159.945097,14
653,1403638159.945097,14
653,1403638159.945097,13
653,1403638159.945097,13
653,1403638159.945097,22
653,1403638159.945097,15
653,1403638159.945097,22
653,1403638159.945097,13
653,1403638159.945097,22
654,1403638159.995097,22
654,1403638159.995097,22
654,1403638159.995097,22
654,1403638159.995097,22
654,1403638159.995097,22
654,1403638159.995097,14
654,1403638159.995097,22
654,1403638159.995097,22
654,1403638159.995097,13
654,1403638159.995097,22
655,1403638160.045097,22
655,1403638160.045097,22
655,1403638160.045097,14
655,1403638160.045097,22
655,1403638160.045097,22
655,1403638160.045097,13
655,1403638160.045097,22
655,1403638160.045097,14
655,1403638160.045097,14
655,1403638160.045097,15
656,1403638160.095097,22
656,1403638160.095097,22
656,1403638160.095097,14
656,1403638160.095097,22
656,1403638160.095097,13
656,1403638160.095097,14
656,1403638160.095097,22
656,1403638160.095097,22
656,1403638160.095097,22
656,1403638160.095097,22
657,1403638160.145097,22
657,1403638160.145097,13
657,1403638160.145097,14
657,1403638160.145097,22
657,1403638160.145097,14
657,1403638160.145097,13
657,1403638160.145097,22
657,1403638160.145097,13
657,1403638160.145097,22
657,1403638160.145097,14
658,1403638160.195097,22
658,1403638160.195097,13
658,1403638160.195097,13
658,1403638160.195097,22
658,1403638160.195097,22
658,1403638160.195097,15
658,1403638160.195097,22
658,1403638160.195097,22
658,1403638160.195097,22
658,1403638160.195097,22
659,1403638160.245097,22
659,1403638160.245097,22
659,1403638160.245097,14
659,1403638160.245097,22
659,1403638160.245097,22
659,1403638160.245097,22
659,1403638160.245097,14
659,1403638160.245097,22
659,1403638160.245097,22
659,1403638160.245097,22
660,1403638160.295097,15
660,1403638160.295097,22
660,1403638160.295097,13
660,1403638160.295097,13
660,1403638160.295097,22
660,1403638160.295097,22
660,1403638160.295097,22
660,1403638160.295097,15
660,1403638160.295097,22
660,1403638160.295097,22
661,1403638160.345097,22
661,1403638160.345097,22
661,1403638160.345097,13
661,1403638160.345097,15
661,1403638160.345097,13
661,1403638160.345097,22
661,1403638160.345097,22
661,1403638160.345097,22
661,1403638160.345097,22
661,1403638160.345097,13
662,1403638160.395097,22
662,1403638160.395097,22
662,1403638160.395097,22
662,1403638160.395097,13
662,1403638160.395097,22
662,1403638160.395097,12
662,1403638160.395097,14
662,1403638160.395097,22
662,1403638160.395097,22
662,1403638160.395097,13
663,1403638160.445097,22
663,1403638160.445097,22
663,1403638160.445097,22
663,1403638160.445097,13
663,1403638160.445097,22
663,1403638160.445097,12
663,1403638160.445097,22
663,1403638160.445097,22
663,1403638160.445097,22
663,1403638160.445097,22
664,1403638160.495097,22
664,1403638160.495097,22
664,1403638160.495097,22
664,1403638160.495097,13
664,1403638160.495097,22
664,1403638160.495097,22
664,1403638160.495097,13
664,1403638160.495097,15
664,1403638160.495097,22
664,1403638160.495097,22
665,1403638160.545097,22
665,1403638160.545097,22
665,1403638160.545097,22
665,1403638160.545097,13
665,1403638160.545097,13
665,1403638160.545097,22
665,1403638160.545097,13
665,1403638160.545097,14
665,1403638160.545097,22
665,1403638160.545097,22
666,1403638160.595097,13
666,1403638160.595097,22
666,1403638160.595097,22
666,1403638160.595097,14
666,1403638160.595097,22
666,1403638160.595097,22
666,1403638160.595097,13
666,1403638160.595097,15
666,1403638160.595097,22
666,1403638160.595097,15
667,1403638160.645097,22
667,1403638160.645097,14
667,1403638160.645097,22
667,1403638160.645097,22
667,1403638160.645097,22
667,1403638160.645097,22
667,1403638160.645097,22
667,1403638160.645097,22
667,1403638160.645097,22
667,1403638160.645097,22
668,1403638160.695097,22
668,1403638160.695097,22
668,1403638160.695097,22
668,1403638160.695097,22
668,1403638160.695097,22
668,1403638160.695097,22
668,1403638160.695097,22
668,1403638160.695097,22
668,1403638160.695097,22
668,1403638160.695097,22
669,1403638160.745097,13
669,1403638160.745097,22
669,1403638160.745097,13
669,1403638160.745097,22
669,1403638160.745097,22
669,1403638160.745097,13
669,1403638160.745097,22
669,1403638160.745097,22
669,1403638160.745097,22
669,1403638160.745097,14
670,1403638160.795097,22
670,1403638160.795097,22
670,1403638160.795097,14
670,1403638160.795097,22
670,1403638160.795097,22
670,1403638160.795097,22
670,1403638160.795097,13
670,1403638160.795097,22
670,1403638160.795097,13
670,1403638160.795097,15
671,1403638160.845097,22
671,1403638160.845097,22
671,1403638160.845097,15
671,1403638160.845097,22
671,1403638160.845097,22
671,1403638160.845097,12
671,1403638160.845097,13
671,1403638160.845097,22
671,1403638160.845097,14
671,1403638160.845097,22
672,1403638160.895097,22
672,1403638160.895097,13
672,1403638160.895097,13
672,1403638160.895097,22
672,1403638160.895097,22
672,1403638160.895097,22
672,1403638160.895097,15
672,1403638160.895097,22
672,1403638160.895097,14
672,1403638160.895097,22
673,1403638160.945097,13
673,1403638160.945097,14
673,1403638160.945097,15
673,1403638160.945097,22
673,1403638160.945097,13
673,1403638160.945097,13
673,1403638160.945097,13
673,1403638160.945097,22
673,1403638160.945097,13
673,1403638160.945097,22
674,1403638160.995097,14
674,1403638160.995097,22
674,1403638160.995097,14
674,1403638160.995097,22
674,1403638160.995097,14
674,1403638160.995097,14
674,1403638160.995097,14
674,1403638160.995097,14
674,1403638160.995097,13
674,1403638160.995097,22
675,1403638161.045097,14
675,1403638161.045097,22
675,1403638161.045097,14
675,1403638161.045097,22
675,1403638161.045097,22
675,1403638161.045097,22
675,1403638161.045097,22
675,1403638161.045097,13
675,1403638161.045097,22
675,1403638161.045097,22
676,1403638161.095097,22
676,1403638161.095097,13
676,1403638161.095097,22
676,1403638161.095097,12
676,1403638161.095097,22
676,1403638161.095097,15
676,1403638161.095097,22
676,1403638161.095097,13
676,1403638161.095097,22
676,1403638161.095097,22
677,1403638161.145097,13
677,1403638161.145097,22
677,1403638161.145097,14
677,1403638161.145097,13
677,1403638161.145097,15
677,1403638161.145097,14
677,1403638161.145097,22
677,1403638161.145097,22
677,1403638161.145097,22
677,1403638161.145097,22
678,1403638161.195097,13
678,1403638161.195097,22
678,1403638161.195097,22
678,1403638161.195097,14
678,1403638161.195097,22
678,1403638161.195097,22
678,1403638161.195097,13
678,1403638161.195097,14
678,1403638161.195097,22
678,1403638161.195097,22
679,1403638161.245097,22
679,1403638161.245097,22
679,1403638161.245097,22
679,1403638161.245097,13
679,1403638161.245097,22
679,1403638161.245097,22
679,1403638161.245097,14
679,1403638161.245097,13
679,1403638161.245097,22
679,1403638161.245097,22
680,1403638161.295097,22
680,1403638161.295097,22
680,1403638161.295097,14
680,1403638161.295097,12
680,1403638161.295097,13
680,1403638161.295097,22
680,1403638161.295097,22
680,1403638161.295097,14
680,1403638161.295097,22
680,1403638161.295097,15
681,1403638161.345097,13
681,1403638161.345097,13
681,1403638161.345097,14
681,1403638161.345097,13
681,1403638161.345097,14
681,1403638161.345097,14
681,1403638161.345097,12
681,1403638161.345097,13
681,1403638161.345097,22
681,1403638161.345097,22
682,1403638161.395097,13
682,1403638161.395097,14
682,1403638161.395097,13
682,1403638161.395097,13
682,1403638161.395097,22
682,1403638161.395097,22
682,1403638161.395097,22
682,1403638161.395097,22
682,1403638161.395097,22
682,1403638161.395097,22
683,1403638161.445097,13
683,1403638161.445097,14
683,1403638161.445097,13
683,1403638161.445097,12
683,1403638161.445097,14
683,1403638161.445097,12
683,1403638161.445097,22
683,1403638161.445097,22
683,1403638161.445097,22
683,1403638161.445097,22
684,1403638161.495097,13
684,1403638161.495097,13
684,1403638161.495097,22
684,1403638161.495097,13
684,1403638161.495097,22
684,1403638161.495097,13
684,1403638161.495097,13
684,1403638161.495097,22
684,1403638161.495097,22
684,1403638161.495097,22
685,1403638161.545097,14
685,1403638161.545097,15
685,1403638161.545097,15
685,1403638161.545097,22
685,1403638161.545097,22
685,1403638161.545097,14
685,1403638161.545097,12
685,1403638161.545097,22
685,1403638161.545097,22
685,1403638161.545097,22
686,1403638161.595097,14
686,1403638161.595097,22
686,1403638161.595097,22
686,1403638161.595097,13
686,1403638161.595097,22
686,1403638161.595097,22
686,1403638161.595097,22
686,1403638161.595097,22
686,1403638161.595097,22
686,1403638161.595097,22
687,1403638161.645097,13
687,1403638161.645097,22
687,1403638161.645097,15
687,1403638161.645097,22
687,1403638161.645097,22
687,1403638161.645097,22
687,1403638161.645097,22
687,1403638161.645097,13
687,1403638161.645097,13
687,1403638161.645097,13
688,1403638161.695097,14
688,1403638161.695097,13
688,1403638161.695097,13
688,1403638161.695097,22
688,1403638161.695097,22
688,1403638161.695097,22
688,1403638161.695097,22
688,1403638161.695097,13
688,1403638161.695097,15
688,1403638161.695097,22
689,1403638161.745097,22
689,1403638161.745097,13
689,1403638161.745097,14
689,1403638161.745097,22
689,1403638161.745097,14
689,1403638161.745097,22
689,1403638161.745097,22
689,1403638161.745097,13
689,1403638161.745097,22
689,1403638161.745097,22
690,1403638161.795097,22
690,1403638161.795097,22
690,1403638161.795097,22
690,1403638161.795097,22
690,1403638161.795097,22
690,1403638161.795097,22
690,1403638161.795097,22
690,1403638161.795097,13
690,1403638161.795097,22
690,1403638161.795097,22
691,1403638161.845097,22
691,1403638161.845097,22
691,1403638161.845097,22
691,1403638161.845097,22
691,1403638161.845097,14
691,1403638161.845097,22
691,1403638161.845097,22
691,1403638161.845097,15
691,1403638161.845097,13
691,1403638161.845097,22
692,1403638161.895097,13
692,1403638161.895097,22
692,1403638161.895097,13
692,1403638161.895097,22
692,1403638161.895097,22
692,1403638161.895097,22
692,1403638161.895097,22
692,1403638161.895097,22
692,1403638161.895097,15
692,1403638161.895097,22
693,1403638161.945097,14
693,1403638161.945097,22
693,1403638161.945097,4
693,1403638161.945097,22
693,1403638161.945097,22
693,1403638161.945097,22
693,1403638161.945097,22
693,1403638161.945097,13
693,1403638161.945097,22
693,1403638161.945097,13
694,1403638161.995097,22
694,1403638161.995097,22
694,1403638161.995097,22
694,1403638161.995097,22
694,1403638161.995097,22
694,1403638161.995097,22
694,1403638161.995097,22
694,1403638161.995097,22
694,1403638161.995097,22
694,1403638161.995097,14
695,1403638162.045097,22
695,1403638162.045097,13
695,1403638162.045097,22
695,1403638162.045097,22
695,1403638162.045097,14
695,1403638162.045097,13
695,1403638162.045097,22
695,1403638162.045097,22
695,1403638162.045097,13
695,1403638162.045097,22
696,1403638162.095097,13
696,1403638162.095097,22
696,1403638162.095097,22
696,1403638162.095097,22
696,1403638162.095097,22
696,1403638162.095097,22
696,1403638162.095097,13
696,1403638162.095097,22
696,1403638162.095097,13
696,1403638162.095097,22
697,1403638162.145097,22
697,1403638162.145097,13
697,1403638162.145097,22
697,1403638162.145097,22
697,1403638162.145097,22
697,1403638162.145097,22
697,1403638162.145097,22
697,1403638162.145097,22
697,1403638162.145097,13
697,1403638162.145097,22
698,1403638162.195097,22
698,1403638162.195097,22
698,1403638162.195097,22
698,1403638162.195097,22
698,1403638162.195097,22
698,1403638162.195097,22
698,1403638162.195097,22
698,1403638162.195097,22
698,1403638162.195097,13
698,1403638162.195097,22
699,1403638162.245097,22
699,1403638162.245097,22
699,1403638162.245097,22
699,1403638162.245097,22
699,1403638162.245097,22
699,1403638162.245097,22
699,1403638162.245097,22
699,1403638162.245097,22
699,1403638162.245097,13
699,1403638162.245097,22
700,1403638162.295097,22
700,1403638162.295097,22
700,1403638162.295097,22
700,1403638162.295097,22
700,1403638162.295097,14
700,1403638162.295097,12
700,1403638162.295097,22
700,1403638162.295097,22
700,1403638162.295097,13
700,1403638162.295097,22
701,1403638162.345097,22
701,1403638162.345097,22
701,1403638162.345097,22
701,1403638162.345097,22
701,1403638162.345097,22
701,1403638162.345097,14
701,1403638162.345097,22
701,1403638162.345097,22
701,1403638162.345097,22
701,1403638162.345097,22
702,1403638162.395097,22
702,1403638162.395097,22
702,1403638162.395097,22
702,1403638162.395097,22
702,1403638162.395097,22
702,1403638162.395097,22
702,1403638162.395097,22
702,1403638162.395097,22
702,1403638162.395097,22
702,1403638162.395097,13
703,1403638162.445097,22
703,1403638162.445097,22
703,1403638162.445097,22
703,1403638162.445097,22
703,1403638162.445097,22
703,1403638162.445097,22
703,1403638162.445097,22
703,1403638162.445097,22
703,1403638162.445097,22
703,1403638162.445097,22
704,1403638162.495097,22
704,1403638162.495097,22
704,1403638162.495097,22
704,1403638162.495097,22
704,1403638162.495097,22
704,1403638162.495097,22
704,1403638162.495097,22
704,1403638162.495097,22
704,1403638162.495097,22
704,1403638162.495097,22
705,1403638162.545097,22
705,1403638162.545097,22
705,1403638162.545097,22
705,1403638162.545097,22
705,1403638162.545097,22
705,1403638162.545097,22
705,1403638162.545097,22
705,1403638162.545097,22
705,1403638162.545097,22
705,1403638162.545097,13
706,1403638162.595097,22
706,1403638162.595097,22
706,1403638162.595097,22
706,1403638162.595097,22
706,1403638162.595097,22
706,1403638162.595097,22
706,1403638162.595097,22
706,1403638162.595097,22
706,1403638162.595097,22
706,1403638162.595097,14
707,1403638162.645097,22
707,1403638162.645097,22
707,1403638162.645097,22
707,1403638162.645097,22
707,1403638162.645097,13
707,1403638162.645097,22
707,1403638162.645097,22
707,1403638162.645097,22
707,1403638162.645097,22
707,1403638162.645097,14
708,1403638162.695097,22
708,1403638162.695097,22
708,1403638162.695097,22
708,1403638162.695097,22
708,1403638162.695097,14
708,1403638162.695097,22
708,1403638162.695097,22
708,1403638162.695097,22
708,1403638162.695097,22
708,1403638162.695097,22
709,1403638162.745097,22
709,1403638162.745097,22
709,1403638162.745097,22
709,1403638162.745097,22
709,1403638162.745097,22
709,1403638162.745097,22
709,1403638162.745097,22
709,1403638162.745097,22
709,1403638162.745097,22
709,1403638162.745097,22
710,1403638162.795097,22
710,1403638162.795097,22
710,1403638162.795097,22
710,1403638162.795097,22
710,1403638162.795097,22
710,1403638162.795097,22
710,1403638162.795097,13
710,1403638162.795097,22
710,1403638162.795097,22
710,1403638162.795097,22
711,1403638162.845097,22
711,1403638162.845097,13
711,1403638162.845097,22
711,1403638162.845097,22
711,1403638162.845097,22
711,1403638162.845097,22
711,1403638162.845097,22
711,1403638162.845097,22
711,1403638162.845097,22
711,1403638162.845097,22
712,1403638162.895097,22
712,1403638162.895097,22
712,1403638162.895097,22
712,1403638162.895097,22
712,1403638162.895097,22
712,1403638162.895097,22
712,1403638162.895097,22
712,1403638162.895097,22
712,1403638162.895097,22
712,1403638162.895097,22
713,1403638162.945097,22
713,1403638162.945097,22
713,1403638162.945097,22
713,1403638162.945097,22
713,1403638162.945097,22
713,1403638162.945097,22
713,1403638162.945097,22
713,1403638162.945097,14
713,1403638162.945097,22
713,1403638162.945097,13
714,1403638162.995097,22
714,1403638162.995097,13
714,1403638162.995097,22
714,1403638162.995097,22
714,1403638162.995097,22
714,1403638162.995097,22
714,1403638162.995097,12
714,1403638162.995097,13
714,1403638162.995097,13
714,1403638162.995097,22
715,1403638163.045097,22
715,1403638163.045097,13
715,1403638163.045097,22
715,1403638163.045097,22
715,1403638163.045097,22
715,1403638163.045097,22
715,1403638163.045097,22
715,1403638163.045097,22
715,1403638163.045097,13
715,1403638163.045097,22
716,1403638163.095097,22
716,1403638163.095097,22
716,1403638163.095097,13
716,1403638163.095097,22
716,1403638163.095097,13
716,1403638163.095097,22
716,1403638163.095097,22
716,1403638163.095097,22
716,1403638163.095097,13
716,1403638163.095097,22
717,1403638163.145097,14
717,1403638163.145097,13
717,1403638163.145097,15
717,1403638163.145097,14
717,1403638163.145097,14
717,1403638163.145097,13
717,1403638163.145097,22
717,1403638163.145097,22
717,1403638163.145097,22
717,1403638163.145097,13
718,1403638163.195097,15
718,1403638163.195097,14
718,1403638163.195097,22
718,1403638163.195097,14
718,1403638163.195097,15
718,1403638163.195097,13
718,1403638163.195097,14
718,1403638163.195097,15
718,1403638163.195097,15
718,1403638163.195097,14
719,1403638163.245097,15
719,1403638163.245097,14
719,1403638163.245097,14
719,1403638163.245097,22
719,1403638163.245097,14
719,1403638163.245097,14
719,1403638163.245097,13
719,1403638163.245097,14
719,1403638163.245097,14
719,1403638163.245097,14
720,1403638163.295097,15
720,1403638163.295097,22
720,1403638163.295097,22
720,1403638163.295097,14
720,1403638163.295097,14
720,1403638163.295097,13
720,1403638163.295097,22
720,1403638163.295097,13
720,1403638163.295097,14
720,1403638163.295097,14
721,1403638163.345097,22
721,1403638163.345097,14
721,1403638163.345097,14
721,1403638163.345097,14
721,1403638163.345097,15
721,1403638163.345097,14
721,1403638163.345097,13
721,1403638163.345097,22
721,1403638163.345097,14
721,1403638163.345097,14
722,1403638163.395097,14
722,1403638163.395097,13
722,1403638163.395097,22
722,1403638163.395097,14
722,1403638163.395097,22
722,1403638163.395097,15
722,1403638163.395097,15
722,1403638163.395097,14
722,1403638163.395097,13
722,1403638163.395097,13
723,1403638163.445097,15
723,1403638163.445097,13
723,1403638163.445097,14
723,1403638163.445097,22
723,1403638163.445097,13
723,1403638163.445097,14
723,1403638163.445097,13
723,1403638163.445097,15
723,1403638163.445097,15
723,1403638163.445097,14
724,1403638163.495097,13
724,1403638163.495097,13
724,1403638163.495097,13
724,1403638163.495097,22
724,1403638163.495097,13
724,1403638163.495097,22
724,1403638163.495097,14
724,1403638163.495097,14
724,1403638163.495097,15
724,1403638163.495097,22
725,1403638163.545097,13
725,1403638163.545097,14
725,1403638163.545097,22
725,1403638163.545097,22
725,1403638163.545097,14
725,1403638163.545097,22
725,1403638163.545097,13
725,1403638163.545097,13
725,1403638163.545097,22
725,1403638163.545097,13
726,1403638163.595097,13
726,1403638163.595097,14
726,1403638163.595097,22
726,1403638163.595097,13
726,1403638163.595097,22
726,1403638163.595097,13
726,1403638163.595097,13
726,1403638163.595097,22
726,1403638163.595097,14
726,1403638163.595097,22
727,1403638163.645097,13
727,1403638163.645097,22
727,1403638163.645097,13
727,1403638163.645097,15
727,1403638163.645097,22
727,1403638163.645097,22
727,1403638163.645097,12
727,1403638163.645097,15
727,1403638163.645097,22
727,1403638163.645097,22
728,1403638163.695097,22
728,1403638163.695097,22
728,1403638163.695097,22
728,1403638163.695097,22
728,1403638163.695097,22
728,1403638163.695097,22
728,1403638163.695097,13
728,1403638163.695097,22
728,1403638163.695097,22
728,1403638163.695097,22
729,1403638163.745097,22
729,1403638163.745097,22
729,1403638163.745097,13
729,1403638163.745097,22
729,1403638163.745097,22
729,1403638163.745097,13
729,1403638163.745097,13
729,1403638163.745097,22
729,1403638163.745097,22
729,1403638163.745097,13
730,1403638163.795097,14
730,1403638163.795097,22
730,1403638163.795097,22
730,1403638163.795097,22
730,1403638163.795097,22
730,1403638163.795097,14
730,1403638163.795097,12
730,1403638163.795097,13
730,1403638163.795097,13
730,1403638163.795097,15
731,1403638163.845097,13
731,1403638163.845097,13
731,1403638163.845097,13
731,1403638163.845097,14
731,1403638163.845097,13
731,1403638163.845097,13
731,1403638163.845097,22
731,1403638163.845097,22
731,1403638163.845097,14
731,1403638163.845097,13
732,1403638163.895097,15
732,1403638163.895097,15
732,1403638163.895097,22
732,1403638163.895097,13
732,1403638163.895097,13
732,1403638163.895097,13
732,1403638163.895097,22
732,1403638163.895097,22
732,1403638163.895097,14
732,1403638163.895097,13
733,1403638163.945097,13
733,1403638163.945097,22
733,1403638163.945097,14
733,1403638163.945097,22
733,1403638163.945097,14
733,1403638163.945097,14
733,1403638163.945097,14
733,1403638163.945097,13
733,1403638163.945097,13
733,1403638163.945097,22
734,1403638163.995097,14
734,1403638163.995097,22
734,1403638163.995097,22
734,1403638163.995097,22
734,1403638163.995097,13
734,1403638163.995097,14
734,1403638163.995097,14
734,1403638163.995097,14
734,1403638163.995097,22
734,1403638163.995097,14
735,1403638164.045097,22
735,1403638164.045097,22
735,1403638164.045097,14
735,1403638164.045097,14
735,1403638164.045097,13
735,1403638164.045097,14
735,1403638164.045097,13
735,1403638164.045097,22
735,1403638164.045097,22
735,1403638164.045097,13
736,1403638164.095097,22
736,1403638164.095097,22
736,1403638164.095097,22
736,1403638164.095097,15
736,1403638164.095097,15
736,1403638164.095097,13
736,1403638164.095097,22
736,1403638164.095097,13
736,1403638164.095097,22
736,1403638164.095097,22
737,1403638164.145097,13
737,1403638164.145097,22
737,1403638164.145097,13
737,1403638164.145097,22
737,1403638164.145097,13
737,1403638164.145097,14
737,1403638164.145097,13
737,1403638164.145097,22
737,1403638164.145097,13
737,1403638164.145097,14
738,1403638164.195097,13
738,1403638164.195097,13
738,1403638164.195097,13
738,1403638164.195097,22
738,1403638164.195097,14
738,1403638164.195097,14
738,1403638164.195097,22
738,1403638164.195097,22
738,1403638164.195097,13
738,1403638164.195097,22
739,1403638164.245097,22
739,1403638164.245097,15
739,1403638164.245097,22
739,1403638164.245097,22
739,1403638164.245097,13
739,1403638164.245097,13
739,1403638164.245097,13
739,1403638164.245097,22
739,1403638164.245097,22
739,1403638164.245097,13
740,1403638164.295097,22
740,1403638164.295097,22
740,1403638164.295097,13
740,1403638164.295097,12
740,1403638164.295097,14
740,1403638164.295097,14
740,1403638164.295097,22
740,1403638164.295097,14
740,1403638164.295097,22
740,1403638164.295097,13
741,1403638164.345097,14
741,1403638164.345097,22
741,1403638164.345097,14
741,1403638164.345097,22
741,1403638164.345097,13
741,1403638164.345097,15
741,1403638164.345097,13
741,1403638164.345097,14
741,1403638164.345097,22
741,1403638164.345097,14
742,1403638164.395097,14
742,1403638164.395097,13
742,1403638164.395097,14
742,1403638164.395097,13
742,1403638164.395097,13
742,1403638164.395097,13
742,1403638164.395097,14
742,1403638164.395097,14
742,1403638164.395097,13
742,1403638164.395097,13
743,1403638164.445097,22
743,1403638164.445097,13
743,1403638164.445097,22
743,1403638164.445097,13
743,1403638164.445097,22
743,1403638164.445097,13
743,1403638164.445097,14
743,1403638164.445097,22
743,1403638164.445097,14
743,1403638164.445097,13
744,1403638164.495097,22
744,1403638164.495097,13
744,1403638164.495097,14
744,1403638164.495097,14
744,1403638164.495097,13
744,1403638164.495097,14
744,1403638164.495097,22
744,1403638164.495097,15
744,1403638164.495097,13
744,1403638164.495097,15
745,1403638164.545097,13
745,1403638164.545097,14
745,1403638164.545097,14
745,1403638164.545097,12
745,1403638164.545097,13
745,1403638164.545097,13
745,1403638164.545097,22
745,1403638164.545097,14
745,1403638164.545097,22
745,1403638164.545097,13
746,1403638164.595097,14
746,1403638164.595097,22
746,1403638164.595097,13
746,1403638164.595097,14
746,1403638164.595097,14
746,1403638164.595097,14
746,1403638164.595097,22
746,1403638164.595097,15
746,1403638164.595097,14
746,1403638164.595097,13
747,1403638164.645097,22
747,1403638164.645097,22
747,1403638164.645097,22
747,1403638164.645097,14
747,1403638164.645097,13
747,1403638164.645097,22
747,1403638164.645097,12
747,1403638164.645097,22
747,1403638164.645097,15
747,1403638164.645097,22
748,1403638164.695097,22
748,1403638164.695097,15
748,1403638164.695097,13
748,1403638164.695097,14
748,1403638164.695097,14
748,1403638164.695097,22
748,1403638164.695097,13
748,1403638164.695097,13
748,1403638164.695097,22
748,1403638164.695097,13
749,1403638164.745097,22
749,1403638164.745097,15
749,1403638164.745097,15
749,1403638164.745097,13
749,1403638164.745097,13
749,1403638164.745097,12
749,1403638164.745097,13
749,1403638164.745097,22
749,1403638164.745097,13
749,1403638164.745097,14
750,1403638164.795097,14
750,1403638164.795097,13
750,1403638164.795097,14
750,1403638164.795097,15
750,1403638164.795097,14
750,1403638164.795097,15
750,1403638164.795097,22
750,1403638164.795097,22
750,1403638164.795097,12
750,1403638164.795097,22
751,1403638164.845097,14
751,1403638164.845097,14
751,1403638164.845097,14
751,1403638164.845097,15
751,1403638164.845097,14
751,1403638164.845097,22
751,1403638164.845097,13
751,1403638164.845097,13
751,1403638164.845097,15
751,1403638164.845097,13
752,1403638164.895097,12
752,1403638164.895097,15
752,1403638164.895097,13
752,1403638164.895097,22
752,1403638164.895097,14
752,1403638164.895097,12
752,1403638164.895097,15
752,1403638164.895097,14
752,1403638164.895097,22
752,1403638164.895097,14
753,1403638164.945097,14
753,1403638164.945097,22
753,1403638164.945097,22
753,1403638164.945097,13
753,1403638164.945097,15
753,1403638164.945097,13
753,1403638164.945097,14
753,1403638164.945097,15
753,1403638164.945097,22
753,1403638164.945097,22
754,1403638164.995097,13
754,1403638164.995097,14
754,1403638164.995097,15
754,1403638164.995097,14
754,1403638164.995097,22
754,1403638164.995097,22
754,1403638164.995097,13
754,1403638164.995097,15
754,1403638164.995097,22
754,1403638164.995097,22
755,1403638165.045097,14
755,1403638165.045097,14
755,1403638165.045097,14
755,1403638165.045097,15
755,1403638165.045097,13
755,1403638165.045097,12
755,1403638165.045097,14
755,1403638165.045097,14
755,1403638165.045097,13
755,1403638165.045097,15
756,1403638165.095097,13
756,1403638165.095097,22
756,1403638165.095097,13
756,1403638165.095097,22
756,1403638165.095097,14
756,1403638165.095097,22
756,1403638165.095097,14
756,1403638165.095097,14
756,1403638165.095097,22
756,1403638165.095097,13
757,1403638165.145097,14
757,1403638165.145097,14
757,1403638165.145097,14
757,1403638165.145097,13
757,1403638165.145097,14
757,1403638165.145097,12
757,1403638165.145097,15
757,1403638165.145097,13
757,1403638165.145097,13
757,1403638165.145097,14
758,1403638165.195097,15
758,1403638165.195097,13
758,1403638165.195097,14
758,1403638165.195097,22
758,1403638165.195097,15
758,1403638165.195097,22
758,1403638165.195097,14
758,1403638165.195097,13
758,1403638165.195097,14
758,1403638165.195097,13
759,1403638165.245097,15
759,1403638165.245097,22
759,1403638165.245097,22
759,1403638165.245097,13
759,1403638165.245097,13
759,1403638165.245097,22
759,1403638165.245097,13
759,1403638165.245097,14
759,1403638165.245097,14
759,1403638165.245097,13
760,1403638165.295097,22
760,1403638165.295097,15
760,1403638165.295097,22
760,1403638165.295097,13
760,1403638165.295097,13
760,1403638165.295097,13
760,1403638165.295097,14
760,1403638165.295097,22
760,1403638165.295097,22
760,1403638165.295097,22
761,1403638165.345097,13
761,1403638165.345097,22
761,1403638165.345097,13
761,1403638165.345097,13
761,1403638165.345097,13
761,1403638165.345097,14
761,1403638165.345097,13
761,1403638165.345097,14
761,1403638165.345097,13
761,1403638165.345097,13
762,1403638165.395097,14
762,1403638165.395097,22
762,1403638165.395097,13
762,1403638165.395097,14
762,1403638165.395097,13
762,1403638165.395097,14
762,1403638165.395097,12
762,1403638165.395097,22
762,1403638165.395097,13
762,1403638165.395097,13
763,1403638165.445097,15
763,1403638165.445097,13
763,1403638165.445097,15
763,1403638165.445097,14
763,1403638165.445097,12
763,1403638165.445097,22
763,1403638165.445097,14
763,1403638165.445097,22
763,1403638165.445097,22
763,1403638165.445097,14
764,1403638165.495097,13
764,1403638165.495097,22
764,1403638165.495097,15
764,1403638165.495097,22
764,1403638165.495097,13
764,1403638165.495097,14
764,1403638165.495097,14
764,1403638165.495097,14
764,1403638165.495097,22
764,1403638165.495097,14
765,1403638165.545097,22
765,1403638165.545097,14
765,1403638165.545097,15
765,1403638165.545097,13
765,1403638165.545097,14
765,1403638165.545097,22
765,1403638165.545097,15
765,1403638165.545097,14
765,1403638165.545097,13
765,1403638165.545097,14
766,1403638165.595097,14
766,1403638165.595097,22
766,1403638165.595097,14
766,1403638165.595097,13
766,1403638165.595097,15
766,1403638165.595097,22
766,1403638165.595097,13
766,1403638165.595097,22
766,1403638165.595097,22
766,1403638165.595097,22
767,1403638165.645097,13
767,1403638165.645097,13
767,1403638165.645097,15
767,1403638165.645097,14
767,1403638165.645097,13
767,1403638165.645097,22
767,1403638165.645097,14
767,1403638165.645097,22
767,1403638165.645097,14
767,1403638165.645097,22
768,1403638165.695097,14
768,1403638165.695097,14
768,1403638165.695097,14
768,1403638165.695097,22
768,1403638165.695097,22
768,1403638165.695097,12
768,1403638165.695097,13
768,1403638165.695097,13
768,1403638165.695097,13
768,1403638165.695097,13
769,1403638165.745097,13
769,1403638165.745097,15
769,1403638165.745097,15
769,1403638165.745097,15
769,1403638165.745097,13
769,1403638165.745097,13
769,1403638165.745097,13
769,1403638165.745097,14
769,1403638165.745097,14
769,1403638165.745097,14
770,1403638165.795097,22
770,1403638165.795097,13
770,1403638165.795097,22
770,1403638165.795097,22
770,1403638165.795097,15
770,1403638165.795097,13
770,1403638165.795097,22
770,1403638165.795097,14
770,1403638165.795097,15
770,1403638165.795097,13
771,1403638165.845097,14
771,1403638165.845097,13
771,1403638165.845097,14
771,1403638165.845097,15
771,1403638165.845097,14
771,1403638165.845097,13
771,1403638165.845097,14
771,1403638165.845097,22
771,1403638165.845097,14
771,1403638165.845097,13
772,1403638165.895097,12
772,1403638165.895097,15
772,1403638165.895097,14
772,1403638165.895097,13
772,1403638165.895097,22
772,1403638165.895097,14
772,1403638165.895097,14
772,1403638165.895097,14
772,1403638165.895097,13
772,1403638165.895097,22
773,1403638165.945097,13
773,1403638165.945097,15
773,1403638165.945097,14
773,1403638165.945097,14
773,1403638165.945097,22
773,1403638165.945097,13
773,1403638165.945097,13
773,1403638165.945097,13
773,1403638165.945097,13
773,1403638165.945097,22
774,1403638165.995097,13
774,1403638165.995097,13
774,1403638165.995097,22
774,1403638165.995097,12
774,1403638165.995097,22
774,1403638165.995097,22
774,1403638165.995097,12
774,1403638165.995097,22
774,1403638165.995097,14
774,1403638165.995097,13
775,1403638166.045097,14
775,1403638166.045097,14
775,1403638166.045097,14
775,1403638166.045097,22
775,1403638166.045097,22
775,1403638166.045097,22
775,1403638166.045097,14
775,1403638166.045097,22
775,1403638166.045097,15
775,1403638166.045097,14
776,1403638166.095097,22
776,1403638166.095097,13
776,1403638166.095097,13
776,1403638166.095097,22
776,1403638166.095097,13
776,1403638166.095097,22
776,1403638166.095097,14
776,1403638166.095097,22
776,1403638166.095097,14
776,1403638166.095097,13
777,1403638166.145097,14
777,1403638166.145097,14
777,1403638166.145097,15
777,1403638166.145097,22
777,1403638166.145097,14
777,1403638166.145097,14
777,1403638166.145097,13
777,1403638166.145097,14
777,1403638166.145097,14
777,1403638166.145097,14
778,1403638166.195097,13
778,1403638166.195097,22
778,1403638166.195097,13
778,1403638166.195097,22
778,1403638166.195097,14
778,1403638166.195097,13
778,1403638166.195097,13
778,1403638166.195097,14
778,1403638166.195097,13
778,1403638166.195097,22
779,1403638166.245097,15
779,1403638166.245097,13
779,1403638166.245097,13
779,1403638166.245097,13
779,1403638166.245097,22
779,1403638166.245097,13
779,1403638166.245097,22
779,1403638166.245097,22
779,1403638166.245097,13
779,1403638166.245097,13
780,1403638166.295097,13
780,1403638166.295097,13
780,1403638166.295097,13
780,1403638166.295097,22
780,1403638166.295097,22
780,1403638166.295097,13
780,1403638166.295097,13
780,1403638166.295097,22
780,1403638166.295097,22
780,1403638166.295097,12
781,1403638166.345097,22
781,1403638166.345097,14
781,1403638166.345097,13
781,1403638166.345097,22
781,1403638166.345097,22
781,1403638166.345097,12
781,1403638166.345097,14
781,1403638166.345097,13
781,1403638166.345097,22
781,1403638166.345097,14
782,1403638166.395097,12
782,1403638166.395097,22
782,1403638166.395097,13
782,1403638166.395097,22
782,1403638166.395097,14
782,1403638166.395097,14
782,1403638166.395097,22
782,1403638166.395097,22
782,1403638166.395097,13
782,1403638166.395097,22
783,1403638166.445097,13
783,1403638166.445097,13
783,1403638166.445097,14
783,1403638166.445097,13
783,1403638166.445097,15
783,1403638166.445097,22
783,1403638166.445097,22
783,1403638166.445097,22
783,1403638166.445097,13
783,1403638166.445097,22
784,1403638166.495097,13
784,1403638166.495097,13
784,1403638166.495097,22
784,1403638166.495097,12
784,1403638166.495097,22
784,1403638166.495097,22
784,1403638166.495097,14
784,1403638166.495097,22
784,1403638166.495097,22
784,1403638166.495097,22
785,1403638166.545097,14
785,1403638166.545097,13
785,1403638166.545097,22
785,1403638166.545097,13
785,1403638166.545097,22
785,1403638166.545097,14
785,1403638166.545097,12
785,1403638166.545097,13
785,1403638166.545097,14
785,1403638166.545097,13
786,1403638166.595097,22
786,1403638166.595097,13
786,1403638166.595097,13
786,1403638166.595097,13
786,1403638166.595097,13
786,1403638166.595097,12
786,1403638166.595097,12
786,1403638166.595097,14
786,1403638166.595097,13
786,1403638166.595097,13
787,1403638166.645097,12
787,1403638166.645097,13
787,1403638166.645097,14
787,1403638166.645097,12
787,1403638166.645097,13
787,1403638166.645097,13
787,1403638166.645097,12
787,1403638166.645097,22
787,1403638166.645097,13
787,1403638166.645097,13
788,1403638166.695097,14
788,1403638166.695097,22
788,1403638166.695097,14
788,1403638166.695097,22
788,1403638166.695097,12
788,1403638166.695097,22
788,1403638166.695097,13
788,1403638166.695097,14
788,1403638166.695097,13
788,1403638166.695097,14
789,1403638166.745097,13
789,1403638166.745097,13
789,1403638166.745097,22
789,1403638166.745097,14
789,1403638166.745097,22
789,1403638166.745097,13
789,1403638166.745097,13
789,1403638166.745097,13
789,1403638166.745097,13
789,1403638166.745097,13
790,1403638166.795097,13
790,1403638166.795097,13
790,1403638166.795097,22
790,1403638166.795097,13
790,1403638166.795097,22
790,1403638166.795097,12
790,1403638166.795097,13
790,1403638166.795097,22
790,1403638166.795097,14
790,1403638166.795097,14
791,1403638166.845097,12
791,1403638166.845097,22
791,1403638166.845097,13
791,1403638166.845097,13
791,1403638166.845097,22
791,1403638166.845097,13
791,1403638166.845097,14
791,1403638166.845097,13
791,1403638166.845097,14
791,1403638166.845097,22
792,1403638166.895097,14
792,1403638166.895097,13
792,1403638166.895097,13
792,1403638166.895097,12
792,1403638166.895097,12
792,1403638166.895097,22
792,1403638166.895097,13
792,1403638166.895097,14
792,1403638166.895097,13
792,1403638166.895097,22
793,1403638166.945097,13
793,1403638166.945097,15
793,1403638166.945097,22
793,1403638166.945097,22
793,1403638166.945097,12
793,1403638166.945097,22
793,1403638166.945097,14
793,1403638166.945097,22
793,1403638166.945097,22
793,1403638166.945097,22
794,1403638166.995097,12
794,1403638166.995097,13
794,1403638166.995097,22
794,1403638166.995097,22
794,1403638166.995097,22
794,1403638166.995097,22
794,1403638166.995097,22
794,1403638166.995097,22
794,1403638166.995097,22
794,1403638166.995097,13
795,1403638167.045097,13
795,1403638167.045097,13
795,1403638167.045097,13
795,1403638167.045097,22
795,1403638167.045097,14
795,1403638167.045097,22
795,1403638167.045097,22
795,1403638167.045097,13
795,1403638167.045097,22
795,1403638167.045097,22
796,1403638167.095097,13
796,1403638167.095097,22
796,1403638167.095097,22
796,1403638167.095097,13
796,1403638167.095097,12
796,1403638167.095097,22
796,1403638167.095097,22
796,1403638167.095097,14
796,1403638167.095097,22
796,1403638167.095097,22
797,1403638167.145097,14
797,1403638167.145097,14
797,1403638167.145097,13
797,1403638167.145097,12
797,1403638167.145097,12
797,1403638167.145097,22
797,1403638167.145097,14
797,1403638167.145097,13
797,1403638167.145097,13
797,1403638167.145097,22
798,1403638167.195097,22
798,1403638167.195097,22
798,1403638167.195097,22
798,1403638167.195097,22
798,1403638167.195097,12
798,1403638167.195097,22
798,1403638167.195097,13
798,1403638167.195097,22
798,1403638167.195097,22
798,1403638167.195097,13
799,1403638167.245097,12
799,1403638167.245097,22
799,1403638167.245097,13
799,1403638167.245097,13
799,1403638167.245097,15
799,1403638167.245097,13
799,1403638167.245097,13
799,1403638167.245097,22
799,1403638167.245097,12
799,1403638167.245097,13
800,1403638167.295097,22
800,1403638167.295097,14
800,1403638167.295097,14
800,1403638167.295097,22
800,1403638167.295097,22
800,1403638167.295097,12
800,1403638167.295097,12
800,1403638167.295097,13
800,1403638167.295097,13
800,1403638167.295097,22
801,1403638167.345097,14
801,1403638167.345097,22
801,1403638167.345097,13
801,1403638167.345097,13
801,1403638167.345097,13
801,1403638167.345097,22
801,1403638167.345097,13
801,1403638167.345097,13
801,1403638167.345097,13
801,1403638167.345097,13
802,1403638167.395097,12
802,1403638167.395097,13
802,1403638167.395097,14
802,1403638167.395097,13
802,1403638167.395097,13
802,1403638167.395097,14
802,1403638167.395097,22
802,1403638167.395097,13
802,1403638167.395097,14
802,1403638167.395097,13
803,1403638167.445097,13
803,1403638167.445097,22
803,1403638167.445097,22
803,1403638167.445097,14
803,1403638167.445097,13
803,1403638167.445097,22
803,1403638167.445097,12
803,1403638167.445097,14
803,1403638167.445097,12
803,1403638167.445097,15
804,1403638167.495097,12
804,1403638167.495097,22
804,1403638167.495097,22
804,1403638167.495097,13
804,1403638167.495097,13
804,1403638167.495097,22
804,1403638167.495097,13
804,1403638167.495097,13
804,1403638167.495097,13
804,1403638167.495097,12
805,1403638167.545097,13
805,1403638167.545097,22
805,1403638167.545097,14
805,1403638167.545097,14
805,1403638167.545097,14
805,1403638167.545097,13
805,1403638167.545097,22
805,1403638167.545097,14
805,1403638167.545097,13
805,1403638167.545097,22
806,1403638167.595097,22
806,1403638167.595097,22
806,1403638167.595097,22
806,1403638167.595097,13
806,1403638167.595097,22
806,1403638167.595097,15
806,1403638167.595097,22
806,1403638167.595097,22
806,1403638167.595097,22
806,1403638167.595097,12
807,1403638167.645097,22
807,1403638167.645097,15
807,1403638167.645097,12
807,1403638167.645097,14
807,1403638167.645097,22
807,1403638167.645097,22
807,1403638167.645097,12
807,1403638167.645097,14
807,1403638167.645097,14
807,1403638167.645097,12
808,1403638167.695097,14
808,1403638167.695097,22
808,1403638167.695097,22
808,1403638167.695097,13
808,1403638167.695097,22
808,1403638167.695097,14
808,1403638167.695097,13
808,1403638167.695097,22
808,1403638167.695097,14
808,1403638167.695097,13
809,1403638167.745097,22
809,1403638167.745097,22
809,1403638167.745097,13
809,1403638167.745097,13
809,1403638167.745097,22
809,1403638167.745097,22
809,1403638167.745097,14
809,1403638167.745097,14
809,1403638167.745097,22
809,1403638167.745097,22
810,1403638167.795097,22
810,1403638167.795097,13
810,1403638167.795097,13
810,1403638167.795097,22
810,1403638167.795097,22
810,1403638167.795097,22
810,1403638167.795097,22
810,1403638167.795097,13
810,1403638167.795097,22
810,1403638167.795097,22
811,1403638167.845097,22
811,1403638167.845097,13
811,1403638167.845097,13
811,1403638167.845097,13
811,1403638167.845097,22
811,1403638167.845097,15
811,1403638167.845097,13
811,1403638167.845097,13
811,1403638167.845097,13
811,1403638167.845097,14
812,1403638167.895097,22
812,1403638167.895097,13
812,1403638167.895097,14
812,1403638167.895097,13
812,1403638167.895097,22
812,1403638167.895097,22
812,1403638167.895097,14
812,1403638167.895097,14
812,1403638167.895097,14
812,1403638167.895097,22
813,1403638167.945097,22
813,1403638167.945097,22
813,1403638167.945097,22
813,1403638167.945097,15
813,1403638167.945097,22
813,1403638167.945097,22
813,1403638167.945097,14
813,1403638167.945097,22
813,1403638167.945097,22
813,1403638167.945097,14
814,1403638167.995097,15
814,1403638167.995097,12
814,1403638167.995097,13
814,1403638167.995097,12
814,1403638167.995097,22
814,1403638167.995097,15
814,1403638167.995097,13
814,1403638167.995097,13
814,1403638167.995097,12
814,1403638167.995097,13
815,1403638168.045097,22
815,1403638168.045097,22
815,1403638168.045097,13
815,1403638168.045097,13
815,1403638168.045097,22
815,1403638168.045097,14
815,1403638168.045097,12
815,1403638168.045097,13
815,1403638168.045097,14
815,1403638168.045097,14
816,1403638168.095097,22
816,1403638168.095097,13
816,1403638168.095097,22
816,1403638168.095097,14
816,1403638168.095097,22
816,1403638168.095097,22
816,1403638168.095097,13
816,1403638168.095097,14
816,1403638168.095097,14
816,1403638168.095097,15
817,1403638168.145097,22
817,1403638168.145097,14
817,1403638168.145097,13
817,1403638168.145097,22
817,1403638168.145097,22
817,1403638168.145097,22
817,1403638168.145097,14
817,1403638168.145097,13
817,1403638168.145097,22
817,1403638168.145097,13
818,1403638168.195097,22
818,1403638168.195097,22
818,1403638168.195097,13
818,1403638168.195097,13
818,1403638168.195097,22
818,1403638168.195097,22
818,1403638168.195097,13
818,1403638168.195097,13
818,1403638168.195097,15
818,1403638168.195097,14
819,1403638168.245097,22
819,1403638168.245097,14
819,1403638168.245097,13
819,1403638168.245097,12
819,1403638168.245097,22
819,1403638168.245097,22
819,1403638168.245097,13
819,1403638168.245097,14
819,1403638168.245097,13
819,1403638168.245097,13
820,1403638168.295097,22
820,1403638168.295097,14
820,1403638168.295097,14
820,1403638168.295097,13
820,1403638168.295097,22
820,1403638168.295097,22
820,1403638168.295097,15
820,1403638168.295097,22
820,1403638168.295097,14
820,1403638168.295097,14
821,1403638168.345097,22
821,1403638168.345097,15
821,1403638168.345097,14
821,1403638168.345097,15
821,1403638168.345097,22
821,1403638168.345097,22
821,1403638168.345097,22
821,1403638168.345097,22
821,1403638168.345097,14
821,1403638168.345097,14
822,1403638168.395097,22
822,1403638168.395097,14
822,1403638168.395097,15
822,1403638168.395097,13
822,1403638168.395097,22
822,1403638168.395097,22
822,1403638168.395097,12
822,1403638168.395097,14
822,1403638168.395097,14
822,1403638168.395097,14
823,1403638168.445097,22
823,1403638168.445097,13
823,1403638168.445097,14
823,1403638168.445097,14
823,1403638168.445097,22
823,1403638168.445097,22
823,1403638168.445097,14
823,1403638168.445097,14
823,1403638168.445097,22
823,1403638168.445097,13
824,1403638168.495097,22
824,1403638168.495097,15
824,1403638168.495097,22
824,1403638168.495097,22
824,1403638168.495097,22
824,1403638168.495097,22
824,1403638168.495097,14
824,1403638168.495097,22
824,1403638168.495097,22
824,1403638168.495097,22
825,1403638168.545097,22
825,1403638168.545097,14
825,1403638168.545097,15
825,1403638168.545097,14
825,1403638168.545097,22
825,1403638168.545097,22
825,1403638168.545097,15
825,1403638168.545097,14
825,1403638168.545097,22
825,1403638168.545097,14
826,1403638168.595097,22
826,1403638168.595097,12
826,1403638168.595097,14
826,1403638168.595097,12
826,1403638168.595097,22
826,1403638168.595097,22
826,1403638168.595097,22
826,1403638168.595097,15
826,1403638168.595097,15
826,1403638168.595097,14
827,1403638168.645097,22
827,1403638168.645097,14
827,1403638168.645097,15
827,1403638168.645097,14
827,1403638168.645097,22
827,1403638168.645097,22
827,1403638168.645097,13
827,1403638168.645097,14
827,1403638168.645097,13
827,1403638168.645097,13
828,1403638168.695097,22
828,1403638168.695097,22
828,1403638168.695097,22
828,1403638168.695097,13
828,1403638168.695097,22
828,1403638168.695097,22
828,1403638168.695097,13
828,1403638168.695097,14
828,1403638168.695097,22
828,1403638168.695097,14
829,1403638168.745097,22
829,1403638168.745097,14
829,1403638168.745097,14
829,1403638168.745097,22
829,1403638168.745097,22
829,1403638168.745097,22
829,1403638168.745097,15
829,1403638168.745097,13
829,1403638168.745097,15
829,1403638168.745097,14
830,1403638168.795097,22
830,1403638168.795097,12
830,1403638168.795097,13
830,1403638168.795097,14
830,1403638168.795097,22
830,1403638168.795097,22
830,1403638168.795097,13
830,1403638168.795097,13
830,1403638168.795097,22
830,1403638168.795097,14
831,1403638168.845097,13
831,1403638168.845097,13
831,1403638168.845097,14
831,1403638168.845097,13
831,1403638168.845097,22
831,1403638168.845097,22
831,1403638168.845097,14
831,1403638168.845097,13
831,1403638168.845097,22
831,1403638168.845097,15
832,1403638168.895097,14
832,1403638168.895097,15
832,1403638168.895097,15
832,1403638168.895097,22
832,1403638168.895097,22
832,1403638168.895097,22
832,1403638168.895097,13
832,1403638168.895097,14
832,1403638168.895097,22
832,1403638168.895097,15
833,1403638168.945097,13
833,1403638168.945097,22
833,1403638168.945097,22
833,1403638168.945097,13
833,1403638168.945097,22
833,1403638168.945097,22
833,1403638168.945097,13
833,1403638168.945097,13
833,1403638168.945097,22
833,1403638168.945097,12
834,1403638168.995097,14
834,1403638168.995097,22
834,1403638168.995097,22
834,1403638168.995097,22
834,1403638168.995097,22
834,1403638168.995097,22
834,1403638168.995097,22
834,1403638168.995097,13
834,1403638168.995097,22
834,1403638168.995097,13
835,1403638169.045097,12
835,1403638169.045097,13
835,1403638169.045097,14
835,1403638169.045097,13
835,1403638169.045097,22
835,1403638169.045097,22
835,1403638169.045097,13
835,1403638169.045097,14
835,1403638169.045097,22
835,1403638169.045097,14
836,1403638169.095097,14
836,1403638169.095097,15
836,1403638169.095097,14
836,1403638169.095097,13
836,1403638169.095097,22
836,1403638169.095097,22
836,1403638169.095097,22
836,1403638169.095097,14
836,1403638169.095097,22
836,1403638169.095097,22
837,1403638169.145097,15
837,1403638169.145097,22
837,1403638169.145097,15
837,1403638169.145097,15
837,1403638169.145097,22
837,1403638169.145097,22
837,1403638169.145097,22
837,1403638169.145097,14
837,1403638169.145097,13
837,1403638169.145097,13
838,1403638169.195097,13
838,1403638169.195097,22
838,1403638169.195097,12
838,1403638169.195097,13
838,1403638169.195097,22
838,1403638169.195097,22
838,1403638169.195097,22
838,1403638169.195097,14
838,1403638169.195097,14
838,1403638169.195097,12
839,1403638169.245097,14
839,1403638169.245097,15
839,1403638169.245097,22
839,1403638169.245097,14
839,1403638169.245097,22
839,1403638169.245097,22
839,1403638169.245097,22
839,1403638169.245097,15
839,1403638169.245097,13
839,1403638169.245097,14
840,1403638169.295097,14
840,1403638169.295097,22
840,1403638169.295097,22
840,1403638169.295097,22
840,1403638169.295097,22
840,1403638169.295097,22
840,1403638169.295097,22
840,1403638169.295097,22
840,1403638169.295097,15
840,1403638169.295097,22
841,1403638169.345097,22
841,1403638169.345097,22
841,1403638169.345097,22
841,1403638169.345097,22
841,1403638169.345097,22
841,1403638169.345097,22
841,1403638169.345097,22
841,1403638169.345097,15
841,1403638169.345097,22
841,1403638169.345097,22
842,1403638169.395097,14
842,1403638169.395097,12
842,1403638169.395097,22
842,1403638169.395097,22
842,1403638169.395097,22
842,1403638169.395097,22
842,1403638169.395097,22
842,1403638169.395097,15
842,1403638169.395097,12
842,1403638169.395097,13
843,1403638169.445097,14
843,1403638169.445097,15
843,1403638169.445097,22
843,1403638169.445097,22
843,1403638169.445097,22
843,1403638169.445097,22
843,1403638169.445097,22
843,1403638169.445097,14
843,1403638169.445097,22
843,1403638169.445097,22
844,1403638169.495097,14
844,1403638169.495097,22
844,1403638169.495097,22
844,1403638169.495097,22
844,1403638169.495097,22
844,1403638169.495097,22
844,1403638169.495097,22
844,1403638169.495097,14
844,1403638169.495097,22
844,1403638169.495097,15
845,1403638169.545097,22
845,1403638169.545097,13
845,1403638169.545097,22
845,1403638169.545097,22
845,1403638169.545097,22
845,1403638169.545097,22
845,1403638169.545097,22
845,1403638169.545097,22
845,1403638169.545097,14
845,1403638169.545097,13
846,1403638169.595097,14
846,1403638169.595097,15
846,1403638169.595097,22
846,1403638169.595097,22
846,1403638169.595097,22
846,1403638169.595097,22
846,1403638169.595097,22
846,1403638169.595097,22
846,1403638169.595097,14
846,1403638169.595097,15
847,1403638169.645097,14
847,1403638169.645097,14
847,1403638169.645097,22
847,1403638169.645097,22
847,1403638169.645097,22
847,1403638169.645097,22
847,1403638169.645097,22
847,1403638169.645097,22
847,1403638169.645097,13
847,1403638169.645097,14
848,1403638169.695097,22
848,1403638169.695097,22
848,1403638169.695097,22
848,1403638169.695097,22
848,1403638169.695097,22
848,1403638169.695097,22
848,1403638169.695097,15
848,1403638169.695097,15
848,1403638169.695097,14
848,1403638169.695097,13
849,1403638169.745097,13
849,1403638169.745097,14
849,1403638169.745097,22
849,1403638169.745097,22
849,1403638169.745097,22
849,1403638169.745097,22
849,1403638169.745097,22
849,1403638169.745097,15
849,1403638169.745097,13
849,1403638169.745097,13
850,1403638169.795097,13
850,1403638169.795097,14
850,1403638169.795097,22
850,1403638169.795097,22
850,1403638169.795097,22
850,1403638169.795097,22
850,1403638169.795097,22
850,1403638169.795097,14
850,1403638169.795097,13
850,1403638169.795097,13
851,1403638169.845097,14
851,1403638169.845097,15
851,1403638169.845097,22
851,1403638169.845097,22
851,1403638169.845097,22
851,1403638169.845097,22
851,1403638169.845097,14
851,1403638169.845097,14
851,1403638169.845097,13
851,1403638169.845097,14
852,1403638169.895097,14
852,1403638169.895097,22
852,1403638169.895097,22
852,1403638169.895097,22
852,1403638169.895097,22
852,1403638169.895097,22
852,1403638169.895097,12
852,1403638169.895097,14
852,1403638169.895097,14
852,1403638169.895097,22
853,1403638169.945097,13
853,1403638169.945097,22
853,1403638169.945097,22
853,1403638169.945097,22
853,1403638169.945097,15
853,1403638169.945097,22
853,1403638169.945097,22
853,1403638169.945097,22
853,1403638169.945097,14
853,1403638169.945097,13
854,1403638169.995097,14
854,1403638169.995097,13
854,1403638169.995097,13
854,1403638169.995097,22
854,1403638169.995097,15
854,1403638169.995097,22
854,1403638169.995097,15
854,1403638169.995097,13
854,1403638169.995097,14
854,1403638169.995097,14
855,1403638170.045097,13
855,1403638170.045097,13
855,1403638170.045097,14
855,1403638170.045097,22
855,1403638170.045097,22
855,1403638170.045097,22
855,1403638170.045097,15
855,1403638170.045097,15
855,1403638170.045097,15
855,1403638170.045097,14
856,1403638170.095097,22
856,1403638170.095097,15
856,1403638170.095097,14
856,1403638170.095097,12
856,1403638170.095097,14
856,1403638170.095097,22
856,1403638170.095097,22
856,1403638170.095097,22
856,1403638170.095097,22
856,1403638170.095097,22
857,1403638170.145097,15
857,1403638170.145097,14
857,1403638170.145097,22
857,1403638170.145097,14
857,1403638170.145097,22
857,1403638170.145097,22
857,1403638170.145097,14
857,1403638170.145097,22
857,1403638170.145097,13
857,1403638170.145097,22
858,1403638170.195097,14
858,1403638170.195097,12
858,1403638170.195097,14
858,1403638170.195097,12
858,1403638170.195097,22
858,1403638170.195097,22
858,1403638170.195097,13
858,1403638170.195097,14
858,1403638170.195097,13
858,1403638170.195097,13
859,1403638170.245097,22
859,1403638170.245097,15
859,1403638170.245097,12
859,1403638170.245097,13
859,1403638170.245097,13
859,1403638170.245097,22
859,1403638170.245097,14
859,1403638170.245097,13
859,1403638170.245097,22
859,1403638170.245097,15
860,1403638170.295097,14
860,1403638170.295097,14
860,1403638170.295097,22
860,1403638170.295097,14
860,1403638170.295097,22
860,1403638170.295097,22
860,1403638170.295097,13
860,1403638170.295097,22
860,1403638170.295097,14
860,1403638170.295097,14
861,1403638170.345097,14
861,1403638170.345097,22
861,1403638170.345097,22
861,1403638170.345097,22
861,1403638170.345097,22
861,1403638170.345097,22
861,1403638170.345097,15
861,1403638170.345097,14
861,1403638170.345097,22
861,1403638170.345097,13
862,1403638170.395097,12
862,1403638170.395097,13
862,1403638170.395097,22
862,1403638170.395097,22
862,1403638170.395097,13
862,1403638170.395097,22
862,1403638170.395097,14
862,1403638170.395097,14
862,1403638170.395097,15
862,1403638170.395097,13
863,1403638170.445097,15
863,1403638170.445097,15
863,1403638170.445097,14
863,1403638170.445097,15
863,1403638170.445097,15
863,1403638170.445097,22
863,1403638170.445097,12
863,1403638170.445097,14
863,1403638170.445097,13
863,1403638170.445097,15
864,1403638170.495097,22
864,1403638170.495097,22
864,1403638170.495097,22
864,1403638170.495097,22
864,1403638170.495097,22
864,1403638170.495097,22
864,1403638170.495097,14
864,1403638170.495097,14
864,1403638170.495097,22
864,1403638170.495097,22
865,1403638170.545097,14
865,1403638170.545097,14
865,1403638170.545097,14
865,1403638170.545097,12
865,1403638170.545097,14
865,1403638170.545097,22
865,1403638170.545097,15
865,1403638170.545097,22
865,1403638170.545097,13
865,1403638170.545097,13
866,1403638170.595097,14
866,1403638170.595097,13
866,1403638170.595097,22
866,1403638170.595097,22
866,1403638170.595097,22
866,1403638170.595097,22
866,1403638170.595097,12
866,1403638170.595097,22
866,1403638170.595097,13
866,1403638170.595097,12
867,1403638170.645097,14
867,1403638170.645097,14
867,1403638170.645097,14
867,1403638170.645097,15
867,1403638170.645097,14
867,1403638170.645097,22
867,1403638170.645097,14
867,1403638170.645097,22
867,1403638170.645097,22
867,1403638170.645097,13
868,1403638170.695097,14
868,1403638170.695097,15
868,1403638170.695097,22
868,1403638170.695097,13
868,1403638170.695097,14
868,1403638170.695097,22
868,1403638170.695097,12
868,1403638170.695097,22
868,1403638170.695097,22
868,1403638170.695097,14
869,1403638170.745097,15
869,1403638170.745097,15
869,1403638170.745097,13
869,1403638170.745097,15
869,1403638170.745097,14
869,1403638170.745097,22
869,1403638170.745097,14
869,1403638170.745097,22
869,1403638170.745097,22
869,1403638170.745097,12
870,1403638170.795097,13
870,1403638170.795097,22
870,1403638170.795097,14
870,1403638170.795097,15
870,1403638170.795097,14
870,1403638170.795097,22
870,1403638170.795097,15
870,1403638170.795097,22
870,1403638170.795097,22
870,1403638170.795097,22
871,1403638170.845097,14
871,1403638170.845097,14
871,1403638170.845097,15
871,1403638170.845097,14
871,1403638170.845097,22
871,1403638170.845097,22
871,1403638170.845097,15
871,1403638170.845097,22
871,1403638170.845097,15
871,1403638170.845097,12
872,1403638170.895097,14
872,1403638170.895097,14
872,1403638170.895097,22
872,1403638170.895097,14
872,1403638170.895097,13
872,1403638170.895097,22
872,1403638170.895097,12
872,1403638170.895097,22
872,1403638170.895097,22
872,1403638170.895097,22
873,1403638170.945097,14
873,1403638170.945097,22
873,1403638170.945097,13
873,1403638170.945097,15
873,1403638170.945097,15
873,1403638170.945097,22
873,1403638170.945097,13
873,1403638170.945097,22
873,1403638170.945097,22
873,1403638170.945097,12
874,1403638170.995097,12
874,1403638170.995097,14
874,1403638170.995097,22
874,1403638170.995097,14
874,1403638170.995097,13
874,1403638170.995097,13
874,1403638170.995097,13
874,1403638170.995097,22
874,1403638170.995097,22
874,1403638170.995097,14
875,1403638171.045097,14
875,1403638171.045097,15
875,1403638171.045097,13
875,1403638171.045097,14
875,1403638171.045097,14
875,1403638171.045097,13
875,1403638171.045097,14
875,1403638171.045097,22
875,1403638171.045097,22
875,1403638171.045097,14
876,1403638171.095097,14
876,1403638171.095097,13
876,1403638171.095097,22
876,1403638171.095097,13
876,1403638171.095097,13
876,1403638171.095097,12
876,1403638171.095097,13
876,1403638171.095097,22
876,1403638171.095097,22
876,1403638171.095097,22
877,1403638171.145097,14
877,1403638171.145097,22
877,1403638171.145097,14
877,1403638171.145097,15
877,1403638171.145097,22
877,1403638171.145097,14
877,1403638171.145097,22
877,1403638171.145097,22
877,1403638171.145097,22
877,1403638171.145097,12
878,1403638171.195097,13
878,1403638171.195097,22
878,1403638171.195097,12
878,1403638171.195097,13
878,1403638171.195097,14
878,1403638171.195097,12
878,1403638171.195097,12
878,1403638171.195097,22
878,1403638171.195097,12
878,1403638171.195097,22
879,1403638171.245097,14
879,1403638171.245097,14
879,1403638171.245097,14
879,1403638171.245097,14
879,1403638171.245097,22
879,1403638171.245097,13
879,1403638171.245097,13
879,1403638171.245097,22
879,1403638171.245097,22
879,1403638171.245097,22
880,1403638171.295097,14
880,1403638171.295097,12
880,1403638171.295097,14
880,1403638171.295097,14
880,1403638171.295097,22
880,1403638171.295097,15
880,1403638171.295097,12
880,1403638171.295097,22
880,1403638171.295097,14
880,1403638171.295097,22
881,1403638171.345097,14
881,1403638171.345097,13
881,1403638171.345097,22
881,1403638171.345097,15
881,1403638171.345097,15
881,1403638171.345097,15
881,1403638171.345097,12
881,1403638171.345097,22
881,1403638171.345097,14
881,1403638171.345097,13
882,1403638171.395097,12
882,1403638171.395097,13
882,1403638171.395097,22
882,1403638171.395097,22
882,1403638171.395097,22
882,1403638171.395097,13
882,1403638171.395097,12
882,1403638171.395097,13
882,1403638171.395097,15
882,1403638171.395097,14
883,1403638171.445097,13
883,1403638171.445097,14
883,1403638171.445097,14
883,1403638171.445097,13
883,1403638171.445097,14
883,1403638171.445097,14
883,1403638171.445097,14
883,1403638171.445097,13
883,1403638171.445097,13
883,1403638171.445097,13
884,1403638171.495097,14
884,1403638171.495097,14
884,1403638171.495097,13
884,1403638171.495097,14
884,1403638171.495097,14
884,1403638171.495097,13
884,1403638171.495097,14
884,1403638171.495097,22
884,1403638171.495097,22
884,1403638171.495097,13
885,1403638171.545097,15
885,1403638171.545097,14
885,1403638171.545097,13
885,1403638171.545097,13
885,1403638171.545097,14
885,1403638171.545097,15
885,1403638171.545097,12
885,1403638171.545097,22
885,1403638171.545097,22
885,1403638171.545097,13
886,1403638171.595097,13
886,1403638171.595097,13
886,1403638171.595097,22
886,1403638171.595097,13
886,1403638171.595097,13
886,1403638171.595097,13
886,1403638171.595097,12
886,1403638171.595097,14
886,1403638171.595097,13
886,1403638171.595097,22
887,1403638171.645097,14
887,1403638171.645097,14
887,1403638171.645097,14
887,1403638171.645097,13
887,1403638171.645097,13
887,1403638171.645097,13
887,1403638171.645097,22
887,1403638171.645097,22
887,1403638171.645097,13
887,1403638171.645097,14
888,1403638171.695097,13
888,1403638171.695097,14
888,1403638171.695097,14
888,1403638171.695097,14
888,1403638171.695097,13
888,1403638171.695097,12
888,1403638171.695097,14
888,1403638171.695097,22
888,1403638171.695097,14
888,1403638171.695097,13
889,1403638171.745097,14
889,1403638171.745097,15
889,1403638171.745097,14
889,1403638171.745097,13
889,1403638171.745097,14
889,1403638171.745097,14
889,1403638171.745097,13
889,1403638171.745097,22
889,1403638171.745097,12
889,1403638171.745097,12
890,1403638171.795097,12
890,1403638171.795097,13
890,1403638171.795097,14
890,1403638171.795097,13
890,1403638171.795097,14
890,1403638171.795097,13
890,1403638171.795097,12
890,1403638171.795097,22
890,1403638171.795097,22
890,1403638171.795097,14
891,1403638171.845097,14
891,1403638171.845097,13
891,1403638171.845097,13
891,1403638171.845097,14
891,1403638171.845097,15
891,1403638171.845097,14
891,1403638171.845097,13
891,1403638171.845097,22
891,1403638171.845097,13
891,1403638171.845097,12
892,1403638171.895097,13
892,1403638171.895097,14
892,1403638171.895097,13
892,1403638171.895097,22
892,1403638171.895097,15
892,1403638171.895097,15
892,1403638171.895097,14
892,1403638171.895097,22
892,1403638171.895097,14
892,1403638171.895097,12
893,1403638171.945097,13
893,1403638171.945097,15
893,1403638171.945097,13
893,1403638171.945097,22
893,1403638171.945097,22
893,1403638171.945097,13
893,1403638171.945097,14
893,1403638171.945097,22
893,1403638171.945097,15
893,1403638171.945097,15
894,1403638171.995097,22
894,1403638171.995097,12
894,1403638171.995097,14
894,1403638171.995097,22
894,1403638171.995097,13
894,1403638171.995097,13
894,1403638171.995097,12
894,1403638171.995097,22
894,1403638171.995097,22
894,1403638171.995097,15
895,1403638172.045097,13
895,1403638172.045097,14
895,1403638172.045097,22
895,1403638172.045097,14
895,1403638172.045097,15
895,1403638172.045097,14
895,1403638172.045097,13
895,1403638172.045097,22
895,1403638172.045097,13
895,1403638172.045097,12
896,1403638172.095097,14
896,1403638172.095097,14
896,1403638172.095097,13
896,1403638172.095097,22
896,1403638172.095097,13
896,1403638172.095097,15
896,1403638172.095097,14
896,1403638172.095097,22
896,1403638172.095097,22
896,1403638172.095097,15
897,1403638172.145097,15
897,1403638172.145097,22
897,1403638172.145097,15
897,1403638172.145097,22
897,1403638172.145097,13
897,1403638172.145097,14
897,1403638172.145097,13
897,1403638172.145097,22
897,1403638172.145097,14
897,1403638172.145097,13
898,1403638172.195097,13
898,1403638172.195097,22
898,1403638172.195097,14
898,1403638172.195097,22
898,1403638172.195097,14
898,1403638172.195097,22
898,1403638172.195097,22
898,1403638172.195097,22
898,1403638172.195097,22
898,1403638172.195097,15
899,1403638172.245097,13
899,1403638172.245097,13
899,1403638172.245097,13
899,1403638172.245097,22
899,1403638172.245097,15
899,1403638172.245097,13
899,1403638172.245097,13
899,1403638172.245097,15
899,1403638172.245097,22
899,1403638172.245097,22
900,1403638172.295097,14
900,1403638172.295097,14
900,1403638172.295097,14
900,1403638172.295097,22
900,1403638172.295097,13
900,1403638172.295097,14
900,1403638172.295097,22
900,1403638172.295097,22
900,1403638172.295097,22
900,1403638172.295097,22
901,1403638172.345097,14
901,1403638172.345097,22
901,1403638172.345097,13
901,1403638172.345097,22
901,1403638172.345097,12
901,1403638172.345097,14
901,1403638172.345097,13
901,1403638172.345097,22
901,1403638172.345097,13
901,1403638172.345097,14
902,1403638172.395097,22
902,1403638172.395097,12
902,1403638172.395097,14
902,1403638172.395097,22
902,1403638172.395097,13
902,1403638172.395097,22
902,1403638172.395097,13
902,1403638172.395097,22
902,1403638172.395097,15
902,1403638172.395097,14
903,1403638172.445097,13
903,1403638172.445097,13
903,1403638172.445097,14
903,1403638172.445097,15
903,1403638172.445097,15
903,1403638172.445097,12
903,1403638172.445097,12
903,1403638172.445097,22
903,1403638172.445097,13
903,1403638172.445097,13
904,1403638172.495097,13
904,1403638172.495097,22
904,1403638172.495097,22
904,1403638172.495097,22
904,1403638172.495097,13
904,1403638172.495097,15
904,1403638172.495097,14
904,1403638172.495097,22
904,1403638172.495097,12
904,1403638172.495097,14
905,1403638172.545097,14
905,1403638172.545097,22
905,1403638172.545097,22
905,1403638172.545097,22
905,1403638172.545097,12
905,1403638172.545097,14
905,1403638172.545097,12
905,1403638172.545097,22
905,1403638172.545097,12
905,1403638172.545097,14
906,1403638172.595097,12
906,1403638172.595097,13
906,1403638172.595097,13
906,1403638172.595097,15
906,1403638172.595097,14
906,1403638172.595097,22
906,1403638172.595097,13
906,1403638172.595097,22
906,1403638172.595097,22
906,1403638172.595097,13
907,1403638172.645097,12
907,1403638172.645097,13
907,1403638172.645097,14
907,1403638172.645097,22
907,1403638172.645097,14
907,1403638172.645097,13
907,1403638172.645097,13
907,1403638172.645097,22
907,1403638172.645097,15
907,1403638172.645097,13
908,1403638172.695097,22
908,1403638172.695097,14
908,1403638172.695097,22
908,1403638172.695097,22
908,1403638172.695097,14
908,1403638172.695097,15
908,1403638172.695097,13
908,1403638172.695097,22
908,1403638172.695097,13
908,1403638172.695097,14
909,1403638172.745097,13
909,1403638172.745097,13
909,1403638172.745097,22
909,1403638172.745097,22
909,1403638172.745097,12
909,1403638172.745097,14
909,1403638172.745097,14
909,1403638172.745097,22
909,1403638172.745097,13
909,1403638172.745097,14
910,1403638172.795097,13
910,1403638172.795097,13
910,1403638172.795097,22
910,1403638172.795097,22
910,1403638172.795097,14
910,1403638172.795097,13
910,1403638172.795097,12
910,1403638172.795097,22
910,1403638172.795097,13
910,1403638172.795097,14
911,1403638172.845097,13
911,1403638172.845097,14
911,1403638172.845097,13
911,1403638172.845097,22
911,1403638172.845097,14
911,1403638172.845097,13
911,1403638172.845097,13
911,1403638172.845097,22
911,1403638172.845097,14
911,1403638172.845097,22
912,1403638172.895097,12
912,1403638172.895097,14
912,1403638172.895097,12
912,1403638172.895097,22
912,1403638172.895097,14
912,1403638172.895097,13
912,1403638172.895097,14
912,1403638172.895097,22
912,1403638172.895097,22
912,1403638172.895097,13
913,1403638172.945097,14
913,1403638172.945097,15
913,1403638172.945097,22
913,1403638172.945097,22
913,1403638172.945097,14
913,1403638172.945097,15
913,1403638172.945097,13
913,1403638172.945097,22
913,1403638172.945097,13
913,1403638172.945097,14
914,1403638172.995097,14
914,1403638172.995097,22
914,1403638172.995097,14
914,1403638172.995097,22
914,1403638172.995097,15
914,1403638172.995097,12
914,1403638172.995097,12
914,1403638172.995097,22
914,1403638172.995097,22
914,1403638172.995097,13
915,1403638173.045097,13
915,1403638173.045097,22
915,1403638173.045097,15
915,1403638173.045097,22
915,1403638173.045097,13
915,1403638173.045097,13
915,1403638173.045097,13
915,1403638173.045097,14
915,1403638173.045097,15
915,1403638173.045097,13
916,1403638173.095097,12
916,1403638173.095097,22
916,1403638173.095097,14
916,1403638173.095097,22
916,1403638173.095097,22
916,1403638173.095097,13
916,1403638173.095097,14
916,1403638173.095097,22
916,1403638173.095097,14
916,1403638173.095097,14
917,1403638173.145097,13
917,1403638173.145097,22
917,1403638173.145097,14
917,1403638173.145097,22
917,1403638173.145097,14
917,1403638173.145097,22
917,1403638173.145097,15
917,1403638173.145097,22
917,1403638173.145097,13
917,1403638173.145097,22
918,1403638173.195097,14
918,1403638173.195097,22
918,1403638173.195097,14
918,1403638173.195097,22
918,1403638173.195097,13
918,1403638173.195097,22
918,1403638173.195097,13
918,1403638173.195097,22
918,1403638173.195097,13
918,1403638173.195097,13
919,1403638173.245097,12
919,1403638173.245097,22
919,1403638173.245097,15
919,1403638173.245097,22
919,1403638173.245097,22
919,1403638173.245097,22
919,1403638173.245097,15
919,1403638173.245097,22
919,1403638173.245097,22
919,1403638173.245097,14
920,1403638173.295097,22
920,1403638173.295097,22
920,1403638173.295097,14
920,1403638173.295097,22
920,1403638173.295097,14
920,1403638173.295097,22
920,1403638173.295097,15
920,1403638173.295097,22
920,1403638173.295097,22
920,1403638173.295097,15
921,1403638173.345097,22
921,1403638173.345097,22
921,1403638173.345097,22
921,1403638173.345097,22
921,1403638173.345097,13
921,1403638173.345097,14
921,1403638173.345097,22
921,1403638173.345097,22
921,1403638173.345097,13
921,1403638173.345097,14
922,1403638173.395097,14
922,1403638173.395097,22
922,1403638173.395097,22
922,1403638173.395097,22
922,1403638173.395097,22
922,1403638173.395097,13
922,1403638173.395097,13
922,1403638173.395097,22
922,1403638173.395097,14
922,1403638173.395097,22
923,1403638173.445097,22
923,1403638173.445097,22
923,1403638173.445097,22
923,1403638173.445097,22
923,1403638173.445097,22
923,1403638173.445097,15
923,1403638173.445097,22
923,1403638173.445097,22
923,1403638173.445097,13
923,1403638173.445097,14
924,1403638173.495097,14
924,1403638173.495097,22
924,1403638173.495097,22
924,1403638173.495097,22
924,1403638173.495097,22
924,1403638173.495097,22
924,1403638173.495097,14
924,1403638173.495097,22
924,1403638173.495097,22
924,1403638173.495097,13
925,1403638173.545097,14
925,1403638173.545097,22
925,1403638173.545097,14
925,1403638173.545097,22
925,1403638173.545097,13
925,1403638173.545097,22
925,1403638173.545097,15
925,1403638173.545097,22
925,1403638173.545097,22
925,1403638173.545097,22
926,1403638173.595097,14
926,1403638173.595097,22
926,1403638173.595097,22
926,1403638173.595097,22
926,1403638173.595097,22
926,1403638173.595097,13
926,1403638173.595097,14
926,1403638173.595097,22
926,1403638173.595097,22
926,1403638173.595097,15
927,1403638173.645097,15
927,1403638173.645097,22
927,1403638173.645097,22
927,1403638173.645097,22
927,1403638173.645097,15
927,1403638173.645097,15
927,1403638173.645097,22
927,1403638173.645097,22
927,1403638173.645097,22
927,1403638173.645097,14
928,1403638173.695097,22
928,1403638173.695097,22
928,1403638173.695097,22
928,1403638173.695097,22
928,1403638173.695097,22
928,1403638173.695097,22
928,1403638173.695097,15
928,1403638173.695097,22
928,1403638173.695097,22
928,1403638173.695097,22
929,1403638173.745097,22
929,1403638173.745097,22
929,1403638173.745097,14
929,1403638173.745097,22
929,1403638173.745097,14
929,1403638173.745097,22
929,1403638173.745097,22
929,1403638173.745097,22
929,1403638173.745097,13
929,1403638173.745097,13
930,1403638173.795097,14
930,1403638173.795097,22
930,1403638173.795097,22
930,1403638173.795097,22
930,1403638173.795097,14
930,1403638173.795097,13
930,1403638173.795097,14
930,1403638173.795097,22
930,1403638173.795097,22
930,1403638173.795097,15
931,1403638173.845097,14
931,1403638173.845097,22
931,1403638173.845097,22
931,1403638173.845097,22
931,1403638173.845097,13
931,1403638173.845097,22
931,1403638173.845097,22
931,1403638173.845097,22
931,1403638173.845097,14
931,1403638173.845097,22
932,1403638173.895097,22
932,1403638173.895097,22
932,1403638173.895097,22
932,1403638173.895097,22
932,1403638173.895097,14
932,1403638173.895097,14
932,1403638173.895097,22
932,1403638173.895097,22
932,1403638173.895097,14
932,1403638173.895097,15
933,1403638173.945097,14
933,1403638173.945097,22
933,1403638173.945097,14
933,1403638173.945097,22
933,1403638173.945097,22
933,1403638173.945097,22
933,1403638173.945097,22
933,1403638173.945097,22
933,1403638173.945097,13
933,1403638173.945097,22
934,1403638173.995097,12
934,1403638173.995097,15
934,1403638173.995097,14
934,1403638173.995097,22
934,1403638173.995097,22
934,1403638173.995097,14
934,1403638173.995097,22
934,1403638173.995097,22
934,1403638173.995097,13
934,1403638173.995097,14
935,1403638174.045097,22
935,1403638174.045097,22
935,1403638174.045097,22
935,1403638174.045097,22
935,1403638174.045097,22
935,1403638174.045097,15
935,1403638174.045097,22
935,1403638174.045097,22
935,1403638174.045097,22
935,1403638174.045097,22
936,1403638174.095097,13
936,1403638174.095097,22
936,1403638174.095097,15
936,1403638174.095097,22
936,1403638174.095097,13
936,1403638174.095097,12
936,1403638174.095097,22
936,1403638174.095097,22
936,1403638174.095097,14
936,1403638174.095097,13
937,1403638174.145097,13
937,1403638174.145097,22
937,1403638174.145097,22
937,1403638174.145097,14
937,1403638174.145097,22
937,1403638174.145097,22
937,1403638174.145097,22
937,1403638174.145097,22
937,1403638174.145097,13
937,1403638174.145097,14
938,1403638174.195097,15
938,1403638174.195097,13
938,1403638174.195097,13
938,1403638174.195097,22
938,1403638174.195097,22
938,1403638174.195097,13
938,1403638174.195097,22
938,1403638174.195097,22
938,1403638174.195097,22
938,1403638174.195097,22
939,1403638174.245097,14
939,1403638174.245097,14
939,1403638174.245097,22
939,1403638174.245097,22
939,1403638174.245097,22
939,1403638174.245097,13
939,1403638174.245097,22
939,1403638174.245097,22
939,1403638174.245097,14
939,1403638174.245097,14
940,1403638174.295097,15
940,1403638174.295097,13
940,1403638174.295097,22
940,1403638174.295097,22
940,1403638174.295097,13
940,1403638174.295097,13
940,1403638174.295097,14
940,1403638174.295097,22
940,1403638174.295097,12
940,1403638174.295097,13
941,1403638174.345097,22
941,1403638174.345097,22
941,1403638174.345097,13
941,1403638174.345097,22
941,1403638174.345097,22
941,1403638174.345097,15
941,1403638174.345097,22
941,1403638174.345097,22
941,1403638174.345097,12
941,1403638174.345097,12
942,1403638174.395097,22
942,1403638174.395097,22
942,1403638174.395097,13
942,1403638174.395097,22
942,1403638174.395097,14
942,1403638174.395097,15
942,1403638174.395097,22
942,1403638174.395097,15
942,1403638174.395097,22
942,1403638174.395097,15
943,1403638174.445097,22
943,1403638174.445097,14
943,1403638174.445097,15
943,1403638174.445097,22
943,1403638174.445097,22
943,1403638174.445097,15
943,1403638174.445097,22
943,1403638174.445097,22
943,1403638174.445097,22
943,1403638174.445097,14
944,1403638174.495097,14
944,1403638174.495097,22
944,1403638174.495097,22
944,1403638174.495097,22
944,1403638174.495097,14
944,1403638174.495097,14
944,1403638174.495097,22
944,1403638174.495097,15
944,1403638174.495097,14
944,1403638174.495097,14
945,1403638174.545097,22
945,1403638174.545097,13
945,1403638174.545097,15
945,1403638174.545097,22
945,1403638174.545097,15
945,1403638174.545097,12
945,1403638174.545097,22
945,1403638174.545097,14
945,1403638174.545097,14
945,1403638174.545097,13
946,1403638174.595097,22
946,1403638174.595097,22
946,1403638174.595097,14
946,1403638174.595097,22
946,1403638174.595097,22
946,1403638174.595097,13
946,1403638174.595097,22
946,1403638174.595097,13
946,1403638174.595097,22
946,1403638174.595097,15
947,1403638174.645097,22
947,1403638174.645097,12
947,1403638174.645097,14
947,1403638174.645097,22
947,1403638174.645097,14
947,1403638174.645097,22
947,1403638174.645097,13
947,1403638174.645097,22
947,1403638174.645097,13
947,1403638174.645097,22
948,1403638174.695097,22
948,1403638174.695097,14
948,1403638174.695097,22
948,1403638174.695097,22
948,1403638174.695097,22
948,1403638174.695097,22
948,1403638174.695097,14
948,1403638174.695097,13
948,1403638174.695097,15
948,1403638174.695097,14
949,1403638174.745097,22
949,1403638174.745097,15
949,1403638174.745097,22
949,1403638174.745097,22
949,1403638174.745097,14
949,1403638174.745097,22
949,1403638174.745097,14
949,1403638174.745097,14
949,1403638174.745097,15
949,1403638174.745097,22
950,1403638174.795097,22
950,1403638174.795097,14
950,1403638174.795097,14
950,1403638174.795097,13
950,1403638174.795097,14
950,1403638174.795097,22
950,1403638174.795097,13
950,1403638174.795097,15
950,1403638174.795097,12
950,1403638174.795097,13
951,1403638174.845097,22
951,1403638174.845097,13
951,1403638174.845097,15
951,1403638174.845097,15
951,1403638174.845097,15
951,1403638174.845097,22
951,1403638174.845097,14
951,1403638174.845097,15
951,1403638174.845097,22
951,1403638174.845097,14
952,1403638174.895097,22
952,1403638174.895097,13
952,1403638174.895097,12
952,1403638174.895097,22
952,1403638174.895097,13
952,1403638174.895097,22
952,1403638174.895097,13
952,1403638174.895097,13
952,1403638174.895097,14
952,1403638174.895097,22
953,1403638174.945097,22
953,1403638174.945097,14
953,1403638174.945097,12
953,1403638174.945097,14
953,1403638174.945097,13
953,1403638174.945097,22
953,1403638174.945097,14
953,1403638174.945097,13
953,1403638174.945097,13
953,1403638174.945097,12
954,1403638174.995097,22
954,1403638174.995097,22
954,1403638174.995097,15
954,1403638174.995097,13
954,1403638174.995097,13
954,1403638174.995097,14
954,1403638174.995097,13
954,1403638174.995097,13
954,1403638174.995097,12
954,1403638174.995097,13
955,1403638175.045097,22
955,1403638175.045097,22
955,1403638175.045097,15
955,1403638175.045097,22
955,1403638175.045097,13
955,1403638175.045097,14
955,1403638175.045097,14
955,1403638175.045097,22
955,1403638175.045097,22
955,1403638175.045097,22
956,1403638175.095097,14
956,1403638175.095097,22
956,1403638175.095097,22
956,1403638175.095097,13
956,1403638175.095097,13
956,1403638175.095097,14
956,1403638175.095097,13
956,1403638175.095097,14
956,1403638175.095097,13
956,1403638175.095097,13
957,1403638175.145097,13
957,1403638175.145097,14
957,1403638175.145097,22
957,1403638175.145097,14
957,1403638175.145097,12
957,1403638175.145097,14
957,1403638175.145097,12
957,1403638175.145097,22
957,1403638175.145097,14
957,1403638175.145097,22
958,1403638175.195097,14
958,1403638175.195097,22
958,1403638175.195097,14
958,1403638175.195097,14
958,1403638175.195097,14
958,1403638175.195097,12
958,1403638175.195097,13
958,1403638175.195097,13
958,1403638175.195097,14
958,1403638175.195097,22
959,1403638175.245097,22
959,1403638175.245097,13
959,1403638175.245097,14
959,1403638175.245097,13
959,1403638175.245097,13
959,1403638175.245097,13
959,1403638175.245097,22
959,1403638175.245097,13
959,1403638175.245097,13
959,1403638175.245097,12
960,1403638175.295097,14
960,1403638175.295097,12
960,1403638175.295097,13
960,1403638175.295097,13
960,1403638175.295097,22
960,1403638175.295097,13
960,1403638175.295097,12
960,1403638175.295097,15
960,1403638175.295097,12
960,1403638175.295097,13
961,1403638175.345097,22
961,1403638175.345097,13
961,1403638175.345097,22
961,1403638175.345097,22
961,1403638175.345097,22
961,1403638175.345097,13
961,1403638175.345097,13
961,1403638175.345097,15
961,1403638175.345097,12
961,1403638175.345097,13
962,1403638175.395097,13
962,1403638175.395097,12
962,1403638175.395097,13
962,1403638175.395097,22
962,1403638175.395097,22
962,1403638175.395097,13
962,1403638175.395097,12
962,1403638175.395097,14
962,1403638175.395097,12
962,1403638175.395097,13
963,1403638175.445097,12
963,1403638175.445097,22
963,1403638175.445097,12
963,1403638175.445097,14
963,1403638175.445097,22
963,1403638175.445097,14
963,1403638175.445097,13
963,1403638175.445097,22
963,1403638175.445097,15
963,1403638175.445097,22
964,1403638175.495097,12
964,1403638175.495097,12
964,1403638175.495097,14
964,1403638175.495097,22
964,1403638175.495097,13
964,1403638175.495097,13
964,1403638175.495097,22
964,1403638175.495097,22
964,1403638175.495097,12
964,1403638175.495097,12
965,1403638175.545097,13
965,1403638175.545097,13
965,1403638175.545097,14
965,1403638175.545097,13
965,1403638175.545097,14
965,1403638175.545097,22
965,1403638175.545097,22
965,1403638175.545097,22
965,1403638175.545097,22
965,1403638175.545097,22
966,1403638175.595097,13
966,1403638175.595097,14
966,1403638175.595097,14
966,1403638175.595097,13
966,1403638175.595097,13
966,1403638175.595097,13
966,1403638175.595097,22
966,1403638175.595097,22
966,1403638175.595097,22
966,1403638175.595097,13
967,1403638175.645097,22
967,1403638175.645097,22
967,1403638175.645097,22
967,1403638175.645097,13
967,1403638175.645097,22
967,1403638175.645097,12
967,1403638175.645097,22
967,1403638175.645097,14
967,1403638175.645097,13
967,1403638175.645097,22
968,1403638175.695097,22
968,1403638175.695097,22
968,1403638175.695097,22
968,1403638175.695097,13
968,1403638175.695097,22
968,1403638175.695097,15
968,1403638175.695097,13
968,1403638175.695097,13
968,1403638175.695097,13
968,1403638175.695097,12
969,1403638175.745097,15
969,1403638175.745097,22
969,1403638175.745097,22
969,1403638175.745097,22
969,1403638175.745097,22
969,1403638175.745097,22
969,1403638175.745097,12
969,1403638175.745097,14
969,1403638175.745097,12
969,1403638175.745097,22
970,1403638175.795097,15
970,1403638175.795097,22
970,1403638175.795097,22
970,1403638175.795097,22
970,1403638175.795097,22
970,1403638175.795097,22
970,1403638175.795097,12
970,1403638175.795097,22
970,1403638175.795097,22
970,1403638175.795097,22
971,1403638175.845097,13
971,1403638175.845097,22
971,1403638175.845097,22
971,1403638175.845097,14
971,1403638175.845097,22
971,1403638175.845097,22
971,1403638175.845097,22
971,1403638175.845097,22
971,1403638175.845097,22
971,1403638175.845097,22
972,1403638175.895097,22
972,1403638175.895097,22
972,1403638175.895097,22
972,1403638175.895097,13
972,1403638175.895097,22
972,1403638175.895097,22
972,1403638175.895097,22
972,1403638175.895097,22
972,1403638175.895097,22
972,1403638175.895097,12
973,1403638175.945097,22
973,1403638175.945097,22
973,1403638175.945097,22
973,1403638175.945097,22
973,1403638175.945097,22
973,1403638175.945097,22
973,1403638175.945097,22
973,1403638175.945097,22
973,1403638175.945097,13
973,1403638175.945097,12
974,1403638175.995097,13
974,1403638175.995097,22
974,1403638175.995097,13
974,1403638175.995097,22
974,1403638175.995097,22
974,1403638175.995097,22
974,1403638175.995097,22
974,1403638175.995097,22
974,1403638175.995097,22
974,1403638175.995097,12
975,1403638176.045097,13
975,1403638176.045097,22
975,1403638176.045097,14
975,1403638176.045097,22
975,1403638176.045097,22
975,1403638176.045097,12
975,1403638176.045097,12
975,1403638176.045097,22
975,1403638176.045097,13
975,1403638176.045097,22
976,1403638176.095097,22
976,1403638176.095097,12
976,1403638176.095097,12
976,1403638176.095097,22
976,1403638176.095097,22
976,1403638176.095097,22
976,1403638176.095097,22
976,1403638176.095097,22
976,1403638176.095097,13
976,1403638176.095097,12
977,1403638176.145097,22
977,1403638176.145097,13
977,1403638176.145097,13
977,1403638176.145097,12
977,1403638176.145097,22
977,1403638176.145097,22
977,1403638176.145097,22
977,1403638176.145097,22
977,1403638176.145097,12
977,1403638176.145097,22
978,1403638176.195097,13
978,1403638176.195097,22
978,1403638176.195097,14
978,1403638176.195097,22
978,1403638176.195097,13
978,1403638176.195097,22
978,1403638176.195097,12
978,1403638176.195097,22
978,1403638176.195097,22
978,1403638176.195097,12
979,1403638176.245097,22
979,1403638176.245097,22
979,1403638176.245097,22
979,1403638176.245097,15
979,1403638176.245097,13
979,1403638176.245097,12
979,1403638176.245097,14
979,1403638176.245097,13
979,1403638176.245097,12
979,1403638176.245097,13
980,1403638176.295097,13
980,1403638176.295097,13
980,1403638176.295097,13
980,1403638176.295097,22
980,1403638176.295097,22
980,1403638176.295097,12
980,1403638176.295097,12
980,1403638176.295097,13
980,1403638176.295097,14
980,1403638176.295097,12
981,1403638176.345097,12
981,1403638176.345097,14
981,1403638176.345097,13
981,1403638176.345097,14
981,1403638176.345097,22
981,1403638176.345097,14
981,1403638176.345097,12
981,1403638176.345097,12
981,1403638176.345097,12
981,1403638176.345097,15
982,1403638176.395097,13
982,1403638176.395097,14
982,1403638176.395097,22
982,1403638176.395097,13
982,1403638176.395097,12
982,1403638176.395097,22
982,1403638176.395097,22
982,1403638176.395097,22
982,1403638176.395097,22
982,1403638176.395097,13
983,1403638176.445097,22
983,1403638176.445097,13
983,1403638176.445097,22
983,1403638176.445097,13
983,1403638176.445097,14
983,1403638176.445097,22
983,1403638176.445097,13
983,1403638176.445097,22
983,1403638176.445097,12
983,1403638176.445097,22
984,1403638176.495097,22
984,1403638176.495097,22
984,1403638176.495097,22
984,1403638176.495097,12
984,1403638176.495097,13
984,1403638176.495097,22
984,1403638176.495097,22
984,1403638176.495097,22
984,1403638176.495097,12
984,1403638176.495097,22
985,1403638176.545097,12
985,1403638176.545097,22
985,1403638176.545097,12
985,1403638176.545097,22
985,1403638176.545097,12
985,1403638176.545097,22
985,1403638176.545097,22
985,1403638176.545097,13
985,1403638176.545097,13
985,1403638176.545097,22
986,1403638176.595097,22
986,1403638176.595097,22
986,1403638176.595097,14
986,1403638176.595097,14
986,1403638176.595097,13
986,1403638176.595097,22
986,1403638176.595097,22
986,1403638176.595097,22
986,1403638176.595097,22
986,1403638176.595097,22
987,1403638176.645097,22
987,1403638176.645097,22
987,1403638176.645097,14
987,1403638176.645097,22
987,1403638176.645097,22
987,1403638176.645097,15
987,1403638176.645097,22
987,1403638176.645097,13
987,1403638176.645097,12
987,1403638176.645097,22
988,1403638176.695097,22
988,1403638176.695097,12
988,1403638176.695097,15
988,1403638176.695097,15
988,1403638176.695097,12
988,1403638176.695097,12
988,1403638176.695097,12
988,1403638176.695097,13
988,1403638176.695097,22
988,1403638176.695097,12
989,1403638176.745097,13
989,1403638176.745097,14
989,1403638176.745097,13
989,1403638176.745097,12
989,1403638176.745097,12
989,1403638176.745097,12
989,1403638176.745097,22
989,1403638176.745097,13
989,1403638176.745097,22
989,1403638176.745097,22
990,1403638176.795097,12
990,1403638176.795097,12
990,1403638176.795097,13
990,1403638176.795097,12
990,1403638176.795097,14
990,1403638176.795097,13
990,1403638176.795097,15
990,1403638176.795097,13
990,1403638176.795097,22
990,1403638176.795097,22
991,1403638176.845097,12
991,1403638176.845097,22
991,1403638176.845097,13
991,1403638176.845097,13
991,1403638176.845097,13
991,1403638176.845097,22
991,1403638176.845097,22
991,1403638176.845097,22
991,1403638176.845097,22
991,1403638176.845097,22
992,1403638176.895097,13
992,1403638176.895097,13
992,1403638176.895097,22
992,1403638176.895097,13
992,1403638176.895097,22
992,1403638176.895097,15
992,1403638176.895097,22
992,1403638176.895097,12
992,1403638176.895097,22
992,1403638176.895097,13
993,1403638176.945097,13
993,1403638176.945097,13
993,1403638176.945097,22
993,1403638176.945097,12
993,1403638176.945097,22
993,1403638176.945097,22
993,1403638176.945097,12
993,1403638176.945097,13
993,1403638176.945097,22
993,1403638176.945097,22
994,1403638176.995097,12
994,1403638176.995097,12
994,1403638176.995097,14
994,1403638176.995097,22
994,1403638176.995097,22
994,1403638176.995097,22
994,1403638176.995097,12
994,1403638176.995097,22
994,1403638176.995097,22
994,1403638176.995097,22
995,1403638177.045097,13
995,1403638177.045097,12
995,1403638177.045097,13
995,1403638177.045097,22
995,1403638177.045097,22
995,1403638177.045097,22
995,1403638177.045097,22
995,1403638177.045097,22
995,1403638177.045097,22
995,1403638177.045097,22
996,1403638177.095097,12
996,1403638177.095097,12
996,1403638177.095097,14
996,1403638177.095097,22
996,1403638177.095097,13
996,1403638177.095097,12
996,1403638177.095097,22
996,1403638177.095097,22
996,1403638177.095097,22
996,1403638177.095097,22
997,1403638177.145097,13
997,1403638177.145097,12
997,1403638177.145097,12
997,1403638177.145097,22
997,1403638177.145097,22
997,1403638177.145097,12
997,1403638177.145097,12
997,1403638177.145097,13
997,1403638177.145097,12
997,1403638177.145097,22
998,1403638177.195097,12
998,1403638177.195097,12
998,1403638177.195097,12
998,1403638177.195097,22
998,1403638177.195097,22
998,1403638177.195097,13
998,1403638177.195097,13
998,1403638177.195097,22
998,1403638177.195097,12
998,1403638177.195097,22
999,1403638177.245097,22
999,1403638177.245097,22
999,1403638177.245097,13
999,1403638177.245097,22
999,1403638177.245097,22
999,1403638177.245097,13
999,1403638177.245097,22
999,1403638177.245097,22
999,1403638177.245097,13
999,1403638177.245097,22
1000,1403638177.295097,13
1000,1403638177.295097,22
1000,1403638177.295097,12
1000,1403638177.295097,22
1000,1403638177.295097,22
1000,1403638177.295097,12
1000,1403638177.295097,22
1000,1403638177.295097,22
1000,1403638177.295097,22
1000,1403638177.295097,22
1001,1403638177.345097,13
1001,1403638177.345097,12
1001,1403638177.345097,14
1001,1403638177.345097,22
1001,1403638177.345097,12
1001,1403638177.345097,22
1001,1403638177.345097,22
1001,1403638177.345097,13
1001,1403638177.345097,22
1001,1403638177.345097,12
1002,1403638177.395097,14
1002,1403638177.395097,13
1002,1403638177.395097,22
1002,1403638177.395097,22
1002,1403638177.395097,13
1002,1403638177.395097,13
1002,1403638177.395097,22
1002,1403638177.395097,13
1002,1403638177.395097,22
1002,1403638177.395097,12
1003,1403638177.445097,12
1003,1403638177.445097,13
1003,1403638177.445097,22
1003,1403638177.445097,13
1003,1403638177.445097,22
1003,1403638177.445097,15
1003,1403638177.445097,22
1003,1403638177.445097,13
1003,1403638177.445097,22
1003,1403638177.445097,22
1004,1403638177.495097,22
1004,1403638177.495097,14
1004,1403638177.495097,22
1004,1403638177.495097,22
1004,1403638177.495097,14
1004,1403638177.495097,22
1004,1403638177.495097,12
1004,1403638177.495097,12
1004,1403638177.495097,22
1004,1403638177.495097,22
1005,1403638177.545097,22
1005,1403638177.545097,22
1005,1403638177.545097,13
1005,1403638177.545097,12
1005,1403638177.545097,22
1005,1403638177.545097,12
1005,1403638177.545097,22
1005,1403638177.545097,22
1005,1403638177.545097,22
1005,1403638177.545097,22
1006,1403638177.595097,22
1006,1403638177.595097,22
1006,1403638177.595097,14
1006,1403638177.595097,12
1006,1403638177.595097,15
1006,1403638177.595097,12
1006,1403638177.595097,13
1006,1403638177.595097,22
1006,1403638177.595097,22
1006,1403638177.595097,12
1007,1403638177.645097,22
1007,1403638177.645097,22
1007,1403638177.645097,22
1007,1403638177.645097,22
1007,1403638177.645097,22
1007,1403638177.645097,12
1007,1403638177.645097,22
1007,1403638177.645097,22
1007,1403638177.645097,22
1007,1403638177.645097,22
1008,1403638177.695097,22
1008,1403638177.695097,15
1008,1403638177.695097,13
1008,1403638177.695097,22
1008,1403638177.695097,22
1008,1403638177.695097,13
1008,1403638177.695097,14
1008,1403638177.695097,12
1008,1403638177.695097,22
1008,1403638177.695097,22
1009,1403638177.745097,22
1009,1403638177.745097,22
1009,1403638177.745097,22
1009,1403638177.745097,22
1009,1403638177.745097,22
1009,1403638177.745097,22
1009,1403638177.745097,13
1009,1403638177.745097,22
1009,1403638177.745097,14
1009,1403638177.745097,22
1010,1403638177.795097,12
1010,1403638177.795097,22
1010,1403638177.795097,22
1010,1403638177.795097,22
1010,1403638177.795097,14
1010,1403638177.795097,22
1010,1403638177.795097,12
1010,1403638177.795097,22
1010,1403638177.795097,22
1010,1403638177.795097,22
1011,1403638177.845097,22
1011,1403638177.845097,12
1011,1403638177.845097,12
1011,1403638177.845097,12
1011,1403638177.845097,22
1011,1403638177.845097,22
1011,1403638177.845097,13
1011,1403638177.845097,22
1011,1403638177.845097,22
1011,1403638177.845097,13
1012,1403638177.895097,12
1012,1403638177.895097,22
1012,1403638177.895097,13
1012,1403638177.895097,15
1012,1403638177.895097,15
1012,1403638177.895097,13
1012,1403638177.895097,22
1012,1403638177.895097,13
1012,1403638177.895097,13
1012,1403638177.895097,12
1013,1403638177.945097,12
1013,1403638177.945097,14
1013,1403638177.945097,22
1013,1403638177.945097,22
1013,1403638177.945097,14
1013,1403638177.945097,12
1013,1403638177.945097,13
1013,1403638177.945097,14
1013,1403638177.945097,12
1013,1403638177.945097,22
1014,1403638177.995097,12
1014,1403638177.995097,22
1014,1403638177.995097,13
1014,1403638177.995097,22
1014,1403638177.995097,12
1014,1403638177.995097,22
1014,1403638177.995097,22
1014,1403638177.995097,14
1014,1403638177.995097,22
1014,1403638177.995097,13
1015,1403638178.045097,12
1015,1403638178.045097,15
1015,1403638178.045097,12
1015,1403638178.045097,15
1015,1403638178.045097,22
1015,1403638178.045097,22
1015,1403638178.045097,13
1015,1403638178.045097,22
1015,1403638178.045097,14
1015,1403638178.045097,12
1016,1403638178.095097,12
1016,1403638178.095097,15
1016,1403638178.095097,14
1016,1403638178.095097,22
1016,1403638178.095097,22
1016,1403638178.095097,22
1016,1403638178.095097,22
1016,1403638178.095097,22
1016,1403638178.095097,22
1016,1403638178.095097,12
1017,1403638178.145097,13
1017,1403638178.145097,22
1017,1403638178.145097,14
1017,1403638178.145097,22
1017,1403638178.145097,22
1017,1403638178.145097,22
1017,1403638178.145097,14
1017,1403638178.145097,14
1017,1403638178.145097,22
1017,1403638178.145097,14
1018,1403638178.195097,13
1018,1403638178.195097,22
1018,1403638178.195097,15
1018,1403638178.195097,22
1018,1403638178.195097,22
1018,1403638178.195097,12
1018,1403638178.195097,22
1018,1403638178.195097,22
1018,1403638178.195097,15
1018,1403638178.195097,15
1019,1403638178.245097,13
1019,1403638178.245097,22
1019,1403638178.245097,15
1019,1403638178.245097,13
1019,1403638178.245097,22
1019,1403638178.245097,14
1019,1403638178.245097,22
1019,1403638178.245097,14
1019,1403638178.245097,22
1019,1403638178.245097,13
1020,1403638178.295097,13
1020,1403638178.295097,22
1020,1403638178.295097,12
1020,1403638178.295097,22
1020,1403638178.295097,22
1020,1403638178.295097,12
1020,1403638178.295097,12
1020,1403638178.295097,22
1020,1403638178.295097,22
1020,1403638178.295097,14
1021,1403638178.345097,22
1021,1403638178.345097,22
1021,1403638178.345097,14
1021,1403638178.345097,22
1021,1403638178.345097,22
1021,1403638178.345097,13
1021,1403638178.345097,12
1021,1403638178.345097,22
1021,1403638178.345097,22
1021,1403638178.345097,12
1022,1403638178.395097,13
1022,1403638178.395097,22
1022,1403638178.395097,22
1022,1403638178.395097,22
1022,1403638178.395097,22
1022,1403638178.395097,14
1022,1403638178.395097,13
1022,1403638178.395097,22
1022,1403638178.395097,22
1022,1403638178.395097,22
1023,1403638178.445097,14
1023,1403638178.445097,22
1023,1403638178.445097,14
1023,1403638178.445097,22
1023,1403638178.445097,22
1023,1403638178.445097,13
1023,1403638178.445097,14
1023,1403638178.445097,22
1023,1403638178.445097,14
1023,1403638178.445097,14
1024,1403638178.495097,13
1024,1403638178.495097,22
1024,1403638178.495097,14
1024,1403638178.495097,14
1024,1403638178.495097,22
1024,1403638178.495097,13
1024,1403638178.495097,15
1024,1403638178.495097,22
1024,1403638178.495097,22
1024,1403638178.495097,14
1025,1403638178.545097,13
1025,1403638178.545097,22
1025,1403638178.545097,22
1025,1403638178.545097,22
1025,1403638178.545097,22
1025,1403638178.545097,22
1025,1403638178.545097,14
1025,1403638178.545097,22
1025,1403638178.545097,22
1025,1403638178.545097,15
1026,1403638178.595097,15
1026,1403638178.595097,22
1026,1403638178.595097,14
1026,1403638178.595097,13
1026,1403638178.595097,22
1026,1403638178.595097,13
1026,1403638178.595097,14
1026,1403638178.595097,22
1026,1403638178.595097,22
1026,1403638178.595097,22
1027,1403638178.645097,15
1027,1403638178.645097,22
1027,1403638178.645097,22
1027,1403638178.645097,12
1027,1403638178.645097,22
1027,1403638178.645097,13
1027,1403638178.645097,13
1027,1403638178.645097,14
1027,1403638178.645097,22
1027,1403638178.645097,12
1028,1403638178.695097,12
1028,1403638178.695097,22
1028,1403638178.695097,13
1028,1403638178.695097,14
1028,1403638178.695097,15
1028,1403638178.695097,13
1028,1403638178.695097,14
1028,1403638178.695097,22
1028,1403638178.695097,22
1028,1403638178.695097,22
1029,1403638178.745097,14
1029,1403638178.745097,22
1029,1403638178.745097,22
1029,1403638178.745097,14
1029,1403638178.745097,22
1029,1403638178.745097,14
1029,1403638178.745097,13
1029,1403638178.745097,14
1029,1403638178.745097,22
1029,1403638178.745097,13
1030,1403638178.795097,12
1030,1403638178.795097,22
1030,1403638178.795097,14
1030,1403638178.795097,22
1030,1403638178.795097,15
1030,1403638178.795097,15
1030,1403638178.795097,14
1030,1403638178.795097,22
1030,1403638178.795097,22
1030,1403638178.795097,14
1031,1403638178.845097,14
1031,1403638178.845097,22
1031,1403638178.845097,13
1031,1403638178.845097,13
1031,1403638178.845097,22
1031,1403638178.845097,22
1031,1403638178.845097,15
1031,1403638178.845097,22
1031,1403638178.845097,22
1031,1403638178.845097,14
1032,1403638178.895097,13
1032,1403638178.895097,22
1032,1403638178.895097,13
1032,1403638178.895097,15
1032,1403638178.895097,22
1032,1403638178.895097,13
1032,1403638178.895097,13
1032,1403638178.895097,13
1032,1403638178.895097,15
1032,1403638178.895097,14
1033,1403638178.945097,12
1033,1403638178.945097,22
1033,1403638178.945097,12
1033,1403638178.945097,22
1033,1403638178.945097,22
1033,1403638178.945097,13
1033,1403638178.945097,13
1033,1403638178.945097,13
1033,1403638178.945097,22
1033,1403638178.945097,14
1034,1403638178.995097,14
1034,1403638178.995097,22
1034,1403638178.995097,22
1034,1403638178.995097,13
1034,1403638178.995097,13
1034,1403638178.995097,12
1034,1403638178.995097,12
1034,1403638178.995097,22
1034,1403638178.995097,12
1034,1403638178.995097,15
1035,1403638179.045097,15
1035,1403638179.045097,15
1035,1403638179.045097,22
1035,1403638179.045097,13
1035,1403638179.045097,22
1035,1403638179.045097,13
1035,1403638179.045097,13
1035,1403638179.045097,22
1035,1403638179.045097,15
1035,1403638179.045097,12
1036,1403638179.095097,13
1036,1403638179.095097,22
1036,1403638179.095097,22
1036,1403638179.095097,22
1036,1403638179.095097,13
1036,1403638179.095097,13
1036,1403638179.095097,12
1036,1403638179.095097,14
1036,1403638179.095097,15
1036,1403638179.095097,22
1037,1403638179.145097,14
1037,1403638179.145097,22
1037,1403638179.145097,13
1037,1403638179.145097,13
1037,1403638179.145097,14
1037,1403638179.145097,12
1037,1403638179.145097,12
1037,1403638179.145097,12
1037,1403638179.145097,14
1037,1403638179.145097,22
1038,1403638179.195097,12
1038,1403638179.195097,22
1038,1403638179.195097,12
1038,1403638179.195097,14
1038,1403638179.195097,13
1038,1403638179.195097,14
1038,1403638179.195097,13
1038,1403638179.195097,22
1038,1403638179.195097,22
1038,1403638179.195097,13
1039,1403638179.245097,14
1039,1403638179.245097,22
1039,1403638179.245097,22
1039,1403638179.245097,13
1039,1403638179.245097,14
1039,1403638179.245097,15
1039,1403638179.245097,13
1039,1403638179.245097,13
1039,1403638179.245097,13
1039,1403638179.245097,14
1040,1403638179.295097,14
1040,1403638179.295097,22
1040,1403638179.295097,22
1040,1403638179.295097,13
1040,1403638179.295097,14
1040,1403638179.295097,14
1040,1403638179.295097,13
1040,1403638179.295097,15
1040,1403638179.295097,14
1040,1403638179.295097,14
1041,1403638179.345097,22
1041,1403638179.345097,22
1041,1403638179.345097,13
1041,1403638179.345097,12
1041,1403638179.345097,14
1041,1403638179.345097,22
1041,1403638179.345097,12
1041,1403638179.345097,14
1041,1403638179.345097,13
1041,1403638179.345097,12
1042,1403638179.395097,22
1042,1403638179.395097,22
1042,1403638179.395097,14
1042,1403638179.395097,13
1042,1403638179.395097,13
1042,1403638179.395097,12
1042,1403638179.395097,22
1042,1403638179.395097,12
1042,1403638179.395097,15
1042,1403638179.395097,13
1043,1403638179.445097,14
1043,1403638179.445097,22
1043,1403638179.445097,14
1043,1403638179.445097,13
1043,1403638179.445097,22
1043,1403638179.445097,13
1043,1403638179.445097,22
1043,1403638179.445097,13
1043,1403638179.445097,12
1043,1403638179.445097,14
1044,1403638179.495097,13
1044,1403638179.495097,22
1044,1403638179.495097,15
1044,1403638179.495097,13
1044,1403638179.495097,13
1044,1403638179.495097,22
1044,1403638179.495097,14
1044,1403638179.495097,13
1044,1403638179.495097,15
1044,1403638179.495097,22
1045,1403638179.545097,14
1045,1403638179.545097,22
1045,1403638179.545097,14
1045,1403638179.545097,14
1045,1403638179.545097,14
1045,1403638179.545097,14
1045,1403638179.545097,13
1045,1403638179.545097,14
1045,1403638179.545097,13
1045,1403638179.545097,13
1046,1403638179.595097,13
1046,1403638179.595097,22
1046,1403638179.595097,22
1046,1403638179.595097,12
1046,1403638179.595097,22
1046,1403638179.595097,14
1046,1403638179.595097,14
1046,1403638179.595097,13
1046,1403638179.595097,14
1046,1403638179.595097,14
1047,1403638179.645097,14
1047,1403638179.645097,22
1047,1403638179.645097,22
1047,1403638179.645097,13
1047,1403638179.645097,13
1047,1403638179.645097,12
1047,1403638179.645097,14
1047,1403638179.645097,22
1047,1403638179.645097,12
1047,1403638179.645097,14
1048,1403638179.695097,14
1048,1403638179.695097,22
1048,1403638179.695097,14
1048,1403638179.695097,15
1048,1403638179.695097,22
1048,1403638179.695097,15
1048,1403638179.695097,15
1048,1403638179.695097,22
1048,1403638179.695097,15
1048,1403638179.695097,12
1049,1403638179.745097,22
1049,1403638179.745097,22
1049,1403638179.745097,22
1049,1403638179.745097,13
1049,1403638179.745097,22
1049,1403638179.745097,22
1049,1403638179.745097,14
1049,1403638179.745097,15
1049,1403638179.745097,12
1049,1403638179.745097,14
1050,1403638179.795097,12
1050,1403638179.795097,22
1050,1403638179.795097,14
1050,1403638179.795097,14
1050,1403638179.795097,14
1050,1403638179.795097,13
1050,1403638179.795097,13
1050,1403638179.795097,14
1050,1403638179.795097,14
1050,1403638179.795097,12
1051,1403638179.845097,12
1051,1403638179.845097,22
1051,1403638179.845097,13
1051,1403638179.845097,22
1051,1403638179.845097,22
1051,1403638179.845097,13
1051,1403638179.845097,22
1051,1403638179.845097,13
1051,1403638179.845097,22
1051,1403638179.845097,14
1052,1403638179.895097,14
1052,1403638179.895097,22
1052,1403638179.895097,22
1052,1403638179.895097,22
1052,1403638179.895097,14
1052,1403638179.895097,22
1052,1403638179.895097,13
1052,1403638179.895097,14
1052,1403638179.895097,14
1052,1403638179.895097,22
1053,1403638179.945097,22
1053,1403638179.945097,22
1053,1403638179.945097,14
1053,1403638179.945097,14
1053,1403638179.945097,22
1053,1403638179.945097,14
1053,1403638179.945097,14
1053,1403638179.945097,14
1053,1403638179.945097,22
1053,1403638179.945097,13
1054,1403638179.995097,13
1054,1403638179.995097,22
1054,1403638179.995097,13
1054,1403638179.995097,13
1054,1403638179.995097,13
1054,1403638179.995097,13
1054,1403638179.995097,22
1054,1403638179.995097,22
1054,1403638179.995097,14
1054,1403638179.995097,14
1055,1403638180.045097,13
1055,1403638180.045097,22
1055,1403638180.045097,13
1055,1403638180.045097,15
1055,1403638180.045097,14
1055,1403638180.045097,13
1055,1403638180.045097,22
1055,1403638180.045097,12
1055,1403638180.045097,14
1055,1403638180.045097,12
1056,1403638180.095097,12
1056,1403638180.095097,22
1056,1403638180.095097,22
1056,1403638180.095097,14
1056,1403638180.095097,14
1056,1403638180.095097,15
1056,1403638180.095097,22
1056,1403638180.095097,14
1056,1403638180.095097,13
1056,1403638180.095097,14
1057,1403638180.145097,22
1057,1403638180.145097,22
1057,1403638180.145097,13
1057,1403638180.145097,14
1057,1403638180.145097,12
1057,1403638180.145097,13
1057,1403638180.145097,13
1057,1403638180.145097,14
1057,1403638180.145097,14
1057,1403638180.145097,13
1058,1403638180.195097,13
1058,1403638180.195097,22
1058,1403638180.195097,14
1058,1403638180.195097,14
1058,1403638180.195097,22
1058,1403638180.195097,14
1058,1403638180.195097,12
1058,1403638180.195097,15
1058,1403638180.195097,14
1058,1403638180.195097,12
1059,1403638180.245097,12
1059,1403638180.245097,15
1059,1403638180.245097,13
1059,1403638180.245097,12
1059,1403638180.245097,13
1059,1403638180.245097,22
1059,1403638180.245097,22
1059,1403638180.245097,14
1059,1403638180.245097,13
1059,1403638180.245097,13
1060,1403638180.295097,13
1060,1403638180.295097,12
1060,1403638180.295097,13
1060,1403638180.295097,13
1060,1403638180.295097,22
1060,1403638180.295097,22
1060,1403638180.295097,14
1060,1403638180.295097,14
1060,1403638180.295097,22
1060,1403638180.295097,13
1061,1403638180.345097,14
1061,1403638180.345097,14
1061,1403638180.345097,13
1061,1403638180.345097,13
1061,1403638180.345097,12
1061,1403638180.345097,22
1061,1403638180.345097,14
1061,1403638180.345097,22
1061,1403638180.345097,13
1061,1403638180.345097,14
1062,1403638180.395097,13
1062,1403638180.395097,22
1062,1403638180.395097,22
1062,1403638180.395097,22
1062,1403638180.395097,12
1062,1403638180.395097,14
1062,1403638180.395097,22
1062,1403638180.395097,14
1062,1403638180.395097,14
1062,1403638180.395097,13
1063,1403638180.445097,13
1063,1403638180.445097,13
1063,1403638180.445097,22
1063,1403638180.445097,14
1063,1403638180.445097,12
1063,1403638180.445097,12
1063,1403638180.445097,22
1063,1403638180.445097,13
1063,1403638180.445097,13
1063,1403638180.445097,13
1064,1403638180.495097,14
1064,1403638180.495097,22
1064,1403638180.495097,12
1064,1403638180.495097,13
1064,1403638180.495097,14
1064,1403638180.495097,13
1064,1403638180.495097,12
1064,1403638180.495097,22
1064,1403638180.495097,14
1064,1403638180.495097,22
1065,1403638180.545097,13
1065,1403638180.545097,22
1065,1403638180.545097,13
1065,1403638180.545097,14
1065,1403638180.545097,13
1065,1403638180.545097,13
1065,1403638180.545097,13
1065,1403638180.545097,13
1065,1403638180.545097,13
1065,1403638180.545097,13
1066,1403638180.595097,13
1066,1403638180.595097,22
1066,1403638180.595097,22
1066,1403638180.595097,12
1066,1403638180.595097,13
1066,1403638180.595097,12
1066,1403638180.595097,13
1066,1403638180.595097,22
1066,1403638180.595097,14
1066,1403638180.595097,14
1067,1403638180.645097,12
1067,1403638180.645097,13
1067,1403638180.645097,22
1067,1403638180.645097,14
1067,1403638180.645097,22
1067,1403638180.645097,12
1067,1403638180.645097,15
1067,1403638180.645097,22
1067,1403638180.645097,13
1067,1403638180.645097,22
1068,1403638180.695097,14
1068,1403638180.695097,13
1068,1403638180.695097,22
1068,1403638180.695097,22
1068,1403638180.695097,22
1068,1403638180.695097,14
1068,1403638180.695097,13
1068,1403638180.695097,22
1068,1403638180.695097,22
1068,1403638180.695097,13
1069,1403638180.745097,13
1069,1403638180.745097,12
1069,1403638180.745097,22
1069,1403638180.745097,14
1069,1403638180.745097,13
1069,1403638180.745097,14
1069,1403638180.745097,13
1069,1403638180.745097,13
1069,1403638180.745097,14
1069,1403638180.745097,12
1070,1403638180.795097,13
1070,1403638180.795097,14
1070,1403638180.795097,13
1070,1403638180.795097,12
1070,1403638180.795097,14
1070,1403638180.795097,12
1070,1403638180.795097,12
1070,1403638180.795097,13
1070,1403638180.795097,13
1070,1403638180.795097,12
1071,1403638180.845097,13
1071,1403638180.845097,14
1071,1403638180.845097,15
1071,1403638180.845097,13
1071,1403638180.845097,12
1071,1403638180.845097,14
1071,1403638180.845097,12
1071,1403638180.845097,12
1071,1403638180.845097,15
1071,1403638180.845097,14
1072,1403638180.895097,13
1072,1403638180.895097,13
1072,1403638180.895097,22
1072,1403638180.895097,22
1072,1403638180.895097,13
1072,1403638180.895097,13
1072,1403638180.895097,13
1072,1403638180.895097,13
1072,1403638180.895097,13
1072,1403638180.895097,22
1073,1403638180.945097,22
1073,1403638180.945097,14
1073,1403638180.945097,14
1073,1403638180.945097,13
1073,1403638180.945097,22
1073,1403638180.945097,12
1073,1403638180.945097,22
1073,1403638180.945097,22
1073,1403638180.945097,12
1073,1403638180.945097,12
1074,1403638180.995097,22
1074,1403638180.995097,12
1074,1403638180.995097,14
1074,1403638180.995097,13
1074,1403638180.995097,22
1074,1403638180.995097,14
1074,1403638180.995097,13
1074,1403638180.995097,13
1074,1403638180.995097,12
1074,1403638180.995097,13
1075,1403638181.045097,14
1075,1403638181.045097,13
1075,1403638181.045097,15
1075,1403638181.045097,14
1075,1403638181.045097,22
1075,1403638181.045097,13
1075,1403638181.045097,12
1075,1403638181.045097,14
1075,1403638181.045097,13
1075,1403638181.045097,22
1076,1403638181.095097,12
1076,1403638181.095097,14
1076,1403638181.095097,22
1076,1403638181.095097,12
1076,1403638181.095097,13
1076,1403638181.095097,12
1076,1403638181.095097,12
1076,1403638181.095097,22
1076,1403638181.095097,13
1076,1403638181.095097,14
1077,1403638181.145097,13
1077,1403638181.145097,22
1077,1403638181.145097,13
1077,1403638181.145097,15
1077,1403638181.145097,13
1077,1403638181.145097,12
1077,1403638181.145097,14
1077,1403638181.145097,14
1077,1403638181.145097,22
1077,1403638181.145097,14
1078,1403638181.195097,22
1078,1403638181.195097,13
1078,1403638181.195097,15
1078,1403638181.195097,14
1078,1403638181.195097,14
1078,1403638181.195097,13
1078,1403638181.195097,12
1078,1403638181.195097,22
1078,1403638181.195097,14
1078,1403638181.195097,14
1079,1403638181.245097,13
1079,1403638181.245097,13
1079,1403638181.245097,14
1079,1403638181.245097,14
1079,1403638181.245097,12
1079,1403638181.245097,13
1079,1403638181.245097,15
1079,1403638181.245097,14
1079,1403638181.245097,13
1079,1403638181.245097,12
1080,1403638181.295097,14
1080,1403638181.295097,14
1080,1403638181.295097,13
1080,1403638181.295097,13
1080,1403638181.295097,22
1080,1403638181.295097,14
1080,1403638181.295097,14
1080,1403638181.295097,13
1080,1403638181.295097,15
1080,1403638181.295097,12
1081,1403638181.345097,13
1081,1403638181.345097,22
1081,1403638181.345097,13
1081,1403638181.345097,22
1081,1403638181.345097,14
1081,1403638181.345097,13
1081,1403638181.345097,12
1081,1403638181.345097,22
1081,1403638181.345097,22
1081,1403638181.345097,14
1082,1403638181.395097,14
1082,1403638181.395097,13
1082,1403638181.395097,22
1082,1403638181.395097,22
1082,1403638181.395097,22
1082,1403638181.395097,12
1082,1403638181.395097,14
1082,1403638181.395097,14
1082,1403638181.395097,13
1082,1403638181.395097,13
1083,1403638181.445097,15
1083,1403638181.445097,22
1083,1403638181.445097,22
1083,1403638181.445097,13
1083,1403638181.445097,13
1083,1403638181.445097,12
1083,1403638181.445097,15
1083,1403638181.445097,15
1083,1403638181.445097,22
1083,1403638181.445097,12
1084,1403638181.495097,13
1084,1403638181.495097,12
1084,1403638181.495097,22
1084,1403638181.495097,14
1084,1403638181.495097,22
1084,1403638181.495097,15
1084,1403638181.495097,12
1084,1403638181.495097,14
1084,1403638181.495097,13
1084,1403638181.495097,15
1085,1403638181.545097,22
1085,1403638181.545097,22
1085,1403638181.545097,14
1085,1403638181.545097,22
1085,1403638181.545097,22
1085,1403638181.545097,22
1085,1403638181.545097,13
1085,1403638181.545097,22
1085,1403638181.545097,22
1085,1403638181.545097,13
1086,1403638181.595097,14
1086,1403638181.595097,13
1086,1403638181.595097,22
1086,1403638181.595097,22
1086,1403638181.595097,15
1086,1403638181.595097,22
1086,1403638181.595097,13
1086,1403638181.595097,15
1086,1403638181.595097,22
1086,1403638181.595097,22
1087,1403638181.645097,22
1087,1403638181.645097,22
1087,1403638181.645097,22
1087,1403638181.645097,14
1087,1403638181.645097,12
1087,1403638181.645097,13
1087,1403638181.645097,15
1087,1403638181.645097,22
1087,1403638181.645097,22
1087,1403638181.645097,13
1088,1403638181.695097,12
1088,1403638181.695097,15
1088,1403638181.695097,22
1088,1403638181.695097,15
1088,1403638181.695097,22
1088,1403638181.695097,22
1088,1403638181.695097,14
1088,1403638181.695097,13
1088,1403638181.695097,22
1088,1403638181.695097,22
1089,1403638181.745097,15
1089,1403638181.745097,15
1089,1403638181.745097,22
1089,1403638181.745097,22
1089,1403638181.745097,13
1089,1403638181.745097,22
1089,1403638181.745097,15
1089,1403638181.745097,22
1089,1403638181.745097,22
1089,1403638181.745097,14
1090,1403638181.795097,15
1090,1403638181.795097,13
1090,1403638181.795097,22
1090,1403638181.795097,15
1090,1403638181.795097,22
1090,1403638181.795097,13
1090,1403638181.795097,22
1090,1403638181.795097,22
1090,1403638181.795097,22
1090,1403638181.795097,15
1091,1403638181.845097,22
1091,1403638181.845097,22
1091,1403638181.845097,22
1091,1403638181.845097,22
1091,1403638181.845097,13
1091,1403638181.845097,14
1091,1403638181.845097,14
1091,1403638181.845097,15
1091,1403638181.845097,22
1091,1403638181.845097,22
1092,1403638181.895097,15
1092,1403638181.895097,14
1092,1403638181.895097,22
1092,1403638181.895097,13
1092,1403638181.895097,15
1092,1403638181.895097,15
1092,1403638181.895097,15
1092,1403638181.895097,13
1092,1403638181.895097,22
1092,1403638181.895097,22
1093,1403638181.945097,13
1093,1403638181.945097,22
1093,1403638181.945097,12
1093,1403638181.945097,22
1093,1403638181.945097,15
1093,1403638181.945097,14
1093,1403638181.945097,15
1093,1403638181.945097,15
1093,1403638181.945097,22
1093,1403638181.945097,13
1094,1403638181.995097,22
1094,1403638181.995097,14
1094,1403638181.995097,15
1094,1403638181.995097,14
1094,1403638181.995097,14
1094,1403638181.995097,14
1094,1403638181.995097,12
1094,1403638181.995097,14
1094,1403638181.995097,22
1094,1403638181.995097,14
1095,1403638182.045097,14
1095,1403638182.045097,22
1095,1403638182.045097,22
1095,1403638182.045097,14
1095,1403638182.045097,13
1095,1403638182.045097,22
1095,1403638182.045097,13
1095,1403638182.045097,22
1095,1403638182.045097,22
1095,1403638182.045097,14
1096,1403638182.095097,15
1096,1403638182.095097,22
1096,1403638182.095097,22
1096,1403638182.095097,12
1096,1403638182.095097,14
1096,1403638182.095097,13
1096,1403638182.095097,22
1096,1403638182.095097,14
1096,1403638182.095097,22
1096,1403638182.095097,22
1097,1403638182.145097,22
1097,1403638182.145097,22
1097,1403638182.145097,22
1097,1403638182.145097,14
1097,1403638182.145097,14
1097,1403638182.145097,15
1097,1403638182.145097,15
1097,1403638182.145097,22
1097,1403638182.145097,22
1097,1403638182.145097,14
1098,1403638182.195097,13
1098,1403638182.195097,22
1098,1403638182.195097,13
1098,1403638182.195097,14
1098,1403638182.195097,14
1098,1403638182.195097,15
1098,1403638182.195097,13
1098,1403638182.195097,13
1098,1403638182.195097,22
1098,1403638182.195097,13
1099,1403638182.245097,13
1099,1403638182.245097,14
1099,1403638182.245097,14
1099,1403638182.245097,22
1099,1403638182.245097,13
1099,1403638182.245097,14
1099,1403638182.245097,15
1099,1403638182.245097,14
1099,1403638182.245097,22
1099,1403638182.245097,13
1100,1403638182.295097,22
1100,1403638182.295097,14
1100,1403638182.295097,13
1100,1403638182.295097,22
1100,1403638182.295097,12
1100,1403638182.295097,13
1100,1403638182.295097,14
1100,1403638182.295097,12
1100,1403638182.295097,13
1100,1403638182.295097,12
1101,1403638182.345097,22
1101,1403638182.345097,22
1101,1403638182.345097,15
1101,1403638182.345097,12
1101,1403638182.345097,12
1101,1403638182.345097,12
1101,1403638182.345097,15
1101,1403638182.345097,22
1101,1403638182.345097,14
1101,1403638182.345097,13
1102,1403638182.395097,22
1102,1403638182.395097,22
1102,1403638182.395097,13
1102,1403638182.395097,22
1102,1403638182.395097,13
1102,1403638182.395097,12
1102,1403638182.395097,12
1102,1403638182.395097,13
1102,1403638182.395097,13
1102,1403638182.395097,12
1103,1403638182.445097,15
1103,1403638182.445097,22
1103,1403638182.445097,14
1103,1403638182.445097,14
1103,1403638182.445097,15
1103,1403638182.445097,14
1103,1403638182.445097,13
1103,1403638182.445097,22
1103,1403638182.445097,22
1103,1403638182.445097,14
1104,1403638182.495097,22
1104,1403638182.495097,15
1104,1403638182.495097,14
1104,1403638182.495097,14
1104,1403638182.495097,22
1104,1403638182.495097,14
1104,1403638182.495097,12
1104,1403638182.495097,13
1104,1403638182.495097,22
1104,1403638182.495097,14
1105,1403638182.545097,22
1105,1403638182.545097,22
1105,1403638182.545097,14
1105,1403638182.545097,13
1105,1403638182.545097,14
1105,1403638182.545097,14
1105,1403638182.545097,13
1105,1403638182.545097,22
1105,1403638182.545097,14
1105,1403638182.545097,22
1106,1403638182.595097,14
1106,1403638182.595097,13
1106,1403638182.595097,13
1106,1403638182.595097,13
1106,1403638182.595097,14
1106,1403638182.595097,12
1106,1403638182.595097,22
1106,1403638182.595097,13
1106,1403638182.595097,14
1106,1403638182.595097,13
1107,1403638182.645097,22
1107,1403638182.645097,22
1107,1403638182.645097,13
1107,1403638182.645097,14
1107,1403638182.645097,14
1107,1403638182.645097,13
1107,1403638182.645097,13
1107,1403638182.645097,15
1107,1403638182.645097,14
1107,1403638182.645097,13
1108,1403638182.695097,22
1108,1403638182.695097,22
1108,1403638182.695097,14
1108,1403638182.695097,14
1108,1403638182.695097,22
1108,1403638182.695097,14
1108,1403638182.695097,22
1108,1403638182.695097,14
1108,1403638182.695097,13
1108,1403638182.695097,14
1109,1403638182.745097,22
1109,1403638182.745097,22
1109,1403638182.745097,15
1109,1403638182.745097,22
1109,1403638182.745097,15
1109,1403638182.745097,13
1109,1403638182.745097,13
1109,1403638182.745097,22
1109,1403638182.745097,15
1109,1403638182.745097,15
1110,1403638182.795097,22
1110,1403638182.795097,14
1110,1403638182.795097,22
1110,1403638182.795097,12
1110,1403638182.795097,12
1110,1403638182.795097,14
1110,1403638182.795097,22
1110,1403638182.795097,14
1110,1403638182.795097,13
1110,1403638182.795097,13
1111,1403638182.845097,22
1111,1403638182.845097,13
1111,1403638182.845097,14
1111,1403638182.845097,22
1111,1403638182.845097,22
1111,1403638182.845097,14
1111,1403638182.845097,12
1111,1403638182.845097,14
1111,1403638182.845097,14
1111,1403638182.845097,22
1112,1403638182.895097,14
1112,1403638182.895097,22
1112,1403638182.895097,14
1112,1403638182.895097,22
1112,1403638182.895097,15
1112,1403638182.895097,14
1112,1403638182.895097,14
1112,1403638182.895097,14
1112,1403638182.895097,14
1112,1403638182.895097,13
1113,1403638182.945097,22
1113,1403638182.945097,14
1113,1403638182.945097,14
1113,1403638182.945097,13
1113,1403638182.945097,22
1113,1403638182.945097,14
1113,1403638182.945097,12
1113,1403638182.945097,15
1113,1403638182.945097,22
1113,1403638182.945097,15
1114,1403638182.995097,15
1114,1403638182.995097,22
1114,1403638182.995097,22
1114,1403638182.995097,22
1114,1403638182.995097,13
1114,1403638182.995097,15
1114,1403638182.995097,22
1114,1403638182.995097,22
1114,1403638182.995097,12
1114,1403638182.995097,22
1115,1403638183.045097,22
1115,1403638183.045097,22
1115,1403638183.045097,14
1115,1403638183.045097,15
1115,1403638183.045097,15
1115,1403638183.045097,12
1115,1403638183.045097,13
1115,1403638183.045097,14
1115,1403638183.045097,22
1115,1403638183.045097,12
1116,1403638183.095097,12
1116,1403638183.095097,22
1116,1403638183.095097,15
1116,1403638183.095097,14
1116,1403638183.095097,13
1116,1403638183.095097,22
1116,1403638183.095097,15
1116,1403638183.095097,22
1116,1403638183.095097,13
1116,1403638183.095097,14
1117,1403638183.145097,14
1117,1403638183.145097,22
1117,1403638183.145097,22
1117,1403638183.145097,14
1117,1403638183.145097,22
1117,1403638183.145097,13
1117,1403638183.145097,14
1117,1403638183.145097,22
1117,1403638183.145097,22
1117,1403638183.145097,22
1118,1403638183.195097,14
1118,1403638183.195097,22
1118,1403638183.195097,14
1118,1403638183.195097,13
1118,1403638183.195097,13
1118,1403638183.195097,14
1118,1403638183.195097,15
1118,1403638183.195097,22
1118,1403638183.195097,15
1118,1403638183.195097,22
1119,1403638183.245097,13
1119,1403638183.245097,14
1119,1403638183.245097,22
1119,1403638183.245097,22
1119,1403638183.245097,15
1119,1403638183.245097,22
1119,1403638183.245097,22
1119,1403638183.245097,22
1119,1403638183.245097,14
1119,1403638183.245097,13
1120,1403638183.295097,14
1120,1403638183.295097,22
1120,1403638183.295097,14
1120,1403638183.295097,13
1120,1403638183.295097,13
1120,1403638183.295097,14
1120,1403638183.295097,13
1120,1403638183.295097,22
1120,1403638183.295097,22
1120,1403638183.295097,13
1121,1403638183.345097,13
1121,1403638183.345097,22
1121,1403638183.345097,13
1121,1403638183.345097,22
1121,1403638183.345097,15
1121,1403638183.345097,15
1121,1403638183.345097,22
1121,1403638183.345097,15
1121,1403638183.345097,13
1121,1403638183.345097,22
1122,1403638183.395097,15
1122,1403638183.395097,22
1122,1403638183.395097,22
1122,1403638183.395097,13
1122,1403638183.395097,13
1122,1403638183.395097,14
1122,1403638183.395097,22
1122,1403638183.395097,22
1122,1403638183.395097,13
1122,1403638183.395097,12
1123,1403638183.445097,14
1123,1403638183.445097,22
1123,1403638183.445097,14
1123,1403638183.445097,22
1123,1403638183.445097,22
1123,1403638183.445097,12
1123,1403638183.445097,22
1123,1403638183.445097,14
1123,1403638183.445097,13
1123,1403638183.445097,14
1124,1403638183.495097,12
1124,1403638183.495097,22
1124,1403638183.495097,12
1124,1403638183.495097,13
1124,1403638183.495097,13
1124,1403638183.495097,12
1124,1403638183.495097,12
1124,1403638183.495097,12
1124,1403638183.495097,22
1124,1403638183.495097,12
1125,1403638183.545097,12
1125,1403638183.545097,22
1125,1403638183.545097,15
1125,1403638183.545097,13
1125,1403638183.545097,22
1125,1403638183.545097,22
1125,1403638183.545097,13
1125,1403638183.545097,22
1125,1403638183.545097,15
1125,1403638183.545097,22
1126,1403638183.595097,14
1126,1403638183.595097,22
1126,1403638183.595097,13
1126,1403638183.595097,14
1126,1403638183.595097,22
1126,1403638183.595097,14
1126,1403638183.595097,13
1126,1403638183.595097,14
1126,1403638183.595097,15
1126,1403638183.595097,13
1127,1403638183.645097,13
1127,1403638183.645097,12
1127,1403638183.645097,22
1127,1403638183.645097,13
1127,1403638183.645097,13
1127,1403638183.645097,14
1127,1403638183.645097,22
1127,1403638183.645097,22
1127,1403638183.645097,13
1127,1403638183.645097,22
1128,1403638183.695097,22
1128,1403638183.695097,22
1128,1403638183.695097,14
1128,1403638183.695097,22
1128,1403638183.695097,13
1128,1403638183.695097,15
1128,1403638183.695097,14
1128,1403638183.695097,13
1128,1403638183.695097,14
1128,1403638183.695097,13
1129,1403638183.745097,14
1129,1403638183.745097,12
1129,1403638183.745097,22
1129,1403638183.745097,14
1129,1403638183.745097,14
1129,1403638183.745097,22
1129,1403638183.745097,22
1129,1403638183.745097,22
1129,1403638183.745097,22
1129,1403638183.745097,13
1130,1403638183.795097,12
1130,1403638183.795097,22
1130,1403638183.795097,22
1130,1403638183.795097,15
1130,1403638183.795097,22
1130,1403638183.795097,13
1130,1403638183.795097,13
1130,1403638183.795097,12
1130,1403638183.795097,15
1130,1403638183.795097,22
1131,1403638183.845097,15
1131,1403638183.845097,15
1131,1403638183.845097,13
1131,1403638183.845097,14
1131,1403638183.845097,13
1131,1403638183.845097,22
1131,1403638183.845097,12
1131,1403638183.845097,22
1131,1403638183.845097,14
1131,1403638183.845097,13
1132,1403638183.895097,12
1132,1403638183.895097,14
1132,1403638183.895097,22
1132,1403638183.895097,12
1132,1403638183.895097,14
1132,1403638183.895097,13
1132,1403638183.895097,22
1132,1403638183.895097,14
1132,1403638183.895097,22
1132,1403638183.895097,14
1133,1403638183.945097,22
1133,1403638183.945097,15
1133,1403638183.945097,13
1133,1403638183.945097,22
1133,1403638183.945097,14
1133,1403638183.945097,22
1133,1403638183.945097,22
1133,1403638183.945097,22
1133,1403638183.945097,12
1133,1403638183.945097,14
1134,1403638183.995097,22
1134,1403638183.995097,15
1134,1403638183.995097,22
1134,1403638183.995097,22
1134,1403638183.995097,15
1134,1403638183.995097,12
1134,1403638183.995097,22
1134,1403638183.995097,13
1134,1403638183.995097,22
1134,1403638183.995097,14
1135,1403638184.045097,13
1135,1403638184.045097,13
1135,1403638184.045097,13
1135,1403638184.045097,14
1135,1403638184.045097,13
1135,1403638184.045097,14
1135,1403638184.045097,13
1135,1403638184.045097,22
1135,1403638184.045097,13
1135,1403638184.045097,14
1136,1403638184.095097,22
1136,1403638184.095097,22
1136,1403638184.095097,22
1136,1403638184.095097,14
1136,1403638184.095097,22
1136,1403638184.095097,13
1136,1403638184.095097,15
1136,1403638184.095097,13
1136,1403638184.095097,22
1136,1403638184.095097,14
1137,1403638184.145097,13
1137,1403638184.145097,14
1137,1403638184.145097,14
1137,1403638184.145097,14
1137,1403638184.145097,22
1137,1403638184.145097,22
1137,1403638184.145097,22
1137,1403638184.145097,22
1137,1403638184.145097,14
1137,1403638184.145097,14
1138,1403638184.195097,22
1138,1403638184.195097,13
1138,1403638184.195097,15
1138,1403638184.195097,22
1138,1403638184.195097,12
1138,1403638184.195097,13
1138,1403638184.195097,14
1138,1403638184.195097,15
1138,1403638184.195097,14
1138,1403638184.195097,15
1139,1403638184.245097,12
1139,1403638184.245097,13
1139,1403638184.245097,22
1139,1403638184.245097,13
1139,1403638184.245097,22
1139,1403638184.245097,14
1139,1403638184.245097,14
1139,1403638184.245097,14
1139,1403638184.245097,12
1139,1403638184.245097,13
1140,1403638184.295097,22
1140,1403638184.295097,22
1140,1403638184.295097,13
1140,1403638184.295097,15
1140,1403638184.295097,15
1140,1403638184.295097,14
1140,1403638184.295097,22
1140,1403638184.295097,15
1140,1403638184.295097,22
1140,1403638184.295097,22
1141,1403638184.345097,22
1141,1403638184.345097,13
1141,1403638184.345097,22
1141,1403638184.345097,15
1141,1403638184.345097,22
1141,1403638184.345097,22
1141,1403638184.345097,12
1141,1403638184.345097,22
1141,1403638184.345097,14
1141,1403638184.345097,12
1142,1403638184.395097,15
1142,1403638184.395097,22
1142,1403638184.395097,14
1142,1403638184.395097,15
1142,1403638184.395097,12
1142,1403638184.395097,15
1142,1403638184.395097,22
1142,1403638184.395097,13
1142,1403638184.395097,22
1142,1403638184.395097,22
1143,1403638184.445097,14
1143,1403638184.445097,13
1143,1403638184.445097,12
1143,1403638184.445097,22
1143,1403638184.445097,22
1143,1403638184.445097,15
1143,1403638184.445097,12
1143,1403638184.445097,22
1143,1403638184.445097,13
1143,1403638184.445097,14
1144,1403638184.495097,14
1144,1403638184.495097,22
1144,1403638184.495097,22
1144,1403638184.495097,12
1144,1403638184.495097,13
1144,1403638184.495097,14
1144,1403638184.495097,22
1144,1403638184.495097,14
1144,1403638184.495097,15
1144,1403638184.495097,15
1145,1403638184.545097,15
1145,1403638184.545097,14
1145,1403638184.545097,14
1145,1403638184.545097,22
1145,1403638184.545097,22
1145,1403638184.545097,22
1145,1403638184.545097,22
1145,1403638184.545097,15
1145,1403638184.545097,14
1145,1403638184.545097,14
1146,1403638184.595097,22
1146,1403638184.595097,22
1146,1403638184.595097,22
1146,1403638184.595097,14
1146,1403638184.595097,13
1146,1403638184.595097,13
1146,1403638184.595097,12
1146,1403638184.595097,14
1146,1403638184.595097,22
1146,1403638184.595097,22
1147,1403638184.645097,14
1147,1403638184.645097,14
1147,1403638184.645097,22
1147,1403638184.645097,22
1147,1403638184.645097,15
1147,1403638184.645097,22
1147,1403638184.645097,22
1147,1403638184.645097,22
1147,1403638184.645097,13
1147,1403638184.645097,13
1148,1403638184.695097,22
1148,1403638184.695097,14
1148,1403638184.695097,14
1148,1403638184.695097,14
1148,1403638184.695097,14
1148,1403638184.695097,13
1148,1403638184.695097,14
1148,1403638184.695097,14
1148,1403638184.695097,22
1148,1403638184.695097,22
1149,1403638184.745097,12
1149,1403638184.745097,22
1149,1403638184.745097,15
1149,1403638184.745097,13
1149,1403638184.745097,14
1149,1403638184.745097,22
1149,1403638184.745097,14
1149,1403638184.745097,22
1149,1403638184.745097,14
1149,1403638184.745097,12
1150,1403638184.795097,22
1150,1403638184.795097,14
1150,1403638184.795097,22
1150,1403638184.795097,22
1150,1403638184.795097,22
1150,1403638184.795097,22
1150,1403638184.795097,22
1150,1403638184.795097,14
1150,1403638184.795097,22
1150,1403638184.795097,22
1151,1403638184.845097,12
1151,1403638184.845097,22
1151,1403638184.845097,22
1151,1403638184.845097,15
1151,1403638184.845097,14
1151,1403638184.845097,14
1151,1403638184.845097,13
1151,1403638184.845097,14
1151,1403638184.845097,13
1151,1403638184.845097,22
1152,1403638184.895097,22
1152,1403638184.895097,13
1152,1403638184.895097,22
1152,1403638184.895097,15
1152,1403638184.895097,13
1152,1403638184.895097,13
1152,1403638184.895097,22
1152,1403638184.895097,14
1152,1403638184.895097,22
1152,1403638184.895097,13
1153,1403638184.945097,14
1153,1403638184.945097,22
1153,1403638184.945097,13
1153,1403638184.945097,13
1153,1403638184.945097,22
1153,1403638184.945097,22
1153,1403638184.945097,13
1153,1403638184.945097,22
1153,1403638184.945097,13
1153,1403638184.945097,22
1154,1403638184.995097,14
1154,1403638184.995097,13
1154,1403638184.995097,22
1154,1403638184.995097,22
1154,1403638184.995097,13
1154,1403638184.995097,22
1154,1403638184.995097,22
1154,1403638184.995097,14
1154,1403638184.995097,22
1154,1403638184.995097,14
1155,1403638185.045097,13
1155,1403638185.045097,22
1155,1403638185.045097,13
1155,1403638185.045097,13
1155,1403638185.045097,22
1155,1403638185.045097,22
1155,1403638185.045097,13
1155,1403638185.045097,14
1155,1403638185.045097,14
1155,1403638185.045097,14
1156,1403638185.095097,14
1156,1403638185.095097,22
1156,1403638185.095097,22
1156,1403638185.095097,22
1156,1403638185.095097,14
1156,1403638185.095097,12
1156,1403638185.095097,22
1156,1403638185.095097,14
1156,1403638185.095097,22
1156,1403638185.095097,14
1157,1403638185.145097,13
1157,1403638185.145097,13
1157,1403638185.145097,14
1157,1403638185.145097,13
1157,1403638185.145097,22
1157,1403638185.145097,22
1157,1403638185.145097,14
1157,1403638185.145097,22
1157,1403638185.145097,22
1157,1403638185.145097,12
1158,1403638185.195097,22
1158,1403638185.195097,22
1158,1403638185.195097,22
1158,1403638185.195097,22
1158,1403638185.195097,22
1158,1403638185.195097,13
1158,1403638185.195097,13
1158,1403638185.195097,14
1158,1403638185.195097,22
1158,1403638185.195097,22
1159,1403638185.245097,13
1159,1403638185.245097,22
1159,1403638185.245097,14
1159,1403638185.245097,13
1159,1403638185.245097,14
1159,1403638185.245097,22
1159,1403638185.245097,22
1159,1403638185.245097,22
1159,1403638185.245097,15
1159,1403638185.245097,13
1160,1403638185.295097,22
1160,1403638185.295097,22
1160,1403638185.295097,15
1160,1403638185.295097,22
1160,1403638185.295097,22
1160,1403638185.295097,14
1160,1403638185.295097,12
1160,1403638185.295097,14
1160,1403638185.295097,22
1160,1403638185.295097,22
1161,1403638185.345097,12
1161,1403638185.345097,14
1161,1403638185.345097,14
1161,1403638185.345097,13
1161,1403638185.345097,15
1161,1403638185.345097,22
1161,1403638185.345097,22
1161,1403638185.345097,22
1161,1403638185.345097,12
1161,1403638185.345097,22
1162,1403638185.395097,22
1162,1403638185.395097,22
1162,1403638185.395097,22
1162,1403638185.395097,22
1162,1403638185.395097,15
1162,1403638185.395097,13
1162,1403638185.395097,14
1162,1403638185.395097,14
1162,1403638185.395097,22
1162,1403638185.395097,14
1163,1403638185.445097,12
1163,1403638185.445097,22
1163,1403638185.445097,22
1163,1403638185.445097,13
1163,1403638185.445097,13
1163,1403638185.445097,22
1163,1403638185.445097,22
1163,1403638185.445097,22
1163,1403638185.445097,13
1163,1403638185.445097,22
1164,1403638185.495097,22
1164,1403638185.495097,13
1164,1403638185.495097,12
1164,1403638185.495097,22
1164,1403638185.495097,22
1164,1403638185.495097,12
1164,1403638185.495097,22
1164,1403638185.495097,14
1164,1403638185.495097,22
1164,1403638185.495097,14
1165,1403638185.545097,12
1165,1403638185.545097,22
1165,1403638185.545097,22
1165,1403638185.545097,12
1165,1403638185.545097,15
1165,1403638185.545097,22
1165,1403638185.545097,22
1165,1403638185.545097,22
1165,1403638185.545097,22
1165,1403638185.545097,14
1166,1403638185.595097,22
1166,1403638185.595097,15
1166,1403638185.595097,13
1166,1403638185.595097,22
1166,1403638185.595097,15
1166,1403638185.595097,12
1166,1403638185.595097,22
1166,1403638185.595097,14
1166,1403638185.595097,22
1166,1403638185.595097,22
1167,1403638185.645097,14
1167,1403638185.645097,22
1167,1403638185.645097,22
1167,1403638185.645097,14
1167,1403638185.645097,22
1167,1403638185.645097,22
1167,1403638185.645097,22
1167,1403638185.645097,22
1167,1403638185.645097,22
1167,1403638185.645097,13
1168,1403638185.695097,15
1168,1403638185.695097,14
1168,1403638185.695097,14
1168,1403638185.695097,15
1168,1403638185.695097,14
1168,1403638185.695097,13
1168,1403638185.695097,22
1168,1403638185.695097,22
1168,1403638185.695097,14
1168,1403638185.695097,22
1169,1403638185.745097,22
1169,1403638185.745097,22
1169,1403638185.745097,22
1169,1403638185.745097,15
1169,1403638185.745097,22
1169,1403638185.745097,22
1169,1403638185.745097,14
1169,1403638185.745097,13
1169,1403638185.745097,14
1169,1403638185.745097,22
1170,1403638185.795097,14
1170,1403638185.795097,13
1170,1403638185.795097,13
1170,1403638185.795097,22
1170,1403638185.795097,14
1170,1403638185.795097,14
1170,1403638185.795097,22
1170,1403638185.795097,22
1170,1403638185.795097,22
1170,1403638185.795097,22
1171,1403638185.845097,14
1171,1403638185.845097,22
1171,1403638185.845097,22
1171,1403638185.845097,13
1171,1403638185.845097,22
1171,1403638185.845097,22
1171,1403638185.845097,14
1171,1403638185.845097,12
1171,1403638185.845097,13
1171,1403638185.845097,14
1172,1403638185.895097,13
1172,1403638185.895097,12
1172,1403638185.895097,12
1172,1403638185.895097,22
1172,1403638185.895097,12
1172,1403638185.895097,13
1172,1403638185.895097,22
1172,1403638185.895097,22
1172,1403638185.895097,22
1172,1403638185.895097,22
1173,1403638185.945097,22
1173,1403638185.945097,22
1173,1403638185.945097,22
1173,1403638185.945097,14
1173,1403638185.945097,22
1173,1403638185.945097,22
1173,1403638185.945097,12
1173,1403638185.945097,14
1173,1403638185.945097,12
1173,1403638185.945097,13
1174,1403638185.995097,12
1174,1403638185.995097,14
1174,1403638185.995097,13
1174,1403638185.995097,13
1174,1403638185.995097,14
1174,1403638185.995097,12
1174,1403638185.995097,22
1174,1403638185.995097,14
1174,1403638185.995097,22
1174,1403638185.995097,22
1175,1403638186.045097,22
1175,1403638186.045097,22
1175,1403638186.045097,22
1175,1403638186.045097,22
1175,1403638186.045097,22
1175,1403638186.045097,22
1175,1403638186.045097,14
1175,1403638186.045097,22
1175,1403638186.045097,22
1175,1403638186.045097,22
1176,1403638186.095097,13
1176,1403638186.095097,22
1176,1403638186.095097,13
1176,1403638186.095097,12
1176,1403638186.095097,14
1176,1403638186.095097,13
1176,1403638186.095097,22
1176,1403638186.095097,14
1176,1403638186.095097,12
1176,1403638186.095097,22
1177,1403638186.145097,14
1177,1403638186.145097,22
1177,1403638186.145097,22
1177,1403638186.145097,22
1177,1403638186.145097,22
1177,1403638186.145097,22
1177,1403638186.145097,13
1177,1403638186.145097,14
1177,1403638186.145097,14
1177,1403638186.145097,14
1178,1403638186.195097,22
1178,1403638186.195097,14
1178,1403638186.195097,22
1178,1403638186.195097,22
1178,1403638186.195097,13
1178,1403638186.195097,13
1178,1403638186.195097,22
1178,1403638186.195097,22
1178,1403638186.195097,15
1178,1403638186.195097,22
1179,1403638186.245097,13
1179,1403638186.245097,22
1179,1403638186.245097,15
1179,1403638186.245097,13
1179,1403638186.245097,22
1179,1403638186.245097,22
1179,1403638186.245097,22
1179,1403638186.245097,13
1179,1403638186.245097,22
1179,1403638186.245097,12
1180,1403638186.295097,13
1180,1403638186.295097,14
1180,1403638186.295097,13
1180,1403638186.295097,22
1180,1403638186.295097,13
1180,1403638186.295097,15
1180,1403638186.295097,22
1180,1403638186.295097,22
1180,1403638186.295097,22
1180,1403638186.295097,22
1181,1403638186.345097,22
1181,1403638186.345097,14
1181,1403638186.345097,22
1181,1403638186.345097,13
1181,1403638186.345097,22
1181,1403638186.345097,22
1181,1403638186.345097,22
1181,1403638186.345097,14
1181,1403638186.345097,14
1181,1403638186.345097,13
1182,1403638186.395097,12
1182,1403638186.395097,22
1182,1403638186.395097,22
1182,1403638186.395097,22
1182,1403638186.395097,13
1182,1403638186.395097,12
1182,1403638186.395097,22
1182,1403638186.395097,14
1182,1403638186.395097,15
1182,1403638186.395097,22
1183,1403638186.445097,22
1183,1403638186.445097,22
1183,1403638186.445097,22
1183,1403638186.445097,13
1183,1403638186.445097,22
1183,1403638186.445097,14
1183,1403638186.445097,22
1183,1403638186.445097,22
1183,1403638186.445097,15
1183,1403638186.445097,13
1184,1403638186.495097,22
1184,1403638186.495097,12
1184,1403638186.495097,12
1184,1403638186.495097,13
1184,1403638186.495097,13
1184,1403638186.495097,15
1184,1403638186.495097,22
1184,1403638186.495097,14
1184,1403638186.495097,22
1184,1403638186.495097,22
1185,1403638186.545097,22
1185,1403638186.545097,22
1185,1403638186.545097,22
1185,1403638186.545097,22
1185,1403638186.545097,22
1185,1403638186.545097,22
1185,1403638186.545097,22
1185,1403638186.545097,22
1185,1403638186.545097,15
1185,1403638186.545097,13
1186,1403638186.595097,22
1186,1403638186.595097,22
1186,1403638186.595097,13
1186,1403638186.595097,22
1186,1403638186.595097,14
1186,1403638186.595097,13
1186,1403638186.595097,22
1186,1403638186.595097,15
1186,1403638186.595097,15
1186,1403638186.595097,22
1187,1403638186.645097,22
1187,1403638186.645097,22
1187,1403638186.645097,22
1187,1403638186.645097,22
1187,1403638186.645097,14
1187,1403638186.645097,22
1187,1403638186.645097,22
1187,1403638186.645097,12
1187,1403638186.645097,15
1187,1403638186.645097,15
1188,1403638186.695097,22
1188,1403638186.695097,22
1188,1403638186.695097,13
1188,1403638186.695097,13
1188,1403638186.695097,22
1188,1403638186.695097,14
1188,1403638186.695097,14
1188,1403638186.695097,22
1188,1403638186.695097,14
1188,1403638186.695097,12
1189,1403638186.745097,22
1189,1403638186.745097,15
1189,1403638186.745097,22
1189,1403638186.745097,22
1189,1403638186.745097,14
1189,1403638186.745097,22
1189,1403638186.745097,22
1189,1403638186.745097,15
1189,1403638186.745097,14
1189,1403638186.745097,22
1190,1403638186.795097,22
1190,1403638186.795097,22
1190,1403638186.795097,14
1190,1403638186.795097,13
1190,1403638186.795097,22
1190,1403638186.795097,15
1190,1403638186.795097,22
1190,1403638186.795097,22
1190,1403638186.795097,22
1190,1403638186.795097,22
1191,1403638186.845097,22
1191,1403638186.845097,15
1191,1403638186.845097,22
1191,1403638186.845097,22
1191,1403638186.845097,13
1191,1403638186.845097,22
1191,1403638186.845097,22
1191,1403638186.845097,13
1191,1403638186.845097,22
1191,1403638186.845097,12
1192,1403638186.895097,22
1192,1403638186.895097,14
1192,1403638186.895097,12
1192,1403638186.895097,22
1192,1403638186.895097,22
1192,1403638186.895097,14
1192,1403638186.895097,22
1192,1403638186.895097,22
1192,1403638186.895097,22
1192,1403638186.895097,22
1193,1403638186.945097,22
1193,1403638186.945097,22
1193,1403638186.945097,22
1193,1403638186.945097,14
1193,1403638186.945097,14
1193,1403638186.945097,22
1193,1403638186.945097,22
1193,1403638186.945097,22
1193,1403638186.945097,12
1193,1403638186.945097,12
1194,1403638186.995097,22
1194,1403638186.995097,14
1194,1403638186.995097,13
1194,1403638186.995097,22
1194,1403638186.995097,22
1194,1403638186.995097,14
1194,1403638186.995097,22
1194,1403638186.995097,22
1194,1403638186.995097,22
1194,1403638186.995097,22
1195,1403638187.045097,22
1195,1403638187.045097,22
1195,1403638187.045097,22
1195,1403638187.045097,14
1195,1403638187.045097,15
1195,1403638187.045097,22
1195,1403638187.045097,22
1195,1403638187.045097,22
1195,1403638187.045097,15
1195,1403638187.045097,22
1196,1403638187.095097,22
1196,1403638187.095097,22
1196,1403638187.095097,22
1196,1403638187.095097,22
1196,1403638187.095097,22
1196,1403638187.095097,22
1196,1403638187.095097,22
1196,1403638187.095097,22
1196,1403638187.095097,22
1196,1403638187.095097,22
1197,1403638187.145097,22
1197,1403638187.145097,22
1197,1403638187.145097,22
1197,1403638187.145097,22
1197,1403638187.145097,22
1197,1403638187.145097,22
1197,1403638187.145097,22
1197,1403638187.145097,22
1197,1403638187.145097,14
1197,1403638187.145097,22
1198,1403638187.195097,14
1198,1403638187.195097,22
1198,1403638187.195097,15
1198,1403638187.195097,22
1198,1403638187.195097,22
1198,1403638187.195097,15
1198,1403638187.195097,22
1198,1403638187.195097,22
1198,1403638187.195097,22
1198,1403638187.195097,13
1199,1403638187.245097,22
1199,1403638187.245097,15
1199,1403638187.245097,22
1199,1403638187.245097,22
1199,1403638187.245097,15
1199,1403638187.245097,22
1199,1403638187.245097,22
1199,1403638187.245097,22
1199,1403638187.245097,22
1199,1403638187.245097,22
1200,1403638187.295097,12
1200,1403638187.295097,22
1200,1403638187.295097,14
1200,1403638187.295097,22
1200,1403638187.295097,22
1200,1403638187.295097,22
1200,1403638187.295097,22
1200,1403638187.295097,22
1200,1403638187.295097,14
1200,1403638187.295097,22
1201,1403638187.345097,22
1201,1403638187.345097,15
1201,1403638187.345097,22
1201,1403638187.345097,22
1201,1403638187.345097,14
1201,1403638187.345097,22
1201,1403638187.345097,22
1201,1403638187.345097,22
1201,1403638187.345097,22
1201,1403638187.345097,15
1202,1403638187.395097,13
1202,1403638187.395097,22
1202,1403638187.395097,14
1202,1403638187.395097,22
1202,1403638187.395097,22
1202,1403638187.395097,22
1202,1403638187.395097,22
1202,1403638187.395097,22
1202,1403638187.395097,22
1202,1403638187.395097,22
1203,1403638187.445097,22
1203,1403638187.445097,22
1203,1403638187.445097,22
1203,1403638187.445097,22
1203,1403638187.445097,14
1203,1403638187.445097,15
1203,1403638187.445097,22
1203,1403638187.445097,22
1203,1403638187.445097,15
1203,1403638187.445097,14
1204,1403638187.495097,14
1204,1403638187.495097,15
1204,1403638187.495097,22
1204,1403638187.495097,22
1204,1403638187.495097,22
1204,1403638187.495097,22
1204,1403638187.495097,22
1204,1403638187.495097,22
1204,1403638187.495097,15
1204,1403638187.495097,22
1205,1403638187.545097,14
1205,1403638187.545097,22
1205,1403638187.545097,22
1205,1403638187.545097,22
1205,1403638187.545097,22
1205,1403638187.545097,22
1205,1403638187.545097,22
1205,1403638187.545097,22
1205,1403638187.545097,22
1205,1403638187.545097,15
1206,1403638187.595097,22
1206,1403638187.595097,13
1206,1403638187.595097,12
1206,1403638187.595097,22
1206,1403638187.595097,15
1206,1403638187.595097,12
1206,1403638187.595097,22
1206,1403638187.595097,22
1206,1403638187.595097,13
1206,1403638187.595097,22
1207,1403638187.645097,14
1207,1403638187.645097,22
1207,1403638187.645097,22
1207,1403638187.645097,15
1207,1403638187.645097,22
1207,1403638187.645097,22
1207,1403638187.645097,22
1207,1403638187.645097,22
1207,1403638187.645097,22
1207,1403638187.645097,14
1208,1403638187.695097,22
1208,1403638187.695097,12
1208,1403638187.695097,14
1208,1403638187.695097,22
1208,1403638187.695097,12
1208,1403638187.695097,13
1208,1403638187.695097,22
1208,1403638187.695097,22
1208,1403638187.695097,14
1208,1403638187.695097,22
1209,1403638187.745097,22
1209,1403638187.745097,22
1209,1403638187.745097,22
1209,1403638187.745097,22
1209,1403638187.745097,22
1209,1403638187.745097,22
1209,1403638187.745097,22
1209,1403638187.745097,22
1209,1403638187.745097,22
1209,1403638187.745097,15
1210,1403638187.795097,14
1210,1403638187.795097,15
1210,1403638187.795097,13
1210,1403638187.795097,22
1210,1403638187.795097,22
1210,1403638187.795097,14
1210,1403638187.795097,22
1210,1403638187.795097,22
1210,1403638187.795097,14
1210,1403638187.795097,22
1211,1403638187.845097,22
1211,1403638187.845097,22
1211,1403638187.845097,22
1211,1403638187.845097,22
1211,1403638187.845097,14
1211,1403638187.845097,22
1211,1403638187.845097,22
1211,1403638187.845097,14
1211,1403638187.845097,22
1211,1403638187.845097,12
1212,1403638187.895097,12
1212,1403638187.895097,22
1212,1403638187.895097,12
1212,1403638187.895097,22
1212,1403638187.895097,22
1212,1403638187.895097,15
1212,1403638187.895097,22
1212,1403638187.895097,22
1212,1403638187.895097,14
1212,1403638187.895097,22
1213,1403638187.945097,22
1213,1403638187.945097,14
1213,1403638187.945097,22
1213,1403638187.945097,22
1213,1403638187.945097,15
1213,1403638187.945097,22
1213,1403638187.945097,22
1213,1403638187.945097,22
1213,1403638187.945097,14
1213,1403638187.945097,12
1214,1403638187.995097,13
1214,1403638187.995097,22
1214,1403638187.995097,13
1214,1403638187.995097,22
1214,1403638187.995097,22
1214,1403638187.995097,13
1214,1403638187.995097,22
1214,1403638187.995097,13
1214,1403638187.995097,22
1214,1403638187.995097,22
1215,1403638188.045097,22
1215,1403638188.045097,22
1215,1403638188.045097,22
1215,1403638188.045097,22
1215,1403638188.045097,14
1215,1403638188.045097,22
1215,1403638188.045097,22
1215,1403638188.045097,22
1215,1403638188.045097,13
1215,1403638188.045097,13
1216,1403638188.095097,15
1216,1403638188.095097,13
1216,1403638188.095097,15
1216,1403638188.095097,14
1216,1403638188.095097,22
1216,1403638188.095097,14
1216,1403638188.095097,15
1216,1403638188.095097,14
1216,1403638188.095097,22
1216,1403638188.095097,22
1217,1403638188.145097,14
1217,1403638188.145097,22
1217,1403638188.145097,22
1217,1403638188.145097,22
1217,1403638188.145097,15
1217,1403638188.145097,22
1217,1403638188.145097,14
1217,1403638188.145097,22
1217,1403638188.145097,14
1217,1403638188.145097,13
1218,1403638188.195097,14
1218,1403638188.195097,14
1218,1403638188.195097,12
1218,1403638188.195097,22
1218,1403638188.195097,22
1218,1403638188.195097,12
1218,1403638188.195097,22
1218,1403638188.195097,15
1218,1403638188.195097,22
1218,1403638188.195097,22
1219,1403638188.245097,15
1219,1403638188.245097,22
1219,1403638188.245097,22
1219,1403638188.245097,13
1219,1403638188.245097,22
1219,1403638188.245097,22
1219,1403638188.245097,12
1219,1403638188.245097,15
1219,1403638188.245097,12
1219,1403638188.245097,22
1220,1403638188.295097,22
1220,1403638188.295097,13
1220,1403638188.295097,22
1220,1403638188.295097,22
1220,1403638188.295097,22
1220,1403638188.295097,14
1220,1403638188.295097,22
1220,1403638188.295097,22
1220,1403638188.295097,22
1220,1403638188.295097,22
1221,1403638188.345097,15
1221,1403638188.345097,22
1221,1403638188.345097,14
1221,1403638188.345097,13
1221,1403638188.345097,22
1221,1403638188.345097,22
1221,1403638188.345097,13
1221,1403638188.345097,15
1221,1403638188.345097,12
1221,1403638188.345097,12
1222,1403638188.395097,14
1222,1403638188.395097,14
1222,1403638188.395097,22
1222,1403638188.395097,22
1222,1403638188.395097,22
1222,1403638188.395097,15
1222,1403638188.395097,22
1222,1403638188.395097,22
1222,1403638188.395097,22
1222,1403638188.395097,22
1223,1403638188.445097,14
1223,1403638188.445097,14
1223,1403638188.445097,14
1223,1403638188.445097,14
1223,1403638188.445097,22
1223,1403638188.445097,15
1223,1403638188.445097,13
1223,1403638188.445097,22
1223,1403638188.445097,13
1223,1403638188.445097,14
1224,1403638188.495097,22
1224,1403638188.495097,22
1224,1403638188.495097,22
1224,1403638188.495097,22
1224,1403638188.495097,22
1224,1403638188.495097,22
1224,1403638188.495097,22
1224,1403638188.495097,22
1224,1403638188.495097,22
1224,1403638188.495097,22
1225,1403638188.545097,12
1225,1403638188.545097,14
1225,1403638188.545097,15
1225,1403638188.545097,13
1225,1403638188.545097,13
1225,1403638188.545097,15
1225,1403638188.545097,12
1225,1403638188.545097,13
1225,1403638188.545097,13
1225,1403638188.545097,13
1226,1403638188.595097,22
1226,1403638188.595097,22
1226,1403638188.595097,22
1226,1403638188.595097,22
1226,1403638188.595097,22
1226,1403638188.595097,13
1226,1403638188.595097,22
1226,1403638188.595097,22
1226,1403638188.595097,22
1226,1403638188.595097,22
1227,1403638188.645097,13
1227,1403638188.645097,13
1227,1403638188.645097,22
1227,1403638188.645097,13
1227,1403638188.645097,13
1227,1403638188.645097,22
1227,1403638188.645097,12
1227,1403638188.645097,15
1227,1403638188.645097,12
1227,1403638188.645097,22
1228,1403638188.695097,22
1228,1403638188.695097,22
1228,1403638188.695097,14
1228,1403638188.695097,22
1228,1403638188.695097,22
1228,1403638188.695097,12
1228,1403638188.695097,15
1228,1403638188.695097,22
1228,1403638188.695097,22
1228,1403638188.695097,12
1229,1403638188.745097,14
1229,1403638188.745097,13
1229,1403638188.745097,22
1229,1403638188.745097,13
1229,1403638188.745097,15
1229,1403638188.745097,22
1229,1403638188.745097,14
1229,1403638188.745097,14
1229,1403638188.745097,14
1229,1403638188.745097,22
1230,1403638188.795097,22
1230,1403638188.795097,22
1230,1403638188.795097,22
1230,1403638188.795097,22
1230,1403638188.795097,22
1230,1403638188.795097,15
1230,1403638188.795097,22
1230,1403638188.795097,22
1230,1403638188.795097,22
1230,1403638188.795097,12
1231,1403638188.845097,12
1231,1403638188.845097,12
1231,1403638188.845097,14
1231,1403638188.845097,13
1231,1403638188.845097,12
1231,1403638188.845097,22
1231,1403638188.845097,12
1231,1403638188.845097,13
1231,1403638188.845097,13
1231,1403638188.845097,22
1232,1403638188.895097,22
1232,1403638188.895097,22
1232,1403638188.895097,15
1232,1403638188.895097,22
1232,1403638188.895097,22
1232,1403638188.895097,14
1232,1403638188.895097,22
1232,1403638188.895097,22
1232,1403638188.895097,22
1232,1403638188.895097,12
1233,1403638188.945097,12
1233,1403638188.945097,14
1233,1403638188.945097,22
1233,1403638188.945097,13
1233,1403638188.945097,22
1233,1403638188.945097,22
1233,1403638188.945097,12
1233,1403638188.945097,22
1233,1403638188.945097,22
1233,1403638188.945097,22
1234,1403638188.995097,22
1234,1403638188.995097,22
1234,1403638188.995097,14
1234,1403638188.995097,22
1234,1403638188.995097,14
1234,1403638188.995097,13
1234,1403638188.995097,22
1234,1403638188.995097,14
1234,1403638188.995097,22
1234,1403638188.995097,22
1235,1403638189.045097,12
1235,1403638189.045097,13
1235,1403638189.045097,22
1235,1403638189.045097,22
1235,1403638189.045097,22
1235,1403638189.045097,22
1235,1403638189.045097,13
1235,1403638189.045097,22
1235,1403638189.045097,12
1235,1403638189.045097,14
1236,1403638189.095097,22
1236,1403638189.095097,22
1236,1403638189.095097,13
1236,1403638189.095097,14
1236,1403638189.095097,14
1236,1403638189.095097,13
1236,1403638189.095097,22
1236,1403638189.095097,22
1236,1403638189.095097,22
1236,1403638189.095097,15
1237,1403638189.145097,15
1237,1403638189.145097,14
1237,1403638189.145097,22
1237,1403638189.145097,15
1237,1403638189.145097,22
1237,1403638189.145097,22
1237,1403638189.145097,22
1237,1403638189.145097,14
1237,1403638189.145097,13
1237,1403638189.145097,22
1238,1403638189.195097,22
1238,1403638189.195097,22
1238,1403638189.195097,12
1238,1403638189.195097,22
1238,1403638189.195097,14
1238,1403638189.195097,22
1238,1403638189.195097,12
1238,1403638189.195097,22
1238,1403638189.195097,22
1238,1403638189.195097,13
1239,1403638189.245097,22
1239,1403638189.245097,12
1239,1403638189.245097,22
1239,1403638189.245097,12
1239,1403638189.245097,22
1239,1403638189.245097,14
1239,1403638189.245097,22
1239,1403638189.245097,15
1239,1403638189.245097,14
1239,1403638189.245097,22
1240,1403638189.295097,12
1240,1403638189.295097,22
1240,1403638189.295097,15
1240,1403638189.295097,22
1240,1403638189.295097,13
1240,1403638189.295097,22
1240,1403638189.295097,13
1240,1403638189.295097,22
1240,1403638189.295097,22
1240,1403638189.295097,14
1241,1403638189.345097,22
1241,1403638189.345097,14
1241,1403638189.345097,22
1241,1403638189.345097,22
1241,1403638189.345097,22
1241,1403638189.345097,15
1241,1403638189.345097,22
1241,1403638189.345097,22
1241,1403638189.345097,13
1241,1403638189.345097,22
1242,1403638189.395097,14
1242,1403638189.395097,22
1242,1403638189.395097,14
1242,1403638189.395097,13
1242,1403638189.395097,22
1242,1403638189.395097,22
1242,1403638189.395097,15
1242,1403638189.395097,22
1242,1403638189.395097,22
1242,1403638189.395097,13
1243,1403638189.445097,22
1243,1403638189.445097,22
1243,1403638189.445097,22
1243,1403638189.445097,22
1243,1403638189.445097,22
1243,1403638189.445097,13
1243,1403638189.445097,22
1243,1403638189.445097,22
1243,1403638189.445097,22
1243,1403638189.445097,22
1244,1403638189.495097,14
1244,1403638189.495097,22
1244,1403638189.495097,22
1244,1403638189.495097,22
1244,1403638189.495097,22
1244,1403638189.495097,22
1244,1403638189.495097,14
1244,1403638189.495097,22
1244,1403638189.495097,14
1244,1403638189.495097,12
1245,1403638189.545097,22
1245,1403638189.545097,14
1245,1403638189.545097,22
1245,1403638189.545097,22
1245,1403638189.545097,22
1245,1403638189.545097,22
1245,1403638189.545097,22
1245,1403638189.545097,14
1245,1403638189.545097,22
1245,1403638189.545097,22
1246,1403638189.595097,22
1246,1403638189.595097,22
1246,1403638189.595097,22
1246,1403638189.595097,22
1246,1403638189.595097,22
1246,1403638189.595097,22
1246,1403638189.595097,22
1246,1403638189.595097,22
1246,1403638189.595097,22
1246,1403638189.595097,22
1247,1403638189.645097,22
1247,1403638189.645097,22
1247,1403638189.645097,22
1247,1403638189.645097,22
1247,1403638189.645097,22
1247,1403638189.645097,22
1247,1403638189.645097,22
1247,1403638189.645097,22
1247,1403638189.645097,22
1247,1403638189.645097,13
1248,1403638189.695097,22
1248,1403638189.695097,22
1248,1403638189.695097,22
1248,1403638189.695097,22
1248,1403638189.695097,22
1248,1403638189.695097,22
1248,1403638189.695097,22
1248,1403638189.695097,22
1248,1403638189.695097,22
1248,1403638189.695097,22
1249,1403638189.745097,22
1249,1403638189.745097,22
1249,1403638189.745097,22
1249,1403638189.745097,22
1249,1403638189.745097,13
1249,1403638189.745097,22
1249,1403638189.745097,22
1249,1403638189.745097,22
1249,1403638189.745097,22
1249,1403638189.745097,22
1250,1403638189.795097,22
1250,1403638189.795097,22
1250,1403638189.795097,22
1250,1403638189.795097,22
1250,1403638189.795097,22
1250,1403638189.795097,14
1250,1403638189.795097,22
1250,1403638189.795097,22
1250,1403638189.795097,22
1250,1403638189.795097,22
1251,1403638189.845097,22
1251,1403638189.845097,22
1251,1403638189.845097,22
1251,1403638189.845097,22
1251,1403638189.845097,22
1251,1403638189.845097,22
1251,1403638189.845097,22
1251,1403638189.845097,22
1251,1403638189.845097,22
1251,1403638189.845097,22
1252,1403638189.895097,22
1252,1403638189.895097,22
1252,1403638189.895097,22
1252,1403638189.895097,22
1252,1403638189.895097,22
1252,1403638189.895097,22
1252,1403638189.895097,22
1252,1403638189.895097,22
1252,1403638189.895097,22
1252,1403638189.895097,22
1253,1403638189.945097,22
1253,1403638189.945097,22
1253,1403638189.945097,22
1253,1403638189.945097,22
1253,1403638189.945097,22
1253,1403638189.945097,22
1253,1403638189.945097,22
1253,1403638189.945097,22
1253,1403638189.945097,22
1253,1403638189.945097,22
1254,1403638189.995097,22
1254,1403638189.995097,22
1254,1403638189.995097,15
1254,1403638189.995097,22
1254,1403638189.995097,22
1254,1403638189.995097,22
1254,1403638189.995097,22
1254,1403638189.995097,22
1254,1403638189.995097,22
1254,1403638189.995097,22
1255,1403638190.045097,22
1255,1403638190.045097,22
1255,1403638190.045097,22
1255,1403638190.045097,22
1255,1403638190.045097,22
1255,1403638190.045097,22
1255,1403638190.045097,22
1255,1403638190.045097,22
1255,1403638190.045097,22
1255,1403638190.045097,22
1256,1403638190.095097,22
1256,1403638190.095097,22
1256,1403638190.095097,22
1256,1403638190.095097,22
1256,1403638190.095097,22
1256,1403638190.095097,22
1256,1403638190.095097,22
1256,1403638190.095097,22
1256,1403638190.095097,22
1256,1403638190.095097,22
1257,1403638190.145097,12
1257,1403638190.145097,22
1257,1403638190.145097,22
1257,1403638190.145097,22
1257,1403638190.145097,22
1257,1403638190.145097,22
1257,1403638190.145097,22
1257,1403638190.145097,22
1257,1403638190.145097,22
1257,1403638190.145097,22
1258,1403638190.195097,22
1258,1403638190.195097,22
1258,1403638190.195097,22
1258,1403638190.195097,22
1258,1403638190.195097,22
1258,1403638190.195097,22
1258,1403638190.195097,15
1258,1403638190.195097,22
1258,1403638190.195097,22
1258,1403638190.195097,22
1259,1403638190.245097,22
1259,1403638190.245097,22
1259,1403638190.245097,22
1259,1403638190.245097,22
1259,1403638190.245097,22
1259,1403638190.245097,22
1259,1403638190.245097,22
1259,1403638190.245097,15
1259,1403638190.245097,22
1259,1403638190.245097,22
1260,1403638190.295097,22
1260,1403638190.295097,22
1260,1403638190.295097,22
1260,1403638190.295097,22
1260,1403638190.295097,15
1260,1403638190.295097,13
1260,1403638190.295097,13
1260,1403638190.295097,22
1260,1403638190.295097,12
1260,1403638190.295097,22
1261,1403638190.345097,14
1261,1403638190.345097,22
1261,1403638190.345097,22
1261,1403638190.345097,13
1261,1403638190.345097,22
1261,1403638190.345097,22
1261,1403638190.345097,22
1261,1403638190.345097,15
1261,1403638190.345097,22
1261,1403638190.345097,13
1262,1403638190.395097,22
1262,1403638190.395097,22
1262,1403638190.395097,14
1262,1403638190.395097,22
1262,1403638190.395097,12
1262,1403638190.395097,14
1262,1403638190.395097,13
1262,1403638190.395097,22
1262,1403638190.395097,14
1262,1403638190.395097,22
1263,1403638190.445097,22
1263,1403638190.445097,22
1263,1403638190.445097,22
1263,1403638190.445097,22
1263,1403638190.445097,22
1263,1403638190.445097,22
1263,1403638190.445097,22
1263,1403638190.445097,22
1263,1403638190.445097,22
1263,1403638190.445097,14
1264,1403638190.495097,22
1264,1403638190.495097,22
1264,1403638190.495097,14
1264,1403638190.495097,22
1264,1403638190.495097,13
1264,1403638190.495097,15
1264,1403638190.495097,22
1264,1403638190.495097,22
1264,1403638190.495097,14
1264,1403638190.495097,22
1265,1403638190.545097,15
1265,1403638190.545097,22
1265,1403638190.545097,22
1265,1403638190.545097,22
1265,1403638190.545097,22
1265,1403638190.545097,22
1265,1403638190.545097,22
1265,1403638190.545097,22
1265,1403638190.545097,22
1265,1403638190.545097,15
1266,1403638190.595097,22
1266,1403638190.595097,22
1266,1403638190.595097,22
1266,1403638190.595097,22
1266,1403638190.595097,22
1266,1403638190.595097,14
1266,1403638190.595097,22
1266,1403638190.595097,15
1266,1403638190.595097,22
1266,1403638190.595097,22
1267,1403638190.645097,15
1267,1403638190.645097,22
1267,1403638190.645097,22
1267,1403638190.645097,22
1267,1403638190.645097,22
1267,1403638190.645097,22
1267,1403638190.645097,22
1267,1403638190.645097,22
1267,1403638190.645097,22
1267,1403638190.645097,15
1268,1403638190.695097,22
1268,1403638190.695097,22
1268,1403638190.695097,22
1268,1403638190.695097,22
1268,1403638190.695097,22
1268,1403638190.695097,22
1268,1403638190.695097,15
1268,1403638190.695097,22
1268,1403638190.695097,22
1268,1403638190.695097,22
1269,1403638190.745097,12
1269,1403638190.745097,22
1269,1403638190.745097,15
1269,1403638190.745097,22
1269,1403638190.745097,15
1269,1403638190.745097,14
1269,1403638190.745097,22
1269,1403638190.745097,22
1269,1403638190.745097,22
1269,1403638190.745097,12
1270,1403638190.795097,22
1270,1403638190.795097,22
1270,1403638190.795097,22
1270,1403638190.795097,22
1270,1403638190.795097,22
1270,1403638190.795097,22
1270,1403638190.795097,15
1270,1403638190.795097,14
1270,1403638190.795097,22
1270,1403638190.795097,22
1271,1403638190.845097,15
1271,1403638190.845097,22
1271,1403638190.845097,22
1271,1403638190.845097,14
1271,1403638190.845097,22
1271,1403638190.845097,14
1271,1403638190.845097,22
1271,1403638190.845097,22
1271,1403638190.845097,12
1271,1403638190.845097,13
1272,1403638190.895097,22
1272,1403638190.895097,22
1272,1403638190.895097,15
1272,1403638190.895097,22
1272,1403638190.895097,22
1272,1403638190.895097,22
1272,1403638190.895097,22
1272,1403638190.895097,22
1272,1403638190.895097,22
1272,1403638190.895097,22
1273,1403638190.945097,13
1273,1403638190.945097,22
1273,1403638190.945097,22
1273,1403638190.945097,22
1273,1403638190.945097,14
1273,1403638190.945097,22
1273,1403638190.945097,13
1273,1403638190.945097,22
1273,1403638190.945097,22
1273,1403638190.945097,22
1274,1403638190.995097,22
1274,1403638190.995097,22
1274,1403638190.995097,22
1274,1403638190.995097,22
1274,1403638190.995097,22
1274,1403638190.995097,22
1274,1403638190.995097,22
1274,1403638190.995097,22
1274,1403638190.995097,22
1274,1403638190.995097,14
1275,1403638191.045097,22
1275,1403638191.045097,22
1275,1403638191.045097,22
1275,1403638191.045097,15
1275,1403638191.045097,22
1275,1403638191.045097,22
1275,1403638191.045097,22
1275,1403638191.045097,22
1275,1403638191.045097,22
1275,1403638191.045097,22
1276,1403638191.095097,14
1276,1403638191.095097,22
1276,1403638191.095097,13
1276,1403638191.095097,22
1276,1403638191.095097,14
1276,1403638191.095097,13
1276,1403638191.095097,14
1276,1403638191.095097,14
1276,1403638191.095097,22
1276,1403638191.095097,22
1277,1403638191.145097,22
1277,1403638191.145097,22
1277,1403638191.145097,22
1277,1403638191.145097,22
1277,1403638191.145097,22
1277,1403638191.145097,22
1277,1403638191.145097,22
1277,1403638191.145097,22
1277,1403638191.145097,22
1277,1403638191.145097,22
1278,1403638191.195097,22
1278,1403638191.195097,22
1278,1403638191.195097,22
1278,1403638191.195097,14
1278,1403638191.195097,22
1278,1403638191.195097,22
1278,1403638191.195097,22
1278,1403638191.195097,22
1278,1403638191.195097,22
1278,1403638191.195097,22
1279,1403638191.245097,13
1279,1403638191.245097,22
1279,1403638191.245097,22
1279,1403638191.245097,22
1279,1403638191.245097,22
1279,1403638191.245097,22
1279,1403638191.245097,22
1279,1403638191.245097,22
1279,1403638191.245097,22
1279,1403638191.245097,22
1280,1403638191.295097,22
1280,1403638191.295097,22
1280,1403638191.295097,22
1280,1403638191.295097,22
1280,1403638191.295097,22
1280,1403638191.295097,22
1280,1403638191.295097,22
1280,1403638191.295097,22
1280,1403638191.295097,22
1280,1403638191.295097,22
1281,1403638191.345097,22
1281,1403638191.345097,22
1281,1403638191.345097,22
1281,1403638191.345097,22
1281,1403638191.345097,22
1281,1403638191.345097,22
1281,1403638191.345097,22
1281,1403638191.345097,22
1281,1403638191.345097,22
1281,1403638191.345097,14
1282,1403638191.395097,22
1282,1403638191.395097,22
1282,1403638191.395097,22
1282,1403638191.395097,22
1282,1403638191.395097,22
1282,1403638191.395097,22
1282,1403638191.395097,22
1282,1403638191.395097,22
1282,1403638191.395097,22
1282,1403638191.395097,22
1283,1403638191.445097,22
1283,1403638191.445097,22
1283,1403638191.445097,22
1283,1403638191.445097,22
1283,1403638191.445097,22
1283,1403638191.445097,22
1283,1403638191.445097,22
1283,1403638191.445097,22
1283,1403638191.445097,22
1283,1403638191.445097,22
1284,1403638191.495097,14
1284,1403638191.495097,22
1284,1403638191.495097,22
1284,1403638191.495097,22
1284,1403638191.495097,22
1284,1403638191.495097,22
1284,1403638191.495097,22
1284,1403638191.495097,22
1284,1403638191.495097,22
1284,1403638191.495097,22
1285,1403638191.545097,22
1285,1403638191.545097,22
1285,1403638191.545097,15
1285,1403638191.545097,22
1285,1403638191.545097,22
1285,1403638191.545097,22
1285,1403638191.545097,22
1285,1403638191.545097,22
1285,1403638191.545097,22
1285,1403638191.545097,13
1286,1403638191.595097,13
1286,1403638191.595097,22
1286,1403638191.595097,22
1286,1403638191.595097,14
1286,1403638191.595097,22
1286,1403638191.595097,22
1286,1403638191.595097,22
1286,1403638191.595097,22
1286,1403638191.595097,22
1286,1403638191.595097,22
1287,1403638191.645097,22
1287,1403638191.645097,22
1287,1403638191.645097,14
1287,1403638191.645097,22
1287,1403638191.645097,22
1287,1403638191.645097,22
1287,1403638191.645097,14
1287,1403638191.645097,22
1287,1403638191.645097,22
1287,1403638191.645097,22
1288,1403638191.695097,22
1288,1403638191.695097,22
1288,1403638191.695097,22
1288,1403638191.695097,22
1288,1403638191.695097,22
1288,1403638191.695097,14
1288,1403638191.695097,22
1288,1403638191.695097,22
1288,1403638191.695097,15
1288,1403638191.695097,22
1289,1403638191.745097,15
1289,1403638191.745097,22
1289,1403638191.745097,22
1289,1403638191.745097,22
1289,1403638191.745097,22
1289,1403638191.745097,22
1289,1403638191.745097,22
1289,1403638191.745097,22
1289,1403638191.745097,22
1289,1403638191.745097,22
1290,1403638191.795097,22
1290,1403638191.795097,22
1290,1403638191.795097,22
1290,1403638191.795097,13
1290,1403638191.795097,15
1290,1403638191.795097,22
1290,1403638191.795097,15
1290,1403638191.795097,15
1290,1403638191.795097,22
1290,1403638191.795097,22
1291,1403638191.845097,13
1291,1403638191.845097,22
1291,1403638191.845097,22
1291,1403638191.845097,22
1291,1403638191.845097,22
1291,1403638191.845097,22
1291,1403638191.845097,22
1291,1403638191.845097,22
1291,1403638191.845097,22
1291,1403638191.845097,22
1292,1403638191.895097,22
1292,1403638191.895097,22
1292,1403638191.895097,22
1292,1403638191.895097,22
1292,1403638191.895097,22
1292,1403638191.895097,22
1292,1403638191.895097,22
1292,1403638191.895097,14
1292,1403638191.895097,14
1292,1403638191.895097,22
1293,1403638191.945097,22
1293,1403638191.945097,22
1293,1403638191.945097,22
1293,1403638191.945097,14
1293,1403638191.945097,22
1293,1403638191.945097,22
1293,1403638191.945097,22
1293,1403638191.945097,22
1293,1403638191.945097,22
1293,1403638191.945097,22
1294,1403638191.995097,22
1294,1403638191.995097,22
1294,1403638191.995097,22
1294,1403638191.995097,22
1294,1403638191.995097,22
1294,1403638191.995097,22
1294,1403638191.995097,22
1294,1403638191.995097,22
1294,1403638191.995097,22
1294,1403638191.995097,22
1295,1403638192.045097,22
1295,1403638192.045097,22
1295,1403638192.045097,22
1295,1403638192.045097,22
1295,1403638192.045097,22
1295,1403638192.045097,22
1295,1403638192.045097,22
1295,1403638192.045097,22
1295,1403638192.045097,14
1295,1403638192.045097,22
1296,1403638192.095097,22
1296,1403638192.095097,22
1296,1403638192.095097,22
1296,1403638192.095097,22
1296,1403638192.095097,15
1296,1403638192.095097,22
1296,1403638192.095097,22
1296,1403638192.095097,22
1296,1403638192.095097,22
1296,1403638192.095097,22
1297,1403638192.145097,22
1297,1403638192.145097,22
1297,1403638192.145097,22
1297,1403638192.145097,22
1297,1403638192.145097,22
1297,1403638192.145097,22
1297,1403638192.145097,13
1297,1403638192.145097,22
1297,1403638192.145097,22
1297,1403638192.145097,22
1298,1403638192.195097,22
1298,1403638192.195097,22
1298,1403638192.195097,22
1298,1403638192.195097,22
1298,1403638192.195097,22
1298,1403638192.195097,22
1298,1403638192.195097,22
1298,1403638192.195097,22
1298,1403638192.195097,22
1298,1403638192.195097,22
1299,1403638192.245097,22
1299,1403638192.245097,22
1299,1403638192.245097,22
1299,1403638192.245097,22
1299,1403638192.245097,14
1299,1403638192.245097,22
1299,1403638192.245097,22
1299,1403638192.245097,22
1299,1403638192.245097,22
1299,1403638192.245097,22
1300,1403638192.295097,22
1300,1403638192.295097,22
1300,1403638192.295097,22
1300,1403638192.295097,22
1300,1403638192.295097,22
1300,1403638192.295097,22
1300,1403638192.295097,22
1300,1403638192.295097,22
1300,1403638192.295097,22
1300,1403638192.295097,22
1301,1403638192.345097,22
1301,1403638192.345097,22
1301,1403638192.345097,15
1301,1403638192.345097,22
1301,1403638192.345097,22
1301,1403638192.345097,22
1301,1403638192.345097,22
1301,1403638192.345097,22
1301,1403638192.345097,22
1301,1403638192.345097,22
1302,1403638192.395097,22
1302,1403638192.395097,22
1302,1403638192.395097,22
1302,1403638192.395097,22
1302,1403638192.395097,15
1302,1403638192.395097,22
1302,1403638192.395097,22
1302,1403638192.395097,22
1302,1403638192.395097,22
1302,1403638192.395097,22
1303,1403638192.445097,22
1303,1403638192.445097,22
1303,1403638192.445097,15
1303,1403638192.445097,22
1303,1403638192.445097,22
1303,1403638192.445097,22
1303,1403638192.445097,22
1303,1403638192.445097,22
1303,1403638192.445097,22
1303,1403638192.445097,15
1304,1403638192.495097,22
1304,1403638192.495097,22
1304,1403638192.495097,22
1304,1403638192.495097,22
1304,1403638192.495097,22
1304,1403638192.495097,22
1304,1403638192.495097,22
1304,1403638192.495097,22
1304,1403638192.495097,22
1304,1403638192.495097,22
1305,1403638192.545097,22
1305,1403638192.545097,22
1305,1403638192.545097,22
1305,1403638192.545097,22
1305,1403638192.545097,22
1305,1403638192.545097,22
1305,1403638192.545097,22
1305,1403638192.545097,22
1305,1403638192.545097,22
1305,1403638192.545097,22
1306,1403638192.595097,22
1306,1403638192.595097,22
1306,1403638192.595097,15
1306,1403638192.595097,22
1306,1403638192.595097,22
1306,1403638192.595097,22
1306,1403638192.595097,22
1306,1403638192.595097,15
1306,1403638192.595097,22
1306,1403638192.595097,22
1307,1403638192.645097,22
1307,1403638192.645097,22
1307,1403638192.645097,22
1307,1403638192.645097,22
1307,1403638192.645097,22
1307,1403638192.645097,22
1307,1403638192.645097,22
1307,1403638192.645097,22
1307,1403638192.645097,22
1307,1403638192.645097,22
1308,1403638192.695097,22
1308,1403638192.695097,22
1308,1403638192.695097,22
1308,1403638192.695097,22
1308,1403638192.695097,22
1308,1403638192.695097,22
1308,1403638192.695097,13
1308,1403638192.695097,22
1308,1403638192.695097,22
1308,1403638192.695097,22
1309,1403638192.745097,22
1309,1403638192.745097,22
1309,1403638192.745097,22
1309,1403638192.745097,15
1309,1403638192.745097,22
1309,1403638192.745097,14
1309,1403638192.745097,22
1309,1403638192.745097,22
1309,1403638192.745097,22
1309,1403638192.745097,22
1310,1403638192.795097,22
1310,1403638192.795097,22
1310,1403638192.795097,14
1310,1403638192.795097,22
1310,1403638192.795097,22
1310,1403638192.795097,22
1310,1403638192.795097,15
1310,1403638192.795097,22
1310,1403638192.795097,22
1310,1403638192.795097,22
1311,1403638192.845097,22
1311,1403638192.845097,22
1311,1403638192.845097,22
1311,1403638192.845097,13
1311,1403638192.845097,14
1311,1403638192.845097,22
1311,1403638192.845097,22
1311,1403638192.845097,22
1311,1403638192.845097,22
1311,1403638192.845097,22
1312,1403638192.895097,22
1312,1403638192.895097,22
1312,1403638192.895097,22
1312,1403638192.895097,22
1312,1403638192.895097,22
1312,1403638192.895097,22
1312,1403638192.895097,14
1312,1403638192.895097,14
1312,1403638192.895097,14
1312,1403638192.895097,22
1313,1403638192.945097,22
1313,1403638192.945097,22
1313,1403638192.945097,14
1313,1403638192.945097,22
1313,1403638192.945097,22
1313,1403638192.945097,22
1313,1403638192.945097,15
1313,1403638192.945097,22
1313,1403638192.945097,22
1313,1403638192.945097,22
1314,1403638192.995097,22
1314,1403638192.995097,22
1314,1403638192.995097,22
1314,1403638192.995097,13
1314,1403638192.995097,14
1314,1403638192.995097,13
1314,1403638192.995097,15
1314,1403638192.995097,14
1314,1403638192.995097,22
1314,1403638192.995097,22
1315,1403638193.045097,14
1315,1403638193.045097,22
1315,1403638193.045097,14
1315,1403638193.045097,22
1315,1403638193.045097,22
1315,1403638193.045097,22
1315,1403638193.045097,22
1315,1403638193.045097,22
1315,1403638193.045097,14
1315,1403638193.045097,22
1316,1403638193.095097,22
1316,1403638193.095097,22
1316,1403638193.095097,22
1316,1403638193.095097,14
1316,1403638193.095097,13
1316,1403638193.095097,14
1316,1403638193.095097,14
1316,1403638193.095097,14
1316,1403638193.095097,15
1316,1403638193.095097,22
1317,1403638193.145097,14
1317,1403638193.145097,22
1317,1403638193.145097,14
1317,1403638193.145097,22
1317,1403638193.145097,22
1317,1403638193.145097,22
1317,1403638193.145097,22
1317,1403638193.145097,22
1317,1403638193.145097,22
1317,1403638193.145097,22
1318,1403638193.195097,22
1318,1403638193.195097,22
1318,1403638193.195097,22
1318,1403638193.195097,13
1318,1403638193.195097,13
1318,1403638193.195097,12
1318,1403638193.195097,13
1318,1403638193.195097,14
1318,1403638193.195097,22
1318,1403638193.195097,22
1319,1403638193.245097,13
1319,1403638193.245097,22
1319,1403638193.245097,13
1319,1403638193.245097,22
1319,1403638193.245097,22
1319,1403638193.245097,22
1319,1403638193.245097,22
1319,1403638193.245097,22
1319,1403638193.245097,22
1319,1403638193.245097,22
1320,1403638193.295097,22
1320,1403638193.295097,22
1320,1403638193.295097,22
1320,1403638193.295097,22
1320,1403638193.295097,12
1320,1403638193.295097,13
1320,1403638193.295097,13
1320,1403638193.295097,15
1320,1403638193.295097,14
1320,1403638193.295097,22
1321,1403638193.345097,12
1321,1403638193.345097,22
1321,1403638193.345097,14
1321,1403638193.345097,14
1321,1403638193.345097,22
1321,1403638193.345097,22
1321,1403638193.345097,14
1321,1403638193.345097,22
1321,1403638193.345097,22
1321,1403638193.345097,22
1322,1403638193.395097,22
1322,1403638193.395097,22
1322,1403638193.395097,22
1322,1403638193.395097,22
1322,1403638193.395097,12
1322,1403638193.395097,13
1322,1403638193.395097,22
1322,1403638193.395097,14
1322,1403638193.395097,15
1322,1403638193.395097,22
1323,1403638193.445097,14
1323,1403638193.445097,22
1323,1403638193.445097,22
1323,1403638193.445097,13
1323,1403638193.445097,22
1323,1403638193.445097,22
1323,1403638193.445097,14
1323,1403638193.445097,22
1323,1403638193.445097,22
1323,1403638193.445097,22
1324,1403638193.495097,22
1324,1403638193.495097,22
1324,1403638193.495097,15
1324,1403638193.495097,22
1324,1403638193.495097,14
1324,1403638193.495097,12
1324,1403638193.495097,22
1324,1403638193.495097,14
1324,1403638193.495097,13
1324,1403638193.495097,22
1325,1403638193.545097,13
1325,1403638193.545097,22
1325,1403638193.545097,22
1325,1403638193.545097,12
1325,1403638193.545097,22
1325,1403638193.545097,22
1325,1403638193.545097,22
1325,1403638193.545097,22
1325,1403638193.545097,22
1325,1403638193.545097,22
1326,1403638193.595097,22
1326,1403638193.595097,14
1326,1403638193.595097,13
1326,1403638193.595097,22
1326,1403638193.595097,12
1326,1403638193.595097,22
1326,1403638193.595097,14
1326,1403638193.595097,13
1326,1403638193.595097,13
1326,1403638193.595097,22
1327,1403638193.645097,12
1327,1403638193.645097,22
1327,1403638193.645097,22
1327,1403638193.645097,13
1327,1403638193.645097,22
1327,1403638193.645097,14
1327,1403638193.645097,22
1327,1403638193.645097,22
1327,1403638193.645097,22
1327,1403638193.645097,14
1328,1403638193.695097,22
1328,1403638193.695097,22
1328,1403638193.695097,14
1328,1403638193.695097,22
1328,1403638193.695097,12
1328,1403638193.695097,22
1328,1403638193.695097,13
1328,1403638193.695097,15
1328,1403638193.695097,12
1328,1403638193.695097,22
1329,1403638193.745097,14
1329,1403638193.745097,15
1329,1403638193.745097,13
1329,1403638193.745097,22
1329,1403638193.745097,22
1329,1403638193.745097,13
1329,1403638193.745097,22
1329,1403638193.745097,14
1329,1403638193.745097,22
1329,1403638193.745097,14
1330,1403638193.795097,15
1330,1403638193.795097,22
1330,1403638193.795097,22
1330,1403638193.795097,14
1330,1403638193.795097,14
1330,1403638193.795097,22
1330,1403638193.795097,22
1330,1403638193.795097,22
1330,1403638193.795097,13
1330,1403638193.795097,14
1331,1403638193.845097,14
1331,1403638193.845097,13
1331,1403638193.845097,14
1331,1403638193.845097,22
1331,1403638193.845097,14
1331,1403638193.845097,22
1331,1403638193.845097,22
1331,1403638193.845097,22
1331,1403638193.845097,15
1331,1403638193.845097,14
1332,1403638193.895097,14
1332,1403638193.895097,22
1332,1403638193.895097,22
1332,1403638193.895097,22
1332,1403638193.895097,14
1332,1403638193.895097,13
1332,1403638193.895097,22
1332,1403638193.895097,13
1332,1403638193.895097,14
1332,1403638193.895097,22
1333,1403638193.945097,12
1333,1403638193.945097,14
1333,1403638193.945097,13
1333,1403638193.945097,22
1333,1403638193.945097,22
1333,1403638193.945097,22
1333,1403638193.945097,22
1333,1403638193.945097,22
1333,1403638193.945097,22
1333,1403638193.945097,13
1334,1403638193.995097,22
1334,1403638193.995097,14
1334,1403638193.995097,22
1334,1403638193.995097,22
1334,1403638193.995097,12
1334,1403638193.995097,22
1334,1403638193.995097,22
1334,1403638193.995097,14
1334,1403638193.995097,13
1334,1403638193.995097,22
1335,1403638194.045097,13
1335,1403638194.045097,22
1335,1403638194.045097,13
1335,1403638194.045097,12
1335,1403638194.045097,22
1335,1403638194.045097,14
1335,1403638194.045097,22
1335,1403638194.045097,15
1335,1403638194.045097,22
1335,1403638194.045097,14
1336,1403638194.095097,22
1336,1403638194.095097,22
1336,1403638194.095097,15
1336,1403638194.095097,22
1336,1403638194.095097,14
1336,1403638194.095097,15
1336,1403638194.095097,15
1336,1403638194.095097,14
1336,1403638194.095097,12
1336,1403638194.095097,13
1337,1403638194.145097,12
1337,1403638194.145097,22
1337,1403638194.145097,22
1337,1403638194.145097,13
1337,1403638194.145097,13
1337,1403638194.145097,14
1337,1403638194.145097,22
1337,1403638194.145097,12
1337,1403638194.145097,22
1337,1403638194.145097,22
1338,1403638194.195097,22
1338,1403638194.195097,22
1338,1403638194.195097,12
1338,1403638194.195097,15
1338,1403638194.195097,22
1338,1403638194.195097,14
1338,1403638194.195097,22
1338,1403638194.195097,22
1338,1403638194.195097,13
1338,1403638194.195097,12
1339,1403638194.245097,12
1339,1403638194.245097,22
1339,1403638194.245097,15
1339,1403638194.245097,13
1339,1403638194.245097,13
1339,1403638194.245097,22
1339,1403638194.245097,22
1339,1403638194.245097,22
1339,1403638194.245097,13
1339,1403638194.245097,22
1340,1403638194.295097,22
1340,1403638194.295097,22
1340,1403638194.295097,13
1340,1403638194.295097,14
1340,1403638194.295097,22
1340,1403638194.295097,12
1340,1403638194.295097,22
1340,1403638194.295097,13
1340,1403638194.295097,22
1340,1403638194.295097,22
1341,1403638194.345097,12
1341,1403638194.345097,22
1341,1403638194.345097,22
1341,1403638194.345097,22
1341,1403638194.345097,22
1341,1403638194.345097,15
1341,1403638194.345097,22
1341,1403638194.345097,22
1341,1403638194.345097,13
1341,1403638194.345097,22
1342,1403638194.395097,22
1342,1403638194.395097,22
1342,1403638194.395097,22
1342,1403638194.395097,22
1342,1403638194.395097,13
1342,1403638194.395097,14
1342,1403638194.395097,22
1342,1403638194.395097,13
1342,1403638194.395097,22
1342,1403638194.395097,22
1343,1403638194.445097,13
1343,1403638194.445097,22
1343,1403638194.445097,22
1343,1403638194.445097,13
1343,1403638194.445097,15
1343,1403638194.445097,14
1343,1403638194.445097,22
1343,1403638194.445097,22
1343,1403638194.445097,22
1343,1403638194.445097,13
1344,1403638194.495097,22
1344,1403638194.495097,14
1344,1403638194.495097,12
1344,1403638194.495097,22
1344,1403638194.495097,22
1344,1403638194.495097,22
1344,1403638194.495097,22
1344,1403638194.495097,22
1344,1403638194.495097,12
1344,1403638194.495097,15
1345,1403638194.545097,12
1345,1403638194.545097,22
1345,1403638194.545097,22
1345,1403638194.545097,12
1345,1403638194.545097,13
1345,1403638194.545097,22
1345,1403638194.545097,22
1345,1403638194.545097,22
1345,1403638194.545097,22
1345,1403638194.545097,14
1346,1403638194.595097,22
1346,1403638194.595097,22
1346,1403638194.595097,12
1346,1403638194.595097,14
1346,1403638194.595097,15
1346,1403638194.595097,13
1346,1403638194.595097,22
1346,1403638194.595097,13
1346,1403638194.595097,22
1346,1403638194.595097,14
1347,1403638194.645097,12
1347,1403638194.645097,22
1347,1403638194.645097,13
1347,1403638194.645097,13
1347,1403638194.645097,22
1347,1403638194.645097,22
1347,1403638194.645097,22
1347,1403638194.645097,22
1347,1403638194.645097,14
1347,1403638194.645097,14
1348,1403638194.695097,22
1348,1403638194.695097,15
1348,1403638194.695097,22
1348,1403638194.695097,15
1348,1403638194.695097,22
1348,1403638194.695097,22
1348,1403638194.695097,12
1348,1403638194.695097,14
1348,1403638194.695097,22
1348,1403638194.695097,14
1349,1403638194.745097,13
1349,1403638194.745097,22
1349,1403638194.745097,13
1349,1403638194.745097,22
1349,1403638194.745097,14
1349,1403638194.745097,22
1349,1403638194.745097,22
1349,1403638194.745097,15
1349,1403638194.745097,14
1349,1403638194.745097,22
1350,1403638194.795097,15
1350,1403638194.795097,22
1350,1403638194.795097,22
1350,1403638194.795097,12
1350,1403638194.795097,22
1350,1403638194.795097,22
1350,1403638194.795097,22
1350,1403638194.795097,15
1350,1403638194.795097,12
1350,1403638194.795097,22
1351,1403638194.845097,22
1351,1403638194.845097,22
1351,1403638194.845097,22
1351,1403638194.845097,22
1351,1403638194.845097,13
1351,1403638194.845097,22
1351,1403638194.845097,22
1351,1403638194.845097,22
1351,1403638194.845097,22
1351,1403638194.845097,13
1352,1403638194.895097,14
1352,1403638194.895097,22
1352,1403638194.895097,14
1352,1403638194.895097,14
1352,1403638194.895097,22
1352,1403638194.895097,22
1352,1403638194.895097,22
1352,1403638194.895097,15
1352,1403638194.895097,14
1352,1403638194.895097,22
1353,1403638194.945097,22
1353,1403638194.945097,22
1353,1403638194.945097,22
1353,1403638194.945097,15
1353,1403638194.945097,13
1353,1403638194.945097,22
1353,1403638194.945097,22
1353,1403638194.945097,14
1353,1403638194.945097,14
1353,1403638194.945097,22
1354,1403638194.995097,12
1354,1403638194.995097,13
1354,1403638194.995097,14
1354,1403638194.995097,13
1354,1403638194.995097,22
1354,1403638194.995097,22
1354,1403638194.995097,22
1354,1403638194.995097,22
1354,1403638194.995097,15
1354,1403638194.995097,13
1355,1403638195.045097,22
1355,1403638195.045097,22
1355,1403638195.045097,14
1355,1403638195.045097,15
1355,1403638195.045097,12
1355,1403638195.045097,22
1355,1403638195.045097,22
1355,1403638195.045097,14
1355,1403638195.045097,15
1355,1403638195.045097,15
1356,1403638195.095097,12
1356,1403638195.095097,14
1356,1403638195.095097,22
1356,1403638195.095097,22
1356,1403638195.095097,22
1356,1403638195.095097,22
1356,1403638195.095097,22
1356,1403638195.095097,22
1356,1403638195.095097,15
1356,1403638195.095097,13
1357,1403638195.145097,14
1357,1403638195.145097,22
1357,1403638195.145097,13
1357,1403638195.145097,22
1357,1403638195.145097,22
1357,1403638195.145097,22
1357,1403638195.145097,22
1357,1403638195.145097,12
1357,1403638195.145097,12
1357,1403638195.145097,14
1358,1403638195.195097,14
1358,1403638195.195097,14
1358,1403638195.195097,22
1358,1403638195.195097,22
1358,1403638195.195097,13
1358,1403638195.195097,22
1358,1403638195.195097,22
1358,1403638195.195097,22
1358,1403638195.195097,15
1358,1403638195.195097,14
1359,1403638195.245097,22
1359,1403638195.245097,22
1359,1403638195.245097,12
1359,1403638195.245097,22
1359,1403638195.245097,22
1359,1403638195.245097,22
1359,1403638195.245097,22
1359,1403638195.245097,22
1359,1403638195.245097,15
1359,1403638195.245097,15
1360,1403638195.295097,12
1360,1403638195.295097,15
1360,1403638195.295097,22
1360,1403638195.295097,22
1360,1403638195.295097,12
1360,1403638195.295097,22
1360,1403638195.295097,22
1360,1403638195.295097,14
1360,1403638195.295097,22
1360,1403638195.295097,13
1361,1403638195.345097,14
1361,1403638195.345097,14
1361,1403638195.345097,22
1361,1403638195.345097,22
1361,1403638195.345097,22
1361,1403638195.345097,22
1361,1403638195.345097,22
1361,1403638195.345097,13
1361,1403638195.345097,13
1361,1403638195.345097,14
1362,1403638195.395097,14
1362,1403638195.395097,13
1362,1403638195.395097,22
1362,1403638195.395097,22
1362,1403638195.395097,12
1362,1403638195.395097,14
1362,1403638195.395097,22
1362,1403638195.395097,22
1362,1403638195.395097,14
1362,1403638195.395097,22
1363,1403638195.445097,22
1363,1403638195.445097,22
1363,1403638195.445097,14
1363,1403638195.445097,12
1363,1403638195.445097,22
1363,1403638195.445097,22
1363,1403638195.445097,22
1363,1403638195.445097,13
1363,1403638195.445097,13
1363,1403638195.445097,13
1364,1403638195.495097,22
1364,1403638195.495097,22
1364,1403638195.495097,13
1364,1403638195.495097,22
1364,1403638195.495097,12
1364,1403638195.495097,14
1364,1403638195.495097,22
1364,1403638195.495097,22
1364,1403638195.495097,14
1364,1403638195.495097,13
1365,1403638195.545097,12
1365,1403638195.545097,22
1365,1403638195.545097,14
1365,1403638195.545097,12
1365,1403638195.545097,14
1365,1403638195.545097,22
1365,1403638195.545097,22
1365,1403638195.545097,22
1365,1403638195.545097,13
1365,1403638195.545097,15
1366,1403638195.595097,14
1366,1403638195.595097,14
1366,1403638195.595097,22
1366,1403638195.595097,22
1366,1403638195.595097,22
1366,1403638195.595097,22
1366,1403638195.595097,22
1366,1403638195.595097,13
1366,1403638195.595097,14
1366,1403638195.595097,12
1367,1403638195.645097,13
1367,1403638195.645097,22
1367,1403638195.645097,12
1367,1403638195.645097,12
1367,1403638195.645097,12
1367,1403638195.645097,22
1367,1403638195.645097,22
1367,1403638195.645097,22
1367,1403638195.645097,15
1367,1403638195.645097,13
1368,1403638195.695097,12
1368,1403638195.695097,14
1368,1403638195.695097,14
1368,1403638195.695097,13
1368,1403638195.695097,15
1368,1403638195.695097,14
1368,1403638195.695097,22
1368,1403638195.695097,13
1368,1403638195.695097,13
1368,1403638195.695097,13
1369,1403638195.745097,12
1369,1403638195.745097,22
1369,1403638195.745097,15
1369,1403638195.745097,13
1369,1403638195.745097,15
1369,1403638195.745097,22
1369,1403638195.745097,15
1369,1403638195.745097,14
1369,1403638195.745097,14
1369,1403638195.745097,22
1370,1403638195.795097,13
1370,1403638195.795097,22
1370,1403638195.795097,12
1370,1403638195.795097,14
1370,1403638195.795097,14
1370,1403638195.795097,12
1370,1403638195.795097,22
1370,1403638195.795097,14
1370,1403638195.795097,13
1370,1403638195.795097,12
1371,1403638195.845097,12
1371,1403638195.845097,12
1371,1403638195.845097,13
1371,1403638195.845097,12
1371,1403638195.845097,22
1371,1403638195.845097,13
1371,1403638195.845097,22
1371,1403638195.845097,14
1371,1403638195.845097,12
1371,1403638195.845097,12
1372,1403638195.895097,13
1372,1403638195.895097,14
1372,1403638195.895097,12
1372,1403638195.895097,13
1372,1403638195.895097,22
1372,1403638195.895097,12
1372,1403638195.895097,14
1372,1403638195.895097,14
1372,1403638195.895097,14
1372,1403638195.895097,12
1373,1403638195.945097,22
1373,1403638195.945097,22
1373,1403638195.945097,13
1373,1403638195.945097,12
1373,1403638195.945097,13
1373,1403638195.945097,14
1373,1403638195.945097,22
1373,1403638195.945097,13
1373,1403638195.945097,15
1373,1403638195.945097,13
1374,1403638195.995097,12
1374,1403638195.995097,22
1374,1403638195.995097,14
1374,1403638195.995097,13
1374,1403638195.995097,14
1374,1403638195.995097,13
1374,1403638195.995097,22
1374,1403638195.995097,13
1374,1403638195.995097,12
1374,1403638195.995097,13
1375,1403638196.045097,14
1375,1403638196.045097,15
1375,1403638196.045097,14
1375,1403638196.045097,13
1375,1403638196.045097,14
1375,1403638196.045097,14
1375,1403638196.045097,22
1375,1403638196.045097,13
1375,1403638196.045097,13
1375,1403638196.045097,13
1376,1403638196.095097,13
1376,1403638196.095097,22
1376,1403638196.095097,13
1376,1403638196.095097,14
1376,1403638196.095097,13
1376,1403638196.095097,12
1376,1403638196.095097,14
1376,1403638196.095097,22
1376,1403638196.095097,12
1376,1403638196.095097,12
1377,1403638196.145097,12
1377,1403638196.145097,22
1377,1403638196.145097,12
1377,1403638196.145097,12
1377,1403638196.145097,12
1377,1403638196.145097,12
1377,1403638196.145097,22
1377,1403638196.145097,15
1377,1403638196.145097,12
1377,1403638196.145097,13
1378,1403638196.195097,12
1378,1403638196.195097,22
1378,1403638196.195097,12
1378,1403638196.195097,13
1378,1403638196.195097,14
1378,1403638196.195097,12
1378,1403638196.195097,22
1378,1403638196.195097,22
1378,1403638196.195097,14
1378,1403638196.195097,13
1379,1403638196.245097,12
1379,1403638196.245097,22
1379,1403638196.245097,13
1379,1403638196.245097,13
1379,1403638196.245097,13
1379,1403638196.245097,14
1379,1403638196.245097,13
1379,1403638196.245097,12
1379,1403638196.245097,14
1379,1403638196.245097,13
1380,1403638196.295097,12
1380,1403638196.295097,14
1380,1403638196.295097,13
1380,1403638196.295097,22
1380,1403638196.295097,12
1380,1403638196.295097,12
1380,1403638196.295097,12
1380,1403638196.295097,13
1380,1403638196.295097,12
1380,1403638196.295097,13
1381,1403638196.345097,12
1381,1403638196.345097,13
1381,1403638196.345097,14
1381,1403638196.345097,12
1381,1403638196.345097,22
1381,1403638196.345097,14
1381,1403638196.345097,22
1381,1403638196.345097,13
1381,1403638196.345097,12
1381,1403638196.345097,13
1382,1403638196.395097,13
1382,1403638196.395097,12
1382,1403638196.395097,12
1382,1403638196.395097,13
1382,1403638196.395097,22
1382,1403638196.395097,22
1382,1403638196.395097,22
1382,1403638196.395097,22
1382,1403638196.395097,12
1382,1403638196.395097,13
1383,1403638196.445097,14
1383,1403638196.445097,13
1383,1403638196.445097,12
1383,1403638196.445097,14
1383,1403638196.445097,14
1383,1403638196.445097,22
1383,1403638196.445097,12
1383,1403638196.445097,14
1383,1403638196.445097,13
1383,1403638196.445097,12
1384,1403638196.495097,22
1384,1403638196.495097,15
1384,1403638196.495097,13
1384,1403638196.495097,14
1384,1403638196.495097,13
1384,1403638196.495097,12
1384,1403638196.495097,12
1384,1403638196.495097,22
1384,1403638196.495097,14
1384,1403638196.495097,13
1385,1403638196.545097,22
1385,1403638196.545097,14
1385,1403638196.545097,13
1385,1403638196.545097,12
1385,1403638196.545097,13
1385,1403638196.545097,13
1385,1403638196.545097,13
1385,1403638196.545097,12
1385,1403638196.545097,13
1385,1403638196.545097,12
1386,1403638196.595097,13
1386,1403638196.595097,22
1386,1403638196.595097,14
1386,1403638196.595097,22
1386,1403638196.595097,12
1386,1403638196.595097,13
1386,1403638196.595097,12
1386,1403638196.595097,14
1386,1403638196.595097,12
1386,1403638196.595097,13
1387,1403638196.645097,15
1387,1403638196.645097,22
1387,1403638196.645097,22
1387,1403638196.645097,13
1387,1403638196.645097,13
1387,1403638196.645097,12
1387,1403638196.645097,12
1387,1403638196.645097,13
1387,1403638196.645097,12
1387,1403638196.645097,14
1388,1403638196.695097,13
1388,1403638196.695097,22
1388,1403638196.695097,22
1388,1403638196.695097,13
1388,1403638196.695097,13
1388,1403638196.695097,12
1388,1403638196.695097,12
1388,1403638196.695097,13
1388,1403638196.695097,12
1388,1403638196.695097,15
1389,1403638196.745097,12
1389,1403638196.745097,12
1389,1403638196.745097,12
1389,1403638196.745097,14
1389,1403638196.745097,12
1389,1403638196.745097,12
1389,1403638196.745097,13
1389,1403638196.745097,13
1389,1403638196.745097,22
1389,1403638196.745097,14
1390,1403638196.795097,12
1390,1403638196.795097,13
1390,1403638196.795097,13
1390,1403638196.795097,12
1390,1403638196.795097,13
1390,1403638196.795097,12
1390,1403638196.795097,13
1390,1403638196.795097,13
1390,1403638196.795097,14
1390,1403638196.795097,14
1391,1403638196.845097,13
1391,1403638196.845097,13
1391,1403638196.845097,14
1391,1403638196.845097,12
1391,1403638196.845097,12
1391,1403638196.845097,12
1391,1403638196.845097,12
1391,1403638196.845097,14
1391,1403638196.845097,22
1391,1403638196.845097,15
1392,1403638196.895097,13
1392,1403638196.895097,15
1392,1403638196.895097,22
1392,1403638196.895097,13
1392,1403638196.895097,14
1392,1403638196.895097,12
1392,1403638196.895097,13
1392,1403638196.895097,22
1392,1403638196.895097,15
1392,1403638196.895097,22
1393,1403638196.945097,12
1393,1403638196.945097,22
1393,1403638196.945097,22
1393,1403638196.945097,13
1393,1403638196.945097,12
1393,1403638196.945097,12
1393,1403638196.945097,22
1393,1403638196.945097,15
1393,1403638196.945097,12
1393,1403638196.945097,13
1394,1403638196.995097,12
1394,1403638196.995097,15
1394,1403638196.995097,12
1394,1403638196.995097,13
1394,1403638196.995097,13
1394,1403638196.995097,22
1394,1403638196.995097,22
1394,1403638196.995097,12
1394,1403638196.995097,13
1394,1403638196.995097,12
1395,1403638197.045097,13
1395,1403638197.045097,13
1395,1403638197.045097,22
1395,1403638197.045097,14
1395,1403638197.045097,13
1395,1403638197.045097,12
1395,1403638197.045097,12
1395,1403638197.045097,13
1395,1403638197.045097,13
1395,1403638197.045097,12
1396,1403638197.095097,12
1396,1403638197.095097,14
1396,1403638197.095097,12
1396,1403638197.095097,12
1396,1403638197.095097,22
1396,1403638197.095097,12
1396,1403638197.095097,12
1396,1403638197.095097,13
1396,1403638197.095097,13
1396,1403638197.095097,12
1397,1403638197.145097,22
1397,1403638197.145097,12
1397,1403638197.145097,13
1397,1403638197.145097,12
1397,1403638197.145097,22
1397,1403638197.145097,22
1397,1403638197.145097,12
1397,1403638197.145097,14
1397,1403638197.145097,12
1397,1403638197.145097,13
1398,1403638197.195097,12
1398,1403638197.195097,22
1398,1403638197.195097,14
1398,1403638197.195097,13
1398,1403638197.195097,22
1398,1403638197.195097,22
1398,1403638197.195097,12
1398,1403638197.195097,14
1398,1403638197.195097,12
1398,1403638197.195097,12
1399,1403638197.245097,14
1399,1403638197.245097,13
1399,1403638197.245097,12
1399,1403638197.245097,12
1399,1403638197.245097,13
1399,1403638197.245097,12
1399,1403638197.245097,14
1399,1403638197.245097,22
1399,1403638197.245097,13
1399,1403638197.245097,13
1400,1403638197.295097,13
1400,1403638197.295097,13
1400,1403638197.295097,13
1400,1403638197.295097,22
1400,1403638197.295097,12
1400,1403638197.295097,12
1400,1403638197.295097,14
1400,1403638197.295097,22
1400,1403638197.295097,22
1400,1403638197.295097,22
1401,1403638197.345097,15
1401,1403638197.345097,14
1401,1403638197.345097,13
1401,1403638197.345097,22
1401,1403638197.345097,22
1401,1403638197.345097,13
1401,1403638197.345097,22
1401,1403638197.345097,12
1401,1403638197.345097,12
1401,1403638197.345097,22
1402,1403638197.395097,12
1402,1403638197.395097,13
1402,1403638197.395097,22
1402,1403638197.395097,13
1402,1403638197.395097,12
1402,1403638197.395097,14
1402,1403638197.395097,12
1402,1403638197.395097,12
1402,1403638197.395097,22
1402,1403638197.395097,22
1403,1403638197.445097,13
1403,1403638197.445097,14
1403,1403638197.445097,12
1403,1403638197.445097,12
1403,1403638197.445097,13
1403,1403638197.445097,22
1403,1403638197.445097,13
1403,1403638197.445097,22
1403,1403638197.445097,22
1403,1403638197.445097,22
1404,1403638197.495097,14
1404,1403638197.495097,15
1404,1403638197.495097,22
1404,1403638197.495097,15
1404,1403638197.495097,22
1404,1403638197.495097,22
1404,1403638197.495097,13
1404,1403638197.495097,22
1404,1403638197.495097,12
1404,1403638197.495097,22
1405,1403638197.545097,22
1405,1403638197.545097,13
1405,1403638197.545097,13
1405,1403638197.545097,13
1405,1403638197.545097,13
1405,1403638197.545097,22
1405,1403638197.545097,13
1405,1403638197.545097,13
1405,1403638197.545097,13
1405,1403638197.545097,22
1406,1403638197.595097,22
1406,1403638197.595097,22
1406,1403638197.595097,22
1406,1403638197.595097,13
1406,1403638197.595097,14
1406,1403638197.595097,14
1406,1403638197.595097,22
1406,1403638197.595097,13
1406,1403638197.595097,13
1406,1403638197.595097,22
1407,1403638197.645097,15
1407,1403638197.645097,22
1407,1403638197.645097,13
1407,1403638197.645097,13
1407,1403638197.645097,14
1407,1403638197.645097,12
1407,1403638197.645097,22
1407,1403638197.645097,12
1407,1403638197.645097,12
1407,1403638197.645097,22
1408,1403638197.695097,22
1408,1403638197.695097,22
1408,1403638197.695097,15
1408,1403638197.695097,14
1408,1403638197.695097,15
1408,1403638197.695097,13
1408,1403638197.695097,22
1408,1403638197.695097,12
1408,1403638197.695097,22
1408,1403638197.695097,22
1409,1403638197.745097,15
1409,1403638197.745097,12
1409,1403638197.745097,12
1409,1403638197.745097,14
1409,1403638197.745097,22
1409,1403638197.745097,22
1409,1403638197.745097,13
1409,1403638197.745097,15
1409,1403638197.745097,12
1409,1403638197.745097,12
1410,1403638197.795097,22
1410,1403638197.795097,14
1410,1403638197.795097,13
1410,1403638197.795097,13
1410,1403638197.795097,14
1410,1403638197.795097,12
1410,1403638197.795097,22
1410,1403638197.795097,12
1410,1403638197.795097,12
1410,1403638197.795097,22
1411,1403638197.845097,14
1411,1403638197.845097,12
1411,1403638197.845097,12
1411,1403638197.845097,12
1411,1403638197.845097,22
1411,1403638197.845097,12
1411,1403638197.845097,13
1411,1403638197.845097,14
1411,1403638197.845097,13
1411,1403638197.845097,12
1412,1403638197.895097,22
1412,1403638197.895097,13
1412,1403638197.895097,14
1412,1403638197.895097,12
1412,1403638197.895097,15
1412,1403638197.895097,22
1412,1403638197.895097,12
1412,1403638197.895097,14
1412,1403638197.895097,12
1412,1403638197.895097,13
1413,1403638197.945097,22
1413,1403638197.945097,13
1413,1403638197.945097,22
1413,1403638197.945097,12
1413,1403638197.945097,22
1413,1403638197.945097,12
1413,1403638197.945097,14
1413,1403638197.945097,12
1413,1403638197.945097,14
1413,1403638197.945097,12
1414,1403638197.995097,22
1414,1403638197.995097,13
1414,1403638197.995097,22
1414,1403638197.995097,13
1414,1403638197.995097,22
1414,1403638197.995097,13
1414,1403638197.995097,22
1414,1403638197.995097,13
1414,1403638197.995097,12
1414,1403638197.995097,12
1415,1403638198.045097,22
1415,1403638198.045097,14
1415,1403638198.045097,13
1415,1403638198.045097,13
1415,1403638198.045097,15
1415,1403638198.045097,13
1415,1403638198.045097,15
1415,1403638198.045097,15
1415,1403638198.045097,14
1415,1403638198.045097,12
1416,1403638198.095097,13
1416,1403638198.095097,13
1416,1403638198.095097,12
1416,1403638198.095097,14
1416,1403638198.095097,15
1416,1403638198.095097,14
1416,1403638198.095097,22
1416,1403638198.095097,13
1416,1403638198.095097,12
1416,1403638198.095097,13
1417,1403638198.145097,13
1417,1403638198.145097,13
1417,1403638198.145097,12
1417,1403638198.145097,13
1417,1403638198.145097,15
1417,1403638198.145097,12
1417,1403638198.145097,15
1417,1403638198.145097,14
1417,1403638198.145097,12
1417,1403638198.145097,13
1418,1403638198.195097,12
1418,1403638198.195097,22
1418,1403638198.195097,22
1418,1403638198.195097,14
1418,1403638198.195097,22
1418,1403638198.195097,12
1418,1403638198.195097,22
1418,1403638198.195097,13
1418,1403638198.195097,13
1418,1403638198.195097,12
1419,1403638198.245097,12
1419,1403638198.245097,12
1419,1403638198.245097,13
1419,1403638198.245097,13
1419,1403638198.245097,22
1419,1403638198.245097,12
1419,1403638198.245097,14
1419,1403638198.245097,14
1419,1403638198.245097,14
1419,1403638198.245097,14
1420,1403638198.295097,14
1420,1403638198.295097,22
1420,1403638198.295097,12
1420,1403638198.295097,12
1420,1403638198.295097,14
1420,1403638198.295097,13
1420,1403638198.295097,22
1420,1403638198.295097,13
1420,1403638198.295097,12
1420,1403638198.295097,22
1421,1403638198.345097,13
1421,1403638198.345097,22
1421,1403638198.345097,12
1421,1403638198.345097,22
1421,1403638198.345097,22
1421,1403638198.345097,12
1421,1403638198.345097,12
1421,1403638198.345097,13
1421,1403638198.345097,13
1421,1403638198.345097,13
1422,1403638198.395097,12
1422,1403638198.395097,12
1422,1403638198.395097,13
1422,1403638198.395097,22
1422,1403638198.395097,12
1422,1403638198.395097,12
1422,1403638198.395097,13
1422,1403638198.395097,12
1422,1403638198.395097,12
1422,1403638198.395097,13
1423,1403638198.445097,12
1423,1403638198.445097,14
1423,1403638198.445097,12
1423,1403638198.445097,12
1423,1403638198.445097,22
1423,1403638198.445097,13
1423,1403638198.445097,12
1423,1403638198.445097,14
1423,1403638198.445097,22
1423,1403638198.445097,12
1424,1403638198.495097,12
1424,1403638198.495097,14
1424,1403638198.495097,13
1424,1403638198.495097,13
1424,1403638198.495097,15
1424,1403638198.495097,22
1424,1403638198.495097,22
1424,1403638198.495097,13
1424,1403638198.495097,22
1424,1403638198.495097,22
1425,1403638198.545097,13
1425,1403638198.545097,13
1425,1403638198.545097,14
1425,1403638198.545097,22
1425,1403638198.545097,22
1425,1403638198.545097,12
1425,1403638198.545097,12
1425,1403638198.545097,13
1425,1403638198.545097,22
1425,1403638198.545097,22
1426,1403638198.595097,13
1426,1403638198.595097,12
1426,1403638198.595097,12
1426,1403638198.595097,22
1426,1403638198.595097,22
1426,1403638198.595097,13
1426,1403638198.595097,14
1426,1403638198.595097,13
1426,1403638198.595097,13
1426,1403638198.595097,22
1427,1403638198.645097,22
1427,1403638198.645097,13
1427,1403638198.645097,14
1427,1403638198.645097,22
1427,1403638198.645097,22
1427,1403638198.645097,22
1427,1403638198.645097,12
1427,1403638198.645097,14
1427,1403638198.645097,12
1427,1403638198.645097,12
1428,1403638198.695097,12
1428,1403638198.695097,13
1428,1403638198.695097,22
1428,1403638198.695097,12
1428,1403638198.695097,14
1428,1403638198.695097,12
1428,1403638198.695097,14
1428,1403638198.695097,13
1428,1403638198.695097,13
1428,1403638198.695097,14
1429,1403638198.745097,13
1429,1403638198.745097,12
1429,1403638198.745097,22
1429,1403638198.745097,13
1429,1403638198.745097,15
1429,1403638198.745097,13
1429,1403638198.745097,22
1429,1403638198.745097,13
1429,1403638198.745097,13
1429,1403638198.745097,12
1430,1403638198.795097,14
1430,1403638198.795097,14
1430,1403638198.795097,12
1430,1403638198.795097,14
1430,1403638198.795097,22
1430,1403638198.795097,13
1430,1403638198.795097,12
1430,1403638198.795097,13
1430,1403638198.795097,12
1430,1403638198.795097,12
1431,1403638198.845097,12
1431,1403638198.845097,12
1431,1403638198.845097,22
1431,1403638198.845097,14
1431,1403638198.845097,22
1431,1403638198.845097,12
1431,1403638198.845097,13
1431,1403638198.845097,13
1431,1403638198.845097,13
1431,1403638198.845097,12
1432,1403638198.895097,12
1432,1403638198.895097,14
1432,1403638198.895097,12
1432,1403638198.895097,12
1432,1403638198.895097,14
1432,1403638198.895097,13
1432,1403638198.895097,14
1432,1403638198.895097,14
1432,1403638198.895097,13
1432,1403638198.895097,14
1433,1403638198.945097,13
1433,1403638198.945097,13
1433,1403638198.945097,13
1433,1403638198.945097,13
1433,1403638198.945097,22
1433,1403638198.945097,13
1433,1403638198.945097,12
1433,1403638198.945097,13
1433,1403638198.945097,12
1433,1403638198.945097,12
1434,1403638198.995097,14
1434,1403638198.995097,14
1434,1403638198.995097,22
1434,1403638198.995097,12
1434,1403638198.995097,22
1434,1403638198.995097,13
1434,1403638198.995097,13
1434,1403638198.995097,13
1434,1403638198.995097,13
1434,1403638198.995097,12
1435,1403638199.045097,12
1435,1403638199.045097,13
1435,1403638199.045097,22
1435,1403638199.045097,12
1435,1403638199.045097,13
1435,1403638199.045097,22
1435,1403638199.045097,13
1435,1403638199.045097,13
1435,1403638199.045097,13
1435,1403638199.045097,12
1436,1403638199.095097,12
1436,1403638199.095097,14
1436,1403638199.095097,22
1436,1403638199.095097,12
1436,1403638199.095097,14
1436,1403638199.095097,12
1436,1403638199.095097,14
1436,1403638199.095097,14
1436,1403638199.095097,12
1436,1403638199.095097,13
1437,1403638199.145097,13
1437,1403638199.145097,13
1437,1403638199.145097,13
1437,1403638199.145097,22
1437,1403638199.145097,13
1437,1403638199.145097,12
1437,1403638199.145097,13
1437,1403638199.145097,22
1437,1403638199.145097,12
1437,1403638199.145097,12
1438,1403638199.195097,22
1438,1403638199.195097,15
1438,1403638199.195097,22
1438,1403638199.195097,14
1438,1403638199.195097,13
1438,1403638199.195097,13
1438,1403638199.195097,14
1438,1403638199.195097,14
1438,1403638199.195097,13
1438,1403638199.195097,12
1439,1403638199.245097,12
1439,1403638199.245097,12
1439,1403638199.245097,22
1439,1403638199.245097,12
1439,1403638199.245097,13
1439,1403638199.245097,13
1439,1403638199.245097,12
1439,1403638199.245097,14
1439,1403638199.245097,13
1439,1403638199.245097,12
1440,1403638199.295097,15
1440,1403638199.295097,14
1440,1403638199.295097,13
1440,1403638199.295097,12
1440,1403638199.295097,13
1440,1403638199.295097,12
1440,1403638199.295097,12
1440,1403638199.295097,14
1440,1403638199.295097,14
1440,1403638199.295097,14
1441,1403638199.345097,22
1441,1403638199.345097,14
1441,1403638199.345097,14
1441,1403638199.345097,13
1441,1403638199.345097,14
1441,1403638199.345097,12
1441,1403638199.345097,12
1441,1403638199.345097,22
1441,1403638199.345097,12
1441,1403638199.345097,12
1442,1403638199.395097,22
1442,1403638199.395097,13
1442,1403638199.395097,12
1442,1403638199.395097,13
1442,1403638199.395097,14
1442,1403638199.395097,12
1442,1403638199.395097,14
1442,1403638199.395097,13
1442,1403638199.395097,13
1442,1403638199.395097,12
1443,1403638199.445097,22
1443,1403638199.445097,22
1443,1403638199.445097,13
1443,1403638199.445097,12
1443,1403638199.445097,22
1443,1403638199.445097,12
1443,1403638199.445097,12
1443,1403638199.445097,13
1443,1403638199.445097,13
1443,1403638199.445097,13
1444,1403638199.495097,14
1444,1403638199.495097,12
1444,1403638199.495097,13
1444,1403638199.495097,12
1444,1403638199.495097,12
1444,1403638199.495097,12
1444,1403638199.495097,12
1444,1403638199.495097,22
1444,1403638199.495097,14
1444,1403638199.495097,12
1445,1403638199.545097,22
1445,1403638199.545097,22
1445,1403638199.545097,14
1445,1403638199.545097,12
1445,1403638199.545097,12
1445,1403638199.545097,13
1445,1403638199.545097,13
1445,1403638199.545097,22
1445,1403638199.545097,22
1445,1403638199.545097,22
1446,1403638199.595097,22
1446,1403638199.595097,13
1446,1403638199.595097,13
1446,1403638199.595097,12
1446,1403638199.595097,15
1446,1403638199.595097,13
1446,1403638199.595097,14
1446,1403638199.595097,22
1446,1403638199.595097,22
1446,1403638199.595097,12
1447,1403638199.645097,14
1447,1403638199.645097,13
1447,1403638199.645097,14
1447,1403638199.645097,14
1447,1403638199.645097,12
1447,1403638199.645097,12
1447,1403638199.645097,12
1447,1403638199.645097,12
1447,1403638199.645097,12
1447,1403638199.645097,12
1448,1403638199.695097,22
1448,1403638199.695097,14
1448,1403638199.695097,14
1448,1403638199.695097,12
1448,1403638199.695097,12
1448,1403638199.695097,12
1448,1403638199.695097,14
1448,1403638199.695097,22
1448,1403638199.695097,14
1448,1403638199.695097,13
1449,1403638199.745097,15
1449,1403638199.745097,13
1449,1403638199.745097,12
1449,1403638199.745097,14
1449,1403638199.745097,14
1449,1403638199.745097,13
1449,1403638199.745097,12
1449,1403638199.745097,22
1449,1403638199.745097,12
1449,1403638199.745097,12
1450,1403638199.795097,22
1450,1403638199.795097,14
1450,1403638199.795097,12
1450,1403638199.795097,13
1450,1403638199.795097,12
1450,1403638199.795097,14
1450,1403638199.795097,14
1450,1403638199.795097,13
1450,1403638199.795097,22
1450,1403638199.795097,14
1451,1403638199.845097,14
1451,1403638199.845097,13
1451,1403638199.845097,14
1451,1403638199.845097,13
1451,1403638199.845097,12
1451,1403638199.845097,12
1451,1403638199.845097,22
1451,1403638199.845097,14
1451,1403638199.845097,15
1451,1403638199.845097,12
1452,1403638199.895097,14
1452,1403638199.895097,13
1452,1403638199.895097,12
1452,1403638199.895097,13
1452,1403638199.895097,13
1452,1403638199.895097,12
1452,1403638199.895097,22
1452,1403638199.895097,13
1452,1403638199.895097,22
1452,1403638199.895097,12
1453,1403638199.945097,22
1453,1403638199.945097,22
1453,1403638199.945097,14
1453,1403638199.945097,13
1453,1403638199.945097,14
1453,1403638199.945097,13
1453,1403638199.945097,12
1453,1403638199.945097,13
1453,1403638199.945097,15
1453,1403638199.945097,22
1454,1403638199.995097,22
1454,1403638199.995097,13
1454,1403638199.995097,12
1454,1403638199.995097,14
1454,1403638199.995097,14
1454,1403638199.995097,12
1454,1403638199.995097,14
1454,1403638199.995097,13
1454,1403638199.995097,22
1454,1403638199.995097,12
1455,1403638200.045097,15
1455,1403638200.045097,14
1455,1403638200.045097,22
1455,1403638200.045097,13
1455,1403638200.045097,12
1455,1403638200.045097,22
1455,1403638200.045097,12
1455,1403638200.045097,13
1455,1403638200.045097,15
1455,1403638200.045097,13
1456,1403638200.095097,15
1456,1403638200.095097,22
1456,1403638200.095097,13
1456,1403638200.095097,13
1456,1403638200.095097,14
1456,1403638200.095097,12
1456,1403638200.095097,22
1456,1403638200.095097,14
1456,1403638200.095097,15
1456,1403638200.095097,13
1457,1403638200.145097,22
1457,1403638200.145097,13
1457,1403638200.145097,14
1457,1403638200.145097,13
1457,1403638200.145097,13
1457,1403638200.145097,12
1457,1403638200.145097,12
1457,1403638200.145097,22
1457,1403638200.145097,12
1457,1403638200.145097,12
1458,1403638200.195097,13
1458,1403638200.195097,12
1458,1403638200.195097,13
1458,1403638200.195097,22
1458,1403638200.195097,13
1458,1403638200.195097,13
1458,1403638200.195097,13
1458,1403638200.195097,13
1458,1403638200.195097,12
1458,1403638200.195097,12
1459,1403638200.245097,13
1459,1403638200.245097,14
1459,1403638200.245097,12
1459,1403638200.245097,12
1459,1403638200.245097,12
1459,1403638200.245097,12
1459,1403638200.245097,13
1459,1403638200.245097,22
1459,1403638200.245097,12
1459,1403638200.245097,12
1460,1403638200.295097,14
1460,1403638200.295097,13
1460,1403638200.295097,14
1460,1403638200.295097,14
1460,1403638200.295097,14
1460,1403638200.295097,12
1460,1403638200.295097,12
1460,1403638200.295097,12
1460,1403638200.295097,12
1460,1403638200.295097,13
1461,1403638200.345097,12
1461,1403638200.345097,12
1461,1403638200.345097,13
1461,1403638200.345097,13
1461,1403638200.345097,14
1461,1403638200.345097,13
1461,1403638200.345097,12
1461,1403638200.345097,13
1461,1403638200.345097,13
1461,1403638200.345097,15
1462,1403638200.395097,13
1462,1403638200.395097,13
1462,1403638200.395097,13
1462,1403638200.395097,12
1462,1403638200.395097,12
1462,1403638200.395097,13
1462,1403638200.395097,12
1462,1403638200.395097,14
1462,1403638200.395097,12
1462,1403638200.395097,13
1463,1403638200.445097,12
1463,1403638200.445097,13
1463,1403638200.445097,12
1463,1403638200.445097,12
1463,1403638200.445097,12
1463,1403638200.445097,12
1463,1403638200.445097,13
1463,1403638200.445097,13
1463,1403638200.445097,12
1463,1403638200.445097,22
1464,1403638200.495097,12
1464,1403638200.495097,15
1464,1403638200.495097,14
1464,1403638200.495097,12
1464,1403638200.495097,13
1464,1403638200.495097,12
1464,1403638200.495097,13
1464,1403638200.495097,13
1464,1403638200.495097,13
1464,1403638200.495097,22
1465,1403638200.545097,14
1465,1403638200.545097,22
1465,1403638200.545097,15
1465,1403638200.545097,12
1465,1403638200.545097,13
1465,1403638200.545097,13
1465,1403638200.545097,22
1465,1403638200.545097,12
1465,1403638200.545097,14
1465,1403638200.545097,14
1466,1403638200.595097,12
1466,1403638200.595097,22
1466,1403638200.595097,22
1466,1403638200.595097,12
1466,1403638200.595097,13
1466,1403638200.595097,12
1466,1403638200.595097,12
1466,1403638200.595097,13
1466,1403638200.595097,22
1466,1403638200.595097,12
1467,1403638200.645097,22
1467,1403638200.645097,12
1467,1403638200.645097,22
1467,1403638200.645097,12
1467,1403638200.645097,22
1467,1403638200.645097,22
1467,1403638200.645097,12
1467,1403638200.645097,13
1467,1403638200.645097,22
1467,1403638200.645097,12
1468,1403638200.695097,12
1468,1403638200.695097,14
1468,1403638200.695097,22
1468,1403638200.695097,12
1468,1403638200.695097,22
1468,1403638200.695097,22
1468,1403638200.695097,14
1468,1403638200.695097,14
1468,1403638200.695097,12
1468,1403638200.695097,22
1469,1403638200.745097,13
1469,1403638200.745097,14
1469,1403638200.745097,22
1469,1403638200.745097,15
1469,1403638200.745097,12
1469,1403638200.745097,12
1469,1403638200.745097,12
1469,1403638200.745097,12
1469,1403638200.745097,13
1469,1403638200.745097,14
1470,1403638200.795097,22
1470,1403638200.795097,22
1470,1403638200.795097,22
1470,1403638200.795097,22
1470,1403638200.795097,13
1470,1403638200.795097,12
1470,1403638200.795097,12
1470,1403638200.795097,14
1470,1403638200.795097,12
1470,1403638200.795097,15
1471,1403638200.845097,22
1471,1403638200.845097,22
1471,1403638200.845097,22
1471,1403638200.845097,12
1471,1403638200.845097,14
1471,1403638200.845097,12
1471,1403638200.845097,12
1471,1403638200.845097,13
1471,1403638200.845097,22
1471,1403638200.845097,22
1472,1403638200.895097,22
1472,1403638200.895097,13
1472,1403638200.895097,22
1472,1403638200.895097,12
1472,1403638200.895097,22
1472,1403638200.895097,12
1472,1403638200.895097,12
1472,1403638200.895097,15
1472,1403638200.895097,22
1472,1403638200.895097,12
1473,1403638200.945097,22
1473,1403638200.945097,14
1473,1403638200.945097,12
1473,1403638200.945097,12
1473,1403638200.945097,12
1473,1403638200.945097,12
1473,1403638200.945097,22
1473,1403638200.945097,12
1473,1403638200.945097,12
1473,1403638200.945097,12
1474,1403638200.995097,12
1474,1403638200.995097,12
1474,1403638200.995097,12
1474,1403638200.995097,12
1474,1403638200.995097,12
1474,1403638200.995097,13
1474,1403638200.995097,22
1474,1403638200.995097,13
1474,1403638200.995097,12
1474,1403638200.995097,14
1475,1403638201.045097,13
1475,1403638201.045097,12
1475,1403638201.045097,13
1475,1403638201.045097,13
1475,1403638201.045097,22
1475,1403638201.045097,13
1475,1403638201.045097,12
1475,1403638201.045097,13
1475,1403638201.045097,12
1475,1403638201.045097,22
1476,1403638201.095097,14
1476,1403638201.095097,14
1476,1403638201.095097,14
1476,1403638201.095097,13
1476,1403638201.095097,22
1476,1403638201.095097,14
1476,1403638201.095097,12
1476,1403638201.095097,13
1476,1403638201.095097,12
1476,1403638201.095097,22
1477,1403638201.145097,22
1477,1403638201.145097,13
1477,1403638201.145097,15
1477,1403638201.145097,13
1477,1403638201.145097,12
1477,1403638201.145097,12
1477,1403638201.145097,22
1477,1403638201.145097,12
1477,1403638201.145097,13
1477,1403638201.145097,22
1478,1403638201.195097,12
1478,1403638201.195097,13
1478,1403638201.195097,12
1478,1403638201.195097,12
1478,1403638201.195097,14
1478,1403638201.195097,12
1478,1403638201.195097,22
1478,1403638201.195097,13
1478,1403638201.195097,12
1478,1403638201.195097,13
1479,1403638201.245097,13
1479,1403638201.245097,13
1479,1403638201.245097,14
1479,1403638201.245097,12
1479,1403638201.245097,12
1479,1403638201.245097,13
1479,1403638201.245097,12
1479,1403638201.245097,14
1479,1403638201.245097,14
1479,1403638201.245097,15
1480,1403638201.295097,14
1480,1403638201.295097,13
1480,1403638201.295097,12
1480,1403638201.295097,12
1480,1403638201.295097,13
1480,1403638201.295097,12
1480,1403638201.295097,13
1480,1403638201.295097,13
1480,1403638201.295097,13
1480,1403638201.295097,14
1481,1403638201.345097,12
1481,1403638201.345097,14
1481,1403638201.345097,14
1481,1403638201.345097,13
1481,1403638201.345097,13
1481,1403638201.345097,12
1481,1403638201.345097,22
1481,1403638201.345097,12
1481,1403638201.345097,14
1481,1403638201.345097,12
1482,1403638201.395097,14
1482,1403638201.395097,22
1482,1403638201.395097,22
1482,1403638201.395097,12
1482,1403638201.395097,13
1482,1403638201.395097,14
1482,1403638201.395097,22
1482,1403638201.395097,12
1482,1403638201.395097,22
1482,1403638201.395097,14
1483,1403638201.445097,22
1483,1403638201.445097,12
1483,1403638201.445097,12
1483,1403638201.445097,12
1483,1403638201.445097,22
1483,1403638201.445097,22
1483,1403638201.445097,12
1483,1403638201.445097,13
1483,1403638201.445097,22
1483,1403638201.445097,13
1484,1403638201.495097,12
1484,1403638201.495097,13
1484,1403638201.495097,13
1484,1403638201.495097,14
1484,1403638201.495097,12
1484,1403638201.495097,12
1484,1403638201.495097,13
1484,1403638201.495097,15
1484,1403638201.495097,13
1484,1403638201.495097,13
1485,1403638201.545097,13
1485,1403638201.545097,14
1485,1403638201.545097,13
1485,1403638201.545097,13
1485,1403638201.545097,14
1485,1403638201.545097,14
1485,1403638201.545097,13
1485,1403638201.545097,13
1485,1403638201.545097,14
1485,1403638201.545097,12
1486,1403638201.595097,13
1486,1403638201.595097,22
1486,1403638201.595097,13
1486,1403638201.595097,12
1486,1403638201.595097,13
1486,1403638201.595097,13
1486,1403638201.595097,12
1486,1403638201.595097,12
1486,1403638201.595097,12
1486,1403638201.595097,12
1487,1403638201.645097,13
1487,1403638201.645097,12
1487,1403638201.645097,13
1487,1403638201.645097,12
1487,1403638201.645097,12
1487,1403638201.645097,12
1487,1403638201.645097,13
1487,1403638201.645097,13
1487,1403638201.645097,12
1487,1403638201.645097,13
1488,1403638201.695097,13
1488,1403638201.695097,12
1488,1403638201.695097,13
1488,1403638201.695097,14
1488,1403638201.695097,13
1488,1403638201.695097,12
1488,1403638201.695097,13
1488,1403638201.695097,13
1488,1403638201.695097,12
1488,1403638201.695097,12
1489,1403638201.745097,14
1489,1403638201.745097,13
1489,1403638201.745097,13
1489,1403638201.745097,13
1489,1403638201.745097,13
1489,1403638201.745097,12
1489,1403638201.745097,13
1489,1403638201.745097,13
1489,1403638201.745097,13
1489,1403638201.745097,22
1490,1403638201.795097,12
1490,1403638201.795097,12
1490,1403638201.795097,13
1490,1403638201.795097,12
1490,1403638201.795097,13
1490,1403638201.795097,12
1490,1403638201.795097,12
1490,1403638201.795097,14
1490,1403638201.795097,12
1490,1403638201.795097,22
1491,1403638201.845097,12
1491,1403638201.845097,22
1491,1403638201.845097,12
1491,1403638201.845097,12
1491,1403638201.845097,12
1491,1403638201.845097,22
1491,1403638201.845097,12
1491,1403638201.845097,13
1491,1403638201.845097,22
1491,1403638201.845097,12
1492,1403638201.895097,12
1492,1403638201.895097,13
1492,1403638201.895097,13
1492,1403638201.895097,14
1492,1403638201.895097,12
1492,1403638201.895097,22
1492,1403638201.895097,13
1492,1403638201.895097,13
1492,1403638201.895097,12
1492,1403638201.895097,12
1493,1403638201.945097,12
1493,1403638201.945097,14
1493,1403638201.945097,13
1493,1403638201.945097,12
1493,1403638201.945097,22
1493,1403638201.945097,12
1493,1403638201.945097,12
1493,1403638201.945097,12
1493,1403638201.945097,13
1493,1403638201.945097,22
1494,1403638201.995097,12
1494,1403638201.995097,22
1494,1403638201.995097,12
1494,1403638201.995097,13
1494,1403638201.995097,12
1494,1403638201.995097,13
1494,1403638201.995097,13
1494,1403638201.995097,13
1494,1403638201.995097,12
1494,1403638201.995097,13
1495,1403638202.045097,13
1495,1403638202.045097,12
1495,1403638202.045097,13
1495,1403638202.045097,12
1495,1403638202.045097,13
1495,1403638202.045097,12
1495,1403638202.045097,13
1495,1403638202.045097,22
1495,1403638202.045097,12
1495,1403638202.045097,22
1496,1403638202.095097,12
1496,1403638202.095097,12
1496,1403638202.095097,13
1496,1403638202.095097,13
1496,1403638202.095097,13
1496,1403638202.095097,12
1496,1403638202.095097,13
1496,1403638202.095097,13
1496,1403638202.095097,13
1496,1403638202.095097,12
1497,1403638202.145097,13
1497,1403638202.145097,13
1497,1403638202.145097,13
1497,1403638202.145097,22
1497,1403638202.145097,12
1497,1403638202.145097,22
1497,1403638202.145097,12
1497,1403638202.145097,13
1497,1403638202.145097,12
1497,1403638202.145097,13
1498,1403638202.195097,12
1498,1403638202.195097,13
1498,1403638202.195097,22
1498,1403638202.195097,22
1498,1403638202.195097,14
1498,1403638202.195097,12
1498,1403638202.195097,12
1498,1403638202.195097,13
1498,1403638202.195097,12
1498,1403638202.195097,12
1499,1403638202.245097,22
1499,1403638202.245097,13
1499,1403638202.245097,12
1499,1403638202.245097,22
1499,1403638202.245097,22
1499,1403638202.245097,22
1499,1403638202.245097,13
1499,1403638202.245097,13
1499,1403638202.245097,22
1499,1403638202.245097,13
1500,1403638202.295097,22
1500,1403638202.295097,13
1500,1403638202.295097,13
1500,1403638202.295097,12
1500,1403638202.295097,12
1500,1403638202.295097,22
1500,1403638202.295097,12
1500,1403638202.295097,12
1500,1403638202.295097,12
1500,1403638202.295097,13
1501,1403638202.345097,22
1501,1403638202.345097,13
1501,1403638202.345097,14
1501,1403638202.345097,12
1501,1403638202.345097,12
1501,1403638202.345097,22
1501,1403638202.345097,13
1501,1403638202.345097,22
1501,1403638202.345097,12
1501,1403638202.345097,22
1502,1403638202.395097,22
1502,1403638202.395097,12
1502,1403638202.395097,12
1502,1403638202.395097,12
1502,1403638202.395097,14
1502,1403638202.395097,12
1502,1403638202.395097,12
1502,1403638202.395097,12
1502,1403638202.395097,22
1502,1403638202.395097,12
1503,1403638202.445097,22
1503,1403638202.445097,14
1503,1403638202.445097,13
1503,1403638202.445097,14
1503,1403638202.445097,12
1503,1403638202.445097,12
1503,1403638202.445097,12
1503,1403638202.445097,13
1503,1403638202.445097,12
1503,1403638202.445097,13
1504,1403638202.495097,12
1504,1403638202.495097,12
1504,1403638202.495097,14
1504,1403638202.495097,12
1504,1403638202.495097,13
1504,1403638202.495097,12
1504,1403638202.495097,22
1504,1403638202.495097,13
1504,1403638202.495097,12
1504,1403638202.495097,12
1505,1403638202.545097,12
1505,1403638202.545097,14
1505,1403638202.545097,13
1505,1403638202.545097,15
1505,1403638202.545097,12
1505,1403638202.545097,13
1505,1403638202.545097,12
1505,1403638202.545097,13
1505,1403638202.545097,14
1505,1403638202.545097,12
1506,1403638202.595097,13
1506,1403638202.595097,22
1506,1403638202.595097,13
1506,1403638202.595097,12
1506,1403638202.595097,13
1506,1403638202.595097,12
1506,1403638202.595097,12
1506,1403638202.595097,14
1506,1403638202.595097,22
1506,1403638202.595097,13
1507,1403638202.645097,12
1507,1403638202.645097,12
1507,1403638202.645097,13
1507,1403638202.645097,13
1507,1403638202.645097,14
1507,1403638202.645097,12
1507,1403638202.645097,14
1507,1403638202.645097,12
1507,1403638202.645097,22
1507,1403638202.645097,13
1508,1403638202.695097,22
1508,1403638202.695097,12
1508,1403638202.695097,13
1508,1403638202.695097,13
1508,1403638202.695097,22
1508,1403638202.695097,12
1508,1403638202.695097,12
1508,1403638202.695097,14
1508,1403638202.695097,22
1508,1403638202.695097,13
1509,1403638202.745097,22
1509,1403638202.745097,12
1509,1403638202.745097,13
1509,1403638202.745097,12
1509,1403638202.745097,22
1509,1403638202.745097,22
1509,1403638202.745097,22
1509,1403638202.745097,22
1509,1403638202.745097,22
1509,1403638202.745097,22
1510,1403638202.795097,12
1510,1403638202.795097,12
1510,1403638202.795097,13
1510,1403638202.795097,22
1510,1403638202.795097,22
1510,1403638202.795097,12
1510,1403638202.795097,13
1510,1403638202.795097,12
1510,1403638202.795097,12
1510,1403638202.795097,22
1511,1403638202.845097,12
1511,1403638202.845097,13
1511,1403638202.845097,12
1511,1403638202.845097,22
1511,1403638202.845097,22
1511,1403638202.845097,12
1511,1403638202.845097,12
1511,1403638202.845097,14
1511,1403638202.845097,13
1511,1403638202.845097,22
1512,1403638202.895097,13
1512,1403638202.895097,14
1512,1403638202.895097,12
1512,1403638202.895097,12
1512,1403638202.895097,22
1512,1403638202.895097,13
1512,1403638202.895097,12
1512,1403638202.895097,13
1512,1403638202.895097,12
1512,1403638202.895097,12
1513,1403638202.945097,12
1513,1403638202.945097,13
1513,1403638202.945097,13
1513,1403638202.945097,14
1513,1403638202.945097,22
1513,1403638202.945097,13
1513,1403638202.945097,12
1513,1403638202.945097,12
1513,1403638202.945097,13
1513,1403638202.945097,22
1514,1403638202.995097,14
1514,1403638202.995097,12
1514,1403638202.995097,12
1514,1403638202.995097,12
1514,1403638202.995097,14
1514,1403638202.995097,14
1514,1403638202.995097,12
1514,1403638202.995097,14
1514,1403638202.995097,13
1514,1403638202.995097,13
1515,1403638203.045097,13
1515,1403638203.045097,14
1515,1403638203.045097,14
1515,1403638203.045097,14
1515,1403638203.045097,14
1515,1403638203.045097,22
1515,1403638203.045097,14
1515,1403638203.045097,14
1515,1403638203.045097,13
1515,1403638203.045097,13
1516,1403638203.095097,22
1516,1403638203.095097,13
1516,1403638203.095097,12
1516,1403638203.095097,13
1516,1403638203.095097,13
1516,1403638203.095097,12
1516,1403638203.095097,13
1516,1403638203.095097,13
1516,1403638203.095097,13
1516,1403638203.095097,13
1517,1403638203.145097,22
1517,1403638203.145097,14
1517,1403638203.145097,13
1517,1403638203.145097,13
1517,1403638203.145097,12
1517,1403638203.145097,14
1517,1403638203.145097,13
1517,1403638203.145097,12
1517,1403638203.145097,13
1517,1403638203.145097,22
1518,1403638203.195097,12
1518,1403638203.195097,13
1518,1403638203.195097,12
1518,1403638203.195097,13
1518,1403638203.195097,15
1518,1403638203.195097,14
1518,1403638203.195097,12
1518,1403638203.195097,13
1518,1403638203.195097,12
1518,1403638203.195097,22
1519,1403638203.245097,12
1519,1403638203.245097,13
1519,1403638203.245097,13
1519,1403638203.245097,14
1519,1403638203.245097,12
1519,1403638203.245097,12
1519,1403638203.245097,13
1519,1403638203.245097,15
1519,1403638203.245097,13
1519,1403638203.245097,12
1520,1403638203.295097,13
1520,1403638203.295097,13
1520,1403638203.295097,12
1520,1403638203.295097,12
1520,1403638203.295097,14
1520,1403638203.295097,12
1520,1403638203.295097,13
1520,1403638203.295097,13
1520,1403638203.295097,14
1520,1403638203.295097,14
1521,1403638203.345097,12
1521,1403638203.345097,14
1521,1403638203.345097,14
1521,1403638203.345097,13
1521,1403638203.345097,22
1521,1403638203.345097,22
1521,1403638203.345097,15
1521,1403638203.345097,13
1521,1403638203.345097,22
1521,1403638203.345097,12
1522,1403638203.395097,22
1522,1403638203.395097,12
1522,1403638203.395097,13
1522,1403638203.395097,22
1522,1403638203.395097,12
1522,1403638203.395097,12
1522,1403638203.395097,13
1522,1403638203.395097,14
1522,1403638203.395097,22
1522,1403638203.395097,13
1523,1403638203.445097,12
1523,1403638203.445097,22
1523,1403638203.445097,13
1523,1403638203.445097,22
1523,1403638203.445097,13
1523,1403638203.445097,13
1523,1403638203.445097,22
1523,1403638203.445097,22
1523,1403638203.445097,22
1523,1403638203.445097,12
1524,1403638203.495097,13
1524,1403638203.495097,13
1524,1403638203.495097,13
1524,1403638203.495097,22
1524,1403638203.495097,13
1524,1403638203.495097,13
1524,1403638203.495097,14
1524,1403638203.495097,13
1524,1403638203.495097,13
1524,1403638203.495097,12
1525,1403638203.545097,12
1525,1403638203.545097,22
1525,1403638203.545097,13
1525,1403638203.545097,22
1525,1403638203.545097,14
1525,1403638203.545097,14
1525,1403638203.545097,22
1525,1403638203.545097,13
1525,1403638203.545097,12
1525,1403638203.545097,12
1526,1403638203.595097,13
1526,1403638203.595097,22
1526,1403638203.595097,12
1526,1403638203.595097,12
1526,1403638203.595097,22
1526,1403638203.595097,12
1526,1403638203.595097,12
1526,1403638203.595097,12
1526,1403638203.595097,12
1526,1403638203.595097,12
1527,1403638203.645097,12
1527,1403638203.645097,14
1527,1403638203.645097,12
1527,1403638203.645097,14
1527,1403638203.645097,12
1527,1403638203.645097,12
1527,1403638203.645097,14
1527,1403638203.645097,14
1527,1403638203.645097,13
1527,1403638203.645097,13
1528,1403638203.695097,13
1528,1403638203.695097,22
1528,1403638203.695097,12
1528,1403638203.695097,13
1528,1403638203.695097,13
1528,1403638203.695097,12
1528,1403638203.695097,12
1528,1403638203.695097,13
1528,1403638203.695097,14
1528,1403638203.695097,14
1529,1403638203.745097,13
1529,1403638203.745097,12
1529,1403638203.745097,13
1529,1403638203.745097,13
1529,1403638203.745097,13
1529,1403638203.745097,12
1529,1403638203.745097,13
1529,1403638203.745097,12
1529,1403638203.745097,14
1529,1403638203.745097,12
1530,1403638203.795097,13
1530,1403638203.795097,12
1530,1403638203.795097,12
1530,1403638203.795097,12
1530,1403638203.795097,14
1530,1403638203.795097,15
1530,1403638203.795097,12
1530,1403638203.795097,14
1530,1403638203.795097,13
1530,1403638203.795097,12
1531,1403638203.845097,12
1531,1403638203.845097,14
1531,1403638203.845097,13
1531,1403638203.845097,12
1531,1403638203.845097,12
1531,1403638203.845097,12
1531,1403638203.845097,13
1531,1403638203.845097,13
1531,1403638203.845097,12
1531,1403638203.845097,13
1532,1403638203.895097,14
1532,1403638203.895097,13
1532,1403638203.895097,13
1532,1403638203.895097,14
1532,1403638203.895097,12
1532,1403638203.895097,12
1532,1403638203.895097,13
1532,1403638203.895097,13
1532,1403638203.895097,13
1532,1403638203.895097,13
1533,1403638203.945097,22
1533,1403638203.945097,15
1533,1403638203.945097,22
1533,1403638203.945097,12
1533,1403638203.945097,12
1533,1403638203.945097,14
1533,1403638203.945097,12
1533,1403638203.945097,12
1533,1403638203.945097,13
1533,1403638203.945097,22
1534,1403638203.995097,22
1534,1403638203.995097,12
1534,1403638203.995097,22
1534,1403638203.995097,12
1534,1403638203.995097,12
1534,1403638203.995097,12
1534,1403638203.995097,12
1534,1403638203.995097,14
1534,1403638203.995097,22
1534,1403638203.995097,22
1535,1403638204.045097,12
1535,1403638204.045097,12
1535,1403638204.045097,22
1535,1403638204.045097,13
1535,1403638204.045097,22
1535,1403638204.045097,12
1535,1403638204.045097,12
1535,1403638204.045097,12
1535,1403638204.045097,12
1535,1403638204.045097,22
1536,1403638204.095097,13
1536,1403638204.095097,12
1536,1403638204.095097,12
1536,1403638204.095097,22
1536,1403638204.095097,22
1536,1403638204.095097,13
1536,1403638204.095097,12
1536,1403638204.095097,13
1536,1403638204.095097,14
1536,1403638204.095097,22
1537,1403638204.145097,22
1537,1403638204.145097,13
1537,1403638204.145097,13
1537,1403638204.145097,12
1537,1403638204.145097,22
1537,1403638204.145097,12
1537,1403638204.145097,12
1537,1403638204.145097,12
1537,1403638204.145097,12
1537,1403638204.145097,22
1538,1403638204.195097,22
1538,1403638204.195097,22
1538,1403638204.195097,22
1538,1403638204.195097,12
1538,1403638204.195097,12
1538,1403638204.195097,15
1538,1403638204.195097,22
1538,1403638204.195097,13
1538,1403638204.195097,22
1538,1403638204.195097,12
1539,1403638204.245097,12
1539,1403638204.245097,13
1539,1403638204.245097,22
1539,1403638204.245097,12
1539,1403638204.245097,22
1539,1403638204.245097,12
1539,1403638204.245097,12
1539,1403638204.245097,12
1539,1403638204.245097,12
1539,1403638204.245097,12
1540,1403638204.295097,12
1540,1403638204.295097,14
1540,1403638204.295097,12
1540,1403638204.295097,12
1540,1403638204.295097,12
1540,1403638204.295097,12
1540,1403638204.295097,13
1540,1403638204.295097,14
1540,1403638204.295097,13
1540,1403638204.295097,13
1541,1403638204.345097,12
1541,1403638204.345097,12
1541,1403638204.345097,14
1541,1403638204.345097,22
1541,1403638204.345097,12
1541,1403638204.345097,14
1541,1403638204.345097,12
1541,1403638204.345097,12
1541,1403638204.345097,12
1541,1403638204.345097,22
1542,1403638204.395097,13
1542,1403638204.395097,22
1542,1403638204.395097,22
1542,1403638204.395097,22
1542,1403638204.395097,12
1542,1403638204.395097,12
1542,1403638204.395097,12
1542,1403638204.395097,13
1542,1403638204.395097,22
1542,1403638204.395097,12
1543,1403638204.445097,12
1543,1403638204.445097,12
1543,1403638204.445097,12
1543,1403638204.445097,22
1543,1403638204.445097,12
1543,1403638204.445097,12
1543,1403638204.445097,12
1543,1403638204.445097,13
1543,1403638204.445097,22
1543,1403638204.445097,13
1544,1403638204.495097,13
1544,1403638204.495097,12
1544,1403638204.495097,22
1544,1403638204.495097,13
1544,1403638204.495097,12
1544,1403638204.495097,22
1544,1403638204.495097,12
1544,1403638204.495097,13
1544,1403638204.495097,12
1544,1403638204.495097,13
1545,1403638204.545097,22
1545,1403638204.545097,14
1545,1403638204.545097,22
1545,1403638204.545097,14
1545,1403638204.545097,13
1545,1403638204.545097,22
1545,1403638204.545097,22
1545,1403638204.545097,22
1545,1403638204.545097,22
1545,1403638204.545097,22
1546,1403638204.595097,22
1546,1403638204.595097,22
1546,1403638204.595097,22
1546,1403638204.595097,22
1546,1403638204.595097,13
1546,1403638204.595097,22
1546,1403638204.595097,22
1546,1403638204.595097,12
1546,1403638204.595097,13
1546,1403638204.595097,22
1547,1403638204.645097,22
1547,1403638204.645097,12
1547,1403638204.645097,12
1547,1403638204.645097,22
1547,1403638204.645097,13
1547,1403638204.645097,22
1547,1403638204.645097,12
1547,1403638204.645097,13
1547,1403638204.645097,14
1547,1403638204.645097,22
1548,1403638204.695097,22
1548,1403638204.695097,12
1548,1403638204.695097,12
1548,1403638204.695097,22
1548,1403638204.695097,22
1548,1403638204.695097,22
1548,1403638204.695097,13
1548,1403638204.695097,12
1548,1403638204.695097,15
1548,1403638204.695097,22
1549,1403638204.745097,22
1549,1403638204.745097,12
1549,1403638204.745097,12
1549,1403638204.745097,22
1549,1403638204.745097,22
1549,1403638204.745097,12
1549,1403638204.745097,12
1549,1403638204.745097,12
1549,1403638204.745097,14
1549,1403638204.745097,22
1550,1403638204.795097,22
1550,1403638204.795097,12
1550,1403638204.795097,22
1550,1403638204.795097,22
1550,1403638204.795097,22
1550,1403638204.795097,12
1550,1403638204.795097,22
1550,1403638204.795097,22
1550,1403638204.795097,13
1550,1403638204.795097,22
1551,1403638204.845097,22
1551,1403638204.845097,22
1551,1403638204.845097,12
1551,1403638204.845097,22
1551,1403638204.845097,22
1551,1403638204.845097,22
1551,1403638204.845097,22
1551,1403638204.845097,22
1551,1403638204.845097,13
1551,1403638204.845097,12
1552,1403638204.895097,22
1552,1403638204.895097,22
1552,1403638204.895097,13
1552,1403638204.895097,22
1552,1403638204.895097,22
1552,1403638204.895097,12
1552,1403638204.895097,22
1552,1403638204.895097,12
1552,1403638204.895097,22
1552,1403638204.895097,12
1553,1403638204.945097,22
1553,1403638204.945097,12
1553,1403638204.945097,12
1553,1403638204.945097,12
1553,1403638204.945097,22
1553,1403638204.945097,22
1553,1403638204.945097,22
1553,1403638204.945097,22
1553,1403638204.945097,12
1553,1403638204.945097,12
1554,1403638204.995097,12
1554,1403638204.995097,13
1554,1403638204.995097,22
1554,1403638204.995097,12
1554,1403638204.995097,12
1554,1403638204.995097,14
1554,1403638204.995097,22
1554,1403638204.995097,12
1554,1403638204.995097,13
1554,1403638204.995097,13
1555,1403638205.045097,12
1555,1403638205.045097,22
1555,1403638205.045097,12
1555,1403638205.045097,13
1555,1403638205.045097,13
1555,1403638205.045097,13
1555,1403638205.045097,12
1555,1403638205.045097,13
1555,1403638205.045097,22
1555,1403638205.045097,12
1556,1403638205.095097,12
1556,1403638205.095097,22
1556,1403638205.095097,13
1556,1403638205.095097,12
1556,1403638205.095097,12
1556,1403638205.095097,13
1556,1403638205.095097,22
1556,1403638205.095097,22
1556,1403638205.095097,12
1556,1403638205.095097,13
1557,1403638205.145097,12
1557,1403638205.145097,12
1557,1403638205.145097,14
1557,1403638205.145097,12
1557,1403638205.145097,12
1557,1403638205.145097,14
1557,1403638205.145097,22
1557,1403638205.145097,14
1557,1403638205.145097,12
1557,1403638205.145097,22
1558,1403638205.195097,12
1558,1403638205.195097,13
1558,1403638205.195097,12
1558,1403638205.195097,14
1558,1403638205.195097,13
1558,1403638205.195097,13
1558,1403638205.195097,22
1558,1403638205.195097,12
1558,1403638205.195097,12
1558,1403638205.195097,22
1559,1403638205.245097,13
1559,1403638205.245097,12
1559,1403638205.245097,12
1559,1403638205.245097,12
1559,1403638205.245097,13
1559,1403638205.245097,13
1559,1403638205.245097,22
1559,1403638205.245097,14
1559,1403638205.245097,12
1559,1403638205.245097,22
1560,1403638205.295097,22
1560,1403638205.295097,12
1560,1403638205.295097,12
1560,1403638205.295097,14
1560,1403638205.295097,12
1560,1403638205.295097,22
1560,1403638205.295097,22
1560,1403638205.295097,12
1560,1403638205.295097,22
1560,1403638205.295097,22
1561,1403638205.345097,22
1561,1403638205.345097,13
1561,1403638205.345097,14
1561,1403638205.345097,14
1561,1403638205.345097,12
1561,1403638205.345097,13
1561,1403638205.345097,22
1561,1403638205.345097,12
1561,1403638205.345097,22
1561,1403638205.345097,22
1562,1403638205.395097,12
1562,1403638205.395097,12
1562,1403638205.395097,12
1562,1403638205.395097,13
1562,1403638205.395097,14
1562,1403638205.395097,14
1562,1403638205.395097,22
1562,1403638205.395097,13
1562,1403638205.395097,22
1562,1403638205.395097,22
1563,1403638205.445097,12
1563,1403638205.445097,13
1563,1403638205.445097,12
1563,1403638205.445097,15
1563,1403638205.445097,22
1563,1403638205.445097,22
1563,1403638205.445097,22
1563,1403638205.445097,14
1563,1403638205.445097,22
1563,1403638205.445097,12
1564,1403638205.495097,12
1564,1403638205.495097,22
1564,1403638205.495097,12
1564,1403638205.495097,15
1564,1403638205.495097,22
1564,1403638205.495097,12
1564,1403638205.495097,22
1564,1403638205.495097,12
1564,1403638205.495097,22
1564,1403638205.495097,12
1565,1403638205.545097,12
1565,1403638205.545097,22
1565,1403638205.545097,22
1565,1403638205.545097,14
1565,1403638205.545097,12
1565,1403638205.545097,12
1565,1403638205.545097,22
1565,1403638205.545097,12
1565,1403638205.545097,22
1565,1403638205.545097,22
1566,1403638205.595097,12
1566,1403638205.595097,22
1566,1403638205.595097,22
1566,1403638205.595097,13
1566,1403638205.595097,12
1566,1403638205.595097,13
1566,1403638205.595097,22
1566,1403638205.595097,12
1566,1403638205.595097,22
1566,1403638205.595097,22
1567,1403638205.645097,12
1567,1403638205.645097,22
1567,1403638205.645097,22
1567,1403638205.645097,22
1567,1403638205.645097,12
1567,1403638205.645097,12
1567,1403638205.645097,22
1567,1403638205.645097,12
1567,1403638205.645097,22
1567,1403638205.645097,22
1568,1403638205.695097,12
1568,1403638205.695097,12
1568,1403638205.695097,22
1568,1403638205.695097,12
1568,1403638205.695097,22
1568,1403638205.695097,22
1568,1403638205.695097,22
1568,1403638205.695097,22
1568,1403638205.695097,22
1568,1403638205.695097,22
1569,1403638205.745097,12
1569,1403638205.745097,22
1569,1403638205.745097,22
1569,1403638205.745097,22
1569,1403638205.745097,22
1569,1403638205.745097,22
1569,1403638205.745097,22
1569,1403638205.745097,22
1569,1403638205.745097,22
1569,1403638205.745097,22
1570,1403638205.795097,22
1570,1403638205.795097,12
1570,1403638205.795097,22
1570,1403638205.795097,12
1570,1403638205.795097,12
1570,1403638205.795097,22
1570,1403638205.795097,22
1570,1403638205.795097,22
1570,1403638205.795097,22
1570,1403638205.795097,22
1571,1403638205.845097,22
1571,1403638205.845097,22
1571,1403638205.845097,22
1571,1403638205.845097,12
1571,1403638205.845097,12
1571,1403638205.845097,12
1571,1403638205.845097,22
1571,1403638205.845097,22
1571,1403638205.845097,12
1571,1403638205.845097,22
1572,1403638205.895097,22
1572,1403638205.895097,22
1572,1403638205.895097,22
1572,1403638205.895097,12
1572,1403638205.895097,22
1572,1403638205.895097,22
1572,1403638205.895097,22
1572,1403638205.895097,22
1572,1403638205.895097,22
1572,1403638205.895097,22
1573,1403638205.945097,22
1573,1403638205.945097,22
1573,1403638205.945097,22
1573,1403638205.945097,12
1573,1403638205.945097,22
1573,1403638205.945097,22
1573,1403638205.945097,22
1573,1403638205.945097,22
1573,1403638205.945097,22
1573,1403638205.945097,22
1574,1403638205.995097,22
1574,1403638205.995097,22
1574,1403638205.995097,22
1574,1403638205.995097,22
1574,1403638205.995097,12
1574,1403638205.995097,22
1574,1403638205.995097,12
1574,1403638205.995097,22
1574,1403638205.995097,22
1574,1403638205.995097,22
1575,1403638206.045097,22
1575,1403638206.045097,14
1575,1403638206.045097,22
1575,1403638206.045097,22
1575,1403638206.045097,12
1575,1403638206.045097,12
1575,1403638206.045097,12
1575,1403638206.045097,22
1575,1403638206.045097,22
1575,1403638206.045097,22
1576,1403638206.095097,22
1576,1403638206.095097,12
1576,1403638206.095097,22
1576,1403638206.095097,22
1576,1403638206.095097,14
1576,1403638206.095097,12
1576,1403638206.095097,22
1576,1403638206.095097,22
1576,1403638206.095097,12
1576,1403638206.095097,22
1577,1403638206.145097,22
1577,1403638206.145097,12
1577,1403638206.145097,22
1577,1403638206.145097,22
1577,1403638206.145097,12
1577,1403638206.145097,13
1577,1403638206.145097,22
1577,1403638206.145097,22
1577,1403638206.145097,22
1577,1403638206.145097,22
1578,1403638206.195097,22
1578,1403638206.195097,14
1578,1403638206.195097,22
1578,1403638206.195097,13
1578,1403638206.195097,12
1578,1403638206.195097,22
1578,1403638206.195097,22
1578,1403638206.195097,12
1578,1403638206.195097,12
1578,1403638206.195097,22
1579,1403638206.245097,22
1579,1403638206.245097,12
1579,1403638206.245097,22
1579,1403638206.245097,12
1579,1403638206.245097,12
1579,1403638206.245097,12
1579,1403638206.245097,22
1579,1403638206.245097,13
1579,1403638206.245097,12
1579,1403638206.245097,22
1580,1403638206.295097,22
1580,1403638206.295097,13
1580,1403638206.295097,22
1580,1403638206.295097,12
1580,1403638206.295097,22
1580,1403638206.295097,12
1580,1403638206.295097,22
1580,1403638206.295097,12
1580,1403638206.295097,12
1580,1403638206.295097,12
1581,1403638206.345097,22
1581,1403638206.345097,12
1581,1403638206.345097,22
1581,1403638206.345097,12
1581,1403638206.345097,12
1581,1403638206.345097,22
1581,1403638206.345097,22
1581,1403638206.345097,12
1581,1403638206.345097,13
1581,1403638206.345097,13
1582,1403638206.395097,12
1582,1403638206.395097,22
1582,1403638206.395097,12
1582,1403638206.395097,12
1582,1403638206.395097,12
1582,1403638206.395097,12
1582,1403638206.395097,12
1582,1403638206.395097,12
1582,1403638206.395097,12
1582,1403638206.395097,12
1583,1403638206.445097,22
1583,1403638206.445097,22
1583,1403638206.445097,12
1583,1403638206.445097,12
1583,1403638206.445097,12
1583,1403638206.445097,13
1583,1403638206.445097,12
1583,1403638206.445097,13
1583,1403638206.445097,13
1583,1403638206.445097,22
1584,1403638206.495097,22
1584,1403638206.495097,22
1584,1403638206.495097,12
1584,1403638206.495097,12
1584,1403638206.495097,12
1584,1403638206.495097,14
1584,1403638206.495097,15
1584,1403638206.495097,13
1584,1403638206.495097,12
1584,1403638206.495097,22
1585,1403638206.545097,12
1585,1403638206.545097,22
1585,1403638206.545097,12
1585,1403638206.545097,12
1585,1403638206.545097,22
1585,1403638206.545097,14
1585,1403638206.545097,22
1585,1403638206.545097,13
1585,1403638206.545097,12
1585,1403638206.545097,22
1586,1403638206.595097,12
1586,1403638206.595097,22
1586,1403638206.595097,12
1586,1403638206.595097,22
1586,1403638206.595097,13
1586,1403638206.595097,12
1586,1403638206.595097,13
1586,1403638206.595097,12
1586,1403638206.595097,12
1586,1403638206.595097,22
1587,1403638206.645097,14
1587,1403638206.645097,12
1587,1403638206.645097,22
1587,1403638206.645097,22
1587,1403638206.645097,13
1587,1403638206.645097,13
1587,1403638206.645097,14
1587,1403638206.645097,12
1587,1403638206.645097,22
1587,1403638206.645097,12
1588,1403638206.695097,12
1588,1403638206.695097,13
1588,1403638206.695097,22
1588,1403638206.695097,22
1588,1403638206.695097,12
1588,1403638206.695097,22
1588,1403638206.695097,15
1588,1403638206.695097,12
1588,1403638206.695097,22
1588,1403638206.695097,12
1589,1403638206.745097,22
1589,1403638206.745097,22
1589,1403638206.745097,22
1589,1403638206.745097,12
1589,1403638206.745097,13
1589,1403638206.745097,13
1589,1403638206.745097,14
1589,1403638206.745097,12
1589,1403638206.745097,22
1589,1403638206.745097,12
1590,1403638206.795097,12
1590,1403638206.795097,22
1590,1403638206.795097,22
1590,1403638206.795097,12
1590,1403638206.795097,13
1590,1403638206.795097,12
1590,1403638206.795097,13
1590,1403638206.795097,12
1590,1403638206.795097,12
1590,1403638206.795097,22
1591,1403638206.845097,12
1591,1403638206.845097,22
1591,1403638206.845097,12
1591,1403638206.845097,12
1591,1403638206.845097,12
1591,1403638206.845097,13
1591,1403638206.845097,13
1591,1403638206.845097,12
1591,1403638206.845097,12
1591,1403638206.845097,12
1592,1403638206.895097,13
1592,1403638206.895097,22
1592,1403638206.895097,14
1592,1403638206.895097,13
1592,1403638206.895097,14
1592,1403638206.895097,14
1592,1403638206.895097,22
1592,1403638206.895097,13
1592,1403638206.895097,12
1592,1403638206.895097,13
1593,1403638206.945097,12
1593,1403638206.945097,12
1593,1403638206.945097,12
1593,1403638206.945097,12
1593,1403638206.945097,13
1593,1403638206.945097,12
1593,1403638206.945097,12
1593,1403638206.945097,12
1593,1403638206.945097,13
1593,1403638206.945097,12
1594,1403638206.995097,12
1594,1403638206.995097,22
1594,1403638206.995097,14
1594,1403638206.995097,14
1594,1403638206.995097,13
1594,1403638206.995097,22
1594,1403638206.995097,12
1594,1403638206.995097,22
1594,1403638206.995097,13
1594,1403638206.995097,12
1595,1403638207.045097,15
1595,1403638207.045097,13
1595,1403638207.045097,12
1595,1403638207.045097,13
1595,1403638207.045097,12
1595,1403638207.045097,12
1595,1403638207.045097,22
1595,1403638207.045097,12
1595,1403638207.045097,13
1595,1403638207.045097,12
1596,1403638207.095097,13
1596,1403638207.095097,13
1596,1403638207.095097,13
1596,1403638207.095097,12
1596,1403638207.095097,12
1596,1403638207.095097,14
1596,1403638207.095097,14
1596,1403638207.095097,14
1596,1403638207.095097,13
1596,1403638207.095097,22
1597,1403638207.145097,14
1597,1403638207.145097,22
1597,1403638207.145097,12
1597,1403638207.145097,12
1597,1403638207.145097,12
1597,1403638207.145097,13
1597,1403638207.145097,13
1597,1403638207.145097,22
1597,1403638207.145097,22
1597,1403638207.145097,22
1598,1403638207.195097,12
1598,1403638207.195097,12
1598,1403638207.195097,12
1598,1403638207.195097,13
1598,1403638207.195097,22
1598,1403638207.195097,22
1598,1403638207.195097,12
1598,1403638207.195097,22
1598,1403638207.195097,22
1598,1403638207.195097,22
1599,1403638207.245097,22
1599,1403638207.245097,14
1599,1403638207.245097,12
1599,1403638207.245097,13
1599,1403638207.245097,12
1599,1403638207.245097,12
1599,1403638207.245097,22
1599,1403638207.245097,22
1599,1403638207.245097,12
1599,1403638207.245097,12
1600,1403638207.295097,22
1600,1403638207.295097,13
1600,1403638207.295097,12
1600,1403638207.295097,13
1600,1403638207.295097,12
1600,1403638207.295097,14
1600,1403638207.295097,12
1600,1403638207.295097,22
1600,1403638207.295097,14
1600,1403638207.295097,12
1601,1403638207.345097,22
1601,1403638207.345097,14
1601,1403638207.345097,12
1601,1403638207.345097,12
1601,1403638207.345097,13
1601,1403638207.345097,12
1601,1403638207.345097,12
1601,1403638207.345097,12
1601,1403638207.345097,12
1601,1403638207.345097,22
1602,1403638207.395097,12
1602,1403638207.395097,12
1602,1403638207.395097,12
1602,1403638207.395097,12
1602,1403638207.395097,12
1602,1403638207.395097,12
1602,1403638207.395097,13
1602,1403638207.395097,22
1602,1403638207.395097,12
1602,1403638207.395097,12
1603,1403638207.445097,22
1603,1403638207.445097,13
1603,1403638207.445097,12
1603,1403638207.445097,13
1603,1403638207.445097,12
1603,1403638207.445097,12
1603,1403638207.445097,12
1603,1403638207.445097,13
1603,1403638207.445097,12
1603,1403638207.445097,22
1604,1403638207.495097,22
1604,1403638207.495097,13
1604,1403638207.495097,12
1604,1403638207.495097,14
1604,1403638207.495097,13
1604,1403638207.495097,12
1604,1403638207.495097,12
1604,1403638207.495097,14
1604,1403638207.495097,22
1604,1403638207.495097,14
1605,1403638207.545097,12
1605,1403638207.545097,13
1605,1403638207.545097,12
1605,1403638207.545097,12
1605,1403638207.545097,12
1605,1403638207.545097,15
1605,1403638207.545097,12
1605,1403638207.545097,22
1605,1403638207.545097,22
1605,1403638207.545097,22
1606,1403638207.595097,12
1606,1403638207.595097,14
1606,1403638207.595097,13
1606,1403638207.595097,22
1606,1403638207.595097,12
1606,1403638207.595097,12
1606,1403638207.595097,13
1606,1403638207.595097,12
1606,1403638207.595097,22
1606,1403638207.595097,12
1607,1403638207.645097,12
1607,1403638207.645097,22
1607,1403638207.645097,22
1607,1403638207.645097,22
1607,1403638207.645097,12
1607,1403638207.645097,13
1607,1403638207.645097,22
1607,1403638207.645097,12
1607,1403638207.645097,13
1607,1403638207.645097,22
1608,1403638207.695097,12
1608,1403638207.695097,22
1608,1403638207.695097,22
1608,1403638207.695097,22
1608,1403638207.695097,22
1608,1403638207.695097,12
1608,1403638207.695097,22
1608,1403638207.695097,14
1608,1403638207.695097,22
1608,1403638207.695097,13
1609,1403638207.745097,22
1609,1403638207.745097,22
1609,1403638207.745097,22
1609,1403638207.745097,12
1609,1403638207.745097,12
1609,1403638207.745097,12
1609,1403638207.745097,22
1609,1403638207.745097,12
1609,1403638207.745097,22
1609,1403638207.745097,14
1610,1403638207.795097,22
1610,1403638207.795097,22
1610,1403638207.795097,22
1610,1403638207.795097,12
1610,1403638207.795097,12
1610,1403638207.795097,12
1610,1403638207.795097,12
1610,1403638207.795097,12
1610,1403638207.795097,22
1610,1403638207.795097,22
1611,1403638207.845097,12
1611,1403638207.845097,22
1611,1403638207.845097,22
1611,1403638207.845097,22
1611,1403638207.845097,12
1611,1403638207.845097,12
1611,1403638207.845097,12
1611,1403638207.845097,13
1611,1403638207.845097,22
1611,1403638207.845097,13
1612,1403638207.895097,12
1612,1403638207.895097,22
1612,1403638207.895097,14
1612,1403638207.895097,12
1612,1403638207.895097,13
1612,1403638207.895097,12
1612,1403638207.895097,22
1612,1403638207.895097,12
1612,1403638207.895097,22
1612,1403638207.895097,13
1613,1403638207.945097,22
1613,1403638207.945097,22
1613,1403638207.945097,14
1613,1403638207.945097,12
1613,1403638207.945097,22
1613,1403638207.945097,22
1613,1403638207.945097,13
1613,1403638207.945097,12
1613,1403638207.945097,22
1613,1403638207.945097,14
1614,1403638207.995097,22
1614,1403638207.995097,22
1614,1403638207.995097,14
1614,1403638207.995097,13
1614,1403638207.995097,22
1614,1403638207.995097,22
1614,1403638207.995097,12
1614,1403638207.995097,12
1614,1403638207.995097,12
1614,1403638207.995097,14
1615,1403638208.045097,12
1615,1403638208.045097,22
1615,1403638208.045097,12
1615,1403638208.045097,13
1615,1403638208.045097,12
1615,1403638208.045097,22
1615,1403638208.045097,12
1615,1403638208.045097,22
1615,1403638208.045097,12
1615,1403638208.045097,13
1616,1403638208.095097,13
1616,1403638208.095097,13
1616,1403638208.095097,22
1616,1403638208.095097,22
1616,1403638208.095097,22
1616,1403638208.095097,22
1616,1403638208.095097,13
1616,1403638208.095097,22
1616,1403638208.095097,12
1616,1403638208.095097,13
1617,1403638208.145097,22
1617,1403638208.145097,15
1617,1403638208.145097,14
1617,1403638208.145097,22
1617,1403638208.145097,22
1617,1403638208.145097,12
1617,1403638208.145097,22
1617,1403638208.145097,12
1617,1403638208.145097,22
1617,1403638208.145097,14
1618,1403638208.195097,22
1618,1403638208.195097,14
1618,1403638208.195097,14
1618,1403638208.195097,22
1618,1403638208.195097,12
1618,1403638208.195097,12
1618,1403638208.195097,22
1618,1403638208.195097,12
1618,1403638208.195097,22
1618,1403638208.195097,13
1619,1403638208.245097,22
1619,1403638208.245097,15
1619,1403638208.245097,12
1619,1403638208.245097,12
1619,1403638208.245097,22
1619,1403638208.245097,12
1619,1403638208.245097,22
1619,1403638208.245097,12
1619,1403638208.245097,22
1619,1403638208.245097,12
1620,1403638208.295097,22
1620,1403638208.295097,14
1620,1403638208.295097,12
1620,1403638208.295097,22
1620,1403638208.295097,22
1620,1403638208.295097,12
1620,1403638208.295097,22
1620,1403638208.295097,22
1620,1403638208.295097,22
1620,1403638208.295097,12
1621,1403638208.345097,22
1621,1403638208.345097,12
1621,1403638208.345097,13
1621,1403638208.345097,22
1621,1403638208.345097,22
1621,1403638208.345097,12
1621,1403638208.345097,22
1621,1403638208.345097,22
1621,1403638208.345097,22
1621,1403638208.345097,22
1622,1403638208.395097,22
1622,1403638208.395097,15
1622,1403638208.395097,12
1622,1403638208.395097,22
1622,1403638208.395097,22
1622,1403638208.395097,12
1622,1403638208.395097,22
1622,1403638208.395097,22
1622,1403638208.395097,22
1622,1403638208.395097,22
1623,1403638208.445097,12
1623,1403638208.445097,22
1623,1403638208.445097,22
1623,1403638208.445097,22
1623,1403638208.445097,22
1623,1403638208.445097,22
1623,1403638208.445097,22
1623,1403638208.445097,12
1623,1403638208.445097,22
1623,1403638208.445097,22
1624,1403638208.495097,22
1624,1403638208.495097,14
1624,1403638208.495097,22
1624,1403638208.495097,12
1624,1403638208.495097,22
1624,1403638208.495097,22
1624,1403638208.495097,22
1624,1403638208.495097,13
1624,1403638208.495097,22
1624,1403638208.495097,13
1625,1403638208.545097,22
1625,1403638208.545097,22
1625,1403638208.545097,22
1625,1403638208.545097,22
1625,1403638208.545097,22
1625,1403638208.545097,12
1625,1403638208.545097,12
1625,1403638208.545097,22
1625,1403638208.545097,22
1625,1403638208.545097,12
1626,1403638208.595097,12
1626,1403638208.595097,22
1626,1403638208.595097,22
1626,1403638208.595097,12
1626,1403638208.595097,22
1626,1403638208.595097,22
1626,1403638208.595097,12
1626,1403638208.595097,22
1626,1403638208.595097,22
1626,1403638208.595097,12
1627,1403638208.645097,13
1627,1403638208.645097,12
1627,1403638208.645097,22
1627,1403638208.645097,22
1627,1403638208.645097,22
1627,1403638208.645097,13
1627,1403638208.645097,12
1627,1403638208.645097,22
1627,1403638208.645097,12
1627,1403638208.645097,12
1628,1403638208.695097,15
1628,1403638208.695097,13
1628,1403638208.695097,12
1628,1403638208.695097,22
1628,1403638208.695097,12
1628,1403638208.695097,22
1628,1403638208.695097,12
1628,1403638208.695097,22
1628,1403638208.695097,12
1628,1403638208.695097,12
1629,1403638208.745097,22
1629,1403638208.745097,14
1629,1403638208.745097,12
1629,1403638208.745097,22
1629,1403638208.745097,22
1629,1403638208.745097,22
1629,1403638208.745097,22
1629,1403638208.745097,22
1629,1403638208.745097,12
1629,1403638208.745097,12
1630,1403638208.795097,13
1630,1403638208.795097,22
1630,1403638208.795097,22
1630,1403638208.795097,22
1630,1403638208.795097,12
1630,1403638208.795097,22
1630,1403638208.795097,22
1630,1403638208.795097,22
1630,1403638208.795097,12
1630,1403638208.795097,12
1631,1403638208.845097,12
1631,1403638208.845097,22
1631,1403638208.845097,12
1631,1403638208.845097,22
1631,1403638208.845097,12
1631,1403638208.845097,22
1631,1403638208.845097,22
1631,1403638208.845097,22
1631,1403638208.845097,12
1631,1403638208.845097,22
1632,1403638208.895097,12
1632,1403638208.895097,22
1632,1403638208.895097,12
1632,1403638208.895097,22
1632,1403638208.895097,22
1632,1403638208.895097,22
1632,1403638208.895097,22
1632,1403638208.895097,22
1632,1403638208.895097,12
1632,1403638208.895097,12
1633,1403638208.945097,22
1633,1403638208.945097,12
1633,1403638208.945097,13
1633,1403638208.945097,12
1633,1403638208.945097,22
1633,1403638208.945097,22
1633,1403638208.945097,22
1633,1403638208.945097,12
1633,1403638208.945097,22
1633,1403638208.945097,12
1634,1403638208.995097,12
1634,1403638208.995097,12
1634,1403638208.995097,22
1634,1403638208.995097,12
1634,1403638208.995097,22
1634,1403638208.995097,12
1634,1403638208.995097,22
1634,1403638208.995097,22
1634,1403638208.995097,12
1634,1403638208.995097,12
1635,1403638209.045097,22
1635,1403638209.045097,22
1635,1403638209.045097,22
1635,1403638209.045097,12
1635,1403638209.045097,22
1635,1403638209.045097,22
1635,1403638209.045097,22
1635,1403638209.045097,12
1635,1403638209.045097,12
1635,1403638209.045097,12
1636,1403638209.095097,22
1636,1403638209.095097,13
1636,1403638209.095097,22
1636,1403638209.095097,22
1636,1403638209.095097,22
1636,1403638209.095097,22
1636,1403638209.095097,22
1636,1403638209.095097,12
1636,1403638209.095097,12
1636,1403638209.095097,22
1637,1403638209.145097,12
1637,1403638209.145097,12
1637,1403638209.145097,22
1637,1403638209.145097,12
1637,1403638209.145097,22
1637,1403638209.145097,12
1637,1403638209.145097,12
1637,1403638209.145097,22
1637,1403638209.145097,12
1637,1403638209.145097,22
1638,1403638209.195097,22
1638,1403638209.195097,22
1638,1403638209.195097,22
1638,1403638209.195097,12
1638,1403638209.195097,22
1638,1403638209.195097,22
1638,1403638209.195097,12
1638,1403638209.195097,12
1638,1403638209.195097,12
1638,1403638209.195097,22
1639,1403638209.245097,12
1639,1403638209.245097,22
1639,1403638209.245097,22
1639,1403638209.245097,12
1639,1403638209.245097,22
1639,1403638209.245097,22
1639,1403638209.245097,12
1639,1403638209.245097,12
1639,1403638209.245097,12
1639,1403638209.245097,22
1640,1403638209.295097,22
1640,1403638209.295097,12
1640,1403638209.295097,22
1640,1403638209.295097,12
1640,1403638209.295097,22
1640,1403638209.295097,22
1640,1403638209.295097,12
1640,1403638209.295097,12
1640,1403638209.295097,12
1640,1403638209.295097,22
1641,1403638209.345097,22
1641,1403638209.345097,22
1641,1403638209.345097,22
1641,1403638209.345097,22
1641,1403638209.345097,22
1641,1403638209.345097,22
1641,1403638209.345097,12
1641,1403638209.345097,22
1641,1403638209.345097,22
1641,1403638209.345097,22
1642,1403638209.395097,22
1642,1403638209.395097,12
1642,1403638209.395097,22
1642,1403638209.395097,12
1642,1403638209.395097,22
1642,1403638209.395097,22
1642,1403638209.395097,12
1642,1403638209.395097,12
1642,1403638209.395097,22
1642,1403638209.395097,13
1643,1403638209.445097,22
1643,1403638209.445097,22
1643,1403638209.445097,22
1643,1403638209.445097,22
1643,1403638209.445097,13
1643,1403638209.445097,12
1643,1403638209.445097,22
1643,1403638209.445097,13
1643,1403638209.445097,22
1643,1403638209.445097,13
1644,1403638209.495097,22
1644,1403638209.495097,22
1644,1403638209.495097,22
1644,1403638209.495097,22
1644,1403638209.495097,14
1644,1403638209.495097,12
1644,1403638209.495097,12
1644,1403638209.495097,12
1644,1403638209.495097,22
1644,1403638209.495097,14
1645,1403638209.545097,22
1645,1403638209.545097,22
1645,1403638209.545097,22
1645,1403638209.545097,22
1645,1403638209.545097,22
1645,1403638209.545097,22
1645,1403638209.545097,12
1645,1403638209.545097,12
1645,1403638209.545097,22
1645,1403638209.545097,12
1646,1403638209.595097,22
1646,1403638209.595097,22
1646,1403638209.595097,22
1646,1403638209.595097,22
1646,1403638209.595097,22
1646,1403638209.595097,22
1646,1403638209.595097,12
1646,1403638209.595097,12
1646,1403638209.595097,22
1646,1403638209.595097,12
1647,1403638209.645097,22
1647,1403638209.645097,12
1647,1403638209.645097,22
1647,1403638209.645097,22
1647,1403638209.645097,22
1647,1403638209.645097,22
1647,1403638209.645097,22
1647,1403638209.645097,22
1647,1403638209.645097,22
1647,1403638209.645097,12
1648,1403638209.695097,12
1648,1403638209.695097,22
1648,1403638209.695097,22
1648,1403638209.695097,22
1648,1403638209.695097,22
1648,1403638209.695097,22
1648,1403638209.695097,22
1648,1403638209.695097,22
1648,1403638209.695097,22
1648,1403638209.695097,12
1649,1403638209.745097,12
1649,1403638209.745097,22
1649,1403638209.745097,22
1649,1403638209.745097,22
1649,1403638209.745097,22
1649,1403638209.745097,22
1649,1403638209.745097,22
1649,1403638209.745097,22
1649,1403638209.745097,22
1649,1403638209.745097,12
1650,1403638209.795097,22
1650,1403638209.795097,22
1650,1403638209.795097,22
1650,1403638209.795097,22
1650,1403638209.795097,22
1650,1403638209.795097,22
1650,1403638209.795097,12
1650,1403638209.795097,22
1650,1403638209.795097,22
1650,1403638209.795097,22
1651,1403638209.845097,22
1651,1403638209.845097,22
1651,1403638209.845097,22
1651,1403638209.845097,22
1651,1403638209.845097,22
1651,1403638209.845097,22
1651,1403638209.845097,14
1651,1403638209.845097,22
1651,1403638209.845097,22
1651,1403638209.845097,22
1652,1403638209.895097,22
1652,1403638209.895097,22
1652,1403638209.895097,22
1652,1403638209.895097,22
1652,1403638209.895097,22
1652,1403638209.895097,22
1652,1403638209.895097,13
1652,1403638209.895097,22
1652,1403638209.895097,22
1652,1403638209.895097,22
1653,1403638209.945097,22
1653,1403638209.945097,22
1653,1403638209.945097,22
1653,1403638209.945097,22
1653,1403638209.945097,22
1653,1403638209.945097,22
1653,1403638209.945097,15
1653,1403638209.945097,22
1653,1403638209.945097,22
1653,1403638209.945097,22
1654,1403638209.995097,22
1654,1403638209.995097,22
1654,1403638209.995097,22
1654,1403638209.995097,22
1654,1403638209.995097,22
1654,1403638209.995097,22
1654,1403638209.995097,14
1654,1403638209.995097,22
1654,1403638209.995097,22
1654,1403638209.995097,12
1655,1403638210.045097,22
1655,1403638210.045097,22
1655,1403638210.045097,22
1655,1403638210.045097,22
1655,1403638210.045097,22
1655,1403638210.045097,22
1655,1403638210.045097,13
1655,1403638210.045097,22
1655,1403638210.045097,22
1655,1403638210.045097,12
1656,1403638210.095097,22
1656,1403638210.095097,22
1656,1403638210.095097,22
1656,1403638210.095097,22
1656,1403638210.095097,22
1656,1403638210.095097,22
1656,1403638210.095097,14
1656,1403638210.095097,22
1656,1403638210.095097,22
1656,1403638210.095097,12
1657,1403638210.145097,22
1657,1403638210.145097,22
1657,1403638210.145097,22
1657,1403638210.145097,12
1657,1403638210.145097,22
1657,1403638210.145097,22
1657,1403638210.145097,14
1657,1403638210.145097,22
1657,1403638210.145097,22
1657,1403638210.145097,22
1658,1403638210.195097,22
1658,1403638210.195097,22
1658,1403638210.195097,22
1658,1403638210.195097,22
1658,1403638210.195097,22
1658,1403638210.195097,22
1658,1403638210.195097,22
1658,1403638210.195097,22
1658,1403638210.195097,22
1658,1403638210.195097,22
1659,1403638210.245097,22
1659,1403638210.245097,22
1659,1403638210.245097,22
1659,1403638210.245097,12
1659,1403638210.245097,22
1659,1403638210.245097,22
1659,1403638210.245097,13
1659,1403638210.245097,22
1659,1403638210.245097,22
1659,1403638210.245097,22
1660,1403638210.295097,22
1660,1403638210.295097,22
1660,1403638210.295097,22
1660,1403638210.295097,22
1660,1403638210.295097,22
1660,1403638210.295097,22
1660,1403638210.295097,13
1660,1403638210.295097,22
1660,1403638210.295097,22
1660,1403638210.295097,22
1661,1403638210.345097,22
1661,1403638210.345097,22
1661,1403638210.345097,22
1661,1403638210.345097,22
1661,1403638210.345097,22
1661,1403638210.345097,22
1661,1403638210.345097,14
1661,1403638210.345097,22
1661,1403638210.345097,22
1661,1403638210.345097,22
1662,1403638210.395097,22
1662,1403638210.395097,13
1662,1403638210.395097,22
1662,1403638210.395097,22
1662,1403638210.395097,12
1662,1403638210.395097,22
1662,1403638210.395097,14
1662,1403638210.395097,22
1662,1403638210.395097,22
1662,1403638210.395097,22
1663,1403638210.445097,22
1663,1403638210.445097,13
1663,1403638210.445097,12
1663,1403638210.445097,22
1663,1403638210.445097,22
1663,1403638210.445097,22
1663,1403638210.445097,14
1663,1403638210.445097,22
1663,1403638210.445097,22
1663,1403638210.445097,22
1664,1403638210.495097,22
1664,1403638210.495097,22
1664,1403638210.495097,12
1664,1403638210.495097,22
1664,1403638210.495097,22
1664,1403638210.495097,22
1664,1403638210.495097,22
1664,1403638210.495097,22
1664,1403638210.495097,22
1664,1403638210.495097,22
1665,1403638210.545097,22
1665,1403638210.545097,12
1665,1403638210.545097,12
1665,1403638210.545097,22
1665,1403638210.545097,22
1665,1403638210.545097,22
1665,1403638210.545097,22
1665,1403638210.545097,22
1665,1403638210.545097,22
1665,1403638210.545097,22
1666,1403638210.595097,22
1666,1403638210.595097,14
1666,1403638210.595097,22
1666,1403638210.595097,22
1666,1403638210.595097,22
1666,1403638210.595097,22
1666,1403638210.595097,22
1666,1403638210.595097,22
1666,1403638210.595097,22
1666,1403638210.595097,22
1667,1403638210.645097,22
1667,1403638210.645097,22
1667,1403638210.645097,13
1667,1403638210.645097,22
1667,1403638210.645097,22
1667,1403638210.645097,22
1667,1403638210.645097,12
1667,1403638210.645097,22
1667,1403638210.645097,22
1667,1403638210.645097,22
1668,1403638210.695097,22
1668,1403638210.695097,12
1668,1403638210.695097,12
1668,1403638210.695097,22
1668,1403638210.695097,22
1668,1403638210.695097,22
1668,1403638210.695097,14
1668,1403638210.695097,13
1668,1403638210.695097,22
1668,1403638210.695097,22
1669,1403638210.745097,12
1669,1403638210.745097,22
1669,1403638210.745097,22
1669,1403638210.745097,22
1669,1403638210.745097,22
1669,1403638210.745097,22
1669,1403638210.745097,13
1669,1403638210.745097,15
1669,1403638210.745097,22
1669,1403638210.745097,22
1670,1403638210.795097,22
1670,1403638210.795097,22
1670,1403638210.795097,22
1670,1403638210.795097,22
1670,1403638210.795097,22
1670,1403638210.795097,22
1670,1403638210.795097,12
1670,1403638210.795097,13
1670,1403638210.795097,22
1670,1403638210.795097,22
1671,1403638210.845097,12
1671,1403638210.845097,12
1671,1403638210.845097,12
1671,1403638210.845097,22
1671,1403638210.845097,22
1671,1403638210.845097,22
1671,1403638210.845097,14
1671,1403638210.845097,14
1671,1403638210.845097,22
1671,1403638210.845097,22
1672,1403638210.895097,14
1672,1403638210.895097,14
1672,1403638210.895097,22
1672,1403638210.895097,22
1672,1403638210.895097,22
1672,1403638210.895097,22
1672,1403638210.895097,13
1672,1403638210.895097,13
1672,1403638210.895097,22
1672,1403638210.895097,22
1673,1403638210.945097,22
1673,1403638210.945097,13
1673,1403638210.945097,22
1673,1403638210.945097,22
1673,1403638210.945097,22
1673,1403638210.945097,22
1673,1403638210.945097,14
1673,1403638210.945097,13
1673,1403638210.945097,22
1673,1403638210.945097,22
1674,1403638210.995097,22
1674,1403638210.995097,14
1674,1403638210.995097,22
1674,1403638210.995097,22
1674,1403638210.995097,22
1674,1403638210.995097,22
1674,1403638210.995097,13
1674,1403638210.995097,14
1674,1403638210.995097,22
1674,1403638210.995097,22
1675,1403638211.045097,12
1675,1403638211.045097,13
1675,1403638211.045097,22
1675,1403638211.045097,22
1675,1403638211.045097,22
1675,1403638211.045097,22
1675,1403638211.045097,14
1675,1403638211.045097,12
1675,1403638211.045097,22
1675,1403638211.045097,22
1676,1403638211.095097,12
1676,1403638211.095097,12
1676,1403638211.095097,22
1676,1403638211.095097,12
1676,1403638211.095097,22
1676,1403638211.095097,22
1676,1403638211.095097,14
1676,1403638211.095097,12
1676,1403638211.095097,22
1676,1403638211.095097,22
1677,1403638211.145097,12
1677,1403638211.145097,22
1677,1403638211.145097,22
1677,1403638211.145097,14
1677,1403638211.145097,22
1677,1403638211.145097,22
1677,1403638211.145097,13
1677,1403638211.145097,13
1677,1403638211.145097,22
1677,1403638211.145097,22
1678,1403638211.195097,12
1678,1403638211.195097,13
1678,1403638211.195097,22
1678,1403638211.195097,12
1678,1403638211.195097,22
1678,1403638211.195097,22
1678,1403638211.195097,12
1678,1403638211.195097,14
1678,1403638211.195097,22
1678,1403638211.195097,22
1679,1403638211.245097,22
1679,1403638211.245097,13
1679,1403638211.245097,22
1679,1403638211.245097,14
1679,1403638211.245097,22
1679,1403638211.245097,22
1679,1403638211.245097,14
1679,1403638211.245097,22
1679,1403638211.245097,22
1679,1403638211.245097,22
1680,1403638211.295097,22
1680,1403638211.295097,12
1680,1403638211.295097,22
1680,1403638211.295097,12
1680,1403638211.295097,22
1680,1403638211.295097,22
1680,1403638211.295097,22
1680,1403638211.295097,12
1680,1403638211.295097,22
1680,1403638211.295097,22
1681,1403638211.345097,22
1681,1403638211.345097,14
1681,1403638211.345097,22
1681,1403638211.345097,22
1681,1403638211.345097,22
1681,1403638211.345097,22
1681,1403638211.345097,12
1681,1403638211.345097,13
1681,1403638211.345097,22
1681,1403638211.345097,22
1682,1403638211.395097,22
1682,1403638211.395097,13
1682,1403638211.395097,22
1682,1403638211.395097,22
1682,1403638211.395097,22
1682,1403638211.395097,22
1682,1403638211.395097,13
1682,1403638211.395097,12
1682,1403638211.395097,22
1682,1403638211.395097,22
1683,1403638211.445097,22
1683,1403638211.445097,14
1683,1403638211.445097,12
1683,1403638211.445097,12
1683,1403638211.445097,22
1683,1403638211.445097,14
1683,1403638211.445097,22
1683,1403638211.445097,13
1683,1403638211.445097,22
1683,1403638211.445097,22
1684,1403638211.495097,22
1684,1403638211.495097,13
1684,1403638211.495097,22
1684,1403638211.495097,12
1684,1403638211.495097,22
1684,1403638211.495097,12
1684,1403638211.495097,12
1684,1403638211.495097,13
1684,1403638211.495097,22
1684,1403638211.495097,22
1685,1403638211.545097,22
1685,1403638211.545097,14
1685,1403638211.545097,22
1685,1403638211.545097,12
1685,1403638211.545097,13
1685,1403638211.545097,12
1685,1403638211.545097,12
1685,1403638211.545097,13
1685,1403638211.545097,22
1685,1403638211.545097,22
1686,1403638211.595097,22
1686,1403638211.595097,13
1686,1403638211.595097,22
1686,1403638211.595097,22
1686,1403638211.595097,14
1686,1403638211.595097,22
1686,1403638211.595097,22
1686,1403638211.595097,12
1686,1403638211.595097,22
1686,1403638211.595097,22
1687,1403638211.645097,22
1687,1403638211.645097,22
1687,1403638211.645097,22
1687,1403638211.645097,22
1687,1403638211.645097,13
1687,1403638211.645097,12
1687,1403638211.645097,22
1687,1403638211.645097,12
1687,1403638211.645097,22
1687,1403638211.645097,22
1688,1403638211.695097,22
1688,1403638211.695097,12
1688,1403638211.695097,22
1688,1403638211.695097,22
1688,1403638211.695097,13
1688,1403638211.695097,12
1688,1403638211.695097,22
1688,1403638211.695097,22
1688,1403638211.695097,22
1688,1403638211.695097,22
1689,1403638211.745097,22
1689,1403638211.745097,14
1689,1403638211.745097,22
1689,1403638211.745097,12
1689,1403638211.745097,14
1689,1403638211.745097,12
1689,1403638211.745097,22
1689,1403638211.745097,22
1689,1403638211.745097,22
1689,1403638211.745097,22
1690,1403638211.795097,22
1690,1403638211.795097,22
1690,1403638211.795097,22
1690,1403638211.795097,12
1690,1403638211.795097,22
1690,1403638211.795097,12
1690,1403638211.795097,12
1690,1403638211.795097,22
1690,1403638211.795097,22
1690,1403638211.795097,22
1691,1403638211.845097,22
1691,1403638211.845097,22
1691,1403638211.845097,22
1691,1403638211.845097,22
1691,1403638211.845097,22
1691,1403638211.845097,12
1691,1403638211.845097,22
1691,1403638211.845097,13
1691,1403638211.845097,22
1691,1403638211.845097,22
1692,1403638211.895097,22
1692,1403638211.895097,22
1692,1403638211.895097,22
1692,1403638211.895097,22
1692,1403638211.895097,13
1692,1403638211.895097,22
1692,1403638211.895097,22
1692,1403638211.895097,12
1692,1403638211.895097,22
1692,1403638211.895097,22
1693,1403638211.945097,22
1693,1403638211.945097,22
1693,1403638211.945097,22
1693,1403638211.945097,22
1693,1403638211.945097,14
1693,1403638211.945097,22
1693,1403638211.945097,22
1693,1403638211.945097,22
1693,1403638211.945097,22
1693,1403638211.945097,22
1694,1403638211.995097,22
1694,1403638211.995097,22
1694,1403638211.995097,22
1694,1403638211.995097,22
1694,1403638211.995097,15
1694,1403638211.995097,22
1694,1403638211.995097,22
1694,1403638211.995097,22
1694,1403638211.995097,22
1694,1403638211.995097,22
1695,1403638212.045097,22
1695,1403638212.045097,12
1695,1403638212.045097,22
1695,1403638212.045097,12
1695,1403638212.045097,15
1695,1403638212.045097,22
1695,1403638212.045097,22
1695,1403638212.045097,22
1695,1403638212.045097,22
1695,1403638212.045097,22
1696,1403638212.095097,22
1696,1403638212.095097,22
1696,1403638212.095097,22
1696,1403638212.095097,22
1696,1403638212.095097,13
1696,1403638212.095097,22
1696,1403638212.095097,22
1696,1403638212.095097,22
1696,1403638212.095097,22
1696,1403638212.095097,22
1697,1403638212.145097,22
1697,1403638212.145097,22
1697,1403638212.145097,22
1697,1403638212.145097,22
1697,1403638212.145097,15
1697,1403638212.145097,22
1697,1403638212.145097,22
1697,1403638212.145097,22
1697,1403638212.145097,22
1697,1403638212.145097,12
1698,1403638212.195097,22
1698,1403638212.195097,22
1698,1403638212.195097,22
1698,1403638212.195097,22
1698,1403638212.195097,15
1698,1403638212.195097,22
1698,1403638212.195097,22
1698,1403638212.195097,22
1698,1403638212.195097,22
1698,1403638212.195097,12
1699,1403638212.245097,22
1699,1403638212.245097,22
1699,1403638212.245097,22
1699,1403638212.245097,22
1699,1403638212.245097,22
1699,1403638212.245097,22
1699,1403638212.245097,22
1699,1403638212.245097,22
1699,1403638212.245097,12
1699,1403638212.245097,12
1700,1403638212.295097,22
1700,1403638212.295097,22
1700,1403638212.295097,22
1700,1403638212.295097,22
1700,1403638212.295097,12
1700,1403638212.295097,22
1700,1403638212.295097,22
1700,1403638212.295097,22
1700,1403638212.295097,12
1700,1403638212.295097,12
1701,1403638212.345097,22
1701,1403638212.345097,22
1701,1403638212.345097,22
1701,1403638212.345097,22
1701,1403638212.345097,14
1701,1403638212.345097,22
1701,1403638212.345097,22
1701,1403638212.345097,22
1701,1403638212.345097,22
1701,1403638212.345097,22
1702,1403638212.395097,22
1702,1403638212.395097,22
1702,1403638212.395097,22
1702,1403638212.395097,22
1702,1403638212.395097,22
1702,1403638212.395097,22
1702,1403638212.395097,22
1702,1403638212.395097,22
1702,1403638212.395097,12
1702,1403638212.395097,22
1703,1403638212.445097,22
1703,1403638212.445097,22
1703,1403638212.445097,22
1703,1403638212.445097,22
1703,1403638212.445097,22
1703,1403638212.445097,22
1703,1403638212.445097,22
1703,1403638212.445097,22
1703,1403638212.445097,22
1703,1403638212.445097,22
1704,1403638212.495097,22
1704,1403638212.495097,22
1704,1403638212.495097,22
1704,1403638212.495097,22
1704,1403638212.495097,22
1704,1403638212.495097,22
1704,1403638212.495097,22
1704,1403638212.495097,22
1704,1403638212.495097,22
1704,1403638212.495097,22
1705,1403638212.545097,22
1705,1403638212.545097,22
1705,1403638212.545097,22
1705,1403638212.545097,22
1705,1403638212.545097,22
1705,1403638212.545097,22
1705,1403638212.545097,22
1705,1403638212.545097,22
1705,1403638212.545097,22
1705,1403638212.545097,22
1706,1403638212.595097,22
1706,1403638212.595097,22
1706,1403638212.595097,22
1706,1403638212.595097,22
1706,1403638212.595097,22
1706,1403638212.595097,22
1706,1403638212.595097,22
1706,1403638212.595097,22
1706,1403638212.595097,22
1706,1403638212.595097,22
1707,1403638212.645097,22
1707,1403638212.645097,22
1707,1403638212.645097,22
1707,1403638212.645097,22
1707,1403638212.645097,22
1707,1403638212.645097,14
1707,1403638212.645097,22
1707,1403638212.645097,22
1707,1403638212.645097,22
1707,1403638212.645097,22
1708,1403638212.695097,22
1708,1403638212.695097,22
1708,1403638212.695097,22
1708,1403638212.695097,22
1708,1403638212.695097,22
1708,1403638212.695097,22
1708,1403638212.695097,22
1708,1403638212.695097,22
1708,1403638212.695097,22
1708,1403638212.695097,22
1709,1403638212.745097,22
1709,1403638212.745097,22
1709,1403638212.745097,22
1709,1403638212.745097,22
1709,1403638212.745097,22
1709,1403638212.745097,12
1709,1403638212.745097,22
1709,1403638212.745097,22
1709,1403638212.745097,22
1709,1403638212.745097,22
1710,1403638212.795097,22
1710,1403638212.795097,22
1710,1403638212.795097,22
1710,1403638212.795097,22
1710,1403638212.795097,12
1710,1403638212.795097,12
1710,1403638212.795097,12
1710,1403638212.795097,12
1710,1403638212.795097,22
1710,1403638212.795097,22
1711,1403638212.845097,12
1711,1403638212.845097,12
1711,1403638212.845097,12
1711,1403638212.845097,22
1711,1403638212.845097,14
1711,1403638212.845097,12
1711,1403638212.845097,13
1711,1403638212.845097,14
1711,1403638212.845097,22
1711,1403638212.845097,22
1712,1403638212.895097,12
1712,1403638212.895097,12
1712,1403638212.895097,15
1712,1403638212.895097,22
1712,1403638212.895097,12
1712,1403638212.895097,12
1712,1403638212.895097,14
1712,1403638212.895097,13
1712,1403638212.895097,22
1712,1403638212.895097,22
1713,1403638212.945097,12
1713,1403638212.945097,12
1713,1403638212.945097,12
1713,1403638212.945097,22
1713,1403638212.945097,13
1713,1403638212.945097,12
1713,1403638212.945097,12
1713,1403638212.945097,12
1713,1403638212.945097,22
1713,1403638212.945097,22
1714,1403638212.995097,12
1714,1403638212.995097,13
1714,1403638212.995097,22
1714,1403638212.995097,22
1714,1403638212.995097,12
1714,1403638212.995097,12
1714,1403638212.995097,14
1714,1403638212.995097,13
1714,1403638212.995097,22
1714,1403638212.995097,22
1715,1403638213.045097,12
1715,1403638213.045097,14
1715,1403638213.045097,22
1715,1403638213.045097,22
1715,1403638213.045097,12
1715,1403638213.045097,13
1715,1403638213.045097,22
1715,1403638213.045097,12
1715,1403638213.045097,22
1715,1403638213.045097,22
1716,1403638213.095097,13
1716,1403638213.095097,15
1716,1403638213.095097,12
1716,1403638213.095097,22
1716,1403638213.095097,14
1716,1403638213.095097,22
1716,1403638213.095097,12
1716,1403638213.095097,13
1716,1403638213.095097,22
1716,1403638213.095097,22
1717,1403638213.145097,13
1717,1403638213.145097,13
1717,1403638213.145097,13
1717,1403638213.145097,12
1717,1403638213.145097,12
1717,1403638213.145097,13
1717,1403638213.145097,12
1717,1403638213.145097,14
1717,1403638213.145097,22
1717,1403638213.145097,12
1718,1403638213.195097,13
1718,1403638213.195097,22
1718,1403638213.195097,14
1718,1403638213.195097,13
1718,1403638213.195097,22
1718,1403638213.195097,12
1718,1403638213.195097,14
1718,1403638213.195097,22
1718,1403638213.195097,22
1718,1403638213.195097,14
1719,1403638213.245097,13
1719,1403638213.245097,13
1719,1403638213.245097,13
1719,1403638213.245097,14
1719,1403638213.245097,12
1719,1403638213.245097,15
1719,1403638213.245097,14
1719,1403638213.245097,22
1719,1403638213.245097,12
1719,1403638213.245097,14
1720,1403638213.295097,12
1720,1403638213.295097,22
1720,1403638213.295097,15
1720,1403638213.295097,14
1720,1403638213.295097,13
1720,1403638213.295097,13
1720,1403638213.295097,22
1720,1403638213.295097,12
1720,1403638213.295097,13
1720,1403638213.295097,22
1721,1403638213.345097,13
1721,1403638213.345097,22
1721,1403638213.345097,15
1721,1403638213.345097,12
1721,1403638213.345097,15
1721,1403638213.345097,12
1721,1403638213.345097,22
1721,1403638213.345097,14
1721,1403638213.345097,22
1721,1403638213.345097,12
1722,1403638213.395097,13
1722,1403638213.395097,13
1722,1403638213.395097,12
1722,1403638213.395097,12
1722,1403638213.395097,12
1722,1403638213.395097,13
1722,1403638213.395097,13
1722,1403638213.395097,15
1722,1403638213.395097,13
1722,1403638213.395097,12
1723,1403638213.445097,22
1723,1403638213.445097,14
1723,1403638213.445097,15
1723,1403638213.445097,15
1723,1403638213.445097,22
1723,1403638213.445097,14
1723,1403638213.445097,13
1723,1403638213.445097,12
1723,1403638213.445097,13
1723,1403638213.445097,22
1724,1403638213.495097,22
1724,1403638213.495097,22
1724,1403638213.495097,22
1724,1403638213.495097,12
1724,1403638213.495097,14
1724,1403638213.495097,14
1724,1403638213.495097,22
1724,1403638213.495097,13
1724,1403638213.495097,13
1724,1403638213.495097,22
1725,1403638213.545097,22
1725,1403638213.545097,15
1725,1403638213.545097,14
1725,1403638213.545097,22
1725,1403638213.545097,22
1725,1403638213.545097,22
1725,1403638213.545097,14
1725,1403638213.545097,12
1725,1403638213.545097,22
1725,1403638213.545097,22
1726,1403638213.595097,12
1726,1403638213.595097,22
1726,1403638213.595097,22
1726,1403638213.595097,13
1726,1403638213.595097,12
1726,1403638213.595097,22
1726,1403638213.595097,22
1726,1403638213.595097,22
1726,1403638213.595097,12
1726,1403638213.595097,22
1727,1403638213.645097,14
1727,1403638213.645097,22
1727,1403638213.645097,13
1727,1403638213.645097,12
1727,1403638213.645097,13
1727,1403638213.645097,13
1727,1403638213.645097,22
1727,1403638213.645097,12
1727,1403638213.645097,13
1727,1403638213.645097,13
1728,1403638213.695097,13
1728,1403638213.695097,12
1728,1403638213.695097,22
1728,1403638213.695097,13
1728,1403638213.695097,13
1728,1403638213.695097,14
1728,1403638213.695097,12
1728,1403638213.695097,12
1728,1403638213.695097,14
1728,1403638213.695097,12
1729,1403638213.745097,22
1729,1403638213.745097,15
1729,1403638213.745097,12
1729,1403638213.745097,14
1729,1403638213.745097,22
1729,1403638213.745097,12
1729,1403638213.745097,12
1729,1403638213.745097,13
1729,1403638213.745097,12
1729,1403638213.745097,22
1730,1403638213.795097,22
1730,1403638213.795097,12
1730,1403638213.795097,12
1730,1403638213.795097,12
1730,1403638213.795097,12
1730,1403638213.795097,12
1730,1403638213.795097,22
1730,1403638213.795097,13
1730,1403638213.795097,22
1730,1403638213.795097,12
1731,1403638213.845097,22
1731,1403638213.845097,13
1731,1403638213.845097,13
1731,1403638213.845097,14
1731,1403638213.845097,12
1731,1403638213.845097,12
1731,1403638213.845097,12
1731,1403638213.845097,13
1731,1403638213.845097,22
1731,1403638213.845097,22
1732,1403638213.895097,22
1732,1403638213.895097,12
1732,1403638213.895097,12
1732,1403638213.895097,14
1732,1403638213.895097,13
1732,1403638213.895097,12
1732,1403638213.895097,12
1732,1403638213.895097,13
1732,1403638213.895097,22
1732,1403638213.895097,12
1733,1403638213.945097,22
1733,1403638213.945097,22
1733,1403638213.945097,22
1733,1403638213.945097,22
1733,1403638213.945097,13
1733,1403638213.945097,13
1733,1403638213.945097,13
1733,1403638213.945097,13
1733,1403638213.945097,22
1733,1403638213.945097,12
1734,1403638213.995097,22
1734,1403638213.995097,22
1734,1403638213.995097,22
1734,1403638213.995097,13
1734,1403638213.995097,12
1734,1403638213.995097,22
1734,1403638213.995097,12
1734,1403638213.995097,12
1734,1403638213.995097,22
1734,1403638213.995097,22
1735,1403638214.045097,22
1735,1403638214.045097,12
1735,1403638214.045097,22
1735,1403638214.045097,13
1735,1403638214.045097,22
1735,1403638214.045097,22
1735,1403638214.045097,12
1735,1403638214.045097,22
1735,1403638214.045097,22
1735,1403638214.045097,12
1736,1403638214.095097,22
1736,1403638214.095097,12
1736,1403638214.095097,22
1736,1403638214.095097,12
1736,1403638214.095097,22
1736,1403638214.095097,22
1736,1403638214.095097,14
1736,1403638214.095097,12
1736,1403638214.095097,22
1736,1403638214.095097,12
1737,1403638214.145097,22
1737,1403638214.145097,12
1737,1403638214.145097,22
1737,1403638214.145097,13
1737,1403638214.145097,22
1737,1403638214.145097,22
1737,1403638214.145097,12
1737,1403638214.145097,12
1737,1403638214.145097,22
1737,1403638214.145097,22
1738,1403638214.195097,12
1738,1403638214.195097,12
1738,1403638214.195097,22
1738,1403638214.195097,14
1738,1403638214.195097,22
1738,1403638214.195097,12
1738,1403638214.195097,22
1738,1403638214.195097,22
1738,1403638214.195097,22
1738,1403638214.195097,12
1739,1403638214.245097,13
1739,1403638214.245097,12
1739,1403638214.245097,22
1739,1403638214.245097,12
1739,1403638214.245097,22
1739,1403638214.245097,12
1739,1403638214.245097,22
1739,1403638214.245097,12
1739,1403638214.245097,22
1739,1403638214.245097,22
1740,1403638214.295097,12
1740,1403638214.295097,13
1740,1403638214.295097,22
1740,1403638214.295097,12
1740,1403638214.295097,22
1740,1403638214.295097,12
1740,1403638214.295097,22
1740,1403638214.295097,22
1740,1403638214.295097,22
1740,1403638214.295097,12
1741,1403638214.345097,13
1741,1403638214.345097,12
1741,1403638214.345097,22
1741,1403638214.345097,12
1741,1403638214.345097,22
1741,1403638214.345097,13
1741,1403638214.345097,22
1741,1403638214.345097,12
1741,1403638214.345097,22
1741,1403638214.345097,12
1742,1403638214.395097,22
1742,1403638214.395097,22
1742,1403638214.395097,12
1742,1403638214.395097,12
1742,1403638214.395097,12
1742,1403638214.395097,12
1742,1403638214.395097,22
1742,1403638214.395097,13
1742,1403638214.395097,22
1742,1403638214.395097,22
1743,1403638214.445097,22
1743,1403638214.445097,22
1743,1403638214.445097,12
1743,1403638214.445097,13
1743,1403638214.445097,13
1743,1403638214.445097,22
1743,1403638214.445097,22
1743,1403638214.445097,12
1743,1403638214.445097,22
1743,1403638214.445097,12
1744,1403638214.495097,12
1744,1403638214.495097,22
1744,1403638214.495097,12
1744,1403638214.495097,12
1744,1403638214.495097,12
1744,1403638214.495097,12
1744,1403638214.495097,22
1744,1403638214.495097,12
1744,1403638214.495097,12
1744,1403638214.495097,12
1745,1403638214.545097,22
1745,1403638214.545097,22
1745,1403638214.545097,22
1745,1403638214.545097,22
1745,1403638214.545097,12
1745,1403638214.545097,22
1745,1403638214.545097,22
1745,1403638214.545097,22
1745,1403638214.545097,22
1745,1403638214.545097,12
1746,1403638214.595097,22
1746,1403638214.595097,22
1746,1403638214.595097,12
1746,1403638214.595097,22
1746,1403638214.595097,13
1746,1403638214.595097,22
1746,1403638214.595097,22
1746,1403638214.595097,22
1746,1403638214.595097,22
1746,1403638214.595097,12
1747,1403638214.645097,22
1747,1403638214.645097,22
1747,1403638214.645097,12
1747,1403638214.645097,22
1747,1403638214.645097,12
1747,1403638214.645097,22
1747,1403638214.645097,22
1747,1403638214.645097,22
1747,1403638214.645097,22
1747,1403638214.645097,22
1748,1403638214.695097,22
1748,1403638214.695097,22
1748,1403638214.695097,13
1748,1403638214.695097,22
1748,1403638214.695097,12
1748,1403638214.695097,22
1748,1403638214.695097,22
1748,1403638214.695097,13
1748,1403638214.695097,22
1748,1403638214.695097,22
1749,1403638214.745097,22
1749,1403638214.745097,22
1749,1403638214.745097,22
1749,1403638214.745097,22
1749,1403638214.745097,12
1749,1403638214.745097,22
1749,1403638214.745097,22
1749,1403638214.745097,22
1749,1403638214.745097,22
1749,1403638214.745097,22
1750,1403638214.795097,22
1750,1403638214.795097,22
1750,1403638214.795097,22
1750,1403638214.795097,22
1750,1403638214.795097,22
1750,1403638214.795097,22
1750,1403638214.795097,22
1750,1403638214.795097,22
1750,1403638214.795097,22
1750,1403638214.795097,22
1751,1403638214.845097,22
1751,1403638214.845097,22
1751,1403638214.845097,22
1751,1403638214.845097,22
1751,1403638214.845097,22
1751,1403638214.845097,12
1751,1403638214.845097,22
1751,1403638214.845097,22
1751,1403638214.845097,22
1751,1403638214.845097,22
1752,1403638214.895097,22
1752,1403638214.895097,22
1752,1403638214.895097,22
1752,1403638214.895097,22
1752,1403638214.895097,12
1752,1403638214.895097,13
1752,1403638214.895097,22
1752,1403638214.895097,22
1752,1403638214.895097,22
1752,1403638214.895097,22
1753,1403638214.945097,22
1753,1403638214.945097,22
1753,1403638214.945097,12
1753,1403638214.945097,22
1753,1403638214.945097,12
1753,1403638214.945097,12
1753,1403638214.945097,22
1753,1403638214.945097,22
1753,1403638214.945097,22
1753,1403638214.945097,22
1754,1403638214.995097,22
1754,1403638214.995097,22
1754,1403638214.995097,12
1754,1403638214.995097,22
1754,1403638214.995097,12
1754,1403638214.995097,12
1754,1403638214.995097,22
1754,1403638214.995097,22
1754,1403638214.995097,22
1754,1403638214.995097,22
1755,1403638215.045097,22
1755,1403638215.045097,22
1755,1403638215.045097,13
1755,1403638215.045097,22
1755,1403638215.045097,12
1755,1403638215.045097,22
1755,1403638215.045097,22
1755,1403638215.045097,22
1755,1403638215.045097,22
1755,1403638215.045097,13
1756,1403638215.095097,22
1756,1403638215.095097,22
1756,1403638215.095097,13
1756,1403638215.095097,22
1756,1403638215.095097,22
1756,1403638215.095097,22
1756,1403638215.095097,22
1756,1403638215.095097,22
1756,1403638215.095097,12
1756,1403638215.095097,22
1757,1403638215.145097,22
1757,1403638215.145097,22
1757,1403638215.145097,22
1757,1403638215.145097,22
1757,1403638215.145097,22
1757,1403638215.145097,22
1757,1403638215.145097,22
1757,1403638215.145097,22
1757,1403638215.145097,12
1757,1403638215.145097,22
1758,1403638215.195097,22
1758,1403638215.195097,22
1758,1403638215.195097,22
1758,1403638215.195097,22
1758,1403638215.195097,22
1758,1403638215.195097,22
1758,1403638215.195097,22
1758,1403638215.195097,22
1758,1403638215.195097,12
1758,1403638215.195097,22
1759,1403638215.245097,22
1759,1403638215.245097,13
1759,1403638215.245097,22
1759,1403638215.245097,22
1759,1403638215.245097,22
1759,1403638215.245097,22
1759,1403638215.245097,22
1759,1403638215.245097,22
1759,1403638215.245097,22
1759,1403638215.245097,22
1760,1403638215.295097,22
1760,1403638215.295097,12
1760,1403638215.295097,22
1760,1403638215.295097,22
1760,1403638215.295097,22
1760,1403638215.295097,22
1760,1403638215.295097,22
1760,1403638215.295097,22
1760,1403638215.295097,22
1760,1403638215.295097,22
1761,1403638215.345097,22
1761,1403638215.345097,12
1761,1403638215.345097,22
1761,1403638215.345097,22
1761,1403638215.345097,22
1761,1403638215.345097,22
1761,1403638215.345097,22
1761,1403638215.345097,22
1761,1403638215.345097,22
1761,1403638215.345097,22
1762,1403638215.395097,22
1762,1403638215.395097,12
1762,1403638215.395097,22
1762,1403638215.395097,22
1762,1403638215.395097,22
1762,1403638215.395097,22
1762,1403638215.395097,22
1762,1403638215.395097,22
1762,1403638215.395097,22
1762,1403638215.395097,22
1763,1403638215.445097,22
1763,1403638215.445097,12
1763,1403638215.445097,22
1763,1403638215.445097,22
1763,1403638215.445097,22
1763,1403638215.445097,12
1763,1403638215.445097,22
1763,1403638215.445097,22
1763,1403638215.445097,22
1763,1403638215.445097,22
1764,1403638215.495097,22
1764,1403638215.495097,22
1764,1403638215.495097,22
1764,1403638215.495097,22
1764,1403638215.495097,22
1764,1403638215.495097,12
1764,1403638215.495097,22
1764,1403638215.495097,22
1764,1403638215.495097,22
1764,1403638215.495097,22
1765,1403638215.545097,22
1765,1403638215.545097,22
1765,1403638215.545097,22
1765,1403638215.545097,22
1765,1403638215.545097,22
1765,1403638215.545097,13
1765,1403638215.545097,22
1765,1403638215.545097,22
1765,1403638215.545097,22
1765,1403638215.545097,22
1766,1403638215.595097,22
1766,1403638215.595097,22
1766,1403638215.595097,22
1766,1403638215.595097,22
1766,1403638215.595097,12
1766,1403638215.595097,12
1766,1403638215.595097,22
1766,1403638215.595097,22
1766,1403638215.595097,22
1766,1403638215.595097,22
1767,1403638215.645097,22
1767,1403638215.645097,22
1767,1403638215.645097,22
1767,1403638215.645097,22
1767,1403638215.645097,22
1767,1403638215.645097,22
1767,1403638215.645097,22
1767,1403638215.645097,22
1767,1403638215.645097,22
1767,1403638215.645097,22
1768,1403638215.695097,22
1768,1403638215.695097,22
1768,1403638215.695097,22
1768,1403638215.695097,22
1768,1403638215.695097,22
1768,1403638215.695097,22
1768,1403638215.695097,22
1768,1403638215.695097,22
1768,1403638215.695097,22
1768,1403638215.695097,22
1769,1403638215.745097,22
1769,1403638215.745097,22
1769,1403638215.745097,22
1769,1403638215.745097,22
1769,1403638215.745097,22
1769,1403638215.745097,22
1769,1403638215.745097,22
1769,1403638215.745097,22
1769,1403638215.745097,22
1769,1403638215.745097,22
1770,1403638215.795097,22
1770,1403638215.795097,22
1770,1403638215.795097,22
1770,1403638215.795097,22
1770,1403638215.795097,22
1770,1403638215.795097,22
1770,1403638215.795097,22
1770,1403638215.795097,22
1770,1403638215.795097,22
1770,1403638215.795097,22
1771,1403638215.845097,22
1771,1403638215.845097,22
1771,1403638215.845097,22
1771,1403638215.845097,22
1771,1403638215.845097,22
1771,1403638215.845097,22
1771,1403638215.845097,22
1771,1403638215.845097,22
1771,1403638215.845097,22
1771,1403638215.845097,22
1772,1403638215.895097,22
1772,1403638215.895097,22
1772,1403638215.895097,22
1772,1403638215.895097,22
1772,1403638215.895097,22
1772,1403638215.895097,12
1772,1403638215.895097,22
1772,1403638215.895097,22
1772,1403638215.895097,22
1772,1403638215.895097,22
1773,1403638215.945097,22
1773,1403638215.945097,12
1773,1403638215.945097,22
1773,1403638215.945097,22
1773,1403638215.945097,22
1773,1403638215.945097,22
1773,1403638215.945097,22
1773,1403638215.945097,22
1773,1403638215.945097,22
1773,1403638215.945097,22
1774,1403638215.995097,22
1774,1403638215.995097,13
1774,1403638215.995097,22
1774,1403638215.995097,22
1774,1403638215.995097,22
1774,1403638215.995097,22
1774,1403638215.995097,12
1774,1403638215.995097,22
1774,1403638215.995097,22
1774,1403638215.995097,22
1775,1403638216.045097,22
1775,1403638216.045097,22
1775,1403638216.045097,12
1775,1403638216.045097,22
1775,1403638216.045097,22
1775,1403638216.045097,22
1775,1403638216.045097,12
1775,1403638216.045097,22
1775,1403638216.045097,12
1775,1403638216.045097,22
1776,1403638216.095097,22
1776,1403638216.095097,22
1776,1403638216.095097,22
1776,1403638216.095097,22
1776,1403638216.095097,22
1776,1403638216.095097,22
1776,1403638216.095097,12
1776,1403638216.095097,22
1776,1403638216.095097,12
1776,1403638216.095097,22
1777,1403638216.145097,22
1777,1403638216.145097,22
1777,1403638216.145097,12
1777,1403638216.145097,22
1777,1403638216.145097,22
1777,1403638216.145097,22
1777,1403638216.145097,22
1777,1403638216.145097,22
1777,1403638216.145097,12
1777,1403638216.145097,22
1778,1403638216.195097,22
1778,1403638216.195097,22
1778,1403638216.195097,22
1778,1403638216.195097,22
1778,1403638216.195097,22
1778,1403638216.195097,22
1778,1403638216.195097,22
1778,1403638216.195097,22
1778,1403638216.195097,22
1778,1403638216.195097,22
1779,1403638216.245097,22
1779,1403638216.245097,22
1779,1403638216.245097,22
1779,1403638216.245097,22
1779,1403638216.245097,22
1779,1403638216.245097,22
1779,1403638216.245097,22
1779,1403638216.245097,22
1779,1403638216.245097,22
1779,1403638216.245097,22
1780,1403638216.295097,22
1780,1403638216.295097,22
1780,1403638216.295097,22
1780,1403638216.295097,22
1780,1403638216.295097,22
1780,1403638216.295097,22
1780,1403638216.295097,22
1780,1403638216.295097,22
1780,1403638216.295097,22
1780,1403638216.295097,22
1781,1403638216.345097,22
1781,1403638216.345097,22
1781,1403638216.345097,22
1781,1403638216.345097,22
1781,1403638216.345097,22
1781,1403638216.345097,22
1781,1403638216.345097,22
1781,1403638216.345097,22
1781,1403638216.345097,22
1781,1403638216.345097,22
1782,1403638216.395097,22
1782,1403638216.395097,22
1782,1403638216.395097,22
1782,1403638216.395097,22
1782,1403638216.395097,22
1782,1403638216.395097,22
1782,1403638216.395097,22
1782,1403638216.395097,22
1782,1403638216.395097,22
1782,1403638216.395097,22
1783,1403638216.445097,22
1783,1403638216.445097,22
1783,1403638216.445097,22
1783,1403638216.445097,22
1783,1403638216.445097,22
1783,1403638216.445097,22
1783,1403638216.445097,22
1783,1403638216.445097,22
1783,1403638216.445097,22
1783,1403638216.445097,22
1784,1403638216.495097,22
1784,1403638216.495097,22
1784,1403638216.495097,22
1784,1403638216.495097,22
1784,1403638216.495097,22
1784,1403638216.495097,22
1784,1403638216.495097,22
1784,1403638216.495097,22
1784,1403638216.495097,22
1784,1403638216.495097,22
1785,1403638216.545097,22
1785,1403638216.545097,22
1785,1403638216.545097,22
1785,1403638216.545097,22
1785,1403638216.545097,22
1785,1403638216.545097,22
1785,1403638216.545097,22
1785,1403638216.545097,22
1785,1403638216.545097,22
1785,1403638216.545097,22
1786,1403638216.595097,22
1786,1403638216.595097,22
1786,1403638216.595097,22
1786,1403638216.595097,22
1786,1403638216.595097,22
1786,1403638216.595097,22
1786,1403638216.595097,22
1786,1403638216.595097,15
1786,1403638216.595097,22
1786,1403638216.595097,22
1787,1403638216.645097,22
1787,1403638216.645097,22
1787,1403638216.645097,22
1787,1403638216.645097,22
1787,1403638216.645097,22
1787,1403638216.645097,22
1787,1403638216.645097,22
1787,1403638216.645097,22
1787,1403638216.645097,22
1787,1403638216.645097,22
1788,1403638216.695097,22
1788,1403638216.695097,22
1788,1403638216.695097,22
1788,1403638216.695097,22
1788,1403638216.695097,22
1788,1403638216.695097,22
1788,1403638216.695097,22
1788,1403638216.695097,22
1788,1403638216.695097,22
1788,1403638216.695097,22
1789,1403638216.745097,22
1789,1403638216.745097,22
1789,1403638216.745097,22
1789,1403638216.745097,22
1789,1403638216.745097,22
1789,1403638216.745097,22
1789,1403638216.745097,22
1789,1403638216.745097,11
1789,1403638216.745097,22
1789,1403638216.745097,22
1790,1403638216.795097,22
1790,1403638216.795097,22
1790,1403638216.795097,22
1790,1403638216.795097,22
1790,1403638216.795097,22
1790,1403638216.795097,22
1790,1403638216.795097,22
1790,1403638216.795097,22
1790,1403638216.795097,22
1790,1403638216.795097,22
1791,1403638216.845097,22
1791,1403638216.845097,22
1791,1403638216.845097,22
1791,1403638216.845097,22
1791,1403638216.845097,22
1791,1403638216.845097,22
1791,1403638216.845097,22
1791,1403638216.845097,22
1791,1403638216.845097,22
1791,1403638216.845097,22
1792,1403638216.895097,22
1792,1403638216.895097,22
1792,1403638216.895097,22
1792,1403638216.895097,22
1792,1403638216.895097,22
1792,1403638216.895097,22
1792,1403638216.895097,14
1792,1403638216.895097,22
1792,1403638216.895097,22
1792,1403638216.895097,22
1793,1403638216.945097,22
1793,1403638216.945097,22
1793,1403638216.945097,22
1793,1403638216.945097,22
1793,1403638216.945097,22
1793,1403638216.945097,22
1793,1403638216.945097,22
1793,1403638216.945097,22
1793,1403638216.945097,22
1793,1403638216.945097,22
1794,1403638216.995097,22
1794,1403638216.995097,22
1794,1403638216.995097,22
1794,1403638216.995097,22
1794,1403638216.995097,22
1794,1403638216.995097,22
1794,1403638216.995097,22
1794,1403638216.995097,22
1794,1403638216.995097,22
1794,1403638216.995097,22
1795,1403638217.045097,22
1795,1403638217.045097,22
1795,1403638217.045097,22
1795,1403638217.045097,22
1795,1403638217.045097,22
1795,1403638217.045097,22
1795,1403638217.045097,22
1795,1403638217.045097,22
1795,1403638217.045097,22
1795,1403638217.045097,22
1796,1403638217.095097,22
1796,1403638217.095097,22
1796,1403638217.095097,14
1796,1403638217.095097,22
1796,1403638217.095097,22
1796,1403638217.095097,22
1796,1403638217.095097,22
1796,1403638217.095097,22
1796,1403638217.095097,22
1796,1403638217.095097,22
1797,1403638217.145097,22
1797,1403638217.145097,22
1797,1403638217.145097,22
1797,1403638217.145097,22
1797,1403638217.145097,22
1797,1403638217.145097,22
1797,1403638217.145097,22
1797,1403638217.145097,22
1797,1403638217.145097,22
1797,1403638217.145097,22
1798,1403638217.195097,22
1798,1403638217.195097,22
1798,1403638217.195097,12
1798,1403638217.195097,22
1798,1403638217.195097,22
1798,1403638217.195097,22
1798,1403638217.195097,22
1798,1403638217.195097,22
1798,1403638217.195097,22
1798,1403638217.195097,22
1799,1403638217.245097,22
1799,1403638217.245097,22
1799,1403638217.245097,22
1799,1403638217.245097,22
1799,1403638217.245097,22
1799,1403638217.245097,22
1799,1403638217.245097,22
1799,1403638217.245097,22
1799,1403638217.245097,22
1799,1403638217.245097,22
1800,1403638217.295097,22
1800,1403638217.295097,22
1800,1403638217.295097,22
1800,1403638217.295097,22
1800,1403638217.295097,22
1800,1403638217.295097,22
1800,1403638217.295097,22
1800,1403638217.295097,22
1800,1403638217.295097,22
1800,1403638217.295097,22
1801,1403638217.345097,22
1801,1403638217.345097,22
1801,1403638217.345097,22
1801,1403638217.345097,22
1801,1403638217.345097,22
1801,1403638217.345097,22
1801,1403638217.345097,22
1801,1403638217.345097,22
1801,1403638217.345097,22
1801,1403638217.345097,22
1802,1403638217.395097,22
1802,1403638217.395097,22
1802,1403638217.395097,22
1802,1403638217.395097,22
1802,1403638217.395097,22
1802,1403638217.395097,22
1802,1403638217.395097,22
1802,1403638217.395097,22
1802,1403638217.395097,14
1802,1403638217.395097,22
1803,1403638217.445097,22
1803,1403638217.445097,22
1803,1403638217.445097,22
1803,1403638217.445097,22
1803,1403638217.445097,22
1803,1403638217.445097,22
1803,1403638217.445097,22
1803,1403638217.445097,22
1803,1403638217.445097,22
1803,1403638217.445097,22
1804,1403638217.495097,22
1804,1403638217.495097,22
1804,1403638217.495097,22
1804,1403638217.495097,22
1804,1403638217.495097,22
1804,1403638217.495097,22
1804,1403638217.495097,22
1804,1403638217.495097,22
1804,1403638217.495097,22
1804,1403638217.495097,22
1805,1403638217.545097,22
1805,1403638217.545097,22
1805,1403638217.545097,22
1805,1403638217.545097,22
1805,1403638217.545097,22
1805,1403638217.545097,22
1805,1403638217.545097,22
1805,1403638217.545097,22
1805,1403638217.545097,22
1805,1403638217.545097,22
1806,1403638217.595097,12
1806,1403638217.595097,22
1806,1403638217.595097,22
1806,1403638217.595097,22
1806,1403638217.595097,22
1806,1403638217.595097,22
1806,1403638217.595097,22
1806,1403638217.595097,22
1806,1403638217.595097,22
1806,1403638217.595097,22
1807,1403638217.645097,22
1807,1403638217.645097,22
1807,1403638217.645097,22
1807,1403638217.645097,14
1807,1403638217.645097,22
1807,1403638217.645097,22
1807,1403638217.645097,22
1807,1403638217.645097,22
1807,1403638217.645097,22
1807,1403638217.645097,22
1808,1403638217.695097,12
1808,1403638217.695097,22
1808,1403638217.695097,22
1808,1403638217.695097,12
1808,1403638217.695097,22
1808,1403638217.695097,10
1808,1403638217.695097,22
1808,1403638217.695097,22
1808,1403638217.695097,22
1808,1403638217.695097,22
1809,1403638217.745097,22
1809,1403638217.745097,22
1809,1403638217.745097,22
1809,1403638217.745097,22
1809,1403638217.745097,22
1809,1403638217.745097,22
1809,1403638217.745097,22
1809,1403638217.745097,22
1809,1403638217.745097,22
1809,1403638217.745097,22
1810,1403638217.795097,22
1810,1403638217.795097,22
1810,1403638217.795097,22
1810,1403638217.795097,22
1810,1403638217.795097,22
1810,1403638217.795097,14
1810,1403638217.795097,22
1810,1403638217.795097,22
1810,1403638217.795097,22
1810,1403638217.795097,22
1811,1403638217.845097,22
1811,1403638217.845097,22
1811,1403638217.845097,22
1811,1403638217.845097,22
1811,1403638217.845097,22
1811,1403638217.845097,22
1811,1403638217.845097,22
1811,1403638217.845097,22
1811,1403638217.845097,13
1811,1403638217.845097,22
1812,1403638217.895097,22
1812,1403638217.895097,22
1812,1403638217.895097,22
1812,1403638217.895097,22
1812,1403638217.895097,22
1812,1403638217.895097,13
1812,1403638217.895097,22
1812,1403638217.895097,22
1812,1403638217.895097,22
1812,1403638217.895097,22
1813,1403638217.945097,22
1813,1403638217.945097,22
1813,1403638217.945097,22
1813,1403638217.945097,22
1813,1403638217.945097,22
1813,1403638217.945097,22
1813,1403638217.945097,22
1813,1403638217.945097,22
1813,1403638217.945097,9
1813,1403638217.945097,22
1814,1403638217.995097,22
1814,1403638217.995097,22
1814,1403638217.995097,22
1814,1403638217.995097,22
1814,1403638217.995097,22
1814,1403638217.995097,13
1814,1403638217.995097,22
1814,1403638217.995097,22
1814,1403638217.995097,22
1814,1403638217.995097,22
1815,1403638218.045097,22
1815,1403638218.045097,22
1815,1403638218.045097,15
1815,1403638218.045097,15
1815,1403638218.045097,22
1815,1403638218.045097,22
1815,1403638218.045097,22
1815,1403638218.045097,22
1815,1403638218.045097,22
1815,1403638218.045097,22
1816,1403638218.095097,14
1816,1403638218.095097,22
1816,1403638218.095097,22
1816,1403638218.095097,15
1816,1403638218.095097,12
1816,1403638218.095097,15
1816,1403638218.095097,22
1816,1403638218.095097,22
1816,1403638218.095097,22
1816,1403638218.095097,22
1817,1403638218.145097,22
1817,1403638218.145097,22
1817,1403638218.145097,22
1817,1403638218.145097,22
1817,1403638218.145097,22
1817,1403638218.145097,22
1817,1403638218.145097,22
1817,1403638218.145097,22
1817,1403638218.145097,22
1817,1403638218.145097,22
1818,1403638218.195097,22
1818,1403638218.195097,22
1818,1403638218.195097,22
1818,1403638218.195097,10
1818,1403638218.195097,14
1818,1403638218.195097,22
1818,1403638218.195097,22
1818,1403638218.195097,14
1818,1403638218.195097,22
1818,1403638218.195097,22
1819,1403638218.245097,22
1819,1403638218.245097,22
1819,1403638218.245097,14
1819,1403638218.245097,22
1819,1403638218.245097,22
1819,1403638218.245097,22
1819,1403638218.245097,22
1819,1403638218.245097,22
1819,1403638218.245097,11
1819,1403638218.245097,22
1820,1403638218.295097,22
1820,1403638218.295097,22
1820,1403638218.295097,22
1820,1403638218.295097,22
1820,1403638218.295097,22
1820,1403638218.295097,22
1820,1403638218.295097,22
1820,1403638218.295097,22
1820,1403638218.295097,22
1820,1403638218.295097,22
1821,1403638218.345097,22
1821,1403638218.345097,22
1821,1403638218.345097,22
1821,1403638218.345097,22
1821,1403638218.345097,22
1821,1403638218.345097,22
1821,1403638218.345097,22
1821,1403638218.345097,22
1821,1403638218.345097,22
1821,1403638218.345097,22
1822,1403638218.395097,22
1822,1403638218.395097,22
1822,1403638218.395097,22
1822,1403638218.395097,22
1822,1403638218.395097,22
1822,1403638218.395097,22
1822,1403638218.395097,22
1822,1403638218.395097,22
1822,1403638218.395097,14
1822,1403638218.395097,22
1823,1403638218.445097,22
1823,1403638218.445097,22
1823,1403638218.445097,22
1823,1403638218.445097,22
1823,1403638218.445097,22
1823,1403638218.445097,22
1823,1403638218.445097,22
1823,1403638218.445097,22
1823,1403638218.445097,22
1823,1403638218.445097,22
1824,1403638218.495097,22
1824,1403638218.495097,22
1824,1403638218.495097,22
1824,1403638218.495097,22
1824,1403638218.495097,22
1824,1403638218.495097,22
1824,1403638218.495097,22
1824,1403638218.495097,22
1824,1403638218.495097,22
1824,1403638218.495097,22
1825,1403638218.545097,22
1825,1403638218.545097,22
1825,1403638218.545097,22
1825,1403638218.545097,22
1825,1403638218.545097,22
1825,1403638218.545097,22
1825,1403638218.545097,22
1825,1403638218.545097,15
1825,1403638218.545097,14
1825,1403638218.545097,22
1826,1403638218.595097,22
1826,1403638218.595097,22
1826,1403638218.595097,22
1826,1403638218.595097,22
1826,1403638218.595097,22
1826,1403638218.595097,22
1826,1403638218.595097,22
1826,1403638218.595097,11
1826,1403638218.595097,22
1826,1403638218.595097,22
1827,1403638218.645097,22
1827,1403638218.645097,22
1827,1403638218.645097,22
1827,1403638218.645097,22
1827,1403638218.645097,22
1827,1403638218.645097,22
1827,1403638218.645097,22
1827,1403638218.645097,22
1827,1403638218.645097,14
1827,1403638218.645097,22
1828,1403638218.695097,22
1828,1403638218.695097,22
1828,1403638218.695097,22
1828,1403638218.695097,22
1828,1403638218.695097,22
1828,1403638218.695097,12
1828,1403638218.695097,22
1828,1403638218.695097,14
1828,1403638218.695097,22
1828,1403638218.695097,12
1829,1403638218.745097,22
1829,1403638218.745097,13
1829,1403638218.745097,22
1829,1403638218.745097,22
1829,1403638218.745097,22
1829,1403638218.745097,22
1829,1403638218.745097,15
1829,1403638218.745097,22
1829,1403638218.745097,14
1829,1403638218.745097,22
1830,1403638218.795097,22
1830,1403638218.795097,22
1830,1403638218.795097,22
1830,1403638218.795097,22
1830,1403638218.795097,22
1830,1403638218.795097,14
1830,1403638218.795097,22
1830,1403638218.795097,22
1830,1403638218.795097,22
1830,1403638218.795097,22
1831,1403638218.845097,22
1831,1403638218.845097,22
1831,1403638218.845097,22
1831,1403638218.845097,22
1831,1403638218.845097,22
1831,1403638218.845097,22
1831,1403638218.845097,14
1831,1403638218.845097,22
1831,1403638218.845097,22
1831,1403638218.845097,22
1832,1403638218.895097,22
1832,1403638218.895097,22
1832,1403638218.895097,22
1832,1403638218.895097,22
1832,1403638218.895097,14
1832,1403638218.895097,22
1832,1403638218.895097,22
1832,1403638218.895097,15
1832,1403638218.895097,22
1832,1403638218.895097,22
1833,1403638218.945097,22
1833,1403638218.945097,22
1833,1403638218.945097,22
1833,1403638218.945097,22
1833,1403638218.945097,22
1833,1403638218.945097,22
1833,1403638218.945097,22
1833,1403638218.945097,22
1833,1403638218.945097,22
1833,1403638218.945097,22
1834,1403638218.995097,22
1834,1403638218.995097,22
1834,1403638218.995097,15
1834,1403638218.995097,22
1834,1403638218.995097,22
1834,1403638218.995097,22
1834,1403638218.995097,14
1834,1403638218.995097,22
1834,1403638218.995097,22
1834,1403638218.995097,22
1835,1403638219.045097,22
1835,1403638219.045097,15
1835,1403638219.045097,14
1835,1403638219.045097,22
1835,1403638219.045097,22
1835,1403638219.045097,22
1835,1403638219.045097,22
1835,1403638219.045097,22
1835,1403638219.045097,22
1835,1403638219.045097,22
1836,1403638219.095097,22
1836,1403638219.095097,22
1836,1403638219.095097,22
1836,1403638219.095097,22
1836,1403638219.095097,22
1836,1403638219.095097,22
1836,1403638219.095097,22
1836,1403638219.095097,22
1836,1403638219.095097,22
1836,1403638219.095097,22
1837,1403638219.145097,22
1837,1403638219.145097,10
1837,1403638219.145097,22
1837,1403638219.145097,22
1837,1403638219.145097,22
1837,1403638219.145097,12
1837,1403638219.145097,13
1837,1403638219.145097,22
1837,1403638219.145097,22
1837,1403638219.145097,22
1838,1403638219.195097,22
1838,1403638219.195097,22
1838,1403638219.195097,22
1838,1403638219.195097,22
1838,1403638219.195097,12
1838,1403638219.195097,22
1838,1403638219.195097,22
1838,1403638219.195097,22
1838,1403638219.195097,22
1838,1403638219.195097,22
1839,1403638219.245097,22
1839,1403638219.245097,22
1839,1403638219.245097,22
1839,1403638219.245097,22
1839,1403638219.245097,22
1839,1403638219.245097,22
1839,1403638219.245097,15
1839,1403638219.245097,22
1839,1403638219.245097,22
1839,1403638219.245097,22
1840,1403638219.295097,22
1840,1403638219.295097,11
1840,1403638219.295097,14
1840,1403638219.295097,22
1840,1403638219.295097,13
1840,1403638219.295097,22
1840,1403638219.295097,22
1840,1403638219.295097,22
1840,1403638219.295097,22
1840,1403638219.295097,22
1841,1403638219.345097,22
1841,1403638219.345097,22
1841,1403638219.345097,22
1841,1403638219.345097,13
1841,1403638219.345097,22
1841,1403638219.345097,22
1841,1403638219.345097,22
1841,1403638219.345097,22
1841,1403638219.345097,22
1841,1403638219.345097,22
1842,1403638219.395097,10
1842,1403638219.395097,22
1842,1403638219.395097,22
1842,1403638219.395097,22
1842,1403638219.395097,22
1842,1403638219.395097,22
1842,1403638219.395097,22
1842,1403638219.395097,22
1842,1403638219.395097,22
1842,1403638219.395097,22
1843,1403638219.445097,22
1843,1403638219.445097,22
1843,1403638219.445097,22
1843,1403638219.445097,22
1843,1403638219.445097,22
1843,1403638219.445097,22
1843,1403638219.445097,14
1843,1403638219.445097,22
1843,1403638219.445097,22
1843,1403638219.445097,22
1844,1403638219.495097,14
1844,1403638219.495097,22
1844,1403638219.495097,22
1844,1403638219.495097,22
1844,1403638219.495097,22
1844,1403638219.495097,22
1844,1403638219.495097,22
1844,1403638219.495097,22
1844,1403638219.495097,22
1844,1403638219.495097,22
1845,1403638219.545097,22
1845,1403638219.545097,8
1845,1403638219.545097,22
1845,1403638219.545097,22
1845,1403638219.545097,22
1845,1403638219.545097,22
1845,1403638219.545097,22
1845,1403638219.545097,22
1845,1403638219.545097,22
1845,1403638219.545097,13
1846,1403638219.595097,22
1846,1403638219.595097,22
1846,1403638219.595097,22
1846,1403638219.595097,22
1846,1403638219.595097,22
1846,1403638219.595097,22
1846,1403638219.595097,22
1846,1403638219.595097,22
1846,1403638219.595097,22
1846,1403638219.595097,22
1847,1403638219.645097,22
1847,1403638219.645097,22
1847,1403638219.645097,14
1847,1403638219.645097,22
1847,1403638219.645097,14
1847,1403638219.645097,15
1847,1403638219.645097,22
1847,1403638219.645097,22
1847,1403638219.645097,14
1847,1403638219.645097,22
1848,1403638219.695097,22
1848,1403638219.695097,22
1848,1403638219.695097,22
1848,1403638219.695097,14
1848,1403638219.695097,22
1848,1403638219.695097,14
1848,1403638219.695097,22
1848,1403638219.695097,22
1848,1403638219.695097,22
1848,1403638219.695097,22
1849,1403638219.745097,22
1849,1403638219.745097,22
1849,1403638219.745097,22
1849,1403638219.745097,22
1849,1403638219.745097,22
1849,1403638219.745097,22
1849,1403638219.745097,15
1849,1403638219.745097,14
1849,1403638219.745097,22
1849,1403638219.745097,22
1850,1403638219.795097,12
1850,1403638219.795097,22
1850,1403638219.795097,22
1850,1403638219.795097,22
1850,1403638219.795097,22
1850,1403638219.795097,22
1850,1403638219.795097,22
1850,1403638219.795097,22
1850,1403638219.795097,22
1850,1403638219.795097,12
1851,1403638219.845097,14
1851,1403638219.845097,14
1851,1403638219.845097,22
1851,1403638219.845097,14
1851,1403638219.845097,22
1851,1403638219.845097,22
1851,1403638219.845097,13
1851,1403638219.845097,12
1851,1403638219.845097,13
1851,1403638219.845097,22
1852,1403638219.895097,22
1852,1403638219.895097,22
1852,1403638219.895097,22
1852,1403638219.895097,22
1852,1403638219.895097,22
1852,1403638219.895097,22
1852,1403638219.895097,22
1852,1403638219.895097,22
1852,1403638219.895097,22
1852,1403638219.895097,22
1853,1403638219.945097,22
1853,1403638219.945097,22
1853,1403638219.945097,22
1853,1403638219.945097,22
1853,1403638219.945097,12
1853,1403638219.945097,15
1853,1403638219.945097,22
1853,1403638219.945097,22
1853,1403638219.945097,12
1853,1403638219.945097,10
1854,1403638219.995097,22
1854,1403638219.995097,22
1854,1403638219.995097,22
1854,1403638219.995097,22
1854,1403638219.995097,22
1854,1403638219.995097,22
1854,1403638219.995097,22
1854,1403638219.995097,22
1854,1403638219.995097,22
1854,1403638219.995097,22
1855,1403638220.045097,11
1855,1403638220.045097,22
1855,1403638220.045097,22
1855,1403638220.045097,22
1855,1403638220.045097,14
1855,1403638220.045097,22
1855,1403638220.045097,22
1855,1403638220.045097,22
1855,1403638220.045097,22
1855,1403638220.045097,22
1856,1403638220.095097,22
1856,1403638220.095097,22
1856,1403638220.095097,22
1856,1403638220.095097,22
1856,1403638220.095097,9
1856,1403638220.095097,22
1856,1403638220.095097,22
1856,1403638220.095097,22
1856,1403638220.095097,22
1856,1403638220.095097,15
1857,1403638220.145097,22
1857,1403638220.145097,22
1857,1403638220.145097,22
1857,1403638220.145097,22
1857,1403638220.145097,22
1857,1403638220.145097,15
1857,1403638220.145097,22
1857,1403638220.145097,22
1857,1403638220.145097,22
1857,1403638220.145097,22
1858,1403638220.195097,13
1858,1403638220.195097,12
1858,1403638220.195097,22
1858,1403638220.195097,22
1858,1403638220.195097,22
1858,1403638220.195097,22
1858,1403638220.195097,22
1858,1403638220.195097,22
1858,1403638220.195097,22
1858,1403638220.195097,14
1859,1403638220.245097,12
1859,1403638220.245097,22
1859,1403638220.245097,22
1859,1403638220.245097,22
1859,1403638220.245097,22
1859,1403638220.245097,22
1859,1403638220.245097,22
1859,1403638220.245097,22
1859,1403638220.245097,22
1859,1403638220.245097,22
1860,1403638220.295097,22
1860,1403638220.295097,22
1860,1403638220.295097,22
1860,1403638220.295097,22
1860,1403638220.295097,13
1860,1403638220.295097,22
1860,1403638220.295097,22
1860,1403638220.295097,22
1860,1403638220.295097,22
1860,1403638220.295097,13
1861,1403638220.345097,22
1861,1403638220.345097,22
1861,1403638220.345097,22
1861,1403638220.345097,22
1861,1403638220.345097,22
1861,1403638220.345097,22
1861,1403638220.345097,22
1861,1403638220.345097,22
1861,1403638220.345097,22
1861,1403638220.345097,22
1862,1403638220.395097,22
1862,1403638220.395097,22
1862,1403638220.395097,22
1862,1403638220.395097,14
1862,1403638220.395097,22
1862,1403638220.395097,22
1862,1403638220.395097,22
1862,1403638220.395097,22
1862,1403638220.395097,22
1862,1403638220.395097,14
1863,1403638220.445097,22
1863,1403638220.445097,22
1863,1403638220.445097,22
1863,1403638220.445097,22
1863,1403638220.445097,22
1863,1403638220.445097,22
1863,1403638220.445097,22
1863,1403638220.445097,22
1863,1403638220.445097,22
1863,1403638220.445097,22
1864,1403638220.495097,22
1864,1403638220.495097,22
1864,1403638220.495097,22
1864,1403638220.495097,13
1864,1403638220.495097,22
1864,1403638220.495097,22
1864,1403638220.495097,12
1864,1403638220.495097,14
1864,1403638220.495097,22
1864,1403638220.495097,22
1865,1403638220.545097,22
1865,1403638220.545097,22
1865,1403638220.545097,22
1865,1403638220.545097,22
1865,1403638220.545097,12
1865,1403638220.545097,22
1865,1403638220.545097,22
1865,1403638220.545097,22
1865,1403638220.545097,22
1865,1403638220.545097,22
1866,1403638220.595097,22
1866,1403638220.595097,22
1866,1403638220.595097,22
1866,1403638220.595097,22
1866,1403638220.595097,22
1866,1403638220.595097,22
1866,1403638220.595097,22
1866,1403638220.595097,11
1866,1403638220.595097,22
1866,1403638220.595097,22
1867,1403638220.645097,14
1867,1403638220.645097,22
1867,1403638220.645097,22
1867,1403638220.645097,22
1867,1403638220.645097,22
1867,1403638220.645097,22
1867,1403638220.645097,22
1867,1403638220.645097,22
1867,1403638220.645097,22
1867,1403638220.645097,22
1868,1403638220.695097,22
1868,1403638220.695097,14
1868,1403638220.695097,22
1868,1403638220.695097,13
1868,1403638220.695097,22
1868,1403638220.695097,22
1868,1403638220.695097,22
1868,1403638220.695097,22
1868,1403638220.695097,22
1868,1403638220.695097,22
1869,1403638220.745097,22
1869,1403638220.745097,22
1869,1403638220.745097,22
1869,1403638220.745097,22
1869,1403638220.745097,22
1869,1403638220.745097,22
1869,1403638220.745097,11
1869,1403638220.745097,22
1869,1403638220.745097,22
1869,1403638220.745097,22
1870,1403638220.795097,22
1870,1403638220.795097,22
1870,1403638220.795097,22
1870,1403638220.795097,22
1870,1403638220.795097,14
1870,1403638220.795097,22
1870,1403638220.795097,22
1870,1403638220.795097,11
1870,1403638220.795097,22
1870,1403638220.795097,22
1871,1403638220.845097,14
1871,1403638220.845097,22
1871,1403638220.845097,22
1871,1403638220.845097,22
1871,1403638220.845097,22
1871,1403638220.845097,22
1871,1403638220.845097,15
1871,1403638220.845097,22
1871,1403638220.845097,22
1871,1403638220.845097,14
1872,1403638220.895097,22
1872,1403638220.895097,22
1872,1403638220.895097,11
1872,1403638220.895097,22
1872,1403638220.895097,15
1872,1403638220.895097,22
1872,1403638220.895097,22
1872,1403638220.895097,13
1872,1403638220.895097,13
1872,1403638220.895097,22
1873,1403638220.945097,22
1873,1403638220.945097,22
1873,1403638220.945097,22
1873,1403638220.945097,22
1873,1403638220.945097,22
1873,1403638220.945097,22
1873,1403638220.945097,22
1873,1403638220.945097,22
1873,1403638220.945097,22
1873,1403638220.945097,22
1874,1403638220.995097,22
1874,1403638220.995097,22
1874,1403638220.995097,22
1874,1403638220.995097,22
1874,1403638220.995097,22
1874,1403638220.995097,22
1874,1403638220.995097,22
1874,1403638220.995097,22
1874,1403638220.995097,22
1874,1403638220.995097,22
1875,1403638221.045097,22
1875,1403638221.045097,22
1875,1403638221.045097,14
1875,1403638221.045097,22
1875,1403638221.045097,14
1875,1403638221.045097,22
1875,1403638221.045097,22
1875,1403638221.045097,22
1875,1403638221.045097,12
1875,1403638221.045097,22
1876,1403638221.095097,22
1876,1403638221.095097,22
1876,1403638221.095097,22
1876,1403638221.095097,22
1876,1403638221.095097,22
1876,1403638221.095097,22
1876,1403638221.095097,22
1876,1403638221.095097,22
1876,1403638221.095097,22
1876,1403638221.095097,22
1877,1403638221.145097,14
1877,1403638221.145097,22
1877,1403638221.145097,22
1877,1403638221.145097,22
1877,1403638221.145097,22
1877,1403638221.145097,22
1877,1403638221.145097,14
1877,1403638221.145097,22
1877,1403638221.145097,22
1877,1403638221.145097,22
1878,1403638221.195097,22
1878,1403638221.195097,22
1878,1403638221.195097,22
1878,1403638221.195097,22
1878,1403638221.195097,22
1878,1403638221.195097,22
1878,1403638221.195097,22
1878,1403638221.195097,22
1878,1403638221.195097,22
1878,1403638221.195097,22
1879,1403638221.245097,22
1879,1403638221.245097,22
1879,1403638221.245097,22
1879,1403638221.245097,22
1879,1403638221.245097,22
1879,1403638221.245097,22
1879,1403638221.245097,22
1879,1403638221.245097,22
1879,1403638221.245097,14
1879,1403638221.245097,22
1880,1403638221.295097,22
1880,1403638221.295097,22
1880,1403638221.295097,22
1880,1403638221.295097,22
1880,1403638221.295097,22
1880,1403638221.295097,22
1880,1403638221.295097,22
1880,1403638221.295097,22
1880,1403638221.295097,22
1880,1403638221.295097,22
1881,1403638221.345097,22
1881,1403638221.345097,22
1881,1403638221.345097,22
1881,1403638221.345097,13
1881,1403638221.345097,22
1881,1403638221.345097,22
1881,1403638221.345097,22
1881,1403638221.345097,22
1881,1403638221.345097,11
1881,1403638221.345097,22
1882,1403638221.395097,14
1882,1403638221.395097,22
1882,1403638221.395097,15
1882,1403638221.395097,22
1882,1403638221.395097,15
1882,1403638221.395097,22
1882,1403638221.395097,22
1882,1403638221.395097,22
1882,1403638221.395097,22
1882,1403638221.395097,22
1883,1403638221.445097,22
1883,1403638221.445097,22
1883,1403638221.445097,22
1883,1403638221.445097,22
1883,1403638221.445097,22
1883,1403638221.445097,22
1883,1403638221.445097,22
1883,1403638221.445097,22
1883,1403638221.445097,22
1883,1403638221.445097,22
1884,1403638221.495097,22
1884,1403638221.495097,22
1884,1403638221.495097,11
1884,1403638221.495097,22
1884,1403638221.495097,22
1884,1403638221.495097,13
1884,1403638221.495097,22
1884,1403638221.495097,22
1884,1403638221.495097,22
1884,1403638221.495097,22
1885,1403638221.545097,14
1885,1403638221.545097,22
1885,1403638221.545097,22
1885,1403638221.545097,14
1885,1403638221.545097,15
1885,1403638221.545097,22
1885,1403638221.545097,22
1885,1403638221.545097,22
1885,1403638221.545097,22
1885,1403638221.545097,13
1886,1403638221.595097,22
1886,1403638221.595097,22
1886,1403638221.595097,22
1886,1403638221.595097,12
1886,1403638221.595097,22
1886,1403638221.595097,22
1886,1403638221.595097,22
1886,1403638221.595097,22
1886,1403638221.595097,22
1886,1403638221.595097,22
1887,1403638221.645097,22
1887,1403638221.645097,22
1887,1403638221.645097,22
1887,1403638221.645097,22
1887,1403638221.645097,22
1887,1403638221.645097,13
1887,1403638221.645097,22
1887,1403638221.645097,22
1887,1403638221.645097,22
1887,1403638221.645097,22
1888,1403638221.695097,15
1888,1403638221.695097,22
1888,1403638221.695097,22
1888,1403638221.695097,22
1888,1403638221.695097,10
1888,1403638221.695097,22
1888,1403638221.695097,22
1888,1403638221.695097,22
1888,1403638221.695097,22
1888,1403638221.695097,22
1889,1403638221.745097,22
1889,1403638221.745097,22
1889,1403638221.745097,22
1889,1403638221.745097,14
1889,1403638221.745097,22
1889,1403638221.745097,22
1889,1403638221.745097,22
1889,1403638221.745097,15
1889,1403638221.745097,22
1889,1403638221.745097,22
1890,1403638221.795097,22
1890,1403638221.795097,13
1890,1403638221.795097,22
1890,1403638221.795097,22
1890,1403638221.795097,22
1890,1403638221.795097,22
1890,1403638221.795097,22
1890,1403638221.795097,14
1890,1403638221.795097,22
1890,1403638221.795097,22
1891,1403638221.845097,15
1891,1403638221.845097,22
1891,1403638221.845097,22
1891,1403638221.845097,22
1891,1403638221.845097,22
1891,1403638221.845097,22
1891,1403638221.845097,22
1891,1403638221.845097,22
1891,1403638221.845097,22
1891,1403638221.845097,12
1892,1403638221.895097,22
1892,1403638221.895097,22
1892,1403638221.895097,14
1892,1403638221.895097,22
1892,1403638221.895097,22
1892,1403638221.895097,22
1892,1403638221.895097,22
1892,1403638221.895097,22
1892,1403638221.895097,22
1892,1403638221.895097,22
1893,1403638221.945097,22
1893,1403638221.945097,22
1893,1403638221.945097,14
1893,1403638221.945097,22
1893,1403638221.945097,15
1893,1403638221.945097,22
1893,1403638221.945097,22
1893,1403638221.945097,22
1893,1403638221.945097,22
1893,1403638221.945097,12
1894,1403638221.995097,22
1894,1403638221.995097,22
1894,1403638221.995097,22
1894,1403638221.995097,14
1894,1403638221.995097,22
1894,1403638221.995097,22
1894,1403638221.995097,22
1894,1403638221.995097,22
1894,1403638221.995097,22
1894,1403638221.995097,22
1895,1403638222.045097,22
1895,1403638222.045097,22
1895,1403638222.045097,22
1895,1403638222.045097,22
1895,1403638222.045097,15
1895,1403638222.045097,15
1895,1403638222.045097,22
1895,1403638222.045097,22
1895,1403638222.045097,13
1895,1403638222.045097,22
1896,1403638222.095097,22
1896,1403638222.095097,15
1896,1403638222.095097,22
1896,1403638222.095097,11
1896,1403638222.095097,22
1896,1403638222.095097,11
1896,1403638222.095097,22
1896,1403638222.095097,22
1896,1403638222.095097,22
1896,1403638222.095097,22
1897,1403638222.145097,22
1897,1403638222.145097,22
1897,1403638222.145097,22
1897,1403638222.145097,22
1897,1403638222.145097,22
1897,1403638222.145097,22
1897,1403638222.145097,22
1897,1403638222.145097,12
1897,1403638222.145097,22
1897,1403638222.145097,22
1898,1403638222.195097,22
1898,1403638222.195097,22
1898,1403638222.195097,22
1898,1403638222.195097,22
1898,1403638222.195097,22
1898,1403638222.195097,22
1898,1403638222.195097,22
1898,1403638222.195097,22
1898,1403638222.195097,22
1898,1403638222.195097,22
1899,1403638222.245097,22
1899,1403638222.245097,22
1899,1403638222.245097,22
1899,1403638222.245097,22
1899,1403638222.245097,22
1899,1403638222.245097,22
1899,1403638222.245097,22
1899,1403638222.245097,22
1899,1403638222.245097,14
1899,1403638222.245097,22
1900,1403638222.295097,22
1900,1403638222.295097,22
1900,1403638222.295097,22
1900,1403638222.295097,22
1900,1403638222.295097,22
1900,1403638222.295097,13
1900,1403638222.295097,22
1900,1403638222.295097,12
1900,1403638222.295097,22
1900,1403638222.295097,22
1901,1403638222.345097,22
1901,1403638222.345097,22
1901,1403638222.345097,22
1901,1403638222.345097,22
1901,1403638222.345097,22
1901,1403638222.345097,22
1901,1403638222.345097,22
1901,1403638222.345097,22
1901,1403638222.345097,22
1901,1403638222.345097,13
1902,1403638222.395097,22
1902,1403638222.395097,22
1902,1403638222.395097,22
1902,1403638222.395097,22
1902,1403638222.395097,22
1902,1403638222.395097,22
1902,1403638222.395097,22
1902,1403638222.395097,22
1902,1403638222.395097,22
1902,1403638222.395097,22
1903,1403638222.445097,22
1903,1403638222.445097,22
1903,1403638222.445097,22
1903,1403638222.445097,22
1903,1403638222.445097,22
1903,1403638222.445097,22
1903,1403638222.445097,22
1903,1403638222.445097,22
1903,1403638222.445097,22
1903,1403638222.445097,22
1904,1403638222.495097,14
1904,1403638222.495097,22
1904,1403638222.495097,22
1904,1403638222.495097,22
1904,1403638222.495097,22
1904,1403638222.495097,22
1904,1403638222.495097,22
1904,1403638222.495097,22
1904,1403638222.495097,22
1904,1403638222.495097,22
1905,1403638222.545097,22
1905,1403638222.545097,15
1905,1403638222.545097,15
1905,1403638222.545097,22
1905,1403638222.545097,22
1905,1403638222.545097,22
1905,1403638222.545097,13
1905,1403638222.545097,14
1905,1403638222.545097,22
1905,1403638222.545097,22
1906,1403638222.595097,22
1906,1403638222.595097,22
1906,1403638222.595097,22
1906,1403638222.595097,22
1906,1403638222.595097,22
1906,1403638222.595097,22
1906,1403638222.595097,22
1906,1403638222.595097,22
1906,1403638222.595097,15
1906,1403638222.595097,22
1907,1403638222.645097,22
1907,1403638222.645097,22
1907,1403638222.645097,22
1907,1403638222.645097,15
1907,1403638222.645097,22
1907,1403638222.645097,22
1907,1403638222.645097,22
1907,1403638222.645097,22
1907,1403638222.645097,22
1907,1403638222.645097,22
1908,1403638222.695097,22
1908,1403638222.695097,22
1908,1403638222.695097,22
1908,1403638222.695097,22
1908,1403638222.695097,22
1908,1403638222.695097,22
1908,1403638222.695097,22
1908,1403638222.695097,22
1908,1403638222.695097,22
1908,1403638222.695097,22
1909,1403638222.745097,22
1909,1403638222.745097,22
1909,1403638222.745097,22
1909,1403638222.745097,22
1909,1403638222.745097,22
1909,1403638222.745097,22
1909,1403638222.745097,11
1909,1403638222.745097,22
1909,1403638222.745097,15
1909,1403638222.745097,22
1910,1403638222.795097,22
1910,1403638222.795097,22
1910,1403638222.795097,22
1910,1403638222.795097,22
1910,1403638222.795097,22
1910,1403638222.795097,22
1910,1403638222.795097,22
1910,1403638222.795097,22
1910,1403638222.795097,22
1910,1403638222.795097,22
1911,1403638222.845097,22
1911,1403638222.845097,14
1911,1403638222.845097,22
1911,1403638222.845097,22
1911,1403638222.845097,22
1911,1403638222.845097,12
1911,1403638222.845097,22
1911,1403638222.845097,15
1911,1403638222.845097,22
1911,1403638222.845097,22
1912,1403638222.895097,22
1912,1403638222.895097,22
1912,1403638222.895097,22
1912,1403638222.895097,22
1912,1403638222.895097,14
1912,1403638222.895097,13
1912,1403638222.895097,22
1912,1403638222.895097,22
1912,1403638222.895097,13
1912,1403638222.895097,22
1913,1403638222.945097,12
1913,1403638222.945097,12
1913,1403638222.945097,14
1913,1403638222.945097,22
1913,1403638222.945097,22
1913,1403638222.945097,22
1913,1403638222.945097,22
1913,1403638222.945097,22
1913,1403638222.945097,22
1913,1403638222.945097,22
1914,1403638222.995097,22
1914,1403638222.995097,22
1914,1403638222.995097,22
1914,1403638222.995097,22
1914,1403638222.995097,22
1914,1403638222.995097,22
1914,1403638222.995097,22
1914,1403638222.995097,22
1914,1403638222.995097,22
1914,1403638222.995097,22
1915,1403638223.045097,22
1915,1403638223.045097,11
1915,1403638223.045097,22
1915,1403638223.045097,22
1915,1403638223.045097,22
1915,1403638223.045097,22
1915,1403638223.045097,22
1915,1403638223.045097,22
1915,1403638223.045097,22
1915,1403638223.045097,22
1916,1403638223.095097,22
1916,1403638223.095097,22
1916,1403638223.095097,22
1916,1403638223.095097,22
1916,1403638223.095097,13
1916,1403638223.095097,22
1916,1403638223.095097,22
1916,1403638223.095097,22
1916,1403638223.095097,22
1916,1403638223.095097,22
1917,1403638223.145097,22
1917,1403638223.145097,22
1917,1403638223.145097,22
1917,1403638223.145097,22
1917,1403638223.145097,22
1917,1403638223.145097,14
1917,1403638223.145097,22
1917,1403638223.145097,22
1917,1403638223.145097,22
1917,1403638223.145097,22
1918,1403638223.195097,12
1918,1403638223.195097,22
1918,1403638223.195097,14
1918,1403638223.195097,22
1918,1403638223.195097,14
1918,1403638223.195097,22
1918,1403638223.195097,22
1918,1403638223.195097,22
1918,1403638223.195097,22
1918,1403638223.195097,22
1919,1403638223.245097,22
1919,1403638223.245097,22
1919,1403638223.245097,22
1919,1403638223.245097,22
1919,1403638223.245097,22
1919,1403638223.245097,22
1919,1403638223.245097,22
1919,1403638223.245097,22
1919,1403638223.245097,22
1919,1403638223.245097,22
1920,1403638223.295097,22
1920,1403638223.295097,22
1920,1403638223.295097,22
1920,1403638223.295097,22
1920,1403638223.295097,22
1920,1403638223.295097,22
1920,1403638223.295097,22
1920,1403638223.295097,22
1920,1403638223.295097,22
1920,1403638223.295097,22
1921,1403638223.345097,22
1921,1403638223.345097,22
1921,1403638223.345097,22
1921,1403638223.345097,22
1921,1403638223.345097,22
1921,1403638223.345097,22
1921,1403638223.345097,22
1921,1403638223.345097,22
1921,1403638223.345097,22
1921,1403638223.345097,22
1922,1403638223.395097,22
1922,1403638223.395097,22
1922,1403638223.395097,22
1922,1403638223.395097,22
1922,1403638223.395097,22
1922,1403638223.395097,22
1922,1403638223.395097,22
1922,1403638223.395097,22
1922,1403638223.395097,22
1922,1403638223.395097,22
1923,1403638223.445097,22
1923,1403638223.445097,22
1923,1403638223.445097,22
1923,1403638223.445097,22
1923,1403638223.445097,22
1923,1403638223.445097,22
1923,1403638223.445097,22
1923,1403638223.445097,22
1923,1403638223.445097,22
1923,1403638223.445097,22
1924,1403638223.495097,22
1924,1403638223.495097,22
1924,1403638223.495097,22
1924,1403638223.495097,22
1924,1403638223.495097,22
1924,1403638223.495097,22
1924,1403638223.495097,22
1924,1403638223.495097,22
1924,1403638223.495097,22
1924,1403638223.495097,22
1925,1403638223.545097,22
1925,1403638223.545097,22
1925,1403638223.545097,22
1925,1403638223.545097,22
1925,1403638223.545097,22
1925,1403638223.545097,22
1925,1403638223.545097,22
1925,1403638223.545097,22
1925,1403638223.545097,22
1925,1403638223.545097,22
1926,1403638223.595097,22
1926,1403638223.595097,22
1926,1403638223.595097,22
1926,1403638223.595097,22
1926,1403638223.595097,13
1926,1403638223.595097,22
1926,1403638223.595097,22
1926,1403638223.595097,22
1926,1403638223.595097,22
1926,1403638223.595097,22
1927,1403638223.645097,22
1927,1403638223.645097,22
1927,1403638223.645097,22
1927,1403638223.645097,22
1927,1403638223.645097,22
1927,1403638223.645097,22
1927,1403638223.645097,12
1927,1403638223.645097,22
1927,1403638223.645097,22
1927,1403638223.645097,22
1928,1403638223.695097,22
1928,1403638223.695097,22
1928,1403638223.695097,22
1928,1403638223.695097,22
1928,1403638223.695097,22
1928,1403638223.695097,22
1928,1403638223.695097,22
1928,1403638223.695097,22
1928,1403638223.695097,22
1928,1403638223.695097,22
1929,1403638223.745097,22
1929,1403638223.745097,22
1929,1403638223.745097,22
1929,1403638223.745097,22
1929,1403638223.745097,22
1929,1403638223.745097,22
1929,1403638223.745097,22
1929,1403638223.745097,22
1929,1403638223.745097,22
1929,1403638223.745097,22
1930,1403638223.795097,22
1930,1403638223.795097,22
1930,1403638223.795097,22
1930,1403638223.795097,22
1930,1403638223.795097,22
1930,1403638223.795097,22
1930,1403638223.795097,22
1930,1403638223.795097,22
1930,1403638223.795097,22
1930,1403638223.795097,22
1931,1403638223.845097,22
1931,1403638223.845097,22
1931,1403638223.845097,22
1931,1403638223.845097,22
1931,1403638223.845097,22
1931,1403638223.845097,22
1931,1403638223.845097,12
1931,1403638223.845097,22
1931,1403638223.845097,12
1931,1403638223.845097,22
1932,1403638223.895097,22
1932,1403638223.895097,22
1932,1403638223.895097,12
1932,1403638223.895097,22
1932,1403638223.895097,22
1932,1403638223.895097,22
1932,1403638223.895097,22
1932,1403638223.895097,22
1932,1403638223.895097,22
1932,1403638223.895097,22
1933,1403638223.945097,22
1933,1403638223.945097,22
1933,1403638223.945097,12
1933,1403638223.945097,22
1933,1403638223.945097,22
1933,1403638223.945097,22
1933,1403638223.945097,22
1933,1403638223.945097,22
1933,1403638223.945097,12
1933,1403638223.945097,22
1934,1403638223.995097,22
1934,1403638223.995097,22
1934,1403638223.995097,12
1934,1403638223.995097,22
1934,1403638223.995097,22
1934,1403638223.995097,22
1934,1403638223.995097,22
1934,1403638223.995097,22
1934,1403638223.995097,12
1934,1403638223.995097,22
1935,1403638224.045097,12
1935,1403638224.045097,22
1935,1403638224.045097,12
1935,1403638224.045097,22
1935,1403638224.045097,22
1935,1403638224.045097,22
1935,1403638224.045097,22
1935,1403638224.045097,22
1935,1403638224.045097,12
1935,1403638224.045097,22
1936,1403638224.095097,13
1936,1403638224.095097,22
1936,1403638224.095097,13
1936,1403638224.095097,22
1936,1403638224.095097,22
1936,1403638224.095097,22
1936,1403638224.095097,22
1936,1403638224.095097,22
1936,1403638224.095097,12
1936,1403638224.095097,22
1937,1403638224.145097,13
1937,1403638224.145097,12
1937,1403638224.145097,14
1937,1403638224.145097,22
1937,1403638224.145097,22
1937,1403638224.145097,22
1937,1403638224.145097,22
1937,1403638224.145097,22
1937,1403638224.145097,12
1937,1403638224.145097,22
1938,1403638224.195097,14
1938,1403638224.195097,12
1938,1403638224.195097,12
1938,1403638224.195097,12
1938,1403638224.195097,22
1938,1403638224.195097,12
1938,1403638224.195097,12
1938,1403638224.195097,22
1938,1403638224.195097,12
1938,1403638224.195097,22
1939,1403638224.245097,22
1939,1403638224.245097,22
1939,1403638224.245097,13
1939,1403638224.245097,12
1939,1403638224.245097,22
1939,1403638224.245097,12
1939,1403638224.245097,12
1939,1403638224.245097,22
1939,1403638224.245097,12
1939,1403638224.245097,12
1940,1403638224.295097,22
1940,1403638224.295097,22
1940,1403638224.295097,14
1940,1403638224.295097,12
1940,1403638224.295097,22
1940,1403638224.295097,12
1940,1403638224.295097,12
1940,1403638224.295097,22
1940,1403638224.295097,13
1940,1403638224.295097,13
1941,1403638224.345097,22
1941,1403638224.345097,22
1941,1403638224.345097,13
1941,1403638224.345097,13
1941,1403638224.345097,22
1941,1403638224.345097,12
1941,1403638224.345097,12
1941,1403638224.345097,22
1941,1403638224.345097,12
1941,1403638224.345097,13
1942,1403638224.395097,22
1942,1403638224.395097,22
1942,1403638224.395097,13
1942,1403638224.395097,12
1942,1403638224.395097,22
1942,1403638224.395097,12
1942,1403638224.395097,12
1942,1403638224.395097,12
1942,1403638224.395097,12
1942,1403638224.395097,12
1943,1403638224.445097,22
1943,1403638224.445097,22
1943,1403638224.445097,13
1943,1403638224.445097,22
1943,1403638224.445097,22
1943,1403638224.445097,12
1943,1403638224.445097,12
1943,1403638224.445097,12
1943,1403638224.445097,22
1943,1403638224.445097,22
1944,1403638224.495097,22
1944,1403638224.495097,22
1944,1403638224.495097,13
1944,1403638224.495097,22
1944,1403638224.495097,22
1944,1403638224.495097,12
1944,1403638224.495097,12
1944,1403638224.495097,13
1944,1403638224.495097,12
1944,1403638224.495097,22
1945,1403638224.545097,22
1945,1403638224.545097,22
1945,1403638224.545097,14
1945,1403638224.545097,22
1945,1403638224.545097,22
1945,1403638224.545097,12
1945,1403638224.545097,22
1945,1403638224.545097,22
1945,1403638224.545097,22
1945,1403638224.545097,22
1946,1403638224.595097,12
1946,1403638224.595097,12
1946,1403638224.595097,22
1946,1403638224.595097,12
1946,1403638224.595097,22
1946,1403638224.595097,12
1946,1403638224.595097,22
1946,1403638224.595097,22
1946,1403638224.595097,22
1946,1403638224.595097,22
1947,1403638224.645097,12
1947,1403638224.645097,13
1947,1403638224.645097,22
1947,1403638224.645097,22
1947,1403638224.645097,22
1947,1403638224.645097,22
1947,1403638224.645097,22
1947,1403638224.645097,22
1947,1403638224.645097,22
1947,1403638224.645097,12
1948,1403638224.695097,12
1948,1403638224.695097,13
1948,1403638224.695097,12
1948,1403638224.695097,22
1948,1403638224.695097,22
1948,1403638224.695097,12
1948,1403638224.695097,22
1948,1403638224.695097,12
1948,1403638224.695097,22
1948,1403638224.695097,22
1949,1403638224.745097,12
1949,1403638224.745097,14
1949,1403638224.745097,15
1949,1403638224.745097,12
1949,1403638224.745097,13
1949,1403638224.745097,12
1949,1403638224.745097,12
1949,1403638224.745097,13
1949,1403638224.745097,22
1949,1403638224.745097,12
1950,1403638224.795097,14
1950,1403638224.795097,14
1950,1403638224.795097,14
1950,1403638224.795097,22
1950,1403638224.795097,14
1950,1403638224.795097,14
1950,1403638224.795097,22
1950,1403638224.795097,22
1950,1403638224.795097,12
1950,1403638224.795097,13
1951,1403638224.845097,13
1951,1403638224.845097,14
1951,1403638224.845097,15
1951,1403638224.845097,22
1951,1403638224.845097,13
1951,1403638224.845097,13
1951,1403638224.845097,22
1951,1403638224.845097,22
1951,1403638224.845097,13
1951,1403638224.845097,22
1952,1403638224.895097,12
1952,1403638224.895097,15
1952,1403638224.895097,12
1952,1403638224.895097,22
1952,1403638224.895097,12
1952,1403638224.895097,22
1952,1403638224.895097,22
1952,1403638224.895097,22
1952,1403638224.895097,22
1952,1403638224.895097,13
1953,1403638224.945097,22
1953,1403638224.945097,14
1953,1403638224.945097,13
1953,1403638224.945097,12
1953,1403638224.945097,13
1953,1403638224.945097,12
1953,1403638224.945097,22
1953,1403638224.945097,12
1953,1403638224.945097,12
1953,1403638224.945097,12
1954,1403638224.995097,22
1954,1403638224.995097,13
1954,1403638224.995097,15
1954,1403638224.995097,12
1954,1403638224.995097,12
1954,1403638224.995097,22
1954,1403638224.995097,12
1954,1403638224.995097,12
1954,1403638224.995097,13
1954,1403638224.995097,12
1955,1403638225.045097,22
1955,1403638225.045097,12
1955,1403638225.045097,12
1955,1403638225.045097,22
1955,1403638225.045097,12
1955,1403638225.045097,22
1955,1403638225.045097,12
1955,1403638225.045097,22
1955,1403638225.045097,22
1955,1403638225.045097,12
1956,1403638225.095097,22
1956,1403638225.095097,13
1956,1403638225.095097,12
1956,1403638225.095097,22
1956,1403638225.095097,22
1956,1403638225.095097,22
1956,1403638225.095097,12
1956,1403638225.095097,22
1956,1403638225.095097,22
1956,1403638225.095097,22
1957,1403638225.145097,22
1957,1403638225.145097,12
1957,1403638225.145097,12
1957,1403638225.145097,12
1957,1403638225.145097,22
1957,1403638225.145097,22
1957,1403638225.145097,12
1957,1403638225.145097,22
1957,1403638225.145097,22
1957,1403638225.145097,22
1958,1403638225.195097,12
1958,1403638225.195097,14
1958,1403638225.195097,12
1958,1403638225.195097,12
1958,1403638225.195097,22
1958,1403638225.195097,22
1958,1403638225.195097,12
1958,1403638225.195097,12
1958,1403638225.195097,22
1958,1403638225.195097,22
1959,1403638225.245097,12
1959,1403638225.245097,13
1959,1403638225.245097,12
1959,1403638225.245097,12
1959,1403638225.245097,22
1959,1403638225.245097,22
1959,1403638225.245097,12
1959,1403638225.245097,13
1959,1403638225.245097,22
1959,1403638225.245097,22
1960,1403638225.295097,13
1960,1403638225.295097,13
1960,1403638225.295097,12
1960,1403638225.295097,22
1960,1403638225.295097,22
1960,1403638225.295097,22
1960,1403638225.295097,12
1960,1403638225.295097,12
1960,1403638225.295097,12
1960,1403638225.295097,22
1961,1403638225.345097,13
1961,1403638225.345097,14
1961,1403638225.345097,13
1961,1403638225.345097,22
1961,1403638225.345097,22
1961,1403638225.345097,22
1961,1403638225.345097,12
1961,1403638225.345097,12
1961,1403638225.345097,12
1961,1403638225.345097,22
1962,1403638225.395097,12
1962,1403638225.395097,14
1962,1403638225.395097,14
1962,1403638225.395097,22
1962,1403638225.395097,12
1962,1403638225.395097,22
1962,1403638225.395097,12
1962,1403638225.395097,12
1962,1403638225.395097,12
1962,1403638225.395097,22
1963,1403638225.445097,13
1963,1403638225.445097,13
1963,1403638225.445097,12
1963,1403638225.445097,22
1963,1403638225.445097,22
1963,1403638225.445097,22
1963,1403638225.445097,22
1963,1403638225.445097,13
1963,1403638225.445097,12
1963,1403638225.445097,12
1964,1403638225.495097,12
1964,1403638225.495097,22
1964,1403638225.495097,12
1964,1403638225.495097,22
1964,1403638225.495097,22
1964,1403638225.495097,22
1964,1403638225.495097,22
1964,1403638225.495097,22
1964,1403638225.495097,22
1964,1403638225.495097,12
1965,1403638225.545097,22
1965,1403638225.545097,22
1965,1403638225.545097,12
1965,1403638225.545097,22
1965,1403638225.545097,12
1965,1403638225.545097,22
1965,1403638225.545097,22
1965,1403638225.545097,12
1965,1403638225.545097,22
1965,1403638225.545097,12
1966,1403638225.595097,12
1966,1403638225.595097,22
1966,1403638225.595097,22
1966,1403638225.595097,22
1966,1403638225.595097,22
1966,1403638225.595097,12
1966,1403638225.595097,22
1966,1403638225.595097,12
1966,1403638225.595097,22
1966,1403638225.595097,12
1967,1403638225.645097,22
1967,1403638225.645097,12
1967,1403638225.645097,22
1967,1403638225.645097,22
1967,1403638225.645097,22
1967,1403638225.645097,12
1967,1403638225.645097,22
1967,1403638225.645097,12
1967,1403638225.645097,22
1967,1403638225.645097,12
1968,1403638225.695097,22
1968,1403638225.695097,22
1968,1403638225.695097,22
1968,1403638225.695097,22
1968,1403638225.695097,22
1968,1403638225.695097,12
1968,1403638225.695097,22
1968,1403638225.695097,12
1968,1403638225.695097,22
1968,1403638225.695097,12
1969,1403638225.745097,22
1969,1403638225.745097,22
1969,1403638225.745097,22
1969,1403638225.745097,13
1969,1403638225.745097,22
1969,1403638225.745097,12
1969,1403638225.745097,22
1969,1403638225.745097,13
1969,1403638225.745097,22
1969,1403638225.745097,12
1970,1403638225.795097,22
1970,1403638225.795097,22
1970,1403638225.795097,22
1970,1403638225.795097,13
1970,1403638225.795097,13
1970,1403638225.795097,12
1970,1403638225.795097,22
1970,1403638225.795097,22
1970,1403638225.795097,22
1970,1403638225.795097,22
1971,1403638225.845097,12
1971,1403638225.845097,22
1971,1403638225.845097,12
1971,1403638225.845097,12
1971,1403638225.845097,22
1971,1403638225.845097,13
1971,1403638225.845097,12
1971,1403638225.845097,22
1971,1403638225.845097,12
1971,1403638225.845097,13
1972,1403638225.895097,12
1972,1403638225.895097,14
1972,1403638225.895097,22
1972,1403638225.895097,14
1972,1403638225.895097,12
1972,1403638225.895097,22
1972,1403638225.895097,13
1972,1403638225.895097,22
1972,1403638225.895097,15
1972,1403638225.895097,13
1973,1403638225.945097,14
1973,1403638225.945097,15
1973,1403638225.945097,14
1973,1403638225.945097,13
1973,1403638225.945097,15
1973,1403638225.945097,13
1973,1403638225.945097,14
1973,1403638225.945097,13
1973,1403638225.945097,13
1973,1403638225.945097,14
1974,1403638225.995097,15
1974,1403638225.995097,14
1974,1403638225.995097,14
1974,1403638225.995097,15
1974,1403638225.995097,15
1974,1403638225.995097,14
1974,1403638225.995097,13
1974,1403638225.995097,15
1974,1403638225.995097,15
1974,1403638225.995097,12
1975,1403638226.045097,14
1975,1403638226.045097,15
1975,1403638226.045097,22
1975,1403638226.045097,14
1975,1403638226.045097,14
1975,1403638226.045097,22
1975,1403638226.045097,22
1975,1403638226.045097,22
1975,1403638226.045097,15
1975,1403638226.045097,15
1976,1403638226.095097,15
1976,1403638226.095097,22
1976,1403638226.095097,22
1976,1403638226.095097,22
1976,1403638226.095097,14
1976,1403638226.095097,14
1976,1403638226.095097,12
1976,1403638226.095097,22
1976,1403638226.095097,15
1976,1403638226.095097,22
1977,1403638226.145097,22
1977,1403638226.145097,13
1977,1403638226.145097,13
1977,1403638226.145097,12
1977,1403638226.145097,12
1977,1403638226.145097,13
1977,1403638226.145097,14
1977,1403638226.145097,12
1977,1403638226.145097,13
1977,1403638226.145097,12
1978,1403638226.195097,15
1978,1403638226.195097,22
1978,1403638226.195097,14
1978,1403638226.195097,22
1978,1403638226.195097,13
1978,1403638226.195097,12
1978,1403638226.195097,14
1978,1403638226.195097,14
1978,1403638226.195097,15
1978,1403638226.195097,13
1979,1403638226.245097,14
1979,1403638226.245097,14
1979,1403638226.245097,15
1979,1403638226.245097,13
1979,1403638226.245097,22
1979,1403638226.245097,14
1979,1403638226.245097,13
1979,1403638226.245097,22
1979,1403638226.245097,15
1979,1403638226.245097,14
1980,1403638226.295097,14
1980,1403638226.295097,13
1980,1403638226.295097,15
1980,1403638226.295097,22
1980,1403638226.295097,14
1980,1403638226.295097,14
1980,1403638226.295097,15
1980,1403638226.295097,12
1980,1403638226.295097,14
1980,1403638226.295097,14
1981,1403638226.345097,22
1981,1403638226.345097,14
1981,1403638226.345097,14
1981,1403638226.345097,12
1981,1403638226.345097,15
1981,1403638226.345097,12
1981,1403638226.345097,15
1981,1403638226.345097,22
1981,1403638226.345097,15
1981,1403638226.345097,13
1982,1403638226.395097,22
1982,1403638226.395097,13
1982,1403638226.395097,22
1982,1403638226.395097,22
1982,1403638226.395097,14
1982,1403638226.395097,12
1982,1403638226.395097,13
1982,1403638226.395097,15
1982,1403638226.395097,13
1982,1403638226.395097,15
1983,1403638226.445097,14
1983,1403638226.445097,15
1983,1403638226.445097,22
1983,1403638226.445097,22
1983,1403638226.445097,12
1983,1403638226.445097,15
1983,1403638226.445097,22
1983,1403638226.445097,22
1983,1403638226.445097,14
1983,1403638226.445097,22
1984,1403638226.495097,13
1984,1403638226.495097,14
1984,1403638226.495097,14
1984,1403638226.495097,22
1984,1403638226.495097,22
1984,1403638226.495097,12
1984,1403638226.495097,22
1984,1403638226.495097,13
1984,1403638226.495097,22
1984,1403638226.495097,13
1985,1403638226.545097,22
1985,1403638226.545097,15
1985,1403638226.545097,22
1985,1403638226.545097,13
1985,1403638226.545097,14
1985,1403638226.545097,14
1985,1403638226.545097,12
1985,1403638226.545097,12
1985,1403638226.545097,14
1985,1403638226.545097,22
1986,1403638226.595097,22
1986,1403638226.595097,22
1986,1403638226.595097,22
1986,1403638226.595097,22
1986,1403638226.595097,12
1986,1403638226.595097,13
1986,1403638226.595097,22
1986,1403638226.595097,14
1986,1403638226.595097,15
1986,1403638226.595097,12
1987,1403638226.645097,13
1987,1403638226.645097,22
1987,1403638226.645097,22
1987,1403638226.645097,22
1987,1403638226.645097,22
1987,1403638226.645097,14
1987,1403638226.645097,12
1987,1403638226.645097,13
1987,1403638226.645097,12
1987,1403638226.645097,14
1988,1403638226.695097,14
1988,1403638226.695097,22
1988,1403638226.695097,12
1988,1403638226.695097,14
1988,1403638226.695097,14
1988,1403638226.695097,14
1988,1403638226.695097,13
1988,1403638226.695097,22
1988,1403638226.695097,15
1988,1403638226.695097,22
1989,1403638226.745097,22
1989,1403638226.745097,13
1989,1403638226.745097,15
1989,1403638226.745097,13
1989,1403638226.745097,22
1989,1403638226.745097,13
1989,1403638226.745097,12
1989,1403638226.745097,22
1989,1403638226.745097,22
1989,1403638226.745097,22
1990,1403638226.795097,22
1990,1403638226.795097,15
1990,1403638226.795097,12
1990,1403638226.795097,13
1990,1403638226.795097,13
1990,1403638226.795097,15
1990,1403638226.795097,12
1990,1403638226.795097,12
1990,1403638226.795097,13
1990,1403638226.795097,14
1991,1403638226.845097,14
1991,1403638226.845097,14
1991,1403638226.845097,13
1991,1403638226.845097,12
1991,1403638226.845097,13
1991,1403638226.845097,13
1991,1403638226.845097,22
1991,1403638226.845097,12
1991,1403638226.845097,14
1991,1403638226.845097,22
1992,1403638226.895097,22
1992,1403638226.895097,13
1992,1403638226.895097,22
1992,1403638226.895097,14
1992,1403638226.895097,13
1992,1403638226.895097,12
1992,1403638226.895097,22
1992,1403638226.895097,14
1992,1403638226.895097,15
1992,1403638226.895097,22
1993,1403638226.945097,13
1993,1403638226.945097,14
1993,1403638226.945097,14
1993,1403638226.945097,22
1993,1403638226.945097,15
1993,1403638226.945097,14
1993,1403638226.945097,12
1993,1403638226.945097,22
1993,1403638226.945097,14
1993,1403638226.945097,12
1994,1403638226.995097,13
1994,1403638226.995097,13
1994,1403638226.995097,14
1994,1403638226.995097,14
1994,1403638226.995097,14
1994,1403638226.995097,12
1994,1403638226.995097,12
1994,1403638226.995097,15
1994,1403638226.995097,12
1994,1403638226.995097,22
1995,1403638227.045097,22
1995,1403638227.045097,13
1995,1403638227.045097,22
1995,1403638227.045097,22
1995,1403638227.045097,14
1995,1403638227.045097,12
1995,1403638227.045097,14
1995,1403638227.045097,14
1995,1403638227.045097,14
1995,1403638227.045097,14
1996,1403638227.095097,14
1996,1403638227.095097,15
1996,1403638227.095097,22
1996,1403638227.095097,13
1996,1403638227.095097,14
1996,1403638227.095097,13
1996,1403638227.095097,12
1996,1403638227.095097,13
1996,1403638227.095097,14
1996,1403638227.095097,22
1997,1403638227.145097,15
1997,1403638227.145097,22
1997,1403638227.145097,12
1997,1403638227.145097,14
1997,1403638227.145097,14
1997,1403638227.145097,14
1997,1403638227.145097,14
1997,1403638227.145097,13
1997,1403638227.145097,12
1997,1403638227.145097,12
1998,1403638227.195097,14
1998,1403638227.195097,15
1998,1403638227.195097,14
1998,1403638227.195097,14
1998,1403638227.195097,13
1998,1403638227.195097,22
1998,1403638227.195097,13
1998,1403638227.195097,14
1998,1403638227.195097,14
1998,1403638227.195097,14
1999,1403638227.245097,14
1999,1403638227.245097,13
1999,1403638227.245097,12
1999,1403638227.245097,13
1999,1403638227.245097,12
1999,1403638227.245097,12
1999,1403638227.245097,15
1999,1403638227.245097,12
1999,1403638227.245097,13
1999,1403638227.245097,13
2000,1403638227.295097,22
2000,1403638227.295097,14
2000,1403638227.295097,12
2000,1403638227.295097,14
2000,1403638227.295097,13
2000,1403638227.295097,13
2000,1403638227.295097,12
2000,1403638227.295097,14
2000,1403638227.295097,14
2000,1403638227.295097,13
2001,1403638227.345097,22
2001,1403638227.345097,12
2001,1403638227.345097,22
2001,1403638227.345097,14
2001,1403638227.345097,22
2001,1403638227.345097,15
2001,1403638227.345097,22
2001,1403638227.345097,14
2001,1403638227.345097,12
2001,1403638227.345097,13
2002,1403638227.395097,12
2002,1403638227.395097,14
2002,1403638227.395097,12
2002,1403638227.395097,14
2002,1403638227.395097,22
2002,1403638227.395097,13
2002,1403638227.395097,22
2002,1403638227.395097,14
2002,1403638227.395097,14
2002,1403638227.395097,13
2003,1403638227.445097,13
2003,1403638227.445097,13
2003,1403638227.445097,13
2003,1403638227.445097,14
2003,1403638227.445097,12
2003,1403638227.445097,14
2003,1403638227.445097,12
2003,1403638227.445097,14
2003,1403638227.445097,22
2003,1403638227.445097,13
2004,1403638227.495097,13
2004,1403638227.495097,13
2004,1403638227.495097,15
2004,1403638227.495097,14
2004,1403638227.495097,14
2004,1403638227.495097,14
2004,1403638227.495097,13
2004,1403638227.495097,15
2004,1403638227.495097,14
2004,1403638227.495097,14
2005,1403638227.545097,14
2005,1403638227.545097,22
2005,1403638227.545097,22
2005,1403638227.545097,22
2005,1403638227.545097,12
2005,1403638227.545097,15
2005,1403638227.545097,15
2005,1403638227.545097,22
2005,1403638227.545097,13
2005,1403638227.545097,13
2006,1403638227.595097,12
2006,1403638227.595097,22
2006,1403638227.595097,13
2006,1403638227.595097,13
2006,1403638227.595097,12
2006,1403638227.595097,14
2006,1403638227.595097,12
2006,1403638227.595097,12
2006,1403638227.595097,14
2006,1403638227.595097,14
2007,1403638227.645097,14
2007,1403638227.645097,14
2007,1403638227.645097,13
2007,1403638227.645097,12
2007,1403638227.645097,13
2007,1403638227.645097,13
2007,1403638227.645097,13
2007,1403638227.645097,14
2007,1403638227.645097,22
2007,1403638227.645097,22
2008,1403638227.695097,22
2008,1403638227.695097,14
2008,1403638227.695097,13
2008,1403638227.695097,14
2008,1403638227.695097,13
2008,1403638227.695097,12
2008,1403638227.695097,12
2008,1403638227.695097,13
2008,1403638227.695097,22
2008,1403638227.695097,12
2009,1403638227.745097,22
2009,1403638227.745097,12
2009,1403638227.745097,14
2009,1403638227.745097,12
2009,1403638227.745097,13
2009,1403638227.745097,12
2009,1403638227.745097,14
2009,1403638227.745097,14
2009,1403638227.745097,12
2009,1403638227.745097,13
2010,1403638227.795097,13
2010,1403638227.795097,12
2010,1403638227.795097,22
2010,1403638227.795097,13
2010,1403638227.795097,15
2010,1403638227.795097,12
2010,1403638227.795097,15
2010,1403638227.795097,12
2010,1403638227.795097,13
2010,1403638227.795097,14
2011,1403638227.845097,13
2011,1403638227.845097,14
2011,1403638227.845097,22
2011,1403638227.845097,15
2011,1403638227.845097,14
2011,1403638227.845097,14
2011,1403638227.845097,13
2011,1403638227.845097,12
2011,1403638227.845097,15
2011,1403638227.845097,12
2012,1403638227.895097,22
2012,1403638227.895097,22
2012,1403638227.895097,13
2012,1403638227.895097,14
2012,1403638227.895097,14
2012,1403638227.895097,13
2012,1403638227.895097,22
2012,1403638227.895097,12
2012,1403638227.895097,14
2012,1403638227.895097,13
2013,1403638227.945097,22
2013,1403638227.945097,13
2013,1403638227.945097,14
2013,1403638227.945097,15
2013,1403638227.945097,15
2013,1403638227.945097,22
2013,1403638227.945097,22
2013,1403638227.945097,15
2013,1403638227.945097,13
2013,1403638227.945097,15
2014,1403638227.995097,22
2014,1403638227.995097,14
2014,1403638227.995097,13
2014,1403638227.995097,15
2014,1403638227.995097,14
2014,1403638227.995097,13
2014,1403638227.995097,12
2014,1403638227.995097,15
2014,1403638227.995097,22
2014,1403638227.995097,14
2015,1403638228.045097,14
2015,1403638228.045097,22
2015,1403638228.045097,14
2015,1403638228.045097,13
2015,1403638228.045097,12
2015,1403638228.045097,22
2015,1403638228.045097,13
2015,1403638228.045097,14
2015,1403638228.045097,22
2015,1403638228.045097,13
2016,1403638228.095097,13
2016,1403638228.095097,12
2016,1403638228.095097,13
2016,1403638228.095097,14
2016,1403638228.095097,12
2016,1403638228.095097,12
2016,1403638228.095097,12
2016,1403638228.095097,14
2016,1403638228.095097,13
2016,1403638228.095097,13
2017,1403638228.145097,13
2017,1403638228.145097,14
2017,1403638228.145097,12
2017,1403638228.145097,12
2017,1403638228.145097,12
2017,1403638228.145097,12
2017,1403638228.145097,12
2017,1403638228.145097,13
2017,1403638228.145097,14
2017,1403638228.145097,12
2018,1403638228.195097,12
2018,1403638228.195097,14
2018,1403638228.195097,13
2018,1403638228.195097,12
2018,1403638228.195097,13
2018,1403638228.195097,12
2018,1403638228.195097,12
2018,1403638228.195097,13
2018,1403638228.195097,13
2018,1403638228.195097,13
2019,1403638228.245097,14
2019,1403638228.245097,12
2019,1403638228.245097,15
2019,1403638228.245097,13
2019,1403638228.245097,13
2019,1403638228.245097,13
2019,1403638228.245097,12
2019,1403638228.245097,13
2019,1403638228.245097,15
2019,1403638228.245097,13
2020,1403638228.295097,14
2020,1403638228.295097,14
2020,1403638228.295097,22
2020,1403638228.295097,14
2020,1403638228.295097,13
2020,1403638228.295097,12
2020,1403638228.295097,13
2020,1403638228.295097,13
2020,1403638228.295097,13
2020,1403638228.295097,13
2021,1403638228.345097,14
2021,1403638228.345097,13
2021,1403638228.345097,14
2021,1403638228.345097,12
2021,1403638228.345097,22
2021,1403638228.345097,14
2021,1403638228.345097,13
2021,1403638228.345097,13
2021,1403638228.345097,12
2021,1403638228.345097,15
2022,1403638228.395097,12
2022,1403638228.395097,22
2022,1403638228.395097,12
2022,1403638228.395097,13
2022,1403638228.395097,15
2022,1403638228.395097,13
2022,1403638228.395097,12
2022,1403638228.395097,15
2022,1403638228.395097,14
2022,1403638228.395097,22
2023,1403638228.445097,15
2023,1403638228.445097,13
2023,1403638228.445097,15
2023,1403638228.445097,22
2023,1403638228.445097,22
2023,1403638228.445097,14
2023,1403638228.445097,12
2023,1403638228.445097,13
2023,1403638228.445097,12
2023,1403638228.445097,22
2024,1403638228.495097,15
2024,1403638228.495097,22
2024,1403638228.495097,13
2024,1403638228.495097,22
2024,1403638228.495097,14
2024,1403638228.495097,22
2024,1403638228.495097,12
2024,1403638228.495097,14
2024,1403638228.495097,14
2024,1403638228.495097,12
2025,1403638228.545097,22
2025,1403638228.545097,13
2025,1403638228.545097,14
2025,1403638228.545097,22
2025,1403638228.545097,13
2025,1403638228.545097,12
2025,1403638228.545097,13
2025,1403638228.545097,22
2025,1403638228.545097,15
2025,1403638228.545097,13
2026,1403638228.595097,12
2026,1403638228.595097,22
2026,1403638228.595097,12
2026,1403638228.595097,12
2026,1403638228.595097,14
2026,1403638228.595097,13
2026,1403638228.595097,13
2026,1403638228.595097,22
2026,1403638228.595097,14
2026,1403638228.595097,13
2027,1403638228.645097,14
2027,1403638228.645097,12
2027,1403638228.645097,12
2027,1403638228.645097,13
2027,1403638228.645097,13
2027,1403638228.645097,13
2027,1403638228.645097,12
2027,1403638228.645097,22
2027,1403638228.645097,13
2027,1403638228.645097,12
2028,1403638228.695097,13
2028,1403638228.695097,13
2028,1403638228.695097,12
2028,1403638228.695097,13
2028,1403638228.695097,14
2028,1403638228.695097,12
2028,1403638228.695097,15
2028,1403638228.695097,12
2028,1403638228.695097,14
2028,1403638228.695097,13
2029,1403638228.745097,12
2029,1403638228.745097,14
2029,1403638228.745097,15
2029,1403638228.745097,14
2029,1403638228.745097,13
2029,1403638228.745097,12
2029,1403638228.745097,13
2029,1403638228.745097,13
2029,1403638228.745097,13
2029,1403638228.745097,22
2030,1403638228.795097,12
2030,1403638228.795097,13
2030,1403638228.795097,14
2030,1403638228.795097,12
2030,1403638228.795097,15
2030,1403638228.795097,13
2030,1403638228.795097,13
2030,1403638228.795097,13
2030,1403638228.795097,13
2030,1403638228.795097,22
2031,1403638228.845097,12
2031,1403638228.845097,13
2031,1403638228.845097,14
2031,1403638228.845097,14
2031,1403638228.845097,22
2031,1403638228.845097,12
2031,1403638228.845097,13
2031,1403638228.845097,13
2031,1403638228.845097,13
2031,1403638228.845097,14
