timestamp_gt,x_gt,y_gt,z_gt,timestamp_est,x_est,y_est,z_est
1.4036365808635556e+18,4.6650211767,-1.8472146877,0.7812067206,1.4036365808635556e+18,4.636986902545269,-1.7993494937610044,0.7819401360970658
1.4036365809135555e+18,4.6629522096,-1.8453728663,0.8207579572,1.4036365809135555e+18,4.631747437417525,-1.7964624508905234,0.82538881275683
1.4036365809635556e+18,4.6609846259,-1.8447596485,0.8600052598,1.4036365809635556e+18,4.631027754811971,-1.7964500980617328,0.8638148460449596
1.4036365810135555e+18,4.6596583694,-1.8446723346,0.8972069305,1.4036365810135555e+18,4.6287147366509585,-1.7956990887043913,0.9015502848971942
1.4036365810635556e+18,4.6584695461,-1.8448832918,0.9323025417,1.4036365810635556e+18,4.625372214133451,-1.7943630515237088,0.9338360632601791
1.4036365811135555e+18,4.6567707371,-1.843802856,0.9652596168,1.4036365811135555e+18,4.622532082934567,-1.7926247652234626,0.9665605024341994
1.4036365811635556e+18,4.6556223951,-1.8430375195,0.9955650996,1.4036365811635556e+18,4.619143983547351,-1.791402973171684,0.9960382596171438
1.4036365812135555e+18,4.6551355257,-1.8415718393,1.0225625975,1.4036365812135555e+18,4.619731315551808,-1.78998137992454,1.0247607665576168
1.4036365812635556e+18,4.6553100964,-1.8405548393,1.0461137821,1.4036365812635556e+18,4.618934860431649,-1.7889614831788032,1.046632304332282
1.4036365813135555e+18,4.6569095013,-1.8399190938,1.0639175259,1.4036365813135555e+18,4.620147773376782,-1.7869286149451566,1.0632850807232315
1.4036365813635556e+18,4.6586259151,-1.8398263352,1.0738669267,1.4036365813635556e+18,4.622559046728184,-1.7871560176815715,1.0738039733254126
1.4036365814135555e+18,4.6607757299,-1.8391279976,1.0744901898,1.4036365814135555e+18,4.623473412888963,-1.7862038153019963,1.0715704316958423
1.4036365814635556e+18,4.6631142052,-1.8386877869,1.0659636925,1.4036365814635556e+18,4.626035391716939,-1.7864630380405429,1.0657226223092344
1.4036365815135555e+18,4.6656575418,-1.8384611738,1.0492260766,1.4036365815135555e+18,4.626435985705461,-1.7864176679166823,1.0475349405163934
1.4036365815635556e+18,4.6671015434,-1.8384954213,1.0261007203,1.4036365815635556e+18,4.625752751162866,-1.7858899791855392,1.0240205395898951
1.4036365816135555e+18,4.6685127859,-1.8387733808,0.9986153796,1.4036365816135555e+18,4.632999187088724,-1.7877062704775832,0.9980903604459247
1.4036365816635556e+18,4.6697485696,-1.8389791244,0.9680789477,1.4036365816635556e+18,4.631908414644173,-1.7860598117761368,0.965759951356195
1.4036365817135555e+18,4.6714020867,-1.8384458341,0.9361128152,1.4036365817135555e+18,4.631874251652935,-1.7840382128271908,0.9311600024917684
1.4036365817635556e+18,4.6731657492,-1.8384989389,0.9033135722,1.4036365817635556e+18,4.633691639148005,-1.7833223969692802,0.8969554919549667
1.4036365818135555e+18,4.6759169156,-1.8397860467,0.8702705074,1.4036365818135555e+18,4.63479847968622,-1.7822865458491761,0.8633842984291137
1.4036365818635556e+18,4.6786374123,-1.841249824,0.8369674237,1.4036365818635556e+18,4.636868839516556,-1.7833493584240216,0.828198320830524
1.4036365819135555e+18,4.6789098604,-1.8380702615,0.8001037439,1.4036365819135555e+18,4.639749233519719,-1.7848625060981502,0.793512175813739
1.4036365819635556e+18,4.6811060719,-1.8394680876,0.7678572354,1.4036365819635556e+18,4.643973766144861,-1.7885587774933673,0.7614348501205215
1.4036365820135555e+18,4.6827184977,-1.8407854533,0.7374569596,1.4036365820135555e+18,4.646034558004448,-1.790042046288695,0.7305606363285884
1.4036365820635556e+18,4.6845440892,-1.8424677579,0.7100893352,1.4036365820635556e+18,4.647603558782593,-1.7920860943023316,0.704791091691551
1.4036365821135555e+18,4.6864177192,-1.8444039956,0.6874845691,1.4036365821135555e+18,4.649466389169812,-1.7941974575058506,0.6831604509344704
1.4036365821635556e+18,4.688083509,-1.8470605446,0.6715031647,1.4036365821635556e+18,4.64987150123631,-1.7963797700339852,0.6652604501429283
1.4036365822135555e+18,4.6891591032,-1.8492694573,0.6629683725,1.4036365822135555e+18,4.652396444887783,-1.799245483360707,0.6583980369697585
1.4036365822635556e+18,4.688956322,-1.8505991866,0.6629868294,1.4036365822635556e+18,4.651815939345841,-1.800314013787345,0.6589013943471773
1.4036365823135555e+18,4.6875128361,-1.8515523631,0.6724144801,1.4036365823135555e+18,4.64985855243584,-1.8008464691347692,0.6693264006625468
1.4036365823635556e+18,4.6853306676,-1.8524845822,0.6904417901,1.4036365823635556e+18,4.649339014085665,-1.8026770197270487,0.6895000322427782
1.4036365824135555e+18,4.6828575878,-1.8532336282,0.7145279947,1.4036365824135555e+18,4.646049288173799,-1.802218877276345,0.7125725952897866
1.4036365824635556e+18,4.680023391,-1.8534587651,0.7424402375,1.4036365824635556e+18,4.644183536764119,-1.8023778399896437,0.7416169749421411
1.4036365825135555e+18,4.6769995062,-1.8528007494,0.7726710934,1.4036365825135555e+18,4.642007948126648,-1.8013308107359551,0.7728315656496163
1.4036365825635556e+18,4.6739380479,-1.8519962549,0.8046517355,1.4036365825635556e+18,4.642066044029726,-1.8005832412286529,0.8062679539649605
1.4036365826135555e+18,4.6713172136,-1.8505469065,0.8369736729,1.4036365826135555e+18,4.639900921039018,-1.7999256426796024,0.8407865598645076
1.4036365826635556e+18,4.6689739902,-1.8491169488,0.8698644611,1.4036365826635556e+18,4.638274158181644,-1.7982256388701674,0.8749171969998766
1.4036365827135555e+18,4.666956715,-1.8475400173,0.9022681926,1.4036365827135555e+18,4.6368477394423495,-1.796228604030327,0.9083822730139732
1.4036365827635556e+18,4.6641369394,-1.8450330233,0.935027138,1.4036365827635556e+18,4.635108518966022,-1.7926010176961282,0.9422591817516163
1.4036365828135555e+18,4.6612415428,-1.8419590174,0.9669980498,1.4036365828135555e+18,4.633224169145164,-1.789128088356778,0.9750645328094033
1.4036365828635556e+18,4.6653702485,-1.8363505927,1.0041399424,1.4036365828635556e+18,4.631406524593693,-1.785258306301977,1.0080900731321984
1.4036365829135555e+18,4.6641805171,-1.8331189909,1.0350233718,1.4036365829135555e+18,4.628802951237748,-1.7806566565405906,1.0342906973157149
1.4036365829635556e+18,4.6637638722,-1.8303675678,1.0625889369,1.4036365829635556e+18,4.628688126740106,-1.777970642722215,1.0614389576574095
1.4036365830135555e+18,4.6639959243,-1.8285458661,1.0843242503,1.4036365830135555e+18,4.629247141196729,-1.7759225186474192,1.0830731847458548
1.4036365830635556e+18,4.6648170828,-1.8273142,1.0986794807,1.4036365830635556e+18,4.630009063512787,-1.7748409944351988,1.0969643321484992
1.4036365831135555e+18,4.6654470081,-1.8261826713,1.1052410223,1.4036365831135555e+18,4.631028776683636,-1.774279608874092,1.1028438446726463
1.4036365831635556e+18,4.6661069801,-1.8250725751,1.102718976,1.4036365831635556e+18,4.631877151939192,-1.773714041268368,1.0998410179613582
1.4036365832135555e+18,4.6666013839,-1.8247096993,1.0920801805,1.4036365832135555e+18,4.632405704196689,-1.7737466808697153,1.0885923089991751
1.4036365832635556e+18,4.6668634644,-1.8249769341,1.0744048486,1.4036365832635556e+18,4.6326553515203415,-1.7742556499807756,1.0700917794583655
1.4036365833135555e+18,4.6666349144,-1.8250098419,1.051836681,1.4036365833135555e+18,4.632373374796229,-1.7743561717561755,1.0466758565907335
1.4036365833635556e+18,4.6668029281,-1.8244978174,1.0244160706,1.4036365833635556e+18,4.632506574254692,-1.7735210784628714,1.0186684750547872
1.4036365834135555e+18,4.6672885335,-1.8241092349,0.9941015029,1.4036365834135555e+18,4.6326421008258984,-1.7725243817391882,0.9877916060764799
1.4036365834635556e+18,4.6689841537,-1.8240200649,0.9608636054,1.4036365834635556e+18,4.634225452121105,-1.772568333641692,0.9539991881263699
1.4036365835135555e+18,4.6703067821,-1.8240759622,0.9269100812,1.4036365835135555e+18,4.633794361148761,-1.770293216950742,0.9195511154580721
1.4036365835635556e+18,4.6722037704,-1.8239806715,0.8920071943,1.4036365835635556e+18,4.63526853723857,-1.7694612271028916,0.8842866114999135
1.4036365836135555e+18,4.6732636189,-1.8238805333,0.8565259278,1.4036365836135555e+18,4.63648737647672,-1.769644409692558,0.8480273657699633
1.4036365836635556e+18,4.6752087142,-1.8255498139,0.8220253431,1.4036365836635556e+18,4.638288638063041,-1.7706909971432923,0.8125874458289308
1.4036365837135555e+18,4.6764493059,-1.8232040641,0.7864114095,1.4036365837135555e+18,4.639666387738036,-1.771983543745795,0.7787824805043663
1.4036365837635556e+18,4.6786366552,-1.8246669943,0.7559865394,1.4036365837635556e+18,4.641899182342742,-1.7733615996037047,0.7478461395709585
1.4036365838135555e+18,4.6809242484,-1.82599308,0.7279563774,1.4036365838135555e+18,4.643965607135948,-1.774922091848171,0.719560422784072
1.4036365838635556e+18,4.6830458322,-1.8272134384,0.7025755972,1.4036365838635556e+18,4.646283802473885,-1.7763850738765692,0.694471368361383
1.4036365839135555e+18,4.6855251521,-1.8281195739,0.6803458162,1.4036365839135555e+18,4.6473004092365064,-1.777137654203619,0.6710921611455752
1.4036365839635556e+18,4.6880728302,-1.8296851333,0.6629059159,1.4036365839635556e+18,4.6496622802427785,-1.7788546890094328,0.6543847585544008
1.4036365840135555e+18,4.690221914,-1.8320161297,0.6513369776,1.4036365840135555e+18,4.6515746253940025,-1.7812170290917666,0.6433245359659427
1.4036365840635556e+18,4.6916948854,-1.8345220098,0.6463336748,1.4036365840635556e+18,4.652537925277188,-1.78347897416601,0.6386559517973133
1.4036365841135555e+18,4.6918607229,-1.836107045,0.6486878322,1.4036365841135555e+18,4.651593610673332,-1.784144131022475,0.6413565983044502
1.4036365841635556e+18,4.6908446926,-1.8367976958,0.6583222756,1.4036365841635556e+18,4.65013362510149,-1.7844730090944125,0.6514371396983849
1.4036365842135555e+18,4.6889777125,-1.8366758613,0.6748990768,1.4036365842135555e+18,4.6477295538976495,-1.7839592862610345,0.6685181877511364
1.4036365842635556e+18,4.6866021931,-1.8363575563,0.6969871283,1.4036365842635556e+18,4.645075628087445,-1.7834335860929096,0.6906670969589133
1.4036365843135555e+18,4.6837139879,-1.8357602929,0.7228081469,1.4036365843135555e+18,4.642015563319715,-1.782506416480383,0.7172152286843363
1.4036365843635556e+18,4.6801901939,-1.8341942481,0.7519309042,1.4036365843635556e+18,4.640685747545109,-1.7817809320953177,0.7509247179566342
1.4036365844135555e+18,4.6760637521,-1.831371389,0.783851941,1.4036365844135555e+18,4.638019571128819,-1.7800290180683287,0.783177699571509
1.4036365844635556e+18,4.6714600354,-1.828353207,0.8177506288,1.4036365844635556e+18,4.634044235534326,-1.7769488343377835,0.8187056672293866
1.4036365845135555e+18,4.6668379937,-1.8259003161,0.853249085,1.4036365845135555e+18,4.630002070847668,-1.7744860978569261,0.8556844748668901
1.4036365845635556e+18,4.6618533916,-1.8236463385,0.8896899896,1.4036365845635556e+18,4.623456654988071,-1.7705915116598994,0.8923986149897497
1.4036365846135555e+18,4.656841642,-1.8214077035,0.9265069909,1.4036365846135555e+18,4.619008539245344,-1.7681046521453208,0.9301670862837298
1.4036365846635556e+18,4.6523076412,-1.8195301305,0.9621520884,1.4036365846635556e+18,4.619132562140447,-1.7677963607027563,0.9671227478014645
1.4036365847135555e+18,4.6489145088,-1.8183096693,0.996148754,1.4036365847135555e+18,4.616735913508319,-1.7663759744731946,1.0019882536841456
1.4036365847635556e+18,4.6525036096,-1.8166405777,1.0340973124,1.4036365847635556e+18,4.6152335916484635,-1.7654909232387839,1.033822612594066
1.4036365848135555e+18,4.651590995,-1.816360571,1.0634597879,1.4036365848135555e+18,4.613378719303647,-1.7656555397603937,1.0637695598611312
1.4036365848635556e+18,4.6513760915,-1.816889367,1.0886058076,1.4036365848635556e+18,4.613164202227904,-1.766363538760153,1.0882362303046964
1.4036365849135555e+18,4.6518471565,-1.8179891609,1.1082838877,1.4036365849135555e+18,4.615014709946555,-1.76684525726419,1.1097014658509905
1.4036365849635556e+18,4.6519556539,-1.8190238704,1.1206167439,1.4036365849635556e+18,4.615133350140056,-1.7680100896731146,1.1211033524938967
1.4036365850135555e+18,4.6516828441,-1.8191398689,1.1251993987,1.4036365850135555e+18,4.614833707443979,-1.7683874086896918,1.1249705713386025
1.4036365850635556e+18,4.6513861861,-1.8191915968,1.1220375,1.4036365850635556e+18,4.614802314148599,-1.7692383577104378,1.1207691606862
1.4036365851135555e+18,4.6510004787,-1.8192327659,1.1122594751,1.4036365851135555e+18,4.614286713976741,-1.7696296395180768,1.1101802767828215
1.4036365851635556e+18,4.6506428649,-1.8187672629,1.0961943748,1.4036365851635556e+18,4.614077201662925,-1.7696223326020657,1.0933939850517942
1.4036365852135555e+18,4.6503011901,-1.8176555914,1.0754269348,1.4036365852135555e+18,4.613955071018223,-1.768757263425224,1.0721402341294275
1.4036365852635556e+18,4.6502647486,-1.8157203093,1.0510134723,1.4036365852635556e+18,4.614209628579678,-1.766712619721399,1.0478289094542723
1.4036365853135555e+18,4.6504151953,-1.8137223477,1.0248494234,1.4036365853135555e+18,4.6146487440716335,-1.7645690436648656,1.0219264826838208
1.4036365853635556e+18,4.6511899976,-1.8119147545,0.9972690536,1.4036365853635556e+18,4.61593043105817,-1.763987919700402,0.9914803219353754
1.4036365854135555e+18,4.651891211,-1.8105774675,0.970066758,1.4036365854135555e+18,4.615906070402804,-1.7589751934995395,0.9690739312803474
1.4036365854635556e+18,4.6539702308,-1.8106399458,0.9432271776,1.4036365854635556e+18,4.617357230209978,-1.7576669959373732,0.9422223714334494
1.4036365855135555e+18,4.6570390131,-1.8114432298,0.9172675251,1.4036365855135555e+18,4.619688436594831,-1.7569386381325836,0.9160382869655415
1.4036365855635556e+18,4.6596565139,-1.8089960762,0.8908350399,1.4036365855635556e+18,4.626093920223795,-1.762663700448096,0.8904927127250175
1.4036365856135555e+18,4.6655216091,-1.8112623344,0.8694285472,1.4036365856135555e+18,4.631675514060965,-1.765000411535421,0.8691720571539263
1.4036365856635556e+18,4.6714178742,-1.8136417811,0.851831705,1.4036365856635556e+18,4.63764585053672,-1.7671691992921947,0.8516058122820063
1.4036365857135555e+18,4.6778477371,-1.8167346017,0.8380386496,1.4036365857135555e+18,4.643941015983423,-1.7695806864580221,0.8378262788711862
1.4036365857635556e+18,4.683529538,-1.8190340095,0.8280330012,1.4036365857635556e+18,4.6469812108287325,-1.7686107388832197,0.8271670629824733
1.4036365858135555e+18,4.6890187011,-1.8218858198,0.8215145495,1.4036365858135555e+18,4.652106981413168,-1.7699986956658849,0.820171396587498
1.4036365858635556e+18,4.6943946621,-1.8244561567,0.8178795983,1.4036365858635556e+18,4.656808420178734,-1.7719956059888704,0.8164539741648797
1.4036365859135555e+18,4.6993281037,-1.8268945198,0.8166444294,1.4036365859135555e+18,4.661878601895524,-1.7758799076520133,0.8158081547936749
1.4036365859635556e+18,4.7034842739,-1.8285060584,0.8162651209,1.4036365859635556e+18,4.665737476641607,-1.7774304671541499,0.8159348715381449
1.4036365860135555e+18,4.7065861324,-1.8295895707,0.8165071578,1.4036365860135555e+18,4.668599620752808,-1.7786386946400152,0.816883717183155
1.4036365860635556e+18,4.709044278,-1.8299897497,0.8169467747,1.4036365860635556e+18,4.671314916549197,-1.7790460572020357,0.8178521407191035
1.4036365861135555e+18,4.7109837893,-1.8314937514,0.8183447701,1.4036365861135555e+18,4.673383642786103,-1.7808857223590795,0.8199597697373453
1.4036365861635556e+18,4.7126469004,-1.8338590515,0.8204599966,1.4036365861635556e+18,4.675144229142934,-1.7836494698794891,0.8225893369950763
1.4036365862135555e+18,4.7148760456,-1.8370008843,0.8228286286,1.4036365862135555e+18,4.678267754500158,-1.7875268494455359,0.8246737681891435
1.4036365862635556e+18,4.7180969722,-1.8402173055,0.8248392724,1.4036365862635556e+18,4.6811661302024055,-1.7908583094910706,0.826917624565471
1.4036365863135555e+18,4.7217253199,-1.8429728235,0.8266929934,1.4036365863135555e+18,4.684628486232063,-1.7936632555200565,0.8289008188765722
1.4036365863635556e+18,4.7264149675,-1.8453593331,0.8280296877,1.4036365863635556e+18,4.688992317039894,-1.7960543568304361,0.8303900618745612
1.4036365864135555e+18,4.7315551107,-1.8476762787,0.8292004826,1.4036365864135555e+18,4.6940274317186885,-1.7984005773201712,0.83137812486956
1.4036365864635556e+18,4.7376047549,-1.8493863844,0.8299690782,1.4036365864635556e+18,4.69997984443912,-1.7998457740771014,0.8321894909186688
1.4036365865135555e+18,4.7436274893,-1.850003987,0.8310796936,1.4036365865135555e+18,4.705578461000635,-1.8003793746734493,0.8333193834227721
1.4036365865635556e+18,4.7489406699,-1.8495423132,0.8328969621,1.4036365865635556e+18,4.7103483419901435,-1.799657752558494,0.8350974662487441
1.4036365866135555e+18,4.7531478303,-1.8475940208,0.8352072697,1.4036365866135555e+18,4.714166135075707,-1.7976866940643925,0.8377692039140673
1.4036365866635556e+18,4.7558890355,-1.8439621864,0.8377280404,1.4036365866635556e+18,4.716808699942082,-1.7938923785679253,0.8402381487654025
1.4036365867135555e+18,4.7577051072,-1.8396698827,0.8400314352,1.4036365867135555e+18,4.718517799286219,-1.789326411314005,0.8423473668361829
1.4036365867635556e+18,4.7584996648,-1.8354887618,0.8416954725,1.4036365867635556e+18,4.719134038930195,-1.7848430892013114,0.8435172078219554
1.4036365868135555e+18,4.7584585267,-1.8305573568,0.842944597,1.4036365868135555e+18,4.719058782748379,-1.7796138976997806,0.8444518789330151
1.4036365868635556e+18,4.7578824973,-1.826558653,0.8430461638,1.4036365868635556e+18,4.718531339801776,-1.7754885548463792,0.8443601510108669
1.4036365869135555e+18,4.756735101,-1.8241079353,0.8426152179,1.4036365869135555e+18,4.717188713187232,-1.7729848276729794,0.8439541767670307
1.4036365869635556e+18,4.7550759602,-1.8224303278,0.8422723406,1.4036365869635556e+18,4.715475888240104,-1.7716016105052625,0.8441177856092372
1.4036365870135555e+18,4.753073872,-1.8205942346,0.8422103039,1.4036365870135555e+18,4.712974097833624,-1.76961008518323,0.8441129075064945
1.4036365870635556e+18,4.7510119171,-1.8190298553,0.8421867146,1.4036365870635556e+18,4.710538519481865,-1.767835074328404,0.8441184215393803
1.4036365871135555e+18,4.7491116635,-1.8168321332,0.8423070713,1.4036365871135555e+18,4.708765727129887,-1.7652020197841196,0.8439228139972809
1.4036365871635556e+18,4.7475883481,-1.8135587879,0.8419777677,1.4036365871635556e+18,4.706873132062233,-1.7617827333906912,0.8437394757498928
1.4036365872135555e+18,4.7463112024,-1.8090096242,0.8417106568,1.4036365872135555e+18,4.705320172515553,-1.756999234686882,0.8436006986289133
1.4036365872635556e+18,4.7453167642,-1.8028301048,0.8412297611,1.4036365872635556e+18,4.704336449922872,-1.750584424041722,0.84317329172738
1.4036365873135555e+18,4.7446476217,-1.7947835778,0.8407569168,1.4036365873135555e+18,4.703818900483697,-1.7422604585916508,0.8427351374649503
1.4036365873635556e+18,4.7443405282,-1.7847863735,0.8403218392,1.4036365873635556e+18,4.703642868829252,-1.7320876541513168,0.8423910898897958
1.4036365874135555e+18,4.7445378063,-1.7733340651,0.8399805614,1.4036365874135555e+18,4.704209985670397,-1.7203820991729382,0.8420955471315069
1.4036365874635556e+18,4.7456917159,-1.7604937879,0.8396706039,1.4036365874635556e+18,4.705705483861229,-1.7072139937459896,0.8415330179235215
1.4036365875135555e+18,4.7477660688,-1.7462569108,0.8395622392,1.4036365875135555e+18,4.708004975330772,-1.692601942886855,0.8412395727883849
1.4036365875635556e+18,4.7508131006,-1.7305946001,0.8395723038,1.4036365875635556e+18,4.711288099220797,-1.6765843822014945,0.8410564318741056
1.4036365876135555e+18,4.7540624486,-1.7135179557,0.839871495,1.4036365876135555e+18,4.715440467850905,-1.6592823953269906,0.8415364986658875
1.4036365876635556e+18,4.7574207178,-1.6955372677,0.8406219479,1.4036365876635556e+18,4.7192012592780115,-1.6410661664788666,0.8422116775601196
1.4036365877135555e+18,4.7605786877,-1.6766215509,0.8417113848,1.4036365877135555e+18,4.722927940023338,-1.6225397865356013,0.8428261996457891
1.4036365877635556e+18,4.7638285412,-1.6576357947,0.8429028634,1.4036365877635556e+18,4.726845254398598,-1.6035506211039747,0.8437521851620098
1.4036365878135555e+18,4.7674884349,-1.6387311953,0.8435518674,1.4036365878135555e+18,4.731031722240152,-1.5847853839888981,0.8441676219951565
1.4036365878635556e+18,4.771549746,-1.6202338642,0.843381329,1.4036365878635556e+18,4.735516650143158,-1.5664121791075998,0.8438132842837435
1.4036365879135555e+18,4.7761071969,-1.6025125556,0.8421281731,1.4036365879135555e+18,4.740488083265503,-1.5489745347548987,0.8425046810373672
1.4036365879635556e+18,4.7809546733,-1.5855564437,0.8401033114,1.4036365879635556e+18,4.745521934859803,-1.5322513636656694,0.8405659593725288
1.4036365880135555e+18,4.7859073871,-1.5695677517,0.8377432281,1.4036365880135555e+18,4.750727020054101,-1.516462198492789,0.8383690052295719
1.4036365880635556e+18,4.7901350152,-1.5551825669,0.8351697747,1.4036365880635556e+18,4.755974887375719,-1.5023745732813942,0.8360361507913621
1.4036365881135555e+18,4.7939409087,-1.5428546361,0.8325896612,1.4036365881135555e+18,4.759763348160679,-1.490230745504462,0.8333572864502183
1.4036365881635556e+18,4.7974896458,-1.5318369422,0.8300698883,1.4036365881635556e+18,4.7619988941610245,-1.4782271716018305,0.8288933166059209
1.4036365882135555e+18,4.8003105905,-1.5227593932,0.8277060855,1.4036365882135555e+18,4.7645983188750165,-1.4693709200304366,0.8265108988962677
1.4036365882635556e+18,4.8023183677,-1.515752931,0.8257453613,1.4036365882635556e+18,4.766534276054953,-1.4625501697245795,0.8243302016092507
1.4036365883135555e+18,4.8035735536,-1.5109040302,0.8243949507,1.4036365883135555e+18,4.768186854946815,-1.4581476327031557,0.8229278633991838
1.4036365883635556e+18,4.8044289687,-1.5081916164,0.8232321834,1.4036365883635556e+18,4.768910088032984,-1.4556328686388935,0.8216295499021032
1.4036365884135555e+18,4.8049455602,-1.5076406879,0.8223916205,1.4036365884135555e+18,4.769396930958653,-1.4553197327807756,0.8206777176698982
1.4036365884635556e+18,4.8049884994,-1.5089909839,0.821845138,1.4036365884635556e+18,4.769427390506206,-1.4570223234438207,0.8201387599087198
1.4036365885135555e+18,4.8049498711,-1.5120692044,0.8220159868,1.4036365885135555e+18,4.769317577714905,-1.4605914218305358,0.8205763427837389
1.4036365885635556e+18,4.8041627372,-1.5172627608,0.823346288,1.4036365885635556e+18,4.768399274511433,-1.4663268445098314,0.822191286444616
1.4036365886135555e+18,4.8028727345,-1.5249997312,0.8253557679,1.4036365886135555e+18,4.767089920758347,-1.4745161752627831,0.8243387785662644
1.4036365886635556e+18,4.8013396082,-1.5347174991,0.827506582,1.4036365886635556e+18,4.765567308527917,-1.484678203201761,0.8264578263931398
1.4036365887135555e+18,4.7997567933,-1.5467168693,0.8288361341,1.4036365887135555e+18,4.763761482051397,-1.496775351197746,0.8276894759322506
1.4036365887635556e+18,4.797996502,-1.5600724199,0.8294046699,1.4036365887635556e+18,4.761646430066425,-1.5103596291595767,0.8283780611131982
1.4036365888135555e+18,4.7955148294,-1.5746774243,0.8297162606,1.4036365888135555e+18,4.759035808902225,-1.5252034409412976,0.828646129623825
1.4036365888635556e+18,4.79214425,-1.5908513052,0.829913842,1.4036365888635556e+18,4.755214615904482,-1.5415735665818984,0.828731665340181
1.4036365889135555e+18,4.7881713556,-1.6087257249,0.8307052896,1.4036365889135555e+18,4.750942970519101,-1.5595232948204456,0.8295256066962815
1.4036365889635556e+18,4.7840572809,-1.6277942478,0.8320276616,1.4036365889635556e+18,4.746506582301495,-1.578655123439555,0.8309749701079492
1.4036365890135555e+18,4.7797551436,-1.6479092732,0.8339192838,1.4036365890135555e+18,4.742186436536368,-1.5985754067636542,0.8329773590186009
1.4036365890635556e+18,4.7753651255,-1.66903924,0.836419716,1.4036365890635556e+18,4.737440224227754,-1.620462032393739,0.8355009147750174
1.4036365891135555e+18,4.7707166218,-1.6905054192,0.839223496,1.4036365891135555e+18,4.732315290850096,-1.6419311091249345,0.8381911843860951
1.4036365891635556e+18,4.7654678661,-1.7125016326,0.8423898498,1.4036365891635556e+18,4.7267001933735315,-1.6640535600658577,0.8412030640790303
1.4036365892135555e+18,4.7599001703,-1.7352075788,0.8454893617,1.4036365892135555e+18,4.7210998178078825,-1.6864332410669525,0.8447779043375232
1.4036365892635556e+18,4.7543559135,-1.7584695243,0.8479939057,1.4036365892635556e+18,4.71504951293498,-1.7102088032695342,0.8473285313668215
1.4036365893135555e+18,4.7488313013,-1.7819333445,0.849769864,1.4036365893135555e+18,4.7087062693484585,-1.7337706930519103,0.8490543320001418
1.4036365893635556e+18,4.7431729102,-1.8058054022,0.8505887302,1.4036365893635556e+18,4.702480719478748,-1.757657601983284,0.8496060228883893
1.4036365894135555e+18,4.7372869246,-1.8291327636,0.8510235217,1.4036365894135555e+18,4.696365596873496,-1.7809246400412242,0.8506473565443561
1.4036365894635556e+18,4.7313202372,-1.8522555895,0.8513019022,1.4036365894635556e+18,4.689814631366154,-1.8040244607668159,0.8510409080867798
1.4036365895135555e+18,4.7252038469,-1.8756346388,0.851271104,1.4036365895135555e+18,4.682924621016459,-1.8282951519607824,0.8508980596762675
1.4036365895635556e+18,4.7192969066,-1.8991976327,0.851254572,1.4036365895635556e+18,4.676673589348895,-1.8517136188594836,0.8507112458465866
1.4036365896135555e+18,4.7133701468,-1.9223268063,0.8509610971,1.4036365896135555e+18,4.670451376579574,-1.874809031153497,0.8503947968041996
1.4036365896635556e+18,4.7075078683,-1.9453384153,0.8506575803,1.4036365896635556e+18,4.6644652592197,-1.8980213979815161,0.8503458433412915
1.4036365897135555e+18,4.7019129612,-1.9681060183,0.8501632065,1.4036365897135555e+18,4.658610861703398,-1.9206633366732209,0.8497955892989515
1.4036365897635556e+18,4.6964483738,-1.9906131216,0.8490846544,1.4036365897635556e+18,4.652703820429038,-1.9429977586315261,0.8484017213545103
1.4036365898135555e+18,4.6914986044,-2.0119008104,0.8474656337,1.4036365898135555e+18,4.647431090876757,-1.9641217187598887,0.8471224948736287
1.4036365898635556e+18,4.687141395,-2.0315932342,0.8454034911,1.4036365898635556e+18,4.642410743806867,-1.983365692284507,0.844928357111701
1.4036365899135555e+18,4.6830814481,-2.0497554569,0.8431293516,1.4036365899135555e+18,4.637723557428187,-2.0010908878584575,0.8424675870097378
1.4036365899635556e+18,4.679302094,-2.0664974687,0.8411348214,1.4036365899635556e+18,4.633552861574845,-2.018743129838863,0.8401336749295628
1.4036365900135555e+18,4.6758580526,-2.0815914201,0.8395818704,1.4036365900135555e+18,4.629510984288234,-2.0332875051814234,0.8382525092359194
1.4036365900635556e+18,4.6727460747,-2.094112636,0.8393601866,1.4036365900635556e+18,4.626030842079511,-2.045298401342274,0.8378295462418889
1.4036365901135555e+18,4.6702240535,-2.1043635999,0.8396018943,1.4036365901135555e+18,4.624195213205462,-2.0555133975829074,0.8379739105140215
1.4036365901635556e+18,4.6684665841,-2.1118275356,0.8404063538,1.4036365901635556e+18,4.622158989553727,-2.0622703037323062,0.8385374827280527
1.4036365902135555e+18,4.6679247438,-2.1160599839,0.8413290603,1.4036365902135555e+18,4.6215467948933355,-2.0659175309055104,0.8393374064463067
1.4036365902635556e+18,4.6686342322,-2.1172292147,0.8421886513,1.4036365902635556e+18,4.6218721452728415,-2.0661922129770414,0.8405893361953317
1.4036365903135555e+18,4.670606058,-2.1154571054,0.8430208154,1.4036365903135555e+18,4.623907726665708,-2.0640783382423447,0.8414676051343639
1.4036365903635556e+18,4.6735435774,-2.1107657346,0.8438248855,1.4036365903635556e+18,4.6271924425757085,-2.059363993355333,0.8423487985356879
1.4036365904135555e+18,4.6776477245,-2.1031678525,0.8447008489,1.4036365904135555e+18,4.631582046449548,-2.0516171637421126,0.8435017364296513
1.4036365904635556e+18,4.6823357763,-2.0925531482,0.8458037808,1.4036365904635556e+18,4.636866248345696,-2.0410301938845112,0.844918809703465
1.4036365905135555e+18,4.6879548842,-2.0796935281,0.8473214212,1.4036365905135555e+18,4.643064756035865,-2.0281085715736347,0.8469123163136764
1.4036365905635556e+18,4.6940305695,-2.0647190861,0.8488526245,1.4036365905635556e+18,4.649638413704565,-2.0131577177487583,0.8489279546692757
1.4036365906135555e+18,4.7005423887,-2.0482001941,0.8504590613,1.4036365906135555e+18,4.6572407273304925,-1.9961257913280743,0.8510544678737265
1.4036365906635556e+18,4.7070899847,-2.0302202493,0.8515405866,1.4036365906635556e+18,4.664419755644082,-1.978089052033328,0.8523676034472587
1.4036365907135555e+18,4.7138344811,-2.0111221807,0.8521930946,1.4036365907135555e+18,4.671579845905371,-1.9587635772876093,0.8531454606389357
1.4036365907635556e+18,4.7204115577,-1.9909448082,0.8521838723,1.4036365907635556e+18,4.677886297933678,-1.9383862844303217,0.8530302894828605
1.4036365908135555e+18,4.7269833116,-1.9701599448,0.851653193,1.4036365908135555e+18,4.6845219663634055,-1.9172762449911593,0.8521257071941692
1.4036365908635556e+18,4.7334582645,-1.9483136461,0.8505312816,1.4036365908635556e+18,4.691145409755515,-1.895161562432624,0.8506435661675379
1.4036365909135555e+18,4.7399492419,-1.9255651421,0.8493804814,1.4036365909135555e+18,4.697691420157594,-1.872202519431373,0.8492659173037508
1.4036365909635556e+18,4.7464487749,-1.9023273464,0.8480242972,1.4036365909635556e+18,4.704359900812238,-1.8487717659485225,0.8477571745079474
1.4036365910135555e+18,4.7524687676,-1.8791621561,0.8466576861,1.4036365910135555e+18,4.709941171413439,-1.8240364194668253,0.8468796128329055
1.4036365910635556e+18,4.758092119,-1.8566201566,0.8455438929,1.4036365910635556e+18,4.715724263417477,-1.8011537446910642,0.8454348910897406
1.4036365911135555e+18,4.7632994502,-1.8342652596,0.8447768437,1.4036365911135555e+18,4.721881881386077,-1.7789144414767604,0.8436609567087561
1.4036365911635556e+18,4.768134966,-1.8126848956,0.8439912894,1.4036365911635556e+18,4.727057824827149,-1.7574880685661483,0.8426198436485717
1.4036365912135555e+18,4.7726068559,-1.7918720401,0.8430217296,1.4036365912135555e+18,4.73177752244805,-1.7367682315564499,0.841454160244777
1.4036365912635556e+18,4.7768136263,-1.7723244195,0.8412935093,1.4036365912635556e+18,4.736108355625602,-1.717281012345539,0.8394990163390891
1.4036365913135555e+18,4.7804912757,-1.7543826935,0.838935717,1.4036365913135555e+18,4.739622236865132,-1.6990707270417813,0.8367933893676877
1.4036365913635556e+18,4.7836043364,-1.7386222818,0.8360897169,1.4036365913635556e+18,4.743077779808718,-1.683614524274955,0.8339493892930184
1.4036365914135555e+18,4.7859225789,-1.7251636771,0.832665162,1.4036365914135555e+18,4.745525037540642,-1.6700756721361771,0.8330295623552305
1.4036365914635556e+18,4.7871977869,-1.7136998588,0.8287076702,1.4036365914635556e+18,4.747033086458899,-1.6590589894025287,0.8289045445882376
1.4036365915135555e+18,4.7876629575,-1.7029213966,0.8245774257,1.4036365915135555e+18,4.7478375414860725,-1.6485319708083703,0.8248191729508303
1.4036365915635556e+18,4.7869408391,-1.6927615709,0.8203660689,1.4036365915635556e+18,4.747910414891338,-1.6376940310980632,0.8190694137410881
1.4036365916135555e+18,4.7850710618,-1.6833601847,0.816203555,1.4036365916135555e+18,4.7470225444710525,-1.6299456943364912,0.815487041559999
1.4036365916635556e+18,4.7824380097,-1.6756786015,0.8127739948,1.4036365916635556e+18,4.745460833092693,-1.6228511307671925,0.812184350461695
1.4036365917135555e+18,4.7798052135,-1.6698702366,0.8101889772,1.4036365917135555e+18,4.743723732906961,-1.6175325480310407,0.8098577555248491
1.4036365917635556e+18,4.7770767156,-1.664793115,0.8088478593,1.4036365917635556e+18,4.7418398680766085,-1.613017486237884,0.8087737193058421
1.4036365918135555e+18,4.7740880248,-1.6599454219,0.8086649063,1.4036365918135555e+18,4.739753075999646,-1.6082920779387853,0.8094328237606355
1.4036365918635556e+18,4.7714344318,-1.6558985047,0.808957415,1.4036365918635556e+18,4.737635967134972,-1.6047011359676873,0.8095407192081604
1.4036365919135555e+18,4.7687261108,-1.6515643632,0.809549364,1.4036365919135555e+18,4.735233586284706,-1.6007754573796666,0.8097058842603803
1.4036365919635556e+18,4.7661345485,-1.6472811918,0.8098285185,1.4036365919635556e+18,4.732625855697181,-1.5966686592888886,0.8093382882364454
1.4036365920135555e+18,4.7629917589,-1.6411997725,0.8097257265,1.4036365920135555e+18,4.729366035420885,-1.590584449293404,0.8089513847453257
1.4036365920635556e+18,4.7583776976,-1.6331986621,0.8092288308,1.4036365920635556e+18,4.724823241141354,-1.582755141792634,0.8080747565208082
1.4036365921135555e+18,4.7527302135,-1.623937615,0.8083801399,1.4036365921135555e+18,4.7197486316746575,-1.5733506336980987,0.807916111562606
1.4036365921635556e+18,4.7461987541,-1.6138200479,0.8072981311,1.4036365921635556e+18,4.713254552385581,-1.563293886915356,0.8066839134148207
1.4036365922135555e+18,4.7390292262,-1.6035596005,0.8060268666,1.4036365922135555e+18,4.705776436813958,-1.5531994373943536,0.8053988723473593
1.4036365922635556e+18,4.7308101897,-1.5935966209,0.8050252847,1.4036365922635556e+18,4.6972425863282625,-1.5438941224188365,0.804346122563268
1.4036365923135555e+18,4.7213498754,-1.5846030313,0.8042990035,1.4036365923135555e+18,4.68705277698452,-1.5342008994941614,0.8035880830043283
1.4036365923635556e+18,4.7097299869,-1.5768854694,0.8038933731,1.4036365923635556e+18,4.67471715420194,-1.5263282137562797,0.8028584662239826
1.4036365924135555e+18,4.6966546147,-1.570903027,0.8039499493,1.4036365924135555e+18,4.660819083003559,-1.5201029706854463,0.8026866304976907
1.4036365924635556e+18,4.6815491783,-1.5666388845,0.8045032425,1.4036365924635556e+18,4.643802098599323,-1.5156954684516535,0.8022882383390845
1.4036365925135555e+18,4.6650349469,-1.5644524706,0.8054925437,1.4036365925135555e+18,4.62659146532689,-1.5134987931748212,0.8032082803113624
1.4036365925635556e+18,4.6474890994,-1.5644492382,0.8063014029,1.4036365925635556e+18,4.60821142289281,-1.5134350584092142,0.8041376019547655
1.4036365926135555e+18,4.629173046,-1.5666147784,0.8067428039,1.4036365926135555e+18,4.589006449160322,-1.5159829127110291,0.804436830382746
1.4036365926635556e+18,4.6105931194,-1.5710328014,0.8064470579,1.4036365926635556e+18,4.569695053923368,-1.5206689658986594,0.8044140936663218
1.4036365927135555e+18,4.5920816671,-1.578083255,0.8062099706,1.4036365927135555e+18,4.550344244869944,-1.5278566034411023,0.8042697627289264
1.4036365927635556e+18,4.5741769819,-1.5885630571,0.8057611235,1.4036365927635556e+18,4.531690763279079,-1.5385161291176845,0.8041301900927739
1.4036365928135555e+18,4.5570980841,-1.6027212719,0.8057368262,1.4036365928135555e+18,4.513908617189274,-1.552857719778536,0.8038872771509327
1.4036365928635556e+18,4.5417636608,-1.6210738202,0.8050294324,1.4036365928635556e+18,4.497701120930209,-1.5714564355749883,0.8028844045580714
1.4036365929135555e+18,4.5285871811,-1.6427167964,0.8038901316,1.4036365929135555e+18,4.480956674369592,-1.592405632082545,0.7996326499566369
1.4036365929635556e+18,4.5180296435,-1.6676968784,0.8031655251,1.4036365929635556e+18,4.46959358069066,-1.6178622887898484,0.7987915886798845
1.4036365930135555e+18,4.5107419585,-1.6962029704,0.8025571633,1.4036365930135555e+18,4.461401726592162,-1.6467490732320296,0.7981678017766967
1.4036365930635556e+18,4.5062370641,-1.7271022165,0.8024841614,1.4036365930635556e+18,4.45611730297047,-1.6772296824975146,0.7976427921296787
1.4036365931135555e+18,4.5051370686,-1.7595824328,0.8027441095,1.4036365931135555e+18,4.45453019965312,-1.7099900214462738,0.7979632847937677
1.4036365931635556e+18,4.5074224034,-1.793794874,0.8038072324,1.4036365931635556e+18,4.45637688254339,-1.7444091312983812,0.7988775708629478
1.4036365932135555e+18,4.512272458,-1.8281423911,0.8056972066,1.4036365932135555e+18,4.460112466677756,-1.7779090115809022,0.7999935379893124
1.4036365932635556e+18,4.52049192,-1.8620667406,0.8078788928,1.4036365932635556e+18,4.468269348094522,-1.8117279973852818,0.8017257258030875
1.4036365933135555e+18,4.5313092892,-1.8934092104,0.8096830434,1.4036365933135555e+18,4.4790133700155765,-1.842705183268823,0.8032594755945307
1.4036365933635556e+18,4.5449803061,-1.9213287294,0.8105821638,1.4036365933635556e+18,4.492712218389405,-1.8704216547508286,0.8039305904641525
1.4036365934135555e+18,4.561290139,-1.9457003594,0.8105210704,1.4036365934135555e+18,4.508965170576227,-1.894213698056599,0.8037265598153047
1.4036365934635556e+18,4.5800874198,-1.9654016168,0.8094285641,1.4036365934635556e+18,4.52770538872524,-1.913198669935269,0.80274307534111
1.4036365935135555e+18,4.6008204976,-1.9808813153,0.8074544749,1.4036365935135555e+18,4.549093003529709,-1.9285668322109388,0.8013054377914219
1.4036365935635556e+18,4.6227026011,-1.9925036361,0.805055094,1.4036365935635556e+18,4.5709915794052,-1.9394473932838918,0.7988088252350014
1.4036365936135555e+18,4.6454805325,-1.9999243363,0.801904036,1.4036365936135555e+18,4.593946358400238,-1.9461213459183886,0.7954375243523621
1.4036365936635556e+18,4.6688277608,-2.0033993661,0.7987307572,1.4036365936635556e+18,4.6170372296820075,-1.948668118105587,0.7915374814588165
1.4036365937135555e+18,4.6926886604,-2.0025222776,0.7951515153,1.4036365937135555e+18,4.644359974719525,-1.9489279412050222,0.7892455573825127
1.4036365937635556e+18,4.7161043171,-1.9973961831,0.7918563205,1.4036365937635556e+18,4.66843163440965,-1.943217337573456,0.7859065026080839
1.4036365938135555e+18,4.7387520135,-1.9876737329,0.7890007325,1.4036365938135555e+18,4.693391435422275,-1.9334945290549195,0.7828556413823738
1.4036365938635556e+18,4.7604676582,-1.9746355485,0.7869630077,1.4036365938635556e+18,4.718226781749454,-1.9204827898565893,0.7812587460631337
1.4036365939135555e+18,4.7806380295,-1.958261203,0.7859340459,1.4036365939135555e+18,4.741069270632323,-1.9042988826199048,0.780349274580512
1.4036365939635556e+18,4.7995886731,-1.9390944066,0.7854697939,1.4036365939635556e+18,4.762426496709172,-1.8852385834579386,0.7800609649583894
1.4036365940135555e+18,4.8169717055,-1.9174665481,0.7856712704,1.4036365940135555e+18,4.78307383666804,-1.8645327685770583,0.7808289948003468
1.4036365940635556e+18,4.8321556968,-1.8937177246,0.7860895418,1.4036365940635556e+18,4.799970773414874,-1.8407938234373935,0.7813954769385707
1.4036365941135555e+18,4.8446011363,-1.8684513844,0.7865152378,1.4036365941135555e+18,4.813736901325517,-1.8154423505404764,0.7817544538663014
1.4036365941635556e+18,4.8537941714,-1.8412857086,0.7863612166,1.4036365941635556e+18,4.82664334037125,-1.7909177830110536,0.7832880678761133
1.4036365942135555e+18,4.8597488282,-1.8124985247,0.7855689184,1.4036365942135555e+18,4.832964224182546,-1.7620769405209502,0.7824830486785649
1.4036365942635556e+18,4.8621204035,-1.7821695553,0.7842658997,1.4036365942635556e+18,4.835319394724608,-1.731760709462321,0.7811471434348954
1.4036365943135555e+18,4.8609515874,-1.7505268802,0.7830390339,1.4036365943135555e+18,4.833695658148915,-1.7002205459573831,0.7806856184153736
1.4036365943635556e+18,4.8563482567,-1.7180246594,0.7817171859,1.4036365943635556e+18,4.829330653211225,-1.6686762653865912,0.7795813609626949
1.4036365944135555e+18,4.8482621722,-1.6849214355,0.7807462137,1.4036365944135555e+18,4.820660241652325,-1.6358527934648512,0.7788992782062414
1.4036365944635556e+18,4.8373677926,-1.6525075407,0.7797515942,1.4036365944635556e+18,4.80915228583235,-1.603905052363093,0.7781646537481577
1.4036365945135555e+18,4.8238787693,-1.6217267731,0.7789731072,1.4036365945135555e+18,4.795171271311002,-1.5737669480681804,0.7775275861016211
1.4036365945635556e+18,4.8074061461,-1.5945646221,0.7787025538,1.4036365945635556e+18,4.778359150346004,-1.5469292110616384,0.7777138487662426
1.4036365946135555e+18,4.7891721508,-1.5717682741,0.7784316228,1.4036365946135555e+18,4.758445253316922,-1.5230635778791266,0.7758452642514921
1.4036365946635556e+18,4.7691339566,-1.5549168154,0.7783973288,1.4036365946635556e+18,4.7381951679829415,-1.5071680480833147,0.775410354428633
1.4036365947135555e+18,4.747824514,-1.5444706424,0.7780560732,1.4036365947135555e+18,4.7164585045385135,-1.4975929576490081,0.7748184091999464
1.4036365947635556e+18,4.7253906361,-1.540926024,0.7771418212,1.4036365947635556e+18,4.693769354309781,-1.4939751926969485,0.7742714783983534
1.4036365948135555e+18,4.7019042185,-1.5443846014,0.7754365893,1.4036365948135555e+18,4.669910424207301,-1.4981075591838469,0.7726788431895069
1.4036365948635556e+18,4.6777527253,-1.5547124993,0.7736433277,1.4036365948635556e+18,4.644980241611227,-1.508672119267355,0.7710886635478632
1.4036365949135555e+18,4.6539969519,-1.5721225021,0.7719341352,1.4036365949135555e+18,4.619759296645114,-1.5261983667566834,0.7694739432271782
1.4036365949635556e+18,4.6310839858,-1.5959316687,0.7704119126,1.4036365949635556e+18,4.596423300134234,-1.5508103618668416,0.7684890684607625
1.4036365950135555e+18,4.6106436806,-1.6261585567,0.769481319,1.4036365950135555e+18,4.574910852999301,-1.5813042327620488,0.767822333836296
1.4036365950635556e+18,4.5929550469,-1.6604745924,0.7683136977,1.4036365950635556e+18,4.5515105426033164,-1.6130002858067023,0.7645536484795127
1.4036365951135555e+18,4.5780810793,-1.697503133,0.7668994531,1.4036365951135555e+18,4.535343214707471,-1.6497866769385021,0.7634084653979618
1.4036365951635556e+18,4.5661362165,-1.7349900096,0.7656129745,1.4036365951635556e+18,4.522164360159645,-1.687247262988002,0.7623553140881179
1.4036365952135555e+18,4.557848558,-1.772477,0.7647700631,1.4036365952135555e+18,4.511391488020413,-1.7236034181671047,0.7607338220470341
1.4036365952635556e+18,4.5535165417,-1.8078835197,0.7640233797,1.4036365952635556e+18,4.506196528881389,-1.7586963168715177,0.7602966744073703
1.4036365953135555e+18,4.5535423527,-1.8403252456,0.7632688223,1.4036365953135555e+18,4.505555895689329,-1.7907107008878271,0.7599428374818917
1.4036365953635556e+18,4.5576744852,-1.868570071,0.7626902237,1.4036365953635556e+18,4.506911906611276,-1.8177441909213738,0.757951604258459
1.4036365954135555e+18,4.5652762054,-1.8914598282,0.7623060338,1.4036365954135555e+18,4.514089288089264,-1.8395657481213539,0.7577932463240147
1.4036365954635556e+18,4.5765292204,-1.9083836667,0.7620722586,1.4036365954635556e+18,4.524764799177603,-1.854902443188769,0.7579062595359813
1.4036365955135555e+18,4.5907220285,-1.9188035221,0.7615660325,1.4036365955135555e+18,4.537701702062279,-1.866161275247772,0.7570161265852196
1.4036365955635556e+18,4.6082229645,-1.9230428172,0.7606451177,1.4036365955635556e+18,4.554170396196335,-1.868632570330612,0.7562667387964179
1.4036365956135555e+18,4.6277376883,-1.9210150091,0.7593785522,1.4036365956135555e+18,4.572867723490842,-1.865026531734201,0.7552521612415377
1.4036365956635556e+18,4.6490635716,-1.9134716096,0.7573018261,1.4036365956635556e+18,4.594004144248013,-1.857138212399182,0.7534244983706229
1.4036365957135555e+18,4.671036317,-1.9011367998,0.7548533207,1.4036365957135555e+18,4.6157306683143275,-1.8435440673026584,0.7512583355906546
1.4036365957635556e+18,4.6932435929,-1.8835662082,0.7519915717,1.4036365957635556e+18,4.638483163226582,-1.825666184567704,0.748451266708634
1.4036365958135555e+18,4.7154233917,-1.8631187811,0.7484574557,1.4036365958135555e+18,4.661522822943706,-1.8035178860657326,0.745199680557634
1.4036365958635556e+18,4.7376307386,-1.8412214086,0.7445289751,1.4036365958635556e+18,4.684781920137033,-1.780961832356517,0.7416562862766205
1.4036365959135555e+18,4.7577238099,-1.8174984859,0.7412019774,1.4036365959135555e+18,4.709031028242735,-1.7563456007283118,0.7379045186160945
1.4036365959635556e+18,4.7787964881,-1.7957527572,0.7381714151,1.4036365959635556e+18,4.734148437858999,-1.7400904738156067,0.7373814997925996
1.4036365960135555e+18,4.800109176,-1.7767532536,0.7355964222,1.4036365960135555e+18,4.757724864074354,-1.722509025396911,0.7349662462040167
1.4036365960635556e+18,4.8207743677,-1.7619701677,0.733753184,1.4036365960635556e+18,4.780801373972671,-1.7091205468596713,0.7333733816671123
1.4036365961135555e+18,4.8402078927,-1.7527941841,0.7324605648,1.4036365961135555e+18,4.803057644562716,-1.7009206313873428,0.7320566612012283
1.4036365961635556e+18,4.8575705428,-1.7500789714,0.7324483155,1.4036365961635556e+18,4.8220927241529505,-1.6996099456649394,0.7319425032517628
1.4036365962135555e+18,4.8725635232,-1.7540648631,0.7339983821,1.4036365962135555e+18,4.838422148051715,-1.705212702096691,0.7334915381199371
1.4036365962635556e+18,4.8855796513,-1.7652061145,0.7372013986,1.4036365962635556e+18,4.853907506598901,-1.7174757263752762,0.7363412077660489
1.4036365963135555e+18,4.8970816434,-1.7816100155,0.7421524962,1.4036365963135555e+18,4.8662278462409,-1.7350522530448202,0.7411834935061481
1.4036365963635556e+18,4.9085249781,-1.8024304215,0.7481415014,1.4036365963635556e+18,4.878481773813991,-1.756958872837521,0.7473493541148599
1.4036365964135555e+18,4.9198567021,-1.8258300095,0.7548410069,1.4036365964135555e+18,4.890269763921121,-1.781494426809085,0.7545861985717961
1.4036365964635556e+18,4.9309566265,-1.8503111064,0.7613373314,1.4036365964635556e+18,4.902056905480162,-1.8069199255000596,0.761370189950393
1.4036365965135555e+18,4.9410086036,-1.8741211449,0.7670717725,1.4036365965135555e+18,4.91311760034059,-1.8312003843729268,0.767086697040023
1.4036365965635556e+18,4.9528404232,-1.8982914172,0.7722777576,1.4036365965635556e+18,4.922039678468753,-1.8540285635411107,0.7728611067634602
1.4036365966135555e+18,4.960786009,-1.9188948242,0.7760385846,1.4036365966135555e+18,4.929468261191982,-1.8745116603086822,0.7769747303980794
1.4036365966635556e+18,4.966482717,-1.9363265195,0.7791538865,1.4036365966635556e+18,4.933804522336125,-1.891580039436372,0.7802400512223672
1.4036365967135555e+18,4.970034898,-1.9497721948,0.7805526402,1.4036365967135555e+18,4.936438310750018,-1.904347267387433,0.781779594776218
1.4036365967635556e+18,4.9704532453,-1.9579943695,0.780978036,1.4036365967635556e+18,4.935792318520046,-1.911669413580662,0.782411121469397
1.4036365968135555e+18,4.9671332644,-1.9608840645,0.7802965231,1.4036365968135555e+18,4.9315676305769145,-1.9137786381095712,0.7819645578652251
1.4036365968635556e+18,4.9598599362,-1.9583417812,0.7790356275,1.4036365968635556e+18,4.923222206595825,-1.9105962129930323,0.7809735472260529
1.4036365969135555e+18,4.9483350049,-1.9514204795,0.7773905575,1.4036365969135555e+18,4.9107614141218825,-1.9030397226052596,0.7794943487299655
1.4036365969635556e+18,4.9331187131,-1.9402062244,0.7753194311,1.4036365969635556e+18,4.894542220780679,-1.891478242868625,0.7777240806662287
1.4036365970135555e+18,4.9141022421,-1.9260576319,0.7732655795,1.4036365970135555e+18,4.87471563699305,-1.8765838318396302,0.7759859039773733
1.4036365970635556e+18,4.892787153,-1.9096943325,0.7705571454,1.4036365970635556e+18,4.8520728889467035,-1.8594426551666805,0.773322644410778
1.4036365971135555e+18,4.8689940353,-1.8918894538,0.7682629367,1.4036365971135555e+18,4.826959457713915,-1.841130316465256,0.7709223082214768
1.4036365971635556e+18,4.8436149289,-1.8731612337,0.7667574463,1.4036365971635556e+18,4.799420229018195,-1.8210831002966674,0.7694452367286089
1.4036365972135555e+18,4.8164996177,-1.8535885056,0.766958854,1.4036365972135555e+18,4.771127973972597,-1.8010501723935597,0.7691729853906878
1.4036365972635556e+18,4.7879242454,-1.8340398774,0.7686979893,1.4036365972635556e+18,4.741295720713986,-1.7812733502757,0.7707526341288801
1.4036365973135555e+18,4.7584647315,-1.8151681591,0.7706954079,1.4036365973135555e+18,4.7109922869644105,-1.7623639441234278,0.7726378067650991
1.4036365973635556e+18,4.7277815929,-1.7977079228,0.7733798008,1.4036365973635556e+18,4.679737921306164,-1.7444714097789606,0.7752840210592131
1.4036365974135555e+18,4.6976677745,-1.7817141448,0.7752114698,1.4036365974135555e+18,4.648978104596838,-1.7285796736903516,0.7771320586084988
1.4036365974635556e+18,4.6686156506,-1.7684506486,0.7768884024,1.4036365974635556e+18,4.618953230239019,-1.7150624471475053,0.778516886200133
1.4036365975135555e+18,4.6423714956,-1.7587064731,0.7778880767,1.4036365975135555e+18,4.5920447907221975,-1.7054407762912345,0.7794408313930055
1.4036365975635556e+18,4.6190501761,-1.7533505699,0.7785429563,1.4036365975635556e+18,4.568448423084023,-1.700256346785025,0.7795640737289885
1.4036365976135555e+18,4.5998806727,-1.7528249966,0.7787960085,1.4036365976135555e+18,4.548780808238744,-1.699759844561806,0.778947736108834
1.4036365976635556e+18,4.5854088461,-1.7568856979,0.778547232,1.4036365976635556e+18,4.534150712481312,-1.7040122642760525,0.7781060600440288
1.4036365977135555e+18,4.5758718065,-1.7650057989,0.7780790567,1.4036365977135555e+18,4.524807153323375,-1.7123201389051708,0.7770319765445703
1.4036365977635556e+18,4.5715364302,-1.7762828003,0.7775143842,1.4036365977635556e+18,4.5208278506177475,-1.723689255641786,0.7759916176245532
1.4036365978135555e+18,4.5723314367,-1.78956763,0.7770863608,1.4036365978135555e+18,4.522001657120723,-1.7370223089560068,0.7749261772288025
1.4036365978635556e+18,4.5780636277,-1.8033476096,0.7762773138,1.4036365978635556e+18,4.528261972410159,-1.7511979877756785,0.7739762649269847
1.4036365979135555e+18,4.5884773433,-1.8172830236,0.7753417817,1.4036365979135555e+18,4.539024235255497,-1.7654045921511525,0.773058460828476
1.4036365979635556e+18,4.6024198057,-1.8307104919,0.7739600773,1.4036365979635556e+18,4.553220696374806,-1.7785928007595668,0.7714465214219617
1.4036365980135555e+18,4.6195667089,-1.843682516,0.7724331106,1.4036365980135555e+18,4.570426057664745,-1.791727262807625,0.7707949023946034
1.4036365980635556e+18,4.6383701789,-1.8558066878,0.7701823999,1.4036365980635556e+18,4.589516959839219,-1.8037878582380191,0.7685805472684855
1.4036365981135555e+18,4.6591958187,-1.8669257829,0.7673543527,1.4036365981135555e+18,4.609937417600361,-1.8145877747219925,0.7655262430351594
1.4036365981635556e+18,4.680131745,-1.8758627671,0.7635639445,1.4036365981635556e+18,4.630847571625033,-1.8233330820043083,0.7619954462879676
1.4036365982135555e+18,4.7002986453,-1.8824364727,0.7583545182,1.4036365982135555e+18,4.6507497117550995,-1.829519020308836,0.7566906446368751
1.4036365982635556e+18,4.7185687794,-1.8866589209,0.7518052368,1.4036365982635556e+18,4.668360253957836,-1.8333392330332108,0.750407279764257
1.4036365983135555e+18,4.7333936471,-1.8883970936,0.7447562511,1.4036365983135555e+18,4.682828833620847,-1.8348982799886482,0.743332646838394
1.4036365983635556e+18,4.7442382396,-1.8871408818,0.7373948164,1.4036365983635556e+18,4.692884227250996,-1.833295774180824,0.7365045286703168
1.4036365984135555e+18,4.7503971269,-1.8836071259,0.7295451922,1.4036365984135555e+18,4.698290179230437,-1.829439629236888,0.7290321323687434
1.4036365984635556e+18,4.7520201417,-1.8779432568,0.7216418038,1.4036365984635556e+18,4.699120629882724,-1.8236177086460195,0.7216567144856464
1.4036365985135555e+18,4.7486815764,-1.8705995546,0.7142478454,1.4036365985135555e+18,4.694869606670753,-1.8159505972995833,0.7143334908648867
1.4036365985635556e+18,4.7411586547,-1.8618854587,0.7078568109,1.4036365985635556e+18,4.686260349643499,-1.8069447168287083,0.7078450697634954
1.4036365986135555e+18,4.7301407887,-1.8522951093,0.701726688,1.4036365986135555e+18,4.673814285830306,-1.7970587011820467,0.7013147301909368
1.4036365986635556e+18,4.7168177861,-1.8422280517,0.695753792,1.4036365986635556e+18,4.660357121922152,-1.78640445427548,0.6945202231729298
1.4036365987135555e+18,4.7021788659,-1.8323347622,0.6886909372,1.4036365987135555e+18,4.645181551910531,-1.776204188228277,0.6867130065350056
1.4036365987635556e+18,4.6871660174,-1.8228408052,0.6806113702,1.4036365987635556e+18,4.62960723765425,-1.7665135743259175,0.6777808562451803
1.4036365988135555e+18,4.6724516179,-1.8138834237,0.6712697882,1.4036365988135555e+18,4.615228506202137,-1.757484273570661,0.6680273713074988
1.4036365988635556e+18,4.6580709204,-1.8047936655,0.6608956087,1.4036365988635556e+18,4.6010708804298215,-1.7483284492940327,0.6567980275667762
1.4036365989135555e+18,4.6445070156,-1.7963543463,0.6496794413,1.4036365989135555e+18,4.587907313581783,-1.7397748864291414,0.6447629702336388
1.4036365989635556e+18,4.6321309874,-1.7882201558,0.6378752586,1.4036365989635556e+18,4.576125513626293,-1.732129073907958,0.6328811702709433
1.4036365990135555e+18,4.621523023,-1.7814599682,0.6263009866,1.4036365990135555e+18,4.565833443982954,-1.7254642744164257,0.620866002601959
1.4036365990635556e+18,4.6119495377,-1.7760258676,0.6167549835,1.4036365990635556e+18,4.556615956109864,-1.7200499914354523,0.6106922639926883
1.4036365991135555e+18,4.6039993707,-1.7716039257,0.6088991742,1.4036365991135555e+18,4.549739395726534,-1.7158307322515274,0.6024002856358807
1.4036365991635556e+18,4.5968767071,-1.768001962,0.6032731692,1.4036365991635556e+18,4.542895167452245,-1.7120694413890323,0.5960099193669472
1.4036365992135555e+18,4.5893836651,-1.7643208047,0.5983657116,1.4036365992135555e+18,4.5363634659831265,-1.7086118960135328,0.5909895764030177
1.4036365992635556e+18,4.5818007281,-1.7613407876,0.5944577446,1.4036365992635556e+18,4.529746479264706,-1.7057731022979334,0.5863998854451752
1.4036365993135555e+18,4.5752402722,-1.7586180838,0.5906441193,1.4036365993135555e+18,4.524149369865477,-1.7031539573213257,0.5821380342659375
1.4036365993635556e+18,4.5691015807,-1.756044101,0.5864334174,1.4036365993635556e+18,4.519059041224761,-1.7007259894227338,0.5775827492440335
1.4036365994135555e+18,4.56372283,-1.7535825879,0.5814665487,1.4036365994135555e+18,4.513384256361394,-1.6986842206416863,0.5724660209502326
1.4036365994635556e+18,4.5590786946,-1.7512657409,0.5761095859,1.4036365994635556e+18,4.509342885831813,-1.6966860533833188,0.5673940201509017
1.4036365995135555e+18,4.5551288757,-1.7496124921,0.5713649768,1.4036365995135555e+18,4.506134305638526,-1.695417712673742,0.5625723343496629
1.4036365995635556e+18,4.5520437942,-1.7481826904,0.5669755422,1.4036365995635556e+18,4.504171118152297,-1.6933915602707672,0.5579512835259199
1.4036365996135555e+18,4.5503211842,-1.7470296772,0.562417243,1.4036365996135555e+18,4.501713475705276,-1.69266035984374,0.5532570676485908
1.4036365996635556e+18,4.5492624984,-1.745824304,0.5579106016,1.4036365996635556e+18,4.501120755209563,-1.6918169364711264,0.5490728370361038
1.4036365997135555e+18,4.5489139221,-1.7449309663,0.5547480871,1.4036365997135555e+18,4.501084387160669,-1.6910695013984944,0.545918744689702
1.4036365997635556e+18,4.5492823107,-1.7438739231,0.5547388953,1.4036365997635556e+18,4.5028475746366246,-1.6897688100882513,0.5461910290851053
1.4036365998135555e+18,4.5494052102,-1.7430067414,0.555108072,1.4036365998135555e+18,4.501361290021117,-1.688410355077189,0.5457549104966021
1.4036365998635556e+18,4.5498055193,-1.7426737029,0.5547960405,1.4036365998635556e+18,4.502418274616645,-1.688139693003662,0.5453356935146163
1.4036365999135555e+18,4.5508115056,-1.7424333874,0.554574034,1.4036365999135555e+18,4.503528782664885,-1.6878482942574655,0.5449233706034995
1.4036365999635556e+18,4.5507886264,-1.7419330534,0.5542800026,1.4036365999635556e+18,4.504037309841523,-1.687344283849165,0.5445304607486168
1.4036366000135555e+18,4.5510742463,-1.741640228,0.5538744895,1.4036366000135555e+18,4.504613075377169,-1.6869907796110777,0.5440513933509429
1.4036366000635556e+18,4.5514154806,-1.7408821566,0.5529716943,1.4036366000635556e+18,4.505082393085183,-1.6862002225716604,0.5429895610024518
1.4036366001135555e+18,4.5519075401,-1.7403229153,0.5533039684,1.4036366001135555e+18,4.505635129472294,-1.6854485295818984,0.5429514362364566
1.4036366001635556e+18,4.5523268689,-1.7399078825,0.5530417321,1.4036366001635556e+18,4.505828114436276,-1.6850483088135455,0.5429231756634771
1.4036366002135555e+18,4.5522755897,-1.7404205471,0.5530334958,1.4036366002135555e+18,4.505491203119765,-1.6853254741382415,0.5427511989358453
1.4036366002635556e+18,4.5523832956,-1.7406496117,0.5529116434,1.4036366002635556e+18,4.505248205887117,-1.685279713668094,0.542673628526667
1.4036366003135555e+18,4.5526672279,-1.7409019294,0.552898597,1.4036366003135555e+18,4.504942612362213,-1.685337344890723,0.5425205543266928
1.4036366003635556e+18,4.5527538435,-1.7410206842,0.5528866195,1.4036366003635556e+18,4.504751890607601,-1.6853293612341063,0.542504108679944
1.4036366004135555e+18,4.5528600609,-1.7410814619,0.5528518902,1.4036366004135555e+18,4.504598297560076,-1.6852319777429683,0.5425061399754147
1.4036366004635556e+18,4.5529499924,-1.7411518009,0.5528859139,1.4036366004635556e+18,4.505765908279831,-1.6854062088167245,0.5427310644397804
1.4036366005135555e+18,4.5530310567,-1.7409346072,0.5529241383,1.4036366005135555e+18,4.5058270474042885,-1.6852979043209357,0.5428986305245673
1.4036366005635556e+18,4.5529996575,-1.7408561313,0.5528509035,1.4036366005635556e+18,4.505658858943005,-1.6852482875039942,0.5429039102429606
1.4036366006135555e+18,4.5529781603,-1.7409970789,0.5529271632,1.4036366006135555e+18,4.505461511360007,-1.6854320781363465,0.5428797137768533
1.4036366006635556e+18,4.5530353683,-1.7408625279,0.5529115653,1.4036366006635556e+18,4.505197133814278,-1.6852359244006752,0.5427902668507424
1.4036366007135555e+18,4.5530698183,-1.7408680574,0.5529114686,1.4036366007135555e+18,4.504972257338981,-1.6851764947408656,0.5426931785777065
1.4036366007635556e+18,4.5530014951,-1.7409086917,0.5528931063,1.4036366007635556e+18,4.504773941996014,-1.6852559038640071,0.5425933669281429
1.4036366008135555e+18,4.5530619822,-1.7407676905,0.55284468,1.4036366008135555e+18,4.505072067433524,-1.6852419467758877,0.5427006396999157
1.4036366008635556e+18,4.5530661333,-1.7408964414,0.552860781,1.4036366008635556e+18,4.505056429877372,-1.6853813389176837,0.5426293948160298
1.4036366009135555e+18,4.5530180506,-1.7408048214,0.5528081712,1.4036366009135555e+18,4.504895948227102,-1.6852359015436964,0.5425839892135906
1.4036366009635556e+18,4.5530305884,-1.7409024471,0.5528496323,1.4036366009635556e+18,4.504847261174524,-1.6850607685972616,0.5427421054391544
1.4036366010135555e+18,4.5530842127,-1.7407578433,0.5528035271,1.4036366010135555e+18,4.504888525558339,-1.6850187830497665,0.5427680571295714
1.4036366010635556e+18,4.5530333731,-1.740914203,0.5529096183,1.4036366010635556e+18,4.504902102761788,-1.6852032584200982,0.5427616376192266
1.4036366011135555e+18,4.5530084569,-1.7407824594,0.5528429205,1.4036366011135555e+18,4.504986168960764,-1.685167657356585,0.5427825615971058
1.4036366011635556e+18,4.5529956058,-1.7408944086,0.5529085107,1.4036366011635556e+18,4.505083542410131,-1.685341273326873,0.5427798040430782
1.4036366012135555e+18,4.5529703156,-1.7408358576,0.5528981228,1.4036366012135555e+18,4.505172826929512,-1.6852698005748235,0.5427988717780505
1.4036366012635556e+18,4.5528859286,-1.7409502884,0.5529569997,1.4036366012635556e+18,4.5052884190044775,-1.6853994652822406,0.5428329488591495
1.4036366013135555e+18,4.5529148926,-1.7408267896,0.552986569,1.4036366013135555e+18,4.506182437420017,-1.685391010244328,0.5426219460601871
1.4036366013635556e+18,4.5528168299,-1.7408348288,0.5529341618,1.4036366013635556e+18,4.506240943725623,-1.685486384510797,0.5426126576870027
1.4036366014135555e+18,4.552712881,-1.7407785435,0.5528959037,1.4036366014135555e+18,4.50626440032251,-1.6855264611750829,0.5426441040653633
1.4036366014635556e+18,4.5526162841,-1.7408136894,0.5529418873,1.4036366014635556e+18,4.504398360866638,-1.6848373591586414,0.5424580061932103
1.4036366015135555e+18,4.5525749391,-1.740708916,0.5529810505,1.4036366015135555e+18,4.505849731168583,-1.6852051496365674,0.5426334308405986
1.4036366015635556e+18,4.5524635454,-1.7407169509,0.5530815531,1.4036366015635556e+18,4.505882098386013,-1.685314917497112,0.5426733278960265
1.4036366016135555e+18,4.5524345451,-1.7406901166,0.553079943,1.4036366016135555e+18,4.506034658729446,-1.6853806975904,0.542659850533548
1.4036366016635556e+18,4.5523640938,-1.7406311061,0.5531053078,1.4036366016635556e+18,4.504758941579494,-1.6850902424601517,0.5425688943776561
1.4036366017135555e+18,4.5523912595,-1.7406550895,0.5530823701,1.4036366017135555e+18,4.50636210035041,-1.6855298192248604,0.5426669690664541
1.4036366017635556e+18,4.5523315329,-1.7406652895,0.5531021109,1.4036366017635556e+18,4.506435060907729,-1.6855780907297375,0.5427060475890972
1.4036366018135555e+18,4.5522990837,-1.7407251571,0.5529933268,1.4036366018135555e+18,4.506659956659384,-1.6856060874685033,0.542574387213213
1.4036366018635556e+18,4.5522130801,-1.7407139876,0.5529802971,1.4036366018635556e+18,4.5066815685171155,-1.6855785455258094,0.5426387927865739
1.4036366019135555e+18,4.5521804455,-1.7407122089,0.5529776684,1.4036366019135555e+18,4.506640511815622,-1.6855681166384548,0.5426284904187102
1.4036366019635556e+18,4.5521663366,-1.7407008422,0.5529809905,1.4036366019635556e+18,4.506445910549088,-1.6853354582395061,0.542604943603924
1.4036366020135555e+18,4.5521681429,-1.7407017651,0.5530561897,1.4036366020135555e+18,4.506431897384215,-1.6853431871856213,0.5426723257883362
1.4036366020635556e+18,4.5522190798,-1.7406549249,0.5531457067,1.4036366020635556e+18,4.506474894022033,-1.6853424904509677,0.5427026201185436
1.4036366021135555e+18,4.552160427,-1.7406794513,0.5531518204,1.4036366021135555e+18,4.506478103323197,-1.6854476222268842,0.5427029167538739
1.4036366021635556e+18,4.5521610921,-1.7405777461,0.5531264728,1.4036366021635556e+18,4.506579717771752,-1.6854119115392878,0.5427110053818576
1.4036366022135555e+18,4.5521280731,-1.7405922614,0.5531625901,1.4036366022135555e+18,4.506697309524538,-1.6855034422500674,0.5427518409408472
1.4036366022635556e+18,4.5521983867,-1.7404546359,0.5531190175,1.4036366022635556e+18,4.506759281281523,-1.6854927145048713,0.5427642877555543
1.4036366023135555e+18,4.5521764693,-1.7405207023,0.5531401195,1.4036366023135555e+18,4.50683983269588,-1.6857222681973894,0.5427408948171119
1.4036366023635556e+18,4.552186614,-1.7405095795,0.5530968926,1.4036366023635556e+18,4.506932991548866,-1.6857303026819763,0.5427760884485607
1.4036366024135555e+18,4.5521559812,-1.7405918608,0.5531039909,1.4036366024135555e+18,4.505897872082499,-1.6852768603643566,0.5421085628508093
1.4036366024635556e+18,4.5521247506,-1.7406040738,0.5531106324,1.4036366024635556e+18,4.505820642547489,-1.685190901027004,0.5421245804050403
1.4036366025135555e+18,4.5521781136,-1.7406531826,0.5531575247,1.4036366025135555e+18,4.505893472368533,-1.685179821878095,0.5421861538797204
1.4036366025635556e+18,4.5521716707,-1.7406538115,0.5531108464,1.4036366025635556e+18,4.506029206984897,-1.685214527392073,0.5422956186970194
1.4036366026135555e+18,4.5522103068,-1.7406365521,0.5530839684,1.4036366026135555e+18,4.506230682279584,-1.685267072740093,0.542380313465336
1.4036366026635556e+18,4.5522072331,-1.7406206665,0.5530573057,1.4036366026635556e+18,4.507107285281267,-1.6856530945059143,0.5429024307646566
1.4036366027135555e+18,4.5522085139,-1.740636022,0.5530639548,1.4036366027135555e+18,4.506533499441778,-1.6853747123265805,0.5425368132984754
1.4036366027635556e+18,4.5522071578,-1.7406304751,0.5531229316,1.4036366027635556e+18,4.506570606293119,-1.6853926804103332,0.5425851664732595
1.4036366028135555e+18,4.5522641083,-1.7406303317,0.5530452363,1.4036366028135555e+18,4.506719914685386,-1.6856460363139438,0.5426603550265674
1.4036366028635556e+18,4.5523119252,-1.7406432951,0.5530235396,1.4036366028635556e+18,4.506736343973405,-1.6857024948180077,0.5426550541399865
1.4036366029135555e+18,4.5524057726,-1.7406169042,0.552997045,1.4036366029135555e+18,4.506749405722372,-1.685478501510744,0.5426169537371739
1.4036366029635556e+18,4.5524365729,-1.7406096015,0.5530382597,1.4036366029635556e+18,4.506871191974169,-1.6854126574916068,0.5426474035391802
1.4036366030135555e+18,4.5524239646,-1.7405699912,0.5530398839,1.4036366030135555e+18,4.50680040259636,-1.6854672023489383,0.5427710807552497
1.4036366030635556e+18,4.552396499,-1.7406046912,0.5531227653,1.4036366030635556e+18,4.506785665710498,-1.6855596106914217,0.542810146844867
1.4036366031135555e+18,4.5523660212,-1.740564918,0.5530715286,1.4036366031135555e+18,4.506824644268852,-1.6856516068829759,0.54280876026615
1.4036366031635556e+18,4.5523851464,-1.7406110123,0.5531625638,1.4036366031635556e+18,4.506928917123706,-1.6856786548528429,0.5427540997970569
1.4036366032135555e+18,4.552383074,-1.7406168178,0.5531249129,1.4036366032135555e+18,4.506995589283378,-1.6857339030242842,0.542858736645908
1.4036366032635556e+18,4.5523610131,-1.7406355881,0.5531358103,1.4036366032635556e+18,4.507008673148307,-1.685786155017316,0.542833999289069
1.4036366033135555e+18,4.5523296489,-1.7406115495,0.5531225684,1.4036366033135555e+18,4.506582515706227,-1.685615429981092,0.5426630164117024
1.4036366033635556e+18,4.5523022283,-1.7405916273,0.5531416785,1.4036366033635556e+18,4.506520093485452,-1.6856267563948062,0.5426295329172011
1.4036366034135555e+18,4.5522665874,-1.7405082942,0.5531517936,1.4036366034135555e+18,4.506432519858425,-1.6855443542867816,0.5426037259934986
1.4036366034635556e+18,4.5522517518,-1.7404873179,0.55314727,1.4036366034635556e+18,4.506360781226193,-1.685527289040374,0.5423384703988612
1.4036366035135555e+18,4.5522704463,-1.7404567395,0.5531990676,1.4036366035135555e+18,4.506390679562865,-1.6855157788821329,0.5424231735569882
1.4036366035635556e+18,4.552265615,-1.7404269514,0.5531511341,1.4036366035635556e+18,4.5064679876281915,-1.685569058403206,0.5425284796853922
1.4036366036135555e+18,4.5522578907,-1.7404486785,0.5531977624,1.4036366036135555e+18,4.506545963205346,-1.6856286975306778,0.5426228405029793
1.4036366036635556e+18,4.5522364649,-1.7404564705,0.5531549009,1.4036366036635556e+18,4.506662452305005,-1.6856827445663352,0.5426964195338434
1.4036366037135555e+18,4.552265324,-1.7404760644,0.5531700167,1.4036366037135555e+18,4.506777802744643,-1.6857327819283419,0.5427449346340467
1.4036366037635556e+18,4.5522843244,-1.7404873545,0.5531931407,1.4036366037635556e+18,4.506884808910413,-1.6857467386137266,0.5427943324392959
1.4036366038135555e+18,4.5523174076,-1.7405024716,0.5531298088,1.4036366038135555e+18,4.506306037827535,-1.6856164624428536,0.5425550172397389
1.4036366038635556e+18,4.5522919847,-1.7405224511,0.5531350049,1.4036366038635556e+18,4.506291319624611,-1.6855745319609563,0.5425516502528258
1.4036366039135555e+18,4.5523263678,-1.7405617539,0.5531104648,1.4036366039135555e+18,4.506369590416073,-1.6856260563688643,0.5425309573644376
1.4036366039635556e+18,4.5522990358,-1.740512803,0.5531173935,1.4036366039635556e+18,4.506380672045652,-1.6856051856781205,0.5425151323249277
1.4036366040135555e+18,4.5523025636,-1.7405878009,0.5531436678,1.4036366040135555e+18,4.5063113164110975,-1.6856077117842125,0.54254155853776
1.4036366040635556e+18,4.5523030188,-1.7405585616,0.5531754971,1.4036366040635556e+18,4.506504859462656,-1.6855432197843805,0.5426066212449808
1.4036366041135555e+18,4.5522822514,-1.7405931292,0.5531171553,1.4036366041135555e+18,4.506414900390304,-1.6855516202744099,0.5426569958080154
1.4036366041635556e+18,4.5523132509,-1.7405641017,0.5530996225,1.4036366041635556e+18,4.506535469525039,-1.6855563362917712,0.542702531015581
1.4036366042135555e+18,4.5522829945,-1.7405843164,0.5531089768,1.4036366042135555e+18,4.506757530528225,-1.6855548520369439,0.5427041793554858
1.4036366042635556e+18,4.5522598624,-1.7405701632,0.5531249364,1.4036366042635556e+18,4.506721694684455,-1.685574265319845,0.5427174227844686
1.4036366043135555e+18,4.5522330237,-1.7405813931,0.5531562618,1.4036366043135555e+18,4.506287002748782,-1.6855484274189094,0.5424706275887992
1.4036366043635556e+18,4.552225991,-1.7405659848,0.5531736139,1.4036366043635556e+18,4.5063149382025305,-1.6856072528667552,0.5424727194279562
1.4036366044135555e+18,4.5522297808,-1.7405755036,0.5532096342,1.4036366044135555e+18,4.506226602401536,-1.685575425742044,0.5424342286493198
1.4036366044635556e+18,4.5522522208,-1.7405556012,0.553225762,1.4036366044635556e+18,4.506493402637853,-1.685287488719002,0.542439479486645
1.4036366045135555e+18,4.5522156666,-1.7405453057,0.5532308536,1.4036366045135555e+18,4.506788297716466,-1.6853816454989228,0.5426273582134553
1.4036366045635556e+18,4.5522075131,-1.7405156663,0.5532578629,1.4036366045635556e+18,4.506565665344846,-1.6854400785400945,0.5425723625399581
1.4036366046135555e+18,4.5521712011,-1.7404802432,0.5531797107,1.4036366046135555e+18,4.506508644829111,-1.6854982930676428,0.5425725183603626
1.4036366046635556e+18,4.5521758353,-1.7404646113,0.5531595713,1.4036366046635556e+18,4.506303447351992,-1.6855399536480802,0.5424962218129352
1.4036366047135555e+18,4.5521774978,-1.7404399814,0.5531286958,1.4036366047135555e+18,4.506281333558891,-1.6855377720709683,0.5424899767361918
1.4036366047635556e+18,4.5521933104,-1.7404372781,0.5531112207,1.4036366047635556e+18,4.506297530072697,-1.6855549495333253,0.5425103205782339
1.4036366048135555e+18,4.5522444512,-1.7404386551,0.5531647181,1.4036366048135555e+18,4.506235240227845,-1.6855076188800036,0.5424339923078954
1.4036366048635556e+18,4.552232742,-1.7404788768,0.5531279113,1.4036366048635556e+18,4.506253047176654,-1.6855823102968568,0.5424494094934613
1.4036366049135555e+18,4.5522376778,-1.7405161816,0.5531429434,1.4036366049135555e+18,4.5063843250582645,-1.6856324278163672,0.5425858019615848
1.4036366049635556e+18,4.5522840322,-1.740561745,0.5531446775,1.4036366049635556e+18,4.506118874552142,-1.6855598303287955,0.5424350721626544
1.4036366050135555e+18,4.5523380598,-1.7405841976,0.5531513281,1.4036366050135555e+18,4.506183956808141,-1.6856075180869246,0.5425181468200746
1.4036366050635556e+18,4.5523731773,-1.7405837599,0.5531286246,1.4036366050635556e+18,4.5062508130529295,-1.6856366090867914,0.5425705963261379
1.4036366051135555e+18,4.5523899158,-1.7405219047,0.5530913015,1.4036366051135555e+18,4.506339338619623,-1.6856181710240445,0.5426225667457965
1.4036366051635556e+18,4.552372682,-1.7405114011,0.5531042233,1.4036366051635556e+18,4.506448338291007,-1.6856638422474137,0.5426911937849735
1.4036366052135555e+18,4.5523329092,-1.7404816447,0.5531104802,1.4036366052135555e+18,4.50644325213579,-1.6856986342268003,0.5426943906647061
1.4036366052635556e+18,4.552299184,-1.7404840177,0.5531245916,1.4036366052635556e+18,4.506513824871803,-1.6857512592589188,0.5427275883243807
1.4036366053135555e+18,4.5523000819,-1.7404347632,0.5531524147,1.4036366053135555e+18,4.5061702697752715,-1.6854661521522118,0.5424013735812309
1.4036366053635556e+18,4.5522691708,-1.7404546249,0.5530937101,1.4036366053635556e+18,4.506143731353151,-1.6855070009546083,0.5423759836142994
1.4036366054135555e+18,4.5522569708,-1.7404551099,0.5530941012,1.4036366054135555e+18,4.506175504377889,-1.6855284200018528,0.5423966646850968
1.4036366054635556e+18,4.5522355438,-1.7404688381,0.5531212871,1.4036366054635556e+18,4.506285631867538,-1.6855699777391189,0.5424406578070996
1.4036366055135555e+18,4.552216274,-1.7404734276,0.5531110936,1.4036366055135555e+18,4.506155367369335,-1.6855338303505802,0.5424422075790182
1.4036366055635556e+18,4.5522065908,-1.7404920205,0.5531730624,1.4036366055635556e+18,4.506190439333698,-1.685545361067807,0.5425067825804807
1.4036366056135555e+18,4.5521956966,-1.7405052437,0.5531450523,1.4036366056135555e+18,4.506284676561826,-1.6855638278996203,0.5425905560843984
1.4036366056635556e+18,4.5522049941,-1.7405431546,0.5531762948,1.4036366056635556e+18,4.506370782537386,-1.685567477065376,0.5426515073452443
1.4036366057135555e+18,4.5522241911,-1.7405598098,0.5531799771,1.4036366057135555e+18,4.506412996625825,-1.685567671538406,0.5426390572644773
1.4036366057635556e+18,4.5522536074,-1.7405479013,0.5531746363,1.4036366057635556e+18,4.506480710113821,-1.685565282559748,0.5426203113742218
1.4036366058135555e+18,4.5522914541,-1.740520682,0.5531682934,1.4036366058135555e+18,4.506406392188637,-1.685655195727651,0.5425821481186909
1.4036366058635556e+18,4.5523200552,-1.7405105384,0.5531500247,1.4036366058635556e+18,4.5063403104133934,-1.685686185747887,0.5425522456293184
1.4036366059135555e+18,4.5523537459,-1.740508406,0.5531387582,1.4036366059135555e+18,4.506334454215517,-1.6857309331331767,0.5425595808463319
1.4036366059635556e+18,4.5523678586,-1.7405133835,0.553150509,1.4036366059635556e+18,4.506363912511447,-1.6855778462468862,0.5424943417666614
1.4036366060135555e+18,4.5523863899,-1.7405099779,0.5531729664,1.4036366060135555e+18,4.506338248526835,-1.6855610744767395,0.5425250155734508
1.4036366060635556e+18,4.5523942836,-1.740540538,0.5531240851,1.4036366060635556e+18,4.506322170945019,-1.6855624187095684,0.5425837908189929
1.4036366061135555e+18,4.5524052429,-1.7405616013,0.5531182362,1.4036366061135555e+18,4.506338810656526,-1.685565877230278,0.5426199472062261
1.4036366061635556e+18,4.5524392816,-1.7405792807,0.5530717905,1.4036366061635556e+18,4.506325977556983,-1.6855663967233203,0.5426193337863667
1.4036366062135555e+18,4.5524804006,-1.7405939104,0.5530472107,1.4036366062135555e+18,4.5061504450410625,-1.685524026934119,0.5424230929379306
1.4036366062635556e+18,4.5525188582,-1.7405574888,0.5530331053,1.4036366062635556e+18,4.506369091766213,-1.6855550692096526,0.5426471246805565
1.4036366063135555e+18,4.552540742,-1.7405250932,0.5530969185,1.4036366063135555e+18,4.506385649214218,-1.6856197136507738,0.5425410904557735
1.4036366063635556e+18,4.5525433124,-1.7405334512,0.55304136,1.4036366063635556e+18,4.506355563965545,-1.6856805843442255,0.5425347302330924
1.4036366064135555e+18,4.5525782784,-1.7405763412,0.5530245433,1.4036366064135555e+18,4.506403237479863,-1.6857166551883727,0.5425041751499036
1.4036366064635556e+18,4.5526175111,-1.7406126879,0.5530385391,1.4036366064635556e+18,4.506153263597739,-1.6856458668487164,0.542566487815719
1.4036366065135555e+18,4.5526271006,-1.7406359311,0.5530781227,1.4036366065135555e+18,4.506111312119442,-1.685566953938492,0.5425631942424007
1.4036366065635556e+18,4.5526335209,-1.7406028467,0.5530954244,1.4036366065635556e+18,4.506100332272326,-1.685487033921826,0.5425577000843462
1.4036366066135555e+18,4.5526361585,-1.740557048,0.5530809072,1.4036366066135555e+18,4.506049443252852,-1.685453272812491,0.5425050178932302
1.4036366066635556e+18,4.5526277038,-1.7405579556,0.5530550874,1.4036366066635556e+18,4.506062927116264,-1.6854822525009618,0.542477336317223
1.4036366067135555e+18,4.5526227142,-1.7405479434,0.5531188933,1.4036366067135555e+18,4.506043917718253,-1.685522498011096,0.5424050050148039
1.4036366067635556e+18,4.552589531,-1.7405447186,0.5530415633,1.4036366067635556e+18,4.506201091009876,-1.6855265564251944,0.5425701433439682
1.4036366068135555e+18,4.5526140816,-1.7405580062,0.5530216738,1.4036366068135555e+18,4.506311444405166,-1.6856003323232573,0.5424638952208616
1.4036366068635556e+18,4.5526437629,-1.7405560042,0.5530145313,1.4036366068635556e+18,4.50639510337774,-1.6856132110104673,0.5424820830037654
1.4036366069135555e+18,4.5526728988,-1.7405578439,0.5529934992,1.4036366069135555e+18,4.50640110165847,-1.6856379378823336,0.5424714003315787
1.4036366069635556e+18,4.552678948,-1.7405553093,0.5529819476,1.4036366069635556e+18,4.506478239178523,-1.685644048097676,0.5425011505550169
1.4036366070135555e+18,4.5526281684,-1.7405606088,0.5529963232,1.4036366070135555e+18,4.506047511282304,-1.6854455579552692,0.5424755957699225
1.4036366070635556e+18,4.5526323435,-1.7405616735,0.5530932632,1.4036366070635556e+18,4.506046312946501,-1.685445035556538,0.5424669286857218
1.4036366071135555e+18,4.5525669479,-1.7405474075,0.5530441347,1.4036366071135555e+18,4.506247476458727,-1.6855482148757719,0.542596011274967
1.4036366071635556e+18,4.5525267252,-1.7405196086,0.5530753668,1.4036366071635556e+18,4.506197007893334,-1.6854966240368268,0.5424907434864291
1.4036366072135555e+18,4.5524808238,-1.7404728587,0.553090372,1.4036366072135555e+18,4.506216760886859,-1.6855303385991798,0.5424959979442925
1.4036366072635556e+18,4.5524057362,-1.740423382,0.5530995015,1.4036366072635556e+18,4.506250375073182,-1.6855333811121447,0.5425118876509238
1.4036366073135555e+18,4.5523440016,-1.740406693,0.553154295,1.4036366073135555e+18,4.506149657826458,-1.6856334493171048,0.5424688172839149
1.4036366073635556e+18,4.5522619485,-1.7403708673,0.5530495367,1.4036366073635556e+18,4.506194093332879,-1.685643164450696,0.5424643437311975
1.4036366074135555e+18,4.5522197919,-1.740388048,0.5530404174,1.4036366074135555e+18,4.506306876359688,-1.6856372300687472,0.54254018419264
1.4036366074635556e+18,4.552173394,-1.740404834,0.5531228519,1.4036366074635556e+18,4.506064908120905,-1.685592382036967,0.5423872819212863
1.4036366075135555e+18,4.5521237492,-1.7404004949,0.5530864324,1.4036366075135555e+18,4.50615722942534,-1.6855890461880756,0.542472053833515
1.4036366075635556e+18,4.5521035781,-1.740368669,0.5531071493,1.4036366075635556e+18,4.506216675154621,-1.6855319711523036,0.5425303051930443
1.4036366076135555e+18,4.5521202532,-1.7403395001,0.553137738,1.4036366076135555e+18,4.506296246782878,-1.6855291969321309,0.5425113783530919
1.4036366076635556e+18,4.5521421379,-1.7403379545,0.553155128,1.4036366076635556e+18,4.5063351074107105,-1.6855601598397825,0.5425361766586587
1.4036366077135555e+18,4.5521754478,-1.7403545818,0.5531716305,1.4036366077135555e+18,4.506377181442131,-1.6855965710524727,0.5425479263110804
1.4036366077635556e+18,4.5521844275,-1.7403579444,0.5531802548,1.4036366077635556e+18,4.506313394696979,-1.6855742844002821,0.5424848404044371
1.4036366078135555e+18,4.552201045,-1.740350236,0.5531530039,1.4036366078135555e+18,4.506344347712773,-1.6855721702373034,0.5425584592643928
1.4036366078635556e+18,4.552216468,-1.7403638739,0.5531178988,1.4036366078635556e+18,4.506279405712982,-1.6855928520977532,0.5425118723305762
1.4036366079135555e+18,4.552243696,-1.7403940567,0.5530804052,1.4036366079135555e+18,4.506215226273325,-1.6855895260854699,0.5423928144805701
1.4036366079635556e+18,4.5522971869,-1.740415936,0.5530475322,1.4036366079635556e+18,4.506202438378469,-1.6855146123186233,0.5422166921516813
1.4036366080135555e+18,4.5523489023,-1.7404537276,0.5530478107,1.4036366080135555e+18,4.506201419005649,-1.6855112576912805,0.5423151958914186
1.4036366080635556e+18,4.5524053084,-1.7404586825,0.5531122621,1.4036366080635556e+18,4.5062031739988235,-1.6854921214485772,0.5423918803228915
1.4036366081135555e+18,4.5524358836,-1.7404557762,0.5530708186,1.4036366081135555e+18,4.50622383994121,-1.6855101807482125,0.5424314395006004
1.4036366081635556e+18,4.5524602795,-1.7404697302,0.5530862765,1.4036366081635556e+18,4.506183530480442,-1.6855424599466302,0.5424264869633383
1.4036366082135555e+18,4.5524883079,-1.7404933403,0.553078701,1.4036366082135555e+18,4.506147221380822,-1.6855424638515286,0.5424102618106472
1.4036366082635556e+18,4.5525107351,-1.7405220697,0.5530680805,1.4036366082635556e+18,4.506201985394333,-1.6855677674534006,0.5424179239645475
1.4036366083135555e+18,4.5525316576,-1.7405074659,0.5530494768,1.4036366083135555e+18,4.506423146278626,-1.6856655926565385,0.5425414162196506
1.4036366083635556e+18,4.5525439489,-1.7404900078,0.553028941,1.4036366083635556e+18,4.506482116803758,-1.685699619949529,0.5425714578994167
1.4036366084135555e+18,4.5525264911,-1.7404847014,0.5530150206,1.4036366084135555e+18,4.506212080017619,-1.6855053844357866,0.5424338876372029
1.4036366084635556e+18,4.5525052503,-1.7405035023,0.5529940038,1.4036366084635556e+18,4.506193337341269,-1.6855158962732923,0.5424304663163011
1.4036366085135555e+18,4.5524828315,-1.7405218098,0.5530436665,1.4036366085135555e+18,4.505704336839246,-1.6852149754843517,0.5422118405236506
1.4036366085635556e+18,4.5524246353,-1.7405475189,0.5529902116,1.4036366085635556e+18,4.505810510951413,-1.685353826031469,0.5422886324764576
1.4036366086135555e+18,4.5523994445,-1.7405401485,0.5530152508,1.4036366086135555e+18,4.505916156405144,-1.685409165924202,0.5423674320144604
1.4036366086635556e+18,4.5524088298,-1.7405298788,0.5530367242,1.4036366086635556e+18,4.506019812571609,-1.685436537150938,0.5423934223524135
1.4036366087135555e+18,4.5523949957,-1.7405196164,0.5530740057,1.4036366087135555e+18,4.506157100185523,-1.6855054282739197,0.5424325788984297
1.4036366087635556e+18,4.5523802117,-1.7405071737,0.5531207263,1.4036366087635556e+18,4.50623748360165,-1.6855313698210477,0.5424621574309025
1.4036366088135555e+18,4.5523677817,-1.740488189,0.553194959,1.4036366088135555e+18,4.506076486512461,-1.6855996023986308,0.5424287172865849
1.4036366088635556e+18,4.5523099468,-1.7404855899,0.5531275717,1.4036366088635556e+18,4.506145674359854,-1.6856058188829395,0.5424221289084015
1.4036366089135555e+18,4.5523261353,-1.7404640522,0.5531192247,1.4036366089135555e+18,4.506344333921385,-1.68556535841923,0.5424352667468485
1.4036366089635556e+18,4.5523754111,-1.7404141182,0.5531206912,1.4036366089635556e+18,4.506241026735836,-1.6856268114060424,0.5424672443239451
1.4036366090135555e+18,4.5524271705,-1.740353435,0.553091795,1.4036366090135555e+18,4.5059130013954904,-1.6854021200758031,0.5421917417757462
1.4036366090635556e+18,4.5524462172,-1.7403421933,0.5530720253,1.4036366090635556e+18,4.505993723160454,-1.6855105175806813,0.5422955841196546
1.4036366091135555e+18,4.5524322051,-1.740362555,0.5530568736,1.4036366091135555e+18,4.50615839259616,-1.6856674367798483,0.5424355776529467
1.4036366091635556e+18,4.5524367844,-1.7403913552,0.5530746726,1.4036366091635556e+18,4.506253348992236,-1.6856348022225074,0.5424513462547282
1.4036366092135555e+18,4.5524514197,-1.7403999765,0.5530770565,1.4036366092135555e+18,4.506284359084187,-1.685625546234037,0.5424557333636439
1.4036366092635556e+18,4.5524797414,-1.7404072239,0.5531031827,1.4036366092635556e+18,4.506301881574806,-1.6856241390544238,0.5424387063118903
1.4036366093135555e+18,4.5524911206,-1.7403915812,0.5530355612,1.4036366093135555e+18,4.506189534772183,-1.6855787221946168,0.5424417055897142
1.4036366093635556e+18,4.5524911133,-1.7404045985,0.5530398578,1.4036366093635556e+18,4.506171992318558,-1.6856022549859693,0.5424452114141294
1.4036366094135555e+18,4.552463939,-1.7404274648,0.5530522222,1.4036366094135555e+18,4.50620992587196,-1.6856111547103663,0.5424692931585422
1.4036366094635556e+18,4.5524651949,-1.7404628816,0.5530502843,1.4036366094635556e+18,4.506075249497825,-1.6857311204042145,0.542474090226474
1.4036366095135555e+18,4.5524785851,-1.7404918731,0.5530338728,1.4036366095135555e+18,4.506115193934715,-1.6856849520714559,0.5425231515592749
1.4036366095635556e+18,4.5525140105,-1.7405046491,0.5530780935,1.4036366095635556e+18,4.506177070721609,-1.6855924016167143,0.5424596082702696
1.4036366096135555e+18,4.5525129961,-1.7404916882,0.5530226186,1.4036366096135555e+18,4.506222750823321,-1.685575980997236,0.5424672938773057
1.4036366096635556e+18,4.5525337986,-1.7404955098,0.5530597065,1.4036366096635556e+18,4.5062372564563,-1.685568338323941,0.5424532909143519
1.4036366097135555e+18,4.5525187939,-1.7404805891,0.5531025879,1.4036366097135555e+18,4.506213428440892,-1.685595767778095,0.5425177161973849
1.4036366097635556e+18,4.5525067005,-1.7405264144,0.5531737626,1.4036366097635556e+18,4.506334799867865,-1.685581212610463,0.5425520944921729
1.4036366098135555e+18,4.5525532383,-1.7405537311,0.5531536043,1.4036366098135555e+18,4.506286803715219,-1.6856489271788255,0.5424533557685706
1.4036366098635556e+18,4.5525359474,-1.7405529554,0.5531441782,1.4036366098635556e+18,4.506304365343782,-1.6856516362232603,0.5424875517243699
1.4036366099135555e+18,4.5525578152,-1.7405890887,0.5530854436,1.4036366099135555e+18,4.506312814077603,-1.6855743830278085,0.5424383361170635
1.4036366099635556e+18,4.55256059,-1.7405679326,0.5530223199,1.4036366099635556e+18,4.5062973584904515,-1.6855503537040883,0.5424079543395672
1.4036366100135555e+18,4.5525037701,-1.7405671894,0.5530541232,1.4036366100135555e+18,4.506308160056401,-1.6854023447618687,0.5423017367166589
1.4036366100635556e+18,4.5524695429,-1.7405972018,0.5530766567,1.4036366100635556e+18,4.506239884118459,-1.6854548655278934,0.5423934530449612
1.4036366101135555e+18,4.552410273,-1.7406343415,0.5530970312,1.4036366101135555e+18,4.506215644370401,-1.685516048910494,0.5424133584507692
1.4036366101635556e+18,4.5523887633,-1.7406161602,0.5531541881,1.4036366101635556e+18,4.506210130543601,-1.6854639857014044,0.5424271917965439
1.4036366102135555e+18,4.552360921,-1.7405955928,0.5531374592,1.4036366102135555e+18,4.506198462546238,-1.6854470197987383,0.542427642394707
1.4036366102635556e+18,4.5523746449,-1.7405021383,0.5531065732,1.4036366102635556e+18,4.506353960871116,-1.6854571646600522,0.5425137391689758
1.4036366103135555e+18,4.5523988303,-1.7404953874,0.5531472852,1.4036366103135555e+18,4.506274856864001,-1.685561386961439,0.5425663719288608
1.4036366103635556e+18,4.5524220625,-1.7404619784,0.5531150278,1.4036366103635556e+18,4.506304177398093,-1.6856203021138876,0.5425246193675337
1.4036366104135555e+18,4.5523908678,-1.7404280912,0.5530577686,1.4036366104135555e+18,4.506231254039799,-1.685613682276426,0.5425140920045276
1.4036366104635556e+18,4.5523738348,-1.74041615,0.5530369308,1.4036366104635556e+18,4.506226386297177,-1.6856545624992867,0.5425418699529326
1.4036366105135555e+18,4.5524025955,-1.7404060994,0.5529687003,1.4036366105135555e+18,4.506047972665872,-1.6853965225184269,0.5422610811578445
1.4036366105635556e+18,4.5523471726,-1.7404099707,0.5530176729,1.4036366105635556e+18,4.506017354274842,-1.6854695119980179,0.5423519458079697
1.4036366106135555e+18,4.5523632225,-1.7404521047,0.552938916,1.4036366106135555e+18,4.506079825537074,-1.6855548843001285,0.5424475172457831
1.4036366106635556e+18,4.5523657946,-1.7405163865,0.5529105854,1.4036366106635556e+18,4.506133505769534,-1.6856190921795813,0.5424736735948881
1.4036366107135555e+18,4.5524126214,-1.7405964429,0.5528604504,1.4036366107135555e+18,4.506202551622941,-1.6856394046182943,0.5425056178745755
1.4036366107635556e+18,4.5525100984,-1.7406857857,0.552696419,1.4036366107635556e+18,4.506230951602011,-1.6856261754119846,0.5424588070856722
1.4036366108135555e+18,4.5526128627,-1.7406625923,0.5526178748,1.4036366108135555e+18,4.506203514397963,-1.6855841569685854,0.5426108142144643
1.4036366108635556e+18,4.5529663554,-1.7407403755,0.5526093004,1.4036366108635556e+18,4.506347021078523,-1.6855831825554366,0.542602868628608
1.4036366109135555e+18,4.5529696687,-1.7406396233,0.5525691681,1.4036366109135555e+18,4.506129544879576,-1.6852408347767984,0.5426356356560182
1.4036366109635556e+18,4.5530296143,-1.7408030436,0.5525676238,1.4036366109635556e+18,4.506082435205577,-1.6853957536857112,0.5426176209284457
1.4036366110135555e+18,4.5528717867,-1.7407821164,0.5526204991,1.4036366110135555e+18,4.50591096898811,-1.685372647315012,0.5427256785838571
1.4036366110635556e+18,4.5529814063,-1.7408040353,0.5525821234,1.4036366110635556e+18,4.50602409661518,-1.6854299936128643,0.5425197591493377
1.4036366111135555e+18,4.5529400605,-1.740761147,0.552582121,1.4036366111135555e+18,4.506028659656672,-1.6854041803960704,0.5425859648446097
1.4036366111635556e+18,4.5530717237,-1.7407183837,0.5525652062,1.4036366111635556e+18,4.506145054929188,-1.6854320898211186,0.5424803341329394
1.4036366112135555e+18,4.553090867,-1.7406470473,0.5525546501,1.4036366112135555e+18,4.506190612669036,-1.6854494604257755,0.5424632559239966
1.4036366112635556e+18,4.5529963137,-1.7406971671,0.5526270925,1.4036366112635556e+18,4.506139996744472,-1.685516129166201,0.5424692444506418
1.4036366113135555e+18,4.5529104723,-1.7406607264,0.5526979134,1.4036366113135555e+18,4.506238856584757,-1.6855500523513822,0.5425610938163488
1.4036366113635556e+18,4.5529118619,-1.7410264897,0.5528186706,1.4036366113635556e+18,4.506235595919786,-1.6858876381485182,0.5425230330090405
1.4036366114135555e+18,4.5528913883,-1.7408179752,0.5528872994,1.4036366114135555e+18,4.5062649896402265,-1.6857129503638393,0.5425673793074526
1.4036366114635556e+18,4.5531094679,-1.7405198706,0.5526727204,1.4036366114635556e+18,4.506527752410805,-1.6854411961238092,0.5418241745818656
1.4036366115135555e+18,4.5531657307,-1.7399876159,0.5526289442,1.4036366115135555e+18,4.506552092798266,-1.684994892380198,0.5419812141690139
1.4036366115635556e+18,4.553065862,-1.7402708032,0.5526058769,1.4036366115635556e+18,4.506384174006526,-1.6851794539477014,0.5418900511569293
1.4036366116135555e+18,4.5529321174,-1.7401933144,0.5525138234,1.4036366116135555e+18,4.506103175839918,-1.6850130354008994,0.5420019808904862
1.4036366116635556e+18,4.5528787886,-1.7403703959,0.5524727992,1.4036366116635556e+18,4.506227171985234,-1.6852783626154446,0.5420141885888838
1.4036366117135555e+18,4.5529125595,-1.7400956871,0.5523862383,1.4036366117135555e+18,4.506276177374834,-1.6849424718374006,0.5419985099020144
1.4036366117635556e+18,4.5529063991,-1.7402987721,0.5524162902,1.4036366117635556e+18,4.506316077552558,-1.6851829682643371,0.5420264342626494
1.4036366118135555e+18,4.5529282253,-1.7403505985,0.5524117862,1.4036366118135555e+18,4.506414677894621,-1.6852909936745586,0.5424906805860568
1.4036366118635556e+18,4.5528693212,-1.7400178686,0.5524584169,1.4036366118635556e+18,4.506354454620472,-1.6850458216937083,0.542609356695795
1.4036366119135555e+18,4.5529395365,-1.7401223348,0.552451232,1.4036366119135555e+18,4.506422185062906,-1.685193858744543,0.542564509684822
1.4036366119635556e+18,4.5527844653,-1.7403214067,0.5525528116,1.4036366119635556e+18,4.506315803685581,-1.6853786230503403,0.5425849885694274
1.4036366120135555e+18,4.5527069526,-1.7403654156,0.5526629111,1.4036366120135555e+18,4.506470799282839,-1.6852497286101158,0.5418899702419218
1.4036366120635556e+18,4.5528706201,-1.7400622373,0.5525453279,1.4036366120635556e+18,4.506574666789128,-1.684997993998318,0.5419784632312409
1.4036366121135555e+18,4.552774054,-1.7404884692,0.5526815345,1.4036366121135555e+18,4.5064209605380166,-1.6853413327293272,0.5421236907278226
1.4036366121635556e+18,4.5525609628,-1.7404563837,0.5526375705,1.4036366121635556e+18,4.506013228991831,-1.685282889853088,0.5421374310353528
1.4036366122135555e+18,4.5527261119,-1.7403851494,0.5525271114,1.4036366122135555e+18,4.506128080912504,-1.68526371905413,0.5420906809532604
1.4036366122635556e+18,4.5528364578,-1.7394015939,0.5522875429,1.4036366122635556e+18,4.506154548712448,-1.6845454276401075,0.5422599667313981
1.4036366123135555e+18,4.5527936949,-1.7403768317,0.5525738799,1.4036366123135555e+18,4.506286922907515,-1.68530989021437,0.5423792149360118
1.4036366123635556e+18,4.5528511498,-1.7396516923,0.5521753291,1.4036366123635556e+18,4.506359308929537,-1.6847056686526563,0.5424609427098209
1.4036366124135555e+18,4.5528813839,-1.7403025214,0.5524460571,1.4036366124135555e+18,4.506405004979473,-1.6852175715524713,0.5424409400446425
1.4036366124635556e+18,4.5529301236,-1.7397804011,0.552232874,1.4036366124635556e+18,4.506458221576908,-1.6847980516579835,0.542489156268825
1.4036366125135555e+18,4.5527992257,-1.7403464978,0.5524174683,1.4036366125135555e+18,4.505823325416944,-1.685348370369713,0.5421695123649939
1.4036366125635556e+18,4.5528224479,-1.739882702,0.5523008389,1.4036366125635556e+18,4.505950523005447,-1.6849325442056577,0.5423379921156412
1.4036366126135555e+18,4.5528920707,-1.7400758788,0.5524689816,1.4036366126135555e+18,4.506115487321932,-1.6851346497459152,0.5423371222503279
1.4036366126635556e+18,4.5529009952,-1.739793222,0.5524042428,1.4036366126635556e+18,4.506262805575025,-1.6849293444414772,0.5424461134357472
1.4036366127135555e+18,4.5528756217,-1.7400623617,0.5525733012,1.4036366127135555e+18,4.506399258286583,-1.6852605927362903,0.5425281609252055
1.4036366127635556e+18,4.5530071539,-1.7397531048,0.552468037,1.4036366127635556e+18,4.50626843296539,-1.6849732693355957,0.5423920967105028
1.4036366128135555e+18,4.5529114615,-1.7400360192,0.5525877828,1.4036366128135555e+18,4.5063460150156835,-1.6849594719583283,0.5423980856193664
1.4036366128635556e+18,4.5528417071,-1.7399597198,0.5524609283,1.4036366128635556e+18,4.506328697156224,-1.6848983642597237,0.5424289177333805
1.4036366129135555e+18,4.5528434404,-1.7398790772,0.5524547047,1.4036366129135555e+18,4.506339946343793,-1.6848038603962894,0.5424184656993516
1.4036366129635556e+18,4.552794029,-1.7399040845,0.5525111676,1.4036366129635556e+18,4.5063381889946665,-1.6847932450990113,0.5424026999496857
1.4036366130135555e+18,4.5526866753,-1.7397963926,0.5525337238,1.4036366130135555e+18,4.506346972237037,-1.6847570610449836,0.5424332180737681
1.4036366130635556e+18,4.5525913595,-1.7399643645,0.5526940709,1.4036366130635556e+18,4.506036485217271,-1.6850618738560672,0.5426710539938387
1.4036366131135555e+18,4.5525166088,-1.7397500219,0.5525145956,1.4036366131135555e+18,4.5061431011825865,-1.684883335223837,0.5425992056600945
1.4036366131635556e+18,4.5523336285,-1.7399858387,0.5526510943,1.4036366131635556e+18,4.5062710937040995,-1.685150247413045,0.542572023368101
1.4036366132135555e+18,4.552396467,-1.7397871835,0.5525578164,1.4036366132135555e+18,4.5064508887424894,-1.684976721472574,0.5425617643493372
1.4036366132635556e+18,4.5524601252,-1.7399400514,0.5526564763,1.4036366132635556e+18,4.506534629405783,-1.6850781131082615,0.5425559408709175
1.4036366133135555e+18,4.5523735429,-1.7398035904,0.552704002,1.4036366133135555e+18,4.506713027198033,-1.6850907773922317,0.542433444522068
1.4036366133635556e+18,4.5523217839,-1.7400071346,0.5527283745,1.4036366133635556e+18,4.506743991459952,-1.6852033669930155,0.5423219935718966
1.4036366134135555e+18,4.5523223833,-1.7398452023,0.5526625099,1.4036366134135555e+18,4.506745542744523,-1.6850088451002918,0.5422904283363441
1.4036366134635556e+18,4.5523426338,-1.739989184,0.5527487831,1.4036366134635556e+18,4.506730949575461,-1.685144440289088,0.5422788244301192
1.4036366135135555e+18,4.5524078971,-1.7398304341,0.5527422641,1.4036366135135555e+18,4.506602271261787,-1.6847299629786077,0.542408922479461
1.4036366135635556e+18,4.552513184,-1.7399301368,0.5527136562,1.4036366135635556e+18,4.50658207356236,-1.684941883124119,0.5425700301368485
1.4036366136135555e+18,4.5525909723,-1.7398116593,0.552657889,1.4036366136135555e+18,4.506602422850437,-1.6848989401785728,0.542559368648267
1.4036366136635556e+18,4.5525782838,-1.7399714092,0.5527006686,1.4036366136635556e+18,4.506681463122163,-1.685154380929415,0.5424390232766936
1.4036366137135555e+18,4.5525806774,-1.7399013605,0.5527252767,1.4036366137135555e+18,4.506534238971123,-1.685007979617594,0.5424933501768623
1.4036366137635556e+18,4.552573769,-1.7398957553,0.5527584221,1.4036366137635556e+18,4.506535185441157,-1.685015187084883,0.5424457477615199
1.4036366138135555e+18,4.5525241395,-1.7398844781,0.5527570328,1.4036366138135555e+18,4.506418752199571,-1.6851226183865342,0.5423027791994026
1.4036366138635556e+18,4.5524974555,-1.739905664,0.5527649712,1.4036366138635556e+18,4.506391159204846,-1.6851127626388513,0.5422716668294245
1.4036366139135555e+18,4.5524797903,-1.7398851507,0.5528022026,1.4036366139135555e+18,4.50637839707489,-1.6851087867673973,0.5422619459531419
1.4036366139635556e+18,4.5524129638,-1.739904762,0.5527267654,1.4036366139635556e+18,4.506376970323308,-1.6851126647466617,0.5422571494340399
1.4036366140135555e+18,4.5523655416,-1.7398941607,0.552721857,1.4036366140135555e+18,4.506775630399049,-1.6846639199633864,0.5421144692417161
1.4036366140635556e+18,4.5523364585,-1.7398290501,0.5527849872,1.4036366140635556e+18,4.506448939252821,-1.6849893982101396,0.5422888488155789
1.4036366141135555e+18,4.552282466,-1.739849482,0.5527226954,1.4036366141135555e+18,4.506424195809073,-1.6850688053116356,0.5423314592189339
1.4036366141635556e+18,4.5522745002,-1.7398773675,0.5527053237,1.4036366141635556e+18,4.506420934521568,-1.6851100359300193,0.5423806780889584
1.4036366142135555e+18,4.5523096261,-1.7399151104,0.5527073923,1.4036366142135555e+18,4.506462237495191,-1.685146998225068,0.5424168890544738
1.4036366142635556e+18,4.5523809734,-1.7398669319,0.5527400092,1.4036366142635556e+18,4.506506606758151,-1.6850045948649008,0.5424228963968483
1.4036366143135555e+18,4.5523760889,-1.7399445037,0.5527961682,1.4036366143135555e+18,4.5066301326403995,-1.685132265654279,0.5423833041672667
1.4036366143635556e+18,4.552259873,-1.7398886462,0.5527845777,1.4036366143635556e+18,4.506522521614131,-1.6850897876736557,0.5423804453701138
1.4036366144135555e+18,4.552214085,-1.7399713512,0.552804476,1.4036366144135555e+18,4.506523454575405,-1.6851464349450465,0.5422959962815371
1.4036366144635556e+18,4.5521955073,-1.7398463234,0.5527894539,1.4036366144635556e+18,4.506562404152804,-1.6850916618525356,0.5422887133356795
1.4036366145135555e+18,4.5521684369,-1.7399026453,0.5528025766,1.4036366145135555e+18,4.506897889225392,-1.6849071093703083,0.5422656436126945
1.4036366145635556e+18,4.5522269804,-1.7397931202,0.5528286752,1.4036366145635556e+18,4.506447867528494,-1.6848477307975778,0.5424676520074738
1.4036366146135555e+18,4.5522188412,-1.7398398499,0.5527848153,1.4036366146135555e+18,4.506772022405169,-1.68489653482063,0.542351220967822
1.4036366146635556e+18,4.5521776893,-1.7398140407,0.5527334004,1.4036366146635556e+18,4.506242001177846,-1.6848680315573492,0.5424905375545059
1.4036366147135555e+18,4.5521242341,-1.7399025275,0.5527619604,1.4036366147135555e+18,4.506575017899109,-1.6849507845538385,0.5423380759052232
1.4036366147635556e+18,4.5521733668,-1.7398840744,0.5527680124,1.4036366147635556e+18,4.5061731129225056,-1.684923433870942,0.5425012732978868
1.4036366148135555e+18,4.5522058483,-1.7398434313,0.5528871323,1.4036366148135555e+18,4.506685117780079,-1.6850755224666565,0.542420777759059
1.4036366148635556e+18,4.5522533605,-1.7398562108,0.5527953356,1.4036366148635556e+18,4.506689312432189,-1.6850693289206973,0.542400889907092
1.4036366149135555e+18,4.5522557059,-1.739844946,0.5527787388,1.4036366149135555e+18,4.506295225219263,-1.684986997635053,0.5423607682503225
1.4036366149635556e+18,4.5522683954,-1.7398141891,0.5527724521,1.4036366149635556e+18,4.506570831221921,-1.6849932364364817,0.5423591418853195
1.4036366150135555e+18,4.5522324882,-1.7398473954,0.552797215,1.4036366150135555e+18,4.506096806508606,-1.684817885288311,0.5423281321569573
1.4036366150635556e+18,4.5522437133,-1.7398314836,0.5528024219,1.4036366150635556e+18,4.506284383550906,-1.6849120064536345,0.5423597214298187
1.4036366151135555e+18,4.5522776803,-1.739847766,0.5526933526,1.4036366151135555e+18,4.506361288416928,-1.6848924175185354,0.5422788321114979
1.4036366151635556e+18,4.5522942125,-1.7398622886,0.5526991967,1.4036366151635556e+18,4.506391401955994,-1.6849482969901686,0.542309404386543
1.4036366152135555e+18,4.5522705152,-1.7398525592,0.5527198383,1.4036366152135555e+18,4.506428159177898,-1.6849736748923145,0.5423539154408631
1.4036366152635556e+18,4.5522073638,-1.7398700774,0.5527572798,1.4036366152635556e+18,4.506342476920503,-1.6850884967207285,0.5422851523864154
1.4036366153135555e+18,4.5521732599,-1.7398611887,0.5527350058,1.4036366153135555e+18,4.506271908373263,-1.6849812068092267,0.5423221666908957
1.4036366153635556e+18,4.5521396955,-1.7398789108,0.5527581492,1.4036366153635556e+18,4.506320209114236,-1.6850059854110868,0.5423033271964897
1.4036366154135555e+18,4.5521896547,-1.739846721,0.5527668906,1.4036366154135555e+18,4.506405814875,-1.6850095387173334,0.5423144441276161
1.4036366154635556e+18,4.5522241315,-1.7398110681,0.5527787213,1.4036366154635556e+18,4.5064380760296565,-1.6849509630535686,0.542289645215948
1.4036366155135555e+18,4.552230186,-1.7397620263,0.552821229,1.4036366155135555e+18,4.506412726331514,-1.6849462911596507,0.5423798816182157
1.4036366155635556e+18,4.5521768819,-1.7397951875,0.5527425559,1.4036366155635556e+18,4.5063659006682295,-1.6849915938994964,0.542375945805943
1.4036366156135555e+18,4.5521708482,-1.7397945299,0.5527367846,1.4036366156135555e+18,4.506322748998184,-1.6849799650533352,0.5423681515146395
1.4036366156635556e+18,4.5521826103,-1.7398566131,0.5527502112,1.4036366156635556e+18,4.506301806655367,-1.6850396057666457,0.5424070340916811
1.4036366157135555e+18,4.5522462841,-1.7398990533,0.5526983048,1.4036366157135555e+18,4.506584882730255,-1.6850426831371474,0.542366884421667
1.4036366157635556e+18,4.552295295,-1.7399336791,0.5526725319,1.4036366157635556e+18,4.506341637797656,-1.6850426547136368,0.5424229039466125
1.4036366158135555e+18,4.5523119499,-1.7398476331,0.5527546313,1.4036366158135555e+18,4.506457418171297,-1.684986211045185,0.5423105357911497
1.4036366158635556e+18,4.5522962767,-1.7398756885,0.5527367608,1.4036366158635556e+18,4.506423956031943,-1.6849756860827176,0.5423002268487895
1.4036366159135555e+18,4.5522519304,-1.7398625111,0.5527472121,1.4036366159135555e+18,4.506378689364971,-1.6849681089348612,0.542269727669701
1.4036366159635556e+18,4.5522193649,-1.739918308,0.5527636031,1.4036366159635556e+18,4.5063369724475555,-1.6849893110295096,0.5422180200504179
1.4036366160135555e+18,4.5522023265,-1.7399318616,0.5527610378,1.4036366160135555e+18,4.506469410614316,-1.6850110154908096,0.542395006364434
1.4036366160635556e+18,4.5522132989,-1.7399272176,0.5527832906,1.4036366160635556e+18,4.506511372673942,-1.6848891356277074,0.5424001030464014
1.4036366161135555e+18,4.5521656194,-1.7398950951,0.552818564,1.4036366161135555e+18,4.506492133303918,-1.6849055887062023,0.54239943718679
1.4036366161635556e+18,4.552100504,-1.7398949977,0.5528055721,1.4036366161635556e+18,4.506412520775067,-1.6849358215546477,0.5423465132998803
1.4036366162135555e+18,4.5520745459,-1.7398592999,0.5527916925,1.4036366162135555e+18,4.506404859416395,-1.684929297155611,0.5423472575781549
1.4036366162635556e+18,4.5520684168,-1.7398075609,0.552779829,1.4036366162635556e+18,4.506387486060149,-1.6849273824335191,0.5423362530426903
1.4036366163135555e+18,4.552077524,-1.7397350258,0.5528470993,1.4036366163135555e+18,4.506329714669756,-1.6850223698791056,0.5422920403689359
1.4036366163635556e+18,4.5520838655,-1.7397390687,0.5527709277,1.4036366163635556e+18,4.5063391863918145,-1.6850432181261665,0.5422849877809888
1.4036366164135555e+18,4.5521153426,-1.7397054696,0.5527263724,1.4036366164135555e+18,4.506438287693412,-1.6849842644973307,0.5423205553559606
1.4036366164635556e+18,4.5521205787,-1.7397037555,0.5526927092,1.4036366164635556e+18,4.506354961588703,-1.6850699522291346,0.5422651763247377
1.4036366165135555e+18,4.5521146609,-1.7397061709,0.5526834544,1.4036366165135555e+18,4.506448608117446,-1.6849407765671178,0.5421446483914125
1.4036366165635556e+18,4.5521193373,-1.7397116404,0.5527632258,1.4036366165635556e+18,4.506378648205158,-1.6850035497062796,0.5422608922958374
1.4036366166135555e+18,4.5521522581,-1.7397554013,0.5527196015,1.4036366166135555e+18,4.506158130188068,-1.6851057934089446,0.5424534112760567
1.4036366166635556e+18,4.5521826501,-1.7397641773,0.5527327098,1.4036366166635556e+18,4.506355356308511,-1.6850222170712152,0.5423687097869988
1.4036366167135555e+18,4.5522146353,-1.7397772233,0.5527407282,1.4036366167135555e+18,4.506356407588572,-1.6850254706188,0.5423658836755444
1.4036366167635556e+18,4.5522265138,-1.7397925001,0.5527879379,1.4036366167635556e+18,4.506352015093681,-1.6850103246295158,0.5423813492862378
1.4036366168135555e+18,4.5522556864,-1.7398356834,0.5528629054,1.4036366168135555e+18,4.50632636835025,-1.6849942636455086,0.5422645427736293
1.4036366168635556e+18,4.5522837818,-1.7399017674,0.5528079411,1.4036366168635556e+18,4.506342672252053,-1.6849827551104655,0.5422473651721935
1.4036366169135555e+18,4.5523315566,-1.7399221779,0.5528267595,1.4036366169135555e+18,4.506366215370204,-1.684977283165571,0.5422518359462085
1.4036366169635556e+18,4.5523946791,-1.7399261771,0.5528318388,1.4036366169635556e+18,4.506205857548115,-1.685074269677556,0.5424090746649672
1.4036366170135555e+18,4.5524222339,-1.7399442773,0.5528207979,1.4036366170135555e+18,4.506359036753525,-1.6851142024780132,0.5422009129691988
1.4036366170635556e+18,4.5524174814,-1.7399557602,0.5528050965,1.4036366170635556e+18,4.506214402826659,-1.6850351328445168,0.5423307331260734
1.4036366171135555e+18,4.5524179064,-1.7399489856,0.5527713582,1.4036366171135555e+18,4.5062741710633585,-1.685067197738499,0.5422526902651664
1.4036366171635556e+18,4.552398356,-1.7399456357,0.5527396705,1.4036366171635556e+18,4.506251618437424,-1.68503396337898,0.5422538640131407
1.4036366172135555e+18,4.5523773227,-1.7399201744,0.5527807041,1.4036366172135555e+18,4.506144459328013,-1.6849951652074227,0.5423623198260653
1.4036366172635556e+18,4.552341531,-1.7398897964,0.5527037807,1.4036366172635556e+18,4.506252836447219,-1.6850489263390729,0.5423014948413618
1.4036366173135555e+18,4.5523175945,-1.7398570538,0.5526933818,1.4036366173135555e+18,4.506248632776022,-1.6849689509372303,0.5422924264105746
1.4036366173635556e+18,4.5522902787,-1.7398081822,0.5526560646,1.4036366173635556e+18,4.50626191564782,-1.6849724303340294,0.5422946226962805
1.4036366174135555e+18,4.5522563441,-1.7397494556,0.5527383435,1.4036366174135555e+18,4.506263557105396,-1.6849893916781291,0.5423246879648596
1.4036366174635556e+18,4.5522309713,-1.7397548961,0.552662404,1.4036366174635556e+18,4.506266482770482,-1.6849961523982053,0.5423299449299696
1.4036366175135555e+18,4.5522255484,-1.7397402053,0.5526695585,1.4036366175135555e+18,4.506473218299503,-1.6849422292878657,0.5423797893746887
1.4036366175635556e+18,4.5522206614,-1.7397288861,0.5527611883,1.4036366175635556e+18,4.506367894953452,-1.6850469991768762,0.542423162173905
1.4036366176135555e+18,4.5522451432,-1.7397754258,0.5527212972,1.4036366176135555e+18,4.506357615877517,-1.6850406353110439,0.5424330240658659
1.4036366176635556e+18,4.552241371,-1.7398224826,0.5527576677,1.4036366176635556e+18,4.506352704087691,-1.6850527995427764,0.5424331825704988
1.4036366177135555e+18,4.5522424631,-1.7398503963,0.5527619006,1.4036366177135555e+18,4.506307003302414,-1.6850294401454038,0.542397504390284
1.4036366177635556e+18,4.5522760366,-1.7399069591,0.552770279,1.4036366177635556e+18,4.506431460592262,-1.6849612609465598,0.5423456771955086
1.4036366178135555e+18,4.5523209146,-1.7399074376,0.5527615684,1.4036366178135555e+18,4.506406054003181,-1.6850076322919687,0.5423612745828994
1.4036366178635556e+18,4.5523454693,-1.739920522,0.5527444542,1.4036366178635556e+18,4.5063981922193745,-1.685017773074836,0.542349827085169
1.4036366179135555e+18,4.5524056176,-1.7399260822,0.5527248422,1.4036366179135555e+18,4.506413339551701,-1.6849304420254843,0.5423056854042937
1.4036366179635556e+18,4.5524557116,-1.7399278237,0.5526976214,1.4036366179635556e+18,4.506298019692342,-1.6850062858434338,0.5423155544824426
1.4036366180135555e+18,4.5524648404,-1.7399218773,0.5527406298,1.4036366180135555e+18,4.506196826733039,-1.6849347620276318,0.5422269616702362
1.4036366180635556e+18,4.5524414678,-1.739997301,0.5526778412,1.4036366180635556e+18,4.506267687948995,-1.68492936372049,0.5423067790137917
1.4036366181135555e+18,4.5524521198,-1.7399826567,0.5526737394,1.4036366181135555e+18,4.506150321951684,-1.6849770086269134,0.5423447377492117
1.4036366181635556e+18,4.5524292386,-1.7399748167,0.5526992998,1.4036366181635556e+18,4.506174940055219,-1.6850039676466728,0.5423725460370479
1.4036366182135555e+18,4.5523978496,-1.7399521194,0.552684391,1.4036366182135555e+18,4.506182136608643,-1.6850293955650266,0.5423685523567868
1.4036366182635556e+18,4.5523379692,-1.7399450869,0.5526899177,1.4036366182635556e+18,4.506187294441126,-1.6850249291360155,0.5423513515802046
1.4036366183135555e+18,4.5522738012,-1.739896732,0.5527524665,1.4036366183135555e+18,4.506370241716759,-1.6850914350247046,0.5422950617859863
1.4036366183635556e+18,4.5522283361,-1.7399067232,0.5527076828,1.4036366183635556e+18,4.506393154189244,-1.6851028860394233,0.5422690797282874
1.4036366184135555e+18,4.5522253746,-1.7398221413,0.5527872257,1.4036366184135555e+18,4.506460210009337,-1.68510250503455,0.5422924500499577
1.4036366184635556e+18,4.5522455392,-1.7397752529,0.5527988518,1.4036366184635556e+18,4.506528551777084,-1.6851243512723535,0.5423268784211883
1.4036366185135555e+18,4.5523185097,-1.7397814525,0.5528721981,1.4036366185135555e+18,4.506278377528882,-1.685175250336563,0.5422912004121413
1.4036366185635556e+18,4.5523275745,-1.7397510113,0.5529160596,1.4036366185635556e+18,4.506455230485059,-1.6852237396117766,0.5422267008100309
1.4036366186135555e+18,4.552315532,-1.7397602317,0.552873572,1.4036366186135555e+18,4.5065223707141,-1.6851487969959518,0.5422354287683708
1.4036366186635556e+18,4.5523019219,-1.7397772202,0.5528220362,1.4036366186635556e+18,4.506239485296482,-1.685195008916896,0.5422364105919542
1.4036366187135555e+18,4.5522724593,-1.7396948526,0.5527752421,1.4036366187135555e+18,4.506555100387326,-1.6851510782613328,0.5422033349850763
1.4036366187635556e+18,4.552299565,-1.7397464051,0.5527855609,1.4036366187635556e+18,4.506368622693094,-1.6851923941644462,0.5421629156618899
1.4036366188135555e+18,4.5522957449,-1.7397978032,0.5526986622,1.4036366188135555e+18,4.506321536230331,-1.6850277010897823,0.5422547649057723
1.4036366188635556e+18,4.5523353272,-1.7398427536,0.552681702,1.4036366188635556e+18,4.506429730201767,-1.6850360028965543,0.5423177550287779
1.4036366189135555e+18,4.5523497152,-1.7399731466,0.5527284802,1.4036366189135555e+18,4.506472068218034,-1.685132071600845,0.5424009571458973
1.4036366189635556e+18,4.5523643703,-1.7398764076,0.5527689176,1.4036366189635556e+18,4.506489857502349,-1.6851774087302354,0.5424624027045235
1.4036366190135555e+18,4.5523895121,-1.7398825173,0.5527824245,1.4036366190135555e+18,4.506547172680468,-1.6851898834404133,0.5424524230518369
1.4036366190635556e+18,4.552449661,-1.7398525074,0.5527874054,1.4036366190635556e+18,4.506988390847904,-1.6855913364252926,0.5422746725704226
1.4036366191135555e+18,4.5524186673,-1.7399152363,0.55274915,1.4036366191135555e+18,4.506936956304942,-1.6854543181769577,0.5423658337312075
1.4036366191635556e+18,4.5524044054,-1.7399407113,0.5526928166,1.4036366191635556e+18,4.50678385534162,-1.6852706355254712,0.5424979111571658
1.4036366192135555e+18,4.5523676462,-1.7399310872,0.5526772501,1.4036366192135555e+18,4.50652269325677,-1.6851371242502746,0.54229164364203
1.4036366192635556e+18,4.5523353508,-1.7398954644,0.552664525,1.4036366192635556e+18,4.5066421757355215,-1.685137046269636,0.5424084558349291
1.4036366193135555e+18,4.552289402,-1.7399385781,0.552696943,1.4036366193135555e+18,4.506426428744904,-1.6851015463450385,0.5422948569148425
1.4036366193635556e+18,4.5522406874,-1.7401321758,0.5527933104,1.4036366193635556e+18,4.506390035843789,-1.6851127308831566,0.5423426173410203
1.4036366194135555e+18,4.5521585046,-1.7401670063,0.5528793196,1.4036366194135555e+18,4.506484633411224,-1.6851263323854726,0.5424505101987237
1.4036366194635556e+18,4.5521307193,-1.7400761935,0.5529456919,1.4036366194635556e+18,4.5065613535296905,-1.6850759662740702,0.5424329757901294
1.4036366195135555e+18,4.5520567905,-1.7399569626,0.5529350464,1.4036366195135555e+18,4.50674334738389,-1.6850929156266705,0.542319892561967
1.4036366195635556e+18,4.5520985614,-1.7398555803,0.5529137115,1.4036366195635556e+18,4.507080670098921,-1.6850429374071136,0.5423713907690602
1.4036366196135555e+18,4.5521590302,-1.7397616807,0.5528845152,1.4036366196135555e+18,4.506778890336771,-1.6850428736928689,0.5423657549019036
1.4036366196635556e+18,4.552209501,-1.7397647315,0.5529259612,1.4036366196635556e+18,4.506702406274948,-1.6850601940794152,0.5424696897411916
1.4036366197135555e+18,4.5523048166,-1.7397646397,0.5528599048,1.4036366197135555e+18,4.506732273834328,-1.6850999618813693,0.5423401778172664
1.4036366197635556e+18,4.5523206373,-1.7398074788,0.5528506687,1.4036366197635556e+18,4.506615118748261,-1.685066164790131,0.5422298008858262
1.4036366198135555e+18,4.5522901186,-1.7397963712,0.5528244763,1.4036366198135555e+18,4.506284699672601,-1.685050624527515,0.5423278327355724
1.4036366198635556e+18,4.5522360669,-1.739827177,0.552814667,1.4036366198635556e+18,4.506188761720343,-1.6850453728705717,0.5423179279304744
1.4036366199135555e+18,4.5521857794,-1.739799287,0.5528349429,1.4036366199135555e+18,4.5064546864157,-1.6851678009490807,0.5422008567131915
1.4036366199635556e+18,4.5521854161,-1.7398150824,0.5528566417,1.4036366199635556e+18,4.506234470340476,-1.6849743769361853,0.542339511508984
1.4036366200135555e+18,4.552139762,-1.7398293131,0.5528269409,1.4036366200135555e+18,4.5064331785429586,-1.6850801709265895,0.5419801163250505
1.4036366200635556e+18,4.5521321382,-1.7398162528,0.5527976761,1.4036366200635556e+18,4.5063763375652215,-1.6850541362476752,0.5421116823598056
1.4036366201135555e+18,4.5520825646,-1.7398277632,0.5527498482,1.4036366201135555e+18,4.506476259793633,-1.685188563872168,0.5421270249052512
1.4036366201635556e+18,4.5520957584,-1.7398042182,0.5527025584,1.4036366201635556e+18,4.506506231187105,-1.6850013662335115,0.5422028631995987
1.4036366202135555e+18,4.5521197496,-1.7397798004,0.5527145513,1.4036366202135555e+18,4.506556406692856,-1.6849992468770414,0.5422873006750852
1.4036366202635556e+18,4.5521419444,-1.7397763868,0.5527292475,1.4036366202635556e+18,4.506546163809691,-1.685032943572867,0.5424194296009568
1.4036366203135555e+18,4.5521322462,-1.7397749057,0.5527712764,1.4036366203135555e+18,4.506138949233722,-1.6849538635277446,0.5421891019893365
1.4036366203635556e+18,4.5520788717,-1.7397453875,0.5528070424,1.4036366203635556e+18,4.5060550577049625,-1.6849437479450535,0.5421724715766246
1.4036366204135555e+18,4.5520393289,-1.7397715176,0.5528031084,1.4036366204135555e+18,4.506011163059357,-1.6849780358325066,0.5421219467580191
1.4036366204635556e+18,4.5520091375,-1.7397422904,0.5528479405,1.4036366204635556e+18,4.5063142503962785,-1.6850036086371338,0.5423023613689362
1.4036366205135555e+18,4.5520146769,-1.7398345765,0.5528244894,1.4036366205135555e+18,4.506223557194368,-1.685005923056761,0.542510538922612
1.4036366205635556e+18,4.5520801959,-1.7398757126,0.5528120694,1.4036366205635556e+18,4.506322026125897,-1.68498739652665,0.5423993466454822
1.4036366206135555e+18,4.5521124946,-1.7399319503,0.5527695394,1.4036366206135555e+18,4.506273796625934,-1.6849409425396846,0.5423423140962794
1.4036366206635556e+18,4.5521627686,-1.739924386,0.552718378,1.4036366206635556e+18,4.506258566886307,-1.6849189195233236,0.5423902445063427
1.4036366207135555e+18,4.5521622391,-1.7399541202,0.552723492,1.4036366207135555e+18,4.506201244305609,-1.6849351504783388,0.5423804002059098
1.4036366207635556e+18,4.5521677815,-1.7399397288,0.55273358,1.4036366207635556e+18,4.506197658108415,-1.6849082556062775,0.5423181938797765
1.4036366208135555e+18,4.5521500719,-1.7398668528,0.5528021538,1.4036366208135555e+18,4.506242722869724,-1.6849669285761721,0.5421719556768603
1.4036366208635556e+18,4.5522205457,-1.7398050369,0.5527997808,1.4036366208635556e+18,4.506246847622111,-1.6849266358899684,0.5421765389925266
1.4036366209135555e+18,4.5522624988,-1.7397542153,0.5528468227,1.4036366209135555e+18,4.506200445104098,-1.6849779310874622,0.5421476263162446
1.4036366209635556e+18,4.5522702572,-1.7396805681,0.5528783663,1.4036366209635556e+18,4.506251146552656,-1.6850306189510391,0.5421427119533887
1.4036366210135555e+18,4.5522925549,-1.739614403,0.5528776371,1.4036366210135555e+18,4.50564796132587,-1.6846493856331721,0.5421910385124458
1.4036366210635556e+18,4.5522846752,-1.7393929325,0.5528632673,1.4036366210635556e+18,4.505595370442994,-1.6846463554557494,0.5421156854120829
1.4036366211135555e+18,4.5523497476,-1.7396874406,0.552955155,1.4036366211135555e+18,4.50578101761403,-1.6849855438467445,0.542254973893231
1.4036366211635556e+18,4.5523345662,-1.7396619903,0.5528776082,1.4036366211635556e+18,4.505812870606271,-1.685130995221564,0.5421447413752838
1.4036366212135555e+18,4.552251087,-1.7398489492,0.5529095394,1.4036366212135555e+18,4.505565641491104,-1.6849702770852188,0.5420252702083534
1.4036366212635556e+18,4.5521834486,-1.7397986257,0.5528325838,1.4036366212635556e+18,4.505844288544455,-1.6851222950148552,0.5421398780325488
1.4036366213135555e+18,4.5520241043,-1.7399208947,0.5528681417,1.4036366213135555e+18,4.506293461293606,-1.6850431912527204,0.5422923582522885
1.4036366213635556e+18,4.5519182844,-1.7398390814,0.5528444824,1.4036366213635556e+18,4.506344709545123,-1.684921617865757,0.5422933109367648
1.4036366214135555e+18,4.551889401,-1.739970558,0.5528238595,1.4036366214135555e+18,4.50646471288891,-1.6849948611794883,0.5422710651099074
1.4036366214635556e+18,4.5519125391,-1.7399130917,0.5527865447,1.4036366214635556e+18,4.506567714436804,-1.6849401727175166,0.5423017846845835
1.4036366215135555e+18,4.5519711924,-1.7399692703,0.5528020089,1.4036366215135555e+18,4.505706873921683,-1.6847873720079338,0.5418335018343144
1.4036366215635556e+18,4.5520647505,-1.7398141791,0.5527547442,1.4036366215635556e+18,4.5058748161986015,-1.6847853488617521,0.5419991815585937
1.4036366216135555e+18,4.5520911581,-1.7399106081,0.5528107538,1.4036366216135555e+18,4.505841535423476,-1.684732444172163,0.5421027508226688
1.4036366216635556e+18,4.5520914033,-1.7398349079,0.5528718074,1.4036366216635556e+18,4.506105495445223,-1.6848808828147293,0.5422495082703749
1.4036366217135555e+18,4.5520754544,-1.7398657965,0.5529358193,1.4036366217135555e+18,4.506246668135397,-1.6849713634514836,0.5422961412193161
1.4036366217635556e+18,4.5520567773,-1.7398147382,0.5529481498,1.4036366217635556e+18,4.506315432581938,-1.6849662462205026,0.542311809787889
1.4036366218135555e+18,4.5520885998,-1.7397790118,0.5529774622,1.4036366218135555e+18,4.506145213015991,-1.684883279564597,0.542250361898494
1.4036366218635556e+18,4.5520735763,-1.7398114764,0.5529208274,1.4036366218635556e+18,4.5062219177236225,-1.684910981697674,0.5422321129351094
1.4036366219135555e+18,4.5520416587,-1.7398046351,0.5528814291,1.4036366219135555e+18,4.506201793936682,-1.6849253849868473,0.5422574773653484
1.4036366219635556e+18,4.5520240373,-1.7397686037,0.5528758333,1.4036366219635556e+18,4.5062261309250315,-1.6849338172046653,0.5422865244586008
1.4036366220135555e+18,4.5520287666,-1.7396993227,0.5528361678,1.4036366220135555e+18,4.506194475452574,-1.6848110924086366,0.5420588746306415
1.4036366220635556e+18,4.5520422565,-1.7397587573,0.5528382674,1.4036366220635556e+18,4.506271825940005,-1.6849068867431545,0.5422303602056727
1.4036366221135555e+18,4.5520563982,-1.739734409,0.5527833573,1.4036366221135555e+18,4.506357219982589,-1.6849561371072599,0.5423328351357473
1.4036366221635556e+18,4.5520252871,-1.7397722116,0.5527513205,1.4036366221635556e+18,4.50642698003892,-1.685038427929293,0.5424212032396192
1.4036366222135555e+18,4.5520172557,-1.7397641326,0.5527217562,1.4036366222135555e+18,4.5064575925362576,-1.6850610145096785,0.5424684417419354
1.4036366222635556e+18,4.5520727341,-1.7397478853,0.552702995,1.4036366222635556e+18,4.506574699012232,-1.6850688541908558,0.5425338325364838
1.4036366223135555e+18,4.5520986898,-1.7396452264,0.5527490343,1.4036366223135555e+18,4.505876337146887,-1.6846509390946873,0.5421815135137753
1.4036366223635556e+18,4.5522582393,-1.7396393394,0.5527608185,1.4036366223635556e+18,4.5060085084614,-1.6846671420986659,0.5422032609583445
1.4036366224135555e+18,4.5523383228,-1.7397006483,0.5528110495,1.4036366224135555e+18,4.506760505198268,-1.6851214610877174,0.5426570979301597
1.4036366224635556e+18,4.5523023588,-1.7397181518,0.5527835435,1.4036366224635556e+18,4.506599034231683,-1.6850553313705363,0.5425661739651997
1.4036366225135555e+18,4.5522459453,-1.7397166045,0.5527357593,1.4036366225135555e+18,4.506548532464188,-1.6851320658368352,0.5426601173990888
1.4036366225635556e+18,4.5521985377,-1.7397089257,0.5527177403,1.4036366225635556e+18,4.506512536307089,-1.6850468151698648,0.5425671266436098
1.4036366226135555e+18,4.552159058,-1.7398056569,0.5527059304,1.4036366226135555e+18,4.506406906451579,-1.6849939208242746,0.5425022296869422
1.4036366226635556e+18,4.5521091829,-1.739888596,0.552722161,1.4036366226635556e+18,4.506316716725075,-1.6849894864655,0.5424565876655428
1.4036366227135555e+18,4.5520860564,-1.7399810353,0.5527264437,1.4036366227135555e+18,4.506281293804884,-1.6849714114153707,0.5424066921843157
1.4036366227635556e+18,4.5521395371,-1.7400370724,0.5527223563,1.4036366227635556e+18,4.506279167893818,-1.6849106255934112,0.5423596284445427
1.4036366228135555e+18,4.5522343466,-1.7401155153,0.5527664924,1.4036366228135555e+18,4.506581739128478,-1.684958735714925,0.542272301982116
1.4036366228635556e+18,4.5522994423,-1.7400282694,0.5528697999,1.4036366228635556e+18,4.506565974674829,-1.6848566521730706,0.5422874175775874
1.4036366229135555e+18,4.5522943219,-1.7398302606,0.5529741659,1.4036366229135555e+18,4.506211897053152,-1.68475628328991,0.5423705555207737
1.4036366229635556e+18,4.5522620668,-1.7397556231,0.55310046,1.4036366229635556e+18,4.5064565269826975,-1.6847790748995701,0.5423127718185006
1.4036366230135555e+18,4.5521948672,-1.7395984539,0.5531658184,1.4036366230135555e+18,4.50563823030422,-1.6840452704794318,0.5423178353902635
1.4036366230635556e+18,4.5521102616,-1.7394549923,0.5531876237,1.4036366230635556e+18,4.505562974958649,-1.6840739118213237,0.5421762554629693
1.4036366231135555e+18,4.552022921,-1.7394326984,0.5531996779,1.4036366231135555e+18,4.5055705947623546,-1.684253210994458,0.5421287680592813
1.4036366231635556e+18,4.5518916185,-1.7394102508,0.5531606871,1.4036366231635556e+18,4.5057425879085535,-1.6845300397617677,0.5421239211368409
1.4036366232135555e+18,4.5517569108,-1.7393807965,0.5531542296,1.4036366232135555e+18,4.505835078808027,-1.6846293365758283,0.542139814399581
1.4036366232635556e+18,4.5514946095,-1.7393954839,0.5531545307,1.4036366232635556e+18,4.505877671739296,-1.6846940600855498,0.5421524023604756
1.4036366233135555e+18,4.5511164727,-1.7392227163,0.5532097031,1.4036366233135555e+18,4.506186969811568,-1.6846406083265262,0.5424705893337982
1.4036366233635556e+18,4.5510370084,-1.7394238969,0.5532224036,1.4036366233635556e+18,4.5064418172200265,-1.6846888836210743,0.5424810422606087
1.4036366234135555e+18,4.5509671326,-1.7394003526,0.5531610678,1.4036366234135555e+18,4.506673998069824,-1.6846636935134431,0.5425332748436535
1.4036366234635556e+18,4.5511507935,-1.7397688911,0.5532591546,1.4036366234635556e+18,4.506902391984301,-1.684750408710073,0.5426720887494516
1.4036366235135555e+18,4.5519195198,-1.7398577152,0.5531719187,1.4036366235135555e+18,4.507543704780007,-1.685147039925432,0.5419858396762067
1.4036366235635556e+18,4.5527691886,-1.7399041621,0.5530238599,1.4036366235635556e+18,4.5077623492138015,-1.6850225145727427,0.5424862120266487
1.4036366236135555e+18,4.5533527552,-1.7399257415,0.552942771,1.4036366236135555e+18,4.507689999917084,-1.68487818669832,0.5428023551769072
1.4036366236635556e+18,4.5531872607,-1.7399467165,0.5530190838,1.4036366236635556e+18,4.506945333560175,-1.6847257515804894,0.5430083084427595
1.4036366237135555e+18,4.5528620816,-1.739834359,0.5531281497,1.4036366237135555e+18,4.50629445070455,-1.6844235272727706,0.5428864504199005
1.4036366237635556e+18,4.5525544985,-1.7397498509,0.5531824417,1.4036366237635556e+18,4.505741483054366,-1.6842359553301187,0.5428046393031057
1.4036366238135555e+18,4.55223113,-1.7396029301,0.5531053568,1.4036366238135555e+18,4.505889056162839,-1.684175629454155,0.5420855822581392
1.4036366238635556e+18,4.5518590688,-1.7393986405,0.5530997592,1.4036366238635556e+18,4.50568439838132,-1.6840498500220715,0.5419075954608734
1.4036366239135555e+18,4.55162986,-1.7393233632,0.5529620784,1.4036366239135555e+18,4.505828356479547,-1.6841384375490147,0.5417524188164097
1.4036366239635556e+18,4.551608676,-1.739392308,0.5529251971,1.4036366239635556e+18,4.506258167722358,-1.684411203017117,0.5417265179687537
1.4036366240135555e+18,4.5518177847,-1.7393429406,0.5528717367,1.4036366240135555e+18,4.503635689013963,-1.6831679608597123,0.5425967574887355
1.4036366240635556e+18,4.5516984649,-1.7391797671,0.5530666282,1.4036366240635556e+18,4.5044747694349585,-1.6835973909595405,0.5420617260228148
1.4036366241135555e+18,4.5517153002,-1.7392552214,0.5528865257,1.4036366241135555e+18,4.504895535456117,-1.6837450907333362,0.5421177407599421
1.4036366241635556e+18,4.5522748794,-1.739346959,0.5528770108,1.4036366241635556e+18,4.50600270098492,-1.6842483519294276,0.5424159092606953
1.4036366242135555e+18,4.5528147157,-1.7393815679,0.5527455711,1.4036366242135555e+18,4.506508206635081,-1.6842785303724401,0.5426478034565492
1.4036366242635556e+18,4.5531016295,-1.7392781178,0.553086485,1.4036366242635556e+18,4.506786864744858,-1.6842728854406936,0.5429942272836953
1.4036366243135555e+18,4.5528619569,-1.7386595074,0.5530765306,1.4036366243135555e+18,4.506331494191379,-1.6837594710652088,0.5417982436039019
1.4036366243635556e+18,4.5534909221,-1.7377989698,0.5527341264,1.4036366243635556e+18,4.5072388359265565,-1.6829072213652307,0.5415606034534616
1.4036366244135555e+18,4.5552965448,-1.7363218991,0.5527251963,1.4036366244135555e+18,4.509460667312908,-1.681569602584462,0.5415210054248216
1.4036366244635556e+18,4.5579678594,-1.7345876076,0.552588049,1.4036366244635556e+18,4.5121500468354565,-1.6798503536708544,0.5413156247669493
1.4036366245135555e+18,4.5613595305,-1.732536447,0.55246767,1.4036366245135555e+18,4.5163518688465105,-1.677664452529501,0.5429880375687233
1.4036366245635556e+18,4.5650630006,-1.7302414806,0.5526202787,1.4036366245635556e+18,4.520383894495444,-1.6751599699604622,0.5431331822682648
1.4036366246135555e+18,4.5691567352,-1.7272143975,0.5525287762,1.4036366246135555e+18,4.524534645240937,-1.6720784879170665,0.5432164919488707
1.4036366246635556e+18,4.5731111551,-1.7232928182,0.5521983897,1.4036366246635556e+18,4.528700952147371,-1.6681928446114975,0.5432791267320201
1.4036366247135555e+18,4.577927368,-1.7187019617,0.5505251614,1.4036366247135555e+18,4.533841512103599,-1.6641427877748245,0.5425339334781171
1.4036366247635556e+18,4.5836048757,-1.7136813767,0.5497518667,1.4036366247635556e+18,4.5393245580016695,-1.6590062030239179,0.5423323637846225
1.4036366248135555e+18,4.5908470114,-1.70797376,0.5485635984,1.4036366248135555e+18,4.54645700773474,-1.6534928824253858,0.5424194672268673
1.4036366248635556e+18,4.5989077776,-1.7022666669,0.5491991577,1.4036366248635556e+18,4.5541800443560785,-1.647759772560675,0.5442921478470568
1.4036366249135555e+18,4.6078426887,-1.6963527191,0.551501053,1.4036366249135555e+18,4.563168578547748,-1.6420222884260316,0.5481150191924303
1.4036366249635556e+18,4.6173539512,-1.6910116939,0.5563574259,1.4036366249635556e+18,4.572637913139454,-1.6371163017188344,0.5539728914890258
1.4036366250135555e+18,4.6267163386,-1.6864382153,0.5638534058,1.4036366250135555e+18,4.581724679941166,-1.6327004576209474,0.5622911337478791
1.4036366250635556e+18,4.6355114341,-1.6828128953,0.5734297724,1.4036366250635556e+18,4.590465102060897,-1.6294739931577837,0.5726155014837131
1.4036366251135555e+18,4.6431623404,-1.6806254043,0.5852157513,1.4036366251135555e+18,4.597758978489424,-1.627176738012067,0.5842973674874993
1.4036366251635556e+18,4.6492504624,-1.6795576726,0.5990037871,1.4036366251635556e+18,4.605035010821997,-1.6261659041470458,0.5987555358879599
1.4036366252135555e+18,4.6537747628,-1.6789129543,0.6140146194,1.4036366252135555e+18,4.609367677679685,-1.6251144034879648,0.6134592294870362
1.4036366252635556e+18,4.6569786727,-1.6784689594,0.6291469351,1.4036366252635556e+18,4.612382606868173,-1.6243760956880784,0.6282658248323716
1.4036366253135555e+18,4.6586487304,-1.6781472544,0.6411315237,1.4036366253135555e+18,4.613653452254424,-1.6238712731694236,0.639955249594305
1.4036366253635556e+18,4.6598476947,-1.6780514403,0.647768178,1.4036366253635556e+18,4.614567161655735,-1.6242939848370537,0.645151227585869
1.4036366254135555e+18,4.6606881793,-1.6777490571,0.6489171935,1.4036366254135555e+18,4.614276793661709,-1.623929463074965,0.6460654553568312
1.4036366254635556e+18,4.6609299183,-1.677402253,0.6465019729,1.4036366254635556e+18,4.613287416539158,-1.6235937721855007,0.6435868810755814
1.4036366255135555e+18,4.6596660883,-1.6769793117,0.6421830273,1.4036366255135555e+18,4.611342606586898,-1.6234670257050916,0.6391956304873534
1.4036366255635556e+18,4.6573510743,-1.6768713585,0.6379646469,1.4036366255635556e+18,4.608353793369188,-1.62349360628526,0.634986323035288
1.4036366256135555e+18,4.6537443915,-1.676741075,0.6362767877,1.4036366256135555e+18,4.605094956622307,-1.6236801591733399,0.6332790457403363
1.4036366256635556e+18,4.6490864741,-1.6768178856,0.6384918972,1.4036366256635556e+18,4.60267680351615,-1.62304127141674,0.6361392422882199
1.4036366257135555e+18,4.6426625753,-1.6772080071,0.6457309903,1.4036366257135555e+18,4.596594199733104,-1.6237002729202654,0.6433102139215622
1.4036366257635556e+18,4.6352749594,-1.6776601339,0.6566435178,1.4036366257635556e+18,4.589320747473575,-1.6244703363817643,0.6543659397507257
1.4036366258135555e+18,4.6271037834,-1.6783727237,0.6719136449,1.4036366258135555e+18,4.581456187936196,-1.6254208535812171,0.6699296001275923
1.4036366258635556e+18,4.6181759662,-1.6793381693,0.6913617983,1.4036366258635556e+18,4.569781376294315,-1.6273901751838145,0.6889375986545634
1.4036366259135555e+18,4.6094451343,-1.6807375892,0.7136427772,1.4036366259135555e+18,4.560101018036064,-1.6289660280653258,0.7111889382024127
1.4036366259635556e+18,4.6007692679,-1.6821815627,0.737867469,1.4036366259635556e+18,4.549284066573301,-1.630752534797668,0.734903550590306
1.4036366260135555e+18,4.5923143225,-1.6837200111,0.7623325161,1.4036366260135555e+18,4.540606741839159,-1.6325062943582913,0.7593741905022923
1.4036366260635556e+18,4.5851656038,-1.6858043941,0.7864844554,1.4036366260635556e+18,4.533759162711922,-1.6330714563886346,0.7836863021046262
1.4036366261135555e+18,4.5780819695,-1.6878329569,0.809958375,1.4036366261135555e+18,4.5265688691843815,-1.6347206885002654,0.8069414801185082
1.4036366261635556e+18,4.5713098479,-1.6894646242,0.8325207479,1.4036366261635556e+18,4.52144903171891,-1.6333796523800452,0.830543859835405
1.4036366262135555e+18,4.5649343935,-1.6904430904,0.8529497426,1.4036366262135555e+18,4.515425476513852,-1.6338902722383069,0.8509524902637126
1.4036366262635556e+18,4.559304494,-1.6905181723,0.8702228937,1.4036366262635556e+18,4.510045390802487,-1.6337897160355934,0.8679068914735195
1.4036366263135555e+18,4.5539501323,-1.6897740406,0.8837290221,1.4036366263135555e+18,4.504911611894811,-1.633118296849261,0.8811501413345403
1.4036366263635556e+18,4.5493393253,-1.6881923201,0.8933219222,1.4036366263635556e+18,4.500365902499935,-1.6341571655534672,0.8907360588108928
1.4036366264135555e+18,4.5452861151,-1.6857164458,0.8993672257,1.4036366264135555e+18,4.496799262622448,-1.6322530768677284,0.8971666261876187
1.4036366264635556e+18,4.541506265,-1.6823101165,0.9030547003,1.4036366264635556e+18,4.493741813603625,-1.628628748421903,0.9015686738710811
1.4036366265135555e+18,4.5382667889,-1.6781904783,0.9059293721,1.4036366265135555e+18,4.491166342864204,-1.624754226418301,0.9051611377627552
1.4036366265635556e+18,4.5358761547,-1.6735412656,0.9078343793,1.4036366265635556e+18,4.4895161843083455,-1.6202807321985406,0.9078057615694308
1.4036366266135555e+18,4.534468961,-1.6686462321,0.9087993663,1.4036366266135555e+18,4.48862490313157,-1.6154234306135113,0.9093961266440653
1.4036366266635556e+18,4.5342220734,-1.6636868758,0.9087494333,1.4036366266635556e+18,4.486272106976662,-1.606645200005001,0.9086304472885136
1.4036366267135555e+18,4.5353128313,-1.6589986173,0.9073204632,1.4036366267135555e+18,4.487532881219381,-1.6016141821591887,0.907517931915257
1.4036366267635556e+18,4.5376387277,-1.654602969,0.9046515279,1.4036366267635556e+18,4.489726066363316,-1.5968276147552922,0.9049835832040058
1.4036366268135555e+18,4.5407613839,-1.6503838321,0.9011286546,1.4036366268135555e+18,4.492836684157605,-1.5922336655406713,0.9013005009342114
1.4036366268635556e+18,4.5449942422,-1.6462744727,0.8962213302,1.4036366268635556e+18,4.4987064677389625,-1.5907557417108282,0.8976180897324462
1.4036366269135555e+18,4.5497424381,-1.6423701188,0.8907051235,1.4036366269135555e+18,4.503856188359238,-1.5869626774942036,0.8926102604067813
1.4036366269635556e+18,4.5550121831,-1.6385377337,0.8842901303,1.4036366269635556e+18,4.509413379656414,-1.5831301812673821,0.886781478146801
1.4036366270135555e+18,4.5606353814,-1.6348877428,0.8772892197,1.4036366270135555e+18,4.515125551314812,-1.5792839596328065,0.8802475651127756
1.4036366270635556e+18,4.5661762138,-1.6312908985,0.8708234949,1.4036366270635556e+18,4.520915652735659,-1.5754732271144705,0.874217575536505
1.4036366271135555e+18,4.5718491752,-1.6278814048,0.8658734379,1.4036366271135555e+18,4.526040013060149,-1.5717721295819722,0.8697721005038022
1.4036366271635556e+18,4.5764573434,-1.6244467307,0.8650501782,1.4036366271635556e+18,4.528465354723017,-1.567223374286481,0.8620523558153557
1.4036366272135555e+18,4.5812738321,-1.6211963365,0.8668987551,1.4036366272135555e+18,4.532746002458721,-1.5634107966028927,0.8641027102278631
1.4036366272635556e+18,4.5849878996,-1.6178273788,0.8718033303,1.4036366272635556e+18,4.536320931941102,-1.5597869429171993,0.8688457003329219
1.4036366273135555e+18,4.5892726065,-1.6148162295,0.8791543534,1.4036366273135555e+18,4.540385508991929,-1.556354876746911,0.8759997578367029
1.4036366273635556e+18,4.5931130746,-1.6116221732,0.8886566638,1.4036366273635556e+18,4.544748758314332,-1.5532771681832271,0.8887934254526643
1.4036366274135555e+18,4.5975123311,-1.6086131097,0.900287689,1.4036366274135555e+18,4.549199916304674,-1.5500546716801316,0.899677549237786
1.4036366274635556e+18,4.6023053534,-1.6053579685,0.9141604751,1.4036366274635556e+18,4.554169469819714,-1.5464645844397396,0.9132312305338465
1.4036366275135555e+18,4.6066870365,-1.601642374,0.927536213,1.4036366275135555e+18,4.558663979185108,-1.542487773882852,0.9256724021657063
1.4036366275635556e+18,4.6111431328,-1.5972957724,0.9376288215,1.4036366275635556e+18,4.5636772827905565,-1.5382921119306283,0.9348049106314378
1.4036366276135555e+18,4.6162076742,-1.5925635415,0.9433384231,1.4036366276135555e+18,4.569511294359867,-1.5338105033868028,0.9397589656405059
1.4036366276635556e+18,4.6217976244,-1.5879445167,0.9445586326,1.4036366276635556e+18,4.578747420771152,-1.5301421160486162,0.9454480973316287
1.4036366277135555e+18,4.6278248546,-1.5831226926,0.9417806699,1.4036366277135555e+18,4.584679664181703,-1.5253175864475939,0.9422347870852354
1.4036366277635556e+18,4.6335299926,-1.5777648391,0.9367053317,1.4036366277635556e+18,4.590327968833068,-1.5203186097186148,0.9366927503433518
1.4036366278135555e+18,4.6383782478,-1.5720809955,0.9307656747,1.4036366278135555e+18,4.595066741130854,-1.514595421598679,0.9305875941414357
1.4036366278635556e+18,4.6425271022,-1.5658307256,0.9242866554,1.4036366278635556e+18,4.6011180644974115,-1.5082333468876115,0.9213724791276833
1.4036366279135555e+18,4.6458401288,-1.5595605042,0.9186753001,1.4036366279135555e+18,4.604394768557244,-1.5019570699358415,0.9157054611408357
1.4036366279635556e+18,4.6479161086,-1.5533032921,0.9150234202,1.4036366279635556e+18,4.605713632912212,-1.4953830473794483,0.9128091950440713
1.4036366280135555e+18,4.6479675928,-1.5466755083,0.9136778644,1.4036366280135555e+18,4.605371367893255,-1.4885855595345063,0.9119778101859813
1.4036366280635556e+18,4.645222857,-1.5395965834,0.9157912074,1.4036366280635556e+18,4.60281537554172,-1.4814417770887367,0.9145642442246231
1.4036366281135555e+18,4.6416778715,-1.5327515892,0.9217112973,1.4036366281135555e+18,4.599481992119027,-1.474544086875582,0.9209201282228068
1.4036366281635556e+18,4.6367265964,-1.5258751686,0.9300939238,1.4036366281635556e+18,4.599400707486635,-1.4683906284900181,0.93414388135843
1.4036366282135555e+18,4.6313079866,-1.5189908631,0.9400232097,1.4036366282135555e+18,4.594584511775751,-1.4613053894140897,0.9439725429775291
1.4036366282635556e+18,4.6258576854,-1.5123129207,0.9513394598,1.4036366282635556e+18,4.589678554382997,-1.4542415334390717,0.9551437783348552
1.4036366283135555e+18,4.6210837035,-1.5056807051,0.9637446647,1.4036366283135555e+18,4.585024519483479,-1.4470037079084226,0.9672161874928713
1.4036366283635556e+18,4.6168341265,-1.4985161352,0.9763914288,1.4036366283635556e+18,4.579145918701844,-1.4393912528641455,0.9764737752231567
1.4036366284135555e+18,4.6131469925,-1.4909324514,0.9885422358,1.4036366284135555e+18,4.574971173028852,-1.431291022100512,0.9879529607217098
1.4036366284635556e+18,4.6100934181,-1.4828988159,0.9993454349,1.4036366284635556e+18,4.571305870117483,-1.4228670697404213,0.9982947090311782
1.4036366285135555e+18,4.6076273048,-1.4742631852,1.0085651219,1.4036366285135555e+18,4.56825692613509,-1.4137570411728588,1.0071193283107474
1.4036366285635556e+18,4.6058281164,-1.4651617052,1.0161132291,1.4036366285635556e+18,4.566056171986294,-1.4040854438212211,1.0143329400047423
1.4036366286135555e+18,4.6045496353,-1.4554496202,1.0220571396,1.4036366286135555e+18,4.56380691805832,-1.3941919899636688,1.0209953476152274
1.4036366286635556e+18,4.6037395399,-1.4447741597,1.0263645111,1.4036366286635556e+18,4.562870538425938,-1.383353818592554,1.0250722070778708
1.4036366287135555e+18,4.6032179208,-1.4326995933,1.0288017643,1.4036366287135555e+18,4.56257475159617,-1.37140558217579,1.0279595678320028
1.4036366287635556e+18,4.6032415628,-1.4195140948,1.028973916,1.4036366287635556e+18,4.563329987509989,-1.3585163058763752,1.0289015690330987
1.4036366288135555e+18,4.603507328,-1.4055964476,1.0275347885,1.4036366288135555e+18,4.564216814297259,-1.3441780406344628,1.027827803693857
1.4036366288635556e+18,4.603026161,-1.3909173781,1.0249833245,1.4036366288635556e+18,4.565401050811885,-1.3300485652505631,1.0263227871736267
1.4036366289135555e+18,4.6016131998,-1.3757953979,1.0240277508,1.4036366289135555e+18,4.565974035106999,-1.3157218710707899,1.0263443310213496
1.4036366289635556e+18,4.6013220905,-1.3610882044,1.0251619645,1.4036366289635556e+18,4.564902239022169,-1.3009516864205475,1.0282158586265495
1.4036366290135555e+18,4.6013494877,-1.346637865,1.0288630187,1.4036366290135555e+18,4.5677729204581174,-1.28716946872037,1.0330829358709905
1.4036366290635556e+18,4.6017304031,-1.3322837815,1.0350733711,1.4036366290635556e+18,4.571180889890851,-1.2736345899980142,1.0407176313427648
1.4036366291135555e+18,4.6016701125,-1.3174775468,1.0425141789,1.4036366291135555e+18,4.574172516101426,-1.2598008727075491,1.0496886419482983
1.4036366291635556e+18,4.6005117021,-1.3020025315,1.0494556735,1.4036366291635556e+18,4.580434851378601,-1.246956962672079,1.0573356014767277
1.4036366292135555e+18,4.59809788,-1.2858579601,1.0552675342,1.4036366292135555e+18,4.559687212751052,-1.2243139343867893,1.0550088014892847
1.4036366292635556e+18,4.595002206,-1.2695882646,1.0600022222,1.4036366292635556e+18,4.562016116699538,-1.2096545654276891,1.0611988641616144
1.4036366293135555e+18,4.5905620499,-1.2530391739,1.0633264641,1.4036366293135555e+18,4.563554300358624,-1.1947472573687343,1.0661360224983614
1.4036366293635556e+18,4.585785119,-1.2364859972,1.0654735288,1.4036366293635556e+18,4.564323662152766,-1.1796704801224913,1.0698267151318908
1.4036366294135555e+18,4.5806187951,-1.2198216592,1.0665245257,1.4036366294135555e+18,4.56473537180171,-1.1643617166521005,1.0721843996362905
1.4036366294635556e+18,4.5753622114,-1.2024276162,1.0661659476,1.4036366294635556e+18,4.540157875027899,-1.1408818092166155,1.0632791011819127
1.4036366295135555e+18,4.5703732243,-1.1844413986,1.0639106051,1.4036366295135555e+18,4.5400904444794925,-1.1238062817924925,1.062046724258575
1.4036366295635556e+18,4.5657547108,-1.165586292,1.059480236,1.4036366295635556e+18,4.540158156641223,-1.1058938906034437,1.0587187917652487
1.4036366296135555e+18,4.5615434658,-1.1455173024,1.0526671501,1.4036366296135555e+18,4.540690404005942,-1.0868165127278004,1.053505010189364
1.4036366296635556e+18,4.5577421867,-1.1245873063,1.044134322,1.4036366296635556e+18,4.531770104199269,-1.0657464686578582,1.043621975703142
1.4036366297135555e+18,4.5535337088,-1.1026265617,1.0341525111,1.4036366297135555e+18,4.531772253946039,-1.0449968427451255,1.034879574988895
1.4036366297635556e+18,4.549334943,-1.0796932507,1.0230341633,1.4036366297635556e+18,4.531922256992828,-1.0233515701885625,1.024961374654407
1.4036366298135555e+18,4.5444462928,-1.0556061756,1.0110605682,1.4036366298135555e+18,4.52920541801782,-1.0005084296773161,1.0129558369497813
1.4036366298635556e+18,4.5381727452,-1.0304068226,0.998362619,1.4036366298635556e+18,4.5118008559103755,-0.9728709588936142,0.9945664973523738
1.4036366299135555e+18,4.5309665366,-1.0045341316,0.9860461864,1.4036366299135555e+18,4.508778096806546,-0.9487511237962758,0.9824957108199237
1.4036366299635556e+18,4.5235467132,-0.9784963024,0.9753583794,1.4036366299635556e+18,4.505616077262544,-0.9244647860964493,0.9720117474939572
1.4036366300135555e+18,4.5160259691,-0.9527325429,0.9669350543,1.4036366300135555e+18,4.493274161537411,-0.89585676549269,0.964490378354616
1.4036366300635556e+18,4.5078515992,-0.9266882603,0.960593318,1.4036366300635556e+18,4.488879377849866,-0.8717847630236263,0.9576913480416787
1.4036366301135555e+18,4.4979687881,-0.8995044279,0.9565521963,1.4036366301135555e+18,4.482927231721619,-0.8467541999155974,0.953025734060469
1.4036366301635556e+18,4.4872963155,-0.8717980882,0.9551274862,1.4036366301635556e+18,4.471734900199194,-0.8189051407021228,0.9530086162638771
1.4036366302135555e+18,4.4763730415,-0.8437234056,0.9552693595,1.4036366302135555e+18,4.464321285838859,-0.7929623417313977,0.9522312513651849
1.4036366302635556e+18,4.4651923125,-0.8154212107,0.9575109204,1.4036366302635556e+18,4.456453148931523,-0.7666617090294712,0.9533730032333159
1.4036366303135555e+18,4.4544060227,-0.7873374008,0.9606009167,1.4036366303135555e+18,4.446332324823146,-0.7394494352387659,0.9559607591968021
1.4036366303635556e+18,4.4441732187,-0.7596482546,0.9647220387,1.4036366303635556e+18,4.4306069254104665,-0.70726232520459,0.9627648056246014
1.4036366304135555e+18,4.4340958509,-0.7320183676,0.9701457465,1.4036366304135555e+18,4.422335170861667,-0.680857866144871,0.9672105977373071
1.4036366304635556e+18,4.4244437085,-0.704630809,0.9766705608,1.4036366304635556e+18,4.414269682279172,-0.6544777142564526,0.9729012619272865
1.4036366305135555e+18,4.4142919652,-0.6773862526,0.9854112994,1.4036366305135555e+18,4.405614735042509,-0.6279712245416276,0.9809567042229289
1.4036366305635556e+18,4.4039551876,-0.6502473614,0.9951609874,1.4036366305635556e+18,4.394615187256417,-0.6014364381472912,0.9908565013170682
1.4036366306135555e+18,4.3932845709,-0.6233001496,1.0050760998,1.4036366306135555e+18,4.384601434160844,-0.5750783236357861,1.0002428368628866
1.4036366306635556e+18,4.3822518852,-0.5967800032,1.0136744033,1.4036366306635556e+18,4.373988566646226,-0.548901697693162,1.00833663062353
1.4036366307135555e+18,4.3706949021,-0.5705854768,1.0210640743,1.4036366307135555e+18,4.364224276735248,-0.5202606797512082,1.02013527141027
1.4036366307635556e+18,4.3584307322,-0.5448038313,1.0274116438,1.4036366307635556e+18,4.352158485989887,-0.4944747449482674,1.0256630021064264
1.4036366308135555e+18,4.345656188,-0.5194611466,1.0321670842,1.4036366308135555e+18,4.339284262004845,-0.4687531167807273,1.029562304540345
1.4036366308635556e+18,4.3324789369,-0.4943694517,1.0355365113,1.4036366308635556e+18,4.325966502121148,-0.44325027303445164,1.032215017268868
1.4036366309135555e+18,4.3193030331,-0.4695409701,1.0374328082,1.4036366309135555e+18,4.312436432774582,-0.41937195810496686,1.0334232691960075
1.4036366309635556e+18,4.3059276756,-0.4447013852,1.0379114729,1.4036366309635556e+18,4.298419520338752,-0.394363795563625,1.0330591793142916
1.4036366310135555e+18,4.2923812005,-0.4194706542,1.0372618014,1.4036366310135555e+18,4.2841595059039665,-0.3689408774233929,1.0317181657126933
1.4036366310635556e+18,4.2787513064,-0.3942237322,1.0357968988,1.4036366310635556e+18,4.269463102704578,-0.3433141797859798,1.0294577765901538
1.4036366311135555e+18,4.264928203,-0.3688956979,1.0337398926,1.4036366311135555e+18,4.254569617461275,-0.31766755685308046,1.026660988676792
1.4036366311635556e+18,4.2510007824,-0.343729612,1.0310779588,1.4036366311635556e+18,4.239491732358694,-0.2920748909834687,1.0234192587198128
1.4036366312135555e+18,4.2369928288,-0.3187944765,1.02824169,1.4036366312135555e+18,4.226249353704128,-0.2631302647623257,1.024970459204738
1.4036366312635556e+18,4.2232823726,-0.2937613962,1.0250979102,1.4036366312635556e+18,4.2110990663404815,-0.23745681816642805,1.0211325593815292
1.4036366313135555e+18,4.2096436657,-0.2690262434,1.0214980718,1.4036366313135555e+18,4.196075458183697,-0.2121548007353291,1.0169075439715924
1.4036366313635556e+18,4.1962275265,-0.2442037895,1.0167668604,1.4036366313635556e+18,4.1811575749360665,-0.18692703428655766,1.0116588325569469
1.4036366314135555e+18,4.1825621495,-0.2196333996,1.0105173458,1.4036366314135555e+18,4.164595613718527,-0.16013108584167557,1.0042421033469986
1.4036366314635556e+18,4.1692549523,-0.1953226997,1.0027400061,1.4036366314635556e+18,4.149135270248104,-0.13471726103081894,0.995718629087994
1.4036366315135555e+18,4.1561253245,-0.1712952379,0.9938366906,1.4036366315135555e+18,4.133812043201325,-0.10965012531851026,0.9861559278146774
1.4036366315635556e+18,4.1428988269,-0.1476314468,0.9843897388,1.4036366315635556e+18,4.118387722825911,-0.0850480376210141,0.9760509206922624
1.4036366316135555e+18,4.1298980265,-0.1245896228,0.975313868,1.4036366316135555e+18,4.103125043594371,-0.06099335870667133,0.9663061571561538
1.4036366316635556e+18,4.1166082841,-0.1017077882,0.9668121,1.4036366316635556e+18,4.087567418643161,-0.037218883163690375,0.9572422188118033
1.4036366317135555e+18,4.1033110735,-0.0789919745,0.959154903,1.4036366317135555e+18,4.093534905994066,-0.026278309330284078,0.9530032563270439
1.4036366317635556e+18,4.0913653079,-0.0576115073,0.9532766432,1.4036366317635556e+18,4.079358810228334,-0.004368694997571865,0.9470240767581649
1.4036366318135555e+18,4.078242209,-0.0360883841,0.9498847383,1.4036366318135555e+18,4.064080689232114,0.01789044735832057,0.9436047735947535
1.4036366318635556e+18,4.0639981507,-0.0139513752,0.9480164808,1.4036366318635556e+18,4.047907959484027,0.04063230934394779,0.942054543213364
1.4036366319135555e+18,4.0499541232,0.0076922925,0.9475092457,1.4036366319135555e+18,4.029945108725093,0.06929916399865599,0.9405825029776638
1.4036366319635556e+18,4.035678781,0.0291220057,0.9474479517,1.4036366319635556e+18,4.012465124702101,0.09327890183591658,0.9404739825583684
1.4036366320135555e+18,4.0212238376,0.0499184584,0.9480144811,1.4036366320135555e+18,3.9946845801681206,0.11646998402278785,0.940893928458052
1.4036366320635556e+18,4.00624641,0.0705598513,0.9492768531,1.4036366320635556e+18,3.976449693857608,0.13920812333794297,0.942076413966979
1.4036366321135555e+18,3.9919200484,0.0902089112,0.9501803754,1.4036366321135555e+18,3.958546768201801,0.16090277646506368,0.9428793531950268
1.4036366321635556e+18,3.9776925843,0.1092379864,0.9512848112,1.4036366321635556e+18,3.966542620595733,0.1620239635709897,0.9479374327917589
1.4036366322135555e+18,3.9628700281,0.1275378101,0.9519888511,1.4036366322135555e+18,3.9487949974455336,0.1811634978211678,0.9483662879706173
1.4036366322635556e+18,3.9475235626,0.1449998603,0.9519158405,1.4036366322635556e+18,3.932741026318478,0.19596682198161797,0.9476172514008885
1.4036366323135555e+18,3.9321315025,0.1617461217,0.9500035343,1.4036366323135555e+18,3.915334715108285,0.2125677837859299,0.9450270421679632
1.4036366323635556e+18,3.9168121194,0.1775297608,0.9465582782,1.4036366323635556e+18,3.8959968625106,0.23676324345053557,0.9412079155949165
1.4036366324135555e+18,3.9016557831,0.1926050297,0.9409483699,1.4036366324135555e+18,3.8784431774709467,0.2532113386921542,0.9349459209408633
1.4036366324635556e+18,3.886397767,0.2066073881,0.9337239115,1.4036366324635556e+18,3.8609057774260167,0.2684847896870508,0.9267437747709028
1.4036366325135555e+18,3.8708421559,0.2197312237,0.9253922007,1.4036366325135555e+18,3.8431255257262373,0.2827176226554893,0.9173291182004562
1.4036366325635556e+18,3.8550468287,0.2323557819,0.9158863797,1.4036366325635556e+18,3.825243247931037,0.2961410667858706,0.906671716507586
1.4036366326135555e+18,3.838899843,0.2449654974,0.9057648476,1.4036366326135555e+18,3.807190750933835,0.30923522143005444,0.8955191229560775
1.4036366326635556e+18,3.8224172241,0.257894375,0.8951592278,1.4036366326635556e+18,3.8036851671224543,0.3163919848994632,0.8910620128139992
1.4036366327135555e+18,3.8050073556,0.2715116712,0.8850159391,1.4036366327135555e+18,3.7849650623638187,0.3299794836755452,0.8802169981036336
1.4036366327635556e+18,3.7874250823,0.2857775902,0.8763018604,1.4036366327635556e+18,3.7660956377620423,0.34408757561702696,0.8711771418731284
1.4036366328135555e+18,3.7698036488,0.3007060268,0.8696312556,1.4036366328135555e+18,3.7474360120610797,0.3588540779214955,0.8646175483332674
1.4036366328635556e+18,3.7512520919,0.3168949375,0.8649268028,1.4036366328635556e+18,3.7269713988636357,0.37828914569074845,0.8591114269491342
1.4036366329135555e+18,3.7324894964,0.3338206553,0.8624593941,1.4036366329135555e+18,3.7068602178489742,0.39554053216983975,0.8566376882298193
1.4036366329635556e+18,3.7132921023,0.3514313745,0.8610659319,1.4036366329635556e+18,3.68652727773004,0.41336344461710883,0.855166106128062
1.4036366330135555e+18,3.6934990184,0.3694831351,0.8612466837,1.4036366330135555e+18,3.6683905723948906,0.4336868827106506,0.8613180566438562
1.4036366330635556e+18,3.6737357112,0.3874076925,0.8622445331,1.4036366330635556e+18,3.6477249380441936,0.4517217793794992,0.8620661759325569
1.4036366331135555e+18,3.6536713355,0.4052321858,0.8636073835,1.4036366331135555e+18,3.6271211296632453,0.46933950155524995,0.862618657333501
1.4036366331635556e+18,3.6333376424,0.4229104531,0.8635649165,1.4036366331635556e+18,3.6062756531775286,0.48683234225321126,0.862064629615391
1.4036366332135555e+18,3.6125005924,0.4401798599,0.8620614432,1.4036366332135555e+18,3.5874581867002524,0.5048071530507237,0.858951078978287
1.4036366332635556e+18,3.5915374494,0.4570804472,0.8588930555,1.4036366332635556e+18,3.5670063802621446,0.5217026312722739,0.8544322946660236
1.4036366333135555e+18,3.5701937667,0.4736746621,0.8545789127,1.4036366333135555e+18,3.546348829725618,0.5383392173965804,0.8487700760706475
1.4036366333635556e+18,3.5486766359,0.4900717037,0.8490022443,1.4036366333635556e+18,3.525473189790331,0.554963279248192,0.8419132665294587
1.4036366334135555e+18,3.5265193375,0.5065225653,0.8422910852,1.4036366334135555e+18,3.5041137658439814,0.5717352853585953,0.8338966485443353
1.4036366334635556e+18,3.5042941797,0.5229004609,0.8344009547,1.4036366334635556e+18,3.4825671066234025,0.5883692731828409,0.8251389287590473
1.4036366335135555e+18,3.4814934699,0.5397143371,0.8255054466,1.4036366335135555e+18,3.4555086833052826,0.6073064597884539,0.8211607971418106
1.4036366335635556e+18,3.4581125464,0.556900817,0.8161265953,1.4036366335635556e+18,3.432367759019647,0.6247981546761854,0.8115348217409963
1.4036366336135555e+18,3.4342860709,0.5747715109,0.80691538,1.4036366336135555e+18,3.4085702995072706,0.6429810420900481,0.802322411301487
1.4036366336635556e+18,3.4094481423,0.5933393831,0.7989179597,1.4036366336635556e+18,3.383392398486671,0.6619905755937108,0.7947029545355664
1.4036366337135555e+18,3.3840091823,0.6123958017,0.7930242498,1.4036366337135555e+18,3.357664533525552,0.6813438007365145,0.7888040611979736
1.4036366337635556e+18,3.3580765071,0.6318993492,0.7885886409,1.4036366337635556e+18,3.3317157450139465,0.7020041238996688,0.7816327437765197
1.4036366338135555e+18,3.3311728788,0.6521814028,0.7862915374,1.4036366338135555e+18,3.304448879287564,0.7225804207056545,0.7792937361345721
1.4036366338635556e+18,3.3037452214,0.672688659,0.7858409231,1.4036366338635556e+18,3.27641903323044,0.7434258152400548,0.7788910305257246
1.4036366339135555e+18,3.2758405952,0.6933926103,0.7869670799,1.4036366339135555e+18,3.2520256576368896,0.7615557854665242,0.7767566188125906
1.4036366339635556e+18,3.2473835105,0.7144619044,0.7880473369,1.4036366339635556e+18,3.2231894852036067,0.7830313611512532,0.7777623935742947
1.4036366340135555e+18,3.2187340442,0.7362366578,0.7879237306,1.4036366340135555e+18,3.1943192644964755,0.8050489959969029,0.7776692469795226
1.4036366340635556e+18,3.1899985222,0.7590444218,0.7865409954,1.4036366340635556e+18,3.1652536280172363,0.8279404037226774,0.7767018112174705
1.4036366341135555e+18,3.1613901608,0.78246393,0.7854029174,1.4036366341135555e+18,3.1355385202055674,0.8522067360252312,0.7766971480017945
1.4036366341635556e+18,3.1330226582,0.8070752556,0.7855601271,1.4036366341635556e+18,3.1061830266515633,0.8771936871906321,0.7780183275711725
1.4036366342135555e+18,3.1044363998,0.8329352869,0.7873908314,1.4036366342135555e+18,3.0763611646906157,0.9033685438137642,0.7813325238435249
1.4036366342635556e+18,3.075101809,0.8600249613,0.7912901532,1.4036366342635556e+18,3.0456883950516835,0.9307333539422085,0.7868336344324314
1.4036366343135555e+18,3.0450012199,0.8877696901,0.7968404193,1.4036366343135555e+18,3.0173678112962037,0.9578834130006286,0.7916727571303549
1.4036366343635556e+18,3.0146134005,0.9158994088,0.8024438272,1.4036366343635556e+18,2.9858875739067714,0.9861396047416031,0.7985297911110038
1.4036366344135555e+18,2.9840685175,0.9443366517,0.806975264,1.4036366344135555e+18,2.9543612815781826,1.0147351585639277,0.8039748682405704
1.4036366344635556e+18,2.9536904621,0.9727780632,0.8096518531,1.4036366344635556e+18,2.922969060042784,1.0433758158610749,0.8073108616411057
1.4036366345135555e+18,2.9234334515,1.0008986871,0.8107987197,1.4036366345135555e+18,2.891749245961167,1.0716422221379336,0.808900295093469
1.4036366345635556e+18,2.8934993897,1.028847655,0.8103360268,1.4036366345635556e+18,2.860132935346911,1.1010342429864295,0.8118419551995438
1.4036366346135555e+18,2.8640995593,1.0560840675,0.8081143,1.4036366346135555e+18,2.8348855804476223,1.1274794052876609,0.8034195419735276
1.4036366346635556e+18,2.8351198105,1.0824104828,0.8045527171,1.4036366346635556e+18,2.8044054080829266,1.1541354368657313,0.8006437825166604
1.4036366347135555e+18,2.8066813922,1.1083148634,0.8007555586,1.4036366347135555e+18,2.7745581848577583,1.1802411871564482,0.7977082212757762
1.4036366347635556e+18,2.7787982298,1.1333738725,0.7974643051,1.4036366347635556e+18,2.7453333069638477,1.2053838545603073,0.7948602339270162
1.4036366348135555e+18,2.7511734464,1.1577828771,0.7954512592,1.4036366348135555e+18,2.7169638189324337,1.2304696741891052,0.7937966219605698
1.4036366348635556e+18,2.7237880463,1.1817928385,0.7947971491,1.4036366348635556e+18,2.6883090340867533,1.2545896048060463,0.7938137850640006
1.4036366349135555e+18,2.6965363702,1.2051772714,0.7958360897,1.4036366349135555e+18,2.6597448620073214,1.2780763333447682,0.7955282108089349
1.4036366349635556e+18,2.6692927468,1.2281634544,0.7983192876,1.4036366349635556e+18,2.634447643800849,1.3023916698501843,0.7932682777385226
1.4036366350135555e+18,2.6415726676,1.2508608635,0.8027077982,1.4036366350135555e+18,2.6055986607329498,1.325113434988745,0.7982755537449933
1.4036366350635556e+18,2.6138720333,1.2729973296,0.8065500011,1.4036366350635556e+18,2.5768627990631843,1.3471847082887942,0.802585131587148
1.4036366351135555e+18,2.5859536367,1.294851562,0.8091160256,1.4036366351135555e+18,2.5483217729444823,1.369133610386104,0.8056449164186075
1.4036366351635556e+18,2.558035529,1.3162912887,0.8101457551,1.4036366351635556e+18,2.519928109811869,1.390735398612862,0.8067038853466472
1.4036366352135555e+18,2.5299572464,1.3375238269,0.8095524073,1.4036366352135555e+18,2.4937498146208417,1.4118729617849812,0.8084732683896088
1.4036366352635556e+18,2.5012433409,1.358404497,0.8079119684,1.4036366352635556e+18,2.4650760449372098,1.4329480284304794,0.8070679062440295
1.4036366353135555e+18,2.4722348077,1.3789458396,0.8050819817,1.4036366353135555e+18,2.4323386747617475,1.4554161894852942,0.8025665841671384
1.4036366353635556e+18,2.4424538237,1.3993510004,0.8022183405,1.4036366353635556e+18,2.4029557538253346,1.4759580558249836,0.7993942305710434
1.4036366354135555e+18,2.4126230119,1.4200226613,0.8003312607,1.4036366354135555e+18,2.373456777371514,1.4968467255788798,0.7971179910311825
1.4036366354635556e+18,2.3816675772,1.4412015701,0.7996034669,1.4036366354635556e+18,2.3430278649833207,1.518255532463899,0.795949559621065
1.4036366355135555e+18,2.3495144143,1.4626769755,0.8011948509,1.4036366355135555e+18,2.311490567857835,1.5398532047314246,0.7964000703623191
1.4036366355635556e+18,2.3181733345,1.4842711176,0.8046607965,1.4036366355635556e+18,2.283598676727086,1.5614719496644072,0.8012169251111151
1.4036366356135555e+18,2.2877478815,1.5060312547,0.8088499573,1.4036366356135555e+18,2.2481589778368503,1.5849002798376732,0.79905598061427
1.4036366356635556e+18,2.2569098701,1.5285591819,0.8142578938,1.4036366356635556e+18,2.2183393304700902,1.6079924442873308,0.8036978450913815
1.4036366357135555e+18,2.2253801236,1.5517105499,0.8209870471,1.4036366357135555e+18,2.1874696292297333,1.6318272896469037,0.8098547577010623
1.4036366357635556e+18,2.1924252245,1.5757238966,0.8304166752,1.4036366357635556e+18,2.155128976794414,1.6564798797020939,0.8184382126257564
1.4036366358135555e+18,2.1597114959,1.6000653244,0.8421379213,1.4036366358135555e+18,2.122942656815983,1.6815715398369,0.829338853221281
1.4036366358635556e+18,2.1267318904,1.6255970928,0.8558872465,1.4036366358635556e+18,2.0873626041993045,1.706458476479213,0.8441232136970661
1.4036366359135555e+18,2.0952093585,1.6517783151,0.8704858518,1.4036366359135555e+18,2.055811816148057,1.733292838657924,0.857502804579554
1.4036366359635556e+18,2.0637451062,1.6794665025,0.8853578583,1.4036366359635556e+18,2.0243206709357793,1.7614441213058551,0.8713794883506204
1.4036366360135555e+18,2.0329358432,1.7080227412,0.89961711,1.4036366360135555e+18,1.9931220665908636,1.790395824457832,0.8850009743927506
1.4036366360635556e+18,2.0019803811,1.7377701109,0.9124339516,1.4036366360635556e+18,1.960850433389055,1.8214473227654793,0.8974562154972213
1.4036366361135555e+18,1.9707573203,1.7682012877,0.9242194047,1.4036366361135555e+18,1.9276159406515228,1.851584706967519,0.9126873505093315
1.4036366361635556e+18,1.9387412704,1.7993177091,0.9369306465,1.4036366361635556e+18,1.8952582072722066,1.8830355969158772,0.9251775946099402
1.4036366362135555e+18,1.9063869861,1.8309210565,0.9514210684,1.4036366362135555e+18,1.8626783442922021,1.9147486271485477,0.9395210576665584
1.4036366362635556e+18,1.8737262281,1.8627096351,0.9680498677,1.4036366362635556e+18,1.8299409451661806,1.9466398132403029,0.9559467097559419
1.4036366363135555e+18,1.8411176677,1.8942084201,0.9863334061,1.4036366363135555e+18,1.797188103650209,1.9777481449262284,0.9742175579920042
1.4036366363635556e+18,1.8085141232,1.9255409868,1.0056009363,1.4036366363635556e+18,1.7628063915838217,2.011002893167819,0.9962346490587303
1.4036366364135555e+18,1.776325978,1.9563596241,1.0243374388,1.4036366364135555e+18,1.7308001318267543,2.0417835964249185,1.0144686539213597
1.4036366364635556e+18,1.7450725284,1.9865696579,1.0412706968,1.4036366364635556e+18,1.6996565639423724,2.071885795151392,1.0308458780212324
1.4036366365135555e+18,1.7150638895,2.0162234838,1.0552809418,1.4036366365135555e+18,1.6697619434476776,2.101218123553803,1.0444459056620459
1.4036366365635556e+18,1.6864328304,2.044994395,1.0670193311,1.4036366365635556e+18,1.6406539770386566,2.1297661524211184,1.0559884654144929
1.4036366366135555e+18,1.6587449424,2.0729640267,1.0770647896,1.4036366366135555e+18,1.614026034735856,2.158034992508038,1.0700154665825083
1.4036366366635556e+18,1.632362807,2.0997889023,1.0847712774,1.4036366366635556e+18,1.5876860008463356,2.184238010092375,1.0774564326565081
1.4036366367135555e+18,1.6069405644,2.1250999948,1.0905471141,1.4036366367135555e+18,1.562383007447246,2.2088282075383816,1.0828669533681983
1.4036366367635556e+18,1.5823666208,2.1487081089,1.0941130671,1.4036366367635556e+18,1.5379928629346376,2.2315353598473884,1.086122846505301
1.4036366368135555e+18,1.5586838769,2.1705170362,1.0953786358,1.4036366368135555e+18,1.5143753835433662,2.252425599598083,1.0872842226938646
1.4036366368635556e+18,1.5358245332,2.1901973902,1.0945876847,1.4036366368635556e+18,1.4910182066339455,2.2712055885946407,1.0859787677267474
1.4036366369135555e+18,1.5134813412,2.2071625686,1.092511283,1.4036366369135555e+18,1.4752992228115591,2.2877836599961627,1.0864009332318982
1.4036366369635556e+18,1.4915245382,2.2219287597,1.0894210743,1.4036366369635556e+18,1.4535853310246907,2.3021285638889895,1.081743034760212
1.4036366370135555e+18,1.4701778511,2.2348963868,1.0850964405,1.4036366370135555e+18,1.432444155456432,2.3148939521488545,1.0758210527002259
1.4036366370635556e+18,1.4494024539,2.2467681796,1.0797718958,1.4036366370635556e+18,1.4119561779242873,2.3265639786162193,1.0690771620639414
1.4036366371135555e+18,1.4295925285,2.2576293518,1.0729385735,1.4036366371135555e+18,1.3918308741142456,2.3375925045916244,1.061357191370127
1.4036366371635556e+18,1.4103713509,2.2681203439,1.0649524045,1.4036366371635556e+18,1.3718122756369948,2.3462472383521575,1.0532359670700409
1.4036366372135555e+18,1.391982869,2.2780067438,1.0561029544,1.4036366372135555e+18,1.3524784335423274,2.3560913423087344,1.0444078436537239
1.4036366372635556e+18,1.3740673308,2.2874768862,1.0480915698,1.4036366372635556e+18,1.3333141400777855,2.36576491364505,1.0366649321882857
1.4036366373135555e+18,1.3547764701,2.2972811492,1.0416713284,1.4036366373135555e+18,1.31276639448475,2.375866480487889,1.0306791471933505
1.4036366373635556e+18,1.3345270701,2.3070607665,1.0376069755,1.4036366373635556e+18,1.3215350854236303,2.373687601805952,1.02076112076902
1.4036366374135555e+18,1.312746716,2.3167117276,1.0361276818,1.4036366374135555e+18,1.2980692325506058,2.3839328629703918,1.0195736320524738
1.4036366374635556e+18,1.2905201413,2.3263370878,1.0374462945,1.4036366374635556e+18,1.2746302748434175,2.393897597730498,1.0211768850173089
1.4036366375135555e+18,1.2692292742,2.3353254985,1.0403917671,1.4036366375135555e+18,1.2527541596881662,2.4033066884039798,1.023966808204884
1.4036366375635556e+18,1.2488302385,2.3438578964,1.0440792914,1.4036366375635556e+18,1.2312156537510393,2.4121497051982397,1.0277572477939145
1.4036366376135555e+18,1.2289759788,2.3519260923,1.0492488254,1.4036366376135555e+18,1.2207642494859585,2.416239862480829,1.031432538986639
1.4036366376635556e+18,1.2094499589,2.3598922905,1.0561913973,1.4036366376635556e+18,1.1980384008059635,2.425160019204303,1.0395772281229605
1.4036366377135555e+18,1.1879959514,2.3685293772,1.0656366951,1.4036366377135555e+18,1.1732182362021897,2.434566317051253,1.0502953202908887
1.4036366377635556e+18,1.1650838067,2.3776815401,1.0762372344,1.4036366377635556e+18,1.146908833787203,2.444354390617537,1.0620585827205256
1.4036366378135555e+18,1.1423818106,2.3866535622,1.0887212674,1.4036366378135555e+18,1.1238282791691772,2.4546475013941453,1.0751548965776325
1.4036366378635556e+18,1.1198428876,2.395283877,1.103178168,1.4036366378635556e+18,1.0681932429156165,2.4781214056678884,1.1136146250770427
1.4036366379135555e+18,1.0963294171,2.403933487,1.1191317005,1.4036366379135555e+18,1.0418343591561565,2.48766510100067,1.130349659145852
1.4036366379635556e+18,1.0731821325,2.4124327528,1.1330464862,1.4036366379635556e+18,1.0160454293708332,2.49674177657585,1.1444842504743056
1.4036366380135555e+18,1.0501392217,2.4209088189,1.1426049601,1.4036366380135555e+18,0.990647074134031,2.505442241379029,1.154152885452572
1.4036366380635556e+18,1.0272659064,2.4291732729,1.1478287498,1.4036366380635556e+18,0.9642181688042073,2.5153879208205305,1.1612648383570217
1.4036366381135555e+18,1.0043581755,2.4374349077,1.148868126,1.4036366381135555e+18,0.9485521705024214,2.520039503704787,1.155167825481243
1.4036366381635556e+18,0.981855224,2.4453315088,1.1471185318,1.4036366381635556e+18,0.9233537792034694,2.528578029000508,1.1538249013590063
1.4036366382135555e+18,0.9599034624,2.453080315,1.1434875703,1.4036366382135555e+18,0.898983964003139,2.536760285607098,1.1506137509129277
1.4036366382635556e+18,0.9383424794,2.4607545804,1.138639959,1.4036366382635556e+18,0.8755140901068383,2.54462552087129,1.1460734007896183
1.4036366383135555e+18,0.917454336,2.4679539813,1.1323503804,1.4036366383135555e+18,0.8548452439752028,2.5517590277409052,1.1395948441382018
1.4036366383635556e+18,0.8971173428,2.474928137,1.1240507497,1.4036366383635556e+18,0.8336171593337354,2.559082152118995,1.1311544898593504
1.4036366384135555e+18,0.8774790694,2.4819680892,1.1138898395,1.4036366384135555e+18,0.8133603055954186,2.5663565162898117,1.1205907391554861
1.4036366384635556e+18,0.8572480226,2.4897004094,1.1026327597,1.4036366384635556e+18,0.7945729786613058,2.575737681940857,1.1037392227792377
1.4036366385135555e+18,0.8359993806,2.4983389284,1.0911969324,1.4036366385135555e+18,0.7739266811665244,2.5844225614825262,1.091997141902025
1.4036366385635556e+18,0.8152277241,2.5080909091,1.0809195218,1.4036366385635556e+18,0.7540582820433825,2.5941182020822744,1.0818091064987767
1.4036366386135555e+18,0.7931153109,2.5196814385,1.0724419897,1.4036366386135555e+18,0.7333891718485335,2.6053717787250488,1.0744195023454286
1.4036366386635556e+18,0.7690969613,2.532999282,1.0670028835,1.4036366386635556e+18,0.7110206557723258,2.6184089568558946,1.0704760385496401
1.4036366387135555e+18,0.7434235985,2.5477686683,1.0648256088,1.4036366387135555e+18,0.6899658893561766,2.6298746098971284,1.0705244800669078
1.4036366387635556e+18,0.7168791084,2.5632650451,1.0650040487,1.4036366387635556e+18,0.6662054562035076,2.644482910008583,1.0722568538992627
1.4036366388135555e+18,0.6888215133,2.5794706815,1.067964407,1.4036366388135555e+18,0.6410048471190186,2.6598082639558234,1.0764276373270794
1.4036366388635556e+18,0.6600027602,2.5959995387,1.0731678308,1.4036366388635556e+18,0.5988198604187849,2.680523277563452,1.0712242208062452
1.4036366389135555e+18,0.63180771,2.6123363085,1.0788792291,1.4036366389135555e+18,0.5731788194190761,2.696505294456996,1.0774124865585106
1.4036366389635556e+18,0.602915205,2.6293367712,1.0865539719,1.4036366389635556e+18,0.5442423444948572,2.7143377165440805,1.0851406193481408
1.4036366390135555e+18,0.5732395978,2.6467148673,1.0949595105,1.4036366390135555e+18,0.5159506730330907,2.7317089295353103,1.0934379242656833
1.4036366390635556e+18,0.5428709665,2.6646927367,1.1032683079,1.4036366390635556e+18,0.48706500075832526,2.7482494090287624,1.1013011748320989
1.4036366391135555e+18,0.5125047648,2.6835688324,1.1090470486,1.4036366391135555e+18,0.4595771696069999,2.766428099757581,1.106155954336606
1.4036366391635556e+18,0.4824620418,2.7034669428,1.1111945944,1.4036366391635556e+18,0.4322332520303638,2.7858044919003593,1.107348983628154
1.4036366392135555e+18,0.4526082374,2.724493722,1.1094023149,1.4036366392135555e+18,0.40485846314574747,2.8064943689960753,1.1046140603997023
1.4036366392635556e+18,0.4226401182,2.7469939323,1.1032314031,1.4036366392635556e+18,0.36711092435076065,2.833561527761617,1.0991610524814166
1.4036366393135555e+18,0.3931427448,2.7714196008,1.0939547188,1.4036366393135555e+18,0.33950732281734464,2.8573342286912755,1.0897520208740898
1.4036366393635556e+18,0.3640604441,2.7971550323,1.0831208969,1.4036366393635556e+18,0.31221491080588226,2.882410809162364,1.0789980890243385
1.4036366394135555e+18,0.3347371219,2.8240501047,1.0711768924,1.4036366394135555e+18,0.2829375148666031,2.908843417208871,1.0675441519997144
1.4036366394635556e+18,0.3053603486,2.8517334713,1.058286922,1.4036366394635556e+18,0.254745057286887,2.9357850822021874,1.0548882745370256
1.4036366395135555e+18,0.2758253439,2.8799404465,1.044669779,1.4036366395135555e+18,0.2264499024498816,2.963309438489336,1.0415708435575772
1.4036366395635556e+18,0.2462575652,2.9082864864,1.030199898,1.4036366395635556e+18,0.19177652052006255,2.9960335112029,1.0264854527389642
1.4036366396135555e+18,0.2163027908,2.9360793992,1.0150961427,1.4036366396135555e+18,0.163240279961836,3.0232985810931643,1.0115423713075535
1.4036366396635556e+18,0.1858413348,2.9629682634,1.0009374196,1.4036366396635556e+18,0.13435867970869264,3.0497758378052717,0.9972394208166925
1.4036366397135555e+18,0.1554934909,2.9888659834,0.9883279989,1.4036366397135555e+18,0.1056731067557477,3.075752597333624,0.98404940833895
1.4036366397635556e+18,0.1253406952,3.0140787144,0.9770596211,1.4036366397635556e+18,0.07701146456321073,3.101114326840201,0.9722798374544949
1.4036366398135555e+18,0.0960810032,3.0387496642,0.9671627859,1.4036366398135555e+18,0.047672248935541894,3.1234225049672233,0.9617629904773183
1.4036366398635556e+18,0.0670085991,3.0629467801,0.9592516969,1.4036366398635556e+18,0.017184903008872432,3.1525191944569384,0.947142187375399
1.4036366399135555e+18,0.03938829,3.0863673024,0.9531666746,1.4036366399135555e+18,-0.009300997498332464,3.1753228552121264,0.941313826449706
1.4036366399635556e+18,0.0122031369,3.1096744118,0.9483778705,1.4036366399635556e+18,-0.03551974831922511,3.198176460353422,0.9373723536599375
1.4036366400135555e+18,-0.0144513598,3.1326018022,0.9451245174,1.4036366400135555e+18,-0.06126418585205595,3.2207112441951615,0.9349880859002629
1.4036366400635556e+18,-0.041101701,3.1552571968,0.943847609,1.4036366400635556e+18,-0.08745097661372725,3.243323645412831,0.9354592252579067
1.4036366401135555e+18,-0.0675111659,3.177773736,0.9448589462,1.4036366401135555e+18,-0.11410757259869175,3.2662100665346996,0.9395332391198977
1.4036366401635556e+18,-0.0931672111,3.1996438395,0.9477943982,1.4036366401635556e+18,-0.1399075193689603,3.2880390010214233,0.9448260996398846
1.4036366402135555e+18,-0.1177240329,3.2211343705,0.952811486,1.4036366402135555e+18,-0.16429055773295254,3.3120717015906083,0.9350556120891408
1.4036366402635556e+18,-0.1410360532,3.242339932,0.958378163,1.4036366402635556e+18,-0.188018041702402,3.3332390145753994,0.9433783691767456
1.4036366403135555e+18,-0.163744286,3.2630183079,0.9633380345,1.4036366403135555e+18,-0.21112174055657817,3.353846118343313,0.9508310017644043
1.4036366403635556e+18,-0.1858909481,3.2834051203,0.9670537428,1.4036366403635556e+18,-0.23389834244352148,3.3742036090028824,0.9571531129469283
1.4036366404135555e+18,-0.2074983529,3.3034311606,0.9689890041,1.4036366404135555e+18,-0.25608615572612425,3.394463624879622,0.9613852761774965
1.4036366404635556e+18,-0.2286422483,3.3231429341,0.9694744533,1.4036366404635556e+18,-0.27839302492994467,3.4128237708407223,0.9668372727820939
1.4036366405135555e+18,-0.2488775779,3.3424062328,0.9679121787,1.4036366405135555e+18,-0.29962482865312623,3.432390014836007,0.9676910653235559
1.4036366405635556e+18,-0.2689215975,3.3615209285,0.9654833527,1.4036366405635556e+18,-0.31587218870938116,3.450995662261433,0.9509906164565948
1.4036366406135555e+18,-0.288772858,3.3802616568,0.9620676417,1.4036366406135555e+18,-0.336819376425324,3.4698381424197358,0.9499930601316079
1.4036366406635556e+18,-0.3079137109,3.3986270096,0.9574470226,1.4036366406635556e+18,-0.3570915453474983,3.4882521785501615,0.9474239805528791
1.4036366407135555e+18,-0.3265782412,3.416592072,0.9515329714,1.4036366407135555e+18,-0.37711331452606256,3.506309383072918,0.9428460020399886
1.4036366407635556e+18,-0.3446962167,3.4340745924,0.9453464721,1.4036366407635556e+18,-0.39662382698937915,3.5239029202172913,0.9382746674951302
1.4036366408135555e+18,-0.3630965646,3.4512698498,0.9404890892,1.4036366408135555e+18,-0.41342137920246635,3.543733733923699,0.9375609063481108
1.4036366408635556e+18,-0.3806364685,3.467817262,0.9363165715,1.4036366408635556e+18,-0.43195642962291814,3.5609454862593175,0.9345864199614692
1.4036366409135555e+18,-0.3985178338,3.4841592622,0.9344515522,1.4036366409135555e+18,-0.4507361764984479,3.5780126001044916,0.9343221473856228
1.4036366409635556e+18,-0.4162785208,3.5002263195,0.9348310966,1.4036366409635556e+18,-0.46935559262519,3.5947290887638346,0.9361289184038376
1.4036366410135555e+18,-0.4327900333,3.5157255753,0.9358634927,1.4036366410135555e+18,-0.486639691089203,3.6106938643400808,0.9382415279273172
1.4036366410635556e+18,-0.4493414328,3.5307221717,0.9362910937,1.4036366410635556e+18,-0.5024748877497807,3.6178241414034122,0.9332011287102079
1.4036366411135555e+18,-0.4656780993,3.5453296774,0.9351928219,1.4036366411135555e+18,-0.519401548609749,3.6326127359435896,0.9321661530681858
1.4036366411635556e+18,-0.4821528424,3.5595164549,0.9324841255,1.4036366411635556e+18,-0.5363054665352065,3.6471584459792545,0.929094875842941
1.4036366412135555e+18,-0.4984318624,3.573270392,0.9287173687,1.4036366412135555e+18,-0.5527516674394652,3.6611021916089888,0.9250468789311453
1.4036366412635556e+18,-0.5145394998,3.58632037,0.9237983787,1.4036366412635556e+18,-0.5688580689308242,3.6744093580788837,0.9194674982319683
1.4036366413135555e+18,-0.5302379856,3.5988893259,0.9174828368,1.4036366413135555e+18,-0.5817541367549746,3.6868394686692145,0.9134370558838342
1.4036366413635556e+18,-0.5455479854,3.6112196869,0.9102982186,1.4036366413635556e+18,-0.5963181671184747,3.6995541202874183,0.9047808469993722
1.4036366414135555e+18,-0.5607078132,3.6236865009,0.9022251305,1.4036366414135555e+18,-0.610627924787603,3.7123929546730405,0.8950965394429523
1.4036366414635556e+18,-0.5756394491,3.6367426897,0.8932130298,1.4036366414635556e+18,-0.6246102148320247,3.7255746805664467,0.8846821267446915
1.4036366415135555e+18,-0.5896981328,3.6500071645,0.8844236725,1.4036366415135555e+18,-0.6376393226171215,3.7389832366669626,0.8746078643150136
1.4036366415635556e+18,-0.601979918,3.663037836,0.8761719023,1.4036366415635556e+18,-0.6555428651984441,3.751419095078595,0.8736172359143187
1.4036366416135555e+18,-0.6140811981,3.6760502894,0.8696091878,1.4036366416135555e+18,-0.6669432577853005,3.764702838739531,0.8656545326590291
1.4036366416635556e+18,-0.6257743557,3.6890264572,0.8645401271,1.4036366416635556e+18,-0.6781003045333955,3.777996082311672,0.8597203340779448
1.4036366417135555e+18,-0.6364401107,3.7017347022,0.8620771787,1.4036366417135555e+18,-0.6886231459302143,3.7910978596266887,0.8564226830384821
1.4036366417635556e+18,-0.6466354338,3.7142579494,0.8621488431,1.4036366417635556e+18,-0.6999179468928158,3.803705168502314,0.85722108350216
1.4036366418135555e+18,-0.656783059,3.7264353588,0.8646444445,1.4036366418135555e+18,-0.7059269647133481,3.815871779841588,0.8522871254499865
1.4036366418635556e+18,-0.6679600326,3.7386554912,0.8683581161,1.4036366418635556e+18,-0.7167628636120336,3.828275761480901,0.8547063616199387
1.4036366419135555e+18,-0.6796442722,3.7509819474,0.8732189229,1.4036366419135555e+18,-0.7279052618593687,3.840713799841021,0.8582886990386106
1.4036366419635556e+18,-0.6900217871,3.7631336906,0.8810750724,1.4036366419635556e+18,-0.7389151862073904,3.852994027952203,0.8641694264350198
1.4036366420135555e+18,-0.7002312115,3.7753762088,0.8897423528,1.4036366420135555e+18,-0.7490113563692695,3.8652969527565277,0.8711602702883853
1.4036366420635556e+18,-0.7099659843,3.787544805,0.8995046447,1.4036366420635556e+18,-0.7525756437029605,3.8715132049328833,0.9015284430392835
1.4036366421135555e+18,-0.7195717536,3.7995640769,0.9085509981,1.4036366421135555e+18,-0.7623228519284391,3.883363486234222,0.9096235623752468
1.4036366421635556e+18,-0.7285694343,3.811159726,0.9164675687,1.4036366421635556e+18,-0.7712938875541768,3.8946881619903504,0.9160612984668851
1.4036366422135555e+18,-0.7366496383,3.8221907189,0.9228217047,1.4036366422135555e+18,-0.7794764190864703,3.9053206866739067,0.9218863138816015
1.4036366422635556e+18,-0.744163122,3.8327668367,0.9276991776,1.4036366422635556e+18,-0.7870589707005733,3.9155001095170956,0.9258451139497682
1.4036366423135555e+18,-0.751073591,3.8431651277,0.9307675668,1.4036366423135555e+18,-0.8008554616042574,3.9286037103778524,0.9211829982264775
1.4036366423635556e+18,-0.7572249389,3.8536049319,0.931650095,1.4036366423635556e+18,-0.8086016714306208,3.9391836966554834,0.9198206538613461
1.4036366424135555e+18,-0.7628839116,3.8637833594,0.9310086793,1.4036366424135555e+18,-0.8158564057572981,3.9494410181601847,0.9169894163425668
1.4036366424635556e+18,-0.76787282,3.8736719158,0.9285281413,1.4036366424635556e+18,-0.8101613039795987,3.9556615521512866,0.9261057972922156
1.4036366425135555e+18,-0.7720721478,3.8830368553,0.9244516312,1.4036366425135555e+18,-0.815695360323824,3.964864074792848,0.9202432400613528
1.4036366425635556e+18,-0.7753294809,3.8919579673,0.9185059819,1.4036366425635556e+18,-0.819227622874954,3.9729622065361916,0.9145110467884036
1.4036366426135555e+18,-0.7782315688,3.900289119,0.9112214956,1.4036366426135555e+18,-0.8228954555017856,3.9808744763816986,0.906676749558233
1.4036366426635556e+18,-0.7810180002,3.9084844199,0.9024201208,1.4036366426635556e+18,-0.8253769319594833,3.9883803291263593,0.8984745174197536
1.4036366427135555e+18,-0.7839211561,3.9166723068,0.892873559,1.4036366427135555e+18,-0.8346499877878628,3.998606724336721,0.8843097799068415
1.4036366427635556e+18,-0.7872597624,3.9249199368,0.8838435242,1.4036366427635556e+18,-0.8394718615273566,4.006625792750384,0.8747513294326269
1.4036366428135555e+18,-0.7911614698,3.9332062314,0.8772903026,1.4036366428135555e+18,-0.8446259833651393,4.014733019121041,0.867933771355693
1.4036366428635556e+18,-0.7948925838,3.9412699007,0.8729747322,1.4036366428635556e+18,-0.8488967624486339,4.022360648437802,0.8637593722185716
1.4036366429135555e+18,-0.7996488916,3.9496487417,0.8703576896,1.4036366429135555e+18,-0.8539475153547764,4.030368069420061,0.8613625418797978
1.4036366429635556e+18,-0.8040753261,3.9580077953,0.8697968664,1.4036366429635556e+18,-0.8522121520222159,4.038963060575833,0.8696865597076161
1.4036366430135555e+18,-0.8090000323,3.9665918298,0.8715027068,1.4036366430135555e+18,-0.8565883971051882,4.047280663634036,0.8718423042065818
1.4036366430635556e+18,-0.815451157,3.9761193799,0.8745442868,1.4036366430635556e+18,-0.862208927230002,4.056565579579333,0.8756484730669644
1.4036366431135555e+18,-0.8223452866,3.9859530651,0.877359316,1.4036366431135555e+18,-0.8678365681039883,4.066295848267273,0.8788195212698483
1.4036366431635556e+18,-0.8292052189,3.9959342681,0.8787608882,1.4036366431635556e+18,-0.873491760641067,4.076069689999715,0.8806718629221596
1.4036366432135555e+18,-0.835877861,4.0061773874,0.8785258368,1.4036366432135555e+18,-0.8827492217346906,4.08563795609181,0.8794409980767869
1.4036366432635556e+18,-0.8421029582,4.0163267816,0.8765322018,1.4036366432635556e+18,-0.8889009571354896,4.095818587791577,0.8776447541800488
1.4036366433135555e+18,-0.8479080301,4.0266926567,0.8732379015,1.4036366433135555e+18,-0.8946703104223044,4.106260307459987,0.8747022570422437
1.4036366433635556e+18,-0.8528661781,4.0368849518,0.8696554519,1.4036366433635556e+18,-0.9002860564840551,4.116925903100052,0.8714717180695698
1.4036366434135555e+18,-0.8582540864,4.0473642472,0.8679592441,1.4036366434135555e+18,-0.9064869282012848,4.128088085361222,0.8700361112782004
1.4036366434635556e+18,-0.8640558882,4.0581839684,0.8684388551,1.4036366434635556e+18,-0.9058422865634483,4.13667160509876,0.8718264990192829
1.4036366435135555e+18,-0.8708555623,4.0698461839,0.8699660456,1.4036366435135555e+18,-0.9139617648395655,4.1492190087594265,0.8734680998203791
1.4036366435635556e+18,-0.8792153813,4.0823519297,0.8740314384,1.4036366435635556e+18,-0.9233336995267329,4.16235990964251,0.8775998586688744
1.4036366436135555e+18,-0.8880110825,4.0955229282,0.8789001429,1.4036366436135555e+18,-0.9329478236534658,4.1753075524875705,0.8824845330640777
1.4036366436635556e+18,-0.8967481175,4.1085143138,0.8858849505,1.4036366436635556e+18,-0.9430770020965502,4.188741848174992,0.8893010999084449
1.4036366437135555e+18,-0.9063071986,4.122200948,0.8944783423,1.4036366437135555e+18,-0.9560312575149963,4.20471965115431,0.8992121485645189
1.4036366437635556e+18,-0.9160009327,4.1355943082,0.9047350709,1.4036366437635556e+18,-0.9674558954139574,4.219382615001988,0.909564373711453
1.4036366438135555e+18,-0.9264782902,4.1495152597,0.9142406432,1.4036366438135555e+18,-0.9794028646774304,4.234199877338631,0.919479448727636
1.4036366438635556e+18,-0.9382335471,4.1639312942,0.9228036058,1.4036366438635556e+18,-0.9923127278608925,4.249240669398269,0.9283379179556147
1.4036366439135555e+18,-0.9513014138,4.1785240449,0.9302460253,1.4036366439135555e+18,-1.0062205507351232,4.264650585547255,0.9360350158532756
1.4036366439635556e+18,-0.9658425683,4.1938194365,0.9359420841,1.4036366439635556e+18,-1.0176153013030422,4.279451354956234,0.9449602310044788
1.4036366440135555e+18,-0.9819655575,4.2095817615,0.9402168867,1.4036366440135555e+18,-1.0340585747698645,4.295839894881424,0.9496670653889093
1.4036366440635556e+18,-0.9994703652,4.22555655,0.9431952389,1.4036366440635556e+18,-1.0515275095810273,4.311903344623101,0.9530295966824475
1.4036366441135555e+18,-1.0184152351,4.2419782788,0.9446633889,1.4036366441135555e+18,-1.0706072881486541,4.328651906216377,0.9548390137251898
1.4036366441635556e+18,-1.0391328375,4.2589905339,0.9452151971,1.4036366441635556e+18,-1.0911764286888932,4.34573193408162,0.9554144116518778
1.4036366442135555e+18,-1.0617861107,4.2763350699,0.9453073978,1.4036366442135555e+18,-1.1155576710945212,4.365947974975956,0.9551524431947179
1.4036366442635556e+18,-1.0859868602,4.2941307854,0.9447680545,1.4036366442635556e+18,-1.1395174768845688,4.384029132783994,0.9542734922256463
1.4036366443135555e+18,-1.1112237647,4.3124300029,0.9432344473,1.4036366443135555e+18,-1.1644478962403548,4.40252417822521,0.9522482117170453
1.4036366443635556e+18,-1.1367035768,4.3318418248,0.9398759597,1.4036366443635556e+18,-1.1917298865014017,4.423321561147461,0.9414140027220049
1.4036366444135555e+18,-1.1618792511,4.3522162706,0.9343946384,1.4036366444135555e+18,-1.2167555121141156,4.4437043520024835,0.9355191903558021
1.4036366444635556e+18,-1.1865894882,4.3737656003,0.9268259756,1.4036366444635556e+18,-1.2413944237612151,4.465223742286783,0.9276625117522382
1.4036366445135555e+18,-1.2105572302,4.3961327129,0.917564209,1.4036366445135555e+18,-1.2655320297733539,4.487487745299765,0.9176399424274045
1.4036366445635556e+18,-1.2335188821,4.4196976444,0.9058891606,1.4036366445635556e+18,-1.28862938811199,4.511038678808144,0.9051435563350362
1.4036366446135555e+18,-1.2553012999,4.4447552136,0.8922259065,1.4036366446135555e+18,-1.309815669698799,4.534808442019564,0.8944527260364646
1.4036366446635556e+18,-1.2757220351,4.471275103,0.8762864712,1.4036366446635556e+18,-1.327518508739998,4.5604827014081195,0.8771215389715686
1.4036366447135555e+18,-1.2948560802,4.4988806746,0.8584251796,1.4036366447135555e+18,-1.3467268410883664,4.587778007351486,0.8608883187268687
1.4036366447635556e+18,-1.3126911805,4.5271312861,0.838306334,1.4036366447635556e+18,-1.3646830397101484,4.6158352581047914,0.8426662061041738
1.4036366448135555e+18,-1.3296526562,4.5558645672,0.8171083502,1.4036366448135555e+18,-1.3815975459432162,4.64440572757159,0.8230907138576008
1.4036366448635556e+18,-1.345856971,4.5840574568,0.7942282693,1.4036366448635556e+18,-1.3976358974959329,4.672654253851142,0.8020537218674072
1.4036366449135555e+18,-1.3616838473,4.61177484,0.7720971103,1.4036366449135555e+18,-1.4185129953507492,4.702493876107752,0.77336622069797
1.4036366449635556e+18,-1.3771975749,4.6388869715,0.7516810781,1.4036366449635556e+18,-1.433102033638547,4.7296272902820675,0.7545624010758637
1.4036366450135555e+18,-1.3917777331,4.665213015,0.7328445394,1.4036366450135555e+18,-1.446761051582862,4.75604869450264,0.7374457906536104
1.4036366450635556e+18,-1.4060770878,4.6909879447,0.7158018691,1.4036366450635556e+18,-1.4601909429555224,4.782069994217135,0.7216352836208749
1.4036366451135555e+18,-1.4198674691,4.7164990283,0.7010433134,1.4036366451135555e+18,-1.4717647652560384,4.807019948133286,0.7093552503562802
1.4036366451635556e+18,-1.4334848736,4.7422389555,0.6877467007,1.4036366451635556e+18,-1.4945442313521164,4.836495317212921,0.687771369133564
1.4036366452135555e+18,-1.4501444998,4.768849407,0.6773543846,1.4036366452135555e+18,-1.5092032178853634,4.862717317074539,0.6791892974903894
1.4036366452635556e+18,-1.4697715453,4.7967575746,0.6698817321,1.4036366452635556e+18,-1.5267305684275492,4.890066883072057,0.673570484006799
1.4036366453135555e+18,-1.4915929239,4.8253754297,0.6644902351,1.4036366453135555e+18,-1.5463800818537408,4.917817530634258,0.6696566851602067
1.4036366453635556e+18,-1.515853295,4.8550651965,0.6604814707,1.4036366453635556e+18,-1.5679358826448802,4.946210500520293,0.6658692967199019
1.4036366454135555e+18,-1.5421502649,4.8855135088,0.6567743398,1.4036366454135555e+18,-1.5914936419221846,4.975270518630108,0.6631778143572503
1.4036366454635556e+18,-1.5700337758,4.9162216896,0.6524068771,1.4036366454635556e+18,-1.616795768872871,5.004709471762545,0.6594501389801529
1.4036366455135555e+18,-1.5991708929,4.9472958972,0.6466053378,1.4036366455135555e+18,-1.6595872720177525,5.040230519922024,0.6466069474088388
1.4036366455635556e+18,-1.6297351606,4.9787252261,0.6389218255,1.4036366455635556e+18,-1.6882609827653434,5.070518718599347,0.6393147142366319
1.4036366456135555e+18,-1.6617127585,5.01068473,0.6302524329,1.4036366456135555e+18,-1.7186215803726048,5.101302112299459,0.631007943753573
1.4036366456635556e+18,-1.694705028,5.0428743173,0.621063179,1.4036366456635556e+18,-1.750307903799146,5.132361130024766,0.6224137830835282
1.4036366457135555e+18,-1.7289150515,5.0758430202,0.6125744589,1.4036366457135555e+18,-1.7840637431618376,5.164234602176236,0.6145321633766111
1.4036366457635556e+18,-1.7647320188,5.1088717877,0.6057430999,1.4036366457635556e+18,-1.8178204679767083,5.192666591637689,0.6073117252060506
1.4036366458135555e+18,-1.8018087109,5.1421241113,0.6013571796,1.4036366458135555e+18,-1.8612917070162496,5.228237703231329,0.6019621624719634
1.4036366458635556e+18,-1.8398404173,5.1757340538,0.6000887444,1.4036366458635556e+18,-1.8980334188527062,5.2595645500650186,0.6016358015980315
1.4036366459135555e+18,-1.8779089477,5.2090070801,0.6022814393,1.4036366459135555e+18,-1.9349040567450677,5.290871741518144,0.6044218644004268
1.4036366459635556e+18,-1.9179857737,5.2432308565,0.6078999853,1.4036366459635556e+18,-1.9736514208500715,5.323042010035945,0.6101359659967686
1.4036366460135555e+18,-1.9582655433,5.277907399,0.6154118259,1.4036366460135555e+18,-2.012466446641999,5.3558676232492,0.6173950229637454
1.4036366460635556e+18,-1.9970615247,5.3101616193,0.6244279252,1.4036366460635556e+18,-2.0521096399508396,5.388052252184975,0.6282662735962196
1.4036366461135555e+18,-2.0361687145,5.3444130922,0.6341222266,1.4036366461135555e+18,-2.0928429759032046,5.423710264805351,0.6376870386941552
1.4036366461635556e+18,-2.0752377644,5.3775455838,0.6438781043,1.4036366461635556e+18,-2.131082447506401,5.458233922146627,0.6468734012713103
1.4036366462135555e+18,-2.115098038,5.4120933899,0.6528517486,1.4036366462135555e+18,-2.1699385355761462,5.494007240116447,0.6550022369678606
1.4036366462635556e+18,-2.1538383923,5.4474701169,0.6603305732,1.4036366462635556e+18,-2.2074755268230906,5.530232510856454,0.6614149680591918
1.4036366463135555e+18,-2.1920105732,5.483227926,0.6672452387,1.4036366463135555e+18,-2.244179338024658,5.567443142541602,0.6666606939573777
1.4036366463635556e+18,-2.2289344499,5.5201741097,0.6723377004,1.4036366463635556e+18,-2.281995658271047,5.605255708752227,0.6741546348162367
1.4036366464135555e+18,-2.2639413515,5.5581079358,0.6751401636,1.4036366464135555e+18,-2.314944233363579,5.643258022637813,0.6750594942225258
1.4036366464635556e+18,-2.2976888297,5.5964125863,0.6773131635,1.4036366464635556e+18,-2.3467039502626585,5.6812420338888465,0.6753945867865806
1.4036366465135555e+18,-2.3300434418,5.6351241166,0.6800853583,1.4036366465135555e+18,-2.3770838926069313,5.7193505427733635,0.6763857721365222
1.4036366465635556e+18,-2.360319397,5.673515455,0.683290771,1.4036366465635556e+18,-2.4064146809638984,5.760955175487995,0.6851506972431839
1.4036366466135555e+18,-2.3891870506,5.7117433345,0.6870798466,1.4036366466135555e+18,-2.433887966243801,5.798128021909286,0.6862923866175655
1.4036366466635556e+18,-2.4167434469,5.7499225307,0.6928479065,1.4036366466635556e+18,-2.4601447984952083,5.834986673975071,0.6896498733547772
1.4036366467135555e+18,-2.4431989584,5.7873778839,0.7013292439,1.4036366467135555e+18,-2.485336684881376,5.87110538213919,0.6960768944054571
1.4036366467635556e+18,-2.4685768976,5.8241690389,0.7122984811,1.4036366467635556e+18,-2.510819890050854,5.907153885310812,0.7040421124582924
1.4036366468135555e+18,-2.4929936159,5.8602053644,0.7255091621,1.4036366468135555e+18,-2.5327201007961078,5.944364551342846,0.7277065663163161
1.4036366468635556e+18,-2.5160323106,5.895758074,0.7405543292,1.4036366468635556e+18,-2.5552048424241267,5.978591686883668,0.7401546027739895
1.4036366469135555e+18,-2.5378936076,5.9301461399,0.7558706061,1.4036366469135555e+18,-2.5766583501604083,6.011891093700601,0.7528858013036596
1.4036366469635556e+18,-2.5587868901,5.9640242037,0.7703050323,1.4036366469635556e+18,-2.5972491774029676,6.044627258476735,0.7652134859621916
1.4036366470135555e+18,-2.5788150563,5.9972631961,0.7833601673,1.4036366470135555e+18,-2.617083741721065,6.076749855383548,0.7762871700143582
1.4036366470635556e+18,-2.5981184916,6.0298151598,0.7947102643,1.4036366470635556e+18,-2.638124052235929,6.108403191741402,0.7894635453732041
1.4036366471135555e+18,-2.616297273,6.0618269439,0.804186455,1.4036366471135555e+18,-2.651310160653039,6.142997140813656,0.805307967079466
1.4036366471635556e+18,-2.6343704975,6.093620498,0.8124808421,1.4036366471635556e+18,-2.6698776293673028,6.174145542203043,0.8125330641381351
1.4036366472135555e+18,-2.6516460755,6.1249107943,0.8196213176,1.4036366472135555e+18,-2.6881898286385715,6.205300078657002,0.8186922369711281
1.4036366472635556e+18,-2.6689399086,6.1562064942,0.8259653077,1.4036366472635556e+18,-2.7062865688062425,6.2361395349175766,0.8238944176004855
1.4036366473135555e+18,-2.6860578143,6.1873835272,0.8311156263,1.4036366473135555e+18,-2.7246528528105634,6.267826896307739,0.8284451062032826
1.4036366473635556e+18,-2.7028954857,6.2186860938,0.8351448824,1.4036366473635556e+18,-2.742511376946907,6.298910681266825,0.8316111092422661
1.4036366474135555e+18,-2.7191326534,6.2498052119,0.8377115697,1.4036366474135555e+18,-2.7598203945453017,6.329922586632609,0.8334034869763648
1.4036366474635556e+18,-2.7345478082,6.2803431122,0.8391325486,1.4036366474635556e+18,-2.7666710012348465,6.360648767512586,0.8393268959378296
1.4036366475135555e+18,-2.7492254679,6.3107447397,0.8397010915,1.4036366475135555e+18,-2.7823046437548458,6.391282046142617,0.8391721290097768
1.4036366475635556e+18,-2.7623856305,6.3403373827,0.8406283381,1.4036366475635556e+18,-2.79682131476497,6.421557784259239,0.8394566727597176
1.4036366476135555e+18,-2.7743137663,6.3699510796,0.84269447,1.4036366476135555e+18,-2.8098939236775227,6.451752062647403,0.8408610591874931
1.4036366476635556e+18,-2.7849960562,6.4002410668,0.8450739938,1.4036366476635556e+18,-2.821707053992819,6.482318692779195,0.842991751112281
1.4036366477135555e+18,-2.7944416927,6.4306745138,0.8484598646,1.4036366477135555e+18,-2.8325106588609597,6.513711881532906,0.8465501204572355
1.4036366477635556e+18,-2.8030223754,6.4615368651,0.8530735463,1.4036366477635556e+18,-2.842756545340281,6.545403626246831,0.8512767049293674
1.4036366478135555e+18,-2.8106300316,6.4925374692,0.8583515472,1.4036366478135555e+18,-2.843120251450288,6.572990333254197,0.8594656936104866
1.4036366478635556e+18,-2.8166213643,6.5230834585,0.862394927,1.4036366478635556e+18,-2.850702893362411,6.604286790315385,0.8635187236742304
1.4036366479135555e+18,-2.8215136078,6.55374908,0.8647920702,1.4036366479135555e+18,-2.8568385825822062,6.635267093272571,0.865802360144667
1.4036366479635556e+18,-2.8255394679,6.5844088228,0.8651273135,1.4036366479635556e+18,-2.8614312512152296,6.665822959247533,0.8660181868336988
1.4036366480135555e+18,-2.8283663416,6.6150635738,0.8628164576,1.4036366480135555e+18,-2.8642123365076815,6.69595286992716,0.8635994802100698
1.4036366480635556e+18,-2.8297910581,6.6456712683,0.8582549867,1.4036366480635556e+18,-2.8675994337353883,6.729310210182897,0.8593092488317559
1.4036366481135555e+18,-2.8303736001,6.6763140974,0.8516492976,1.4036366481135555e+18,-2.861738680082415,6.752768726150993,0.853722015243613
1.4036366481635556e+18,-2.8302166144,6.7069674769,0.8437324513,1.4036366481635556e+18,-2.861645381031816,6.782847446085844,0.8457907466244269
1.4036366482135555e+18,-2.8294676576,6.7375239068,0.8350691593,1.4036366482135555e+18,-2.860918684709949,6.812609803756853,0.8372090624656444
1.4036366482635556e+18,-2.8275955757,6.7678532732,0.8251181732,1.4036366482635556e+18,-2.8588885230103527,6.842113046173306,0.8271431129320269
1.4036366483135555e+18,-2.8246051185,6.797476871,0.8139588887,1.4036366483135555e+18,-2.853085605224229,6.86785754302738,0.816876182581035
1.4036366483635556e+18,-2.8208101052,6.8267662213,0.8018241067,1.4036366483635556e+18,-2.848463839752019,6.895604630739054,0.8048297491539921
1.4036366484135555e+18,-2.8158127276,6.8554247733,0.788566766,1.4036366484135555e+18,-2.8424727848744107,6.922373835413259,0.7917934849184386
1.4036366484635556e+18,-2.8098211374,6.8835896665,0.7742925324,1.4036366484635556e+18,-2.8352630840900215,6.948260433069764,0.7777059277856392
1.4036366485135555e+18,-2.8033725187,6.9116462496,0.7600009391,1.4036366485135555e+18,-2.826024868012518,6.972976578696731,0.7638218675830203
1.4036366485635556e+18,-2.7963567385,6.9391885155,0.7474769365,1.4036366485635556e+18,-2.8173550437839987,6.997771339594529,0.751563442645046
1.4036366486135555e+18,-2.7883424127,6.9656803428,0.7361555104,1.4036366486135555e+18,-2.807446283266482,7.020882644074819,0.740431119145662
1.4036366486635556e+18,-2.7792721192,6.9906660618,0.7266463706,1.4036366486635556e+18,-2.8000693950630096,7.045648843393712,0.7336731018389419
1.4036366487135555e+18,-2.769595423,7.0148217657,0.7183202709,1.4036366487135555e+18,-2.788695912809848,7.066819139434429,0.7256074937506926
1.4036366487635556e+18,-2.7600963417,7.0387469792,0.7119974284,1.4036366487635556e+18,-2.777551870341102,7.087846776286421,0.7193155037100231
1.4036366488135555e+18,-2.7504378012,7.0621030256,0.7070647741,1.4036366488135555e+18,-2.765582807052901,7.10695937434765,0.714578971475807
1.4036366488635556e+18,-2.7408728428,7.0854691597,0.7050885778,1.4036366488635556e+18,-2.754256924572922,7.127203826257576,0.712385297267285
1.4036366489135555e+18,-2.7314989573,7.109112722,0.7050930172,1.4036366489135555e+18,-2.7432412601999454,7.147713170018445,0.7125134924743907
1.4036366489635556e+18,-2.7223597714,7.1327662233,0.7083747943,1.4036366489635556e+18,-2.732788367636859,7.168924393072514,0.7153352250883734
1.4036366490135555e+18,-2.7138342835,7.1578293982,0.71405676,1.4036366490135555e+18,-2.722851494413713,7.191256295866392,0.7209272156043208
1.4036366490635556e+18,-2.7055321051,7.1826664732,0.7226968876,1.4036366490635556e+18,-2.713790320144782,7.214702215871192,0.7290416752498109
1.4036366491135555e+18,-2.6983594656,7.2088222415,0.7334707054,1.4036366491135555e+18,-2.714912998890256,7.252604466025728,0.7440442000574655
1.4036366491635556e+18,-2.6917672692,7.2352690699,0.7460957418,1.4036366491635556e+18,-2.7073313065366316,7.277629588953577,0.7565379290099338
1.4036366492135555e+18,-2.6840845753,7.2591214291,0.7603490772,1.4036366492135555e+18,-2.700115004251507,7.302636570567897,0.7704001681853679
1.4036366492635556e+18,-2.6769794594,7.2839889011,0.7755671989,1.4036366492635556e+18,-2.6930027251485598,7.327472904061066,0.7854678170080961
1.4036366493135555e+18,-2.6694414557,7.3078289372,0.7918106701,1.4036366493135555e+18,-2.685335934226262,7.351692715072508,0.8018003551246512
1.4036366493635556e+18,-2.6617130237,7.3309461914,0.8090844814,1.4036366493635556e+18,-2.6795914222507458,7.372927490899809,0.8186387145279125
1.4036366494135555e+18,-2.6537917907,7.3533652291,0.8278558797,1.4036366494135555e+18,-2.6718013555148437,7.3948141356893125,0.8375560862100647
1.4036366494635556e+18,-2.6458074173,7.3752733263,0.8478664417,1.4036366494635556e+18,-2.663925092212634,7.416141339175539,0.8577835786398867
1.4036366495135555e+18,-2.6378843508,7.3966772926,0.8701952529,1.4036366495135555e+18,-2.6559786561470995,7.436859451807848,0.8803281787831053
1.4036366495635556e+18,-2.6300599443,7.417855656,0.8949604558,1.4036366495635556e+18,-2.6491680548847913,7.46849617229466,0.9047961350377963
1.4036366496135555e+18,-2.6221878237,7.4390102761,0.920886427,1.4036366496135555e+18,-2.641223674825608,7.48876878440503,0.9305817536998738
1.4036366496635556e+18,-2.6137256054,7.4596961282,0.9463308935,1.4036366496635556e+18,-2.63239380455646,7.508421645831472,0.955658462025872
1.4036366497135555e+18,-2.6041551067,7.4796420935,0.9697952057,1.4036366497135555e+18,-2.622527774583723,7.5267804761607255,0.9785820809345936
1.4036366497635556e+18,-2.5938558637,7.4993149997,0.9912696895,1.4036366497635556e+18,-2.611880860595285,7.54530506039999,0.9997847760475876
1.4036366498135555e+18,-2.5831094313,7.518359998,1.0108616969,1.4036366498135555e+18,-2.5994422581510994,7.564811651187187,1.02075879611654
1.4036366498635556e+18,-2.5718298598,7.5365251377,1.0287273568,1.4036366498635556e+18,-2.591789081423534,7.585316629584744,1.0371710651040913
1.4036366499135555e+18,-2.5604222157,7.5541238073,1.044773319,1.4036366499135555e+18,-2.579664406557219,7.601466916015031,1.0531178462952622
1.4036366499635556e+18,-2.5486639611,7.5712178445,1.0582850057,1.4036366499635556e+18,-2.5672104761503816,7.6172437952460985,1.0667040674951358
1.4036366500135555e+18,-2.5364871204,7.5875685925,1.0692418123,1.4036366500135555e+18,-2.554396018972424,7.6322541890990205,1.077473216911688
1.4036366500635556e+18,-2.5239232151,7.6029982428,1.0776167409,1.4036366500635556e+18,-2.5410641981384403,7.6463209721044,1.085393970154612
1.4036366501135555e+18,-2.5104473998,7.6172030257,1.0835627274,1.4036366501135555e+18,-2.5269105238207006,7.659184006584704,1.089652435493381
1.4036366501635556e+18,-2.4960664581,7.6308010037,1.0874705142,1.4036366501635556e+18,-2.511440099464017,7.670824295560717,1.092833537656127
1.4036366502135555e+18,-2.4803607776,7.6431612326,1.0890477352,1.4036366502135555e+18,-2.501269565658043,7.685661631310831,1.0936198325807567
1.4036366502635556e+18,-2.4640659841,7.6546398464,1.0892057525,1.4036366502635556e+18,-2.483458927527874,7.694779599237334,1.092981426980225
1.4036366503135555e+18,-2.4474917909,7.6658560021,1.0877304386,1.4036366503135555e+18,-2.4653373955265607,7.703373418915286,1.0907203091570774
1.4036366503635556e+18,-2.4303132277,7.6768937327,1.0849881662,1.4036366503635556e+18,-2.446848716710746,7.711625294968719,1.0874521328066393
1.4036366504135555e+18,-2.412569073,7.6870072303,1.0811673324,1.4036366504135555e+18,-2.4277003052731834,7.718749466669578,1.08331187225432
1.4036366504635556e+18,-2.3942341619,7.6958378937,1.0762388427,1.4036366504635556e+18,-2.4137380218098974,7.728845604062727,1.0767548938336566
1.4036366505135555e+18,-2.3756274396,7.7034157238,1.0701239749,1.4036366505135555e+18,-2.393673642026987,7.733179812541245,1.070324319790101
1.4036366505635556e+18,-2.3571361533,7.7098631059,1.0628156168,1.4036366505635556e+18,-2.373846613738034,7.73647684500901,1.0626401793053524
1.4036366506135555e+18,-2.3389612181,7.7158456424,1.0545495052,1.4036366506135555e+18,-2.354325059055559,7.739496240757607,1.0544449259042645
1.4036366506635556e+18,-2.3210403988,7.7214499219,1.0455824809,1.4036366506635556e+18,-2.3361690816314518,7.742306713222696,1.0461179410957673
1.4036366507135555e+18,-2.3031416932,7.726805322,1.0363000497,1.4036366507135555e+18,-2.317316519717868,7.744763088396372,1.0373541552264318
1.4036366507635556e+18,-2.2855922869,7.7315257844,1.0284419,1.4036366507635556e+18,-2.298750647006515,7.746703447291491,1.03001547868279
1.4036366508135555e+18,-2.2682943822,7.7361279024,1.0225984661,1.4036366508135555e+18,-2.2805505074162644,7.748640893518816,1.0248934389691264
1.4036366508635556e+18,-2.2512860927,7.7408895549,1.0196967899,1.4036366508635556e+18,-2.2627796287955046,7.750774602778041,1.0228970238866033
1.4036366509135555e+18,-2.2343261644,7.7451979865,1.018923578,1.4036366509135555e+18,-2.2451585493147217,7.752669741350761,1.023161372638778
1.4036366509635556e+18,-2.217586002,7.7488313981,1.0195052412,1.4036366509635556e+18,-2.233496969638515,7.768143754289284,1.0210045022601202
1.4036366510135555e+18,-2.2009359721,7.7518709563,1.0213527061,1.4036366510135555e+18,-2.2163977062079745,7.769356841200132,1.0239641968724906
1.4036366510635556e+18,-2.1845603633,7.7542055909,1.0249147117,1.4036366510635556e+18,-2.19958393471697,7.770723552743185,1.0283015575876422
1.4036366511135555e+18,-2.1683307164,7.7555269874,1.0299096102,1.4036366511135555e+18,-2.1827557473326253,7.7713927789795285,1.033953347040554
1.4036366511635556e+18,-2.152052122,7.7561275932,1.0361147888,1.4036366511635556e+18,-2.166185845910926,7.771810272532191,1.0409789995783854
1.4036366512135555e+18,-2.1358807082,7.7552261256,1.0435984086,1.4036366512135555e+18,-2.149800953029099,7.769491916562995,1.0510536468472815
1.4036366512635556e+18,-2.1196345217,7.7530050654,1.0525902575,1.4036366512635556e+18,-2.1331590786738417,7.767090629629838,1.0610796254934471
1.4036366513135555e+18,-2.1035287758,7.7501386861,1.0625451425,1.4036366513135555e+18,-2.116670606645056,7.764153960984435,1.0720602420935363
1.4036366513635556e+18,-2.0877443828,7.746875074,1.0724333974,1.4036366513635556e+18,-2.1004312525513313,7.761041856332007,1.0827599695662156
1.4036366514135555e+18,-2.0719813445,7.7434170174,1.0812361811,1.4036366514135555e+18,-2.0842876735833658,7.757819584669194,1.092267525529527
1.4036366514635556e+18,-2.0562563683,7.7395618342,1.0882424576,1.4036366514635556e+18,-2.070999959744932,7.758767020508641,1.0935445179495886
1.4036366515135555e+18,-2.0405107027,7.7356494773,1.0933948743,1.4036366515135555e+18,-2.0547905842496688,7.75525578897491,1.0990591445594466
1.4036366515635556e+18,-2.025005319,7.7315870698,1.0972379159,1.4036366515635556e+18,-2.03896111133953,7.751741331952097,1.10293617587039
1.4036366516135555e+18,-2.009540458,7.7274081528,1.0997852367,1.4036366516135555e+18,-2.0232133832462456,7.7478351178803635,1.105337692838685
1.4036366516635556e+18,-1.9941173238,7.7227188756,1.1010950483,1.4036366516635556e+18,-2.0072952667917576,7.743207151170115,1.1061194555124492
1.4036366517135555e+18,-1.9785679553,7.7172106051,1.1011412325,1.4036366517135555e+18,-1.99131098638874,7.736584797081278,1.1090641756274584
1.4036366517635556e+18,-1.9625511617,7.7113821884,1.1002709199,1.4036366517635556e+18,-1.974705016054938,7.730370130050602,1.108115662569214
1.4036366518135555e+18,-1.9459169931,7.7050377423,1.098691314,1.4036366518135555e+18,-1.9574022332604857,7.723408698499313,1.1061652746778536
1.4036366518635556e+18,-1.9282956884,7.6979912269,1.0960659231,1.4036366518635556e+18,-1.9413014642295456,7.71755100250636,1.1005743701333501
1.4036366519135555e+18,-1.9092351051,7.68994902,1.0918942249,1.4036366519135555e+18,-1.9217063453172054,7.708603198522635,1.095872375110198
1.4036366519635556e+18,-1.8886747779,7.6809115622,1.0865516735,1.4036366519635556e+18,-1.9005721149934471,7.698397487216738,1.0901569632722747
1.4036366520135555e+18,-1.8667710229,7.6720806632,1.0802134651,1.4036366520135555e+18,-1.8781613802121155,7.688296586280801,1.0831836549903149
1.4036366520635556e+18,-1.8432345635,7.6626174527,1.0718752304,1.4036366520635556e+18,-1.8539101267583238,7.675598003145161,1.0731728082764906
1.4036366521135555e+18,-1.8182300679,7.652363628,1.0626742467,1.4036366521135555e+18,-1.8299647752500432,7.667464741321112,1.069655548801491
1.4036366521635556e+18,-1.7921821666,7.6411353442,1.0529401054,1.4036366521635556e+18,-1.8037197969438097,7.653667793654117,1.059341816654336
1.4036366522135555e+18,-1.7654266956,7.6294722983,1.0426251857,1.4036366522135555e+18,-1.7767788161751712,7.638690145260265,1.0477071536846974
1.4036366522635556e+18,-1.738376635,7.6155282723,1.0307271186,1.4036366522635556e+18,-1.7496856871087019,7.621374547530376,1.0343869052412753
1.4036366523135555e+18,-1.7111931753,7.5992398955,1.0170558366,1.4036366523135555e+18,-1.7224142970832235,7.601463293561769,1.0191349336756383
1.4036366523635556e+18,-1.6839952973,7.5829016181,1.0023520998,1.4036366523635556e+18,-1.6945955810830045,7.588475091361527,1.0134805163017653
1.4036366524135555e+18,-1.6569224374,7.5674772228,0.9881859596,1.4036366524135555e+18,-1.6675858267595913,7.56903936996153,0.9973366513911853
1.4036366524635556e+18,-1.630408979,7.5526645616,0.9747915859,1.4036366524635556e+18,-1.6410852775460318,7.550247536691414,0.9817991699284013
1.4036366525135555e+18,-1.6041301216,7.5381050396,0.9624804252,1.4036366525135555e+18,-1.6148438392255313,7.531891447347444,0.9676117125738674
1.4036366525635556e+18,-1.5779719782,7.5245355448,0.9524132975,1.4036366525635556e+18,-1.5877998093821013,7.516040114025534,0.9556444767700124
1.4036366526135555e+18,-1.5517826196,7.5117399072,0.9444445051,1.4036366526135555e+18,-1.5621064332164574,7.508694534471651,0.9562834067392855
1.4036366526635556e+18,-1.5251625833,7.5004659122,0.9384492924,1.4036366526635556e+18,-1.5352400961571009,7.494585297225301,0.9486992647853177
1.4036366527135555e+18,-1.4981882171,7.4902705871,0.9352712623,1.4036366527135555e+18,-1.508006189720402,7.481610901154662,0.944222167059516
1.4036366527635556e+18,-1.4715884059,7.4815501417,0.9350540523,1.4036366527635556e+18,-1.4810153931460919,7.470280885030887,0.942456850448013
1.4036366528135555e+18,-1.4445152469,7.474313901,0.9368670297,1.4036366528135555e+18,-1.4536180466045323,7.460661450317012,0.9431405180673648
1.4036366528635556e+18,-1.4173340585,7.4691264684,0.9407383918,1.4036366528635556e+18,-1.424458927992207,7.45394938250371,0.9485020146197015
1.4036366529135555e+18,-1.3899879733,7.4652997862,0.9466757234,1.4036366529135555e+18,-1.3964475109058014,7.4480595489344825,0.9537874993530743
1.4036366529635556e+18,-1.3625025132,7.4625947032,0.9540621988,1.4036366529635556e+18,-1.368388426066364,7.44350131964015,0.9607010200543594
1.4036366530135555e+18,-1.334968689,7.4610709845,0.9609873406,1.4036366530135555e+18,-1.340162169501375,7.440250064232178,0.9672709777181422
1.4036366530635556e+18,-1.3075184232,7.4603030099,0.9654248203,1.4036366530635556e+18,-1.3120525777207162,7.438205046268832,0.9710155926043101
1.4036366531135555e+18,-1.2799756244,7.4611150499,0.9654917649,1.4036366531135555e+18,-1.2886543197661071,7.4523950512441495,0.9776164610353014
1.4036366531635556e+18,-1.2522717058,7.4633439699,0.9624381733,1.4036366531635556e+18,-1.2603731230555928,7.453625681026956,0.9744261920191041
1.4036366532135555e+18,-1.2249885726,7.465909239,0.958866411,1.4036366532135555e+18,-1.2321245792768298,7.455604333023103,0.9702694541666782
1.4036366532635556e+18,-1.1979078821,7.4688620879,0.9556018853,1.4036366532635556e+18,-1.2045529120780873,7.4580000896454255,0.9667556105233862
1.4036366533135555e+18,-1.1712151725,7.4715489544,0.9531788496,1.4036366533135555e+18,-1.1773986872499123,7.460192951289175,0.9644054823865217
1.4036366533635556e+18,-1.1452129689,7.4741498812,0.9522538602,1.4036366533635556e+18,-1.1519554328235895,7.46244340716547,0.9594377525043797
1.4036366534135555e+18,-1.1199363877,7.4760424645,0.953277771,1.4036366534135555e+18,-1.1258900853797948,7.464990782305341,0.9610194748217241
1.4036366534635556e+18,-1.0953415046,7.4775621367,0.9562879494,1.4036366534635556e+18,-1.1004420926012042,7.467234855998299,0.9648069639192768
1.4036366535135555e+18,-1.0713319048,7.4786837019,0.9617555395,1.4036366535135555e+18,-1.075621976192239,7.469039146631028,0.9712237262952993
1.4036366535635556e+18,-1.04798531,7.4790548541,0.968641099,1.4036366535635556e+18,-1.051179585247061,7.470293082995006,0.9791704855534623
1.4036366536135555e+18,-1.0249603421,7.4796421985,0.977396473,1.4036366536135555e+18,-1.0271754670380329,7.471681403736323,0.9891982842686039
1.4036366536635556e+18,-1.0022986944,7.4799594859,0.986434615,1.4036366536635556e+18,-1.003592967155372,7.472806738296084,0.9996784674151985
1.4036366537135555e+18,-0.9800324817,7.4797008893,0.9942199455,1.4036366537135555e+18,-0.9805558862637964,7.473292324275626,1.0090173536698055
1.4036366537635556e+18,-0.9583879122,7.4788324053,1.000413496,1.4036366537635556e+18,-0.9581808259206301,7.473117524729368,1.0166717406684733
1.4036366538135555e+18,-0.9374142991,7.4770737556,1.0044795943,1.4036366538135555e+18,-0.9365153503126837,7.471968448277396,1.0224058447496311
1.4036366538635556e+18,-0.9169000941,7.4746125617,1.0067440619,1.4036366538635556e+18,-0.9214771948636802,7.4620389181253195,1.0069918024679558
1.4036366539135555e+18,-0.8970359792,7.4711818662,1.007075474,1.4036366539135555e+18,-0.9011638799116133,7.458854088522129,1.0086675046120974
1.4036366539635556e+18,-0.8780602583,7.4667231402,1.0056030073,1.4036366539635556e+18,-0.8813326444964522,7.45467900655899,1.0083717720685552
1.4036366540135555e+18,-0.859577696,7.4615281768,1.0024068296,1.4036366540135555e+18,-0.8622132374597191,7.4496888677304565,1.0058638392842187
1.4036366540635556e+18,-0.8415114265,7.455509284,0.9976687017,1.4036366540635556e+18,-0.8435269083843702,7.443696685313753,1.0016749795015074
1.4036366541135555e+18,-0.8234527282,7.4489421018,0.9917878697,1.4036366541135555e+18,-0.8222731071023679,7.438747589030129,1.0009121018599192
1.4036366541635556e+18,-0.8052985387,7.4417808013,0.9866273826,1.4036366541635556e+18,-0.8030163314010696,7.432025063373942,0.9979544556051364
1.4036366542135555e+18,-0.7869401743,7.4341946925,0.9828203518,1.4036366542135555e+18,-0.7836532424038429,7.4248684799633455,0.9965431064940954
1.4036366542635556e+18,-0.7683833662,7.4252814857,0.9799165345,1.4036366542635556e+18,-0.7724397063045503,7.40427722620389,0.9765049464656333
1.4036366543135555e+18,-0.7496619439,7.4156207367,0.9792428886,1.4036366543135555e+18,-0.752879922017109,7.39494983144167,0.9782644238180717
1.4036366543635556e+18,-0.7312159639,7.4049151656,0.9802398092,1.4036366543635556e+18,-0.7337824646882014,7.384863837751464,0.9814444543497581
1.4036366544135555e+18,-0.7126870855,7.3939107955,0.9832671069,1.4036366544135555e+18,-0.714537903392336,7.374174642828471,0.9865475346304017
1.4036366544635556e+18,-0.6945547105,7.3820888683,0.9883674399,1.4036366544635556e+18,-0.6967580333354366,7.361850909025106,0.9917527138103891
1.4036366545135555e+18,-0.6764732507,7.3697240979,0.9954814861,1.4036366545135555e+18,-0.6792495578363003,7.346520480506626,0.9953987821342648
1.4036366545635556e+18,-0.6587373102,7.3568195914,1.004064683,1.4036366545635556e+18,-0.6608290946746989,7.334260854495028,1.005761834831587
1.4036366546135555e+18,-0.6419053094,7.3434609879,1.0130132204,1.4036366546135555e+18,-0.6432899523151887,7.3218612413437025,1.016207049068063
1.4036366546635556e+18,-0.6257977593,7.3300438183,1.0213274257,1.4036366546635556e+18,-0.6262273070196409,7.309584423020151,1.0255746193304605
1.4036366547135555e+18,-0.6100570369,7.3164648442,1.0282443027,1.4036366547135555e+18,-0.6268684393130624,7.308845913410238,1.0361601900847335
1.4036366547635556e+18,-0.594644284,7.3027775541,1.0335863309,1.4036366547635556e+18,-0.610643414362781,7.296372820403015,1.0419860340248817
1.4036366548135555e+18,-0.579251455,7.2893888799,1.0372070858,1.4036366548135555e+18,-0.594515061571621,7.284169051436745,1.0460905929243465
1.4036366548635556e+18,-0.5642612211,7.2760249629,1.0392426167,1.4036366548635556e+18,-0.5786609953277697,7.272194884572709,1.0482485809643003
1.4036366549135555e+18,-0.5493475593,7.2631869975,1.0396473626,1.4036366549135555e+18,-0.5637076121062092,7.259493792064383,1.0464468640453686
1.4036366549635556e+18,-0.5344979348,7.2509071753,1.0388382985,1.4036366549635556e+18,-0.5511400091839311,7.244079924937534,1.0477607463411847
1.4036366550135555e+18,-0.5201613864,7.238839169,1.0369369066,1.4036366550135555e+18,-0.5361284247294664,7.2324933338045305,1.0450003320067527
1.4036366550635556e+18,-0.5063122794,7.2267494601,1.0339366549,1.4036366550635556e+18,-0.5215590407386781,7.22076482904637,1.0410109209457157
1.4036366551135555e+18,-0.493072767,7.2143288642,1.030005249,1.4036366551135555e+18,-0.5075229074440317,7.2085358615711055,1.036190633549786
1.4036366551635556e+18,-0.480359853,7.2013923234,1.0253896172,1.4036366551635556e+18,-0.494902485500071,7.196241888344954,1.0294854998068548
1.4036366552135555e+18,-0.468397154,7.1878680635,1.0205303272,1.4036366552135555e+18,-0.4839945964925727,7.180640737128515,1.0287230686174311
1.4036366552635556e+18,-0.4565446521,7.173346368,1.014996042,1.4036366552635556e+18,-0.4715859362126702,7.166220106891805,1.0218085537216717
1.4036366553135555e+18,-0.4448570162,7.1576208365,1.0088845325,1.4036366553135555e+18,-0.45946781080662813,7.150329075149774,1.0145261042162588
1.4036366553635556e+18,-0.433507808,7.1408035454,1.0027191503,1.4036366553635556e+18,-0.4477861185588283,7.132859415907323,1.0073188999864362
1.4036366554135555e+18,-0.4230134098,7.1226635239,0.9972398369,1.4036366554135555e+18,-0.4378192363748692,7.112992625365518,1.0010944430359512
1.4036366554635556e+18,-0.4124648725,7.1037826428,0.993357027,1.4036366554635556e+18,-0.42738127271967397,7.092871612563901,0.9965086538153002
1.4036366555135555e+18,-0.4023341867,7.0832438829,0.991504882,1.4036366555135555e+18,-0.4174909163595233,7.070895355141555,0.9940572889805851
1.4036366555635556e+18,-0.3933419463,7.0605510516,0.9904128777,1.4036366555635556e+18,-0.40758420950237273,7.049416418193882,0.9984347880478396
1.4036366556135555e+18,-0.3846918708,7.0361227619,0.9889840237,1.4036366556135555e+18,-0.39932474077430236,7.0231474247557095,0.996533227726328
1.4036366556635556e+18,-0.3760969389,7.0112912623,0.9866845681,1.4036366556635556e+18,-0.3912054845251527,6.9962330807407405,0.9934510111966631
1.4036366557135555e+18,-0.3676454964,6.9860715645,0.9820617415,1.4036366557135555e+18,-0.38315412421149375,6.968984079094778,0.9881361624513417
1.4036366557635556e+18,-0.3584766362,6.960982383,0.9744137969,1.4036366557635556e+18,-0.37476302282988705,6.941872449390424,0.979857191994627
1.4036366558135555e+18,-0.3486523739,6.9360621365,0.9634725843,1.4036366558135555e+18,-0.36290280042507117,6.919093004851202,0.971722192004335
1.4036366558635556e+18,-0.3380174136,6.9109024425,0.9493934274,1.4036366558635556e+18,-0.3536505582130731,6.890959232682276,0.9568924958622925
1.4036366559135555e+18,-0.3264828758,6.8856980535,0.9335208629,1.4036366559135555e+18,-0.34377962884719526,6.862663945453514,0.9402386215363104
1.4036366559635556e+18,-0.313965078,6.8606002632,0.9178006679,1.4036366559635556e+18,-0.3330764429280846,6.834384224459008,0.9238046750598096
1.4036366560135555e+18,-0.3009272358,6.8353074471,0.903472875,1.4036366560135555e+18,-0.31807886870594704,6.814985405777351,0.9106315495846885
1.4036366560635556e+18,-0.287077957,6.8095857377,0.8915071477,1.4036366560635556e+18,-0.3058881302165313,6.786083188878591,0.8981978322920022
1.4036366561135555e+18,-0.2727073619,6.7833433016,0.8811718567,1.4036366561135555e+18,-0.2932790712925799,6.756667471070815,0.8875709345802362
1.4036366561635556e+18,-0.2576329067,6.7571684033,0.87404546,1.4036366561635556e+18,-0.2798359437585889,6.727530144146003,0.8802558605976062
1.4036366562135555e+18,-0.242483516,6.7302317876,0.8693022401,1.4036366562135555e+18,-0.26553809365170356,6.698325524498829,0.876336177938522
1.4036366562635556e+18,-0.2271223617,6.7034211144,0.8679335482,1.4036366562635556e+18,-0.25015464044180646,6.67831050380021,0.8769877485054401
1.4036366563135555e+18,-0.2111770138,6.6769475636,0.8686770184,1.4036366563135555e+18,-0.23545847694550037,6.649430887525632,0.8777350570783559
1.4036366563635556e+18,-0.1947525679,6.6513224064,0.8723980581,1.4036366563635556e+18,-0.22013106036157648,6.621651063447775,0.8812926345918372
1.4036366564135555e+18,-0.1774485442,6.626576618,0.8781675645,1.4036366564135555e+18,-0.20371977981553435,6.595080551622521,0.8870862186556306
1.4036366564635556e+18,-0.1590484333,6.6025975689,0.8859783716,1.4036366564635556e+18,-0.18522926335958712,6.568520616924852,0.8952662215506982
1.4036366565135555e+18,-0.1400287633,6.5789420425,0.8948565109,1.4036366565135555e+18,-0.16688207097717722,6.54294357110817,0.9044775297600701
1.4036366565635556e+18,-0.1202773196,6.5559346116,0.9039012595,1.4036366565635556e+18,-0.14782702650249036,6.518107414448076,0.91398854527682
1.4036366566135555e+18,-0.1010305557,6.5347472557,0.9129498146,1.4036366566135555e+18,-0.1282379515040093,6.494123406212431,0.9228989424225925
1.4036366566635556e+18,-0.0808536718,6.5137526076,0.9211237888,1.4036366566635556e+18,-0.10611427642294746,6.47458886920843,0.9311769749896214
1.4036366567135555e+18,-0.0602682093,6.4932092041,0.9286269031,1.4036366567135555e+18,-0.08534366767560098,6.451663693406754,0.9388501383044147
1.4036366567635556e+18,-0.0397275393,6.4724190983,0.9343313796,1.4036366567635556e+18,-0.06464451250361414,6.428782690222446,0.9448240785081242
1.4036366568135555e+18,-0.0192721863,6.451228837,0.9377310175,1.4036366568135555e+18,-0.04369248123314673,6.405964884552777,0.9486192213010659
1.4036366568635556e+18,0.0008600032,6.4295971221,0.9391207711,1.4036366568635556e+18,-0.022726977894559575,6.383814599009071,0.9503472342734006
1.4036366569135555e+18,0.0202129406,6.4073949111,0.9389771256,1.4036366569135555e+18,-0.003020445190331067,6.359121458375768,0.9503714588807385
1.4036366569635556e+18,0.0384085647,6.3845088269,0.9370241603,1.4036366569635556e+18,0.01598007290389969,6.335062764119213,0.948372748522342
1.4036366570135555e+18,0.0556832257,6.360701647,0.9333353092,1.4036366570135555e+18,0.03417024850008499,6.310329814453592,0.9444877043456598
1.4036366570635556e+18,0.0722025721,6.3360796767,0.9278633873,1.4036366570635556e+18,0.048640013639322355,6.286577826170815,0.9358295651726648
1.4036366571135555e+18,0.0877056983,6.3102160182,0.9211946948,1.4036366571135555e+18,0.06525490851127902,6.260428224097447,0.928850100795244
1.4036366571635556e+18,0.102401608,6.28359353,0.9146575269,1.4036366571635556e+18,0.08087308043972197,6.233399720266625,0.9220761870865327
1.4036366572135555e+18,0.1162346526,6.2551634655,0.9092629796,1.4036366572135555e+18,0.09584793729574859,6.205639436548277,0.9162551290426252
1.4036366572635556e+18,0.1297085602,6.2257319402,0.9048319715,1.4036366572635556e+18,0.11033093870725708,6.176529649641221,0.9118114033638595
1.4036366573135555e+18,0.1427198827,6.1951008097,0.9015602572,1.4036366573135555e+18,0.12537658692516995,6.146135808102382,0.9074773215843185
1.4036366573635556e+18,0.1554030821,6.1630912422,0.8997132544,1.4036366573635556e+18,0.13944445447288256,6.115273985098202,0.9053195048847892
1.4036366574135555e+18,0.1679943254,6.1306024749,0.8978303931,1.4036366574135555e+18,0.15348333796887825,6.083730309479093,0.9030867695620285
1.4036366574635556e+18,0.1806735586,6.0972747742,0.8950278562,1.4036366574635556e+18,0.16267293688829998,6.047040061672151,0.8994498205191946
1.4036366575135555e+18,0.1938247437,6.0635304085,0.8912565815,1.4036366575135555e+18,0.1770897213888185,6.013947360447823,0.8953968209382382
1.4036366575635556e+18,0.2077623539,6.0293655549,0.8862194989,1.4036366575635556e+18,0.19224543467401478,5.980574206394801,0.8901759299817474
1.4036366576135555e+18,0.2223636036,5.9950871942,0.8802127617,1.4036366576135555e+18,0.20817510979906384,5.946685215161463,0.8839595347196317
1.4036366576635556e+18,0.2376258649,5.9608638941,0.8733351604,1.4036366576635556e+18,0.22433751917231515,5.912628612294714,0.87687100087273
1.4036366577135555e+18,0.2536556506,5.9267339941,0.8657515206,1.4036366577135555e+18,0.24121096587206559,5.881476157172665,0.870229533727018
1.4036366577635556e+18,0.2707140545,5.89259155,0.8571205881,1.4036366577635556e+18,0.2591772093109155,5.84766844112778,0.8613795108690893
1.4036366578135555e+18,0.2883694154,5.858149797,0.8473307247,1.4036366578135555e+18,0.2780711535899387,5.808452086151371,0.8530375670105476
1.4036366578635556e+18,0.3065945932,5.8234836829,0.8367898854,1.4036366578635556e+18,0.2972282424863595,5.773583287662133,0.841769920177181
1.4036366579135555e+18,0.3257224461,5.7882788085,0.8266065673,1.4036366579135555e+18,0.317350819791395,5.7380871151082715,0.8308910845972349
1.4036366579635556e+18,0.3460355578,5.7520997518,0.8177996767,1.4036366579635556e+18,0.3383833409792514,5.701550334656116,0.8211664518124159
1.4036366580135555e+18,0.3686776167,5.7160887083,0.8110529911,1.4036366580135555e+18,0.3613280310781226,5.66522651367459,0.814409366832599
1.4036366580635556e+18,0.3923798071,5.6788869729,0.8063557893,1.4036366580635556e+18,0.3893262577183938,5.628162767842954,0.8136268484850303
1.4036366581135555e+18,0.4172957488,5.640914267,0.8038878469,1.4036366581135555e+18,0.4142136967579324,5.589733667619297,0.8111962574434958
1.4036366581635556e+18,0.4433875916,5.6028673141,0.8028607418,1.4036366581635556e+18,0.4402815476118267,5.5512370935193855,0.8103248146577368
1.4036366582135555e+18,0.4704982935,5.5649022581,0.8027404743,1.4036366582135555e+18,0.46630628302203103,5.511579758410678,0.8093858120374079
1.4036366582635556e+18,0.4983700837,5.5269948295,0.8017356333,1.4036366582635556e+18,0.49350747510435955,5.4729983385703544,0.808090287408583
1.4036366583135555e+18,0.5264950995,5.4895836388,0.7996233544,1.4036366583135555e+18,0.526202313073993,5.438914845661016,0.81152782302159
1.4036366583635556e+18,0.5549374815,5.4527292454,0.7963276612,1.4036366583635556e+18,0.5538879362703586,5.401462621607845,0.8075667173625328
1.4036366584135555e+18,0.5836632474,5.4166872274,0.7921574405,1.4036366584135555e+18,0.5817855908282556,5.36498925710773,0.8028358732854167
1.4036366584635556e+18,0.6127130191,5.3813679071,0.7870254726,1.4036366584635556e+18,0.6101311846230084,5.329635062685834,0.7980319518804889
1.4036366585135555e+18,0.6421109285,5.3471011268,0.7815057026,1.4036366585135555e+18,0.6384328448557177,5.2940936590804295,0.7917941875355149
1.4036366585635556e+18,0.6717005559,5.3137431259,0.775392088,1.4036366585635556e+18,0.6745486723482861,5.2627067888924435,0.7872021409785505
1.4036366586135555e+18,0.7011112797,5.2817000622,0.7687555285,1.4036366586135555e+18,0.7028091221617112,5.230041904601316,0.7806827355803202
1.4036366586635556e+18,0.7300957334,5.2509225594,0.76162992,1.4036366586635556e+18,0.7306999664669278,5.198661566098316,0.7737218789658157
1.4036366587135555e+18,0.7587183907,5.2217037803,0.7538569088,1.4036366587135555e+18,0.7582228526919912,5.168720821382129,0.7660707252884474
1.4036366587635556e+18,0.7869634687,5.1937878632,0.7453399484,1.4036366587635556e+18,0.7854499992008739,5.13989442819619,0.7579664818627813
1.4036366588135555e+18,0.8148302926,5.1671201791,0.7361719624,1.4036366588135555e+18,0.816401942200752,5.11507090695691,0.7458352559422269
1.4036366588635556e+18,0.841759255,5.1421226859,0.7266402395,1.4036366588635556e+18,0.8424525811642347,5.089074533906889,0.7367530547512237
1.4036366589135555e+18,0.8674661285,5.1185146728,0.7168027674,1.4036366589135555e+18,0.867482923072441,5.064597083001206,0.7269222259695424
1.4036366589635556e+18,0.8919125337,5.0959849945,0.7061927903,1.4036366589635556e+18,0.8915553292928506,5.041070384393242,0.7160884366984815
1.4036366590135555e+18,0.9152718694,5.074251933,0.6945188096,1.4036366590135555e+18,0.9149440487548555,5.018565135469617,0.7045181030021296
1.4036366590635556e+18,0.9380281701,5.0529559171,0.6820868124,1.4036366590635556e+18,0.9373564812685817,4.996420384148042,0.6921687409262419
1.4036366591135555e+18,0.9595319038,5.031625681,0.6682362982,1.4036366591135555e+18,0.9588748270984744,4.974523013037496,0.6785992261998489
1.4036366591635556e+18,0.9801414586,5.0104194452,0.6532765563,1.4036366591635556e+18,0.9782637449381335,4.952322156368633,0.6607231947142452
1.4036366592135555e+18,0.9995122975,4.9891124594,0.6377345767,1.4036366592135555e+18,0.9977966762543273,4.930928691328879,0.6455527755682727
1.4036366592635556e+18,1.0174157328,4.9676735921,0.6227982069,1.4036366592635556e+18,1.016301945453567,4.90937849068159,0.6309595071449264
1.4036366593135555e+18,1.0340777431,4.9459161005,0.6087758181,1.4036366593135555e+18,1.033775299269379,4.887987596346302,0.6171880660956574
1.4036366593635556e+18,1.0498684058,4.9242713422,0.5961872122,1.4036366593635556e+18,1.05038925450638,4.86663534190413,0.6057973388314389
1.4036366594135555e+18,1.0646909282,4.9025328847,0.5847680639,1.4036366594135555e+18,1.0663002132192392,4.845512759959286,0.5949733203918969
1.4036366594635556e+18,1.0790937822,4.8814675811,0.5749925633,1.4036366594635556e+18,1.0773167632964284,4.822523477085999,0.5820355018698115
1.4036366595135555e+18,1.093323419,4.8609048352,0.5679908446,1.4036366595135555e+18,1.0925599900956406,4.802527220931849,0.5754453669939131
1.4036366595635556e+18,1.1069117962,4.8410271472,0.5618533657,1.4036366595635556e+18,1.1070944294320229,4.782939847347171,0.5692989844291955
1.4036366596135555e+18,1.1199602741,4.821376496,0.555492415,1.4036366596135555e+18,1.1210705902880242,4.76370594557787,0.5630521727729042
1.4036366596635556e+18,1.1325709352,4.8023474285,0.5481956329,1.4036366596635556e+18,1.1344686524392884,4.745156280290773,0.5555330910076642
1.4036366597135555e+18,1.1445395174,4.7838203093,0.539463177,1.4036366597135555e+18,1.1488104751607962,4.727547511612074,0.5475120275814164
1.4036366597635556e+18,1.1556949444,4.7658876612,0.5292093822,1.4036366597635556e+18,1.1608820027818751,4.710274926315561,0.5371848872365171
1.4036366598135555e+18,1.1660660676,4.748443836,0.517420153,1.4036366598135555e+18,1.1720554618927879,4.693379251560211,0.5252576841689104
1.4036366598635556e+18,1.1752624831,4.7313892474,0.5047806869,1.4036366598635556e+18,1.177165048561553,4.6747740204518875,0.5100947902714256
1.4036366599135555e+18,1.183585968,4.7143428578,0.4900883967,1.4036366599135555e+18,1.1861139173026487,4.6580205140935975,0.49522029826465264
1.4036366599635556e+18,1.191079253,4.6973814346,0.4741069603,1.4036366599635556e+18,1.193953469770885,4.641112099081612,0.4791214804838885
1.4036366600135555e+18,1.1978637473,4.6810978242,0.4572765632,1.4036366600135555e+18,1.2010945331840768,4.624856972083014,0.46207220022394935
1.4036366600635556e+18,1.204142801,4.6653814209,0.4395670005,1.4036366600635556e+18,1.2076327690148352,4.608791016154911,0.4439996942482024
1.4036366601135555e+18,1.2101641804,4.6502658839,0.4210941802,1.4036366601135555e+18,1.2150361848941746,4.59610517967296,0.42536628991926706
1.4036366601635556e+18,1.2158464409,4.6360617681,0.4020576595,1.4036366601635556e+18,1.2210720146371528,4.580436703631796,0.40468306748944893
1.4036366602135555e+18,1.2218317761,4.6230399015,0.3826448603,1.4036366602135555e+18,1.2273425511979736,4.567579702666116,0.384884758342655
1.4036366602635556e+18,1.2277143022,4.6110685596,0.3628924492,1.4036366602635556e+18,1.233568184516721,4.555786187316594,0.3648478006089032
1.4036366603135555e+18,1.2337577361,4.600489736,0.3442352152,1.4036366603135555e+18,1.239737799476397,4.545409564525853,0.34588350831657955
1.4036366603635556e+18,1.2398321995,4.5909394738,0.3264080824,1.4036366603635556e+18,1.2453487044970375,4.535057894476243,0.32821673037738586
1.4036366604135555e+18,1.2465239764,4.5834608882,0.3108847784,1.4036366604135555e+18,1.2519046574518362,4.527606984127052,0.3125365552820315
1.4036366604635556e+18,1.2539113708,4.5779746265,0.2982632357,1.4036366604635556e+18,1.263430316321882,4.524064390947019,0.2973491883324123
1.4036366605135555e+18,1.2619122194,4.5745840197,0.2865840517,1.4036366605135555e+18,1.271008632998024,4.520708782323872,0.28578582789352336
1.4036366605635556e+18,1.2708851785,4.5735862414,0.2751844545,1.4036366605635556e+18,1.279362741502776,4.519670103015493,0.274447930889662
1.4036366606135555e+18,1.2808300142,4.5746369155,0.263227524,1.4036366606135555e+18,1.2885214795296864,4.520694949664658,0.26252654008611065
1.4036366606635556e+18,1.2911342956,4.5773111618,0.2500576733,1.4036366606635556e+18,1.2968445561515156,4.521978241020934,0.24942705242307162
1.4036366607135555e+18,1.3013718206,4.5813730596,0.2352536348,1.4036366607135555e+18,1.305820299714549,4.525603254973312,0.23492054813387464
1.4036366607635556e+18,1.311084364,4.5864628359,0.2189903724,1.4036366607635556e+18,1.3141324340329588,4.530372372662373,0.21920119675006522
1.4036366608135555e+18,1.3199730317,4.5922475866,0.2011676662,1.4036366608135555e+18,1.3217317881531536,4.536019021027243,0.20184494426571054
1.4036366608635556e+18,1.3275060147,4.5986683671,0.1819141172,1.4036366608635556e+18,1.3282453834526171,4.542431453106848,0.1830605624337459
1.4036366609135555e+18,1.3335748739,4.6060682123,0.1616220831,1.4036366609135555e+18,1.333622674586164,4.549979538208957,0.1626677489124716
1.4036366609635556e+18,1.3379209926,4.6144681385,0.1404959918,1.4036366609635556e+18,1.3474309569765275,4.562466854091796,0.13707846965123094
1.4036366610135555e+18,1.3406355877,4.623909484,0.1184663689,1.4036366610135555e+18,1.3501646994277907,4.571833756888474,0.1142400385594241
1.4036366610635556e+18,1.3420704971,4.6340609741,0.0957447548,1.4036366610635556e+18,1.3515763008064097,4.5818895800014845,0.09052850947631308
1.4036366611135555e+18,1.3421825954,4.6447669957,0.0720645708,1.4036366611135555e+18,1.3520790522647657,4.592585517006535,0.06582878033510486
1.4036366611635556e+18,1.3410065033,4.6558432323,0.0476907857,1.4036366611635556e+18,1.351393880625618,4.603586237880879,0.04026461600961595
1.4036366612135555e+18,1.3387852182,4.6672751443,0.0245445004,1.4036366612135555e+18,1.3474719531915862,4.615163935886028,0.01693147220698854
1.4036366612635556e+18,1.3349333548,4.6781029429,0.0024559697,1.4036366612635556e+18,1.3425359611900314,4.625251651266427,-0.0053111022734632085
1.4036366613135555e+18,1.3296310216,4.68845955,-0.0174585418,1.4036366613135555e+18,1.3363274606155944,4.634912379244031,-0.025248453424240203
1.4036366613635556e+18,1.3233849359,4.6985753914,-0.0357505029,1.4036366613635556e+18,1.3294233151259585,4.6444154314079595,-0.0434092482022459
1.4036366614135555e+18,1.3163373537,4.7086916519,-0.0522292471,1.4036366614135555e+18,1.320821945846514,4.6535213610827215,-0.060048327028357384
1.4036366614635556e+18,1.3085527223,4.7189433478,-0.066642835,1.4036366614635556e+18,1.314669946202614,4.666188377600113,-0.07600320380558634
1.4036366615135555e+18,1.299701554,4.7287815485,-0.079202363,1.4036366615135555e+18,1.305081992354327,4.675168630180492,-0.08821679006953087
1.4036366615635556e+18,1.2897286004,4.7385170703,-0.0895823989,1.4036366615635556e+18,1.2945712362155555,4.684133644298866,-0.09857107569371093
1.4036366616135555e+18,1.2786071166,4.7477409541,-0.0984664658,1.4036366616135555e+18,1.2831779015042422,4.692938217044084,-0.10747128065092104
1.4036366616635556e+18,1.2668582558,4.7567627583,-0.1050932792,1.4036366616635556e+18,1.2703642015504255,4.700605286623498,-0.11353674063480679
1.4036366617135555e+18,1.2548989182,4.7658011053,-0.1103485407,1.4036366617135555e+18,1.2578174690005808,4.708852569937726,-0.11829667776240649
1.4036366617635556e+18,1.2419459218,4.7746713324,-0.1132466111,1.4036366617635556e+18,1.2446070081841651,4.719287560930961,-0.12445402218652701
1.4036366618135555e+18,1.2283870895,4.7828300698,-0.1145541754,1.4036366618135555e+18,1.230956080263419,4.726744367679415,-0.12581207785149373
1.4036366618635556e+18,1.2145915663,4.7900221174,-0.1141504515,1.4036366618635556e+18,1.2171406368521995,4.733532324861153,-0.1252028446619795
1.4036366619135555e+18,1.2010029618,4.7962441698,-0.1118724898,1.4036366619135555e+18,1.2035770997768056,4.739780291885314,-0.12265296549223625
1.4036366619635556e+18,1.1870564441,4.8013255514,-0.107949528,1.4036366619635556e+18,1.1894706300539113,4.7438698264407595,-0.11772083301774683
1.4036366620135555e+18,1.1732126912,4.8054494397,-0.102176265,1.4036366620135555e+18,1.1755891880892695,4.747671216682949,-0.11123406316277806
1.4036366620635556e+18,1.1591278333,4.8083721698,-0.0948019636,1.4036366620635556e+18,1.1616843964727233,4.7505979116149835,-0.10324036529532221
1.4036366621135555e+18,1.1448974004,4.8103456569,-0.086822337,1.4036366621135555e+18,1.1476574055140079,4.752659583047159,-0.09483583130863382
1.4036366621635556e+18,1.1304600902,4.8110821796,-0.0799296162,1.4036366621635556e+18,1.1332736784488153,4.753730822462113,-0.08747357368752384
1.4036366622135555e+18,1.1154739301,4.8107848249,-0.0746072483,1.4036366622135555e+18,1.1184248542844109,4.753854150472989,-0.08162973803951556
1.4036366622635556e+18,1.1000463835,4.8097503253,-0.0709919245,1.4036366622635556e+18,1.0980334735340893,4.751125666660447,-0.0810017967909471
1.4036366623135555e+18,1.0839545444,4.8083241678,-0.0686218368,1.4036366623135555e+18,1.0820592341358615,4.750146212870886,-0.07860282844723832
1.4036366623635556e+18,1.0672533682,4.8067816904,-0.0676188399,1.4036366623635556e+18,1.0652695397725562,4.749166755966065,-0.0778337832227377
1.4036366624135555e+18,1.0499653735,4.8054880425,-0.0679131012,1.4036366624135555e+18,1.0478010946498673,4.748385202087578,-0.07866884034674515
1.4036366624635556e+18,1.0318132581,4.8043134603,-0.0701111857,1.4036366624635556e+18,1.0311624101052406,4.746752450700186,-0.07979214508991428
1.4036366625135555e+18,1.0129015436,4.8034805204,-0.0733682788,1.4036366625135555e+18,1.0127047735147325,4.746303824638813,-0.08339580654466283
1.4036366625635556e+18,0.993696532,4.8035584501,-0.0773390661,1.4036366625635556e+18,0.9937714634495407,4.7466152889264945,-0.08802344436618015
1.4036366626135555e+18,0.9738976737,4.8042930721,-0.081785443,1.4036366626135555e+18,0.9734265396178166,4.748581209376391,-0.08250166032981443
1.4036366626635556e+18,0.9543306654,4.8058354204,-0.0865935057,1.4036366626635556e+18,0.954102978987752,4.7501290698626155,-0.08877917301451721
1.4036366627135555e+18,0.9355371682,4.8078520917,-0.092078588,1.4036366627135555e+18,0.935492864385866,4.752068463672876,-0.09548233922038818
1.4036366627635556e+18,0.9178427043,4.8098597144,-0.0986369243,1.4036366627635556e+18,0.917770257839206,4.754189614032776,-0.10302638882086168
1.4036366628135555e+18,0.9011614519,4.8113987981,-0.1065759601,1.4036366628135555e+18,0.9022634733446266,4.7567057410426905,-0.11283156079372547
1.4036366628635556e+18,0.8852845938,4.8123356186,-0.1164552833,1.4036366628635556e+18,0.8841863611302818,4.753934843662108,-0.12080275879173397
1.4036366629135555e+18,0.8705391415,4.8123500518,-0.1280284751,1.4036366629135555e+18,0.8696375287199221,4.75470468297985,-0.132385261367178
1.4036366629635556e+18,0.8567973708,4.8120521656,-0.1401608756,1.4036366629635556e+18,0.8561116795358674,4.754894793709925,-0.1446499901048598
1.4036366630135555e+18,0.844222154,4.8116854114,-0.1515998189,1.4036366630135555e+18,0.8437536102145486,4.754922015905867,-0.15651497310375628
1.4036366630635556e+18,0.8331889199,4.8111694487,-0.1613071847,1.4036366630635556e+18,0.8331773317149773,4.755245326307948,-0.16782075844615163
1.4036366631135555e+18,0.8239278431,4.8102489054,-0.1695388714,1.4036366631135555e+18,0.8241762594169169,4.7548181724184015,-0.1768158446281659
1.4036366631635556e+18,0.8169022065,4.8091163618,-0.176175965,1.4036366631635556e+18,0.8166772331076775,4.750787854497757,-0.18159284944611176
1.4036366632135555e+18,0.8126503404,4.8073257342,-0.1821949574,1.4036366632135555e+18,0.8123859632694668,4.74938694137486,-0.18718904394008662
1.4036366632635556e+18,0.8107693986,4.8049941151,-0.1892329698,1.4036366632635556e+18,0.8103770952630391,4.74757165683897,-0.19300399052839456
1.4036366633135555e+18,0.8101095582,4.8029745447,-0.1976142782,1.4036366633135555e+18,0.8094986406766846,4.745932389428848,-0.20036753405725605
1.4036366633635556e+18,0.810503875,4.801422955,-0.2076845226,1.4036366633635556e+18,0.8101520219394049,4.746187432185346,-0.20923011650689494
1.4036366634135555e+18,0.8114196922,4.8008733234,-0.2197156522,1.4036366634135555e+18,0.8107682866442998,4.7461082029494275,-0.22058687087187934
1.4036366634635556e+18,0.8130197275,4.8020938793,-0.2327670287,1.4036366634635556e+18,0.8120742998509574,4.747578410405005,-0.23331799690782418
1.4036366635135555e+18,0.8155710269,4.8050279773,-0.2470909558,1.4036366635135555e+18,0.8138415352247974,4.750214492471183,-0.24711596848581963
1.4036366635635556e+18,0.8185417532,4.8100718779,-0.2619052341,1.4036366635635556e+18,0.8162337580987753,4.755096597515743,-0.2618112736873889
1.4036366636135555e+18,0.8223277132,4.8176092796,-0.2776501905,1.4036366636135555e+18,0.8213737900595213,4.764207932310179,-0.2778300740158105
1.4036366636635556e+18,0.8271948162,4.827525584,-0.2939281731,1.4036366636635556e+18,0.8255337844584263,4.773553065419087,-0.29396755435547617
1.4036366637135555e+18,0.8332989735,4.8398449536,-0.3099995877,1.4036366637135555e+18,0.8307038425321496,4.7854232945801884,-0.3094373124169211
1.4036366637635556e+18,0.8399866447,4.8546388363,-0.3249779507,1.4036366637635556e+18,0.8364183911878555,4.7996753583303455,-0.32369142443388277
1.4036366638135555e+18,0.8471856349,4.8723286291,-0.3385016411,1.4036366638135555e+18,0.8420995229621404,4.816561769119702,-0.33644318204681645
1.4036366638635556e+18,0.8544487328,4.8934945912,-0.3502383087,1.4036366638635556e+18,0.8479203148254184,4.836539552740818,-0.3469962500519762
1.4036366639135555e+18,0.8613177069,4.9182866247,-0.3599839869,1.4036366639135555e+18,0.8590660224414854,4.862904089263138,-0.3574133914079455
1.4036366639635556e+18,0.8676759117,4.946166833,-0.3677387746,1.4036366639635556e+18,0.8637897330778745,4.889088875923568,-0.36382360161665905
1.4036366640135555e+18,0.8727800488,4.9767226934,-0.3733129206,1.4036366640135555e+18,0.8672167837225544,4.917921458390608,-0.3680766091538855
1.4036366640635556e+18,0.8756128593,5.0093953894,-0.377542756,1.4036366640635556e+18,0.8687591707758777,4.949143420630321,-0.3713712841371629
1.4036366641135555e+18,0.876527861,5.0449157434,-0.3795995751,1.4036366641135555e+18,0.8711153795180442,4.983859688765711,-0.3743921315480131
1.4036366641635556e+18,0.8760528105,5.0814163925,-0.3794816137,1.4036366641635556e+18,0.869232421175937,5.019971894755849,-0.3746302903059898
1.4036366642135555e+18,0.8737117762,5.1200589327,-0.3781737151,1.4036366642135555e+18,0.8657342314964529,5.057774518895548,-0.37384401739955886
1.4036366642635556e+18,0.8700119365,5.1578228467,-0.37685124,1.4036366642635556e+18,0.8601807656063722,5.096495733841602,-0.37327332469522145
1.4036366643135555e+18,0.8647005278,5.1961749543,-0.3789561574,1.4036366643135555e+18,0.861771565699605,5.139824424683999,-0.37833061771838217
1.4036366643635556e+18,0.8579525354,5.2340981807,-0.3854631438,1.4036366643635556e+18,0.8534855316916743,5.178936723173251,-0.3859723201868782
1.4036366644135555e+18,0.8501591688,5.2720722111,-0.3963545289,1.4036366644135555e+18,0.8442710191971883,5.218301162491966,-0.3981695797609771
1.4036366644635556e+18,0.8408904666,5.3097407123,-0.4101196356,1.4036366644635556e+18,0.8337008390439182,5.25763434080652,-0.41313508722453507
1.4036366645135555e+18,0.8305896121,5.3475239012,-0.4251424528,1.4036366645135555e+18,0.8267637542233519,5.299184394576089,-0.4292972225106252
1.4036366645635556e+18,0.8191841434,5.3855773192,-0.4405084639,1.4036366645635556e+18,0.813912354876078,5.338281269252584,-0.4460117664395499
1.4036366646135555e+18,0.806077887,5.4238932902,-0.4545582824,1.4036366646135555e+18,0.7995515857063742,5.377288281949673,-0.46166306455023876
1.4036366646635556e+18,0.7921616493,5.4617206327,-0.4678727219,1.4036366646635556e+18,0.7843239447304748,5.415575108323278,-0.47584916642077746
1.4036366647135555e+18,0.7775282882,5.4994757401,-0.4795010306,1.4036366647135555e+18,0.7716045972368129,5.457312471342347,-0.4840895124956822
1.4036366647635556e+18,0.7625694422,5.536243142,-0.4900951329,1.4036366647635556e+18,0.7548816169470509,5.494159963635875,-0.49434575327062846
1.4036366648135555e+18,0.7466076663,5.5722468465,-0.498821983,1.4036366648135555e+18,0.7372689348314134,5.530418060608206,-0.502562159296036
1.4036366648635556e+18,0.7302292131,5.6088971293,-0.5053449753,1.4036366648635556e+18,0.7201253072946283,5.566923335068184,-0.5087550188500939
1.4036366649135555e+18,0.7132452036,5.6455540962,-0.5099946327,1.4036366649135555e+18,0.7017112848945728,5.60313721206224,-0.5132910099052833
1.4036366649635556e+18,0.6956457027,5.6819786135,-0.5139938418,1.4036366649635556e+18,0.6827109795748956,5.639203519293198,-0.516920571650516
1.4036366650135555e+18,0.6775342465,5.7188156092,-0.5157809689,1.4036366650135555e+18,0.6688128078005158,5.681192835164004,-0.5190980718547132
1.4036366650635556e+18,0.6585797573,5.7545162504,-0.5157977861,1.4036366650635556e+18,0.6484177841167575,5.716329517251531,-0.5186705234343733
1.4036366651135555e+18,0.6390300269,5.7899512295,-0.5137024189,1.4036366651135555e+18,0.6276467323482109,5.751216046696251,-0.5164194065932824
1.4036366651635556e+18,0.6198226437,5.8257664295,-0.5096484851,1.4036366651635556e+18,0.6072083892839988,5.78704147134545,-0.5121778423583371
1.4036366652135555e+18,0.6002239552,5.8616710461,-0.5042183001,1.4036366652135555e+18,0.5873439690725535,5.820639107466952,-0.5072520535258894
1.4036366652635556e+18,0.5810500479,5.8978067748,-0.4975816642,1.4036366652635556e+18,0.5671570661223173,5.855758059203773,-0.5013435358585879
1.4036366653135555e+18,0.5634745786,5.9346280768,-0.490297932,1.4036366653135555e+18,0.5510644368056328,5.898203404539232,-0.49246316477426333
1.4036366653635556e+18,0.5462980044,5.970961376,-0.4838788945,1.4036366653635556e+18,0.5328589091862099,5.933989610107638,-0.48657047645708695
1.4036366654135555e+18,0.53017642,6.0068941331,-0.4775421133,1.4036366654135555e+18,0.5155939951414794,5.9693925071869325,-0.48036675282306185
1.4036366654635556e+18,0.5146226643,6.0420410248,-0.4718815854,1.4036366654635556e+18,0.4988592332999442,6.004525112932161,-0.47456699334970487
1.4036366655135555e+18,0.4987402027,6.0756433604,-0.4666189648,1.4036366655135555e+18,0.4817746780323917,6.038414288548731,-0.469172700164718
1.4036366655635556e+18,0.4824735804,6.1090783788,-0.4603511665,1.4036366655635556e+18,0.46674980784760756,6.075508125665738,-0.46095364795552196
1.4036366656135555e+18,0.4655310754,6.142380855,-0.4535394377,1.4036366656135555e+18,0.4488895294546724,6.1091025146118385,-0.4548403755826481
1.4036366656635556e+18,0.4480743475,6.1763270331,-0.4464924938,1.4036366656635556e+18,0.4307941247562477,6.143547992549658,-0.44822257541966193
1.4036366657135555e+18,0.4303132637,6.2111718725,-0.438911699,1.4036366657135555e+18,0.41234528555256755,6.178378400609523,-0.44158160298882254
1.4036366657635556e+18,0.4122337431,6.2469146678,-0.4305386748,1.4036366657635556e+18,0.3920278779304942,6.213780401493179,-0.4300857487827717
1.4036366658135555e+18,0.3931455426,6.2830039992,-0.4218812978,1.4036366658135555e+18,0.37243402115473767,6.249485583531021,-0.4230084668728872
1.4036366658635556e+18,0.3728205219,6.3200294587,-0.4118958709,1.4036366658635556e+18,0.35187706369239447,6.285720553003678,-0.41562075028464374
1.4036366659135555e+18,0.352007724,6.356973101,-0.4017916237,1.4036366659135555e+18,0.33097064229211437,6.32203178424645,-0.4080787778742242
1.4036366659635556e+18,0.3307722809,6.3932876695,-0.3924046944,1.4036366659635556e+18,0.3091084336017955,6.359957327346631,-0.3971628160634596
1.4036366660135555e+18,0.3095001841,6.4287853182,-0.3849280861,1.4036366660135555e+18,0.288163560826713,6.395694733261607,-0.39187460210903635
1.4036366660635556e+18,0.288543555,6.4632995432,-0.3793099549,1.4036366660635556e+18,0.2676533525547251,6.430492941307467,-0.38791783200883045
1.4036366661135555e+18,0.2680872998,6.4964420492,-0.3755361802,1.4036366661135555e+18,0.24754890415799036,6.464025449956605,-0.3848952165371994
1.4036366661635556e+18,0.2481030914,6.5284332632,-0.3734916975,1.4036366661635556e+18,0.2247462469297261,6.49580163665245,-0.38084694350729487
1.4036366662135555e+18,0.2279415219,6.5597574353,-0.3724960081,1.4036366662135555e+18,0.20497969495319612,6.528070493091693,-0.3803413456090835
1.4036366662635556e+18,0.2075773373,6.5905543953,-0.372807615,1.4036366662635556e+18,0.1852110488573686,6.559734811155463,-0.3811529423671288
1.4036366663135555e+18,0.1872184184,6.6204786526,-0.3745063957,1.4036366663135555e+18,0.165317959104601,6.590231217422074,-0.38319459938520495
1.4036366663635556e+18,0.166581485,6.649600306,-0.377373376,1.4036366663635556e+18,0.14478397096978757,6.620526852992288,-0.38674546070084437
1.4036366664135555e+18,0.1456865758,6.6775681241,-0.3803741374,1.4036366664135555e+18,0.12191866488267156,6.649954409948302,-0.3927386728152481
1.4036366664635556e+18,0.1248423032,6.7042720759,-0.3828342366,1.4036366664635556e+18,0.1015900917526773,6.677090407454953,-0.39530201099501727
1.4036366665135555e+18,0.1042747835,6.729485485,-0.3838648497,1.4036366665135555e+18,0.08146841342077504,6.702596817237506,-0.395870215975478
1.4036366665635556e+18,0.0837296702,6.752366097,-0.3832191118,1.4036366665635556e+18,0.06108217763058921,6.725728862424969,-0.39433743844988045
1.4036366666135555e+18,0.0636027175,6.7744365317,-0.3803046172,1.4036366666135555e+18,0.0400747111763442,6.7483849993252925,-0.38982134830961945
1.4036366666635556e+18,0.0437119664,6.7956990869,-0.3759489031,1.4036366666635556e+18,0.019853800201162564,6.772560601014831,-0.38957953499086917
1.4036366667135555e+18,0.0234923819,6.816059246,-0.3706504215,1.4036366667135555e+18,-0.0004581837949002576,6.793028374899489,-0.3827525508790156
1.4036366667635556e+18,0.0035336821,6.8366656744,-0.3642696082,1.4036366667635556e+18,-0.02053351328503883,6.813792588828644,-0.37493643898087126
1.4036366668135555e+18,-0.016493778,6.8575707182,-0.3570980275,1.4036366668135555e+18,-0.040523226127374024,6.834812444190417,-0.36686440589641156
1.4036366668635556e+18,-0.0360413568,6.8789243458,-0.3509005325,1.4036366668635556e+18,-0.06021464396041498,6.856549979578499,-0.36346681350027865
1.4036366669135555e+18,-0.0553633201,6.9008405453,-0.3457962002,1.4036366669135555e+18,-0.07954040417364627,6.877881149956748,-0.3584209478392103
1.4036366669635556e+18,-0.0736380363,6.9226483777,-0.3422566161,1.4036366669635556e+18,-0.0978410138478889,6.899150266335454,-0.35497884680566394
1.4036366670135555e+18,-0.0894770356,6.9450182171,-0.3400493191,1.4036366670135555e+18,-0.1139855269547132,6.921108336148064,-0.3523159119325784
1.4036366670635556e+18,-0.1031710677,6.9674160722,-0.3388768364,1.4036366670635556e+18,-0.128263794125961,6.943953141724641,-0.357732484327839
1.4036366671135555e+18,-0.1145278883,6.9896799238,-0.3385988072,1.4036366671135555e+18,-0.14006015561070662,6.965799889698122,-0.3557361269769975
1.4036366671635556e+18,-0.1239865793,7.0123812573,-0.3394433213,1.4036366671635556e+18,-0.14995596449307147,6.988258443398905,-0.35455413721054885
1.4036366672135555e+18,-0.1331307316,7.0345553787,-0.3413811866,1.4036366672135555e+18,-0.15944974117509414,7.010476898492099,-0.3548897558118732
1.4036366672635556e+18,-0.1418404139,7.0566288263,-0.3443717285,1.4036366672635556e+18,-0.1695079134954547,7.033365865006951,-0.36023908974895724
1.4036366673135555e+18,-0.1512013852,7.0784373461,-0.3487988074,1.4036366673135555e+18,-0.17874581631727526,7.055449432031006,-0.3636728294135291
1.4036366673635556e+18,-0.1614257887,7.0999621721,-0.3541284391,1.4036366673635556e+18,-0.18868014083933016,7.077280508298948,-0.36862377573561245
1.4036366674135555e+18,-0.1722859033,7.1212013716,-0.3603714749,1.4036366674135555e+18,-0.19920744564500836,7.098941567443283,-0.3747993160869255
1.4036366674635556e+18,-0.184268005,7.1419225588,-0.3670368079,1.4036366674635556e+18,-0.2129901297427832,7.120176100021563,-0.3804891735021777
1.4036366675135555e+18,-0.1970236831,7.1625460089,-0.3741539575,1.4036366675135555e+18,-0.22514587369944206,7.141631813626454,-0.38813737955145455
1.4036366675635556e+18,-0.2100215738,7.1836223934,-0.3811679423,1.4036366675635556e+18,-0.2375681240720029,7.163632657154633,-0.39624008709030145
1.4036366676135555e+18,-0.223353595,7.2049644153,-0.3866692846,1.4036366676135555e+18,-0.25027750544897653,7.185719275941228,-0.40287573190443504
1.4036366676635556e+18,-0.236311667,7.2266392902,-0.3897037168,1.4036366676635556e+18,-0.26296049743805305,7.207671534678836,-0.409267276741084
1.4036366677135555e+18,-0.248736456,7.2484697427,-0.3904679465,1.4036366677135555e+18,-0.2752359221837901,7.230009562538111,-0.41137500243120406
1.4036366677635556e+18,-0.2603485209,7.2702511168,-0.3892872672,1.4036366677635556e+18,-0.28690399059355887,7.2522158372435666,-0.41126890741858835
1.4036366678135555e+18,-0.2709151759,7.2924393982,-0.3870188622,1.4036366678135555e+18,-0.29829061449840033,7.273980431541901,-0.4097188317145791
1.4036366678635556e+18,-0.2812372132,7.3143840543,-0.3844733483,1.4036366678635556e+18,-0.30862482408789393,7.297645564747613,-0.40408355873590807
1.4036366679135555e+18,-0.2911763768,7.3357551323,-0.382077808,1.4036366679135555e+18,-0.31905686436542613,7.318885735413321,-0.4025307515828599
1.4036366679635556e+18,-0.3002675892,7.3570692707,-0.3810198649,1.4036366679635556e+18,-0.3286720819858724,7.340059009386422,-0.4019998873523497
1.4036366680135555e+18,-0.3084847343,7.378726854,-0.381148392,1.4036366680135555e+18,-0.33733531601758493,7.361482560538278,-0.40266679650008197
1.4036366680635556e+18,-0.3157126988,7.4004145196,-0.3836473414,1.4036366680635556e+18,-0.3449576994585257,7.384109881704907,-0.403599472861497
1.4036366681135555e+18,-0.3221516435,7.4224255106,-0.3882050179,1.4036366681135555e+18,-0.3520984525817239,7.405607051425605,-0.4082789132994996
1.4036366681635556e+18,-0.3281454713,7.4445490006,-0.3942703376,1.4036366681635556e+18,-0.35865886621414145,7.427279961655968,-0.4143727247929655
1.4036366682135555e+18,-0.3338328844,7.4670240111,-0.4021131376,1.4036366682135555e+18,-0.36477655307918777,7.449407606744858,-0.4221551618237894
1.4036366682635556e+18,-0.3391662418,7.489875081,-0.4108972889,1.4036366682635556e+18,-0.3700038694312555,7.473371286450144,-0.43103914319113523
1.4036366683135555e+18,-0.3442086236,7.5132585527,-0.4205590223,1.4036366683135555e+18,-0.3753066757341612,7.496728061180544,-0.4407955945835561
1.4036366683635556e+18,-0.3494305485,7.5372992396,-0.4310014547,1.4036366683635556e+18,-0.383297892579491,7.520679926970995,-0.4522909919638768
1.4036366684135555e+18,-0.3546760046,7.5617323634,-0.4421085481,1.4036366684135555e+18,-0.38869119868149404,7.545204839085901,-0.46347026131457814
1.4036366684635556e+18,-0.359700599,7.5866721786,-0.4538440126,1.4036366684635556e+18,-0.3940001935039019,7.570335828462287,-0.4752584793109528
1.4036366685135555e+18,-0.3647260039,7.6121865878,-0.4661437054,1.4036366685135555e+18,-0.39933204518076515,7.596256320491902,-0.48751776121222445
1.4036366685635556e+18,-0.3701831517,7.6382436799,-0.4786007048,1.4036366685635556e+18,-0.40371531123023363,7.622593428009717,-0.5002882713253273
1.4036366686135555e+18,-0.3758253642,7.6647018444,-0.4910554419,1.4036366686135555e+18,-0.4105877257116317,7.651443036695554,-0.5093021998735864
1.4036366686635556e+18,-0.3813442011,7.6919880112,-0.5035503533,1.4036366686635556e+18,-0.41605168385343827,7.67880095345388,-0.5219229993701983
1.4036366687135555e+18,-0.386772964,7.7197853058,-0.5163737372,1.4036366687135555e+18,-0.42149909698802457,7.706974057282366,-0.5344303825308717
1.4036366687635556e+18,-0.3921188055,7.7487388394,-0.5290171539,1.4036366687635556e+18,-0.4271879501330931,7.73570166059714,-0.5468809002319309
1.4036366688135555e+18,-0.3980092776,7.7786124805,-0.5409468844,1.4036366688135555e+18,-0.43382517385512287,7.766350302801065,-0.5583405428788047
1.4036366688635556e+18,-0.4051470039,7.8093213844,-0.5517121286,1.4036366688635556e+18,-0.44191959201274944,7.796904078017519,-0.5644181416989164
1.4036366689135555e+18,-0.4133321946,7.8415866354,-0.5601342903,1.4036366689135555e+18,-0.45075016510791155,7.828418961358668,-0.5729722993395728
1.4036366689635556e+18,-0.4233396817,7.8754893208,-0.5659291847,1.4036366689635556e+18,-0.4612677758861681,7.861152777712098,-0.5799078410984201
1.4036366690135555e+18,-0.435947759,7.9093830702,-0.5692776396,1.4036366690135555e+18,-0.47440617602145263,7.8937570937564665,-0.5850233228079443
1.4036366690635556e+18,-0.4499605432,7.9435643691,-0.5709455138,1.4036366690635556e+18,-0.4899820428776902,7.925280440134198,-0.5889130528389842
1.4036366691135555e+18,-0.4653004121,7.9770982976,-0.5701998004,1.4036366691135555e+18,-0.5037228824869775,7.959880923733392,-0.5849004346046108
1.4036366691635556e+18,-0.4815289808,8.0100275151,-0.5699699303,1.4036366691635556e+18,-0.5211061709187463,7.991854216907553,-0.5868674685295913
1.4036366692135555e+18,-0.4986089765,8.0424523412,-0.5708653616,1.4036366692135555e+18,-0.5391969770869371,8.023420680924112,-0.5895763411576546
1.4036366692635556e+18,-0.5164208834,8.0733836737,-0.5725117912,1.4036366692635556e+18,-0.5583567589296532,8.054595506889562,-0.5935672316522548
1.4036366693135555e+18,-0.5351829738,8.104208191,-0.5762489468,1.4036366693135555e+18,-0.5790534098056339,8.08696970081494,-0.5931895876436267
1.4036366693635556e+18,-0.5547895561,8.1344191612,-0.5811850902,1.4036366693635556e+18,-0.5996400644137596,8.117443716305807,-0.6003657370734651
1.4036366694135555e+18,-0.5751025172,8.164673651,-0.5871490963,1.4036366694135555e+18,-0.6208168315134346,8.147668613115156,-0.6081493011184639
1.4036366694635556e+18,-0.5963678022,8.1947326878,-0.593965293,1.4036366694635556e+18,-0.6429806889323144,8.177624532307771,-0.6166172136325353
1.4036366695135555e+18,-0.6185292228,8.2243868427,-0.6020275402,1.4036366695135555e+18,-0.6655678673631149,8.209471761351907,-0.6230370279608896
1.4036366695635556e+18,-0.6416652003,8.2534758598,-0.6109922097,1.4036366695635556e+18,-0.6888660674828726,8.23867103317992,-0.6329075911607417
1.4036366696135555e+18,-0.6659282918,8.2816979705,-0.6200130215,1.4036366696135555e+18,-0.7131643483389682,8.267118076687346,-0.6425324867394561
1.4036366696635556e+18,-0.6918498786,8.3086734041,-0.6281371173,1.4036366696635556e+18,-0.7388458465689967,8.294589831327038,-0.651160426573344
1.4036366697135555e+18,-0.7189613556,8.3349071272,-0.6347786635,1.4036366697135555e+18,-0.7716917207114822,8.31715860554063,-0.6563641014705673
1.4036366697635556e+18,-0.7475797212,8.3599841611,-0.6401227585,1.4036366697635556e+18,-0.7994386425901574,8.343831649054668,-0.6616517459693626
1.4036366698135555e+18,-0.7785923481,8.3837168686,-0.6434089395,1.4036366698135555e+18,-0.8288458230420108,8.369115454900722,-0.6656386652410374
1.4036366698635556e+18,-0.8113838907,8.4059523348,-0.6442256534,1.4036366698635556e+18,-0.8597265513414953,8.392934827073137,-0.667546865123294
1.4036366699135555e+18,-0.8455670156,8.4253525535,-0.6432631461,1.4036366699135555e+18,-0.8973711607073636,8.4083400536218,-0.6706863682859204
1.4036366699635556e+18,-0.8789157853,8.4424883003,-0.6415459626,1.4036366699635556e+18,-0.9286169734242504,8.42756068939099,-0.6690566735985665
1.4036366700135555e+18,-0.9114033665,8.456587915,-0.638716352,1.4036366700135555e+18,-0.9592003880839348,8.443810833669946,-0.6656384015653002
1.4036366700635556e+18,-0.9431383527,8.4677350252,-0.6346826013,1.4036366700635556e+18,-0.989112783081084,8.456943424361501,-0.6608860405451144
1.4036366701135555e+18,-0.9738756374,8.4762324587,-0.6291252929,1.4036366701135555e+18,-1.0183115901031288,8.467676479225236,-0.6542082668956911
1.4036366701635556e+18,-1.0029699478,8.4821313752,-0.6217863876,1.4036366701635556e+18,-1.0562657022069244,8.465073850967022,-0.6501270804578682
1.4036366702135555e+18,-1.0303969828,8.485677118,-0.6132320252,1.4036366702135555e+18,-1.081559193280202,8.470596282274832,-0.6416400424514223
1.4036366702635556e+18,-1.0560433601,8.4860285258,-0.6055157431,1.4036366702635556e+18,-1.1050806422655377,8.473046118128876,-0.6336937585729129
1.4036366703135555e+18,-1.0799093051,8.483066275,-0.5995790212,1.4036366703135555e+18,-1.1268195956770146,8.472088406327227,-0.627536287028056
1.4036366703635556e+18,-1.1018073481,8.47632403,-0.5957680373,1.4036366703635556e+18,-1.1519618387111148,8.457739394539505,-0.6271026221320738
1.4036366704135555e+18,-1.1216969828,8.4656896578,-0.5934479245,1.4036366704135555e+18,-1.1696608639607753,8.448884394056645,-0.6243589717435644
1.4036366704635556e+18,-1.1393884756,8.4508962582,-0.5913505013,1.4036366704635556e+18,-1.1850289458438894,8.435943578008986,-0.6220314842035929
1.4036366705135555e+18,-1.1542798463,8.4316936343,-0.5877283868,1.4036366705135555e+18,-1.1975456793666632,8.418617054611865,-0.6181044253784166
1.4036366705635556e+18,-1.1662185028,8.4083566531,-0.5829266657,1.4036366705635556e+18,-1.2071331125498235,8.395564009641362,-0.6141050372276434
1.4036366706135555e+18,-1.1747916685,8.3808284996,-0.5761513152,1.4036366706135555e+18,-1.2131242331691245,8.369787024386076,-0.6069768812610351
1.4036366706635556e+18,-1.1794913149,8.3496394321,-0.5671586726,1.4036366706635556e+18,-1.2153958560819813,8.340095177337545,-0.5974938138389708
1.4036366707135555e+18,-1.1808771212,8.3142870487,-0.5568745668,1.4036366707135555e+18,-1.2143475205327734,8.306006375627431,-0.5866025721863938
1.4036366707635556e+18,-1.1785137152,8.275792208,-0.5454721205,1.4036366707635556e+18,-1.2096081629049866,8.268453896828573,-0.5746589220444199
1.4036366708135555e+18,-1.1731249075,8.2340149334,-0.5342260623,1.4036366708135555e+18,-1.2084300630553395,8.217183678631843,-0.5628652472688428
1.4036366708635556e+18,-1.1648071297,8.1886600052,-0.5237129169,1.4036366708635556e+18,-1.1979151324316932,8.172351387353396,-0.5523632838388474
1.4036366709135555e+18,-1.1529650941,8.1403572586,-0.514018351,1.4036366709135555e+18,-1.1843519723757003,8.12406359145185,-0.5426063830224012
1.4036366709635556e+18,-1.1373895716,8.0882028728,-0.5034454014,1.4036366709635556e+18,-1.1668687073372874,8.072051858913492,-0.5321276943574188
1.4036366710135555e+18,-1.1176199766,8.0317885169,-0.4916223927,1.4036366710135555e+18,-1.1450549890664927,8.015289558009313,-0.520058380775554
1.4036366710635556e+18,-1.0928070153,7.9707989441,-0.4774355025,1.4036366710635556e+18,-1.1184578035937323,7.954055558445056,-0.5042312123320479
1.4036366711135555e+18,-1.0627900345,7.905883262,-0.4616909056,1.4036366711135555e+18,-1.086305828839822,7.888388514723376,-0.4860874655465818
1.4036366711635556e+18,-1.0281879581,7.8363036204,-0.4444207879,1.4036366711635556e+18,-1.0496396393014154,7.818492633340618,-0.46639754253118315
1.4036366712135555e+18,-0.9885767214,7.7636010067,-0.4251955921,1.4036366712135555e+18,-1.0081517687040398,7.745574791230261,-0.4448539531244128
1.4036366712635556e+18,-0.9446539989,7.6863361326,-0.40492792,1.4036366712635556e+18,-0.9622547787779743,7.6669749615724,-0.4221518527422571
1.4036366713135555e+18,-0.8965365585,7.6065179482,-0.3856607167,1.4036366713135555e+18,-0.9133670022644953,7.590060714306825,-0.39956548721832885
1.4036366713635556e+18,-0.8449402045,7.5238738359,-0.366282577,1.4036366713635556e+18,-0.8603965133807998,7.507664102002918,-0.3768957086955099
1.4036366714135555e+18,-0.7914289363,7.4404064295,-0.3474736065,1.4036366714135555e+18,-0.8056402243892498,7.42427722726697,-0.3546758981773065
1.4036366714635556e+18,-0.7371884665,7.3566087817,-0.3294536451,1.4036366714635556e+18,-0.7501257799072212,7.340801460809477,-0.33407118257999835
1.4036366715135555e+18,-0.6827488579,7.2730100638,-0.3120281532,1.4036366715135555e+18,-0.6950228322558853,7.257874397897286,-0.31523094007373376
1.4036366715635556e+18,-0.6283810731,7.190120589,-0.2954420072,1.4036366715635556e+18,-0.6394303453243957,7.175411346775972,-0.29783029381583226
1.4036366716135555e+18,-0.5739470447,7.1086675418,-0.2803650388,1.4036366716135555e+18,-0.5838255586851764,7.094254690262257,-0.2823211994430269
1.4036366716635556e+18,-0.5197200482,7.0292764596,-0.2662585024,1.4036366716635556e+18,-0.5285192641249887,7.014875019632749,-0.2681594181452861
1.4036366717135555e+18,-0.4655402791,6.9524727491,-0.2530202092,1.4036366717135555e+18,-0.4733524749093707,6.9380581592060615,-0.255168300212712
1.4036366717635556e+18,-0.4115185877,6.8780291956,-0.2410436391,1.4036366717635556e+18,-0.4183471400439496,6.863570165795277,-0.24353929278385722
1.4036366718135555e+18,-0.3576385081,6.806334112,-0.2300760474,1.4036366718135555e+18,-0.3603869630208081,6.803275285844618,-0.2288772215327851
1.4036366718635556e+18,-0.3043414288,6.7377335917,-0.2187672898,1.4036366718635556e+18,-0.3062209118315371,6.735743737850369,-0.21791888108795188
1.4036366719135555e+18,-0.2512518951,6.6728321879,-0.2069755319,1.4036366719135555e+18,-0.2524518050170954,6.671801452001768,-0.2063772126324087
1.4036366719635556e+18,-0.198487727,6.6121670142,-0.1932107126,1.4036366719635556e+18,-0.19935919265269053,6.612308473877832,-0.19292118877109388
1.4036366720135555e+18,-0.1463942446,6.5559606356,-0.1774533058,1.4036366720135555e+18,-0.14689973621782482,6.557260438655682,-0.17716779017065487
1.4036366720635556e+18,-0.0948512935,6.5052528065,-0.1594677712,1.4036366720635556e+18,-0.09564625376679547,6.502807588269393,-0.16151184566738397
1.4036366721135555e+18,-0.0444545397,6.4599048509,-0.1394551711,1.4036366721135555e+18,-0.045441939578656054,6.456710407906412,-0.1415566923652264
1.4036366721635556e+18,0.0039749984,6.4193826789,-0.1168795204,1.4036366721635556e+18,0.00274977237191365,6.415338141541742,-0.11925692909332752
1.4036366722135555e+18,0.0501910236,6.3832367508,-0.093360723,1.4036366722135555e+18,0.04877240851199183,6.378537484468417,-0.09603078525904352
1.4036366722635556e+18,0.0941688948,6.3524831312,-0.0697212344,1.4036366722635556e+18,0.09839447384397015,6.3581711141761375,-0.06318695324057921
1.4036366723135555e+18,0.1361852518,6.3260865907,-0.0473956069,1.4036366723135555e+18,0.13986115925677023,6.3306180086414265,-0.04145614165539813
1.4036366723635556e+18,0.1761068013,6.3041972808,-0.0266606896,1.4036366723635556e+18,0.17898828026368907,6.307364267014133,-0.02064747184085791
1.4036366724135555e+18,0.2134081632,6.2858575936,-0.0088343534,1.4036366724135555e+18,0.21537433220679691,6.287187998272945,-0.002691001962653927
1.4036366724635556e+18,0.2476109755,6.271275218,0.0063040919,1.4036366724635556e+18,0.24839562936690562,6.270502921252614,0.012544420403279077
1.4036366725135555e+18,0.2779019508,6.2595526235,0.0189213861,1.4036366725135555e+18,0.28211987773366687,6.26099463921671,0.02621165323151542
1.4036366725635556e+18,0.3050961864,6.2497743901,0.0279464908,1.4036366725635556e+18,0.3088884697066465,6.249028149087149,0.03350377196707355
1.4036366726135555e+18,0.3297230083,6.2411189462,0.0314480175,1.4036366726135555e+18,0.3331949530320477,6.2384577650481035,0.03501293349276635
1.4036366726635556e+18,0.3524365332,6.2329127917,0.0304051305,1.4036366726635556e+18,0.35552509022574785,6.228557426272012,0.03220718089965702
1.4036366727135555e+18,0.3734909982,6.2244281283,0.0235638196,1.4036366727135555e+18,0.37558455020186,6.22095418851309,0.023498941008665564
1.4036366727635556e+18,0.3932226654,6.2153017011,0.0114583814,1.4036366727635556e+18,0.39462606451760873,6.211431953754804,0.009914095070094775
1.4036366728135555e+18,0.4112238455,6.2057004619,-0.0029788177,1.4036366728135555e+18,0.4120186473500196,6.202031451921361,-0.005478347413384488
1.4036366728635556e+18,0.4281191117,6.1968483478,-0.0166133234,1.4036366728635556e+18,0.42807111672031173,6.1932499180938105,-0.019529553672896438
1.4036366729135555e+18,0.443642778,6.1887436073,-0.0283865838,1.4036366729135555e+18,0.4428293834295678,6.185386105894667,-0.03153140156004486
1.4036366729635556e+18,0.4575454317,6.1804715461,-0.0392823731,1.4036366729635556e+18,0.45644993164266445,6.17802055607103,-0.04162707629131124
1.4036366730135555e+18,0.4700690103,6.1731533229,-0.0481677102,1.4036366730135555e+18,0.47815036399546074,6.173629475255305,-0.048386158910435184
1.4036366730635556e+18,0.481308582,6.1665683623,-0.0555215703,1.4036366730635556e+18,0.4891112809266991,6.1681360460937,-0.05491804524859678
1.4036366731135555e+18,0.4912381951,6.1608285948,-0.0612713587,1.4036366731135555e+18,0.49914251189012493,6.163685391248191,-0.059827456183083494
1.4036366731635556e+18,0.5000419896,6.1567634561,-0.0643016107,1.4036366731635556e+18,0.5081455684426954,6.160583338941505,-0.06194133887613773
1.4036366732135555e+18,0.5077018364,6.1533097355,-0.0655514293,1.4036366732135555e+18,0.5161351828549998,6.158324331088478,-0.06226235244421818
1.4036366732635556e+18,0.5141258199,6.1514904025,-0.0656351875,1.4036366732635556e+18,0.5211085352473566,6.1607875002107075,-0.05968845864628347
1.4036366733135555e+18,0.5192028564,6.1515029363,-0.0634985725,1.4036366733135555e+18,0.5259404768840161,6.162301572339642,-0.05626607895006919
1.4036366733635556e+18,0.5226815035,6.1542833568,-0.05992387,1.4036366733635556e+18,0.5291222230565475,6.166386169342498,-0.05125777489286276
1.4036366734135555e+18,0.5248782427,6.160066218,-0.0561499863,1.4036366734135555e+18,0.5308447540301335,6.173121533476478,-0.04622752874288316
1.4036366734635556e+18,0.525692348,6.168600069,-0.0533181253,1.4036366734635556e+18,0.5313833562531487,6.18239770191943,-0.04244423628847971
1.4036366735135555e+18,0.5253865453,6.1796946683,-0.0521317429,1.4036366735135555e+18,0.533817845625502,6.195450005513145,-0.05230732097969992
1.4036366735635556e+18,0.5237178637,6.1931757689,-0.0517634646,1.4036366735635556e+18,0.5318537938885699,6.209098530920011,-0.051491002761589466
1.4036366736135555e+18,0.5208217803,6.2093102308,-0.0521991055,1.4036366736135555e+18,0.5285748781571291,6.225111017868107,-0.05107481049320295
1.4036366736635556e+18,0.5164332428,6.2272868969,-0.0535835851,1.4036366736635556e+18,0.523913379002722,6.24266007632937,-0.052031354855133105
1.4036366737135555e+18,0.5105179921,6.2469237482,-0.0556043241,1.4036366737135555e+18,0.5178430524457793,6.261848972770679,-0.053796527059186805
1.4036366737635556e+18,0.5034116738,6.2671598175,-0.0575637881,1.4036366737635556e+18,0.50944313244963,6.281058658684181,-0.05175021272783675
1.4036366738135555e+18,0.4946925097,6.2867560458,-0.0589955785,1.4036366738135555e+18,0.500261528681679,6.299722186111808,-0.052320706634659486
1.4036366738635556e+18,0.4849846529,6.3060834781,-0.0598997775,1.4036366738635556e+18,0.4898887615548615,6.318174351799826,-0.05226632188856983
1.4036366739135555e+18,0.4740062058,6.3260400514,-0.060409086,1.4036366739135555e+18,0.4781336402327421,6.33731164476219,-0.051689943099742064
1.4036366739635556e+18,0.4613678876,6.3466439742,-0.0590798841,1.4036366739635556e+18,0.4647026519567108,6.3572699810138165,-0.04987560212153108
1.4036366740135555e+18,0.4472267526,6.3675196024,-0.0583227522,1.4036366740135555e+18,0.4516583736073825,6.386880142161221,-0.05825266926666284
1.4036366740635556e+18,0.4316857166,6.3892135873,-0.0584936066,1.4036366740635556e+18,0.4353432564471369,6.408186640118236,-0.05846484198538204
1.4036366741135555e+18,0.414705646,6.4111611954,-0.0597868091,1.4036366741135555e+18,0.4176372360878755,6.4296697479042155,-0.06025603133821911
1.4036366741635556e+18,0.3965208683,6.4331870413,-0.062552381,1.4036366741635556e+18,0.3990231610777917,6.451147321809691,-0.06367559354306518
1.4036366742135555e+18,0.3772194094,6.4553958816,-0.0668185103,1.4036366742135555e+18,0.37932336735750827,6.47288469859504,-0.0690164797425682
1.4036366742635556e+18,0.3568567613,6.4775172269,-0.0727476222,1.4036366742635556e+18,0.3575933903062589,6.4905339608143,-0.07513032993302915
1.4036366743135555e+18,0.3353770754,6.4991490913,-0.0803740495,1.4036366743135555e+18,0.3355995084248482,6.5105229209016535,-0.08429820938654353
1.4036366743635556e+18,0.3132235285,6.5198556904,-0.0896610407,1.4036366743635556e+18,0.3128703839690328,6.529907464529135,-0.09526078108113578
1.4036366744135555e+18,0.290489064,6.5401235912,-0.1003619433,1.4036366744135555e+18,0.2895599386030776,6.549373173923408,-0.10778663977889724
1.4036366744635556e+18,0.2678184889,6.5600462214,-0.1124524791,1.4036366744635556e+18,0.2664236544026126,6.568836874587253,-0.12152327934383
1.4036366745135555e+18,0.2455220206,6.5794552227,-0.126192785,1.4036366745135555e+18,0.2459096106600036,6.5987288792357575,-0.1363896368270524
1.4036366745635556e+18,0.2241496495,6.5984313314,-0.141853367,1.4036366745635556e+18,0.22417284575895202,6.617845723395327,-0.15307677079251925
1.4036366746135555e+18,0.2037402476,6.6172372217,-0.1587741571,1.4036366746135555e+18,0.20348523155541098,6.637246614335401,-0.17059643678483816
1.4036366746635556e+18,0.1841452503,6.6362092857,-0.1767008408,1.4036366746635556e+18,0.18363438023176748,6.6567201342215085,-0.18877246507134704
1.4036366747135555e+18,0.1652351375,6.6548009555,-0.1961540834,1.4036366747135555e+18,0.16418145845998833,6.6737027557561674,-0.210258068215888
1.4036366747635556e+18,0.1473002236,6.6732096991,-0.2173153114,1.4036366747635556e+18,0.1460594246675191,6.691829594962959,-0.23197983062944794
1.4036366748135555e+18,0.1305182615,6.6912408456,-0.2384324843,1.4036366748135555e+18,0.12910720816565746,6.70983066432172,-0.2536764831084465
1.4036366748635556e+18,0.1145491378,6.710508182,-0.2583329142,1.4036366748635556e+18,0.11314972872299567,6.728438647765271,-0.2734488405283132
1.4036366749135555e+18,0.0996183616,6.7305955958,-0.2766269199,1.4036366749135555e+18,0.09829654786006792,6.748036867352697,-0.29143630767953466
1.4036366749635556e+18,0.0855944227,6.7525945545,-0.2931469592,1.4036366749635556e+18,0.08419317934265624,6.769762922522361,-0.30730218317283964
1.4036366750135555e+18,0.0721999911,6.776841007,-0.3067625193,1.4036366750135555e+18,0.06853616848524346,6.8024517523823125,-0.32179207879746985
1.4036366750635556e+18,0.0596348261,6.8030726832,-0.3181076959,1.4036366750635556e+18,0.055887327399196884,6.828155800577344,-0.3319505137225448
1.4036366751135555e+18,0.0479876798,6.8319740568,-0.3272427497,1.4036366751135555e+18,0.04377402397750085,6.856384363719606,-0.339631870458163
1.4036366751635556e+18,0.0368787304,6.8630285926,-0.3345254189,1.4036366751635556e+18,0.031810870804163116,6.887370039239787,-0.34506546615085776
1.4036366752135555e+18,0.0255870353,6.8973102092,-0.3392216052,1.4036366752135555e+18,0.02102213171610412,6.917778422465876,-0.3459704384280665
1.4036366752635556e+18,0.0133756326,6.9347000033,-0.3424898788,1.4036366752635556e+18,0.008328148334492802,6.9541185084871255,-0.3469098625088488
1.4036366753135555e+18,-0.0001348093,6.9744386986,-0.3437376409,1.4036366753135555e+18,-0.005702933750550976,6.992913281051022,-0.3461595873978186
1.4036366753635556e+18,-0.0151570641,7.0157658997,-0.3424861948,1.4036366753635556e+18,-0.021225905562574532,7.033285821987736,-0.3431691203498336
1.4036366754135555e+18,-0.0321766717,7.0552252077,-0.3391446393,1.4036366754135555e+18,-0.03886664553205765,7.0752316052643405,-0.3394513252327437
1.4036366754635556e+18,-0.0512443202,7.0969490347,-0.3368505127,1.4036366754635556e+18,-0.05852589817199938,7.118503746052678,-0.3367764762072659
1.4036366755135555e+18,-0.0717319405,7.1390011418,-0.3363158635,1.4036366755135555e+18,-0.08157223007927428,7.1567622308028245,-0.336013303773553
1.4036366755635556e+18,-0.0936869861,7.1764578226,-0.3355581411,1.4036366755635556e+18,-0.10439207573833453,7.200524018583547,-0.3364420787150312
1.4036366756135555e+18,-0.1170924027,7.2158392482,-0.3371515934,1.4036366756135555e+18,-0.1289272930690677,7.243857097104822,-0.33870327343758044
1.4036366756635556e+18,-0.1423118103,7.2544898629,-0.3399918078,1.4036366756635556e+18,-0.15552796212637432,7.286743499614428,-0.34240795270821944
1.4036366757135555e+18,-0.1692371561,7.2922740407,-0.3438977854,1.4036366757135555e+18,-0.1832644554341467,7.32839364888177,-0.3474863560336817
1.4036366757635556e+18,-0.1980125733,7.3292914539,-0.3487323882,1.4036366757635556e+18,-0.2115553449423322,7.369329814293678,-0.35461765507386545
1.4036366758135555e+18,-0.2286518505,7.3652438627,-0.3545641857,1.4036366758135555e+18,-0.24205501922846917,7.404231404396448,-0.35743648780800086
1.4036366758635556e+18,-0.2602182791,7.4004113289,-0.3617503665,1.4036366758635556e+18,-0.27379554150431495,7.442785150508682,-0.3677453512377885
1.4036366759135555e+18,-0.2918196527,7.4342028765,-0.3709619447,1.4036366759135555e+18,-0.3056501548567967,7.479783902147457,-0.3801003462540852
1.4036366759635556e+18,-0.3229233914,7.467003681,-0.3817971461,1.4036366759635556e+18,-0.33722382800253126,7.515593452208886,-0.39372029205964554
1.4036366760135555e+18,-0.352915911,7.4991366235,-0.3942906527,1.4036366760135555e+18,-0.367819224535471,7.550769301661964,-0.40834700152043746
1.4036366760635556e+18,-0.3814426206,7.53110926,-0.4080977657,1.4036366760635556e+18,-0.39744677519879534,7.586301641547637,-0.42385242726858585
1.4036366761135555e+18,-0.4085191055,7.5628710945,-0.4234440047,1.4036366761135555e+18,-0.42553234531061346,7.621000301151991,-0.44009592449807033
1.4036366761635556e+18,-0.434551708,7.5947761883,-0.4397637325,1.4036366761635556e+18,-0.45235282812390043,7.649559383156248,-0.44805415678459914
1.4036366762135555e+18,-0.4602097095,7.6264443144,-0.4567482769,1.4036366762135555e+18,-0.4790690258906123,7.684131109625222,-0.4650527850660028
1.4036366762635556e+18,-0.4854546745,7.6578997079,-0.4748071357,1.4036366762635556e+18,-0.5057839176380474,7.718559529037629,-0.48273245186303726
1.4036366763135555e+18,-0.5114559998,7.6886814713,-0.4929900801,1.4036366763135555e+18,-0.5328894689452559,7.752359015053537,-0.5007919060009213
1.4036366763635556e+18,-0.5385531829,7.7195173985,-0.509753416,1.4036366763635556e+18,-0.5609948982874746,7.7857795976921995,-0.517144726518744
1.4036366764135555e+18,-0.5670523079,7.7495374378,-0.5247850804,1.4036366764135555e+18,-0.5920772030006045,7.819611675435462,-0.5317301267010607
1.4036366764635556e+18,-0.5975682929,7.7784160609,-0.537112776,1.4036366764635556e+18,-0.6237907578582647,7.851372994982363,-0.5445640906118755
1.4036366765135555e+18,-0.6293955828,7.805106715,-0.5476676273,1.4036366765135555e+18,-0.6574107592025475,7.874601713714252,-0.547733434869122
1.4036366765635556e+18,-0.6636156717,7.8316904353,-0.5556974552,1.4036366765635556e+18,-0.692431678255284,7.903772614783913,-0.5571960616924135
1.4036366766135555e+18,-0.6995100423,7.8583591988,-0.5612865226,1.4036366766135555e+18,-0.7291660291831379,7.932668397070005,-0.5642045107725661
1.4036366766635556e+18,-0.7366736706,7.8854813904,-0.5645180351,1.4036366766635556e+18,-0.7670285861067265,7.961085969266424,-0.568570841928905
1.4036366767135555e+18,-0.7743899378,7.9124465008,-0.5659638649,1.4036366767135555e+18,-0.8044931617579296,7.9913998803534,-0.5714265232791454
1.4036366767635556e+18,-0.8124275057,7.9395348691,-0.5658056379,1.4036366767635556e+18,-0.8429364418687895,8.019907978374384,-0.5726641184451716
1.4036366768135555e+18,-0.8507275452,7.9664340409,-0.564053428,1.4036366768135555e+18,-0.8817488182744446,8.048079803198327,-0.5721694672880008
1.4036366768635556e+18,-0.8889906011,7.9930073759,-0.5601460855,1.4036366768635556e+18,-0.92272650442679,8.071303096276305,-0.5616486442706129
1.4036366769135555e+18,-0.926142792,8.0194759789,-0.5562894249,1.4036366769135555e+18,-0.9602972244464061,8.098563046760225,-0.5589237112830209
1.4036366769635556e+18,-0.9628443169,8.0457019625,-0.5538073945,1.4036366769635556e+18,-0.9971778840687628,8.12551297507764,-0.5580377318107755
1.4036366770135555e+18,-0.9989261307,8.0726005366,-0.5553844849,1.4036366770135555e+18,-1.033381433627194,8.152275475138941,-0.5604788135637085
1.4036366770635556e+18,-1.0344081613,8.1000561026,-0.5611277831,1.4036366770635556e+18,-1.0694195529615493,8.180310605492885,-0.5661693325772527
1.4036366771135555e+18,-1.0699031468,8.1279776272,-0.570558392,1.4036366771135555e+18,-1.104999496139759,8.20778727605174,-0.5760865560923459
1.4036366771635556e+18,-1.1052486579,8.1557064809,-0.5832900409,1.4036366771635556e+18,-1.1403126179639056,8.23467169258759,-0.5893996140841965
1.4036366772135555e+18,-1.1406516033,8.1830216205,-0.5978534925,1.4036366772135555e+18,-1.1754461927655901,8.260762720362708,-0.6047800337184736
1.4036366772635556e+18,-1.1764109826,8.209455069,-0.6125430499,1.4036366772635556e+18,-1.2110195466714844,8.28592055242629,-0.6201843139219955
1.4036366773135555e+18,-1.2125640529,8.2341744556,-0.6260377924,1.4036366773135555e+18,-1.246774275906608,8.309668648522056,-0.634846707006432
1.4036366773635556e+18,-1.2488761035,8.2576997012,-0.6380394045,1.4036366773635556e+18,-1.2868336149741522,8.334261283652669,-0.636740346989669
1.4036366774135555e+18,-1.2856718032,8.2792597508,-0.6469106062,1.4036366774135555e+18,-1.3235746950869833,8.355722628887467,-0.6465823305640565
1.4036366774635556e+18,-1.3221854654,8.2990719632,-0.6536051708,1.4036366774635556e+18,-1.360076692978332,8.37551307113349,-0.6538907413227492
1.4036366775135555e+18,-1.3578665614,8.3165058534,-0.6584613809,1.4036366775135555e+18,-1.395889085837699,8.393652756601352,-0.6590867505842447
1.4036366775635556e+18,-1.3926289457,8.3319249445,-0.6616589643,1.4036366775635556e+18,-1.4304649353230694,8.40895352180289,-0.6660596914680951
1.4036366776135555e+18,-1.4264848431,8.3453504848,-0.6632999743,1.4036366776135555e+18,-1.4645420392830077,8.422917863114488,-0.6690694045426681
1.4036366776635556e+18,-1.459305595,8.3572597691,-0.6631851258,1.4036366776635556e+18,-1.5021723627324386,8.435164665602498,-0.6702128104681141
1.4036366777135555e+18,-1.4907461963,8.3672571463,-0.6614468068,1.4036366777135555e+18,-1.5339937177287952,8.445903764676395,-0.6696618133238638
1.4036366777635556e+18,-1.5204717677,8.3757257913,-0.6587220875,1.4036366777635556e+18,-1.5642058501244236,8.45507957531565,-0.6679001391736007
1.4036366778135555e+18,-1.5484987263,8.3826233861,-0.6549954247,1.4036366778135555e+18,-1.5928888818941624,8.463164588430594,-0.6652388597820903
1.4036366778635556e+18,-1.5746247174,8.3885833946,-0.650753544,1.4036366778635556e+18,-1.6201903533126245,8.470359950086179,-0.6619891241989889
1.4036366779135555e+18,-1.5993814832,8.3947521025,-0.6457685405,1.4036366779135555e+18,-1.6463412682657639,8.478347006919563,-0.6572552124764134
1.4036366779635556e+18,-1.6229351854,8.4014792315,-0.6398967215,1.4036366779635556e+18,-1.6710285412367103,8.486328253740526,-0.651754847628179
1.4036366780135555e+18,-1.6451949962,8.409420695,-0.6347239997,1.4036366780135555e+18,-1.6968159224468407,8.496553602440436,-0.6476316326747055
1.4036366780635556e+18,-1.6665179454,8.4188056367,-0.6303560812,1.4036366780635556e+18,-1.7192854533001887,8.507147815257577,-0.6427497103892129
1.4036366781135555e+18,-1.6869304626,8.4296417189,-0.6277403346,1.4036366781135555e+18,-1.7407706523339606,8.518946595745392,-0.6389759683759627
1.4036366781635556e+18,-1.7066309826,8.4417269995,-0.626622609,1.4036366781635556e+18,-1.761631295895218,8.531854375288516,-0.6366803685027865
1.4036366782135555e+18,-1.7255633295,8.4545885854,-0.627377916,1.4036366782135555e+18,-1.7814599628036998,8.545296231620942,-0.6362638269093649
1.4036366782635556e+18,-1.7439498812,8.4676889619,-0.6284519387,1.4036366782635556e+18,-1.801345502647954,8.559434958253286,-0.635945877653087
1.4036366783135555e+18,-1.7619302655,8.4804984801,-0.6288052844,1.4036366783135555e+18,-1.8203870464625256,8.573127930949047,-0.6352571879454926
1.4036366783635556e+18,-1.7796874219,8.4927983658,-0.6272780886,1.4036366783635556e+18,-1.839142633704828,8.586449880147704,-0.633152166176289
1.4036366784135555e+18,-1.7970526438,8.5050121252,-0.6246693301,1.4036366784135555e+18,-1.8576734809603375,8.5995532378829,-0.6298500480584427
1.4036366784635556e+18,-1.8142358622,8.517154353,-0.6202913307,1.4036366784635556e+18,-1.8762613461162738,8.612490747474107,-0.6277822193662054
1.4036366785135555e+18,-1.8310835914,8.52910532,-0.6144325185,1.4036366785135555e+18,-1.8941761026421924,8.625248327058582,-0.6213386001707298
1.4036366785635556e+18,-1.8479280895,8.5407808741,-0.6065860936,1.4036366785635556e+18,-1.9120711496079652,8.637444888072086,-0.6130324141046833
1.4036366786135555e+18,-1.86410289,8.5519307125,-0.5972507131,1.4036366786135555e+18,-1.929420435751891,8.648997766463221,-0.6034902329065105
1.4036366786635556e+18,-1.8797390387,8.5632182285,-0.5888691219,1.4036366786635556e+18,-1.9463407804070796,8.660732901467869,-0.5943116345233742
1.4036366787135555e+18,-1.8951686907,8.5744105877,-0.5817949291,1.4036366787135555e+18,-1.965075728004047,8.67520204015061,-0.5858518097414339
1.4036366787635556e+18,-1.9104541173,8.585175603,-0.5761127777,1.4036366787635556e+18,-1.9821668387346625,8.686383133671702,-0.5785668675333576
1.4036366788135555e+18,-1.9256455081,8.5952683974,-0.5726589664,1.4036366788135555e+18,-1.9991572410758458,8.696891607200097,-0.573509615730207
1.4036366788635556e+18,-1.9409721767,8.6043836092,-0.570757377,1.4036366788635556e+18,-2.0159843450677775,8.706305161013377,-0.570549798629853
1.4036366789135555e+18,-1.9567544496,8.6121488514,-0.5705207551,1.4036366789135555e+18,-2.0339242329570393,8.713656149272925,-0.5690942737112307
1.4036366789635556e+18,-1.9725193679,8.6176329234,-0.5714749498,1.4036366789635556e+18,-2.051657923295876,8.719914203525658,-0.5705307020641618
1.4036366790135555e+18,-1.9885999905,8.6208312505,-0.5729118004,1.4036366790135555e+18,-2.0691815353959297,8.723363484221629,-0.5719125004521565
1.4036366790635556e+18,-2.0048029115,8.6216991178,-0.5753499766,1.4036366790635556e+18,-2.0868133428003492,8.724532178182585,-0.5746939646883543
1.4036366791135555e+18,-2.0209292015,8.6205166351,-0.5786951044,1.4036366791135555e+18,-2.1043219814554037,8.72366560730362,-0.5787431757535032
1.4036366791635556e+18,-2.0368278634,8.6171635541,-0.5830490783,1.4036366791635556e+18,-2.1216955879946413,8.720658675861756,-0.5840911901728542
1.4036366792135555e+18,-2.0522761074,8.6119206562,-0.5876681998,1.4036366792135555e+18,-2.138462190834746,8.715553666095666,-0.5902600295323278
1.4036366792635556e+18,-2.0670243229,8.6055380705,-0.5918207694,1.4036366792635556e+18,-2.1549115277254964,8.709483835303873,-0.5955658715846986
1.4036366793135555e+18,-2.0809386052,8.5984500062,-0.5948580727,1.4036366793135555e+18,-2.169756967306598,8.703712339055103,-0.600980420255817
1.4036366793635556e+18,-2.0939398977,8.5911829167,-0.5966528369,1.4036366793635556e+18,-2.184950346311375,8.696386313469048,-0.6030876998807143
1.4036366794135555e+18,-2.1060557014,8.5840097921,-0.5967805347,1.4036366794135555e+18,-2.1991599555801917,8.68892412416532,-0.6032339611435648
1.4036366794635556e+18,-2.1168541742,8.5770364104,-0.5949821703,1.4036366794635556e+18,-2.2121978309482397,8.681478601895353,-0.6014237004548985
1.4036366795135555e+18,-2.12671165,8.5703749245,-0.5917946228,1.4036366795135555e+18,-2.22417335428728,8.67435766585019,-0.5979051106543801
1.4036366795635556e+18,-2.135803998,8.5642140959,-0.5871898915,1.4036366795635556e+18,-2.23485717013478,8.668485771083034,-0.5918141714964927
1.4036366796135555e+18,-2.1448862669,8.5583748922,-0.5805383746,1.4036366796135555e+18,-2.245644236581696,8.662513617246143,-0.5845557665095614
1.4036366796635556e+18,-2.1523979795,8.553248561,-0.5729287809,1.4036366796635556e+18,-2.2546360019272838,8.65732028449248,-0.5762851277627535
1.4036366797135555e+18,-2.1589031502,8.5487825086,-0.5638876293,1.4036366797135555e+18,-2.2580618151677383,8.655237885482086,-0.5729152297580716
1.4036366797635556e+18,-2.1645910309,8.5452527912,-0.5532771758,1.4036366797635556e+18,-2.2648645432905257,8.651446084096097,-0.5612506637097757
1.4036366798135555e+18,-2.1699172242,8.5420102952,-0.5401771311,1.4036366798135555e+18,-2.2710493687420374,8.648101766332662,-0.5470101566138158
1.4036366798635556e+18,-2.1757797559,8.5388633398,-0.5246868521,1.4036366798635556e+18,-2.277688090765234,8.644731680090231,-0.530482769284314
1.4036366799135555e+18,-2.1813332472,8.5359968562,-0.5078764968,1.4036366799135555e+18,-2.283503696889859,8.64170676870949,-0.5124926351888152
1.4036366799635556e+18,-2.1861887931,8.5327864196,-0.4899163933,1.4036366799635556e+18,-2.2895739863345783,8.63902480600747,-0.49169869180328474
1.4036366800135555e+18,-2.1898420382,8.5295859762,-0.4709292737,1.4036366800135555e+18,-2.293781562536905,8.635468150358637,-0.4706347883410843
1.4036366800635556e+18,-2.1914470535,8.5260629832,-0.4507950811,1.4036366800635556e+18,-2.29581780211259,8.631543738067815,-0.4483863132325351
1.4036366801135555e+18,-2.1915342048,8.5215366092,-0.4306292411,1.4036366801135555e+18,-2.293645375306948,8.628921315973702,-0.4357042985355085
1.4036366801635556e+18,-2.1899764987,8.5154485753,-0.4113712519,1.4036366801635556e+18,-2.2912846188323357,8.622197148008553,-0.41582747436025824
1.4036366802135555e+18,-2.1866604584,8.5071277209,-0.3930116603,1.4036366802135555e+18,-2.2877663624491307,8.613778060526295,-0.3971704068393399
1.4036366802635556e+18,-2.1819838825,8.4970849684,-0.3757491232,1.4036366802635556e+18,-2.2823537131911094,8.60364264279575,-0.37973506835577353
1.4036366803135555e+18,-2.1756922102,8.4859768263,-0.3610628552,1.4036366803135555e+18,-2.275202176937065,8.59227519689646,-0.3645630361349136
1.4036366803635556e+18,-2.1676719091,8.4734368342,-0.3486978655,1.4036366803635556e+18,-2.2691903449265034,8.579789010999836,-0.3491939923444053
1.4036366804135555e+18,-2.1579152561,8.4590114656,-0.3378257626,1.4036366804135555e+18,-2.2591624415387166,8.564781134681997,-0.3373661964461844
1.4036366804635556e+18,-2.1468203209,8.4423528178,-0.3280180826,1.4036366804635556e+18,-2.247743635895751,8.547564766267396,-0.3269349426942306
1.4036366805135555e+18,-2.1345442918,8.4232792151,-0.3195756769,1.4036366805135555e+18,-2.235025938957082,8.527838074294882,-0.3181522045834372
1.4036366805635556e+18,-2.1210902938,8.401508613,-0.3121092308,1.4036366805635556e+18,-2.2209627374301295,8.50542163044354,-0.3108149210680863
1.4036366806135555e+18,-2.1065734864,8.3771113245,-0.3055282056,1.4036366806135555e+18,-2.2098367097907117,8.478774209193269,-0.3042555716854308
1.4036366806635556e+18,-2.0912363585,8.3506533005,-0.3003540878,1.4036366806635556e+18,-2.1938807306196857,8.45127789477401,-0.2993110319444513
1.4036366807135555e+18,-2.0748953525,8.3218136269,-0.2962178034,1.4036366807135555e+18,-2.177211398804796,8.421574602073918,-0.2958805719780674
1.4036366807635556e+18,-2.0575364112,8.2906144747,-0.2925623589,1.4036366807635556e+18,-2.159154461584265,8.389645419102973,-0.2934943404475717
1.4036366808135555e+18,-2.0396455848,8.2577642158,-0.2892844063,1.4036366808135555e+18,-2.140747265459244,8.356383596605674,-0.2915781432533707
1.4036366808635556e+18,-2.021171393,8.22374849,-0.2867392035,1.4036366808635556e+18,-2.1206526821540352,8.3203185123445,-0.29068606351971116
1.4036366809135555e+18,-2.0022544014,8.1891864247,-0.2856615449,1.4036366809135555e+18,-2.1049021654959494,8.28960394767721,-0.2908498081459644
1.4036366809635556e+18,-1.9829767328,8.1549934614,-0.287004583,1.4036366809635556e+18,-2.0852638149358436,8.254810605552318,-0.2933118019893447
1.4036366810135555e+18,-1.9645134948,8.1214722221,-0.290531914,1.4036366810135555e+18,-2.0663821912523748,8.220453287630068,-0.2972426002943015
1.4036366810635556e+18,-1.946705817,8.0885125648,-0.2957226311,1.4036366810635556e+18,-2.048236276698801,8.186812890306323,-0.3026510797200611
1.4036366811135555e+18,-1.9302818614,8.0562378057,-0.3017663776,1.4036366811135555e+18,-2.0316128221698397,8.15387281738979,-0.3084831420425166
1.4036366811635556e+18,-1.9157685823,8.0242743947,-0.3077209942,1.4036366811635556e+18,-2.0186623859303374,8.120650958915975,-0.3147543625964525
1.4036366812135555e+18,-1.9033447183,7.9924011153,-0.3136243272,1.4036366812135555e+18,-2.0067239816081104,8.090062293193128,-0.3190674557978458
1.4036366812635556e+18,-1.8922987048,7.9600813198,-0.3184351089,1.4036366812635556e+18,-1.9952588663288884,8.057176212495486,-0.32344266133271826
1.4036366813135555e+18,-1.8815465977,7.9270513142,-0.3218683907,1.4036366813135555e+18,-1.9840658617856564,8.023817857275837,-0.3269256612103396
1.4036366813635556e+18,-1.8716831712,7.8934648356,-0.3234506868,1.4036366813635556e+18,-1.9737057554713227,7.990056830842777,-0.3288722652508621
1.4036366814135555e+18,-1.8613173214,7.8594077728,-0.3232598979,1.4036366814135555e+18,-1.9629415631568028,7.956093773103737,-0.3293684279379102
1.4036366814635556e+18,-1.8506213842,7.8251168667,-0.3213265091,1.4036366814635556e+18,-1.9511579588614367,7.924160294564068,-0.3276417626319982
1.4036366815135555e+18,-1.8394128222,7.7907143224,-0.3181831721,1.4036366815135555e+18,-1.9404412622694567,7.894179169751325,-0.3293940972743886
1.4036366815635556e+18,-1.8278670613,7.7563033928,-0.3148054005,1.4036366815635556e+18,-1.9285722686684945,7.860198917695742,-0.3264458859308007
1.4036366816135555e+18,-1.8160117802,7.7223477341,-0.3125297391,1.4036366816135555e+18,-1.916361322910836,7.826408228512893,-0.3241864823790973
1.4036366816635556e+18,-1.8037433271,7.6882999399,-0.3112474222,1.4036366816635556e+18,-1.9037510138126619,7.792548110016305,-0.3230651721763268
1.4036366817135555e+18,-1.7910055885,7.654112983,-0.3111906155,1.4036366817135555e+18,-1.8907532747968752,7.75817703385372,-0.32300251254356993
1.4036366817635556e+18,-1.7782709907,7.6197257792,-0.3120140854,1.4036366817635556e+18,-1.876385394038481,7.724242526797262,-0.32463013348462144
1.4036366818135555e+18,-1.7649926114,7.5848593532,-0.3135362328,1.4036366818135555e+18,-1.862548847341082,7.689443452611217,-0.3263510508153037
1.4036366818635556e+18,-1.7512056347,7.5495648032,-0.3144670564,1.4036366818635556e+18,-1.848314818863689,7.65411398249082,-0.32739764162569995
1.4036366819135555e+18,-1.737019116,7.5141150578,-0.314112902,1.4036366819135555e+18,-1.8378389324198112,7.6195636701101215,-0.3251682129750372
1.4036366819635556e+18,-1.7221995482,7.4784277308,-0.3119331272,1.4036366819635556e+18,-1.8225277005384495,7.583424920449589,-0.32296425967703113
1.4036366820135555e+18,-1.7076475852,7.4424493021,-0.3078110037,1.4036366820135555e+18,-1.807807020349232,7.546762322640552,-0.3187233924782443
1.4036366820635556e+18,-1.6922677646,7.4063467624,-0.3014886061,1.4036366820635556e+18,-1.7918941655461404,7.510287210478008,-0.31236666954207004
1.4036366821135555e+18,-1.6759081983,7.3705790546,-0.2934158218,1.4036366821135555e+18,-1.7752924114135373,7.473985605977262,-0.3043818122003671
1.4036366821635556e+18,-1.6586599026,7.3347612959,-0.2844611977,1.4036366821635556e+18,-1.7574294282373701,7.438732139934119,-0.29539826213909837
1.4036366822135555e+18,-1.6407683724,7.2991189153,-0.2761039089,1.4036366822135555e+18,-1.7390972292951572,7.402917613291638,-0.2869579460701409
1.4036366822635556e+18,-1.6226267377,7.2636792759,-0.2690718091,1.4036366822635556e+18,-1.720397858570938,7.367066413033534,-0.27911841692138484
1.4036366823135555e+18,-1.6042607226,7.2286133635,-0.2642563264,1.4036366823135555e+18,-1.7017661620055975,7.3317632660713965,-0.27409943572626394
1.4036366823635556e+18,-1.5864483299,7.1936534702,-0.2608018216,1.4036366823635556e+18,-1.683547394174874,7.296404572882965,-0.2706193344232538
1.4036366824135555e+18,-1.5695255535,7.1588681656,-0.2583792084,1.4036366824135555e+18,-1.666288155762996,7.261211920675981,-0.2679996484020196
1.4036366824635556e+18,-1.5536437094,7.1243544469,-0.2561688646,1.4036366824635556e+18,-1.6499050370978923,7.226540578299069,-0.26568610330048836
1.4036366825135555e+18,-1.5384011428,7.0901689618,-0.2549382346,1.4036366825135555e+18,-1.6333707774925061,7.193277342905661,-0.26459126414647216
1.4036366825635556e+18,-1.5234403394,7.0559307168,-0.2546969836,1.4036366825635556e+18,-1.6177603489484769,7.159220872343717,-0.26394261298350463
1.4036366826135555e+18,-1.5084069425,7.0214580104,-0.2556688543,1.4036366826135555e+18,-1.6022599731948626,7.124993852207892,-0.26454058194327545
1.4036366826635556e+18,-1.4932685282,6.9868803357,-0.2574758365,1.4036366826635556e+18,-1.5867174472748182,7.090604865732914,-0.26605580205274737
1.4036366827135555e+18,-1.477734993,6.9520725305,-0.2588366595,1.4036366827135555e+18,-1.5709518469724477,7.055795999050716,-0.2674602232470439
1.4036366827635556e+18,-1.4620920575,6.9174251993,-0.2589357793,1.4036366827635556e+18,-1.5520776519101194,7.015075406800655,-0.27153999730710143
1.4036366828135555e+18,-1.4459066124,6.8830812917,-0.257564899,1.4036366828135555e+18,-1.5358152870887771,6.980412109323408,-0.2701509338199529
1.4036366828635556e+18,-1.4293731473,6.8489553636,-0.2551547918,1.4036366828635556e+18,-1.519167258432641,6.945823949711569,-0.26737900458865094
1.4036366829135555e+18,-1.4121647692,6.8149342411,-0.2515453384,1.4036366829135555e+18,-1.5021003840101033,6.9115473693575495,-0.2633918326805723
1.4036366829635556e+18,-1.393939734,6.7804595431,-0.2462001019,1.4036366829635556e+18,-1.4839737055849769,6.876809922405357,-0.2576600938322705
1.4036366830135555e+18,-1.3746772654,6.7457849452,-0.2400528675,1.4036366830135555e+18,-1.4643091805548467,6.8418910891439335,-0.24999773872171926
1.4036366830635556e+18,-1.3552009752,6.7103629578,-0.2338382485,1.4036366830635556e+18,-1.4449168395662042,6.806440572830468,-0.24358092354078187
1.4036366831135555e+18,-1.3347631681,6.6743060585,-0.2292864459,1.4036366831135555e+18,-1.4249836264738098,6.770424098263343,-0.23913298730022603
1.4036366831635556e+18,-1.3137376626,6.637705989,-0.2263713416,1.4036366831635556e+18,-1.4044815956084724,6.733914954470256,-0.23634537777369136
1.4036366832135555e+18,-1.2919593156,6.6005626122,-0.2250625684,1.4036366832135555e+18,-1.3833510919215906,6.696978630781498,-0.23527027184694937
1.4036366832635556e+18,-1.2697021426,6.563090924,-0.2249258558,1.4036366832635556e+18,-1.3551489297181076,6.657995692691493,-0.23770626612705115
1.4036366833135555e+18,-1.2467812352,6.525144823,-0.2260035396,1.4036366833135555e+18,-1.3332093045534403,6.620991044531818,-0.23903315107199685
1.4036366833635556e+18,-1.2235257108,6.4871560269,-0.2282128934,1.4036366833635556e+18,-1.3105133118575898,6.583740776597786,-0.24161491838577331
1.4036366834135555e+18,-1.1999062247,6.4494169809,-0.2316589285,1.4036366834135555e+18,-1.2872522984242538,6.546963311599857,-0.24501773909513502
1.4036366834635556e+18,-1.1761258642,6.411606941,-0.2361539176,1.4036366834635556e+18,-1.2645127540442358,6.509853201956153,-0.24978921911254137
1.4036366835135555e+18,-1.1521902307,6.3743032599,-0.241738722,1.4036366835135555e+18,-1.242622566949934,6.472034060639469,-0.2558960654269583
1.4036366835635556e+18,-1.128075596,6.337146905,-0.2479972072,1.4036366835635556e+18,-1.2197051033661443,6.435358189794977,-0.2621770567406546
1.4036366836135555e+18,-1.1034627258,6.3004561103,-0.2555213686,1.4036366836135555e+18,-1.1963801062719757,6.398926521666937,-0.2696125924834051
1.4036366836635556e+18,-1.078572444,6.2641475406,-0.2639040642,1.4036366836635556e+18,-1.1626535671675367,6.363681883574307,-0.28005045234562076
1.4036366837135555e+18,-1.0535013768,6.2282602614,-0.2723424674,1.4036366837135555e+18,-1.138865159807084,6.327561841015767,-0.2883266828747276
1.4036366837635556e+18,-1.0284495983,6.1925297151,-0.2794209501,1.4036366837635556e+18,-1.1151809223590652,6.291418721295019,-0.2954531006420441
1.4036366838135555e+18,-1.0033769235,6.1573120465,-0.2851032177,1.4036366838135555e+18,-1.0913310746125768,6.255466086445601,-0.3009710305740606
1.4036366838635556e+18,-0.9780488648,6.1222568694,-0.2886246262,1.4036366838635556e+18,-1.0673731753380151,6.220074997570007,-0.30466266012040955
1.4036366839135555e+18,-0.9538593025,6.0876845267,-0.2913929992,1.4036366839135555e+18,-1.0461607289490695,6.185477831141663,-0.30548824240663797
1.4036366839635556e+18,-0.9306017024,6.0529953763,-0.2914949678,1.4036366839635556e+18,-1.024862102190788,6.1505653233002295,-0.30511991942036654
1.4036366840135555e+18,-0.9080895244,6.0186485018,-0.2891212384,1.4036366840135555e+18,-0.9924429979454592,6.117578174542302,-0.30481409748280985
1.4036366840635556e+18,-0.8867669458,5.9845248532,-0.2844457432,1.4036366840635556e+18,-0.9725755027130143,6.0832087444827065,-0.2997435431855878
1.4036366841135555e+18,-0.8644527246,5.9508562238,-0.2779619075,1.4036366841135555e+18,-0.9517638775626951,6.049207752324295,-0.292684930456803
1.4036366841635556e+18,-0.8422622827,5.9173008033,-0.2704336647,1.4036366841635556e+18,-0.9305952023302595,6.015434616253774,-0.28469496572472697
1.4036366842135555e+18,-0.8200323092,5.8839141164,-0.2608164104,1.4036366842135555e+18,-0.9092888575709388,5.982114431353102,-0.27481154837131816
1.4036366842635556e+18,-0.7980004133,5.8506041519,-0.2498382849,1.4036366842635556e+18,-0.8936990062069947,5.949749831351782,-0.26208746587562437
1.4036366843135555e+18,-0.7759393568,5.817749116,-0.2390442926,1.4036366843135555e+18,-0.8736537462414073,5.91716620679799,-0.25062778858294343
1.4036366843635556e+18,-0.7535268672,5.7854121009,-0.2296304536,1.4036366843635556e+18,-0.853071397486393,5.884933404957275,-0.2406629543288029
1.4036366844135555e+18,-0.730963189,5.7536175398,-0.222048296,1.4036366844135555e+18,-0.8194499755681424,5.8517826360230725,-0.23549162551697644
1.4036366844635556e+18,-0.708176038,5.7222485585,-0.2162809543,1.4036366844635556e+18,-0.7981758852290719,5.820209129056955,-0.2293315243168218
1.4036366845135555e+18,-0.6850946452,5.6910823629,-0.2118716614,1.4036366845135555e+18,-0.7764926254208904,5.789038849484934,-0.22486455161509433
1.4036366845635556e+18,-0.6620649587,5.6607920081,-0.2088938155,1.4036366845635556e+18,-0.754396368766959,5.758599520873036,-0.22145015718978456
1.4036366846135555e+18,-0.638502408,5.631038328,-0.2074979233,1.4036366846135555e+18,-0.7314547803067457,5.7288873965935485,-0.21992204932990267
1.4036366846635556e+18,-0.6146670463,5.6020853385,-0.2077303627,1.4036366846635556e+18,-0.7042916482288444,5.7013755969640885,-0.22054642816925074
1.4036366847135555e+18,-0.5905734237,5.573906514,-0.2093614768,1.4036366847135555e+18,-0.6801065525631049,5.67352867016066,-0.22206141625105735
1.4036366847635556e+18,-0.565914139,5.5466781337,-0.2127269423,1.4036366847635556e+18,-0.6553292991554303,5.6464856035917315,-0.22522879136204843
1.4036366848135555e+18,-0.5407239528,5.520270597,-0.2176365493,1.4036366848135555e+18,-0.629975790246573,5.620382382534452,-0.23012673587602872
1.4036366848635556e+18,-0.5148200495,5.4949114134,-0.2245061248,1.4036366848635556e+18,-0.6038767008448644,5.595172101110195,-0.2368833571324952
1.4036366849135555e+18,-0.4884852606,5.4704824579,-0.2322345888,1.4036366849135555e+18,-0.579242765762241,5.562407652226053,-0.24252306797305223
1.4036366849635556e+18,-0.4614716496,5.4467604804,-0.2401005234,1.4036366849635556e+18,-0.5518100792419824,5.538703736190746,-0.2496083183726704
1.4036366850135555e+18,-0.4337393855,5.4234470489,-0.2468535409,1.4036366850135555e+18,-0.5235077418615335,5.515631181867798,-0.25627732482546095
1.4036366850635556e+18,-0.4062388325,5.4000178207,-0.2518426283,1.4036366850635556e+18,-0.49597762522204025,5.492108023226855,-0.2609053369938382
1.4036366851135555e+18,-0.3781959822,5.3762121903,-0.254087987,1.4036366851135555e+18,-0.46730754148390563,5.468893832687206,-0.26348655098302076
1.4036366851635556e+18,-0.3494897613,5.3524410515,-0.2545812962,1.4036366851635556e+18,-0.4362415740964023,5.44679960637391,-0.26413281841616854
1.4036366852135555e+18,-0.3199835006,5.3291472043,-0.2540157137,1.4036366852135555e+18,-0.4056756062280744,5.424013785698983,-0.26349023567276253
1.4036366852635556e+18,-0.2902366187,5.3056645345,-0.2523179234,1.4036366852635556e+18,-0.37482033787895475,5.400996348518669,-0.2617223624548971
1.4036366853135555e+18,-0.260949833,5.28167742,-0.248606434,1.4036366853135555e+18,-0.34439695540129467,5.3773750076636535,-0.2580362978227325
1.4036366853635556e+18,-0.231608477,5.2570772729,-0.2435745066,1.4036366853635556e+18,-0.31980166198739113,5.3467613678888375,-0.2467111034827575
1.4036366854135555e+18,-0.2025681857,5.231960692,-0.238499895,1.4036366854135555e+18,-0.2896297690097951,5.3222184433811055,-0.24206335991849925
1.4036366854635556e+18,-0.1733442814,5.2062910852,-0.2345987346,1.4036366854635556e+18,-0.259752567065755,5.29669986388758,-0.23879222758912444
1.4036366855135555e+18,-0.1443248375,5.1802484665,-0.2321393162,1.4036366855135555e+18,-0.22983457331983548,5.271070855375012,-0.2370634205902672
1.4036366855635556e+18,-0.1151859389,5.1540994378,-0.2315533976,1.4036366855635556e+18,-0.19999672339231722,5.244985493834441,-0.23707943888060423
1.4036366856135555e+18,-0.0861546711,5.1274845068,-0.2321706119,1.4036366856135555e+18,-0.16909127788264033,5.217028170902212,-0.23865127476308745
1.4036366856635556e+18,-0.0572206585,5.1009725763,-0.2344835794,1.4036366856635556e+18,-0.13908900201895502,5.1900487429731985,-0.24136684795434948
1.4036366857135555e+18,-0.0281611169,5.0743211802,-0.2383367434,1.4036366857135555e+18,-0.10912462790755395,5.162827327368065,-0.24562080794312446
1.4036366857635556e+18,0.0007815645,5.0472844815,-0.2435206242,1.4036366857635556e+18,-0.07938005487719568,5.135192561736243,-0.2511218524645632
1.4036366858135555e+18,0.0294616413,5.020041562,-0.2497551414,1.4036366858135555e+18,-0.04930309275168554,5.108108778964141,-0.25464257455251904
1.4036366858635556e+18,0.0583224696,4.9925515658,-0.2570717693,1.4036366858635556e+18,-0.02009644622849116,5.079875382860067,-0.2619323587551209
1.4036366859135555e+18,0.0874473034,4.9641715773,-0.2651390077,1.4036366859135555e+18,0.00939010404761742,5.050855501875924,-0.2703524260882436
1.4036366859635556e+18,0.1169832412,4.9351884848,-0.2738550005,1.4036366859635556e+18,0.03912065886944038,5.0217949587305935,-0.2794464083869873
1.4036366860135555e+18,0.1468151775,4.9060391733,-0.2822620735,1.4036366860135555e+18,0.07113731683337932,4.992073378991875,-0.2887914928660439
1.4036366860635556e+18,0.1769898246,4.8766162919,-0.2891591583,1.4036366860635556e+18,0.1019422086754016,4.96243461120307,-0.2963362040003067
1.4036366861135555e+18,0.2065941531,4.84721711,-0.2940515181,1.4036366861135555e+18,0.1322095943383328,4.932830988113563,-0.3017081667383169
1.4036366861635556e+18,0.2352008455,4.8180016715,-0.2964852928,1.4036366861635556e+18,0.1563136606362141,4.906868688318481,-0.30330263449331996
1.4036366862135555e+18,0.2638533856,4.7890713729,-0.2976553404,1.4036366862135555e+18,0.1854461783385526,4.877924178983821,-0.30462997565793104
1.4036366862635556e+18,0.2921594092,4.7603492262,-0.2974484681,1.4036366862635556e+18,0.21420267310520114,4.849150891188222,-0.3045820510182923
1.4036366863135555e+18,0.3199978939,4.7319332972,-0.2954193013,1.4036366863135555e+18,0.24186261214837668,4.819738428028334,-0.30325184203606736
1.4036366863635556e+18,0.3472938398,4.703834352,-0.2916338076,1.4036366863635556e+18,0.2693069269193442,4.791274836257338,-0.2998140346504522
1.4036366864135555e+18,0.373914622,4.6763056806,-0.2873536734,1.4036366864135555e+18,0.29607492766902066,4.763323919924304,-0.2956749416415375
1.4036366864635556e+18,0.4002154987,4.6491645564,-0.2840224561,1.4036366864635556e+18,0.3224612850317383,4.7357413860097175,-0.2925813270320575
1.4036366865135555e+18,0.4260633472,4.622574439,-0.2822507655,1.4036366865135555e+18,0.34841778510785026,4.708628786661569,-0.29110254778851397
1.4036366865635556e+18,0.4509585347,4.5964187207,-0.2817875601,1.4036366865635556e+18,0.3713734174026353,4.686996539153792,-0.29064126442655136
1.4036366866135555e+18,0.4754168606,4.5707330962,-0.2833864969,1.4036366866135555e+18,0.39600835356672004,4.660545709761804,-0.2919293746829007
1.4036366866635556e+18,0.4992214492,4.5450339032,-0.2864220255,1.4036366866635556e+18,0.4199056356699389,4.634411145220483,-0.29471487319215195
1.4036366867135555e+18,0.5222865941,4.5192207542,-0.2903815341,1.4036366867135555e+18,0.44299690183944307,4.608087744628716,-0.2984929568727933
1.4036366867635556e+18,0.5445768209,4.4934806925,-0.2944509796,1.4036366867635556e+18,0.4653759109537692,4.582276993214439,-0.30225502756822953
1.4036366868135555e+18,0.5659836552,4.4680401337,-0.2976636865,1.4036366868135555e+18,0.4870807880743131,4.555915287751882,-0.3062399837468671
1.4036366868635556e+18,0.5869725016,4.4427665894,-0.2994394599,1.4036366868635556e+18,0.5082712157875822,4.530357132952636,-0.30780424413004404
1.4036366869135555e+18,0.6075341982,4.4179032557,-0.2993100906,1.4036366869135555e+18,0.5290289707232407,4.50523838401067,-0.307251924319217
1.4036366869635556e+18,0.6278584379,4.393471692,-0.2974534411,1.4036366869635556e+18,0.5495432237367179,4.48063106833941,-0.3049423952706082
1.4036366870135555e+18,0.6475764105,4.3693631807,-0.2940803345,1.4036366870135555e+18,0.5666625135164809,4.460421029164961,-0.3033648701047168
1.4036366870635556e+18,0.6668375491,4.3457174664,-0.2888518829,1.4036366870635556e+18,0.5860935340957898,4.4369668472990975,-0.2978895076226372
1.4036366871135555e+18,0.6860469713,4.3225876259,-0.2822276547,1.4036366871135555e+18,0.6058914490753233,4.413991542440309,-0.2907536354275705
1.4036366871635556e+18,0.7051663041,4.299792323,-0.2756075728,1.4036366871635556e+18,0.6254032570702082,4.391205988100184,-0.28384829602728956
1.4036366872135555e+18,0.7238763094,4.2775000545,-0.269505377,1.4036366872135555e+18,0.6445614173610195,4.368881060614111,-0.27739176785121733
1.4036366872635556e+18,0.7425760792,4.2557840046,-0.2649645122,1.4036366872635556e+18,0.6625388466695186,4.347606044797775,-0.2704141843989446
1.4036366873135555e+18,0.7611450031,4.2344676501,-0.2618799502,1.4036366873135555e+18,0.6813429311564421,4.326348221147013,-0.2667487945519448
1.4036366873635556e+18,0.779548992,4.2138367829,-0.260456999,1.4036366873635556e+18,0.6999521886229783,4.305664323108148,-0.26469678441669575
1.4036366874135555e+18,0.7978777046,4.1934571062,-0.2604127521,1.4036366874135555e+18,0.7232671255594179,4.283450014213628,-0.26330171887565135
1.4036366874635556e+18,0.8161104603,4.1731759306,-0.2616554412,1.4036366874635556e+18,0.7416272368859609,4.26346551048354,-0.26464390723369424
1.4036366875135555e+18,0.8343078222,4.1530508422,-0.2645089101,1.4036366875135555e+18,0.7601350983290205,4.243810902304265,-0.26778673177095136
1.4036366875635556e+18,0.8528107294,4.1331198963,-0.2692761676,1.4036366875635556e+18,0.7786826775586317,4.224122951372487,-0.2732492522232183
1.4036366876135555e+18,0.8713724083,4.1134126821,-0.2754660096,1.4036366876135555e+18,0.7972478323068257,4.20486847994959,-0.27993033231766107
1.4036366876635556e+18,0.8903380323,4.0942771347,-0.2835606718,1.4036366876635556e+18,0.8172123049049107,4.185591865358156,-0.2876337972605051
1.4036366877135555e+18,0.9094360502,4.0756577154,-0.2930256493,1.4036366877135555e+18,0.8366164171058528,4.167282236022668,-0.2977069551202244
1.4036366877635556e+18,0.9287913759,4.0574189112,-0.3045383262,1.4036366877635556e+18,0.857312292134405,4.1479629891404475,-0.30890193325355886
1.4036366878135555e+18,0.948085893,4.039831663,-0.3174589985,1.4036366878135555e+18,0.87687640303026,4.130746166107622,-0.32214796239210386
1.4036366878635556e+18,0.9674048793,4.022706515,-0.3315117129,1.4036366878635556e+18,0.896339387800118,4.113652849916464,-0.33686528365886226
1.4036366879135555e+18,0.9868370211,4.0062636886,-0.3471206128,1.4036366879135555e+18,0.9158400660385864,4.097150335608902,-0.3529444328112309
1.4036366879635556e+18,1.0063574068,3.9903255977,-0.3639356746,1.4036366879635556e+18,0.9356090551086829,4.0808156137600555,-0.36988158648256053
1.4036366880135555e+18,1.0257994046,3.9745034599,-0.3814515293,1.4036366880135555e+18,0.9561671291971461,4.065549210351773,-0.38783196468149683
1.4036366880635556e+18,1.045389152,3.9590280118,-0.3995510721,1.4036366880635556e+18,0.9754107102548999,4.050487637565273,-0.4052040956357331
1.4036366881135555e+18,1.0654617242,3.943703843,-0.416490882,1.4036366881135555e+18,0.995860713894448,4.034883952361033,-0.42221059967441954
1.4036366881635556e+18,1.0859429586,3.9281338071,-0.4316217081,1.4036366881635556e+18,1.0166658337483696,4.018969685336224,-0.4374639109628099
1.4036366882135555e+18,1.1062527125,3.912210864,-0.444852718,1.4036366882135555e+18,1.0373342607984348,4.002795441983181,-0.45088667836506147
1.4036366882635556e+18,1.1268716302,3.8959053988,-0.4562919827,1.4036366882635556e+18,1.058180486005035,3.9861913385659813,-0.4626973973941705
1.4036366883135555e+18,1.1476107548,3.8792129244,-0.4663416478,1.4036366883135555e+18,1.0798917954617968,3.9698345509444266,-0.4735494493469369
1.4036366883635556e+18,1.168591684,3.8625605765,-0.4756247783,1.4036366883635556e+18,1.0997097638372964,3.953325809567949,-0.48337354859052006
1.4036366884135555e+18,1.1896517992,3.8460671014,-0.4858090561,1.4036366884135555e+18,1.1211332476761386,3.936624851425858,-0.49365373111944677
1.4036366884635556e+18,1.2105312041,3.8300442908,-0.4968837146,1.4036366884635556e+18,1.1425463978595038,3.920359641442868,-0.504544648902716
1.4036366885135555e+18,1.231712687,3.8140117505,-0.5091952923,1.4036366885135555e+18,1.1641994043925754,3.903955785958397,-0.5164280957088973
1.4036366885635556e+18,1.2527863608,3.7980938249,-0.5225824941,1.4036366885635556e+18,1.1858272770546296,3.8877230673247025,-0.5294878706136809
1.4036366886135555e+18,1.2739698675,3.7818643359,-0.5372711466,1.4036366886135555e+18,1.2059683412688411,3.870985635352975,-0.5445898198054883
1.4036366886635556e+18,1.2950114788,3.7648122384,-0.5525300435,1.4036366886635556e+18,1.2275761764508237,3.853328337350434,-0.5596400756264267
1.4036366887135555e+18,1.3161120478,3.7470488253,-0.5685379605,1.4036366887135555e+18,1.249117579352507,3.8350110507285686,-0.5756254686791834
1.4036366887635556e+18,1.3375685108,3.7285971117,-0.5851564364,1.4036366887635556e+18,1.2709324265247606,3.8159728823854326,-0.5921493021961067
1.4036366888135555e+18,1.3589611367,3.7090113986,-0.6005248475,1.4036366888135555e+18,1.2923866458834592,3.7954342822041003,-0.607760768329355
1.4036366888635556e+18,1.3803418485,3.6886017075,-0.6145207741,1.4036366888635556e+18,1.3137639065589548,3.7742761058696637,-0.6217894827693934
1.4036366889135555e+18,1.4019749447,3.6669751958,-0.6263961827,1.4036366889135555e+18,1.3369954304384448,3.754122089302631,-0.6304524468133347
1.4036366889635556e+18,1.4234516699,3.6446539428,-0.6363600093,1.4036366889635556e+18,1.3580686852129542,3.7311526036684217,-0.6407403104467543
1.4036366890135555e+18,1.4445880474,3.6217110178,-0.6442729724,1.4036366890135555e+18,1.378893304756537,3.7074940169815775,-0.6489250417373705
1.4036366890635556e+18,1.4654857166,3.598311866,-0.6497444566,1.4036366890635556e+18,1.399452154024699,3.6834089090279374,-0.6545436792939648
1.4036366891135555e+18,1.4856228455,3.5744366635,-0.6539279368,1.4036366891135555e+18,1.419315234225357,3.6589148493207784,-0.658759304489703
1.4036366891635556e+18,1.5052284905,3.5503623765,-0.6562789595,1.4036366891635556e+18,1.4343624828627592,3.63454724401959,-0.6625843139597215
1.4036366892135555e+18,1.5244571222,3.5263780405,-0.6567816405,1.4036366892135555e+18,1.4535178681198433,3.6101420212340045,-0.6627488111123668
1.4036366892635556e+18,1.5430858975,3.5025119158,-0.6553743848,1.4036366892635556e+18,1.4722910605621866,3.585914636181789,-0.6611573894444353
1.4036366893135555e+18,1.5605173543,3.478735103,-0.6520303548,1.4036366893135555e+18,1.489820830775582,3.561976730931609,-0.6575432987002808
1.4036366893635556e+18,1.5759262058,3.4547528384,-0.6465969672,1.4036366893635556e+18,1.5068841608856238,3.538489948232243,-0.6505008544353096
1.4036366894135555e+18,1.5901217889,3.4308804718,-0.6392563511,1.4036366894135555e+18,1.5222006810337798,3.514785799082831,-0.6422967430517698
1.4036366894635556e+18,1.6036621659,3.4070678966,-0.6297648505,1.4036366894635556e+18,1.536200048521108,3.4897089068333926,-0.6352659528878043
1.4036366895135555e+18,1.6166276748,3.3834852085,-0.6182616557,1.4036366895135555e+18,1.55072988015021,3.4665336556321655,-0.6231549701293037
1.4036366895635556e+18,1.6294727133,3.3601917083,-0.6055305739,1.4036366895635556e+18,1.5649390833539378,3.4435710276035145,-0.6099169586737895
1.4036366896135555e+18,1.642417411,3.3374621018,-0.5913153111,1.4036366896135555e+18,1.5789749787970608,3.4212389790848263,-0.595299721748851
1.4036366896635556e+18,1.6544924045,3.3148320397,-0.576985592,1.4036366896635556e+18,1.5942685836581996,3.4002724919911467,-0.579461205270485
1.4036366897135555e+18,1.6635062847,3.2918392252,-0.5645889532,1.4036366897135555e+18,1.5959533129556558,3.376087744433719,-0.5692495024802197
1.4036366897635556e+18,1.6723047964,3.2696244877,-0.5530446297,1.4036366897635556e+18,1.6068641511789004,3.3548475666691786,-0.5575805688011778
1.4036366898135555e+18,1.6789530882,3.2478944515,-0.5426428947,1.4036366898135555e+18,1.6155562032160797,3.333984198138423,-0.5468338186555645
1.4036366898635556e+18,1.6834994314,3.2267831078,-0.5329364998,1.4036366898635556e+18,1.6218470923205084,3.3135678026365785,-0.5367896234123885
1.4036366899135555e+18,1.6861475839,3.2063784716,-0.5237141209,1.4036366899135555e+18,1.6272849974395687,3.294126892722005,-0.5279039426727469
1.4036366899635556e+18,1.6867809657,3.1874285496,-0.51565347,1.4036366899635556e+18,1.6299287577904593,3.275754564597346,-0.519511146216913
1.4036366900135555e+18,1.6857620919,3.1702718646,-0.5091470316,1.4036366900135555e+18,1.620229601715919,3.256193719964002,-0.513898057919265
1.4036366900635556e+18,1.6832800686,3.154911178,-0.5040128696,1.4036366900635556e+18,1.6186121442204513,3.241161002413943,-0.5078466908166271
1.4036366901135555e+18,1.6794694303,3.1411853465,-0.5006610654,1.4036366901135555e+18,1.615141110604168,3.2273568762927853,-0.5032763462042013
1.4036366901635556e+18,1.6739869775,3.1287007934,-0.4977294655,1.4036366901635556e+18,1.609573137401096,3.214492772383231,-0.49924728602855495
1.4036366902135555e+18,1.6669855527,3.1169056225,-0.4936379979,1.4036366902135555e+18,1.6034625502575937,3.201986722563759,-0.49379888389040405
1.4036366902635556e+18,1.6581521747,3.1053120386,-0.4870585345,1.4036366902635556e+18,1.5946018347057818,3.190197787432033,-0.48672272279007844
1.4036366903135555e+18,1.6477125032,3.0941609059,-0.4791385911,1.4036366903135555e+18,1.583883311621201,3.178800900033899,-0.47827879582539656
1.4036366903635556e+18,1.6356560084,3.0832753261,-0.4696137028,1.4036366903635556e+18,1.5712375784023056,3.167636125565237,-0.46847376156226084
1.4036366904135555e+18,1.622613019,3.0725497271,-0.4593183186,1.4036366904135555e+18,1.5574090935761369,3.15641420199092,-0.458173186172396
1.4036366904635556e+18,1.6081973342,3.061829082,-0.4487361439,1.4036366904635556e+18,1.5422011058966913,3.1453414046302335,-0.4479227250912293
1.4036366905135555e+18,1.5927408814,3.0510881387,-0.4386273598,1.4036366905135555e+18,1.5261011016246888,3.1350588010552363,-0.43710191746505134
1.4036366905635556e+18,1.5761800104,3.040825303,-0.4298764067,1.4036366905635556e+18,1.5086927497178317,3.1244589549276327,-0.4288193253543632
1.4036366906135555e+18,1.5586505776,3.0308480109,-0.4223107191,1.4036366906135555e+18,1.4904105567273507,3.114511132888099,-0.42244379098711404
1.4036366906635556e+18,1.5398475685,3.0217621148,-0.4159908614,1.4036366906635556e+18,1.471169973668652,3.105590959666726,-0.41725402098162123
1.4036366907135555e+18,1.5198847353,3.0134512054,-0.4114611021,1.4036366907135555e+18,1.4494339925986601,3.097628250475166,-0.4159127805360493
1.4036366907635556e+18,1.4991315107,3.0065283628,-0.4108838719,1.4036366907635556e+18,1.431711270055568,3.0919107718006558,-0.4153591878333346
1.4036366908135555e+18,1.4775495138,3.0015777091,-0.4145148776,1.4036366908135555e+18,1.4096100344538254,3.087161920057727,-0.4206191238807845
1.4036366908635556e+18,1.4549955187,2.9991248718,-0.4214993567,1.4036366908635556e+18,1.3868733790706473,3.0848738143145695,-0.42885563913331237
1.4036366909135555e+18,1.4317669929,2.9993793868,-0.4302282184,1.4036366909135555e+18,1.363880172931128,3.0856367827646096,-0.43831350450853834
1.4036366909635556e+18,1.4078781302,3.0026604598,-0.4383703382,1.4036366909635556e+18,1.3386342346842577,3.0900680859216045,-0.44780422496730077
1.4036366910135555e+18,1.3832170823,3.0094513427,-0.4449660312,1.4036366910135555e+18,1.3158790339568647,3.097392598268237,-0.4566454821193152
1.4036366910635556e+18,1.3591596632,3.0204602155,-0.4495734191,1.4036366910635556e+18,1.2915692582468319,3.1090545134763836,-0.46168823462586384
1.4036366911135555e+18,1.3364396554,3.0356361982,-0.4532284917,1.4036366911135555e+18,1.2685548417095411,3.124964146504942,-0.4648456864802336
1.4036366911635556e+18,1.3151777265,3.0552783601,-0.4541423955,1.4036366911635556e+18,1.2474015517427652,3.1452261771804153,-0.46506733927452515
1.4036366912135555e+18,1.2953992085,3.0790701144,-0.4543118633,1.4036366912135555e+18,1.2270275572890839,3.169999436055509,-0.4630683438558746
1.4036366912635556e+18,1.2783248537,3.1066838702,-0.4530017437,1.4036366912635556e+18,1.2108894062565767,3.196737308357558,-0.4613127590391727
1.4036366913135555e+18,1.2649405888,3.1374114682,-0.4504492253,1.4036366913135555e+18,1.1970654069600153,3.227649166038086,-0.45678105724107676
1.4036366913635556e+18,1.2540989643,3.1700467359,-0.4460675477,1.4036366913635556e+18,1.1854700039858437,3.260523919399864,-0.4510147920784896
1.4036366914135555e+18,1.2459111814,3.2037960783,-0.4401683035,1.4036366914135555e+18,1.1762783341525633,3.294622700820314,-0.4444284511686115
1.4036366914635556e+18,1.2392166453,3.2384942316,-0.4318704322,1.4036366914635556e+18,1.172107916162,3.3308101201253146,-0.43717580864957684
1.4036366915135555e+18,1.23396462,3.2737581087,-0.4207328347,1.4036366915135555e+18,1.1655350466550929,3.3668020727662613,-0.42600706918018616
1.4036366915635556e+18,1.2293458029,3.309646018,-0.4066371372,1.4036366915635556e+18,1.1599668864704968,3.4032494116165966,-0.41177615427758496
1.4036366916135555e+18,1.226429462,3.3476641146,-0.394106449,1.4036366916135555e+18,1.1549503286008242,3.4402243955366814,-0.3951180816452776
1.4036366916635556e+18,1.2225280443,3.3852846031,-0.3773813302,1.4036366916635556e+18,1.1495880359331028,3.4780560885650953,-0.37707700874195094
1.4036366917135555e+18,1.2191774519,3.4233237793,-0.3609737491,1.4036366917135555e+18,1.1451342353376721,3.5162301575533306,-0.3594018068947381
1.4036366917635556e+18,1.2163239835,3.4609068432,-0.3450738577,1.4036366917635556e+18,1.1477670926847456,3.5565338641184887,-0.34381898634494135
1.4036366918135555e+18,1.2141845789,3.4978641725,-0.3305308882,1.4036366918135555e+18,1.1452112696536085,3.593934797162663,-0.3299851520706861
1.4036366918635556e+18,1.2128757483,3.5342549473,-0.3176511919,1.4036366918635556e+18,1.1434669385247398,3.630623368439811,-0.31792664862708786
1.4036366919135555e+18,1.2120924319,3.5704448251,-0.306319631,1.4036366919135555e+18,1.1428527007282288,3.6671379911976345,-0.30828787946522784
1.4036366919635556e+18,1.2112992802,3.6065402807,-0.295487761,1.4036366919635556e+18,1.1406791207545366,3.7034164966783525,-0.2958299974429769
1.4036366920135555e+18,1.2109486641,3.6428004371,-0.2856858016,1.4036366920135555e+18,1.1399809237114207,3.7395588494819467,-0.2869523295830697
1.4036366920635556e+18,1.2114286461,3.6792044751,-0.2766158741,1.4036366920635556e+18,1.1399693573376277,3.775869949896256,-0.2789553686939107
1.4036366921135555e+18,1.2127098601,3.7165473457,-0.2676233842,1.4036366921135555e+18,1.140805737007431,3.812382224977502,-0.27062073197454384
1.4036366921635556e+18,1.2136564699,3.7538542949,-0.2573027502,1.4036366921635556e+18,1.1416067990051655,3.849091934238311,-0.2603442071087464
1.4036366922135555e+18,1.2152367559,3.7906760427,-0.2451216169,1.4036366922135555e+18,1.1432175491021228,3.8853887937752196,-0.24862446607116284
1.4036366922635556e+18,1.217769525,3.8270556442,-0.2314657972,1.4036366922635556e+18,1.1455878811182254,3.924225545940115,-0.23337793190174672
1.4036366923135555e+18,1.2214490039,3.8628156394,-0.2145809072,1.4036366923135555e+18,1.1499356551941133,3.9600752977673963,-0.21743572115368137
1.4036366923635556e+18,1.2266720535,3.8983959439,-0.1957440596,1.4036366923635556e+18,1.1556855881746033,3.9960726698787603,-0.19968368208035903
1.4036366924135555e+18,1.2318483907,3.9338275857,-0.1759578604,1.4036366924135555e+18,1.1612492638224672,4.032141329582782,-0.1803173698899302
1.4036366924635556e+18,1.2367876183,3.9687952763,-0.1543779716,1.4036366924635556e+18,1.1656416268015057,4.0655495791500815,-0.16208941333146487
1.4036366925135555e+18,1.24211541,4.0034512368,-0.1316015605,1.4036366925135555e+18,1.171520807128628,4.100200842774657,-0.14038802836433928
1.4036366925635556e+18,1.2478665471,4.037023019,-0.1069727537,1.4036366925635556e+18,1.1773435764413982,4.134256015993603,-0.11689434844018864
1.4036366926135555e+18,1.2534928247,4.0694321403,-0.0800445558,1.4036366926135555e+18,1.1832178894955279,4.167293913610956,-0.09177461315940294
1.4036366926635556e+18,1.2599270454,4.1016880774,-0.0521052083,1.4036366926635556e+18,1.1861146913917406,4.200438438000978,-0.05331326836208605
1.4036366927135555e+18,1.2666129057,4.1340213271,-0.0252144364,1.4036366927135555e+18,1.192844504638515,4.232879588604989,-0.02728770099379485
1.4036366927635556e+18,1.2735761395,4.1664754494,-0.000133809,1.4036366927635556e+18,1.1996949979845608,4.26494939782434,-0.001945424076230995
1.4036366928135555e+18,1.2806595288,4.1980987589,0.0233416754,1.4036366928135555e+18,1.2065146158319102,4.295889900152639,0.02218702491762936
1.4036366928635556e+18,1.2876279619,4.2279514217,0.0459995191,1.4036366928635556e+18,1.2152640924360583,4.325482899910886,0.042325780835385296
1.4036366929135555e+18,1.294724349,4.2559097074,0.0677217667,1.4036366929135555e+18,1.2225387657838627,4.352854187361611,0.063246897522938
1.4036366929635556e+18,1.3016676071,4.2810399563,0.0890180102,1.4036366929635556e+18,1.2295028305857074,4.377614628791706,0.0832666501424777
1.4036366930135555e+18,1.3084110661,4.3035685283,0.1098916952,1.4036366930135555e+18,1.2360846408557546,4.399830054903133,0.10253683682497694
1.4036366930635556e+18,1.3148162916,4.3242147701,0.1299077615,1.4036366930635556e+18,1.2423785431130399,4.420009660731189,0.1212107605517635
1.4036366931135555e+18,1.3208472829,4.3430159564,0.1486801493,1.4036366931135555e+18,1.2479460753568992,4.438412188547176,0.1387903224502548
1.4036366931635556e+18,1.3269019026,4.3601838613,0.1655619466,1.4036366931635556e+18,1.2520667246682815,4.454477229958725,0.1638288927056134
1.4036366932135555e+18,1.3328702808,4.3762548392,0.1801216111,1.4036366932135555e+18,1.2572539462692136,4.47016989489029,0.17778700287378968
1.4036366932635556e+18,1.3387082082,4.3911295471,0.1930676482,1.4036366932635556e+18,1.262571818780562,4.484629762137967,0.19022649597335006
1.4036366933135555e+18,1.344366532,4.4048912453,0.2044998172,1.4036366933135555e+18,1.2675876177529037,4.49822006940637,0.2011671653278052
1.4036366933635556e+18,1.3495588662,4.417770284,0.2146686016,1.4036366933635556e+18,1.2717600726442764,4.511047753911122,0.2113607250437045
1.4036366934135555e+18,1.3539088236,4.4297531096,0.2239068239,1.4036366934135555e+18,1.275441408842597,4.521205588739155,0.21556371644306827
1.4036366934635556e+18,1.3572244883,4.4410576788,0.2321159235,1.4036366934635556e+18,1.2778818381289287,4.5320517203096395,0.22290904939809797
1.4036366935135555e+18,1.3593233519,4.4519523736,0.2393373741,1.4036366935135555e+18,1.279223218386286,4.542658044868484,0.22940495848764686
1.4036366935635556e+18,1.359840163,4.4623545115,0.2454605106,1.4036366935635556e+18,1.2790817942393562,4.552725277417728,0.23536838574773167
1.4036366936135555e+18,1.358409547,4.4720022272,0.2510481848,1.4036366936135555e+18,1.277160268907675,4.562304655044518,0.241064891606925
1.4036366936635556e+18,1.3546158841,4.4811647416,0.256228415,1.4036366936635556e+18,1.2766043239328733,4.5758960277261735,0.2518544682240297
1.4036366937135555e+18,1.3483167907,4.4892553472,0.2614207807,1.4036366937135555e+18,1.2703535788215943,4.584110359069819,0.25740895127092933
1.4036366937635556e+18,1.3395640374,4.4966373151,0.2664201554,1.4036366937635556e+18,1.2616235920234415,4.5918074196925165,0.2629706410744118
1.4036366938135555e+18,1.3290166447,4.503567511,0.2705721448,1.4036366938135555e+18,1.2512351377907671,4.598963327625973,0.26781196354748726
1.4036366938635556e+18,1.3166470203,4.5099653381,0.2743633515,1.4036366938635556e+18,1.237346832718261,4.605904583801593,0.2703939609109042
1.4036366939135555e+18,1.3030314524,4.5155826397,0.277769124,1.4036366939135555e+18,1.2234549716515795,4.612111852810668,0.27361445865378375
1.4036366939635556e+18,1.2882755706,4.5209892626,0.2800207879,1.4036366939635556e+18,1.2085646450386376,4.61783754706894,0.2760636176696051
1.4036366940135555e+18,1.2730394282,4.5256822863,0.281820922,1.4036366940135555e+18,1.1966680335211954,4.6218792802468265,0.2774977887085256
1.4036366940635556e+18,1.2578102468,4.5304664672,0.2824028736,1.4036366940635556e+18,1.1812192857828245,4.627061185633195,0.2781600157315457
1.4036366941135555e+18,1.2433203182,4.5353526517,0.2823353898,1.4036366941135555e+18,1.1668092966905368,4.632240108319612,0.2780392918486462
1.4036366941635556e+18,1.2291570027,4.5402748149,0.2831717484,1.4036366941635556e+18,1.1526810006109702,4.637394892890441,0.2788633148197489
1.4036366942135555e+18,1.215881975,4.5454319833,0.2856973818,1.4036366942135555e+18,1.1382546397672586,4.643708341513475,0.2815816055621513
1.4036366942635556e+18,1.2032128793,4.5507580174,0.2886738908,1.4036366942635556e+18,1.1251701922011232,4.649443480426038,0.2847183861902455
1.4036366943135555e+18,1.1908952312,4.5557423432,0.2937092246,1.4036366943135555e+18,1.1121868207675152,4.654916287948862,0.28963067770395445
1.4036366943635556e+18,1.1794311253,4.5608139051,0.3000131203,1.4036366943635556e+18,1.1001691136039775,4.66050774558372,0.2956846653534183
1.4036366944135555e+18,1.1682797448,4.5659351969,0.3061866012,1.4036366944135555e+18,1.088259279409721,4.66603668771098,0.3017319428528046
1.4036366944635556e+18,1.1571774684,4.5711643974,0.3120169176,1.4036366944635556e+18,1.0766455076723949,4.671446953325583,0.3076037652760367
1.4036366945135555e+18,1.1459030325,4.5762987351,0.3169402758,1.4036366945135555e+18,1.068967787263802,4.672948230074935,0.31284955843306916
1.4036366945635556e+18,1.1345721769,4.5811852219,0.3205294765,1.4036366945635556e+18,1.0573807839004532,4.677675010479247,0.3162009147225656
1.4036366946135555e+18,1.1232774493,4.5860632181,0.3227155913,1.4036366946135555e+18,1.0454966640520054,4.682306655393028,0.31843969162820607
1.4036366946635556e+18,1.1116616321,4.590703012,0.3231450966,1.4036366946635556e+18,1.0336543583329925,4.686860625285834,0.31866362013863914
1.4036366947135555e+18,1.0999534794,4.59517597,0.3223985956,1.4036366947135555e+18,1.0215420678512888,4.6930254773523306,0.31729014997450633
1.4036366947635556e+18,1.0883802714,4.5991893788,0.3208687207,1.4036366947635556e+18,1.0098519374464097,4.697440362597033,0.31520368711182456
1.4036366948135555e+18,1.0770227336,4.6033229493,0.3177346606,1.4036366948135555e+18,0.9984911030050103,4.701832948431414,0.3118102786159097
1.4036366948635556e+18,1.0661991648,4.60689654,0.313352111,1.4036366948635556e+18,0.9875100897698683,4.705981093849943,0.306337751067182
1.4036366949135555e+18,1.0552097096,4.610968813,0.3076007212,1.4036366949135555e+18,0.9764723637231354,4.710543148167215,0.29974437966507106
1.4036366949635556e+18,1.0443067872,4.6154985563,0.3013781489,1.4036366949635556e+18,0.9655118880625277,4.715681265492126,0.29275816699067103
1.4036366950135555e+18,1.0333775755,4.6210224963,0.2943688416,1.4036366950135555e+18,0.955961390924033,4.718844451777187,0.2863902334139682
1.4036366950635556e+18,1.0220297286,4.6275350881,0.2871806293,1.4036366950635556e+18,0.9446044845774644,4.725542190023917,0.27968248857872224
1.4036366951135555e+18,1.0108283118,4.6350418853,0.2815479222,1.4036366951135555e+18,0.9335692121060593,4.733104636994158,0.27504692711287737
1.4036366951635556e+18,0.9995526052,4.6429750256,0.2776419223,1.4036366951635556e+18,0.9225654726330479,4.740834954919745,0.27185262360760476
1.4036366952135555e+18,0.9876473458,4.6513366581,0.2757127628,1.4036366952135555e+18,0.9130767970153406,4.750396204939281,0.2690829359718351
1.4036366952635556e+18,0.9757714898,4.6600133989,0.2756869153,1.4036366952635556e+18,0.9021759798487738,4.759413335934996,0.26963522352609826
1.4036366953135555e+18,0.9643806437,4.668920014,0.2776944587,1.4036366953135555e+18,0.8917258744016476,4.768706042063607,0.272201396040623
1.4036366953635556e+18,0.9528354719,4.6777322716,0.2816100633,1.4036366953635556e+18,0.8812109469984195,4.777954762432629,0.27653003590392566
1.4036366954135555e+18,0.9417542484,4.6864775706,0.2868133805,1.4036366954135555e+18,0.8708549059864534,4.787031053046818,0.2821454050330251
1.4036366954635556e+18,0.9308809214,4.6951906829,0.292884513,1.4036366954635556e+18,0.8605346605831028,4.795928035270563,0.2886428961504365
1.4036366955135555e+18,0.920223049,4.7038518086,0.2985716985,1.4036366955135555e+18,0.8409228785207663,4.801236199116634,0.2951188198310647
1.4036366955635556e+18,0.9094431,4.7117832928,0.3039107086,1.4036366955635556e+18,0.8309257808931765,4.809194067654281,0.3006514088396929
1.4036366956135555e+18,0.899242983,4.7196352605,0.3076300004,1.4036366956135555e+18,0.8210481181240543,4.817189881277142,0.3047221540491122
1.4036366956635556e+18,0.8894337126,4.7270733893,0.3099246487,1.4036366956635556e+18,0.8119817091097454,4.824606010736223,0.30727668694783505
1.4036366957135555e+18,0.8800309746,4.7336775008,0.3111217786,1.4036366957135555e+18,0.8057973070677988,4.831740941798351,0.3088492049551109
1.4036366957635556e+18,0.8713324067,4.7395374132,0.311373572,1.4036366957635556e+18,0.7984193764268586,4.83796234252834,0.3085995697373852
1.4036366958135555e+18,0.8631407424,4.7453027606,0.310275009,1.4036366958135555e+18,0.7915031036613249,4.8439644693834465,0.30728530136300936
1.4036366958635556e+18,0.8554175583,4.7508146678,0.3081688428,1.4036366958635556e+18,0.7848207395747369,4.8498902658277565,0.3048701553408669
1.4036366959135555e+18,0.848144812,4.7560428785,0.304717799,1.4036366959135555e+18,0.7783873815150191,4.855369954922133,0.3012379426863526
1.4036366959635556e+18,0.8413586356,4.7608763299,0.3002449894,1.4036366959635556e+18,0.7721934004367101,4.860394132229043,0.2965809744623512
1.4036366960135555e+18,0.8347453336,4.7654842756,0.2948184553,1.4036366960135555e+18,0.754506829095388,4.863502204665166,0.288726572171767
1.4036366960635556e+18,0.828248446,4.7699868075,0.2882111069,1.4036366960635556e+18,0.7479150901056824,4.867905040316732,0.28223343051348115
1.4036366961135555e+18,0.8211086591,4.7742972189,0.2808767171,1.4036366961135555e+18,0.7407440283685074,4.871762726676413,0.27548748966407144
1.4036366961635556e+18,0.813729617,4.7783349347,0.2731460296,1.4036366961635556e+18,0.7332001270593631,4.8752795057175815,0.2685325802229478
1.4036366962135555e+18,0.8063520721,4.7818276917,0.2647117693,1.4036366962135555e+18,0.7254104821002167,4.878626019950148,0.2610418617332887
1.4036366962635556e+18,0.7986324654,4.7845516529,0.2563086269,1.4036366962635556e+18,0.7233654582189004,4.881382937316378,0.2520246090537005
1.4036366963135555e+18,0.7906763414,4.7861977587,0.2477634797,1.4036366963135555e+18,0.7166432119607675,4.8829999417007395,0.2437365747453616
1.4036366963635556e+18,0.7820478448,4.7870712436,0.2399401237,1.4036366963635556e+18,0.7094287888230117,4.8840231634338345,0.23612814399169368
1.4036366964135555e+18,0.7737217546,4.7871031959,0.2332192938,1.4036366964135555e+18,0.7025435013964554,4.884264109622644,0.22941820990504136
1.4036366964635556e+18,0.7662470504,4.7868681169,0.2271582859,1.4036366964635556e+18,0.6961633690080342,4.884287476771107,0.22321424237514054
1.4036366965135555e+18,0.7599216695,4.7869599045,0.2221090557,1.4036366965135555e+18,0.6780238748362439,4.883305518374232,0.21451928071917925
1.4036366965635556e+18,0.7546943322,4.7867548565,0.2187162987,1.4036366965635556e+18,0.6736999860287987,4.883502353740002,0.21100425046157045
1.4036366966135555e+18,0.7517347846,4.7868217861,0.2166596604,1.4036366966135555e+18,0.6710277415432411,4.883693615996485,0.20900726063356323
1.4036366966635556e+18,0.7497324647,4.7868969564,0.2159624325,1.4036366966635556e+18,0.6688451231585217,4.8842355154883785,0.20789484963977978
1.4036366967135555e+18,0.7484514189,4.787313912,0.2164608063,1.4036366967135555e+18,0.6672675458325532,4.884816865054187,0.20802743488855124
1.4036366967635556e+18,0.7478712757,4.7879209672,0.216347794,1.4036366967635556e+18,0.6753838743158878,4.886359949801352,0.208972584667512
1.4036366968135555e+18,0.7478359339,4.7889263452,0.2148068892,1.4036366968135555e+18,0.6770399880705056,4.887659434620261,0.2076606689250925
1.4036366968635556e+18,0.7486218769,4.7899512155,0.2122023186,1.4036366968635556e+18,0.6795398717012402,4.889039398831338,0.20486943686055847
1.4036366969135555e+18,0.7498550647,4.7910674353,0.2081617053,1.4036366969135555e+18,0.6817839345601269,4.890335806101842,0.20102053462756675
1.4036366969635556e+18,0.7514844262,4.7922540017,0.2026489359,1.4036366969635556e+18,0.6839469948029997,4.891460259348579,0.19638524897983622
1.4036366970135555e+18,0.7535534717,4.7929685144,0.1966726752,1.4036366970135555e+18,0.673217430564458,4.8881398681066175,0.19146274168407318
1.4036366970635556e+18,0.756242368,4.7929856201,0.1911065667,1.4036366970635556e+18,0.6745951181333076,4.88739204439465,0.18696766531572562
1.4036366971135555e+18,0.759849161,4.7922100358,0.1866811992,1.4036366971135555e+18,0.6769800147752227,4.886000924847828,0.18361159214912937
1.4036366971635556e+18,0.7647029128,4.789916448,0.1844070949,1.4036366971635556e+18,0.6804315789001141,4.882714468648421,0.18225156837434875
1.4036366972135555e+18,0.7702743352,4.7852666658,0.1853380157,1.4036366972135555e+18,0.6844259892774276,4.877069432622459,0.18376347907690194
1.4036366972635556e+18,0.7773420948,4.7784661995,0.1880746255,1.4036366972635556e+18,0.6991594912408727,4.870753511840542,0.18640365914619694
1.4036366973135555e+18,0.7859712156,4.7692735141,0.1928087333,1.4036366973135555e+18,0.7072858207090018,4.860990692469805,0.1908100512215224
1.4036366973635556e+18,0.795417268,4.7578363712,0.1999732135,1.4036366973635556e+18,0.7160551906176909,4.84916816179012,0.1972843365661675
1.4036366974135555e+18,0.8053029772,4.7447232229,0.2087788307,1.4036366974135555e+18,0.7247572392581225,4.835697878551702,0.20536900783571144
1.4036366974635556e+18,0.81582984,4.7305084001,0.2195158681,1.4036366974635556e+18,0.7337907826815915,4.8212398688261855,0.21541793898138584
1.4036366975135555e+18,0.8265790272,4.7155361395,0.2323939299,1.4036366975135555e+18,0.7477534167055642,4.808202933581259,0.2275138006720535
1.4036366975635556e+18,0.8370359665,4.7001443837,0.2472112648,1.4036366975635556e+18,0.7571015821161544,4.7924511090949995,0.24208075628329195
1.4036366976135555e+18,0.8470175247,4.6845750741,0.2619619314,1.4036366976135555e+18,0.7665336687479689,4.776675392183597,0.25675745011760787
1.4036366976635556e+18,0.8563599602,4.6687728069,0.2754233776,1.4036366976635556e+18,0.7756622888721534,4.760835352888806,0.26987960221393836
1.4036366977135555e+18,0.865618424,4.6525211883,0.2873647461,1.4036366977135555e+18,0.7855588947237591,4.744834395358186,0.2811660996984341
1.4036366977635556e+18,0.8748588202,4.6360977683,0.2972374082,1.4036366977635556e+18,0.7937883953527032,4.724909599479597,0.2932901995330087
1.4036366978135555e+18,0.8839199938,4.6191960958,0.3059308881,1.4036366978135555e+18,0.8032888882063056,4.707678711244929,0.3021671703624963
1.4036366978635556e+18,0.89286982,4.6015645773,0.3131287087,1.4036366978635556e+18,0.8126704794885997,4.68976737407403,0.3095179315761102
1.4036366979135555e+18,0.9019905454,4.583055709,0.3188825499,1.4036366979135555e+18,0.8341320181762328,4.676169351835085,0.3134749318733533
1.4036366979635556e+18,0.9111218287,4.5638125312,0.3234398385,1.4036366979635556e+18,0.8438904866975978,4.656643984824975,0.318174787830804
1.4036366980135555e+18,0.920303615,4.5439443026,0.326387415,1.4036366980135555e+18,0.8535119145947192,4.637010170817515,0.32109102038178616
1.4036366980635556e+18,0.9293747196,4.5235298927,0.3282552073,1.4036366980635556e+18,0.8635361529395307,4.616835667969631,0.3230289577088047
1.4036366981135555e+18,0.9386625231,4.5023412637,0.3288615312,1.4036366981135555e+18,0.8737913374158821,4.595797547445324,0.3233765688482301
1.4036366981635556e+18,0.9477096083,4.4807644173,0.3280571216,1.4036366981635556e+18,0.8798623831820112,4.572653387959843,0.3241104036832986
1.4036366982135555e+18,0.9565239363,4.4590768469,0.3260749567,1.4036366982135555e+18,0.8883548270729591,4.550759198762256,0.3224804683680934
1.4036366982635556e+18,0.965329245,4.4373172227,0.3226908771,1.4036366982635556e+18,0.8970720875829659,4.528860779956035,0.31943032768313373
1.4036366983135555e+18,0.9737880974,4.4157564604,0.3180179752,1.4036366983135555e+18,0.9056977930323287,4.507123612785958,0.3151796289691312
1.4036366983635556e+18,0.9819657296,4.3938018953,0.3127515534,1.4036366983635556e+18,0.9145348523054855,4.485377015010355,0.3101858893778192
1.4036366984135555e+18,0.9900513978,4.3717996947,0.3064877646,1.4036366984135555e+18,0.9369123600701146,4.463491938787387,0.3024216097105973
1.4036366984635556e+18,0.9980158222,4.349819084,0.2992254476,1.4036366984635556e+18,0.945963292014139,4.441713042568347,0.29514259526042974
1.4036366985135555e+18,1.0056761315,4.3276803897,0.2910960859,1.4036366985135555e+18,0.9549664879506636,4.419666681949742,0.2871830567472663
1.4036366985635556e+18,1.0127834476,4.3054349572,0.2827183834,1.4036366985635556e+18,0.9636709520980662,4.397670656313467,0.27865803058602856
1.4036366986135555e+18,1.0195764094,4.2829624929,0.2734787304,1.4036366986135555e+18,0.9719482323458299,4.375364207959859,0.26895211950586806
1.4036366986635556e+18,1.0261831247,4.260462588,0.2633027365,1.4036366986635556e+18,0.9831455960380748,4.349960449104544,0.2607484085916555
1.4036366987135555e+18,1.0323882726,4.2376281812,0.2521531109,1.4036366987135555e+18,0.9903737254783342,4.327581728289996,0.24974531976411007
1.4036366987635556e+18,1.0380682598,4.2146843405,0.2400688044,1.4036366987635556e+18,0.9971509811361869,4.30482283200757,0.23772997805994567
1.4036366988135555e+18,1.0433093219,4.1916301192,0.2269901073,1.4036366988135555e+18,1.0034975965431414,4.281933363131268,0.22472544673646155
1.4036366988635556e+18,1.0481821,4.1682798533,0.2133326002,1.4036366988635556e+18,1.0103011619938274,4.258951358069862,0.21087080721614682
1.4036366989135555e+18,1.0523492799,4.1452724122,0.2002386579,1.4036366989135555e+18,1.0209628436442864,4.232475819930327,0.1991936654355687
1.4036366989635556e+18,1.0563715927,4.1220597776,0.1889329792,1.4036366989635556e+18,1.0262756403125435,4.209360744481837,0.18766944411597064
1.4036366990135555e+18,1.0602350321,4.0988526118,0.1789958297,1.4036366990135555e+18,1.0313857586560298,4.1861583858087075,0.17758735011387794
1.4036366990635556e+18,1.0631300226,4.0759730359,0.1709765083,1.4036366990635556e+18,1.035632656263381,4.163157478222685,0.16932519596942563
1.4036366991135555e+18,1.0660208339,4.0532080492,0.1650211203,1.4036366991135555e+18,1.040959384799233,4.1391187031437555,0.16335746861412226
1.4036366991635556e+18,1.0690302099,4.0307565534,0.1610414923,1.4036366991635556e+18,1.0455671532737894,4.116179821921692,0.15871552008956236
1.4036366992135555e+18,1.0725755137,4.0091891073,0.1583687992,1.4036366992135555e+18,1.0505525356425016,4.093832655095008,0.15575075429844276
1.4036366992635556e+18,1.0761111871,3.9886513502,0.1573468044,1.4036366992635556e+18,1.0554811230409227,4.072393821301169,0.15432753006299327
1.4036366993135555e+18,1.0792608944,3.9691042908,0.1575740476,1.4036366993135555e+18,1.0599218591590525,4.051879912073961,0.15414864720286559
1.4036366993635556e+18,1.0820603867,3.9511369867,0.1596402242,1.4036366993635556e+18,1.0636563050706718,4.0330176954446575,0.1560681423936826
1.4036366994135555e+18,1.0850075625,3.9342706787,0.1627156206,1.4036366994135555e+18,1.074228536480117,4.012482095812657,0.16144188473270693
1.4036366994635556e+18,1.088064768,3.9186511897,0.1662678046,1.4036366994635556e+18,1.0783696910755207,3.996111898229917,0.1649073151206547
1.4036366995135555e+18,1.0911396163,3.9043997666,0.1693968658,1.4036366995135555e+18,1.0820692095933047,3.981161110132957,0.1678876149092935
1.4036366995635556e+18,1.0944304981,3.8914724715,0.1714890453,1.4036366995635556e+18,1.0866553734221522,3.967476653726135,0.1697517646791905
1.4036366996135555e+18,1.0979070132,3.8796940717,0.1722822374,1.4036366996135555e+18,1.0915811112471614,3.955044840466609,0.17004800258831387
1.4036366996635556e+18,1.1016194124,3.8696967818,0.1716765808,1.4036366996635556e+18,1.0936933180720039,3.9434072270894314,0.16824896597742256
1.4036366997135555e+18,1.1056541499,3.86160294,0.1699713747,1.4036366997135555e+18,1.0983353915294223,3.934322871620097,0.1662226313386551
1.4036366997635556e+18,1.1103370745,3.8550188346,0.166830315,1.4036366997635556e+18,1.103552592531789,3.926786134834761,0.16320923111986152
1.4036366998135555e+18,1.1154571924,3.8494472301,0.162391712,1.4036366998135555e+18,1.1093529789112457,3.920340217170714,0.15917108048207818
1.4036366998635556e+18,1.1207813885,3.8445863433,0.1574802881,1.4036366998635556e+18,1.1155539932598963,3.914715705293048,0.15455269050003684
1.4036366999135555e+18,1.1262365333,3.840340264,0.1525083196,1.4036366999135555e+18,1.1242883495086167,3.91073022041396,0.15020809581906291
1.4036366999635556e+18,1.1318420929,3.8364294126,0.146879793,1.4036366999635556e+18,1.1314137640933142,3.905992829752626,0.1445584998867212
1.4036367000135555e+18,1.1375024614,3.8330168797,0.1399713783,1.4036367000135555e+18,1.1384238320966347,3.901840980458899,0.13767682537229964
1.4036367000635556e+18,1.1439131091,3.8297643922,0.1320651138,1.4036367000635556e+18,1.1460887828083415,3.8979436992119485,0.12946457950044032
1.4036367001135555e+18,1.1505869423,3.8268268449,0.1234555119,1.4036367001135555e+18,1.154509974241444,3.8942584280347923,0.120725178628035
1.4036367001635556e+18,1.1579857822,3.8247173193,0.1137126599,1.4036367001635556e+18,1.1624129479633085,3.8914265609935184,0.11260353605281226
1.4036367002135555e+18,1.1651007238,3.8235705093,0.1031688137,1.4036367002135555e+18,1.1710999075876947,3.88928241584882,0.10224205196050995
1.4036367002635556e+18,1.1730759029,3.8228480613,0.0915438892,1.4036367002635556e+18,1.1806533664714438,3.8876919825234078,0.09066948816579945
1.4036367003135555e+18,1.1818149722,3.8229545591,0.0780876071,1.4036367003135555e+18,1.1909286728696906,3.886958632868832,0.07721711332603187
1.4036367003635556e+18,1.1906834771,3.8243254201,0.0631839395,1.4036367003635556e+18,1.2015813733465235,3.8874181919397177,0.061861898154794814
1.4036367004135555e+18,1.2003108699,3.826756947,0.0466027733,1.4036367004135555e+18,1.204942503185543,3.892151318495377,0.0413076130745047
1.4036367004635556e+18,1.2102576171,3.830744612,0.0289028371,1.4036367004635556e+18,1.216489724886197,3.8953886917089244,0.02354505199327772
1.4036367005135555e+18,1.2207335559,3.8354717805,0.0102018827,1.4036367005135555e+18,1.2283221727465201,3.899585547591572,0.004801686112759995
1.4036367005635556e+18,1.2317842702,3.8411162518,-0.0093812589,1.4036367005635556e+18,1.2406044980521127,3.904538462830944,-0.014666939783935296
1.4036367006135555e+18,1.2435513858,3.8475248216,-0.0291874935,1.4036367006135555e+18,1.2537932248721848,3.9101574640960104,-0.034113502887532454
1.4036367006635556e+18,1.256289762,3.8545388632,-0.0500259263,1.4036367006635556e+18,1.270756547615644,3.9120030543455266,-0.05595907346456985
1.4036367007135555e+18,1.2693717875,3.8615896644,-0.0707010084,1.4036367007135555e+18,1.2858599460391371,3.9175188303092154,-0.07670193911474221
1.4036367007635556e+18,1.2828968404,3.868224036,-0.089988214,1.4036367007635556e+18,1.3012359650682201,3.9229309764682423,-0.09581474372055998
1.4036367008135555e+18,1.2969133313,3.8744590631,-0.1076138401,1.4036367008135555e+18,1.3168413951236473,3.9281451517618313,-0.11332355774724645
1.4036367008635556e+18,1.3113852759,3.8801382822,-0.1238967043,1.4036367008635556e+18,1.326055286586299,3.934686783055037,-0.13127837023467814
1.4036367009135555e+18,1.3259136899,3.8858919615,-0.1379760782,1.4036367009135555e+18,1.3416743188053815,3.9400751539210965,-0.14469994795745977
1.4036367009635556e+18,1.3406753765,3.8913442998,-0.1502560243,1.4036367009635556e+18,1.3572034097481618,3.945077864156505,-0.15636489831010125
1.4036367010135555e+18,1.3555705038,3.8966969833,-0.1607927148,1.4036367010135555e+18,1.3726683455170412,3.95003508697481,-0.1664540429478386
1.4036367010635556e+18,1.370463481,3.9021206536,-0.1696475826,1.4036367010635556e+18,1.3880208116641763,3.955513288517042,-0.17465334029506419
1.4036367011135555e+18,1.3853031,3.9077330014,-0.1765239387,1.4036367011135555e+18,1.405395471845873,3.959644629966091,-0.18032984412650233
1.4036367011635556e+18,1.3994178208,3.9144025422,-0.1807751521,1.4036367011635556e+18,1.4202232560040642,3.966016273058436,-0.1834289878215175
1.4036367012135555e+18,1.4129383614,3.9220265976,-0.1825798861,1.4036367012135555e+18,1.4343356509415708,3.9735494387384733,-0.18413084021341952
1.4036367012635556e+18,1.4259276614,3.9303680801,-0.1816887474,1.4036367012635556e+18,1.4499569427069177,3.9789527570118324,-0.1871781253579624
1.4036367013135555e+18,1.4384495473,3.9393280929,-0.1794648028,1.4036367013135555e+18,1.4628306522719843,3.9880764591189486,-0.1838450834522981
1.4036367013635556e+18,1.4501495584,3.9490283084,-0.1757051908,1.4036367013635556e+18,1.4748982270909385,3.997873499344175,-0.1793268514252676
1.4036367014135555e+18,1.4613826584,3.9595654627,-0.1715018845,1.4036367014135555e+18,1.4861218394677644,4.008695858910758,-0.17396942177438424
1.4036367014635556e+18,1.4715294011,3.970513977,-0.1666666146,1.4036367014635556e+18,1.4966757486346611,4.0207047525332715,-0.16839006297582226
1.4036367015135555e+18,1.4811443939,3.9821707317,-0.161472813,1.4036367015135555e+18,1.5075855748985716,4.030511078629841,-0.16244392461543888
1.4036367015635556e+18,1.4903463977,3.9938456223,-0.1563711234,1.4036367015635556e+18,1.5175112907034043,4.0426136021262735,-0.1567563905779341
1.4036367016135555e+18,1.4992616009,4.0055321523,-0.1517425647,1.4036367016135555e+18,1.5270957885331016,4.055050856809374,-0.15169488024839828
1.4036367016635556e+18,1.5077434173,4.0172975769,-0.1475397644,1.4036367016635556e+18,1.5362044079384618,4.067743733638231,-0.1471081569857825
1.4036367017135555e+18,1.5162621338,4.0291034355,-0.1436509425,1.4036367017135555e+18,1.5453737943866779,4.080341420469777,-0.14315957189873452
1.4036367017635556e+18,1.5246863634,4.0411790442,-0.1406633938,1.4036367017635556e+18,1.5521186301152006,4.092185571436257,-0.1462303566775084
1.4036367018135555e+18,1.5333700641,4.0534976386,-0.1394987144,1.4036367018135555e+18,1.5615924374521315,4.104944600162498,-0.14519043976683121
1.4036367018635556e+18,1.5424744881,4.0664482146,-0.1401054115,1.4036367018635556e+18,1.5715722356958155,4.118329712178561,-0.1458121347550171
1.4036367019135555e+18,1.5515441556,4.079577162,-0.1422795899,1.4036367019135555e+18,1.5814448090375155,4.131393134029517,-0.1483736943144115
1.4036367019635556e+18,1.5607682384,4.0930670662,-0.145688806,1.4036367019635556e+18,1.5918875719605126,4.144417274437474,-0.15195659411714824
1.4036367020135555e+18,1.5701317607,4.1066640268,-0.1504314079,1.4036367020135555e+18,1.6021487276230948,4.1570633612429,-0.1566816383660007
1.4036367020635556e+18,1.5797535978,4.1201890555,-0.1564202768,1.4036367020635556e+18,1.615019598208907,4.16751772312794,-0.16124679463733427
1.4036367021135555e+18,1.5896467603,4.1341001726,-0.1640726632,1.4036367021135555e+18,1.6236695871647182,4.1769376096310475,-0.17415038437453523
1.4036367021635556e+18,1.5999687775,4.1482941545,-0.173120652,1.4036367021635556e+18,1.6355759142323572,4.189331548165164,-0.1826475692427737
1.4036367022135555e+18,1.6103483107,4.1626966979,-0.1835435969,1.4036367022135555e+18,1.647550071094872,4.201975193110246,-0.19250523702463018
1.4036367022635556e+18,1.620832188,4.1766463436,-0.1955605054,1.4036367022635556e+18,1.659278885718873,4.214372198107537,-0.2039137390842577
1.4036367023135555e+18,1.6315732985,4.1902126691,-0.2089755169,1.4036367023135555e+18,1.6714004121139174,4.226420009961453,-0.21667194294657122
1.4036367023635556e+18,1.6420714588,4.2037891011,-0.2232961675,1.4036367023635556e+18,1.6837037051182233,4.237869654415837,-0.22868149215010358
1.4036367024135555e+18,1.6524567497,4.2173089415,-0.2387705285,1.4036367024135555e+18,1.6923284695176202,4.247726990871498,-0.24899691300838478
1.4036367024635556e+18,1.6623767448,4.2308284337,-0.2552344938,1.4036367024635556e+18,1.7034060768376076,4.260576099018195,-0.26440143471555666
1.4036367025135555e+18,1.6718131424,4.2445690758,-0.2725426595,1.4036367025135555e+18,1.713892990396384,4.273815655936101,-0.2807383245637117
1.4036367025635556e+18,1.680483339,4.2581149889,-0.2911378132,1.4036367025635556e+18,1.7234405052216881,4.2873470292345415,-0.2984776999264399
1.4036367026135555e+18,1.6886325658,4.272016673,-0.3110484893,1.4036367026135555e+18,1.7321279472097122,4.301277515420551,-0.317977765080696
1.4036367026635556e+18,1.6960899045,4.2861172946,-0.3320512983,1.4036367026635556e+18,1.7399403961329218,4.3151711672396305,-0.338901580762489
1.4036367027135555e+18,1.7027649431,4.3004630249,-0.3540078311,1.4036367027135555e+18,1.742480167816863,4.328137461392592,-0.36214396592361975
1.4036367027635556e+18,1.7084170872,4.3148691045,-0.3767452541,1.4036367027635556e+18,1.748558755940269,4.343121161975573,-0.3847037102364045
1.4036367028135555e+18,1.7132872135,4.3298182144,-0.4006939626,1.4036367028135555e+18,1.7536792065530382,4.358612123953241,-0.40847293294384
1.4036367028635556e+18,1.7171080277,4.3453762894,-0.4251676026,1.4036367028635556e+18,1.7577095771394173,4.375101283413227,-0.43286438532868965
1.4036367029135555e+18,1.7197106465,4.3616785249,-0.4488332292,1.4036367029135555e+18,1.7602701007466313,4.392218916512255,-0.45670740777325813
1.4036367029635556e+18,1.7214564856,4.378941326,-0.4707861167,1.4036367029635556e+18,1.7601360412321458,4.409147383461338,-0.47887216868618665
1.4036367030135555e+18,1.7222134986,4.3971871137,-0.4906731063,1.4036367030135555e+18,1.7634089045524979,4.426709795287286,-0.4977630384260342
1.4036367030635556e+18,1.7224770528,4.4160741535,-0.5089034508,1.4036367030635556e+18,1.7630952259764894,4.445890316790724,-0.5161774704142778
1.4036367031135555e+18,1.7217910407,4.4359379286,-0.524565643,1.4036367031135555e+18,1.7619522313672227,4.466023577751288,-0.5323425252924968
1.4036367031635556e+18,1.7206876436,4.4561352793,-0.5373135583,1.4036367031635556e+18,1.760290660199959,4.486368753985678,-0.5459685277762739
1.4036367032135555e+18,1.7195306008,4.4765646928,-0.5484081291,1.4036367032135555e+18,1.7587082224856116,4.507207442713057,-0.5578889191870705
1.4036367032635556e+18,1.7184997774,4.4982229401,-0.5578523484,1.4036367032635556e+18,1.7568112265432587,4.5285648509250445,-0.5680151103589542
1.4036367033135555e+18,1.7184668191,4.5199329044,-0.5657943001,1.4036367033135555e+18,1.7559048670758477,4.550255547844597,-0.5766036651336851
1.4036367033635556e+18,1.7198255768,4.5417214792,-0.5726539918,1.4036367033635556e+18,1.7562411697820846,4.571870155197991,-0.5835512246757849
1.4036367034135555e+18,1.7227161363,4.563874872,-0.5783109721,1.4036367034135555e+18,1.7580908501699422,4.593715790100035,-0.5887305807228101
1.4036367034635556e+18,1.7269148266,4.5859264791,-0.5829020283,1.4036367034635556e+18,1.7614377753033077,4.615671564063277,-0.592516888028643
1.4036367035135555e+18,1.7316539597,4.6072559557,-0.5857747654,1.4036367035135555e+18,1.7687203035610919,4.6353826439208685,-0.5891479223733261
1.4036367035635556e+18,1.7367625542,4.6285835454,-0.5865343888,1.4036367035635556e+18,1.7733584394855062,4.656756489293632,-0.5895414987022364
1.4036367036135555e+18,1.7412244157,4.6487239857,-0.585125069,1.4036367036135555e+18,1.778207933907158,4.678266956093852,-0.5884040595013994
1.4036367036635556e+18,1.7454586713,4.6689240678,-0.5826859025,1.4036367036635556e+18,1.7830904580937594,4.699639913820153,-0.5861375248473165
1.4036367037135555e+18,1.7495216696,4.6887552568,-0.5805559135,1.4036367037135555e+18,1.7878848942821763,4.720400301562887,-0.5843280304394413
1.4036367037635556e+18,1.7531421262,4.7085462659,-0.5788326453,1.4036367037635556e+18,1.7922728033594693,4.741091445675945,-0.5831510201585356
1.4036367038135555e+18,1.7562623028,4.728160039,-0.5782886322,1.4036367038135555e+18,1.7925313304700339,4.761984413603926,-0.5855546586284123
1.4036367038635556e+18,1.7592017038,4.7477240413,-0.5788621023,1.4036367038635556e+18,1.795934944361444,4.78248692945964,-0.5874394129061812
1.4036367039135555e+18,1.7619814575,4.7671686114,-0.580560366,1.4036367039135555e+18,1.7994456450779475,4.803594703304897,-0.58582357241802
1.4036367039635556e+18,1.7650402086,4.7864882533,-0.5835478825,1.4036367039635556e+18,1.8032377190939246,4.823615321148559,-0.5898547354352531
1.4036367040135555e+18,1.7681961621,4.8053578359,-0.587367968,1.4036367040135555e+18,1.8073308465376878,4.84330973152875,-0.5949528264554066
1.4036367040635556e+18,1.7718234905,4.8240730495,-0.5923830212,1.4036367040635556e+18,1.811862583215604,4.862664459158527,-0.6008657445897659
1.4036367041135555e+18,1.7762059489,4.8426067058,-0.5992372897,1.4036367041135555e+18,1.8170336583853874,4.881940005399946,-0.6081533710644161
1.4036367041635556e+18,1.781096678,4.861189741,-0.6075658883,1.4036367041635556e+18,1.8205597021442252,4.899762069562986,-0.618098797989027
1.4036367042135555e+18,1.7863390487,4.8800118053,-0.617232746,1.4036367042135555e+18,1.826064625599411,4.918771459493129,-0.6281431393293383
1.4036367042635556e+18,1.7916952833,4.8993642541,-0.6274988316,1.4036367042635556e+18,1.8316740832980036,4.936707577852604,-0.6394964703478879
1.4036367043135555e+18,1.7970814058,4.9192641041,-0.6367977405,1.4036367043135555e+18,1.8371617318033118,4.9566249529207145,-0.6487157393147217
1.4036367043635556e+18,1.8022680079,4.9398916099,-0.6445406813,1.4036367043635556e+18,1.8423475800101774,4.977041727232958,-0.6560359951346725
1.4036367044135555e+18,1.8068224332,4.9610326605,-0.6499816307,1.4036367044135555e+18,1.8472089114491004,4.9982813840121,-0.6614236288351302
1.4036367044635556e+18,1.811383428,4.9820637617,-0.6532816871,1.4036367044635556e+18,1.8515920911468262,5.019669172367727,-0.6644168223764292
1.4036367045135555e+18,1.8153102247,5.0037249535,-0.6546410024,1.4036367045135555e+18,1.8569881972703675,5.04262910072671,-0.6665677017991304
1.4036367045635556e+18,1.8184615533,5.0258705447,-0.6539402182,1.4036367045635556e+18,1.8563063565408626,5.06463828706204,-0.6654880352597928
1.4036367046135555e+18,1.8209446931,5.048655082,-0.6528848656,1.4036367046135555e+18,1.8589802161653455,5.088029071206383,-0.6644135893990023
1.4036367046635556e+18,1.8224853087,5.0721866074,-0.6524577139,1.4036367046635556e+18,1.860530625114042,5.112253977286399,-0.6641363083825015
1.4036367047135555e+18,1.8235174042,5.0959511354,-0.6541303014,1.4036367047135555e+18,1.861342843770316,5.136896632083778,-0.6659418794060227
1.4036367047635556e+18,1.823644504,5.1204186136,-0.6571694771,1.4036367047635556e+18,1.86117270811264,5.162196188249018,-0.6693415568894131
1.4036367048135555e+18,1.8226581846,5.1459457494,-0.6619059372,1.4036367048135555e+18,1.8614808836630625,5.187366260159891,-0.6735016777521684
1.4036367048635556e+18,1.820308773,5.1724412072,-0.668296865,1.4036367048635556e+18,1.8566610359009754,5.216068636945735,-0.681369604472358
1.4036367049135555e+18,1.8168307094,5.2004013382,-0.6759035688,1.4036367049135555e+18,1.8531442261782627,5.244973994284111,-0.6891937927387791
1.4036367049635556e+18,1.8123526166,5.2300595468,-0.6849620436,1.4036367049635556e+18,1.8483258972431433,5.275502369920765,-0.6983900965207127
1.4036367050135555e+18,1.8068493573,5.2612730533,-0.6950530523,1.4036367050135555e+18,1.842232071185065,5.307312731774999,-0.7085420587250261
1.4036367050635556e+18,1.7998615361,5.2944090122,-0.7055309011,1.4036367050635556e+18,1.8344436758364484,5.341154260997042,-0.7191385196887498
1.4036367051135555e+18,1.791137148,5.3298853043,-0.7161909181,1.4036367051135555e+18,1.825748410505021,5.375707138673122,-0.7290798142567868
1.4036367051635556e+18,1.7810291267,5.3665752709,-0.7262336153,1.4036367051635556e+18,1.815177267526777,5.412421995636073,-0.7389373080898448
1.4036367052135555e+18,1.7694387856,5.40450478,-0.7352386813,1.4036367052135555e+18,1.802953644868266,5.4504531135393695,-0.7476584682350077
1.4036367052635556e+18,1.7567266869,5.443109494,-0.7427255181,1.4036367052635556e+18,1.7901940297180312,5.4888598463722245,-0.7558435683611181
1.4036367053135555e+18,1.7430650484,5.4814950704,-0.7482783575,1.4036367053135555e+18,1.775821216799125,5.527634043190354,-0.761597465948174
1.4036367053635556e+18,1.7287711548,5.5195535589,-0.7528906058,1.4036367053635556e+18,1.7609191231123353,5.566105033874501,-0.7663611122572692
1.4036367054135555e+18,1.7137014377,5.557313612,-0.7565828493,1.4036367054135555e+18,1.744792636889458,5.604685221982849,-0.7702446819675405
1.4036367054635556e+18,1.6978754133,5.5948486303,-0.7597879577,1.4036367054635556e+18,1.727999133538808,5.643268675989743,-0.7737610636585307
1.4036367055135555e+18,1.6812049702,5.632280807,-0.7638681853,1.4036367055135555e+18,1.7103290313047426,5.681570454190387,-0.7782070196700398
1.4036367055635556e+18,1.663741195,5.6697383862,-0.7692707869,1.4036367055635556e+18,1.6936757878108972,5.720391495543422,-0.7833749065850707
1.4036367056135555e+18,1.6453685778,5.7074662607,-0.7758635873,1.4036367056135555e+18,1.6733065365698052,5.7558504933432495,-0.7900067503164919
1.4036367056635556e+18,1.6263140995,5.7455783811,-0.7840694385,1.4036367056635556e+18,1.6534851049726367,5.794979119567335,-0.7986505382454859
1.4036367057135555e+18,1.606147273,5.7847276547,-0.7927361488,1.4036367057135555e+18,1.6326712056880153,5.835215483527197,-0.807941001598682
1.4036367057635556e+18,1.5850720705,5.8244868188,-0.8022298948,1.4036367057635556e+18,1.6106351322903896,5.875728466531805,-0.8180129144915192
1.4036367058135555e+18,1.5632015411,5.8644048443,-0.8114581654,1.4036367058135555e+18,1.588033368773797,5.916623226681394,-0.8279049777778339
1.4036367058635556e+18,1.5407904231,5.9048303507,-0.8197138871,1.4036367058635556e+18,1.5658741242118985,5.9591662003092845,-0.8366354202964706
1.4036367059135555e+18,1.5179941266,5.9452596779,-0.8260506285,1.4036367059135555e+18,1.5425026374006028,6.000804451584858,-0.8437820589631738
1.4036367059635556e+18,1.4949964712,5.9857926784,-0.8302874863,1.4036367059635556e+18,1.5188785178669666,6.042648844403952,-0.8487752277510058
1.4036367060135555e+18,1.4722255302,6.0256933028,-0.8321257793,1.4036367060135555e+18,1.4944839945852988,6.078990012541299,-0.853430261212062
1.4036367060635556e+18,1.4505190659,6.0649716236,-0.8321150237,1.4036367060635556e+18,1.4723310503215084,6.119774146428621,-0.8544938964378647
1.4036367061135555e+18,1.4296405008,6.1051107626,-0.8314355358,1.4036367061135555e+18,1.4509785772464046,6.161047367402828,-0.8545667907348763
1.4036367061635556e+18,1.4108036455,6.1453511115,-0.8325036839,1.4036367061635556e+18,1.431378413361533,6.202204140954404,-0.8554028477526044
1.4036367062135555e+18,1.3934802512,6.1859218476,-0.8358811358,1.4036367062135555e+18,1.4134448343510946,6.243213947349124,-0.8579312297504821
1.4036367062635556e+18,1.3771467614,6.2262961624,-0.8415152566,1.4036367062635556e+18,1.3960852193114515,6.284163929883595,-0.8628565304782182
1.4036367063135555e+18,1.3614912201,6.2662482581,-0.8492271349,1.4036367063135555e+18,1.3777960510571,6.328095004140456,-0.8667165681443715
1.4036367063635556e+18,1.3462718376,6.3058410542,-0.8591954624,1.4036367063635556e+18,1.3636095189669257,6.3618171108429955,-0.8819476981957161
1.4036367064135555e+18,1.3311552042,6.3448529001,-0.8700991464,1.4036367064135555e+18,1.3470979358165573,6.401598100347407,-0.8917356298369913
1.4036367064635556e+18,1.3158738036,6.3835920924,-0.8815041499,1.4036367064635556e+18,1.3304265840288552,6.4410150431061926,-0.9017532600015631
1.4036367065135555e+18,1.2999342256,6.4223998496,-0.8914699016,1.4036367065135555e+18,1.313456347272953,6.480346747012648,-0.9105730433777462
1.4036367065635556e+18,1.2838897051,6.4604351967,-0.899897124,1.4036367065635556e+18,1.2960162441202883,6.5185192509893355,-0.9180753898266402
1.4036367066135555e+18,1.2671243758,6.4980683319,-0.9060427161,1.4036367066135555e+18,1.2780141835178425,6.556543218206739,-0.9236588109165341
1.4036367066635556e+18,1.24991294,6.5353837477,-0.9113455724,1.4036367066635556e+18,1.2597304590026739,6.591947782600272,-0.9271159406673005
1.4036367067135555e+18,1.2313342267,6.5735526915,-0.9146960337,1.4036367067135555e+18,1.2436662106749825,6.624285661019961,-0.9344469680425428
1.4036367067635556e+18,1.2117444121,6.6114894501,-0.9153141268,1.4036367067635556e+18,1.2229461641351098,6.6625391091588,-0.9345295588046306
1.4036367068135555e+18,1.1918973112,6.6491699666,-0.9154255289,1.4036367068135555e+18,1.2017929632696047,6.70056465062099,-0.933942464391767
1.4036367068635556e+18,1.1713101704,6.686867605,-0.9146021527,1.4036367068635556e+18,1.17990460359995,6.738684398662009,-0.9326118334120589
1.4036367069135555e+18,1.1497891238,6.724643367,-0.9125260328,1.4036367069135555e+18,1.1574563456234896,6.776636597713679,-0.9303562577254322
1.4036367069635556e+18,1.127460055,6.7630907233,-0.9097878813,1.4036367069635556e+18,1.1334846495453403,6.815406317423395,-0.9263081594781158
1.4036367070135555e+18,1.1040193026,6.8016522151,-0.9059376733,1.4036367070135555e+18,1.108882144710868,6.854593137577423,-0.9223036241436467
1.4036367070635556e+18,1.0800110132,6.8403256891,-0.9020574022,1.4036367070635556e+18,1.0836966127839593,6.893625316031693,-0.9181745168547372
1.4036367071135555e+18,1.0554691156,6.8789189863,-0.8980584223,1.4036367071135555e+18,1.0580435975629219,6.932522049953457,-0.914264231444882
1.4036367071635556e+18,1.0303960904,6.9172031163,-0.8943119536,1.4036367071635556e+18,1.0364727435758296,6.966591310726843,-0.9111516368008806
1.4036367072135555e+18,1.0048589248,6.9552151246,-0.8903402552,1.4036367072135555e+18,1.0098240028285246,7.004871977785239,-0.9073121272426462
1.4036367072635556e+18,0.978696053,6.9931783531,-0.8851373541,1.4036367072635556e+18,0.9828936948995564,7.043002139948623,-0.902214593325032
1.4036367073135555e+18,0.9518769911,7.0309264465,-0.8782499974,1.4036367073135555e+18,0.9552902018183018,7.080945135643315,-0.8954394265740498
1.4036367073635556e+18,0.9240757244,7.0683419656,-0.869268944,1.4036367073635556e+18,0.9265950378770511,7.118856216012189,-0.886743005765544
1.4036367074135555e+18,0.8953743019,7.105818635,-0.8581598112,1.4036367074135555e+18,0.8970297576334652,7.156558904538816,-0.8758469936051693
1.4036367074635556e+18,0.8655567565,7.1436579175,-0.844784631,1.4036367074635556e+18,0.8654880620048564,7.195233503061782,-0.8624660134560579
1.4036367075135555e+18,0.8349640691,7.1809379096,-0.8293776594,1.4036367075135555e+18,0.8338765110498643,7.233044431513392,-0.8476367372028956
1.4036367075635556e+18,0.803376658,7.2184724795,-0.8123327701,1.4036367075635556e+18,0.8013318077199592,7.271062651002033,-0.8311810521353528
1.4036367076135555e+18,0.7711552679,7.2556961861,-0.7959595365,1.4036367076135555e+18,0.7719782816302772,7.308565938739152,-0.8152682249105055
1.4036367076635556e+18,0.738048988,7.2931935129,-0.7810065448,1.4036367076635556e+18,0.7382799994611946,7.3468178964716735,-0.8018272362625106
1.4036367077135555e+18,0.7049819733,7.3312133142,-0.7691026397,1.4036367077135555e+18,0.7046237412265177,7.3853565646798955,-0.7910045472902362
1.4036367077635556e+18,0.6718851219,7.3699197767,-0.7604122608,1.4036367077635556e+18,0.670569461158852,7.424693752745265,-0.7834581020910284
1.4036367078135555e+18,0.638702061,7.4097607978,-0.7547748678,1.4036367078135555e+18,0.6365916517898489,7.464608641464384,-0.778904240857753
1.4036367078635556e+18,0.6056446347,7.4500398901,-0.7520660051,1.4036367078635556e+18,0.6028713585960839,7.504723681160208,-0.7770876464533428
1.4036367079135555e+18,0.5730500071,7.4905963022,-0.7522115078,1.4036367079135555e+18,0.5690391198783846,7.545477261666347,-0.7782866608904463
1.4036367079635556e+18,0.5405956984,7.5316709124,-0.7550862311,1.4036367079635556e+18,0.5398111872426146,7.5848447151143095,-0.7813319781251825
1.4036367080135555e+18,0.5081558418,7.5733495297,-0.7604211504,1.4036367080135555e+18,0.5065034627037601,7.626817430015457,-0.7871800371295364
1.4036367080635556e+18,0.4759256993,7.615215778,-0.7679840237,1.4036367080635556e+18,0.4733526031149724,7.669020232999237,-0.7949703821746156
1.4036367081135555e+18,0.4437313057,7.6574015906,-0.7767780563,1.4036367081135555e+18,0.44035312557820383,7.711604596666007,-0.8039825520004905
1.4036367081635556e+18,0.4115021538,7.6996109695,-0.7868471286,1.4036367081635556e+18,0.4072689534830003,7.7542660672014225,-0.8142021585882832
1.4036367082135555e+18,0.3792022924,7.7414174567,-0.7979767974,1.4036367082135555e+18,0.37391547863606167,7.796570058045294,-0.8263639853157104
1.4036367082635556e+18,0.3469434442,7.7828174953,-0.8099879724,1.4036367082635556e+18,0.34495445733037133,7.834538793672415,-0.837169244084348
1.4036367083135555e+18,0.3148760485,7.824080461,-0.8224172496,1.4036367083135555e+18,0.31227321853166057,7.8765206818324796,-0.8510908041238653
1.4036367083635556e+18,0.2835554109,7.8643980045,-0.8348923262,1.4036367083635556e+18,0.28028609806193483,7.918479212537097,-0.865138135652067
1.4036367084135555e+18,0.2537191945,7.9048929139,-0.8464947137,1.4036367084135555e+18,0.24994309722460617,7.9601163376205974,-0.8779178907242179
1.4036367084635556e+18,0.2251386078,7.9462443387,-0.8569848869,1.4036367084635556e+18,0.22063122380210043,8.003086815812694,-0.8891761219934541
1.4036367085135555e+18,0.198058585,7.9889574303,-0.8655207782,1.4036367085135555e+18,0.1928909727902104,8.047807090346378,-0.8984384403156532
1.4036367085635556e+18,0.172779415,8.0322633491,-0.8726010976,1.4036367085635556e+18,0.16966985286253955,8.085098886696144,-0.9017142419734486
1.4036367086135555e+18,0.1497950082,8.0757992732,-0.8786242967,1.4036367086135555e+18,0.14535673091603218,8.129926120527363,-0.9071256892190499
1.4036367086635556e+18,0.1284941669,8.1191481255,-0.8854620508,1.4036367086635556e+18,0.12287463489678974,8.17425777735021,-0.9131766253345343
1.4036367087135555e+18,0.1084186032,8.1622908974,-0.8930087862,1.4036367087135555e+18,0.10141511000599746,8.218202875258184,-0.9197459190457841
1.4036367087635556e+18,0.0890995699,8.2048677017,-0.902003711,1.4036367087635556e+18,0.08091416823187725,8.261266682976725,-0.9278499839236541
1.4036367088135555e+18,0.0702433234,8.2467257488,-0.9119642889,1.4036367088135555e+18,0.06188355007785251,8.304660519788762,-0.93519088248033
1.4036367088635556e+18,0.0512961292,8.2871294525,-0.9228834933,1.4036367088635556e+18,0.041323338849268865,8.339206572040172,-0.9419908957497237
1.4036367089135555e+18,0.0322231949,8.3265668455,-0.9330545158,1.4036367089135555e+18,0.021342024592601483,8.379217873881611,-0.9520375554298975
1.4036367089635556e+18,0.0130170232,8.3645183584,-0.9421307969,1.4036367089635556e+18,0.0013497909532267371,8.41758436423802,-0.9610953005306108
1.4036367090135555e+18,-0.0067319939,8.40081648,-0.9486713028,1.4036367090135555e+18,-0.019159010519275377,8.454123125589778,-0.9681634407331244
1.4036367090635556e+18,-0.026247366,8.4353254505,-0.9539041165,1.4036367090635556e+18,-0.03956060135340067,8.4885309115414,-0.973508415986961
1.4036367091135555e+18,-0.0463237504,8.4679283239,-0.9573066848,1.4036367091135555e+18,-0.05959543625327601,8.519433816080928,-0.9770097551402729
1.4036367091635556e+18,-0.0666865868,8.4989391727,-0.9590188908,1.4036367091635556e+18,-0.08081421360679375,8.550191265182095,-0.9791707549151473
1.4036367092135555e+18,-0.0873373853,8.5278059745,-0.9588837528,1.4036367092135555e+18,-0.11278606540567626,8.58412383592413,-0.9733686890279717
1.4036367092635556e+18,-0.1081781438,8.5551233368,-0.9577030954,1.4036367092635556e+18,-0.1343534648433522,8.611126678616742,-0.9726402121179539
1.4036367093135555e+18,-0.1297923292,8.5809884801,-0.9547333274,1.4036367093135555e+18,-0.15664020123212996,8.636737929122681,-0.9706118131812113
1.4036367093635556e+18,-0.1519925241,8.6057290555,-0.9519213732,1.4036367093635556e+18,-0.17958564540091704,8.66121205692932,-0.9686593106453311
1.4036367094135555e+18,-0.17451901,8.6296207303,-0.9502673818,1.4036367094135555e+18,-0.20295889913634735,8.684623424892841,-0.9676214926378423
1.4036367094635556e+18,-0.1980334941,8.6525421233,-0.950136185,1.4036367094635556e+18,-0.2269981672957906,8.706546007518877,-0.9684033208485768
1.4036367095135555e+18,-0.222035207,8.6746878258,-0.9523484999,1.4036367095135555e+18,-0.2529848833654649,8.727229369995202,-0.9743463683894337
1.4036367095635556e+18,-0.2469285333,8.6956978068,-0.9561257976,1.4036367095635556e+18,-0.2785315426727957,8.747096673114921,-0.9796256189736682
1.4036367096135555e+18,-0.2725472974,8.716046481,-0.9612511236,1.4036367096135555e+18,-0.3045638085640592,8.766165877902358,-0.9862439505893262
1.4036367096635556e+18,-0.2989717241,8.7357949437,-0.9675316305,1.4036367096635556e+18,-0.3336021405203784,8.795000214350047,-0.9814684242718786
1.4036367097135555e+18,-0.3262759332,8.7552043236,-0.974127759,1.4036367097135555e+18,-0.36134079853939394,8.813081544831167,-0.9891554102407015
1.4036367097635556e+18,-0.3547182955,8.7736950856,-0.9807805967,1.4036367097635556e+18,-0.3902711490598252,8.83022918596545,-0.9970656839372894
1.4036367098135555e+18,-0.3837861099,8.791508434,-0.9872602048,1.4036367098135555e+18,-0.4195088563875773,8.8466467410158,-1.0041284351752746
1.4036367098635556e+18,-0.414128713,8.80868191,-0.9922827298,1.4036367098635556e+18,-0.4498226164413035,8.862479790521606,-1.009834521505459
1.4036367099135555e+18,-0.4451997785,8.8256337837,-0.9956028913,1.4036367099135555e+18,-0.48117581203177195,8.878320899328155,-1.0130477949862775
1.4036367099635556e+18,-0.4770589551,8.8416420442,-0.9972248102,1.4036367099635556e+18,-0.5126573501223923,8.88907014781734,-1.0185700389988686
1.4036367100135555e+18,-0.5096959416,8.8568914114,-0.9973144727,1.4036367100135555e+18,-0.5489813829415269,8.918698203543503,-1.0142444159050266
1.4036367100635556e+18,-0.5428766464,8.8713178052,-0.9964362166,1.4036367100635556e+18,-0.5818211003809823,8.930834261875539,-1.014048773056
1.4036367101135555e+18,-0.5770788349,8.8854608606,-0.9958336764,1.4036367101135555e+18,-0.6155921147750627,8.942509425544776,-1.0140292354810398
1.4036367101635556e+18,-0.6119402267,8.8989324274,-0.9969214348,1.4036367101635556e+18,-0.649897095468325,8.95361557504828,-1.0156110425324938
1.4036367102135555e+18,-0.6475389065,8.9119016367,-1.0000627611,1.4036367102135555e+18,-0.6851732065323306,8.964544669852206,-1.019099378632227
1.4036367102635556e+18,-0.6839131255,8.9239648429,-1.0055629613,1.4036367102635556e+18,-0.720904974577464,8.974322101960006,-1.0255398006158845
1.4036367103135555e+18,-0.7210737027,8.9350281979,-1.0125859081,1.4036367103135555e+18,-0.7571281192878665,8.982928788789053,-1.0337786587766047
1.4036367103635556e+18,-0.7586583794,8.9450938691,-1.02113093,1.4036367103635556e+18,-0.7990730157155017,9.006112021975737,-1.0437783179865283
1.4036367104135555e+18,-0.7963246566,8.9542654686,-1.0309173567,1.4036367104135555e+18,-0.836041597813586,9.013652128295638,-1.054596024944467
1.4036367104635556e+18,-0.8337151953,8.9627421874,-1.0421107931,1.4036367104635556e+18,-0.8729696687888477,9.021082560900421,-1.0664550853238146
1.4036367105135555e+18,-0.8707071809,8.9709030011,-1.0543917998,1.4036367105135555e+18,-0.9097621321039275,9.028835170464143,-1.0791216146900053
1.4036367105635556e+18,-0.9066699791,8.9790010305,-1.0678008488,1.4036367105635556e+18,-0.9454992554151938,9.036893397673438,-1.0924831196785578
1.4036367106135555e+18,-0.941503858,8.9872507456,-1.0823183003,1.4036367106135555e+18,-0.9800042305186762,9.045301362032447,-1.1066684915013703
1.4036367106635556e+18,-0.9752677884,8.9954592166,-1.0979665772,1.4036367106635556e+18,-1.011944248901023,9.04988258951637,-1.1214861683871558
1.4036367107135555e+18,-1.0077315271,9.0038152743,-1.1143872028,1.4036367107135555e+18,-1.0483783172973054,9.06729561487823,-1.1425953713382473
1.4036367107635556e+18,-1.0390251963,9.0121444409,-1.1303113219,1.4036367107635556e+18,-1.0795164013397516,9.075583692870824,-1.1571091141156606
1.4036367108135555e+18,-1.0689576092,9.020498779,-1.1447630968,1.4036367108135555e+18,-1.1096112453987645,9.084298207813235,-1.1695028083151318
1.4036367108635556e+18,-1.0977616926,9.0282381525,-1.1578701224,1.4036367108635556e+18,-1.1387878416285728,9.09265058239907,-1.1803482315143472
1.4036367109135555e+18,-1.1260456788,9.0358676784,-1.1693151966,1.4036367109135555e+18,-1.1673799641141773,9.101091841269954,-1.1896652529709932
1.4036367109635556e+18,-1.1537557718,9.043472228,-1.1787902629,1.4036367109635556e+18,-1.1954780862908043,9.109111922317798,-1.195595623544346
1.4036367110135555e+18,-1.1809500944,9.0509167922,-1.1869050626,1.4036367110135555e+18,-1.2252204216666618,9.11857060565653,-1.2076655301158934
1.4036367110635556e+18,-1.2081549502,9.0575067756,-1.192801615,1.4036367110635556e+18,-1.2523331549869248,9.12564336811396,-1.2117172480701752
1.4036367111135555e+18,-1.2353011934,9.0639138459,-1.1976875059,1.4036367111135555e+18,-1.279402771997714,9.132142548688698,-1.214630820752273
1.4036367111635556e+18,-1.2626478129,9.0693586824,-1.2012924967,1.4036367111635556e+18,-1.3064983942385648,9.137564072484494,-1.2167112665055178
1.4036367112135555e+18,-1.2903871261,9.0739990474,-1.2045801657,1.4036367112135555e+18,-1.33391749619339,9.142190272795041,-1.2187722456624401
1.4036367112635556e+18,-1.3179355224,9.0772205717,-1.2073980241,1.4036367112635556e+18,-1.361030363628017,9.146222137790708,-1.219919644170234
1.4036367113135555e+18,-1.3458433295,9.0790294699,-1.2087335934,1.4036367113135555e+18,-1.3883931570907375,9.148003062330304,-1.2205844896493305
1.4036367113635556e+18,-1.3736599958,9.0798125067,-1.2094870135,1.4036367113635556e+18,-1.4156813641069546,9.148586635931101,-1.2207933510252427
1.4036367114135555e+18,-1.4021481024,9.0801527825,-1.2077740072,1.4036367114135555e+18,-1.44502559235677,9.143849884685498,-1.2223201141756554
1.4036367114635556e+18,-1.4297345297,9.0788966108,-1.204804074,1.4036367114635556e+18,-1.472206035900931,9.142185207898684,-1.21904985636183
1.4036367115135555e+18,-1.4565685477,9.0764645549,-1.2019070275,1.4036367115135555e+18,-1.4988574955903884,9.139229257922214,-1.2157084635340931
1.4036367115635556e+18,-1.4829636927,9.073262076,-1.1986613265,1.4036367115635556e+18,-1.5256519629123053,9.135689559832647,-1.2118858719498244
1.4036367116135555e+18,-1.5086929746,9.0682162919,-1.195286031,1.4036367116135555e+18,-1.55210021702809,9.130175220055065,-1.208044555213522
1.4036367116635556e+18,-1.5335364572,9.0611236332,-1.1920016949,1.4036367116635556e+18,-1.5761535633436008,9.122912071183052,-1.2051637150277172
1.4036367117135555e+18,-1.557409466,9.0519623284,-1.1885387814,1.4036367117135555e+18,-1.6006425850941568,9.113712402386067,-1.2013804973248905
1.4036367117635556e+18,-1.5806254013,9.0404274379,-1.184211694,1.4036367117635556e+18,-1.624487849309042,9.10230328105292,-1.1971395883088385
1.4036367118135555e+18,-1.6031491207,9.0268096749,-1.1797511731,1.4036367118135555e+18,-1.647534161534563,9.088905300608516,-1.1930292470195814
1.4036367118635556e+18,-1.6249298932,9.0109012947,-1.1745627566,1.4036367118635556e+18,-1.6700843161556982,9.073528985990146,-1.1885470151648194
1.4036367119135555e+18,-1.6462563919,8.9934130915,-1.1684215725,1.4036367119135555e+18,-1.6893686615000476,9.04902448387343,-1.182589020906239
1.4036367119635556e+18,-1.6665686405,8.9747600932,-1.1612574452,1.4036367119635556e+18,-1.7101203696400171,9.030787423437902,-1.1761769290803747
1.4036367120135555e+18,-1.6857522218,8.9547718083,-1.1528981588,1.4036367120135555e+18,-1.7298285015580026,9.011278637541409,-1.168539263057958
1.4036367120635556e+18,-1.7039972268,8.934504255,-1.1432397072,1.4036367120635556e+18,-1.74849717139253,8.991278706342985,-1.159559440655637
1.4036367121135555e+18,-1.7210682484,8.914374833,-1.1324131184,1.4036367121135555e+18,-1.765902836950695,8.971014478245031,-1.1488988002823475
1.4036367121635556e+18,-1.7368847957,8.8944415942,-1.1207806815,1.4036367121635556e+18,-1.783259856053335,8.953777980718844,-1.1389645754864954
1.4036367122135555e+18,-1.751109122,8.8742914006,-1.108963017,1.4036367122135555e+18,-1.7985835879947851,8.934453753919106,-1.126726323548303
1.4036367122635556e+18,-1.7643433522,8.8535038086,-1.0959770764,1.4036367122635556e+18,-1.8130436013148339,8.914674323705999,-1.1130445343053204
1.4036367123135555e+18,-1.7769343571,8.8321004957,-1.0814527057,1.4036367123135555e+18,-1.8268197706912153,8.894314596872476,-1.0977355514882383
1.4036367123635556e+18,-1.7888204509,8.8097078347,-1.0660960491,1.4036367123635556e+18,-1.8398298878096124,8.872852108874591,-1.0814963235718649
1.4036367124135555e+18,-1.8000799495,8.7864316098,-1.0494956249,1.4036367124135555e+18,-1.8468355333004993,8.846274836666788,-1.0597762830806383
1.4036367124635556e+18,-1.8107378119,8.7622451091,-1.0316886894,1.4036367124635556e+18,-1.8580488185170854,8.822439424567104,-1.0414258673254952
1.4036367125135555e+18,-1.8211174754,8.7370112227,-1.0126337235,1.4036367125135555e+18,-1.8688279563073271,8.797706130218733,-1.0218164002244854
1.4036367125635556e+18,-1.8311293385,8.7106307182,-0.9927586974,1.4036367125635556e+18,-1.8790341836370343,8.771385391120411,-1.001730569600595
1.4036367126135555e+18,-1.8407661305,8.6829020173,-0.9732833129,1.4036367126135555e+18,-1.8886729477539799,8.743485366831068,-0.9822201320737837
1.4036367126635556e+18,-1.8498286513,8.6542408036,-0.9550616211,1.4036367126635556e+18,-1.8972183986169062,8.71419572181252,-0.9642193155813631
1.4036367127135555e+18,-1.8579175483,8.6245879666,-0.9385779032,1.4036367127135555e+18,-1.9066644645814446,8.687966765134778,-0.9493480131645685
1.4036367127635556e+18,-1.8651425244,8.5940747445,-0.9240222116,1.4036367127635556e+18,-1.9137091867715963,8.657456872231231,-0.9348571585940392
1.4036367128135555e+18,-1.8712263148,8.5628189848,-0.9114554568,1.4036367128135555e+18,-1.9196023766510217,8.625830403276034,-0.9221148760091312
1.4036367128635556e+18,-1.8760297061,8.5307401144,-0.9004726529,1.4036367128635556e+18,-1.9245969123526896,8.597361127648977,-0.9117801302467224
1.4036367129135555e+18,-1.8796563477,8.4978134396,-0.8907068974,1.4036367129135555e+18,-1.927534972601153,8.56366500509652,-0.9016411191400989
1.4036367129635556e+18,-1.8819184162,8.4639405307,-0.8828137676,1.4036367129635556e+18,-1.9292081688453289,8.529026364014475,-0.8930572188624123
1.4036367130135555e+18,-1.8834984824,8.4298595248,-0.8760062487,1.4036367130135555e+18,-1.9298421435249589,8.493956979226226,-0.8852502503534841
1.4036367130635556e+18,-1.8843607299,8.3946330994,-0.8677417394,1.4036367130635556e+18,-1.929922078082897,8.457819579734577,-0.876718476507785
1.4036367131135555e+18,-1.8837692735,8.3576634824,-0.8580461537,1.4036367131135555e+18,-1.9287997137035093,8.41926662845208,-0.8642837408372869
1.4036367131635556e+18,-1.8821019563,8.3198974553,-0.8473535255,1.4036367131635556e+18,-1.9263231284198516,8.380467907943512,-0.8523595433895562
1.4036367132135555e+18,-1.8793860338,8.2816084602,-0.8345048206,1.4036367132135555e+18,-1.9228138571117102,8.341104977078665,-0.8383300875774234
1.4036367132635556e+18,-1.8758144243,8.2428711904,-0.8198463834,1.4036367132635556e+18,-1.9186899113016151,8.301374229023834,-0.822424113360534
1.4036367133135555e+18,-1.8713782784,8.2039118928,-0.8031691548,1.4036367133135555e+18,-1.9141945404168306,8.26197014636725,-0.8044674695654345
1.4036367133635556e+18,-1.866475261,8.1644208229,-0.784426604,1.4036367133635556e+18,-1.9095139046162464,8.22744064292636,-0.7900536368979468
1.4036367134135555e+18,-1.8618088022,8.1246907434,-0.7630944501,1.4036367134135555e+18,-1.9049511292789223,8.188141804944639,-0.7686908224524706
1.4036367134635556e+18,-1.8563145798,8.0847323252,-0.7411879522,1.4036367134635556e+18,-1.8996747294965433,8.148652711220647,-0.7467713452879096
1.4036367135135555e+18,-1.8494806256,8.0441315328,-0.7183226341,1.4036367135135555e+18,-1.8930262600281882,8.1086096621699,-0.7239053831974948
1.4036367135635556e+18,-1.842250038,8.0035551501,-0.6956324994,1.4036367135635556e+18,-1.8852684964285826,8.068007640838172,-0.7003868659819931
1.4036367136135555e+18,-1.8340126751,7.9631964033,-0.6741947029,1.4036367136135555e+18,-1.8772657354447366,8.027955235465068,-0.6792874804986501
1.4036367136635556e+18,-1.825291972,7.9233444735,-0.6543917234,1.4036367136635556e+18,-1.868615387929193,7.988111389047642,-0.6596801356793697
1.4036367137135555e+18,-1.8158776494,7.8843316109,-0.6360745848,1.4036367137135555e+18,-1.859120083181021,7.94878753484133,-0.6415765074632546
1.4036367137635556e+18,-1.8057745363,7.8464651399,-0.6194826891,1.4036367137635556e+18,-1.8488849188309935,7.910038382188574,-0.6251362448406547
1.4036367138135555e+18,-1.7948161988,7.8094846304,-0.6044188813,1.4036367138135555e+18,-1.8371403597103546,7.876583256661089,-0.6124704920690952
1.4036367138635556e+18,-1.782982999,7.77413295,-0.5908536128,1.4036367138635556e+18,-1.8249105457263068,7.83964763398655,-0.5989354797491883
1.4036367139135555e+18,-1.7701615907,7.7396149541,-0.5786674383,1.4036367139135555e+18,-1.8116728647732856,7.8036364564746314,-0.5865396441081471
1.4036367139635556e+18,-1.7564789036,7.7057186386,-0.5678557001,1.4036367139635556e+18,-1.7973416216870346,7.7684671195842725,-0.5753696102404923
1.4036367140135555e+18,-1.7420583565,7.6721555639,-0.5584945618,1.4036367140135555e+18,-1.7823678434125574,7.733792154567439,-0.566065919797431
1.4036367140635556e+18,-1.7269156523,7.6393121039,-0.5502487293,1.4036367140635556e+18,-1.7677640822849385,7.702042161394701,-0.5552729538192355
1.4036367141135555e+18,-1.7114514555,7.6065517725,-0.5431311384,1.4036367141135555e+18,-1.7518713512623503,7.668859999929657,-0.5479340018894022
1.4036367141635556e+18,-1.6955402065,7.5740820758,-0.5369855146,1.4036367141635556e+18,-1.7354737432524887,7.635855733502877,-0.5414073230660689
1.4036367142135555e+18,-1.6792371259,7.541856855,-0.5315498193,1.4036367142135555e+18,-1.718510019102916,7.603099755989367,-0.5357962716168149
1.4036367142635556e+18,-1.6627031613,7.509705916,-0.526908106,1.4036367142635556e+18,-1.7013128138990057,7.570698875989294,-0.5315011053708404
1.4036367143135555e+18,-1.6457267485,7.4777827073,-0.5232350702,1.4036367143135555e+18,-1.6867849919780502,7.538647381629827,-0.5334105217726891
1.4036367143635556e+18,-1.627959764,7.4461732796,-0.521018249,1.4036367143635556e+18,-1.668466958339489,7.506923041236329,-0.5311879133773089
1.4036367144135555e+18,-1.6094786801,7.4150238386,-0.5203531502,1.4036367144135555e+18,-1.6497003132403387,7.475871078584861,-0.53040292905855
1.4036367144635556e+18,-1.5906206283,7.3840264459,-0.5208402267,1.4036367144635556e+18,-1.6308600556152983,7.444939651694513,-0.530647071875792
1.4036367145135555e+18,-1.5715786422,7.353514057,-0.5221544708,1.4036367145135555e+18,-1.6119351992717057,7.414706029781527,-0.531908360835433
1.4036367145635556e+18,-1.5526696369,7.3235395861,-0.52416574,1.4036367145635556e+18,-1.5909350290739495,7.3858181044421745,-0.5339963306892975
1.4036367146135555e+18,-1.5340782695,7.2944252651,-0.5272015035,1.4036367146135555e+18,-1.5722607454393698,7.3573345001659405,-0.5366534828339854
1.4036367146635556e+18,-1.5157857615,7.2664705722,-0.5298793271,1.4036367146635556e+18,-1.5540081341817968,7.330202118563795,-0.538901067596841
1.4036367147135555e+18,-1.4978895688,7.239413865,-0.5313641569,1.4036367147135555e+18,-1.5379964831888708,7.30373779731981,-0.5404525031758619
1.4036367147635556e+18,-1.4801427611,7.2134124814,-0.5312602303,1.4036367147635556e+18,-1.5206741286757444,7.279041188372812,-0.5399468529161323
1.4036367148135555e+18,-1.4629686453,7.1884835422,-0.5291355287,1.4036367148135555e+18,-1.504209153461276,7.255458735824952,-0.5371319869872461
1.4036367148635556e+18,-1.4462492844,7.1645936462,-0.5251263734,1.4036367148635556e+18,-1.4882095674987061,7.232618889258333,-0.5321040373932259
1.4036367149135555e+18,-1.4302078174,7.1415016538,-0.5193520697,1.4036367149135555e+18,-1.472974354655748,7.210627632847288,-0.5254807570058516
1.4036367149635556e+18,-1.4150730767,7.1191748615,-0.5113266619,1.4036367149635556e+18,-1.4578231682070362,7.18873306364792,-0.5184100934580295
1.4036367150135555e+18,-1.4007156994,7.0978708723,-0.5013383223,1.4036367150135555e+18,-1.443896002715225,7.168321553262453,-0.5082146748047761
1.4036367150635556e+18,-1.3873947592,7.0774847712,-0.4894024963,1.4036367150635556e+18,-1.4309994566333133,7.1487468768513995,-0.4961480639039141
1.4036367151135555e+18,-1.3744646272,7.0579187143,-0.4762147859,1.4036367151135555e+18,-1.41848639698369,7.12978616897176,-0.48276477132097273
1.4036367151635556e+18,-1.3628150762,7.0390625519,-0.4618393303,1.4036367151635556e+18,-1.4113326606298964,7.113845596633691,-0.4597713855685809
1.4036367152135555e+18,-1.3522649307,7.0213728174,-0.4470684616,1.4036367152135555e+18,-1.401200169693614,7.096085270569569,-0.4451369503204229
1.4036367152635556e+18,-1.3429027608,7.0042495287,-0.4331429745,1.4036367152635556e+18,-1.392233901052693,7.079131724452218,-0.4319179972841546
1.4036367153135555e+18,-1.3346887524,6.987830435,-0.4206847271,1.4036367153135555e+18,-1.3842093393873407,7.062984451711495,-0.4205472067140533
1.4036367153635556e+18,-1.3275102075,6.9719967153,-0.4099513333,1.4036367153635556e+18,-1.3777583843665706,7.047202495845498,-0.41060891454894055
1.4036367154135555e+18,-1.3216860257,6.9566518736,-0.4003766445,1.4036367154135555e+18,-1.3691376099633539,7.032036974752803,-0.40212368628068684
1.4036367154635556e+18,-1.3163385559,6.9419061982,-0.392998936,1.4036367154635556e+18,-1.3633860845738939,7.0175612860380365,-0.3960386760694016
1.4036367155135555e+18,-1.3113270128,6.9274327138,-0.3875504345,1.4036367155135555e+18,-1.3580396681102398,7.003499824392762,-0.39221990314041955
1.4036367155635556e+18,-1.3061942198,6.9136405543,-0.3838222796,1.4036367155635556e+18,-1.3525893885810154,6.9902108301603345,-0.3904150159839449
1.4036367156135555e+18,-1.3005285949,6.9012574151,-0.3830674301,1.4036367156135555e+18,-1.3469061931797572,6.9780800717357465,-0.3905137777906623
1.4036367156635556e+18,-1.2945403802,6.8906352235,-0.3833623964,1.4036367156635556e+18,-1.34231946989728,6.967285004162379,-0.392557155042648
1.4036367157135555e+18,-1.2880718174,6.8814287431,-0.3850905417,1.4036367157135555e+18,-1.336034736466626,6.958206732968934,-0.3936052865939538
1.4036367157635556e+18,-1.2807627272,6.8729673502,-0.3874082321,1.4036367157635556e+18,-1.3288479403947226,6.94920508271999,-0.39494324882188747
1.4036367158135555e+18,-1.2726909498,6.8648257744,-0.3894223586,1.4036367158135555e+18,-1.3210478393365976,6.940368758564965,-0.39544301633240286
1.4036367158635556e+18,-1.2643810231,6.8568289387,-0.3896668047,1.4036367158635556e+18,-1.312934976421249,6.932147103273149,-0.39455592277857476
1.4036367159135555e+18,-1.2546535554,6.8486351344,-0.3879120744,1.4036367159135555e+18,-1.303580775107795,6.92368894172229,-0.39149412104067915
1.4036367159635556e+18,-1.2437396506,6.8397607113,-0.3844998889,1.4036367159635556e+18,-1.289843224102066,6.918196718338418,-0.3860635375271829
1.4036367160135555e+18,-1.2310559949,6.8300352423,-0.3807014914,1.4036367160135555e+18,-1.2770480262210588,6.9085311659828275,-0.3806486010249984
1.4036367160635556e+18,-1.2176269923,6.8200331961,-0.3761650877,1.4036367160635556e+18,-1.2634284570656602,6.898305184892628,-0.3744833907613122
1.4036367161135555e+18,-1.2028346533,6.809299751,-0.3702142768,1.4036367161135555e+18,-1.2485729137163641,6.887375590818813,-0.36719940761988734
1.4036367161635556e+18,-1.1866260456,6.7979944954,-0.3635004232,1.4036367161635556e+18,-1.2325438818183958,6.875996580584578,-0.37225801797690006
1.4036367162135555e+18,-1.1690517152,6.7860232802,-0.3554212847,1.4036367162135555e+18,-1.2147245821105415,6.863651110244959,-0.3634849251098774
1.4036367162635556e+18,-1.150624913,6.7741767569,-0.3476319334,1.4036367162635556e+18,-1.1958977481592594,6.850956215671749,-0.35498764808999483
1.4036367163135555e+18,-1.1315558301,6.7622841525,-0.3409698489,1.4036367163135555e+18,-1.176449027540297,6.838327415202135,-0.3480094222804929
1.4036367163635556e+18,-1.1121637943,6.7508208968,-0.3358702839,1.4036367163635556e+18,-1.1565859720141,6.825515273980347,-0.3441176987639648
1.4036367164135555e+18,-1.0927404056,6.7395677096,-0.3321431565,1.4036367164135555e+18,-1.1359288834400258,6.81368489911376,-0.33256524719566893
1.4036367164635556e+18,-1.0730490655,6.728507808,-0.3304684999,1.4036367164635556e+18,-1.115716654963987,6.8016757676631805,-0.32971335563586235
1.4036367165135555e+18,-1.0535792316,6.7177525683,-0.3300928158,1.4036367165135555e+18,-1.095778416307005,6.7899622835408415,-0.3284129548302003
1.4036367165635556e+18,-1.033996479,6.7069782347,-0.3314333806,1.4036367165635556e+18,-1.0760065695511782,6.7784916103255135,-0.3288267560211203
1.4036367166135555e+18,-1.0143047592,6.6958680432,-0.3341804107,1.4036367166135555e+18,-1.056567821681881,6.767012232405959,-0.3309820360139576
1.4036367166635556e+18,-0.9944373826,6.684312689,-0.3382418534,1.4036367166635556e+18,-1.03850166422375,6.761948393819111,-0.3451790647276035
1.4036367167135555e+18,-0.9743304644,6.6723049032,-0.343652186,1.4036367167135555e+18,-1.0189262106740218,6.750465372117278,-0.3505543194546611
1.4036367167635556e+18,-0.9539965884,6.6600646195,-0.3502436475,1.4036367167635556e+18,-0.9992141971292048,6.738578052803012,-0.3573848987772027
1.4036367168135555e+18,-0.9330903832,6.6472709429,-0.3573847396,1.4036367168135555e+18,-0.9792598239112467,6.726196740051886,-0.3648871219032731
1.4036367168635556e+18,-0.91206415,6.6341988647,-0.3641103814,1.4036367168635556e+18,-0.9594862943509321,6.713634597162542,-0.37241217479751787
1.4036367169135555e+18,-0.8906583196,6.620665421,-0.3696769619,1.4036367169135555e+18,-0.9379282043956385,6.695766648219289,-0.3766295317897982
1.4036367169635556e+18,-0.8687529236,6.6068095872,-0.373816786,1.4036367169635556e+18,-0.9146285833440597,6.687332625739064,-0.3801769119013848
1.4036367170135555e+18,-0.8466047621,6.5931504735,-0.3759624117,1.4036367170135555e+18,-0.8936609561564888,6.67378244605521,-0.3822539141166562
1.4036367170635556e+18,-0.8245162559,6.5796264184,-0.3764274552,1.4036367170635556e+18,-0.8729193025395592,6.660461467228817,-0.38261632383103594
1.4036367171135555e+18,-0.8024385504,6.566086124,-0.3750743898,1.4036367171135555e+18,-0.8521552666297945,6.647353021637651,-0.38135517391148965
1.4036367171635556e+18,-0.7805664322,6.5531026219,-0.3722875872,1.4036367171635556e+18,-0.8314307808745083,6.635090553816255,-0.37854368722874854
1.4036367172135555e+18,-0.7589915378,6.5403970197,-0.3686046109,1.4036367172135555e+18,-0.8104446478132781,6.620908988985951,-0.3756660421964285
1.4036367172635556e+18,-0.7370935685,6.5280866054,-0.3647721306,1.4036367172635556e+18,-0.7892917803974626,6.608531696046406,-0.3719990464194801
1.4036367173135555e+18,-0.715023972,6.5159166549,-0.3610439972,1.4036367173135555e+18,-0.7660249443007672,6.5995957705472215,-0.370639260782348
1.4036367173635556e+18,-0.6930458269,6.503759884,-0.3567960404,1.4036367173635556e+18,-0.7445837425581576,6.587091385585417,-0.366579546433499
1.4036367174135555e+18,-0.6712554027,6.4910036589,-0.3527840816,1.4036367174135555e+18,-0.7230662181522209,6.574125578406585,-0.36286950998785705
1.4036367174635556e+18,-0.6494908946,6.4773358573,-0.3490016719,1.4036367174635556e+18,-0.7015714362044854,6.560235379447725,-0.36002564542168203
1.4036367175135555e+18,-0.6280823175,6.462340694,-0.3466826635,1.4036367175135555e+18,-0.6804571217963034,6.545181173068469,-0.3587343572834022
1.4036367175635556e+18,-0.6072309901,6.4459688887,-0.3455358651,1.4036367175635556e+18,-0.6601484180482755,6.530049305906976,-0.35956176997831435
1.4036367176135555e+18,-0.5867546955,6.428495983,-0.3460880474,1.4036367176135555e+18,-0.6397578111848929,6.51264397785758,-0.36225517688146625
1.4036367176635556e+18,-0.5665060424,6.4103963286,-0.3484616744,1.4036367176635556e+18,-0.6195625371526319,6.494364264287903,-0.36636851027731543
1.4036367177135555e+18,-0.54654103,6.3914119207,-0.3525414692,1.4036367177135555e+18,-0.5995475646697574,6.474982241139985,-0.3720459785556346
1.4036367177635556e+18,-0.5264704489,6.3716339129,-0.3584785136,1.4036367177635556e+18,-0.5796705603820511,6.454587471009672,-0.3787338620755659
1.4036367178135555e+18,-0.5064612075,6.3504340159,-0.3643616884,1.4036367178135555e+18,-0.5618750384716718,6.43502703523653,-0.375609706114408
1.4036367178635556e+18,-0.4866051851,6.327868886,-0.3693693179,1.4036367178635556e+18,-0.5423310977697247,6.411928102314127,-0.38073255207630263
1.4036367179135555e+18,-0.4671223288,6.3038152603,-0.372827062,1.4036367179135555e+18,-0.5234062776397099,6.387212864343265,-0.3841414294804052
1.4036367179635556e+18,-0.4477426174,6.2782772352,-0.3746781448,1.4036367179635556e+18,-0.5046191868940673,6.360970228446487,-0.38562181875029944
1.4036367180135555e+18,-0.4286071093,6.2507909247,-0.3743488616,1.4036367180135555e+18,-0.48638840944504746,6.333145760246911,-0.38509979867737554
1.4036367180635556e+18,-0.4098570998,6.2218115956,-0.3723349607,1.4036367180635556e+18,-0.4693229609619438,6.305855628053699,-0.3863635912783755
1.4036367181135555e+18,-0.3913178061,6.191021058,-0.3683998858,1.4036367181135555e+18,-0.4518220177102785,6.275356448433143,-0.38311294946154206
1.4036367181635556e+18,-0.3732639905,6.1592541391,-0.3644400346,1.4036367181635556e+18,-0.4349000317071967,6.244006158190466,-0.37982273797640487
1.4036367182135555e+18,-0.3556405114,6.1268985091,-0.3615553192,1.4036367182135555e+18,-0.4177229233626809,6.216559996542957,-0.37787491679128526
1.4036367182635556e+18,-0.3376015143,6.0942335114,-0.3608824105,1.4036367182635556e+18,-0.4003236455673411,6.184235633324742,-0.3775844213984926
1.4036367183135555e+18,-0.3195415138,6.0612414434,-0.3623557881,1.4036367183135555e+18,-0.3831874890215854,6.15149254022316,-0.37957583340933343
1.4036367183635556e+18,-0.3016202871,6.0279076961,-0.3658535157,1.4036367183635556e+18,-0.3658485735352528,6.118405779614911,-0.3831901372579841
1.4036367184135555e+18,-0.283846102,5.9941098347,-0.3708725149,1.4036367184135555e+18,-0.3490929466390975,6.085023055890485,-0.3884837375301359
1.4036367184635556e+18,-0.2665397801,5.9599955747,-0.3770339036,1.4036367184635556e+18,-0.33279662677677724,6.051072158111458,-0.39505804769106645
1.4036367185135555e+18,-0.2491698373,5.9259441823,-0.3847716475,1.4036367185135555e+18,-0.31450625761439177,6.01659232978148,-0.40327969881237935
1.4036367185635556e+18,-0.2320809016,5.8921977335,-0.3935000762,1.4036367185635556e+18,-0.29746909685539613,5.986015658923377,-0.41633778148177647
1.4036367186135555e+18,-0.2154687418,5.8589646684,-0.4031859304,1.4036367186135555e+18,-0.28171840317007124,5.952998081177913,-0.4262278995773868
1.4036367186635556e+18,-0.1992276984,5.8265165512,-0.4135541223,1.4036367186635556e+18,-0.26635984945841606,5.920656853366704,-0.43709153450577365
1.4036367187135555e+18,-0.1833865069,5.7953762642,-0.4254270608,1.4036367187135555e+18,-0.2515208725767346,5.88922850297312,-0.4492607819694098
1.4036367187635556e+18,-0.1681753601,5.7657664222,-0.438132807,1.4036367187635556e+18,-0.2371200313556594,5.859469787746832,-0.4620566928789692
1.4036367188135555e+18,-0.1529330531,5.737921172,-0.4524979214,1.4036367188135555e+18,-0.2233993924971358,5.832579399423409,-0.47395556863299293
1.4036367188635556e+18,-0.1384237724,5.711350086,-0.4664287807,1.4036367188635556e+18,-0.20447174152433156,5.803831238824543,-0.4925791118026107
1.4036367189135555e+18,-0.1244828453,5.6855740953,-0.4790272888,1.4036367189135555e+18,-0.19131847615988296,5.778132605284574,-0.5038166771615508
1.4036367189635556e+18,-0.1103621876,5.6604685797,-0.4898795601,1.4036367189635556e+18,-0.17788674403729576,5.753084434581163,-0.5131731454714045
1.4036367190135555e+18,-0.0969516269,5.6355540647,-0.4980913644,1.4036367190135555e+18,-0.1649237332877087,5.728231943358578,-0.5200363520571168
1.4036367190635556e+18,-0.0833983769,5.610693309,-0.5038178389,1.4036367190635556e+18,-0.15159347209797325,5.703556528016499,-0.524935941368437
1.4036367191135555e+18,-0.0697651557,5.5858654397,-0.5077583905,1.4036367191135555e+18,-0.1398000427513102,5.680182852351987,-0.5263962224567104
1.4036367191635556e+18,-0.0569057114,5.5606823295,-0.5092322868,1.4036367191635556e+18,-0.1276817192950146,5.655472034254597,-0.5268132456965425
1.4036367192135555e+18,-0.0437590411,5.5353731033,-0.5091770721,1.4036367192135555e+18,-0.11507325245319411,5.630710941145075,-0.5259038340226173
1.4036367192635556e+18,-0.0302700658,5.5100611491,-0.5096988593,1.4036367192635556e+18,-0.1021674887901094,5.605950507198218,-0.5258982928216315
1.4036367193135555e+18,-0.0161423252,5.4846257929,-0.511367283,1.4036367193135555e+18,-0.0884175748849989,5.581064184212385,-0.5275244987822266
1.4036367193635556e+18,-0.0013810136,5.4595847656,-0.5148835759,1.4036367193635556e+18,-0.06472321578098583,5.551080098297953,-0.5374739121345639
1.4036367194135555e+18,0.0142803556,5.4346554162,-0.5201866023,1.4036367194135555e+18,-0.049099414835832356,5.526342962892395,-0.5431620650219132
1.4036367194635556e+18,0.030670505,5.4101713964,-0.5270651728,1.4036367194635556e+18,-0.03295369607069798,5.502343596954446,-0.5505881537613116
1.4036367195135555e+18,0.0478346207,5.3862165182,-0.5357434516,1.4036367195135555e+18,-0.01580438476982149,5.478687438958833,-0.5593587405752877
1.4036367195635556e+18,0.0658979343,5.36271113,-0.5459238658,1.4036367195635556e+18,0.0022463955760851917,5.455259761388183,-0.5699017055960464
1.4036367196135555e+18,0.084887062,5.3394803233,-0.5556400812,1.4036367196135555e+18,0.020882074827801134,5.431578124103233,-0.5785378215787021
1.4036367196635556e+18,0.1039071671,5.3169973476,-0.5637412121,1.4036367196635556e+18,0.039777577973713285,5.408813709807792,-0.5863423723358824
1.4036367197135555e+18,0.1235482899,5.2950124878,-0.5696666105,1.4036367197135555e+18,0.05944823137100297,5.386442226399425,-0.5920168915118579
1.4036367197635556e+18,0.1437412186,5.2734898738,-0.5733577518,1.4036367197635556e+18,0.08299380761186193,5.363089464693376,-0.5945896675278882
1.4036367198135555e+18,0.1634927065,5.2524471679,-0.5747745837,1.4036367198135555e+18,0.10320106268689955,5.341604768865005,-0.5958017142332303
1.4036367198635556e+18,0.1834292123,5.2319831135,-0.5740897303,1.4036367198635556e+18,0.1236150124215385,5.3207332733201484,-0.5949472866070759
1.4036367199135555e+18,0.2036365792,5.2119290525,-0.5722590665,1.4036367199135555e+18,0.14437027474407138,5.3003463180221395,-0.5930489136240461
1.4036367199635556e+18,0.2237975948,5.1922747303,-0.5706536336,1.4036367199635556e+18,0.1649369653955164,5.280701445469552,-0.5913767845423291
1.4036367200135555e+18,0.2437608892,5.1733930296,-0.5699219783,1.4036367200135555e+18,0.184467354819561,5.2609117453852505,-0.5893250099014052
1.4036367200635556e+18,0.2632888405,5.1547727054,-0.570603612,1.4036367200635556e+18,0.20416463422047482,5.241907124728107,-0.5899717764676325
1.4036367201135555e+18,0.2824348672,5.1366990051,-0.5728241385,1.4036367201135555e+18,0.2234303007684053,5.223330964048579,-0.5922546595080046
1.4036367201635556e+18,0.3015346745,5.1190783567,-0.5769652692,1.4036367201635556e+18,0.2425129022586896,5.205216588925783,-0.5966019853166601
1.4036367202135555e+18,0.3201833736,5.101830579,-0.582163613,1.4036367202135555e+18,0.2593387875983728,5.191755279680484,-0.5951413473625934
1.4036367202635556e+18,0.3384832105,5.0849116068,-0.5882602339,1.4036367202635556e+18,0.27772565080486533,5.1746202063917845,-0.6017443046558847
1.4036367203135555e+18,0.3563610234,5.0683476285,-0.5952544644,1.4036367203135555e+18,0.29566783767878135,5.158092817470836,-0.6092815657173106
1.4036367203635556e+18,0.3739975765,5.0523268716,-0.6032551608,1.4036367203635556e+18,0.31341800049431523,5.142118714550769,-0.6176888573847864
1.4036367204135555e+18,0.3914934061,5.0367115841,-0.6120759387,1.4036367204135555e+18,0.33100685089683246,5.126442023173679,-0.6270904907054248
1.4036367204635556e+18,0.4087690048,5.0216263934,-0.6206848246,1.4036367204635556e+18,0.34781931676982314,5.110059996869377,-0.6366786903073612
1.4036367205135555e+18,0.4260117041,5.0072264131,-0.62790967,1.4036367205135555e+18,0.36515631441842,5.095511720868916,-0.6446328903881678
1.4036367205635556e+18,0.4429544668,4.993480334,-0.6334447755,1.4036367205635556e+18,0.3822642599845745,5.081765742574946,-0.6508099845356016
1.4036367206135555e+18,0.4596057324,4.9805370499,-0.6376476887,1.4036367206135555e+18,0.3991352370374601,5.0689092046921855,-0.6552688811626969
1.4036367206635556e+18,0.4759102621,4.9679958282,-0.639494649,1.4036367206635556e+18,0.41598604742675516,5.056569324955888,-0.6574700432810613
1.4036367207135555e+18,0.492455462,4.9563673658,-0.639453187,1.4036367207135555e+18,0.43365554154053765,5.047519438175449,-0.6535990608395882
1.4036367207635556e+18,0.5083114581,4.9454625544,-0.6375643362,1.4036367207635556e+18,0.44971806226439437,5.036832377204154,-0.6519447652398708
1.4036367208135555e+18,0.5232064615,4.9355863589,-0.6347867448,1.4036367208135555e+18,0.46533805714486487,5.027342600327136,-0.6491520672999055
1.4036367208635556e+18,0.537335517,4.9265577429,-0.6322640629,1.4036367208635556e+18,0.48029165601991863,5.0184657460417625,-0.6464571994155518
1.4036367209135555e+18,0.5511785224,4.9182057375,-0.6307150474,1.4036367209135555e+18,0.49506367363365644,5.010211818677235,-0.6450906912165543
1.4036367209635556e+18,0.5644278065,4.9104720966,-0.6306587638,1.4036367209635556e+18,0.51079729436315,5.0016317339248735,-0.6471409724137186
1.4036367210135555e+18,0.5775661345,4.9029463159,-0.6321815661,1.4036367210135555e+18,0.5251893590593477,4.994095595784497,-0.6493517477170553
1.4036367210635556e+18,0.5903374959,4.895972691,-0.635147268,1.4036367210635556e+18,0.5392481381965064,4.987169378736921,-0.6529165332525241
1.4036367211135555e+18,0.6029910551,4.8897486136,-0.6397742187,1.4036367211135555e+18,0.5533043694747617,4.980921902814741,-0.657954249908893
1.4036367211635556e+18,0.6153764012,4.8844558576,-0.6452772103,1.4036367211635556e+18,0.5672736972554135,4.975546705659273,-0.6636439584987787
1.4036367212135555e+18,0.6281218745,4.8794867613,-0.6505206026,1.4036367212135555e+18,0.5789004479414448,4.9712249868925795,-0.6658416888965532
1.4036367212635556e+18,0.6411898071,4.8750485993,-0.6540508276,1.4036367212635556e+18,0.5937096732682026,4.966528406639041,-0.6694473295307309
1.4036367213135555e+18,0.6541818209,4.8712321869,-0.6561087404,1.4036367213135555e+18,0.6080054664219192,4.962485463068152,-0.671429285210909
1.4036367213635556e+18,0.668208716,4.8679539355,-0.6561615125,1.4036367213635556e+18,0.6231626399780685,4.959121456469134,-0.6714589401172432
1.4036367214135555e+18,0.6826820062,4.8651281207,-0.6541110973,1.4036367214135555e+18,0.6387279950482161,4.9558169206834375,-0.6696676552550117
1.4036367214635556e+18,0.6976776284,4.8623198052,-0.6509319913,1.4036367214635556e+18,0.6565094654145613,4.953550195712259,-0.6663713622883408
1.4036367215135555e+18,0.7131288446,4.860009591,-0.6473779144,1.4036367215135555e+18,0.6735054399077827,4.950955435243996,-0.6627547659772214
1.4036367215635556e+18,0.7287052199,4.8581290535,-0.6444587371,1.4036367215635556e+18,0.690864849447637,4.948580070502532,-0.6600769762063748
1.4036367216135555e+18,0.7445331153,4.8564776601,-0.6430173172,1.4036367216135555e+18,0.708261505928117,4.946553646688381,-0.658816712235181
1.4036367216635556e+18,0.7606291578,4.8547649832,-0.6431502389,1.4036367216635556e+18,0.7256685679721913,4.944203425236331,-0.6593242031069141
1.4036367217135555e+18,0.77680188,4.8531131137,-0.6442363092,1.4036367217135555e+18,0.7362954132974604,4.9429879530232395,-0.6584194952745076
1.4036367217635556e+18,0.7934298933,4.8513648094,-0.6470531017,1.4036367217635556e+18,0.7536729687281731,4.940451141441409,-0.6616636263165309
1.4036367218135555e+18,0.810404974,4.849251284,-0.6509610951,1.4036367218135555e+18,0.7709026794617824,4.937678398719304,-0.6660629350291819
1.4036367218635556e+18,0.8274104357,4.8470461454,-0.6560616722,1.4036367218635556e+18,0.7881669311114741,4.934852528074463,-0.6717392766970088
1.4036367219135555e+18,0.8443480187,4.844621438,-0.6622150436,1.4036367219135555e+18,0.8049395359656231,4.931762048038965,-0.6783414596174279
1.4036367219635556e+18,0.8613842541,4.8422438249,-0.6690552403,1.4036367219635556e+18,0.8273209714082954,4.929972757436059,-0.6868298567407322
1.4036367220135555e+18,0.8784471722,4.8397526716,-0.6750416993,1.4036367220135555e+18,0.8451705950087112,4.92685166163467,-0.6929975365989126
1.4036367220635556e+18,0.895456876,4.8368447556,-0.6791935091,1.4036367220635556e+18,0.8628395248291865,4.923483161108204,-0.6973288320038701
1.4036367221135555e+18,0.9126188322,4.8332254736,-0.6810870331,1.4036367221135555e+18,0.8803458526582664,4.9196681599978245,-0.6995041685770648
1.4036367221635556e+18,0.9299963074,4.8289191761,-0.6810891709,1.4036367221635556e+18,0.8978647377865965,4.915207070695742,-0.699922901418451
1.4036367222135555e+18,0.9473590064,4.8241541319,-0.6790892045,1.4036367222135555e+18,0.9090461558979954,4.912239850111979,-0.6915518289864319
1.4036367222635556e+18,0.9647768752,4.8188579539,-0.675921912,1.4036367222635556e+18,0.9263083913285954,4.906927198473439,-0.6887257635884046
1.4036367223135555e+18,0.981996005,4.8131903417,-0.6726395302,1.4036367223135555e+18,0.9435019002888607,4.901571052418017,-0.6857248858407418
1.4036367223635556e+18,0.9993358627,4.8075065559,-0.6707618682,1.4036367223635556e+18,0.9606989833551731,4.896285295088837,-0.6839222142684706
1.4036367224135555e+18,1.0166166606,4.802122715,-0.670331631,1.4036367224135555e+18,0.978056720347559,4.890941590740848,-0.6832007679715614
1.4036367224635556e+18,1.0338645953,4.7968248526,-0.6711172588,1.4036367224635556e+18,0.9974850645123579,4.8842125782618835,-0.6860710311041892
1.4036367225135555e+18,1.0511292557,4.7913743951,-0.6730541069,1.4036367225135555e+18,1.0154527439430812,4.878615549552533,-0.6883744503872872
1.4036367225635556e+18,1.0684950881,4.7857760174,-0.6760707491,1.4036367225635556e+18,1.0333000908695396,4.872912030081372,-0.6916356172279464
1.4036367226135555e+18,1.08560616,4.7800370396,-0.6798341141,1.4036367226135555e+18,1.051017087017387,4.866851536997188,-0.6955878788583484
1.4036367226635556e+18,1.1026887258,4.7740908652,-0.684117255,1.4036367226635556e+18,1.068563324126572,4.860830355488832,-0.7000809211699729
1.4036367227135555e+18,1.1195713441,4.7678857968,-0.6886300246,1.4036367227135555e+18,1.0881669585617857,4.85460984745118,-0.7110690894667498
1.4036367227635556e+18,1.136351792,4.7613774164,-0.6934387138,1.4036367227635556e+18,1.1053675525532274,4.84780630896894,-0.7160864881172756
1.4036367228135555e+18,1.1530245649,4.7545745617,-0.6969453334,1.4036367228135555e+18,1.1227139147178118,4.840632140709349,-0.7198472405564774
1.4036367228635556e+18,1.169885928,4.7472014465,-0.6978851691,1.4036367228635556e+18,1.1403544818527047,4.832910894849247,-0.7216582724503807
1.4036367229135555e+18,1.1866977476,4.7391614058,-0.6971615174,1.4036367229135555e+18,1.1579447979170006,4.8245918183028085,-0.7220334894047932
1.4036367229635556e+18,1.2035094456,4.7306317493,-0.6947114184,1.4036367229635556e+18,1.1776232244859708,4.816415773865058,-0.7215380339249232
1.4036367230135555e+18,1.2212584081,4.7215071303,-0.6911256318,1.4036367230135555e+18,1.1963545344888042,4.8071990520947745,-0.719258794365962
1.4036367230635556e+18,1.237582474,4.7123793324,-0.6848919862,1.4036367230635556e+18,1.2138178230274796,4.798024242063926,-0.7149894441296828
1.4036367231135555e+18,1.2539424209,4.7032463416,-0.6788632763,1.4036367231135555e+18,1.230617396790671,4.788817735268851,-0.7101043443906886
1.4036367231635556e+18,1.2702830057,4.6941981748,-0.6734926169,1.4036367231635556e+18,1.2473195101107692,4.780019325916012,-0.7054307238040706
1.4036367232135555e+18,1.2866240631,4.6850370286,-0.6692958266,1.4036367232135555e+18,1.2617980775200595,4.769551683259589,-0.687732921966785
1.4036367232635556e+18,1.3030353643,4.6758972648,-0.6665346802,1.4036367232635556e+18,1.276941189279441,4.760716083829719,-0.6840357917603973
1.4036367233135555e+18,1.3193631632,4.6669164603,-0.6649801606,1.4036367233135555e+18,1.2929738844718068,4.751818065831153,-0.6826131073961889
1.4036367233635556e+18,1.3355858242,4.657838294,-0.6641976079,1.4036367233635556e+18,1.3092211846728916,4.74283103953839,-0.6822328911160928
1.4036367234135555e+18,1.3517811846,4.6489606566,-0.6645889147,1.4036367234135555e+18,1.3255344925113777,4.733709464033468,-0.6824077154144658
1.4036367234635556e+18,1.3677535726,4.640174423,-0.6651846859,1.4036367234635556e+18,1.3412026641347472,4.724503398650969,-0.6825367868924331
1.4036367235135555e+18,1.3835577094,4.6309615789,-0.6655357415,1.4036367235135555e+18,1.3623230989793758,4.715426821440379,-0.6934691333727215
1.4036367235635556e+18,1.398214617,4.6212672253,-0.6637126611,1.4036367235635556e+18,1.3772064347786017,4.705675414578631,-0.6922534961148891
1.4036367236135555e+18,1.4136572768,4.610908306,-0.6605120592,1.4036367236135555e+18,1.3929916913564373,4.695402872437242,-0.6900523312670149
1.4036367236635556e+18,1.4304365748,4.6001927506,-0.656263107,1.4036367236635556e+18,1.4092364386409089,4.684539538897656,-0.6866381280471602
1.4036367237135555e+18,1.4478954367,4.5887684297,-0.6513482348,1.4036367237135555e+18,1.4309956534332056,4.670466627043943,-0.675860248229538
1.4036367237635556e+18,1.4665899828,4.5765727303,-0.6455011403,1.4036367237635556e+18,1.4490692863827257,4.6582202189771476,-0.670290596481164
1.4036367238135555e+18,1.4858073909,4.5637647465,-0.6401766367,1.4036367238135555e+18,1.4680121115307143,4.645508992910887,-0.6652230200411998
1.4036367238635556e+18,1.505405901,4.5508401548,-0.6355269257,1.4036367238635556e+18,1.4871720893516374,4.632232248874893,-0.6604140324191227
1.4036367239135555e+18,1.5250198112,4.5377031338,-0.6324209293,1.4036367239135555e+18,1.506291126749979,4.618828528474524,-0.6570416549859436
1.4036367239635556e+18,1.5446282126,4.5245346029,-0.6310260845,1.4036367239635556e+18,1.526850360175279,4.605100066971724,-0.6550781565598552
1.4036367240135555e+18,1.564060059,4.5117955302,-0.6311464322,1.4036367240135555e+18,1.5345771432479696,4.595743724082837,-0.6577800877369554
1.4036367240635556e+18,1.5828569335,4.4997467928,-0.6324006798,1.4036367240635556e+18,1.5570632213195257,4.5819378116445275,-0.6584577422751704
1.4036367241135555e+18,1.6013498081,4.4882986134,-0.6353223872,1.4036367241135555e+18,1.5748644976295179,4.570298112608352,-0.6612059710736821
1.4036367241635556e+18,1.6190471743,4.4775773648,-0.6388711176,1.4036367241635556e+18,1.6004573487811058,4.558274945164763,-0.6682486717576667
1.4036367242135555e+18,1.6359594936,4.4672691012,-0.6437899201,1.4036367242135555e+18,1.6178817785173982,4.547481749849776,-0.6730164406323748
1.4036367242635556e+18,1.6518308153,4.4577884592,-0.6494681611,1.4036367242635556e+18,1.634440878984563,4.5370500255321495,-0.6784249651585731
1.4036367243135555e+18,1.6668899449,4.4487438081,-0.6556383051,1.4036367243135555e+18,1.6504455214761364,4.527067683631179,-0.6842695280025825
1.4036367243635556e+18,1.6807113922,4.4401675526,-0.6617927002,1.4036367243635556e+18,1.666059580063719,4.5171833449395,-0.6902810139906118
1.4036367244135555e+18,1.6947681924,4.4314739078,-0.6664950335,1.4036367244135555e+18,1.6828844680378579,4.507054493955909,-0.6952427356698868
1.4036367244635556e+18,1.7084515563,4.4225462889,-0.669630455,1.4036367244635556e+18,1.694656832150184,4.498076538142968,-0.6929126741180979
1.4036367245135555e+18,1.7216966767,4.4135600747,-0.6708702462,1.4036367245135555e+18,1.7090420123489096,4.488118002137552,-0.6932278101752319
1.4036367245635556e+18,1.735187241,4.4039346937,-0.6709390621,1.4036367245635556e+18,1.723623107184931,4.47762833312846,-0.6925586855988636
1.4036367246135555e+18,1.748034714,4.3943783304,-0.6694177642,1.4036367246135555e+18,1.7376104935863852,4.467296566073535,-0.6904204188361752
1.4036367246635556e+18,1.7604826348,4.3843944639,-0.6651330322,1.4036367246635556e+18,1.747510734730903,4.460167291298751,-0.6927352121826037
1.4036367247135555e+18,1.7727179522,4.3739593825,-0.6589211009,1.4036367247135555e+18,1.7604879210577833,4.449290590110017,-0.6861729045969892
1.4036367247635556e+18,1.7845807151,4.3632435992,-0.6505391263,1.4036367247635556e+18,1.7730185500114999,4.43822199980178,-0.6776546780418636
1.4036367248135555e+18,1.7964077715,4.3520460337,-0.6402090628,1.4036367248135555e+18,1.7852259188781057,4.426923782453889,-0.6671210614194333
1.4036367248635556e+18,1.8078968596,4.340543171,-0.6277908677,1.4036367248635556e+18,1.7975883538067805,4.415463426815995,-0.6547209637037755
1.4036367249135555e+18,1.8190289521,4.328637628,-0.6134354534,1.4036367249135555e+18,1.8085472898246309,4.403850894287201,-0.6405358449084669
1.4036367249635556e+18,1.8298889575,4.3165284739,-0.5971756258,1.4036367249635556e+18,1.8209338263393766,4.38960195944966,-0.6219216277020142
1.4036367250135555e+18,1.8403011946,4.304455882,-0.5789537369,1.4036367250135555e+18,1.8318521499580394,4.377620607453493,-0.6036756980884616
1.4036367250635556e+18,1.8506610265,4.2925893805,-0.5586379887,1.4036367250635556e+18,1.8426301682385873,4.365976291718926,-0.5831787237773322
1.4036367251135555e+18,1.8610531426,4.2811010443,-0.5367737116,1.4036367251135555e+18,1.8534026515349677,4.355033511909534,-0.5615053724367262
1.4036367251635556e+18,1.8711224606,4.270310592,-0.5142566804,1.4036367251635556e+18,1.8553082266701422,4.3474121369899335,-0.5410312993388847
1.4036367252135555e+18,1.881244783,4.260239143,-0.4922907551,1.4036367252135555e+18,1.8658349415612103,4.337868542582241,-0.5189249659354686
1.4036367252635556e+18,1.8912273669,4.2504437458,-0.4713423747,1.4036367252635556e+18,1.8761020441349192,4.328838639344198,-0.49796039468329634
1.4036367253135555e+18,1.9012548528,4.241564008,-0.4519694927,1.4036367253135555e+18,1.8865751563411424,4.3206333935497465,-0.478334235189794
1.4036367253635556e+18,1.9111346337,4.233179331,-0.4338669197,1.4036367253635556e+18,1.8966729928864776,4.312924569694947,-0.46056340088467207
1.4036367254135555e+18,1.9208164334,4.2252223671,-0.4172451779,1.4036367254135555e+18,1.906768971165382,4.306022027955754,-0.44422106154119445
1.4036367254635556e+18,1.930219036,4.2174700484,-0.4021853135,1.4036367254635556e+18,1.9174239571752838,4.296063540593538,-0.4285844681885894
1.4036367255135555e+18,1.9396033191,4.210070651,-0.3886963532,1.4036367255135555e+18,1.9274466483053079,4.289129302332042,-0.4151051948051071
1.4036367255635556e+18,1.948992297,4.2028742194,-0.3769832022,1.4036367255635556e+18,1.9374405467798876,4.282403825196376,-0.4033578509542354
1.4036367256135555e+18,1.9580155648,4.1960001349,-0.366540998,1.4036367256135555e+18,1.9472563822563762,4.276002121573498,-0.3929392786743807
1.4036367256635556e+18,1.9665440495,4.189181615,-0.3574897743,1.4036367256635556e+18,1.9569359917342286,4.263285284095279,-0.3736306961095902
1.4036367257135555e+18,1.9746968407,4.1824192996,-0.3499839538,1.4036367257135555e+18,1.9655032216982748,4.257066062701735,-0.3662826137284728
1.4036367257635556e+18,1.9825921458,4.1755826019,-0.3442024321,1.4036367257635556e+18,1.9739062031522159,4.250848047191457,-0.3604719224466403
1.4036367258135555e+18,1.990332709,4.1688716763,-0.3398345952,1.4036367258135555e+18,1.9819478677441063,4.24445133707683,-0.3561565377811772
1.4036367258635556e+18,1.9978584034,4.1621863345,-0.3369600588,1.4036367258635556e+18,1.9894159685569686,4.23829445763333,-0.3533061719773377
1.4036367259135555e+18,2.004857233,4.155706976,-0.3348849501,1.4036367259135555e+18,1.9963524357785039,4.232410255643642,-0.3513965886302811
1.4036367259635556e+18,2.0117221494,4.1494471512,-0.334333195,1.4036367259635556e+18,2.0041817202960135,4.228141042629784,-0.3524969689044176
1.4036367260135555e+18,2.0183608582,4.1434618625,-0.3346928555,1.4036367260135555e+18,2.010859108054686,4.22295719362599,-0.35277324084556694
1.4036367260635556e+18,2.0247772164,4.1378545509,-0.3363711005,1.4036367260635556e+18,2.017043589907087,4.218074808117501,-0.35411869684112596
1.4036367261135555e+18,2.0311345389,4.1325044756,-0.3392936085,1.4036367261135555e+18,2.0231159780544883,4.213317651299175,-0.35668728559326135
1.4036367261635556e+18,2.0372376509,4.1273135368,-0.3431694166,1.4036367261635556e+18,2.042049863542185,4.198087214428616,-0.36207977721276763
1.4036367262135555e+18,2.0434301501,4.1220995253,-0.3484905366,1.4036367262135555e+18,2.0476561956380146,4.193335081414254,-0.36700967264177564
1.4036367262635556e+18,2.0498460341,4.1167953841,-0.3543721824,1.4036367262635556e+18,2.053273849216795,4.188197320414438,-0.3724537755313334
1.4036367263135555e+18,2.0561445196,4.1112705545,-0.3592081149,1.4036367263135555e+18,2.058858127524852,4.182848014734148,-0.3769780567995821
1.4036367263635556e+18,2.0626502677,4.1057389645,-0.3627260654,1.4036367263635556e+18,2.063788796200429,4.177539891993537,-0.3801271545804442
1.4036367264135555e+18,2.068445592,4.1002429897,-0.3636118315,1.4036367264135555e+18,2.0684077158486627,4.171878654445813,-0.3805653569685633
1.4036367264635556e+18,2.0738259843,4.0946763906,-0.3621350598,1.4036367264635556e+18,2.069962061742121,4.173130866020729,-0.3752337295606675
1.4036367265135555e+18,2.0789212661,4.0890728005,-0.3589682648,1.4036367265135555e+18,2.0726090831480506,4.169280406157517,-0.3714343894261588
1.4036367265635556e+18,2.0836249429,4.0833479583,-0.3532716122,1.4036367265635556e+18,2.075122382755697,4.165337433825703,-0.36580272375329936
1.4036367266135555e+18,2.0894858187,4.0773652266,-0.3461052999,1.4036367266135555e+18,2.078452837607596,4.161096437916663,-0.3594808476862287
1.4036367266635556e+18,2.0953734868,4.0725164333,-0.3375940865,1.4036367266635556e+18,2.1072813143710762,4.143379226896718,-0.35386131539896437
1.4036367267135555e+18,2.1030387143,4.0688494646,-0.3286142659,1.4036367267135555e+18,2.113470996943946,4.140302363610177,-0.3453199061459168
1.4036367267635556e+18,2.1116634184,4.0665865416,-0.3179012436,1.4036367267635556e+18,2.122740320884709,4.1367530652939895,-0.3349155047671529
1.4036367268135555e+18,2.1206515253,4.0654796005,-0.3051526639,1.4036367268135555e+18,2.1333471446568057,4.133936161507596,-0.3228122451622827
1.4036367268635556e+18,2.1308846477,4.064388359,-0.2905738347,1.4036367268635556e+18,2.14267578590312,4.1330714118899845,-0.308096171272911
1.4036367269135555e+18,2.1420556813,4.0632552477,-0.2746590205,1.4036367269135555e+18,2.153321379184856,4.13163278733118,-0.2925048539194607
1.4036367269635556e+18,2.1539548769,4.0619022492,-0.2572878335,1.4036367269635556e+18,2.1462307432976995,4.146128879513517,-0.2683094433831269
1.4036367270135555e+18,2.1655448575,4.0608239334,-0.2383168784,1.4036367270135555e+18,2.154772401689297,4.147197563811863,-0.2493919318627088
1.4036367270635556e+18,2.1777223389,4.059704125,-0.2185999223,1.4036367270635556e+18,2.167955160370251,4.1435502051939075,-0.2309350481577307
1.4036367271135555e+18,2.1901421965,4.0584104836,-0.1999374174,1.4036367271135555e+18,2.1835575021026497,4.138031645198604,-0.2133362366778967
1.4036367271635556e+18,2.2031353565,4.0569007286,-0.1827413365,1.4036367271635556e+18,2.208637089225826,4.132370200883447,-0.19036892386415405
1.4036367272135555e+18,2.2161680592,4.0547433342,-0.1671251229,1.4036367272135555e+18,2.221609766528739,4.129193457619159,-0.17520424002806612
1.4036367272635556e+18,2.2290259009,4.0519665628,-0.1530320665,1.4036367272635556e+18,2.2345498294177712,4.125149174251742,-0.16156355181725635
1.4036367273135555e+18,2.2418682268,4.0484698935,-0.1403980781,1.4036367273135555e+18,2.249030712292418,4.119399792060321,-0.148883450709986
1.4036367273635556e+18,2.2546362854,4.044116388,-0.1284364873,1.4036367273635556e+18,2.262750239432063,4.113756670599815,-0.13716802271665163
1.4036367274135555e+18,2.2669932891,4.0390415452,-0.1170833468,1.4036367274135555e+18,2.2658077697116266,4.116644599497846,-0.12957660243099267
1.4036367274635556e+18,2.2791355078,4.0333100573,-0.1063885662,1.4036367274635556e+18,2.2770006527111373,4.110934977475845,-0.11992962006915975
1.4036367275135555e+18,2.2910091474,4.0265211577,-0.0951043146,1.4036367275135555e+18,2.2882440716417474,4.104090381357457,-0.1098986242780472
1.4036367275635556e+18,2.3026544505,4.0187891556,-0.0828021762,1.4036367275635556e+18,2.299566036236852,4.09620982717529,-0.09900922474169571
1.4036367276135555e+18,2.3146659358,4.0104661136,-0.0695425251,1.4036367276135555e+18,2.3113817646909087,4.087542912907477,-0.08661684680022663
1.4036367276635556e+18,2.3267228099,4.0013651468,-0.0552565055,1.4036367276635556e+18,2.326271827790297,4.078698101044082,-0.06486097790121703
1.4036367277135555e+18,2.3384228346,3.9923133623,-0.0394496883,1.4036367277135555e+18,2.338014675626168,4.068916338125821,-0.04899640112113901
1.4036367277635556e+18,2.3497393086,3.9828960703,-0.0216202882,1.4036367277635556e+18,2.349923262106702,4.058612787483086,-0.030665120341712537
1.4036367278135555e+18,2.3611225229,3.9727246108,-0.0023261319,1.4036367278135555e+18,2.362467337720356,4.0473992523270725,-0.010697104791276835
1.4036367278635556e+18,2.3727819937,3.9621407647,0.0181182554,1.4036367278635556e+18,2.375191299944813,4.035638236153752,0.011463904191638896
1.4036367279135555e+18,2.3843620278,3.9505266395,0.0385266604,1.4036367279135555e+18,2.3844564827582273,4.025897631390464,0.030565002360242843
1.4036367279635556e+18,2.3955039393,3.9377978467,0.0581163399,1.4036367279635556e+18,2.39621447165095,4.012759553189616,0.05050465969132223
1.4036367280135555e+18,2.4062215041,3.923892761,0.076355901,1.4036367280135555e+18,2.4078324695309026,3.9985248030620175,0.0687695754138683
1.4036367280635556e+18,2.4165258539,3.909103255,0.0930055961,1.4036367280635556e+18,2.419146710999392,3.9833948366213123,0.08548517597145489
1.4036367281135555e+18,2.4264213529,3.8932897972,0.1085171508,1.4036367281135555e+18,2.430470292910816,3.967429338756604,0.1008693119682551
1.4036367281635556e+18,2.436300172,3.8771309806,0.1223932286,1.4036367281635556e+18,2.427664907473079,3.95385574389851,0.11894480732921708
1.4036367282135555e+18,2.4460927997,3.8602238727,0.1347776611,1.4036367282135555e+18,2.438784559868578,3.9366351360152843,0.13159970331586712
1.4036367282635556e+18,2.4557922103,3.8429510515,0.1455425255,1.4036367282635556e+18,2.449855052681441,3.9190711276018453,0.1427087011350906
1.4036367283135555e+18,2.4655972851,3.8249873623,0.1547449311,1.4036367283135555e+18,2.460759534978311,3.9008151762427126,0.15227688446320053
1.4036367283635556e+18,2.4754973965,3.8066148783,0.1622201878,1.4036367283635556e+18,2.47174333624793,3.88231179985966,0.1603275438827675
1.4036367284135555e+18,2.4852483157,3.7873159382,0.1684655614,1.4036367284135555e+18,2.4822651166825658,3.863120796088305,0.16647258618585348
1.4036367284635556e+18,2.4949295518,3.7678775604,0.1734938709,1.4036367284635556e+18,2.496330138512714,3.8424485299182827,0.1721879044755934
1.4036367285135555e+18,2.5051506736,3.7484224945,0.1770632503,1.4036367285135555e+18,2.508518864434408,3.822687767596978,0.17563710797395615
1.4036367285635556e+18,2.5160969231,3.7292822333,0.1788583866,1.4036367285635556e+18,2.5212551203427442,3.8033243547859623,0.17804185107661818
1.4036367286135555e+18,2.527551315,3.7106864355,0.1797407131,1.4036367286135555e+18,2.534328695552553,3.7847540952624277,0.17973904338252356
1.4036367286635556e+18,2.5400730696,3.6927047968,0.1796616597,1.4036367286635556e+18,2.526783214715487,3.7716664215689777,0.16979420791622546
1.4036367287135555e+18,2.553124505,3.6749905313,0.1805268454,1.4036367287135555e+18,2.5405170035507267,3.7542947952222674,0.1724697899803771
1.4036367287635556e+18,2.5663417091,3.6572190351,0.1833067367,1.4036367287635556e+18,2.5541390752577837,3.7370467598974244,0.17701764154867217
1.4036367288135555e+18,2.579885734,3.6393404556,0.1878460107,1.4036367288135555e+18,2.5675652847772272,3.7199891262696916,0.1831621979511311
1.4036367288635556e+18,2.5938948914,3.6208290208,0.1944077253,1.4036367288635556e+18,2.5806993962565037,3.702455632099296,0.19101711590523773
1.4036367289135555e+18,2.6081169636,3.602328993,0.2018205723,1.4036367289135555e+18,2.6166115995650254,3.680724704353616,0.2045680503576498
1.4036367289635556e+18,2.6223303961,3.5835655878,0.209038227,1.4036367289635556e+18,2.616506414054653,3.664724066025742,0.20752925287184654
1.4036367290135555e+18,2.6367265107,3.5644314989,0.2153511633,1.4036367290135555e+18,2.632309764145407,3.6459670274180453,0.214930715818475
1.4036367290635556e+18,2.6512749214,3.5451171039,0.2203622394,1.4036367290635556e+18,2.63069607398454,3.6300649642334237,0.2141905129484949
1.4036367291135555e+18,2.6660310953,3.5254993561,0.2237970637,1.4036367291135555e+18,2.6466216914696847,3.6109794980158387,0.21856043167304973
1.4036367291635556e+18,2.6812431785,3.5056897121,0.2257011249,1.4036367291635556e+18,2.662803220580966,3.591303969438421,0.22124821474259926
1.4036367292135555e+18,2.6967200498,3.485353712,0.2261267234,1.4036367292135555e+18,2.678947575510982,3.5710734080923343,0.22255978227386375
1.4036367292635556e+18,2.7121048611,3.4643882772,0.2258285191,1.4036367292635556e+18,2.6945230058124165,3.5505578896290597,0.22286540678679156
1.4036367293135555e+18,2.7277242071,3.4434415523,0.2241065463,1.4036367293135555e+18,2.713687898455021,3.5270659459180163,0.22259248053486835
1.4036367293635556e+18,2.7435520873,3.4218609481,0.2219596893,1.4036367293635556e+18,2.7312443721045367,3.504977048063348,0.22145850454860982
1.4036367294135555e+18,2.7596434441,3.4002877091,0.2198572897,1.4036367294135555e+18,2.7491448317844664,3.482883259886628,0.22057948462991894
1.4036367294635556e+18,2.7764318866,3.3782413651,0.2191375701,1.4036367294635556e+18,2.767643333695531,3.4604582000792803,0.22104111294693862
1.4036367295135555e+18,2.7940317499,3.3555885084,0.2199877068,1.4036367295135555e+18,2.7866549075906435,3.4377690551752043,0.22294322528913924
1.4036367295635556e+18,2.8118924152,3.3327724297,0.2223849633,1.4036367295635556e+18,2.7901977703400545,3.4209385490675404,0.22071197480130256
1.4036367296135555e+18,2.8293129147,3.309932109,0.2270401346,1.4036367296135555e+18,2.8086377742673774,3.398514078229555,0.226111271913923
1.4036367296635556e+18,2.8474409906,3.2868463185,0.2334388485,1.4036367296635556e+18,2.8275585270669588,3.3755817445486187,0.23296774033320677
1.4036367297135555e+18,2.8656146311,3.2635683895,0.2408330628,1.4036367297135555e+18,2.8459183304540336,3.3530565897247104,0.2403188325140767
1.4036367297635556e+18,2.8836041509,3.2404614833,0.2483400529,1.4036367297635556e+18,2.863891082713975,3.330377222741598,0.24807475412422286
1.4036367298135555e+18,2.9018526761,3.2170805059,0.2552354961,1.4036367298135555e+18,2.889093704285788,3.3031303534436756,0.2550485235859492
1.4036367298635556e+18,2.9205536528,3.1937726957,0.2609108409,1.4036367298635556e+18,2.909469130600252,3.279330104060179,0.2606464859251282
1.4036367299135555e+18,2.9393066282,3.1701348149,0.265463377,1.4036367299135555e+18,2.9298466106477044,3.255372051541764,0.26474117989838986
1.4036367299635556e+18,2.9579005431,3.1467036123,0.2684435853,1.4036367299635556e+18,2.938440365739446,3.234733053931258,0.2691490178845256
1.4036367300135555e+18,2.9758979636,3.1231177834,0.270643712,1.4036367300135555e+18,2.9575724483085954,3.210922763644125,0.27119225383767487
1.4036367300635556e+18,2.9936313507,3.0994314055,0.2719238797,1.4036367300635556e+18,2.9762196352010326,3.1871010623953655,0.2722354197551037
1.4036367301135555e+18,3.0108944327,3.0757225068,0.2721126608,1.4036367301135555e+18,2.9941969654043548,3.1633884998148982,0.2724567262547519
1.4036367301635556e+18,3.0278517048,3.0520563711,0.271457123,1.4036367301635556e+18,3.0116699501957003,3.139748528082799,0.2714467564806341
1.4036367302135555e+18,3.044745468,3.0286477563,0.2693408726,1.4036367302135555e+18,3.0285829829281425,3.1164506523194033,0.26932678706019586
1.4036367302635556e+18,3.0612732014,3.0053273417,0.2664458769,1.4036367302635556e+18,3.048422835883726,3.0883383639832607,0.26479022817653675
1.4036367303135555e+18,3.0775132701,2.9821510831,0.2629042168,1.4036367303135555e+18,3.065681445736854,3.064710423553282,0.2608058836937198
1.4036367303635556e+18,3.0938829619,2.959175589,0.2578261781,1.4036367303635556e+18,3.082626297424833,3.041483761776254,0.2557423289210111
1.4036367304135555e+18,3.1101006074,2.9364504787,0.2519538615,1.4036367304135555e+18,3.099210558704676,3.0187703093987475,0.25020121694634057
1.4036367304635556e+18,3.1254474348,2.91402352,0.2470376384,1.4036367304635556e+18,3.1138684213449745,3.0000340308271713,0.24307505914610594
1.4036367305135555e+18,3.141128622,2.8918170713,0.2436013503,1.4036367305135555e+18,3.1290307092854093,2.9783207358917636,0.24048946615344702
1.4036367305635556e+18,3.1555981715,2.8698287498,0.2426751659,1.4036367305635556e+18,3.1429544334657233,2.956746077316529,0.2400857412009184
1.4036367306135555e+18,3.1685007361,2.8485453715,0.2434320315,1.4036367306135555e+18,3.1548479969209375,2.9361988108161468,0.24175312005687422
1.4036367306635556e+18,3.1796119183,2.8281967666,0.2464529616,1.4036367306635556e+18,3.1649898670821996,2.916317605783581,0.24590986116954083
1.4036367307135555e+18,3.1889323455,2.8085490453,0.2528899575,1.4036367307135555e+18,3.173286836085108,2.896916053299906,0.2525500002478308
1.4036367307635556e+18,3.1964289752,2.7896146283,0.2616980439,1.4036367307635556e+18,3.1793720436868886,2.878412517379373,0.26257513276942634
1.4036367308135555e+18,3.2035101879,2.770929713,0.2718761987,1.4036367308135555e+18,3.185124963869871,2.8601472220882282,0.2738385304162283
1.4036367308635556e+18,3.2102752831,2.7527580091,0.2830901574,1.4036367308635556e+18,3.1901273634237866,2.8419727672462773,0.2859122132773808
1.4036367309135555e+18,3.2158802245,2.7349466149,0.2943182452,1.4036367309135555e+18,3.194461460128664,2.824338722937015,0.2975243745652485
1.4036367309635556e+18,3.2206774217,2.717926785,0.3048520926,1.4036367309635556e+18,3.205356184148021,2.804888432961091,0.2990350683087417
1.4036367310135555e+18,3.224405331,2.7017356003,0.3139138807,1.4036367310135555e+18,3.208101160310172,2.7885697364789443,0.30784405950462934
1.4036367310635556e+18,3.2269278006,2.6866234486,0.3226171933,1.4036367310635556e+18,3.210054320356722,2.7731640490584555,0.31557678137133593
1.4036367311135555e+18,3.2289575854,2.6732387436,0.3301913318,1.4036367311135555e+18,3.2116581600083207,2.7593127650476115,0.3223555384334412
1.4036367311635556e+18,3.2310016912,2.6612907997,0.3360068376,1.4036367311635556e+18,3.2134612734099446,2.747127441686011,0.32734564407793065
1.4036367312135555e+18,3.2332427009,2.6510640041,0.3401208233,1.4036367312135555e+18,3.2157097588012,2.736518954695569,0.3308049799695051
1.4036367312635556e+18,3.2359499723,2.6423175468,0.3429537517,1.4036367312635556e+18,3.2125524386803974,2.7279936431102687,0.339940053317881
1.4036367313135555e+18,3.2391618017,2.6347913132,0.3443592983,1.4036367313135555e+18,3.2148703254714985,2.7200880734193777,0.34171539093370384
1.4036367313635556e+18,3.2426503667,2.6277998881,0.3447962236,1.4036367313635556e+18,3.2196172615039527,2.712891216961922,0.33853791590257754
1.4036367314135555e+18,3.2466499659,2.6213485944,0.3436153645,1.4036367314135555e+18,3.222653896084948,2.7061032734715305,0.3375653014426552
1.4036367314635556e+18,3.2506410675,2.6149900601,0.3420014882,1.4036367314635556e+18,3.241371056785021,2.699198588502834,0.3350416540204504
1.4036367315135555e+18,3.2550416525,2.6085953102,0.3393084129,1.4036367315135555e+18,3.2449217957230276,2.6930313749486556,0.3318427000792771
1.4036367315635556e+18,3.2595804416,2.6021535545,0.3360431166,1.4036367315635556e+18,3.249164999240838,2.687127219765192,0.3278705049112087
1.4036367316135555e+18,3.2642765103,2.5963694358,0.3320411784,1.4036367316135555e+18,3.2538714901500665,2.6815993673592056,0.32328538099249393
1.4036367316635556e+18,3.2694245712,2.5912388531,0.3269577291,1.4036367316635556e+18,3.2593140853129503,2.6767816561736932,0.3175211698198378
1.4036367317135555e+18,3.2747594557,2.5873597526,0.3205983452,1.4036367317135555e+18,3.2625104772013316,2.6721759546120243,0.30987067093689913
1.4036367317635556e+18,3.2806388748,2.584276877,0.312927599,1.4036367317635556e+18,3.2678632740659364,2.669106454125515,0.30221631861631193
1.4036367318135555e+18,3.2869962233,2.5817136322,0.304421752,1.4036367318135555e+18,3.273785928185635,2.666622857568803,0.2935612475068584
1.4036367318635556e+18,3.2936284545,2.5796468198,0.2948901156,1.4036367318635556e+18,3.279995373265403,2.6646637657959484,0.28411011987547974
1.4036367319135555e+18,3.3003142001,2.577785899,0.2846914314,1.4036367319135555e+18,3.286455546285165,2.6628792602650178,0.2739236508694376
1.4036367319635556e+18,3.307005789,2.5760583662,0.2738866938,1.4036367319635556e+18,3.294412239938965,2.6626947401284475,0.263780361033622
1.4036367320135555e+18,3.3137030216,2.5745471937,0.2620351191,1.4036367320135555e+18,3.3011704271924502,2.661151253463381,0.2518762032341515
1.4036367320635556e+18,3.3204964437,2.5733673133,0.2493857889,1.4036367320635556e+18,3.30847499351776,2.660073904739093,0.23940287145836503
1.4036367321135555e+18,3.3274765581,2.5724277979,0.2354835755,1.4036367321135555e+18,3.3158647914786243,2.659039289867529,0.22535345741012147
1.4036367321635556e+18,3.3346865218,2.5716519295,0.2205400824,1.4036367321635556e+18,3.3237247527745253,2.6579472677390843,0.2107569282450008
1.4036367322135555e+18,3.3420189811,2.5713714134,0.206526077,1.4036367322135555e+18,3.332009153759559,2.6570247200480903,0.19676902714997935
1.4036367322635556e+18,3.3499431559,2.5712879573,0.1935951605,1.4036367322635556e+18,3.339722555339912,2.6567719077972507,0.18195441399403878
1.4036367323135555e+18,3.3587361474,2.5706764966,0.18236425,1.4036367323135555e+18,3.349268497967318,2.6556150789672683,0.17032901403053669
1.4036367323635556e+18,3.3681199869,2.5706317166,0.1721309624,1.4036367323635556e+18,3.359612409371306,2.6543357380656234,0.16032632966905236
1.4036367324135555e+18,3.3777529695,2.5705542385,0.1646938104,1.4036367324135555e+18,3.370372734665928,2.652950384504532,0.15346499281486958
1.4036367324635556e+18,3.3877282378,2.570438306,0.1595513531,1.4036367324635556e+18,3.3616234172321944,2.6576097069084197,0.15345234678977437
1.4036367325135555e+18,3.3990925811,2.5693620036,0.1563754065,1.4036367325135555e+18,3.374234873197126,2.6550113319309894,0.151959759041422
1.4036367325635556e+18,3.4107393643,2.566917753,0.1545919201,1.4036367325635556e+18,3.3872104189737477,2.651047984711324,0.15162360949506726
1.4036367326135555e+18,3.4224106535,2.5627964966,0.1542177878,1.4036367326135555e+18,3.400020581925683,2.6458828388674487,0.1528018188403898
1.4036367326635556e+18,3.4343171548,2.5562721415,0.1557023696,1.4036367326635556e+18,3.413189423536883,2.638669444102633,0.15514550196484578
1.4036367327135555e+18,3.4465813494,2.5475375349,0.1589030849,1.4036367327135555e+18,3.426166384887187,2.6297411343388646,0.15873067480945224
1.4036367327635556e+18,3.4596249555,2.5368994357,0.1635309422,1.4036367327635556e+18,3.4450859751454384,2.6139257627434436,0.15841659685394394
1.4036367328135555e+18,3.4720597152,2.524570815,0.170204975,1.4036367328135555e+18,3.4605859116973416,2.6011938517488886,0.16437445646012783
1.4036367328635556e+18,3.4856260825,2.5114267302,0.1761295618,1.4036367328635556e+18,3.476826584033131,2.587844019981122,0.1701459446193212
1.4036367329135555e+18,3.5002940716,2.4970472847,0.1806631861,1.4036367329135555e+18,3.4937357734997248,2.5738139297655342,0.17476867283697772
1.4036367329635556e+18,3.5159569336,2.4815108145,0.1834954197,1.4036367329635556e+18,3.496410748760625,2.563643199344309,0.1828179158524641
1.4036367330135555e+18,3.5323285844,2.4651578219,0.1847597981,1.4036367330135555e+18,3.514561348419525,2.5479538473651964,0.1842258518445129
1.4036367330635556e+18,3.5492515169,2.4480708876,0.1857549095,1.4036367330635556e+18,3.532954104211729,2.5321159166078813,0.18556740850338527
1.4036367331135555e+18,3.5667503513,2.4302786131,0.1882706931,1.4036367331135555e+18,3.551559264613984,2.5156327433640397,0.1884278714261325
1.4036367331635556e+18,3.5847043346,2.4121410699,0.1931956411,1.4036367331635556e+18,3.570294510393902,2.498360130127095,0.19343248783098355
1.4036367332135555e+18,3.6028566558,2.3930005974,0.1998866346,1.4036367332135555e+18,3.588680004130394,2.4804654022642483,0.20003272251030635
1.4036367332635556e+18,3.6212424282,2.3731248712,0.2084251632,1.4036367332635556e+18,3.6155750875511243,2.452020708726468,0.205665108785119
1.4036367333135555e+18,3.6407183312,2.3521040661,0.2183115307,1.4036367333135555e+18,3.635902762294122,2.4312560652445736,0.2151670372742588
1.4036367333635556e+18,3.6610663181,2.3304898235,0.2289875554,1.4036367333635556e+18,3.6507249142323603,2.4129816815287777,0.22760837537546996
1.4036367334135555e+18,3.6810264315,2.3085613132,0.240858467,1.4036367334135555e+18,3.6683323837422863,2.392632974718306,0.24139193645652746
1.4036367334635556e+18,3.7007282091,2.2863408863,0.2545477265,1.4036367334635556e+18,3.687985298813593,2.370812286497416,0.2543676595853187
1.4036367335135555e+18,3.7199489335,2.2641117114,0.2688184806,1.4036367335135555e+18,3.7068903705119105,2.3489987209059935,0.26816103297079563
1.4036367335635556e+18,3.7392416503,2.2416461239,0.2823707681,1.4036367335635556e+18,3.7258278407361693,2.3268552205909527,0.2813410228778721
1.4036367336135555e+18,3.7586606551,2.2192104972,0.2948734182,1.4036367336135555e+18,3.744820313269762,2.3045394035334077,0.2935609355644905
1.4036367336635556e+18,3.7778867861,2.1965517959,0.3059850931,1.4036367336635556e+18,3.76357889952185,2.2820195676552606,0.30409648728023464
1.4036367337135555e+18,3.7969196717,2.1740520171,0.3153365753,1.4036367337135555e+18,3.782370398673484,2.259853938117095,0.30887732411363455
1.4036367337635556e+18,3.8154888837,2.1517010325,0.3231217792,1.4036367337635556e+18,3.8005759792586913,2.2373975035622875,0.3157136108589478
1.4036367338135555e+18,3.8338082001,2.1291965413,0.3290682922,1.4036367338135555e+18,3.818560699255081,2.214658054254106,0.32073656058695543
1.4036367338635556e+18,3.8519231705,2.1066962308,0.3338389274,1.4036367338635556e+18,3.8364812066524943,2.191733640708464,0.3248678175355232
1.4036367339135555e+18,3.8694416067,2.0843907299,0.3374601809,1.4036367339135555e+18,3.8636026149126135,2.162876157503792,0.3349855792063099
1.4036367339635556e+18,3.8865797541,2.0622243541,0.3399685843,1.4036367339635556e+18,3.880561759499112,2.140020031055385,0.3374686162253596
1.4036367340135555e+18,3.9030955182,2.0397835424,0.3420050904,1.4036367340135555e+18,3.8971974763996493,2.117197374507989,0.33913456716446355
1.4036367340635556e+18,3.9195427589,2.0170484655,0.3431597015,1.4036367340635556e+18,3.913899586830902,2.094264913275678,0.33992070675399766
1.4036367341135555e+18,3.9355354269,1.9939495502,0.3442882013,1.4036367341135555e+18,3.9304044106526232,2.070850905546808,0.34058648389584356
1.4036367341635556e+18,3.9518775792,1.9704469761,0.3458065303,1.4036367341635556e+18,3.9470697433231687,2.047081245827399,0.34209018083680054
1.4036367342135555e+18,3.9679566718,1.9464793154,0.3489806412,1.4036367342135555e+18,3.9613117317649693,2.023161136754933,0.34298001528645683
1.4036367342635556e+18,3.9845297454,1.9220679141,0.3542898266,1.4036367342635556e+18,3.9775220977987757,1.9986165072529753,0.3475573254409876
1.4036367343135555e+18,4.0015608205,1.8974105013,0.3604913523,1.4036367343135555e+18,3.9941154212801475,1.9738316910256102,0.35322168873958126
1.4036367343635556e+18,4.0184480605,1.8728842419,0.3685492827,1.4036367343635556e+18,4.01047021094295,1.9490743454362294,0.36074287719995757
1.4036367344135555e+18,4.0354330012,1.8482350466,0.3787048486,1.4036367344135555e+18,4.036234628535676,1.9243460433340243,0.37474262209118714
1.4036367344635556e+18,4.0524834611,1.8237963362,0.3896301069,1.4036367344635556e+18,4.0525815541572205,1.8995727903751982,0.38560841733302265
1.4036367345135555e+18,4.0693656011,1.7995162067,0.400394368,1.4036367345135555e+18,4.068624722027549,1.8752738203442227,0.3961608673534354
1.4036367345635556e+18,4.0860867831,1.7753887854,0.4099786062,1.4036367345635556e+18,4.084670499308162,1.8509617276664398,0.4057852475872633
1.4036367346135555e+18,4.102578036,1.7514052349,0.4183317488,1.4036367346135555e+18,4.100639819986065,1.8269103394279096,0.41429122495815013
1.4036367346635556e+18,4.1188732008,1.7278032926,0.4250330298,1.4036367346635556e+18,4.1164237267052854,1.8032041908694123,0.42134802806103794
1.4036367347135555e+18,4.1347104497,1.7044154418,0.4302947225,1.4036367347135555e+18,4.129157189763242,1.7810148979805596,0.4246282752538105
1.4036367347635556e+18,4.1501999032,1.6814236967,0.434208929,1.4036367347635556e+18,4.14352595213737,1.7580287893200666,0.4284451825763794
1.4036367348135555e+18,4.1653601162,1.6584806052,0.4364028533,1.4036367348135555e+18,4.15755127619151,1.7350825212760967,0.4303318671867901
1.4036367348635556e+18,4.1799809551,1.6357266476,0.4371689304,1.4036367348635556e+18,4.170935353663028,1.7121487365235786,0.4309669253838361
1.4036367349135555e+18,4.1939133347,1.6132328491,0.4366787025,1.4036367349135555e+18,4.202914755861273,1.6861005277169916,0.42235054009070105
1.4036367349635556e+18,4.2073133077,1.5911326598,0.4351238356,1.4036367349635556e+18,4.215191563080815,1.6638298628482429,0.42064043293820086
1.4036367350135555e+18,4.2201850888,1.5694609588,0.4323708493,1.4036367350135555e+18,4.226860054408461,1.6417138488411314,0.41797248029491946
1.4036367350635556e+18,4.2323856126,1.5478750629,0.4290659071,1.4036367350635556e+18,4.23830679314464,1.6197661710432207,0.4147335926637896
1.4036367351135555e+18,4.2448568179,1.5264318204,0.4250351048,1.4036367351135555e+18,4.24981554742951,1.5977405946471839,0.4112219207899529
1.4036367351635556e+18,4.257195078,1.5053645048,0.4218345724,1.4036367351635556e+18,4.261288359474861,1.5767373379143925,0.40882430350592797
1.4036367352135555e+18,4.2688526604,1.4848243755,0.4196415888,1.4036367352135555e+18,4.26925962692931,1.559574092067193,0.40939559168012685
1.4036367352635556e+18,4.2795698508,1.4646966153,0.4195651799,1.4036367352635556e+18,4.277948679210546,1.5399281445640542,0.4108468054237838
1.4036367353135555e+18,4.28958038,1.445137146,0.4217900216,1.4036367353135555e+18,4.2858260460920405,1.5206787458723952,0.4149393830982001
1.4036367353635556e+18,4.2982422527,1.426335516,0.4271343544,1.4036367353635556e+18,4.292317336375728,1.5020242752800472,0.422311011094625
1.4036367354135555e+18,4.3058934706,1.4083836426,0.4360782164,1.4036367354135555e+18,4.320107182027515,1.479286676497308,0.415335515374577
1.4036367354635556e+18,4.313527388,1.3908531047,0.4475845878,1.4036367354635556e+18,4.327201888085538,1.460632074474912,0.4275985795712991
1.4036367355135555e+18,4.3205586713,1.3741874648,0.4601061744,1.4036367355135555e+18,4.333999071269226,1.4429494649302037,0.4407180680711461
1.4036367355635556e+18,4.3274145006,1.3582708539,0.4742018463,1.4036367355635556e+18,4.339790940306939,1.4264282288414165,0.45637711870964937
1.4036367356135555e+18,4.333653425,1.3429011586,0.4892545467,1.4036367356135555e+18,4.346619049545283,1.4104777398028414,0.47214565902858024
1.4036367356635556e+18,4.339734715,1.3280050527,0.5036238584,1.4036367356635556e+18,4.342439421875657,1.4031727031039476,0.4975459033631523
1.4036367357135555e+18,4.3456287858,1.313168702,0.5164859618,1.4036367357135555e+18,4.346945495130793,1.3878178557133807,0.511632765802423
1.4036367357635556e+18,4.3510695968,1.2989467639,0.5278756525,1.4036367357635556e+18,4.3502984054501015,1.3737634659989055,0.5252752530843765
1.4036367358135555e+18,4.3559536993,1.2849457,0.5382942379,1.4036367358135555e+18,4.353754386529507,1.3594862240958685,0.5371766901328386
1.4036367358635556e+18,4.3606175857,1.2715031082,0.5472927671,1.4036367358635556e+18,4.356969381948902,1.34568059735067,0.54776371126092
1.4036367359135555e+18,4.3649119744,1.2584165363,0.555011236,1.4036367359135555e+18,4.373322182386561,1.3316717144367072,0.5391081845619519
1.4036367359635556e+18,4.3687611291,1.2459367762,0.56144955,1.4036367359635556e+18,4.376708866824965,1.3176803543500184,0.546044807537235
1.4036367360135555e+18,4.372236325,1.233361928,0.5680614615,1.4036367360135555e+18,4.380170206954352,1.3037111375435502,0.5524312969218115
1.4036367360635556e+18,4.3754542277,1.2207600754,0.5756847389,1.4036367360635556e+18,4.383070759355155,1.289848796494975,0.5597859828838478
1.4036367361135555e+18,4.3785143715,1.2079582824,0.5855165758,1.4036367361135555e+18,4.386211924616892,1.2757638847979287,0.5690183751630653
1.4036367361635556e+18,4.3816645915,1.1950674908,0.5968809447,1.4036367361635556e+18,4.389627694950248,1.2618818011689532,0.579938884739178
1.4036367362135555e+18,4.385145966,1.1821664959,0.610290286,1.4036367362135555e+18,4.390989814332122,1.2535644801675678,0.5962108069897604
1.4036367362635556e+18,4.3886656352,1.1694185906,0.6242089613,1.4036367362635556e+18,4.390079275064966,1.2460814142560892,0.6127966077004842
1.4036367363135555e+18,4.3921987744,1.1571423025,0.6378114642,1.4036367363135555e+18,4.39386683867839,1.2329869813233838,0.6259914881663355
1.4036367363635556e+18,4.3957346276,1.1449946691,0.6499377522,1.4036367363635556e+18,4.397715067071982,1.2200935373768185,0.6376624389455431
1.4036367364135555e+18,4.3993388211,1.1329179725,0.6605766165,1.4036367364135555e+18,4.4016415875666866,1.207444663284539,0.647681504723342
1.4036367364635556e+18,4.4027891786,1.1212609079,0.6696146292,1.4036367364635556e+18,4.405303160432544,1.1952545467591813,0.6564730477068761
1.4036367365135555e+18,4.4059543324,1.1095295087,0.6766763004,1.4036367365135555e+18,4.411430637825024,1.1808833482651857,0.661547740019372
1.4036367365635556e+18,4.4091771428,1.0975066218,0.681951293,1.4036367365635556e+18,4.415879564097009,1.167826813590969,0.6658964499933197
1.4036367366135555e+18,4.4124472457,1.0851917894,0.6860119742,1.4036367366135555e+18,4.420553561566431,1.1545534613541086,0.6687037755789829
1.4036367366635556e+18,4.4159766011,1.0718367516,0.6892071599,1.4036367366635556e+18,4.425419648763124,1.1405973352522483,0.6705421574403664
1.4036367367135555e+18,4.4194054234,1.0578245726,0.6915313743,1.4036367367135555e+18,4.430198740645945,1.1260367424729574,0.671310984459998
1.4036367367635556e+18,4.4229920135,1.0429491576,0.6924966923,1.4036367367635556e+18,4.40927508705332,1.1239954109353683,0.6840270723845602
1.4036367368135555e+18,4.4266074283,1.027127187,0.6929763793,1.4036367368135555e+18,4.413944100732025,1.1082563590020982,0.6833854247442446
1.4036367368635556e+18,4.4303484664,1.010402457,0.6928146235,1.4036367368635556e+18,4.418028247995704,1.0923447792095025,0.6827563226060698
1.4036367369135555e+18,4.4344768097,0.9929471185,0.691607354,1.4036367369135555e+18,4.422517188691335,1.075129964213461,0.680910510896804
1.4036367369635556e+18,4.4383802152,0.9744271843,0.6900808443,1.4036367369635556e+18,4.425792392568465,1.057511155367271,0.6798984462000754
1.4036367370135555e+18,4.4424549598,0.9548892034,0.6880143002,1.4036367370135555e+18,4.429262552163942,1.0390058344029098,0.6777585970873827
1.4036367370635556e+18,4.4464217166,0.9349429912,0.6854603285,1.4036367370635556e+18,4.44125960168703,1.0140580311227705,0.6626239966868367
1.4036367371135555e+18,4.4505204911,0.9144548867,0.6824821519,1.4036367371135555e+18,4.446536919032194,0.9940904317923769,0.6585815617975359
1.4036367371635556e+18,4.4548676415,0.8941185033,0.678227269,1.4036367371635556e+18,4.452453706908759,0.9736896867578144,0.6525423402864714
1.4036367372135555e+18,4.4594323063,0.8736122217,0.6731379411,1.4036367372135555e+18,4.458670575348144,0.9532046973737418,0.6456234523904911
1.4036367372635556e+18,4.4644361683,0.8529012091,0.6671412041,1.4036367372635556e+18,4.438517917280257,0.9360427113993373,0.6611148947590129
1.4036367373135555e+18,4.469607768,0.8324856789,0.6603722131,1.4036367373135555e+18,4.444475637523689,0.9158423232249504,0.6539430135555672
1.4036367373635556e+18,4.4744082979,0.8121508401,0.6550788452,1.4036367373635556e+18,4.450589686941781,0.8958709073296118,0.6475591821451278
1.4036367374135555e+18,4.4804035354,0.7918709502,0.6512559266,1.4036367374135555e+18,4.456171042824505,0.8763572603402636,0.6446648467428332
1.4036367374635556e+18,4.4863632921,0.7718242431,0.649424484,1.4036367374635556e+18,4.462505741544681,0.8569813262232144,0.6429429162637417
1.4036367375135555e+18,4.4915891728,0.7522150307,0.6498654315,1.4036367375135555e+18,4.468680694530749,0.8379605163810582,0.643391591359792
1.4036367375635556e+18,4.4963555989,0.7327828563,0.6519092282,1.4036367375635556e+18,4.481618898799237,0.8141708070519691,0.6353249018337617
1.4036367376135555e+18,4.500489669,0.7136854909,0.6556789037,1.4036367376135555e+18,4.466317229242174,0.7977975413961755,0.6486373201888629
1.4036367376635556e+18,4.5049998499,0.6948063281,0.6605595157,1.4036367376635556e+18,4.473130075790596,0.7794777261257422,0.6519194125765043
1.4036367377135555e+18,4.5096485476,0.6765917193,0.6665654855,1.4036367377135555e+18,4.47899152020497,0.762497852787861,0.6573200315504366
1.4036367377635556e+18,4.5133755649,0.6592482245,0.6743162169,1.4036367377635556e+18,4.4842534846864375,0.7462462110371231,0.664815298356618
1.4036367378135555e+18,4.5164526756,0.6428761043,0.6835337118,1.4036367378135555e+18,4.488596258320617,0.7309298488864613,0.6739583084493772
1.4036367378635556e+18,4.5193410732,0.6275443887,0.6951189903,1.4036367378635556e+18,4.497372548279795,0.7121897296808077,0.6806510041741157
1.4036367379135555e+18,4.5218321659,0.6134136181,0.7082532905,1.4036367379135555e+18,4.501593341747394,0.6990431197899944,0.6943343072735242
1.4036367379635556e+18,4.5236740581,0.6006432594,0.7236361469,1.4036367379635556e+18,4.506283020278069,0.6868826109593407,0.7097151027479455
1.4036367380135555e+18,4.5250046086,0.5891986174,0.7409929128,1.4036367380135555e+18,4.510492145480718,0.6761131262755309,0.7272845223794411
1.4036367380635556e+18,4.526570286,0.5788918724,0.7594874378,1.4036367380635556e+18,4.513098756106229,0.6671767339264778,0.7466630002750382
1.4036367381135555e+18,4.5275903455,0.5699972135,0.7779911065,1.4036367381135555e+18,4.498027214728367,0.6592485034919484,0.7680827139330844
1.4036367381635556e+18,4.5282066797,0.5615779891,0.7956642342,1.4036367381635556e+18,4.500072344351189,0.6518399415160165,0.7864033977634902
1.4036367382135555e+18,4.5287900463,0.5540129053,0.8117852136,1.4036367382135555e+18,4.499766682505306,0.6459313799390047,0.8033845233416622
1.4036367382635556e+18,4.5293393086,0.5469667833,0.8261765335,1.4036367382635556e+18,4.499349383398528,0.6399664106040355,0.8181265109086725
1.4036367383135555e+18,4.5296079533,0.5403865335,0.8388418404,1.4036367383135555e+18,4.4994050193691635,0.6343558667248406,0.8313867783271897
1.4036367383635556e+18,4.5295004693,0.5342991199,0.8501385976,1.4036367383635556e+18,4.507070374487821,0.6253167502646764,0.8468363631693074
1.4036367384135555e+18,4.5289860758,0.5286929615,0.8599236977,1.4036367384135555e+18,4.5074282476786625,0.6201687665826991,0.8578201834106851
1.4036367384635556e+18,4.5281833793,0.5239669568,0.8681031552,1.4036367384635556e+18,4.507301539955447,0.6159151282913147,0.8670827040908577
1.4036367385135555e+18,4.5269218744,0.5202049133,0.8748798049,1.4036367385135555e+18,4.506500120085361,0.6127418005716407,0.8745125929178433
1.4036367385635556e+18,4.5252770367,0.5173995916,0.8797115882,1.4036367385635556e+18,4.505136627287755,0.6104129832589313,0.8798512297844325
1.4036367386135555e+18,4.5230143779,0.5154342474,0.8829038293,1.4036367386135555e+18,4.505663568467789,0.6014816484976335,0.8719001930600327
1.4036367386635556e+18,4.5201007041,0.5145552291,0.8846495577,1.4036367386635556e+18,4.5029361960549465,0.6009431520348532,0.873393714680875
1.4036367387135555e+18,4.5167743472,0.5146713674,0.8849952759,1.4036367387135555e+18,4.4997540966260345,0.6012248797425084,0.8732523172267161
1.4036367387635556e+18,4.5132744139,0.5155861236,0.8838616514,1.4036367387635556e+18,4.496573757203759,0.6020942339391908,0.8713019621909646
1.4036367388135555e+18,4.509853803,0.517261357,0.8813354252,1.4036367388135555e+18,4.493286377364939,0.6033891496569934,0.8681110430455223
1.4036367388635556e+18,4.5063910395,0.5201451284,0.8775259524,1.4036367388635556e+18,4.4912308257001765,0.6060436265906728,0.8672975165928953
1.4036367389135555e+18,4.5034420626,0.5240044918,0.8718529648,1.4036367389135555e+18,4.488794011223234,0.6097032189651213,0.861626995520705
1.4036367389635556e+18,4.5007586789,0.52878839,0.8648752973,1.4036367389635556e+18,4.486572973441486,0.614159173493773,0.8544347757155173
1.4036367390135555e+18,4.4983702508,0.5347246421,0.8564501199,1.4036367390135555e+18,4.484825089294182,0.6196331505287196,0.8458525444614067
1.4036367390635556e+18,4.4965632368,0.5421200856,0.8465251924,1.4036367390635556e+18,4.483646050063211,0.6262296907746396,0.8359174445323911
1.4036367391135555e+18,4.4953276531,0.55114304,0.8353140077,1.4036367391135555e+18,4.505087892618582,0.6241808246054084,0.8179891138939595
1.4036367391635556e+18,4.4949736107,0.5612889424,0.8223539632,1.4036367391635556e+18,4.505429881838535,0.6330606622178632,0.8057892232263406
1.4036367392135555e+18,4.4952136884,0.5725352693,0.8087066815,1.4036367392135555e+18,4.506457476375235,0.6430335303666546,0.7928668006126205
1.4036367392635556e+18,4.4963175839,0.5846670824,0.7939249031,1.4036367392635556e+18,4.508671036520574,0.6536522699935547,0.7787813319471777
1.4036367393135555e+18,4.4979381992,0.5972791589,0.7784905114,1.4036367393135555e+18,4.511464615022859,0.6643607293349105,0.7640549857730341
1.4036367393635556e+18,4.4999756722,0.6101913395,0.7630685794,1.4036367393635556e+18,4.514960000818643,0.6756853701206555,0.7492571050035103
1.4036367394135555e+18,4.5027022897,0.6228130755,0.7492495677,1.4036367394135555e+18,4.514373306235884,0.6915483470519379,0.7384924926656847
1.4036367394635556e+18,4.5056447243,0.6353320699,0.73737918,1.4036367394635556e+18,4.51729155815402,0.7035127705395681,0.7275274785127226
1.4036367395135555e+18,4.5085014655,0.6472960884,0.7279320675,1.4036367395135555e+18,4.542446852108249,0.70605145246597,0.7151586494321287
1.4036367395635556e+18,4.5111530849,0.6588031152,0.7216192519,1.4036367395635556e+18,4.544825143100782,0.7173485682336165,0.709010842750328
1.4036367396135555e+18,4.5138701838,0.6696958974,0.7168832038,1.4036367396135555e+18,4.547024562879307,0.7282103290802993,0.7042064959912486
1.4036367396635556e+18,4.5167672038,0.6803844161,0.7136261516,1.4036367396635556e+18,4.5490279742883635,0.7389678730198166,0.700973244219862
1.4036367397135555e+18,4.5196038313,0.6906301779,0.7115104999,1.4036367397135555e+18,4.550970226123436,0.7495010673273663,0.6986317562275408
1.4036367397635556e+18,4.522022346,0.7005459765,0.7090666492,1.4036367397635556e+18,4.554284614378242,0.7605248363547767,0.6970994743971302
1.4036367398135555e+18,4.5246852537,0.710293403,0.7050721347,1.4036367398135555e+18,4.555444829815155,0.7713861477446446,0.6930492448651924
1.4036367398635556e+18,4.5273264002,0.7201864176,0.6996969197,1.4036367398635556e+18,4.556297062496752,0.7825547736279961,0.6876454036024391
1.4036367399135555e+18,4.5300583673,0.7303779955,0.6932360804,1.4036367399135555e+18,4.556981416415054,0.7941385925778421,0.6812005745891906
1.4036367399635556e+18,4.5330095924,0.7407708176,0.6852897296,1.4036367399635556e+18,4.557934654337408,0.80586212374768,0.673275221367533
1.4036367400135555e+18,4.5363116302,0.7510405752,0.6762776039,1.4036367400135555e+18,4.582248029562073,0.8023771830116493,0.6596315170753229
1.4036367400635556e+18,4.5397413024,0.7613660885,0.6661264921,1.4036367400635556e+18,4.584129903862481,0.8136120287093811,0.6494778860696655
1.4036367401135555e+18,4.5434821368,0.771445936,0.6548929176,1.4036367401135555e+18,4.586776412624263,0.8242152933466178,0.6383386277192744
1.4036367401635556e+18,4.547538408,0.7817653671,0.642591775,1.4036367401635556e+18,4.589832274633547,0.834967626421578,0.6261682221877007
1.4036367402135555e+18,4.5515786989,0.7917567675,0.6293329954,1.4036367402135555e+18,4.5944408616461985,0.8434296780906219,0.6129210738822956
1.4036367402635556e+18,4.5554459078,0.8012370665,0.6152906563,1.4036367402635556e+18,4.59756754658158,0.8529548538276979,0.5990528205441228
1.4036367403135555e+18,4.5588533568,0.8099864711,0.6013216628,1.4036367403135555e+18,4.590948690298438,0.8706669427945899,0.5880746688224379
1.4036367403635556e+18,4.5619416865,0.8179724186,0.5860728607,1.4036367403635556e+18,4.592104168924145,0.8803157950527289,0.5728866616720004
1.4036367404135555e+18,4.5646825191,0.8255544503,0.5697702376,1.4036367404135555e+18,4.593898180347273,0.8887679812130398,0.556264509505629
1.4036367404635556e+18,4.567521625,0.8327643864,0.5518775223,1.4036367404635556e+18,4.595911733507777,0.8966059964912438,0.538320944098135
1.4036367405135555e+18,4.5704219573,0.83980071,0.5343034894,1.4036367405135555e+18,4.608711084828696,0.8949121339751955,0.512318695237015
1.4036367405635556e+18,4.5738013468,0.8466264024,0.5173162495,1.4036367405635556e+18,4.611821229531539,0.9015462720137997,0.4956068441693909
1.4036367406135555e+18,4.5773589618,0.8532476546,0.5019218403,1.4036367406135555e+18,4.615408510780789,0.9079314362482407,0.4805515993156953
1.4036367406635556e+18,4.5810125434,0.8596725859,0.4882051997,1.4036367406635556e+18,4.619659882916017,0.9141266552611844,0.466957381037578
1.4036367407135555e+18,4.5851392693,0.8659954758,0.476036702,1.4036367407135555e+18,4.624501558247836,0.9200558060403883,0.4547576438915684
1.4036367407635556e+18,4.5897974573,0.8725341938,0.4647516281,1.4036367407635556e+18,4.630177330193032,0.9262585428092827,0.44349000699582836
1.4036367408135555e+18,4.5946459313,0.8791998068,0.4539093755,1.4036367408135555e+18,4.630769127554388,0.9403890279528988,0.43530841365671846
1.4036367408635556e+18,4.5995587552,0.8859207585,0.4421677206,1.4036367408635556e+18,4.636170758544707,0.9478508269137893,0.42404199312889923
1.4036367409135555e+18,4.6049151289,0.8929185518,0.4286365468,1.4036367409135555e+18,4.641987239859387,0.9551652638492225,0.41129531438423567
1.4036367409635556e+18,4.6104520991,0.9000320765,0.413616394,1.4036367409635556e+18,4.648137346425134,0.9623396166703455,0.39716827273304156
1.4036367410135555e+18,4.6162489554,0.9068165004,0.3966662153,1.4036367410135555e+18,4.6475397666550915,0.9640557307054256,0.3787177307609988
1.4036367410635556e+18,4.6220421494,0.913313576,0.3781232722,1.4036367410635556e+18,4.654039525476554,0.9698192292833161,0.36098544081037093
1.4036367411135555e+18,4.6273230997,0.9190440608,0.3581610248,1.4036367411135555e+18,4.66059265481407,0.9745387707706987,0.3407171598859069
1.4036367411635556e+18,4.6327910768,0.9237814948,0.3367473237,1.4036367411635556e+18,4.667539663105489,0.9775461078069219,0.3187875149464353
1.4036367412135555e+18,4.6379912593,0.927441192,0.314079985,1.4036367412135555e+18,4.674112086035677,0.9794219848397239,0.2951049839687946
1.4036367412635556e+18,4.6429836053,0.9298426555,0.2900902431,1.4036367412635556e+18,4.6802284626976025,0.9800273794214491,0.27000916908843275
1.4036367413135555e+18,4.6482770247,0.9310764912,0.2648156373,1.4036367413135555e+18,4.689370424716506,0.9845356899743187,0.24523400922439265
1.4036367413635556e+18,4.6541914482,0.9314062804,0.2392915202,1.4036367413635556e+18,4.687172529483582,0.9847861243535991,0.22064380778663228
1.4036367414135555e+18,4.6603600165,0.9314353813,0.2150367316,1.4036367414135555e+18,4.694782272604197,0.9837897031812228,0.19589985086693973
1.4036367414635556e+18,4.666642557,0.9312780896,0.1922182061,1.4036367414635556e+18,4.702398921549723,0.9828064153588931,0.17266362511651256
1.4036367415135555e+18,4.6730796152,0.9313241201,0.1706483612,1.4036367415135555e+18,4.7097663644097025,0.9820595243474681,0.15088083678108644
1.4036367415635556e+18,4.6791101651,0.9315789732,0.1516284577,1.4036367415635556e+18,4.716813819457283,0.9816837059996497,0.13126457158328841
1.4036367416135555e+18,4.6857200679,0.9325584842,0.1336499856,1.4036367416135555e+18,4.722687424709706,0.9785881058268084,0.11257267159504691
1.4036367416635556e+18,4.6917964966,0.9341710196,0.1178468523,1.4036367416635556e+18,4.729434677185807,0.9787842298503047,0.09650163828452185
1.4036367417135555e+18,4.6973278504,0.9367830286,0.1042896634,1.4036367417135555e+18,4.7356133320733464,0.9800943310180057,0.0827995340287152
1.4036367417635556e+18,4.7019838821,0.9405721421,0.0927916745,1.4036367417635556e+18,4.73907361812236,0.9983742958435595,0.0838901743322763
1.4036367418135555e+18,4.7062897112,0.9450284506,0.0820254413,1.4036367418135555e+18,4.743829968545507,1.002138772776492,0.07316542739496767
1.4036367418635556e+18,4.7105656981,0.9497543891,0.0705494828,1.4036367418635556e+18,4.748432869545085,1.0066714765021456,0.061850222640071784
1.4036367419135555e+18,4.7147052756,0.9545800952,0.0571553099,1.4036367419135555e+18,4.752588014933117,1.0112598252044065,0.04864180181924194
1.4036367419635556e+18,4.7184904388,0.9595216387,0.0419504092,1.4036367419635556e+18,4.755853292640121,1.01664537829459,0.03384462193262727
1.4036367420135555e+18,4.7217393901,0.9642898487,0.0250383804,1.4036367420135555e+18,4.758281199052975,1.0219117042262296,0.01718429288861112
1.4036367420635556e+18,4.7242753158,0.9685289667,0.007999839,1.4036367420635556e+18,4.760849182934235,1.021649646634517,-0.00031505387124564077
1.4036367421135555e+18,4.7258567816,0.9722762844,-0.0080774593,1.4036367421135555e+18,4.761961461724013,1.0252102507481067,-0.017003509562650843
1.4036367421635556e+18,4.7262915938,0.9759056945,-0.0221532619,1.4036367421635556e+18,4.761952501032384,1.0288101582556322,-0.03215390442140065
1.4036367422135555e+18,4.7255675656,0.9800036377,-0.0346709098,1.4036367422135555e+18,4.760838753818524,1.033026364055205,-0.045939343603889404
1.4036367422635556e+18,4.7237597397,0.984475753,-0.0446512506,1.4036367422635556e+18,4.763538976358429,1.0456535329259675,-0.04350130594351298
1.4036367423135555e+18,4.7216869182,0.989237355,-0.0530539532,1.4036367423135555e+18,4.761161713505737,1.0508068320059278,-0.053237360678695556
1.4036367423635556e+18,4.7193371022,0.9941193626,-0.0599344521,1.4036367423635556e+18,4.758447887586267,1.0560470588962616,-0.06132811607287769
1.4036367424135555e+18,4.7161656233,0.9998318635,-0.0645148005,1.4036367424135555e+18,4.754746975073579,1.0625057042702943,-0.06695736019431864
1.4036367424635556e+18,4.7128530721,1.0059672081,-0.067378436,1.4036367424635556e+18,4.750626442687752,1.0693746232151664,-0.07096372495143577
1.4036367425135555e+18,4.7095483351,1.0122183921,-0.0696813916,1.4036367425135555e+18,4.746283321081672,1.0768585085967266,-0.07437224063681336
1.4036367425635556e+18,4.7055480304,1.0191834381,-0.0714456081,1.4036367425635556e+18,4.73717136573985,1.0748426178561177,-0.09411579456760322
1.4036367426135555e+18,4.7014776375,1.0263709508,-0.0721231952,1.4036367426135555e+18,4.732308968397274,1.0820757235218288,-0.0973989586800762
1.4036367426635556e+18,4.6974466798,1.0336141873,-0.0739483134,1.4036367426635556e+18,4.727478924976175,1.089369599022493,-0.10160439447346115
1.4036367427135555e+18,4.6934529954,1.0406735521,-0.0778205112,1.4036367427135555e+18,4.722570077937827,1.0966738205299076,-0.1077925676903676
1.4036367427635556e+18,4.6895206631,1.0476436709,-0.0842391492,1.4036367427635556e+18,4.7302494681174725,1.1107656333072047,-0.08959444630569113
1.4036367428135555e+18,4.6859750204,1.0543514015,-0.0924751785,1.4036367428135555e+18,4.725777768897193,1.1177095278256077,-0.09956123679486939
1.4036367428635556e+18,4.6828091958,1.0605309865,-0.1024754911,1.4036367428635556e+18,4.7217546973801765,1.124261063086621,-0.11103359458078121
1.4036367429135555e+18,4.6804243767,1.0662046945,-0.1144856256,1.4036367429135555e+18,4.719028612116001,1.1304625998812994,-0.1221406042458889
1.4036367429635556e+18,4.678713327,1.0717232359,-0.1284644861,1.4036367429635556e+18,4.716677682233069,1.1359612658995561,-0.1361151119964924
1.4036367430135555e+18,4.6772293143,1.0773916083,-0.144842613,1.4036367430135555e+18,4.7148291700092,1.1418879735449936,-0.15163945574561033
1.4036367430635556e+18,4.6762811966,1.0829664337,-0.1631229546,1.4036367430635556e+18,4.709411857308615,1.148552720788783,-0.18178551183170077
1.4036367431135555e+18,4.6756417773,1.0885080713,-0.181900323,1.4036367431135555e+18,4.7128018558601275,1.153443798576797,-0.19688567439756988
1.4036367431635556e+18,4.6749392029,1.0944740957,-0.2002809876,1.4036367431635556e+18,4.710851404360949,1.159665717850873,-0.21615312914164664
1.4036367432135555e+18,4.6736743693,1.1015243754,-0.2174045044,1.4036367432135555e+18,4.7085165196031245,1.1667878285253903,-0.23369162390602483
1.4036367432635556e+18,4.6719243954,1.1097147085,-0.2337294968,1.4036367432635556e+18,4.70587738325939,1.174784961615941,-0.24981819628427837
1.4036367433135555e+18,4.6687740727,1.1191128335,-0.2466981915,1.4036367433135555e+18,4.702410532847481,1.183567032891553,-0.2623801557979818
1.4036367433635556e+18,4.66438381,1.130158345,-0.2574785887,1.4036367433635556e+18,4.697153580338917,1.1964506367150003,-0.27209826685805416
1.4036367434135555e+18,4.6584327502,1.1433927528,-0.2658249082,1.4036367434135555e+18,4.693422249701307,1.2081025465189548,-0.28578541671080837
1.4036367434635556e+18,4.6506907502,1.1587124415,-0.2724940249,1.4036367434635556e+18,4.685478472740187,1.2232579108289743,-0.2915110713703869
1.4036367435135555e+18,4.6424746101,1.1753314265,-0.2797230025,1.4036367435135555e+18,4.677118675981561,1.2394804985143715,-0.297670152887873
1.4036367435635556e+18,4.6336098046,1.1930884361,-0.2879675253,1.4036367435635556e+18,4.66819368014943,1.2569018573372306,-0.3050680462420018
1.4036367436135555e+18,4.6238233649,1.2121929274,-0.2980770952,1.4036367436135555e+18,4.658412763858341,1.2754904789061232,-0.31408280650936626
1.4036367436635556e+18,4.6134687714,1.2320460882,-0.310052021,1.4036367436635556e+18,4.647849400499961,1.294807603429268,-0.32204273558779983
1.4036367437135555e+18,4.6025745235,1.2526680534,-0.3234088434,1.4036367437135555e+18,4.636764746716509,1.314823402394909,-0.33387268421788463
1.4036367437635556e+18,4.5910906868,1.2740992832,-0.3380998253,1.4036367437635556e+18,4.625195920566971,1.3356300958481748,-0.3472162920645977
1.4036367438135555e+18,4.5793828996,1.2954686929,-0.3542689768,1.4036367438135555e+18,4.613475907670171,1.3563991001639035,-0.3624574824633674
1.4036367438635556e+18,4.5673137157,1.3166756966,-0.3713838289,1.4036367438635556e+18,4.600166014719772,1.377829382366074,-0.3719246988736994
1.4036367439135555e+18,4.5552715007,1.3379234002,-0.3900412287,1.4036367439135555e+18,4.591513002768011,1.3962613199030152,-0.4133327757170918
1.4036367439635556e+18,4.5432001693,1.3590547136,-0.4102040884,1.4036367439635556e+18,4.578980807073602,1.4170659863112025,-0.433385872233072
1.4036367440135555e+18,4.5307883625,1.3800340701,-0.4317919903,1.4036367440135555e+18,4.566223763926092,1.4380962467154692,-0.4554926004890886
1.4036367440635556e+18,4.5182819016,1.4011686822,-0.4547429536,1.4036367440635556e+18,4.553590618433237,1.4587034590427002,-0.47892292587724195
1.4036367441135555e+18,4.5056543067,1.4220315982,-0.4793359247,1.4036367441135555e+18,4.540901406219451,1.478845136486747,-0.5041847643605103
1.4036367441635556e+18,4.4931466529,1.442191232,-0.5043404841,1.4036367441635556e+18,4.528677126529413,1.4984628032999114,-0.5306033630483603
1.4036367442135555e+18,4.4810941821,1.4609399802,-0.5310142017,1.4036367442135555e+18,4.514666117698119,1.5156243869313784,-0.5538318997690416
1.4036367442635556e+18,4.4691720193,1.4790051202,-0.5586888185,1.4036367442635556e+18,4.50609242151571,1.5319988434443985,-0.5867226100009327
1.4036367443135555e+18,4.4577330375,1.496189182,-0.5879932628,1.4036367443135555e+18,4.4941440714155005,1.5488499191074485,-0.6166007704733917
1.4036367443635556e+18,4.4463266661,1.5129865938,-0.618680891,1.4036367443635556e+18,4.482274651507011,1.5653650243166055,-0.6481282292995744
1.4036367444135555e+18,4.4353499494,1.5291775519,-0.6506667522,1.4036367444135555e+18,4.471011522621575,1.5814432585422158,-0.6809277732915379
1.4036367444635556e+18,4.4248155045,1.5449273867,-0.6836603726,1.4036367444635556e+18,4.460253975483392,1.5973977107419937,-0.7149361380408851
1.4036367445135555e+18,4.4148621518,1.5601592751,-0.7175955591,1.4036367445135555e+18,4.450253591920514,1.6120521968976784,-0.7516007866051707
1.4036367445635556e+18,4.4058697218,1.5760718484,-0.7530724295,1.4036367445635556e+18,4.43590571984834,1.633014639788204,-0.7938614595666674
1.4036367446135555e+18,4.3974740781,1.5918455963,-0.7898421827,1.4036367446135555e+18,4.427570805397901,1.648949897213627,-0.8313511709894966
1.4036367446635556e+18,4.3904330728,1.6080126841,-0.8276252795,1.4036367446635556e+18,4.420614553901726,1.6652696047898807,-0.8694486664145683
1.4036367447135555e+18,4.3849663856,1.6244344148,-0.8669019185,1.4036367447135555e+18,4.415139875560197,1.6816081838611483,-0.9084523713918834
1.4036367447635556e+18,4.3811198314,1.6406735977,-0.9068053662,1.4036367447635556e+18,4.411108861947765,1.697593354872669,-0.9476111579642413
1.4036367448135555e+18,4.3785756909,1.6563514389,-0.9453417837,1.4036367448135555e+18,4.40746990023894,1.713017830513488,-0.9850453763449271
1.4036367448635556e+18,4.3774600442,1.6709988057,-0.9821538072,1.4036367448635556e+18,4.404076948580091,1.7330484639282555,-1.0209829496562093
1.4036367449135555e+18,4.3774192655,1.6848432365,-1.0172714797,1.4036367449135555e+18,4.403559986775554,1.7464950850636045,-1.05492719026081
1.4036367449635556e+18,4.3778625512,1.6978141431,-1.0494783893,1.4036367449635556e+18,4.403674204273144,1.7591901343679703,-1.0864006658794834
1.4036367450135555e+18,4.3785588573,1.7104770083,-1.0792355649,1.4036367450135555e+18,4.404015665347281,1.7716857221560764,-1.11565584303594
1.4036367450635556e+18,4.3788866863,1.7234831939,-1.1066466425,1.4036367450635556e+18,4.404053016108047,1.7845702021465017,-1.1424798634529747
1.4036367451135555e+18,4.379145025,1.7362227873,-1.1322739075,1.4036367451135555e+18,4.405983760920855,1.7957302988564168,-1.1672047521881752
1.4036367451635556e+18,4.3791824778,1.7489482884,-1.1555717228,1.4036367451635556e+18,4.406274360351547,1.8080028930901237,-1.1905650797131866
1.4036367452135555e+18,4.3789195575,1.7625594693,-1.1779382042,1.4036367452135555e+18,4.4061353108577705,1.8210873381682862,-1.2126646507903223
1.4036367452635556e+18,4.3782627836,1.776529771,-1.1994977801,1.4036367452635556e+18,4.4056682392422,1.8347779407900395,-1.2343626354004025
1.4036367453135555e+18,4.3772727717,1.7908911466,-1.2200319277,1.4036367453135555e+18,4.39578019395608,1.8587527976218707,-1.2529226030112666
1.4036367453635556e+18,4.3754829502,1.8060424069,-1.2373287298,1.4036367453635556e+18,4.394437327869751,1.8735088436867966,-1.2705119755565097
1.4036367454135555e+18,4.3739967043,1.8210960839,-1.2514635003,1.4036367454135555e+18,4.393357301279332,1.888341748712214,-1.2848141628896208
1.4036367454635556e+18,4.3727556479,1.8357617277,-1.2631870472,1.4036367454635556e+18,4.392681604875293,1.9024156258360803,-1.2965256921402672
1.4036367455135555e+18,4.3712129977,1.8500564969,-1.2729016339,1.4036367455135555e+18,4.391493251394902,1.9164274467067757,-1.306754155950554
1.4036367455635556e+18,4.3699356617,1.8637693885,-1.2812193882,1.4036367455635556e+18,4.390279063794228,1.9299138977413008,-1.3153869459017882
1.4036367456135555e+18,4.3689130469,1.8769101491,-1.2880505319,1.4036367456135555e+18,4.394298114719273,1.9386681183577963,-1.3236615229927602
1.4036367456635556e+18,4.3682348249,1.8892087117,-1.2932103878,1.4036367456635556e+18,4.394812639980049,1.9496798147258785,-1.3291081786842862
1.4036367457135555e+18,4.367311647,1.9011059074,-1.2960020448,1.4036367457135555e+18,4.394878862782742,1.9603226165645062,-1.3319425130613123
1.4036367457635556e+18,4.3665158186,1.9124989607,-1.2974343731,1.4036367457635556e+18,4.394637011219669,1.970570447128635,-1.3331081475616604
1.4036367458135555e+18,4.3657428467,1.9230026278,-1.2974039914,1.4036367458135555e+18,4.384181649085141,1.9885403699232933,-1.332798412579634
1.4036367458635556e+18,4.3646596522,1.9331587853,-1.295375098,1.4036367458635556e+18,4.383193321248668,1.9979113180195012,-1.3300715933330034
1.4036367459135555e+18,4.3634521647,1.9423848846,-1.2920669369,1.4036367459135555e+18,4.382003418369997,2.0065087851378687,-1.3258770055884557
1.4036367459635556e+18,4.3622760269,1.9505329431,-1.2875003758,1.4036367459635556e+18,4.380408773846792,2.0139830402363623,-1.319822297307402
1.4036367460135555e+18,4.3601674493,1.9578528855,-1.2807991227,1.4036367460135555e+18,4.3778221703474465,2.0207683281582565,-1.3117194538492645
1.4036367460635556e+18,4.3579752123,1.9636304591,-1.272524081,1.4036367460635556e+18,4.374933022551213,2.0258493999214915,-1.302211587632709
1.4036367461135555e+18,4.3552009987,1.9682237227,-1.2626454004,1.4036367461135555e+18,4.375457938044553,2.025736373499768,-1.293449133653294
1.4036367461635556e+18,4.3516817163,1.9713118779,-1.2507321324,1.4036367461635556e+18,4.372025953862675,2.0275215148580203,-1.2803966560965363
1.4036367462135555e+18,4.3476924886,1.9725314795,-1.2368191323,1.4036367462135555e+18,4.3681390190234355,2.027534219345043,-1.2653453121297011
1.4036367462635556e+18,4.3425774506,1.9727469004,-1.2212779084,1.4036367462635556e+18,4.363145904338571,2.026503687462541,-1.2490254804822079
1.4036367463135555e+18,4.3365043378,1.9719312578,-1.2055059857,1.4036367463135555e+18,4.357413142085333,2.027684899820312,-1.2392217150252454
1.4036367463635556e+18,4.3301149278,1.9688692423,-1.1915035984,1.4036367463635556e+18,4.351126742416984,2.023922073424294,-1.2249836639891232
1.4036367464135555e+18,4.3235406609,1.9639015265,-1.1798292528,1.4036367464135555e+18,4.344344946409464,2.018366907720117,-1.2131151453820075
1.4036367464635556e+18,4.3168789939,1.956636907,-1.1710823193,1.4036367464635556e+18,4.3374159564894565,2.011228132736374,-1.204738970740316
1.4036367465135555e+18,4.3104942134,1.9474005849,-1.1648815348,1.4036367465135555e+18,4.3302871733489905,2.0027627683930027,-1.1991526583754815
1.4036367465635556e+18,4.3040029243,1.9364579556,-1.160880387,1.4036367465635556e+18,4.322093317161125,1.9911006244172045,-1.1923720655609906
1.4036367466135555e+18,4.2975031965,1.9245830877,-1.159317012,1.4036367466135555e+18,4.31458129035623,1.9797992591339115,-1.190880752703424
1.4036367466635556e+18,4.2905398932,1.9122036037,-1.1587657641,1.4036367466635556e+18,4.306656468896302,1.9684589663072334,-1.190784067695883
1.4036367467135555e+18,4.28282589,1.8999094157,-1.1590081372,1.4036367467135555e+18,4.298116643993189,1.9573810362835102,-1.1920536011774923
1.4036367467635556e+18,4.2745172947,1.8883749244,-1.1599551435,1.4036367467635556e+18,4.289291796910777,1.9471605650999662,-1.1939590203930242
1.4036367468135555e+18,4.2654363348,1.8788232047,-1.1608337063,1.4036367468135555e+18,4.2887693901525985,1.926489446781765,-1.203793096395874
1.4036367468635556e+18,4.2562748724,1.8704753943,-1.1623035494,1.4036367468635556e+18,4.279406707395339,1.9196075442536848,-1.206070169859228
1.4036367469135555e+18,4.2470450512,1.8639077449,-1.1638461638,1.4036367469135555e+18,4.270016113990741,1.9142577361858235,-1.2081350277584777
1.4036367469635556e+18,4.2383836664,1.8588271957,-1.1652200232,1.4036367469635556e+18,4.261193210044814,1.9100199128319284,-1.2093820997313562
1.4036367470135555e+18,4.229746746,1.8556305402,-1.1643759849,1.4036367470135555e+18,4.252753734984269,1.9080126176874712,-1.208213289538116
1.4036367470635556e+18,4.2214234015,1.8543625263,-1.1609791793,1.4036367470635556e+18,4.240217697737231,1.9107249465514737,-1.2018727999063463
1.4036367471135555e+18,4.2131421767,1.8542637011,-1.1552246449,1.4036367471135555e+18,4.230662383827844,1.912805390356521,-1.194228299000767
1.4036367471635556e+18,4.2041134485,1.8553500487,-1.1476080808,1.4036367471635556e+18,4.22041577662324,1.916272927320569,-1.1849138895575195
1.4036367472135555e+18,4.1944770452,1.8578023084,-1.1384115868,1.4036367472135555e+18,4.209370962512532,1.9207811658766216,-1.1735175601507168
1.4036367472635556e+18,4.1841283339,1.8607251826,-1.1266303642,1.4036367472635556e+18,4.198315404751464,1.923839761712558,-1.1604145968326622
1.4036367473135555e+18,4.1735354653,1.8631548203,-1.1125624925,1.4036367473135555e+18,4.19427419696813,1.917216127854875,-1.143580856852347
1.4036367473635556e+18,4.1630618539,1.8646362585,-1.0977353959,1.4036367473635556e+18,4.183305509053145,1.918208270040612,-1.1279479056812654
1.4036367474135555e+18,4.1516752685,1.8662058246,-1.083066783,1.4036367474135555e+18,4.172724614974323,1.9183195812059881,-1.1135350304237526
1.4036367474635556e+18,4.1402245793,1.8672314197,-1.0705636184,1.4036367474635556e+18,4.1616110127851,1.917807741988053,-1.100799252731529
1.4036367475135555e+18,4.1282254485,1.8677608939,-1.0595847575,1.4036367475135555e+18,4.149748260473315,1.9171203883624424,-1.0895808244543561
1.4036367475635556e+18,4.1157098625,1.867923419,-1.0498589124,1.4036367475635556e+18,4.137442557516518,1.9168011051267184,-1.079665033291609
1.4036367476135555e+18,4.1026923534,1.8677945018,-1.0409958577,1.4036367476135555e+18,4.11078659154448,1.9368457943282626,-1.0569000161814892
1.4036367476635556e+18,4.0893472283,1.8673788747,-1.0310714469,1.4036367476635556e+18,4.09831470445891,1.9339213312562307,-1.047915425414648
1.4036367477135555e+18,4.0757402061,1.8664542004,-1.0196635311,1.4036367477135555e+18,4.084672736040163,1.9323167557187313,-1.0357491701043946
1.4036367477635556e+18,4.0618490114,1.8653250859,-1.0065184687,1.4036367477635556e+18,4.071178382381682,1.9300773173400412,-1.0217078093486665
1.4036367478135555e+18,4.0470805009,1.864302961,-0.9909187056,1.4036367478135555e+18,4.06494839050564,1.9196274450713693,-1.020578489600851
1.4036367478635556e+18,4.031362529,1.8635466047,-0.972802568,1.4036367478635556e+18,4.050734346906898,1.9172276483529949,-1.0029075885209346
1.4036367479135555e+18,4.0148316114,1.8625085191,-0.9523611144,1.4036367479135555e+18,4.0353767847997695,1.9151570399612168,-0.9830024396606115
1.4036367479635556e+18,3.9978329316,1.8617712317,-0.9307943916,1.4036367479635556e+18,4.020126536157635,1.9132931773937458,-0.9630162603397164
1.4036367480135555e+18,3.9812842971,1.8612956213,-0.9102657094,1.4036367480135555e+18,4.005231901318204,1.9114392233537552,-0.9443002458006425
1.4036367480635556e+18,3.9659411555,1.8612685499,-0.8917541546,1.4036367480635556e+18,3.9905116662696942,1.910732975290212,-0.9268737969029978
1.4036367481135555e+18,3.951622693,1.8618308774,-0.8753581393,1.4036367481135555e+18,3.96322188312116,1.9181948637058852,-0.9010628857952271
1.4036367481635556e+18,3.938082184,1.8629535223,-0.8605518702,1.4036367481635556e+18,3.9498854987935976,1.9192165132495278,-0.8867005612570601
1.4036367482135555e+18,3.9258658027,1.8649235853,-0.8479683329,1.4036367482135555e+18,3.937167560454079,1.9207570133508076,-0.873419667596535
1.4036367482635556e+18,3.9148893913,1.8677834699,-0.8376237782,1.4036367482635556e+18,3.926223476390389,1.9231572517422202,-0.862432333604798
1.4036367483135555e+18,3.9047062846,1.8716897689,-0.8289263825,1.4036367483135555e+18,3.9173164341286406,1.9314795473680575,-0.8541212182190127
1.4036367483635556e+18,3.894854783,1.8762548241,-0.821216463,1.4036367483635556e+18,3.9076071139605437,1.935358287620105,-0.8457162209411407
1.4036367484135555e+18,3.8847930145,1.8812332542,-0.8136944788,1.4036367484135555e+18,3.8983419878573944,1.9395224202415244,-0.8379538812310251
1.4036367484635556e+18,3.8742510739,1.8861431592,-0.8048209015,1.4036367484635556e+18,3.888728953053613,1.9436808627052198,-0.8294532683637671
1.4036367485135555e+18,3.8635199382,1.8906906106,-0.7945387944,1.4036367485135555e+18,3.8792372720429746,1.947484488810634,-0.8198706381068103
1.4036367485635556e+18,3.8524490161,1.8946387074,-0.7827942096,1.4036367485635556e+18,3.8697587072729096,1.9509329713511168,-0.8090605186059653
1.4036367486135555e+18,3.8409486975,1.8982057838,-0.7689016933,1.4036367486135555e+18,3.854279142526998,1.9520076578500416,-0.7949503084849535
1.4036367486635556e+18,3.8294659219,1.9016907113,-0.7537796053,1.4036367486635556e+18,3.8436101367698976,1.954403524977725,-0.781158314081717
1.4036367487135555e+18,3.8179346914,1.9052797877,-0.7380064554,1.4036367487135555e+18,3.8330369989882387,1.9570355788072944,-0.766856768379735
1.4036367487635556e+18,3.8069946948,1.90877249,-0.7232230797,1.4036367487635556e+18,3.8140425046166477,1.9736848092670063,-0.7411462319506633
1.4036367488135555e+18,3.79641673,1.9126038592,-0.7098397162,1.4036367488135555e+18,3.804475513658497,1.9767930411472086,-0.7289747510955892
1.4036367488635556e+18,3.7863622866,1.9168549248,-0.6978678136,1.4036367488635556e+18,3.7953002735666983,1.9804192802008602,-0.717865174664669
1.4036367489135555e+18,3.7768792811,1.9215253028,-0.6871712142,1.4036367489135555e+18,3.787005902554552,1.9843959555118085,-0.7078166923092185
1.4036367489635556e+18,3.7683920995,1.9267914031,-0.6776671334,1.4036367489635556e+18,3.77936553091394,1.9891122448005447,-0.6987011716647017
1.4036367490135555e+18,3.7607715979,1.9325097601,-0.6690325958,1.4036367490135555e+18,3.77242214254323,1.9944486050734582,-0.6901524308122681
1.4036367490635556e+18,3.7538466516,1.9384320933,-0.660858155,1.4036367490635556e+18,3.770200660161735,1.9927756370014178,-0.6893388750974542
1.4036367491135555e+18,3.7479456502,1.9447746461,-0.6530548791,1.4036367491135555e+18,3.7652607155691573,1.9986402409530966,-0.6820041341554347
1.4036367491635556e+18,3.7433518423,1.9517761356,-0.6462621813,1.4036367491635556e+18,3.762008945740998,2.0044254795980394,-0.6762107031058017
1.4036367492135555e+18,3.7402518683,1.9595424559,-0.6392859165,1.4036367492135555e+18,3.760148118625656,2.0110267363267464,-0.6696693773399515
1.4036367492635556e+18,3.7389862591,1.9678424209,-0.6311095123,1.4036367492635556e+18,3.7450030702618617,2.0332853351665814,-0.6443893727689304
1.4036367493135555e+18,3.7386590725,1.9764158496,-0.6212601653,1.4036367493135555e+18,3.7452028528573313,2.0410161371427487,-0.6342220880116162
1.4036367493635556e+18,3.739050872,1.9851977417,-0.6095239999,1.4036367493635556e+18,3.745758410271991,2.0493842353234797,-0.6217817859431586
1.4036367494135555e+18,3.7401056957,1.9934329365,-0.5959961041,1.4036367494135555e+18,3.7460139010310787,2.058616843055185,-0.6070259573966575
1.4036367494635556e+18,3.7415794301,2.0015024988,-0.5812621415,1.4036367494635556e+18,3.747820971858144,2.0660892076439494,-0.592190187333712
1.4036367495135555e+18,3.7432055123,2.0090090899,-0.565741014,1.4036367495135555e+18,3.7553108230878616,2.0645363356726034,-0.580363496154512
1.4036367495635556e+18,3.7448553797,2.0161549099,-0.5499235106,1.4036367495635556e+18,3.7580350665421256,2.0697948966314246,-0.5648293211909462
1.4036367496135555e+18,3.7462809362,2.023313373,-0.5343772557,1.4036367496135555e+18,3.7605991413843407,2.0749257594898305,-0.5499036547821018
1.4036367496635556e+18,3.7470373833,2.0295909482,-0.5202940482,1.4036367496635556e+18,3.762107614625,2.0797570011728945,-0.5367259284874565
1.4036367497135555e+18,3.74697118,2.0350829666,-0.5074684216,1.4036367497135555e+18,3.761704910786454,2.085496798884205,-0.5240561265434379
1.4036367497635556e+18,3.7463757331,2.0399606512,-0.4958466739,1.4036367497635556e+18,3.755830961054406,2.1021103329559763,-0.50241002866423
1.4036367498135555e+18,3.7455792718,2.044117982,-0.4856802053,1.4036367498135555e+18,3.755279763484112,2.105961876519914,-0.49323783688628786
1.4036367498635556e+18,3.7445861901,2.0474645286,-0.4769527394,1.4036367498635556e+18,3.754174830094885,2.1095500393868813,-0.48514348304847743
1.4036367499135555e+18,3.7437793975,2.0498353148,-0.4700798405,1.4036367499135555e+18,3.752682018132794,2.113043490617312,-0.47830502375270234
1.4036367499635556e+18,3.7432234222,2.0510304229,-0.4644800146,1.4036367499635556e+18,3.7513792665804075,2.1152155865360522,-0.47299060566453954
1.4036367500135555e+18,3.7431053063,2.0507978558,-0.4604085697,1.4036367500135555e+18,3.75019708425042,2.1174365438285587,-0.46805911939034617
1.4036367500635556e+18,3.7435320525,2.0489857745,-0.4574627803,1.4036367500635556e+18,3.757096393428528,2.1056349863911086,-0.47200026758816394
1.4036367501135555e+18,3.7445677688,2.0457522664,-0.4550637574,1.4036367501135555e+18,3.7580939090246375,2.1024124985146466,-0.4700936898857876
1.4036367501635556e+18,3.7462235702,2.0412385209,-0.4519057227,1.4036367501635556e+18,3.759534134906681,2.097972807679953,-0.4673257029443615
1.4036367502135555e+18,3.7487165153,2.0349815705,-0.4475469902,1.4036367502135555e+18,3.7613732075097586,2.0925635277193884,-0.46282073145126945
1.4036367502635556e+18,3.751429803,2.0281199752,-0.4420321093,1.4036367502635556e+18,3.7657356640293296,2.0792398060382045,-0.4568704469460386
1.4036367503135555e+18,3.7537289357,2.0210605404,-0.4337304715,1.4036367503135555e+18,3.767101058704994,2.0738017162839233,-0.44790268696426716
1.4036367503635556e+18,3.7568978479,2.0129143886,-0.4234484641,1.4036367503635556e+18,3.7686592763530333,2.0681155009322785,-0.43561476847464065
1.4036367504135555e+18,3.7595445015,2.0047056743,-0.4100535789,1.4036367504135555e+18,3.76978127348343,2.0616356500558792,-0.4209642483031669
1.4036367504635556e+18,3.7626768884,1.9955795376,-0.394875324,1.4036367504635556e+18,3.7715855279324977,2.055150519300209,-0.4037495380847941
1.4036367505135555e+18,3.7659049503,1.9860299498,-0.3762574121,1.4036367505135555e+18,3.774038989823482,2.0475598092445124,-0.38377972771117486
1.4036367505635556e+18,3.7691963556,1.9760872083,-0.3556799976,1.4036367505635556e+18,3.777310669708851,2.03849980154333,-0.3629761694858732
1.4036367506135555e+18,3.7725301387,1.9658208527,-0.3333482118,1.4036367506135555e+18,3.779601638140356,2.03071832338813,-0.3389706658959025
1.4036367506635556e+18,3.775994339,1.9560745964,-0.3097471983,1.4036367506635556e+18,3.7821219194338225,2.0233081032896907,-0.31347140195999146
1.4036367507135555e+18,3.7793993726,1.9460183673,-0.2842902025,1.4036367507135555e+18,3.7868451286030926,2.0127060590504238,-0.287728281941641
1.4036367507635556e+18,3.7829420708,1.9354426533,-0.2579497174,1.4036367507635556e+18,3.797389021168275,1.9842057015724892,-0.2697882708254945
1.4036367508135555e+18,3.7862145718,1.9248860793,-0.2300733525,1.4036367508135555e+18,3.803310203094828,1.97002182993909,-0.24261821344695778
1.4036367508635556e+18,3.7895967572,1.9135844361,-0.2001642003,1.4036367508635556e+18,3.8069087505250563,1.9590002024453481,-0.21179975950834906
1.4036367509135555e+18,3.793406897,1.9014959375,-0.1690612324,1.4036367509135555e+18,3.811127475510509,1.946845636192938,-0.1793924188678263
1.4036367509635556e+18,3.7969475779,1.8890582442,-0.1381948362,1.4036367509635556e+18,3.815063987035942,1.9338863611807344,-0.14725540782537383
1.4036367510135555e+18,3.8000542663,1.8767752937,-0.1080832433,1.4036367510135555e+18,3.8188170540571944,1.9209453685249418,-0.11602538382434047
1.4036367510635556e+18,3.8025341194,1.864332336,-0.0788771547,1.4036367510635556e+18,3.8148565901978877,1.9243752602789344,-0.08104572537587362
1.4036367511135555e+18,3.8043003962,1.8516476717,-0.051552846,1.4036367511135555e+18,3.816750308949034,1.912804508977712,-0.05273104186530697
1.4036367511635556e+18,3.8053865412,1.8387419126,-0.0260396114,1.4036367511635556e+18,3.8181394645413658,1.8907342614701599,-0.03325640859383239
1.4036367512135555e+18,3.8059421379,1.8259432734,-0.0020657473,1.4036367512135555e+18,3.819044877911871,1.878367794531656,-0.008480225852060763
1.4036367512635556e+18,3.8056548775,1.8130852521,0.0214017172,1.4036367512635556e+18,3.819472284130187,1.865513536404078,0.01527210310982341
1.4036367513135555e+18,3.8048429713,1.8003500892,0.044768296,1.4036367513135555e+18,3.819706856039078,1.85173352152739,0.03879106071842908
1.4036367513635556e+18,3.8032229404,1.7881929728,0.0682936844,1.4036367513635556e+18,3.819197565021476,1.8388175490749537,0.06210546207287149
1.4036367514135555e+18,3.8008390453,1.7768258094,0.0918979348,1.4036367514135555e+18,3.8154090100896147,1.8296507730423026,0.08676373631742584
1.4036367514635556e+18,3.7981233581,1.7661688233,0.1154787206,1.4036367514635556e+18,3.8134086617036083,1.8188006157427892,0.1101100860923585
1.4036367515135555e+18,3.7953995887,1.7560824978,0.1386774497,1.4036367515135555e+18,3.811314732636703,1.8085351100265088,0.13322160403159045
1.4036367515635556e+18,3.7929713423,1.7464923128,0.161240782,1.4036367515635556e+18,3.809312891013967,1.7986700732847094,0.15588809682814764
1.4036367516135555e+18,3.791009938,1.7372465406,0.1827668344,1.4036367516135555e+18,3.8076273096085744,1.7893146765891395,0.17728444060479143
1.4036367516635556e+18,3.7899861622,1.7286361084,0.20343113,1.4036367516635556e+18,3.803711982169658,1.7770844690873022,0.19480818145749124
1.4036367517135555e+18,3.7898002143,1.7205526554,0.2226430554,1.4036367517135555e+18,3.8035727374069834,1.7688331815213978,0.21416038131545623
1.4036367517635556e+18,3.7906140134,1.7133296237,0.2408841681,1.4036367517635556e+18,3.8045131479913232,1.761581618493174,0.23245427946970498
1.4036367518135555e+18,3.7920768403,1.7072452749,0.2583919079,1.4036367518135555e+18,3.8060205518306183,1.7551953833082803,0.24989061973812
1.4036367518635556e+18,3.7941948749,1.7029906372,0.2752447,1.4036367518635556e+18,3.8076448072838462,1.7505533820348007,0.2674863257720749
1.4036367519135555e+18,3.796683321,1.7000656186,0.2923488824,1.4036367519135555e+18,3.8117914107404274,1.74494509810921,0.2859135138056339
1.4036367519635556e+18,3.798977773,1.6986201788,0.3092535813,1.4036367519635556e+18,3.814540378929564,1.7423828404995692,0.3038127505537668
1.4036367520135555e+18,3.8007696518,1.6986257069,0.3258752144,1.4036367520135555e+18,3.8168074959687854,1.7412785190870168,0.3213647291528886
1.4036367520635556e+18,3.801885388,1.6995708934,0.3425577869,1.4036367520635556e+18,3.818446549071835,1.7413074728358802,0.3386672317886429
1.4036367521135555e+18,3.8022455287,1.7016533911,0.3590816421,1.4036367521135555e+18,3.8192982407670355,1.7426048462348742,0.35577371298941285
1.4036367521635556e+18,3.8017370378,1.7043984785,0.3756332709,1.4036367521635556e+18,3.8107503149814708,1.7587291958197229,0.3674651493542694
1.4036367522135555e+18,3.8006664453,1.707535447,0.3915974371,1.4036367522135555e+18,3.809766888399512,1.7618953440347624,0.3836247869951348
1.4036367522635556e+18,3.7994844945,1.7103918451,0.4079148174,1.4036367522635556e+18,3.808334873080982,1.765269539344665,0.39980432905445085
1.4036367523135555e+18,3.797948099,1.7134208331,0.4255957212,1.4036367523135555e+18,3.8065538196257673,1.7692449934567378,0.4175987244183903
1.4036367523635556e+18,3.7964412693,1.7160858804,0.44446972,1.4036367523635556e+18,3.8044273860771103,1.773320668483625,0.43644404865209074
1.4036367524135555e+18,3.7952449384,1.7182274872,0.4646152057,1.4036367524135555e+18,3.8062235943139093,1.7717055938528508,0.4559086701928523
1.4036367524635556e+18,3.7944121286,1.7198174362,0.4860912529,1.4036367524635556e+18,3.8051835746495417,1.7737945688672214,0.47701787210040325
1.4036367525135555e+18,3.7939998661,1.7210980312,0.5082418401,1.4036367525135555e+18,3.8043943539103724,1.775701252186745,0.4990047212865103
1.4036367525635556e+18,3.7939567914,1.7221326464,0.5295554166,1.4036367525635556e+18,3.7995185931053146,1.7841584944059439,0.5248437821227685
1.4036367526135555e+18,3.7940395006,1.7229782259,0.5495122827,1.4036367526135555e+18,3.7989670560374202,1.7859173477634824,0.5442339606173336
1.4036367526635556e+18,3.7946377287,1.7234717461,0.5675175993,1.4036367526635556e+18,3.7988005816376544,1.787691043538541,0.5616323259909894
1.4036367527135555e+18,3.7951429844,1.7239715033,0.5844205855,1.4036367527135555e+18,3.7986801600825864,1.7893687442130828,0.5776108151522514
1.4036367527635556e+18,3.7957597746,1.7243889515,0.5996069568,1.4036367527635556e+18,3.798413588858007,1.7914250456401062,0.5918900820906736
1.4036367528135555e+18,3.796683189,1.7246682466,0.6126312866,1.4036367528135555e+18,3.7993882004338957,1.7927478101782186,0.6027377245307751
1.4036367528635556e+18,3.7978693723,1.7243714227,0.6240510412,1.4036367528635556e+18,3.799935337577039,1.7936397742749914,0.6126452304569671
1.4036367529135555e+18,3.799090096,1.7240883936,0.6340239791,1.4036367529135555e+18,3.8005405977318674,1.7944351346417715,0.6214780530428352
1.4036367529635556e+18,3.8002368789,1.7234399305,0.6418147316,1.4036367529635556e+18,3.800879451351891,1.7948423834939975,0.6280872320405919
1.4036367530135555e+18,3.801310599,1.7222682489,0.6479889328,1.4036367530135555e+18,3.8010611066907947,1.7946311964512591,0.6332763598669171
1.4036367530635556e+18,3.8022700177,1.7205509945,0.6524749731,1.4036367530635556e+18,3.7967788943800618,1.7942050474151747,0.6473174611977268
1.4036367531135555e+18,3.8028042313,1.7181149732,0.655374891,1.4036367531135555e+18,3.7960641530847563,1.7926802495009522,0.6492679058639816
1.4036367531635556e+18,3.8028916928,1.7149136019,0.6568278402,1.4036367531635556e+18,3.7949741556400403,1.7900948497945754,0.6498628061755142
1.4036367532135555e+18,3.8025476701,1.7110098252,0.656680544,1.4036367532135555e+18,3.7932639220954316,1.7867424947969712,0.6493935985096797
1.4036367532635556e+18,3.8017308388,1.7064078495,0.654739017,1.4036367532635556e+18,3.790782107777387,1.7830532850417948,0.6475845960114919
1.4036367533135555e+18,3.8003117742,1.7009728936,0.6512488324,1.4036367533135555e+18,3.7876963138983326,1.7783492868497106,0.6440301689933898
1.4036367533635556e+18,3.7983018369,1.6944894691,0.6471461956,1.4036367533635556e+18,3.7866217112510485,1.776588799532433,0.6359638970185829
1.4036367534135555e+18,3.7955129177,1.6870959901,0.6435405969,1.4036367534135555e+18,3.783004060473789,1.770547830387089,0.6312165723345871
1.4036367534635556e+18,3.7915705655,1.678870593,0.6409441987,1.4036367534635556e+18,3.778369434631197,1.7636034131661233,0.6274150336643125
1.4036367535135555e+18,3.7874274351,1.6699895412,0.6399214524,1.4036367535135555e+18,3.7737601968594467,1.7556522797485665,0.6254247100001652
1.4036367535635556e+18,3.783458656,1.660450821,0.640995632,1.4036367535635556e+18,3.7634048617237563,1.7425942615559853,0.6295712944032662
1.4036367536135555e+18,3.7796239192,1.6505977992,0.6435160232,1.4036367536135555e+18,3.759679683717878,1.7331772625473625,0.6315337830960892
1.4036367536635556e+18,3.7767050789,1.640241255,0.6475202502,1.4036367536635556e+18,3.7567287350965755,1.7231062032803823,0.6350652192518487
1.4036367537135555e+18,3.7733276444,1.6300193266,0.6509354121,1.4036367537135555e+18,3.7536270525578934,1.7129409103782676,0.63855157583494
1.4036367537635556e+18,3.7697369114,1.6198683838,0.6540564332,1.4036367537635556e+18,3.750362357176517,1.7025940984722086,0.6417639909941313
1.4036367538135555e+18,3.7663818975,1.6093904816,0.6557309852,1.4036367538135555e+18,3.7492121410227988,1.692978300745239,0.6444304582645847
1.4036367538635556e+18,3.7635969469,1.5985374323,0.655889101,1.4036367538635556e+18,3.7474673383129864,1.6820375929470464,0.6449589223605752
1.4036367539135555e+18,3.7609340628,1.5871868624,0.6545697207,1.4036367539135555e+18,3.7457908957767687,1.6705619791931774,0.6438444150933424
1.4036367539635556e+18,3.7587690586,1.5755324086,0.6520952088,1.4036367539635556e+18,3.74449978946553,1.6586139523413688,0.6418616898634607
1.4036367540135555e+18,3.7568444276,1.5636187427,0.6500572474,1.4036367540135555e+18,3.74328128336429,1.6462881452889473,0.6403568870456731
1.4036367540635556e+18,3.7546070913,1.5513250977,0.6499628034,1.4036367540635556e+18,3.736790504444711,1.6305306624565028,0.6382223877696444
1.4036367541135555e+18,3.7524776794,1.5386888509,0.6517590549,1.4036367541135555e+18,3.7348226847688566,1.6174810364617254,0.639964229382888
1.4036367541635556e+18,3.7510750554,1.5254396936,0.6550116015,1.4036367541635556e+18,3.7334260010123748,1.6039492626819674,0.6431849757236796
1.4036367542135555e+18,3.7506008423,1.5115516359,0.6589700938,1.4036367542135555e+18,3.732596090028137,1.5895457175343428,0.647174175202409
1.4036367542635556e+18,3.7515891468,1.4967015797,0.6646585429,1.4036367542635556e+18,3.7329404885237585,1.5742380226771062,0.6525288415033226
1.4036367543135555e+18,3.7526575765,1.4812110744,0.6717982357,1.4036367543135555e+18,3.732893948680643,1.5581389172199196,0.6594045983128326
1.4036367543635556e+18,3.7541992935,1.4650577576,0.6804245053,1.4036367543635556e+18,3.7356014205883996,1.5426730465190497,0.6702120902763715
1.4036367544135555e+18,3.7566082537,1.4474345579,0.6903114959,1.4036367544135555e+18,3.737046463325625,1.5248107849920984,0.6797928074663073
1.4036367544635556e+18,3.7599823155,1.4284366702,0.7004717643,1.4036367544635556e+18,3.739118568828621,1.5057022805218034,0.6895475140655898
1.4036367545135555e+18,3.7641202773,1.408406467,0.7098178718,1.4036367545135555e+18,3.7418358942660332,1.4852911547940089,0.698409981240646
1.4036367545635556e+18,3.7689954313,1.3872026632,0.717412241,1.4036367545635556e+18,3.7495139761070133,1.4629616314746756,0.708173984725836
1.4036367546135555e+18,3.7743632751,1.3647607786,0.7234160124,1.4036367546135555e+18,3.753264462265569,1.4402234269492942,0.713515721325362
1.4036367546635556e+18,3.7801960651,1.3411745415,0.7282887995,1.4036367546635556e+18,3.757539683423798,1.4162387309446887,0.7176982589448553
1.4036367547135555e+18,3.7865998579,1.3165570845,0.7319984738,1.4036367547135555e+18,3.762208877188706,1.3913876702615524,0.7207562257417683
1.4036367547635556e+18,3.7932869658,1.2910067418,0.7349467215,1.4036367547635556e+18,3.7674727340920318,1.365542951187714,0.723009965832647
1.4036367548135555e+18,3.8004765492,1.2651519677,0.7364334,1.4036367548135555e+18,3.770877913969897,1.3405343952634565,0.722909486536047
1.4036367548635556e+18,3.8079563666,1.2386915481,0.7368334631,1.4036367548635556e+18,3.7764141095279786,1.3140766587015023,0.722094991610297
1.4036367549135555e+18,3.8158620533,1.2119568973,0.7359372526,1.4036367549135555e+18,3.7824868135356153,1.2871131788624615,0.7202953495618232
1.4036367549635556e+18,3.8241193936,1.1846239796,0.7340929168,1.4036367549635556e+18,3.798113518750829,1.2632625878464725,0.7281407282735594
1.4036367550135555e+18,3.8325543553,1.157047936,0.7311694862,1.4036367550135555e+18,3.8051245056537235,1.2352502602414939,0.724469380417169
1.4036367550635556e+18,3.8413660499,1.1287609704,0.7282884101,1.4036367550635556e+18,3.8128902303071825,1.2064103708849947,0.7207407451110261
1.4036367551135555e+18,3.8508232726,1.100081235,0.7264119891,1.4036367551135555e+18,3.8218223978568355,1.1770315961183293,0.7180349262304887
1.4036367551635556e+18,3.8616448763,1.070612235,0.7255615442,1.4036367551635556e+18,3.8321024085288533,1.1470080761137162,0.7164829520604495
1.4036367552135555e+18,3.8732552171,1.0406134692,0.7261627725,1.4036367552135555e+18,3.8421821717633557,1.1177818990173138,0.7143072048093412
1.4036367552635556e+18,3.8850152752,1.0103293458,0.7284660436,1.4036367552635556e+18,3.853286641767993,1.0868972680878044,0.7155716206042718
1.4036367553135555e+18,3.8967147668,0.9796252885,0.7323395491,1.4036367553135555e+18,3.864342405850047,1.0556273865965395,0.7184477037734542
1.4036367553635556e+18,3.9091615849,0.9485989863,0.7381112207,1.4036367553635556e+18,3.876209405756578,1.0239752994806035,0.7232740598161944
1.4036367554135555e+18,3.9209784977,0.917726771,0.7453273975,1.4036367554135555e+18,3.8874632377878724,0.992534577487628,0.7300026199945191
1.4036367554635556e+18,3.9316509666,0.8867207583,0.7538958141,1.4036367554635556e+18,3.9024992772960454,0.9613954369318907,0.7479160614580652
1.4036367555135555e+18,3.9414021842,0.8557192416,0.7624644466,1.4036367555135555e+18,3.91187887349267,0.929795181775344,0.7565080759578708
1.4036367555635556e+18,3.9504133171,0.8245195319,0.7698480451,1.4036367555635556e+18,3.920571209556789,0.8977359797333109,0.7640897077543007
1.4036367556135555e+18,3.9585982166,0.7930069655,0.7760352974,1.4036367556135555e+18,3.928746485462301,0.8653471167056495,0.7704687080252853
1.4036367556635556e+18,3.9660531847,0.7608764807,0.7808527722,1.4036367556635556e+18,3.9365328653202623,0.8327443198508115,0.7750494513236412
1.4036367557135555e+18,3.9733764389,0.728536053,0.7839729945,1.4036367557135555e+18,3.9440821895975917,0.7999579174281575,0.778268954155049
1.4036367557635556e+18,3.9803681223,0.6958432796,0.7860267708,1.4036367557635556e+18,3.9474905309083157,0.768461894282713,0.7769615313393481
1.4036367558135555e+18,3.9869545226,0.6629868795,0.7869126408,1.4036367558135555e+18,3.9532219980308545,0.735345839816036,0.7774504285846494
1.4036367558635556e+18,3.9936898754,0.6298368101,0.7863423903,1.4036367558635556e+18,3.9589774843658656,0.7019581642014368,0.7766860898008191
1.4036367559135555e+18,4.0001280793,0.5965322338,0.7851547883,1.4036367559135555e+18,3.9643576240351197,0.6682580106081635,0.7755578773527034
1.4036367559635556e+18,4.0065599767,0.5628665248,0.7842524628,1.4036367559635556e+18,3.9803138358642394,0.6336559374303259,0.7757895100414918
1.4036367560135555e+18,4.0133469525,0.5290418117,0.7845548808,1.4036367560135555e+18,3.9856988841420744,0.5997317841639913,0.7763163201776226
1.4036367560635556e+18,4.0195508967,0.4952061889,0.7862562708,1.4036367560635556e+18,3.9907188487339247,0.5657413861344645,0.7783599540981012
1.4036367561135555e+18,4.025662329,0.4615044266,0.78943598,1.4036367561135555e+18,3.9954334658043065,0.5319671580223129,0.7824584168243361
1.4036367561635556e+18,4.0310498999,0.4275254003,0.7947199056,1.4036367561635556e+18,4.0000943944457115,0.49749379905679847,0.788447875518657
1.4036367562135555e+18,4.0375830304,0.3933802974,0.8012706531,1.4036367562135555e+18,4.005653289920417,0.4629753093135025,0.7955809240987592
1.4036367562635556e+18,4.0445058898,0.3589267427,0.8082922911,1.4036367562635556e+18,4.004848288055546,0.42897345237992734,0.8039017845500325
1.4036367563135555e+18,4.0518016354,0.3243222031,0.8147784421,1.4036367563135555e+18,4.009418258808623,0.39403908504498375,0.8111793962838479
1.4036367563635556e+18,4.0590532859,0.2897366126,0.8203795063,1.4036367563635556e+18,4.01404596939198,0.3588548539759513,0.8174788786783685
1.4036367564135555e+18,4.0665565158,0.2551521452,0.8246860546,1.4036367564135555e+18,4.032245088501437,0.32585865032508243,0.820906837312209
1.4036367564635556e+18,4.0744641186,0.2203324267,0.8275211186,1.4036367564635556e+18,4.039045379738707,0.290176343998775,0.8232983401168743
1.4036367565135555e+18,4.0827225908,0.1853534589,0.8286596371,1.4036367565135555e+18,4.045590540505373,0.25420169365465517,0.8244604614014653
1.4036367565635556e+18,4.0911573586,0.1503665728,0.8285146739,1.4036367565635556e+18,4.052936029255763,0.21826207414354393,0.8240679272210891
1.4036367566135555e+18,4.099691776,0.114937747,0.8273851959,1.4036367566135555e+18,4.062126666881248,0.18221777123647143,0.8222696150937796
1.4036367566635556e+18,4.108650744,0.0792555006,0.826288365,1.4036367566635556e+18,4.07099589357189,0.14580126981232033,0.8206516308233867
1.4036367567135555e+18,4.1182492033,0.0435463999,0.8262136093,1.4036367567135555e+18,4.073401875678152,0.11220149420081693,0.8235021898643375
1.4036367567635556e+18,4.1286238251,0.0076629447,0.8275306857,1.4036367567635556e+18,4.08274858792796,0.07585741316569661,0.8244115323161845
1.4036367568135555e+18,4.1399173319,-0.0283927048,0.8297660797,1.4036367568135555e+18,4.093153946534494,0.03921094551991633,0.8262014121589618
1.4036367568635556e+18,4.1515841363,-0.0645413678,0.8335549646,1.4036367568635556e+18,4.104519768816117,0.002548378564159126,0.8293769124519536
1.4036367569135555e+18,4.163931144,-0.100749143,0.8389654591,1.4036367569135555e+18,4.118847001093453,-0.030884114112135208,0.8358320963559482
1.4036367569635556e+18,4.1770178314,-0.1372351304,0.846593552,1.4036367569635556e+18,4.132005498635271,-0.06796469942194805,0.8432562639329735
1.4036367570135555e+18,4.1908147976,-0.1735293107,0.8542301997,1.4036367570135555e+18,4.146285335123112,-0.10520290438092772,0.8511130050419722
1.4036367570635556e+18,4.2048618239,-0.2102109725,0.8615417068,1.4036367570635556e+18,4.160802042596397,-0.14255530805941774,0.8585447640970161
1.4036367571135555e+18,4.2191577932,-0.2467584662,0.8678170546,1.4036367571135555e+18,4.175740602464465,-0.1794470840369049,0.8651363396190064
1.4036367571635556e+18,4.2336197371,-0.2833564208,0.8724584564,1.4036367571635556e+18,4.191389016403797,-0.21658661798242007,0.8701439947426763
1.4036367572135555e+18,4.2486672537,-0.3198312373,0.8757966452,1.4036367572135555e+18,4.2095116642152925,-0.2536016372800187,0.8701025769656086
1.4036367572635556e+18,4.2642005223,-0.3561960718,0.8775401009,1.4036367572635556e+18,4.2263145429200994,-0.2904382217270136,0.8718331677188249
1.4036367573135555e+18,4.2802201344,-0.3922616954,0.8772612036,1.4036367573135555e+18,4.235659813319461,-0.3231165665669573,0.8688046324715282
1.4036367573635556e+18,4.2965546439,-0.4287125978,0.8759040128,1.4036367573635556e+18,4.253201004171732,-0.36008553890343853,0.8676890626881901
1.4036367574135555e+18,4.3132827953,-0.4651635372,0.8728395203,1.4036367574135555e+18,4.271044276274508,-0.3972024762767079,0.8653333118073472
1.4036367574635556e+18,4.3300330482,-0.501776952,0.8694534215,1.4036367574635556e+18,4.288911984590326,-0.4345387079665586,0.8628478798202015
1.4036367575135555e+18,4.3473304957,-0.5388922697,0.8670159988,1.4036367575135555e+18,4.307060093205692,-0.4723702453326275,0.8612605506099775
1.4036367575635556e+18,4.3647088937,-0.5767839213,0.8662540411,1.4036367575635556e+18,4.324987662839369,-0.5106632236513726,0.8614063821465002
1.4036367576135555e+18,4.3821722177,-0.615080877,0.8660949506,1.4036367576135555e+18,4.3433760751847394,-0.5507221324698353,0.8625221695816684
1.4036367576635556e+18,4.3992701433,-0.6537305827,0.8681596885,1.4036367576635556e+18,4.355816318737266,-0.5870274057452922,0.8591693916321963
1.4036367577135555e+18,4.4155342356,-0.6926717553,0.8716949346,1.4036367577135555e+18,4.372039952850059,-0.6266151621278002,0.8643293616298642
1.4036367577635556e+18,4.430350992,-0.7317082094,0.8775425366,1.4036367577635556e+18,4.386677749370383,-0.6661233744818149,0.8717661363378909
1.4036367578135555e+18,4.4434222528,-0.7708308889,0.8856891056,1.4036367578135555e+18,4.399535273850615,-0.7057960135666659,0.8816786414977922
1.4036367578635556e+18,4.4544799593,-0.8098118558,0.8968320403,1.4036367578635556e+18,4.4097093082538095,-0.745511970419672,0.8948406701738159
1.4036367579135555e+18,4.4639797227,-0.8487440339,0.9109348426,1.4036367579135555e+18,4.41621477456715,-0.7848149264084319,0.9116153903416626
1.4036367579635556e+18,4.4718440129,-0.8877540417,0.9265045379,1.4036367579635556e+18,4.423202256870378,-0.8241182583616316,0.9287088353545943
1.4036367580135555e+18,4.4774812932,-0.9261075748,0.9427973061,1.4036367580135555e+18,4.428810757568845,-0.8615532132443913,0.93697198791721
1.4036367580635556e+18,4.4821256104,-0.9642346529,0.957611704,1.4036367580635556e+18,4.432977009554708,-0.8999583036138576,0.9532302751495942
1.4036367581135555e+18,4.4861601058,-1.0021931888,0.9709943503,1.4036367581135555e+18,4.4365883379494875,-0.9380383958185807,0.9670888646465559
1.4036367581635556e+18,4.4899472875,-1.0399107564,0.9826718366,1.4036367581635556e+18,4.439932370008748,-0.9755956968444077,0.9792432233482185
1.4036367582135555e+18,4.4940557799,-1.0771396827,0.9925995608,1.4036367582135555e+18,4.443475464325652,-1.0130111887611508,0.9892733578999264
1.4036367582635556e+18,4.4987163671,-1.1141589327,1.0007585959,1.4036367582635556e+18,4.447324138198493,-1.0499667343015273,0.9971819688874688
1.4036367583135555e+18,4.5035789068,-1.150916337,1.0071156749,1.4036367583135555e+18,4.45111637565412,-1.0868446047500566,1.0072016925373874
1.4036367583635556e+18,4.5090472965,-1.1872166182,1.0106521476,1.4036367583635556e+18,4.456130949708025,-1.1233626797210663,1.011109493541901
1.4036367584135555e+18,4.5154520095,-1.2233969301,1.0116286631,1.4036367584135555e+18,4.461824062334568,-1.1597826435127776,1.0120656867767908
1.4036367584635556e+18,4.5219836333,-1.2592573654,1.0107094857,1.4036367584635556e+18,4.467714126620073,-1.1958551531664465,1.0107587744903885
1.4036367585135555e+18,4.5282187778,-1.294850819,1.0086220309,1.4036367585135555e+18,4.475334084563354,-1.2329664091356811,1.0034012359035536
1.4036367585635556e+18,4.5335239762,-1.3295123306,1.0061120241,1.4036367585635556e+18,4.47990345777579,-1.2673268269218037,0.9998206255048552
1.4036367586135555e+18,4.5375125105,-1.362487266,1.0031879135,1.4036367586135555e+18,4.48322775751213,-1.3002349201289958,0.9956082204884034
1.4036367586635556e+18,4.5388640273,-1.3931918983,1.0005299283,1.4036367586635556e+18,4.484159710237458,-1.3312911674053547,0.9923177643665763
1.4036367587135555e+18,4.5375209273,-1.4217437232,0.9985674354,1.4036367587135555e+18,4.482518460747048,-1.3598981154947396,0.9897650322779878
1.4036367587635556e+18,4.5344010068,-1.4481180448,0.996146121,1.4036367587635556e+18,4.479583808136166,-1.38641710048465,0.9869940032326412
1.4036367588135555e+18,4.5302264644,-1.4733775912,0.9935356933,1.4036367588135555e+18,4.475845858646675,-1.410958256554091,0.9877291678952518
1.4036367588635556e+18,4.5254542206,-1.4970994617,0.9901379713,1.4036367588635556e+18,4.471181811220649,-1.4342578907100898,0.9842687465775624
1.4036367589135555e+18,4.5209620773,-1.5193952049,0.9852844006,1.4036367589135555e+18,4.466619257518737,-1.4565040252761265,0.9794856575745552
1.4036367589635556e+18,4.5167580852,-1.5410610618,0.9799748347,1.4036367589635556e+18,4.462308434646686,-1.477908233110718,0.9734703213245867
1.4036367590135555e+18,4.513199688,-1.5621284293,0.9737090942,1.4036367590135555e+18,4.4595200938332535,-1.5024042330908252,0.971306353797676
1.4036367590635556e+18,4.509909832,-1.5832208565,0.9674450074,1.4036367590635556e+18,4.455905007871271,-1.523140188174863,0.963711902202368
1.4036367591135555e+18,4.5070092452,-1.6040300386,0.9609519953,1.4036367591135555e+18,4.4524519505353455,-1.5433479298507726,0.9550016058613259
1.4036367591635556e+18,4.5044887965,-1.6243321692,0.954277837,1.4036367591635556e+18,4.4494907071018845,-1.5630947480605288,0.9459812806921719
1.4036367592135555e+18,4.5024370804,-1.6430010213,0.9468304074,1.4036367592135555e+18,4.446840963576591,-1.5812491984756551,0.9362891414728087
1.4036367592635556e+18,4.5009292361,-1.659403954,0.938135344,1.4036367592635556e+18,4.4450560281617975,-1.5971797404675745,0.9255719706857238
1.4036367593135555e+18,4.4999593478,-1.6729919892,0.9276381561,1.4036367593135555e+18,4.4471328573628055,-1.6079914630872745,0.9124151933885952
1.4036367593635556e+18,4.4995955138,-1.6834415159,0.9152817902,1.4036367593635556e+18,4.445758007155281,-1.622364597909376,0.9071368012875332
1.4036367594135555e+18,4.4999385564,-1.6914721477,0.9014617555,1.4036367594135555e+18,4.446420616192872,-1.6304797237675461,0.893874319130325
1.4036367594635556e+18,4.5008636836,-1.6978320245,0.8870342425,1.4036367594635556e+18,4.447722870439928,-1.6368765427589929,0.8800125881362473
1.4036367595135555e+18,4.5026902807,-1.7028643193,0.8714864228,1.4036367595135555e+18,4.450025963534961,-1.642140815709459,0.8652226658828442
1.4036367595635556e+18,4.5051838763,-1.7072793785,0.8559124071,1.4036367595635556e+18,4.453063510891321,-1.6466996271930843,0.8500974391772951
1.4036367596135555e+18,4.5083630008,-1.7108597988,0.8416829343,1.4036367596135555e+18,4.455376466900331,-1.6494852219735299,0.833525779827064
1.4036367596635556e+18,4.5130499497,-1.7141039963,0.8302865887,1.4036367596635556e+18,4.461629988838699,-1.6542509061501331,0.8270271546085524
1.4036367597135555e+18,4.5179299881,-1.7173071791,0.8215431749,1.4036367597135555e+18,4.466136880334278,-1.657659708163492,0.8185998397276284
1.4036367597635556e+18,4.5233150203,-1.720813819,0.8158563303,1.4036367597635556e+18,4.471136730023926,-1.6613792609734992,0.8130669259997638
1.4036367598135555e+18,4.5285109484,-1.7239590716,0.8125894137,1.4036367598135555e+18,4.476079919979509,-1.6646192362033405,0.8102425448038545
1.4036367598635556e+18,4.5342468533,-1.72706463,0.8105433868,1.4036367598635556e+18,4.481831525459237,-1.667818080659248,0.8084018069082335
1.4036367599135555e+18,4.5409822916,-1.7302096025,0.8074970667,1.4036367599135555e+18,4.488496712053424,-1.6715142220908483,0.8023262303878584
1.4036367599635556e+18,4.5483068245,-1.7332243609,0.8036736603,1.4036367599635556e+18,4.495535968468204,-1.6742369188230692,0.7992336762319909
1.4036367600135555e+18,4.5557640694,-1.7363938348,0.7994937678,1.4036367600135555e+18,4.502850623561714,-1.6772538022867793,0.7951882653241061
1.4036367600635556e+18,4.563004813,-1.7394996547,0.7948027719,1.4036367600635556e+18,4.511916592137342,-1.6799121820838292,0.791598651416965
1.4036367601135555e+18,4.5699698469,-1.7423413367,0.7891481849,1.4036367601135555e+18,4.518933751089834,-1.68302012826152,0.7865576241950468
1.4036367601635556e+18,4.5760908295,-1.7452926285,0.783538765,1.4036367601635556e+18,4.525538837348414,-1.6863100835819658,0.7818062762552773
1.4036367602135555e+18,4.5805851978,-1.7479959844,0.778847106,1.4036367602135555e+18,4.531065492041994,-1.6893525372840466,0.7777736044495203
1.4036367602635556e+18,4.5843196243,-1.7502537943,0.774056652,1.4036367602635556e+18,4.535549149318884,-1.691738644696809,0.7732646581626408
1.4036367603135555e+18,4.5878189959,-1.7524358043,0.768941632,1.4036367603135555e+18,4.5398590581336045,-1.6938540902757129,0.768137513122414
1.4036367603635556e+18,4.5915270411,-1.7539392881,0.7623680081,1.4036367603635556e+18,4.541177147619598,-1.696132398666487,0.7587421375483717
1.4036367604135555e+18,4.5955914091,-1.7553140765,0.7550704147,1.4036367604135555e+18,4.545835200983232,-1.6967689811838862,0.7515987304891993
1.4036367604635556e+18,4.600286362,-1.7566217786,0.7468985013,1.4036367604635556e+18,4.550942028529072,-1.6976604283871664,0.7435574071087201
1.4036367605135555e+18,4.6060707537,-1.7579746694,0.7382911988,1.4036367605135555e+18,4.5569753702862315,-1.6989074591578412,0.735268626864897
1.4036367605635556e+18,4.6125129986,-1.7597615641,0.729477113,1.4036367605635556e+18,4.561658923814217,-1.700340659583815,0.7243306982248019
1.4036367606135555e+18,4.619080269,-1.7615460193,0.7205953782,1.4036367606135555e+18,4.568028628626272,-1.7024256969399145,0.7156371213992396
1.4036367606635556e+18,4.625497799,-1.76348398,0.7121056476,1.4036367606635556e+18,4.57414522669859,-1.704602398594563,0.7072591627129358
1.4036367607135555e+18,4.631729423,-1.7656811177,0.7041994755,1.4036367607135555e+18,4.580318207225805,-1.7071229353862354,0.6994531210126798
1.4036367607635556e+18,4.6371647915,-1.7681674869,0.6971826205,1.4036367607635556e+18,4.585741754343803,-1.7099714734939118,0.6926863959186127
1.4036367608135555e+18,4.6418871815,-1.771252856,0.6905736658,1.4036367608135555e+18,4.590686958932645,-1.7132873610718269,0.6861471846382103
1.4036367608635556e+18,4.6463224855,-1.7746998066,0.6840983001,1.4036367608635556e+18,4.597475068200509,-1.7183555875865604,0.6831801872669441
1.4036367609135555e+18,4.65094998,-1.7787905315,0.6777571849,1.4036367609135555e+18,4.601411794690591,-1.7218815952305793,0.6755193868178053
1.4036367609635556e+18,4.6557782595,-1.7836339018,0.6711544243,1.4036367609635556e+18,4.605208053402818,-1.726520613122983,0.6680709269460854
1.4036367610135555e+18,4.6609271796,-1.7894886413,0.6645128356,1.4036367610135555e+18,4.609441070282469,-1.731269061607002,0.6597754243397382
1.4036367610635556e+18,4.6659382567,-1.7956574474,0.6575054976,1.4036367610635556e+18,4.613777039841232,-1.7374966287478426,0.6523328606255895
1.4036367611135555e+18,4.6704479782,-1.8024086877,0.6504253726,1.4036367611135555e+18,4.617696792400676,-1.7443361092322673,0.6449535886677873
1.4036367611635556e+18,4.67427123,-1.8093721481,0.642902673,1.4036367611635556e+18,4.621125332008689,-1.7514419190324957,0.6373514937903075
1.4036367612135555e+18,4.67716644,-1.8164665742,0.6357590376,1.4036367612135555e+18,4.623670275339134,-1.7587203229198698,0.6304559779225654
1.4036367612635556e+18,4.6787531162,-1.8238579659,0.6297835013,1.4036367612635556e+18,4.624950987555703,-1.7660812385393674,0.6242985385625615
1.4036367613135555e+18,4.6783914995,-1.8312127338,0.6248345004,1.4036367613135555e+18,4.625390176433576,-1.774715936461026,0.6213006558736283
1.4036367613635556e+18,4.6759852647,-1.8386432036,0.6212310412,1.4036367613635556e+18,4.6221217777913095,-1.7816326319218971,0.6162434265553156
1.4036367614135555e+18,4.6720079491,-1.8460109327,0.6191515748,1.4036367614135555e+18,4.61847291441608,-1.7888964066253175,0.6139698848272132
1.4036367614635556e+18,4.667008542,-1.8533245744,0.6179948691,1.4036367614635556e+18,4.6136013557828575,-1.7963461247687367,0.6126806942581238
1.4036367615135555e+18,4.6613529742,-1.860831894,0.6177802568,1.4036367615135555e+18,4.608107960165272,-1.8038296491565695,0.6122004823011212
1.4036367615635556e+18,4.6556095404,-1.8684222818,0.6181589713,1.4036367615635556e+18,4.6022945398331405,-1.8112811203104224,0.6122677605245515
1.4036367616135555e+18,4.6499134445,-1.8762092956,0.6190411172,1.4036367616135555e+18,4.599993377684172,-1.8185292604673102,0.6158105162443129
1.4036367616635556e+18,4.6447391411,-1.884217837,0.6202782547,1.4036367616635556e+18,4.592535232728618,-1.8270953230039337,0.6155928442804925
1.4036367617135555e+18,4.6398658449,-1.8922985134,0.6222686191,1.4036367617135555e+18,4.587414251857592,-1.8348742231573385,0.6165710363892534
1.4036367617635556e+18,4.6354523869,-1.8999387685,0.6244137135,1.4036367617635556e+18,4.5826005876287,-1.8419191217566457,0.6179446656939457
1.4036367618135555e+18,4.6314373911,-1.9068070033,0.6270354835,1.4036367618135555e+18,4.578336242955232,-1.8483414458995195,0.6200169893141068
1.4036367618635556e+18,4.6279896241,-1.9126570836,0.6298910022,1.4036367618635556e+18,4.574607718412912,-1.8539275719598314,0.6225764218962179
1.4036367619135555e+18,4.6252223207,-1.9168292074,0.6325958983,1.4036367619135555e+18,4.571550215637891,-1.8580466289531532,0.6256549869767765
1.4036367619635556e+18,4.6228831689,-1.9196366142,0.6354585651,1.4036367619635556e+18,4.571457875605653,-1.8607958163485923,0.6282699296509524
1.4036367620135555e+18,4.6205844255,-1.9212906778,0.6383167401,1.4036367620135555e+18,4.567763112504691,-1.8635121804510097,0.6332817963198277
1.4036367620635556e+18,4.6184727639,-1.9226147022,0.6415230003,1.4036367620635556e+18,4.565404393883214,-1.8653463399178254,0.6378568437047639
1.4036367621135555e+18,4.6171653892,-1.9238031618,0.6448626708,1.4036367621135555e+18,4.5636974944007695,-1.8674227563608738,0.6428594243084691
1.4036367621635556e+18,4.6163425234,-1.9260091585,0.6485812144,1.4036367621635556e+18,4.564956853506739,-1.8708233698416166,0.6467958154589665
1.4036367622135555e+18,4.6160979062,-1.9298100955,0.6523218399,1.4036367622135555e+18,4.5641115198048485,-1.874946165430688,0.6510164367354836
1.4036367622635556e+18,4.6157990791,-1.9353059562,0.6556403698,1.4036367622635556e+18,4.5627806632195655,-1.8805304820408333,0.6541794635957677
1.4036367623135555e+18,4.6146644188,-1.9420462023,0.6576024338,1.4036367623135555e+18,4.561037634329548,-1.887023508594146,0.6555519343911387
1.4036367623635556e+18,4.6136050924,-1.9495607641,0.6574803399,1.4036367623635556e+18,4.5589829529577,-1.8945084200528415,0.6547639932134937
1.4036367624135555e+18,4.6105858049,-1.9579484608,0.6555296062,1.4036367624135555e+18,4.55537340242629,-1.9029695327661447,0.6519385911514547
1.4036367624635556e+18,4.6063367822,-1.9672802646,0.6521215536,1.4036367624635556e+18,4.547392926666403,-1.9113047444198026,0.6469307133536043
1.4036367625135555e+18,4.6003152754,-1.9773819195,0.6483332017,1.4036367625135555e+18,4.5424707284981585,-1.9211829574849804,0.6408936760726311
1.4036367625635556e+18,4.5935815995,-1.9870368859,0.6425383094,1.4036367625635556e+18,4.535445776375335,-1.9300706905783105,0.632554690187211
1.4036367626135555e+18,4.5864396718,-1.9957258291,0.6347560171,1.4036367626135555e+18,4.52771345105321,-1.9382706150055249,0.6224830138456515
1.4036367626635556e+18,4.5789525221,-2.0024570552,0.6244682677,1.4036367626635556e+18,4.519755746892992,-1.9445743101355373,0.6102948932130858
1.4036367627135555e+18,4.5716951912,-2.0065929182,0.6104925102,1.4036367627135555e+18,4.511779541339499,-1.948583794375571,0.5958180650507325
