0,0.0558637,-0.225832,1.89358
0,0.0632938,-0.196226,1.84901
0,0.0580192,-0.198123,1.86688
0,0.0339719,-0.177833,1.83966
0,0.0222622,-0.205828,1.83071
0,0.052445,-0.222993,1.87805
0,0.425134,0.0459931,1.98708
0,0.412867,0.0460225,1.98834
0,0.399009,-0.0103656,1.98179
0,0.398748,-0.0228476,1.9805
0,0.189664,-0.183145,1.72575
0,-0.0250664,-0.23389,1.91887
0,-0.000876754,-0.267375,1.94237
0,0.264399,-0.176771,1.82868
0,0.198507,-0.184204,1.7461
0,-0.0765652,-0.174955,1.45036
0,-0.0720228,-0.237956,1.91264
0,-0.0724502,-0.261206,1.92399
0,-0.227226,-0.246272,1.71822
0,-0.239285,-0.245306,1.71148
0,-0.224566,-0.217487,1.74812
0,-0.217513,-0.230251,1.74461
0,-0.262556,-0.242872,1.6945
0,-0.136529,-0.149734,1.80854
0,-0.150983,-0.171133,1.81779
0,-0.038724,-0.35875,2.06656
0,-0.0314048,-0.226238,1.3944
0,-0.0150583,-0.330702,2.03826
0,0.01535,-0.306513,1.98159
0,0.0311038,-0.344916,2.03114
0,-0.247401,-0.220868,1.7229
0,-0.235308,-0.221759,1.72985
0,-0.249727,-0.196625,1.73911
0,-0.217464,-0.176151,1.7988
0,-0.242595,-0.209308,1.73515
0,0.000346551,-0.262458,1.93322
0,0.000353946,-0.290474,1.97449
0,0.0212034,-0.20792,1.839
0,-0.0654933,-0.27713,1.93352
0,-0.118175,-0.180423,1.84243
0,-0.085647,-0.228455,1.89387
0,-0.266118,0.327165,1.76048
0,-0.296586,0.3331,1.8685
0,0.172175,-0.349989,1.89236
0,0.426039,0.0375606,1.93985
0,0.425498,-0.0140402,1.97135
0,0.0620139,-0.245951,1.81162
0,0.147545,-0.165694,1.69201
0,0.203372,-0.281937,1.91646
0,-0.1476,-0.106786,1.77706
0,0.0556285,-0.400119,1.82702
0,0.476285,-0.417405,1.90596
0,0.416936,0.0380698,1.96615
0,-0.116467,-0.0521257,1.62419
0,-0.130566,-0.04453,1.61614
0,-0.0834154,-0.230547,1.87592
0,-0.0590724,-0.270142,1.91509
0,-0.0539507,-0.38242,2.05093
0,-0.0803684,-0.375333,2.01292
0,-0.0164422,-0.330602,2.01881
0,-0.0241345,-0.24247,1.90264
0,-0.0422547,-0.282665,1.94139
0,0.0363861,-0.363923,1.90533
0,0.00194429,-0.387331,2.07726
0,0.075441,-0.197233,1.80488
0,0.0519381,-0.218163,1.84324
0,0.0772026,-0.436647,1.84703
0,0.05955,-0.463339,1.82012
0,0.163312,-0.366218,1.87283
0,0.154948,-0.383569,1.87451
0,0.401054,-0.508065,1.8324
0,0.442514,-0.441348,1.86692
0,0.411548,-0.443853,1.84213
0,0.474767,-0.51584,1.86045
0,0.461131,-0.536524,1.87368
0,0.486723,-0.460028,1.87396
0,0.486629,-0.493966,1.8736
0,-0.293182,-0.21774,1.70859
0,-0.250301,-0.512639,1.79027
0,-0.307606,0.436291,2.00483
0,-0.294255,0.403164,1.9763
0,-0.28833,0.366292,1.8792
0,-0.179165,-0.173203,1.81067
0,-0.199271,-0.209517,1.7702
0,-0.152194,-0.122027,1.78362
0,-0.131273,-0.158492,1.83066
0,0.0109517,-0.318416,1.99984
0,0.0294057,-0.349152,2.02007
0,0.00190133,-0.341879,2.03136
0,0.0174257,-0.166414,1.73969
0,0.0268653,-0.210058,1.84556
0,0.0321215,-0.443459,1.68202
0,0.0163295,-0.407605,1.63025
0,0.11068,-0.335814,1.84592
0,0.119747,-0.371464,1.85655
0,0.0941544,-0.378668,1.85057
0,-0.0749398,-0.196588,1.87696
0,-0.0582485,-0.214932,1.88838
0,-0.0915564,-0.195675,1.86824
0,-0.116365,-0.186171,1.85805
0,-0.124623,-0.211178,1.8554
0,-0.0446972,-0.47112,1.69916
0,-0.0762375,-0.475372,1.71449
0,-0.0528329,-0.490459,1.71281
0,-0.0764477,-0.5001,1.71922
0,-0.316112,0.308702,1.89228
0,-0.325937,0.284003,1.89947
0,-0.321141,0.220343,1.87152
0,-0.212739,-0.470684,1.81657
0,-0.291501,0.326165,1.84526
0,-0.188765,-0.516213,1.74734
0,-0.0657589,-0.160888,1.85833
0,-0.097045,-0.140448,1.81233
0,0.427733,0.0348828,1.9543
0,0.42513,-0.01863,1.98355
0,0.00915694,-0.44844,1.67212
0,-0.013869,-0.479881,1.70287
0,-0.0373322,-0.506724,1.71522
0,0.0515033,-0.407208,1.82781
0,0.196846,-0.195728,1.7911
0,0.148022,-0.170084,1.69749
0,0.200411,-0.276948,1.90212
0,-0.325215,-0.164011,1.80001
0,-0.357087,-0.159115,1.83786
0,-0.287141,0.493565,2.05377
0,-0.197396,-0.108419,1.82723
0,-0.148085,-0.175339,1.833
0,-0.223184,-0.514471,1.76862
0,-0.239212,-0.52243,1.76838
0,0.480363,-0.419363,1.88238
0,-0.303908,-0.196386,1.72544
0,-0.376269,-0.185377,1.85012
0,-0.370596,-0.259522,1.78244
0,0.00182729,-0.275382,1.95224
0,-0.00566685,-0.364556,1.57228
0,-0.237051,-0.183543,1.75241
0,-0.266286,-0.197534,1.73552
0,-0.235042,-0.221432,1.73756
0,-0.268032,-0.239335,1.6967
0,-0.237124,-0.296957,1.59259
0,0.528227,-0.436598,1.81202
0,0.499409,-0.514362,1.76825
0,-0.374778,-0.0591414,1.84279
0,-0.345896,-0.144301,1.84048
0,-0.330989,-0.161968,1.81374
0,-0.103947,-0.142532,1.81792
0,-0.113565,-0.142173,1.81334
0,-0.360015,-0.291801,1.76233
0,-0.317594,-0.242978,1.68988
0,-0.346381,-0.250479,1.74205
0,-0.353109,-0.254712,2.54211
0,-0.269781,-0.193052,1.73774
0,-0.279492,0.429133,2.09428
0,-0.307293,0.405587,1.97936
0,-0.284139,0.430301,2.04559
0,-0.312445,0.434317,2.01255
0,-0.15061,-0.120436,1.78404
0,-0.143805,-0.152691,1.82095
0,0.0162588,-0.306681,1.98268
0,0.027272,-0.341731,1.99814
0,0.0145281,-0.16786,1.77163
0,0.0250345,-0.203768,1.8342
0,0.0853009,-0.385032,1.84082
0,0.0548136,-0.392204,1.82751
0,0.0805774,-0.183705,1.73889
0,0.0449952,-0.213639,1.83315
0,0.105128,-0.324141,1.83677
0,0.115783,-0.366221,1.84711
0,0.157753,-0.360071,1.86741
0,0.415911,0.0274724,1.93235
0,0.423561,-0.0149091,1.96789
0,-0.374934,-0.183898,1.83536
0,-0.367366,-0.447799,2.14091
0,-0.297134,0.328511,1.84903
0,-0.321877,0.282169,1.87581
0,-0.352634,0.241355,1.87633
0,-0.314316,-0.267806,1.67244
0,-0.0665939,-0.20907,1.88193
0,-0.086009,-0.186201,1.85834
0,-0.0664639,-0.198656,1.43605
0,-0.0645822,-0.153037,1.82508
0,0.0349118,-0.382378,1.82813
0,0.0240127,-0.40633,1.75934
0,-0.0215451,-0.366073,1.58503
0,0.0654933,-0.35631,1.84791
0,0.0750573,-0.433941,1.83558
0,0.191062,-0.282802,1.89505
0,0.471179,-0.419359,1.85962
0,0.44114,-0.429838,1.86112
0,0.406754,-0.435729,1.84315
0,0.436348,-0.0365252,1.97725
0,-0.305451,-0.191671,1.72531
0,-0.290073,-0.224641,1.69046
0,-0.230192,-0.170385,1.79828
0,-0.264619,-0.217218,1.70449
0,0.00530528,-0.266673,1.92773
0,-0.0257848,-0.231409,1.89694
0,0.0362274,-0.355445,1.89702
0,-0.0387954,-0.370658,2.03746
0,-0.201405,-0.102109,1.8037
0,-0.192822,-0.172008,1.81541
0,0.0319987,-0.113114,1.67559
0,-0.373414,-0.0536848,1.82792
0,0.533738,-0.432841,1.83093
0,0.132675,-0.159067,1.67883
0,0.529344,0.617763,1.78254
0,0.447947,0.660861,1.76793
0,-0.309843,0.363571,1.92812
0,-0.295087,-0.454953,1.96987
0,-0.1301,-0.0483832,1.64741
0,-0.338104,-0.158447,1.84173
0,-0.112118,-0.624701,1.70142
0,-0.16406,-0.589248,1.66413
0,-0.139788,-0.117566,1.77009
0,-0.178153,-0.143652,1.80708
0,0.010809,-0.166179,1.79518
0,0.0711885,-0.494859,1.83898
0,0.403426,0.0225629,1.87434
0,0.42436,-0.027007,1.91348
0,0.39897,-0.75462,1.79899
0,0.874307,0.581582,1.85937
0,-0.315982,0.312985,1.92712
0,-0.357557,0.243968,1.88071
0,-0.0789277,-0.503496,1.70534
0,0.0223532,-0.572041,1.77985
0,-0.000890275,-0.519845,1.72257
0,0.0224095,-0.620144,1.78433
0,0.0108639,-0.379361,1.80431
0,-0.000858642,-0.392764,1.66141
0,0.0904996,-0.18462,1.74754
0,0.0466932,-0.204337,1.82146
0,0.194526,-0.28296,1.86882
0,0.245083,-0.657885,1.7918
0,0.263234,-0.662008,1.68315
0,0.208949,-0.678103,1.78336
0,0.548229,-0.453497,1.86668
0,0.476141,-0.430117,1.87116
0,0.488415,-0.491325,1.87131
0,0.526079,-0.528928,1.83205
0,-0.133952,-0.578422,1.69619
0,-0.176901,-0.562846,1.68278
0,0.437574,-0.501379,1.86321
0,0.410793,-0.462114,1.85231
0,0.462898,-0.526836,1.86708
0,0.605118,-0.474664,1.85402
0,0.626045,-0.518319,1.88047
0,0.595114,-0.549348,1.86064
0,-0.192417,-0.520036,1.72321
0,-0.253464,-0.539882,1.67979
0,-0.201356,-0.561025,1.61423
0,-0.235706,-0.556822,1.63285
0,-0.0616688,-0.184055,1.85712
0,-0.0854688,-0.170946,1.84667
0,0.0837072,-0.388953,1.84993
0,0.0711448,-0.434476,1.83785
0,-0.308453,0.343837,1.95933
0,0.1956,-0.753213,1.76808
0,0.0464818,-0.5472,1.81321
0,0.388022,-0.642401,1.74963
0,-0.336514,0.221715,1.90076
0,0.439223,-0.442131,1.87023
0,-0.196027,-0.0936434,1.75554
0,-0.179061,-0.180008,1.81629
0,-0.243605,-0.186743,1.76764
0,0.0363241,-0.325303,1.90208
0,0.0440073,-0.125242,1.71668
0,0.133898,-0.159034,1.718
0,0.313344,-0.630377,1.78028
0,0.302739,-0.706498,1.65843
0,0.578575,-0.569373,1.84668
0,0.0339065,-0.466165,1.77548
0,-0.0345587,-0.518077,1.71671
0,-0.106579,-0.130993,1.79552
0,-0.123203,-0.502182,1.70089
0,0.108107,-0.329121,1.85354
0,0.157977,-0.368735,1.87007
0,0.534474,0.613302,1.74228
0,0.503472,0.617189,1.75332
0,0.0336154,-0.70384,1.76024
0,-0.300162,-0.519764,1.76044
0,-0.111201,-0.0569162,1.68751
0,0.0316483,-0.457796,1.77905
0,0.00364287,-0.460351,1.73605
0,0.405492,0.0178602,1.89546
0,0.427793,-0.0272255,1.92896
0,0.0754309,-0.398086,1.82526
0,-0.585514,0.426311,1.92681
0,-0.321212,0.00284043,1.80103
0,-0.371366,-0.054826,1.83948
0,-0.336501,0.328271,1.97357
0,0.0750957,-0.481856,1.81715
0,0.0457363,-0.54309,1.78414
0,-0.511763,0.579556,1.93373
0,-0.553156,0.560211,1.91943
0,-0.465445,-0.424968,1.75872
0,-0.531823,-0.491543,1.75012
0,-0.3565,0.243365,1.91466
0,-0.116845,-0.626192,1.70548
0,-0.180881,-0.59008,1.67888
0,0.0174877,-0.61811,1.75863
0,-0.0511832,-0.600601,1.74783
0,0.0310919,-0.696569,1.74778
0,0.0452501,-0.191098,1.76517
0,0.302664,-0.62251,1.73248
0,0.265662,-0.652757,1.67073
0,0.390631,-0.729635,1.76139
0,-0.324875,-0.448985,1.74481
0,-0.352249,-0.421603,1.74479
0,-0.349647,-0.520549,1.66712
0,-0.157391,-0.574145,1.70988
0,-0.246388,-0.536626,1.67648
0,0.0188961,-0.339901,1.90026
0,-0.0865519,-0.268735,1.92445
0,0.547996,-0.452881,1.87423
0,0.570144,-0.563343,1.85067
0,-0.133537,-0.120728,1.74885
0,-0.18912,-0.134948,1.75535
0,-0.175839,-0.176757,1.76026
0,-0.246491,-0.191812,1.77176
0,-0.0100533,-0.107033,1.74927
0,-0.106782,-0.135318,1.76016
0,-0.0404023,-0.248383,1.88459
0,0.482734,-0.490447,1.84954
0,0.416694,-0.468753,1.87891
0,0.105601,-0.331284,1.85208
0,0.164655,-0.362395,1.86262
0,-0.340774,-0.155062,1.8302
0,-0.409118,-0.153765,1.8149
0,-0.364535,-0.181314,1.80565
0,-0.328845,-0.260484,1.76613
0,-0.387327,-0.290489,1.78018
0,-0.399749,-0.331109,1.77333
0,-0.078125,-0.487881,1.73708
0,0.0175158,-0.563826,1.76146
0,-0.0374741,-0.53209,1.748
0,-0.303962,0.441376,2.06824
0,0.480468,-0.428822,1.89791
0,0.361422,0.0476735,1.8983
1,0.250327,-0.741065,1.66088
1,-0.0154232,-0.42602,1.71833
1,0.0235486,-0.425808,1.71505
1,0.0234383,-0.116161,1.72717
1,0.343305,-0.61638,1.71811
1,0.199971,-0.188131,1.73131
1,0.137589,-0.168784,1.73794
1,0.30367,-0.729598,1.72637
1,0.00966569,-0.115151,1.75394
1,0.0162724,-0.169589,1.76602
1,0.336749,-0.766001,1.73748
1,0.555665,-0.0838659,1.71525
1,0.60905,-0.105763,1.70998
1,0.558596,-0.0877126,1.71616
1,0.083638,-0.189607,1.76837
1,-0.0612871,-0.608673,1.7909
1,-0.044242,-0.143587,1.78868
1,0.649255,-0.121922,1.71747
1,0.636411,-0.115607,1.71893
1,0.647246,-0.125889,1.71923
1,-0.0467607,-0.14097,1.79853
1,0.216762,-0.687346,1.79649
1,0.544418,-0.546523,1.76353
1,0.40662,-0.672603,1.77883
1,0.0422443,-0.552684,1.81964
1,0.380028,-0.779119,1.79187
1,0.231795,-0.65347,1.8154
1,-0.115859,-0.216471,1.85282
1,0.577868,-0.484433,1.79695
1,0.397911,-0.477399,1.81636
1,0.562777,-0.517381,1.80087
1,-0.0626542,-0.218193,1.87118
1,0.0792352,-0.469631,1.86203
1,0.539585,-0.424769,1.81496
1,0.456599,-0.508232,1.82427
1,0.595969,-0.464904,1.81026
1,0.0640882,-0.358404,1.86773
1,0.396814,-0.505212,1.8346
1,0.560204,-0.515326,1.8178
1,0.542378,-0.537242,1.82211
1,1.13147,-0.808856,1.77486
1,0.616445,-0.51202,1.82855
1,0.120555,-0.360886,1.87956
1,0.0813592,-0.372325,1.88394
1,0.617522,-0.46029,1.82959
1,0.00676542,-0.291151,1.89196
1,0.932597,0.48619,1.79316
1,0.176733,-0.304168,1.87799
1,0.0541307,-0.380656,1.89345
1,0.906132,0.501437,1.80015
1,0.0818435,-0.47984,1.89526
1,0.103913,-0.32501,1.89312
1,0.532033,-0.453887,1.85006
1,0.624447,-0.471194,1.84069
1,0.435545,-0.498117,1.86129
1,0.617538,-0.49697,1.84511
1,-0.0281456,-0.207953,1.91485
1,0.486315,-0.457979,1.87104
1,0.116827,-0.376292,1.91324
1,0.599059,-0.577302,1.86667
1,0.141164,-0.400681,1.91365
1,0.499844,-0.462959,1.88496
1,0.61805,-0.554387,1.87332
1,0.165193,-0.35384,1.92104
1,0.500686,-0.497133,1.88719
1,0.46631,-0.411848,1.89048
1,-0.0893358,-0.199708,1.94737
1,1.21584,0.38788,1.82068
1,0.426708,0.00879491,1.92765
1,0.421487,-0.00526286,1.95178
1,0.425624,-0.00476956,1.97386
1,0.0273736,-0.3493,2.03986
1,0.00852538,-0.355441,2.08078
2,0.352145,-0.209234,0.468667
2,0.759765,-0.170318,1.34231
2,0.752935,0.393895,1.48447
2,0.79878,0.386934,1.48857
2,1.27302,-0.269391,1.26393
2,1.01393,0.320062,1.45032
2,1.14583,0.289887,1.39686
2,1.0567,0.326249,1.44034
2,1.02824,0.343558,1.4634
2,1.15493,0.295381,1.41022
2,1.0554,0.33373,1.46021
2,1.17437,0.293102,1.41596
2,1.17731,0.278374,1.42469
2,1.44165,0.185097,1.31437
2,1.44762,0.190091,1.31902
2,1.36521,0.213503,1.36717
2,1.24053,0.269892,1.43275
2,1.27062,0.276239,1.42728
2,1.26364,0.257988,1.42897
2,1.43552,0.207179,1.35306
2,1.30591,0.262697,1.42013
2,1.28411,0.259499,1.43214
2,1.30814,0.267464,1.43185
2,1.26632,0.272208,1.4515
2,0.513793,-0.524288,1.71036
2,0.512588,-0.508958,1.77467
2,1.06494,-0.699475,1.52546
2,0.526976,-0.541257,1.77351
2,0.635852,-0.86259,1.69803
2,0.634421,-0.863175,1.70061
2,0.795048,-0.619903,1.67113
2,1.37299,-0.743017,1.42002
2,0.537725,-0.435599,1.82559
2,0.570735,-0.527648,1.83821
2,1.42431,-0.707775,1.46271
2,1.19508,-0.760686,1.57108
2,0.481965,-0.520036,1.90403
2,0.572856,-0.575214,1.86598
2,1.13839,-0.749769,1.62044
2,0.62686,-0.506888,1.86891
2,0.632179,-0.574382,1.90184
2,0.60693,-0.598238,1.91812
2,0.73246,-0.993912,1.84375
2,1.69692,-0.797339,1.48594
2,1.69348,-0.508932,1.58005
2,1.7337,-0.454633,1.60823
2,1.76224,-0.552345,1.60226
2,1.7754,-0.500644,1.60744
2,1.75868,-0.457452,1.62028
2,1.74782,-0.830584,1.62131
2,1.85722,-0.516944,1.61306
2,1.85398,-0.58698,1.6179
3,-0.314605,0.590655,1.35422
3,0.666031,0.593001,1.60385
3,0.825195,0.670413,1.30116
3,0.888552,0.725454,1.09797
3,0.877273,0.708118,1.11816
3,0.878791,0.707558,1.15884
3,0.573548,-0.384235,1.37409
3,0.623638,-0.348183,1.22769
3,0.564911,-0.470001,1.46738
3,0.653659,-0.377841,1.21324
3,1.07104,0.162009,0.824322
3,1.06052,0.145262,0.814024
3,0.656774,-0.472789,1.33591
3,0.683019,-0.454038,1.2509
3,1.08147,0.15032,0.827938
3,0.755861,-0.397318,0.981084
3,1.09928,0.122574,0.78649
3,0.765412,-0.392488,1.04134
3,1.11281,0.119202,0.79548
3,0.846165,-0.303174,0.829825
3,0.77185,-0.416898,0.971513
3,0.868954,-0.276701,0.836777
3,0.716283,-0.508739,1.33455
3,0.868829,-0.302348,0.868703
3,1.15287,0.124011,0.811369
3,0.883861,-0.30443,0.868513
3,1.12923,0.0565063,0.766887
3,0.895478,-0.307579,0.874785
3,0.881237,-0.341609,0.771404
3,1.16884,0.0708468,0.847274
3,0.931712,-0.301192,0.838755
3,0.950739,-0.280755,0.895439
3,1.16879,0.0359432,0.755043
3,1.19157,0.0628118,0.830485
3,0.961268,-0.29941,0.893952
3,1.13445,-0.035356,0.906038
3,1.20216,0.0578168,0.827334
3,1.14817,-0.0286638,0.896146
3,1.21219,0.0667858,0.773274
3,1.13716,-0.0553784,0.890376
3,1.19661,0.0276627,0.833643
3,0.998045,-0.279436,0.815318
3,0.965634,-0.354508,0.258416
3,1.15698,-0.0517464,0.862134
3,1.19987,-0.0012843,0.80338
3,1.20763,0.00275332,0.793259
3,0.988826,-0.334437,0.783472
3,1.18171,-0.0379646,0.88168
3,1.17066,-0.0556883,0.946508
3,1.21199,0.00258422,0.841597
3,1.1789,-0.0490367,0.832948
3,0.991821,-0.338832,0.780362
3,1.18616,-0.0410219,0.930646
3,1.20115,-0.0198568,0.880468
3,1.21071,-0.0074358,0.850189
3,1.20373,-0.0185715,0.919808
3,1.21548,-0.00644135,0.781448
3,1.04668,-0.267657,0.772763
3,1.18429,-0.0557713,0.833261
3,1.22324,-0.00154996,0.729608
3,1.20251,-0.0381276,0.850629
3,1.19485,-0.0590797,0.933539
3,1.23549,-0.00900912,0.875303
3,1.09869,-0.22919,0.358987
3,1.22459,-0.0326085,0.925002
3,1.25686,0.0141507,0.889727
3,1.33863,0.135861,0.705562
3,1.14812,-0.1671,0.411356
3,1.21617,-0.0535784,0.925601
3,1.24319,-0.0209622,0.840545
3,1.22802,-0.0561724,0.834106
3,1.27588,0.0146105,0.873348
3,1.34,0.109364,0.687928
3,1.2784,-0.0354932,0.952533
3,1.08519,-0.36015,0.809052
3,1.36981,0.0638179,0.639752
3,1.29419,-0.0517153,0.984023
3,1.30617,-0.0547466,0.976634
3,1.40872,0.0769455,0.658217
3,1.41087,0.0266654,0.624745
3,1.40903,-0.0111573,0.993684
3,1.27743,-0.268569,1.25919
3,1.41588,-0.07616,1.05776
3,1.50966,-0.0528232,0.98081
3,1.40834,-0.343193,1.2482
3,1.0639,-0.236471,0.715582
2,1.0639,-0.236471,0.715582
3,0.665379,-0.183833,0.90884
2,0.665379,-0.183833,0.90884
3,0.550767,-0.0918226,0.95621
2,0.550767,-0.0918226,0.95621
4,0.0343974,-0.0384208,1.59105
4,0.0345149,-0.0435857,1.59648
4,-0.120639,0.151609,1.5848
4,-0.120779,0.146783,1.58665
4,0.230162,0.0970756,1.59188
4,0.226307,0.0975779,1.60012
4,0.0471172,0.183755,1.37644
4,0.0426758,0.183318,1.37318
4,0.214012,0.230273,1.48019
4,0.206098,0.222854,1.52523
4,0.144483,0.255913,1.645
4,0.146505,0.227392,1.55629
4,0.101453,0.0932983,1.70639
4,0.0843042,0.102829,1.68622
4,0.345982,0.212095,1.39155
4,0.345757,0.196314,1.37322
4,-0.0141595,-0.0836352,2.09545
4,-0.115215,0.121179,1.57895
4,-0.11855,0.0949703,1.55736
4,0.0342487,-0.0282651,1.58417
4,0.00470633,-0.0585452,1.74206
4,0.125792,0.101982,1.67234
4,0.119428,0.122074,1.73301
4,0.196062,0.0975905,1.60033
4,0.134454,0.235771,1.64923
4,0.167094,0.217353,1.52039
4,0.0663736,0.189789,1.32758
4,0.0802145,0.184367,1.34917
4,0.0770635,0.175282,1.44996
4,0.207762,0.233163,1.46899
4,0.251198,0.229737,1.50729
4,0.228769,0.216743,1.51613
4,0.0349569,0.194743,1.2518
4,0.0563417,0.0899919,1.64592
4,0.0406918,0.0794538,1.64263
4,-0.0879593,0.0937672,1.53763
4,0.0363002,0.107686,1.67906
4,0.0118525,-0.0871865,2.0245
4,-0.112415,0.234811,1.54058
4,0.0624913,-0.192382,1.43034
4,0.309841,0.0909953,1.49218
4,0.217806,0.20559,1.54001
4,0.22478,-0.130768,1.23221
4,0.404676,-0.1655,1.60723
4,0.180852,0.210386,1.53957
4,0.16963,0.199239,1.54347
4,0.0562312,0.0939588,1.64269
4,0.043351,0.0868424,1.62582
4,0.0557392,0.0808151,1.62832
4,0.0433071,0.0806093,1.62417
4,-0.119796,0.138798,1.58687
4,-0.131225,0.138189,1.57991
4,-0.551631,-0.426397,3.64926
4,-0.119017,0.120001,1.57656
4,-0.286345,0.0567592,1.84803
4,0.0377784,0.106935,1.65111
4,0.0363703,-0.0293638,1.58957
4,0.00642137,-0.0544568,1.62041
4,-0.11967,0.150648,1.58521
4,-0.073118,0.257647,1.61683
4,-0.05605,0.244905,1.65473
4,0.339578,0.214653,1.37979
4,0.340852,0.196714,1.36399
4,0.146995,0.122974,1.61561
4,0.127552,0.108911,1.68163
4,0.232004,0.0982814,1.61166
4,0.1942,0.103729,1.60161
4,0.146091,0.228157,1.54157
4,0.121198,0.236489,1.59786
4,0.0848096,0.193223,1.24203
4,0.0659252,0.192599,1.33546
4,0.0772266,0.185364,1.35646
4,0.0771321,0.176353,1.45124
4,0.215783,0.233196,1.49897
4,0.207833,0.22604,1.56733
4,0.250663,0.23399,1.50408
4,0.230886,0.21976,1.52379
4,0.0419406,0.183022,1.37747
4,0.0339647,0.198165,1.2738
4,0.17491,0.237276,1.48899
4,0.0834581,0.109493,1.69062
4,0.162109,0.102594,1.5841
4,0.396968,0.0825929,1.66414
4,0.0407752,-0.0861075,1.52922
4,-0.11052,0.239772,1.54125
4,-0.154555,0.1997,1.46137
4,-0.1746,0.247443,1.35917
4,-0.181267,0.230197,1.41106
4,-0.0322444,-0.0643026,2.15612
4,-0.0667774,0.078873,1.47662
4,-0.0871176,0.0939051,1.53989
4,0.0249397,0.0685057,1.62861
4,-0.271373,-0.0444007,1.99498
4,0.0129913,-0.0753979,1.67709
4,-0.0340629,-0.111018,2.27771
4,-0.151613,0.260986,1.43356
4,-0.18662,0.135019,1.54367
4,-0.0766874,0.213839,1.56484
4,0.0598543,-0.19441,1.43198
4,0.311133,0.0967501,1.49386
4,0.218775,0.207379,1.56078
4,0.254124,-0.147471,1.3979
4,0.415449,-0.169095,1.66251
4,-0.261121,0.108926,1.60677
4,-0.141414,0.106675,1.57356
4,-0.140871,0.0991485,1.56752
4,-0.0579696,0.0720603,1.45192
4,-0.066538,0.0742661,1.49636
4,0.0314288,0.111568,1.64574
4,0.0388015,0.10383,1.64154
4,0.161997,0.108926,1.60677
4,0.162027,0.10165,1.60707
4,0.311307,0.100598,1.48392
4,0.311307,0.0938602,1.48392
4,0.419893,0.115661,1.70612
4,0.420546,0.108083,1.70877
4,0.446039,0.112488,1.65931
4,0.446446,0.10505,1.66082
4,0.487247,0.113311,1.67145
4,0.490967,0.106529,1.68421
4,-0.119014,0.16251,1.56088
4,0.136366,0.111837,1.64971
4,0.131808,0.106721,1.68724
4,-0.360625,0.0235997,1.7732
4,-0.351505,-0.00898777,1.85242
4,-0.288248,0.0856376,1.72548
4,-0.31536,0.0945542,1.74547
4,-0.217926,0.218813,1.42034
4,-0.110608,0.23763,1.54248
4,-0.133869,0.229483,1.4896
4,-0.064119,0.247406,1.60594
4,-0.057248,0.234545,1.61782
4,0.0163122,-0.0744468,1.62853
4,0.0361045,-0.0906305,1.52744
4,0.089023,0.198648,1.28944
4,0.0683263,0.188595,1.34292
4,0.0937602,0.114693,1.69184
4,0.0858381,0.0990528,1.68711
4,0.170044,0.217287,1.54723
4,0.156458,0.217933,1.55183
4,0.224634,0.208259,1.58546
4,0.181752,0.200653,1.52755
4,0.182651,0.234515,1.47869
4,0.205212,0.217333,1.54756
4,0.197349,0.0938017,1.59767
4,0.221714,0.233591,1.51626
4,0.236409,0.213776,1.52223
4,-0.117388,0.0903896,1.53955
4,0.164471,0.0678276,1.00053
4,0.237078,0.0951909,1.62133
4,0.362673,0.221456,1.39635
4,0.333096,0.208507,1.35344
4,0.353957,0.197572,1.36279
4,0.429065,0.0910811,1.68136
4,0.411693,0.156806,1.5061
4,0.460775,0.125414,1.63146
4,0.448261,0.126061,1.63987
4,0.453477,0.0883994,1.63185
4,-0.113211,0.121365,1.57878
4,-0.134506,0.128333,1.57632
4,0.0818812,0.173952,1.47749
4,0.0448665,0.18013,1.37132
4,0.0939739,0.130353,1.6957
4,0.0368124,0.201267,1.30644
4,0.107313,0.199152,1.37368
4,0.0456603,0.0804245,1.62045
4,0.373533,0.179247,1.41345
4,0.427081,0.0678645,1.67358
4,-0.317468,0.0162234,1.85012
4,-0.356418,0.0695137,1.71425
4,-0.0764589,0.212021,1.56017
4,-0.162457,0.127801,1.56979
4,-0.17343,0.249167,1.37435
4,-0.178954,0.22491,1.41812
4,-0.156961,0.263415,1.45294
4,-0.156524,0.196899,1.44889
4,0.0304374,-0.0366788,1.59383
4,-0.0241929,-0.0612102,1.90725
4,-0.0893931,0.0973411,1.53895
4,0.0236553,0.058518,1.62504
4,-0.0438291,0.0908003,2.01372
4,-0.0386555,-0.112778,2.24415
4,-0.269951,-0.0459252,1.99563
4,-0.0677058,0.00809072,1.91335
4,-0.180074,0.132165,1.53764
4,0.385569,0.198089,1.41053
4,0.253989,0.224807,1.50356
4,-0.530723,-0.227682,3.56448
4,0.0596894,-0.194954,1.42803
4,-0.114615,0.132575,1.55888
4,-0.114425,0.115397,1.5563
4,0.0301771,-0.0205811,1.5802
4,0.0216185,-0.0292593,1.58392
4,0.197179,0.214832,1.5397
4,0.179912,0.205883,1.53553
4,0.542732,-0.0198066,1.52072
4,0.53984,-0.0279422,1.51262
4,-0.275365,-0.0258197,1.98242
4,-0.266057,-0.0476889,1.9936
4,-0.140405,0.124357,1.56233
4,-0.164667,0.123401,1.55033
4,-0.136428,0.228356,1.51808
4,-0.1573,0.206637,1.48097
4,-0.113536,0.232285,1.5442
4,-0.0433218,0.0829785,1.769
4,-0.0609437,0.0781384,1.49247
4,0.0218963,0.0577702,1.60427
4,0.00441687,0.0577928,1.6049
4,0.0405852,0.104586,1.65348
4,0.0393894,0.0752744,1.60476
4,0.0875576,0.106942,1.69073
4,0.104704,0.0874518,1.67036
4,0.238947,0.223056,1.53857
4,0.233622,0.226014,1.55898
4,0.440263,0.105375,1.66596
4,0.45857,0.0872506,1.66651
4,0.574356,0.179622,1.7716
4,0.518601,0.179975,1.68455
4,-0.176057,0.231739,1.43651
4,-0.199798,0.216369,1.43839
4,-0.122077,0.0977757,1.54582
4,-0.140104,0.107103,1.55899
4,0.021787,-0.0729722,1.59627
4,-0.0386368,-0.103815,2.02913
4,0.0358753,-0.146448,1.4616
4,0.0588061,-0.198946,1.43815
4,0.158831,0.219808,1.57537
4,0.105642,0.208148,1.43574
4,0.147709,0.0979608,1.54874
4,0.133353,0.106731,1.68741
4,0.243871,0.102934,1.62737
4,0.185212,0.0999858,1.58076
4,0.429401,0.197501,1.47301
4,0.363133,0.203405,1.40302
4,-0.318292,0.0162655,1.85492
4,-0.356093,-0.00391797,1.84135
4,-0.266231,0.110085,1.6024
4,-0.33187,0.102072,1.76585
4,-0.0883635,0.097748,1.54538
4,-0.0728343,0.245295,1.57369
4,-0.0561403,0.230007,1.58651
4,-0.0810361,0.210035,1.5665
4,-0.0234923,-0.0601749,1.72829
4,0.0887656,0.182594,1.55089
4,0.0961541,0.133721,1.67998
4,0.0778527,0.133729,1.68008
4,0.0326965,0.207636,1.33209
4,0.0708004,0.190756,1.36715
4,0.0342928,0.187325,1.39712
4,0.412677,0.107649,1.70192
4,0.311479,0.0939122,1.48474
4,0.419141,0.0685822,1.65424
4,0.5113,0.174571,1.72178
4,0.367829,0.175063,1.42116
4,0.452149,0.130792,1.64318
4,0.485359,0.114384,1.66497
4,-0.349205,0.0988102,1.70942
4,-0.364505,0.0720534,1.73796
4,0.592977,0.189057,1.76956
4,0.596027,0.160957,1.77866
4,0.532784,0.14718,1.73062
4,0.223541,0.241289,1.54798
4,0.176108,0.242475,1.50306
4,-0.122735,0.166043,1.55415
4,-0.13874,0.181759,1.5438
4,-0.0697991,0.00654967,1.97251
4,-0.18732,0.138311,1.52841
4,-0.367345,0.0249013,1.7515
4,-0.230552,0.215814,1.4347
4,0.0375835,-0.0950241,1.53119
4,0.513696,0.0829564,1.58449
4,0.328794,0.203972,1.35598
4,0.404886,0.138886,1.6331
4,0.248601,0.225002,1.49578
4,-0.493174,-0.204311,3.29221
4,-0.155588,0.255149,1.39338
4,0.0860023,0.106852,1.6607
4,0.0744639,0.105883,1.64565
4,0.0742853,-0.198434,1.43444
4,0.0650419,-0.189449,1.43742
4,0.173413,0.182844,1.56752
4,0.141139,0.180884,1.55072
4,0.412416,0.109929,1.70852
4,0.333556,0.0997115,1.54972
4,0.517751,0.0813245,1.58634
4,0.477998,0.102439,1.59211
4,0.628561,0.256739,1.71922
4,0.612472,0.221267,1.70571
4,0.664558,0.251806,1.61546
4,0.652269,0.259523,1.66497
4,0.944252,0.285249,1.83001
4,0.897063,0.277188,1.85615
4,-0.169785,0.23329,1.43642
4,-0.198348,0.21493,1.43925
4,-0.167482,0.214181,1.4999
4,-0.120607,0.228065,1.5272
4,-0.111559,0.189719,1.54014
4,-0.141004,0.188698,1.53185
4,-0.0719885,0.242447,1.55541
4,-0.0522226,0.224571,1.57266
4,-0.0722451,0.212695,1.56096
4,0.0814574,0.183475,1.57294
4,0.0700316,0.180531,1.5477
4,0.0966866,0.139175,1.65773
4,0.307573,-1.08613,3.37938
4,0.368901,-1.11533,3.33459
4,0.295648,-1.12897,3.24836
4,0.435495,0.202049,1.48283
4,0.375734,0.200545,1.4044
4,0.235506,0.244961,1.57154
4,0.180087,0.249629,1.53702
4,0.236828,0.225672,1.58037
4,0.181635,0.211233,1.55023
4,-0.111706,0.179887,1.54217
4,-0.141343,0.179112,1.53553
4,-0.111967,0.129776,1.54577
4,-0.163765,0.120603,1.55783
4,0.0349547,0.21254,1.36355
4,0.0730922,0.201544,1.4114
4,0.0463799,0.187003,1.44158
4,0.469491,0.155113,1.59859
4,0.411346,0.155441,1.50084
4,0.455981,0.136421,1.62493
4,0.414792,0.126195,1.63006
4,0.584603,0.181867,1.75599
4,0.529829,0.178878,1.72714
4,0.580267,0.157727,1.74297
4,0.519945,0.153378,1.69492
4,-0.478733,-1.18565,3.17273
4,0.117797,-1.29633,3.043
4,0.258975,0.102268,1.58946
4,0.188017,0.103249,1.6047
4,-0.227074,0.215401,1.4424
4,-0.270325,0.112376,1.58545
4,-0.131949,0.0891957,1.54308
4,-0.277085,0.082135,1.83634
4,-0.256673,-0.0403791,1.95522
4,0.0198107,-0.0738281,1.57739
4,-0.0541562,-0.0950449,2.03071
4,0.139746,0.106437,1.65426
4,0.039931,-0.0932731,1.55767
4,0.435922,0.107462,1.67019
4,0.544056,-0.0213853,1.51518
4,0.935592,0.264086,1.76841
4,0.0272564,0.194476,1.42725
4,0.0099814,0.117498,1.65772
4,0.260534,0.22958,1.53735
4,0.0200041,0.0608281,1.59279
4,-0.0611872,0.078924,1.53951
4,0.0300921,-0.0222401,1.57574
4,0.60184,0.191525,1.73945
4,0.150784,0.220717,1.54567
4,-0.180784,0.138408,1.52948
4,-0.317709,0.0685329,1.79454
4,-0.498376,-1.01836,3.30291
4,-0.175648,0.256316,1.40814
4,0.560179,-0.16595,1.47928
4,0.404878,0.163031,1.46328
4,0.43862,0.12687,1.58523
4,0.628472,0.260816,1.73136
4,0.597517,0.213848,1.68244
4,0.612196,0.192054,1.72378
4,0.56129,-0.0332374,1.51357
4,0.539822,-0.0214533,1.51999
4,0.676716,0.248599,1.65026
4,0.66808,0.268482,1.69402
4,-0.479175,0.096566,1.70925
4,-0.543934,0.0317288,1.83741
4,-0.456732,0.070421,1.7258
4,-0.460757,0.030064,1.741
4,0.238896,0.225673,1.58038
4,0.186789,0.210445,1.55941
4,0.387098,0.10153,1.57799
4,0.343241,0.0995817,1.54771
4,-0.12936,0.231432,1.5363
4,-0.106261,0.197141,1.551
4,-0.141526,0.195428,1.53752
4,0.517512,0.173978,1.67983
4,0.561184,0.148716,1.69229
4,0.476892,0.102202,1.58842
4,0.335494,-1.08844,3.48584
4,0.0592434,-0.188939,1.43356
4,-0.492217,-0.843096,3.17943
4,-0.510515,-1.0038,3.29763
4,-0.76753,-1.00158,3.29033
4,0.0275368,-0.106858,1.54793
4,0.513115,0.0771026,1.58483
4,-0.301847,0.0861271,1.77033
4,-0.330561,0.0962449,1.70357
4,-0.334487,0.0176719,1.87546
4,-0.234649,0.217315,1.44259
4,-0.245729,0.144611,1.51071
4,-0.13208,0.0886194,1.5686
4,-0.259967,-0.0434866,1.98031
4,0.0158055,0.0523871,1.58945
4,-0.0578926,0.0758563,1.55921
4,0.0282104,-0.0223819,1.58579
4,-0.53417,0.244697,1.7136
4,-0.440543,0.110377,1.71548
4,-0.51428,0.157925,1.64979
4,0.0261043,0.198027,1.4674
4,-0.0465403,0.226945,1.58929
4,0.0034702,0.119377,1.65371
4,0.148248,0.207868,1.54031
4,0.0851797,0.201608,1.49393
4,0.143618,0.104532,1.62464
4,0.103275,0.13992,1.59221
4,0.374508,0.198918,1.39301
4,0.339828,0.208684,1.3853
4,-0.201387,0.206708,1.44756
4,-0.118507,0.172917,1.55201
4,-0.168299,0.125019,1.5621
4,0.90051,0.271957,1.9045
4,0.25049,0.0889989,1.57531
4,0.0533421,0.0650112,1.59322
4,-0.573049,0.244078,1.70927
4,-0.767604,-1.15657,3.29065
4,-0.289079,-0.135785,1.96696
4,-0.457531,-1.16746,3.11315
4,-0.174948,0.257999,1.41738
4,0.557448,-0.170916,1.47206
5,-0.235764,0.0691947,1.21078
5,0.163891,0.235084,1.40093
5,0.365426,0.195159,1.45045
5,0.383319,0.169652,1.46559
5,0.0279556,0.10322,1.47386
5,0.0451519,-0.130461,1.44721
5,0.0340091,-0.130495,1.44869
5,0.0343681,-0.129721,1.45939
5,0.0207219,0.101169,1.49567
5,-0.0246932,-0.665377,1.42365
5,-0.0494938,0.0786266,1.56319
5,-0.119488,0.20903,1.58607
5,-0.151317,0.185859,1.58306
5,0.582523,-0.172294,1.55351
5,-0.151997,0.131275,1.57844
5,-0.144532,0.115753,1.57885
5,0.114572,0.1246,1.58765
5,0.515499,0.0643616,1.59403
5,0.228832,0.113892,1.59458
5,0.260597,0.0820492,1.5913
5,0.188875,0.0826119,1.59036
5,0.167749,0.0922057,1.5935
5,0.194586,0.0857432,1.59714
5,0.518147,0.072984,1.60458
5,0.237699,0.0831651,1.60227
5,-0.0521813,0.0857767,1.60255
5,0.0358702,0.0782988,1.61822
5,0.0394894,0.0763842,1.62853
5,0.437588,0.0944795,1.64639
5,-0.236386,0.120259,1.63983
5,0.107944,0.0843665,1.65189
5,0.433893,0.127406,1.66475
5,0.406259,0.102952,1.66197
5,-0.0493103,0.0735466,1.65282
5,-0.247244,0.107157,1.71899
5,-0.262175,0.0787967,1.82551
5,0.625636,0.156398,2.03906
5,0.667293,0.172763,2.23575
5,0.436327,-1.04727,2.16878
5,0.425598,-1.0797,2.22908
5,0.454437,-1.10211,2.38381
5,0.269673,-0.802322,2.5893
5,0.31287,-0.890407,2.58168
5,-0.253612,-1.40364,2.65824
5,0.23641,-1.59496,2.70255
5,0.474359,-1.32717,2.74505
5,-0.273819,-1.34605,2.73954
5,-0.256953,-1.53014,2.72079
5,-0.26512,-1.53348,2.72661
5,0.312046,-0.970023,2.83463
5,0.3264,-0.971203,2.8539
5,0.491098,-1.58919,2.78905
5,-0.292741,-1.69194,2.8261
5,0.316314,-1.00893,2.94931
5,0.173959,-1.60569,3.13404
5,-0.736276,-1.14151,3.19685
5,-0.762827,-0.996883,3.32136
5,0.139704,-1.67086,3.44027
5,0.74089,-1.57088,3.5008
5,-0.784824,-1.90997,4.78859
5,-0.806196,-1.86621,5.04726
5,-0.929805,-1.66731,5.61511
5,-0.37906,-5.70735,12.6125
6,0.524296,-1.41502,1.74541
6,0.597201,-1.59067,1.96061
6,0.626794,-1.67004,2.06235
6,0.663809,-1.79455,2.19053
6,0.536019,-1.40412,2.51988
6,0.860052,-1.53269,2.47674
6,0.536152,-1.43372,2.54347
6,0.51412,-1.42817,2.56416
6,0.851679,-1.58185,2.48788
6,1.25752,-1.57956,2.5087
6,0.649544,-1.21277,2.71714
6,0.641619,-1.23287,2.73177
6,0.655094,-1.22917,2.73701
6,0.0425297,-1.23365,2.75276
6,0.631217,-1.3262,2.70568
6,0.669093,-1.26259,2.74621
6,0.595939,-1.24329,2.75701
6,0.556278,-1.5012,2.61629
6,0.674057,-1.26869,2.74829
6,0.554102,-1.52814,2.60618
6,0.612326,-1.25238,2.75872
6,0.601771,-1.24677,2.76475
6,0.67166,-1.23494,2.7721
6,0.119443,-1.34641,2.71134
6,0.673935,-1.26654,2.75929
6,0.589312,-1.24974,2.77729
6,0.841445,-1.66524,2.55014
6,0.641955,-1.33715,2.73688
6,0.676711,-1.32042,2.74711
6,0.679269,-1.31335,2.75239
6,0.679638,-1.32579,2.74823
6,0.566098,-1.54115,2.63259
6,0.641098,-1.31006,2.76451
6,0.547535,-1.54817,2.6356
6,0.574682,-1.54972,2.63628
6,0.676912,-1.33049,2.75829
6,0.548153,-1.5413,2.64252
6,0.646861,-1.26199,2.79801
6,0.64567,-1.34469,2.75253
6,0.608741,-2.10351,2.33754
6,0.679398,-1.33058,2.76439
6,0.549239,-1.54777,2.64614
6,0.549681,-1.52831,2.65782
6,0.548558,-1.62868,2.60459
6,0.616821,-1.30712,2.78444
6,0.565256,-2.10995,2.34536
6,0.600159,-1.26956,2.8086
6,0.493204,-1.61529,2.62028
6,0.0255971,-1.66624,2.5914
6,0.212148,-1.36942,2.75568
6,0.640331,-1.31443,2.78704
6,0.482354,-1.61346,2.62481
6,0.557884,-1.72862,2.56165
6,0.569405,-1.5683,2.6501
6,0.55099,-1.63586,2.61607
6,0.619535,-2.15313,2.33135
6,-0.0201018,-1.67097,2.5998
6,0.621959,-1.35286,2.77647
6,0.037602,-1.63209,2.62232
6,0.62003,-1.34745,2.78051
6,0.140817,-1.6144,2.63465
6,0.85682,-1.63538,2.62498
6,0.620667,-1.3488,2.78335
6,0.682058,-2.18361,2.32492
6,0.716746,-2.16068,2.33768
6,0.557001,-1.32467,2.79868
6,0.603244,-2.10993,2.36665
6,-0.415698,-2.09138,2.37549
6,0.549158,-1.75587,2.56288
6,0.490227,-1.60878,2.64624
6,0.481631,-1.34156,2.79515
6,0.0714653,-1.6785,2.60935
6,0.0604776,-1.60673,2.65339
6,0.545131,-1.38216,2.77853
6,0.117908,-1.38964,2.77365
6,0.552395,-1.65445,2.62948
6,0.154528,-1.50793,2.70962
6,0.639657,-1.32629,2.81283
6,0.540197,-1.37858,2.78397
6,0.464495,-1.56701,2.68146
6,0.545798,-1.65506,2.6341
6,0.49074,-1.3843,2.78451
6,0.535532,-1.36562,2.79551
6,-0.320017,-1.68071,2.6219
6,0.682687,-2.19081,2.34318
6,0.0271275,-1.34486,2.80839
6,0.465509,-1.54925,2.69676
6,0.513437,-1.38587,2.78706
6,0.529102,-1.35222,2.80886
6,0.514087,-1.37748,2.79519
6,0.540673,-1.66128,2.63899
6,0.492161,-1.34946,2.81164
6,0.577543,-1.62262,2.66182
6,0.505247,-1.36671,2.80298
6,0.486549,-1.383,2.79465
6,0.575906,-1.62828,2.66047
6,0.523402,-1.35103,2.81402
6,-0.412015,-2.11593,2.39148
6,0.0495593,-1.27881,2.85552
6,0.516457,-1.2874,2.85183
6,0.515106,-1.29888,2.84653
6,0.0440292,-1.65911,2.64736
6,0.52114,-1.62197,2.6693
6,0.673714,-1.38004,2.8043
6,0.549054,-1.63937,2.66147
6,-0.00133522,-1.68525,2.63574
6,0.153993,-1.61982,2.67274
6,0.545683,-1.63697,2.66475
6,0.483171,-1.35349,2.82341
6,0.175162,-1.5032,2.74047
6,0.482812,-1.38305,2.80763
6,0.600903,-2.13548,2.39492
6,0.633495,-2.12236,2.40321
6,0.0759317,-1.68972,2.64091
6,0.518291,-1.29696,2.85967
6,0.174893,-1.53924,2.72575
6,0.564874,-1.34924,2.83295
6,0.514019,-1.62189,2.68377
6,0.480817,-1.35046,2.83458
6,0.145583,-1.35799,2.83268
6,0.175057,-1.55702,2.72442
6,0.496995,-1.3199,2.85691
6,0.481703,-1.60398,2.70096
6,0.500851,-1.32875,2.85371
6,0.174659,-1.59524,2.70655
6,0.689792,-2.14583,2.40476
6,0.17586,-1.51632,2.75103
6,0.174682,-1.60198,2.70526
6,0.193938,-1.63285,2.69331
6,0.528045,-1.30849,2.87434
6,0.36396,-1.7993,2.60388
6,0.610339,-2.16236,2.40484
6,0.591004,-1.65368,2.68667
6,0.650888,-2.20011,2.38693
6,0.487328,-1.35678,2.85149
6,0.55441,-1.4053,2.82568
6,0.501397,-1.33375,2.8656
6,0.487436,-1.36941,2.84661
6,0.487096,-1.39314,2.83358
6,0.191093,-1.63655,2.6995
6,0.356902,-1.81927,2.6
6,0.0282235,-1.65058,2.6924
6,0.65788,-2.11095,2.44215
6,0.346075,-1.83232,2.59925
6,0.734632,-2.20878,2.39473
6,0.358365,-1.79491,2.62405
6,0.34652,-1.83296,2.6034
6,0.6554,-2.14035,2.43878
6,0.237438,-1.69937,2.68117
6,0.566962,-1.68696,2.68954
6,0.0661537,-1.65021,2.70895
6,0.708889,-2.25026,2.38154
6,0.0765897,-1.71552,2.67511
6,-0.420157,-2.15349,2.43312
6,0.191379,-1.63921,2.72058
6,0.0429912,-1.68742,2.69423
6,0.0767835,-1.70776,2.68315
6,0.179425,-1.40349,2.85158
6,0.181188,-1.58226,2.75855
6,0.253287,-1.71496,2.68913
6,0.0144981,-1.30497,2.9163
6,0.163773,-1.39101,2.87016
6,0.162988,-1.45181,2.83891
6,0.466497,-1.62335,2.74646
6,0.472908,-1.62319,2.74668
6,0.243185,-1.71819,2.69445
6,0.377227,-1.81632,2.64279
6,0.0278722,-1.69465,2.70972
6,0.332159,-1.83828,2.63292
6,0.174511,-1.62278,2.75132
6,0.0500106,-1.69366,2.71263
6,0.0225687,-1.69438,2.71444
6,0.241952,-1.71634,2.70294
6,0.0769746,-1.73172,2.69525
6,0.237505,-1.72264,2.70273
6,0.339317,-1.84971,2.6342
6,0.18914,-1.59048,2.77739
6,0.350121,-1.86958,2.62421
6,-0.188634,-1.75313,2.68745
6,0.35043,-1.85827,2.63187
6,-0.0936397,-1.75502,2.68816
6,-0.0192568,-1.73401,2.70105
6,0.200678,-1.65297,2.74697
6,-0.00548176,-1.7329,2.70408
6,0.202116,-1.66543,2.74168
6,0.247616,-1.73069,2.70801
6,0.242799,-1.72811,2.71119
6,0.169024,-1.44174,2.8702
6,0.0290457,-1.7344,2.71007
6,0.236536,-1.71896,2.71954
6,0.0469318,-1.71464,2.72315
6,0.470492,-1.62846,2.77402
6,0.149448,-1.5378,2.82563
6,-0.427247,-2.1862,2.46938
6,0.0197266,-1.74118,2.71554
6,-0.341424,-1.75194,2.7109
6,0.0557289,-1.33357,2.94583
6,-0.0884579,-1.70987,2.74189
6,-0.0466764,-1.6985,2.74885
6,0.48148,-1.64418,2.78004
6,0.193365,-1.60694,2.80152
6,0.472683,-1.64138,2.78465
6,0.113082,-1.69898,2.75457
6,0.0854572,-1.74371,2.73221
6,0.0273897,-1.752,2.72864
6,0.00806112,-1.75238,2.72896
6,0.146767,-1.53634,2.85481
6,0.480975,-1.64169,2.79785
6,-0.17349,-1.76657,2.72953
6,0.128748,-1.4507,2.90471
6,-0.272247,-1.82782,2.69829
6,-0.00134161,-1.7332,2.75376
6,0.138146,-1.48936,2.89074
6,-0.184156,-1.77142,2.73723
6,0.165193,-1.64451,2.80927
6,0.172916,-1.64994,2.80682
6,0.163403,-1.50745,2.887
6,-0.0270672,-1.76149,2.74823
6,-0.131652,-1.72561,2.76813
6,0.165291,-1.65554,2.80887
6,0.167372,-1.52005,2.8858
6,0.164376,-1.47036,2.91714
6,0.359506,-1.89086,2.68631
6,-0.104118,-1.77935,2.74758
6,-0.191896,-1.77924,2.74944
6,0.159527,-1.4216,2.95078
6,0.168555,-1.47312,2.92257
6,-0.117933,-1.7085,2.79347
6,-0.344627,-1.79319,2.74866
6,-0.49681,-2.2254,2.51394
6,0.0847846,-1.33084,3.00801
6,0.154171,-1.42686,2.96204
6,0.225854,-1.35553,3.00147
6,0.0530304,-1.36562,2.99595
6,0.014286,-1.33104,3.01567
6,-0.493828,-2.2201,2.52854
6,-0.0995204,-1.37052,2.99923
6,-0.0218225,-1.7829,2.77781
6,0.0142183,-1.3369,3.02428
6,-0.346939,-1.79219,2.77296
6,-0.108783,-1.79554,2.7726
6,0.472484,-1.63936,2.8617
6,-0.124892,-1.72522,2.81444
6,0.492983,-1.61823,2.87573
6,0.636167,-2.1512,2.58476
6,0.049423,-1.3616,3.02082
6,-0.0616578,-1.7975,2.78321
6,-0.182469,-1.79822,2.78712
6,-0.0919762,-1.77508,2.80337
6,-0.290819,-1.71545,2.83633
6,-0.319383,-1.692,2.85338
6,-0.471485,-1.17358,3.14008
6,-0.0815415,-1.77908,2.80988
6,-0.306575,-1.7691,2.81499
6,-0.306422,-1.74511,2.8305
6,0.326601,-1.05489,3.21477
6,-0.105695,-1.38078,3.03483
6,-0.131288,-1.76498,2.82591
6,-0.291475,-1.66072,2.8842
6,-0.166239,-1.41753,3.02163
6,-0.340283,-1.85172,2.78555
6,-0.115805,-1.38973,3.04251
6,-0.101702,-1.76169,2.83872
6,0.649758,-2.18307,2.61362
6,-0.487022,-1.14855,3.18285
6,-0.264718,-1.69928,2.88123
6,-0.291464,-1.72132,2.86918
6,0.124082,-1.35657,3.07114
6,-0.284831,-1.88178,2.78273
6,-0.145154,-1.39405,3.05303
6,0.0227539,-1.44553,3.02875
6,0.114775,-1.32402,3.09677
6,-0.157139,-1.40031,3.05564
6,-0.354045,-1.83043,2.81873
6,-0.217746,-1.40189,3.06103
6,-0.119415,-1.39505,3.0721
6,-0.249222,-1.75533,2.87451
6,-0.318665,-1.76581,2.87347
6,0.655543,-2.20252,2.63656
6,-0.269707,-1.71458,2.90443
6,-0.320907,-1.79013,2.86499
6,-0.583685,-2.24017,2.61684
6,-0.520258,-2.27804,2.59783
6,-0.484598,-1.02458,3.28894
6,0.0847024,-1.37025,3.10406
6,0.475504,-1.65996,2.94858
6,-0.309004,-1.50911,3.03052
6,-0.306771,-1.68808,2.93216
6,-0.318585,-1.78739,2.88032
6,-0.156926,-1.40369,3.09262
6,-0.306574,-1.64748,2.95919
6,0.496705,-1.6578,2.95664
6,-0.316914,-1.50957,3.03718
6,-0.495075,-1.15685,3.23586
6,-0.330354,-1.55472,3.01891
6,-0.194826,-1.45069,3.0797
6,-0.496019,-1.12761,3.26192
6,-0.29562,-1.61366,2.99884
6,-0.306166,-1.76142,2.91825
6,0.663059,-2.19404,2.68221
6,-0.219662,-1.42312,3.10816
6,-0.27856,-1.73766,2.94386
6,1.06253,-1.50525,3.07612
6,-0.307783,-1.71185,2.97352
6,-0.308272,-1.69973,2.98815
6,-0.322727,-1.70347,2.9879
6,-0.344342,-1.59858,3.06467
6,-0.344412,-1.54564,3.10287
6,-0.643187,-2.20281,2.75266
6,-0.284715,-1.76384,3.00539
6,-0.147277,-1.46059,3.18652
6,-0.559454,-2.33954,2.70693
6,-0.199501,-1.49683,3.17316
6,-0.578233,-2.33417,2.71459
6,-0.129805,-1.47199,3.19361
6,-0.230251,-1.47479,3.19849
6,-0.200846,-1.51729,3.18121
6,0.332481,-1.07938,3.43531
6,0.629666,-2.01184,2.92315
6,-0.605407,-2.34404,2.74261
6,-0.315167,-1.66369,3.13192
6,1.54598,-1.54795,3.2022
6,0.371187,-1.08594,3.4555
6,-0.245684,-1.5422,3.24414
6,-0.208993,-1.53393,3.26047
6,-0.233296,-1.53497,3.35396
6,0.751253,-2.42442,2.97223
6,0.97451,-3.16181,3.8586
7,0.58852,-0.197903,0.474717
7,-0.188208,-1.11526,2.22525
7,0.456847,-2.11877,2.47725
7,0.470076,-2.00052,2.54783
7,0.485187,-2.17082,2.48535
7,0.452787,-2.13802,2.49212
7,0.178444,-1.59756,2.62156
7,0.227038,-1.51035,2.68848
7,0.236817,-1.25246,2.82528
7,0.217525,-1.24521,2.8216
7,0.177734,-1.60371,2.65158
7,0.138165,-1.51142,2.69623
7,0.230684,-1.32632,2.8214
7,0.132461,-1.33127,2.81972
7,0.0965381,-1.57979,2.69781
7,0.2199,-1.68538,2.71947
7,-0.229431,-1.41158,2.65586
7,0.0965998,-1.54783,2.74345
7,-0.400522,-1.35694,2.66728
7,-0.225155,-1.45481,2.77108
7,-0.57351,-1.83788,2.50352
7,-0.175551,-1.04166,3.07867
7,-0.707007,-1.54505,2.66667
7,-0.18658,-1.05026,3.11195
7,-0.581564,-1.43927,2.79678
7,-0.212966,-1.07457,3.10823
7,-0.184179,-1.06387,3.13491
7,-0.236412,-1.05918,3.17558
7,-0.945671,-1.21055,2.81951
7,-0.939459,-1.20828,2.82641
7,-0.955105,-1.21332,2.84932
7,-0.973501,-1.03527,2.91925
7,-0.243513,-1.05066,3.23562
7,-0.252974,-1.08406,3.23461
7,-1.27874,-1.03129,2.87476
7,-0.27554,-1.05947,3.29629
7,-1.2565,-1.18472,2.83738
7,-0.276019,-1.07363,3.32248
7,-1.26565,-1.20157,2.86066
7,-0.281473,-1.08905,3.33217
7,-1.21827,-0.309762,3.29801
7,-1.16844,-0.299549,3.32376
7,-1.20789,-0.310362,3.42121
8,0.0908028,0.252955,1.23187
8,-0.121491,0.185865,1.56807
8,0.374593,0.210321,1.5716
8,0.364486,0.233864,1.5811
8,0.376044,0.210922,1.58031
8,0.345033,0.228081,1.58722
8,0.357062,0.230671,1.5879
8,0.356238,0.229916,1.58773
8,0.389984,0.235396,1.58982
8,0.38748,0.237553,1.59092
8,-0.115168,0.204604,1.59704
8,-0.120937,0.212076,1.61119
8,-0.156719,0.22131,1.62536
8,-0.141499,0.21855,1.62537
8,-0.141248,0.223786,1.628
8,-0.160118,0.220301,1.63644
8,-0.166071,0.219261,1.6376
8,-0.148227,0.243259,1.64727
8,-0.1381,0.416023,1.71169
8,-0.197165,0.3754,1.70301
8,-0.176132,0.281065,1.69462
8,-0.161985,0.296534,1.70909
8,-0.16359,0.291389,1.71272
8,-0.151694,0.347719,1.7307
8,-0.156695,0.342164,1.73498
8,-0.159995,0.358306,1.74274
8,-0.163469,0.34815,1.74068
8,-0.294756,0.386131,1.75898
8,-0.141589,0.444881,1.77248
8,-0.000852965,0.426782,1.76694
8,-0.0367079,0.430535,1.80745
8,-0.0902598,0.423416,1.80733
8,0.363974,0.44609,1.80934
8,-0.0907446,0.432475,1.81693
8,0.357954,0.447144,1.81681
8,0.31242,0.528092,1.8648
8,0.388241,0.473016,1.85566
8,0.325678,0.485969,1.89225
8,0.336571,0.546744,1.92559
8,0.361203,0.529054,1.95874
8,0.370472,0.501396,1.95519
8,0.419196,0.539838,1.97332
8,0.443606,0.532808,1.97169
8,0.358385,0.528191,1.97472
8,0.43085,0.533352,2.00358
8,-0.499858,0.288551,1.96446
8,-0.462403,0.337815,2.01301
8,0.671892,0.577888,2.06463
8,0.669382,0.578394,2.07574
8,-0.526187,0.229892,2.01707
8,-0.503695,0.2915,2.06818
8,-0.600431,0.218046,2.10686
8,-0.474611,0.268855,2.13064
8,-0.465189,0.225493,2.16792
8,-0.432556,0.215577,2.16753
8,1.0015,0.311342,2.22002
8,1.00745,0.310801,2.23969
8,1.033,0.217866,2.23046
8,1.12196,0.354585,2.27503
8,1.06963,0.358809,2.28555
8,1.08498,0.319578,2.29376
8,1.2202,0.224665,2.33628
8,1.19456,0.212289,2.39784
8,0.499189,-0.221055,2.55785
8,1.59251,-0.715585,2.7331
8,-0.123445,-1.17293,2.66649
8,0.0714286,-1.54149,2.56769
8,-0.135874,-1.21297,2.65941
8,0.0970669,-1.5665,2.57222
8,0.457968,-1.49024,2.59405
8,0.111893,-1.53043,2.59768
8,0.0305101,-1.32891,2.66167
8,1.72945,-0.762122,2.79119
8,0.102182,-1.53342,2.6229
8,0.0307636,-1.34327,2.67724
8,0.409799,-1.20659,2.70653
8,0.0748223,-1.60463,2.61627
8,0.426619,-1.19121,2.72161
8,0.0260804,-1.59492,2.62685
8,0.0483696,-1.46651,2.67616
8,0.0960835,-1.51865,2.66175
8,0.385293,-1.28545,2.7213
8,0.120298,-1.35972,2.73454
8,1.66482,-0.716543,2.88971
8,0.0866649,-1.4956,2.72139
8,0.122403,-1.38446,2.80143
8,-0.234314,-1.29978,2.83737
8,1.76763,-0.727664,3.23096
8,1.79547,-0.799633,3.31858
8,-0.21451,-1.41631,3.0298
7,-0.21451,-1.41631,3.0298
8,0.419163,-1.27915,2.75362
7,0.419163,-1.27915,2.75362
8,1.22706,-1.26488,2.78159
6,1.22706,-1.26488,2.78159
9,0.956361,-0.741069,1.34232
9,1.07456,-1.13368,1.60723
9,1.31158,-1.12927,1.60617
9,0.960142,-1.16153,1.62825
9,1.16368,0.0173984,2.03135
9,1.32672,0.03846,2.09581
9,1.22664,0.0316384,2.21568
9,1.30435,0.0489381,2.21574
9,1.26957,0.0332507,2.26883
9,1.30799,0.0434131,2.27987
9,1.20818,-1.53767,2.5494
9,0.477811,-1.47278,2.64146
9,2.18667,-1.46188,2.54478
9,2.24172,-1.50668,2.54029
9,2.2427,-1.51029,2.53946
9,1.94102,-0.676534,2.77615
9,0.536485,-1.63545,2.66333
9,1.82235,-0.762822,2.81585
9,1.34376,-1.25659,2.72297
9,0.51316,-1.49853,2.71788
9,1.911,-0.765554,2.83003
9,1.3724,-1.25355,2.74378
9,0.155687,-1.60383,2.73618
9,1.99567,-0.688339,2.85297
9,0.504614,-1.31741,2.79245
9,1.83304,-0.77295,2.84517
9,0.510593,-1.35674,2.78743
9,0.502642,-1.33197,2.81081
9,1.2729,-1.27955,2.78065
9,0.591089,-1.26105,2.8324
9,1.8799,-0.816795,2.86166
9,1.69515,-1.26065,2.77117
9,0.638192,-1.34088,2.82883
9,1.77587,-0.850991,2.88731
9,1.8987,-0.814819,2.91176
9,1.95995,-0.831153,2.94381
9,1.72041,-1.28067,2.85628
9,1.68398,-1.16316,2.89534
9,0.611646,-1.30082,2.93873
9,1.82094,-0.877544,2.97998
9,0.222181,-0.968877,3.20525
9,0.493465,-1.5623,2.54432
7,0.493465,-1.5623,2.54432
10,1.07521,-0.371117,0.62356
10,1.07099,-0.537818,1.15763
10,1.06467,-0.715094,1.21734
10,1.82458,-0.717213,2.49563
10,1.87619,-0.772813,2.60279
10,1.87849,-0.75501,2.64615
10,1.09397,-1.48869,2.37588
10,1.15415,-1.2304,2.54532
10,1.92037,-0.808211,2.72501
10,1.28178,-1.25797,2.62594
10,1.6749,-1.18793,2.65198
10,1.94876,-0.889894,2.8018
10,1.29738,-1.28156,2.66434
10,1.4059,-1.28729,2.6596
10,1.91012,-0.847478,2.85934
10,1.49094,-1.2803,2.66872
10,0.627261,-1.29757,2.83845
10,1.92677,-0.859097,2.91417
10,1.38605,-1.58753,2.54695
10,1.40002,-1.31908,2.71838
10,1.73784,-0.940155,2.91943
10,1.97865,-0.918063,2.90901
10,0.715283,-2.18601,2.32005
10,1.33777,-1.33123,2.76608
10,0.872979,-1.64745,2.65587
10,0.867642,-1.65363,2.66445
10,1.17972,-1.36116,2.79841
10,0.686921,-1.402,2.85334
10,1.77997,-0.95311,2.97044
10,0.623184,-1.3344,2.92442
10,1.96639,-0.933314,2.95965
10,1.21423,-1.64734,2.63543
10,1.78825,-0.952995,2.98118
10,1.40284,-1.33295,2.80791
10,1.40615,-1.3519,2.80314
10,1.83657,-0.973298,2.97585
10,1.21057,-1.61074,2.68585
10,2.114,-0.874638,3.0057
10,0.640378,-2.06756,2.49815
10,1.26818,-1.68618,2.64079
10,1.26976,-1.67724,2.65315
10,1.22001,-1.63053,2.69329
10,1.23163,-1.64391,2.6831
10,1.88891,-0.986902,2.99241
10,1.84281,-0.938246,3.04277
10,1.34539,-1.3744,2.85131
10,1.88019,-0.992728,3.00944
10,1.9695,-0.94688,3.02815
10,1.26977,-1.6829,2.67866
10,1.90535,-0.934806,3.05869
10,0.679522,-1.44449,2.93697
10,0.702511,-1.38045,2.97488
10,1.90013,-1.01201,3.0299
10,1.92186,-0.999409,3.04232
10,1.80762,-0.947491,3.10573
10,2.18725,-0.842426,3.12718
10,2.17828,-0.906317,3.09954
10,0.640327,-1.4627,3.00187
10,1.90154,-1.00888,3.09606
10,1.8385,-0.94127,3.15824
10,0.704574,-1.47347,3.03573
10,2.35736,-1.68273,2.65433
10,1.86043,-0.965114,3.20887
10,0.754639,-2.18006,2.64822
10,1.41801,-1.63134,3.39134
10,0.735713,-3.5529,4.28506
10,2.15096,-2.59598,5.37168
10,2.06573,-3.78445,7.68799
10,0.72253,-2.20305,2.43013
6,0.72253,-2.20305,2.43013
10,0.720715,-2.18823,2.42295
6,0.720715,-2.18823,2.42295
10,0.644759,-2.03518,2.4636
6,0.644759,-2.03518,2.4636
10,1.20536,-1.44958,2.97599
8,1.20536,-1.44958,2.97599
11,-0.751842,-0.546844,0.624096
11,0.458451,0.0955869,2.13006
11,0.45613,0.0679204,2.13192
11,0.489276,0.103682,2.10662
11,0.481916,0.0445042,2.13499
11,0.499619,0.0503522,2.13314
11,0.501016,0.0476936,2.1423
11,0.528268,0.0548561,2.12689
11,0.651308,0.134161,2.057
11,0.657581,-0.0184962,2.04298
11,0.605268,0.100544,2.12307
11,0.605104,0.0820948,2.12489
11,0.648919,0.14598,2.09365
11,0.643842,-0.0148931,2.07416
11,0.611962,0.029303,2.11225
11,0.650346,0.120864,2.10354
11,0.683435,0.142375,2.08039
11,0.681506,0.0179917,2.07681
11,0.661877,0.119458,2.11678
11,0.703675,0.1022,2.1046
11,0.668283,-0.00363833,2.12178
11,0.701795,0.111944,2.10997
11,0.652141,0.0532783,2.14931
11,0.67976,0.0773823,2.16859
11,0.72114,-0.00119221,2.12275
11,0.712004,-0.00712505,2.18658
11,0.715829,0.0607436,2.21451
11,1.76753,-1.48912,1.84511
11,1.8337,-1.52702,1.84504
11,1.41413,-1.27641,2.34029
11,1.67405,-0.669096,2.20037
11,1.57345,-0.760031,2.31141
11,1.47849,-0.867664,2.39118
11,1.58196,-0.815695,2.30679
11,1.63451,-0.80963,2.27777
11,1.71675,-0.707972,2.21682
11,1.59137,-0.825016,2.31884
11,1.4415,-1.23417,2.39745
11,1.4113,-1.02839,2.47825
11,1.48941,-0.859556,2.45362
11,1.74239,-0.687302,2.25374
11,1.65098,-0.832584,2.35017
11,1.55076,-0.815379,2.45376
11,1.60423,-0.869019,2.39969
11,1.56566,-0.817121,2.47371
11,1.81606,-0.732802,2.27078
11,1.60611,-0.82567,2.50481
11,1.62722,-0.829759,2.51875
11,1.62513,-0.814706,2.56923
11,2.0809,-0.767572,2.93139
11,2.78868,-0.902618,3.74451
11,1.27685,-0.7834,2.28908
10,1.27685,-0.7834,2.28908
11,1.23295,-1.35094,2.59705
9,1.23295,-1.35094,2.59705
11,0.900078,-1.88076,3.03644
7,0.900078,-1.88076,3.03644
11,1.52558,-0.727167,2.52609
8,1.52558,-0.727167,2.52609
12,-0.459053,0.101754,1.24326
12,-0.421745,0.118844,1.25505
12,-0.426778,0.135306,1.29952
12,-0.360535,0.127629,1.29298
12,-0.361994,0.134352,1.31776
12,-0.0838555,0.178828,1.20056
12,-0.302605,0.169293,1.41699
12,0.242699,0.202127,0.991562
12,-0.389166,0.191867,1.52966
12,-0.108995,0.209331,1.2975
12,0.296662,0.222913,1.02949
12,0.26182,0.221043,1.07459
12,0.0894049,0.22267,1.21885
12,0.31768,0.252082,1.14621
12,0.442,0.257536,1.15327
12,0.429616,0.28099,1.19703
12,0.244287,0.287548,1.38195
12,0.468021,0.296652,1.21542
12,0.102755,0.325628,1.55922
12,0.303668,0.310676,1.397
12,-0.429519,0.142816,2.01675
12,-0.339213,-0.105638,1.98928
12,-0.307384,-0.0800974,1.97294
12,0.307673,0.299265,1.45412
12,0.380276,0.294672,1.39851
12,0.587574,0.311809,1.24534
12,0.327756,0.333816,1.48722
12,0.415497,0.315596,1.42141
12,0.582804,0.297063,1.29291
12,0.371422,0.277378,1.47874
12,0.312691,0.350239,1.53267
12,0.411936,0.29167,1.45758
12,0.375723,0.289275,1.50224
12,0.475306,0.350816,1.42874
12,0.133132,0.33672,1.71915
12,0.466125,0.282041,1.44763
12,0.384728,0.298378,1.51546
12,0.540534,-0.0343141,1.4044
12,0.459374,0.350159,1.46101
12,0.558797,0.354054,1.37999
12,0.487433,0.356397,1.4418
12,0.558388,0.327494,1.38692
12,0.625359,0.30891,1.33276
12,0.487529,0.360209,1.44515
12,0.394247,0.29454,1.52788
12,0.469805,0.343109,1.46636
12,0.201383,0.371237,1.68778
12,0.444655,0.345435,1.48827
12,0.420344,0.29641,1.51715
12,0.41787,0.302993,1.52189
12,0.503957,0.26632,1.45428
12,0.534563,0.335327,1.42787
12,0.508289,0.336486,1.4503
12,0.406932,0.301502,1.53755
12,0.464043,0.358329,1.49106
12,-0.239474,0.342251,2.08017
12,0.519028,0.360988,1.45426
12,-0.323806,0.148896,2.16525
12,-0.290261,0.112227,2.14065
12,0.636949,0.328206,1.36187
12,0.529188,0.269261,1.45552
12,0.643467,0.325015,1.36782
12,0.533388,0.270342,1.46371
12,0.560637,0.342091,1.43805
12,0.534799,0.318049,1.46318
12,0.406056,0.357925,1.57208
12,0.567915,0.348495,1.44046
12,0.64037,0.336057,1.38584
12,0.539697,0.323591,1.47044
12,0.527577,0.327654,1.48028
12,0.525596,0.333809,1.48352
12,0.515335,0.292399,1.49703
12,0.605148,0.344203,1.42159
12,0.550441,0.311468,1.46898
12,0.467331,0.323033,1.53914
12,-0.261217,0.156853,2.15869
12,0.216347,0.348049,1.75868
12,0.219876,0.347361,1.76216
12,0.593986,0.338952,1.46588
12,-0.210467,0.358343,2.13206
12,0.591078,0.341796,1.47137
12,0.541155,0.330158,1.51599
12,0.552834,0.295719,1.51386
12,0.564777,0.314345,1.50722
12,0.579359,0.295139,1.51172
12,0.24399,0.353266,1.79284
12,0.587128,0.295074,1.51244
12,0.455574,0.341522,1.62162
12,0.63242,0.312,1.47697
12,0.694317,0.331204,1.43014
12,-0.297088,0.249281,2.25682
12,0.664703,0.367812,1.46114
12,0.574613,0.342285,1.54187
12,-0.247479,0.3035,2.24428
12,0.448183,0.387387,1.66558
12,0.595646,0.316811,1.54921
12,-0.233989,0.224488,2.26233
12,0.733996,0.346769,1.45627
12,0.436869,0.355315,1.70455
12,0.440735,0.359807,1.70949
12,0.46732,0.375637,1.69061
12,0.00366998,0.308896,2.08247
12,0.629463,0.336831,1.56315
12,0.506434,0.354179,1.67062
12,0.628356,0.357552,1.58521
12,0.637257,0.332474,1.58394
12,0.711573,0.294561,1.5245
12,0.48038,0.377331,1.71534
12,0.492332,0.364731,1.71819
12,-0.218759,0.270624,2.32568
12,0.0382807,0.335314,2.11775
12,0.731061,0.305089,1.5547
12,0.489102,0.369847,1.76852
12,0.49537,0.367926,1.76524
12,0.780538,0.359142,1.54636
12,-0.17547,0.34465,2.34319
12,0.501673,0.362597,1.79373
12,0.771602,0.338981,1.57266
12,0.551218,0.363366,1.76036
12,0.51108,0.332469,1.80849
12,0.799214,0.326901,1.57774
12,0.515487,0.342658,1.81605
12,0.52353,0.332948,1.83362
12,0.520803,0.306265,1.84236
12,0.523045,0.308488,1.84427
12,0.52967,0.31974,1.84702
12,0.826875,0.32452,1.60506
12,0.542234,0.308587,1.86308
12,0.396152,0.0955392,2.01224
12,0.551064,0.289543,1.8815
12,-0.0467741,0.425961,2.40501
12,0.569908,0.270024,1.91825
12,0.43946,0.153715,2.03922
12,0.463662,0.0758862,2.03544
12,0.46519,0.142303,2.0372
12,0.549477,0.201246,1.97741
12,0.456739,0.163071,2.06027
12,0.549752,0.213132,1.98981
12,0.585904,0.225661,1.96207
12,0.557998,0.21035,1.98946
12,0.516895,0.00433685,2.04017
12,0.561314,0.198753,1.99384
12,0.601513,0.21804,1.97204
12,0.605357,0.2257,1.98495
12,0.60505,0.212804,1.98948
12,0.513386,0.0949946,2.0876
12,0.596089,0.196088,2.01689
12,0.613292,0.18597,2.00382
12,0.576751,0.16346,2.03722
12,0.614752,0.195956,2.00627
12,0.524749,0.115921,2.0895
12,0.583285,0.15168,2.04232
12,0.593685,0.161696,2.04724
12,0.544046,0.140984,2.09206
12,0.629854,0.204338,2.02058
12,0.644078,0.185109,2.01781
12,0.631911,0.190613,2.02817
12,0.610007,0.153308,2.05401
12,0.630898,0.170173,2.04012
12,0.600116,0.0197422,2.07887
12,0.580682,0.157622,2.09253
12,0.638141,0.167024,2.04857
12,0.638499,0.154627,2.05351
12,0.608397,0.152617,2.07904
12,0.662285,0.183399,2.03287
12,0.58504,0.030305,2.10991
12,0.639569,0.154608,2.05941
12,0.648445,0.134333,2.0696
12,0.651596,0.166295,2.06796
12,0.688063,0.0286188,2.04507
12,0.655301,0.145415,2.08363
12,0.708442,0.0414715,2.07045
12,0.705283,0.153047,2.07651
12,0.692424,0.145769,2.09316
12,0.662468,0.0704041,2.12531
12,0.650986,0.0304894,2.17228
12,0.889666,-0.61735,2.00781
12,0.67685,0.0368063,2.15321
12,0.658684,0.0283344,2.17386
12,0.683932,0.040716,2.15804
12,0.697125,0.0936247,2.15327
12,0.710372,0.0448683,2.14608
12,0.702166,0.107993,2.14975
12,0.689761,0.0685117,2.16308
12,0.709521,0.0235454,2.15185
12,0.670379,0.0318478,2.18812
12,0.708877,0.0421646,2.15832
12,0.708305,0.0448309,2.15874
12,0.689339,0.0260633,2.17621
12,0.699227,0.0687124,2.16726
12,0.723102,0.0994497,2.15055
12,0.732394,0.0911879,2.15703
12,0.708847,0.0688,2.18103
12,0.721251,0.0423772,2.17846
12,0.709877,0.041666,2.1969
12,0.0772109,0.403622,2.71044
12,1.92642,0.149523,1.44626
12,0.210429,0.590483,3.02355
12,1.44158,-0.821992,2.32997
12,1.44332,-0.821393,2.35814
12,1.69755,-0.649088,2.19184
12,1.66787,-0.74444,2.23654
12,0.291668,0.641797,3.36163
12,1.7071,-0.720045,2.30497
12,1.83277,-0.64991,2.22888
12,1.59159,-0.784225,2.47607
12,1.58414,-0.739317,2.56775
12,1.72612,-0.881577,2.48949
12,1.68953,-0.720376,2.58094
12,1.69754,-0.714516,2.60948
12,0.659003,-1.44397,3.14123
9,0.659003,-1.44397,3.14123
12,0.752548,-0.277231,3.04658
8,0.752548,-0.277231,3.04658
13,0.477734,-0.62271,1.33547
13,0.697892,-0.696389,1.46187
13,0.709437,-0.676432,1.47237
13,0.738013,-0.729206,1.68494
13,0.285347,-1.5628,2.12457
13,0.771508,-0.721618,1.70743
13,0.412806,-1.21889,2.18215
13,0.884949,-0.682521,1.82969
13,0.926219,-0.767183,1.76069
13,0.96488,-0.757776,1.77662
13,1.21731,-1.4763,1.32214
13,1.28811,-1.53097,1.31519
13,1.29202,-1.53659,1.31354
13,0.28532,-1.64806,2.99564
13,1.35938,-0.797633,2.0076
13,1.58417,-0.784379,1.94893
13,1.69266,-0.829282,2.2142
13,1.91844,-0.633293,1.97995
13,1.8424,-0.795698,2.15321
13,1.8457,-0.811452,2.15176
13,2.0705,-0.629784,2.08833
13,1.96202,-0.844825,2.32584
13,2.06529,-0.730813,2.29996
13,2.02748,-0.878438,2.35162
13,2.05534,-0.893632,2.36742
13,2.35491,-0.614734,2.13629
13,2.19376,-0.875502,2.46146
13,2.45486,-0.634029,2.201
13,0.521863,-1.19372,1.97247
10,0.521863,-1.19372,1.97247
13,1.80314,-1.58794,3.00049
11,1.80314,-1.58794,3.00049
13,-0.320469,-0.946034,1.40058
12,-0.320469,-0.946034,1.40058
13,-0.422115,-0.828998,1.00159
12,-0.422115,-0.828998,1.00159
14,-0.257478,-0.304425,5.72898
14,-0.26947,-0.30918,5.7709
14,0.0703923,0.111439,2.90316
14,0.554182,0.378881,2.71006
14,0.521414,0.35123,2.63095
14,0.600867,0.392637,2.80845
14,0.569918,0.347217,2.6638
14,0.472226,0.341052,2.68136
14,0.462806,0.309392,2.62788
14,0.0740587,0.135179,2.98958
14,0.249218,0.186417,3.05693
14,0.23073,0.187056,3.06742
14,0.653539,0.405781,2.6623
14,0.666518,0.395128,2.64718
14,-0.130181,-0.0584928,5.07034
14,-0.169091,-0.0443249,5.28727
14,-0.338571,-0.422839,5.91861
14,-0.374573,-0.458545,5.89782
14,-0.279159,-0.325535,5.84679
14,-0.351005,-0.360461,5.81544
14,1.15663,-0.363817,5.32757
14,1.02296,-0.35739,5.00249
14,1.17342,-0.335017,5.40493
14,1.0538,-0.530643,5.15328
14,1.06162,-0.632797,5.19156
14,0.690396,0.362838,2.92516
14,0.221808,0.23687,3.21864
14,0.189422,0.226382,3.3644
14,0.558231,0.257071,3.34962
14,0.522441,0.237948,3.53628
14,0.821545,-0.0843486,4.01752
14,0.582061,0.314492,3.08416
14,0.552372,0.323913,3.08128
14,0.592494,0.280535,3.13944
14,0.548163,0.293194,3.16929
14,0.582836,0.238351,2.76492
14,0.561188,0.335117,2.9247
14,0.457658,0.283322,2.69515
14,0.502367,0.283017,2.95844
14,0.442736,0.335881,2.70783
14,0.424806,0.309645,2.70239
14,0.410612,0.312579,3.26747
14,0.494607,0.224288,3.49715
14,0.573537,0.0861352,2.64178
14,0.358079,-0.200164,5.44518
14,0.329403,0.0655679,3.2795
14,0.311531,0.0418743,3.97501
14,0.400182,0.176127,3.64127
14,0.619862,0.422139,2.55797
14,-0.185549,0.0204926,4.8463
14,-0.283482,-0.0274315,5.24466
14,0.0419089,0.123234,3.44633
14,1.03281,0.234874,4.55865
14,0.563477,-0.1255,3.73435
14,0.599396,0.418176,2.80158
14,0.317059,0.292021,3.15661
14,1.31009,-0.289702,5.2032
14,0.392708,0.171442,3.45434
14,0.385521,0.174099,3.50787
14,0.540404,0.367937,2.6925
14,0.515398,0.36466,2.66852
14,0.546997,0.292853,3.20935
14,0.573549,0.269633,3.22208
14,0.0813025,0.139795,3.04914
14,0.0811619,0.11652,3.04386
14,0.400175,0.181964,3.40664
14,0.392629,0.190825,3.57253
14,0.377187,0.13956,3.31781
14,-0.451194,0.249522,3.85272
14,-0.549519,0.259006,4.84897
14,-0.31138,-0.399081,5.89843
14,-0.38535,-0.497408,6.00786
14,-0.307703,-0.306155,5.82879
14,-0.371398,-0.347951,5.79033
14,-0.158893,-0.0376101,5.28076
14,-0.175842,0.0197457,4.66967
14,1.06075,-0.890339,4.91452
14,1.07907,-1.03812,4.99939
14,1.06242,-0.528435,5.19547
14,1.06995,-0.580823,5.13724
14,1.06106,0.231793,4.67032
14,0.568633,0.080914,2.6345
14,0.611258,0.0441197,2.83198
14,0.698133,0.366716,2.92666
14,0.588943,0.362545,2.72859
14,0.226754,0.215685,3.14645
14,0.286597,0.180172,3.14996
14,0.231656,0.186246,3.05413
14,0.227184,0.0353298,2.99517
14,0.290133,0.0140689,3.32718
14,0.543599,0.254043,3.33759
14,0.52338,0.242843,3.54263
14,0.561899,0.310666,3.02791
14,0.568968,0.274183,3.00475
14,0.48213,0.349629,2.70851
14,0.538171,0.330465,2.90006
14,0.495222,0.327544,2.78205
14,0.465763,0.297319,2.79477
14,0.397719,0.31432,3.18083
14,0.322457,-0.186929,4.99938
14,0.327178,0.0642817,3.31988
14,0.155385,0.191949,3.14766
14,0.13522,0.158456,2.96653
14,0.650104,0.427509,2.68277
14,0.603606,0.424476,2.79653
14,0.939738,-0.515061,5.06398
14,1.04819,-0.637718,5.12586
14,1.04157,-0.383162,5.09348
14,1.30266,-0.273805,5.21288
14,1.12767,-0.333718,5.22452
14,-0.135883,-0.0563339,5.16558
14,-0.202546,-1.11691,5.37883
14,-0.260264,-1.02241,5.31079
14,-0.517013,-1.11643,5.4763
14,-0.532906,-1.04481,5.42713
14,-0.26761,-1.19589,5.46067
14,0.0146484,0.127516,3.69646
14,0.31151,0.288431,3.16089
14,1.04861,-0.802303,4.94493
14,-0.55286,-0.295732,5.63035
14,-0.225459,-1.36059,5.64689
14,-0.25337,-1.37291,5.69801
14,0.508336,0.228576,3.37173
14,0.49733,0.215129,3.40115
14,-0.243102,-1.21798,5.46708
14,-0.198853,-1.30297,5.61952
14,0.160073,0.184716,3.14616
14,0.155259,0.151452,3.05155
14,0.243157,0.0555577,3.1126
14,0.251697,0.0282523,3.22191
14,0.396719,0.294399,3.09784
14,0.384378,0.295725,3.1118
14,-0.337254,0.176974,1.77732
14,-0.358333,0.183442,1.76193
14,-0.488173,-1.29284,5.17081
14,-0.552385,-1.27845,5.11326
14,-0.325055,-1.37373,5.59598
14,-0.375962,-1.47572,5.59735
14,-0.293107,-0.354879,5.98094
14,-0.394467,-0.37513,5.87286
14,0.174317,0.0727804,2.7026
14,0.365812,0.119861,3.32853
14,0.345614,0.0767508,3.42797
14,0.481865,0.343291,2.70702
14,0.533415,0.317497,2.92208
14,0.571503,0.226691,2.78446
14,0.60491,0.363042,2.76381
14,0.662358,0.328913,2.90573
14,0.605466,0.159116,2.71013
14,1.08089,-0.920854,4.93856
14,1.06739,-1.01905,4.98015
14,0.695209,0.407325,2.72428
14,0.657081,0.419042,2.72005
14,0.0783472,0.149456,3.31456
14,0.0494657,0.106939,3.39813
14,0.0200045,0.114958,3.65293
14,0.214497,0.196514,3.10686
14,0.232819,0.214504,3.16415
14,0.288636,0.170434,3.14621
14,0.238879,0.17953,3.05783
14,0.28362,-0.0010139,3.25249
14,0.549259,0.292335,2.93586
14,0.491618,0.303,2.91027
14,0.546159,0.250922,2.91929
14,0.542943,0.283242,3.12998
14,0.444686,0.324111,2.86331
14,0.511985,0.350954,2.67178
14,0.0976954,0.0804124,2.98601
14,0.378967,0.164349,3.31143
14,0.661047,0.438316,2.54513
14,0.588448,0.410505,2.74555
14,0.91111,-0.020198,4.16283
14,1.02293,-0.107556,4.67372
14,0.395385,-1.36967,4.78324
14,1.56378,-1.51172,5.36436
14,1.47765,-1.52336,5.40568
14,1.62645,-1.70129,5.75874
14,1.08455,-0.517996,5.16976
14,0.948174,-0.530822,5.06811
14,1.06865,-0.649167,5.09396
14,1.03875,-0.392206,5.06098
14,1.29792,-0.283739,5.17821
14,1.0908,-0.325086,5.08939
14,1.30688,-0.396872,5.12119
14,-0.361349,0.402793,1.77676
14,-0.471247,-1.40629,5.24371
14,-0.543974,-1.4574,5.25631
14,-0.347807,-0.436834,5.98766
14,-0.469883,-0.351744,5.50674
14,-0.535805,-0.370465,5.41493
14,-0.345921,-1.2807,5.52347
14,-0.207293,-1.06238,5.1919
14,-0.257851,-1.02885,5.26153
14,-0.470952,-1.19128,5.24042
14,-0.551468,-1.18361,5.10477
14,-0.410272,-1.29646,5.38074
14,-0.515712,-1.11776,5.46251
14,-0.607718,-1.46237,5.18927
14,1.08567,-1.15013,4.96037
14,1.458,-0.582867,5.33381
14,0.293276,-0.187216,4.54694
14,1.08166,-1.39271,4.94207
14,0.119594,0.0510708,2.86123
14,0.299722,0.26757,3.11298
14,1.64714,-3.93945,13.3347
14,-0.347758,0.0192859,4.56087
14,-0.356044,-1.57629,5.68511
14,0.515795,0.317272,2.82556
14,0.519764,0.288688,2.8473
14,-0.354734,-0.45261,6.20391
14,-0.386341,-0.450054,6.16887
14,-0.4636,-1.16331,5.15862
14,-0.242779,-0.925705,5.24558
14,-0.269113,-1.03142,5.20218
14,0.977392,-0.21866,4.78318
14,0.861824,-0.209568,4.58431
14,1.05675,-0.489997,5.17153
14,1.05109,-0.571448,5.14383
14,0.628988,0.335564,2.85017
14,0.605238,0.308229,2.88501
14,0.353002,0.119617,3.32175
14,0.323102,0.0666216,3.38776
14,0.118477,0.0569791,2.89743
14,0.0800414,0.0996617,3.26097
14,0.499489,0.220953,3.21619
14,0.484038,0.221902,3.23001
14,0.525803,0.28629,3.16366
14,0.538996,0.249941,3.1401
14,0.53541,0.257726,2.84801
14,0.582025,0.226717,2.84833
14,0.527467,0.3656,2.72674
14,0.49029,0.356112,2.76847
14,0.162275,0.164056,3.13351
14,0.0846434,0.161756,3.44845
14,0.232623,0.217195,3.1615
14,0.643286,0.423032,2.71396
14,0.695998,0.413204,2.74692
14,0.590665,0.412806,2.74427
14,0.68528,0.498,2.30765
14,0.680756,0.47466,2.37973
14,1.02922,-0.394908,5.03683
14,1.34526,-0.277612,5.42608
14,1.06939,-0.316346,5.09749
14,1.31947,-0.408298,5.20761
14,-0.306841,0.227498,1.84683
14,-0.364082,0.404036,1.78224
14,-0.368406,0.369532,1.80341
14,-0.318155,-0.348168,6.15019
14,-0.507691,-0.272508,5.32633
14,-0.527502,-0.353398,5.23495
14,-0.328962,-1.1559,5.25267
14,-0.189884,-1.23933,5.36606
14,-0.396841,-1.24657,5.39742
14,-0.54741,-1.19031,5.15384
14,-0.520639,1.14048,3.23989
14,-0.512703,1.07094,3.1905
14,0.010319,0.114592,3.74949
14,-0.136065,-0.00967078,4.54496
14,-0.364488,0.190624,1.78423
14,1.0726,-0.933733,4.98336
14,1.11797,-1.19761,5.06595
14,1.40284,-0.577814,5.20113
14,1.07363,-0.652196,5.11772
14,0.429416,-0.206738,4.04081
14,0.258586,-0.166108,4.12527
14,0.664815,0.442361,2.56862
14,0.239777,0.0285751,3.25872
14,0.433307,0.324674,2.89148
14,0.29854,0.26621,3.13023
14,-0.347454,0.0385802,4.39969
14,0.0864964,0.106797,3.37414
14,0.138142,0.0567106,3.05294
14,0.147985,0.167662,3.27046
14,0.0865668,0.15104,3.37689
14,0.283484,0.241132,3.1147
14,0.246732,0.224384,3.16572
14,0.490941,0.325359,2.78931
14,0.492771,0.271659,2.7997
14,0.527879,0.252636,2.79177
14,0.572506,0.219242,2.83195
14,1.05354,-0.401295,5.04814
14,0.629494,0.331091,2.83845
14,0.614435,0.276996,2.85471
14,1.6594,-1.55737,5.65017
14,1.62318,-1.59502,5.65267
14,2.06528,-0.986081,3.95254
14,2.037,-1.03608,3.85024
14,-0.297778,0.215135,1.74646
14,-0.590151,-1.31854,5.28515
14,-0.594359,-1.46715,5.32283
14,-0.440648,-1.50149,5.57978
14,-0.400491,-0.443395,6.07759
14,-0.512205,-0.345073,5.1955
14,-0.262785,-1.41651,5.67784
14,-0.344828,-1.60122,5.80924
14,-0.220327,-1.20179,5.54356
14,0.333623,0.143357,3.20512
14,0.319526,0.0608433,3.27542
14,0.428102,0.333226,2.85675
14,0.507954,0.23021,3.24791
14,0.888885,-0.00416098,4.00807
14,1.65335,-1.73572,5.62956
14,1.55355,-1.7106,5.66828
14,1.70863,-1.68087,5.56978
14,1.62236,-1.73431,5.28856
14,0.867457,0.560699,1.87082
14,0.859487,0.550223,1.96442
14,1.05048,0.474492,2.14457
14,-0.520162,-1.07484,5.27621
14,-0.397661,-1.26196,5.48995
14,-0.557476,-1.21899,5.30303
14,1.52691,-1.5731,5.70723
14,1.01125,-0.226789,4.84551
14,0.56985,0.273513,2.81881
14,0.167179,0.165496,3.22822
14,0.153181,0.0549453,2.95791
14,-0.531558,1.14118,3.24188
14,-0.512527,1.06088,3.25563
14,0.0213896,0.158891,3.55241
14,-0.114798,-0.00446862,4.30459
14,-0.252549,-0.968903,5.45667
14,0.632812,0.183592,2.85341
14,0.968101,0.482569,1.90031
14,0.702196,0.412092,2.75951
14,0.62824,0.348953,2.8328
14,2.06128,-0.266196,4.4455
14,1.81655,-0.293288,4.4158
14,2.04793,-0.466605,4.4167
14,1.81416,-0.430227,4.341
14,2.10386,-0.714936,4.02638
14,2.08622,-0.941328,4.0951
14,2.05508,-1.13827,4.03397
14,2.08049,-1.24846,4.13693
14,1.09313,-0.587601,5.23786
14,1.14848,-1.42739,5.1786
14,0.504084,0.358213,2.76141
14,0.229126,0.0386293,3.20901
14,1.54288,0.457444,3.52637
14,0.703827,0.503355,2.3443
14,0.685785,0.481557,2.38822
14,2.02594,-1.6587,4.08152
14,0.782678,-0.166673,4.13931
14,0.24222,-0.167222,4.15294
14,1.13187,-0.972969,5.10372
14,-0.327739,0.0499574,4.15004
14,-0.323542,-0.366782,6.12531
14,0.501967,-1.5923,5.51524
14,-0.252561,-1.40098,5.61559
14,-0.358514,-1.61343,5.90963
14,-0.279961,-1.0728,5.30023
14,-0.200692,-1.22127,5.4052
14,0.00752576,0.146342,3.58639
14,0.0624701,0.08819,3.51163
14,0.185627,0.158387,3.25562
14,0.181237,0.054889,3.17863
14,0.339034,0.158459,3.2571
14,0.311625,0.0559113,3.23783
14,0.527848,0.243636,2.77243
14,0.963806,-0.0954342,4.34589
14,0.612382,0.394304,2.76129
14,0.602445,0.33585,2.81611
14,1.62575,-1.60475,5.71366
14,1.55821,-1.67678,5.97011
14,0.877901,0.545431,1.92042
14,0.858891,0.547046,1.98082
14,-0.373511,-1.36012,5.45179
14,-0.467076,-1.22612,5.07425
14,-0.456164,-1.47906,5.41744
14,0.584283,0.271394,2.83519
14,0.647075,0.187731,2.91772
14,1.26356,-0.234345,5.15086
14,1.01937,-0.419079,4.9464
14,-0.480417,0.487293,1.87075
14,-0.335345,0.287462,1.72823
14,-0.491015,-0.994906,4.91537
14,0.503405,-0.204608,4.49725
14,0.230359,-0.183812,4.04015
14,-2.12664,-2.41504,6.05963
14,-2.10588,-2.33418,5.74368
14,-0.514542,1.07435,3.32365
14,-0.0887958,0.00653218,4.14194
14,-0.235646,-0.937191,5.23949
14,1.27751,0.193897,4.75181
14,2.15594,-0.288568,4.71614
14,1.87387,-0.315458,4.56967
14,1.88803,-0.453652,4.51777
14,-1.86916,0.0646341,6.8594
14,0.529693,0.353624,2.78212
14,0.466525,0.211793,2.93394
14,1.13076,-1.43204,5.0987
14,1.50484,-1.70384,5.59737
14,-0.526812,-1.33497,4.88969
14,1.32819,-0.485668,5.24652
14,0.883635,0.569549,1.90035
14,0.986419,0.461576,2.0862
14,0.702536,0.499371,2.34
14,0.676566,0.470123,2.37777
14,2.17388,-0.506136,4.67516
14,1.63189,-1.74274,5.58133
14,1.53205,-1.81166,4.73196
14,1.06739,-0.747621,4.81299
14,-0.364795,0.193789,1.73935
14,-0.482641,-0.333535,4.83154
14,0.459326,-1.50014,5.19603
14,1.80683,-1.49298,3.8213
14,1.60113,0.489467,3.62699
15,-0.472295,0.00732348,1.61996
15,-0.343826,0.28667,1.64753
15,-0.381738,0.103715,1.66258
15,-0.342361,0.273165,1.66538
15,-0.341097,0.289289,1.67075
15,-0.370851,0.111328,1.6752
15,-0.373943,0.112961,1.67512
15,-0.343055,0.289731,1.67396
15,-0.330206,0.278767,1.68478
15,-0.373684,0.116771,1.68697
15,-0.49173,0.0122831,1.68436
15,-0.379253,0.115945,1.69508
15,-0.378725,0.11163,1.70879
15,-0.36982,0.103823,1.71262
15,-0.376454,0.18081,1.72029
15,-0.393646,0.0983775,1.72967
15,-0.377777,0.184938,1.73695
15,-0.370219,0.18495,1.74127
15,-0.372903,0.189557,1.74178
15,-0.483757,-0.000136852,1.7397
15,-0.336046,0.193135,1.75447
15,-0.373871,0.182562,1.75577
15,-0.368256,0.185752,1.75738
15,-0.361947,0.182967,1.76557
15,-0.365035,0.179308,1.76662
15,-0.363652,0.180177,1.77214
15,-0.510314,0.448847,1.75953
15,-0.373841,0.352502,1.77599
15,-0.348448,0.183631,1.79075
15,-0.496756,0.00312419,1.7946
15,-0.391103,0.579523,1.79959
15,-0.346533,0.179853,1.81666
15,-0.395674,0.57839,1.80732
15,-0.466242,0.462013,1.80509
15,-0.395712,0.578141,1.81678
15,-0.472515,0.470935,1.81761
15,0.622013,-0.639924,2.15054
15,-0.797293,0.260739,2.31765
15,-0.790974,0.16797,2.34911
15,-0.814315,0.265902,2.354
15,-0.844954,0.264463,2.44099
15,-0.9114,1.12923,2.45016
15,0.159378,0.0996692,2.6177
15,0.717463,0.444851,2.67275
15,0.168474,0.0578008,2.71053
15,0.1869,0.0743277,2.7209
15,-1.29147,1.03469,2.61654
15,-1.2417,1.0686,2.6597
15,-1.03648,1.03127,2.68725
15,-0.933711,1.08688,2.82355
15,-0.97762,1.0176,2.82581
15,0.124034,0.157417,2.95988
15,0.302714,0.161701,2.9794
15,0.290357,0.157344,2.99588
15,-0.338182,0.12613,2.96214
15,0.243474,0.115548,3.02317
15,-0.961433,1.1272,2.89931
15,-0.97349,1.0488,2.90103
15,0.254181,0.112829,3.04492
15,0.326151,-0.16866,3.09725
15,0.379518,0.302036,3.09547
15,0.477501,0.207764,3.11124
15,0.0860718,0.0764678,3.07851
15,0.165006,0.129716,3.09744
15,-0.256044,-0.090396,3.06936
15,0.105096,0.0695257,3.13204
15,-0.483782,1.08925,3.04768
15,0.224967,0.0836659,3.15221
15,0.188325,0.196393,3.14987
15,-0.996572,1.08685,3.01807
15,-0.494203,1.09153,3.06591
15,0.472311,0.211337,3.18744
15,0.233753,0.0486849,3.23884
15,0.329325,0.0908032,3.24983
15,-0.497544,1.01583,3.14714
15,0.41634,0.307402,3.25725
15,-0.340363,0.115021,3.19578
15,0.329657,0.0990236,3.26454
15,0.0883469,0.129532,3.2599
15,0.156358,0.163348,3.3049
15,-0.363203,0.134273,3.27782
15,-0.354689,0.131715,3.3304
15,0.0934673,0.143548,3.43602
15,1.10202,-1.11575,3.57906
15,-0.970103,1.19343,3.48226
15,0.432919,-0.214881,3.66331
15,0.0283588,0.148966,3.63413
15,0.0232815,0.143159,3.67231
15,-0.0679846,0.0997785,3.77325
15,0.0102158,0.13799,3.83029
15,0.18774,-0.137208,4.066
15,-0.147942,-0.0149118,4.1869
15,-0.150655,0.00663083,4.22471
15,0.855897,-0.454575,4.71331
15,0.399248,-0.00505379,4.67286
15,0.269983,-0.155177,4.75989
15,0.896621,-0.476715,4.90802
15,-0.345561,-0.00334295,4.80674
15,-0.474374,-0.227827,4.82451
15,0.285749,-0.159651,4.90936
15,1.54467,-1.53878,5.07487
15,1.21918,-0.208841,5.05543
15,-0.496769,-0.254102,4.99543
15,-0.471187,-0.29386,5.11613
15,-0.244771,-0.928789,5.19538
15,-0.472966,-0.305982,5.19111
15,-0.258922,-0.933338,5.32194
15,-0.529172,-0.260273,5.30028
15,-0.484047,-0.400425,5.32989
15,1.38576,-0.451691,5.57802
15,1.55191,-0.628798,5.74227
15,-0.336841,-1.37476,5.60989
15,-0.345769,-0.422486,5.91369
15,-0.390064,-0.53299,6.17709
15,-0.346715,-0.412375,6.79345
15,0.129371,0.0746272,3.71631
14,0.129371,0.0746272,3.71631
15,0.294568,0.128556,3.62026
14,0.294568,0.128556,3.62026
15,0.348472,0.136481,4.00977
14,0.348472,0.136481,4.00977
15,-0.393648,0.545737,1.96203
14,-0.393648,0.545737,1.96203
15,-0.270267,-0.303066,5.23513
14,-0.270267,-0.303066,5.23513
15,-0.389399,0.547272,1.953
14,-0.389399,0.547272,1.953
15,-0.948293,0.255391,2.72749
14,-0.948293,0.255391,2.72749
16,-0.512761,-0.0770352,0.508735
16,-0.967875,0.484469,1.2258
16,-1.00368,0.3529,1.23269
16,-1.01919,0.255047,1.3191
16,-1.01063,0.218552,1.32412
16,-0.446313,0.0116015,1.54809
16,-0.377972,0.199856,1.5724
16,-0.445729,0.0383368,1.62781
16,-0.455042,0.00460416,1.63565
16,-0.468735,0.0495796,1.63873
16,-0.482062,0.00532712,1.63689
16,-0.460377,0.00411001,1.64291
16,-0.466989,0.0580138,1.64652
16,-0.445216,0.00621751,1.67743
16,-0.464511,-0.00254351,1.67565
16,-1.08176,0.446635,1.53255
16,-0.347219,0.349524,1.72591
16,-0.350607,0.35367,1.73076
16,-0.449338,-5.90384e-05,1.71364
16,-0.365233,0.357173,1.75291
16,-0.468333,-0.00948055,1.73395
16,-0.47237,-0.00773762,1.74602
16,-0.543667,0.158505,1.74153
16,-1.10843,0.387143,1.6074
16,-1.10127,0.436487,1.66122
16,-0.478784,-0.0140876,1.82997
16,-1.11011,0.843787,1.72202
16,-1.08564,0.665872,1.75589
16,-0.629735,0.159372,1.87578
16,-0.645578,0.218343,1.93007
16,-1.11573,0.682613,1.83046
16,-1.12784,0.731926,1.82733
16,-1.13026,0.833238,1.83232
16,-0.410719,0.901787,2.00998
16,-0.399008,0.940583,2.02742
16,-0.558719,0.721994,2.35708
16,-1.17786,1.00712,2.26107
16,-0.354813,1.07163,2.55864
16,-0.579293,0.764609,2.54025
16,-1.2407,1.18143,2.44815
16,-0.949661,1.16518,2.54766
16,-1.11214,1.19086,2.52408
16,-1.16924,1.13147,2.57693
16,-1.16927,1.12807,2.58541
16,-0.169708,1.13789,2.82324
16,-1.29885,1.12353,2.55788
16,-1.015,0.968149,2.62866
16,-1.03143,0.970546,2.63049
16,-1.30774,1.13942,2.56543
16,-1.17149,1.13729,2.60542
16,-1.03277,1.02072,2.64356
16,-0.16861,1.15069,2.86089
16,-1.21392,1.01156,2.64585
16,-1.20424,1.0099,2.65543
16,-1.2321,1.06433,2.65735
16,-1.06085,1.15254,2.70449
16,-1.24746,1.07715,2.67316
16,-1.27458,1.02676,2.67537
16,0.405354,0.282428,3.08441
16,0.313193,0.218455,3.06656
16,-1.32868,1.06732,2.67161
16,-0.719288,0.920681,2.88407
16,-0.724295,0.935691,2.95761
16,-0.984384,1.08763,2.89866
16,-0.287907,0.0400932,3.07895
16,-1.26245,0.988347,2.93206
16,-0.761735,0.964498,3.09404
16,0.247234,0.0999155,3.4551
16,-0.9038,1.12419,3.25668
16,-0.902693,1.11974,3.26838
16,-1.35435,1.06552,3.19476
16,-1.34901,0.970065,3.28069
16,-1.34346,1.07462,3.29044
16,-1.39548,0.920231,3.47288
16,-1.47872,0.878146,3.70656
16,-1.4583,0.717817,3.80547
16,0.174759,-0.121634,4.22435
16,-1.21665,0.250482,3.89852
16,-1.4931,0.734192,3.87468
16,-1.59574,1.24414,3.88571
16,-1.83315,-1.78182,4.56849
16,-1.85781,-1.79015,4.60244
16,-1.48031,0.47853,4.70669
16,-1.48215,0.460095,4.71007
16,-1.48484,0.438701,4.73104
16,-1.49072,0.455889,4.74215
16,-0.200073,-1.032,5.0729
16,-1.4592,0.250216,4.76723
16,-1.50683,0.450598,4.76393
16,-1.47074,0.27303,4.77908
16,-0.263725,-0.989301,5.08413
16,-0.25901,-0.903946,5.11103
16,-1.53347,0.44379,4.82068
16,-0.20369,-1.05036,5.15257
16,-1.59669,0.29951,4.81329
16,0.557729,-1.56033,5.35753
16,-0.248642,-1.14846,5.17696
16,-0.248627,-0.889413,5.17552
16,-1.58712,0.241652,4.87692
16,-0.545321,-0.321078,5.13266
16,-0.519378,-1.05612,5.1747
16,-1.68821,0.128807,4.94329
16,-1.62384,0.243951,4.97533
16,-1.69504,0.157179,4.97239
16,-0.514658,-0.254047,5.26327
16,-3.16119,-1.86522,4.73828
16,-1.75524,0.111475,5.04793
16,-0.517281,-0.258065,5.34902
16,-1.81362,-0.574965,5.05325
16,-0.488378,-0.42602,5.40273
16,-1.79168,0.160268,5.09762
16,-1.70809,0.0440195,5.1257
16,-1.70643,0.126178,5.13154
16,-0.483136,-0.232452,5.42547
16,-1.71079,-0.0216369,5.17611
16,-1.87361,0.131769,5.26175
16,-1.7862,0.12644,5.32295
16,-1.77799,0.0406174,5.34047
16,-1.78801,0.125241,5.392
16,-1.78923,0.200382,5.41039
16,-1.79465,0.110795,5.41299
16,-1.79772,0.0748899,5.41726
16,-1.91439,0.162263,5.40147
16,-1.88144,-2.24603,5.45718
16,-1.92111,0.0795452,5.45435
16,-1.87942,0.0580291,5.50225
16,-0.285637,-0.331,5.90394
16,-2.05718,-2.12722,5.51621
16,-0.286872,-0.354353,5.92006
16,-1.94709,0.115194,5.54689
16,-1.95058,0.107733,5.55719
16,-1.94228,0.102488,5.57503
16,-1.90199,0.167805,5.59969
16,-1.9384,0.218045,5.61362
16,-1.9474,0.2072,5.62888
16,-1.95554,0.182817,5.63355
16,-2.08404,-0.677703,5.62938
16,-2.09627,0.23293,5.78353
16,-2.16474,-0.704231,5.78732
16,-2.16639,-0.709569,5.84934
16,-2.10795,0.244604,5.85991
16,-2.17712,-0.650781,5.90466
16,-2.19412,-0.669931,5.90303
16,-2.23199,0.211974,6.14927
16,-3.73107,0.442289,7.75424
16,-3.0519,0.407871,6.95707
15,-3.0519,0.407871,6.95707
16,-3.06639,0.400938,6.98121
15,-3.06639,0.400938,6.98121
16,-2.28037,0.454723,5.32341
15,-2.28037,0.454723,5.32341
16,-2.50542,0.338363,5.63836
15,-2.50542,0.338363,5.63836
17,-0.86311,0.533193,0.223682
17,-1.22182,0.339453,0.934891
17,-1.23173,0.340518,0.960799
17,-1.40299,0.307557,0.963241
17,-1.25743,0.333922,1.01782
17,-1.17725,0.4243,1.05873
17,-1.18788,0.425217,1.07198
17,-1.21148,0.322086,1.07513
17,-1.307,0.330781,1.05049
17,-1.19041,0.45537,1.08839
17,-1.31459,0.331133,1.06873
17,-1.2256,0.333618,1.11244
17,-1.32506,0.333257,1.09032
17,-1.17771,0.607466,1.12264
17,-1.17858,0.605297,1.1366
17,-1.49313,0.54952,1.05747
17,-1.34783,0.625943,1.11131
17,-1.19029,0.614749,1.15905
17,-1.21503,0.5712,1.17135
17,-1.28874,0.651837,1.16021
17,-1.21935,0.634403,1.18436
17,-1.23013,0.621573,1.18353
17,-1.21951,0.636719,1.18607
17,-1.23915,0.649151,1.18842
17,-1.25058,0.626315,1.19039
17,-1.25508,0.319757,1.20222
17,-1.23692,0.64745,1.1981
17,-1.25704,0.624217,1.19338
17,-1.23917,0.643991,1.20137
17,-1.2076,0.622971,1.21896
17,-1.27397,0.723188,1.20713
17,-1.27556,0.718971,1.21035
17,-1.24544,0.290397,1.24318
17,-1.19633,0.564934,1.25081
17,-1.24325,0.289726,1.24889
17,-1.23504,0.239853,1.25468
17,-1.28801,0.71853,1.22062
17,-1.20395,0.373096,1.26562
17,-1.23468,0.240803,1.26584
17,-1.24473,0.285827,1.26182
17,-1.25207,0.274018,1.27227
17,-1.20964,0.54082,1.28771
17,-1.16811,0.827681,1.29328
17,-1.28986,0.884331,1.26467
17,-0.659904,0.0560156,1.49343
17,-1.17142,0.809676,1.31996
17,-1.22084,0.577475,1.33128
17,-1.18182,0.846198,1.34134
17,-1.20119,1.07528,1.32726
17,-1.40355,0.943502,1.27808
17,-1.22818,0.543697,1.34523
17,-1.61597,0.950155,1.232
17,-1.42172,1.02028,1.30294
17,-1.23914,0.540679,1.38378
17,-1.23398,0.551009,1.38824
17,-1.43081,1.03013,1.33309
17,-0.54524,0.471929,1.61922
17,-1.4384,0.972504,1.35584
17,-0.699917,0.190759,1.62633
17,-0.794316,0.310507,1.62335
17,-0.680025,0.369484,1.67496
17,-1.24938,0.557428,1.52287
17,-1.21015,0.690323,1.53312
17,-1.27025,0.420346,1.53001
17,-1.24953,0.553563,1.54046
17,-1.29179,0.422167,1.54254
17,-1.31614,0.922781,1.5271
17,-1.273,0.537214,1.5564
17,-0.702195,0.489258,1.72984
17,-1.25884,0.548422,1.57461
17,-1.50616,1.02072,1.49611
17,-1.2738,0.533463,1.58867
17,-1.29358,0.487387,1.58993
17,-0.586314,1.04501,1.7935
17,-1.30953,0.459298,1.6139
17,-0.551169,1.00227,1.81906
17,-0.590381,1.09454,1.81097
17,-0.589921,1.09762,1.8138
17,-0.619624,0.531006,1.84148
17,-1.29238,0.506748,1.65804
17,-1.28244,0.531884,1.6765
17,-0.657154,0.970966,1.84019
17,-1.28897,0.467672,1.68594
17,-1.30408,0.505225,1.68561
17,-1.29547,0.521562,1.69656
17,-1.30294,0.508736,1.70491
17,-1.30594,0.505153,1.70889
17,-1.30354,0.50425,1.71635
17,-1.2744,0.92692,1.70877
17,-1.33357,0.490796,1.71731
17,-1.31307,0.505455,1.73031
17,-1.20524,1.07826,1.74216
17,-1.26547,0.870104,1.73654
17,-1.30783,0.473152,1.7485
17,-1.26921,0.798987,1.75467
17,-1.27038,0.775698,1.76406
17,-1.22146,1.09885,1.77693
17,-1.27205,0.911866,1.80401
17,-1.27373,0.90106,1.80645
17,-1.27394,0.804006,1.81267
17,-0.613111,1.20907,1.98492
17,-1.27882,0.916397,1.83792
17,-1.2775,0.925354,1.84238
17,-1.08165,1.25754,1.89421
17,-1.57134,1.31157,1.77608
17,-1.25555,1.31862,1.92986
17,-0.857294,1.23025,2.07369
17,-1.26267,1.2286,1.9833
17,-1.21349,1.2732,1.99892
17,-0.670818,1.28586,2.18709
17,-1.22378,1.2891,2.03768
17,-0.638394,1.09896,2.26974
17,-1.13831,1.26335,2.21466
17,-1.03421,1.23668,2.30884
17,-1.15367,1.29976,2.30425
17,-1.14976,1.30617,2.31721
17,-0.804093,1.17144,2.46602
17,-1.04647,1.26015,2.39459
17,-0.212936,1.17321,2.7185
17,-0.206356,1.16929,2.7213
17,-1.18866,1.1029,2.47409
17,-1.02544,1.24109,2.5452
17,-1.21199,1.25693,2.51398
17,-1.08803,1.06043,2.5595
17,-1.2249,1.09619,2.52903
17,-1.09072,1.06173,2.58009
17,-0.637772,0.983099,2.72507
17,-1.03956,1.04941,2.61536
17,-1.10425,1.03319,2.61981
17,-1.09608,1.04387,2.63337
17,-1.26864,1.05317,2.59867
17,-1.24373,1.08998,2.61377
17,-1.09606,1.07621,2.65603
17,-1.22118,1.05206,2.62824
17,-1.23048,1.11651,2.62511
17,-1.1085,1.20342,2.6698
17,-0.679057,0.904789,2.84936
17,-0.96733,1.12349,2.76686
17,-1.11925,1.19852,2.74916
17,-1.22936,1.00232,2.7479
17,-1.39635,1.09388,2.70085
17,-1.39376,1.12106,2.70068
17,-1.00613,1.09653,2.86525
17,-0.860586,1.08211,2.93939
17,-1.01059,1.09546,2.90978
17,-0.880544,1.0924,2.97308
17,-1.0174,1.10613,2.98577
17,-0.749049,0.770356,3.12589
17,-0.989141,1.2017,3.05209
17,-0.736802,0.77075,3.14289
17,-0.644819,0.770903,3.24593
17,-1.33128,1.00163,3.20669
17,-0.886448,1.17984,3.34168
17,-2.52596,0.0577031,2.96597
17,-1.34017,0.932961,3.34799
17,-2.5106,0.059686,3.06626
17,-1.36418,0.871431,3.38562
17,-1.38565,1.14214,3.38714
17,0.0327358,0.0030534,3.84449
17,-1.35586,0.793413,3.42996
17,-1.34537,0.724943,3.46945
17,0.0628873,0.0400504,3.97183
17,-1.39041,0.739722,3.60276
17,-1.47104,0.783398,4.22063
17,-3.36417,-0.00362086,3.73492
17,-0.323921,-1.28887,4.69603
17,-0.417694,-1.30185,4.71528
17,-1.27561,0.470111,4.40649
17,-0.33219,-1.19953,4.78492
17,-0.433382,-1.34371,4.767
17,-0.377,-1.38514,4.80056
17,-0.180984,-1.19114,5.05355
17,-0.0285197,-1.20699,5.10262
17,-0.0567257,-1.3214,5.10665
17,-1.29136,0.261552,4.73866
17,-1.29375,0.284036,4.73981
17,-1.41959,0.317217,4.73736
17,-0.105091,-1.51899,5.18397
17,-0.133153,-1.49973,5.18312
17,-0.0239625,-1.3729,5.22657
17,-1.41414,0.24612,4.81899
17,-1.35586,0.193825,4.86168
17,-1.34741,0.422544,4.85925
17,-1.38294,0.447902,4.87364
17,-1.37529,0.452736,4.88726
17,-1.3754,0.447161,4.97791
17,-1.44723,0.431084,4.99865
17,-2.66321,-0.404066,4.82539
17,-1.54284,0.218589,5.22516
17,-2.72398,-0.412934,4.97696
17,-1.55961,-0.41254,5.48165
17,-1.59308,-0.399671,5.51083
17,-1.59319,-0.394171,5.5157
17,-1.73597,-0.872854,5.50354
17,-1.75968,0.23384,5.71088
17,-1.77661,0.212225,5.73639
17,-2.0103,-0.851811,6.65143
17,-1.38711,0.254212,4.42316
16,-1.38711,0.254212,4.42316
17,-2.1804,-1.00303,4.6183
16,-2.1804,-1.00303,4.6183
17,-0.866311,1.05808,2.82632
16,-0.866311,1.05808,2.82632
17,-2.3555,-1.16458,5.17984
16,-2.3555,-1.16458,5.17984
18,-1.6106,1.25096,0.660719
18,-1.73711,1.05765,0.630653
18,-1.50053,0.786459,0.765941
18,-1.68153,0.78436,0.794529
18,-1.68596,0.773802,0.818124
18,-1.82312,0.781013,0.809
18,-1.5666,1.01051,0.921928
18,-1.74028,1.01926,0.885133
18,-1.84086,1.03085,0.863824
18,-1.57423,1.00667,0.93352
18,-1.57742,1.00405,0.933281
18,-1.73511,1.02358,0.908831
18,-1.73726,1.02044,0.91087
18,-1.58582,1.00393,0.950863
18,-1.84099,0.760236,0.85149
18,-1.59643,0.99559,0.954299
18,-1.8531,1.02716,0.896852
18,-1.85264,1.0247,0.903598
18,-1.75469,1.01361,0.929843
18,-1.77949,1.12976,0.958044
18,-1.77788,1.13019,0.962442
18,-1.78119,1.12683,0.963147
18,-1.47291,0.780097,0.999253
18,-1.45844,0.806029,1.01041
18,-1.73164,0.719627,0.96964
18,-1.75731,0.732192,0.987578
18,-1.47663,0.652254,1.05029
18,-1.80631,1.43953,1.0845
18,-1.76151,0.725711,1.00205
18,-1.47809,0.642673,1.07351
18,-1.15932,1.35268,1.28786
18,-1.59463,0.661161,1.07523
18,-2.01134,1.27416,1.06696
18,-1.94906,0.700673,1.00933
18,-1.88365,1.28167,1.11754
18,-1.71867,1.25555,1.15582
18,-1.71104,1.2733,1.16422
18,-1.74169,1.26756,1.15644
18,-1.47457,0.966323,1.183
18,-1.78628,0.895379,1.09555
18,-1.72591,1.2574,1.16794
18,-1.83533,1.32857,1.15395
18,-1.47506,0.928149,1.18856
18,-1.47569,0.92311,1.19002
18,-1.3666,1.25932,1.26819
18,-1.73042,1.26248,1.1774
18,-1.73311,1.2761,1.18041
18,-1.47372,0.929594,1.19552
18,-1.69086,1.27126,1.19211
18,-1.47335,0.921498,1.19539
18,-1.49383,0.959476,1.1985
18,-1.83595,1.24541,1.15466
18,-1.83713,1.28205,1.16014
18,-1.73528,1.26988,1.18494
18,-1.48257,1.41912,1.27207
18,-1.49834,0.956323,1.20538
18,-1.69532,1.25841,1.20275
18,-1.49172,0.89265,1.20751
18,-1.60519,0.637975,1.14215
18,-1.84725,1.24925,1.17449
18,-1.76034,1.27725,1.20153
18,-1.87165,1.28645,1.17495
18,-1.66418,1.2733,1.23713
18,-1.88061,1.24615,1.18257
18,-1.76303,1.27367,1.21794
18,-1.68008,1.28021,1.2438
18,-1.88311,1.29236,1.20211
18,-1.52713,0.949031,1.24742
18,-1.56858,1.18633,1.27374
18,-1.56925,1.18052,1.27398
18,-1.91805,1.24597,1.20361
18,-0.898404,0.685686,1.38301
18,-1.91337,1.27791,1.21868
18,-1.57575,1.17918,1.29433
18,-1.65465,0.61675,1.20062
18,-1.57657,1.20416,1.31431
18,-1.57458,1.20382,1.32052
18,-1.90715,1.25268,1.24771
18,-1.93118,1.24381,1.24939
18,-1.74788,1.46945,1.33175
18,-2.02934,0.64587,1.14004
18,-1.49544,1.45101,1.39707
18,-0.838698,1.21115,1.5415
18,-1.59193,1.20577,1.35289
18,-1.84679,1.48292,1.33243
18,-1.90012,1.25292,1.31331
18,-1.43628,1.25966,1.46922
18,-1.41897,1.28831,1.47882
18,-1.05999,0.985792,1.52959
18,-0.820557,1.27922,1.64284
18,-0.920051,0.711381,1.5355
18,-1.78303,1.48647,1.43651
18,-1.69161,1.25346,1.43358
18,-1.441,1.37018,1.56706
18,-1.89129,1.50652,1.4858
18,-1.90827,1.25373,1.45371
18,-1.47073,1.56364,1.63707
18,-1.91577,1.26091,1.4879
18,-1.46024,1.59564,1.66286
18,-1.42293,1.58371,1.68367
18,-0.870903,1.44008,1.80986
18,-1.93401,1.53317,1.61619
18,-1.32523,1.47422,1.80306
18,-1.3125,1.48116,1.8322
18,-1.44852,1.40995,1.80411
18,-1.45196,1.52431,1.84338
18,-0.952622,1.06326,1.93451
18,-1.42339,1.51391,1.8934
18,-1.42279,1.50596,1.8937
18,-0.942052,1.49716,2.01613
18,-1.41864,1.51814,1.92974
18,-1.76982,1.45536,1.88062
18,-1.25273,1.1584,2.22015
18,-0.751368,1.12329,2.34306
18,-1.18972,1.31354,2.27302
18,-1.38345,1.08533,2.27832
18,-1.36578,1.1549,2.32239
18,-1.37089,1.23264,2.37477
18,-1.37455,1.19147,2.38214
18,-1.39416,1.23288,2.38657
18,-1.37202,1.15283,2.38112
18,-1.41949,1.20038,2.38803
18,-1.22245,1.37448,2.47413
18,-1.39836,1.08099,2.40232
18,-1.38835,1.20306,2.42678
18,-1.39461,1.2301,2.44003
18,-1.42862,1.19789,2.44221
18,-1.24855,1.17832,2.48854
18,-1.41514,1.15045,2.44651
18,-1.38506,1.26255,2.48378
18,-1.42455,1.18727,2.46375
18,-1.4105,1.19553,2.47859
18,-1.40797,1.19014,2.48747
18,-1.4143,1.1555,2.48774
18,-1.4554,1.16501,2.55913
18,-1.41838,1.12832,2.62521
18,-1.47211,1.1697,2.64244
18,-1.3884,1.27106,2.68365
18,-0.78401,0.850252,2.78345
18,-1.47024,1.16898,2.67191
18,-1.40744,1.06354,2.73106
18,-1.37703,1.06806,2.75386
18,-1.14252,1.16303,3.00851
18,-1.14566,1.12114,3.00536
18,-1.24375,1.27443,3.03307
18,-1.24298,1.28482,3.17014
18,-1.56185,1.10465,3.24989
18,-1.17702,0.242076,3.56596
18,-1.59344,1.09412,3.65104
18,-1.41226,0.832631,3.77232
18,-1.25356,0.289639,3.78666
18,-1.2461,0.360652,3.86492
18,-1.42825,0.912868,3.90113
18,-1.26217,0.354407,3.95948
18,-1.2745,0.178345,3.99804
18,-1.27296,0.317678,4.19788
18,-1.46528,0.755766,4.65322
18,-2.83695,1.38915,4.63093
18,-1.34903,-0.291193,4.98686
18,-1.1443,-0.305691,5.06084
18,-1.3796,1.46847,5.31871
18,-1.45567,-0.369632,5.16482
18,-1.45423,-0.350518,5.1879
18,-1.36219,-0.463681,5.473
18,-1.46254,-0.327731,5.52576
18,-1.35166,-1.47296,6.79782
18,-1.49082,-0.00873189,4.44025
17,-1.49082,-0.00873189,4.44025
18,-1.50688,1.25522,2.48516
17,-1.50688,1.25522,2.48516
18,-1.84599,1.1109,1.32389
17,-1.84599,1.1109,1.32389
18,-1.78327,1.42231,1.50785
17,-1.78327,1.42231,1.50785
18,-1.91329,1.1116,1.33109
17,-1.91329,1.1116,1.33109
18,-1.79028,1.4285,1.53172
17,-1.79028,1.4285,1.53172
18,-1.26053,1.25828,2.56215
17,-1.26053,1.25828,2.56215
18,-1.80598,1.10479,1.12019
17,-1.80598,1.10479,1.12019
19,-2.29981,1.44626,0.620782
19,-2.30415,1.68826,0.73693
19,-2.14991,1.25756,1.06559
19,-2.46221,1.2852,1.07962
19,-2.03324,1.72223,1.1918
19,-2.52325,1.33596,1.13386
19,-2.02495,1.44966,1.25366
19,-2.34675,1.74703,1.33674
19,-2.02028,1.42045,1.28915
19,-2.20807,1.10307,1.2331
19,-2.44512,1.71057,1.40196
19,-2.02746,1.47414,1.35392
19,-1.98352,1.52029,1.37719
19,-2.43287,1.64406,1.41097
19,-2.38761,1.11426,1.29392
19,-2.34866,1.39686,1.37139
19,-2.45635,1.4288,1.37888
19,-2.01239,1.46856,1.39732
19,-2.01217,1.48629,1.40204
19,-2.50429,1.67855,1.4459
19,-2.34361,1.39639,1.38349
19,-2.37822,1.10299,1.31714
19,-2.20509,1.33309,1.39931
19,-1.90771,1.55894,1.46962
19,-2.20578,1.32447,1.42466
19,-2.36232,1.09145,1.3935
19,-2.6031,1.24181,1.42947
19,-2.38066,1.08648,1.40856
19,-2.38318,1.05465,1.40803
19,-2.18911,1.32383,1.47724
19,-2.602,1.42146,1.53919
19,-2.56159,1.11118,1.46929
19,-2.57917,1.4193,1.54933
19,-2.60896,1.41198,1.55275
19,-2.40692,1.41066,1.56703
19,-2.40581,1.41097,1.56837
19,-2.57771,1.41733,1.57113
19,-2.35079,1.6239,1.62017
19,-2.32547,1.60095,1.62165
19,-2.32806,1.60443,1.6257
19,-2.40697,1.40574,1.58354
19,-2.60829,1.41564,1.59021
19,-2.35262,1.63487,1.64146
19,-2.19896,1.6017,1.6349
19,-2.1794,1.57219,1.63004
19,-2.19842,1.59662,1.63643
19,-2.09035,1.36341,1.58939
19,-2.3474,1.62044,1.65881
19,-2.34887,1.63055,1.66261
19,-2.32593,1.59685,1.65701
19,-2.30792,1.62479,1.66362
19,-2.1844,1.58621,1.65574
19,-2.21728,1.5921,1.65739
19,-2.28248,1.61015,1.66914
19,-2.28427,1.61367,1.67006
19,-1.8535,1.55973,1.66006
19,-2.22759,1.60937,1.67895
19,-2.28638,1.63307,1.69776
19,-2.33428,1.61129,1.69813
19,-2.1746,1.59718,1.69633
19,-2.3629,1.61769,1.70578
19,-2.17683,1.58531,1.70769
19,-2.27123,1.59785,1.71567
19,-2.27106,1.59618,1.72601
19,-2.10896,1.5521,1.72135
19,-2.29485,1.61685,1.73793
19,-2.63927,1.2855,1.67138
19,-2.44215,0.985715,1.60569
19,-2.63312,1.29049,1.68405
19,-2.09392,1.24435,1.68091
19,-2.13949,1.786,1.83514
19,-1.88231,1.49671,1.77154
19,-2.36723,1.65027,1.80877
19,-2.4251,1.70361,1.8222
19,-2.4725,1.70371,1.82719
19,-2.3813,1.60311,1.80978
19,-2.4174,1.47914,1.78921
19,-2.37146,1.65087,1.82832
19,-2.37753,1.62046,1.82468
19,-1.56768,0.90822,1.66757
19,-2.35698,1.76616,1.86136
19,-2.02239,1.44806,1.7938
19,-2.01636,1.48179,1.80633
19,-2.19989,1.64804,1.85914
19,-2.07846,1.23189,1.76576
19,-1.9173,1.80034,1.9031
19,-2.41754,1.47178,1.82943
19,-2.42272,1.4567,1.82774
19,-1.71116,1.67714,1.88921
19,-2.35878,1.76651,1.96249
19,-2.19936,0.805642,1.78077
19,-2.38809,1.59063,1.98127
19,-2.18765,0.786051,1.81015
19,-2.42478,1.45168,1.96254
19,-2.27265,1.60463,2.05161
19,-2.2889,1.58321,2.07956
19,-1.55779,1.76628,2.12326
19,-2.40134,1.615,2.1779
19,-2.78694,1.03362,2.14526
19,-2.20301,1.55044,2.3049
19,-1.27011,1.1599,2.2774
19,-2.51251,2.15358,2.59528
19,-2.82655,0.953496,2.33716
19,-2.4219,0.323355,2.3879
19,-1.59659,1.22883,2.7168
19,-2.18304,1.51507,3.37168
19,-3.5746,0.0516844,3.72675
19,-2.82543,1.74256,4.92904
19,-1.04924,-0.162163,4.55433
19,-3.25504,2.08421,5.45794
19,-2.56291,1.50424,5.46089
19,-0.791914,-0.563309,5.21515
19,-0.728012,-0.622246,5.34183
19,-2.34351,1.312,1.30666
18,-2.34351,1.312,1.30666
19,-2.34402,1.30976,1.31537
18,-2.34402,1.30976,1.31537
19,-2.347,1.3044,1.32873
18,-2.347,1.3044,1.32873
19,-2.11166,1.57912,1.91003
18,-2.11166,1.57912,1.91003
19,-2.1329,1.58711,1.64492
18,-2.1329,1.58711,1.64492
19,-2.09783,1.56711,2.14968
18,-2.09783,1.56711,2.14968
19,-2.40747,1.41307,1.46952
18,-2.40747,1.41307,1.46952
19,-2.13935,1.58614,1.5929
18,-2.13935,1.58614,1.5929
19,-2.11592,1.57668,1.89309
18,-2.11592,1.57668,1.89309
19,-1.69608,1.51222,2.068
18,-1.69608,1.51222,2.068
19,-1.48941,1.47231,2.7704
18,-1.48941,1.47231,2.7704
19,-1.82737,1.38022,2.00929
18,-1.82737,1.38022,2.00929
19,-2.30253,1.48222,1.49217
18,-2.30253,1.48222,1.49217
19,-2.38488,1.22416,1.32231
18,-2.38488,1.22416,1.32231
19,-2.45209,1.50163,1.66674
18,-2.45209,1.50163,1.66674
19,-2.34545,1.30739,1.32064
18,-2.34545,1.30739,1.32064
19,-2.4778,1.79327,1.77095
18,-2.4778,1.79327,1.77095
19,-2.47967,1.79627,1.79276
18,-2.47967,1.79627,1.79276
19,-2.44908,1.50891,1.61339
18,-2.44908,1.50891,1.61339
19,-2.19654,1.60784,1.6218
18,-2.19654,1.60784,1.6218
19,-1.80244,1.70973,1.85637
18,-1.80244,1.70973,1.85637
19,-2.3523,1.49578,1.49081
18,-2.3523,1.49578,1.49081
19,-2.40835,1.40692,1.58406
18,-2.40835,1.40692,1.58406
19,-1.62777,-0.877372,3.54952
18,-1.62777,-0.877372,3.54952
19,-2.44192,1.51351,1.5639
18,-2.44192,1.51351,1.5639
19,-2.33233,1.52235,1.24764
18,-2.33233,1.52235,1.24764
19,-2.32041,1.45221,1.73241
17,-2.32041,1.45221,1.73241
19,-2.11058,1.62008,1.76302
17,-2.11058,1.62008,1.76302
19,-2.30329,1.45643,1.66155
17,-2.30329,1.45643,1.66155
19,-1.48335,1.43673,3.02114
16,-1.48335,1.43673,3.02114
20,-2.96313,2.19699,1.10293
20,-2.95964,2.19065,1.10927
20,-3.01604,2.15385,1.1839
20,-2.92929,2.34399,1.37826
20,-2.92356,1.84649,1.50572
20,-2.74613,1.80216,1.50683
20,-3.05833,1.90385,1.63722
20,-3.05124,1.89614,1.67712
20,-2.94243,2.20028,1.83609
20,-2.72167,1.77493,1.55625
20,-2.99666,1.8117,1.63447
20,-3.05379,1.86616,1.68669
20,-3.1157,1.9992,1.77384
20,-2.72292,1.74704,1.56077
20,-2.94842,2.19158,1.88661
20,-2.87631,2.08498,1.81451
20,-3.00122,1.77942,1.67146
20,-2.87611,1.74709,1.64811
20,-2.90142,1.7213,1.65911
20,-2.92794,2.17176,1.91859
20,-2.97206,2.23555,1.9684
20,-3.01549,2.19879,1.96106
20,-2.51719,2.09626,1.83576
20,-2.89781,1.69768,1.69005
20,-3.00457,2.18839,2.00086
20,-2.8639,2.0471,1.89878
20,-2.84973,1.65372,1.71587
20,-2.85524,1.66476,1.73732
20,-3.0774,1.76132,1.84144
20,-3.07576,1.74951,1.85191
20,-2.78949,2.30661,2.1185
20,-2.51397,1.82588,1.80463
20,-2.84335,1.63894,1.79686
20,-2.50681,1.80881,1.8252
20,-2.99907,1.64915,1.83932
20,-2.87291,1.61437,1.79999
20,-2.86609,1.63776,1.82089
20,-2.84256,1.59198,1.79189
20,-2.86518,1.92188,1.99733
20,-2.86002,1.62665,1.83266
20,-2.8516,1.91131,1.99678
20,-3.00181,1.60397,1.88794
20,-2.70786,2.09172,2.10679
20,-2.94448,2.24106,2.24458
20,-2.78243,2.11193,2.14071
20,-3.07173,1.78572,2.01826
20,-2.65196,2.07544,2.0999
20,-2.67942,2.0924,2.116
20,-2.5119,2.00542,2.03507
20,-2.61269,2.07183,2.09714
20,-2.71029,2.09119,2.12945
20,-2.84282,1.96546,2.08694
20,-2.80331,2.12099,2.16849
20,-2.78415,1.73794,1.95012
20,-2.53033,1.87267,1.97438
20,-2.75656,2.10616,2.15152
20,-2.72948,2.08418,2.13554
20,-2.76508,2.10118,2.15932
20,-2.52843,1.85427,1.98015
20,-2.70621,2.08386,2.14694
20,-3.05765,1.69677,2.00536
20,-2.75217,2.08268,2.16098
20,-2.52199,1.86692,1.99532
20,-2.63172,2.08678,2.14648
20,-3.06625,1.68908,2.01289
20,-2.45639,1.79927,1.95677
20,-2.75507,2.06941,2.17494
20,-2.90343,2.11961,2.2371
20,-2.82538,2.10323,2.21297
20,-2.47743,1.78626,1.96824
20,-2.47807,1.78092,1.98006
20,-2.44733,1.7813,1.98087
20,-2.82968,1.55134,1.93512
20,-2.54625,2.03502,2.17626
20,-2.91664,2.10761,2.29588
20,-3.08982,1.63236,2.06578
20,-2.33364,1.99557,2.14321
20,-2.61354,1.43166,1.89481
20,-2.84083,1.93338,2.22391
20,-3.07597,1.62705,2.1006
20,-2.9271,2.20053,2.42075
20,-3.10648,1.53608,2.1423
20,-2.15441,2.16096,2.33912
20,-2.56027,1.32483,2.00358
20,-3.00529,1.413,2.14864
20,-2.51322,1.23954,2.09236
20,-3.14518,1.40064,2.32013
20,-2.76486,1.98357,2.64154
20,-2.77335,1.93656,2.68246
20,-2.75824,1.89143,2.82582
20,-2.47042,1.8591,2.78583
20,-2.46244,1.87837,2.80141
20,-3.17805,2.07342,3.61431
20,-1.53032,1.76727,3.18805
20,-0.865642,1.19068,4.36565
20,-2.0549,0.990538,5.52921
20,-2.26155,-1.67656,4.82586
20,-1.34774,-1.4919,5.05659
20,-0.302606,-1.04524,5.33625
20,1.01313,0.574237,6.06774
20,1.03699,0.0282273,6.31982
20,-3.01044,1.65953,1.81823
18,-3.01044,1.65953,1.81823
20,-2.56841,2.05264,2.14223
18,-2.56841,2.05264,2.14223
20,-1.32349,-0.191574,2.42837
18,-1.32349,-0.191574,2.42837
20,-3.19204,-0.0795946,3.4573
18,-3.19204,-0.0795946,3.4573
20,-2.74606,1.95488,2.08097
17,-2.74606,1.95488,2.08097
20,-2.56662,2.11245,2.17626
17,-2.56662,2.11245,2.17626
20,-2.65563,-0.674006,3.26163
17,-2.65563,-0.674006,3.26163
21,-2.86784,1.99581,0.496863
21,-2.81708,1.9736,0.786226
21,-2.8655,1.52017,1.34963
21,-2.58424,1.83376,1.47387
21,-2.76016,1.82177,1.58966
21,-2.85229,1.4716,1.47406
21,-2.70891,1.83757,1.60407
21,-2.67324,1.68242,1.63028
21,-2.65794,1.30151,1.47871
21,-2.86781,1.39339,1.6074
21,-2.26744,1.83009,1.67909
21,-2.6598,1.27457,1.57763
21,-2.86344,1.55882,1.74214
21,-2.67358,1.57239,1.74023
21,-2.68138,1.54244,1.73598
21,-2.8031,1.24099,1.64298
21,-2.65234,1.25671,1.61862
21,-2.91307,1.53383,1.80804
21,-2.52963,1.77888,1.8231
21,-2.87244,1.43227,1.76643
21,-2.58986,1.39366,1.68903
21,-2.26314,1.66163,1.72731
21,-2.86496,1.43432,1.77466
21,-2.49468,1.77116,1.82997
21,-2.58706,1.38727,1.69649
21,-2.25869,1.66664,1.74159
21,-2.87529,1.3321,1.74607
21,-2.50912,1.77194,1.84329
21,-2.86394,1.43509,1.78801
21,-2.50949,1.7871,1.85752
21,-2.56768,1.78076,1.87013
21,-2.45325,1.14558,1.59176
21,-2.46809,1.77961,1.85034
21,-2.54338,1.75411,1.86862
21,-2.41938,1.7331,1.83515
21,-2.25491,1.65284,1.76737
21,-2.38902,1.14569,1.59469
21,-2.31742,1.65122,1.78221
21,-2.67416,1.76267,1.90777
21,-2.24094,1.65496,1.76911
21,-2.40634,1.73669,1.83988
21,-2.35998,1.46734,1.72741
21,-2.62914,1.74557,1.90053
21,-2.55014,1.75266,1.88797
21,-2.31253,1.65104,1.79608
21,-2.64069,1.78074,1.92489
21,-2.43546,1.11653,1.62458
21,-2.3009,1.66637,1.82004
21,-2.81037,1.18121,1.73903
21,-2.21279,1.68531,1.82361
21,-2.63882,1.73824,1.9433
21,-2.78606,1.1728,1.75013
21,-2.22831,1.43347,1.76952
21,-2.1942,1.6667,1.87188
21,-2.69156,1.605,1.96328
21,-2.40858,1.93455,2.03478
21,-2.1622,1.89543,1.99217
21,-2.20185,1.4077,1.81378
21,-2.22718,1.39223,1.81425
21,-1.90074,1.11126,1.64502
21,-2.16386,1.65815,1.92636
21,-2.19922,1.39693,1.83143
21,-1.80401,1.06385,1.62241
21,-2.86726,1.23794,1.93077
21,-2.48445,1.94528,2.15069
21,-2.4975,1.55738,2.02822
21,-1.73842,1.15248,1.69967
21,-2.01345,1.81135,2.04715
21,-1.73783,1.13904,1.73126
21,-2.82109,1.95365,2.42738
21,-2.97918,1.57608,2.3571
21,-1.86818,1.85205,2.26238
21,-2.19276,1.79941,2.3217
21,-1.96078,1.55199,2.28996
21,-1.92503,1.5647,2.3396
21,-2.33634,1.65233,2.47146
21,-2.56427,1.44729,2.50335
21,-1.34032,1.6216,2.32212
21,-1.29399,1.76978,2.38132
21,-1.2833,1.75044,2.40653
21,-1.55449,1.62348,2.63297
21,-3.12915,1.40127,3.11784
21,-1.0854,0.865211,2.63843
21,-2.45891,1.77706,3.34455
21,-0.837307,1.28118,2.83815
21,-1.42731,1.38616,3.01702
21,-0.940783,0.649444,2.72442
21,-1.27431,1.44056,3.25167
21,-0.775444,0.663891,2.95005
21,-1.17279,1.39502,3.43196
21,-0.857804,1.50383,4.11051
21,-0.239644,0.176342,3.78317
21,-0.237812,-1.51436,3.4491
21,0.231941,0.732248,4.99378
21,-2.14026,-1.31838,4.80488
21,-2.69941,1.81988,1.75033
19,-2.69941,1.81988,1.75033
21,-2.66947,1.75765,1.86587
19,-2.66947,1.75765,1.86587
21,-2.89819,1.40642,1.59721
19,-2.89819,1.40642,1.59721
21,-2.54811,1.75106,1.91592
19,-2.54811,1.75106,1.91592
21,-2.66735,1.75529,1.8899
19,-2.66735,1.75529,1.8899
21,-2.78069,1.84289,1.98075
19,-2.78069,1.84289,1.98075
21,-2.42917,1.73206,2.03051
19,-2.42917,1.73206,2.03051
21,-2.37396,1.86524,1.92154
19,-2.37396,1.86524,1.92154
21,-2.80984,1.79596,1.90832
19,-2.80984,1.79596,1.90832
21,-2.56527,1.6138,1.82312
19,-2.56527,1.6138,1.82312
21,-2.14836,1.89583,2.01216
19,-2.14836,1.89583,2.01216
21,-2.7793,1.84121,1.99413
18,-2.7793,1.84121,1.99413
21,-2.67369,1.55334,1.75917
18,-2.67369,1.55334,1.75917
21,1.36634,-3.68956,5.40043
17,1.36634,-3.68956,5.40043
21,1.88887,-4.47118,6.11171
17,1.88887,-4.47118,6.11171
22,-3.74865,2.07256,1.25037
22,-3.64732,1.99629,1.47805
22,-3.64262,1.92901,1.59884
22,-3.52305,1.80137,1.64459
22,-3.64272,1.55093,1.59958
22,-3.37326,1.89699,1.67025
22,-3.55414,1.86529,1.81224
22,-3.52586,1.89621,1.81543
22,-3.53175,1.6556,1.71836
22,-3.61181,1.86968,1.8836
22,-3.52267,1.62928,1.75829
22,-2.87828,2.1647,1.68681
22,-3.39779,1.62136,1.72938
22,-3.38858,1.61388,1.74387
22,-3.58397,1.39784,1.78925
22,-2.82935,2.17203,1.74917
22,-3.54075,1.94306,2.03789
22,-3.58484,1.36423,1.80517
22,-3.37946,2.00176,2.01005
22,-3.58127,1.54786,1.94113
22,-3.0733,1.81964,1.78503
22,-3.55277,1.54457,1.94244
22,-3.06304,1.80347,1.79483
22,-3.41809,1.58257,1.89289
22,-3.57018,1.54145,1.96173
22,-3.39511,1.59034,1.89828
22,-3.39468,1.56196,1.90661
22,-3.03535,1.98434,1.91138
22,-3.33481,1.86366,2.03239
22,-3.2222,1.98024,2.03037
22,-3.2261,1.81313,1.95669
22,-3.16051,1.93442,1.97645
22,-3.27051,1.79275,1.97229
22,-3.03346,1.75765,1.82709
22,-3.32081,1.85829,2.03514
22,-3.21808,1.80666,1.96132
22,-3.19453,1.78277,1.94084
22,-3.2153,1.81029,1.96585
22,-3.22817,1.7894,1.97236
22,-3.24091,1.80719,1.99098
22,-3.31016,1.79998,2.02641
22,-3.3532,1.79367,2.04878
22,-3.30669,1.81042,2.03283
22,-3.25181,1.80574,2.00215
22,-3.20362,1.82477,1.98483
22,-3.32296,1.76971,2.02785
22,-3.29516,1.79953,2.02825
22,-3.31656,1.8511,2.06388
22,-3.34845,1.77551,2.04696
22,-3.22205,1.79906,1.99203
22,-3.23486,1.79706,1.99828
22,-3.19707,1.82547,1.99124
22,-3.4117,1.83505,2.11455
22,-3.41961,1.80653,2.10642
22,-3.1891,1.8036,1.97777
22,-3.18823,1.79794,1.97869
22,-3.34299,1.76642,2.04987
22,-3.2823,1.80565,2.03861
22,-3.26222,1.77254,2.01339
22,-3.40478,1.79966,2.10477
22,-3.53281,1.29206,1.94276
22,-3.17849,1.80566,1.98472
22,-3.32742,1.79427,2.06485
22,-3.35803,1.75546,2.06897
22,-2.70725,1.36004,1.52704
22,-3.32325,1.84471,2.09478
22,-3.25909,1.79697,2.03941
22,-3.37176,1.79578,2.10243
22,-3.51734,1.30363,1.95849
22,-3.13289,1.91593,2.03341
22,-3.2822,1.89042,2.1059
22,-3.34923,1.79171,2.10216
22,-3.17846,1.91717,2.07776
22,-3.24633,1.89199,2.10594
22,-3.12886,1.79989,2.00224
22,-3.2431,1.91487,2.12282
22,-3.1601,1.96257,2.10364
22,-3.34477,1.75714,2.11142
22,-3.0733,1.52444,1.86199
22,-3.04119,1.53815,1.86043
22,-3.52332,1.2608,2.00206
22,-3.33465,1.73663,2.11892
22,-3.34005,1.72965,2.12109
22,-3.0399,1.48854,1.85586
22,-3.3239,1.77659,2.14657
22,-3.41967,1.80549,2.21364
22,-3.32277,1.76237,2.14895
22,-3.02724,1.49476,1.86296
22,-3.02673,1.48754,1.86267
22,-3.08885,1.90068,2.09142
22,-3.17462,1.88468,2.14968
22,-3.07852,1.44297,1.89596
22,-2.91968,1.74567,1.97138
22,-2.94745,1.46602,1.87102
22,-3.503,1.21929,2.07331
22,-3.09546,1.94463,2.19045
22,-2.47902,1.19009,1.55517
22,-2.86033,1.96636,2.13704
22,-3.56208,1.40756,2.28847
22,-3.2829,1.54112,2.19656
22,-2.84158,2.0282,2.1837
22,-2.82957,2.10074,2.22356
22,-2.9015,1.67222,2.07274
22,-2.83868,1.17734,1.81773
22,-2.78556,2.09179,2.21291
22,-2.80592,2.18791,2.28342
22,-2.83272,2.1186,2.27093
22,-3.09197,1.86854,2.30034
22,-2.81045,2.02659,2.21911
22,-2.80746,2.19528,2.29558
22,-2.27993,1.8925,1.86594
22,-2.76511,2.06074,2.21765
22,-2.77127,1.87359,2.13672
22,-3.2505,1.52483,2.26169
22,-3.12151,1.82569,2.37191
22,-2.7002,2.08441,2.26578
22,-2.88671,1.84338,2.29062
22,-2.95755,1.832,2.34622
22,-3.20963,1.49009,2.35744
22,-2.7593,1.34218,2.04551
22,-3.04984,1.90646,2.49223
22,-3.18774,1.67489,2.46306
22,-2.54887,2.05561,2.28692
22,-3.07392,1.64786,2.41356
22,-3.17686,1.64669,2.47142
22,-2.1706,2.05521,2.11233
22,-3.02928,1.72593,2.45385
22,-3.04812,1.62667,2.42292
22,-2.47195,2.04808,2.33542
22,-2.37563,2.16397,2.42162
22,-2.30125,2.16165,2.45031
22,-2.90246,1.77762,2.61758
22,-3.13577,1.65387,2.71187
22,-3.24269,2.14107,2.99678
22,-2.90353,1.60317,2.56566
22,-2.373,1.9268,2.45968
22,-2.88319,1.59288,2.62564
22,-3.28502,1.82505,3.0954
22,-3.29139,1.81606,3.11311
22,-3.13272,1.53902,2.90701
22,-3.18198,2.05417,3.18025
22,-3.31513,1.54872,3.02934
22,-2.02106,1.44128,2.2839
22,-2.23027,1.80125,2.65773
22,-3.08778,2.02974,3.43777
22,-1.65173,1.49407,2.44866
22,-3.00113,1.44642,3.23596
22,-1.5218,1.52061,2.50836
22,-2.43857,1.31343,3.41727
22,-2.33152,0.824521,5.18169
22,-0.449078,1.09489,4.44191
22,0.335964,-1.41987,2.94235
22,-3.27125,1.79054,2.07016
21,-3.27125,1.79054,2.07016
22,-3.11598,1.77614,1.96331
21,-3.11598,1.77614,1.96331
22,-1.99212,1.38604,3.04961
21,-1.99212,1.38604,3.04961
22,-2.78357,1.62246,2.08976
21,-2.78357,1.62246,2.08976
22,-2.46899,1.53747,2.45988
21,-2.46899,1.53747,2.45988
22,-3.36102,1.74989,2.1427
21,-3.36102,1.74989,2.1427
22,-3.55204,1.52486,1.87589
21,-3.55204,1.52486,1.87589
22,-3.49782,1.75869,2.187
21,-3.49782,1.75869,2.187
22,-3.34468,1.64369,1.97149
21,-3.34468,1.64369,1.97149
22,-3.09716,1.76707,1.98969
21,-3.09716,1.76707,1.98969
22,-3.4935,1.75585,2.1991
21,-3.4935,1.75585,2.1991
22,-3.23484,1.83094,2.10619
21,-3.23484,1.83094,2.10619
22,-3.28907,1.64262,1.95784
21,-3.28907,1.64262,1.95784
22,-1.51224,1.16972,2.82441
21,-1.51224,1.16972,2.82441
22,-3.45647,1.79418,3.16493
21,-3.45647,1.79418,3.16493
22,-2.29461,1.59994,2.50829
21,-2.29461,1.59994,2.50829
22,-1.33834,1.10671,2.96668
21,-1.33834,1.10671,2.96668
22,-0.294259,-1.22959,2.84625
21,-0.294259,-1.22959,2.84625
22,-1.94357,1.52476,2.76066
21,-1.94357,1.52476,2.76066
22,-3.1645,1.80496,1.97876
20,-3.1645,1.80496,1.97876
22,-3.22329,1.83458,1.8489
20,-3.22329,1.83458,1.8489
22,-3.13494,1.80068,1.99791
20,-3.13494,1.80068,1.99791
22,-3.18661,1.82261,1.90768
20,-3.18661,1.82261,1.90768
22,-3.15743,1.80119,1.99271
20,-3.15743,1.80119,1.99271
22,-3.10711,1.56029,1.80221
20,-3.10711,1.56029,1.80221
22,-3.42726,1.65167,2.01062
20,-3.42726,1.65167,2.01062
22,-3.13761,1.84286,1.9745
20,-3.13761,1.84286,1.9745
22,-3.17879,1.91011,2.0464
20,-3.17879,1.91011,2.0464
22,-3.27963,1.89693,2.15726
20,-3.27963,1.89693,2.15726
22,-2.00597,1.72653,2.75577
20,-2.00597,1.72653,2.75577
22,-3.11377,1.83645,1.99967
19,-3.11377,1.83645,1.99967
22,-3.11842,1.78915,1.97191
19,-3.11842,1.78915,1.97191
22,-3.23156,1.8299,2.04578
19,-3.23156,1.8299,2.04578
22,-3.31157,1.65512,1.93888
19,-3.31157,1.65512,1.93888
22,-3.23203,1.79885,2.03845
19,-3.23203,1.79885,2.03845
22,-3.36824,1.79244,2.11311
19,-3.36824,1.79244,2.11311
22,-3.05408,1.8799,2.08769
19,-3.05408,1.8799,2.08769
22,-3.07313,1.88377,2.05289
19,-3.07313,1.88377,2.05289
22,-3.01872,1.86148,2.16436
19,-3.01872,1.86148,2.16436
22,-3.39512,1.58023,1.90331
19,-3.39512,1.58023,1.90331
22,-3.20747,2.07438,2.27319
19,-3.20747,2.07438,2.27319
22,-3.38517,1.89625,2.20881
18,-3.38517,1.89625,2.20881
22,-3.0075,-1.00163,4.27029
18,-3.0075,-1.00163,4.27029
23,-4.27365,3.20532,1.66465
23,-4.18805,3.16583,1.67517
23,-3.65826,3.02482,2.1483
23,-3.8855,2.72612,2.28037
23,-3.67977,2.76085,2.26934
23,-3.83585,2.66019,2.35132
23,-3.75633,2.69837,2.33869
23,-3.30979,2.89319,2.25311
23,-3.71633,2.66143,2.36963
23,-3.78924,2.58235,2.44005
23,-3.77818,2.41307,2.26445
23,-3.59355,2.67453,2.37744
23,-3.80563,2.63862,2.60117
23,-3.65374,2.41333,2.4196
23,-3.78437,2.25594,2.42244
23,-3.47901,2.53013,2.48411
23,-3.578,2.49954,2.54963
23,-3.78863,2.22404,2.44622
23,-3.5994,2.24978,2.34243
23,-3.27055,2.69877,2.52965
23,-3.47333,2.4999,2.50198
23,-3.47384,2.50604,2.51568
23,-3.49715,2.48535,2.51917
23,-3.7884,2.19167,2.46298
23,-3.60346,2.55114,2.70161
23,-3.46787,2.48432,2.54377
23,-3.56352,2.46482,2.61031
23,-2.97238,2.96213,2.66304
23,-2.94599,2.2866,1.98449
23,-3.38532,2.61661,2.71458
23,-3.55667,2.42021,2.66768
23,-3.26874,2.25137,2.29818
23,-3.54876,2.39752,2.67305
23,-3.20127,2.25289,2.27287
23,-3.45812,2.07983,2.31555
23,-3.81402,2.07616,2.63178
23,-3.19238,2.21533,2.27689
23,-3.18952,2.19452,2.25781
23,-2.89842,2.69749,2.54284
23,-2.74156,2.20992,1.9434
23,-3.09043,2.65601,2.70233
23,-3.34116,2.4099,2.69005
23,-3.08633,2.63175,2.73816
23,-3.16316,2.35892,2.53147
23,-3.78173,2.00684,2.69546
23,-3.06826,2.58671,2.72786
23,-3.48863,2.16861,2.64941
23,-3.00688,2.70452,2.80613
23,-3.68434,1.92762,2.60014
23,-3.03941,2.67571,2.83453
23,-2.7462,2.88491,2.84821
23,-2.97916,2.65677,2.82372
23,-2.54736,2.70532,2.53369
23,-2.95921,2.6821,2.85091
23,-2.93538,2.67544,2.86126
23,-3.3255,2.3721,2.87824
23,-3.21623,2.41068,2.84115
23,-2.44081,2.69852,2.5677
23,-3.28544,2.32671,2.93833
23,-3.13782,2.36295,2.88529
23,-3.6582,2.3178,3.35842
23,-3.43646,2.10792,3.06543
23,-3.65629,1.75696,2.90493
23,-3.4301,2.09059,3.07248
23,-3.16107,2.34454,3.11773
23,-3.60355,2.26194,3.4562
23,-2.4724,2.75415,3.13171
23,-3.0975,2.09436,2.97581
23,-2.6609,1.71626,2.47756
23,-3.54429,1.47851,2.96231
23,-3.03845,2.0923,3.2513
23,-2.95148,2.00155,3.17239
23,-2.13515,1.79124,2.32901
23,-3.60909,1.42482,3.22515
23,-2.94168,2.13344,3.42327
23,-1.93864,2.19337,2.70233
23,-1.96604,2.1668,2.74831
23,-2.3832,2.22946,3.16431
23,-3.01486,1.76973,3.37314
23,-3.64081,1.86485,4.07426
23,-3.07043,2.12286,4.27293
23,-2.88337,1.54136,3.67408
23,-2.87722,1.23184,3.52021
23,-3.87891,0.143794,3.54305
23,-1.30699,1.21751,2.74197
23,-2.9422,0.29965,3.64783
23,-3.63441,0.129106,4.38429
23,-0.64206,-0.260938,2.23059
23,-0.56408,0.644073,3.13062
23,-0.524277,-0.386285,2.22348
23,0.142432,-1.09297,2.08981
23,-0.842047,-0.417406,5.8388
23,-3.53224,2.45358,2.60906
22,-3.53224,2.45358,2.60906
23,-3.44965,2.68473,2.45601
22,-3.44965,2.68473,2.45601
23,-3.47335,2.58198,2.37532
22,-3.47335,2.58198,2.37532
23,-4.27362,3.28168,1.61378
22,-4.27362,3.28168,1.61378
23,-3.41823,2.49961,2.52128
22,-3.41823,2.49961,2.52128
23,-3.41823,2.49961,2.52128
22,-3.41823,2.49961,2.52128
23,-3.51085,2.49119,2.50946
22,-3.51085,2.49119,2.50946
23,-3.40854,2.53203,2.47248
22,-3.40854,2.53203,2.47248
23,-3.46072,2.47484,2.66009
22,-3.46072,2.47484,2.66009
23,-3.65247,2.50942,2.77954
22,-3.65247,2.50942,2.77954
23,-3.52132,2.36597,2.43143
22,-3.52132,2.36597,2.43143
23,-3.89999,2.21128,2.53799
22,-3.89999,2.21128,2.53799
23,-3.77143,2.75518,2.31691
22,-3.77143,2.75518,2.31691
23,-3.45647,2.52846,2.481
22,-3.45647,2.52846,2.481
23,-3.50503,2.61304,2.40137
22,-3.50503,2.61304,2.40137
23,-3.0385,1.8802,2.14625
22,-3.0385,1.8802,2.14625
23,-3.60044,2.64052,3.08416
22,-3.60044,2.64052,3.08416
23,-3.64959,1.62245,3.10834
22,-3.64959,1.62245,3.10834
23,-3.43133,2.55094,2.47714
22,-3.43133,2.55094,2.47714
23,-2.463,2.64043,3.1222
22,-2.463,2.64043,3.1222
23,-3.47005,2.68015,2.82036
22,-3.47005,2.68015,2.82036
23,-3.57564,2.62062,3.13418
22,-3.57564,2.62062,3.13418
23,-3.48186,2.52927,3.32951
22,-3.48186,2.52927,3.32951
23,-3.63329,2.59028,3.1212
22,-3.63329,2.59028,3.1212
23,-3.7129,2.31565,2.34117
21,-3.7129,2.31565,2.34117
23,-3.72291,2.40915,2.7086
21,-3.72291,2.40915,2.7086
23,-3.48656,2.54962,2.47352
21,-3.48656,2.54962,2.47352
23,-2.2772,2.19476,3.1351
21,-2.2772,2.19476,3.1351
23,-3.43939,2.50414,2.53601
21,-3.43939,2.50414,2.53601
23,-1.85411,2.0934,3.13557
21,-1.85411,2.0934,3.13557
23,-1.81277,2.07,3.16742
21,-1.81277,2.07,3.16742
23,-3.65045,2.4462,2.86804
21,-3.65045,2.4462,2.86804
23,-3.42922,2.49405,2.50568
19,-3.42922,2.49405,2.50568
23,-3.63884,2.31692,2.3767
19,-3.63884,2.31692,2.3767
23,-3.55447,2.50531,2.76739
19,-3.55447,2.50531,2.76739
23,-3.3801,2.44728,2.58621
20,-3.3801,2.44728,2.58621
23,-3.59581,2.36886,2.44555
18,-3.59581,2.36886,2.44555
23,-3.55611,2.47221,2.57819
18,-3.55611,2.47221,2.57819
23,-3.30903,2.56169,2.62105
18,-3.30903,2.56169,2.62105
23,-3.66384,2.3426,2.49402
18,-3.66384,2.3426,2.49402
24,-0.0661342,0.199588,3.54257
24,-0.0487643,0.14841,2.74072
24,0.134832,0.811476,3.93887
24,0.13798,0.914669,4.43977
24,0.274761,0.220213,2.30194
24,0.2884,0.223526,2.4162
24,-0.23506,0.292254,5.67233
24,-0.163549,0.269194,4.65502
24,0.699857,0.471676,3.70833
24,0.649994,0.40951,3.38753
24,-0.541672,-0.787796,7.42329
24,0.402124,-0.576875,5.13094
24,0.377783,0.31056,2.50369
24,0.697053,-0.598397,4.3471
24,0.631499,-0.146552,3.40297
24,0.493895,-0.133672,2.70746
24,0.844197,-0.349247,4.0048
24,-0.0013599,0.212234,3.01296
24,-0.021562,0.194589,3.19094
24,0.113723,-0.198147,3.04203
24,0.0775745,-0.203975,3.13151
24,0.695449,0.502269,3.94886
24,0.459449,0.263485,2.17959
24,0.346938,0.282085,3.15679
24,-0.20206,0.117941,3.03104
24,-0.412413,0.155352,5.90713
24,-0.0520172,0.129901,2.68559
24,-0.500589,0.214443,5.09802
24,-0.216108,0.121793,3.18159
24,-0.138072,0.248574,4.0762
24,-0.025577,0.224221,3.46206
24,-0.0610673,0.144831,2.71145
24,0.562199,-0.447819,3.29854
24,0.000515625,0.208016,2.87584
24,0.644912,-0.685499,3.78384
24,2.29751,-1.67586,10.8344
24,-0.102155,0.168501,3.39507
24,-0.314335,0.292376,6.95076
24,-0.1058,0.121298,3.51621
24,0.0226654,-0.441517,2.92595
24,0.654859,0.412019,3.39059
24,0.000678208,-0.685463,3.78364
24,0.2664,0.21552,2.26783
24,0.642572,0.531381,4.24081
24,0.112122,-0.188396,2.94944
24,-0.637478,-0.890831,8.44436
24,1.11181,-0.562894,5.15104
24,0.484987,-0.140128,2.66785
24,0.709859,-0.230601,3.40829
24,-0.0620163,0.136664,2.75359
24,-0.0106859,0.187533,2.96486
24,-0.0466593,0.0966636,2.14376
24,0.402084,-0.34503,2.44599
24,0.00353972,-0.687997,3.78183
24,0.738544,0.443257,3.76487
24,0.709112,0.510259,3.88456
24,0.466773,0.245986,2.08933
24,0.556749,-0.167119,3.04991
24,1.59705,-0.520828,7.61272
24,-0.293468,0.123849,3.43926
24,-0.118116,0.195975,3.33794
24,-0.159459,0.145417,3.58606
24,0.779426,-0.474181,4.16613
24,2.11075,-1.07619,9.84825
24,-0.958698,-2.47347,10.6677
24,-0.093159,0.046991,2.63265
24,0.925629,-0.393511,4.31876
24,-0.48036,0.549577,2.48394
24,-1.32004,-3.12304,13.8489
24,0.97978,0.0679081,2.70404
24,-0.0119724,-0.783622,4.44045
24,0.0116756,-0.979833,4.2425
24,0.479399,-0.0833617,1.34326
24,0.507252,-0.126931,1.51374
24,0.291853,-0.0774822,0.817763
24,0.483489,-0.134519,1.41974
24,0.531516,0.41436,1.66748
24,0.819613,0.668027,2.81159
24,2.11466,1.85763,8.00187
24,0.0961693,0.511651,2.71343
24,-0.0492323,0.0942996,2.01035
24,-0.384587,0.0351477,1.78728
24,0.849263,0.502727,4.26999
24,-1.49003,0.407823,13.3441
24,1.07546,1.1111,3.10831
24,3.45613,-2.80673,7.78295
24,1.46727,0.107238,2.80806
24,0.648486,-0.0191982,1.36021
24,0.585823,-0.199303,3.32839
24,0.308968,-0.17881,1.69255
24,0.869216,-0.278701,3.50595
24,-2.02099,0.700698,27.901
24,-2.72281,0.771808,24.3844
24,1.58312,0.913453,7.83104
24,0.896557,-0.0284961,2.01898
24,4.47345,2.75531,8.4555
24,1.01807,0.0699312,2.78459
24,0.389445,-0.0468085,1.38782
24,2.04282,2.11694,5.90418
24,0.609941,0.481645,1.94679
24,2.44285,2.1396,9.13078
24,3.70863,-1.57573,8.87418
24,-0.402754,0.468712,2.11845
24,0.0332367,-0.175769,2.64642
24,0.0267038,-0.990474,4.43505
24,2.21797,-1.31539,12.1502
24,-0.400479,0.456642,2.0639
24,3.19669,2.81734,11.8904
24,-0.386125,-0.198877,1.71289
24,0.0728888,-2.57629,7.32999
24,0.638335,-0.0190544,1.35003
24,0.76289,-0.0239654,1.69797
24,28.8812,-13.0769,130.228
24,0.0275475,-0.169505,2.77027
24,-2.42865,1.23708,8.66317
24,-0.646408,0.0829626,2.51712
24,0.647459,-0.128038,3.40067
25,0.151368,-0.0715135,0.539325
25,0.155191,-0.0728413,0.544399
25,-0.00836501,0.0526194,1.20183
25,-0.310331,0.331918,1.32746
25,-0.202866,0.361402,1.42151
25,-0.200023,0.367524,1.44779
25,-0.219657,0.41366,1.56538
25,-0.107172,0.0663912,1.67319
25,-0.411228,-0.199956,2.10793
25,0.158944,0.167121,2.13623
25,-0.175166,0.0900428,2.14194
25,-0.418232,-0.20773,2.17159
25,-0.426293,-0.209359,2.2088
25,-0.479688,-0.142977,2.24463
25,-0.122661,0.0508791,2.32269
25,0.122401,0.475816,2.34458
25,0.176186,0.203658,2.39159
25,0.0911534,0.188143,2.46848
25,-0.372362,0.144869,2.52893
25,0.0917751,0.193347,2.54385
25,-0.230402,0.103185,2.54207
25,1.10977,-0.380293,2.6359
25,-0.0439528,0.151979,2.68872
25,0.535925,-0.129459,2.75059
25,-0.0827421,0.0538277,2.75355
25,0.543006,-0.133318,2.77398
25,-0.254133,0.187656,2.75015
25,0.559565,-0.201799,2.80105
25,0.0378332,0.205697,2.78698
25,0.531545,-0.230178,2.83647
25,-0.269906,0.189854,2.81472
25,-0.0515263,0.144522,2.83198
25,0.569718,-0.199482,2.85982
25,0.576405,-0.144922,2.91602
25,0.0888777,0.226102,2.90947
25,-0.271432,0.138125,2.93165
25,0.0104179,0.214077,2.96323
25,0.594401,-0.164909,3.01159
25,-0.275267,0.131158,2.98933
25,0.0859985,0.2344,3.02693
25,0.61309,-0.297232,3.06006
25,0.597914,-0.188238,3.07117
25,0.00876447,0.240024,3.08751
25,0.618252,-0.204536,3.15889
25,0.0151695,-0.500486,3.15426
25,0.0511092,-0.222194,3.20341
25,0.0157025,0.248495,3.20997
25,0.0621064,-0.232322,3.29513
25,0.758209,-0.471418,3.32319
25,-0.105879,-0.0727671,3.55863
25,-0.388383,0.249689,3.61287
25,0.623907,0.420483,3.653
25,1.41088,-0.476949,3.70616
25,0.0987447,0.765613,3.69685
25,-0.098965,0.264347,3.71796
25,1.05,-0.446619,3.77626
25,1.03035,-0.314093,3.78101
25,1.3668,-0.367672,3.8059
25,0.683503,-0.332886,3.80057
25,0.74271,0.578553,3.91123
25,0.183893,0.341237,3.93509
25,-0.0990637,0.103857,3.93309
25,0.75472,0.586833,4.0106
25,0.24485,0.349717,4.02766
25,0.772391,0.59514,4.08378
25,0.740461,-0.354336,4.12818
25,-0.114134,0.297615,4.10033
25,-0.128,0.257492,4.12757
25,1.51826,-0.377839,4.22886
25,-0.0259616,-0.446802,4.19285
25,0.688712,-0.428739,4.2815
25,-0.351546,0.196885,4.28993
25,0.132761,0.930332,4.46494
25,-0.338738,0.167843,4.47575
25,0.141614,0.947315,4.51772
25,-0.352429,0.128809,4.56413
25,-0.279798,-0.0971764,4.67054
25,1.27093,-0.461602,4.7265
25,-0.175309,0.267473,4.94605
25,-0.0422237,0.381739,4.96204
25,0.878867,-0.590541,5.35691
25,-0.19419,0.224538,5.32697
25,1.3732,-0.444381,5.38239
25,-0.438239,0.258277,5.44425
25,1.37771,-0.636015,5.588
25,0.845192,-0.281208,5.72574
25,0.359006,0.529281,5.90751
25,0.240462,-0.24818,6.16583
25,0.277701,-0.285694,6.27884
25,0.243563,-0.273311,6.29011
25,-0.251275,0.40489,6.29381
25,0.258341,-0.253286,6.53172
25,1.56105,-0.962122,6.73103
25,-0.467008,0.236957,6.74748
25,0.134526,0.305907,1.6372
24,0.134526,0.305907,1.6372
25,0.164589,-0.144079,6.91846
24,0.164589,-0.144079,6.91846
25,-0.0127925,0.179477,1.82705
24,-0.0127925,0.179477,1.82705
25,0.144237,0.320683,1.7226
24,0.144237,0.320683,1.7226
25,0.0243028,0.210907,1.75074
24,0.0243028,0.210907,1.75074
25,0.157981,-0.161801,7.07812
24,0.157981,-0.161801,7.07812
25,-0.00904995,0.216636,1.90962
24,-0.00904995,0.216636,1.90962
25,-0.6448,-0.907989,8.51567
24,-0.6448,-0.907989,8.51567
25,0.337655,-0.0797886,1.64596
24,0.337655,-0.0797886,1.64596
25,-0.0243484,0.310325,1.7013
24,-0.0243484,0.310325,1.7013
25,0.18375,0.211615,1.72165
24,0.18375,0.211615,1.72165
25,-0.062983,0.251311,1.7366
24,-0.062983,0.251311,1.7366
25,-0.0237469,0.297765,1.63197
24,-0.0237469,0.297765,1.63197
25,0.0961613,0.281735,1.81254
24,0.0961613,0.281735,1.81254
25,0.143765,0.166236,1.44179
24,0.143765,0.166236,1.44179
25,0.0317836,0.236003,1.92801
24,0.0317836,0.236003,1.92801
25,-0.0385763,0.242338,1.67211
24,-0.0385763,0.242338,1.67211
25,0.911263,0.352501,2.38731
24,0.911263,0.352501,2.38731
25,-0.0791233,0.323555,2.16943
24,-0.0791233,0.323555,2.16943
26,0.150335,0.136083,1.67525
26,-0.294536,-0.103178,1.75015
26,0.174317,0.165349,1.99525
26,0.289367,0.223394,2.13412
26,-0.280707,0.131376,2.15234
26,0.199454,0.189568,2.16392
26,-0.147424,0.135707,2.23866
26,-0.304836,0.141715,2.30465
26,0.221413,0.245715,2.31437
26,0.120886,0.5184,2.35233
26,0.937141,-0.348401,2.39342
26,0.579713,-0.215513,2.39327
26,0.247778,0.368746,2.51004
26,0.669496,-0.238292,2.63804
26,0.385386,0.309197,2.64339
26,0.25253,0.284956,2.68743
26,0.574514,-0.161559,2.71488
26,-0.392545,0.15468,2.73435
26,0.039963,0.214922,2.75848
26,-0.0127005,0.18699,2.79692
26,0.60024,-0.166763,2.82046
26,0.610559,-0.286874,2.84173
26,-0.259632,0.122701,2.86643
26,-0.0516681,0.153417,2.90078
26,-0.262344,0.190728,2.89989
26,0.672946,-0.294174,2.94061
26,0.439774,0.350073,2.92089
26,0.54663,0.507676,2.92009
26,0.214421,0.293952,2.93441
26,0.666133,0.308644,2.99854
26,0.56137,-0.275469,3.07809
26,-0.0950645,-0.0854018,3.08726
26,-0.16259,-0.107968,3.32392
26,-0.356376,0.135554,3.31487
26,0.294081,0.38624,3.32802
26,0.0287421,-0.561632,3.37628
26,0.0346334,-0.55781,3.38363
26,-0.220335,0.0854004,3.38018
26,0.631017,-0.302887,3.43327
26,0.124533,-0.328206,3.45728
26,0.860862,-0.342861,3.50035
26,0.0801719,-0.251257,3.50672
26,-0.125323,0.132478,3.5034
26,0.689331,0.624618,3.52258
26,-0.0869637,0.152693,3.55102
26,0.899309,-0.348059,3.58634
26,0.0786042,-0.257261,3.57308
26,0.0202953,0.319209,3.59442
26,0.570568,0.46573,3.62506
26,1.31883,-0.401124,3.66179
26,0.371016,0.411493,3.63957
26,0.253682,0.36085,3.67075
26,-0.0937656,0.152112,3.67171
26,0.58154,0.470788,3.70663
26,-0.222245,0.211658,3.72499
26,-0.205737,-0.0946665,3.81528
26,1.39641,-0.42142,3.85986
26,-0.398255,0.163679,3.91594
26,0.888783,0.403397,3.93651
26,0.621593,0.48587,4.02353
26,0.470602,0.430201,4.02958
26,0.922473,0.415648,4.13173
26,0.212788,1.13078,4.15834
26,0.629854,0.516569,4.32918
26,-0.328771,0.157457,4.3328
26,0.0485858,-0.741054,4.37975
26,-0.130919,0.293986,4.35902
26,-0.481968,0.333542,4.435
26,0.655436,0.535172,4.45251
26,1.24038,-0.423708,4.5073
26,1.05007,0.472075,4.50004
26,0.437541,0.548898,4.5356
26,0.365174,0.477374,4.59803
26,-0.297753,0.255103,4.59708
26,0.075235,-1.14993,4.65178
26,1.30398,-0.38265,4.7005
26,0.0663732,-1.1381,4.74137
26,-0.299471,-0.156142,4.9163
26,-0.559578,0.38571,4.965
26,1.10189,-0.539291,5.03044
26,0.324473,0.50059,5.07565
26,-0.172295,0.211039,5.08905
26,1.31762,-0.666421,5.21371
26,-0.371293,0.275189,5.22408
26,-0.18314,0.295566,5.24056
26,-0.0162865,0.486535,5.26873
26,-0.205925,0.366214,5.43551
26,0.360733,0.55962,5.60208
26,1.37635,0.615896,5.72375
26,0.00213163,0.472474,5.74246
26,1.01404,-0.73044,6.08768
26,1.50718,-0.858603,6.21475
26,0.268355,-0.342482,6.37601
26,-0.851624,0.266864,6.62043
26,0.292828,-0.352563,6.71757
26,0.205183,-0.220383,6.725
26,-0.0424655,0.594677,6.74732
26,1.73959,-0.747575,6.99634
26,-0.0572943,0.236409,1.67802
25,-0.0572943,0.236409,1.67802
26,-0.146521,-0.182397,1.59282
25,-0.146521,-0.182397,1.59282
26,-0.267539,0.490577,2.36336
25,-0.267539,0.490577,2.36336
26,0.0221225,0.196754,1.67788
25,0.0221225,0.196754,1.67788
26,-0.109671,0.223924,1.7418
25,-0.109671,0.223924,1.7418
26,0.406751,-0.824627,2.86601
25,0.406751,-0.824627,2.86601
26,-0.08396,0.298631,1.73411
25,-0.08396,0.298631,1.73411
26,0.0357451,0.0550569,0.86974
25,0.0357451,0.0550569,0.86974
26,0.0374525,0.0558159,0.882923
25,0.0374525,0.0558159,0.882923
26,0.0380797,0.0536711,1.04914
25,0.0380797,0.0536711,1.04914
26,-0.184676,-0.663666,2.39506
25,-0.184676,-0.663666,2.39506
26,0.199755,-0.645484,2.56689
25,0.199755,-0.645484,2.56689
26,0.035889,0.169304,2.03001
24,0.035889,0.169304,2.03001
26,-0.102125,-0.212831,1.65559
24,-0.102125,-0.212831,1.65559
26,-0.0197908,0.301129,1.63834
24,-0.0197908,0.301129,1.63834
26,-0.101631,0.157732,2.18289
24,-0.101631,0.157732,2.18289
26,-0.0168502,0.202528,1.78525
24,-0.0168502,0.202528,1.78525
26,0.238429,-0.578564,2.63473
24,0.238429,-0.578564,2.63473
26,0.0520792,0.17821,2.22356
24,0.0520792,0.17821,2.22356
26,0.0272231,-0.649051,2.4268
24,0.0272231,-0.649051,2.4268
26,0.244167,-0.597649,2.67773
24,0.244167,-0.597649,2.67773
27,0.528789,-0.181547,2.17988
27,0.520965,0.291839,2.48378
27,0.619588,0.326982,2.48161
27,0.541869,0.316306,2.5607
27,-0.0595286,0.123539,2.62038
27,0.517152,0.347002,2.63394
27,0.507361,-0.120955,2.62503
27,0.689552,-0.209808,2.60971
27,0.0224103,0.189602,2.75504
27,1.01632,0.445947,2.6942
27,0.977387,0.445919,2.71309
27,-0.147979,0.0681283,2.81965
27,-0.238289,0.206717,2.83932
27,0.47984,-0.290516,2.78613
27,-0.136886,0.100482,2.8628
27,0.736126,-0.227087,2.79507
27,0.517837,-0.16184,2.84352
27,0.536323,-0.152956,2.89311
27,0.466022,-0.168389,2.90149
27,0.523031,-0.168877,2.91256
27,0.547528,-0.167142,2.91897
27,0.558702,-0.149612,2.92008
27,0.540037,-0.190791,2.92405
27,0.531426,-0.172963,2.92754
27,-0.105918,0.108856,2.99279
27,0.529932,-0.154355,2.92937
27,0.511884,-0.239017,2.92841
27,0.55305,-0.266508,2.93447
27,0.522854,-0.241157,2.93987
27,0.530765,-0.16251,2.95847
27,0.54252,-0.201225,2.95662
27,0.508714,-0.235477,2.9632
27,0.49476,-0.179254,2.96902
27,0.470545,-0.177941,2.97419
27,0.548716,-0.212519,2.96969
27,0.525515,-0.248152,2.9704
27,0.548827,-0.206062,2.9726
27,0.497312,-0.175054,2.98085
27,0.58113,-0.214752,2.97704
27,0.501797,-0.17121,2.98936
27,0.515262,-0.237012,2.98688
27,0.574406,-0.218478,2.98576
27,0.578323,-0.173293,2.9896
27,0.509786,-0.236109,3.0124
27,0.490208,-0.179792,3.02506
27,1.29008,-1.01316,2.92372
27,0.525371,-0.153088,3.06059
27,0.523154,-0.315019,3.08124
27,0.565751,-0.313005,3.09088
27,0.54291,-0.14741,3.13767
27,-0.0553522,0.219773,3.27114
27,0.562315,-0.150902,3.20576
27,0.994211,-0.499112,3.15651
27,0.804764,0.478356,3.28383
27,-0.355513,0.282553,3.54919
27,0.513572,0.531542,3.58538
27,0.490061,0.440139,3.58399
27,-0.244905,0.138495,3.65458
27,0.616064,-0.403916,3.60599
27,0.538807,0.460684,3.66291
27,0.778873,0.847847,3.72519
27,-0.182386,0.184228,3.89627
27,1.47108,0.738473,3.88481
27,0.807536,0.561347,3.9523
27,0.358753,0.497333,4.01962
27,0.575162,0.536372,4.02093
27,0.0719935,0.381312,4.06023
27,0.544523,0.615327,4.06234
27,0.678289,0.662811,4.05677
27,-0.106872,0.336603,4.12443
27,0.685422,0.665826,4.10036
27,0.0334124,-0.967198,4.08426
27,0.365612,-0.953837,4.16268
27,0.766092,-0.503892,4.19669
27,0.700135,-0.446418,4.25781
27,0.525845,0.591527,4.43025
27,1.51618,-0.618838,4.37514
27,1.32022,0.863962,4.49456
27,1.67173,-0.828759,4.39284
27,0.766832,-0.485859,4.53451
27,1.03287,-0.470221,4.54826
27,1.38554,0.90184,4.6339
27,1.18368,-0.496633,4.57475
27,0.337753,-0.610855,4.65613
27,0.0355533,-1.08841,4.663
27,0.03764,-1.14382,4.66244
27,0.121319,-1.74332,4.71279
27,1.21176,-0.509409,4.69916
27,0.819942,-0.513849,4.75875
27,1.64165,-0.439163,4.70362
27,1.23058,-0.521824,4.76229
27,0.0446383,-1.19799,4.84327
27,0.357889,-0.630587,4.86595
27,1.26753,-0.523477,4.8388
27,2.33748,-1.68663,4.7149
27,1.80424,-0.567019,4.94935
27,0.380459,-0.646561,5.05674
27,1.76465,-0.626352,5.00693
27,1.71966,-0.563594,5.03163
27,-0.439829,0.216212,5.24188
27,2.50352,-1.76407,5.02042
27,0.127916,-1.99392,5.28307
27,2.12438,-1.66587,5.15188
27,1.41513,-0.434936,5.33108
27,0.881543,-0.694398,5.39595
27,1.41981,-0.42049,5.39543
27,1.3766,-0.584317,5.42974
27,1.35792,-0.579783,5.44123
27,0.50658,0.748071,5.64679
27,1.51577,-0.35876,5.51714
27,1.34445,-0.5944,5.53964
27,0.261155,-0.308347,5.6537
27,1.53031,-0.346672,5.5652
27,1.4249,1.14599,5.72309
27,-0.407638,0.318192,5.89056
27,0.238532,-0.292983,5.8306
27,0.239714,-0.278187,5.98607
27,0.985202,-0.783882,5.92514
27,2.74373,-2.29859,5.72259
27,1.27399,-1.36214,5.94442
27,-0.558611,0.323895,6.27948
27,1.30996,-1.40035,6.06357
27,1.72501,-0.322087,6.10644
27,2.76784,-2.01832,6.04863
27,1.35314,-1.40063,6.35815
27,0.523026,-0.854438,6.51868
27,1.37519,-1.46381,6.42529
27,1.67253,1.54396,7.22059
27,1.16236,-0.782731,7.23315
27,-0.11669,0.0994455,2.57859
26,-0.11669,0.0994455,2.57859
27,0.241961,-0.151124,2.40207
26,0.241961,-0.151124,2.40207
27,-0.411827,0.124389,2.86555
26,-0.411827,0.124389,2.86555
27,-0.271279,0.193783,2.80971
26,-0.271279,0.193783,2.80971
27,1.69963,-0.927016,4.7568
26,1.69963,-0.927016,4.7568
27,0.0172048,-0.782968,3.09908
25,0.0172048,-0.782968,3.09908
27,-0.0229713,-0.367185,2.32473
25,-0.0229713,-0.367185,2.32473
27,0.58285,-0.847713,3.62406
25,0.58285,-0.847713,3.62406
27,0.612233,-1.17323,3.45019
25,0.612233,-1.17323,3.45019
27,0.0466705,0.201881,2.48921
25,0.0466705,0.201881,2.48921
27,0.30109,-1.08254,3.10542
25,0.30109,-1.08254,3.10542
27,-0.257667,-0.641384,2.96455
25,-0.257667,-0.641384,2.96455
27,0.155989,-0.695192,3.52683
24,0.155989,-0.695192,3.52683
27,0.39608,-1.0767,3.75993
24,0.39608,-1.0767,3.75993
27,0.187345,-0.752729,3.60881
24,0.187345,-0.752729,3.60881
27,0.750568,-1.10629,4.37052
24,0.750568,-1.10629,4.37052
27,-0.645225,-0.651105,4.56322
24,-0.645225,-0.651105,4.56322
28,0.455148,-0.225361,2.96241
28,0.768185,-0.100697,2.96043
28,0.5739,-0.0593764,2.98734
28,0.566256,-0.109857,2.98333
28,0.76001,-0.159443,2.96773
28,0.772615,-0.109503,2.97291
28,0.525701,-0.0862916,3.01632
28,0.755199,-0.103209,3.01489
28,0.771666,-0.0512868,3.02742
28,0.479795,-0.224736,3.05958
28,0.502731,-0.21087,3.0606
28,0.63569,-0.0469231,3.09521
28,0.539298,-0.144932,3.11045
28,0.660165,-0.0469759,3.12103
28,0.516366,-0.0598305,3.14129
28,0.512925,-0.227288,3.13036
28,0.566611,-0.06919,3.14629
28,0.769903,-0.0395902,3.13228
28,0.524253,-0.208222,3.14543
28,0.78334,0.0537328,3.16005
28,0.575431,-0.0650101,3.17235
28,0.5871,-0.107067,3.17204
28,0.60873,-0.156863,3.19206
28,0.611239,-0.165435,3.19233
28,0.544926,-0.205249,3.19885
28,0.842287,-0.218872,3.18762
28,0.631196,-0.153465,3.24096
28,0.807505,-0.00354053,3.2456
28,0.660953,-0.214048,3.23756
28,0.640798,-0.189441,3.25189
28,0.828711,0.0667506,3.26106
28,0.601237,-0.206764,3.25919
28,0.654249,-0.154356,3.26328
28,0.611098,-0.206697,3.26476
28,0.670885,-0.2162,3.2613
28,0.63558,-0.235865,3.26633
28,0.606979,-0.215499,3.2737
28,0.605997,-0.216046,3.2785
28,0.755804,0.039653,3.29557
28,0.752379,0.0344435,3.30052
28,0.926754,0.0817393,3.31155
28,0.281382,-0.791336,3.66794
28,-0.0825656,0.34299,3.94222
28,-0.0088494,0.448022,4.06739
28,0.00499487,-0.614954,3.9817
28,0.311448,-0.863342,3.95952
28,0.0896389,-1.00125,4.0487
28,0.0964534,-1.00009,4.05951
28,-0.28141,0.275659,4.30173
28,0.102468,-1.02961,4.17502
28,-0.451416,0.313464,4.38569
28,-0.500254,0.304072,4.40036
28,0.176202,-0.334173,4.27151
28,0.1719,-0.345447,4.28132
28,-0.270854,0.397879,4.41199
28,-0.396547,0.425233,4.45667
28,0.114308,-1.05632,4.27318
28,0.380639,-0.925237,4.26686
28,-0.371481,0.289643,4.49771
28,-0.284967,0.452669,4.67819
28,-0.301337,0.33068,4.69047
28,1.24954,-0.491914,4.46596
28,0.602211,-0.266994,4.71999
28,0.0356001,-0.707803,4.74108
28,0.269391,-0.392319,4.79727
28,1.12585,-0.599715,4.75922
28,0.445572,-1.05215,4.80894
28,0.613677,-0.263629,4.9006
28,0.0542029,-1.13844,4.86178
28,0.282601,-0.378055,4.93625
28,0.0102755,-0.848561,4.91335
28,0.335723,-0.401057,4.93111
28,1.12751,-0.676893,4.83608
28,0.326873,-0.404628,4.95271
28,0.292113,-0.402186,4.97406
28,0.290428,-0.371742,4.98268
28,0.357802,-0.400607,4.99924
28,0.300285,-0.400363,5.01237
28,2.36064,-1.8057,4.67868
28,1.13277,-0.636512,4.94394
28,0.304689,-0.374603,5.09034
28,0.367884,-0.4133,5.08701
28,1.30758,-0.535534,4.97995
28,1.24807,-0.649943,4.98498
28,-0.585691,0.434257,5.31356
28,0.477355,-1.09535,5.04276
28,-0.387108,-0.367576,5.22037
28,-0.368502,-0.337176,5.22857
28,1.17916,-0.668759,5.08112
28,0.296101,-0.36337,5.21909
28,0.856606,-0.474248,5.15278
28,-0.431295,-1.14765,5.21788
28,0.322469,-0.371606,5.23961
28,1.35707,-0.538146,5.13141
28,0.222904,-0.469024,5.26347
28,1.21354,-0.628808,5.15311
28,1.37454,-0.324349,5.18934
28,0.381344,-0.405789,5.28969
28,1.32104,-0.340345,5.22329
28,1.37273,-0.555071,5.20164
28,0.558623,-0.20466,5.33387
28,1.31758,-0.670177,5.22568
28,1.32715,-0.673007,5.25235
28,1.8878,-0.84593,5.20117
28,1.30821,-0.325608,5.3208
28,0.392708,-0.551385,5.41403
28,1.28223,-0.292775,5.35592
28,1.88265,-0.946302,5.22857
28,1.33168,-0.615898,5.32357
28,0.444527,-0.424172,5.43451
28,1.39802,-0.350559,5.37547
28,0.947991,-0.642898,5.41797
28,1.03117,-0.570185,5.42166
28,1.38088,-0.512692,5.39703
28,0.929109,-0.480108,5.44652
28,0.82474,-0.516165,5.45392
28,2.10589,-0.887666,5.29692
28,1.05244,-0.578418,5.44342
28,1.36266,-0.61043,5.41182
28,0.991329,-1.34833,5.37043
28,2.19808,-0.84555,5.32445
28,1.37939,-0.577112,5.43786
28,1.41142,-0.518566,5.45731
28,1.34332,-0.606158,5.46185
28,0.937635,-0.693722,5.50301
28,1.34549,-0.625595,5.47919
28,2.2395,-2.06745,5.23343
28,1.30148,-0.779455,5.48384
28,0.411133,-0.590538,5.59515
28,1.4533,-0.439755,5.51958
28,1.52459,1.06376,5.67868
28,1.37164,-0.56867,5.51797
28,2.21963,-1.65325,5.31825
28,0.918667,-0.585421,5.56817
28,1.32722,-0.735869,5.5114
28,1.33561,-0.706205,5.5172
28,1.33749,-0.710285,5.51971
28,0.897698,-0.571671,5.5843
28,1.05583,-0.51684,5.5747
28,1.33818,-0.543946,5.54449
28,1.00098,-0.533379,5.58306
28,0.935966,-0.620185,5.58232
28,0.980968,-0.56697,5.5847
28,0.959905,-0.657763,5.58073
28,1.31197,-0.798251,5.53142
28,0.858449,-0.532295,5.61208
28,2.32452,-1.90986,5.31596
28,1.30113,-0.868554,5.53842
28,0.943888,-0.598303,5.60429
28,1.38319,-0.562116,5.56787
28,0.876563,-0.53975,5.62266
28,1.47666,-0.457754,5.57154
28,2.23608,-1.94323,5.34557
28,0.9025,-0.562168,5.63219
28,1.30376,-0.867541,5.56067
28,1.28716,-0.915436,5.56134
28,1.08016,-0.577802,5.61918
28,0.954347,-0.593636,5.63049
28,2.3104,-1.00191,5.44983
28,1.07565,-0.515845,5.6317
28,0.881937,-0.209626,5.68591
28,1.02884,-0.527244,5.63673
28,1.02555,-0.528345,5.63951
28,1.33928,-0.768684,5.58997
28,0.928461,-0.588055,5.65354
28,1.36382,-0.71261,5.60274
28,1.00406,-0.657591,5.64644
28,0.913883,-0.657312,5.65679
28,1.2002,-1.1897,5.57511
28,1.30562,-0.901731,5.59739
28,2.3469,-0.950055,5.48866
28,2.33846,-2.1268,5.3707
28,1.3202,-0.86733,5.61771
28,2.38087,-1.84979,5.40417
28,1.00829,-0.646537,5.67746
28,-0.503482,-0.73489,5.82126
28,0.470846,-0.447416,5.7559
28,1.00953,-0.496633,5.69664
28,0.843483,-0.534093,5.71862
28,2.44508,-1.96337,5.40216
28,1.28597,-1.00634,5.63119
28,2.30741,-1.60781,5.46486
28,1.28038,-1.03843,5.63468
28,1.04501,-1.39736,5.6213
28,2.08939,-0.944528,5.58242
28,2.12115,-0.995669,5.58433
28,1.22179,-1.13362,5.66131
28,1.24919,-1.19107,5.66687
28,1.23765,-1.18686,5.66888
28,0.941905,-0.66035,5.7703
28,1.26705,-1.21983,5.67877
28,2.77594,-2.01961,5.44778
28,1.23238,-1.12635,5.71155
28,1.03355,-0.675157,5.78751
28,2.1017,-1.0888,5.63542
28,2.35374,-1.60324,5.5643
28,1.10094,-0.528806,5.80979
28,1.25246,-1.11713,5.74009
28,1.29565,-1.10719,5.73843
28,2.45142,-1.99661,5.52765
28,2.43265,-1.8942,5.55108
28,2.02173,-0.444134,5.75098
28,2.1275,-1.01595,5.67913
28,1.28439,-1.16148,5.75904
28,1.28691,-1.14589,5.76073
28,2.06273,-1.03706,5.70367
28,1.27217,-1.08384,5.78153
28,1.32708,-1.05256,5.79441
28,1.31814,-1.0914,5.7925
28,2.06637,-1.12171,5.71915
28,2.67784,-2.1697,5.56168
28,2.06559,-0.423598,5.82301
28,1.34893,-1.05922,5.84092
28,1.11767,-1.52129,5.82227
28,1.0534,-0.664759,5.92672
28,0.873746,-0.561896,5.96947
28,2.73315,-2.08177,5.64113
28,1.67872,1.16747,6.10302
28,2.4183,-1.11988,5.7831
28,1.22164,-1.70239,5.84467
28,1.2979,-1.09568,5.90571
28,1.30681,-1.23466,5.89237
28,2.67726,-1.95335,5.68573
28,0.588193,-0.202864,6.08982
28,2.16244,-1.22123,5.82358
28,1.24282,-0.791499,5.9677
28,0.924798,-0.284705,6.05945
28,2.03356,-0.737622,5.8984
28,1.07145,-0.679004,6.01513
28,1.27169,-0.792063,6.00711
28,2.12539,-0.432359,5.9757
28,1.04968,-0.693722,6.08145
28,2.28824,-1.10378,5.91319
28,1.26589,-0.778805,6.05557
28,1.19715,-0.55365,6.10839
28,1.27396,-0.780196,6.11128
28,1.29816,-0.843324,6.10525
28,0.980143,-0.22216,6.20966
28,0.931619,-0.738101,6.17955
28,2.06479,-0.681978,6.07558
28,1.20439,-0.880343,6.18974
28,0.605862,-0.254407,6.35204
28,2.57768,-1.33403,6.1201
28,2.51462,-1.2913,6.16695
28,1.00489,-0.297781,6.43638
28,2.25786,-0.619157,6.28523
28,3.25875,-0.535656,6.42433
28,1.1707,-0.233142,6.94013
28,3.65894,-0.655864,6.86212
28,1.40399,-1.70194,7.04291
28,3.84362,-0.767058,7.16144
28,4.18383,-0.971279,7.74487
28,1.96861,-2.50097,8.44993
27,1.96861,-2.50097,8.44993
28,1.06964,-2.87444,7.4438
27,1.06964,-2.87444,7.4438
28,0.76912,-0.589096,5.0361
26,0.76912,-0.589096,5.0361
28,-0.113665,0.0539235,3.16008
26,-0.113665,0.0539235,3.16008
28,-0.125288,0.0588799,3.29329
26,-0.125288,0.0588799,3.29329
28,0.770434,-0.246392,5.2492
25,0.770434,-0.246392,5.2492
28,0.210321,-0.320045,4.81143
25,0.210321,-0.320045,4.81143
28,0.409431,-0.534123,1.9146
24,0.409431,-0.534123,1.9146
29,0.343431,-0.376435,2.54019
29,0.525754,-0.00617686,2.81388
29,0.541019,0.0159625,2.93551
29,0.524018,0.0455326,3.03071
29,0.5799,0.0802449,3.16453
29,0.581997,0.0284216,3.17914
29,0.645692,0.00379929,3.24542
29,0.644438,-0.0570965,3.26315
29,0.642103,0.0332439,3.35932
29,-0.407019,-0.493633,3.65516
29,0.0824846,-0.87489,3.62342
29,-0.42145,-0.497324,3.72121
29,0.326302,-0.824892,3.81531
29,-0.214508,-0.497195,3.97854
29,0.47838,-0.257952,4.04238
29,1.09157,0.179286,4.32537
29,0.729475,-0.994035,4.18296
29,-0.0774715,-0.564763,4.31431
29,0.197269,-2.01564,4.08874
29,0.872111,-0.548128,4.28544
29,1.15477,-0.556682,4.28441
29,0.0115909,-0.345138,4.49799
29,0.224328,-0.363789,4.5335
29,0.126853,-1.54068,4.42485
29,-0.394874,0.0755002,4.74786
29,0.406202,-0.986361,4.55915
29,-0.295738,0.0882726,4.83167
29,0.131897,-1.60607,4.59261
29,-0.0142845,-0.742499,4.79093
29,0.040237,-1.0602,4.86554
29,0.0011212,-0.837619,4.97463
29,0.041078,-1.11297,4.95465
29,1.46777,-0.535349,4.96718
29,0.0429894,-1.10591,5.04388
29,0.289207,-0.378042,5.19168
29,1.69878,-0.787849,5.09055
29,1.98472,-1.05123,5.07913
29,0.0163401,-0.934439,5.25736
29,0.315809,-0.412551,5.33223
29,0.0385834,-1.11385,5.25273
29,1.9447,-0.973417,5.17076
29,0.373414,-0.412648,5.36629
29,0.0445917,-1.13018,5.27813
29,0.000931848,-0.860579,5.35023
29,-0.407893,-0.29795,5.48727
29,0.12693,0.0298071,5.51123
29,-0.392533,-0.28782,5.52862
29,0.0634243,-1.2369,5.35396
29,0.384122,-0.524432,5.44733
29,0.94258,-0.518672,5.42672
29,1.71703,-0.62662,5.36587
29,0.351114,-0.413211,5.51637
29,0.0079952,-0.917278,5.47413
29,2.1751,-1.67974,5.2715
29,0.422103,-0.625304,5.62158
29,0.942348,-0.493067,5.62111
29,2.29995,-0.994255,5.49344
29,0.951179,-0.521199,5.73087
29,2.36997,-1.69695,5.50278
29,-0.449669,-0.426433,5.93808
29,-0.54287,-1.24825,5.91994
29,2.48091,-1.62963,5.70808
29,0.607387,-1.26176,5.90375
29,1.40213,-1.19026,6.27464
29,-0.183158,-0.756898,6.44434
29,-0.737434,-1.11487,7.30659
29,-0.771531,-1.10971,7.56158
29,-0.738468,-1.59442,7.59042
29,-0.204245,-0.467414,7.79894
29,-0.242992,-0.66496,7.89967
29,1.29036,-3.48194,7.62532
29,0.218976,-0.36075,4.47103
28,0.218976,-0.36075,4.47103
29,0.317899,-0.218491,4.42031
28,0.317899,-0.218491,4.42031
29,0.346167,-0.552793,5.03491
28,0.346167,-0.552793,5.03491
29,-0.435561,-0.625369,4.25688
28,-0.435561,-0.625369,4.25688
29,-0.464877,-0.660947,4.54758
28,-0.464877,-0.660947,4.54758
29,1.30022,-0.528512,5.43542
28,1.30022,-0.528512,5.43542
29,-0.312595,-1.55307,4.4655
28,-0.312595,-1.55307,4.4655
29,-0.25133,-0.347797,3.92927
27,-0.25133,-0.347797,3.92927
29,0.00386484,-0.588576,3.62138
27,0.00386484,-0.588576,3.62138
29,0.586185,-0.973966,3.72274
27,0.586185,-0.973966,3.72274
29,-0.305024,-1.03773,3.95042
27,-0.305024,-1.03773,3.95042
29,-0.236175,-0.378278,3.33754
27,-0.236175,-0.378278,3.33754
29,2.34527,-0.736738,6.36971
27,2.34527,-0.736738,6.36971
29,2.28755,-0.712176,5.84313
27,2.28755,-0.712176,5.84313
29,0.2069,-0.259164,3.84628
27,0.2069,-0.259164,3.84628
29,-0.28563,-0.507368,3.52314
27,-0.28563,-0.507368,3.52314
29,-0.295911,-0.496963,3.6386
26,-0.295911,-0.496963,3.6386
29,1.85416,-0.584105,5.20394
26,1.85416,-0.584105,5.20394
29,2.13389,-1.81496,5.02851
24,2.13389,-1.81496,5.02851
29,0.157637,-0.131904,2.06295
24,0.157637,-0.131904,2.06295
29,-0.40725,-0.738657,4.38539
24,-0.40725,-0.738657,4.38539
30,0.478314,-0.156321,3.19653
30,0.457127,-0.181226,3.2219
30,0.494834,-0.179027,3.21677
30,0.523141,-0.17987,3.22719
30,0.0862761,-1.05423,4.02732
30,1.24523,0.19861,4.15036
30,0.310708,-0.894967,4.22126
30,0.301579,-0.838608,4.23119
30,0.281943,-0.821872,4.27974
30,0.358969,-0.968408,4.46825
30,0.957804,-0.263851,4.44937
30,0.960699,-0.270371,4.49067
30,1.12326,-0.257611,4.61397
30,0.58462,-1.63884,4.61024
30,1.07737,-0.291958,4.66412
30,1.16464,-0.228228,4.68055
30,1.08784,-0.278115,4.6983
30,0.55439,-1.61486,4.65886
30,0.403676,-1.1916,4.78403
30,0.412791,-1.20114,4.80939
30,1.09889,-0.712321,4.76536
30,1.14253,-0.265884,4.80841
30,0.00991152,-1.0407,4.97937
30,0.582357,-1.72708,4.82403
30,0.622041,-1.30905,4.87127
30,0.563353,-1.76878,4.91863
30,0.863745,-1.19588,4.92366
30,0.348172,-0.436658,5.14384
30,0.685076,-1.80799,4.95787
30,0.586327,-1.75994,5.0109
30,0.594757,-1.80408,5.03703
30,0.970065,-1.32858,5.04579
30,1.20638,-0.652857,5.08682
30,1.21053,-0.64034,5.09844
30,1.26948,-0.619977,5.11062
30,0.901751,-0.49535,5.21758
30,1.27277,-0.611439,5.13794
30,2.04332,-1.86949,4.8421
30,0.931901,-1.24928,5.13992
30,0.872315,-0.640523,5.22233
30,1.27426,-0.612882,5.15964
30,1.73407,-1.03987,5.02911
30,0.909644,-0.499399,5.26032
30,0.885166,-0.639083,5.24955
30,1.95749,-1.65959,4.92484
30,2.00776,-1.74023,4.90889
30,1.98129,-1.65257,4.92537
30,1.1574,-0.594769,5.22187
30,0.892383,-1.21032,5.20966
30,1.27687,-0.521348,5.22075
30,0.886467,-0.501226,5.3096
30,0.980344,-0.55287,5.28637
30,0.959741,-1.29137,5.20726
30,1.72861,-1.03869,5.08213
30,0.987724,-0.629319,5.27916
30,1.95649,-1.58691,4.97702
30,1.23642,-1.89358,5.09868
30,1.2345,-1.85926,5.10575
30,1.27707,-0.552037,5.24907
30,1.0011,-0.617018,5.29934
30,0.851099,-0.634759,5.338
30,0.882065,-0.508327,5.34624
30,1.24015,-0.625313,5.26355
30,1.27789,-0.555779,5.26986
30,1.23714,-0.623909,5.27313
30,0.879811,-0.504071,5.36247
30,1.2282,-0.563924,5.28544
30,0.570268,-1.56017,5.32964
30,1.93546,-1.10499,5.10855
30,0.942598,-0.55714,5.38012
30,0.769695,-0.523657,5.41934
30,1.83955,-1.11463,5.14148
30,0.777306,-0.531603,5.44838
30,0.777895,-0.524446,5.45119
30,0.808949,-0.521092,5.45064
30,1.77235,-1.05477,5.19977
30,2.19569,-1.78189,5.03374
30,0.897404,-0.625527,5.42775
30,0.790394,-0.535282,5.47262
30,1.0885,-1.11362,5.34768
30,0.847395,-0.601921,5.46764
30,1.85106,-1.10095,5.20957
30,0.482904,-1.50583,5.44386
30,1.05995,-0.66012,5.42358
30,2.26734,-1.90434,5.03983
30,1.15751,-1.41185,5.32275
30,1.1797,-1.11234,5.35682
30,1.17783,-1.1325,5.36353
30,0.470202,-1.32551,5.48497
30,1.17794,-1.13604,5.36591
30,0.952678,-1.25333,5.39964
30,1.19046,-1.65184,5.30953
30,1.1497,-1.10689,5.38783
30,1.89456,-1.14038,5.24287
30,1.99886,-1.06465,5.23087
30,2.0004,-1.12043,5.22531
30,0.97513,-0.722432,5.47807
30,1.19419,-1.1343,5.39732
30,1.91671,-1.12613,5.25727
30,1.15346,-1.12455,5.41408
30,1.20561,-1.09064,5.41727
30,1.12868,-1.10254,5.4316
30,1.97694,-1.00658,5.27099
30,1.94863,-1.07223,5.27003
30,1.0449,-1.39069,5.42201
30,2.96895,-1.08795,5.0707
30,3.01253,-1.15043,5.06277
30,1.94722,-0.896701,5.30807
30,1.14345,-1.09613,5.46159
30,0.494427,-1.53861,5.54555
30,1.20506,-1.13527,5.4555
30,2.0055,-1.02259,5.32531
30,1.18966,-1.13305,5.48093
30,0.571336,-1.42829,5.57748
30,1.20879,-1.61768,5.43357
30,1.94744,-1.04671,5.35111
30,2.07656,-0.944184,5.34278
30,1.95963,-0.961707,5.36614
30,1.91456,-1.01406,5.37783
30,1.96738,-0.962654,5.38933
30,0.49153,-1.36194,5.64326
30,0.509089,-1.3636,5.6576
30,1.85031,-0.759224,5.46581
30,2.12897,-0.997743,5.39144
30,2.10719,-0.946162,5.42154
30,1.96449,-0.867576,5.46757
30,2.854,-0.553269,5.32628
30,1.97298,-0.85316,5.4835
30,2.16756,-1.00429,5.42998
30,2.13597,-1.09048,5.43201
30,2.18287,-0.961689,5.43866
30,2.21608,-0.905166,5.47345
30,2.1825,-0.953133,5.49029
30,0.4749,-1.52717,5.77691
30,1.2164,-1.61459,5.62513
30,1.19511,-0.744408,5.73395
30,1.95412,-0.432319,5.63014
30,1.95032,-0.794989,5.59056
30,1.99583,-0.789003,5.58751
30,1.90544,-0.754845,5.62482
30,1.86058,-0.677583,5.64735
30,1.90586,-0.751311,5.63093
30,1.94072,-0.750184,5.6366
30,1.05832,-1.4277,5.74064
30,1.97046,-0.633719,5.64613
30,0.486483,-1.56054,5.87433
30,2.33182,-1.06844,5.56665
30,2.38433,-1.01516,5.57584
30,1.23668,-1.99729,5.7798
30,2.04842,-0.441642,5.81884
30,0.72828,-1.74041,6.01826
30,2.51207,-0.397777,5.84212
30,2.37582,-0.422408,5.87858
30,2.89787,-0.53587,5.80737
30,0.365288,-0.830588,6.34809
30,3.08157,-0.58483,5.84388
30,3.03066,-0.591363,5.87282
30,2.60965,-0.398535,5.98415
30,3.00363,-0.638214,5.94535
30,3.06424,-0.528636,6.01224
30,0.364658,-0.813215,6.52837
30,0.801479,-1.57115,6.36665
30,3.16281,-0.673008,6.06789
30,3.2432,-0.670276,6.16656
30,3.29744,-0.799308,6.31265
30,1.13445,-1.44726,6.70352
30,3.49523,-0.81737,6.54321
30,0.355074,-0.726178,7.31752
30,0.388344,-0.911082,7.32114
30,1.39627,-0.53016,5.52754
28,1.39627,-0.53016,5.52754
30,2.14066,-0.663482,7.44881
28,2.14066,-0.663482,7.44881
30,1.00696,-0.726991,5.14492
28,1.00696,-0.726991,5.14492
31,1.1165,-0.963093,2.26248
31,1.10247,-0.361525,4.17795
31,1.12273,-0.33608,4.20917
31,2.15345,0.349991,4.17012
31,2.52602,-0.379946,4.11687
31,1.2658,-0.256047,4.46664
31,1.81359,-1.0851,4.63185
31,1.82114,-1.0823,4.68807
31,1.65083,-0.750779,4.96835
31,1.90111,-1.07144,4.92562
31,0.929023,-0.506202,5.18285
31,1.96198,-1.01345,5.01723
31,1.99577,-1.68764,5.00866
31,1.98136,-1.68662,5.01598
31,2.06226,-1.90341,5.00871
31,1.99741,-1.68322,5.02978
31,1.29075,-0.560763,5.2064
31,1.84707,-0.921325,5.07009
31,1.24756,-0.183917,5.23693
31,1.19339,-0.601247,5.25525
31,2.11976,-1.91781,5.06504
31,2.01796,-1.71707,5.0937
31,1.32364,-2.64235,5.26564
31,1.79008,-1.03116,5.15943
31,1.4501,-2.80708,5.27508
31,3.27417,-0.148956,4.84254
31,2.01639,-1.01393,5.16503
31,2.0409,-1.68144,5.16404
31,1.92457,-1.04184,5.19762
31,2.09018,-1.69812,5.16582
31,1.17676,-0.533825,5.41369
31,2.11284,-1.54114,5.18369
31,1.95148,-1.04092,5.23524
31,1.81475,-1.02545,5.27482
31,1.97024,-0.898134,5.24332
31,2.21445,-1.93434,5.18386
31,2.00663,-0.929663,5.24689
31,2.02652,-0.958031,5.2494
31,1.38362,-2.62466,5.41453
31,1.82552,-1.02446,5.30865
31,3.11724,-1.75867,4.99251
31,2.24467,-1.82304,5.20766
31,2.0208,-0.928365,5.2739
31,1.91836,-0.914754,5.29919
31,1.17232,-0.507385,5.48817
31,1.9508,-1.04017,5.29832
31,1.92911,-1.01503,5.30968
31,3.38321,-0.187922,4.95315
31,1.99829,-0.985018,5.29654
31,1.26428,-0.46938,5.47813
31,2.17281,-1.78687,5.25643
31,1.97749,-0.94304,5.31356
31,2.06346,-0.954944,5.29589
31,2.07977,-0.954482,5.29425
31,2.04402,-0.888999,5.3173
31,2.65777,-1.92691,5.16802
31,2.1027,-1.63078,5.30673
31,2.1916,-1.86743,5.28487
31,2.09597,-1.61967,5.30895
31,2.14216,-1.55007,5.30629
31,1.96393,-1.00961,5.35186
31,2.03579,-0.9297,5.33423
31,2.16323,-1.79616,5.31173
31,2.14413,-1.6904,5.31719
31,2.00507,-0.886782,5.35869
31,3.20099,-1.77659,5.06564
31,2.21578,-1.51021,5.3138
31,1.99627,-0.944167,5.37338
31,2.06684,-1.02381,5.36454
31,2.26616,-1.78249,5.31904
31,1.28703,-0.064362,5.56277
31,1.93145,-0.989009,5.40339
31,2.23672,-1.92222,5.32812
31,1.19738,-0.481057,5.59335
31,2.19614,-1.47466,5.35114
31,1.86451,-0.955926,5.43427
31,1.98755,-1.01207,5.41358
31,2.19759,-1.48772,5.36244
31,2.02071,-0.986557,5.41519
31,2.02154,-0.852875,5.42131
31,3.36179,-0.114632,5.0925
31,2.03571,-0.858716,5.42528
31,2.0599,-0.889534,5.4201
31,2.06691,-0.908307,5.43239
31,1.97244,-0.9882,5.4636
31,1.26982,-0.428023,5.63826
31,2.29905,-1.99786,5.38798
31,2.03451,-0.929285,5.46784
31,2.16481,-0.866015,5.43822
31,2.18774,-1.71359,5.43788
31,2.16977,-1.70381,5.44826
31,2.06251,-0.889116,5.47739
31,2.72323,-1.96413,5.31948
31,2.00429,-0.856205,5.51074
31,1.91219,-0.952405,5.53991
31,2.19641,-0.872216,5.46992
31,2.23992,-1.49335,5.4694
31,1.91865,-0.954094,5.55836
31,2.01133,-0.849062,5.54786
31,2.29721,-1.66934,5.48068
31,2.38614,-1.94421,5.45887
31,2.00815,-0.846042,5.55349
31,2.23652,-1.4754,5.49893
31,2.22346,-0.862607,5.50865
31,2.02152,-0.902796,5.56093
31,1.78946,-0.604118,5.62169
31,2.39154,-1.95416,5.48227
31,2.07072,-0.974831,5.56553
31,2.0563,-0.943411,5.5856
31,2.24299,-0.861645,5.55037
31,2.20868,-0.977378,5.55908
31,2.21717,-0.984532,5.55894
31,2.24223,-0.331695,5.56324
31,2.43399,-1.82413,5.52818
31,2.26024,-0.860586,5.5736
31,2.14613,-0.359967,5.60238
31,2.74618,-1.96589,5.45692
31,2.0949,-0.984624,5.61965
31,2.41745,-1.8758,5.53985
31,2.32135,-1.69951,5.56448
31,2.16523,-0.366404,5.62614
31,2.27738,-0.869914,5.60082
31,2.23212,-0.983052,5.61307
31,2.27509,-0.337609,5.60584
31,2.19414,-0.937559,5.62834
31,2.36297,-1.61345,5.5863
31,2.16165,-1.03443,5.63844
31,2.15451,-1.01882,5.64606
31,2.46754,-1.89022,5.57266
31,2.7744,-1.98523,5.52127
31,2.57581,-1.99931,5.5875
31,1.83453,-0.550485,5.79736
31,2.83355,-0.439398,5.57518
31,2.46767,-1.70113,5.68148
31,2.31326,-0.999185,5.73174
31,2.61805,-2.02961,5.6674
31,2.60086,-1.90072,5.67281
31,2.57897,-1.85825,5.69396
31,2.02943,-0.730892,5.83627
31,2.05798,-0.534273,5.82945
31,2.57316,-1.78394,5.7085
31,2.05455,-0.52984,5.84046
31,1.96615,-0.501871,5.86261
31,2.06103,-0.528342,5.84823
31,1.91481,-0.669091,5.88488
31,1.96583,-0.711267,5.87329
31,2.11853,-0.543215,5.84237
31,2.05512,-0.522991,5.86857
31,2.36837,-0.941127,5.7923
31,2.4604,-0.351535,5.77072
31,1.99191,-0.714728,5.88621
31,1.9838,-0.507837,5.90104
31,2.14702,-0.539757,5.87002
31,2.3756,-0.937944,5.81644
31,2.07038,-0.671147,5.89725
31,1.95368,-0.670561,5.93062
31,1.95823,-0.66563,5.94483
31,2.35135,-0.293373,5.87242
31,2.39939,-0.941285,5.87183
31,3.00549,-0.473559,5.7267
31,2.01814,-0.609753,5.97227
31,3.28203,-1.13564,5.66148
31,4.34633,-0.79829,5.40068
31,1.95163,-0.481633,5.99321
31,2.60025,-1.80562,5.83727
31,3.31781,-1.11637,5.70025
31,2.09655,-0.636801,6.00538
31,2.09481,-0.521769,6.01014
31,2.95202,-0.398198,5.82549
31,3.33282,-1.07309,5.73219
31,2.02604,-0.494773,6.06409
31,2.07328,-0.60953,6.06183
31,2.04963,-0.517786,6.07069
31,1.97777,-0.471705,6.09873
31,2.07334,-0.588938,6.10184
31,2.05747,-0.509213,6.10901
31,3.38364,-1.08624,5.84232
31,4.43071,-0.664286,5.58484
31,3.89404,-1.83801,5.81584
31,2.11122,-0.573901,6.27789
31,2.12413,-0.542075,6.33487
31,4.53292,-0.654247,5.7791
31,3.13818,-0.341778,6.18479
31,3.2351,-0.450604,6.17589
31,2.13241,-0.494402,6.50564
31,3.08822,-0.40621,6.3641
31,3.01649,-0.359795,6.42717
31,3.02171,-0.354287,6.43822
31,3.13987,-0.393615,6.44516
31,4.28227,-1.91542,6.17646
31,3.53188,-0.401617,6.36759
31,4.1951,-1.80041,6.20992
31,2.10447,-0.433007,6.77742
31,3.23539,-0.426611,6.53954
31,2.15956,-0.477738,6.85482
31,3.34301,-0.278765,6.62445
31,3.29752,-0.378997,6.76463
31,4.54094,-1.9828,6.47803
31,3.21466,-0.432678,6.82265
31,3.33058,-0.437249,6.91467
31,1.28538,-0.416487,7.45874
31,3.85687,-2.27298,6.84126
31,3.41241,-0.436614,7.00318
31,4.76616,-1.98772,6.74704
31,3.97891,-2.29421,6.96092
31,3.41684,-0.425147,7.11331
31,3.39847,-0.424609,7.13723
31,3.47109,-0.4121,7.26615
31,3.69034,-0.513085,7.76441
31,3.7341,-0.511079,7.92202
31,0.912207,-0.670615,4.96981
30,0.912207,-0.670615,4.96981
31,1.06419,-1.46288,4.18565
30,1.06419,-1.46288,4.18565
31,1.06731,-0.699597,5.41205
30,1.06731,-0.699597,5.41205
32,3.82235,0.0132491,4.43952
32,3.91259,-0.341219,4.41291
32,3.91861,-0.328021,4.42055
32,3.94627,-0.326333,4.41751
32,3.76237,-0.00176543,4.50776
32,3.0223,-0.334514,4.60404
32,3.90294,-0.0265495,4.49531
32,3.84885,-0.0137964,4.51122
32,3.7167,-0.13984,4.53801
32,3.78291,-0.0393465,4.5388
32,3.78624,0.00215936,4.54652
32,3.07206,-0.347671,4.65139
32,3.73604,-0.0898214,4.57907
32,3.82811,-0.0373735,4.57861
32,3.8712,-0.0826204,4.57805
32,3.84248,-0.110408,4.60422
32,3.70373,-0.0931008,4.65568
32,3.76854,0.029575,4.66422
32,3.72348,-0.119413,4.66675
32,3.86483,-0.0970874,4.66177
32,3.40237,-0.225795,5.00465
32,4.2221,-1.18064,4.84614
32,3.88506,0.171644,5.03619
32,4.26372,-1.18757,4.9104
32,3.80237,0.0015223,5.08763
32,3.51514,-0.150662,5.13315
32,3.49395,-0.148546,5.14016
32,3.53467,-0.187261,5.14913
32,3.52061,-0.188032,5.15928
32,3.50888,-0.0871286,5.20281
32,3.41535,-0.166232,5.26938
32,3.91844,0.102344,5.22576
32,3.42366,-0.169637,5.299
32,3.4029,-0.110215,5.30797
32,3.91848,0.229078,5.25899
32,3.54007,-0.0471211,5.31287
32,3.40588,-0.104743,5.33451
32,3.86321,0.0729176,5.28673
32,3.80024,0.128311,5.31378
32,3.40716,-0.109512,5.35891
32,3.35361,-0.123224,5.36845
32,3.39477,-0.220968,5.35494
32,3.57596,-0.139736,5.35204
32,2.15807,-1.90932,5.43326
32,3.34594,-1.81287,5.2559
32,3.39749,-0.216555,5.38125
32,3.36693,-0.122326,5.39466
32,3.42359,-0.235823,5.39143
32,3.32058,-0.177412,5.41464
32,3.3997,-0.244431,5.41044
32,3.34129,-0.0982547,5.44015
32,3.82516,0.165549,5.39615
32,3.3108,-0.146749,5.46849
32,3.91951,0.165053,5.44607
32,3.94995,0.124217,5.46442
32,3.87113,0.178195,5.48534
32,3.55502,-2.02597,5.35289
32,3.66882,-0.160354,5.50287
32,4.86996,-1.14621,5.23158
32,3.7193,-0.870371,5.43935
32,3.32196,-1.85301,5.42722
32,3.93375,0.00539285,5.50202
32,3.3729,-1.8201,5.47874
32,2.39652,-1.92405,5.65758
32,3.869,0.169657,5.61265
32,3.91757,0.107055,5.60285
32,2.42301,-2.06995,5.66433
32,3.86152,0.172881,5.62795
32,2.31767,-1.96503,5.69459
32,3.86644,0.13996,5.62721
32,3.87975,0.0969905,5.65381
32,3.84466,0.0820866,5.66082
32,2.40034,-2.18816,5.71446
32,4.94078,-0.687004,5.44406
32,3.73413,-0.130277,5.6846
32,3.92161,-0.00829852,5.68088
32,3.56062,-1.86281,5.58725
32,3.84347,0.0263037,5.72796
32,4.34145,-0.957721,5.58766
32,5.02623,-1.14008,5.47529
32,3.84828,0.0330548,5.7658
32,4.04039,0.0670218,5.7664
32,4.97884,-1.03906,5.52598
32,4.66284,-0.412637,5.64348
32,4.97609,-1.12705,5.54197
32,4.04201,0.0578639,5.79794
32,3.85358,0.0431861,5.82964
32,5.08876,-0.977751,5.56049
32,4.5885,-1.25091,5.62193
32,4.39852,-0.961492,5.70121
32,3.38955,-1.97345,5.78582
32,5.10886,-1.12392,5.60983
32,4.72187,-0.390028,5.73401
32,5.13742,-1.05761,5.61358
32,4.4965,-0.888788,5.73398
32,4.51173,-0.876372,5.76562
32,3.99658,0.0498232,5.94258
32,4.0103,0.0727249,5.94483
32,4.51939,-0.873567,5.79263
32,4.52592,-0.951632,5.81826
32,3.00033,-1.12672,6.06654
32,4.49979,-1.0857,5.83621
32,3.40065,-1.70425,5.98334
32,4.59672,-1.21893,5.84936
32,3.02348,-1.07455,6.1389
32,3.03292,-1.14028,6.15614
32,3.9773,0.0371822,6.10681
32,3.48339,-1.93881,6.03101
32,2.86311,-0.567639,6.24363
32,3.35801,-1.9245,6.06344
32,3.47624,-1.85907,6.05748
32,3.02462,-1.0659,6.19726
32,3.37949,-1.96051,6.0781
32,3.47729,-1.8564,6.07704
32,3.97292,0.0510988,6.16962
32,4.5885,-1.18259,5.97708
32,3.07725,-1.16801,6.21994
32,2.90505,-0.593442,6.30645
32,4.58179,-1.08518,6.00547
32,3.46329,-2.04695,6.10427
32,4.5938,-1.09824,6.03046
32,3.0954,-1.16861,6.27136
32,4.70818,-1.26559,6.03153
32,3.41218,-1.96892,6.19156
32,5.20495,-1.11963,5.98051
32,5.17656,-1.06835,5.99792
32,3.10428,-1.16535,6.31877
32,3.42485,-1.99513,6.20847
32,3.09843,-1.1753,6.32876
32,5.4998,-0.847296,6.00364
32,5.45329,-0.879892,6.05576
32,3.52273,-2.10801,6.2819
32,5.21856,-1.13693,6.18288
32,4.69793,-1.18489,6.3019
32,3.76359,-2.05171,6.38542
32,4.87087,-1.30872,6.29436
32,4.95113,-1.31301,6.30601
32,5.11757,-0.823748,6.32481
32,4.15144,-0.822864,6.50303
32,5.23504,-0.975348,6.33348
32,4.18211,-0.846991,6.53417
32,5.41335,-1.03485,6.37554
32,4.20152,-0.841834,6.58568
32,4.14671,-0.70937,6.65192
32,4.14369,-0.717679,6.6792
32,5.37884,-1.11758,6.45086
32,4.20596,-0.831366,6.6709
32,4.23631,-0.836859,6.66617
32,5.33761,-0.978497,6.51136
32,5.34415,-0.860119,6.54781
32,4.98497,-1.40407,6.6521
32,5.40696,-1.25682,6.69762
32,5.01851,-1.41834,6.77708
32,5.09243,-1.41494,6.8299
32,5.09553,-1.44418,6.90598
32,5.22774,-1.56689,7.17092
32,3.90443,-2.0884,7.37781
32,3.79721,-2.25358,7.3833
32,3.88061,-2.07905,7.40246
32,3.92195,-2.12061,7.50844
32,3.96296,-2.16127,7.67055
32,3.99069,-2.15652,7.67572
32,4.91868,-0.75565,7.65952
32,4.80761,-0.547614,7.70519
32,5.88155,-1.30109,7.49441
32,3.27171,-2.54664,7.82082
32,4.86921,-0.515507,7.90303
32,4.93962,-0.498596,8.05304
32,3.314,-2.65235,8.20309
32,5.09171,-0.7348,8.0886
32,5.15505,-0.735663,8.17993
32,3.22092,-2.73706,8.45463
32,3.25879,-2.83735,8.60722
32,2.2669,-1.43282,4.79387
31,2.2669,-1.43282,4.79387
32,5.3428,-4.23382,11.8082
27,5.3428,-4.23382,11.8082
33,4.36297,-0.483914,4.25356
33,4.82528,-0.213327,4.2968
33,4.29893,-0.255603,4.42703
33,4.74922,-1.24844,5.60121
33,5.24894,-1.17815,5.75419
33,4.79835,-0.762298,5.86162
33,5.20798,-0.675982,5.81145
33,5.23279,-0.706648,5.81162
33,4.78711,-1.25973,5.91106
33,4.86363,-1.20288,5.90553
33,5.28913,-1.16867,5.83593
33,5.29153,-1.18744,5.84173
33,4.77901,-0.768355,5.94093
33,4.92074,-0.854789,5.91739
33,5.27448,-0.651986,5.85181
33,4.92189,-0.839093,5.92476
33,5.19575,-1.12757,5.88427
33,5.16164,-1.08328,5.90827
33,5.34548,-0.559879,5.86487
33,5.25398,-0.591607,5.88344
33,5.15898,-1.09081,5.9119
33,4.82793,-0.755615,5.96842
33,4.94363,-0.860278,5.95566
33,5.31708,-1.18141,5.89651
33,4.94899,-0.842391,5.95677
33,5.7077,-1.39507,5.83313
33,5.72939,-1.4574,5.83234
33,5.27564,-0.640776,5.89938
33,4.81776,-1.27942,5.99519
33,5.28691,-0.646506,5.9001
33,5.33982,-0.908329,5.89652
33,4.83335,-0.761103,5.98725
33,5.15135,-1.07728,5.9388
33,4.8351,-0.75222,5.99332
33,4.96315,-0.864346,5.97487
33,4.95434,-0.819798,5.97783
33,4.94152,-0.828693,5.98057
33,5.7051,-1.40965,5.85653
33,5.22954,-1.12641,5.94429
33,5.27211,-0.660423,5.93893
33,5.17572,-1.07335,5.9695
33,5.01742,-0.864291,5.99648
33,5.11641,-1.06847,5.98312
33,5.27021,-0.586084,5.9465
33,4.97938,-0.790983,6.01196
33,5.81662,-1.43602,5.87834
33,5.75045,-1.40246,5.8905
33,5.38155,-0.532482,5.93939
33,5.34228,-0.898324,5.95448
33,5.13124,-1.03825,5.99667
33,5.29717,-0.690459,5.96269
33,5.11129,-1.00877,6.00281
33,5.03317,-0.933594,6.01809
33,5.82723,-1.4392,5.88646
33,5.09751,-1.00933,6.00969
33,5.10349,-1.0038,6.00851
33,5.13088,-1.06125,6.00612
33,5.00463,-0.850286,6.02443
33,5.19673,-1.08382,5.99513
33,5.06708,-0.926058,6.01668
33,5.36295,-0.905601,5.97244
33,5.02206,-0.849847,6.04104
33,5.04663,-0.775686,6.03751
33,4.72148,-1.26189,6.10872
33,5.42271,-0.927052,5.97797
33,5.36548,-0.897335,5.99062
33,5.07587,-0.908445,6.04558
33,5.02712,-0.798669,6.05615
33,5.85829,-1.40366,5.91966
33,5.19274,-1.08924,6.03344
33,4.58552,-1.70907,6.15724
33,4.74835,-1.21428,6.11862
33,5.14351,-1.03998,6.04946
33,5.4551,-0.600085,5.98719
33,5.10139,-1.07871,6.06601
33,5.48154,-0.586918,5.98956
33,5.11769,-0.999701,6.06425
33,5.36983,-1.1737,6.02497
33,4.74124,-1.17822,6.13884
33,5.07474,-0.914991,6.07494
33,5.12114,-0.963107,6.07633
33,5.10832,-0.953742,6.08186
33,5.05641,-0.938358,6.09768
33,5.04728,-0.933197,6.10153
33,5.72985,-1.2833,5.99237
33,4.34985,-0.752183,6.22927
33,4.72771,-1.26857,6.17868
33,5.07693,-1.10419,6.11271
33,4.68869,-1.19845,6.1879
33,4.72804,-1.16827,6.18038
33,5.37352,-0.830602,6.05927
33,5.01966,-0.321109,6.11468
33,4.72157,-1.34156,6.19451
33,5.34422,-0.642452,6.07014
33,5.46837,-0.836116,6.0529
33,4.63661,-1.08261,6.20828
33,4.33947,-0.727662,6.25426
33,4.72576,-1.33118,6.20184
33,5.03927,-0.328945,6.12465
33,5.73906,-1.27727,6.02265
33,4.69857,-1.16271,6.20781
33,5.48555,-0.588132,6.05518
33,4.66071,-1.06793,6.21449
33,4.7441,-1.17841,6.20665
33,4.62069,-1.02107,6.22998
33,4.61167,-1.73038,6.24688
33,4.64082,-1.69256,6.24249
33,4.99924,-0.283733,6.14906
33,5.46463,-0.507445,6.07019
33,4.34112,-0.727884,6.27935
33,5.50708,-0.840204,6.07612
33,4.007,-0.621763,6.34116
33,5.47232,-0.791265,6.08483
33,4.60883,-0.974463,6.24722
33,4.73457,-1.32831,6.23547
33,5.2177,-1.03655,6.14379
33,4.98636,-0.269052,6.17242
33,4.73462,-1.31323,6.23983
33,5.02235,-0.30678,6.16857
33,4.79339,-1.36994,6.23218
33,4.71087,-1.32216,6.25356
33,4.72997,-1.32441,6.25084
33,4.70402,-1.1945,6.25591
33,4.33763,-0.723576,6.31342
33,4.62271,-0.979924,6.26803
33,5.08079,-0.980868,6.18894
33,4.02452,-0.631704,6.37299
33,4.70994,-1.16453,6.26258
33,4.74406,-1.2666,6.25861
33,5.50815,-0.832889,6.11575
33,4.02484,-0.618612,6.37814
33,4.65602,-1.08356,6.27531
33,5.53903,-0.922764,6.11398
33,5.44876,-0.853463,6.13463
33,4.74291,-1.21104,6.2719
33,5.41422,-0.824921,6.14559
33,4.83158,-1.31332,6.26343
33,4.7459,-1.33928,6.28353
33,5.03119,-0.298135,6.21269
33,4.70333,-1.12526,6.29032
33,4.78246,-1.85405,6.29886
33,4.64105,-1.01787,6.30678
33,4.26159,-0.540884,6.37936
33,4.70713,-1.06161,6.31044
33,5.57472,-0.924127,6.15357
33,4.84259,-1.83809,6.30916
33,4.63276,-0.977748,6.32952
33,5.56378,-0.923598,6.16424
33,4.67221,-1.00754,6.32798
33,4.84192,-1.81191,6.31471
33,5.09251,-0.301131,6.23911
33,4.70855,-1.06747,6.33153
33,5.45654,-0.79754,6.19167
33,4.83111,-0.794376,6.30637
33,4.83229,-1.83286,6.32837
33,4.94616,-0.685594,6.28571
33,4.79054,-1.85069,6.34331
33,5.59044,-0.925083,6.18494
33,4.99504,-0.244396,6.28345
33,4.86049,-1.84701,6.34381
33,4.7478,-1.83704,6.36551
33,5.0305,-0.244348,6.29562
33,5.57297,-0.56078,6.20732
33,4.27359,-0.544851,6.45222
33,4.8625,-1.85925,6.37762
33,5.93938,-1.2389,6.17352
33,4.81201,-1.87921,6.39964
33,3.7538,-2.37854,6.64535
33,4.35572,-0.655079,6.52832
33,4.79289,-1.85298,6.5287
33,4.87821,-1.37871,6.51774
33,4.30315,-0.49818,6.6293
33,5.16973,-1.1118,6.52277
33,5.18878,-1.1239,6.59347
33,5.15133,-1.20453,6.60774
33,5.16308,-0.150933,6.58446
33,4.85269,-0.767027,6.66042
33,5.16706,-1.17739,6.61304
33,5.17254,-1.17284,6.63445
33,4.87686,-0.752671,6.71822
33,4.84759,-0.759207,6.734
33,4.82988,-0.821258,6.80711
33,5.21712,-1.17284,6.75729
33,5.26897,-1.10109,6.80428
33,5.31754,-1.14411,6.80669
33,5.3071,-1.09513,6.85106
33,4.83083,-0.779048,6.93995
33,4.90775,-0.73519,6.9633
33,4.84866,-0.770997,7.01724
33,5.36561,-1.11947,6.94402
33,4.89271,-0.789209,7.02863
33,5.45526,-1.12374,7.19402
33,6.02821,-0.156209,9.93423
34,0.0323293,-0.221071,2.28076
34,0.445615,-0.428637,3.5166
34,0.509727,-0.463064,3.52546
34,0.49259,-0.457472,3.48289
34,0.103494,0.298863,1.65306
34,0.109384,0.284992,1.66336
34,0.0528029,0.306086,1.89086
34,0.427977,-0.436811,3.4933
34,0.443235,-0.462784,3.44074
34,-0.328978,-0.58238,5.1799
34,0.0392438,0.368242,1.81521
34,0.0231,0.397338,1.89959
34,0.0171761,0.374809,1.90686
34,0.0112381,0.353093,1.91954
34,0.240867,0.409375,2.01797
34,0.196612,0.390994,1.89787
34,0.190998,0.323981,1.96318
34,0.15635,0.310447,1.91781
34,0.180099,0.307944,1.97946
34,0.143634,0.279004,1.90953
34,0.183594,0.364896,1.95028
34,0.145253,0.3613,1.93106
34,0.16412,0.332075,1.93816
34,0.236754,0.377369,1.98352
34,0.232687,0.355697,2.00234
34,0.297217,0.339302,1.78343
34,0.288349,0.331634,1.83432
34,0.250152,0.336715,1.89548
34,0.110317,0.286289,1.95939
34,0.19706,0.280471,1.96191
34,0.377185,-0.430682,3.53338
34,0.358551,-0.476428,3.46105
34,-0.000873402,0.362075,1.9352
34,-0.0195409,0.412441,1.97179
34,0.0218728,-0.273014,2.42829
34,0.279447,0.356023,1.6768
34,0.0505609,0.302169,1.89621
34,0.232106,0.352244,1.97589
34,0.219204,0.363117,1.99454
34,0.219837,0.349028,2.0003
34,0.427779,-0.438925,3.528
34,0.453989,-0.451852,3.42366
34,0.0148082,0.355253,1.91162
34,0.000349159,0.361851,1.94713
34,-0.915176,-0.717313,5.76563
34,-0.817206,-0.667157,4.91415
34,-0.446794,-1.06369,5.636
34,-0.507896,-1.01531,5.60432
34,-0.519545,-1.1219,5.50312
34,-0.243641,-0.116452,2.38919
34,-0.276904,-0.115247,2.36447
34,-0.513072,-0.658623,4.85129
34,-0.533539,-0.585726,4.70796
34,-0.390961,-0.538925,4.9317
34,-0.461861,-0.571618,4.89211
34,-0.771624,-0.688871,5.3736
34,-0.214268,0.0486339,2.10116
34,-0.297093,0.0904354,2.62155
34,-0.370794,0.0772723,2.51592
34,-0.413985,-0.0291377,2.6718
34,-0.363258,-0.0735083,2.46479
34,-0.385288,-0.0796757,2.37082
34,-0.328733,-0.0459193,2.48579
34,0.0217589,0.336429,1.88717
34,0.267893,-0.715872,4.41223
34,0.222575,-0.731531,4.50874
34,0.179287,0.306555,1.97053
34,0.152038,0.311464,1.90921
34,0.186024,0.36479,1.96294
34,0.144518,0.354079,1.9053
34,0.161859,0.338569,1.94036
34,0.29549,0.329503,1.77306
34,0.250746,0.329948,1.89095
34,0.288801,0.249019,1.77318
34,0.102791,0.290137,1.59368
34,0.109629,0.284994,1.92559
34,0.191763,0.280625,1.94582
34,0.450672,-0.422015,3.49847
34,-0.217396,0.00901446,2.13183
34,-0.222417,-0.0256923,2.35588
34,0.00984071,-0.158619,2.48327
34,-0.561823,-0.507839,4.64724
34,-0.588508,-0.65869,4.72023
34,-0.501199,-0.464079,4.73903
34,-0.483347,-0.675692,5.1197
34,-0.431368,-0.90548,5.71411
34,-0.558266,-1.09453,5.6854
34,-0.592448,-0.758019,4.90055
34,-0.601404,-1.26924,5.89748
34,0.0192035,-0.280284,2.47904
34,-0.323172,-0.569655,5.03846
34,-0.280684,-1.01145,4.96136
34,0.765906,-0.605977,3.21078
34,-0.453524,-0.54676,4.80381
34,-0.463269,-0.580788,4.90704
34,-0.29948,-0.54427,4.78193
34,-0.308757,-0.583513,4.93006
34,0.01363,-0.283285,2.48893
34,0.0139207,-0.300866,2.542
34,-0.378619,-0.0791957,2.46766
34,-0.391313,-0.0882098,2.40789
34,-0.279736,0.0782029,2.48499
34,-0.233543,0.050526,2.25667
34,-0.553252,-1.09333,5.59126
34,-0.503151,-1.09053,5.32946
34,-0.480561,0.0911976,2.53254
34,-0.432182,0.0190598,2.17357
34,-0.416693,-0.0104056,2.14464
34,-0.692482,-0.611346,4.79718
34,-0.790396,-0.637623,5.00337
34,-0.323828,-0.0457579,2.47705
34,-0.322562,-0.0903888,2.46737
34,-0.563299,-0.72217,4.80998
34,-0.600921,-0.671725,4.762
34,-0.52335,-0.592475,4.6491
34,-0.487337,-0.704708,5.16197
34,-0.0252448,0.415033,1.99018
34,-0.00709914,0.374992,1.96972
34,0.18012,0.302468,1.96335
34,0.148573,0.301628,1.90185
34,0.227721,0.351719,1.98984
34,0.189845,0.366432,1.97178
34,0.35324,-0.412034,3.35264
34,0.347705,-0.450528,3.3001
34,0.232174,0.368415,1.69293
34,0.224616,0.370956,1.81842
34,0.442619,-0.424769,3.45626
34,0.456144,-0.454068,3.32603
34,-0.421005,-0.0371305,2.66505
34,-0.472682,-0.457644,4.56743
34,0.00185191,0.430543,1.97841
34,0.0361641,0.386314,1.8937
34,0.0189483,0.360138,1.89169
34,-0.8267,-0.512905,4.69359
34,-0.811498,-0.641117,4.85772
34,-0.381101,0.0689289,2.55958
34,-0.209946,0.00897198,2.12175
34,-0.220979,-0.0326109,2.34065
34,0.287907,0.325481,1.75142
34,0.259826,0.326276,1.89455
34,-0.40162,0.064743,2.40414
34,-0.425491,-1.17334,5.26673
34,-0.560783,-1.21114,5.66737
34,-0.468165,-1.25518,5.20942
34,0.127416,0.326214,1.84554
34,0.104673,0.273825,1.88875
34,0.0522296,0.293974,1.85359
34,0.178482,0.375538,1.62401
34,0.15294,0.400635,1.66708
34,0.197363,0.38213,1.87319
34,0.60884,-0.387921,3.70374
34,1.07579,-0.28599,3.69038
34,-0.4271,-0.891865,5.60145
34,-0.509326,-1.03103,5.66743
34,-0.562865,-0.505616,4.62689
34,-0.434114,0.0112956,2.67126
34,0.159472,0.332249,1.92924
34,0.197038,0.274458,1.95433
34,0.020181,0.475041,2.01475
34,-0.00706559,0.48003,1.96041
34,-0.595089,-0.778871,4.89178
34,-0.683525,-1.28051,5.41659
34,0.00448967,-0.872635,4.79676
34,-0.350496,-1.13884,5.21821
34,-0.238049,-0.1209,2.40577
34,-0.962248,-0.426204,5.19532
34,0.0270203,0.328098,1.8562
34,0.0741242,0.493032,2.26556
34,0.264073,-0.670467,4.09418
34,-0.414505,-0.0304937,2.34128
34,-0.418787,-0.0436966,2.36547
34,0.221187,0.353911,1.72718
34,0.211293,0.369521,1.80336
34,0.266643,0.36116,1.7169
34,-0.482642,0.0898723,2.49574
34,-0.434781,0.0454944,2.31342
34,-0.446768,0.019703,2.24693
34,-0.431753,-0.00475043,2.23259
34,-0.330126,-0.0861274,2.47368
34,-0.387941,-0.073389,2.49884
34,-0.547502,-0.570316,4.67509
34,-0.626448,-0.703656,4.89386
34,-0.4378,-0.413,4.12187
34,-0.463122,-0.566248,4.85874
34,-0.509556,-1.03149,5.66998
34,-0.550751,-1.05388,5.46567
34,-0.367178,-1.15754,5.39366
34,-0.420679,-1.20126,5.32691
34,0.0367367,0.394177,1.92368
34,0.0159026,0.37623,1.93922
34,0.150236,0.451565,1.67069
34,0.133129,0.446142,1.68458
34,0.174745,0.302897,1.94323
34,0.141231,0.299185,1.91941
34,0.176473,0.385508,1.66061
34,0.184359,0.38465,1.82857
34,0.188666,0.383442,1.87129
34,0.187866,0.37143,1.9698
34,0.302178,-0.386512,3.16838
34,0.343917,-0.447689,3.23626
34,0.254164,0.327849,1.90369
34,0.228382,0.303829,1.94921
34,-0.417059,-0.0338024,2.59532
34,-0.50734,-0.043554,2.35775
34,-0.830125,-0.514767,4.41701
34,-0.808922,-0.620469,4.86876
34,-0.297055,0.0775218,2.53654
34,-0.387587,0.0790749,2.58736
34,-0.222989,0.00734809,2.21295
34,-0.215013,-0.0293799,2.25576
34,-0.332264,-0.82064,5.3054
34,0.0460154,0.292217,1.87471
34,0.500835,-0.428542,3.22486
34,0.451048,-0.431337,3.24589
34,0.936602,-0.0957587,2.75029
34,-0.423151,0.0600247,2.39012
34,-0.699959,-0.617947,4.84897
34,-0.59813,-1.20856,5.63137
34,0.15442,0.576409,1.71721
34,0.172036,0.507686,1.70634
34,0.144696,0.518955,1.71285
34,0.332403,0.391209,1.76816
34,0.288179,0.326952,1.73391
34,1.58288,-0.402634,4.8017
34,1.34078,-0.388922,4.3552
34,-0.396082,0.00877964,2.64407
34,-0.317825,-0.0593926,2.48287
34,-0.44655,-0.905448,5.65451
34,-0.427091,-1.07225,5.40811
34,0.172412,0.420836,1.6224
34,0.152293,0.402384,1.69355
34,0.220168,0.350134,1.97074
34,0.182187,0.266534,1.91026
34,0.0269272,0.415004,1.97287
34,-0.005357,0.428787,1.98692
34,-0.0163371,0.389171,2.00592
34,0.233907,0.363258,1.68328
34,-0.598078,-0.754828,4.87993
34,-0.678349,-1.25278,5.29931
34,-0.0130139,-0.878086,4.82672
34,-0.737873,-0.372642,4.75285
34,0.00720337,-0.30504,2.61742
34,-0.275768,-0.489179,4.4033
34,-0.855832,-0.367695,4.68974
34,-1.03569,-0.482265,4.81316
34,-0.0162463,0.49569,1.99478
34,-0.245199,0.0453984,2.30854
34,-0.631696,0.0982512,2.72842
34,0.126288,0.339418,1.85359
34,0.827511,-0.00485963,2.2838
34,0.233314,-0.596014,3.7221
34,0.754448,-0.596387,3.18293
34,-0.487489,0.0979237,2.56414
34,-0.463795,0.0453159,2.43952
34,-0.329443,-0.0518271,2.50954
34,-0.382136,-0.0688597,2.53254
34,-0.716662,-1.90933,5.20021
34,-0.783436,-1.90635,5.1921
34,-0.442448,-1.14133,5.60257
34,-0.365458,-1.20231,5.54595
34,0.306642,-0.373184,3.14335
34,0.333511,-0.443233,3.20404
34,1.1518,-0.286118,3.9218
34,0.983333,-0.249831,3.42442
34,1.29542,-1.02691,3.81616
34,-0.547537,-0.549952,4.63229
34,-0.649725,-0.684663,4.9493
34,-0.722193,-1.97637,4.78622
34,-0.632294,-1.98452,4.58802
34,-0.431056,-0.862136,5.45831
34,-0.483234,-0.929545,5.65117
34,-0.228368,0.0127401,2.31642
34,-0.224458,-0.0321343,2.27677
34,0.0264542,0.521125,2.10637
34,-0.0145879,0.51159,2.06783
34,0.131273,0.449743,1.68432
34,0.174009,0.391729,1.67171
34,0.143301,0.519497,1.69634
34,0.17662,0.508543,1.69679
34,0.135311,0.295394,1.8951
34,0.182291,0.266836,1.86864
34,1.29922,-0.39205,4.2352
34,1.27504,-0.483153,4.06964
34,0.808175,-0.00229488,2.21049
34,0.887504,-0.0697445,2.56508
34,-0.432844,0.0803517,2.53862
34,-0.817005,-0.506222,4.79171
34,-0.84216,-0.440339,4.75684
34,-0.755972,-0.577514,4.61055
34,-0.273743,-0.466025,4.15414
34,-0.420355,-0.396297,3.99865
34,-0.468208,-0.563834,4.74922
34,-0.00103488,0.430015,2.00273
34,0.0245411,0.36846,1.95404
34,-0.0143034,0.395565,2.02749
34,0.19097,0.381931,1.83465
34,0.210849,0.334463,1.90592
34,0.133622,0.340648,1.87144
34,-0.560702,-1.12143,5.68742
34,-0.435877,-1.23263,5.51936
34,-0.50585,-1.33509,5.49548
34,-0.572119,-0.732868,4.84025
34,-0.677884,-1.28473,5.43446
34,-0.00246272,-0.846123,4.76519
34,-0.310621,-0.826543,5.23297
34,-0.791348,-0.342669,4.31065
34,-0.4507,-1.85445,4.28731
34,-0.397526,0.0661633,2.63454
34,1.35339,-1.10836,3.83904
34,0.0498612,0.417628,1.94504
34,0.284171,0.328873,1.7441
34,0.229725,0.360617,1.67952
34,0.155231,0.566926,1.70556
34,0.0477213,0.290167,1.86156
34,1.84508,0.481146,3.53111
34,0.886977,-0.016599,2.19095
34,0.26163,0.308418,1.82551
34,1.64574,-0.247281,3.1107
34,0.993077,-0.124803,2.33968
34,0.467221,-0.410917,3.11779
34,0.734641,-0.596344,3.12813
34,-0.00134691,-0.292379,2.60625
34,-0.840014,-2.09868,5.33587
34,0.124605,0.446403,1.71377
34,0.163255,0.388605,1.69624
34,0.179138,0.515791,1.72098
34,0.1383,0.528026,1.71686
34,0.224859,0.362166,1.76184
34,0.255172,0.296149,1.78045
34,1.29859,-0.528624,4.01088
34,1.29365,-0.487548,4.19915
34,1.52523,-0.389683,4.59944
34,1.10606,-0.290824,3.7829
34,0.750172,0.0033311,2.11228
34,0.885975,-0.0760335,2.55102
34,-0.429995,-0.400763,3.99107
34,-0.629271,-0.454195,4.52317
34,-0.563483,-0.565863,4.56519
34,0.00424618,0.431825,2.02348
34,0.0347292,0.355353,1.95222
34,-0.0281402,0.39308,2.07026
34,0.186475,0.368256,1.79146
34,0.209947,0.32669,1.8756
34,0.138184,0.345943,1.90053
34,-0.491484,0.10771,2.63962
34,-0.4097,0.0664616,2.64642
34,-0.47777,0.0443096,2.56597
34,-1.33313,-1.42452,3.79862
34,-1.27974,-1.55776,3.9086
34,-0.656745,-1.73325,4.72065
34,-0.47553,-1.82832,4.41371
34,-0.321292,-0.86421,5.29607
34,-1.16198,-0.52343,3.54896
34,-1.54006,-0.873304,4.48857
34,-1.39205,-2.27233,5.59148
34,-1.35191,-1.77307,4.44886
34,-0.314618,0.0640138,2.54895
34,-0.237943,-0.033619,2.38196
34,-0.309909,-0.055136,2.5108
34,0.153129,0.573527,1.73224
34,0.290422,0.330481,1.74056
34,0.685486,-0.0816948,2.1698
34,-0.737931,-0.366681,4.32795
34,-0.725974,-0.588236,4.46319
34,-1.1117,-0.513065,5.10945
34,-0.28212,-0.478107,4.11785
34,-0.0119257,0.507956,2.07507
34,-0.791433,-1.87701,5.1122
34,-1.29132,-2.39867,6.3963
34,-0.801799,-2.0235,5.17915
34,-2.08053,-4.27328,10.7222
34,0.0504381,0.419887,1.96754
34,-0.478003,-0.847386,5.19297
34,-0.653027,-0.655473,4.69393
34,-0.458013,-1.229,5.43941
34,-0.663719,-1.25715,5.37727
34,-0.597839,0.0874109,2.65208
34,-0.38366,-0.0738636,2.47822
34,-0.563724,0.0244134,2.59091
34,0.45902,-0.400212,3.03657
34,0.32895,-0.441303,3.16023
34,0.699384,-0.568708,3.04584
34,-0.729608,0.0490607,2.8411
34,0.034111,0.288854,1.91748
34,-1.05696,-0.435913,3.30745
34,-0.0159328,-0.321879,2.77228
34,-1.06622,0.595762,3.4204
34,0.122813,0.285232,1.89343
34,0.868073,-0.0135287,2.1582
34,0.986434,-0.123587,2.31689
35,-1.15557,-0.182748,2.59954
35,-1.23238,-0.448066,3.43216
35,-0.484831,-1.82654,3.5165
35,-0.482327,-1.82765,3.53665
35,-0.48619,-1.84808,3.56191
35,-0.505315,-1.80531,3.58727
35,-0.515875,-1.81276,3.60342
35,-0.471406,-1.84841,3.59976
35,-0.537844,-1.80273,3.63126
35,-0.507676,-1.82537,3.63611
35,-0.495649,-1.89559,3.65276
35,-0.506692,-1.84573,3.6931
35,-0.748827,-2.00503,3.6388
35,-0.519365,-1.86128,3.73754
35,-0.503843,-1.94802,3.75165
35,-0.513507,-1.66386,3.89628
35,-0.852408,-1.80121,3.81419
35,-0.772485,-2.0194,3.80236
35,-0.520878,-1.67742,3.97085
35,-0.51983,-1.67927,3.99951
35,-0.53053,-1.68976,4.0091
35,-0.875761,-1.91521,3.87256
35,-0.824309,-2.10227,3.90443
35,-0.615191,-1.71048,4.15657
35,-0.615769,-1.63867,4.23675
35,-0.882323,-1.97892,4.0763
35,-0.921942,-2.15899,4.00664
35,-0.589833,-1.7699,4.28679
35,-0.621579,-1.70785,4.3967
35,-0.939894,-2.26477,4.15493
35,-0.601364,-1.72895,4.46193
35,-0.937622,-2.50521,4.15248
35,-0.767322,-1.92246,4.40326
35,-0.891054,-2.08178,4.33975
35,-0.920023,-2.29562,4.27436
35,-1.04827,-2.14772,4.33527
35,-0.934538,-2.61355,4.20527
35,-0.941711,-2.11998,4.38527
35,-1.06052,-2.27416,4.31175
35,-0.918916,-3.4156,3.93486
35,-0.916205,-3.33902,3.98092
35,-0.947756,-2.86242,4.14829
35,-0.957259,-2.53114,4.27692
35,-0.439111,-1.10049,4.88025
35,-0.924765,-2.3521,4.35286
35,-0.370166,-0.953886,4.96406
35,-0.972181,-2.0029,4.51105
35,-0.95082,-2.35593,4.39682
35,-0.645121,-1.81193,4.68773
35,-1.48873,-1.83455,4.59571
35,-1.14857,-2.43942,4.46675
35,-1.00413,-2.39605,4.5097
35,-1.30886,-2.2904,4.50758
35,-1.22085,-2.29295,4.52895
35,-1.0304,-2.47521,4.50478
35,-1.48826,-1.84975,4.65764
35,-1.2224,-2.296,4.54089
35,-1.31517,-2.28242,4.54253
35,-0.952898,-3.52529,4.15565
35,-0.944982,-2.09611,4.67926
35,-0.940969,-2.09088,4.68264
35,-0.871344,-2.09131,4.69941
35,-0.909734,-2.20636,4.66286
35,-1.00183,-3.01353,4.35875
35,-1.03543,-2.43668,4.56746
35,-1.32521,-2.29654,4.57999
35,-1.26507,-2.34101,4.60275
35,-1.40283,-1.93765,4.73877
35,-1.5623,-1.90618,4.72462
35,-0.959394,-2.10242,4.77472
35,-0.972674,-2.14435,4.76112
35,-1.27426,-2.33872,4.65027
35,-1.36865,-2.18701,4.69963
35,-1.31828,-2.24843,4.69282
35,-1.38799,-2.45379,4.60991
35,-1.48597,-1.91692,4.82957
35,-1.4482,-1.90843,4.84845
35,-0.856412,-2.33439,4.799
35,-1.45973,-2.37954,4.69675
35,-1.25828,-2.39398,4.72685
35,-1.45956,-2.35936,4.70916
35,-0.913951,-2.16648,4.8739
35,-1.39247,-2.01286,4.85717
35,-1.46103,-2.22108,4.80555
35,-0.877307,-2.28117,4.88174
35,-1.36874,-2.23519,4.82526
35,-0.954434,-2.32984,4.88966
35,-1.45052,-2.41419,4.78502
35,-1.95802,-0.803923,5.30483
35,-1.20761,-2.59061,4.78944
35,-1.47673,-2.26061,4.86927
35,-0.41275,-1.18576,5.42856
35,-1.34407,-2.44125,4.8282
35,-0.94391,-2.35865,4.93602
35,-1.40986,-2.0556,4.97468
35,-1.77681,-1.88201,4.97844
35,-1.55123,-2.37838,4.85306
35,-1.33403,-2.17875,4.96588
35,-1.06056,-2.35452,5.01151
35,-1.30959,-2.5131,4.94029
35,-1.7853,-1.94608,5.07649
35,-1.47581,-2.2965,5.00223
35,-1.81508,-1.91702,5.08925
35,-1.89039,-0.780574,5.48782
35,-1.0509,-2.31445,5.07706
35,-1.43875,-2.04624,5.11236
35,-1.50377,-2.07326,5.10875
35,-1.5948,-2.41231,4.99119
35,-1.576,-2.45488,5.01039
35,-0.43074,-1.26663,5.65337
35,-1.59082,-2.07185,5.19221
35,-1.49969,-2.5922,5.04883
35,-1.63618,-2.66314,5.02268
35,-1.46931,-2.15981,5.23342
35,-1.89907,-1.00998,5.5857
35,-1.88769,-1.00888,5.60178
35,-1.54035,-2.5837,5.10047
35,-1.91559,-1.07435,5.60198
35,-1.55615,-2.19117,5.36061
35,-1.91161,-1.99551,5.39726
35,-1.67078,-2.58608,5.23793
35,-1.69981,-2.74428,5.17989
35,-1.04384,-2.57281,5.387
35,-1.69742,-2.73979,5.25018
35,-1.59469,-2.40238,5.39178
35,-1.5311,-2.52323,5.66172
35,-2.0096,-0.88775,6.24767
35,-1.8249,-2.96555,5.58722
35,-1.52163,-2.53185,5.81135
35,-2.09204,-2.25877,5.86349
35,-1.0954,-2.6392,5.93704
35,-1.00356,-2.42213,6.26749
35,-0.43137,-1.19161,5.38435
34,-0.43137,-1.19161,5.38435
35,-1.40223,-0.622794,3.81863
34,-1.40223,-0.622794,3.81863
36,-1.41156,-0.0948014,2.53456
36,-1.51457,-0.0993169,2.70022
36,-1.5349,-0.104977,2.79962
36,-1.68041,-0.203491,2.93896
36,-1.11701,-0.408483,3.11473
36,-2.00056,-0.237279,2.90291
36,-1.18359,-0.512118,3.14843
36,-1.21823,-0.394169,3.25421
36,-1.24124,-0.405336,3.3155
36,-1.84987,-0.193635,3.19417
36,-0.433291,-0.412895,3.91439
36,-1.4461,-0.611624,3.85769
36,-0.571013,-0.306805,4.34479
36,-0.604143,-0.395305,4.31857
36,-1.46619,-0.658868,3.91584
36,-0.429255,-0.511673,4.42589
36,-1.09154,-1.92908,3.73602
36,-1.1983,-1.85236,3.79122
36,-1.09962,-1.95991,3.7945
36,-1.04347,-1.95683,3.82945
36,-1.22211,-2.02821,3.80143
36,-1.41485,-1.48296,3.94026
36,-1.26025,-2.05871,3.88083
36,-1.4447,-1.51753,4.02574
36,-1.17413,-1.99466,3.97753
36,-1.23961,-2.05184,3.94389
36,-1.1605,-1.89647,4.08998
36,-1.27467,-1.96524,4.02288
36,-1.13893,-1.81193,4.13556
36,-1.20866,-2.07449,4.01777
36,-1.12746,-1.80814,4.15227
36,-1.28303,-1.99199,4.0406
36,-1.17498,-1.9163,4.12046
36,-1.26882,-1.98395,4.05927
36,-1.2581,-2.0336,4.04826
36,-1.27308,-2.10993,4.03151
36,-1.19186,-1.93451,4.13509
36,-1.13631,-1.83774,4.20523
36,-1.13951,-1.86495,4.19916
36,-1.15206,-1.85097,4.2034
36,-1.26169,-1.93556,4.14538
36,-1.28073,-2.0712,4.09973
36,-1.07502,-1.75893,4.33809
36,-1.29318,-2.09099,4.14364
36,-1.29779,-1.95225,4.22261
36,-0.922105,-2.57153,4.17734
36,-1.07563,-1.78406,4.41913
36,-1.3142,-1.98967,4.25662
36,-0.985369,-2.3464,4.38568
36,-1.20516,-1.88596,4.46291
36,-1.59846,-0.837631,4.68074
36,-1.5877,-0.857522,4.68316
36,-1.01007,-2.3474,4.44012
36,-1.1228,-1.85047,4.6051
36,-0.95704,-2.41059,4.51572
36,-1.20088,-1.931,4.67065
36,-1.22393,-1.92521,4.76096
36,-1.00794,-2.13767,4.78813
36,-1.16487,-1.93647,4.80321
36,-1.13639,-1.96168,4.89916
36,-1.31416,-2.05315,4.87729
36,-1.05471,-2.20223,4.93544
36,-1.46297,-1.99949,4.87562
36,-1.14309,-2.06256,5.01648
36,-1.13065,-2.07999,5.07539
36,-1.35344,-2.09002,5.1705
36,-1.41718,-2.20394,5.44361
36,-1.56218,-2.42033,5.95696
36,-1.14795,-2.53043,6.43472
36,-1.88022,-0.854594,5.75697
35,-1.88022,-0.854594,5.75697
36,-0.394104,-1.02883,5.1521
35,-0.394104,-1.02883,5.1521
36,-0.475195,-0.955503,5.2593
34,-0.475195,-0.955503,5.2593
36,-0.486697,-0.977757,4.95918
34,-0.486697,-0.977757,4.95918
36,-0.558324,-1.19187,5.50625
34,-0.558324,-1.19187,5.50625
36,-0.768849,-0.631554,4.53279
34,-0.768849,-0.631554,4.53279
36,-0.591523,-1.11075,4.72169
34,-0.591523,-1.11075,4.72169
36,-0.525662,-0.675666,4.45401
34,-0.525662,-0.675666,4.45401
37,-0.945692,0.255698,1.95117
37,-0.207026,0.28084,2.5239
37,-0.236262,0.304323,2.52348
37,-0.269624,0.238184,2.52839
37,-0.0965876,0.283888,2.65361
37,-0.222834,0.288112,2.57762
37,-0.0937108,0.216594,2.66833
37,-0.248552,0.297889,2.57167
37,-0.141852,0.248501,2.64952
37,-0.257587,0.269341,2.57374
37,-0.209008,0.248924,2.61284
37,-0.101481,0.268007,2.69293
37,-0.235972,0.233038,2.59901
37,-0.178714,0.283076,2.65175
37,-0.151782,0.239162,2.68158
37,-0.190767,0.252432,2.65557
37,-0.119841,0.209584,2.70782
37,-0.147451,0.207312,2.69064
37,-0.153849,0.189739,2.70038
37,-0.192657,0.204349,2.68803
37,-0.245216,0.160132,2.65383
37,-0.153319,0.153779,2.73003
37,-0.188779,0.206094,2.71383
37,-0.350291,0.199104,2.60177
37,-0.259522,0.152618,2.66344
37,-0.217005,0.178709,2.69806
37,-0.217591,0.128114,2.70564
37,-0.160491,0.150506,2.75708
37,-0.211373,0.184073,2.73471
37,-0.225583,0.133048,2.73134
37,-0.821665,-0.12202,2.34973
37,-0.852791,-0.103624,2.33313
37,-0.873393,0.00616825,2.40246
37,-1.09637,-0.0667732,2.91517
37,-0.983849,-0.271639,2.99662
37,-1.11335,-0.0396312,2.93816
37,-1.11208,-0.0398242,2.95246
37,-0.891157,-0.255186,3.09646
37,-0.899939,-0.252125,3.09239
37,-0.816196,0.680423,3.23122
37,-1.3767,0.0532774,2.81978
37,-1.3573,0.0705506,2.83717
37,-1.13038,-0.0705388,2.9887
37,-0.827111,0.691179,3.266
37,-0.920078,-0.258011,3.14506
37,-0.919939,-0.261522,3.16579
37,-0.977598,-0.254932,3.13174
37,-1.14345,-0.079431,3.02858
37,-1.16174,-0.0839993,3.05458
37,-0.991088,0.232004,3.20395
37,-1.02145,-0.265145,3.17642
37,-1.0213,-0.264647,3.18398
37,-1.41015,0.0170079,2.98721
37,-1.61585,-0.073461,3.12111
37,-1.87681,-0.115728,2.99878
37,-1.66984,-0.0610409,3.15585
37,-1.68143,-0.0552962,3.16295
37,-1.69436,-0.0566026,3.16998
37,-1.92956,-0.11299,3.05802
37,-1.72588,-0.0596881,3.21309
37,-1.92742,-0.121049,3.08203
37,-1.84838,-0.126399,3.18249
37,-1.87784,-0.111932,3.18143
37,-1.97928,-0.12768,3.11445
37,-2.04401,-0.14069,3.16719
37,-2.06232,-0.145049,3.19785
37,-1.48014,-0.6324,4.10083
37,-0.853067,-1.9858,4.45391
37,-0.835371,-2.05445,4.57135
37,-0.928776,-2.04261,4.55432
37,-1.5878,-0.640371,4.27219
37,-1.49427,-0.692585,4.6508
37,-1.24345,-2.20674,5.32253
37,-1.31818,-2.4887,6.23408
37,-0.930087,-2.15445,4.4566
35,-0.930087,-2.15445,4.4566
38,-1.80951,-0.281912,2.85027
38,-2.71256,-1.40898,1.77667
38,-2.66364,-0.54247,2.07018
38,-2.83029,-0.468717,1.93084
38,-2.68454,-0.462697,2.18888
38,-2.6998,-0.490581,2.17735
38,-2.85315,-0.491347,1.99388
38,-2.97693,-0.423671,1.85804
38,-2.72247,-0.500985,2.19236
38,-2.74279,-0.548848,2.15881
38,-2.87254,-0.555453,2.00704
38,-2.99225,-0.497737,1.89451
39,-0.00655008,0.264946,1.96019
39,0.0727334,-0.19259,1.90104
39,-0.00912079,0.265678,1.95926
39,0.267241,0.259811,1.74676
39,-0.112635,0.162857,2.21293
39,-0.138626,0.1564,2.56471
39,-0.0132816,0.262398,1.96554
39,-0.0264406,0.251066,2.02407
39,0.0462989,0.292648,2.14155
39,0.0189605,0.274375,2.10496
39,-0.140453,0.228127,2.10691
39,-0.108609,0.204131,2.13383
39,-0.136431,0.266763,2.04657
39,-0.119548,0.259224,2.08983
39,-0.148974,0.244495,2.13381
39,-0.0948218,0.277169,2.1264
39,0.140098,-0.0695237,0.618369
39,0.267268,-0.229575,2.29991
39,0.0800932,-0.18299,1.83322
39,0.0530822,-0.195736,1.90087
39,0.419372,0.0920973,1.90403
39,0.468637,0.0710004,1.98558
39,0.130641,0.141158,1.34279
39,0.369559,0.211146,1.70223
39,0.316015,0.181304,1.67447
39,0.266692,0.263818,1.76746
39,0.249419,0.294017,1.88993
39,0.10707,0.239092,1.71018
39,0.0522035,0.261395,2.10733
39,0.12929,0.0640464,2.1746
39,0.0984979,-0.0721468,0.746351
39,1.05953,-0.988725,7.02183
39,1.00251,-0.998085,7.0883
39,-0.0379518,0.194374,2.34038
39,0.00993438,0.130228,1.69686
39,0.262433,-0.229893,2.45841
39,0.418201,-0.204139,2.04509
39,0.0836347,0.301452,2.06317
39,0.365497,0.249355,1.63601
39,-0.153802,0.214928,2.10776
39,0.267663,0.255079,1.72347
39,0.267727,0.275065,1.81218
39,0.258551,-0.229375,2.43643
39,0.0491528,0.293561,2.14823
39,0.0499369,0.273472,2.1825
39,-0.0147258,0.264844,1.99327
39,-0.0229,0.256856,2.0499
39,-0.0164517,0.194777,2.22688
39,-0.00796589,0.176589,2.21015
39,0.0303308,-0.185579,1.58825
39,-0.221698,-0.609845,3.67308
39,-0.266642,-0.631443,3.71843
39,-0.122628,-0.86217,4.66168
39,-0.145909,-0.780384,4.30759
39,0.171343,-1.24334,7.48859
39,0.115475,-1.25199,7.54073
39,-0.18189,-0.630271,3.71153
39,-0.665314,-0.528017,4.00077
39,0.000349365,-0.220342,1.94887
39,-0.107064,0.166288,2.18467
39,-0.129904,0.150061,2.46076
39,-0.0244751,0.216498,2.19089
39,-0.0339347,0.189889,2.26914
39,0.0163518,0.272485,2.11089
39,-0.112792,0.20305,2.13661
39,-0.151002,0.216055,2.10579
39,-0.127472,0.176734,2.11195
39,-0.119009,0.263585,2.1036
39,-0.13954,0.272957,2.05433
39,-0.0540634,0.24197,2.05521
39,-0.0782774,0.252605,2.07874
39,0.27502,-0.229268,2.34121
39,0.591813,-0.633506,6.00512
39,0.218966,-0.225261,1.99238
39,0.45914,0.0748684,1.95579
39,0.417483,0.0943433,1.90089
39,0.367425,0.209626,1.67297
39,0.139562,0.0473078,2.04387
39,0.107231,0.233476,1.66251
39,0.0958652,0.287415,1.94195
39,0.323521,0.184537,1.67506
39,0.365064,0.170117,1.72153
39,0.25227,0.295963,1.90244
39,0.0787318,0.306528,2.07109
39,0.405139,0.10026,1.87702
39,0.248835,-0.447869,3.12475
39,0.415312,-0.0996148,1.7691
39,0.0169946,0.233394,2.19388
39,-0.167732,0.2454,2.01945
39,-0.186316,0.218714,2.05589
39,-0.0892978,0.153584,2.3714
39,-0.0666806,-0.357143,2.96069
39,-0.170613,0.275905,1.96463
39,-0.0705104,0.300213,2.08164
39,0.17706,-0.076818,0.850132
39,0.180722,-0.0865448,0.883767
39,1.0414,-1.00951,7.23426
39,1.01096,-1.25205,7.21234
39,-0.0940988,0.268363,2.11617
39,-0.0833135,0.25515,2.08669
39,0.244668,0.314141,1.98075
39,0.248875,0.299391,1.94338
39,-0.121668,0.246605,2.09458
39,-0.141044,0.237694,2.09987
39,-0.280673,-0.676521,3.91412
39,-0.321507,-0.669773,3.97961
39,0.0322651,-0.199971,1.68954
39,0.00207025,-0.251744,2.21182
39,-0.0999323,-0.295785,2.82406
39,-0.648719,-0.512515,3.88331
39,-0.637273,-0.449502,3.5272
39,-0.0467222,0.204004,2.14665
39,-0.0278812,0.178947,2.19802
39,0.0214249,0.222694,2.13895
39,0.00201414,0.165413,2.15178
39,-0.143052,0.2024,2.12978
39,-0.135433,0.176056,2.16251
39,-0.137612,0.26912,2.04879
39,-0.0632377,0.241371,2.05013
39,0.267953,-0.243272,2.54317
39,0.0700299,-0.0794828,0.727347
39,0.259301,-0.218362,2.17932
39,0.355315,0.198504,1.62342
39,0.369208,0.183289,1.6869
39,0.0664707,0.312988,2.03164
39,0.077233,0.300524,2.07292
39,0.099183,0.215953,1.53773
39,0.101755,0.266191,1.8361
39,0.289533,0.181356,1.66911
39,0.358991,0.162623,1.71121
39,0.263323,0.238829,1.64736
39,0.0614261,0.266555,2.17996
39,0.109813,0.0533613,1.9815
39,0.726777,0.373387,2.65877
39,0.413371,0.093737,1.88868
39,0.46458,0.0705806,1.96001
39,1.06788,-1.03016,7.30302
39,0.251293,-0.442632,3.04006
39,1.40985,-0.536866,4.91286
39,1.31526,-0.503956,4.81161
39,1.48914,-0.627808,5.10834
39,1.2806,-0.585483,4.76395
39,0.408166,-0.104171,1.75564
39,1.66456,-0.291498,5.80043
39,-0.0982993,0.169938,2.21064
39,-0.0165161,0.266377,2.02791
39,-0.166387,0.25183,2.05954
39,-0.186965,0.216601,2.08042
39,-0.0930723,0.147447,2.33111
39,-0.114355,0.137001,2.33345
39,-0.16729,-0.7242,4.18997
39,-0.153164,-0.787426,4.32838
39,0.184379,-1.3128,7.80034
39,0.0516121,0.296729,2.1835
39,-0.0723678,0.296491,2.0451
39,0.184278,-0.0840253,0.878402
39,0.735224,0.129199,2.60319
39,0.352165,0.235687,1.57633
39,0.197206,0.0551583,2.04823
39,1.0386,-1.26699,7.33038
39,-0.124694,0.185462,2.18076
39,-0.136926,0.185939,2.18636
39,-0.633553,-0.485956,3.81325
39,-0.638584,-0.479319,3.60697
39,-0.2563,0.845494,2.29531
39,-0.290482,0.873059,2.37015
39,-0.131158,0.246567,2.09426
39,-0.119698,0.235059,2.09339
39,-0.198779,-0.734537,4.29491
39,-0.228401,-0.661392,3.99447
39,-0.0601107,-0.38511,3.15689
39,0.00574255,0.257031,2.08658
39,0.0058025,0.225254,2.10837
39,0.278352,0.55279,1.7923
39,0.252929,0.520563,1.68781
39,1.08062,-1.00046,6.9581
39,1.00036,-0.996039,6.92735
39,0.259829,0.234329,1.61632
39,0.266,0.267009,1.77503
39,1.47938,-0.619084,5.07486
39,1.562,-0.727637,5.25995
39,1.48104,-0.472546,4.98735
39,1.41488,-0.549474,4.94603
39,-0.112416,-0.243369,2.4289
39,-0.0957728,0.148351,2.3454
39,-0.142042,0.0988765,2.74578
39,0.0418739,0.293996,2.19269
39,-0.0277828,0.274051,2.04394
39,0.149117,-1.33543,7.8084
39,-0.0872952,-0.809054,4.58456
39,0.0754408,0.599187,1.84496
39,0.0541497,0.271756,2.20611
39,0.0758936,-0.0676658,0.714159
39,0.258407,-0.439823,3.05892
39,0.197224,0.0631996,2.06791
39,0.342916,0.170149,1.67817
39,0.395911,0.0963037,1.83943
39,0.465707,0.0600472,1.96477
39,1.6455,-0.288798,5.64471
39,-0.147475,0.553072,2.00581
39,-0.192105,0.555726,2.01543
39,-0.154919,-0.796447,4.37797
39,0.0504436,0.320337,2.05512
39,0.0966752,0.244878,1.68909
39,0.0926268,0.300685,1.99891
39,0.238176,0.302778,1.94247
39,0.0782925,-0.0669534,0.668216
39,0.303921,0.624314,1.89061
39,0.377376,-0.0944739,1.66883
39,-0.0728405,-0.257043,2.43307
39,0.0166533,0.150578,2.03077
39,-0.0294905,0.184511,2.16957
39,0.029778,-0.198715,1.5593
39,-0.0846566,0.25538,2.07318
39,1.31196,-0.513877,4.86416
39,1.25676,-0.580134,4.75557
39,-1.13592,-0.640313,5.02448
39,-0.0311749,0.157563,2.29349
39,-0.152863,0.267437,2.07909
39,-0.143752,0.202595,2.11165
39,-0.082213,0.291886,2.01333
39,1.34984,-0.812242,4.90553
39,0.287511,-0.511968,3.19723
39,0.11138,-0.173779,1.946
39,0.1875,-0.0869411,0.917594
39,0.377437,0.848897,2.27096
39,0.357877,0.580679,1.85004
39,0.7267,0.121473,2.58967
39,0.723383,0.366803,2.62888
39,0.350676,0.239031,1.58904
39,0.0895055,0.543122,1.93155
39,0.941364,-1.15859,6.77437
39,-0.320426,-0.693926,4.05745
39,0.379348,0.567561,1.80825
39,-0.186178,0.566521,2.02261
39,-0.0883519,0.143031,2.22299
39,-0.144531,0.104497,2.73626
39,-0.096839,-0.822716,4.8105
39,-0.179236,-0.830238,4.50969
39,0.0400311,0.217101,2.09619
39,-0.0295452,0.182486,2.1736
39,0.189757,0.0659908,2.0849
39,1.02774,-1.03889,7.17106
39,0.939681,-1.17494,6.87
39,0.224066,0.243693,1.56341
39,0.216548,0.300169,1.84821
39,0.460953,0.0604419,1.9096
39,0.352638,0.237454,1.59008
39,0.336122,0.208924,1.61057
39,0.760777,0.369412,2.7111
39,0.75404,0.137755,2.68709
39,1.49534,-0.461058,4.98067
39,1.51883,-0.699827,5.05891
39,1.0642,0.323812,2.62871
39,-0.092987,0.300031,2.00912
39,-0.0829415,0.257066,2.08686
39,1.59323,-0.28937,5.42483
39,1.30352,-0.440708,5.12262
39,-0.0704627,0.247515,2.12195
39,-0.125351,0.246326,2.11176
39,-0.127211,0.193937,2.14311
39,0.091529,0.659145,2.02279
39,0.107331,0.580511,2.07256
39,0.0941741,0.596551,2.08124
39,0.101521,0.29275,1.96036
39,0.052905,0.321686,2.06377
39,0.103274,0.227361,1.5922
39,0.0558462,0.268355,2.1785
39,0.153586,-0.0811834,0.560375
39,1.36337,-0.854628,4.64217
39,0.649804,-0.40548,2.37088
39,1.34298,-0.49409,4.67687
39,1.43417,-0.611674,4.88325
39,-0.151906,0.272045,2.09716
39,-0.195889,0.220407,2.12811
39,-0.0139257,0.630329,1.97396
39,0.151621,-1.35786,7.93951
39,0.252366,-0.224434,2.42449
39,0.322083,0.631731,1.90053
39,0.363841,0.562938,1.79977
39,0.250236,0.522299,1.66984
39,1.02311,0.299627,2.56871
39,0.254684,0.22321,1.56313
39,1.6773,-0.1952,4.84776
39,1.72584,-0.464217,5.39588
39,1.80379,-0.58573,4.93365
39,0.0995814,0.153564,1.39468
39,-0.0283481,0.284173,2.08554
39,1.15669,0.1057,2.76777
39,0.217061,-0.183605,1.85258
39,0.264833,-0.454176,3.13499
39,3.54666,-1.69223,9.53028
39,-0.164997,0.489996,1.92956
39,-0.323388,-0.70034,4.09496
39,-0.652147,-0.504101,3.82482
39,1.40461,-0.583955,3.41444
39,-0.129731,0.204701,2.13845
39,-0.0847103,0.146795,2.28149
39,-2.17511,-2.23205,6.80636
39,-0.937732,0.973284,3.08588
39,-0.873278,0.819004,2.73267
39,-0.669984,-0.517889,3.92944
39,-0.0106954,0.586963,1.86102
39,-0.130535,0.100841,2.4713
39,0.197012,-0.175206,1.89269
39,0.225713,0.224934,1.49316
39,0.826308,-1.04316,6.09944
39,0.755388,0.368426,2.73006
39,0.327441,0.218567,1.53061
39,1.4131,-0.676509,4.58686
39,1.29586,-0.827536,4.43205
39,1.03414,0.306625,2.57106
39,-2.31181,-1.70614,7.06081
39,-2.18009,-1.92237,6.65851
39,-2.78846,-1.58954,10.233
39,-0.937708,-0.420065,3.00814
39,-0.157576,0.262305,2.06367
39,-0.215522,0.223452,2.15751
39,-0.179976,0.539981,1.95524
39,0.104124,0.684486,2.11755
39,0.119822,0.580374,2.1015
39,0.788482,0.134815,2.77109
39,0.363546,0.0826755,1.69938
39,0.126253,-1.21378,7.09707
39,-0.115655,-0.922641,5.39477
39,-0.166829,-0.83895,4.49318
39,0.304636,0.604489,1.82575
39,0.224479,0.48172,1.56629
39,1.5751,-0.211105,4.64005
39,1.48588,-0.271081,5.08195
39,1.69518,-0.542215,4.66999
39,1.41452,-0.436139,4.71147
39,0.0549585,0.255679,2.14388
39,1.48208,-0.36977,5.35643
39,-0.0286401,0.284347,2.10703
39,-0.0776985,0.249569,2.09264
39,-0.028792,0.169525,2.1182
39,1.1182,0.111269,2.72687
39,0.193361,0.0504548,2.00905
39,0.284557,-0.474764,3.21899
39,1.21276,-0.749615,4.38307
39,-0.158234,0.474753,1.87921
39,-0.320115,-0.716996,4.19234
39,2.39023,-1.12902,6.31192
40,0.113975,0.0975042,0.580629
40,0.0920083,-0.056666,0.846913
40,0.112862,-0.0568544,0.876451
40,0.112234,-0.0562328,0.877068
40,0.239274,0.154856,1.4173
40,0.107368,0.157729,1.45968
40,0.0944356,0.142413,1.49961
40,0.102631,0.159783,1.5173
40,0.11419,0.163113,1.51724
40,0.105536,0.141485,1.53319
40,0.122357,0.165404,1.54006
40,0.278167,0.178249,1.6331
40,0.11003,0.244391,1.65768
40,0.264792,0.257298,1.66268
40,0.321614,0.169071,1.66026
40,0.33222,0.186237,1.70456
40,0.221078,0.51071,1.75012
40,0.0340533,-0.206315,1.7406
40,0.312596,0.201676,1.74756
40,0.37841,0.217445,1.7406
40,0.39338,0.215786,1.75106
40,0.0530385,0.186478,1.80978
40,0.537892,0.263712,1.77301
40,0.352476,0.161373,1.83989
40,0.432252,-0.05476,1.82025
40,0.436129,-0.0599596,1.82879
40,0.445684,-0.0601835,1.83438
40,0.399597,0.179531,1.8994
40,0.720452,0.306903,1.8701
40,0.383189,0.165207,1.90782
40,0.454641,-0.0538214,1.89224
40,0.147026,0.113395,1.94123
40,0.457554,-0.0644415,1.89813
40,0.0914987,0.0556155,1.95343
40,0.424338,-0.165201,1.92188
40,0.124043,-0.175385,1.9635
40,-0.0921692,-0.194552,1.9965
40,0.161068,0.118477,1.99692
40,0.428658,0.0987425,1.96334
40,-0.0703228,-0.203627,2.01079
40,0.405202,-0.113799,1.95776
40,-0.091225,-0.192908,2.02362
40,0.161128,0.117521,2.02258
40,0.102287,0.0566063,2.02673
40,0.0984708,-0.189872,2.02335
40,0.437274,0.0252323,1.99343
40,0.474022,0.069834,1.99307
40,0.440392,0.0259521,1.99628
40,0.437586,0.0864216,2.00519
40,0.476871,0.0613378,2.00365
40,0.445368,0.0294093,2.01046
40,0.487316,0.0615913,2.00964
40,0.47694,0.061411,2.0111
40,0.112248,0.0655585,2.06032
40,0.449952,-0.242863,2.0041
40,0.454328,0.0347685,2.01871
40,0.45525,0.03843,2.02299
40,0.45521,0.0420908,2.02318
40,0.142606,0.0705865,2.07374
40,0.143079,0.0579254,2.07787
40,0.439095,-0.135493,2.03325
40,0.124371,0.0644174,2.08686
40,0.43073,-0.12728,2.05811
40,0.147155,0.05614,2.10506
40,0.170231,0.110642,2.11079
40,0.167475,0.108433,2.11357
40,0.167438,0.112192,2.11382
40,0.167424,0.121003,2.11531
40,0.144593,0.0471831,2.11826
40,0.198598,0.0571924,2.11422
40,0.191222,0.0828051,2.12088
40,0.305054,-0.187048,2.0943
40,0.181318,0.0660728,2.12621
40,0.807506,0.332077,2.06296
40,0.192414,0.0681314,2.12795
40,0.462952,-0.252997,2.08154
40,0.433445,-0.205126,2.09426
40,0.196101,-0.00383922,2.14104
40,0.154663,0.697971,2.18887
40,0.195669,-0.00890112,2.14987
40,0.20359,-0.0068548,2.16319
40,0.229668,-0.20959,2.14971
40,0.110867,-0.212028,2.1698
40,0.832615,0.339162,2.12368
40,0.00388895,-0.256867,2.20841
40,0.217535,-0.0172906,2.19975
40,0.312379,0.0697117,2.20472
40,0.302977,0.0714585,2.20652
40,0.0986208,-0.230561,2.22741
40,0.321469,0.0797559,2.2238
40,0.229102,-0.0184437,2.24986
40,0.4645,-0.140008,2.25258
40,-0.122646,0.0848534,2.42088
40,0.951943,0.525847,2.34929
40,0.986061,0.535958,2.39202
40,-0.0724166,-0.30481,2.48742
40,0.687349,0.134283,2.41737
40,0.685997,0.130995,2.42972
40,0.680232,0.146052,2.4376
40,0.681592,0.360285,2.48852
40,0.699365,0.137461,2.47559
40,0.680259,0.408758,2.49266
40,0.690763,0.429015,2.52307
40,0.724922,0.528342,2.70109
40,1.05812,0.423195,2.6587
40,1.104,0.604967,2.72194
40,1.10481,0.337651,2.73266
40,0.86486,0.478546,2.82445
40,1.14662,0.106529,2.78194
40,1.14669,0.357566,2.83923
40,0.794892,0.567665,2.91366
40,1.16435,0.104087,2.85324
40,1.20307,0.114604,2.876
40,1.17673,-0.487945,2.91108
40,1.44486,-1.21006,2.88339
40,1.47609,-1.23064,2.9191
40,1.54172,-1.22167,2.94944
40,0.318151,-0.498128,3.39585
40,0.33208,-0.500387,3.40955
40,0.33436,-0.504145,3.43265
40,0.328993,-0.509392,3.46502
40,-0.192034,-0.603342,3.74695
40,1.51506,-0.643684,3.74274
40,1.75828,-0.717542,4.23763
40,1.14814,-0.787137,4.52322
40,1.16656,-0.779634,4.59627
40,1.22124,-0.447118,4.70269
40,1.25715,-0.763973,4.79219
40,1.25399,-0.384564,4.83349
40,1.29337,-0.580268,4.84679
40,1.28077,-0.782206,4.84427
40,1.29246,-0.572435,4.87238
40,1.45831,-0.232704,4.87559
40,1.28254,-0.78514,4.87217
40,1.31965,-0.502059,4.90916
40,1.77062,-0.100098,4.8875
40,1.32618,-0.373081,4.93354
40,1.76792,-0.0848856,4.89902
40,1.31335,-0.358617,4.9467
40,1.37016,-0.595633,4.95571
40,1.35658,-0.518555,4.97221
40,1.72858,-0.0870281,4.95212
40,1.37279,-0.318797,4.98576
40,1.34029,-0.378465,4.99684
40,1.74868,-0.213802,4.95812
40,1.36998,-0.836609,4.99127
40,1.7965,-0.18314,4.99555
40,1.79233,-0.183959,5.01133
40,1.53126,-0.99494,5.00633
40,1.42678,-0.558794,5.04426
40,1.78284,-0.207986,5.02717
40,1.39605,-0.83401,5.04598
40,1.45174,-0.542483,5.09824
40,1.48999,-0.483683,5.09764
40,1.50228,-0.40241,5.10593
40,1.40035,-0.859242,5.09949
40,1.38976,-0.40552,5.13239
40,1.56308,-0.932377,5.11579
40,1.62435,-0.125132,5.15552
40,1.50922,-0.372759,5.17284
40,1.57999,-0.954005,5.15313
40,1.57071,-0.936851,5.15763
40,1.55562,-0.505452,5.19355
40,1.3924,-0.409619,5.2863
40,1.56085,-0.918747,5.23996
40,1.92729,-0.596073,5.22355
40,1.59578,-0.948809,5.27286
40,1.55953,-0.389779,5.34171
40,1.95527,-0.911367,5.28204
40,1.94801,-0.937099,5.28324
40,1.96232,-0.619796,5.34817
40,1.93298,-0.620361,5.35217
40,0.521364,-2.4663,5.44313
40,1.99542,-0.619641,5.41416
40,2.02216,-0.956291,5.41139
40,1.61193,-0.902097,5.53449
40,1.71971,-0.513973,5.56372
40,0.509147,-2.72896,5.67991
40,1.6569,-0.69248,5.64415
40,1.63869,-0.326779,5.67847
40,1.62796,-0.26512,5.7372
40,1.64866,-0.789174,5.73511
40,1.77527,-0.529344,5.75264
40,1.71812,-0.775331,5.76698
40,1.72364,-0.577036,5.81605
40,0.550571,-2.72302,5.99131
40,0.840498,-1.04596,6.07795
40,1.79817,-0.738257,6.05118
40,0.911914,-0.953797,6.1918
40,0.892042,-0.985678,6.2139
40,0.892505,-1.01396,6.21346
40,0.480777,-2.94929,6.30088
40,0.235039,0.27275,1.76207
39,0.235039,0.27275,1.76207
41,0.0951208,0.0944777,0.759864
41,0.099231,0.0904748,0.874796
41,0.103412,0.0885078,0.897269
41,0.190592,0.433095,1.43427
41,0.252558,0.177272,1.49653
41,0.947209,0.556628,1.39121
41,0.0801961,0.466274,1.62219
41,0.082045,0.463553,1.63155
41,0.261552,0.531624,1.58893
41,1.06413,0.0515968,1.40582
41,1.032,0.0793924,1.41945
41,0.0739936,0.536803,1.65367
41,1.081,0.0887233,1.42491
41,0.243666,0.279705,1.73987
41,0.32014,0.567611,1.75688
41,0.316721,0.589471,1.76664
41,0.10387,0.0691315,1.83972
41,0.321615,0.609455,1.80884
41,0.175791,0.0633042,1.89291
41,0.448414,0.0632294,1.86964
41,0.451379,0.0312587,1.88027
41,0.384777,0.590492,1.92511
41,1.352,-0.504978,1.76625
41,0.357665,0.758687,2.08268
41,0.535206,-0.261444,2.08862
41,0.113304,0.875761,2.20649
41,0.393566,0.821129,2.2133
41,0.663581,0.0237228,2.20973
41,0.42018,0.845627,2.29987
41,0.682146,-0.270701,2.40739
41,0.718068,0.161233,2.51215
41,0.724759,0.161851,2.53725
41,0.738229,0.450477,2.63745
41,0.233448,0.889663,2.80901
41,0.774837,-0.256331,2.99591
41,1.21293,-0.134362,3.74049
41,1.27172,-0.312681,4.04588
41,1.18256,-0.715832,4.12721
41,1.2786,-0.774067,4.4044
41,1.38785,-0.345748,4.39678
41,1.3153,-0.533518,4.5274
41,1.57058,-0.0441899,4.57802
41,0.14198,-0.728377,5.17908
41,1.9835,1.75965,4.77962
41,1.4405,-0.242784,4.9888
41,1.42944,-0.413192,5.35435
41,0.329646,0.144428,1.79629
39,0.329646,0.144428,1.79629
41,0.116422,0.519705,1.5905
39,0.116422,0.519705,1.5905
42,0.0721469,0.196014,0.751472
42,0.0713665,0.14793,0.901033
42,0.0638077,0.230555,0.94198
42,0.0803763,0.251313,1.42075
42,0.205939,0.46997,1.46506
42,0.293976,0.304598,1.44714
42,0.0892166,0.253478,1.53414
42,0.107664,0.655418,1.53647
42,0.199503,0.2613,1.52712
42,0.0609335,0.462876,1.56576
42,0.213943,0.484321,1.52526
42,0.177419,0.468307,1.54341
42,0.349239,0.0618078,1.67483
42,0.136351,0.0869367,1.7839
42,0.638955,0.672668,1.79874
42,0.195383,0.713278,1.96442
42,0.271291,-0.184861,1.9998
42,0.43728,0.0451382,1.95987
42,-0.0763057,0.00993679,2.10898
42,-0.126136,0.231328,2.31707
42,0.790613,0.786783,2.11209
42,1.32578,0.800085,2.00604
42,-0.0978008,0.154828,2.42955
42,0.632884,-0.276036,2.36566
42,0.745576,0.399875,2.63663
42,0.114851,0.346633,2.8212
42,0.687084,-0.248115,2.71128
42,0.53142,1.19109,2.8603
42,0.824837,0.166132,2.82277
42,0.846061,0.15164,2.8384
42,0.948241,-0.241847,3.33392
42,0.531884,-0.585261,3.77117
42,1.68314,-0.688415,4.0426
42,1.12136,-0.567873,4.5097
42,0.245018,0.290324,1.77337
40,0.245018,0.290324,1.77337
42,0.0273876,0.510075,1.80225
40,0.0273876,0.510075,1.80225
42,0.282206,0.069772,2.06628
40,0.282206,0.069772,2.06628
42,0.195227,0.0613563,2.13013
40,0.195227,0.0613563,2.13013
42,0.18594,0.101427,2.04297
39,0.18594,0.101427,2.04297
42,0.18966,-0.0174068,2.1374
39,0.18966,-0.0174068,2.1374
42,0.219041,-0.116976,2.07127
39,0.219041,-0.116976,2.07127
43,-0.040618,0.188987,0.749239
43,-0.0476979,0.176258,0.806507
43,-0.0218654,0.213809,0.908599
43,0.0433086,0.249103,1.55145
43,0.1401,0.469868,1.54761
43,0.061267,0.255888,1.56577
43,0.192314,0.260787,1.52896
43,0.200726,0.259796,1.55254
43,0.256666,0.49778,1.57229
43,0.167822,0.60973,1.63763
43,0.279351,0.065884,1.61763
43,0.313622,0.0574891,1.68995
43,0.0831551,0.0825953,1.81067
43,0.431506,0.111027,1.72564
43,0.440642,0.109164,1.73748
43,-0.00608976,0.258423,1.88004
43,-0.0120942,0.262256,1.89648
43,0.0933067,0.28662,1.87951
43,0.0972842,0.278882,1.88306
43,0.39315,0.564061,1.82683
43,0.110295,0.0667283,1.90143
43,0.471014,0.102516,1.80944
43,0.466673,0.0832484,1.82749
43,0.124584,0.0875939,1.94018
43,0.381606,0.0477525,1.86501
43,0.15227,0.115506,1.93737
43,0.6213,0.673238,1.82931
43,0.393519,-0.0929288,1.86204
43,0.340424,0.217085,1.93488
43,0.228164,-0.17745,1.95079
43,0.410297,0.607526,1.96565
43,0.112198,0.0826997,2.03834
43,-0.170778,-0.200863,2.11016
43,0.466908,0.0452348,1.95847
43,0.246873,-0.19884,2.04637
43,0.2708,-0.206764,2.09761
43,0.288638,0.0760038,2.1063
43,0.328061,0.0542569,2.28921
43,0.486081,0.712453,2.28673
43,0.334022,0.0473821,2.32821
43,0.829639,0.382459,2.23083
43,0.568687,-0.179864,2.32159
43,0.665151,0.361552,2.34636
43,0.675179,0.361436,2.3594
43,0.543435,-0.195917,2.40218
43,0.581625,-0.303671,2.39095
43,0.607448,-0.200573,2.40455
43,0.705018,0.373116,2.41506
43,0.657313,-0.205866,2.41661
43,0.659994,-0.207945,2.42826
43,0.710723,0.356441,2.45353
43,0.659943,-0.195364,2.4452
43,0.953543,0.129029,2.38358
43,0.976504,0.127853,2.43059
43,-0.212026,-0.217905,2.89791
43,0.810007,-0.218084,2.59893
43,0.599766,-0.352164,2.69242
43,0.818569,0.15056,2.65215
43,0.601765,-0.349709,2.69809
43,0.80319,0.382296,2.67708
43,0.807588,0.161902,2.68233
43,0.692662,-0.284263,2.75198
43,0.703533,-0.308819,2.80985
43,0.274007,-0.55825,3.67804
43,-0.279464,-0.584043,4.01106
43,1.13627,-0.33697,3.61249
43,1.52576,-0.504788,4.124
43,1.39595,-1.19315,4.3199
43,1.70877,-0.532884,4.49767
43,1.83429,-0.127947,4.84541
43,0.196357,0.209698,1.99782
40,0.196357,0.209698,1.99782
43,0.0921867,-0.224735,2.19638
40,0.0921867,-0.224735,2.19638
43,0.392575,0.157044,2.08943
40,0.392575,0.157044,2.08943
43,0.0920739,-0.222146,2.1811
40,0.0920739,-0.222146,2.1811
43,1.58802,-1.34254,4.89223
40,1.58802,-1.34254,4.89223
43,0.10571,0.266029,1.79549
40,0.10571,0.266029,1.79549
43,0.131526,0.434594,1.84897
40,0.131526,0.434594,1.84897
43,0.137818,0.0665355,1.92356
40,0.137818,0.0665355,1.92356
43,0.285506,0.276113,1.87605
39,0.285506,0.276113,1.87605
43,-0.0429927,0.203954,2.02873
39,-0.0429927,0.203954,2.02873
43,0.193479,-0.0209853,2.17759
39,0.193479,-0.0209853,2.17759
43,1.0993,0.578788,2.67977
41,1.0993,0.578788,2.67977
43,1.13425,0.594602,2.75665
41,1.13425,0.594602,2.75665
43,0.944508,0.503831,2.3415
41,0.944508,0.503831,2.3415
43,0.129593,0.703697,1.9351
41,0.129593,0.703697,1.9351
43,0.434515,0.679809,1.87996
41,0.434515,0.679809,1.87996
43,1.35226,0.751148,2.28701
41,1.35226,0.751148,2.28701
43,0.496054,0.176647,2.23537
41,0.496054,0.176647,2.23537
43,0.172832,0.54041,1.84782
41,0.172832,0.54041,1.84782
43,0.423909,0.663874,1.84121
41,0.423909,0.663874,1.84121
43,0.365935,0.0851943,2.0839
41,0.365935,0.0851943,2.0839
43,1.36334,0.697154,2.32072
41,1.36334,0.697154,2.32072
43,-0.0914895,-0.407683,3.16929
41,-0.0914895,-0.407683,3.16929
43,0.183296,0.560859,1.94072
41,0.183296,0.560859,1.94072
43,1.50596,0.757478,2.53828
41,1.50596,0.757478,2.53828
44,-0.120319,0.22129,0.742275
44,0.13825,0.27541,1.43342
44,0.345477,0.308663,1.57752
44,0.0822823,0.274901,1.79048
44,-0.0114573,0.258586,1.84851
44,0.255589,0.271885,1.77247
44,0.0821148,0.288737,1.84309
44,0.106448,0.0925289,1.81248
44,0.0960131,0.277445,1.86517
44,0.309866,-0.0691396,1.75791
44,0.0313596,-0.150014,1.85067
44,-0.0394429,0.213569,1.93372
44,-0.147521,-0.0598978,1.93437
44,-0.052283,0.206418,1.94232
44,0.222165,-0.131651,1.83351
44,0.129593,0.0966684,1.89667
44,0.402599,0.592627,1.88728
44,0.100237,0.070533,1.92592
44,0.439707,0.332527,1.86526
44,0.434678,0.338936,1.87829
44,-0.0654685,0.195272,2.01141
44,0.186798,-0.169537,1.89079
44,0.109095,0.0675748,1.94442
44,0.444114,0.293019,1.87837
44,-0.0637168,0.190845,2.01382
44,0.209038,-0.162168,1.89137
44,-0.0818165,0.186242,2.02158
44,0.411294,-0.0834149,1.84551
44,0.0621998,-0.173143,1.93759
44,0.117481,0.0816991,1.95682
44,-0.0764684,0.183119,2.02922
44,-0.0377244,0.27911,2.03455
44,0.417886,-0.0753887,1.85809
44,0.231897,-0.168885,1.91455
44,0.425319,-0.0471508,1.89515
44,0.113149,0.0618575,2.0032
44,0.45362,0.620674,1.99416
44,-0.118071,0.226875,2.12067
44,0.242897,-0.184921,1.96608
44,-0.104006,0.157605,2.11822
44,0.214868,-0.194457,1.9799
44,-0.079153,0.242642,2.12358
44,0.465119,0.59836,2.0217
44,0.118081,0.077451,2.06894
44,-0.11917,0.230032,2.17323
44,-0.128302,0.195063,2.18251
44,0.14649,0.277182,2.12962
44,-0.139955,0.242844,2.22295
44,-0.014575,0.28573,2.19637
44,0.135974,0.301863,2.15517
44,-0.124569,0.191094,2.22524
44,0.0190758,0.2215,2.20727
44,0.348721,0.296561,2.12064
44,0.0688824,0.253175,2.20062
44,0.443827,-0.211525,2.06235
44,0.435708,-0.167537,2.0758
44,-0.0802661,0.159849,2.27781
44,0.132142,0.273269,2.24929
44,-0.135289,0.240383,2.32372
44,0.151503,0.311516,2.25087
44,0.278724,-0.21896,2.14767
44,0.0841103,-0.245577,2.21152
44,-0.133971,0.242159,2.34014
44,0.475393,-0.244499,2.15634
44,0.0916888,0.245186,2.41468
44,0.482719,-0.254527,2.25081
44,0.61849,0.0390628,2.24949
44,0.119601,-0.300516,2.40036
44,-0.0983743,-0.281226,2.49838
44,0.130975,-0.317648,2.46659
44,0.361298,-0.288626,2.41281
44,0.538708,-0.291307,2.37903
44,0.88988,0.144254,2.34203
44,-0.0905398,-0.312901,2.58769
44,0.580906,-0.205863,2.41606
44,0.435878,0.01009,2.64337
44,-0.143821,-0.238339,2.81472
44,0.622812,-0.350791,2.59301
44,0.840931,0.156139,2.7314
44,0.842227,0.14803,2.73357
44,0.469821,-0.15302,3.00892
44,0.473162,-0.150944,3.01152
44,1.57909,0.0262738,3.46144
44,2.13816,-1.81237,3.65315
44,2.14228,-1.82133,3.70214
44,1.83457,-0.801261,4.31597
44,1.68688,0.105605,4.49587
44,1.95335,-0.853114,4.51171
44,1.89052,-7.52942,13.6291
44,0.174557,0.105764,2.15257
40,0.174557,0.105764,2.15257
44,0.170069,0.109714,2.14919
40,0.170069,0.109714,2.14919
44,0.178314,0.11663,2.19332
40,0.178314,0.11663,2.19332
44,0.182739,0.0649123,2.15308
40,0.182739,0.0649123,2.15308
44,-0.0646457,0.540539,1.95065
40,-0.0646457,0.540539,1.95065
44,-0.0442114,0.547959,2.02099
40,-0.0442114,0.547959,2.02099
44,0.113311,0.276193,1.93005
39,0.113311,0.276193,1.93005
44,0.188052,-0.0171575,2.08495
39,0.188052,-0.0171575,2.08495
44,-0.0844291,-0.726276,4.25334
39,-0.0844291,-0.726276,4.25334
44,0.157233,0.115035,1.98912
39,0.157233,0.115035,1.98912
44,0.14175,0.500881,1.94515
41,0.14175,0.500881,1.94515
44,-0.0322775,0.268341,1.89023
42,-0.0322775,0.268341,1.89023
44,-0.0304647,0.21589,1.90647
42,-0.0304647,0.21589,1.90647
44,1.05758,0.0824605,2.59078
42,1.05758,0.0824605,2.59078
44,0.36391,0.0872224,2.07142
42,0.36391,0.0872224,2.07142
44,0.142833,0.562594,1.98959
42,0.142833,0.562594,1.98959
44,0.317636,0.0869053,2.04708
42,0.317636,0.0869053,2.04708
44,0.34492,0.554554,1.90508
42,0.34492,0.554554,1.90508
44,0.176758,0.114241,2.19669
42,0.176758,0.114241,2.19669
44,0.64281,0.175494,2.30496
42,0.64281,0.175494,2.30496
44,0.334961,0.502915,1.86724
42,0.334961,0.502915,1.86724
45,-0.298485,0.232202,0.581444
45,-0.286561,0.159083,0.607002
45,-0.170425,0.252345,0.911461
45,-0.17244,0.178178,0.936261
45,-0.214445,0.215857,0.982806
45,-0.0141488,0.255928,1.51773
45,0.12121,0.274785,1.51542
45,-0.227018,0.313875,1.62051
45,0.182829,0.173637,1.52547
45,-0.134891,0.268382,1.64697
45,-0.21617,0.303697,1.68254
45,0.160679,0.532207,1.61138
45,-0.080985,0.255116,1.66767
45,-0.166988,0.25015,1.7032
45,-0.232782,0.317802,1.73272
45,-0.200555,0.425242,1.74035
45,-0.0649174,0.248344,1.68019
45,-0.0606645,0.250014,1.69594
45,-0.196921,0.439813,1.79232
45,-0.110636,0.226998,1.74076
45,-0.219491,0.324568,1.81334
45,0.221239,0.276247,1.70497
45,-0.201267,0.480147,1.86498
45,-0.189349,0.569338,1.87506
45,0.273429,0.600921,1.75318
45,-0.18197,0.511649,1.87193
45,0.0188606,0.246091,1.78199
45,-0.185829,0.51562,1.87945
45,-0.0896082,0.275804,1.8181
45,-0.20426,0.311935,1.85587
45,-0.00270158,-0.129406,1.73755
45,-0.17797,0.27332,1.85266
45,-0.0946375,0.246222,1.83242
45,-0.211542,0.529609,1.93192
45,-0.0696992,0.237557,1.86283
45,-0.201196,0.321106,1.93406
45,-0.12813,0.201778,1.90128
45,-0.0601587,0.235679,1.91068
45,-0.159009,0.238672,1.94389
45,-0.162395,0.241264,1.96488
45,0.0003995,-0.162618,1.86797
45,0.0705222,0.194897,1.9037
45,0.102773,0.273832,1.92004
45,-0.114307,0.196842,1.97039
45,0.457719,0.30934,1.83182
45,-0.045965,0.230855,1.97422
45,0.13058,0.0764677,1.92352
45,-0.144871,0.1965,2.02203
45,-0.138877,0.198606,2.02487
45,0.183471,-0.169465,1.88285
45,0.399757,-0.129566,1.82801
45,0.48073,0.311427,1.87328
45,-0.141696,0.200984,2.03273
45,0.404295,-0.13028,1.831
45,-0.0434437,0.199715,2.01025
45,0.130443,0.0852493,1.94552
45,0.13249,0.0890455,1.94821
45,-0.11083,0.22219,2.0366
45,0.394263,-0.158747,1.8388
45,-0.103117,0.255989,2.05059
45,0.478889,0.288313,1.89211
45,-0.0677585,0.233648,2.04783
45,-0.132265,0.193452,2.06104
45,0.11102,0.293,2.02408
45,-0.11531,0.153672,2.07763
45,0.41494,-0.16765,1.88249
45,-0.112226,0.15815,2.08692
45,-0.085448,0.19535,2.08772
45,-0.134274,0.138888,2.10059
45,-0.082417,0.139968,2.08746
45,-0.137494,0.146107,2.10697
45,0.423348,0.0784957,1.94211
45,0.496125,0.296133,1.95802
45,-0.03285,0.246012,2.10352
45,-0.11114,0.155909,2.11632
45,-0.143886,0.153715,2.12537
45,0.0490568,0.208098,2.08039
45,-0.131328,0.142269,2.12298
45,0.4269,0.0756529,1.95867
45,-0.125745,0.133016,2.14505
45,0.468733,0.0654499,1.97338
45,-0.217636,0.592372,2.24558
45,0.115137,0.235398,2.10882
45,0.463939,0.0623021,1.99846
45,0.531674,0.305862,2.01666
45,0.258012,0.688332,2.19786
45,-0.0163183,0.246473,2.21466
45,-0.116946,0.0780715,2.22367
45,-0.0960683,0.0702245,2.23092
45,0.138687,0.0552729,2.18784
45,0.558671,0.293109,2.12019
45,0.453473,-0.23226,2.07361
45,-0.0183836,0.236537,2.28951
45,0.159141,0.23841,2.24671
45,0.260317,-0.224495,2.15231
45,0.167163,0.240306,2.25361
45,0.294382,-0.244928,2.16613
45,0.188869,0.299656,2.28072
45,0.103105,0.218324,2.32744
45,0.220064,0.025885,2.46836
45,-0.10493,-0.240716,2.61643
45,0.359368,0.0554012,2.59672
45,-0.0646397,-0.280441,2.8375
45,0.848727,0.183342,2.67108
45,-0.0514596,-0.29215,2.8672
45,-0.0505305,-0.273605,3.10359
45,0.973547,0.161249,2.89458
45,1.02668,0.182446,2.99583
45,1.126,0.0674151,3.08669
45,1.13817,0.155256,3.19399
45,-0.139529,-0.294159,3.66727
45,-0.0883301,-0.326634,3.68066
45,-0.0589907,-0.375984,4.00183
45,0.634799,0.310304,4.03063
45,1.50754,0.106546,3.93508
45,2.20999,-1.72178,3.58042
45,-0.0793837,-0.409032,4.46983
45,-0.0272122,-0.549938,4.45253
45,2.19463,-1.79247,3.6496
45,1.68071,-0.713716,4.01751
45,1.75927,0.132844,4.27398
45,1.81049,-0.759934,4.23875
45,1.88685,0.216602,4.52073
45,-0.0474793,-0.895149,4.9505
45,-0.0494882,-0.889743,4.98212
45,1.8897,0.0961036,4.66451
45,0.0131707,-0.712638,5.30913
45,1.66437,-1.10811,5.05183
45,0.0156178,-0.593756,5.70343
45,-0.764128,-2.82531,5.65067
45,0.061962,-0.822544,6.18485
45,0.0878819,-0.929572,6.17513
45,0.108933,-0.999692,6.69857
45,0.343239,-1.39174,6.99057
45,0.611192,0.200283,2.28782
44,0.611192,0.200283,2.28782
45,0.573165,0.210311,2.39459
44,0.573165,0.210311,2.39459
45,0.543765,0.153619,2.22621
44,0.543765,0.153619,2.22621
45,0.380468,0.158323,1.89024
44,0.380468,0.158323,1.89024
45,0.369639,0.356271,1.69444
44,0.369639,0.356271,1.69444
45,0.577831,0.182675,2.24286
44,0.577831,0.182675,2.24286
45,0.508628,0.188466,2.18433
44,0.508628,0.188466,2.18433
45,0.561189,0.388389,2.02218
44,0.561189,0.388389,2.02218
45,0.512408,0.141556,2.15928
44,0.512408,0.141556,2.15928
45,0.141794,0.123465,2.04052
44,0.141794,0.123465,2.04052
45,0.17779,0.129794,2.16809
40,0.17779,0.129794,2.16809
45,0.22007,0.283476,1.7837
40,0.22007,0.283476,1.7837
45,0.251984,0.215294,1.78123
40,0.251984,0.215294,1.78123
45,0.411873,-2.03627,4.45887
40,0.411873,-2.03627,4.45887
45,0.417965,-2.2473,4.63624
40,0.417965,-2.2473,4.63624
45,0.196069,0.0988234,2.13809
43,0.196069,0.0988234,2.13809
45,1.09187,0.0134375,2.64406
43,1.09187,0.0134375,2.64406
45,-0.0767186,-0.747548,4.4433
43,-0.0767186,-0.747548,4.4433
45,0.0707162,0.275079,1.85569
39,0.0707162,0.275079,1.85569
45,0.113727,-0.185405,2.02919
39,0.113727,-0.185405,2.02919
45,0.0608191,-0.208394,2.06231
39,0.0608191,-0.208394,2.06231
46,-0.43234,0.32526,0.515962
46,-0.376119,0.243988,0.612147
46,-0.340837,0.379438,0.913332
46,-0.0812057,0.708575,1.14855
46,-0.34931,0.449056,1.30988
46,-0.154763,0.643368,1.30213
46,-0.302247,0.84026,1.44478
46,-0.177275,0.245219,1.49102
46,-0.315424,0.828958,1.49824
46,-0.472611,0.885693,1.53951
46,-0.309796,0.832275,1.50276
46,-0.0588775,0.702935,1.47023
46,-0.190966,0.459285,1.533
46,-0.073652,0.468726,1.50391
46,-0.163571,0.701952,1.51861
46,-0.0653976,0.471082,1.52531
46,-0.309373,0.822978,1.56617
46,-0.289383,0.874143,1.61592
46,-0.0740467,0.712739,1.58142
46,-0.20961,0.97117,1.6272
46,0.14016,0.263027,1.60973
46,-0.284296,0.870119,1.67056
46,-0.191875,0.19755,1.72457
46,-0.234945,0.460315,1.71182
46,-0.18215,0.257285,1.74505
46,-0.216826,0.475723,1.79344
46,-0.226099,0.547533,1.78925
46,-0.216308,0.481982,1.80812
46,-0.194528,0.402563,1.82918
46,-0.378919,0.718621,1.84795
46,-0.383788,0.746584,1.85013
46,-0.170257,0.233206,1.84744
46,-0.272036,0.895957,1.82868
46,-0.0731143,0.261413,1.85055
46,-0.362779,0.735314,1.92753
46,0.222762,0.820108,1.78864
46,-0.133249,0.229875,1.95909
46,-0.0381508,0.260546,1.95104
46,-0.253669,0.934466,1.95828
46,-0.0909714,0.539618,1.96487
46,0.0439702,0.855035,1.92419
46,0.327831,0.640347,1.89448
46,-0.0224022,0.277575,2.05799
46,-0.237351,0.982625,2.06709
46,-0.0878582,0.101232,2.24763
46,-0.362806,0.923453,2.23839
46,-0.247733,1.02929,2.21674
46,0.396787,0.939915,2.12091
46,-0.130632,0.365964,2.32425
46,0.697884,0.334739,2.1497
46,-0.0363582,-0.0106914,2.42163
46,-0.389823,1.17499,2.41574
46,-0.038857,-0.0300407,2.44992
46,-0.110625,0.357371,2.44366
46,-0.222092,1.10334,2.4108
46,-0.154223,-0.206926,2.54871
46,-0.0294961,-0.238507,2.52825
46,0.681396,0.721353,2.34871
46,-0.0720795,-0.217505,2.64099
46,0.541717,0.995781,2.37103
46,-0.0611652,-0.22115,2.67753
46,0.937069,0.194321,2.41324
46,0.934965,0.19375,2.42741
46,-0.0804192,-0.166339,2.77336
46,0.973273,0.201534,2.46188
46,0.0999127,1.33814,2.58184
46,1.13631,0.212849,2.85786
46,-0.815381,1.04281,3.29383
46,1.68994,1.86137,2.95852
46,1.15378,-2.33955,10.6851
46,-0.167186,0.229585,0.950864
45,-0.167186,0.229585,0.950864
46,-0.0311878,0.582534,1.84019
45,-0.0311878,0.582534,1.84019
46,0.213828,0.287068,1.78729
45,0.213828,0.287068,1.78729
46,0.60829,-1.62164,7.57924
45,0.60829,-1.62164,7.57924
46,0.0868598,0.193034,1.50876
44,0.0868598,0.193034,1.50876
46,0.816539,-0.549774,3.19689
44,0.816539,-0.549774,3.19689
46,0.203894,0.302684,1.85047
40,0.203894,0.302684,1.85047
46,0.183074,0.0497693,2.04608
40,0.183074,0.0497693,2.04608
46,-0.153323,-0.786937,4.18514
40,-0.153323,-0.786937,4.18514
46,0.12349,0.272005,1.90002
39,0.12349,0.272005,1.90002
46,0.103607,0.685879,2.13617
39,0.103607,0.685879,2.13617
46,-0.0418126,0.504033,1.89227
39,-0.0418126,0.504033,1.89227
46,0.263947,0.569823,1.83784
43,0.263947,0.569823,1.83784
46,0.998673,0.101034,2.47507
43,0.998673,0.101034,2.47507
46,0.405381,0.162822,1.89083
42,0.405381,0.162822,1.89083
47,-0.566977,0.345143,0.690615
47,-0.506476,0.569827,0.919217
47,-0.490844,0.575375,0.946062
47,-0.707879,0.943599,1.32204
47,-0.216166,0.758234,1.15863
47,-0.546754,0.970001,1.26478
47,-0.466466,1.06517,1.22917
47,-0.535156,0.995199,1.31463
47,-0.377937,0.937705,1.26245
47,-0.325997,0.664203,1.30782
47,-0.705691,0.904859,1.427
47,-0.355316,0.956865,1.29474
47,-0.431329,1.13548,1.31476
47,-0.511296,1.03383,1.37339
47,-0.834468,0.925806,1.5408
47,-0.513553,1.12947,1.36565
47,-0.0873742,0.99082,1.21926
47,-0.22873,0.689972,1.35885
47,-0.689308,0.941541,1.50647
47,0.177271,1.03045,1.14646
47,-0.311799,1.00063,1.37834
47,-0.696742,0.827143,1.58652
47,-0.0872924,0.79408,1.33234
47,-0.62898,0.919665,1.55861
47,-0.62613,0.914191,1.56343
47,-0.29313,1.01561,1.39822
47,-0.0458344,0.807133,1.38054
47,-0.359703,0.852637,1.51287
47,-0.378296,0.863758,1.53019
47,-0.250046,0.61169,1.54553
47,-0.262751,1.04968,1.46727
47,-0.277686,1.05734,1.48133
47,-0.147287,0.566615,1.55386
47,-0.598051,0.949404,1.67272
47,-0.501203,0.926064,1.64393
47,-0.0271816,0.630664,1.52758
47,-0.53915,1.19706,1.64397
47,-0.108806,0.515745,1.60932
47,-0.530112,0.944277,1.70311
47,-0.448764,1.17342,1.62598
47,-0.596884,0.990518,1.7327
47,-0.397129,0.989483,1.64521
47,-0.369255,0.993811,1.63793
47,-0.235637,1.09709,1.55785
47,-0.343308,0.910787,1.65222
47,-0.484404,0.954472,1.70887
47,0.0550128,0.844307,1.53852
47,-0.249097,0.41155,1.78036
47,-0.247568,0.516491,1.75866
47,-0.232801,0.396465,1.78723
47,-0.0384675,0.0940568,1.76964
47,-0.232948,0.953384,1.67623
47,0.098655,0.847512,1.57327
47,-0.646053,1.18342,1.83665
47,-0.233721,0.518095,1.80497
47,-0.308808,0.938336,1.75566
47,-0.206316,0.976864,1.70527
47,-0.316659,1.13143,1.73379
47,-0.307289,1.37836,1.67771
47,-0.196402,0.986904,1.73907
47,0.372186,0.940967,1.50202
47,0.00301677,0.784315,1.7306
47,-0.297145,1.1572,1.78309
47,-0.367145,1.15633,1.83545
47,-0.145222,1.19129,1.7377
47,-0.334964,1.18159,1.82729
47,0.147483,0.94972,1.67552
47,0.424032,0.962554,1.55459
47,-0.216575,0.970876,1.85996
47,-0.314015,1.08315,1.8814
47,0.0587931,1.20861,1.69081
47,-0.234322,0.985179,1.86973
47,0.16971,0.944817,1.70121
47,-0.639426,1.15328,2.01358
47,-0.346399,1.18957,1.88641
47,0.105274,0.898177,1.75393
47,-0.206226,0.980967,1.88243
47,0.150701,0.680236,1.79267
47,-0.617124,1.27344,2.01568
47,-0.564801,1.0942,2.04191
47,-0.560624,1.08748,2.05061
47,-0.207889,1.00921,1.92073
47,0.153295,0.918846,1.80698
47,-0.240644,1.23146,1.92568
47,0.0970497,0.830578,1.9055
47,0.136327,1.2821,1.79721
47,0.192362,0.691243,1.92564
47,-0.294015,1.24934,2.02067
47,0.141408,1.30511,1.83899
47,-0.244222,1.27406,2.01794
47,0.214603,0.945964,1.89093
47,-0.255226,1.16212,2.0513
47,-0.234263,1.25153,2.02768
47,-0.231499,1.26155,2.05496
47,-0.237867,1.29648,2.05837
47,0.236627,0.70759,2.00047
47,-0.260738,1.28428,2.0969
47,-0.521624,1.17217,2.25317
47,0.211443,1.35202,1.91769
47,0.7125,0.147146,1.98041
47,-0.0196372,1.13888,2.16714
47,0.0144905,1.1053,2.16315
47,0.00860268,1.1421,2.17057
47,-0.177275,1.24635,2.26192
47,-0.368772,1.18879,2.36142
47,-0.0992032,0.667461,2.36626
47,0.263625,0.894883,2.21395
47,0.059144,1.13349,2.25633
47,-0.0121653,0.300429,2.5418
47,0.35081,1.46042,2.14079
47,0.249881,0.912931,2.33193
47,0.342286,1.47906,2.17598
47,-0.233781,1.41518,2.48962
47,-0.0017699,0.268921,2.65969
47,0.733474,0.624841,2.30655
47,-0.288938,1.28301,2.65092
47,0.451994,1.55441,2.29341
47,0.80478,0.641738,2.3743
47,0.204627,1.22832,2.51886
47,1.32843,1.39403,2.0372
47,0.583306,1.65777,2.49263
47,-0.204441,1.43511,3.02832
47,0.0959157,1.41078,3.15972
47,0.122886,1.46398,3.32695
47,1.96434,1.58384,2.57745
47,0.177792,1.53091,3.49632
47,0.214128,1.55504,3.61899
47,0.419412,0.558278,4.10558
47,3.12955,1.9024,3.59984
47,0.125068,0.855665,2.05031
46,0.125068,0.855665,2.05031
47,0.408359,0.0828928,1.91368
46,0.408359,0.0828928,1.91368
47,0.286965,0.6178,1.83377
45,0.286965,0.6178,1.83377
47,-0.0298402,0.683028,1.96478
39,-0.0298402,0.683028,1.96478
47,0.0968506,0.621433,1.93544
39,0.0968506,0.621433,1.93544
47,0.0911617,0.602838,1.873
39,0.0911617,0.602838,1.873
47,-0.0135238,0.61132,1.95758
39,-0.0135238,0.61132,1.95758
47,-0.073458,0.753808,1.97114
41,-0.073458,0.753808,1.97114
47,0.129117,0.809403,1.97943
42,0.129117,0.809403,1.97943
47,0.126918,0.802013,1.96182
42,0.126918,0.802013,1.96182
47,0.116584,0.688977,1.92492
42,0.116584,0.688977,1.92492
47,0.179228,0.695979,1.92879
42,0.179228,0.695979,1.92879
47,0.0797485,0.513256,1.93108
42,0.0797485,0.513256,1.93108
47,0.249577,0.695744,1.90376
42,0.249577,0.695744,1.90376
47,0.277802,0.574906,1.84504
43,0.277802,0.574906,1.84504
47,0.297301,0.539762,1.81754
43,0.297301,0.539762,1.81754
47,0.134956,0.4859,1.89266
43,0.134956,0.4859,1.89266
47,0.312424,0.546188,1.80798
44,0.312424,0.546188,1.80798
48,-0.722886,0.765039,0.390261
48,-0.496549,0.67067,0.741698
48,-0.481852,0.852457,0.908459
48,-0.394633,0.83079,0.985242
48,-0.32393,0.824457,1.10819
48,-0.336592,0.837359,1.13707
48,-0.374256,0.503688,1.2103
48,-0.207176,0.514093,1.11872
48,-0.373701,0.481721,1.22991
48,-0.159767,0.321991,1.07923
48,0.269738,1.02569,1.08098
48,-0.320094,0.74335,1.37074
48,-0.344077,0.64136,1.39656
48,-0.180134,0.844394,1.44484
48,0.358942,1.04913,1.18265
48,-0.16892,0.419822,1.39318
48,-0.265347,0.726056,1.51415
48,-0.0586182,0.624442,1.41002
48,0.0738751,0.637667,1.36613
48,-0.153958,0.959381,1.56587
48,-0.194031,0.82081,1.5824
48,-0.212802,0.81558,1.6002
48,-0.132016,0.825029,1.56758
48,-0.043021,0.789653,1.51488
48,0.109353,0.645311,1.42533
48,0.0648195,0.371082,1.4426
48,0.158258,0.621215,1.47864
48,-0.0835966,0.709078,1.6592
48,0.27655,0.148479,1.34909
48,0.36581,1.01804,1.47267
48,0.373252,1.02512,1.49318
48,0.194657,0.584882,1.51299
48,-0.00744438,0.817887,1.68959
48,0.128799,0.72274,1.60124
48,0.192336,0.904234,1.64109
48,-0.101059,0.0624378,1.66291
48,0.351283,0.674339,1.52161
48,0.668009,1.07788,1.41771
48,0.446279,0.989217,1.53355
48,-0.0994645,0.808211,1.83876
48,-8.91089e-05,0.813091,1.80764
48,0.412158,0.666225,1.58504
48,0.299422,0.594147,1.65482
48,0.745837,1.01981,1.49111
48,0.0833082,0.810894,1.83842
48,0.0868927,0.453154,1.8818
48,-0.0707611,0.201784,1.98289
48,0.314957,0.808118,1.8984
48,0.563123,-0.01203,1.61068
48,-0.151417,-0.109355,2.06971
48,0.459693,0.556626,1.85362
48,0.280971,0.811737,2.05196
48,0.640885,0.635584,1.81735
48,0.407205,0.667099,1.96301
48,0.156703,0.196233,2.03119
48,0.189362,0.803189,2.13363
48,0.488957,0.51763,1.93733
48,1.12524,0.641663,1.60188
48,0.232206,0.742803,2.25185
48,0.492103,0.780705,2.16704
48,0.619388,0.542701,2.17353
48,1.0503,1.12909,2.07653
48,0.630222,0.621938,2.25533
48,0.202884,0.774005,2.56197
48,0.73197,0.464781,2.23393
48,1.13917,1.14346,2.16507
48,0.238401,0.758795,2.61689
48,0.401466,0.789972,2.63992
48,0.417453,0.706557,2.62613
48,0.601207,-0.414512,2.42109
48,0.242503,-0.0788276,2.73872
48,1.43429,1.13299,2.39633
48,1.67192,1.11987,2.3285
48,0.593216,0.785252,2.98558
48,1.20264,-0.0703789,2.55073
48,1.30444,-0.104527,2.64879
48,1.34921,0.683337,4.51278
48,2.66859,0.629976,6.83555
48,0.202432,0.28074,1.73168
39,0.202432,0.28074,1.73168
48,0.304905,0.602082,1.80585
39,0.304905,0.602082,1.80585
48,0.0840834,0.466688,1.88685
43,0.0840834,0.466688,1.88685
48,0.235162,0.299035,1.74365
43,0.235162,0.299035,1.74365
48,0.164547,0.536516,1.82529
43,0.164547,0.536516,1.82529
48,0.489228,0.403146,1.58052
43,0.489228,0.403146,1.58052
48,0.495319,0.399803,1.58235
43,0.495319,0.399803,1.58235
48,0.0328171,0.532864,1.91796
42,0.0328171,0.532864,1.91796
48,-0.0308277,0.687383,1.96828
42,-0.0308277,0.687383,1.96828
48,0.762185,0.503483,1.51329
42,0.762185,0.503483,1.51329
48,0.765046,0.503356,1.52158
42,0.765046,0.503356,1.52158
48,-0.0997278,0.783957,1.87977
46,-0.0997278,0.783957,1.87977
48,0.0317396,0.785659,1.83396
46,0.0317396,0.785659,1.83396
48,0.112161,0.815727,1.78573
46,0.112161,0.815727,1.78573
48,-0.103962,0.783507,1.87938
46,-0.103962,0.783507,1.87938
48,0.0970881,0.812086,1.769
46,0.0970881,0.812086,1.769
48,0.0195379,0.550177,1.85388
46,0.0195379,0.550177,1.85388
48,-0.043788,0.965454,1.75423
46,-0.043788,0.965454,1.75423
48,0.0147988,0.547964,1.83929
46,0.0147988,0.547964,1.83929
48,-0.27066,0.279482,1.70463
46,-0.27066,0.279482,1.70463
48,0.0186019,0.539484,1.90394
44,0.0186019,0.539484,1.90394
48,0.342127,0.527165,1.70657
44,0.342127,0.527165,1.70657
48,0.12101,0.490773,1.85881
44,0.12101,0.490773,1.85881
48,0.181889,0.187667,1.49271
45,0.181889,0.187667,1.49271
49,-0.616245,0.515016,-0.909872
49,-0.600036,0.5304,-0.90316
49,-0.56608,0.589383,-1.15639
49,-0.510672,0.652843,-0.965233
49,-0.399927,0.844433,-1.18673
49,-0.236568,0.87382,-1.26507
49,-0.463706,1.04969,-0.830038
49,-0.223326,0.884783,-0.567507
49,-0.360335,1.10628,-0.48082
49,-0.333959,1.14229,-0.462089
49,-0.243546,1.1529,-0.838336
49,-0.294655,1.16334,-0.650059
49,-0.274479,1.28371,-1.42633
49,-0.261373,1.25953,-1.22894
49,-0.189925,1.10429,-0.431751
49,-0.0623602,1.07591,-0.438091
49,-0.185217,1.25363,-0.815879
49,0.0450658,1.23387,-1.2765
49,-0.0127963,1.23306,-0.792636
49,0.0752882,1.25061,-1.27648
49,-0.0165712,1.17852,-0.299725
49,0.117129,1.22289,-1.00879
49,-0.175464,1.50325,-1.45724
49,0.0207245,1.22325,-0.266901
49,-0.103052,1.38841,-0.779799
49,0.201162,1.32095,-1.00206
49,-0.194792,1.57994,-0.772541
49,-0.183359,1.57337,-0.766816
49,-0.176669,1.58556,-0.770543
49,0.0842224,1.3501,-0.213015
49,-0.123419,1.74384,-0.758158
49,-0.209698,1.86554,-0.352113
49,0.0734382,1.74531,-0.716813
49,0.263879,1.66395,-0.701172
49,-0.0278705,1.8746,-0.0165104
49,0.560641,1.83839,-1.0265
49,0.211287,2.15465,-1.58068
49,0.590676,1.95667,-1.24752
49,0.610027,2.01816,-1.25254
49,0.0889671,2.29413,-0.618074
49,0.661388,1.89661,-0.18336
49,0.716819,1.87732,-0.12682
49,1.40765,1.68774,-1.48958
49,0.729459,2.05499,-1.01712
49,1.6969,1.88504,-1.66327
49,1.35697,2.2289,-0.967969
49,1.5995,2.45485,-0.930712
49,1.37483,3.0172,-1.32555
49,0.669591,4.71044,-1.38361
49,0.363335,3.15233,-0.352799
40,0.363335,3.15233,-0.352799
49,0.107793,1.69098,-1.2444
46,0.107793,1.69098,-1.2444
49,-0.0806693,1.84115,-1.01542
46,-0.0806693,1.84115,-1.01542
49,-0.0461108,1.55407,-0.548749
46,-0.0461108,1.55407,-0.548749
49,-0.26468,1.69972,-1.2571
46,-0.26468,1.69972,-1.2571
49,0.21073,1.45728,-1.39911
46,0.21073,1.45728,-1.39911
49,0.300197,1.27418,-0.586393
44,0.300197,1.27418,-0.586393
50,0.0304143,0.0925552,0.540201
50,-0.165795,-0.410882,1.90915
50,-0.400177,-0.759969,3.53118
50,0.441946,-0.741953,3.02239
50,-1.24491,-1.27245,5.64258
50,1.43008,-0.635063,2.84362
50,0.402732,-0.771437,3.09217
50,0.361379,-0.857667,3.2666
50,0.399037,-0.804551,3.12658
50,0.365357,-0.865515,3.26398
50,-1.51874,-1.52225,6.73729
51,0.0434611,0.0732079,0.994762
51,0.087158,-0.0074544,0.355053
51,-0.0253452,0.29572,1.69479
51,0.015648,0.0180243,0.586857
51,-0.871691,-1.06513,4.59378
51,-1.19967,-2.8097,10.6571
51,-0.134298,-0.176871,1.49437
51,0.0869318,0.866625,4.55211
51,0.390209,-1.00731,3.40966
51,0.0783329,-0.118979,0.429113
51,0.437984,-1.01038,3.42007
51,0.105296,0.174355,0.898685
51,0.077057,0.0207149,0.215911
51,0.076379,0.0181425,0.22793
51,0.150649,0.0489388,0.419553
51,1.41052,-0.835563,2.76874
51,0.36117,-0.963893,3.26471
51,0.363823,-0.963881,3.25027
52,0.290839,-0.666649,2.44438
52,0.359399,-0.84548,3.06742
52,1.54269,-0.784997,2.98982
52,0.34934,-0.819129,2.91647
52,1.60599,-9.17324,32.6609
