num_seq = 1
file name: dataset-MH02_stereo_imu
Loading images for sequence 0...LOADED!
Loading IMU for sequence 0...LOADED!

-------

ORB-SLAM3 Copyright (C) 2017-2020 Carlos Campos, Richard Elvira, Juan J. Gómez, José M.M. Montiel and Juan D. Tardós, University of Zaragoza.
ORB-SLAM2 Copyright (C) 2014-2016 Raúl Mur-Artal, José M.M. Montiel and Juan D. Tardós, University of Zaragoza.
This program comes with ABSOLUTELY NO WARRANTY;
This is free software, and you are welcome to redistribute it
under certain conditions. See LICENSE.txt.

Built with REGISTER_TIMES
Git Commit Hash: c2409e6

Build Type: Release

Compiled with C++ version: 201703

Input sensor was set to: Stereo-Inertial
Loading settings from ./Examples/Stereo-Inertial/EuRoC_pid_deadlines.yaml
	-Loaded camera 1
	-Loaded camera 2
	-Loaded image info
	-Loaded IMU calibration
	-Loaded ORB settings
	-Loaded viewer settings
	-Loaded Atlas settings
Deadlines enabled, will skip frames!
PID SLAM enabled!
	-Loaded misc parameters
	-Computed rectification maps
----------------------------------
SLAM settings: 
	-Camera 1 parameters (Pinhole): [ 458.65399169921875 457.29598999023438 367.21499633789062 248.375 ]
	-Camera 1 distortion parameters: [  -0.28340810537338257 0.073959067463874817 0.00019359000725671649 1.7618711353861727e-05 ]
	-Camera 2 parameters (Pinhole: [ 457.58700561523438 456.13400268554688 379.99899291992188 255.23800659179688 ]
	-Camera 1 distortion parameters: [  -0.2836836576461792 0.074512839317321777 -0.00010473000293131918 -3.555907096597366e-05 ]
	-Original image size: [ 752 , 480 ]
	-Current image size: [ 752 , 480 ]
	-Camera 1 parameters after rectification: [  456.71499633789062 456.71499633789062 364.52615356445312 257.268798828125 ]
	-Sequence FPS: 20
	-Stereo baseline: 0.11007784307003021
	-Stereo depth threshold : 60
	-Gyro noise: 0.00016999999934341758
	-Accelerometer noise: 0.0020000000949949026
	-Gyro walk: 1.9392999092815444e-05
	-Accelerometer walk: 0.0030000000260770321
	-IMU frequency: 200
	-Features per image: 1200
	-ORB scale factor: 1.2000000476837158
	-ORB number of scales: 8
	-Initial FAST threshold: 20
	-Min FAST threshold: 7


Loading ORB Vocabulary. This could take a while...
Vocabulary loaded!

Initialization of Atlas from scratch 
Creation of new map with id: 0
Creation of new map with last KF id: 0
Seq. Name: 
There are 1 cameras in the atlas
Camera 0 is pinhole
SLAM Started at System Time: 1748939987.22977
not IMU meas
not IMU meas
[MF-SEL] tPrev=(  d=0.000000  dMin=0.000000  dAvg=0.000000  dMax=0.000000  Dlo=0.000000  Dhi=0.000000  err=0.000000  inc=0.000000  bucket 0->0  (mf=1000)
not enough acceleration
[MF-SEL] tPrev=(  d=0.000000  dMin=0.000000  dAvg=0.000000  dMax=0.000000  Dlo=0.000000  Dhi=0.000000  err=0.000000  inc=0.000000  bucket 0->0  (mf=1000)
not enough acceleration
[MF-SEL] tPrev=(  d=0.000000  dMin=0.000000  dAvg=0.000000  dMax=0.000000  Dlo=0.000000  Dhi=0.000000  err=0.000000  inc=0.000000  bucket 0->0  (mf=1000)
not enough acceleration
[MF-SEL] tPrev=(  d=0.000000  dMin=0.000000  dAvg=0.000000  dMax=0.000000  Dlo=0.000000  Dhi=0.000000  err=0.000000  inc=0.000000  bucket 0->0  (mf=1000)
not enough acceleration
[MF-SEL] tPrev=(  d=0.000000  dMin=0.000000  dAvg=0.000000  dMax=0.000000  Dlo=0.000000  Dhi=0.000000  err=0.000000  inc=0.000000  bucket 0->0  (mf=1000)
not enough acceleration
[MF-SEL] tPrev=(  d=0.000000  dMin=0.000000  dAvg=0.000000  dMax=0.000000  Dlo=0.000000  Dhi=0.000000  err=0.000000  inc=0.000000  bucket 0->0  (mf=1000)
not enough acceleration
[MF-SEL] tPrev=(  d=0.000000  dMin=0.000000  dAvg=0.000000  dMax=0.000000  Dlo=0.000000  Dhi=0.000000  err=0.000000  inc=0.000000  bucket 0->0  (mf=1000)
First KF:0; Map init KF:0
New Map created with 150 points
Active map: 0
[MF-SEL] tPrev=(  d=0.000000  dMin=0.000000  dAvg=0.000000  dMax=0.000000  Dlo=0.000000  Dhi=0.000000  err=1.000000  inc=0.910356  bucket 0->1  (mf=900)
[MF-SEL] tPrev=(  d=0.010475  dMin=0.000000  dAvg=0.001047  dMax=0.010475  Dlo=0.000524  Dhi=0.005761  err=1.000000  inc=0.605557  bucket 1->2  (mf=800)
[MF-SEL] tPrev=(  d=0.009619  dMin=0.000000  dAvg=0.001827  dMax=0.010475  Dlo=0.000913  Dhi=0.006151  err=1.000000  inc=0.607540  bucket 2->3  (mf=700)
[MF-SEL] tPrev=(  d=0.009290  dMin=0.000000  dAvg=0.002449  dMax=0.010475  Dlo=0.001224  Dhi=0.006462  err=1.000000  inc=0.610199  bucket 3->4  (mf=600)
[MF-SEL] tPrev=(  d=0.009698  dMin=0.000000  dAvg=0.003006  dMax=0.010475  Dlo=0.001503  Dhi=0.006741  err=1.000000  inc=0.612664  bucket 4->5  (mf=510)
[MF-SEL] tPrev=(  d=0.010948  dMin=0.000000  dAvg=0.003574  dMax=0.010948  Dlo=0.001787  Dhi=0.007261  err=1.000000  inc=0.615155  bucket 5->5  (mf=510)
[MF-SEL] tPrev=(  d=0.012499  dMin=0.000000  dAvg=0.004169  dMax=0.012499  Dlo=0.002084  Dhi=0.008334  err=1.000000  inc=0.617691  bucket 5->5  (mf=510)
[MF-SEL] tPrev=(  d=0.015005  dMin=0.000000  dAvg=0.004846  dMax=0.015005  Dlo=0.002423  Dhi=0.009925  err=1.000000  inc=0.620254  bucket 5->5  (mf=510)
[MF-SEL] tPrev=(  d=0.017657  dMin=0.000000  dAvg=0.005600  dMax=0.017657  Dlo=0.002800  Dhi=0.011628  err=1.000000  inc=0.622507  bucket 5->5  (mf=510)
[MF-SEL] tPrev=(  d=0.019777  dMin=0.000000  dAvg=0.006387  dMax=0.019777  Dlo=0.003194  Dhi=0.013082  err=1.000000  inc=0.625138  bucket 5->5  (mf=510)
[MF-SEL] tPrev=(  d=0.019793  dMin=0.000000  dAvg=0.007093  dMax=0.019793  Dlo=0.003546  Dhi=0.013443  err=1.000000  inc=0.627726  bucket 5->5  (mf=510)
[MF-SEL] tPrev=(  d=0.024916  dMin=0.000000  dAvg=0.007984  dMax=0.024916  Dlo=0.003992  Dhi=0.016450  err=1.000000  inc=0.630337  bucket 5->5  (mf=510)
[MF-SEL] tPrev=(  d=0.021239  dMin=0.000000  dAvg=0.008615  dMax=0.024916  Dlo=0.004308  Dhi=0.016766  err=1.000000  inc=0.632718  bucket 5->5  (mf=510)
[MF-SEL] tPrev=(  d=0.025332  dMin=0.000000  dAvg=0.009375  dMax=0.025332  Dlo=0.004687  Dhi=0.017354  err=1.000000  inc=0.635216  bucket 5->5  (mf=510)
[MF-SEL] tPrev=(  d=0.023026  dMin=0.000000  dAvg=0.009968  dMax=0.025332  Dlo=0.004984  Dhi=0.017650  err=1.000000  inc=0.637765  bucket 5->5  (mf=510)
[MF-SEL] tPrev=(  d=0.015935  dMin=0.000000  dAvg=0.010217  dMax=0.025332  Dlo=0.005109  Dhi=0.017775  err=0.000000  inc=-0.279229  bucket 5->5  (mf=510)
[MF-SEL] tPrev=(  d=0.030853  dMin=0.000000  dAvg=0.011043  dMax=0.030853  Dlo=0.005521  Dhi=0.020948  err=1.000000  inc=0.943129  bucket 5->5  (mf=510)
[MF-SEL] tPrev=(  d=0.017612  dMin=0.000000  dAvg=0.011295  dMax=0.030853  Dlo=0.005648  Dhi=0.021074  err=0.000000  inc=-0.276425  bucket 5->5  (mf=510)
[MF-SEL] tPrev=(  d=0.022022  dMin=0.000000  dAvg=0.011693  dMax=0.030853  Dlo=0.005846  Dhi=0.021273  err=1.000000  inc=0.966397  bucket 5->5  (mf=510)
[MF-SEL] tPrev=(  d=0.017743  dMin=0.000000  dAvg=0.011909  dMax=0.030853  Dlo=0.005954  Dhi=0.021381  err=0.000000  inc=-0.273625  bucket 5->5  (mf=510)
[MF-SEL] tPrev=(  d=0.005034  dMin=0.000000  dAvg=0.011672  dMax=0.030853  Dlo=0.005836  Dhi=0.021263  err=-1.000000  inc=-0.887261  bucket 5->4  (mf=600)
[MF-SEL] tPrev=(  d=0.028835  dMin=0.000000  dAvg=0.012244  dMax=0.030853  Dlo=0.006122  Dhi=0.021549  err=1.000000  inc=1.240848  bucket 4->5  (mf=510)
[MF-SEL] tPrev=(  d=0.006695  dMin=0.000000  dAvg=0.012065  dMax=0.030853  Dlo=0.006032  Dhi=0.021459  err=0.000000  inc=-0.275570  bucket 5->5  (mf=510)
[MF-SEL] tPrev=(  d=0.012096  dMin=0.000000  dAvg=0.012066  dMax=0.030853  Dlo=0.006033  Dhi=0.021460  err=0.000000  inc=0.043116  bucket 5->5  (mf=510)
[MF-SEL] tPrev=(  d=0.035151  dMin=0.000000  dAvg=0.012765  dMax=0.035151  Dlo=0.006383  Dhi=0.023958  err=1.000000  inc=0.948194  bucket 5->5  (mf=510)
[MF-SEL] tPrev=(  d=0.036321  dMin=0.000000  dAvg=0.013458  dMax=0.036321  Dlo=0.006729  Dhi=0.024889  err=1.000000  inc=0.648211  bucket 5->5  (mf=510)
[MF-SEL] tPrev=(  d=0.026385  dMin=0.000000  dAvg=0.013827  dMax=0.036321  Dlo=0.006914  Dhi=0.025074  err=1.000000  inc=0.650814  bucket 5->5  (mf=510)
[MF-SEL] tPrev=(  d=0.029996  dMin=0.000000  dAvg=0.014276  dMax=0.036321  Dlo=0.007138  Dhi=0.025299  err=1.000000  inc=0.653236  bucket 5->5  (mf=510)
[MF-SEL] tPrev=(  d=0.031444  dMin=0.000000  dAvg=0.014740  dMax=0.036321  Dlo=0.007370  Dhi=0.025531  err=1.000000  inc=0.655747  bucket 5->5  (mf=510)
[MF-SEL] tPrev=(  d=0.030519  dMin=0.000000  dAvg=0.015156  dMax=0.036321  Dlo=0.007578  Dhi=0.025738  err=1.000000  inc=0.658223  bucket 5->5  (mf=510)
[MF-SEL] tPrev=(  d=0.024258  dMin=0.000000  dAvg=0.015389  dMax=0.036321  Dlo=0.007695  Dhi=0.025855  err=0.000000  inc=-0.266492  bucket 5->5  (mf=510)
[MF-SEL] tPrev=(  d=0.022122  dMin=0.000000  dAvg=0.015557  dMax=0.036321  Dlo=0.007779  Dhi=0.025939  err=0.000000  inc=0.058223  bucket 5->5  (mf=510)
[MF-SEL] tPrev=(  d=0.016219  dMin=0.000000  dAvg=0.015574  dMax=0.036321  Dlo=0.007787  Dhi=0.025947  err=0.000000  inc=0.058223  bucket 5->5  (mf=510)
[MF-SEL] tPrev=(  d=0.011680  dMin=0.000000  dAvg=0.015481  dMax=0.036321  Dlo=0.007740  Dhi=0.025901  err=0.000000  inc=0.058223  bucket 5->5  (mf=510)
[MF-SEL] tPrev=(  d=0.007658  dMin=0.000000  dAvg=0.015299  dMax=0.036321  Dlo=0.007649  Dhi=0.025810  err=0.000000  inc=0.058223  bucket 5->5  (mf=510)
[MF-SEL] tPrev=(  d=0.002091  dMin=0.000000  dAvg=0.014999  dMax=0.036321  Dlo=0.007499  Dhi=0.025660  err=-1.000000  inc=-0.875927  bucket 5->4  (mf=600)
[MF-SEL] tPrev=(  d=0.006913  dMin=0.000000  dAvg=0.014819  dMax=0.036321  Dlo=0.007410  Dhi=0.025570  err=-1.000000  inc=-0.546939  bucket 4->3  (mf=700)
[MF-SEL] tPrev=(  d=0.012059  dMin=0.000000  dAvg=0.014759  dMax=0.036321  Dlo=0.007380  Dhi=0.025540  err=0.000000  inc=0.364485  bucket 3->3  (mf=700)
[MF-SEL] tPrev=(  d=0.019044  dMin=0.000000  dAvg=0.014850  dMax=0.036321  Dlo=0.007425  Dhi=0.025586  err=0.000000  inc=0.053061  bucket 3->3  (mf=700)
[MF-SEL] tPrev=(  d=0.024391  dMin=0.000000  dAvg=0.015049  dMax=0.036321  Dlo=0.007524  Dhi=0.025685  err=0.000000  inc=0.053061  bucket 3->3  (mf=700)
[MF-SEL] tPrev=(  d=0.028985  dMin=0.000000  dAvg=0.015333  dMax=0.036321  Dlo=0.007667  Dhi=0.025827  err=1.000000  inc=0.971719  bucket 3->4  (mf=600)
[MF-SEL] tPrev=(  d=0.028728  dMin=0.000000  dAvg=0.015601  dMax=0.036321  Dlo=0.007801  Dhi=0.025961  err=1.000000  inc=0.658085  bucket 4->5  (mf=510)
[MF-SEL] tPrev=(  d=0.032895  dMin=0.000000  dAvg=0.015940  dMax=0.036321  Dlo=0.007970  Dhi=0.026131  err=1.000000  inc=0.660551  bucket 5->5  (mf=510)
[MF-SEL] tPrev=(  d=0.031696  dMin=0.000000  dAvg=0.016243  dMax=0.036321  Dlo=0.008122  Dhi=0.026282  err=1.000000  inc=0.663088  bucket 5->5  (mf=510)
[MF-SEL] tPrev=(  d=0.028892  dMin=0.000000  dAvg=0.016482  dMax=0.036321  Dlo=0.008241  Dhi=0.026401  err=1.000000  inc=0.665543  bucket 5->5  (mf=510)
[MF-SEL] tPrev=(  d=0.034071  dMin=0.000000  dAvg=0.016808  dMax=0.036321  Dlo=0.008404  Dhi=0.026564  err=1.000000  inc=0.668077  bucket 5->5  (mf=510)
[MF-SEL] tPrev=(  d=0.506938  dMin=0.000000  dAvg=0.025719  dMax=0.506938  Dlo=0.012860  Dhi=0.266329  err=1.000000  inc=0.670646  bucket 5->5  (mf=510)
[MF-SEL] tPrev=(  d=0.654158  dMin=0.000000  dAvg=0.036941  dMax=0.654158  Dlo=0.018471  Dhi=0.345550  err=1.000000  inc=0.673224  bucket 5->5  (mf=510)
[MF-SEL] tPrev=(  d=0.014880  dMin=0.000000  dAvg=0.036554  dMax=0.654158  Dlo=0.018277  Dhi=0.345356  err=-1.000000  inc=-1.217794  bucket 5->4  (mf=600)
[MF-SEL] tPrev=(  d=0.008570  dMin=0.000000  dAvg=0.036072  dMax=0.654158  Dlo=0.018036  Dhi=0.345115  err=-1.000000  inc=-0.531798  bucket 4->3  (mf=700)
[MF-SEL] tPrev=(  d=0.002262  dMin=0.000000  dAvg=0.035499  dMax=0.654158  Dlo=0.017749  Dhi=0.344828  err=-1.000000  inc=-0.534661  bucket 3->2  (mf=800)
[MF-SEL] tPrev=(  d=0.009273  dMin=0.000000  dAvg=0.035062  dMax=0.654158  Dlo=0.017531  Dhi=0.344610  err=-1.000000  inc=-0.537177  bucket 2->1  (mf=900)
[MF-SEL] tPrev=(  d=0.016584  dMin=0.000000  dAvg=0.034759  dMax=0.654158  Dlo=0.017379  Dhi=0.344458  err=-1.000000  inc=-0.539863  bucket 1->0  (mf=1000)
Dropping frame 1403636861.701667
[MF-SEL] tPrev=(  d=0.047559  dMin=0.000000  dAvg=0.034965  dMax=0.654158  Dlo=0.017483  Dhi=0.344562  err=0.000000  inc=0.221292  bucket 0->0  (mf=1000)
[MF-SEL] tPrev=(  d=0.027612  dMin=0.000000  dAvg=0.034848  dMax=0.654158  Dlo=0.017424  Dhi=0.344503  err=0.000000  inc=0.060137  bucket 0->0  (mf=1000)
[MF-SEL] tPrev=(  d=0.028108  dMin=0.000000  dAvg=0.034743  dMax=0.654158  Dlo=0.017372  Dhi=0.344451  err=0.000000  inc=0.060137  bucket 0->0  (mf=1000)
Dropping frame 1403636861.901667
[MF-SEL] tPrev=(  d=0.058151  dMin=0.000000  dAvg=0.035103  dMax=0.654158  Dlo=0.017552  Dhi=0.344631  err=0.000000  inc=0.060137  bucket 0->0  (mf=1000)
[MF-SEL] tPrev=(  d=0.029053  dMin=0.000000  dAvg=0.035012  dMax=0.654158  Dlo=0.017506  Dhi=0.344585  err=0.000000  inc=0.060137  bucket 0->0  (mf=1000)
[MF-SEL] tPrev=(  d=0.027011  dMin=0.000000  dAvg=0.034892  dMax=0.654158  Dlo=0.017446  Dhi=0.344525  err=0.000000  inc=0.060137  bucket 0->0  (mf=1000)
[MF-SEL] tPrev=(  d=0.024870  dMin=0.000000  dAvg=0.034745  dMax=0.654158  Dlo=0.017372  Dhi=0.344452  err=0.000000  inc=0.060137  bucket 0->0  (mf=1000)
[MF-SEL] tPrev=(  d=0.021031  dMin=0.000000  dAvg=0.034546  dMax=0.654158  Dlo=0.017273  Dhi=0.344352  err=0.000000  inc=0.060137  bucket 0->0  (mf=1000)
[MF-SEL] tPrev=(  d=0.016881  dMin=0.000000  dAvg=0.034294  dMax=0.654158  Dlo=0.017147  Dhi=0.344226  err=-1.000000  inc=-0.865121  bucket 0->0  (mf=1000)
Dropping frame 1403636862.251667
[MF-SEL] tPrev=(  d=0.011720  dMin=0.000000  dAvg=0.033976  dMax=0.654158  Dlo=0.016988  Dhi=0.344067  err=-1.000000  inc=-0.547296  bucket 0->0  (mf=1000)
[MF-SEL] tPrev=(  d=0.005340  dMin=0.000000  dAvg=0.033578  dMax=0.654158  Dlo=0.016789  Dhi=0.343868  err=-1.000000  inc=-0.549902  bucket 0->0  (mf=1000)
[MF-SEL] tPrev=(  d=0.014986  dMin=0.000000  dAvg=0.033323  dMax=0.654158  Dlo=0.016662  Dhi=0.343741  err=-1.000000  inc=-0.552360  bucket 0->0  (mf=1000)
[MF-SEL] tPrev=(  d=0.021050  dMin=0.000000  dAvg=0.033157  dMax=0.654158  Dlo=0.016579  Dhi=0.343658  err=0.000000  inc=0.396581  bucket 0->0  (mf=1000)
[MF-SEL] tPrev=(  d=0.024117  dMin=0.000000  dAvg=0.033037  dMax=0.654158  Dlo=0.016518  Dhi=0.343598  err=0.000000  inc=0.047640  bucket 0->0  (mf=1000)
[MF-SEL] tPrev=(  d=0.029264  dMin=0.000000  dAvg=0.032987  dMax=0.654158  Dlo=0.016494  Dhi=0.343573  err=0.000000  inc=0.047640  bucket 0->0  (mf=1000)
[MF-SEL] tPrev=(  d=0.031496  dMin=0.000000  dAvg=0.032968  dMax=0.654158  Dlo=0.016484  Dhi=0.343563  err=0.000000  inc=0.047640  bucket 0->0  (mf=1000)
[MF-SEL] tPrev=(  d=0.033019  dMin=0.000000  dAvg=0.032969  dMax=0.654158  Dlo=0.016484  Dhi=0.343563  err=0.000000  inc=0.047640  bucket 0->0  (mf=1000)
[MF-SEL] tPrev=(  d=0.034139  dMin=0.000000  dAvg=0.032983  dMax=0.654158  Dlo=0.016492  Dhi=0.343571  err=0.000000  inc=0.047640  bucket 0->0  (mf=1000)
[MF-SEL] tPrev=(  d=0.034452  dMin=0.000000  dAvg=0.033002  dMax=0.654158  Dlo=0.016501  Dhi=0.343580  err=0.000000  inc=0.047640  bucket 0->0  (mf=1000)
[MF-SEL] tPrev=(  d=0.035347  dMin=0.000000  dAvg=0.033031  dMax=0.654158  Dlo=0.016515  Dhi=0.343594  err=0.000000  inc=0.047640  bucket 0->0  (mf=1000)
[MF-SEL] tPrev=(  d=0.033715  dMin=0.000000  dAvg=0.033039  dMax=0.654158  Dlo=0.016520  Dhi=0.343599  err=0.000000  inc=0.047640  bucket 0->0  (mf=1000)
[MF-SEL] tPrev=(  d=0.031192  dMin=0.000000  dAvg=0.033017  dMax=0.654158  Dlo=0.016508  Dhi=0.343588  err=0.000000  inc=0.047640  bucket 0->0  (mf=1000)
[MF-SEL] tPrev=(  d=0.026350  dMin=0.000000  dAvg=0.032937  dMax=0.654158  Dlo=0.016469  Dhi=0.343548  err=0.000000  inc=0.047640  bucket 0->0  (mf=1000)
Dropping frame 1403636863.001667
[MF-SEL] tPrev=(  d=0.026038  dMin=0.000000  dAvg=0.032856  dMax=0.654158  Dlo=0.016428  Dhi=0.343507  err=0.000000  inc=0.047640  bucket 0->0  (mf=1000)
[MF-SEL] tPrev=(  d=0.001649  dMin=0.000000  dAvg=0.032493  dMax=0.654158  Dlo=0.016247  Dhi=0.343326  err=-1.000000  inc=-0.868125  bucket 0->0  (mf=1000)
[MF-SEL] tPrev=(  d=0.009648  dMin=0.000000  dAvg=0.032231  dMax=0.654158  Dlo=0.016115  Dhi=0.343195  err=-1.000000  inc=-0.557304  bucket 0->0  (mf=1000)
[MF-SEL] tPrev=(  d=0.017538  dMin=0.000000  dAvg=0.032064  dMax=0.654158  Dlo=0.016032  Dhi=0.343111  err=0.000000  inc=0.381008  bucket 0->0  (mf=1000)
Dropping frame 1403636863.251667
[MF-SEL] tPrev=(  d=0.051254  dMin=0.000000  dAvg=0.032279  dMax=0.654158  Dlo=0.016140  Dhi=0.343219  err=0.000000  inc=0.042696  bucket 0->0  (mf=1000)
[MF-SEL] tPrev=(  d=0.031222  dMin=0.000000  dAvg=0.032268  dMax=0.654158  Dlo=0.016134  Dhi=0.343213  err=0.000000  inc=0.042696  bucket 0->0  (mf=1000)
[MF-SEL] tPrev=(  d=0.032501  dMin=0.000000  dAvg=0.032270  dMax=0.654158  Dlo=0.016135  Dhi=0.343214  err=0.000000  inc=0.042696  bucket 0->0  (mf=1000)
[MF-SEL] tPrev=(  d=0.033330  dMin=0.000000  dAvg=0.032282  dMax=0.654158  Dlo=0.016141  Dhi=0.343220  err=0.000000  inc=0.042696  bucket 0->0  (mf=1000)
[MF-SEL] tPrev=(  d=0.033075  dMin=0.000000  dAvg=0.032290  dMax=0.654158  Dlo=0.016145  Dhi=0.343224  err=0.000000  inc=0.042696  bucket 0->0  (mf=1000)
[MF-SEL] tPrev=(  d=0.033480  dMin=0.000000  dAvg=0.032303  dMax=0.654158  Dlo=0.016151  Dhi=0.343231  err=0.000000  inc=0.042696  bucket 0->0  (mf=1000)
Dropping frame 1403636863.601666
[MF-SEL] tPrev=(  d=0.066044  dMin=0.000000  dAvg=0.032658  dMax=0.654158  Dlo=0.016329  Dhi=0.343408  err=0.000000  inc=0.042696  bucket 0->0  (mf=1000)
Dropping frame 1403636863.701667
[MF-SEL] tPrev=(  d=0.049190  dMin=0.000000  dAvg=0.032830  dMax=0.654158  Dlo=0.016415  Dhi=0.343494  err=0.000000  inc=0.042696  bucket 0->0  (mf=1000)
[MF-SEL] tPrev=(  d=0.014503  dMin=0.000000  dAvg=0.032641  dMax=0.654158  Dlo=0.016321  Dhi=0.343400  err=-1.000000  inc=-0.877738  bucket 0->0  (mf=1000)
[MF-SEL] tPrev=(  d=0.006908  dMin=0.000000  dAvg=0.032379  dMax=0.654158  Dlo=0.016189  Dhi=0.343269  err=-1.000000  inc=-0.561991  bucket 0->0  (mf=1000)
[MF-SEL] tPrev=(  d=0.003807  dMin=0.000000  dAvg=0.032090  dMax=0.654158  Dlo=0.016045  Dhi=0.343124  err=-1.000000  inc=-0.564339  bucket 0->0  (mf=1000)
Dropping frame 1403636863.951666
[MF-SEL] tPrev=(  d=0.032381  dMin=0.000000  dAvg=0.032093  dMax=0.654158  Dlo=0.016047  Dhi=0.343126  err=0.000000  inc=0.186861  bucket 0->0  (mf=1000)
Dropping frame 1403636864.051666
[MF-SEL] tPrev=(  d=0.058134  dMin=0.000000  dAvg=0.032351  dMax=0.654158  Dlo=0.016175  Dhi=0.343255  err=0.000000  inc=0.035661  bucket 0->0  (mf=1000)
[MF-SEL] tPrev=(  d=0.035154  dMin=0.000000  dAvg=0.032378  dMax=0.654158  Dlo=0.016189  Dhi=0.343268  err=0.000000  inc=0.035661  bucket 0->0  (mf=1000)
[MF-SEL] tPrev=(  d=0.036771  dMin=0.000000  dAvg=0.032421  dMax=0.654158  Dlo=0.016211  Dhi=0.343290  err=0.000000  inc=0.035661  bucket 0->0  (mf=1000)
[MF-SEL] tPrev=(  d=0.035620  dMin=0.000000  dAvg=0.032452  dMax=0.654158  Dlo=0.016226  Dhi=0.343305  err=0.000000  inc=0.035661  bucket 0->0  (mf=1000)
[MF-SEL] tPrev=(  d=0.034357  dMin=0.000000  dAvg=0.032470  dMax=0.654158  Dlo=0.016235  Dhi=0.343314  err=0.000000  inc=0.035661  bucket 0->0  (mf=1000)
[MF-SEL] tPrev=(  d=0.032062  dMin=0.000000  dAvg=0.032466  dMax=0.654158  Dlo=0.016233  Dhi=0.343312  err=0.000000  inc=0.035661  bucket 0->0  (mf=1000)
[MF-SEL] tPrev=(  d=0.029830  dMin=0.000000  dAvg=0.032441  dMax=0.654158  Dlo=0.016221  Dhi=0.343300  err=0.000000  inc=0.035661  bucket 0->0  (mf=1000)
start VIBA 1
[MF-SEL] tPrev=(  d=0.027777  dMin=0.000000  dAvg=0.032398  dMax=0.654158  Dlo=0.016199  Dhi=0.343278  err=0.000000  inc=0.035661  bucket 0->0  (mf=1000)
end VIBA 1
[MF-SEL] tPrev=(  d=0.024584  dMin=0.000000  dAvg=0.032327  dMax=0.654158  Dlo=0.016163  Dhi=0.343242  err=0.000000  inc=0.035661  bucket 0->0  (mf=1000)
[MF-SEL] tPrev=(  d=0.018802  dMin=0.000000  dAvg=0.032204  dMax=0.654158  Dlo=0.016102  Dhi=0.343181  err=0.000000  inc=0.035661  bucket 0->0  (mf=1000)
[MF-SEL] tPrev=(  d=0.011116  dMin=0.000000  dAvg=0.032014  dMax=0.654158  Dlo=0.016007  Dhi=0.343086  err=-1.000000  inc=-0.925516  bucket 0->0  (mf=1000)
[MF-SEL] tPrev=(  d=0.002615  dMin=0.000000  dAvg=0.031751  dMax=0.654158  Dlo=0.015876  Dhi=0.342955  err=-1.000000  inc=-0.568876  bucket 0->0  (mf=1000)
[MF-SEL] tPrev=(  d=0.008699  dMin=0.000000  dAvg=0.031547  dMax=0.654158  Dlo=0.015774  Dhi=0.342853  err=-1.000000  inc=-0.571465  bucket 0->0  (mf=1000)
[MF-SEL] tPrev=(  d=0.015111  dMin=0.000000  dAvg=0.031403  dMax=0.654158  Dlo=0.015702  Dhi=0.342781  err=-1.000000  inc=-0.573968  bucket 0->0  (mf=1000)
[MF-SEL] tPrev=(  d=0.021508  dMin=0.000000  dAvg=0.031317  dMax=0.654158  Dlo=0.015658  Dhi=0.342738  err=0.000000  inc=0.346648  bucket 0->0  (mf=1000)
[MF-SEL] tPrev=(  d=0.026130  dMin=0.000000  dAvg=0.031272  dMax=0.654158  Dlo=0.015636  Dhi=0.342715  err=0.000000  inc=0.026032  bucket 0->0  (mf=1000)
Dropping frame 1403636864.901667
[MF-SEL] tPrev=(  d=0.057770  dMin=0.000000  dAvg=0.031499  dMax=0.654158  Dlo=0.015749  Dhi=0.342828  err=0.000000  inc=0.026032  bucket 0->0  (mf=1000)
[MF-SEL] tPrev=(  d=0.030961  dMin=0.000000  dAvg=0.031494  dMax=0.654158  Dlo=0.015747  Dhi=0.342826  err=0.000000  inc=0.026032  bucket 0->0  (mf=1000)
[MF-SEL] tPrev=(  d=0.031176  dMin=0.000000  dAvg=0.031492  dMax=0.654158  Dlo=0.015746  Dhi=0.342825  err=0.000000  inc=0.026032  bucket 0->0  (mf=1000)
[MF-SEL] tPrev=(  d=0.030124  dMin=0.000000  dAvg=0.031480  dMax=0.654158  Dlo=0.015740  Dhi=0.342819  err=0.000000  inc=0.026032  bucket 0->0  (mf=1000)
[MF-SEL] tPrev=(  d=0.028227  dMin=0.000000  dAvg=0.031453  dMax=0.654158  Dlo=0.015727  Dhi=0.342806  err=0.000000  inc=0.026032  bucket 0->0  (mf=1000)
[MF-SEL] tPrev=(  d=0.024293  dMin=0.000000  dAvg=0.031395  dMax=0.654158  Dlo=0.015697  Dhi=0.342776  err=0.000000  inc=0.026032  bucket 0->0  (mf=1000)
[MF-SEL] tPrev=(  d=0.021907  dMin=0.000000  dAvg=0.031317  dMax=0.654158  Dlo=0.015659  Dhi=0.342738  err=0.000000  inc=0.026032  bucket 0->0  (mf=1000)
[MF-SEL] tPrev=(  d=0.018747  dMin=0.000000  dAvg=0.031216  dMax=0.654158  Dlo=0.015608  Dhi=0.342687  err=0.000000  inc=0.026032  bucket 0->0  (mf=1000)
Dropping frame 1403636865.351666
[MF-SEL] tPrev=(  d=0.027995  dMin=0.000000  dAvg=0.031190  dMax=0.654158  Dlo=0.015595  Dhi=0.342674  err=0.000000  inc=0.026032  bucket 0->0  (mf=1000)
[MF-SEL] tPrev=(  d=0.006391  dMin=0.000000  dAvg=0.030993  dMax=0.654158  Dlo=0.015497  Dhi=0.342576  err=-1.000000  inc=-0.931293  bucket 0->0  (mf=1000)
[MF-SEL] tPrev=(  d=0.000773  dMin=0.000000  dAvg=0.030755  dMax=0.654158  Dlo=0.015378  Dhi=0.342457  err=-1.000000  inc=-0.578742  bucket 0->0  (mf=1000)
[MF-SEL] tPrev=(  d=0.007408  dMin=0.000000  dAvg=0.030573  dMax=0.654158  Dlo=0.015287  Dhi=0.342366  err=-1.000000  inc=-0.581195  bucket 0->0  (mf=1000)
Dropping frame 1403636865.601666
[MF-SEL] tPrev=(  d=0.035716  dMin=0.000000  dAvg=0.030613  dMax=0.654158  Dlo=0.015306  Dhi=0.342386  err=0.000000  inc=0.177204  bucket 0->0  (mf=1000)
[MF-SEL] tPrev=(  d=0.026075  dMin=0.000000  dAvg=0.030578  dMax=0.654158  Dlo=0.015289  Dhi=0.342368  err=0.000000  inc=0.018805  bucket 0->0  (mf=1000)
[MF-SEL] tPrev=(  d=0.029407  dMin=0.000000  dAvg=0.030569  dMax=0.654158  Dlo=0.015285  Dhi=0.342364  err=0.000000  inc=0.018805  bucket 0->0  (mf=1000)
Dropping frame 1403636865.801666
[MF-SEL] tPrev=(  d=0.065871  dMin=0.000000  dAvg=0.030837  dMax=0.654158  Dlo=0.015418  Dhi=0.342497  err=0.000000  inc=0.018805  bucket 0->0  (mf=1000)
Dropping frame 1403636865.901667
[MF-SEL] tPrev=(  d=0.070408  dMin=0.000000  dAvg=0.031134  dMax=0.654158  Dlo=0.015567  Dhi=0.342646  err=0.000000  inc=0.018805  bucket 0->0  (mf=1000)
Dropping frame 1403636866.001667
[MF-SEL] tPrev=(  d=0.067703  dMin=0.000000  dAvg=0.031407  dMax=0.654158  Dlo=0.015703  Dhi=0.342783  err=0.000000  inc=0.018805  bucket 0->0  (mf=1000)
Dropping frame 1403636866.101666
[MF-SEL] tPrev=(  d=0.054047  dMin=0.000000  dAvg=0.031575  dMax=0.654158  Dlo=0.015787  Dhi=0.342866  err=0.000000  inc=0.018805  bucket 0->0  (mf=1000)
[MF-SEL] tPrev=(  d=0.018353  dMin=0.000000  dAvg=0.031477  dMax=0.654158  Dlo=0.015739  Dhi=0.342818  err=0.000000  inc=0.018805  bucket 0->0  (mf=1000)
[MF-SEL] tPrev=(  d=0.010402  dMin=0.000000  dAvg=0.031324  dMax=0.654158  Dlo=0.015662  Dhi=0.342741  err=-1.000000  inc=-0.930529  bucket 0->0  (mf=1000)
Dropping frame 1403636866.301666
[MF-SEL] tPrev=(  d=0.005812  dMin=0.000000  dAvg=0.031139  dMax=0.654158  Dlo=0.015569  Dhi=0.342648  err=-1.000000  inc=-0.588266  bucket 0->0  (mf=1000)
[MF-SEL] tPrev=(  d=0.013835  dMin=0.000000  dAvg=0.031014  dMax=0.654158  Dlo=0.015507  Dhi=0.342586  err=-1.000000  inc=-0.590888  bucket 0->0  (mf=1000)
Dropping frame 1403636866.451666
[MF-SEL] tPrev=(  d=0.047467  dMin=0.000000  dAvg=0.031132  dMax=0.654158  Dlo=0.015566  Dhi=0.342645  err=0.000000  inc=0.175772  bucket 0->0  (mf=1000)
[MF-SEL] tPrev=(  d=0.028410  dMin=0.000000  dAvg=0.031112  dMax=0.654158  Dlo=0.015556  Dhi=0.342635  err=0.000000  inc=0.009112  bucket 0->0  (mf=1000)
[MF-SEL] tPrev=(  d=0.028968  dMin=0.000000  dAvg=0.031097  dMax=0.654158  Dlo=0.015549  Dhi=0.342628  err=0.000000  inc=0.009112  bucket 0->0  (mf=1000)
[MF-SEL] tPrev=(  d=0.027517  dMin=0.000000  dAvg=0.031072  dMax=0.654158  Dlo=0.015536  Dhi=0.342615  err=0.000000  inc=0.009112  bucket 0->0  (mf=1000)
Dropping frame 1403636866.701667
[MF-SEL] tPrev=(  d=0.046947  dMin=0.000000  dAvg=0.031183  dMax=0.654158  Dlo=0.015591  Dhi=0.342670  err=0.000000  inc=0.009112  bucket 0->0  (mf=1000)
[MF-SEL] tPrev=(  d=0.019382  dMin=0.000000  dAvg=0.031101  dMax=0.654158  Dlo=0.015551  Dhi=0.342630  err=0.000000  inc=0.009112  bucket 0->0  (mf=1000)
[MF-SEL] tPrev=(  d=0.017756  dMin=0.000000  dAvg=0.031010  dMax=0.654158  Dlo=0.015505  Dhi=0.342584  err=0.000000  inc=0.009112  bucket 0->0  (mf=1000)
[MF-SEL] tPrev=(  d=0.018277  dMin=0.000000  dAvg=0.030923  dMax=0.654158  Dlo=0.015462  Dhi=0.342541  err=0.000000  inc=0.009112  bucket 0->0  (mf=1000)
[MF-SEL] tPrev=(  d=0.014420  dMin=0.000000  dAvg=0.030812  dMax=0.654158  Dlo=0.015406  Dhi=0.342485  err=-1.000000  inc=-0.887881  bucket 0->0  (mf=1000)
[MF-SEL] tPrev=(  d=0.011517  dMin=0.000000  dAvg=0.030682  dMax=0.654158  Dlo=0.015341  Dhi=0.342420  err=-1.000000  inc=-0.595888  bucket 0->0  (mf=1000)
[MF-SEL] tPrev=(  d=0.009446  dMin=0.000000  dAvg=0.030541  dMax=0.654158  Dlo=0.015270  Dhi=0.342349  err=-1.000000  inc=-0.598349  bucket 0->0  (mf=1000)
[MF-SEL] tPrev=(  d=0.007370  dMin=0.000000  dAvg=0.030387  dMax=0.654158  Dlo=0.015194  Dhi=0.342273  err=-1.000000  inc=-0.600876  bucket 0->0  (mf=1000)
[MF-SEL] tPrev=(  d=0.005745  dMin=0.000000  dAvg=0.030225  dMax=0.654158  Dlo=0.015113  Dhi=0.342192  err=-1.000000  inc=-0.602827  bucket 0->0  (mf=1000)
[MF-SEL] tPrev=(  d=0.005638  dMin=0.000000  dAvg=0.030064  dMax=0.654158  Dlo=0.015032  Dhi=0.342111  err=-1.000000  inc=-0.605175  bucket 0->0  (mf=1000)
Dropping frame 1403636867.251667
[MF-SEL] tPrev=(  d=0.011980  dMin=0.000000  dAvg=0.029947  dMax=0.654158  Dlo=0.014973  Dhi=0.342053  err=-1.000000  inc=-0.609625  bucket 0->0  (mf=1000)
[MF-SEL] tPrev=(  d=0.005797  dMin=0.000000  dAvg=0.029791  dMax=0.654158  Dlo=0.014896  Dhi=0.341975  err=-1.000000  inc=-0.612169  bucket 0->0  (mf=1000)
[MF-SEL] tPrev=(  d=0.004246  dMin=0.000000  dAvg=0.029627  dMax=0.654158  Dlo=0.014814  Dhi=0.341893  err=-1.000000  inc=-0.614713  bucket 0->0  (mf=1000)
[MF-SEL] tPrev=(  d=0.005035  dMin=0.000000  dAvg=0.029471  dMax=0.654158  Dlo=0.014735  Dhi=0.341814  err=-1.000000  inc=-0.617103  bucket 0->0  (mf=1000)
[MF-SEL] tPrev=(  d=0.004762  dMin=0.000000  dAvg=0.029314  dMax=0.654158  Dlo=0.014657  Dhi=0.341736  err=-1.000000  inc=-0.619398  bucket 0->0  (mf=1000)
Dropping frame 1403636867.551666
[MF-SEL] tPrev=(  d=0.011055  dMin=0.000000  dAvg=0.029199  dMax=0.654158  Dlo=0.014600  Dhi=0.341679  err=-1.000000  inc=-0.624460  bucket 0->0  (mf=1000)
[MF-SEL] tPrev=(  d=0.006615  dMin=0.000000  dAvg=0.029058  dMax=0.654158  Dlo=0.014529  Dhi=0.341608  err=-1.000000  inc=-0.626784  bucket 0->0  (mf=1000)
[MF-SEL] tPrev=(  d=0.007277  dMin=0.000000  dAvg=0.028923  dMax=0.654158  Dlo=0.014462  Dhi=0.341541  err=-1.000000  inc=-0.628738  bucket 0->0  (mf=1000)
Dropping frame 1403636867.751667
[MF-SEL] tPrev=(  d=0.015496  dMin=0.000000  dAvg=0.028840  dMax=0.654158  Dlo=0.014420  Dhi=0.341499  err=0.000000  inc=0.135539  bucket 0->0  (mf=1000)
[MF-SEL] tPrev=(  d=0.002849  dMin=0.000000  dAvg=0.028681  dMax=0.654158  Dlo=0.014340  Dhi=0.341419  err=-1.000000  inc=-0.932479  bucket 0->0  (mf=1000)
[MF-SEL] tPrev=(  d=0.003230  dMin=0.000000  dAvg=0.028526  dMax=0.654158  Dlo=0.014263  Dhi=0.341342  err=-1.000000  inc=-0.633839  bucket 0->0  (mf=1000)
Dropping frame 1403636867.951666
[MF-SEL] tPrev=(  d=0.005983  dMin=0.000000  dAvg=0.028389  dMax=0.654158  Dlo=0.014194  Dhi=0.341274  err=-1.000000  inc=-0.638761  bucket 0->0  (mf=1000)
[MF-SEL] tPrev=(  d=0.002923  dMin=0.000000  dAvg=0.028236  dMax=0.654158  Dlo=0.014118  Dhi=0.341197  err=-1.000000  inc=-0.641607  bucket 0->0  (mf=1000)
[MF-SEL] tPrev=(  d=0.002503  dMin=0.000000  dAvg=0.028081  dMax=0.654158  Dlo=0.014041  Dhi=0.341120  err=-1.000000  inc=-0.643852  bucket 0->0  (mf=1000)
[MF-SEL] tPrev=(  d=0.002142  dMin=0.000000  dAvg=0.027927  dMax=0.654158  Dlo=0.013964  Dhi=0.341043  err=-1.000000  inc=-0.646443  bucket 0->0  (mf=1000)
Dropping frame 1403636868.201667
[MF-SEL] tPrev=(  d=0.005044  dMin=0.000000  dAvg=0.027792  dMax=0.654158  Dlo=0.013896  Dhi=0.340975  err=-1.000000  inc=-0.651128  bucket 0->0  (mf=1000)
[MF-SEL] tPrev=(  d=0.003971  dMin=0.000000  dAvg=0.027651  dMax=0.654158  Dlo=0.013826  Dhi=0.340905  err=-1.000000  inc=-0.653714  bucket 0->0  (mf=1000)
[MF-SEL] tPrev=(  d=0.004308  dMin=0.000000  dAvg=0.027515  dMax=0.654158  Dlo=0.013757  Dhi=0.340837  err=-1.000000  inc=-0.656014  bucket 0->0  (mf=1000)
[MF-SEL] tPrev=(  d=0.004575  dMin=0.000000  dAvg=0.027382  dMax=0.654158  Dlo=0.013691  Dhi=0.340770  err=-1.000000  inc=-0.658428  bucket 0->0  (mf=1000)
Dropping frame 1403636868.451666
[MF-SEL] tPrev=(  d=0.009629  dMin=0.000000  dAvg=0.027279  dMax=0.654158  Dlo=0.013639  Dhi=0.340719  err=-1.000000  inc=-0.663364  bucket 0->0  (mf=1000)
Dropping frame 1403636868.551666
[MF-SEL] tPrev=(  d=0.008470  dMin=0.000000  dAvg=0.027171  dMax=0.654158  Dlo=0.013585  Dhi=0.340665  err=-1.000000  inc=-0.668352  bucket 0->0  (mf=1000)
[MF-SEL] tPrev=(  d=0.005250  dMin=0.000000  dAvg=0.027046  dMax=0.654158  Dlo=0.013523  Dhi=0.340602  err=-1.000000  inc=-0.671018  bucket 0->0  (mf=1000)
[MF-SEL] tPrev=(  d=0.004627  dMin=0.000000  dAvg=0.026918  dMax=0.654158  Dlo=0.013459  Dhi=0.340538  err=-1.000000  inc=-0.673336  bucket 0->0  (mf=1000)
Dropping frame 1403636868.751667
[MF-SEL] tPrev=(  d=0.009543  dMin=0.000000  dAvg=0.026820  dMax=0.654158  Dlo=0.013410  Dhi=0.340489  err=-1.000000  inc=-0.678268  bucket 0->0  (mf=1000)
[MF-SEL] tPrev=(  d=0.003703  dMin=0.000000  dAvg=0.026690  dMax=0.654158  Dlo=0.013345  Dhi=0.340424  err=-1.000000  inc=-0.680837  bucket 0->0  (mf=1000)
Dropping frame 1403636868.901667
[MF-SEL] tPrev=(  d=0.005171  dMin=0.000000  dAvg=0.026570  dMax=0.654158  Dlo=0.013285  Dhi=0.340364  err=-1.000000  inc=-0.685642  bucket 0->0  (mf=1000)
Dropping frame 1403636869.001667
[MF-SEL] tPrev=(  d=0.005124  dMin=0.000000  dAvg=0.026451  dMax=0.654158  Dlo=0.013225  Dhi=0.340305  err=-1.000000  inc=-0.690198  bucket 0->0  (mf=1000)
[MF-SEL] tPrev=(  d=0.002613  dMin=0.000000  dAvg=0.026319  dMax=0.654158  Dlo=0.013160  Dhi=0.340239  err=-1.000000  inc=-0.692745  bucket 0->0  (mf=1000)
[MF-SEL] tPrev=(  d=0.001983  dMin=0.000000  dAvg=0.026185  dMax=0.654158  Dlo=0.013093  Dhi=0.340172  err=-1.000000  inc=-0.695108  bucket 0->0  (mf=1000)
Dropping frame 1403636869.201667
[MF-SEL] tPrev=(  d=0.002350  dMin=0.000000  dAvg=0.026055  dMax=0.654158  Dlo=0.013028  Dhi=0.340107  err=-1.000000  inc=-0.700050  bucket 0->0  (mf=1000)
Dropping frame 1403636869.301666
[MF-SEL] tPrev=(  d=0.001656  dMin=0.000000  dAvg=0.025923  dMax=0.654158  Dlo=0.012961  Dhi=0.340040  err=-1.000000  inc=-0.705169  bucket 0->0  (mf=1000)
Dropping frame 1403636869.401667
[MF-SEL] tPrev=(  d=0.001229  dMin=0.000000  dAvg=0.025789  dMax=0.654158  Dlo=0.012895  Dhi=0.339974  err=-1.000000  inc=-0.710038  bucket 0->0  (mf=1000)
[MF-SEL] tPrev=(  d=0.001850  dMin=0.000000  dAvg=0.025660  dMax=0.654158  Dlo=0.012830  Dhi=0.339909  err=-1.000000  inc=-0.712598  bucket 0->0  (mf=1000)
Dropping frame 1403636869.551666
[MF-SEL] tPrev=(  d=0.008904  dMin=0.000000  dAvg=0.025571  dMax=0.654158  Dlo=0.012785  Dhi=0.339865  err=-1.000000  inc=-0.717616  bucket 0->0  (mf=1000)
[MF-SEL] tPrev=(  d=0.007937  dMin=0.000000  dAvg=0.025477  dMax=0.654158  Dlo=0.012738  Dhi=0.339818  err=-1.000000  inc=-0.720202  bucket 0->0  (mf=1000)
[MF-SEL] tPrev=(  d=0.010653  dMin=0.000000  dAvg=0.025399  dMax=0.654158  Dlo=0.012699  Dhi=0.339778  err=-1.000000  inc=-0.722599  bucket 0->0  (mf=1000)
Dropping frame 1403636869.751667
[MF-SEL] tPrev=(  d=0.028012  dMin=0.000000  dAvg=0.025412  dMax=0.654158  Dlo=0.012706  Dhi=0.339785  err=0.000000  inc=0.053475  bucket 0->0  (mf=1000)
[MF-SEL] tPrev=(  d=0.017393  dMin=0.000000  dAvg=0.025370  dMax=0.654158  Dlo=0.012685  Dhi=0.339764  err=0.000000  inc=-0.122599  bucket 0->0  (mf=1000)
[MF-SEL] tPrev=(  d=0.019718  dMin=0.000000  dAvg=0.025341  dMax=0.654158  Dlo=0.012670  Dhi=0.339750  err=0.000000  inc=-0.122599  bucket 0->0  (mf=1000)
[MF-SEL] tPrev=(  d=0.021080  dMin=0.000000  dAvg=0.025319  dMax=0.654158  Dlo=0.012659  Dhi=0.339739  err=0.000000  inc=-0.122599  bucket 0->0  (mf=1000)
[MF-SEL] tPrev=(  d=0.021918  dMin=0.000000  dAvg=0.025301  dMax=0.654158  Dlo=0.012651  Dhi=0.339730  err=0.000000  inc=-0.122599  bucket 0->0  (mf=1000)
[MF-SEL] tPrev=(  d=0.023856  dMin=0.000000  dAvg=0.025294  dMax=0.654158  Dlo=0.012647  Dhi=0.339726  err=0.000000  inc=-0.122599  bucket 0->0  (mf=1000)
[MF-SEL] tPrev=(  d=0.024999  dMin=0.000000  dAvg=0.025292  dMax=0.654158  Dlo=0.012646  Dhi=0.339725  err=0.000000  inc=-0.122599  bucket 0->0  (mf=1000)
Dropping frame 1403636870.151666
[MF-SEL] tPrev=(  d=0.052369  dMin=0.000000  dAvg=0.025430  dMax=0.654158  Dlo=0.012715  Dhi=0.339794  err=0.000000  inc=-0.122599  bucket 0->0  (mf=1000)
Dropping frame 1403636870.251667
[MF-SEL] tPrev=(  d=0.052168  dMin=0.000000  dAvg=0.025565  dMax=0.654158  Dlo=0.012782  Dhi=0.339862  err=0.000000  inc=-0.122599  bucket 0->0  (mf=1000)
[MF-SEL] tPrev=(  d=0.026453  dMin=0.000000  dAvg=0.025569  dMax=0.654158  Dlo=0.012785  Dhi=0.339864  err=0.000000  inc=-0.122599  bucket 0->0  (mf=1000)
[MF-SEL] tPrev=(  d=0.025969  dMin=0.000000  dAvg=0.025571  dMax=0.654158  Dlo=0.012786  Dhi=0.339865  err=0.000000  inc=-0.122599  bucket 0->0  (mf=1000)
[MF-SEL] tPrev=(  d=0.024638  dMin=0.000000  dAvg=0.025567  dMax=0.654158  Dlo=0.012783  Dhi=0.339862  err=0.000000  inc=-0.122599  bucket 0->0  (mf=1000)
Dropping frame 1403636870.501667
[MF-SEL] tPrev=(  d=0.040573  dMin=0.000000  dAvg=0.025641  dMax=0.654158  Dlo=0.012820  Dhi=0.339900  err=0.000000  inc=-0.122599  bucket 0->0  (mf=1000)
[MF-SEL] tPrev=(  d=0.018350  dMin=0.000000  dAvg=0.025605  dMax=0.654158  Dlo=0.012803  Dhi=0.339882  err=0.000000  inc=-0.122599  bucket 0->0  (mf=1000)
[MF-SEL] tPrev=(  d=0.016901  dMin=0.000000  dAvg=0.025562  dMax=0.654158  Dlo=0.012781  Dhi=0.339860  err=0.000000  inc=-0.122599  bucket 0->0  (mf=1000)
[MF-SEL] tPrev=(  d=0.015018  dMin=0.000000  dAvg=0.025511  dMax=0.654158  Dlo=0.012755  Dhi=0.339835  err=0.000000  inc=-0.122599  bucket 0->0  (mf=1000)
[MF-SEL] tPrev=(  d=0.011652  dMin=0.000000  dAvg=0.025444  dMax=0.654158  Dlo=0.012722  Dhi=0.339801  err=-1.000000  inc=-1.042855  bucket 0->0  (mf=1000)
[MF-SEL] tPrev=(  d=0.008857  dMin=0.000000  dAvg=0.025364  dMax=0.654158  Dlo=0.012682  Dhi=0.339761  err=-1.000000  inc=-0.727482  bucket 0->0  (mf=1000)
[MF-SEL] tPrev=(  d=0.007442  dMin=0.000000  dAvg=0.025277  dMax=0.654158  Dlo=0.012639  Dhi=0.339718  err=-1.000000  inc=-0.729762  bucket 0->0  (mf=1000)
[MF-SEL] tPrev=(  d=0.004052  dMin=0.000000  dAvg=0.025176  dMax=0.654158  Dlo=0.012588  Dhi=0.339667  err=-1.000000  inc=-0.732034  bucket 0->0  (mf=1000)
[MF-SEL] tPrev=(  d=0.004087  dMin=0.000000  dAvg=0.025075  dMax=0.654158  Dlo=0.012538  Dhi=0.339617  err=-1.000000  inc=-0.734866  bucket 0->0  (mf=1000)
[MF-SEL] tPrev=(  d=0.002530  dMin=0.000000  dAvg=0.024969  dMax=0.654158  Dlo=0.012484  Dhi=0.339563  err=-1.000000  inc=-0.737067  bucket 0->0  (mf=1000)
[MF-SEL] tPrev=(  d=0.002299  dMin=0.000000  dAvg=0.024862  dMax=0.654158  Dlo=0.012431  Dhi=0.339510  err=-1.000000  inc=-0.739479  bucket 0->0  (mf=1000)
Dropping frame 1403636871.101666
[MF-SEL] tPrev=(  d=0.004238  dMin=0.000000  dAvg=0.024765  dMax=0.654158  Dlo=0.012382  Dhi=0.339462  err=-1.000000  inc=-0.744436  bucket 0->0  (mf=1000)
[MF-SEL] tPrev=(  d=0.002992  dMin=0.000000  dAvg=0.024663  dMax=0.654158  Dlo=0.012332  Dhi=0.339411  err=-1.000000  inc=-0.746859  bucket 0->0  (mf=1000)
Dropping frame 1403636871.251667
[MF-SEL] tPrev=(  d=0.012238  dMin=0.000000  dAvg=0.024605  dMax=0.654158  Dlo=0.012303  Dhi=0.339382  err=-1.000000  inc=-0.751770  bucket 0->0  (mf=1000)
[MF-SEL] tPrev=(  d=0.009247  dMin=0.000000  dAvg=0.024534  dMax=0.654158  Dlo=0.012267  Dhi=0.339346  err=-1.000000  inc=-0.753935  bucket 0->0  (mf=1000)
[MF-SEL] tPrev=(  d=0.011283  dMin=0.000000  dAvg=0.024473  dMax=0.654158  Dlo=0.012237  Dhi=0.339316  err=-1.000000  inc=-0.756676  bucket 0->0  (mf=1000)
[MF-SEL] tPrev=(  d=0.014888  dMin=0.000000  dAvg=0.024429  dMax=0.654158  Dlo=0.012215  Dhi=0.339294  err=0.000000  inc=0.210229  bucket 0->0  (mf=1000)
Dropping frame 1403636871.501667
[MF-SEL] tPrev=(  d=0.036922  dMin=0.000000  dAvg=0.024486  dMax=0.654158  Dlo=0.012243  Dhi=0.339322  err=0.000000  inc=-0.156676  bucket 0->0  (mf=1000)
[MF-SEL] tPrev=(  d=0.021535  dMin=0.000000  dAvg=0.024473  dMax=0.654158  Dlo=0.012236  Dhi=0.339315  err=0.000000  inc=-0.156676  bucket 0->0  (mf=1000)
[MF-SEL] tPrev=(  d=0.024096  dMin=0.000000  dAvg=0.024471  dMax=0.654158  Dlo=0.012236  Dhi=0.339315  err=0.000000  inc=-0.156676  bucket 0->0  (mf=1000)
[MF-SEL] tPrev=(  d=0.026121  dMin=0.000000  dAvg=0.024478  dMax=0.654158  Dlo=0.012239  Dhi=0.339318  err=0.000000  inc=-0.156676  bucket 0->0  (mf=1000)
[MF-SEL] tPrev=(  d=0.027077  dMin=0.000000  dAvg=0.024490  dMax=0.654158  Dlo=0.012245  Dhi=0.339324  err=0.000000  inc=-0.156676  bucket 0->0  (mf=1000)
[MF-SEL] tPrev=(  d=0.027569  dMin=0.000000  dAvg=0.024504  dMax=0.654158  Dlo=0.012252  Dhi=0.339331  err=0.000000  inc=-0.156676  bucket 0->0  (mf=1000)
[MF-SEL] tPrev=(  d=0.027576  dMin=0.000000  dAvg=0.024518  dMax=0.654158  Dlo=0.012259  Dhi=0.339338  err=0.000000  inc=-0.156676  bucket 0->0  (mf=1000)
[MF-SEL] tPrev=(  d=0.028596  dMin=0.000000  dAvg=0.024536  dMax=0.654158  Dlo=0.012268  Dhi=0.339347  err=0.000000  inc=-0.156676  bucket 0->0  (mf=1000)
[MF-SEL] tPrev=(  d=0.029265  dMin=0.000000  dAvg=0.024556  dMax=0.654158  Dlo=0.012278  Dhi=0.339357  err=0.000000  inc=-0.156676  bucket 0->0  (mf=1000)
Dropping frame 1403636872.001667
[MF-SEL] tPrev=(  d=0.059956  dMin=0.000000  dAvg=0.024712  dMax=0.654158  Dlo=0.012356  Dhi=0.339435  err=0.000000  inc=-0.156676  bucket 0->0  (mf=1000)
[MF-SEL] tPrev=(  d=0.029200  dMin=0.000000  dAvg=0.024731  dMax=0.654158  Dlo=0.012366  Dhi=0.339445  err=0.000000  inc=-0.156676  bucket 0->0  (mf=1000)
[MF-SEL] tPrev=(  d=0.027092  dMin=0.000000  dAvg=0.024742  dMax=0.654158  Dlo=0.012371  Dhi=0.339450  err=0.000000  inc=-0.156676  bucket 0->0  (mf=1000)
[MF-SEL] tPrev=(  d=0.026019  dMin=0.000000  dAvg=0.024747  dMax=0.654158  Dlo=0.012374  Dhi=0.339453  err=0.000000  inc=-0.156676  bucket 0->0  (mf=1000)
Dropping frame 1403636872.251667
[MF-SEL] tPrev=(  d=0.048937  dMin=0.000000  dAvg=0.024851  dMax=0.654158  Dlo=0.012426  Dhi=0.339505  err=0.000000  inc=-0.156676  bucket 0->0  (mf=1000)
Dropping frame 1403636872.351666
[MF-SEL] tPrev=(  d=0.040399  dMin=0.000000  dAvg=0.024918  dMax=0.654158  Dlo=0.012459  Dhi=0.339538  err=0.000000  inc=-0.156676  bucket 0->0  (mf=1000)
[MF-SEL] tPrev=(  d=0.014521  dMin=0.000000  dAvg=0.024874  dMax=0.654158  Dlo=0.012437  Dhi=0.339516  err=0.000000  inc=-0.156676  bucket 0->0  (mf=1000)
[MF-SEL] tPrev=(  d=0.010282  dMin=0.000000  dAvg=0.024812  dMax=0.654158  Dlo=0.012406  Dhi=0.339485  err=-1.000000  inc=-1.070195  bucket 0->0  (mf=1000)
[MF-SEL] tPrev=(  d=0.008267  dMin=0.000000  dAvg=0.024741  dMax=0.654158  Dlo=0.012371  Dhi=0.339450  err=-1.000000  inc=-0.761489  bucket 0->0  (mf=1000)
[MF-SEL] tPrev=(  d=0.002489  dMin=0.000000  dAvg=0.024648  dMax=0.654158  Dlo=0.012324  Dhi=0.339403  err=-1.000000  inc=-0.764155  bucket 0->0  (mf=1000)
[MF-SEL] tPrev=(  d=0.003667  dMin=0.000000  dAvg=0.024559  dMax=0.654158  Dlo=0.012280  Dhi=0.339359  err=-1.000000  inc=-0.766567  bucket 0->0  (mf=1000)
[MF-SEL] tPrev=(  d=0.003035  dMin=0.000000  dAvg=0.024469  dMax=0.654158  Dlo=0.012235  Dhi=0.339314  err=-1.000000  inc=-0.769370  bucket 0->0  (mf=1000)
Dropping frame 1403636872.751667
[MF-SEL] tPrev=(  d=0.013787  dMin=0.000000  dAvg=0.024425  dMax=0.654158  Dlo=0.012212  Dhi=0.339292  err=0.000000  inc=0.000873  bucket 0->0  (mf=1000)
[MF-SEL] tPrev=(  d=0.011277  dMin=0.000000  dAvg=0.024370  dMax=0.654158  Dlo=0.012185  Dhi=0.339264  err=-1.000000  inc=-1.057932  bucket 0->0  (mf=1000)
[MF-SEL] tPrev=(  d=0.014846  dMin=0.000000  dAvg=0.024331  dMax=0.654158  Dlo=0.012165  Dhi=0.339245  err=0.000000  inc=0.205028  bucket 0->0  (mf=1000)
[MF-SEL] tPrev=(  d=0.018864  dMin=0.000000  dAvg=0.024308  dMax=0.654158  Dlo=0.012154  Dhi=0.339233  err=0.000000  inc=-0.172169  bucket 0->0  (mf=1000)
Dropping frame 1403636873.001667
[MF-SEL] tPrev=(  d=0.045907  dMin=0.000000  dAvg=0.024397  dMax=0.654158  Dlo=0.012198  Dhi=0.339278  err=0.000000  inc=-0.172169  bucket 0->0  (mf=1000)
[MF-SEL] tPrev=(  d=0.025701  dMin=0.000000  dAvg=0.024402  dMax=0.654158  Dlo=0.012201  Dhi=0.339280  err=0.000000  inc=-0.172169  bucket 0->0  (mf=1000)
[MF-SEL] tPrev=(  d=0.027581  dMin=0.000000  dAvg=0.024415  dMax=0.654158  Dlo=0.012208  Dhi=0.339287  err=0.000000  inc=-0.172169  bucket 0->0  (mf=1000)
Dropping frame 1403636873.201667
[MF-SEL] tPrev=(  d=0.058596  dMin=0.000000  dAvg=0.024554  dMax=0.654158  Dlo=0.012277  Dhi=0.339356  err=0.000000  inc=-0.172169  bucket 0->0  (mf=1000)
[MF-SEL] tPrev=(  d=0.030815  dMin=0.000000  dAvg=0.024579  dMax=0.654158  Dlo=0.012289  Dhi=0.339369  err=0.000000  inc=-0.172169  bucket 0->0  (mf=1000)
[MF-SEL] tPrev=(  d=0.031130  dMin=0.000000  dAvg=0.024605  dMax=0.654158  Dlo=0.012303  Dhi=0.339382  err=0.000000  inc=-0.172169  bucket 0->0  (mf=1000)
Dropping frame 1403636873.401667
[MF-SEL] tPrev=(  d=0.060878  dMin=0.000000  dAvg=0.024750  dMax=0.654158  Dlo=0.012375  Dhi=0.339454  err=0.000000  inc=-0.172169  bucket 0->0  (mf=1000)
Dropping frame 1403636873.501667
[MF-SEL] tPrev=(  d=0.057247  dMin=0.000000  dAvg=0.024880  dMax=0.654158  Dlo=0.012440  Dhi=0.339519  err=0.000000  inc=-0.172169  bucket 0->0  (mf=1000)
[MF-SEL] tPrev=(  d=0.025962  dMin=0.000000  dAvg=0.024884  dMax=0.654158  Dlo=0.012442  Dhi=0.339521  err=0.000000  inc=-0.172169  bucket 0->0  (mf=1000)
[MF-SEL] tPrev=(  d=0.023838  dMin=0.000000  dAvg=0.024880  dMax=0.654158  Dlo=0.012440  Dhi=0.339519  err=0.000000  inc=-0.172169  bucket 0->0  (mf=1000)
Dropping frame 1403636873.701667
[MF-SEL] tPrev=(  d=0.038677  dMin=0.000000  dAvg=0.024934  dMax=0.654158  Dlo=0.012467  Dhi=0.339546  err=0.000000  inc=-0.172169  bucket 0->0  (mf=1000)
Dropping frame 1403636873.801666
[MF-SEL] tPrev=(  d=0.025678  dMin=0.000000  dAvg=0.024937  dMax=0.654158  Dlo=0.012469  Dhi=0.339548  err=0.000000  inc=-0.172169  bucket 0->0  (mf=1000)
[MF-SEL] tPrev=(  d=0.008255  dMin=0.000000  dAvg=0.024872  dMax=0.654158  Dlo=0.012436  Dhi=0.339515  err=-1.000000  inc=-1.108218  bucket 0->0  (mf=1000)
[MF-SEL] tPrev=(  d=0.004987  dMin=0.000000  dAvg=0.024795  dMax=0.654158  Dlo=0.012397  Dhi=0.339476  err=-1.000000  inc=-0.777298  bucket 0->0  (mf=1000)
[MF-SEL] tPrev=(  d=0.002278  dMin=0.000000  dAvg=0.024707  dMax=0.654158  Dlo=0.012354  Dhi=0.339433  err=-1.000000  inc=-0.779677  bucket 0->0  (mf=1000)
[MF-SEL] tPrev=(  d=0.001065  dMin=0.000000  dAvg=0.024616  dMax=0.654158  Dlo=0.012308  Dhi=0.339387  err=-1.000000  inc=-0.781987  bucket 0->0  (mf=1000)
[MF-SEL] tPrev=(  d=0.001847  dMin=0.000000  dAvg=0.024528  dMax=0.654158  Dlo=0.012264  Dhi=0.339343  err=-1.000000  inc=-0.784219  bucket 0->0  (mf=1000)
[MF-SEL] tPrev=(  d=0.003741  dMin=0.000000  dAvg=0.024449  dMax=0.654158  Dlo=0.012224  Dhi=0.339304  err=-1.000000  inc=-0.786877  bucket 0->0  (mf=1000)
[MF-SEL] tPrev=(  d=0.005868  dMin=0.000000  dAvg=0.024378  dMax=0.654158  Dlo=0.012189  Dhi=0.339268  err=-1.000000  inc=-0.788989  bucket 0->0  (mf=1000)
[MF-SEL] tPrev=(  d=0.008642  dMin=0.000000  dAvg=0.024318  dMax=0.654158  Dlo=0.012159  Dhi=0.339238  err=-1.000000  inc=-0.791508  bucket 0->0  (mf=1000)
Dropping frame 1403636874.301666
[MF-SEL] tPrev=(  d=0.027260  dMin=0.000000  dAvg=0.024329  dMax=0.654158  Dlo=0.012165  Dhi=0.339244  err=0.000000  inc=-0.026884  bucket 0->0  (mf=1000)
[MF-SEL] tPrev=(  d=0.019001  dMin=0.000000  dAvg=0.024309  dMax=0.654158  Dlo=0.012155  Dhi=0.339234  err=0.000000  inc=-0.191508  bucket 0->0  (mf=1000)
[MF-SEL] tPrev=(  d=0.022230  dMin=0.000000  dAvg=0.024301  dMax=0.654158  Dlo=0.012151  Dhi=0.339230  err=0.000000  inc=-0.191508  bucket 0->0  (mf=1000)
[MF-SEL] tPrev=(  d=0.024013  dMin=0.000000  dAvg=0.024300  dMax=0.654158  Dlo=0.012150  Dhi=0.339229  err=0.000000  inc=-0.191508  bucket 0->0  (mf=1000)
[MF-SEL] tPrev=(  d=0.025251  dMin=0.000000  dAvg=0.024304  dMax=0.654158  Dlo=0.012152  Dhi=0.339231  err=0.000000  inc=-0.191508  bucket 0->0  (mf=1000)
[MF-SEL] tPrev=(  d=0.028083  dMin=0.000000  dAvg=0.024318  dMax=0.654158  Dlo=0.012159  Dhi=0.339238  err=0.000000  inc=-0.191508  bucket 0->0  (mf=1000)
[MF-SEL] tPrev=(  d=0.030118  dMin=0.000000  dAvg=0.024339  dMax=0.654158  Dlo=0.012170  Dhi=0.339249  err=0.000000  inc=-0.191508  bucket 0->0  (mf=1000)
Dropping frame 1403636874.701667
[MF-SEL] tPrev=(  d=0.061907  dMin=0.000000  dAvg=0.024478  dMax=0.654158  Dlo=0.012239  Dhi=0.339318  err=0.000000  inc=-0.191508  bucket 0->0  (mf=1000)
[MF-SEL] tPrev=(  d=0.030109  dMin=0.000000  dAvg=0.024499  dMax=0.654158  Dlo=0.012249  Dhi=0.339328  err=0.000000  inc=-0.191508  bucket 0->0  (mf=1000)
Dropping frame 1403636874.851666
[MF-SEL] tPrev=(  d=0.057508  dMin=0.000000  dAvg=0.024619  dMax=0.654158  Dlo=0.012310  Dhi=0.339389  err=0.000000  inc=-0.191508  bucket 0->0  (mf=1000)
[MF-SEL] tPrev=(  d=0.024345  dMin=0.000000  dAvg=0.024618  dMax=0.654158  Dlo=0.012309  Dhi=0.339388  err=0.000000  inc=-0.191508  bucket 0->0  (mf=1000)
[MF-SEL] tPrev=(  d=0.021381  dMin=0.000000  dAvg=0.024607  dMax=0.654158  Dlo=0.012303  Dhi=0.339382  err=0.000000  inc=-0.191508  bucket 0->0  (mf=1000)
[MF-SEL] tPrev=(  d=0.018867  dMin=0.000000  dAvg=0.024586  dMax=0.654158  Dlo=0.012293  Dhi=0.339372  err=0.000000  inc=-0.191508  bucket 0->0  (mf=1000)
[MF-SEL] tPrev=(  d=0.015885  dMin=0.000000  dAvg=0.024554  dMax=0.654158  Dlo=0.012277  Dhi=0.339356  err=0.000000  inc=-0.191508  bucket 0->0  (mf=1000)
[MF-SEL] tPrev=(  d=0.014351  dMin=0.000000  dAvg=0.024518  dMax=0.654158  Dlo=0.012259  Dhi=0.339338  err=0.000000  inc=-0.191508  bucket 0->0  (mf=1000)
[MF-SEL] tPrev=(  d=0.011581  dMin=0.000000  dAvg=0.024471  dMax=0.654158  Dlo=0.012236  Dhi=0.339315  err=-1.000000  inc=-1.130152  bucket 0->0  (mf=1000)
[MF-SEL] tPrev=(  d=0.011396  dMin=0.000000  dAvg=0.024425  dMax=0.654158  Dlo=0.012212  Dhi=0.339291  err=-1.000000  inc=-0.796543  bucket 0->0  (mf=1000)
[MF-SEL] tPrev=(  d=0.010342  dMin=0.000000  dAvg=0.024375  dMax=0.654158  Dlo=0.012187  Dhi=0.339266  err=-1.000000  inc=-0.798908  bucket 0->0  (mf=1000)
[MF-SEL] tPrev=(  d=0.009874  dMin=0.000000  dAvg=0.024323  dMax=0.654158  Dlo=0.012162  Dhi=0.339241  err=-1.000000  inc=-0.801043  bucket 0->0  (mf=1000)
[MF-SEL] tPrev=(  d=0.010048  dMin=0.000000  dAvg=0.024273  dMax=0.654158  Dlo=0.012136  Dhi=0.339215  err=-1.000000  inc=-0.803620  bucket 0->0  (mf=1000)
[MF-SEL] tPrev=(  d=0.011043  dMin=0.000000  dAvg=0.024226  dMax=0.654158  Dlo=0.012113  Dhi=0.339192  err=-1.000000  inc=-0.806130  bucket 0->0  (mf=1000)
Dropping frame 1403636875.501667
start VIBA 2
[MF-SEL] tPrev=(  d=0.027733  dMin=0.000000  dAvg=0.024238  dMax=0.654158  Dlo=0.012119  Dhi=0.339198  err=0.000000  inc=-0.015426  bucket 0->0  (mf=1000)
end VIBA 2
[MF-SEL] tPrev=(  d=5.419302  dMin=0.000000  dAvg=0.043102  dMax=5.419302  Dlo=0.021551  Dhi=2.731202  err=1.000000  inc=0.699044  bucket 0->1  (mf=900)
[MF-SEL] tPrev=(  d=0.018587  dMin=0.000000  dAvg=0.043017  dMax=5.419302  Dlo=0.021508  Dhi=2.731160  err=-1.000000  inc=-1.422690  bucket 1->0  (mf=1000)
[MF-SEL] tPrev=(  d=0.020027  dMin=0.000000  dAvg=0.042937  dMax=5.419302  Dlo=0.021469  Dhi=2.731120  err=-1.000000  inc=-0.808411  bucket 0->0  (mf=1000)
[MF-SEL] tPrev=(  d=0.020958  dMin=0.000000  dAvg=0.042861  dMax=5.419302  Dlo=0.021431  Dhi=2.731082  err=-1.000000  inc=-0.810932  bucket 0->0  (mf=1000)
[MF-SEL] tPrev=(  d=0.022516  dMin=0.000000  dAvg=0.042791  dMax=5.419302  Dlo=0.021395  Dhi=2.731047  err=0.000000  inc=0.105872  bucket 0->0  (mf=1000)
[MF-SEL] tPrev=(  d=0.023154  dMin=0.000000  dAvg=0.042723  dMax=5.419302  Dlo=0.021362  Dhi=2.731013  err=0.000000  inc=-0.210932  bucket 0->0  (mf=1000)
[MF-SEL] tPrev=(  d=0.023746  dMin=0.000000  dAvg=0.042658  dMax=5.419302  Dlo=0.021329  Dhi=2.730980  err=0.000000  inc=-0.210932  bucket 0->0  (mf=1000)
[MF-SEL] tPrev=(  d=0.024213  dMin=0.000000  dAvg=0.042595  dMax=5.419302  Dlo=0.021298  Dhi=2.730949  err=0.000000  inc=-0.210932  bucket 0->0  (mf=1000)
Dropping frame 1403636876.001667
[MF-SEL] tPrev=(  d=0.050855  dMin=0.000000  dAvg=0.042624  dMax=5.419302  Dlo=0.021312  Dhi=2.730963  err=0.000000  inc=-0.210932  bucket 0->0  (mf=1000)
[MF-SEL] tPrev=(  d=0.025786  dMin=0.000000  dAvg=0.042566  dMax=5.419302  Dlo=0.021283  Dhi=2.730934  err=0.000000  inc=-0.210932  bucket 0->0  (mf=1000)
Dropping frame 1403636876.151666
[MF-SEL] tPrev=(  d=0.050357  dMin=0.000000  dAvg=0.042593  dMax=5.419302  Dlo=0.021296  Dhi=2.730948  err=0.000000  inc=-0.210932  bucket 0->0  (mf=1000)
[MF-SEL] tPrev=(  d=0.025952  dMin=0.000000  dAvg=0.042537  dMax=5.419302  Dlo=0.021268  Dhi=2.730920  err=0.000000  inc=-0.210932  bucket 0->0  (mf=1000)
[MF-SEL] tPrev=(  d=0.026890  dMin=0.000000  dAvg=0.042484  dMax=5.419302  Dlo=0.021242  Dhi=2.730893  err=0.000000  inc=-0.210932  bucket 0->0  (mf=1000)
[MF-SEL] tPrev=(  d=0.027816  dMin=0.000000  dAvg=0.042435  dMax=5.419302  Dlo=0.021218  Dhi=2.730869  err=0.000000  inc=-0.210932  bucket 0->0  (mf=1000)
Dropping frame 1403636876.401667
[MF-SEL] tPrev=(  d=0.062385  dMin=0.000000  dAvg=0.042502  dMax=5.419302  Dlo=0.021251  Dhi=2.730902  err=0.000000  inc=-0.210932  bucket 0->0  (mf=1000)
Dropping frame 1403636876.501667
[MF-SEL] tPrev=(  d=0.066218  dMin=0.000000  dAvg=0.042580  dMax=5.419302  Dlo=0.021290  Dhi=2.730941  err=0.000000  inc=-0.210932  bucket 0->0  (mf=1000)
[MF-SEL] tPrev=(  d=0.034174  dMin=0.000000  dAvg=0.042553  dMax=5.419302  Dlo=0.021276  Dhi=2.730928  err=0.000000  inc=-0.210932  bucket 0->0  (mf=1000)
[MF-SEL] tPrev=(  d=0.034212  dMin=0.000000  dAvg=0.042525  dMax=5.419302  Dlo=0.021263  Dhi=2.730914  err=0.000000  inc=-0.210932  bucket 0->0  (mf=1000)
[MF-SEL] tPrev=(  d=0.032152  dMin=0.000000  dAvg=0.042491  dMax=5.419302  Dlo=0.021245  Dhi=2.730897  err=0.000000  inc=-0.210932  bucket 0->0  (mf=1000)
[MF-SEL] tPrev=(  d=0.031708  dMin=0.000000  dAvg=0.042456  dMax=5.419302  Dlo=0.021228  Dhi=2.730879  err=0.000000  inc=-0.210932  bucket 0->0  (mf=1000)
Dropping frame 1403636876.801666
[MF-SEL] tPrev=(  d=0.054164  dMin=0.000000  dAvg=0.042494  dMax=5.419302  Dlo=0.021247  Dhi=2.730898  err=0.000000  inc=-0.210932  bucket 0->0  (mf=1000)
[MF-SEL] tPrev=(  d=0.027814  dMin=0.000000  dAvg=0.042446  dMax=5.419302  Dlo=0.021223  Dhi=2.730874  err=0.000000  inc=-0.210932  bucket 0->0  (mf=1000)
[MF-SEL] tPrev=(  d=0.028323  dMin=0.000000  dAvg=0.042400  dMax=5.419302  Dlo=0.021200  Dhi=2.730851  err=0.000000  inc=-0.210932  bucket 0->0  (mf=1000)
[MF-SEL] tPrev=(  d=0.029463  dMin=0.000000  dAvg=0.042358  dMax=5.419302  Dlo=0.021179  Dhi=2.730830  err=0.000000  inc=-0.210932  bucket 0->0  (mf=1000)
[MF-SEL] tPrev=(  d=0.029770  dMin=0.000000  dAvg=0.042318  dMax=5.419302  Dlo=0.021159  Dhi=2.730810  err=0.000000  inc=-0.210932  bucket 0->0  (mf=1000)
[MF-SEL] tPrev=(  d=0.031441  dMin=0.000000  dAvg=0.042283  dMax=5.419302  Dlo=0.021141  Dhi=2.730793  err=0.000000  inc=-0.210932  bucket 0->0  (mf=1000)
[MF-SEL] tPrev=(  d=0.032740  dMin=0.000000  dAvg=0.042252  dMax=5.419302  Dlo=0.021126  Dhi=2.730777  err=0.000000  inc=-0.210932  bucket 0->0  (mf=1000)
[MF-SEL] tPrev=(  d=0.034487  dMin=0.000000  dAvg=0.042227  dMax=5.419302  Dlo=0.021114  Dhi=2.730765  err=0.000000  inc=-0.210932  bucket 0->0  (mf=1000)
[MF-SEL] tPrev=(  d=0.034989  dMin=0.000000  dAvg=0.042204  dMax=5.419302  Dlo=0.021102  Dhi=2.730753  err=0.000000  inc=-0.210932  bucket 0->0  (mf=1000)
[MF-SEL] tPrev=(  d=0.036082  dMin=0.000000  dAvg=0.042185  dMax=5.419302  Dlo=0.021092  Dhi=2.730744  err=0.000000  inc=-0.210932  bucket 0->0  (mf=1000)
[MF-SEL] tPrev=(  d=0.035409  dMin=0.000000  dAvg=0.042163  dMax=5.419302  Dlo=0.021082  Dhi=2.730733  err=0.000000  inc=-0.210932  bucket 0->0  (mf=1000)
[MF-SEL] tPrev=(  d=0.035903  dMin=0.000000  dAvg=0.042144  dMax=5.419302  Dlo=0.021072  Dhi=2.730723  err=0.000000  inc=-0.210932  bucket 0->0  (mf=1000)
[MF-SEL] tPrev=(  d=0.034873  dMin=0.000000  dAvg=0.042121  dMax=5.419302  Dlo=0.021060  Dhi=2.730712  err=0.000000  inc=-0.210932  bucket 0->0  (mf=1000)
[MF-SEL] tPrev=(  d=0.034519  dMin=0.000000  dAvg=0.042097  dMax=5.419302  Dlo=0.021049  Dhi=2.730700  err=0.000000  inc=-0.210932  bucket 0->0  (mf=1000)
Dropping frame 1403636877.551666
[MF-SEL] tPrev=(  d=0.067092  dMin=0.000000  dAvg=0.042175  dMax=5.419302  Dlo=0.021088  Dhi=2.730739  err=0.000000  inc=-0.210932  bucket 0->0  (mf=1000)
[MF-SEL] tPrev=(  d=0.031630  dMin=0.000000  dAvg=0.042142  dMax=5.419302  Dlo=0.021071  Dhi=2.730722  err=0.000000  inc=-0.210932  bucket 0->0  (mf=1000)
[MF-SEL] tPrev=(  d=0.028997  dMin=0.000000  dAvg=0.042101  dMax=5.419302  Dlo=0.021051  Dhi=2.730702  err=0.000000  inc=-0.210932  bucket 0->0  (mf=1000)
[MF-SEL] tPrev=(  d=0.029472  dMin=0.000000  dAvg=0.042062  dMax=5.419302  Dlo=0.021031  Dhi=2.730682  err=0.000000  inc=-0.210932  bucket 0->0  (mf=1000)
[MF-SEL] tPrev=(  d=0.030029  dMin=0.000000  dAvg=0.042025  dMax=5.419302  Dlo=0.021013  Dhi=2.730664  err=0.000000  inc=-0.210932  bucket 0->0  (mf=1000)
[MF-SEL] tPrev=(  d=0.027659  dMin=0.000000  dAvg=0.041981  dMax=5.419302  Dlo=0.020991  Dhi=2.730642  err=0.000000  inc=-0.210932  bucket 0->0  (mf=1000)
Dropping frame 1403636877.901667
[MF-SEL] tPrev=(  d=0.050765  dMin=0.000000  dAvg=0.042008  dMax=5.419302  Dlo=0.021004  Dhi=2.730655  err=0.000000  inc=-0.210932  bucket 0->0  (mf=1000)
[MF-SEL] tPrev=(  d=0.024905  dMin=0.000000  dAvg=0.041956  dMax=5.419302  Dlo=0.020978  Dhi=2.730629  err=0.000000  inc=-0.210932  bucket 0->0  (mf=1000)
[MF-SEL] tPrev=(  d=0.023960  dMin=0.000000  dAvg=0.041901  dMax=5.419302  Dlo=0.020950  Dhi=2.730602  err=0.000000  inc=-0.210932  bucket 0->0  (mf=1000)
[MF-SEL] tPrev=(  d=0.022675  dMin=0.000000  dAvg=0.041842  dMax=5.419302  Dlo=0.020921  Dhi=2.730572  err=0.000000  inc=-0.210932  bucket 0->0  (mf=1000)
Dropping frame 1403636878.151666
[MF-SEL] tPrev=(  d=0.048046  dMin=0.000000  dAvg=0.041861  dMax=5.419302  Dlo=0.020931  Dhi=2.730582  err=0.000000  inc=-0.210932  bucket 0->0  (mf=1000)
[MF-SEL] tPrev=(  d=0.025025  dMin=0.000000  dAvg=0.041810  dMax=5.419302  Dlo=0.020905  Dhi=2.730556  err=0.000000  inc=-0.210932  bucket 0->0  (mf=1000)
Dropping frame 1403636878.301666
[MF-SEL] tPrev=(  d=0.051910  dMin=0.000000  dAvg=0.041841  dMax=5.419302  Dlo=0.020920  Dhi=2.730572  err=0.000000  inc=-0.210932  bucket 0->0  (mf=1000)
[MF-SEL] tPrev=(  d=0.028358  dMin=0.000000  dAvg=0.041800  dMax=5.419302  Dlo=0.020900  Dhi=2.730551  err=0.000000  inc=-0.210932  bucket 0->0  (mf=1000)
[MF-SEL] tPrev=(  d=0.029621  dMin=0.000000  dAvg=0.041764  dMax=5.419302  Dlo=0.020882  Dhi=2.730533  err=0.000000  inc=-0.210932  bucket 0->0  (mf=1000)
[MF-SEL] tPrev=(  d=0.030441  dMin=0.000000  dAvg=0.041730  dMax=5.419302  Dlo=0.020865  Dhi=2.730516  err=0.000000  inc=-0.210932  bucket 0->0  (mf=1000)
[MF-SEL] tPrev=(  d=0.031448  dMin=0.000000  dAvg=0.041699  dMax=5.419302  Dlo=0.020850  Dhi=2.730501  err=0.000000  inc=-0.210932  bucket 0->0  (mf=1000)
[MF-SEL] tPrev=(  d=0.032371  dMin=0.000000  dAvg=0.041672  dMax=5.419302  Dlo=0.020836  Dhi=2.730487  err=0.000000  inc=-0.210932  bucket 0->0  (mf=1000)
[MF-SEL] tPrev=(  d=0.032670  dMin=0.000000  dAvg=0.041645  dMax=5.419302  Dlo=0.020823  Dhi=2.730474  err=0.000000  inc=-0.210932  bucket 0->0  (mf=1000)
[MF-SEL] tPrev=(  d=0.033000  dMin=0.000000  dAvg=0.041620  dMax=5.419302  Dlo=0.020810  Dhi=2.730461  err=0.000000  inc=-0.210932  bucket 0->0  (mf=1000)
Dropping frame 1403636878.751667
[MF-SEL] tPrev=(  d=0.064507  dMin=0.000000  dAvg=0.041687  dMax=5.419302  Dlo=0.020843  Dhi=2.730495  err=0.000000  inc=-0.210932  bucket 0->0  (mf=1000)
[MF-SEL] tPrev=(  d=0.032017  dMin=0.000000  dAvg=0.041658  dMax=5.419302  Dlo=0.020829  Dhi=2.730480  err=0.000000  inc=-0.210932  bucket 0->0  (mf=1000)
[MF-SEL] tPrev=(  d=0.030393  dMin=0.000000  dAvg=0.041626  dMax=5.419302  Dlo=0.020813  Dhi=2.730464  err=0.000000  inc=-0.210932  bucket 0->0  (mf=1000)
[MF-SEL] tPrev=(  d=0.029093  dMin=0.000000  dAvg=0.041589  dMax=5.419302  Dlo=0.020795  Dhi=2.730446  err=0.000000  inc=-0.210932  bucket 0->0  (mf=1000)
[MF-SEL] tPrev=(  d=0.027396  dMin=0.000000  dAvg=0.041548  dMax=5.419302  Dlo=0.020774  Dhi=2.730425  err=0.000000  inc=-0.210932  bucket 0->0  (mf=1000)
Dropping frame 1403636879.051666
[MF-SEL] tPrev=(  d=0.051911  dMin=0.000000  dAvg=0.041578  dMax=5.419302  Dlo=0.020789  Dhi=2.730440  err=0.000000  inc=-0.210932  bucket 0->0  (mf=1000)
[MF-SEL] tPrev=(  d=0.025086  dMin=0.000000  dAvg=0.041530  dMax=5.419302  Dlo=0.020765  Dhi=2.730416  err=0.000000  inc=-0.210932  bucket 0->0  (mf=1000)
[MF-SEL] tPrev=(  d=0.024737  dMin=0.000000  dAvg=0.041482  dMax=5.419302  Dlo=0.020741  Dhi=2.730392  err=0.000000  inc=-0.210932  bucket 0->0  (mf=1000)
Dropping frame 1403636879.251667
[MF-SEL] tPrev=(  d=0.045694  dMin=0.000000  dAvg=0.041494  dMax=5.419302  Dlo=0.020747  Dhi=2.730398  err=0.000000  inc=-0.210932  bucket 0->0  (mf=1000)
Dropping frame 1403636879.351666
[MF-SEL] tPrev=(  d=0.044004  dMin=0.000000  dAvg=0.041501  dMax=5.419302  Dlo=0.020751  Dhi=2.730402  err=0.000000  inc=-0.210932  bucket 0->0  (mf=1000)
[MF-SEL] tPrev=(  d=0.022409  dMin=0.000000  dAvg=0.041446  dMax=5.419302  Dlo=0.020723  Dhi=2.730374  err=0.000000  inc=-0.210932  bucket 0->0  (mf=1000)
[MF-SEL] tPrev=(  d=0.023024  dMin=0.000000  dAvg=0.041394  dMax=5.419302  Dlo=0.020697  Dhi=2.730348  err=0.000000  inc=-0.210932  bucket 0->0  (mf=1000)
[MF-SEL] tPrev=(  d=0.023671  dMin=0.000000  dAvg=0.041344  dMax=5.419302  Dlo=0.020672  Dhi=2.730323  err=0.000000  inc=-0.210932  bucket 0->0  (mf=1000)
Dropping frame 1403636879.601666
[MF-SEL] tPrev=(  d=0.053537  dMin=0.000000  dAvg=0.041378  dMax=5.419302  Dlo=0.020689  Dhi=2.730340  err=0.000000  inc=-0.210932  bucket 0->0  (mf=1000)
[MF-SEL] tPrev=(  d=0.028877  dMin=0.000000  dAvg=0.041343  dMax=5.419302  Dlo=0.020671  Dhi=2.730323  err=0.000000  inc=-0.210932  bucket 0->0  (mf=1000)
[MF-SEL] tPrev=(  d=0.030015  dMin=0.000000  dAvg=0.041311  dMax=5.419302  Dlo=0.020655  Dhi=2.730307  err=0.000000  inc=-0.210932  bucket 0->0  (mf=1000)
[MF-SEL] tPrev=(  d=0.031218  dMin=0.000000  dAvg=0.041283  dMax=5.419302  Dlo=0.020641  Dhi=2.730293  err=0.000000  inc=-0.210932  bucket 0->0  (mf=1000)
[MF-SEL] tPrev=(  d=0.030369  dMin=0.000000  dAvg=0.041252  dMax=5.419302  Dlo=0.020626  Dhi=2.730277  err=0.000000  inc=-0.210932  bucket 0->0  (mf=1000)
Dropping frame 1403636879.901667
[MF-SEL] tPrev=(  d=0.056664  dMin=0.000000  dAvg=0.041295  dMax=5.419302  Dlo=0.020648  Dhi=2.730299  err=0.000000  inc=-0.210932  bucket 0->0  (mf=1000)
[MF-SEL] tPrev=(  d=0.026842  dMin=0.000000  dAvg=0.041255  dMax=5.419302  Dlo=0.020627  Dhi=2.730279  err=0.000000  inc=-0.210932  bucket 0->0  (mf=1000)
[MF-SEL] tPrev=(  d=0.024920  dMin=0.000000  dAvg=0.041209  dMax=5.419302  Dlo=0.020605  Dhi=2.730256  err=0.000000  inc=-0.210932  bucket 0->0  (mf=1000)
[MF-SEL] tPrev=(  d=0.021825  dMin=0.000000  dAvg=0.041156  dMax=5.419302  Dlo=0.020578  Dhi=2.730229  err=0.000000  inc=-0.210932  bucket 0->0  (mf=1000)
Dropping frame 1403636880.151666
[MF-SEL] tPrev=(  d=0.044185  dMin=0.000000  dAvg=0.041164  dMax=5.419302  Dlo=0.020582  Dhi=2.730233  err=0.000000  inc=-0.210932  bucket 0->0  (mf=1000)
[MF-SEL] tPrev=(  d=0.023251  dMin=0.000000  dAvg=0.041115  dMax=5.419302  Dlo=0.020557  Dhi=2.730209  err=0.000000  inc=-0.210932  bucket 0->0  (mf=1000)
[MF-SEL] tPrev=(  d=0.023175  dMin=0.000000  dAvg=0.041066  dMax=5.419302  Dlo=0.020533  Dhi=2.730184  err=0.000000  inc=-0.210932  bucket 0->0  (mf=1000)
[MF-SEL] tPrev=(  d=0.023771  dMin=0.000000  dAvg=0.041018  dMax=5.419302  Dlo=0.020509  Dhi=2.730160  err=0.000000  inc=-0.210932  bucket 0->0  (mf=1000)
[MF-SEL] tPrev=(  d=0.024870  dMin=0.000000  dAvg=0.040974  dMax=5.419302  Dlo=0.020487  Dhi=2.730138  err=0.000000  inc=-0.210932  bucket 0->0  (mf=1000)
Dropping frame 1403636880.451666
[MF-SEL] tPrev=(  d=0.049220  dMin=0.000000  dAvg=0.040996  dMax=5.419302  Dlo=0.020498  Dhi=2.730149  err=0.000000  inc=-0.210932  bucket 0->0  (mf=1000)
Dropping frame 1403636880.551666
[MF-SEL] tPrev=(  d=0.047621  dMin=0.000000  dAvg=0.041014  dMax=5.419302  Dlo=0.020507  Dhi=2.730158  err=0.000000  inc=-0.210932  bucket 0->0  (mf=1000)
Dropping frame 1403636880.651666
[MF-SEL] tPrev=(  d=0.046224  dMin=0.000000  dAvg=0.041029  dMax=5.419302  Dlo=0.020514  Dhi=2.730166  err=0.000000  inc=-0.210932  bucket 0->0  (mf=1000)
[MF-SEL] tPrev=(  d=0.022558  dMin=0.000000  dAvg=0.040979  dMax=5.419302  Dlo=0.020489  Dhi=2.730141  err=0.000000  inc=-0.210932  bucket 0->0  (mf=1000)
Dropping frame 1403636880.801666
[MF-SEL] tPrev=(  d=0.042319  dMin=0.000000  dAvg=0.040982  dMax=5.419302  Dlo=0.020491  Dhi=2.730142  err=0.000000  inc=-0.210932  bucket 0->0  (mf=1000)
[MF-SEL] tPrev=(  d=0.020778  dMin=0.000000  dAvg=0.040928  dMax=5.419302  Dlo=0.020464  Dhi=2.730115  err=0.000000  inc=-0.210932  bucket 0->0  (mf=1000)
[MF-SEL] tPrev=(  d=0.019448  dMin=0.000000  dAvg=0.040870  dMax=5.419302  Dlo=0.020435  Dhi=2.730086  err=-1.000000  inc=-1.145119  bucket 0->0  (mf=1000)
[MF-SEL] tPrev=(  d=0.018926  dMin=0.000000  dAvg=0.040812  dMax=5.419302  Dlo=0.020406  Dhi=2.730057  err=-1.000000  inc=-0.815745  bucket 0->0  (mf=1000)
[MF-SEL] tPrev=(  d=0.018975  dMin=0.000000  dAvg=0.040753  dMax=5.419302  Dlo=0.020377  Dhi=2.730028  err=-1.000000  inc=-0.818215  bucket 0->0  (mf=1000)
Dropping frame 1403636881.101666
[MF-SEL] tPrev=(  d=0.038505  dMin=0.000000  dAvg=0.040747  dMax=5.419302  Dlo=0.020374  Dhi=2.730025  err=0.000000  inc=-0.062718  bucket 0->0  (mf=1000)
[MF-SEL] tPrev=(  d=0.019772  dMin=0.000000  dAvg=0.040692  dMax=5.419302  Dlo=0.020346  Dhi=2.729997  err=-1.000000  inc=-1.168952  bucket 0->0  (mf=1000)
[MF-SEL] tPrev=(  d=0.019199  dMin=0.000000  dAvg=0.040635  dMax=5.419302  Dlo=0.020317  Dhi=2.729969  err=-1.000000  inc=-0.822981  bucket 0->0  (mf=1000)
[MF-SEL] tPrev=(  d=0.019565  dMin=0.000000  dAvg=0.040579  dMax=5.419302  Dlo=0.020290  Dhi=2.729941  err=-1.000000  inc=-0.825393  bucket 0->0  (mf=1000)
[MF-SEL] tPrev=(  d=0.018813  dMin=0.000000  dAvg=0.040522  dMax=5.419302  Dlo=0.020261  Dhi=2.729912  err=-1.000000  inc=-0.828014  bucket 0->0  (mf=1000)
[MF-SEL] tPrev=(  d=0.019528  dMin=0.000000  dAvg=0.040467  dMax=5.419302  Dlo=0.020234  Dhi=2.729885  err=-1.000000  inc=-0.830154  bucket 0->0  (mf=1000)
[MF-SEL] tPrev=(  d=0.020169  dMin=0.000000  dAvg=0.040414  dMax=5.419302  Dlo=0.020207  Dhi=2.729858  err=-1.000000  inc=-0.832602  bucket 0->0  (mf=1000)
[MF-SEL] tPrev=(  d=0.023575  dMin=0.000000  dAvg=0.040370  dMax=5.419302  Dlo=0.020185  Dhi=2.729836  err=0.000000  inc=0.066074  bucket 0->0  (mf=1000)
[MF-SEL] tPrev=(  d=0.025587  dMin=0.000000  dAvg=0.040331  dMax=5.419302  Dlo=0.020166  Dhi=2.729817  err=0.000000  inc=-0.232602  bucket 0->0  (mf=1000)
[MF-SEL] tPrev=(  d=0.026229  dMin=0.000000  dAvg=0.040295  dMax=5.419302  Dlo=0.020147  Dhi=2.729799  err=0.000000  inc=-0.232602  bucket 0->0  (mf=1000)
[MF-SEL] tPrev=(  d=0.029115  dMin=0.000000  dAvg=0.040266  dMax=5.419302  Dlo=0.020133  Dhi=2.729784  err=0.000000  inc=-0.232602  bucket 0->0  (mf=1000)
Dropping frame 1403636881.701667
[MF-SEL] tPrev=(  d=0.062551  dMin=0.000000  dAvg=0.040323  dMax=5.419302  Dlo=0.020162  Dhi=2.729813  err=0.000000  inc=-0.232602  bucket 0->0  (mf=1000)
[MF-SEL] tPrev=(  d=0.032263  dMin=0.000000  dAvg=0.040303  dMax=5.419302  Dlo=0.020151  Dhi=2.729803  err=0.000000  inc=-0.232602  bucket 0->0  (mf=1000)
[MF-SEL] tPrev=(  d=0.032592  dMin=0.000000  dAvg=0.040283  dMax=5.419302  Dlo=0.020141  Dhi=2.729793  err=0.000000  inc=-0.232602  bucket 0->0  (mf=1000)
[MF-SEL] tPrev=(  d=0.031145  dMin=0.000000  dAvg=0.040259  dMax=5.419302  Dlo=0.020130  Dhi=2.729781  err=0.000000  inc=-0.232602  bucket 0->0  (mf=1000)
Dropping frame 1403636881.951666
[MF-SEL] tPrev=(  d=0.057854  dMin=0.000000  dAvg=0.040304  dMax=5.419302  Dlo=0.020152  Dhi=2.729803  err=0.000000  inc=-0.232602  bucket 0->0  (mf=1000)
[MF-SEL] tPrev=(  d=0.027945  dMin=0.000000  dAvg=0.040273  dMax=5.419302  Dlo=0.020136  Dhi=2.729788  err=0.000000  inc=-0.232602  bucket 0->0  (mf=1000)
[MF-SEL] tPrev=(  d=0.025658  dMin=0.000000  dAvg=0.040236  dMax=5.419302  Dlo=0.020118  Dhi=2.729769  err=0.000000  inc=-0.232602  bucket 0->0  (mf=1000)
[MF-SEL] tPrev=(  d=0.022396  dMin=0.000000  dAvg=0.040190  dMax=5.419302  Dlo=0.020095  Dhi=2.729746  err=0.000000  inc=-0.232602  bucket 0->0  (mf=1000)
[MF-SEL] tPrev=(  d=0.021691  dMin=0.000000  dAvg=0.040144  dMax=5.419302  Dlo=0.020072  Dhi=2.729723  err=0.000000  inc=-0.232602  bucket 0->0  (mf=1000)
[MF-SEL] tPrev=(  d=0.019073  dMin=0.000000  dAvg=0.040090  dMax=5.419302  Dlo=0.020045  Dhi=2.729696  err=-1.000000  inc=-1.173228  bucket 0->0  (mf=1000)
[MF-SEL] tPrev=(  d=0.016604  dMin=0.000000  dAvg=0.040031  dMax=5.419302  Dlo=0.020016  Dhi=2.729667  err=-1.000000  inc=-0.837485  bucket 0->0  (mf=1000)
[MF-SEL] tPrev=(  d=0.014301  dMin=0.000000  dAvg=0.039967  dMax=5.419302  Dlo=0.019983  Dhi=2.729635  err=-1.000000  inc=-0.839359  bucket 0->0  (mf=1000)
[MF-SEL] tPrev=(  d=0.013530  dMin=0.000000  dAvg=0.039900  dMax=5.419302  Dlo=0.019950  Dhi=2.729601  err=-1.000000  inc=-0.841662  bucket 0->0  (mf=1000)
[MF-SEL] tPrev=(  d=0.012647  dMin=0.000000  dAvg=0.039832  dMax=5.419302  Dlo=0.019916  Dhi=2.729567  err=-1.000000  inc=-0.843587  bucket 0->0  (mf=1000)
[MF-SEL] tPrev=(  d=0.013108  dMin=0.000000  dAvg=0.039766  dMax=5.419302  Dlo=0.019883  Dhi=2.729534  err=-1.000000  inc=-0.845906  bucket 0->0  (mf=1000)
[MF-SEL] tPrev=(  d=0.011235  dMin=0.000000  dAvg=0.039695  dMax=5.419302  Dlo=0.019847  Dhi=2.729498  err=-1.000000  inc=-0.848165  bucket 0->0  (mf=1000)
[MF-SEL] tPrev=(  d=0.010452  dMin=0.000000  dAvg=0.039622  dMax=5.419302  Dlo=0.019811  Dhi=2.729462  err=-1.000000  inc=-0.850744  bucket 0->0  (mf=1000)
[MF-SEL] tPrev=(  d=0.010749  dMin=0.000000  dAvg=0.039551  dMax=5.419302  Dlo=0.019775  Dhi=2.729426  err=-1.000000  inc=-0.853097  bucket 0->0  (mf=1000)
[MF-SEL] tPrev=(  d=0.012201  dMin=0.000000  dAvg=0.039483  dMax=5.419302  Dlo=0.019741  Dhi=2.729393  err=-1.000000  inc=-0.855610  bucket 0->0  (mf=1000)
Dropping frame 1403636882.751667
[MF-SEL] tPrev=(  d=0.029134  dMin=0.000000  dAvg=0.039457  dMax=5.419302  Dlo=0.019729  Dhi=2.729380  err=0.000000  inc=-0.084803  bucket 0->0  (mf=1000)
[MF-SEL] tPrev=(  d=0.016313  dMin=0.000000  dAvg=0.039401  dMax=5.419302  Dlo=0.019700  Dhi=2.729352  err=-1.000000  inc=-1.187909  bucket 0->0  (mf=1000)
[MF-SEL] tPrev=(  d=0.016979  dMin=0.000000  dAvg=0.039346  dMax=5.419302  Dlo=0.019673  Dhi=2.729324  err=-1.000000  inc=-0.860543  bucket 0->0  (mf=1000)
[MF-SEL] tPrev=(  d=0.017537  dMin=0.000000  dAvg=0.039292  dMax=5.419302  Dlo=0.019646  Dhi=2.729297  err=-1.000000  inc=-0.862970  bucket 0->0  (mf=1000)
[MF-SEL] tPrev=(  d=0.017474  dMin=0.000000  dAvg=0.039239  dMax=5.419302  Dlo=0.019620  Dhi=2.729271  err=-1.000000  inc=-0.865634  bucket 0->0  (mf=1000)
[MF-SEL] tPrev=(  d=0.017227  dMin=0.000000  dAvg=0.039186  dMax=5.419302  Dlo=0.019593  Dhi=2.729244  err=-1.000000  inc=-0.867997  bucket 0->0  (mf=1000)
[MF-SEL] tPrev=(  d=0.016488  dMin=0.000000  dAvg=0.039130  dMax=5.419302  Dlo=0.019565  Dhi=2.729216  err=-1.000000  inc=-0.870339  bucket 0->0  (mf=1000)
[MF-SEL] tPrev=(  d=0.014847  dMin=0.000000  dAvg=0.039072  dMax=5.419302  Dlo=0.019536  Dhi=2.729187  err=-1.000000  inc=-0.872632  bucket 0->0  (mf=1000)
[MF-SEL] tPrev=(  d=0.015614  dMin=0.000000  dAvg=0.039015  dMax=5.419302  Dlo=0.019508  Dhi=2.729159  err=-1.000000  inc=-0.874988  bucket 0->0  (mf=1000)
[MF-SEL] tPrev=(  d=0.014741  dMin=0.000000  dAvg=0.038957  dMax=5.419302  Dlo=0.019478  Dhi=2.729129  err=-1.000000  inc=-0.877214  bucket 0->0  (mf=1000)
[MF-SEL] tPrev=(  d=0.012045  dMin=0.000000  dAvg=0.038892  dMax=5.419302  Dlo=0.019446  Dhi=2.729097  err=-1.000000  inc=-0.879627  bucket 0->0  (mf=1000)
[MF-SEL] tPrev=(  d=0.011384  dMin=0.000000  dAvg=0.038826  dMax=5.419302  Dlo=0.019413  Dhi=2.729064  err=-1.000000  inc=-0.882441  bucket 0->0  (mf=1000)
[MF-SEL] tPrev=(  d=0.010946  dMin=0.000000  dAvg=0.038759  dMax=5.419302  Dlo=0.019380  Dhi=2.729031  err=-1.000000  inc=-0.884853  bucket 0->0  (mf=1000)
Dropping frame 1403636883.451666
[MF-SEL] tPrev=(  d=0.014041  dMin=0.000000  dAvg=0.038700  dMax=5.419302  Dlo=0.019350  Dhi=2.729001  err=-1.000000  inc=-0.889976  bucket 0->0  (mf=1000)
[MF-SEL] tPrev=(  d=0.004619  dMin=0.000000  dAvg=0.038619  dMax=5.419302  Dlo=0.019310  Dhi=2.728961  err=-1.000000  inc=-0.892355  bucket 0->0  (mf=1000)
[MF-SEL] tPrev=(  d=0.003962  dMin=0.000000  dAvg=0.038537  dMax=5.419302  Dlo=0.019268  Dhi=2.728920  err=-1.000000  inc=-0.894698  bucket 0->0  (mf=1000)
[MF-SEL] tPrev=(  d=0.001885  dMin=0.000000  dAvg=0.038450  dMax=5.419302  Dlo=0.019225  Dhi=2.728876  err=-1.000000  inc=-0.897363  bucket 0->0  (mf=1000)
[MF-SEL] tPrev=(  d=0.003306  dMin=0.000000  dAvg=0.038367  dMax=5.419302  Dlo=0.019183  Dhi=2.728835  err=-1.000000  inc=-0.899977  bucket 0->0  (mf=1000)
[MF-SEL] tPrev=(  d=0.002373  dMin=0.000000  dAvg=0.038282  dMax=5.419302  Dlo=0.019141  Dhi=2.728792  err=-1.000000  inc=-0.902357  bucket 0->0  (mf=1000)
[MF-SEL] tPrev=(  d=0.002321  dMin=0.000000  dAvg=0.038197  dMax=5.419302  Dlo=0.019099  Dhi=2.728750  err=-1.000000  inc=-0.904389  bucket 0->0  (mf=1000)
[MF-SEL] tPrev=(  d=0.001959  dMin=0.000000  dAvg=0.038112  dMax=5.419302  Dlo=0.019056  Dhi=2.728707  err=-1.000000  inc=-0.906565  bucket 0->0  (mf=1000)
[MF-SEL] tPrev=(  d=0.002079  dMin=0.000000  dAvg=0.038028  dMax=5.419302  Dlo=0.019014  Dhi=2.728665  err=-1.000000  inc=-0.909291  bucket 0->0  (mf=1000)
[MF-SEL] tPrev=(  d=0.001792  dMin=0.000000  dAvg=0.037943  dMax=5.419302  Dlo=0.018972  Dhi=2.728623  err=-1.000000  inc=-0.911789  bucket 0->0  (mf=1000)
[MF-SEL] tPrev=(  d=0.000589  dMin=0.000000  dAvg=0.037856  dMax=5.419302  Dlo=0.018928  Dhi=2.728579  err=-1.000000  inc=-0.914342  bucket 0->0  (mf=1000)
[MF-SEL] tPrev=(  d=0.000243  dMin=0.000000  dAvg=0.037769  dMax=5.419302  Dlo=0.018884  Dhi=2.728536  err=-1.000000  inc=-0.916884  bucket 0->0  (mf=1000)
[MF-SEL] tPrev=(  d=0.000731  dMin=0.000000  dAvg=0.037683  dMax=5.419302  Dlo=0.018841  Dhi=2.728493  err=-1.000000  inc=-0.919532  bucket 0->0  (mf=1000)
[MF-SEL] tPrev=(  d=0.001002  dMin=0.000000  dAvg=0.037598  dMax=5.419302  Dlo=0.018799  Dhi=2.728450  err=-1.000000  inc=-0.921847  bucket 0->0  (mf=1000)
[MF-SEL] tPrev=(  d=0.000247  dMin=0.000000  dAvg=0.037512  dMax=5.419302  Dlo=0.018756  Dhi=2.728407  err=-1.000000  inc=-0.924410  bucket 0->0  (mf=1000)
[MF-SEL] tPrev=(  d=0.000711  dMin=0.000000  dAvg=0.037427  dMax=5.419302  Dlo=0.018713  Dhi=2.728365  err=-1.000000  inc=-0.926663  bucket 0->0  (mf=1000)
[MF-SEL] tPrev=(  d=0.001106  dMin=0.000000  dAvg=0.037343  dMax=5.419302  Dlo=0.018672  Dhi=2.728323  err=-1.000000  inc=-0.929384  bucket 0->0  (mf=1000)
[MF-SEL] tPrev=(  d=0.000698  dMin=0.000000  dAvg=0.037259  dMax=5.419302  Dlo=0.018630  Dhi=2.728281  err=-1.000000  inc=-0.931897  bucket 0->0  (mf=1000)
[MF-SEL] tPrev=(  d=0.000198  dMin=0.000000  dAvg=0.037174  dMax=5.419302  Dlo=0.018587  Dhi=2.728238  err=-1.000000  inc=-0.934447  bucket 0->0  (mf=1000)
[MF-SEL] tPrev=(  d=0.000124  dMin=0.000000  dAvg=0.037090  dMax=5.419302  Dlo=0.018545  Dhi=2.728196  err=-1.000000  inc=-0.936896  bucket 0->0  (mf=1000)
[MF-SEL] tPrev=(  d=0.000063  dMin=0.000000  dAvg=0.037005  dMax=5.419302  Dlo=0.018503  Dhi=2.728154  err=-1.000000  inc=-0.939408  bucket 0->0  (mf=1000)
[MF-SEL] tPrev=(  d=0.000194  dMin=0.000000  dAvg=0.036922  dMax=5.419302  Dlo=0.018461  Dhi=2.728112  err=-1.000000  inc=-0.941998  bucket 0->0  (mf=1000)
[MF-SEL] tPrev=(  d=0.000102  dMin=0.000000  dAvg=0.036838  dMax=5.419302  Dlo=0.018419  Dhi=2.728070  err=-1.000000  inc=-0.944532  bucket 0->0  (mf=1000)
[MF-SEL] tPrev=(  d=0.000145  dMin=0.000000  dAvg=0.036755  dMax=5.419302  Dlo=0.018378  Dhi=2.728029  err=-1.000000  inc=-0.947059  bucket 0->0  (mf=1000)
[MF-SEL] tPrev=(  d=0.000300  dMin=0.000000  dAvg=0.036673  dMax=5.419302  Dlo=0.018336  Dhi=2.727988  err=-1.000000  inc=-0.949550  bucket 0->0  (mf=1000)
[MF-SEL] tPrev=(  d=0.000548  dMin=0.000000  dAvg=0.036592  dMax=5.419302  Dlo=0.018296  Dhi=2.727947  err=-1.000000  inc=-0.951862  bucket 0->0  (mf=1000)
[MF-SEL] tPrev=(  d=0.000150  dMin=0.000000  dAvg=0.036510  dMax=5.419302  Dlo=0.018255  Dhi=2.727906  err=-1.000000  inc=-0.954335  bucket 0->0  (mf=1000)
[MF-SEL] tPrev=(  d=0.000323  dMin=0.000000  dAvg=0.036429  dMax=5.419302  Dlo=0.018214  Dhi=2.727866  err=-1.000000  inc=-0.957040  bucket 0->0  (mf=1000)
[MF-SEL] tPrev=(  d=0.000071  dMin=0.000000  dAvg=0.036347  dMax=5.419302  Dlo=0.018174  Dhi=2.727825  err=-1.000000  inc=-0.959478  bucket 0->0  (mf=1000)
[MF-SEL] tPrev=(  d=0.000269  dMin=0.000000  dAvg=0.036267  dMax=5.419302  Dlo=0.018133  Dhi=2.727785  err=-1.000000  inc=-0.961873  bucket 0->0  (mf=1000)
[MF-SEL] tPrev=(  d=0.000034  dMin=0.000000  dAvg=0.036186  dMax=5.419302  Dlo=0.018093  Dhi=2.727744  err=-1.000000  inc=-0.964390  bucket 0->0  (mf=1000)
[MF-SEL] tPrev=(  d=0.000109  dMin=0.000000  dAvg=0.036106  dMax=5.419302  Dlo=0.018053  Dhi=2.727704  err=-1.000000  inc=-0.966844  bucket 0->0  (mf=1000)
[MF-SEL] tPrev=(  d=0.000098  dMin=0.000000  dAvg=0.036026  dMax=5.419302  Dlo=0.018013  Dhi=2.727664  err=-1.000000  inc=-0.969484  bucket 0->0  (mf=1000)
[MF-SEL] tPrev=(  d=0.000153  dMin=0.000000  dAvg=0.035947  dMax=5.419302  Dlo=0.017973  Dhi=2.727625  err=-1.000000  inc=-0.971831  bucket 0->0  (mf=1000)
[MF-SEL] tPrev=(  d=0.000132  dMin=0.000000  dAvg=0.035868  dMax=5.419302  Dlo=0.017934  Dhi=2.727585  err=-1.000000  inc=-0.974371  bucket 0->0  (mf=1000)
[MF-SEL] tPrev=(  d=0.001117  dMin=0.000000  dAvg=0.035791  dMax=5.419302  Dlo=0.017896  Dhi=2.727547  err=-1.000000  inc=-0.976462  bucket 0->0  (mf=1000)
[MF-SEL] tPrev=(  d=0.000178  dMin=0.000000  dAvg=0.035713  dMax=5.419302  Dlo=0.017856  Dhi=2.727508  err=-1.000000  inc=-0.979268  bucket 0->0  (mf=1000)
[MF-SEL] tPrev=(  d=0.000187  dMin=0.000000  dAvg=0.035635  dMax=5.419302  Dlo=0.017817  Dhi=2.727469  err=-1.000000  inc=-0.981830  bucket 0->0  (mf=1000)
[MF-SEL] tPrev=(  d=0.000227  dMin=0.000000  dAvg=0.035557  dMax=5.419302  Dlo=0.017779  Dhi=2.727430  err=-1.000000  inc=-0.984251  bucket 0->0  (mf=1000)
[MF-SEL] tPrev=(  d=0.000202  dMin=0.000000  dAvg=0.035480  dMax=5.419302  Dlo=0.017740  Dhi=2.727391  err=-1.000000  inc=-0.986868  bucket 0->0  (mf=1000)
[MF-SEL] tPrev=(  d=0.000252  dMin=0.000000  dAvg=0.035403  dMax=5.419302  Dlo=0.017702  Dhi=2.727353  err=-1.000000  inc=-0.989127  bucket 0->0  (mf=1000)
[MF-SEL] tPrev=(  d=0.000144  dMin=0.000000  dAvg=0.035327  dMax=5.419302  Dlo=0.017663  Dhi=2.727315  err=-1.000000  inc=-0.991717  bucket 0->0  (mf=1000)
[MF-SEL] tPrev=(  d=0.000047  dMin=0.000000  dAvg=0.035250  dMax=5.419302  Dlo=0.017625  Dhi=2.727276  err=-1.000000  inc=-0.994108  bucket 0->0  (mf=1000)
[MF-SEL] tPrev=(  d=0.000259  dMin=0.000000  dAvg=0.035175  dMax=5.419302  Dlo=0.017587  Dhi=2.727238  err=-1.000000  inc=-0.996654  bucket 0->0  (mf=1000)
Dropping frame 1403636885.701667
[MF-SEL] tPrev=(  d=0.000301  dMin=0.000000  dAvg=0.035099  dMax=5.419302  Dlo=0.017550  Dhi=2.727201  err=-1.000000  inc=-1.001332  bucket 0->0  (mf=1000)
[MF-SEL] tPrev=(  d=0.000303  dMin=0.000000  dAvg=0.035024  dMax=5.419302  Dlo=0.017512  Dhi=2.727163  err=-1.000000  inc=-1.004211  bucket 0->0  (mf=1000)
[MF-SEL] tPrev=(  d=0.000126  dMin=0.000000  dAvg=0.034949  dMax=5.419302  Dlo=0.017475  Dhi=2.727126  err=-1.000000  inc=-1.006410  bucket 0->0  (mf=1000)
[MF-SEL] tPrev=(  d=0.000145  dMin=0.000000  dAvg=0.034874  dMax=5.419302  Dlo=0.017437  Dhi=2.727088  err=-1.000000  inc=-1.009065  bucket 0->0  (mf=1000)
[MF-SEL] tPrev=(  d=0.000093  dMin=0.000000  dAvg=0.034800  dMax=5.419302  Dlo=0.017400  Dhi=2.727051  err=-1.000000  inc=-1.011456  bucket 0->0  (mf=1000)
[MF-SEL] tPrev=(  d=0.000139  dMin=0.000000  dAvg=0.034726  dMax=5.419302  Dlo=0.017363  Dhi=2.727014  err=-1.000000  inc=-1.013989  bucket 0->0  (mf=1000)
[MF-SEL] tPrev=(  d=0.000091  dMin=0.000000  dAvg=0.034652  dMax=5.419302  Dlo=0.017326  Dhi=2.726977  err=-1.000000  inc=-1.016480  bucket 0->0  (mf=1000)
Dropping frame 1403636886.101666
[MF-SEL] tPrev=(  d=0.000082  dMin=0.000000  dAvg=0.034579  dMax=5.419302  Dlo=0.017289  Dhi=2.726940  err=-1.000000  inc=-1.021588  bucket 0->0  (mf=1000)
[MF-SEL] tPrev=(  d=0.000053  dMin=0.000000  dAvg=0.034505  dMax=5.419302  Dlo=0.017253  Dhi=2.726904  err=-1.000000  inc=-1.023958  bucket 0->0  (mf=1000)
Dropping frame 1403636886.251667
[MF-SEL] tPrev=(  d=0.000475  dMin=0.000000  dAvg=0.034433  dMax=5.419302  Dlo=0.017217  Dhi=2.726868  err=-1.000000  inc=-1.028880  bucket 0->0  (mf=1000)
[MF-SEL] tPrev=(  d=0.000297  dMin=0.000000  dAvg=0.034361  dMax=5.419302  Dlo=0.017180  Dhi=2.726832  err=-1.000000  inc=-1.031457  bucket 0->0  (mf=1000)
[MF-SEL] tPrev=(  d=0.000052  dMin=0.000000  dAvg=0.034289  dMax=5.419302  Dlo=0.017144  Dhi=2.726796  err=-1.000000  inc=-1.034019  bucket 0->0  (mf=1000)
[MF-SEL] tPrev=(  d=0.000023  dMin=0.000000  dAvg=0.034216  dMax=5.419302  Dlo=0.017108  Dhi=2.726759  err=-1.000000  inc=-1.036458  bucket 0->0  (mf=1000)
[MF-SEL] tPrev=(  d=0.000063  dMin=0.000000  dAvg=0.034145  dMax=5.419302  Dlo=0.017072  Dhi=2.726724  err=-1.000000  inc=-1.038921  bucket 0->0  (mf=1000)
Dropping frame 1403636886.551666
[MF-SEL] tPrev=(  d=0.000158  dMin=0.000000  dAvg=0.034073  dMax=5.419302  Dlo=0.017037  Dhi=2.726688  err=-1.000000  inc=-1.043916  bucket 0->0  (mf=1000)
[MF-SEL] tPrev=(  d=0.000052  dMin=0.000000  dAvg=0.034002  dMax=5.419302  Dlo=0.017001  Dhi=2.726652  err=-1.000000  inc=-1.046434  bucket 0->0  (mf=1000)
[MF-SEL] tPrev=(  d=0.000090  dMin=0.000000  dAvg=0.033931  dMax=5.419302  Dlo=0.016966  Dhi=2.726617  err=-1.000000  inc=-1.048943  bucket 0->0  (mf=1000)
[MF-SEL] tPrev=(  d=0.000017  dMin=0.000000  dAvg=0.033861  dMax=5.419302  Dlo=0.016930  Dhi=2.726582  err=-1.000000  inc=-1.051094  bucket 0->0  (mf=1000)
[MF-SEL] tPrev=(  d=0.000039  dMin=0.000000  dAvg=0.033790  dMax=5.419302  Dlo=0.016895  Dhi=2.726546  err=-1.000000  inc=-1.053608  bucket 0->0  (mf=1000)
[MF-SEL] tPrev=(  d=0.000552  dMin=0.000000  dAvg=0.033722  dMax=5.419302  Dlo=0.016861  Dhi=2.726512  err=-1.000000  inc=-1.055728  bucket 0->0  (mf=1000)
[MF-SEL] tPrev=(  d=0.000092  dMin=0.000000  dAvg=0.033652  dMax=5.419302  Dlo=0.016826  Dhi=2.726477  err=-1.000000  inc=-1.058346  bucket 0->0  (mf=1000)
[MF-SEL] tPrev=(  d=0.000129  dMin=0.000000  dAvg=0.033583  dMax=5.419302  Dlo=0.016791  Dhi=2.726443  err=-1.000000  inc=-1.060933  bucket 0->0  (mf=1000)
[MF-SEL] tPrev=(  d=0.000085  dMin=0.000000  dAvg=0.033514  dMax=5.419302  Dlo=0.016757  Dhi=2.726408  err=-1.000000  inc=-1.063421  bucket 0->0  (mf=1000)
[MF-SEL] tPrev=(  d=0.000067  dMin=0.000000  dAvg=0.033445  dMax=5.419302  Dlo=0.016722  Dhi=2.726374  err=-1.000000  inc=-1.065847  bucket 0->0  (mf=1000)
[MF-SEL] tPrev=(  d=0.000154  dMin=0.000000  dAvg=0.033376  dMax=5.419302  Dlo=0.016688  Dhi=2.726339  err=-1.000000  inc=-1.068292  bucket 0->0  (mf=1000)
[MF-SEL] tPrev=(  d=0.000150  dMin=0.000000  dAvg=0.033308  dMax=5.419302  Dlo=0.016654  Dhi=2.726305  err=-1.000000  inc=-1.070853  bucket 0->0  (mf=1000)
[MF-SEL] tPrev=(  d=0.000022  dMin=0.000000  dAvg=0.033240  dMax=5.419302  Dlo=0.016620  Dhi=2.726271  err=-1.000000  inc=-1.073092  bucket 0->0  (mf=1000)
[MF-SEL] tPrev=(  d=0.000060  dMin=0.000000  dAvg=0.033173  dMax=5.419302  Dlo=0.016586  Dhi=2.726237  err=-1.000000  inc=-1.075635  bucket 0->0  (mf=1000)
[MF-SEL] tPrev=(  d=0.000213  dMin=0.000000  dAvg=0.033105  dMax=5.419302  Dlo=0.016553  Dhi=2.726204  err=-1.000000  inc=-1.077976  bucket 0->0  (mf=1000)
[MF-SEL] tPrev=(  d=0.000037  dMin=0.000000  dAvg=0.033038  dMax=5.419302  Dlo=0.016519  Dhi=2.726170  err=-1.000000  inc=-1.080716  bucket 0->0  (mf=1000)
[MF-SEL] tPrev=(  d=0.000101  dMin=0.000000  dAvg=0.032971  dMax=5.419302  Dlo=0.016486  Dhi=2.726137  err=-1.000000  inc=-1.083097  bucket 0->0  (mf=1000)
[MF-SEL] tPrev=(  d=0.000115  dMin=0.000000  dAvg=0.032905  dMax=5.419302  Dlo=0.016452  Dhi=2.726104  err=-1.000000  inc=-1.085673  bucket 0->0  (mf=1000)
[MF-SEL] tPrev=(  d=0.000146  dMin=0.000000  dAvg=0.032839  dMax=5.419302  Dlo=0.016419  Dhi=2.726071  err=-1.000000  inc=-1.088136  bucket 0->0  (mf=1000)
[MF-SEL] tPrev=(  d=0.000042  dMin=0.000000  dAvg=0.032773  dMax=5.419302  Dlo=0.016386  Dhi=2.726038  err=-1.000000  inc=-1.090800  bucket 0->0  (mf=1000)
[MF-SEL] tPrev=(  d=0.000036  dMin=0.000000  dAvg=0.032707  dMax=5.419302  Dlo=0.016353  Dhi=2.726005  err=-1.000000  inc=-1.093032  bucket 0->0  (mf=1000)
[MF-SEL] tPrev=(  d=0.000062  dMin=0.000000  dAvg=0.032641  dMax=5.419302  Dlo=0.016321  Dhi=2.725972  err=-1.000000  inc=-1.095570  bucket 0->0  (mf=1000)
[MF-SEL] tPrev=(  d=0.000036  dMin=0.000000  dAvg=0.032576  dMax=5.419302  Dlo=0.016288  Dhi=2.725939  err=-1.000000  inc=-1.097817  bucket 0->0  (mf=1000)
[MF-SEL] tPrev=(  d=0.000094  dMin=0.000000  dAvg=0.032511  dMax=5.419302  Dlo=0.016255  Dhi=2.725907  err=-1.000000  inc=-1.100395  bucket 0->0  (mf=1000)
[MF-SEL] tPrev=(  d=0.000687  dMin=0.000000  dAvg=0.032447  dMax=5.419302  Dlo=0.016224  Dhi=2.725875  err=-1.000000  inc=-1.102961  bucket 0->0  (mf=1000)
[MF-SEL] tPrev=(  d=0.000123  dMin=0.000000  dAvg=0.032383  dMax=5.419302  Dlo=0.016191  Dhi=2.725843  err=-1.000000  inc=-1.105561  bucket 0->0  (mf=1000)
Dropping frame 1403636887.901667
[MF-SEL] tPrev=(  d=0.000235  dMin=0.000000  dAvg=0.032319  dMax=5.419302  Dlo=0.016160  Dhi=2.725811  err=-1.000000  inc=-1.110638  bucket 0->0  (mf=1000)
[MF-SEL] tPrev=(  d=0.000262  dMin=0.000000  dAvg=0.032255  dMax=5.419302  Dlo=0.016128  Dhi=2.725779  err=-1.000000  inc=-1.113115  bucket 0->0  (mf=1000)
[MF-SEL] tPrev=(  d=0.000196  dMin=0.000000  dAvg=0.032192  dMax=5.419302  Dlo=0.016096  Dhi=2.725747  err=-1.000000  inc=-1.115629  bucket 0->0  (mf=1000)
[MF-SEL] tPrev=(  d=0.000143  dMin=0.000000  dAvg=0.032129  dMax=5.419302  Dlo=0.016064  Dhi=2.725716  err=-1.000000  inc=-1.118141  bucket 0->0  (mf=1000)
Dropping frame 1403636888.151666
[MF-SEL] tPrev=(  d=0.000078  dMin=0.000000  dAvg=0.032065  dMax=5.419302  Dlo=0.016033  Dhi=2.725684  err=-1.000000  inc=-1.123304  bucket 0->0  (mf=1000)
[MF-SEL] tPrev=(  d=0.000118  dMin=0.000000  dAvg=0.032002  dMax=5.419302  Dlo=0.016001  Dhi=2.725652  err=-1.000000  inc=-1.125472  bucket 0->0  (mf=1000)
[MF-SEL] tPrev=(  d=0.000046  dMin=0.000000  dAvg=0.031940  dMax=5.419302  Dlo=0.015970  Dhi=2.725621  err=-1.000000  inc=-1.128161  bucket 0->0  (mf=1000)
[MF-SEL] tPrev=(  d=0.000548  dMin=0.000000  dAvg=0.031878  dMax=5.419302  Dlo=0.015939  Dhi=2.725590  err=-1.000000  inc=-1.130532  bucket 0->0  (mf=1000)
[MF-SEL] tPrev=(  d=0.000126  dMin=0.000000  dAvg=0.031816  dMax=5.419302  Dlo=0.015908  Dhi=2.725559  err=-1.000000  inc=-1.133172  bucket 0->0  (mf=1000)
[MF-SEL] tPrev=(  d=0.000210  dMin=0.000000  dAvg=0.031754  dMax=5.419302  Dlo=0.015877  Dhi=2.725528  err=-1.000000  inc=-1.135710  bucket 0->0  (mf=1000)
Dropping frame 1403636888.501667
[MF-SEL] tPrev=(  d=0.000244  dMin=0.000000  dAvg=0.031693  dMax=5.419302  Dlo=0.015846  Dhi=2.725498  err=-1.000000  inc=-1.140690  bucket 0->0  (mf=1000)
[MF-SEL] tPrev=(  d=0.000085  dMin=0.000000  dAvg=0.031631  dMax=5.419302  Dlo=0.015816  Dhi=2.725467  err=-1.000000  inc=-1.143101  bucket 0->0  (mf=1000)
[MF-SEL] tPrev=(  d=0.000028  dMin=0.000000  dAvg=0.031570  dMax=5.419302  Dlo=0.015785  Dhi=2.725436  err=-1.000000  inc=-1.145711  bucket 0->0  (mf=1000)
Dropping frame 1403636888.701667
[MF-SEL] tPrev=(  d=0.000862  dMin=0.000000  dAvg=0.031510  dMax=5.419302  Dlo=0.015755  Dhi=2.725406  err=-1.000000  inc=-1.150743  bucket 0->0  (mf=1000)
[MF-SEL] tPrev=(  d=0.000175  dMin=0.000000  dAvg=0.031450  dMax=5.419302  Dlo=0.015725  Dhi=2.725376  err=-1.000000  inc=-1.153090  bucket 0->0  (mf=1000)
[MF-SEL] tPrev=(  d=0.000138  dMin=0.000000  dAvg=0.031389  dMax=5.419302  Dlo=0.015695  Dhi=2.725346  err=-1.000000  inc=-1.155096  bucket 0->0  (mf=1000)
[MF-SEL] tPrev=(  d=0.006316  dMin=0.000000  dAvg=0.031341  dMax=5.419302  Dlo=0.015671  Dhi=2.725322  err=-1.000000  inc=-1.157406  bucket 0->0  (mf=1000)
Dropping frame 1403636888.951666
[MF-SEL] tPrev=(  d=0.002124  dMin=0.000000  dAvg=0.031285  dMax=5.419302  Dlo=0.015642  Dhi=2.725294  err=-1.000000  inc=-1.162627  bucket 0->0  (mf=1000)
[MF-SEL] tPrev=(  d=0.004724  dMin=0.000000  dAvg=0.031234  dMax=5.419302  Dlo=0.015617  Dhi=2.725268  err=-1.000000  inc=-1.165181  bucket 0->0  (mf=1000)
[MF-SEL] tPrev=(  d=0.000929  dMin=0.000000  dAvg=0.031176  dMax=5.419302  Dlo=0.015588  Dhi=2.725239  err=-1.000000  inc=-1.167516  bucket 0->0  (mf=1000)
[MF-SEL] tPrev=(  d=0.000154  dMin=0.000000  dAvg=0.031117  dMax=5.419302  Dlo=0.015558  Dhi=2.725210  err=-1.000000  inc=-1.170019  bucket 0->0  (mf=1000)
[MF-SEL] tPrev=(  d=0.000298  dMin=0.000000  dAvg=0.031058  dMax=5.419302  Dlo=0.015529  Dhi=2.725180  err=-1.000000  inc=-1.172721  bucket 0->0  (mf=1000)
[MF-SEL] tPrev=(  d=0.000188  dMin=0.000000  dAvg=0.030999  dMax=5.419302  Dlo=0.015499  Dhi=2.725151  err=-1.000000  inc=-1.175010  bucket 0->0  (mf=1000)
[MF-SEL] tPrev=(  d=0.000152  dMin=0.000000  dAvg=0.030940  dMax=5.419302  Dlo=0.015470  Dhi=2.725121  err=-1.000000  inc=-1.177709  bucket 0->0  (mf=1000)
Dropping frame 1403636889.351666
[MF-SEL] tPrev=(  d=0.002122  dMin=0.000000  dAvg=0.030886  dMax=5.419302  Dlo=0.015443  Dhi=2.725094  err=-1.000000  inc=-1.182248  bucket 0->0  (mf=1000)
[MF-SEL] tPrev=(  d=0.001733  dMin=0.000000  dAvg=0.030830  dMax=5.419302  Dlo=0.015415  Dhi=2.725066  err=-1.000000  inc=-1.185099  bucket 0->0  (mf=1000)
[MF-SEL] tPrev=(  d=0.000254  dMin=0.000000  dAvg=0.030773  dMax=5.419302  Dlo=0.015386  Dhi=2.725038  err=-1.000000  inc=-1.187283  bucket 0->0  (mf=1000)
[MF-SEL] tPrev=(  d=0.000310  dMin=0.000000  dAvg=0.030715  dMax=5.419302  Dlo=0.015358  Dhi=2.725009  err=-1.000000  inc=-1.189872  bucket 0->0  (mf=1000)
Dropping frame 1403636889.601666
[MF-SEL] tPrev=(  d=0.000424  dMin=0.000000  dAvg=0.030658  dMax=5.419302  Dlo=0.015329  Dhi=2.724980  err=-1.000000  inc=-1.194838  bucket 0->0  (mf=1000)
[MF-SEL] tPrev=(  d=0.000186  dMin=0.000000  dAvg=0.030601  dMax=5.419302  Dlo=0.015300  Dhi=2.724952  err=-1.000000  inc=-1.197358  bucket 0->0  (mf=1000)
[MF-SEL] tPrev=(  d=0.000191  dMin=0.000000  dAvg=0.030544  dMax=5.419302  Dlo=0.015272  Dhi=2.724923  err=-1.000000  inc=-1.199701  bucket 0->0  (mf=1000)
Dropping frame 1403636889.801666
[MF-SEL] tPrev=(  d=0.000119  dMin=0.000000  dAvg=0.030487  dMax=5.419302  Dlo=0.015243  Dhi=2.724895  err=-1.000000  inc=-1.204576  bucket 0->0  (mf=1000)
[MF-SEL] tPrev=(  d=0.001941  dMin=0.000000  dAvg=0.030433  dMax=5.419302  Dlo=0.015217  Dhi=2.724868  err=-1.000000  inc=-1.207084  bucket 0->0  (mf=1000)
[MF-SEL] tPrev=(  d=0.001717  dMin=0.000000  dAvg=0.030380  dMax=5.419302  Dlo=0.015190  Dhi=2.724841  err=-1.000000  inc=-1.209817  bucket 0->0  (mf=1000)
[MF-SEL] tPrev=(  d=0.000270  dMin=0.000000  dAvg=0.030324  dMax=5.419302  Dlo=0.015162  Dhi=2.724813  err=-1.000000  inc=-1.212297  bucket 0->0  (mf=1000)
[MF-SEL] tPrev=(  d=0.000189  dMin=0.000000  dAvg=0.030268  dMax=5.419302  Dlo=0.015134  Dhi=2.724785  err=-1.000000  inc=-1.214785  bucket 0->0  (mf=1000)
[MF-SEL] tPrev=(  d=0.000168  dMin=0.000000  dAvg=0.030212  dMax=5.419302  Dlo=0.015106  Dhi=2.724757  err=-1.000000  inc=-1.217327  bucket 0->0  (mf=1000)
Dropping frame 1403636890.151666
[MF-SEL] tPrev=(  d=0.005790  dMin=0.000000  dAvg=0.030167  dMax=5.419302  Dlo=0.015083  Dhi=2.724735  err=-1.000000  inc=-1.222428  bucket 0->0  (mf=1000)
[MF-SEL] tPrev=(  d=0.003304  dMin=0.000000  dAvg=0.030117  dMax=5.419302  Dlo=0.015059  Dhi=2.724710  err=-1.000000  inc=-1.224773  bucket 0->0  (mf=1000)
[MF-SEL] tPrev=(  d=0.001513  dMin=0.000000  dAvg=0.030064  dMax=5.419302  Dlo=0.015032  Dhi=2.724683  err=-1.000000  inc=-1.227084  bucket 0->0  (mf=1000)
Dropping frame 1403636890.351666
[MF-SEL] tPrev=(  d=0.006349  dMin=0.000000  dAvg=0.030021  dMax=5.419302  Dlo=0.015010  Dhi=2.724662  err=-1.000000  inc=-1.232272  bucket 0->0  (mf=1000)
[MF-SEL] tPrev=(  d=0.000657  dMin=0.000000  dAvg=0.029967  dMax=5.419302  Dlo=0.014983  Dhi=2.724635  err=-1.000000  inc=-1.234820  bucket 0->0  (mf=1000)
[MF-SEL] tPrev=(  d=0.000708  dMin=0.000000  dAvg=0.029913  dMax=5.419302  Dlo=0.014956  Dhi=2.724608  err=-1.000000  inc=-1.237244  bucket 0->0  (mf=1000)
[MF-SEL] tPrev=(  d=0.007821  dMin=0.000000  dAvg=0.029872  dMax=5.419302  Dlo=0.014936  Dhi=2.724587  err=-1.000000  inc=-1.239852  bucket 0->0  (mf=1000)
Dropping frame 1403636890.601666
[MF-SEL] tPrev=(  d=0.007981  dMin=0.000000  dAvg=0.029832  dMax=5.419302  Dlo=0.014916  Dhi=2.724567  err=-1.000000  inc=-1.244875  bucket 0->0  (mf=1000)
[MF-SEL] tPrev=(  d=0.001749  dMin=0.000000  dAvg=0.029781  dMax=5.419302  Dlo=0.014891  Dhi=2.724542  err=-1.000000  inc=-1.247386  bucket 0->0  (mf=1000)
[MF-SEL] tPrev=(  d=0.000683  dMin=0.000000  dAvg=0.029728  dMax=5.419302  Dlo=0.014864  Dhi=2.724515  err=-1.000000  inc=-1.249930  bucket 0->0  (mf=1000)
[MF-SEL] tPrev=(  d=0.000456  dMin=0.000000  dAvg=0.029675  dMax=5.419302  Dlo=0.014837  Dhi=2.724489  err=-1.000000  inc=-1.252360  bucket 0->0  (mf=1000)
[MF-SEL] tPrev=(  d=0.000217  dMin=0.000000  dAvg=0.029622  dMax=5.419302  Dlo=0.014811  Dhi=2.724462  err=-1.000000  inc=-1.254877  bucket 0->0  (mf=1000)
Dropping frame 1403636890.901667
[MF-SEL] tPrev=(  d=0.000919  dMin=0.000000  dAvg=0.029570  dMax=5.419302  Dlo=0.014785  Dhi=2.724436  err=-1.000000  inc=-1.259899  bucket 0->0  (mf=1000)
[MF-SEL] tPrev=(  d=0.001014  dMin=0.000000  dAvg=0.029518  dMax=5.419302  Dlo=0.014759  Dhi=2.724410  err=-1.000000  inc=-1.262391  bucket 0->0  (mf=1000)
[MF-SEL] tPrev=(  d=0.000226  dMin=0.000000  dAvg=0.029465  dMax=5.419302  Dlo=0.014733  Dhi=2.724384  err=-1.000000  inc=-1.264356  bucket 0->0  (mf=1000)
[MF-SEL] tPrev=(  d=0.011316  dMin=0.000000  dAvg=0.029432  dMax=5.419302  Dlo=0.014716  Dhi=2.724367  err=-1.000000  inc=-1.266726  bucket 0->0  (mf=1000)
[MF-SEL] tPrev=(  d=0.003598  dMin=0.000000  dAvg=0.029386  dMax=5.419302  Dlo=0.014693  Dhi=2.724344  err=-1.000000  inc=-1.269150  bucket 0->0  (mf=1000)
[MF-SEL] tPrev=(  d=0.003445  dMin=0.000000  dAvg=0.029339  dMax=5.419302  Dlo=0.014670  Dhi=2.724321  err=-1.000000  inc=-1.271127  bucket 0->0  (mf=1000)
[MF-SEL] tPrev=(  d=0.002069  dMin=0.000000  dAvg=0.029290  dMax=5.419302  Dlo=0.014645  Dhi=2.724296  err=-1.000000  inc=-1.273594  bucket 0->0  (mf=1000)
[MF-SEL] tPrev=(  d=0.002628  dMin=0.000000  dAvg=0.029243  dMax=5.419302  Dlo=0.014621  Dhi=2.724273  err=-1.000000  inc=-1.275953  bucket 0->0  (mf=1000)
[MF-SEL] tPrev=(  d=0.002396  dMin=0.000000  dAvg=0.029195  dMax=5.419302  Dlo=0.014597  Dhi=2.724249  err=-1.000000  inc=-1.278691  bucket 0->0  (mf=1000)
[MF-SEL] tPrev=(  d=0.001907  dMin=0.000000  dAvg=0.029146  dMax=5.419302  Dlo=0.014573  Dhi=2.724224  err=-1.000000  inc=-1.281294  bucket 0->0  (mf=1000)
[MF-SEL] tPrev=(  d=0.001545  dMin=0.000000  dAvg=0.029097  dMax=5.419302  Dlo=0.014549  Dhi=2.724200  err=-1.000000  inc=-1.283771  bucket 0->0  (mf=1000)
[MF-SEL] tPrev=(  d=0.001359  dMin=0.000000  dAvg=0.029048  dMax=5.419302  Dlo=0.014524  Dhi=2.724175  err=-1.000000  inc=-1.286287  bucket 0->0  (mf=1000)
[MF-SEL] tPrev=(  d=0.001267  dMin=0.000000  dAvg=0.028998  dMax=5.419302  Dlo=0.014499  Dhi=2.724150  err=-1.000000  inc=-1.288774  bucket 0->0  (mf=1000)
[MF-SEL] tPrev=(  d=0.000998  dMin=0.000000  dAvg=0.028949  dMax=5.419302  Dlo=0.014474  Dhi=2.724126  err=-1.000000  inc=-1.291270  bucket 0->0  (mf=1000)
[MF-SEL] tPrev=(  d=0.000377  dMin=0.000000  dAvg=0.028898  dMax=5.419302  Dlo=0.014449  Dhi=2.724100  err=-1.000000  inc=-1.293489  bucket 0->0  (mf=1000)
Dropping frame 1403636891.701667
[MF-SEL] tPrev=(  d=0.005637  dMin=0.000000  dAvg=0.028857  dMax=5.419302  Dlo=0.014429  Dhi=2.724080  err=-1.000000  inc=-1.298758  bucket 0->0  (mf=1000)
[MF-SEL] tPrev=(  d=0.001086  dMin=0.000000  dAvg=0.028809  dMax=5.419302  Dlo=0.014404  Dhi=2.724055  err=-1.000000  inc=-1.301284  bucket 0->0  (mf=1000)
[MF-SEL] tPrev=(  d=0.001166  dMin=0.000000  dAvg=0.028760  dMax=5.419302  Dlo=0.014380  Dhi=2.724031  err=-1.000000  inc=-1.303822  bucket 0->0  (mf=1000)
[MF-SEL] tPrev=(  d=0.001258  dMin=0.000000  dAvg=0.028712  dMax=5.419302  Dlo=0.014356  Dhi=2.724007  err=-1.000000  inc=-1.306313  bucket 0->0  (mf=1000)
[MF-SEL] tPrev=(  d=0.001447  dMin=0.000000  dAvg=0.028664  dMax=5.419302  Dlo=0.014332  Dhi=2.723983  err=-1.000000  inc=-1.308855  bucket 0->0  (mf=1000)
[MF-SEL] tPrev=(  d=0.001278  dMin=0.000000  dAvg=0.028616  dMax=5.419302  Dlo=0.014308  Dhi=2.723959  err=-1.000000  inc=-1.311358  bucket 0->0  (mf=1000)
[MF-SEL] tPrev=(  d=0.000972  dMin=0.000000  dAvg=0.028568  dMax=5.419302  Dlo=0.014284  Dhi=2.723935  err=-1.000000  inc=-1.313873  bucket 0->0  (mf=1000)
[MF-SEL] tPrev=(  d=0.001147  dMin=0.000000  dAvg=0.028520  dMax=5.419302  Dlo=0.014260  Dhi=2.723911  err=-1.000000  inc=-1.316458  bucket 0->0  (mf=1000)
[MF-SEL] tPrev=(  d=0.000725  dMin=0.000000  dAvg=0.028472  dMax=5.419302  Dlo=0.014236  Dhi=2.723887  err=-1.000000  inc=-1.318735  bucket 0->0  (mf=1000)
[MF-SEL] tPrev=(  d=0.000928  dMin=0.000000  dAvg=0.028424  dMax=5.419302  Dlo=0.014212  Dhi=2.723863  err=-1.000000  inc=-1.321296  bucket 0->0  (mf=1000)
[MF-SEL] tPrev=(  d=0.007561  dMin=0.000000  dAvg=0.028388  dMax=5.419302  Dlo=0.014194  Dhi=2.723845  err=-1.000000  inc=-1.323533  bucket 0->0  (mf=1000)
[MF-SEL] tPrev=(  d=0.002092  dMin=0.000000  dAvg=0.028342  dMax=5.419302  Dlo=0.014171  Dhi=2.723822  err=-1.000000  inc=-1.326475  bucket 0->0  (mf=1000)
[MF-SEL] tPrev=(  d=0.002131  dMin=0.000000  dAvg=0.028297  dMax=5.419302  Dlo=0.014148  Dhi=2.723800  err=-1.000000  inc=-1.328929  bucket 0->0  (mf=1000)
[MF-SEL] tPrev=(  d=0.002360  dMin=0.000000  dAvg=0.028252  dMax=5.419302  Dlo=0.014126  Dhi=2.723777  err=-1.000000  inc=-1.331473  bucket 0->0  (mf=1000)
[MF-SEL] tPrev=(  d=0.002286  dMin=0.000000  dAvg=0.028208  dMax=5.419302  Dlo=0.014104  Dhi=2.723755  err=-1.000000  inc=-1.334009  bucket 0->0  (mf=1000)
[MF-SEL] tPrev=(  d=0.002383  dMin=0.000000  dAvg=0.028163  dMax=5.419302  Dlo=0.014082  Dhi=2.723733  err=-1.000000  inc=-1.336506  bucket 0->0  (mf=1000)
[MF-SEL] tPrev=(  d=0.001720  dMin=0.000000  dAvg=0.028118  dMax=5.419302  Dlo=0.014059  Dhi=2.723710  err=-1.000000  inc=-1.338975  bucket 0->0  (mf=1000)
[MF-SEL] tPrev=(  d=0.001709  dMin=0.000000  dAvg=0.028073  dMax=5.419302  Dlo=0.014036  Dhi=2.723688  err=-1.000000  inc=-1.341456  bucket 0->0  (mf=1000)
[MF-SEL] tPrev=(  d=0.000580  dMin=0.000000  dAvg=0.028026  dMax=5.419302  Dlo=0.014013  Dhi=2.723664  err=-1.000000  inc=-1.343784  bucket 0->0  (mf=1000)
[MF-SEL] tPrev=(  d=0.000580  dMin=0.000000  dAvg=0.027979  dMax=5.419302  Dlo=0.013989  Dhi=2.723641  err=-1.000000  inc=-1.346296  bucket 0->0  (mf=1000)
[MF-SEL] tPrev=(  d=0.005360  dMin=0.000000  dAvg=0.027940  dMax=5.419302  Dlo=0.013970  Dhi=2.723621  err=-1.000000  inc=-1.348635  bucket 0->0  (mf=1000)
[MF-SEL] tPrev=(  d=0.002687  dMin=0.000000  dAvg=0.027897  dMax=5.419302  Dlo=0.013949  Dhi=2.723600  err=-1.000000  inc=-1.351380  bucket 0->0  (mf=1000)
[MF-SEL] tPrev=(  d=0.002747  dMin=0.000000  dAvg=0.027855  dMax=5.419302  Dlo=0.013927  Dhi=2.723579  err=-1.000000  inc=-1.353889  bucket 0->0  (mf=1000)
[MF-SEL] tPrev=(  d=0.002641  dMin=0.000000  dAvg=0.027812  dMax=5.419302  Dlo=0.013906  Dhi=2.723557  err=-1.000000  inc=-1.356503  bucket 0->0  (mf=1000)
[MF-SEL] tPrev=(  d=0.002561  dMin=0.000000  dAvg=0.027769  dMax=5.419302  Dlo=0.013885  Dhi=2.723536  err=-1.000000  inc=-1.358840  bucket 0->0  (mf=1000)
[MF-SEL] tPrev=(  d=0.002632  dMin=0.000000  dAvg=0.027727  dMax=5.419302  Dlo=0.013863  Dhi=2.723515  err=-1.000000  inc=-1.361309  bucket 0->0  (mf=1000)
[MF-SEL] tPrev=(  d=0.001746  dMin=0.000000  dAvg=0.027683  dMax=5.419302  Dlo=0.013841  Dhi=2.723493  err=-1.000000  inc=-1.363925  bucket 0->0  (mf=1000)
[MF-SEL] tPrev=(  d=0.002533  dMin=0.000000  dAvg=0.027641  dMax=5.419302  Dlo=0.013820  Dhi=2.723471  err=-1.000000  inc=-1.366499  bucket 0->0  (mf=1000)
[MF-SEL] tPrev=(  d=0.000963  dMin=0.000000  dAvg=0.027596  dMax=5.419302  Dlo=0.013798  Dhi=2.723449  err=-1.000000  inc=-1.368787  bucket 0->0  (mf=1000)
[MF-SEL] tPrev=(  d=0.000943  dMin=0.000000  dAvg=0.027551  dMax=5.419302  Dlo=0.013775  Dhi=2.723427  err=-1.000000  inc=-1.371521  bucket 0->0  (mf=1000)
[MF-SEL] tPrev=(  d=0.006272  dMin=0.000000  dAvg=0.027515  dMax=5.419302  Dlo=0.013758  Dhi=2.723409  err=-1.000000  inc=-1.373545  bucket 0->0  (mf=1000)
[MF-SEL] tPrev=(  d=0.002403  dMin=0.000000  dAvg=0.027473  dMax=5.419302  Dlo=0.013737  Dhi=2.723388  err=-1.000000  inc=-1.376338  bucket 0->0  (mf=1000)
[MF-SEL] tPrev=(  d=0.002420  dMin=0.000000  dAvg=0.027432  dMax=5.419302  Dlo=0.013716  Dhi=2.723367  err=-1.000000  inc=-1.378890  bucket 0->0  (mf=1000)
[MF-SEL] tPrev=(  d=0.002303  dMin=0.000000  dAvg=0.027390  dMax=5.419302  Dlo=0.013695  Dhi=2.723346  err=-1.000000  inc=-1.381440  bucket 0->0  (mf=1000)
[MF-SEL] tPrev=(  d=0.002216  dMin=0.000000  dAvg=0.027348  dMax=5.419302  Dlo=0.013674  Dhi=2.723325  err=-1.000000  inc=-1.384007  bucket 0->0  (mf=1000)
[MF-SEL] tPrev=(  d=0.002144  dMin=0.000000  dAvg=0.027306  dMax=5.419302  Dlo=0.013653  Dhi=2.723304  err=-1.000000  inc=-1.386427  bucket 0->0  (mf=1000)
[MF-SEL] tPrev=(  d=0.001970  dMin=0.000000  dAvg=0.027264  dMax=5.419302  Dlo=0.013632  Dhi=2.723283  err=-1.000000  inc=-1.389035  bucket 0->0  (mf=1000)
[MF-SEL] tPrev=(  d=0.001757  dMin=0.000000  dAvg=0.027222  dMax=5.419302  Dlo=0.013611  Dhi=2.723262  err=-1.000000  inc=-1.391594  bucket 0->0  (mf=1000)
[MF-SEL] tPrev=(  d=0.000776  dMin=0.000000  dAvg=0.027178  dMax=5.419302  Dlo=0.013589  Dhi=2.723240  err=-1.000000  inc=-1.393864  bucket 0->0  (mf=1000)
[MF-SEL] tPrev=(  d=0.000728  dMin=0.000000  dAvg=0.027134  dMax=5.419302  Dlo=0.013567  Dhi=2.723218  err=-1.000000  inc=-1.396336  bucket 0->0  (mf=1000)
[MF-SEL] tPrev=(  d=0.006986  dMin=0.000000  dAvg=0.027101  dMax=5.419302  Dlo=0.013551  Dhi=2.723202  err=-1.000000  inc=-1.398654  bucket 0->0  (mf=1000)
[MF-SEL] tPrev=(  d=0.002522  dMin=0.000000  dAvg=0.027061  dMax=5.419302  Dlo=0.013530  Dhi=2.723182  err=-1.000000  inc=-1.401356  bucket 0->0  (mf=1000)
[MF-SEL] tPrev=(  d=0.002504  dMin=0.000000  dAvg=0.027020  dMax=5.419302  Dlo=0.013510  Dhi=2.723161  err=-1.000000  inc=-1.404000  bucket 0->0  (mf=1000)
[MF-SEL] tPrev=(  d=0.002449  dMin=0.000000  dAvg=0.026980  dMax=5.419302  Dlo=0.013490  Dhi=2.723141  err=-1.000000  inc=-1.406559  bucket 0->0  (mf=1000)
[MF-SEL] tPrev=(  d=0.002372  dMin=0.000000  dAvg=0.026940  dMax=5.419302  Dlo=0.013470  Dhi=2.723121  err=-1.000000  inc=-1.409046  bucket 0->0  (mf=1000)
[MF-SEL] tPrev=(  d=0.002321  dMin=0.000000  dAvg=0.026900  dMax=5.419302  Dlo=0.013450  Dhi=2.723101  err=-1.000000  inc=-1.411698  bucket 0->0  (mf=1000)
[MF-SEL] tPrev=(  d=0.002227  dMin=0.000000  dAvg=0.026859  dMax=5.419302  Dlo=0.013430  Dhi=2.723081  err=-1.000000  inc=-1.414014  bucket 0->0  (mf=1000)
[MF-SEL] tPrev=(  d=0.002181  dMin=0.000000  dAvg=0.026819  dMax=5.419302  Dlo=0.013410  Dhi=2.723061  err=-1.000000  inc=-1.416588  bucket 0->0  (mf=1000)
[MF-SEL] tPrev=(  d=0.001530  dMin=0.000000  dAvg=0.026778  dMax=5.419302  Dlo=0.013389  Dhi=2.723040  err=-1.000000  inc=-1.419061  bucket 0->0  (mf=1000)
[MF-SEL] tPrev=(  d=0.001003  dMin=0.000000  dAvg=0.026736  dMax=5.419302  Dlo=0.013368  Dhi=2.723019  err=-1.000000  inc=-1.421355  bucket 0->0  (mf=1000)
Dropping frame 1403636894.251667
[MF-SEL] tPrev=(  d=0.020527  dMin=0.000000  dAvg=0.026726  dMax=5.419302  Dlo=0.013363  Dhi=2.723014  err=0.000000  inc=-0.666374  bucket 0->0  (mf=1000)
[MF-SEL] tPrev=(  d=0.002452  dMin=0.000000  dAvg=0.026687  dMax=5.419302  Dlo=0.013343  Dhi=2.722995  err=-1.000000  inc=-1.737539  bucket 0->0  (mf=1000)
[MF-SEL] tPrev=(  d=0.002414  dMin=0.000000  dAvg=0.026648  dMax=5.419302  Dlo=0.013324  Dhi=2.722975  err=-1.000000  inc=-1.426495  bucket 0->0  (mf=1000)
[MF-SEL] tPrev=(  d=0.002242  dMin=0.000000  dAvg=0.026608  dMax=5.419302  Dlo=0.013304  Dhi=2.722955  err=-1.000000  inc=-1.428877  bucket 0->0  (mf=1000)
[MF-SEL] tPrev=(  d=0.002040  dMin=0.000000  dAvg=0.026569  dMax=5.419302  Dlo=0.013284  Dhi=2.722936  err=-1.000000  inc=-1.431517  bucket 0->0  (mf=1000)
[MF-SEL] tPrev=(  d=0.001764  dMin=0.000000  dAvg=0.026529  dMax=5.419302  Dlo=0.013264  Dhi=2.722916  err=-1.000000  inc=-1.433978  bucket 0->0  (mf=1000)
[MF-SEL] tPrev=(  d=0.001368  dMin=0.000000  dAvg=0.026488  dMax=5.419302  Dlo=0.013244  Dhi=2.722895  err=-1.000000  inc=-1.436634  bucket 0->0  (mf=1000)
[MF-SEL] tPrev=(  d=0.000622  dMin=0.000000  dAvg=0.026447  dMax=5.419302  Dlo=0.013223  Dhi=2.722875  err=-1.000000  inc=-1.439020  bucket 0->0  (mf=1000)
Dropping frame 1403636894.701667
[MF-SEL] tPrev=(  d=0.006047  dMin=0.000000  dAvg=0.026414  dMax=5.419302  Dlo=0.013207  Dhi=2.722858  err=-1.000000  inc=-1.443927  bucket 0->0  (mf=1000)
[MF-SEL] tPrev=(  d=0.002101  dMin=0.000000  dAvg=0.026375  dMax=5.419302  Dlo=0.013188  Dhi=2.722839  err=-1.000000  inc=-1.446513  bucket 0->0  (mf=1000)
[MF-SEL] tPrev=(  d=0.002162  dMin=0.000000  dAvg=0.026337  dMax=5.419302  Dlo=0.013168  Dhi=2.722820  err=-1.000000  inc=-1.449007  bucket 0->0  (mf=1000)
[MF-SEL] tPrev=(  d=0.001838  dMin=0.000000  dAvg=0.026298  dMax=5.419302  Dlo=0.013149  Dhi=2.722800  err=-1.000000  inc=-1.451526  bucket 0->0  (mf=1000)
[MF-SEL] tPrev=(  d=0.001394  dMin=0.000000  dAvg=0.026258  dMax=5.419302  Dlo=0.013129  Dhi=2.722780  err=-1.000000  inc=-1.453984  bucket 0->0  (mf=1000)
[MF-SEL] tPrev=(  d=0.000930  dMin=0.000000  dAvg=0.026218  dMax=5.419302  Dlo=0.013109  Dhi=2.722760  err=-1.000000  inc=-1.456532  bucket 0->0  (mf=1000)
[MF-SEL] tPrev=(  d=0.000667  dMin=0.000000  dAvg=0.026178  dMax=5.419302  Dlo=0.013089  Dhi=2.722740  err=-1.000000  inc=-1.459131  bucket 0->0  (mf=1000)
[MF-SEL] tPrev=(  d=0.000224  dMin=0.000000  dAvg=0.026136  dMax=5.419302  Dlo=0.013068  Dhi=2.722719  err=-1.000000  inc=-1.461304  bucket 0->0  (mf=1000)
Dropping frame 1403636895.151666
[MF-SEL] tPrev=(  d=0.001007  dMin=0.000000  dAvg=0.026097  dMax=5.419302  Dlo=0.013048  Dhi=2.722700  err=-1.000000  inc=-1.466385  bucket 0->0  (mf=1000)
[MF-SEL] tPrev=(  d=0.010973  dMin=0.000000  dAvg=0.026073  dMax=5.419302  Dlo=0.013036  Dhi=2.722688  err=-1.000000  inc=-1.469016  bucket 0->0  (mf=1000)
[MF-SEL] tPrev=(  d=0.001569  dMin=0.000000  dAvg=0.026034  dMax=5.419302  Dlo=0.013017  Dhi=2.722668  err=-1.000000  inc=-1.471632  bucket 0->0  (mf=1000)
[MF-SEL] tPrev=(  d=0.001404  dMin=0.000000  dAvg=0.025996  dMax=5.419302  Dlo=0.012998  Dhi=2.722649  err=-1.000000  inc=-1.474164  bucket 0->0  (mf=1000)
[MF-SEL] tPrev=(  d=0.001160  dMin=0.000000  dAvg=0.025957  dMax=5.419302  Dlo=0.012978  Dhi=2.722630  err=-1.000000  inc=-1.476589  bucket 0->0  (mf=1000)
[MF-SEL] tPrev=(  d=0.000973  dMin=0.000000  dAvg=0.025917  dMax=5.419302  Dlo=0.012959  Dhi=2.722610  err=-1.000000  inc=-1.479212  bucket 0->0  (mf=1000)
[MF-SEL] tPrev=(  d=0.000895  dMin=0.000000  dAvg=0.025878  dMax=5.419302  Dlo=0.012939  Dhi=2.722590  err=-1.000000  inc=-1.481665  bucket 0->0  (mf=1000)
[MF-SEL] tPrev=(  d=0.000801  dMin=0.000000  dAvg=0.025839  dMax=5.419302  Dlo=0.012920  Dhi=2.722571  err=-1.000000  inc=-1.484098  bucket 0->0  (mf=1000)
[MF-SEL] tPrev=(  d=0.000720  dMin=0.000000  dAvg=0.025800  dMax=5.419302  Dlo=0.012900  Dhi=2.722551  err=-1.000000  inc=-1.486634  bucket 0->0  (mf=1000)
[MF-SEL] tPrev=(  d=0.000542  dMin=0.000000  dAvg=0.025761  dMax=5.419302  Dlo=0.012880  Dhi=2.722532  err=-1.000000  inc=-1.488918  bucket 0->0  (mf=1000)
[MF-SEL] tPrev=(  d=0.000537  dMin=0.000000  dAvg=0.025721  dMax=5.419302  Dlo=0.012861  Dhi=2.722512  err=-1.000000  inc=-1.491548  bucket 0->0  (mf=1000)
[MF-SEL] tPrev=(  d=0.011974  dMin=0.000000  dAvg=0.025700  dMax=5.419302  Dlo=0.012850  Dhi=2.722501  err=-1.000000  inc=-1.493954  bucket 0->0  (mf=1000)
[MF-SEL] tPrev=(  d=0.002032  dMin=0.000000  dAvg=0.025663  dMax=5.419302  Dlo=0.012832  Dhi=2.722483  err=-1.000000  inc=-1.496697  bucket 0->0  (mf=1000)
[MF-SEL] tPrev=(  d=0.002021  dMin=0.000000  dAvg=0.025627  dMax=5.419302  Dlo=0.012813  Dhi=2.722465  err=-1.000000  inc=-1.499248  bucket 0->0  (mf=1000)
[MF-SEL] tPrev=(  d=0.001957  dMin=0.000000  dAvg=0.025590  dMax=5.419302  Dlo=0.012795  Dhi=2.722446  err=-1.000000  inc=-1.501721  bucket 0->0  (mf=1000)
[MF-SEL] tPrev=(  d=0.001766  dMin=0.000000  dAvg=0.025553  dMax=5.419302  Dlo=0.012777  Dhi=2.722428  err=-1.000000  inc=-1.504232  bucket 0->0  (mf=1000)
[MF-SEL] tPrev=(  d=0.001571  dMin=0.000000  dAvg=0.025516  dMax=5.419302  Dlo=0.012758  Dhi=2.722409  err=-1.000000  inc=-1.506714  bucket 0->0  (mf=1000)
[MF-SEL] tPrev=(  d=0.001050  dMin=0.000000  dAvg=0.025479  dMax=5.419302  Dlo=0.012739  Dhi=2.722391  err=-1.000000  inc=-1.509194  bucket 0->0  (mf=1000)
[MF-SEL] tPrev=(  d=0.000662  dMin=0.000000  dAvg=0.025441  dMax=5.419302  Dlo=0.012720  Dhi=2.722372  err=-1.000000  inc=-1.511727  bucket 0->0  (mf=1000)
[MF-SEL] tPrev=(  d=0.000923  dMin=0.000000  dAvg=0.025403  dMax=5.419302  Dlo=0.012702  Dhi=2.722353  err=-1.000000  inc=-1.514310  bucket 0->0  (mf=1000)
[MF-SEL] tPrev=(  d=0.000289  dMin=0.000000  dAvg=0.025365  dMax=5.419302  Dlo=0.012682  Dhi=2.722334  err=-1.000000  inc=-1.516521  bucket 0->0  (mf=1000)
[MF-SEL] tPrev=(  d=0.012898  dMin=0.000000  dAvg=0.025346  dMax=5.419302  Dlo=0.012673  Dhi=2.722324  err=0.000000  inc=-0.581296  bucket 0->0  (mf=1000)
[MF-SEL] tPrev=(  d=0.001645  dMin=0.000000  dAvg=0.025309  dMax=5.419302  Dlo=0.012655  Dhi=2.722306  err=-1.000000  inc=-1.803964  bucket 0->0  (mf=1000)
[MF-SEL] tPrev=(  d=0.001685  dMin=0.000000  dAvg=0.025273  dMax=5.419302  Dlo=0.012637  Dhi=2.722288  err=-1.000000  inc=-1.521870  bucket 0->0  (mf=1000)
[MF-SEL] tPrev=(  d=0.001668  dMin=0.000000  dAvg=0.025237  dMax=5.419302  Dlo=0.012619  Dhi=2.722270  err=-1.000000  inc=-1.524391  bucket 0->0  (mf=1000)
[MF-SEL] tPrev=(  d=0.002018  dMin=0.000000  dAvg=0.025202  dMax=5.419302  Dlo=0.012601  Dhi=2.722252  err=-1.000000  inc=-1.526873  bucket 0->0  (mf=1000)
[MF-SEL] tPrev=(  d=0.001479  dMin=0.000000  dAvg=0.025166  dMax=5.419302  Dlo=0.012583  Dhi=2.722234  err=-1.000000  inc=-1.529448  bucket 0->0  (mf=1000)
[MF-SEL] tPrev=(  d=0.001292  dMin=0.000000  dAvg=0.025130  dMax=5.419302  Dlo=0.012565  Dhi=2.722216  err=-1.000000  inc=-1.531908  bucket 0->0  (mf=1000)
[MF-SEL] tPrev=(  d=0.001032  dMin=0.000000  dAvg=0.025093  dMax=5.419302  Dlo=0.012547  Dhi=2.722198  err=-1.000000  inc=-1.534484  bucket 0->0  (mf=1000)
[MF-SEL] tPrev=(  d=0.000683  dMin=0.000000  dAvg=0.025057  dMax=5.419302  Dlo=0.012528  Dhi=2.722180  err=-1.000000  inc=-1.536988  bucket 0->0  (mf=1000)
Dropping frame 1403636896.701667
[MF-SEL] tPrev=(  d=0.034439  dMin=0.000000  dAvg=0.025071  dMax=5.419302  Dlo=0.012535  Dhi=2.722187  err=0.000000  inc=-0.756470  bucket 0->0  (mf=1000)
[MF-SEL] tPrev=(  d=0.002872  dMin=0.000000  dAvg=0.025037  dMax=5.419302  Dlo=0.012519  Dhi=2.722170  err=-1.000000  inc=-1.807034  bucket 0->0  (mf=1000)
[MF-SEL] tPrev=(  d=0.002544  dMin=0.000000  dAvg=0.025004  dMax=5.419302  Dlo=0.012502  Dhi=2.722153  err=-1.000000  inc=-1.542519  bucket 0->0  (mf=1000)
[MF-SEL] tPrev=(  d=0.002007  dMin=0.000000  dAvg=0.024969  dMax=5.419302  Dlo=0.012484  Dhi=2.722136  err=-1.000000  inc=-1.544989  bucket 0->0  (mf=1000)
[MF-SEL] tPrev=(  d=0.001399  dMin=0.000000  dAvg=0.024934  dMax=5.419302  Dlo=0.012467  Dhi=2.722118  err=-1.000000  inc=-1.547467  bucket 0->0  (mf=1000)
[MF-SEL] tPrev=(  d=0.001028  dMin=0.000000  dAvg=0.024898  dMax=5.419302  Dlo=0.012449  Dhi=2.722100  err=-1.000000  inc=-1.549981  bucket 0->0  (mf=1000)
[MF-SEL] tPrev=(  d=0.000516  dMin=0.000000  dAvg=0.024861  dMax=5.419302  Dlo=0.012431  Dhi=2.722082  err=-1.000000  inc=-1.552505  bucket 0->0  (mf=1000)
[MF-SEL] tPrev=(  d=0.001096  dMin=0.000000  dAvg=0.024826  dMax=5.419302  Dlo=0.012413  Dhi=2.722064  err=-1.000000  inc=-1.554998  bucket 0->0  (mf=1000)
[MF-SEL] tPrev=(  d=0.000949  dMin=0.000000  dAvg=0.024790  dMax=5.419302  Dlo=0.012395  Dhi=2.722046  err=-1.000000  inc=-1.557416  bucket 0->0  (mf=1000)
[MF-SEL] tPrev=(  d=0.000811  dMin=0.000000  dAvg=0.024755  dMax=5.419302  Dlo=0.012377  Dhi=2.722029  err=-1.000000  inc=-1.559936  bucket 0->0  (mf=1000)
[MF-SEL] tPrev=(  d=0.005934  dMin=0.000000  dAvg=0.024727  dMax=5.419302  Dlo=0.012363  Dhi=2.722015  err=-1.000000  inc=-1.562547  bucket 0->0  (mf=1000)
[MF-SEL] tPrev=(  d=0.002189  dMin=0.000000  dAvg=0.024693  dMax=5.419302  Dlo=0.012347  Dhi=2.721998  err=-1.000000  inc=-1.565179  bucket 0->0  (mf=1000)
[MF-SEL] tPrev=(  d=0.003529  dMin=0.000000  dAvg=0.024662  dMax=5.419302  Dlo=0.012331  Dhi=2.721982  err=-1.000000  inc=-1.567716  bucket 0->0  (mf=1000)
[MF-SEL] tPrev=(  d=0.005075  dMin=0.000000  dAvg=0.024633  dMax=5.419302  Dlo=0.012316  Dhi=2.721968  err=-1.000000  inc=-1.569944  bucket 0->0  (mf=1000)
[MF-SEL] tPrev=(  d=0.006148  dMin=0.000000  dAvg=0.024606  dMax=5.419302  Dlo=0.012303  Dhi=2.721954  err=-1.000000  inc=-1.572286  bucket 0->0  (mf=1000)
Dropping frame 1403636897.501667
[MF-SEL] tPrev=(  d=0.022677  dMin=0.000000  dAvg=0.024603  dMax=5.419302  Dlo=0.012301  Dhi=2.721953  err=0.000000  inc=-0.814306  bucket 0->0  (mf=1000)
[MF-SEL] tPrev=(  d=0.009002  dMin=0.000000  dAvg=0.024580  dMax=5.419302  Dlo=0.012290  Dhi=2.721941  err=-1.000000  inc=-1.893280  bucket 0->0  (mf=1000)
[MF-SEL] tPrev=(  d=0.009111  dMin=0.000000  dAvg=0.024557  dMax=5.419302  Dlo=0.012279  Dhi=2.721930  err=-1.000000  inc=-1.576990  bucket 0->0  (mf=1000)
[MF-SEL] tPrev=(  d=0.019998  dMin=0.000000  dAvg=0.024550  dMax=5.419302  Dlo=0.012275  Dhi=2.721926  err=0.000000  inc=-0.674984  bucket 0->0  (mf=1000)
[MF-SEL] tPrev=(  d=0.009436  dMin=0.000000  dAvg=0.024528  dMax=5.419302  Dlo=0.012264  Dhi=2.721915  err=-1.000000  inc=-1.920518  bucket 0->0  (mf=1000)
[MF-SEL] tPrev=(  d=0.018553  dMin=0.000000  dAvg=0.024519  dMax=5.419302  Dlo=0.012260  Dhi=2.721911  err=0.000000  inc=-0.629209  bucket 0->0  (mf=1000)
[MF-SEL] tPrev=(  d=0.009394  dMin=0.000000  dAvg=0.024497  dMax=5.419302  Dlo=0.012249  Dhi=2.721900  err=-1.000000  inc=-1.905327  bucket 0->0  (mf=1000)
[MF-SEL] tPrev=(  d=0.018996  dMin=0.000000  dAvg=0.024489  dMax=5.419302  Dlo=0.012245  Dhi=2.721896  err=0.000000  inc=-0.677817  bucket 0->0  (mf=1000)
[MF-SEL] tPrev=(  d=0.010362  dMin=0.000000  dAvg=0.024469  dMax=5.419302  Dlo=0.012234  Dhi=2.721886  err=-1.000000  inc=-1.908036  bucket 0->0  (mf=1000)
[MF-SEL] tPrev=(  d=0.017569  dMin=0.000000  dAvg=0.024459  dMax=5.419302  Dlo=0.012229  Dhi=2.721881  err=0.000000  inc=-0.650675  bucket 0->0  (mf=1000)
[MF-SEL] tPrev=(  d=0.007969  dMin=0.000000  dAvg=0.024435  dMax=5.419302  Dlo=0.012217  Dhi=2.721869  err=-1.000000  inc=-1.921119  bucket 0->0  (mf=1000)
[MF-SEL] tPrev=(  d=0.012751  dMin=0.000000  dAvg=0.024418  dMax=5.419302  Dlo=0.012209  Dhi=2.721860  err=0.000000  inc=-0.635862  bucket 0->0  (mf=1000)
[MF-SEL] tPrev=(  d=0.005867  dMin=0.000000  dAvg=0.024391  dMax=5.419302  Dlo=0.012195  Dhi=2.721847  err=-1.000000  inc=-1.936121  bucket 0->0  (mf=1000)
[MF-SEL] tPrev=(  d=0.007617  dMin=0.000000  dAvg=0.024367  dMax=5.419302  Dlo=0.012183  Dhi=2.721835  err=-1.000000  inc=-1.591118  bucket 0->0  (mf=1000)
[MF-SEL] tPrev=(  d=0.008761  dMin=0.000000  dAvg=0.024344  dMax=5.419302  Dlo=0.012172  Dhi=2.721823  err=-1.000000  inc=-1.593519  bucket 0->0  (mf=1000)
[MF-SEL] tPrev=(  d=0.008819  dMin=0.000000  dAvg=0.024322  dMax=5.419302  Dlo=0.012161  Dhi=2.721812  err=-1.000000  inc=-1.595834  bucket 0->0  (mf=1000)
[MF-SEL] tPrev=(  d=0.010442  dMin=0.000000  dAvg=0.024302  dMax=5.419302  Dlo=0.012151  Dhi=2.721802  err=-1.000000  inc=-1.597949  bucket 0->0  (mf=1000)
[MF-SEL] tPrev=(  d=0.011786  dMin=0.000000  dAvg=0.024284  dMax=5.419302  Dlo=0.012142  Dhi=2.721793  err=-1.000000  inc=-1.600318  bucket 0->0  (mf=1000)
[MF-SEL] tPrev=(  d=0.010957  dMin=0.000000  dAvg=0.024264  dMax=5.419302  Dlo=0.012132  Dhi=2.721783  err=-1.000000  inc=-1.602820  bucket 0->0  (mf=1000)
[MF-SEL] tPrev=(  d=0.011633  dMin=0.000000  dAvg=0.024246  dMax=5.419302  Dlo=0.012123  Dhi=2.721774  err=-1.000000  inc=-1.605154  bucket 0->0  (mf=1000)
[MF-SEL] tPrev=(  d=0.011998  dMin=0.000000  dAvg=0.024229  dMax=5.419302  Dlo=0.012114  Dhi=2.721766  err=-1.000000  inc=-1.607704  bucket 0->0  (mf=1000)
[MF-SEL] tPrev=(  d=0.011731  dMin=0.000000  dAvg=0.024211  dMax=5.419302  Dlo=0.012105  Dhi=2.721757  err=-1.000000  inc=-1.609970  bucket 0->0  (mf=1000)
[MF-SEL] tPrev=(  d=0.011626  dMin=0.000000  dAvg=0.024193  dMax=5.419302  Dlo=0.012096  Dhi=2.721748  err=-1.000000  inc=-1.612480  bucket 0->0  (mf=1000)
Dropping frame 1403636898.701667
[MF-SEL] tPrev=(  d=0.022463  dMin=0.000000  dAvg=0.024190  dMax=5.419302  Dlo=0.012095  Dhi=2.721746  err=0.000000  inc=-0.849297  bucket 0->0  (mf=1000)
[MF-SEL] tPrev=(  d=0.019021  dMin=0.000000  dAvg=0.024183  dMax=5.419302  Dlo=0.012092  Dhi=2.721743  err=0.000000  inc=-1.012480  bucket 0->0  (mf=1000)
Dropping frame 1403636898.851666
[MF-SEL] tPrev=(  d=0.021932  dMin=0.000000  dAvg=0.024180  dMax=5.419302  Dlo=0.012090  Dhi=2.721741  err=0.000000  inc=-1.012480  bucket 0->0  (mf=1000)
[MF-SEL] tPrev=(  d=0.018356  dMin=0.000000  dAvg=0.024172  dMax=5.419302  Dlo=0.012086  Dhi=2.721737  err=0.000000  inc=-1.012480  bucket 0->0  (mf=1000)
[MF-SEL] tPrev=(  d=0.012634  dMin=0.000000  dAvg=0.024155  dMax=5.419302  Dlo=0.012078  Dhi=2.721729  err=0.000000  inc=-1.012480  bucket 0->0  (mf=1000)
[MF-SEL] tPrev=(  d=0.013103  dMin=0.000000  dAvg=0.024140  dMax=5.419302  Dlo=0.012070  Dhi=2.721721  err=0.000000  inc=-1.012480  bucket 0->0  (mf=1000)
Dropping frame 1403636899.101666
[MF-SEL] tPrev=(  d=0.025420  dMin=0.000000  dAvg=0.024141  dMax=5.419302  Dlo=0.012071  Dhi=2.721722  err=0.000000  inc=-1.012480  bucket 0->0  (mf=1000)
[MF-SEL] tPrev=(  d=0.011729  dMin=0.000000  dAvg=0.024124  dMax=5.419302  Dlo=0.012062  Dhi=2.721713  err=-1.000000  inc=-1.936157  bucket 0->0  (mf=1000)
[MF-SEL] tPrev=(  d=0.013998  dMin=0.000000  dAvg=0.024110  dMax=5.419302  Dlo=0.012055  Dhi=2.721706  err=0.000000  inc=-0.706444  bucket 0->0  (mf=1000)
[MF-SEL] tPrev=(  d=0.013792  dMin=0.000000  dAvg=0.024095  dMax=5.419302  Dlo=0.012048  Dhi=2.721699  err=0.000000  inc=-1.014971  bucket 0->0  (mf=1000)
[MF-SEL] tPrev=(  d=0.013843  dMin=0.000000  dAvg=0.024081  dMax=5.419302  Dlo=0.012040  Dhi=2.721692  err=0.000000  inc=-1.014971  bucket 0->0  (mf=1000)
[MF-SEL] tPrev=(  d=0.014227  dMin=0.000000  dAvg=0.024067  dMax=5.419302  Dlo=0.012033  Dhi=2.721685  err=0.000000  inc=-1.014971  bucket 0->0  (mf=1000)
[MF-SEL] tPrev=(  d=0.012925  dMin=0.000000  dAvg=0.024051  dMax=5.419302  Dlo=0.012026  Dhi=2.721677  err=0.000000  inc=-1.014971  bucket 0->0  (mf=1000)
[MF-SEL] tPrev=(  d=0.012041  dMin=0.000000  dAvg=0.024034  dMax=5.419302  Dlo=0.012017  Dhi=2.721668  err=0.000000  inc=-1.014971  bucket 0->0  (mf=1000)
[MF-SEL] tPrev=(  d=0.011356  dMin=0.000000  dAvg=0.024017  dMax=5.419302  Dlo=0.012008  Dhi=2.721660  err=-1.000000  inc=-2.009791  bucket 0->0  (mf=1000)
[MF-SEL] tPrev=(  d=0.016680  dMin=0.000000  dAvg=0.024006  dMax=5.419302  Dlo=0.012003  Dhi=2.721654  err=0.000000  inc=-0.694755  bucket 0->0  (mf=1000)
[MF-SEL] tPrev=(  d=0.009695  dMin=0.000000  dAvg=0.023986  dMax=5.419302  Dlo=0.011993  Dhi=2.721644  err=-1.000000  inc=-1.953985  bucket 0->0  (mf=1000)
[MF-SEL] tPrev=(  d=0.010381  dMin=0.000000  dAvg=0.023968  dMax=5.419302  Dlo=0.011984  Dhi=2.721635  err=-1.000000  inc=-1.621762  bucket 0->0  (mf=1000)
[MF-SEL] tPrev=(  d=0.011166  dMin=0.000000  dAvg=0.023950  dMax=5.419302  Dlo=0.011975  Dhi=2.721626  err=-1.000000  inc=-1.624021  bucket 0->0  (mf=1000)
[MF-SEL] tPrev=(  d=0.011775  dMin=0.000000  dAvg=0.023933  dMax=5.419302  Dlo=0.011966  Dhi=2.721618  err=-1.000000  inc=-1.626354  bucket 0->0  (mf=1000)
[MF-SEL] tPrev=(  d=0.012796  dMin=0.000000  dAvg=0.023917  dMax=5.419302  Dlo=0.011959  Dhi=2.721610  err=0.000000  inc=-0.694267  bucket 0->0  (mf=1000)
[MF-SEL] tPrev=(  d=0.017163  dMin=0.000000  dAvg=0.023908  dMax=5.419302  Dlo=0.011954  Dhi=2.721605  err=0.000000  inc=-1.026354  bucket 0->0  (mf=1000)
[MF-SEL] tPrev=(  d=0.015196  dMin=0.000000  dAvg=0.023896  dMax=5.419302  Dlo=0.011948  Dhi=2.721599  err=0.000000  inc=-1.026354  bucket 0->0  (mf=1000)
[MF-SEL] tPrev=(  d=0.015438  dMin=0.000000  dAvg=0.023884  dMax=5.419302  Dlo=0.011942  Dhi=2.721593  err=0.000000  inc=-1.026354  bucket 0->0  (mf=1000)
Dropping frame 1403636900.051666
[MF-SEL] tPrev=(  d=0.046950  dMin=0.000000  dAvg=0.023916  dMax=5.419302  Dlo=0.011958  Dhi=2.721609  err=0.000000  inc=-1.026354  bucket 0->0  (mf=1000)
[MF-SEL] tPrev=(  d=0.014861  dMin=0.000000  dAvg=0.023904  dMax=5.419302  Dlo=0.011952  Dhi=2.721603  err=0.000000  inc=-1.026354  bucket 0->0  (mf=1000)
[MF-SEL] tPrev=(  d=0.014771  dMin=0.000000  dAvg=0.023891  dMax=5.419302  Dlo=0.011946  Dhi=2.721597  err=0.000000  inc=-1.026354  bucket 0->0  (mf=1000)
[MF-SEL] tPrev=(  d=0.014892  dMin=0.000000  dAvg=0.023879  dMax=5.419302  Dlo=0.011939  Dhi=2.721591  err=0.000000  inc=-1.026354  bucket 0->0  (mf=1000)
[MF-SEL] tPrev=(  d=0.015311  dMin=0.000000  dAvg=0.023867  dMax=5.419302  Dlo=0.011933  Dhi=2.721585  err=0.000000  inc=-1.026354  bucket 0->0  (mf=1000)
[MF-SEL] tPrev=(  d=0.016424  dMin=0.000000  dAvg=0.023857  dMax=5.419302  Dlo=0.011928  Dhi=2.721580  err=0.000000  inc=-1.026354  bucket 0->0  (mf=1000)
[MF-SEL] tPrev=(  d=0.017360  dMin=0.000000  dAvg=0.023848  dMax=5.419302  Dlo=0.011924  Dhi=2.721575  err=0.000000  inc=-1.026354  bucket 0->0  (mf=1000)
[MF-SEL] tPrev=(  d=0.017826  dMin=0.000000  dAvg=0.023840  dMax=5.419302  Dlo=0.011920  Dhi=2.721571  err=0.000000  inc=-1.026354  bucket 0->0  (mf=1000)
[MF-SEL] tPrev=(  d=0.015739  dMin=0.000000  dAvg=0.023829  dMax=5.419302  Dlo=0.011914  Dhi=2.721566  err=0.000000  inc=-1.026354  bucket 0->0  (mf=1000)
[MF-SEL] tPrev=(  d=0.015138  dMin=0.000000  dAvg=0.023817  dMax=5.419302  Dlo=0.011908  Dhi=2.721560  err=0.000000  inc=-1.026354  bucket 0->0  (mf=1000)
[MF-SEL] tPrev=(  d=0.014445  dMin=0.000000  dAvg=0.023804  dMax=5.419302  Dlo=0.011902  Dhi=2.721553  err=0.000000  inc=-1.026354  bucket 0->0  (mf=1000)
[MF-SEL] tPrev=(  d=0.013718  dMin=0.000000  dAvg=0.023790  dMax=5.419302  Dlo=0.011895  Dhi=2.721546  err=0.000000  inc=-1.026354  bucket 0->0  (mf=1000)
[MF-SEL] tPrev=(  d=0.013217  dMin=0.000000  dAvg=0.023776  dMax=5.419302  Dlo=0.011888  Dhi=2.721539  err=0.000000  inc=-1.026354  bucket 0->0  (mf=1000)
[MF-SEL] tPrev=(  d=0.013063  dMin=0.000000  dAvg=0.023761  dMax=5.419302  Dlo=0.011881  Dhi=2.721532  err=0.000000  inc=-1.026354  bucket 0->0  (mf=1000)
[MF-SEL] tPrev=(  d=0.013020  dMin=0.000000  dAvg=0.023747  dMax=5.419302  Dlo=0.011873  Dhi=2.721525  err=0.000000  inc=-1.026354  bucket 0->0  (mf=1000)
[MF-SEL] tPrev=(  d=0.014131  dMin=0.000000  dAvg=0.023734  dMax=5.419302  Dlo=0.011867  Dhi=2.721518  err=0.000000  inc=-1.026354  bucket 0->0  (mf=1000)
[MF-SEL] tPrev=(  d=0.029984  dMin=0.000000  dAvg=0.023742  dMax=5.419302  Dlo=0.011871  Dhi=2.721522  err=0.000000  inc=-1.026354  bucket 0->0  (mf=1000)
[MF-SEL] tPrev=(  d=0.015764  dMin=0.000000  dAvg=0.023732  dMax=5.419302  Dlo=0.011866  Dhi=2.721517  err=0.000000  inc=-1.026354  bucket 0->0  (mf=1000)
[MF-SEL] tPrev=(  d=0.017163  dMin=0.000000  dAvg=0.023723  dMax=5.419302  Dlo=0.011861  Dhi=2.721513  err=0.000000  inc=-1.026354  bucket 0->0  (mf=1000)
[MF-SEL] tPrev=(  d=0.018476  dMin=0.000000  dAvg=0.023716  dMax=5.419302  Dlo=0.011858  Dhi=2.721509  err=0.000000  inc=-1.026354  bucket 0->0  (mf=1000)
[MF-SEL] tPrev=(  d=0.019633  dMin=0.000000  dAvg=0.023710  dMax=5.419302  Dlo=0.011855  Dhi=2.721506  err=0.000000  inc=-1.026354  bucket 0->0  (mf=1000)
[MF-SEL] tPrev=(  d=0.020833  dMin=0.000000  dAvg=0.023706  dMax=5.419302  Dlo=0.011853  Dhi=2.721504  err=0.000000  inc=-1.026354  bucket 0->0  (mf=1000)
[MF-SEL] tPrev=(  d=0.022207  dMin=0.000000  dAvg=0.023704  dMax=5.419302  Dlo=0.011852  Dhi=2.721503  err=0.000000  inc=-1.026354  bucket 0->0  (mf=1000)
[MF-SEL] tPrev=(  d=0.023296  dMin=0.000000  dAvg=0.023704  dMax=5.419302  Dlo=0.011852  Dhi=2.721503  err=0.000000  inc=-1.026354  bucket 0->0  (mf=1000)
[MF-SEL] tPrev=(  d=0.023670  dMin=0.000000  dAvg=0.023704  dMax=5.419302  Dlo=0.011852  Dhi=2.721503  err=0.000000  inc=-1.026354  bucket 0->0  (mf=1000)
[MF-SEL] tPrev=(  d=0.024512  dMin=0.000000  dAvg=0.023705  dMax=5.419302  Dlo=0.011852  Dhi=2.721504  err=0.000000  inc=-1.026354  bucket 0->0  (mf=1000)
[MF-SEL] tPrev=(  d=0.033132  dMin=0.000000  dAvg=0.023717  dMax=5.419302  Dlo=0.011859  Dhi=2.721510  err=0.000000  inc=-1.026354  bucket 0->0  (mf=1000)
[MF-SEL] tPrev=(  d=0.027223  dMin=0.000000  dAvg=0.023722  dMax=5.419302  Dlo=0.011861  Dhi=2.721512  err=0.000000  inc=-1.026354  bucket 0->0  (mf=1000)
[MF-SEL] tPrev=(  d=0.027725  dMin=0.000000  dAvg=0.023727  dMax=5.419302  Dlo=0.011864  Dhi=2.721515  err=0.000000  inc=-1.026354  bucket 0->0  (mf=1000)
[MF-SEL] tPrev=(  d=0.027889  dMin=0.000000  dAvg=0.023733  dMax=5.419302  Dlo=0.011866  Dhi=2.721518  err=0.000000  inc=-1.026354  bucket 0->0  (mf=1000)
[MF-SEL] tPrev=(  d=0.027967  dMin=0.000000  dAvg=0.023738  dMax=5.419302  Dlo=0.011869  Dhi=2.721520  err=0.000000  inc=-1.026354  bucket 0->0  (mf=1000)
[MF-SEL] tPrev=(  d=0.027825  dMin=0.000000  dAvg=0.023744  dMax=5.419302  Dlo=0.011872  Dhi=2.721523  err=0.000000  inc=-1.026354  bucket 0->0  (mf=1000)
[MF-SEL] tPrev=(  d=0.031305  dMin=0.000000  dAvg=0.023754  dMax=5.419302  Dlo=0.011877  Dhi=2.721528  err=0.000000  inc=-1.026354  bucket 0->0  (mf=1000)
[MF-SEL] tPrev=(  d=0.027581  dMin=0.000000  dAvg=0.023759  dMax=5.419302  Dlo=0.011879  Dhi=2.721531  err=0.000000  inc=-1.026354  bucket 0->0  (mf=1000)
[MF-SEL] tPrev=(  d=0.028023  dMin=0.000000  dAvg=0.023765  dMax=5.419302  Dlo=0.011882  Dhi=2.721533  err=0.000000  inc=-1.026354  bucket 0->0  (mf=1000)
[MF-SEL] tPrev=(  d=0.028178  dMin=0.000000  dAvg=0.023770  dMax=5.419302  Dlo=0.011885  Dhi=2.721536  err=0.000000  inc=-1.026354  bucket 0->0  (mf=1000)
[MF-SEL] tPrev=(  d=0.028343  dMin=0.000000  dAvg=0.023776  dMax=5.419302  Dlo=0.011888  Dhi=2.721539  err=0.000000  inc=-1.026354  bucket 0->0  (mf=1000)
[MF-SEL] tPrev=(  d=0.028491  dMin=0.000000  dAvg=0.023783  dMax=5.419302  Dlo=0.011891  Dhi=2.721542  err=0.000000  inc=-1.026354  bucket 0->0  (mf=1000)
[MF-SEL] tPrev=(  d=0.028481  dMin=0.000000  dAvg=0.023789  dMax=5.419302  Dlo=0.011894  Dhi=2.721546  err=0.000000  inc=-1.026354  bucket 0->0  (mf=1000)
[MF-SEL] tPrev=(  d=0.028547  dMin=0.000000  dAvg=0.023795  dMax=5.419302  Dlo=0.011897  Dhi=2.721549  err=0.000000  inc=-1.026354  bucket 0->0  (mf=1000)
[MF-SEL] tPrev=(  d=0.027886  dMin=0.000000  dAvg=0.023800  dMax=5.419302  Dlo=0.011900  Dhi=2.721551  err=0.000000  inc=-1.026354  bucket 0->0  (mf=1000)
[MF-SEL] tPrev=(  d=0.028171  dMin=0.000000  dAvg=0.023806  dMax=5.419302  Dlo=0.011903  Dhi=2.721554  err=0.000000  inc=-1.026354  bucket 0->0  (mf=1000)
[MF-SEL] tPrev=(  d=0.038220  dMin=0.000000  dAvg=0.023825  dMax=5.419302  Dlo=0.011912  Dhi=2.721564  err=0.000000  inc=-1.026354  bucket 0->0  (mf=1000)
[MF-SEL] tPrev=(  d=0.027405  dMin=0.000000  dAvg=0.023829  dMax=5.419302  Dlo=0.011915  Dhi=2.721566  err=0.000000  inc=-1.026354  bucket 0->0  (mf=1000)
[MF-SEL] tPrev=(  d=0.027223  dMin=0.000000  dAvg=0.023834  dMax=5.419302  Dlo=0.011917  Dhi=2.721568  err=0.000000  inc=-1.026354  bucket 0->0  (mf=1000)
[MF-SEL] tPrev=(  d=0.027386  dMin=0.000000  dAvg=0.023838  dMax=5.419302  Dlo=0.011919  Dhi=2.721570  err=0.000000  inc=-1.026354  bucket 0->0  (mf=1000)
[MF-SEL] tPrev=(  d=0.028174  dMin=0.000000  dAvg=0.023844  dMax=5.419302  Dlo=0.011922  Dhi=2.721573  err=0.000000  inc=-1.026354  bucket 0->0  (mf=1000)
[MF-SEL] tPrev=(  d=0.029219  dMin=0.000000  dAvg=0.023851  dMax=5.419302  Dlo=0.011926  Dhi=2.721577  err=0.000000  inc=-1.026354  bucket 0->0  (mf=1000)
[MF-SEL] tPrev=(  d=0.030352  dMin=0.000000  dAvg=0.023859  dMax=5.419302  Dlo=0.011930  Dhi=2.721581  err=0.000000  inc=-1.026354  bucket 0->0  (mf=1000)
[MF-SEL] tPrev=(  d=0.031119  dMin=0.000000  dAvg=0.023869  dMax=5.419302  Dlo=0.011934  Dhi=2.721586  err=0.000000  inc=-1.026354  bucket 0->0  (mf=1000)
[MF-SEL] tPrev=(  d=0.038298  dMin=0.000000  dAvg=0.023887  dMax=5.419302  Dlo=0.011944  Dhi=2.721595  err=0.000000  inc=-1.026354  bucket 0->0  (mf=1000)
[MF-SEL] tPrev=(  d=0.030377  dMin=0.000000  dAvg=0.023896  dMax=5.419302  Dlo=0.011948  Dhi=2.721599  err=0.000000  inc=-1.026354  bucket 0->0  (mf=1000)
[MF-SEL] tPrev=(  d=0.029216  dMin=0.000000  dAvg=0.023903  dMax=5.419302  Dlo=0.011951  Dhi=2.721603  err=0.000000  inc=-1.026354  bucket 0->0  (mf=1000)
[MF-SEL] tPrev=(  d=0.027837  dMin=0.000000  dAvg=0.023908  dMax=5.419302  Dlo=0.011954  Dhi=2.721605  err=0.000000  inc=-1.026354  bucket 0->0  (mf=1000)
[MF-SEL] tPrev=(  d=0.026680  dMin=0.000000  dAvg=0.023911  dMax=5.419302  Dlo=0.011956  Dhi=2.721607  err=0.000000  inc=-1.026354  bucket 0->0  (mf=1000)
[MF-SEL] tPrev=(  d=0.025304  dMin=0.000000  dAvg=0.023913  dMax=5.419302  Dlo=0.011957  Dhi=2.721608  err=0.000000  inc=-1.026354  bucket 0->0  (mf=1000)
[MF-SEL] tPrev=(  d=0.024415  dMin=0.000000  dAvg=0.023914  dMax=5.419302  Dlo=0.011957  Dhi=2.721608  err=0.000000  inc=-1.026354  bucket 0->0  (mf=1000)
[MF-SEL] tPrev=(  d=0.023695  dMin=0.000000  dAvg=0.023913  dMax=5.419302  Dlo=0.011957  Dhi=2.721608  err=0.000000  inc=-1.026354  bucket 0->0  (mf=1000)
[MF-SEL] tPrev=(  d=0.022803  dMin=0.000000  dAvg=0.023912  dMax=5.419302  Dlo=0.011956  Dhi=2.721607  err=0.000000  inc=-1.026354  bucket 0->0  (mf=1000)
[MF-SEL] tPrev=(  d=0.020180  dMin=0.000000  dAvg=0.023907  dMax=5.419302  Dlo=0.011954  Dhi=2.721605  err=0.000000  inc=-1.026354  bucket 0->0  (mf=1000)
[MF-SEL] tPrev=(  d=0.022601  dMin=0.000000  dAvg=0.023906  dMax=5.419302  Dlo=0.011953  Dhi=2.721604  err=0.000000  inc=-1.026354  bucket 0->0  (mf=1000)
[MF-SEL] tPrev=(  d=0.023723  dMin=0.000000  dAvg=0.023905  dMax=5.419302  Dlo=0.011953  Dhi=2.721604  err=0.000000  inc=-1.026354  bucket 0->0  (mf=1000)
[MF-SEL] tPrev=(  d=0.024171  dMin=0.000000  dAvg=0.023906  dMax=5.419302  Dlo=0.011953  Dhi=2.721604  err=0.000000  inc=-1.026354  bucket 0->0  (mf=1000)
[MF-SEL] tPrev=(  d=0.024243  dMin=0.000000  dAvg=0.023906  dMax=5.419302  Dlo=0.011953  Dhi=2.721604  err=0.000000  inc=-1.026354  bucket 0->0  (mf=1000)
[MF-SEL] tPrev=(  d=0.024496  dMin=0.000000  dAvg=0.023907  dMax=5.419302  Dlo=0.011953  Dhi=2.721605  err=0.000000  inc=-1.026354  bucket 0->0  (mf=1000)
[MF-SEL] tPrev=(  d=0.024244  dMin=0.000000  dAvg=0.023907  dMax=5.419302  Dlo=0.011954  Dhi=2.721605  err=0.000000  inc=-1.026354  bucket 0->0  (mf=1000)
[MF-SEL] tPrev=(  d=0.023174  dMin=0.000000  dAvg=0.023906  dMax=5.419302  Dlo=0.011953  Dhi=2.721604  err=0.000000  inc=-1.026354  bucket 0->0  (mf=1000)
[MF-SEL] tPrev=(  d=0.022256  dMin=0.000000  dAvg=0.023904  dMax=5.419302  Dlo=0.011952  Dhi=2.721603  err=0.000000  inc=-1.026354  bucket 0->0  (mf=1000)
[MF-SEL] tPrev=(  d=0.021704  dMin=0.000000  dAvg=0.023901  dMax=5.419302  Dlo=0.011951  Dhi=2.721602  err=0.000000  inc=-1.026354  bucket 0->0  (mf=1000)
[MF-SEL] tPrev=(  d=0.024784  dMin=0.000000  dAvg=0.023903  dMax=5.419302  Dlo=0.011951  Dhi=2.721603  err=0.000000  inc=-1.026354  bucket 0->0  (mf=1000)
[MF-SEL] tPrev=(  d=0.019900  dMin=0.000000  dAvg=0.023898  dMax=5.419302  Dlo=0.011949  Dhi=2.721600  err=0.000000  inc=-1.026354  bucket 0->0  (mf=1000)
[MF-SEL] tPrev=(  d=0.019089  dMin=0.000000  dAvg=0.023892  dMax=5.419302  Dlo=0.011946  Dhi=2.721597  err=0.000000  inc=-1.026354  bucket 0->0  (mf=1000)
[MF-SEL] tPrev=(  d=0.018907  dMin=0.000000  dAvg=0.023885  dMax=5.419302  Dlo=0.011943  Dhi=2.721594  err=0.000000  inc=-1.026354  bucket 0->0  (mf=1000)
[MF-SEL] tPrev=(  d=0.019060  dMin=0.000000  dAvg=0.023879  dMax=5.419302  Dlo=0.011940  Dhi=2.721591  err=0.000000  inc=-1.026354  bucket 0->0  (mf=1000)
[MF-SEL] tPrev=(  d=0.019409  dMin=0.000000  dAvg=0.023874  dMax=5.419302  Dlo=0.011937  Dhi=2.721588  err=0.000000  inc=-1.026354  bucket 0->0  (mf=1000)
[MF-SEL] tPrev=(  d=0.020482  dMin=0.000000  dAvg=0.023869  dMax=5.419302  Dlo=0.011935  Dhi=2.721586  err=0.000000  inc=-1.026354  bucket 0->0  (mf=1000)
[MF-SEL] tPrev=(  d=0.021584  dMin=0.000000  dAvg=0.023867  dMax=5.419302  Dlo=0.011933  Dhi=2.721585  err=0.000000  inc=-1.026354  bucket 0->0  (mf=1000)
[MF-SEL] tPrev=(  d=0.022140  dMin=0.000000  dAvg=0.023864  dMax=5.419302  Dlo=0.011932  Dhi=2.721583  err=0.000000  inc=-1.026354  bucket 0->0  (mf=1000)
[MF-SEL] tPrev=(  d=0.023589  dMin=0.000000  dAvg=0.023864  dMax=5.419302  Dlo=0.011932  Dhi=2.721583  err=0.000000  inc=-1.026354  bucket 0->0  (mf=1000)
[MF-SEL] tPrev=(  d=0.024638  dMin=0.000000  dAvg=0.023865  dMax=5.419302  Dlo=0.011933  Dhi=2.721584  err=0.000000  inc=-1.026354  bucket 0->0  (mf=1000)
[MF-SEL] tPrev=(  d=0.031042  dMin=0.000000  dAvg=0.023874  dMax=5.419302  Dlo=0.011937  Dhi=2.721588  err=0.000000  inc=-1.026354  bucket 0->0  (mf=1000)
[MF-SEL] tPrev=(  d=0.027152  dMin=0.000000  dAvg=0.023878  dMax=5.419302  Dlo=0.011939  Dhi=2.721590  err=0.000000  inc=-1.026354  bucket 0->0  (mf=1000)
[MF-SEL] tPrev=(  d=0.028182  dMin=0.000000  dAvg=0.023883  dMax=5.419302  Dlo=0.011942  Dhi=2.721593  err=0.000000  inc=-1.026354  bucket 0->0  (mf=1000)
[MF-SEL] tPrev=(  d=0.028679  dMin=0.000000  dAvg=0.023889  dMax=5.419302  Dlo=0.011945  Dhi=2.721596  err=0.000000  inc=-1.026354  bucket 0->0  (mf=1000)
[MF-SEL] tPrev=(  d=0.028933  dMin=0.000000  dAvg=0.023895  dMax=5.419302  Dlo=0.011948  Dhi=2.721599  err=0.000000  inc=-1.026354  bucket 0->0  (mf=1000)
[MF-SEL] tPrev=(  d=0.029219  dMin=0.000000  dAvg=0.023902  dMax=5.419302  Dlo=0.011951  Dhi=2.721602  err=0.000000  inc=-1.026354  bucket 0->0  (mf=1000)
[MF-SEL] tPrev=(  d=0.027760  dMin=0.000000  dAvg=0.023907  dMax=5.419302  Dlo=0.011953  Dhi=2.721605  err=0.000000  inc=-1.026354  bucket 0->0  (mf=1000)
[MF-SEL] tPrev=(  d=0.028869  dMin=0.000000  dAvg=0.023913  dMax=5.419302  Dlo=0.011956  Dhi=2.721608  err=0.000000  inc=-1.026354  bucket 0->0  (mf=1000)
[MF-SEL] tPrev=(  d=0.028714  dMin=0.000000  dAvg=0.023919  dMax=5.419302  Dlo=0.011959  Dhi=2.721611  err=0.000000  inc=-1.026354  bucket 0->0  (mf=1000)
[MF-SEL] tPrev=(  d=0.028928  dMin=0.000000  dAvg=0.023925  dMax=5.419302  Dlo=0.011963  Dhi=2.721614  err=0.000000  inc=-1.026354  bucket 0->0  (mf=1000)
[MF-SEL] tPrev=(  d=0.029226  dMin=0.000000  dAvg=0.023932  dMax=5.419302  Dlo=0.011966  Dhi=2.721617  err=0.000000  inc=-1.026354  bucket 0->0  (mf=1000)
[MF-SEL] tPrev=(  d=0.029454  dMin=0.000000  dAvg=0.023938  dMax=5.419302  Dlo=0.011969  Dhi=2.721620  err=0.000000  inc=-1.026354  bucket 0->0  (mf=1000)
[MF-SEL] tPrev=(  d=0.035872  dMin=0.000000  dAvg=0.023953  dMax=5.419302  Dlo=0.011976  Dhi=2.721628  err=0.000000  inc=-1.026354  bucket 0->0  (mf=1000)
[MF-SEL] tPrev=(  d=0.029334  dMin=0.000000  dAvg=0.023959  dMax=5.419302  Dlo=0.011980  Dhi=2.721631  err=0.000000  inc=-1.026354  bucket 0->0  (mf=1000)
[MF-SEL] tPrev=(  d=0.029330  dMin=0.000000  dAvg=0.023966  dMax=5.419302  Dlo=0.011983  Dhi=2.721634  err=0.000000  inc=-1.026354  bucket 0->0  (mf=1000)
[MF-SEL] tPrev=(  d=0.029212  dMin=0.000000  dAvg=0.023972  dMax=5.419302  Dlo=0.011986  Dhi=2.721637  err=0.000000  inc=-1.026354  bucket 0->0  (mf=1000)
[MF-SEL] tPrev=(  d=0.028999  dMin=0.000000  dAvg=0.023979  dMax=5.419302  Dlo=0.011989  Dhi=2.721640  err=0.000000  inc=-1.026354  bucket 0->0  (mf=1000)
[MF-SEL] tPrev=(  d=0.028588  dMin=0.000000  dAvg=0.023984  dMax=5.419302  Dlo=0.011992  Dhi=2.721643  err=0.000000  inc=-1.026354  bucket 0->0  (mf=1000)
[MF-SEL] tPrev=(  d=0.028316  dMin=0.000000  dAvg=0.023989  dMax=5.419302  Dlo=0.011995  Dhi=2.721646  err=0.000000  inc=-1.026354  bucket 0->0  (mf=1000)
[MF-SEL] tPrev=(  d=0.028199  dMin=0.000000  dAvg=0.023995  dMax=5.419302  Dlo=0.011997  Dhi=2.721648  err=0.000000  inc=-1.026354  bucket 0->0  (mf=1000)
[MF-SEL] tPrev=(  d=0.028309  dMin=0.000000  dAvg=0.024000  dMax=5.419302  Dlo=0.012000  Dhi=2.721651  err=0.000000  inc=-1.026354  bucket 0->0  (mf=1000)
[MF-SEL] tPrev=(  d=0.028013  dMin=0.000000  dAvg=0.024005  dMax=5.419302  Dlo=0.012002  Dhi=2.721654  err=0.000000  inc=-1.026354  bucket 0->0  (mf=1000)
[MF-SEL] tPrev=(  d=0.034480  dMin=0.000000  dAvg=0.024017  dMax=5.419302  Dlo=0.012009  Dhi=2.721660  err=0.000000  inc=-1.026354  bucket 0->0  (mf=1000)
[MF-SEL] tPrev=(  d=0.027318  dMin=0.000000  dAvg=0.024021  dMax=5.419302  Dlo=0.012011  Dhi=2.721662  err=0.000000  inc=-1.026354  bucket 0->0  (mf=1000)
[MF-SEL] tPrev=(  d=0.027018  dMin=0.000000  dAvg=0.024025  dMax=5.419302  Dlo=0.012012  Dhi=2.721664  err=0.000000  inc=-1.026354  bucket 0->0  (mf=1000)
[MF-SEL] tPrev=(  d=0.026462  dMin=0.000000  dAvg=0.024028  dMax=5.419302  Dlo=0.012014  Dhi=2.721665  err=0.000000  inc=-1.026354  bucket 0->0  (mf=1000)
[MF-SEL] tPrev=(  d=0.025989  dMin=0.000000  dAvg=0.024030  dMax=5.419302  Dlo=0.012015  Dhi=2.721666  err=0.000000  inc=-1.026354  bucket 0->0  (mf=1000)
[MF-SEL] tPrev=(  d=0.025847  dMin=0.000000  dAvg=0.024032  dMax=5.419302  Dlo=0.012016  Dhi=2.721667  err=0.000000  inc=-1.026354  bucket 0->0  (mf=1000)
[MF-SEL] tPrev=(  d=0.025292  dMin=0.000000  dAvg=0.024034  dMax=5.419302  Dlo=0.012017  Dhi=2.721668  err=0.000000  inc=-1.026354  bucket 0->0  (mf=1000)
[MF-SEL] tPrev=(  d=0.025001  dMin=0.000000  dAvg=0.024035  dMax=5.419302  Dlo=0.012018  Dhi=2.721669  err=0.000000  inc=-1.026354  bucket 0->0  (mf=1000)
[MF-SEL] tPrev=(  d=0.024034  dMin=0.000000  dAvg=0.024035  dMax=5.419302  Dlo=0.012018  Dhi=2.721669  err=0.000000  inc=-1.026354  bucket 0->0  (mf=1000)
[MF-SEL] tPrev=(  d=0.023006  dMin=0.000000  dAvg=0.024034  dMax=5.419302  Dlo=0.012017  Dhi=2.721668  err=0.000000  inc=-1.026354  bucket 0->0  (mf=1000)
[MF-SEL] tPrev=(  d=0.017164  dMin=0.000000  dAvg=0.024026  dMax=5.419302  Dlo=0.012013  Dhi=2.721664  err=0.000000  inc=-1.026354  bucket 0->0  (mf=1000)
[MF-SEL] tPrev=(  d=0.021791  dMin=0.000000  dAvg=0.024023  dMax=5.419302  Dlo=0.012011  Dhi=2.721663  err=0.000000  inc=-1.026354  bucket 0->0  (mf=1000)
[MF-SEL] tPrev=(  d=0.021558  dMin=0.000000  dAvg=0.024020  dMax=5.419302  Dlo=0.012010  Dhi=2.721661  err=0.000000  inc=-1.026354  bucket 0->0  (mf=1000)
[MF-SEL] tPrev=(  d=0.021314  dMin=0.000000  dAvg=0.024017  dMax=5.419302  Dlo=0.012008  Dhi=2.721660  err=0.000000  inc=-1.026354  bucket 0->0  (mf=1000)
[MF-SEL] tPrev=(  d=0.020976  dMin=0.000000  dAvg=0.024013  dMax=5.419302  Dlo=0.012007  Dhi=2.721658  err=0.000000  inc=-1.026354  bucket 0->0  (mf=1000)
[MF-SEL] tPrev=(  d=0.021385  dMin=0.000000  dAvg=0.024010  dMax=5.419302  Dlo=0.012005  Dhi=2.721656  err=0.000000  inc=-1.026354  bucket 0->0  (mf=1000)
[MF-SEL] tPrev=(  d=0.021996  dMin=0.000000  dAvg=0.024008  dMax=5.419302  Dlo=0.012004  Dhi=2.721655  err=0.000000  inc=-1.026354  bucket 0->0  (mf=1000)
[MF-SEL] tPrev=(  d=0.022672  dMin=0.000000  dAvg=0.024006  dMax=5.419302  Dlo=0.012003  Dhi=2.721654  err=0.000000  inc=-1.026354  bucket 0->0  (mf=1000)
[MF-SEL] tPrev=(  d=0.023247  dMin=0.000000  dAvg=0.024005  dMax=5.419302  Dlo=0.012003  Dhi=2.721654  err=0.000000  inc=-1.026354  bucket 0->0  (mf=1000)
[MF-SEL] tPrev=(  d=0.023386  dMin=0.000000  dAvg=0.024004  dMax=5.419302  Dlo=0.012002  Dhi=2.721653  err=0.000000  inc=-1.026354  bucket 0->0  (mf=1000)
[MF-SEL] tPrev=(  d=0.023826  dMin=0.000000  dAvg=0.024004  dMax=5.419302  Dlo=0.012002  Dhi=2.721653  err=0.000000  inc=-1.026354  bucket 0->0  (mf=1000)
[MF-SEL] tPrev=(  d=0.024384  dMin=0.000000  dAvg=0.024005  dMax=5.419302  Dlo=0.012002  Dhi=2.721654  err=0.000000  inc=-1.026354  bucket 0->0  (mf=1000)
[MF-SEL] tPrev=(  d=0.024936  dMin=0.000000  dAvg=0.024006  dMax=5.419302  Dlo=0.012003  Dhi=2.721654  err=0.000000  inc=-1.026354  bucket 0->0  (mf=1000)
[MF-SEL] tPrev=(  d=0.024389  dMin=0.000000  dAvg=0.024006  dMax=5.419302  Dlo=0.012003  Dhi=2.721654  err=0.000000  inc=-1.026354  bucket 0->0  (mf=1000)
[MF-SEL] tPrev=(  d=0.024110  dMin=0.000000  dAvg=0.024006  dMax=5.419302  Dlo=0.012003  Dhi=2.721654  err=0.000000  inc=-1.026354  bucket 0->0  (mf=1000)
[MF-SEL] tPrev=(  d=0.024065  dMin=0.000000  dAvg=0.024006  dMax=5.419302  Dlo=0.012003  Dhi=2.721654  err=0.000000  inc=-1.026354  bucket 0->0  (mf=1000)
[MF-SEL] tPrev=(  d=0.024003  dMin=0.000000  dAvg=0.024006  dMax=5.419302  Dlo=0.012003  Dhi=2.721654  err=0.000000  inc=-1.026354  bucket 0->0  (mf=1000)
[MF-SEL] tPrev=(  d=0.023526  dMin=0.000000  dAvg=0.024006  dMax=5.419302  Dlo=0.012003  Dhi=2.721654  err=0.000000  inc=-1.026354  bucket 0->0  (mf=1000)
[MF-SEL] tPrev=(  d=0.021687  dMin=0.000000  dAvg=0.024003  dMax=5.419302  Dlo=0.012002  Dhi=2.721653  err=0.000000  inc=-1.026354  bucket 0->0  (mf=1000)
[MF-SEL] tPrev=(  d=0.023484  dMin=0.000000  dAvg=0.024003  dMax=5.419302  Dlo=0.012001  Dhi=2.721652  err=0.000000  inc=-1.026354  bucket 0->0  (mf=1000)
[MF-SEL] tPrev=(  d=0.023813  dMin=0.000000  dAvg=0.024002  dMax=5.419302  Dlo=0.012001  Dhi=2.721652  err=0.000000  inc=-1.026354  bucket 0->0  (mf=1000)
[MF-SEL] tPrev=(  d=0.024205  dMin=0.000000  dAvg=0.024003  dMax=5.419302  Dlo=0.012001  Dhi=2.721652  err=0.000000  inc=-1.026354  bucket 0->0  (mf=1000)
[MF-SEL] tPrev=(  d=0.024377  dMin=0.000000  dAvg=0.024003  dMax=5.419302  Dlo=0.012001  Dhi=2.721653  err=0.000000  inc=-1.026354  bucket 0->0  (mf=1000)
[MF-SEL] tPrev=(  d=0.024548  dMin=0.000000  dAvg=0.024004  dMax=5.419302  Dlo=0.012002  Dhi=2.721653  err=0.000000  inc=-1.026354  bucket 0->0  (mf=1000)
[MF-SEL] tPrev=(  d=0.024577  dMin=0.000000  dAvg=0.024004  dMax=5.419302  Dlo=0.012002  Dhi=2.721653  err=0.000000  inc=-1.026354  bucket 0->0  (mf=1000)
[MF-SEL] tPrev=(  d=0.024462  dMin=0.000000  dAvg=0.024005  dMax=5.419302  Dlo=0.012002  Dhi=2.721654  err=0.000000  inc=-1.026354  bucket 0->0  (mf=1000)
[MF-SEL] tPrev=(  d=0.024229  dMin=0.000000  dAvg=0.024005  dMax=5.419302  Dlo=0.012003  Dhi=2.721654  err=0.000000  inc=-1.026354  bucket 0->0  (mf=1000)
[MF-SEL] tPrev=(  d=0.021909  dMin=0.000000  dAvg=0.024003  dMax=5.419302  Dlo=0.012001  Dhi=2.721653  err=0.000000  inc=-1.026354  bucket 0->0  (mf=1000)
[MF-SEL] tPrev=(  d=0.023500  dMin=0.000000  dAvg=0.024002  dMax=5.419302  Dlo=0.012001  Dhi=2.721652  err=0.000000  inc=-1.026354  bucket 0->0  (mf=1000)
[MF-SEL] tPrev=(  d=0.023432  dMin=0.000000  dAvg=0.024001  dMax=5.419302  Dlo=0.012001  Dhi=2.721652  err=0.000000  inc=-1.026354  bucket 0->0  (mf=1000)
[MF-SEL] tPrev=(  d=0.023530  dMin=0.000000  dAvg=0.024001  dMax=5.419302  Dlo=0.012000  Dhi=2.721652  err=0.000000  inc=-1.026354  bucket 0->0  (mf=1000)
[MF-SEL] tPrev=(  d=0.024119  dMin=0.000000  dAvg=0.024001  dMax=5.419302  Dlo=0.012000  Dhi=2.721652  err=0.000000  inc=-1.026354  bucket 0->0  (mf=1000)
[MF-SEL] tPrev=(  d=0.024950  dMin=0.000000  dAvg=0.024002  dMax=5.419302  Dlo=0.012001  Dhi=2.721652  err=0.000000  inc=-1.026354  bucket 0->0  (mf=1000)
[MF-SEL] tPrev=(  d=0.025838  dMin=0.000000  dAvg=0.024004  dMax=5.419302  Dlo=0.012002  Dhi=2.721653  err=0.000000  inc=-1.026354  bucket 0->0  (mf=1000)
[MF-SEL] tPrev=(  d=0.026366  dMin=0.000000  dAvg=0.024007  dMax=5.419302  Dlo=0.012003  Dhi=2.721655  err=0.000000  inc=-1.026354  bucket 0->0  (mf=1000)
[MF-SEL] tPrev=(  d=0.027219  dMin=0.000000  dAvg=0.024011  dMax=5.419302  Dlo=0.012005  Dhi=2.721657  err=0.000000  inc=-1.026354  bucket 0->0  (mf=1000)
[MF-SEL] tPrev=(  d=0.028265  dMin=0.000000  dAvg=0.024015  dMax=5.419302  Dlo=0.012008  Dhi=2.721659  err=0.000000  inc=-1.026354  bucket 0->0  (mf=1000)
[MF-SEL] tPrev=(  d=0.036458  dMin=0.000000  dAvg=0.024030  dMax=5.419302  Dlo=0.012015  Dhi=2.721666  err=0.000000  inc=-1.026354  bucket 0->0  (mf=1000)
[MF-SEL] tPrev=(  d=0.029729  dMin=0.000000  dAvg=0.024036  dMax=5.419302  Dlo=0.012018  Dhi=2.721669  err=0.000000  inc=-1.026354  bucket 0->0  (mf=1000)
Dropping frame 1403636907.651666
[MF-SEL] tPrev=(  d=0.064271  dMin=0.000000  dAvg=0.024082  dMax=5.419302  Dlo=0.012041  Dhi=2.721692  err=0.000000  inc=-1.026354  bucket 0->0  (mf=1000)
[MF-SEL] tPrev=(  d=0.034576  dMin=0.000000  dAvg=0.024094  dMax=5.419302  Dlo=0.012047  Dhi=2.721698  err=0.000000  inc=-1.026354  bucket 0->0  (mf=1000)
[MF-SEL] tPrev=(  d=0.036380  dMin=0.000000  dAvg=0.024108  dMax=5.419302  Dlo=0.012054  Dhi=2.721705  err=0.000000  inc=-1.026354  bucket 0->0  (mf=1000)
[MF-SEL] tPrev=(  d=0.037356  dMin=0.000000  dAvg=0.024123  dMax=5.419302  Dlo=0.012062  Dhi=2.721713  err=0.000000  inc=-1.026354  bucket 0->0  (mf=1000)
[MF-SEL] tPrev=(  d=0.038786  dMin=0.000000  dAvg=0.024140  dMax=5.419302  Dlo=0.012070  Dhi=2.721721  err=0.000000  inc=-1.026354  bucket 0->0  (mf=1000)
[MF-SEL] tPrev=(  d=0.037137  dMin=0.000000  dAvg=0.024155  dMax=5.419302  Dlo=0.012077  Dhi=2.721729  err=0.000000  inc=-1.026354  bucket 0->0  (mf=1000)
[MF-SEL] tPrev=(  d=0.038018  dMin=0.000000  dAvg=0.024170  dMax=5.419302  Dlo=0.012085  Dhi=2.721736  err=0.000000  inc=-1.026354  bucket 0->0  (mf=1000)
[MF-SEL] tPrev=(  d=0.038764  dMin=0.000000  dAvg=0.024187  dMax=5.419302  Dlo=0.012093  Dhi=2.721745  err=0.000000  inc=-1.026354  bucket 0->0  (mf=1000)
[MF-SEL] tPrev=(  d=0.053820  dMin=0.000000  dAvg=0.024220  dMax=5.419302  Dlo=0.012110  Dhi=2.721761  err=0.000000  inc=-1.026354  bucket 0->0  (mf=1000)
[MF-SEL] tPrev=(  d=0.038459  dMin=0.000000  dAvg=0.024236  dMax=5.419302  Dlo=0.012118  Dhi=2.721769  err=0.000000  inc=-1.026354  bucket 0->0  (mf=1000)
[MF-SEL] tPrev=(  d=0.038162  dMin=0.000000  dAvg=0.024252  dMax=5.419302  Dlo=0.012126  Dhi=2.721777  err=0.000000  inc=-1.026354  bucket 0->0  (mf=1000)
[MF-SEL] tPrev=(  d=0.037426  dMin=0.000000  dAvg=0.024267  dMax=5.419302  Dlo=0.012134  Dhi=2.721785  err=0.000000  inc=-1.026354  bucket 0->0  (mf=1000)
[MF-SEL] tPrev=(  d=0.036966  dMin=0.000000  dAvg=0.024281  dMax=5.419302  Dlo=0.012141  Dhi=2.721792  err=0.000000  inc=-1.026354  bucket 0->0  (mf=1000)
[MF-SEL] tPrev=(  d=0.036447  dMin=0.000000  dAvg=0.024295  dMax=5.419302  Dlo=0.012147  Dhi=2.721799  err=0.000000  inc=-1.026354  bucket 0->0  (mf=1000)
[MF-SEL] tPrev=(  d=0.036114  dMin=0.000000  dAvg=0.024308  dMax=5.419302  Dlo=0.012154  Dhi=2.721805  err=0.000000  inc=-1.026354  bucket 0->0  (mf=1000)
[MF-SEL] tPrev=(  d=0.035282  dMin=0.000000  dAvg=0.024321  dMax=5.419302  Dlo=0.012160  Dhi=2.721812  err=0.000000  inc=-1.026354  bucket 0->0  (mf=1000)
[MF-SEL] tPrev=(  d=0.036248  dMin=0.000000  dAvg=0.024334  dMax=5.419302  Dlo=0.012167  Dhi=2.721818  err=0.000000  inc=-1.026354  bucket 0->0  (mf=1000)
[MF-SEL] tPrev=(  d=0.036469  dMin=0.000000  dAvg=0.024348  dMax=5.419302  Dlo=0.012174  Dhi=2.721825  err=0.000000  inc=-1.026354  bucket 0->0  (mf=1000)
[MF-SEL] tPrev=(  d=0.036382  dMin=0.000000  dAvg=0.024361  dMax=5.419302  Dlo=0.012181  Dhi=2.721832  err=0.000000  inc=-1.026354  bucket 0->0  (mf=1000)
[MF-SEL] tPrev=(  d=0.035658  dMin=0.000000  dAvg=0.024374  dMax=5.419302  Dlo=0.012187  Dhi=2.721838  err=0.000000  inc=-1.026354  bucket 0->0  (mf=1000)
[MF-SEL] tPrev=(  d=0.035223  dMin=0.000000  dAvg=0.024386  dMax=5.419302  Dlo=0.012193  Dhi=2.721844  err=0.000000  inc=-1.026354  bucket 0->0  (mf=1000)
[MF-SEL] tPrev=(  d=0.035639  dMin=0.000000  dAvg=0.024398  dMax=5.419302  Dlo=0.012199  Dhi=2.721850  err=0.000000  inc=-1.026354  bucket 0->0  (mf=1000)
[MF-SEL] tPrev=(  d=0.035375  dMin=0.000000  dAvg=0.024411  dMax=5.419302  Dlo=0.012205  Dhi=2.721856  err=0.000000  inc=-1.026354  bucket 0->0  (mf=1000)
[MF-SEL] tPrev=(  d=0.036753  dMin=0.000000  dAvg=0.024424  dMax=5.419302  Dlo=0.012212  Dhi=2.721863  err=0.000000  inc=-1.026354  bucket 0->0  (mf=1000)
[MF-SEL] tPrev=(  d=0.038078  dMin=0.000000  dAvg=0.024439  dMax=5.419302  Dlo=0.012220  Dhi=2.721871  err=0.000000  inc=-1.026354  bucket 0->0  (mf=1000)
[MF-SEL] tPrev=(  d=0.038229  dMin=0.000000  dAvg=0.024455  dMax=5.419302  Dlo=0.012227  Dhi=2.721879  err=0.000000  inc=-1.026354  bucket 0->0  (mf=1000)
[MF-SEL] tPrev=(  d=0.039766  dMin=0.000000  dAvg=0.024472  dMax=5.419302  Dlo=0.012236  Dhi=2.721887  err=0.000000  inc=-1.026354  bucket 0->0  (mf=1000)
[MF-SEL] tPrev=(  d=0.040345  dMin=0.000000  dAvg=0.024489  dMax=5.419302  Dlo=0.012245  Dhi=2.721896  err=0.000000  inc=-1.026354  bucket 0->0  (mf=1000)
[MF-SEL] tPrev=(  d=0.044061  dMin=0.000000  dAvg=0.024511  dMax=5.419302  Dlo=0.012255  Dhi=2.721907  err=0.000000  inc=-1.026354  bucket 0->0  (mf=1000)
[MF-SEL] tPrev=(  d=0.041402  dMin=0.000000  dAvg=0.024530  dMax=5.419302  Dlo=0.012265  Dhi=2.721916  err=0.000000  inc=-1.026354  bucket 0->0  (mf=1000)
Dropping frame 1403636909.201667
[MF-SEL] tPrev=(  d=0.083845  dMin=0.000000  dAvg=0.024595  dMax=5.419302  Dlo=0.012298  Dhi=2.721949  err=0.000000  inc=-1.026354  bucket 0->0  (mf=1000)
[MF-SEL] tPrev=(  d=0.042317  dMin=0.000000  dAvg=0.024615  dMax=5.419302  Dlo=0.012307  Dhi=2.721959  err=0.000000  inc=-1.026354  bucket 0->0  (mf=1000)
[MF-SEL] tPrev=(  d=0.043460  dMin=0.000000  dAvg=0.024635  dMax=5.419302  Dlo=0.012318  Dhi=2.721969  err=0.000000  inc=-1.026354  bucket 0->0  (mf=1000)
[MF-SEL] tPrev=(  d=0.043581  dMin=0.000000  dAvg=0.024656  dMax=5.419302  Dlo=0.012328  Dhi=2.721979  err=0.000000  inc=-1.026354  bucket 0->0  (mf=1000)
[MF-SEL] tPrev=(  d=0.045446  dMin=0.000000  dAvg=0.024679  dMax=5.419302  Dlo=0.012340  Dhi=2.721991  err=0.000000  inc=-1.026354  bucket 0->0  (mf=1000)
[MF-SEL] tPrev=(  d=0.046713  dMin=0.000000  dAvg=0.024703  dMax=5.419302  Dlo=0.012352  Dhi=2.722003  err=0.000000  inc=-1.026354  bucket 0->0  (mf=1000)
[MF-SEL] tPrev=(  d=0.046774  dMin=0.000000  dAvg=0.024727  dMax=5.419302  Dlo=0.012364  Dhi=2.722015  err=0.000000  inc=-1.026354  bucket 0->0  (mf=1000)
[MF-SEL] tPrev=(  d=0.054403  dMin=0.000000  dAvg=0.024760  dMax=5.419302  Dlo=0.012380  Dhi=2.722031  err=0.000000  inc=-1.026354  bucket 0->0  (mf=1000)
[MF-SEL] tPrev=(  d=0.047562  dMin=0.000000  dAvg=0.024785  dMax=5.419302  Dlo=0.012392  Dhi=2.722044  err=0.000000  inc=-1.026354  bucket 0->0  (mf=1000)
[MF-SEL] tPrev=(  d=0.047995  dMin=0.000000  dAvg=0.024810  dMax=5.419302  Dlo=0.012405  Dhi=2.722056  err=0.000000  inc=-1.026354  bucket 0->0  (mf=1000)
[MF-SEL] tPrev=(  d=0.048393  dMin=0.000000  dAvg=0.024836  dMax=5.419302  Dlo=0.012418  Dhi=2.722069  err=0.000000  inc=-1.026354  bucket 0->0  (mf=1000)
[MF-SEL] tPrev=(  d=0.048829  dMin=0.000000  dAvg=0.024862  dMax=5.419302  Dlo=0.012431  Dhi=2.722082  err=0.000000  inc=-1.026354  bucket 0->0  (mf=1000)
Dropping frame 1403636909.851666
[MF-SEL] tPrev=(  d=0.087203  dMin=0.000000  dAvg=0.024930  dMax=5.419302  Dlo=0.012465  Dhi=2.722116  err=0.000000  inc=-1.026354  bucket 0->0  (mf=1000)
[MF-SEL] tPrev=(  d=0.046359  dMin=0.000000  dAvg=0.024953  dMax=5.419302  Dlo=0.012477  Dhi=2.722128  err=0.000000  inc=-1.026354  bucket 0->0  (mf=1000)
[MF-SEL] tPrev=(  d=0.045452  dMin=0.000000  dAvg=0.024976  dMax=5.419302  Dlo=0.012488  Dhi=2.722139  err=0.000000  inc=-1.026354  bucket 0->0  (mf=1000)
[MF-SEL] tPrev=(  d=0.043060  dMin=0.000000  dAvg=0.024995  dMax=5.419302  Dlo=0.012498  Dhi=2.722149  err=0.000000  inc=-1.026354  bucket 0->0  (mf=1000)
Dropping frame 1403636910.101666
[MF-SEL] tPrev=(  d=0.076678  dMin=0.000000  dAvg=0.025051  dMax=5.419302  Dlo=0.012526  Dhi=2.722177  err=0.000000  inc=-1.026354  bucket 0->0  (mf=1000)
[MF-SEL] tPrev=(  d=0.037956  dMin=0.000000  dAvg=0.025065  dMax=5.419302  Dlo=0.012533  Dhi=2.722184  err=0.000000  inc=-1.026354  bucket 0->0  (mf=1000)
[MF-SEL] tPrev=(  d=0.036929  dMin=0.000000  dAvg=0.025078  dMax=5.419302  Dlo=0.012539  Dhi=2.722190  err=0.000000  inc=-1.026354  bucket 0->0  (mf=1000)
[MF-SEL] tPrev=(  d=0.035214  dMin=0.000000  dAvg=0.025089  dMax=5.419302  Dlo=0.012545  Dhi=2.722196  err=0.000000  inc=-1.026354  bucket 0->0  (mf=1000)
[MF-SEL] tPrev=(  d=0.043990  dMin=0.000000  dAvg=0.025110  dMax=5.419302  Dlo=0.012555  Dhi=2.722206  err=0.000000  inc=-1.026354  bucket 0->0  (mf=1000)
Dropping frame 1403636910.401667
[MF-SEL] tPrev=(  d=0.069474  dMin=0.000000  dAvg=0.025157  dMax=5.419302  Dlo=0.012579  Dhi=2.722230  err=0.000000  inc=-1.026354  bucket 0->0  (mf=1000)
[MF-SEL] tPrev=(  d=0.034671  dMin=0.000000  dAvg=0.025168  dMax=5.419302  Dlo=0.012584  Dhi=2.722235  err=0.000000  inc=-1.026354  bucket 0->0  (mf=1000)
[MF-SEL] tPrev=(  d=0.032360  dMin=0.000000  dAvg=0.025175  dMax=5.419302  Dlo=0.012588  Dhi=2.722239  err=0.000000  inc=-1.026354  bucket 0->0  (mf=1000)
[MF-SEL] tPrev=(  d=0.034267  dMin=0.000000  dAvg=0.025185  dMax=5.419302  Dlo=0.012593  Dhi=2.722244  err=0.000000  inc=-1.026354  bucket 0->0  (mf=1000)
Dropping frame 1403636910.651666
[MF-SEL] tPrev=(  d=0.063538  dMin=0.000000  dAvg=0.025226  dMax=5.419302  Dlo=0.012613  Dhi=2.722264  err=0.000000  inc=-1.026354  bucket 0->0  (mf=1000)
[MF-SEL] tPrev=(  d=0.032853  dMin=0.000000  dAvg=0.025235  dMax=5.419302  Dlo=0.012617  Dhi=2.722269  err=0.000000  inc=-1.026354  bucket 0->0  (mf=1000)
Dropping frame 1403636910.801666
[MF-SEL] tPrev=(  d=0.068652  dMin=0.000000  dAvg=0.025281  dMax=5.419302  Dlo=0.012641  Dhi=2.722292  err=0.000000  inc=-1.026354  bucket 0->0  (mf=1000)
[MF-SEL] tPrev=(  d=0.037522  dMin=0.000000  dAvg=0.025294  dMax=5.419302  Dlo=0.012647  Dhi=2.722298  err=0.000000  inc=-1.026354  bucket 0->0  (mf=1000)
[MF-SEL] tPrev=(  d=0.035356  dMin=0.000000  dAvg=0.025305  dMax=5.419302  Dlo=0.012652  Dhi=2.722304  err=0.000000  inc=-1.026354  bucket 0->0  (mf=1000)
[MF-SEL] tPrev=(  d=0.034781  dMin=0.000000  dAvg=0.025315  dMax=5.419302  Dlo=0.012658  Dhi=2.722309  err=0.000000  inc=-1.026354  bucket 0->0  (mf=1000)
Dropping frame 1403636911.051666
[MF-SEL] tPrev=(  d=0.076785  dMin=0.000000  dAvg=0.025370  dMax=5.419302  Dlo=0.012685  Dhi=2.722336  err=0.000000  inc=-1.026354  bucket 0->0  (mf=1000)
Dropping frame 1403636911.151666
[MF-SEL] tPrev=(  d=0.060621  dMin=0.000000  dAvg=0.025408  dMax=5.419302  Dlo=0.012704  Dhi=2.722355  err=0.000000  inc=-1.026354  bucket 0->0  (mf=1000)
Dropping frame 1403636911.251667
[MF-SEL] tPrev=(  d=0.055895  dMin=0.000000  dAvg=0.025440  dMax=5.419302  Dlo=0.012720  Dhi=2.722371  err=0.000000  inc=-1.026354  bucket 0->0  (mf=1000)
Dropping frame 1403636911.351666
[MF-SEL] tPrev=(  d=0.046805  dMin=0.000000  dAvg=0.025463  dMax=5.419302  Dlo=0.012731  Dhi=2.722383  err=0.000000  inc=-1.026354  bucket 0->0  (mf=1000)
Dropping frame 1403636911.451666
[MF-SEL] tPrev=(  d=0.057373  dMin=0.000000  dAvg=0.025497  dMax=5.419302  Dlo=0.012748  Dhi=2.722400  err=0.000000  inc=-1.026354  bucket 0->0  (mf=1000)
Dropping frame 1403636911.551666
[MF-SEL] tPrev=(  d=0.058541  dMin=0.000000  dAvg=0.025532  dMax=5.419302  Dlo=0.012766  Dhi=2.722417  err=0.000000  inc=-1.026354  bucket 0->0  (mf=1000)
[MF-SEL] tPrev=(  d=0.026294  dMin=0.000000  dAvg=0.025533  dMax=5.419302  Dlo=0.012766  Dhi=2.722418  err=0.000000  inc=-1.026354  bucket 0->0  (mf=1000)
Dropping frame 1403636911.701667
[MF-SEL] tPrev=(  d=0.041014  dMin=0.000000  dAvg=0.025549  dMax=5.419302  Dlo=0.012774  Dhi=2.722426  err=0.000000  inc=-1.026354  bucket 0->0  (mf=1000)
[MF-SEL] tPrev=(  d=0.023411  dMin=0.000000  dAvg=0.025547  dMax=5.419302  Dlo=0.012773  Dhi=2.722425  err=0.000000  inc=-1.026354  bucket 0->0  (mf=1000)
Dropping frame 1403636911.851666
[MF-SEL] tPrev=(  d=0.051529  dMin=0.000000  dAvg=0.025574  dMax=5.419302  Dlo=0.012787  Dhi=2.722438  err=0.000000  inc=-1.026354  bucket 0->0  (mf=1000)
Dropping frame 1403636911.951666
[MF-SEL] tPrev=(  d=0.058283  dMin=0.000000  dAvg=0.025609  dMax=5.419302  Dlo=0.012804  Dhi=2.722456  err=0.000000  inc=-1.026354  bucket 0->0  (mf=1000)
[MF-SEL] tPrev=(  d=0.029300  dMin=0.000000  dAvg=0.025613  dMax=5.419302  Dlo=0.012806  Dhi=2.722458  err=0.000000  inc=-1.026354  bucket 0->0  (mf=1000)
Dropping frame 1403636912.101666
[MF-SEL] tPrev=(  d=0.060219  dMin=0.000000  dAvg=0.025649  dMax=5.419302  Dlo=0.012825  Dhi=2.722476  err=0.000000  inc=-1.026354  bucket 0->0  (mf=1000)
Dropping frame 1403636912.201667
[MF-SEL] tPrev=(  d=0.061835  dMin=0.000000  dAvg=0.025687  dMax=5.419302  Dlo=0.012844  Dhi=2.722495  err=0.000000  inc=-1.026354  bucket 0->0  (mf=1000)
[MF-SEL] tPrev=(  d=0.030493  dMin=0.000000  dAvg=0.025692  dMax=5.419302  Dlo=0.012846  Dhi=2.722497  err=0.000000  inc=-1.026354  bucket 0->0  (mf=1000)
Dropping frame 1403636912.351666
[MF-SEL] tPrev=(  d=0.086675  dMin=0.000000  dAvg=0.025756  dMax=5.419302  Dlo=0.012878  Dhi=2.722529  err=0.000000  inc=-1.026354  bucket 0->0  (mf=1000)
Dropping frame 1403636912.451666
[MF-SEL] tPrev=(  d=0.062107  dMin=0.000000  dAvg=0.025794  dMax=5.419302  Dlo=0.012897  Dhi=2.722548  err=0.000000  inc=-1.026354  bucket 0->0  (mf=1000)
[MF-SEL] tPrev=(  d=0.031639  dMin=0.000000  dAvg=0.025801  dMax=5.419302  Dlo=0.012900  Dhi=2.722552  err=0.000000  inc=-1.026354  bucket 0->0  (mf=1000)
Dropping frame 1403636912.601666
[MF-SEL] tPrev=(  d=0.062226  dMin=0.000000  dAvg=0.025839  dMax=5.419302  Dlo=0.012919  Dhi=2.722571  err=0.000000  inc=-1.026354  bucket 0->0  (mf=1000)
Dropping frame 1403636912.701667
[MF-SEL] tPrev=(  d=0.065130  dMin=0.000000  dAvg=0.025880  dMax=5.419302  Dlo=0.012940  Dhi=2.722591  err=0.000000  inc=-1.026354  bucket 0->0  (mf=1000)
[MF-SEL] tPrev=(  d=0.034436  dMin=0.000000  dAvg=0.025889  dMax=5.419302  Dlo=0.012944  Dhi=2.722596  err=0.000000  inc=-1.026354  bucket 0->0  (mf=1000)
Dropping frame 1403636912.851666
[MF-SEL] tPrev=(  d=0.081535  dMin=0.000000  dAvg=0.025947  dMax=5.419302  Dlo=0.012973  Dhi=2.722625  err=0.000000  inc=-1.026354  bucket 0->0  (mf=1000)
Dropping frame 1403636912.951666
[MF-SEL] tPrev=(  d=0.071912  dMin=0.000000  dAvg=0.025995  dMax=5.419302  Dlo=0.012997  Dhi=2.722649  err=0.000000  inc=-1.026354  bucket 0->0  (mf=1000)
[MF-SEL] tPrev=(  d=0.035539  dMin=0.000000  dAvg=0.026005  dMax=5.419302  Dlo=0.013002  Dhi=2.722654  err=0.000000  inc=-1.026354  bucket 0->0  (mf=1000)
[MF-SEL] tPrev=(  d=0.036709  dMin=0.000000  dAvg=0.026016  dMax=5.419302  Dlo=0.013008  Dhi=2.722659  err=0.000000  inc=-1.026354  bucket 0->0  (mf=1000)
Dropping frame 1403636913.151666
[MF-SEL] tPrev=(  d=0.069534  dMin=0.000000  dAvg=0.026061  dMax=5.419302  Dlo=0.013031  Dhi=2.722682  err=0.000000  inc=-1.026354  bucket 0->0  (mf=1000)
Dropping frame 1403636913.251667
[MF-SEL] tPrev=(  d=0.064531  dMin=0.000000  dAvg=0.026101  dMax=5.419302  Dlo=0.013051  Dhi=2.722702  err=0.000000  inc=-1.026354  bucket 0->0  (mf=1000)
[MF-SEL] tPrev=(  d=0.032518  dMin=0.000000  dAvg=0.026108  dMax=5.419302  Dlo=0.013054  Dhi=2.722705  err=0.000000  inc=-1.026354  bucket 0->0  (mf=1000)
Dropping frame 1403636913.401667
[MF-SEL] tPrev=(  d=0.064552  dMin=0.000000  dAvg=0.026148  dMax=5.419302  Dlo=0.013074  Dhi=2.722725  err=0.000000  inc=-1.026354  bucket 0->0  (mf=1000)
Dropping frame 1403636913.501667
[MF-SEL] tPrev=(  d=0.059908  dMin=0.000000  dAvg=0.026182  dMax=5.419302  Dlo=0.013091  Dhi=2.722742  err=0.000000  inc=-1.026354  bucket 0->0  (mf=1000)
[MF-SEL] tPrev=(  d=0.031672  dMin=0.000000  dAvg=0.026188  dMax=5.419302  Dlo=0.013094  Dhi=2.722745  err=0.000000  inc=-1.026354  bucket 0->0  (mf=1000)
Dropping frame 1403636913.651666
[MF-SEL] tPrev=(  d=0.064905  dMin=0.000000  dAvg=0.026228  dMax=5.419302  Dlo=0.013114  Dhi=2.722765  err=0.000000  inc=-1.026354  bucket 0->0  (mf=1000)
[MF-SEL] tPrev=(  d=0.033032  dMin=0.000000  dAvg=0.026235  dMax=5.419302  Dlo=0.013118  Dhi=2.722769  err=0.000000  inc=-1.026354  bucket 0->0  (mf=1000)
[MF-SEL] tPrev=(  d=0.035066  dMin=0.000000  dAvg=0.026244  dMax=5.419302  Dlo=0.013122  Dhi=2.722773  err=0.000000  inc=-1.026354  bucket 0->0  (mf=1000)
Dropping frame 1403636913.851666
[MF-SEL] tPrev=(  d=0.063909  dMin=0.000000  dAvg=0.026283  dMax=5.419302  Dlo=0.013142  Dhi=2.722793  err=0.000000  inc=-1.026354  bucket 0->0  (mf=1000)
[MF-SEL] tPrev=(  d=0.031303  dMin=0.000000  dAvg=0.026288  dMax=5.419302  Dlo=0.013144  Dhi=2.722795  err=0.000000  inc=-1.026354  bucket 0->0  (mf=1000)
Dropping frame 1403636914.001667
[MF-SEL] tPrev=(  d=0.056279  dMin=0.000000  dAvg=0.026319  dMax=5.419302  Dlo=0.013160  Dhi=2.722811  err=0.000000  inc=-1.026354  bucket 0->0  (mf=1000)
Dropping frame 1403636914.101666
[MF-SEL] tPrev=(  d=0.065467  dMin=0.000000  dAvg=0.026359  dMax=5.419302  Dlo=0.013180  Dhi=2.722831  err=0.000000  inc=-1.026354  bucket 0->0  (mf=1000)
Dropping frame 1403636914.201667
[MF-SEL] tPrev=(  d=0.063635  dMin=0.000000  dAvg=0.026397  dMax=5.419302  Dlo=0.013199  Dhi=2.722850  err=0.000000  inc=-1.026354  bucket 0->0  (mf=1000)
Dropping frame 1403636914.301666
[MF-SEL] tPrev=(  d=0.055026  dMin=0.000000  dAvg=0.026427  dMax=5.419302  Dlo=0.013213  Dhi=2.722865  err=0.000000  inc=-1.026354  bucket 0->0  (mf=1000)
[MF-SEL] tPrev=(  d=0.029350  dMin=0.000000  dAvg=0.026430  dMax=5.419302  Dlo=0.013215  Dhi=2.722866  err=0.000000  inc=-1.026354  bucket 0->0  (mf=1000)
Dropping frame 1403636914.451666
[MF-SEL] tPrev=(  d=0.056391  dMin=0.000000  dAvg=0.026460  dMax=5.419302  Dlo=0.013230  Dhi=2.722881  err=0.000000  inc=-1.026354  bucket 0->0  (mf=1000)
Dropping frame 1403636914.551666
[MF-SEL] tPrev=(  d=0.055410  dMin=0.000000  dAvg=0.026490  dMax=5.419302  Dlo=0.013245  Dhi=2.722896  err=0.000000  inc=-1.026354  bucket 0->0  (mf=1000)
Dropping frame 1403636914.651666
[MF-SEL] tPrev=(  d=0.053828  dMin=0.000000  dAvg=0.026518  dMax=5.419302  Dlo=0.013259  Dhi=2.722910  err=0.000000  inc=-1.026354  bucket 0->0  (mf=1000)
Dropping frame 1403636914.751667
[MF-SEL] tPrev=(  d=0.055493  dMin=0.000000  dAvg=0.026547  dMax=5.419302  Dlo=0.013274  Dhi=2.722925  err=0.000000  inc=-1.026354  bucket 0->0  (mf=1000)
Dropping frame 1403636914.851666
[MF-SEL] tPrev=(  d=0.051980  dMin=0.000000  dAvg=0.026573  dMax=5.419302  Dlo=0.013287  Dhi=2.722938  err=0.000000  inc=-1.026354  bucket 0->0  (mf=1000)
[MF-SEL] tPrev=(  d=0.024610  dMin=0.000000  dAvg=0.026571  dMax=5.419302  Dlo=0.013286  Dhi=2.722937  err=0.000000  inc=-1.026354  bucket 0->0  (mf=1000)
Dropping frame 1403636915.001667
[MF-SEL] tPrev=(  d=0.048255  dMin=0.000000  dAvg=0.026593  dMax=5.419302  Dlo=0.013297  Dhi=2.722948  err=0.000000  inc=-1.026354  bucket 0->0  (mf=1000)
[MF-SEL] tPrev=(  d=0.032311  dMin=0.000000  dAvg=0.026599  dMax=5.419302  Dlo=0.013300  Dhi=2.722951  err=0.000000  inc=-1.026354  bucket 0->0  (mf=1000)
[MF-SEL] tPrev=(  d=0.023242  dMin=0.000000  dAvg=0.026596  dMax=5.419302  Dlo=0.013298  Dhi=2.722949  err=0.000000  inc=-1.026354  bucket 0->0  (mf=1000)
Dropping frame 1403636915.201667
[MF-SEL] tPrev=(  d=0.049516  dMin=0.000000  dAvg=0.026619  dMax=5.419302  Dlo=0.013309  Dhi=2.722961  err=0.000000  inc=-1.026354  bucket 0->0  (mf=1000)
Dropping frame 1403636915.301666
[MF-SEL] tPrev=(  d=0.049019  dMin=0.000000  dAvg=0.026642  dMax=5.419302  Dlo=0.013321  Dhi=2.722972  err=0.000000  inc=-1.026354  bucket 0->0  (mf=1000)
[MF-SEL] tPrev=(  d=0.025150  dMin=0.000000  dAvg=0.026640  dMax=5.419302  Dlo=0.013320  Dhi=2.722971  err=0.000000  inc=-1.026354  bucket 0->0  (mf=1000)
Dropping frame 1403636915.451666
[MF-SEL] tPrev=(  d=0.051162  dMin=0.000000  dAvg=0.026665  dMax=5.419302  Dlo=0.013332  Dhi=2.722984  err=0.000000  inc=-1.026354  bucket 0->0  (mf=1000)
[MF-SEL] tPrev=(  d=0.012009  dMin=0.000000  dAvg=0.026650  dMax=5.419302  Dlo=0.013325  Dhi=2.722976  err=-1.000000  inc=-1.972872  bucket 0->0  (mf=1000)
Dropping frame 1403636915.601666
[MF-SEL] tPrev=(  d=0.047375  dMin=0.000000  dAvg=0.026671  dMax=5.419302  Dlo=0.013336  Dhi=2.722987  err=0.000000  inc=-0.868724  bucket 0->0  (mf=1000)
Dropping frame 1403636915.701667
[MF-SEL] tPrev=(  d=0.057469  dMin=0.000000  dAvg=0.026702  dMax=5.419302  Dlo=0.013351  Dhi=2.723002  err=0.000000  inc=-1.028678  bucket 0->0  (mf=1000)
[MF-SEL] tPrev=(  d=0.026353  dMin=0.000000  dAvg=0.026702  dMax=5.419302  Dlo=0.013351  Dhi=2.723002  err=0.000000  inc=-1.028678  bucket 0->0  (mf=1000)
[MF-SEL] tPrev=(  d=0.027188  dMin=0.000000  dAvg=0.026702  dMax=5.419302  Dlo=0.013351  Dhi=2.723002  err=0.000000  inc=-1.028678  bucket 0->0  (mf=1000)
Dropping frame 1403636915.901667
[MF-SEL] tPrev=(  d=0.063105  dMin=0.000000  dAvg=0.026739  dMax=5.419302  Dlo=0.013369  Dhi=2.723021  err=0.000000  inc=-1.028678  bucket 0->0  (mf=1000)
[MF-SEL] tPrev=(  d=0.028542  dMin=0.000000  dAvg=0.026741  dMax=5.419302  Dlo=0.013370  Dhi=2.723021  err=0.000000  inc=-1.028678  bucket 0->0  (mf=1000)
Dropping frame 1403636916.051666
[MF-SEL] tPrev=(  d=0.055764  dMin=0.000000  dAvg=0.026770  dMax=5.419302  Dlo=0.013385  Dhi=2.723036  err=0.000000  inc=-1.028678  bucket 0->0  (mf=1000)
[MF-SEL] tPrev=(  d=0.028662  dMin=0.000000  dAvg=0.026772  dMax=5.419302  Dlo=0.013386  Dhi=2.723037  err=0.000000  inc=-1.028678  bucket 0->0  (mf=1000)
Dropping frame 1403636916.201667
[MF-SEL] tPrev=(  d=0.058310  dMin=0.000000  dAvg=0.026803  dMax=5.419302  Dlo=0.013402  Dhi=2.723053  err=0.000000  inc=-1.028678  bucket 0->0  (mf=1000)
[MF-SEL] tPrev=(  d=0.028246  dMin=0.000000  dAvg=0.026804  dMax=5.419302  Dlo=0.013402  Dhi=2.723053  err=0.000000  inc=-1.028678  bucket 0->0  (mf=1000)
Dropping frame 1403636916.351666
[MF-SEL] tPrev=(  d=0.053505  dMin=0.000000  dAvg=0.026831  dMax=5.419302  Dlo=0.013416  Dhi=2.723067  err=0.000000  inc=-1.028678  bucket 0->0  (mf=1000)
Dropping frame 1403636916.451666
[MF-SEL] tPrev=(  d=0.053731  dMin=0.000000  dAvg=0.026858  dMax=5.419302  Dlo=0.013429  Dhi=2.723080  err=0.000000  inc=-1.028678  bucket 0->0  (mf=1000)
[MF-SEL] tPrev=(  d=0.025818  dMin=0.000000  dAvg=0.026857  dMax=5.419302  Dlo=0.013428  Dhi=2.723080  err=0.000000  inc=-1.028678  bucket 0->0  (mf=1000)
Dropping frame 1403636916.601666
[MF-SEL] tPrev=(  d=0.053852  dMin=0.000000  dAvg=0.026884  dMax=5.419302  Dlo=0.013442  Dhi=2.723093  err=0.000000  inc=-1.028678  bucket 0->0  (mf=1000)
Dropping frame 1403636916.701667
[MF-SEL] tPrev=(  d=0.046282  dMin=0.000000  dAvg=0.026903  dMax=5.419302  Dlo=0.013452  Dhi=2.723103  err=0.000000  inc=-1.028678  bucket 0->0  (mf=1000)
Dropping frame 1403636916.801666
[MF-SEL] tPrev=(  d=0.040902  dMin=0.000000  dAvg=0.026917  dMax=5.419302  Dlo=0.013458  Dhi=2.723110  err=0.000000  inc=-1.028678  bucket 0->0  (mf=1000)
Dropping frame 1403636916.901667
[MF-SEL] tPrev=(  d=0.050355  dMin=0.000000  dAvg=0.026940  dMax=5.419302  Dlo=0.013470  Dhi=2.723121  err=0.000000  inc=-1.028678  bucket 0->0  (mf=1000)
Dropping frame 1403636917.001667
[MF-SEL] tPrev=(  d=0.045653  dMin=0.000000  dAvg=0.026959  dMax=5.419302  Dlo=0.013479  Dhi=2.723131  err=0.000000  inc=-1.028678  bucket 0->0  (mf=1000)
[MF-SEL] tPrev=(  d=0.021363  dMin=0.000000  dAvg=0.026953  dMax=5.419302  Dlo=0.013477  Dhi=2.723128  err=0.000000  inc=-1.028678  bucket 0->0  (mf=1000)
[MF-SEL] tPrev=(  d=0.018018  dMin=0.000000  dAvg=0.026944  dMax=5.419302  Dlo=0.013472  Dhi=2.723123  err=0.000000  inc=-1.028678  bucket 0->0  (mf=1000)
Dropping frame 1403636917.201667
[MF-SEL] tPrev=(  d=0.040153  dMin=0.000000  dAvg=0.026957  dMax=5.419302  Dlo=0.013479  Dhi=2.723130  err=0.000000  inc=-1.028678  bucket 0->0  (mf=1000)
[MF-SEL] tPrev=(  d=0.020889  dMin=0.000000  dAvg=0.026951  dMax=5.419302  Dlo=0.013476  Dhi=2.723127  err=0.000000  inc=-1.028678  bucket 0->0  (mf=1000)
[MF-SEL] tPrev=(  d=0.021330  dMin=0.000000  dAvg=0.026946  dMax=5.419302  Dlo=0.013473  Dhi=2.723124  err=0.000000  inc=-1.028678  bucket 0->0  (mf=1000)
Dropping frame 1403636917.401667
[MF-SEL] tPrev=(  d=0.048271  dMin=0.000000  dAvg=0.026967  dMax=5.419302  Dlo=0.013483  Dhi=2.723135  err=0.000000  inc=-1.028678  bucket 0->0  (mf=1000)
[MF-SEL] tPrev=(  d=0.025490  dMin=0.000000  dAvg=0.026965  dMax=5.419302  Dlo=0.013483  Dhi=2.723134  err=0.000000  inc=-1.028678  bucket 0->0  (mf=1000)
Dropping frame 1403636917.551666
[MF-SEL] tPrev=(  d=0.043916  dMin=0.000000  dAvg=0.026982  dMax=5.419302  Dlo=0.013491  Dhi=2.723142  err=0.000000  inc=-1.028678  bucket 0->0  (mf=1000)
Dropping frame 1403636917.651666
[MF-SEL] tPrev=(  d=0.026926  dMin=0.000000  dAvg=0.026982  dMax=5.419302  Dlo=0.013491  Dhi=2.723142  err=0.000000  inc=-1.028678  bucket 0->0  (mf=1000)
Dropping frame 1403636917.751667
[MF-SEL] tPrev=(  d=0.026311  dMin=0.000000  dAvg=0.026981  dMax=5.419302  Dlo=0.013491  Dhi=2.723142  err=0.000000  inc=-1.028678  bucket 0->0  (mf=1000)
[MF-SEL] tPrev=(  d=0.010925  dMin=0.000000  dAvg=0.026966  dMax=5.419302  Dlo=0.013483  Dhi=2.723134  err=-1.000000  inc=-1.953093  bucket 0->0  (mf=1000)
Dropping frame 1403636917.901667
[MF-SEL] tPrev=(  d=0.018736  dMin=0.000000  dAvg=0.026958  dMax=5.419302  Dlo=0.013479  Dhi=2.723130  err=0.000000  inc=-0.868480  bucket 0->0  (mf=1000)
[MF-SEL] tPrev=(  d=0.007549  dMin=0.000000  dAvg=0.026939  dMax=5.419302  Dlo=0.013469  Dhi=2.723121  err=-1.000000  inc=-1.956227  bucket 0->0  (mf=1000)
Dropping frame 1403636918.051666
[MF-SEL] tPrev=(  d=0.013337  dMin=0.000000  dAvg=0.026925  dMax=5.419302  Dlo=0.013463  Dhi=2.723114  err=-1.000000  inc=-1.638331  bucket 0->0  (mf=1000)
Dropping frame 1403636918.151666
[MF-SEL] tPrev=(  d=0.019576  dMin=0.000000  dAvg=0.026918  dMax=5.419302  Dlo=0.013459  Dhi=2.723110  err=0.000000  inc=-0.873517  bucket 0->0  (mf=1000)
Dropping frame 1403636918.251667
[MF-SEL] tPrev=(  d=0.012743  dMin=0.000000  dAvg=0.026904  dMax=5.419302  Dlo=0.013452  Dhi=2.723103  err=-1.000000  inc=-1.797353  bucket 0->0  (mf=1000)
Dropping frame 1403636918.351666
[MF-SEL] tPrev=(  d=0.009732  dMin=0.000000  dAvg=0.026888  dMax=5.419302  Dlo=0.013444  Dhi=2.723095  err=-1.000000  inc=-1.648690  bucket 0->0  (mf=1000)
[MF-SEL] tPrev=(  d=0.005835  dMin=0.000000  dAvg=0.026867  dMax=5.419302  Dlo=0.013434  Dhi=2.723085  err=-1.000000  inc=-1.651293  bucket 0->0  (mf=1000)
[MF-SEL] tPrev=(  d=0.008411  dMin=0.000000  dAvg=0.026849  dMax=5.419302  Dlo=0.013425  Dhi=2.723076  err=-1.000000  inc=-1.653929  bucket 0->0  (mf=1000)
Dropping frame 1403636918.551666
[MF-SEL] tPrev=(  d=0.026158  dMin=0.000000  dAvg=0.026848  dMax=5.419302  Dlo=0.013424  Dhi=2.723075  err=0.000000  inc=-0.889181  bucket 0->0  (mf=1000)
Dropping frame 1403636918.651666
[MF-SEL] tPrev=(  d=0.035869  dMin=0.000000  dAvg=0.026857  dMax=5.419302  Dlo=0.013429  Dhi=2.723080  err=0.000000  inc=-1.053929  bucket 0->0  (mf=1000)
[MF-SEL] tPrev=(  d=0.021857  dMin=0.000000  dAvg=0.026852  dMax=5.419302  Dlo=0.013426  Dhi=2.723077  err=0.000000  inc=-1.053929  bucket 0->0  (mf=1000)
Dropping frame 1403636918.801666
[MF-SEL] tPrev=(  d=0.047219  dMin=0.000000  dAvg=0.026872  dMax=5.419302  Dlo=0.013436  Dhi=2.723087  err=0.000000  inc=-1.053929  bucket 0->0  (mf=1000)
[MF-SEL] tPrev=(  d=0.024303  dMin=0.000000  dAvg=0.026870  dMax=5.419302  Dlo=0.013435  Dhi=2.723086  err=0.000000  inc=-1.053929  bucket 0->0  (mf=1000)
[MF-SEL] tPrev=(  d=0.024967  dMin=0.000000  dAvg=0.026868  dMax=5.419302  Dlo=0.013434  Dhi=2.723085  err=0.000000  inc=-1.053929  bucket 0->0  (mf=1000)
Dropping frame 1403636919.001667
[MF-SEL] tPrev=(  d=0.043352  dMin=0.000000  dAvg=0.026884  dMax=5.419302  Dlo=0.013442  Dhi=2.723093  err=0.000000  inc=-1.053929  bucket 0->0  (mf=1000)
[MF-SEL] tPrev=(  d=0.026161  dMin=0.000000  dAvg=0.026883  dMax=5.419302  Dlo=0.013441  Dhi=2.723093  err=0.000000  inc=-1.053929  bucket 0->0  (mf=1000)
[MF-SEL] tPrev=(  d=0.038043  dMin=0.000000  dAvg=0.026894  dMax=5.419302  Dlo=0.013447  Dhi=2.723098  err=0.000000  inc=-1.053929  bucket 0->0  (mf=1000)
[MF-SEL] tPrev=(  d=0.023290  dMin=0.000000  dAvg=0.026890  dMax=5.419302  Dlo=0.013445  Dhi=2.723096  err=0.000000  inc=-1.053929  bucket 0->0  (mf=1000)
[MF-SEL] tPrev=(  d=0.025774  dMin=0.000000  dAvg=0.026889  dMax=5.419302  Dlo=0.013445  Dhi=2.723096  err=0.000000  inc=-1.053929  bucket 0->0  (mf=1000)
Dropping frame 1403636919.301666
[MF-SEL] tPrev=(  d=0.043819  dMin=0.000000  dAvg=0.026905  dMax=5.419302  Dlo=0.013453  Dhi=2.723104  err=0.000000  inc=-1.053929  bucket 0->0  (mf=1000)
[MF-SEL] tPrev=(  d=0.024498  dMin=0.000000  dAvg=0.026903  dMax=5.419302  Dlo=0.013452  Dhi=2.723103  err=0.000000  inc=-1.053929  bucket 0->0  (mf=1000)
Dropping frame 1403636919.451666
[MF-SEL] tPrev=(  d=0.036129  dMin=0.000000  dAvg=0.026912  dMax=5.419302  Dlo=0.013456  Dhi=2.723107  err=0.000000  inc=-1.053929  bucket 0->0  (mf=1000)
[MF-SEL] tPrev=(  d=0.018982  dMin=0.000000  dAvg=0.026904  dMax=5.419302  Dlo=0.013452  Dhi=2.723103  err=0.000000  inc=-1.053929  bucket 0->0  (mf=1000)
Dropping frame 1403636919.601666
[MF-SEL] tPrev=(  d=0.029357  dMin=0.000000  dAvg=0.026907  dMax=5.419302  Dlo=0.013453  Dhi=2.723105  err=0.000000  inc=-1.053929  bucket 0->0  (mf=1000)
Dropping frame 1403636919.701667
[MF-SEL] tPrev=(  d=0.029019  dMin=0.000000  dAvg=0.026909  dMax=5.419302  Dlo=0.013454  Dhi=2.723106  err=0.000000  inc=-1.053929  bucket 0->0  (mf=1000)
Dropping frame 1403636919.801666
[MF-SEL] tPrev=(  d=0.020695  dMin=0.000000  dAvg=0.026903  dMax=5.419302  Dlo=0.013451  Dhi=2.723103  err=0.000000  inc=-1.053929  bucket 0->0  (mf=1000)
[MF-SEL] tPrev=(  d=0.009700  dMin=0.000000  dAvg=0.026886  dMax=5.419302  Dlo=0.013443  Dhi=2.723094  err=-1.000000  inc=-1.992250  bucket 0->0  (mf=1000)
Dropping frame 1403636919.951666
[MF-SEL] tPrev=(  d=0.014566  dMin=0.000000  dAvg=0.026875  dMax=5.419302  Dlo=0.013437  Dhi=2.723089  err=0.000000  inc=-0.895899  bucket 0->0  (mf=1000)
Dropping frame 1403636920.051666
[MF-SEL] tPrev=(  d=0.016931  dMin=0.000000  dAvg=0.026865  dMax=5.419302  Dlo=0.013433  Dhi=2.723084  err=0.000000  inc=-1.056311  bucket 0->0  (mf=1000)
[MF-SEL] tPrev=(  d=0.010158  dMin=0.000000  dAvg=0.026849  dMax=5.419302  Dlo=0.013425  Dhi=2.723076  err=-1.000000  inc=-1.955102  bucket 0->0  (mf=1000)
Dropping frame 1403636920.201667
[MF-SEL] tPrev=(  d=0.021896  dMin=0.000000  dAvg=0.026845  dMax=5.419302  Dlo=0.013422  Dhi=2.723074  err=0.000000  inc=-0.900067  bucket 0->0  (mf=1000)
Dropping frame 1403636920.301666
[MF-SEL] tPrev=(  d=0.057272  dMin=0.000000  dAvg=0.026873  dMax=5.419302  Dlo=0.013437  Dhi=2.723088  err=0.000000  inc=-1.059013  bucket 0->0  (mf=1000)
[MF-SEL] tPrev=(  d=0.019808  dMin=0.000000  dAvg=0.026867  dMax=5.419302  Dlo=0.013433  Dhi=2.723085  err=0.000000  inc=-1.059013  bucket 0->0  (mf=1000)
Dropping frame 1403636920.451666
[MF-SEL] tPrev=(  d=0.034071  dMin=0.000000  dAvg=0.026874  dMax=5.419302  Dlo=0.013437  Dhi=2.723088  err=0.000000  inc=-1.059013  bucket 0->0  (mf=1000)
Dropping frame 1403636920.551666
[MF-SEL] tPrev=(  d=0.035757  dMin=0.000000  dAvg=0.026882  dMax=5.419302  Dlo=0.013441  Dhi=2.723092  err=0.000000  inc=-1.059013  bucket 0->0  (mf=1000)
[MF-SEL] tPrev=(  d=0.018188  dMin=0.000000  dAvg=0.026874  dMax=5.419302  Dlo=0.013437  Dhi=2.723088  err=0.000000  inc=-1.059013  bucket 0->0  (mf=1000)
[MF-SEL] tPrev=(  d=0.018568  dMin=0.000000  dAvg=0.026866  dMax=5.419302  Dlo=0.013433  Dhi=2.723084  err=0.000000  inc=-1.059013  bucket 0->0  (mf=1000)
Dropping frame 1403636920.751667
[MF-SEL] tPrev=(  d=0.046232  dMin=0.000000  dAvg=0.026884  dMax=5.419302  Dlo=0.013442  Dhi=2.723093  err=0.000000  inc=-1.059013  bucket 0->0  (mf=1000)
[MF-SEL] tPrev=(  d=0.021171  dMin=0.000000  dAvg=0.026879  dMax=5.419302  Dlo=0.013439  Dhi=2.723091  err=0.000000  inc=-1.059013  bucket 0->0  (mf=1000)
Dropping frame 1403636920.901667
[MF-SEL] tPrev=(  d=0.042350  dMin=0.000000  dAvg=0.026893  dMax=5.419302  Dlo=0.013447  Dhi=2.723098  err=0.000000  inc=-1.059013  bucket 0->0  (mf=1000)
[MF-SEL] tPrev=(  d=0.019238  dMin=0.000000  dAvg=0.026886  dMax=5.419302  Dlo=0.013443  Dhi=2.723094  err=0.000000  inc=-1.059013  bucket 0->0  (mf=1000)
Dropping frame 1403636921.051666
[MF-SEL] tPrev=(  d=0.035006  dMin=0.000000  dAvg=0.026894  dMax=5.419302  Dlo=0.013447  Dhi=2.723098  err=0.000000  inc=-1.059013  bucket 0->0  (mf=1000)
[MF-SEL] tPrev=(  d=0.012813  dMin=0.000000  dAvg=0.026881  dMax=5.419302  Dlo=0.013440  Dhi=2.723092  err=-1.000000  inc=-1.964313  bucket 0->0  (mf=1000)
[MF-SEL] tPrev=(  d=0.014203  dMin=0.000000  dAvg=0.026869  dMax=5.419302  Dlo=0.013434  Dhi=2.723086  err=0.000000  inc=-0.718855  bucket 0->0  (mf=1000)
[MF-SEL] tPrev=(  d=0.013108  dMin=0.000000  dAvg=0.026856  dMax=5.419302  Dlo=0.013428  Dhi=2.723079  err=-1.000000  inc=-1.997792  bucket 0->0  (mf=1000)
Dropping frame 1403636921.301666
[MF-SEL] tPrev=(  d=0.029758  dMin=0.000000  dAvg=0.026859  dMax=5.419302  Dlo=0.013429  Dhi=2.723080  err=0.000000  inc=-0.894703  bucket 0->0  (mf=1000)
[MF-SEL] tPrev=(  d=0.011637  dMin=0.000000  dAvg=0.026844  dMax=5.419302  Dlo=0.013422  Dhi=2.723073  err=-1.000000  inc=-1.976745  bucket 0->0  (mf=1000)
[MF-SEL] tPrev=(  d=0.008148  dMin=0.000000  dAvg=0.026827  dMax=5.419302  Dlo=0.013413  Dhi=2.723065  err=-1.000000  inc=-1.668903  bucket 0->0  (mf=1000)
Dropping frame 1403636921.501667
[MF-SEL] tPrev=(  d=0.034093  dMin=0.000000  dAvg=0.026834  dMax=5.419302  Dlo=0.013417  Dhi=2.723068  err=0.000000  inc=-0.904448  bucket 0->0  (mf=1000)
[MF-SEL] tPrev=(  d=0.017964  dMin=0.000000  dAvg=0.026825  dMax=5.419302  Dlo=0.013413  Dhi=2.723064  err=0.000000  inc=-1.068903  bucket 0->0  (mf=1000)
Dropping frame 1403636921.651666
[MF-SEL] tPrev=(  d=0.040209  dMin=0.000000  dAvg=0.026838  dMax=5.419302  Dlo=0.013419  Dhi=2.723070  err=0.000000  inc=-1.068903  bucket 0->0  (mf=1000)
[MF-SEL] tPrev=(  d=0.017226  dMin=0.000000  dAvg=0.026829  dMax=5.419302  Dlo=0.013414  Dhi=2.723066  err=0.000000  inc=-1.068903  bucket 0->0  (mf=1000)
[MF-SEL] tPrev=(  d=0.016914  dMin=0.000000  dAvg=0.026820  dMax=5.419302  Dlo=0.013410  Dhi=2.723061  err=0.000000  inc=-1.068903  bucket 0->0  (mf=1000)
Dropping frame 1403636921.851666
[MF-SEL] tPrev=(  d=0.019661  dMin=0.000000  dAvg=0.026813  dMax=5.419302  Dlo=0.013406  Dhi=2.723058  err=0.000000  inc=-1.068903  bucket 0->0  (mf=1000)
[MF-SEL] tPrev=(  d=0.008529  dMin=0.000000  dAvg=0.026796  dMax=5.419302  Dlo=0.013398  Dhi=2.723049  err=-1.000000  inc=-2.031642  bucket 0->0  (mf=1000)
[MF-SEL] tPrev=(  d=0.013382  dMin=0.000000  dAvg=0.026783  dMax=5.419302  Dlo=0.013392  Dhi=2.723043  err=-1.000000  inc=-1.673556  bucket 0->0  (mf=1000)
Dropping frame 1403636922.051666
[MF-SEL] tPrev=(  d=0.026794  dMin=0.000000  dAvg=0.026783  dMax=5.419302  Dlo=0.013392  Dhi=2.723043  err=0.000000  inc=-0.911476  bucket 0->0  (mf=1000)
[MF-SEL] tPrev=(  d=0.012998  dMin=0.000000  dAvg=0.026771  dMax=5.419302  Dlo=0.013385  Dhi=2.723037  err=-1.000000  inc=-1.973964  bucket 0->0  (mf=1000)
[MF-SEL] tPrev=(  d=0.011512  dMin=0.000000  dAvg=0.026756  dMax=5.419302  Dlo=0.013378  Dhi=2.723029  err=-1.000000  inc=-1.678621  bucket 0->0  (mf=1000)
Dropping frame 1403636922.251667
[MF-SEL] tPrev=(  d=0.038334  dMin=0.000000  dAvg=0.026767  dMax=5.419302  Dlo=0.013384  Dhi=2.723035  err=0.000000  inc=-0.910717  bucket 0->0  (mf=1000)
Dropping frame 1403636922.351666
[MF-SEL] tPrev=(  d=0.022666  dMin=0.000000  dAvg=0.026763  dMax=5.419302  Dlo=0.013382  Dhi=2.723033  err=0.000000  inc=-1.078621  bucket 0->0  (mf=1000)
Dropping frame 1403636922.451666
[MF-SEL] tPrev=(  d=0.015899  dMin=0.000000  dAvg=0.026753  dMax=5.419302  Dlo=0.013377  Dhi=2.723028  err=0.000000  inc=-1.078621  bucket 0->0  (mf=1000)
[MF-SEL] tPrev=(  d=0.008102  dMin=0.000000  dAvg=0.026736  dMax=5.419302  Dlo=0.013368  Dhi=2.723019  err=-1.000000  inc=-1.993575  bucket 0->0  (mf=1000)
[MF-SEL] tPrev=(  d=0.009371  dMin=0.000000  dAvg=0.026720  dMax=5.419302  Dlo=0.013360  Dhi=2.723011  err=-1.000000  inc=-1.683617  bucket 0->0  (mf=1000)
[MF-SEL] tPrev=(  d=0.008325  dMin=0.000000  dAvg=0.026703  dMax=5.419302  Dlo=0.013352  Dhi=2.723003  err=-1.000000  inc=-1.685921  bucket 0->0  (mf=1000)
[MF-SEL] tPrev=(  d=0.014862  dMin=0.000000  dAvg=0.026692  dMax=5.419302  Dlo=0.013346  Dhi=2.722997  err=0.000000  inc=-0.744745  bucket 0->0  (mf=1000)
[MF-SEL] tPrev=(  d=0.020058  dMin=0.000000  dAvg=0.026686  dMax=5.419302  Dlo=0.013343  Dhi=2.722994  err=0.000000  inc=-1.085921  bucket 0->0  (mf=1000)
[MF-SEL] tPrev=(  d=0.006157  dMin=0.000000  dAvg=0.026667  dMax=5.419302  Dlo=0.013334  Dhi=2.722985  err=-1.000000  inc=-2.035721  bucket 0->0  (mf=1000)
Dropping frame 1403636922.851666
[MF-SEL] tPrev=(  d=0.008372  dMin=0.000000  dAvg=0.026651  dMax=5.419302  Dlo=0.013325  Dhi=2.722976  err=-1.000000  inc=-1.692902  bucket 0->0  (mf=1000)
Dropping frame 1403636922.951666
[MF-SEL] tPrev=(  d=0.008475  dMin=0.000000  dAvg=0.026634  dMax=5.419302  Dlo=0.013317  Dhi=2.722968  err=-1.000000  inc=-1.697816  bucket 0->0  (mf=1000)
[MF-SEL] tPrev=(  d=0.005204  dMin=0.000000  dAvg=0.026614  dMax=5.419302  Dlo=0.013307  Dhi=2.722958  err=-1.000000  inc=-1.700445  bucket 0->0  (mf=1000)
Dropping frame 1403636923.101666
[MF-SEL] tPrev=(  d=0.021555  dMin=0.000000  dAvg=0.026610  dMax=5.419302  Dlo=0.013305  Dhi=2.722956  err=0.000000  inc=-0.935133  bucket 0->0  (mf=1000)
[MF-SEL] tPrev=(  d=0.011357  dMin=0.000000  dAvg=0.026596  dMax=5.419302  Dlo=0.013298  Dhi=2.722949  err=-1.000000  inc=-2.028825  bucket 0->0  (mf=1000)
[MF-SEL] tPrev=(  d=0.046067  dMin=0.000000  dAvg=0.026613  dMax=5.419302  Dlo=0.013307  Dhi=2.722958  err=0.000000  inc=-0.717997  bucket 0->0  (mf=1000)
Dropping frame 1403636923.301666
[MF-SEL] tPrev=(  d=0.021390  dMin=0.000000  dAvg=0.026609  dMax=5.419302  Dlo=0.013304  Dhi=2.722956  err=0.000000  inc=-1.102899  bucket 0->0  (mf=1000)
[MF-SEL] tPrev=(  d=0.013166  dMin=0.000000  dAvg=0.026596  dMax=5.419302  Dlo=0.013298  Dhi=2.722949  err=-1.000000  inc=-2.029119  bucket 0->0  (mf=1000)
[MF-SEL] tPrev=(  d=0.013840  dMin=0.000000  dAvg=0.026585  dMax=5.419302  Dlo=0.013292  Dhi=2.722944  err=0.000000  inc=-0.773901  bucket 0->0  (mf=1000)
Dropping frame 1403636923.501667
[MF-SEL] tPrev=(  d=0.024070  dMin=0.000000  dAvg=0.026582  dMax=5.419302  Dlo=0.013291  Dhi=2.722942  err=0.000000  inc=-1.105370  bucket 0->0  (mf=1000)
[MF-SEL] tPrev=(  d=0.010568  dMin=0.000000  dAvg=0.026568  dMax=5.419302  Dlo=0.013284  Dhi=2.722935  err=-1.000000  inc=-2.009871  bucket 0->0  (mf=1000)
Dropping frame 1403636923.651666
[MF-SEL] tPrev=(  d=0.017966  dMin=0.000000  dAvg=0.026560  dMax=5.419302  Dlo=0.013280  Dhi=2.722931  err=0.000000  inc=-0.933759  bucket 0->0  (mf=1000)
[MF-SEL] tPrev=(  d=0.044654  dMin=0.000000  dAvg=0.026576  dMax=5.419302  Dlo=0.013288  Dhi=2.722939  err=0.000000  inc=-1.108021  bucket 0->0  (mf=1000)
[MF-SEL] tPrev=(  d=0.007351  dMin=0.000000  dAvg=0.026559  dMax=5.419302  Dlo=0.013280  Dhi=2.722931  err=-1.000000  inc=-2.023599  bucket 0->0  (mf=1000)
[MF-SEL] tPrev=(  d=0.007920  dMin=0.000000  dAvg=0.026542  dMax=5.419302  Dlo=0.013271  Dhi=2.722922  err=-1.000000  inc=-1.713013  bucket 0->0  (mf=1000)
[MF-SEL] tPrev=(  d=0.007905  dMin=0.000000  dAvg=0.026525  dMax=5.419302  Dlo=0.013263  Dhi=2.722914  err=-1.000000  inc=-1.715452  bucket 0->0  (mf=1000)
[MF-SEL] tPrev=(  d=0.009423  dMin=0.000000  dAvg=0.026510  dMax=5.419302  Dlo=0.013255  Dhi=2.722906  err=-1.000000  inc=-1.717797  bucket 0->0  (mf=1000)
Dropping frame 1403636924.001667
[MF-SEL] tPrev=(  d=0.020861  dMin=0.000000  dAvg=0.026505  dMax=5.419302  Dlo=0.013252  Dhi=2.722904  err=0.000000  inc=-0.955794  bucket 0->0  (mf=1000)
[MF-SEL] tPrev=(  d=0.012576  dMin=0.000000  dAvg=0.026492  dMax=5.419302  Dlo=0.013246  Dhi=2.722897  err=-1.000000  inc=-2.027127  bucket 0->0  (mf=1000)
Dropping frame 1403636924.151666
[MF-SEL] tPrev=(  d=0.032038  dMin=0.000000  dAvg=0.026497  dMax=5.419302  Dlo=0.013249  Dhi=2.722900  err=0.000000  inc=-0.956756  bucket 0->0  (mf=1000)
[MF-SEL] tPrev=(  d=0.023941  dMin=0.000000  dAvg=0.026495  dMax=5.419302  Dlo=0.013247  Dhi=2.722899  err=0.000000  inc=-1.120405  bucket 0->0  (mf=1000)
[MF-SEL] tPrev=(  d=0.019119  dMin=0.000000  dAvg=0.026488  dMax=5.419302  Dlo=0.013244  Dhi=2.722895  err=0.000000  inc=-1.120405  bucket 0->0  (mf=1000)
[MF-SEL] tPrev=(  d=0.019637  dMin=0.000000  dAvg=0.026482  dMax=5.419302  Dlo=0.013241  Dhi=2.722892  err=0.000000  inc=-1.120405  bucket 0->0  (mf=1000)
Dropping frame 1403636924.401667
[MF-SEL] tPrev=(  d=0.045081  dMin=0.000000  dAvg=0.026499  dMax=5.419302  Dlo=0.013249  Dhi=2.722901  err=0.000000  inc=-1.120405  bucket 0->0  (mf=1000)
[MF-SEL] tPrev=(  d=0.024839  dMin=0.000000  dAvg=0.026497  dMax=5.419302  Dlo=0.013249  Dhi=2.722900  err=0.000000  inc=-1.120405  bucket 0->0  (mf=1000)
[MF-SEL] tPrev=(  d=0.025868  dMin=0.000000  dAvg=0.026497  dMax=5.419302  Dlo=0.013248  Dhi=2.722900  err=0.000000  inc=-1.120405  bucket 0->0  (mf=1000)
[MF-SEL] tPrev=(  d=0.026051  dMin=0.000000  dAvg=0.026496  dMax=5.419302  Dlo=0.013248  Dhi=2.722899  err=0.000000  inc=-1.120405  bucket 0->0  (mf=1000)
[MF-SEL] tPrev=(  d=0.026534  dMin=0.000000  dAvg=0.026496  dMax=5.419302  Dlo=0.013248  Dhi=2.722899  err=0.000000  inc=-1.120405  bucket 0->0  (mf=1000)
[MF-SEL] tPrev=(  d=0.025984  dMin=0.000000  dAvg=0.026496  dMax=5.419302  Dlo=0.013248  Dhi=2.722899  err=0.000000  inc=-1.120405  bucket 0->0  (mf=1000)
[MF-SEL] tPrev=(  d=0.050690  dMin=0.000000  dAvg=0.026517  dMax=5.419302  Dlo=0.013259  Dhi=2.722910  err=0.000000  inc=-1.120405  bucket 0->0  (mf=1000)
[MF-SEL] tPrev=(  d=0.027176  dMin=0.000000  dAvg=0.026518  dMax=5.419302  Dlo=0.013259  Dhi=2.722910  err=0.000000  inc=-1.120405  bucket 0->0  (mf=1000)
[MF-SEL] tPrev=(  d=0.027121  dMin=0.000000  dAvg=0.026519  dMax=5.419302  Dlo=0.013259  Dhi=2.722911  err=0.000000  inc=-1.120405  bucket 0->0  (mf=1000)
Dropping frame 1403636924.901667
[MF-SEL] tPrev=(  d=0.052571  dMin=0.000000  dAvg=0.026542  dMax=5.419302  Dlo=0.013271  Dhi=2.722922  err=0.000000  inc=-1.120405  bucket 0->0  (mf=1000)
[MF-SEL] tPrev=(  d=0.026206  dMin=0.000000  dAvg=0.026542  dMax=5.419302  Dlo=0.013271  Dhi=2.722922  err=0.000000  inc=-1.120405  bucket 0->0  (mf=1000)
Dropping frame 1403636925.051666
[MF-SEL] tPrev=(  d=0.058959  dMin=0.000000  dAvg=0.026570  dMax=5.419302  Dlo=0.013285  Dhi=2.722936  err=0.000000  inc=-1.120405  bucket 0->0  (mf=1000)
[MF-SEL] tPrev=(  d=0.030247  dMin=0.000000  dAvg=0.026574  dMax=5.419302  Dlo=0.013287  Dhi=2.722938  err=0.000000  inc=-1.120405  bucket 0->0  (mf=1000)
[MF-SEL] tPrev=(  d=0.035972  dMin=0.000000  dAvg=0.026582  dMax=5.419302  Dlo=0.013291  Dhi=2.722942  err=0.000000  inc=-1.120405  bucket 0->0  (mf=1000)
[MF-SEL] tPrev=(  d=0.032155  dMin=0.000000  dAvg=0.026587  dMax=5.419302  Dlo=0.013293  Dhi=2.722945  err=0.000000  inc=-1.120405  bucket 0->0  (mf=1000)
Dropping frame 1403636925.301666
[MF-SEL] tPrev=(  d=0.062299  dMin=0.000000  dAvg=0.026619  dMax=5.419302  Dlo=0.013309  Dhi=2.722961  err=0.000000  inc=-1.120405  bucket 0->0  (mf=1000)
[MF-SEL] tPrev=(  d=0.032361  dMin=0.000000  dAvg=0.026624  dMax=5.419302  Dlo=0.013312  Dhi=2.722963  err=0.000000  inc=-1.120405  bucket 0->0  (mf=1000)
[MF-SEL] tPrev=(  d=0.031216  dMin=0.000000  dAvg=0.026628  dMax=5.419302  Dlo=0.013314  Dhi=2.722965  err=0.000000  inc=-1.120405  bucket 0->0  (mf=1000)
Dropping frame 1403636925.501667
[MF-SEL] tPrev=(  d=0.050591  dMin=0.000000  dAvg=0.026649  dMax=5.419302  Dlo=0.013325  Dhi=2.722976  err=0.000000  inc=-1.120405  bucket 0->0  (mf=1000)
[MF-SEL] tPrev=(  d=0.055949  dMin=0.000000  dAvg=0.026675  dMax=5.419302  Dlo=0.013337  Dhi=2.722989  err=0.000000  inc=-1.120405  bucket 0->0  (mf=1000)
[MF-SEL] tPrev=(  d=0.030423  dMin=0.000000  dAvg=0.026678  dMax=5.419302  Dlo=0.013339  Dhi=2.722990  err=0.000000  inc=-1.120405  bucket 0->0  (mf=1000)
[MF-SEL] tPrev=(  d=0.032299  dMin=0.000000  dAvg=0.026683  dMax=5.419302  Dlo=0.013342  Dhi=2.722993  err=0.000000  inc=-1.120405  bucket 0->0  (mf=1000)
[MF-SEL] tPrev=(  d=0.032826  dMin=0.000000  dAvg=0.026689  dMax=5.419302  Dlo=0.013344  Dhi=2.722996  err=0.000000  inc=-1.120405  bucket 0->0  (mf=1000)
Dropping frame 1403636925.801666
[MF-SEL] tPrev=(  d=0.087080  dMin=0.000000  dAvg=0.026742  dMax=5.419302  Dlo=0.013371  Dhi=2.723022  err=0.000000  inc=-1.120405  bucket 0->0  (mf=1000)
[MF-SEL] tPrev=(  d=0.042126  dMin=0.000000  dAvg=0.026755  dMax=5.419302  Dlo=0.013378  Dhi=2.723029  err=0.000000  inc=-1.120405  bucket 0->0  (mf=1000)
Dropping frame 1403636925.951666
[MF-SEL] tPrev=(  d=0.079336  dMin=0.000000  dAvg=0.026802  dMax=5.419302  Dlo=0.013401  Dhi=2.723052  err=0.000000  inc=-1.120405  bucket 0->0  (mf=1000)
[MF-SEL] tPrev=(  d=0.039416  dMin=0.000000  dAvg=0.026813  dMax=5.419302  Dlo=0.013406  Dhi=2.723058  err=0.000000  inc=-1.120405  bucket 0->0  (mf=1000)
[MF-SEL] tPrev=(  d=0.038000  dMin=0.000000  dAvg=0.026823  dMax=5.419302  Dlo=0.013411  Dhi=2.723062  err=0.000000  inc=-1.120405  bucket 0->0  (mf=1000)
[MF-SEL] tPrev=(  d=0.037218  dMin=0.000000  dAvg=0.026832  dMax=5.419302  Dlo=0.013416  Dhi=2.723067  err=0.000000  inc=-1.120405  bucket 0->0  (mf=1000)
Dropping frame 1403636926.201667
[MF-SEL] tPrev=(  d=0.072561  dMin=0.000000  dAvg=0.026872  dMax=5.419302  Dlo=0.013436  Dhi=2.723087  err=0.000000  inc=-1.120405  bucket 0->0  (mf=1000)
Dropping frame 1403636926.301666
[MF-SEL] tPrev=(  d=0.083480  dMin=0.000000  dAvg=0.026921  dMax=5.419302  Dlo=0.013461  Dhi=2.723112  err=0.000000  inc=-1.120405  bucket 0->0  (mf=1000)
[MF-SEL] tPrev=(  d=0.034882  dMin=0.000000  dAvg=0.026928  dMax=5.419302  Dlo=0.013464  Dhi=2.723115  err=0.000000  inc=-1.120405  bucket 0->0  (mf=1000)
[MF-SEL] tPrev=(  d=0.033717  dMin=0.000000  dAvg=0.026934  dMax=5.419302  Dlo=0.013467  Dhi=2.723118  err=0.000000  inc=-1.120405  bucket 0->0  (mf=1000)
[MF-SEL] tPrev=(  d=0.032370  dMin=0.000000  dAvg=0.026939  dMax=5.419302  Dlo=0.013469  Dhi=2.723121  err=0.000000  inc=-1.120405  bucket 0->0  (mf=1000)
[MF-SEL] tPrev=(  d=0.030693  dMin=0.000000  dAvg=0.026942  dMax=5.419302  Dlo=0.013471  Dhi=2.723122  err=0.000000  inc=-1.120405  bucket 0->0  (mf=1000)
[MF-SEL] tPrev=(  d=0.038821  dMin=0.000000  dAvg=0.026953  dMax=5.419302  Dlo=0.013476  Dhi=2.723128  err=0.000000  inc=-1.120405  bucket 0->0  (mf=1000)
Dropping frame 1403636926.651666
[MF-SEL] tPrev=(  d=0.054253  dMin=0.000000  dAvg=0.026976  dMax=5.419302  Dlo=0.013488  Dhi=2.723139  err=0.000000  inc=-1.120405  bucket 0->0  (mf=1000)
[MF-SEL] tPrev=(  d=0.025030  dMin=0.000000  dAvg=0.026975  dMax=5.419302  Dlo=0.013487  Dhi=2.723139  err=0.000000  inc=-1.120405  bucket 0->0  (mf=1000)
[MF-SEL] tPrev=(  d=0.025063  dMin=0.000000  dAvg=0.026973  dMax=5.419302  Dlo=0.013486  Dhi=2.723138  err=0.000000  inc=-1.120405  bucket 0->0  (mf=1000)
Dropping frame 1403636926.851666
[MF-SEL] tPrev=(  d=0.051210  dMin=0.000000  dAvg=0.026994  dMax=5.419302  Dlo=0.013497  Dhi=2.723148  err=0.000000  inc=-1.120405  bucket 0->0  (mf=1000)
[MF-SEL] tPrev=(  d=0.026527  dMin=0.000000  dAvg=0.026994  dMax=5.419302  Dlo=0.013497  Dhi=2.723148  err=0.000000  inc=-1.120405  bucket 0->0  (mf=1000)
[MF-SEL] tPrev=(  d=0.043916  dMin=0.000000  dAvg=0.027008  dMax=5.419302  Dlo=0.013504  Dhi=2.723155  err=0.000000  inc=-1.120405  bucket 0->0  (mf=1000)
Dropping frame 1403636927.051666
[MF-SEL] tPrev=(  d=0.057668  dMin=0.000000  dAvg=0.027035  dMax=5.419302  Dlo=0.013517  Dhi=2.723169  err=0.000000  inc=-1.120405  bucket 0->0  (mf=1000)
Dropping frame 1403636927.151666
[MF-SEL] tPrev=(  d=0.059698  dMin=0.000000  dAvg=0.027063  dMax=5.419302  Dlo=0.013532  Dhi=2.723183  err=0.000000  inc=-1.120405  bucket 0->0  (mf=1000)
[MF-SEL] tPrev=(  d=0.028926  dMin=0.000000  dAvg=0.027065  dMax=5.419302  Dlo=0.013532  Dhi=2.723184  err=0.000000  inc=-1.120405  bucket 0->0  (mf=1000)
[MF-SEL] tPrev=(  d=0.029380  dMin=0.000000  dAvg=0.027067  dMax=5.419302  Dlo=0.013533  Dhi=2.723185  err=0.000000  inc=-1.120405  bucket 0->0  (mf=1000)
[MF-SEL] tPrev=(  d=0.029375  dMin=0.000000  dAvg=0.027069  dMax=5.419302  Dlo=0.013534  Dhi=2.723186  err=0.000000  inc=-1.120405  bucket 0->0  (mf=1000)
[MF-SEL] tPrev=(  d=0.034362  dMin=0.000000  dAvg=0.027075  dMax=5.419302  Dlo=0.013538  Dhi=2.723189  err=0.000000  inc=-1.120405  bucket 0->0  (mf=1000)
[MF-SEL] tPrev=(  d=0.031840  dMin=0.000000  dAvg=0.027079  dMax=5.419302  Dlo=0.013540  Dhi=2.723191  err=0.000000  inc=-1.120405  bucket 0->0  (mf=1000)
[MF-SEL] tPrev=(  d=0.032002  dMin=0.000000  dAvg=0.027083  dMax=5.419302  Dlo=0.013542  Dhi=2.723193  err=0.000000  inc=-1.120405  bucket 0->0  (mf=1000)
[MF-SEL] tPrev=(  d=0.032195  dMin=0.000000  dAvg=0.027088  dMax=5.419302  Dlo=0.013544  Dhi=2.723195  err=0.000000  inc=-1.120405  bucket 0->0  (mf=1000)
[MF-SEL] tPrev=(  d=0.032542  dMin=0.000000  dAvg=0.027093  dMax=5.419302  Dlo=0.013546  Dhi=2.723197  err=0.000000  inc=-1.120405  bucket 0->0  (mf=1000)
Dropping frame 1403636927.651666
[MF-SEL] tPrev=(  d=0.053469  dMin=0.000000  dAvg=0.027115  dMax=5.419302  Dlo=0.013558  Dhi=2.723209  err=0.000000  inc=-1.120405  bucket 0->0  (mf=1000)
[MF-SEL] tPrev=(  d=0.035703  dMin=0.000000  dAvg=0.027123  dMax=5.419302  Dlo=0.013561  Dhi=2.723213  err=0.000000  inc=-1.120405  bucket 0->0  (mf=1000)
[MF-SEL] tPrev=(  d=0.036343  dMin=0.000000  dAvg=0.027130  dMax=5.419302  Dlo=0.013565  Dhi=2.723216  err=0.000000  inc=-1.120405  bucket 0->0  (mf=1000)
Dropping frame 1403636927.851666
[MF-SEL] tPrev=(  d=0.073907  dMin=0.000000  dAvg=0.027171  dMax=5.419302  Dlo=0.013585  Dhi=2.723236  err=0.000000  inc=-1.120405  bucket 0->0  (mf=1000)
[MF-SEL] tPrev=(  d=0.038369  dMin=0.000000  dAvg=0.027180  dMax=5.419302  Dlo=0.013590  Dhi=2.723241  err=0.000000  inc=-1.120405  bucket 0->0  (mf=1000)
[MF-SEL] tPrev=(  d=0.039358  dMin=0.000000  dAvg=0.027191  dMax=5.419302  Dlo=0.013595  Dhi=2.723246  err=0.000000  inc=-1.120405  bucket 0->0  (mf=1000)
Dropping frame 1403636928.051666
[MF-SEL] tPrev=(  d=0.076000  dMin=0.000000  dAvg=0.027232  dMax=5.419302  Dlo=0.013616  Dhi=2.723267  err=0.000000  inc=-1.120405  bucket 0->0  (mf=1000)
[MF-SEL] tPrev=(  d=0.044066  dMin=0.000000  dAvg=0.027247  dMax=5.419302  Dlo=0.013623  Dhi=2.723275  err=0.000000  inc=-1.120405  bucket 0->0  (mf=1000)
[MF-SEL] tPrev=(  d=0.045330  dMin=0.000000  dAvg=0.027262  dMax=5.419302  Dlo=0.013631  Dhi=2.723282  err=0.000000  inc=-1.120405  bucket 0->0  (mf=1000)
Dropping frame 1403636928.251667
[MF-SEL] tPrev=(  d=0.090586  dMin=0.000000  dAvg=0.027316  dMax=5.419302  Dlo=0.013658  Dhi=2.723309  err=0.000000  inc=-1.120405  bucket 0->0  (mf=1000)
[MF-SEL] tPrev=(  d=0.044619  dMin=0.000000  dAvg=0.027331  dMax=5.419302  Dlo=0.013665  Dhi=2.723317  err=0.000000  inc=-1.120405  bucket 0->0  (mf=1000)
[MF-SEL] tPrev=(  d=0.044142  dMin=0.000000  dAvg=0.027345  dMax=5.419302  Dlo=0.013673  Dhi=2.723324  err=0.000000  inc=-1.120405  bucket 0->0  (mf=1000)
Dropping frame 1403636928.451666
[MF-SEL] tPrev=(  d=0.085143  dMin=0.000000  dAvg=0.027394  dMax=5.419302  Dlo=0.013697  Dhi=2.723348  err=0.000000  inc=-1.120405  bucket 0->0  (mf=1000)
[MF-SEL] tPrev=(  d=0.025007  dMin=0.000000  dAvg=0.027392  dMax=5.419302  Dlo=0.013696  Dhi=2.723347  err=0.000000  inc=-1.120405  bucket 0->0  (mf=1000)
[MF-SEL] tPrev=(  d=0.038426  dMin=0.000000  dAvg=0.027402  dMax=5.419302  Dlo=0.013701  Dhi=2.723352  err=0.000000  inc=-1.120405  bucket 0->0  (mf=1000)
[MF-SEL] tPrev=(  d=0.037670  dMin=0.000000  dAvg=0.027410  dMax=5.419302  Dlo=0.013705  Dhi=2.723356  err=0.000000  inc=-1.120405  bucket 0->0  (mf=1000)
[MF-SEL] tPrev=(  d=0.037199  dMin=0.000000  dAvg=0.027419  dMax=5.419302  Dlo=0.013709  Dhi=2.723361  err=0.000000  inc=-1.120405  bucket 0->0  (mf=1000)
[MF-SEL] tPrev=(  d=0.037017  dMin=0.000000  dAvg=0.027427  dMax=5.419302  Dlo=0.013713  Dhi=2.723365  err=0.000000  inc=-1.120405  bucket 0->0  (mf=1000)
[MF-SEL] tPrev=(  d=0.037351  dMin=0.000000  dAvg=0.027435  dMax=5.419302  Dlo=0.013718  Dhi=2.723369  err=0.000000  inc=-1.120405  bucket 0->0  (mf=1000)
Dropping frame 1403636928.851666
[MF-SEL] tPrev=(  d=0.077681  dMin=0.000000  dAvg=0.027478  dMax=5.419302  Dlo=0.013739  Dhi=2.723390  err=0.000000  inc=-1.120405  bucket 0->0  (mf=1000)
Dropping frame 1403636928.951666
[MF-SEL] tPrev=(  d=0.083219  dMin=0.000000  dAvg=0.027525  dMax=5.419302  Dlo=0.013762  Dhi=2.723414  err=0.000000  inc=-1.120405  bucket 0->0  (mf=1000)
[MF-SEL] tPrev=(  d=0.043874  dMin=0.000000  dAvg=0.027538  dMax=5.419302  Dlo=0.013769  Dhi=2.723420  err=0.000000  inc=-1.120405  bucket 0->0  (mf=1000)
[MF-SEL] tPrev=(  d=0.043422  dMin=0.000000  dAvg=0.027552  dMax=5.419302  Dlo=0.013776  Dhi=2.723427  err=0.000000  inc=-1.120405  bucket 0->0  (mf=1000)
[MF-SEL] tPrev=(  d=0.042588  dMin=0.000000  dAvg=0.027565  dMax=5.419302  Dlo=0.013782  Dhi=2.723433  err=0.000000  inc=-1.120405  bucket 0->0  (mf=1000)
[MF-SEL] tPrev=(  d=0.054337  dMin=0.000000  dAvg=0.027587  dMax=5.419302  Dlo=0.013794  Dhi=2.723445  err=0.000000  inc=-1.120405  bucket 0->0  (mf=1000)
[MF-SEL] tPrev=(  d=0.040842  dMin=0.000000  dAvg=0.027598  dMax=5.419302  Dlo=0.013799  Dhi=2.723450  err=0.000000  inc=-1.120405  bucket 0->0  (mf=1000)
Dropping frame 1403636929.301666
[MF-SEL] tPrev=(  d=0.080978  dMin=0.000000  dAvg=0.027643  dMax=5.419302  Dlo=0.013822  Dhi=2.723473  err=0.000000  inc=-1.120405  bucket 0->0  (mf=1000)
[MF-SEL] tPrev=(  d=0.038748  dMin=0.000000  dAvg=0.027652  dMax=5.419302  Dlo=0.013826  Dhi=2.723477  err=0.000000  inc=-1.120405  bucket 0->0  (mf=1000)
[MF-SEL] tPrev=(  d=0.044464  dMin=0.000000  dAvg=0.027666  dMax=5.419302  Dlo=0.013833  Dhi=2.723484  err=0.000000  inc=-1.120405  bucket 0->0  (mf=1000)
[MF-SEL] tPrev=(  d=0.034061  dMin=0.000000  dAvg=0.027672  dMax=5.419302  Dlo=0.013836  Dhi=2.723487  err=0.000000  inc=-1.120405  bucket 0->0  (mf=1000)
Dropping frame 1403636929.551666
[MF-SEL] tPrev=(  d=0.060985  dMin=0.000000  dAvg=0.027700  dMax=5.419302  Dlo=0.013850  Dhi=2.723501  err=0.000000  inc=-1.120405  bucket 0->0  (mf=1000)
[MF-SEL] tPrev=(  d=0.031816  dMin=0.000000  dAvg=0.027703  dMax=5.419302  Dlo=0.013852  Dhi=2.723503  err=0.000000  inc=-1.120405  bucket 0->0  (mf=1000)
[MF-SEL] tPrev=(  d=0.030566  dMin=0.000000  dAvg=0.027706  dMax=5.419302  Dlo=0.013853  Dhi=2.723504  err=0.000000  inc=-1.120405  bucket 0->0  (mf=1000)
Dropping frame 1403636929.751667
[MF-SEL] tPrev=(  d=0.069562  dMin=0.000000  dAvg=0.027741  dMax=5.419302  Dlo=0.013870  Dhi=2.723522  err=0.000000  inc=-1.120405  bucket 0->0  (mf=1000)
[MF-SEL] tPrev=(  d=0.029759  dMin=0.000000  dAvg=0.027742  dMax=5.419302  Dlo=0.013871  Dhi=2.723522  err=0.000000  inc=-1.120405  bucket 0->0  (mf=1000)
[MF-SEL] tPrev=(  d=0.028408  dMin=0.000000  dAvg=0.027743  dMax=5.419302  Dlo=0.013871  Dhi=2.723523  err=0.000000  inc=-1.120405  bucket 0->0  (mf=1000)
[MF-SEL] tPrev=(  d=0.026528  dMin=0.000000  dAvg=0.027742  dMax=5.419302  Dlo=0.013871  Dhi=2.723522  err=0.000000  inc=-1.120405  bucket 0->0  (mf=1000)
Dropping frame 1403636930.001667
[MF-SEL] tPrev=(  d=0.052650  dMin=0.000000  dAvg=0.027763  dMax=5.419302  Dlo=0.013881  Dhi=2.723532  err=0.000000  inc=-1.120405  bucket 0->0  (mf=1000)
[MF-SEL] tPrev=(  d=0.025381  dMin=0.000000  dAvg=0.027761  dMax=5.419302  Dlo=0.013880  Dhi=2.723531  err=0.000000  inc=-1.120405  bucket 0->0  (mf=1000)
[MF-SEL] tPrev=(  d=0.024253  dMin=0.000000  dAvg=0.027758  dMax=5.419302  Dlo=0.013879  Dhi=2.723530  err=0.000000  inc=-1.120405  bucket 0->0  (mf=1000)
Dropping frame 1403636930.201667
[MF-SEL] tPrev=(  d=0.043771  dMin=0.000000  dAvg=0.027771  dMax=5.419302  Dlo=0.013885  Dhi=2.723537  err=0.000000  inc=-1.120405  bucket 0->0  (mf=1000)
[MF-SEL] tPrev=(  d=0.023273  dMin=0.000000  dAvg=0.027767  dMax=5.419302  Dlo=0.013884  Dhi=2.723535  err=0.000000  inc=-1.120405  bucket 0->0  (mf=1000)
[MF-SEL] tPrev=(  d=0.024236  dMin=0.000000  dAvg=0.027764  dMax=5.419302  Dlo=0.013882  Dhi=2.723533  err=0.000000  inc=-1.120405  bucket 0->0  (mf=1000)
[MF-SEL] tPrev=(  d=0.024165  dMin=0.000000  dAvg=0.027761  dMax=5.419302  Dlo=0.013881  Dhi=2.723532  err=0.000000  inc=-1.120405  bucket 0->0  (mf=1000)
Dropping frame 1403636930.451666
[MF-SEL] tPrev=(  d=0.044920  dMin=0.000000  dAvg=0.027775  dMax=5.419302  Dlo=0.013888  Dhi=2.723539  err=0.000000  inc=-1.120405  bucket 0->0  (mf=1000)
[MF-SEL] tPrev=(  d=0.020939  dMin=0.000000  dAvg=0.027770  dMax=5.419302  Dlo=0.013885  Dhi=2.723536  err=0.000000  inc=-1.120405  bucket 0->0  (mf=1000)
[MF-SEL] tPrev=(  d=0.019649  dMin=0.000000  dAvg=0.027763  dMax=5.419302  Dlo=0.013882  Dhi=2.723533  err=0.000000  inc=-1.120405  bucket 0->0  (mf=1000)
Dropping frame 1403636930.651666
[MF-SEL] tPrev=(  d=0.047043  dMin=0.000000  dAvg=0.027779  dMax=5.419302  Dlo=0.013890  Dhi=2.723541  err=0.000000  inc=-1.120405  bucket 0->0  (mf=1000)
[MF-SEL] tPrev=(  d=0.018212  dMin=0.000000  dAvg=0.027771  dMax=5.419302  Dlo=0.013886  Dhi=2.723537  err=0.000000  inc=-1.120405  bucket 0->0  (mf=1000)
[MF-SEL] tPrev=(  d=0.017940  dMin=0.000000  dAvg=0.027763  dMax=5.419302  Dlo=0.013882  Dhi=2.723533  err=0.000000  inc=-1.120405  bucket 0->0  (mf=1000)
[MF-SEL] tPrev=(  d=0.018360  dMin=0.000000  dAvg=0.027755  dMax=5.419302  Dlo=0.013878  Dhi=2.723529  err=0.000000  inc=-1.120405  bucket 0->0  (mf=1000)
Dropping frame 1403636930.901667
[MF-SEL] tPrev=(  d=0.039217  dMin=0.000000  dAvg=0.027765  dMax=5.419302  Dlo=0.013882  Dhi=2.723534  err=0.000000  inc=-1.120405  bucket 0->0  (mf=1000)
[MF-SEL] tPrev=(  d=0.021339  dMin=0.000000  dAvg=0.027759  dMax=5.419302  Dlo=0.013880  Dhi=2.723531  err=0.000000  inc=-1.120405  bucket 0->0  (mf=1000)
[MF-SEL] tPrev=(  d=0.022515  dMin=0.000000  dAvg=0.027755  dMax=5.419302  Dlo=0.013878  Dhi=2.723529  err=0.000000  inc=-1.120405  bucket 0->0  (mf=1000)
Dropping frame 1403636931.101666
[MF-SEL] tPrev=(  d=0.055675  dMin=0.000000  dAvg=0.027778  dMax=5.419302  Dlo=0.013889  Dhi=2.723540  err=0.000000  inc=-1.120405  bucket 0->0  (mf=1000)
[MF-SEL] tPrev=(  d=0.026241  dMin=0.000000  dAvg=0.027777  dMax=5.419302  Dlo=0.013888  Dhi=2.723540  err=0.000000  inc=-1.120405  bucket 0->0  (mf=1000)
[MF-SEL] tPrev=(  d=0.026378  dMin=0.000000  dAvg=0.027776  dMax=5.419302  Dlo=0.013888  Dhi=2.723539  err=0.000000  inc=-1.120405  bucket 0->0  (mf=1000)
[MF-SEL] tPrev=(  d=0.026167  dMin=0.000000  dAvg=0.027774  dMax=5.419302  Dlo=0.013887  Dhi=2.723538  err=0.000000  inc=-1.120405  bucket 0->0  (mf=1000)
[MF-SEL] tPrev=(  d=0.025045  dMin=0.000000  dAvg=0.027772  dMax=5.419302  Dlo=0.013886  Dhi=2.723537  err=0.000000  inc=-1.120405  bucket 0->0  (mf=1000)
Dropping frame 1403636931.401667
[MF-SEL] tPrev=(  d=0.045996  dMin=0.000000  dAvg=0.027787  dMax=5.419302  Dlo=0.013893  Dhi=2.723545  err=0.000000  inc=-1.120405  bucket 0->0  (mf=1000)
[MF-SEL] tPrev=(  d=0.027516  dMin=0.000000  dAvg=0.027787  dMax=5.419302  Dlo=0.013893  Dhi=2.723545  err=0.000000  inc=-1.120405  bucket 0->0  (mf=1000)
[MF-SEL] tPrev=(  d=0.026197  dMin=0.000000  dAvg=0.027785  dMax=5.419302  Dlo=0.013893  Dhi=2.723544  err=0.000000  inc=-1.120405  bucket 0->0  (mf=1000)
Dropping frame 1403636931.601666
[MF-SEL] tPrev=(  d=0.050249  dMin=0.000000  dAvg=0.027804  dMax=5.419302  Dlo=0.013902  Dhi=2.723553  err=0.000000  inc=-1.120405  bucket 0->0  (mf=1000)
Dropping frame 1403636931.701667
[MF-SEL] tPrev=(  d=0.028221  dMin=0.000000  dAvg=0.027804  dMax=5.419302  Dlo=0.013902  Dhi=2.723553  err=0.000000  inc=-1.120405  bucket 0->0  (mf=1000)
[MF-SEL] tPrev=(  d=0.017315  dMin=0.000000  dAvg=0.027796  dMax=5.419302  Dlo=0.013898  Dhi=2.723549  err=0.000000  inc=-1.120405  bucket 0->0  (mf=1000)
[MF-SEL] tPrev=(  d=0.017093  dMin=0.000000  dAvg=0.027787  dMax=5.419302  Dlo=0.013893  Dhi=2.723545  err=0.000000  inc=-1.120405  bucket 0->0  (mf=1000)
Dropping frame 1403636931.901667
[MF-SEL] tPrev=(  d=0.031786  dMin=0.000000  dAvg=0.027790  dMax=5.419302  Dlo=0.013895  Dhi=2.723546  err=0.000000  inc=-1.120405  bucket 0->0  (mf=1000)
[MF-SEL] tPrev=(  d=0.013534  dMin=0.000000  dAvg=0.027779  dMax=5.419302  Dlo=0.013889  Dhi=2.723541  err=-1.000000  inc=-2.039832  bucket 0->0  (mf=1000)
[MF-SEL] tPrev=(  d=0.014942  dMin=0.000000  dAvg=0.027768  dMax=5.419302  Dlo=0.013884  Dhi=2.723535  err=0.000000  inc=-0.802602  bucket 0->0  (mf=1000)
Dropping frame 1403636932.101666
[MF-SEL] tPrev=(  d=0.031224  dMin=0.000000  dAvg=0.027771  dMax=5.419302  Dlo=0.013885  Dhi=2.723537  err=0.000000  inc=-1.122929  bucket 0->0  (mf=1000)
Dropping frame 1403636932.201667
[MF-SEL] tPrev=(  d=0.024891  dMin=0.000000  dAvg=0.027769  dMax=5.419302  Dlo=0.013884  Dhi=2.723536  err=0.000000  inc=-1.122929  bucket 0->0  (mf=1000)
[MF-SEL] tPrev=(  d=0.016926  dMin=0.000000  dAvg=0.027760  dMax=5.419302  Dlo=0.013880  Dhi=2.723531  err=0.000000  inc=-1.122929  bucket 0->0  (mf=1000)
[MF-SEL] tPrev=(  d=0.016756  dMin=0.000000  dAvg=0.027751  dMax=5.419302  Dlo=0.013875  Dhi=2.723527  err=0.000000  inc=-1.122929  bucket 0->0  (mf=1000)
Dropping frame 1403636932.401667
[MF-SEL] tPrev=(  d=0.034181  dMin=0.000000  dAvg=0.027756  dMax=5.419302  Dlo=0.013878  Dhi=2.723529  err=0.000000  inc=-1.122929  bucket 0->0  (mf=1000)
[MF-SEL] tPrev=(  d=0.019784  dMin=0.000000  dAvg=0.027750  dMax=5.419302  Dlo=0.013875  Dhi=2.723526  err=0.000000  inc=-1.122929  bucket 0->0  (mf=1000)
[MF-SEL] tPrev=(  d=0.021130  dMin=0.000000  dAvg=0.027744  dMax=5.419302  Dlo=0.013872  Dhi=2.723523  err=0.000000  inc=-1.122929  bucket 0->0  (mf=1000)
[MF-SEL] tPrev=(  d=0.023375  dMin=0.000000  dAvg=0.027741  dMax=5.419302  Dlo=0.013870  Dhi=2.723522  err=0.000000  inc=-1.122929  bucket 0->0  (mf=1000)
[MF-SEL] tPrev=(  d=0.024958  dMin=0.000000  dAvg=0.027739  dMax=5.419302  Dlo=0.013869  Dhi=2.723521  err=0.000000  inc=-1.122929  bucket 0->0  (mf=1000)
Dropping frame 1403636932.701667
[MF-SEL] tPrev=(  d=0.058057  dMin=0.000000  dAvg=0.027763  dMax=5.419302  Dlo=0.013881  Dhi=2.723533  err=0.000000  inc=-1.122929  bucket 0->0  (mf=1000)
Dropping frame 1403636932.801666
[MF-SEL] tPrev=(  d=0.057023  dMin=0.000000  dAvg=0.027787  dMax=5.419302  Dlo=0.013893  Dhi=2.723544  err=0.000000  inc=-1.122929  bucket 0->0  (mf=1000)
[MF-SEL] tPrev=(  d=0.030676  dMin=0.000000  dAvg=0.027789  dMax=5.419302  Dlo=0.013894  Dhi=2.723546  err=0.000000  inc=-1.122929  bucket 0->0  (mf=1000)
[MF-SEL] tPrev=(  d=0.030487  dMin=0.000000  dAvg=0.027791  dMax=5.419302  Dlo=0.013896  Dhi=2.723547  err=0.000000  inc=-1.122929  bucket 0->0  (mf=1000)
Dropping frame 1403636933.001667
[MF-SEL] tPrev=(  d=0.061326  dMin=0.000000  dAvg=0.027818  dMax=5.419302  Dlo=0.013909  Dhi=2.723560  err=0.000000  inc=-1.122929  bucket 0->0  (mf=1000)
[MF-SEL] tPrev=(  d=0.027408  dMin=0.000000  dAvg=0.027818  dMax=5.419302  Dlo=0.013909  Dhi=2.723560  err=0.000000  inc=-1.122929  bucket 0->0  (mf=1000)
[MF-SEL] tPrev=(  d=0.028428  dMin=0.000000  dAvg=0.027818  dMax=5.419302  Dlo=0.013909  Dhi=2.723560  err=0.000000  inc=-1.122929  bucket 0->0  (mf=1000)
Dropping frame 1403636933.201667
[MF-SEL] tPrev=(  d=0.061265  dMin=0.000000  dAvg=0.027845  dMax=5.419302  Dlo=0.013922  Dhi=2.723574  err=0.000000  inc=-1.122929  bucket 0->0  (mf=1000)
[MF-SEL] tPrev=(  d=0.032018  dMin=0.000000  dAvg=0.027848  dMax=5.419302  Dlo=0.013924  Dhi=2.723575  err=0.000000  inc=-1.122929  bucket 0->0  (mf=1000)
[MF-SEL] tPrev=(  d=0.031463  dMin=0.000000  dAvg=0.027851  dMax=5.419302  Dlo=0.013926  Dhi=2.723577  err=0.000000  inc=-1.122929  bucket 0->0  (mf=1000)
Dropping frame 1403636933.401667
[MF-SEL] tPrev=(  d=0.064633  dMin=0.000000  dAvg=0.027880  dMax=5.419302  Dlo=0.013940  Dhi=2.723591  err=0.000000  inc=-1.122929  bucket 0->0  (mf=1000)
[MF-SEL] tPrev=(  d=0.030195  dMin=0.000000  dAvg=0.027882  dMax=5.419302  Dlo=0.013941  Dhi=2.723592  err=0.000000  inc=-1.122929  bucket 0->0  (mf=1000)
[MF-SEL] tPrev=(  d=0.026660  dMin=0.000000  dAvg=0.027881  dMax=5.419302  Dlo=0.013941  Dhi=2.723592  err=0.000000  inc=-1.122929  bucket 0->0  (mf=1000)
Dropping frame 1403636933.601666
[MF-SEL] tPrev=(  d=0.049977  dMin=0.000000  dAvg=0.027899  dMax=5.419302  Dlo=0.013949  Dhi=2.723601  err=0.000000  inc=-1.122929  bucket 0->0  (mf=1000)
Dropping frame 1403636933.701667
[MF-SEL] tPrev=(  d=0.041019  dMin=0.000000  dAvg=0.027909  dMax=5.419302  Dlo=0.013955  Dhi=2.723606  err=0.000000  inc=-1.122929  bucket 0->0  (mf=1000)
[MF-SEL] tPrev=(  d=0.019429  dMin=0.000000  dAvg=0.027903  dMax=5.419302  Dlo=0.013951  Dhi=2.723603  err=0.000000  inc=-1.122929  bucket 0->0  (mf=1000)
[MF-SEL] tPrev=(  d=0.019303  dMin=0.000000  dAvg=0.027896  dMax=5.419302  Dlo=0.013948  Dhi=2.723599  err=0.000000  inc=-1.122929  bucket 0->0  (mf=1000)
Dropping frame 1403636933.901667
[MF-SEL] tPrev=(  d=0.051980  dMin=0.000000  dAvg=0.027915  dMax=5.419302  Dlo=0.013957  Dhi=2.723609  err=0.000000  inc=-1.122929  bucket 0->0  (mf=1000)
[MF-SEL] tPrev=(  d=0.020301  dMin=0.000000  dAvg=0.027909  dMax=5.419302  Dlo=0.013954  Dhi=2.723606  err=0.000000  inc=-1.122929  bucket 0->0  (mf=1000)
[MF-SEL] tPrev=(  d=0.020445  dMin=0.000000  dAvg=0.027903  dMax=5.419302  Dlo=0.013951  Dhi=2.723603  err=0.000000  inc=-1.122929  bucket 0->0  (mf=1000)
Dropping frame 1403636934.101666
[MF-SEL] tPrev=(  d=0.041227  dMin=0.000000  dAvg=0.027914  dMax=5.419302  Dlo=0.013957  Dhi=2.723608  err=0.000000  inc=-1.122929  bucket 0->0  (mf=1000)
[MF-SEL] tPrev=(  d=0.022369  dMin=0.000000  dAvg=0.027909  dMax=5.419302  Dlo=0.013955  Dhi=2.723606  err=0.000000  inc=-1.122929  bucket 0->0  (mf=1000)
[MF-SEL] tPrev=(  d=0.023579  dMin=0.000000  dAvg=0.027906  dMax=5.419302  Dlo=0.013953  Dhi=2.723604  err=0.000000  inc=-1.122929  bucket 0->0  (mf=1000)
Dropping frame 1403636934.301666
[MF-SEL] tPrev=(  d=0.048584  dMin=0.000000  dAvg=0.027922  dMax=5.419302  Dlo=0.013961  Dhi=2.723612  err=0.000000  inc=-1.122929  bucket 0->0  (mf=1000)
[MF-SEL] tPrev=(  d=0.025753  dMin=0.000000  dAvg=0.027920  dMax=5.419302  Dlo=0.013960  Dhi=2.723611  err=0.000000  inc=-1.122929  bucket 0->0  (mf=1000)
[MF-SEL] tPrev=(  d=0.040845  dMin=0.000000  dAvg=0.027931  dMax=5.419302  Dlo=0.013965  Dhi=2.723617  err=0.000000  inc=-1.122929  bucket 0->0  (mf=1000)
Dropping frame 1403636934.501667
[MF-SEL] tPrev=(  d=0.049779  dMin=0.000000  dAvg=0.027948  dMax=5.419302  Dlo=0.013974  Dhi=2.723625  err=0.000000  inc=-1.122929  bucket 0->0  (mf=1000)
[MF-SEL] tPrev=(  d=0.025909  dMin=0.000000  dAvg=0.027946  dMax=5.419302  Dlo=0.013973  Dhi=2.723624  err=0.000000  inc=-1.122929  bucket 0->0  (mf=1000)
[MF-SEL] tPrev=(  d=0.026788  dMin=0.000000  dAvg=0.027945  dMax=5.419302  Dlo=0.013973  Dhi=2.723624  err=0.000000  inc=-1.122929  bucket 0->0  (mf=1000)
Dropping frame 1403636934.701667
[MF-SEL] tPrev=(  d=0.072187  dMin=0.000000  dAvg=0.027980  dMax=5.419302  Dlo=0.013990  Dhi=2.723641  err=0.000000  inc=-1.122929  bucket 0->0  (mf=1000)
Dropping frame 1403636934.801666
[MF-SEL] tPrev=(  d=0.063426  dMin=0.000000  dAvg=0.028008  dMax=5.419302  Dlo=0.014004  Dhi=2.723655  err=0.000000  inc=-1.122929  bucket 0->0  (mf=1000)
[MF-SEL] tPrev=(  d=0.048632  dMin=0.000000  dAvg=0.028024  dMax=5.419302  Dlo=0.014012  Dhi=2.723663  err=0.000000  inc=-1.122929  bucket 0->0  (mf=1000)
[MF-SEL] tPrev=(  d=0.034125  dMin=0.000000  dAvg=0.028029  dMax=5.419302  Dlo=0.014014  Dhi=2.723666  err=0.000000  inc=-1.122929  bucket 0->0  (mf=1000)
Dropping frame 1403636935.001667
[MF-SEL] tPrev=(  d=0.068884  dMin=0.000000  dAvg=0.028061  dMax=5.419302  Dlo=0.014030  Dhi=2.723682  err=0.000000  inc=-1.122929  bucket 0->0  (mf=1000)
Dropping frame 1403636935.101666
[MF-SEL] tPrev=(  d=0.062756  dMin=0.000000  dAvg=0.028088  dMax=5.419302  Dlo=0.014044  Dhi=2.723695  err=0.000000  inc=-1.122929  bucket 0->0  (mf=1000)
Dropping frame 1403636935.201667
[MF-SEL] tPrev=(  d=0.077285  dMin=0.000000  dAvg=0.028127  dMax=5.419302  Dlo=0.014063  Dhi=2.723715  err=0.000000  inc=-1.122929  bucket 0->0  (mf=1000)
[MF-SEL] tPrev=(  d=0.030875  dMin=0.000000  dAvg=0.028129  dMax=5.419302  Dlo=0.014064  Dhi=2.723716  err=0.000000  inc=-1.122929  bucket 0->0  (mf=1000)
[MF-SEL] tPrev=(  d=0.029637  dMin=0.000000  dAvg=0.028130  dMax=5.419302  Dlo=0.014065  Dhi=2.723716  err=0.000000  inc=-1.122929  bucket 0->0  (mf=1000)
Dropping frame 1403636935.401667
[MF-SEL] tPrev=(  d=0.049099  dMin=0.000000  dAvg=0.028146  dMax=5.419302  Dlo=0.014073  Dhi=2.723724  err=0.000000  inc=-1.122929  bucket 0->0  (mf=1000)
[MF-SEL] tPrev=(  d=0.031488  dMin=0.000000  dAvg=0.028149  dMax=5.419302  Dlo=0.014075  Dhi=2.723726  err=0.000000  inc=-1.122929  bucket 0->0  (mf=1000)
[MF-SEL] tPrev=(  d=0.030906  dMin=0.000000  dAvg=0.028151  dMax=5.419302  Dlo=0.014076  Dhi=2.723727  err=0.000000  inc=-1.122929  bucket 0->0  (mf=1000)
Dropping frame 1403636935.601666
[MF-SEL] tPrev=(  d=0.059518  dMin=0.000000  dAvg=0.028176  dMax=5.419302  Dlo=0.014088  Dhi=2.723739  err=0.000000  inc=-1.122929  bucket 0->0  (mf=1000)
Dropping frame 1403636935.701667
[MF-SEL] tPrev=(  d=0.056010  dMin=0.000000  dAvg=0.028197  dMax=5.419302  Dlo=0.014099  Dhi=2.723750  err=0.000000  inc=-1.122929  bucket 0->0  (mf=1000)
[MF-SEL] tPrev=(  d=0.027488  dMin=0.000000  dAvg=0.028197  dMax=5.419302  Dlo=0.014098  Dhi=2.723750  err=0.000000  inc=-1.122929  bucket 0->0  (mf=1000)
[MF-SEL] tPrev=(  d=0.040448  dMin=0.000000  dAvg=0.028206  dMax=5.419302  Dlo=0.014103  Dhi=2.723754  err=0.000000  inc=-1.122929  bucket 0->0  (mf=1000)
Dropping frame 1403636935.901667
[MF-SEL] tPrev=(  d=0.061509  dMin=0.000000  dAvg=0.028232  dMax=5.419302  Dlo=0.014116  Dhi=2.723767  err=0.000000  inc=-1.122929  bucket 0->0  (mf=1000)
[MF-SEL] tPrev=(  d=0.030932  dMin=0.000000  dAvg=0.028234  dMax=5.419302  Dlo=0.014117  Dhi=2.723768  err=0.000000  inc=-1.122929  bucket 0->0  (mf=1000)
[MF-SEL] tPrev=(  d=0.029908  dMin=0.000000  dAvg=0.028236  dMax=5.419302  Dlo=0.014118  Dhi=2.723769  err=0.000000  inc=-1.122929  bucket 0->0  (mf=1000)
[MF-SEL] tPrev=(  d=0.029085  dMin=0.000000  dAvg=0.028236  dMax=5.419302  Dlo=0.014118  Dhi=2.723769  err=0.000000  inc=-1.122929  bucket 0->0  (mf=1000)
Dropping frame 1403636936.151666
[MF-SEL] tPrev=(  d=0.045806  dMin=0.000000  dAvg=0.028250  dMax=5.419302  Dlo=0.014125  Dhi=2.723776  err=0.000000  inc=-1.122929  bucket 0->0  (mf=1000)
[MF-SEL] tPrev=(  d=0.026365  dMin=0.000000  dAvg=0.028248  dMax=5.419302  Dlo=0.014124  Dhi=2.723775  err=0.000000  inc=-1.122929  bucket 0->0  (mf=1000)
[MF-SEL] tPrev=(  d=0.025335  dMin=0.000000  dAvg=0.028246  dMax=5.419302  Dlo=0.014123  Dhi=2.723774  err=0.000000  inc=-1.122929  bucket 0->0  (mf=1000)
Dropping frame 1403636936.351666
[MF-SEL] tPrev=(  d=0.047506  dMin=0.000000  dAvg=0.028261  dMax=5.419302  Dlo=0.014130  Dhi=2.723782  err=0.000000  inc=-1.122929  bucket 0->0  (mf=1000)
Dropping frame 1403636936.451666
[MF-SEL] tPrev=(  d=0.033520  dMin=0.000000  dAvg=0.028265  dMax=5.419302  Dlo=0.014133  Dhi=2.723784  err=0.000000  inc=-1.122929  bucket 0->0  (mf=1000)
Dropping frame 1403636936.551666
[MF-SEL] tPrev=(  d=0.039792  dMin=0.000000  dAvg=0.028274  dMax=5.419302  Dlo=0.014137  Dhi=2.723788  err=0.000000  inc=-1.122929  bucket 0->0  (mf=1000)
[MF-SEL] tPrev=(  d=0.019302  dMin=0.000000  dAvg=0.028267  dMax=5.419302  Dlo=0.014134  Dhi=2.723785  err=0.000000  inc=-1.122929  bucket 0->0  (mf=1000)
[MF-SEL] tPrev=(  d=0.019493  dMin=0.000000  dAvg=0.028260  dMax=5.419302  Dlo=0.014130  Dhi=2.723781  err=0.000000  inc=-1.122929  bucket 0->0  (mf=1000)
[MF-SEL] tPrev=(  d=0.019787  dMin=0.000000  dAvg=0.028254  dMax=5.419302  Dlo=0.014127  Dhi=2.723778  err=0.000000  inc=-1.122929  bucket 0->0  (mf=1000)
Dropping frame 1403636936.801666
[MF-SEL] tPrev=(  d=0.039664  dMin=0.000000  dAvg=0.028263  dMax=5.419302  Dlo=0.014131  Dhi=2.723782  err=0.000000  inc=-1.122929  bucket 0->0  (mf=1000)
[MF-SEL] tPrev=(  d=0.019768  dMin=0.000000  dAvg=0.028256  dMax=5.419302  Dlo=0.014128  Dhi=2.723779  err=0.000000  inc=-1.122929  bucket 0->0  (mf=1000)
[MF-SEL] tPrev=(  d=0.018848  dMin=0.000000  dAvg=0.028249  dMax=5.419302  Dlo=0.014124  Dhi=2.723776  err=0.000000  inc=-1.122929  bucket 0->0  (mf=1000)
Dropping frame 1403636937.001667
[MF-SEL] tPrev=(  d=0.052301  dMin=0.000000  dAvg=0.028267  dMax=5.419302  Dlo=0.014134  Dhi=2.723785  err=0.000000  inc=-1.122929  bucket 0->0  (mf=1000)
[MF-SEL] tPrev=(  d=0.016148  dMin=0.000000  dAvg=0.028258  dMax=5.419302  Dlo=0.014129  Dhi=2.723780  err=0.000000  inc=-1.122929  bucket 0->0  (mf=1000)
[MF-SEL] tPrev=(  d=0.016091  dMin=0.000000  dAvg=0.028249  dMax=5.419302  Dlo=0.014124  Dhi=2.723776  err=0.000000  inc=-1.122929  bucket 0->0  (mf=1000)
[MF-SEL] tPrev=(  d=0.016236  dMin=0.000000  dAvg=0.028239  dMax=5.419302  Dlo=0.014120  Dhi=2.723771  err=0.000000  inc=-1.122929  bucket 0->0  (mf=1000)
Dropping frame 1403636937.251667
[MF-SEL] tPrev=(  d=0.037991  dMin=0.000000  dAvg=0.028247  dMax=5.419302  Dlo=0.014123  Dhi=2.723775  err=0.000000  inc=-1.122929  bucket 0->0  (mf=1000)
[MF-SEL] tPrev=(  d=0.017176  dMin=0.000000  dAvg=0.028238  dMax=5.419302  Dlo=0.014119  Dhi=2.723770  err=0.000000  inc=-1.122929  bucket 0->0  (mf=1000)
[MF-SEL] tPrev=(  d=0.016494  dMin=0.000000  dAvg=0.028229  dMax=5.419302  Dlo=0.014115  Dhi=2.723766  err=0.000000  inc=-1.122929  bucket 0->0  (mf=1000)
[MF-SEL] tPrev=(  d=0.016776  dMin=0.000000  dAvg=0.028221  dMax=5.419302  Dlo=0.014110  Dhi=2.723762  err=0.000000  inc=-1.122929  bucket 0->0  (mf=1000)
Dropping frame 1403636937.501667
[MF-SEL] tPrev=(  d=0.035650  dMin=0.000000  dAvg=0.028226  dMax=5.419302  Dlo=0.014113  Dhi=2.723764  err=0.000000  inc=-1.122929  bucket 0->0  (mf=1000)
[MF-SEL] tPrev=(  d=0.015697  dMin=0.000000  dAvg=0.028217  dMax=5.419302  Dlo=0.014108  Dhi=2.723760  err=0.000000  inc=-1.122929  bucket 0->0  (mf=1000)
[MF-SEL] tPrev=(  d=0.016094  dMin=0.000000  dAvg=0.028208  dMax=5.419302  Dlo=0.014104  Dhi=2.723755  err=0.000000  inc=-1.122929  bucket 0->0  (mf=1000)
Dropping frame 1403636937.701667
[MF-SEL] tPrev=(  d=0.062307  dMin=0.000000  dAvg=0.028234  dMax=5.419302  Dlo=0.014117  Dhi=2.723768  err=0.000000  inc=-1.122929  bucket 0->0  (mf=1000)
Dropping frame 1403636937.801666
[MF-SEL] tPrev=(  d=0.041497  dMin=0.000000  dAvg=0.028244  dMax=5.419302  Dlo=0.014122  Dhi=2.723773  err=0.000000  inc=-1.122929  bucket 0->0  (mf=1000)
[MF-SEL] tPrev=(  d=0.019946  dMin=0.000000  dAvg=0.028237  dMax=5.419302  Dlo=0.014119  Dhi=2.723770  err=0.000000  inc=-1.122929  bucket 0->0  (mf=1000)
[MF-SEL] tPrev=(  d=0.020125  dMin=0.000000  dAvg=0.028231  dMax=5.419302  Dlo=0.014116  Dhi=2.723767  err=0.000000  inc=-1.122929  bucket 0->0  (mf=1000)
Dropping frame 1403636938.001667
[MF-SEL] tPrev=(  d=0.033241  dMin=0.000000  dAvg=0.028235  dMax=5.419302  Dlo=0.014117  Dhi=2.723769  err=0.000000  inc=-1.122929  bucket 0->0  (mf=1000)
[MF-SEL] tPrev=(  d=0.051891  dMin=0.000000  dAvg=0.028253  dMax=5.419302  Dlo=0.014126  Dhi=2.723778  err=0.000000  inc=-1.122929  bucket 0->0  (mf=1000)
[MF-SEL] tPrev=(  d=0.017393  dMin=0.000000  dAvg=0.028245  dMax=5.419302  Dlo=0.014122  Dhi=2.723774  err=0.000000  inc=-1.122929  bucket 0->0  (mf=1000)
Dropping frame 1403636938.201667
[MF-SEL] tPrev=(  d=0.031116  dMin=0.000000  dAvg=0.028247  dMax=5.419302  Dlo=0.014123  Dhi=2.723775  err=0.000000  inc=-1.122929  bucket 0->0  (mf=1000)
[MF-SEL] tPrev=(  d=0.023536  dMin=0.000000  dAvg=0.028243  dMax=5.419302  Dlo=0.014122  Dhi=2.723773  err=0.000000  inc=-1.122929  bucket 0->0  (mf=1000)
[MF-SEL] tPrev=(  d=0.013428  dMin=0.000000  dAvg=0.028232  dMax=5.419302  Dlo=0.014116  Dhi=2.723767  err=-1.000000  inc=-2.042697  bucket 0->0  (mf=1000)
Dropping frame 1403636938.401667
[MF-SEL] tPrev=(  d=0.029249  dMin=0.000000  dAvg=0.028233  dMax=5.419302  Dlo=0.014116  Dhi=2.723768  err=0.000000  inc=-0.958709  bucket 0->0  (mf=1000)
[MF-SEL] tPrev=(  d=0.015781  dMin=0.000000  dAvg=0.028223  dMax=5.419302  Dlo=0.014112  Dhi=2.723763  err=0.000000  inc=-1.125451  bucket 0->0  (mf=1000)
[MF-SEL] tPrev=(  d=0.017959  dMin=0.000000  dAvg=0.028216  dMax=5.419302  Dlo=0.014108  Dhi=2.723759  err=0.000000  inc=-1.125451  bucket 0->0  (mf=1000)
Dropping frame 1403636938.601666
[MF-SEL] tPrev=(  d=0.049075  dMin=0.000000  dAvg=0.028231  dMax=5.419302  Dlo=0.014116  Dhi=2.723767  err=0.000000  inc=-1.125451  bucket 0->0  (mf=1000)
[MF-SEL] tPrev=(  d=0.018789  dMin=0.000000  dAvg=0.028224  dMax=5.419302  Dlo=0.014112  Dhi=2.723763  err=0.000000  inc=-1.125451  bucket 0->0  (mf=1000)
[MF-SEL] tPrev=(  d=0.020756  dMin=0.000000  dAvg=0.028219  dMax=5.419302  Dlo=0.014109  Dhi=2.723761  err=0.000000  inc=-1.125451  bucket 0->0  (mf=1000)
Dropping frame 1403636938.801666
[MF-SEL] tPrev=(  d=0.046039  dMin=0.000000  dAvg=0.028232  dMax=5.419302  Dlo=0.014116  Dhi=2.723767  err=0.000000  inc=-1.125451  bucket 0->0  (mf=1000)
Dropping frame 1403636938.901667
[MF-SEL] tPrev=(  d=0.090091  dMin=0.000000  dAvg=0.028279  dMax=5.419302  Dlo=0.014139  Dhi=2.723791  err=0.000000  inc=-1.125451  bucket 0->0  (mf=1000)
[MF-SEL] tPrev=(  d=0.028553  dMin=0.000000  dAvg=0.028279  dMax=5.419302  Dlo=0.014139  Dhi=2.723791  err=0.000000  inc=-1.125451  bucket 0->0  (mf=1000)
[MF-SEL] tPrev=(  d=0.030379  dMin=0.000000  dAvg=0.028280  dMax=5.419302  Dlo=0.014140  Dhi=2.723791  err=0.000000  inc=-1.125451  bucket 0->0  (mf=1000)
[MF-SEL] tPrev=(  d=0.032001  dMin=0.000000  dAvg=0.028283  dMax=5.419302  Dlo=0.014142  Dhi=2.723793  err=0.000000  inc=-1.125451  bucket 0->0  (mf=1000)
Dropping frame 1403636939.151666
[MF-SEL] tPrev=(  d=0.064955  dMin=0.000000  dAvg=0.028311  dMax=5.419302  Dlo=0.014155  Dhi=2.723807  err=0.000000  inc=-1.125451  bucket 0->0  (mf=1000)
Dropping frame 1403636939.251667
[MF-SEL] tPrev=(  d=0.057203  dMin=0.000000  dAvg=0.028332  dMax=5.419302  Dlo=0.014166  Dhi=2.723817  err=0.000000  inc=-1.125451  bucket 0->0  (mf=1000)
[MF-SEL] tPrev=(  d=0.028699  dMin=0.000000  dAvg=0.028332  dMax=5.419302  Dlo=0.014166  Dhi=2.723817  err=0.000000  inc=-1.125451  bucket 0->0  (mf=1000)
[MF-SEL] tPrev=(  d=0.030256  dMin=0.000000  dAvg=0.028334  dMax=5.419302  Dlo=0.014167  Dhi=2.723818  err=0.000000  inc=-1.125451  bucket 0->0  (mf=1000)
[MF-SEL] tPrev=(  d=0.031378  dMin=0.000000  dAvg=0.028336  dMax=5.419302  Dlo=0.014168  Dhi=2.723819  err=0.000000  inc=-1.125451  bucket 0->0  (mf=1000)
[MF-SEL] tPrev=(  d=0.033140  dMin=0.000000  dAvg=0.028340  dMax=5.419302  Dlo=0.014170  Dhi=2.723821  err=0.000000  inc=-1.125451  bucket 0->0  (mf=1000)
Dropping frame 1403636939.551666
[MF-SEL] tPrev=(  d=0.101144  dMin=0.000000  dAvg=0.028394  dMax=5.419302  Dlo=0.014197  Dhi=2.723848  err=0.000000  inc=-1.125451  bucket 0->0  (mf=1000)
[MF-SEL] tPrev=(  d=0.031282  dMin=0.000000  dAvg=0.028396  dMax=5.419302  Dlo=0.014198  Dhi=2.723849  err=0.000000  inc=-1.125451  bucket 0->0  (mf=1000)
[MF-SEL] tPrev=(  d=0.032627  dMin=0.000000  dAvg=0.028399  dMax=5.419302  Dlo=0.014200  Dhi=2.723851  err=0.000000  inc=-1.125451  bucket 0->0  (mf=1000)
Dropping frame 1403636939.751667
[MF-SEL] tPrev=(  d=0.092933  dMin=0.000000  dAvg=0.028447  dMax=5.419302  Dlo=0.014224  Dhi=2.723875  err=0.000000  inc=-1.125451  bucket 0->0  (mf=1000)
[MF-SEL] tPrev=(  d=0.036726  dMin=0.000000  dAvg=0.028454  dMax=5.419302  Dlo=0.014227  Dhi=2.723878  err=0.000000  inc=-1.125451  bucket 0->0  (mf=1000)
[MF-SEL] tPrev=(  d=0.037333  dMin=0.000000  dAvg=0.028460  dMax=5.419302  Dlo=0.014230  Dhi=2.723881  err=0.000000  inc=-1.125451  bucket 0->0  (mf=1000)
[MF-SEL] tPrev=(  d=0.046424  dMin=0.000000  dAvg=0.028473  dMax=5.419302  Dlo=0.014237  Dhi=2.723888  err=0.000000  inc=-1.125451  bucket 0->0  (mf=1000)
[MF-SEL] tPrev=(  d=0.039926  dMin=0.000000  dAvg=0.028482  dMax=5.419302  Dlo=0.014241  Dhi=2.723892  err=0.000000  inc=-1.125451  bucket 0->0  (mf=1000)
[MF-SEL] tPrev=(  d=0.040981  dMin=0.000000  dAvg=0.028491  dMax=5.419302  Dlo=0.014246  Dhi=2.723897  err=0.000000  inc=-1.125451  bucket 0->0  (mf=1000)
Dropping frame 1403636940.101666
[MF-SEL] tPrev=(  d=0.083154  dMin=0.000000  dAvg=0.028532  dMax=5.419302  Dlo=0.014266  Dhi=2.723917  err=0.000000  inc=-1.125451  bucket 0->0  (mf=1000)
Dropping frame 1403636940.201667
[MF-SEL] tPrev=(  d=0.083850  dMin=0.000000  dAvg=0.028573  dMax=5.419302  Dlo=0.014286  Dhi=2.723938  err=0.000000  inc=-1.125451  bucket 0->0  (mf=1000)
[MF-SEL] tPrev=(  d=0.043902  dMin=0.000000  dAvg=0.028584  dMax=5.419302  Dlo=0.014292  Dhi=2.723943  err=0.000000  inc=-1.125451  bucket 0->0  (mf=1000)
[MF-SEL] tPrev=(  d=0.044776  dMin=0.000000  dAvg=0.028596  dMax=5.419302  Dlo=0.014298  Dhi=2.723949  err=0.000000  inc=-1.125451  bucket 0->0  (mf=1000)
Dropping frame 1403636940.401667
[MF-SEL] tPrev=(  d=0.090378  dMin=0.000000  dAvg=0.028642  dMax=5.419302  Dlo=0.014321  Dhi=2.723972  err=0.000000  inc=-1.125451  bucket 0->0  (mf=1000)
Dropping frame 1403636940.501667
[MF-SEL] tPrev=(  d=0.094771  dMin=0.000000  dAvg=0.028690  dMax=5.419302  Dlo=0.014345  Dhi=2.723996  err=0.000000  inc=-1.125451  bucket 0->0  (mf=1000)
[MF-SEL] tPrev=(  d=0.048231  dMin=0.000000  dAvg=0.028705  dMax=5.419302  Dlo=0.014352  Dhi=2.724004  err=0.000000  inc=-1.125451  bucket 0->0  (mf=1000)
[MF-SEL] tPrev=(  d=0.058462  dMin=0.000000  dAvg=0.028727  dMax=5.419302  Dlo=0.014363  Dhi=2.724015  err=0.000000  inc=-1.125451  bucket 0->0  (mf=1000)
Dropping frame 1403636940.701667
[MF-SEL] tPrev=(  d=0.095457  dMin=0.000000  dAvg=0.028776  dMax=5.419302  Dlo=0.014388  Dhi=2.724039  err=0.000000  inc=-1.125451  bucket 0->0  (mf=1000)
[MF-SEL] tPrev=(  d=0.052526  dMin=0.000000  dAvg=0.028793  dMax=5.419302  Dlo=0.014397  Dhi=2.724048  err=0.000000  inc=-1.125451  bucket 0->0  (mf=1000)
[MF-SEL] tPrev=(  d=0.046607  dMin=0.000000  dAvg=0.028806  dMax=5.419302  Dlo=0.014403  Dhi=2.724054  err=0.000000  inc=-1.125451  bucket 0->0  (mf=1000)
Dropping frame 1403636940.901667
[MF-SEL] tPrev=(  d=0.091099  dMin=0.000000  dAvg=0.028852  dMax=5.419302  Dlo=0.014426  Dhi=2.724077  err=0.000000  inc=-1.125451  bucket 0->0  (mf=1000)
[MF-SEL] tPrev=(  d=0.044873  dMin=0.000000  dAvg=0.028864  dMax=5.419302  Dlo=0.014432  Dhi=2.724083  err=0.000000  inc=-1.125451  bucket 0->0  (mf=1000)
[MF-SEL] tPrev=(  d=0.043994  dMin=0.000000  dAvg=0.028875  dMax=5.419302  Dlo=0.014438  Dhi=2.724089  err=0.000000  inc=-1.125451  bucket 0->0  (mf=1000)
Dropping frame 1403636941.101666
[MF-SEL] tPrev=(  d=0.081511  dMin=0.000000  dAvg=0.028914  dMax=5.419302  Dlo=0.014457  Dhi=2.724108  err=0.000000  inc=-1.125451  bucket 0->0  (mf=1000)
[MF-SEL] tPrev=(  d=0.042370  dMin=0.000000  dAvg=0.028924  dMax=5.419302  Dlo=0.014462  Dhi=2.724113  err=0.000000  inc=-1.125451  bucket 0->0  (mf=1000)
[MF-SEL] tPrev=(  d=0.042074  dMin=0.000000  dAvg=0.028933  dMax=5.419302  Dlo=0.014467  Dhi=2.724118  err=0.000000  inc=-1.125451  bucket 0->0  (mf=1000)
Dropping frame 1403636941.301666
[MF-SEL] tPrev=(  d=0.083907  dMin=0.000000  dAvg=0.028973  dMax=5.419302  Dlo=0.014487  Dhi=2.724138  err=0.000000  inc=-1.125451  bucket 0->0  (mf=1000)
Dropping frame 1403636941.401667
[MF-SEL] tPrev=(  d=0.074001  dMin=0.000000  dAvg=0.029006  dMax=5.419302  Dlo=0.014503  Dhi=2.724154  err=0.000000  inc=-1.125451  bucket 0->0  (mf=1000)
Dropping frame 1403636941.501667
[MF-SEL] tPrev=(  d=0.075326  dMin=0.000000  dAvg=0.029040  dMax=5.419302  Dlo=0.014520  Dhi=2.724171  err=0.000000  inc=-1.125451  bucket 0->0  (mf=1000)
[MF-SEL] tPrev=(  d=0.037853  dMin=0.000000  dAvg=0.029047  dMax=5.419302  Dlo=0.014523  Dhi=2.724175  err=0.000000  inc=-1.125451  bucket 0->0  (mf=1000)
[MF-SEL] tPrev=(  d=0.038024  dMin=0.000000  dAvg=0.029053  dMax=5.419302  Dlo=0.014527  Dhi=2.724178  err=0.000000  inc=-1.125451  bucket 0->0  (mf=1000)
Dropping frame 1403636941.701667
[MF-SEL] tPrev=(  d=0.075136  dMin=0.000000  dAvg=0.029087  dMax=5.419302  Dlo=0.014543  Dhi=2.724195  err=0.000000  inc=-1.125451  bucket 0->0  (mf=1000)
[MF-SEL] tPrev=(  d=0.038678  dMin=0.000000  dAvg=0.029094  dMax=5.419302  Dlo=0.014547  Dhi=2.724198  err=0.000000  inc=-1.125451  bucket 0->0  (mf=1000)
[MF-SEL] tPrev=(  d=0.037876  dMin=0.000000  dAvg=0.029100  dMax=5.419302  Dlo=0.014550  Dhi=2.724201  err=0.000000  inc=-1.125451  bucket 0->0  (mf=1000)
Dropping frame 1403636941.901667
[MF-SEL] tPrev=(  d=0.093163  dMin=0.000000  dAvg=0.029147  dMax=5.419302  Dlo=0.014573  Dhi=2.724225  err=0.000000  inc=-1.125451  bucket 0->0  (mf=1000)
Dropping frame 1403636942.001667
[MF-SEL] tPrev=(  d=0.073776  dMin=0.000000  dAvg=0.029179  dMax=5.419302  Dlo=0.014590  Dhi=2.724241  err=0.000000  inc=-1.125451  bucket 0->0  (mf=1000)
[MF-SEL] tPrev=(  d=0.038352  dMin=0.000000  dAvg=0.029186  dMax=5.419302  Dlo=0.014593  Dhi=2.724244  err=0.000000  inc=-1.125451  bucket 0->0  (mf=1000)
[MF-SEL] tPrev=(  d=0.038653  dMin=0.000000  dAvg=0.029193  dMax=5.419302  Dlo=0.014596  Dhi=2.724248  err=0.000000  inc=-1.125451  bucket 0->0  (mf=1000)
Dropping frame 1403636942.201667
[MF-SEL] tPrev=(  d=0.077802  dMin=0.000000  dAvg=0.029228  dMax=5.419302  Dlo=0.014614  Dhi=2.724265  err=0.000000  inc=-1.125451  bucket 0->0  (mf=1000)
Dropping frame 1403636942.301666
[MF-SEL] tPrev=(  d=0.074675  dMin=0.000000  dAvg=0.029261  dMax=5.419302  Dlo=0.014630  Dhi=2.724282  err=0.000000  inc=-1.125451  bucket 0->0  (mf=1000)
Dropping frame 1403636942.401667
[MF-SEL] tPrev=(  d=0.096399  dMin=0.000000  dAvg=0.029309  dMax=5.419302  Dlo=0.014655  Dhi=2.724306  err=0.000000  inc=-1.125451  bucket 0->0  (mf=1000)
[MF-SEL] tPrev=(  d=0.037809  dMin=0.000000  dAvg=0.029316  dMax=5.419302  Dlo=0.014658  Dhi=2.724309  err=0.000000  inc=-1.125451  bucket 0->0  (mf=1000)
[MF-SEL] tPrev=(  d=0.039108  dMin=0.000000  dAvg=0.029323  dMax=5.419302  Dlo=0.014661  Dhi=2.724313  err=0.000000  inc=-1.125451  bucket 0->0  (mf=1000)
Dropping frame 1403636942.601666
[MF-SEL] tPrev=(  d=0.083346  dMin=0.000000  dAvg=0.029362  dMax=5.419302  Dlo=0.014681  Dhi=2.724332  err=0.000000  inc=-1.125451  bucket 0->0  (mf=1000)
[MF-SEL] tPrev=(  d=0.042287  dMin=0.000000  dAvg=0.029371  dMax=5.419302  Dlo=0.014686  Dhi=2.724337  err=0.000000  inc=-1.125451  bucket 0->0  (mf=1000)
Dropping frame 1403636942.751667
[MF-SEL] tPrev=(  d=0.081855  dMin=0.000000  dAvg=0.029409  dMax=5.419302  Dlo=0.014704  Dhi=2.724356  err=0.000000  inc=-1.125451  bucket 0->0  (mf=1000)
[MF-SEL] tPrev=(  d=0.040942  dMin=0.000000  dAvg=0.029417  dMax=5.419302  Dlo=0.014709  Dhi=2.724360  err=0.000000  inc=-1.125451  bucket 0->0  (mf=1000)
[MF-SEL] tPrev=(  d=0.048378  dMin=0.000000  dAvg=0.029431  dMax=5.419302  Dlo=0.014715  Dhi=2.724367  err=0.000000  inc=-1.125451  bucket 0->0  (mf=1000)
[MF-SEL] tPrev=(  d=0.040508  dMin=0.000000  dAvg=0.029439  dMax=5.419302  Dlo=0.014719  Dhi=2.724371  err=0.000000  inc=-1.125451  bucket 0->0  (mf=1000)
[MF-SEL] tPrev=(  d=0.040239  dMin=0.000000  dAvg=0.029447  dMax=5.419302  Dlo=0.014723  Dhi=2.724375  err=0.000000  inc=-1.125451  bucket 0->0  (mf=1000)
Dropping frame 1403636943.051666
[MF-SEL] tPrev=(  d=0.081570  dMin=0.000000  dAvg=0.029484  dMax=5.419302  Dlo=0.014742  Dhi=2.724393  err=0.000000  inc=-1.125451  bucket 0->0  (mf=1000)
[MF-SEL] tPrev=(  d=0.040911  dMin=0.000000  dAvg=0.029492  dMax=5.419302  Dlo=0.014746  Dhi=2.724397  err=0.000000  inc=-1.125451  bucket 0->0  (mf=1000)
[MF-SEL] tPrev=(  d=0.031091  dMin=0.000000  dAvg=0.029493  dMax=5.419302  Dlo=0.014747  Dhi=2.724398  err=0.000000  inc=-1.125451  bucket 0->0  (mf=1000)
[MF-SEL] tPrev=(  d=0.040151  dMin=0.000000  dAvg=0.029501  dMax=5.419302  Dlo=0.014751  Dhi=2.724402  err=0.000000  inc=-1.125451  bucket 0->0  (mf=1000)
[MF-SEL] tPrev=(  d=0.039685  dMin=0.000000  dAvg=0.029508  dMax=5.419302  Dlo=0.014754  Dhi=2.724405  err=0.000000  inc=-1.125451  bucket 0->0  (mf=1000)
[MF-SEL] tPrev=(  d=0.039713  dMin=0.000000  dAvg=0.029516  dMax=5.419302  Dlo=0.014758  Dhi=2.724409  err=0.000000  inc=-1.125451  bucket 0->0  (mf=1000)
[MF-SEL] tPrev=(  d=0.039119  dMin=0.000000  dAvg=0.029523  dMax=5.419302  Dlo=0.014761  Dhi=2.724413  err=0.000000  inc=-1.125451  bucket 0->0  (mf=1000)
[MF-SEL] tPrev=(  d=0.039410  dMin=0.000000  dAvg=0.029530  dMax=5.419302  Dlo=0.014765  Dhi=2.724416  err=0.000000  inc=-1.125451  bucket 0->0  (mf=1000)
[MF-SEL] tPrev=(  d=0.039678  dMin=0.000000  dAvg=0.029537  dMax=5.419302  Dlo=0.014768  Dhi=2.724420  err=0.000000  inc=-1.125451  bucket 0->0  (mf=1000)
[MF-SEL] tPrev=(  d=0.039804  dMin=0.000000  dAvg=0.029544  dMax=5.419302  Dlo=0.014772  Dhi=2.724423  err=0.000000  inc=-1.125451  bucket 0->0  (mf=1000)
[MF-SEL] tPrev=(  d=0.039798  dMin=0.000000  dAvg=0.029552  dMax=5.419302  Dlo=0.014776  Dhi=2.724427  err=0.000000  inc=-1.125451  bucket 0->0  (mf=1000)
[MF-SEL] tPrev=(  d=0.039904  dMin=0.000000  dAvg=0.029559  dMax=5.419302  Dlo=0.014779  Dhi=2.724431  err=0.000000  inc=-1.125451  bucket 0->0  (mf=1000)
[MF-SEL] tPrev=(  d=0.039729  dMin=0.000000  dAvg=0.029566  dMax=5.419302  Dlo=0.014783  Dhi=2.724434  err=0.000000  inc=-1.125451  bucket 0->0  (mf=1000)
[MF-SEL] tPrev=(  d=0.040312  dMin=0.000000  dAvg=0.029574  dMax=5.419302  Dlo=0.014787  Dhi=2.724438  err=0.000000  inc=-1.125451  bucket 0->0  (mf=1000)
Dropping frame 1403636943.801666
[MF-SEL] tPrev=(  d=0.083906  dMin=0.000000  dAvg=0.029613  dMax=5.419302  Dlo=0.014806  Dhi=2.724457  err=0.000000  inc=-1.125451  bucket 0->0  (mf=1000)
[MF-SEL] tPrev=(  d=0.043371  dMin=0.000000  dAvg=0.029622  dMax=5.419302  Dlo=0.014811  Dhi=2.724462  err=0.000000  inc=-1.125451  bucket 0->0  (mf=1000)
[MF-SEL] tPrev=(  d=0.043265  dMin=0.000000  dAvg=0.029632  dMax=5.419302  Dlo=0.014816  Dhi=2.724467  err=0.000000  inc=-1.125451  bucket 0->0  (mf=1000)
[MF-SEL] tPrev=(  d=0.041334  dMin=0.000000  dAvg=0.029640  dMax=5.419302  Dlo=0.014820  Dhi=2.724471  err=0.000000  inc=-1.125451  bucket 0->0  (mf=1000)
Dropping frame 1403636944.051666
[MF-SEL] tPrev=(  d=0.081378  dMin=0.000000  dAvg=0.029677  dMax=5.419302  Dlo=0.014839  Dhi=2.724490  err=0.000000  inc=-1.125451  bucket 0->0  (mf=1000)
[MF-SEL] tPrev=(  d=0.039871  dMin=0.000000  dAvg=0.029684  dMax=5.419302  Dlo=0.014842  Dhi=2.724493  err=0.000000  inc=-1.125451  bucket 0->0  (mf=1000)
[MF-SEL] tPrev=(  d=0.035557  dMin=0.000000  dAvg=0.029688  dMax=5.419302  Dlo=0.014844  Dhi=2.724495  err=0.000000  inc=-1.125451  bucket 0->0  (mf=1000)
Dropping frame 1403636944.251667
[MF-SEL] tPrev=(  d=0.060088  dMin=0.000000  dAvg=0.029710  dMax=5.419302  Dlo=0.014855  Dhi=2.724506  err=0.000000  inc=-1.125451  bucket 0->0  (mf=1000)
Dropping frame 1403636944.351666
[MF-SEL] tPrev=(  d=0.053634  dMin=0.000000  dAvg=0.029727  dMax=5.419302  Dlo=0.014863  Dhi=2.724515  err=0.000000  inc=-1.125451  bucket 0->0  (mf=1000)
[MF-SEL] tPrev=(  d=0.025697  dMin=0.000000  dAvg=0.029724  dMax=5.419302  Dlo=0.014862  Dhi=2.724513  err=0.000000  inc=-1.125451  bucket 0->0  (mf=1000)
[MF-SEL] tPrev=(  d=0.025011  dMin=0.000000  dAvg=0.029721  dMax=5.419302  Dlo=0.014860  Dhi=2.724512  err=0.000000  inc=-1.125451  bucket 0->0  (mf=1000)
Dropping frame 1403636944.551666
[MF-SEL] tPrev=(  d=0.046654  dMin=0.000000  dAvg=0.029733  dMax=5.419302  Dlo=0.014866  Dhi=2.724518  err=0.000000  inc=-1.125451  bucket 0->0  (mf=1000)
[MF-SEL] tPrev=(  d=0.022326  dMin=0.000000  dAvg=0.029727  dMax=5.419302  Dlo=0.014864  Dhi=2.724515  err=0.000000  inc=-1.125451  bucket 0->0  (mf=1000)
[MF-SEL] tPrev=(  d=0.022161  dMin=0.000000  dAvg=0.029722  dMax=5.419302  Dlo=0.014861  Dhi=2.724512  err=0.000000  inc=-1.125451  bucket 0->0  (mf=1000)
Dropping frame 1403636944.751667
[MF-SEL] tPrev=(  d=0.040096  dMin=0.000000  dAvg=0.029729  dMax=5.419302  Dlo=0.014865  Dhi=2.724516  err=0.000000  inc=-1.125451  bucket 0->0  (mf=1000)
Dropping frame 1403636944.851666
[MF-SEL] tPrev=(  d=0.050621  dMin=0.000000  dAvg=0.029744  dMax=5.419302  Dlo=0.014872  Dhi=2.724523  err=0.000000  inc=-1.125451  bucket 0->0  (mf=1000)
[MF-SEL] tPrev=(  d=0.017282  dMin=0.000000  dAvg=0.029735  dMax=5.419302  Dlo=0.014868  Dhi=2.724519  err=0.000000  inc=-1.125451  bucket 0->0  (mf=1000)
[MF-SEL] tPrev=(  d=0.016421  dMin=0.000000  dAvg=0.029726  dMax=5.419302  Dlo=0.014863  Dhi=2.724514  err=0.000000  inc=-1.125451  bucket 0->0  (mf=1000)
Dropping frame 1403636945.051666
[MF-SEL] tPrev=(  d=0.028924  dMin=0.000000  dAvg=0.029725  dMax=5.419302  Dlo=0.014863  Dhi=2.724514  err=0.000000  inc=-1.125451  bucket 0->0  (mf=1000)
[MF-SEL] tPrev=(  d=0.016226  dMin=0.000000  dAvg=0.029716  dMax=5.419302  Dlo=0.014858  Dhi=2.724509  err=0.000000  inc=-1.125451  bucket 0->0  (mf=1000)
[MF-SEL] tPrev=(  d=0.016376  dMin=0.000000  dAvg=0.029707  dMax=5.419302  Dlo=0.014853  Dhi=2.724505  err=0.000000  inc=-1.125451  bucket 0->0  (mf=1000)
Dropping frame 1403636945.251667
[MF-SEL] tPrev=(  d=0.032496  dMin=0.000000  dAvg=0.029709  dMax=5.419302  Dlo=0.014854  Dhi=2.724506  err=0.000000  inc=-1.125451  bucket 0->0  (mf=1000)
Dropping frame 1403636945.351666
[MF-SEL] tPrev=(  d=0.048239  dMin=0.000000  dAvg=0.029722  dMax=5.419302  Dlo=0.014861  Dhi=2.724512  err=0.000000  inc=-1.125451  bucket 0->0  (mf=1000)
Dropping frame 1403636945.451666
[MF-SEL] tPrev=(  d=0.033482  dMin=0.000000  dAvg=0.029724  dMax=5.419302  Dlo=0.014862  Dhi=2.724513  err=0.000000  inc=-1.125451  bucket 0->0  (mf=1000)
[MF-SEL] tPrev=(  d=0.016863  dMin=0.000000  dAvg=0.029715  dMax=5.419302  Dlo=0.014858  Dhi=2.724509  err=0.000000  inc=-1.125451  bucket 0->0  (mf=1000)
[MF-SEL] tPrev=(  d=0.016945  dMin=0.000000  dAvg=0.029706  dMax=5.419302  Dlo=0.014853  Dhi=2.724504  err=0.000000  inc=-1.125451  bucket 0->0  (mf=1000)
Dropping frame 1403636945.651666
[MF-SEL] tPrev=(  d=0.034221  dMin=0.000000  dAvg=0.029709  dMax=5.419302  Dlo=0.014855  Dhi=2.724506  err=0.000000  inc=-1.125451  bucket 0->0  (mf=1000)
Dropping frame 1403636945.751667
[MF-SEL] tPrev=(  d=0.034279  dMin=0.000000  dAvg=0.029713  dMax=5.419302  Dlo=0.014856  Dhi=2.724508  err=0.000000  inc=-1.125451  bucket 0->0  (mf=1000)
[MF-SEL] tPrev=(  d=0.016394  dMin=0.000000  dAvg=0.029703  dMax=5.419302  Dlo=0.014852  Dhi=2.724503  err=0.000000  inc=-1.125451  bucket 0->0  (mf=1000)
[MF-SEL] tPrev=(  d=0.019337  dMin=0.000000  dAvg=0.029696  dMax=5.419302  Dlo=0.014848  Dhi=2.724499  err=0.000000  inc=-1.125451  bucket 0->0  (mf=1000)
Dropping frame 1403636945.951666
[MF-SEL] tPrev=(  d=0.022450  dMin=0.000000  dAvg=0.029691  dMax=5.419302  Dlo=0.014846  Dhi=2.724497  err=0.000000  inc=-1.125451  bucket 0->0  (mf=1000)
Dropping frame 1403636946.051666
[MF-SEL] tPrev=(  d=0.028703  dMin=0.000000  dAvg=0.029690  dMax=5.419302  Dlo=0.014845  Dhi=2.724496  err=0.000000  inc=-1.125451  bucket 0->0  (mf=1000)
[MF-SEL] tPrev=(  d=0.016322  dMin=0.000000  dAvg=0.029681  dMax=5.419302  Dlo=0.014841  Dhi=2.724492  err=0.000000  inc=-1.125451  bucket 0->0  (mf=1000)
[MF-SEL] tPrev=(  d=0.017482  dMin=0.000000  dAvg=0.029673  dMax=5.419302  Dlo=0.014836  Dhi=2.724488  err=0.000000  inc=-1.125451  bucket 0->0  (mf=1000)
Dropping frame 1403636946.251667
[MF-SEL] tPrev=(  d=0.043178  dMin=0.000000  dAvg=0.029682  dMax=5.419302  Dlo=0.014841  Dhi=2.724492  err=0.000000  inc=-1.125451  bucket 0->0  (mf=1000)
Dropping frame 1403636946.351666
[MF-SEL] tPrev=(  d=0.031937  dMin=0.000000  dAvg=0.029683  dMax=5.419302  Dlo=0.014842  Dhi=2.724493  err=0.000000  inc=-1.125451  bucket 0->0  (mf=1000)
Dropping frame 1403636946.451666
[MF-SEL] tPrev=(  d=0.057853  dMin=0.000000  dAvg=0.029703  dMax=5.419302  Dlo=0.014852  Dhi=2.724503  err=0.000000  inc=-1.125451  bucket 0->0  (mf=1000)
Dropping frame 1403636946.551666
[MF-SEL] tPrev=(  d=0.054745  dMin=0.000000  dAvg=0.029720  dMax=5.419302  Dlo=0.014860  Dhi=2.724511  err=0.000000  inc=-1.125451  bucket 0->0  (mf=1000)
[MF-SEL] tPrev=(  d=0.025989  dMin=0.000000  dAvg=0.029718  dMax=5.419302  Dlo=0.014859  Dhi=2.724510  err=0.000000  inc=-1.125451  bucket 0->0  (mf=1000)
[MF-SEL] tPrev=(  d=0.023387  dMin=0.000000  dAvg=0.029713  dMax=5.419302  Dlo=0.014857  Dhi=2.724508  err=0.000000  inc=-1.125451  bucket 0->0  (mf=1000)
Dropping frame 1403636946.751667
[MF-SEL] tPrev=(  d=0.044343  dMin=0.000000  dAvg=0.029724  dMax=5.419302  Dlo=0.014862  Dhi=2.724513  err=0.000000  inc=-1.125451  bucket 0->0  (mf=1000)
Dropping frame 1403636946.851666
[MF-SEL] tPrev=(  d=0.046937  dMin=0.000000  dAvg=0.029735  dMax=5.419302  Dlo=0.014868  Dhi=2.724519  err=0.000000  inc=-1.125451  bucket 0->0  (mf=1000)
[MF-SEL] tPrev=(  d=0.020839  dMin=0.000000  dAvg=0.029729  dMax=5.419302  Dlo=0.014865  Dhi=2.724516  err=0.000000  inc=-1.125451  bucket 0->0  (mf=1000)
[MF-SEL] tPrev=(  d=0.020554  dMin=0.000000  dAvg=0.029723  dMax=5.419302  Dlo=0.014861  Dhi=2.724513  err=0.000000  inc=-1.125451  bucket 0->0  (mf=1000)
[MF-SEL] tPrev=(  d=0.020908  dMin=0.000000  dAvg=0.029717  dMax=5.419302  Dlo=0.014858  Dhi=2.724510  err=0.000000  inc=-1.125451  bucket 0->0  (mf=1000)
Dropping frame 1403636947.101666
[MF-SEL] tPrev=(  d=0.046489  dMin=0.000000  dAvg=0.029728  dMax=5.419302  Dlo=0.014864  Dhi=2.724515  err=0.000000  inc=-1.125451  bucket 0->0  (mf=1000)
Dropping frame 1403636947.201667
[MF-SEL] tPrev=(  d=0.043424  dMin=0.000000  dAvg=0.029738  dMax=5.419302  Dlo=0.014869  Dhi=2.724520  err=0.000000  inc=-1.125451  bucket 0->0  (mf=1000)
[MF-SEL] tPrev=(  d=0.020522  dMin=0.000000  dAvg=0.029732  dMax=5.419302  Dlo=0.014866  Dhi=2.724517  err=0.000000  inc=-1.125451  bucket 0->0  (mf=1000)
[MF-SEL] tPrev=(  d=0.151334  dMin=0.000000  dAvg=0.029815  dMax=5.419302  Dlo=0.014908  Dhi=2.724559  err=0.000000  inc=-1.125451  bucket 0->0  (mf=1000)
Dropping frame 1403636947.401667
[MF-SEL] tPrev=(  d=0.028257  dMin=0.000000  dAvg=0.029814  dMax=5.419302  Dlo=0.014907  Dhi=2.724558  err=0.000000  inc=-1.125451  bucket 0->0  (mf=1000)
Dropping frame 1403636947.501667
[MF-SEL] tPrev=(  d=0.039443  dMin=0.000000  dAvg=0.029821  dMax=5.419302  Dlo=0.014910  Dhi=2.724562  err=0.000000  inc=-1.125451  bucket 0->0  (mf=1000)
Dropping frame 1403636947.601666
[MF-SEL] tPrev=(  d=0.023756  dMin=0.000000  dAvg=0.029817  dMax=5.419302  Dlo=0.014908  Dhi=2.724560  err=0.000000  inc=-1.125451  bucket 0->0  (mf=1000)
[MF-SEL] tPrev=(  d=0.028631  dMin=0.000000  dAvg=0.029816  dMax=5.419302  Dlo=0.014908  Dhi=2.724559  err=0.000000  inc=-1.125451  bucket 0->0  (mf=1000)
[MF-SEL] tPrev=(  d=0.043899  dMin=0.000000  dAvg=0.029825  dMax=5.419302  Dlo=0.014913  Dhi=2.724564  err=0.000000  inc=-1.125451  bucket 0->0  (mf=1000)
Dropping frame 1403636947.801666
[MF-SEL] tPrev=(  d=0.031800  dMin=0.000000  dAvg=0.029827  dMax=5.419302  Dlo=0.014913  Dhi=2.724565  err=0.000000  inc=-1.125451  bucket 0->0  (mf=1000)
[MF-SEL] tPrev=(  d=0.040638  dMin=0.000000  dAvg=0.029834  dMax=5.419302  Dlo=0.014917  Dhi=2.724568  err=0.000000  inc=-1.125451  bucket 0->0  (mf=1000)
Dropping frame 1403636947.951666
[MF-SEL] tPrev=(  d=0.031996  dMin=0.000000  dAvg=0.029836  dMax=5.419302  Dlo=0.014918  Dhi=2.724569  err=0.000000  inc=-1.125451  bucket 0->0  (mf=1000)
[MF-SEL] tPrev=(  d=0.016279  dMin=0.000000  dAvg=0.029826  dMax=5.419302  Dlo=0.014913  Dhi=2.724564  err=0.000000  inc=-1.125451  bucket 0->0  (mf=1000)
[MF-SEL] tPrev=(  d=0.016048  dMin=0.000000  dAvg=0.029817  dMax=5.419302  Dlo=0.014909  Dhi=2.724560  err=0.000000  inc=-1.125451  bucket 0->0  (mf=1000)
Dropping frame 1403636948.151666
[MF-SEL] tPrev=(  d=0.032622  dMin=0.000000  dAvg=0.029819  dMax=5.419302  Dlo=0.014909  Dhi=2.724561  err=0.000000  inc=-1.125451  bucket 0->0  (mf=1000)
Dropping frame 1403636948.251667
[MF-SEL] tPrev=(  d=0.041635  dMin=0.000000  dAvg=0.029827  dMax=5.419302  Dlo=0.014914  Dhi=2.724565  err=0.000000  inc=-1.125451  bucket 0->0  (mf=1000)
Dropping frame 1403636948.351666
[MF-SEL] tPrev=(  d=0.046697  dMin=0.000000  dAvg=0.029839  dMax=5.419302  Dlo=0.014919  Dhi=2.724570  err=0.000000  inc=-1.125451  bucket 0->0  (mf=1000)
[MF-SEL] tPrev=(  d=0.023699  dMin=0.000000  dAvg=0.029834  dMax=5.419302  Dlo=0.014917  Dhi=2.724568  err=0.000000  inc=-1.125451  bucket 0->0  (mf=1000)
[MF-SEL] tPrev=(  d=0.040349  dMin=0.000000  dAvg=0.029841  dMax=5.419302  Dlo=0.014921  Dhi=2.724572  err=0.000000  inc=-1.125451  bucket 0->0  (mf=1000)
Dropping frame 1403636948.551666
[MF-SEL] tPrev=(  d=0.051930  dMin=0.000000  dAvg=0.029857  dMax=5.419302  Dlo=0.014928  Dhi=2.724579  err=0.000000  inc=-1.125451  bucket 0->0  (mf=1000)
[MF-SEL] tPrev=(  d=0.026431  dMin=0.000000  dAvg=0.029854  dMax=5.419302  Dlo=0.014927  Dhi=2.724578  err=0.000000  inc=-1.125451  bucket 0->0  (mf=1000)
[MF-SEL] tPrev=(  d=0.028744  dMin=0.000000  dAvg=0.029853  dMax=5.419302  Dlo=0.014927  Dhi=2.724578  err=0.000000  inc=-1.125451  bucket 0->0  (mf=1000)
Dropping frame 1403636948.751667
[MF-SEL] tPrev=(  d=0.059488  dMin=0.000000  dAvg=0.029874  dMax=5.419302  Dlo=0.014937  Dhi=2.724588  err=0.000000  inc=-1.125451  bucket 0->0  (mf=1000)
[MF-SEL] tPrev=(  d=0.033546  dMin=0.000000  dAvg=0.029876  dMax=5.419302  Dlo=0.014938  Dhi=2.724589  err=0.000000  inc=-1.125451  bucket 0->0  (mf=1000)
[MF-SEL] tPrev=(  d=0.034678  dMin=0.000000  dAvg=0.029879  dMax=5.419302  Dlo=0.014940  Dhi=2.724591  err=0.000000  inc=-1.125451  bucket 0->0  (mf=1000)
Dropping frame 1403636948.951666
[MF-SEL] tPrev=(  d=0.082450  dMin=0.000000  dAvg=0.029915  dMax=5.419302  Dlo=0.014957  Dhi=2.724609  err=0.000000  inc=-1.125451  bucket 0->0  (mf=1000)
Dropping frame 1403636949.051666
[MF-SEL] tPrev=(  d=0.063992  dMin=0.000000  dAvg=0.029938  dMax=5.419302  Dlo=0.014969  Dhi=2.724620  err=0.000000  inc=-1.125451  bucket 0->0  (mf=1000)
Dropping frame 1403636949.151666
[MF-SEL] tPrev=(  d=0.047955  dMin=0.000000  dAvg=0.029950  dMax=5.419302  Dlo=0.014975  Dhi=2.724626  err=0.000000  inc=-1.125451  bucket 0->0  (mf=1000)
Dropping frame 1403636949.251667
[MF-SEL] tPrev=(  d=0.063680  dMin=0.000000  dAvg=0.029973  dMax=5.419302  Dlo=0.014987  Dhi=2.724638  err=0.000000  inc=-1.125451  bucket 0->0  (mf=1000)
Dropping frame 1403636949.351666
[MF-SEL] tPrev=(  d=0.063601  dMin=0.000000  dAvg=0.029996  dMax=5.419302  Dlo=0.014998  Dhi=2.724649  err=0.000000  inc=-1.125451  bucket 0->0  (mf=1000)
[MF-SEL] tPrev=(  d=0.032297  dMin=0.000000  dAvg=0.029997  dMax=5.419302  Dlo=0.014999  Dhi=2.724650  err=0.000000  inc=-1.125451  bucket 0->0  (mf=1000)
[MF-SEL] tPrev=(  d=0.016187  dMin=0.000000  dAvg=0.029988  dMax=5.419302  Dlo=0.014994  Dhi=2.724645  err=0.000000  inc=-1.125451  bucket 0->0  (mf=1000)
[MF-SEL] tPrev=(  d=0.028629  dMin=0.000000  dAvg=0.029987  dMax=5.419302  Dlo=0.014994  Dhi=2.724645  err=0.000000  inc=-1.125451  bucket 0->0  (mf=1000)
[MF-SEL] tPrev=(  d=0.027456  dMin=0.000000  dAvg=0.029985  dMax=5.419302  Dlo=0.014993  Dhi=2.724644  err=0.000000  inc=-1.125451  bucket 0->0  (mf=1000)
Dropping frame 1403636949.651666
[MF-SEL] tPrev=(  d=0.048072  dMin=0.000000  dAvg=0.029998  dMax=5.419302  Dlo=0.014999  Dhi=2.724650  err=0.000000  inc=-1.125451  bucket 0->0  (mf=1000)
[MF-SEL] tPrev=(  d=0.022764  dMin=0.000000  dAvg=0.029993  dMax=5.419302  Dlo=0.014996  Dhi=2.724648  err=0.000000  inc=-1.125451  bucket 0->0  (mf=1000)
[MF-SEL] tPrev=(  d=0.021587  dMin=0.000000  dAvg=0.029987  dMax=5.419302  Dlo=0.014994  Dhi=2.724645  err=0.000000  inc=-1.125451  bucket 0->0  (mf=1000)
Dropping frame 1403636949.851666
[MF-SEL] tPrev=(  d=0.053024  dMin=0.000000  dAvg=0.030003  dMax=5.419302  Dlo=0.015001  Dhi=2.724653  err=0.000000  inc=-1.125451  bucket 0->0  (mf=1000)
Dropping frame 1403636949.951666
[MF-SEL] tPrev=(  d=0.037519  dMin=0.000000  dAvg=0.030008  dMax=5.419302  Dlo=0.015004  Dhi=2.724655  err=0.000000  inc=-1.125451  bucket 0->0  (mf=1000)
[MF-SEL] tPrev=(  d=0.030509  dMin=0.000000  dAvg=0.030008  dMax=5.419302  Dlo=0.015004  Dhi=2.724655  err=0.000000  inc=-1.125451  bucket 0->0  (mf=1000)
[MF-SEL] tPrev=(  d=0.019491  dMin=0.000000  dAvg=0.030001  dMax=5.419302  Dlo=0.015000  Dhi=2.724652  err=0.000000  inc=-1.125451  bucket 0->0  (mf=1000)
Dropping frame 1403636950.151666
[MF-SEL] tPrev=(  d=0.040379  dMin=0.000000  dAvg=0.030008  dMax=5.419302  Dlo=0.015004  Dhi=2.724655  err=0.000000  inc=-1.125451  bucket 0->0  (mf=1000)
Dropping frame 1403636950.251667
[MF-SEL] tPrev=(  d=0.045598  dMin=0.000000  dAvg=0.030018  dMax=5.419302  Dlo=0.015009  Dhi=2.724660  err=0.000000  inc=-1.125451  bucket 0->0  (mf=1000)
[MF-SEL] tPrev=(  d=0.024488  dMin=0.000000  dAvg=0.030015  dMax=5.419302  Dlo=0.015007  Dhi=2.724659  err=0.000000  inc=-1.125451  bucket 0->0  (mf=1000)
[MF-SEL] tPrev=(  d=0.024610  dMin=0.000000  dAvg=0.030011  dMax=5.419302  Dlo=0.015005  Dhi=2.724657  err=0.000000  inc=-1.125451  bucket 0->0  (mf=1000)
[MF-SEL] tPrev=(  d=0.025038  dMin=0.000000  dAvg=0.030008  dMax=5.419302  Dlo=0.015004  Dhi=2.724655  err=0.000000  inc=-1.125451  bucket 0->0  (mf=1000)
Dropping frame 1403636950.501667
[MF-SEL] tPrev=(  d=0.046005  dMin=0.000000  dAvg=0.030018  dMax=5.419302  Dlo=0.015009  Dhi=2.724660  err=0.000000  inc=-1.125451  bucket 0->0  (mf=1000)
Dropping frame 1403636950.601666
[MF-SEL] tPrev=(  d=0.048059  dMin=0.000000  dAvg=0.030030  dMax=5.419302  Dlo=0.015015  Dhi=2.724666  err=0.000000  inc=-1.125451  bucket 0->0  (mf=1000)
Dropping frame 1403636950.701667
[MF-SEL] tPrev=(  d=0.055960  dMin=0.000000  dAvg=0.030048  dMax=5.419302  Dlo=0.015024  Dhi=2.724675  err=0.000000  inc=-1.125451  bucket 0->0  (mf=1000)
[MF-SEL] tPrev=(  d=0.025710  dMin=0.000000  dAvg=0.030045  dMax=5.419302  Dlo=0.015022  Dhi=2.724674  err=0.000000  inc=-1.125451  bucket 0->0  (mf=1000)
[MF-SEL] tPrev=(  d=0.025966  dMin=0.000000  dAvg=0.030042  dMax=5.419302  Dlo=0.015021  Dhi=2.724672  err=0.000000  inc=-1.125451  bucket 0->0  (mf=1000)
Dropping frame 1403636950.901667
[MF-SEL] tPrev=(  d=0.050943  dMin=0.000000  dAvg=0.030056  dMax=5.419302  Dlo=0.015028  Dhi=2.724679  err=0.000000  inc=-1.125451  bucket 0->0  (mf=1000)
Dropping frame 1403636951.001667
[MF-SEL] tPrev=(  d=0.054589  dMin=0.000000  dAvg=0.030072  dMax=5.419302  Dlo=0.015036  Dhi=2.724687  err=0.000000  inc=-1.125451  bucket 0->0  (mf=1000)
[MF-SEL] tPrev=(  d=0.029101  dMin=0.000000  dAvg=0.030072  dMax=5.419302  Dlo=0.015036  Dhi=2.724687  err=0.000000  inc=-1.125451  bucket 0->0  (mf=1000)
[MF-SEL] tPrev=(  d=0.023818  dMin=0.000000  dAvg=0.030068  dMax=5.419302  Dlo=0.015034  Dhi=2.724685  err=0.000000  inc=-1.125451  bucket 0->0  (mf=1000)
[MF-SEL] tPrev=(  d=0.023891  dMin=0.000000  dAvg=0.030063  dMax=5.419302  Dlo=0.015032  Dhi=2.724683  err=0.000000  inc=-1.125451  bucket 0->0  (mf=1000)
[MF-SEL] tPrev=(  d=0.025584  dMin=0.000000  dAvg=0.030060  dMax=5.419302  Dlo=0.015030  Dhi=2.724681  err=0.000000  inc=-1.125451  bucket 0->0  (mf=1000)
Dropping frame 1403636951.301666
[MF-SEL] tPrev=(  d=0.043585  dMin=0.000000  dAvg=0.030069  dMax=5.419302  Dlo=0.015035  Dhi=2.724686  err=0.000000  inc=-1.125451  bucket 0->0  (mf=1000)
Dropping frame 1403636951.401667
[MF-SEL] tPrev=(  d=0.051731  dMin=0.000000  dAvg=0.030084  dMax=5.419302  Dlo=0.015042  Dhi=2.724693  err=0.000000  inc=-1.125451  bucket 0->0  (mf=1000)
Dropping frame 1403636951.501667
[MF-SEL] tPrev=(  d=0.073859  dMin=0.000000  dAvg=0.030113  dMax=5.419302  Dlo=0.015056  Dhi=2.724708  err=0.000000  inc=-1.125451  bucket 0->0  (mf=1000)
Dropping frame 1403636951.601666
[MF-SEL] tPrev=(  d=0.050663  dMin=0.000000  dAvg=0.030126  dMax=5.419302  Dlo=0.015063  Dhi=2.724714  err=0.000000  inc=-1.125451  bucket 0->0  (mf=1000)
[MF-SEL] tPrev=(  d=0.027630  dMin=0.000000  dAvg=0.030125  dMax=5.419302  Dlo=0.015062  Dhi=2.724714  err=0.000000  inc=-1.125451  bucket 0->0  (mf=1000)
[MF-SEL] tPrev=(  d=0.029513  dMin=0.000000  dAvg=0.030124  dMax=5.419302  Dlo=0.015062  Dhi=2.724713  err=0.000000  inc=-1.125451  bucket 0->0  (mf=1000)
Dropping frame 1403636951.801666
[MF-SEL] tPrev=(  d=0.062040  dMin=0.000000  dAvg=0.030145  dMax=5.419302  Dlo=0.015073  Dhi=2.724724  err=0.000000  inc=-1.125451  bucket 0->0  (mf=1000)
Dropping frame 1403636951.901667
[MF-SEL] tPrev=(  d=0.060722  dMin=0.000000  dAvg=0.030166  dMax=5.419302  Dlo=0.015083  Dhi=2.724734  err=0.000000  inc=-1.125451  bucket 0->0  (mf=1000)
[MF-SEL] tPrev=(  d=0.032390  dMin=0.000000  dAvg=0.030167  dMax=5.419302  Dlo=0.015084  Dhi=2.724735  err=0.000000  inc=-1.125451  bucket 0->0  (mf=1000)
[MF-SEL] tPrev=(  d=0.042675  dMin=0.000000  dAvg=0.030175  dMax=5.419302  Dlo=0.015088  Dhi=2.724739  err=0.000000  inc=-1.125451  bucket 0->0  (mf=1000)
Dropping frame 1403636952.101666
[MF-SEL] tPrev=(  d=0.068385  dMin=0.000000  dAvg=0.030201  dMax=5.419302  Dlo=0.015100  Dhi=2.724752  err=0.000000  inc=-1.125451  bucket 0->0  (mf=1000)
Dropping frame 1403636952.201667
[MF-SEL] tPrev=(  d=0.071777  dMin=0.000000  dAvg=0.030228  dMax=5.419302  Dlo=0.015114  Dhi=2.724765  err=0.000000  inc=-1.125451  bucket 0->0  (mf=1000)
Dropping frame 1403636952.301666
[MF-SEL] tPrev=(  d=0.070381  dMin=0.000000  dAvg=0.030254  dMax=5.419302  Dlo=0.015127  Dhi=2.724778  err=0.000000  inc=-1.125451  bucket 0->0  (mf=1000)
Dropping frame 1403636952.401667
[MF-SEL] tPrev=(  d=0.068911  dMin=0.000000  dAvg=0.030280  dMax=5.419302  Dlo=0.015140  Dhi=2.724791  err=0.000000  inc=-1.125451  bucket 0->0  (mf=1000)
[MF-SEL] tPrev=(  d=0.031953  dMin=0.000000  dAvg=0.030281  dMax=5.419302  Dlo=0.015140  Dhi=2.724792  err=0.000000  inc=-1.125451  bucket 0->0  (mf=1000)
[MF-SEL] tPrev=(  d=0.031820  dMin=0.000000  dAvg=0.030282  dMax=5.419302  Dlo=0.015141  Dhi=2.724792  err=0.000000  inc=-1.125451  bucket 0->0  (mf=1000)
Dropping frame 1403636952.601666
[MF-SEL] tPrev=(  d=0.057992  dMin=0.000000  dAvg=0.030300  dMax=5.419302  Dlo=0.015150  Dhi=2.724801  err=0.000000  inc=-1.125451  bucket 0->0  (mf=1000)
Dropping frame 1403636952.701667
[MF-SEL] tPrev=(  d=0.061142  dMin=0.000000  dAvg=0.030320  dMax=5.419302  Dlo=0.015160  Dhi=2.724811  err=0.000000  inc=-1.125451  bucket 0->0  (mf=1000)
Dropping frame 1403636952.801666
[MF-SEL] tPrev=(  d=0.053319  dMin=0.000000  dAvg=0.030335  dMax=5.419302  Dlo=0.015168  Dhi=2.724819  err=0.000000  inc=-1.125451  bucket 0->0  (mf=1000)
Dropping frame 1403636952.901667
[MF-SEL] tPrev=(  d=0.031065  dMin=0.000000  dAvg=0.030336  dMax=5.419302  Dlo=0.015168  Dhi=2.724819  err=0.000000  inc=-1.125451  bucket 0->0  (mf=1000)
Dropping frame 1403636953.001667
[MF-SEL] tPrev=(  d=0.054438  dMin=0.000000  dAvg=0.030352  dMax=5.419302  Dlo=0.015176  Dhi=2.724827  err=0.000000  inc=-1.125451  bucket 0->0  (mf=1000)
Dropping frame 1403636953.101666
[MF-SEL] tPrev=(  d=0.078244  dMin=0.000000  dAvg=0.030383  dMax=5.419302  Dlo=0.015192  Dhi=2.724843  err=0.000000  inc=-1.125451  bucket 0->0  (mf=1000)
Dropping frame 1403636953.201667
[MF-SEL] tPrev=(  d=0.057351  dMin=0.000000  dAvg=0.030401  dMax=5.419302  Dlo=0.015200  Dhi=2.724852  err=0.000000  inc=-1.125451  bucket 0->0  (mf=1000)
Dropping frame 1403636953.301666
[MF-SEL] tPrev=(  d=0.058580  dMin=0.000000  dAvg=0.030419  dMax=5.419302  Dlo=0.015210  Dhi=2.724861  err=0.000000  inc=-1.125451  bucket 0->0  (mf=1000)
Dropping frame 1403636953.401667
[MF-SEL] tPrev=(  d=0.067354  dMin=0.000000  dAvg=0.030443  dMax=5.419302  Dlo=0.015222  Dhi=2.724873  err=0.000000  inc=-1.125451  bucket 0->0  (mf=1000)
[MF-SEL] tPrev=(  d=0.024777  dMin=0.000000  dAvg=0.030440  dMax=5.419302  Dlo=0.015220  Dhi=2.724871  err=0.000000  inc=-1.125451  bucket 0->0  (mf=1000)
[MF-SEL] tPrev=(  d=0.025323  dMin=0.000000  dAvg=0.030436  dMax=5.419302  Dlo=0.015218  Dhi=2.724869  err=0.000000  inc=-1.125451  bucket 0->0  (mf=1000)
Dropping frame 1403636953.601666
[MF-SEL] tPrev=(  d=0.066682  dMin=0.000000  dAvg=0.030460  dMax=5.419302  Dlo=0.015230  Dhi=2.724881  err=0.000000  inc=-1.125451  bucket 0->0  (mf=1000)
[MF-SEL] tPrev=(  d=0.022744  dMin=0.000000  dAvg=0.030455  dMax=5.419302  Dlo=0.015227  Dhi=2.724879  err=0.000000  inc=-1.125451  bucket 0->0  (mf=1000)
[MF-SEL] tPrev=(  d=0.023733  dMin=0.000000  dAvg=0.030450  dMax=5.419302  Dlo=0.015225  Dhi=2.724876  err=0.000000  inc=-1.125451  bucket 0->0  (mf=1000)
[MF-SEL] tPrev=(  d=0.024582  dMin=0.000000  dAvg=0.030447  dMax=5.419302  Dlo=0.015223  Dhi=2.724875  err=0.000000  inc=-1.125451  bucket 0->0  (mf=1000)
Dropping frame 1403636953.851666
[MF-SEL] tPrev=(  d=0.057375  dMin=0.000000  dAvg=0.030464  dMax=5.419302  Dlo=0.015232  Dhi=2.724883  err=0.000000  inc=-1.125451  bucket 0->0  (mf=1000)
Dropping frame 1403636953.951666
[MF-SEL] tPrev=(  d=0.089326  dMin=0.000000  dAvg=0.030502  dMax=5.419302  Dlo=0.015251  Dhi=2.724902  err=0.000000  inc=-1.125451  bucket 0->0  (mf=1000)
[MF-SEL] tPrev=(  d=0.034426  dMin=0.000000  dAvg=0.030505  dMax=5.419302  Dlo=0.015252  Dhi=2.724904  err=0.000000  inc=-1.125451  bucket 0->0  (mf=1000)
Dropping frame 1403636954.101666
[MF-SEL] tPrev=(  d=0.072312  dMin=0.000000  dAvg=0.030532  dMax=5.419302  Dlo=0.015266  Dhi=2.724917  err=0.000000  inc=-1.125451  bucket 0->0  (mf=1000)
[MF-SEL] tPrev=(  d=0.036655  dMin=0.000000  dAvg=0.030536  dMax=5.419302  Dlo=0.015268  Dhi=2.724919  err=0.000000  inc=-1.125451  bucket 0->0  (mf=1000)
[MF-SEL] tPrev=(  d=0.038245  dMin=0.000000  dAvg=0.030541  dMax=5.419302  Dlo=0.015271  Dhi=2.724922  err=0.000000  inc=-1.125451  bucket 0->0  (mf=1000)
Dropping frame 1403636954.301666
[MF-SEL] tPrev=(  d=0.086083  dMin=0.000000  dAvg=0.030577  dMax=5.419302  Dlo=0.015288  Dhi=2.724940  err=0.000000  inc=-1.125451  bucket 0->0  (mf=1000)
Dropping frame 1403636954.401667
[MF-SEL] tPrev=(  d=0.084448  dMin=0.000000  dAvg=0.030612  dMax=5.419302  Dlo=0.015306  Dhi=2.724957  err=0.000000  inc=-1.125451  bucket 0->0  (mf=1000)
[MF-SEL] tPrev=(  d=0.043609  dMin=0.000000  dAvg=0.030620  dMax=5.419302  Dlo=0.015310  Dhi=2.724961  err=0.000000  inc=-1.125451  bucket 0->0  (mf=1000)
[MF-SEL] tPrev=(  d=0.044723  dMin=0.000000  dAvg=0.030629  dMax=5.419302  Dlo=0.015315  Dhi=2.724966  err=0.000000  inc=-1.125451  bucket 0->0  (mf=1000)
[MF-SEL] tPrev=(  d=0.044895  dMin=0.000000  dAvg=0.030639  dMax=5.419302  Dlo=0.015319  Dhi=2.724971  err=0.000000  inc=-1.125451  bucket 0->0  (mf=1000)
Dropping frame 1403636954.651666
[MF-SEL] tPrev=(  d=0.081789  dMin=0.000000  dAvg=0.030672  dMax=5.419302  Dlo=0.015336  Dhi=2.724987  err=0.000000  inc=-1.125451  bucket 0->0  (mf=1000)
[MF-SEL] tPrev=(  d=0.046643  dMin=0.000000  dAvg=0.030682  dMax=5.419302  Dlo=0.015341  Dhi=2.724992  err=0.000000  inc=-1.125451  bucket 0->0  (mf=1000)
Dropping frame 1403636954.801666
[MF-SEL] tPrev=(  d=0.099050  dMin=0.000000  dAvg=0.030726  dMax=5.419302  Dlo=0.015363  Dhi=2.725014  err=0.000000  inc=-1.125451  bucket 0->0  (mf=1000)
Dropping frame 1403636954.901667
[MF-SEL] tPrev=(  d=0.085350  dMin=0.000000  dAvg=0.030761  dMax=5.419302  Dlo=0.015381  Dhi=2.725032  err=0.000000  inc=-1.125451  bucket 0->0  (mf=1000)
Dropping frame 1403636955.001667
[MF-SEL] tPrev=(  d=0.094985  dMin=0.000000  dAvg=0.030803  dMax=5.419302  Dlo=0.015401  Dhi=2.725053  err=0.000000  inc=-1.125451  bucket 0->0  (mf=1000)
[MF-SEL] tPrev=(  d=0.044647  dMin=0.000000  dAvg=0.030811  dMax=5.419302  Dlo=0.015406  Dhi=2.725057  err=0.000000  inc=-1.125451  bucket 0->0  (mf=1000)
[MF-SEL] tPrev=(  d=0.031809  dMin=0.000000  dAvg=0.030812  dMax=5.419302  Dlo=0.015406  Dhi=2.725057  err=0.000000  inc=-1.125451  bucket 0->0  (mf=1000)
Dropping frame 1403636955.201667
[MF-SEL] tPrev=(  d=0.084493  dMin=0.000000  dAvg=0.030847  dMax=5.419302  Dlo=0.015423  Dhi=2.725075  err=0.000000  inc=-1.125451  bucket 0->0  (mf=1000)
Dropping frame 1403636955.301666
[MF-SEL] tPrev=(  d=0.076355  dMin=0.000000  dAvg=0.030876  dMax=5.419302  Dlo=0.015438  Dhi=2.725089  err=0.000000  inc=-1.125451  bucket 0->0  (mf=1000)
[MF-SEL] tPrev=(  d=0.041638  dMin=0.000000  dAvg=0.030883  dMax=5.419302  Dlo=0.015441  Dhi=2.725093  err=0.000000  inc=-1.125451  bucket 0->0  (mf=1000)
[MF-SEL] tPrev=(  d=0.042428  dMin=0.000000  dAvg=0.030890  dMax=5.419302  Dlo=0.015445  Dhi=2.725096  err=0.000000  inc=-1.125451  bucket 0->0  (mf=1000)
Dropping frame 1403636955.501667
[MF-SEL] tPrev=(  d=0.084277  dMin=0.000000  dAvg=0.030924  dMax=5.419302  Dlo=0.015462  Dhi=2.725113  err=0.000000  inc=-1.125451  bucket 0->0  (mf=1000)
Dropping frame 1403636955.601666
[MF-SEL] tPrev=(  d=0.087133  dMin=0.000000  dAvg=0.030960  dMax=5.419302  Dlo=0.015480  Dhi=2.725131  err=0.000000  inc=-1.125451  bucket 0->0  (mf=1000)
[MF-SEL] tPrev=(  d=0.045507  dMin=0.000000  dAvg=0.030970  dMax=5.419302  Dlo=0.015485  Dhi=2.725136  err=0.000000  inc=-1.125451  bucket 0->0  (mf=1000)
Dropping frame 1403636955.751667
[MF-SEL] tPrev=(  d=0.086226  dMin=0.000000  dAvg=0.031005  dMax=5.419302  Dlo=0.015503  Dhi=2.725154  err=0.000000  inc=-1.125451  bucket 0->0  (mf=1000)
[MF-SEL] tPrev=(  d=0.043246  dMin=0.000000  dAvg=0.031013  dMax=5.419302  Dlo=0.015506  Dhi=2.725158  err=0.000000  inc=-1.125451  bucket 0->0  (mf=1000)
[MF-SEL] tPrev=(  d=0.043931  dMin=0.000000  dAvg=0.031021  dMax=5.419302  Dlo=0.015511  Dhi=2.725162  err=0.000000  inc=-1.125451  bucket 0->0  (mf=1000)
[MF-SEL] tPrev=(  d=0.044171  dMin=0.000000  dAvg=0.031030  dMax=5.419302  Dlo=0.015515  Dhi=2.725166  err=0.000000  inc=-1.125451  bucket 0->0  (mf=1000)
[MF-SEL] tPrev=(  d=0.061359  dMin=0.000000  dAvg=0.031049  dMax=5.419302  Dlo=0.015524  Dhi=2.725176  err=0.000000  inc=-1.125451  bucket 0->0  (mf=1000)
[MF-SEL] tPrev=(  d=0.043106  dMin=0.000000  dAvg=0.031057  dMax=5.419302  Dlo=0.015528  Dhi=2.725180  err=0.000000  inc=-1.125451  bucket 0->0  (mf=1000)
Dropping frame 1403636956.101666
[MF-SEL] tPrev=(  d=0.099681  dMin=0.000000  dAvg=0.031100  dMax=5.419302  Dlo=0.015550  Dhi=2.725201  err=0.000000  inc=-1.125451  bucket 0->0  (mf=1000)
Dropping frame 1403636956.201667
[MF-SEL] tPrev=(  d=0.080833  dMin=0.000000  dAvg=0.031132  dMax=5.419302  Dlo=0.015566  Dhi=2.725217  err=0.000000  inc=-1.125451  bucket 0->0  (mf=1000)
[MF-SEL] tPrev=(  d=0.057248  dMin=0.000000  dAvg=0.031149  dMax=5.419302  Dlo=0.015574  Dhi=2.725226  err=0.000000  inc=-1.125451  bucket 0->0  (mf=1000)
Dropping frame 1403636956.351666
[MF-SEL] tPrev=(  d=0.069899  dMin=0.000000  dAvg=0.031173  dMax=5.419302  Dlo=0.015587  Dhi=2.725238  err=0.000000  inc=-1.125451  bucket 0->0  (mf=1000)
[MF-SEL] tPrev=(  d=0.033989  dMin=0.000000  dAvg=0.031175  dMax=5.419302  Dlo=0.015588  Dhi=2.725239  err=0.000000  inc=-1.125451  bucket 0->0  (mf=1000)
Dropping frame 1403636956.501667
[MF-SEL] tPrev=(  d=0.067569  dMin=0.000000  dAvg=0.031198  dMax=5.419302  Dlo=0.015599  Dhi=2.725250  err=0.000000  inc=-1.125451  bucket 0->0  (mf=1000)
[MF-SEL] tPrev=(  d=0.034262  dMin=0.000000  dAvg=0.031200  dMax=5.419302  Dlo=0.015600  Dhi=2.725251  err=0.000000  inc=-1.125451  bucket 0->0  (mf=1000)
[MF-SEL] tPrev=(  d=0.045155  dMin=0.000000  dAvg=0.031209  dMax=5.419302  Dlo=0.015604  Dhi=2.725256  err=0.000000  inc=-1.125451  bucket 0->0  (mf=1000)
Dropping frame 1403636956.701667
[MF-SEL] tPrev=(  d=0.067409  dMin=0.000000  dAvg=0.031232  dMax=5.419302  Dlo=0.015616  Dhi=2.725267  err=0.000000  inc=-1.125451  bucket 0->0  (mf=1000)
Dropping frame 1403636956.801666
[MF-SEL] tPrev=(  d=0.054894  dMin=0.000000  dAvg=0.031247  dMax=5.419302  Dlo=0.015623  Dhi=2.725275  err=0.000000  inc=-1.125451  bucket 0->0  (mf=1000)
Dropping frame 1403636956.901667
[MF-SEL] tPrev=(  d=0.053468  dMin=0.000000  dAvg=0.031261  dMax=5.419302  Dlo=0.015630  Dhi=2.725282  err=0.000000  inc=-1.125451  bucket 0->0  (mf=1000)
[MF-SEL] tPrev=(  d=0.025008  dMin=0.000000  dAvg=0.031257  dMax=5.419302  Dlo=0.015629  Dhi=2.725280  err=0.000000  inc=-1.125451  bucket 0->0  (mf=1000)
[MF-SEL] tPrev=(  d=0.029306  dMin=0.000000  dAvg=0.031256  dMax=5.419302  Dlo=0.015628  Dhi=2.725279  err=0.000000  inc=-1.125451  bucket 0->0  (mf=1000)
Dropping frame 1403636957.101666
[MF-SEL] tPrev=(  d=0.049719  dMin=0.000000  dAvg=0.031267  dMax=5.419302  Dlo=0.015634  Dhi=2.725285  err=0.000000  inc=-1.125451  bucket 0->0  (mf=1000)
Dropping frame 1403636957.201667
[MF-SEL] tPrev=(  d=0.044506  dMin=0.000000  dAvg=0.031276  dMax=5.419302  Dlo=0.015638  Dhi=2.725289  err=0.000000  inc=-1.125451  bucket 0->0  (mf=1000)
[MF-SEL] tPrev=(  d=0.021332  dMin=0.000000  dAvg=0.031270  dMax=5.419302  Dlo=0.015635  Dhi=2.725286  err=0.000000  inc=-1.125451  bucket 0->0  (mf=1000)
[MF-SEL] tPrev=(  d=0.020636  dMin=0.000000  dAvg=0.031263  dMax=5.419302  Dlo=0.015631  Dhi=2.725283  err=0.000000  inc=-1.125451  bucket 0->0  (mf=1000)
[MF-SEL] tPrev=(  d=0.019714  dMin=0.000000  dAvg=0.031256  dMax=5.419302  Dlo=0.015628  Dhi=2.725279  err=0.000000  inc=-1.125451  bucket 0->0  (mf=1000)
Dropping frame 1403636957.451666
[MF-SEL] tPrev=(  d=0.042633  dMin=0.000000  dAvg=0.031263  dMax=5.419302  Dlo=0.015631  Dhi=2.725283  err=0.000000  inc=-1.125451  bucket 0->0  (mf=1000)
[MF-SEL] tPrev=(  d=0.020464  dMin=0.000000  dAvg=0.031256  dMax=5.419302  Dlo=0.015628  Dhi=2.725279  err=0.000000  inc=-1.125451  bucket 0->0  (mf=1000)
[MF-SEL] tPrev=(  d=0.020327  dMin=0.000000  dAvg=0.031249  dMax=5.419302  Dlo=0.015625  Dhi=2.725276  err=0.000000  inc=-1.125451  bucket 0->0  (mf=1000)
Dropping frame 1403636957.651666
[MF-SEL] tPrev=(  d=0.043097  dMin=0.000000  dAvg=0.031256  dMax=5.419302  Dlo=0.015628  Dhi=2.725279  err=0.000000  inc=-1.125451  bucket 0->0  (mf=1000)
Dropping frame 1403636957.751667
[MF-SEL] tPrev=(  d=0.040972  dMin=0.000000  dAvg=0.031263  dMax=5.419302  Dlo=0.015631  Dhi=2.725283  err=0.000000  inc=-1.125451  bucket 0->0  (mf=1000)
Dropping frame 1403636957.851666
[MF-SEL] tPrev=(  d=0.041056  dMin=0.000000  dAvg=0.031269  dMax=5.419302  Dlo=0.015634  Dhi=2.725286  err=0.000000  inc=-1.125451  bucket 0->0  (mf=1000)
[MF-SEL] tPrev=(  d=0.018312  dMin=0.000000  dAvg=0.031261  dMax=5.419302  Dlo=0.015630  Dhi=2.725282  err=0.000000  inc=-1.125451  bucket 0->0  (mf=1000)
Dropping frame 1403636958.001667
[MF-SEL] tPrev=(  d=0.033325  dMin=0.000000  dAvg=0.031262  dMax=5.419302  Dlo=0.015631  Dhi=2.725282  err=0.000000  inc=-1.125451  bucket 0->0  (mf=1000)
[MF-SEL] tPrev=(  d=0.010578  dMin=0.000000  dAvg=0.031249  dMax=5.419302  Dlo=0.015624  Dhi=2.725276  err=-1.000000  inc=-2.069508  bucket 0->0  (mf=1000)
Dropping frame 1403636958.151666
[MF-SEL] tPrev=(  d=0.026639  dMin=0.000000  dAvg=0.031246  dMax=5.419302  Dlo=0.015623  Dhi=2.725274  err=0.000000  inc=-0.972782  bucket 0->0  (mf=1000)
[MF-SEL] tPrev=(  d=0.012827  dMin=0.000000  dAvg=0.031235  dMax=5.419302  Dlo=0.015617  Dhi=2.725268  err=-1.000000  inc=-2.069920  bucket 0->0  (mf=1000)
[MF-SEL] tPrev=(  d=0.012348  dMin=0.000000  dAvg=0.031223  dMax=5.419302  Dlo=0.015611  Dhi=2.725263  err=-1.000000  inc=-1.732606  bucket 0->0  (mf=1000)
[MF-SEL] tPrev=(  d=0.013234  dMin=0.000000  dAvg=0.031211  dMax=5.419302  Dlo=0.015606  Dhi=2.725257  err=-1.000000  inc=-1.734852  bucket 0->0  (mf=1000)
[MF-SEL] tPrev=(  d=0.013973  dMin=0.000000  dAvg=0.031201  dMax=5.419302  Dlo=0.015600  Dhi=2.725252  err=-1.000000  inc=-1.737150  bucket 0->0  (mf=1000)
[MF-SEL] tPrev=(  d=0.015013  dMin=0.000000  dAvg=0.031191  dMax=5.419302  Dlo=0.015595  Dhi=2.725247  err=-1.000000  inc=-1.739526  bucket 0->0  (mf=1000)
Dropping frame 1403636958.501667
[MF-SEL] tPrev=(  d=0.024811  dMin=0.000000  dAvg=0.031187  dMax=5.419302  Dlo=0.015593  Dhi=2.725245  err=0.000000  inc=-0.967605  bucket 0->0  (mf=1000)
Dropping frame 1403636958.601666
[MF-SEL] tPrev=(  d=0.031551  dMin=0.000000  dAvg=0.031187  dMax=5.419302  Dlo=0.015593  Dhi=2.725245  err=0.000000  inc=-1.139526  bucket 0->0  (mf=1000)
[MF-SEL] tPrev=(  d=0.013382  dMin=0.000000  dAvg=0.031176  dMax=5.419302  Dlo=0.015588  Dhi=2.725239  err=-1.000000  inc=-2.053073  bucket 0->0  (mf=1000)
[MF-SEL] tPrev=(  d=0.013764  dMin=0.000000  dAvg=0.031165  dMax=5.419302  Dlo=0.015582  Dhi=2.725234  err=-1.000000  inc=-1.744542  bucket 0->0  (mf=1000)
Dropping frame 1403636958.801666
[MF-SEL] tPrev=(  d=0.027613  dMin=0.000000  dAvg=0.031163  dMax=5.419302  Dlo=0.015581  Dhi=2.725233  err=0.000000  inc=-0.979653  bucket 0->0  (mf=1000)
Dropping frame 1403636958.901667
[MF-SEL] tPrev=(  d=0.035062  dMin=0.000000  dAvg=0.031165  dMax=5.419302  Dlo=0.015583  Dhi=2.725234  err=0.000000  inc=-1.144542  bucket 0->0  (mf=1000)
Dropping frame 1403636959.001667
[MF-SEL] tPrev=(  d=0.030291  dMin=0.000000  dAvg=0.031165  dMax=5.419302  Dlo=0.015582  Dhi=2.725233  err=0.000000  inc=-1.144542  bucket 0->0  (mf=1000)
[MF-SEL] tPrev=(  d=0.015566  dMin=0.000000  dAvg=0.031155  dMax=5.419302  Dlo=0.015577  Dhi=2.725229  err=-1.000000  inc=-2.072739  bucket 0->0  (mf=1000)
[MF-SEL] tPrev=(  d=0.026155  dMin=0.000000  dAvg=0.031152  dMax=5.419302  Dlo=0.015576  Dhi=2.725227  err=0.000000  inc=-0.807661  bucket 0->0  (mf=1000)
[MF-SEL] tPrev=(  d=0.017466  dMin=0.000000  dAvg=0.031143  dMax=5.419302  Dlo=0.015572  Dhi=2.725223  err=0.000000  inc=-1.146998  bucket 0->0  (mf=1000)
[MF-SEL] tPrev=(  d=0.018362  dMin=0.000000  dAvg=0.031135  dMax=5.419302  Dlo=0.015568  Dhi=2.725219  err=0.000000  inc=-1.146998  bucket 0->0  (mf=1000)
Dropping frame 1403636959.301666
[MF-SEL] tPrev=(  d=0.036547  dMin=0.000000  dAvg=0.031139  dMax=5.419302  Dlo=0.015569  Dhi=2.725221  err=0.000000  inc=-1.146998  bucket 0->0  (mf=1000)
[MF-SEL] tPrev=(  d=0.019324  dMin=0.000000  dAvg=0.031131  dMax=5.419302  Dlo=0.015566  Dhi=2.725217  err=0.000000  inc=-1.146998  bucket 0->0  (mf=1000)
[MF-SEL] tPrev=(  d=0.020654  dMin=0.000000  dAvg=0.031125  dMax=5.419302  Dlo=0.015562  Dhi=2.725214  err=0.000000  inc=-1.146998  bucket 0->0  (mf=1000)
Dropping frame 1403636959.501667
[MF-SEL] tPrev=(  d=0.040186  dMin=0.000000  dAvg=0.031130  dMax=5.419302  Dlo=0.015565  Dhi=2.725216  err=0.000000  inc=-1.146998  bucket 0->0  (mf=1000)
Dropping frame 1403636959.601666
[MF-SEL] tPrev=(  d=0.034509  dMin=0.000000  dAvg=0.031133  dMax=5.419302  Dlo=0.015566  Dhi=2.725218  err=0.000000  inc=-1.146998  bucket 0->0  (mf=1000)
Dropping frame 1403636959.701667
[MF-SEL] tPrev=(  d=0.037119  dMin=0.000000  dAvg=0.031136  dMax=5.419302  Dlo=0.015568  Dhi=2.725219  err=0.000000  inc=-1.146998  bucket 0->0  (mf=1000)
[MF-SEL] tPrev=(  d=0.017599  dMin=0.000000  dAvg=0.031128  dMax=5.419302  Dlo=0.015564  Dhi=2.725215  err=0.000000  inc=-1.146998  bucket 0->0  (mf=1000)
[MF-SEL] tPrev=(  d=0.015889  dMin=0.000000  dAvg=0.031118  dMax=5.419302  Dlo=0.015559  Dhi=2.725210  err=0.000000  inc=-1.146998  bucket 0->0  (mf=1000)
Dropping frame 1403636959.901667
[MF-SEL] tPrev=(  d=0.028329  dMin=0.000000  dAvg=0.031117  dMax=5.419302  Dlo=0.015558  Dhi=2.725210  err=0.000000  inc=-1.146998  bucket 0->0  (mf=1000)
Dropping frame 1403636960.001667
[MF-SEL] tPrev=(  d=0.029974  dMin=0.000000  dAvg=0.031116  dMax=5.419302  Dlo=0.015558  Dhi=2.725209  err=0.000000  inc=-1.146998  bucket 0->0  (mf=1000)
Dropping frame 1403636960.101666
[MF-SEL] tPrev=(  d=0.031359  dMin=0.000000  dAvg=0.031116  dMax=5.419302  Dlo=0.015558  Dhi=2.725209  err=0.000000  inc=-1.146998  bucket 0->0  (mf=1000)
Dropping frame 1403636960.201667
[MF-SEL] tPrev=(  d=0.035400  dMin=0.000000  dAvg=0.031119  dMax=5.419302  Dlo=0.015559  Dhi=2.725211  err=0.000000  inc=-1.146998  bucket 0->0  (mf=1000)
Dropping frame 1403636960.301666
[MF-SEL] tPrev=(  d=0.034663  dMin=0.000000  dAvg=0.031121  dMax=5.419302  Dlo=0.015561  Dhi=2.725212  err=0.000000  inc=-1.146998  bucket 0->0  (mf=1000)
[MF-SEL] tPrev=(  d=0.017533  dMin=0.000000  dAvg=0.031113  dMax=5.419302  Dlo=0.015556  Dhi=2.725208  err=0.000000  inc=-1.146998  bucket 0->0  (mf=1000)
[MF-SEL] tPrev=(  d=0.017528  dMin=0.000000  dAvg=0.031104  dMax=5.419302  Dlo=0.015552  Dhi=2.725203  err=0.000000  inc=-1.146998  bucket 0->0  (mf=1000)
[MF-SEL] tPrev=(  d=0.017973  dMin=0.000000  dAvg=0.031096  dMax=5.419302  Dlo=0.015548  Dhi=2.725199  err=0.000000  inc=-1.146998  bucket 0->0  (mf=1000)
[MF-SEL] tPrev=(  d=0.019267  dMin=0.000000  dAvg=0.031089  dMax=5.419302  Dlo=0.015544  Dhi=2.725196  err=0.000000  inc=-1.146998  bucket 0->0  (mf=1000)
[MF-SEL] tPrev=(  d=0.020033  dMin=0.000000  dAvg=0.031082  dMax=5.419302  Dlo=0.015541  Dhi=2.725192  err=0.000000  inc=-1.146998  bucket 0->0  (mf=1000)
[MF-SEL] tPrev=(  d=0.043503  dMin=0.000000  dAvg=0.031090  dMax=5.419302  Dlo=0.015545  Dhi=2.725196  err=0.000000  inc=-1.146998  bucket 0->0  (mf=1000)
[MF-SEL] tPrev=(  d=0.025254  dMin=0.000000  dAvg=0.031086  dMax=5.419302  Dlo=0.015543  Dhi=2.725194  err=0.000000  inc=-1.146998  bucket 0->0  (mf=1000)
Dropping frame 1403636960.751667
[MF-SEL] tPrev=(  d=0.047756  dMin=0.000000  dAvg=0.031096  dMax=5.419302  Dlo=0.015548  Dhi=2.725199  err=0.000000  inc=-1.146998  bucket 0->0  (mf=1000)
Dropping frame 1403636960.851666
[MF-SEL] tPrev=(  d=0.028222  dMin=0.000000  dAvg=0.031095  dMax=5.419302  Dlo=0.015547  Dhi=2.725199  err=0.000000  inc=-1.146998  bucket 0->0  (mf=1000)
[MF-SEL] tPrev=(  d=0.023316  dMin=0.000000  dAvg=0.031090  dMax=5.419302  Dlo=0.015545  Dhi=2.725196  err=0.000000  inc=-1.146998  bucket 0->0  (mf=1000)
[MF-SEL] tPrev=(  d=0.022414  dMin=0.000000  dAvg=0.031085  dMax=5.419302  Dlo=0.015542  Dhi=2.725194  err=0.000000  inc=-1.146998  bucket 0->0  (mf=1000)
[MF-SEL] tPrev=(  d=0.021804  dMin=0.000000  dAvg=0.031079  dMax=5.419302  Dlo=0.015539  Dhi=2.725191  err=0.000000  inc=-1.146998  bucket 0->0  (mf=1000)
Dropping frame 1403636961.101666
[MF-SEL] tPrev=(  d=0.043215  dMin=0.000000  dAvg=0.031086  dMax=5.419302  Dlo=0.015543  Dhi=2.725194  err=0.000000  inc=-1.146998  bucket 0->0  (mf=1000)
[MF-SEL] tPrev=(  d=0.022313  dMin=0.000000  dAvg=0.031081  dMax=5.419302  Dlo=0.015541  Dhi=2.725192  err=0.000000  inc=-1.146998  bucket 0->0  (mf=1000)
[MF-SEL] tPrev=(  d=0.022107  dMin=0.000000  dAvg=0.031076  dMax=5.419302  Dlo=0.015538  Dhi=2.725189  err=0.000000  inc=-1.146998  bucket 0->0  (mf=1000)
[MF-SEL] tPrev=(  d=0.021530  dMin=0.000000  dAvg=0.031070  dMax=5.419302  Dlo=0.015535  Dhi=2.725186  err=0.000000  inc=-1.146998  bucket 0->0  (mf=1000)
[MF-SEL] tPrev=(  d=0.020520  dMin=0.000000  dAvg=0.031063  dMax=5.419302  Dlo=0.015532  Dhi=2.725183  err=0.000000  inc=-1.146998  bucket 0->0  (mf=1000)
[MF-SEL] tPrev=(  d=0.021936  dMin=0.000000  dAvg=0.031058  dMax=5.419302  Dlo=0.015529  Dhi=2.725180  err=0.000000  inc=-1.146998  bucket 0->0  (mf=1000)
[MF-SEL] tPrev=(  d=0.021602  dMin=0.000000  dAvg=0.031052  dMax=5.419302  Dlo=0.015526  Dhi=2.725177  err=0.000000  inc=-1.146998  bucket 0->0  (mf=1000)
[MF-SEL] tPrev=(  d=0.022147  dMin=0.000000  dAvg=0.031047  dMax=5.419302  Dlo=0.015523  Dhi=2.725175  err=0.000000  inc=-1.146998  bucket 0->0  (mf=1000)
[MF-SEL] tPrev=(  d=0.023056  dMin=0.000000  dAvg=0.031042  dMax=5.419302  Dlo=0.015521  Dhi=2.725172  err=0.000000  inc=-1.146998  bucket 0->0  (mf=1000)
Dropping frame 1403636961.601666
[MF-SEL] tPrev=(  d=0.049962  dMin=0.000000  dAvg=0.031053  dMax=5.419302  Dlo=0.015527  Dhi=2.725178  err=0.000000  inc=-1.146998  bucket 0->0  (mf=1000)
Dropping frame 1403636961.701667
[MF-SEL] tPrev=(  d=0.046257  dMin=0.000000  dAvg=0.031062  dMax=5.419302  Dlo=0.015531  Dhi=2.725182  err=0.000000  inc=-1.146998  bucket 0->0  (mf=1000)
[MF-SEL] tPrev=(  d=0.025842  dMin=0.000000  dAvg=0.031059  dMax=5.419302  Dlo=0.015530  Dhi=2.725181  err=0.000000  inc=-1.146998  bucket 0->0  (mf=1000)
[MF-SEL] tPrev=(  d=0.024142  dMin=0.000000  dAvg=0.031055  dMax=5.419302  Dlo=0.015528  Dhi=2.725179  err=0.000000  inc=-1.146998  bucket 0->0  (mf=1000)
[MF-SEL] tPrev=(  d=0.023072  dMin=0.000000  dAvg=0.031050  dMax=5.419302  Dlo=0.015525  Dhi=2.725176  err=0.000000  inc=-1.146998  bucket 0->0  (mf=1000)
[MF-SEL] tPrev=(  d=0.021782  dMin=0.000000  dAvg=0.031045  dMax=5.419302  Dlo=0.015522  Dhi=2.725174  err=0.000000  inc=-1.146998  bucket 0->0  (mf=1000)
Dropping frame 1403636962.001667
[MF-SEL] tPrev=(  d=0.036063  dMin=0.000000  dAvg=0.031048  dMax=5.419302  Dlo=0.015524  Dhi=2.725175  err=0.000000  inc=-1.146998  bucket 0->0  (mf=1000)
[MF-SEL] tPrev=(  d=0.011711  dMin=0.000000  dAvg=0.031036  dMax=5.419302  Dlo=0.015518  Dhi=2.725169  err=-1.000000  inc=-2.098147  bucket 0->0  (mf=1000)
[MF-SEL] tPrev=(  d=0.017802  dMin=0.000000  dAvg=0.031028  dMax=5.419302  Dlo=0.015514  Dhi=2.725165  err=0.000000  inc=-0.793836  bucket 0->0  (mf=1000)
[MF-SEL] tPrev=(  d=0.018445  dMin=0.000000  dAvg=0.031020  dMax=5.419302  Dlo=0.015510  Dhi=2.725161  err=0.000000  inc=-1.149291  bucket 0->0  (mf=1000)
[MF-SEL] tPrev=(  d=0.019213  dMin=0.000000  dAvg=0.031013  dMax=5.419302  Dlo=0.015507  Dhi=2.725158  err=0.000000  inc=-1.149291  bucket 0->0  (mf=1000)
Dropping frame 1403636962.301666
[MF-SEL] tPrev=(  d=0.039152  dMin=0.000000  dAvg=0.031018  dMax=5.419302  Dlo=0.015509  Dhi=2.725160  err=0.000000  inc=-1.149291  bucket 0->0  (mf=1000)
Dropping frame 1403636962.401667
[MF-SEL] tPrev=(  d=0.039401  dMin=0.000000  dAvg=0.031023  dMax=5.419302  Dlo=0.015512  Dhi=2.725163  err=0.000000  inc=-1.149291  bucket 0->0  (mf=1000)
[MF-SEL] tPrev=(  d=0.022043  dMin=0.000000  dAvg=0.031018  dMax=5.419302  Dlo=0.015509  Dhi=2.725160  err=0.000000  inc=-1.149291  bucket 0->0  (mf=1000)
[MF-SEL] tPrev=(  d=0.023666  dMin=0.000000  dAvg=0.031013  dMax=5.419302  Dlo=0.015507  Dhi=2.725158  err=0.000000  inc=-1.149291  bucket 0->0  (mf=1000)
[MF-SEL] tPrev=(  d=0.024802  dMin=0.000000  dAvg=0.031010  dMax=5.419302  Dlo=0.015505  Dhi=2.725156  err=0.000000  inc=-1.149291  bucket 0->0  (mf=1000)
Dropping frame 1403636962.651666
[MF-SEL] tPrev=(  d=0.052632  dMin=0.000000  dAvg=0.031023  dMax=5.419302  Dlo=0.015511  Dhi=2.725163  err=0.000000  inc=-1.149291  bucket 0->0  (mf=1000)
[MF-SEL] tPrev=(  d=0.024373  dMin=0.000000  dAvg=0.031019  dMax=5.419302  Dlo=0.015509  Dhi=2.725161  err=0.000000  inc=-1.149291  bucket 0->0  (mf=1000)
Dropping frame 1403636962.801666
[MF-SEL] tPrev=(  d=0.039638  dMin=0.000000  dAvg=0.031024  dMax=5.419302  Dlo=0.015512  Dhi=2.725163  err=0.000000  inc=-1.149291  bucket 0->0  (mf=1000)
[MF-SEL] tPrev=(  d=0.025554  dMin=0.000000  dAvg=0.031021  dMax=5.419302  Dlo=0.015510  Dhi=2.725162  err=0.000000  inc=-1.149291  bucket 0->0  (mf=1000)
[MF-SEL] tPrev=(  d=0.024412  dMin=0.000000  dAvg=0.031017  dMax=5.419302  Dlo=0.015508  Dhi=2.725160  err=0.000000  inc=-1.149291  bucket 0->0  (mf=1000)
[MF-SEL] tPrev=(  d=0.024549  dMin=0.000000  dAvg=0.031013  dMax=5.419302  Dlo=0.015506  Dhi=2.725158  err=0.000000  inc=-1.149291  bucket 0->0  (mf=1000)
Dropping frame 1403636963.051666
[MF-SEL] tPrev=(  d=0.048674  dMin=0.000000  dAvg=0.031023  dMax=5.419302  Dlo=0.015512  Dhi=2.725163  err=0.000000  inc=-1.149291  bucket 0->0  (mf=1000)
Dropping frame 1403636963.151666
[MF-SEL] tPrev=(  d=0.066623  dMin=0.000000  dAvg=0.031045  dMax=5.419302  Dlo=0.015522  Dhi=2.725174  err=0.000000  inc=-1.149291  bucket 0->0  (mf=1000)
Dropping frame 1403636963.251667
[MF-SEL] tPrev=(  d=0.048500  dMin=0.000000  dAvg=0.031055  dMax=5.419302  Dlo=0.015528  Dhi=2.725179  err=0.000000  inc=-1.149291  bucket 0->0  (mf=1000)
[MF-SEL] tPrev=(  d=0.025033  dMin=0.000000  dAvg=0.031051  dMax=5.419302  Dlo=0.015526  Dhi=2.725177  err=0.000000  inc=-1.149291  bucket 0->0  (mf=1000)
[MF-SEL] tPrev=(  d=0.025162  dMin=0.000000  dAvg=0.031048  dMax=5.419302  Dlo=0.015524  Dhi=2.725175  err=0.000000  inc=-1.149291  bucket 0->0  (mf=1000)
Dropping frame 1403636963.451666
[MF-SEL] tPrev=(  d=0.049594  dMin=0.000000  dAvg=0.031059  dMax=5.419302  Dlo=0.015530  Dhi=2.725181  err=0.000000  inc=-1.149291  bucket 0->0  (mf=1000)
Dropping frame 1403636963.551666
[MF-SEL] tPrev=(  d=0.047251  dMin=0.000000  dAvg=0.031069  dMax=5.419302  Dlo=0.015534  Dhi=2.725186  err=0.000000  inc=-1.149291  bucket 0->0  (mf=1000)
[MF-SEL] tPrev=(  d=0.024403  dMin=0.000000  dAvg=0.031065  dMax=5.419302  Dlo=0.015532  Dhi=2.725184  err=0.000000  inc=-1.149291  bucket 0->0  (mf=1000)
Dropping frame 1403636963.701667
[MF-SEL] tPrev=(  d=0.047714  dMin=0.000000  dAvg=0.031075  dMax=5.419302  Dlo=0.015537  Dhi=2.725189  err=0.000000  inc=-1.149291  bucket 0->0  (mf=1000)
[MF-SEL] tPrev=(  d=0.025094  dMin=0.000000  dAvg=0.031071  dMax=5.419302  Dlo=0.015536  Dhi=2.725187  err=0.000000  inc=-1.149291  bucket 0->0  (mf=1000)
[MF-SEL] tPrev=(  d=0.026533  dMin=0.000000  dAvg=0.031068  dMax=5.419302  Dlo=0.015534  Dhi=2.725185  err=0.000000  inc=-1.149291  bucket 0->0  (mf=1000)
Dropping frame 1403636963.901667
[MF-SEL] tPrev=(  d=0.057184  dMin=0.000000  dAvg=0.031084  dMax=5.419302  Dlo=0.015542  Dhi=2.725193  err=0.000000  inc=-1.149291  bucket 0->0  (mf=1000)
Dropping frame 1403636964.001667
[MF-SEL] tPrev=(  d=0.065286  dMin=0.000000  dAvg=0.031104  dMax=5.419302  Dlo=0.015552  Dhi=2.725203  err=0.000000  inc=-1.149291  bucket 0->0  (mf=1000)
[MF-SEL] tPrev=(  d=0.034312  dMin=0.000000  dAvg=0.031106  dMax=5.419302  Dlo=0.015553  Dhi=2.725204  err=0.000000  inc=-1.149291  bucket 0->0  (mf=1000)
[MF-SEL] tPrev=(  d=0.034033  dMin=0.000000  dAvg=0.031108  dMax=5.419302  Dlo=0.015554  Dhi=2.725205  err=0.000000  inc=-1.149291  bucket 0->0  (mf=1000)
[MF-SEL] tPrev=(  d=0.033307  dMin=0.000000  dAvg=0.031109  dMax=5.419302  Dlo=0.015555  Dhi=2.725206  err=0.000000  inc=-1.149291  bucket 0->0  (mf=1000)
Dropping frame 1403636964.251667
[MF-SEL] tPrev=(  d=0.061932  dMin=0.000000  dAvg=0.031128  dMax=5.419302  Dlo=0.015564  Dhi=2.725215  err=0.000000  inc=-1.149291  bucket 0->0  (mf=1000)
[MF-SEL] tPrev=(  d=0.031507  dMin=0.000000  dAvg=0.031128  dMax=5.419302  Dlo=0.015564  Dhi=2.725215  err=0.000000  inc=-1.149291  bucket 0->0  (mf=1000)
Dropping frame 1403636964.401667
[MF-SEL] tPrev=(  d=0.064133  dMin=0.000000  dAvg=0.031147  dMax=5.419302  Dlo=0.015574  Dhi=2.725225  err=0.000000  inc=-1.149291  bucket 0->0  (mf=1000)
[MF-SEL] tPrev=(  d=0.039455  dMin=0.000000  dAvg=0.031152  dMax=5.419302  Dlo=0.015576  Dhi=2.725227  err=0.000000  inc=-1.149291  bucket 0->0  (mf=1000)
[MF-SEL] tPrev=(  d=0.033563  dMin=0.000000  dAvg=0.031154  dMax=5.419302  Dlo=0.015577  Dhi=2.725228  err=0.000000  inc=-1.149291  bucket 0->0  (mf=1000)
[MF-SEL] tPrev=(  d=0.034346  dMin=0.000000  dAvg=0.031156  dMax=5.419302  Dlo=0.015578  Dhi=2.725229  err=0.000000  inc=-1.149291  bucket 0->0  (mf=1000)
[MF-SEL] tPrev=(  d=0.035372  dMin=0.000000  dAvg=0.031158  dMax=5.419302  Dlo=0.015579  Dhi=2.725230  err=0.000000  inc=-1.149291  bucket 0->0  (mf=1000)
Dropping frame 1403636964.701667
[MF-SEL] tPrev=(  d=0.074994  dMin=0.000000  dAvg=0.031184  dMax=5.419302  Dlo=0.015592  Dhi=2.725243  err=0.000000  inc=-1.149291  bucket 0->0  (mf=1000)
[MF-SEL] tPrev=(  d=0.034260  dMin=0.000000  dAvg=0.031186  dMax=5.419302  Dlo=0.015593  Dhi=2.725244  err=0.000000  inc=-1.149291  bucket 0->0  (mf=1000)
Dropping frame 1403636964.851666
[MF-SEL] tPrev=(  d=0.085908  dMin=0.000000  dAvg=0.031218  dMax=5.419302  Dlo=0.015609  Dhi=2.725260  err=0.000000  inc=-1.149291  bucket 0->0  (mf=1000)
[MF-SEL] tPrev=(  d=0.044595  dMin=0.000000  dAvg=0.031226  dMax=5.419302  Dlo=0.015613  Dhi=2.725264  err=0.000000  inc=-1.149291  bucket 0->0  (mf=1000)
[MF-SEL] tPrev=(  d=0.046667  dMin=0.000000  dAvg=0.031235  dMax=5.419302  Dlo=0.015618  Dhi=2.725269  err=0.000000  inc=-1.149291  bucket 0->0  (mf=1000)
[MF-SEL] tPrev=(  d=0.049332  dMin=0.000000  dAvg=0.031246  dMax=5.419302  Dlo=0.015623  Dhi=2.725274  err=0.000000  inc=-1.149291  bucket 0->0  (mf=1000)
[MF-SEL] tPrev=(  d=0.060421  dMin=0.000000  dAvg=0.031263  dMax=5.419302  Dlo=0.015631  Dhi=2.725283  err=0.000000  inc=-1.149291  bucket 0->0  (mf=1000)
[MF-SEL] tPrev=(  d=0.050404  dMin=0.000000  dAvg=0.031274  dMax=5.419302  Dlo=0.015637  Dhi=2.725288  err=0.000000  inc=-1.149291  bucket 0->0  (mf=1000)
Dropping frame 1403636965.201667
[MF-SEL] tPrev=(  d=0.102375  dMin=0.000000  dAvg=0.031316  dMax=5.419302  Dlo=0.015658  Dhi=2.725309  err=0.000000  inc=-1.149291  bucket 0->0  (mf=1000)
Dropping frame 1403636965.301666
[MF-SEL] tPrev=(  d=0.110993  dMin=0.000000  dAvg=0.031363  dMax=5.419302  Dlo=0.015681  Dhi=2.725333  err=0.000000  inc=-1.149291  bucket 0->0  (mf=1000)
[MF-SEL] tPrev=(  d=0.052574  dMin=0.000000  dAvg=0.031375  dMax=5.419302  Dlo=0.015688  Dhi=2.725339  err=0.000000  inc=-1.149291  bucket 0->0  (mf=1000)
[MF-SEL] tPrev=(  d=0.054119  dMin=0.000000  dAvg=0.031389  dMax=5.419302  Dlo=0.015694  Dhi=2.725346  err=0.000000  inc=-1.149291  bucket 0->0  (mf=1000)
[MF-SEL] tPrev=(  d=0.055401  dMin=0.000000  dAvg=0.031403  dMax=5.419302  Dlo=0.015701  Dhi=2.725353  err=0.000000  inc=-1.149291  bucket 0->0  (mf=1000)
[MF-SEL] tPrev=(  d=0.056320  dMin=0.000000  dAvg=0.031417  dMax=5.419302  Dlo=0.015709  Dhi=2.725360  err=0.000000  inc=-1.149291  bucket 0->0  (mf=1000)
Dropping frame 1403636965.601666
[MF-SEL] tPrev=(  d=0.118780  dMin=0.000000  dAvg=0.031469  dMax=5.419302  Dlo=0.015734  Dhi=2.725386  err=0.000000  inc=-1.149291  bucket 0->0  (mf=1000)
Dropping frame 1403636965.701667
[MF-SEL] tPrev=(  d=0.115105  dMin=0.000000  dAvg=0.031518  dMax=5.419302  Dlo=0.015759  Dhi=2.725410  err=0.000000  inc=-1.149291  bucket 0->0  (mf=1000)
[MF-SEL] tPrev=(  d=0.054568  dMin=0.000000  dAvg=0.031531  dMax=5.419302  Dlo=0.015766  Dhi=2.725417  err=0.000000  inc=-1.149291  bucket 0->0  (mf=1000)
[MF-SEL] tPrev=(  d=0.061929  dMin=0.000000  dAvg=0.031549  dMax=5.419302  Dlo=0.015774  Dhi=2.725426  err=0.000000  inc=-1.149291  bucket 0->0  (mf=1000)
Dropping frame 1403636965.901667
[MF-SEL] tPrev=(  d=0.098862  dMin=0.000000  dAvg=0.031588  dMax=5.419302  Dlo=0.015794  Dhi=2.725445  err=0.000000  inc=-1.149291  bucket 0->0  (mf=1000)
[MF-SEL] tPrev=(  d=0.048434  dMin=0.000000  dAvg=0.031598  dMax=5.419302  Dlo=0.015799  Dhi=2.725450  err=0.000000  inc=-1.149291  bucket 0->0  (mf=1000)
[MF-SEL] tPrev=(  d=0.047975  dMin=0.000000  dAvg=0.031608  dMax=5.419302  Dlo=0.015804  Dhi=2.725455  err=0.000000  inc=-1.149291  bucket 0->0  (mf=1000)
[MF-SEL] tPrev=(  d=0.048209  dMin=0.000000  dAvg=0.031617  dMax=5.419302  Dlo=0.015809  Dhi=2.725460  err=0.000000  inc=-1.149291  bucket 0->0  (mf=1000)
Dropping frame 1403636966.151666
[MF-SEL] tPrev=(  d=0.107781  dMin=0.000000  dAvg=0.031662  dMax=5.419302  Dlo=0.015831  Dhi=2.725482  err=0.000000  inc=-1.149291  bucket 0->0  (mf=1000)
Dropping frame 1403636966.251667
[MF-SEL] tPrev=(  d=0.095260  dMin=0.000000  dAvg=0.031699  dMax=5.419302  Dlo=0.015849  Dhi=2.725501  err=0.000000  inc=-1.149291  bucket 0->0  (mf=1000)
[MF-SEL] tPrev=(  d=0.048221  dMin=0.000000  dAvg=0.031708  dMax=5.419302  Dlo=0.015854  Dhi=2.725505  err=0.000000  inc=-1.149291  bucket 0->0  (mf=1000)
[MF-SEL] tPrev=(  d=0.048669  dMin=0.000000  dAvg=0.031718  dMax=5.419302  Dlo=0.015859  Dhi=2.725510  err=0.000000  inc=-1.149291  bucket 0->0  (mf=1000)
Dropping frame 1403636966.451666
[MF-SEL] tPrev=(  d=0.096160  dMin=0.000000  dAvg=0.031756  dMax=5.419302  Dlo=0.015878  Dhi=2.725529  err=0.000000  inc=-1.149291  bucket 0->0  (mf=1000)
Dropping frame 1403636966.551666
[MF-SEL] tPrev=(  d=0.088006  dMin=0.000000  dAvg=0.031789  dMax=5.419302  Dlo=0.015894  Dhi=2.725546  err=0.000000  inc=-1.149291  bucket 0->0  (mf=1000)
[MF-SEL] tPrev=(  d=0.042959  dMin=0.000000  dAvg=0.031795  dMax=5.419302  Dlo=0.015898  Dhi=2.725549  err=0.000000  inc=-1.149291  bucket 0->0  (mf=1000)
Dropping frame 1403636966.701667
[MF-SEL] tPrev=(  d=0.069040  dMin=0.000000  dAvg=0.031817  dMax=5.419302  Dlo=0.015908  Dhi=2.725560  err=0.000000  inc=-1.149291  bucket 0->0  (mf=1000)
[MF-SEL] tPrev=(  d=0.040265  dMin=0.000000  dAvg=0.031822  dMax=5.419302  Dlo=0.015911  Dhi=2.725562  err=0.000000  inc=-1.149291  bucket 0->0  (mf=1000)
[MF-SEL] tPrev=(  d=0.041426  dMin=0.000000  dAvg=0.031827  dMax=5.419302  Dlo=0.015914  Dhi=2.725565  err=0.000000  inc=-1.149291  bucket 0->0  (mf=1000)
[MF-SEL] tPrev=(  d=0.039536  dMin=0.000000  dAvg=0.031832  dMax=5.419302  Dlo=0.015916  Dhi=2.725567  err=0.000000  inc=-1.149291  bucket 0->0  (mf=1000)
Dropping frame 1403636966.951666
[MF-SEL] tPrev=(  d=0.079558  dMin=0.000000  dAvg=0.031859  dMax=5.419302  Dlo=0.015930  Dhi=2.725581  err=0.000000  inc=-1.149291  bucket 0->0  (mf=1000)
[MF-SEL] tPrev=(  d=0.038320  dMin=0.000000  dAvg=0.031863  dMax=5.419302  Dlo=0.015932  Dhi=2.725583  err=0.000000  inc=-1.149291  bucket 0->0  (mf=1000)
[MF-SEL] tPrev=(  d=0.038551  dMin=0.000000  dAvg=0.031867  dMax=5.419302  Dlo=0.015933  Dhi=2.725585  err=0.000000  inc=-1.149291  bucket 0->0  (mf=1000)
Dropping frame 1403636967.151666
[MF-SEL] tPrev=(  d=0.098208  dMin=0.000000  dAvg=0.031905  dMax=5.419302  Dlo=0.015953  Dhi=2.725604  err=0.000000  inc=-1.149291  bucket 0->0  (mf=1000)
Dropping frame 1403636967.251667
[MF-SEL] tPrev=(  d=0.081401  dMin=0.000000  dAvg=0.031934  dMax=5.419302  Dlo=0.015967  Dhi=2.725618  err=0.000000  inc=-1.149291  bucket 0->0  (mf=1000)
[MF-SEL] tPrev=(  d=0.042023  dMin=0.000000  dAvg=0.031940  dMax=5.419302  Dlo=0.015970  Dhi=2.725621  err=0.000000  inc=-1.149291  bucket 0->0  (mf=1000)
[MF-SEL] tPrev=(  d=0.042403  dMin=0.000000  dAvg=0.031946  dMax=5.419302  Dlo=0.015973  Dhi=2.725624  err=0.000000  inc=-1.149291  bucket 0->0  (mf=1000)
[MF-SEL] tPrev=(  d=0.042672  dMin=0.000000  dAvg=0.031952  dMax=5.419302  Dlo=0.015976  Dhi=2.725627  err=0.000000  inc=-1.149291  bucket 0->0  (mf=1000)
Dropping frame 1403636967.501667
[MF-SEL] tPrev=(  d=0.086234  dMin=0.000000  dAvg=0.031983  dMax=5.419302  Dlo=0.015992  Dhi=2.725643  err=0.000000  inc=-1.149291  bucket 0->0  (mf=1000)
Dropping frame 1403636967.601666
[MF-SEL] tPrev=(  d=0.085050  dMin=0.000000  dAvg=0.032014  dMax=5.419302  Dlo=0.016007  Dhi=2.725658  err=0.000000  inc=-1.149291  bucket 0->0  (mf=1000)
Dropping frame 1403636967.701667
[MF-SEL] tPrev=(  d=0.100886  dMin=0.000000  dAvg=0.032054  dMax=5.419302  Dlo=0.016027  Dhi=2.725678  err=0.000000  inc=-1.149291  bucket 0->0  (mf=1000)
[MF-SEL] tPrev=(  d=0.047298  dMin=0.000000  dAvg=0.032062  dMax=5.419302  Dlo=0.016031  Dhi=2.725682  err=0.000000  inc=-1.149291  bucket 0->0  (mf=1000)
[MF-SEL] tPrev=(  d=0.048476  dMin=0.000000  dAvg=0.032072  dMax=5.419302  Dlo=0.016036  Dhi=2.725687  err=0.000000  inc=-1.149291  bucket 0->0  (mf=1000)
Dropping frame 1403636967.901667
[MF-SEL] tPrev=(  d=0.088097  dMin=0.000000  dAvg=0.032104  dMax=5.419302  Dlo=0.016052  Dhi=2.725703  err=0.000000  inc=-1.149291  bucket 0->0  (mf=1000)
Dropping frame 1403636968.001667
[MF-SEL] tPrev=(  d=0.093348  dMin=0.000000  dAvg=0.032139  dMax=5.419302  Dlo=0.016070  Dhi=2.725721  err=0.000000  inc=-1.149291  bucket 0->0  (mf=1000)
[MF-SEL] tPrev=(  d=0.050270  dMin=0.000000  dAvg=0.032150  dMax=5.419302  Dlo=0.016075  Dhi=2.725726  err=0.000000  inc=-1.149291  bucket 0->0  (mf=1000)
[MF-SEL] tPrev=(  d=0.052024  dMin=0.000000  dAvg=0.032161  dMax=5.419302  Dlo=0.016081  Dhi=2.725732  err=0.000000  inc=-1.149291  bucket 0->0  (mf=1000)
[MF-SEL] tPrev=(  d=0.052165  dMin=0.000000  dAvg=0.032173  dMax=5.419302  Dlo=0.016086  Dhi=2.725738  err=0.000000  inc=-1.149291  bucket 0->0  (mf=1000)
Dropping frame 1403636968.251667
[MF-SEL] tPrev=(  d=0.119029  dMin=0.000000  dAvg=0.032222  dMax=5.419302  Dlo=0.016111  Dhi=2.725762  err=0.000000  inc=-1.149291  bucket 0->0  (mf=1000)
[MF-SEL] tPrev=(  d=0.054677  dMin=0.000000  dAvg=0.032235  dMax=5.419302  Dlo=0.016118  Dhi=2.725769  err=0.000000  inc=-1.149291  bucket 0->0  (mf=1000)
Dropping frame 1403636968.401667
[MF-SEL] tPrev=(  d=0.112422  dMin=0.000000  dAvg=0.032281  dMax=5.419302  Dlo=0.016141  Dhi=2.725792  err=0.000000  inc=-1.149291  bucket 0->0  (mf=1000)
[MF-SEL] tPrev=(  d=0.033863  dMin=0.000000  dAvg=0.032282  dMax=5.419302  Dlo=0.016141  Dhi=2.725792  err=0.000000  inc=-1.149291  bucket 0->0  (mf=1000)
[MF-SEL] tPrev=(  d=0.056308  dMin=0.000000  dAvg=0.032296  dMax=5.419302  Dlo=0.016148  Dhi=2.725799  err=0.000000  inc=-1.149291  bucket 0->0  (mf=1000)
Dropping frame 1403636968.601666
[MF-SEL] tPrev=(  d=0.111319  dMin=0.000000  dAvg=0.032341  dMax=5.419302  Dlo=0.016171  Dhi=2.725822  err=0.000000  inc=-1.149291  bucket 0->0  (mf=1000)
[MF-SEL] tPrev=(  d=0.055490  dMin=0.000000  dAvg=0.032354  dMax=5.419302  Dlo=0.016177  Dhi=2.725828  err=0.000000  inc=-1.149291  bucket 0->0  (mf=1000)
[MF-SEL] tPrev=(  d=0.055960  dMin=0.000000  dAvg=0.032368  dMax=5.419302  Dlo=0.016184  Dhi=2.725835  err=0.000000  inc=-1.149291  bucket 0->0  (mf=1000)
Dropping frame 1403636968.801666
[MF-SEL] tPrev=(  d=0.100868  dMin=0.000000  dAvg=0.032407  dMax=5.419302  Dlo=0.016204  Dhi=2.725855  err=0.000000  inc=-1.149291  bucket 0->0  (mf=1000)
Dropping frame 1403636968.901667
[MF-SEL] tPrev=(  d=0.121337  dMin=0.000000  dAvg=0.032458  dMax=5.419302  Dlo=0.016229  Dhi=2.725880  err=0.000000  inc=-1.149291  bucket 0->0  (mf=1000)
[MF-SEL] tPrev=(  d=0.061071  dMin=0.000000  dAvg=0.032474  dMax=5.419302  Dlo=0.016237  Dhi=2.725888  err=0.000000  inc=-1.149291  bucket 0->0  (mf=1000)
[MF-SEL] tPrev=(  d=0.061535  dMin=0.000000  dAvg=0.032491  dMax=5.419302  Dlo=0.016245  Dhi=2.725897  err=0.000000  inc=-1.149291  bucket 0->0  (mf=1000)
[MF-SEL] tPrev=(  d=0.057838  dMin=0.000000  dAvg=0.032505  dMax=5.419302  Dlo=0.016253  Dhi=2.725904  err=0.000000  inc=-1.149291  bucket 0->0  (mf=1000)
Dropping frame 1403636969.151666
[MF-SEL] tPrev=(  d=0.126660  dMin=0.000000  dAvg=0.032559  dMax=5.419302  Dlo=0.016279  Dhi=2.725931  err=0.000000  inc=-1.149291  bucket 0->0  (mf=1000)
Dropping frame 1403636969.251667
[MF-SEL] tPrev=(  d=0.129719  dMin=0.000000  dAvg=0.032614  dMax=5.419302  Dlo=0.016307  Dhi=2.725958  err=0.000000  inc=-1.149291  bucket 0->0  (mf=1000)
Dropping frame 1403636969.351666
[MF-SEL] tPrev=(  d=0.130433  dMin=0.000000  dAvg=0.032670  dMax=5.419302  Dlo=0.016335  Dhi=2.725986  err=0.000000  inc=-1.149291  bucket 0->0  (mf=1000)
[MF-SEL] tPrev=(  d=0.062702  dMin=0.000000  dAvg=0.032687  dMax=5.419302  Dlo=0.016343  Dhi=2.725995  err=0.000000  inc=-1.149291  bucket 0->0  (mf=1000)
[MF-SEL] tPrev=(  d=0.055759  dMin=0.000000  dAvg=0.032700  dMax=5.419302  Dlo=0.016350  Dhi=2.726001  err=0.000000  inc=-1.149291  bucket 0->0  (mf=1000)
Dropping frame 1403636969.551666
[MF-SEL] tPrev=(  d=0.117906  dMin=0.000000  dAvg=0.032748  dMax=5.419302  Dlo=0.016374  Dhi=2.726025  err=0.000000  inc=-1.149291  bucket 0->0  (mf=1000)
Dropping frame 1403636969.651666
[MF-SEL] tPrev=(  d=0.103104  dMin=0.000000  dAvg=0.032788  dMax=5.419302  Dlo=0.016394  Dhi=2.726045  err=0.000000  inc=-1.149291  bucket 0->0  (mf=1000)
Dropping frame 1403636969.751667
[MF-SEL] tPrev=(  d=0.109059  dMin=0.000000  dAvg=0.032831  dMax=5.419302  Dlo=0.016416  Dhi=2.726067  err=0.000000  inc=-1.149291  bucket 0->0  (mf=1000)
[MF-SEL] tPrev=(  d=0.052541  dMin=0.000000  dAvg=0.032843  dMax=5.419302  Dlo=0.016421  Dhi=2.726073  err=0.000000  inc=-1.149291  bucket 0->0  (mf=1000)
[MF-SEL] tPrev=(  d=0.051634  dMin=0.000000  dAvg=0.032853  dMax=5.419302  Dlo=0.016427  Dhi=2.726078  err=0.000000  inc=-1.149291  bucket 0->0  (mf=1000)
Dropping frame 1403636969.951666
[MF-SEL] tPrev=(  d=0.111631  dMin=0.000000  dAvg=0.032898  dMax=5.419302  Dlo=0.016449  Dhi=2.726100  err=0.000000  inc=-1.149291  bucket 0->0  (mf=1000)
[MF-SEL] tPrev=(  d=0.049552  dMin=0.000000  dAvg=0.032907  dMax=5.419302  Dlo=0.016454  Dhi=2.726105  err=0.000000  inc=-1.149291  bucket 0->0  (mf=1000)
[MF-SEL] tPrev=(  d=0.048808  dMin=0.000000  dAvg=0.032916  dMax=5.419302  Dlo=0.016458  Dhi=2.726109  err=0.000000  inc=-1.149291  bucket 0->0  (mf=1000)
[MF-SEL] tPrev=(  d=0.048974  dMin=0.000000  dAvg=0.032925  dMax=5.419302  Dlo=0.016463  Dhi=2.726114  err=0.000000  inc=-1.149291  bucket 0->0  (mf=1000)
[MF-SEL] tPrev=(  d=0.045370  dMin=0.000000  dAvg=0.032932  dMax=5.419302  Dlo=0.016466  Dhi=2.726117  err=0.000000  inc=-1.149291  bucket 0->0  (mf=1000)
Dropping frame 1403636970.251667
[MF-SEL] tPrev=(  d=0.087063  dMin=0.000000  dAvg=0.032963  dMax=5.419302  Dlo=0.016481  Dhi=2.726133  err=0.000000  inc=-1.149291  bucket 0->0  (mf=1000)
Dropping frame 1403636970.351666
[MF-SEL] tPrev=(  d=0.099399  dMin=0.000000  dAvg=0.033000  dMax=5.419302  Dlo=0.016500  Dhi=2.726151  err=0.000000  inc=-1.149291  bucket 0->0  (mf=1000)
[MF-SEL] tPrev=(  d=0.049335  dMin=0.000000  dAvg=0.033010  dMax=5.419302  Dlo=0.016505  Dhi=2.726156  err=0.000000  inc=-1.149291  bucket 0->0  (mf=1000)
[MF-SEL] tPrev=(  d=0.039914  dMin=0.000000  dAvg=0.033014  dMax=5.419302  Dlo=0.016507  Dhi=2.726158  err=0.000000  inc=-1.149291  bucket 0->0  (mf=1000)
[MF-SEL] tPrev=(  d=0.047233  dMin=0.000000  dAvg=0.033022  dMax=5.419302  Dlo=0.016511  Dhi=2.726162  err=0.000000  inc=-1.149291  bucket 0->0  (mf=1000)
Dropping frame 1403636970.601666
[MF-SEL] tPrev=(  d=0.092394  dMin=0.000000  dAvg=0.033055  dMax=5.419302  Dlo=0.016527  Dhi=2.726179  err=0.000000  inc=-1.149291  bucket 0->0  (mf=1000)
[MF-SEL] tPrev=(  d=0.039112  dMin=0.000000  dAvg=0.033058  dMax=5.419302  Dlo=0.016529  Dhi=2.726180  err=0.000000  inc=-1.149291  bucket 0->0  (mf=1000)
[MF-SEL] tPrev=(  d=0.043421  dMin=0.000000  dAvg=0.033064  dMax=5.419302  Dlo=0.016532  Dhi=2.726183  err=0.000000  inc=-1.149291  bucket 0->0  (mf=1000)
Dropping frame 1403636970.801666
[MF-SEL] tPrev=(  d=0.081673  dMin=0.000000  dAvg=0.033092  dMax=5.419302  Dlo=0.016546  Dhi=2.726197  err=0.000000  inc=-1.149291  bucket 0->0  (mf=1000)
[MF-SEL] tPrev=(  d=0.041180  dMin=0.000000  dAvg=0.033096  dMax=5.419302  Dlo=0.016548  Dhi=2.726199  err=0.000000  inc=-1.149291  bucket 0->0  (mf=1000)
Dropping frame 1403636970.951666
[MF-SEL] tPrev=(  d=0.077644  dMin=0.000000  dAvg=0.033121  dMax=5.419302  Dlo=0.016561  Dhi=2.726212  err=0.000000  inc=-1.149291  bucket 0->0  (mf=1000)
[MF-SEL] tPrev=(  d=0.035520  dMin=0.000000  dAvg=0.033122  dMax=5.419302  Dlo=0.016561  Dhi=2.726212  err=0.000000  inc=-1.149291  bucket 0->0  (mf=1000)
[MF-SEL] tPrev=(  d=0.035721  dMin=0.000000  dAvg=0.033124  dMax=5.419302  Dlo=0.016562  Dhi=2.726213  err=0.000000  inc=-1.149291  bucket 0->0  (mf=1000)
Dropping frame 1403636971.151666
[MF-SEL] tPrev=(  d=0.067744  dMin=0.000000  dAvg=0.033143  dMax=5.419302  Dlo=0.016572  Dhi=2.726223  err=0.000000  inc=-1.149291  bucket 0->0  (mf=1000)
[MF-SEL] tPrev=(  d=0.032142  dMin=0.000000  dAvg=0.033143  dMax=5.419302  Dlo=0.016571  Dhi=2.726223  err=0.000000  inc=-1.149291  bucket 0->0  (mf=1000)
[MF-SEL] tPrev=(  d=0.030945  dMin=0.000000  dAvg=0.033142  dMax=5.419302  Dlo=0.016571  Dhi=2.726222  err=0.000000  inc=-1.149291  bucket 0->0  (mf=1000)
Dropping frame 1403636971.351666
[MF-SEL] tPrev=(  d=0.047843  dMin=0.000000  dAvg=0.033150  dMax=5.419302  Dlo=0.016575  Dhi=2.726226  err=0.000000  inc=-1.149291  bucket 0->0  (mf=1000)
[MF-SEL] tPrev=(  d=0.022696  dMin=0.000000  dAvg=0.033144  dMax=5.419302  Dlo=0.016572  Dhi=2.726223  err=0.000000  inc=-1.149291  bucket 0->0  (mf=1000)
[MF-SEL] tPrev=(  d=0.021754  dMin=0.000000  dAvg=0.033138  dMax=5.419302  Dlo=0.016569  Dhi=2.726220  err=0.000000  inc=-1.149291  bucket 0->0  (mf=1000)
[MF-SEL] tPrev=(  d=0.020294  dMin=0.000000  dAvg=0.033130  dMax=5.419302  Dlo=0.016565  Dhi=2.726216  err=0.000000  inc=-1.149291  bucket 0->0  (mf=1000)
[MF-SEL] tPrev=(  d=0.019587  dMin=0.000000  dAvg=0.033123  dMax=5.419302  Dlo=0.016561  Dhi=2.726213  err=0.000000  inc=-1.149291  bucket 0->0  (mf=1000)
Dropping frame 1403636971.651666
[MF-SEL] tPrev=(  d=0.047334  dMin=0.000000  dAvg=0.033131  dMax=5.419302  Dlo=0.016565  Dhi=2.726217  err=0.000000  inc=-1.149291  bucket 0->0  (mf=1000)
[MF-SEL] tPrev=(  d=0.021966  dMin=0.000000  dAvg=0.033125  dMax=5.419302  Dlo=0.016562  Dhi=2.726213  err=0.000000  inc=-1.149291  bucket 0->0  (mf=1000)
[MF-SEL] tPrev=(  d=0.021263  dMin=0.000000  dAvg=0.033118  dMax=5.419302  Dlo=0.016559  Dhi=2.726210  err=0.000000  inc=-1.149291  bucket 0->0  (mf=1000)
Dropping frame 1403636971.851666
[MF-SEL] tPrev=(  d=0.037175  dMin=0.000000  dAvg=0.033120  dMax=5.419302  Dlo=0.016560  Dhi=2.726211  err=0.000000  inc=-1.149291  bucket 0->0  (mf=1000)
[MF-SEL] tPrev=(  d=0.022149  dMin=0.000000  dAvg=0.033114  dMax=5.419302  Dlo=0.016557  Dhi=2.726208  err=0.000000  inc=-1.149291  bucket 0->0  (mf=1000)
Dropping frame 1403636972.001667
[MF-SEL] tPrev=(  d=0.030907  dMin=0.000000  dAvg=0.033113  dMax=5.419302  Dlo=0.016556  Dhi=2.726208  err=0.000000  inc=-1.149291  bucket 0->0  (mf=1000)
[MF-SEL] tPrev=(  d=0.014245  dMin=0.000000  dAvg=0.033102  dMax=5.419302  Dlo=0.016551  Dhi=2.726202  err=-1.000000  inc=-2.076936  bucket 0->0  (mf=1000)
[MF-SEL] tPrev=(  d=0.012889  dMin=0.000000  dAvg=0.033091  dMax=5.419302  Dlo=0.016546  Dhi=2.726197  err=-1.000000  inc=-1.754087  bucket 0->0  (mf=1000)
Dropping frame 1403636972.201667
[MF-SEL] tPrev=(  d=0.023048  dMin=0.000000  dAvg=0.033086  dMax=5.419302  Dlo=0.016543  Dhi=2.726194  err=0.000000  inc=-0.982718  bucket 0->0  (mf=1000)
[MF-SEL] tPrev=(  d=0.009723  dMin=0.000000  dAvg=0.033073  dMax=5.419302  Dlo=0.016536  Dhi=2.726188  err=-1.000000  inc=-2.087021  bucket 0->0  (mf=1000)
[MF-SEL] tPrev=(  d=0.008936  dMin=0.000000  dAvg=0.033059  dMax=5.419302  Dlo=0.016530  Dhi=2.726181  err=-1.000000  inc=-1.758820  bucket 0->0  (mf=1000)
Dropping frame 1403636972.401667
[MF-SEL] tPrev=(  d=0.016504  dMin=0.000000  dAvg=0.033050  dMax=5.419302  Dlo=0.016525  Dhi=2.726176  err=-1.000000  inc=-1.763230  bucket 0->0  (mf=1000)
[MF-SEL] tPrev=(  d=0.008798  dMin=0.000000  dAvg=0.033037  dMax=5.419302  Dlo=0.016518  Dhi=2.726169  err=-1.000000  inc=-1.765835  bucket 0->0  (mf=1000)
[MF-SEL] tPrev=(  d=0.010067  dMin=0.000000  dAvg=0.033024  dMax=5.419302  Dlo=0.016512  Dhi=2.726163  err=-1.000000  inc=-1.768289  bucket 0->0  (mf=1000)
[MF-SEL] tPrev=(  d=0.012112  dMin=0.000000  dAvg=0.033012  dMax=5.419302  Dlo=0.016506  Dhi=2.726157  err=-1.000000  inc=-1.770664  bucket 0->0  (mf=1000)
[MF-SEL] tPrev=(  d=0.016113  dMin=0.000000  dAvg=0.033003  dMax=5.419302  Dlo=0.016501  Dhi=2.726153  err=-1.000000  inc=-1.773010  bucket 0->0  (mf=1000)
Dropping frame 1403636972.701667
[MF-SEL] tPrev=(  d=0.028980  dMin=0.000000  dAvg=0.033001  dMax=5.419302  Dlo=0.016500  Dhi=2.726152  err=0.000000  inc=-1.011181  bucket 0->0  (mf=1000)
[MF-SEL] tPrev=(  d=0.010958  dMin=0.000000  dAvg=0.032988  dMax=5.419302  Dlo=0.016494  Dhi=2.726145  err=-1.000000  inc=-2.087827  bucket 0->0  (mf=1000)
Dropping frame 1403636972.851666
[MF-SEL] tPrev=(  d=0.015933  dMin=0.000000  dAvg=0.032979  dMax=5.419302  Dlo=0.016490  Dhi=2.726141  err=-1.000000  inc=-1.780280  bucket 0->0  (mf=1000)
[MF-SEL] tPrev=(  d=0.027643  dMin=0.000000  dAvg=0.032976  dMax=5.419302  Dlo=0.016488  Dhi=2.726139  err=0.000000  inc=-0.819732  bucket 0->0  (mf=1000)
[MF-SEL] tPrev=(  d=0.004792  dMin=0.000000  dAvg=0.032961  dMax=5.419302  Dlo=0.016480  Dhi=2.726131  err=-1.000000  inc=-2.101666  bucket 0->0  (mf=1000)
[MF-SEL] tPrev=(  d=0.005983  dMin=0.000000  dAvg=0.032946  dMax=5.419302  Dlo=0.016473  Dhi=2.726124  err=-1.000000  inc=-1.784946  bucket 0->0  (mf=1000)
Dropping frame 1403636973.101666
[MF-SEL] tPrev=(  d=0.022949  dMin=0.000000  dAvg=0.032940  dMax=5.419302  Dlo=0.016470  Dhi=2.726121  err=0.000000  inc=-1.016084  bucket 0->0  (mf=1000)
Dropping frame 1403636973.201667
[MF-SEL] tPrev=(  d=0.012014  dMin=0.000000  dAvg=0.032929  dMax=5.419302  Dlo=0.016464  Dhi=2.726116  err=-1.000000  inc=-1.953003  bucket 0->0  (mf=1000)
Dropping frame 1403636973.301666
[MF-SEL] tPrev=(  d=0.006811  dMin=0.000000  dAvg=0.032914  dMax=5.419302  Dlo=0.016457  Dhi=2.726108  err=-1.000000  inc=-1.794821  bucket 0->0  (mf=1000)
[MF-SEL] tPrev=(  d=0.008008  dMin=0.000000  dAvg=0.032901  dMax=5.419302  Dlo=0.016450  Dhi=2.726101  err=-1.000000  inc=-1.797539  bucket 0->0  (mf=1000)
[MF-SEL] tPrev=(  d=0.009052  dMin=0.000000  dAvg=0.032887  dMax=5.419302  Dlo=0.016444  Dhi=2.726095  err=-1.000000  inc=-1.799873  bucket 0->0  (mf=1000)
Dropping frame 1403636973.501667
[MF-SEL] tPrev=(  d=0.020919  dMin=0.000000  dAvg=0.032881  dMax=5.419302  Dlo=0.016440  Dhi=2.726092  err=0.000000  inc=-1.027732  bucket 0->0  (mf=1000)
[MF-SEL] tPrev=(  d=0.009101  dMin=0.000000  dAvg=0.032868  dMax=5.419302  Dlo=0.016434  Dhi=2.726085  err=-1.000000  inc=-2.101200  bucket 0->0  (mf=1000)
[MF-SEL] tPrev=(  d=0.011908  dMin=0.000000  dAvg=0.032856  dMax=5.419302  Dlo=0.016428  Dhi=2.726079  err=-1.000000  inc=-1.804934  bucket 0->0  (mf=1000)
Dropping frame 1403636973.701667
[MF-SEL] tPrev=(  d=0.038744  dMin=0.000000  dAvg=0.032859  dMax=5.419302  Dlo=0.016430  Dhi=2.726081  err=0.000000  inc=-1.035470  bucket 0->0  (mf=1000)
[MF-SEL] tPrev=(  d=0.008622  dMin=0.000000  dAvg=0.032846  dMax=5.419302  Dlo=0.016423  Dhi=2.726074  err=-1.000000  inc=-2.124711  bucket 0->0  (mf=1000)
[MF-SEL] tPrev=(  d=0.008314  dMin=0.000000  dAvg=0.032833  dMax=5.419302  Dlo=0.016416  Dhi=2.726068  err=-1.000000  inc=-1.809772  bucket 0->0  (mf=1000)
Dropping frame 1403636973.901667
[MF-SEL] tPrev=(  d=0.039981  dMin=0.000000  dAvg=0.032837  dMax=5.419302  Dlo=0.016418  Dhi=2.726070  err=0.000000  inc=-1.041146  bucket 0->0  (mf=1000)
[MF-SEL] tPrev=(  d=0.006402  dMin=0.000000  dAvg=0.032822  dMax=5.419302  Dlo=0.016411  Dhi=2.726062  err=-1.000000  inc=-2.134292  bucket 0->0  (mf=1000)
Dropping frame 1403636974.051666
[MF-SEL] tPrev=(  d=0.006444  dMin=0.000000  dAvg=0.032808  dMax=5.419302  Dlo=0.016404  Dhi=2.726055  err=-1.000000  inc=-1.817386  bucket 0->0  (mf=1000)
[MF-SEL] tPrev=(  d=0.004072  dMin=0.000000  dAvg=0.032792  dMax=5.419302  Dlo=0.016396  Dhi=2.726047  err=-1.000000  inc=-1.819902  bucket 0->0  (mf=1000)
[MF-SEL] tPrev=(  d=0.004642  dMin=0.000000  dAvg=0.032777  dMax=5.419302  Dlo=0.016388  Dhi=2.726040  err=-1.000000  inc=-1.822455  bucket 0->0  (mf=1000)
[MF-SEL] tPrev=(  d=0.005313  dMin=0.000000  dAvg=0.032762  dMax=5.419302  Dlo=0.016381  Dhi=2.726032  err=-1.000000  inc=-1.824728  bucket 0->0  (mf=1000)
Dropping frame 1403636974.301666
[MF-SEL] tPrev=(  d=0.017232  dMin=0.000000  dAvg=0.032753  dMax=5.419302  Dlo=0.016377  Dhi=2.726028  err=0.000000  inc=-1.055508  bucket 0->0  (mf=1000)
Dropping frame 1403636974.401667
[MF-SEL] tPrev=(  d=0.023351  dMin=0.000000  dAvg=0.032748  dMax=5.419302  Dlo=0.016374  Dhi=2.726025  err=0.000000  inc=-1.224728  bucket 0->0  (mf=1000)
[MF-SEL] tPrev=(  d=0.013402  dMin=0.000000  dAvg=0.032737  dMax=5.419302  Dlo=0.016369  Dhi=2.726020  err=-1.000000  inc=-2.154257  bucket 0->0  (mf=1000)
[MF-SEL] tPrev=(  d=0.014015  dMin=0.000000  dAvg=0.032727  dMax=5.419302  Dlo=0.016364  Dhi=2.726015  err=-1.000000  inc=-1.829684  bucket 0->0  (mf=1000)
[MF-SEL] tPrev=(  d=0.014530  dMin=0.000000  dAvg=0.032717  dMax=5.419302  Dlo=0.016359  Dhi=2.726010  err=-1.000000  inc=-1.832191  bucket 0->0  (mf=1000)
[MF-SEL] tPrev=(  d=0.014778  dMin=0.000000  dAvg=0.032708  dMax=5.419302  Dlo=0.016354  Dhi=2.726005  err=-1.000000  inc=-1.834502  bucket 0->0  (mf=1000)
Dropping frame 1403636974.701667
[MF-SEL] tPrev=(  d=0.039424  dMin=0.000000  dAvg=0.032711  dMax=5.419302  Dlo=0.016356  Dhi=2.726007  err=0.000000  inc=-1.060592  bucket 0->0  (mf=1000)
[MF-SEL] tPrev=(  d=0.012216  dMin=0.000000  dAvg=0.032700  dMax=5.419302  Dlo=0.016350  Dhi=2.726001  err=-1.000000  inc=-2.149464  bucket 0->0  (mf=1000)
Dropping frame 1403636974.851666
[MF-SEL] tPrev=(  d=0.017879  dMin=0.000000  dAvg=0.032692  dMax=5.419302  Dlo=0.016346  Dhi=2.725997  err=0.000000  inc=-1.080156  bucket 0->0  (mf=1000)
[MF-SEL] tPrev=(  d=0.003433  dMin=0.000000  dAvg=0.032676  dMax=5.419302  Dlo=0.016338  Dhi=2.725989  err=-1.000000  inc=-2.129983  bucket 0->0  (mf=1000)
[MF-SEL] tPrev=(  d=0.001701  dMin=0.000000  dAvg=0.032659  dMax=5.419302  Dlo=0.016330  Dhi=2.725981  err=-1.000000  inc=-1.842275  bucket 0->0  (mf=1000)
Dropping frame 1403636975.051666
[MF-SEL] tPrev=(  d=0.010877  dMin=0.000000  dAvg=0.032647  dMax=5.419302  Dlo=0.016324  Dhi=2.725975  err=-1.000000  inc=-1.847154  bucket 0->0  (mf=1000)
[MF-SEL] tPrev=(  d=0.005158  dMin=0.000000  dAvg=0.032633  dMax=5.419302  Dlo=0.016316  Dhi=2.725967  err=-1.000000  inc=-1.849673  bucket 0->0  (mf=1000)
Dropping frame 1403636975.201667
[MF-SEL] tPrev=(  d=0.012298  dMin=0.000000  dAvg=0.032622  dMax=5.419302  Dlo=0.016311  Dhi=2.725962  err=-1.000000  inc=-1.854667  bucket 0->0  (mf=1000)
[MF-SEL] tPrev=(  d=0.006271  dMin=0.000000  dAvg=0.032607  dMax=5.419302  Dlo=0.016304  Dhi=2.725955  err=-1.000000  inc=-1.857391  bucket 0->0  (mf=1000)
[MF-SEL] tPrev=(  d=0.005758  dMin=0.000000  dAvg=0.032593  dMax=5.419302  Dlo=0.016296  Dhi=2.725948  err=-1.000000  inc=-1.860155  bucket 0->0  (mf=1000)
[MF-SEL] tPrev=(  d=0.005701  dMin=0.000000  dAvg=0.032578  dMax=5.419302  Dlo=0.016289  Dhi=2.725940  err=-1.000000  inc=-1.862888  bucket 0->0  (mf=1000)
Dropping frame 1403636975.451666
[MF-SEL] tPrev=(  d=0.012171  dMin=0.000000  dAvg=0.032567  dMax=5.419302  Dlo=0.016284  Dhi=2.725935  err=-1.000000  inc=-1.867575  bucket 0->0  (mf=1000)
Dropping frame 1403636975.551666
[MF-SEL] tPrev=(  d=0.017395  dMin=0.000000  dAvg=0.032559  dMax=5.419302  Dlo=0.016279  Dhi=2.725931  err=0.000000  inc=-1.079532  bucket 0->0  (mf=1000)
[MF-SEL] tPrev=(  d=0.002925  dMin=0.000000  dAvg=0.032543  dMax=5.419302  Dlo=0.016271  Dhi=2.725923  err=-1.000000  inc=-2.176127  bucket 0->0  (mf=1000)
[MF-SEL] tPrev=(  d=0.002948  dMin=0.000000  dAvg=0.032527  dMax=5.419302  Dlo=0.016263  Dhi=2.725915  err=-1.000000  inc=-1.872814  bucket 0->0  (mf=1000)
[MF-SEL] tPrev=(  d=0.003602  dMin=0.000000  dAvg=0.032511  dMax=5.419302  Dlo=0.016256  Dhi=2.725907  err=-1.000000  inc=-1.875334  bucket 0->0  (mf=1000)
[MF-SEL] tPrev=(  d=0.005349  dMin=0.000000  dAvg=0.032497  dMax=5.419302  Dlo=0.016248  Dhi=2.725900  err=-1.000000  inc=-1.877893  bucket 0->0  (mf=1000)
[MF-SEL] tPrev=(  d=0.006134  dMin=0.000000  dAvg=0.032482  dMax=5.419302  Dlo=0.016241  Dhi=2.725892  err=-1.000000  inc=-1.880437  bucket 0->0  (mf=1000)
[MF-SEL] tPrev=(  d=0.007964  dMin=0.000000  dAvg=0.032469  dMax=5.419302  Dlo=0.016235  Dhi=2.725886  err=-1.000000  inc=-1.882879  bucket 0->0  (mf=1000)
Dropping frame 1403636975.951666
[MF-SEL] tPrev=(  d=0.016682  dMin=0.000000  dAvg=0.032461  dMax=5.419302  Dlo=0.016230  Dhi=2.725882  err=0.000000  inc=-1.116255  bucket 0->0  (mf=1000)
Dropping frame 1403636976.051666
[MF-SEL] tPrev=(  d=0.023946  dMin=0.000000  dAvg=0.032456  dMax=5.419302  Dlo=0.016228  Dhi=2.725879  err=0.000000  inc=-1.282879  bucket 0->0  (mf=1000)
Dropping frame 1403636976.151666
[MF-SEL] tPrev=(  d=0.021085  dMin=0.000000  dAvg=0.032450  dMax=5.419302  Dlo=0.016225  Dhi=2.725876  err=0.000000  inc=-1.282879  bucket 0->0  (mf=1000)
[MF-SEL] tPrev=(  d=0.009910  dMin=0.000000  dAvg=0.032438  dMax=5.419302  Dlo=0.016219  Dhi=2.725870  err=-1.000000  inc=-2.180459  bucket 0->0  (mf=1000)
[MF-SEL] tPrev=(  d=0.010978  dMin=0.000000  dAvg=0.032426  dMax=5.419302  Dlo=0.016213  Dhi=2.725864  err=-1.000000  inc=-1.888281  bucket 0->0  (mf=1000)
[MF-SEL] tPrev=(  d=0.011408  dMin=0.000000  dAvg=0.032415  dMax=5.419302  Dlo=0.016207  Dhi=2.725859  err=-1.000000  inc=-1.890846  bucket 0->0  (mf=1000)
Dropping frame 1403636976.401667
[MF-SEL] tPrev=(  d=0.025126  dMin=0.000000  dAvg=0.032411  dMax=5.419302  Dlo=0.016206  Dhi=2.725857  err=0.000000  inc=-1.132055  bucket 0->0  (mf=1000)
Dropping frame 1403636976.501667
[MF-SEL] tPrev=(  d=0.042131  dMin=0.000000  dAvg=0.032416  dMax=5.419302  Dlo=0.016208  Dhi=2.725859  err=0.000000  inc=-1.290846  bucket 0->0  (mf=1000)
[MF-SEL] tPrev=(  d=0.019902  dMin=0.000000  dAvg=0.032410  dMax=5.419302  Dlo=0.016205  Dhi=2.725856  err=0.000000  inc=-1.290846  bucket 0->0  (mf=1000)
[MF-SEL] tPrev=(  d=0.020390  dMin=0.000000  dAvg=0.032403  dMax=5.419302  Dlo=0.016202  Dhi=2.725853  err=0.000000  inc=-1.290846  bucket 0->0  (mf=1000)
Dropping frame 1403636976.701667
[MF-SEL] tPrev=(  d=0.041898  dMin=0.000000  dAvg=0.032408  dMax=5.419302  Dlo=0.016204  Dhi=2.725855  err=0.000000  inc=-1.290846  bucket 0->0  (mf=1000)
[MF-SEL] tPrev=(  d=0.020490  dMin=0.000000  dAvg=0.032402  dMax=5.419302  Dlo=0.016201  Dhi=2.725852  err=0.000000  inc=-1.290846  bucket 0->0  (mf=1000)
Dropping frame 1403636976.851666
[MF-SEL] tPrev=(  d=0.041080  dMin=0.000000  dAvg=0.032406  dMax=5.419302  Dlo=0.016203  Dhi=2.725854  err=0.000000  inc=-1.290846  bucket 0->0  (mf=1000)
[MF-SEL] tPrev=(  d=0.017522  dMin=0.000000  dAvg=0.032399  dMax=5.419302  Dlo=0.016199  Dhi=2.725850  err=0.000000  inc=-1.290846  bucket 0->0  (mf=1000)
[MF-SEL] tPrev=(  d=0.015883  dMin=0.000000  dAvg=0.032390  dMax=5.419302  Dlo=0.016195  Dhi=2.725846  err=-1.000000  inc=-2.216298  bucket 0->0  (mf=1000)
Dropping frame 1403636977.051666
[MF-SEL] tPrev=(  d=0.055158  dMin=0.000000  dAvg=0.032402  dMax=5.419302  Dlo=0.016201  Dhi=2.725852  err=0.000000  inc=-1.126167  bucket 0->0  (mf=1000)
Dropping frame 1403636977.151666
[MF-SEL] tPrev=(  d=0.032661  dMin=0.000000  dAvg=0.032402  dMax=5.419302  Dlo=0.016201  Dhi=2.725852  err=0.000000  inc=-1.293323  bucket 0->0  (mf=1000)
Dropping frame 1403636977.251667
[MF-SEL] tPrev=(  d=0.036646  dMin=0.000000  dAvg=0.032404  dMax=5.419302  Dlo=0.016202  Dhi=2.725853  err=0.000000  inc=-1.293323  bucket 0->0  (mf=1000)
[MF-SEL] tPrev=(  d=0.017392  dMin=0.000000  dAvg=0.032396  dMax=5.419302  Dlo=0.016198  Dhi=2.725849  err=0.000000  inc=-1.293323  bucket 0->0  (mf=1000)
[MF-SEL] tPrev=(  d=0.017798  dMin=0.000000  dAvg=0.032388  dMax=5.419302  Dlo=0.016194  Dhi=2.725845  err=0.000000  inc=-1.293323  bucket 0->0  (mf=1000)
Dropping frame 1403636977.451666
[MF-SEL] tPrev=(  d=0.037962  dMin=0.000000  dAvg=0.032391  dMax=5.419302  Dlo=0.016196  Dhi=2.725847  err=0.000000  inc=-1.293323  bucket 0->0  (mf=1000)
Dropping frame 1403636977.551666
[MF-SEL] tPrev=(  d=0.045580  dMin=0.000000  dAvg=0.032398  dMax=5.419302  Dlo=0.016199  Dhi=2.725850  err=0.000000  inc=-1.293323  bucket 0->0  (mf=1000)
[MF-SEL] tPrev=(  d=0.022504  dMin=0.000000  dAvg=0.032393  dMax=5.419302  Dlo=0.016197  Dhi=2.725848  err=0.000000  inc=-1.293323  bucket 0->0  (mf=1000)
[MF-SEL] tPrev=(  d=0.023269  dMin=0.000000  dAvg=0.032388  dMax=5.419302  Dlo=0.016194  Dhi=2.725845  err=0.000000  inc=-1.293323  bucket 0->0  (mf=1000)
[MF-SEL] tPrev=(  d=0.024207  dMin=0.000000  dAvg=0.032384  dMax=5.419302  Dlo=0.016192  Dhi=2.725843  err=0.000000  inc=-1.293323  bucket 0->0  (mf=1000)
Dropping frame 1403636977.801666
[MF-SEL] tPrev=(  d=0.048021  dMin=0.000000  dAvg=0.032392  dMax=5.419302  Dlo=0.016196  Dhi=2.725847  err=0.000000  inc=-1.293323  bucket 0->0  (mf=1000)
[MF-SEL] tPrev=(  d=0.025255  dMin=0.000000  dAvg=0.032388  dMax=5.419302  Dlo=0.016194  Dhi=2.725845  err=0.000000  inc=-1.293323  bucket 0->0  (mf=1000)
[MF-SEL] tPrev=(  d=0.024934  dMin=0.000000  dAvg=0.032385  dMax=5.419302  Dlo=0.016192  Dhi=2.725844  err=0.000000  inc=-1.293323  bucket 0->0  (mf=1000)
Dropping frame 1403636978.001667
[MF-SEL] tPrev=(  d=0.047617  dMin=0.000000  dAvg=0.032393  dMax=5.419302  Dlo=0.016196  Dhi=2.725848  err=0.000000  inc=-1.293323  bucket 0->0  (mf=1000)
Dropping frame 1403636978.101666
[MF-SEL] tPrev=(  d=0.041874  dMin=0.000000  dAvg=0.032398  dMax=5.419302  Dlo=0.016199  Dhi=2.725850  err=0.000000  inc=-1.293323  bucket 0->0  (mf=1000)
[MF-SEL] tPrev=(  d=0.021022  dMin=0.000000  dAvg=0.032392  dMax=5.419302  Dlo=0.016196  Dhi=2.725847  err=0.000000  inc=-1.293323  bucket 0->0  (mf=1000)
Dropping frame 1403636978.251667
[MF-SEL] tPrev=(  d=0.044589  dMin=0.000000  dAvg=0.032398  dMax=5.419302  Dlo=0.016199  Dhi=2.725850  err=0.000000  inc=-1.293323  bucket 0->0  (mf=1000)
[MF-SEL] tPrev=(  d=0.024745  dMin=0.000000  dAvg=0.032394  dMax=5.419302  Dlo=0.016197  Dhi=2.725848  err=0.000000  inc=-1.293323  bucket 0->0  (mf=1000)
[MF-SEL] tPrev=(  d=0.023778  dMin=0.000000  dAvg=0.032389  dMax=5.419302  Dlo=0.016195  Dhi=2.725846  err=0.000000  inc=-1.293323  bucket 0->0  (mf=1000)
Dropping frame 1403636978.451666
[MF-SEL] tPrev=(  d=0.047151  dMin=0.000000  dAvg=0.032397  dMax=5.419302  Dlo=0.016199  Dhi=2.725850  err=0.000000  inc=-1.293323  bucket 0->0  (mf=1000)
[MF-SEL] tPrev=(  d=0.024347  dMin=0.000000  dAvg=0.032393  dMax=5.419302  Dlo=0.016197  Dhi=2.725848  err=0.000000  inc=-1.293323  bucket 0->0  (mf=1000)
[MF-SEL] tPrev=(  d=0.023776  dMin=0.000000  dAvg=0.032388  dMax=5.419302  Dlo=0.016194  Dhi=2.725845  err=0.000000  inc=-1.293323  bucket 0->0  (mf=1000)
Dropping frame 1403636978.651666
[MF-SEL] tPrev=(  d=0.054185  dMin=0.000000  dAvg=0.032400  dMax=5.419302  Dlo=0.016200  Dhi=2.725851  err=0.000000  inc=-1.293323  bucket 0->0  (mf=1000)
Dropping frame 1403636978.751667
[MF-SEL] tPrev=(  d=0.046947  dMin=0.000000  dAvg=0.032408  dMax=5.419302  Dlo=0.016204  Dhi=2.725855  err=0.000000  inc=-1.293323  bucket 0->0  (mf=1000)
Dropping frame 1403636978.851666
[MF-SEL] tPrev=(  d=0.060635  dMin=0.000000  dAvg=0.032423  dMax=5.419302  Dlo=0.016211  Dhi=2.725863  err=0.000000  inc=-1.293323  bucket 0->0  (mf=1000)
[MF-SEL] tPrev=(  d=0.031718  dMin=0.000000  dAvg=0.032422  dMax=5.419302  Dlo=0.016211  Dhi=2.725862  err=0.000000  inc=-1.293323  bucket 0->0  (mf=1000)
[MF-SEL] tPrev=(  d=0.032802  dMin=0.000000  dAvg=0.032422  dMax=5.419302  Dlo=0.016211  Dhi=2.725862  err=0.000000  inc=-1.293323  bucket 0->0  (mf=1000)
[MF-SEL] tPrev=(  d=0.032500  dMin=0.000000  dAvg=0.032422  dMax=5.419302  Dlo=0.016211  Dhi=2.725862  err=0.000000  inc=-1.293323  bucket 0->0  (mf=1000)
[MF-SEL] tPrev=(  d=0.033584  dMin=0.000000  dAvg=0.032423  dMax=5.419302  Dlo=0.016212  Dhi=2.725863  err=0.000000  inc=-1.293323  bucket 0->0  (mf=1000)
[MF-SEL] tPrev=(  d=0.031697  dMin=0.000000  dAvg=0.032423  dMax=5.419302  Dlo=0.016211  Dhi=2.725863  err=0.000000  inc=-1.293323  bucket 0->0  (mf=1000)
Dropping frame 1403636979.201667
[MF-SEL] tPrev=(  d=0.069983  dMin=0.000000  dAvg=0.032442  dMax=5.419302  Dlo=0.016221  Dhi=2.725872  err=0.000000  inc=-1.293323  bucket 0->0  (mf=1000)
[MF-SEL] tPrev=(  d=0.033049  dMin=0.000000  dAvg=0.032443  dMax=5.419302  Dlo=0.016221  Dhi=2.725873  err=0.000000  inc=-1.293323  bucket 0->0  (mf=1000)
[MF-SEL] tPrev=(  d=0.030976  dMin=0.000000  dAvg=0.032442  dMax=5.419302  Dlo=0.016221  Dhi=2.725872  err=0.000000  inc=-1.293323  bucket 0->0  (mf=1000)
[MF-SEL] tPrev=(  d=0.030213  dMin=0.000000  dAvg=0.032441  dMax=5.419302  Dlo=0.016220  Dhi=2.725872  err=0.000000  inc=-1.293323  bucket 0->0  (mf=1000)
[MF-SEL] tPrev=(  d=0.041436  dMin=0.000000  dAvg=0.032446  dMax=5.419302  Dlo=0.016223  Dhi=2.725874  err=0.000000  inc=-1.293323  bucket 0->0  (mf=1000)
[MF-SEL] tPrev=(  d=0.029295  dMin=0.000000  dAvg=0.032444  dMax=5.419302  Dlo=0.016222  Dhi=2.725873  err=0.000000  inc=-1.293323  bucket 0->0  (mf=1000)
[MF-SEL] tPrev=(  d=0.029335  dMin=0.000000  dAvg=0.032442  dMax=5.419302  Dlo=0.016221  Dhi=2.725872  err=0.000000  inc=-1.293323  bucket 0->0  (mf=1000)
[MF-SEL] tPrev=(  d=0.029742  dMin=0.000000  dAvg=0.032441  dMax=5.419302  Dlo=0.016220  Dhi=2.725872  err=0.000000  inc=-1.293323  bucket 0->0  (mf=1000)
[MF-SEL] tPrev=(  d=0.041916  dMin=0.000000  dAvg=0.032446  dMax=5.419302  Dlo=0.016223  Dhi=2.725874  err=0.000000  inc=-1.293323  bucket 0->0  (mf=1000)
Dropping frame 1403636979.701667
[MF-SEL] tPrev=(  d=0.061462  dMin=0.000000  dAvg=0.032461  dMax=5.419302  Dlo=0.016230  Dhi=2.725882  err=0.000000  inc=-1.293323  bucket 0->0  (mf=1000)
[MF-SEL] tPrev=(  d=0.033751  dMin=0.000000  dAvg=0.032462  dMax=5.419302  Dlo=0.016231  Dhi=2.725882  err=0.000000  inc=-1.293323  bucket 0->0  (mf=1000)
[MF-SEL] tPrev=(  d=0.051219  dMin=0.000000  dAvg=0.032471  dMax=5.419302  Dlo=0.016236  Dhi=2.725887  err=0.000000  inc=-1.293323  bucket 0->0  (mf=1000)
Dropping frame 1403636979.901667
[MF-SEL] tPrev=(  d=0.076646  dMin=0.000000  dAvg=0.032495  dMax=5.419302  Dlo=0.016247  Dhi=2.725899  err=0.000000  inc=-1.293323  bucket 0->0  (mf=1000)
[MF-SEL] tPrev=(  d=0.039008  dMin=0.000000  dAvg=0.032498  dMax=5.419302  Dlo=0.016249  Dhi=2.725900  err=0.000000  inc=-1.293323  bucket 0->0  (mf=1000)
[MF-SEL] tPrev=(  d=0.056809  dMin=0.000000  dAvg=0.032511  dMax=5.419302  Dlo=0.016255  Dhi=2.725907  err=0.000000  inc=-1.293323  bucket 0->0  (mf=1000)
[MF-SEL] tPrev=(  d=0.038674  dMin=0.000000  dAvg=0.032514  dMax=5.419302  Dlo=0.016257  Dhi=2.725908  err=0.000000  inc=-1.293323  bucket 0->0  (mf=1000)
Dropping frame 1403636980.151666
[MF-SEL] tPrev=(  d=0.079721  dMin=0.000000  dAvg=0.032538  dMax=5.419302  Dlo=0.016269  Dhi=2.725920  err=0.000000  inc=-1.293323  bucket 0->0  (mf=1000)
[MF-SEL] tPrev=(  d=0.040310  dMin=0.000000  dAvg=0.032543  dMax=5.419302  Dlo=0.016271  Dhi=2.725923  err=0.000000  inc=-1.293323  bucket 0->0  (mf=1000)
[MF-SEL] tPrev=(  d=0.042273  dMin=0.000000  dAvg=0.032548  dMax=5.419302  Dlo=0.016274  Dhi=2.725925  err=0.000000  inc=-1.293323  bucket 0->0  (mf=1000)
[MF-SEL] tPrev=(  d=0.040440  dMin=0.000000  dAvg=0.032552  dMax=5.419302  Dlo=0.016276  Dhi=2.725927  err=0.000000  inc=-1.293323  bucket 0->0  (mf=1000)
Dropping frame 1403636980.401667
[MF-SEL] tPrev=(  d=0.080263  dMin=0.000000  dAvg=0.032577  dMax=5.419302  Dlo=0.016288  Dhi=2.725940  err=0.000000  inc=-1.293323  bucket 0->0  (mf=1000)
[MF-SEL] tPrev=(  d=0.039136  dMin=0.000000  dAvg=0.032580  dMax=5.419302  Dlo=0.016290  Dhi=2.725941  err=0.000000  inc=-1.293323  bucket 0->0  (mf=1000)
[MF-SEL] tPrev=(  d=0.053480  dMin=0.000000  dAvg=0.032591  dMax=5.419302  Dlo=0.016295  Dhi=2.725947  err=0.000000  inc=-1.293323  bucket 0->0  (mf=1000)
[MF-SEL] tPrev=(  d=0.037597  dMin=0.000000  dAvg=0.032593  dMax=5.419302  Dlo=0.016297  Dhi=2.725948  err=0.000000  inc=-1.293323  bucket 0->0  (mf=1000)
[MF-SEL] tPrev=(  d=0.037375  dMin=0.000000  dAvg=0.032596  dMax=5.419302  Dlo=0.016298  Dhi=2.725949  err=0.000000  inc=-1.293323  bucket 0->0  (mf=1000)
[MF-SEL] tPrev=(  d=0.036667  dMin=0.000000  dAvg=0.032598  dMax=5.419302  Dlo=0.016299  Dhi=2.725950  err=0.000000  inc=-1.293323  bucket 0->0  (mf=1000)
[MF-SEL] tPrev=(  d=0.033512  dMin=0.000000  dAvg=0.032599  dMax=5.419302  Dlo=0.016299  Dhi=2.725950  err=0.000000  inc=-1.293323  bucket 0->0  (mf=1000)
[MF-SEL] tPrev=(  d=0.033633  dMin=0.000000  dAvg=0.032599  dMax=5.419302  Dlo=0.016300  Dhi=2.725951  err=0.000000  inc=-1.293323  bucket 0->0  (mf=1000)
[MF-SEL] tPrev=(  d=0.035689  dMin=0.000000  dAvg=0.032601  dMax=5.419302  Dlo=0.016300  Dhi=2.725952  err=0.000000  inc=-1.293323  bucket 0->0  (mf=1000)
[MF-SEL] tPrev=(  d=0.036867  dMin=0.000000  dAvg=0.032603  dMax=5.419302  Dlo=0.016301  Dhi=2.725953  err=0.000000  inc=-1.293323  bucket 0->0  (mf=1000)
[MF-SEL] tPrev=(  d=0.035912  dMin=0.000000  dAvg=0.032605  dMax=5.419302  Dlo=0.016302  Dhi=2.725954  err=0.000000  inc=-1.293323  bucket 0->0  (mf=1000)
[MF-SEL] tPrev=(  d=0.035475  dMin=0.000000  dAvg=0.032606  dMax=5.419302  Dlo=0.016303  Dhi=2.725954  err=0.000000  inc=-1.293323  bucket 0->0  (mf=1000)
[MF-SEL] tPrev=(  d=0.032702  dMin=0.000000  dAvg=0.032606  dMax=5.419302  Dlo=0.016303  Dhi=2.725954  err=0.000000  inc=-1.293323  bucket 0->0  (mf=1000)
Dropping frame 1403636981.101666
[MF-SEL] tPrev=(  d=0.072507  dMin=0.000000  dAvg=0.032627  dMax=5.419302  Dlo=0.016313  Dhi=2.725965  err=0.000000  inc=-1.293323  bucket 0->0  (mf=1000)
Dropping frame 1403636981.201667
[MF-SEL] tPrev=(  d=0.074211  dMin=0.000000  dAvg=0.032648  dMax=5.419302  Dlo=0.016324  Dhi=2.725975  err=0.000000  inc=-1.293323  bucket 0->0  (mf=1000)
[MF-SEL] tPrev=(  d=0.036213  dMin=0.000000  dAvg=0.032650  dMax=5.419302  Dlo=0.016325  Dhi=2.725976  err=0.000000  inc=-1.293323  bucket 0->0  (mf=1000)
[MF-SEL] tPrev=(  d=0.030322  dMin=0.000000  dAvg=0.032649  dMax=5.419302  Dlo=0.016324  Dhi=2.725976  err=0.000000  inc=-1.293323  bucket 0->0  (mf=1000)
[MF-SEL] tPrev=(  d=0.034838  dMin=0.000000  dAvg=0.032650  dMax=5.419302  Dlo=0.016325  Dhi=2.725976  err=0.000000  inc=-1.293323  bucket 0->0  (mf=1000)
[MF-SEL] tPrev=(  d=0.034497  dMin=0.000000  dAvg=0.032651  dMax=5.419302  Dlo=0.016325  Dhi=2.725977  err=0.000000  inc=-1.293323  bucket 0->0  (mf=1000)
Dropping frame 1403636981.501667
[MF-SEL] tPrev=(  d=0.056652  dMin=0.000000  dAvg=0.032663  dMax=5.419302  Dlo=0.016332  Dhi=2.725983  err=0.000000  inc=-1.293323  bucket 0->0  (mf=1000)
[MF-SEL] tPrev=(  d=0.020844  dMin=0.000000  dAvg=0.032657  dMax=5.419302  Dlo=0.016329  Dhi=2.725980  err=0.000000  inc=-1.293323  bucket 0->0  (mf=1000)
[MF-SEL] tPrev=(  d=0.029325  dMin=0.000000  dAvg=0.032656  dMax=5.419302  Dlo=0.016328  Dhi=2.725979  err=0.000000  inc=-1.293323  bucket 0->0  (mf=1000)
[MF-SEL] tPrev=(  d=0.028450  dMin=0.000000  dAvg=0.032653  dMax=5.419302  Dlo=0.016327  Dhi=2.725978  err=0.000000  inc=-1.293323  bucket 0->0  (mf=1000)
[MF-SEL] tPrev=(  d=0.027593  dMin=0.000000  dAvg=0.032651  dMax=5.419302  Dlo=0.016325  Dhi=2.725977  err=0.000000  inc=-1.293323  bucket 0->0  (mf=1000)
[MF-SEL] tPrev=(  d=0.027549  dMin=0.000000  dAvg=0.032648  dMax=5.419302  Dlo=0.016324  Dhi=2.725975  err=0.000000  inc=-1.293323  bucket 0->0  (mf=1000)
[MF-SEL] tPrev=(  d=0.027772  dMin=0.000000  dAvg=0.032646  dMax=5.419302  Dlo=0.016323  Dhi=2.725974  err=0.000000  inc=-1.293323  bucket 0->0  (mf=1000)
[MF-SEL] tPrev=(  d=0.027637  dMin=0.000000  dAvg=0.032643  dMax=5.419302  Dlo=0.016322  Dhi=2.725973  err=0.000000  inc=-1.293323  bucket 0->0  (mf=1000)
[MF-SEL] tPrev=(  d=0.028503  dMin=0.000000  dAvg=0.032641  dMax=5.419302  Dlo=0.016320  Dhi=2.725972  err=0.000000  inc=-1.293323  bucket 0->0  (mf=1000)
[MF-SEL] tPrev=(  d=0.031030  dMin=0.000000  dAvg=0.032640  dMax=5.419302  Dlo=0.016320  Dhi=2.725971  err=0.000000  inc=-1.293323  bucket 0->0  (mf=1000)
Dropping frame 1403636982.051666
[MF-SEL] tPrev=(  d=0.063988  dMin=0.000000  dAvg=0.032656  dMax=5.419302  Dlo=0.016328  Dhi=2.725979  err=0.000000  inc=-1.293323  bucket 0->0  (mf=1000)
Dropping frame 1403636982.151666
[MF-SEL] tPrev=(  d=0.066203  dMin=0.000000  dAvg=0.032673  dMax=5.419302  Dlo=0.016337  Dhi=2.725988  err=0.000000  inc=-1.293323  bucket 0->0  (mf=1000)
Dropping frame 1403636982.251667
[MF-SEL] tPrev=(  d=0.073574  dMin=0.000000  dAvg=0.032694  dMax=5.419302  Dlo=0.016347  Dhi=2.725998  err=0.000000  inc=-1.293323  bucket 0->0  (mf=1000)
[MF-SEL] tPrev=(  d=0.029173  dMin=0.000000  dAvg=0.032693  dMax=5.419302  Dlo=0.016346  Dhi=2.725997  err=0.000000  inc=-1.293323  bucket 0->0  (mf=1000)
[MF-SEL] tPrev=(  d=0.040709  dMin=0.000000  dAvg=0.032697  dMax=5.419302  Dlo=0.016348  Dhi=2.726000  err=0.000000  inc=-1.293323  bucket 0->0  (mf=1000)
Dropping frame 1403636982.451666
[MF-SEL] tPrev=(  d=0.088594  dMin=0.000000  dAvg=0.032725  dMax=5.419302  Dlo=0.016363  Dhi=2.726014  err=0.000000  inc=-1.293323  bucket 0->0  (mf=1000)
[MF-SEL] tPrev=(  d=0.046206  dMin=0.000000  dAvg=0.032732  dMax=5.419302  Dlo=0.016366  Dhi=2.726017  err=0.000000  inc=-1.293323  bucket 0->0  (mf=1000)
[MF-SEL] tPrev=(  d=0.046679  dMin=0.000000  dAvg=0.032739  dMax=5.419302  Dlo=0.016370  Dhi=2.726021  err=0.000000  inc=-1.293323  bucket 0->0  (mf=1000)
[MF-SEL] tPrev=(  d=0.046580  dMin=0.000000  dAvg=0.032746  dMax=5.419302  Dlo=0.016373  Dhi=2.726024  err=0.000000  inc=-1.293323  bucket 0->0  (mf=1000)
[MF-SEL] tPrev=(  d=0.045903  dMin=0.000000  dAvg=0.032753  dMax=5.419302  Dlo=0.016377  Dhi=2.726028  err=0.000000  inc=-1.293323  bucket 0->0  (mf=1000)
[MF-SEL] tPrev=(  d=0.055475  dMin=0.000000  dAvg=0.032765  dMax=5.419302  Dlo=0.016382  Dhi=2.726034  err=0.000000  inc=-1.293323  bucket 0->0  (mf=1000)
[MF-SEL] tPrev=(  d=0.047122  dMin=0.000000  dAvg=0.032772  dMax=5.419302  Dlo=0.016386  Dhi=2.726037  err=0.000000  inc=-1.293323  bucket 0->0  (mf=1000)
[MF-SEL] tPrev=(  d=0.046593  dMin=0.000000  dAvg=0.032779  dMax=5.419302  Dlo=0.016389  Dhi=2.726041  err=0.000000  inc=-1.293323  bucket 0->0  (mf=1000)
Dropping frame 1403636982.901667
[MF-SEL] tPrev=(  d=0.093972  dMin=0.000000  dAvg=0.032810  dMax=5.419302  Dlo=0.016405  Dhi=2.726056  err=0.000000  inc=-1.293323  bucket 0->0  (mf=1000)
Dropping frame 1403636983.001667
[MF-SEL] tPrev=(  d=0.105869  dMin=0.000000  dAvg=0.032847  dMax=5.419302  Dlo=0.016424  Dhi=2.726075  err=0.000000  inc=-1.293323  bucket 0->0  (mf=1000)
Dropping frame 1403636983.101666
[MF-SEL] tPrev=(  d=0.094815  dMin=0.000000  dAvg=0.032879  dMax=5.419302  Dlo=0.016439  Dhi=2.726091  err=0.000000  inc=-1.293323  bucket 0->0  (mf=1000)
[MF-SEL] tPrev=(  d=0.047622  dMin=0.000000  dAvg=0.032886  dMax=5.419302  Dlo=0.016443  Dhi=2.726094  err=0.000000  inc=-1.293323  bucket 0->0  (mf=1000)
[MF-SEL] tPrev=(  d=0.040594  dMin=0.000000  dAvg=0.032890  dMax=5.419302  Dlo=0.016445  Dhi=2.726096  err=0.000000  inc=-1.293323  bucket 0->0  (mf=1000)
Dropping frame 1403636983.301666
[MF-SEL] tPrev=(  d=0.092488  dMin=0.000000  dAvg=0.032921  dMax=5.419302  Dlo=0.016460  Dhi=2.726112  err=0.000000  inc=-1.293323  bucket 0->0  (mf=1000)
[MF-SEL] tPrev=(  d=0.046517  dMin=0.000000  dAvg=0.032927  dMax=5.419302  Dlo=0.016464  Dhi=2.726115  err=0.000000  inc=-1.293323  bucket 0->0  (mf=1000)
[MF-SEL] tPrev=(  d=0.046512  dMin=0.000000  dAvg=0.032934  dMax=5.419302  Dlo=0.016467  Dhi=2.726118  err=0.000000  inc=-1.293323  bucket 0->0  (mf=1000)
[MF-SEL] tPrev=(  d=0.046940  dMin=0.000000  dAvg=0.032941  dMax=5.419302  Dlo=0.016471  Dhi=2.726122  err=0.000000  inc=-1.293323  bucket 0->0  (mf=1000)
[MF-SEL] tPrev=(  d=0.044871  dMin=0.000000  dAvg=0.032948  dMax=5.419302  Dlo=0.016474  Dhi=2.726125  err=0.000000  inc=-1.293323  bucket 0->0  (mf=1000)
[MF-SEL] tPrev=(  d=0.049117  dMin=0.000000  dAvg=0.032956  dMax=5.419302  Dlo=0.016478  Dhi=2.726129  err=0.000000  inc=-1.293323  bucket 0->0  (mf=1000)
[MF-SEL] tPrev=(  d=0.041129  dMin=0.000000  dAvg=0.032960  dMax=5.419302  Dlo=0.016480  Dhi=2.726131  err=0.000000  inc=-1.293323  bucket 0->0  (mf=1000)
[MF-SEL] tPrev=(  d=0.041584  dMin=0.000000  dAvg=0.032964  dMax=5.419302  Dlo=0.016482  Dhi=2.726133  err=0.000000  inc=-1.293323  bucket 0->0  (mf=1000)
Dropping frame 1403636983.751667
[MF-SEL] tPrev=(  d=0.107113  dMin=0.000000  dAvg=0.033002  dMax=5.419302  Dlo=0.016501  Dhi=2.726152  err=0.000000  inc=-1.293323  bucket 0->0  (mf=1000)
[MF-SEL] tPrev=(  d=0.043475  dMin=0.000000  dAvg=0.033007  dMax=5.419302  Dlo=0.016504  Dhi=2.726155  err=0.000000  inc=-1.293323  bucket 0->0  (mf=1000)
[MF-SEL] tPrev=(  d=0.044033  dMin=0.000000  dAvg=0.033013  dMax=5.419302  Dlo=0.016506  Dhi=2.726158  err=0.000000  inc=-1.293323  bucket 0->0  (mf=1000)
Dropping frame 1403636983.951666
[MF-SEL] tPrev=(  d=0.091083  dMin=0.000000  dAvg=0.033042  dMax=5.419302  Dlo=0.016521  Dhi=2.726172  err=0.000000  inc=-1.293323  bucket 0->0  (mf=1000)
[MF-SEL] tPrev=(  d=0.051680  dMin=0.000000  dAvg=0.033051  dMax=5.419302  Dlo=0.016526  Dhi=2.726177  err=0.000000  inc=-1.293323  bucket 0->0  (mf=1000)
[MF-SEL] tPrev=(  d=0.049396  dMin=0.000000  dAvg=0.033060  dMax=5.419302  Dlo=0.016530  Dhi=2.726181  err=0.000000  inc=-1.293323  bucket 0->0  (mf=1000)
[MF-SEL] tPrev=(  d=0.050484  dMin=0.000000  dAvg=0.033068  dMax=5.419302  Dlo=0.016534  Dhi=2.726185  err=0.000000  inc=-1.293323  bucket 0->0  (mf=1000)
Dropping frame 1403636984.201667
[MF-SEL] tPrev=(  d=0.101269  dMin=0.000000  dAvg=0.033103  dMax=5.419302  Dlo=0.016551  Dhi=2.726203  err=0.000000  inc=-1.293323  bucket 0->0  (mf=1000)
[MF-SEL] tPrev=(  d=0.048895  dMin=0.000000  dAvg=0.033111  dMax=5.419302  Dlo=0.016555  Dhi=2.726207  err=0.000000  inc=-1.293323  bucket 0->0  (mf=1000)
[MF-SEL] tPrev=(  d=0.049512  dMin=0.000000  dAvg=0.033119  dMax=5.419302  Dlo=0.016560  Dhi=2.726211  err=0.000000  inc=-1.293323  bucket 0->0  (mf=1000)
Dropping frame 1403636984.401667
[MF-SEL] tPrev=(  d=0.128834  dMin=0.000000  dAvg=0.033167  dMax=5.419302  Dlo=0.016584  Dhi=2.726235  err=0.000000  inc=-1.293323  bucket 0->0  (mf=1000)
[MF-SEL] tPrev=(  d=0.052751  dMin=0.000000  dAvg=0.033177  dMax=5.419302  Dlo=0.016589  Dhi=2.726240  err=0.000000  inc=-1.293323  bucket 0->0  (mf=1000)
[MF-SEL] tPrev=(  d=0.052761  dMin=0.000000  dAvg=0.033187  dMax=5.419302  Dlo=0.016593  Dhi=2.726245  err=0.000000  inc=-1.293323  bucket 0->0  (mf=1000)
[MF-SEL] tPrev=(  d=0.052710  dMin=0.000000  dAvg=0.033197  dMax=5.419302  Dlo=0.016598  Dhi=2.726250  err=0.000000  inc=-1.293323  bucket 0->0  (mf=1000)
[MF-SEL] tPrev=(  d=0.052723  dMin=0.000000  dAvg=0.033207  dMax=5.419302  Dlo=0.016603  Dhi=2.726255  err=0.000000  inc=-1.293323  bucket 0->0  (mf=1000)
Dropping frame 1403636984.701667
[MF-SEL] tPrev=(  d=0.106274  dMin=0.000000  dAvg=0.033243  dMax=5.419302  Dlo=0.016622  Dhi=2.726273  err=0.000000  inc=-1.293323  bucket 0->0  (mf=1000)
[MF-SEL] tPrev=(  d=0.053123  dMin=0.000000  dAvg=0.033253  dMax=5.419302  Dlo=0.016627  Dhi=2.726278  err=0.000000  inc=-1.293323  bucket 0->0  (mf=1000)
Dropping frame 1403636984.851666
[MF-SEL] tPrev=(  d=0.114013  dMin=0.000000  dAvg=0.033294  dMax=5.419302  Dlo=0.016647  Dhi=2.726298  err=0.000000  inc=-1.293323  bucket 0->0  (mf=1000)
[MF-SEL] tPrev=(  d=0.050205  dMin=0.000000  dAvg=0.033302  dMax=5.419302  Dlo=0.016651  Dhi=2.726302  err=0.000000  inc=-1.293323  bucket 0->0  (mf=1000)
[MF-SEL] tPrev=(  d=0.048764  dMin=0.000000  dAvg=0.033310  dMax=5.419302  Dlo=0.016655  Dhi=2.726306  err=0.000000  inc=-1.293323  bucket 0->0  (mf=1000)
[MF-SEL] tPrev=(  d=0.048718  dMin=0.000000  dAvg=0.033318  dMax=5.419302  Dlo=0.016659  Dhi=2.726310  err=0.000000  inc=-1.293323  bucket 0->0  (mf=1000)
[MF-SEL] tPrev=(  d=0.047658  dMin=0.000000  dAvg=0.033325  dMax=5.419302  Dlo=0.016662  Dhi=2.726314  err=0.000000  inc=-1.293323  bucket 0->0  (mf=1000)
[MF-SEL] tPrev=(  d=0.048160  dMin=0.000000  dAvg=0.033332  dMax=5.419302  Dlo=0.016666  Dhi=2.726317  err=0.000000  inc=-1.293323  bucket 0->0  (mf=1000)
[MF-SEL] tPrev=(  d=0.048317  dMin=0.000000  dAvg=0.033340  dMax=5.419302  Dlo=0.016670  Dhi=2.726321  err=0.000000  inc=-1.293323  bucket 0->0  (mf=1000)
[MF-SEL] tPrev=(  d=0.046675  dMin=0.000000  dAvg=0.033347  dMax=5.419302  Dlo=0.016673  Dhi=2.726324  err=0.000000  inc=-1.293323  bucket 0->0  (mf=1000)
[MF-SEL] tPrev=(  d=0.048330  dMin=0.000000  dAvg=0.033354  dMax=5.419302  Dlo=0.016677  Dhi=2.726328  err=0.000000  inc=-1.293323  bucket 0->0  (mf=1000)
[MF-SEL] tPrev=(  d=0.048404  dMin=0.000000  dAvg=0.033362  dMax=5.419302  Dlo=0.016681  Dhi=2.726332  err=0.000000  inc=-1.293323  bucket 0->0  (mf=1000)
[MF-SEL] tPrev=(  d=0.047568  dMin=0.000000  dAvg=0.033369  dMax=5.419302  Dlo=0.016684  Dhi=2.726336  err=0.000000  inc=-1.293323  bucket 0->0  (mf=1000)
[MF-SEL] tPrev=(  d=0.047345  dMin=0.000000  dAvg=0.033376  dMax=5.419302  Dlo=0.016688  Dhi=2.726339  err=0.000000  inc=-1.293323  bucket 0->0  (mf=1000)
[MF-SEL] tPrev=(  d=0.046579  dMin=0.000000  dAvg=0.033382  dMax=5.419302  Dlo=0.016691  Dhi=2.726342  err=0.000000  inc=-1.293323  bucket 0->0  (mf=1000)
[MF-SEL] tPrev=(  d=0.047444  dMin=0.000000  dAvg=0.033389  dMax=5.419302  Dlo=0.016695  Dhi=2.726346  err=0.000000  inc=-1.293323  bucket 0->0  (mf=1000)
Dropping frame 1403636985.601666
[MF-SEL] tPrev=(  d=0.114627  dMin=0.000000  dAvg=0.033430  dMax=5.419302  Dlo=0.016715  Dhi=2.726366  err=0.000000  inc=-1.293323  bucket 0->0  (mf=1000)
[MF-SEL] tPrev=(  d=0.045929  dMin=0.000000  dAvg=0.033436  dMax=5.419302  Dlo=0.016718  Dhi=2.726369  err=0.000000  inc=-1.293323  bucket 0->0  (mf=1000)
Dropping frame 1403636985.751667
[MF-SEL] tPrev=(  d=0.091987  dMin=0.000000  dAvg=0.033465  dMax=5.419302  Dlo=0.016733  Dhi=2.726384  err=0.000000  inc=-1.293323  bucket 0->0  (mf=1000)
[MF-SEL] tPrev=(  d=0.071037  dMin=0.000000  dAvg=0.033484  dMax=5.419302  Dlo=0.016742  Dhi=2.726393  err=0.000000  inc=-1.293323  bucket 0->0  (mf=1000)
[MF-SEL] tPrev=(  d=0.046182  dMin=0.000000  dAvg=0.033490  dMax=5.419302  Dlo=0.016745  Dhi=2.726396  err=0.000000  inc=-1.293323  bucket 0->0  (mf=1000)
[MF-SEL] tPrev=(  d=0.045763  dMin=0.000000  dAvg=0.033496  dMax=5.419302  Dlo=0.016748  Dhi=2.726399  err=0.000000  inc=-1.293323  bucket 0->0  (mf=1000)
[MF-SEL] tPrev=(  d=0.044199  dMin=0.000000  dAvg=0.033501  dMax=5.419302  Dlo=0.016751  Dhi=2.726402  err=0.000000  inc=-1.293323  bucket 0->0  (mf=1000)
Dropping frame 1403636986.051666
[MF-SEL] tPrev=(  d=0.084683  dMin=0.000000  dAvg=0.033527  dMax=5.419302  Dlo=0.016763  Dhi=2.726415  err=0.000000  inc=-1.293323  bucket 0->0  (mf=1000)
[MF-SEL] tPrev=(  d=0.042152  dMin=0.000000  dAvg=0.033531  dMax=5.419302  Dlo=0.016766  Dhi=2.726417  err=0.000000  inc=-1.293323  bucket 0->0  (mf=1000)
[MF-SEL] tPrev=(  d=0.042105  dMin=0.000000  dAvg=0.033535  dMax=5.419302  Dlo=0.016768  Dhi=2.726419  err=0.000000  inc=-1.293323  bucket 0->0  (mf=1000)
[MF-SEL] tPrev=(  d=0.041479  dMin=0.000000  dAvg=0.033539  dMax=5.419302  Dlo=0.016770  Dhi=2.726421  err=0.000000  inc=-1.293323  bucket 0->0  (mf=1000)
[MF-SEL] tPrev=(  d=0.041616  dMin=0.000000  dAvg=0.033543  dMax=5.419302  Dlo=0.016772  Dhi=2.726423  err=0.000000  inc=-1.293323  bucket 0->0  (mf=1000)
[MF-SEL] tPrev=(  d=0.047794  dMin=0.000000  dAvg=0.033550  dMax=5.419302  Dlo=0.016775  Dhi=2.726426  err=0.000000  inc=-1.293323  bucket 0->0  (mf=1000)
Dropping frame 1403636986.401667
[MF-SEL] tPrev=(  d=0.084915  dMin=0.000000  dAvg=0.033576  dMax=5.419302  Dlo=0.016788  Dhi=2.726439  err=0.000000  inc=-1.293323  bucket 0->0  (mf=1000)
Dropping frame 1403636986.501667
[MF-SEL] tPrev=(  d=0.087075  dMin=0.000000  dAvg=0.033602  dMax=5.419302  Dlo=0.016801  Dhi=2.726452  err=0.000000  inc=-1.293323  bucket 0->0  (mf=1000)
[MF-SEL] tPrev=(  d=0.042382  dMin=0.000000  dAvg=0.033607  dMax=5.419302  Dlo=0.016803  Dhi=2.726455  err=0.000000  inc=-1.293323  bucket 0->0  (mf=1000)
[MF-SEL] tPrev=(  d=0.056339  dMin=0.000000  dAvg=0.033618  dMax=5.419302  Dlo=0.016809  Dhi=2.726460  err=0.000000  inc=-1.293323  bucket 0->0  (mf=1000)
[MF-SEL] tPrev=(  d=0.041234  dMin=0.000000  dAvg=0.033622  dMax=5.419302  Dlo=0.016811  Dhi=2.726462  err=0.000000  inc=-1.293323  bucket 0->0  (mf=1000)
Dropping frame 1403636986.751667
[MF-SEL] tPrev=(  d=0.081488  dMin=0.000000  dAvg=0.033645  dMax=5.419302  Dlo=0.016823  Dhi=2.726474  err=0.000000  inc=-1.293323  bucket 0->0  (mf=1000)
Dropping frame 1403636986.851666
[MF-SEL] tPrev=(  d=0.078618  dMin=0.000000  dAvg=0.033667  dMax=5.419302  Dlo=0.016834  Dhi=2.726485  err=0.000000  inc=-1.293323  bucket 0->0  (mf=1000)
Dropping frame 1403636986.951666
[MF-SEL] tPrev=(  d=0.082108  dMin=0.000000  dAvg=0.033691  dMax=5.419302  Dlo=0.016846  Dhi=2.726497  err=0.000000  inc=-1.293323  bucket 0->0  (mf=1000)
[MF-SEL] tPrev=(  d=0.036294  dMin=0.000000  dAvg=0.033693  dMax=5.419302  Dlo=0.016846  Dhi=2.726498  err=0.000000  inc=-1.293323  bucket 0->0  (mf=1000)
[MF-SEL] tPrev=(  d=0.035532  dMin=0.000000  dAvg=0.033694  dMax=5.419302  Dlo=0.016847  Dhi=2.726498  err=0.000000  inc=-1.293323  bucket 0->0  (mf=1000)
[MF-SEL] tPrev=(  d=0.036233  dMin=0.000000  dAvg=0.033695  dMax=5.419302  Dlo=0.016847  Dhi=2.726499  err=0.000000  inc=-1.293323  bucket 0->0  (mf=1000)
[MF-SEL] tPrev=(  d=0.034573  dMin=0.000000  dAvg=0.033695  dMax=5.419302  Dlo=0.016848  Dhi=2.726499  err=0.000000  inc=-1.293323  bucket 0->0  (mf=1000)
[MF-SEL] tPrev=(  d=0.043512  dMin=0.000000  dAvg=0.033700  dMax=5.419302  Dlo=0.016850  Dhi=2.726501  err=0.000000  inc=-1.293323  bucket 0->0  (mf=1000)
Dropping frame 1403636987.301666
[MF-SEL] tPrev=(  d=0.064398  dMin=0.000000  dAvg=0.033715  dMax=5.419302  Dlo=0.016858  Dhi=2.726509  err=0.000000  inc=-1.293323  bucket 0->0  (mf=1000)
Dropping frame 1403636987.401667
[MF-SEL] tPrev=(  d=0.061259  dMin=0.000000  dAvg=0.033729  dMax=5.419302  Dlo=0.016864  Dhi=2.726516  err=0.000000  inc=-1.293323  bucket 0->0  (mf=1000)
[MF-SEL] tPrev=(  d=0.030119  dMin=0.000000  dAvg=0.033727  dMax=5.419302  Dlo=0.016863  Dhi=2.726515  err=0.000000  inc=-1.293323  bucket 0->0  (mf=1000)
[MF-SEL] tPrev=(  d=0.029419  dMin=0.000000  dAvg=0.033725  dMax=5.419302  Dlo=0.016862  Dhi=2.726514  err=0.000000  inc=-1.293323  bucket 0->0  (mf=1000)
[MF-SEL] tPrev=(  d=0.028463  dMin=0.000000  dAvg=0.033722  dMax=5.419302  Dlo=0.016861  Dhi=2.726512  err=0.000000  inc=-1.293323  bucket 0->0  (mf=1000)
Dropping frame 1403636987.651666
[MF-SEL] tPrev=(  d=0.053859  dMin=0.000000  dAvg=0.033732  dMax=5.419302  Dlo=0.016866  Dhi=2.726517  err=0.000000  inc=-1.293323  bucket 0->0  (mf=1000)
Dropping frame 1403636987.751667
[MF-SEL] tPrev=(  d=0.054309  dMin=0.000000  dAvg=0.033742  dMax=5.419302  Dlo=0.016871  Dhi=2.726522  err=0.000000  inc=-1.293323  bucket 0->0  (mf=1000)
Dropping frame 1403636987.851666
[MF-SEL] tPrev=(  d=0.053429  dMin=0.000000  dAvg=0.033752  dMax=5.419302  Dlo=0.016876  Dhi=2.726527  err=0.000000  inc=-1.293323  bucket 0->0  (mf=1000)
[MF-SEL] tPrev=(  d=0.024641  dMin=0.000000  dAvg=0.033747  dMax=5.419302  Dlo=0.016874  Dhi=2.726525  err=0.000000  inc=-1.293323  bucket 0->0  (mf=1000)
[MF-SEL] tPrev=(  d=0.026650  dMin=0.000000  dAvg=0.033744  dMax=5.419302  Dlo=0.016872  Dhi=2.726523  err=0.000000  inc=-1.293323  bucket 0->0  (mf=1000)
Dropping frame 1403636988.051666
[MF-SEL] tPrev=(  d=0.053794  dMin=0.000000  dAvg=0.033754  dMax=5.419302  Dlo=0.016877  Dhi=2.726528  err=0.000000  inc=-1.293323  bucket 0->0  (mf=1000)
[MF-SEL] tPrev=(  d=0.026287  dMin=0.000000  dAvg=0.033750  dMax=5.419302  Dlo=0.016875  Dhi=2.726526  err=0.000000  inc=-1.293323  bucket 0->0  (mf=1000)
[MF-SEL] tPrev=(  d=0.024042  dMin=0.000000  dAvg=0.033745  dMax=5.419302  Dlo=0.016873  Dhi=2.726524  err=0.000000  inc=-1.293323  bucket 0->0  (mf=1000)
Dropping frame 1403636988.251667
[MF-SEL] tPrev=(  d=0.044106  dMin=0.000000  dAvg=0.033750  dMax=5.419302  Dlo=0.016875  Dhi=2.726526  err=0.000000  inc=-1.293323  bucket 0->0  (mf=1000)
[MF-SEL] tPrev=(  d=0.019818  dMin=0.000000  dAvg=0.033744  dMax=5.419302  Dlo=0.016872  Dhi=2.726523  err=0.000000  inc=-1.293323  bucket 0->0  (mf=1000)
[MF-SEL] tPrev=(  d=0.033736  dMin=0.000000  dAvg=0.033744  dMax=5.419302  Dlo=0.016872  Dhi=2.726523  err=0.000000  inc=-1.293323  bucket 0->0  (mf=1000)
Dropping frame 1403636988.451666
[MF-SEL] tPrev=(  d=0.037754  dMin=0.000000  dAvg=0.033746  dMax=5.419302  Dlo=0.016873  Dhi=2.726524  err=0.000000  inc=-1.293323  bucket 0->0  (mf=1000)
Dropping frame 1403636988.551666
[MF-SEL] tPrev=(  d=0.039669  dMin=0.000000  dAvg=0.033748  dMax=5.419302  Dlo=0.016874  Dhi=2.726525  err=0.000000  inc=-1.293323  bucket 0->0  (mf=1000)
[MF-SEL] tPrev=(  d=0.021782  dMin=0.000000  dAvg=0.033743  dMax=5.419302  Dlo=0.016871  Dhi=2.726523  err=0.000000  inc=-1.293323  bucket 0->0  (mf=1000)
[MF-SEL] tPrev=(  d=0.021988  dMin=0.000000  dAvg=0.033737  dMax=5.419302  Dlo=0.016868  Dhi=2.726520  err=0.000000  inc=-1.293323  bucket 0->0  (mf=1000)
[MF-SEL] tPrev=(  d=0.020690  dMin=0.000000  dAvg=0.033731  dMax=5.419302  Dlo=0.016865  Dhi=2.726516  err=0.000000  inc=-1.293323  bucket 0->0  (mf=1000)
Dropping frame 1403636988.801666
[MF-SEL] tPrev=(  d=0.038561  dMin=0.000000  dAvg=0.033733  dMax=5.419302  Dlo=0.016866  Dhi=2.726518  err=0.000000  inc=-1.293323  bucket 0->0  (mf=1000)
[MF-SEL] tPrev=(  d=0.043308  dMin=0.000000  dAvg=0.033738  dMax=5.419302  Dlo=0.016869  Dhi=2.726520  err=0.000000  inc=-1.293323  bucket 0->0  (mf=1000)
[MF-SEL] tPrev=(  d=0.026576  dMin=0.000000  dAvg=0.033734  dMax=5.419302  Dlo=0.016867  Dhi=2.726518  err=0.000000  inc=-1.293323  bucket 0->0  (mf=1000)
[MF-SEL] tPrev=(  d=0.029410  dMin=0.000000  dAvg=0.033732  dMax=5.419302  Dlo=0.016866  Dhi=2.726517  err=0.000000  inc=-1.293323  bucket 0->0  (mf=1000)
[MF-SEL] tPrev=(  d=0.026834  dMin=0.000000  dAvg=0.033729  dMax=5.419302  Dlo=0.016864  Dhi=2.726516  err=0.000000  inc=-1.293323  bucket 0->0  (mf=1000)
[MF-SEL] tPrev=(  d=0.031192  dMin=0.000000  dAvg=0.033727  dMax=5.419302  Dlo=0.016864  Dhi=2.726515  err=0.000000  inc=-1.293323  bucket 0->0  (mf=1000)
[MF-SEL] tPrev=(  d=0.031585  dMin=0.000000  dAvg=0.033726  dMax=5.419302  Dlo=0.016863  Dhi=2.726514  err=0.000000  inc=-1.293323  bucket 0->0  (mf=1000)
[MF-SEL] tPrev=(  d=0.034614  dMin=0.000000  dAvg=0.033727  dMax=5.419302  Dlo=0.016863  Dhi=2.726515  err=0.000000  inc=-1.293323  bucket 0->0  (mf=1000)
Dropping frame 1403636989.251667
[MF-SEL] tPrev=(  d=0.079929  dMin=0.000000  dAvg=0.033749  dMax=5.419302  Dlo=0.016875  Dhi=2.726526  err=0.000000  inc=-1.293323  bucket 0->0  (mf=1000)
[MF-SEL] tPrev=(  d=0.041178  dMin=0.000000  dAvg=0.033753  dMax=5.419302  Dlo=0.016876  Dhi=2.726528  err=0.000000  inc=-1.293323  bucket 0->0  (mf=1000)
[MF-SEL] tPrev=(  d=0.041462  dMin=0.000000  dAvg=0.033756  dMax=5.419302  Dlo=0.016878  Dhi=2.726529  err=0.000000  inc=-1.293323  bucket 0->0  (mf=1000)
Dropping frame 1403636989.451666
[MF-SEL] tPrev=(  d=0.095399  dMin=0.000000  dAvg=0.033786  dMax=5.419302  Dlo=0.016893  Dhi=2.726544  err=0.000000  inc=-1.293323  bucket 0->0  (mf=1000)
Dropping frame 1403636989.551666
[MF-SEL] tPrev=(  d=0.097731  dMin=0.000000  dAvg=0.033817  dMax=5.419302  Dlo=0.016909  Dhi=2.726560  err=0.000000  inc=-1.293323  bucket 0->0  (mf=1000)
Dropping frame 1403636989.651666
[MF-SEL] tPrev=(  d=0.099356  dMin=0.000000  dAvg=0.033849  dMax=5.419302  Dlo=0.016925  Dhi=2.726576  err=0.000000  inc=-1.293323  bucket 0->0  (mf=1000)
[MF-SEL] tPrev=(  d=0.049646  dMin=0.000000  dAvg=0.033857  dMax=5.419302  Dlo=0.016928  Dhi=2.726580  err=0.000000  inc=-1.293323  bucket 0->0  (mf=1000)
[MF-SEL] tPrev=(  d=0.048769  dMin=0.000000  dAvg=0.033864  dMax=5.419302  Dlo=0.016932  Dhi=2.726583  err=0.000000  inc=-1.293323  bucket 0->0  (mf=1000)
[MF-SEL] tPrev=(  d=0.048015  dMin=0.000000  dAvg=0.033871  dMax=5.419302  Dlo=0.016935  Dhi=2.726587  err=0.000000  inc=-1.293323  bucket 0->0  (mf=1000)
[MF-SEL] tPrev=(  d=0.048270  dMin=0.000000  dAvg=0.033878  dMax=5.419302  Dlo=0.016939  Dhi=2.726590  err=0.000000  inc=-1.293323  bucket 0->0  (mf=1000)
[MF-SEL] tPrev=(  d=0.047156  dMin=0.000000  dAvg=0.033884  dMax=5.419302  Dlo=0.016942  Dhi=2.726593  err=0.000000  inc=-1.293323  bucket 0->0  (mf=1000)
Dropping frame 1403636990.001667
[MF-SEL] tPrev=(  d=0.098661  dMin=0.000000  dAvg=0.033915  dMax=5.419302  Dlo=0.016958  Dhi=2.726609  err=0.000000  inc=-1.293323  bucket 0->0  (mf=1000)
[MF-SEL] tPrev=(  d=0.050331  dMin=0.000000  dAvg=0.033923  dMax=5.419302  Dlo=0.016962  Dhi=2.726613  err=0.000000  inc=-1.293323  bucket 0->0  (mf=1000)
[MF-SEL] tPrev=(  d=0.051525  dMin=0.000000  dAvg=0.033932  dMax=5.419302  Dlo=0.016966  Dhi=2.726617  err=0.000000  inc=-1.293323  bucket 0->0  (mf=1000)
Dropping frame 1403636990.201667
[MF-SEL] tPrev=(  d=0.106602  dMin=0.000000  dAvg=0.033967  dMax=5.419302  Dlo=0.016983  Dhi=2.726635  err=0.000000  inc=-1.293323  bucket 0->0  (mf=1000)
[MF-SEL] tPrev=(  d=0.055326  dMin=0.000000  dAvg=0.033977  dMax=5.419302  Dlo=0.016988  Dhi=2.726640  err=0.000000  inc=-1.293323  bucket 0->0  (mf=1000)
[MF-SEL] tPrev=(  d=0.056384  dMin=0.000000  dAvg=0.033988  dMax=5.419302  Dlo=0.016994  Dhi=2.726645  err=0.000000  inc=-1.293323  bucket 0->0  (mf=1000)
Dropping frame 1403636990.401667
[MF-SEL] tPrev=(  d=0.113625  dMin=0.000000  dAvg=0.034026  dMax=5.419302  Dlo=0.017013  Dhi=2.726664  err=0.000000  inc=-1.293323  bucket 0->0  (mf=1000)
Dropping frame 1403636990.501667
[MF-SEL] tPrev=(  d=0.110528  dMin=0.000000  dAvg=0.034063  dMax=5.419302  Dlo=0.017031  Dhi=2.726683  err=0.000000  inc=-1.293323  bucket 0->0  (mf=1000)
Dropping frame 1403636990.601666
[MF-SEL] tPrev=(  d=0.109244  dMin=0.000000  dAvg=0.034099  dMax=5.419302  Dlo=0.017049  Dhi=2.726701  err=0.000000  inc=-1.293323  bucket 0->0  (mf=1000)
[MF-SEL] tPrev=(  d=0.051981  dMin=0.000000  dAvg=0.034108  dMax=5.419302  Dlo=0.017054  Dhi=2.726705  err=0.000000  inc=-1.293323  bucket 0->0  (mf=1000)
[MF-SEL] tPrev=(  d=0.050288  dMin=0.000000  dAvg=0.034115  dMax=5.419302  Dlo=0.017058  Dhi=2.726709  err=0.000000  inc=-1.293323  bucket 0->0  (mf=1000)
Dropping frame 1403636990.801666
[MF-SEL] tPrev=(  d=0.097292  dMin=0.000000  dAvg=0.034146  dMax=5.419302  Dlo=0.017073  Dhi=2.726724  err=0.000000  inc=-1.293323  bucket 0->0  (mf=1000)
[MF-SEL] tPrev=(  d=0.068419  dMin=0.000000  dAvg=0.034162  dMax=5.419302  Dlo=0.017081  Dhi=2.726732  err=0.000000  inc=-1.293323  bucket 0->0  (mf=1000)
[MF-SEL] tPrev=(  d=0.050759  dMin=0.000000  dAvg=0.034170  dMax=5.419302  Dlo=0.017085  Dhi=2.726736  err=0.000000  inc=-1.293323  bucket 0->0  (mf=1000)
Dropping frame 1403636991.001667
[MF-SEL] tPrev=(  d=0.101413  dMin=0.000000  dAvg=0.034202  dMax=5.419302  Dlo=0.017101  Dhi=2.726752  err=0.000000  inc=-1.293323  bucket 0->0  (mf=1000)
Dropping frame 1403636991.101666
[MF-SEL] tPrev=(  d=0.080178  dMin=0.000000  dAvg=0.034224  dMax=5.419302  Dlo=0.017112  Dhi=2.726763  err=0.000000  inc=-1.293323  bucket 0->0  (mf=1000)
[MF-SEL] tPrev=(  d=0.046839  dMin=0.000000  dAvg=0.034230  dMax=5.419302  Dlo=0.017115  Dhi=2.726766  err=0.000000  inc=-1.293323  bucket 0->0  (mf=1000)
Dropping frame 1403636991.251667
[MF-SEL] tPrev=(  d=0.094324  dMin=0.000000  dAvg=0.034259  dMax=5.419302  Dlo=0.017130  Dhi=2.726781  err=0.000000  inc=-1.293323  bucket 0->0  (mf=1000)
[MF-SEL] tPrev=(  d=0.047865  dMin=0.000000  dAvg=0.034266  dMax=5.419302  Dlo=0.017133  Dhi=2.726784  err=0.000000  inc=-1.293323  bucket 0->0  (mf=1000)
[MF-SEL] tPrev=(  d=0.052672  dMin=0.000000  dAvg=0.034274  dMax=5.419302  Dlo=0.017137  Dhi=2.726788  err=0.000000  inc=-1.293323  bucket 0->0  (mf=1000)
Dropping frame 1403636991.451666
[MF-SEL] tPrev=(  d=0.093093  dMin=0.000000  dAvg=0.034302  dMax=5.419302  Dlo=0.017151  Dhi=2.726802  err=0.000000  inc=-1.293323  bucket 0->0  (mf=1000)
[MF-SEL] tPrev=(  d=0.045049  dMin=0.000000  dAvg=0.034308  dMax=5.419302  Dlo=0.017154  Dhi=2.726805  err=0.000000  inc=-1.293323  bucket 0->0  (mf=1000)
[MF-SEL] tPrev=(  d=0.044948  dMin=0.000000  dAvg=0.034313  dMax=5.419302  Dlo=0.017156  Dhi=2.726808  err=0.000000  inc=-1.293323  bucket 0->0  (mf=1000)
Dropping frame 1403636991.651666
[MF-SEL] tPrev=(  d=0.089720  dMin=0.000000  dAvg=0.034339  dMax=5.419302  Dlo=0.017170  Dhi=2.726821  err=0.000000  inc=-1.293323  bucket 0->0  (mf=1000)
Dropping frame 1403636991.751667
[MF-SEL] tPrev=(  d=0.095565  dMin=0.000000  dAvg=0.034368  dMax=5.419302  Dlo=0.017184  Dhi=2.726835  err=0.000000  inc=-1.293323  bucket 0->0  (mf=1000)
[MF-SEL] tPrev=(  d=0.043820  dMin=0.000000  dAvg=0.034373  dMax=5.419302  Dlo=0.017186  Dhi=2.726838  err=0.000000  inc=-1.293323  bucket 0->0  (mf=1000)
[MF-SEL] tPrev=(  d=0.043136  dMin=0.000000  dAvg=0.034377  dMax=5.419302  Dlo=0.017189  Dhi=2.726840  err=0.000000  inc=-1.293323  bucket 0->0  (mf=1000)
[MF-SEL] tPrev=(  d=0.042461  dMin=0.000000  dAvg=0.034381  dMax=5.419302  Dlo=0.017190  Dhi=2.726842  err=0.000000  inc=-1.293323  bucket 0->0  (mf=1000)
Dropping frame 1403636992.001667
[MF-SEL] tPrev=(  d=0.083253  dMin=0.000000  dAvg=0.034404  dMax=5.419302  Dlo=0.017202  Dhi=2.726853  err=0.000000  inc=-1.293323  bucket 0->0  (mf=1000)
[MF-SEL] tPrev=(  d=0.041078  dMin=0.000000  dAvg=0.034407  dMax=5.419302  Dlo=0.017204  Dhi=2.726855  err=0.000000  inc=-1.293323  bucket 0->0  (mf=1000)
[MF-SEL] tPrev=(  d=0.039873  dMin=0.000000  dAvg=0.034410  dMax=5.419302  Dlo=0.017205  Dhi=2.726856  err=0.000000  inc=-1.293323  bucket 0->0  (mf=1000)
Dropping frame 1403636992.201667
[MF-SEL] tPrev=(  d=0.079370  dMin=0.000000  dAvg=0.034431  dMax=5.419302  Dlo=0.017216  Dhi=2.726867  err=0.000000  inc=-1.293323  bucket 0->0  (mf=1000)
[MF-SEL] tPrev=(  d=0.048783  dMin=0.000000  dAvg=0.034438  dMax=5.419302  Dlo=0.017219  Dhi=2.726870  err=0.000000  inc=-1.293323  bucket 0->0  (mf=1000)
[MF-SEL] tPrev=(  d=0.041362  dMin=0.000000  dAvg=0.034441  dMax=5.419302  Dlo=0.017221  Dhi=2.726872  err=0.000000  inc=-1.293323  bucket 0->0  (mf=1000)
Dropping frame 1403636992.401667
[MF-SEL] tPrev=(  d=0.083688  dMin=0.000000  dAvg=0.034465  dMax=5.419302  Dlo=0.017232  Dhi=2.726884  err=0.000000  inc=-1.293323  bucket 0->0  (mf=1000)
Dropping frame 1403636992.501667
[MF-SEL] tPrev=(  d=0.075867  dMin=0.000000  dAvg=0.034484  dMax=5.419302  Dlo=0.017242  Dhi=2.726893  err=0.000000  inc=-1.293323  bucket 0->0  (mf=1000)
[MF-SEL] tPrev=(  d=0.038725  dMin=0.000000  dAvg=0.034486  dMax=5.419302  Dlo=0.017243  Dhi=2.726894  err=0.000000  inc=-1.293323  bucket 0->0  (mf=1000)
[MF-SEL] tPrev=(  d=0.038413  dMin=0.000000  dAvg=0.034488  dMax=5.419302  Dlo=0.017244  Dhi=2.726895  err=0.000000  inc=-1.293323  bucket 0->0  (mf=1000)
[MF-SEL] tPrev=(  d=0.051887  dMin=0.000000  dAvg=0.034496  dMax=5.419302  Dlo=0.017248  Dhi=2.726899  err=0.000000  inc=-1.293323  bucket 0->0  (mf=1000)
[MF-SEL] tPrev=(  d=0.035837  dMin=0.000000  dAvg=0.034497  dMax=5.419302  Dlo=0.017249  Dhi=2.726900  err=0.000000  inc=-1.293323  bucket 0->0  (mf=1000)
[MF-SEL] tPrev=(  d=0.035794  dMin=0.000000  dAvg=0.034498  dMax=5.419302  Dlo=0.017249  Dhi=2.726900  err=0.000000  inc=-1.293323  bucket 0->0  (mf=1000)
[MF-SEL] tPrev=(  d=0.035572  dMin=0.000000  dAvg=0.034498  dMax=5.419302  Dlo=0.017249  Dhi=2.726900  err=0.000000  inc=-1.293323  bucket 0->0  (mf=1000)
[MF-SEL] tPrev=(  d=0.033359  dMin=0.000000  dAvg=0.034498  dMax=5.419302  Dlo=0.017249  Dhi=2.726900  err=0.000000  inc=-1.293323  bucket 0->0  (mf=1000)
Dropping frame 1403636992.951666
[MF-SEL] tPrev=(  d=0.058920  dMin=0.000000  dAvg=0.034509  dMax=5.419302  Dlo=0.017255  Dhi=2.726906  err=0.000000  inc=-1.293323  bucket 0->0  (mf=1000)
Dropping frame 1403636993.051666
[MF-SEL] tPrev=(  d=0.064251  dMin=0.000000  dAvg=0.034523  dMax=5.419302  Dlo=0.017262  Dhi=2.726913  err=0.000000  inc=-1.293323  bucket 0->0  (mf=1000)
Dropping frame 1403636993.151666
[MF-SEL] tPrev=(  d=0.059164  dMin=0.000000  dAvg=0.034535  dMax=5.419302  Dlo=0.017267  Dhi=2.726919  err=0.000000  inc=-1.293323  bucket 0->0  (mf=1000)
[MF-SEL] tPrev=(  d=0.029679  dMin=0.000000  dAvg=0.034533  dMax=5.419302  Dlo=0.017266  Dhi=2.726918  err=0.000000  inc=-1.293323  bucket 0->0  (mf=1000)
[MF-SEL] tPrev=(  d=0.029018  dMin=0.000000  dAvg=0.034530  dMax=5.419302  Dlo=0.017265  Dhi=2.726916  err=0.000000  inc=-1.293323  bucket 0->0  (mf=1000)
Dropping frame 1403636993.351666
[MF-SEL] tPrev=(  d=0.059384  dMin=0.000000  dAvg=0.034542  dMax=5.419302  Dlo=0.017271  Dhi=2.726922  err=0.000000  inc=-1.293323  bucket 0->0  (mf=1000)
[MF-SEL] tPrev=(  d=0.032045  dMin=0.000000  dAvg=0.034541  dMax=5.419302  Dlo=0.017270  Dhi=2.726922  err=0.000000  inc=-1.293323  bucket 0->0  (mf=1000)
[MF-SEL] tPrev=(  d=0.032024  dMin=0.000000  dAvg=0.034539  dMax=5.419302  Dlo=0.017270  Dhi=2.726921  err=0.000000  inc=-1.293323  bucket 0->0  (mf=1000)
Dropping frame 1403636993.551666
[MF-SEL] tPrev=(  d=0.066828  dMin=0.000000  dAvg=0.034555  dMax=5.419302  Dlo=0.017277  Dhi=2.726929  err=0.000000  inc=-1.293323  bucket 0->0  (mf=1000)
[MF-SEL] tPrev=(  d=0.035608  dMin=0.000000  dAvg=0.034555  dMax=5.419302  Dlo=0.017278  Dhi=2.726929  err=0.000000  inc=-1.293323  bucket 0->0  (mf=1000)
[MF-SEL] tPrev=(  d=0.034592  dMin=0.000000  dAvg=0.034555  dMax=5.419302  Dlo=0.017278  Dhi=2.726929  err=0.000000  inc=-1.293323  bucket 0->0  (mf=1000)
Dropping frame 1403636993.751667
[MF-SEL] tPrev=(  d=0.070025  dMin=0.000000  dAvg=0.034572  dMax=5.419302  Dlo=0.017286  Dhi=2.726937  err=0.000000  inc=-1.293323  bucket 0->0  (mf=1000)
[MF-SEL] tPrev=(  d=0.030669  dMin=0.000000  dAvg=0.034570  dMax=5.419302  Dlo=0.017285  Dhi=2.726936  err=0.000000  inc=-1.293323  bucket 0->0  (mf=1000)
[MF-SEL] tPrev=(  d=0.032480  dMin=0.000000  dAvg=0.034569  dMax=5.419302  Dlo=0.017284  Dhi=2.726936  err=0.000000  inc=-1.293323  bucket 0->0  (mf=1000)
[MF-SEL] tPrev=(  d=0.031256  dMin=0.000000  dAvg=0.034567  dMax=5.419302  Dlo=0.017284  Dhi=2.726935  err=0.000000  inc=-1.293323  bucket 0->0  (mf=1000)
[MF-SEL] tPrev=(  d=0.031184  dMin=0.000000  dAvg=0.034566  dMax=5.419302  Dlo=0.017283  Dhi=2.726934  err=0.000000  inc=-1.293323  bucket 0->0  (mf=1000)
Dropping frame 1403636994.051666
[MF-SEL] tPrev=(  d=0.063425  dMin=0.000000  dAvg=0.034579  dMax=5.419302  Dlo=0.017290  Dhi=2.726941  err=0.000000  inc=-1.293323  bucket 0->0  (mf=1000)
Dropping frame 1403636994.151666
[MF-SEL] tPrev=(  d=0.066582  dMin=0.000000  dAvg=0.034594  dMax=5.419302  Dlo=0.017297  Dhi=2.726948  err=0.000000  inc=-1.293323  bucket 0->0  (mf=1000)
[MF-SEL] tPrev=(  d=0.035917  dMin=0.000000  dAvg=0.034595  dMax=5.419302  Dlo=0.017297  Dhi=2.726949  err=0.000000  inc=-1.293323  bucket 0->0  (mf=1000)
[MF-SEL] tPrev=(  d=0.049247  dMin=0.000000  dAvg=0.034602  dMax=5.419302  Dlo=0.017301  Dhi=2.726952  err=0.000000  inc=-1.293323  bucket 0->0  (mf=1000)
[MF-SEL] tPrev=(  d=0.038383  dMin=0.000000  dAvg=0.034604  dMax=5.419302  Dlo=0.017302  Dhi=2.726953  err=0.000000  inc=-1.293323  bucket 0->0  (mf=1000)
Dropping frame 1403636994.401667
[MF-SEL] tPrev=(  d=0.081960  dMin=0.000000  dAvg=0.034626  dMax=5.419302  Dlo=0.017313  Dhi=2.726964  err=0.000000  inc=-1.293323  bucket 0->0  (mf=1000)
Dropping frame 1403636994.501667
[MF-SEL] tPrev=(  d=0.087894  dMin=0.000000  dAvg=0.034651  dMax=5.419302  Dlo=0.017325  Dhi=2.726977  err=0.000000  inc=-1.293323  bucket 0->0  (mf=1000)
Dropping frame 1403636994.601666
[MF-SEL] tPrev=(  d=0.106723  dMin=0.000000  dAvg=0.034684  dMax=5.419302  Dlo=0.017342  Dhi=2.726993  err=0.000000  inc=-1.293323  bucket 0->0  (mf=1000)
[MF-SEL] tPrev=(  d=0.050721  dMin=0.000000  dAvg=0.034692  dMax=5.419302  Dlo=0.017346  Dhi=2.726997  err=0.000000  inc=-1.293323  bucket 0->0  (mf=1000)
[MF-SEL] tPrev=(  d=0.051910  dMin=0.000000  dAvg=0.034700  dMax=5.419302  Dlo=0.017350  Dhi=2.727001  err=0.000000  inc=-1.293323  bucket 0->0  (mf=1000)
Dropping frame 1403636994.801666
[MF-SEL] tPrev=(  d=0.101731  dMin=0.000000  dAvg=0.034731  dMax=5.419302  Dlo=0.017366  Dhi=2.727017  err=0.000000  inc=-1.293323  bucket 0->0  (mf=1000)
[MF-SEL] tPrev=(  d=0.060746  dMin=0.000000  dAvg=0.034743  dMax=5.419302  Dlo=0.017372  Dhi=2.727023  err=0.000000  inc=-1.293323  bucket 0->0  (mf=1000)
[MF-SEL] tPrev=(  d=0.054374  dMin=0.000000  dAvg=0.034753  dMax=5.419302  Dlo=0.017376  Dhi=2.727027  err=0.000000  inc=-1.293323  bucket 0->0  (mf=1000)
Dropping frame 1403636995.001667
[MF-SEL] tPrev=(  d=0.098269  dMin=0.000000  dAvg=0.034782  dMax=5.419302  Dlo=0.017391  Dhi=2.727042  err=0.000000  inc=-1.293323  bucket 0->0  (mf=1000)
[MF-SEL] tPrev=(  d=0.044318  dMin=0.000000  dAvg=0.034787  dMax=5.419302  Dlo=0.017393  Dhi=2.727045  err=0.000000  inc=-1.293323  bucket 0->0  (mf=1000)
[MF-SEL] tPrev=(  d=0.050017  dMin=0.000000  dAvg=0.034794  dMax=5.419302  Dlo=0.017397  Dhi=2.727048  err=0.000000  inc=-1.293323  bucket 0->0  (mf=1000)
Dropping frame 1403636995.201667
[MF-SEL] tPrev=(  d=0.105346  dMin=0.000000  dAvg=0.034827  dMax=5.419302  Dlo=0.017413  Dhi=2.727064  err=0.000000  inc=-1.293323  bucket 0->0  (mf=1000)
[MF-SEL] tPrev=(  d=0.049849  dMin=0.000000  dAvg=0.034834  dMax=5.419302  Dlo=0.017417  Dhi=2.727068  err=0.000000  inc=-1.293323  bucket 0->0  (mf=1000)
[MF-SEL] tPrev=(  d=0.053598  dMin=0.000000  dAvg=0.034842  dMax=5.419302  Dlo=0.017421  Dhi=2.727072  err=0.000000  inc=-1.293323  bucket 0->0  (mf=1000)
Dropping frame 1403636995.401667
[MF-SEL] tPrev=(  d=0.111457  dMin=0.000000  dAvg=0.034878  dMax=5.419302  Dlo=0.017439  Dhi=2.727090  err=0.000000  inc=-1.293323  bucket 0->0  (mf=1000)
[MF-SEL] tPrev=(  d=0.055637  dMin=0.000000  dAvg=0.034887  dMax=5.419302  Dlo=0.017444  Dhi=2.727095  err=0.000000  inc=-1.293323  bucket 0->0  (mf=1000)
[MF-SEL] tPrev=(  d=0.057644  dMin=0.000000  dAvg=0.034898  dMax=5.419302  Dlo=0.017449  Dhi=2.727100  err=0.000000  inc=-1.293323  bucket 0->0  (mf=1000)
Dropping frame 1403636995.601666
[MF-SEL] tPrev=(  d=0.094451  dMin=0.000000  dAvg=0.034926  dMax=5.419302  Dlo=0.017463  Dhi=2.727114  err=0.000000  inc=-1.293323  bucket 0->0  (mf=1000)
Dropping frame 1403636995.701667
[MF-SEL] tPrev=(  d=0.123268  dMin=0.000000  dAvg=0.034967  dMax=5.419302  Dlo=0.017483  Dhi=2.727135  err=0.000000  inc=-1.293323  bucket 0->0  (mf=1000)
[MF-SEL] tPrev=(  d=0.053624  dMin=0.000000  dAvg=0.034975  dMax=5.419302  Dlo=0.017488  Dhi=2.727139  err=0.000000  inc=-1.293323  bucket 0->0  (mf=1000)
Dropping frame 1403636995.851666
[MF-SEL] tPrev=(  d=0.095005  dMin=0.000000  dAvg=0.035003  dMax=5.419302  Dlo=0.017502  Dhi=2.727153  err=0.000000  inc=-1.293323  bucket 0->0  (mf=1000)
[MF-SEL] tPrev=(  d=0.045920  dMin=0.000000  dAvg=0.035008  dMax=5.419302  Dlo=0.017504  Dhi=2.727155  err=0.000000  inc=-1.293323  bucket 0->0  (mf=1000)
[MF-SEL] tPrev=(  d=0.042349  dMin=0.000000  dAvg=0.035012  dMax=5.419302  Dlo=0.017506  Dhi=2.727157  err=0.000000  inc=-1.293323  bucket 0->0  (mf=1000)
[MF-SEL] tPrev=(  d=0.047597  dMin=0.000000  dAvg=0.035017  dMax=5.419302  Dlo=0.017509  Dhi=2.727160  err=0.000000  inc=-1.293323  bucket 0->0  (mf=1000)
[MF-SEL] tPrev=(  d=0.046946  dMin=0.000000  dAvg=0.035023  dMax=5.419302  Dlo=0.017511  Dhi=2.727163  err=0.000000  inc=-1.293323  bucket 0->0  (mf=1000)
Dropping frame 1403636996.151666
[MF-SEL] tPrev=(  d=0.092932  dMin=0.000000  dAvg=0.035050  dMax=5.419302  Dlo=0.017525  Dhi=2.727176  err=0.000000  inc=-1.293323  bucket 0->0  (mf=1000)
[MF-SEL] tPrev=(  d=0.056048  dMin=0.000000  dAvg=0.035059  dMax=5.419302  Dlo=0.017530  Dhi=2.727181  err=0.000000  inc=-1.293323  bucket 0->0  (mf=1000)
[MF-SEL] tPrev=(  d=0.045126  dMin=0.000000  dAvg=0.035064  dMax=5.419302  Dlo=0.017532  Dhi=2.727183  err=0.000000  inc=-1.293323  bucket 0->0  (mf=1000)
[MF-SEL] tPrev=(  d=0.045508  dMin=0.000000  dAvg=0.035069  dMax=5.419302  Dlo=0.017534  Dhi=2.727186  err=0.000000  inc=-1.293323  bucket 0->0  (mf=1000)
Dropping frame 1403636996.401667
[MF-SEL] tPrev=(  d=0.099320  dMin=0.000000  dAvg=0.035099  dMax=5.419302  Dlo=0.017549  Dhi=2.727201  err=0.000000  inc=-1.293323  bucket 0->0  (mf=1000)
[MF-SEL] tPrev=(  d=0.050037  dMin=0.000000  dAvg=0.035106  dMax=5.419302  Dlo=0.017553  Dhi=2.727204  err=0.000000  inc=-1.293323  bucket 0->0  (mf=1000)
[MF-SEL] tPrev=(  d=0.051764  dMin=0.000000  dAvg=0.035113  dMax=5.419302  Dlo=0.017557  Dhi=2.727208  err=0.000000  inc=-1.293323  bucket 0->0  (mf=1000)
Dropping frame 1403636996.601666
[MF-SEL] tPrev=(  d=0.099698  dMin=0.000000  dAvg=0.035143  dMax=5.419302  Dlo=0.017571  Dhi=2.727223  err=0.000000  inc=-1.293323  bucket 0->0  (mf=1000)
[MF-SEL] tPrev=(  d=0.047195  dMin=0.000000  dAvg=0.035149  dMax=5.419302  Dlo=0.017574  Dhi=2.727225  err=0.000000  inc=-1.293323  bucket 0->0  (mf=1000)
Dropping frame 1403636996.751667
[MF-SEL] tPrev=(  d=0.090402  dMin=0.000000  dAvg=0.035174  dMax=5.419302  Dlo=0.017587  Dhi=2.727238  err=0.000000  inc=-1.293323  bucket 0->0  (mf=1000)
[MF-SEL] tPrev=(  d=0.064090  dMin=0.000000  dAvg=0.035187  dMax=5.419302  Dlo=0.017594  Dhi=2.727245  err=0.000000  inc=-1.293323  bucket 0->0  (mf=1000)
[MF-SEL] tPrev=(  d=0.045245  dMin=0.000000  dAvg=0.035192  dMax=5.419302  Dlo=0.017596  Dhi=2.727247  err=0.000000  inc=-1.293323  bucket 0->0  (mf=1000)
Dropping frame 1403636996.951666
[MF-SEL] tPrev=(  d=0.089799  dMin=0.000000  dAvg=0.035217  dMax=5.419302  Dlo=0.017609  Dhi=2.727260  err=0.000000  inc=-1.293323  bucket 0->0  (mf=1000)
[MF-SEL] tPrev=(  d=0.041106  dMin=0.000000  dAvg=0.035220  dMax=5.419302  Dlo=0.017610  Dhi=2.727261  err=0.000000  inc=-1.293323  bucket 0->0  (mf=1000)
[MF-SEL] tPrev=(  d=0.046782  dMin=0.000000  dAvg=0.035225  dMax=5.419302  Dlo=0.017613  Dhi=2.727264  err=0.000000  inc=-1.293323  bucket 0->0  (mf=1000)
Dropping frame 1403636997.151666
[MF-SEL] tPrev=(  d=0.083585  dMin=0.000000  dAvg=0.035247  dMax=5.419302  Dlo=0.017624  Dhi=2.727275  err=0.000000  inc=-1.293323  bucket 0->0  (mf=1000)
Dropping frame 1403636997.251667
[MF-SEL] tPrev=(  d=0.078313  dMin=0.000000  dAvg=0.035267  dMax=5.419302  Dlo=0.017634  Dhi=2.727285  err=0.000000  inc=-1.293323  bucket 0->0  (mf=1000)
[MF-SEL] tPrev=(  d=0.037402  dMin=0.000000  dAvg=0.035268  dMax=5.419302  Dlo=0.017634  Dhi=2.727285  err=0.000000  inc=-1.293323  bucket 0->0  (mf=1000)
[MF-SEL] tPrev=(  d=0.035625  dMin=0.000000  dAvg=0.035268  dMax=5.419302  Dlo=0.017634  Dhi=2.727285  err=0.000000  inc=-1.293323  bucket 0->0  (mf=1000)
[MF-SEL] tPrev=(  d=0.039694  dMin=0.000000  dAvg=0.035270  dMax=5.419302  Dlo=0.017635  Dhi=2.727286  err=0.000000  inc=-1.293323  bucket 0->0  (mf=1000)
[MF-SEL] tPrev=(  d=0.032983  dMin=0.000000  dAvg=0.035269  dMax=5.419302  Dlo=0.017635  Dhi=2.727286  err=0.000000  inc=-1.293323  bucket 0->0  (mf=1000)
Dropping frame 1403636997.551666
[MF-SEL] tPrev=(  d=0.066719  dMin=0.000000  dAvg=0.035284  dMax=5.419302  Dlo=0.017642  Dhi=2.727293  err=0.000000  inc=-1.293323  bucket 0->0  (mf=1000)
[MF-SEL] tPrev=(  d=0.028975  dMin=0.000000  dAvg=0.035281  dMax=5.419302  Dlo=0.017640  Dhi=2.727292  err=0.000000  inc=-1.293323  bucket 0->0  (mf=1000)
[MF-SEL] tPrev=(  d=0.030209  dMin=0.000000  dAvg=0.035278  dMax=5.419302  Dlo=0.017639  Dhi=2.727290  err=0.000000  inc=-1.293323  bucket 0->0  (mf=1000)
Dropping frame 1403636997.751667
[MF-SEL] tPrev=(  d=0.057296  dMin=0.000000  dAvg=0.035288  dMax=5.419302  Dlo=0.017644  Dhi=2.727295  err=0.000000  inc=-1.293323  bucket 0->0  (mf=1000)
[MF-SEL] tPrev=(  d=0.029142  dMin=0.000000  dAvg=0.035286  dMax=5.419302  Dlo=0.017643  Dhi=2.727294  err=0.000000  inc=-1.293323  bucket 0->0  (mf=1000)
[MF-SEL] tPrev=(  d=0.028017  dMin=0.000000  dAvg=0.035282  dMax=5.419302  Dlo=0.017641  Dhi=2.727292  err=0.000000  inc=-1.293323  bucket 0->0  (mf=1000)
Dropping frame 1403636997.951666
[MF-SEL] tPrev=(  d=0.060967  dMin=0.000000  dAvg=0.035294  dMax=5.419302  Dlo=0.017647  Dhi=2.727298  err=0.000000  inc=-1.293323  bucket 0->0  (mf=1000)
Dropping frame 1403636998.051666
[MF-SEL] tPrev=(  d=0.051902  dMin=0.000000  dAvg=0.035302  dMax=5.419302  Dlo=0.017651  Dhi=2.727302  err=0.000000  inc=-1.293323  bucket 0->0  (mf=1000)
[MF-SEL] tPrev=(  d=0.025694  dMin=0.000000  dAvg=0.035297  dMax=5.419302  Dlo=0.017649  Dhi=2.727300  err=0.000000  inc=-1.293323  bucket 0->0  (mf=1000)
[MF-SEL] tPrev=(  d=0.024283  dMin=0.000000  dAvg=0.035292  dMax=5.419302  Dlo=0.017646  Dhi=2.727297  err=0.000000  inc=-1.293323  bucket 0->0  (mf=1000)
[MF-SEL] tPrev=(  d=0.023193  dMin=0.000000  dAvg=0.035287  dMax=5.419302  Dlo=0.017643  Dhi=2.727295  err=0.000000  inc=-1.293323  bucket 0->0  (mf=1000)
[MF-SEL] tPrev=(  d=0.020912  dMin=0.000000  dAvg=0.035280  dMax=5.419302  Dlo=0.017640  Dhi=2.727291  err=0.000000  inc=-1.293323  bucket 0->0  (mf=1000)
[MF-SEL] tPrev=(  d=0.020087  dMin=0.000000  dAvg=0.035273  dMax=5.419302  Dlo=0.017637  Dhi=2.727288  err=0.000000  inc=-1.293323  bucket 0->0  (mf=1000)
[MF-SEL] tPrev=(  d=0.018750  dMin=0.000000  dAvg=0.035266  dMax=5.419302  Dlo=0.017633  Dhi=2.727284  err=0.000000  inc=-1.293323  bucket 0->0  (mf=1000)
Dropping frame 1403636998.451666
[MF-SEL] tPrev=(  d=0.055665  dMin=0.000000  dAvg=0.035275  dMax=5.419302  Dlo=0.017637  Dhi=2.727289  err=0.000000  inc=-1.293323  bucket 0->0  (mf=1000)
[MF-SEL] tPrev=(  d=0.018697  dMin=0.000000  dAvg=0.035267  dMax=5.419302  Dlo=0.017634  Dhi=2.727285  err=0.000000  inc=-1.293323  bucket 0->0  (mf=1000)
Dropping frame 1403636998.601666
[MF-SEL] tPrev=(  d=0.042063  dMin=0.000000  dAvg=0.035271  dMax=5.419302  Dlo=0.017635  Dhi=2.727287  err=0.000000  inc=-1.293323  bucket 0->0  (mf=1000)
[MF-SEL] tPrev=(  d=0.022842  dMin=0.000000  dAvg=0.035265  dMax=5.419302  Dlo=0.017632  Dhi=2.727284  err=0.000000  inc=-1.293323  bucket 0->0  (mf=1000)
[MF-SEL] tPrev=(  d=0.023368  dMin=0.000000  dAvg=0.035259  dMax=5.419302  Dlo=0.017630  Dhi=2.727281  err=0.000000  inc=-1.293323  bucket 0->0  (mf=1000)
[MF-SEL] tPrev=(  d=0.023074  dMin=0.000000  dAvg=0.035254  dMax=5.419302  Dlo=0.017627  Dhi=2.727278  err=0.000000  inc=-1.293323  bucket 0->0  (mf=1000)
[MF-SEL] tPrev=(  d=0.021894  dMin=0.000000  dAvg=0.035248  dMax=5.419302  Dlo=0.017624  Dhi=2.727275  err=0.000000  inc=-1.293323  bucket 0->0  (mf=1000)
Dropping frame 1403636998.901667
[MF-SEL] tPrev=(  d=0.056261  dMin=0.000000  dAvg=0.035257  dMax=5.419302  Dlo=0.017629  Dhi=2.727280  err=0.000000  inc=-1.293323  bucket 0->0  (mf=1000)
[MF-SEL] tPrev=(  d=0.021419  dMin=0.000000  dAvg=0.035251  dMax=5.419302  Dlo=0.017626  Dhi=2.727277  err=0.000000  inc=-1.293323  bucket 0->0  (mf=1000)
[MF-SEL] tPrev=(  d=0.020492  dMin=0.000000  dAvg=0.035244  dMax=5.419302  Dlo=0.017622  Dhi=2.727273  err=0.000000  inc=-1.293323  bucket 0->0  (mf=1000)
Dropping frame 1403636999.101666
[MF-SEL] tPrev=(  d=0.034145  dMin=0.000000  dAvg=0.035244  dMax=5.419302  Dlo=0.017622  Dhi=2.727273  err=0.000000  inc=-1.293323  bucket 0->0  (mf=1000)
[MF-SEL] tPrev=(  d=0.016759  dMin=0.000000  dAvg=0.035236  dMax=5.419302  Dlo=0.017618  Dhi=2.727269  err=-1.000000  inc=-2.192420  bucket 0->0  (mf=1000)
[MF-SEL] tPrev=(  d=0.016688  dMin=0.000000  dAvg=0.035227  dMax=5.419302  Dlo=0.017614  Dhi=2.727265  err=-1.000000  inc=-1.898543  bucket 0->0  (mf=1000)
Dropping frame 1403636999.301666
[MF-SEL] tPrev=(  d=0.045414  dMin=0.000000  dAvg=0.035232  dMax=5.419302  Dlo=0.017616  Dhi=2.727267  err=0.000000  inc=-1.134428  bucket 0->0  (mf=1000)
[MF-SEL] tPrev=(  d=0.021313  dMin=0.000000  dAvg=0.035226  dMax=5.419302  Dlo=0.017613  Dhi=2.727264  err=0.000000  inc=-1.298543  bucket 0->0  (mf=1000)
[MF-SEL] tPrev=(  d=0.020040  dMin=0.000000  dAvg=0.035219  dMax=5.419302  Dlo=0.017609  Dhi=2.727261  err=0.000000  inc=-1.298543  bucket 0->0  (mf=1000)
Dropping frame 1403636999.501667
[MF-SEL] tPrev=(  d=0.041841  dMin=0.000000  dAvg=0.035222  dMax=5.419302  Dlo=0.017611  Dhi=2.727262  err=0.000000  inc=-1.298543  bucket 0->0  (mf=1000)
[MF-SEL] tPrev=(  d=0.022256  dMin=0.000000  dAvg=0.035216  dMax=5.419302  Dlo=0.017608  Dhi=2.727259  err=0.000000  inc=-1.298543  bucket 0->0  (mf=1000)
Dropping frame 1403636999.651666
[MF-SEL] tPrev=(  d=0.046816  dMin=0.000000  dAvg=0.035221  dMax=5.419302  Dlo=0.017611  Dhi=2.727262  err=0.000000  inc=-1.298543  bucket 0->0  (mf=1000)
[MF-SEL] tPrev=(  d=0.022226  dMin=0.000000  dAvg=0.035215  dMax=5.419302  Dlo=0.017608  Dhi=2.727259  err=0.000000  inc=-1.298543  bucket 0->0  (mf=1000)
[MF-SEL] tPrev=(  d=0.021770  dMin=0.000000  dAvg=0.035209  dMax=5.419302  Dlo=0.017605  Dhi=2.727256  err=0.000000  inc=-1.298543  bucket 0->0  (mf=1000)
[MF-SEL] tPrev=(  d=0.023226  dMin=0.000000  dAvg=0.035204  dMax=5.419302  Dlo=0.017602  Dhi=2.727253  err=0.000000  inc=-1.298543  bucket 0->0  (mf=1000)
[MF-SEL] tPrev=(  d=0.023221  dMin=0.000000  dAvg=0.035198  dMax=5.419302  Dlo=0.017599  Dhi=2.727250  err=0.000000  inc=-1.298543  bucket 0->0  (mf=1000)
[MF-SEL] tPrev=(  d=0.023912  dMin=0.000000  dAvg=0.035193  dMax=5.419302  Dlo=0.017597  Dhi=2.727248  err=0.000000  inc=-1.298543  bucket 0->0  (mf=1000)
[MF-SEL] tPrev=(  d=0.038121  dMin=0.000000  dAvg=0.035195  dMax=5.419302  Dlo=0.017597  Dhi=2.727248  err=0.000000  inc=-1.298543  bucket 0->0  (mf=1000)
[MF-SEL] tPrev=(  d=0.025321  dMin=0.000000  dAvg=0.035190  dMax=5.419302  Dlo=0.017595  Dhi=2.727246  err=0.000000  inc=-1.298543  bucket 0->0  (mf=1000)
[MF-SEL] tPrev=(  d=0.026488  dMin=0.000000  dAvg=0.035186  dMax=5.419302  Dlo=0.017593  Dhi=2.727244  err=0.000000  inc=-1.298543  bucket 0->0  (mf=1000)
[MF-SEL] tPrev=(  d=0.027902  dMin=0.000000  dAvg=0.035183  dMax=5.419302  Dlo=0.017591  Dhi=2.727243  err=0.000000  inc=-1.298543  bucket 0->0  (mf=1000)
[MF-SEL] tPrev=(  d=0.028899  dMin=0.000000  dAvg=0.035180  dMax=5.419302  Dlo=0.017590  Dhi=2.727241  err=0.000000  inc=-1.298543  bucket 0->0  (mf=1000)
[MF-SEL] tPrev=(  d=0.029162  dMin=0.000000  dAvg=0.035177  dMax=5.419302  Dlo=0.017589  Dhi=2.727240  err=0.000000  inc=-1.298543  bucket 0->0  (mf=1000)
[MF-SEL] tPrev=(  d=0.029404  dMin=0.000000  dAvg=0.035175  dMax=5.419302  Dlo=0.017587  Dhi=2.727239  err=0.000000  inc=-1.298543  bucket 0->0  (mf=1000)
[MF-SEL] tPrev=(  d=0.029389  dMin=0.000000  dAvg=0.035172  dMax=5.419302  Dlo=0.017586  Dhi=2.727237  err=0.000000  inc=-1.298543  bucket 0->0  (mf=1000)
Dropping frame 1403637000.401667
[MF-SEL] tPrev=(  d=0.067471  dMin=0.000000  dAvg=0.035187  dMax=5.419302  Dlo=0.017593  Dhi=2.727245  err=0.000000  inc=-1.298543  bucket 0->0  (mf=1000)
[MF-SEL] tPrev=(  d=0.029863  dMin=0.000000  dAvg=0.035184  dMax=5.419302  Dlo=0.017592  Dhi=2.727243  err=0.000000  inc=-1.298543  bucket 0->0  (mf=1000)
[MF-SEL] tPrev=(  d=0.030588  dMin=0.000000  dAvg=0.035182  dMax=5.419302  Dlo=0.017591  Dhi=2.727242  err=0.000000  inc=-1.298543  bucket 0->0  (mf=1000)
Dropping frame 1403637000.601666
[MF-SEL] tPrev=(  d=0.064781  dMin=0.000000  dAvg=0.035195  dMax=5.419302  Dlo=0.017598  Dhi=2.727249  err=0.000000  inc=-1.298543  bucket 0->0  (mf=1000)
[MF-SEL] tPrev=(  d=0.032948  dMin=0.000000  dAvg=0.035194  dMax=5.419302  Dlo=0.017597  Dhi=2.727248  err=0.000000  inc=-1.298543  bucket 0->0  (mf=1000)
[MF-SEL] tPrev=(  d=0.033350  dMin=0.000000  dAvg=0.035194  dMax=5.419302  Dlo=0.017597  Dhi=2.727248  err=0.000000  inc=-1.298543  bucket 0->0  (mf=1000)
[MF-SEL] tPrev=(  d=0.033820  dMin=0.000000  dAvg=0.035193  dMax=5.419302  Dlo=0.017597  Dhi=2.727248  err=0.000000  inc=-1.298543  bucket 0->0  (mf=1000)
Dropping frame 1403637000.851666
[MF-SEL] tPrev=(  d=0.078396  dMin=0.000000  dAvg=0.035212  dMax=5.419302  Dlo=0.017606  Dhi=2.727257  err=0.000000  inc=-1.298543  bucket 0->0  (mf=1000)
Dropping frame 1403637000.951666
[MF-SEL] tPrev=(  d=0.071172  dMin=0.000000  dAvg=0.035228  dMax=5.419302  Dlo=0.017614  Dhi=2.727265  err=0.000000  inc=-1.298543  bucket 0->0  (mf=1000)
[MF-SEL] tPrev=(  d=0.035775  dMin=0.000000  dAvg=0.035229  dMax=5.419302  Dlo=0.017614  Dhi=2.727266  err=0.000000  inc=-1.298543  bucket 0->0  (mf=1000)
[MF-SEL] tPrev=(  d=0.036347  dMin=0.000000  dAvg=0.035229  dMax=5.419302  Dlo=0.017615  Dhi=2.727266  err=0.000000  inc=-1.298543  bucket 0->0  (mf=1000)
[MF-SEL] tPrev=(  d=0.035557  dMin=0.000000  dAvg=0.035229  dMax=5.419302  Dlo=0.017615  Dhi=2.727266  err=0.000000  inc=-1.298543  bucket 0->0  (mf=1000)
[MF-SEL] tPrev=(  d=0.036316  dMin=0.000000  dAvg=0.035230  dMax=5.419302  Dlo=0.017615  Dhi=2.727266  err=0.000000  inc=-1.298543  bucket 0->0  (mf=1000)
[MF-SEL] tPrev=(  d=0.036720  dMin=0.000000  dAvg=0.035230  dMax=5.419302  Dlo=0.017615  Dhi=2.727266  err=0.000000  inc=-1.298543  bucket 0->0  (mf=1000)
Dropping frame 1403637001.301666
[MF-SEL] tPrev=(  d=0.078615  dMin=0.000000  dAvg=0.035250  dMax=5.419302  Dlo=0.017625  Dhi=2.727276  err=0.000000  inc=-1.298543  bucket 0->0  (mf=1000)
[MF-SEL] tPrev=(  d=0.058258  dMin=0.000000  dAvg=0.035260  dMax=5.419302  Dlo=0.017630  Dhi=2.727281  err=0.000000  inc=-1.298543  bucket 0->0  (mf=1000)
[MF-SEL] tPrev=(  d=0.036322  dMin=0.000000  dAvg=0.035261  dMax=5.419302  Dlo=0.017630  Dhi=2.727281  err=0.000000  inc=-1.298543  bucket 0->0  (mf=1000)
Dropping frame 1403637001.501667
[MF-SEL] tPrev=(  d=0.079393  dMin=0.000000  dAvg=0.035280  dMax=5.419302  Dlo=0.017640  Dhi=2.727291  err=0.000000  inc=-1.298543  bucket 0->0  (mf=1000)
[MF-SEL] tPrev=(  d=0.038616  dMin=0.000000  dAvg=0.035282  dMax=5.419302  Dlo=0.017641  Dhi=2.727292  err=0.000000  inc=-1.298543  bucket 0->0  (mf=1000)
[MF-SEL] tPrev=(  d=0.039400  dMin=0.000000  dAvg=0.035283  dMax=5.419302  Dlo=0.017642  Dhi=2.727293  err=0.000000  inc=-1.298543  bucket 0->0  (mf=1000)
Dropping frame 1403637001.701667
[MF-SEL] tPrev=(  d=0.077656  dMin=0.000000  dAvg=0.035302  dMax=5.419302  Dlo=0.017651  Dhi=2.727302  err=0.000000  inc=-1.298543  bucket 0->0  (mf=1000)
[MF-SEL] tPrev=(  d=0.038838  dMin=0.000000  dAvg=0.035304  dMax=5.419302  Dlo=0.017652  Dhi=2.727303  err=0.000000  inc=-1.298543  bucket 0->0  (mf=1000)
[MF-SEL] tPrev=(  d=0.038401  dMin=0.000000  dAvg=0.035305  dMax=5.419302  Dlo=0.017653  Dhi=2.727304  err=0.000000  inc=-1.298543  bucket 0->0  (mf=1000)
Dropping frame 1403637001.901667
[MF-SEL] tPrev=(  d=0.086967  dMin=0.000000  dAvg=0.035328  dMax=5.419302  Dlo=0.017664  Dhi=2.727315  err=0.000000  inc=-1.298543  bucket 0->0  (mf=1000)
[MF-SEL] tPrev=(  d=0.037909  dMin=0.000000  dAvg=0.035329  dMax=5.419302  Dlo=0.017665  Dhi=2.727316  err=0.000000  inc=-1.298543  bucket 0->0  (mf=1000)
[MF-SEL] tPrev=(  d=0.037794  dMin=0.000000  dAvg=0.035330  dMax=5.419302  Dlo=0.017665  Dhi=2.727316  err=0.000000  inc=-1.298543  bucket 0->0  (mf=1000)
Dropping frame 1403637002.101666
[MF-SEL] tPrev=(  d=0.074764  dMin=0.000000  dAvg=0.035348  dMax=5.419302  Dlo=0.017674  Dhi=2.727325  err=0.000000  inc=-1.298543  bucket 0->0  (mf=1000)
[MF-SEL] tPrev=(  d=0.036370  dMin=0.000000  dAvg=0.035348  dMax=5.419302  Dlo=0.017674  Dhi=2.727325  err=0.000000  inc=-1.298543  bucket 0->0  (mf=1000)
[MF-SEL] tPrev=(  d=0.036436  dMin=0.000000  dAvg=0.035349  dMax=5.419302  Dlo=0.017674  Dhi=2.727326  err=0.000000  inc=-1.298543  bucket 0->0  (mf=1000)
Dropping frame 1403637002.301666
[MF-SEL] tPrev=(  d=0.071578  dMin=0.000000  dAvg=0.035365  dMax=5.419302  Dlo=0.017682  Dhi=2.727334  err=0.000000  inc=-1.298543  bucket 0->0  (mf=1000)
[MF-SEL] tPrev=(  d=0.036554  dMin=0.000000  dAvg=0.035365  dMax=5.419302  Dlo=0.017683  Dhi=2.727334  err=0.000000  inc=-1.298543  bucket 0->0  (mf=1000)
[MF-SEL] tPrev=(  d=0.034552  dMin=0.000000  dAvg=0.035365  dMax=5.419302  Dlo=0.017683  Dhi=2.727334  err=0.000000  inc=-1.298543  bucket 0->0  (mf=1000)
Dropping frame 1403637002.501667
[MF-SEL] tPrev=(  d=0.068744  dMin=0.000000  dAvg=0.035380  dMax=5.419302  Dlo=0.017690  Dhi=2.727341  err=0.000000  inc=-1.298543  bucket 0->0  (mf=1000)
[MF-SEL] tPrev=(  d=0.033440  dMin=0.000000  dAvg=0.035379  dMax=5.419302  Dlo=0.017689  Dhi=2.727341  err=0.000000  inc=-1.298543  bucket 0->0  (mf=1000)
[MF-SEL] tPrev=(  d=0.034433  dMin=0.000000  dAvg=0.035379  dMax=5.419302  Dlo=0.017689  Dhi=2.727341  err=0.000000  inc=-1.298543  bucket 0->0  (mf=1000)
Dropping frame 1403637002.701667
[MF-SEL] tPrev=(  d=0.069946  dMin=0.000000  dAvg=0.035394  dMax=5.419302  Dlo=0.017697  Dhi=2.727348  err=0.000000  inc=-1.298543  bucket 0->0  (mf=1000)
[MF-SEL] tPrev=(  d=0.034700  dMin=0.000000  dAvg=0.035394  dMax=5.419302  Dlo=0.017697  Dhi=2.727348  err=0.000000  inc=-1.298543  bucket 0->0  (mf=1000)
[MF-SEL] tPrev=(  d=0.034380  dMin=0.000000  dAvg=0.035393  dMax=5.419302  Dlo=0.017697  Dhi=2.727348  err=0.000000  inc=-1.298543  bucket 0->0  (mf=1000)
[MF-SEL] tPrev=(  d=0.036698  dMin=0.000000  dAvg=0.035394  dMax=5.419302  Dlo=0.017697  Dhi=2.727348  err=0.000000  inc=-1.298543  bucket 0->0  (mf=1000)
[MF-SEL] tPrev=(  d=0.036844  dMin=0.000000  dAvg=0.035394  dMax=5.419302  Dlo=0.017697  Dhi=2.727348  err=0.000000  inc=-1.298543  bucket 0->0  (mf=1000)
[MF-SEL] tPrev=(  d=0.034851  dMin=0.000000  dAvg=0.035394  dMax=5.419302  Dlo=0.017697  Dhi=2.727348  err=0.000000  inc=-1.298543  bucket 0->0  (mf=1000)
Dropping frame 1403637003.051666
[MF-SEL] tPrev=(  d=0.070576  dMin=0.000000  dAvg=0.035410  dMax=5.419302  Dlo=0.017705  Dhi=2.727356  err=0.000000  inc=-1.298543  bucket 0->0  (mf=1000)
[MF-SEL] tPrev=(  d=0.035428  dMin=0.000000  dAvg=0.035410  dMax=5.419302  Dlo=0.017705  Dhi=2.727356  err=0.000000  inc=-1.298543  bucket 0->0  (mf=1000)
Dropping frame 1403637003.201667
[MF-SEL] tPrev=(  d=0.069710  dMin=0.000000  dAvg=0.035425  dMax=5.419302  Dlo=0.017712  Dhi=2.727364  err=0.000000  inc=-1.298543  bucket 0->0  (mf=1000)
[MF-SEL] tPrev=(  d=0.033877  dMin=0.000000  dAvg=0.035424  dMax=5.419302  Dlo=0.017712  Dhi=2.727363  err=0.000000  inc=-1.298543  bucket 0->0  (mf=1000)
[MF-SEL] tPrev=(  d=0.033466  dMin=0.000000  dAvg=0.035423  dMax=5.419302  Dlo=0.017712  Dhi=2.727363  err=0.000000  inc=-1.298543  bucket 0->0  (mf=1000)
Dropping frame 1403637003.401667
[MF-SEL] tPrev=(  d=0.061995  dMin=0.000000  dAvg=0.035435  dMax=5.419302  Dlo=0.017717  Dhi=2.727369  err=0.000000  inc=-1.298543  bucket 0->0  (mf=1000)
[MF-SEL] tPrev=(  d=0.033559  dMin=0.000000  dAvg=0.035434  dMax=5.419302  Dlo=0.017717  Dhi=2.727368  err=0.000000  inc=-1.298543  bucket 0->0  (mf=1000)
[MF-SEL] tPrev=(  d=0.034067  dMin=0.000000  dAvg=0.035433  dMax=5.419302  Dlo=0.017717  Dhi=2.727368  err=0.000000  inc=-1.298543  bucket 0->0  (mf=1000)
Dropping frame 1403637003.601666
[MF-SEL] tPrev=(  d=0.068239  dMin=0.000000  dAvg=0.035448  dMax=5.419302  Dlo=0.017724  Dhi=2.727375  err=0.000000  inc=-1.298543  bucket 0->0  (mf=1000)
Dropping frame 1403637003.701667
[MF-SEL] tPrev=(  d=0.068655  dMin=0.000000  dAvg=0.035462  dMax=5.419302  Dlo=0.017731  Dhi=2.727382  err=0.000000  inc=-1.298543  bucket 0->0  (mf=1000)
[MF-SEL] tPrev=(  d=0.038460  dMin=0.000000  dAvg=0.035464  dMax=5.419302  Dlo=0.017732  Dhi=2.727383  err=0.000000  inc=-1.298543  bucket 0->0  (mf=1000)
[MF-SEL] tPrev=(  d=0.034282  dMin=0.000000  dAvg=0.035463  dMax=5.419302  Dlo=0.017732  Dhi=2.727383  err=0.000000  inc=-1.298543  bucket 0->0  (mf=1000)
Dropping frame 1403637003.901667
[MF-SEL] tPrev=(  d=0.069431  dMin=0.000000  dAvg=0.035478  dMax=5.419302  Dlo=0.017739  Dhi=2.727390  err=0.000000  inc=-1.298543  bucket 0->0  (mf=1000)
Dropping frame 1403637004.001667
[MF-SEL] tPrev=(  d=0.065976  dMin=0.000000  dAvg=0.035491  dMax=5.419302  Dlo=0.017746  Dhi=2.727397  err=0.000000  inc=-1.298543  bucket 0->0  (mf=1000)
[MF-SEL] tPrev=(  d=0.040640  dMin=0.000000  dAvg=0.035494  dMax=5.419302  Dlo=0.017747  Dhi=2.727398  err=0.000000  inc=-1.298543  bucket 0->0  (mf=1000)
[MF-SEL] tPrev=(  d=0.033054  dMin=0.000000  dAvg=0.035493  dMax=5.419302  Dlo=0.017746  Dhi=2.727398  err=0.000000  inc=-1.298543  bucket 0->0  (mf=1000)
[MF-SEL] tPrev=(  d=0.033236  dMin=0.000000  dAvg=0.035492  dMax=5.419302  Dlo=0.017746  Dhi=2.727397  err=0.000000  inc=-1.298543  bucket 0->0  (mf=1000)
[MF-SEL] tPrev=(  d=0.032367  dMin=0.000000  dAvg=0.035490  dMax=5.419302  Dlo=0.017745  Dhi=2.727396  err=0.000000  inc=-1.298543  bucket 0->0  (mf=1000)
[MF-SEL] tPrev=(  d=0.037765  dMin=0.000000  dAvg=0.035491  dMax=5.419302  Dlo=0.017746  Dhi=2.727397  err=0.000000  inc=-1.298543  bucket 0->0  (mf=1000)
[MF-SEL] tPrev=(  d=0.031426  dMin=0.000000  dAvg=0.035489  dMax=5.419302  Dlo=0.017745  Dhi=2.727396  err=0.000000  inc=-1.298543  bucket 0->0  (mf=1000)
Dropping frame 1403637004.401667
[MF-SEL] tPrev=(  d=0.059504  dMin=0.000000  dAvg=0.035500  dMax=5.419302  Dlo=0.017750  Dhi=2.727401  err=0.000000  inc=-1.298543  bucket 0->0  (mf=1000)
Dropping frame 1403637004.501667
[MF-SEL] tPrev=(  d=0.045522  dMin=0.000000  dAvg=0.035504  dMax=5.419302  Dlo=0.017752  Dhi=2.727403  err=0.000000  inc=-1.298543  bucket 0->0  (mf=1000)
[MF-SEL] tPrev=(  d=0.031582  dMin=0.000000  dAvg=0.035503  dMax=5.419302  Dlo=0.017751  Dhi=2.727403  err=0.000000  inc=-1.298543  bucket 0->0  (mf=1000)
[MF-SEL] tPrev=(  d=0.032579  dMin=0.000000  dAvg=0.035501  dMax=5.419302  Dlo=0.017751  Dhi=2.727402  err=0.000000  inc=-1.298543  bucket 0->0  (mf=1000)
[MF-SEL] tPrev=(  d=0.031565  dMin=0.000000  dAvg=0.035500  dMax=5.419302  Dlo=0.017750  Dhi=2.727401  err=0.000000  inc=-1.298543  bucket 0->0  (mf=1000)
[MF-SEL] tPrev=(  d=0.029694  dMin=0.000000  dAvg=0.035497  dMax=5.419302  Dlo=0.017749  Dhi=2.727400  err=0.000000  inc=-1.298543  bucket 0->0  (mf=1000)
Dropping frame 1403637004.801666
[MF-SEL] tPrev=(  d=0.052414  dMin=0.000000  dAvg=0.035504  dMax=5.419302  Dlo=0.017752  Dhi=2.727403  err=0.000000  inc=-1.298543  bucket 0->0  (mf=1000)
[MF-SEL] tPrev=(  d=0.026416  dMin=0.000000  dAvg=0.035500  dMax=5.419302  Dlo=0.017750  Dhi=2.727401  err=0.000000  inc=-1.298543  bucket 0->0  (mf=1000)
[MF-SEL] tPrev=(  d=0.025385  dMin=0.000000  dAvg=0.035496  dMax=5.419302  Dlo=0.017748  Dhi=2.727399  err=0.000000  inc=-1.298543  bucket 0->0  (mf=1000)
[MF-SEL] tPrev=(  d=0.024884  dMin=0.000000  dAvg=0.035491  dMax=5.419302  Dlo=0.017746  Dhi=2.727397  err=0.000000  inc=-1.298543  bucket 0->0  (mf=1000)
[MF-SEL] tPrev=(  d=0.028434  dMin=0.000000  dAvg=0.035488  dMax=5.419302  Dlo=0.017744  Dhi=2.727395  err=0.000000  inc=-1.298543  bucket 0->0  (mf=1000)
[MF-SEL] tPrev=(  d=0.023052  dMin=0.000000  dAvg=0.035483  dMax=5.419302  Dlo=0.017741  Dhi=2.727393  err=0.000000  inc=-1.298543  bucket 0->0  (mf=1000)
[MF-SEL] tPrev=(  d=0.022243  dMin=0.000000  dAvg=0.035477  dMax=5.419302  Dlo=0.017739  Dhi=2.727390  err=0.000000  inc=-1.298543  bucket 0->0  (mf=1000)
Dropping frame 1403637005.201667
[MF-SEL] tPrev=(  d=0.045328  dMin=0.000000  dAvg=0.035482  dMax=5.419302  Dlo=0.017741  Dhi=2.727392  err=0.000000  inc=-1.298543  bucket 0->0  (mf=1000)
[MF-SEL] tPrev=(  d=0.023070  dMin=0.000000  dAvg=0.035476  dMax=5.419302  Dlo=0.017738  Dhi=2.727389  err=0.000000  inc=-1.298543  bucket 0->0  (mf=1000)
[MF-SEL] tPrev=(  d=0.022142  dMin=0.000000  dAvg=0.035470  dMax=5.419302  Dlo=0.017735  Dhi=2.727386  err=0.000000  inc=-1.298543  bucket 0->0  (mf=1000)
Dropping frame 1403637005.401667
[MF-SEL] tPrev=(  d=0.044643  dMin=0.000000  dAvg=0.035474  dMax=5.419302  Dlo=0.017737  Dhi=2.727388  err=0.000000  inc=-1.298543  bucket 0->0  (mf=1000)
[MF-SEL] tPrev=(  d=0.020735  dMin=0.000000  dAvg=0.035468  dMax=5.419302  Dlo=0.017734  Dhi=2.727385  err=0.000000  inc=-1.298543  bucket 0->0  (mf=1000)
[MF-SEL] tPrev=(  d=0.020290  dMin=0.000000  dAvg=0.035461  dMax=5.419302  Dlo=0.017731  Dhi=2.727382  err=0.000000  inc=-1.298543  bucket 0->0  (mf=1000)
[MF-SEL] tPrev=(  d=0.018343  dMin=0.000000  dAvg=0.035454  dMax=5.419302  Dlo=0.017727  Dhi=2.727378  err=0.000000  inc=-1.298543  bucket 0->0  (mf=1000)
[MF-SEL] tPrev=(  d=0.018007  dMin=0.000000  dAvg=0.035446  dMax=5.419302  Dlo=0.017723  Dhi=2.727374  err=0.000000  inc=-1.298543  bucket 0->0  (mf=1000)
[MF-SEL] tPrev=(  d=0.026463  dMin=0.000000  dAvg=0.035443  dMax=5.419302  Dlo=0.017721  Dhi=2.727372  err=0.000000  inc=-1.298543  bucket 0->0  (mf=1000)
[MF-SEL] tPrev=(  d=0.015327  dMin=0.000000  dAvg=0.035434  dMax=5.419302  Dlo=0.017717  Dhi=2.727368  err=-1.000000  inc=-2.231602  bucket 0->0  (mf=1000)
[MF-SEL] tPrev=(  d=0.015424  dMin=0.000000  dAvg=0.035425  dMax=5.419302  Dlo=0.017713  Dhi=2.727364  err=-1.000000  inc=-1.903138  bucket 0->0  (mf=1000)
Dropping frame 1403637005.851666
[MF-SEL] tPrev=(  d=0.028855  dMin=0.000000  dAvg=0.035422  dMax=5.419302  Dlo=0.017711  Dhi=2.727362  err=0.000000  inc=-1.132468  bucket 0->0  (mf=1000)
Dropping frame 1403637005.951666
[MF-SEL] tPrev=(  d=0.025246  dMin=0.000000  dAvg=0.035418  dMax=5.419302  Dlo=0.017709  Dhi=2.727360  err=0.000000  inc=-1.303138  bucket 0->0  (mf=1000)
[MF-SEL] tPrev=(  d=0.017564  dMin=0.000000  dAvg=0.035410  dMax=5.419302  Dlo=0.017705  Dhi=2.727356  err=-1.000000  inc=-2.222470  bucket 0->0  (mf=1000)
[MF-SEL] tPrev=(  d=0.013485  dMin=0.000000  dAvg=0.035401  dMax=5.419302  Dlo=0.017700  Dhi=2.727352  err=-1.000000  inc=-1.908160  bucket 0->0  (mf=1000)
[MF-SEL] tPrev=(  d=0.013337  dMin=0.000000  dAvg=0.035391  dMax=5.419302  Dlo=0.017696  Dhi=2.727347  err=-1.000000  inc=-1.910595  bucket 0->0  (mf=1000)
[MF-SEL] tPrev=(  d=0.013042  dMin=0.000000  dAvg=0.035382  dMax=5.419302  Dlo=0.017691  Dhi=2.727342  err=-1.000000  inc=-1.913088  bucket 0->0  (mf=1000)
[MF-SEL] tPrev=(  d=0.012885  dMin=0.000000  dAvg=0.035372  dMax=5.419302  Dlo=0.017686  Dhi=2.727337  err=-1.000000  inc=-1.915613  bucket 0->0  (mf=1000)
[MF-SEL] tPrev=(  d=0.012462  dMin=0.000000  dAvg=0.035362  dMax=5.419302  Dlo=0.017681  Dhi=2.727332  err=-1.000000  inc=-1.918020  bucket 0->0  (mf=1000)
Dropping frame 1403637006.351666
[MF-SEL] tPrev=(  d=0.020927  dMin=0.000000  dAvg=0.035356  dMax=5.419302  Dlo=0.017678  Dhi=2.727329  err=0.000000  inc=-1.138573  bucket 0->0  (mf=1000)
[MF-SEL] tPrev=(  d=0.009325  dMin=0.000000  dAvg=0.035345  dMax=5.419302  Dlo=0.017672  Dhi=2.727324  err=-1.000000  inc=-2.223235  bucket 0->0  (mf=1000)
[MF-SEL] tPrev=(  d=0.015620  dMin=0.000000  dAvg=0.035336  dMax=5.419302  Dlo=0.017668  Dhi=2.727319  err=-1.000000  inc=-1.923040  bucket 0->0  (mf=1000)
[MF-SEL] tPrev=(  d=0.008812  dMin=0.000000  dAvg=0.035325  dMax=5.419302  Dlo=0.017662  Dhi=2.727314  err=-1.000000  inc=-1.925477  bucket 0->0  (mf=1000)
Dropping frame 1403637006.601666
[MF-SEL] tPrev=(  d=0.007242  dMin=0.000000  dAvg=0.035313  dMax=5.419302  Dlo=0.017656  Dhi=2.727308  err=-1.000000  inc=-1.930235  bucket 0->0  (mf=1000)
[MF-SEL] tPrev=(  d=0.003595  dMin=0.000000  dAvg=0.035299  dMax=5.419302  Dlo=0.017650  Dhi=2.727301  err=-1.000000  inc=-1.932666  bucket 0->0  (mf=1000)
[MF-SEL] tPrev=(  d=0.003786  dMin=0.000000  dAvg=0.035285  dMax=5.419302  Dlo=0.017643  Dhi=2.727294  err=-1.000000  inc=-1.935147  bucket 0->0  (mf=1000)
[MF-SEL] tPrev=(  d=0.004112  dMin=0.000000  dAvg=0.035272  dMax=5.419302  Dlo=0.017636  Dhi=2.727287  err=-1.000000  inc=-1.937445  bucket 0->0  (mf=1000)
[MF-SEL] tPrev=(  d=0.005350  dMin=0.000000  dAvg=0.035259  dMax=5.419302  Dlo=0.017630  Dhi=2.727281  err=-1.000000  inc=-1.939713  bucket 0->0  (mf=1000)
[MF-SEL] tPrev=(  d=0.005621  dMin=0.000000  dAvg=0.035247  dMax=5.419302  Dlo=0.017623  Dhi=2.727274  err=-1.000000  inc=-1.941977  bucket 0->0  (mf=1000)
[MF-SEL] tPrev=(  d=0.005783  dMin=0.000000  dAvg=0.035234  dMax=5.419302  Dlo=0.017617  Dhi=2.727268  err=-1.000000  inc=-1.944054  bucket 0->0  (mf=1000)
[MF-SEL] tPrev=(  d=0.011478  dMin=0.000000  dAvg=0.035224  dMax=5.419302  Dlo=0.017612  Dhi=2.727263  err=-1.000000  inc=-1.946342  bucket 0->0  (mf=1000)
Dropping frame 1403637007.051666
[MF-SEL] tPrev=(  d=0.017153  dMin=0.000000  dAvg=0.035216  dMax=5.419302  Dlo=0.017608  Dhi=2.727259  err=-1.000000  inc=-1.951374  bucket 0->0  (mf=1000)
[MF-SEL] tPrev=(  d=0.006458  dMin=0.000000  dAvg=0.035204  dMax=5.419302  Dlo=0.017602  Dhi=2.727253  err=-1.000000  inc=-1.953842  bucket 0->0  (mf=1000)
[MF-SEL] tPrev=(  d=0.005833  dMin=0.000000  dAvg=0.035191  dMax=5.419302  Dlo=0.017596  Dhi=2.727247  err=-1.000000  inc=-1.956192  bucket 0->0  (mf=1000)
Dropping frame 1403637007.251667
[MF-SEL] tPrev=(  d=0.013276  dMin=0.000000  dAvg=0.035182  dMax=5.419302  Dlo=0.017591  Dhi=2.727242  err=-1.000000  inc=-1.961046  bucket 0->0  (mf=1000)
Dropping frame 1403637007.351666
[MF-SEL] tPrev=(  d=0.013556  dMin=0.000000  dAvg=0.035172  dMax=5.419302  Dlo=0.017586  Dhi=2.727237  err=-1.000000  inc=-1.965973  bucket 0->0  (mf=1000)
[MF-SEL] tPrev=(  d=0.007838  dMin=0.000000  dAvg=0.035161  dMax=5.419302  Dlo=0.017580  Dhi=2.727232  err=-1.000000  inc=-1.968515  bucket 0->0  (mf=1000)
[MF-SEL] tPrev=(  d=0.007679  dMin=0.000000  dAvg=0.035149  dMax=5.419302  Dlo=0.017575  Dhi=2.727226  err=-1.000000  inc=-1.971173  bucket 0->0  (mf=1000)
Dropping frame 1403637007.551666
[MF-SEL] tPrev=(  d=0.016822  dMin=0.000000  dAvg=0.035141  dMax=5.419302  Dlo=0.017571  Dhi=2.727222  err=-1.000000  inc=-1.976045  bucket 0->0  (mf=1000)
Dropping frame 1403637007.651666
[MF-SEL] tPrev=(  d=0.019170  dMin=0.000000  dAvg=0.035134  dMax=5.419302  Dlo=0.017567  Dhi=2.727218  err=0.000000  inc=-1.201238  bucket 0->0  (mf=1000)
[MF-SEL] tPrev=(  d=0.009462  dMin=0.000000  dAvg=0.035123  dMax=5.419302  Dlo=0.017562  Dhi=2.727213  err=-1.000000  inc=-2.285499  bucket 0->0  (mf=1000)
[MF-SEL] tPrev=(  d=0.007987  dMin=0.000000  dAvg=0.035112  dMax=5.419302  Dlo=0.017556  Dhi=2.727207  err=-1.000000  inc=-1.981118  bucket 0->0  (mf=1000)
Dropping frame 1403637007.851666
[MF-SEL] tPrev=(  d=0.016791  dMin=0.000000  dAvg=0.035104  dMax=5.419302  Dlo=0.017552  Dhi=2.727203  err=-1.000000  inc=-1.985708  bucket 0->0  (mf=1000)
[MF-SEL] tPrev=(  d=0.005985  dMin=0.000000  dAvg=0.035092  dMax=5.419302  Dlo=0.017546  Dhi=2.727197  err=-1.000000  inc=-1.988154  bucket 0->0  (mf=1000)
[MF-SEL] tPrev=(  d=0.005828  dMin=0.000000  dAvg=0.035079  dMax=5.419302  Dlo=0.017540  Dhi=2.727191  err=-1.000000  inc=-1.990449  bucket 0->0  (mf=1000)
[MF-SEL] tPrev=(  d=0.013673  dMin=0.000000  dAvg=0.035070  dMax=5.419302  Dlo=0.017535  Dhi=2.727186  err=-1.000000  inc=-1.992821  bucket 0->0  (mf=1000)
[MF-SEL] tPrev=(  d=0.007022  dMin=0.000000  dAvg=0.035058  dMax=5.419302  Dlo=0.017529  Dhi=2.727180  err=-1.000000  inc=-1.995125  bucket 0->0  (mf=1000)
Dropping frame 1403637008.151666
[MF-SEL] tPrev=(  d=0.014884  dMin=0.000000  dAvg=0.035050  dMax=5.419302  Dlo=0.017525  Dhi=2.727176  err=-1.000000  inc=-1.999568  bucket 0->0  (mf=1000)
[MF-SEL] tPrev=(  d=0.006332  dMin=0.000000  dAvg=0.035037  dMax=5.419302  Dlo=0.017519  Dhi=2.727170  err=-1.000000  inc=-2.002097  bucket 0->0  (mf=1000)
[MF-SEL] tPrev=(  d=0.013884  dMin=0.000000  dAvg=0.035028  dMax=5.419302  Dlo=0.017514  Dhi=2.727165  err=-1.000000  inc=-2.004777  bucket 0->0  (mf=1000)
[MF-SEL] tPrev=(  d=0.005173  dMin=0.000000  dAvg=0.035016  dMax=5.419302  Dlo=0.017508  Dhi=2.727159  err=-1.000000  inc=-2.007065  bucket 0->0  (mf=1000)
[MF-SEL] tPrev=(  d=0.004640  dMin=0.000000  dAvg=0.035003  dMax=5.419302  Dlo=0.017501  Dhi=2.727153  err=-1.000000  inc=-2.009654  bucket 0->0  (mf=1000)
[MF-SEL] tPrev=(  d=0.006147  dMin=0.000000  dAvg=0.034990  dMax=5.419302  Dlo=0.017495  Dhi=2.727146  err=-1.000000  inc=-2.011792  bucket 0->0  (mf=1000)
Dropping frame 1403637008.501667
[MF-SEL] tPrev=(  d=0.013874  dMin=0.000000  dAvg=0.034981  dMax=5.419302  Dlo=0.017491  Dhi=2.727142  err=-1.000000  inc=-2.016632  bucket 0->0  (mf=1000)
[MF-SEL] tPrev=(  d=0.006087  dMin=0.000000  dAvg=0.034969  dMax=5.419302  Dlo=0.017485  Dhi=2.727136  err=-1.000000  inc=-2.019311  bucket 0->0  (mf=1000)
[MF-SEL] tPrev=(  d=0.006178  dMin=0.000000  dAvg=0.034957  dMax=5.419302  Dlo=0.017479  Dhi=2.727130  err=-1.000000  inc=-2.021738  bucket 0->0  (mf=1000)
[MF-SEL] tPrev=(  d=0.006126  dMin=0.000000  dAvg=0.034945  dMax=5.419302  Dlo=0.017472  Dhi=2.727124  err=-1.000000  inc=-2.023900  bucket 0->0  (mf=1000)
[MF-SEL] tPrev=(  d=0.010431  dMin=0.000000  dAvg=0.034934  dMax=5.419302  Dlo=0.017467  Dhi=2.727118  err=-1.000000  inc=-2.026528  bucket 0->0  (mf=1000)
[MF-SEL] tPrev=(  d=0.005250  dMin=0.000000  dAvg=0.034922  dMax=5.419302  Dlo=0.017461  Dhi=2.727112  err=-1.000000  inc=-2.028712  bucket 0->0  (mf=1000)
[MF-SEL] tPrev=(  d=0.004939  dMin=0.000000  dAvg=0.034909  dMax=5.419302  Dlo=0.017455  Dhi=2.727106  err=-1.000000  inc=-2.031288  bucket 0->0  (mf=1000)
[MF-SEL] tPrev=(  d=0.005957  dMin=0.000000  dAvg=0.034897  dMax=5.419302  Dlo=0.017448  Dhi=2.727100  err=-1.000000  inc=-2.033401  bucket 0->0  (mf=1000)
Dropping frame 1403637008.951666
[MF-SEL] tPrev=(  d=0.019901  dMin=0.000000  dAvg=0.034891  dMax=5.419302  Dlo=0.017445  Dhi=2.727097  err=0.000000  inc=-1.273538  bucket 0->0  (mf=1000)
Dropping frame 1403637009.051666
[MF-SEL] tPrev=(  d=0.021681  dMin=0.000000  dAvg=0.034885  dMax=5.419302  Dlo=0.017442  Dhi=2.727094  err=0.000000  inc=-1.433401  bucket 0->0  (mf=1000)
Dropping frame 1403637009.151666
[MF-SEL] tPrev=(  d=0.031686  dMin=0.000000  dAvg=0.034884  dMax=5.419302  Dlo=0.017442  Dhi=2.727093  err=0.000000  inc=-1.433401  bucket 0->0  (mf=1000)
[MF-SEL] tPrev=(  d=0.013398  dMin=0.000000  dAvg=0.034875  dMax=5.419302  Dlo=0.017437  Dhi=2.727089  err=-1.000000  inc=-2.383363  bucket 0->0  (mf=1000)
[MF-SEL] tPrev=(  d=0.014303  dMin=0.000000  dAvg=0.034866  dMax=5.419302  Dlo=0.017433  Dhi=2.727084  err=-1.000000  inc=-2.038164  bucket 0->0  (mf=1000)
[MF-SEL] tPrev=(  d=0.015384  dMin=0.000000  dAvg=0.034858  dMax=5.419302  Dlo=0.017429  Dhi=2.727080  err=-1.000000  inc=-2.040416  bucket 0->0  (mf=1000)
Dropping frame 1403637009.401667
[MF-SEL] tPrev=(  d=0.035967  dMin=0.000000  dAvg=0.034858  dMax=5.419302  Dlo=0.017429  Dhi=2.727080  err=0.000000  inc=-1.274044  bucket 0->0  (mf=1000)
Dropping frame 1403637009.501667
[MF-SEL] tPrev=(  d=0.042143  dMin=0.000000  dAvg=0.034861  dMax=5.419302  Dlo=0.017431  Dhi=2.727082  err=0.000000  inc=-1.440416  bucket 0->0  (mf=1000)
Dropping frame 1403637009.601666
[MF-SEL] tPrev=(  d=0.092887  dMin=0.000000  dAvg=0.034886  dMax=5.419302  Dlo=0.017443  Dhi=2.727094  err=0.000000  inc=-1.440416  bucket 0->0  (mf=1000)
[MF-SEL] tPrev=(  d=0.065061  dMin=0.000000  dAvg=0.034898  dMax=5.419302  Dlo=0.017449  Dhi=2.727100  err=0.000000  inc=-1.440416  bucket 0->0  (mf=1000)
[MF-SEL] tPrev=(  d=0.062827  dMin=0.000000  dAvg=0.034910  dMax=5.419302  Dlo=0.017455  Dhi=2.727106  err=0.000000  inc=-1.440416  bucket 0->0  (mf=1000)
Dropping frame 1403637009.801666
[MF-SEL] tPrev=(  d=0.113794  dMin=0.000000  dAvg=0.034943  dMax=5.419302  Dlo=0.017472  Dhi=2.727123  err=0.000000  inc=-1.440416  bucket 0->0  (mf=1000)
[MF-SEL] tPrev=(  d=0.049491  dMin=0.000000  dAvg=0.034949  dMax=5.419302  Dlo=0.017475  Dhi=2.727126  err=0.000000  inc=-1.440416  bucket 0->0  (mf=1000)
[MF-SEL] tPrev=(  d=0.051139  dMin=0.000000  dAvg=0.034956  dMax=5.419302  Dlo=0.017478  Dhi=2.727129  err=0.000000  inc=-1.440416  bucket 0->0  (mf=1000)
Dropping frame 1403637010.001667
[MF-SEL] tPrev=(  d=0.106547  dMin=0.000000  dAvg=0.034986  dMax=5.419302  Dlo=0.017493  Dhi=2.727144  err=0.000000  inc=-1.440416  bucket 0->0  (mf=1000)
[MF-SEL] tPrev=(  d=0.051173  dMin=0.000000  dAvg=0.034993  dMax=5.419302  Dlo=0.017497  Dhi=2.727148  err=0.000000  inc=-1.440416  bucket 0->0  (mf=1000)
[MF-SEL] tPrev=(  d=0.048699  dMin=0.000000  dAvg=0.034999  dMax=5.419302  Dlo=0.017499  Dhi=2.727151  err=0.000000  inc=-1.440416  bucket 0->0  (mf=1000)
Dropping frame 1403637010.201667
[MF-SEL] tPrev=(  d=0.116290  dMin=0.000000  dAvg=0.035033  dMax=5.419302  Dlo=0.017517  Dhi=2.727168  err=0.000000  inc=-1.440416  bucket 0->0  (mf=1000)
Dropping frame 1403637010.301666
[MF-SEL] tPrev=(  d=0.109920  dMin=0.000000  dAvg=0.035065  dMax=5.419302  Dlo=0.017532  Dhi=2.727183  err=0.000000  inc=-1.440416  bucket 0->0  (mf=1000)
[MF-SEL] tPrev=(  d=0.049163  dMin=0.000000  dAvg=0.035070  dMax=5.419302  Dlo=0.017535  Dhi=2.727186  err=0.000000  inc=-1.440416  bucket 0->0  (mf=1000)
[MF-SEL] tPrev=(  d=0.051453  dMin=0.000000  dAvg=0.035077  dMax=5.419302  Dlo=0.017539  Dhi=2.727190  err=0.000000  inc=-1.440416  bucket 0->0  (mf=1000)
[MF-SEL] tPrev=(  d=0.066670  dMin=0.000000  dAvg=0.035091  dMax=5.419302  Dlo=0.017545  Dhi=2.727197  err=0.000000  inc=-1.440416  bucket 0->0  (mf=1000)
[MF-SEL] tPrev=(  d=0.057995  dMin=0.000000  dAvg=0.035100  dMax=5.419302  Dlo=0.017550  Dhi=2.727201  err=0.000000  inc=-1.440416  bucket 0->0  (mf=1000)
[MF-SEL] tPrev=(  d=0.058703  dMin=0.000000  dAvg=0.035110  dMax=5.419302  Dlo=0.017555  Dhi=2.727206  err=0.000000  inc=-1.440416  bucket 0->0  (mf=1000)
Shutdown
SLAM Finished at System Time: 1748940172.115340471267700

 TIME STATS in ms (mean$\pm$std)
OpenCV version: 4.8.1
---------------------------
Tracking

ORB Extraction: 22.00609$\pm$2.30456
Stereo Matching: 6.09118$\pm$1.88676
IMU Preintegration: 0.22635$\pm$0.07443
Pose Prediction: 0.16736$\pm$0.31911
LM Track: 17.20607$\pm$4.80390
New KF decision: 0.29354$\pm$0.31973
Total Tracking: 32.88799$\pm$24.85788



Local Mapping

KF Insertion: 14.42314$\pm$4.63957
MP Culling: 0.46590$\pm$0.18900
MP Creation: 40.68166$\pm$13.98132
LBA: 127.95522$\pm$44.12471
KF Culling: 12.43944$\pm$8.19798
Total Local Mapping: 195.82867$\pm$64.62858
---------------------------

LBA complexity (mean$\pm$std)
LBA Edges: 728.37500$\pm$249.46640
LBA KF optimized: 6.50000$\pm$2.29129
LBA KF fixed: 1.00000$\pm$0.00000
LBA MP: nan$\pm$nan

LBA executions: 486
LBA aborts: 0
---------------------------

Map complexity
KFs in map: 120
MPs in map: 7429
---------------------------

Place Recognition (mean$\pm$std)
Database Query: 1.18720$\pm$0.61732
SE3 estimation: 7.82770$\pm$11.56619
Total Place Recognition: 7.96473$\pm$11.53698


Loop Closing (mean$\pm$std)
Loop Fusion: nan$\pm$nan
Essential Graph: nan$\pm$nan
Total Loop Closing: nan$\pm$nan

Num exec: 0
Number of KFs: nan$\pm$nan

Map Merging (mean$\pm$std)
Merge Maps: nan$\pm$nan
Welding BA: nan$\pm$nan
Optimization Ess.: nan$\pm$nan
Total Map Merging: nan$\pm$nan

Num exec: 0
Number of KFs: nan$\pm$nan
Number of MPs: nan$\pm$nan

Full GBA (mean$\pm$std)
GBA: nan$\pm$nan
Map Update: nan$\pm$nan
Total Full GBA: nan$\pm$nan

Num exec: 0
Num abort: 0
Number of KFs: nan$\pm$nan
Number of MPs: nan$\pm$nan

Saving trajectory to f_dataset-MH02_stereo_imu.txt ...
There are 1 maps in the atlas
  Map 0 has 120 KFs

End of saving trajectory to f_dataset-MH02_stereo_imu.txt ...

Saving keyframe trajectory to kf_dataset-MH02_stereo_imu.txt ...
