0,0.0558637,-0.225832,1.89358
0,0.0632938,-0.196226,1.84901
0,0.0580192,-0.198123,1.86688
0,0.0339719,-0.177833,1.83966
0,0.0222622,-0.205828,1.83071
0,0.052445,-0.222993,1.87805
0,0.425134,0.0459931,1.98708
0,0.412867,0.0460225,1.98834
0,0.399009,-0.0103656,1.98179
0,0.398748,-0.0228476,1.9805
0,0.189664,-0.183145,1.72575
0,-0.0250664,-0.23389,1.91887
0,-0.000876754,-0.267375,1.94237
0,0.264399,-0.176771,1.82868
0,0.198507,-0.184204,1.7461
0,-0.0765652,-0.174955,1.45036
0,-0.0720228,-0.237956,1.91264
0,-0.0724502,-0.261206,1.92399
0,-0.227226,-0.246272,1.71822
0,-0.239285,-0.245306,1.71148
0,-0.224566,-0.217487,1.74812
0,-0.217513,-0.230251,1.74461
0,-0.262556,-0.242872,1.6945
0,-0.136529,-0.149734,1.80854
0,-0.150983,-0.171133,1.81779
0,-0.038724,-0.35875,2.06656
0,-0.0314048,-0.226238,1.3944
0,-0.0150583,-0.330702,2.03826
0,0.01535,-0.306513,1.98159
0,0.0311038,-0.344916,2.03114
0,-0.247401,-0.220868,1.7229
0,-0.235308,-0.221759,1.72985
0,-0.249727,-0.196625,1.73911
0,-0.217464,-0.176151,1.7988
0,-0.242595,-0.209308,1.73515
0,0.000346551,-0.262458,1.93322
0,0.000353946,-0.290474,1.97449
0,0.0212034,-0.20792,1.839
0,-0.0654933,-0.27713,1.93352
0,-0.118175,-0.180423,1.84243
0,-0.085647,-0.228455,1.89387
0,-0.266118,0.327165,1.76048
0,-0.296586,0.3331,1.8685
0,0.172175,-0.349989,1.89236
0,0.426039,0.0375606,1.93985
0,0.425498,-0.0140402,1.97135
0,0.0620139,-0.245951,1.81162
0,0.147545,-0.165694,1.69201
0,0.203372,-0.281937,1.91646
0,-0.1476,-0.106786,1.77706
0,0.0556285,-0.400119,1.82702
0,0.476285,-0.417405,1.90596
0,0.416936,0.0380698,1.96615
0,-0.116467,-0.0521257,1.62419
0,-0.130566,-0.04453,1.61614
0,-0.0834154,-0.230547,1.87592
0,-0.0590724,-0.270142,1.91509
0,-0.0539507,-0.38242,2.05093
0,-0.0803684,-0.375333,2.01292
0,-0.0164422,-0.330602,2.01881
0,-0.0241345,-0.24247,1.90264
0,-0.0422547,-0.282665,1.94139
0,0.0363861,-0.363923,1.90533
0,0.00194429,-0.387331,2.07726
0,0.075441,-0.197233,1.80488
0,0.0519381,-0.218163,1.84324
0,0.0772026,-0.436647,1.84703
0,0.05955,-0.463339,1.82012
0,0.163312,-0.366218,1.87283
0,0.154948,-0.383569,1.87451
0,0.401054,-0.508065,1.8324
0,0.442514,-0.441348,1.86692
0,0.411548,-0.443853,1.84213
0,0.474767,-0.51584,1.86045
0,0.461131,-0.536524,1.87368
0,0.486723,-0.460028,1.87396
0,0.486629,-0.493966,1.8736
0,-0.293182,-0.21774,1.70859
0,-0.250301,-0.512639,1.79027
0,-0.307606,0.436291,2.00483
0,-0.294255,0.403164,1.9763
0,-0.28833,0.366292,1.8792
0,-0.179165,-0.173203,1.81067
0,-0.199271,-0.209517,1.7702
0,-0.152194,-0.122027,1.78362
0,-0.131273,-0.158492,1.83066
0,0.0109517,-0.318416,1.99984
0,0.0294057,-0.349152,2.02007
0,0.00190133,-0.341879,2.03136
0,0.0174257,-0.166414,1.73969
0,0.0268653,-0.210058,1.84556
0,0.0321215,-0.443459,1.68202
0,0.0163295,-0.407605,1.63025
0,0.11068,-0.335814,1.84592
0,0.119747,-0.371464,1.85655
0,0.0941544,-0.378668,1.85057
0,-0.0749398,-0.196588,1.87696
0,-0.0582485,-0.214932,1.88838
0,-0.0915564,-0.195675,1.86824
0,-0.116365,-0.186171,1.85805
0,-0.124623,-0.211178,1.8554
0,-0.0446972,-0.47112,1.69916
0,-0.0762375,-0.475372,1.71449
0,-0.0528329,-0.490459,1.71281
0,-0.0764477,-0.5001,1.71922
0,-0.316112,0.308702,1.89228
0,-0.325937,0.284003,1.89947
0,-0.321141,0.220343,1.87152
0,-0.212739,-0.470684,1.81657
0,-0.291501,0.326165,1.84526
0,-0.188765,-0.516213,1.74734
0,-0.0657589,-0.160888,1.85833
0,-0.097045,-0.140448,1.81233
0,0.427733,0.0348828,1.9543
0,0.42513,-0.01863,1.98355
0,0.00915694,-0.44844,1.67212
0,-0.013869,-0.479881,1.70287
0,-0.0373322,-0.506724,1.71522
0,0.0515033,-0.407208,1.82781
0,0.196846,-0.195728,1.7911
0,0.148022,-0.170084,1.69749
0,0.200411,-0.276948,1.90212
0,-0.325215,-0.164011,1.80001
0,-0.357087,-0.159115,1.83786
0,-0.287141,0.493565,2.05377
0,-0.197396,-0.108419,1.82723
0,-0.148085,-0.175339,1.833
0,-0.223184,-0.514471,1.76862
0,-0.239212,-0.52243,1.76838
0,0.480363,-0.419363,1.88238
0,-0.303908,-0.196386,1.72544
0,-0.376269,-0.185377,1.85012
0,-0.370596,-0.259522,1.78244
0,0.00182729,-0.275382,1.95224
0,-0.00566685,-0.364556,1.57228
0,-0.237051,-0.183543,1.75241
0,-0.266286,-0.197534,1.73552
0,-0.235042,-0.221432,1.73756
0,-0.268032,-0.239335,1.6967
0,-0.237124,-0.296957,1.59259
0,0.528227,-0.436598,1.81202
0,0.499409,-0.514362,1.76825
0,-0.374778,-0.0591414,1.84279
0,-0.345896,-0.144301,1.84048
0,-0.330989,-0.161968,1.81374
0,-0.103947,-0.142532,1.81792
0,-0.113565,-0.142173,1.81334
0,-0.360015,-0.291801,1.76233
0,-0.317594,-0.242978,1.68988
0,-0.346381,-0.250479,1.74205
0,-0.353109,-0.254712,2.54211
0,-0.269781,-0.193052,1.73774
0,-0.279492,0.429133,2.09428
0,-0.307293,0.405587,1.97936
0,-0.284139,0.430301,2.04559
0,-0.312445,0.434317,2.01255
0,-0.15061,-0.120436,1.78404
0,-0.143805,-0.152691,1.82095
0,0.0162588,-0.306681,1.98268
0,0.027272,-0.341731,1.99814
0,0.0145281,-0.16786,1.77163
0,0.0250345,-0.203768,1.8342
0,0.0853009,-0.385032,1.84082
0,0.0548136,-0.392204,1.82751
0,0.0805774,-0.183705,1.73889
0,0.0449952,-0.213639,1.83315
0,0.105128,-0.324141,1.83677
0,0.115783,-0.366221,1.84711
0,0.157753,-0.360071,1.86741
0,0.415911,0.0274724,1.93235
0,0.423561,-0.0149091,1.96789
0,-0.374934,-0.183898,1.83536
0,-0.367366,-0.447799,2.14091
0,-0.297134,0.328511,1.84903
0,-0.321877,0.282169,1.87581
0,-0.352634,0.241355,1.87633
0,-0.314316,-0.267806,1.67244
0,-0.0665939,-0.20907,1.88193
0,-0.086009,-0.186201,1.85834
0,-0.0664639,-0.198656,1.43605
0,-0.0645822,-0.153037,1.82508
0,0.0349118,-0.382378,1.82813
0,0.0240127,-0.40633,1.75934
0,-0.0215451,-0.366073,1.58503
0,0.0654933,-0.35631,1.84791
0,0.0750573,-0.433941,1.83558
0,0.191062,-0.282802,1.89505
0,0.471179,-0.419359,1.85962
0,0.44114,-0.429838,1.86112
0,0.406754,-0.435729,1.84315
0,0.436348,-0.0365252,1.97725
0,-0.305451,-0.191671,1.72531
0,-0.290073,-0.224641,1.69046
0,-0.230192,-0.170385,1.79828
0,-0.264619,-0.217218,1.70449
0,0.00530528,-0.266673,1.92773
0,-0.0257848,-0.231409,1.89694
0,0.0362274,-0.355445,1.89702
0,-0.0387954,-0.370658,2.03746
0,-0.201405,-0.102109,1.8037
0,-0.192822,-0.172008,1.81541
0,0.0319987,-0.113114,1.67559
0,-0.373414,-0.0536848,1.82792
0,0.533738,-0.432841,1.83093
0,0.132675,-0.159067,1.67883
0,0.529344,0.617763,1.78254
0,0.447947,0.660861,1.76793
0,-0.309843,0.363571,1.92812
0,-0.295087,-0.454953,1.96987
0,-0.1301,-0.0483832,1.64741
0,-0.338104,-0.158447,1.84173
0,-0.112118,-0.624701,1.70142
0,-0.16406,-0.589248,1.66413
0,-0.139788,-0.117566,1.77009
0,-0.178153,-0.143652,1.80708
0,0.010809,-0.166179,1.79518
0,0.0711885,-0.494859,1.83898
0,0.403426,0.0225629,1.87434
0,0.42436,-0.027007,1.91348
0,0.39897,-0.75462,1.79899
0,0.874307,0.581582,1.85937
0,-0.315982,0.312985,1.92712
0,-0.357557,0.243968,1.88071
0,-0.0789277,-0.503496,1.70534
0,0.0223532,-0.572041,1.77985
0,-0.000890275,-0.519845,1.72257
0,0.0224095,-0.620144,1.78433
0,0.0108639,-0.379361,1.80431
0,-0.000858642,-0.392764,1.66141
0,0.0904996,-0.18462,1.74754
0,0.0466932,-0.204337,1.82146
0,0.194526,-0.28296,1.86882
0,0.245083,-0.657885,1.7918
0,0.263234,-0.662008,1.68315
0,0.208949,-0.678103,1.78336
0,0.548229,-0.453497,1.86668
0,0.476141,-0.430117,1.87116
0,0.488415,-0.491325,1.87131
0,0.526079,-0.528928,1.83205
0,-0.133952,-0.578422,1.69619
0,-0.176901,-0.562846,1.68278
0,0.437574,-0.501379,1.86321
0,0.410793,-0.462114,1.85231
0,0.462898,-0.526836,1.86708
0,0.605118,-0.474664,1.85402
0,0.626045,-0.518319,1.88047
0,0.595114,-0.549348,1.86064
0,-0.192417,-0.520036,1.72321
0,-0.253464,-0.539882,1.67979
0,-0.201356,-0.561025,1.61423
0,-0.235706,-0.556822,1.63285
0,-0.0616688,-0.184055,1.85712
0,-0.0854688,-0.170946,1.84667
0,0.0837072,-0.388953,1.84993
0,0.0711448,-0.434476,1.83785
0,-0.308453,0.343837,1.95933
0,0.1956,-0.753213,1.76808
0,0.0464818,-0.5472,1.81321
0,0.388022,-0.642401,1.74963
0,-0.336514,0.221715,1.90076
0,0.439223,-0.442131,1.87023
0,-0.196027,-0.0936434,1.75554
0,-0.179061,-0.180008,1.81629
0,-0.243605,-0.186743,1.76764
0,0.0363241,-0.325303,1.90208
0,0.0440073,-0.125242,1.71668
0,0.133898,-0.159034,1.718
0,0.313344,-0.630377,1.78028
0,0.302739,-0.706498,1.65843
0,0.578575,-0.569373,1.84668
0,0.0339065,-0.466165,1.77548
0,-0.0345587,-0.518077,1.71671
0,-0.106579,-0.130993,1.79552
0,-0.123203,-0.502182,1.70089
0,0.108107,-0.329121,1.85354
0,0.157977,-0.368735,1.87007
0,0.534474,0.613302,1.74228
0,0.503472,0.617189,1.75332
0,0.0336154,-0.70384,1.76024
0,-0.300162,-0.519764,1.76044
0,-0.111201,-0.0569162,1.68751
0,0.0316483,-0.457796,1.77905
0,0.00364287,-0.460351,1.73605
0,0.405492,0.0178602,1.89546
0,0.427793,-0.0272255,1.92896
0,0.0754309,-0.398086,1.82526
0,-0.585514,0.426311,1.92681
0,-0.321212,0.00284043,1.80103
0,-0.371366,-0.054826,1.83948
0,-0.336501,0.328271,1.97357
0,0.0750957,-0.481856,1.81715
0,0.0457363,-0.54309,1.78414
0,-0.511763,0.579556,1.93373
0,-0.553156,0.560211,1.91943
0,-0.465445,-0.424968,1.75872
0,-0.531823,-0.491543,1.75012
0,-0.3565,0.243365,1.91466
0,-0.116845,-0.626192,1.70548
0,-0.180881,-0.59008,1.67888
0,0.0174877,-0.61811,1.75863
0,-0.0511832,-0.600601,1.74783
0,0.0310919,-0.696569,1.74778
0,0.0452501,-0.191098,1.76517
0,0.302664,-0.62251,1.73248
0,0.265662,-0.652757,1.67073
0,0.390631,-0.729635,1.76139
0,-0.324875,-0.448985,1.74481
0,-0.352249,-0.421603,1.74479
0,-0.349647,-0.520549,1.66712
0,-0.157391,-0.574145,1.70988
0,-0.246388,-0.536626,1.67648
0,0.0188961,-0.339901,1.90026
0,-0.0865519,-0.268735,1.92445
0,0.547996,-0.452881,1.87423
0,0.570144,-0.563343,1.85067
0,-0.133537,-0.120728,1.74885
0,-0.18912,-0.134948,1.75535
0,-0.175839,-0.176757,1.76026
0,-0.246491,-0.191812,1.77176
0,-0.0100533,-0.107033,1.74927
0,-0.106782,-0.135318,1.76016
0,-0.0404023,-0.248383,1.88459
0,0.482734,-0.490447,1.84954
0,0.416694,-0.468753,1.87891
0,0.105601,-0.331284,1.85208
0,0.164655,-0.362395,1.86262
0,-0.340774,-0.155062,1.8302
0,-0.409118,-0.153765,1.8149
0,-0.364535,-0.181314,1.80565
0,-0.328845,-0.260484,1.76613
0,-0.387327,-0.290489,1.78018
0,-0.399749,-0.331109,1.77333
0,-0.078125,-0.487881,1.73708
0,0.0175158,-0.563826,1.76146
0,-0.0374741,-0.53209,1.748
0,-0.303962,0.441376,2.06824
0,0.480468,-0.428822,1.89791
0,0.361422,0.0476735,1.8983
1,0.250327,-0.741065,1.66088
1,-0.0154232,-0.42602,1.71833
1,0.0235486,-0.425808,1.71505
1,0.0234383,-0.116161,1.72717
1,0.343305,-0.61638,1.71811
1,0.199971,-0.188131,1.73131
1,0.137589,-0.168784,1.73794
1,0.30367,-0.729598,1.72637
1,0.00966569,-0.115151,1.75394
1,0.0162724,-0.169589,1.76602
1,0.336749,-0.766001,1.73748
1,0.555665,-0.0838659,1.71525
1,0.60905,-0.105763,1.70998
1,0.558596,-0.0877126,1.71616
1,0.083638,-0.189607,1.76837
1,-0.0612871,-0.608673,1.7909
1,-0.044242,-0.143587,1.78868
1,0.649255,-0.121922,1.71747
1,0.636411,-0.115607,1.71893
1,0.647246,-0.125889,1.71923
1,-0.0467607,-0.14097,1.79853
1,0.216762,-0.687346,1.79649
1,0.544418,-0.546523,1.76353
1,0.40662,-0.672603,1.77883
1,0.0422443,-0.552684,1.81964
1,0.380028,-0.779119,1.79187
1,0.231795,-0.65347,1.8154
1,-0.115859,-0.216471,1.85282
1,0.577868,-0.484433,1.79695
1,0.397911,-0.477399,1.81636
1,0.562777,-0.517381,1.80087
1,-0.0626542,-0.218193,1.87118
1,0.0792352,-0.469631,1.86203
1,0.539585,-0.424769,1.81496
1,0.456599,-0.508232,1.82427
1,0.595969,-0.464904,1.81026
1,0.0640882,-0.358404,1.86773
1,0.396814,-0.505212,1.8346
1,0.560204,-0.515326,1.8178
1,0.542378,-0.537242,1.82211
1,1.13147,-0.808856,1.77486
1,0.616445,-0.51202,1.82855
1,0.120555,-0.360886,1.87956
1,0.0813592,-0.372325,1.88394
1,0.617522,-0.46029,1.82959
1,0.00676542,-0.291151,1.89196
1,0.932597,0.48619,1.79316
1,0.176733,-0.304168,1.87799
1,0.0541307,-0.380656,1.89345
1,0.906132,0.501437,1.80015
1,0.0818435,-0.47984,1.89526
1,0.103913,-0.32501,1.89312
1,0.532033,-0.453887,1.85006
1,0.624447,-0.471194,1.84069
1,0.435545,-0.498117,1.86129
1,0.617538,-0.49697,1.84511
1,-0.0281456,-0.207953,1.91485
1,0.486315,-0.457979,1.87104
1,0.116827,-0.376292,1.91324
1,0.599059,-0.577302,1.86667
1,0.141164,-0.400681,1.91365
1,0.499844,-0.462959,1.88496
1,0.61805,-0.554387,1.87332
1,0.165193,-0.35384,1.92104
1,0.500686,-0.497133,1.88719
1,0.46631,-0.411848,1.89048
1,-0.0893358,-0.199708,1.94737
1,1.21584,0.38788,1.82068
1,0.426708,0.00879491,1.92765
1,0.421487,-0.00526286,1.95178
1,0.425624,-0.00476956,1.97386
1,0.0273736,-0.3493,2.03986
1,0.00852538,-0.355441,2.08078
2,0.346767,-0.236701,0.456197
2,0.754962,-0.177228,1.32841
2,0.790171,0.383132,1.46333
2,1.26883,-0.274239,1.25148
2,1.00575,0.317021,1.42619
2,1.13781,0.286702,1.37321
2,1.04846,0.323307,1.41604
2,1.01991,0.340877,1.43878
2,1.14689,0.29253,1.38644
2,1.04713,0.331178,1.43576
2,1.16635,0.290505,1.3922
2,1.1694,0.275977,1.40123
2,1.43429,0.182357,1.29252
2,1.44023,0.187486,1.29706
2,1.35769,0.211285,1.34482
2,1.23268,0.268108,1.40938
2,1.26273,0.274556,1.40375
2,1.25588,0.256293,1.40582
2,1.42804,0.205174,1.33076
2,1.29811,0.261121,1.39684
2,1.27634,0.258013,1.40894
2,1.3003,0.26614,1.40846
2,1.25847,0.270985,1.42806
2,0.511868,-0.525404,1.70382
2,0.504321,-0.509537,1.74793
2,0.605001,-0.887074,1.69685
2,0.510618,-0.508785,1.76782
2,1.06406,-0.7004,1.52189
2,0.525233,-0.540998,1.76729
2,0.636309,-0.863017,1.69821
2,0.634885,-0.863559,1.7008
2,0.793755,-0.619805,1.66623
2,1.3723,-0.74389,1.417
2,0.430019,-0.433994,1.88882
2,0.472091,-0.427653,1.88037
2,0.568958,-0.525774,1.83165
2,0.474688,-0.499608,1.87659
2,0.534727,-0.537689,1.85022
2,0.456525,-0.540581,1.88647
2,1.42342,-0.70743,1.45892
2,1.19468,-0.759754,1.56859
2,0.571444,-0.572751,1.86038
2,1.13796,-0.748241,1.61779
2,0.624965,-0.504001,1.86187
2,0.624665,-0.548615,1.87989
2,0.630794,-0.570775,1.89615
2,0.605731,-0.594474,1.91293
2,0.733989,-0.990675,1.84645
2,1.69668,-0.794577,1.48364
2,1.69129,-0.504355,1.57191
2,1.73115,-0.449214,1.59893
2,1.76038,-0.546823,1.5949
2,1.77318,-0.494936,1.59903
2,1.75616,-0.451612,1.61101
2,1.74794,-0.824714,1.6196
2,1.85512,-0.51054,1.60488
2,1.85237,-0.580485,1.61115
3,0.0564283,-0.242443,0.623196
3,0.776908,0.252828,1.13269
3,1.05592,0.226716,0.921918
3,1.20542,0.195119,0.763867
3,1.18755,0.18703,0.785097
3,1.16872,0.206977,0.815192
3,0.916789,-0.663045,1.53011
3,1.02872,-0.686961,1.41993
3,1.06495,-0.70595,1.43771
3,1.55926,-0.312257,0.971274
3,1.55713,-0.334435,0.970493
3,1.01699,-0.71975,1.58462
3,1.07977,-0.736436,1.521
3,1.56771,-0.315738,0.984501
3,1.27034,-0.795554,1.31725
3,1.60663,-0.350996,0.977594
3,1.24813,-0.758792,1.36085
3,1.61418,-0.34414,0.990679
3,1.41305,-0.76088,1.18187
3,1.29097,-0.809557,1.32768
3,1.42637,-0.728023,1.17849
3,1.0728,-0.72613,1.62561
3,1.41318,-0.732706,1.21697
3,1.64028,-0.317431,1.01272
3,1.42645,-0.728736,1.22318
3,1.64928,-0.401168,1.01378
3,1.43368,-0.723755,1.23353
3,1.47641,-0.806267,1.1751
3,1.64195,-0.335723,1.07623
3,1.48209,-0.722531,1.21601
3,1.46813,-0.671635,1.25076
3,1.69146,-0.408114,1.03113
3,1.67073,-0.341599,1.07673
3,1.47995,-0.683045,1.26458
3,1.59462,-0.403717,1.17136
3,1.68195,-0.343048,1.08108
3,1.61063,-0.398063,1.16483
3,1.71646,-0.358508,1.04017
3,1.60689,-0.426069,1.17319
3,1.6773,-0.365807,1.10206
3,1.54851,-0.691669,1.20837
3,1.80516,-1.03418,0.842801
3,1.63759,-0.429446,1.15739
3,1.69825,-0.402083,1.099
3,1.70952,-0.400892,1.0919
3,1.56231,-0.753947,1.21578
3,1.6477,-0.399707,1.17142
3,1.60791,-0.386278,1.22505
3,1.6893,-0.375836,1.12821
3,1.67066,-0.433212,1.14218
3,1.56691,-0.757784,1.21723
3,1.62755,-0.376585,1.20997
3,1.66309,-0.378678,1.16612
3,1.68501,-0.380022,1.14004
3,1.64564,-0.357533,1.19448
3,1.72314,-0.4109,1.09165
3,1.61025,-0.684676,1.18707
3,1.67588,-0.436314,1.14832
3,1.75503,-0.429349,1.05404
3,1.68105,-0.407066,1.15624
3,1.63555,-0.386089,1.22596
3,1.69406,-0.359635,1.16742
3,1.85631,-0.836153,0.88391
3,1.66255,-0.358137,1.2138
3,1.70281,-0.326283,1.17094
3,1.85153,-0.289176,0.992277
3,1.86619,-0.743054,0.900528
3,1.65726,-0.377541,1.22412
3,1.71924,-0.383041,1.15231
3,1.71317,-0.419636,1.16395
3,1.72727,-0.326683,1.16532
3,1.86432,-0.318095,0.996166
3,1.69554,-0.326596,1.25353
3,1.63539,-0.725182,1.28237
3,1.91883,-0.366084,0.999296
3,1.69526,-0.318042,1.29135
3,1.70957,-0.319482,1.29193
3,1.94176,-0.332007,1.01775
3,1.96566,-0.387052,1.02497
3,1.785,-0.237873,1.31248
3,1.56762,-0.361045,1.61521
3,1.7661,-0.255227,1.40034
3,1.88257,-0.238766,1.36256
3,1.6939,-0.375472,1.69691
3,1.52,-0.654853,1.07067
2,1.52,-0.654853,1.07067
3,0.973542,-0.818932,1.16734
2,0.973542,-0.818932,1.16734
3,1.52,-0.654853,1.07067
2,1.52,-0.654853,1.07067
4,0.0343974,-0.0384208,1.59105
4,0.0345149,-0.0435857,1.59648
4,-0.120639,0.151609,1.5848
4,-0.120779,0.146783,1.58665
4,0.230162,0.0970756,1.59188
4,0.226307,0.0975779,1.60012
4,0.0471172,0.183755,1.37644
4,0.0426758,0.183318,1.37318
4,0.214012,0.230273,1.48019
4,0.206098,0.222854,1.52523
4,0.144483,0.255913,1.645
4,0.146505,0.227392,1.55629
4,0.101453,0.0932983,1.70639
4,0.0843042,0.102829,1.68622
4,0.345982,0.212095,1.39155
4,0.345757,0.196314,1.37322
4,-0.0141595,-0.0836352,2.09545
4,-0.115215,0.121179,1.57895
4,-0.11855,0.0949703,1.55736
4,0.0342487,-0.0282651,1.58417
4,0.00470633,-0.0585452,1.74206
4,0.125792,0.101982,1.67234
4,0.119428,0.122074,1.73301
4,0.196062,0.0975905,1.60033
4,0.134454,0.235771,1.64923
4,0.167094,0.217353,1.52039
4,0.0663736,0.189789,1.32758
4,0.0802145,0.184367,1.34917
4,0.0770635,0.175282,1.44996
4,0.207762,0.233163,1.46899
4,0.251198,0.229737,1.50729
4,0.228769,0.216743,1.51613
4,0.0349569,0.194743,1.2518
4,0.0563417,0.0899919,1.64592
4,0.0406918,0.0794538,1.64263
4,-0.0879593,0.0937672,1.53763
4,0.0363002,0.107686,1.67906
4,0.0118525,-0.0871865,2.0245
4,-0.112415,0.234811,1.54058
4,0.0624913,-0.192382,1.43034
4,0.309841,0.0909953,1.49218
4,0.217806,0.20559,1.54001
4,0.22478,-0.130768,1.23221
4,0.404676,-0.1655,1.60723
4,0.180852,0.210386,1.53957
4,0.16963,0.199239,1.54347
4,0.0562312,0.0939588,1.64269
4,0.043351,0.0868424,1.62582
4,0.0557392,0.0808151,1.62832
4,0.0433071,0.0806093,1.62417
4,-0.119796,0.138798,1.58687
4,-0.131225,0.138189,1.57991
4,-0.551631,-0.426397,3.64926
4,-0.119017,0.120001,1.57656
4,-0.286345,0.0567592,1.84803
4,0.0377784,0.106935,1.65111
4,0.0363703,-0.0293638,1.58957
4,0.00642137,-0.0544568,1.62041
4,-0.11967,0.150648,1.58521
4,-0.073118,0.257647,1.61683
4,-0.05605,0.244905,1.65473
4,0.339578,0.214653,1.37979
4,0.340852,0.196714,1.36399
4,0.146995,0.122974,1.61561
4,0.127552,0.108911,1.68163
4,0.232004,0.0982814,1.61166
4,0.1942,0.103729,1.60161
4,0.146091,0.228157,1.54157
4,0.121198,0.236489,1.59786
4,0.0848096,0.193223,1.24203
4,0.0659252,0.192599,1.33546
4,0.0772266,0.185364,1.35646
4,0.0771321,0.176353,1.45124
4,0.215783,0.233196,1.49897
4,0.207833,0.22604,1.56733
4,0.250663,0.23399,1.50408
4,0.230886,0.21976,1.52379
4,0.0419406,0.183022,1.37747
4,0.0339647,0.198165,1.2738
4,0.17491,0.237276,1.48899
4,0.0834581,0.109493,1.69062
4,0.162109,0.102594,1.5841
4,0.396968,0.0825929,1.66414
4,0.0407752,-0.0861075,1.52922
4,-0.11052,0.239772,1.54125
4,-0.154555,0.1997,1.46137
4,-0.1746,0.247443,1.35917
4,-0.181267,0.230197,1.41106
4,-0.0322444,-0.0643026,2.15612
4,-0.0667774,0.078873,1.47662
4,-0.0871176,0.0939051,1.53989
4,0.0249397,0.0685057,1.62861
4,-0.271373,-0.0444007,1.99498
4,0.0129913,-0.0753979,1.67709
4,-0.0340629,-0.111018,2.27771
4,-0.151613,0.260986,1.43356
4,-0.18662,0.135019,1.54367
4,-0.0766874,0.213839,1.56484
4,0.0598543,-0.19441,1.43198
4,0.311133,0.0967501,1.49386
4,0.218775,0.207379,1.56078
4,0.254124,-0.147471,1.3979
4,0.415449,-0.169095,1.66251
4,-0.261121,0.108926,1.60677
4,-0.141414,0.106675,1.57356
4,-0.140871,0.0991485,1.56752
4,-0.0579696,0.0720603,1.45192
4,-0.066538,0.0742661,1.49636
4,0.0314288,0.111568,1.64574
4,0.0388015,0.10383,1.64154
4,0.161997,0.108926,1.60677
4,0.162027,0.10165,1.60707
4,0.311307,0.100598,1.48392
4,0.311307,0.0938602,1.48392
4,0.419893,0.115661,1.70612
4,0.420546,0.108083,1.70877
4,0.446039,0.112488,1.65931
4,0.446446,0.10505,1.66082
4,0.487247,0.113311,1.67145
4,0.490967,0.106529,1.68421
4,-0.119014,0.16251,1.56088
4,0.136366,0.111837,1.64971
4,0.131808,0.106721,1.68724
4,-0.360625,0.0235997,1.7732
4,-0.351505,-0.00898777,1.85242
4,-0.288248,0.0856376,1.72548
4,-0.31536,0.0945542,1.74547
4,-0.217926,0.218813,1.42034
4,-0.110608,0.23763,1.54248
4,-0.133869,0.229483,1.4896
4,-0.064119,0.247406,1.60594
4,-0.057248,0.234545,1.61782
4,0.0163122,-0.0744468,1.62853
4,0.0361045,-0.0906305,1.52744
4,0.089023,0.198648,1.28944
4,0.0683263,0.188595,1.34292
4,0.0937602,0.114693,1.69184
4,0.0858381,0.0990528,1.68711
4,0.170044,0.217287,1.54723
4,0.156458,0.217933,1.55183
4,0.224634,0.208259,1.58546
4,0.181752,0.200653,1.52755
4,0.182651,0.234515,1.47869
4,0.205212,0.217333,1.54756
4,0.197349,0.0938017,1.59767
4,0.221714,0.233591,1.51626
4,0.236409,0.213776,1.52223
4,-0.117388,0.0903896,1.53955
4,0.164471,0.0678276,1.00053
4,0.237078,0.0951909,1.62133
4,0.362673,0.221456,1.39635
4,0.333096,0.208507,1.35344
4,0.353957,0.197572,1.36279
4,0.429065,0.0910811,1.68136
4,0.411693,0.156806,1.5061
4,0.460775,0.125414,1.63146
4,0.448261,0.126061,1.63987
4,0.453477,0.0883994,1.63185
4,-0.113211,0.121365,1.57878
4,-0.134506,0.128333,1.57632
4,0.0818812,0.173952,1.47749
4,0.0448665,0.18013,1.37132
4,0.0939739,0.130353,1.6957
4,0.0368124,0.201267,1.30644
4,0.107313,0.199152,1.37368
4,0.0456603,0.0804245,1.62045
4,0.373533,0.179247,1.41345
4,0.427081,0.0678645,1.67358
4,-0.317468,0.0162234,1.85012
4,-0.356418,0.0695137,1.71425
4,-0.0764589,0.212021,1.56017
4,-0.162457,0.127801,1.56979
4,-0.17343,0.249167,1.37435
4,-0.178954,0.22491,1.41812
4,-0.156961,0.263415,1.45294
4,-0.156524,0.196899,1.44889
4,0.0304374,-0.0366788,1.59383
4,-0.0241929,-0.0612102,1.90725
4,-0.0893931,0.0973411,1.53895
4,0.0236553,0.058518,1.62504
4,-0.0438291,0.0908003,2.01372
4,-0.0386555,-0.112778,2.24415
4,-0.269951,-0.0459252,1.99563
4,-0.0677058,0.00809072,1.91335
4,-0.180074,0.132165,1.53764
4,0.385569,0.198089,1.41053
4,0.253989,0.224807,1.50356
4,-0.530723,-0.227682,3.56448
4,0.0596894,-0.194954,1.42803
4,-0.114615,0.132575,1.55888
4,-0.114425,0.115397,1.5563
4,0.0301771,-0.0205811,1.5802
4,0.0216185,-0.0292593,1.58392
4,0.197179,0.214832,1.5397
4,0.179912,0.205883,1.53553
4,0.542732,-0.0198066,1.52072
4,0.53984,-0.0279422,1.51262
4,-0.275365,-0.0258197,1.98242
4,-0.266057,-0.0476889,1.9936
4,-0.140405,0.124357,1.56233
4,-0.164667,0.123401,1.55033
4,-0.136428,0.228356,1.51808
4,-0.1573,0.206637,1.48097
4,-0.113536,0.232285,1.5442
4,-0.0433218,0.0829785,1.769
4,-0.0609437,0.0781384,1.49247
4,0.0218963,0.0577702,1.60427
4,0.00441687,0.0577928,1.6049
4,0.0405852,0.104586,1.65348
4,0.0393894,0.0752744,1.60476
4,0.0875576,0.106942,1.69073
4,0.104704,0.0874518,1.67036
4,0.238947,0.223056,1.53857
4,0.233622,0.226014,1.55898
4,0.440263,0.105375,1.66596
4,0.45857,0.0872506,1.66651
4,0.574356,0.179622,1.7716
4,0.518601,0.179975,1.68455
4,-0.176057,0.231739,1.43651
4,-0.199798,0.216369,1.43839
4,-0.122077,0.0977757,1.54582
4,-0.140104,0.107103,1.55899
4,0.021787,-0.0729722,1.59627
4,-0.0386368,-0.103815,2.02913
4,0.0358753,-0.146448,1.4616
4,0.0588061,-0.198946,1.43815
4,0.158831,0.219808,1.57537
4,0.105642,0.208148,1.43574
4,0.147709,0.0979608,1.54874
4,0.133353,0.106731,1.68741
4,0.243871,0.102934,1.62737
4,0.185212,0.0999858,1.58076
4,0.429401,0.197501,1.47301
4,0.363133,0.203405,1.40302
4,-0.318292,0.0162655,1.85492
4,-0.356093,-0.00391797,1.84135
4,-0.266231,0.110085,1.6024
4,-0.33187,0.102072,1.76585
4,-0.0883635,0.097748,1.54538
4,-0.0728343,0.245295,1.57369
4,-0.0561403,0.230007,1.58651
4,-0.0810361,0.210035,1.5665
4,-0.0234923,-0.0601749,1.72829
4,0.0887656,0.182594,1.55089
4,0.0961541,0.133721,1.67998
4,0.0778527,0.133729,1.68008
4,0.0326965,0.207636,1.33209
4,0.0708004,0.190756,1.36715
4,0.0342928,0.187325,1.39712
4,0.412677,0.107649,1.70192
4,0.311479,0.0939122,1.48474
4,0.419141,0.0685822,1.65424
4,0.5113,0.174571,1.72178
4,0.367829,0.175063,1.42116
4,0.452149,0.130792,1.64318
4,0.485359,0.114384,1.66497
4,-0.349205,0.0988102,1.70942
4,-0.364505,0.0720534,1.73796
4,0.592977,0.189057,1.76956
4,0.596027,0.160957,1.77866
4,0.532784,0.14718,1.73062
4,0.223541,0.241289,1.54798
4,0.176108,0.242475,1.50306
4,-0.122735,0.166043,1.55415
4,-0.13874,0.181759,1.5438
4,-0.0697991,0.00654967,1.97251
4,-0.18732,0.138311,1.52841
4,-0.367345,0.0249013,1.7515
4,-0.230552,0.215814,1.4347
4,0.0375835,-0.0950241,1.53119
4,0.513696,0.0829564,1.58449
4,0.328794,0.203972,1.35598
4,0.404886,0.138886,1.6331
4,0.248601,0.225002,1.49578
4,-0.493174,-0.204311,3.29221
4,-0.155588,0.255149,1.39338
4,0.0860023,0.106852,1.6607
4,0.0744639,0.105883,1.64565
4,0.0742853,-0.198434,1.43444
4,0.0650419,-0.189449,1.43742
4,0.173413,0.182844,1.56752
4,0.141139,0.180884,1.55072
4,0.412416,0.109929,1.70852
4,0.333556,0.0997115,1.54972
4,0.517751,0.0813245,1.58634
4,0.477998,0.102439,1.59211
4,0.628561,0.256739,1.71922
4,0.612472,0.221267,1.70571
4,0.664558,0.251806,1.61546
4,0.652269,0.259523,1.66497
4,0.944252,0.285249,1.83001
4,0.897063,0.277188,1.85615
4,-0.169785,0.23329,1.43642
4,-0.198348,0.21493,1.43925
4,-0.167482,0.214181,1.4999
4,-0.120607,0.228065,1.5272
4,-0.111559,0.189719,1.54014
4,-0.141004,0.188698,1.53185
4,-0.0719885,0.242447,1.55541
4,-0.0522226,0.224571,1.57266
4,-0.0722451,0.212695,1.56096
4,0.0814574,0.183475,1.57294
4,0.0700316,0.180531,1.5477
4,0.0966866,0.139175,1.65773
4,0.307573,-1.08613,3.37938
4,0.368901,-1.11533,3.33459
4,0.295648,-1.12897,3.24836
4,0.435495,0.202049,1.48283
4,0.375734,0.200545,1.4044
4,0.235506,0.244961,1.57154
4,0.180087,0.249629,1.53702
4,0.236828,0.225672,1.58037
4,0.181635,0.211233,1.55023
4,-0.111706,0.179887,1.54217
4,-0.141343,0.179112,1.53553
4,-0.111967,0.129776,1.54577
4,-0.163765,0.120603,1.55783
4,0.0349547,0.21254,1.36355
4,0.0730922,0.201544,1.4114
4,0.0463799,0.187003,1.44158
4,0.469491,0.155113,1.59859
4,0.411346,0.155441,1.50084
4,0.455981,0.136421,1.62493
4,0.414792,0.126195,1.63006
4,0.584603,0.181867,1.75599
4,0.529829,0.178878,1.72714
4,0.580267,0.157727,1.74297
4,0.519945,0.153378,1.69492
4,-0.478733,-1.18565,3.17273
4,0.117797,-1.29633,3.043
4,0.258975,0.102268,1.58946
4,0.188017,0.103249,1.6047
4,-0.227074,0.215401,1.4424
4,-0.270325,0.112376,1.58545
4,-0.131949,0.0891957,1.54308
4,-0.277085,0.082135,1.83634
4,-0.256673,-0.0403791,1.95522
4,0.0198107,-0.0738281,1.57739
4,-0.0541562,-0.0950449,2.03071
4,0.139746,0.106437,1.65426
4,0.039931,-0.0932731,1.55767
4,0.435922,0.107462,1.67019
4,0.544056,-0.0213853,1.51518
4,0.935592,0.264086,1.76841
4,0.0272564,0.194476,1.42725
4,0.0099814,0.117498,1.65772
4,0.260534,0.22958,1.53735
4,0.0200041,0.0608281,1.59279
4,-0.0611872,0.078924,1.53951
4,0.0300921,-0.0222401,1.57574
4,0.60184,0.191525,1.73945
4,0.150784,0.220717,1.54567
4,-0.180784,0.138408,1.52948
4,-0.317709,0.0685329,1.79454
4,-0.498376,-1.01836,3.30291
4,-0.175648,0.256316,1.40814
4,0.560179,-0.16595,1.47928
4,0.404878,0.163031,1.46328
4,0.43862,0.12687,1.58523
4,0.628472,0.260816,1.73136
4,0.597517,0.213848,1.68244
4,0.612196,0.192054,1.72378
4,0.56129,-0.0332374,1.51357
4,0.539822,-0.0214533,1.51999
4,0.676716,0.248599,1.65026
4,0.66808,0.268482,1.69402
4,-0.479175,0.096566,1.70925
4,-0.543934,0.0317288,1.83741
4,-0.456732,0.070421,1.7258
4,-0.460757,0.030064,1.741
4,0.238896,0.225673,1.58038
4,0.186789,0.210445,1.55941
4,0.387098,0.10153,1.57799
4,0.343241,0.0995817,1.54771
4,-0.12936,0.231432,1.5363
4,-0.106261,0.197141,1.551
4,-0.141526,0.195428,1.53752
4,0.517512,0.173978,1.67983
4,0.561184,0.148716,1.69229
4,0.476892,0.102202,1.58842
4,0.335494,-1.08844,3.48584
4,0.0592434,-0.188939,1.43356
4,-0.492217,-0.843096,3.17943
4,-0.510515,-1.0038,3.29763
4,-0.76753,-1.00158,3.29033
4,0.0275368,-0.106858,1.54793
4,0.513115,0.0771026,1.58483
4,-0.301847,0.0861271,1.77033
4,-0.330561,0.0962449,1.70357
4,-0.334487,0.0176719,1.87546
4,-0.234649,0.217315,1.44259
4,-0.245729,0.144611,1.51071
4,-0.13208,0.0886194,1.5686
4,-0.259967,-0.0434866,1.98031
4,0.0158055,0.0523871,1.58945
4,-0.0578926,0.0758563,1.55921
4,0.0282104,-0.0223819,1.58579
4,-0.53417,0.244697,1.7136
4,-0.440543,0.110377,1.71548
4,-0.51428,0.157925,1.64979
4,0.0261043,0.198027,1.4674
4,-0.0465403,0.226945,1.58929
4,0.0034702,0.119377,1.65371
4,0.148248,0.207868,1.54031
4,0.0851797,0.201608,1.49393
4,0.143618,0.104532,1.62464
4,0.103275,0.13992,1.59221
4,0.374508,0.198918,1.39301
4,0.339828,0.208684,1.3853
4,-0.201387,0.206708,1.44756
4,-0.118507,0.172917,1.55201
4,-0.168299,0.125019,1.5621
4,0.90051,0.271957,1.9045
4,0.25049,0.0889989,1.57531
4,0.0533421,0.0650112,1.59322
4,-0.573049,0.244078,1.70927
4,-0.767604,-1.15657,3.29065
4,-0.289079,-0.135785,1.96696
4,-0.457531,-1.16746,3.11315
4,-0.174948,0.257999,1.41738
4,0.557448,-0.170916,1.47206
5,-0.235764,0.0691947,1.21078
5,0.163891,0.235084,1.40093
5,0.365426,0.195159,1.45045
5,0.383319,0.169652,1.46559
5,0.0279556,0.10322,1.47386
5,0.0451519,-0.130461,1.44721
5,0.0340091,-0.130495,1.44869
5,0.0343681,-0.129721,1.45939
5,0.0207219,0.101169,1.49567
5,-0.0246932,-0.665377,1.42365
5,-0.0494938,0.0786266,1.56319
5,-0.119488,0.20903,1.58607
5,-0.151317,0.185859,1.58306
5,0.582523,-0.172294,1.55351
5,-0.151997,0.131275,1.57844
5,-0.144532,0.115753,1.57885
5,0.114572,0.1246,1.58765
5,0.515499,0.0643616,1.59403
5,0.228832,0.113892,1.59458
5,0.260597,0.0820492,1.5913
5,0.188875,0.0826119,1.59036
5,0.167749,0.0922057,1.5935
5,0.194586,0.0857432,1.59714
5,0.518147,0.072984,1.60458
5,0.237699,0.0831651,1.60227
5,-0.0521813,0.0857767,1.60255
5,0.0358702,0.0782988,1.61822
5,0.0394894,0.0763842,1.62853
5,0.437588,0.0944795,1.64639
5,-0.236386,0.120259,1.63983
5,0.107944,0.0843665,1.65189
5,0.433893,0.127406,1.66475
5,0.406259,0.102952,1.66197
5,-0.0493103,0.0735466,1.65282
5,-0.247244,0.107157,1.71899
5,-0.262175,0.0787967,1.82551
5,0.625636,0.156398,2.03906
5,0.667293,0.172763,2.23575
5,0.436327,-1.04727,2.16878
5,0.425598,-1.0797,2.22908
5,0.454437,-1.10211,2.38381
5,0.269673,-0.802322,2.5893
5,0.31287,-0.890407,2.58168
5,-0.253612,-1.40364,2.65824
5,0.23641,-1.59496,2.70255
5,0.474359,-1.32717,2.74505
5,-0.273819,-1.34605,2.73954
5,-0.256953,-1.53014,2.72079
5,-0.26512,-1.53348,2.72661
5,0.312046,-0.970023,2.83463
5,0.3264,-0.971203,2.8539
5,0.491098,-1.58919,2.78905
5,-0.292741,-1.69194,2.8261
5,0.316314,-1.00893,2.94931
5,0.173959,-1.60569,3.13404
5,-0.736276,-1.14151,3.19685
5,-0.762827,-0.996883,3.32136
5,0.139704,-1.67086,3.44027
5,0.74089,-1.57088,3.5008
5,-0.784824,-1.90997,4.78859
5,-0.806196,-1.86621,5.04726
5,-0.929805,-1.66731,5.61511
5,-0.37906,-5.70735,12.6125
6,0.524296,-1.41502,1.74541
6,0.597201,-1.59067,1.96061
6,0.626794,-1.67004,2.06235
6,0.663809,-1.79455,2.19053
6,0.536019,-1.40412,2.51988
6,0.860052,-1.53269,2.47674
6,0.536152,-1.43372,2.54347
6,0.51412,-1.42817,2.56416
6,0.851679,-1.58185,2.48788
6,1.25752,-1.57956,2.5087
6,0.649544,-1.21277,2.71714
6,0.641619,-1.23287,2.73177
6,0.655094,-1.22917,2.73701
6,0.0425297,-1.23365,2.75276
6,0.631217,-1.3262,2.70568
6,0.669093,-1.26259,2.74621
6,0.595939,-1.24329,2.75701
6,0.556278,-1.5012,2.61629
6,0.674057,-1.26869,2.74829
6,0.554102,-1.52814,2.60618
6,0.612326,-1.25238,2.75872
6,0.601771,-1.24677,2.76475
6,0.67166,-1.23494,2.7721
6,0.119443,-1.34641,2.71134
6,0.673935,-1.26654,2.75929
6,0.589312,-1.24974,2.77729
6,0.841445,-1.66524,2.55014
6,0.641955,-1.33715,2.73688
6,0.676711,-1.32042,2.74711
6,0.679269,-1.31335,2.75239
6,0.679638,-1.32579,2.74823
6,0.566098,-1.54115,2.63259
6,0.641098,-1.31006,2.76451
6,0.547535,-1.54817,2.6356
6,0.574682,-1.54972,2.63628
6,0.676912,-1.33049,2.75829
6,0.548153,-1.5413,2.64252
6,0.646861,-1.26199,2.79801
6,0.64567,-1.34469,2.75253
6,0.608741,-2.10351,2.33754
6,0.679398,-1.33058,2.76439
6,0.549239,-1.54777,2.64614
6,0.549681,-1.52831,2.65782
6,0.548558,-1.62868,2.60459
6,0.616821,-1.30712,2.78444
6,0.565256,-2.10995,2.34536
6,0.600159,-1.26956,2.8086
6,0.493204,-1.61529,2.62028
6,0.0255971,-1.66624,2.5914
6,0.212148,-1.36942,2.75568
6,0.640331,-1.31443,2.78704
6,0.482354,-1.61346,2.62481
6,0.557884,-1.72862,2.56165
6,0.569405,-1.5683,2.6501
6,0.55099,-1.63586,2.61607
6,0.619535,-2.15313,2.33135
6,-0.0201018,-1.67097,2.5998
6,0.621959,-1.35286,2.77647
6,0.037602,-1.63209,2.62232
6,0.62003,-1.34745,2.78051
6,0.140817,-1.6144,2.63465
6,0.85682,-1.63538,2.62498
6,0.620667,-1.3488,2.78335
6,0.682058,-2.18361,2.32492
6,0.716746,-2.16068,2.33768
6,0.557001,-1.32467,2.79868
6,0.603244,-2.10993,2.36665
6,-0.415698,-2.09138,2.37549
6,0.549158,-1.75587,2.56288
6,0.490227,-1.60878,2.64624
6,0.481631,-1.34156,2.79515
6,0.0714653,-1.6785,2.60935
6,0.0604776,-1.60673,2.65339
6,0.545131,-1.38216,2.77853
6,0.117908,-1.38964,2.77365
6,0.552395,-1.65445,2.62948
6,0.154528,-1.50793,2.70962
6,0.639657,-1.32629,2.81283
6,0.540197,-1.37858,2.78397
6,0.464495,-1.56701,2.68146
6,0.545798,-1.65506,2.6341
6,0.49074,-1.3843,2.78451
6,0.535532,-1.36562,2.79551
6,-0.320017,-1.68071,2.6219
6,0.682687,-2.19081,2.34318
6,0.0271275,-1.34486,2.80839
6,0.465509,-1.54925,2.69676
6,0.513437,-1.38587,2.78706
6,0.529102,-1.35222,2.80886
6,0.514087,-1.37748,2.79519
6,0.540673,-1.66128,2.63899
6,0.492161,-1.34946,2.81164
6,0.577543,-1.62262,2.66182
6,0.505247,-1.36671,2.80298
6,0.486549,-1.383,2.79465
6,0.575906,-1.62828,2.66047
6,0.523402,-1.35103,2.81402
6,-0.412015,-2.11593,2.39148
6,0.0495593,-1.27881,2.85552
6,0.516457,-1.2874,2.85183
6,0.515106,-1.29888,2.84653
6,0.0440292,-1.65911,2.64736
6,0.52114,-1.62197,2.6693
6,0.673714,-1.38004,2.8043
6,0.549054,-1.63937,2.66147
6,-0.00133522,-1.68525,2.63574
6,0.153993,-1.61982,2.67274
6,0.545683,-1.63697,2.66475
6,0.483171,-1.35349,2.82341
6,0.175162,-1.5032,2.74047
6,0.482812,-1.38305,2.80763
6,0.600903,-2.13548,2.39492
6,0.633495,-2.12236,2.40321
6,0.0759317,-1.68972,2.64091
6,0.518291,-1.29696,2.85967
6,0.174893,-1.53924,2.72575
6,0.564874,-1.34924,2.83295
6,0.514019,-1.62189,2.68377
6,0.480817,-1.35046,2.83458
6,0.145583,-1.35799,2.83268
6,0.175057,-1.55702,2.72442
6,0.496995,-1.3199,2.85691
6,0.481703,-1.60398,2.70096
6,0.500851,-1.32875,2.85371
6,0.174659,-1.59524,2.70655
6,0.689792,-2.14583,2.40476
6,0.17586,-1.51632,2.75103
6,0.174682,-1.60198,2.70526
6,0.193938,-1.63285,2.69331
6,0.528045,-1.30849,2.87434
6,0.36396,-1.7993,2.60388
6,0.610339,-2.16236,2.40484
6,0.591004,-1.65368,2.68667
6,0.650888,-2.20011,2.38693
6,0.487328,-1.35678,2.85149
6,0.55441,-1.4053,2.82568
6,0.501397,-1.33375,2.8656
6,0.487436,-1.36941,2.84661
6,0.487096,-1.39314,2.83358
6,0.191093,-1.63655,2.6995
6,0.356902,-1.81927,2.6
6,0.0282235,-1.65058,2.6924
6,0.65788,-2.11095,2.44215
6,0.346075,-1.83232,2.59925
6,0.734632,-2.20878,2.39473
6,0.358365,-1.79491,2.62405
6,0.34652,-1.83296,2.6034
6,0.6554,-2.14035,2.43878
6,0.237438,-1.69937,2.68117
6,0.566962,-1.68696,2.68954
6,0.0661537,-1.65021,2.70895
6,0.708889,-2.25026,2.38154
6,0.0765897,-1.71552,2.67511
6,-0.420157,-2.15349,2.43312
6,0.191379,-1.63921,2.72058
6,0.0429912,-1.68742,2.69423
6,0.0767835,-1.70776,2.68315
6,0.179425,-1.40349,2.85158
6,0.181188,-1.58226,2.75855
6,0.253287,-1.71496,2.68913
6,0.0144981,-1.30497,2.9163
6,0.163773,-1.39101,2.87016
6,0.162988,-1.45181,2.83891
6,0.466497,-1.62335,2.74646
6,0.472908,-1.62319,2.74668
6,0.243185,-1.71819,2.69445
6,0.377227,-1.81632,2.64279
6,0.0278722,-1.69465,2.70972
6,0.332159,-1.83828,2.63292
6,0.174511,-1.62278,2.75132
6,0.0500106,-1.69366,2.71263
6,0.0225687,-1.69438,2.71444
6,0.241952,-1.71634,2.70294
6,0.0769746,-1.73172,2.69525
6,0.237505,-1.72264,2.70273
6,0.339317,-1.84971,2.6342
6,0.18914,-1.59048,2.77739
6,0.350121,-1.86958,2.62421
6,-0.188634,-1.75313,2.68745
6,0.35043,-1.85827,2.63187
6,-0.0936397,-1.75502,2.68816
6,-0.0192568,-1.73401,2.70105
6,0.200678,-1.65297,2.74697
6,-0.00548176,-1.7329,2.70408
6,0.202116,-1.66543,2.74168
6,0.247616,-1.73069,2.70801
6,0.242799,-1.72811,2.71119
6,0.169024,-1.44174,2.8702
6,0.0290457,-1.7344,2.71007
6,0.236536,-1.71896,2.71954
6,0.0469318,-1.71464,2.72315
6,0.470492,-1.62846,2.77402
6,0.149448,-1.5378,2.82563
6,-0.427247,-2.1862,2.46938
6,0.0197266,-1.74118,2.71554
6,-0.341424,-1.75194,2.7109
6,0.0557289,-1.33357,2.94583
6,-0.0884579,-1.70987,2.74189
6,-0.0466764,-1.6985,2.74885
6,0.48148,-1.64418,2.78004
6,0.193365,-1.60694,2.80152
6,0.472683,-1.64138,2.78465
6,0.113082,-1.69898,2.75457
6,0.0854572,-1.74371,2.73221
6,0.0273897,-1.752,2.72864
6,0.00806112,-1.75238,2.72896
6,0.146767,-1.53634,2.85481
6,0.480975,-1.64169,2.79785
6,-0.17349,-1.76657,2.72953
6,0.128748,-1.4507,2.90471
6,-0.272247,-1.82782,2.69829
6,-0.00134161,-1.7332,2.75376
6,0.138146,-1.48936,2.89074
6,-0.184156,-1.77142,2.73723
6,0.165193,-1.64451,2.80927
6,0.172916,-1.64994,2.80682
6,0.163403,-1.50745,2.887
6,-0.0270672,-1.76149,2.74823
6,-0.131652,-1.72561,2.76813
6,0.165291,-1.65554,2.80887
6,0.167372,-1.52005,2.8858
6,0.164376,-1.47036,2.91714
6,0.359506,-1.89086,2.68631
6,-0.104118,-1.77935,2.74758
6,-0.191896,-1.77924,2.74944
6,0.159527,-1.4216,2.95078
6,0.168555,-1.47312,2.92257
6,-0.117933,-1.7085,2.79347
6,-0.344627,-1.79319,2.74866
6,-0.49681,-2.2254,2.51394
6,0.0847846,-1.33084,3.00801
6,0.154171,-1.42686,2.96204
6,0.225854,-1.35553,3.00147
6,0.0530304,-1.36562,2.99595
6,0.014286,-1.33104,3.01567
6,-0.493828,-2.2201,2.52854
6,-0.0995204,-1.37052,2.99923
6,-0.0218225,-1.7829,2.77781
6,0.0142183,-1.3369,3.02428
6,-0.346939,-1.79219,2.77296
6,-0.108783,-1.79554,2.7726
6,0.472484,-1.63936,2.8617
6,-0.124892,-1.72522,2.81444
6,0.492983,-1.61823,2.87573
6,0.636167,-2.1512,2.58476
6,0.049423,-1.3616,3.02082
6,-0.0616578,-1.7975,2.78321
6,-0.182469,-1.79822,2.78712
6,-0.0919762,-1.77508,2.80337
6,-0.290819,-1.71545,2.83633
6,-0.319383,-1.692,2.85338
6,-0.471485,-1.17358,3.14008
6,-0.0815415,-1.77908,2.80988
6,-0.306575,-1.7691,2.81499
6,-0.306422,-1.74511,2.8305
6,0.326601,-1.05489,3.21477
6,-0.105695,-1.38078,3.03483
6,-0.131288,-1.76498,2.82591
6,-0.291475,-1.66072,2.8842
6,-0.166239,-1.41753,3.02163
6,-0.340283,-1.85172,2.78555
6,-0.115805,-1.38973,3.04251
6,-0.101702,-1.76169,2.83872
6,0.649758,-2.18307,2.61362
6,-0.487022,-1.14855,3.18285
6,-0.264718,-1.69928,2.88123
6,-0.291464,-1.72132,2.86918
6,0.124082,-1.35657,3.07114
6,-0.284831,-1.88178,2.78273
6,-0.145154,-1.39405,3.05303
6,0.0227539,-1.44553,3.02875
6,0.114775,-1.32402,3.09677
6,-0.157139,-1.40031,3.05564
6,-0.354045,-1.83043,2.81873
6,-0.217746,-1.40189,3.06103
6,-0.119415,-1.39505,3.0721
6,-0.249222,-1.75533,2.87451
6,-0.318665,-1.76581,2.87347
6,0.655543,-2.20252,2.63656
6,-0.269707,-1.71458,2.90443
6,-0.320907,-1.79013,2.86499
6,-0.583685,-2.24017,2.61684
6,-0.520258,-2.27804,2.59783
6,-0.484598,-1.02458,3.28894
6,0.0847024,-1.37025,3.10406
6,0.475504,-1.65996,2.94858
6,-0.309004,-1.50911,3.03052
6,-0.306771,-1.68808,2.93216
6,-0.318585,-1.78739,2.88032
6,-0.156926,-1.40369,3.09262
6,-0.306574,-1.64748,2.95919
6,0.496705,-1.6578,2.95664
6,-0.316914,-1.50957,3.03718
6,-0.495075,-1.15685,3.23586
6,-0.330354,-1.55472,3.01891
6,-0.194826,-1.45069,3.0797
6,-0.496019,-1.12761,3.26192
6,-0.29562,-1.61366,2.99884
6,-0.306166,-1.76142,2.91825
6,0.663059,-2.19404,2.68221
6,-0.219662,-1.42312,3.10816
6,-0.27856,-1.73766,2.94386
6,1.06253,-1.50525,3.07612
6,-0.307783,-1.71185,2.97352
6,-0.308272,-1.69973,2.98815
6,-0.322727,-1.70347,2.9879
6,-0.344342,-1.59858,3.06467
6,-0.344412,-1.54564,3.10287
6,-0.643187,-2.20281,2.75266
6,-0.284715,-1.76384,3.00539
6,-0.147277,-1.46059,3.18652
6,-0.559454,-2.33954,2.70693
6,-0.199501,-1.49683,3.17316
6,-0.578233,-2.33417,2.71459
6,-0.129805,-1.47199,3.19361
6,-0.230251,-1.47479,3.19849
6,-0.200846,-1.51729,3.18121
6,0.332481,-1.07938,3.43531
6,0.629666,-2.01184,2.92315
6,-0.605407,-2.34404,2.74261
6,-0.315167,-1.66369,3.13192
6,1.54598,-1.54795,3.2022
6,0.371187,-1.08594,3.4555
6,-0.245684,-1.5422,3.24414
6,-0.208993,-1.53393,3.26047
6,-0.233296,-1.53497,3.35396
6,0.751253,-2.42442,2.97223
6,0.97451,-3.16181,3.8586
7,0.577382,-0.196044,0.470398
7,-0.190208,-1.11469,2.22428
7,0.214126,-1.42494,2.59208
7,0.456861,-2.11777,2.47281
7,0.470332,-1.99954,2.54337
7,0.485283,-2.16981,2.48075
7,0.452888,-2.13703,2.48769
7,0.178729,-1.59684,2.61864
7,0.227572,-1.50962,2.68536
7,0.237797,-1.25177,2.82222
7,0.218482,-1.24454,2.81863
7,0.178168,-1.603,2.64866
7,0.138739,-1.51076,2.69354
7,0.231706,-1.32564,2.81833
7,0.152938,-1.34704,2.81334
7,0.133479,-1.33066,2.81712
7,0.0971752,-1.57917,2.69529
7,0.220726,-1.68467,2.71632
7,-0.229127,-1.41121,2.65497
7,0.0974296,-1.54723,2.74095
7,-0.400206,-1.35671,2.66723
7,-0.224265,-1.45448,2.77015
7,-0.573585,-1.83773,2.50412
7,-0.173524,-1.0414,3.07766
7,-0.706538,-1.54508,2.66802
7,-0.184386,-1.05003,3.11099
7,-0.580559,-1.43924,2.79757
7,-0.21077,-1.07436,3.10739
7,-0.233906,-1.05901,3.17486
7,-0.938496,-1.20855,2.829
7,-0.954027,-1.21362,2.85198
7,-0.972233,-1.0356,2.92206
7,-0.240726,-1.05052,3.23493
7,-0.250164,-1.08393,3.23395
7,-1.00448,-1.0691,2.96869
7,-1.27769,-1.03186,2.87904
7,-1.2555,-1.18525,2.8415
7,-0.234629,-1.06671,3.3223
7,-0.215585,-1.08857,3.33149
7,-1.26452,-1.20212,2.86481
7,-0.264129,-1.08007,3.32769
7,-0.278192,-1.08898,3.33164
7,-1.21578,-0.31044,3.30227
7,-1.16583,-0.300196,3.32778
7,-0.23043,-1.08738,3.37517
7,-1.2048,-0.311077,3.42541
8,0.232009,-0.0600827,1.09159
8,-0.000739872,-0.0690989,1.42075
8,0.495895,-0.0542093,1.45882
8,0.465125,-0.0354574,1.46114
8,0.476337,-0.0338288,1.46204
8,0.510075,-0.0288912,1.46528
8,0.508473,-0.028467,1.46555
8,0.507586,-0.0265309,1.46588
8,0.506606,-0.0227743,1.46931
8,-0.00210676,-0.0506974,1.44555
8,0.00456858,-0.0462423,1.44682
8,-0.00173172,-0.036529,1.45928
8,-0.0379263,-0.0243638,1.46968
8,-0.0228285,-0.027447,1.47103
8,-0.0225535,-0.0218734,1.47284
8,-0.048006,-0.0242646,1.48151
8,-0.0299546,0.000516057,1.48843
8,-0.0775812,0.140829,1.52015
8,-0.0498067,0.0403766,1.5265
8,-0.0592033,0.0458664,1.52764
8,-0.0243471,0.188193,1.55852
8,-0.0469403,0.118974,1.56353
8,-0.177733,0.162428,1.56785
8,-0.0237189,0.218926,1.58133
8,0.478779,0.2139,1.64785
8,0.426922,0.304717,1.68685
8,0.501296,0.247114,1.69085
8,0.437251,0.267067,1.72119
8,0.448248,0.332009,1.74539
8,0.470406,0.319107,1.78229
8,0.478952,0.291021,1.78359
8,0.52782,0.330651,1.79849
8,0.55204,0.322877,1.79942
8,0.466678,0.320804,1.79801
8,0.537554,0.328671,1.83003
8,-0.397026,0.102825,1.77321
8,-0.360744,0.158134,1.81577
8,0.77615,0.376441,1.89786
8,0.773044,0.378726,1.90859
8,-0.428142,0.0536888,1.83252
8,-0.406531,0.12194,1.87482
8,-0.507614,0.0576914,1.91845
8,-0.381722,0.108591,1.94165
8,-0.375809,0.0713363,1.98565
8,-0.343545,0.0607113,1.98874
8,1.08772,0.129555,2.11188
8,1.09255,0.131936,2.13172
8,1.11553,0.0381173,2.13843
8,1.20628,0.177959,2.16672
8,1.15361,0.185002,2.1733
8,1.1672,0.147171,2.18835
8,1.29668,0.0568462,2.25299
8,1.26726,0.0547934,2.31407
8,1.61544,-0.818882,2.81123
8,0.399609,-1.50929,2.70555
8,-0.121465,-1.28069,2.71126
8,0.104307,-1.64888,2.69358
8,0.46573,-1.57871,2.72505
8,0.118863,-1.60965,2.71404
8,0.040664,-1.39877,2.74129
8,1.74735,-0.859053,2.8839
8,0.0395817,-1.41054,2.75887
8,0.420657,-1.27997,2.78951
8,0.0784134,-1.67918,2.74155
8,0.437105,-1.26283,2.80303
8,0.0295012,-1.66678,2.74757
8,0.0531899,-1.53284,2.77781
8,0.392807,-1.35498,2.81472
8,0.125204,-1.42001,2.82329
8,1.67886,-0.797209,2.97019
8,0.122775,-1.4341,2.89319
8,-0.232436,-1.33646,2.89422
8,0.243427,-1.04833,3.10238
8,1.7621,-0.757614,3.31463
8,1.78266,-0.815735,3.41379
8,-0.551058,-0.422627,3.17392
7,-0.551058,-0.422627,3.17392
8,0.437191,-1.35932,2.87957
7,0.437191,-1.35932,2.87957
8,-0.0281368,-1.58457,2.50563
6,-0.0281368,-1.58457,2.50563
8,1.23414,-1.31649,2.85056
6,1.23414,-1.31649,2.85056
9,1.04985,-0.777555,1.40119
9,1.1532,-1.16891,1.67405
9,1.38977,-1.16306,1.68813
9,1.03784,-1.1974,1.68779
9,1.20822,-0.0164566,2.10023
9,1.36669,0.00572297,2.17493
9,1.2592,-0.00146356,2.28818
9,1.33664,0.016307,2.29316
9,1.29863,0.000516087,2.34395
9,1.33621,0.0109334,2.3574
9,0.473424,-1.55687,2.62932
9,1.22875,-1.57018,2.6238
9,0.493619,-1.50954,2.66886
9,1.18029,-1.60032,2.653
9,2.20507,-1.48847,2.6815
9,2.26056,-1.53294,2.68065
9,2.26161,-1.53655,2.67988
9,1.9405,-0.704161,2.89482
9,0.466606,-1.5221,2.70444
9,0.551739,-1.6718,2.69483
9,1.82005,-0.791086,2.92707
9,1.3513,-1.28793,2.805
9,0.524167,-1.53491,2.74745
9,0.560711,-1.59938,2.73781
9,0.561089,-1.52849,2.75695
9,1.90762,-0.793252,2.94689
9,1.37854,-1.28468,2.82759
9,1.9902,-0.71548,2.975
9,1.8289,-0.801091,2.95704
9,0.516322,-1.39301,2.81635
9,1.27703,-1.3112,2.85809
9,1.87487,-0.844617,2.97659
9,1.69891,-1.28976,2.87555
9,0.640919,-1.37628,2.86577
9,1.76961,-0.879392,2.99563
9,1.89042,-0.842426,3.02779
9,1.94959,-0.858324,3.06372
9,1.7188,-1.30946,2.96215
9,1.67925,-1.1921,2.99852
9,0.60717,-1.33616,2.97366
9,1.80883,-0.905484,3.09105
9,0.865312,-1.65868,2.61229
6,0.865312,-1.65868,2.61229
9,0.473801,-1.35946,2.74172
7,0.473801,-1.35946,2.74172
10,0.796597,-0.778256,0.464801
10,0.865561,-1.0193,1.10366
10,1.74771,-0.777791,2.27626
10,1.81293,-0.812661,2.38474
10,1.81848,-0.787844,2.42419
10,1.0557,-1.58847,2.36121
10,1.11707,-1.3034,2.47956
10,1.87106,-0.825444,2.50557
10,1.2535,-1.31185,2.54933
10,1.64242,-1.22199,2.52125
10,1.37248,-1.29917,2.56538
10,1.91174,-0.892019,2.59094
10,1.27421,-1.32807,2.5891
10,1.38187,-1.32994,2.57366
10,1.87658,-0.842324,2.64477
10,1.46683,-1.31797,2.57232
10,1.89926,-0.843993,2.69863
10,1.36868,-1.64525,2.5134
10,0.707339,-1.32496,2.83706
10,1.38375,-1.35178,2.63706
10,1.71691,-0.930931,2.73716
10,1.95376,-0.900765,2.69743
10,1.32739,-1.35847,2.69252
10,0.873443,-1.70783,2.68521
10,0.86936,-1.71273,2.69519
10,1.17539,-1.38925,2.74609
10,1.76461,-0.93348,2.78474
10,1.94753,-0.907923,2.75087
10,1.21036,-1.69675,2.62833
10,1.77389,-0.93124,2.79437
10,1.39628,-1.35051,2.72683
10,1.40021,-1.36982,2.72483
10,1.82255,-0.950095,2.78718
10,1.20958,-1.6525,2.67233
10,2.09526,-0.83628,2.77073
10,1.26678,-1.73188,2.63399
10,1.26904,-1.72096,2.64452
10,1.22087,-1.67037,2.68178
10,1.23219,-1.68475,2.67268
10,1.87699,-0.958558,2.79996
10,1.83334,-0.904217,2.84655
10,1.34599,-1.38657,2.78224
10,1.87037,-0.961844,2.81855
10,1.95824,-0.909817,2.81993
10,1.27193,-1.7223,2.67045
10,1.89684,-0.895562,2.85487
10,0.697267,-1.46944,2.94935
10,0.772179,-2.33958,2.56342
10,0.720089,-1.39911,2.9738
10,1.89335,-0.976615,2.83956
10,1.91543,-0.961231,2.84739
10,2.1782,-0.781347,2.87686
10,2.17032,-0.849252,2.86095
10,1.90116,-0.962523,2.90382
10,1.84074,-0.888258,2.96079
10,0.733692,-1.4806,3.04818
10,2.34978,-1.68044,2.52926
10,1.86896,-0.902447,3.01192
10,1.48706,-1.54727,3.34545
10,1.01188,-3.32129,4.6039
10,2.4692,-2.13902,5.36405
10,2.68533,-2.93008,7.8364
10,1.58887,-1.14493,2.43268
9,1.58887,-1.14493,2.43268
10,0.493498,-1.50344,2.53039
9,0.493498,-1.50344,2.53039
10,1.18989,-1.64625,2.49811
9,1.18989,-1.64625,2.49811
10,0.814195,-2.17599,2.69707
6,0.814195,-2.17599,2.69707
10,0.65584,-2.31151,2.58174
6,0.65584,-2.31151,2.58174
10,0.739317,-2.31585,2.59864
6,0.739317,-2.31585,2.59864
10,1.15067,-1.35534,2.65333
8,1.15067,-1.35534,2.65333
10,1.4346,-1.07464,2.09566
8,1.4346,-1.07464,2.09566
11,-0.599467,-0.0842639,1.00941
11,0.91254,0.371513,2.03881
11,0.687488,0.159265,2.56822
11,0.683226,0.132009,2.56459
11,0.718281,0.169882,2.54576
11,0.697637,0.103058,2.54574
11,0.754106,0.115503,2.55442
11,0.795265,0.165651,2.54652
11,0.880929,0.199008,2.49736
11,0.863146,0.0503865,2.48461
11,0.903128,0.0795004,2.4924
11,0.891754,0.171861,2.55256
11,0.931918,0.154702,2.53566
11,0.878017,0.101262,2.57152
11,0.907725,0.119095,2.59422
11,0.934202,0.0307581,2.59374
11,0.889343,0.0208629,2.64519
11,0.943527,0.0911779,2.63453
11,1.87242,-1.41793,1.92434
11,1.54646,-1.28688,2.46464
11,1.8462,-0.682304,2.43966
11,1.74184,-0.786971,2.53386
11,1.64119,-0.902005,2.5939
11,1.74622,-0.840989,2.51789
11,1.79839,-0.832663,2.48877
11,1.88635,-0.726433,2.44643
11,1.7552,-0.853154,2.52748
11,1.57808,-1.25896,2.52806
11,1.5646,-1.07223,2.64944
11,1.65408,-0.907425,2.65626
11,1.91423,-0.715389,2.48578
11,1.8148,-0.870811,2.55446
11,1.71843,-0.86833,2.66299
11,1.76668,-0.91334,2.59737
11,1.74959,-0.935904,2.62255
11,1.73362,-0.875048,2.68163
11,1.9848,-0.76815,2.49067
11,1.77403,-0.892356,2.7089
11,1.79511,-0.900561,2.72096
11,1.79524,-0.895917,2.77347
11,2.26125,-0.95312,3.12084
11,2.9756,-1.29611,3.86409
11,1.50401,-0.799595,2.56374
10,1.50401,-0.799595,2.56374
11,0.511121,-1.80383,3.08883
9,0.511121,-1.80383,3.08883
11,1.69586,-0.78703,2.74968
8,1.69586,-0.78703,2.74968
12,-0.519058,0.0620671,1.38729
12,-0.483205,0.0813937,1.4001
12,-0.490328,0.0971288,1.44455
12,-0.423594,0.0937307,1.43956
12,-0.371387,0.137949,1.56521
12,0.180635,0.20892,1.15332
12,-0.461853,0.154034,1.67591
12,-0.177947,0.191205,1.45071
12,0.232251,0.232773,1.19268
12,0.196541,0.228315,1.23691
12,0.0210061,0.217778,1.37697
12,0.372117,0.275519,1.32017
12,0.357232,0.297771,1.36377
12,0.167537,0.290993,1.5442
12,0.394116,0.315687,1.38319
12,0.0197104,0.318519,1.71826
12,0.224951,0.31772,1.56084
12,-0.510517,0.0984361,2.16154
12,-0.403943,-0.143541,2.13455
12,-0.373428,-0.115894,2.11916
12,0.228321,0.306108,1.61797
12,0.511718,0.338155,1.4161
12,0.245373,0.341586,1.65177
12,0.33563,0.329529,1.58798
12,0.506772,0.322738,1.46344
12,0.292735,0.288108,1.64397
12,0.228222,0.356637,1.69696
12,0.295712,0.300057,1.66764
12,0.0455251,0.330176,1.87896
12,0.387658,0.299038,1.61518
12,0.303803,0.309602,1.68114
12,0.376267,0.366475,1.62887
12,0.404318,0.374644,1.61038
12,0.478249,0.350768,1.55703
12,0.547531,0.33693,1.50439
12,0.404092,0.378426,1.61376
12,0.313251,0.306273,1.69376
12,0.386996,0.360058,1.63441
12,0.112162,0.369221,1.84947
12,0.361238,0.360598,1.65573
12,0.374589,0.334491,1.65069
12,0.339422,0.309886,1.68368
12,0.336422,0.31626,1.6884
12,0.426246,0.285697,1.62264
12,0.453011,0.356727,1.59745
12,0.426192,0.356027,1.61925
12,0.325234,0.313945,1.70379
12,-0.335117,0.309001,2.2309
12,-0.408951,0.109974,2.31258
12,-0.372566,0.075717,2.28855
12,0.451202,0.290224,1.62451
12,0.563741,0.353858,1.53998
12,0.45513,0.291502,1.6328
12,0.478353,0.365048,1.6083
12,0.453512,0.339204,1.63263
12,0.414361,0.370929,1.66082
12,0.319948,0.369907,1.73867
12,0.485149,0.371881,1.61094
12,0.559521,0.364529,1.558
12,0.457873,0.344985,1.64005
12,0.445289,0.348187,1.64962
12,0.442845,0.354177,1.65285
12,0.434925,0.312086,1.66582
12,0.523016,0.370122,1.59294
12,0.469399,0.333582,1.63877
12,0.384084,0.339255,1.70698
12,-0.346858,0.121945,2.30759
12,0.12689,0.346437,1.92056
12,0.130372,0.345946,1.92412
12,0.511166,0.363801,1.63691
12,-0.30843,0.326468,2.28358
12,0.507954,0.366409,1.64235
12,0.457831,0.351249,1.68566
12,0.471728,0.31764,1.68358
12,0.482614,0.337043,1.67736
12,0.498278,0.318765,1.68208
12,0.153328,0.353112,1.9554
12,0.506016,0.319187,1.68299
12,0.369224,0.356269,1.78927
12,0.550966,0.339253,1.64874
12,0.612605,0.362742,1.60355
12,-0.390857,0.211082,2.40546
12,0.579993,0.397134,1.63408
12,0.489827,0.36526,1.71243
12,-0.34452,0.268445,2.39449
12,-0.255199,0.349879,2.31745
12,0.357887,0.4012,1.83335
12,0.51226,0.341112,1.7201
12,-0.326455,0.190301,2.41233
12,0.650582,0.380576,1.63074
12,0.351175,0.372836,1.87689
12,0.377137,0.390481,1.85876
12,-0.0904653,0.29114,2.23884
12,0.544394,0.363122,1.73499
12,0.418,0.371719,1.83958
12,0.541447,0.383545,1.75716
12,0.551955,0.359096,1.75594
12,0.629922,0.326479,1.69805
12,0.389473,0.392793,1.88381
12,0.378427,0.392627,1.90096
12,0.402133,0.380955,1.88686
12,-0.315698,0.236779,2.47634
12,-0.0584527,0.319407,2.27513
12,0.397393,0.385433,1.93713
12,0.403846,0.383942,1.93399
12,0.694096,0.395125,1.72201
12,0.4098,0.378785,1.96259
12,0.685842,0.374217,1.74795
12,0.420755,0.349193,1.97736
12,0.71404,0.363873,1.75361
12,0.424324,0.359578,1.9851
12,0.43037,0.32075,2.00334
12,0.432551,0.350251,2.00278
12,0.431323,0.323376,2.01128
12,0.433373,0.325721,2.01326
12,0.4392,0.337347,2.01625
12,0.741142,0.363025,1.78157
12,0.316363,0.103741,2.17665
12,0.470353,0.294327,2.07297
12,-0.155885,0.402056,2.56086
12,-0.0107144,0.306742,2.4675
12,0.355226,0.164322,2.20507
12,0.372749,0.0995485,2.2054
12,0.38442,0.0882224,2.20133
12,0.424387,0.192705,2.16679
12,0.378804,0.113504,2.20994
12,0.424944,0.191632,2.17526
12,0.463425,0.219262,2.14626
12,0.418439,0.173606,2.18625
12,0.371371,0.17458,2.22659
12,0.465383,0.228869,2.15586
12,0.393983,0.118281,2.22501
12,0.498574,0.246069,2.13197
12,0.393096,0.168088,2.22338
12,0.397625,0.153219,2.22128
12,0.47106,0.228788,2.15858
12,0.441976,0.0201618,2.20686
12,0.475004,0.217388,2.16295
12,0.454821,0.198833,2.1886
12,0.509523,0.226492,2.14354
12,0.441878,0.173681,2.20509
12,0.514397,0.239372,2.14226
12,0.410048,0.179805,2.23003
12,0.447976,0.204183,2.20293
12,0.517439,0.247152,2.15531
12,0.425714,0.107088,2.24163
12,0.516051,0.218216,2.16056
12,0.426677,0.178031,2.23931
12,0.46238,0.168907,2.22255
12,0.431578,0.110013,2.25481
12,0.509323,0.216745,2.18682
12,0.527439,0.20785,2.17409
12,0.491627,0.182785,2.20645
12,0.528202,0.217888,2.17665
12,0.441536,0.131602,2.25713
12,0.498776,0.171401,2.21162
12,0.450674,0.15104,2.25337
12,0.508397,0.182016,2.21686
12,0.459131,0.157818,2.26033
12,0.542397,0.227091,2.19137
12,0.497483,0.156323,2.2342
12,0.557879,0.208828,2.18882
12,0.545143,0.213461,2.19892
12,0.496422,0.155432,2.24266
12,0.525055,0.174626,2.22397
12,0.545152,0.192899,2.2107
12,0.546974,0.177392,2.21401
12,0.523107,0.0404973,2.24766
12,0.552379,0.190146,2.2193
12,0.553409,0.177755,2.22416
12,0.5229,0.173624,2.24895
12,0.575796,0.208153,2.2043
12,0.598083,0.0569332,2.20576
12,0.554338,0.177756,2.23008
12,0.56539,0.19011,2.23901
12,0.611085,0.0552255,2.21606
12,0.559868,0.114679,2.26192
12,0.570046,0.169378,2.25461
12,0.609036,0.175406,2.22554
12,0.629981,0.067565,2.2291
12,0.616371,0.187506,2.2384
12,0.594809,0.0516484,2.26911
12,0.619594,0.180228,2.24876
12,0.606835,0.172009,2.26505
12,0.57478,0.0713735,2.29984
12,0.615193,0.0731546,2.271
12,0.580989,0.0946263,2.29594
12,0.591181,0.154643,2.28481
12,0.595762,0.132831,2.29942
12,0.570964,0.0536705,2.34234
12,0.854254,-0.576298,2.17925
12,0.578744,0.0519957,2.3441
12,0.603519,0.0660882,2.32898
12,0.611067,0.127767,2.32357
12,0.613424,0.119766,2.32489
12,0.629917,0.0720118,2.31769
12,0.617622,0.134454,2.32159
12,0.607444,0.0941548,2.33434
12,0.605941,0.0723664,2.33773
12,0.630289,0.0506302,2.32329
12,0.589851,0.0561252,2.35865
12,0.628308,0.0691161,2.32987
12,0.627558,0.0717371,2.33029
12,0.609417,0.0516568,2.34717
12,0.616777,0.0949214,2.33875
12,0.639034,0.127252,2.32284
12,0.626044,0.0955044,2.35276
12,0.640163,0.0699453,2.35031
12,0.628424,0.0683585,2.36845
12,-0.0379927,0.385078,2.86904
12,1.85305,0.259563,1.64818
12,0.0756029,0.577392,3.18655
12,1.4103,-0.748163,2.51323
12,1.56081,-0.61393,2.40141
12,0.145383,0.630927,3.52683
12,1.54164,-0.658595,2.75495
12,1.74325,-0.744373,2.67443
12,1.64527,-0.633109,2.77081
12,1.65221,-0.626992,2.79957
12,1.23195,-1.28276,2.71804
10,1.23195,-1.28276,2.71804
12,0.738698,-0.245329,3.36079
8,0.738698,-0.245329,3.36079
12,0.73488,-0.248836,3.32375
8,0.73488,-0.248836,3.32375
13,0.670102,0.163622,1.84425
13,1.26241,-0.591038,2.14569
13,1.27344,-0.574479,2.16138
13,1.21845,-0.61952,2.37371
13,1.27992,-0.674231,2.35835
13,1.31129,-0.673435,2.38481
13,0.894819,-1.24524,2.70246
13,1.41346,-0.667872,2.52219
13,1.45882,-0.737106,2.43985
13,0.974953,-1.30224,2.77584
13,1.49601,-0.73334,2.46081
13,1.77099,-1.34512,1.88059
13,1.84058,-1.40029,1.86779
13,0.677646,-1.83679,3.38445
13,2.05647,-0.648207,2.504
13,2.23895,-0.642799,2.64782
13,2.42863,-0.703361,2.76975
13,2.33176,-0.896129,2.89477
13,2.33475,-0.911317,2.89012
13,2.43277,-0.987934,3.06179
13,2.54119,-0.87618,3.07132
13,2.49449,-1.02955,3.085
13,2.52026,-1.0492,3.09937
13,2.84835,-0.741035,2.96393
13,2.64943,-1.05904,3.20685
13,2.94102,-0.778984,3.03117
13,1.28731,-1.90638,2.96559
10,1.28731,-1.90638,2.96559
13,1.45778,-2.0942,3.24227
10,1.45778,-2.0942,3.24227
13,1.1306,-1.70312,2.70745
10,1.1306,-1.70312,2.70745
13,1.31172,-1.64815,3.32997
10,1.31172,-1.64815,3.32997
13,0.963876,-1.14665,2.45829
10,0.963876,-1.14665,2.45829
13,0.944659,-1.74441,3.62131
10,0.944659,-1.74441,3.62131
13,0.868142,-1.56535,2.60102
7,0.868142,-1.56535,2.60102
14,-0.257478,-0.304425,5.72898
14,-0.26947,-0.30918,5.7709
14,0.0703923,0.111439,2.90316
14,0.554182,0.378881,2.71006
14,0.521414,0.35123,2.63095
14,0.600867,0.392637,2.80845
14,0.569918,0.347217,2.6638
14,0.472226,0.341052,2.68136
14,0.462806,0.309392,2.62788
14,0.0740587,0.135179,2.98958
14,0.249218,0.186417,3.05693
14,0.23073,0.187056,3.06742
14,0.653539,0.405781,2.6623
14,0.666518,0.395128,2.64718
14,-0.130181,-0.0584928,5.07034
14,-0.169091,-0.0443249,5.28727
14,-0.338571,-0.422839,5.91861
14,-0.374573,-0.458545,5.89782
14,-0.279159,-0.325535,5.84679
14,-0.351005,-0.360461,5.81544
14,1.15663,-0.363817,5.32757
14,1.02296,-0.35739,5.00249
14,1.17342,-0.335017,5.40493
14,1.0538,-0.530643,5.15328
14,1.06162,-0.632797,5.19156
14,0.690396,0.362838,2.92516
14,0.221808,0.23687,3.21864
14,0.189422,0.226382,3.3644
14,0.558231,0.257071,3.34962
14,0.522441,0.237948,3.53628
14,0.821545,-0.0843486,4.01752
14,0.582061,0.314492,3.08416
14,0.552372,0.323913,3.08128
14,0.592494,0.280535,3.13944
14,0.548163,0.293194,3.16929
14,0.582836,0.238351,2.76492
14,0.561188,0.335117,2.9247
14,0.457658,0.283322,2.69515
14,0.502367,0.283017,2.95844
14,0.442736,0.335881,2.70783
14,0.424806,0.309645,2.70239
14,0.410612,0.312579,3.26747
14,0.494607,0.224288,3.49715
14,0.573537,0.0861352,2.64178
14,0.358079,-0.200164,5.44518
14,0.329403,0.0655679,3.2795
14,0.311531,0.0418743,3.97501
14,0.400182,0.176127,3.64127
14,0.619862,0.422139,2.55797
14,-0.185549,0.0204926,4.8463
14,-0.283482,-0.0274315,5.24466
14,0.0419089,0.123234,3.44633
14,1.03281,0.234874,4.55865
14,0.563477,-0.1255,3.73435
14,0.599396,0.418176,2.80158
14,0.317059,0.292021,3.15661
14,1.31009,-0.289702,5.2032
14,0.392708,0.171442,3.45434
14,0.385521,0.174099,3.50787
14,0.540404,0.367937,2.6925
14,0.515398,0.36466,2.66852
14,0.546997,0.292853,3.20935
14,0.573549,0.269633,3.22208
14,0.0813025,0.139795,3.04914
14,0.0811619,0.11652,3.04386
14,0.400175,0.181964,3.40664
14,0.392629,0.190825,3.57253
14,0.377187,0.13956,3.31781
14,-0.451194,0.249522,3.85272
14,-0.549519,0.259006,4.84897
14,-0.31138,-0.399081,5.89843
14,-0.38535,-0.497408,6.00786
14,-0.307703,-0.306155,5.82879
14,-0.371398,-0.347951,5.79033
14,-0.158893,-0.0376101,5.28076
14,-0.175842,0.0197457,4.66967
14,1.06075,-0.890339,4.91452
14,1.07907,-1.03812,4.99939
14,1.06242,-0.528435,5.19547
14,1.06995,-0.580823,5.13724
14,1.06106,0.231793,4.67032
14,0.568633,0.080914,2.6345
14,0.611258,0.0441197,2.83198
14,0.698133,0.366716,2.92666
14,0.588943,0.362545,2.72859
14,0.226754,0.215685,3.14645
14,0.286597,0.180172,3.14996
14,0.231656,0.186246,3.05413
14,0.227184,0.0353298,2.99517
14,0.290133,0.0140689,3.32718
14,0.543599,0.254043,3.33759
14,0.52338,0.242843,3.54263
14,0.561899,0.310666,3.02791
14,0.568968,0.274183,3.00475
14,0.48213,0.349629,2.70851
14,0.538171,0.330465,2.90006
14,0.495222,0.327544,2.78205
14,0.465763,0.297319,2.79477
14,0.397719,0.31432,3.18083
14,0.322457,-0.186929,4.99938
14,0.327178,0.0642817,3.31988
14,0.155385,0.191949,3.14766
14,0.13522,0.158456,2.96653
14,0.650104,0.427509,2.68277
14,0.603606,0.424476,2.79653
14,0.939738,-0.515061,5.06398
14,1.04819,-0.637718,5.12586
14,1.04157,-0.383162,5.09348
14,1.30266,-0.273805,5.21288
14,1.12767,-0.333718,5.22452
14,-0.135883,-0.0563339,5.16558
14,-0.202546,-1.11691,5.37883
14,-0.260264,-1.02241,5.31079
14,-0.517013,-1.11643,5.4763
14,-0.532906,-1.04481,5.42713
14,-0.26761,-1.19589,5.46067
14,0.0146484,0.127516,3.69646
14,0.31151,0.288431,3.16089
14,1.04861,-0.802303,4.94493
14,-0.55286,-0.295732,5.63035
14,-0.225459,-1.36059,5.64689
14,-0.25337,-1.37291,5.69801
14,0.508336,0.228576,3.37173
14,0.49733,0.215129,3.40115
14,-0.243102,-1.21798,5.46708
14,-0.198853,-1.30297,5.61952
14,0.160073,0.184716,3.14616
14,0.155259,0.151452,3.05155
14,0.243157,0.0555577,3.1126
14,0.251697,0.0282523,3.22191
14,0.396719,0.294399,3.09784
14,0.384378,0.295725,3.1118
14,-0.337254,0.176974,1.77732
14,-0.358333,0.183442,1.76193
14,-0.488173,-1.29284,5.17081
14,-0.552385,-1.27845,5.11326
14,-0.325055,-1.37373,5.59598
14,-0.375962,-1.47572,5.59735
14,-0.293107,-0.354879,5.98094
14,-0.394467,-0.37513,5.87286
14,0.174317,0.0727804,2.7026
14,0.365812,0.119861,3.32853
14,0.345614,0.0767508,3.42797
14,0.481865,0.343291,2.70702
14,0.533415,0.317497,2.92208
14,0.571503,0.226691,2.78446
14,0.60491,0.363042,2.76381
14,0.662358,0.328913,2.90573
14,0.605466,0.159116,2.71013
14,1.08089,-0.920854,4.93856
14,1.06739,-1.01905,4.98015
14,0.695209,0.407325,2.72428
14,0.657081,0.419042,2.72005
14,0.0783472,0.149456,3.31456
14,0.0494657,0.106939,3.39813
14,0.0200045,0.114958,3.65293
14,0.214497,0.196514,3.10686
14,0.232819,0.214504,3.16415
14,0.288636,0.170434,3.14621
14,0.238879,0.17953,3.05783
14,0.28362,-0.0010139,3.25249
14,0.549259,0.292335,2.93586
14,0.491618,0.303,2.91027
14,0.546159,0.250922,2.91929
14,0.542943,0.283242,3.12998
14,0.444686,0.324111,2.86331
14,0.511985,0.350954,2.67178
14,0.0976954,0.0804124,2.98601
14,0.378967,0.164349,3.31143
14,0.661047,0.438316,2.54513
14,0.588448,0.410505,2.74555
14,0.91111,-0.020198,4.16283
14,1.02293,-0.107556,4.67372
14,0.395385,-1.36967,4.78324
14,1.56378,-1.51172,5.36436
14,1.47765,-1.52336,5.40568
14,1.62645,-1.70129,5.75874
14,1.08455,-0.517996,5.16976
14,0.948174,-0.530822,5.06811
14,1.06865,-0.649167,5.09396
14,1.03875,-0.392206,5.06098
14,1.29792,-0.283739,5.17821
14,1.0908,-0.325086,5.08939
14,1.30688,-0.396872,5.12119
14,-0.361349,0.402793,1.77676
14,-0.471247,-1.40629,5.24371
14,-0.543974,-1.4574,5.25631
14,-0.347807,-0.436834,5.98766
14,-0.469883,-0.351744,5.50674
14,-0.535805,-0.370465,5.41493
14,-0.345921,-1.2807,5.52347
14,-0.207293,-1.06238,5.1919
14,-0.257851,-1.02885,5.26153
14,-0.470952,-1.19128,5.24042
14,-0.551468,-1.18361,5.10477
14,-0.410272,-1.29646,5.38074
14,-0.515712,-1.11776,5.46251
14,-0.607718,-1.46237,5.18927
14,1.08567,-1.15013,4.96037
14,1.458,-0.582867,5.33381
14,0.293276,-0.187216,4.54694
14,1.08166,-1.39271,4.94207
14,0.119594,0.0510708,2.86123
14,0.299722,0.26757,3.11298
14,1.64714,-3.93945,13.3347
14,-0.347758,0.0192859,4.56087
14,-0.356044,-1.57629,5.68511
14,0.515795,0.317272,2.82556
14,0.519764,0.288688,2.8473
14,-0.354734,-0.45261,6.20391
14,-0.386341,-0.450054,6.16887
14,-0.4636,-1.16331,5.15862
14,-0.242779,-0.925705,5.24558
14,-0.269113,-1.03142,5.20218
14,0.977392,-0.21866,4.78318
14,0.861824,-0.209568,4.58431
14,1.05675,-0.489997,5.17153
14,1.05109,-0.571448,5.14383
14,0.628988,0.335564,2.85017
14,0.605238,0.308229,2.88501
14,0.353002,0.119617,3.32175
14,0.323102,0.0666216,3.38776
14,0.118477,0.0569791,2.89743
14,0.0800414,0.0996617,3.26097
14,0.499489,0.220953,3.21619
14,0.484038,0.221902,3.23001
14,0.525803,0.28629,3.16366
14,0.538996,0.249941,3.1401
14,0.53541,0.257726,2.84801
14,0.582025,0.226717,2.84833
14,0.527467,0.3656,2.72674
14,0.49029,0.356112,2.76847
14,0.162275,0.164056,3.13351
14,0.0846434,0.161756,3.44845
14,0.232623,0.217195,3.1615
14,0.643286,0.423032,2.71396
14,0.695998,0.413204,2.74692
14,0.590665,0.412806,2.74427
14,0.68528,0.498,2.30765
14,0.680756,0.47466,2.37973
14,1.02922,-0.394908,5.03683
14,1.34526,-0.277612,5.42608
14,1.06939,-0.316346,5.09749
14,1.31947,-0.408298,5.20761
14,-0.306841,0.227498,1.84683
14,-0.364082,0.404036,1.78224
14,-0.368406,0.369532,1.80341
14,-0.318155,-0.348168,6.15019
14,-0.507691,-0.272508,5.32633
14,-0.527502,-0.353398,5.23495
14,-0.328962,-1.1559,5.25267
14,-0.189884,-1.23933,5.36606
14,-0.396841,-1.24657,5.39742
14,-0.54741,-1.19031,5.15384
14,-0.520639,1.14048,3.23989
14,-0.512703,1.07094,3.1905
14,0.010319,0.114592,3.74949
14,-0.136065,-0.00967078,4.54496
14,-0.364488,0.190624,1.78423
14,1.0726,-0.933733,4.98336
14,1.11797,-1.19761,5.06595
14,1.40284,-0.577814,5.20113
14,1.07363,-0.652196,5.11772
14,0.429416,-0.206738,4.04081
14,0.258586,-0.166108,4.12527
14,0.664815,0.442361,2.56862
14,0.239777,0.0285751,3.25872
14,0.433307,0.324674,2.89148
14,0.29854,0.26621,3.13023
14,-0.347454,0.0385802,4.39969
14,0.0864964,0.106797,3.37414
14,0.138142,0.0567106,3.05294
14,0.147985,0.167662,3.27046
14,0.0865668,0.15104,3.37689
14,0.283484,0.241132,3.1147
14,0.246732,0.224384,3.16572
14,0.490941,0.325359,2.78931
14,0.492771,0.271659,2.7997
14,0.527879,0.252636,2.79177
14,0.572506,0.219242,2.83195
14,1.05354,-0.401295,5.04814
14,0.629494,0.331091,2.83845
14,0.614435,0.276996,2.85471
14,1.6594,-1.55737,5.65017
14,1.62318,-1.59502,5.65267
14,2.06528,-0.986081,3.95254
14,2.037,-1.03608,3.85024
14,-0.297778,0.215135,1.74646
14,-0.590151,-1.31854,5.28515
14,-0.594359,-1.46715,5.32283
14,-0.440648,-1.50149,5.57978
14,-0.400491,-0.443395,6.07759
14,-0.512205,-0.345073,5.1955
14,-0.262785,-1.41651,5.67784
14,-0.344828,-1.60122,5.80924
14,-0.220327,-1.20179,5.54356
14,0.333623,0.143357,3.20512
14,0.319526,0.0608433,3.27542
14,0.428102,0.333226,2.85675
14,0.507954,0.23021,3.24791
14,0.888885,-0.00416098,4.00807
14,1.65335,-1.73572,5.62956
14,1.55355,-1.7106,5.66828
14,1.70863,-1.68087,5.56978
14,1.62236,-1.73431,5.28856
14,0.867457,0.560699,1.87082
14,0.859487,0.550223,1.96442
14,1.05048,0.474492,2.14457
14,-0.520162,-1.07484,5.27621
14,-0.397661,-1.26196,5.48995
14,-0.557476,-1.21899,5.30303
14,1.52691,-1.5731,5.70723
14,1.01125,-0.226789,4.84551
14,0.56985,0.273513,2.81881
14,0.167179,0.165496,3.22822
14,0.153181,0.0549453,2.95791
14,-0.531558,1.14118,3.24188
14,-0.512527,1.06088,3.25563
14,0.0213896,0.158891,3.55241
14,-0.114798,-0.00446862,4.30459
14,-0.252549,-0.968903,5.45667
14,0.632812,0.183592,2.85341
14,0.968101,0.482569,1.90031
14,0.702196,0.412092,2.75951
14,0.62824,0.348953,2.8328
14,2.06128,-0.266196,4.4455
14,1.81655,-0.293288,4.4158
14,2.04793,-0.466605,4.4167
14,1.81416,-0.430227,4.341
14,2.10386,-0.714936,4.02638
14,2.08622,-0.941328,4.0951
14,2.05508,-1.13827,4.03397
14,2.08049,-1.24846,4.13693
14,1.09313,-0.587601,5.23786
14,1.14848,-1.42739,5.1786
14,0.504084,0.358213,2.76141
14,0.229126,0.0386293,3.20901
14,1.54288,0.457444,3.52637
14,0.703827,0.503355,2.3443
14,0.685785,0.481557,2.38822
14,2.02594,-1.6587,4.08152
14,0.782678,-0.166673,4.13931
14,0.24222,-0.167222,4.15294
14,1.13187,-0.972969,5.10372
14,-0.327739,0.0499574,4.15004
14,-0.323542,-0.366782,6.12531
14,0.501967,-1.5923,5.51524
14,-0.252561,-1.40098,5.61559
14,-0.358514,-1.61343,5.90963
14,-0.279961,-1.0728,5.30023
14,-0.200692,-1.22127,5.4052
14,0.00752576,0.146342,3.58639
14,0.0624701,0.08819,3.51163
14,0.185627,0.158387,3.25562
14,0.181237,0.054889,3.17863
14,0.339034,0.158459,3.2571
14,0.311625,0.0559113,3.23783
14,0.527848,0.243636,2.77243
14,0.963806,-0.0954342,4.34589
14,0.612382,0.394304,2.76129
14,0.602445,0.33585,2.81611
14,1.62575,-1.60475,5.71366
14,1.55821,-1.67678,5.97011
14,0.877901,0.545431,1.92042
14,0.858891,0.547046,1.98082
14,-0.373511,-1.36012,5.45179
14,-0.467076,-1.22612,5.07425
14,-0.456164,-1.47906,5.41744
14,0.584283,0.271394,2.83519
14,0.647075,0.187731,2.91772
14,1.26356,-0.234345,5.15086
14,1.01937,-0.419079,4.9464
14,-0.480417,0.487293,1.87075
14,-0.335345,0.287462,1.72823
14,-0.491015,-0.994906,4.91537
14,0.503405,-0.204608,4.49725
14,0.230359,-0.183812,4.04015
14,-2.12664,-2.41504,6.05963
14,-2.10588,-2.33418,5.74368
14,-0.514542,1.07435,3.32365
14,-0.0887958,0.00653218,4.14194
14,-0.235646,-0.937191,5.23949
14,1.27751,0.193897,4.75181
14,2.15594,-0.288568,4.71614
14,1.87387,-0.315458,4.56967
14,1.88803,-0.453652,4.51777
14,-1.86916,0.0646341,6.8594
14,0.529693,0.353624,2.78212
14,0.466525,0.211793,2.93394
14,1.13076,-1.43204,5.0987
14,1.50484,-1.70384,5.59737
14,-0.526812,-1.33497,4.88969
14,1.32819,-0.485668,5.24652
14,0.883635,0.569549,1.90035
14,0.986419,0.461576,2.0862
14,0.702536,0.499371,2.34
14,0.676566,0.470123,2.37777
14,2.17388,-0.506136,4.67516
14,1.63189,-1.74274,5.58133
14,1.53205,-1.81166,4.73196
14,1.06739,-0.747621,4.81299
14,-0.364795,0.193789,1.73935
14,-0.482641,-0.333535,4.83154
14,0.459326,-1.50014,5.19603
14,1.80683,-1.49298,3.8213
14,1.60113,0.489467,3.62699
15,-0.472295,0.00732348,1.61996
15,-0.343826,0.28667,1.64753
15,-0.381738,0.103715,1.66258
15,-0.342361,0.273165,1.66538
15,-0.341097,0.289289,1.67075
15,-0.370851,0.111328,1.6752
15,-0.373943,0.112961,1.67512
15,-0.343055,0.289731,1.67396
15,-0.330206,0.278767,1.68478
15,-0.373684,0.116771,1.68697
15,-0.49173,0.0122831,1.68436
15,-0.379253,0.115945,1.69508
15,-0.378725,0.11163,1.70879
15,-0.36982,0.103823,1.71262
15,-0.376454,0.18081,1.72029
15,-0.393646,0.0983775,1.72967
15,-0.377777,0.184938,1.73695
15,-0.370219,0.18495,1.74127
15,-0.372903,0.189557,1.74178
15,-0.483757,-0.000136852,1.7397
15,-0.336046,0.193135,1.75447
15,-0.373871,0.182562,1.75577
15,-0.368256,0.185752,1.75738
15,-0.361947,0.182967,1.76557
15,-0.365035,0.179308,1.76662
15,-0.363652,0.180177,1.77214
15,-0.510314,0.448847,1.75953
15,-0.373841,0.352502,1.77599
15,-0.348448,0.183631,1.79075
15,-0.496756,0.00312419,1.7946
15,-0.391103,0.579523,1.79959
15,-0.346533,0.179853,1.81666
15,-0.395674,0.57839,1.80732
15,-0.466242,0.462013,1.80509
15,-0.395712,0.578141,1.81678
15,-0.472515,0.470935,1.81761
15,0.622013,-0.639924,2.15054
15,-0.797293,0.260739,2.31765
15,-0.790974,0.16797,2.34911
15,-0.814315,0.265902,2.354
15,-0.844954,0.264463,2.44099
15,-0.9114,1.12923,2.45016
15,0.159378,0.0996692,2.6177
15,0.717463,0.444851,2.67275
15,0.168474,0.0578008,2.71053
15,0.1869,0.0743277,2.7209
15,-1.29147,1.03469,2.61654
15,-1.2417,1.0686,2.6597
15,-1.03648,1.03127,2.68725
15,-0.933711,1.08688,2.82355
15,-0.97762,1.0176,2.82581
15,0.124034,0.157417,2.95988
15,0.302714,0.161701,2.9794
15,0.290357,0.157344,2.99588
15,-0.338182,0.12613,2.96214
15,0.243474,0.115548,3.02317
15,-0.961433,1.1272,2.89931
15,-0.97349,1.0488,2.90103
15,0.254181,0.112829,3.04492
15,0.326151,-0.16866,3.09725
15,0.379518,0.302036,3.09547
15,0.477501,0.207764,3.11124
15,0.0860718,0.0764678,3.07851
15,0.165006,0.129716,3.09744
15,-0.256044,-0.090396,3.06936
15,0.105096,0.0695257,3.13204
15,-0.483782,1.08925,3.04768
15,0.224967,0.0836659,3.15221
15,0.188325,0.196393,3.14987
15,-0.996572,1.08685,3.01807
15,-0.494203,1.09153,3.06591
15,0.472311,0.211337,3.18744
15,0.233753,0.0486849,3.23884
15,0.329325,0.0908032,3.24983
15,-0.497544,1.01583,3.14714
15,0.41634,0.307402,3.25725
15,-0.340363,0.115021,3.19578
15,0.329657,0.0990236,3.26454
15,0.0883469,0.129532,3.2599
15,0.156358,0.163348,3.3049
15,-0.363203,0.134273,3.27782
15,-0.354689,0.131715,3.3304
15,0.0934673,0.143548,3.43602
15,1.10202,-1.11575,3.57906
15,-0.970103,1.19343,3.48226
15,0.432919,-0.214881,3.66331
15,0.0283588,0.148966,3.63413
15,0.0232815,0.143159,3.67231
15,-0.0679846,0.0997785,3.77325
15,0.0102158,0.13799,3.83029
15,0.18774,-0.137208,4.066
15,-0.147942,-0.0149118,4.1869
15,-0.150655,0.00663083,4.22471
15,0.855897,-0.454575,4.71331
15,0.399248,-0.00505379,4.67286
15,0.269983,-0.155177,4.75989
15,0.896621,-0.476715,4.90802
15,-0.345561,-0.00334295,4.80674
15,-0.474374,-0.227827,4.82451
15,0.285749,-0.159651,4.90936
15,1.54467,-1.53878,5.07487
15,1.21918,-0.208841,5.05543
15,-0.496769,-0.254102,4.99543
15,-0.471187,-0.29386,5.11613
15,-0.244771,-0.928789,5.19538
15,-0.472966,-0.305982,5.19111
15,-0.258922,-0.933338,5.32194
15,-0.529172,-0.260273,5.30028
15,-0.484047,-0.400425,5.32989
15,1.38576,-0.451691,5.57802
15,1.55191,-0.628798,5.74227
15,-0.336841,-1.37476,5.60989
15,-0.345769,-0.422486,5.91369
15,-0.390064,-0.53299,6.17709
15,-0.346715,-0.412375,6.79345
15,0.129371,0.0746272,3.71631
14,0.129371,0.0746272,3.71631
15,0.294568,0.128556,3.62026
14,0.294568,0.128556,3.62026
15,0.348472,0.136481,4.00977
14,0.348472,0.136481,4.00977
15,-0.393648,0.545737,1.96203
14,-0.393648,0.545737,1.96203
15,-0.270267,-0.303066,5.23513
14,-0.270267,-0.303066,5.23513
15,-0.389399,0.547272,1.953
14,-0.389399,0.547272,1.953
15,-0.948293,0.255391,2.72749
14,-0.948293,0.255391,2.72749
16,-0.506173,-0.0806436,0.502599
16,-0.964197,0.480506,1.21809
16,-0.999683,0.348853,1.22505
16,-1.01512,0.251059,1.31154
16,-1.00647,0.214591,1.31662
16,-0.442086,0.00934532,1.54199
16,-0.374279,0.197802,1.56622
16,-0.328987,0.285329,1.5868
16,-0.441735,0.0361727,1.62168
16,-0.450977,0.00242515,1.62954
16,-0.464792,0.0473688,1.63254
16,-0.478001,0.00308016,1.63072
16,-0.456326,0.00192559,1.63679
16,-0.463084,0.0558162,1.64032
16,-0.441242,0.00411125,1.67134
16,-0.46051,-0.0047013,1.66953
16,-1.07861,0.442728,1.52465
16,-0.344225,0.347723,1.71962
16,-0.347633,0.351866,1.72446
16,-0.362313,0.355357,1.74658
16,-0.464434,-0.0115818,1.72782
16,-0.4685,-0.00983553,1.73989
16,-0.540214,0.156218,1.73506
16,-1.10528,0.383253,1.5995
16,-1.09836,0.432676,1.65329
16,-0.47507,-0.0161064,1.82383
16,-1.10837,0.840022,1.71361
16,-1.08352,0.662208,1.74772
16,-0.626559,0.157017,1.86913
16,-1.1138,0.678957,1.82222
16,-1.12603,0.728236,1.819
16,-1.12872,0.829546,1.82387
16,-0.409724,0.900144,2.00293
16,-0.398148,0.93899,2.02035
16,-0.529213,0.678797,2.1647
16,-0.557974,0.720366,2.34993
16,-1.17765,1.00379,2.25233
16,-0.355049,1.04538,2.47804
16,-0.35538,1.07075,2.55151
16,-1.24132,1.17815,2.43908
16,-0.950442,1.16276,2.5392
16,-1.11294,1.18799,2.51526
16,-1.17003,1.12514,2.57655
16,-0.170989,1.13779,2.81642
16,-1.29955,1.12023,2.54875
16,-1.01544,0.965658,2.62029
16,-1.03188,0.968014,2.62209
16,-1.30849,1.13611,2.55627
16,-1.17232,1.13437,2.59654
16,-1.03338,1.0182,2.6351
16,-0.170001,1.15064,2.85405
16,-1.21451,1.00858,2.63703
16,-1.20484,1.00695,2.64663
16,-1.23285,1.06131,2.64843
16,-1.06192,1.15001,2.69582
16,-1.24827,1.07411,2.66419
16,-1.27527,1.02366,2.66641
16,0.405727,0.284104,3.07974
16,0.313768,0.219875,3.06177
16,-1.32946,1.06407,2.66248
16,-0.720135,0.91924,2.87637
16,-0.725331,0.934321,2.94988
16,-0.985687,1.08553,2.89022
16,-1.26357,0.985566,2.92316
16,-0.283102,0.0512165,3.16932
16,-0.763124,0.963187,3.08619
16,0.247316,0.101608,3.45031
16,-0.905932,1.12269,3.24836
16,0.217755,0.079975,3.54692
16,-1.3562,1.0628,3.18559
16,0.120788,0.138571,3.56779
16,0.0680831,0.086371,3.58745
16,-1.3508,0.967458,3.27164
16,-1.34554,1.07204,3.28127
16,0.153348,0.0534228,3.66969
16,-1.39753,0.917724,3.46378
16,-0.0676104,0.0110511,3.97089
16,-1.48114,0.875691,3.69735
16,-1.46051,0.715528,3.79648
16,0.173829,-0.119252,4.21966
16,-1.21785,0.24892,3.89056
16,-1.4955,0.731892,3.8656
16,-1.59946,1.24158,3.87583
16,-0.186866,0.00645614,4.26642
16,0.983755,-0.557006,4.81368
16,0.962718,-0.499658,4.82489
16,-1.83052,-1.78419,4.56158
16,-1.85523,-1.79255,4.59549
16,-1.48376,0.47721,4.69792
16,-1.48556,0.458774,4.70132
16,-0.557383,-1.14187,4.96174
16,-1.48824,0.437397,4.72231
16,-1.49418,0.454582,4.73339
16,-0.200407,-1.02961,5.06848
16,-1.46219,0.24902,4.75877
16,-1.51032,0.449275,4.75514
16,-1.47381,0.271817,4.77057
16,-0.259751,-0.901666,5.10635
16,-0.204141,-1.04789,5.14816
16,-0.473379,-1.1503,5.08824
16,-1.5999,0.298013,4.80449
16,0.558161,-1.55567,5.35527
16,-0.248891,-1.14607,5.17258
16,-1.59031,0.240253,4.86821
16,-0.519858,-1.05443,5.16966
16,-1.69125,0.127224,4.9345
16,-1.62724,0.242568,4.96653
16,-1.69821,0.155611,4.96355
16,-0.517377,-0.252253,5.25732
16,-1.88108,-1.8856,4.9977
16,-3.15868,-1.87081,4.72874
16,-1.75845,0.109839,5.03902
16,-0.520166,-0.256179,5.34307
16,-1.81508,-0.576742,5.045
16,-1.79512,0.158594,5.08858
16,-0.472787,-0.450421,5.41148
16,-1.71128,0.0425928,5.11696
16,-1.70985,0.124761,5.12271
16,-0.486243,-0.230393,5.41956
16,-1.71392,-0.0230129,5.16744
16,-1.8773,0.130071,5.25257
16,-1.79001,0.125036,5.31396
16,-1.78161,0.0392556,5.33159
16,-1.79195,0.123912,5.38301
16,-1.79341,0.19907,5.40131
16,-1.7986,0.109473,5.404
16,-1.80159,0.0735646,5.4083
16,-1.91846,0.16062,5.39217
16,-1.87944,-2.24751,5.4507
16,-1.92507,0.0779453,5.44513
16,-1.88342,0.0565908,5.49314
16,-1.848,0.212189,5.51585
16,-2.0556,-2.12909,5.50923
16,-1.95133,0.113632,5.53758
16,-1.95482,0.106175,5.54788
16,-1.94655,0.100971,5.56575
16,-1.90647,0.166419,5.59041
16,-1.94304,0.216581,5.60421
16,-1.95205,0.205731,5.61947
16,-1.96013,0.181332,5.62414
16,-2.08642,-0.679519,5.62069
16,-2.1013,0.231254,5.77377
16,-2.16738,-0.706074,5.7785
16,-2.16914,-0.711346,5.84053
16,-2.11317,0.242986,5.85012
16,-2.18013,-0.652523,5.89575
16,-2.19707,-0.671718,5.89411
16,-2.23771,0.210366,6.13926
16,-3.74067,0.438657,7.74089
16,-3.2615,0.427241,7.45405
15,-3.2615,0.427241,7.45405
16,-2.37886,0.468827,5.56532
15,-2.37886,0.468827,5.56532
16,-2.62199,0.347713,5.91311
15,-2.62199,0.347713,5.91311
17,-1.04299,0.439444,0.158539
17,-1.36365,0.262715,0.892005
17,-1.37212,0.264372,0.918387
17,-1.54322,0.232842,0.930822
17,-1.39472,0.259113,0.976848
17,-1.3118,0.349637,1.0115
17,-1.32168,0.350901,1.02528
17,-1.34579,0.248046,1.03179
17,-1.44245,0.257018,1.01223
17,-1.3231,0.381393,1.04119
17,-1.44902,0.257793,1.03084
17,-1.35777,0.260428,1.06958
17,-1.45829,0.260427,1.05292
17,-1.30749,0.534031,1.07162
17,-1.30761,0.532146,1.08564
17,-1.6264,0.47734,1.02491
17,-1.47785,0.553645,1.06919
17,-1.31801,0.542135,1.1085
17,-1.34235,0.499037,1.12301
17,-1.3194,0.542744,1.13302
17,-1.41599,0.580027,1.11427
17,-1.34551,0.562518,1.13496
17,-1.35641,0.549761,1.13497
17,-1.34556,0.564869,1.13662
17,-1.36496,0.577502,1.13978
17,-1.37642,0.554802,1.14284
17,-1.38239,0.248585,1.16109
17,-1.36222,0.575975,1.14937
17,-1.38272,0.552817,1.14622
17,-1.36431,0.5726,1.15283
17,-1.33197,0.55168,1.16909
17,-1.39819,0.652173,1.15887
17,-1.39963,0.648033,1.16226
17,-1.37074,0.219965,1.20206
17,-1.31937,0.494197,1.20144
17,-1.36824,0.21939,1.20764
17,-1.36008,0.169578,1.21399
17,-1.41151,0.647896,1.17319
17,-1.32751,0.302757,1.22052
17,-1.35909,0.170745,1.22509
17,-1.36904,0.21576,1.22071
17,-1.37588,0.20422,1.23179
17,-1.33082,0.470926,1.23949
17,-1.28706,0.757498,1.23699
17,-1.40979,0.814547,1.21392
17,-1.28903,0.740052,1.26417
17,-1.33936,0.508526,1.28286
17,-1.29799,0.777073,1.28534
17,-1.31652,1.00598,1.26771
17,-0.686505,0.188557,1.46001
17,-1.52216,0.874882,1.2323
17,-1.34617,0.475091,1.29787
17,-1.73673,0.882326,1.19774
17,-1.53842,0.952277,1.25656
17,-1.35502,0.472925,1.33702
17,-1.34956,0.483299,1.34098
17,-0.732285,0.0321978,1.50962
17,-1.54578,0.962802,1.28696
17,-1.55252,0.905698,1.31124
17,-0.804073,0.119337,1.56032
17,-0.899388,0.243979,1.55659
17,-0.782042,0.303047,1.60071
17,-0.891104,0.24497,1.58627
17,-1.35753,0.492507,1.47609
17,-1.31688,0.62526,1.48149
17,-1.37894,0.355765,1.48712
17,-1.35675,0.488993,1.49373
17,-1.39975,0.358007,1.50077
17,-1.42143,0.858396,1.47656
17,-1.37943,0.473152,1.51125
17,-0.800349,0.424059,1.65428
17,-1.36422,0.484604,1.52843
17,-1.61217,0.957221,1.45399
17,-1.37849,0.470047,1.54359
17,-1.39849,0.424166,1.54686
17,-0.677312,0.980013,1.70028
17,-1.4133,0.396685,1.57223
17,-0.64112,0.937509,1.72475
17,-0.680074,1.02991,1.71694
17,-0.67944,1.03305,1.71968
17,-1.39344,0.444861,1.61439
17,-1.38233,0.470278,1.63177
17,-0.746007,0.90748,1.75225
17,-1.38878,0.406319,1.64285
17,-1.40362,0.443978,1.64259
17,-1.39432,0.460459,1.65272
17,-1.40141,0.447862,1.66172
17,-1.40421,0.444383,1.66593
17,-1.40142,0.443608,1.67327
17,-1.3698,0.865798,1.65557
17,-1.43144,0.430417,1.67613
17,-1.41016,0.445166,1.6877
17,-1.29787,1.01721,1.68207
17,-1.35976,0.809473,1.68395
17,-1.40415,0.413188,1.70622
17,-1.363,0.738762,1.70369
17,-1.36381,0.715673,1.71359
17,-1.36236,0.852614,1.75082
17,-1.36397,0.841873,1.75357
17,-1.36452,0.744966,1.76175
17,-0.692474,1.14804,1.88952
17,-0.76052,0.486875,1.91761
17,-0.73291,0.961362,1.90847
17,-1.36723,0.85787,1.78495
17,-1.36561,0.866903,1.78915
17,-1.16492,1.19847,1.8235
17,-1.65995,1.25408,1.73116
17,-1.33619,1.26164,1.86733
17,-0.93129,1.17294,1.99102
17,-1.341,1.17275,1.92289
17,-1.29073,1.21725,1.9349
17,-0.738517,1.22928,2.09294
17,-1.29878,1.234,1.97384
17,-1.20395,1.21108,2.14638
17,-1.09505,1.18545,2.23528
17,-1.21414,1.24938,2.23592
17,-1.20948,1.25601,2.24852
17,-0.857146,1.12149,2.38097
17,-1.10244,1.2107,2.32108
17,-0.253082,1.12351,2.60078
17,-0.246385,1.11959,2.6033
17,-1.24116,1.05621,2.41136
17,-1.07335,1.19446,2.47067
17,-1.26121,1.21118,2.44934
17,-1.27439,1.05088,2.46832
17,-1.13787,1.01636,2.51269
17,-1.08495,1.00433,2.54535
17,-1.1494,0.98872,2.55365
17,-0.745782,0.846944,2.65616
17,-1.14043,0.999604,2.56653
17,-1.31456,1.0096,2.5411
17,-1.14548,1.04827,2.58592
17,-1.2886,1.0465,2.55407
17,-1.13895,1.03239,2.58849
17,-1.26557,1.0087,2.56805
17,-1.27457,1.07314,2.56413
17,-1.15817,1.15712,2.58602
17,-1.14974,1.15994,2.60035
17,-1.00403,1.08081,2.69116
17,-1.15617,1.15669,2.68025
17,-1.26754,0.961402,2.68896
17,-1.43622,1.05335,2.64923
17,-1.43345,1.0805,2.64838
17,-1.03759,1.05612,2.79205
17,-0.888314,1.042,2.85842
17,-0.90633,1.05312,2.89293
17,-1.04219,1.06819,2.91278
17,-1.0401,1.08531,2.91382
17,-0.768921,0.73312,3.04484
17,-1.00969,1.16483,2.97552
17,-0.755761,0.733752,3.06114
17,-1.34425,0.970617,3.15254
17,-2.55681,0.0317297,2.99639
17,-1.34588,0.904833,3.29548
17,-2.53599,0.0355751,3.09563
17,-1.36822,0.844255,3.3356
17,-1.38771,1.11511,3.33281
17,-1.35804,0.767066,3.38099
17,-1.34589,0.69931,3.42122
17,-1.38347,0.717088,3.55646
17,-1.42993,0.773639,4.1768
17,-3.35217,-0.00761959,3.81094
17,-0.272951,-1.29795,4.63079
17,-1.22681,0.462536,4.35803
17,-0.320907,-1.3917,4.73999
17,0.0275704,-1.16699,4.99929
17,0.0447809,-1.2104,5.01894
17,0.016044,-1.32449,5.02682
17,-1.22584,0.26073,4.69471
17,-1.22801,0.283251,4.69554
17,-1.30434,0.334568,4.69284
17,-1.35356,0.317386,4.69927
17,-0.0293946,-1.52011,5.11064
17,0.0549515,-1.37386,5.1458
17,-1.34415,0.247879,4.7819
17,-1.28399,0.195973,4.8224
17,-1.2741,0.424524,4.81489
17,-1.30861,0.450446,4.83068
17,-1.29539,0.45171,4.93438
17,-1.3661,0.436624,4.95933
17,-2.59549,-0.392003,4.86949
17,-2.64794,-0.397379,5.02428
17,-1.45777,-0.396338,5.46469
17,-1.4895,-0.382625,5.49538
17,-1.48931,-0.377028,5.50014
17,-1.63586,-0.854697,5.50545
17,-1.72475,0.249888,6.18452
17,-1.84693,-0.80872,6.66592
17,-2.02196,0.502505,6.25935
16,-2.02196,0.502505,6.25935
17,-2.58063,-1.47842,6.52019
16,-2.58063,-1.47842,6.52019
17,-0.910991,0.927316,2.38601
16,-0.910991,0.927316,2.38601
17,-2.59776,-1.49504,6.56858
16,-2.59776,-1.49504,6.56858
18,-2.23584,1.62705,0.861393
18,-2.36617,1.4358,0.834671
18,-2.10934,1.15606,0.894641
18,-2.28198,1.14783,0.955567
18,-2.28201,1.13478,0.978315
18,-2.41848,1.14053,0.995332
18,-2.14501,1.36133,1.08302
18,-2.32248,1.37087,1.07986
18,-2.42524,1.38289,1.07873
18,-2.15039,1.35616,1.09534
18,-2.31303,1.37278,1.10253
18,-2.31477,1.36941,1.10459
18,-2.15859,1.35141,1.11413
18,-2.42826,1.11511,1.03792
18,-2.1684,1.34258,1.11854
18,-2.43119,1.37555,1.11286
18,-2.4295,1.3724,1.1191
18,-2.32842,1.36032,1.1256
18,-2.34733,1.47242,1.17006
18,-2.34493,1.47242,1.17411
18,-2.34806,1.46894,1.17505
18,-2.02374,1.15308,1.1177
18,-2.03921,1.12573,1.1169
18,-2.02287,1.15059,1.12791
18,-2.29911,1.06423,1.12901
18,-2.32101,1.07439,1.15258
18,-2.03376,0.993191,1.15387
18,-2.34966,1.76671,1.33149
18,-2.32248,1.06636,1.1668
18,-2.03094,0.981203,1.17581
18,-1.67648,1.67022,1.40228
18,-2.14512,0.997387,1.20084
18,-2.5548,1.60055,1.3344
18,-2.50554,1.03745,1.20567
18,-2.41995,1.60494,1.36119
18,-2.25081,1.5778,1.36555
18,-2.24172,1.5947,1.37425
18,-2.27329,1.58928,1.37166
18,-2.09546,0.988432,1.2312
18,-2.32921,1.22483,1.28076
18,-2.25569,1.57825,1.37893
18,-2.36564,1.64858,1.3929
18,-2.0061,1.25304,1.31804
18,-2.00646,1.24787,1.31905
18,-1.88405,1.57586,1.41116
18,-2.25837,1.58222,1.38954
18,-2.26042,1.5954,1.39442
18,-2.00349,1.25377,1.32475
18,-2.21675,1.5901,1.39758
18,-2.00317,1.24574,1.32369
18,-2.02264,1.28282,1.33452
18,-2.36631,1.56581,1.38485
18,-2.36638,1.60164,1.39432
18,-2.26173,1.58871,1.39859
18,-1.99695,1.73233,1.45323
18,-2.02582,1.27889,1.34175
18,-2.2192,1.57613,1.40744
18,-2.01906,1.21547,1.33584
18,-2.14323,0.967128,1.26571
18,-2.37376,1.56735,1.40672
18,-2.28329,1.59386,1.42018
18,-2.39757,1.60387,1.4156
18,-1.42302,1.09693,1.35848
18,-2.18222,1.58786,1.4369
18,-2.40506,1.56284,1.42041
18,-2.28291,1.58853,1.43632
18,-1.99715,1.26231,1.37505
18,-2.19661,1.59376,1.44707
18,-2.40381,1.6067,1.44487
18,-2.04638,1.26673,1.38733
18,-2.08172,1.4992,1.44589
18,-2.08234,1.49339,1.44563
18,-2.43799,1.55981,1.44782
18,-1.92669,1.5215,1.47504
18,-1.40405,1.00154,1.37648
18,-2.43054,1.59006,1.46509
18,-2.08498,1.48981,1.46657
18,-2.18111,0.939031,1.32967
18,-2.08205,1.51253,1.4889
18,-2.07895,1.51158,1.49456
18,-2.41913,1.56204,1.48963
18,-2.44246,1.55263,1.49474
18,-2.2466,1.77153,1.56558
18,-2.56048,0.967852,1.34231
18,-1.40689,0.859889,1.38997
18,-1.98648,1.75071,1.58114
18,-1.31494,1.50842,1.57628
18,-2.09003,1.50982,1.52959
18,-2.34366,1.78313,1.58583
18,-2.40013,1.55551,1.55248
18,-1.33188,1.13204,1.53329
18,-1.48188,1.02728,1.51223
18,-1.89664,1.58168,1.62969
18,-1.53515,1.28176,1.58128
18,-1.27827,1.5658,1.67922
18,-2.2618,1.77685,1.67622
18,-2.17303,1.54704,1.6318
18,-1.3754,1.10398,1.60866
18,-1.90185,1.65344,1.72867
18,-2.35907,1.78973,1.74638
18,-2.38227,1.54145,1.69126
18,-1.91772,1.83794,1.82312
18,-2.38332,1.54487,1.72681
18,-1.90258,1.86724,1.8498
18,-1.8621,1.85384,1.86202
18,-2.37697,1.80181,1.88448
18,-1.74432,1.73413,1.94912
18,-1.72642,1.7382,1.97601
18,-1.86546,1.66799,1.96594
18,-1.8622,1.77515,2.01112
18,-1.86133,1.77751,2.01711
18,-1.82406,1.76242,2.05965
18,-1.82344,1.75449,2.05898
18,-2.16705,1.69954,2.10449
18,-1.30045,1.28328,2.11637
18,-1.44966,1.67757,2.21422
18,-1.59693,1.3776,2.30985
18,-1.08159,1.33847,2.33424
18,-1.71487,1.29658,2.38292
18,-1.68921,1.36143,2.43014
18,-1.7051,1.43174,2.50635
18,-1.68453,1.35311,2.48845
18,-1.68353,1.42847,2.51415
18,-1.7298,1.39884,2.50897
18,-1.51987,1.56633,2.57547
18,-1.70667,1.279,2.50637
18,-1.69205,1.39798,2.54141
18,-1.6957,1.42336,2.55838
18,-1.72879,1.39052,2.56333
18,-1.73209,1.39033,2.56535
18,-1.54332,1.36932,2.57349
18,-1.67817,1.4512,2.60284
18,-1.72085,1.37777,2.58251
18,-1.70429,1.38467,2.59531
18,-1.70018,1.37842,2.60295
18,-1.70643,1.34384,2.60069
18,-1.73365,1.34509,2.67901
18,-1.68516,1.30232,2.7329
18,-1.7347,1.34072,2.76399
18,-1.6446,1.43864,2.79969
18,-1.72744,1.33695,2.79238
18,-1.65506,1.22699,2.82744
18,-1.62096,1.22962,2.84462
18,-1.34332,1.30139,3.06055
18,-1.34708,1.26002,3.0536
18,-1.43803,1.40783,3.11497
18,-1.62135,1.19107,3.13615
18,-1.41198,1.40379,3.24989
18,-1.71111,1.21075,3.36717
18,-1.27664,0.326574,3.51374
18,-1.66826,1.15765,3.76388
18,-1.46844,0.888053,3.82135
18,-1.46024,0.954043,3.9587
18,-1.28755,0.395503,3.92588
18,-1.29297,0.21618,3.9471
18,-1.2543,0.333781,4.15693
18,-1.35839,0.718278,4.68377
18,-1.2106,-0.137369,4.48124
18,-2.70921,1.32665,4.98101
18,-1.2504,-0.352926,4.7977
18,-0.970263,-0.37437,4.91038
18,-1.2413,-0.308636,4.92936
18,-1.14989,1.3586,5.39418
18,-1.21334,-0.520085,5.36044
18,-0.85668,-1.72087,6.52179
18,-1.48479,1.32543,2.98027
17,-1.48479,1.32543,2.98027
18,-1.80015,1.44105,2.61833
17,-1.80015,1.44105,2.61833
18,-1.14018,-0.0681515,4.18909
17,-1.14018,-0.0681515,4.18909
18,-2.34759,1.41221,1.54537
17,-2.34759,1.41221,1.54537
18,-2.251,1.70447,1.74001
17,-2.251,1.70447,1.74001
18,-2.41317,1.41054,1.5669
17,-2.41317,1.41054,1.5669
18,-2.25347,1.70794,1.76508
17,-2.25347,1.70794,1.76508
18,-1.54735,1.44183,2.63338
17,-1.54735,1.44183,2.63338
18,-2.34398,1.42944,1.32912
17,-2.34398,1.42944,1.32912
18,-1.37254,0.0520446,3.87107
16,-1.37254,0.0520446,3.87107
19,-3.03001,1.34137,0.649484
19,-3.02802,1.58605,0.759934
19,-2.7815,1.17671,1.05822
19,-2.67484,1.65167,1.15033
19,-3.13827,1.23268,1.19886
19,-2.95406,1.66047,1.35495
19,-2.6216,1.35454,1.24828
19,-2.79409,1.02401,1.23665
19,-3.03464,1.61971,1.43924
19,-2.61946,1.40964,1.31223
19,-2.78188,1.27719,1.33436
19,-2.5751,1.45925,1.32538
19,-3.01621,1.55445,1.44675
19,-2.95821,1.02536,1.33215
19,-2.5721,1.48938,1.34832
19,-2.92449,1.31216,1.39531
19,-3.03049,1.33723,1.42376
19,-2.59567,1.40639,1.3518
19,-3.08146,1.58528,1.49473
19,-2.9171,1.31239,1.40615
19,-2.94361,1.01545,1.3532
19,-2.77413,1.25878,1.39486
19,-3.06893,1.59024,1.54025
19,-2.48527,1.5056,1.39998
19,-2.76913,1.25092,1.41998
19,-2.91202,1.00734,1.42498
19,-3.15071,1.14273,1.50607
19,-2.9266,1.00165,1.44351
19,-2.92694,0.969729,1.44404
19,-3.14033,1.32538,1.6102
19,-3.09304,1.01638,1.53897
19,-3.11584,1.32503,1.61557
19,-3.14376,1.31589,1.62505
19,-2.94335,1.32819,1.5984
19,-2.94202,1.32861,1.59949
19,-3.10992,1.32383,1.63667
19,-2.89282,1.54617,1.63547
19,-2.86618,1.52498,1.63222
19,-2.86814,1.52841,1.63665
19,-2.93975,1.32379,1.61466
19,-3.13588,1.32074,1.66154
19,-2.89113,1.55766,1.6565
19,-2.73994,1.53439,1.61973
19,-2.71972,1.50608,1.61154
19,-2.73875,1.5294,1.62121
19,-2.62617,1.30239,1.55742
19,-2.88156,1.54414,1.67269
19,-2.88295,1.55425,1.67654
19,-2.85928,1.52195,1.66701
19,-2.84231,1.5512,1.66938
19,-2.72046,1.52053,1.63747
19,-2.75267,1.52431,1.64561
19,-2.81532,1.53843,1.66992
19,-2.81713,1.54185,1.67112
19,-2.39433,1.51582,1.57558
19,-2.75966,1.54154,1.6685
19,-2.65158,1.5129,1.64674
19,-2.81502,1.56192,1.69834
19,-2.86024,1.53709,1.70872
19,-2.70355,1.53336,1.67506
19,-2.88714,1.54184,1.72186
19,-2.97037,1.41193,1.71846
19,-2.70263,1.52173,1.68685
19,-2.79418,1.52834,1.71344
19,-2.56292,1.41437,1.64438
19,-2.79184,1.527,1.72356
19,-2.63124,1.49345,1.68714
19,-2.81416,1.54644,1.73967
19,-3.14085,1.19143,1.74952
19,-2.94029,0.903248,1.65068
19,-3.13265,1.19721,1.7606
19,-2.42139,1.69316,1.71352
19,-2.39582,1.45454,1.69165
19,-2.8731,1.57725,1.82304
19,-2.93072,1.62709,1.84692
19,-2.97606,1.62425,1.86133
19,-2.88335,1.52932,1.82767
19,-2.91405,1.40269,1.81693
19,-2.87337,1.57818,1.84302
19,-2.87791,1.54733,1.84121
19,-2.8607,1.69513,1.87048
19,-2.52488,1.39757,1.74247
19,-2.52065,1.42596,1.74912
19,-2.69934,1.58748,1.83874
19,-2.42504,1.75917,1.82229
19,-2.90564,1.39658,1.85647
19,-2.90999,1.38115,1.85613
19,-2.37326,1.67998,1.80989
19,-2.84231,1.69849,1.96988
19,-2.16934,1.65144,1.82742
19,-2.65544,0.744892,1.77641
19,-2.85488,1.52174,1.99721
19,-2.63675,0.727025,1.80317
19,-2.88474,1.38018,1.98864
19,-2.20544,1.78373,1.92951
19,-2.72899,1.54541,2.04263
19,-2.7378,1.52385,2.07364
19,-2.8303,1.55127,2.19203
19,-1.83697,1.26727,1.92152
19,-3.17295,0.945266,2.24769
19,-1.76539,1.57281,2.07269
19,-2.60659,1.50374,2.27762
19,-1.67291,1.17417,2.0697
19,-2.89338,2.09414,2.61389
19,-3.16775,0.868712,2.44499
19,-2.71798,0.26816,2.42413
19,-1.90914,1.23526,2.56456
19,-1.57817,1.44206,2.60146
19,-2.37168,1.50281,3.319
19,-3.55836,-0.0364705,3.97203
19,-2.70466,1.73606,4.96962
19,-3.04293,2.0652,5.56817
19,-2.32524,1.53195,5.4418
19,-2.92889,1.22798,1.32375
18,-2.92889,1.22798,1.32375
19,-2.92746,1.22595,1.33255
18,-2.92746,1.22595,1.33255
19,-2.92744,1.22107,1.34549
18,-2.92744,1.22107,1.34549
19,-2.5901,1.5251,1.89561
18,-2.5901,1.5251,1.89561
19,-2.66869,1.52361,1.62783
18,-2.66869,1.52361,1.62783
19,-2.52702,1.5214,2.12974
18,-2.52702,1.5214,2.12974
19,-2.96447,1.3279,1.49911
18,-2.96447,1.3279,1.49911
19,-2.68628,1.52064,1.57553
18,-2.68628,1.52064,1.57553
19,-2.59876,1.52188,1.87611
18,-2.59876,1.52188,1.87611
19,-2.13277,1.48897,1.98378
18,-2.13277,1.48897,1.98378
19,-1.75188,1.48287,2.69369
18,-1.75188,1.48287,2.69369
19,-2.2716,1.34498,1.94468
18,-2.2716,1.34498,1.94468
19,-2.86212,1.40382,1.50069
18,-2.86212,1.40382,1.50069
19,-2.96016,1.13966,1.34672
18,-2.96016,1.13966,1.34672
19,-2.97348,1.41842,1.70774
18,-2.97348,1.41842,1.70774
19,-2.71204,1.32335,1.35487
18,-2.71204,1.32335,1.35487
19,-2.92769,1.22377,1.33764
18,-2.92769,1.22377,1.33764
19,-2.99728,1.71216,1.81644
18,-2.99728,1.71216,1.81644
19,-0.909982,-0.0595288,4.27808
18,-0.909982,-0.0595288,4.27808
19,-2.99468,1.71598,1.84073
18,-2.99468,1.71598,1.84073
19,-2.98205,1.42442,1.65239
18,-2.98205,1.42442,1.65239
19,-2.73842,1.53961,1.61429
18,-2.73842,1.53961,1.61429
19,-2.29951,1.67629,1.7848
18,-2.29951,1.67629,1.7848
19,-2.94146,1.32475,1.61453
18,-2.94146,1.32475,1.61453
19,-1.58218,-0.910512,3.51376
18,-1.58218,-0.910512,3.51376
19,-2.98536,1.42796,1.60213
18,-2.98536,1.42796,1.60213
19,-1.47983,1.2308,2.77262
18,-1.47983,1.2308,2.77262
19,-2.62427,1.56324,1.73704
17,-2.62427,1.56324,1.73704
19,-2.83088,1.38912,1.64189
17,-2.83088,1.38912,1.64189
19,-1.55255,1.46932,3.17561
16,-1.55255,1.46932,3.17561
20,-3.71148,2.14507,1.6625
20,-3.70627,2.13884,1.66767
20,-3.73427,2.11001,1.7598
20,-3.57549,2.30347,1.89697
20,-3.54846,1.81409,2.05049
20,-3.38441,1.75758,1.99265
20,-3.6251,1.88751,2.21626
20,-3.60471,1.8814,2.25161
20,-3.43249,2.18505,2.33965
20,-3.5728,1.79125,2.19887
20,-3.60512,1.85222,2.26364
20,-3.62584,1.99361,2.35694
20,-3.34624,1.70386,2.03894
20,-3.42062,2.17943,2.38956
20,-3.38379,2.06444,2.3048
20,-3.56549,1.76133,2.23737
20,-3.38365,1.95605,2.26155
20,-3.45841,1.71916,2.17414
20,-3.47938,1.69582,2.19516
20,-3.39109,2.15992,2.41371
20,-3.45657,2.19518,2.48204
20,-3.05826,2.03601,2.19369
20,-3.46617,1.67364,2.22452
20,-3.34416,2.03022,2.38193
20,-3.03616,2.0209,2.21719
20,-3.41419,1.62783,2.23502
20,-3.57734,1.75748,2.42411
20,-3.19105,2.29353,2.52299
20,-3.57266,1.74614,2.43418
20,-3.38057,1.60832,2.28776
20,-3.38026,1.61688,2.3095
20,-3.51021,1.64015,2.40293
20,-3.40792,1.59463,2.32457
20,-3.39305,1.61854,2.33999
20,-3.31637,1.9107,2.48359
20,-3.38374,1.60767,2.34967
20,-3.30438,1.89919,2.4791
20,-3.49768,1.59786,2.4526
20,-3.12268,2.07458,2.51827
20,-3.2879,2.24707,2.71883
20,-3.17938,2.1017,2.57456
20,-3.50831,1.79059,2.58544
20,-3.07368,2.0541,2.49344
20,-3.09283,2.07375,2.51686
20,-3.03814,2.04761,2.47738
20,-3.11695,2.07541,2.54031
20,-3.26172,1.95721,2.55625
20,-3.18863,2.11363,2.60715
20,-3.26606,1.71933,2.42462
20,-3.15166,2.0947,2.57603
20,-3.13305,2.07008,2.55323
20,-3.09107,2.07733,2.53928
20,-2.80144,2.06339,2.36706
20,-3.15709,2.09074,2.58666
20,-3.1073,2.06873,2.55575
20,-3.50391,1.70032,2.57499
20,-3.14532,2.0715,2.58505
20,-2.9991,1.83184,2.36557
20,-3.50964,1.69366,2.5856
20,-2.95466,1.75785,2.31157
20,-3.14371,2.05921,2.60007
20,-3.25792,2.12283,2.70638
20,-3.19433,2.0998,2.65772
20,-2.97087,1.74696,2.33061
20,-2.99639,1.81316,2.39363
20,-2.96752,1.7423,2.34226
20,-3.32268,1.53584,2.44025
20,-2.93136,1.74977,2.35364
20,-3.25002,2.11486,2.76677
20,-3.5156,1.64155,2.64741
20,-3.14069,1.39941,2.3357
20,-3.21289,1.93224,2.6858
20,-3.4906,1.63711,2.67546
20,-3.21122,2.21465,2.88023
20,-3.18545,1.90926,2.7297
20,-3.50862,1.55078,2.73176
20,-3.41765,1.42143,2.71128
20,-2.7189,1.87245,2.66795
20,-2.98611,1.21129,2.49915
20,-3.4882,1.42782,2.92131
20,-2.99175,1.99866,3.04551
20,-2.9874,1.95455,3.09014
20,-2.92467,1.91599,3.22204
20,-2.0674,1.45968,2.50762
20,-2.6715,1.86158,3.08628
20,-2.65762,1.88102,3.09662
20,-3.02915,2.16768,4.09199
20,-2.63621,0.315861,3.58827
20,-0.644815,1.16568,4.04867
20,-1.35327,1.11001,5.56632
20,-1.92083,-1.56908,5.17753
20,-0.976894,-1.43703,5.05948
20,0.119363,-1.05061,4.92191
20,1.68353,0.50875,5.02548
20,-3.52126,1.63685,2.40232
18,-3.52126,1.63685,2.40232
20,-2.88618,2.00838,2.6818
18,-2.88618,2.00838,2.6818
20,-2.68682,2.1482,2.56934
18,-2.68682,2.1482,2.56934
20,-2.9707,2.17114,2.60848
18,-2.9707,2.17114,2.60848
20,-1.21509,-1.06976,2.83294
18,-1.21509,-1.06976,2.83294
20,-3.05789,-0.477788,4.63775
18,-3.05789,-0.477788,4.63775
20,-2.61805,-1.09696,4.15132
17,-2.61805,-1.09696,4.15132
20,-2.98555,2.02585,2.51609
17,-2.98555,2.02585,2.51609
21,-3.99799,2.54399,1.05823
21,-3.88609,2.46598,1.31937
21,-3.8469,2.18728,1.34594
21,-3.63665,2.32959,1.66623
21,-3.75065,1.89443,1.74405
21,-3.49885,2.21926,1.89886
21,-3.64349,2.14717,2.03442
21,-3.70515,1.82201,1.8475
21,-3.59326,2.16883,2.04395
21,-3.53063,2.02171,2.02235
21,-3.19225,2.17642,1.9726
21,-3.68129,1.71372,1.95631
21,-3.14956,2.22974,2.0416
21,-3.46875,1.64744,1.86299
21,-3.67356,1.8413,2.12719
21,-3.49223,1.89139,2.09808
21,-3.49627,1.86229,2.08744
21,-3.58904,1.57267,1.93962
21,-3.45049,1.62241,1.89607
21,-3.59824,2.16675,2.38786
21,-3.66324,1.79869,2.16763
21,-3.57854,1.56056,1.95437
21,-3.36613,2.09706,2.20774
21,-3.65874,1.71328,2.11853
21,-3.39559,1.74889,1.98886
21,-3.11081,2.0588,2.04253
21,-3.65011,1.71478,2.12568
21,-3.32977,2.09487,2.20656
21,-3.39041,1.74162,1.99381
21,-3.10431,2.06114,2.0567
21,-3.57651,1.53603,1.97068
21,-3.34112,2.08976,2.22178
21,-3.6465,1.71264,2.13841
21,-3.34076,2.10087,2.23935
21,-3.39354,2.08067,2.25914
21,-3.2471,1.56109,1.809
21,-3.36844,2.0635,2.2389
21,-3.36644,2.0603,2.24676
21,-3.09333,2.04278,2.07699
21,-3.18437,1.57293,1.80138
21,-3.48618,2.03417,2.30749
21,-3.07976,2.0471,2.07692
21,-3.2372,2.07679,2.19258
21,-3.36878,2.05315,2.26588
21,-3.45292,2.05393,2.32309
21,-3.21888,1.52927,1.82969
21,-3.12897,2.03466,2.13811
21,-3.56756,1.49213,2.01646
21,-3.08902,1.8459,1.99459
21,-3.54053,1.48626,2.02086
21,-3.09159,1.8055,1.98409
21,-3.25418,2.23658,2.38543
21,-3.03503,1.83821,2.01711
21,-3.02863,1.83496,2.02085
21,-3.01511,2.04366,2.17016
21,-3.01594,1.80021,2.0219
21,-2.99654,1.80854,2.04814
21,-2.69651,1.62288,1.76086
21,-2.9733,2.02883,2.21481
21,-2.60063,1.60156,1.71119
21,-2.63188,1.58004,1.73174
21,-3.26237,2.19595,2.5448
21,-3.27938,2.18906,2.55567
21,-3.26041,1.84478,2.33945
21,-2.53424,1.68098,1.79728
21,-2.82533,2.1762,2.34548
21,-3.2612,1.76555,2.48207
21,-3.54941,2.06827,2.87573
21,-3.66156,1.69379,2.73544
21,-2.64645,2.19353,2.53727
21,-2.54953,2.19177,2.61867
21,-2.68645,1.88311,2.49976
21,-2.6435,1.8907,2.5445
21,-3.02719,1.86442,2.75976
21,-2.86056,1.85254,2.69274
21,-3.21115,1.61748,2.7733
21,-2.08967,2.062,2.4478
21,-2.05435,2.19865,2.53549
21,-2.03599,2.17647,2.55265
21,-2.34984,2.12898,2.8627
21,-2.23322,1.95083,2.77876
21,-3.62457,1.32291,3.43747
21,-2.13965,1.70954,2.90525
21,-1.66719,1.31704,2.50862
21,-2.98442,1.75864,3.64286
21,-1.9964,1.66063,3.06106
21,-1.47798,1.1194,2.51026
21,-1.54652,1.43925,2.8033
21,-1.2737,1.11318,2.70179
21,-1.53609,1.59466,3.30608
21,-1.35488,1.43001,3.53449
21,-3.18898,0.0922348,3.7193
21,-0.512479,0.559893,3.2791
21,-0.331906,-0.975319,2.51713
21,0.111497,0.902457,4.49988
21,-1.92247,-1.46829,4.16726
21,-0.657722,-2.68673,3.51909
21,-3.5389,2.10598,2.20389
19,-3.5389,2.10598,2.20389
21,-3.48364,2.03503,2.27488
19,-3.48364,2.03503,2.27488
21,-3.24644,1.9179,1.94349
19,-3.24644,1.9179,1.94349
21,-3.70162,1.6986,1.98445
19,-3.70162,1.6986,1.98445
21,-3.35882,2.04519,2.29314
19,-3.35882,2.04519,2.29314
21,-3.47325,2.02514,2.30398
19,-3.47325,2.02514,2.30398
21,-3.56614,2.05431,2.46909
19,-3.56614,2.05431,2.46909
21,-3.60108,2.01508,2.39834
19,-3.60108,2.01508,2.39834
21,-2.94373,2.23033,2.3981
19,-2.94373,2.23033,2.3981
21,-2.05183,1.9682,2.67232
19,-2.05183,1.9682,2.67232
21,-2.88726,1.95399,2.31744
18,-2.88726,1.95399,2.31744
21,-3.5708,2.06117,2.4543
18,-3.5708,2.06117,2.4543
21,-3.48051,1.8633,2.11952
18,-3.48051,1.8633,2.11952
21,-2.00678,-0.997794,3.24432
17,-2.00678,-0.997794,3.24432
22,-4.42849,2.60219,2.15889
22,-4.24978,2.3827,2.42938
22,-4.2315,2.01066,2.3329
22,-3.97065,2.35647,2.43826
22,-4.11809,2.27357,2.59723
22,-4.09078,2.3049,2.60341
22,-4.10816,2.09819,2.44748
22,-4.16032,2.2543,2.6765
22,-4.09035,2.06328,2.47635
22,-3.49158,2.65216,2.43498
22,-3.97367,2.0739,2.42378
22,-3.8447,2.09054,2.33364
22,-3.96148,2.06373,2.43373
22,-4.1365,1.82736,2.45408
22,-3.82855,2.07011,2.352
22,-3.43137,2.64721,2.4868
22,-4.13303,1.79083,2.46015
22,-3.91174,2.36844,2.78878
22,-3.65133,2.278,2.47011
22,-4.07759,1.9419,2.63796
22,-3.63878,2.26079,2.47308
22,-4.093,1.92187,2.65343
22,-3.936,2.00041,2.57437
22,-3.62632,2.23574,2.47594
22,-3.93297,1.97099,2.57445
22,-3.59417,2.40685,2.62715
22,-3.85898,2.23364,2.76411
22,-3.80318,2.20544,2.68598
22,-3.753,2.35596,2.77302
22,-3.70194,2.3312,2.69822
22,-3.84454,2.22896,2.76266
22,-3.75714,2.20729,2.65989
22,-3.73742,2.19166,2.6297
22,-3.75362,2.20985,2.66464
22,-3.76422,2.18696,2.66749
22,-3.77354,2.19814,2.69228
22,-3.83395,2.17605,2.7366
22,-3.87137,2.16048,2.76398
22,-3.82961,2.18473,2.74486
22,-3.7819,2.19291,2.70445
22,-3.73885,2.21985,2.68433
22,-3.83919,2.17042,2.74595
22,-3.84519,2.14547,2.73211
22,-3.81888,2.17643,2.73544
22,-3.83436,2.21494,2.78706
22,-3.86649,2.14389,2.75645
22,-3.75459,2.19167,2.68757
22,-3.76581,2.18702,2.6953
22,-3.73117,2.21942,2.68937
22,-3.9252,2.15218,2.83421
22,-3.72536,2.20257,2.66924
22,-3.72413,2.19696,2.6684
22,-3.86026,2.13487,2.75572
22,-3.8044,2.18073,2.7445
22,-3.78874,2.15716,2.70797
22,-3.91079,2.14727,2.82804
22,-4.05201,1.69014,2.56086
22,-3.71363,2.20365,2.67439
22,-3.84292,2.1591,2.77454
22,-3.86169,2.13209,2.77578
22,-3.87077,2.11807,2.77357
22,-3.83448,2.2002,2.81574
22,-3.78124,2.17417,2.7386
22,-3.87881,2.14698,2.81866
22,-4.03407,1.6985,2.576
22,-3.66283,2.30098,2.74189
22,-3.79356,2.24479,2.83106
22,-3.85668,2.14507,2.81312
22,-3.31744,1.9262,2.04336
22,-3.89667,2.15912,2.87873
22,-3.69854,2.28674,2.79254
22,-3.75849,2.24937,2.82488
22,-3.75267,2.26727,2.84645
22,-3.67686,2.32526,2.82592
22,-3.8493,2.1098,2.81165
22,-3.59543,1.99043,2.45893
22,-4.02975,1.64548,2.60662
22,-3.82243,2.12116,2.84627
22,-3.90363,2.12331,2.93519
22,-3.55209,1.95094,2.41009
22,-3.82038,2.10696,2.84445
22,-3.57983,1.94923,2.44695
22,-3.57916,1.9424,2.44463
22,-3.57797,1.9405,2.44663
22,-3.60753,2.27502,2.78438
22,-3.67924,2.23713,2.85093
22,-3.50535,1.97857,2.44652
22,-3.22523,2.43014,2.57927
22,-3.46098,2.17164,2.59758
22,-3.49916,1.92635,2.43199
22,-3.45807,1.95401,2.41647
22,-3.99414,1.58878,2.65888
22,-3.59551,2.291,2.89106
22,-3.09509,1.78321,1.97202
22,-3.3768,2.34597,2.80299
22,-4.01486,1.70891,2.92415
22,-3.76446,1.88521,2.82194
22,-3.35109,2.39493,2.86039
22,-3.33369,2.45538,2.91551
22,-3.40418,1.69293,2.30462
22,-3.39388,1.67186,2.28311
22,-3.29246,2.45332,2.89488
22,-3.30136,2.5257,2.99134
22,-3.32783,2.45999,2.96568
22,-3.56745,2.18957,2.97353
22,-3.31342,2.38686,2.88763
22,-3.30066,2.5295,3.00511
22,-3.27046,2.42398,2.88713
22,-3.28662,2.26446,2.76101
22,-3.71909,1.85541,2.87302
22,-3.56971,2.21803,3.07854
22,-3.58054,2.12723,3.03496
22,-3.198,2.43981,2.92699
22,-3.32966,1.58659,2.29982
22,-3.30043,1.8251,2.50672
22,-3.36764,2.18552,2.91952
22,-3.42542,2.15404,2.98205
22,-3.65865,1.80063,2.94646
22,-3.27574,1.77805,2.52831
22,-3.48881,2.17981,3.15726
22,-3.62205,1.95281,3.09235
22,-3.04466,2.41961,2.91113
22,-2.68255,2.47529,2.59086
22,-3.5197,1.94945,3.01718
22,-3.60878,1.92445,3.09057
22,-2.70949,2.49706,2.6761
22,-3.47046,2.0179,3.06818
22,-3.49185,1.92884,3.01549
22,-2.95934,2.40637,2.94064
22,-2.85151,2.50372,3.0357
22,-2.77284,2.50042,3.0484
22,-3.31504,2.03598,3.21337
22,-3.52037,1.87242,3.312
22,-3.58373,2.25784,3.7332
22,-3.32079,1.88158,3.11715
22,-2.70553,2.47642,3.12462
22,-3.38032,1.93776,3.41822
22,-3.03469,1.99381,3.20385
22,-3.59488,1.92462,3.74835
22,-3.59726,1.91082,3.76381
22,-3.4743,1.71152,3.46454
22,-3.48448,2.1318,3.87163
22,-3.62856,1.67341,3.61647
22,-2.50829,1.87482,2.6437
22,-2.64969,2.10598,3.13326
22,-2.1153,1.9145,2.74527
22,-3.27617,1.5483,3.7257
22,-1.97696,1.93567,2.78481
22,-2.31397,1.95584,3.18098
22,-1.92609,1.90136,2.79453
22,-2.68456,1.42158,3.75667
22,-1.61062,1.5763,3.2052
22,-2.2083,0.502139,5.27043
22,-0.523369,1.11599,4.29669
22,-0.0622072,-1.00325,1.96383
22,0.0261087,-0.845867,2.05209
22,-0.010797,-1.06245,2.06998
22,-3.78363,2.15653,2.7714
21,-3.78363,2.15653,2.7714
22,-3.8009,1.97597,2.72727
21,-3.8009,1.97597,2.72727
22,-3.87361,2.03279,2.65334
21,-3.87361,2.03279,2.65334
22,-2.03702,1.48,3.52829
21,-2.03702,1.48,3.52829
22,-3.25743,2.0106,2.67547
21,-3.25743,2.0106,2.67547
22,-2.79373,1.81981,2.99233
21,-2.79373,1.81981,2.99233
22,-3.85312,2.08841,2.84877
21,-3.85312,2.08841,2.84877
22,-3.6979,2.1875,2.63622
21,-3.6979,2.1875,2.63622
22,-3.83177,2.06706,2.59641
21,-3.83177,2.06706,2.59641
22,-4.09875,1.93768,2.55756
21,-4.09875,1.93768,2.55756
22,-3.98029,2.07455,2.91727
21,-3.98029,2.07455,2.91727
22,-3.97274,2.06828,2.92821
21,-3.97274,2.06828,2.92821
22,-3.73939,2.18762,2.81223
21,-3.73939,2.18762,2.81223
22,-2.62104,2.0947,3.16238
21,-2.62104,2.0947,3.16238
22,-1.49298,1.33084,3.15299
21,-1.49298,1.33084,3.15299
22,-3.67445,1.79209,3.97764
21,-3.67445,1.79209,3.97764
22,-2.61448,1.8905,3.01818
21,-2.61448,1.8905,3.01818
22,-3.8424,2.0563,2.6116
21,-3.8424,2.0563,2.6116
22,-3.70352,2.34196,2.80746
21,-3.70352,2.34196,2.80746
22,-3.70297,2.20724,2.66423
20,-3.70297,2.20724,2.66423
22,-3.78101,2.2609,2.56527
20,-3.78101,2.2609,2.56527
22,-3.67339,2.20249,2.67297
20,-3.67339,2.20249,2.67297
22,-3.73759,2.23981,2.60713
20,-3.73759,2.23981,2.60713
22,-3.69343,2.20074,2.67491
20,-3.69343,2.20074,2.67491
22,-3.67143,2.02121,2.4224
20,-3.67143,2.02121,2.4224
22,-3.94488,2.0259,2.70504
20,-3.94488,2.0259,2.70504
22,-3.85928,2.06389,2.60392
20,-3.85928,2.06389,2.60392
22,-3.70772,2.28988,2.75852
20,-3.70772,2.28988,2.75852
22,-3.78831,2.24256,2.87292
20,-3.78831,2.24256,2.87292
22,-2.57071,2.08171,3.07112
20,-2.57071,2.08171,3.07112
22,-0.860927,1.03348,3.42624
20,-0.860927,1.03348,3.42624
22,-3.6518,2.23795,2.68179
19,-3.6518,2.23795,2.68179
22,-3.65809,2.19805,2.64549
19,-3.65809,2.19805,2.64549
22,-3.75718,2.20902,2.74543
19,-3.75718,2.20902,2.74543
22,-3.67068,2.25396,2.65807
19,-3.67068,2.25396,2.65807
22,-3.84352,2.05563,2.61898
19,-3.84352,2.05563,2.61898
22,-3.75699,2.18039,2.73123
19,-3.75699,2.18039,2.73123
22,-3.87545,2.14298,2.8246
19,-3.87545,2.14298,2.8246
22,-3.57999,2.2635,2.76336
19,-3.57999,2.2635,2.76336
22,-3.85227,2.06093,2.60959
19,-3.85227,2.06093,2.60959
22,-3.60515,2.27425,2.73557
19,-3.60515,2.27425,2.73557
22,-3.53393,2.23146,2.81996
19,-3.53393,2.23146,2.81996
22,-3.92837,1.98294,2.58217
19,-3.92837,1.98294,2.58217
22,-3.70776,2.39192,3.00833
19,-3.70776,2.39192,3.00833
22,-3.87136,2.21123,2.95282
18,-3.87136,2.21123,2.95282
22,-2.6479,-1.82623,4.46702
18,-2.6479,-1.82623,4.46702
23,-5.74851,3.43038,2.28836
23,-5.65665,3.40738,2.28289
23,-5.05614,3.28396,2.66834
23,-5.01565,3.00242,2.73069
23,-5.05876,2.93236,2.76496
23,-5.07085,2.91358,2.791
23,-4.6797,3.20607,2.71269
23,-5.02145,2.87996,2.80976
23,-5.01557,2.95212,2.96237
23,-5.01583,2.94529,2.96616
23,-4.98507,2.71513,2.59907
23,-5.07003,2.77571,2.86721
23,-5.07614,2.79478,3.03748
23,-5.01409,2.60352,2.68335
23,-4.90796,2.56726,2.73467
23,-5.00983,2.46674,2.77897
23,-4.75248,2.78312,2.8771
23,-4.75243,2.77844,2.87286
23,-4.83564,2.71654,2.93822
23,-5.00542,2.43059,2.79554
23,-5.00897,2.41358,2.79961
23,-4.83795,2.51326,2.68436
23,-4.57302,2.97275,2.93629
23,-4.73935,2.74703,2.88322
23,-4.85096,2.66973,2.94735
23,-4.70584,2.76991,2.87527
23,-4.75792,2.72494,2.89878
23,-4.99742,2.39625,2.80481
23,-4.77469,2.69799,2.93332
23,-4.8509,2.73113,3.09935
23,-4.72825,2.73397,2.92076
23,-4.8079,2.67413,2.98852
23,-4.3119,3.25851,3.09821
23,-4.55923,2.7504,2.75716
23,-4.25041,2.74868,2.28966
23,-4.8074,2.62715,3.01072
23,-4.76592,2.6346,2.96317
23,-4.64783,2.8347,3.10795
23,-4.78627,2.62136,3.03409
23,-4.54633,2.58964,2.63855
23,-4.52076,2.58909,2.61407
23,-4.58529,2.71873,2.9216
23,-4.51072,2.56935,2.60516
23,-4.76483,2.57096,3.02159
23,-4.38978,2.60809,2.50797
23,-4.98127,2.24704,2.94612
23,-4.44245,2.57382,2.57918
23,-4.43834,2.55817,2.55589
23,-4.04229,2.7237,2.21601
23,-4.36831,2.93344,3.07996
23,-4.57123,2.64981,3.03563
23,-4.37182,2.88698,3.06631
23,-4.36051,2.8806,3.06916
23,-4.35562,2.90391,3.10922
23,-4.32619,2.49663,2.50923
23,-4.92967,2.17435,2.99034
23,-4.67766,2.39688,2.95614
23,-4.28251,2.97616,3.18447
23,-4.83231,2.13636,2.87234
23,-4.3057,2.93646,3.20856
23,-4.29665,2.87097,3.13482
23,-4.0546,3.1928,3.24271
23,-4.33869,2.62946,2.87871
23,-4.24484,2.93235,3.18891
23,-4.27759,2.89349,3.18919
23,-3.86743,3.1217,2.88129
23,-4.22648,2.95528,3.21918
23,-4.20076,2.95157,3.22581
23,-4.51306,2.6575,3.29177
23,-4.52611,2.57958,3.20918
23,-4.43077,2.6456,3.17235
23,-4.47157,2.53213,3.25446
23,-4.34034,2.60664,3.1984
23,-4.78232,2.36695,3.69224
23,-4.56479,2.26708,3.34329
23,-4.73727,1.91808,3.1295
23,-4.55465,2.25031,3.34587
23,-4.33118,2.53861,3.42244
23,-4.70705,2.30491,3.7707
23,-4.25665,2.3354,3.19994
23,-3.72924,3.06576,3.4673
23,-4.24241,2.33894,3.22489
23,-4.57168,1.66164,3.11564
23,-4.15047,2.29445,3.48749
23,-4.05922,2.2401,3.38381
23,-4.59313,1.54551,3.36508
23,-3.66764,2.02898,2.65457
23,-4.04205,2.3193,3.65559
23,-3.16184,2.71771,2.88362
23,-3.17825,2.67771,2.92488
23,-3.54548,2.57325,3.3779
23,-4.05549,1.96543,3.53416
23,-4.59725,1.7946,4.28896
23,-4.17233,2.12501,4.29983
23,-4.06133,2.11638,4.49049
23,-3.84972,1.71301,3.76643
23,-4.59136,0.199427,3.41931
23,-3.69121,0.514264,3.47683
23,-4.24644,0.0682571,4.21399
23,-1.52047,0.711213,1.78492
23,-1.49328,1.4185,2.84989
23,-1.38419,0.615624,1.74102
23,-1.24399,-0.188835,5.27735
23,-4.77935,2.67293,2.97971
22,-4.77935,2.67293,2.97971
23,-4.76449,2.85066,2.81046
22,-4.76449,2.85066,2.81046
23,-4.73532,2.92738,2.88739
22,-4.73532,2.92738,2.88739
23,-4.58332,2.67037,2.63929
22,-4.58332,2.67037,2.63929
23,-4.68423,2.75472,2.89645
22,-4.68423,2.75472,2.89645
23,-4.68423,2.75472,2.89645
22,-4.68423,2.75472,2.89645
23,-4.67963,2.79279,2.85898
22,-4.67963,2.79279,2.85898
23,-4.71053,2.69984,3.0256
22,-4.71053,2.69984,3.0256
23,-4.88889,2.67252,3.16397
22,-4.88889,2.67252,3.16397
23,-4.65444,1.69848,3.33054
22,-4.65444,1.69848,3.33054
23,-5.11886,2.40503,2.87618
22,-5.11886,2.40503,2.87618
23,-5.08178,2.9578,2.79424
22,-5.08178,2.9578,2.79424
23,-4.78653,2.85879,2.82103
22,-4.78653,2.85879,2.82103
23,-5.13272,2.55494,2.50584
22,-5.13272,2.55494,2.50584
23,-4.88891,2.61683,3.20918
22,-4.88891,2.61683,3.20918
23,-4.75717,1.85901,3.23338
22,-4.75717,1.85901,3.23338
23,-4.71628,2.81349,2.86304
22,-4.71628,2.81349,2.86304
23,-4.73198,2.86032,3.229
22,-4.73198,2.86032,3.229
23,-4.81166,2.74108,3.49998
22,-4.81166,2.74108,3.49998
23,-4.68879,1.75994,3.30164
22,-4.68879,1.75994,3.30164
23,-4.69538,2.6453,3.64464
22,-4.69538,2.6453,3.64464
23,-4.8095,2.62398,2.78758
22,-4.8095,2.62398,2.78758
23,-4.95305,2.54549,2.71074
21,-4.95305,2.54549,2.71074
23,-4.94246,2.57014,3.08468
21,-4.94246,2.57014,3.08468
23,-4.63608,2.83391,2.9833
21,-4.63608,2.83391,2.9833
23,-4.84058,2.8563,2.80831
21,-4.84058,2.8563,2.80831
23,-3.52678,2.60681,3.29253
21,-3.52678,2.60681,3.29253
23,-4.8877,2.56298,2.72955
21,-4.8877,2.56298,2.72955
23,-4.70367,2.75197,2.91374
21,-4.70367,2.75197,2.91374
23,-3.14197,2.6059,3.22596
21,-3.14197,2.6059,3.22596
23,-3.11183,2.59225,3.2411
21,-3.11183,2.59225,3.2411
23,-4.83766,2.60302,2.81282
19,-4.83766,2.60302,2.81282
23,-4.64612,2.7594,2.89851
19,-4.64612,2.7594,2.89851
23,-4.9055,2.59444,3.06113
19,-4.9055,2.59444,3.06113
23,-4.87919,2.55727,2.73755
19,-4.87919,2.55727,2.73755
23,-4.79085,2.68795,3.14605
19,-4.79085,2.68795,3.14605
23,-4.96091,2.54054,2.70892
20,-4.96091,2.54054,2.70892
23,-4.63568,2.75446,2.85658
18,-4.63568,2.75446,2.85658
23,-4.89111,2.55126,2.86184
18,-4.89111,2.55126,2.86184
23,-3.18455,0.09476,5.31714
16,-3.18455,0.09476,5.31714
24,-0.0661342,0.199588,3.54257
24,-0.0487643,0.14841,2.74072
24,0.134832,0.811476,3.93887
24,0.13798,0.914669,4.43977
24,0.274761,0.220213,2.30194
24,0.2884,0.223526,2.4162
24,-0.23506,0.292254,5.67233
24,-0.163549,0.269194,4.65502
24,0.699857,0.471676,3.70833
24,0.649994,0.40951,3.38753
24,-0.541672,-0.787796,7.42329
24,0.402124,-0.576875,5.13094
24,0.377783,0.31056,2.50369
24,0.697053,-0.598397,4.3471
24,0.631499,-0.146552,3.40297
24,0.493895,-0.133672,2.70746
24,0.844197,-0.349247,4.0048
24,-0.0013599,0.212234,3.01296
24,-0.021562,0.194589,3.19094
24,0.113723,-0.198147,3.04203
24,0.0775745,-0.203975,3.13151
24,0.695449,0.502269,3.94886
24,0.459449,0.263485,2.17959
24,0.346938,0.282085,3.15679
24,-0.20206,0.117941,3.03104
24,-0.412413,0.155352,5.90713
24,-0.0520172,0.129901,2.68559
24,-0.500589,0.214443,5.09802
24,-0.216108,0.121793,3.18159
24,-0.138072,0.248574,4.0762
24,-0.025577,0.224221,3.46206
24,-0.0610673,0.144831,2.71145
24,0.562199,-0.447819,3.29854
24,0.000515625,0.208016,2.87584
24,0.644912,-0.685499,3.78384
24,2.29751,-1.67586,10.8344
24,-0.102155,0.168501,3.39507
24,-0.314335,0.292376,6.95076
24,-0.1058,0.121298,3.51621
24,0.0226654,-0.441517,2.92595
24,0.654859,0.412019,3.39059
24,0.000678208,-0.685463,3.78364
24,0.2664,0.21552,2.26783
24,0.642572,0.531381,4.24081
24,0.112122,-0.188396,2.94944
24,-0.637478,-0.890831,8.44436
24,1.11181,-0.562894,5.15104
24,0.484987,-0.140128,2.66785
24,0.709859,-0.230601,3.40829
24,-0.0620163,0.136664,2.75359
24,-0.0106859,0.187533,2.96486
24,-0.0466593,0.0966636,2.14376
24,0.402084,-0.34503,2.44599
24,0.00353972,-0.687997,3.78183
24,0.738544,0.443257,3.76487
24,0.709112,0.510259,3.88456
24,0.466773,0.245986,2.08933
24,0.556749,-0.167119,3.04991
24,1.59705,-0.520828,7.61272
24,-0.293468,0.123849,3.43926
24,-0.118116,0.195975,3.33794
24,-0.159459,0.145417,3.58606
24,0.779426,-0.474181,4.16613
24,2.11075,-1.07619,9.84825
24,-0.958698,-2.47347,10.6677
24,-0.093159,0.046991,2.63265
24,0.925629,-0.393511,4.31876
24,-0.48036,0.549577,2.48394
24,-1.32004,-3.12304,13.8489
24,0.97978,0.0679081,2.70404
24,-0.0119724,-0.783622,4.44045
24,0.0116756,-0.979833,4.2425
24,0.479399,-0.0833617,1.34326
24,0.507252,-0.126931,1.51374
24,0.291853,-0.0774822,0.817763
24,0.483489,-0.134519,1.41974
24,0.531516,0.41436,1.66748
24,0.819613,0.668027,2.81159
24,2.11466,1.85763,8.00187
24,0.0961693,0.511651,2.71343
24,-0.0492323,0.0942996,2.01035
24,-0.384587,0.0351477,1.78728
24,0.849263,0.502727,4.26999
24,-1.49003,0.407823,13.3441
24,1.07546,1.1111,3.10831
24,3.45613,-2.80673,7.78295
24,1.46727,0.107238,2.80806
24,0.648486,-0.0191982,1.36021
24,0.585823,-0.199303,3.32839
24,0.308968,-0.17881,1.69255
24,0.869216,-0.278701,3.50595
24,-2.02099,0.700698,27.901
24,-2.72281,0.771808,24.3844
24,1.58312,0.913453,7.83104
24,0.896557,-0.0284961,2.01898
24,4.47345,2.75531,8.4555
24,1.01807,0.0699312,2.78459
24,0.389445,-0.0468085,1.38782
24,2.04282,2.11694,5.90418
24,0.609941,0.481645,1.94679
24,2.44285,2.1396,9.13078
24,3.70863,-1.57573,8.87418
24,-0.402754,0.468712,2.11845
24,0.0332367,-0.175769,2.64642
24,0.0267038,-0.990474,4.43505
24,2.21797,-1.31539,12.1502
24,-0.400479,0.456642,2.0639
24,3.19669,2.81734,11.8904
24,-0.386125,-0.198877,1.71289
24,0.0728888,-2.57629,7.32999
24,0.638335,-0.0190544,1.35003
24,0.76289,-0.0239654,1.69797
24,28.8812,-13.0769,130.228
24,0.0275475,-0.169505,2.77027
24,-2.42865,1.23708,8.66317
24,-0.646408,0.0829626,2.51712
24,0.647459,-0.128038,3.40067
25,0.151368,-0.0715135,0.539325
25,0.155191,-0.0728413,0.544399
25,-0.00836501,0.0526194,1.20183
25,-0.310331,0.331918,1.32746
25,-0.202866,0.361402,1.42151
25,-0.200023,0.367524,1.44779
25,-0.219657,0.41366,1.56538
25,-0.107172,0.0663912,1.67319
25,-0.411228,-0.199956,2.10793
25,0.158944,0.167121,2.13623
25,-0.175166,0.0900428,2.14194
25,-0.418232,-0.20773,2.17159
25,-0.426293,-0.209359,2.2088
25,-0.479688,-0.142977,2.24463
25,-0.122661,0.0508791,2.32269
25,0.122401,0.475816,2.34458
25,0.176186,0.203658,2.39159
25,0.0911534,0.188143,2.46848
25,-0.372362,0.144869,2.52893
25,0.0917751,0.193347,2.54385
25,-0.230402,0.103185,2.54207
25,1.10977,-0.380293,2.6359
25,-0.0439528,0.151979,2.68872
25,0.535925,-0.129459,2.75059
25,-0.0827421,0.0538277,2.75355
25,0.543006,-0.133318,2.77398
25,-0.254133,0.187656,2.75015
25,0.559565,-0.201799,2.80105
25,0.0378332,0.205697,2.78698
25,0.531545,-0.230178,2.83647
25,-0.269906,0.189854,2.81472
25,-0.0515263,0.144522,2.83198
25,0.569718,-0.199482,2.85982
25,0.576405,-0.144922,2.91602
25,0.0888777,0.226102,2.90947
25,-0.271432,0.138125,2.93165
25,0.0104179,0.214077,2.96323
25,0.594401,-0.164909,3.01159
25,-0.275267,0.131158,2.98933
25,0.0859985,0.2344,3.02693
25,0.61309,-0.297232,3.06006
25,0.597914,-0.188238,3.07117
25,0.00876447,0.240024,3.08751
25,0.618252,-0.204536,3.15889
25,0.0151695,-0.500486,3.15426
25,0.0511092,-0.222194,3.20341
25,0.0157025,0.248495,3.20997
25,0.0621064,-0.232322,3.29513
25,0.758209,-0.471418,3.32319
25,-0.105879,-0.0727671,3.55863
25,-0.388383,0.249689,3.61287
25,0.623907,0.420483,3.653
25,1.41088,-0.476949,3.70616
25,0.0987447,0.765613,3.69685
25,-0.098965,0.264347,3.71796
25,1.05,-0.446619,3.77626
25,1.03035,-0.314093,3.78101
25,1.3668,-0.367672,3.8059
25,0.683503,-0.332886,3.80057
25,0.74271,0.578553,3.91123
25,0.183893,0.341237,3.93509
25,-0.0990637,0.103857,3.93309
25,0.75472,0.586833,4.0106
25,0.24485,0.349717,4.02766
25,0.772391,0.59514,4.08378
25,0.740461,-0.354336,4.12818
25,-0.114134,0.297615,4.10033
25,-0.128,0.257492,4.12757
25,1.51826,-0.377839,4.22886
25,-0.0259616,-0.446802,4.19285
25,0.688712,-0.428739,4.2815
25,-0.351546,0.196885,4.28993
25,0.132761,0.930332,4.46494
25,-0.338738,0.167843,4.47575
25,0.141614,0.947315,4.51772
25,-0.352429,0.128809,4.56413
25,-0.279798,-0.0971764,4.67054
25,1.27093,-0.461602,4.7265
25,-0.175309,0.267473,4.94605
25,-0.0422237,0.381739,4.96204
25,0.878867,-0.590541,5.35691
25,-0.19419,0.224538,5.32697
25,1.3732,-0.444381,5.38239
25,-0.438239,0.258277,5.44425
25,1.37771,-0.636015,5.588
25,0.845192,-0.281208,5.72574
25,0.359006,0.529281,5.90751
25,0.240462,-0.24818,6.16583
25,0.277701,-0.285694,6.27884
25,0.243563,-0.273311,6.29011
25,-0.251275,0.40489,6.29381
25,0.258341,-0.253286,6.53172
25,1.56105,-0.962122,6.73103
25,-0.467008,0.236957,6.74748
25,0.134526,0.305907,1.6372
24,0.134526,0.305907,1.6372
25,0.164589,-0.144079,6.91846
24,0.164589,-0.144079,6.91846
25,-0.0127925,0.179477,1.82705
24,-0.0127925,0.179477,1.82705
25,0.144237,0.320683,1.7226
24,0.144237,0.320683,1.7226
25,0.0243028,0.210907,1.75074
24,0.0243028,0.210907,1.75074
25,0.157981,-0.161801,7.07812
24,0.157981,-0.161801,7.07812
25,-0.00904995,0.216636,1.90962
24,-0.00904995,0.216636,1.90962
25,-0.6448,-0.907989,8.51567
24,-0.6448,-0.907989,8.51567
25,0.337655,-0.0797886,1.64596
24,0.337655,-0.0797886,1.64596
25,-0.0243484,0.310325,1.7013
24,-0.0243484,0.310325,1.7013
25,0.18375,0.211615,1.72165
24,0.18375,0.211615,1.72165
25,-0.062983,0.251311,1.7366
24,-0.062983,0.251311,1.7366
25,-0.0237469,0.297765,1.63197
24,-0.0237469,0.297765,1.63197
25,0.0961613,0.281735,1.81254
24,0.0961613,0.281735,1.81254
25,0.143765,0.166236,1.44179
24,0.143765,0.166236,1.44179
25,0.0317836,0.236003,1.92801
24,0.0317836,0.236003,1.92801
25,-0.0385763,0.242338,1.67211
24,-0.0385763,0.242338,1.67211
25,0.911263,0.352501,2.38731
24,0.911263,0.352501,2.38731
25,-0.0791233,0.323555,2.16943
24,-0.0791233,0.323555,2.16943
26,0.15239,0.109057,1.60424
26,-0.297206,-0.120157,1.68229
26,0.176426,0.143233,1.92376
26,0.292367,0.201345,2.06185
26,-0.27943,0.120821,2.08051
26,0.201761,0.169792,2.09204
26,-0.054675,0.0770294,2.13244
26,-0.146227,0.123996,2.167
26,-0.303597,0.134194,2.23258
26,0.224574,0.228024,2.24156
26,0.129349,0.503225,2.27475
26,0.928391,-0.378569,2.33198
26,0.573637,-0.238733,2.3289
26,0.253029,0.353793,2.4352
26,0.662562,-0.259141,2.5742
26,0.0892701,0.197037,2.55396
26,0.389229,0.293816,2.56979
26,0.255852,0.272924,2.61398
26,0.568979,-0.179281,2.64955
26,0.0418396,0.208271,2.68578
26,-0.0114231,0.182025,2.72458
26,0.598425,-0.200256,2.75435
26,0.594428,-0.183209,2.75526
26,0.602356,-0.303123,2.77856
26,-0.259678,0.123761,2.79469
26,-0.0512084,0.150975,2.82891
26,0.664429,-0.309977,2.87767
26,0.443961,0.338287,2.84667
26,0.553886,0.493732,2.84343
26,0.21753,0.286822,2.86069
26,0.669339,0.293749,2.92545
26,0.55302,-0.286779,3.0146
26,-0.0995775,-0.0837749,3.0193
26,-0.167914,-0.101027,3.25617
26,-0.356875,0.146054,3.24265
26,0.298349,0.384148,3.25286
26,0.0178686,-0.55917,3.29293
26,0.0144058,-0.557403,3.31652
26,0.020359,-0.553574,3.32381
26,-0.221948,0.0943541,3.30906
26,0.114623,-0.324565,3.39378
26,0.850453,-0.3529,3.43851
26,0.0716988,-0.245941,3.44182
26,-0.12623,0.141631,3.43166
26,0.697882,0.617988,3.44415
26,-0.000262797,0.266642,3.4646
26,-0.0875586,0.161891,3.47901
26,0.888652,-0.3574,3.52465
26,0.0699068,-0.250795,3.50827
26,0.0228733,0.326984,3.51982
26,0.575862,0.463203,3.54906
26,0.375262,0.413133,3.56409
26,0.256908,0.365329,3.59588
26,-0.094565,0.163476,3.59968
26,0.5868,0.469418,3.63055
26,-0.221938,0.226413,3.6517
26,-0.211583,-0.0786118,3.74716
26,-0.399162,0.18511,3.84309
26,0.892292,0.399907,3.86213
26,0.62663,0.489047,3.94723
26,0.474568,0.436454,3.95392
26,0.925901,0.414782,4.05717
26,0.634999,0.524721,4.25233
26,-0.330485,0.184549,4.26012
26,0.0291129,-0.720256,4.3229
26,-0.130037,0.317603,4.28443
26,-0.480366,0.365294,4.35906
26,0.660742,0.544894,4.37538
26,1.22669,-0.424191,4.44742
26,1.05399,0.474896,4.42473
26,0.443024,0.564278,4.45781
26,0.369169,0.495246,4.52129
26,-0.297985,0.286006,4.52279
26,-0.308276,-0.119693,4.84887
26,-0.557792,0.427888,4.88796
26,1.08512,-0.528216,4.97215
26,0.328161,0.527293,4.99837
26,-0.174207,0.247785,5.01567
26,1.29802,-0.656439,5.15795
26,-0.183637,0.335048,5.16572
26,-0.0131185,0.523163,5.191
26,-0.205347,0.409401,5.35941
26,0.364724,0.594458,5.5238
26,1.38105,0.632888,5.64648
26,0.00425753,0.516723,5.66494
26,0.99184,-0.699781,6.03228
26,0.522184,0.709711,6.00149
26,1.48217,-0.835412,6.16244
26,0.253436,-0.292504,6.3126
26,-0.854777,0.342672,6.54458
26,0.277157,-0.297309,6.65433
26,0.192107,-0.163333,6.65937
26,-0.0395542,0.656678,6.66751
26,1.71545,-0.715808,6.94251
26,1.33225,-0.882161,7.15189
26,-0.0908848,0.17755,2.37862
25,-0.0908848,0.17755,2.37862
26,0.104443,0.182415,2.15501
25,0.104443,0.182415,2.15501
26,-0.0117141,0.148115,2.36158
25,-0.0117141,0.148115,2.36158
26,-0.0326534,0.167659,2.18801
25,-0.0326534,0.167659,2.18801
26,-1.06777,-1.69063,12.065
25,-1.06777,-1.69063,12.065
26,-0.769171,-0.937477,7.94125
25,-0.769171,-0.937477,7.94125
26,-0.059578,0.255114,1.78339
25,-0.059578,0.255114,1.78339
26,0.0418183,0.168251,2.08121
25,0.0418183,0.168251,2.08121
26,-1.06777,-1.69063,12.065
25,-1.06777,-1.69063,12.065
26,-0.937983,-0.945635,8.13472
25,-0.937983,-0.945635,8.13472
26,-0.092367,0.175165,2.38485
25,-0.092367,0.175165,2.38485
26,0.0970506,0.17083,2.25833
25,0.0970506,0.17083,2.25833
26,-0.226654,0.408485,2.02538
25,-0.226654,0.408485,2.02538
26,0.0287829,0.215343,1.81231
25,0.0287829,0.215343,1.81231
26,0.00976078,0.178265,2.11377
25,0.00976078,0.178265,2.11377
26,-0.244471,0.152568,2.37983
25,-0.244471,0.152568,2.37983
26,0.259165,0.192261,1.54785
25,0.259165,0.192261,1.54785
26,-0.271582,0.49428,2.31222
25,-0.271582,0.49428,2.31222
26,0.242162,-0.210568,5.70207
25,0.242162,-0.210568,5.70207
26,0.0558086,0.179191,2.22181
25,0.0558086,0.179191,2.22181
26,0.0619587,0.200947,2.43203
25,0.0619587,0.200947,2.43203
26,-0.113968,0.176062,2.61601
24,-0.113968,0.176062,2.61601
26,0.954873,-0.989696,14.276
24,0.954873,-0.989696,14.276
26,0.312738,-0.309506,7.30391
24,0.312738,-0.309506,7.30391
26,-0.0169388,0.303709,1.65444
24,-0.0169388,0.303709,1.65444
26,-0.106617,0.164397,2.27522
24,-0.106617,0.164397,2.27522
26,-0.24096,0.159241,2.50054
24,-0.24096,0.159241,2.50054
26,0.42312,-0.87544,2.95959
24,0.42312,-0.87544,2.95959
26,-0.0153851,0.212945,1.88115
24,-0.0153851,0.212945,1.88115
26,0.0100905,-0.456029,1.69444
24,0.0100905,-0.456029,1.69444
27,0.453791,-0.319468,2.11264
27,0.589011,0.194461,2.38738
27,0.513438,0.192742,2.4692
27,-0.0973383,0.0450605,2.55604
27,0.493332,0.228313,2.54164
27,0.451452,-0.237766,2.55492
27,0.626564,-0.339651,2.53825
27,-0.00663362,0.111206,2.68492
27,0.99981,0.294935,2.58203
27,0.961619,0.298453,2.60208
27,0.417876,-0.39766,2.72452
27,0.678037,-0.35185,2.72271
27,0.487132,-0.259728,2.82319
27,0.416265,-0.269851,2.83442
27,0.473447,-0.273805,2.84376
27,0.498206,-0.273492,2.84934
27,0.510578,-0.256747,2.84929
27,0.489299,-0.296313,2.85574
27,0.482043,-0.277792,2.85866
27,-0.132122,0.0502382,2.92997
27,0.481879,-0.259063,2.85965
27,0.458094,-0.342225,2.8632
27,0.497476,-0.372211,2.86929
27,0.469271,-0.344609,2.87441
27,0.48313,-0.265951,2.88907
27,0.492157,-0.305433,2.88868
27,0.456339,-0.336927,2.89787
27,0.446443,-0.279667,2.90148
27,0.42256,-0.276447,2.90732
27,0.498004,-0.316537,2.90207
27,0.472471,-0.350405,2.90515
27,0.498652,-0.30998,2.90466
27,0.44967,-0.275132,2.91301
27,0.530419,-0.320686,2.90852
27,0.454687,-0.271234,2.92119
27,0.463557,-0.337856,2.92139
27,0.523753,-0.323544,2.9176
27,0.53086,-0.278614,2.91921
27,0.459013,-0.33544,2.94699
27,0.443744,-0.277391,2.95759
27,1.18126,-1.16799,2.87109
27,0.481812,-0.251638,2.99075
27,0.455745,-0.293371,3.02016
27,0.469282,-0.411943,3.01901
27,0.512216,-0.412465,3.02725
27,0.502268,-0.243763,3.06691
27,0.523659,-0.245559,3.13447
27,0.928987,-0.624772,3.08847
27,0.810812,0.368192,3.17565
27,0.534172,0.454854,3.48309
27,0.504468,0.365334,3.48668
27,-0.246531,0.118909,3.59357
27,0.573454,-0.483615,3.54428
27,0.557113,0.385938,3.56304
27,0.824899,0.757882,3.59984
27,-0.172989,0.17091,3.83085
27,1.51303,0.607914,3.74332
27,-0.0328867,-0.948652,3.88927
27,0.841605,0.480484,3.83912
27,0.392015,0.450858,3.92295
27,0.6105,0.47479,3.91586
27,0.0995511,0.356958,3.97762
27,0.586704,0.55745,3.95445
27,0.723127,0.595233,3.94261
27,0.731904,0.599684,3.98577
27,0.70393,-0.547693,3.98353
27,-0.029806,-0.983204,4.06581
27,0.304972,-0.989468,4.13341
27,0.676221,-0.502777,4.19452
27,1.53996,-0.6676,4.16825
27,0.578782,0.551416,4.32347
27,1.48213,-0.72606,4.29496
27,1.62355,-0.94528,4.31773
27,-0.023543,-1.05371,4.52601
27,0.749311,-0.534389,4.47061
27,1.01611,-0.536669,4.47553
27,1.46393,0.810032,4.4862
27,1.16558,-0.572286,4.49864
27,0.317039,-0.62374,4.6109
27,-0.0165319,-1.07837,4.64925
27,-0.0182378,-1.13377,4.65122
27,0.0261236,-1.73479,4.72697
27,1.19687,-0.581427,4.62261
27,0.807875,-0.555984,4.6942
27,1.62743,-0.710481,4.60548
27,1.63045,-0.54108,4.61073
27,1.2169,-0.592295,4.68564
27,-0.00888701,-1.18018,4.8341
27,1.2562,-0.5931,4.76099
27,2.23983,-1.83212,4.65918
27,1.79211,-0.668847,4.85712
27,0.370611,-0.644446,5.01127
27,1.75053,-0.722663,4.91858
27,1.71076,-0.655894,4.94168
27,-0.382454,0.280605,5.18068
27,2.41036,-1.90722,4.96281
27,0.0347604,-1.95959,5.30788
27,2.0434,-1.77717,5.10098
27,1.42588,-0.493184,5.24389
27,0.878361,-0.711812,5.33698
27,1.43369,-0.476246,5.30732
27,1.38061,-0.634986,5.35055
27,1.36268,-0.628657,5.36238
27,1.53764,-0.41597,5.42304
27,1.35154,-0.637905,5.46172
27,1.55457,-0.402792,5.47002
27,0.255713,-0.232918,5.63974
27,1.55625,1.09914,5.5611
27,-0.321697,0.408896,5.82261
27,0.279048,-0.247745,5.7717
27,0.993358,-0.784618,5.86638
27,2.63705,-2.42532,5.68159
27,1.24264,-1.38011,5.9039
27,1.2799,-1.41537,6.02356
27,1.76851,-0.367705,6.00337
27,2.69107,-2.13316,5.99329
27,1.33281,-1.40553,6.31639
27,0.547591,-0.796395,6.47632
27,1.35274,-1.46703,6.38571
27,1.88038,1.54525,7.03015
27,-0.725129,0.699931,7.32625
27,1.21389,-0.73751,7.16693
27,0.706567,-0.924354,7.80501
27,-0.156637,0.129883,3.20489
26,-0.156637,0.129883,3.20489
27,-0.858236,-1.65025,10.4687
26,-0.858236,-1.65025,10.4687
27,-0.415341,0.155723,3.79684
26,-0.415341,0.155723,3.79684
27,-0.219284,-0.0754955,3.72163
26,-0.219284,-0.0754955,3.72163
27,1.2187,-0.853425,6.62361
26,1.2187,-0.853425,6.62361
27,-0.491093,0.152134,3.21324
26,-0.491093,0.152134,3.21324
27,-0.324828,-0.0486285,3.96885
25,-0.324828,-0.0486285,3.96885
27,-0.364561,0.0994421,3.34871
25,-0.364561,0.0994421,3.34871
27,-0.360469,-0.438217,4.26947
25,-0.360469,-0.438217,4.26947
27,0.246967,-0.377601,5.55433
25,0.246967,-0.377601,5.55433
27,-0.522788,-0.738666,4.90846
24,-0.522788,-0.738666,4.90846
27,0.0291837,-1.44936,5.34975
24,0.0291837,-1.44936,5.34975
27,-0.379652,-0.328534,5.44447
24,-0.379652,-0.328534,5.44447
27,-0.342092,-0.0460863,4.14757
24,-0.342092,-0.0460863,4.14757
27,-0.426349,-0.371036,6.13552
24,-0.426349,-0.371036,6.13552
27,-0.621937,-0.594725,4.30091
24,-0.621937,-0.594725,4.30091
28,0.515004,-0.174758,2.74258
28,0.463062,-0.307122,2.74252
28,0.77593,-0.182129,2.73733
28,0.581219,-0.139646,2.7588
28,0.573701,-0.190295,2.75782
28,0.580963,-0.168599,2.76442
28,0.767727,-0.240326,2.74816
28,0.780189,-0.190132,2.7504
28,0.532637,-0.164815,2.78869
28,0.762153,-0.18128,2.79165
28,0.486284,-0.300404,2.83981
28,0.509184,-0.286451,2.84029
28,0.544932,-0.217461,2.88648
28,0.757021,-0.0781758,2.8861
28,0.665503,-0.11877,2.8927
28,0.518378,-0.29848,2.91108
28,0.571619,-0.139579,2.91793
28,0.775055,-0.110456,2.90506
28,0.52946,-0.278489,2.9251
28,0.787962,-0.0155589,2.92716
28,0.580051,-0.133767,2.94381
28,0.591779,-0.175737,2.94628
28,0.613179,-0.224144,2.96966
28,0.615695,-0.232677,2.97051
28,0.846857,-0.285792,2.97248
28,0.634923,-0.217664,3.01858
28,0.568868,-0.273824,3.02755
28,0.810948,-0.0673508,3.01645
28,0.664805,-0.278275,3.01939
28,0.64441,-0.25287,3.03187
28,0.831834,0.00381187,3.02781
28,0.60477,-0.269793,3.03965
28,0.657648,-0.217115,3.04125
28,0.614548,-0.269358,3.04535
28,0.674392,-0.278925,3.04336
28,0.639043,-0.298318,3.04908
28,0.610311,-0.277597,3.05476
28,0.609259,-0.277847,3.05957
28,0.758466,-0.0212498,3.06288
28,0.754976,-0.0261491,3.0681
28,0.929109,0.0221266,3.07869
28,0.25689,-0.796539,3.27513
28,0.279735,-0.828539,3.47927
28,-0.0896683,0.319832,3.67718
28,-0.1209,0.414128,3.77581
28,-0.0179282,0.432604,3.79664
28,-0.0014421,-0.63361,3.77741
28,-0.270242,0.215701,3.84392
28,0.305627,-0.882218,3.77517
28,0.082718,-1.0148,3.86952
28,0.089372,-1.01296,3.88034
28,-0.150664,0.315385,3.99178
28,-0.293662,0.274534,4.03726
28,0.0974337,-1.03299,3.95856
28,0.0937354,-1.03524,3.99753
28,-0.464927,0.317108,4.11623
28,-0.513961,0.308537,4.13074
28,0.16514,-0.334983,4.05166
28,0.16071,-0.345634,4.06209
28,-0.284879,0.403393,4.13985
28,0.104173,-1.05576,4.09732
28,0.370397,-0.924739,4.08674
28,-0.386608,0.300471,4.23066
28,-0.400438,0.298835,4.23805
28,-0.302956,0.47459,4.40189
28,-0.319344,0.353564,4.42149
28,1.23573,-0.477957,4.2711
28,-0.403764,0.0982507,4.47156
28,0.584456,-0.239118,4.50123
28,0.0181742,-0.679018,4.54146
28,0.250706,-0.360135,4.58132
28,-0.013391,-0.813096,4.62013
28,1.1079,-0.567597,4.56867
28,0.427559,-1.01757,4.63654
28,0.593275,-0.224509,4.68143
28,0.0355728,-1.10128,4.68896
28,0.261863,-0.337232,4.71932
28,-0.00948321,-0.808853,4.72176
28,0.315084,-0.360391,4.71639
28,1.10854,-0.639846,4.6502
28,0.305924,-0.362632,4.73804
28,0.270852,-0.358945,4.75869
28,0.336164,-0.355659,4.78467
28,0.27846,-0.354727,4.79692
28,1.11217,-0.592828,4.7554
28,0.28169,-0.32416,4.8732
28,0.344977,-0.36285,4.8732
28,1.2863,-0.48942,4.7876
28,-0.612917,0.495035,5.03275
28,0.455976,-1.04608,4.87303
28,-0.411944,-0.310598,4.99249
28,1.15659,-0.616384,4.89498
28,0.271205,-0.304967,5.00087
28,0.832765,-0.41851,4.94972
28,-0.455069,-1.08941,5.03786
28,0.297281,-0.311853,5.02224
28,1.33357,-0.482505,4.93963
28,0.197505,-0.40782,5.05065
28,1.18985,-0.57196,4.96484
28,1.34992,-0.265482,4.98441
28,0.355462,-0.342727,5.0752
28,1.29594,-0.279456,5.0185
28,1.34743,-0.267565,5.02172
28,0.531812,-0.138849,5.10935
28,1.29288,-0.608508,5.04134
28,1.30206,-0.609654,5.06827
28,1.86363,-0.784182,5.03609
28,1.28167,-0.258715,5.11471
28,0.388642,-0.561022,5.19644
28,0.365196,-0.480289,5.20849
28,1.25513,-0.223821,5.14734
28,1.85821,-0.882668,5.0696
28,1.30548,-0.548219,5.13586
28,1.3707,-0.280022,5.17212
28,0.920482,-0.57015,5.22617
28,1.35346,-0.440539,5.20347
28,0.900971,-0.405942,5.24428
28,0.796552,-0.441701,5.25239
28,2.08034,-0.819403,5.13741
28,1.02447,-0.503982,5.24909
28,1.33515,-0.537209,5.22404
28,0.965432,-1.27707,5.22323
28,1.35146,-0.5023,5.2482
28,1.38312,-0.442588,5.26443
28,1.31508,-0.529879,5.27342
28,0.908949,-0.615613,5.31406
28,1.31702,-0.548195,5.29197
28,2.21641,-2.00056,5.14933
28,1.27315,-0.701566,5.30554
28,0.381022,-0.508069,5.39195
28,1.42399,-0.359966,5.32229
28,1.49097,1.15068,5.38861
28,1.34253,-0.488913,5.32751
28,0.888889,-0.503514,5.37207
28,1.29842,-0.656295,5.33071
28,1.30669,-0.62631,5.33477
28,1.30854,-0.630221,5.33756
28,0.867668,-0.488836,5.38701
28,1.02585,-0.434356,5.37632
28,1.30865,-0.462663,5.35196
28,0.970906,-0.450466,5.3849
28,0.906024,-0.537294,5.3886
28,0.950916,-0.483934,5.38833
28,0.930033,-0.574845,5.3897
28,1.28296,-0.717345,5.35435
28,0.827965,-0.447895,5.41172
28,2.30001,-1.83796,5.22313
28,1.27211,-0.787102,5.36554
28,0.913595,-0.514071,5.40929
28,0.845932,-0.454638,5.42301
28,1.4466,-0.37465,5.3756
28,2.21119,-1.86962,5.25347
28,0.991721,-1.28738,5.3851
28,0.871757,-0.476363,5.43429
28,1.27442,-0.784702,5.38772
28,1.25787,-0.8325,5.39112
28,1.0496,-0.492382,5.42485
28,0.923664,-0.507762,5.4353
28,2.28275,-0.923469,5.30008
28,1.04483,-0.429777,5.43343
28,0.849949,-0.121212,5.46567
28,0.997969,-0.440945,5.43847
28,0.994639,-0.441878,5.44127
28,1.30938,-0.684137,5.41133
28,0.897436,-0.500817,5.45757
28,1.33365,-0.627323,5.42094
28,0.973224,-0.570492,5.45591
28,0.882903,-0.56977,5.46491
28,1.17108,-1.10557,5.42065
28,1.27579,-0.81654,5.42652
28,2.31344,-2.05104,5.29145
28,1.29002,-0.78091,5.44487
28,2.35499,-1.77239,5.30824
28,0.976978,-0.557522,5.48624
28,0.43819,-0.355102,5.54434
28,0.97775,-0.406714,5.49608
28,0.811445,-0.443103,5.51794
28,2.41937,-1.88573,5.31423
28,1.25578,-0.918886,5.46646
28,2.28033,-1.52727,5.3527
28,1.25018,-0.950716,5.47186
28,1.0155,-1.31031,5.47741
28,2.05975,-0.858449,5.42561
28,2.09154,-0.909302,5.43116
28,1.19134,-1.04419,5.5035
28,1.20715,-1.09682,5.51461
28,1.04227,-1.32441,5.53217
28,1.23645,-1.12905,5.52695
28,2.74959,-1.9383,5.36806
28,1.20118,-1.03379,5.55334
28,1.00067,-0.579191,5.59821
28,2.07147,-0.999125,5.48766
28,2.32519,-1.51643,5.45233
28,1.22082,-1.02277,5.58154
28,1.26402,-1.01286,5.5799
28,2.42392,-1.91109,5.44163
28,2.40467,-1.80747,5.45837
28,1.98897,-0.348697,5.56174
28,2.09654,-0.923642,5.52712
28,1.25254,-1.06579,5.60368
28,1.25501,-1.05011,5.60443
28,2.03143,-0.943328,5.55199
28,1.23989,-0.986925,5.62112
28,1.28828,-0.998778,5.62411
28,1.29456,-0.954783,5.63282
28,1.28569,-0.993688,5.6332
28,2.03496,-1.02684,5.57275
28,2.65004,-2.08123,5.48964
28,-0.567274,-0.67093,5.83705
28,2.03175,-0.323627,5.63298
28,1.31573,-0.958493,5.67997
28,1.08537,-1.42134,5.68673
28,1.01846,-0.560117,5.73678
28,0.838072,-0.455195,5.77044
28,1.20584,-0.683127,5.73294
28,2.70406,-1.98841,5.56426
28,1.63875,1.28091,5.80788
28,1.18925,-1.60046,5.72186
28,1.26381,-0.990966,5.74616
28,1.2731,-1.13048,5.74161
28,2.64736,-1.85759,5.59998
28,0.55032,-0.0900098,5.86408
28,2.12963,-1.11946,5.68455
28,1.20743,-0.683646,5.78831
28,2.8814,-2.0023,5.5853
28,0.88744,-0.172834,5.84374
28,1.99903,-0.63243,5.72727
28,1.03524,-0.5688,5.82616
28,1.23572,-0.681695,5.82809
28,2.94381,-1.94089,5.65261
28,1.01252,-0.579416,5.89294
28,2.25395,-0.996391,5.7685
28,1.22919,-0.665465,5.87554
28,1.1594,-0.437614,5.91326
28,1.23645,-0.663373,5.93134
28,1.26082,-0.726699,5.92961
28,0.9405,-0.100953,5.99056
28,0.893096,-0.617874,5.99189
28,2.0276,-0.565813,5.90108
28,1.16587,-0.758603,6.01486
28,0.564219,-0.125117,6.12923
28,2.54063,-1.2127,5.9935
28,2.47683,-1.16728,6.03668
28,0.96203,-0.162282,6.22188
28,2.21749,-0.489656,6.10921
28,3.21613,-0.395456,6.25736
28,1.12036,-0.066094,6.72299
28,3.61003,-0.487336,6.70754
28,1.35405,-1.52514,6.92027
28,1.56253,-2.44115,7.02218
28,3.79046,-0.579305,7.01584
28,1.0154,-2.6712,7.38839
28,4.12237,-0.746117,7.61572
28,-0.204274,-0.25409,2.35514
27,-0.204274,-0.25409,2.35514
28,0.673238,-0.531627,4.52363
26,0.673238,-0.531627,4.52363
28,-0.117287,0.0319766,3.13444
26,-0.117287,0.0319766,3.13444
28,1.53108,-0.465069,4.98239
26,1.53108,-0.465069,4.98239
28,-0.129485,0.0365579,3.22933
26,-0.129485,0.0365579,3.22933
28,1.59909,-0.514964,4.92579
26,1.59909,-0.514964,4.92579
28,0.629741,-0.218904,4.47503
25,0.629741,-0.218904,4.47503
28,-0.454994,-0.659657,4.2715
25,-0.454994,-0.659657,4.2715
28,0.177801,-0.297972,4.39291
25,0.177801,-0.297972,4.39291
28,-0.417957,-0.993058,4.53944
24,-0.417957,-0.993058,4.53944
29,0.501973,-0.338344,2.55998
29,0.518569,-0.29453,2.6754
29,0.502703,-0.247938,2.76374
29,0.493936,-0.210336,2.82375
29,0.560123,-0.189908,2.88852
29,0.561976,-0.238214,2.91233
29,0.626119,-0.250911,2.98147
29,0.617451,-0.297828,2.99733
29,0.624583,-0.307536,3.01003
29,0.623842,-0.201153,3.08811
29,0.0600526,-1.04078,3.518
29,-0.452277,-0.635045,3.60727
29,0.306066,-0.958826,3.69557
29,-0.00915162,-0.752599,3.76349
29,1.10729,-0.905614,3.70128
29,-0.230703,-0.601971,3.80063
29,0.464525,-0.361381,3.81414
29,1.08364,0.114566,4.00762
29,0.711482,-1.06172,4.08464
29,-0.0909555,-0.608399,4.14197
29,0.858403,-0.605911,4.10287
29,1.14097,-0.617068,4.10114
29,0.00149526,-0.359773,4.28176
29,-0.0209862,-0.755416,4.34338
29,0.214419,-0.37356,4.31836
29,0.952276,-0.572461,4.31275
29,0.107164,-1.54959,4.42708
29,-0.399416,0.10305,4.45397
29,0.3919,-0.98263,4.45571
29,-0.31222,0.126203,4.49794
29,-0.417658,0.131015,4.51235
29,-0.0150671,-0.778553,4.58815
29,0.113331,-1.58333,4.6039
29,-0.0245188,-0.696786,4.64249
29,0.0283544,-0.996029,4.77338
29,-0.00805754,-0.756938,4.84034
29,-0.00311863,-0.783637,4.85934
29,0.0296586,-1.03166,4.87061
29,0.0324788,-1.00847,4.95704
29,0.176541,-0.0671789,4.92831
29,1.7291,-0.641574,4.87181
29,0.0951539,0.14912,4.96594
29,1.69095,-0.702236,4.93151
29,0.117295,0.137727,5.05323
29,1.97481,-0.965865,4.96602
29,0.00915477,-0.8007,5.13585
29,0.313198,-0.276644,5.11182
29,0.030019,-0.978141,5.16386
29,0.371125,-0.271049,5.14485
29,0.0361494,-0.989619,5.19177
29,-0.004812,-0.711002,5.21381
29,-0.408111,-0.129137,5.24919
29,-0.39228,-0.111773,5.28787
29,0.0549155,-1.08088,5.28564
29,0.38178,-0.366268,5.24484
29,0.329559,-0.251096,5.2503
29,0.940041,-0.369422,5.21901
29,0.194354,0.0121201,5.26227
29,1.71305,-0.493667,5.17262
29,0.00301884,-0.744213,5.34591
29,1.83515,-0.671115,5.23909
29,0.209051,0.0252709,5.33278
29,0.420681,-0.434005,5.43426
29,0.941866,-0.308789,5.40546
29,-0.417278,-0.0734465,5.50068
29,2.29442,-0.837131,5.36042
29,0.424541,-0.344718,5.51453
29,0.951541,-0.316509,5.51843
29,2.3593,-1.52694,5.49725
29,2.50504,-1.59648,5.52386
29,-0.446511,-0.172855,5.71619
29,0.968299,-0.429639,5.69733
29,-0.545985,-0.983319,5.84907
29,2.47271,-1.42431,5.68593
29,0.60393,-1.00997,5.82632
29,-0.177616,-0.407836,6.27208
29,1.05279,-0.32806,6.71827
29,-0.726233,-0.597498,7.18962
29,-0.757843,-0.545601,7.43966
29,-0.183547,0.124045,7.55124
29,-0.222792,-0.0514542,7.68664
29,1.28689,-2.88499,7.91852
29,1.98921,-1.76192,8.55005
28,1.98921,-1.76192,8.55005
29,0.350865,-0.458983,4.9412
28,0.350865,-0.458983,4.9412
29,1.28778,-0.3832,5.1896
28,1.28778,-0.3832,5.1896
29,2.61885,-0.135952,6.20273
28,2.61885,-0.135952,6.20273
29,-0.340145,-1.58005,4.57053
28,-0.340145,-1.58005,4.57053
29,-0.30571,-0.357433,4.30048
27,-0.30571,-0.357433,4.30048
29,0.0149529,-0.703292,4.3253
27,0.0149529,-0.703292,4.3253
29,0.775233,-1.19348,4.39215
27,0.775233,-1.19348,4.39215
29,0.830668,-1.23188,4.62859
27,0.830668,-1.23188,4.62859
29,-0.405217,-1.05651,3.87643
27,-0.405217,-1.05651,3.87643
29,-0.30588,-1.12798,3.78135
27,-0.30588,-1.12798,3.78135
29,-0.308785,-0.47961,3.84126
27,-0.308785,-0.47961,3.84126
29,1.90187,-0.516982,5.26205
27,1.90187,-0.516982,5.26205
29,-0.451218,-0.671442,4.22713
27,-0.451218,-0.671442,4.22713
29,1.88712,-0.549159,5.17861
27,1.88712,-0.549159,5.17861
29,0.265493,-0.259634,4.24269
27,0.265493,-0.259634,4.24269
29,0.03936,-1.15984,4.22311
27,0.03936,-1.15984,4.22311
29,0.0795436,-0.127543,4.07401
26,0.0795436,-0.127543,4.07401
29,-0.419543,-0.745762,4.35867
24,-0.419543,-0.745762,4.35867
30,0.342884,-0.527073,3.083
30,0.32365,-0.547854,3.11318
30,0.360982,-0.545861,3.10575
30,0.0164485,-1.28346,4.06862
30,0.0261409,-1.25604,4.09153
30,0.24604,-1.09063,4.22176
30,0.235946,-1.03358,4.22286
30,0.218328,-1.00946,4.26903
30,0.308479,-1.12174,4.47447
30,0.886983,-0.41934,4.30915
30,0.898133,-0.417569,4.31315
30,0.892106,-0.418951,4.35074
30,0.367765,-1.14482,4.6161
30,1.06024,-0.38329,4.46143
30,0.558404,-1.75574,4.71139
30,1.01782,-0.409756,4.51889
30,1.1041,-0.342664,4.52004
30,0.530022,-1.72465,4.75701
30,1.0162,-0.437219,4.56457
30,0.374723,-1.28933,4.81951
30,0.385339,-1.29443,4.84556
30,1.05536,-0.807398,4.68589
30,1.08939,-0.359242,4.65332
30,0.396773,-1.13348,4.9333
30,0.0112392,-1.14996,5.03889
30,0.569129,-1.80778,4.9365
30,0.60017,-1.38703,4.91289
30,0.55597,-1.83374,5.03751
30,0.841144,-1.26254,4.93314
30,0.317518,-0.48673,5.0541
30,0.680484,-1.86384,5.07603
30,0.583284,-1.80949,5.12574
30,1.13952,-0.722102,4.93059
30,1.16462,-0.706994,4.93337
30,0.59416,-1.84859,5.15822
30,0.956865,-1.37154,5.06937
30,1.17717,-0.694166,4.98717
30,1.18157,-0.679842,4.99636
30,1.2405,-0.656721,5.00189
30,0.878281,-0.579416,5.09196
30,0.875434,-0.522761,5.10667
30,0.842194,-0.6242,5.12776
30,1.24493,-0.643763,5.02724
30,0.921387,-1.27857,5.15125
30,0.850082,-0.66569,5.13655
30,0.842024,-0.621889,5.13699
30,1.24753,-0.641604,5.04878
30,1.71127,-1.07602,4.96505
30,0.885556,-0.519611,5.14901
30,0.864233,-0.659582,5.16245
30,1.94535,-1.70042,4.95122
30,1.99685,-1.78168,4.94593
30,1.96894,-1.69298,4.94932
30,0.836796,-0.581856,5.17842
30,1.1335,-0.615604,5.11339
30,0.884396,-1.22942,5.21573
30,1.2508,-0.541261,5.09394
30,0.338403,-0.575638,5.33531
30,0.864924,-0.513745,5.19911
30,0.958843,-0.566833,5.17959
30,0.953647,-1.30856,5.22295
30,0.900221,-0.555739,5.19459
30,0.967852,-0.643287,5.18454
30,1.94505,-1.62019,4.99085
30,0.809169,-0.624756,5.22696
30,1.24022,-1.91544,5.19917
30,1.23776,-1.88046,5.20065
30,0.981889,-0.627611,5.2017
30,0.881571,-0.635474,5.23826
30,1.21643,-0.634536,5.16437
30,1.20654,-0.573512,5.16721
30,0.821002,-0.5794,5.27746
30,0.577938,-1.5605,5.40812
30,1.91801,-1.12368,5.04313
30,0.92595,-0.556345,5.27468
30,0.754404,-0.519946,5.31712
30,0.871981,-0.491103,5.28971
30,0.764202,-0.515359,5.3482
30,1.76703,-0.957094,5.11612
30,0.795091,-0.511592,5.34545
30,1.7584,-1.06207,5.13356
30,0.884996,-0.616789,5.33515
30,0.896739,-0.474439,5.32831
30,0.778035,-0.522314,5.3704
30,1.08456,-1.10795,5.32548
30,1.83868,-1.10463,5.14652
30,0.494994,-1.48973,5.51648
30,1.04798,-0.648722,5.32797
30,1.93565,-1.03057,5.12196
30,2.26685,-1.9175,5.08775
30,1.16002,-1.40497,5.34575
30,1.17604,-1.10358,5.32939
30,1.17504,-1.1224,5.33938
30,0.479646,-1.30536,5.52833
30,1.17536,-1.1255,5.34229
30,0.955205,-1.23964,5.40667
30,1.19854,-1.64327,5.37002
30,0.7793,-0.514697,5.41501
30,1.88481,-1.13729,5.18341
30,1.98636,-1.06273,5.15368
30,1.98908,-1.11863,5.1572
30,0.967646,-0.702749,5.39634
30,1.1931,-1.11835,5.37209
30,1.90727,-1.12049,5.19409
30,1.15302,-1.1067,5.3892
30,1.20436,-1.07181,5.38402
30,1.96496,-0.999262,5.18493
30,1.93836,-1.06467,5.19618
30,1.05199,-1.36982,5.44613
30,2.94752,-1.09484,4.94773
30,2.99227,-1.15699,4.94776
30,1.14466,-1.07107,5.43191
30,0.512434,-1.50519,5.62139
30,1.20688,-1.10958,5.42898
30,1.19272,-1.10349,5.4545
30,0.587928,-1.38979,5.63078
30,1.9185,-0.804235,5.26091
30,1.22214,-1.58891,5.48569
30,1.94056,-1.02623,5.27198
30,2.06638,-0.924196,5.24017
30,1.95126,-0.939715,5.2723
30,1.90821,-0.99023,5.29475
30,2.03182,-0.986525,5.2685
30,1.96018,-0.936713,5.29488
30,0.509797,-1.31498,5.68905
30,1.98028,-0.877977,5.30055
30,0.528088,-1.31395,5.70251
30,1.84179,-0.725597,5.34339
30,1.09951,-1.41948,5.57734
30,2.00774,-0.868516,5.32434
30,2.10094,-0.912698,5.31645
30,1.9587,-0.830162,5.35665
30,2.83152,-0.527608,5.11867
30,2.1767,-0.862625,5.32464
30,2.13397,-1.05282,5.34871
30,2.17776,-0.923872,5.33179
30,2.21117,-0.861834,5.35508
30,0.504191,-1.45633,5.84851
30,1.23922,-1.55434,5.6735
30,1.20062,-0.678606,5.64023
30,1.94508,-0.3744,5.44653
30,1.9488,-0.738663,5.46676
30,1.99393,-0.732454,5.46035
30,1.8696,-0.620958,5.50383
30,1.85896,-0.615139,5.50842
30,1.90529,-0.689751,5.50181
30,1.94034,-0.687094,5.50535
30,1.08227,-1.35387,5.76535
30,1.96747,-0.570136,5.49419
30,0.521493,-1.47308,5.9493
30,2.04778,-0.676371,5.51444
30,2.00418,-0.636236,5.52544
30,2.33565,-1.00556,5.46729
30,2.38715,-0.950573,5.46486
30,1.98901,-0.521883,5.57118
30,0.368218,-0.598792,6.0457
30,1.27721,-1.9061,5.88709
30,0.774799,-1.62262,6.10743
30,2.51182,-0.295738,5.61989
30,2.89889,-0.430828,5.58746
30,3.0854,-0.46989,5.62157
30,3.03619,-0.472489,5.65388
30,2.61637,-0.271487,5.75471
30,3.01405,-0.507291,5.7344
30,3.07504,-0.387179,5.77922
30,0.412964,-0.630935,6.47857
30,0.860848,-1.3973,6.41921
30,3.18001,-0.518716,5.85227
30,3.26512,-0.498431,5.94473
30,3.32994,-0.600797,6.10676
30,1.20687,-1.21401,6.71311
30,1.59003,-2.05124,6.74394
30,3.53941,-0.577334,6.32626
30,0.440522,-0.415923,7.2424
30,0.478759,-0.597118,7.27428
30,0.761503,-0.779863,4.77148
28,0.761503,-0.779863,4.77148
30,1.11428,-0.710667,5.42985
28,1.11428,-0.710667,5.42985
31,0.755181,-1.30019,2.3801
31,1.99837,0.22667,3.98064
31,2.37655,-0.502061,3.96115
31,1.7506,-1.14948,4.63867
31,1.76518,-1.14031,4.69279
31,1.62493,-0.780461,4.95415
31,1.18757,-0.653857,5.12634
31,1.87449,-1.10218,4.91537
31,1.292,-0.610635,5.13568
31,1.2447,-0.612107,5.20554
31,1.94527,-1.03382,4.99137
31,1.99202,-1.70443,5.05337
31,1.97864,-1.70269,5.06233
31,2.06254,-1.91836,5.0688
31,1.99623,-1.69765,5.07349
31,1.29412,-0.567269,5.21405
31,1.8361,-0.937105,5.04804
31,1.20465,-0.602648,5.27922
31,0.773595,-0.441272,5.46585
31,2.12703,-1.92593,5.1185
31,2.02547,-1.72393,5.13759
31,1.37849,-2.62862,5.49916
31,0.803733,-0.485372,5.47288
31,1.79329,-1.03655,5.15561
31,1.5086,-2.79038,5.51044
31,3.2059,-0.185621,4.55421
31,2.01805,-1.01725,5.13006
31,2.05642,-1.68044,5.19999
31,1.93174,-1.04194,5.1771
31,1.20689,-0.517904,5.43002
31,2.12727,-1.53833,5.19451
31,1.9632,-1.0366,5.2106
31,1.83232,-1.0177,5.26551
31,1.9798,-0.893688,5.20031
31,2.23641,-1.9283,5.22522
31,2.01701,-0.924366,5.20263
31,2.17508,-1.80902,5.25177
31,2.03765,-0.952133,5.2057
31,1.45655,-2.59384,5.63619
31,1.84728,-1.01282,5.29735
31,3.10357,-1.76918,4.90083
31,2.26704,-1.81483,5.23244
31,1.99911,-0.958228,5.24403
31,2.03447,-0.919932,5.22728
31,1.93581,-0.904256,5.26389
31,1.23648,-0.490208,5.49042
31,1.2114,-0.483265,5.50105
31,1.90314,-0.984722,5.29226
31,1.97053,-1.02875,5.27277
31,1.94993,-1.00263,5.28397
31,3.32894,-0.211121,4.65349
31,2.01623,-0.973823,5.25878
31,1.30052,-0.446009,5.47509
31,2.20122,-1.77387,5.28573
31,2.08013,-0.943571,5.2464
31,2.09609,-0.943186,5.24264
31,2.06218,-0.875766,5.26269
31,2.67385,-1.91969,5.15166
31,2.01408,-0.941401,5.29393
31,2.13478,-1.61359,5.32701
31,2.22518,-1.85058,5.32028
31,2.12816,-1.60235,5.32884
31,2.17214,-1.53318,5.31254
31,1.98972,-0.99225,5.32045
31,2.05704,-0.914354,5.28494
31,2.19895,-1.77694,5.3425
31,2.17846,-1.67137,5.3386
31,2.02877,-0.869163,5.30824
31,3.19631,-1.77817,4.96409
31,2.24526,-1.49222,5.30604
31,2.02313,-0.924582,5.33023
31,2.09368,-1.00423,5.32125
31,2.30166,-1.76183,5.33492
31,1.32524,-0.0338842,5.51062
31,1.96363,-0.966195,5.37313
31,2.2766,-1.89984,5.36316
31,1.24908,-0.445073,5.59855
31,2.22977,-1.45283,5.34142
31,1.90048,-0.930297,5.40851
31,2.02105,-0.987573,5.3785
31,2.23293,-1.46452,5.35381
31,2.12543,-0.927577,5.33238
31,2.0536,-0.961821,5.37298
31,2.05236,-0.828299,5.36407
31,3.32387,-0.122733,4.78543
31,2.06704,-0.833558,5.36681
31,2.09102,-0.864598,5.36201
31,2.01193,-0.958323,5.42708
31,1.32551,-0.386822,5.62758
31,2.34763,-1.96782,5.42251
31,2.07276,-0.898884,5.41673
31,2.19686,-0.838472,5.36373
31,2.23756,-1.6805,5.45449
31,2.22085,-1.66973,5.46595
31,2.1009,-0.857704,5.41808
31,2.75883,-1.93914,5.29661
31,2.04671,-0.821639,5.45479
31,1.96113,-0.914562,5.50607
31,2.23237,-0.840843,5.39158
31,2.28864,-1.45777,5.45439
31,2.05092,-0.820852,5.47127
31,1.96992,-0.914115,5.52362
31,2.05826,-0.810308,5.48967
31,2.35062,-1.63097,5.47765
31,2.44188,-1.90593,5.4752
31,2.05576,-0.806694,5.49529
31,2.28865,-1.43662,5.48194
31,2.26391,-0.826744,5.4252
31,1.84243,-0.560117,5.56384
31,2.45042,-1.91314,5.49867
31,2.12207,-0.932875,5.51339
31,2.10966,-0.899491,5.53154
31,2.28857,-0.820949,5.46369
31,2.25811,-0.935194,5.48953
31,2.26667,-0.942259,5.4891
31,2.2782,-0.292946,5.41767
31,2.49559,-1.77847,5.52401
31,2.30861,-0.81716,5.48424
31,2.18849,-0.317277,5.47176
31,2.79912,-1.92524,5.42929
31,2.15315,-0.936337,5.56469
31,2.48178,-1.82861,5.54337
31,2.38587,-1.65132,5.56047
31,2.21059,-0.320864,5.49343
31,2.32927,-0.823242,5.50989
31,2.28835,-0.934583,5.54035
31,2.31632,-0.293795,5.45607
31,2.42809,-1.56307,5.56706
31,2.22279,-0.983251,5.58013
31,2.21635,-0.966932,5.58683
31,2.53593,-1.8389,5.57085
31,2.46622,-1.71023,5.60376
31,2.8357,-1.937,5.4912
31,2.24071,-0.977687,5.60972
31,1.90835,-0.486711,5.72519
31,2.48535,-1.55996,5.63548
31,2.86838,-0.394586,5.36519
31,2.54589,-1.63874,5.65708
31,2.38426,-0.936677,5.64862
31,2.68111,-1.83712,5.65353
31,2.66119,-1.7927,5.67248
31,2.11041,-0.660248,5.75844
31,2.13367,-0.465461,5.72622
31,2.6557,-1.71726,5.67931
31,2.13157,-0.459839,5.73702
31,2.04614,-0.430153,5.76714
31,2.13896,-0.457431,5.74367
31,2.00162,-0.594142,5.81425
31,2.05163,-0.637007,5.80094
31,2.19555,-0.472477,5.73215
31,2.13557,-0.44986,5.76388
31,2.44538,-0.871787,5.69476
31,2.52137,-0.287776,5.59621
31,2.07922,-0.638811,5.81069
31,2.06867,-0.431627,5.8034
31,2.22724,-0.465729,5.75533
31,2.03602,-0.41805,5.82641
31,2.45556,-0.865852,5.71727
31,2.67875,-1.71508,5.73634
31,2.04602,-0.590179,5.85448
31,2.05223,-0.583647,5.86734
31,2.48627,-0.862764,5.76915
31,3.05889,-0.410269,5.49614
31,2.07084,-0.414125,5.88174
31,2.11395,-0.524625,5.88047
31,3.33888,-1.07359,5.46969
31,4.35393,-0.760555,5.03812
31,2.04794,-0.395416,5.89546
31,2.69941,-1.7241,5.80511
31,3.33214,-1.00052,5.48217
31,3.37889,-1.04983,5.50115
31,2.19649,-0.547231,5.906
31,2.19293,-0.432411,5.89814
31,3.01685,-0.324615,5.59202
31,3.39692,-1.00312,5.52589
31,2.13102,-0.399972,5.95718
31,2.18002,-0.513929,5.96159
31,2.08707,-0.373476,5.99497
31,2.18473,-0.488955,5.99873
31,2.16821,-0.40904,5.999
31,3.46161,-1.00341,5.62933
31,4.45819,-0.606066,5.19385
31,2.10332,-0.401309,6.14198
31,2.13426,-0.422574,6.1717
31,3.98035,-1.74988,5.62088
31,2.24439,-0.453904,6.16566
31,2.26377,-0.415768,6.21662
31,4.58406,-0.573489,5.371
31,3.24598,-0.226771,5.91583
31,3.34327,-0.335243,5.90665
31,2.29269,-0.349086,6.37855
31,3.22063,-0.27091,6.10612
31,3.15653,-0.218168,6.17236
31,3.28189,-0.248903,6.17794
31,4.41287,-1.78349,5.93481
31,3.66092,-0.26293,6.05188
31,4.32824,-1.66603,5.96626
31,2.29828,-0.257626,6.64316
31,3.38933,-0.270393,6.2623
31,2.36371,-0.292968,6.71729
31,3.50372,-0.113185,6.31571
31,3.47858,-0.197278,6.47083
31,4.7092,-1.81466,6.20614
31,3.40493,-0.244637,6.54463
31,3.5317,-0.238011,6.62088
31,4.08324,-2.06668,6.68442
31,3.62409,-0.226842,6.69749
31,4.96688,-1.78768,6.44275
31,4.21994,-2.07345,6.78896
31,3.64226,-0.202999,6.80417
31,3.99821,-0.215087,7.42031
31,4.06162,-0.195022,7.56976
31,0.863425,-0.752183,4.83898
30,0.863425,-0.752183,4.83898
32,2.70821,-1.67741,3.91187
32,3.65006,-0.179686,4.02917
32,3.73075,-0.537129,4.04404
32,3.73812,-0.523148,4.04841
32,3.76488,-0.522963,4.04064
32,3.60229,-0.181866,4.10786
32,2.88553,-0.468509,4.37583
32,3.73847,-0.213417,4.07647
32,3.68797,-0.1964,4.09887
32,3.5609,-0.311911,4.16652
32,3.62736,-0.214985,4.1406
32,3.63238,-0.172937,4.14106
32,2.94242,-0.476089,4.4158
32,3.58741,-0.256946,4.19546
32,3.67864,-0.208609,4.17161
32,3.72054,-0.254963,4.17107
32,3.69634,-0.277344,4.20565
32,3.56845,-0.247275,4.2759
32,3.63507,-0.127205,4.25428
32,3.58949,-0.272293,4.28756
32,3.72821,-0.256206,4.25591
32,3.32882,-0.313837,4.68621
32,4.09993,-1.3112,4.54668
32,3.81411,0.0657171,4.57497
32,4.15171,-1.30974,4.60348
32,3.73947,-0.0913714,4.66541
32,3.46242,-0.224128,4.78096
32,3.44274,-0.220186,4.79095
32,3.48397,-0.258544,4.79905
32,3.47182,-0.257235,4.81137
32,3.46867,-0.150498,4.83985
32,3.38686,-0.214989,4.93251
32,3.87822,0.0250582,4.76495
32,3.40001,-0.214125,4.96051
32,3.38169,-0.153308,4.96334
32,3.8852,0.155294,4.7774
32,3.51838,-0.0952967,4.9356
32,3.38915,-0.143954,4.98783
32,3.83375,0.00735724,4.83804
32,3.77683,0.0685169,4.86607
32,3.39448,-0.144977,5.01213
32,3.34316,-0.155088,5.0324
32,3.38041,-0.255196,5.0278
32,3.55937,-0.182086,4.98236
32,2.15675,-1.86503,5.57297
32,3.2987,-1.84062,5.18934
32,3.38757,-0.246913,5.05228
32,3.41481,-0.265343,5.06092
32,3.31781,-0.200319,5.09133
32,3.39437,-0.270056,5.08472
32,3.34337,-0.119007,5.10033
32,3.81567,0.116976,4.93632
32,3.31757,-0.161439,5.14056
32,3.91707,0.120651,4.96945
32,3.94974,0.0820115,4.98871
32,3.87615,0.141419,5.0136
32,3.51886,-2.04392,5.28278
32,3.6761,-0.182787,5.11717
32,4.80381,-1.24206,4.80982
32,3.70762,-0.895534,5.15847
32,3.30351,-1.85317,5.36642
32,3.93885,-0.0289818,5.04666
32,2.64907,-1.93552,5.6165
32,3.36275,-1.81466,5.40302
32,2.42943,-1.85403,5.75441
32,3.89541,0.152543,5.13926
32,3.94097,0.0874344,5.13154
32,2.45513,-1.99805,5.77952
32,3.89065,0.158344,5.15489
32,2.35752,-1.88593,5.80988
32,3.89502,0.125538,5.15853
32,3.91217,0.0866839,5.18898
32,3.8786,0.07433,5.20393
32,2.43998,-2.10628,5.85063
32,4.91429,-0.758671,4.93295
32,3.77141,-0.127682,5.27864
32,3.95687,-0.0146917,5.22497
32,3.56561,-1.84714,5.48445
32,3.88816,0.0295582,5.27826
32,4.3449,-0.981995,5.21406
32,4.99898,-1.20447,5.02042
32,3.89934,0.0418367,5.31325
32,4.08916,0.0684043,5.27684
32,4.96188,-1.09521,5.06173
32,4.67686,-0.446986,5.12987
32,4.96093,-1.17955,5.09156
32,4.09598,0.0641263,5.30872
32,3.91544,0.0614142,5.37295
32,5.07668,-1.03343,5.06759
32,4.59107,-1.27538,5.25275
32,4.42025,-0.970446,5.31582
32,3.42929,-1.91973,5.72338
32,5.10326,-1.17096,5.13527
32,4.75055,-0.412979,5.20474
32,5.13274,-1.10596,5.1238
32,4.52311,-0.897237,5.32017
32,4.54359,-0.880697,5.34652
32,4.07549,0.0799872,5.45832
32,4.08963,0.102444,5.45466
32,4.55572,-0.874076,5.37111
32,4.56565,-0.947486,5.40726
32,3.10195,-1.02628,5.92793
32,4.5415,-1.07617,5.45009
32,3.47638,-1.62407,5.87162
32,4.63784,-1.2093,5.46784
32,3.13752,-0.964538,5.98639
32,3.14903,-1.02716,6.01194
32,4.08403,0.0933408,5.6234
32,3.56347,-1.85146,5.94123
32,3.00248,-0.442019,6.03522
32,3.44551,-1.82775,5.99122
32,3.56173,-1.7684,5.95565
32,3.14857,-0.947109,6.04167
32,3.46877,-1.86186,6.00761
32,3.56609,-1.76281,5.97411
32,4.09044,0.116855,5.6831
32,4.65164,-1.15357,5.58785
32,3.20318,-1.04642,6.07111
32,3.05413,-0.459433,6.09352
32,4.65085,-1.05278,5.60131
32,3.55486,-1.9463,6.03286
32,4.66676,-1.0623,5.62571
32,3.22973,-1.03981,6.11829
32,4.77791,-1.23161,5.63418
32,3.52003,-1.85401,6.11402
32,5.26049,-1.11355,5.4797
32,5.23599,-1.05921,5.49329
32,3.24651,-1.02966,6.16248
32,3.53508,-1.87777,6.13251
32,3.24232,-1.03774,6.17473
32,5.55789,-0.851919,5.41088
32,5.52049,-0.874424,5.47442
32,3.64273,-1.98162,6.20561
32,5.30783,-1.10017,5.67723
32,4.81422,-1.11017,5.88647
32,3.89818,-1.91904,6.25787
32,4.9821,-1.23998,5.87006
32,5.06312,-1.24538,5.86886
32,5.23553,-0.765463,5.78292
32,5.35117,-0.918171,5.7958
32,4.34854,-0.721968,6.1446
32,5.53338,-0.977057,5.81671
32,4.37641,-0.709708,6.19075
32,4.33496,-0.566744,6.24349
32,4.33649,-0.570664,6.27186
32,5.51117,-1.04596,5.90873
32,4.39526,-0.686496,6.27136
32,4.42432,-0.693761,6.26261
32,5.48221,-0.897839,5.9526
32,5.49605,-0.7756,5.96843
32,5.15384,-1.28361,6.21458
32,5.579,-1.14675,6.16623
32,5.20781,-1.27981,6.333
32,5.2896,-1.27109,6.3717
32,5.30517,-1.28844,6.44988
32,5.47883,-1.37395,6.70533
32,4.20386,-1.80862,7.20677
32,4.09735,-1.96695,7.25571
32,4.18464,-1.79474,7.23322
32,4.2428,-1.82109,7.33613
32,4.31011,-1.83794,7.49361
32,4.33837,-1.83348,7.49334
32,5.26516,-0.486688,7.10468
32,5.16559,-0.27017,7.13479
32,6.18058,-1.08602,6.87085
32,3.65002,-2.17009,7.81436
32,5.25999,-0.210461,7.31225
32,5.35485,-0.1734,7.44406
32,3.75501,-2.21756,8.19623
32,5.50824,-0.406816,7.49071
32,5.58606,-0.396026,7.56933
32,3.76674,-2.33638,8.6279
33,2.76481,-0.563804,3.6352
33,3.14252,-0.385352,3.31087
33,3.15091,-0.370182,3.31542
33,2.87471,-0.334641,3.78259
33,3.88707,-1.42668,4.374
33,4.35009,-1.44052,4.12205
33,4.17156,-0.963712,4.48022
33,4.43009,-0.940467,4.14796
33,4.4432,-0.974606,4.13319
33,4.13208,-1.45478,4.56569
33,4.18859,-1.41037,4.50283
33,4.43724,-1.44034,4.1502
33,4.44049,-1.45945,4.15419
33,4.21381,-0.96951,4.55009
33,4.28323,-1.07605,4.4408
33,4.5079,-0.928567,4.12723
33,4.29137,-1.061,4.44381
33,4.41273,-1.38696,4.24662
33,4.41222,-1.33878,4.28376
33,4.57856,-0.849158,4.07827
33,4.52438,-0.8669,4.15872
33,4.41195,-1.34593,4.28884
33,4.26883,-0.965528,4.5337
33,4.3255,-1.0864,4.45196
33,4.4979,-1.45943,4.17407
33,4.33239,-1.06962,4.44741
33,4.69358,-1.72887,3.87183
33,4.69961,-1.79376,3.8613
33,4.54404,-0.919378,4.15884
33,4.21042,-1.48198,4.60478
33,4.55156,-0.926814,4.15186
33,4.55031,-1.19339,4.13449
33,4.28522,-0.97246,4.54356
33,4.42765,-1.33235,4.31196
33,4.29194,-0.964179,4.54582
33,4.35209,-1.09414,4.45199
33,4.3541,-1.0489,4.45647
33,4.34602,-1.05578,4.46822
33,4.70648,-1.74369,3.89133
33,4.47889,-1.39321,4.26476
33,4.5671,-0.939634,4.19078
33,4.46682,-1.33336,4.31594
33,4.40491,-1.1033,4.42879
33,4.43624,-1.31979,4.36701
33,4.58117,-0.866222,4.19104
33,4.39954,-1.02556,4.46024
33,4.79538,-1.78787,3.83008
33,4.7629,-1.74487,3.8825
33,4.66013,-0.830382,4.10273
33,4.59458,-1.18596,4.17257
33,4.46018,-1.29275,4.36343
33,4.59725,-0.974032,4.19233
33,4.45475,-1.26076,4.37931
33,4.42183,-1.17494,4.43879
33,4.80805,-1.79294,3.82855
33,4.45005,-1.25942,4.39393
33,4.45408,-1.25485,4.3884
33,4.46356,-1.31573,4.3723
33,4.41785,-1.08848,4.45624
33,4.49814,-1.34787,4.31998
33,4.44523,-1.17272,4.41318
33,4.62064,-1.197,4.17119
33,4.44175,-1.09135,4.45554
33,4.46616,-1.02184,4.42932
33,4.2271,-1.45374,4.75104
33,4.66292,-1.22767,4.13468
33,4.63643,-1.18988,4.18145
33,4.47422,-1.15774,4.42574
33,4.46286,-1.04216,4.45817
33,4.85787,-1.76388,3.82684
33,4.5219,-1.35397,4.35016
33,4.1077,-1.87576,4.91972
33,4.25909,-1.41128,4.7349
33,4.50596,-1.29825,4.39197
33,4.73578,-0.910268,4.0901
33,4.48346,-1.33052,4.4367
33,4.75749,-0.90147,4.07194
33,4.50408,-1.25499,4.41714
33,4.6267,-1.4646,4.22629
33,4.27342,-1.37529,4.75101
33,4.49344,-1.16507,4.44771
33,4.51997,-1.21984,4.42003
33,4.51632,-1.20879,4.43217
33,4.49383,-1.18609,4.47864
33,4.49097,-1.17972,4.48736
33,4.83716,-1.62767,3.95832
33,4.125,-0.897037,5.0545
33,4.28027,-1.46381,4.79631
33,4.49638,-1.35353,4.48897
33,4.26933,-1.38884,4.82434
33,4.2952,-1.3649,4.78864
33,4.69978,-1.1277,4.21822
33,4.56356,-0.57165,4.46341
33,4.27748,-1.53547,4.81806
33,4.71259,-0.937794,4.23036
33,4.75994,-1.14768,4.14717
33,4.26347,-1.2671,4.86549
33,4.13891,-0.872105,5.07728
33,4.28698,-1.52613,4.81935
33,4.58313,-0.582793,4.45723
33,4.86586,-1.62423,3.97255
33,4.29512,-1.3558,4.82825
33,4.80676,-0.905633,4.11527
33,4.28649,-1.25659,4.85155
33,4.3236,-1.37834,4.79661
33,4.27621,-1.20465,4.88668
33,4.18663,-1.90406,4.966
33,4.20871,-1.87111,4.93904
33,4.57895,-0.532802,4.49876
33,4.81385,-0.82326,4.13365
33,4.15786,-0.873475,5.09374
33,4.80261,-1.15857,4.13645
33,3.98558,-0.71892,5.3642
33,4.79141,-1.10516,4.16293
33,4.28655,-1.15741,4.90315
33,4.31737,-1.52587,4.83648
33,4.58866,-0.517137,4.52301
33,4.60568,-0.559844,4.49811
33,4.35001,-1.576,4.79618
33,4.32565,-1.52185,4.85018
33,4.32882,-1.38975,4.86091
33,4.18026,-0.869894,5.11975
33,4.3102,-1.1657,4.90841
33,4.56985,-1.23511,4.52913
33,4.01897,-0.732596,5.37502
33,4.34168,-1.36132,4.85882
33,4.34867,-1.46725,4.84069
33,4.83253,-1.15293,4.16289
33,4.02462,-0.719905,5.37728
33,4.32442,-1.27345,4.8989
33,4.84049,-1.24639,4.14755
33,4.80222,-1.16467,4.2199
33,4.3648,-1.4127,4.84606
33,4.79002,-1.13151,4.24956
33,4.4062,-1.52717,4.78623
33,4.35789,-1.54017,4.86315
33,4.64432,-0.554259,4.52209
33,4.36213,-1.32252,4.87958
33,4.3248,-2.05457,4.89239
33,4.34531,-1.2074,4.92593
33,4.19927,-0.680063,5.20407
33,4.38761,-1.26099,4.88554
33,4.89309,-1.2547,4.15023
33,4.37576,-2.04855,4.85574
33,4.36116,-1.16731,4.94429
33,4.8932,-1.25286,4.16541
33,4.38328,-1.20281,4.91788
33,4.38276,-2.0228,4.85785
33,4.70502,-0.567702,4.49754
33,4.40281,-1.26775,4.89984
33,4.85567,-1.11271,4.24962
33,4.50619,-1.01634,4.77203
33,4.38303,-2.04246,4.87605
33,4.5855,-0.926118,4.66683
33,4.36245,-2.0541,4.91759
33,4.92612,-1.25921,4.16122
33,4.67694,-0.498108,4.59269
33,4.41156,-2.06137,4.86817
33,4.35058,-2.03477,4.96221
33,4.4146,-2.01461,4.89101
33,4.71006,-0.504012,4.57616
33,4.97897,-0.897662,4.15791
33,4.25884,-0.688445,5.24707
33,4.43535,-2.07498,4.89154
33,5.11653,-1.6229,3.93354
33,3.79105,-2.4246,5.90801
33,4.35482,-0.812755,5.25192
33,4.49563,-2.06334,5.04627
33,4.61047,-1.60804,4.93742
33,4.41147,-0.653286,5.34647
33,4.85105,-1.39011,4.71188
33,4.91286,-1.40753,4.74908
33,4.88633,-1.48181,4.79252
33,5.01955,-0.442728,4.67715
33,4.77659,-1.00532,5.00296
33,4.9046,-1.45766,4.78278
33,4.92423,-1.45478,4.79354
33,4.83631,-0.996971,5.02521
33,4.78787,-1.08193,5.09384
33,4.82647,-0.99943,5.05754
33,4.8579,-1.06054,5.12673
33,5.04235,-1.4661,4.84826
33,5.1212,-1.40502,4.83841
33,5.15064,-1.45512,4.80947
33,5.18158,-1.40674,4.84378
33,4.95872,-1.02375,5.21567
33,5.0343,-0.99326,5.1739
33,5.02707,-1.02133,5.25663
33,5.28479,-1.44318,4.86977
33,5.06313,-1.04657,5.23505
33,5.5239,-1.47026,4.98226
33,7.99837,-0.702015,6.4175
33,3.78307,-2.11174,5.88988
32,3.78307,-2.11174,5.88988
33,3.29408,-0.927951,6.25692
32,3.29408,-0.927951,6.25692
33,3.48235,-1.10026,6.40725
32,3.48235,-1.10026,6.40725
34,0.0323293,-0.221071,2.28076
34,0.445615,-0.428637,3.5166
34,0.509727,-0.463064,3.52546
34,0.49259,-0.457472,3.48289
34,0.103494,0.298863,1.65306
34,0.109384,0.284992,1.66336
34,0.0528029,0.306086,1.89086
34,0.427977,-0.436811,3.4933
34,0.443235,-0.462784,3.44074
34,-0.328978,-0.58238,5.1799
34,0.0392438,0.368242,1.81521
34,0.0231,0.397338,1.89959
34,0.0171761,0.374809,1.90686
34,0.0112381,0.353093,1.91954
34,0.240867,0.409375,2.01797
34,0.196612,0.390994,1.89787
34,0.190998,0.323981,1.96318
34,0.15635,0.310447,1.91781
34,0.180099,0.307944,1.97946
34,0.143634,0.279004,1.90953
34,0.183594,0.364896,1.95028
34,0.145253,0.3613,1.93106
34,0.16412,0.332075,1.93816
34,0.236754,0.377369,1.98352
34,0.232687,0.355697,2.00234
34,0.297217,0.339302,1.78343
34,0.288349,0.331634,1.83432
34,0.250152,0.336715,1.89548
34,0.110317,0.286289,1.95939
34,0.19706,0.280471,1.96191
34,0.377185,-0.430682,3.53338
34,0.358551,-0.476428,3.46105
34,-0.000873402,0.362075,1.9352
34,-0.0195409,0.412441,1.97179
34,0.0218728,-0.273014,2.42829
34,0.279447,0.356023,1.6768
34,0.0505609,0.302169,1.89621
34,0.232106,0.352244,1.97589
34,0.219204,0.363117,1.99454
34,0.219837,0.349028,2.0003
34,0.427779,-0.438925,3.528
34,0.453989,-0.451852,3.42366
34,0.0148082,0.355253,1.91162
34,0.000349159,0.361851,1.94713
34,-0.915176,-0.717313,5.76563
34,-0.817206,-0.667157,4.91415
34,-0.446794,-1.06369,5.636
34,-0.507896,-1.01531,5.60432
34,-0.519545,-1.1219,5.50312
34,-0.243641,-0.116452,2.38919
34,-0.276904,-0.115247,2.36447
34,-0.513072,-0.658623,4.85129
34,-0.533539,-0.585726,4.70796
34,-0.390961,-0.538925,4.9317
34,-0.461861,-0.571618,4.89211
34,-0.771624,-0.688871,5.3736
34,-0.214268,0.0486339,2.10116
34,-0.297093,0.0904354,2.62155
34,-0.370794,0.0772723,2.51592
34,-0.413985,-0.0291377,2.6718
34,-0.363258,-0.0735083,2.46479
34,-0.385288,-0.0796757,2.37082
34,-0.328733,-0.0459193,2.48579
34,0.0217589,0.336429,1.88717
34,0.267893,-0.715872,4.41223
34,0.222575,-0.731531,4.50874
34,0.179287,0.306555,1.97053
34,0.152038,0.311464,1.90921
34,0.186024,0.36479,1.96294
34,0.144518,0.354079,1.9053
34,0.161859,0.338569,1.94036
34,0.29549,0.329503,1.77306
34,0.250746,0.329948,1.89095
34,0.288801,0.249019,1.77318
34,0.102791,0.290137,1.59368
34,0.109629,0.284994,1.92559
34,0.191763,0.280625,1.94582
34,0.450672,-0.422015,3.49847
34,-0.217396,0.00901446,2.13183
34,-0.222417,-0.0256923,2.35588
34,0.00984071,-0.158619,2.48327
34,-0.561823,-0.507839,4.64724
34,-0.588508,-0.65869,4.72023
34,-0.501199,-0.464079,4.73903
34,-0.483347,-0.675692,5.1197
34,-0.431368,-0.90548,5.71411
34,-0.558266,-1.09453,5.6854
34,-0.592448,-0.758019,4.90055
34,-0.601404,-1.26924,5.89748
34,0.0192035,-0.280284,2.47904
34,-0.323172,-0.569655,5.03846
34,-0.280684,-1.01145,4.96136
34,0.765906,-0.605977,3.21078
34,-0.453524,-0.54676,4.80381
34,-0.463269,-0.580788,4.90704
34,-0.29948,-0.54427,4.78193
34,-0.308757,-0.583513,4.93006
34,0.01363,-0.283285,2.48893
34,0.0139207,-0.300866,2.542
34,-0.378619,-0.0791957,2.46766
34,-0.391313,-0.0882098,2.40789
34,-0.279736,0.0782029,2.48499
34,-0.233543,0.050526,2.25667
34,-0.553252,-1.09333,5.59126
34,-0.503151,-1.09053,5.32946
34,-0.480561,0.0911976,2.53254
34,-0.432182,0.0190598,2.17357
34,-0.416693,-0.0104056,2.14464
34,-0.692482,-0.611346,4.79718
34,-0.790396,-0.637623,5.00337
34,-0.323828,-0.0457579,2.47705
34,-0.322562,-0.0903888,2.46737
34,-0.563299,-0.72217,4.80998
34,-0.600921,-0.671725,4.762
34,-0.52335,-0.592475,4.6491
34,-0.487337,-0.704708,5.16197
34,-0.0252448,0.415033,1.99018
34,-0.00709914,0.374992,1.96972
34,0.18012,0.302468,1.96335
34,0.148573,0.301628,1.90185
34,0.227721,0.351719,1.98984
34,0.189845,0.366432,1.97178
34,0.35324,-0.412034,3.35264
34,0.347705,-0.450528,3.3001
34,0.232174,0.368415,1.69293
34,0.224616,0.370956,1.81842
34,0.442619,-0.424769,3.45626
34,0.456144,-0.454068,3.32603
34,-0.421005,-0.0371305,2.66505
34,-0.472682,-0.457644,4.56743
34,0.00185191,0.430543,1.97841
34,0.0361641,0.386314,1.8937
34,0.0189483,0.360138,1.89169
34,-0.8267,-0.512905,4.69359
34,-0.811498,-0.641117,4.85772
34,-0.381101,0.0689289,2.55958
34,-0.209946,0.00897198,2.12175
34,-0.220979,-0.0326109,2.34065
34,0.287907,0.325481,1.75142
34,0.259826,0.326276,1.89455
34,-0.40162,0.064743,2.40414
34,-0.425491,-1.17334,5.26673
34,-0.560783,-1.21114,5.66737
34,-0.468165,-1.25518,5.20942
34,0.127416,0.326214,1.84554
34,0.104673,0.273825,1.88875
34,0.0522296,0.293974,1.85359
34,0.178482,0.375538,1.62401
34,0.15294,0.400635,1.66708
34,0.197363,0.38213,1.87319
34,0.60884,-0.387921,3.70374
34,1.07579,-0.28599,3.69038
34,-0.4271,-0.891865,5.60145
34,-0.509326,-1.03103,5.66743
34,-0.562865,-0.505616,4.62689
34,-0.434114,0.0112956,2.67126
34,0.159472,0.332249,1.92924
34,0.197038,0.274458,1.95433
34,0.020181,0.475041,2.01475
34,-0.00706559,0.48003,1.96041
34,-0.595089,-0.778871,4.89178
34,-0.683525,-1.28051,5.41659
34,0.00448967,-0.872635,4.79676
34,-0.350496,-1.13884,5.21821
34,-0.238049,-0.1209,2.40577
34,-0.962248,-0.426204,5.19532
34,0.0270203,0.328098,1.8562
34,0.0741242,0.493032,2.26556
34,0.264073,-0.670467,4.09418
34,-0.414505,-0.0304937,2.34128
34,-0.418787,-0.0436966,2.36547
34,0.221187,0.353911,1.72718
34,0.211293,0.369521,1.80336
34,0.266643,0.36116,1.7169
34,-0.482642,0.0898723,2.49574
34,-0.434781,0.0454944,2.31342
34,-0.446768,0.019703,2.24693
34,-0.431753,-0.00475043,2.23259
34,-0.330126,-0.0861274,2.47368
34,-0.387941,-0.073389,2.49884
34,-0.547502,-0.570316,4.67509
34,-0.626448,-0.703656,4.89386
34,-0.4378,-0.413,4.12187
34,-0.463122,-0.566248,4.85874
34,-0.509556,-1.03149,5.66998
34,-0.550751,-1.05388,5.46567
34,-0.367178,-1.15754,5.39366
34,-0.420679,-1.20126,5.32691
34,0.0367367,0.394177,1.92368
34,0.0159026,0.37623,1.93922
34,0.150236,0.451565,1.67069
34,0.133129,0.446142,1.68458
34,0.174745,0.302897,1.94323
34,0.141231,0.299185,1.91941
34,0.176473,0.385508,1.66061
34,0.184359,0.38465,1.82857
34,0.188666,0.383442,1.87129
34,0.187866,0.37143,1.9698
34,0.302178,-0.386512,3.16838
34,0.343917,-0.447689,3.23626
34,0.254164,0.327849,1.90369
34,0.228382,0.303829,1.94921
34,-0.417059,-0.0338024,2.59532
34,-0.50734,-0.043554,2.35775
34,-0.830125,-0.514767,4.41701
34,-0.808922,-0.620469,4.86876
34,-0.297055,0.0775218,2.53654
34,-0.387587,0.0790749,2.58736
34,-0.222989,0.00734809,2.21295
34,-0.215013,-0.0293799,2.25576
34,-0.332264,-0.82064,5.3054
34,0.0460154,0.292217,1.87471
34,0.500835,-0.428542,3.22486
34,0.451048,-0.431337,3.24589
34,0.936602,-0.0957587,2.75029
34,-0.423151,0.0600247,2.39012
34,-0.699959,-0.617947,4.84897
34,-0.59813,-1.20856,5.63137
34,0.15442,0.576409,1.71721
34,0.172036,0.507686,1.70634
34,0.144696,0.518955,1.71285
34,0.332403,0.391209,1.76816
34,0.288179,0.326952,1.73391
34,1.58288,-0.402634,4.8017
34,1.34078,-0.388922,4.3552
34,-0.396082,0.00877964,2.64407
34,-0.317825,-0.0593926,2.48287
34,-0.44655,-0.905448,5.65451
34,-0.427091,-1.07225,5.40811
34,0.172412,0.420836,1.6224
34,0.152293,0.402384,1.69355
34,0.220168,0.350134,1.97074
34,0.182187,0.266534,1.91026
34,0.0269272,0.415004,1.97287
34,-0.005357,0.428787,1.98692
34,-0.0163371,0.389171,2.00592
34,0.233907,0.363258,1.68328
34,-0.598078,-0.754828,4.87993
34,-0.678349,-1.25278,5.29931
34,-0.0130139,-0.878086,4.82672
34,-0.737873,-0.372642,4.75285
34,0.00720337,-0.30504,2.61742
34,-0.275768,-0.489179,4.4033
34,-0.855832,-0.367695,4.68974
34,-1.03569,-0.482265,4.81316
34,-0.0162463,0.49569,1.99478
34,-0.245199,0.0453984,2.30854
34,-0.631696,0.0982512,2.72842
34,0.126288,0.339418,1.85359
34,0.827511,-0.00485963,2.2838
34,0.233314,-0.596014,3.7221
34,0.754448,-0.596387,3.18293
34,-0.487489,0.0979237,2.56414
34,-0.463795,0.0453159,2.43952
34,-0.329443,-0.0518271,2.50954
34,-0.382136,-0.0688597,2.53254
34,-0.716662,-1.90933,5.20021
34,-0.783436,-1.90635,5.1921
34,-0.442448,-1.14133,5.60257
34,-0.365458,-1.20231,5.54595
34,0.306642,-0.373184,3.14335
34,0.333511,-0.443233,3.20404
34,1.1518,-0.286118,3.9218
34,0.983333,-0.249831,3.42442
34,1.29542,-1.02691,3.81616
34,-0.547537,-0.549952,4.63229
34,-0.649725,-0.684663,4.9493
34,-0.722193,-1.97637,4.78622
34,-0.632294,-1.98452,4.58802
34,-0.431056,-0.862136,5.45831
34,-0.483234,-0.929545,5.65117
34,-0.228368,0.0127401,2.31642
34,-0.224458,-0.0321343,2.27677
34,0.0264542,0.521125,2.10637
34,-0.0145879,0.51159,2.06783
34,0.131273,0.449743,1.68432
34,0.174009,0.391729,1.67171
34,0.143301,0.519497,1.69634
34,0.17662,0.508543,1.69679
34,0.135311,0.295394,1.8951
34,0.182291,0.266836,1.86864
34,1.29922,-0.39205,4.2352
34,1.27504,-0.483153,4.06964
34,0.808175,-0.00229488,2.21049
34,0.887504,-0.0697445,2.56508
34,-0.432844,0.0803517,2.53862
34,-0.817005,-0.506222,4.79171
34,-0.84216,-0.440339,4.75684
34,-0.755972,-0.577514,4.61055
34,-0.273743,-0.466025,4.15414
34,-0.420355,-0.396297,3.99865
34,-0.468208,-0.563834,4.74922
34,-0.00103488,0.430015,2.00273
34,0.0245411,0.36846,1.95404
34,-0.0143034,0.395565,2.02749
34,0.19097,0.381931,1.83465
34,0.210849,0.334463,1.90592
34,0.133622,0.340648,1.87144
34,-0.560702,-1.12143,5.68742
34,-0.435877,-1.23263,5.51936
34,-0.50585,-1.33509,5.49548
34,-0.572119,-0.732868,4.84025
34,-0.677884,-1.28473,5.43446
34,-0.00246272,-0.846123,4.76519
34,-0.310621,-0.826543,5.23297
34,-0.791348,-0.342669,4.31065
34,-0.4507,-1.85445,4.28731
34,-0.397526,0.0661633,2.63454
34,1.35339,-1.10836,3.83904
34,0.0498612,0.417628,1.94504
34,0.284171,0.328873,1.7441
34,0.229725,0.360617,1.67952
34,0.155231,0.566926,1.70556
34,0.0477213,0.290167,1.86156
34,1.84508,0.481146,3.53111
34,0.886977,-0.016599,2.19095
34,0.26163,0.308418,1.82551
34,1.64574,-0.247281,3.1107
34,0.993077,-0.124803,2.33968
34,0.467221,-0.410917,3.11779
34,0.734641,-0.596344,3.12813
34,-0.00134691,-0.292379,2.60625
34,-0.840014,-2.09868,5.33587
34,0.124605,0.446403,1.71377
34,0.163255,0.388605,1.69624
34,0.179138,0.515791,1.72098
34,0.1383,0.528026,1.71686
34,0.224859,0.362166,1.76184
34,0.255172,0.296149,1.78045
34,1.29859,-0.528624,4.01088
34,1.29365,-0.487548,4.19915
34,1.52523,-0.389683,4.59944
34,1.10606,-0.290824,3.7829
34,0.750172,0.0033311,2.11228
34,0.885975,-0.0760335,2.55102
34,-0.429995,-0.400763,3.99107
34,-0.629271,-0.454195,4.52317
34,-0.563483,-0.565863,4.56519
34,0.00424618,0.431825,2.02348
34,0.0347292,0.355353,1.95222
34,-0.0281402,0.39308,2.07026
34,0.186475,0.368256,1.79146
34,0.209947,0.32669,1.8756
34,0.138184,0.345943,1.90053
34,-0.491484,0.10771,2.63962
34,-0.4097,0.0664616,2.64642
34,-0.47777,0.0443096,2.56597
34,-1.33313,-1.42452,3.79862
34,-1.27974,-1.55776,3.9086
34,-0.656745,-1.73325,4.72065
34,-0.47553,-1.82832,4.41371
34,-0.321292,-0.86421,5.29607
34,-1.16198,-0.52343,3.54896
34,-1.54006,-0.873304,4.48857
34,-1.39205,-2.27233,5.59148
34,-1.35191,-1.77307,4.44886
34,-0.314618,0.0640138,2.54895
34,-0.237943,-0.033619,2.38196
34,-0.309909,-0.055136,2.5108
34,0.153129,0.573527,1.73224
34,0.290422,0.330481,1.74056
34,0.685486,-0.0816948,2.1698
34,-0.737931,-0.366681,4.32795
34,-0.725974,-0.588236,4.46319
34,-1.1117,-0.513065,5.10945
34,-0.28212,-0.478107,4.11785
34,-0.0119257,0.507956,2.07507
34,-0.791433,-1.87701,5.1122
34,-1.29132,-2.39867,6.3963
34,-0.801799,-2.0235,5.17915
34,-2.08053,-4.27328,10.7222
34,0.0504381,0.419887,1.96754
34,-0.478003,-0.847386,5.19297
34,-0.653027,-0.655473,4.69393
34,-0.458013,-1.229,5.43941
34,-0.663719,-1.25715,5.37727
34,-0.597839,0.0874109,2.65208
34,-0.38366,-0.0738636,2.47822
34,-0.563724,0.0244134,2.59091
34,0.45902,-0.400212,3.03657
34,0.32895,-0.441303,3.16023
34,0.699384,-0.568708,3.04584
34,-0.729608,0.0490607,2.8411
34,0.034111,0.288854,1.91748
34,-1.05696,-0.435913,3.30745
34,-0.0159328,-0.321879,2.77228
34,-1.06622,0.595762,3.4204
34,0.122813,0.285232,1.89343
34,0.868073,-0.0135287,2.1582
34,0.986434,-0.123587,2.31689
35,-1.15557,-0.182748,2.59954
35,-1.23238,-0.448066,3.43216
35,-0.484831,-1.82654,3.5165
35,-0.482327,-1.82765,3.53665
35,-0.48619,-1.84808,3.56191
35,-0.505315,-1.80531,3.58727
35,-0.515875,-1.81276,3.60342
35,-0.471406,-1.84841,3.59976
35,-0.537844,-1.80273,3.63126
35,-0.507676,-1.82537,3.63611
35,-0.495649,-1.89559,3.65276
35,-0.506692,-1.84573,3.6931
35,-0.748827,-2.00503,3.6388
35,-0.519365,-1.86128,3.73754
35,-0.503843,-1.94802,3.75165
35,-0.513507,-1.66386,3.89628
35,-0.852408,-1.80121,3.81419
35,-0.772485,-2.0194,3.80236
35,-0.520878,-1.67742,3.97085
35,-0.51983,-1.67927,3.99951
35,-0.53053,-1.68976,4.0091
35,-0.875761,-1.91521,3.87256
35,-0.824309,-2.10227,3.90443
35,-0.615191,-1.71048,4.15657
35,-0.615769,-1.63867,4.23675
35,-0.882323,-1.97892,4.0763
35,-0.921942,-2.15899,4.00664
35,-0.589833,-1.7699,4.28679
35,-0.621579,-1.70785,4.3967
35,-0.939894,-2.26477,4.15493
35,-0.601364,-1.72895,4.46193
35,-0.937622,-2.50521,4.15248
35,-0.767322,-1.92246,4.40326
35,-0.891054,-2.08178,4.33975
35,-0.920023,-2.29562,4.27436
35,-1.04827,-2.14772,4.33527
35,-0.934538,-2.61355,4.20527
35,-0.941711,-2.11998,4.38527
35,-1.06052,-2.27416,4.31175
35,-0.918916,-3.4156,3.93486
35,-0.916205,-3.33902,3.98092
35,-0.947756,-2.86242,4.14829
35,-0.957259,-2.53114,4.27692
35,-0.439111,-1.10049,4.88025
35,-0.924765,-2.3521,4.35286
35,-0.370166,-0.953886,4.96406
35,-0.972181,-2.0029,4.51105
35,-0.95082,-2.35593,4.39682
35,-0.645121,-1.81193,4.68773
35,-1.48873,-1.83455,4.59571
35,-1.14857,-2.43942,4.46675
35,-1.00413,-2.39605,4.5097
35,-1.30886,-2.2904,4.50758
35,-1.22085,-2.29295,4.52895
35,-1.0304,-2.47521,4.50478
35,-1.48826,-1.84975,4.65764
35,-1.2224,-2.296,4.54089
35,-1.31517,-2.28242,4.54253
35,-0.952898,-3.52529,4.15565
35,-0.944982,-2.09611,4.67926
35,-0.940969,-2.09088,4.68264
35,-0.871344,-2.09131,4.69941
35,-0.909734,-2.20636,4.66286
35,-1.00183,-3.01353,4.35875
35,-1.03543,-2.43668,4.56746
35,-1.32521,-2.29654,4.57999
35,-1.26507,-2.34101,4.60275
35,-1.40283,-1.93765,4.73877
35,-1.5623,-1.90618,4.72462
35,-0.959394,-2.10242,4.77472
35,-0.972674,-2.14435,4.76112
35,-1.27426,-2.33872,4.65027
35,-1.36865,-2.18701,4.69963
35,-1.31828,-2.24843,4.69282
35,-1.38799,-2.45379,4.60991
35,-1.48597,-1.91692,4.82957
35,-1.4482,-1.90843,4.84845
35,-0.856412,-2.33439,4.799
35,-1.45973,-2.37954,4.69675
35,-1.25828,-2.39398,4.72685
35,-1.45956,-2.35936,4.70916
35,-0.913951,-2.16648,4.8739
35,-1.39247,-2.01286,4.85717
35,-1.46103,-2.22108,4.80555
35,-0.877307,-2.28117,4.88174
35,-1.36874,-2.23519,4.82526
35,-0.954434,-2.32984,4.88966
35,-1.45052,-2.41419,4.78502
35,-1.95802,-0.803923,5.30483
35,-1.20761,-2.59061,4.78944
35,-1.47673,-2.26061,4.86927
35,-0.41275,-1.18576,5.42856
35,-1.34407,-2.44125,4.8282
35,-0.94391,-2.35865,4.93602
35,-1.40986,-2.0556,4.97468
35,-1.77681,-1.88201,4.97844
35,-1.55123,-2.37838,4.85306
35,-1.33403,-2.17875,4.96588
35,-1.06056,-2.35452,5.01151
35,-1.30959,-2.5131,4.94029
35,-1.7853,-1.94608,5.07649
35,-1.47581,-2.2965,5.00223
35,-1.81508,-1.91702,5.08925
35,-1.89039,-0.780574,5.48782
35,-1.0509,-2.31445,5.07706
35,-1.43875,-2.04624,5.11236
35,-1.50377,-2.07326,5.10875
35,-1.5948,-2.41231,4.99119
35,-1.576,-2.45488,5.01039
35,-0.43074,-1.26663,5.65337
35,-1.59082,-2.07185,5.19221
35,-1.49969,-2.5922,5.04883
35,-1.63618,-2.66314,5.02268
35,-1.46931,-2.15981,5.23342
35,-1.89907,-1.00998,5.5857
35,-1.88769,-1.00888,5.60178
35,-1.54035,-2.5837,5.10047
35,-1.91559,-1.07435,5.60198
35,-1.55615,-2.19117,5.36061
35,-1.91161,-1.99551,5.39726
35,-1.67078,-2.58608,5.23793
35,-1.69981,-2.74428,5.17989
35,-1.04384,-2.57281,5.387
35,-1.69742,-2.73979,5.25018
35,-1.59469,-2.40238,5.39178
35,-1.5311,-2.52323,5.66172
35,-2.0096,-0.88775,6.24767
35,-1.8249,-2.96555,5.58722
35,-1.52163,-2.53185,5.81135
35,-2.09204,-2.25877,5.86349
35,-1.0954,-2.6392,5.93704
35,-1.00356,-2.42213,6.26749
35,-0.43137,-1.19161,5.38435
34,-0.43137,-1.19161,5.38435
35,-1.40223,-0.622794,3.81863
34,-1.40223,-0.622794,3.81863
36,-1.39631,-0.0987628,2.53943
36,-1.50023,-0.102708,2.70454
36,-1.52111,-0.108162,2.80383
36,-1.6677,-0.206002,2.94252
36,-1.10595,-0.412599,3.12161
36,-1.98777,-0.238788,2.90477
36,-1.17304,-0.515968,3.1551
36,-1.20787,-0.397758,3.26053
36,-1.23124,-0.408764,3.3217
36,-1.83851,-0.195233,3.19679
36,-1.43972,-0.613619,3.86306
36,-0.566286,-0.310997,4.35449
36,-0.599565,-0.399424,4.3282
36,-1.46028,-0.660716,3.92117
36,-0.425646,-0.516217,4.43663
36,-1.08885,-1.9324,3.74514
36,-1.09735,-1.96313,3.80361
36,-1.04138,-1.96018,3.83887
36,-1.37012,-1.44912,3.88469
36,-1.07774,-1.96253,3.866
36,-1.2201,-2.03101,3.80998
36,-1.41179,-1.48494,3.94701
36,-1.25876,-2.06127,3.88921
36,-1.44222,-1.51929,4.03237
36,-1.17296,-1.99738,3.98628
36,-1.23845,-2.05439,3.95237
36,-1.15962,-1.89907,4.09868
36,-1.27364,-1.96756,4.03104
36,-1.13802,-1.81454,4.14425
36,-1.20797,-2.07703,4.02645
36,-1.12662,-1.81076,4.16101
36,-1.28219,-1.99426,4.04876
36,-1.17433,-1.91881,4.1291
36,-1.26806,-1.98624,4.06749
36,-1.25744,-2.03594,4.05661
36,-1.27258,-2.11224,4.03988
36,-1.19135,-1.93694,4.14366
36,-1.13586,-1.84026,4.21397
36,-1.13911,-1.86747,4.20792
36,-1.15164,-1.85344,4.21208
36,-1.26123,-1.93775,4.15358
36,-1.28047,-2.0734,4.10801
36,-1.07503,-1.76147,4.34705
36,-1.29323,-2.09308,4.15188
36,-1.2978,-1.95421,4.23063
36,-0.923925,-2.57478,4.18825
36,-1.07617,-1.78648,4.42812
36,-1.31453,-1.99153,4.26461
36,-1.20972,-1.9316,4.39128
36,-0.981712,-2.36617,4.3339
36,-0.987575,-2.34916,4.39594
36,-1.20626,-1.8879,4.47134
36,-1.59728,-0.837974,4.68559
36,-1.5866,-0.857896,4.68809
36,-1.01257,-2.35,4.45024
36,-1.12456,-1.85247,4.61392
36,-0.960162,-2.41326,4.52622
36,-1.20325,-1.93266,4.67916
36,-1.22678,-1.92666,4.76934
36,-1.01164,-2.13979,4.79797
36,-1.16799,-1.93806,4.81192
36,-1.14011,-1.96323,4.90806
36,-1.31806,-2.05414,4.88536
36,-1.05942,-2.204,4.94511
36,-1.46667,-2,4.8828
36,-1.14777,-2.06392,5.02548
36,-1.13571,-2.08131,5.08448
36,-1.35905,-2.09048,5.1784
36,-1.42464,-2.2038,5.45131
36,-1.57313,-2.419,5.96416
36,-1.16186,-2.52979,6.44432
36,-1.88022,-0.854594,5.75697
35,-1.88022,-0.854594,5.75697
36,-0.92975,-2.7661,3.99807
35,-0.92975,-2.7661,3.99807
36,-1.14439,-1.86779,4.60824
35,-1.14439,-1.86779,4.60824
36,-0.485595,-0.977066,5.37939
34,-0.485595,-0.977066,5.37939
36,-0.499136,-1.00567,5.10248
34,-0.499136,-1.00567,5.10248
36,-0.583314,-1.24498,5.75836
34,-0.583314,-1.24498,5.75836
36,-0.474583,-0.604225,3.89047
34,-0.474583,-0.604225,3.89047
36,-0.580669,-1.09088,4.63195
34,-0.580669,-1.09088,4.63195
37,-1.67201,-1.01871,1.80917
37,-0.81282,-0.838592,2.13107
37,-0.841356,-0.814489,2.12775
37,-0.851614,-0.848328,2.13751
37,-0.871997,-0.869369,2.16725
37,-0.673226,-0.794555,2.21827
37,-0.814594,-0.808765,2.17898
37,-0.666319,-0.85014,2.25847
37,-0.86714,-0.886998,2.19634
37,-0.84104,-0.799709,2.17566
37,-0.717842,-0.823899,2.23986
37,-0.849088,-0.823952,2.19142
37,-0.792085,-0.831608,2.22301
37,-0.667936,-0.792679,2.26058
37,-0.821572,-0.848952,2.2237
37,-0.753154,-0.787874,2.23604
37,-0.719295,-0.81849,2.27425
37,-0.763667,-0.813018,2.25491
37,-0.681585,-0.838008,2.30219
37,-0.712626,-0.844252,2.29442
37,-0.71625,-0.855679,2.31178
37,-0.757006,-0.843502,2.30386
37,-0.816231,-0.892282,2.30432
37,-0.708032,-0.876507,2.35265
37,-0.746751,-0.831908,2.32493
37,-0.93128,-0.867345,2.26675
37,-0.827601,-0.893826,2.31921
37,-0.777876,-0.860367,2.32898
37,-0.776223,-0.903289,2.35677
37,-0.70812,-0.867874,2.37948
37,-0.956963,-0.849921,2.28105
37,-0.763204,-0.841284,2.35768
37,-0.777497,-0.887654,2.37919
37,-1.44908,-1.21417,2.2877
37,-1.4835,-1.20102,2.2727
37,-1.48659,-1.07115,2.29292
37,-1.57241,-0.908799,2.82602
37,-1.44173,-1.07358,2.95654
37,-1.5832,-0.873156,2.83892
37,-1.32693,-1.02761,3.01602
37,-1.33648,-1.02559,3.01321
37,-1.22602,-0.129513,2.729
37,-1.86846,-0.810116,2.75738
37,-1.84541,-0.789323,2.76101
37,-1.58673,-0.879225,2.90016
37,-1.22787,-0.104632,2.75767
37,-1.3937,-0.996651,3.04019
37,-1.34263,-1.00773,3.06666
37,-1.33723,-1.00258,3.08633
37,-1.40166,-1.00457,3.06702
37,-1.58925,-0.869948,2.94197
37,-1.60035,-0.861811,2.97099
37,-1.39942,-0.531098,2.93166
37,-1.43275,-0.991499,3.12076
37,-1.4307,-0.988017,3.12716
37,-1.85833,-0.772343,2.92749
37,-2.023,-0.780257,3.13059
37,-2.30613,-0.842036,3.10111
37,-2.06654,-0.749595,3.16853
37,-2.076,-0.740353,3.17509
37,-2.08672,-0.737425,3.18482
37,-2.34222,-0.810436,3.16433
37,-2.10631,-0.719728,3.23135
37,-2.33404,-0.808308,3.1883
37,-2.23216,-0.78057,3.26055
37,-2.26103,-0.764901,3.26046
37,-2.37599,-0.796125,3.23162
37,-2.42523,-0.780278,3.29844
37,-2.43517,-0.770072,3.33148
37,-0.948786,-2.14149,4.57505
37,-0.99964,-2.17146,4.70363
37,-1.64089,-0.907648,4.19287
37,-0.936817,-2.05918,4.9194
37,-0.889623,-2.07609,5.04709
37,-0.984372,-2.06289,5.04887
37,-1.70174,-0.835159,4.37194
37,-1.7246,-0.708795,4.77073
37,-1.49904,-0.682487,4.92374
37,-1.09384,-1.87146,5.86587
37,-0.93425,-1.75337,6.80214
38,-2.36597,-0.543739,3.25214
38,-2.39046,-0.542561,3.30673
38,-3.6081,-1.75801,2.77908
38,-3.46237,-0.863693,2.91448
38,-3.66738,-0.801277,2.83262
38,-3.44075,-0.768207,3.02081
38,-3.459,-0.796634,3.01925
38,-3.66674,-0.814399,2.90216
38,-3.83034,-0.7595,2.80957
38,-3.47498,-0.80394,3.04246
38,-3.50559,-0.854803,3.025
38,-3.68013,-0.87528,2.92997
38,-3.83175,-0.827381,2.85897
39,-0.00655008,0.264946,1.96019
39,0.0727334,-0.19259,1.90104
39,-0.00912079,0.265678,1.95926
39,0.267241,0.259811,1.74676
39,-0.112635,0.162857,2.21293
39,-0.138626,0.1564,2.56471
39,-0.0132816,0.262398,1.96554
39,-0.0264406,0.251066,2.02407
39,0.0462989,0.292648,2.14155
39,0.0189605,0.274375,2.10496
39,-0.140453,0.228127,2.10691
39,-0.108609,0.204131,2.13383
39,-0.136431,0.266763,2.04657
39,-0.119548,0.259224,2.08983
39,-0.148974,0.244495,2.13381
39,-0.0948218,0.277169,2.1264
39,0.140098,-0.0695237,0.618369
39,0.267268,-0.229575,2.29991
39,0.0800932,-0.18299,1.83322
39,0.0530822,-0.195736,1.90087
39,0.419372,0.0920973,1.90403
39,0.468637,0.0710004,1.98558
39,0.130641,0.141158,1.34279
39,0.369559,0.211146,1.70223
39,0.316015,0.181304,1.67447
39,0.266692,0.263818,1.76746
39,0.249419,0.294017,1.88993
39,0.10707,0.239092,1.71018
39,0.0522035,0.261395,2.10733
39,0.12929,0.0640464,2.1746
39,0.0984979,-0.0721468,0.746351
39,1.05953,-0.988725,7.02183
39,1.00251,-0.998085,7.0883
39,-0.0379518,0.194374,2.34038
39,0.00993438,0.130228,1.69686
39,0.262433,-0.229893,2.45841
39,0.418201,-0.204139,2.04509
39,0.0836347,0.301452,2.06317
39,0.365497,0.249355,1.63601
39,-0.153802,0.214928,2.10776
39,0.267663,0.255079,1.72347
39,0.267727,0.275065,1.81218
39,0.258551,-0.229375,2.43643
39,0.0491528,0.293561,2.14823
39,0.0499369,0.273472,2.1825
39,-0.0147258,0.264844,1.99327
39,-0.0229,0.256856,2.0499
39,-0.0164517,0.194777,2.22688
39,-0.00796589,0.176589,2.21015
39,0.0303308,-0.185579,1.58825
39,-0.221698,-0.609845,3.67308
39,-0.266642,-0.631443,3.71843
39,-0.122628,-0.86217,4.66168
39,-0.145909,-0.780384,4.30759
39,0.171343,-1.24334,7.48859
39,0.115475,-1.25199,7.54073
39,-0.18189,-0.630271,3.71153
39,-0.665314,-0.528017,4.00077
39,0.000349365,-0.220342,1.94887
39,-0.107064,0.166288,2.18467
39,-0.129904,0.150061,2.46076
39,-0.0244751,0.216498,2.19089
39,-0.0339347,0.189889,2.26914
39,0.0163518,0.272485,2.11089
39,-0.112792,0.20305,2.13661
39,-0.151002,0.216055,2.10579
39,-0.127472,0.176734,2.11195
39,-0.119009,0.263585,2.1036
39,-0.13954,0.272957,2.05433
39,-0.0540634,0.24197,2.05521
39,-0.0782774,0.252605,2.07874
39,0.27502,-0.229268,2.34121
39,0.591813,-0.633506,6.00512
39,0.218966,-0.225261,1.99238
39,0.45914,0.0748684,1.95579
39,0.417483,0.0943433,1.90089
39,0.367425,0.209626,1.67297
39,0.139562,0.0473078,2.04387
39,0.107231,0.233476,1.66251
39,0.0958652,0.287415,1.94195
39,0.323521,0.184537,1.67506
39,0.365064,0.170117,1.72153
39,0.25227,0.295963,1.90244
39,0.0787318,0.306528,2.07109
39,0.405139,0.10026,1.87702
39,0.248835,-0.447869,3.12475
39,0.415312,-0.0996148,1.7691
39,0.0169946,0.233394,2.19388
39,-0.167732,0.2454,2.01945
39,-0.186316,0.218714,2.05589
39,-0.0892978,0.153584,2.3714
39,-0.0666806,-0.357143,2.96069
39,-0.170613,0.275905,1.96463
39,-0.0705104,0.300213,2.08164
39,0.17706,-0.076818,0.850132
39,0.180722,-0.0865448,0.883767
39,1.0414,-1.00951,7.23426
39,1.01096,-1.25205,7.21234
39,-0.0940988,0.268363,2.11617
39,-0.0833135,0.25515,2.08669
39,0.244668,0.314141,1.98075
39,0.248875,0.299391,1.94338
39,-0.121668,0.246605,2.09458
39,-0.141044,0.237694,2.09987
39,-0.280673,-0.676521,3.91412
39,-0.321507,-0.669773,3.97961
39,0.0322651,-0.199971,1.68954
39,0.00207025,-0.251744,2.21182
39,-0.0999323,-0.295785,2.82406
39,-0.648719,-0.512515,3.88331
39,-0.637273,-0.449502,3.5272
39,-0.0467222,0.204004,2.14665
39,-0.0278812,0.178947,2.19802
39,0.0214249,0.222694,2.13895
39,0.00201414,0.165413,2.15178
39,-0.143052,0.2024,2.12978
39,-0.135433,0.176056,2.16251
39,-0.137612,0.26912,2.04879
39,-0.0632377,0.241371,2.05013
39,0.267953,-0.243272,2.54317
39,0.0700299,-0.0794828,0.727347
39,0.259301,-0.218362,2.17932
39,0.355315,0.198504,1.62342
39,0.369208,0.183289,1.6869
39,0.0664707,0.312988,2.03164
39,0.077233,0.300524,2.07292
39,0.099183,0.215953,1.53773
39,0.101755,0.266191,1.8361
39,0.289533,0.181356,1.66911
39,0.358991,0.162623,1.71121
39,0.263323,0.238829,1.64736
39,0.0614261,0.266555,2.17996
39,0.109813,0.0533613,1.9815
39,0.726777,0.373387,2.65877
39,0.413371,0.093737,1.88868
39,0.46458,0.0705806,1.96001
39,1.06788,-1.03016,7.30302
39,0.251293,-0.442632,3.04006
39,1.40985,-0.536866,4.91286
39,1.31526,-0.503956,4.81161
39,1.48914,-0.627808,5.10834
39,1.2806,-0.585483,4.76395
39,0.408166,-0.104171,1.75564
39,1.66456,-0.291498,5.80043
39,-0.0982993,0.169938,2.21064
39,-0.0165161,0.266377,2.02791
39,-0.166387,0.25183,2.05954
39,-0.186965,0.216601,2.08042
39,-0.0930723,0.147447,2.33111
39,-0.114355,0.137001,2.33345
39,-0.16729,-0.7242,4.18997
39,-0.153164,-0.787426,4.32838
39,0.184379,-1.3128,7.80034
39,0.0516121,0.296729,2.1835
39,-0.0723678,0.296491,2.0451
39,0.184278,-0.0840253,0.878402
39,0.735224,0.129199,2.60319
39,0.352165,0.235687,1.57633
39,0.197206,0.0551583,2.04823
39,1.0386,-1.26699,7.33038
39,-0.124694,0.185462,2.18076
39,-0.136926,0.185939,2.18636
39,-0.633553,-0.485956,3.81325
39,-0.638584,-0.479319,3.60697
39,-0.2563,0.845494,2.29531
39,-0.290482,0.873059,2.37015
39,-0.131158,0.246567,2.09426
39,-0.119698,0.235059,2.09339
39,-0.198779,-0.734537,4.29491
39,-0.228401,-0.661392,3.99447
39,-0.0601107,-0.38511,3.15689
39,0.00574255,0.257031,2.08658
39,0.0058025,0.225254,2.10837
39,0.278352,0.55279,1.7923
39,0.252929,0.520563,1.68781
39,1.08062,-1.00046,6.9581
39,1.00036,-0.996039,6.92735
39,0.259829,0.234329,1.61632
39,0.266,0.267009,1.77503
39,1.47938,-0.619084,5.07486
39,1.562,-0.727637,5.25995
39,1.48104,-0.472546,4.98735
39,1.41488,-0.549474,4.94603
39,-0.112416,-0.243369,2.4289
39,-0.0957728,0.148351,2.3454
39,-0.142042,0.0988765,2.74578
39,0.0418739,0.293996,2.19269
39,-0.0277828,0.274051,2.04394
39,0.149117,-1.33543,7.8084
39,-0.0872952,-0.809054,4.58456
39,0.0754408,0.599187,1.84496
39,0.0541497,0.271756,2.20611
39,0.0758936,-0.0676658,0.714159
39,0.258407,-0.439823,3.05892
39,0.197224,0.0631996,2.06791
39,0.342916,0.170149,1.67817
39,0.395911,0.0963037,1.83943
39,0.465707,0.0600472,1.96477
39,1.6455,-0.288798,5.64471
39,-0.147475,0.553072,2.00581
39,-0.192105,0.555726,2.01543
39,-0.154919,-0.796447,4.37797
39,0.0504436,0.320337,2.05512
39,0.0966752,0.244878,1.68909
39,0.0926268,0.300685,1.99891
39,0.238176,0.302778,1.94247
39,0.0782925,-0.0669534,0.668216
39,0.303921,0.624314,1.89061
39,0.377376,-0.0944739,1.66883
39,-0.0728405,-0.257043,2.43307
39,0.0166533,0.150578,2.03077
39,-0.0294905,0.184511,2.16957
39,0.029778,-0.198715,1.5593
39,-0.0846566,0.25538,2.07318
39,1.31196,-0.513877,4.86416
39,1.25676,-0.580134,4.75557
39,-1.13592,-0.640313,5.02448
39,-0.0311749,0.157563,2.29349
39,-0.152863,0.267437,2.07909
39,-0.143752,0.202595,2.11165
39,-0.082213,0.291886,2.01333
39,1.34984,-0.812242,4.90553
39,0.287511,-0.511968,3.19723
39,0.11138,-0.173779,1.946
39,0.1875,-0.0869411,0.917594
39,0.377437,0.848897,2.27096
39,0.357877,0.580679,1.85004
39,0.7267,0.121473,2.58967
39,0.723383,0.366803,2.62888
39,0.350676,0.239031,1.58904
39,0.0895055,0.543122,1.93155
39,0.941364,-1.15859,6.77437
39,-0.320426,-0.693926,4.05745
39,0.379348,0.567561,1.80825
39,-0.186178,0.566521,2.02261
39,-0.0883519,0.143031,2.22299
39,-0.144531,0.104497,2.73626
39,-0.096839,-0.822716,4.8105
39,-0.179236,-0.830238,4.50969
39,0.0400311,0.217101,2.09619
39,-0.0295452,0.182486,2.1736
39,0.189757,0.0659908,2.0849
39,1.02774,-1.03889,7.17106
39,0.939681,-1.17494,6.87
39,0.224066,0.243693,1.56341
39,0.216548,0.300169,1.84821
39,0.460953,0.0604419,1.9096
39,0.352638,0.237454,1.59008
39,0.336122,0.208924,1.61057
39,0.760777,0.369412,2.7111
39,0.75404,0.137755,2.68709
39,1.49534,-0.461058,4.98067
39,1.51883,-0.699827,5.05891
39,1.0642,0.323812,2.62871
39,-0.092987,0.300031,2.00912
39,-0.0829415,0.257066,2.08686
39,1.59323,-0.28937,5.42483
39,1.30352,-0.440708,5.12262
39,-0.0704627,0.247515,2.12195
39,-0.125351,0.246326,2.11176
39,-0.127211,0.193937,2.14311
39,0.091529,0.659145,2.02279
39,0.107331,0.580511,2.07256
39,0.0941741,0.596551,2.08124
39,0.101521,0.29275,1.96036
39,0.052905,0.321686,2.06377
39,0.103274,0.227361,1.5922
39,0.0558462,0.268355,2.1785
39,0.153586,-0.0811834,0.560375
39,1.36337,-0.854628,4.64217
39,0.649804,-0.40548,2.37088
39,1.34298,-0.49409,4.67687
39,1.43417,-0.611674,4.88325
39,-0.151906,0.272045,2.09716
39,-0.195889,0.220407,2.12811
39,-0.0139257,0.630329,1.97396
39,0.151621,-1.35786,7.93951
39,0.252366,-0.224434,2.42449
39,0.322083,0.631731,1.90053
39,0.363841,0.562938,1.79977
39,0.250236,0.522299,1.66984
39,1.02311,0.299627,2.56871
39,0.254684,0.22321,1.56313
39,1.6773,-0.1952,4.84776
39,1.72584,-0.464217,5.39588
39,1.80379,-0.58573,4.93365
39,0.0995814,0.153564,1.39468
39,-0.0283481,0.284173,2.08554
39,1.15669,0.1057,2.76777
39,0.217061,-0.183605,1.85258
39,0.264833,-0.454176,3.13499
39,3.54666,-1.69223,9.53028
39,-0.164997,0.489996,1.92956
39,-0.323388,-0.70034,4.09496
39,-0.652147,-0.504101,3.82482
39,1.40461,-0.583955,3.41444
39,-0.129731,0.204701,2.13845
39,-0.0847103,0.146795,2.28149
39,-2.17511,-2.23205,6.80636
39,-0.937732,0.973284,3.08588
39,-0.873278,0.819004,2.73267
39,-0.669984,-0.517889,3.92944
39,-0.0106954,0.586963,1.86102
39,-0.130535,0.100841,2.4713
39,0.197012,-0.175206,1.89269
39,0.225713,0.224934,1.49316
39,0.826308,-1.04316,6.09944
39,0.755388,0.368426,2.73006
39,0.327441,0.218567,1.53061
39,1.4131,-0.676509,4.58686
39,1.29586,-0.827536,4.43205
39,1.03414,0.306625,2.57106
39,-2.31181,-1.70614,7.06081
39,-2.18009,-1.92237,6.65851
39,-2.78846,-1.58954,10.233
39,-0.937708,-0.420065,3.00814
39,-0.157576,0.262305,2.06367
39,-0.215522,0.223452,2.15751
39,-0.179976,0.539981,1.95524
39,0.104124,0.684486,2.11755
39,0.119822,0.580374,2.1015
39,0.788482,0.134815,2.77109
39,0.363546,0.0826755,1.69938
39,0.126253,-1.21378,7.09707
39,-0.115655,-0.922641,5.39477
39,-0.166829,-0.83895,4.49318
39,0.304636,0.604489,1.82575
39,0.224479,0.48172,1.56629
39,1.5751,-0.211105,4.64005
39,1.48588,-0.271081,5.08195
39,1.69518,-0.542215,4.66999
39,1.41452,-0.436139,4.71147
39,0.0549585,0.255679,2.14388
39,1.48208,-0.36977,5.35643
39,-0.0286401,0.284347,2.10703
39,-0.0776985,0.249569,2.09264
39,-0.028792,0.169525,2.1182
39,1.1182,0.111269,2.72687
39,0.193361,0.0504548,2.00905
39,0.284557,-0.474764,3.21899
39,1.21276,-0.749615,4.38307
39,-0.158234,0.474753,1.87921
39,-0.320115,-0.716996,4.19234
39,2.39023,-1.12902,6.31192
40,0.113975,0.0975042,0.580629
40,0.0920083,-0.056666,0.846913
40,0.112862,-0.0568544,0.876451
40,0.112234,-0.0562328,0.877068
40,0.239274,0.154856,1.4173
40,0.107368,0.157729,1.45968
40,0.0944356,0.142413,1.49961
40,0.102631,0.159783,1.5173
40,0.11419,0.163113,1.51724
40,0.105536,0.141485,1.53319
40,0.122357,0.165404,1.54006
40,0.278167,0.178249,1.6331
40,0.11003,0.244391,1.65768
40,0.264792,0.257298,1.66268
40,0.321614,0.169071,1.66026
40,0.33222,0.186237,1.70456
40,0.221078,0.51071,1.75012
40,0.0340533,-0.206315,1.7406
40,0.312596,0.201676,1.74756
40,0.37841,0.217445,1.7406
40,0.39338,0.215786,1.75106
40,0.0530385,0.186478,1.80978
40,0.537892,0.263712,1.77301
40,0.352476,0.161373,1.83989
40,0.432252,-0.05476,1.82025
40,0.436129,-0.0599596,1.82879
40,0.445684,-0.0601835,1.83438
40,0.399597,0.179531,1.8994
40,0.720452,0.306903,1.8701
40,0.383189,0.165207,1.90782
40,0.454641,-0.0538214,1.89224
40,0.147026,0.113395,1.94123
40,0.457554,-0.0644415,1.89813
40,0.0914987,0.0556155,1.95343
40,0.424338,-0.165201,1.92188
40,0.124043,-0.175385,1.9635
40,-0.0921692,-0.194552,1.9965
40,0.161068,0.118477,1.99692
40,0.428658,0.0987425,1.96334
40,-0.0703228,-0.203627,2.01079
40,0.405202,-0.113799,1.95776
40,-0.091225,-0.192908,2.02362
40,0.161128,0.117521,2.02258
40,0.102287,0.0566063,2.02673
40,0.0984708,-0.189872,2.02335
40,0.437274,0.0252323,1.99343
40,0.474022,0.069834,1.99307
40,0.440392,0.0259521,1.99628
40,0.437586,0.0864216,2.00519
40,0.476871,0.0613378,2.00365
40,0.445368,0.0294093,2.01046
40,0.487316,0.0615913,2.00964
40,0.47694,0.061411,2.0111
40,0.112248,0.0655585,2.06032
40,0.449952,-0.242863,2.0041
40,0.454328,0.0347685,2.01871
40,0.45525,0.03843,2.02299
40,0.45521,0.0420908,2.02318
40,0.142606,0.0705865,2.07374
40,0.143079,0.0579254,2.07787
40,0.439095,-0.135493,2.03325
40,0.124371,0.0644174,2.08686
40,0.43073,-0.12728,2.05811
40,0.147155,0.05614,2.10506
40,0.170231,0.110642,2.11079
40,0.167475,0.108433,2.11357
40,0.167438,0.112192,2.11382
40,0.167424,0.121003,2.11531
40,0.144593,0.0471831,2.11826
40,0.198598,0.0571924,2.11422
40,0.191222,0.0828051,2.12088
40,0.305054,-0.187048,2.0943
40,0.181318,0.0660728,2.12621
40,0.807506,0.332077,2.06296
40,0.192414,0.0681314,2.12795
40,0.462952,-0.252997,2.08154
40,0.433445,-0.205126,2.09426
40,0.196101,-0.00383922,2.14104
40,0.154663,0.697971,2.18887
40,0.195669,-0.00890112,2.14987
40,0.20359,-0.0068548,2.16319
40,0.229668,-0.20959,2.14971
40,0.110867,-0.212028,2.1698
40,0.832615,0.339162,2.12368
40,0.00388895,-0.256867,2.20841
40,0.217535,-0.0172906,2.19975
40,0.312379,0.0697117,2.20472
40,0.302977,0.0714585,2.20652
40,0.0986208,-0.230561,2.22741
40,0.321469,0.0797559,2.2238
40,0.229102,-0.0184437,2.24986
40,0.4645,-0.140008,2.25258
40,-0.122646,0.0848534,2.42088
40,0.951943,0.525847,2.34929
40,0.986061,0.535958,2.39202
40,-0.0724166,-0.30481,2.48742
40,0.687349,0.134283,2.41737
40,0.685997,0.130995,2.42972
40,0.680232,0.146052,2.4376
40,0.681592,0.360285,2.48852
40,0.699365,0.137461,2.47559
40,0.680259,0.408758,2.49266
40,0.690763,0.429015,2.52307
40,0.724922,0.528342,2.70109
40,1.05812,0.423195,2.6587
40,1.104,0.604967,2.72194
40,1.10481,0.337651,2.73266
40,0.86486,0.478546,2.82445
40,1.14662,0.106529,2.78194
40,1.14669,0.357566,2.83923
40,0.794892,0.567665,2.91366
40,1.16435,0.104087,2.85324
40,1.20307,0.114604,2.876
40,1.17673,-0.487945,2.91108
40,1.44486,-1.21006,2.88339
40,1.47609,-1.23064,2.9191
40,1.54172,-1.22167,2.94944
40,0.318151,-0.498128,3.39585
40,0.33208,-0.500387,3.40955
40,0.33436,-0.504145,3.43265
40,0.328993,-0.509392,3.46502
40,-0.192034,-0.603342,3.74695
40,1.51506,-0.643684,3.74274
40,1.75828,-0.717542,4.23763
40,1.14814,-0.787137,4.52322
40,1.16656,-0.779634,4.59627
40,1.22124,-0.447118,4.70269
40,1.25715,-0.763973,4.79219
40,1.25399,-0.384564,4.83349
40,1.29337,-0.580268,4.84679
40,1.28077,-0.782206,4.84427
40,1.29246,-0.572435,4.87238
40,1.45831,-0.232704,4.87559
40,1.28254,-0.78514,4.87217
40,1.31965,-0.502059,4.90916
40,1.77062,-0.100098,4.8875
40,1.32618,-0.373081,4.93354
40,1.76792,-0.0848856,4.89902
40,1.31335,-0.358617,4.9467
40,1.37016,-0.595633,4.95571
40,1.35658,-0.518555,4.97221
40,1.72858,-0.0870281,4.95212
40,1.37279,-0.318797,4.98576
40,1.34029,-0.378465,4.99684
40,1.74868,-0.213802,4.95812
40,1.36998,-0.836609,4.99127
40,1.7965,-0.18314,4.99555
40,1.79233,-0.183959,5.01133
40,1.53126,-0.99494,5.00633
40,1.42678,-0.558794,5.04426
40,1.78284,-0.207986,5.02717
40,1.39605,-0.83401,5.04598
40,1.45174,-0.542483,5.09824
40,1.48999,-0.483683,5.09764
40,1.50228,-0.40241,5.10593
40,1.40035,-0.859242,5.09949
40,1.38976,-0.40552,5.13239
40,1.56308,-0.932377,5.11579
40,1.62435,-0.125132,5.15552
40,1.50922,-0.372759,5.17284
40,1.57999,-0.954005,5.15313
40,1.57071,-0.936851,5.15763
40,1.55562,-0.505452,5.19355
40,1.3924,-0.409619,5.2863
40,1.56085,-0.918747,5.23996
40,1.92729,-0.596073,5.22355
40,1.59578,-0.948809,5.27286
40,1.55953,-0.389779,5.34171
40,1.95527,-0.911367,5.28204
40,1.94801,-0.937099,5.28324
40,1.96232,-0.619796,5.34817
40,1.93298,-0.620361,5.35217
40,0.521364,-2.4663,5.44313
40,1.99542,-0.619641,5.41416
40,2.02216,-0.956291,5.41139
40,1.61193,-0.902097,5.53449
40,1.71971,-0.513973,5.56372
40,0.509147,-2.72896,5.67991
40,1.6569,-0.69248,5.64415
40,1.63869,-0.326779,5.67847
40,1.62796,-0.26512,5.7372
40,1.64866,-0.789174,5.73511
40,1.77527,-0.529344,5.75264
40,1.71812,-0.775331,5.76698
40,1.72364,-0.577036,5.81605
40,0.550571,-2.72302,5.99131
40,0.840498,-1.04596,6.07795
40,1.79817,-0.738257,6.05118
40,0.911914,-0.953797,6.1918
40,0.892042,-0.985678,6.2139
40,0.892505,-1.01396,6.21346
40,0.480777,-2.94929,6.30088
40,0.235039,0.27275,1.76207
39,0.235039,0.27275,1.76207
41,0.0951208,0.0944777,0.759864
41,0.099231,0.0904748,0.874796
41,0.103412,0.0885078,0.897269
41,0.190592,0.433095,1.43427
41,0.252558,0.177272,1.49653
41,0.947209,0.556628,1.39121
41,0.0801961,0.466274,1.62219
41,0.082045,0.463553,1.63155
41,0.261552,0.531624,1.58893
41,1.06413,0.0515968,1.40582
41,1.032,0.0793924,1.41945
41,0.0739936,0.536803,1.65367
41,1.081,0.0887233,1.42491
41,0.243666,0.279705,1.73987
41,0.32014,0.567611,1.75688
41,0.316721,0.589471,1.76664
41,0.10387,0.0691315,1.83972
41,0.321615,0.609455,1.80884
41,0.175791,0.0633042,1.89291
41,0.448414,0.0632294,1.86964
41,0.451379,0.0312587,1.88027
41,0.384777,0.590492,1.92511
41,1.352,-0.504978,1.76625
41,0.357665,0.758687,2.08268
41,0.535206,-0.261444,2.08862
41,0.113304,0.875761,2.20649
41,0.393566,0.821129,2.2133
41,0.663581,0.0237228,2.20973
41,0.42018,0.845627,2.29987
41,0.682146,-0.270701,2.40739
41,0.718068,0.161233,2.51215
41,0.724759,0.161851,2.53725
41,0.738229,0.450477,2.63745
41,0.233448,0.889663,2.80901
41,0.774837,-0.256331,2.99591
41,1.21293,-0.134362,3.74049
41,1.27172,-0.312681,4.04588
41,1.18256,-0.715832,4.12721
41,1.2786,-0.774067,4.4044
41,1.38785,-0.345748,4.39678
41,1.3153,-0.533518,4.5274
41,1.57058,-0.0441899,4.57802
41,0.14198,-0.728377,5.17908
41,1.9835,1.75965,4.77962
41,1.4405,-0.242784,4.9888
41,1.42944,-0.413192,5.35435
41,0.329646,0.144428,1.79629
39,0.329646,0.144428,1.79629
41,0.116422,0.519705,1.5905
39,0.116422,0.519705,1.5905
42,0.0721469,0.196014,0.751472
42,0.0713665,0.14793,0.901033
42,0.0638077,0.230555,0.94198
42,0.0803763,0.251313,1.42075
42,0.205939,0.46997,1.46506
42,0.293976,0.304598,1.44714
42,0.0892166,0.253478,1.53414
42,0.107664,0.655418,1.53647
42,0.199503,0.2613,1.52712
42,0.0609335,0.462876,1.56576
42,0.213943,0.484321,1.52526
42,0.177419,0.468307,1.54341
42,0.349239,0.0618078,1.67483
42,0.136351,0.0869367,1.7839
42,0.638955,0.672668,1.79874
42,0.195383,0.713278,1.96442
42,0.271291,-0.184861,1.9998
42,0.43728,0.0451382,1.95987
42,-0.0763057,0.00993679,2.10898
42,-0.126136,0.231328,2.31707
42,0.790613,0.786783,2.11209
42,1.32578,0.800085,2.00604
42,-0.0978008,0.154828,2.42955
42,0.632884,-0.276036,2.36566
42,0.745576,0.399875,2.63663
42,0.114851,0.346633,2.8212
42,0.687084,-0.248115,2.71128
42,0.53142,1.19109,2.8603
42,0.824837,0.166132,2.82277
42,0.846061,0.15164,2.8384
42,0.948241,-0.241847,3.33392
42,0.531884,-0.585261,3.77117
42,1.68314,-0.688415,4.0426
42,1.12136,-0.567873,4.5097
42,0.245018,0.290324,1.77337
40,0.245018,0.290324,1.77337
42,0.0273876,0.510075,1.80225
40,0.0273876,0.510075,1.80225
42,0.282206,0.069772,2.06628
40,0.282206,0.069772,2.06628
42,0.195227,0.0613563,2.13013
40,0.195227,0.0613563,2.13013
42,0.18594,0.101427,2.04297
39,0.18594,0.101427,2.04297
42,0.18966,-0.0174068,2.1374
39,0.18966,-0.0174068,2.1374
42,0.219041,-0.116976,2.07127
39,0.219041,-0.116976,2.07127
43,-0.0455621,0.186226,0.752774
43,-0.0524114,0.173635,0.810102
43,0.0416682,0.248217,1.55449
43,0.0596872,0.25503,1.56872
43,0.190584,0.2598,1.53137
43,0.199092,0.258862,1.55491
43,0.255186,0.496874,1.57386
43,0.166647,0.609007,1.6393
43,0.277922,0.0650792,1.62014
43,0.0631265,0.575352,1.76323
43,0.312486,0.0568447,1.69234
43,0.082524,0.0823115,1.81394
43,0.430532,0.110429,1.72742
43,0.439716,0.108591,1.73923
43,-0.00638099,0.258332,1.88326
43,-0.0123168,0.262206,1.89972
43,0.0930213,0.286495,1.88225
43,0.0970108,0.278764,1.88581
43,0.392733,0.563714,1.82769
43,0.11003,0.066651,1.90462
43,0.47038,0.102104,1.81107
43,0.124484,0.0876039,1.94327
43,0.381184,0.0475014,1.86714
43,0.152167,0.115501,1.94028
43,0.620925,0.672824,1.82897
43,0.39304,-0.0931903,1.86446
43,0.340342,0.217012,1.93678
43,0.228024,-0.177447,1.95408
43,0.1125,0.0829465,2.04148
43,-0.170269,-0.200354,2.11514
43,0.466867,0.0451778,1.96026
43,0.247118,-0.198617,2.04963
43,0.271252,-0.206427,2.10079
43,0.289214,0.0763549,2.10874
43,0.485945,0.634606,2.08124
43,0.329379,0.0550291,2.29154
43,0.487594,0.713166,2.28685
43,0.335497,0.0482449,2.33053
43,0.830816,0.38293,2.23032
43,0.570062,-0.179092,2.32349
43,0.666797,0.36235,2.34658
43,0.676877,0.362262,2.35957
43,0.545136,-0.194946,2.40422
43,0.583246,-0.302738,2.39308
43,0.705097,0.361694,2.38723
43,0.600862,-0.198277,2.40148
43,0.609156,-0.199617,2.40634
43,0.706948,0.374064,2.41508
43,0.659068,-0.204897,2.4182
43,0.661797,-0.20695,2.42985
43,0.712806,0.357479,2.45357
43,0.661818,-0.194328,2.44676
43,0.955266,0.129823,2.38317
43,0.978418,0.128751,2.43009
43,0.812504,-0.216732,2.59993
43,0.685026,0.798778,2.70329
43,0.602606,-0.350522,2.6946
43,0.8214,0.152034,2.65224
43,0.604629,-0.348054,2.70025
43,0.806195,0.383834,2.67668
43,0.810546,0.163451,2.68244
43,0.695766,-0.28251,2.75361
43,0.706866,-0.306932,2.8115
43,-0.271288,-0.57899,4.01737
43,1.14288,-0.333319,3.61243
43,1.53441,-0.500049,4.12273
43,1.40519,-1.1879,4.3208
43,1.64947,-0.179048,4.45563
43,1.71894,-0.527317,4.49572
43,1.846,-0.121598,4.84198
43,0.1968,0.209921,2.00154
40,0.1968,0.209921,2.00154
43,0.0926931,-0.224706,2.20067
40,0.0926931,-0.224706,2.20067
43,0.39331,0.157213,2.09229
40,0.39331,0.157213,2.09229
43,0.0925359,-0.222113,2.18526
40,0.0925359,-0.222113,2.18526
43,1.56502,-1.31476,4.81387
40,1.56502,-1.31476,4.81387
43,0.105657,0.26615,1.79941
40,0.105657,0.26615,1.79941
43,0.131838,0.435208,1.85359
40,0.131838,0.435208,1.85359
43,0.286107,0.276428,1.88052
39,0.286107,0.276428,1.88052
43,-0.0430394,0.204015,2.02795
39,-0.0430394,0.204015,2.02795
43,0.194311,-0.0208248,2.18247
39,0.194311,-0.0208248,2.18247
43,0.156499,0.11572,1.95898
39,0.156499,0.11572,1.95898
43,1.08653,0.573986,2.64975
41,1.08653,0.573986,2.64975
43,1.11924,0.588989,2.72167
41,1.11924,0.588989,2.72167
43,0.941258,0.502357,2.33237
41,0.941258,0.502357,2.33237
43,0.131088,0.706225,1.94365
41,0.131088,0.706225,1.94365
43,0.436652,0.681308,1.88573
41,0.436652,0.681308,1.88573
43,1.34023,0.745352,2.26712
41,1.34023,0.745352,2.26712
43,0.494064,0.176735,2.22785
41,0.494064,0.176735,2.22785
43,0.174305,0.542174,1.85666
41,0.174305,0.542174,1.85666
43,0.426544,0.665869,1.84871
41,0.426544,0.665869,1.84871
43,0.366502,0.0852121,2.08647
41,0.366502,0.0852121,2.08647
43,1.35334,0.692649,2.30344
41,1.35334,0.692649,2.30344
43,-0.0894551,-0.398279,3.13435
41,-0.0894551,-0.398279,3.13435
43,0.18473,0.562415,1.94821
41,0.18473,0.562415,1.94821
43,1.48918,0.750404,2.51033
41,1.48918,0.750404,2.51033
43,1.11589,0.600726,2.71565
42,1.11589,0.600726,2.71565
43,0.65307,0.0705314,2.31353
42,0.65307,0.0705314,2.31353
43,1.11012,0.0792223,2.65843
42,1.11012,0.0792223,2.65843
43,-0.0525388,0.215565,1.55994
42,-0.0525388,0.215565,1.55994
43,0.985375,0.086016,2.43586
42,0.985375,0.086016,2.43586
43,-0.0478275,0.216532,1.66556
42,-0.0478275,0.216532,1.66556
43,1.11099,-0.00768799,2.65952
42,1.11099,-0.00768799,2.65952
43,-0.0299239,0.217093,2.06061
42,-0.0299239,0.217093,2.06061
43,-0.00275511,0.0830342,2.08728
42,-0.00275511,0.0830342,2.08728
43,0.458074,0.0649234,2.00722
42,0.458074,0.0649234,2.00722
43,0.178503,-0.00248938,1.98758
42,0.178503,-0.00248938,1.98758
43,0.643765,-0.0267609,2.4248
42,0.643765,-0.0267609,2.4248
43,0.450887,0.0646236,1.98512
42,0.450887,0.0646236,1.98512
43,0.167589,0.121814,2.15858
42,0.167589,0.121814,2.15858
43,1.17265,0.596857,2.64372
42,1.17265,0.596857,2.64372
43,0.541171,0.326128,2.16476
42,0.541171,0.326128,2.16476
43,0.193624,-0.110259,2.0356
42,0.193624,-0.110259,2.0356
43,-0.192601,0.296987,1.96443
42,-0.192601,0.296987,1.96443
43,0.270474,0.0645026,2.11207
42,0.270474,0.0645026,2.11207
44,-0.124291,0.217264,0.756375
44,-0.104604,0.221332,0.860627
44,-0.0922432,0.244087,0.891989
44,0.102739,0.260429,1.40567
44,0.137165,0.273861,1.44623
44,0.015169,0.265267,1.49581
44,0.139869,0.493037,1.52256
44,0.106985,0.476583,1.54256
44,0.00604141,0.535058,1.64044
44,0.345024,0.307399,1.58936
44,-0.148425,-0.0226036,1.74285
44,-0.0954481,0.283426,1.84743
44,0.0826473,0.274916,1.80351
44,-0.0108799,0.258983,1.86199
44,0.255875,0.271565,1.78481
44,0.0827142,0.288971,1.85607
44,0.106631,0.0926013,1.82618
44,0.0604159,-0.120987,1.82494
44,0.0966853,0.27775,1.87814
44,0.0313378,-0.149668,1.86568
44,-0.0385859,0.214362,1.9475
44,-0.147067,-0.0589365,1.94973
44,0.222099,-0.131663,1.84767
44,0.403827,0.592559,1.8977
44,0.100848,0.0710854,1.93973
44,0.435491,0.338785,1.88963
44,-0.0643228,0.196427,2.02538
44,0.186908,-0.169258,1.90525
44,0.109777,0.0681906,1.95821
44,0.210903,-0.159023,1.90023
44,0.44486,0.292855,1.88986
44,-0.0625679,0.192008,2.0278
44,0.209162,-0.16192,1.9057
44,0.22556,-0.15819,1.90535
44,0.0624964,-0.172483,1.95257
44,0.118235,0.0823535,1.97051
44,-0.0752683,0.184365,2.04327
44,-0.0363602,0.280318,2.04806
44,0.418002,-0.075594,1.87122
44,0.232104,-0.168575,1.92882
44,0.114061,0.0627109,2.01699
44,-0.116434,0.228561,2.13471
44,-0.102482,0.159261,2.13249
44,0.215303,-0.19385,1.99434
44,-0.077481,0.244282,2.1374
44,0.466901,0.598755,2.03184
44,0.119284,0.0785695,2.08265
44,-0.126461,0.197022,2.19673
44,0.148235,0.278508,2.14238
44,-0.137878,0.244988,2.23702
44,-0.0125438,0.287574,2.20975
44,0.13786,0.30331,2.16787
44,-0.12256,0.193225,2.23946
44,0.350457,0.297545,2.1325
44,0.436571,-0.166866,2.08924
44,-0.0780906,0.162131,2.29198
44,0.134368,0.275112,2.26212
44,-0.132807,0.242938,2.33777
44,0.153792,0.313336,2.26347
44,0.279804,-0.217754,2.16196
44,0.085412,-0.243813,2.2267
44,-0.131419,0.24478,2.35418
44,0.0945458,0.247776,2.4278
44,0.484163,-0.253199,2.26441
44,0.620365,0.0401777,2.26133
44,0.121588,-0.298022,2.41563
44,-0.0959584,-0.277998,2.51445
44,0.36335,-0.286444,2.42704
44,0.540618,-0.289532,2.39256
44,0.532864,-0.284647,2.40003
44,-0.0878082,-0.309314,2.60386
44,-0.140056,-0.23373,2.83079
44,0.625502,-0.348254,2.60644
44,0.844935,0.158917,2.74183
44,0.846228,0.150814,2.74403
44,0.474497,-0.14853,3.02214
44,2.14297,-1.8077,3.66648
44,2.14728,-1.81647,3.71549
44,-0.175074,-0.586628,4.91945
44,1.84358,-0.793398,4.32633
44,1.96308,-0.844617,4.5218
44,0.539334,-0.935795,4.99528
44,1.92736,-7.48295,13.667
44,0.176168,0.106742,2.16696
40,0.176168,0.106742,2.16696
44,0.171521,0.11071,2.16276
40,0.171521,0.11071,2.16276
44,0.179686,0.117701,2.20567
40,0.179686,0.117701,2.20567
44,0.183519,0.181608,2.06292
40,0.183519,0.181608,2.06292
44,0.0308468,0.554227,1.96152
40,0.0308468,0.554227,1.96152
44,0.0302239,0.552971,1.96331
40,0.0302239,0.552971,1.96331
44,-0.064388,0.539808,1.95134
40,-0.064388,0.539808,1.95134
44,-0.0437307,0.547713,2.02313
40,-0.0437307,0.547713,2.02313
44,0.113516,0.277013,1.93892
39,0.113516,0.277013,1.93892
44,0.212855,-0.196508,2.07682
39,0.212855,-0.196508,2.07682
44,0.191698,0.0654344,2.11722
39,0.191698,0.0654344,2.11722
44,0.187326,-0.0198535,2.09959
41,0.187326,-0.0198535,2.09959
44,0.141938,0.501686,1.95158
41,0.141938,0.501686,1.95158
44,0.368835,0.0869618,2.09359
42,0.368835,0.0869618,2.09359
44,0.147911,0.566484,2.01322
42,0.147911,0.566484,2.01322
44,0.352332,0.558093,1.92981
42,0.352332,0.558093,1.92981
44,0.179505,0.115332,2.21391
42,0.179505,0.115332,2.21391
44,0.648143,0.175944,2.32271
42,0.648143,0.175944,2.32271
44,0.342781,0.506251,1.89383
42,0.342781,0.506251,1.89383
45,-0.312444,0.233019,0.589109
45,-0.300263,0.159917,0.614594
45,-0.182184,0.253348,0.918253
45,-0.183945,0.179181,0.943074
45,-0.225679,0.216816,0.989898
45,-0.198617,0.417366,1.35173
45,-0.234064,0.314889,1.62766
45,0.175295,0.175118,1.52987
45,-0.222786,0.304731,1.68962
45,0.136212,0.499632,1.63735
45,-0.173404,0.251243,1.70996
45,-0.239076,0.318822,1.73991
45,-0.206923,0.426301,1.74731
45,-0.0714884,0.249554,1.68626
45,-0.0671313,0.25123,1.70198
45,-0.202956,0.440881,1.79925
45,-0.225248,0.325612,1.82044
45,-0.206858,0.481218,1.87193
45,-0.194976,0.570424,1.88192
45,0.250038,0.600808,1.75875
45,-0.187552,0.512744,1.87875
45,0.012977,0.24741,1.78749
45,-0.191364,0.516711,1.8863
45,-0.209717,0.313002,1.86286
45,-0.183403,0.274417,1.85948
45,-0.216739,0.530676,1.93894
45,-0.0750254,0.238782,1.86892
45,-0.0829569,0.181185,1.86476
45,-0.206136,0.322185,1.94103
45,-0.133153,0.202939,1.90777
45,-0.0651602,0.23692,1.91671
45,-0.163788,0.239801,1.95059
45,-0.167035,0.242391,1.97159
45,0.065518,0.196289,1.90885
45,0.0977863,0.275263,1.92497
45,-0.118859,0.198026,1.97678
45,-0.0505325,0.232119,1.98015
45,0.414721,0.607869,1.91199
45,0.125846,0.077932,1.92828
45,-0.149074,0.197654,2.02864
45,0.130526,0.0762581,1.93337
45,-0.143063,0.199768,2.03143
45,0.394612,-0.127798,1.83097
45,0.475376,0.313293,1.87565
45,-0.145832,0.202143,2.03931
45,0.399171,-0.128507,1.83393
45,0.127908,0.0905147,1.95295
45,0.389225,-0.156985,1.8418
45,-0.107197,0.257196,2.0569
45,-0.120035,0.218821,2.05535
45,-0.0718322,0.234895,2.05391
45,0.393454,-0.103391,1.87036
45,-0.136201,0.194625,2.06756
45,-0.119088,0.154867,2.08404
45,0.410207,-0.165859,1.88535
45,-0.115947,0.159349,2.0933
45,-0.0892076,0.196581,2.09392
45,-0.13788,0.140063,2.10712
45,-0.0861139,0.141202,2.09364
45,-0.141065,0.147279,2.11352
45,-0.0365632,0.247306,2.10936
45,-0.11466,0.157113,2.1227
45,-0.147342,0.154882,2.13197
45,0.0452297,0.209485,2.08568
45,0.0518233,-0.189015,2.02585
45,-0.134787,0.14345,2.12949
45,-0.0219297,0.202391,2.12368
45,-0.129044,0.134206,2.15152
45,-0.22079,0.593466,2.25262
45,0.111468,0.236865,2.11366
45,0.527292,0.307803,2.01869
45,0.254413,0.689974,2.20168
45,-0.0192827,0.247799,2.22039
45,-0.119651,0.0792806,2.23009
45,-0.098716,0.0714588,2.2372
45,0.135761,0.0567756,2.19253
45,0.0644029,0.150948,2.2405
45,0.555002,0.295093,2.12203
45,0.450104,-0.230403,2.07621
45,-0.0208316,0.237868,2.29524
45,0.172429,0.233059,2.27479
45,0.186283,0.301227,2.28505
45,0.100932,0.2198,2.33236
45,0.311226,-0.2574,2.30005
45,0.219062,0.0275133,2.47251
45,-0.104614,-0.23945,2.62279
45,0.359195,0.0572058,2.59992
45,-0.0627878,-0.279103,2.84359
45,0.848894,0.185724,2.67097
45,-0.0493941,-0.290793,2.8732
45,-0.0468918,-0.272221,3.10958
45,0.975245,0.163801,2.89362
45,1.1291,0.0701659,3.08471
45,-0.132062,-0.292817,3.67385
45,-0.0807362,-0.325231,3.68689
45,-0.0491732,-0.374512,4.00786
45,0.643995,0.312586,4.03191
45,2.21848,-1.71771,3.57129
45,-0.0663702,-0.407532,4.476
45,2.20367,-1.78841,3.64058
45,1.69099,-0.710217,4.01184
45,1.77028,0.136463,4.26769
45,1.8223,-0.756259,4.23221
45,1.89943,0.220396,4.51357
45,-0.0306579,-0.893559,4.95649
45,-0.0324597,-0.888152,4.98812
45,1.90339,0.0999168,4.65733
45,0.0321974,-0.710938,5.31469
45,1.61879,-1.09226,4.93504
45,1.68208,-1.10452,5.04629
45,0.0371657,-0.592009,5.70894
45,-0.740319,-2.82447,5.66168
45,0.087023,-0.820691,6.19006
45,0.113001,-0.92769,6.18018
45,0.137665,-0.997727,6.70347
45,0.333838,-1.35521,6.76303
45,0.596177,0.202563,2.26614
44,0.596177,0.202563,2.26614
45,0.536862,0.155711,2.22033
44,0.536862,0.155711,2.22033
45,0.401848,-0.101868,1.89319
44,0.401848,-0.101868,1.89319
45,0.381539,0.360877,1.72837
44,0.381539,0.360877,1.72837
45,0.566945,0.184916,2.22936
44,0.566945,0.184916,2.22936
45,0.553534,0.389811,2.01865
44,0.553534,0.389811,2.01865
45,1.16679,0.465483,2.89324
44,1.16679,0.465483,2.89324
45,0.510423,0.143163,2.16382
44,0.510423,0.143163,2.16382
45,0.0293765,0.557536,1.96268
44,0.0293765,0.557536,1.96268
45,0.144783,0.122702,2.0654
44,0.144783,0.122702,2.0654
45,0.385378,0.0716292,2.21989
44,0.385378,0.0716292,2.21989
45,0.179787,0.130312,2.18771
40,0.179787,0.130312,2.18771
45,0.406869,-1.99817,4.38421
40,0.406869,-1.99817,4.38421
45,0.412216,-2.20095,4.54985
40,0.412216,-2.20095,4.54985
45,-0.0341439,0.167266,1.96034
40,-0.0341439,0.167266,1.96034
45,0.165427,0.104295,2.06822
39,0.165427,0.104295,2.06822
45,0.0613671,-0.210359,2.08112
39,0.0613671,-0.210359,2.08112
45,0.11904,-0.19227,2.05788
39,0.11904,-0.19227,2.05788
46,-0.438107,0.337384,0.51413
46,-0.384185,0.255126,0.610792
46,-0.344871,0.391352,0.911126
46,-0.0757879,0.714351,1.14423
46,-0.260136,0.255632,1.34306
46,-0.151099,0.652221,1.29823
46,-0.292803,0.854128,1.43972
46,-0.184904,0.256045,1.48957
46,-0.208047,0.223598,1.51293
46,-0.306269,0.843536,1.49325
46,-0.0658835,0.273709,1.48827
46,-0.461744,0.905004,1.53423
46,-0.300546,0.846718,1.49775
46,-0.0629787,0.279882,1.49693
46,-0.053454,0.710045,1.46592
46,-0.192434,0.470669,1.53023
46,-0.0749139,0.476566,1.50105
46,-0.158106,0.712359,1.51435
46,-0.0665835,0.478816,1.52242
46,-0.300355,0.837801,1.56121
46,-0.145042,0.24987,1.61227
46,-0.27888,0.888677,1.61064
46,-0.068275,0.720961,1.57705
46,-0.127932,0.274038,1.64338
46,-0.196353,0.983446,1.6213
46,0.132975,0.265478,1.60805
46,-0.27388,0.884844,1.6653
46,-0.200736,0.210246,1.72341
46,-0.236268,0.474055,1.70907
46,-0.189293,0.269803,1.74352
46,0.0195949,0.262669,1.73425
46,0.045551,0.272546,1.74241
46,-0.224884,0.561457,1.78596
46,-0.216964,0.495768,1.80522
46,-0.197457,0.415889,1.82676
46,-0.372707,0.73721,1.84366
46,-0.376772,0.765313,1.84567
46,-0.178038,0.246021,1.84606
46,-0.260799,0.911289,1.82326
46,0.0075925,0.80531,1.77447
46,-0.356052,0.75392,1.92312
46,0.0685799,0.268222,1.87252
46,0.231602,0.82105,1.7835
46,-0.14108,0.242315,1.95771
46,-0.0451459,0.2702,1.94943
46,-0.241264,0.950049,1.95261
46,-0.0899421,0.55075,1.96157
46,0.0539581,0.861915,1.9189
46,0.331536,0.639004,1.8904
46,0.0802737,0.877484,1.95707
46,-0.0288573,0.287425,2.05627
46,-0.112946,0.229941,2.08613
46,0.149215,0.25611,2.03412
46,-0.223514,0.998387,2.06111
46,-0.0992344,0.114196,2.24702
46,-0.350518,0.943885,2.23283
46,-0.232473,1.04625,2.21048
46,0.40917,0.937856,2.11496
46,-0.134364,0.38051,2.32202
46,-0.0508665,0.00191143,2.42167
46,-0.37022,1.19718,2.40863
46,-0.0539032,-0.0171846,2.45008
46,-0.204615,1.12072,2.40407
46,-0.174236,-0.190083,2.55
46,-0.0504754,-0.225349,2.52969
46,0.687525,0.712629,2.34399
46,-0.0923778,-0.202445,2.64231
46,0.555778,0.991078,2.36468
46,-0.0815524,-0.206177,2.67888
46,-0.0991757,-0.150251,2.77437
46,0.964452,0.185365,2.46025
46,0.124079,1.34725,2.57355
46,1.12797,0.194431,2.85609
46,-0.798909,1.08263,3.28768
46,1.72865,1.827,2.94642
46,0.0258042,0.734965,3.87368
46,0.0730632,0.215169,1.35794
45,0.0730632,0.215169,1.35794
46,0.0213991,0.213631,1.26766
45,0.0213991,0.213631,1.26766
46,-0.0639068,0.259523,1.66845
45,-0.0639068,0.259523,1.66845
46,0.203087,0.118045,2.21779
45,0.203087,0.118045,2.21779
46,0.4177,0.307533,1.74929
45,0.4177,0.307533,1.74929
46,0.185924,0.0496843,2.0823
40,0.185924,0.0496843,2.0823
46,0.994054,0.0898179,2.48104
44,0.994054,0.0898179,2.48104
46,0.279856,0.571329,1.84359
43,0.279856,0.571329,1.84359
46,-0.218321,-0.363135,3.56216
39,-0.218321,-0.363135,3.56216
46,0.0492257,0.297419,1.89892
39,0.0492257,0.297419,1.89892
46,-0.516289,0.924292,2.45228
39,-0.516289,0.924292,2.45228
46,0.125091,0.275667,1.91831
39,0.125091,0.275667,1.91831
46,0.104372,0.686571,2.12522
39,0.104372,0.686571,2.12522
46,0.412573,0.160619,1.91653
42,0.412573,0.160619,1.91653
46,-0.241052,-0.34718,3.48177
41,-0.241052,-0.34718,3.48177
47,-0.534407,0.334074,0.562346
47,-0.483531,0.561206,0.790873
47,-0.469407,0.566905,0.818511
47,-0.701702,0.944378,1.17573
47,-0.204542,0.748443,1.04425
47,-0.537061,0.967238,1.12769
47,-0.45318,1.06051,1.09552
47,-0.527972,0.993001,1.17778
47,-0.368984,0.932129,1.13577
47,-0.324555,0.658534,1.18804
47,-0.706351,0.90722,1.28118
47,-0.347968,0.951405,1.16907
47,-0.42191,1.13154,1.18201
47,-0.506933,1.03213,1.23728
47,-0.8412,0.93203,1.38688
47,-0.507071,1.12767,1.22805
47,-0.0755086,0.979774,1.10903
47,-0.230017,0.683473,1.24434
47,-0.694025,0.94484,1.36095
47,0.193601,1.01392,1.05139
47,-0.308678,0.995723,1.25446
47,-0.708129,0.83182,1.44205
47,-0.085481,0.784815,1.22473
47,-0.637249,0.922773,1.41686
47,-0.634782,0.917327,1.42191
47,-0.29095,1.0107,1.27519
47,-0.0467019,0.797919,1.27509
47,-0.366958,0.850618,1.38803
47,-0.386339,0.862309,1.40407
47,-0.263608,0.608424,1.43054
47,-0.264088,1.04532,1.34541
47,-0.279687,1.05344,1.35845
47,-0.162313,0.561793,1.44556
47,-0.365909,0.880712,1.4531
47,-0.0565614,0.618937,1.39853
47,-0.612558,0.953743,1.53216
47,-0.514608,0.92837,1.50946
47,-0.0397786,0.623441,1.42549
47,-0.547778,1.19993,1.50338
47,-0.128043,0.51115,1.50391
47,-0.546619,0.947962,1.56657
47,-0.456916,1.17452,1.49109
47,-0.614198,0.995746,1.5915
47,-0.409702,0.990075,1.51597
47,-0.381378,0.99383,1.51028
47,-0.241517,1.09365,1.43674
47,-0.35776,0.910618,1.52726
47,-0.501157,0.957488,1.57486
47,0.0453311,0.835841,1.43819
47,-0.279918,0.411917,1.66787
47,-0.275296,0.516474,1.6448
47,-0.264318,0.396672,1.6759
47,-0.248276,0.951752,1.55712
47,0.0869079,0.838858,1.47541
47,-0.666025,1.191,1.6896
47,-0.328917,0.939177,1.63215
47,-0.22299,0.975231,1.58733
47,-0.332115,1.13201,1.60709
47,-0.315182,1.37787,1.54813
47,-0.214904,0.985623,1.62152
47,0.365731,0.926684,1.41907
47,-0.0188813,0.779665,1.62772
47,-0.315083,1.15821,1.65708
47,-0.388039,1.1593,1.70523
47,-0.0635804,0.769182,1.6779
47,-0.160188,1.18909,1.62024
47,-0.355001,1.1839,1.69862
47,0.13142,0.941801,1.57888
47,0.41477,0.948215,1.47428
47,-0.242411,0.971784,1.74122
47,-0.338977,1.08597,1.75527
47,0.0464963,1.20233,1.58521
47,-0.26045,0.986526,1.74972
47,0.152012,0.936926,1.60591
47,-0.670316,1.16348,1.86703
47,-0.369745,1.19297,1.75685
47,-0.233226,0.982046,1.76411
47,0.123075,0.674127,1.69987
47,-0.646092,1.28327,1.86872
47,-0.59852,1.10361,1.90055
47,-0.594978,1.09696,1.90958
47,-0.236642,1.0109,1.80184
47,0.12897,0.912853,1.71089
47,-0.265765,1.23371,1.80167
47,0.0655156,0.827045,1.80717
47,0.0150362,0.820463,1.82966
47,0.118918,1.27615,1.69493
47,0.157046,0.686481,1.83489
47,-0.3243,1.25392,1.89309
47,0.121937,1.29971,1.73661
47,-0.27401,1.27777,1.89294
47,0.185708,0.940239,1.7979
47,-0.288896,1.16655,1.92719
47,-0.265033,1.25523,1.90357
47,-0.263701,1.26562,1.93082
47,-0.26965,1.3007,1.93335
47,0.197121,0.70324,1.91196
47,-0.294951,1.28946,1.97064
47,-0.566467,1.18408,2.11285
47,0.188038,1.34666,1.81861
47,0.639382,0.267729,1.97422
47,-0.0609504,1.1412,2.05704
47,-0.027236,1.10701,2.05555
47,-0.032909,1.14401,2.06208
47,-0.0368955,0.123619,2.31183
47,-0.221987,1.2527,2.14081
47,-0.419964,1.19984,2.22967
47,0.545216,0.594957,2.00709
47,-0.160242,0.674267,2.25786
47,0.214795,0.893312,2.12395
47,0.0123554,1.13588,2.15078
47,0.00585055,-0.0800209,2.48505
47,-0.090044,0.308582,2.44346
47,0.315935,1.45615,2.04796
47,0.194467,0.913389,2.24064
47,0.305685,1.47546,2.08232
47,-0.288817,1.4259,2.36235
47,-0.0871336,0.278717,2.56219
47,0.37916,0.663271,2.30358
47,0.673638,0.617004,2.24794
47,-0.355631,1.29716,2.52199
47,0.409605,1.55078,2.20492
47,0.143807,1.23231,2.42005
47,1.29664,1.37206,2.00313
47,0.530776,1.655,2.41003
47,-0.290798,1.4536,2.9015
47,0.623179,0.728332,2.79515
47,0.000862062,1.42633,3.05071
47,0.0188929,1.48164,3.21846
47,1.90296,1.55961,2.57714
47,0.0649199,1.55025,3.38979
47,1.49655,0.130796,3.20098
47,0.094408,1.57565,3.51403
47,3.01153,1.87452,3.66175
47,0.542653,0.786261,4.99859
47,-0.236894,0.503796,1.7948
46,-0.236894,0.503796,1.7948
47,-0.300222,0.633756,1.14816
46,-0.300222,0.633756,1.14816
47,-0.561844,0.478629,0.749479
46,-0.561844,0.478629,0.749479
47,0.0377015,0.268184,1.83242
40,0.0377015,0.268184,1.83242
47,0.305082,0.53748,1.76436
44,0.305082,0.53748,1.76436
47,0.300789,0.535487,1.77668
44,0.300789,0.535487,1.77668
47,0.116848,0.482083,1.83529
44,0.116848,0.482083,1.83529
47,-0.0728572,0.77297,2.00311
41,-0.0728572,0.77297,2.00311
47,-0.00434202,0.624958,1.95606
41,-0.00434202,0.624958,1.95606
47,0.119869,0.695078,1.90212
41,0.119869,0.695078,1.90212
47,-0.0690533,0.766678,1.96907
41,-0.0690533,0.766678,1.96907
47,1.14179,0.637044,1.97546
41,1.14179,0.637044,1.97546
47,-0.0269217,0.689634,1.9609
39,-0.0269217,0.689634,1.9609
47,0.097874,0.621699,1.91834
39,0.097874,0.621699,1.91834
47,0.0923362,0.600769,1.84785
39,0.0923362,0.600769,1.84785
47,0.290971,0.532721,1.77436
43,0.290971,0.532721,1.77436
47,0.130617,0.808934,1.94591
42,0.130617,0.808934,1.94591
47,0.0796085,0.511609,1.90362
42,0.0796085,0.511609,1.90362
47,0.18058,0.697521,1.90542
42,0.18058,0.697521,1.90542
47,0.250234,0.69513,1.87601
42,0.250234,0.69513,1.87601
48,-0.706008,0.571748,0.416259
48,-0.475806,0.523773,0.774516
48,-0.46574,0.72345,0.919774
48,-0.377664,0.712988,0.997909
48,-0.306371,0.722469,1.12032
48,-0.319295,0.738165,1.14766
48,-0.347104,0.413881,1.25803
48,0.281175,0.935997,1.06674
48,-0.320227,0.572358,1.4275
48,0.370031,0.973193,1.16454
48,-0.243544,0.671882,1.53433
48,-0.0343545,0.565092,1.44084
48,0.0975477,0.577035,1.39486
48,-0.174734,0.775658,1.59106
48,-0.193285,0.771931,1.60946
48,-0.0231335,0.741389,1.52644
48,-0.14965,0.130452,1.56975
48,0.133002,0.592262,1.45259
48,0.0964206,0.320554,1.50075
48,0.182768,0.575678,1.50792
48,-0.0608657,0.67639,1.67914
48,0.37882,0.97501,1.45616
48,0.386128,0.984552,1.4757
48,0.0122392,0.79002,1.69664
48,0.226292,0.583392,1.56231
48,0.150843,0.689438,1.61858
48,0.209285,0.87597,1.63743
48,0.678979,1.0368,1.39281
48,0.460299,0.955471,1.51934
48,0.189877,0.285816,1.65226
48,-0.0789341,0.794542,1.84658
48,-0.113321,0.281775,1.83958
48,-0.10565,0.282546,1.8408
48,0.0201491,0.798695,1.81443
48,0.435648,0.639456,1.6069
48,0.758702,0.989527,1.47172
48,0.0586506,0.800482,1.86791
48,-0.0323213,0.209142,2.05749
48,0.335529,0.812791,1.90305
48,0.606111,-0.0271333,1.70729
48,0.598405,0.636348,1.76742
48,0.487265,0.562036,1.88574
48,0.301999,0.832644,2.05546
48,0.665985,0.641495,1.83963
48,0.432017,0.682554,1.98242
48,0.210964,0.830732,2.1382
48,0.517934,0.533508,1.97308
48,1.1492,0.637004,1.62157
48,0.48378,0.176899,2.12272
48,0.514343,0.820659,2.17187
48,0.578197,0.697686,2.17331
48,0.64843,0.588557,2.2041
48,0.657277,0.676738,2.27645
48,0.226842,0.850141,2.56702
48,0.763417,0.521097,2.27209
48,1.15072,1.19896,2.12493
48,0.262976,0.842188,2.62305
48,0.443486,0.796372,2.63687
48,0.658616,-0.335,2.55739
48,0.291555,0.0239506,2.83785
48,1.44684,1.22278,2.35392
48,1.68451,1.20883,2.28637
48,0.618195,0.919777,2.98406
48,1.25038,0.0382748,2.64362
48,1.38224,1.01101,4.50793
48,1.82938,-0.628797,5.26142
48,2.71085,1.2555,6.8131
48,0.0289494,0.535836,1.90241
40,0.0289494,0.535836,1.90241
48,0.028269,0.537852,1.91387
40,0.028269,0.537852,1.91387
48,0.40711,0.397914,1.5198
44,0.40711,0.397914,1.5198
48,0.128376,0.490989,1.86772
44,0.128376,0.490989,1.86772
48,0.302247,0.598675,1.79506
39,0.302247,0.598675,1.79506
48,-0.0118747,0.609031,1.93456
39,-0.0118747,0.609031,1.93456
48,0.0899595,0.468875,1.89319
43,0.0899595,0.468875,1.89319
48,0.316846,0.609482,1.7898
43,0.316846,0.609482,1.7898
48,-0.0120145,0.608577,1.8945
43,-0.0120145,0.608577,1.8945
48,-0.00713648,0.623665,1.97537
43,-0.00713648,0.623665,1.97537
48,0.167013,0.534462,1.82275
43,0.167013,0.534462,1.82275
48,-0.442698,0.611609,1.01744
46,-0.442698,0.611609,1.01744
48,0.036981,0.535521,1.9141
42,0.036981,0.535521,1.9141
48,-0.0257831,0.6885,1.95409
42,-0.0257831,0.6885,1.95409
48,0.196303,0.527573,1.74583
45,0.196303,0.527573,1.74583
49,0.0304143,0.0925552,0.540201
49,-0.165795,-0.410882,1.90915
49,-0.400177,-0.759969,3.53118
49,0.441946,-0.741953,3.02239
49,-1.24491,-1.27245,5.64258
49,1.43008,-0.635063,2.84362
49,0.402732,-0.771437,3.09217
49,0.361379,-0.857667,3.2666
49,0.399037,-0.804551,3.12658
49,0.365357,-0.865515,3.26398
49,-1.51874,-1.52225,6.73729
50,0.0434611,0.0732079,0.994762
50,0.087158,-0.0074544,0.355053
50,-0.0253452,0.29572,1.69479
50,0.015648,0.0180243,0.586857
50,-0.871691,-1.06513,4.59378
50,-1.19967,-2.8097,10.6571
50,-0.134298,-0.176871,1.49437
50,0.0869318,0.866625,4.55211
50,0.390209,-1.00731,3.40966
50,0.0783329,-0.118979,0.429113
50,0.437984,-1.01038,3.42007
50,0.105296,0.174355,0.898685
50,0.077057,0.0207149,0.215911
50,0.076379,0.0181425,0.22793
50,0.150649,0.0489388,0.419553
50,1.41052,-0.835563,2.76874
50,0.36117,-0.963893,3.26471
50,0.363823,-0.963881,3.25027
51,0.290839,-0.666649,2.44438
51,0.359399,-0.84548,3.06742
51,1.54269,-0.784997,2.98982
51,0.34934,-0.819129,2.91647
51,1.60599,-9.17324,32.6609
