num_seq = 1
file name: dataset-MH02_stereo_imu
Loading images for sequence 0...LOADED!
Loading IMU for sequence 0...LOADED!

-------

ORB-SLAM3 Copyright (C) 2017-2020 Carlos Campos, Richard Elvira, Juan J. Gómez, José M.M. Montiel and Juan D. Tardós, University of Zaragoza.
ORB-SLAM2 Copyright (C) 2014-2016 Raúl Mur-Artal, José M.M. Montiel and Juan D. Tardós, University of Zaragoza.
This program comes with ABSOLUTELY NO WARRANTY;
This is free software, and you are welcome to redistribute it
under certain conditions. See LICENSE.txt.

Built with REGISTER_TIMES
Git Commit Hash: 48ed9a3

Build Type: Release

Compiled with C++ version: 201703

Input sensor was set to: Stereo-Inertial
Loading settings from ./Examples/Stereo-Inertial/EuRoC_pid.yaml
	-Loaded camera 1
	-Loaded camera 2
	-Loaded image info
	-Loaded IMU calibration
	-Loaded ORB settings
	-Loaded viewer settings
	-Loaded Atlas settings
PID SLAM enabled!
	-Loaded misc parameters
	-Computed rectification maps
----------------------------------
SLAM settings: 
	-Camera 1 parameters (Pinhole): [ 458.65399169921875 457.29598999023438 367.21499633789062 248.375 ]
	-Camera 1 distortion parameters: [  -0.28340810537338257 0.073959067463874817 0.00019359000725671649 1.7618711353861727e-05 ]
	-Camera 2 parameters (Pinhole: [ 457.58700561523438 456.13400268554688 379.99899291992188 255.23800659179688 ]
	-Camera 1 distortion parameters: [  -0.2836836576461792 0.074512839317321777 -0.00010473000293131918 -3.555907096597366e-05 ]
	-Original image size: [ 752 , 480 ]
	-Current image size: [ 752 , 480 ]
	-Camera 1 parameters after rectification: [  456.71499633789062 456.71499633789062 364.52615356445312 257.268798828125 ]
	-Sequence FPS: 20
	-Stereo baseline: 0.11007784307003021
	-Stereo depth threshold : 60
	-Gyro noise: 0.00016999999934341758
	-Accelerometer noise: 0.0020000000949949026
	-Gyro walk: 1.9392999092815444e-05
	-Accelerometer walk: 0.0030000000260770321
	-IMU frequency: 200
	-Features per image: 1200
	-ORB scale factor: 1.2000000476837158
	-ORB number of scales: 8
	-Initial FAST threshold: 20
	-Min FAST threshold: 7


Loading ORB Vocabulary. This could take a while...
Vocabulary loaded!

Initialization of Atlas from scratch 
Creation of new map with id: 0
Creation of new map with last KF id: 0
Seq. Name: 
There are 1 cameras in the atlas
Camera 0 is pinhole
SLAM Started at System Time: 1749948001.37753
not IMU meas
not IMU meas
[MF-SEL] tPrev=(  d=0.000000  dMin=0.000000  dAvg=0.000000  dMax=0.000000  Dlo=0.000000  Dhi=0.000000  err=0.000000  inc=0.000000  bucket 0->0  (mf=1000)
not enough acceleration
[MF-SEL] tPrev=(  d=0.000000  dMin=0.000000  dAvg=0.000000  dMax=0.000000  Dlo=0.000000  Dhi=0.000000  err=0.000000  inc=0.000000  bucket 0->0  (mf=1000)
not enough acceleration
[MF-SEL] tPrev=(  d=0.000000  dMin=0.000000  dAvg=0.000000  dMax=0.000000  Dlo=0.000000  Dhi=0.000000  err=0.000000  inc=0.000000  bucket 0->0  (mf=1000)
not enough acceleration
[MF-SEL] tPrev=(  d=0.000000  dMin=0.000000  dAvg=0.000000  dMax=0.000000  Dlo=0.000000  Dhi=0.000000  err=0.000000  inc=0.000000  bucket 0->0  (mf=1000)
not enough acceleration
[MF-SEL] tPrev=(  d=0.000000  dMin=0.000000  dAvg=0.000000  dMax=0.000000  Dlo=0.000000  Dhi=0.000000  err=0.000000  inc=0.000000  bucket 0->0  (mf=1000)
not enough acceleration
[MF-SEL] tPrev=(  d=0.000000  dMin=0.000000  dAvg=0.000000  dMax=0.000000  Dlo=0.000000  Dhi=0.000000  err=0.000000  inc=0.000000  bucket 0->0  (mf=1000)
not enough acceleration
[MF-SEL] tPrev=(  d=0.000000  dMin=0.000000  dAvg=0.000000  dMax=0.000000  Dlo=0.000000  Dhi=0.000000  err=0.000000  inc=0.000000  bucket 0->0  (mf=1000)
First KF:0; Map init KF:0
New Map created with 150 points
Active map: 0
[MF-SEL] tPrev=(  d=0.000000  dMin=0.000000  dAvg=0.000000  dMax=0.000000  Dlo=0.000000  Dhi=0.000000  err=1.000000  inc=0.914464  bucket 0->1  (mf=900)
[MF-SEL] tPrev=(  d=0.010475  dMin=0.000000  dAvg=0.001047  dMax=0.010475  Dlo=0.000524  Dhi=0.005761  err=1.000000  inc=0.605542  bucket 1->2  (mf=800)
[MF-SEL] tPrev=(  d=0.009619  dMin=0.000000  dAvg=0.001827  dMax=0.010475  Dlo=0.000913  Dhi=0.006151  err=1.000000  inc=0.607640  bucket 2->3  (mf=700)
[MF-SEL] tPrev=(  d=0.009290  dMin=0.000000  dAvg=0.002449  dMax=0.010475  Dlo=0.001224  Dhi=0.006462  err=1.000000  inc=0.610152  bucket 3->4  (mf=600)
[MF-SEL] tPrev=(  d=0.009698  dMin=0.000000  dAvg=0.003006  dMax=0.010475  Dlo=0.001503  Dhi=0.006741  err=1.000000  inc=0.612637  bucket 4->5  (mf=510)
[MF-SEL] tPrev=(  d=0.010948  dMin=0.000000  dAvg=0.003574  dMax=0.010948  Dlo=0.001787  Dhi=0.007261  err=1.000000  inc=0.614921  bucket 5->5  (mf=510)
[MF-SEL] tPrev=(  d=0.012499  dMin=0.000000  dAvg=0.004169  dMax=0.012499  Dlo=0.002084  Dhi=0.008334  err=1.000000  inc=0.617440  bucket 5->5  (mf=510)
[MF-SEL] tPrev=(  d=0.015005  dMin=0.000000  dAvg=0.004846  dMax=0.015005  Dlo=0.002423  Dhi=0.009925  err=1.000000  inc=0.620018  bucket 5->5  (mf=510)
[MF-SEL] tPrev=(  d=0.017657  dMin=0.000000  dAvg=0.005600  dMax=0.017657  Dlo=0.002800  Dhi=0.011628  err=1.000000  inc=0.622498  bucket 5->5  (mf=510)
[MF-SEL] tPrev=(  d=0.019777  dMin=0.000000  dAvg=0.006387  dMax=0.019777  Dlo=0.003194  Dhi=0.013082  err=1.000000  inc=0.625078  bucket 5->5  (mf=510)
[MF-SEL] tPrev=(  d=0.019793  dMin=0.000000  dAvg=0.007093  dMax=0.019793  Dlo=0.003546  Dhi=0.013443  err=1.000000  inc=0.627542  bucket 5->5  (mf=510)
[MF-SEL] tPrev=(  d=0.024586  dMin=0.000000  dAvg=0.007967  dMax=0.024586  Dlo=0.003984  Dhi=0.016277  err=1.000000  inc=0.629977  bucket 5->5  (mf=510)
[MF-SEL] tPrev=(  d=0.021493  dMin=0.000000  dAvg=0.008611  dMax=0.024586  Dlo=0.004306  Dhi=0.016599  err=1.000000  inc=0.632348  bucket 5->5  (mf=510)
[MF-SEL] tPrev=(  d=0.024811  dMin=0.000000  dAvg=0.009348  dMax=0.024811  Dlo=0.004674  Dhi=0.017079  err=1.000000  inc=0.635009  bucket 5->5  (mf=510)
[MF-SEL] tPrev=(  d=0.021444  dMin=0.000000  dAvg=0.009874  dMax=0.024811  Dlo=0.004937  Dhi=0.017342  err=1.000000  inc=0.637401  bucket 5->5  (mf=510)
[MF-SEL] tPrev=(  d=0.014498  dMin=0.000000  dAvg=0.010066  dMax=0.024811  Dlo=0.005033  Dhi=0.017439  err=0.000000  inc=-0.438742  bucket 5->5  (mf=510)
[MF-SEL] tPrev=(  d=0.034611  dMin=0.000000  dAvg=0.011048  dMax=0.034611  Dlo=0.005524  Dhi=0.022829  err=1.000000  inc=0.949166  bucket 5->5  (mf=510)
[MF-SEL] tPrev=(  d=0.017557  dMin=0.000000  dAvg=0.011299  dMax=0.034611  Dlo=0.005649  Dhi=0.022955  err=0.000000  inc=-0.292757  bucket 5->5  (mf=510)
[MF-SEL] tPrev=(  d=0.021411  dMin=0.000000  dAvg=0.011673  dMax=0.034611  Dlo=0.005837  Dhi=0.023142  err=0.000000  inc=0.039988  bucket 5->5  (mf=510)
[MF-SEL] tPrev=(  d=0.014101  dMin=0.000000  dAvg=0.011760  dMax=0.034611  Dlo=0.005880  Dhi=0.023185  err=0.000000  inc=0.039988  bucket 5->5  (mf=510)
[MF-SEL] tPrev=(  d=0.008639  dMin=0.000000  dAvg=0.011652  dMax=0.034611  Dlo=0.005826  Dhi=0.023131  err=0.000000  inc=0.039988  bucket 5->5  (mf=510)
[MF-SEL] tPrev=(  d=0.051431  dMin=0.000000  dAvg=0.012978  dMax=0.051431  Dlo=0.006489  Dhi=0.032204  err=1.000000  inc=1.020379  bucket 5->5  (mf=510)
[MF-SEL] tPrev=(  d=0.006687  dMin=0.000000  dAvg=0.012775  dMax=0.051431  Dlo=0.006388  Dhi=0.032103  err=0.000000  inc=-0.250193  bucket 5->5  (mf=510)
[MF-SEL] tPrev=(  d=0.013921  dMin=0.000000  dAvg=0.012811  dMax=0.051431  Dlo=0.006405  Dhi=0.032121  err=0.000000  inc=0.042103  bucket 5->5  (mf=510)
[MF-SEL] tPrev=(  d=0.020638  dMin=0.000000  dAvg=0.013048  dMax=0.051431  Dlo=0.006524  Dhi=0.032239  err=0.000000  inc=0.042103  bucket 5->5  (mf=510)
[MF-SEL] tPrev=(  d=0.058376  dMin=0.000000  dAvg=0.014381  dMax=0.058376  Dlo=0.007191  Dhi=0.036378  err=1.000000  inc=0.981333  bucket 5->5  (mf=510)
[MF-SEL] tPrev=(  d=0.046961  dMin=0.000000  dAvg=0.015312  dMax=0.058376  Dlo=0.007656  Dhi=0.036844  err=1.000000  inc=0.647269  bucket 5->5  (mf=510)
[MF-SEL] tPrev=(  d=0.032653  dMin=0.000000  dAvg=0.015794  dMax=0.058376  Dlo=0.007897  Dhi=0.037085  err=0.000000  inc=-0.314147  bucket 5->5  (mf=510)
[MF-SEL] tPrev=(  d=0.027704  dMin=0.000000  dAvg=0.016116  dMax=0.058376  Dlo=0.008058  Dhi=0.037246  err=0.000000  inc=0.047269  bucket 5->5  (mf=510)
[MF-SEL] tPrev=(  d=0.028421  dMin=0.000000  dAvg=0.016440  dMax=0.058376  Dlo=0.008220  Dhi=0.037408  err=0.000000  inc=0.047269  bucket 5->5  (mf=510)
[MF-SEL] tPrev=(  d=0.023327  dMin=0.000000  dAvg=0.016616  dMax=0.058376  Dlo=0.008308  Dhi=0.037496  err=0.000000  inc=0.047269  bucket 5->5  (mf=510)
[MF-SEL] tPrev=(  d=0.021740  dMin=0.000000  dAvg=0.016744  dMax=0.058376  Dlo=0.008372  Dhi=0.037560  err=0.000000  inc=0.047269  bucket 5->5  (mf=510)
[MF-SEL] tPrev=(  d=0.016348  dMin=0.000000  dAvg=0.016735  dMax=0.058376  Dlo=0.008367  Dhi=0.037555  err=0.000000  inc=0.047269  bucket 5->5  (mf=510)
[MF-SEL] tPrev=(  d=0.011291  dMin=0.000000  dAvg=0.016605  dMax=0.058376  Dlo=0.008302  Dhi=0.037490  err=0.000000  inc=0.047269  bucket 5->5  (mf=510)
[MF-SEL] tPrev=(  d=0.007296  dMin=0.000000  dAvg=0.016388  dMax=0.058376  Dlo=0.008194  Dhi=0.037382  err=-1.000000  inc=-0.862025  bucket 5->4  (mf=600)
[MF-SEL] tPrev=(  d=0.002595  dMin=0.000000  dAvg=0.016075  dMax=0.058376  Dlo=0.008037  Dhi=0.037225  err=-1.000000  inc=-0.558008  bucket 4->3  (mf=700)
[MF-SEL] tPrev=(  d=0.005997  dMin=0.000000  dAvg=0.015851  dMax=0.058376  Dlo=0.007926  Dhi=0.037113  err=-1.000000  inc=-0.560661  bucket 3->2  (mf=800)
[MF-SEL] tPrev=(  d=0.012748  dMin=0.000000  dAvg=0.015784  dMax=0.058376  Dlo=0.007892  Dhi=0.037080  err=0.000000  inc=0.356554  bucket 2->2  (mf=800)
[MF-SEL] tPrev=(  d=0.019139  dMin=0.000000  dAvg=0.015855  dMax=0.058376  Dlo=0.007928  Dhi=0.037115  err=0.000000  inc=0.039339  bucket 2->2  (mf=800)
[MF-SEL] tPrev=(  d=0.023481  dMin=0.000000  dAvg=0.016014  dMax=0.058376  Dlo=0.008007  Dhi=0.037195  err=0.000000  inc=0.039339  bucket 2->2  (mf=800)
[MF-SEL] tPrev=(  d=0.029701  dMin=0.000000  dAvg=0.016293  dMax=0.058376  Dlo=0.008147  Dhi=0.037334  err=0.000000  inc=0.039339  bucket 2->2  (mf=800)
[MF-SEL] tPrev=(  d=0.029177  dMin=0.000000  dAvg=0.016551  dMax=0.058376  Dlo=0.008275  Dhi=0.037463  err=0.000000  inc=0.039339  bucket 2->2  (mf=800)
[MF-SEL] tPrev=(  d=0.032884  dMin=0.000000  dAvg=0.016871  dMax=0.058376  Dlo=0.008436  Dhi=0.037623  err=0.000000  inc=0.039339  bucket 2->2  (mf=800)
[MF-SEL] tPrev=(  d=0.032785  dMin=0.000000  dAvg=0.017177  dMax=0.058376  Dlo=0.008589  Dhi=0.037776  err=0.000000  inc=0.039339  bucket 2->2  (mf=800)
[MF-SEL] tPrev=(  d=0.032055  dMin=0.000000  dAvg=0.017458  dMax=0.058376  Dlo=0.008729  Dhi=0.037917  err=0.000000  inc=0.039339  bucket 2->2  (mf=800)
[MF-SEL] tPrev=(  d=0.033937  dMin=0.000000  dAvg=0.017763  dMax=0.058376  Dlo=0.008882  Dhi=0.038069  err=0.000000  inc=0.039339  bucket 2->2  (mf=800)
[MF-SEL] tPrev=(  d=0.027808  dMin=0.000000  dAvg=0.017946  dMax=0.058376  Dlo=0.008973  Dhi=0.038161  err=0.000000  inc=0.039339  bucket 2->2  (mf=800)
[MF-SEL] tPrev=(  d=0.023240  dMin=0.000000  dAvg=0.018040  dMax=0.058376  Dlo=0.009020  Dhi=0.038208  err=0.000000  inc=0.039339  bucket 2->2  (mf=800)
[MF-SEL] tPrev=(  d=0.528023  dMin=0.000000  dAvg=0.026987  dMax=0.528023  Dlo=0.013494  Dhi=0.277505  err=1.000000  inc=0.936565  bucket 2->3  (mf=700)
[MF-SEL] tPrev=(  d=0.009110  dMin=0.000000  dAvg=0.026679  dMax=0.528023  Dlo=0.013340  Dhi=0.277351  err=-1.000000  inc=-1.205192  bucket 3->2  (mf=800)
[MF-SEL] tPrev=(  d=0.004353  dMin=0.000000  dAvg=0.026301  dMax=0.528023  Dlo=0.013150  Dhi=0.277162  err=-1.000000  inc=-0.562986  bucket 2->1  (mf=900)
[MF-SEL] tPrev=(  d=0.009204  dMin=0.000000  dAvg=0.026016  dMax=0.528023  Dlo=0.013008  Dhi=0.277019  err=-1.000000  inc=-0.565656  bucket 1->0  (mf=1000)
[MF-SEL] tPrev=(  d=0.016543  dMin=0.000000  dAvg=0.025860  dMax=0.528023  Dlo=0.012930  Dhi=0.276942  err=0.000000  inc=0.378505  bucket 0->0  (mf=1000)
[MF-SEL] tPrev=(  d=0.022464  dMin=0.000000  dAvg=0.025806  dMax=0.528023  Dlo=0.012903  Dhi=0.276914  err=0.000000  inc=0.034344  bucket 0->0  (mf=1000)
[MF-SEL] tPrev=(  d=0.025973  dMin=0.000000  dAvg=0.025808  dMax=0.528023  Dlo=0.012904  Dhi=0.276916  err=0.000000  inc=0.034344  bucket 0->0  (mf=1000)
[MF-SEL] tPrev=(  d=0.027862  dMin=0.000000  dAvg=0.025840  dMax=0.528023  Dlo=0.012920  Dhi=0.276932  err=0.000000  inc=0.034344  bucket 0->0  (mf=1000)
[MF-SEL] tPrev=(  d=0.028416  dMin=0.000000  dAvg=0.025880  dMax=0.528023  Dlo=0.012940  Dhi=0.276951  err=0.000000  inc=0.034344  bucket 0->0  (mf=1000)
[MF-SEL] tPrev=(  d=0.029037  dMin=0.000000  dAvg=0.025928  dMax=0.528023  Dlo=0.012964  Dhi=0.276975  err=0.000000  inc=0.034344  bucket 0->0  (mf=1000)
[MF-SEL] tPrev=(  d=0.029138  dMin=0.000000  dAvg=0.025976  dMax=0.528023  Dlo=0.012988  Dhi=0.276999  err=0.000000  inc=0.034344  bucket 0->0  (mf=1000)
[MF-SEL] tPrev=(  d=0.028679  dMin=0.000000  dAvg=0.026016  dMax=0.528023  Dlo=0.013008  Dhi=0.277019  err=0.000000  inc=0.034344  bucket 0->0  (mf=1000)
[MF-SEL] tPrev=(  d=0.026428  dMin=0.000000  dAvg=0.026021  dMax=0.528023  Dlo=0.013011  Dhi=0.277022  err=0.000000  inc=0.034344  bucket 0->0  (mf=1000)
[MF-SEL] tPrev=(  d=0.024969  dMin=0.000000  dAvg=0.026006  dMax=0.528023  Dlo=0.013003  Dhi=0.277015  err=0.000000  inc=0.034344  bucket 0->0  (mf=1000)
[MF-SEL] tPrev=(  d=0.021188  dMin=0.000000  dAvg=0.025939  dMax=0.528023  Dlo=0.012969  Dhi=0.276981  err=0.000000  inc=0.034344  bucket 0->0  (mf=1000)
[MF-SEL] tPrev=(  d=0.016491  dMin=0.000000  dAvg=0.025807  dMax=0.528023  Dlo=0.012904  Dhi=0.276915  err=0.000000  inc=0.034344  bucket 0->0  (mf=1000)
[MF-SEL] tPrev=(  d=0.010190  dMin=0.000000  dAvg=0.025593  dMax=0.528023  Dlo=0.012797  Dhi=0.276808  err=-1.000000  inc=-0.918378  bucket 0->0  (mf=1000)
[MF-SEL] tPrev=(  d=0.002998  dMin=0.000000  dAvg=0.025288  dMax=0.528023  Dlo=0.012644  Dhi=0.276655  err=-1.000000  inc=-0.570644  bucket 0->0  (mf=1000)
[MF-SEL] tPrev=(  d=0.005041  dMin=0.000000  dAvg=0.025018  dMax=0.528023  Dlo=0.012509  Dhi=0.276520  err=-1.000000  inc=-0.573295  bucket 0->0  (mf=1000)
[MF-SEL] tPrev=(  d=0.014415  dMin=0.000000  dAvg=0.024879  dMax=0.528023  Dlo=0.012439  Dhi=0.276451  err=0.000000  inc=0.387792  bucket 0->0  (mf=1000)
[MF-SEL] tPrev=(  d=0.020796  dMin=0.000000  dAvg=0.024826  dMax=0.528023  Dlo=0.012413  Dhi=0.276424  err=0.000000  inc=0.026705  bucket 0->0  (mf=1000)
[MF-SEL] tPrev=(  d=0.025799  dMin=0.000000  dAvg=0.024838  dMax=0.528023  Dlo=0.012419  Dhi=0.276430  err=0.000000  inc=0.026705  bucket 0->0  (mf=1000)
[MF-SEL] tPrev=(  d=0.028708  dMin=0.000000  dAvg=0.024887  dMax=0.528023  Dlo=0.012444  Dhi=0.276455  err=0.000000  inc=0.026705  bucket 0->0  (mf=1000)
[MF-SEL] tPrev=(  d=0.031541  dMin=0.000000  dAvg=0.024970  dMax=0.528023  Dlo=0.012485  Dhi=0.276497  err=0.000000  inc=0.026705  bucket 0->0  (mf=1000)
[MF-SEL] tPrev=(  d=0.033092  dMin=0.000000  dAvg=0.025071  dMax=0.528023  Dlo=0.012535  Dhi=0.276547  err=0.000000  inc=0.026705  bucket 0->0  (mf=1000)
[MF-SEL] tPrev=(  d=0.034036  dMin=0.000000  dAvg=0.025180  dMax=0.528023  Dlo=0.012590  Dhi=0.276601  err=0.000000  inc=0.026705  bucket 0->0  (mf=1000)
[MF-SEL] tPrev=(  d=0.035435  dMin=0.000000  dAvg=0.025303  dMax=0.528023  Dlo=0.012652  Dhi=0.276663  err=0.000000  inc=0.026705  bucket 0->0  (mf=1000)
[MF-SEL] tPrev=(  d=0.034550  dMin=0.000000  dAvg=0.025413  dMax=0.528023  Dlo=0.012707  Dhi=0.276718  err=0.000000  inc=0.026705  bucket 0->0  (mf=1000)
[MF-SEL] tPrev=(  d=0.033723  dMin=0.000000  dAvg=0.025511  dMax=0.528023  Dlo=0.012756  Dhi=0.276767  err=0.000000  inc=0.026705  bucket 0->0  (mf=1000)
[MF-SEL] tPrev=(  d=0.031215  dMin=0.000000  dAvg=0.025578  dMax=0.528023  Dlo=0.012789  Dhi=0.276800  err=0.000000  inc=0.026705  bucket 0->0  (mf=1000)
[MF-SEL] tPrev=(  d=0.026386  dMin=0.000000  dAvg=0.025587  dMax=0.528023  Dlo=0.012793  Dhi=0.276805  err=0.000000  inc=0.026705  bucket 0->0  (mf=1000)
[MF-SEL] tPrev=(  d=0.017964  dMin=0.000000  dAvg=0.025500  dMax=0.528023  Dlo=0.012750  Dhi=0.276762  err=0.000000  inc=0.026705  bucket 0->0  (mf=1000)
[MF-SEL] tPrev=(  d=0.008852  dMin=0.000000  dAvg=0.025313  dMax=0.528023  Dlo=0.012657  Dhi=0.276668  err=-1.000000  inc=-0.888980  bucket 0->0  (mf=1000)
[MF-SEL] tPrev=(  d=0.001278  dMin=0.000000  dAvg=0.025046  dMax=0.528023  Dlo=0.012523  Dhi=0.276534  err=-1.000000  inc=-0.578177  bucket 0->0  (mf=1000)
[MF-SEL] tPrev=(  d=0.009194  dMin=0.000000  dAvg=0.024872  dMax=0.528023  Dlo=0.012436  Dhi=0.276447  err=-1.000000  inc=-0.580721  bucket 0->0  (mf=1000)
[MF-SEL] tPrev=(  d=0.017309  dMin=0.000000  dAvg=0.024790  dMax=0.528023  Dlo=0.012395  Dhi=0.276406  err=0.000000  inc=0.389175  bucket 0->0  (mf=1000)
[MF-SEL] tPrev=(  d=0.023716  dMin=0.000000  dAvg=0.024778  dMax=0.528023  Dlo=0.012389  Dhi=0.276400  err=0.000000  inc=0.019279  bucket 0->0  (mf=1000)
[MF-SEL] tPrev=(  d=0.028821  dMin=0.000000  dAvg=0.024821  dMax=0.528023  Dlo=0.012411  Dhi=0.276422  err=0.000000  inc=0.019279  bucket 0->0  (mf=1000)
[MF-SEL] tPrev=(  d=0.031664  dMin=0.000000  dAvg=0.024893  dMax=0.528023  Dlo=0.012447  Dhi=0.276458  err=0.000000  inc=0.019279  bucket 0->0  (mf=1000)
[MF-SEL] tPrev=(  d=0.032631  dMin=0.000000  dAvg=0.024974  dMax=0.528023  Dlo=0.012487  Dhi=0.276498  err=0.000000  inc=0.019279  bucket 0->0  (mf=1000)
[MF-SEL] tPrev=(  d=0.033423  dMin=0.000000  dAvg=0.025061  dMax=0.528023  Dlo=0.012530  Dhi=0.276542  err=0.000000  inc=0.019279  bucket 0->0  (mf=1000)
[MF-SEL] tPrev=(  d=0.034802  dMin=0.000000  dAvg=0.025160  dMax=0.528023  Dlo=0.012580  Dhi=0.276592  err=0.000000  inc=0.019279  bucket 0->0  (mf=1000)
[MF-SEL] tPrev=(  d=0.034215  dMin=0.000000  dAvg=0.025252  dMax=0.528023  Dlo=0.012626  Dhi=0.276637  err=0.000000  inc=0.019279  bucket 0->0  (mf=1000)
[MF-SEL] tPrev=(  d=0.032582  dMin=0.000000  dAvg=0.025325  dMax=0.528023  Dlo=0.012663  Dhi=0.276674  err=0.000000  inc=0.019279  bucket 0->0  (mf=1000)
[MF-SEL] tPrev=(  d=0.032367  dMin=0.000000  dAvg=0.025395  dMax=0.528023  Dlo=0.012697  Dhi=0.276709  err=0.000000  inc=0.019279  bucket 0->0  (mf=1000)
[MF-SEL] tPrev=(  d=0.026434  dMin=0.000000  dAvg=0.025405  dMax=0.528023  Dlo=0.012702  Dhi=0.276714  err=0.000000  inc=0.019279  bucket 0->0  (mf=1000)
[MF-SEL] tPrev=(  d=0.021269  dMin=0.000000  dAvg=0.025365  dMax=0.528023  Dlo=0.012682  Dhi=0.276694  err=0.000000  inc=0.019279  bucket 0->0  (mf=1000)
[MF-SEL] tPrev=(  d=0.014839  dMin=0.000000  dAvg=0.025264  dMax=0.528023  Dlo=0.012632  Dhi=0.276643  err=0.000000  inc=0.019279  bucket 0->0  (mf=1000)
[MF-SEL] tPrev=(  d=0.006724  dMin=0.000000  dAvg=0.025087  dMax=0.528023  Dlo=0.012544  Dhi=0.276555  err=-1.000000  inc=-0.930611  bucket 0->0  (mf=1000)
[MF-SEL] tPrev=(  d=0.003162  dMin=0.000000  dAvg=0.024880  dMax=0.528023  Dlo=0.012440  Dhi=0.276452  err=-1.000000  inc=-0.585463  bucket 0->0  (mf=1000)
[MF-SEL] tPrev=(  d=0.011712  dMin=0.000000  dAvg=0.024757  dMax=0.528023  Dlo=0.012379  Dhi=0.276390  err=-1.000000  inc=-0.587814  bucket 0->0  (mf=1000)
[MF-SEL] tPrev=(  d=0.020613  dMin=0.000000  dAvg=0.024719  dMax=0.528023  Dlo=0.012359  Dhi=0.276371  err=0.000000  inc=0.293707  bucket 0->0  (mf=1000)
[MF-SEL] tPrev=(  d=0.026096  dMin=0.000000  dAvg=0.024731  dMax=0.528023  Dlo=0.012366  Dhi=0.276377  err=0.000000  inc=0.012186  bucket 0->0  (mf=1000)
[MF-SEL] tPrev=(  d=0.031858  dMin=0.000000  dAvg=0.024796  dMax=0.528023  Dlo=0.012398  Dhi=0.276410  err=0.000000  inc=0.012186  bucket 0->0  (mf=1000)
[MF-SEL] tPrev=(  d=0.034078  dMin=0.000000  dAvg=0.024880  dMax=0.528023  Dlo=0.012440  Dhi=0.276451  err=0.000000  inc=0.012186  bucket 0->0  (mf=1000)
[MF-SEL] tPrev=(  d=0.036434  dMin=0.000000  dAvg=0.024983  dMax=0.528023  Dlo=0.012491  Dhi=0.276503  err=0.000000  inc=0.012186  bucket 0->0  (mf=1000)
[MF-SEL] tPrev=(  d=0.035536  dMin=0.000000  dAvg=0.025076  dMax=0.528023  Dlo=0.012538  Dhi=0.276550  err=0.000000  inc=0.012186  bucket 0->0  (mf=1000)
[MF-SEL] tPrev=(  d=0.034209  dMin=0.000000  dAvg=0.025156  dMax=0.528023  Dlo=0.012578  Dhi=0.276590  err=0.000000  inc=0.012186  bucket 0->0  (mf=1000)
[MF-SEL] tPrev=(  d=0.031922  dMin=0.000000  dAvg=0.025215  dMax=0.528023  Dlo=0.012608  Dhi=0.276619  err=0.000000  inc=0.012186  bucket 0->0  (mf=1000)
[MF-SEL] tPrev=(  d=0.029887  dMin=0.000000  dAvg=0.025256  dMax=0.528023  Dlo=0.012628  Dhi=0.276639  err=0.000000  inc=0.012186  bucket 0->0  (mf=1000)
[MF-SEL] tPrev=(  d=0.027817  dMin=0.000000  dAvg=0.025277  dMax=0.528023  Dlo=0.012639  Dhi=0.276650  err=0.000000  inc=0.012186  bucket 0->0  (mf=1000)
[MF-SEL] tPrev=(  d=0.024085  dMin=0.000000  dAvg=0.025267  dMax=0.528023  Dlo=0.012634  Dhi=0.276645  err=0.000000  inc=0.012186  bucket 0->0  (mf=1000)
[MF-SEL] tPrev=(  d=0.018671  dMin=0.000000  dAvg=0.025212  dMax=0.528023  Dlo=0.012606  Dhi=0.276617  err=0.000000  inc=0.012186  bucket 0->0  (mf=1000)
[MF-SEL] tPrev=(  d=0.011245  dMin=0.000000  dAvg=0.025096  dMax=0.528023  Dlo=0.012548  Dhi=0.276559  err=-1.000000  inc=-0.923890  bucket 0->0  (mf=1000)
[MF-SEL] tPrev=(  d=0.002732  dMin=0.000000  dAvg=0.024911  dMax=0.528023  Dlo=0.012455  Dhi=0.276467  err=-1.000000  inc=-0.592258  bucket 0->0  (mf=1000)
start VIBA 1
[MF-SEL] tPrev=(  d=0.006787  dMin=0.000000  dAvg=0.024762  dMax=0.528023  Dlo=0.012381  Dhi=0.276393  err=-1.000000  inc=-0.594175  bucket 0->0  (mf=1000)
end VIBA 1
[MF-SEL] tPrev=(  d=0.098218  dMin=0.000000  dAvg=0.025359  dMax=0.528023  Dlo=0.012680  Dhi=0.276691  err=0.000000  inc=0.334671  bucket 0->0  (mf=1000)
[MF-SEL] tPrev=(  d=0.021345  dMin=0.000000  dAvg=0.025327  dMax=0.528023  Dlo=0.012664  Dhi=0.276675  err=0.000000  inc=0.005825  bucket 0->0  (mf=1000)
[MF-SEL] tPrev=(  d=0.026184  dMin=0.000000  dAvg=0.025334  dMax=0.528023  Dlo=0.012667  Dhi=0.276678  err=0.000000  inc=0.005825  bucket 0->0  (mf=1000)
[MF-SEL] tPrev=(  d=0.028959  dMin=0.000000  dAvg=0.025363  dMax=0.528023  Dlo=0.012681  Dhi=0.276693  err=0.000000  inc=0.005825  bucket 0->0  (mf=1000)
[MF-SEL] tPrev=(  d=0.030193  dMin=0.000000  dAvg=0.025401  dMax=0.528023  Dlo=0.012700  Dhi=0.276712  err=0.000000  inc=0.005825  bucket 0->0  (mf=1000)
[MF-SEL] tPrev=(  d=0.031403  dMin=0.000000  dAvg=0.025448  dMax=0.528023  Dlo=0.012724  Dhi=0.276735  err=0.000000  inc=0.005825  bucket 0->0  (mf=1000)
[MF-SEL] tPrev=(  d=0.030954  dMin=0.000000  dAvg=0.025490  dMax=0.528023  Dlo=0.012745  Dhi=0.276757  err=0.000000  inc=0.005825  bucket 0->0  (mf=1000)
[MF-SEL] tPrev=(  d=0.030350  dMin=0.000000  dAvg=0.025528  dMax=0.528023  Dlo=0.012764  Dhi=0.276775  err=0.000000  inc=0.005825  bucket 0->0  (mf=1000)
[MF-SEL] tPrev=(  d=0.027836  dMin=0.000000  dAvg=0.025545  dMax=0.528023  Dlo=0.012773  Dhi=0.276784  err=0.000000  inc=0.005825  bucket 0->0  (mf=1000)
[MF-SEL] tPrev=(  d=0.024906  dMin=0.000000  dAvg=0.025540  dMax=0.528023  Dlo=0.012770  Dhi=0.276782  err=0.000000  inc=0.005825  bucket 0->0  (mf=1000)
[MF-SEL] tPrev=(  d=0.021787  dMin=0.000000  dAvg=0.025512  dMax=0.528023  Dlo=0.012756  Dhi=0.276768  err=0.000000  inc=0.005825  bucket 0->0  (mf=1000)
[MF-SEL] tPrev=(  d=0.018436  dMin=0.000000  dAvg=0.025459  dMax=0.528023  Dlo=0.012730  Dhi=0.276741  err=0.000000  inc=0.005825  bucket 0->0  (mf=1000)
[MF-SEL] tPrev=(  d=0.015540  dMin=0.000000  dAvg=0.025386  dMax=0.528023  Dlo=0.012693  Dhi=0.276704  err=0.000000  inc=0.005825  bucket 0->0  (mf=1000)
[MF-SEL] tPrev=(  d=0.011240  dMin=0.000000  dAvg=0.025282  dMax=0.528023  Dlo=0.012641  Dhi=0.276652  err=-1.000000  inc=-0.933997  bucket 0->0  (mf=1000)
[MF-SEL] tPrev=(  d=0.006385  dMin=0.000000  dAvg=0.025144  dMax=0.528023  Dlo=0.012572  Dhi=0.276583  err=-1.000000  inc=-0.598943  bucket 0->0  (mf=1000)
[MF-SEL] tPrev=(  d=0.000741  dMin=0.000000  dAvg=0.024967  dMax=0.528023  Dlo=0.012484  Dhi=0.276495  err=-1.000000  inc=-0.601233  bucket 0->0  (mf=1000)
[MF-SEL] tPrev=(  d=0.007096  dMin=0.000000  dAvg=0.024839  dMax=0.528023  Dlo=0.012419  Dhi=0.276431  err=-1.000000  inc=-0.603637  bucket 0->0  (mf=1000)
[MF-SEL] tPrev=(  d=0.014745  dMin=0.000000  dAvg=0.024766  dMax=0.528023  Dlo=0.012383  Dhi=0.276395  err=0.000000  inc=0.329809  bucket 0->0  (mf=1000)
[MF-SEL] tPrev=(  d=0.021085  dMin=0.000000  dAvg=0.024740  dMax=0.528023  Dlo=0.012370  Dhi=0.276382  err=0.000000  inc=-0.003637  bucket 0->0  (mf=1000)
[MF-SEL] tPrev=(  d=0.026182  dMin=0.000000  dAvg=0.024751  dMax=0.528023  Dlo=0.012375  Dhi=0.276387  err=0.000000  inc=-0.003637  bucket 0->0  (mf=1000)
[MF-SEL] tPrev=(  d=0.029464  dMin=0.000000  dAvg=0.024783  dMax=0.528023  Dlo=0.012392  Dhi=0.276403  err=0.000000  inc=-0.003637  bucket 0->0  (mf=1000)
[MF-SEL] tPrev=(  d=0.032249  dMin=0.000000  dAvg=0.024835  dMax=0.528023  Dlo=0.012418  Dhi=0.276429  err=0.000000  inc=-0.003637  bucket 0->0  (mf=1000)
[MF-SEL] tPrev=(  d=0.033628  dMin=0.000000  dAvg=0.024896  dMax=0.528023  Dlo=0.012448  Dhi=0.276459  err=0.000000  inc=-0.003637  bucket 0->0  (mf=1000)
[MF-SEL] tPrev=(  d=0.034718  dMin=0.000000  dAvg=0.024963  dMax=0.528023  Dlo=0.012482  Dhi=0.276493  err=0.000000  inc=-0.003637  bucket 0->0  (mf=1000)
[MF-SEL] tPrev=(  d=0.034852  dMin=0.000000  dAvg=0.025030  dMax=0.528023  Dlo=0.012515  Dhi=0.276527  err=0.000000  inc=-0.003637  bucket 0->0  (mf=1000)
[MF-SEL] tPrev=(  d=0.034096  dMin=0.000000  dAvg=0.025092  dMax=0.528023  Dlo=0.012546  Dhi=0.276557  err=0.000000  inc=-0.003637  bucket 0->0  (mf=1000)
[MF-SEL] tPrev=(  d=0.032430  dMin=0.000000  dAvg=0.025141  dMax=0.528023  Dlo=0.012570  Dhi=0.276582  err=0.000000  inc=-0.003637  bucket 0->0  (mf=1000)
[MF-SEL] tPrev=(  d=0.029441  dMin=0.000000  dAvg=0.025170  dMax=0.528023  Dlo=0.012585  Dhi=0.276596  err=0.000000  inc=-0.003637  bucket 0->0  (mf=1000)
[MF-SEL] tPrev=(  d=0.024774  dMin=0.000000  dAvg=0.025167  dMax=0.528023  Dlo=0.012584  Dhi=0.276595  err=0.000000  inc=-0.003637  bucket 0->0  (mf=1000)
[MF-SEL] tPrev=(  d=0.017790  dMin=0.000000  dAvg=0.025119  dMax=0.528023  Dlo=0.012559  Dhi=0.276571  err=0.000000  inc=-0.003637  bucket 0->0  (mf=1000)
[MF-SEL] tPrev=(  d=0.010178  dMin=0.000000  dAvg=0.025021  dMax=0.528023  Dlo=0.012510  Dhi=0.276522  err=-1.000000  inc=-0.931760  bucket 0->0  (mf=1000)
[MF-SEL] tPrev=(  d=0.001756  dMin=0.000000  dAvg=0.024870  dMax=0.528023  Dlo=0.012435  Dhi=0.276446  err=-1.000000  inc=-0.608536  bucket 0->0  (mf=1000)
[MF-SEL] tPrev=(  d=0.006406  dMin=0.000000  dAvg=0.024751  dMax=0.528023  Dlo=0.012375  Dhi=0.276387  err=-1.000000  inc=-0.610981  bucket 0->0  (mf=1000)
[MF-SEL] tPrev=(  d=0.013776  dMin=0.000000  dAvg=0.024680  dMax=0.528023  Dlo=0.012340  Dhi=0.276352  err=0.000000  inc=0.335468  bucket 0->0  (mf=1000)
[MF-SEL] tPrev=(  d=0.019752  dMin=0.000000  dAvg=0.024649  dMax=0.528023  Dlo=0.012324  Dhi=0.276336  err=0.000000  inc=-0.010981  bucket 0->0  (mf=1000)
[MF-SEL] tPrev=(  d=0.025060  dMin=0.000000  dAvg=0.024652  dMax=0.528023  Dlo=0.012326  Dhi=0.276337  err=0.000000  inc=-0.010981  bucket 0->0  (mf=1000)
[MF-SEL] tPrev=(  d=0.028344  dMin=0.000000  dAvg=0.024675  dMax=0.528023  Dlo=0.012337  Dhi=0.276349  err=0.000000  inc=-0.010981  bucket 0->0  (mf=1000)
[MF-SEL] tPrev=(  d=0.029143  dMin=0.000000  dAvg=0.024703  dMax=0.528023  Dlo=0.012351  Dhi=0.276363  err=0.000000  inc=-0.010981  bucket 0->0  (mf=1000)
[MF-SEL] tPrev=(  d=0.028221  dMin=0.000000  dAvg=0.024725  dMax=0.528023  Dlo=0.012362  Dhi=0.276374  err=0.000000  inc=-0.010981  bucket 0->0  (mf=1000)
[MF-SEL] tPrev=(  d=0.025566  dMin=0.000000  dAvg=0.024730  dMax=0.528023  Dlo=0.012365  Dhi=0.276376  err=0.000000  inc=-0.010981  bucket 0->0  (mf=1000)
[MF-SEL] tPrev=(  d=0.022016  dMin=0.000000  dAvg=0.024713  dMax=0.528023  Dlo=0.012357  Dhi=0.276368  err=0.000000  inc=-0.010981  bucket 0->0  (mf=1000)
[MF-SEL] tPrev=(  d=0.019542  dMin=0.000000  dAvg=0.024682  dMax=0.528023  Dlo=0.012341  Dhi=0.276352  err=0.000000  inc=-0.010981  bucket 0->0  (mf=1000)
[MF-SEL] tPrev=(  d=0.017628  dMin=0.000000  dAvg=0.024639  dMax=0.528023  Dlo=0.012319  Dhi=0.276331  err=0.000000  inc=-0.010981  bucket 0->0  (mf=1000)
[MF-SEL] tPrev=(  d=0.016499  dMin=0.000000  dAvg=0.024590  dMax=0.528023  Dlo=0.012295  Dhi=0.276306  err=0.000000  inc=-0.010981  bucket 0->0  (mf=1000)
[MF-SEL] tPrev=(  d=0.014670  dMin=0.000000  dAvg=0.024530  dMax=0.528023  Dlo=0.012265  Dhi=0.276277  err=0.000000  inc=-0.010981  bucket 0->0  (mf=1000)
[MF-SEL] tPrev=(  d=0.012055  dMin=0.000000  dAvg=0.024456  dMax=0.528023  Dlo=0.012228  Dhi=0.276239  err=-1.000000  inc=-0.965921  bucket 0->0  (mf=1000)
[MF-SEL] tPrev=(  d=0.009481  dMin=0.000000  dAvg=0.024367  dMax=0.528023  Dlo=0.012184  Dhi=0.276195  err=-1.000000  inc=-0.615377  bucket 0->0  (mf=1000)
[MF-SEL] tPrev=(  d=0.008757  dMin=0.000000  dAvg=0.024276  dMax=0.528023  Dlo=0.012138  Dhi=0.276149  err=-1.000000  inc=-0.617736  bucket 0->0  (mf=1000)
[MF-SEL] tPrev=(  d=0.005795  dMin=0.000000  dAvg=0.024168  dMax=0.528023  Dlo=0.012084  Dhi=0.276095  err=-1.000000  inc=-0.619984  bucket 0->0  (mf=1000)
[MF-SEL] tPrev=(  d=0.005836  dMin=0.000000  dAvg=0.024061  dMax=0.528023  Dlo=0.012031  Dhi=0.276042  err=-1.000000  inc=-0.621977  bucket 0->0  (mf=1000)
[MF-SEL] tPrev=(  d=0.005792  dMin=0.000000  dAvg=0.023955  dMax=0.528023  Dlo=0.011978  Dhi=0.275989  err=-1.000000  inc=-0.624577  bucket 0->0  (mf=1000)
[MF-SEL] tPrev=(  d=0.005080  dMin=0.000000  dAvg=0.023847  dMax=0.528023  Dlo=0.011923  Dhi=0.275935  err=-1.000000  inc=-0.627035  bucket 0->0  (mf=1000)
[MF-SEL] tPrev=(  d=0.004594  dMin=0.000000  dAvg=0.023737  dMax=0.528023  Dlo=0.011868  Dhi=0.275880  err=-1.000000  inc=-0.629399  bucket 0->0  (mf=1000)
[MF-SEL] tPrev=(  d=0.004129  dMin=0.000000  dAvg=0.023626  dMax=0.528023  Dlo=0.011813  Dhi=0.275824  err=-1.000000  inc=-0.631910  bucket 0->0  (mf=1000)
[MF-SEL] tPrev=(  d=0.004814  dMin=0.000000  dAvg=0.023519  dMax=0.528023  Dlo=0.011760  Dhi=0.275771  err=-1.000000  inc=-0.634250  bucket 0->0  (mf=1000)
[MF-SEL] tPrev=(  d=0.004652  dMin=0.000000  dAvg=0.023413  dMax=0.528023  Dlo=0.011707  Dhi=0.275718  err=-1.000000  inc=-0.636652  bucket 0->0  (mf=1000)
[MF-SEL] tPrev=(  d=0.005103  dMin=0.000000  dAvg=0.023311  dMax=0.528023  Dlo=0.011655  Dhi=0.275667  err=-1.000000  inc=-0.638990  bucket 0->0  (mf=1000)
[MF-SEL] tPrev=(  d=0.005566  dMin=0.000000  dAvg=0.023212  dMax=0.528023  Dlo=0.011606  Dhi=0.275618  err=-1.000000  inc=-0.641387  bucket 0->0  (mf=1000)
[MF-SEL] tPrev=(  d=0.006683  dMin=0.000000  dAvg=0.023121  dMax=0.528023  Dlo=0.011561  Dhi=0.275572  err=-1.000000  inc=-0.643453  bucket 0->0  (mf=1000)
[MF-SEL] tPrev=(  d=0.006811  dMin=0.000000  dAvg=0.023031  dMax=0.528023  Dlo=0.011516  Dhi=0.275527  err=-1.000000  inc=-0.645926  bucket 0->0  (mf=1000)
[MF-SEL] tPrev=(  d=0.008128  dMin=0.000000  dAvg=0.022950  dMax=0.528023  Dlo=0.011475  Dhi=0.275486  err=-1.000000  inc=-0.648026  bucket 0->0  (mf=1000)
[MF-SEL] tPrev=(  d=0.006302  dMin=0.000000  dAvg=0.022860  dMax=0.528023  Dlo=0.011430  Dhi=0.275441  err=-1.000000  inc=-0.650800  bucket 0->0  (mf=1000)
[MF-SEL] tPrev=(  d=0.003758  dMin=0.000000  dAvg=0.022756  dMax=0.528023  Dlo=0.011378  Dhi=0.275390  err=-1.000000  inc=-0.653113  bucket 0->0  (mf=1000)
[MF-SEL] tPrev=(  d=0.001744  dMin=0.000000  dAvg=0.022643  dMax=0.528023  Dlo=0.011322  Dhi=0.275333  err=-1.000000  inc=-0.655594  bucket 0->0  (mf=1000)
[MF-SEL] tPrev=(  d=0.002509  dMin=0.000000  dAvg=0.022536  dMax=0.528023  Dlo=0.011268  Dhi=0.275279  err=-1.000000  inc=-0.657796  bucket 0->0  (mf=1000)
[MF-SEL] tPrev=(  d=0.002397  dMin=0.000000  dAvg=0.022428  dMax=0.528023  Dlo=0.011214  Dhi=0.275226  err=-1.000000  inc=-0.660141  bucket 0->0  (mf=1000)
[MF-SEL] tPrev=(  d=0.004456  dMin=0.000000  dAvg=0.022333  dMax=0.528023  Dlo=0.011167  Dhi=0.275178  err=-1.000000  inc=-0.662140  bucket 0->0  (mf=1000)
[MF-SEL] tPrev=(  d=0.002134  dMin=0.000000  dAvg=0.022227  dMax=0.528023  Dlo=0.011114  Dhi=0.275125  err=-1.000000  inc=-0.665120  bucket 0->0  (mf=1000)
[MF-SEL] tPrev=(  d=0.001989  dMin=0.000000  dAvg=0.022121  dMax=0.528023  Dlo=0.011061  Dhi=0.275072  err=-1.000000  inc=-0.667537  bucket 0->0  (mf=1000)
[MF-SEL] tPrev=(  d=0.002882  dMin=0.000000  dAvg=0.022021  dMax=0.528023  Dlo=0.011010  Dhi=0.275022  err=-1.000000  inc=-0.669957  bucket 0->0  (mf=1000)
[MF-SEL] tPrev=(  d=0.002757  dMin=0.000000  dAvg=0.021921  dMax=0.528023  Dlo=0.010961  Dhi=0.274972  err=-1.000000  inc=-0.672345  bucket 0->0  (mf=1000)
[MF-SEL] tPrev=(  d=0.003842  dMin=0.000000  dAvg=0.021828  dMax=0.528023  Dlo=0.010914  Dhi=0.274925  err=-1.000000  inc=-0.674775  bucket 0->0  (mf=1000)
[MF-SEL] tPrev=(  d=0.004415  dMin=0.000000  dAvg=0.021739  dMax=0.528023  Dlo=0.010869  Dhi=0.274881  err=-1.000000  inc=-0.677114  bucket 0->0  (mf=1000)
[MF-SEL] tPrev=(  d=0.004591  dMin=0.000000  dAvg=0.021651  dMax=0.528023  Dlo=0.010826  Dhi=0.274837  err=-1.000000  inc=-0.679657  bucket 0->0  (mf=1000)
[MF-SEL] tPrev=(  d=0.005100  dMin=0.000000  dAvg=0.021567  dMax=0.528023  Dlo=0.010784  Dhi=0.274795  err=-1.000000  inc=-0.682099  bucket 0->0  (mf=1000)
[MF-SEL] tPrev=(  d=0.004791  dMin=0.000000  dAvg=0.021482  dMax=0.528023  Dlo=0.010741  Dhi=0.274753  err=-1.000000  inc=-0.684521  bucket 0->0  (mf=1000)
[MF-SEL] tPrev=(  d=0.004732  dMin=0.000000  dAvg=0.021398  dMax=0.528023  Dlo=0.010699  Dhi=0.274711  err=-1.000000  inc=-0.686637  bucket 0->0  (mf=1000)
[MF-SEL] tPrev=(  d=0.005178  dMin=0.000000  dAvg=0.021317  dMax=0.528023  Dlo=0.010659  Dhi=0.274670  err=-1.000000  inc=-0.689059  bucket 0->0  (mf=1000)
[MF-SEL] tPrev=(  d=0.004655  dMin=0.000000  dAvg=0.021234  dMax=0.528023  Dlo=0.010617  Dhi=0.274629  err=-1.000000  inc=-0.691809  bucket 0->0  (mf=1000)
[MF-SEL] tPrev=(  d=0.004757  dMin=0.000000  dAvg=0.021153  dMax=0.528023  Dlo=0.010576  Dhi=0.274588  err=-1.000000  inc=-0.695453  bucket 0->0  (mf=1000)
[MF-SEL] tPrev=(  d=0.005079  dMin=0.000000  dAvg=0.021073  dMax=0.528023  Dlo=0.010537  Dhi=0.274548  err=-1.000000  inc=-0.697815  bucket 0->0  (mf=1000)
[MF-SEL] tPrev=(  d=0.004916  dMin=0.000000  dAvg=0.020994  dMax=0.528023  Dlo=0.010497  Dhi=0.274509  err=-1.000000  inc=-0.700076  bucket 0->0  (mf=1000)
[MF-SEL] tPrev=(  d=0.003847  dMin=0.000000  dAvg=0.020911  dMax=0.528023  Dlo=0.010455  Dhi=0.274467  err=-1.000000  inc=-0.702578  bucket 0->0  (mf=1000)
[MF-SEL] tPrev=(  d=0.002677  dMin=0.000000  dAvg=0.020822  dMax=0.528023  Dlo=0.010411  Dhi=0.274422  err=-1.000000  inc=-0.705118  bucket 0->0  (mf=1000)
[MF-SEL] tPrev=(  d=0.002812  dMin=0.000000  dAvg=0.020735  dMax=0.528023  Dlo=0.010368  Dhi=0.274379  err=-1.000000  inc=-0.707550  bucket 0->0  (mf=1000)
[MF-SEL] tPrev=(  d=0.002642  dMin=0.000000  dAvg=0.020648  dMax=0.528023  Dlo=0.010324  Dhi=0.274335  err=-1.000000  inc=-0.710036  bucket 0->0  (mf=1000)
[MF-SEL] tPrev=(  d=0.002684  dMin=0.000000  dAvg=0.020562  dMax=0.528023  Dlo=0.010281  Dhi=0.274292  err=-1.000000  inc=-0.712163  bucket 0->0  (mf=1000)
[MF-SEL] tPrev=(  d=0.002128  dMin=0.000000  dAvg=0.020474  dMax=0.528023  Dlo=0.010237  Dhi=0.274249  err=-1.000000  inc=-0.714628  bucket 0->0  (mf=1000)
[MF-SEL] tPrev=(  d=0.002006  dMin=0.000000  dAvg=0.020387  dMax=0.528023  Dlo=0.010193  Dhi=0.274205  err=-1.000000  inc=-0.717195  bucket 0->0  (mf=1000)
[MF-SEL] tPrev=(  d=0.001406  dMin=0.000000  dAvg=0.020297  dMax=0.528023  Dlo=0.010149  Dhi=0.274160  err=-1.000000  inc=-0.719442  bucket 0->0  (mf=1000)
[MF-SEL] tPrev=(  d=0.001132  dMin=0.000000  dAvg=0.020207  dMax=0.528023  Dlo=0.010104  Dhi=0.274115  err=-1.000000  inc=-0.721868  bucket 0->0  (mf=1000)
[MF-SEL] tPrev=(  d=0.001030  dMin=0.000000  dAvg=0.020118  dMax=0.528023  Dlo=0.010059  Dhi=0.274070  err=-1.000000  inc=-0.724478  bucket 0->0  (mf=1000)
[MF-SEL] tPrev=(  d=0.001089  dMin=0.000000  dAvg=0.020029  dMax=0.528023  Dlo=0.010015  Dhi=0.274026  err=-1.000000  inc=-0.726761  bucket 0->0  (mf=1000)
[MF-SEL] tPrev=(  d=0.000987  dMin=0.000000  dAvg=0.019941  dMax=0.528023  Dlo=0.009971  Dhi=0.273982  err=-1.000000  inc=-0.729303  bucket 0->0  (mf=1000)
[MF-SEL] tPrev=(  d=0.000897  dMin=0.000000  dAvg=0.019853  dMax=0.528023  Dlo=0.009927  Dhi=0.273938  err=-1.000000  inc=-0.731677  bucket 0->0  (mf=1000)
[MF-SEL] tPrev=(  d=0.001795  dMin=0.000000  dAvg=0.019770  dMax=0.528023  Dlo=0.009885  Dhi=0.273897  err=-1.000000  inc=-0.733771  bucket 0->0  (mf=1000)
[MF-SEL] tPrev=(  d=0.003411  dMin=0.000000  dAvg=0.019696  dMax=0.528023  Dlo=0.009848  Dhi=0.273859  err=-1.000000  inc=-0.736149  bucket 0->0  (mf=1000)
[MF-SEL] tPrev=(  d=0.005439  dMin=0.000000  dAvg=0.019631  dMax=0.528023  Dlo=0.009815  Dhi=0.273827  err=-1.000000  inc=-0.738564  bucket 0->0  (mf=1000)
[MF-SEL] tPrev=(  d=0.007996  dMin=0.000000  dAvg=0.019578  dMax=0.528023  Dlo=0.009789  Dhi=0.273801  err=-1.000000  inc=-0.741024  bucket 0->0  (mf=1000)
[MF-SEL] tPrev=(  d=0.010663  dMin=0.000000  dAvg=0.019538  dMax=0.528023  Dlo=0.009769  Dhi=0.273780  err=0.000000  inc=0.205748  bucket 0->0  (mf=1000)
[MF-SEL] tPrev=(  d=0.013016  dMin=0.000000  dAvg=0.019509  dMax=0.528023  Dlo=0.009754  Dhi=0.273766  err=0.000000  inc=-0.141024  bucket 0->0  (mf=1000)
[MF-SEL] tPrev=(  d=0.015225  dMin=0.000000  dAvg=0.019490  dMax=0.528023  Dlo=0.009745  Dhi=0.273756  err=0.000000  inc=-0.141024  bucket 0->0  (mf=1000)
[MF-SEL] tPrev=(  d=0.017594  dMin=0.000000  dAvg=0.019481  dMax=0.528023  Dlo=0.009741  Dhi=0.273752  err=0.000000  inc=-0.141024  bucket 0->0  (mf=1000)
[MF-SEL] tPrev=(  d=0.019710  dMin=0.000000  dAvg=0.019482  dMax=0.528023  Dlo=0.009741  Dhi=0.273753  err=0.000000  inc=-0.141024  bucket 0->0  (mf=1000)
[MF-SEL] tPrev=(  d=0.021585  dMin=0.000000  dAvg=0.019492  dMax=0.528023  Dlo=0.009746  Dhi=0.273757  err=0.000000  inc=-0.141024  bucket 0->0  (mf=1000)
[MF-SEL] tPrev=(  d=0.022889  dMin=0.000000  dAvg=0.019507  dMax=0.528023  Dlo=0.009753  Dhi=0.273765  err=0.000000  inc=-0.141024  bucket 0->0  (mf=1000)
[MF-SEL] tPrev=(  d=0.023856  dMin=0.000000  dAvg=0.019526  dMax=0.528023  Dlo=0.009763  Dhi=0.273774  err=0.000000  inc=-0.141024  bucket 0->0  (mf=1000)
[MF-SEL] tPrev=(  d=0.024143  dMin=0.000000  dAvg=0.019546  dMax=0.528023  Dlo=0.009773  Dhi=0.273784  err=0.000000  inc=-0.141024  bucket 0->0  (mf=1000)
[MF-SEL] tPrev=(  d=0.025822  dMin=0.000000  dAvg=0.019573  dMax=0.528023  Dlo=0.009786  Dhi=0.273798  err=0.000000  inc=-0.141024  bucket 0->0  (mf=1000)
[MF-SEL] tPrev=(  d=0.026382  dMin=0.000000  dAvg=0.019602  dMax=0.528023  Dlo=0.009801  Dhi=0.273812  err=0.000000  inc=-0.141024  bucket 0->0  (mf=1000)
[MF-SEL] tPrev=(  d=0.026583  dMin=0.000000  dAvg=0.019632  dMax=0.528023  Dlo=0.009816  Dhi=0.273827  err=0.000000  inc=-0.141024  bucket 0->0  (mf=1000)
[MF-SEL] tPrev=(  d=0.025997  dMin=0.000000  dAvg=0.019659  dMax=0.528023  Dlo=0.009830  Dhi=0.273841  err=0.000000  inc=-0.141024  bucket 0->0  (mf=1000)
[MF-SEL] tPrev=(  d=0.025836  dMin=0.000000  dAvg=0.019686  dMax=0.528023  Dlo=0.009843  Dhi=0.273854  err=0.000000  inc=-0.141024  bucket 0->0  (mf=1000)
[MF-SEL] tPrev=(  d=0.026376  dMin=0.000000  dAvg=0.019714  dMax=0.528023  Dlo=0.009857  Dhi=0.273868  err=0.000000  inc=-0.141024  bucket 0->0  (mf=1000)
[MF-SEL] tPrev=(  d=0.024475  dMin=0.000000  dAvg=0.019734  dMax=0.528023  Dlo=0.009867  Dhi=0.273878  err=0.000000  inc=-0.141024  bucket 0->0  (mf=1000)
[MF-SEL] tPrev=(  d=0.021284  dMin=0.000000  dAvg=0.019741  dMax=0.528023  Dlo=0.009870  Dhi=0.273882  err=0.000000  inc=-0.141024  bucket 0->0  (mf=1000)
[MF-SEL] tPrev=(  d=0.017748  dMin=0.000000  dAvg=0.019732  dMax=0.528023  Dlo=0.009866  Dhi=0.273878  err=0.000000  inc=-0.141024  bucket 0->0  (mf=1000)
[MF-SEL] tPrev=(  d=0.018416  dMin=0.000000  dAvg=0.019727  dMax=0.528023  Dlo=0.009863  Dhi=0.273875  err=0.000000  inc=-0.141024  bucket 0->0  (mf=1000)
[MF-SEL] tPrev=(  d=0.016696  dMin=0.000000  dAvg=0.019714  dMax=0.528023  Dlo=0.009857  Dhi=0.273868  err=0.000000  inc=-0.141024  bucket 0->0  (mf=1000)
[MF-SEL] tPrev=(  d=0.015371  dMin=0.000000  dAvg=0.019696  dMax=0.528023  Dlo=0.009848  Dhi=0.273860  err=0.000000  inc=-0.141024  bucket 0->0  (mf=1000)
[MF-SEL] tPrev=(  d=0.011988  dMin=0.000000  dAvg=0.019664  dMax=0.528023  Dlo=0.009832  Dhi=0.273844  err=0.000000  inc=-0.141024  bucket 0->0  (mf=1000)
[MF-SEL] tPrev=(  d=0.009075  dMin=0.000000  dAvg=0.019621  dMax=0.528023  Dlo=0.009811  Dhi=0.273822  err=-1.000000  inc=-1.064877  bucket 0->0  (mf=1000)
[MF-SEL] tPrev=(  d=0.009094  dMin=0.000000  dAvg=0.019578  dMax=0.528023  Dlo=0.009789  Dhi=0.273800  err=-1.000000  inc=-0.745754  bucket 0->0  (mf=1000)
[MF-SEL] tPrev=(  d=0.005757  dMin=0.000000  dAvg=0.019522  dMax=0.528023  Dlo=0.009761  Dhi=0.273772  err=-1.000000  inc=-0.748321  bucket 0->0  (mf=1000)
[MF-SEL] tPrev=(  d=0.004070  dMin=0.000000  dAvg=0.019459  dMax=0.528023  Dlo=0.009730  Dhi=0.273741  err=-1.000000  inc=-0.750623  bucket 0->0  (mf=1000)
[MF-SEL] tPrev=(  d=0.002398  dMin=0.000000  dAvg=0.019391  dMax=0.528023  Dlo=0.009695  Dhi=0.273707  err=-1.000000  inc=-0.752959  bucket 0->0  (mf=1000)
[MF-SEL] tPrev=(  d=0.002292  dMin=0.000000  dAvg=0.019322  dMax=0.528023  Dlo=0.009661  Dhi=0.273672  err=-1.000000  inc=-0.755496  bucket 0->0  (mf=1000)
[MF-SEL] tPrev=(  d=0.002505  dMin=0.000000  dAvg=0.019255  dMax=0.528023  Dlo=0.009627  Dhi=0.273639  err=-1.000000  inc=-0.757992  bucket 0->0  (mf=1000)
[MF-SEL] tPrev=(  d=0.001971  dMin=0.000000  dAvg=0.019186  dMax=0.528023  Dlo=0.009593  Dhi=0.273604  err=-1.000000  inc=-0.760115  bucket 0->0  (mf=1000)
[MF-SEL] tPrev=(  d=0.003125  dMin=0.000000  dAvg=0.019122  dMax=0.528023  Dlo=0.009561  Dhi=0.273572  err=-1.000000  inc=-0.762862  bucket 0->0  (mf=1000)
[MF-SEL] tPrev=(  d=0.005097  dMin=0.000000  dAvg=0.019067  dMax=0.528023  Dlo=0.009533  Dhi=0.273545  err=-1.000000  inc=-0.765074  bucket 0->0  (mf=1000)
[MF-SEL] tPrev=(  d=0.007309  dMin=0.000000  dAvg=0.019020  dMax=0.528023  Dlo=0.009510  Dhi=0.273522  err=-1.000000  inc=-0.767444  bucket 0->0  (mf=1000)
[MF-SEL] tPrev=(  d=0.010202  dMin=0.000000  dAvg=0.018986  dMax=0.528023  Dlo=0.009493  Dhi=0.273504  err=0.000000  inc=0.160057  bucket 0->0  (mf=1000)
[MF-SEL] tPrev=(  d=0.011874  dMin=0.000000  dAvg=0.018958  dMax=0.528023  Dlo=0.009479  Dhi=0.273490  err=0.000000  inc=-0.167444  bucket 0->0  (mf=1000)
[MF-SEL] tPrev=(  d=0.014607  dMin=0.000000  dAvg=0.018941  dMax=0.528023  Dlo=0.009471  Dhi=0.273482  err=0.000000  inc=-0.167444  bucket 0->0  (mf=1000)
[MF-SEL] tPrev=(  d=0.017203  dMin=0.000000  dAvg=0.018934  dMax=0.528023  Dlo=0.009467  Dhi=0.273479  err=0.000000  inc=-0.167444  bucket 0->0  (mf=1000)
[MF-SEL] tPrev=(  d=0.019570  dMin=0.000000  dAvg=0.018937  dMax=0.528023  Dlo=0.009468  Dhi=0.273480  err=0.000000  inc=-0.167444  bucket 0->0  (mf=1000)
[MF-SEL] tPrev=(  d=0.021643  dMin=0.000000  dAvg=0.018947  dMax=0.528023  Dlo=0.009474  Dhi=0.273485  err=0.000000  inc=-0.167444  bucket 0->0  (mf=1000)
[MF-SEL] tPrev=(  d=0.024084  dMin=0.000000  dAvg=0.018967  dMax=0.528023  Dlo=0.009483  Dhi=0.273495  err=0.000000  inc=-0.167444  bucket 0->0  (mf=1000)
[MF-SEL] tPrev=(  d=0.026072  dMin=0.000000  dAvg=0.018994  dMax=0.528023  Dlo=0.009497  Dhi=0.273508  err=0.000000  inc=-0.167444  bucket 0->0  (mf=1000)
[MF-SEL] tPrev=(  d=0.027180  dMin=0.000000  dAvg=0.019025  dMax=0.528023  Dlo=0.009513  Dhi=0.273524  err=0.000000  inc=-0.167444  bucket 0->0  (mf=1000)
[MF-SEL] tPrev=(  d=0.027614  dMin=0.000000  dAvg=0.019058  dMax=0.528023  Dlo=0.009529  Dhi=0.273540  err=0.000000  inc=-0.167444  bucket 0->0  (mf=1000)
[MF-SEL] tPrev=(  d=0.027460  dMin=0.000000  dAvg=0.019089  dMax=0.528023  Dlo=0.009545  Dhi=0.273556  err=0.000000  inc=-0.167444  bucket 0->0  (mf=1000)
[MF-SEL] tPrev=(  d=0.028707  dMin=0.000000  dAvg=0.019125  dMax=0.528023  Dlo=0.009563  Dhi=0.273574  err=0.000000  inc=-0.167444  bucket 0->0  (mf=1000)
[MF-SEL] tPrev=(  d=0.029439  dMin=0.000000  dAvg=0.019164  dMax=0.528023  Dlo=0.009582  Dhi=0.273593  err=0.000000  inc=-0.167444  bucket 0->0  (mf=1000)
[MF-SEL] tPrev=(  d=0.030361  dMin=0.000000  dAvg=0.019206  dMax=0.528023  Dlo=0.009603  Dhi=0.273614  err=0.000000  inc=-0.167444  bucket 0->0  (mf=1000)
[MF-SEL] tPrev=(  d=0.028553  dMin=0.000000  dAvg=0.019241  dMax=0.528023  Dlo=0.009620  Dhi=0.273632  err=0.000000  inc=-0.167444  bucket 0->0  (mf=1000)
[MF-SEL] tPrev=(  d=0.029070  dMin=0.000000  dAvg=0.019277  dMax=0.528023  Dlo=0.009639  Dhi=0.273650  err=0.000000  inc=-0.167444  bucket 0->0  (mf=1000)
[MF-SEL] tPrev=(  d=0.027487  dMin=0.000000  dAvg=0.019307  dMax=0.528023  Dlo=0.009654  Dhi=0.273665  err=0.000000  inc=-0.167444  bucket 0->0  (mf=1000)
[MF-SEL] tPrev=(  d=0.026612  dMin=0.000000  dAvg=0.019334  dMax=0.528023  Dlo=0.009667  Dhi=0.273679  err=0.000000  inc=-0.167444  bucket 0->0  (mf=1000)
[MF-SEL] tPrev=(  d=0.024948  dMin=0.000000  dAvg=0.019355  dMax=0.528023  Dlo=0.009677  Dhi=0.273689  err=0.000000  inc=-0.167444  bucket 0->0  (mf=1000)
[MF-SEL] tPrev=(  d=0.023591  dMin=0.000000  dAvg=0.019370  dMax=0.528023  Dlo=0.009685  Dhi=0.273697  err=0.000000  inc=-0.167444  bucket 0->0  (mf=1000)
[MF-SEL] tPrev=(  d=0.021167  dMin=0.000000  dAvg=0.019377  dMax=0.528023  Dlo=0.009688  Dhi=0.273700  err=0.000000  inc=-0.167444  bucket 0->0  (mf=1000)
[MF-SEL] tPrev=(  d=0.018323  dMin=0.000000  dAvg=0.019373  dMax=0.528023  Dlo=0.009686  Dhi=0.273698  err=0.000000  inc=-0.167444  bucket 0->0  (mf=1000)
[MF-SEL] tPrev=(  d=0.014902  dMin=0.000000  dAvg=0.019357  dMax=0.528023  Dlo=0.009678  Dhi=0.273690  err=0.000000  inc=-0.167444  bucket 0->0  (mf=1000)
[MF-SEL] tPrev=(  d=0.010381  dMin=0.000000  dAvg=0.019324  dMax=0.528023  Dlo=0.009662  Dhi=0.273674  err=0.000000  inc=-0.167444  bucket 0->0  (mf=1000)
[MF-SEL] tPrev=(  d=0.006649  dMin=0.000000  dAvg=0.019279  dMax=0.528023  Dlo=0.009640  Dhi=0.273651  err=-1.000000  inc=-1.146873  bucket 0->0  (mf=1000)
[MF-SEL] tPrev=(  d=0.002749  dMin=0.000000  dAvg=0.019220  dMax=0.528023  Dlo=0.009610  Dhi=0.273621  err=-1.000000  inc=-0.772275  bucket 0->0  (mf=1000)
[MF-SEL] tPrev=(  d=0.001152  dMin=0.000000  dAvg=0.019156  dMax=0.528023  Dlo=0.009578  Dhi=0.273589  err=-1.000000  inc=-0.774409  bucket 0->0  (mf=1000)
[MF-SEL] tPrev=(  d=0.002996  dMin=0.000000  dAvg=0.019098  dMax=0.528023  Dlo=0.009549  Dhi=0.273561  err=-1.000000  inc=-0.777051  bucket 0->0  (mf=1000)
[MF-SEL] tPrev=(  d=0.005294  dMin=0.000000  dAvg=0.019050  dMax=0.528023  Dlo=0.009525  Dhi=0.273536  err=-1.000000  inc=-0.779840  bucket 0->0  (mf=1000)
[MF-SEL] tPrev=(  d=0.008350  dMin=0.000000  dAvg=0.019012  dMax=0.528023  Dlo=0.009506  Dhi=0.273517  err=-1.000000  inc=-0.782371  bucket 0->0  (mf=1000)
[MF-SEL] tPrev=(  d=0.011298  dMin=0.000000  dAvg=0.018985  dMax=0.528023  Dlo=0.009492  Dhi=0.273504  err=0.000000  inc=0.158434  bucket 0->0  (mf=1000)
[MF-SEL] tPrev=(  d=0.015790  dMin=0.000000  dAvg=0.018974  dMax=0.528023  Dlo=0.009487  Dhi=0.273498  err=0.000000  inc=-0.182371  bucket 0->0  (mf=1000)
[MF-SEL] tPrev=(  d=0.018871  dMin=0.000000  dAvg=0.018973  dMax=0.528023  Dlo=0.009487  Dhi=0.273498  err=0.000000  inc=-0.182371  bucket 0->0  (mf=1000)
[MF-SEL] tPrev=(  d=0.021841  dMin=0.000000  dAvg=0.018983  dMax=0.528023  Dlo=0.009492  Dhi=0.273503  err=0.000000  inc=-0.182371  bucket 0->0  (mf=1000)
[MF-SEL] tPrev=(  d=0.023444  dMin=0.000000  dAvg=0.018999  dMax=0.528023  Dlo=0.009499  Dhi=0.273511  err=0.000000  inc=-0.182371  bucket 0->0  (mf=1000)
[MF-SEL] tPrev=(  d=0.026062  dMin=0.000000  dAvg=0.019023  dMax=0.528023  Dlo=0.009512  Dhi=0.273523  err=0.000000  inc=-0.182371  bucket 0->0  (mf=1000)
[MF-SEL] tPrev=(  d=0.027662  dMin=0.000000  dAvg=0.019053  dMax=0.528023  Dlo=0.009526  Dhi=0.273538  err=0.000000  inc=-0.182371  bucket 0->0  (mf=1000)
[MF-SEL] tPrev=(  d=0.029260  dMin=0.000000  dAvg=0.019088  dMax=0.528023  Dlo=0.009544  Dhi=0.273555  err=0.000000  inc=-0.182371  bucket 0->0  (mf=1000)
[MF-SEL] tPrev=(  d=0.030097  dMin=0.000000  dAvg=0.019125  dMax=0.528023  Dlo=0.009563  Dhi=0.273574  err=0.000000  inc=-0.182371  bucket 0->0  (mf=1000)
[MF-SEL] tPrev=(  d=0.030908  dMin=0.000000  dAvg=0.019165  dMax=0.528023  Dlo=0.009583  Dhi=0.273594  err=0.000000  inc=-0.182371  bucket 0->0  (mf=1000)
[MF-SEL] tPrev=(  d=0.030859  dMin=0.000000  dAvg=0.019205  dMax=0.528023  Dlo=0.009603  Dhi=0.273614  err=0.000000  inc=-0.182371  bucket 0->0  (mf=1000)
[MF-SEL] tPrev=(  d=0.030389  dMin=0.000000  dAvg=0.019243  dMax=0.528023  Dlo=0.009621  Dhi=0.273633  err=0.000000  inc=-0.182371  bucket 0->0  (mf=1000)
[MF-SEL] tPrev=(  d=0.029715  dMin=0.000000  dAvg=0.019278  dMax=0.528023  Dlo=0.009639  Dhi=0.273650  err=0.000000  inc=-0.182371  bucket 0->0  (mf=1000)
[MF-SEL] tPrev=(  d=0.029379  dMin=0.000000  dAvg=0.019312  dMax=0.528023  Dlo=0.009656  Dhi=0.273667  err=0.000000  inc=-0.182371  bucket 0->0  (mf=1000)
[MF-SEL] tPrev=(  d=0.027837  dMin=0.000000  dAvg=0.019341  dMax=0.528023  Dlo=0.009670  Dhi=0.273682  err=0.000000  inc=-0.182371  bucket 0->0  (mf=1000)
[MF-SEL] tPrev=(  d=0.025797  dMin=0.000000  dAvg=0.019362  dMax=0.528023  Dlo=0.009681  Dhi=0.273692  err=0.000000  inc=-0.182371  bucket 0->0  (mf=1000)
[MF-SEL] tPrev=(  d=0.023896  dMin=0.000000  dAvg=0.019377  dMax=0.528023  Dlo=0.009689  Dhi=0.273700  err=0.000000  inc=-0.182371  bucket 0->0  (mf=1000)
[MF-SEL] tPrev=(  d=0.020822  dMin=0.000000  dAvg=0.019382  dMax=0.528023  Dlo=0.009691  Dhi=0.273702  err=0.000000  inc=-0.182371  bucket 0->0  (mf=1000)
[MF-SEL] tPrev=(  d=0.018031  dMin=0.000000  dAvg=0.019377  dMax=0.528023  Dlo=0.009689  Dhi=0.273700  err=0.000000  inc=-0.182371  bucket 0->0  (mf=1000)
[MF-SEL] tPrev=(  d=0.014635  dMin=0.000000  dAvg=0.019362  dMax=0.528023  Dlo=0.009681  Dhi=0.273692  err=0.000000  inc=-0.182371  bucket 0->0  (mf=1000)
[MF-SEL] tPrev=(  d=0.011350  dMin=0.000000  dAvg=0.019336  dMax=0.528023  Dlo=0.009668  Dhi=0.273679  err=0.000000  inc=-0.182371  bucket 0->0  (mf=1000)
[MF-SEL] tPrev=(  d=0.007675  dMin=0.000000  dAvg=0.019297  dMax=0.528023  Dlo=0.009649  Dhi=0.273660  err=-1.000000  inc=-1.094567  bucket 0->0  (mf=1000)
[MF-SEL] tPrev=(  d=0.005118  dMin=0.000000  dAvg=0.019251  dMax=0.528023  Dlo=0.009626  Dhi=0.273637  err=-1.000000  inc=-0.787304  bucket 0->0  (mf=1000)
[MF-SEL] tPrev=(  d=0.002646  dMin=0.000000  dAvg=0.019197  dMax=0.528023  Dlo=0.009599  Dhi=0.273610  err=-1.000000  inc=-0.789643  bucket 0->0  (mf=1000)
[MF-SEL] tPrev=(  d=0.001271  dMin=0.000000  dAvg=0.019139  dMax=0.528023  Dlo=0.009570  Dhi=0.273581  err=-1.000000  inc=-0.792063  bucket 0->0  (mf=1000)
[MF-SEL] tPrev=(  d=0.002212  dMin=0.000000  dAvg=0.019085  dMax=0.528023  Dlo=0.009542  Dhi=0.273554  err=-1.000000  inc=-0.794476  bucket 0->0  (mf=1000)
[MF-SEL] tPrev=(  d=0.003848  dMin=0.000000  dAvg=0.019036  dMax=0.528023  Dlo=0.009518  Dhi=0.273529  err=-1.000000  inc=-0.796886  bucket 0->0  (mf=1000)
[MF-SEL] tPrev=(  d=0.005912  dMin=0.000000  dAvg=0.018994  dMax=0.528023  Dlo=0.009497  Dhi=0.273508  err=-1.000000  inc=-0.799356  bucket 0->0  (mf=1000)
[MF-SEL] tPrev=(  d=0.008629  dMin=0.000000  dAvg=0.018961  dMax=0.528023  Dlo=0.009480  Dhi=0.273492  err=-1.000000  inc=-0.801718  bucket 0->0  (mf=1000)
[MF-SEL] tPrev=(  d=0.011916  dMin=0.000000  dAvg=0.018938  dMax=0.528023  Dlo=0.009469  Dhi=0.273480  err=0.000000  inc=0.147949  bucket 0->0  (mf=1000)
[MF-SEL] tPrev=(  d=0.015593  dMin=0.000000  dAvg=0.018927  dMax=0.528023  Dlo=0.009464  Dhi=0.273475  err=0.000000  inc=-0.201718  bucket 0->0  (mf=1000)
[MF-SEL] tPrev=(  d=0.018968  dMin=0.000000  dAvg=0.018928  dMax=0.528023  Dlo=0.009464  Dhi=0.273475  err=0.000000  inc=-0.201718  bucket 0->0  (mf=1000)
[MF-SEL] tPrev=(  d=0.021974  dMin=0.000000  dAvg=0.018937  dMax=0.528023  Dlo=0.009469  Dhi=0.273480  err=0.000000  inc=-0.201718  bucket 0->0  (mf=1000)
[MF-SEL] tPrev=(  d=0.024078  dMin=0.000000  dAvg=0.018953  dMax=0.528023  Dlo=0.009477  Dhi=0.273488  err=0.000000  inc=-0.201718  bucket 0->0  (mf=1000)
[MF-SEL] tPrev=(  d=0.025535  dMin=0.000000  dAvg=0.018974  dMax=0.528023  Dlo=0.009487  Dhi=0.273498  err=0.000000  inc=-0.201718  bucket 0->0  (mf=1000)
[MF-SEL] tPrev=(  d=0.027904  dMin=0.000000  dAvg=0.019002  dMax=0.528023  Dlo=0.009501  Dhi=0.273512  err=0.000000  inc=-0.201718  bucket 0->0  (mf=1000)
[MF-SEL] tPrev=(  d=0.030386  dMin=0.000000  dAvg=0.019037  dMax=0.528023  Dlo=0.009519  Dhi=0.273530  err=0.000000  inc=-0.201718  bucket 0->0  (mf=1000)
[MF-SEL] tPrev=(  d=0.030678  dMin=0.000000  dAvg=0.019074  dMax=0.528023  Dlo=0.009537  Dhi=0.273548  err=0.000000  inc=-0.201718  bucket 0->0  (mf=1000)
[MF-SEL] tPrev=(  d=0.030589  dMin=0.000000  dAvg=0.019109  dMax=0.528023  Dlo=0.009555  Dhi=0.273566  err=0.000000  inc=-0.201718  bucket 0->0  (mf=1000)
[MF-SEL] tPrev=(  d=0.030167  dMin=0.000000  dAvg=0.019143  dMax=0.528023  Dlo=0.009572  Dhi=0.273583  err=0.000000  inc=-0.201718  bucket 0->0  (mf=1000)
[MF-SEL] tPrev=(  d=0.029421  dMin=0.000000  dAvg=0.019175  dMax=0.528023  Dlo=0.009587  Dhi=0.273599  err=0.000000  inc=-0.201718  bucket 0->0  (mf=1000)
[MF-SEL] tPrev=(  d=0.026796  dMin=0.000000  dAvg=0.019198  dMax=0.528023  Dlo=0.009599  Dhi=0.273611  err=0.000000  inc=-0.201718  bucket 0->0  (mf=1000)
[MF-SEL] tPrev=(  d=0.024880  dMin=0.000000  dAvg=0.019216  dMax=0.528023  Dlo=0.009608  Dhi=0.273619  err=0.000000  inc=-0.201718  bucket 0->0  (mf=1000)
[MF-SEL] tPrev=(  d=0.021850  dMin=0.000000  dAvg=0.019224  dMax=0.528023  Dlo=0.009612  Dhi=0.273623  err=0.000000  inc=-0.201718  bucket 0->0  (mf=1000)
[MF-SEL] tPrev=(  d=0.018789  dMin=0.000000  dAvg=0.019222  dMax=0.528023  Dlo=0.009611  Dhi=0.273623  err=0.000000  inc=-0.201718  bucket 0->0  (mf=1000)
[MF-SEL] tPrev=(  d=0.015807  dMin=0.000000  dAvg=0.019212  dMax=0.528023  Dlo=0.009606  Dhi=0.273617  err=0.000000  inc=-0.201718  bucket 0->0  (mf=1000)
[MF-SEL] tPrev=(  d=0.014382  dMin=0.000000  dAvg=0.019197  dMax=0.528023  Dlo=0.009599  Dhi=0.273610  err=0.000000  inc=-0.201718  bucket 0->0  (mf=1000)
[MF-SEL] tPrev=(  d=0.012998  dMin=0.000000  dAvg=0.019179  dMax=0.528023  Dlo=0.009589  Dhi=0.273601  err=0.000000  inc=-0.201718  bucket 0->0  (mf=1000)
[MF-SEL] tPrev=(  d=0.011437  dMin=0.000000  dAvg=0.019156  dMax=0.528023  Dlo=0.009578  Dhi=0.273589  err=0.000000  inc=-0.201718  bucket 0->0  (mf=1000)
[MF-SEL] tPrev=(  d=0.011121  dMin=0.000000  dAvg=0.019132  dMax=0.528023  Dlo=0.009566  Dhi=0.273577  err=0.000000  inc=-0.201718  bucket 0->0  (mf=1000)
[MF-SEL] tPrev=(  d=0.010102  dMin=0.000000  dAvg=0.019105  dMax=0.528023  Dlo=0.009552  Dhi=0.273564  err=0.000000  inc=-0.201718  bucket 0->0  (mf=1000)
[MF-SEL] tPrev=(  d=0.010251  dMin=0.000000  dAvg=0.019078  dMax=0.528023  Dlo=0.009539  Dhi=0.273551  err=0.000000  inc=-0.201718  bucket 0->0  (mf=1000)
[MF-SEL] tPrev=(  d=0.011091  dMin=0.000000  dAvg=0.019054  dMax=0.528023  Dlo=0.009527  Dhi=0.273539  err=0.000000  inc=-0.201718  bucket 0->0  (mf=1000)
[MF-SEL] tPrev=(  d=0.012393  dMin=0.000000  dAvg=0.019035  dMax=0.528023  Dlo=0.009517  Dhi=0.273529  err=0.000000  inc=-0.201718  bucket 0->0  (mf=1000)
[MF-SEL] tPrev=(  d=0.014757  dMin=0.000000  dAvg=0.019022  dMax=0.528023  Dlo=0.009511  Dhi=0.273522  err=0.000000  inc=-0.201718  bucket 0->0  (mf=1000)
[MF-SEL] tPrev=(  d=0.016835  dMin=0.000000  dAvg=0.019016  dMax=0.528023  Dlo=0.009508  Dhi=0.273519  err=0.000000  inc=-0.201718  bucket 0->0  (mf=1000)
[MF-SEL] tPrev=(  d=0.018440  dMin=0.000000  dAvg=0.019014  dMax=0.528023  Dlo=0.009507  Dhi=0.273518  err=0.000000  inc=-0.201718  bucket 0->0  (mf=1000)
[MF-SEL] tPrev=(  d=0.020516  dMin=0.000000  dAvg=0.019018  dMax=0.528023  Dlo=0.009509  Dhi=0.273521  err=0.000000  inc=-0.201718  bucket 0->0  (mf=1000)
[MF-SEL] tPrev=(  d=0.021036  dMin=0.000000  dAvg=0.019024  dMax=0.528023  Dlo=0.009512  Dhi=0.273524  err=0.000000  inc=-0.201718  bucket 0->0  (mf=1000)
[MF-SEL] tPrev=(  d=0.022350  dMin=0.000000  dAvg=0.019034  dMax=0.528023  Dlo=0.009517  Dhi=0.273528  err=0.000000  inc=-0.201718  bucket 0->0  (mf=1000)
[MF-SEL] tPrev=(  d=0.023451  dMin=0.000000  dAvg=0.019047  dMax=0.528023  Dlo=0.009523  Dhi=0.273535  err=0.000000  inc=-0.201718  bucket 0->0  (mf=1000)
[MF-SEL] tPrev=(  d=0.023955  dMin=0.000000  dAvg=0.019061  dMax=0.528023  Dlo=0.009530  Dhi=0.273542  err=0.000000  inc=-0.201718  bucket 0->0  (mf=1000)
[MF-SEL] tPrev=(  d=0.024491  dMin=0.000000  dAvg=0.019077  dMax=0.528023  Dlo=0.009538  Dhi=0.273550  err=0.000000  inc=-0.201718  bucket 0->0  (mf=1000)
[MF-SEL] tPrev=(  d=0.024550  dMin=0.000000  dAvg=0.019092  dMax=0.528023  Dlo=0.009546  Dhi=0.273558  err=0.000000  inc=-0.201718  bucket 0->0  (mf=1000)
[MF-SEL] tPrev=(  d=0.025966  dMin=0.000000  dAvg=0.019112  dMax=0.528023  Dlo=0.009556  Dhi=0.273567  err=0.000000  inc=-0.201718  bucket 0->0  (mf=1000)
start VIBA 2
[MF-SEL] tPrev=(  d=0.027078  dMin=0.000000  dAvg=0.019135  dMax=0.528023  Dlo=0.009567  Dhi=0.273579  err=0.000000  inc=-0.201718  bucket 0->0  (mf=1000)
[MF-SEL] tPrev=(  d=0.026012  dMin=0.000000  dAvg=0.019154  dMax=0.528023  Dlo=0.009577  Dhi=0.273589  err=0.000000  inc=-0.201718  bucket 0->0  (mf=1000)
[MF-SEL] tPrev=(  d=0.025101  dMin=0.000000  dAvg=0.019171  dMax=0.528023  Dlo=0.009586  Dhi=0.273597  err=0.000000  inc=-0.201718  bucket 0->0  (mf=1000)
end VIBA 2
[MF-SEL] tPrev=(  d=32.353340  dMin=0.000000  dAvg=0.110770  dMax=32.353340  Dlo=0.055385  Dhi=16.232055  err=1.000000  inc=0.754921  bucket 0->1  (mf=900)
[MF-SEL] tPrev=(  d=0.026807  dMin=0.000000  dAvg=0.110532  dMax=32.353340  Dlo=0.055266  Dhi=16.231936  err=-1.000000  inc=-1.402965  bucket 1->0  (mf=1000)
[MF-SEL] tPrev=(  d=0.027061  dMin=0.000000  dAvg=0.110297  dMax=32.353340  Dlo=0.055149  Dhi=16.231819  err=-1.000000  inc=-0.804250  bucket 0->0  (mf=1000)
[MF-SEL] tPrev=(  d=0.030390  dMin=0.000000  dAvg=0.110073  dMax=32.353340  Dlo=0.055036  Dhi=16.231706  err=-1.000000  inc=-0.806945  bucket 0->0  (mf=1000)
[MF-SEL] tPrev=(  d=0.032271  dMin=0.000000  dAvg=0.109855  dMax=32.353340  Dlo=0.054927  Dhi=16.231597  err=-1.000000  inc=-0.809244  bucket 0->0  (mf=1000)
[MF-SEL] tPrev=(  d=0.033534  dMin=0.000000  dAvg=0.109642  dMax=32.353340  Dlo=0.054821  Dhi=16.231491  err=-1.000000  inc=-0.811583  bucket 0->0  (mf=1000)
[MF-SEL] tPrev=(  d=0.034423  dMin=0.000000  dAvg=0.109432  dMax=32.353340  Dlo=0.054716  Dhi=16.231386  err=-1.000000  inc=-0.813840  bucket 0->0  (mf=1000)
[MF-SEL] tPrev=(  d=0.033673  dMin=0.000000  dAvg=0.109222  dMax=32.353340  Dlo=0.054611  Dhi=16.231281  err=-1.000000  inc=-0.816150  bucket 0->0  (mf=1000)
[MF-SEL] tPrev=(  d=0.034360  dMin=0.000000  dAvg=0.109014  dMax=32.353340  Dlo=0.054507  Dhi=16.231177  err=-1.000000  inc=-0.818586  bucket 0->0  (mf=1000)
[MF-SEL] tPrev=(  d=0.032686  dMin=0.000000  dAvg=0.108803  dMax=32.353340  Dlo=0.054402  Dhi=16.231072  err=-1.000000  inc=-0.820959  bucket 0->0  (mf=1000)
[MF-SEL] tPrev=(  d=0.030817  dMin=0.000000  dAvg=0.108589  dMax=32.353340  Dlo=0.054294  Dhi=16.230964  err=-1.000000  inc=-0.823149  bucket 0->0  (mf=1000)
[MF-SEL] tPrev=(  d=0.029500  dMin=0.000000  dAvg=0.108371  dMax=32.353340  Dlo=0.054186  Dhi=16.230856  err=-1.000000  inc=-0.825346  bucket 0->0  (mf=1000)
[MF-SEL] tPrev=(  d=0.028198  dMin=0.000000  dAvg=0.108152  dMax=32.353340  Dlo=0.054076  Dhi=16.230746  err=-1.000000  inc=-0.827331  bucket 0->0  (mf=1000)
[MF-SEL] tPrev=(  d=0.028963  dMin=0.000000  dAvg=0.107935  dMax=32.353340  Dlo=0.053968  Dhi=16.230638  err=-1.000000  inc=-0.829836  bucket 0->0  (mf=1000)
[MF-SEL] tPrev=(  d=0.028426  dMin=0.000000  dAvg=0.107719  dMax=32.353340  Dlo=0.053859  Dhi=16.230529  err=-1.000000  inc=-0.832001  bucket 0->0  (mf=1000)
[MF-SEL] tPrev=(  d=0.029368  dMin=0.000000  dAvg=0.107506  dMax=32.353340  Dlo=0.053753  Dhi=16.230423  err=-1.000000  inc=-0.834044  bucket 0->0  (mf=1000)
[MF-SEL] tPrev=(  d=0.030398  dMin=0.000000  dAvg=0.107297  dMax=32.353340  Dlo=0.053648  Dhi=16.230318  err=-1.000000  inc=-0.836647  bucket 0->0  (mf=1000)
[MF-SEL] tPrev=(  d=0.031736  dMin=0.000000  dAvg=0.107093  dMax=32.353340  Dlo=0.053546  Dhi=16.230216  err=-1.000000  inc=-0.838847  bucket 0->0  (mf=1000)
[MF-SEL] tPrev=(  d=0.032667  dMin=0.000000  dAvg=0.106892  dMax=32.353340  Dlo=0.053446  Dhi=16.230116  err=-1.000000  inc=-0.841300  bucket 0->0  (mf=1000)
[MF-SEL] tPrev=(  d=0.034526  dMin=0.000000  dAvg=0.106697  dMax=32.353340  Dlo=0.053349  Dhi=16.230019  err=-1.000000  inc=-0.843845  bucket 0->0  (mf=1000)
[MF-SEL] tPrev=(  d=0.035631  dMin=0.000000  dAvg=0.106507  dMax=32.353340  Dlo=0.053253  Dhi=16.229924  err=-1.000000  inc=-0.846470  bucket 0->0  (mf=1000)
[MF-SEL] tPrev=(  d=0.036229  dMin=0.000000  dAvg=0.106319  dMax=32.353340  Dlo=0.053159  Dhi=16.229830  err=-1.000000  inc=-0.848532  bucket 0->0  (mf=1000)
[MF-SEL] tPrev=(  d=0.035646  dMin=0.000000  dAvg=0.106131  dMax=32.353340  Dlo=0.053065  Dhi=16.229735  err=-1.000000  inc=-0.851258  bucket 0->0  (mf=1000)
[MF-SEL] tPrev=(  d=0.035926  dMin=0.000000  dAvg=0.105944  dMax=32.353340  Dlo=0.052972  Dhi=16.229642  err=-1.000000  inc=-0.853990  bucket 0->0  (mf=1000)
[MF-SEL] tPrev=(  d=0.035247  dMin=0.000000  dAvg=0.105756  dMax=32.353340  Dlo=0.052878  Dhi=16.229548  err=-1.000000  inc=-0.855933  bucket 0->0  (mf=1000)
[MF-SEL] tPrev=(  d=0.034632  dMin=0.000000  dAvg=0.105568  dMax=32.353340  Dlo=0.052784  Dhi=16.229454  err=-1.000000  inc=-0.858565  bucket 0->0  (mf=1000)
[MF-SEL] tPrev=(  d=0.033820  dMin=0.000000  dAvg=0.105379  dMax=32.353340  Dlo=0.052689  Dhi=16.229359  err=-1.000000  inc=-0.861001  bucket 0->0  (mf=1000)
[MF-SEL] tPrev=(  d=0.032679  dMin=0.000000  dAvg=0.105188  dMax=32.353340  Dlo=0.052594  Dhi=16.229264  err=-1.000000  inc=-0.863348  bucket 0->0  (mf=1000)
[MF-SEL] tPrev=(  d=0.032342  dMin=0.000000  dAvg=0.104996  dMax=32.353340  Dlo=0.052498  Dhi=16.229168  err=-1.000000  inc=-0.866005  bucket 0->0  (mf=1000)
[MF-SEL] tPrev=(  d=0.030854  dMin=0.000000  dAvg=0.104802  dMax=32.353340  Dlo=0.052401  Dhi=16.229071  err=-1.000000  inc=-0.868506  bucket 0->0  (mf=1000)
[MF-SEL] tPrev=(  d=0.030103  dMin=0.000000  dAvg=0.104607  dMax=32.353340  Dlo=0.052304  Dhi=16.228974  err=-1.000000  inc=-0.870910  bucket 0->0  (mf=1000)
[MF-SEL] tPrev=(  d=0.028817  dMin=0.000000  dAvg=0.104410  dMax=32.353340  Dlo=0.052205  Dhi=16.228875  err=-1.000000  inc=-0.873772  bucket 0->0  (mf=1000)
[MF-SEL] tPrev=(  d=0.027704  dMin=0.000000  dAvg=0.104211  dMax=32.353340  Dlo=0.052105  Dhi=16.228775  err=-1.000000  inc=-0.875844  bucket 0->0  (mf=1000)
[MF-SEL] tPrev=(  d=0.026632  dMin=0.000000  dAvg=0.104010  dMax=32.353340  Dlo=0.052005  Dhi=16.228675  err=-1.000000  inc=-0.878449  bucket 0->0  (mf=1000)
[MF-SEL] tPrev=(  d=0.026278  dMin=0.000000  dAvg=0.103809  dMax=32.353340  Dlo=0.051904  Dhi=16.228574  err=-1.000000  inc=-0.880994  bucket 0->0  (mf=1000)
[MF-SEL] tPrev=(  d=0.025189  dMin=0.000000  dAvg=0.103606  dMax=32.353340  Dlo=0.051803  Dhi=16.228473  err=-1.000000  inc=-0.883411  bucket 0->0  (mf=1000)
[MF-SEL] tPrev=(  d=0.023648  dMin=0.000000  dAvg=0.103401  dMax=32.353340  Dlo=0.051700  Dhi=16.228370  err=-1.000000  inc=-0.885821  bucket 0->0  (mf=1000)
[MF-SEL] tPrev=(  d=0.023181  dMin=0.000000  dAvg=0.103195  dMax=32.353340  Dlo=0.051597  Dhi=16.228268  err=-1.000000  inc=-0.888404  bucket 0->0  (mf=1000)
[MF-SEL] tPrev=(  d=0.023503  dMin=0.000000  dAvg=0.102991  dMax=32.353340  Dlo=0.051496  Dhi=16.228166  err=-1.000000  inc=-0.890790  bucket 0->0  (mf=1000)
[MF-SEL] tPrev=(  d=0.023944  dMin=0.000000  dAvg=0.102789  dMax=32.353340  Dlo=0.051395  Dhi=16.228065  err=-1.000000  inc=-0.893437  bucket 0->0  (mf=1000)
[MF-SEL] tPrev=(  d=0.024920  dMin=0.000000  dAvg=0.102591  dMax=32.353340  Dlo=0.051296  Dhi=16.227966  err=-1.000000  inc=-0.896024  bucket 0->0  (mf=1000)
[MF-SEL] tPrev=(  d=0.025815  dMin=0.000000  dAvg=0.102396  dMax=32.353340  Dlo=0.051198  Dhi=16.227868  err=-1.000000  inc=-0.898339  bucket 0->0  (mf=1000)
[MF-SEL] tPrev=(  d=0.027049  dMin=0.000000  dAvg=0.102206  dMax=32.353340  Dlo=0.051103  Dhi=16.227773  err=-1.000000  inc=-0.900609  bucket 0->0  (mf=1000)
[MF-SEL] tPrev=(  d=0.028351  dMin=0.000000  dAvg=0.102019  dMax=32.353340  Dlo=0.051010  Dhi=16.227680  err=-1.000000  inc=-0.903133  bucket 0->0  (mf=1000)
[MF-SEL] tPrev=(  d=0.030186  dMin=0.000000  dAvg=0.101838  dMax=32.353340  Dlo=0.050919  Dhi=16.227589  err=-1.000000  inc=-0.905542  bucket 0->0  (mf=1000)
[MF-SEL] tPrev=(  d=0.030920  dMin=0.000000  dAvg=0.101660  dMax=32.353340  Dlo=0.050830  Dhi=16.227500  err=-1.000000  inc=-0.908259  bucket 0->0  (mf=1000)
[MF-SEL] tPrev=(  d=0.031399  dMin=0.000000  dAvg=0.101484  dMax=32.353340  Dlo=0.050742  Dhi=16.227412  err=-1.000000  inc=-0.910468  bucket 0->0  (mf=1000)
[MF-SEL] tPrev=(  d=0.032187  dMin=0.000000  dAvg=0.101311  dMax=32.353340  Dlo=0.050655  Dhi=16.227325  err=-1.000000  inc=-0.913053  bucket 0->0  (mf=1000)
[MF-SEL] tPrev=(  d=0.032733  dMin=0.000000  dAvg=0.101140  dMax=32.353340  Dlo=0.050570  Dhi=16.227240  err=-1.000000  inc=-0.915396  bucket 0->0  (mf=1000)
[MF-SEL] tPrev=(  d=0.033346  dMin=0.000000  dAvg=0.100971  dMax=32.353340  Dlo=0.050486  Dhi=16.227156  err=-1.000000  inc=-0.918002  bucket 0->0  (mf=1000)
[MF-SEL] tPrev=(  d=0.031857  dMin=0.000000  dAvg=0.100800  dMax=32.353340  Dlo=0.050400  Dhi=16.227070  err=-1.000000  inc=-0.920285  bucket 0->0  (mf=1000)
[MF-SEL] tPrev=(  d=0.032293  dMin=0.000000  dAvg=0.100630  dMax=32.353340  Dlo=0.050315  Dhi=16.226985  err=-1.000000  inc=-0.922672  bucket 0->0  (mf=1000)
[MF-SEL] tPrev=(  d=0.030746  dMin=0.000000  dAvg=0.100457  dMax=32.353340  Dlo=0.050229  Dhi=16.226899  err=-1.000000  inc=-0.924991  bucket 0->0  (mf=1000)
[MF-SEL] tPrev=(  d=0.030019  dMin=0.000000  dAvg=0.100284  dMax=32.353340  Dlo=0.050142  Dhi=16.226812  err=-1.000000  inc=-0.927692  bucket 0->0  (mf=1000)
[MF-SEL] tPrev=(  d=0.029252  dMin=0.000000  dAvg=0.100109  dMax=32.353340  Dlo=0.050055  Dhi=16.226725  err=-1.000000  inc=-0.929737  bucket 0->0  (mf=1000)
[MF-SEL] tPrev=(  d=0.027235  dMin=0.000000  dAvg=0.099931  dMax=32.353340  Dlo=0.049965  Dhi=16.226635  err=-1.000000  inc=-0.932274  bucket 0->0  (mf=1000)
[MF-SEL] tPrev=(  d=0.025446  dMin=0.000000  dAvg=0.099749  dMax=32.353340  Dlo=0.049874  Dhi=16.226544  err=-1.000000  inc=-0.934386  bucket 0->0  (mf=1000)
[MF-SEL] tPrev=(  d=0.025534  dMin=0.000000  dAvg=0.099568  dMax=32.353340  Dlo=0.049784  Dhi=16.226454  err=-1.000000  inc=-0.936991  bucket 0->0  (mf=1000)
[MF-SEL] tPrev=(  d=0.024951  dMin=0.000000  dAvg=0.099386  dMax=32.353340  Dlo=0.049693  Dhi=16.226363  err=-1.000000  inc=-0.939470  bucket 0->0  (mf=1000)
[MF-SEL] tPrev=(  d=0.024683  dMin=0.000000  dAvg=0.099205  dMax=32.353340  Dlo=0.049602  Dhi=16.226272  err=-1.000000  inc=-0.941359  bucket 0->0  (mf=1000)
[MF-SEL] tPrev=(  d=0.023564  dMin=0.000000  dAvg=0.099022  dMax=32.353340  Dlo=0.049511  Dhi=16.226181  err=-1.000000  inc=-0.943694  bucket 0->0  (mf=1000)
[MF-SEL] tPrev=(  d=0.022612  dMin=0.000000  dAvg=0.098837  dMax=32.353340  Dlo=0.049419  Dhi=16.226089  err=-1.000000  inc=-0.946246  bucket 0->0  (mf=1000)
[MF-SEL] tPrev=(  d=0.021707  dMin=0.000000  dAvg=0.098651  dMax=32.353340  Dlo=0.049326  Dhi=16.225996  err=-1.000000  inc=-0.948519  bucket 0->0  (mf=1000)
[MF-SEL] tPrev=(  d=0.020946  dMin=0.000000  dAvg=0.098464  dMax=32.353340  Dlo=0.049232  Dhi=16.225902  err=-1.000000  inc=-0.951051  bucket 0->0  (mf=1000)
[MF-SEL] tPrev=(  d=0.022076  dMin=0.000000  dAvg=0.098281  dMax=32.353340  Dlo=0.049141  Dhi=16.225811  err=-1.000000  inc=-0.953517  bucket 0->0  (mf=1000)
[MF-SEL] tPrev=(  d=0.022902  dMin=0.000000  dAvg=0.098101  dMax=32.353340  Dlo=0.049050  Dhi=16.225721  err=-1.000000  inc=-0.955937  bucket 0->0  (mf=1000)
[MF-SEL] tPrev=(  d=0.024656  dMin=0.000000  dAvg=0.097926  dMax=32.353340  Dlo=0.048963  Dhi=16.225633  err=-1.000000  inc=-0.958408  bucket 0->0  (mf=1000)
[MF-SEL] tPrev=(  d=0.025670  dMin=0.000000  dAvg=0.097754  dMax=32.353340  Dlo=0.048877  Dhi=16.225547  err=-1.000000  inc=-0.960773  bucket 0->0  (mf=1000)
[MF-SEL] tPrev=(  d=0.027410  dMin=0.000000  dAvg=0.097586  dMax=32.353340  Dlo=0.048793  Dhi=16.225463  err=-1.000000  inc=-0.963391  bucket 0->0  (mf=1000)
[MF-SEL] tPrev=(  d=0.029330  dMin=0.000000  dAvg=0.097425  dMax=32.353340  Dlo=0.048712  Dhi=16.225382  err=-1.000000  inc=-0.965776  bucket 0->0  (mf=1000)
[MF-SEL] tPrev=(  d=0.030081  dMin=0.000000  dAvg=0.097266  dMax=32.353340  Dlo=0.048633  Dhi=16.225303  err=-1.000000  inc=-0.967975  bucket 0->0  (mf=1000)
[MF-SEL] tPrev=(  d=0.030442  dMin=0.000000  dAvg=0.097108  dMax=32.353340  Dlo=0.048554  Dhi=16.225224  err=-1.000000  inc=-0.970524  bucket 0->0  (mf=1000)
[MF-SEL] tPrev=(  d=0.028975  dMin=0.000000  dAvg=0.096948  dMax=32.353340  Dlo=0.048474  Dhi=16.225144  err=-1.000000  inc=-0.972931  bucket 0->0  (mf=1000)
[MF-SEL] tPrev=(  d=0.029262  dMin=0.000000  dAvg=0.096789  dMax=32.353340  Dlo=0.048394  Dhi=16.225064  err=-1.000000  inc=-0.975298  bucket 0->0  (mf=1000)
[MF-SEL] tPrev=(  d=0.028664  dMin=0.000000  dAvg=0.096629  dMax=32.353340  Dlo=0.048315  Dhi=16.224985  err=-1.000000  inc=-0.977741  bucket 0->0  (mf=1000)
[MF-SEL] tPrev=(  d=0.026837  dMin=0.000000  dAvg=0.096466  dMax=32.353340  Dlo=0.048233  Dhi=16.224903  err=-1.000000  inc=-0.980245  bucket 0->0  (mf=1000)
[MF-SEL] tPrev=(  d=0.025071  dMin=0.000000  dAvg=0.096300  dMax=32.353340  Dlo=0.048150  Dhi=16.224820  err=-1.000000  inc=-0.982609  bucket 0->0  (mf=1000)
[MF-SEL] tPrev=(  d=0.023332  dMin=0.000000  dAvg=0.096130  dMax=32.353340  Dlo=0.048065  Dhi=16.224735  err=-1.000000  inc=-0.984967  bucket 0->0  (mf=1000)
[MF-SEL] tPrev=(  d=0.022451  dMin=0.000000  dAvg=0.095959  dMax=32.353340  Dlo=0.047980  Dhi=16.224650  err=-1.000000  inc=-0.987685  bucket 0->0  (mf=1000)
[MF-SEL] tPrev=(  d=0.021753  dMin=0.000000  dAvg=0.095787  dMax=32.353340  Dlo=0.047894  Dhi=16.224564  err=-1.000000  inc=-0.990124  bucket 0->0  (mf=1000)
[MF-SEL] tPrev=(  d=0.022296  dMin=0.000000  dAvg=0.095618  dMax=32.353340  Dlo=0.047809  Dhi=16.224479  err=-1.000000  inc=-0.992417  bucket 0->0  (mf=1000)
[MF-SEL] tPrev=(  d=0.023327  dMin=0.000000  dAvg=0.095451  dMax=32.353340  Dlo=0.047726  Dhi=16.224396  err=-1.000000  inc=-0.994983  bucket 0->0  (mf=1000)
[MF-SEL] tPrev=(  d=0.024109  dMin=0.000000  dAvg=0.095287  dMax=32.353340  Dlo=0.047643  Dhi=16.224314  err=-1.000000  inc=-0.997183  bucket 0->0  (mf=1000)
[MF-SEL] tPrev=(  d=0.024176  dMin=0.000000  dAvg=0.095124  dMax=32.353340  Dlo=0.047562  Dhi=16.224232  err=-1.000000  inc=-1.000132  bucket 0->0  (mf=1000)
[MF-SEL] tPrev=(  d=0.024488  dMin=0.000000  dAvg=0.094962  dMax=32.353340  Dlo=0.047481  Dhi=16.224151  err=-1.000000  inc=-1.002340  bucket 0->0  (mf=1000)
[MF-SEL] tPrev=(  d=0.024415  dMin=0.000000  dAvg=0.094801  dMax=32.353340  Dlo=0.047401  Dhi=16.224071  err=-1.000000  inc=-1.004981  bucket 0->0  (mf=1000)
[MF-SEL] tPrev=(  d=0.023465  dMin=0.000000  dAvg=0.094639  dMax=32.353340  Dlo=0.047319  Dhi=16.223989  err=-1.000000  inc=-1.007246  bucket 0->0  (mf=1000)
[MF-SEL] tPrev=(  d=0.023149  dMin=0.000000  dAvg=0.094476  dMax=32.353340  Dlo=0.047238  Dhi=16.223908  err=-1.000000  inc=-1.009684  bucket 0->0  (mf=1000)
[MF-SEL] tPrev=(  d=0.022884  dMin=0.000000  dAvg=0.094314  dMax=32.353340  Dlo=0.047157  Dhi=16.223827  err=-1.000000  inc=-1.012186  bucket 0->0  (mf=1000)
[MF-SEL] tPrev=(  d=0.022832  dMin=0.000000  dAvg=0.094152  dMax=32.353340  Dlo=0.047076  Dhi=16.223746  err=-1.000000  inc=-1.014445  bucket 0->0  (mf=1000)
[MF-SEL] tPrev=(  d=0.022748  dMin=0.000000  dAvg=0.093991  dMax=32.353340  Dlo=0.046995  Dhi=16.223666  err=-1.000000  inc=-1.016737  bucket 0->0  (mf=1000)
[MF-SEL] tPrev=(  d=0.022061  dMin=0.000000  dAvg=0.093829  dMax=32.353340  Dlo=0.046914  Dhi=16.223585  err=-1.000000  inc=-1.019367  bucket 0->0  (mf=1000)
[MF-SEL] tPrev=(  d=0.021385  dMin=0.000000  dAvg=0.093666  dMax=32.353340  Dlo=0.046833  Dhi=16.223503  err=-1.000000  inc=-1.021299  bucket 0->0  (mf=1000)
[MF-SEL] tPrev=(  d=0.021528  dMin=0.000000  dAvg=0.093504  dMax=32.353340  Dlo=0.046752  Dhi=16.223422  err=-1.000000  inc=-1.023733  bucket 0->0  (mf=1000)
[MF-SEL] tPrev=(  d=0.019753  dMin=0.000000  dAvg=0.093339  dMax=32.353340  Dlo=0.046670  Dhi=16.223340  err=-1.000000  inc=-1.026151  bucket 0->0  (mf=1000)
[MF-SEL] tPrev=(  d=0.018873  dMin=0.000000  dAvg=0.093173  dMax=32.353340  Dlo=0.046587  Dhi=16.223257  err=-1.000000  inc=-1.028639  bucket 0->0  (mf=1000)
[MF-SEL] tPrev=(  d=0.018815  dMin=0.000000  dAvg=0.093008  dMax=32.353340  Dlo=0.046504  Dhi=16.223174  err=-1.000000  inc=-1.031009  bucket 0->0  (mf=1000)
[MF-SEL] tPrev=(  d=0.019005  dMin=0.000000  dAvg=0.092843  dMax=32.353340  Dlo=0.046422  Dhi=16.223092  err=-1.000000  inc=-1.033499  bucket 0->0  (mf=1000)
[MF-SEL] tPrev=(  d=0.019543  dMin=0.000000  dAvg=0.092681  dMax=32.353340  Dlo=0.046340  Dhi=16.223010  err=-1.000000  inc=-1.035669  bucket 0->0  (mf=1000)
[MF-SEL] tPrev=(  d=0.019589  dMin=0.000000  dAvg=0.092519  dMax=32.353340  Dlo=0.046259  Dhi=16.222930  err=-1.000000  inc=-1.037994  bucket 0->0  (mf=1000)
[MF-SEL] tPrev=(  d=0.019235  dMin=0.000000  dAvg=0.092357  dMax=32.353340  Dlo=0.046179  Dhi=16.222849  err=-1.000000  inc=-1.040505  bucket 0->0  (mf=1000)
[MF-SEL] tPrev=(  d=0.018854  dMin=0.000000  dAvg=0.092195  dMax=32.353340  Dlo=0.046098  Dhi=16.222768  err=-1.000000  inc=-1.042921  bucket 0->0  (mf=1000)
[MF-SEL] tPrev=(  d=0.018387  dMin=0.000000  dAvg=0.092033  dMax=32.353340  Dlo=0.046017  Dhi=16.222687  err=-1.000000  inc=-1.045305  bucket 0->0  (mf=1000)
[MF-SEL] tPrev=(  d=0.019289  dMin=0.000000  dAvg=0.091874  dMax=32.353340  Dlo=0.045937  Dhi=16.222607  err=-1.000000  inc=-1.047817  bucket 0->0  (mf=1000)
[MF-SEL] tPrev=(  d=0.021493  dMin=0.000000  dAvg=0.091719  dMax=32.353340  Dlo=0.045860  Dhi=16.222530  err=-1.000000  inc=-1.050403  bucket 0->0  (mf=1000)
[MF-SEL] tPrev=(  d=0.023576  dMin=0.000000  dAvg=0.091571  dMax=32.353340  Dlo=0.045785  Dhi=16.222455  err=-1.000000  inc=-1.052558  bucket 0->0  (mf=1000)
[MF-SEL] tPrev=(  d=0.024813  dMin=0.000000  dAvg=0.091425  dMax=32.353340  Dlo=0.045713  Dhi=16.222383  err=-1.000000  inc=-1.054857  bucket 0->0  (mf=1000)
[MF-SEL] tPrev=(  d=0.027365  dMin=0.000000  dAvg=0.091286  dMax=32.353340  Dlo=0.045643  Dhi=16.222313  err=-1.000000  inc=-1.057604  bucket 0->0  (mf=1000)
[MF-SEL] tPrev=(  d=0.028925  dMin=0.000000  dAvg=0.091151  dMax=32.353340  Dlo=0.045575  Dhi=16.222245  err=-1.000000  inc=-1.059830  bucket 0->0  (mf=1000)
[MF-SEL] tPrev=(  d=0.030818  dMin=0.000000  dAvg=0.091020  dMax=32.353340  Dlo=0.045510  Dhi=16.222180  err=-1.000000  inc=-1.062358  bucket 0->0  (mf=1000)
[MF-SEL] tPrev=(  d=0.032158  dMin=0.000000  dAvg=0.090893  dMax=32.353340  Dlo=0.045447  Dhi=16.222117  err=-1.000000  inc=-1.064744  bucket 0->0  (mf=1000)
[MF-SEL] tPrev=(  d=0.032950  dMin=0.000000  dAvg=0.090768  dMax=32.353340  Dlo=0.045384  Dhi=16.222054  err=-1.000000  inc=-1.067237  bucket 0->0  (mf=1000)
[MF-SEL] tPrev=(  d=0.032754  dMin=0.000000  dAvg=0.090643  dMax=32.353340  Dlo=0.045322  Dhi=16.221992  err=-1.000000  inc=-1.069720  bucket 0->0  (mf=1000)
[MF-SEL] tPrev=(  d=0.031308  dMin=0.000000  dAvg=0.090516  dMax=32.353340  Dlo=0.045258  Dhi=16.221928  err=-1.000000  inc=-1.071936  bucket 0->0  (mf=1000)
[MF-SEL] tPrev=(  d=0.029518  dMin=0.000000  dAvg=0.090385  dMax=32.353340  Dlo=0.045193  Dhi=16.221863  err=-1.000000  inc=-1.074018  bucket 0->0  (mf=1000)
[MF-SEL] tPrev=(  d=0.028958  dMin=0.000000  dAvg=0.090254  dMax=32.353340  Dlo=0.045127  Dhi=16.221797  err=-1.000000  inc=-1.076716  bucket 0->0  (mf=1000)
[MF-SEL] tPrev=(  d=0.027691  dMin=0.000000  dAvg=0.090121  dMax=32.353340  Dlo=0.045060  Dhi=16.221730  err=-1.000000  inc=-1.078956  bucket 0->0  (mf=1000)
[MF-SEL] tPrev=(  d=0.025601  dMin=0.000000  dAvg=0.089984  dMax=32.353340  Dlo=0.044992  Dhi=16.221662  err=-1.000000  inc=-1.081344  bucket 0->0  (mf=1000)
[MF-SEL] tPrev=(  d=0.023246  dMin=0.000000  dAvg=0.089842  dMax=32.353340  Dlo=0.044921  Dhi=16.221591  err=-1.000000  inc=-1.083729  bucket 0->0  (mf=1000)
[MF-SEL] tPrev=(  d=0.021627  dMin=0.000000  dAvg=0.089697  dMax=32.353340  Dlo=0.044849  Dhi=16.221519  err=-1.000000  inc=-1.086475  bucket 0->0  (mf=1000)
[MF-SEL] tPrev=(  d=0.018859  dMin=0.000000  dAvg=0.089548  dMax=32.353340  Dlo=0.044774  Dhi=16.221444  err=-1.000000  inc=-1.088781  bucket 0->0  (mf=1000)
[MF-SEL] tPrev=(  d=0.016539  dMin=0.000000  dAvg=0.089393  dMax=32.353340  Dlo=0.044697  Dhi=16.221367  err=-1.000000  inc=-1.091274  bucket 0->0  (mf=1000)
[MF-SEL] tPrev=(  d=0.014359  dMin=0.000000  dAvg=0.089236  dMax=32.353340  Dlo=0.044618  Dhi=16.221288  err=-1.000000  inc=-1.093551  bucket 0->0  (mf=1000)
[MF-SEL] tPrev=(  d=0.013409  dMin=0.000000  dAvg=0.089076  dMax=32.353340  Dlo=0.044538  Dhi=16.221208  err=-1.000000  inc=-1.095843  bucket 0->0  (mf=1000)
[MF-SEL] tPrev=(  d=0.012626  dMin=0.000000  dAvg=0.088916  dMax=32.353340  Dlo=0.044458  Dhi=16.221128  err=-1.000000  inc=-1.098340  bucket 0->0  (mf=1000)
[MF-SEL] tPrev=(  d=0.012478  dMin=0.000000  dAvg=0.088756  dMax=32.353340  Dlo=0.044378  Dhi=16.221048  err=-1.000000  inc=-1.100767  bucket 0->0  (mf=1000)
[MF-SEL] tPrev=(  d=0.011108  dMin=0.000000  dAvg=0.088594  dMax=32.353340  Dlo=0.044297  Dhi=16.220967  err=-1.000000  inc=-1.103314  bucket 0->0  (mf=1000)
[MF-SEL] tPrev=(  d=0.010454  dMin=0.000000  dAvg=0.088431  dMax=32.353340  Dlo=0.044216  Dhi=16.220886  err=-1.000000  inc=-1.105668  bucket 0->0  (mf=1000)
[MF-SEL] tPrev=(  d=0.010454  dMin=0.000000  dAvg=0.088269  dMax=32.353340  Dlo=0.044135  Dhi=16.220805  err=-1.000000  inc=-1.108034  bucket 0->0  (mf=1000)
[MF-SEL] tPrev=(  d=0.012314  dMin=0.000000  dAvg=0.088111  dMax=32.353340  Dlo=0.044056  Dhi=16.220726  err=-1.000000  inc=-1.110698  bucket 0->0  (mf=1000)
[MF-SEL] tPrev=(  d=0.013819  dMin=0.000000  dAvg=0.087958  dMax=32.353340  Dlo=0.043979  Dhi=16.220649  err=-1.000000  inc=-1.112944  bucket 0->0  (mf=1000)
[MF-SEL] tPrev=(  d=0.015110  dMin=0.000000  dAvg=0.087807  dMax=32.353340  Dlo=0.043904  Dhi=16.220574  err=-1.000000  inc=-1.115263  bucket 0->0  (mf=1000)
[MF-SEL] tPrev=(  d=0.016286  dMin=0.000000  dAvg=0.087660  dMax=32.353340  Dlo=0.043830  Dhi=16.220500  err=-1.000000  inc=-1.117493  bucket 0->0  (mf=1000)
[MF-SEL] tPrev=(  d=0.017066  dMin=0.000000  dAvg=0.087514  dMax=32.353340  Dlo=0.043757  Dhi=16.220427  err=-1.000000  inc=-1.120335  bucket 0->0  (mf=1000)
[MF-SEL] tPrev=(  d=0.017305  dMin=0.000000  dAvg=0.087370  dMax=32.353340  Dlo=0.043685  Dhi=16.220355  err=-1.000000  inc=-1.122446  bucket 0->0  (mf=1000)
[MF-SEL] tPrev=(  d=0.017250  dMin=0.000000  dAvg=0.087227  dMax=32.353340  Dlo=0.043613  Dhi=16.220283  err=-1.000000  inc=-1.124945  bucket 0->0  (mf=1000)
[MF-SEL] tPrev=(  d=0.015470  dMin=0.000000  dAvg=0.087080  dMax=32.353340  Dlo=0.043540  Dhi=16.220210  err=-1.000000  inc=-1.127150  bucket 0->0  (mf=1000)
[MF-SEL] tPrev=(  d=0.016545  dMin=0.000000  dAvg=0.086936  dMax=32.353340  Dlo=0.043468  Dhi=16.220138  err=-1.000000  inc=-1.129780  bucket 0->0  (mf=1000)
[MF-SEL] tPrev=(  d=0.016014  dMin=0.000000  dAvg=0.086791  dMax=32.353340  Dlo=0.043396  Dhi=16.220066  err=-1.000000  inc=-1.132164  bucket 0->0  (mf=1000)
[MF-SEL] tPrev=(  d=0.014558  dMin=0.000000  dAvg=0.086645  dMax=32.353340  Dlo=0.043322  Dhi=16.219992  err=-1.000000  inc=-1.134720  bucket 0->0  (mf=1000)
[MF-SEL] tPrev=(  d=0.014670  dMin=0.000000  dAvg=0.086499  dMax=32.353340  Dlo=0.043249  Dhi=16.219919  err=-1.000000  inc=-1.137025  bucket 0->0  (mf=1000)
[MF-SEL] tPrev=(  d=0.013074  dMin=0.000000  dAvg=0.086350  dMax=32.353340  Dlo=0.043175  Dhi=16.219845  err=-1.000000  inc=-1.139584  bucket 0->0  (mf=1000)
[MF-SEL] tPrev=(  d=0.010895  dMin=0.000000  dAvg=0.086198  dMax=32.353340  Dlo=0.043099  Dhi=16.219769  err=-1.000000  inc=-1.142116  bucket 0->0  (mf=1000)
[MF-SEL] tPrev=(  d=0.009694  dMin=0.000000  dAvg=0.086043  dMax=32.353340  Dlo=0.043022  Dhi=16.219692  err=-1.000000  inc=-1.144609  bucket 0->0  (mf=1000)
[MF-SEL] tPrev=(  d=0.007733  dMin=0.000000  dAvg=0.085886  dMax=32.353340  Dlo=0.042943  Dhi=16.219613  err=-1.000000  inc=-1.146975  bucket 0->0  (mf=1000)
[MF-SEL] tPrev=(  d=0.005540  dMin=0.000000  dAvg=0.085724  dMax=32.353340  Dlo=0.042862  Dhi=16.219532  err=-1.000000  inc=-1.149607  bucket 0->0  (mf=1000)
[MF-SEL] tPrev=(  d=0.004597  dMin=0.000000  dAvg=0.085562  dMax=32.353340  Dlo=0.042781  Dhi=16.219451  err=-1.000000  inc=-1.152173  bucket 0->0  (mf=1000)
[MF-SEL] tPrev=(  d=0.004105  dMin=0.000000  dAvg=0.085399  dMax=32.353340  Dlo=0.042699  Dhi=16.219370  err=-1.000000  inc=-1.154566  bucket 0->0  (mf=1000)
[MF-SEL] tPrev=(  d=0.003180  dMin=0.000000  dAvg=0.085235  dMax=32.353340  Dlo=0.042617  Dhi=16.219287  err=-1.000000  inc=-1.157114  bucket 0->0  (mf=1000)
[MF-SEL] tPrev=(  d=0.003085  dMin=0.000000  dAvg=0.085071  dMax=32.353340  Dlo=0.042536  Dhi=16.219206  err=-1.000000  inc=-1.159535  bucket 0->0  (mf=1000)
[MF-SEL] tPrev=(  d=0.002236  dMin=0.000000  dAvg=0.084906  dMax=32.353340  Dlo=0.042453  Dhi=16.219123  err=-1.000000  inc=-1.162191  bucket 0->0  (mf=1000)
[MF-SEL] tPrev=(  d=0.002007  dMin=0.000000  dAvg=0.084742  dMax=32.353340  Dlo=0.042371  Dhi=16.219041  err=-1.000000  inc=-1.164807  bucket 0->0  (mf=1000)
[MF-SEL] tPrev=(  d=0.001624  dMin=0.000000  dAvg=0.084577  dMax=32.353340  Dlo=0.042289  Dhi=16.218959  err=-1.000000  inc=-1.167301  bucket 0->0  (mf=1000)
[MF-SEL] tPrev=(  d=0.001947  dMin=0.000000  dAvg=0.084414  dMax=32.353340  Dlo=0.042207  Dhi=16.218877  err=-1.000000  inc=-1.169726  bucket 0->0  (mf=1000)
[MF-SEL] tPrev=(  d=0.001837  dMin=0.000000  dAvg=0.084251  dMax=32.353340  Dlo=0.042126  Dhi=16.218796  err=-1.000000  inc=-1.172239  bucket 0->0  (mf=1000)
[MF-SEL] tPrev=(  d=0.000764  dMin=0.000000  dAvg=0.084087  dMax=32.353340  Dlo=0.042043  Dhi=16.218714  err=-1.000000  inc=-1.174756  bucket 0->0  (mf=1000)
[MF-SEL] tPrev=(  d=0.000412  dMin=0.000000  dAvg=0.083922  dMax=32.353340  Dlo=0.041961  Dhi=16.218631  err=-1.000000  inc=-1.177254  bucket 0->0  (mf=1000)
[MF-SEL] tPrev=(  d=0.000869  dMin=0.000000  dAvg=0.083760  dMax=32.353340  Dlo=0.041880  Dhi=16.218550  err=-1.000000  inc=-1.179825  bucket 0->0  (mf=1000)
[MF-SEL] tPrev=(  d=0.001081  dMin=0.000000  dAvg=0.083598  dMax=32.353340  Dlo=0.041799  Dhi=16.218469  err=-1.000000  inc=-1.182280  bucket 0->0  (mf=1000)
[MF-SEL] tPrev=(  d=0.000251  dMin=0.000000  dAvg=0.083435  dMax=32.353340  Dlo=0.041718  Dhi=16.218388  err=-1.000000  inc=-1.184656  bucket 0->0  (mf=1000)
[MF-SEL] tPrev=(  d=0.000739  dMin=0.000000  dAvg=0.083274  dMax=32.353340  Dlo=0.041637  Dhi=16.218307  err=-1.000000  inc=-1.187224  bucket 0->0  (mf=1000)
[MF-SEL] tPrev=(  d=0.000981  dMin=0.000000  dAvg=0.083114  dMax=32.353340  Dlo=0.041557  Dhi=16.218227  err=-1.000000  inc=-1.189898  bucket 0->0  (mf=1000)
[MF-SEL] tPrev=(  d=0.000682  dMin=0.000000  dAvg=0.082954  dMax=32.353340  Dlo=0.041477  Dhi=16.218147  err=-1.000000  inc=-1.192263  bucket 0->0  (mf=1000)
[MF-SEL] tPrev=(  d=0.000164  dMin=0.000000  dAvg=0.082793  dMax=32.353340  Dlo=0.041397  Dhi=16.218067  err=-1.000000  inc=-1.194750  bucket 0->0  (mf=1000)
[MF-SEL] tPrev=(  d=0.000316  dMin=0.000000  dAvg=0.082634  dMax=32.353340  Dlo=0.041317  Dhi=16.217987  err=-1.000000  inc=-1.197461  bucket 0->0  (mf=1000)
[MF-SEL] tPrev=(  d=0.000213  dMin=0.000000  dAvg=0.082475  dMax=32.353340  Dlo=0.041237  Dhi=16.217907  err=-1.000000  inc=-1.199760  bucket 0->0  (mf=1000)
[MF-SEL] tPrev=(  d=0.000297  dMin=0.000000  dAvg=0.082316  dMax=32.353340  Dlo=0.041158  Dhi=16.217828  err=-1.000000  inc=-1.202393  bucket 0->0  (mf=1000)
[MF-SEL] tPrev=(  d=0.000193  dMin=0.000000  dAvg=0.082158  dMax=32.353340  Dlo=0.041079  Dhi=16.217749  err=-1.000000  inc=-1.204538  bucket 0->0  (mf=1000)
[MF-SEL] tPrev=(  d=0.000354  dMin=0.000000  dAvg=0.082001  dMax=32.353340  Dlo=0.041001  Dhi=16.217671  err=-1.000000  inc=-1.207135  bucket 0->0  (mf=1000)
[MF-SEL] tPrev=(  d=0.000797  dMin=0.000000  dAvg=0.081846  dMax=32.353340  Dlo=0.040923  Dhi=16.217593  err=-1.000000  inc=-1.209639  bucket 0->0  (mf=1000)
[MF-SEL] tPrev=(  d=0.000135  dMin=0.000000  dAvg=0.081690  dMax=32.353340  Dlo=0.040845  Dhi=16.217515  err=-1.000000  inc=-1.212284  bucket 0->0  (mf=1000)
[MF-SEL] tPrev=(  d=0.000160  dMin=0.000000  dAvg=0.081534  dMax=32.353340  Dlo=0.040767  Dhi=16.217437  err=-1.000000  inc=-1.214423  bucket 0->0  (mf=1000)
[MF-SEL] tPrev=(  d=0.000285  dMin=0.000000  dAvg=0.081379  dMax=32.353340  Dlo=0.040690  Dhi=16.217360  err=-1.000000  inc=-1.217162  bucket 0->0  (mf=1000)
[MF-SEL] tPrev=(  d=0.000148  dMin=0.000000  dAvg=0.081225  dMax=32.353340  Dlo=0.040612  Dhi=16.217282  err=-1.000000  inc=-1.219490  bucket 0->0  (mf=1000)
[MF-SEL] tPrev=(  d=0.000205  dMin=0.000000  dAvg=0.081071  dMax=32.353340  Dlo=0.040535  Dhi=16.217206  err=-1.000000  inc=-1.222013  bucket 0->0  (mf=1000)
[MF-SEL] tPrev=(  d=0.000166  dMin=0.000000  dAvg=0.080918  dMax=32.353340  Dlo=0.040459  Dhi=16.217129  err=-1.000000  inc=-1.224498  bucket 0->0  (mf=1000)
[MF-SEL] tPrev=(  d=0.000129  dMin=0.000000  dAvg=0.080765  dMax=32.353340  Dlo=0.040383  Dhi=16.217053  err=-1.000000  inc=-1.227025  bucket 0->0  (mf=1000)
[MF-SEL] tPrev=(  d=0.000045  dMin=0.000000  dAvg=0.080613  dMax=32.353340  Dlo=0.040306  Dhi=16.216976  err=-1.000000  inc=-1.229305  bucket 0->0  (mf=1000)
[MF-SEL] tPrev=(  d=0.000121  dMin=0.000000  dAvg=0.080461  dMax=32.353340  Dlo=0.040231  Dhi=16.216901  err=-1.000000  inc=-1.231766  bucket 0->0  (mf=1000)
[MF-SEL] tPrev=(  d=0.000915  dMin=0.000000  dAvg=0.080312  dMax=32.353340  Dlo=0.040156  Dhi=16.216826  err=-1.000000  inc=-1.234288  bucket 0->0  (mf=1000)
[MF-SEL] tPrev=(  d=0.000035  dMin=0.000000  dAvg=0.080161  dMax=32.353340  Dlo=0.040081  Dhi=16.216751  err=-1.000000  inc=-1.236958  bucket 0->0  (mf=1000)
[MF-SEL] tPrev=(  d=0.000187  dMin=0.000000  dAvg=0.080011  dMax=32.353340  Dlo=0.040006  Dhi=16.216676  err=-1.000000  inc=-1.239500  bucket 0->0  (mf=1000)
[MF-SEL] tPrev=(  d=0.000147  dMin=0.000000  dAvg=0.079862  dMax=32.353340  Dlo=0.039931  Dhi=16.216601  err=-1.000000  inc=-1.241952  bucket 0->0  (mf=1000)
[MF-SEL] tPrev=(  d=0.000155  dMin=0.000000  dAvg=0.079713  dMax=32.353340  Dlo=0.039857  Dhi=16.216527  err=-1.000000  inc=-1.244477  bucket 0->0  (mf=1000)
[MF-SEL] tPrev=(  d=0.000271  dMin=0.000000  dAvg=0.079565  dMax=32.353340  Dlo=0.039783  Dhi=16.216453  err=-1.000000  inc=-1.246895  bucket 0->0  (mf=1000)
[MF-SEL] tPrev=(  d=0.000137  dMin=0.000000  dAvg=0.079418  dMax=32.353340  Dlo=0.039709  Dhi=16.216379  err=-1.000000  inc=-1.249532  bucket 0->0  (mf=1000)
[MF-SEL] tPrev=(  d=0.000052  dMin=0.000000  dAvg=0.079270  dMax=32.353340  Dlo=0.039635  Dhi=16.216305  err=-1.000000  inc=-1.252050  bucket 0->0  (mf=1000)
[MF-SEL] tPrev=(  d=0.000095  dMin=0.000000  dAvg=0.079124  dMax=32.353340  Dlo=0.039562  Dhi=16.216232  err=-1.000000  inc=-1.254536  bucket 0->0  (mf=1000)
[MF-SEL] tPrev=(  d=0.000019  dMin=0.000000  dAvg=0.078978  dMax=32.353340  Dlo=0.039489  Dhi=16.216159  err=-1.000000  inc=-1.257051  bucket 0->0  (mf=1000)
[MF-SEL] tPrev=(  d=0.001279  dMin=0.000000  dAvg=0.078834  dMax=32.353340  Dlo=0.039417  Dhi=16.216087  err=-1.000000  inc=-1.259529  bucket 0->0  (mf=1000)
[MF-SEL] tPrev=(  d=0.000145  dMin=0.000000  dAvg=0.078689  dMax=32.353340  Dlo=0.039345  Dhi=16.216015  err=-1.000000  inc=-1.262079  bucket 0->0  (mf=1000)
[MF-SEL] tPrev=(  d=0.000358  dMin=0.000000  dAvg=0.078545  dMax=32.353340  Dlo=0.039273  Dhi=16.215943  err=-1.000000  inc=-1.264498  bucket 0->0  (mf=1000)
[MF-SEL] tPrev=(  d=0.000201  dMin=0.000000  dAvg=0.078402  dMax=32.353340  Dlo=0.039201  Dhi=16.215871  err=-1.000000  inc=-1.267011  bucket 0->0  (mf=1000)
[MF-SEL] tPrev=(  d=0.000234  dMin=0.000000  dAvg=0.078258  dMax=32.353340  Dlo=0.039129  Dhi=16.215799  err=-1.000000  inc=-1.269439  bucket 0->0  (mf=1000)
[MF-SEL] tPrev=(  d=0.000116  dMin=0.000000  dAvg=0.078116  dMax=32.353340  Dlo=0.039058  Dhi=16.215728  err=-1.000000  inc=-1.271941  bucket 0->0  (mf=1000)
[MF-SEL] tPrev=(  d=0.000214  dMin=0.000000  dAvg=0.077973  dMax=32.353340  Dlo=0.038987  Dhi=16.215657  err=-1.000000  inc=-1.274475  bucket 0->0  (mf=1000)
[MF-SEL] tPrev=(  d=0.000123  dMin=0.000000  dAvg=0.077832  dMax=32.353340  Dlo=0.038916  Dhi=16.215586  err=-1.000000  inc=-1.277056  bucket 0->0  (mf=1000)
[MF-SEL] tPrev=(  d=0.000057  dMin=0.000000  dAvg=0.077690  dMax=32.353340  Dlo=0.038845  Dhi=16.215515  err=-1.000000  inc=-1.279643  bucket 0->0  (mf=1000)
[MF-SEL] tPrev=(  d=0.000157  dMin=0.000000  dAvg=0.077549  dMax=32.353340  Dlo=0.038775  Dhi=16.215445  err=-1.000000  inc=-1.281916  bucket 0->0  (mf=1000)
[MF-SEL] tPrev=(  d=0.000617  dMin=0.000000  dAvg=0.077410  dMax=32.353340  Dlo=0.038705  Dhi=16.215375  err=-1.000000  inc=-1.283924  bucket 0->0  (mf=1000)
[MF-SEL] tPrev=(  d=0.000125  dMin=0.000000  dAvg=0.077270  dMax=32.353340  Dlo=0.038635  Dhi=16.215305  err=-1.000000  inc=-1.286821  bucket 0->0  (mf=1000)
[MF-SEL] tPrev=(  d=0.000299  dMin=0.000000  dAvg=0.077131  dMax=32.353340  Dlo=0.038566  Dhi=16.215236  err=-1.000000  inc=-1.289221  bucket 0->0  (mf=1000)
[MF-SEL] tPrev=(  d=0.000306  dMin=0.000000  dAvg=0.076993  dMax=32.353340  Dlo=0.038497  Dhi=16.215167  err=-1.000000  inc=-1.291823  bucket 0->0  (mf=1000)
[MF-SEL] tPrev=(  d=0.000242  dMin=0.000000  dAvg=0.076855  dMax=32.353340  Dlo=0.038427  Dhi=16.215098  err=-1.000000  inc=-1.294337  bucket 0->0  (mf=1000)
[MF-SEL] tPrev=(  d=0.000276  dMin=0.000000  dAvg=0.076717  dMax=32.353340  Dlo=0.038359  Dhi=16.215029  err=-1.000000  inc=-1.296890  bucket 0->0  (mf=1000)
[MF-SEL] tPrev=(  d=0.000054  dMin=0.000000  dAvg=0.076580  dMax=32.353340  Dlo=0.038290  Dhi=16.214960  err=-1.000000  inc=-1.299378  bucket 0->0  (mf=1000)
[MF-SEL] tPrev=(  d=0.000064  dMin=0.000000  dAvg=0.076443  dMax=32.353340  Dlo=0.038222  Dhi=16.214892  err=-1.000000  inc=-1.301889  bucket 0->0  (mf=1000)
[MF-SEL] tPrev=(  d=0.000069  dMin=0.000000  dAvg=0.076307  dMax=32.353340  Dlo=0.038153  Dhi=16.214823  err=-1.000000  inc=-1.304455  bucket 0->0  (mf=1000)
[MF-SEL] tPrev=(  d=0.000050  dMin=0.000000  dAvg=0.076171  dMax=32.353340  Dlo=0.038085  Dhi=16.214756  err=-1.000000  inc=-1.306607  bucket 0->0  (mf=1000)
[MF-SEL] tPrev=(  d=0.000359  dMin=0.000000  dAvg=0.076036  dMax=32.353340  Dlo=0.038018  Dhi=16.214688  err=-1.000000  inc=-1.309015  bucket 0->0  (mf=1000)
[MF-SEL] tPrev=(  d=0.000164  dMin=0.000000  dAvg=0.075901  dMax=32.353340  Dlo=0.037951  Dhi=16.214621  err=-1.000000  inc=-1.311776  bucket 0->0  (mf=1000)
[MF-SEL] tPrev=(  d=0.000064  dMin=0.000000  dAvg=0.075767  dMax=32.353340  Dlo=0.037883  Dhi=16.214553  err=-1.000000  inc=-1.314452  bucket 0->0  (mf=1000)
[MF-SEL] tPrev=(  d=0.000150  dMin=0.000000  dAvg=0.075633  dMax=32.353340  Dlo=0.037816  Dhi=16.214487  err=-1.000000  inc=-1.316709  bucket 0->0  (mf=1000)
[MF-SEL] tPrev=(  d=0.000100  dMin=0.000000  dAvg=0.075499  dMax=32.353340  Dlo=0.037750  Dhi=16.214420  err=-1.000000  inc=-1.319133  bucket 0->0  (mf=1000)
[MF-SEL] tPrev=(  d=0.000075  dMin=0.000000  dAvg=0.075366  dMax=32.353340  Dlo=0.037683  Dhi=16.214353  err=-1.000000  inc=-1.321660  bucket 0->0  (mf=1000)
[MF-SEL] tPrev=(  d=0.000078  dMin=0.000000  dAvg=0.075234  dMax=32.353340  Dlo=0.037617  Dhi=16.214287  err=-1.000000  inc=-1.323978  bucket 0->0  (mf=1000)
[MF-SEL] tPrev=(  d=0.000084  dMin=0.000000  dAvg=0.075102  dMax=32.353340  Dlo=0.037551  Dhi=16.214221  err=-1.000000  inc=-1.326563  bucket 0->0  (mf=1000)
[MF-SEL] tPrev=(  d=0.000056  dMin=0.000000  dAvg=0.074970  dMax=32.353340  Dlo=0.037485  Dhi=16.214155  err=-1.000000  inc=-1.328913  bucket 0->0  (mf=1000)
[MF-SEL] tPrev=(  d=0.000122  dMin=0.000000  dAvg=0.074839  dMax=32.353340  Dlo=0.037420  Dhi=16.214090  err=-1.000000  inc=-1.331667  bucket 0->0  (mf=1000)
[MF-SEL] tPrev=(  d=0.000310  dMin=0.000000  dAvg=0.074709  dMax=32.353340  Dlo=0.037354  Dhi=16.214024  err=-1.000000  inc=-1.333793  bucket 0->0  (mf=1000)
[MF-SEL] tPrev=(  d=0.000051  dMin=0.000000  dAvg=0.074579  dMax=32.353340  Dlo=0.037289  Dhi=16.213959  err=-1.000000  inc=-1.336644  bucket 0->0  (mf=1000)
[MF-SEL] tPrev=(  d=0.000040  dMin=0.000000  dAvg=0.074449  dMax=32.353340  Dlo=0.037224  Dhi=16.213894  err=-1.000000  inc=-1.339117  bucket 0->0  (mf=1000)
[MF-SEL] tPrev=(  d=0.000050  dMin=0.000000  dAvg=0.074319  dMax=32.353340  Dlo=0.037160  Dhi=16.213830  err=-1.000000  inc=-1.341701  bucket 0->0  (mf=1000)
[MF-SEL] tPrev=(  d=0.000095  dMin=0.000000  dAvg=0.074190  dMax=32.353340  Dlo=0.037095  Dhi=16.213765  err=-1.000000  inc=-1.344097  bucket 0->0  (mf=1000)
[MF-SEL] tPrev=(  d=0.000031  dMin=0.000000  dAvg=0.074062  dMax=32.353340  Dlo=0.037031  Dhi=16.213701  err=-1.000000  inc=-1.346674  bucket 0->0  (mf=1000)
[MF-SEL] tPrev=(  d=0.000152  dMin=0.000000  dAvg=0.073934  dMax=32.353340  Dlo=0.036967  Dhi=16.213637  err=-1.000000  inc=-1.349236  bucket 0->0  (mf=1000)
[MF-SEL] tPrev=(  d=0.000031  dMin=0.000000  dAvg=0.073806  dMax=32.353340  Dlo=0.036903  Dhi=16.213573  err=-1.000000  inc=-1.351659  bucket 0->0  (mf=1000)
[MF-SEL] tPrev=(  d=0.000075  dMin=0.000000  dAvg=0.073679  dMax=32.353340  Dlo=0.036840  Dhi=16.213510  err=-1.000000  inc=-1.354174  bucket 0->0  (mf=1000)
[MF-SEL] tPrev=(  d=0.000049  dMin=0.000000  dAvg=0.073553  dMax=32.353340  Dlo=0.036776  Dhi=16.213446  err=-1.000000  inc=-1.356350  bucket 0->0  (mf=1000)
[MF-SEL] tPrev=(  d=0.000266  dMin=0.000000  dAvg=0.073427  dMax=32.353340  Dlo=0.036713  Dhi=16.213383  err=-1.000000  inc=-1.359070  bucket 0->0  (mf=1000)
[MF-SEL] tPrev=(  d=0.000034  dMin=0.000000  dAvg=0.073301  dMax=32.353340  Dlo=0.036650  Dhi=16.213320  err=-1.000000  inc=-1.361610  bucket 0->0  (mf=1000)
[MF-SEL] tPrev=(  d=0.000036  dMin=0.000000  dAvg=0.073175  dMax=32.353340  Dlo=0.036588  Dhi=16.213258  err=-1.000000  inc=-1.364289  bucket 0->0  (mf=1000)
[MF-SEL] tPrev=(  d=0.000083  dMin=0.000000  dAvg=0.073050  dMax=32.353340  Dlo=0.036525  Dhi=16.213195  err=-1.000000  inc=-1.366547  bucket 0->0  (mf=1000)
[MF-SEL] tPrev=(  d=0.000035  dMin=0.000000  dAvg=0.072926  dMax=32.353340  Dlo=0.036463  Dhi=16.213133  err=-1.000000  inc=-1.369125  bucket 0->0  (mf=1000)
[MF-SEL] tPrev=(  d=0.000053  dMin=0.000000  dAvg=0.072802  dMax=32.353340  Dlo=0.036401  Dhi=16.213071  err=-1.000000  inc=-1.371678  bucket 0->0  (mf=1000)
[MF-SEL] tPrev=(  d=0.000012  dMin=0.000000  dAvg=0.072678  dMax=32.353340  Dlo=0.036339  Dhi=16.213009  err=-1.000000  inc=-1.374043  bucket 0->0  (mf=1000)
[MF-SEL] tPrev=(  d=0.000055  dMin=0.000000  dAvg=0.072554  dMax=32.353340  Dlo=0.036277  Dhi=16.212947  err=-1.000000  inc=-1.376541  bucket 0->0  (mf=1000)
[MF-SEL] tPrev=(  d=0.000028  dMin=0.000000  dAvg=0.072432  dMax=32.353340  Dlo=0.036216  Dhi=16.212886  err=-1.000000  inc=-1.378954  bucket 0->0  (mf=1000)
[MF-SEL] tPrev=(  d=0.000046  dMin=0.000000  dAvg=0.072309  dMax=32.353340  Dlo=0.036155  Dhi=16.212825  err=-1.000000  inc=-1.381379  bucket 0->0  (mf=1000)
[MF-SEL] tPrev=(  d=0.000032  dMin=0.000000  dAvg=0.072187  dMax=32.353340  Dlo=0.036093  Dhi=16.212764  err=-1.000000  inc=-1.384015  bucket 0->0  (mf=1000)
[MF-SEL] tPrev=(  d=0.000184  dMin=0.000000  dAvg=0.072066  dMax=32.353340  Dlo=0.036033  Dhi=16.212703  err=-1.000000  inc=-1.386463  bucket 0->0  (mf=1000)
[MF-SEL] tPrev=(  d=0.000058  dMin=0.000000  dAvg=0.071944  dMax=32.353340  Dlo=0.035972  Dhi=16.212642  err=-1.000000  inc=-1.388971  bucket 0->0  (mf=1000)
[MF-SEL] tPrev=(  d=0.000048  dMin=0.000000  dAvg=0.071823  dMax=32.353340  Dlo=0.035912  Dhi=16.212582  err=-1.000000  inc=-1.391498  bucket 0->0  (mf=1000)
[MF-SEL] tPrev=(  d=0.000051  dMin=0.000000  dAvg=0.071703  dMax=32.353340  Dlo=0.035852  Dhi=16.212522  err=-1.000000  inc=-1.394053  bucket 0->0  (mf=1000)
[MF-SEL] tPrev=(  d=0.000043  dMin=0.000000  dAvg=0.071583  dMax=32.353340  Dlo=0.035792  Dhi=16.212462  err=-1.000000  inc=-1.396561  bucket 0->0  (mf=1000)
[MF-SEL] tPrev=(  d=0.000044  dMin=0.000000  dAvg=0.071463  dMax=32.353340  Dlo=0.035732  Dhi=16.212402  err=-1.000000  inc=-1.399132  bucket 0->0  (mf=1000)
[MF-SEL] tPrev=(  d=0.000080  dMin=0.000000  dAvg=0.071344  dMax=32.353340  Dlo=0.035672  Dhi=16.212342  err=-1.000000  inc=-1.401612  bucket 0->0  (mf=1000)
[MF-SEL] tPrev=(  d=0.000078  dMin=0.000000  dAvg=0.071225  dMax=32.353340  Dlo=0.035613  Dhi=16.212283  err=-1.000000  inc=-1.403998  bucket 0->0  (mf=1000)
[MF-SEL] tPrev=(  d=0.000047  dMin=0.000000  dAvg=0.071107  dMax=32.353340  Dlo=0.035554  Dhi=16.212224  err=-1.000000  inc=-1.406399  bucket 0->0  (mf=1000)
[MF-SEL] tPrev=(  d=0.000213  dMin=0.000000  dAvg=0.070989  dMax=32.353340  Dlo=0.035495  Dhi=16.212165  err=-1.000000  inc=-1.408919  bucket 0->0  (mf=1000)
[MF-SEL] tPrev=(  d=0.000089  dMin=0.000000  dAvg=0.070872  dMax=32.353340  Dlo=0.035436  Dhi=16.212106  err=-1.000000  inc=-1.411553  bucket 0->0  (mf=1000)
[MF-SEL] tPrev=(  d=0.000189  dMin=0.000000  dAvg=0.070755  dMax=32.353340  Dlo=0.035377  Dhi=16.212047  err=-1.000000  inc=-1.414001  bucket 0->0  (mf=1000)
[MF-SEL] tPrev=(  d=0.000104  dMin=0.000000  dAvg=0.070638  dMax=32.353340  Dlo=0.035319  Dhi=16.211989  err=-1.000000  inc=-1.416528  bucket 0->0  (mf=1000)
[MF-SEL] tPrev=(  d=0.000085  dMin=0.000000  dAvg=0.070521  dMax=32.353340  Dlo=0.035261  Dhi=16.211931  err=-1.000000  inc=-1.419052  bucket 0->0  (mf=1000)
[MF-SEL] tPrev=(  d=0.000078  dMin=0.000000  dAvg=0.070405  dMax=32.353340  Dlo=0.035203  Dhi=16.211873  err=-1.000000  inc=-1.421439  bucket 0->0  (mf=1000)
[MF-SEL] tPrev=(  d=0.000324  dMin=0.000000  dAvg=0.070290  dMax=32.353340  Dlo=0.035145  Dhi=16.211815  err=-1.000000  inc=-1.424023  bucket 0->0  (mf=1000)
[MF-SEL] tPrev=(  d=0.000030  dMin=0.000000  dAvg=0.070175  dMax=32.353340  Dlo=0.035087  Dhi=16.211757  err=-1.000000  inc=-1.426580  bucket 0->0  (mf=1000)
[MF-SEL] tPrev=(  d=0.000116  dMin=0.000000  dAvg=0.070060  dMax=32.353340  Dlo=0.035030  Dhi=16.211700  err=-1.000000  inc=-1.428980  bucket 0->0  (mf=1000)
[MF-SEL] tPrev=(  d=0.000163  dMin=0.000000  dAvg=0.069946  dMax=32.353340  Dlo=0.034973  Dhi=16.211643  err=-1.000000  inc=-1.431406  bucket 0->0  (mf=1000)
[MF-SEL] tPrev=(  d=0.000410  dMin=0.000000  dAvg=0.069832  dMax=32.353340  Dlo=0.034916  Dhi=16.211586  err=-1.000000  inc=-1.433785  bucket 0->0  (mf=1000)
[MF-SEL] tPrev=(  d=0.000158  dMin=0.000000  dAvg=0.069718  dMax=32.353340  Dlo=0.034859  Dhi=16.211529  err=-1.000000  inc=-1.436528  bucket 0->0  (mf=1000)
[MF-SEL] tPrev=(  d=0.000236  dMin=0.000000  dAvg=0.069605  dMax=32.353340  Dlo=0.034803  Dhi=16.211473  err=-1.000000  inc=-1.439135  bucket 0->0  (mf=1000)
[MF-SEL] tPrev=(  d=0.000117  dMin=0.000000  dAvg=0.069492  dMax=32.353340  Dlo=0.034746  Dhi=16.211416  err=-1.000000  inc=-1.441578  bucket 0->0  (mf=1000)
[MF-SEL] tPrev=(  d=0.000121  dMin=0.000000  dAvg=0.069379  dMax=32.353340  Dlo=0.034690  Dhi=16.211360  err=-1.000000  inc=-1.444018  bucket 0->0  (mf=1000)
[MF-SEL] tPrev=(  d=0.000109  dMin=0.000000  dAvg=0.069267  dMax=32.353340  Dlo=0.034634  Dhi=16.211304  err=-1.000000  inc=-1.446509  bucket 0->0  (mf=1000)
[MF-SEL] tPrev=(  d=0.000120  dMin=0.000000  dAvg=0.069155  dMax=32.353340  Dlo=0.034578  Dhi=16.211248  err=-1.000000  inc=-1.448931  bucket 0->0  (mf=1000)
[MF-SEL] tPrev=(  d=0.000071  dMin=0.000000  dAvg=0.069044  dMax=32.353340  Dlo=0.034522  Dhi=16.211192  err=-1.000000  inc=-1.451369  bucket 0->0  (mf=1000)
[MF-SEL] tPrev=(  d=0.000099  dMin=0.000000  dAvg=0.068932  dMax=32.353340  Dlo=0.034466  Dhi=16.211136  err=-1.000000  inc=-1.453709  bucket 0->0  (mf=1000)
[MF-SEL] tPrev=(  d=0.000171  dMin=0.000000  dAvg=0.068822  dMax=32.353340  Dlo=0.034411  Dhi=16.211081  err=-1.000000  inc=-1.456144  bucket 0->0  (mf=1000)
[MF-SEL] tPrev=(  d=0.000369  dMin=0.000000  dAvg=0.068712  dMax=32.353340  Dlo=0.034356  Dhi=16.211026  err=-1.000000  inc=-1.458569  bucket 0->0  (mf=1000)
[MF-SEL] tPrev=(  d=0.000078  dMin=0.000000  dAvg=0.068602  dMax=32.353340  Dlo=0.034301  Dhi=16.210971  err=-1.000000  inc=-1.461345  bucket 0->0  (mf=1000)
[MF-SEL] tPrev=(  d=0.000183  dMin=0.000000  dAvg=0.068492  dMax=32.353340  Dlo=0.034246  Dhi=16.210916  err=-1.000000  inc=-1.463816  bucket 0->0  (mf=1000)
[MF-SEL] tPrev=(  d=0.000113  dMin=0.000000  dAvg=0.068382  dMax=32.353340  Dlo=0.034191  Dhi=16.210861  err=-1.000000  inc=-1.466282  bucket 0->0  (mf=1000)
[MF-SEL] tPrev=(  d=0.000160  dMin=0.000000  dAvg=0.068274  dMax=32.353340  Dlo=0.034137  Dhi=16.210807  err=-1.000000  inc=-1.468773  bucket 0->0  (mf=1000)
[MF-SEL] tPrev=(  d=0.000135  dMin=0.000000  dAvg=0.068165  dMax=32.353340  Dlo=0.034082  Dhi=16.210752  err=-1.000000  inc=-1.471233  bucket 0->0  (mf=1000)
[MF-SEL] tPrev=(  d=0.000053  dMin=0.000000  dAvg=0.068056  dMax=32.353340  Dlo=0.034028  Dhi=16.210698  err=-1.000000  inc=-1.473822  bucket 0->0  (mf=1000)
[MF-SEL] tPrev=(  d=0.000086  dMin=0.000000  dAvg=0.067948  dMax=32.353340  Dlo=0.033974  Dhi=16.210644  err=-1.000000  inc=-1.476279  bucket 0->0  (mf=1000)
[MF-SEL] tPrev=(  d=0.000121  dMin=0.000000  dAvg=0.067841  dMax=32.353340  Dlo=0.033920  Dhi=16.210590  err=-1.000000  inc=-1.478463  bucket 0->0  (mf=1000)
[MF-SEL] tPrev=(  d=0.000170  dMin=0.000000  dAvg=0.067733  dMax=32.353340  Dlo=0.033867  Dhi=16.210537  err=-1.000000  inc=-1.480956  bucket 0->0  (mf=1000)
[MF-SEL] tPrev=(  d=0.000254  dMin=0.000000  dAvg=0.067627  dMax=32.353340  Dlo=0.033813  Dhi=16.210483  err=-1.000000  inc=-1.483541  bucket 0->0  (mf=1000)
[MF-SEL] tPrev=(  d=0.000941  dMin=0.000000  dAvg=0.067521  dMax=32.353340  Dlo=0.033761  Dhi=16.210431  err=-1.000000  inc=-1.485959  bucket 0->0  (mf=1000)
[MF-SEL] tPrev=(  d=0.000065  dMin=0.000000  dAvg=0.067415  dMax=32.353340  Dlo=0.033707  Dhi=16.210378  err=-1.000000  inc=-1.488645  bucket 0->0  (mf=1000)
[MF-SEL] tPrev=(  d=0.000240  dMin=0.000000  dAvg=0.067309  dMax=32.353340  Dlo=0.033655  Dhi=16.210325  err=-1.000000  inc=-1.491059  bucket 0->0  (mf=1000)
[MF-SEL] tPrev=(  d=0.000205  dMin=0.000000  dAvg=0.067204  dMax=32.353340  Dlo=0.033602  Dhi=16.210272  err=-1.000000  inc=-1.493612  bucket 0->0  (mf=1000)
[MF-SEL] tPrev=(  d=0.000317  dMin=0.000000  dAvg=0.067099  dMax=32.353340  Dlo=0.033549  Dhi=16.210219  err=-1.000000  inc=-1.496218  bucket 0->0  (mf=1000)
[MF-SEL] tPrev=(  d=0.000230  dMin=0.000000  dAvg=0.066994  dMax=32.353340  Dlo=0.033497  Dhi=16.210167  err=-1.000000  inc=-1.498598  bucket 0->0  (mf=1000)
[MF-SEL] tPrev=(  d=0.000136  dMin=0.000000  dAvg=0.066889  dMax=32.353340  Dlo=0.033445  Dhi=16.210115  err=-1.000000  inc=-1.501046  bucket 0->0  (mf=1000)
[MF-SEL] tPrev=(  d=0.000060  dMin=0.000000  dAvg=0.066785  dMax=32.353340  Dlo=0.033392  Dhi=16.210062  err=-1.000000  inc=-1.503553  bucket 0->0  (mf=1000)
[MF-SEL] tPrev=(  d=0.000160  dMin=0.000000  dAvg=0.066681  dMax=32.353340  Dlo=0.033340  Dhi=16.210010  err=-1.000000  inc=-1.505983  bucket 0->0  (mf=1000)
[MF-SEL] tPrev=(  d=0.000515  dMin=0.000000  dAvg=0.066578  dMax=32.353340  Dlo=0.033289  Dhi=16.209959  err=-1.000000  inc=-1.508179  bucket 0->0  (mf=1000)
[MF-SEL] tPrev=(  d=0.000189  dMin=0.000000  dAvg=0.066474  dMax=32.353340  Dlo=0.033237  Dhi=16.209907  err=-1.000000  inc=-1.510772  bucket 0->0  (mf=1000)
[MF-SEL] tPrev=(  d=0.000223  dMin=0.000000  dAvg=0.066372  dMax=32.353340  Dlo=0.033186  Dhi=16.209856  err=-1.000000  inc=-1.513438  bucket 0->0  (mf=1000)
[MF-SEL] tPrev=(  d=0.000148  dMin=0.000000  dAvg=0.066269  dMax=32.353340  Dlo=0.033134  Dhi=16.209805  err=-1.000000  inc=-1.516176  bucket 0->0  (mf=1000)
[MF-SEL] tPrev=(  d=0.000165  dMin=0.000000  dAvg=0.066167  dMax=32.353340  Dlo=0.033083  Dhi=16.209753  err=-1.000000  inc=-1.518304  bucket 0->0  (mf=1000)
[MF-SEL] tPrev=(  d=0.000247  dMin=0.000000  dAvg=0.066065  dMax=32.353340  Dlo=0.033032  Dhi=16.209702  err=-1.000000  inc=-1.521030  bucket 0->0  (mf=1000)
[MF-SEL] tPrev=(  d=0.000112  dMin=0.000000  dAvg=0.065963  dMax=32.353340  Dlo=0.032981  Dhi=16.209652  err=-1.000000  inc=-1.523582  bucket 0->0  (mf=1000)
[MF-SEL] tPrev=(  d=0.000207  dMin=0.000000  dAvg=0.065862  dMax=32.353340  Dlo=0.032931  Dhi=16.209601  err=-1.000000  inc=-1.526086  bucket 0->0  (mf=1000)
[MF-SEL] tPrev=(  d=0.000074  dMin=0.000000  dAvg=0.065760  dMax=32.353340  Dlo=0.032880  Dhi=16.209550  err=-1.000000  inc=-1.528242  bucket 0->0  (mf=1000)
[MF-SEL] tPrev=(  d=0.000119  dMin=0.000000  dAvg=0.065660  dMax=32.353340  Dlo=0.032830  Dhi=16.209500  err=-1.000000  inc=-1.531077  bucket 0->0  (mf=1000)
[MF-SEL] tPrev=(  d=0.000270  dMin=0.000000  dAvg=0.065559  dMax=32.353340  Dlo=0.032780  Dhi=16.209450  err=-1.000000  inc=-1.533034  bucket 0->0  (mf=1000)
[MF-SEL] tPrev=(  d=0.000259  dMin=0.000000  dAvg=0.065459  dMax=32.353340  Dlo=0.032730  Dhi=16.209400  err=-1.000000  inc=-1.535808  bucket 0->0  (mf=1000)
[MF-SEL] tPrev=(  d=0.000225  dMin=0.000000  dAvg=0.065360  dMax=32.353340  Dlo=0.032680  Dhi=16.209350  err=-1.000000  inc=-1.538235  bucket 0->0  (mf=1000)
[MF-SEL] tPrev=(  d=0.000048  dMin=0.000000  dAvg=0.065260  dMax=32.353340  Dlo=0.032630  Dhi=16.209300  err=-1.000000  inc=-1.540666  bucket 0->0  (mf=1000)
[MF-SEL] tPrev=(  d=0.000106  dMin=0.000000  dAvg=0.065161  dMax=32.353340  Dlo=0.032580  Dhi=16.209250  err=-1.000000  inc=-1.543149  bucket 0->0  (mf=1000)
[MF-SEL] tPrev=(  d=0.000102  dMin=0.000000  dAvg=0.065062  dMax=32.353340  Dlo=0.032531  Dhi=16.209201  err=-1.000000  inc=-1.545729  bucket 0->0  (mf=1000)
[MF-SEL] tPrev=(  d=0.000146  dMin=0.000000  dAvg=0.064963  dMax=32.353340  Dlo=0.032481  Dhi=16.209151  err=-1.000000  inc=-1.548206  bucket 0->0  (mf=1000)
[MF-SEL] tPrev=(  d=0.000126  dMin=0.000000  dAvg=0.064864  dMax=32.353340  Dlo=0.032432  Dhi=16.209102  err=-1.000000  inc=-1.550711  bucket 0->0  (mf=1000)
[MF-SEL] tPrev=(  d=0.000144  dMin=0.000000  dAvg=0.064766  dMax=32.353340  Dlo=0.032383  Dhi=16.209053  err=-1.000000  inc=-1.553073  bucket 0->0  (mf=1000)
[MF-SEL] tPrev=(  d=0.000063  dMin=0.000000  dAvg=0.064669  dMax=32.353340  Dlo=0.032334  Dhi=16.209004  err=-1.000000  inc=-1.555561  bucket 0->0  (mf=1000)
[MF-SEL] tPrev=(  d=0.000363  dMin=0.000000  dAvg=0.064571  dMax=32.353340  Dlo=0.032286  Dhi=16.208956  err=-1.000000  inc=-1.557903  bucket 0->0  (mf=1000)
[MF-SEL] tPrev=(  d=0.000086  dMin=0.000000  dAvg=0.064474  dMax=32.353340  Dlo=0.032237  Dhi=16.208907  err=-1.000000  inc=-1.560627  bucket 0->0  (mf=1000)
[MF-SEL] tPrev=(  d=0.000072  dMin=0.000000  dAvg=0.064377  dMax=32.353340  Dlo=0.032189  Dhi=16.208859  err=-1.000000  inc=-1.563195  bucket 0->0  (mf=1000)
[MF-SEL] tPrev=(  d=0.000224  dMin=0.000000  dAvg=0.064281  dMax=32.353340  Dlo=0.032140  Dhi=16.208810  err=-1.000000  inc=-1.565695  bucket 0->0  (mf=1000)
[MF-SEL] tPrev=(  d=0.000146  dMin=0.000000  dAvg=0.064184  dMax=32.353340  Dlo=0.032092  Dhi=16.208762  err=-1.000000  inc=-1.568158  bucket 0->0  (mf=1000)
[MF-SEL] tPrev=(  d=0.000166  dMin=0.000000  dAvg=0.064088  dMax=32.353340  Dlo=0.032044  Dhi=16.208714  err=-1.000000  inc=-1.570755  bucket 0->0  (mf=1000)
[MF-SEL] tPrev=(  d=0.000063  dMin=0.000000  dAvg=0.063993  dMax=32.353340  Dlo=0.031996  Dhi=16.208666  err=-1.000000  inc=-1.573189  bucket 0->0  (mf=1000)
[MF-SEL] tPrev=(  d=0.000055  dMin=0.000000  dAvg=0.063897  dMax=32.353340  Dlo=0.031948  Dhi=16.208619  err=-1.000000  inc=-1.575669  bucket 0->0  (mf=1000)
[MF-SEL] tPrev=(  d=0.000021  dMin=0.000000  dAvg=0.063802  dMax=32.353340  Dlo=0.031901  Dhi=16.208571  err=-1.000000  inc=-1.577986  bucket 0->0  (mf=1000)
[MF-SEL] tPrev=(  d=0.000074  dMin=0.000000  dAvg=0.063707  dMax=32.353340  Dlo=0.031853  Dhi=16.208523  err=-1.000000  inc=-1.580661  bucket 0->0  (mf=1000)
[MF-SEL] tPrev=(  d=0.000254  dMin=0.000000  dAvg=0.063612  dMax=32.353340  Dlo=0.031806  Dhi=16.208476  err=-1.000000  inc=-1.582834  bucket 0->0  (mf=1000)
[MF-SEL] tPrev=(  d=0.000059  dMin=0.000000  dAvg=0.063518  dMax=32.353340  Dlo=0.031759  Dhi=16.208429  err=-1.000000  inc=-1.585565  bucket 0->0  (mf=1000)
[MF-SEL] tPrev=(  d=0.000172  dMin=0.000000  dAvg=0.063424  dMax=32.353340  Dlo=0.031712  Dhi=16.208382  err=-1.000000  inc=-1.587997  bucket 0->0  (mf=1000)
[MF-SEL] tPrev=(  d=0.000180  dMin=0.000000  dAvg=0.063330  dMax=32.353340  Dlo=0.031665  Dhi=16.208335  err=-1.000000  inc=-1.590294  bucket 0->0  (mf=1000)
[MF-SEL] tPrev=(  d=0.000083  dMin=0.000000  dAvg=0.063237  dMax=32.353340  Dlo=0.031618  Dhi=16.208288  err=-1.000000  inc=-1.593016  bucket 0->0  (mf=1000)
[MF-SEL] tPrev=(  d=0.000059  dMin=0.000000  dAvg=0.063143  dMax=32.353340  Dlo=0.031572  Dhi=16.208242  err=-1.000000  inc=-1.595448  bucket 0->0  (mf=1000)
[MF-SEL] tPrev=(  d=0.000063  dMin=0.000000  dAvg=0.063050  dMax=32.353340  Dlo=0.031525  Dhi=16.208195  err=-1.000000  inc=-1.597937  bucket 0->0  (mf=1000)
[MF-SEL] tPrev=(  d=0.000096  dMin=0.000000  dAvg=0.062957  dMax=32.353340  Dlo=0.031479  Dhi=16.208149  err=-1.000000  inc=-1.600522  bucket 0->0  (mf=1000)
[MF-SEL] tPrev=(  d=0.000087  dMin=0.000000  dAvg=0.062865  dMax=32.353340  Dlo=0.031433  Dhi=16.208103  err=-1.000000  inc=-1.602827  bucket 0->0  (mf=1000)
[MF-SEL] tPrev=(  d=0.000081  dMin=0.000000  dAvg=0.062773  dMax=32.353340  Dlo=0.031386  Dhi=16.208056  err=-1.000000  inc=-1.605262  bucket 0->0  (mf=1000)
[MF-SEL] tPrev=(  d=0.000050  dMin=0.000000  dAvg=0.062681  dMax=32.353340  Dlo=0.031340  Dhi=16.208010  err=-1.000000  inc=-1.607759  bucket 0->0  (mf=1000)
[MF-SEL] tPrev=(  d=0.000407  dMin=0.000000  dAvg=0.062590  dMax=32.353340  Dlo=0.031295  Dhi=16.207965  err=-1.000000  inc=-1.610215  bucket 0->0  (mf=1000)
[MF-SEL] tPrev=(  d=0.000131  dMin=0.000000  dAvg=0.062498  dMax=32.353340  Dlo=0.031249  Dhi=16.207919  err=-1.000000  inc=-1.612700  bucket 0->0  (mf=1000)
[MF-SEL] tPrev=(  d=0.000163  dMin=0.000000  dAvg=0.062407  dMax=32.353340  Dlo=0.031204  Dhi=16.207874  err=-1.000000  inc=-1.615387  bucket 0->0  (mf=1000)
[MF-SEL] tPrev=(  d=0.000175  dMin=0.000000  dAvg=0.062317  dMax=32.353340  Dlo=0.031158  Dhi=16.207828  err=-1.000000  inc=-1.617823  bucket 0->0  (mf=1000)
[MF-SEL] tPrev=(  d=0.000065  dMin=0.000000  dAvg=0.062226  dMax=32.353340  Dlo=0.031113  Dhi=16.207783  err=-1.000000  inc=-1.620401  bucket 0->0  (mf=1000)
[MF-SEL] tPrev=(  d=0.000087  dMin=0.000000  dAvg=0.062136  dMax=32.353340  Dlo=0.031068  Dhi=16.207738  err=-1.000000  inc=-1.622987  bucket 0->0  (mf=1000)
[MF-SEL] tPrev=(  d=0.000084  dMin=0.000000  dAvg=0.062046  dMax=32.353340  Dlo=0.031023  Dhi=16.207693  err=-1.000000  inc=-1.625213  bucket 0->0  (mf=1000)
[MF-SEL] tPrev=(  d=0.000075  dMin=0.000000  dAvg=0.061956  dMax=32.353340  Dlo=0.030978  Dhi=16.207648  err=-1.000000  inc=-1.627754  bucket 0->0  (mf=1000)
[MF-SEL] tPrev=(  d=0.000052  dMin=0.000000  dAvg=0.061866  dMax=32.353340  Dlo=0.030933  Dhi=16.207603  err=-1.000000  inc=-1.630137  bucket 0->0  (mf=1000)
[MF-SEL] tPrev=(  d=0.000227  dMin=0.000000  dAvg=0.061777  dMax=32.353340  Dlo=0.030889  Dhi=16.207559  err=-1.000000  inc=-1.632566  bucket 0->0  (mf=1000)
[MF-SEL] tPrev=(  d=0.000079  dMin=0.000000  dAvg=0.061688  dMax=32.353340  Dlo=0.030844  Dhi=16.207514  err=-1.000000  inc=-1.635063  bucket 0->0  (mf=1000)
[MF-SEL] tPrev=(  d=0.000084  dMin=0.000000  dAvg=0.061599  dMax=32.353340  Dlo=0.030800  Dhi=16.207470  err=-1.000000  inc=-1.637634  bucket 0->0  (mf=1000)
[MF-SEL] tPrev=(  d=0.000050  dMin=0.000000  dAvg=0.061511  dMax=32.353340  Dlo=0.030755  Dhi=16.207425  err=-1.000000  inc=-1.639966  bucket 0->0  (mf=1000)
[MF-SEL] tPrev=(  d=0.000042  dMin=0.000000  dAvg=0.061423  dMax=32.353340  Dlo=0.030711  Dhi=16.207381  err=-1.000000  inc=-1.642540  bucket 0->0  (mf=1000)
[MF-SEL] tPrev=(  d=0.000055  dMin=0.000000  dAvg=0.061334  dMax=32.353340  Dlo=0.030667  Dhi=16.207337  err=-1.000000  inc=-1.644948  bucket 0->0  (mf=1000)
[MF-SEL] tPrev=(  d=0.000059  dMin=0.000000  dAvg=0.061247  dMax=32.353340  Dlo=0.030623  Dhi=16.207293  err=-1.000000  inc=-1.647406  bucket 0->0  (mf=1000)
[MF-SEL] tPrev=(  d=0.000053  dMin=0.000000  dAvg=0.061159  dMax=32.353340  Dlo=0.030580  Dhi=16.207250  err=-1.000000  inc=-1.649923  bucket 0->0  (mf=1000)
[MF-SEL] tPrev=(  d=0.000085  dMin=0.000000  dAvg=0.061072  dMax=32.353340  Dlo=0.030536  Dhi=16.207206  err=-1.000000  inc=-1.652333  bucket 0->0  (mf=1000)
[MF-SEL] tPrev=(  d=0.000044  dMin=0.000000  dAvg=0.060985  dMax=32.353340  Dlo=0.030492  Dhi=16.207162  err=-1.000000  inc=-1.654854  bucket 0->0  (mf=1000)
[MF-SEL] tPrev=(  d=0.000338  dMin=0.000000  dAvg=0.060898  dMax=32.353340  Dlo=0.030449  Dhi=16.207119  err=-1.000000  inc=-1.656995  bucket 0->0  (mf=1000)
[MF-SEL] tPrev=(  d=0.000068  dMin=0.000000  dAvg=0.060812  dMax=32.353340  Dlo=0.030406  Dhi=16.207076  err=-1.000000  inc=-1.659759  bucket 0->0  (mf=1000)
[MF-SEL] tPrev=(  d=0.000089  dMin=0.000000  dAvg=0.060726  dMax=32.353340  Dlo=0.030363  Dhi=16.207033  err=-1.000000  inc=-1.662370  bucket 0->0  (mf=1000)
[MF-SEL] tPrev=(  d=0.000026  dMin=0.000000  dAvg=0.060640  dMax=32.353340  Dlo=0.030320  Dhi=16.206990  err=-1.000000  inc=-1.664571  bucket 0->0  (mf=1000)
[MF-SEL] tPrev=(  d=0.000018  dMin=0.000000  dAvg=0.060554  dMax=32.353340  Dlo=0.030277  Dhi=16.206947  err=-1.000000  inc=-1.667115  bucket 0->0  (mf=1000)
[MF-SEL] tPrev=(  d=0.000093  dMin=0.000000  dAvg=0.060468  dMax=32.353340  Dlo=0.030234  Dhi=16.206904  err=-1.000000  inc=-1.669667  bucket 0->0  (mf=1000)
[MF-SEL] tPrev=(  d=0.000062  dMin=0.000000  dAvg=0.060383  dMax=32.353340  Dlo=0.030191  Dhi=16.206861  err=-1.000000  inc=-1.672196  bucket 0->0  (mf=1000)
[MF-SEL] tPrev=(  d=0.000041  dMin=0.000000  dAvg=0.060298  dMax=32.353340  Dlo=0.030149  Dhi=16.206819  err=-1.000000  inc=-1.674586  bucket 0->0  (mf=1000)
[MF-SEL] tPrev=(  d=0.000034  dMin=0.000000  dAvg=0.060213  dMax=32.353340  Dlo=0.030106  Dhi=16.206776  err=-1.000000  inc=-1.677072  bucket 0->0  (mf=1000)
[MF-SEL] tPrev=(  d=0.000061  dMin=0.000000  dAvg=0.060128  dMax=32.353340  Dlo=0.030064  Dhi=16.206734  err=-1.000000  inc=-1.679327  bucket 0->0  (mf=1000)
[MF-SEL] tPrev=(  d=0.000231  dMin=0.000000  dAvg=0.060044  dMax=32.353340  Dlo=0.030022  Dhi=16.206692  err=-1.000000  inc=-1.681954  bucket 0->0  (mf=1000)
[MF-SEL] tPrev=(  d=0.000136  dMin=0.000000  dAvg=0.059960  dMax=32.353340  Dlo=0.029980  Dhi=16.206650  err=-1.000000  inc=-1.684498  bucket 0->0  (mf=1000)
[MF-SEL] tPrev=(  d=0.000101  dMin=0.000000  dAvg=0.059876  dMax=32.353340  Dlo=0.029938  Dhi=16.206608  err=-1.000000  inc=-1.686914  bucket 0->0  (mf=1000)
[MF-SEL] tPrev=(  d=0.000100  dMin=0.000000  dAvg=0.059793  dMax=32.353340  Dlo=0.029896  Dhi=16.206566  err=-1.000000  inc=-1.689626  bucket 0->0  (mf=1000)
[MF-SEL] tPrev=(  d=0.000050  dMin=0.000000  dAvg=0.059709  dMax=32.353340  Dlo=0.029855  Dhi=16.206525  err=-1.000000  inc=-1.691897  bucket 0->0  (mf=1000)
[MF-SEL] tPrev=(  d=0.000087  dMin=0.000000  dAvg=0.059626  dMax=32.353340  Dlo=0.029813  Dhi=16.206483  err=-1.000000  inc=-1.694334  bucket 0->0  (mf=1000)
[MF-SEL] tPrev=(  d=0.000062  dMin=0.000000  dAvg=0.059543  dMax=32.353340  Dlo=0.029772  Dhi=16.206442  err=-1.000000  inc=-1.696784  bucket 0->0  (mf=1000)
[MF-SEL] tPrev=(  d=0.000027  dMin=0.000000  dAvg=0.059460  dMax=32.353340  Dlo=0.029730  Dhi=16.206400  err=-1.000000  inc=-1.699244  bucket 0->0  (mf=1000)
[MF-SEL] tPrev=(  d=0.000041  dMin=0.000000  dAvg=0.059378  dMax=32.353340  Dlo=0.029689  Dhi=16.206359  err=-1.000000  inc=-1.701615  bucket 0->0  (mf=1000)
[MF-SEL] tPrev=(  d=0.000037  dMin=0.000000  dAvg=0.059296  dMax=32.353340  Dlo=0.029648  Dhi=16.206318  err=-1.000000  inc=-1.704278  bucket 0->0  (mf=1000)
[MF-SEL] tPrev=(  d=0.000147  dMin=0.000000  dAvg=0.059214  dMax=32.353340  Dlo=0.029607  Dhi=16.206277  err=-1.000000  inc=-1.706318  bucket 0->0  (mf=1000)
[MF-SEL] tPrev=(  d=0.000136  dMin=0.000000  dAvg=0.059132  dMax=32.353340  Dlo=0.029566  Dhi=16.206236  err=-1.000000  inc=-1.709127  bucket 0->0  (mf=1000)
[MF-SEL] tPrev=(  d=0.000085  dMin=0.000000  dAvg=0.059050  dMax=32.353340  Dlo=0.029525  Dhi=16.206195  err=-1.000000  inc=-1.711706  bucket 0->0  (mf=1000)
[MF-SEL] tPrev=(  d=0.000074  dMin=0.000000  dAvg=0.058969  dMax=32.353340  Dlo=0.029484  Dhi=16.206155  err=-1.000000  inc=-1.713896  bucket 0->0  (mf=1000)
[MF-SEL] tPrev=(  d=0.000071  dMin=0.000000  dAvg=0.058888  dMax=32.353340  Dlo=0.029444  Dhi=16.206114  err=-1.000000  inc=-1.716396  bucket 0->0  (mf=1000)
[MF-SEL] tPrev=(  d=0.000066  dMin=0.000000  dAvg=0.058807  dMax=32.353340  Dlo=0.029403  Dhi=16.206074  err=-1.000000  inc=-1.718815  bucket 0->0  (mf=1000)
[MF-SEL] tPrev=(  d=0.000052  dMin=0.000000  dAvg=0.058726  dMax=32.353340  Dlo=0.029363  Dhi=16.206033  err=-1.000000  inc=-1.721403  bucket 0->0  (mf=1000)
[MF-SEL] tPrev=(  d=0.000080  dMin=0.000000  dAvg=0.058646  dMax=32.353340  Dlo=0.029323  Dhi=16.205993  err=-1.000000  inc=-1.723853  bucket 0->0  (mf=1000)
[MF-SEL] tPrev=(  d=0.000070  dMin=0.000000  dAvg=0.058566  dMax=32.353340  Dlo=0.029283  Dhi=16.205953  err=-1.000000  inc=-1.726222  bucket 0->0  (mf=1000)
[MF-SEL] tPrev=(  d=0.000159  dMin=0.000000  dAvg=0.058486  dMax=32.353340  Dlo=0.029243  Dhi=16.205913  err=-1.000000  inc=-1.728539  bucket 0->0  (mf=1000)
[MF-SEL] tPrev=(  d=0.000301  dMin=0.000000  dAvg=0.058406  dMax=32.353340  Dlo=0.029203  Dhi=16.205873  err=-1.000000  inc=-1.730948  bucket 0->0  (mf=1000)
[MF-SEL] tPrev=(  d=0.000061  dMin=0.000000  dAvg=0.058327  dMax=32.353340  Dlo=0.029163  Dhi=16.205833  err=-1.000000  inc=-1.733688  bucket 0->0  (mf=1000)
[MF-SEL] tPrev=(  d=0.000111  dMin=0.000000  dAvg=0.058247  dMax=32.353340  Dlo=0.029124  Dhi=16.205794  err=-1.000000  inc=-1.736243  bucket 0->0  (mf=1000)
[MF-SEL] tPrev=(  d=0.000028  dMin=0.000000  dAvg=0.058168  dMax=32.353340  Dlo=0.029084  Dhi=16.205754  err=-1.000000  inc=-1.738807  bucket 0->0  (mf=1000)
[MF-SEL] tPrev=(  d=0.000064  dMin=0.000000  dAvg=0.058089  dMax=32.353340  Dlo=0.029045  Dhi=16.205715  err=-1.000000  inc=-1.741018  bucket 0->0  (mf=1000)
[MF-SEL] tPrev=(  d=0.000029  dMin=0.000000  dAvg=0.058010  dMax=32.353340  Dlo=0.029005  Dhi=16.205675  err=-1.000000  inc=-1.743548  bucket 0->0  (mf=1000)
[MF-SEL] tPrev=(  d=0.000049  dMin=0.000000  dAvg=0.057932  dMax=32.353340  Dlo=0.028966  Dhi=16.205636  err=-1.000000  inc=-1.746234  bucket 0->0  (mf=1000)
[MF-SEL] tPrev=(  d=0.000025  dMin=0.000000  dAvg=0.057853  dMax=32.353340  Dlo=0.028927  Dhi=16.205597  err=-1.000000  inc=-1.748491  bucket 0->0  (mf=1000)
[MF-SEL] tPrev=(  d=0.000018  dMin=0.000000  dAvg=0.057775  dMax=32.353340  Dlo=0.028888  Dhi=16.205558  err=-1.000000  inc=-1.750819  bucket 0->0  (mf=1000)
[MF-SEL] tPrev=(  d=0.000031  dMin=0.000000  dAvg=0.057697  dMax=32.353340  Dlo=0.028849  Dhi=16.205519  err=-1.000000  inc=-1.753260  bucket 0->0  (mf=1000)
[MF-SEL] tPrev=(  d=0.000548  dMin=0.000000  dAvg=0.057620  dMax=32.353340  Dlo=0.028810  Dhi=16.205480  err=-1.000000  inc=-1.755723  bucket 0->0  (mf=1000)
[MF-SEL] tPrev=(  d=0.000165  dMin=0.000000  dAvg=0.057543  dMax=32.353340  Dlo=0.028771  Dhi=16.205442  err=-1.000000  inc=-1.758454  bucket 0->0  (mf=1000)
[MF-SEL] tPrev=(  d=0.000164  dMin=0.000000  dAvg=0.057466  dMax=32.353340  Dlo=0.028733  Dhi=16.205403  err=-1.000000  inc=-1.760878  bucket 0->0  (mf=1000)
[MF-SEL] tPrev=(  d=0.000136  dMin=0.000000  dAvg=0.057389  dMax=32.353340  Dlo=0.028694  Dhi=16.205365  err=-1.000000  inc=-1.763343  bucket 0->0  (mf=1000)
[MF-SEL] tPrev=(  d=0.000152  dMin=0.000000  dAvg=0.057312  dMax=32.353340  Dlo=0.028656  Dhi=16.205326  err=-1.000000  inc=-1.765783  bucket 0->0  (mf=1000)
[MF-SEL] tPrev=(  d=0.000070  dMin=0.000000  dAvg=0.057236  dMax=32.353340  Dlo=0.028618  Dhi=16.205288  err=-1.000000  inc=-1.768283  bucket 0->0  (mf=1000)
[MF-SEL] tPrev=(  d=0.000047  dMin=0.000000  dAvg=0.057159  dMax=32.353340  Dlo=0.028580  Dhi=16.205250  err=-1.000000  inc=-1.770884  bucket 0->0  (mf=1000)
[MF-SEL] tPrev=(  d=0.000149  dMin=0.000000  dAvg=0.057083  dMax=32.353340  Dlo=0.028541  Dhi=16.205212  err=-1.000000  inc=-1.773072  bucket 0->0  (mf=1000)
[MF-SEL] tPrev=(  d=0.000200  dMin=0.000000  dAvg=0.057007  dMax=32.353340  Dlo=0.028504  Dhi=16.205174  err=-1.000000  inc=-1.775512  bucket 0->0  (mf=1000)
[MF-SEL] tPrev=(  d=0.000077  dMin=0.000000  dAvg=0.056931  dMax=32.353340  Dlo=0.028466  Dhi=16.205136  err=-1.000000  inc=-1.777971  bucket 0->0  (mf=1000)
[MF-SEL] tPrev=(  d=0.001405  dMin=0.000000  dAvg=0.056857  dMax=32.353340  Dlo=0.028429  Dhi=16.205099  err=-1.000000  inc=-1.780278  bucket 0->0  (mf=1000)
[MF-SEL] tPrev=(  d=0.000229  dMin=0.000000  dAvg=0.056782  dMax=32.353340  Dlo=0.028391  Dhi=16.205061  err=-1.000000  inc=-1.783101  bucket 0->0  (mf=1000)
[MF-SEL] tPrev=(  d=0.000287  dMin=0.000000  dAvg=0.056707  dMax=32.353340  Dlo=0.028354  Dhi=16.205024  err=-1.000000  inc=-1.785661  bucket 0->0  (mf=1000)
[MF-SEL] tPrev=(  d=0.000263  dMin=0.000000  dAvg=0.056633  dMax=32.353340  Dlo=0.028316  Dhi=16.204986  err=-1.000000  inc=-1.788158  bucket 0->0  (mf=1000)
[MF-SEL] tPrev=(  d=0.000415  dMin=0.000000  dAvg=0.056558  dMax=32.353340  Dlo=0.028279  Dhi=16.204949  err=-1.000000  inc=-1.790562  bucket 0->0  (mf=1000)
[MF-SEL] tPrev=(  d=0.000918  dMin=0.000000  dAvg=0.056485  dMax=32.353340  Dlo=0.028242  Dhi=16.204912  err=-1.000000  inc=-1.793207  bucket 0->0  (mf=1000)
[MF-SEL] tPrev=(  d=0.000364  dMin=0.000000  dAvg=0.056411  dMax=32.353340  Dlo=0.028205  Dhi=16.204875  err=-1.000000  inc=-1.795691  bucket 0->0  (mf=1000)
[MF-SEL] tPrev=(  d=0.000362  dMin=0.000000  dAvg=0.056337  dMax=32.353340  Dlo=0.028168  Dhi=16.204838  err=-1.000000  inc=-1.798300  bucket 0->0  (mf=1000)
[MF-SEL] tPrev=(  d=0.000347  dMin=0.000000  dAvg=0.056263  dMax=32.353340  Dlo=0.028132  Dhi=16.204802  err=-1.000000  inc=-1.800444  bucket 0->0  (mf=1000)
[MF-SEL] tPrev=(  d=0.000266  dMin=0.000000  dAvg=0.056190  dMax=32.353340  Dlo=0.028095  Dhi=16.204765  err=-1.000000  inc=-1.803054  bucket 0->0  (mf=1000)
[MF-SEL] tPrev=(  d=0.000320  dMin=0.000000  dAvg=0.056116  dMax=32.353340  Dlo=0.028058  Dhi=16.204728  err=-1.000000  inc=-1.805104  bucket 0->0  (mf=1000)
[MF-SEL] tPrev=(  d=0.000745  dMin=0.000000  dAvg=0.056044  dMax=32.353340  Dlo=0.028022  Dhi=16.204692  err=-1.000000  inc=-1.807849  bucket 0->0  (mf=1000)
[MF-SEL] tPrev=(  d=0.000479  dMin=0.000000  dAvg=0.055971  dMax=32.353340  Dlo=0.027985  Dhi=16.204656  err=-1.000000  inc=-1.810397  bucket 0->0  (mf=1000)
[MF-SEL] tPrev=(  d=0.000540  dMin=0.000000  dAvg=0.055899  dMax=32.353340  Dlo=0.027949  Dhi=16.204619  err=-1.000000  inc=-1.812791  bucket 0->0  (mf=1000)
[MF-SEL] tPrev=(  d=0.000437  dMin=0.000000  dAvg=0.055826  dMax=32.353340  Dlo=0.027913  Dhi=16.204583  err=-1.000000  inc=-1.815313  bucket 0->0  (mf=1000)
[MF-SEL] tPrev=(  d=0.000315  dMin=0.000000  dAvg=0.055754  dMax=32.353340  Dlo=0.027877  Dhi=16.204547  err=-1.000000  inc=-1.817900  bucket 0->0  (mf=1000)
[MF-SEL] tPrev=(  d=0.000522  dMin=0.000000  dAvg=0.055682  dMax=32.353340  Dlo=0.027841  Dhi=16.204511  err=-1.000000  inc=-1.820346  bucket 0->0  (mf=1000)
[MF-SEL] tPrev=(  d=0.000619  dMin=0.000000  dAvg=0.055610  dMax=32.353340  Dlo=0.027805  Dhi=16.204475  err=-1.000000  inc=-1.822829  bucket 0->0  (mf=1000)
[MF-SEL] tPrev=(  d=0.000976  dMin=0.000000  dAvg=0.055539  dMax=32.353340  Dlo=0.027770  Dhi=16.204440  err=-1.000000  inc=-1.825183  bucket 0->0  (mf=1000)
[MF-SEL] tPrev=(  d=0.001649  dMin=0.000000  dAvg=0.055469  dMax=32.353340  Dlo=0.027735  Dhi=16.204405  err=-1.000000  inc=-1.827790  bucket 0->0  (mf=1000)
[MF-SEL] tPrev=(  d=0.002437  dMin=0.000000  dAvg=0.055401  dMax=32.353340  Dlo=0.027700  Dhi=16.204370  err=-1.000000  inc=-1.829878  bucket 0->0  (mf=1000)
[MF-SEL] tPrev=(  d=0.001964  dMin=0.000000  dAvg=0.055332  dMax=32.353340  Dlo=0.027666  Dhi=16.204336  err=-1.000000  inc=-1.832571  bucket 0->0  (mf=1000)
[MF-SEL] tPrev=(  d=0.002760  dMin=0.000000  dAvg=0.055264  dMax=32.353340  Dlo=0.027632  Dhi=16.204302  err=-1.000000  inc=-1.835240  bucket 0->0  (mf=1000)
[MF-SEL] tPrev=(  d=0.003902  dMin=0.000000  dAvg=0.055197  dMax=32.353340  Dlo=0.027599  Dhi=16.204269  err=-1.000000  inc=-1.837754  bucket 0->0  (mf=1000)
[MF-SEL] tPrev=(  d=0.005322  dMin=0.000000  dAvg=0.055133  dMax=32.353340  Dlo=0.027567  Dhi=16.204237  err=-1.000000  inc=-1.840246  bucket 0->0  (mf=1000)
[MF-SEL] tPrev=(  d=0.006549  dMin=0.000000  dAvg=0.055071  dMax=32.353340  Dlo=0.027535  Dhi=16.204205  err=-1.000000  inc=-1.842699  bucket 0->0  (mf=1000)
[MF-SEL] tPrev=(  d=0.007284  dMin=0.000000  dAvg=0.055009  dMax=32.353340  Dlo=0.027505  Dhi=16.204175  err=-1.000000  inc=-1.845206  bucket 0->0  (mf=1000)
[MF-SEL] tPrev=(  d=0.007883  dMin=0.000000  dAvg=0.054949  dMax=32.353340  Dlo=0.027474  Dhi=16.204144  err=-1.000000  inc=-1.847404  bucket 0->0  (mf=1000)
[MF-SEL] tPrev=(  d=0.009038  dMin=0.000000  dAvg=0.054890  dMax=32.353340  Dlo=0.027445  Dhi=16.204115  err=-1.000000  inc=-1.850019  bucket 0->0  (mf=1000)
[MF-SEL] tPrev=(  d=0.009875  dMin=0.000000  dAvg=0.054832  dMax=32.353340  Dlo=0.027416  Dhi=16.204086  err=-1.000000  inc=-1.852525  bucket 0->0  (mf=1000)
[MF-SEL] tPrev=(  d=0.009509  dMin=0.000000  dAvg=0.054774  dMax=32.353340  Dlo=0.027387  Dhi=16.204057  err=-1.000000  inc=-1.854844  bucket 0->0  (mf=1000)
[MF-SEL] tPrev=(  d=0.011006  dMin=0.000000  dAvg=0.054718  dMax=32.353340  Dlo=0.027359  Dhi=16.204029  err=-1.000000  inc=-1.857477  bucket 0->0  (mf=1000)
[MF-SEL] tPrev=(  d=0.011265  dMin=0.000000  dAvg=0.054663  dMax=32.353340  Dlo=0.027331  Dhi=16.204001  err=-1.000000  inc=-1.859933  bucket 0->0  (mf=1000)
[MF-SEL] tPrev=(  d=0.011646  dMin=0.000000  dAvg=0.054608  dMax=32.353340  Dlo=0.027304  Dhi=16.203974  err=-1.000000  inc=-1.862521  bucket 0->0  (mf=1000)
[MF-SEL] tPrev=(  d=0.012189  dMin=0.000000  dAvg=0.054554  dMax=32.353340  Dlo=0.027277  Dhi=16.203947  err=-1.000000  inc=-1.865230  bucket 0->0  (mf=1000)
[MF-SEL] tPrev=(  d=0.012459  dMin=0.000000  dAvg=0.054501  dMax=32.353340  Dlo=0.027250  Dhi=16.203920  err=-1.000000  inc=-1.867531  bucket 0->0  (mf=1000)
[MF-SEL] tPrev=(  d=0.011375  dMin=0.000000  dAvg=0.054446  dMax=32.353340  Dlo=0.027223  Dhi=16.203893  err=-1.000000  inc=-1.870189  bucket 0->0  (mf=1000)
[MF-SEL] tPrev=(  d=0.009606  dMin=0.000000  dAvg=0.054389  dMax=32.353340  Dlo=0.027195  Dhi=16.203865  err=-1.000000  inc=-1.872534  bucket 0->0  (mf=1000)
[MF-SEL] tPrev=(  d=0.007766  dMin=0.000000  dAvg=0.054330  dMax=32.353340  Dlo=0.027165  Dhi=16.203835  err=-1.000000  inc=-1.875206  bucket 0->0  (mf=1000)
[MF-SEL] tPrev=(  d=0.006826  dMin=0.000000  dAvg=0.054270  dMax=32.353340  Dlo=0.027135  Dhi=16.203805  err=-1.000000  inc=-1.877771  bucket 0->0  (mf=1000)
[MF-SEL] tPrev=(  d=0.006944  dMin=0.000000  dAvg=0.054210  dMax=32.353340  Dlo=0.027105  Dhi=16.203775  err=-1.000000  inc=-1.879904  bucket 0->0  (mf=1000)
[MF-SEL] tPrev=(  d=0.007385  dMin=0.000000  dAvg=0.054151  dMax=32.353340  Dlo=0.027076  Dhi=16.203746  err=-1.000000  inc=-1.882168  bucket 0->0  (mf=1000)
[MF-SEL] tPrev=(  d=0.010192  dMin=0.000000  dAvg=0.054096  dMax=32.353340  Dlo=0.027048  Dhi=16.203718  err=-1.000000  inc=-1.885110  bucket 0->0  (mf=1000)
[MF-SEL] tPrev=(  d=0.009294  dMin=0.000000  dAvg=0.054039  dMax=32.353340  Dlo=0.027020  Dhi=16.203690  err=-1.000000  inc=-1.887528  bucket 0->0  (mf=1000)
[MF-SEL] tPrev=(  d=0.010114  dMin=0.000000  dAvg=0.053984  dMax=32.353340  Dlo=0.026992  Dhi=16.203662  err=-1.000000  inc=-1.889773  bucket 0->0  (mf=1000)
[MF-SEL] tPrev=(  d=0.010753  dMin=0.000000  dAvg=0.053930  dMax=32.353340  Dlo=0.026965  Dhi=16.203635  err=-1.000000  inc=-1.892200  bucket 0->0  (mf=1000)
[MF-SEL] tPrev=(  d=0.011311  dMin=0.000000  dAvg=0.053877  dMax=32.353340  Dlo=0.026938  Dhi=16.203608  err=-1.000000  inc=-1.894689  bucket 0->0  (mf=1000)
[MF-SEL] tPrev=(  d=0.011820  dMin=0.000000  dAvg=0.053824  dMax=32.353340  Dlo=0.026912  Dhi=16.203582  err=-1.000000  inc=-1.897186  bucket 0->0  (mf=1000)
[MF-SEL] tPrev=(  d=0.011462  dMin=0.000000  dAvg=0.053771  dMax=32.353340  Dlo=0.026886  Dhi=16.203556  err=-1.000000  inc=-1.899553  bucket 0->0  (mf=1000)
[MF-SEL] tPrev=(  d=0.011384  dMin=0.000000  dAvg=0.053718  dMax=32.353340  Dlo=0.026859  Dhi=16.203529  err=-1.000000  inc=-1.901778  bucket 0->0  (mf=1000)
[MF-SEL] tPrev=(  d=0.010987  dMin=0.000000  dAvg=0.053665  dMax=32.353340  Dlo=0.026832  Dhi=16.203502  err=-1.000000  inc=-1.904173  bucket 0->0  (mf=1000)
[MF-SEL] tPrev=(  d=0.010911  dMin=0.000000  dAvg=0.053612  dMax=32.353340  Dlo=0.026806  Dhi=16.203476  err=-1.000000  inc=-1.906395  bucket 0->0  (mf=1000)
[MF-SEL] tPrev=(  d=0.011140  dMin=0.000000  dAvg=0.053559  dMax=32.353340  Dlo=0.026779  Dhi=16.203449  err=-1.000000  inc=-1.909042  bucket 0->0  (mf=1000)
[MF-SEL] tPrev=(  d=0.010970  dMin=0.000000  dAvg=0.053506  dMax=32.353340  Dlo=0.026753  Dhi=16.203423  err=-1.000000  inc=-1.911628  bucket 0->0  (mf=1000)
[MF-SEL] tPrev=(  d=0.010930  dMin=0.000000  dAvg=0.053453  dMax=32.353340  Dlo=0.026727  Dhi=16.203397  err=-1.000000  inc=-1.913816  bucket 0->0  (mf=1000)
[MF-SEL] tPrev=(  d=0.011134  dMin=0.000000  dAvg=0.053401  dMax=32.353340  Dlo=0.026700  Dhi=16.203370  err=-1.000000  inc=-1.916303  bucket 0->0  (mf=1000)
[MF-SEL] tPrev=(  d=0.011433  dMin=0.000000  dAvg=0.053349  dMax=32.353340  Dlo=0.026674  Dhi=16.203344  err=-1.000000  inc=-1.918822  bucket 0->0  (mf=1000)
[MF-SEL] tPrev=(  d=0.011960  dMin=0.000000  dAvg=0.053297  dMax=32.353340  Dlo=0.026649  Dhi=16.203319  err=-1.000000  inc=-1.921341  bucket 0->0  (mf=1000)
[MF-SEL] tPrev=(  d=0.012725  dMin=0.000000  dAvg=0.053247  dMax=32.353340  Dlo=0.026624  Dhi=16.203294  err=-1.000000  inc=-1.923634  bucket 0->0  (mf=1000)
[MF-SEL] tPrev=(  d=0.013346  dMin=0.000000  dAvg=0.053198  dMax=32.353340  Dlo=0.026599  Dhi=16.203269  err=-1.000000  inc=-1.925968  bucket 0->0  (mf=1000)
[MF-SEL] tPrev=(  d=0.014027  dMin=0.000000  dAvg=0.053150  dMax=32.353340  Dlo=0.026575  Dhi=16.203245  err=-1.000000  inc=-1.928470  bucket 0->0  (mf=1000)
[MF-SEL] tPrev=(  d=0.014623  dMin=0.000000  dAvg=0.053103  dMax=32.353340  Dlo=0.026551  Dhi=16.203221  err=-1.000000  inc=-1.930801  bucket 0->0  (mf=1000)
[MF-SEL] tPrev=(  d=0.014554  dMin=0.000000  dAvg=0.053055  dMax=32.353340  Dlo=0.026528  Dhi=16.203198  err=-1.000000  inc=-1.933479  bucket 0->0  (mf=1000)
[MF-SEL] tPrev=(  d=0.014442  dMin=0.000000  dAvg=0.053008  dMax=32.353340  Dlo=0.026504  Dhi=16.203174  err=-1.000000  inc=-1.935699  bucket 0->0  (mf=1000)
[MF-SEL] tPrev=(  d=0.014901  dMin=0.000000  dAvg=0.052961  dMax=32.353340  Dlo=0.026481  Dhi=16.203151  err=-1.000000  inc=-1.938148  bucket 0->0  (mf=1000)
[MF-SEL] tPrev=(  d=0.013594  dMin=0.000000  dAvg=0.052913  dMax=32.353340  Dlo=0.026456  Dhi=16.203127  err=-1.000000  inc=-1.940586  bucket 0->0  (mf=1000)
[MF-SEL] tPrev=(  d=0.012088  dMin=0.000000  dAvg=0.052863  dMax=32.353340  Dlo=0.026432  Dhi=16.203102  err=-1.000000  inc=-1.942940  bucket 0->0  (mf=1000)
[MF-SEL] tPrev=(  d=0.011164  dMin=0.000000  dAvg=0.052812  dMax=32.353340  Dlo=0.026406  Dhi=16.203076  err=-1.000000  inc=-1.945305  bucket 0->0  (mf=1000)
[MF-SEL] tPrev=(  d=0.011189  dMin=0.000000  dAvg=0.052761  dMax=32.353340  Dlo=0.026381  Dhi=16.203051  err=-1.000000  inc=-1.947753  bucket 0->0  (mf=1000)
[MF-SEL] tPrev=(  d=0.011790  dMin=0.000000  dAvg=0.052711  dMax=32.353340  Dlo=0.026356  Dhi=16.203026  err=-1.000000  inc=-1.950356  bucket 0->0  (mf=1000)
[MF-SEL] tPrev=(  d=0.012335  dMin=0.000000  dAvg=0.052662  dMax=32.353340  Dlo=0.026331  Dhi=16.203001  err=-1.000000  inc=-1.952669  bucket 0->0  (mf=1000)
[MF-SEL] tPrev=(  d=0.019825  dMin=0.000000  dAvg=0.052622  dMax=32.353340  Dlo=0.026311  Dhi=16.202981  err=-1.000000  inc=-1.954867  bucket 0->0  (mf=1000)
[MF-SEL] tPrev=(  d=0.013781  dMin=0.000000  dAvg=0.052575  dMax=32.353340  Dlo=0.026288  Dhi=16.202958  err=-1.000000  inc=-1.957463  bucket 0->0  (mf=1000)
[MF-SEL] tPrev=(  d=0.014549  dMin=0.000000  dAvg=0.052529  dMax=32.353340  Dlo=0.026265  Dhi=16.202935  err=-1.000000  inc=-1.959870  bucket 0->0  (mf=1000)
[MF-SEL] tPrev=(  d=0.015316  dMin=0.000000  dAvg=0.052484  dMax=32.353340  Dlo=0.026242  Dhi=16.202912  err=-1.000000  inc=-1.962094  bucket 0->0  (mf=1000)
[MF-SEL] tPrev=(  d=0.015870  dMin=0.000000  dAvg=0.052440  dMax=32.353340  Dlo=0.026220  Dhi=16.202890  err=-1.000000  inc=-1.964686  bucket 0->0  (mf=1000)
[MF-SEL] tPrev=(  d=0.016052  dMin=0.000000  dAvg=0.052396  dMax=32.353340  Dlo=0.026198  Dhi=16.202868  err=-1.000000  inc=-1.966899  bucket 0->0  (mf=1000)
[MF-SEL] tPrev=(  d=0.016170  dMin=0.000000  dAvg=0.052352  dMax=32.353340  Dlo=0.026176  Dhi=16.202846  err=-1.000000  inc=-1.969413  bucket 0->0  (mf=1000)
[MF-SEL] tPrev=(  d=0.015824  dMin=0.000000  dAvg=0.052308  dMax=32.353340  Dlo=0.026154  Dhi=16.202824  err=-1.000000  inc=-1.971734  bucket 0->0  (mf=1000)
[MF-SEL] tPrev=(  d=0.015637  dMin=0.000000  dAvg=0.052264  dMax=32.353340  Dlo=0.026132  Dhi=16.202802  err=-1.000000  inc=-1.974201  bucket 0->0  (mf=1000)
[MF-SEL] tPrev=(  d=0.015544  dMin=0.000000  dAvg=0.052220  dMax=32.353340  Dlo=0.026110  Dhi=16.202780  err=-1.000000  inc=-1.976339  bucket 0->0  (mf=1000)
[MF-SEL] tPrev=(  d=0.012887  dMin=0.000000  dAvg=0.052173  dMax=32.353340  Dlo=0.026086  Dhi=16.202756  err=-1.000000  inc=-1.978716  bucket 0->0  (mf=1000)
[MF-SEL] tPrev=(  d=0.016589  dMin=0.000000  dAvg=0.052130  dMax=32.353340  Dlo=0.026065  Dhi=16.202735  err=-1.000000  inc=-1.981121  bucket 0->0  (mf=1000)
[MF-SEL] tPrev=(  d=0.017417  dMin=0.000000  dAvg=0.052089  dMax=32.353340  Dlo=0.026044  Dhi=16.202714  err=-1.000000  inc=-1.983618  bucket 0->0  (mf=1000)
[MF-SEL] tPrev=(  d=0.018008  dMin=0.000000  dAvg=0.052048  dMax=32.353340  Dlo=0.026024  Dhi=16.202694  err=-1.000000  inc=-1.985886  bucket 0->0  (mf=1000)
[MF-SEL] tPrev=(  d=0.018136  dMin=0.000000  dAvg=0.052007  dMax=32.353340  Dlo=0.026004  Dhi=16.202674  err=-1.000000  inc=-1.988263  bucket 0->0  (mf=1000)
[MF-SEL] tPrev=(  d=0.017645  dMin=0.000000  dAvg=0.051966  dMax=32.353340  Dlo=0.025983  Dhi=16.202653  err=-1.000000  inc=-1.990663  bucket 0->0  (mf=1000)
[MF-SEL] tPrev=(  d=0.017685  dMin=0.000000  dAvg=0.051925  dMax=32.353340  Dlo=0.025963  Dhi=16.202633  err=-1.000000  inc=-1.992961  bucket 0->0  (mf=1000)
[MF-SEL] tPrev=(  d=0.016435  dMin=0.000000  dAvg=0.051883  dMax=32.353340  Dlo=0.025942  Dhi=16.202612  err=-1.000000  inc=-1.995348  bucket 0->0  (mf=1000)
[MF-SEL] tPrev=(  d=0.015555  dMin=0.000000  dAvg=0.051840  dMax=32.353340  Dlo=0.025920  Dhi=16.202590  err=-1.000000  inc=-1.997648  bucket 0->0  (mf=1000)
[MF-SEL] tPrev=(  d=0.014793  dMin=0.000000  dAvg=0.051796  dMax=32.353340  Dlo=0.025898  Dhi=16.202568  err=-1.000000  inc=-2.000215  bucket 0->0  (mf=1000)
[MF-SEL] tPrev=(  d=0.014478  dMin=0.000000  dAvg=0.051752  dMax=32.353340  Dlo=0.025876  Dhi=16.202546  err=-1.000000  inc=-2.002577  bucket 0->0  (mf=1000)
[MF-SEL] tPrev=(  d=0.014579  dMin=0.000000  dAvg=0.051708  dMax=32.353340  Dlo=0.025854  Dhi=16.202524  err=-1.000000  inc=-2.004965  bucket 0->0  (mf=1000)
[MF-SEL] tPrev=(  d=0.015241  dMin=0.000000  dAvg=0.051664  dMax=32.353340  Dlo=0.025832  Dhi=16.202502  err=-1.000000  inc=-2.007179  bucket 0->0  (mf=1000)
[MF-SEL] tPrev=(  d=0.013451  dMin=0.000000  dAvg=0.051619  dMax=32.353340  Dlo=0.025810  Dhi=16.202480  err=-1.000000  inc=-2.009424  bucket 0->0  (mf=1000)
[MF-SEL] tPrev=(  d=0.016899  dMin=0.000000  dAvg=0.051578  dMax=32.353340  Dlo=0.025789  Dhi=16.202459  err=-1.000000  inc=-2.012257  bucket 0->0  (mf=1000)
[MF-SEL] tPrev=(  d=0.018189  dMin=0.000000  dAvg=0.051539  dMax=32.353340  Dlo=0.025769  Dhi=16.202440  err=-1.000000  inc=-2.014708  bucket 0->0  (mf=1000)
[MF-SEL] tPrev=(  d=0.019284  dMin=0.000000  dAvg=0.051501  dMax=32.353340  Dlo=0.025750  Dhi=16.202421  err=-1.000000  inc=-2.017084  bucket 0->0  (mf=1000)
[MF-SEL] tPrev=(  d=0.020275  dMin=0.000000  dAvg=0.051464  dMax=32.353340  Dlo=0.025732  Dhi=16.202402  err=-1.000000  inc=-2.019587  bucket 0->0  (mf=1000)
[MF-SEL] tPrev=(  d=0.021427  dMin=0.000000  dAvg=0.051429  dMax=32.353340  Dlo=0.025714  Dhi=16.202385  err=-1.000000  inc=-2.022070  bucket 0->0  (mf=1000)
[MF-SEL] tPrev=(  d=0.022460  dMin=0.000000  dAvg=0.051395  dMax=32.353340  Dlo=0.025697  Dhi=16.202368  err=-1.000000  inc=-2.024582  bucket 0->0  (mf=1000)
[MF-SEL] tPrev=(  d=0.023405  dMin=0.000000  dAvg=0.051362  dMax=32.353340  Dlo=0.025681  Dhi=16.202351  err=-1.000000  inc=-2.026881  bucket 0->0  (mf=1000)
[MF-SEL] tPrev=(  d=0.023741  dMin=0.000000  dAvg=0.051330  dMax=32.353340  Dlo=0.025665  Dhi=16.202335  err=-1.000000  inc=-2.029288  bucket 0->0  (mf=1000)
[MF-SEL] tPrev=(  d=0.022887  dMin=0.000000  dAvg=0.051296  dMax=32.353340  Dlo=0.025648  Dhi=16.202318  err=-1.000000  inc=-2.031597  bucket 0->0  (mf=1000)
[MF-SEL] tPrev=(  d=0.026258  dMin=0.000000  dAvg=0.051267  dMax=32.353340  Dlo=0.025634  Dhi=16.202304  err=0.000000  inc=-1.108169  bucket 0->0  (mf=1000)
[MF-SEL] tPrev=(  d=0.027757  dMin=0.000000  dAvg=0.051240  dMax=32.353340  Dlo=0.025620  Dhi=16.202290  err=0.000000  inc=-1.431597  bucket 0->0  (mf=1000)
[MF-SEL] tPrev=(  d=0.028182  dMin=0.000000  dAvg=0.051213  dMax=32.353340  Dlo=0.025606  Dhi=16.202277  err=0.000000  inc=-1.431597  bucket 0->0  (mf=1000)
[MF-SEL] tPrev=(  d=0.028342  dMin=0.000000  dAvg=0.051186  dMax=32.353340  Dlo=0.025593  Dhi=16.202263  err=0.000000  inc=-1.431597  bucket 0->0  (mf=1000)
[MF-SEL] tPrev=(  d=0.028420  dMin=0.000000  dAvg=0.051160  dMax=32.353340  Dlo=0.025580  Dhi=16.202250  err=0.000000  inc=-1.431597  bucket 0->0  (mf=1000)
[MF-SEL] tPrev=(  d=0.028223  dMin=0.000000  dAvg=0.051133  dMax=32.353340  Dlo=0.025567  Dhi=16.202237  err=0.000000  inc=-1.431597  bucket 0->0  (mf=1000)
[MF-SEL] tPrev=(  d=0.033318  dMin=0.000000  dAvg=0.051112  dMax=32.353340  Dlo=0.025556  Dhi=16.202226  err=0.000000  inc=-1.431597  bucket 0->0  (mf=1000)
[MF-SEL] tPrev=(  d=0.028166  dMin=0.000000  dAvg=0.051086  dMax=32.353340  Dlo=0.025543  Dhi=16.202213  err=0.000000  inc=-1.431597  bucket 0->0  (mf=1000)
[MF-SEL] tPrev=(  d=0.028589  dMin=0.000000  dAvg=0.051060  dMax=32.353340  Dlo=0.025530  Dhi=16.202200  err=0.000000  inc=-1.431597  bucket 0->0  (mf=1000)
[MF-SEL] tPrev=(  d=0.028695  dMin=0.000000  dAvg=0.051034  dMax=32.353340  Dlo=0.025517  Dhi=16.202187  err=0.000000  inc=-1.431597  bucket 0->0  (mf=1000)
[MF-SEL] tPrev=(  d=0.028706  dMin=0.000000  dAvg=0.051008  dMax=32.353340  Dlo=0.025504  Dhi=16.202174  err=0.000000  inc=-1.431597  bucket 0->0  (mf=1000)
[MF-SEL] tPrev=(  d=0.028883  dMin=0.000000  dAvg=0.050983  dMax=32.353340  Dlo=0.025491  Dhi=16.202161  err=0.000000  inc=-1.431597  bucket 0->0  (mf=1000)
[MF-SEL] tPrev=(  d=0.028720  dMin=0.000000  dAvg=0.050957  dMax=32.353340  Dlo=0.025479  Dhi=16.202149  err=0.000000  inc=-1.431597  bucket 0->0  (mf=1000)
[MF-SEL] tPrev=(  d=0.028452  dMin=0.000000  dAvg=0.050931  dMax=32.353340  Dlo=0.025466  Dhi=16.202136  err=0.000000  inc=-1.431597  bucket 0->0  (mf=1000)
[MF-SEL] tPrev=(  d=0.028759  dMin=0.000000  dAvg=0.050906  dMax=32.353340  Dlo=0.025453  Dhi=16.202123  err=0.000000  inc=-1.431597  bucket 0->0  (mf=1000)
[MF-SEL] tPrev=(  d=0.028168  dMin=0.000000  dAvg=0.050880  dMax=32.353340  Dlo=0.025440  Dhi=16.202110  err=0.000000  inc=-1.431597  bucket 0->0  (mf=1000)
[MF-SEL] tPrev=(  d=0.027574  dMin=0.000000  dAvg=0.050853  dMax=32.353340  Dlo=0.025426  Dhi=16.202096  err=0.000000  inc=-1.431597  bucket 0->0  (mf=1000)
[MF-SEL] tPrev=(  d=0.027321  dMin=0.000000  dAvg=0.050826  dMax=32.353340  Dlo=0.025413  Dhi=16.202083  err=0.000000  inc=-1.431597  bucket 0->0  (mf=1000)
[MF-SEL] tPrev=(  d=0.027055  dMin=0.000000  dAvg=0.050799  dMax=32.353340  Dlo=0.025399  Dhi=16.202069  err=0.000000  inc=-1.431597  bucket 0->0  (mf=1000)
[MF-SEL] tPrev=(  d=0.027321  dMin=0.000000  dAvg=0.050772  dMax=32.353340  Dlo=0.025386  Dhi=16.202056  err=0.000000  inc=-1.431597  bucket 0->0  (mf=1000)
[MF-SEL] tPrev=(  d=0.028293  dMin=0.000000  dAvg=0.050746  dMax=32.353340  Dlo=0.025373  Dhi=16.202043  err=0.000000  inc=-1.431597  bucket 0->0  (mf=1000)
[MF-SEL] tPrev=(  d=0.029518  dMin=0.000000  dAvg=0.050722  dMax=32.353340  Dlo=0.025361  Dhi=16.202031  err=0.000000  inc=-1.431597  bucket 0->0  (mf=1000)
[MF-SEL] tPrev=(  d=0.030539  dMin=0.000000  dAvg=0.050699  dMax=32.353340  Dlo=0.025350  Dhi=16.202020  err=0.000000  inc=-1.431597  bucket 0->0  (mf=1000)
[MF-SEL] tPrev=(  d=0.031044  dMin=0.000000  dAvg=0.050677  dMax=32.353340  Dlo=0.025338  Dhi=16.202008  err=0.000000  inc=-1.431597  bucket 0->0  (mf=1000)
[MF-SEL] tPrev=(  d=0.031012  dMin=0.000000  dAvg=0.050654  dMax=32.353340  Dlo=0.025327  Dhi=16.201997  err=0.000000  inc=-1.431597  bucket 0->0  (mf=1000)
[MF-SEL] tPrev=(  d=0.030236  dMin=0.000000  dAvg=0.050631  dMax=32.353340  Dlo=0.025316  Dhi=16.201986  err=0.000000  inc=-1.431597  bucket 0->0  (mf=1000)
[MF-SEL] tPrev=(  d=0.029076  dMin=0.000000  dAvg=0.050607  dMax=32.353340  Dlo=0.025303  Dhi=16.201973  err=0.000000  inc=-1.431597  bucket 0->0  (mf=1000)
[MF-SEL] tPrev=(  d=0.027580  dMin=0.000000  dAvg=0.050581  dMax=32.353340  Dlo=0.025290  Dhi=16.201960  err=0.000000  inc=-1.431597  bucket 0->0  (mf=1000)
[MF-SEL] tPrev=(  d=0.026387  dMin=0.000000  dAvg=0.050553  dMax=32.353340  Dlo=0.025277  Dhi=16.201947  err=0.000000  inc=-1.431597  bucket 0->0  (mf=1000)
[MF-SEL] tPrev=(  d=0.025129  dMin=0.000000  dAvg=0.050525  dMax=32.353340  Dlo=0.025262  Dhi=16.201932  err=-1.000000  inc=-2.403791  bucket 0->0  (mf=1000)
[MF-SEL] tPrev=(  d=0.024103  dMin=0.000000  dAvg=0.050495  dMax=32.353340  Dlo=0.025247  Dhi=16.201917  err=-1.000000  inc=-2.036148  bucket 0->0  (mf=1000)
[MF-SEL] tPrev=(  d=0.023620  dMin=0.000000  dAvg=0.050464  dMax=32.353340  Dlo=0.025232  Dhi=16.201902  err=-1.000000  inc=-2.038765  bucket 0->0  (mf=1000)
[MF-SEL] tPrev=(  d=0.022676  dMin=0.000000  dAvg=0.050433  dMax=32.353340  Dlo=0.025217  Dhi=16.201887  err=-1.000000  inc=-2.040954  bucket 0->0  (mf=1000)
[MF-SEL] tPrev=(  d=0.014307  dMin=0.000000  dAvg=0.050392  dMax=32.353340  Dlo=0.025196  Dhi=16.201866  err=-1.000000  inc=-2.043414  bucket 0->0  (mf=1000)
[MF-SEL] tPrev=(  d=0.022398  dMin=0.000000  dAvg=0.050361  dMax=32.353340  Dlo=0.025181  Dhi=16.201851  err=-1.000000  inc=-2.045809  bucket 0->0  (mf=1000)
[MF-SEL] tPrev=(  d=0.023571  dMin=0.000000  dAvg=0.050331  dMax=32.353340  Dlo=0.025165  Dhi=16.201836  err=-1.000000  inc=-2.048038  bucket 0->0  (mf=1000)
[MF-SEL] tPrev=(  d=0.024041  dMin=0.000000  dAvg=0.050301  dMax=32.353340  Dlo=0.025151  Dhi=16.201821  err=-1.000000  inc=-2.050360  bucket 0->0  (mf=1000)
[MF-SEL] tPrev=(  d=0.024184  dMin=0.000000  dAvg=0.050272  dMax=32.353340  Dlo=0.025136  Dhi=16.201806  err=-1.000000  inc=-2.052711  bucket 0->0  (mf=1000)
[MF-SEL] tPrev=(  d=0.024305  dMin=0.000000  dAvg=0.050243  dMax=32.353340  Dlo=0.025122  Dhi=16.201792  err=-1.000000  inc=-2.055107  bucket 0->0  (mf=1000)
[MF-SEL] tPrev=(  d=0.024193  dMin=0.000000  dAvg=0.050214  dMax=32.353340  Dlo=0.025107  Dhi=16.201777  err=-1.000000  inc=-2.057438  bucket 0->0  (mf=1000)
[MF-SEL] tPrev=(  d=0.023249  dMin=0.000000  dAvg=0.050184  dMax=32.353340  Dlo=0.025092  Dhi=16.201762  err=-1.000000  inc=-2.059842  bucket 0->0  (mf=1000)
[MF-SEL] tPrev=(  d=0.022323  dMin=0.000000  dAvg=0.050153  dMax=32.353340  Dlo=0.025076  Dhi=16.201747  err=-1.000000  inc=-2.062141  bucket 0->0  (mf=1000)
[MF-SEL] tPrev=(  d=0.021811  dMin=0.000000  dAvg=0.050121  dMax=32.353340  Dlo=0.025061  Dhi=16.201731  err=-1.000000  inc=-2.064509  bucket 0->0  (mf=1000)
[MF-SEL] tPrev=(  d=0.020903  dMin=0.000000  dAvg=0.050089  dMax=32.353340  Dlo=0.025044  Dhi=16.201715  err=-1.000000  inc=-2.066611  bucket 0->0  (mf=1000)
[MF-SEL] tPrev=(  d=0.024043  dMin=0.000000  dAvg=0.050060  dMax=32.353340  Dlo=0.025030  Dhi=16.201700  err=-1.000000  inc=-2.069057  bucket 0->0  (mf=1000)
[MF-SEL] tPrev=(  d=0.018937  dMin=0.000000  dAvg=0.050025  dMax=32.353340  Dlo=0.025013  Dhi=16.201683  err=-1.000000  inc=-2.071644  bucket 0->0  (mf=1000)
[MF-SEL] tPrev=(  d=0.018713  dMin=0.000000  dAvg=0.049991  dMax=32.353340  Dlo=0.024995  Dhi=16.201665  err=-1.000000  inc=-2.073949  bucket 0->0  (mf=1000)
[MF-SEL] tPrev=(  d=0.018954  dMin=0.000000  dAvg=0.049956  dMax=32.353340  Dlo=0.024978  Dhi=16.201648  err=-1.000000  inc=-2.076121  bucket 0->0  (mf=1000)
[MF-SEL] tPrev=(  d=0.019320  dMin=0.000000  dAvg=0.049922  dMax=32.353340  Dlo=0.024961  Dhi=16.201631  err=-1.000000  inc=-2.078498  bucket 0->0  (mf=1000)
[MF-SEL] tPrev=(  d=0.020475  dMin=0.000000  dAvg=0.049890  dMax=32.353340  Dlo=0.024945  Dhi=16.201615  err=-1.000000  inc=-2.080817  bucket 0->0  (mf=1000)
[MF-SEL] tPrev=(  d=0.021409  dMin=0.000000  dAvg=0.049858  dMax=32.353340  Dlo=0.024929  Dhi=16.201599  err=-1.000000  inc=-2.083430  bucket 0->0  (mf=1000)
[MF-SEL] tPrev=(  d=0.022267  dMin=0.000000  dAvg=0.049828  dMax=32.353340  Dlo=0.024914  Dhi=16.201584  err=-1.000000  inc=-2.085861  bucket 0->0  (mf=1000)
[MF-SEL] tPrev=(  d=0.023496  dMin=0.000000  dAvg=0.049799  dMax=32.353340  Dlo=0.024900  Dhi=16.201570  err=-1.000000  inc=-2.087938  bucket 0->0  (mf=1000)
[MF-SEL] tPrev=(  d=0.033707  dMin=0.000000  dAvg=0.049781  dMax=32.353340  Dlo=0.024891  Dhi=16.201561  err=0.000000  inc=-1.093477  bucket 0->0  (mf=1000)
[MF-SEL] tPrev=(  d=0.025569  dMin=0.000000  dAvg=0.049755  dMax=32.353340  Dlo=0.024877  Dhi=16.201547  err=0.000000  inc=-1.487938  bucket 0->0  (mf=1000)
[MF-SEL] tPrev=(  d=0.026932  dMin=0.000000  dAvg=0.049730  dMax=32.353340  Dlo=0.024865  Dhi=16.201535  err=0.000000  inc=-1.487938  bucket 0->0  (mf=1000)
[MF-SEL] tPrev=(  d=0.027979  dMin=0.000000  dAvg=0.049706  dMax=32.353340  Dlo=0.024853  Dhi=16.201523  err=0.000000  inc=-1.487938  bucket 0->0  (mf=1000)
[MF-SEL] tPrev=(  d=0.028499  dMin=0.000000  dAvg=0.049683  dMax=32.353340  Dlo=0.024841  Dhi=16.201511  err=0.000000  inc=-1.487938  bucket 0->0  (mf=1000)
[MF-SEL] tPrev=(  d=0.028789  dMin=0.000000  dAvg=0.049660  dMax=32.353340  Dlo=0.024830  Dhi=16.201500  err=0.000000  inc=-1.487938  bucket 0->0  (mf=1000)
[MF-SEL] tPrev=(  d=0.029881  dMin=0.000000  dAvg=0.049638  dMax=32.353340  Dlo=0.024819  Dhi=16.201489  err=0.000000  inc=-1.487938  bucket 0->0  (mf=1000)
[MF-SEL] tPrev=(  d=0.028670  dMin=0.000000  dAvg=0.049615  dMax=32.353340  Dlo=0.024808  Dhi=16.201478  err=0.000000  inc=-1.487938  bucket 0->0  (mf=1000)
[MF-SEL] tPrev=(  d=0.028719  dMin=0.000000  dAvg=0.049592  dMax=32.353340  Dlo=0.024796  Dhi=16.201466  err=0.000000  inc=-1.487938  bucket 0->0  (mf=1000)
[MF-SEL] tPrev=(  d=0.028538  dMin=0.000000  dAvg=0.049569  dMax=32.353340  Dlo=0.024785  Dhi=16.201455  err=0.000000  inc=-1.487938  bucket 0->0  (mf=1000)
[MF-SEL] tPrev=(  d=0.028818  dMin=0.000000  dAvg=0.049547  dMax=32.353340  Dlo=0.024773  Dhi=16.201444  err=0.000000  inc=-1.487938  bucket 0->0  (mf=1000)
[MF-SEL] tPrev=(  d=0.029099  dMin=0.000000  dAvg=0.049525  dMax=32.353340  Dlo=0.024762  Dhi=16.201432  err=0.000000  inc=-1.487938  bucket 0->0  (mf=1000)
[MF-SEL] tPrev=(  d=0.029307  dMin=0.000000  dAvg=0.049503  dMax=32.353340  Dlo=0.024751  Dhi=16.201421  err=0.000000  inc=-1.487938  bucket 0->0  (mf=1000)
[MF-SEL] tPrev=(  d=0.034900  dMin=0.000000  dAvg=0.049487  dMax=32.353340  Dlo=0.024743  Dhi=16.201414  err=0.000000  inc=-1.487938  bucket 0->0  (mf=1000)
[MF-SEL] tPrev=(  d=0.029277  dMin=0.000000  dAvg=0.049465  dMax=32.353340  Dlo=0.024732  Dhi=16.201403  err=0.000000  inc=-1.487938  bucket 0->0  (mf=1000)
[MF-SEL] tPrev=(  d=0.029278  dMin=0.000000  dAvg=0.049443  dMax=32.353340  Dlo=0.024722  Dhi=16.201392  err=0.000000  inc=-1.487938  bucket 0->0  (mf=1000)
[MF-SEL] tPrev=(  d=0.029215  dMin=0.000000  dAvg=0.049421  dMax=32.353340  Dlo=0.024711  Dhi=16.201381  err=0.000000  inc=-1.487938  bucket 0->0  (mf=1000)
[MF-SEL] tPrev=(  d=0.028895  dMin=0.000000  dAvg=0.049399  dMax=32.353340  Dlo=0.024700  Dhi=16.201370  err=0.000000  inc=-1.487938  bucket 0->0  (mf=1000)
[MF-SEL] tPrev=(  d=0.028577  dMin=0.000000  dAvg=0.049377  dMax=32.353340  Dlo=0.024688  Dhi=16.201358  err=0.000000  inc=-1.487938  bucket 0->0  (mf=1000)
[MF-SEL] tPrev=(  d=0.028352  dMin=0.000000  dAvg=0.049354  dMax=32.353340  Dlo=0.024677  Dhi=16.201347  err=0.000000  inc=-1.487938  bucket 0->0  (mf=1000)
[MF-SEL] tPrev=(  d=0.034875  dMin=0.000000  dAvg=0.049338  dMax=32.353340  Dlo=0.024669  Dhi=16.201339  err=0.000000  inc=-1.487938  bucket 0->0  (mf=1000)
[MF-SEL] tPrev=(  d=0.027847  dMin=0.000000  dAvg=0.049315  dMax=32.353340  Dlo=0.024658  Dhi=16.201328  err=0.000000  inc=-1.487938  bucket 0->0  (mf=1000)
[MF-SEL] tPrev=(  d=0.027330  dMin=0.000000  dAvg=0.049292  dMax=32.353340  Dlo=0.024646  Dhi=16.201316  err=0.000000  inc=-1.487938  bucket 0->0  (mf=1000)
[MF-SEL] tPrev=(  d=0.027708  dMin=0.000000  dAvg=0.049269  dMax=32.353340  Dlo=0.024634  Dhi=16.201304  err=0.000000  inc=-1.487938  bucket 0->0  (mf=1000)
[MF-SEL] tPrev=(  d=0.027281  dMin=0.000000  dAvg=0.049245  dMax=32.353340  Dlo=0.024622  Dhi=16.201293  err=0.000000  inc=-1.487938  bucket 0->0  (mf=1000)
[MF-SEL] tPrev=(  d=0.026927  dMin=0.000000  dAvg=0.049221  dMax=32.353340  Dlo=0.024611  Dhi=16.201281  err=0.000000  inc=-1.487938  bucket 0->0  (mf=1000)
[MF-SEL] tPrev=(  d=0.026459  dMin=0.000000  dAvg=0.049197  dMax=32.353340  Dlo=0.024598  Dhi=16.201268  err=0.000000  inc=-1.487938  bucket 0->0  (mf=1000)
[MF-SEL] tPrev=(  d=0.025882  dMin=0.000000  dAvg=0.049172  dMax=32.353340  Dlo=0.024586  Dhi=16.201256  err=0.000000  inc=-1.487938  bucket 0->0  (mf=1000)
[MF-SEL] tPrev=(  d=0.025707  dMin=0.000000  dAvg=0.049147  dMax=32.353340  Dlo=0.024573  Dhi=16.201243  err=0.000000  inc=-1.487938  bucket 0->0  (mf=1000)
[MF-SEL] tPrev=(  d=0.025100  dMin=0.000000  dAvg=0.049121  dMax=32.353340  Dlo=0.024561  Dhi=16.201231  err=0.000000  inc=-1.487938  bucket 0->0  (mf=1000)
[MF-SEL] tPrev=(  d=0.027839  dMin=0.000000  dAvg=0.049098  dMax=32.353340  Dlo=0.024549  Dhi=16.201219  err=0.000000  inc=-1.487938  bucket 0->0  (mf=1000)
[MF-SEL] tPrev=(  d=0.023961  dMin=0.000000  dAvg=0.049072  dMax=32.353340  Dlo=0.024536  Dhi=16.201206  err=-1.000000  inc=-2.413809  bucket 0->0  (mf=1000)
[MF-SEL] tPrev=(  d=0.022968  dMin=0.000000  dAvg=0.049044  dMax=32.353340  Dlo=0.024522  Dhi=16.201192  err=-1.000000  inc=-2.092834  bucket 0->0  (mf=1000)
[MF-SEL] tPrev=(  d=0.021973  dMin=0.000000  dAvg=0.049015  dMax=32.353340  Dlo=0.024508  Dhi=16.201178  err=-1.000000  inc=-2.095156  bucket 0->0  (mf=1000)
[MF-SEL] tPrev=(  d=0.021714  dMin=0.000000  dAvg=0.048986  dMax=32.353340  Dlo=0.024493  Dhi=16.201163  err=-1.000000  inc=-2.097406  bucket 0->0  (mf=1000)
[MF-SEL] tPrev=(  d=0.021369  dMin=0.000000  dAvg=0.048957  dMax=32.353340  Dlo=0.024479  Dhi=16.201149  err=-1.000000  inc=-2.099759  bucket 0->0  (mf=1000)
[MF-SEL] tPrev=(  d=0.021129  dMin=0.000000  dAvg=0.048928  dMax=32.353340  Dlo=0.024464  Dhi=16.201134  err=-1.000000  inc=-2.102288  bucket 0->0  (mf=1000)
[MF-SEL] tPrev=(  d=0.020856  dMin=0.000000  dAvg=0.048898  dMax=32.353340  Dlo=0.024449  Dhi=16.201119  err=-1.000000  inc=-2.105030  bucket 0->0  (mf=1000)
[MF-SEL] tPrev=(  d=0.021096  dMin=0.000000  dAvg=0.048869  dMax=32.353340  Dlo=0.024434  Dhi=16.201104  err=-1.000000  inc=-2.107465  bucket 0->0  (mf=1000)
[MF-SEL] tPrev=(  d=0.021919  dMin=0.000000  dAvg=0.048840  dMax=32.353340  Dlo=0.024420  Dhi=16.201090  err=-1.000000  inc=-2.109745  bucket 0->0  (mf=1000)
[MF-SEL] tPrev=(  d=0.022753  dMin=0.000000  dAvg=0.048813  dMax=32.353340  Dlo=0.024406  Dhi=16.201076  err=-1.000000  inc=-2.111874  bucket 0->0  (mf=1000)
[MF-SEL] tPrev=(  d=0.023126  dMin=0.000000  dAvg=0.048786  dMax=32.353340  Dlo=0.024393  Dhi=16.201063  err=-1.000000  inc=-2.114562  bucket 0->0  (mf=1000)
[MF-SEL] tPrev=(  d=0.023297  dMin=0.000000  dAvg=0.048759  dMax=32.353340  Dlo=0.024379  Dhi=16.201049  err=-1.000000  inc=-2.117019  bucket 0->0  (mf=1000)
[MF-SEL] tPrev=(  d=0.023814  dMin=0.000000  dAvg=0.048733  dMax=32.353340  Dlo=0.024366  Dhi=16.201036  err=-1.000000  inc=-2.119230  bucket 0->0  (mf=1000)
[MF-SEL] tPrev=(  d=0.024232  dMin=0.000000  dAvg=0.048707  dMax=32.353340  Dlo=0.024353  Dhi=16.201024  err=-1.000000  inc=-2.121617  bucket 0->0  (mf=1000)
[MF-SEL] tPrev=(  d=0.024804  dMin=0.000000  dAvg=0.048682  dMax=32.353340  Dlo=0.024341  Dhi=16.201011  err=0.000000  inc=-1.171013  bucket 0->0  (mf=1000)
[MF-SEL] tPrev=(  d=0.024331  dMin=0.000000  dAvg=0.048656  dMax=32.353340  Dlo=0.024328  Dhi=16.200998  err=0.000000  inc=-1.521617  bucket 0->0  (mf=1000)
[MF-SEL] tPrev=(  d=0.024208  dMin=0.000000  dAvg=0.048631  dMax=32.353340  Dlo=0.024315  Dhi=16.200985  err=-1.000000  inc=-2.466824  bucket 0->0  (mf=1000)
[MF-SEL] tPrev=(  d=0.024229  dMin=0.000000  dAvg=0.048605  dMax=32.353340  Dlo=0.024303  Dhi=16.200973  err=-1.000000  inc=-2.126196  bucket 0->0  (mf=1000)
[MF-SEL] tPrev=(  d=0.024234  dMin=0.000000  dAvg=0.048580  dMax=32.353340  Dlo=0.024290  Dhi=16.200960  err=-1.000000  inc=-2.128567  bucket 0->0  (mf=1000)
[MF-SEL] tPrev=(  d=0.024650  dMin=0.000000  dAvg=0.048555  dMax=32.353340  Dlo=0.024277  Dhi=16.200948  err=0.000000  inc=-1.151065  bucket 0->0  (mf=1000)
[MF-SEL] tPrev=(  d=0.023209  dMin=0.000000  dAvg=0.048528  dMax=32.353340  Dlo=0.024264  Dhi=16.200934  err=-1.000000  inc=-2.450572  bucket 0->0  (mf=1000)
[MF-SEL] tPrev=(  d=0.023524  dMin=0.000000  dAvg=0.048502  dMax=32.353340  Dlo=0.024251  Dhi=16.200921  err=-1.000000  inc=-2.133332  bucket 0->0  (mf=1000)
[MF-SEL] tPrev=(  d=0.023798  dMin=0.000000  dAvg=0.048477  dMax=32.353340  Dlo=0.024238  Dhi=16.200908  err=-1.000000  inc=-2.135644  bucket 0->0  (mf=1000)
[MF-SEL] tPrev=(  d=0.024336  dMin=0.000000  dAvg=0.048452  dMax=32.353340  Dlo=0.024226  Dhi=16.200896  err=0.000000  inc=-1.203457  bucket 0->0  (mf=1000)
[MF-SEL] tPrev=(  d=0.024375  dMin=0.000000  dAvg=0.048427  dMax=32.353340  Dlo=0.024213  Dhi=16.200883  err=0.000000  inc=-1.535644  bucket 0->0  (mf=1000)
[MF-SEL] tPrev=(  d=0.024654  dMin=0.000000  dAvg=0.048402  dMax=32.353340  Dlo=0.024201  Dhi=16.200871  err=0.000000  inc=-1.535644  bucket 0->0  (mf=1000)
[MF-SEL] tPrev=(  d=0.024730  dMin=0.000000  dAvg=0.048378  dMax=32.353340  Dlo=0.024189  Dhi=16.200859  err=0.000000  inc=-1.535644  bucket 0->0  (mf=1000)
[MF-SEL] tPrev=(  d=0.024381  dMin=0.000000  dAvg=0.048353  dMax=32.353340  Dlo=0.024176  Dhi=16.200846  err=0.000000  inc=-1.535644  bucket 0->0  (mf=1000)
[MF-SEL] tPrev=(  d=0.024366  dMin=0.000000  dAvg=0.048328  dMax=32.353340  Dlo=0.024164  Dhi=16.200834  err=0.000000  inc=-1.535644  bucket 0->0  (mf=1000)
[MF-SEL] tPrev=(  d=0.021120  dMin=0.000000  dAvg=0.048300  dMax=32.353340  Dlo=0.024150  Dhi=16.200820  err=-1.000000  inc=-2.468022  bucket 0->0  (mf=1000)
[MF-SEL] tPrev=(  d=0.023485  dMin=0.000000  dAvg=0.048274  dMax=32.353340  Dlo=0.024137  Dhi=16.200807  err=-1.000000  inc=-2.140618  bucket 0->0  (mf=1000)
[MF-SEL] tPrev=(  d=0.023380  dMin=0.000000  dAvg=0.048249  dMax=32.353340  Dlo=0.024124  Dhi=16.200794  err=-1.000000  inc=-2.142980  bucket 0->0  (mf=1000)
[MF-SEL] tPrev=(  d=0.023490  dMin=0.000000  dAvg=0.048223  dMax=32.353340  Dlo=0.024112  Dhi=16.200782  err=-1.000000  inc=-2.145316  bucket 0->0  (mf=1000)
[MF-SEL] tPrev=(  d=0.024012  dMin=0.000000  dAvg=0.048198  dMax=32.353340  Dlo=0.024099  Dhi=16.200769  err=-1.000000  inc=-2.147710  bucket 0->0  (mf=1000)
[MF-SEL] tPrev=(  d=0.024906  dMin=0.000000  dAvg=0.048174  dMax=32.353340  Dlo=0.024087  Dhi=16.200757  err=0.000000  inc=-1.192737  bucket 0->0  (mf=1000)
[MF-SEL] tPrev=(  d=0.025705  dMin=0.000000  dAvg=0.048151  dMax=32.353340  Dlo=0.024076  Dhi=16.200746  err=0.000000  inc=-1.547710  bucket 0->0  (mf=1000)
[MF-SEL] tPrev=(  d=0.026248  dMin=0.000000  dAvg=0.048129  dMax=32.353340  Dlo=0.024064  Dhi=16.200735  err=0.000000  inc=-1.547710  bucket 0->0  (mf=1000)
[MF-SEL] tPrev=(  d=0.027272  dMin=0.000000  dAvg=0.048108  dMax=32.353340  Dlo=0.024054  Dhi=16.200724  err=0.000000  inc=-1.547710  bucket 0->0  (mf=1000)
[MF-SEL] tPrev=(  d=0.028480  dMin=0.000000  dAvg=0.048088  dMax=32.353340  Dlo=0.024044  Dhi=16.200714  err=0.000000  inc=-1.547710  bucket 0->0  (mf=1000)
[MF-SEL] tPrev=(  d=0.031261  dMin=0.000000  dAvg=0.048070  dMax=32.353340  Dlo=0.024035  Dhi=16.200705  err=0.000000  inc=-1.547710  bucket 0->0  (mf=1000)
[MF-SEL] tPrev=(  d=0.029647  dMin=0.000000  dAvg=0.048052  dMax=32.353340  Dlo=0.024026  Dhi=16.200696  err=0.000000  inc=-1.547710  bucket 0->0  (mf=1000)
[MF-SEL] tPrev=(  d=0.031361  dMin=0.000000  dAvg=0.048035  dMax=32.353340  Dlo=0.024017  Dhi=16.200687  err=0.000000  inc=-1.547710  bucket 0->0  (mf=1000)
[MF-SEL] tPrev=(  d=0.033486  dMin=0.000000  dAvg=0.048020  dMax=32.353340  Dlo=0.024010  Dhi=16.200680  err=0.000000  inc=-1.547710  bucket 0->0  (mf=1000)
[MF-SEL] tPrev=(  d=0.034599  dMin=0.000000  dAvg=0.048006  dMax=32.353340  Dlo=0.024003  Dhi=16.200673  err=0.000000  inc=-1.547710  bucket 0->0  (mf=1000)
[MF-SEL] tPrev=(  d=0.035722  dMin=0.000000  dAvg=0.047994  dMax=32.353340  Dlo=0.023997  Dhi=16.200667  err=0.000000  inc=-1.547710  bucket 0->0  (mf=1000)
[MF-SEL] tPrev=(  d=0.039292  dMin=0.000000  dAvg=0.047985  dMax=32.353340  Dlo=0.023992  Dhi=16.200662  err=0.000000  inc=-1.547710  bucket 0->0  (mf=1000)
[MF-SEL] tPrev=(  d=0.036657  dMin=0.000000  dAvg=0.047973  dMax=32.353340  Dlo=0.023987  Dhi=16.200657  err=0.000000  inc=-1.547710  bucket 0->0  (mf=1000)
[MF-SEL] tPrev=(  d=0.038253  dMin=0.000000  dAvg=0.047963  dMax=32.353340  Dlo=0.023982  Dhi=16.200652  err=0.000000  inc=-1.547710  bucket 0->0  (mf=1000)
[MF-SEL] tPrev=(  d=0.039284  dMin=0.000000  dAvg=0.047955  dMax=32.353340  Dlo=0.023977  Dhi=16.200647  err=0.000000  inc=-1.547710  bucket 0->0  (mf=1000)
[MF-SEL] tPrev=(  d=0.039572  dMin=0.000000  dAvg=0.047946  dMax=32.353340  Dlo=0.023973  Dhi=16.200643  err=0.000000  inc=-1.547710  bucket 0->0  (mf=1000)
[MF-SEL] tPrev=(  d=0.039270  dMin=0.000000  dAvg=0.047937  dMax=32.353340  Dlo=0.023969  Dhi=16.200639  err=0.000000  inc=-1.547710  bucket 0->0  (mf=1000)
[MF-SEL] tPrev=(  d=0.045118  dMin=0.000000  dAvg=0.047935  dMax=32.353340  Dlo=0.023967  Dhi=16.200637  err=0.000000  inc=-1.547710  bucket 0->0  (mf=1000)
[MF-SEL] tPrev=(  d=0.038909  dMin=0.000000  dAvg=0.047925  dMax=32.353340  Dlo=0.023963  Dhi=16.200633  err=0.000000  inc=-1.547710  bucket 0->0  (mf=1000)
[MF-SEL] tPrev=(  d=0.037856  dMin=0.000000  dAvg=0.047915  dMax=32.353340  Dlo=0.023958  Dhi=16.200628  err=0.000000  inc=-1.547710  bucket 0->0  (mf=1000)
[MF-SEL] tPrev=(  d=0.037155  dMin=0.000000  dAvg=0.047904  dMax=32.353340  Dlo=0.023952  Dhi=16.200622  err=0.000000  inc=-1.547710  bucket 0->0  (mf=1000)
[MF-SEL] tPrev=(  d=0.036464  dMin=0.000000  dAvg=0.047893  dMax=32.353340  Dlo=0.023946  Dhi=16.200617  err=0.000000  inc=-1.547710  bucket 0->0  (mf=1000)
[MF-SEL] tPrev=(  d=0.035907  dMin=0.000000  dAvg=0.047881  dMax=32.353340  Dlo=0.023940  Dhi=16.200611  err=0.000000  inc=-1.547710  bucket 0->0  (mf=1000)
[MF-SEL] tPrev=(  d=0.035683  dMin=0.000000  dAvg=0.047869  dMax=32.353340  Dlo=0.023934  Dhi=16.200604  err=0.000000  inc=-1.547710  bucket 0->0  (mf=1000)
[MF-SEL] tPrev=(  d=0.031750  dMin=0.000000  dAvg=0.047853  dMax=32.353340  Dlo=0.023926  Dhi=16.200596  err=0.000000  inc=-1.547710  bucket 0->0  (mf=1000)
[MF-SEL] tPrev=(  d=0.036354  dMin=0.000000  dAvg=0.047841  dMax=32.353340  Dlo=0.023921  Dhi=16.200591  err=0.000000  inc=-1.547710  bucket 0->0  (mf=1000)
[MF-SEL] tPrev=(  d=0.036171  dMin=0.000000  dAvg=0.047829  dMax=32.353340  Dlo=0.023915  Dhi=16.200585  err=0.000000  inc=-1.547710  bucket 0->0  (mf=1000)
[MF-SEL] tPrev=(  d=0.035425  dMin=0.000000  dAvg=0.047817  dMax=32.353340  Dlo=0.023908  Dhi=16.200579  err=0.000000  inc=-1.547710  bucket 0->0  (mf=1000)
[MF-SEL] tPrev=(  d=0.034870  dMin=0.000000  dAvg=0.047804  dMax=32.353340  Dlo=0.023902  Dhi=16.200572  err=0.000000  inc=-1.547710  bucket 0->0  (mf=1000)
[MF-SEL] tPrev=(  d=0.035058  dMin=0.000000  dAvg=0.047791  dMax=32.353340  Dlo=0.023896  Dhi=16.200566  err=0.000000  inc=-1.547710  bucket 0->0  (mf=1000)
[MF-SEL] tPrev=(  d=0.034896  dMin=0.000000  dAvg=0.047778  dMax=32.353340  Dlo=0.023889  Dhi=16.200559  err=0.000000  inc=-1.547710  bucket 0->0  (mf=1000)
[MF-SEL] tPrev=(  d=0.036256  dMin=0.000000  dAvg=0.047767  dMax=32.353340  Dlo=0.023884  Dhi=16.200554  err=0.000000  inc=-1.547710  bucket 0->0  (mf=1000)
[MF-SEL] tPrev=(  d=0.037591  dMin=0.000000  dAvg=0.047757  dMax=32.353340  Dlo=0.023878  Dhi=16.200549  err=0.000000  inc=-1.547710  bucket 0->0  (mf=1000)
[MF-SEL] tPrev=(  d=0.037792  dMin=0.000000  dAvg=0.047747  dMax=32.353340  Dlo=0.023874  Dhi=16.200544  err=0.000000  inc=-1.547710  bucket 0->0  (mf=1000)
[MF-SEL] tPrev=(  d=0.039439  dMin=0.000000  dAvg=0.047739  dMax=32.353340  Dlo=0.023869  Dhi=16.200539  err=0.000000  inc=-1.547710  bucket 0->0  (mf=1000)
[MF-SEL] tPrev=(  d=0.042454  dMin=0.000000  dAvg=0.047734  dMax=32.353340  Dlo=0.023867  Dhi=16.200537  err=0.000000  inc=-1.547710  bucket 0->0  (mf=1000)
[MF-SEL] tPrev=(  d=0.040597  dMin=0.000000  dAvg=0.047726  dMax=32.353340  Dlo=0.023863  Dhi=16.200533  err=0.000000  inc=-1.547710  bucket 0->0  (mf=1000)
[MF-SEL] tPrev=(  d=0.040693  dMin=0.000000  dAvg=0.047720  dMax=32.353340  Dlo=0.023860  Dhi=16.200530  err=0.000000  inc=-1.547710  bucket 0->0  (mf=1000)
[MF-SEL] tPrev=(  d=0.041221  dMin=0.000000  dAvg=0.047713  dMax=32.353340  Dlo=0.023857  Dhi=16.200527  err=0.000000  inc=-1.547710  bucket 0->0  (mf=1000)
[MF-SEL] tPrev=(  d=0.041391  dMin=0.000000  dAvg=0.047707  dMax=32.353340  Dlo=0.023853  Dhi=16.200524  err=0.000000  inc=-1.547710  bucket 0->0  (mf=1000)
[MF-SEL] tPrev=(  d=0.047323  dMin=0.000000  dAvg=0.047706  dMax=32.353340  Dlo=0.023853  Dhi=16.200523  err=0.000000  inc=-1.547710  bucket 0->0  (mf=1000)
[MF-SEL] tPrev=(  d=0.043028  dMin=0.000000  dAvg=0.047702  dMax=32.353340  Dlo=0.023851  Dhi=16.200521  err=0.000000  inc=-1.547710  bucket 0->0  (mf=1000)
[MF-SEL] tPrev=(  d=0.043774  dMin=0.000000  dAvg=0.047698  dMax=32.353340  Dlo=0.023849  Dhi=16.200519  err=0.000000  inc=-1.547710  bucket 0->0  (mf=1000)
[MF-SEL] tPrev=(  d=0.044768  dMin=0.000000  dAvg=0.047695  dMax=32.353340  Dlo=0.023848  Dhi=16.200518  err=0.000000  inc=-1.547710  bucket 0->0  (mf=1000)
[MF-SEL] tPrev=(  d=0.045190  dMin=0.000000  dAvg=0.047693  dMax=32.353340  Dlo=0.023846  Dhi=16.200516  err=0.000000  inc=-1.547710  bucket 0->0  (mf=1000)
[MF-SEL] tPrev=(  d=0.044969  dMin=0.000000  dAvg=0.047690  dMax=32.353340  Dlo=0.023845  Dhi=16.200515  err=0.000000  inc=-1.547710  bucket 0->0  (mf=1000)
[MF-SEL] tPrev=(  d=0.045174  dMin=0.000000  dAvg=0.047688  dMax=32.353340  Dlo=0.023844  Dhi=16.200514  err=0.000000  inc=-1.547710  bucket 0->0  (mf=1000)
[MF-SEL] tPrev=(  d=0.038896  dMin=0.000000  dAvg=0.047679  dMax=32.353340  Dlo=0.023839  Dhi=16.200510  err=0.000000  inc=-1.547710  bucket 0->0  (mf=1000)
[MF-SEL] tPrev=(  d=0.045839  dMin=0.000000  dAvg=0.047677  dMax=32.353340  Dlo=0.023839  Dhi=16.200509  err=0.000000  inc=-1.547710  bucket 0->0  (mf=1000)
[MF-SEL] tPrev=(  d=0.046397  dMin=0.000000  dAvg=0.047676  dMax=32.353340  Dlo=0.023838  Dhi=16.200508  err=0.000000  inc=-1.547710  bucket 0->0  (mf=1000)
[MF-SEL] tPrev=(  d=0.046746  dMin=0.000000  dAvg=0.047675  dMax=32.353340  Dlo=0.023837  Dhi=16.200508  err=0.000000  inc=-1.547710  bucket 0->0  (mf=1000)
[MF-SEL] tPrev=(  d=0.046707  dMin=0.000000  dAvg=0.047674  dMax=32.353340  Dlo=0.023837  Dhi=16.200507  err=0.000000  inc=-1.547710  bucket 0->0  (mf=1000)
[MF-SEL] tPrev=(  d=0.046106  dMin=0.000000  dAvg=0.047672  dMax=32.353340  Dlo=0.023836  Dhi=16.200506  err=0.000000  inc=-1.547710  bucket 0->0  (mf=1000)
[MF-SEL] tPrev=(  d=0.045434  dMin=0.000000  dAvg=0.047670  dMax=32.353340  Dlo=0.023835  Dhi=16.200505  err=0.000000  inc=-1.547710  bucket 0->0  (mf=1000)
[MF-SEL] tPrev=(  d=0.044886  dMin=0.000000  dAvg=0.047668  dMax=32.353340  Dlo=0.023834  Dhi=16.200504  err=0.000000  inc=-1.547710  bucket 0->0  (mf=1000)
[MF-SEL] tPrev=(  d=0.042224  dMin=0.000000  dAvg=0.047662  dMax=32.353340  Dlo=0.023831  Dhi=16.200501  err=0.000000  inc=-1.547710  bucket 0->0  (mf=1000)
[MF-SEL] tPrev=(  d=0.039897  dMin=0.000000  dAvg=0.047655  dMax=32.353340  Dlo=0.023827  Dhi=16.200497  err=0.000000  inc=-1.547710  bucket 0->0  (mf=1000)
[MF-SEL] tPrev=(  d=0.038170  dMin=0.000000  dAvg=0.047646  dMax=32.353340  Dlo=0.023823  Dhi=16.200493  err=0.000000  inc=-1.547710  bucket 0->0  (mf=1000)
[MF-SEL] tPrev=(  d=0.037485  dMin=0.000000  dAvg=0.047636  dMax=32.353340  Dlo=0.023818  Dhi=16.200488  err=0.000000  inc=-1.547710  bucket 0->0  (mf=1000)
[MF-SEL] tPrev=(  d=0.036808  dMin=0.000000  dAvg=0.047625  dMax=32.353340  Dlo=0.023813  Dhi=16.200483  err=0.000000  inc=-1.547710  bucket 0->0  (mf=1000)
[MF-SEL] tPrev=(  d=0.042914  dMin=0.000000  dAvg=0.047621  dMax=32.353340  Dlo=0.023810  Dhi=16.200480  err=0.000000  inc=-1.547710  bucket 0->0  (mf=1000)
[MF-SEL] tPrev=(  d=0.034141  dMin=0.000000  dAvg=0.047608  dMax=32.353340  Dlo=0.023804  Dhi=16.200474  err=0.000000  inc=-1.547710  bucket 0->0  (mf=1000)
[MF-SEL] tPrev=(  d=0.033964  dMin=0.000000  dAvg=0.047594  dMax=32.353340  Dlo=0.023797  Dhi=16.200467  err=0.000000  inc=-1.547710  bucket 0->0  (mf=1000)
[MF-SEL] tPrev=(  d=0.033974  dMin=0.000000  dAvg=0.047581  dMax=32.353340  Dlo=0.023791  Dhi=16.200461  err=0.000000  inc=-1.547710  bucket 0->0  (mf=1000)
[MF-SEL] tPrev=(  d=0.034018  dMin=0.000000  dAvg=0.047568  dMax=32.353340  Dlo=0.023784  Dhi=16.200454  err=0.000000  inc=-1.547710  bucket 0->0  (mf=1000)
[MF-SEL] tPrev=(  d=0.034043  dMin=0.000000  dAvg=0.047555  dMax=32.353340  Dlo=0.023778  Dhi=16.200448  err=0.000000  inc=-1.547710  bucket 0->0  (mf=1000)
[MF-SEL] tPrev=(  d=0.033874  dMin=0.000000  dAvg=0.047542  dMax=32.353340  Dlo=0.023771  Dhi=16.200441  err=0.000000  inc=-1.547710  bucket 0->0  (mf=1000)
[MF-SEL] tPrev=(  d=0.038855  dMin=0.000000  dAvg=0.047534  dMax=32.353340  Dlo=0.023767  Dhi=16.200437  err=0.000000  inc=-1.547710  bucket 0->0  (mf=1000)
[MF-SEL] tPrev=(  d=0.033795  dMin=0.000000  dAvg=0.047521  dMax=32.353340  Dlo=0.023760  Dhi=16.200430  err=0.000000  inc=-1.547710  bucket 0->0  (mf=1000)
[MF-SEL] tPrev=(  d=0.033737  dMin=0.000000  dAvg=0.047507  dMax=32.353340  Dlo=0.023754  Dhi=16.200424  err=0.000000  inc=-1.547710  bucket 0->0  (mf=1000)
[MF-SEL] tPrev=(  d=0.033982  dMin=0.000000  dAvg=0.047494  dMax=32.353340  Dlo=0.023747  Dhi=16.200417  err=0.000000  inc=-1.547710  bucket 0->0  (mf=1000)
[MF-SEL] tPrev=(  d=0.033915  dMin=0.000000  dAvg=0.047481  dMax=32.353340  Dlo=0.023741  Dhi=16.200411  err=0.000000  inc=-1.547710  bucket 0->0  (mf=1000)
[MF-SEL] tPrev=(  d=0.033989  dMin=0.000000  dAvg=0.047469  dMax=32.353340  Dlo=0.023734  Dhi=16.200404  err=0.000000  inc=-1.547710  bucket 0->0  (mf=1000)
[MF-SEL] tPrev=(  d=0.034443  dMin=0.000000  dAvg=0.047456  dMax=32.353340  Dlo=0.023728  Dhi=16.200398  err=0.000000  inc=-1.547710  bucket 0->0  (mf=1000)
[MF-SEL] tPrev=(  d=0.034194  dMin=0.000000  dAvg=0.047443  dMax=32.353340  Dlo=0.023722  Dhi=16.200392  err=0.000000  inc=-1.547710  bucket 0->0  (mf=1000)
[MF-SEL] tPrev=(  d=0.031182  dMin=0.000000  dAvg=0.047428  dMax=32.353340  Dlo=0.023714  Dhi=16.200384  err=0.000000  inc=-1.547710  bucket 0->0  (mf=1000)
[MF-SEL] tPrev=(  d=0.033158  dMin=0.000000  dAvg=0.047414  dMax=32.353340  Dlo=0.023707  Dhi=16.200377  err=0.000000  inc=-1.547710  bucket 0->0  (mf=1000)
[MF-SEL] tPrev=(  d=0.031824  dMin=0.000000  dAvg=0.047399  dMax=32.353340  Dlo=0.023700  Dhi=16.200370  err=0.000000  inc=-1.547710  bucket 0->0  (mf=1000)
[MF-SEL] tPrev=(  d=0.030572  dMin=0.000000  dAvg=0.047383  dMax=32.353340  Dlo=0.023692  Dhi=16.200362  err=0.000000  inc=-1.547710  bucket 0->0  (mf=1000)
[MF-SEL] tPrev=(  d=0.029266  dMin=0.000000  dAvg=0.047366  dMax=32.353340  Dlo=0.023683  Dhi=16.200353  err=0.000000  inc=-1.547710  bucket 0->0  (mf=1000)
[MF-SEL] tPrev=(  d=0.028474  dMin=0.000000  dAvg=0.047348  dMax=32.353340  Dlo=0.023674  Dhi=16.200344  err=0.000000  inc=-1.547710  bucket 0->0  (mf=1000)
[MF-SEL] tPrev=(  d=0.027724  dMin=0.000000  dAvg=0.047330  dMax=32.353340  Dlo=0.023665  Dhi=16.200335  err=0.000000  inc=-1.547710  bucket 0->0  (mf=1000)
[MF-SEL] tPrev=(  d=0.027076  dMin=0.000000  dAvg=0.047311  dMax=32.353340  Dlo=0.023655  Dhi=16.200325  err=0.000000  inc=-1.547710  bucket 0->0  (mf=1000)
[MF-SEL] tPrev=(  d=0.032626  dMin=0.000000  dAvg=0.047297  dMax=32.353340  Dlo=0.023648  Dhi=16.200318  err=0.000000  inc=-1.547710  bucket 0->0  (mf=1000)
[MF-SEL] tPrev=(  d=0.026085  dMin=0.000000  dAvg=0.047277  dMax=32.353340  Dlo=0.023638  Dhi=16.200308  err=0.000000  inc=-1.547710  bucket 0->0  (mf=1000)
[MF-SEL] tPrev=(  d=0.025995  dMin=0.000000  dAvg=0.047257  dMax=32.353340  Dlo=0.023628  Dhi=16.200298  err=0.000000  inc=-1.547710  bucket 0->0  (mf=1000)
[MF-SEL] tPrev=(  d=0.025448  dMin=0.000000  dAvg=0.047236  dMax=32.353340  Dlo=0.023618  Dhi=16.200288  err=0.000000  inc=-1.547710  bucket 0->0  (mf=1000)
[MF-SEL] tPrev=(  d=0.025022  dMin=0.000000  dAvg=0.047215  dMax=32.353340  Dlo=0.023608  Dhi=16.200278  err=0.000000  inc=-1.547710  bucket 0->0  (mf=1000)
[MF-SEL] tPrev=(  d=0.024717  dMin=0.000000  dAvg=0.047194  dMax=32.353340  Dlo=0.023597  Dhi=16.200267  err=0.000000  inc=-1.547710  bucket 0->0  (mf=1000)
[MF-SEL] tPrev=(  d=0.025110  dMin=0.000000  dAvg=0.047173  dMax=32.353340  Dlo=0.023587  Dhi=16.200257  err=0.000000  inc=-1.547710  bucket 0->0  (mf=1000)
[MF-SEL] tPrev=(  d=0.033664  dMin=0.000000  dAvg=0.047160  dMax=32.353340  Dlo=0.023580  Dhi=16.200250  err=0.000000  inc=-1.547710  bucket 0->0  (mf=1000)
[MF-SEL] tPrev=(  d=0.024176  dMin=0.000000  dAvg=0.047139  dMax=32.353340  Dlo=0.023569  Dhi=16.200239  err=0.000000  inc=-1.547710  bucket 0->0  (mf=1000)
[MF-SEL] tPrev=(  d=0.024374  dMin=0.000000  dAvg=0.047117  dMax=32.353340  Dlo=0.023559  Dhi=16.200229  err=0.000000  inc=-1.547710  bucket 0->0  (mf=1000)
[MF-SEL] tPrev=(  d=0.025244  dMin=0.000000  dAvg=0.047097  dMax=32.353340  Dlo=0.023548  Dhi=16.200219  err=0.000000  inc=-1.547710  bucket 0->0  (mf=1000)
[MF-SEL] tPrev=(  d=0.026267  dMin=0.000000  dAvg=0.047077  dMax=32.353340  Dlo=0.023539  Dhi=16.200209  err=0.000000  inc=-1.547710  bucket 0->0  (mf=1000)
[MF-SEL] tPrev=(  d=0.027181  dMin=0.000000  dAvg=0.047059  dMax=32.353340  Dlo=0.023529  Dhi=16.200199  err=0.000000  inc=-1.547710  bucket 0->0  (mf=1000)
[MF-SEL] tPrev=(  d=0.027818  dMin=0.000000  dAvg=0.047041  dMax=32.353340  Dlo=0.023520  Dhi=16.200190  err=0.000000  inc=-1.547710  bucket 0->0  (mf=1000)
[MF-SEL] tPrev=(  d=0.044986  dMin=0.000000  dAvg=0.047039  dMax=32.353340  Dlo=0.023519  Dhi=16.200190  err=0.000000  inc=-1.547710  bucket 0->0  (mf=1000)
[MF-SEL] tPrev=(  d=0.029246  dMin=0.000000  dAvg=0.047022  dMax=32.353340  Dlo=0.023511  Dhi=16.200181  err=0.000000  inc=-1.547710  bucket 0->0  (mf=1000)
[MF-SEL] tPrev=(  d=0.029502  dMin=0.000000  dAvg=0.047006  dMax=32.353340  Dlo=0.023503  Dhi=16.200173  err=0.000000  inc=-1.547710  bucket 0->0  (mf=1000)
[MF-SEL] tPrev=(  d=0.029979  dMin=0.000000  dAvg=0.046990  dMax=32.353340  Dlo=0.023495  Dhi=16.200165  err=0.000000  inc=-1.547710  bucket 0->0  (mf=1000)
[MF-SEL] tPrev=(  d=0.030052  dMin=0.000000  dAvg=0.046974  dMax=32.353340  Dlo=0.023487  Dhi=16.200157  err=0.000000  inc=-1.547710  bucket 0->0  (mf=1000)
[MF-SEL] tPrev=(  d=0.030428  dMin=0.000000  dAvg=0.046959  dMax=32.353340  Dlo=0.023480  Dhi=16.200150  err=0.000000  inc=-1.547710  bucket 0->0  (mf=1000)
[MF-SEL] tPrev=(  d=0.031062  dMin=0.000000  dAvg=0.046944  dMax=32.353340  Dlo=0.023472  Dhi=16.200142  err=0.000000  inc=-1.547710  bucket 0->0  (mf=1000)
[MF-SEL] tPrev=(  d=0.030971  dMin=0.000000  dAvg=0.046929  dMax=32.353340  Dlo=0.023465  Dhi=16.200135  err=0.000000  inc=-1.547710  bucket 0->0  (mf=1000)
[MF-SEL] tPrev=(  d=0.031587  dMin=0.000000  dAvg=0.046915  dMax=32.353340  Dlo=0.023458  Dhi=16.200128  err=0.000000  inc=-1.547710  bucket 0->0  (mf=1000)
[MF-SEL] tPrev=(  d=0.031582  dMin=0.000000  dAvg=0.046901  dMax=32.353340  Dlo=0.023451  Dhi=16.200121  err=0.000000  inc=-1.547710  bucket 0->0  (mf=1000)
[MF-SEL] tPrev=(  d=0.051788  dMin=0.000000  dAvg=0.046906  dMax=32.353340  Dlo=0.023453  Dhi=16.200123  err=0.000000  inc=-1.547710  bucket 0->0  (mf=1000)
[MF-SEL] tPrev=(  d=0.032890  dMin=0.000000  dAvg=0.046893  dMax=32.353340  Dlo=0.023446  Dhi=16.200116  err=0.000000  inc=-1.547710  bucket 0->0  (mf=1000)
[MF-SEL] tPrev=(  d=0.033498  dMin=0.000000  dAvg=0.046880  dMax=32.353340  Dlo=0.023440  Dhi=16.200110  err=0.000000  inc=-1.547710  bucket 0->0  (mf=1000)
[MF-SEL] tPrev=(  d=0.034210  dMin=0.000000  dAvg=0.046869  dMax=32.353340  Dlo=0.023434  Dhi=16.200104  err=0.000000  inc=-1.547710  bucket 0->0  (mf=1000)
[MF-SEL] tPrev=(  d=0.035013  dMin=0.000000  dAvg=0.046858  dMax=32.353340  Dlo=0.023429  Dhi=16.200099  err=0.000000  inc=-1.547710  bucket 0->0  (mf=1000)
[MF-SEL] tPrev=(  d=0.036085  dMin=0.000000  dAvg=0.046848  dMax=32.353340  Dlo=0.023424  Dhi=16.200094  err=0.000000  inc=-1.547710  bucket 0->0  (mf=1000)
[MF-SEL] tPrev=(  d=0.036606  dMin=0.000000  dAvg=0.046838  dMax=32.353340  Dlo=0.023419  Dhi=16.200089  err=0.000000  inc=-1.547710  bucket 0->0  (mf=1000)
[MF-SEL] tPrev=(  d=0.036846  dMin=0.000000  dAvg=0.046829  dMax=32.353340  Dlo=0.023415  Dhi=16.200085  err=0.000000  inc=-1.547710  bucket 0->0  (mf=1000)
[MF-SEL] tPrev=(  d=0.036888  dMin=0.000000  dAvg=0.046820  dMax=32.353340  Dlo=0.023410  Dhi=16.200080  err=0.000000  inc=-1.547710  bucket 0->0  (mf=1000)
[MF-SEL] tPrev=(  d=0.040361  dMin=0.000000  dAvg=0.046814  dMax=32.353340  Dlo=0.023407  Dhi=16.200077  err=0.000000  inc=-1.547710  bucket 0->0  (mf=1000)
[MF-SEL] tPrev=(  d=0.035281  dMin=0.000000  dAvg=0.046803  dMax=32.353340  Dlo=0.023402  Dhi=16.200072  err=0.000000  inc=-1.547710  bucket 0->0  (mf=1000)
[MF-SEL] tPrev=(  d=0.034325  dMin=0.000000  dAvg=0.046792  dMax=32.353340  Dlo=0.023396  Dhi=16.200066  err=0.000000  inc=-1.547710  bucket 0->0  (mf=1000)
[MF-SEL] tPrev=(  d=0.033743  dMin=0.000000  dAvg=0.046780  dMax=32.353340  Dlo=0.023390  Dhi=16.200060  err=0.000000  inc=-1.547710  bucket 0->0  (mf=1000)
[MF-SEL] tPrev=(  d=0.033035  dMin=0.000000  dAvg=0.046768  dMax=32.353340  Dlo=0.023384  Dhi=16.200054  err=0.000000  inc=-1.547710  bucket 0->0  (mf=1000)
[MF-SEL] tPrev=(  d=0.032342  dMin=0.000000  dAvg=0.046754  dMax=32.353340  Dlo=0.023377  Dhi=16.200047  err=0.000000  inc=-1.547710  bucket 0->0  (mf=1000)
[MF-SEL] tPrev=(  d=0.031951  dMin=0.000000  dAvg=0.046741  dMax=32.353340  Dlo=0.023370  Dhi=16.200040  err=0.000000  inc=-1.547710  bucket 0->0  (mf=1000)
[MF-SEL] tPrev=(  d=0.031220  dMin=0.000000  dAvg=0.046727  dMax=32.353340  Dlo=0.023363  Dhi=16.200033  err=0.000000  inc=-1.547710  bucket 0->0  (mf=1000)
[MF-SEL] tPrev=(  d=0.031339  dMin=0.000000  dAvg=0.046713  dMax=32.353340  Dlo=0.023356  Dhi=16.200026  err=0.000000  inc=-1.547710  bucket 0->0  (mf=1000)
[MF-SEL] tPrev=(  d=0.031568  dMin=0.000000  dAvg=0.046699  dMax=32.353340  Dlo=0.023349  Dhi=16.200020  err=0.000000  inc=-1.547710  bucket 0->0  (mf=1000)
[MF-SEL] tPrev=(  d=0.021075  dMin=0.000000  dAvg=0.046676  dMax=32.353340  Dlo=0.023338  Dhi=16.200008  err=-1.000000  inc=-2.515335  bucket 0->0  (mf=1000)
[MF-SEL] tPrev=(  d=0.031713  dMin=0.000000  dAvg=0.046662  dMax=32.353340  Dlo=0.023331  Dhi=16.200001  err=0.000000  inc=-1.238433  bucket 0->0  (mf=1000)
[MF-SEL] tPrev=(  d=0.031939  dMin=0.000000  dAvg=0.046649  dMax=32.353340  Dlo=0.023324  Dhi=16.199994  err=0.000000  inc=-1.549900  bucket 0->0  (mf=1000)
[MF-SEL] tPrev=(  d=0.032008  dMin=0.000000  dAvg=0.046635  dMax=32.353340  Dlo=0.023318  Dhi=16.199988  err=0.000000  inc=-1.549900  bucket 0->0  (mf=1000)
[MF-SEL] tPrev=(  d=0.031858  dMin=0.000000  dAvg=0.046622  dMax=32.353340  Dlo=0.023311  Dhi=16.199981  err=0.000000  inc=-1.549900  bucket 0->0  (mf=1000)
[MF-SEL] tPrev=(  d=0.031747  dMin=0.000000  dAvg=0.046609  dMax=32.353340  Dlo=0.023304  Dhi=16.199974  err=0.000000  inc=-1.549900  bucket 0->0  (mf=1000)
[MF-SEL] tPrev=(  d=0.031495  dMin=0.000000  dAvg=0.046595  dMax=32.353340  Dlo=0.023297  Dhi=16.199968  err=0.000000  inc=-1.549900  bucket 0->0  (mf=1000)
[MF-SEL] tPrev=(  d=0.031040  dMin=0.000000  dAvg=0.046581  dMax=32.353340  Dlo=0.023290  Dhi=16.199960  err=0.000000  inc=-1.549900  bucket 0->0  (mf=1000)
[MF-SEL] tPrev=(  d=0.024809  dMin=0.000000  dAvg=0.046561  dMax=32.353340  Dlo=0.023281  Dhi=16.199951  err=0.000000  inc=-1.549900  bucket 0->0  (mf=1000)
[MF-SEL] tPrev=(  d=0.030288  dMin=0.000000  dAvg=0.046546  dMax=32.353340  Dlo=0.023273  Dhi=16.199943  err=0.000000  inc=-1.549900  bucket 0->0  (mf=1000)
[MF-SEL] tPrev=(  d=0.030578  dMin=0.000000  dAvg=0.046532  dMax=32.353340  Dlo=0.023266  Dhi=16.199936  err=0.000000  inc=-1.549900  bucket 0->0  (mf=1000)
[MF-SEL] tPrev=(  d=0.030282  dMin=0.000000  dAvg=0.046517  dMax=32.353340  Dlo=0.023259  Dhi=16.199929  err=0.000000  inc=-1.549900  bucket 0->0  (mf=1000)
[MF-SEL] tPrev=(  d=0.030017  dMin=0.000000  dAvg=0.046503  dMax=32.353340  Dlo=0.023251  Dhi=16.199921  err=0.000000  inc=-1.549900  bucket 0->0  (mf=1000)
[MF-SEL] tPrev=(  d=0.029856  dMin=0.000000  dAvg=0.046488  dMax=32.353340  Dlo=0.023244  Dhi=16.199914  err=0.000000  inc=-1.549900  bucket 0->0  (mf=1000)
[MF-SEL] tPrev=(  d=0.029493  dMin=0.000000  dAvg=0.046472  dMax=32.353340  Dlo=0.023236  Dhi=16.199906  err=0.000000  inc=-1.549900  bucket 0->0  (mf=1000)
[MF-SEL] tPrev=(  d=0.029109  dMin=0.000000  dAvg=0.046457  dMax=32.353340  Dlo=0.023228  Dhi=16.199899  err=0.000000  inc=-1.549900  bucket 0->0  (mf=1000)
[MF-SEL] tPrev=(  d=0.029282  dMin=0.000000  dAvg=0.046441  dMax=32.353340  Dlo=0.023221  Dhi=16.199891  err=0.000000  inc=-1.549900  bucket 0->0  (mf=1000)
[MF-SEL] tPrev=(  d=0.028627  dMin=0.000000  dAvg=0.046426  dMax=32.353340  Dlo=0.023213  Dhi=16.199883  err=0.000000  inc=-1.549900  bucket 0->0  (mf=1000)
[MF-SEL] tPrev=(  d=0.030559  dMin=0.000000  dAvg=0.046411  dMax=32.353340  Dlo=0.023206  Dhi=16.199876  err=0.000000  inc=-1.549900  bucket 0->0  (mf=1000)
[MF-SEL] tPrev=(  d=0.028391  dMin=0.000000  dAvg=0.046395  dMax=32.353340  Dlo=0.023198  Dhi=16.199868  err=0.000000  inc=-1.549900  bucket 0->0  (mf=1000)
[MF-SEL] tPrev=(  d=0.028528  dMin=0.000000  dAvg=0.046379  dMax=32.353340  Dlo=0.023190  Dhi=16.199860  err=0.000000  inc=-1.549900  bucket 0->0  (mf=1000)
[MF-SEL] tPrev=(  d=0.028644  dMin=0.000000  dAvg=0.046363  dMax=32.353340  Dlo=0.023182  Dhi=16.199852  err=0.000000  inc=-1.549900  bucket 0->0  (mf=1000)
[MF-SEL] tPrev=(  d=0.028045  dMin=0.000000  dAvg=0.046347  dMax=32.353340  Dlo=0.023174  Dhi=16.199844  err=0.000000  inc=-1.549900  bucket 0->0  (mf=1000)
[MF-SEL] tPrev=(  d=0.027746  dMin=0.000000  dAvg=0.046331  dMax=32.353340  Dlo=0.023165  Dhi=16.199835  err=0.000000  inc=-1.549900  bucket 0->0  (mf=1000)
[MF-SEL] tPrev=(  d=0.027153  dMin=0.000000  dAvg=0.046313  dMax=32.353340  Dlo=0.023157  Dhi=16.199827  err=0.000000  inc=-1.549900  bucket 0->0  (mf=1000)
[MF-SEL] tPrev=(  d=0.026235  dMin=0.000000  dAvg=0.046296  dMax=32.353340  Dlo=0.023148  Dhi=16.199818  err=0.000000  inc=-1.549900  bucket 0->0  (mf=1000)
[MF-SEL] tPrev=(  d=0.025061  dMin=0.000000  dAvg=0.046277  dMax=32.353340  Dlo=0.023138  Dhi=16.199808  err=0.000000  inc=-1.549900  bucket 0->0  (mf=1000)
[MF-SEL] tPrev=(  d=0.024323  dMin=0.000000  dAvg=0.046257  dMax=32.353340  Dlo=0.023129  Dhi=16.199799  err=0.000000  inc=-1.549900  bucket 0->0  (mf=1000)
[MF-SEL] tPrev=(  d=0.022081  dMin=0.000000  dAvg=0.046236  dMax=32.353340  Dlo=0.023118  Dhi=16.199788  err=-1.000000  inc=-2.519152  bucket 0->0  (mf=1000)
[MF-SEL] tPrev=(  d=0.023573  dMin=0.000000  dAvg=0.046216  dMax=32.353340  Dlo=0.023108  Dhi=16.199778  err=0.000000  inc=-1.249680  bucket 0->0  (mf=1000)
[MF-SEL] tPrev=(  d=0.023490  dMin=0.000000  dAvg=0.046196  dMax=32.353340  Dlo=0.023098  Dhi=16.199768  err=0.000000  inc=-1.552079  bucket 0->0  (mf=1000)
[MF-SEL] tPrev=(  d=0.023131  dMin=0.000000  dAvg=0.046175  dMax=32.353340  Dlo=0.023088  Dhi=16.199758  err=0.000000  inc=-1.552079  bucket 0->0  (mf=1000)
[MF-SEL] tPrev=(  d=0.023089  dMin=0.000000  dAvg=0.046155  dMax=32.353340  Dlo=0.023077  Dhi=16.199748  err=0.000000  inc=-1.552079  bucket 0->0  (mf=1000)
[MF-SEL] tPrev=(  d=0.022988  dMin=0.000000  dAvg=0.046134  dMax=32.353340  Dlo=0.023067  Dhi=16.199737  err=-1.000000  inc=-2.498870  bucket 0->0  (mf=1000)
[MF-SEL] tPrev=(  d=0.023137  dMin=0.000000  dAvg=0.046114  dMax=32.353340  Dlo=0.023057  Dhi=16.199727  err=0.000000  inc=-1.241509  bucket 0->0  (mf=1000)
[MF-SEL] tPrev=(  d=0.023375  dMin=0.000000  dAvg=0.046094  dMax=32.353340  Dlo=0.023047  Dhi=16.199717  err=0.000000  inc=-1.554401  bucket 0->0  (mf=1000)
[MF-SEL] tPrev=(  d=0.023842  dMin=0.000000  dAvg=0.046075  dMax=32.353340  Dlo=0.023037  Dhi=16.199707  err=0.000000  inc=-1.554401  bucket 0->0  (mf=1000)
[MF-SEL] tPrev=(  d=0.024466  dMin=0.000000  dAvg=0.046056  dMax=32.353340  Dlo=0.023028  Dhi=16.199698  err=0.000000  inc=-1.554401  bucket 0->0  (mf=1000)
[MF-SEL] tPrev=(  d=0.025686  dMin=0.000000  dAvg=0.046038  dMax=32.353340  Dlo=0.023019  Dhi=16.199689  err=0.000000  inc=-1.554401  bucket 0->0  (mf=1000)
[MF-SEL] tPrev=(  d=0.024641  dMin=0.000000  dAvg=0.046019  dMax=32.353340  Dlo=0.023009  Dhi=16.199680  err=0.000000  inc=-1.554401  bucket 0->0  (mf=1000)
[MF-SEL] tPrev=(  d=0.024945  dMin=0.000000  dAvg=0.046000  dMax=32.353340  Dlo=0.023000  Dhi=16.199670  err=0.000000  inc=-1.554401  bucket 0->0  (mf=1000)
[MF-SEL] tPrev=(  d=0.025689  dMin=0.000000  dAvg=0.045983  dMax=32.353340  Dlo=0.022991  Dhi=16.199661  err=0.000000  inc=-1.554401  bucket 0->0  (mf=1000)
[MF-SEL] tPrev=(  d=0.025963  dMin=0.000000  dAvg=0.045965  dMax=32.353340  Dlo=0.022983  Dhi=16.199653  err=0.000000  inc=-1.554401  bucket 0->0  (mf=1000)
[MF-SEL] tPrev=(  d=0.025904  dMin=0.000000  dAvg=0.045947  dMax=32.353340  Dlo=0.022974  Dhi=16.199644  err=0.000000  inc=-1.554401  bucket 0->0  (mf=1000)
[MF-SEL] tPrev=(  d=0.026220  dMin=0.000000  dAvg=0.045930  dMax=32.353340  Dlo=0.022965  Dhi=16.199635  err=0.000000  inc=-1.554401  bucket 0->0  (mf=1000)
[MF-SEL] tPrev=(  d=0.027279  dMin=0.000000  dAvg=0.045914  dMax=32.353340  Dlo=0.022957  Dhi=16.199627  err=0.000000  inc=-1.554401  bucket 0->0  (mf=1000)
[MF-SEL] tPrev=(  d=0.028555  dMin=0.000000  dAvg=0.045899  dMax=32.353340  Dlo=0.022949  Dhi=16.199619  err=0.000000  inc=-1.554401  bucket 0->0  (mf=1000)
[MF-SEL] tPrev=(  d=0.032840  dMin=0.000000  dAvg=0.045887  dMax=32.353340  Dlo=0.022944  Dhi=16.199614  err=0.000000  inc=-1.554401  bucket 0->0  (mf=1000)
[MF-SEL] tPrev=(  d=0.028629  dMin=0.000000  dAvg=0.045872  dMax=32.353340  Dlo=0.022936  Dhi=16.199606  err=0.000000  inc=-1.554401  bucket 0->0  (mf=1000)
[MF-SEL] tPrev=(  d=0.028373  dMin=0.000000  dAvg=0.045857  dMax=32.353340  Dlo=0.022929  Dhi=16.199599  err=0.000000  inc=-1.554401  bucket 0->0  (mf=1000)
[MF-SEL] tPrev=(  d=0.027769  dMin=0.000000  dAvg=0.045841  dMax=32.353340  Dlo=0.022921  Dhi=16.199591  err=0.000000  inc=-1.554401  bucket 0->0  (mf=1000)
[MF-SEL] tPrev=(  d=0.027172  dMin=0.000000  dAvg=0.045825  dMax=32.353340  Dlo=0.022913  Dhi=16.199583  err=0.000000  inc=-1.554401  bucket 0->0  (mf=1000)
[MF-SEL] tPrev=(  d=0.026651  dMin=0.000000  dAvg=0.045809  dMax=32.353340  Dlo=0.022904  Dhi=16.199574  err=0.000000  inc=-1.554401  bucket 0->0  (mf=1000)
[MF-SEL] tPrev=(  d=0.026050  dMin=0.000000  dAvg=0.045791  dMax=32.353340  Dlo=0.022896  Dhi=16.199566  err=0.000000  inc=-1.554401  bucket 0->0  (mf=1000)
[MF-SEL] tPrev=(  d=0.029911  dMin=0.000000  dAvg=0.045778  dMax=32.353340  Dlo=0.022889  Dhi=16.199559  err=0.000000  inc=-1.554401  bucket 0->0  (mf=1000)
[MF-SEL] tPrev=(  d=0.025126  dMin=0.000000  dAvg=0.045760  dMax=32.353340  Dlo=0.022880  Dhi=16.199550  err=0.000000  inc=-1.554401  bucket 0->0  (mf=1000)
[MF-SEL] tPrev=(  d=0.025623  dMin=0.000000  dAvg=0.045742  dMax=32.353340  Dlo=0.022871  Dhi=16.199541  err=0.000000  inc=-1.554401  bucket 0->0  (mf=1000)
[MF-SEL] tPrev=(  d=0.025816  dMin=0.000000  dAvg=0.045725  dMax=32.353340  Dlo=0.022863  Dhi=16.199533  err=0.000000  inc=-1.554401  bucket 0->0  (mf=1000)
[MF-SEL] tPrev=(  d=0.025410  dMin=0.000000  dAvg=0.045708  dMax=32.353340  Dlo=0.022854  Dhi=16.199524  err=0.000000  inc=-1.554401  bucket 0->0  (mf=1000)
[MF-SEL] tPrev=(  d=0.025065  dMin=0.000000  dAvg=0.045690  dMax=32.353340  Dlo=0.022845  Dhi=16.199515  err=0.000000  inc=-1.554401  bucket 0->0  (mf=1000)
[MF-SEL] tPrev=(  d=0.024532  dMin=0.000000  dAvg=0.045672  dMax=32.353340  Dlo=0.022836  Dhi=16.199506  err=0.000000  inc=-1.554401  bucket 0->0  (mf=1000)
[MF-SEL] tPrev=(  d=0.024855  dMin=0.000000  dAvg=0.045654  dMax=32.353340  Dlo=0.022827  Dhi=16.199497  err=0.000000  inc=-1.554401  bucket 0->0  (mf=1000)
[MF-SEL] tPrev=(  d=0.022900  dMin=0.000000  dAvg=0.045634  dMax=32.353340  Dlo=0.022817  Dhi=16.199487  err=0.000000  inc=-1.554401  bucket 0->0  (mf=1000)
[MF-SEL] tPrev=(  d=0.019372  dMin=0.000000  dAvg=0.045611  dMax=32.353340  Dlo=0.022806  Dhi=16.199476  err=-1.000000  inc=-2.539481  bucket 0->0  (mf=1000)
[MF-SEL] tPrev=(  d=0.020728  dMin=0.000000  dAvg=0.045590  dMax=32.353340  Dlo=0.022795  Dhi=16.199465  err=-1.000000  inc=-2.159116  bucket 0->0  (mf=1000)
[MF-SEL] tPrev=(  d=0.019999  dMin=0.000000  dAvg=0.045568  dMax=32.353340  Dlo=0.022784  Dhi=16.199454  err=-1.000000  inc=-2.161543  bucket 0->0  (mf=1000)
[MF-SEL] tPrev=(  d=0.019667  dMin=0.000000  dAvg=0.045546  dMax=32.353340  Dlo=0.022773  Dhi=16.199443  err=-1.000000  inc=-2.163724  bucket 0->0  (mf=1000)
[MF-SEL] tPrev=(  d=0.019349  dMin=0.000000  dAvg=0.045523  dMax=32.353340  Dlo=0.022762  Dhi=16.199432  err=-1.000000  inc=-2.166302  bucket 0->0  (mf=1000)
[MF-SEL] tPrev=(  d=0.019039  dMin=0.000000  dAvg=0.045501  dMax=32.353340  Dlo=0.022750  Dhi=16.199420  err=-1.000000  inc=-2.168583  bucket 0->0  (mf=1000)
[MF-SEL] tPrev=(  d=0.018592  dMin=0.000000  dAvg=0.045478  dMax=32.353340  Dlo=0.022739  Dhi=16.199409  err=-1.000000  inc=-2.170590  bucket 0->0  (mf=1000)
[MF-SEL] tPrev=(  d=0.018707  dMin=0.000000  dAvg=0.045455  dMax=32.353340  Dlo=0.022727  Dhi=16.199398  err=-1.000000  inc=-2.172652  bucket 0->0  (mf=1000)
[MF-SEL] tPrev=(  d=0.022434  dMin=0.000000  dAvg=0.045435  dMax=32.353340  Dlo=0.022718  Dhi=16.199388  err=-1.000000  inc=-2.174863  bucket 0->0  (mf=1000)
[MF-SEL] tPrev=(  d=0.018540  dMin=0.000000  dAvg=0.045412  dMax=32.353340  Dlo=0.022706  Dhi=16.199376  err=-1.000000  inc=-2.177450  bucket 0->0  (mf=1000)
[MF-SEL] tPrev=(  d=0.019571  dMin=0.000000  dAvg=0.045390  dMax=32.353340  Dlo=0.022695  Dhi=16.199365  err=-1.000000  inc=-2.179733  bucket 0->0  (mf=1000)
[MF-SEL] tPrev=(  d=0.020516  dMin=0.000000  dAvg=0.045369  dMax=32.353340  Dlo=0.022685  Dhi=16.199355  err=-1.000000  inc=-2.182071  bucket 0->0  (mf=1000)
[MF-SEL] tPrev=(  d=0.021400  dMin=0.000000  dAvg=0.045349  dMax=32.353340  Dlo=0.022674  Dhi=16.199344  err=-1.000000  inc=-2.184493  bucket 0->0  (mf=1000)
[MF-SEL] tPrev=(  d=0.022563  dMin=0.000000  dAvg=0.045329  dMax=32.353340  Dlo=0.022665  Dhi=16.199335  err=-1.000000  inc=-2.186669  bucket 0->0  (mf=1000)
[MF-SEL] tPrev=(  d=0.023481  dMin=0.000000  dAvg=0.045311  dMax=32.353340  Dlo=0.022655  Dhi=16.199325  err=0.000000  inc=-1.267044  bucket 0->0  (mf=1000)
[MF-SEL] tPrev=(  d=0.023862  dMin=0.000000  dAvg=0.045293  dMax=32.353340  Dlo=0.022646  Dhi=16.199316  err=0.000000  inc=-1.586669  bucket 0->0  (mf=1000)
[MF-SEL] tPrev=(  d=0.022101  dMin=0.000000  dAvg=0.045273  dMax=32.353340  Dlo=0.022636  Dhi=16.199306  err=-1.000000  inc=-2.581499  bucket 0->0  (mf=1000)
[MF-SEL] tPrev=(  d=0.020792  dMin=0.000000  dAvg=0.045252  dMax=32.353340  Dlo=0.022626  Dhi=16.199296  err=-1.000000  inc=-2.191232  bucket 0->0  (mf=1000)
[MF-SEL] tPrev=(  d=0.023301  dMin=0.000000  dAvg=0.045234  dMax=32.353340  Dlo=0.022617  Dhi=16.199287  err=0.000000  inc=-1.256010  bucket 0->0  (mf=1000)
[MF-SEL] tPrev=(  d=0.016776  dMin=0.000000  dAvg=0.045209  dMax=32.353340  Dlo=0.022605  Dhi=16.199275  err=-1.000000  inc=-2.530854  bucket 0->0  (mf=1000)
[MF-SEL] tPrev=(  d=0.015335  dMin=0.000000  dAvg=0.045184  dMax=32.353340  Dlo=0.022592  Dhi=16.199262  err=-1.000000  inc=-2.195978  bucket 0->0  (mf=1000)
[MF-SEL] tPrev=(  d=0.013484  dMin=0.000000  dAvg=0.045157  dMax=32.353340  Dlo=0.022579  Dhi=16.199249  err=-1.000000  inc=-2.198161  bucket 0->0  (mf=1000)
[MF-SEL] tPrev=(  d=0.011805  dMin=0.000000  dAvg=0.045129  dMax=32.353340  Dlo=0.022565  Dhi=16.199235  err=-1.000000  inc=-2.200763  bucket 0->0  (mf=1000)
[MF-SEL] tPrev=(  d=0.010113  dMin=0.000000  dAvg=0.045100  dMax=32.353340  Dlo=0.022550  Dhi=16.199220  err=-1.000000  inc=-2.202919  bucket 0->0  (mf=1000)
[MF-SEL] tPrev=(  d=0.008893  dMin=0.000000  dAvg=0.045069  dMax=32.353340  Dlo=0.022535  Dhi=16.199205  err=-1.000000  inc=-2.205563  bucket 0->0  (mf=1000)
[MF-SEL] tPrev=(  d=0.007930  dMin=0.000000  dAvg=0.045038  dMax=32.353340  Dlo=0.022519  Dhi=16.199189  err=-1.000000  inc=-2.207816  bucket 0->0  (mf=1000)
[MF-SEL] tPrev=(  d=0.007459  dMin=0.000000  dAvg=0.045006  dMax=32.353340  Dlo=0.022503  Dhi=16.199173  err=-1.000000  inc=-2.210227  bucket 0->0  (mf=1000)
[MF-SEL] tPrev=(  d=0.009829  dMin=0.000000  dAvg=0.044977  dMax=32.353340  Dlo=0.022488  Dhi=16.199158  err=-1.000000  inc=-2.212201  bucket 0->0  (mf=1000)
[MF-SEL] tPrev=(  d=0.007980  dMin=0.000000  dAvg=0.044946  dMax=32.353340  Dlo=0.022473  Dhi=16.199143  err=-1.000000  inc=-2.214690  bucket 0->0  (mf=1000)
[MF-SEL] tPrev=(  d=0.007848  dMin=0.000000  dAvg=0.044915  dMax=32.353340  Dlo=0.022457  Dhi=16.199127  err=-1.000000  inc=-2.217050  bucket 0->0  (mf=1000)
[MF-SEL] tPrev=(  d=0.006869  dMin=0.000000  dAvg=0.044883  dMax=32.353340  Dlo=0.022441  Dhi=16.199111  err=-1.000000  inc=-2.219180  bucket 0->0  (mf=1000)
[MF-SEL] tPrev=(  d=0.005612  dMin=0.000000  dAvg=0.044850  dMax=32.353340  Dlo=0.022425  Dhi=16.199095  err=-1.000000  inc=-2.221494  bucket 0->0  (mf=1000)
[MF-SEL] tPrev=(  d=0.004861  dMin=0.000000  dAvg=0.044816  dMax=32.353340  Dlo=0.022408  Dhi=16.199078  err=-1.000000  inc=-2.223881  bucket 0->0  (mf=1000)
[MF-SEL] tPrev=(  d=0.004773  dMin=0.000000  dAvg=0.044783  dMax=32.353340  Dlo=0.022391  Dhi=16.199062  err=-1.000000  inc=-2.226274  bucket 0->0  (mf=1000)
[MF-SEL] tPrev=(  d=0.005892  dMin=0.000000  dAvg=0.044750  dMax=32.353340  Dlo=0.022375  Dhi=16.199045  err=-1.000000  inc=-2.228514  bucket 0->0  (mf=1000)
[MF-SEL] tPrev=(  d=0.008021  dMin=0.000000  dAvg=0.044720  dMax=32.353340  Dlo=0.022360  Dhi=16.199030  err=-1.000000  inc=-2.230862  bucket 0->0  (mf=1000)
[MF-SEL] tPrev=(  d=0.010586  dMin=0.000000  dAvg=0.044691  dMax=32.353340  Dlo=0.022346  Dhi=16.199016  err=-1.000000  inc=-2.233097  bucket 0->0  (mf=1000)
[MF-SEL] tPrev=(  d=0.012783  dMin=0.000000  dAvg=0.044665  dMax=32.353340  Dlo=0.022332  Dhi=16.199002  err=-1.000000  inc=-2.235421  bucket 0->0  (mf=1000)
[MF-SEL] tPrev=(  d=0.013287  dMin=0.000000  dAvg=0.044639  dMax=32.353340  Dlo=0.022319  Dhi=16.198989  err=-1.000000  inc=-2.237582  bucket 0->0  (mf=1000)
[MF-SEL] tPrev=(  d=0.018655  dMin=0.000000  dAvg=0.044617  dMax=32.353340  Dlo=0.022308  Dhi=16.198979  err=-1.000000  inc=-2.240088  bucket 0->0  (mf=1000)
[MF-SEL] tPrev=(  d=0.020778  dMin=0.000000  dAvg=0.044597  dMax=32.353340  Dlo=0.022299  Dhi=16.198969  err=-1.000000  inc=-2.242323  bucket 0->0  (mf=1000)
[MF-SEL] tPrev=(  d=0.022993  dMin=0.000000  dAvg=0.044579  dMax=32.353340  Dlo=0.022290  Dhi=16.198960  err=0.000000  inc=-1.303118  bucket 0->0  (mf=1000)
[MF-SEL] tPrev=(  d=0.024592  dMin=0.000000  dAvg=0.044563  dMax=32.353340  Dlo=0.022281  Dhi=16.198951  err=0.000000  inc=-1.642323  bucket 0->0  (mf=1000)
[MF-SEL] tPrev=(  d=0.024455  dMin=0.000000  dAvg=0.044546  dMax=32.353340  Dlo=0.022273  Dhi=16.198943  err=0.000000  inc=-1.642323  bucket 0->0  (mf=1000)
[MF-SEL] tPrev=(  d=0.024919  dMin=0.000000  dAvg=0.044530  dMax=32.353340  Dlo=0.022265  Dhi=16.198935  err=0.000000  inc=-1.642323  bucket 0->0  (mf=1000)
[MF-SEL] tPrev=(  d=0.024602  dMin=0.000000  dAvg=0.044513  dMax=32.353340  Dlo=0.022257  Dhi=16.198927  err=0.000000  inc=-1.642323  bucket 0->0  (mf=1000)
[MF-SEL] tPrev=(  d=0.025235  dMin=0.000000  dAvg=0.044497  dMax=32.353340  Dlo=0.022249  Dhi=16.198919  err=0.000000  inc=-1.642323  bucket 0->0  (mf=1000)
[MF-SEL] tPrev=(  d=0.026298  dMin=0.000000  dAvg=0.044482  dMax=32.353340  Dlo=0.022241  Dhi=16.198911  err=0.000000  inc=-1.642323  bucket 0->0  (mf=1000)
[MF-SEL] tPrev=(  d=0.025303  dMin=0.000000  dAvg=0.044466  dMax=32.353340  Dlo=0.022233  Dhi=16.198903  err=0.000000  inc=-1.642323  bucket 0->0  (mf=1000)
[MF-SEL] tPrev=(  d=0.024877  dMin=0.000000  dAvg=0.044450  dMax=32.353340  Dlo=0.022225  Dhi=16.198895  err=0.000000  inc=-1.642323  bucket 0->0  (mf=1000)
[MF-SEL] tPrev=(  d=0.024405  dMin=0.000000  dAvg=0.044434  dMax=32.353340  Dlo=0.022217  Dhi=16.198887  err=0.000000  inc=-1.642323  bucket 0->0  (mf=1000)
[MF-SEL] tPrev=(  d=0.022622  dMin=0.000000  dAvg=0.044416  dMax=32.353340  Dlo=0.022208  Dhi=16.198878  err=0.000000  inc=-1.642323  bucket 0->0  (mf=1000)
[MF-SEL] tPrev=(  d=0.022842  dMin=0.000000  dAvg=0.044398  dMax=32.353340  Dlo=0.022199  Dhi=16.198869  err=0.000000  inc=-1.642323  bucket 0->0  (mf=1000)
[MF-SEL] tPrev=(  d=0.021278  dMin=0.000000  dAvg=0.044379  dMax=32.353340  Dlo=0.022189  Dhi=16.198860  err=-1.000000  inc=-2.605797  bucket 0->0  (mf=1000)
[MF-SEL] tPrev=(  d=0.014357  dMin=0.000000  dAvg=0.044354  dMax=32.353340  Dlo=0.022177  Dhi=16.198847  err=-1.000000  inc=-2.247074  bucket 0->0  (mf=1000)
[MF-SEL] tPrev=(  d=0.018619  dMin=0.000000  dAvg=0.044333  dMax=32.353340  Dlo=0.022167  Dhi=16.198837  err=-1.000000  inc=-2.249294  bucket 0->0  (mf=1000)
[MF-SEL] tPrev=(  d=0.017528  dMin=0.000000  dAvg=0.044311  dMax=32.353340  Dlo=0.022156  Dhi=16.198826  err=-1.000000  inc=-2.251608  bucket 0->0  (mf=1000)
[MF-SEL] tPrev=(  d=0.016516  dMin=0.000000  dAvg=0.044288  dMax=32.353340  Dlo=0.022144  Dhi=16.198814  err=-1.000000  inc=-2.254078  bucket 0->0  (mf=1000)
[MF-SEL] tPrev=(  d=0.015200  dMin=0.000000  dAvg=0.044265  dMax=32.353340  Dlo=0.022132  Dhi=16.198802  err=-1.000000  inc=-2.256155  bucket 0->0  (mf=1000)
[MF-SEL] tPrev=(  d=0.010217  dMin=0.000000  dAvg=0.044237  dMax=32.353340  Dlo=0.022118  Dhi=16.198788  err=-1.000000  inc=-2.258400  bucket 0->0  (mf=1000)
[MF-SEL] tPrev=(  d=0.012050  dMin=0.000000  dAvg=0.044210  dMax=32.353340  Dlo=0.022105  Dhi=16.198775  err=-1.000000  inc=-2.260936  bucket 0->0  (mf=1000)
[MF-SEL] tPrev=(  d=0.011052  dMin=0.000000  dAvg=0.044183  dMax=32.353340  Dlo=0.022092  Dhi=16.198762  err=-1.000000  inc=-2.263189  bucket 0->0  (mf=1000)
[MF-SEL] tPrev=(  d=0.009906  dMin=0.000000  dAvg=0.044155  dMax=32.353340  Dlo=0.022078  Dhi=16.198748  err=-1.000000  inc=-2.265550  bucket 0->0  (mf=1000)
[MF-SEL] tPrev=(  d=0.009228  dMin=0.000000  dAvg=0.044127  dMax=32.353340  Dlo=0.022063  Dhi=16.198733  err=-1.000000  inc=-2.267778  bucket 0->0  (mf=1000)
[MF-SEL] tPrev=(  d=0.008824  dMin=0.000000  dAvg=0.044098  dMax=32.353340  Dlo=0.022049  Dhi=16.198719  err=-1.000000  inc=-2.270217  bucket 0->0  (mf=1000)
[MF-SEL] tPrev=(  d=0.009282  dMin=0.000000  dAvg=0.044070  dMax=32.353340  Dlo=0.022035  Dhi=16.198705  err=-1.000000  inc=-2.272363  bucket 0->0  (mf=1000)
[MF-SEL] tPrev=(  d=0.009993  dMin=0.000000  dAvg=0.044042  dMax=32.353340  Dlo=0.022021  Dhi=16.198691  err=-1.000000  inc=-2.274868  bucket 0->0  (mf=1000)
[MF-SEL] tPrev=(  d=0.010794  dMin=0.000000  dAvg=0.044015  dMax=32.353340  Dlo=0.022007  Dhi=16.198678  err=-1.000000  inc=-2.276993  bucket 0->0  (mf=1000)
[MF-SEL] tPrev=(  d=0.012116  dMin=0.000000  dAvg=0.043989  dMax=32.353340  Dlo=0.021994  Dhi=16.198665  err=-1.000000  inc=-2.279322  bucket 0->0  (mf=1000)
[MF-SEL] tPrev=(  d=0.016218  dMin=0.000000  dAvg=0.043966  dMax=32.353340  Dlo=0.021983  Dhi=16.198653  err=-1.000000  inc=-2.281560  bucket 0->0  (mf=1000)
[MF-SEL] tPrev=(  d=0.015799  dMin=0.000000  dAvg=0.043944  dMax=32.353340  Dlo=0.021972  Dhi=16.198642  err=-1.000000  inc=-2.284132  bucket 0->0  (mf=1000)
[MF-SEL] tPrev=(  d=0.017460  dMin=0.000000  dAvg=0.043922  dMax=32.353340  Dlo=0.021961  Dhi=16.198631  err=-1.000000  inc=-2.286294  bucket 0->0  (mf=1000)
[MF-SEL] tPrev=(  d=0.018692  dMin=0.000000  dAvg=0.043902  dMax=32.353340  Dlo=0.021951  Dhi=16.198621  err=-1.000000  inc=-2.288655  bucket 0->0  (mf=1000)
[MF-SEL] tPrev=(  d=0.019172  dMin=0.000000  dAvg=0.043882  dMax=32.353340  Dlo=0.021941  Dhi=16.198611  err=-1.000000  inc=-2.290924  bucket 0->0  (mf=1000)
[MF-SEL] tPrev=(  d=0.019380  dMin=0.000000  dAvg=0.043862  dMax=32.353340  Dlo=0.021931  Dhi=16.198601  err=-1.000000  inc=-2.293225  bucket 0->0  (mf=1000)
[MF-SEL] tPrev=(  d=0.018418  dMin=0.000000  dAvg=0.043841  dMax=32.353340  Dlo=0.021921  Dhi=16.198591  err=-1.000000  inc=-2.295579  bucket 0->0  (mf=1000)
[MF-SEL] tPrev=(  d=0.017947  dMin=0.000000  dAvg=0.043820  dMax=32.353340  Dlo=0.021910  Dhi=16.198580  err=-1.000000  inc=-2.297931  bucket 0->0  (mf=1000)
[MF-SEL] tPrev=(  d=0.018060  dMin=0.000000  dAvg=0.043800  dMax=32.353340  Dlo=0.021900  Dhi=16.198570  err=-1.000000  inc=-2.300222  bucket 0->0  (mf=1000)
[MF-SEL] tPrev=(  d=0.017215  dMin=0.000000  dAvg=0.043778  dMax=32.353340  Dlo=0.021889  Dhi=16.198559  err=-1.000000  inc=-2.302394  bucket 0->0  (mf=1000)
[MF-SEL] tPrev=(  d=0.020793  dMin=0.000000  dAvg=0.043760  dMax=32.353340  Dlo=0.021880  Dhi=16.198550  err=-1.000000  inc=-2.304758  bucket 0->0  (mf=1000)
[MF-SEL] tPrev=(  d=0.017503  dMin=0.000000  dAvg=0.043739  dMax=32.353340  Dlo=0.021869  Dhi=16.198539  err=-1.000000  inc=-2.307159  bucket 0->0  (mf=1000)
[MF-SEL] tPrev=(  d=0.018116  dMin=0.000000  dAvg=0.043718  dMax=32.353340  Dlo=0.021859  Dhi=16.198529  err=-1.000000  inc=-2.309468  bucket 0->0  (mf=1000)
[MF-SEL] tPrev=(  d=0.017966  dMin=0.000000  dAvg=0.043697  dMax=32.353340  Dlo=0.021849  Dhi=16.198519  err=-1.000000  inc=-2.311796  bucket 0->0  (mf=1000)
[MF-SEL] tPrev=(  d=0.018635  dMin=0.000000  dAvg=0.043677  dMax=32.353340  Dlo=0.021839  Dhi=16.198509  err=-1.000000  inc=-2.313946  bucket 0->0  (mf=1000)
[MF-SEL] tPrev=(  d=0.018443  dMin=0.000000  dAvg=0.043657  dMax=32.353340  Dlo=0.021828  Dhi=16.198499  err=-1.000000  inc=-2.315868  bucket 0->0  (mf=1000)
[MF-SEL] tPrev=(  d=0.017637  dMin=0.000000  dAvg=0.043636  dMax=32.353340  Dlo=0.021818  Dhi=16.198488  err=-1.000000  inc=-2.318333  bucket 0->0  (mf=1000)
[MF-SEL] tPrev=(  d=0.016472  dMin=0.000000  dAvg=0.043614  dMax=32.353340  Dlo=0.021807  Dhi=16.198477  err=-1.000000  inc=-2.320809  bucket 0->0  (mf=1000)
[MF-SEL] tPrev=(  d=0.015320  dMin=0.000000  dAvg=0.043592  dMax=32.353340  Dlo=0.021796  Dhi=16.198466  err=-1.000000  inc=-2.323010  bucket 0->0  (mf=1000)
[MF-SEL] tPrev=(  d=0.014050  dMin=0.000000  dAvg=0.043568  dMax=32.353340  Dlo=0.021784  Dhi=16.198454  err=-1.000000  inc=-2.325499  bucket 0->0  (mf=1000)
[MF-SEL] tPrev=(  d=0.012841  dMin=0.000000  dAvg=0.043544  dMax=32.353340  Dlo=0.021772  Dhi=16.198442  err=-1.000000  inc=-2.327687  bucket 0->0  (mf=1000)
[MF-SEL] tPrev=(  d=0.012123  dMin=0.000000  dAvg=0.043519  dMax=32.353340  Dlo=0.021759  Dhi=16.198429  err=-1.000000  inc=-2.330096  bucket 0->0  (mf=1000)
[MF-SEL] tPrev=(  d=0.011586  dMin=0.000000  dAvg=0.043493  dMax=32.353340  Dlo=0.021747  Dhi=16.198417  err=-1.000000  inc=-2.332359  bucket 0->0  (mf=1000)
[MF-SEL] tPrev=(  d=0.010983  dMin=0.000000  dAvg=0.043467  dMax=32.353340  Dlo=0.021734  Dhi=16.198404  err=-1.000000  inc=-2.334577  bucket 0->0  (mf=1000)
[MF-SEL] tPrev=(  d=0.010955  dMin=0.000000  dAvg=0.043441  dMax=32.353340  Dlo=0.021721  Dhi=16.198391  err=-1.000000  inc=-2.336855  bucket 0->0  (mf=1000)
[MF-SEL] tPrev=(  d=0.003202  dMin=0.000000  dAvg=0.043409  dMax=32.353340  Dlo=0.021705  Dhi=16.198375  err=-1.000000  inc=-2.339205  bucket 0->0  (mf=1000)
[MF-SEL] tPrev=(  d=0.013215  dMin=0.000000  dAvg=0.043385  dMax=32.353340  Dlo=0.021693  Dhi=16.198363  err=-1.000000  inc=-2.341440  bucket 0->0  (mf=1000)
[MF-SEL] tPrev=(  d=0.014394  dMin=0.000000  dAvg=0.043362  dMax=32.353340  Dlo=0.021681  Dhi=16.198351  err=-1.000000  inc=-2.343973  bucket 0->0  (mf=1000)
[MF-SEL] tPrev=(  d=0.015656  dMin=0.000000  dAvg=0.043340  dMax=32.353340  Dlo=0.021670  Dhi=16.198340  err=-1.000000  inc=-2.346204  bucket 0->0  (mf=1000)
[MF-SEL] tPrev=(  d=0.017088  dMin=0.000000  dAvg=0.043319  dMax=32.353340  Dlo=0.021660  Dhi=16.198330  err=-1.000000  inc=-2.348675  bucket 0->0  (mf=1000)
[MF-SEL] tPrev=(  d=0.018387  dMin=0.000000  dAvg=0.043300  dMax=32.353340  Dlo=0.021650  Dhi=16.198320  err=-1.000000  inc=-2.351126  bucket 0->0  (mf=1000)
[MF-SEL] tPrev=(  d=0.018245  dMin=0.000000  dAvg=0.043280  dMax=32.353340  Dlo=0.021640  Dhi=16.198310  err=-1.000000  inc=-2.353349  bucket 0->0  (mf=1000)
[MF-SEL] tPrev=(  d=0.017960  dMin=0.000000  dAvg=0.043260  dMax=32.353340  Dlo=0.021630  Dhi=16.198300  err=-1.000000  inc=-2.355826  bucket 0->0  (mf=1000)
[MF-SEL] tPrev=(  d=0.016658  dMin=0.000000  dAvg=0.043239  dMax=32.353340  Dlo=0.021619  Dhi=16.198289  err=-1.000000  inc=-2.358166  bucket 0->0  (mf=1000)
[MF-SEL] tPrev=(  d=0.015853  dMin=0.000000  dAvg=0.043217  dMax=32.353340  Dlo=0.021609  Dhi=16.198279  err=-1.000000  inc=-2.360483  bucket 0->0  (mf=1000)
[MF-SEL] tPrev=(  d=0.012786  dMin=0.000000  dAvg=0.043193  dMax=32.353340  Dlo=0.021597  Dhi=16.198267  err=-1.000000  inc=-2.362641  bucket 0->0  (mf=1000)
[MF-SEL] tPrev=(  d=0.014827  dMin=0.000000  dAvg=0.043171  dMax=32.353340  Dlo=0.021585  Dhi=16.198255  err=-1.000000  inc=-2.364987  bucket 0->0  (mf=1000)
[MF-SEL] tPrev=(  d=0.014888  dMin=0.000000  dAvg=0.043148  dMax=32.353340  Dlo=0.021574  Dhi=16.198244  err=-1.000000  inc=-2.367418  bucket 0->0  (mf=1000)
[MF-SEL] tPrev=(  d=0.014419  dMin=0.000000  dAvg=0.043126  dMax=32.353340  Dlo=0.021563  Dhi=16.198233  err=-1.000000  inc=-2.369789  bucket 0->0  (mf=1000)
[MF-SEL] tPrev=(  d=0.013585  dMin=0.000000  dAvg=0.043103  dMax=32.353340  Dlo=0.021551  Dhi=16.198221  err=-1.000000  inc=-2.372174  bucket 0->0  (mf=1000)
[MF-SEL] tPrev=(  d=0.012244  dMin=0.000000  dAvg=0.043078  dMax=32.353340  Dlo=0.021539  Dhi=16.198209  err=-1.000000  inc=-2.374430  bucket 0->0  (mf=1000)
[MF-SEL] tPrev=(  d=0.011667  dMin=0.000000  dAvg=0.043054  dMax=32.353340  Dlo=0.021527  Dhi=16.198197  err=-1.000000  inc=-2.376876  bucket 0->0  (mf=1000)
[MF-SEL] tPrev=(  d=0.010675  dMin=0.000000  dAvg=0.043028  dMax=32.353340  Dlo=0.021514  Dhi=16.198184  err=-1.000000  inc=-2.379099  bucket 0->0  (mf=1000)
[MF-SEL] tPrev=(  d=0.009508  dMin=0.000000  dAvg=0.043002  dMax=32.353340  Dlo=0.021501  Dhi=16.198171  err=-1.000000  inc=-2.381513  bucket 0->0  (mf=1000)
[MF-SEL] tPrev=(  d=0.009020  dMin=0.000000  dAvg=0.042975  dMax=32.353340  Dlo=0.021488  Dhi=16.198158  err=-1.000000  inc=-2.383742  bucket 0->0  (mf=1000)
[MF-SEL] tPrev=(  d=0.023745  dMin=0.000000  dAvg=0.042960  dMax=32.353340  Dlo=0.021480  Dhi=16.198150  err=0.000000  inc=-1.455328  bucket 0->0  (mf=1000)
[MF-SEL] tPrev=(  d=0.008876  dMin=0.000000  dAvg=0.042934  dMax=32.353340  Dlo=0.021467  Dhi=16.198137  err=-1.000000  inc=-2.726231  bucket 0->0  (mf=1000)
[MF-SEL] tPrev=(  d=0.009301  dMin=0.000000  dAvg=0.042907  dMax=32.353340  Dlo=0.021454  Dhi=16.198124  err=-1.000000  inc=-2.388519  bucket 0->0  (mf=1000)
[MF-SEL] tPrev=(  d=0.009398  dMin=0.000000  dAvg=0.042881  dMax=32.353340  Dlo=0.021441  Dhi=16.198111  err=-1.000000  inc=-2.391013  bucket 0->0  (mf=1000)
[MF-SEL] tPrev=(  d=0.009273  dMin=0.000000  dAvg=0.042855  dMax=32.353340  Dlo=0.021427  Dhi=16.198098  err=-1.000000  inc=-2.393663  bucket 0->0  (mf=1000)
[MF-SEL] tPrev=(  d=0.009867  dMin=0.000000  dAvg=0.042829  dMax=32.353340  Dlo=0.021415  Dhi=16.198085  err=-1.000000  inc=-2.396013  bucket 0->0  (mf=1000)
[MF-SEL] tPrev=(  d=0.009300  dMin=0.000000  dAvg=0.042803  dMax=32.353340  Dlo=0.021402  Dhi=16.198072  err=-1.000000  inc=-2.398338  bucket 0->0  (mf=1000)
[MF-SEL] tPrev=(  d=0.014851  dMin=0.000000  dAvg=0.042781  dMax=32.353340  Dlo=0.021391  Dhi=16.198061  err=-1.000000  inc=-2.400511  bucket 0->0  (mf=1000)
[MF-SEL] tPrev=(  d=0.007480  dMin=0.000000  dAvg=0.042754  dMax=32.353340  Dlo=0.021377  Dhi=16.198047  err=-1.000000  inc=-2.403000  bucket 0->0  (mf=1000)
[MF-SEL] tPrev=(  d=0.006029  dMin=0.000000  dAvg=0.042725  dMax=32.353340  Dlo=0.021363  Dhi=16.198033  err=-1.000000  inc=-2.405264  bucket 0->0  (mf=1000)
[MF-SEL] tPrev=(  d=0.004599  dMin=0.000000  dAvg=0.042696  dMax=32.353340  Dlo=0.021348  Dhi=16.198018  err=-1.000000  inc=-2.407753  bucket 0->0  (mf=1000)
[MF-SEL] tPrev=(  d=0.004193  dMin=0.000000  dAvg=0.042666  dMax=32.353340  Dlo=0.021333  Dhi=16.198003  err=-1.000000  inc=-2.410149  bucket 0->0  (mf=1000)
[MF-SEL] tPrev=(  d=0.005388  dMin=0.000000  dAvg=0.042637  dMax=32.353340  Dlo=0.021318  Dhi=16.197988  err=-1.000000  inc=-2.412505  bucket 0->0  (mf=1000)
[MF-SEL] tPrev=(  d=0.006810  dMin=0.000000  dAvg=0.042609  dMax=32.353340  Dlo=0.021305  Dhi=16.197975  err=-1.000000  inc=-2.414944  bucket 0->0  (mf=1000)
[MF-SEL] tPrev=(  d=0.008554  dMin=0.000000  dAvg=0.042583  dMax=32.353340  Dlo=0.021291  Dhi=16.197961  err=-1.000000  inc=-2.417251  bucket 0->0  (mf=1000)
[MF-SEL] tPrev=(  d=0.010488  dMin=0.000000  dAvg=0.042558  dMax=32.353340  Dlo=0.021279  Dhi=16.197949  err=-1.000000  inc=-2.419521  bucket 0->0  (mf=1000)
[MF-SEL] tPrev=(  d=0.018932  dMin=0.000000  dAvg=0.042540  dMax=32.353340  Dlo=0.021270  Dhi=16.197940  err=-1.000000  inc=-2.421669  bucket 0->0  (mf=1000)
[MF-SEL] tPrev=(  d=0.014500  dMin=0.000000  dAvg=0.042518  dMax=32.353340  Dlo=0.021259  Dhi=16.197929  err=-1.000000  inc=-2.424157  bucket 0->0  (mf=1000)
[MF-SEL] tPrev=(  d=0.015630  dMin=0.000000  dAvg=0.042497  dMax=32.353340  Dlo=0.021249  Dhi=16.197919  err=-1.000000  inc=-2.426412  bucket 0->0  (mf=1000)
[MF-SEL] tPrev=(  d=0.016441  dMin=0.000000  dAvg=0.042477  dMax=32.353340  Dlo=0.021238  Dhi=16.197909  err=-1.000000  inc=-2.428755  bucket 0->0  (mf=1000)
[MF-SEL] tPrev=(  d=0.016790  dMin=0.000000  dAvg=0.042457  dMax=32.353340  Dlo=0.021229  Dhi=16.197899  err=-1.000000  inc=-2.430922  bucket 0->0  (mf=1000)
[MF-SEL] tPrev=(  d=0.017036  dMin=0.000000  dAvg=0.042438  dMax=32.353340  Dlo=0.021219  Dhi=16.197889  err=-1.000000  inc=-2.433183  bucket 0->0  (mf=1000)
[MF-SEL] tPrev=(  d=0.013898  dMin=0.000000  dAvg=0.042416  dMax=32.353340  Dlo=0.021208  Dhi=16.197878  err=-1.000000  inc=-2.435597  bucket 0->0  (mf=1000)
[MF-SEL] tPrev=(  d=0.013769  dMin=0.000000  dAvg=0.042394  dMax=32.353340  Dlo=0.021197  Dhi=16.197867  err=-1.000000  inc=-2.438214  bucket 0->0  (mf=1000)
[MF-SEL] tPrev=(  d=0.010981  dMin=0.000000  dAvg=0.042369  dMax=32.353340  Dlo=0.021185  Dhi=16.197855  err=-1.000000  inc=-2.440621  bucket 0->0  (mf=1000)
[MF-SEL] tPrev=(  d=0.009193  dMin=0.000000  dAvg=0.042344  dMax=32.353340  Dlo=0.021172  Dhi=16.197842  err=-1.000000  inc=-2.442961  bucket 0->0  (mf=1000)
[MF-SEL] tPrev=(  d=0.007176  dMin=0.000000  dAvg=0.042317  dMax=32.353340  Dlo=0.021158  Dhi=16.197829  err=-1.000000  inc=-2.445278  bucket 0->0  (mf=1000)
[MF-SEL] tPrev=(  d=0.007268  dMin=0.000000  dAvg=0.042290  dMax=32.353340  Dlo=0.021145  Dhi=16.197815  err=-1.000000  inc=-2.447431  bucket 0->0  (mf=1000)
[MF-SEL] tPrev=(  d=0.007861  dMin=0.000000  dAvg=0.042264  dMax=32.353340  Dlo=0.021132  Dhi=16.197802  err=-1.000000  inc=-2.449862  bucket 0->0  (mf=1000)
[MF-SEL] tPrev=(  d=0.016150  dMin=0.000000  dAvg=0.042244  dMax=32.353340  Dlo=0.021122  Dhi=16.197792  err=-1.000000  inc=-2.451947  bucket 0->0  (mf=1000)
[MF-SEL] tPrev=(  d=0.009318  dMin=0.000000  dAvg=0.042219  dMax=32.353340  Dlo=0.021109  Dhi=16.197779  err=-1.000000  inc=-2.454402  bucket 0->0  (mf=1000)
[MF-SEL] tPrev=(  d=0.010143  dMin=0.000000  dAvg=0.042194  dMax=32.353340  Dlo=0.021097  Dhi=16.197767  err=-1.000000  inc=-2.456556  bucket 0->0  (mf=1000)
[MF-SEL] tPrev=(  d=0.011781  dMin=0.000000  dAvg=0.042171  dMax=32.353340  Dlo=0.021085  Dhi=16.197755  err=-1.000000  inc=-2.458935  bucket 0->0  (mf=1000)
[MF-SEL] tPrev=(  d=0.013341  dMin=0.000000  dAvg=0.042149  dMax=32.353340  Dlo=0.021074  Dhi=16.197744  err=-1.000000  inc=-2.461190  bucket 0->0  (mf=1000)
[MF-SEL] tPrev=(  d=0.014845  dMin=0.000000  dAvg=0.042128  dMax=32.353340  Dlo=0.021064  Dhi=16.197734  err=-1.000000  inc=-2.463694  bucket 0->0  (mf=1000)
[MF-SEL] tPrev=(  d=0.016225  dMin=0.000000  dAvg=0.042108  dMax=32.353340  Dlo=0.021054  Dhi=16.197724  err=-1.000000  inc=-2.465950  bucket 0->0  (mf=1000)
[MF-SEL] tPrev=(  d=0.017620  dMin=0.000000  dAvg=0.042090  dMax=32.353340  Dlo=0.021045  Dhi=16.197715  err=-1.000000  inc=-2.468241  bucket 0->0  (mf=1000)
[MF-SEL] tPrev=(  d=0.018706  dMin=0.000000  dAvg=0.042072  dMax=32.353340  Dlo=0.021036  Dhi=16.197706  err=-1.000000  inc=-2.470397  bucket 0->0  (mf=1000)
[MF-SEL] tPrev=(  d=0.020497  dMin=0.000000  dAvg=0.042055  dMax=32.353340  Dlo=0.021028  Dhi=16.197698  err=-1.000000  inc=-2.472956  bucket 0->0  (mf=1000)
[MF-SEL] tPrev=(  d=0.020575  dMin=0.000000  dAvg=0.042039  dMax=32.353340  Dlo=0.021020  Dhi=16.197690  err=-1.000000  inc=-2.475071  bucket 0->0  (mf=1000)
[MF-SEL] tPrev=(  d=0.022045  dMin=0.000000  dAvg=0.042024  dMax=32.353340  Dlo=0.021012  Dhi=16.197682  err=0.000000  inc=-1.564681  bucket 0->0  (mf=1000)
[MF-SEL] tPrev=(  d=0.023831  dMin=0.000000  dAvg=0.042010  dMax=32.353340  Dlo=0.021005  Dhi=16.197675  err=0.000000  inc=-1.875071  bucket 0->0  (mf=1000)
[MF-SEL] tPrev=(  d=0.025410  dMin=0.000000  dAvg=0.041997  dMax=32.353340  Dlo=0.020999  Dhi=16.197669  err=0.000000  inc=-1.875071  bucket 0->0  (mf=1000)
[MF-SEL] tPrev=(  d=0.026493  dMin=0.000000  dAvg=0.041986  dMax=32.353340  Dlo=0.020993  Dhi=16.197663  err=0.000000  inc=-1.875071  bucket 0->0  (mf=1000)
[MF-SEL] tPrev=(  d=0.026598  dMin=0.000000  dAvg=0.041974  dMax=32.353340  Dlo=0.020987  Dhi=16.197657  err=0.000000  inc=-1.875071  bucket 0->0  (mf=1000)
[MF-SEL] tPrev=(  d=0.026402  dMin=0.000000  dAvg=0.041962  dMax=32.353340  Dlo=0.020981  Dhi=16.197651  err=0.000000  inc=-1.875071  bucket 0->0  (mf=1000)
[MF-SEL] tPrev=(  d=0.025785  dMin=0.000000  dAvg=0.041950  dMax=32.353340  Dlo=0.020975  Dhi=16.197645  err=0.000000  inc=-1.875071  bucket 0->0  (mf=1000)
[MF-SEL] tPrev=(  d=0.025470  dMin=0.000000  dAvg=0.041938  dMax=32.353340  Dlo=0.020969  Dhi=16.197639  err=0.000000  inc=-1.875071  bucket 0->0  (mf=1000)
[MF-SEL] tPrev=(  d=0.033265  dMin=0.000000  dAvg=0.041931  dMax=32.353340  Dlo=0.020966  Dhi=16.197636  err=0.000000  inc=-1.875071  bucket 0->0  (mf=1000)
[MF-SEL] tPrev=(  d=0.025807  dMin=0.000000  dAvg=0.041919  dMax=32.353340  Dlo=0.020959  Dhi=16.197630  err=0.000000  inc=-1.875071  bucket 0->0  (mf=1000)
[MF-SEL] tPrev=(  d=0.026208  dMin=0.000000  dAvg=0.041907  dMax=32.353340  Dlo=0.020954  Dhi=16.197624  err=0.000000  inc=-1.875071  bucket 0->0  (mf=1000)
[MF-SEL] tPrev=(  d=0.026765  dMin=0.000000  dAvg=0.041896  dMax=32.353340  Dlo=0.020948  Dhi=16.197618  err=0.000000  inc=-1.875071  bucket 0->0  (mf=1000)
[MF-SEL] tPrev=(  d=0.027141  dMin=0.000000  dAvg=0.041885  dMax=32.353340  Dlo=0.020942  Dhi=16.197612  err=0.000000  inc=-1.875071  bucket 0->0  (mf=1000)
[MF-SEL] tPrev=(  d=0.027657  dMin=0.000000  dAvg=0.041874  dMax=32.353340  Dlo=0.020937  Dhi=16.197607  err=0.000000  inc=-1.875071  bucket 0->0  (mf=1000)
[MF-SEL] tPrev=(  d=0.028149  dMin=0.000000  dAvg=0.041864  dMax=32.353340  Dlo=0.020932  Dhi=16.197602  err=0.000000  inc=-1.875071  bucket 0->0  (mf=1000)
[MF-SEL] tPrev=(  d=0.028417  dMin=0.000000  dAvg=0.041853  dMax=32.353340  Dlo=0.020927  Dhi=16.197597  err=0.000000  inc=-1.875071  bucket 0->0  (mf=1000)
[MF-SEL] tPrev=(  d=0.028570  dMin=0.000000  dAvg=0.041843  dMax=32.353340  Dlo=0.020922  Dhi=16.197592  err=0.000000  inc=-1.875071  bucket 0->0  (mf=1000)
[MF-SEL] tPrev=(  d=0.028575  dMin=0.000000  dAvg=0.041834  dMax=32.353340  Dlo=0.020917  Dhi=16.197587  err=0.000000  inc=-1.875071  bucket 0->0  (mf=1000)
[MF-SEL] tPrev=(  d=0.026895  dMin=0.000000  dAvg=0.041822  dMax=32.353340  Dlo=0.020911  Dhi=16.197581  err=0.000000  inc=-1.875071  bucket 0->0  (mf=1000)
[MF-SEL] tPrev=(  d=0.029493  dMin=0.000000  dAvg=0.041813  dMax=32.353340  Dlo=0.020907  Dhi=16.197577  err=0.000000  inc=-1.875071  bucket 0->0  (mf=1000)
[MF-SEL] tPrev=(  d=0.029384  dMin=0.000000  dAvg=0.041804  dMax=32.353340  Dlo=0.020902  Dhi=16.197572  err=0.000000  inc=-1.875071  bucket 0->0  (mf=1000)
[MF-SEL] tPrev=(  d=0.029055  dMin=0.000000  dAvg=0.041794  dMax=32.353340  Dlo=0.020897  Dhi=16.197567  err=0.000000  inc=-1.875071  bucket 0->0  (mf=1000)
[MF-SEL] tPrev=(  d=0.028585  dMin=0.000000  dAvg=0.041784  dMax=32.353340  Dlo=0.020892  Dhi=16.197562  err=0.000000  inc=-1.875071  bucket 0->0  (mf=1000)
[MF-SEL] tPrev=(  d=0.025514  dMin=0.000000  dAvg=0.041772  dMax=32.353340  Dlo=0.020886  Dhi=16.197556  err=0.000000  inc=-1.875071  bucket 0->0  (mf=1000)
[MF-SEL] tPrev=(  d=0.028063  dMin=0.000000  dAvg=0.041762  dMax=32.353340  Dlo=0.020881  Dhi=16.197551  err=0.000000  inc=-1.875071  bucket 0->0  (mf=1000)
[MF-SEL] tPrev=(  d=0.029744  dMin=0.000000  dAvg=0.041753  dMax=32.353340  Dlo=0.020877  Dhi=16.197547  err=0.000000  inc=-1.875071  bucket 0->0  (mf=1000)
[MF-SEL] tPrev=(  d=0.031267  dMin=0.000000  dAvg=0.041745  dMax=32.353340  Dlo=0.020873  Dhi=16.197543  err=0.000000  inc=-1.875071  bucket 0->0  (mf=1000)
[MF-SEL] tPrev=(  d=0.032744  dMin=0.000000  dAvg=0.041739  dMax=32.353340  Dlo=0.020869  Dhi=16.197539  err=0.000000  inc=-1.875071  bucket 0->0  (mf=1000)
[MF-SEL] tPrev=(  d=0.035854  dMin=0.000000  dAvg=0.041734  dMax=32.353340  Dlo=0.020867  Dhi=16.197537  err=0.000000  inc=-1.875071  bucket 0->0  (mf=1000)
[MF-SEL] tPrev=(  d=0.037546  dMin=0.000000  dAvg=0.041731  dMax=32.353340  Dlo=0.020866  Dhi=16.197536  err=0.000000  inc=-1.875071  bucket 0->0  (mf=1000)
[MF-SEL] tPrev=(  d=0.045443  dMin=0.000000  dAvg=0.041734  dMax=32.353340  Dlo=0.020867  Dhi=16.197537  err=0.000000  inc=-1.875071  bucket 0->0  (mf=1000)
[MF-SEL] tPrev=(  d=0.040410  dMin=0.000000  dAvg=0.041733  dMax=32.353340  Dlo=0.020866  Dhi=16.197537  err=0.000000  inc=-1.875071  bucket 0->0  (mf=1000)
[MF-SEL] tPrev=(  d=0.040781  dMin=0.000000  dAvg=0.041732  dMax=32.353340  Dlo=0.020866  Dhi=16.197536  err=0.000000  inc=-1.875071  bucket 0->0  (mf=1000)
[MF-SEL] tPrev=(  d=0.040078  dMin=0.000000  dAvg=0.041731  dMax=32.353340  Dlo=0.020865  Dhi=16.197536  err=0.000000  inc=-1.875071  bucket 0->0  (mf=1000)
[MF-SEL] tPrev=(  d=0.039390  dMin=0.000000  dAvg=0.041729  dMax=32.353340  Dlo=0.020865  Dhi=16.197535  err=0.000000  inc=-1.875071  bucket 0->0  (mf=1000)
[MF-SEL] tPrev=(  d=0.038329  dMin=0.000000  dAvg=0.041727  dMax=32.353340  Dlo=0.020863  Dhi=16.197533  err=0.000000  inc=-1.875071  bucket 0->0  (mf=1000)
[MF-SEL] tPrev=(  d=0.037366  dMin=0.000000  dAvg=0.041723  dMax=32.353340  Dlo=0.020862  Dhi=16.197532  err=0.000000  inc=-1.875071  bucket 0->0  (mf=1000)
[MF-SEL] tPrev=(  d=0.036368  dMin=0.000000  dAvg=0.041720  dMax=32.353340  Dlo=0.020860  Dhi=16.197530  err=0.000000  inc=-1.875071  bucket 0->0  (mf=1000)
[MF-SEL] tPrev=(  d=0.035118  dMin=0.000000  dAvg=0.041715  dMax=32.353340  Dlo=0.020857  Dhi=16.197527  err=0.000000  inc=-1.875071  bucket 0->0  (mf=1000)
[MF-SEL] tPrev=(  d=0.034134  dMin=0.000000  dAvg=0.041709  dMax=32.353340  Dlo=0.020855  Dhi=16.197525  err=0.000000  inc=-1.875071  bucket 0->0  (mf=1000)
[MF-SEL] tPrev=(  d=0.037500  dMin=0.000000  dAvg=0.041706  dMax=32.353340  Dlo=0.020853  Dhi=16.197523  err=0.000000  inc=-1.875071  bucket 0->0  (mf=1000)
[MF-SEL] tPrev=(  d=0.031482  dMin=0.000000  dAvg=0.041698  dMax=32.353340  Dlo=0.020849  Dhi=16.197519  err=0.000000  inc=-1.875071  bucket 0->0  (mf=1000)
[MF-SEL] tPrev=(  d=0.030198  dMin=0.000000  dAvg=0.041690  dMax=32.353340  Dlo=0.020845  Dhi=16.197515  err=0.000000  inc=-1.875071  bucket 0->0  (mf=1000)
[MF-SEL] tPrev=(  d=0.029167  dMin=0.000000  dAvg=0.041681  dMax=32.353340  Dlo=0.020840  Dhi=16.197510  err=0.000000  inc=-1.875071  bucket 0->0  (mf=1000)
[MF-SEL] tPrev=(  d=0.027529  dMin=0.000000  dAvg=0.041670  dMax=32.353340  Dlo=0.020835  Dhi=16.197505  err=0.000000  inc=-1.875071  bucket 0->0  (mf=1000)
[MF-SEL] tPrev=(  d=0.026172  dMin=0.000000  dAvg=0.041659  dMax=32.353340  Dlo=0.020829  Dhi=16.197500  err=0.000000  inc=-1.875071  bucket 0->0  (mf=1000)
[MF-SEL] tPrev=(  d=0.024454  dMin=0.000000  dAvg=0.041646  dMax=32.353340  Dlo=0.020823  Dhi=16.197493  err=0.000000  inc=-1.875071  bucket 0->0  (mf=1000)
[MF-SEL] tPrev=(  d=0.024036  dMin=0.000000  dAvg=0.041633  dMax=32.353340  Dlo=0.020817  Dhi=16.197487  err=0.000000  inc=-1.875071  bucket 0->0  (mf=1000)
[MF-SEL] tPrev=(  d=0.024392  dMin=0.000000  dAvg=0.041621  dMax=32.353340  Dlo=0.020810  Dhi=16.197480  err=0.000000  inc=-1.875071  bucket 0->0  (mf=1000)
[MF-SEL] tPrev=(  d=0.025253  dMin=0.000000  dAvg=0.041609  dMax=32.353340  Dlo=0.020804  Dhi=16.197474  err=0.000000  inc=-1.875071  bucket 0->0  (mf=1000)
[MF-SEL] tPrev=(  d=0.025370  dMin=0.000000  dAvg=0.041597  dMax=32.353340  Dlo=0.020798  Dhi=16.197469  err=0.000000  inc=-1.875071  bucket 0->0  (mf=1000)
[MF-SEL] tPrev=(  d=0.025938  dMin=0.000000  dAvg=0.041586  dMax=32.353340  Dlo=0.020793  Dhi=16.197463  err=0.000000  inc=-1.875071  bucket 0->0  (mf=1000)
[MF-SEL] tPrev=(  d=0.026634  dMin=0.000000  dAvg=0.041575  dMax=32.353340  Dlo=0.020787  Dhi=16.197457  err=0.000000  inc=-1.875071  bucket 0->0  (mf=1000)
[MF-SEL] tPrev=(  d=0.027188  dMin=0.000000  dAvg=0.041564  dMax=32.353340  Dlo=0.020782  Dhi=16.197452  err=0.000000  inc=-1.875071  bucket 0->0  (mf=1000)
[MF-SEL] tPrev=(  d=0.027284  dMin=0.000000  dAvg=0.041554  dMax=32.353340  Dlo=0.020777  Dhi=16.197447  err=0.000000  inc=-1.875071  bucket 0->0  (mf=1000)
[MF-SEL] tPrev=(  d=0.027910  dMin=0.000000  dAvg=0.041544  dMax=32.353340  Dlo=0.020772  Dhi=16.197442  err=0.000000  inc=-1.875071  bucket 0->0  (mf=1000)
[MF-SEL] tPrev=(  d=0.031454  dMin=0.000000  dAvg=0.041536  dMax=32.353340  Dlo=0.020768  Dhi=16.197438  err=0.000000  inc=-1.875071  bucket 0->0  (mf=1000)
[MF-SEL] tPrev=(  d=0.028857  dMin=0.000000  dAvg=0.041527  dMax=32.353340  Dlo=0.020764  Dhi=16.197434  err=0.000000  inc=-1.875071  bucket 0->0  (mf=1000)
[MF-SEL] tPrev=(  d=0.029212  dMin=0.000000  dAvg=0.041518  dMax=32.353340  Dlo=0.020759  Dhi=16.197429  err=0.000000  inc=-1.875071  bucket 0->0  (mf=1000)
[MF-SEL] tPrev=(  d=0.029495  dMin=0.000000  dAvg=0.041509  dMax=32.353340  Dlo=0.020755  Dhi=16.197425  err=0.000000  inc=-1.875071  bucket 0->0  (mf=1000)
[MF-SEL] tPrev=(  d=0.029514  dMin=0.000000  dAvg=0.041501  dMax=32.353340  Dlo=0.020750  Dhi=16.197420  err=0.000000  inc=-1.875071  bucket 0->0  (mf=1000)
[MF-SEL] tPrev=(  d=0.025971  dMin=0.000000  dAvg=0.041489  dMax=32.353340  Dlo=0.020745  Dhi=16.197415  err=0.000000  inc=-1.875071  bucket 0->0  (mf=1000)
[MF-SEL] tPrev=(  d=0.029932  dMin=0.000000  dAvg=0.041481  dMax=32.353340  Dlo=0.020741  Dhi=16.197411  err=0.000000  inc=-1.875071  bucket 0->0  (mf=1000)
[MF-SEL] tPrev=(  d=0.030261  dMin=0.000000  dAvg=0.041473  dMax=32.353340  Dlo=0.020736  Dhi=16.197407  err=0.000000  inc=-1.875071  bucket 0->0  (mf=1000)
[MF-SEL] tPrev=(  d=0.030953  dMin=0.000000  dAvg=0.041465  dMax=32.353340  Dlo=0.020733  Dhi=16.197403  err=0.000000  inc=-1.875071  bucket 0->0  (mf=1000)
[MF-SEL] tPrev=(  d=0.031670  dMin=0.000000  dAvg=0.041458  dMax=32.353340  Dlo=0.020729  Dhi=16.197399  err=0.000000  inc=-1.875071  bucket 0->0  (mf=1000)
[MF-SEL] tPrev=(  d=0.032299  dMin=0.000000  dAvg=0.041452  dMax=32.353340  Dlo=0.020726  Dhi=16.197396  err=0.000000  inc=-1.875071  bucket 0->0  (mf=1000)
[MF-SEL] tPrev=(  d=0.033458  dMin=0.000000  dAvg=0.041446  dMax=32.353340  Dlo=0.020723  Dhi=16.197393  err=0.000000  inc=-1.875071  bucket 0->0  (mf=1000)
[MF-SEL] tPrev=(  d=0.033498  dMin=0.000000  dAvg=0.041440  dMax=32.353340  Dlo=0.020720  Dhi=16.197390  err=0.000000  inc=-1.875071  bucket 0->0  (mf=1000)
[MF-SEL] tPrev=(  d=0.036816  dMin=0.000000  dAvg=0.041437  dMax=32.353340  Dlo=0.020718  Dhi=16.197388  err=0.000000  inc=-1.875071  bucket 0->0  (mf=1000)
[MF-SEL] tPrev=(  d=0.038356  dMin=0.000000  dAvg=0.041435  dMax=32.353340  Dlo=0.020717  Dhi=16.197387  err=0.000000  inc=-1.875071  bucket 0->0  (mf=1000)
[MF-SEL] tPrev=(  d=0.039456  dMin=0.000000  dAvg=0.041433  dMax=32.353340  Dlo=0.020717  Dhi=16.197387  err=0.000000  inc=-1.875071  bucket 0->0  (mf=1000)
[MF-SEL] tPrev=(  d=0.040521  dMin=0.000000  dAvg=0.041432  dMax=32.353340  Dlo=0.020716  Dhi=16.197386  err=0.000000  inc=-1.875071  bucket 0->0  (mf=1000)
[MF-SEL] tPrev=(  d=0.041950  dMin=0.000000  dAvg=0.041433  dMax=32.353340  Dlo=0.020716  Dhi=16.197387  err=0.000000  inc=-1.875071  bucket 0->0  (mf=1000)
[MF-SEL] tPrev=(  d=0.043087  dMin=0.000000  dAvg=0.041434  dMax=32.353340  Dlo=0.020717  Dhi=16.197387  err=0.000000  inc=-1.875071  bucket 0->0  (mf=1000)
[MF-SEL] tPrev=(  d=0.044195  dMin=0.000000  dAvg=0.041436  dMax=32.353340  Dlo=0.020718  Dhi=16.197388  err=0.000000  inc=-1.875071  bucket 0->0  (mf=1000)
[MF-SEL] tPrev=(  d=0.044448  dMin=0.000000  dAvg=0.041438  dMax=32.353340  Dlo=0.020719  Dhi=16.197389  err=0.000000  inc=-1.875071  bucket 0->0  (mf=1000)
[MF-SEL] tPrev=(  d=0.029500  dMin=0.000000  dAvg=0.041430  dMax=32.353340  Dlo=0.020715  Dhi=16.197385  err=0.000000  inc=-1.875071  bucket 0->0  (mf=1000)
[MF-SEL] tPrev=(  d=0.044611  dMin=0.000000  dAvg=0.041432  dMax=32.353340  Dlo=0.020716  Dhi=16.197386  err=0.000000  inc=-1.875071  bucket 0->0  (mf=1000)
[MF-SEL] tPrev=(  d=0.044329  dMin=0.000000  dAvg=0.041434  dMax=32.353340  Dlo=0.020717  Dhi=16.197387  err=0.000000  inc=-1.875071  bucket 0->0  (mf=1000)
[MF-SEL] tPrev=(  d=0.043654  dMin=0.000000  dAvg=0.041436  dMax=32.353340  Dlo=0.020718  Dhi=16.197388  err=0.000000  inc=-1.875071  bucket 0->0  (mf=1000)
[MF-SEL] tPrev=(  d=0.042583  dMin=0.000000  dAvg=0.041436  dMax=32.353340  Dlo=0.020718  Dhi=16.197388  err=0.000000  inc=-1.875071  bucket 0->0  (mf=1000)
[MF-SEL] tPrev=(  d=0.035646  dMin=0.000000  dAvg=0.041432  dMax=32.353340  Dlo=0.020716  Dhi=16.197386  err=0.000000  inc=-1.875071  bucket 0->0  (mf=1000)
[MF-SEL] tPrev=(  d=0.039644  dMin=0.000000  dAvg=0.041431  dMax=32.353340  Dlo=0.020715  Dhi=16.197386  err=0.000000  inc=-1.875071  bucket 0->0  (mf=1000)
[MF-SEL] tPrev=(  d=0.038551  dMin=0.000000  dAvg=0.041429  dMax=32.353340  Dlo=0.020714  Dhi=16.197385  err=0.000000  inc=-1.875071  bucket 0->0  (mf=1000)
[MF-SEL] tPrev=(  d=0.037932  dMin=0.000000  dAvg=0.041426  dMax=32.353340  Dlo=0.020713  Dhi=16.197383  err=0.000000  inc=-1.875071  bucket 0->0  (mf=1000)
[MF-SEL] tPrev=(  d=0.037457  dMin=0.000000  dAvg=0.041424  dMax=32.353340  Dlo=0.020712  Dhi=16.197382  err=0.000000  inc=-1.875071  bucket 0->0  (mf=1000)
[MF-SEL] tPrev=(  d=0.037110  dMin=0.000000  dAvg=0.041421  dMax=32.353340  Dlo=0.020710  Dhi=16.197380  err=0.000000  inc=-1.875071  bucket 0->0  (mf=1000)
[MF-SEL] tPrev=(  d=0.037312  dMin=0.000000  dAvg=0.041418  dMax=32.353340  Dlo=0.020709  Dhi=16.197379  err=0.000000  inc=-1.875071  bucket 0->0  (mf=1000)
[MF-SEL] tPrev=(  d=0.037847  dMin=0.000000  dAvg=0.041415  dMax=32.353340  Dlo=0.020708  Dhi=16.197378  err=0.000000  inc=-1.875071  bucket 0->0  (mf=1000)
[MF-SEL] tPrev=(  d=0.039151  dMin=0.000000  dAvg=0.041413  dMax=32.353340  Dlo=0.020707  Dhi=16.197377  err=0.000000  inc=-1.875071  bucket 0->0  (mf=1000)
[MF-SEL] tPrev=(  d=0.040238  dMin=0.000000  dAvg=0.041413  dMax=32.353340  Dlo=0.020706  Dhi=16.197376  err=0.000000  inc=-1.875071  bucket 0->0  (mf=1000)
[MF-SEL] tPrev=(  d=0.049981  dMin=0.000000  dAvg=0.041419  dMax=32.353340  Dlo=0.020709  Dhi=16.197379  err=0.000000  inc=-1.875071  bucket 0->0  (mf=1000)
[MF-SEL] tPrev=(  d=0.039954  dMin=0.000000  dAvg=0.041418  dMax=32.353340  Dlo=0.020709  Dhi=16.197379  err=0.000000  inc=-1.875071  bucket 0->0  (mf=1000)
[MF-SEL] tPrev=(  d=0.039485  dMin=0.000000  dAvg=0.041416  dMax=32.353340  Dlo=0.020708  Dhi=16.197378  err=0.000000  inc=-1.875071  bucket 0->0  (mf=1000)
[MF-SEL] tPrev=(  d=0.039034  dMin=0.000000  dAvg=0.041415  dMax=32.353340  Dlo=0.020707  Dhi=16.197377  err=0.000000  inc=-1.875071  bucket 0->0  (mf=1000)
[MF-SEL] tPrev=(  d=0.048949  dMin=0.000000  dAvg=0.041420  dMax=32.353340  Dlo=0.020710  Dhi=16.197380  err=0.000000  inc=-1.875071  bucket 0->0  (mf=1000)
[MF-SEL] tPrev=(  d=0.037033  dMin=0.000000  dAvg=0.041417  dMax=32.353340  Dlo=0.020708  Dhi=16.197378  err=0.000000  inc=-1.875071  bucket 0->0  (mf=1000)
[MF-SEL] tPrev=(  d=0.035860  dMin=0.000000  dAvg=0.041413  dMax=32.353340  Dlo=0.020706  Dhi=16.197377  err=0.000000  inc=-1.875071  bucket 0->0  (mf=1000)
[MF-SEL] tPrev=(  d=0.034880  dMin=0.000000  dAvg=0.041408  dMax=32.353340  Dlo=0.020704  Dhi=16.197374  err=0.000000  inc=-1.875071  bucket 0->0  (mf=1000)
[MF-SEL] tPrev=(  d=0.034011  dMin=0.000000  dAvg=0.041403  dMax=32.353340  Dlo=0.020702  Dhi=16.197372  err=0.000000  inc=-1.875071  bucket 0->0  (mf=1000)
[MF-SEL] tPrev=(  d=0.039051  dMin=0.000000  dAvg=0.041401  dMax=32.353340  Dlo=0.020701  Dhi=16.197371  err=0.000000  inc=-1.875071  bucket 0->0  (mf=1000)
[MF-SEL] tPrev=(  d=0.032677  dMin=0.000000  dAvg=0.041395  dMax=32.353340  Dlo=0.020698  Dhi=16.197368  err=0.000000  inc=-1.875071  bucket 0->0  (mf=1000)
[MF-SEL] tPrev=(  d=0.032296  dMin=0.000000  dAvg=0.041389  dMax=32.353340  Dlo=0.020694  Dhi=16.197365  err=0.000000  inc=-1.875071  bucket 0->0  (mf=1000)
[MF-SEL] tPrev=(  d=0.031643  dMin=0.000000  dAvg=0.041382  dMax=32.353340  Dlo=0.020691  Dhi=16.197361  err=0.000000  inc=-1.875071  bucket 0->0  (mf=1000)
[MF-SEL] tPrev=(  d=0.031006  dMin=0.000000  dAvg=0.041375  dMax=32.353340  Dlo=0.020687  Dhi=16.197357  err=0.000000  inc=-1.875071  bucket 0->0  (mf=1000)
[MF-SEL] tPrev=(  d=0.029925  dMin=0.000000  dAvg=0.041367  dMax=32.353340  Dlo=0.020683  Dhi=16.197353  err=0.000000  inc=-1.875071  bucket 0->0  (mf=1000)
[MF-SEL] tPrev=(  d=0.029292  dMin=0.000000  dAvg=0.041358  dMax=32.353340  Dlo=0.020679  Dhi=16.197349  err=0.000000  inc=-1.875071  bucket 0->0  (mf=1000)
[MF-SEL] tPrev=(  d=0.028503  dMin=0.000000  dAvg=0.041349  dMax=32.353340  Dlo=0.020675  Dhi=16.197345  err=0.000000  inc=-1.875071  bucket 0->0  (mf=1000)
[MF-SEL] tPrev=(  d=0.027536  dMin=0.000000  dAvg=0.041339  dMax=32.353340  Dlo=0.020670  Dhi=16.197340  err=0.000000  inc=-1.875071  bucket 0->0  (mf=1000)
[MF-SEL] tPrev=(  d=0.026684  dMin=0.000000  dAvg=0.041329  dMax=32.353340  Dlo=0.020665  Dhi=16.197335  err=0.000000  inc=-1.875071  bucket 0->0  (mf=1000)
[MF-SEL] tPrev=(  d=0.023701  dMin=0.000000  dAvg=0.041317  dMax=32.353340  Dlo=0.020658  Dhi=16.197329  err=0.000000  inc=-1.875071  bucket 0->0  (mf=1000)
[MF-SEL] tPrev=(  d=0.025503  dMin=0.000000  dAvg=0.041306  dMax=32.353340  Dlo=0.020653  Dhi=16.197323  err=0.000000  inc=-1.875071  bucket 0->0  (mf=1000)
[MF-SEL] tPrev=(  d=0.025318  dMin=0.000000  dAvg=0.041295  dMax=32.353340  Dlo=0.020647  Dhi=16.197317  err=0.000000  inc=-1.875071  bucket 0->0  (mf=1000)
[MF-SEL] tPrev=(  d=0.024947  dMin=0.000000  dAvg=0.041283  dMax=32.353340  Dlo=0.020642  Dhi=16.197312  err=0.000000  inc=-1.875071  bucket 0->0  (mf=1000)
[MF-SEL] tPrev=(  d=0.025403  dMin=0.000000  dAvg=0.041272  dMax=32.353340  Dlo=0.020636  Dhi=16.197306  err=0.000000  inc=-1.875071  bucket 0->0  (mf=1000)
[MF-SEL] tPrev=(  d=0.024930  dMin=0.000000  dAvg=0.041261  dMax=32.353340  Dlo=0.020630  Dhi=16.197300  err=0.000000  inc=-1.875071  bucket 0->0  (mf=1000)
[MF-SEL] tPrev=(  d=0.025072  dMin=0.000000  dAvg=0.041249  dMax=32.353340  Dlo=0.020625  Dhi=16.197295  err=0.000000  inc=-1.875071  bucket 0->0  (mf=1000)
[MF-SEL] tPrev=(  d=0.026295  dMin=0.000000  dAvg=0.041239  dMax=32.353340  Dlo=0.020619  Dhi=16.197290  err=0.000000  inc=-1.875071  bucket 0->0  (mf=1000)
[MF-SEL] tPrev=(  d=0.026106  dMin=0.000000  dAvg=0.041228  dMax=32.353340  Dlo=0.020614  Dhi=16.197284  err=0.000000  inc=-1.875071  bucket 0->0  (mf=1000)
[MF-SEL] tPrev=(  d=0.025009  dMin=0.000000  dAvg=0.041217  dMax=32.353340  Dlo=0.020609  Dhi=16.197279  err=0.000000  inc=-1.875071  bucket 0->0  (mf=1000)
[MF-SEL] tPrev=(  d=0.018066  dMin=0.000000  dAvg=0.041201  dMax=32.353340  Dlo=0.020601  Dhi=16.197271  err=-1.000000  inc=-2.865077  bucket 0->0  (mf=1000)
[MF-SEL] tPrev=(  d=0.023136  dMin=0.000000  dAvg=0.041189  dMax=32.353340  Dlo=0.020594  Dhi=16.197264  err=0.000000  inc=-1.558331  bucket 0->0  (mf=1000)
[MF-SEL] tPrev=(  d=0.021896  dMin=0.000000  dAvg=0.041175  dMax=32.353340  Dlo=0.020588  Dhi=16.197258  err=0.000000  inc=-1.877133  bucket 0->0  (mf=1000)
[MF-SEL] tPrev=(  d=0.020900  dMin=0.000000  dAvg=0.041161  dMax=32.353340  Dlo=0.020581  Dhi=16.197251  err=0.000000  inc=-1.877133  bucket 0->0  (mf=1000)
[MF-SEL] tPrev=(  d=0.019597  dMin=0.000000  dAvg=0.041146  dMax=32.353340  Dlo=0.020573  Dhi=16.197243  err=-1.000000  inc=-2.822494  bucket 0->0  (mf=1000)
[MF-SEL] tPrev=(  d=0.018914  dMin=0.000000  dAvg=0.041131  dMax=32.353340  Dlo=0.020565  Dhi=16.197235  err=-1.000000  inc=-2.481546  bucket 0->0  (mf=1000)
[MF-SEL] tPrev=(  d=0.018702  dMin=0.000000  dAvg=0.041115  dMax=32.353340  Dlo=0.020558  Dhi=16.197228  err=-1.000000  inc=-2.483882  bucket 0->0  (mf=1000)
[MF-SEL] tPrev=(  d=0.017201  dMin=0.000000  dAvg=0.041099  dMax=32.353340  Dlo=0.020549  Dhi=16.197219  err=-1.000000  inc=-2.486271  bucket 0->0  (mf=1000)
[MF-SEL] tPrev=(  d=0.019466  dMin=0.000000  dAvg=0.041084  dMax=32.353340  Dlo=0.020542  Dhi=16.197212  err=-1.000000  inc=-2.488579  bucket 0->0  (mf=1000)
[MF-SEL] tPrev=(  d=0.020296  dMin=0.000000  dAvg=0.041069  dMax=32.353340  Dlo=0.020535  Dhi=16.197205  err=-1.000000  inc=-2.490926  bucket 0->0  (mf=1000)
[MF-SEL] tPrev=(  d=0.021122  dMin=0.000000  dAvg=0.041055  dMax=32.353340  Dlo=0.020528  Dhi=16.197198  err=0.000000  inc=-1.564100  bucket 0->0  (mf=1000)
[MF-SEL] tPrev=(  d=0.022611  dMin=0.000000  dAvg=0.041043  dMax=32.353340  Dlo=0.020521  Dhi=16.197191  err=0.000000  inc=-1.890926  bucket 0->0  (mf=1000)
[MF-SEL] tPrev=(  d=0.023730  dMin=0.000000  dAvg=0.041031  dMax=32.353340  Dlo=0.020515  Dhi=16.197185  err=0.000000  inc=-1.890926  bucket 0->0  (mf=1000)
[MF-SEL] tPrev=(  d=0.024173  dMin=0.000000  dAvg=0.041019  dMax=32.353340  Dlo=0.020510  Dhi=16.197180  err=0.000000  inc=-1.890926  bucket 0->0  (mf=1000)
[MF-SEL] tPrev=(  d=0.024353  dMin=0.000000  dAvg=0.041008  dMax=32.353340  Dlo=0.020504  Dhi=16.197174  err=0.000000  inc=-1.890926  bucket 0->0  (mf=1000)
[MF-SEL] tPrev=(  d=0.026239  dMin=0.000000  dAvg=0.040998  dMax=32.353340  Dlo=0.020499  Dhi=16.197169  err=0.000000  inc=-1.890926  bucket 0->0  (mf=1000)
[MF-SEL] tPrev=(  d=0.024874  dMin=0.000000  dAvg=0.040986  dMax=32.353340  Dlo=0.020493  Dhi=16.197163  err=0.000000  inc=-1.890926  bucket 0->0  (mf=1000)
[MF-SEL] tPrev=(  d=0.024830  dMin=0.000000  dAvg=0.040975  dMax=32.353340  Dlo=0.020488  Dhi=16.197158  err=0.000000  inc=-1.890926  bucket 0->0  (mf=1000)
[MF-SEL] tPrev=(  d=0.024662  dMin=0.000000  dAvg=0.040964  dMax=32.353340  Dlo=0.020482  Dhi=16.197152  err=0.000000  inc=-1.890926  bucket 0->0  (mf=1000)
[MF-SEL] tPrev=(  d=0.024489  dMin=0.000000  dAvg=0.040953  dMax=32.353340  Dlo=0.020476  Dhi=16.197147  err=0.000000  inc=-1.890926  bucket 0->0  (mf=1000)
[MF-SEL] tPrev=(  d=0.022790  dMin=0.000000  dAvg=0.040940  dMax=32.353340  Dlo=0.020470  Dhi=16.197140  err=0.000000  inc=-1.890926  bucket 0->0  (mf=1000)
[MF-SEL] tPrev=(  d=0.024276  dMin=0.000000  dAvg=0.040929  dMax=32.353340  Dlo=0.020464  Dhi=16.197135  err=0.000000  inc=-1.890926  bucket 0->0  (mf=1000)
[MF-SEL] tPrev=(  d=0.023281  dMin=0.000000  dAvg=0.040917  dMax=32.353340  Dlo=0.020458  Dhi=16.197129  err=0.000000  inc=-1.890926  bucket 0->0  (mf=1000)
[MF-SEL] tPrev=(  d=0.021884  dMin=0.000000  dAvg=0.040904  dMax=32.353340  Dlo=0.020452  Dhi=16.197122  err=0.000000  inc=-1.890926  bucket 0->0  (mf=1000)
[MF-SEL] tPrev=(  d=0.020065  dMin=0.000000  dAvg=0.040890  dMax=32.353340  Dlo=0.020445  Dhi=16.197115  err=-1.000000  inc=-2.849762  bucket 0->0  (mf=1000)
[MF-SEL] tPrev=(  d=0.018085  dMin=0.000000  dAvg=0.040874  dMax=32.353340  Dlo=0.020437  Dhi=16.197107  err=-1.000000  inc=-2.495631  bucket 0->0  (mf=1000)
[MF-SEL] tPrev=(  d=0.017175  dMin=0.000000  dAvg=0.040858  dMax=32.353340  Dlo=0.020429  Dhi=16.197099  err=-1.000000  inc=-2.497781  bucket 0->0  (mf=1000)
[MF-SEL] tPrev=(  d=0.016539  dMin=0.000000  dAvg=0.040841  dMax=32.353340  Dlo=0.020421  Dhi=16.197091  err=-1.000000  inc=-2.499987  bucket 0->0  (mf=1000)
[MF-SEL] tPrev=(  d=0.015862  dMin=0.000000  dAvg=0.040824  dMax=32.353340  Dlo=0.020412  Dhi=16.197082  err=-1.000000  inc=-2.502365  bucket 0->0  (mf=1000)
[MF-SEL] tPrev=(  d=0.009687  dMin=0.000000  dAvg=0.040803  dMax=32.353340  Dlo=0.020401  Dhi=16.197072  err=-1.000000  inc=-2.504568  bucket 0->0  (mf=1000)
[MF-SEL] tPrev=(  d=0.016843  dMin=0.000000  dAvg=0.040787  dMax=32.353340  Dlo=0.020393  Dhi=16.197063  err=-1.000000  inc=-2.507065  bucket 0->0  (mf=1000)
[MF-SEL] tPrev=(  d=0.017098  dMin=0.000000  dAvg=0.040771  dMax=32.353340  Dlo=0.020385  Dhi=16.197055  err=-1.000000  inc=-2.509345  bucket 0->0  (mf=1000)
[MF-SEL] tPrev=(  d=0.017222  dMin=0.000000  dAvg=0.040754  dMax=32.353340  Dlo=0.020377  Dhi=16.197047  err=-1.000000  inc=-2.511477  bucket 0->0  (mf=1000)
[MF-SEL] tPrev=(  d=0.017441  dMin=0.000000  dAvg=0.040739  dMax=32.353340  Dlo=0.020369  Dhi=16.197039  err=-1.000000  inc=-2.513800  bucket 0->0  (mf=1000)
[MF-SEL] tPrev=(  d=0.017927  dMin=0.000000  dAvg=0.040723  dMax=32.353340  Dlo=0.020362  Dhi=16.197032  err=-1.000000  inc=-2.516279  bucket 0->0  (mf=1000)
[MF-SEL] tPrev=(  d=0.017531  dMin=0.000000  dAvg=0.040707  dMax=32.353340  Dlo=0.020354  Dhi=16.197024  err=-1.000000  inc=-2.518564  bucket 0->0  (mf=1000)
[MF-SEL] tPrev=(  d=0.017278  dMin=0.000000  dAvg=0.040692  dMax=32.353340  Dlo=0.020346  Dhi=16.197016  err=-1.000000  inc=-2.520675  bucket 0->0  (mf=1000)
[MF-SEL] tPrev=(  d=0.016945  dMin=0.000000  dAvg=0.040675  dMax=32.353340  Dlo=0.020338  Dhi=16.197008  err=-1.000000  inc=-2.522896  bucket 0->0  (mf=1000)
[MF-SEL] tPrev=(  d=0.016666  dMin=0.000000  dAvg=0.040659  dMax=32.353340  Dlo=0.020330  Dhi=16.197000  err=-1.000000  inc=-2.525186  bucket 0->0  (mf=1000)
[MF-SEL] tPrev=(  d=0.018072  dMin=0.000000  dAvg=0.040644  dMax=32.353340  Dlo=0.020322  Dhi=16.196992  err=-1.000000  inc=-2.527465  bucket 0->0  (mf=1000)
[MF-SEL] tPrev=(  d=0.020389  dMin=0.000000  dAvg=0.040630  dMax=32.353340  Dlo=0.020315  Dhi=16.196985  err=0.000000  inc=-1.612739  bucket 0->0  (mf=1000)
[MF-SEL] tPrev=(  d=0.021727  dMin=0.000000  dAvg=0.040617  dMax=32.353340  Dlo=0.020309  Dhi=16.196979  err=0.000000  inc=-1.927465  bucket 0->0  (mf=1000)
[MF-SEL] tPrev=(  d=0.023682  dMin=0.000000  dAvg=0.040606  dMax=32.353340  Dlo=0.020303  Dhi=16.196973  err=0.000000  inc=-1.927465  bucket 0->0  (mf=1000)
[MF-SEL] tPrev=(  d=0.012960  dMin=0.000000  dAvg=0.040587  dMax=32.353340  Dlo=0.020294  Dhi=16.196964  err=-1.000000  inc=-2.857492  bucket 0->0  (mf=1000)
[MF-SEL] tPrev=(  d=0.025527  dMin=0.000000  dAvg=0.040577  dMax=32.353340  Dlo=0.020289  Dhi=16.196959  err=0.000000  inc=-1.600263  bucket 0->0  (mf=1000)
[MF-SEL] tPrev=(  d=0.026690  dMin=0.000000  dAvg=0.040568  dMax=32.353340  Dlo=0.020284  Dhi=16.196954  err=0.000000  inc=-1.929907  bucket 0->0  (mf=1000)
[MF-SEL] tPrev=(  d=0.028853  dMin=0.000000  dAvg=0.040560  dMax=32.353340  Dlo=0.020280  Dhi=16.196950  err=0.000000  inc=-1.929907  bucket 0->0  (mf=1000)
[MF-SEL] tPrev=(  d=0.030048  dMin=0.000000  dAvg=0.040553  dMax=32.353340  Dlo=0.020276  Dhi=16.196946  err=0.000000  inc=-1.929907  bucket 0->0  (mf=1000)
[MF-SEL] tPrev=(  d=0.030734  dMin=0.000000  dAvg=0.040546  dMax=32.353340  Dlo=0.020273  Dhi=16.196943  err=0.000000  inc=-1.929907  bucket 0->0  (mf=1000)
[MF-SEL] tPrev=(  d=0.030023  dMin=0.000000  dAvg=0.040539  dMax=32.353340  Dlo=0.020270  Dhi=16.196940  err=0.000000  inc=-1.929907  bucket 0->0  (mf=1000)
[MF-SEL] tPrev=(  d=0.028938  dMin=0.000000  dAvg=0.040531  dMax=32.353340  Dlo=0.020266  Dhi=16.196936  err=0.000000  inc=-1.929907  bucket 0->0  (mf=1000)
[MF-SEL] tPrev=(  d=0.028050  dMin=0.000000  dAvg=0.040523  dMax=32.353340  Dlo=0.020261  Dhi=16.196932  err=0.000000  inc=-1.929907  bucket 0->0  (mf=1000)
[MF-SEL] tPrev=(  d=0.028305  dMin=0.000000  dAvg=0.040515  dMax=32.353340  Dlo=0.020257  Dhi=16.196927  err=0.000000  inc=-1.929907  bucket 0->0  (mf=1000)
[MF-SEL] tPrev=(  d=0.028754  dMin=0.000000  dAvg=0.040507  dMax=32.353340  Dlo=0.020253  Dhi=16.196923  err=0.000000  inc=-1.929907  bucket 0->0  (mf=1000)
[MF-SEL] tPrev=(  d=0.030164  dMin=0.000000  dAvg=0.040500  dMax=32.353340  Dlo=0.020250  Dhi=16.196920  err=0.000000  inc=-1.929907  bucket 0->0  (mf=1000)
[MF-SEL] tPrev=(  d=0.031104  dMin=0.000000  dAvg=0.040494  dMax=32.353340  Dlo=0.020247  Dhi=16.196917  err=0.000000  inc=-1.929907  bucket 0->0  (mf=1000)
[MF-SEL] tPrev=(  d=0.031271  dMin=0.000000  dAvg=0.040487  dMax=32.353340  Dlo=0.020244  Dhi=16.196914  err=0.000000  inc=-1.929907  bucket 0->0  (mf=1000)
[MF-SEL] tPrev=(  d=0.030374  dMin=0.000000  dAvg=0.040481  dMax=32.353340  Dlo=0.020240  Dhi=16.196910  err=0.000000  inc=-1.929907  bucket 0->0  (mf=1000)
[MF-SEL] tPrev=(  d=0.029086  dMin=0.000000  dAvg=0.040473  dMax=32.353340  Dlo=0.020237  Dhi=16.196907  err=0.000000  inc=-1.929907  bucket 0->0  (mf=1000)
[MF-SEL] tPrev=(  d=0.027365  dMin=0.000000  dAvg=0.040464  dMax=32.353340  Dlo=0.020232  Dhi=16.196902  err=0.000000  inc=-1.929907  bucket 0->0  (mf=1000)
[MF-SEL] tPrev=(  d=0.033848  dMin=0.000000  dAvg=0.040460  dMax=32.353340  Dlo=0.020230  Dhi=16.196900  err=0.000000  inc=-1.929907  bucket 0->0  (mf=1000)
[MF-SEL] tPrev=(  d=0.024435  dMin=0.000000  dAvg=0.040449  dMax=32.353340  Dlo=0.020225  Dhi=16.196895  err=0.000000  inc=-1.929907  bucket 0->0  (mf=1000)
[MF-SEL] tPrev=(  d=0.023246  dMin=0.000000  dAvg=0.040438  dMax=32.353340  Dlo=0.020219  Dhi=16.196889  err=0.000000  inc=-1.929907  bucket 0->0  (mf=1000)
[MF-SEL] tPrev=(  d=0.022770  dMin=0.000000  dAvg=0.040426  dMax=32.353340  Dlo=0.020213  Dhi=16.196883  err=0.000000  inc=-1.929907  bucket 0->0  (mf=1000)
[MF-SEL] tPrev=(  d=0.021515  dMin=0.000000  dAvg=0.040413  dMax=32.353340  Dlo=0.020207  Dhi=16.196877  err=0.000000  inc=-1.929907  bucket 0->0  (mf=1000)
[MF-SEL] tPrev=(  d=0.020720  dMin=0.000000  dAvg=0.040400  dMax=32.353340  Dlo=0.020200  Dhi=16.196870  err=0.000000  inc=-1.929907  bucket 0->0  (mf=1000)
[MF-SEL] tPrev=(  d=0.020494  dMin=0.000000  dAvg=0.040387  dMax=32.353340  Dlo=0.020193  Dhi=16.196864  err=0.000000  inc=-1.929907  bucket 0->0  (mf=1000)
[MF-SEL] tPrev=(  d=0.020606  dMin=0.000000  dAvg=0.040374  dMax=32.353340  Dlo=0.020187  Dhi=16.196857  err=0.000000  inc=-1.929907  bucket 0->0  (mf=1000)
[MF-SEL] tPrev=(  d=0.021172  dMin=0.000000  dAvg=0.040361  dMax=32.353340  Dlo=0.020181  Dhi=16.196851  err=0.000000  inc=-1.929907  bucket 0->0  (mf=1000)
[MF-SEL] tPrev=(  d=0.021298  dMin=0.000000  dAvg=0.040348  dMax=32.353340  Dlo=0.020174  Dhi=16.196844  err=0.000000  inc=-1.929907  bucket 0->0  (mf=1000)
[MF-SEL] tPrev=(  d=0.036927  dMin=0.000000  dAvg=0.040346  dMax=32.353340  Dlo=0.020173  Dhi=16.196843  err=0.000000  inc=-1.929907  bucket 0->0  (mf=1000)
[MF-SEL] tPrev=(  d=0.021285  dMin=0.000000  dAvg=0.040334  dMax=32.353340  Dlo=0.020167  Dhi=16.196837  err=0.000000  inc=-1.929907  bucket 0->0  (mf=1000)
[MF-SEL] tPrev=(  d=0.021308  dMin=0.000000  dAvg=0.040321  dMax=32.353340  Dlo=0.020160  Dhi=16.196831  err=0.000000  inc=-1.929907  bucket 0->0  (mf=1000)
[MF-SEL] tPrev=(  d=0.021762  dMin=0.000000  dAvg=0.040309  dMax=32.353340  Dlo=0.020154  Dhi=16.196824  err=0.000000  inc=-1.929907  bucket 0->0  (mf=1000)
[MF-SEL] tPrev=(  d=0.022980  dMin=0.000000  dAvg=0.040297  dMax=32.353340  Dlo=0.020149  Dhi=16.196819  err=0.000000  inc=-1.929907  bucket 0->0  (mf=1000)
[MF-SEL] tPrev=(  d=0.024233  dMin=0.000000  dAvg=0.040287  dMax=32.353340  Dlo=0.020143  Dhi=16.196813  err=0.000000  inc=-1.929907  bucket 0->0  (mf=1000)
[MF-SEL] tPrev=(  d=0.025417  dMin=0.000000  dAvg=0.040277  dMax=32.353340  Dlo=0.020138  Dhi=16.196808  err=0.000000  inc=-1.929907  bucket 0->0  (mf=1000)
[MF-SEL] tPrev=(  d=0.025343  dMin=0.000000  dAvg=0.040267  dMax=32.353340  Dlo=0.020133  Dhi=16.196804  err=0.000000  inc=-1.929907  bucket 0->0  (mf=1000)
[MF-SEL] tPrev=(  d=0.026075  dMin=0.000000  dAvg=0.040258  dMax=32.353340  Dlo=0.020129  Dhi=16.196799  err=0.000000  inc=-1.929907  bucket 0->0  (mf=1000)
[MF-SEL] tPrev=(  d=0.024895  dMin=0.000000  dAvg=0.040247  dMax=32.353340  Dlo=0.020124  Dhi=16.196794  err=0.000000  inc=-1.929907  bucket 0->0  (mf=1000)
[MF-SEL] tPrev=(  d=0.025817  dMin=0.000000  dAvg=0.040238  dMax=32.353340  Dlo=0.020119  Dhi=16.196789  err=0.000000  inc=-1.929907  bucket 0->0  (mf=1000)
[MF-SEL] tPrev=(  d=0.026179  dMin=0.000000  dAvg=0.040229  dMax=32.353340  Dlo=0.020114  Dhi=16.196784  err=0.000000  inc=-1.929907  bucket 0->0  (mf=1000)
[MF-SEL] tPrev=(  d=0.026593  dMin=0.000000  dAvg=0.040220  dMax=32.353340  Dlo=0.020110  Dhi=16.196780  err=0.000000  inc=-1.929907  bucket 0->0  (mf=1000)
[MF-SEL] tPrev=(  d=0.026998  dMin=0.000000  dAvg=0.040211  dMax=32.353340  Dlo=0.020106  Dhi=16.196776  err=0.000000  inc=-1.929907  bucket 0->0  (mf=1000)
[MF-SEL] tPrev=(  d=0.028741  dMin=0.000000  dAvg=0.040203  dMax=32.353340  Dlo=0.020102  Dhi=16.196772  err=0.000000  inc=-1.929907  bucket 0->0  (mf=1000)
[MF-SEL] tPrev=(  d=0.029335  dMin=0.000000  dAvg=0.040196  dMax=32.353340  Dlo=0.020098  Dhi=16.196768  err=0.000000  inc=-1.929907  bucket 0->0  (mf=1000)
[MF-SEL] tPrev=(  d=0.030516  dMin=0.000000  dAvg=0.040190  dMax=32.353340  Dlo=0.020095  Dhi=16.196765  err=0.000000  inc=-1.929907  bucket 0->0  (mf=1000)
[MF-SEL] tPrev=(  d=0.034403  dMin=0.000000  dAvg=0.040186  dMax=32.353340  Dlo=0.020093  Dhi=16.196763  err=0.000000  inc=-1.929907  bucket 0->0  (mf=1000)
[MF-SEL] tPrev=(  d=0.031170  dMin=0.000000  dAvg=0.040180  dMax=32.353340  Dlo=0.020090  Dhi=16.196760  err=0.000000  inc=-1.929907  bucket 0->0  (mf=1000)
[MF-SEL] tPrev=(  d=0.031304  dMin=0.000000  dAvg=0.040174  dMax=32.353340  Dlo=0.020087  Dhi=16.196757  err=0.000000  inc=-1.929907  bucket 0->0  (mf=1000)
[MF-SEL] tPrev=(  d=0.031398  dMin=0.000000  dAvg=0.040169  dMax=32.353340  Dlo=0.020084  Dhi=16.196754  err=0.000000  inc=-1.929907  bucket 0->0  (mf=1000)
[MF-SEL] tPrev=(  d=0.031503  dMin=0.000000  dAvg=0.040163  dMax=32.353340  Dlo=0.020082  Dhi=16.196752  err=0.000000  inc=-1.929907  bucket 0->0  (mf=1000)
[MF-SEL] tPrev=(  d=0.035451  dMin=0.000000  dAvg=0.040160  dMax=32.353340  Dlo=0.020080  Dhi=16.196750  err=0.000000  inc=-1.929907  bucket 0->0  (mf=1000)
[MF-SEL] tPrev=(  d=0.032186  dMin=0.000000  dAvg=0.040155  dMax=32.353340  Dlo=0.020077  Dhi=16.196747  err=0.000000  inc=-1.929907  bucket 0->0  (mf=1000)
[MF-SEL] tPrev=(  d=0.031651  dMin=0.000000  dAvg=0.040149  dMax=32.353340  Dlo=0.020075  Dhi=16.196745  err=0.000000  inc=-1.929907  bucket 0->0  (mf=1000)
[MF-SEL] tPrev=(  d=0.030662  dMin=0.000000  dAvg=0.040143  dMax=32.353340  Dlo=0.020072  Dhi=16.196742  err=0.000000  inc=-1.929907  bucket 0->0  (mf=1000)
[MF-SEL] tPrev=(  d=0.029662  dMin=0.000000  dAvg=0.040136  dMax=32.353340  Dlo=0.020068  Dhi=16.196738  err=0.000000  inc=-1.929907  bucket 0->0  (mf=1000)
[MF-SEL] tPrev=(  d=0.029000  dMin=0.000000  dAvg=0.040129  dMax=32.353340  Dlo=0.020064  Dhi=16.196735  err=0.000000  inc=-1.929907  bucket 0->0  (mf=1000)
[MF-SEL] tPrev=(  d=0.028277  dMin=0.000000  dAvg=0.040121  dMax=32.353340  Dlo=0.020061  Dhi=16.196731  err=0.000000  inc=-1.929907  bucket 0->0  (mf=1000)
[MF-SEL] tPrev=(  d=0.026844  dMin=0.000000  dAvg=0.040113  dMax=32.353340  Dlo=0.020056  Dhi=16.196726  err=0.000000  inc=-1.929907  bucket 0->0  (mf=1000)
[MF-SEL] tPrev=(  d=0.027992  dMin=0.000000  dAvg=0.040105  dMax=32.353340  Dlo=0.020052  Dhi=16.196722  err=0.000000  inc=-1.929907  bucket 0->0  (mf=1000)
[MF-SEL] tPrev=(  d=0.027794  dMin=0.000000  dAvg=0.040097  dMax=32.353340  Dlo=0.020048  Dhi=16.196718  err=0.000000  inc=-1.929907  bucket 0->0  (mf=1000)
[MF-SEL] tPrev=(  d=0.027984  dMin=0.000000  dAvg=0.040089  dMax=32.353340  Dlo=0.020044  Dhi=16.196714  err=0.000000  inc=-1.929907  bucket 0->0  (mf=1000)
[MF-SEL] tPrev=(  d=0.028351  dMin=0.000000  dAvg=0.040081  dMax=32.353340  Dlo=0.020041  Dhi=16.196711  err=0.000000  inc=-1.929907  bucket 0->0  (mf=1000)
[MF-SEL] tPrev=(  d=0.028658  dMin=0.000000  dAvg=0.040074  dMax=32.353340  Dlo=0.020037  Dhi=16.196707  err=0.000000  inc=-1.929907  bucket 0->0  (mf=1000)
[MF-SEL] tPrev=(  d=0.028858  dMin=0.000000  dAvg=0.040067  dMax=32.353340  Dlo=0.020033  Dhi=16.196703  err=0.000000  inc=-1.929907  bucket 0->0  (mf=1000)
[MF-SEL] tPrev=(  d=0.029471  dMin=0.000000  dAvg=0.040060  dMax=32.353340  Dlo=0.020030  Dhi=16.196700  err=0.000000  inc=-1.929907  bucket 0->0  (mf=1000)
[MF-SEL] tPrev=(  d=0.029590  dMin=0.000000  dAvg=0.040053  dMax=32.353340  Dlo=0.020026  Dhi=16.196697  err=0.000000  inc=-1.929907  bucket 0->0  (mf=1000)
[MF-SEL] tPrev=(  d=0.029572  dMin=0.000000  dAvg=0.040046  dMax=32.353340  Dlo=0.020023  Dhi=16.196693  err=0.000000  inc=-1.929907  bucket 0->0  (mf=1000)
[MF-SEL] tPrev=(  d=0.043328  dMin=0.000000  dAvg=0.040048  dMax=32.353340  Dlo=0.020024  Dhi=16.196694  err=0.000000  inc=-1.929907  bucket 0->0  (mf=1000)
[MF-SEL] tPrev=(  d=0.031315  dMin=0.000000  dAvg=0.040043  dMax=32.353340  Dlo=0.020021  Dhi=16.196691  err=0.000000  inc=-1.929907  bucket 0->0  (mf=1000)
[MF-SEL] tPrev=(  d=0.030698  dMin=0.000000  dAvg=0.040037  dMax=32.353340  Dlo=0.020018  Dhi=16.196688  err=0.000000  inc=-1.929907  bucket 0->0  (mf=1000)
[MF-SEL] tPrev=(  d=0.029949  dMin=0.000000  dAvg=0.040030  dMax=32.353340  Dlo=0.020015  Dhi=16.196685  err=0.000000  inc=-1.929907  bucket 0->0  (mf=1000)
[MF-SEL] tPrev=(  d=0.028981  dMin=0.000000  dAvg=0.040023  dMax=32.353340  Dlo=0.020011  Dhi=16.196682  err=0.000000  inc=-1.929907  bucket 0->0  (mf=1000)
[MF-SEL] tPrev=(  d=0.018254  dMin=0.000000  dAvg=0.040009  dMax=32.353340  Dlo=0.020004  Dhi=16.196675  err=-1.000000  inc=-2.877345  bucket 0->0  (mf=1000)
[MF-SEL] tPrev=(  d=0.027185  dMin=0.000000  dAvg=0.040001  dMax=32.353340  Dlo=0.020000  Dhi=16.196670  err=0.000000  inc=-1.615934  bucket 0->0  (mf=1000)
[MF-SEL] tPrev=(  d=0.025994  dMin=0.000000  dAvg=0.039992  dMax=32.353340  Dlo=0.019996  Dhi=16.196666  err=0.000000  inc=-1.932225  bucket 0->0  (mf=1000)
[MF-SEL] tPrev=(  d=0.025435  dMin=0.000000  dAvg=0.039982  dMax=32.353340  Dlo=0.019991  Dhi=16.196661  err=0.000000  inc=-1.932225  bucket 0->0  (mf=1000)
[MF-SEL] tPrev=(  d=0.024472  dMin=0.000000  dAvg=0.039972  dMax=32.353340  Dlo=0.019986  Dhi=16.196656  err=0.000000  inc=-1.932225  bucket 0->0  (mf=1000)
[MF-SEL] tPrev=(  d=0.023383  dMin=0.000000  dAvg=0.039962  dMax=32.353340  Dlo=0.019981  Dhi=16.196651  err=0.000000  inc=-1.932225  bucket 0->0  (mf=1000)
[MF-SEL] tPrev=(  d=0.023002  dMin=0.000000  dAvg=0.039951  dMax=32.353340  Dlo=0.019975  Dhi=16.196645  err=0.000000  inc=-1.932225  bucket 0->0  (mf=1000)
[MF-SEL] tPrev=(  d=0.022292  dMin=0.000000  dAvg=0.039939  dMax=32.353340  Dlo=0.019970  Dhi=16.196640  err=0.000000  inc=-1.932225  bucket 0->0  (mf=1000)
[MF-SEL] tPrev=(  d=0.021985  dMin=0.000000  dAvg=0.039928  dMax=32.353340  Dlo=0.019964  Dhi=16.196634  err=0.000000  inc=-1.932225  bucket 0->0  (mf=1000)
[MF-SEL] tPrev=(  d=0.023419  dMin=0.000000  dAvg=0.039917  dMax=32.353340  Dlo=0.019959  Dhi=16.196629  err=0.000000  inc=-1.932225  bucket 0->0  (mf=1000)
[MF-SEL] tPrev=(  d=0.021919  dMin=0.000000  dAvg=0.039906  dMax=32.353340  Dlo=0.019953  Dhi=16.196623  err=0.000000  inc=-1.932225  bucket 0->0  (mf=1000)
[MF-SEL] tPrev=(  d=0.022017  dMin=0.000000  dAvg=0.039894  dMax=32.353340  Dlo=0.019947  Dhi=16.196617  err=0.000000  inc=-1.932225  bucket 0->0  (mf=1000)
[MF-SEL] tPrev=(  d=0.022272  dMin=0.000000  dAvg=0.039883  dMax=32.353340  Dlo=0.019942  Dhi=16.196612  err=0.000000  inc=-1.932225  bucket 0->0  (mf=1000)
[MF-SEL] tPrev=(  d=0.022244  dMin=0.000000  dAvg=0.039872  dMax=32.353340  Dlo=0.019936  Dhi=16.196606  err=0.000000  inc=-1.932225  bucket 0->0  (mf=1000)
[MF-SEL] tPrev=(  d=0.021483  dMin=0.000000  dAvg=0.039860  dMax=32.353340  Dlo=0.019930  Dhi=16.196600  err=0.000000  inc=-1.932225  bucket 0->0  (mf=1000)
[MF-SEL] tPrev=(  d=0.020765  dMin=0.000000  dAvg=0.039848  dMax=32.353340  Dlo=0.019924  Dhi=16.196594  err=0.000000  inc=-1.932225  bucket 0->0  (mf=1000)
[MF-SEL] tPrev=(  d=0.020124  dMin=0.000000  dAvg=0.039835  dMax=32.353340  Dlo=0.019918  Dhi=16.196588  err=0.000000  inc=-1.932225  bucket 0->0  (mf=1000)
[MF-SEL] tPrev=(  d=0.018222  dMin=0.000000  dAvg=0.039822  dMax=32.353340  Dlo=0.019911  Dhi=16.196581  err=-1.000000  inc=-2.908273  bucket 0->0  (mf=1000)
[MF-SEL] tPrev=(  d=0.019522  dMin=0.000000  dAvg=0.039809  dMax=32.353340  Dlo=0.019904  Dhi=16.196574  err=-1.000000  inc=-2.536770  bucket 0->0  (mf=1000)
[MF-SEL] tPrev=(  d=0.019186  dMin=0.000000  dAvg=0.039796  dMax=32.353340  Dlo=0.019898  Dhi=16.196568  err=-1.000000  inc=-2.539058  bucket 0->0  (mf=1000)
[MF-SEL] tPrev=(  d=0.019034  dMin=0.000000  dAvg=0.039782  dMax=32.353340  Dlo=0.019891  Dhi=16.196561  err=-1.000000  inc=-2.541365  bucket 0->0  (mf=1000)
[MF-SEL] tPrev=(  d=0.018769  dMin=0.000000  dAvg=0.039769  dMax=32.353340  Dlo=0.019884  Dhi=16.196555  err=-1.000000  inc=-2.543711  bucket 0->0  (mf=1000)
[MF-SEL] tPrev=(  d=0.018275  dMin=0.000000  dAvg=0.039755  dMax=32.353340  Dlo=0.019878  Dhi=16.196548  err=-1.000000  inc=-2.546065  bucket 0->0  (mf=1000)
[MF-SEL] tPrev=(  d=0.017694  dMin=0.000000  dAvg=0.039741  dMax=32.353340  Dlo=0.019871  Dhi=16.196541  err=-1.000000  inc=-2.548266  bucket 0->0  (mf=1000)
[MF-SEL] tPrev=(  d=0.017588  dMin=0.000000  dAvg=0.039727  dMax=32.353340  Dlo=0.019864  Dhi=16.196534  err=-1.000000  inc=-2.550696  bucket 0->0  (mf=1000)
[MF-SEL] tPrev=(  d=0.017036  dMin=0.000000  dAvg=0.039713  dMax=32.353340  Dlo=0.019856  Dhi=16.196526  err=-1.000000  inc=-2.552774  bucket 0->0  (mf=1000)
[MF-SEL] tPrev=(  d=0.016972  dMin=0.000000  dAvg=0.039698  dMax=32.353340  Dlo=0.019849  Dhi=16.196519  err=-1.000000  inc=-2.555126  bucket 0->0  (mf=1000)
[MF-SEL] tPrev=(  d=0.021746  dMin=0.000000  dAvg=0.039687  dMax=32.353340  Dlo=0.019844  Dhi=16.196514  err=0.000000  inc=-1.590248  bucket 0->0  (mf=1000)
[MF-SEL] tPrev=(  d=0.017472  dMin=0.000000  dAvg=0.039673  dMax=32.353340  Dlo=0.019836  Dhi=16.196507  err=-1.000000  inc=-2.879205  bucket 0->0  (mf=1000)
[MF-SEL] tPrev=(  d=0.018082  dMin=0.000000  dAvg=0.039659  dMax=32.353340  Dlo=0.019830  Dhi=16.196500  err=-1.000000  inc=-2.559894  bucket 0->0  (mf=1000)
[MF-SEL] tPrev=(  d=0.018284  dMin=0.000000  dAvg=0.039646  dMax=32.353340  Dlo=0.019823  Dhi=16.196493  err=-1.000000  inc=-2.562333  bucket 0->0  (mf=1000)
[MF-SEL] tPrev=(  d=0.018366  dMin=0.000000  dAvg=0.039632  dMax=32.353340  Dlo=0.019816  Dhi=16.196486  err=-1.000000  inc=-2.564596  bucket 0->0  (mf=1000)
[MF-SEL] tPrev=(  d=0.018020  dMin=0.000000  dAvg=0.039619  dMax=32.353340  Dlo=0.019809  Dhi=16.196479  err=-1.000000  inc=-2.566925  bucket 0->0  (mf=1000)
[MF-SEL] tPrev=(  d=0.017558  dMin=0.000000  dAvg=0.039605  dMax=32.353340  Dlo=0.019802  Dhi=16.196472  err=-1.000000  inc=-2.569274  bucket 0->0  (mf=1000)
[MF-SEL] tPrev=(  d=0.017597  dMin=0.000000  dAvg=0.039591  dMax=32.353340  Dlo=0.019795  Dhi=16.196466  err=-1.000000  inc=-2.571424  bucket 0->0  (mf=1000)
[MF-SEL] tPrev=(  d=0.017759  dMin=0.000000  dAvg=0.039577  dMax=32.353340  Dlo=0.019789  Dhi=16.196459  err=-1.000000  inc=-2.573683  bucket 0->0  (mf=1000)
[MF-SEL] tPrev=(  d=0.018043  dMin=0.000000  dAvg=0.039564  dMax=32.353340  Dlo=0.019782  Dhi=16.196452  err=-1.000000  inc=-2.575995  bucket 0->0  (mf=1000)
[MF-SEL] tPrev=(  d=0.017065  dMin=0.000000  dAvg=0.039549  dMax=32.353340  Dlo=0.019775  Dhi=16.196445  err=-1.000000  inc=-2.578507  bucket 0->0  (mf=1000)
[MF-SEL] tPrev=(  d=0.017259  dMin=0.000000  dAvg=0.039535  dMax=32.353340  Dlo=0.019768  Dhi=16.196438  err=-1.000000  inc=-2.580807  bucket 0->0  (mf=1000)
[MF-SEL] tPrev=(  d=0.017578  dMin=0.000000  dAvg=0.039522  dMax=32.353340  Dlo=0.019761  Dhi=16.196431  err=-1.000000  inc=-2.583091  bucket 0->0  (mf=1000)
[MF-SEL] tPrev=(  d=0.016970  dMin=0.000000  dAvg=0.039507  dMax=32.353340  Dlo=0.019754  Dhi=16.196424  err=-1.000000  inc=-2.585346  bucket 0->0  (mf=1000)
[MF-SEL] tPrev=(  d=0.016059  dMin=0.000000  dAvg=0.039493  dMax=32.353340  Dlo=0.019746  Dhi=16.196416  err=-1.000000  inc=-2.587716  bucket 0->0  (mf=1000)
[MF-SEL] tPrev=(  d=0.018493  dMin=0.000000  dAvg=0.039480  dMax=32.353340  Dlo=0.019740  Dhi=16.196410  err=-1.000000  inc=-2.589839  bucket 0->0  (mf=1000)
[MF-SEL] tPrev=(  d=0.014672  dMin=0.000000  dAvg=0.039464  dMax=32.353340  Dlo=0.019732  Dhi=16.196402  err=-1.000000  inc=-2.592292  bucket 0->0  (mf=1000)
[MF-SEL] tPrev=(  d=0.015653  dMin=0.000000  dAvg=0.039449  dMax=32.353340  Dlo=0.019725  Dhi=16.196395  err=-1.000000  inc=-2.594737  bucket 0->0  (mf=1000)
[MF-SEL] tPrev=(  d=0.016878  dMin=0.000000  dAvg=0.039435  dMax=32.353340  Dlo=0.019717  Dhi=16.196388  err=-1.000000  inc=-2.597132  bucket 0->0  (mf=1000)
[MF-SEL] tPrev=(  d=0.017144  dMin=0.000000  dAvg=0.039421  dMax=32.353340  Dlo=0.019711  Dhi=16.196381  err=-1.000000  inc=-2.599352  bucket 0->0  (mf=1000)
[MF-SEL] tPrev=(  d=0.018831  dMin=0.000000  dAvg=0.039408  dMax=32.353340  Dlo=0.019704  Dhi=16.196374  err=-1.000000  inc=-2.601887  bucket 0->0  (mf=1000)
[MF-SEL] tPrev=(  d=0.020071  dMin=0.000000  dAvg=0.039396  dMax=32.353340  Dlo=0.019698  Dhi=16.196368  err=0.000000  inc=-1.656220  bucket 0->0  (mf=1000)
[MF-SEL] tPrev=(  d=0.021752  dMin=0.000000  dAvg=0.039385  dMax=32.353340  Dlo=0.019693  Dhi=16.196363  err=0.000000  inc=-2.001887  bucket 0->0  (mf=1000)
[MF-SEL] tPrev=(  d=0.023289  dMin=0.000000  dAvg=0.039375  dMax=32.353340  Dlo=0.019688  Dhi=16.196358  err=0.000000  inc=-2.001887  bucket 0->0  (mf=1000)
[MF-SEL] tPrev=(  d=0.025470  dMin=0.000000  dAvg=0.039366  dMax=32.353340  Dlo=0.019683  Dhi=16.196353  err=0.000000  inc=-2.001887  bucket 0->0  (mf=1000)
[MF-SEL] tPrev=(  d=0.041017  dMin=0.000000  dAvg=0.039367  dMax=32.353340  Dlo=0.019684  Dhi=16.196354  err=0.000000  inc=-2.001887  bucket 0->0  (mf=1000)
[MF-SEL] tPrev=(  d=0.028177  dMin=0.000000  dAvg=0.039360  dMax=32.353340  Dlo=0.019680  Dhi=16.196350  err=0.000000  inc=-2.001887  bucket 0->0  (mf=1000)
[MF-SEL] tPrev=(  d=0.029691  dMin=0.000000  dAvg=0.039354  dMax=32.353340  Dlo=0.019677  Dhi=16.196347  err=0.000000  inc=-2.001887  bucket 0->0  (mf=1000)
[MF-SEL] tPrev=(  d=0.030487  dMin=0.000000  dAvg=0.039349  dMax=32.353340  Dlo=0.019674  Dhi=16.196345  err=0.000000  inc=-2.001887  bucket 0->0  (mf=1000)
[MF-SEL] tPrev=(  d=0.030740  dMin=0.000000  dAvg=0.039343  dMax=32.353340  Dlo=0.019672  Dhi=16.196342  err=0.000000  inc=-2.001887  bucket 0->0  (mf=1000)
[MF-SEL] tPrev=(  d=0.030855  dMin=0.000000  dAvg=0.039338  dMax=32.353340  Dlo=0.019669  Dhi=16.196339  err=0.000000  inc=-2.001887  bucket 0->0  (mf=1000)
[MF-SEL] tPrev=(  d=0.030690  dMin=0.000000  dAvg=0.039333  dMax=32.353340  Dlo=0.019666  Dhi=16.196336  err=0.000000  inc=-2.001887  bucket 0->0  (mf=1000)
[MF-SEL] tPrev=(  d=0.041883  dMin=0.000000  dAvg=0.039334  dMax=32.353340  Dlo=0.019667  Dhi=16.196337  err=0.000000  inc=-2.001887  bucket 0->0  (mf=1000)
[MF-SEL] tPrev=(  d=0.030651  dMin=0.000000  dAvg=0.039329  dMax=32.353340  Dlo=0.019665  Dhi=16.196335  err=0.000000  inc=-2.001887  bucket 0->0  (mf=1000)
[MF-SEL] tPrev=(  d=0.030497  dMin=0.000000  dAvg=0.039324  dMax=32.353340  Dlo=0.019662  Dhi=16.196332  err=0.000000  inc=-2.001887  bucket 0->0  (mf=1000)
[MF-SEL] tPrev=(  d=0.030609  dMin=0.000000  dAvg=0.039318  dMax=32.353340  Dlo=0.019659  Dhi=16.196329  err=0.000000  inc=-2.001887  bucket 0->0  (mf=1000)
[MF-SEL] tPrev=(  d=0.031021  dMin=0.000000  dAvg=0.039313  dMax=32.353340  Dlo=0.019657  Dhi=16.196327  err=0.000000  inc=-2.001887  bucket 0->0  (mf=1000)
[MF-SEL] tPrev=(  d=0.031266  dMin=0.000000  dAvg=0.039308  dMax=32.353340  Dlo=0.019654  Dhi=16.196324  err=0.000000  inc=-2.001887  bucket 0->0  (mf=1000)
[MF-SEL] tPrev=(  d=0.031256  dMin=0.000000  dAvg=0.039303  dMax=32.353340  Dlo=0.019652  Dhi=16.196322  err=0.000000  inc=-2.001887  bucket 0->0  (mf=1000)
[MF-SEL] tPrev=(  d=0.031379  dMin=0.000000  dAvg=0.039298  dMax=32.353340  Dlo=0.019649  Dhi=16.196319  err=0.000000  inc=-2.001887  bucket 0->0  (mf=1000)
[MF-SEL] tPrev=(  d=0.044933  dMin=0.000000  dAvg=0.039302  dMax=32.353340  Dlo=0.019651  Dhi=16.196321  err=0.000000  inc=-2.001887  bucket 0->0  (mf=1000)
[MF-SEL] tPrev=(  d=0.031478  dMin=0.000000  dAvg=0.039297  dMax=32.353340  Dlo=0.019648  Dhi=16.196318  err=0.000000  inc=-2.001887  bucket 0->0  (mf=1000)
[MF-SEL] tPrev=(  d=0.031961  dMin=0.000000  dAvg=0.039292  dMax=32.353340  Dlo=0.019646  Dhi=16.196316  err=0.000000  inc=-2.001887  bucket 0->0  (mf=1000)
[MF-SEL] tPrev=(  d=0.032959  dMin=0.000000  dAvg=0.039288  dMax=32.353340  Dlo=0.019644  Dhi=16.196314  err=0.000000  inc=-2.001887  bucket 0->0  (mf=1000)
[MF-SEL] tPrev=(  d=0.034001  dMin=0.000000  dAvg=0.039285  dMax=32.353340  Dlo=0.019643  Dhi=16.196313  err=0.000000  inc=-2.001887  bucket 0->0  (mf=1000)
[MF-SEL] tPrev=(  d=0.034453  dMin=0.000000  dAvg=0.039282  dMax=32.353340  Dlo=0.019641  Dhi=16.196311  err=0.000000  inc=-2.001887  bucket 0->0  (mf=1000)
[MF-SEL] tPrev=(  d=0.051991  dMin=0.000000  dAvg=0.039290  dMax=32.353340  Dlo=0.019645  Dhi=16.196315  err=0.000000  inc=-2.001887  bucket 0->0  (mf=1000)
[MF-SEL] tPrev=(  d=0.035776  dMin=0.000000  dAvg=0.039288  dMax=32.353340  Dlo=0.019644  Dhi=16.196314  err=0.000000  inc=-2.001887  bucket 0->0  (mf=1000)
[MF-SEL] tPrev=(  d=0.036859  dMin=0.000000  dAvg=0.039286  dMax=32.353340  Dlo=0.019643  Dhi=16.196313  err=0.000000  inc=-2.001887  bucket 0->0  (mf=1000)
[MF-SEL] tPrev=(  d=0.037907  dMin=0.000000  dAvg=0.039285  dMax=32.353340  Dlo=0.019643  Dhi=16.196313  err=0.000000  inc=-2.001887  bucket 0->0  (mf=1000)
[MF-SEL] tPrev=(  d=0.039033  dMin=0.000000  dAvg=0.039285  dMax=32.353340  Dlo=0.019643  Dhi=16.196313  err=0.000000  inc=-2.001887  bucket 0->0  (mf=1000)
[MF-SEL] tPrev=(  d=0.039918  dMin=0.000000  dAvg=0.039286  dMax=32.353340  Dlo=0.019643  Dhi=16.196313  err=0.000000  inc=-2.001887  bucket 0->0  (mf=1000)
[MF-SEL] tPrev=(  d=0.051888  dMin=0.000000  dAvg=0.039293  dMax=32.353340  Dlo=0.019647  Dhi=16.196317  err=0.000000  inc=-2.001887  bucket 0->0  (mf=1000)
[MF-SEL] tPrev=(  d=0.041751  dMin=0.000000  dAvg=0.039295  dMax=32.353340  Dlo=0.019647  Dhi=16.196318  err=0.000000  inc=-2.001887  bucket 0->0  (mf=1000)
[MF-SEL] tPrev=(  d=0.042457  dMin=0.000000  dAvg=0.039297  dMax=32.353340  Dlo=0.019648  Dhi=16.196319  err=0.000000  inc=-2.001887  bucket 0->0  (mf=1000)
[MF-SEL] tPrev=(  d=0.043091  dMin=0.000000  dAvg=0.039299  dMax=32.353340  Dlo=0.019650  Dhi=16.196320  err=0.000000  inc=-2.001887  bucket 0->0  (mf=1000)
[MF-SEL] tPrev=(  d=0.043878  dMin=0.000000  dAvg=0.039302  dMax=32.353340  Dlo=0.019651  Dhi=16.196321  err=0.000000  inc=-2.001887  bucket 0->0  (mf=1000)
[MF-SEL] tPrev=(  d=0.039802  dMin=0.000000  dAvg=0.039302  dMax=32.353340  Dlo=0.019651  Dhi=16.196321  err=0.000000  inc=-2.001887  bucket 0->0  (mf=1000)
[MF-SEL] tPrev=(  d=0.045301  dMin=0.000000  dAvg=0.039306  dMax=32.353340  Dlo=0.019653  Dhi=16.196323  err=0.000000  inc=-2.001887  bucket 0->0  (mf=1000)
[MF-SEL] tPrev=(  d=0.045712  dMin=0.000000  dAvg=0.039310  dMax=32.353340  Dlo=0.019655  Dhi=16.196325  err=0.000000  inc=-2.001887  bucket 0->0  (mf=1000)
[MF-SEL] tPrev=(  d=0.045784  dMin=0.000000  dAvg=0.039314  dMax=32.353340  Dlo=0.019657  Dhi=16.196327  err=0.000000  inc=-2.001887  bucket 0->0  (mf=1000)
[MF-SEL] tPrev=(  d=0.046601  dMin=0.000000  dAvg=0.039318  dMax=32.353340  Dlo=0.019659  Dhi=16.196329  err=0.000000  inc=-2.001887  bucket 0->0  (mf=1000)
[MF-SEL] tPrev=(  d=0.042140  dMin=0.000000  dAvg=0.039320  dMax=32.353340  Dlo=0.019660  Dhi=16.196330  err=0.000000  inc=-2.001887  bucket 0->0  (mf=1000)
[MF-SEL] tPrev=(  d=0.046316  dMin=0.000000  dAvg=0.039324  dMax=32.353340  Dlo=0.019662  Dhi=16.196332  err=0.000000  inc=-2.001887  bucket 0->0  (mf=1000)
[MF-SEL] tPrev=(  d=0.046281  dMin=0.000000  dAvg=0.039328  dMax=32.353340  Dlo=0.019664  Dhi=16.196334  err=0.000000  inc=-2.001887  bucket 0->0  (mf=1000)
[MF-SEL] tPrev=(  d=0.046238  dMin=0.000000  dAvg=0.039333  dMax=32.353340  Dlo=0.019666  Dhi=16.196336  err=0.000000  inc=-2.001887  bucket 0->0  (mf=1000)
[MF-SEL] tPrev=(  d=0.053851  dMin=0.000000  dAvg=0.039342  dMax=32.353340  Dlo=0.019671  Dhi=16.196341  err=0.000000  inc=-2.001887  bucket 0->0  (mf=1000)
[MF-SEL] tPrev=(  d=0.046140  dMin=0.000000  dAvg=0.039346  dMax=32.353340  Dlo=0.019673  Dhi=16.196343  err=0.000000  inc=-2.001887  bucket 0->0  (mf=1000)
[MF-SEL] tPrev=(  d=0.045344  dMin=0.000000  dAvg=0.039349  dMax=32.353340  Dlo=0.019675  Dhi=16.196345  err=0.000000  inc=-2.001887  bucket 0->0  (mf=1000)
[MF-SEL] tPrev=(  d=0.044506  dMin=0.000000  dAvg=0.039352  dMax=32.353340  Dlo=0.019676  Dhi=16.196346  err=0.000000  inc=-2.001887  bucket 0->0  (mf=1000)
[MF-SEL] tPrev=(  d=0.043937  dMin=0.000000  dAvg=0.039355  dMax=32.353340  Dlo=0.019678  Dhi=16.196348  err=0.000000  inc=-2.001887  bucket 0->0  (mf=1000)
[MF-SEL] tPrev=(  d=0.043735  dMin=0.000000  dAvg=0.039358  dMax=32.353340  Dlo=0.019679  Dhi=16.196349  err=0.000000  inc=-2.001887  bucket 0->0  (mf=1000)
[MF-SEL] tPrev=(  d=0.037603  dMin=0.000000  dAvg=0.039357  dMax=32.353340  Dlo=0.019678  Dhi=16.196348  err=0.000000  inc=-2.001887  bucket 0->0  (mf=1000)
[MF-SEL] tPrev=(  d=0.042944  dMin=0.000000  dAvg=0.039359  dMax=32.353340  Dlo=0.019679  Dhi=16.196350  err=0.000000  inc=-2.001887  bucket 0->0  (mf=1000)
[MF-SEL] tPrev=(  d=0.042537  dMin=0.000000  dAvg=0.039361  dMax=32.353340  Dlo=0.019680  Dhi=16.196351  err=0.000000  inc=-2.001887  bucket 0->0  (mf=1000)
[MF-SEL] tPrev=(  d=0.042191  dMin=0.000000  dAvg=0.039363  dMax=32.353340  Dlo=0.019681  Dhi=16.196351  err=0.000000  inc=-2.001887  bucket 0->0  (mf=1000)
[MF-SEL] tPrev=(  d=0.041583  dMin=0.000000  dAvg=0.039364  dMax=32.353340  Dlo=0.019682  Dhi=16.196352  err=0.000000  inc=-2.001887  bucket 0->0  (mf=1000)
[MF-SEL] tPrev=(  d=0.040891  dMin=0.000000  dAvg=0.039365  dMax=32.353340  Dlo=0.019682  Dhi=16.196353  err=0.000000  inc=-2.001887  bucket 0->0  (mf=1000)
[MF-SEL] tPrev=(  d=0.040332  dMin=0.000000  dAvg=0.039365  dMax=32.353340  Dlo=0.019683  Dhi=16.196353  err=0.000000  inc=-2.001887  bucket 0->0  (mf=1000)
[MF-SEL] tPrev=(  d=0.040063  dMin=0.000000  dAvg=0.039366  dMax=32.353340  Dlo=0.019683  Dhi=16.196353  err=0.000000  inc=-2.001887  bucket 0->0  (mf=1000)
[MF-SEL] tPrev=(  d=0.039733  dMin=0.000000  dAvg=0.039366  dMax=32.353340  Dlo=0.019683  Dhi=16.196353  err=0.000000  inc=-2.001887  bucket 0->0  (mf=1000)
[MF-SEL] tPrev=(  d=0.039442  dMin=0.000000  dAvg=0.039366  dMax=32.353340  Dlo=0.019683  Dhi=16.196353  err=0.000000  inc=-2.001887  bucket 0->0  (mf=1000)
[MF-SEL] tPrev=(  d=0.039456  dMin=0.000000  dAvg=0.039366  dMax=32.353340  Dlo=0.019683  Dhi=16.196353  err=0.000000  inc=-2.001887  bucket 0->0  (mf=1000)
[MF-SEL] tPrev=(  d=0.039094  dMin=0.000000  dAvg=0.039366  dMax=32.353340  Dlo=0.019683  Dhi=16.196353  err=0.000000  inc=-2.001887  bucket 0->0  (mf=1000)
[MF-SEL] tPrev=(  d=0.038746  dMin=0.000000  dAvg=0.039366  dMax=32.353340  Dlo=0.019683  Dhi=16.196353  err=0.000000  inc=-2.001887  bucket 0->0  (mf=1000)
[MF-SEL] tPrev=(  d=0.038197  dMin=0.000000  dAvg=0.039365  dMax=32.353340  Dlo=0.019682  Dhi=16.196353  err=0.000000  inc=-2.001887  bucket 0->0  (mf=1000)
[MF-SEL] tPrev=(  d=0.038273  dMin=0.000000  dAvg=0.039364  dMax=32.353340  Dlo=0.019682  Dhi=16.196352  err=0.000000  inc=-2.001887  bucket 0->0  (mf=1000)
[MF-SEL] tPrev=(  d=0.038146  dMin=0.000000  dAvg=0.039364  dMax=32.353340  Dlo=0.019682  Dhi=16.196352  err=0.000000  inc=-2.001887  bucket 0->0  (mf=1000)
[MF-SEL] tPrev=(  d=0.037636  dMin=0.000000  dAvg=0.039363  dMax=32.353340  Dlo=0.019681  Dhi=16.196351  err=0.000000  inc=-2.001887  bucket 0->0  (mf=1000)
[MF-SEL] tPrev=(  d=0.037865  dMin=0.000000  dAvg=0.039362  dMax=32.353340  Dlo=0.019681  Dhi=16.196351  err=0.000000  inc=-2.001887  bucket 0->0  (mf=1000)
[MF-SEL] tPrev=(  d=0.037784  dMin=0.000000  dAvg=0.039361  dMax=32.353340  Dlo=0.019680  Dhi=16.196350  err=0.000000  inc=-2.001887  bucket 0->0  (mf=1000)
[MF-SEL] tPrev=(  d=0.043255  dMin=0.000000  dAvg=0.039363  dMax=32.353340  Dlo=0.019682  Dhi=16.196352  err=0.000000  inc=-2.001887  bucket 0->0  (mf=1000)
[MF-SEL] tPrev=(  d=0.038845  dMin=0.000000  dAvg=0.039363  dMax=32.353340  Dlo=0.019681  Dhi=16.196351  err=0.000000  inc=-2.001887  bucket 0->0  (mf=1000)
[MF-SEL] tPrev=(  d=0.038805  dMin=0.000000  dAvg=0.039362  dMax=32.353340  Dlo=0.019681  Dhi=16.196351  err=0.000000  inc=-2.001887  bucket 0->0  (mf=1000)
[MF-SEL] tPrev=(  d=0.038536  dMin=0.000000  dAvg=0.039362  dMax=32.353340  Dlo=0.019681  Dhi=16.196351  err=0.000000  inc=-2.001887  bucket 0->0  (mf=1000)
[MF-SEL] tPrev=(  d=0.038213  dMin=0.000000  dAvg=0.039361  dMax=32.353340  Dlo=0.019681  Dhi=16.196351  err=0.000000  inc=-2.001887  bucket 0->0  (mf=1000)
[MF-SEL] tPrev=(  d=0.038269  dMin=0.000000  dAvg=0.039361  dMax=32.353340  Dlo=0.019680  Dhi=16.196350  err=0.000000  inc=-2.001887  bucket 0->0  (mf=1000)
[MF-SEL] tPrev=(  d=0.038146  dMin=0.000000  dAvg=0.039360  dMax=32.353340  Dlo=0.019680  Dhi=16.196350  err=0.000000  inc=-2.001887  bucket 0->0  (mf=1000)
[MF-SEL] tPrev=(  d=0.038897  dMin=0.000000  dAvg=0.039360  dMax=32.353340  Dlo=0.019680  Dhi=16.196350  err=0.000000  inc=-2.001887  bucket 0->0  (mf=1000)
[MF-SEL] tPrev=(  d=0.038909  dMin=0.000000  dAvg=0.039359  dMax=32.353340  Dlo=0.019680  Dhi=16.196350  err=0.000000  inc=-2.001887  bucket 0->0  (mf=1000)
[MF-SEL] tPrev=(  d=0.040000  dMin=0.000000  dAvg=0.039360  dMax=32.353340  Dlo=0.019680  Dhi=16.196350  err=0.000000  inc=-2.001887  bucket 0->0  (mf=1000)
[MF-SEL] tPrev=(  d=0.034361  dMin=0.000000  dAvg=0.039357  dMax=32.353340  Dlo=0.019678  Dhi=16.196348  err=0.000000  inc=-2.001887  bucket 0->0  (mf=1000)
[MF-SEL] tPrev=(  d=0.041981  dMin=0.000000  dAvg=0.039358  dMax=32.353340  Dlo=0.019679  Dhi=16.196349  err=0.000000  inc=-2.001887  bucket 0->0  (mf=1000)
[MF-SEL] tPrev=(  d=0.042551  dMin=0.000000  dAvg=0.039360  dMax=32.353340  Dlo=0.019680  Dhi=16.196350  err=0.000000  inc=-2.001887  bucket 0->0  (mf=1000)
[MF-SEL] tPrev=(  d=0.042682  dMin=0.000000  dAvg=0.039362  dMax=32.353340  Dlo=0.019681  Dhi=16.196351  err=0.000000  inc=-2.001887  bucket 0->0  (mf=1000)
[MF-SEL] tPrev=(  d=0.042294  dMin=0.000000  dAvg=0.039364  dMax=32.353340  Dlo=0.019682  Dhi=16.196352  err=0.000000  inc=-2.001887  bucket 0->0  (mf=1000)
[MF-SEL] tPrev=(  d=0.041684  dMin=0.000000  dAvg=0.039365  dMax=32.353340  Dlo=0.019683  Dhi=16.196353  err=0.000000  inc=-2.001887  bucket 0->0  (mf=1000)
[MF-SEL] tPrev=(  d=0.041459  dMin=0.000000  dAvg=0.039366  dMax=32.353340  Dlo=0.019683  Dhi=16.196353  err=0.000000  inc=-2.001887  bucket 0->0  (mf=1000)
[MF-SEL] tPrev=(  d=0.036767  dMin=0.000000  dAvg=0.039365  dMax=32.353340  Dlo=0.019682  Dhi=16.196353  err=0.000000  inc=-2.001887  bucket 0->0  (mf=1000)
[MF-SEL] tPrev=(  d=0.041468  dMin=0.000000  dAvg=0.039366  dMax=32.353340  Dlo=0.019683  Dhi=16.196353  err=0.000000  inc=-2.001887  bucket 0->0  (mf=1000)
[MF-SEL] tPrev=(  d=0.041563  dMin=0.000000  dAvg=0.039367  dMax=32.353340  Dlo=0.019684  Dhi=16.196354  err=0.000000  inc=-2.001887  bucket 0->0  (mf=1000)
[MF-SEL] tPrev=(  d=0.041481  dMin=0.000000  dAvg=0.039369  dMax=32.353340  Dlo=0.019684  Dhi=16.196354  err=0.000000  inc=-2.001887  bucket 0->0  (mf=1000)
[MF-SEL] tPrev=(  d=0.040843  dMin=0.000000  dAvg=0.039370  dMax=32.353340  Dlo=0.019685  Dhi=16.196355  err=0.000000  inc=-2.001887  bucket 0->0  (mf=1000)
[MF-SEL] tPrev=(  d=0.040780  dMin=0.000000  dAvg=0.039370  dMax=32.353340  Dlo=0.019685  Dhi=16.196355  err=0.000000  inc=-2.001887  bucket 0->0  (mf=1000)
[MF-SEL] tPrev=(  d=0.038808  dMin=0.000000  dAvg=0.039370  dMax=32.353340  Dlo=0.019685  Dhi=16.196355  err=0.000000  inc=-2.001887  bucket 0->0  (mf=1000)
[MF-SEL] tPrev=(  d=0.040385  dMin=0.000000  dAvg=0.039371  dMax=32.353340  Dlo=0.019685  Dhi=16.196355  err=0.000000  inc=-2.001887  bucket 0->0  (mf=1000)
[MF-SEL] tPrev=(  d=0.040354  dMin=0.000000  dAvg=0.039371  dMax=32.353340  Dlo=0.019686  Dhi=16.196356  err=0.000000  inc=-2.001887  bucket 0->0  (mf=1000)
[MF-SEL] tPrev=(  d=0.039845  dMin=0.000000  dAvg=0.039372  dMax=32.353340  Dlo=0.019686  Dhi=16.196356  err=0.000000  inc=-2.001887  bucket 0->0  (mf=1000)
[MF-SEL] tPrev=(  d=0.039463  dMin=0.000000  dAvg=0.039372  dMax=32.353340  Dlo=0.019686  Dhi=16.196356  err=0.000000  inc=-2.001887  bucket 0->0  (mf=1000)
[MF-SEL] tPrev=(  d=0.039286  dMin=0.000000  dAvg=0.039372  dMax=32.353340  Dlo=0.019686  Dhi=16.196356  err=0.000000  inc=-2.001887  bucket 0->0  (mf=1000)
[MF-SEL] tPrev=(  d=0.038934  dMin=0.000000  dAvg=0.039371  dMax=32.353340  Dlo=0.019686  Dhi=16.196356  err=0.000000  inc=-2.001887  bucket 0->0  (mf=1000)
[MF-SEL] tPrev=(  d=0.039659  dMin=0.000000  dAvg=0.039371  dMax=32.353340  Dlo=0.019686  Dhi=16.196356  err=0.000000  inc=-2.001887  bucket 0->0  (mf=1000)
[MF-SEL] tPrev=(  d=0.039887  dMin=0.000000  dAvg=0.039372  dMax=32.353340  Dlo=0.019686  Dhi=16.196356  err=0.000000  inc=-2.001887  bucket 0->0  (mf=1000)
[MF-SEL] tPrev=(  d=0.039792  dMin=0.000000  dAvg=0.039372  dMax=32.353340  Dlo=0.019686  Dhi=16.196356  err=0.000000  inc=-2.001887  bucket 0->0  (mf=1000)
[MF-SEL] tPrev=(  d=0.040237  dMin=0.000000  dAvg=0.039373  dMax=32.353340  Dlo=0.019686  Dhi=16.196356  err=0.000000  inc=-2.001887  bucket 0->0  (mf=1000)
[MF-SEL] tPrev=(  d=0.040204  dMin=0.000000  dAvg=0.039373  dMax=32.353340  Dlo=0.019687  Dhi=16.196357  err=0.000000  inc=-2.001887  bucket 0->0  (mf=1000)
[MF-SEL] tPrev=(  d=0.040088  dMin=0.000000  dAvg=0.039373  dMax=32.353340  Dlo=0.019687  Dhi=16.196357  err=0.000000  inc=-2.001887  bucket 0->0  (mf=1000)
[MF-SEL] tPrev=(  d=0.022906  dMin=0.000000  dAvg=0.039364  dMax=32.353340  Dlo=0.019682  Dhi=16.196352  err=0.000000  inc=-2.001887  bucket 0->0  (mf=1000)
[MF-SEL] tPrev=(  d=0.040805  dMin=0.000000  dAvg=0.039365  dMax=32.353340  Dlo=0.019682  Dhi=16.196352  err=0.000000  inc=-2.001887  bucket 0->0  (mf=1000)
[MF-SEL] tPrev=(  d=0.040990  dMin=0.000000  dAvg=0.039366  dMax=32.353340  Dlo=0.019683  Dhi=16.196353  err=0.000000  inc=-2.001887  bucket 0->0  (mf=1000)
[MF-SEL] tPrev=(  d=0.040379  dMin=0.000000  dAvg=0.039366  dMax=32.353340  Dlo=0.019683  Dhi=16.196353  err=0.000000  inc=-2.001887  bucket 0->0  (mf=1000)
[MF-SEL] tPrev=(  d=0.039087  dMin=0.000000  dAvg=0.039366  dMax=32.353340  Dlo=0.019683  Dhi=16.196353  err=0.000000  inc=-2.001887  bucket 0->0  (mf=1000)
[MF-SEL] tPrev=(  d=0.036802  dMin=0.000000  dAvg=0.039365  dMax=32.353340  Dlo=0.019682  Dhi=16.196352  err=0.000000  inc=-2.001887  bucket 0->0  (mf=1000)
[MF-SEL] tPrev=(  d=0.036621  dMin=0.000000  dAvg=0.039363  dMax=32.353340  Dlo=0.019681  Dhi=16.196352  err=0.000000  inc=-2.001887  bucket 0->0  (mf=1000)
[MF-SEL] tPrev=(  d=0.032356  dMin=0.000000  dAvg=0.039359  dMax=32.353340  Dlo=0.019679  Dhi=16.196349  err=0.000000  inc=-2.001887  bucket 0->0  (mf=1000)
[MF-SEL] tPrev=(  d=0.030451  dMin=0.000000  dAvg=0.039354  dMax=32.353340  Dlo=0.019677  Dhi=16.196347  err=0.000000  inc=-2.001887  bucket 0->0  (mf=1000)
[MF-SEL] tPrev=(  d=0.028503  dMin=0.000000  dAvg=0.039347  dMax=32.353340  Dlo=0.019674  Dhi=16.196344  err=0.000000  inc=-2.001887  bucket 0->0  (mf=1000)
[MF-SEL] tPrev=(  d=0.027162  dMin=0.000000  dAvg=0.039340  dMax=32.353340  Dlo=0.019670  Dhi=16.196340  err=0.000000  inc=-2.001887  bucket 0->0  (mf=1000)
[MF-SEL] tPrev=(  d=0.026518  dMin=0.000000  dAvg=0.039333  dMax=32.353340  Dlo=0.019666  Dhi=16.196336  err=0.000000  inc=-2.001887  bucket 0->0  (mf=1000)
[MF-SEL] tPrev=(  d=0.025687  dMin=0.000000  dAvg=0.039325  dMax=32.353340  Dlo=0.019662  Dhi=16.196332  err=0.000000  inc=-2.001887  bucket 0->0  (mf=1000)
[MF-SEL] tPrev=(  d=0.025042  dMin=0.000000  dAvg=0.039316  dMax=32.353340  Dlo=0.019658  Dhi=16.196328  err=0.000000  inc=-2.001887  bucket 0->0  (mf=1000)
[MF-SEL] tPrev=(  d=0.024138  dMin=0.000000  dAvg=0.039308  dMax=32.353340  Dlo=0.019654  Dhi=16.196324  err=0.000000  inc=-2.001887  bucket 0->0  (mf=1000)
[MF-SEL] tPrev=(  d=0.022858  dMin=0.000000  dAvg=0.039298  dMax=32.353340  Dlo=0.019649  Dhi=16.196319  err=0.000000  inc=-2.001887  bucket 0->0  (mf=1000)
[MF-SEL] tPrev=(  d=0.026617  dMin=0.000000  dAvg=0.039291  dMax=32.353340  Dlo=0.019645  Dhi=16.196315  err=0.000000  inc=-2.001887  bucket 0->0  (mf=1000)
[MF-SEL] tPrev=(  d=0.020685  dMin=0.000000  dAvg=0.039280  dMax=32.353340  Dlo=0.019640  Dhi=16.196310  err=0.000000  inc=-2.001887  bucket 0->0  (mf=1000)
[MF-SEL] tPrev=(  d=0.020137  dMin=0.000000  dAvg=0.039269  dMax=32.353340  Dlo=0.019634  Dhi=16.196304  err=0.000000  inc=-2.001887  bucket 0->0  (mf=1000)
[MF-SEL] tPrev=(  d=0.019929  dMin=0.000000  dAvg=0.039258  dMax=32.353340  Dlo=0.019629  Dhi=16.196299  err=0.000000  inc=-2.001887  bucket 0->0  (mf=1000)
[MF-SEL] tPrev=(  d=0.019680  dMin=0.000000  dAvg=0.039246  dMax=32.353340  Dlo=0.019623  Dhi=16.196293  err=0.000000  inc=-2.001887  bucket 0->0  (mf=1000)
[MF-SEL] tPrev=(  d=0.019086  dMin=0.000000  dAvg=0.039235  dMax=32.353340  Dlo=0.019617  Dhi=16.196287  err=-1.000000  inc=-2.915809  bucket 0->0  (mf=1000)
[MF-SEL] tPrev=(  d=0.017543  dMin=0.000000  dAvg=0.039222  dMax=32.353340  Dlo=0.019611  Dhi=16.196281  err=-1.000000  inc=-2.606670  bucket 0->0  (mf=1000)
[MF-SEL] tPrev=(  d=0.015431  dMin=0.000000  dAvg=0.039208  dMax=32.353340  Dlo=0.019604  Dhi=16.196274  err=-1.000000  inc=-2.609095  bucket 0->0  (mf=1000)
[MF-SEL] tPrev=(  d=0.014681  dMin=0.000000  dAvg=0.039194  dMax=32.353340  Dlo=0.019597  Dhi=16.196267  err=-1.000000  inc=-2.611471  bucket 0->0  (mf=1000)
[MF-SEL] tPrev=(  d=0.015370  dMin=0.000000  dAvg=0.039180  dMax=32.353340  Dlo=0.019590  Dhi=16.196260  err=-1.000000  inc=-2.613517  bucket 0->0  (mf=1000)
[MF-SEL] tPrev=(  d=0.007873  dMin=0.000000  dAvg=0.039162  dMax=32.353340  Dlo=0.019581  Dhi=16.196251  err=-1.000000  inc=-2.615827  bucket 0->0  (mf=1000)
[MF-SEL] tPrev=(  d=0.015688  dMin=0.000000  dAvg=0.039149  dMax=32.353340  Dlo=0.019574  Dhi=16.196244  err=-1.000000  inc=-2.618413  bucket 0->0  (mf=1000)
[MF-SEL] tPrev=(  d=0.015332  dMin=0.000000  dAvg=0.039135  dMax=32.353340  Dlo=0.019567  Dhi=16.196238  err=-1.000000  inc=-2.620644  bucket 0->0  (mf=1000)
[MF-SEL] tPrev=(  d=0.015386  dMin=0.000000  dAvg=0.039121  dMax=32.353340  Dlo=0.019561  Dhi=16.196231  err=-1.000000  inc=-2.622966  bucket 0->0  (mf=1000)
[MF-SEL] tPrev=(  d=0.015719  dMin=0.000000  dAvg=0.039108  dMax=32.353340  Dlo=0.019554  Dhi=16.196224  err=-1.000000  inc=-2.625330  bucket 0->0  (mf=1000)
[MF-SEL] tPrev=(  d=0.016155  dMin=0.000000  dAvg=0.039095  dMax=32.353340  Dlo=0.019547  Dhi=16.196217  err=-1.000000  inc=-2.627625  bucket 0->0  (mf=1000)
[MF-SEL] tPrev=(  d=0.016560  dMin=0.000000  dAvg=0.039082  dMax=32.353340  Dlo=0.019541  Dhi=16.196211  err=-1.000000  inc=-2.629810  bucket 0->0  (mf=1000)
[MF-SEL] tPrev=(  d=0.017152  dMin=0.000000  dAvg=0.039069  dMax=32.353340  Dlo=0.019535  Dhi=16.196205  err=-1.000000  inc=-2.632416  bucket 0->0  (mf=1000)
[MF-SEL] tPrev=(  d=0.017549  dMin=0.000000  dAvg=0.039057  dMax=32.353340  Dlo=0.019528  Dhi=16.196198  err=-1.000000  inc=-2.634443  bucket 0->0  (mf=1000)
[MF-SEL] tPrev=(  d=0.017934  dMin=0.000000  dAvg=0.039045  dMax=32.353340  Dlo=0.019522  Dhi=16.196192  err=-1.000000  inc=-2.636763  bucket 0->0  (mf=1000)
[MF-SEL] tPrev=(  d=0.020716  dMin=0.000000  dAvg=0.039034  dMax=32.353340  Dlo=0.019517  Dhi=16.196187  err=0.000000  inc=-1.670218  bucket 0->0  (mf=1000)
[MF-SEL] tPrev=(  d=0.016831  dMin=0.000000  dAvg=0.039021  dMax=32.353340  Dlo=0.019511  Dhi=16.196181  err=-1.000000  inc=-2.956375  bucket 0->0  (mf=1000)
[MF-SEL] tPrev=(  d=0.016176  dMin=0.000000  dAvg=0.039008  dMax=32.353340  Dlo=0.019504  Dhi=16.196174  err=-1.000000  inc=-2.641574  bucket 0->0  (mf=1000)
[MF-SEL] tPrev=(  d=0.014849  dMin=0.000000  dAvg=0.038994  dMax=32.353340  Dlo=0.019497  Dhi=16.196167  err=-1.000000  inc=-2.643953  bucket 0->0  (mf=1000)
[MF-SEL] tPrev=(  d=0.013400  dMin=0.000000  dAvg=0.038980  dMax=32.353340  Dlo=0.019490  Dhi=16.196160  err=-1.000000  inc=-2.646421  bucket 0->0  (mf=1000)
[MF-SEL] tPrev=(  d=0.012254  dMin=0.000000  dAvg=0.038964  dMax=32.353340  Dlo=0.019482  Dhi=16.196152  err=-1.000000  inc=-2.648697  bucket 0->0  (mf=1000)
[MF-SEL] tPrev=(  d=0.011954  dMin=0.000000  dAvg=0.038949  dMax=32.353340  Dlo=0.019474  Dhi=16.196145  err=-1.000000  inc=-2.651011  bucket 0->0  (mf=1000)
[MF-SEL] tPrev=(  d=0.012319  dMin=0.000000  dAvg=0.038934  dMax=32.353340  Dlo=0.019467  Dhi=16.196137  err=-1.000000  inc=-2.653347  bucket 0->0  (mf=1000)
[MF-SEL] tPrev=(  d=0.014216  dMin=0.000000  dAvg=0.038920  dMax=32.353340  Dlo=0.019460  Dhi=16.196130  err=-1.000000  inc=-2.655572  bucket 0->0  (mf=1000)
[MF-SEL] tPrev=(  d=0.015590  dMin=0.000000  dAvg=0.038906  dMax=32.353340  Dlo=0.019453  Dhi=16.196123  err=-1.000000  inc=-2.657779  bucket 0->0  (mf=1000)
[MF-SEL] tPrev=(  d=0.012115  dMin=0.000000  dAvg=0.038891  dMax=32.353340  Dlo=0.019445  Dhi=16.196116  err=-1.000000  inc=-2.660050  bucket 0->0  (mf=1000)
[MF-SEL] tPrev=(  d=0.017544  dMin=0.000000  dAvg=0.038879  dMax=32.353340  Dlo=0.019439  Dhi=16.196109  err=-1.000000  inc=-2.662556  bucket 0->0  (mf=1000)
[MF-SEL] tPrev=(  d=0.019022  dMin=0.000000  dAvg=0.038867  dMax=32.353340  Dlo=0.019434  Dhi=16.196104  err=-1.000000  inc=-2.664710  bucket 0->0  (mf=1000)
[MF-SEL] tPrev=(  d=0.020810  dMin=0.000000  dAvg=0.038857  dMax=32.353340  Dlo=0.019429  Dhi=16.196099  err=0.000000  inc=-1.729096  bucket 0->0  (mf=1000)
[MF-SEL] tPrev=(  d=0.022282  dMin=0.000000  dAvg=0.038848  dMax=32.353340  Dlo=0.019424  Dhi=16.196094  err=0.000000  inc=-2.064710  bucket 0->0  (mf=1000)
[MF-SEL] tPrev=(  d=0.024372  dMin=0.000000  dAvg=0.038839  dMax=32.353340  Dlo=0.019420  Dhi=16.196090  err=0.000000  inc=-2.064710  bucket 0->0  (mf=1000)
[MF-SEL] tPrev=(  d=0.025576  dMin=0.000000  dAvg=0.038832  dMax=32.353340  Dlo=0.019416  Dhi=16.196086  err=0.000000  inc=-2.064710  bucket 0->0  (mf=1000)
[MF-SEL] tPrev=(  d=0.025830  dMin=0.000000  dAvg=0.038825  dMax=32.353340  Dlo=0.019412  Dhi=16.196082  err=0.000000  inc=-2.064710  bucket 0->0  (mf=1000)
[MF-SEL] tPrev=(  d=0.025626  dMin=0.000000  dAvg=0.038817  dMax=32.353340  Dlo=0.019409  Dhi=16.196079  err=0.000000  inc=-2.064710  bucket 0->0  (mf=1000)
[MF-SEL] tPrev=(  d=0.025457  dMin=0.000000  dAvg=0.038809  dMax=32.353340  Dlo=0.019405  Dhi=16.196075  err=0.000000  inc=-2.064710  bucket 0->0  (mf=1000)
[MF-SEL] tPrev=(  d=0.026816  dMin=0.000000  dAvg=0.038803  dMax=32.353340  Dlo=0.019401  Dhi=16.196071  err=0.000000  inc=-2.064710  bucket 0->0  (mf=1000)
[MF-SEL] tPrev=(  d=0.022009  dMin=0.000000  dAvg=0.038793  dMax=32.353340  Dlo=0.019397  Dhi=16.196067  err=0.000000  inc=-2.064710  bucket 0->0  (mf=1000)
[MF-SEL] tPrev=(  d=0.020263  dMin=0.000000  dAvg=0.038783  dMax=32.353340  Dlo=0.019391  Dhi=16.196061  err=0.000000  inc=-2.064710  bucket 0->0  (mf=1000)
[MF-SEL] tPrev=(  d=0.019423  dMin=0.000000  dAvg=0.038772  dMax=32.353340  Dlo=0.019386  Dhi=16.196056  err=0.000000  inc=-2.064710  bucket 0->0  (mf=1000)
[MF-SEL] tPrev=(  d=0.019041  dMin=0.000000  dAvg=0.038760  dMax=32.353340  Dlo=0.019380  Dhi=16.196050  err=-1.000000  inc=-3.040360  bucket 0->0  (mf=1000)
[MF-SEL] tPrev=(  d=0.019013  dMin=0.000000  dAvg=0.038749  dMax=32.353340  Dlo=0.019375  Dhi=16.196045  err=-1.000000  inc=-2.669138  bucket 0->0  (mf=1000)
[MF-SEL] tPrev=(  d=0.019772  dMin=0.000000  dAvg=0.038739  dMax=32.353340  Dlo=0.019369  Dhi=16.196039  err=0.000000  inc=-1.689021  bucket 0->0  (mf=1000)
[MF-SEL] tPrev=(  d=0.023453  dMin=0.000000  dAvg=0.038730  dMax=32.353340  Dlo=0.019365  Dhi=16.196035  err=0.000000  inc=-2.069138  bucket 0->0  (mf=1000)
[MF-SEL] tPrev=(  d=0.021554  dMin=0.000000  dAvg=0.038720  dMax=32.353340  Dlo=0.019360  Dhi=16.196030  err=0.000000  inc=-2.069138  bucket 0->0  (mf=1000)
[MF-SEL] tPrev=(  d=0.022007  dMin=0.000000  dAvg=0.038711  dMax=32.353340  Dlo=0.019355  Dhi=16.196025  err=0.000000  inc=-2.069138  bucket 0->0  (mf=1000)
[MF-SEL] tPrev=(  d=0.022057  dMin=0.000000  dAvg=0.038701  dMax=32.353340  Dlo=0.019351  Dhi=16.196021  err=0.000000  inc=-2.069138  bucket 0->0  (mf=1000)
[MF-SEL] tPrev=(  d=0.021580  dMin=0.000000  dAvg=0.038692  dMax=32.353340  Dlo=0.019346  Dhi=16.196016  err=0.000000  inc=-2.069138  bucket 0->0  (mf=1000)
[MF-SEL] tPrev=(  d=0.019558  dMin=0.000000  dAvg=0.038681  dMax=32.353340  Dlo=0.019340  Dhi=16.196011  err=0.000000  inc=-2.069138  bucket 0->0  (mf=1000)
[MF-SEL] tPrev=(  d=0.023438  dMin=0.000000  dAvg=0.038672  dMax=32.353340  Dlo=0.019336  Dhi=16.196006  err=0.000000  inc=-2.069138  bucket 0->0  (mf=1000)
[MF-SEL] tPrev=(  d=0.014771  dMin=0.000000  dAvg=0.038659  dMax=32.353340  Dlo=0.019329  Dhi=16.196000  err=-1.000000  inc=-2.982064  bucket 0->0  (mf=1000)
[MF-SEL] tPrev=(  d=0.012531  dMin=0.000000  dAvg=0.038644  dMax=32.353340  Dlo=0.019322  Dhi=16.195992  err=-1.000000  inc=-2.674049  bucket 0->0  (mf=1000)
[MF-SEL] tPrev=(  d=0.010348  dMin=0.000000  dAvg=0.038628  dMax=32.353340  Dlo=0.019314  Dhi=16.195984  err=-1.000000  inc=-2.676457  bucket 0->0  (mf=1000)
[MF-SEL] tPrev=(  d=0.010474  dMin=0.000000  dAvg=0.038612  dMax=32.353340  Dlo=0.019306  Dhi=16.195976  err=-1.000000  inc=-2.678730  bucket 0->0  (mf=1000)
[MF-SEL] tPrev=(  d=0.011917  dMin=0.000000  dAvg=0.038597  dMax=32.353340  Dlo=0.019299  Dhi=16.195969  err=-1.000000  inc=-2.681174  bucket 0->0  (mf=1000)
[MF-SEL] tPrev=(  d=0.012962  dMin=0.000000  dAvg=0.038583  dMax=32.353340  Dlo=0.019292  Dhi=16.195962  err=-1.000000  inc=-2.683341  bucket 0->0  (mf=1000)
[MF-SEL] tPrev=(  d=0.013804  dMin=0.000000  dAvg=0.038569  dMax=32.353340  Dlo=0.019285  Dhi=16.195955  err=-1.000000  inc=-2.685864  bucket 0->0  (mf=1000)
[MF-SEL] tPrev=(  d=0.014172  dMin=0.000000  dAvg=0.038555  dMax=32.353340  Dlo=0.019278  Dhi=16.195948  err=-1.000000  inc=-2.688200  bucket 0->0  (mf=1000)
[MF-SEL] tPrev=(  d=0.014852  dMin=0.000000  dAvg=0.038542  dMax=32.353340  Dlo=0.019271  Dhi=16.195941  err=-1.000000  inc=-2.690678  bucket 0->0  (mf=1000)
[MF-SEL] tPrev=(  d=0.015334  dMin=0.000000  dAvg=0.038529  dMax=32.353340  Dlo=0.019265  Dhi=16.195935  err=-1.000000  inc=-2.692789  bucket 0->0  (mf=1000)
[MF-SEL] tPrev=(  d=0.054842  dMin=0.000000  dAvg=0.038538  dMax=32.353340  Dlo=0.019269  Dhi=16.195939  err=0.000000  inc=-1.736077  bucket 0->0  (mf=1000)
[MF-SEL] tPrev=(  d=0.016564  dMin=0.000000  dAvg=0.038526  dMax=32.353340  Dlo=0.019263  Dhi=16.195933  err=-1.000000  inc=-3.041850  bucket 0->0  (mf=1000)
[MF-SEL] tPrev=(  d=0.016413  dMin=0.000000  dAvg=0.038514  dMax=32.353340  Dlo=0.019257  Dhi=16.195927  err=-1.000000  inc=-2.697547  bucket 0->0  (mf=1000)
[MF-SEL] tPrev=(  d=0.016675  dMin=0.000000  dAvg=0.038501  dMax=32.353340  Dlo=0.019251  Dhi=16.195921  err=-1.000000  inc=-2.699654  bucket 0->0  (mf=1000)
[MF-SEL] tPrev=(  d=0.017357  dMin=0.000000  dAvg=0.038490  dMax=32.353340  Dlo=0.019245  Dhi=16.195915  err=-1.000000  inc=-2.702013  bucket 0->0  (mf=1000)
[MF-SEL] tPrev=(  d=0.018165  dMin=0.000000  dAvg=0.038478  dMax=32.353340  Dlo=0.019239  Dhi=16.195909  err=-1.000000  inc=-2.704407  bucket 0->0  (mf=1000)
[MF-SEL] tPrev=(  d=0.019078  dMin=0.000000  dAvg=0.038467  dMax=32.353340  Dlo=0.019234  Dhi=16.195904  err=-1.000000  inc=-2.706694  bucket 0->0  (mf=1000)
[MF-SEL] tPrev=(  d=0.020066  dMin=0.000000  dAvg=0.038457  dMax=32.353340  Dlo=0.019229  Dhi=16.195899  err=0.000000  inc=-1.767898  bucket 0->0  (mf=1000)
[MF-SEL] tPrev=(  d=0.021042  dMin=0.000000  dAvg=0.038448  dMax=32.353340  Dlo=0.019224  Dhi=16.195894  err=0.000000  inc=-2.106694  bucket 0->0  (mf=1000)
[MF-SEL] tPrev=(  d=0.022337  dMin=0.000000  dAvg=0.038439  dMax=32.353340  Dlo=0.019219  Dhi=16.195889  err=0.000000  inc=-2.106694  bucket 0->0  (mf=1000)
[MF-SEL] tPrev=(  d=0.023080  dMin=0.000000  dAvg=0.038430  dMax=32.353340  Dlo=0.019215  Dhi=16.195885  err=0.000000  inc=-2.106694  bucket 0->0  (mf=1000)
[MF-SEL] tPrev=(  d=0.025061  dMin=0.000000  dAvg=0.038423  dMax=32.353340  Dlo=0.019211  Dhi=16.195881  err=0.000000  inc=-2.106694  bucket 0->0  (mf=1000)
[MF-SEL] tPrev=(  d=0.026347  dMin=0.000000  dAvg=0.038416  dMax=32.353340  Dlo=0.019208  Dhi=16.195878  err=0.000000  inc=-2.106694  bucket 0->0  (mf=1000)
[MF-SEL] tPrev=(  d=0.027462  dMin=0.000000  dAvg=0.038410  dMax=32.353340  Dlo=0.019205  Dhi=16.195875  err=0.000000  inc=-2.106694  bucket 0->0  (mf=1000)
[MF-SEL] tPrev=(  d=0.028703  dMin=0.000000  dAvg=0.038404  dMax=32.353340  Dlo=0.019202  Dhi=16.195872  err=0.000000  inc=-2.106694  bucket 0->0  (mf=1000)
[MF-SEL] tPrev=(  d=0.029304  dMin=0.000000  dAvg=0.038399  dMax=32.353340  Dlo=0.019200  Dhi=16.195870  err=0.000000  inc=-2.106694  bucket 0->0  (mf=1000)
[MF-SEL] tPrev=(  d=0.030340  dMin=0.000000  dAvg=0.038395  dMax=32.353340  Dlo=0.019197  Dhi=16.195867  err=0.000000  inc=-2.106694  bucket 0->0  (mf=1000)
[MF-SEL] tPrev=(  d=0.031693  dMin=0.000000  dAvg=0.038391  dMax=32.353340  Dlo=0.019196  Dhi=16.195866  err=0.000000  inc=-2.106694  bucket 0->0  (mf=1000)
[MF-SEL] tPrev=(  d=0.037084  dMin=0.000000  dAvg=0.038390  dMax=32.353340  Dlo=0.019195  Dhi=16.195865  err=0.000000  inc=-2.106694  bucket 0->0  (mf=1000)
[MF-SEL] tPrev=(  d=0.033970  dMin=0.000000  dAvg=0.038388  dMax=32.353340  Dlo=0.019194  Dhi=16.195864  err=0.000000  inc=-2.106694  bucket 0->0  (mf=1000)
[MF-SEL] tPrev=(  d=0.034737  dMin=0.000000  dAvg=0.038386  dMax=32.353340  Dlo=0.019193  Dhi=16.195863  err=0.000000  inc=-2.106694  bucket 0->0  (mf=1000)
[MF-SEL] tPrev=(  d=0.035335  dMin=0.000000  dAvg=0.038384  dMax=32.353340  Dlo=0.019192  Dhi=16.195862  err=0.000000  inc=-2.106694  bucket 0->0  (mf=1000)
[MF-SEL] tPrev=(  d=0.035006  dMin=0.000000  dAvg=0.038382  dMax=32.353340  Dlo=0.019191  Dhi=16.195861  err=0.000000  inc=-2.106694  bucket 0->0  (mf=1000)
[MF-SEL] tPrev=(  d=0.033987  dMin=0.000000  dAvg=0.038380  dMax=32.353340  Dlo=0.019190  Dhi=16.195860  err=0.000000  inc=-2.106694  bucket 0->0  (mf=1000)
[MF-SEL] tPrev=(  d=0.033295  dMin=0.000000  dAvg=0.038377  dMax=32.353340  Dlo=0.019189  Dhi=16.195859  err=0.000000  inc=-2.106694  bucket 0->0  (mf=1000)
[MF-SEL] tPrev=(  d=0.032111  dMin=0.000000  dAvg=0.038374  dMax=32.353340  Dlo=0.019187  Dhi=16.195857  err=0.000000  inc=-2.106694  bucket 0->0  (mf=1000)
[MF-SEL] tPrev=(  d=0.031188  dMin=0.000000  dAvg=0.038370  dMax=32.353340  Dlo=0.019185  Dhi=16.195855  err=0.000000  inc=-2.106694  bucket 0->0  (mf=1000)
[MF-SEL] tPrev=(  d=0.031135  dMin=0.000000  dAvg=0.038366  dMax=32.353340  Dlo=0.019183  Dhi=16.195853  err=0.000000  inc=-2.106694  bucket 0->0  (mf=1000)
[MF-SEL] tPrev=(  d=0.031877  dMin=0.000000  dAvg=0.038362  dMax=32.353340  Dlo=0.019181  Dhi=16.195851  err=0.000000  inc=-2.106694  bucket 0->0  (mf=1000)
[MF-SEL] tPrev=(  d=0.031305  dMin=0.000000  dAvg=0.038358  dMax=32.353340  Dlo=0.019179  Dhi=16.195849  err=0.000000  inc=-2.106694  bucket 0->0  (mf=1000)
[MF-SEL] tPrev=(  d=0.030888  dMin=0.000000  dAvg=0.038354  dMax=32.353340  Dlo=0.019177  Dhi=16.195847  err=0.000000  inc=-2.106694  bucket 0->0  (mf=1000)
[MF-SEL] tPrev=(  d=0.030508  dMin=0.000000  dAvg=0.038350  dMax=32.353340  Dlo=0.019175  Dhi=16.195845  err=0.000000  inc=-2.106694  bucket 0->0  (mf=1000)
[MF-SEL] tPrev=(  d=0.029711  dMin=0.000000  dAvg=0.038345  dMax=32.353340  Dlo=0.019173  Dhi=16.195843  err=0.000000  inc=-2.106694  bucket 0->0  (mf=1000)
[MF-SEL] tPrev=(  d=0.028635  dMin=0.000000  dAvg=0.038340  dMax=32.353340  Dlo=0.019170  Dhi=16.195840  err=0.000000  inc=-2.106694  bucket 0->0  (mf=1000)
[MF-SEL] tPrev=(  d=0.027013  dMin=0.000000  dAvg=0.038333  dMax=32.353340  Dlo=0.019167  Dhi=16.195837  err=0.000000  inc=-2.106694  bucket 0->0  (mf=1000)
[MF-SEL] tPrev=(  d=0.026240  dMin=0.000000  dAvg=0.038327  dMax=32.353340  Dlo=0.019163  Dhi=16.195833  err=0.000000  inc=-2.106694  bucket 0->0  (mf=1000)
[MF-SEL] tPrev=(  d=0.024148  dMin=0.000000  dAvg=0.038319  dMax=32.353340  Dlo=0.019160  Dhi=16.195830  err=0.000000  inc=-2.106694  bucket 0->0  (mf=1000)
[MF-SEL] tPrev=(  d=0.022643  dMin=0.000000  dAvg=0.038310  dMax=32.353340  Dlo=0.019155  Dhi=16.195825  err=0.000000  inc=-2.106694  bucket 0->0  (mf=1000)
[MF-SEL] tPrev=(  d=0.021343  dMin=0.000000  dAvg=0.038301  dMax=32.353340  Dlo=0.019151  Dhi=16.195821  err=0.000000  inc=-2.106694  bucket 0->0  (mf=1000)
[MF-SEL] tPrev=(  d=0.018583  dMin=0.000000  dAvg=0.038290  dMax=32.353340  Dlo=0.019145  Dhi=16.195815  err=-1.000000  inc=-3.053051  bucket 0->0  (mf=1000)
[MF-SEL] tPrev=(  d=0.019472  dMin=0.000000  dAvg=0.038280  dMax=32.353340  Dlo=0.019140  Dhi=16.195810  err=0.000000  inc=-1.787348  bucket 0->0  (mf=1000)
[MF-SEL] tPrev=(  d=0.019252  dMin=0.000000  dAvg=0.038270  dMax=32.353340  Dlo=0.019135  Dhi=16.195805  err=0.000000  inc=-2.109020  bucket 0->0  (mf=1000)
[MF-SEL] tPrev=(  d=0.015815  dMin=0.000000  dAvg=0.038257  dMax=32.353340  Dlo=0.019129  Dhi=16.195799  err=-1.000000  inc=-3.065117  bucket 0->0  (mf=1000)
[MF-SEL] tPrev=(  d=0.019742  dMin=0.000000  dAvg=0.038247  dMax=32.353340  Dlo=0.019124  Dhi=16.195794  err=0.000000  inc=-1.761051  bucket 0->0  (mf=1000)
[MF-SEL] tPrev=(  d=0.020203  dMin=0.000000  dAvg=0.038237  dMax=32.353340  Dlo=0.019119  Dhi=16.195789  err=0.000000  inc=-2.111281  bucket 0->0  (mf=1000)
[MF-SEL] tPrev=(  d=0.020159  dMin=0.000000  dAvg=0.038227  dMax=32.353340  Dlo=0.019114  Dhi=16.195784  err=0.000000  inc=-2.111281  bucket 0->0  (mf=1000)
[MF-SEL] tPrev=(  d=0.020425  dMin=0.000000  dAvg=0.038218  dMax=32.353340  Dlo=0.019109  Dhi=16.195779  err=0.000000  inc=-2.111281  bucket 0->0  (mf=1000)
[MF-SEL] tPrev=(  d=0.020767  dMin=0.000000  dAvg=0.038208  dMax=32.353340  Dlo=0.019104  Dhi=16.195774  err=0.000000  inc=-2.111281  bucket 0->0  (mf=1000)
[MF-SEL] tPrev=(  d=0.021206  dMin=0.000000  dAvg=0.038199  dMax=32.353340  Dlo=0.019099  Dhi=16.195770  err=0.000000  inc=-2.111281  bucket 0->0  (mf=1000)
[MF-SEL] tPrev=(  d=0.022164  dMin=0.000000  dAvg=0.038190  dMax=32.353340  Dlo=0.019095  Dhi=16.195765  err=0.000000  inc=-2.111281  bucket 0->0  (mf=1000)
[MF-SEL] tPrev=(  d=0.023083  dMin=0.000000  dAvg=0.038182  dMax=32.353340  Dlo=0.019091  Dhi=16.195761  err=0.000000  inc=-2.111281  bucket 0->0  (mf=1000)
[MF-SEL] tPrev=(  d=0.017325  dMin=0.000000  dAvg=0.038171  dMax=32.353340  Dlo=0.019085  Dhi=16.195755  err=-1.000000  inc=-3.074182  bucket 0->0  (mf=1000)
[MF-SEL] tPrev=(  d=0.024508  dMin=0.000000  dAvg=0.038163  dMax=32.353340  Dlo=0.019082  Dhi=16.195752  err=0.000000  inc=-1.800115  bucket 0->0  (mf=1000)
[MF-SEL] tPrev=(  d=0.024915  dMin=0.000000  dAvg=0.038156  dMax=32.353340  Dlo=0.019078  Dhi=16.195748  err=0.000000  inc=-2.113499  bucket 0->0  (mf=1000)
[MF-SEL] tPrev=(  d=0.025092  dMin=0.000000  dAvg=0.038149  dMax=32.353340  Dlo=0.019074  Dhi=16.195745  err=0.000000  inc=-2.113499  bucket 0->0  (mf=1000)
[MF-SEL] tPrev=(  d=0.025176  dMin=0.000000  dAvg=0.038142  dMax=32.353340  Dlo=0.019071  Dhi=16.195741  err=0.000000  inc=-2.113499  bucket 0->0  (mf=1000)
[MF-SEL] tPrev=(  d=0.025320  dMin=0.000000  dAvg=0.038135  dMax=32.353340  Dlo=0.019067  Dhi=16.195738  err=0.000000  inc=-2.113499  bucket 0->0  (mf=1000)
[MF-SEL] tPrev=(  d=0.025465  dMin=0.000000  dAvg=0.038128  dMax=32.353340  Dlo=0.019064  Dhi=16.195734  err=0.000000  inc=-2.113499  bucket 0->0  (mf=1000)
[MF-SEL] tPrev=(  d=0.026185  dMin=0.000000  dAvg=0.038122  dMax=32.353340  Dlo=0.019061  Dhi=16.195731  err=0.000000  inc=-2.113499  bucket 0->0  (mf=1000)
[MF-SEL] tPrev=(  d=0.025818  dMin=0.000000  dAvg=0.038115  dMax=32.353340  Dlo=0.019057  Dhi=16.195728  err=0.000000  inc=-2.113499  bucket 0->0  (mf=1000)
[MF-SEL] tPrev=(  d=0.026177  dMin=0.000000  dAvg=0.038108  dMax=32.353340  Dlo=0.019054  Dhi=16.195724  err=0.000000  inc=-2.113499  bucket 0->0  (mf=1000)
[MF-SEL] tPrev=(  d=0.026166  dMin=0.000000  dAvg=0.038102  dMax=32.353340  Dlo=0.019051  Dhi=16.195721  err=0.000000  inc=-2.113499  bucket 0->0  (mf=1000)
[MF-SEL] tPrev=(  d=0.028558  dMin=0.000000  dAvg=0.038097  dMax=32.353340  Dlo=0.019048  Dhi=16.195718  err=0.000000  inc=-2.113499  bucket 0->0  (mf=1000)
[MF-SEL] tPrev=(  d=0.027275  dMin=0.000000  dAvg=0.038091  dMax=32.353340  Dlo=0.019045  Dhi=16.195716  err=0.000000  inc=-2.113499  bucket 0->0  (mf=1000)
[MF-SEL] tPrev=(  d=0.026471  dMin=0.000000  dAvg=0.038085  dMax=32.353340  Dlo=0.019042  Dhi=16.195712  err=0.000000  inc=-2.113499  bucket 0->0  (mf=1000)
[MF-SEL] tPrev=(  d=0.033318  dMin=0.000000  dAvg=0.038082  dMax=32.353340  Dlo=0.019041  Dhi=16.195711  err=0.000000  inc=-2.113499  bucket 0->0  (mf=1000)
[MF-SEL] tPrev=(  d=0.023861  dMin=0.000000  dAvg=0.038074  dMax=32.353340  Dlo=0.019037  Dhi=16.195707  err=0.000000  inc=-2.113499  bucket 0->0  (mf=1000)
[MF-SEL] tPrev=(  d=0.022574  dMin=0.000000  dAvg=0.038066  dMax=32.353340  Dlo=0.019033  Dhi=16.195703  err=0.000000  inc=-2.113499  bucket 0->0  (mf=1000)
[MF-SEL] tPrev=(  d=0.021892  dMin=0.000000  dAvg=0.038057  dMax=32.353340  Dlo=0.019029  Dhi=16.195699  err=0.000000  inc=-2.113499  bucket 0->0  (mf=1000)
[MF-SEL] tPrev=(  d=0.021824  dMin=0.000000  dAvg=0.038049  dMax=32.353340  Dlo=0.019024  Dhi=16.195694  err=0.000000  inc=-2.113499  bucket 0->0  (mf=1000)
[MF-SEL] tPrev=(  d=0.019966  dMin=0.000000  dAvg=0.038039  dMax=32.353340  Dlo=0.019019  Dhi=16.195689  err=0.000000  inc=-2.113499  bucket 0->0  (mf=1000)
[MF-SEL] tPrev=(  d=0.022287  dMin=0.000000  dAvg=0.038030  dMax=32.353340  Dlo=0.019015  Dhi=16.195685  err=0.000000  inc=-2.113499  bucket 0->0  (mf=1000)
[MF-SEL] tPrev=(  d=0.022906  dMin=0.000000  dAvg=0.038022  dMax=32.353340  Dlo=0.019011  Dhi=16.195681  err=0.000000  inc=-2.113499  bucket 0->0  (mf=1000)
[MF-SEL] tPrev=(  d=0.034125  dMin=0.000000  dAvg=0.038020  dMax=32.353340  Dlo=0.019010  Dhi=16.195680  err=0.000000  inc=-2.113499  bucket 0->0  (mf=1000)
[MF-SEL] tPrev=(  d=0.024293  dMin=0.000000  dAvg=0.038013  dMax=32.353340  Dlo=0.019006  Dhi=16.195676  err=0.000000  inc=-2.113499  bucket 0->0  (mf=1000)
[MF-SEL] tPrev=(  d=0.025491  dMin=0.000000  dAvg=0.038006  dMax=32.353340  Dlo=0.019003  Dhi=16.195673  err=0.000000  inc=-2.113499  bucket 0->0  (mf=1000)
[MF-SEL] tPrev=(  d=0.026497  dMin=0.000000  dAvg=0.038000  dMax=32.353340  Dlo=0.019000  Dhi=16.195670  err=0.000000  inc=-2.113499  bucket 0->0  (mf=1000)
[MF-SEL] tPrev=(  d=0.028049  dMin=0.000000  dAvg=0.037994  dMax=32.353340  Dlo=0.018997  Dhi=16.195667  err=0.000000  inc=-2.113499  bucket 0->0  (mf=1000)
[MF-SEL] tPrev=(  d=0.029975  dMin=0.000000  dAvg=0.037990  dMax=32.353340  Dlo=0.018995  Dhi=16.195665  err=0.000000  inc=-2.113499  bucket 0->0  (mf=1000)
[MF-SEL] tPrev=(  d=0.030781  dMin=0.000000  dAvg=0.037986  dMax=32.353340  Dlo=0.018993  Dhi=16.195663  err=0.000000  inc=-2.113499  bucket 0->0  (mf=1000)
[MF-SEL] tPrev=(  d=0.031150  dMin=0.000000  dAvg=0.037983  dMax=32.353340  Dlo=0.018991  Dhi=16.195661  err=0.000000  inc=-2.113499  bucket 0->0  (mf=1000)
[MF-SEL] tPrev=(  d=0.043616  dMin=0.000000  dAvg=0.037986  dMax=32.353340  Dlo=0.018993  Dhi=16.195663  err=0.000000  inc=-2.113499  bucket 0->0  (mf=1000)
[MF-SEL] tPrev=(  d=0.032241  dMin=0.000000  dAvg=0.037983  dMax=32.353340  Dlo=0.018991  Dhi=16.195661  err=0.000000  inc=-2.113499  bucket 0->0  (mf=1000)
[MF-SEL] tPrev=(  d=0.032762  dMin=0.000000  dAvg=0.037980  dMax=32.353340  Dlo=0.018990  Dhi=16.195660  err=0.000000  inc=-2.113499  bucket 0->0  (mf=1000)
[MF-SEL] tPrev=(  d=0.033469  dMin=0.000000  dAvg=0.037977  dMax=32.353340  Dlo=0.018989  Dhi=16.195659  err=0.000000  inc=-2.113499  bucket 0->0  (mf=1000)
[MF-SEL] tPrev=(  d=0.033631  dMin=0.000000  dAvg=0.037975  dMax=32.353340  Dlo=0.018988  Dhi=16.195658  err=0.000000  inc=-2.113499  bucket 0->0  (mf=1000)
[MF-SEL] tPrev=(  d=0.034171  dMin=0.000000  dAvg=0.037973  dMax=32.353340  Dlo=0.018987  Dhi=16.195657  err=0.000000  inc=-2.113499  bucket 0->0  (mf=1000)
[MF-SEL] tPrev=(  d=0.039885  dMin=0.000000  dAvg=0.037974  dMax=32.353340  Dlo=0.018987  Dhi=16.195657  err=0.000000  inc=-2.113499  bucket 0->0  (mf=1000)
[MF-SEL] tPrev=(  d=0.034034  dMin=0.000000  dAvg=0.037972  dMax=32.353340  Dlo=0.018986  Dhi=16.195656  err=0.000000  inc=-2.113499  bucket 0->0  (mf=1000)
[MF-SEL] tPrev=(  d=0.033762  dMin=0.000000  dAvg=0.037970  dMax=32.353340  Dlo=0.018985  Dhi=16.195655  err=0.000000  inc=-2.113499  bucket 0->0  (mf=1000)
[MF-SEL] tPrev=(  d=0.033342  dMin=0.000000  dAvg=0.037967  dMax=32.353340  Dlo=0.018984  Dhi=16.195654  err=0.000000  inc=-2.113499  bucket 0->0  (mf=1000)
[MF-SEL] tPrev=(  d=0.033075  dMin=0.000000  dAvg=0.037965  dMax=32.353340  Dlo=0.018982  Dhi=16.195652  err=0.000000  inc=-2.113499  bucket 0->0  (mf=1000)
[MF-SEL] tPrev=(  d=0.032931  dMin=0.000000  dAvg=0.037962  dMax=32.353340  Dlo=0.018981  Dhi=16.195651  err=0.000000  inc=-2.113499  bucket 0->0  (mf=1000)
[MF-SEL] tPrev=(  d=0.027987  dMin=0.000000  dAvg=0.037957  dMax=32.353340  Dlo=0.018978  Dhi=16.195648  err=0.000000  inc=-2.113499  bucket 0->0  (mf=1000)
[MF-SEL] tPrev=(  d=0.031300  dMin=0.000000  dAvg=0.037953  dMax=32.353340  Dlo=0.018977  Dhi=16.195647  err=0.000000  inc=-2.113499  bucket 0->0  (mf=1000)
[MF-SEL] tPrev=(  d=0.029592  dMin=0.000000  dAvg=0.037949  dMax=32.353340  Dlo=0.018974  Dhi=16.195644  err=0.000000  inc=-2.113499  bucket 0->0  (mf=1000)
[MF-SEL] tPrev=(  d=0.028470  dMin=0.000000  dAvg=0.037944  dMax=32.353340  Dlo=0.018972  Dhi=16.195642  err=0.000000  inc=-2.113499  bucket 0->0  (mf=1000)
[MF-SEL] tPrev=(  d=0.028087  dMin=0.000000  dAvg=0.037938  dMax=32.353340  Dlo=0.018969  Dhi=16.195639  err=0.000000  inc=-2.113499  bucket 0->0  (mf=1000)
[MF-SEL] tPrev=(  d=0.027583  dMin=0.000000  dAvg=0.037933  dMax=32.353340  Dlo=0.018966  Dhi=16.195637  err=0.000000  inc=-2.113499  bucket 0->0  (mf=1000)
[MF-SEL] tPrev=(  d=0.026449  dMin=0.000000  dAvg=0.037927  dMax=32.353340  Dlo=0.018963  Dhi=16.195633  err=0.000000  inc=-2.113499  bucket 0->0  (mf=1000)
[MF-SEL] tPrev=(  d=0.026545  dMin=0.000000  dAvg=0.037921  dMax=32.353340  Dlo=0.018960  Dhi=16.195630  err=0.000000  inc=-2.113499  bucket 0->0  (mf=1000)
[MF-SEL] tPrev=(  d=0.027079  dMin=0.000000  dAvg=0.037915  dMax=32.353340  Dlo=0.018958  Dhi=16.195628  err=0.000000  inc=-2.113499  bucket 0->0  (mf=1000)
[MF-SEL] tPrev=(  d=0.027520  dMin=0.000000  dAvg=0.037910  dMax=32.353340  Dlo=0.018955  Dhi=16.195625  err=0.000000  inc=-2.113499  bucket 0->0  (mf=1000)
[MF-SEL] tPrev=(  d=0.028157  dMin=0.000000  dAvg=0.037904  dMax=32.353340  Dlo=0.018952  Dhi=16.195622  err=0.000000  inc=-2.113499  bucket 0->0  (mf=1000)
[MF-SEL] tPrev=(  d=0.052104  dMin=0.000000  dAvg=0.037912  dMax=32.353340  Dlo=0.018956  Dhi=16.195626  err=0.000000  inc=-2.113499  bucket 0->0  (mf=1000)
[MF-SEL] tPrev=(  d=0.029201  dMin=0.000000  dAvg=0.037907  dMax=32.353340  Dlo=0.018954  Dhi=16.195624  err=0.000000  inc=-2.113499  bucket 0->0  (mf=1000)
[MF-SEL] tPrev=(  d=0.029706  dMin=0.000000  dAvg=0.037903  dMax=32.353340  Dlo=0.018951  Dhi=16.195622  err=0.000000  inc=-2.113499  bucket 0->0  (mf=1000)
[MF-SEL] tPrev=(  d=0.029599  dMin=0.000000  dAvg=0.037899  dMax=32.353340  Dlo=0.018949  Dhi=16.195619  err=0.000000  inc=-2.113499  bucket 0->0  (mf=1000)
[MF-SEL] tPrev=(  d=0.033672  dMin=0.000000  dAvg=0.037896  dMax=32.353340  Dlo=0.018948  Dhi=16.195618  err=0.000000  inc=-2.113499  bucket 0->0  (mf=1000)
[MF-SEL] tPrev=(  d=0.028691  dMin=0.000000  dAvg=0.037891  dMax=32.353340  Dlo=0.018946  Dhi=16.195616  err=0.000000  inc=-2.113499  bucket 0->0  (mf=1000)
[MF-SEL] tPrev=(  d=0.027940  dMin=0.000000  dAvg=0.037886  dMax=32.353340  Dlo=0.018943  Dhi=16.195613  err=0.000000  inc=-2.113499  bucket 0->0  (mf=1000)
[MF-SEL] tPrev=(  d=0.021480  dMin=0.000000  dAvg=0.037878  dMax=32.353340  Dlo=0.018939  Dhi=16.195609  err=0.000000  inc=-2.113499  bucket 0->0  (mf=1000)
[MF-SEL] tPrev=(  d=0.025461  dMin=0.000000  dAvg=0.037871  dMax=32.353340  Dlo=0.018936  Dhi=16.195606  err=0.000000  inc=-2.113499  bucket 0->0  (mf=1000)
[MF-SEL] tPrev=(  d=0.025243  dMin=0.000000  dAvg=0.037864  dMax=32.353340  Dlo=0.018932  Dhi=16.195602  err=0.000000  inc=-2.113499  bucket 0->0  (mf=1000)
[MF-SEL] tPrev=(  d=0.025133  dMin=0.000000  dAvg=0.037858  dMax=32.353340  Dlo=0.018929  Dhi=16.195599  err=0.000000  inc=-2.113499  bucket 0->0  (mf=1000)
[MF-SEL] tPrev=(  d=0.025319  dMin=0.000000  dAvg=0.037851  dMax=32.353340  Dlo=0.018926  Dhi=16.195596  err=0.000000  inc=-2.113499  bucket 0->0  (mf=1000)
[MF-SEL] tPrev=(  d=0.025168  dMin=0.000000  dAvg=0.037844  dMax=32.353340  Dlo=0.018922  Dhi=16.195592  err=0.000000  inc=-2.113499  bucket 0->0  (mf=1000)
[MF-SEL] tPrev=(  d=0.026491  dMin=0.000000  dAvg=0.037838  dMax=32.353340  Dlo=0.018919  Dhi=16.195589  err=0.000000  inc=-2.113499  bucket 0->0  (mf=1000)
[MF-SEL] tPrev=(  d=0.028010  dMin=0.000000  dAvg=0.037833  dMax=32.353340  Dlo=0.018917  Dhi=16.195587  err=0.000000  inc=-2.113499  bucket 0->0  (mf=1000)
[MF-SEL] tPrev=(  d=0.035383  dMin=0.000000  dAvg=0.037832  dMax=32.353340  Dlo=0.018916  Dhi=16.195586  err=0.000000  inc=-2.113499  bucket 0->0  (mf=1000)
[MF-SEL] tPrev=(  d=0.030581  dMin=0.000000  dAvg=0.037828  dMax=32.353340  Dlo=0.018914  Dhi=16.195584  err=0.000000  inc=-2.113499  bucket 0->0  (mf=1000)
[MF-SEL] tPrev=(  d=0.032457  dMin=0.000000  dAvg=0.037825  dMax=32.353340  Dlo=0.018913  Dhi=16.195583  err=0.000000  inc=-2.113499  bucket 0->0  (mf=1000)
[MF-SEL] tPrev=(  d=0.033075  dMin=0.000000  dAvg=0.037823  dMax=32.353340  Dlo=0.018911  Dhi=16.195582  err=0.000000  inc=-2.113499  bucket 0->0  (mf=1000)
[MF-SEL] tPrev=(  d=0.046899  dMin=0.000000  dAvg=0.037828  dMax=32.353340  Dlo=0.018914  Dhi=16.195584  err=0.000000  inc=-2.113499  bucket 0->0  (mf=1000)
[MF-SEL] tPrev=(  d=0.033952  dMin=0.000000  dAvg=0.037826  dMax=32.353340  Dlo=0.018913  Dhi=16.195583  err=0.000000  inc=-2.113499  bucket 0->0  (mf=1000)
[MF-SEL] tPrev=(  d=0.034073  dMin=0.000000  dAvg=0.037824  dMax=32.353340  Dlo=0.018912  Dhi=16.195582  err=0.000000  inc=-2.113499  bucket 0->0  (mf=1000)
[MF-SEL] tPrev=(  d=0.034837  dMin=0.000000  dAvg=0.037822  dMax=32.353340  Dlo=0.018911  Dhi=16.195581  err=0.000000  inc=-2.113499  bucket 0->0  (mf=1000)
[MF-SEL] tPrev=(  d=0.038261  dMin=0.000000  dAvg=0.037822  dMax=32.353340  Dlo=0.018911  Dhi=16.195581  err=0.000000  inc=-2.113499  bucket 0->0  (mf=1000)
[MF-SEL] tPrev=(  d=0.037265  dMin=0.000000  dAvg=0.037822  dMax=32.353340  Dlo=0.018911  Dhi=16.195581  err=0.000000  inc=-2.113499  bucket 0->0  (mf=1000)
[MF-SEL] tPrev=(  d=0.038443  dMin=0.000000  dAvg=0.037822  dMax=32.353340  Dlo=0.018911  Dhi=16.195581  err=0.000000  inc=-2.113499  bucket 0->0  (mf=1000)
[MF-SEL] tPrev=(  d=0.039432  dMin=0.000000  dAvg=0.037823  dMax=32.353340  Dlo=0.018912  Dhi=16.195582  err=0.000000  inc=-2.113499  bucket 0->0  (mf=1000)
[MF-SEL] tPrev=(  d=0.041174  dMin=0.000000  dAvg=0.037825  dMax=32.353340  Dlo=0.018912  Dhi=16.195583  err=0.000000  inc=-2.113499  bucket 0->0  (mf=1000)
[MF-SEL] tPrev=(  d=0.041306  dMin=0.000000  dAvg=0.037827  dMax=32.353340  Dlo=0.018913  Dhi=16.195583  err=0.000000  inc=-2.113499  bucket 0->0  (mf=1000)
[MF-SEL] tPrev=(  d=0.042539  dMin=0.000000  dAvg=0.037829  dMax=32.353340  Dlo=0.018915  Dhi=16.195585  err=0.000000  inc=-2.113499  bucket 0->0  (mf=1000)
[MF-SEL] tPrev=(  d=0.043082  dMin=0.000000  dAvg=0.037832  dMax=32.353340  Dlo=0.018916  Dhi=16.195586  err=0.000000  inc=-2.113499  bucket 0->0  (mf=1000)
[MF-SEL] tPrev=(  d=0.043629  dMin=0.000000  dAvg=0.037835  dMax=32.353340  Dlo=0.018917  Dhi=16.195588  err=0.000000  inc=-2.113499  bucket 0->0  (mf=1000)
[MF-SEL] tPrev=(  d=0.037506  dMin=0.000000  dAvg=0.037835  dMax=32.353340  Dlo=0.018917  Dhi=16.195587  err=0.000000  inc=-2.113499  bucket 0->0  (mf=1000)
[MF-SEL] tPrev=(  d=0.045049  dMin=0.000000  dAvg=0.037839  dMax=32.353340  Dlo=0.018919  Dhi=16.195589  err=0.000000  inc=-2.113499  bucket 0->0  (mf=1000)
[MF-SEL] tPrev=(  d=0.045918  dMin=0.000000  dAvg=0.037843  dMax=32.353340  Dlo=0.018921  Dhi=16.195591  err=0.000000  inc=-2.113499  bucket 0->0  (mf=1000)
[MF-SEL] tPrev=(  d=0.046676  dMin=0.000000  dAvg=0.037847  dMax=32.353340  Dlo=0.018924  Dhi=16.195594  err=0.000000  inc=-2.113499  bucket 0->0  (mf=1000)
[MF-SEL] tPrev=(  d=0.047245  dMin=0.000000  dAvg=0.037852  dMax=32.353340  Dlo=0.018926  Dhi=16.195596  err=0.000000  inc=-2.113499  bucket 0->0  (mf=1000)
[MF-SEL] tPrev=(  d=0.040890  dMin=0.000000  dAvg=0.037854  dMax=32.353340  Dlo=0.018927  Dhi=16.195597  err=0.000000  inc=-2.113499  bucket 0->0  (mf=1000)
[MF-SEL] tPrev=(  d=0.047222  dMin=0.000000  dAvg=0.037859  dMax=32.353340  Dlo=0.018929  Dhi=16.195599  err=0.000000  inc=-2.113499  bucket 0->0  (mf=1000)
[MF-SEL] tPrev=(  d=0.046999  dMin=0.000000  dAvg=0.037863  dMax=32.353340  Dlo=0.018932  Dhi=16.195602  err=0.000000  inc=-2.113499  bucket 0->0  (mf=1000)
[MF-SEL] tPrev=(  d=0.033135  dMin=0.000000  dAvg=0.037861  dMax=32.353340  Dlo=0.018930  Dhi=16.195601  err=0.000000  inc=-2.113499  bucket 0->0  (mf=1000)
[MF-SEL] tPrev=(  d=0.045804  dMin=0.000000  dAvg=0.037865  dMax=32.353340  Dlo=0.018933  Dhi=16.195603  err=0.000000  inc=-2.113499  bucket 0->0  (mf=1000)
[MF-SEL] tPrev=(  d=0.045724  dMin=0.000000  dAvg=0.037869  dMax=32.353340  Dlo=0.018935  Dhi=16.195605  err=0.000000  inc=-2.113499  bucket 0->0  (mf=1000)
[MF-SEL] tPrev=(  d=0.045763  dMin=0.000000  dAvg=0.037873  dMax=32.353340  Dlo=0.018937  Dhi=16.195607  err=0.000000  inc=-2.113499  bucket 0->0  (mf=1000)
[MF-SEL] tPrev=(  d=0.045618  dMin=0.000000  dAvg=0.037877  dMax=32.353340  Dlo=0.018939  Dhi=16.195609  err=0.000000  inc=-2.113499  bucket 0->0  (mf=1000)
[MF-SEL] tPrev=(  d=0.039225  dMin=0.000000  dAvg=0.037878  dMax=32.353340  Dlo=0.018939  Dhi=16.195609  err=0.000000  inc=-2.113499  bucket 0->0  (mf=1000)
[MF-SEL] tPrev=(  d=0.045270  dMin=0.000000  dAvg=0.037882  dMax=32.353340  Dlo=0.018941  Dhi=16.195611  err=0.000000  inc=-2.113499  bucket 0->0  (mf=1000)
[MF-SEL] tPrev=(  d=0.045171  dMin=0.000000  dAvg=0.037885  dMax=32.353340  Dlo=0.018943  Dhi=16.195613  err=0.000000  inc=-2.113499  bucket 0->0  (mf=1000)
[MF-SEL] tPrev=(  d=0.050387  dMin=0.000000  dAvg=0.037892  dMax=32.353340  Dlo=0.018946  Dhi=16.195616  err=0.000000  inc=-2.113499  bucket 0->0  (mf=1000)
[MF-SEL] tPrev=(  d=0.046216  dMin=0.000000  dAvg=0.037896  dMax=32.353340  Dlo=0.018948  Dhi=16.195618  err=0.000000  inc=-2.113499  bucket 0->0  (mf=1000)
[MF-SEL] tPrev=(  d=0.046398  dMin=0.000000  dAvg=0.037901  dMax=32.353340  Dlo=0.018950  Dhi=16.195620  err=0.000000  inc=-2.113499  bucket 0->0  (mf=1000)
[MF-SEL] tPrev=(  d=0.046448  dMin=0.000000  dAvg=0.037905  dMax=32.353340  Dlo=0.018952  Dhi=16.195623  err=0.000000  inc=-2.113499  bucket 0->0  (mf=1000)
[MF-SEL] tPrev=(  d=0.046457  dMin=0.000000  dAvg=0.037909  dMax=32.353340  Dlo=0.018955  Dhi=16.195625  err=0.000000  inc=-2.113499  bucket 0->0  (mf=1000)
[MF-SEL] tPrev=(  d=0.040330  dMin=0.000000  dAvg=0.037911  dMax=32.353340  Dlo=0.018955  Dhi=16.195625  err=0.000000  inc=-2.113499  bucket 0->0  (mf=1000)
[MF-SEL] tPrev=(  d=0.046493  dMin=0.000000  dAvg=0.037915  dMax=32.353340  Dlo=0.018958  Dhi=16.195628  err=0.000000  inc=-2.113499  bucket 0->0  (mf=1000)
[MF-SEL] tPrev=(  d=0.046688  dMin=0.000000  dAvg=0.037920  dMax=32.353340  Dlo=0.018960  Dhi=16.195630  err=0.000000  inc=-2.113499  bucket 0->0  (mf=1000)
[MF-SEL] tPrev=(  d=0.046306  dMin=0.000000  dAvg=0.037924  dMax=32.353340  Dlo=0.018962  Dhi=16.195632  err=0.000000  inc=-2.113499  bucket 0->0  (mf=1000)
[MF-SEL] tPrev=(  d=0.046813  dMin=0.000000  dAvg=0.037928  dMax=32.353340  Dlo=0.018964  Dhi=16.195634  err=0.000000  inc=-2.113499  bucket 0->0  (mf=1000)
[MF-SEL] tPrev=(  d=0.046812  dMin=0.000000  dAvg=0.037933  dMax=32.353340  Dlo=0.018966  Dhi=16.195637  err=0.000000  inc=-2.113499  bucket 0->0  (mf=1000)
[MF-SEL] tPrev=(  d=0.046406  dMin=0.000000  dAvg=0.037937  dMax=32.353340  Dlo=0.018969  Dhi=16.195639  err=0.000000  inc=-2.113499  bucket 0->0  (mf=1000)
[MF-SEL] tPrev=(  d=0.045359  dMin=0.000000  dAvg=0.037941  dMax=32.353340  Dlo=0.018971  Dhi=16.195641  err=0.000000  inc=-2.113499  bucket 0->0  (mf=1000)
[MF-SEL] tPrev=(  d=0.041254  dMin=0.000000  dAvg=0.037943  dMax=32.353340  Dlo=0.018971  Dhi=16.195641  err=0.000000  inc=-2.113499  bucket 0->0  (mf=1000)
[MF-SEL] tPrev=(  d=0.042173  dMin=0.000000  dAvg=0.037945  dMax=32.353340  Dlo=0.018973  Dhi=16.195643  err=0.000000  inc=-2.113499  bucket 0->0  (mf=1000)
[MF-SEL] tPrev=(  d=0.040401  dMin=0.000000  dAvg=0.037946  dMax=32.353340  Dlo=0.018973  Dhi=16.195643  err=0.000000  inc=-2.113499  bucket 0->0  (mf=1000)
[MF-SEL] tPrev=(  d=0.038300  dMin=0.000000  dAvg=0.037946  dMax=32.353340  Dlo=0.018973  Dhi=16.195643  err=0.000000  inc=-2.113499  bucket 0->0  (mf=1000)
[MF-SEL] tPrev=(  d=0.030504  dMin=0.000000  dAvg=0.037943  dMax=32.353340  Dlo=0.018971  Dhi=16.195641  err=0.000000  inc=-2.113499  bucket 0->0  (mf=1000)
[MF-SEL] tPrev=(  d=0.035442  dMin=0.000000  dAvg=0.037941  dMax=32.353340  Dlo=0.018971  Dhi=16.195641  err=0.000000  inc=-2.113499  bucket 0->0  (mf=1000)
[MF-SEL] tPrev=(  d=0.035090  dMin=0.000000  dAvg=0.037940  dMax=32.353340  Dlo=0.018970  Dhi=16.195640  err=0.000000  inc=-2.113499  bucket 0->0  (mf=1000)
[MF-SEL] tPrev=(  d=0.034840  dMin=0.000000  dAvg=0.037938  dMax=32.353340  Dlo=0.018969  Dhi=16.195639  err=0.000000  inc=-2.113499  bucket 0->0  (mf=1000)
[MF-SEL] tPrev=(  d=0.035441  dMin=0.000000  dAvg=0.037937  dMax=32.353340  Dlo=0.018969  Dhi=16.195639  err=0.000000  inc=-2.113499  bucket 0->0  (mf=1000)
[MF-SEL] tPrev=(  d=0.035321  dMin=0.000000  dAvg=0.037936  dMax=32.353340  Dlo=0.018968  Dhi=16.195638  err=0.000000  inc=-2.113499  bucket 0->0  (mf=1000)
[MF-SEL] tPrev=(  d=0.035232  dMin=0.000000  dAvg=0.037934  dMax=32.353340  Dlo=0.018967  Dhi=16.195637  err=0.000000  inc=-2.113499  bucket 0->0  (mf=1000)
[MF-SEL] tPrev=(  d=0.034744  dMin=0.000000  dAvg=0.037933  dMax=32.353340  Dlo=0.018966  Dhi=16.195636  err=0.000000  inc=-2.113499  bucket 0->0  (mf=1000)
[MF-SEL] tPrev=(  d=0.034615  dMin=0.000000  dAvg=0.037931  dMax=32.353340  Dlo=0.018966  Dhi=16.195636  err=0.000000  inc=-2.113499  bucket 0->0  (mf=1000)
[MF-SEL] tPrev=(  d=0.032341  dMin=0.000000  dAvg=0.037928  dMax=32.353340  Dlo=0.018964  Dhi=16.195634  err=0.000000  inc=-2.113499  bucket 0->0  (mf=1000)
[MF-SEL] tPrev=(  d=0.030187  dMin=0.000000  dAvg=0.037924  dMax=32.353340  Dlo=0.018962  Dhi=16.195632  err=0.000000  inc=-2.113499  bucket 0->0  (mf=1000)
[MF-SEL] tPrev=(  d=0.027863  dMin=0.000000  dAvg=0.037919  dMax=32.353340  Dlo=0.018960  Dhi=16.195630  err=0.000000  inc=-2.113499  bucket 0->0  (mf=1000)
[MF-SEL] tPrev=(  d=0.026169  dMin=0.000000  dAvg=0.037913  dMax=32.353340  Dlo=0.018957  Dhi=16.195627  err=0.000000  inc=-2.113499  bucket 0->0  (mf=1000)
[MF-SEL] tPrev=(  d=0.018501  dMin=0.000000  dAvg=0.037903  dMax=32.353340  Dlo=0.018952  Dhi=16.195622  err=-1.000000  inc=-3.070040  bucket 0->0  (mf=1000)
[MF-SEL] tPrev=(  d=0.022502  dMin=0.000000  dAvg=0.037895  dMax=32.353340  Dlo=0.018948  Dhi=16.195618  err=0.000000  inc=-1.779350  bucket 0->0  (mf=1000)
[MF-SEL] tPrev=(  d=0.022197  dMin=0.000000  dAvg=0.037887  dMax=32.353340  Dlo=0.018944  Dhi=16.195614  err=0.000000  inc=-2.115757  bucket 0->0  (mf=1000)
[MF-SEL] tPrev=(  d=0.021607  dMin=0.000000  dAvg=0.037879  dMax=32.353340  Dlo=0.018940  Dhi=16.195610  err=0.000000  inc=-2.115757  bucket 0->0  (mf=1000)
[MF-SEL] tPrev=(  d=0.021428  dMin=0.000000  dAvg=0.037871  dMax=32.353340  Dlo=0.018935  Dhi=16.195606  err=0.000000  inc=-2.115757  bucket 0->0  (mf=1000)
[MF-SEL] tPrev=(  d=0.022768  dMin=0.000000  dAvg=0.037863  dMax=32.353340  Dlo=0.018932  Dhi=16.195602  err=0.000000  inc=-2.115757  bucket 0->0  (mf=1000)
[MF-SEL] tPrev=(  d=0.020888  dMin=0.000000  dAvg=0.037855  dMax=32.353340  Dlo=0.018927  Dhi=16.195597  err=0.000000  inc=-2.115757  bucket 0->0  (mf=1000)
[MF-SEL] tPrev=(  d=0.020243  dMin=0.000000  dAvg=0.037846  dMax=32.353340  Dlo=0.018923  Dhi=16.195593  err=0.000000  inc=-2.115757  bucket 0->0  (mf=1000)
[MF-SEL] tPrev=(  d=0.019568  dMin=0.000000  dAvg=0.037836  dMax=32.353340  Dlo=0.018918  Dhi=16.195588  err=0.000000  inc=-2.115757  bucket 0->0  (mf=1000)
[MF-SEL] tPrev=(  d=0.018968  dMin=0.000000  dAvg=0.037827  dMax=32.353340  Dlo=0.018913  Dhi=16.195584  err=0.000000  inc=-2.115757  bucket 0->0  (mf=1000)
[MF-SEL] tPrev=(  d=0.024080  dMin=0.000000  dAvg=0.037820  dMax=32.353340  Dlo=0.018910  Dhi=16.195580  err=0.000000  inc=-2.115757  bucket 0->0  (mf=1000)
[MF-SEL] tPrev=(  d=0.018862  dMin=0.000000  dAvg=0.037810  dMax=32.353340  Dlo=0.018905  Dhi=16.195575  err=-1.000000  inc=-3.085424  bucket 0->0  (mf=1000)
[MF-SEL] tPrev=(  d=0.018894  dMin=0.000000  dAvg=0.037801  dMax=32.353340  Dlo=0.018900  Dhi=16.195570  err=-1.000000  inc=-2.720244  bucket 0->0  (mf=1000)
[MF-SEL] tPrev=(  d=0.019103  dMin=0.000000  dAvg=0.037791  dMax=32.353340  Dlo=0.018896  Dhi=16.195566  err=0.000000  inc=-1.788999  bucket 0->0  (mf=1000)
[MF-SEL] tPrev=(  d=0.019274  dMin=0.000000  dAvg=0.037782  dMax=32.353340  Dlo=0.018891  Dhi=16.195561  err=0.000000  inc=-2.120244  bucket 0->0  (mf=1000)
[MF-SEL] tPrev=(  d=0.019764  dMin=0.000000  dAvg=0.037773  dMax=32.353340  Dlo=0.018886  Dhi=16.195557  err=0.000000  inc=-2.120244  bucket 0->0  (mf=1000)
[MF-SEL] tPrev=(  d=0.020050  dMin=0.000000  dAvg=0.037764  dMax=32.353340  Dlo=0.018882  Dhi=16.195552  err=0.000000  inc=-2.120244  bucket 0->0  (mf=1000)
[MF-SEL] tPrev=(  d=0.019730  dMin=0.000000  dAvg=0.037755  dMax=32.353340  Dlo=0.018877  Dhi=16.195548  err=0.000000  inc=-2.120244  bucket 0->0  (mf=1000)
[MF-SEL] tPrev=(  d=0.027127  dMin=0.000000  dAvg=0.037750  dMax=32.353340  Dlo=0.018875  Dhi=16.195545  err=0.000000  inc=-2.120244  bucket 0->0  (mf=1000)
[MF-SEL] tPrev=(  d=0.018712  dMin=0.000000  dAvg=0.037740  dMax=32.353340  Dlo=0.018870  Dhi=16.195540  err=-1.000000  inc=-3.077589  bucket 0->0  (mf=1000)
[MF-SEL] tPrev=(  d=0.017189  dMin=0.000000  dAvg=0.037730  dMax=32.353340  Dlo=0.018865  Dhi=16.195535  err=-1.000000  inc=-2.724878  bucket 0->0  (mf=1000)
[MF-SEL] tPrev=(  d=0.016000  dMin=0.000000  dAvg=0.037719  dMax=32.353340  Dlo=0.018859  Dhi=16.195529  err=-1.000000  inc=-2.727222  bucket 0->0  (mf=1000)
[MF-SEL] tPrev=(  d=0.015020  dMin=0.000000  dAvg=0.037707  dMax=32.353340  Dlo=0.018854  Dhi=16.195524  err=-1.000000  inc=-2.729539  bucket 0->0  (mf=1000)
[MF-SEL] tPrev=(  d=0.013851  dMin=0.000000  dAvg=0.037695  dMax=32.353340  Dlo=0.018848  Dhi=16.195518  err=-1.000000  inc=-2.731752  bucket 0->0  (mf=1000)
[MF-SEL] tPrev=(  d=0.013830  dMin=0.000000  dAvg=0.037683  dMax=32.353340  Dlo=0.018842  Dhi=16.195512  err=-1.000000  inc=-2.734272  bucket 0->0  (mf=1000)
[MF-SEL] tPrev=(  d=0.013419  dMin=0.000000  dAvg=0.037671  dMax=32.353340  Dlo=0.018836  Dhi=16.195506  err=-1.000000  inc=-2.736468  bucket 0->0  (mf=1000)
[MF-SEL] tPrev=(  d=0.013232  dMin=0.000000  dAvg=0.037659  dMax=32.353340  Dlo=0.018829  Dhi=16.195500  err=-1.000000  inc=-2.738756  bucket 0->0  (mf=1000)
[MF-SEL] tPrev=(  d=0.013170  dMin=0.000000  dAvg=0.037647  dMax=32.353340  Dlo=0.018823  Dhi=16.195493  err=-1.000000  inc=-2.741123  bucket 0->0  (mf=1000)
[MF-SEL] tPrev=(  d=0.013815  dMin=0.000000  dAvg=0.037635  dMax=32.353340  Dlo=0.018817  Dhi=16.195487  err=-1.000000  inc=-2.743423  bucket 0->0  (mf=1000)
[MF-SEL] tPrev=(  d=0.014854  dMin=0.000000  dAvg=0.037623  dMax=32.353340  Dlo=0.018812  Dhi=16.195482  err=-1.000000  inc=-2.745415  bucket 0->0  (mf=1000)
[MF-SEL] tPrev=(  d=0.014155  dMin=0.000000  dAvg=0.037612  dMax=32.353340  Dlo=0.018806  Dhi=16.195476  err=-1.000000  inc=-2.748087  bucket 0->0  (mf=1000)
[MF-SEL] tPrev=(  d=0.013602  dMin=0.000000  dAvg=0.037600  dMax=32.353340  Dlo=0.018800  Dhi=16.195470  err=-1.000000  inc=-2.750275  bucket 0->0  (mf=1000)
[MF-SEL] tPrev=(  d=0.013159  dMin=0.000000  dAvg=0.037587  dMax=32.353340  Dlo=0.018794  Dhi=16.195464  err=-1.000000  inc=-2.752642  bucket 0->0  (mf=1000)
[MF-SEL] tPrev=(  d=0.013057  dMin=0.000000  dAvg=0.037575  dMax=32.353340  Dlo=0.018788  Dhi=16.195458  err=-1.000000  inc=-2.754954  bucket 0->0  (mf=1000)
[MF-SEL] tPrev=(  d=0.013277  dMin=0.000000  dAvg=0.037563  dMax=32.353340  Dlo=0.018781  Dhi=16.195452  err=-1.000000  inc=-2.757339  bucket 0->0  (mf=1000)
[MF-SEL] tPrev=(  d=0.012706  dMin=0.000000  dAvg=0.037551  dMax=32.353340  Dlo=0.018775  Dhi=16.195445  err=-1.000000  inc=-2.759826  bucket 0->0  (mf=1000)
[MF-SEL] tPrev=(  d=0.012862  dMin=0.000000  dAvg=0.037538  dMax=32.353340  Dlo=0.018769  Dhi=16.195439  err=-1.000000  inc=-2.762092  bucket 0->0  (mf=1000)
[MF-SEL] tPrev=(  d=0.013492  dMin=0.000000  dAvg=0.037526  dMax=32.353340  Dlo=0.018763  Dhi=16.195433  err=-1.000000  inc=-2.764225  bucket 0->0  (mf=1000)
[MF-SEL] tPrev=(  d=0.029039  dMin=0.000000  dAvg=0.037522  dMax=32.353340  Dlo=0.018761  Dhi=16.195431  err=0.000000  inc=-1.758781  bucket 0->0  (mf=1000)
[MF-SEL] tPrev=(  d=0.013462  dMin=0.000000  dAvg=0.037510  dMax=32.353340  Dlo=0.018755  Dhi=16.195425  err=-1.000000  inc=-3.091395  bucket 0->0  (mf=1000)
[MF-SEL] tPrev=(  d=0.013755  dMin=0.000000  dAvg=0.037498  dMax=32.353340  Dlo=0.018749  Dhi=16.195419  err=-1.000000  inc=-2.768854  bucket 0->0  (mf=1000)
[MF-SEL] tPrev=(  d=0.014477  dMin=0.000000  dAvg=0.037487  dMax=32.353340  Dlo=0.018743  Dhi=16.195413  err=-1.000000  inc=-2.771224  bucket 0->0  (mf=1000)
[MF-SEL] tPrev=(  d=0.015081  dMin=0.000000  dAvg=0.037476  dMax=32.353340  Dlo=0.018738  Dhi=16.195408  err=-1.000000  inc=-2.773485  bucket 0->0  (mf=1000)
[MF-SEL] tPrev=(  d=0.016206  dMin=0.000000  dAvg=0.037465  dMax=32.353340  Dlo=0.018733  Dhi=16.195403  err=-1.000000  inc=-2.775799  bucket 0->0  (mf=1000)
[MF-SEL] tPrev=(  d=0.017406  dMin=0.000000  dAvg=0.037455  dMax=32.353340  Dlo=0.018728  Dhi=16.195398  err=-1.000000  inc=-2.777973  bucket 0->0  (mf=1000)
[MF-SEL] tPrev=(  d=0.018392  dMin=0.000000  dAvg=0.037446  dMax=32.353340  Dlo=0.018723  Dhi=16.195393  err=-1.000000  inc=-2.780387  bucket 0->0  (mf=1000)
[MF-SEL] tPrev=(  d=0.019519  dMin=0.000000  dAvg=0.037437  dMax=32.353340  Dlo=0.018718  Dhi=16.195388  err=0.000000  inc=-1.792369  bucket 0->0  (mf=1000)
[MF-SEL] tPrev=(  d=0.020796  dMin=0.000000  dAvg=0.037428  dMax=32.353340  Dlo=0.018714  Dhi=16.195384  err=0.000000  inc=-2.180387  bucket 0->0  (mf=1000)
[MF-SEL] tPrev=(  d=0.030619  dMin=0.000000  dAvg=0.037425  dMax=32.353340  Dlo=0.018713  Dhi=16.195383  err=0.000000  inc=-2.180387  bucket 0->0  (mf=1000)
[MF-SEL] tPrev=(  d=0.022627  dMin=0.000000  dAvg=0.037418  dMax=32.353340  Dlo=0.018709  Dhi=16.195379  err=0.000000  inc=-2.180387  bucket 0->0  (mf=1000)
[MF-SEL] tPrev=(  d=0.023401  dMin=0.000000  dAvg=0.037411  dMax=32.353340  Dlo=0.018705  Dhi=16.195375  err=0.000000  inc=-2.180387  bucket 0->0  (mf=1000)
[MF-SEL] tPrev=(  d=0.022983  dMin=0.000000  dAvg=0.037404  dMax=32.353340  Dlo=0.018702  Dhi=16.195372  err=0.000000  inc=-2.180387  bucket 0->0  (mf=1000)
[MF-SEL] tPrev=(  d=0.022303  dMin=0.000000  dAvg=0.037396  dMax=32.353340  Dlo=0.018698  Dhi=16.195368  err=0.000000  inc=-2.180387  bucket 0->0  (mf=1000)
[MF-SEL] tPrev=(  d=0.021212  dMin=0.000000  dAvg=0.037388  dMax=32.353340  Dlo=0.018694  Dhi=16.195364  err=0.000000  inc=-2.180387  bucket 0->0  (mf=1000)
[MF-SEL] tPrev=(  d=0.019731  dMin=0.000000  dAvg=0.037379  dMax=32.353340  Dlo=0.018690  Dhi=16.195360  err=0.000000  inc=-2.180387  bucket 0->0  (mf=1000)
[MF-SEL] tPrev=(  d=0.019055  dMin=0.000000  dAvg=0.037370  dMax=32.353340  Dlo=0.018685  Dhi=16.195355  err=0.000000  inc=-2.180387  bucket 0->0  (mf=1000)
[MF-SEL] tPrev=(  d=0.017381  dMin=0.000000  dAvg=0.037360  dMax=32.353340  Dlo=0.018680  Dhi=16.195350  err=-1.000000  inc=-3.159856  bucket 0->0  (mf=1000)
[MF-SEL] tPrev=(  d=0.016206  dMin=0.000000  dAvg=0.037350  dMax=32.353340  Dlo=0.018675  Dhi=16.195345  err=-1.000000  inc=-2.784767  bucket 0->0  (mf=1000)
[MF-SEL] tPrev=(  d=0.014720  dMin=0.000000  dAvg=0.037339  dMax=32.353340  Dlo=0.018669  Dhi=16.195339  err=-1.000000  inc=-2.787110  bucket 0->0  (mf=1000)
[MF-SEL] tPrev=(  d=0.013276  dMin=0.000000  dAvg=0.037327  dMax=32.353340  Dlo=0.018663  Dhi=16.195334  err=-1.000000  inc=-2.789456  bucket 0->0  (mf=1000)
[MF-SEL] tPrev=(  d=0.015434  dMin=0.000000  dAvg=0.037316  dMax=32.353340  Dlo=0.018658  Dhi=16.195328  err=-1.000000  inc=-2.791637  bucket 0->0  (mf=1000)
[MF-SEL] tPrev=(  d=0.015597  dMin=0.000000  dAvg=0.037305  dMax=32.353340  Dlo=0.018653  Dhi=16.195323  err=-1.000000  inc=-2.794030  bucket 0->0  (mf=1000)
[MF-SEL] tPrev=(  d=0.016114  dMin=0.000000  dAvg=0.037295  dMax=32.353340  Dlo=0.018648  Dhi=16.195318  err=-1.000000  inc=-2.796430  bucket 0->0  (mf=1000)
[MF-SEL] tPrev=(  d=0.016086  dMin=0.000000  dAvg=0.037285  dMax=32.353340  Dlo=0.018642  Dhi=16.195312  err=-1.000000  inc=-2.798799  bucket 0->0  (mf=1000)
[MF-SEL] tPrev=(  d=0.015995  dMin=0.000000  dAvg=0.037274  dMax=32.353340  Dlo=0.018637  Dhi=16.195307  err=-1.000000  inc=-2.800983  bucket 0->0  (mf=1000)
[MF-SEL] tPrev=(  d=0.015669  dMin=0.000000  dAvg=0.037263  dMax=32.353340  Dlo=0.018632  Dhi=16.195302  err=-1.000000  inc=-2.803490  bucket 0->0  (mf=1000)
[MF-SEL] tPrev=(  d=0.014800  dMin=0.000000  dAvg=0.037252  dMax=32.353340  Dlo=0.018626  Dhi=16.195296  err=-1.000000  inc=-2.805720  bucket 0->0  (mf=1000)
[MF-SEL] tPrev=(  d=0.016382  dMin=0.000000  dAvg=0.037242  dMax=32.353340  Dlo=0.018621  Dhi=16.195291  err=-1.000000  inc=-2.808089  bucket 0->0  (mf=1000)
[MF-SEL] tPrev=(  d=0.012618  dMin=0.000000  dAvg=0.037230  dMax=32.353340  Dlo=0.018615  Dhi=16.195285  err=-1.000000  inc=-2.810534  bucket 0->0  (mf=1000)
[MF-SEL] tPrev=(  d=0.019433  dMin=0.000000  dAvg=0.037221  dMax=32.353340  Dlo=0.018611  Dhi=16.195281  err=0.000000  inc=-1.842653  bucket 0->0  (mf=1000)
[MF-SEL] tPrev=(  d=0.020015  dMin=0.000000  dAvg=0.037213  dMax=32.353340  Dlo=0.018606  Dhi=16.195277  err=0.000000  inc=-2.210534  bucket 0->0  (mf=1000)
[MF-SEL] tPrev=(  d=0.020768  dMin=0.000000  dAvg=0.037205  dMax=32.353340  Dlo=0.018602  Dhi=16.195272  err=0.000000  inc=-2.210534  bucket 0->0  (mf=1000)
[MF-SEL] tPrev=(  d=0.021359  dMin=0.000000  dAvg=0.037197  dMax=32.353340  Dlo=0.018599  Dhi=16.195269  err=0.000000  inc=-2.210534  bucket 0->0  (mf=1000)
[MF-SEL] tPrev=(  d=0.021855  dMin=0.000000  dAvg=0.037190  dMax=32.353340  Dlo=0.018595  Dhi=16.195265  err=0.000000  inc=-2.210534  bucket 0->0  (mf=1000)
[MF-SEL] tPrev=(  d=0.022614  dMin=0.000000  dAvg=0.037182  dMax=32.353340  Dlo=0.018591  Dhi=16.195261  err=0.000000  inc=-2.210534  bucket 0->0  (mf=1000)
[MF-SEL] tPrev=(  d=0.022999  dMin=0.000000  dAvg=0.037175  dMax=32.353340  Dlo=0.018588  Dhi=16.195258  err=0.000000  inc=-2.210534  bucket 0->0  (mf=1000)
[MF-SEL] tPrev=(  d=0.014415  dMin=0.000000  dAvg=0.037164  dMax=32.353340  Dlo=0.018582  Dhi=16.195252  err=-1.000000  inc=-3.169929  bucket 0->0  (mf=1000)
[MF-SEL] tPrev=(  d=0.024857  dMin=0.000000  dAvg=0.037158  dMax=32.353340  Dlo=0.018579  Dhi=16.195249  err=0.000000  inc=-1.853804  bucket 0->0  (mf=1000)
[MF-SEL] tPrev=(  d=0.025009  dMin=0.000000  dAvg=0.037152  dMax=32.353340  Dlo=0.018576  Dhi=16.195246  err=0.000000  inc=-2.212774  bucket 0->0  (mf=1000)
[MF-SEL] tPrev=(  d=0.024642  dMin=0.000000  dAvg=0.037146  dMax=32.353340  Dlo=0.018573  Dhi=16.195243  err=0.000000  inc=-2.212774  bucket 0->0  (mf=1000)
[MF-SEL] tPrev=(  d=0.023995  dMin=0.000000  dAvg=0.037140  dMax=32.353340  Dlo=0.018570  Dhi=16.195240  err=0.000000  inc=-2.212774  bucket 0->0  (mf=1000)
[MF-SEL] tPrev=(  d=0.023324  dMin=0.000000  dAvg=0.037133  dMax=32.353340  Dlo=0.018567  Dhi=16.195237  err=0.000000  inc=-2.212774  bucket 0->0  (mf=1000)
[MF-SEL] tPrev=(  d=0.022663  dMin=0.000000  dAvg=0.037126  dMax=32.353340  Dlo=0.018563  Dhi=16.195233  err=0.000000  inc=-2.212774  bucket 0->0  (mf=1000)
[MF-SEL] tPrev=(  d=0.021845  dMin=0.000000  dAvg=0.037119  dMax=32.353340  Dlo=0.018559  Dhi=16.195229  err=0.000000  inc=-2.212774  bucket 0->0  (mf=1000)
[MF-SEL] tPrev=(  d=0.018102  dMin=0.000000  dAvg=0.037109  dMax=32.353340  Dlo=0.018555  Dhi=16.195225  err=-1.000000  inc=-3.191030  bucket 0->0  (mf=1000)
[MF-SEL] tPrev=(  d=0.020561  dMin=0.000000  dAvg=0.037101  dMax=32.353340  Dlo=0.018551  Dhi=16.195221  err=0.000000  inc=-1.887043  bucket 0->0  (mf=1000)
[MF-SEL] tPrev=(  d=0.020338  dMin=0.000000  dAvg=0.037093  dMax=32.353340  Dlo=0.018547  Dhi=16.195217  err=0.000000  inc=-2.214901  bucket 0->0  (mf=1000)
[MF-SEL] tPrev=(  d=0.020178  dMin=0.000000  dAvg=0.037085  dMax=32.353340  Dlo=0.018542  Dhi=16.195213  err=0.000000  inc=-2.214901  bucket 0->0  (mf=1000)
[MF-SEL] tPrev=(  d=0.020449  dMin=0.000000  dAvg=0.037077  dMax=32.353340  Dlo=0.018538  Dhi=16.195208  err=0.000000  inc=-2.214901  bucket 0->0  (mf=1000)
[MF-SEL] tPrev=(  d=0.018363  dMin=0.000000  dAvg=0.037068  dMax=32.353340  Dlo=0.018534  Dhi=16.195204  err=-1.000000  inc=-3.167785  bucket 0->0  (mf=1000)
[MF-SEL] tPrev=(  d=0.020656  dMin=0.000000  dAvg=0.037060  dMax=32.353340  Dlo=0.018530  Dhi=16.195200  err=0.000000  inc=-1.871228  bucket 0->0  (mf=1000)
[MF-SEL] tPrev=(  d=0.021720  dMin=0.000000  dAvg=0.037052  dMax=32.353340  Dlo=0.018526  Dhi=16.195196  err=0.000000  inc=-2.217183  bucket 0->0  (mf=1000)
[MF-SEL] tPrev=(  d=0.022664  dMin=0.000000  dAvg=0.037045  dMax=32.353340  Dlo=0.018523  Dhi=16.195193  err=0.000000  inc=-2.217183  bucket 0->0  (mf=1000)
[MF-SEL] tPrev=(  d=0.023402  dMin=0.000000  dAvg=0.037039  dMax=32.353340  Dlo=0.018519  Dhi=16.195189  err=0.000000  inc=-2.217183  bucket 0->0  (mf=1000)
[MF-SEL] tPrev=(  d=0.024842  dMin=0.000000  dAvg=0.037033  dMax=32.353340  Dlo=0.018516  Dhi=16.195186  err=0.000000  inc=-2.217183  bucket 0->0  (mf=1000)
[MF-SEL] tPrev=(  d=0.025317  dMin=0.000000  dAvg=0.037027  dMax=32.353340  Dlo=0.018514  Dhi=16.195184  err=0.000000  inc=-2.217183  bucket 0->0  (mf=1000)
[MF-SEL] tPrev=(  d=0.024663  dMin=0.000000  dAvg=0.037021  dMax=32.353340  Dlo=0.018511  Dhi=16.195181  err=0.000000  inc=-2.217183  bucket 0->0  (mf=1000)
[MF-SEL] tPrev=(  d=0.023300  dMin=0.000000  dAvg=0.037014  dMax=32.353340  Dlo=0.018507  Dhi=16.195177  err=0.000000  inc=-2.217183  bucket 0->0  (mf=1000)
[MF-SEL] tPrev=(  d=0.022458  dMin=0.000000  dAvg=0.037007  dMax=32.353340  Dlo=0.018504  Dhi=16.195174  err=0.000000  inc=-2.217183  bucket 0->0  (mf=1000)
[MF-SEL] tPrev=(  d=0.023711  dMin=0.000000  dAvg=0.037001  dMax=32.353340  Dlo=0.018500  Dhi=16.195171  err=0.000000  inc=-2.217183  bucket 0->0  (mf=1000)
[MF-SEL] tPrev=(  d=0.020341  dMin=0.000000  dAvg=0.036993  dMax=32.353340  Dlo=0.018496  Dhi=16.195167  err=0.000000  inc=-2.217183  bucket 0->0  (mf=1000)
[MF-SEL] tPrev=(  d=0.019640  dMin=0.000000  dAvg=0.036985  dMax=32.353340  Dlo=0.018492  Dhi=16.195162  err=0.000000  inc=-2.217183  bucket 0->0  (mf=1000)
[MF-SEL] tPrev=(  d=0.019122  dMin=0.000000  dAvg=0.036976  dMax=32.353340  Dlo=0.018488  Dhi=16.195158  err=0.000000  inc=-2.217183  bucket 0->0  (mf=1000)
[MF-SEL] tPrev=(  d=0.019166  dMin=0.000000  dAvg=0.036967  dMax=32.353340  Dlo=0.018484  Dhi=16.195154  err=0.000000  inc=-2.217183  bucket 0->0  (mf=1000)
[MF-SEL] tPrev=(  d=0.019690  dMin=0.000000  dAvg=0.036959  dMax=32.353340  Dlo=0.018479  Dhi=16.195150  err=0.000000  inc=-2.217183  bucket 0->0  (mf=1000)
[MF-SEL] tPrev=(  d=0.020393  dMin=0.000000  dAvg=0.036951  dMax=32.353340  Dlo=0.018475  Dhi=16.195146  err=0.000000  inc=-2.217183  bucket 0->0  (mf=1000)
[MF-SEL] tPrev=(  d=0.026549  dMin=0.000000  dAvg=0.036946  dMax=32.353340  Dlo=0.018473  Dhi=16.195143  err=0.000000  inc=-2.217183  bucket 0->0  (mf=1000)
[MF-SEL] tPrev=(  d=0.022309  dMin=0.000000  dAvg=0.036939  dMax=32.353340  Dlo=0.018469  Dhi=16.195140  err=0.000000  inc=-2.217183  bucket 0->0  (mf=1000)
[MF-SEL] tPrev=(  d=0.023604  dMin=0.000000  dAvg=0.036932  dMax=32.353340  Dlo=0.018466  Dhi=16.195136  err=0.000000  inc=-2.217183  bucket 0->0  (mf=1000)
[MF-SEL] tPrev=(  d=0.024705  dMin=0.000000  dAvg=0.036927  dMax=32.353340  Dlo=0.018463  Dhi=16.195133  err=0.000000  inc=-2.217183  bucket 0->0  (mf=1000)
[MF-SEL] tPrev=(  d=0.025708  dMin=0.000000  dAvg=0.036921  dMax=32.353340  Dlo=0.018461  Dhi=16.195131  err=0.000000  inc=-2.217183  bucket 0->0  (mf=1000)
[MF-SEL] tPrev=(  d=0.026111  dMin=0.000000  dAvg=0.036916  dMax=32.353340  Dlo=0.018458  Dhi=16.195128  err=0.000000  inc=-2.217183  bucket 0->0  (mf=1000)
[MF-SEL] tPrev=(  d=0.030126  dMin=0.000000  dAvg=0.036913  dMax=32.353340  Dlo=0.018456  Dhi=16.195126  err=0.000000  inc=-2.217183  bucket 0->0  (mf=1000)
[MF-SEL] tPrev=(  d=0.025825  dMin=0.000000  dAvg=0.036907  dMax=32.353340  Dlo=0.018454  Dhi=16.195124  err=0.000000  inc=-2.217183  bucket 0->0  (mf=1000)
[MF-SEL] tPrev=(  d=0.025103  dMin=0.000000  dAvg=0.036902  dMax=32.353340  Dlo=0.018451  Dhi=16.195121  err=0.000000  inc=-2.217183  bucket 0->0  (mf=1000)
[MF-SEL] tPrev=(  d=0.024712  dMin=0.000000  dAvg=0.036896  dMax=32.353340  Dlo=0.018448  Dhi=16.195118  err=0.000000  inc=-2.217183  bucket 0->0  (mf=1000)
[MF-SEL] tPrev=(  d=0.024311  dMin=0.000000  dAvg=0.036890  dMax=32.353340  Dlo=0.018445  Dhi=16.195115  err=0.000000  inc=-2.217183  bucket 0->0  (mf=1000)
[MF-SEL] tPrev=(  d=0.024352  dMin=0.000000  dAvg=0.036884  dMax=32.353340  Dlo=0.018442  Dhi=16.195112  err=0.000000  inc=-2.217183  bucket 0->0  (mf=1000)
[MF-SEL] tPrev=(  d=0.024447  dMin=0.000000  dAvg=0.036878  dMax=32.353340  Dlo=0.018439  Dhi=16.195109  err=0.000000  inc=-2.217183  bucket 0->0  (mf=1000)
[MF-SEL] tPrev=(  d=0.025340  dMin=0.000000  dAvg=0.036872  dMax=32.353340  Dlo=0.018436  Dhi=16.195106  err=0.000000  inc=-2.217183  bucket 0->0  (mf=1000)
[MF-SEL] tPrev=(  d=0.025846  dMin=0.000000  dAvg=0.036867  dMax=32.353340  Dlo=0.018434  Dhi=16.195104  err=0.000000  inc=-2.217183  bucket 0->0  (mf=1000)
[MF-SEL] tPrev=(  d=0.025921  dMin=0.000000  dAvg=0.036862  dMax=32.353340  Dlo=0.018431  Dhi=16.195101  err=0.000000  inc=-2.217183  bucket 0->0  (mf=1000)
[MF-SEL] tPrev=(  d=0.025842  dMin=0.000000  dAvg=0.036857  dMax=32.353340  Dlo=0.018428  Dhi=16.195098  err=0.000000  inc=-2.217183  bucket 0->0  (mf=1000)
[MF-SEL] tPrev=(  d=0.025698  dMin=0.000000  dAvg=0.036851  dMax=32.353340  Dlo=0.018426  Dhi=16.195096  err=0.000000  inc=-2.217183  bucket 0->0  (mf=1000)
[MF-SEL] tPrev=(  d=0.030638  dMin=0.000000  dAvg=0.036848  dMax=32.353340  Dlo=0.018424  Dhi=16.195094  err=0.000000  inc=-2.217183  bucket 0->0  (mf=1000)
[MF-SEL] tPrev=(  d=0.026248  dMin=0.000000  dAvg=0.036843  dMax=32.353340  Dlo=0.018422  Dhi=16.195092  err=0.000000  inc=-2.217183  bucket 0->0  (mf=1000)
[MF-SEL] tPrev=(  d=0.026462  dMin=0.000000  dAvg=0.036838  dMax=32.353340  Dlo=0.018419  Dhi=16.195089  err=0.000000  inc=-2.217183  bucket 0->0  (mf=1000)
[MF-SEL] tPrev=(  d=0.026468  dMin=0.000000  dAvg=0.036833  dMax=32.353340  Dlo=0.018417  Dhi=16.195087  err=0.000000  inc=-2.217183  bucket 0->0  (mf=1000)
[MF-SEL] tPrev=(  d=0.026124  dMin=0.000000  dAvg=0.036828  dMax=32.353340  Dlo=0.018414  Dhi=16.195084  err=0.000000  inc=-2.217183  bucket 0->0  (mf=1000)
[MF-SEL] tPrev=(  d=0.025798  dMin=0.000000  dAvg=0.036823  dMax=32.353340  Dlo=0.018411  Dhi=16.195082  err=0.000000  inc=-2.217183  bucket 0->0  (mf=1000)
[MF-SEL] tPrev=(  d=0.025431  dMin=0.000000  dAvg=0.036817  dMax=32.353340  Dlo=0.018409  Dhi=16.195079  err=0.000000  inc=-2.217183  bucket 0->0  (mf=1000)
[MF-SEL] tPrev=(  d=0.025311  dMin=0.000000  dAvg=0.036812  dMax=32.353340  Dlo=0.018406  Dhi=16.195076  err=0.000000  inc=-2.217183  bucket 0->0  (mf=1000)
[MF-SEL] tPrev=(  d=0.025065  dMin=0.000000  dAvg=0.036806  dMax=32.353340  Dlo=0.018403  Dhi=16.195073  err=0.000000  inc=-2.217183  bucket 0->0  (mf=1000)
[MF-SEL] tPrev=(  d=0.025294  dMin=0.000000  dAvg=0.036801  dMax=32.353340  Dlo=0.018400  Dhi=16.195071  err=0.000000  inc=-2.217183  bucket 0->0  (mf=1000)
[MF-SEL] tPrev=(  d=0.025871  dMin=0.000000  dAvg=0.036796  dMax=32.353340  Dlo=0.018398  Dhi=16.195068  err=0.000000  inc=-2.217183  bucket 0->0  (mf=1000)
[MF-SEL] tPrev=(  d=0.028340  dMin=0.000000  dAvg=0.036792  dMax=32.353340  Dlo=0.018396  Dhi=16.195066  err=0.000000  inc=-2.217183  bucket 0->0  (mf=1000)
[MF-SEL] tPrev=(  d=0.027443  dMin=0.000000  dAvg=0.036787  dMax=32.353340  Dlo=0.018394  Dhi=16.195064  err=0.000000  inc=-2.217183  bucket 0->0  (mf=1000)
[MF-SEL] tPrev=(  d=0.028170  dMin=0.000000  dAvg=0.036783  dMax=32.353340  Dlo=0.018392  Dhi=16.195062  err=0.000000  inc=-2.217183  bucket 0->0  (mf=1000)
[MF-SEL] tPrev=(  d=0.029059  dMin=0.000000  dAvg=0.036779  dMax=32.353340  Dlo=0.018390  Dhi=16.195060  err=0.000000  inc=-2.217183  bucket 0->0  (mf=1000)
[MF-SEL] tPrev=(  d=0.030186  dMin=0.000000  dAvg=0.036776  dMax=32.353340  Dlo=0.018388  Dhi=16.195058  err=0.000000  inc=-2.217183  bucket 0->0  (mf=1000)
[MF-SEL] tPrev=(  d=0.030954  dMin=0.000000  dAvg=0.036774  dMax=32.353340  Dlo=0.018387  Dhi=16.195057  err=0.000000  inc=-2.217183  bucket 0->0  (mf=1000)
[MF-SEL] tPrev=(  d=0.032237  dMin=0.000000  dAvg=0.036771  dMax=32.353340  Dlo=0.018386  Dhi=16.195056  err=0.000000  inc=-2.217183  bucket 0->0  (mf=1000)
[MF-SEL] tPrev=(  d=0.033090  dMin=0.000000  dAvg=0.036770  dMax=32.353340  Dlo=0.018385  Dhi=16.195055  err=0.000000  inc=-2.217183  bucket 0->0  (mf=1000)
[MF-SEL] tPrev=(  d=0.032957  dMin=0.000000  dAvg=0.036768  dMax=32.353340  Dlo=0.018384  Dhi=16.195054  err=0.000000  inc=-2.217183  bucket 0->0  (mf=1000)
[MF-SEL] tPrev=(  d=0.032912  dMin=0.000000  dAvg=0.036766  dMax=32.353340  Dlo=0.018383  Dhi=16.195053  err=0.000000  inc=-2.217183  bucket 0->0  (mf=1000)
[MF-SEL] tPrev=(  d=0.032510  dMin=0.000000  dAvg=0.036764  dMax=32.353340  Dlo=0.018382  Dhi=16.195052  err=0.000000  inc=-2.217183  bucket 0->0  (mf=1000)
[MF-SEL] tPrev=(  d=0.032166  dMin=0.000000  dAvg=0.036762  dMax=32.353340  Dlo=0.018381  Dhi=16.195051  err=0.000000  inc=-2.217183  bucket 0->0  (mf=1000)
[MF-SEL] tPrev=(  d=0.032251  dMin=0.000000  dAvg=0.036760  dMax=32.353340  Dlo=0.018380  Dhi=16.195050  err=0.000000  inc=-2.217183  bucket 0->0  (mf=1000)
[MF-SEL] tPrev=(  d=0.032317  dMin=0.000000  dAvg=0.036758  dMax=32.353340  Dlo=0.018379  Dhi=16.195049  err=0.000000  inc=-2.217183  bucket 0->0  (mf=1000)
[MF-SEL] tPrev=(  d=0.031433  dMin=0.000000  dAvg=0.036755  dMax=32.353340  Dlo=0.018378  Dhi=16.195048  err=0.000000  inc=-2.217183  bucket 0->0  (mf=1000)
[MF-SEL] tPrev=(  d=0.032834  dMin=0.000000  dAvg=0.036753  dMax=32.353340  Dlo=0.018377  Dhi=16.195047  err=0.000000  inc=-2.217183  bucket 0->0  (mf=1000)
[MF-SEL] tPrev=(  d=0.033765  dMin=0.000000  dAvg=0.036752  dMax=32.353340  Dlo=0.018376  Dhi=16.195046  err=0.000000  inc=-2.217183  bucket 0->0  (mf=1000)
[MF-SEL] tPrev=(  d=0.034424  dMin=0.000000  dAvg=0.036751  dMax=32.353340  Dlo=0.018375  Dhi=16.195045  err=0.000000  inc=-2.217183  bucket 0->0  (mf=1000)
[MF-SEL] tPrev=(  d=0.035836  dMin=0.000000  dAvg=0.036750  dMax=32.353340  Dlo=0.018375  Dhi=16.195045  err=0.000000  inc=-2.217183  bucket 0->0  (mf=1000)
[MF-SEL] tPrev=(  d=0.036989  dMin=0.000000  dAvg=0.036750  dMax=32.353340  Dlo=0.018375  Dhi=16.195045  err=0.000000  inc=-2.217183  bucket 0->0  (mf=1000)
[MF-SEL] tPrev=(  d=0.038082  dMin=0.000000  dAvg=0.036751  dMax=32.353340  Dlo=0.018376  Dhi=16.195046  err=0.000000  inc=-2.217183  bucket 0->0  (mf=1000)
[MF-SEL] tPrev=(  d=0.033204  dMin=0.000000  dAvg=0.036749  dMax=32.353340  Dlo=0.018375  Dhi=16.195045  err=0.000000  inc=-2.217183  bucket 0->0  (mf=1000)
[MF-SEL] tPrev=(  d=0.041794  dMin=0.000000  dAvg=0.036752  dMax=32.353340  Dlo=0.018376  Dhi=16.195046  err=0.000000  inc=-2.217183  bucket 0->0  (mf=1000)
[MF-SEL] tPrev=(  d=0.043688  dMin=0.000000  dAvg=0.036755  dMax=32.353340  Dlo=0.018378  Dhi=16.195048  err=0.000000  inc=-2.217183  bucket 0->0  (mf=1000)
[MF-SEL] tPrev=(  d=0.045136  dMin=0.000000  dAvg=0.036759  dMax=32.353340  Dlo=0.018379  Dhi=16.195050  err=0.000000  inc=-2.217183  bucket 0->0  (mf=1000)
[MF-SEL] tPrev=(  d=0.044777  dMin=0.000000  dAvg=0.036763  dMax=32.353340  Dlo=0.018381  Dhi=16.195051  err=0.000000  inc=-2.217183  bucket 0->0  (mf=1000)
[MF-SEL] tPrev=(  d=0.048723  dMin=0.000000  dAvg=0.036768  dMax=32.353340  Dlo=0.018384  Dhi=16.195054  err=0.000000  inc=-2.217183  bucket 0->0  (mf=1000)
[MF-SEL] tPrev=(  d=0.049453  dMin=0.000000  dAvg=0.036774  dMax=32.353340  Dlo=0.018387  Dhi=16.195057  err=0.000000  inc=-2.217183  bucket 0->0  (mf=1000)
[MF-SEL] tPrev=(  d=0.050700  dMin=0.000000  dAvg=0.036781  dMax=32.353340  Dlo=0.018390  Dhi=16.195060  err=0.000000  inc=-2.217183  bucket 0->0  (mf=1000)
[MF-SEL] tPrev=(  d=0.050635  dMin=0.000000  dAvg=0.036787  dMax=32.353340  Dlo=0.018394  Dhi=16.195064  err=0.000000  inc=-2.217183  bucket 0->0  (mf=1000)
[MF-SEL] tPrev=(  d=0.052481  dMin=0.000000  dAvg=0.036795  dMax=32.353340  Dlo=0.018397  Dhi=16.195067  err=0.000000  inc=-2.217183  bucket 0->0  (mf=1000)
[MF-SEL] tPrev=(  d=0.052869  dMin=0.000000  dAvg=0.036802  dMax=32.353340  Dlo=0.018401  Dhi=16.195071  err=0.000000  inc=-2.217183  bucket 0->0  (mf=1000)
[MF-SEL] tPrev=(  d=0.053583  dMin=0.000000  dAvg=0.036810  dMax=32.353340  Dlo=0.018405  Dhi=16.195075  err=0.000000  inc=-2.217183  bucket 0->0  (mf=1000)
[MF-SEL] tPrev=(  d=0.054284  dMin=0.000000  dAvg=0.036818  dMax=32.353340  Dlo=0.018409  Dhi=16.195079  err=0.000000  inc=-2.217183  bucket 0->0  (mf=1000)
[MF-SEL] tPrev=(  d=0.046201  dMin=0.000000  dAvg=0.036823  dMax=32.353340  Dlo=0.018411  Dhi=16.195081  err=0.000000  inc=-2.217183  bucket 0->0  (mf=1000)
[MF-SEL] tPrev=(  d=0.055965  dMin=0.000000  dAvg=0.036832  dMax=32.353340  Dlo=0.018416  Dhi=16.195086  err=0.000000  inc=-2.217183  bucket 0->0  (mf=1000)
[MF-SEL] tPrev=(  d=0.056826  dMin=0.000000  dAvg=0.036841  dMax=32.353340  Dlo=0.018420  Dhi=16.195091  err=0.000000  inc=-2.217183  bucket 0->0  (mf=1000)
[MF-SEL] tPrev=(  d=0.058545  dMin=0.000000  dAvg=0.036851  dMax=32.353340  Dlo=0.018426  Dhi=16.195096  err=0.000000  inc=-2.217183  bucket 0->0  (mf=1000)
[MF-SEL] tPrev=(  d=0.059457  dMin=0.000000  dAvg=0.036862  dMax=32.353340  Dlo=0.018431  Dhi=16.195101  err=0.000000  inc=-2.217183  bucket 0->0  (mf=1000)
[MF-SEL] tPrev=(  d=0.059075  dMin=0.000000  dAvg=0.036872  dMax=32.353340  Dlo=0.018436  Dhi=16.195106  err=0.000000  inc=-2.217183  bucket 0->0  (mf=1000)
[MF-SEL] tPrev=(  d=0.057182  dMin=0.000000  dAvg=0.036882  dMax=32.353340  Dlo=0.018441  Dhi=16.195111  err=0.000000  inc=-2.217183  bucket 0->0  (mf=1000)
[MF-SEL] tPrev=(  d=0.056589  dMin=0.000000  dAvg=0.036891  dMax=32.353340  Dlo=0.018445  Dhi=16.195115  err=0.000000  inc=-2.217183  bucket 0->0  (mf=1000)
[MF-SEL] tPrev=(  d=0.052204  dMin=0.000000  dAvg=0.036898  dMax=32.353340  Dlo=0.018449  Dhi=16.195119  err=0.000000  inc=-2.217183  bucket 0->0  (mf=1000)
[MF-SEL] tPrev=(  d=0.050262  dMin=0.000000  dAvg=0.036904  dMax=32.353340  Dlo=0.018452  Dhi=16.195122  err=0.000000  inc=-2.217183  bucket 0->0  (mf=1000)
[MF-SEL] tPrev=(  d=0.048954  dMin=0.000000  dAvg=0.036910  dMax=32.353340  Dlo=0.018455  Dhi=16.195125  err=0.000000  inc=-2.217183  bucket 0->0  (mf=1000)
[MF-SEL] tPrev=(  d=0.048119  dMin=0.000000  dAvg=0.036915  dMax=32.353340  Dlo=0.018457  Dhi=16.195128  err=0.000000  inc=-2.217183  bucket 0->0  (mf=1000)
[MF-SEL] tPrev=(  d=0.047714  dMin=0.000000  dAvg=0.036920  dMax=32.353340  Dlo=0.018460  Dhi=16.195130  err=0.000000  inc=-2.217183  bucket 0->0  (mf=1000)
[MF-SEL] tPrev=(  d=0.047685  dMin=0.000000  dAvg=0.036925  dMax=32.353340  Dlo=0.018462  Dhi=16.195133  err=0.000000  inc=-2.217183  bucket 0->0  (mf=1000)
[MF-SEL] tPrev=(  d=0.047454  dMin=0.000000  dAvg=0.036930  dMax=32.353340  Dlo=0.018465  Dhi=16.195135  err=0.000000  inc=-2.217183  bucket 0->0  (mf=1000)
[MF-SEL] tPrev=(  d=0.047252  dMin=0.000000  dAvg=0.036935  dMax=32.353340  Dlo=0.018467  Dhi=16.195137  err=0.000000  inc=-2.217183  bucket 0->0  (mf=1000)
[MF-SEL] tPrev=(  d=0.047119  dMin=0.000000  dAvg=0.036939  dMax=32.353340  Dlo=0.018470  Dhi=16.195140  err=0.000000  inc=-2.217183  bucket 0->0  (mf=1000)
[MF-SEL] tPrev=(  d=0.047258  dMin=0.000000  dAvg=0.036944  dMax=32.353340  Dlo=0.018472  Dhi=16.195142  err=0.000000  inc=-2.217183  bucket 0->0  (mf=1000)
[MF-SEL] tPrev=(  d=0.047743  dMin=0.000000  dAvg=0.036949  dMax=32.353340  Dlo=0.018475  Dhi=16.195145  err=0.000000  inc=-2.217183  bucket 0->0  (mf=1000)
[MF-SEL] tPrev=(  d=0.048347  dMin=0.000000  dAvg=0.036954  dMax=32.353340  Dlo=0.018477  Dhi=16.195147  err=0.000000  inc=-2.217183  bucket 0->0  (mf=1000)
[MF-SEL] tPrev=(  d=0.048068  dMin=0.000000  dAvg=0.036960  dMax=32.353340  Dlo=0.018480  Dhi=16.195150  err=0.000000  inc=-2.217183  bucket 0->0  (mf=1000)
[MF-SEL] tPrev=(  d=0.047228  dMin=0.000000  dAvg=0.036964  dMax=32.353340  Dlo=0.018482  Dhi=16.195152  err=0.000000  inc=-2.217183  bucket 0->0  (mf=1000)
[MF-SEL] tPrev=(  d=0.045346  dMin=0.000000  dAvg=0.036968  dMax=32.353340  Dlo=0.018484  Dhi=16.195154  err=0.000000  inc=-2.217183  bucket 0->0  (mf=1000)
[MF-SEL] tPrev=(  d=0.043505  dMin=0.000000  dAvg=0.036971  dMax=32.353340  Dlo=0.018486  Dhi=16.195156  err=0.000000  inc=-2.217183  bucket 0->0  (mf=1000)
[MF-SEL] tPrev=(  d=0.042046  dMin=0.000000  dAvg=0.036974  dMax=32.353340  Dlo=0.018487  Dhi=16.195157  err=0.000000  inc=-2.217183  bucket 0->0  (mf=1000)
[MF-SEL] tPrev=(  d=0.040984  dMin=0.000000  dAvg=0.036975  dMax=32.353340  Dlo=0.018488  Dhi=16.195158  err=0.000000  inc=-2.217183  bucket 0->0  (mf=1000)
[MF-SEL] tPrev=(  d=0.040535  dMin=0.000000  dAvg=0.036977  dMax=32.353340  Dlo=0.018489  Dhi=16.195159  err=0.000000  inc=-2.217183  bucket 0->0  (mf=1000)
[MF-SEL] tPrev=(  d=0.040277  dMin=0.000000  dAvg=0.036979  dMax=32.353340  Dlo=0.018489  Dhi=16.195159  err=0.000000  inc=-2.217183  bucket 0->0  (mf=1000)
[MF-SEL] tPrev=(  d=0.040946  dMin=0.000000  dAvg=0.036980  dMax=32.353340  Dlo=0.018490  Dhi=16.195160  err=0.000000  inc=-2.217183  bucket 0->0  (mf=1000)
[MF-SEL] tPrev=(  d=0.039326  dMin=0.000000  dAvg=0.036982  dMax=32.353340  Dlo=0.018491  Dhi=16.195161  err=0.000000  inc=-2.217183  bucket 0->0  (mf=1000)
[MF-SEL] tPrev=(  d=0.039223  dMin=0.000000  dAvg=0.036983  dMax=32.353340  Dlo=0.018491  Dhi=16.195161  err=0.000000  inc=-2.217183  bucket 0->0  (mf=1000)
[MF-SEL] tPrev=(  d=0.038574  dMin=0.000000  dAvg=0.036983  dMax=32.353340  Dlo=0.018492  Dhi=16.195162  err=0.000000  inc=-2.217183  bucket 0->0  (mf=1000)
[MF-SEL] tPrev=(  d=0.037784  dMin=0.000000  dAvg=0.036984  dMax=32.353340  Dlo=0.018492  Dhi=16.195162  err=0.000000  inc=-2.217183  bucket 0->0  (mf=1000)
[MF-SEL] tPrev=(  d=0.037531  dMin=0.000000  dAvg=0.036984  dMax=32.353340  Dlo=0.018492  Dhi=16.195162  err=0.000000  inc=-2.217183  bucket 0->0  (mf=1000)
[MF-SEL] tPrev=(  d=0.037479  dMin=0.000000  dAvg=0.036984  dMax=32.353340  Dlo=0.018492  Dhi=16.195162  err=0.000000  inc=-2.217183  bucket 0->0  (mf=1000)
[MF-SEL] tPrev=(  d=0.037688  dMin=0.000000  dAvg=0.036984  dMax=32.353340  Dlo=0.018492  Dhi=16.195162  err=0.000000  inc=-2.217183  bucket 0->0  (mf=1000)
[MF-SEL] tPrev=(  d=0.038096  dMin=0.000000  dAvg=0.036985  dMax=32.353340  Dlo=0.018493  Dhi=16.195163  err=0.000000  inc=-2.217183  bucket 0->0  (mf=1000)
[MF-SEL] tPrev=(  d=0.038534  dMin=0.000000  dAvg=0.036986  dMax=32.353340  Dlo=0.018493  Dhi=16.195163  err=0.000000  inc=-2.217183  bucket 0->0  (mf=1000)
[MF-SEL] tPrev=(  d=0.040917  dMin=0.000000  dAvg=0.036988  dMax=32.353340  Dlo=0.018494  Dhi=16.195164  err=0.000000  inc=-2.217183  bucket 0->0  (mf=1000)
[MF-SEL] tPrev=(  d=0.038885  dMin=0.000000  dAvg=0.036988  dMax=32.353340  Dlo=0.018494  Dhi=16.195164  err=0.000000  inc=-2.217183  bucket 0->0  (mf=1000)
[MF-SEL] tPrev=(  d=0.039134  dMin=0.000000  dAvg=0.036989  dMax=32.353340  Dlo=0.018495  Dhi=16.195165  err=0.000000  inc=-2.217183  bucket 0->0  (mf=1000)
[MF-SEL] tPrev=(  d=0.039944  dMin=0.000000  dAvg=0.036991  dMax=32.353340  Dlo=0.018495  Dhi=16.195165  err=0.000000  inc=-2.217183  bucket 0->0  (mf=1000)
[MF-SEL] tPrev=(  d=0.040368  dMin=0.000000  dAvg=0.036992  dMax=32.353340  Dlo=0.018496  Dhi=16.195166  err=0.000000  inc=-2.217183  bucket 0->0  (mf=1000)
[MF-SEL] tPrev=(  d=0.041782  dMin=0.000000  dAvg=0.036994  dMax=32.353340  Dlo=0.018497  Dhi=16.195167  err=0.000000  inc=-2.217183  bucket 0->0  (mf=1000)
[MF-SEL] tPrev=(  d=0.042585  dMin=0.000000  dAvg=0.036997  dMax=32.353340  Dlo=0.018499  Dhi=16.195169  err=0.000000  inc=-2.217183  bucket 0->0  (mf=1000)
[MF-SEL] tPrev=(  d=0.043104  dMin=0.000000  dAvg=0.037000  dMax=32.353340  Dlo=0.018500  Dhi=16.195170  err=0.000000  inc=-2.217183  bucket 0->0  (mf=1000)
[MF-SEL] tPrev=(  d=0.043986  dMin=0.000000  dAvg=0.037003  dMax=32.353340  Dlo=0.018502  Dhi=16.195172  err=0.000000  inc=-2.217183  bucket 0->0  (mf=1000)
[MF-SEL] tPrev=(  d=0.055721  dMin=0.000000  dAvg=0.037012  dMax=32.353340  Dlo=0.018506  Dhi=16.195176  err=0.000000  inc=-2.217183  bucket 0->0  (mf=1000)
[MF-SEL] tPrev=(  d=0.046543  dMin=0.000000  dAvg=0.037016  dMax=32.353340  Dlo=0.018508  Dhi=16.195178  err=0.000000  inc=-2.217183  bucket 0->0  (mf=1000)
[MF-SEL] tPrev=(  d=0.047999  dMin=0.000000  dAvg=0.037021  dMax=32.353340  Dlo=0.018511  Dhi=16.195181  err=0.000000  inc=-2.217183  bucket 0->0  (mf=1000)
[MF-SEL] tPrev=(  d=0.049119  dMin=0.000000  dAvg=0.037027  dMax=32.353340  Dlo=0.018513  Dhi=16.195183  err=0.000000  inc=-2.217183  bucket 0->0  (mf=1000)
[MF-SEL] tPrev=(  d=0.050312  dMin=0.000000  dAvg=0.037033  dMax=32.353340  Dlo=0.018516  Dhi=16.195186  err=0.000000  inc=-2.217183  bucket 0->0  (mf=1000)
[MF-SEL] tPrev=(  d=0.051338  dMin=0.000000  dAvg=0.037039  dMax=32.353340  Dlo=0.018520  Dhi=16.195190  err=0.000000  inc=-2.217183  bucket 0->0  (mf=1000)
[MF-SEL] tPrev=(  d=0.052018  dMin=0.000000  dAvg=0.037046  dMax=32.353340  Dlo=0.018523  Dhi=16.195193  err=0.000000  inc=-2.217183  bucket 0->0  (mf=1000)
[MF-SEL] tPrev=(  d=0.052706  dMin=0.000000  dAvg=0.037053  dMax=32.353340  Dlo=0.018527  Dhi=16.195197  err=0.000000  inc=-2.217183  bucket 0->0  (mf=1000)
[MF-SEL] tPrev=(  d=0.052852  dMin=0.000000  dAvg=0.037060  dMax=32.353340  Dlo=0.018530  Dhi=16.195200  err=0.000000  inc=-2.217183  bucket 0->0  (mf=1000)
[MF-SEL] tPrev=(  d=0.052861  dMin=0.000000  dAvg=0.037068  dMax=32.353340  Dlo=0.018534  Dhi=16.195204  err=0.000000  inc=-2.217183  bucket 0->0  (mf=1000)
[MF-SEL] tPrev=(  d=0.048846  dMin=0.000000  dAvg=0.037073  dMax=32.353340  Dlo=0.018536  Dhi=16.195207  err=0.000000  inc=-2.217183  bucket 0->0  (mf=1000)
[MF-SEL] tPrev=(  d=0.053495  dMin=0.000000  dAvg=0.037080  dMax=32.353340  Dlo=0.018540  Dhi=16.195210  err=0.000000  inc=-2.217183  bucket 0->0  (mf=1000)
[MF-SEL] tPrev=(  d=0.053912  dMin=0.000000  dAvg=0.037088  dMax=32.353340  Dlo=0.018544  Dhi=16.195214  err=0.000000  inc=-2.217183  bucket 0->0  (mf=1000)
[MF-SEL] tPrev=(  d=0.053521  dMin=0.000000  dAvg=0.037096  dMax=32.353340  Dlo=0.018548  Dhi=16.195218  err=0.000000  inc=-2.217183  bucket 0->0  (mf=1000)
[MF-SEL] tPrev=(  d=0.052511  dMin=0.000000  dAvg=0.037103  dMax=32.353340  Dlo=0.018551  Dhi=16.195221  err=0.000000  inc=-2.217183  bucket 0->0  (mf=1000)
[MF-SEL] tPrev=(  d=0.054689  dMin=0.000000  dAvg=0.037111  dMax=32.353340  Dlo=0.018555  Dhi=16.195225  err=0.000000  inc=-2.217183  bucket 0->0  (mf=1000)
[MF-SEL] tPrev=(  d=0.054413  dMin=0.000000  dAvg=0.037118  dMax=32.353340  Dlo=0.018559  Dhi=16.195229  err=0.000000  inc=-2.217183  bucket 0->0  (mf=1000)
[MF-SEL] tPrev=(  d=0.054392  dMin=0.000000  dAvg=0.037126  dMax=32.353340  Dlo=0.018563  Dhi=16.195233  err=0.000000  inc=-2.217183  bucket 0->0  (mf=1000)
[MF-SEL] tPrev=(  d=0.055371  dMin=0.000000  dAvg=0.037135  dMax=32.353340  Dlo=0.018567  Dhi=16.195237  err=0.000000  inc=-2.217183  bucket 0->0  (mf=1000)
[MF-SEL] tPrev=(  d=0.055761  dMin=0.000000  dAvg=0.037143  dMax=32.353340  Dlo=0.018572  Dhi=16.195242  err=0.000000  inc=-2.217183  bucket 0->0  (mf=1000)
[MF-SEL] tPrev=(  d=0.056127  dMin=0.000000  dAvg=0.037152  dMax=32.353340  Dlo=0.018576  Dhi=16.195246  err=0.000000  inc=-2.217183  bucket 0->0  (mf=1000)
[MF-SEL] tPrev=(  d=0.051769  dMin=0.000000  dAvg=0.037158  dMax=32.353340  Dlo=0.018579  Dhi=16.195249  err=0.000000  inc=-2.217183  bucket 0->0  (mf=1000)
[MF-SEL] tPrev=(  d=0.058421  dMin=0.000000  dAvg=0.037168  dMax=32.353340  Dlo=0.018584  Dhi=16.195254  err=0.000000  inc=-2.217183  bucket 0->0  (mf=1000)
[MF-SEL] tPrev=(  d=0.058575  dMin=0.000000  dAvg=0.037178  dMax=32.353340  Dlo=0.018589  Dhi=16.195259  err=0.000000  inc=-2.217183  bucket 0->0  (mf=1000)
[MF-SEL] tPrev=(  d=0.058738  dMin=0.000000  dAvg=0.037187  dMax=32.353340  Dlo=0.018594  Dhi=16.195264  err=0.000000  inc=-2.217183  bucket 0->0  (mf=1000)
[MF-SEL] tPrev=(  d=0.059740  dMin=0.000000  dAvg=0.037198  dMax=32.353340  Dlo=0.018599  Dhi=16.195269  err=0.000000  inc=-2.217183  bucket 0->0  (mf=1000)
[MF-SEL] tPrev=(  d=0.060208  dMin=0.000000  dAvg=0.037208  dMax=32.353340  Dlo=0.018604  Dhi=16.195274  err=0.000000  inc=-2.217183  bucket 0->0  (mf=1000)
[MF-SEL] tPrev=(  d=0.060643  dMin=0.000000  dAvg=0.037219  dMax=32.353340  Dlo=0.018609  Dhi=16.195279  err=0.000000  inc=-2.217183  bucket 0->0  (mf=1000)
[MF-SEL] tPrev=(  d=0.060973  dMin=0.000000  dAvg=0.037229  dMax=32.353340  Dlo=0.018615  Dhi=16.195285  err=0.000000  inc=-2.217183  bucket 0->0  (mf=1000)
[MF-SEL] tPrev=(  d=0.050067  dMin=0.000000  dAvg=0.037235  dMax=32.353340  Dlo=0.018618  Dhi=16.195288  err=0.000000  inc=-2.217183  bucket 0->0  (mf=1000)
[MF-SEL] tPrev=(  d=0.061414  dMin=0.000000  dAvg=0.037246  dMax=32.353340  Dlo=0.018623  Dhi=16.195293  err=0.000000  inc=-2.217183  bucket 0->0  (mf=1000)
[MF-SEL] tPrev=(  d=0.061255  dMin=0.000000  dAvg=0.037257  dMax=32.353340  Dlo=0.018628  Dhi=16.195299  err=0.000000  inc=-2.217183  bucket 0->0  (mf=1000)
[MF-SEL] tPrev=(  d=0.060744  dMin=0.000000  dAvg=0.037267  dMax=32.353340  Dlo=0.018634  Dhi=16.195304  err=0.000000  inc=-2.217183  bucket 0->0  (mf=1000)
[MF-SEL] tPrev=(  d=0.060070  dMin=0.000000  dAvg=0.037278  dMax=32.353340  Dlo=0.018639  Dhi=16.195309  err=0.000000  inc=-2.217183  bucket 0->0  (mf=1000)
[MF-SEL] tPrev=(  d=0.058687  dMin=0.000000  dAvg=0.037287  dMax=32.353340  Dlo=0.018644  Dhi=16.195314  err=0.000000  inc=-2.217183  bucket 0->0  (mf=1000)
[MF-SEL] tPrev=(  d=0.057414  dMin=0.000000  dAvg=0.037296  dMax=32.353340  Dlo=0.018648  Dhi=16.195318  err=0.000000  inc=-2.217183  bucket 0->0  (mf=1000)
[MF-SEL] tPrev=(  d=0.056375  dMin=0.000000  dAvg=0.037305  dMax=32.353340  Dlo=0.018653  Dhi=16.195323  err=0.000000  inc=-2.217183  bucket 0->0  (mf=1000)
[MF-SEL] tPrev=(  d=0.055259  dMin=0.000000  dAvg=0.037313  dMax=32.353340  Dlo=0.018657  Dhi=16.195327  err=0.000000  inc=-2.217183  bucket 0->0  (mf=1000)
[MF-SEL] tPrev=(  d=0.045790  dMin=0.000000  dAvg=0.037317  dMax=32.353340  Dlo=0.018658  Dhi=16.195329  err=0.000000  inc=-2.217183  bucket 0->0  (mf=1000)
[MF-SEL] tPrev=(  d=0.052747  dMin=0.000000  dAvg=0.037324  dMax=32.353340  Dlo=0.018662  Dhi=16.195332  err=0.000000  inc=-2.217183  bucket 0->0  (mf=1000)
[MF-SEL] tPrev=(  d=0.051943  dMin=0.000000  dAvg=0.037330  dMax=32.353340  Dlo=0.018665  Dhi=16.195335  err=0.000000  inc=-2.217183  bucket 0->0  (mf=1000)
[MF-SEL] tPrev=(  d=0.051055  dMin=0.000000  dAvg=0.037337  dMax=32.353340  Dlo=0.018668  Dhi=16.195338  err=0.000000  inc=-2.217183  bucket 0->0  (mf=1000)
[MF-SEL] tPrev=(  d=0.049949  dMin=0.000000  dAvg=0.037342  dMax=32.353340  Dlo=0.018671  Dhi=16.195341  err=0.000000  inc=-2.217183  bucket 0->0  (mf=1000)
[MF-SEL] tPrev=(  d=0.048124  dMin=0.000000  dAvg=0.037347  dMax=32.353340  Dlo=0.018674  Dhi=16.195344  err=0.000000  inc=-2.217183  bucket 0->0  (mf=1000)
[MF-SEL] tPrev=(  d=0.047948  dMin=0.000000  dAvg=0.037352  dMax=32.353340  Dlo=0.018676  Dhi=16.195346  err=0.000000  inc=-2.217183  bucket 0->0  (mf=1000)
[MF-SEL] tPrev=(  d=0.046976  dMin=0.000000  dAvg=0.037356  dMax=32.353340  Dlo=0.018678  Dhi=16.195348  err=0.000000  inc=-2.217183  bucket 0->0  (mf=1000)
[MF-SEL] tPrev=(  d=0.046741  dMin=0.000000  dAvg=0.037360  dMax=32.353340  Dlo=0.018680  Dhi=16.195350  err=0.000000  inc=-2.217183  bucket 0->0  (mf=1000)
[MF-SEL] tPrev=(  d=0.046276  dMin=0.000000  dAvg=0.037364  dMax=32.353340  Dlo=0.018682  Dhi=16.195352  err=0.000000  inc=-2.217183  bucket 0->0  (mf=1000)
[MF-SEL] tPrev=(  d=0.046404  dMin=0.000000  dAvg=0.037368  dMax=32.353340  Dlo=0.018684  Dhi=16.195354  err=0.000000  inc=-2.217183  bucket 0->0  (mf=1000)
[MF-SEL] tPrev=(  d=0.046300  dMin=0.000000  dAvg=0.037372  dMax=32.353340  Dlo=0.018686  Dhi=16.195356  err=0.000000  inc=-2.217183  bucket 0->0  (mf=1000)
[MF-SEL] tPrev=(  d=0.046555  dMin=0.000000  dAvg=0.037377  dMax=32.353340  Dlo=0.018688  Dhi=16.195358  err=0.000000  inc=-2.217183  bucket 0->0  (mf=1000)
[MF-SEL] tPrev=(  d=0.047318  dMin=0.000000  dAvg=0.037381  dMax=32.353340  Dlo=0.018691  Dhi=16.195361  err=0.000000  inc=-2.217183  bucket 0->0  (mf=1000)
[MF-SEL] tPrev=(  d=0.046849  dMin=0.000000  dAvg=0.037385  dMax=32.353340  Dlo=0.018693  Dhi=16.195363  err=0.000000  inc=-2.217183  bucket 0->0  (mf=1000)
[MF-SEL] tPrev=(  d=0.046634  dMin=0.000000  dAvg=0.037389  dMax=32.353340  Dlo=0.018695  Dhi=16.195365  err=0.000000  inc=-2.217183  bucket 0->0  (mf=1000)
[MF-SEL] tPrev=(  d=0.046167  dMin=0.000000  dAvg=0.037393  dMax=32.353340  Dlo=0.018697  Dhi=16.195367  err=0.000000  inc=-2.217183  bucket 0->0  (mf=1000)
[MF-SEL] tPrev=(  d=0.048963  dMin=0.000000  dAvg=0.037399  dMax=32.353340  Dlo=0.018699  Dhi=16.195369  err=0.000000  inc=-2.217183  bucket 0->0  (mf=1000)
[MF-SEL] tPrev=(  d=0.045071  dMin=0.000000  dAvg=0.037402  dMax=32.353340  Dlo=0.018701  Dhi=16.195371  err=0.000000  inc=-2.217183  bucket 0->0  (mf=1000)
[MF-SEL] tPrev=(  d=0.044470  dMin=0.000000  dAvg=0.037405  dMax=32.353340  Dlo=0.018703  Dhi=16.195373  err=0.000000  inc=-2.217183  bucket 0->0  (mf=1000)
[MF-SEL] tPrev=(  d=0.043801  dMin=0.000000  dAvg=0.037408  dMax=32.353340  Dlo=0.018704  Dhi=16.195374  err=0.000000  inc=-2.217183  bucket 0->0  (mf=1000)
[MF-SEL] tPrev=(  d=0.042309  dMin=0.000000  dAvg=0.037410  dMax=32.353340  Dlo=0.018705  Dhi=16.195375  err=0.000000  inc=-2.217183  bucket 0->0  (mf=1000)
[MF-SEL] tPrev=(  d=0.042010  dMin=0.000000  dAvg=0.037412  dMax=32.353340  Dlo=0.018706  Dhi=16.195376  err=0.000000  inc=-2.217183  bucket 0->0  (mf=1000)
[MF-SEL] tPrev=(  d=0.041149  dMin=0.000000  dAvg=0.037414  dMax=32.353340  Dlo=0.018707  Dhi=16.195377  err=0.000000  inc=-2.217183  bucket 0->0  (mf=1000)
[MF-SEL] tPrev=(  d=0.040321  dMin=0.000000  dAvg=0.037415  dMax=32.353340  Dlo=0.018708  Dhi=16.195378  err=0.000000  inc=-2.217183  bucket 0->0  (mf=1000)
[MF-SEL] tPrev=(  d=0.048881  dMin=0.000000  dAvg=0.037420  dMax=32.353340  Dlo=0.018710  Dhi=16.195380  err=0.000000  inc=-2.217183  bucket 0->0  (mf=1000)
[MF-SEL] tPrev=(  d=0.038029  dMin=0.000000  dAvg=0.037421  dMax=32.353340  Dlo=0.018710  Dhi=16.195380  err=0.000000  inc=-2.217183  bucket 0->0  (mf=1000)
[MF-SEL] tPrev=(  d=0.036815  dMin=0.000000  dAvg=0.037420  dMax=32.353340  Dlo=0.018710  Dhi=16.195380  err=0.000000  inc=-2.217183  bucket 0->0  (mf=1000)
[MF-SEL] tPrev=(  d=0.037166  dMin=0.000000  dAvg=0.037420  dMax=32.353340  Dlo=0.018710  Dhi=16.195380  err=0.000000  inc=-2.217183  bucket 0->0  (mf=1000)
[MF-SEL] tPrev=(  d=0.034520  dMin=0.000000  dAvg=0.037419  dMax=32.353340  Dlo=0.018709  Dhi=16.195379  err=0.000000  inc=-2.217183  bucket 0->0  (mf=1000)
[MF-SEL] tPrev=(  d=0.033492  dMin=0.000000  dAvg=0.037417  dMax=32.353340  Dlo=0.018709  Dhi=16.195379  err=0.000000  inc=-2.217183  bucket 0->0  (mf=1000)
[MF-SEL] tPrev=(  d=0.031833  dMin=0.000000  dAvg=0.037415  dMax=32.353340  Dlo=0.018707  Dhi=16.195377  err=0.000000  inc=-2.217183  bucket 0->0  (mf=1000)
[MF-SEL] tPrev=(  d=0.030101  dMin=0.000000  dAvg=0.037411  dMax=32.353340  Dlo=0.018706  Dhi=16.195376  err=0.000000  inc=-2.217183  bucket 0->0  (mf=1000)
[MF-SEL] tPrev=(  d=0.021592  dMin=0.000000  dAvg=0.037404  dMax=32.353340  Dlo=0.018702  Dhi=16.195372  err=0.000000  inc=-2.217183  bucket 0->0  (mf=1000)
[MF-SEL] tPrev=(  d=0.026313  dMin=0.000000  dAvg=0.037399  dMax=32.353340  Dlo=0.018700  Dhi=16.195370  err=0.000000  inc=-2.217183  bucket 0->0  (mf=1000)
[MF-SEL] tPrev=(  d=0.024514  dMin=0.000000  dAvg=0.037394  dMax=32.353340  Dlo=0.018697  Dhi=16.195367  err=0.000000  inc=-2.217183  bucket 0->0  (mf=1000)
[MF-SEL] tPrev=(  d=0.023087  dMin=0.000000  dAvg=0.037387  dMax=32.353340  Dlo=0.018694  Dhi=16.195364  err=0.000000  inc=-2.217183  bucket 0->0  (mf=1000)
[MF-SEL] tPrev=(  d=0.022802  dMin=0.000000  dAvg=0.037381  dMax=32.353340  Dlo=0.018690  Dhi=16.195361  err=0.000000  inc=-2.217183  bucket 0->0  (mf=1000)
[MF-SEL] tPrev=(  d=0.020736  dMin=0.000000  dAvg=0.037374  dMax=32.353340  Dlo=0.018687  Dhi=16.195357  err=0.000000  inc=-2.217183  bucket 0->0  (mf=1000)
[MF-SEL] tPrev=(  d=0.020146  dMin=0.000000  dAvg=0.037366  dMax=32.353340  Dlo=0.018683  Dhi=16.195353  err=0.000000  inc=-2.217183  bucket 0->0  (mf=1000)
[MF-SEL] tPrev=(  d=0.020065  dMin=0.000000  dAvg=0.037358  dMax=32.353340  Dlo=0.018679  Dhi=16.195349  err=0.000000  inc=-2.217183  bucket 0->0  (mf=1000)
[MF-SEL] tPrev=(  d=0.019867  dMin=0.000000  dAvg=0.037351  dMax=32.353340  Dlo=0.018675  Dhi=16.195345  err=0.000000  inc=-2.217183  bucket 0->0  (mf=1000)
[MF-SEL] tPrev=(  d=0.020678  dMin=0.000000  dAvg=0.037343  dMax=32.353340  Dlo=0.018672  Dhi=16.195342  err=0.000000  inc=-2.217183  bucket 0->0  (mf=1000)
[MF-SEL] tPrev=(  d=0.019997  dMin=0.000000  dAvg=0.037336  dMax=32.353340  Dlo=0.018668  Dhi=16.195338  err=0.000000  inc=-2.217183  bucket 0->0  (mf=1000)
[MF-SEL] tPrev=(  d=0.018908  dMin=0.000000  dAvg=0.037327  dMax=32.353340  Dlo=0.018664  Dhi=16.195334  err=0.000000  inc=-2.217183  bucket 0->0  (mf=1000)
[MF-SEL] tPrev=(  d=0.014860  dMin=0.000000  dAvg=0.037318  dMax=32.353340  Dlo=0.018659  Dhi=16.195329  err=-1.000000  inc=-3.148616  bucket 0->0  (mf=1000)
[MF-SEL] tPrev=(  d=0.015743  dMin=0.000000  dAvg=0.037308  dMax=32.353340  Dlo=0.018654  Dhi=16.195324  err=-1.000000  inc=-2.821809  bucket 0->0  (mf=1000)
[MF-SEL] tPrev=(  d=0.013218  dMin=0.000000  dAvg=0.037297  dMax=32.353340  Dlo=0.018649  Dhi=16.195319  err=-1.000000  inc=-2.824202  bucket 0->0  (mf=1000)
[MF-SEL] tPrev=(  d=0.013296  dMin=0.000000  dAvg=0.037287  dMax=32.353340  Dlo=0.018643  Dhi=16.195313  err=-1.000000  inc=-2.826423  bucket 0->0  (mf=1000)
[MF-SEL] tPrev=(  d=0.012631  dMin=0.000000  dAvg=0.037276  dMax=32.353340  Dlo=0.018638  Dhi=16.195308  err=-1.000000  inc=-2.828491  bucket 0->0  (mf=1000)
[MF-SEL] tPrev=(  d=0.012583  dMin=0.000000  dAvg=0.037265  dMax=32.353340  Dlo=0.018633  Dhi=16.195303  err=-1.000000  inc=-2.830597  bucket 0->0  (mf=1000)
[MF-SEL] tPrev=(  d=0.011462  dMin=0.000000  dAvg=0.037254  dMax=32.353340  Dlo=0.018627  Dhi=16.195297  err=-1.000000  inc=-2.833292  bucket 0->0  (mf=1000)
[MF-SEL] tPrev=(  d=0.010012  dMin=0.000000  dAvg=0.037242  dMax=32.353340  Dlo=0.018621  Dhi=16.195291  err=-1.000000  inc=-2.835643  bucket 0->0  (mf=1000)
[MF-SEL] tPrev=(  d=0.008596  dMin=0.000000  dAvg=0.037229  dMax=32.353340  Dlo=0.018615  Dhi=16.195285  err=-1.000000  inc=-2.837586  bucket 0->0  (mf=1000)
[MF-SEL] tPrev=(  d=0.007201  dMin=0.000000  dAvg=0.037216  dMax=32.353340  Dlo=0.018608  Dhi=16.195278  err=-1.000000  inc=-2.839702  bucket 0->0  (mf=1000)
[MF-SEL] tPrev=(  d=0.005376  dMin=0.000000  dAvg=0.037202  dMax=32.353340  Dlo=0.018601  Dhi=16.195271  err=-1.000000  inc=-2.841863  bucket 0->0  (mf=1000)
[MF-SEL] tPrev=(  d=0.008063  dMin=0.000000  dAvg=0.037189  dMax=32.353340  Dlo=0.018595  Dhi=16.195265  err=-1.000000  inc=-2.844443  bucket 0->0  (mf=1000)
[MF-SEL] tPrev=(  d=0.008853  dMin=0.000000  dAvg=0.037177  dMax=32.353340  Dlo=0.018588  Dhi=16.195258  err=-1.000000  inc=-2.846850  bucket 0->0  (mf=1000)
[MF-SEL] tPrev=(  d=0.010777  dMin=0.000000  dAvg=0.037165  dMax=32.353340  Dlo=0.018583  Dhi=16.195253  err=-1.000000  inc=-2.849109  bucket 0->0  (mf=1000)
[MF-SEL] tPrev=(  d=0.011510  dMin=0.000000  dAvg=0.037154  dMax=32.353340  Dlo=0.018577  Dhi=16.195247  err=-1.000000  inc=-2.851557  bucket 0->0  (mf=1000)
[MF-SEL] tPrev=(  d=0.010955  dMin=0.000000  dAvg=0.037142  dMax=32.353340  Dlo=0.018571  Dhi=16.195241  err=-1.000000  inc=-2.853784  bucket 0->0  (mf=1000)
[MF-SEL] tPrev=(  d=0.010092  dMin=0.000000  dAvg=0.037131  dMax=32.353340  Dlo=0.018565  Dhi=16.195235  err=-1.000000  inc=-2.856332  bucket 0->0  (mf=1000)
[MF-SEL] tPrev=(  d=0.008856  dMin=0.000000  dAvg=0.037118  dMax=32.353340  Dlo=0.018559  Dhi=16.195229  err=-1.000000  inc=-2.858540  bucket 0->0  (mf=1000)
[MF-SEL] tPrev=(  d=0.007910  dMin=0.000000  dAvg=0.037105  dMax=32.353340  Dlo=0.018553  Dhi=16.195223  err=-1.000000  inc=-2.860910  bucket 0->0  (mf=1000)
[MF-SEL] tPrev=(  d=0.007241  dMin=0.000000  dAvg=0.037092  dMax=32.353340  Dlo=0.018546  Dhi=16.195216  err=-1.000000  inc=-2.863116  bucket 0->0  (mf=1000)
[MF-SEL] tPrev=(  d=0.011844  dMin=0.000000  dAvg=0.037081  dMax=32.353340  Dlo=0.018541  Dhi=16.195211  err=-1.000000  inc=-2.865318  bucket 0->0  (mf=1000)
[MF-SEL] tPrev=(  d=0.005007  dMin=0.000000  dAvg=0.037067  dMax=32.353340  Dlo=0.018534  Dhi=16.195204  err=-1.000000  inc=-2.867634  bucket 0->0  (mf=1000)
[MF-SEL] tPrev=(  d=0.005054  dMin=0.000000  dAvg=0.037053  dMax=32.353340  Dlo=0.018527  Dhi=16.195197  err=-1.000000  inc=-2.870093  bucket 0->0  (mf=1000)
[MF-SEL] tPrev=(  d=0.005526  dMin=0.000000  dAvg=0.037040  dMax=32.353340  Dlo=0.018520  Dhi=16.195190  err=-1.000000  inc=-2.872345  bucket 0->0  (mf=1000)
[MF-SEL] tPrev=(  d=0.006230  dMin=0.000000  dAvg=0.037026  dMax=32.353340  Dlo=0.018513  Dhi=16.195183  err=-1.000000  inc=-2.874825  bucket 0->0  (mf=1000)
[MF-SEL] tPrev=(  d=0.007369  dMin=0.000000  dAvg=0.037013  dMax=32.353340  Dlo=0.018507  Dhi=16.195177  err=-1.000000  inc=-2.877173  bucket 0->0  (mf=1000)
[MF-SEL] tPrev=(  d=0.008287  dMin=0.000000  dAvg=0.037001  dMax=32.353340  Dlo=0.018500  Dhi=16.195170  err=-1.000000  inc=-2.879515  bucket 0->0  (mf=1000)
[MF-SEL] tPrev=(  d=0.009047  dMin=0.000000  dAvg=0.036988  dMax=32.353340  Dlo=0.018494  Dhi=16.195164  err=-1.000000  inc=-2.881943  bucket 0->0  (mf=1000)
[MF-SEL] tPrev=(  d=0.009819  dMin=0.000000  dAvg=0.036977  dMax=32.353340  Dlo=0.018488  Dhi=16.195158  err=-1.000000  inc=-2.884087  bucket 0->0  (mf=1000)
[MF-SEL] tPrev=(  d=0.010665  dMin=0.000000  dAvg=0.036965  dMax=32.353340  Dlo=0.018483  Dhi=16.195153  err=-1.000000  inc=-2.886192  bucket 0->0  (mf=1000)
[MF-SEL] tPrev=(  d=0.015638  dMin=0.000000  dAvg=0.036956  dMax=32.353340  Dlo=0.018478  Dhi=16.195148  err=-1.000000  inc=-2.888371  bucket 0->0  (mf=1000)
[MF-SEL] tPrev=(  d=0.011438  dMin=0.000000  dAvg=0.036945  dMax=32.353340  Dlo=0.018472  Dhi=16.195142  err=-1.000000  inc=-2.890907  bucket 0->0  (mf=1000)
[MF-SEL] tPrev=(  d=0.012144  dMin=0.000000  dAvg=0.036934  dMax=32.353340  Dlo=0.018467  Dhi=16.195137  err=-1.000000  inc=-2.893153  bucket 0->0  (mf=1000)
[MF-SEL] tPrev=(  d=0.012754  dMin=0.000000  dAvg=0.036923  dMax=32.353340  Dlo=0.018462  Dhi=16.195132  err=-1.000000  inc=-2.895540  bucket 0->0  (mf=1000)
[MF-SEL] tPrev=(  d=0.013412  dMin=0.000000  dAvg=0.036913  dMax=32.353340  Dlo=0.018457  Dhi=16.195127  err=-1.000000  inc=-2.897821  bucket 0->0  (mf=1000)
[MF-SEL] tPrev=(  d=0.013034  dMin=0.000000  dAvg=0.036903  dMax=32.353340  Dlo=0.018451  Dhi=16.195122  err=-1.000000  inc=-2.900230  bucket 0->0  (mf=1000)
[MF-SEL] tPrev=(  d=0.011453  dMin=0.000000  dAvg=0.036892  dMax=32.353340  Dlo=0.018446  Dhi=16.195116  err=-1.000000  inc=-2.902480  bucket 0->0  (mf=1000)
[MF-SEL] tPrev=(  d=0.011629  dMin=0.000000  dAvg=0.036881  dMax=32.353340  Dlo=0.018440  Dhi=16.195111  err=-1.000000  inc=-2.904709  bucket 0->0  (mf=1000)
[MF-SEL] tPrev=(  d=0.008002  dMin=0.000000  dAvg=0.036868  dMax=32.353340  Dlo=0.018434  Dhi=16.195104  err=-1.000000  inc=-2.907179  bucket 0->0  (mf=1000)
[MF-SEL] tPrev=(  d=0.006555  dMin=0.000000  dAvg=0.036855  dMax=32.353340  Dlo=0.018428  Dhi=16.195098  err=-1.000000  inc=-2.909406  bucket 0->0  (mf=1000)
[MF-SEL] tPrev=(  d=0.005250  dMin=0.000000  dAvg=0.036841  dMax=32.353340  Dlo=0.018421  Dhi=16.195091  err=-1.000000  inc=-2.911808  bucket 0->0  (mf=1000)
[MF-SEL] tPrev=(  d=0.004903  dMin=0.000000  dAvg=0.036828  dMax=32.353340  Dlo=0.018414  Dhi=16.195084  err=-1.000000  inc=-2.914172  bucket 0->0  (mf=1000)
[MF-SEL] tPrev=(  d=0.004308  dMin=0.000000  dAvg=0.036814  dMax=32.353340  Dlo=0.018407  Dhi=16.195077  err=-1.000000  inc=-2.916912  bucket 0->0  (mf=1000)
[MF-SEL] tPrev=(  d=0.003239  dMin=0.000000  dAvg=0.036799  dMax=32.353340  Dlo=0.018400  Dhi=16.195070  err=-1.000000  inc=-2.919360  bucket 0->0  (mf=1000)
[MF-SEL] tPrev=(  d=0.003300  dMin=0.000000  dAvg=0.036785  dMax=32.353340  Dlo=0.018392  Dhi=16.195062  err=-1.000000  inc=-2.921594  bucket 0->0  (mf=1000)
[MF-SEL] tPrev=(  d=0.004211  dMin=0.000000  dAvg=0.036770  dMax=32.353340  Dlo=0.018385  Dhi=16.195055  err=-1.000000  inc=-2.923935  bucket 0->0  (mf=1000)
[MF-SEL] tPrev=(  d=0.005379  dMin=0.000000  dAvg=0.036757  dMax=32.353340  Dlo=0.018378  Dhi=16.195049  err=-1.000000  inc=-2.926211  bucket 0->0  (mf=1000)
[MF-SEL] tPrev=(  d=0.013107  dMin=0.000000  dAvg=0.036747  dMax=32.353340  Dlo=0.018373  Dhi=16.195043  err=-1.000000  inc=-2.928403  bucket 0->0  (mf=1000)
[MF-SEL] tPrev=(  d=0.007431  dMin=0.000000  dAvg=0.036734  dMax=32.353340  Dlo=0.018367  Dhi=16.195037  err=-1.000000  inc=-2.930756  bucket 0->0  (mf=1000)
[MF-SEL] tPrev=(  d=0.008793  dMin=0.000000  dAvg=0.036722  dMax=32.353340  Dlo=0.018361  Dhi=16.195031  err=-1.000000  inc=-2.933204  bucket 0->0  (mf=1000)
[MF-SEL] tPrev=(  d=0.010005  dMin=0.000000  dAvg=0.036710  dMax=32.353340  Dlo=0.018355  Dhi=16.195025  err=-1.000000  inc=-2.935555  bucket 0->0  (mf=1000)
[MF-SEL] tPrev=(  d=0.010994  dMin=0.000000  dAvg=0.036699  dMax=32.353340  Dlo=0.018350  Dhi=16.195020  err=-1.000000  inc=-2.937970  bucket 0->0  (mf=1000)
[MF-SEL] tPrev=(  d=0.010165  dMin=0.000000  dAvg=0.036688  dMax=32.353340  Dlo=0.018344  Dhi=16.195014  err=-1.000000  inc=-2.940181  bucket 0->0  (mf=1000)
[MF-SEL] tPrev=(  d=0.012560  dMin=0.000000  dAvg=0.036677  dMax=32.353340  Dlo=0.018339  Dhi=16.195009  err=-1.000000  inc=-2.942668  bucket 0->0  (mf=1000)
[MF-SEL] tPrev=(  d=0.013233  dMin=0.000000  dAvg=0.036667  dMax=32.353340  Dlo=0.018334  Dhi=16.195004  err=-1.000000  inc=-2.945150  bucket 0->0  (mf=1000)
[MF-SEL] tPrev=(  d=0.012052  dMin=0.000000  dAvg=0.036657  dMax=32.353340  Dlo=0.018328  Dhi=16.194998  err=-1.000000  inc=-2.947427  bucket 0->0  (mf=1000)
[MF-SEL] tPrev=(  d=0.011033  dMin=0.000000  dAvg=0.036646  dMax=32.353340  Dlo=0.018323  Dhi=16.194993  err=-1.000000  inc=-2.949864  bucket 0->0  (mf=1000)
[MF-SEL] tPrev=(  d=0.008943  dMin=0.000000  dAvg=0.036634  dMax=32.353340  Dlo=0.018317  Dhi=16.194987  err=-1.000000  inc=-2.952237  bucket 0->0  (mf=1000)
[MF-SEL] tPrev=(  d=0.006892  dMin=0.000000  dAvg=0.036621  dMax=32.353340  Dlo=0.018311  Dhi=16.194981  err=-1.000000  inc=-2.954672  bucket 0->0  (mf=1000)
[MF-SEL] tPrev=(  d=0.005055  dMin=0.000000  dAvg=0.036607  dMax=32.353340  Dlo=0.018304  Dhi=16.194974  err=-1.000000  inc=-2.957214  bucket 0->0  (mf=1000)
[MF-SEL] tPrev=(  d=0.003284  dMin=0.000000  dAvg=0.036593  dMax=32.353340  Dlo=0.018297  Dhi=16.194967  err=-1.000000  inc=-2.959599  bucket 0->0  (mf=1000)
[MF-SEL] tPrev=(  d=0.002900  dMin=0.000000  dAvg=0.036579  dMax=32.353340  Dlo=0.018289  Dhi=16.194959  err=-1.000000  inc=-2.961945  bucket 0->0  (mf=1000)
[MF-SEL] tPrev=(  d=0.009236  dMin=0.000000  dAvg=0.036567  dMax=32.353340  Dlo=0.018283  Dhi=16.194954  err=-1.000000  inc=-2.964132  bucket 0->0  (mf=1000)
[MF-SEL] tPrev=(  d=0.004847  dMin=0.000000  dAvg=0.036553  dMax=32.353340  Dlo=0.018277  Dhi=16.194947  err=-1.000000  inc=-2.966817  bucket 0->0  (mf=1000)
[MF-SEL] tPrev=(  d=0.005272  dMin=0.000000  dAvg=0.036540  dMax=32.353340  Dlo=0.018270  Dhi=16.194940  err=-1.000000  inc=-2.969228  bucket 0->0  (mf=1000)
[MF-SEL] tPrev=(  d=0.005389  dMin=0.000000  dAvg=0.036527  dMax=32.353340  Dlo=0.018263  Dhi=16.194933  err=-1.000000  inc=-2.971743  bucket 0->0  (mf=1000)
[MF-SEL] tPrev=(  d=0.005535  dMin=0.000000  dAvg=0.036513  dMax=32.353340  Dlo=0.018257  Dhi=16.194927  err=-1.000000  inc=-2.974383  bucket 0->0  (mf=1000)
[MF-SEL] tPrev=(  d=0.005478  dMin=0.000000  dAvg=0.036500  dMax=32.353340  Dlo=0.018250  Dhi=16.194920  err=-1.000000  inc=-2.976719  bucket 0->0  (mf=1000)
[MF-SEL] tPrev=(  d=0.005426  dMin=0.000000  dAvg=0.036487  dMax=32.353340  Dlo=0.018243  Dhi=16.194913  err=-1.000000  inc=-2.979168  bucket 0->0  (mf=1000)
[MF-SEL] tPrev=(  d=0.006352  dMin=0.000000  dAvg=0.036474  dMax=32.353340  Dlo=0.018237  Dhi=16.194907  err=-1.000000  inc=-2.981761  bucket 0->0  (mf=1000)
[MF-SEL] tPrev=(  d=0.006425  dMin=0.000000  dAvg=0.036461  dMax=32.353340  Dlo=0.018230  Dhi=16.194901  err=-1.000000  inc=-2.984219  bucket 0->0  (mf=1000)
[MF-SEL] tPrev=(  d=0.007407  dMin=0.000000  dAvg=0.036448  dMax=32.353340  Dlo=0.018224  Dhi=16.194894  err=-1.000000  inc=-2.986789  bucket 0->0  (mf=1000)
[MF-SEL] tPrev=(  d=0.005705  dMin=0.000000  dAvg=0.036435  dMax=32.353340  Dlo=0.018218  Dhi=16.194888  err=-1.000000  inc=-2.989221  bucket 0->0  (mf=1000)
[MF-SEL] tPrev=(  d=0.005809  dMin=0.000000  dAvg=0.036422  dMax=32.353340  Dlo=0.018211  Dhi=16.194881  err=-1.000000  inc=-2.991690  bucket 0->0  (mf=1000)
[MF-SEL] tPrev=(  d=0.003723  dMin=0.000000  dAvg=0.036408  dMax=32.353340  Dlo=0.018204  Dhi=16.194874  err=-1.000000  inc=-2.994242  bucket 0->0  (mf=1000)
[MF-SEL] tPrev=(  d=0.002802  dMin=0.000000  dAvg=0.036394  dMax=32.353340  Dlo=0.018197  Dhi=16.194867  err=-1.000000  inc=-2.996792  bucket 0->0  (mf=1000)
[MF-SEL] tPrev=(  d=0.003512  dMin=0.000000  dAvg=0.036380  dMax=32.353340  Dlo=0.018190  Dhi=16.194860  err=-1.000000  inc=-2.999452  bucket 0->0  (mf=1000)
[MF-SEL] tPrev=(  d=0.005504  dMin=0.000000  dAvg=0.036367  dMax=32.353340  Dlo=0.018183  Dhi=16.194853  err=-1.000000  inc=-3.002103  bucket 0->0  (mf=1000)
[MF-SEL] tPrev=(  d=0.007824  dMin=0.000000  dAvg=0.036355  dMax=32.353340  Dlo=0.018177  Dhi=16.194847  err=-1.000000  inc=-3.004766  bucket 0->0  (mf=1000)
[MF-SEL] tPrev=(  d=0.008999  dMin=0.000000  dAvg=0.036343  dMax=32.353340  Dlo=0.018171  Dhi=16.194842  err=-1.000000  inc=-3.007310  bucket 0->0  (mf=1000)
[MF-SEL] tPrev=(  d=0.009038  dMin=0.000000  dAvg=0.036331  dMax=32.353340  Dlo=0.018166  Dhi=16.194836  err=-1.000000  inc=-3.009652  bucket 0->0  (mf=1000)
[MF-SEL] tPrev=(  d=0.009250  dMin=0.000000  dAvg=0.036320  dMax=32.353340  Dlo=0.018160  Dhi=16.194830  err=-1.000000  inc=-3.012197  bucket 0->0  (mf=1000)
[MF-SEL] tPrev=(  d=0.017496  dMin=0.000000  dAvg=0.036312  dMax=32.353340  Dlo=0.018156  Dhi=16.194826  err=-1.000000  inc=-3.014735  bucket 0->0  (mf=1000)
[MF-SEL] tPrev=(  d=0.009248  dMin=0.000000  dAvg=0.036300  dMax=32.353340  Dlo=0.018150  Dhi=16.194820  err=-1.000000  inc=-3.017171  bucket 0->0  (mf=1000)
[MF-SEL] tPrev=(  d=0.009365  dMin=0.000000  dAvg=0.036289  dMax=32.353340  Dlo=0.018144  Dhi=16.194814  err=-1.000000  inc=-3.019611  bucket 0->0  (mf=1000)
[MF-SEL] tPrev=(  d=0.009361  dMin=0.000000  dAvg=0.036277  dMax=32.353340  Dlo=0.018139  Dhi=16.194809  err=-1.000000  inc=-3.022160  bucket 0->0  (mf=1000)
[MF-SEL] tPrev=(  d=0.009583  dMin=0.000000  dAvg=0.036266  dMax=32.353340  Dlo=0.018133  Dhi=16.194803  err=-1.000000  inc=-3.024653  bucket 0->0  (mf=1000)
[MF-SEL] tPrev=(  d=0.010548  dMin=0.000000  dAvg=0.036255  dMax=32.353340  Dlo=0.018127  Dhi=16.194798  err=-1.000000  inc=-3.027086  bucket 0->0  (mf=1000)
[MF-SEL] tPrev=(  d=0.011324  dMin=0.000000  dAvg=0.036244  dMax=32.353340  Dlo=0.018122  Dhi=16.194792  err=-1.000000  inc=-3.029580  bucket 0->0  (mf=1000)
[MF-SEL] tPrev=(  d=0.012672  dMin=0.000000  dAvg=0.036234  dMax=32.353340  Dlo=0.018117  Dhi=16.194787  err=-1.000000  inc=-3.032002  bucket 0->0  (mf=1000)
[MF-SEL] tPrev=(  d=0.014415  dMin=0.000000  dAvg=0.036225  dMax=32.353340  Dlo=0.018113  Dhi=16.194783  err=-1.000000  inc=-3.034481  bucket 0->0  (mf=1000)
[MF-SEL] tPrev=(  d=0.016238  dMin=0.000000  dAvg=0.036217  dMax=32.353340  Dlo=0.018108  Dhi=16.194778  err=-1.000000  inc=-3.036972  bucket 0->0  (mf=1000)
[MF-SEL] tPrev=(  d=0.018254  dMin=0.000000  dAvg=0.036209  dMax=32.353340  Dlo=0.018105  Dhi=16.194775  err=0.000000  inc=-2.094573  bucket 0->0  (mf=1000)
[MF-SEL] tPrev=(  d=0.018319  dMin=0.000000  dAvg=0.036201  dMax=32.353340  Dlo=0.018101  Dhi=16.194771  err=0.000000  inc=-2.436972  bucket 0->0  (mf=1000)
[MF-SEL] tPrev=(  d=0.019107  dMin=0.000000  dAvg=0.036194  dMax=32.353340  Dlo=0.018097  Dhi=16.194767  err=0.000000  inc=-2.436972  bucket 0->0  (mf=1000)
[MF-SEL] tPrev=(  d=0.019917  dMin=0.000000  dAvg=0.036187  dMax=32.353340  Dlo=0.018094  Dhi=16.194764  err=0.000000  inc=-2.436972  bucket 0->0  (mf=1000)
[MF-SEL] tPrev=(  d=0.020670  dMin=0.000000  dAvg=0.036181  dMax=32.353340  Dlo=0.018090  Dhi=16.194760  err=0.000000  inc=-2.436972  bucket 0->0  (mf=1000)
[MF-SEL] tPrev=(  d=0.021509  dMin=0.000000  dAvg=0.036175  dMax=32.353340  Dlo=0.018087  Dhi=16.194757  err=0.000000  inc=-2.436972  bucket 0->0  (mf=1000)
[MF-SEL] tPrev=(  d=0.022149  dMin=0.000000  dAvg=0.036169  dMax=32.353340  Dlo=0.018084  Dhi=16.194754  err=0.000000  inc=-2.436972  bucket 0->0  (mf=1000)
[MF-SEL] tPrev=(  d=0.021370  dMin=0.000000  dAvg=0.036162  dMax=32.353340  Dlo=0.018081  Dhi=16.194751  err=0.000000  inc=-2.436972  bucket 0->0  (mf=1000)
[MF-SEL] tPrev=(  d=0.019876  dMin=0.000000  dAvg=0.036156  dMax=32.353340  Dlo=0.018078  Dhi=16.194748  err=0.000000  inc=-2.436972  bucket 0->0  (mf=1000)
[MF-SEL] tPrev=(  d=0.017640  dMin=0.000000  dAvg=0.036148  dMax=32.353340  Dlo=0.018074  Dhi=16.194744  err=-1.000000  inc=-3.425718  bucket 0->0  (mf=1000)
[MF-SEL] tPrev=(  d=0.034781  dMin=0.000000  dAvg=0.036147  dMax=32.353340  Dlo=0.018074  Dhi=16.194744  err=0.000000  inc=-2.075518  bucket 0->0  (mf=1000)
[MF-SEL] tPrev=(  d=0.016369  dMin=0.000000  dAvg=0.036139  dMax=32.353340  Dlo=0.018069  Dhi=16.194739  err=-1.000000  inc=-3.404049  bucket 0->0  (mf=1000)
[MF-SEL] tPrev=(  d=0.016111  dMin=0.000000  dAvg=0.036130  dMax=32.353340  Dlo=0.018065  Dhi=16.194735  err=-1.000000  inc=-3.043575  bucket 0->0  (mf=1000)
[MF-SEL] tPrev=(  d=0.016177  dMin=0.000000  dAvg=0.036122  dMax=32.353340  Dlo=0.018061  Dhi=16.194731  err=-1.000000  inc=-3.045843  bucket 0->0  (mf=1000)
[MF-SEL] tPrev=(  d=0.016859  dMin=0.000000  dAvg=0.036114  dMax=32.353340  Dlo=0.018057  Dhi=16.194727  err=-1.000000  inc=-3.048156  bucket 0->0  (mf=1000)
[MF-SEL] tPrev=(  d=0.017619  dMin=0.000000  dAvg=0.036106  dMax=32.353340  Dlo=0.018053  Dhi=16.194723  err=-1.000000  inc=-3.050431  bucket 0->0  (mf=1000)
[MF-SEL] tPrev=(  d=0.018437  dMin=0.000000  dAvg=0.036099  dMax=32.353340  Dlo=0.018049  Dhi=16.194719  err=0.000000  inc=-2.100580  bucket 0->0  (mf=1000)
[MF-SEL] tPrev=(  d=0.018663  dMin=0.000000  dAvg=0.036091  dMax=32.353340  Dlo=0.018046  Dhi=16.194716  err=0.000000  inc=-2.450431  bucket 0->0  (mf=1000)
[MF-SEL] tPrev=(  d=0.019750  dMin=0.000000  dAvg=0.036084  dMax=32.353340  Dlo=0.018042  Dhi=16.194712  err=0.000000  inc=-2.450431  bucket 0->0  (mf=1000)
[MF-SEL] tPrev=(  d=0.020391  dMin=0.000000  dAvg=0.036078  dMax=32.353340  Dlo=0.018039  Dhi=16.194709  err=0.000000  inc=-2.450431  bucket 0->0  (mf=1000)
[MF-SEL] tPrev=(  d=0.020938  dMin=0.000000  dAvg=0.036071  dMax=32.353340  Dlo=0.018036  Dhi=16.194706  err=0.000000  inc=-2.450431  bucket 0->0  (mf=1000)
[MF-SEL] tPrev=(  d=0.024728  dMin=0.000000  dAvg=0.036067  dMax=32.353340  Dlo=0.018033  Dhi=16.194703  err=0.000000  inc=-2.450431  bucket 0->0  (mf=1000)
[MF-SEL] tPrev=(  d=0.022161  dMin=0.000000  dAvg=0.036061  dMax=32.353340  Dlo=0.018030  Dhi=16.194700  err=0.000000  inc=-2.450431  bucket 0->0  (mf=1000)
[MF-SEL] tPrev=(  d=0.022998  dMin=0.000000  dAvg=0.036055  dMax=32.353340  Dlo=0.018028  Dhi=16.194698  err=0.000000  inc=-2.450431  bucket 0->0  (mf=1000)
[MF-SEL] tPrev=(  d=0.023854  dMin=0.000000  dAvg=0.036050  dMax=32.353340  Dlo=0.018025  Dhi=16.194695  err=0.000000  inc=-2.450431  bucket 0->0  (mf=1000)
[MF-SEL] tPrev=(  d=0.024292  dMin=0.000000  dAvg=0.036045  dMax=32.353340  Dlo=0.018023  Dhi=16.194693  err=0.000000  inc=-2.450431  bucket 0->0  (mf=1000)
[MF-SEL] tPrev=(  d=0.024824  dMin=0.000000  dAvg=0.036041  dMax=32.353340  Dlo=0.018020  Dhi=16.194690  err=0.000000  inc=-2.450431  bucket 0->0  (mf=1000)
[MF-SEL] tPrev=(  d=0.025383  dMin=0.000000  dAvg=0.036036  dMax=32.353340  Dlo=0.018018  Dhi=16.194688  err=0.000000  inc=-2.450431  bucket 0->0  (mf=1000)
[MF-SEL] tPrev=(  d=0.025344  dMin=0.000000  dAvg=0.036032  dMax=32.353340  Dlo=0.018016  Dhi=16.194686  err=0.000000  inc=-2.450431  bucket 0->0  (mf=1000)
[MF-SEL] tPrev=(  d=0.024910  dMin=0.000000  dAvg=0.036027  dMax=32.353340  Dlo=0.018013  Dhi=16.194684  err=0.000000  inc=-2.450431  bucket 0->0  (mf=1000)
[MF-SEL] tPrev=(  d=0.024758  dMin=0.000000  dAvg=0.036022  dMax=32.353340  Dlo=0.018011  Dhi=16.194681  err=0.000000  inc=-2.450431  bucket 0->0  (mf=1000)
[MF-SEL] tPrev=(  d=0.023144  dMin=0.000000  dAvg=0.036017  dMax=32.353340  Dlo=0.018008  Dhi=16.194678  err=0.000000  inc=-2.450431  bucket 0->0  (mf=1000)
[MF-SEL] tPrev=(  d=0.023507  dMin=0.000000  dAvg=0.036012  dMax=32.353340  Dlo=0.018006  Dhi=16.194676  err=0.000000  inc=-2.450431  bucket 0->0  (mf=1000)
[MF-SEL] tPrev=(  d=0.023478  dMin=0.000000  dAvg=0.036006  dMax=32.353340  Dlo=0.018003  Dhi=16.194673  err=0.000000  inc=-2.450431  bucket 0->0  (mf=1000)
[MF-SEL] tPrev=(  d=0.023296  dMin=0.000000  dAvg=0.036001  dMax=32.353340  Dlo=0.018001  Dhi=16.194671  err=0.000000  inc=-2.450431  bucket 0->0  (mf=1000)
[MF-SEL] tPrev=(  d=0.023028  dMin=0.000000  dAvg=0.035996  dMax=32.353340  Dlo=0.017998  Dhi=16.194668  err=0.000000  inc=-2.450431  bucket 0->0  (mf=1000)
[MF-SEL] tPrev=(  d=0.023201  dMin=0.000000  dAvg=0.035990  dMax=32.353340  Dlo=0.017995  Dhi=16.194665  err=0.000000  inc=-2.450431  bucket 0->0  (mf=1000)
[MF-SEL] tPrev=(  d=0.023173  dMin=0.000000  dAvg=0.035985  dMax=32.353340  Dlo=0.017992  Dhi=16.194663  err=0.000000  inc=-2.450431  bucket 0->0  (mf=1000)
[MF-SEL] tPrev=(  d=0.024328  dMin=0.000000  dAvg=0.035980  dMax=32.353340  Dlo=0.017990  Dhi=16.194660  err=0.000000  inc=-2.450431  bucket 0->0  (mf=1000)
[MF-SEL] tPrev=(  d=0.022717  dMin=0.000000  dAvg=0.035975  dMax=32.353340  Dlo=0.017987  Dhi=16.194657  err=0.000000  inc=-2.450431  bucket 0->0  (mf=1000)
[MF-SEL] tPrev=(  d=0.022567  dMin=0.000000  dAvg=0.035969  dMax=32.353340  Dlo=0.017984  Dhi=16.194655  err=0.000000  inc=-2.450431  bucket 0->0  (mf=1000)
[MF-SEL] tPrev=(  d=0.022355  dMin=0.000000  dAvg=0.035963  dMax=32.353340  Dlo=0.017982  Dhi=16.194652  err=0.000000  inc=-2.450431  bucket 0->0  (mf=1000)
[MF-SEL] tPrev=(  d=0.034154  dMin=0.000000  dAvg=0.035963  dMax=32.353340  Dlo=0.017981  Dhi=16.194651  err=0.000000  inc=-2.450431  bucket 0->0  (mf=1000)
[MF-SEL] tPrev=(  d=0.023300  dMin=0.000000  dAvg=0.035957  dMax=32.353340  Dlo=0.017979  Dhi=16.194649  err=0.000000  inc=-2.450431  bucket 0->0  (mf=1000)
[MF-SEL] tPrev=(  d=0.023844  dMin=0.000000  dAvg=0.035952  dMax=32.353340  Dlo=0.017976  Dhi=16.194646  err=0.000000  inc=-2.450431  bucket 0->0  (mf=1000)
[MF-SEL] tPrev=(  d=0.024847  dMin=0.000000  dAvg=0.035948  dMax=32.353340  Dlo=0.017974  Dhi=16.194644  err=0.000000  inc=-2.450431  bucket 0->0  (mf=1000)
[MF-SEL] tPrev=(  d=0.026116  dMin=0.000000  dAvg=0.035943  dMax=32.353340  Dlo=0.017972  Dhi=16.194642  err=0.000000  inc=-2.450431  bucket 0->0  (mf=1000)
[MF-SEL] tPrev=(  d=0.027629  dMin=0.000000  dAvg=0.035940  dMax=32.353340  Dlo=0.017970  Dhi=16.194640  err=0.000000  inc=-2.450431  bucket 0->0  (mf=1000)
[MF-SEL] tPrev=(  d=0.029078  dMin=0.000000  dAvg=0.035937  dMax=32.353340  Dlo=0.017969  Dhi=16.194639  err=0.000000  inc=-2.450431  bucket 0->0  (mf=1000)
[MF-SEL] tPrev=(  d=0.038857  dMin=0.000000  dAvg=0.035938  dMax=32.353340  Dlo=0.017969  Dhi=16.194639  err=0.000000  inc=-2.450431  bucket 0->0  (mf=1000)
[MF-SEL] tPrev=(  d=0.030479  dMin=0.000000  dAvg=0.035936  dMax=32.353340  Dlo=0.017968  Dhi=16.194638  err=0.000000  inc=-2.450431  bucket 0->0  (mf=1000)
[MF-SEL] tPrev=(  d=0.030920  dMin=0.000000  dAvg=0.035934  dMax=32.353340  Dlo=0.017967  Dhi=16.194637  err=0.000000  inc=-2.450431  bucket 0->0  (mf=1000)
[MF-SEL] tPrev=(  d=0.030998  dMin=0.000000  dAvg=0.035932  dMax=32.353340  Dlo=0.017966  Dhi=16.194636  err=0.000000  inc=-2.450431  bucket 0->0  (mf=1000)
[MF-SEL] tPrev=(  d=0.031133  dMin=0.000000  dAvg=0.035930  dMax=32.353340  Dlo=0.017965  Dhi=16.194635  err=0.000000  inc=-2.450431  bucket 0->0  (mf=1000)
[MF-SEL] tPrev=(  d=0.031142  dMin=0.000000  dAvg=0.035928  dMax=32.353340  Dlo=0.017964  Dhi=16.194634  err=0.000000  inc=-2.450431  bucket 0->0  (mf=1000)
[MF-SEL] tPrev=(  d=0.030725  dMin=0.000000  dAvg=0.035926  dMax=32.353340  Dlo=0.017963  Dhi=16.194633  err=0.000000  inc=-2.450431  bucket 0->0  (mf=1000)
[MF-SEL] tPrev=(  d=0.030141  dMin=0.000000  dAvg=0.035923  dMax=32.353340  Dlo=0.017962  Dhi=16.194632  err=0.000000  inc=-2.450431  bucket 0->0  (mf=1000)
[MF-SEL] tPrev=(  d=0.036217  dMin=0.000000  dAvg=0.035924  dMax=32.353340  Dlo=0.017962  Dhi=16.194632  err=0.000000  inc=-2.450431  bucket 0->0  (mf=1000)
[MF-SEL] tPrev=(  d=0.029191  dMin=0.000000  dAvg=0.035921  dMax=32.353340  Dlo=0.017960  Dhi=16.194630  err=0.000000  inc=-2.450431  bucket 0->0  (mf=1000)
[MF-SEL] tPrev=(  d=0.028554  dMin=0.000000  dAvg=0.035918  dMax=32.353340  Dlo=0.017959  Dhi=16.194629  err=0.000000  inc=-2.450431  bucket 0->0  (mf=1000)
[MF-SEL] tPrev=(  d=0.028869  dMin=0.000000  dAvg=0.035915  dMax=32.353340  Dlo=0.017957  Dhi=16.194628  err=0.000000  inc=-2.450431  bucket 0->0  (mf=1000)
[MF-SEL] tPrev=(  d=0.029744  dMin=0.000000  dAvg=0.035912  dMax=32.353340  Dlo=0.017956  Dhi=16.194626  err=0.000000  inc=-2.450431  bucket 0->0  (mf=1000)
[MF-SEL] tPrev=(  d=0.030870  dMin=0.000000  dAvg=0.035910  dMax=32.353340  Dlo=0.017955  Dhi=16.194625  err=0.000000  inc=-2.450431  bucket 0->0  (mf=1000)
[MF-SEL] tPrev=(  d=0.032262  dMin=0.000000  dAvg=0.035909  dMax=32.353340  Dlo=0.017954  Dhi=16.194624  err=0.000000  inc=-2.450431  bucket 0->0  (mf=1000)
[MF-SEL] tPrev=(  d=0.033994  dMin=0.000000  dAvg=0.035908  dMax=32.353340  Dlo=0.017954  Dhi=16.194624  err=0.000000  inc=-2.450431  bucket 0->0  (mf=1000)
[MF-SEL] tPrev=(  d=0.033885  dMin=0.000000  dAvg=0.035907  dMax=32.353340  Dlo=0.017954  Dhi=16.194624  err=0.000000  inc=-2.450431  bucket 0->0  (mf=1000)
[MF-SEL] tPrev=(  d=0.036048  dMin=0.000000  dAvg=0.035907  dMax=32.353340  Dlo=0.017954  Dhi=16.194624  err=0.000000  inc=-2.450431  bucket 0->0  (mf=1000)
[MF-SEL] tPrev=(  d=0.036888  dMin=0.000000  dAvg=0.035908  dMax=32.353340  Dlo=0.017954  Dhi=16.194624  err=0.000000  inc=-2.450431  bucket 0->0  (mf=1000)
[MF-SEL] tPrev=(  d=0.037516  dMin=0.000000  dAvg=0.035908  dMax=32.353340  Dlo=0.017954  Dhi=16.194624  err=0.000000  inc=-2.450431  bucket 0->0  (mf=1000)
[MF-SEL] tPrev=(  d=0.037735  dMin=0.000000  dAvg=0.035909  dMax=32.353340  Dlo=0.017954  Dhi=16.194625  err=0.000000  inc=-2.450431  bucket 0->0  (mf=1000)
[MF-SEL] tPrev=(  d=0.037381  dMin=0.000000  dAvg=0.035910  dMax=32.353340  Dlo=0.017955  Dhi=16.194625  err=0.000000  inc=-2.450431  bucket 0->0  (mf=1000)
[MF-SEL] tPrev=(  d=0.047043  dMin=0.000000  dAvg=0.035914  dMax=32.353340  Dlo=0.017957  Dhi=16.194627  err=0.000000  inc=-2.450431  bucket 0->0  (mf=1000)
[MF-SEL] tPrev=(  d=0.037634  dMin=0.000000  dAvg=0.035915  dMax=32.353340  Dlo=0.017957  Dhi=16.194628  err=0.000000  inc=-2.450431  bucket 0->0  (mf=1000)
[MF-SEL] tPrev=(  d=0.037983  dMin=0.000000  dAvg=0.035916  dMax=32.353340  Dlo=0.017958  Dhi=16.194628  err=0.000000  inc=-2.450431  bucket 0->0  (mf=1000)
[MF-SEL] tPrev=(  d=0.038204  dMin=0.000000  dAvg=0.035917  dMax=32.353340  Dlo=0.017958  Dhi=16.194628  err=0.000000  inc=-2.450431  bucket 0->0  (mf=1000)
[MF-SEL] tPrev=(  d=0.038404  dMin=0.000000  dAvg=0.035918  dMax=32.353340  Dlo=0.017959  Dhi=16.194629  err=0.000000  inc=-2.450431  bucket 0->0  (mf=1000)
[MF-SEL] tPrev=(  d=0.038388  dMin=0.000000  dAvg=0.035919  dMax=32.353340  Dlo=0.017959  Dhi=16.194629  err=0.000000  inc=-2.450431  bucket 0->0  (mf=1000)
[MF-SEL] tPrev=(  d=0.038349  dMin=0.000000  dAvg=0.035920  dMax=32.353340  Dlo=0.017960  Dhi=16.194630  err=0.000000  inc=-2.450431  bucket 0->0  (mf=1000)
[MF-SEL] tPrev=(  d=0.038415  dMin=0.000000  dAvg=0.035921  dMax=32.353340  Dlo=0.017960  Dhi=16.194630  err=0.000000  inc=-2.450431  bucket 0->0  (mf=1000)
[MF-SEL] tPrev=(  d=0.038294  dMin=0.000000  dAvg=0.035922  dMax=32.353340  Dlo=0.017961  Dhi=16.194631  err=0.000000  inc=-2.450431  bucket 0->0  (mf=1000)
[MF-SEL] tPrev=(  d=0.043326  dMin=0.000000  dAvg=0.035925  dMax=32.353340  Dlo=0.017962  Dhi=16.194632  err=0.000000  inc=-2.450431  bucket 0->0  (mf=1000)
[MF-SEL] tPrev=(  d=0.036854  dMin=0.000000  dAvg=0.035925  dMax=32.353340  Dlo=0.017963  Dhi=16.194633  err=0.000000  inc=-2.450431  bucket 0->0  (mf=1000)
[MF-SEL] tPrev=(  d=0.035816  dMin=0.000000  dAvg=0.035925  dMax=32.353340  Dlo=0.017963  Dhi=16.194633  err=0.000000  inc=-2.450431  bucket 0->0  (mf=1000)
[MF-SEL] tPrev=(  d=0.035683  dMin=0.000000  dAvg=0.035925  dMax=32.353340  Dlo=0.017962  Dhi=16.194633  err=0.000000  inc=-2.450431  bucket 0->0  (mf=1000)
[MF-SEL] tPrev=(  d=0.034848  dMin=0.000000  dAvg=0.035925  dMax=32.353340  Dlo=0.017962  Dhi=16.194632  err=0.000000  inc=-2.450431  bucket 0->0  (mf=1000)
[MF-SEL] tPrev=(  d=0.034256  dMin=0.000000  dAvg=0.035924  dMax=32.353340  Dlo=0.017962  Dhi=16.194632  err=0.000000  inc=-2.450431  bucket 0->0  (mf=1000)
[MF-SEL] tPrev=(  d=0.033000  dMin=0.000000  dAvg=0.035923  dMax=32.353340  Dlo=0.017961  Dhi=16.194631  err=0.000000  inc=-2.450431  bucket 0->0  (mf=1000)
[MF-SEL] tPrev=(  d=0.033369  dMin=0.000000  dAvg=0.035922  dMax=32.353340  Dlo=0.017961  Dhi=16.194631  err=0.000000  inc=-2.450431  bucket 0->0  (mf=1000)
[MF-SEL] tPrev=(  d=0.032823  dMin=0.000000  dAvg=0.035920  dMax=32.353340  Dlo=0.017960  Dhi=16.194630  err=0.000000  inc=-2.450431  bucket 0->0  (mf=1000)
[MF-SEL] tPrev=(  d=0.032730  dMin=0.000000  dAvg=0.035919  dMax=32.353340  Dlo=0.017960  Dhi=16.194630  err=0.000000  inc=-2.450431  bucket 0->0  (mf=1000)
[MF-SEL] tPrev=(  d=0.037053  dMin=0.000000  dAvg=0.035919  dMax=32.353340  Dlo=0.017960  Dhi=16.194630  err=0.000000  inc=-2.450431  bucket 0->0  (mf=1000)
[MF-SEL] tPrev=(  d=0.034911  dMin=0.000000  dAvg=0.035919  dMax=32.353340  Dlo=0.017960  Dhi=16.194630  err=0.000000  inc=-2.450431  bucket 0->0  (mf=1000)
[MF-SEL] tPrev=(  d=0.034557  dMin=0.000000  dAvg=0.035919  dMax=32.353340  Dlo=0.017959  Dhi=16.194629  err=0.000000  inc=-2.450431  bucket 0->0  (mf=1000)
[MF-SEL] tPrev=(  d=0.034630  dMin=0.000000  dAvg=0.035918  dMax=32.353340  Dlo=0.017959  Dhi=16.194629  err=0.000000  inc=-2.450431  bucket 0->0  (mf=1000)
[MF-SEL] tPrev=(  d=0.034288  dMin=0.000000  dAvg=0.035917  dMax=32.353340  Dlo=0.017959  Dhi=16.194629  err=0.000000  inc=-2.450431  bucket 0->0  (mf=1000)
[MF-SEL] tPrev=(  d=0.033940  dMin=0.000000  dAvg=0.035917  dMax=32.353340  Dlo=0.017958  Dhi=16.194628  err=0.000000  inc=-2.450431  bucket 0->0  (mf=1000)
[MF-SEL] tPrev=(  d=0.019405  dMin=0.000000  dAvg=0.035910  dMax=32.353340  Dlo=0.017955  Dhi=16.194625  err=0.000000  inc=-2.450431  bucket 0->0  (mf=1000)
[MF-SEL] tPrev=(  d=0.033381  dMin=0.000000  dAvg=0.035909  dMax=32.353340  Dlo=0.017954  Dhi=16.194624  err=0.000000  inc=-2.450431  bucket 0->0  (mf=1000)
[MF-SEL] tPrev=(  d=0.032999  dMin=0.000000  dAvg=0.035908  dMax=32.353340  Dlo=0.017954  Dhi=16.194624  err=0.000000  inc=-2.450431  bucket 0->0  (mf=1000)
[MF-SEL] tPrev=(  d=0.032471  dMin=0.000000  dAvg=0.035906  dMax=32.353340  Dlo=0.017953  Dhi=16.194623  err=0.000000  inc=-2.450431  bucket 0->0  (mf=1000)
[MF-SEL] tPrev=(  d=0.031653  dMin=0.000000  dAvg=0.035904  dMax=32.353340  Dlo=0.017952  Dhi=16.194622  err=0.000000  inc=-2.450431  bucket 0->0  (mf=1000)
[MF-SEL] tPrev=(  d=0.030566  dMin=0.000000  dAvg=0.035902  dMax=32.353340  Dlo=0.017951  Dhi=16.194621  err=0.000000  inc=-2.450431  bucket 0->0  (mf=1000)
[MF-SEL] tPrev=(  d=0.007751  dMin=0.000000  dAvg=0.035891  dMax=32.353340  Dlo=0.017945  Dhi=16.194616  err=-1.000000  inc=-3.406617  bucket 0->0  (mf=1000)
[MF-SEL] tPrev=(  d=0.029025  dMin=0.000000  dAvg=0.035888  dMax=32.353340  Dlo=0.017944  Dhi=16.194614  err=0.000000  inc=-2.054223  bucket 0->0  (mf=1000)
[MF-SEL] tPrev=(  d=0.028748  dMin=0.000000  dAvg=0.035885  dMax=32.353340  Dlo=0.017943  Dhi=16.194613  err=0.000000  inc=-2.452691  bucket 0->0  (mf=1000)
[MF-SEL] tPrev=(  d=0.028796  dMin=0.000000  dAvg=0.035882  dMax=32.353340  Dlo=0.017941  Dhi=16.194611  err=0.000000  inc=-2.452691  bucket 0->0  (mf=1000)
[MF-SEL] tPrev=(  d=0.029135  dMin=0.000000  dAvg=0.035880  dMax=32.353340  Dlo=0.017940  Dhi=16.194610  err=0.000000  inc=-2.452691  bucket 0->0  (mf=1000)
[MF-SEL] tPrev=(  d=0.029753  dMin=0.000000  dAvg=0.035877  dMax=32.353340  Dlo=0.017939  Dhi=16.194609  err=0.000000  inc=-2.452691  bucket 0->0  (mf=1000)
[MF-SEL] tPrev=(  d=0.030359  dMin=0.000000  dAvg=0.035875  dMax=32.353340  Dlo=0.017937  Dhi=16.194607  err=0.000000  inc=-2.452691  bucket 0->0  (mf=1000)
[MF-SEL] tPrev=(  d=0.014054  dMin=0.000000  dAvg=0.035866  dMax=32.353340  Dlo=0.017933  Dhi=16.194603  err=-1.000000  inc=-3.409101  bucket 0->0  (mf=1000)
[MF-SEL] tPrev=(  d=0.031903  dMin=0.000000  dAvg=0.035864  dMax=32.353340  Dlo=0.017932  Dhi=16.194602  err=0.000000  inc=-2.116177  bucket 0->0  (mf=1000)
[MF-SEL] tPrev=(  d=0.033077  dMin=0.000000  dAvg=0.035863  dMax=32.353340  Dlo=0.017932  Dhi=16.194602  err=0.000000  inc=-2.454950  bucket 0->0  (mf=1000)
[MF-SEL] tPrev=(  d=0.034387  dMin=0.000000  dAvg=0.035863  dMax=32.353340  Dlo=0.017931  Dhi=16.194601  err=0.000000  inc=-2.454950  bucket 0->0  (mf=1000)
[MF-SEL] tPrev=(  d=0.036037  dMin=0.000000  dAvg=0.035863  dMax=32.353340  Dlo=0.017931  Dhi=16.194601  err=0.000000  inc=-2.454950  bucket 0->0  (mf=1000)
[MF-SEL] tPrev=(  d=0.037794  dMin=0.000000  dAvg=0.035864  dMax=32.353340  Dlo=0.017932  Dhi=16.194602  err=0.000000  inc=-2.454950  bucket 0->0  (mf=1000)
[MF-SEL] tPrev=(  d=0.039558  dMin=0.000000  dAvg=0.035865  dMax=32.353340  Dlo=0.017933  Dhi=16.194603  err=0.000000  inc=-2.454950  bucket 0->0  (mf=1000)
[MF-SEL] tPrev=(  d=0.040961  dMin=0.000000  dAvg=0.035867  dMax=32.353340  Dlo=0.017934  Dhi=16.194604  err=0.000000  inc=-2.454950  bucket 0->0  (mf=1000)
[MF-SEL] tPrev=(  d=0.043089  dMin=0.000000  dAvg=0.035870  dMax=32.353340  Dlo=0.017935  Dhi=16.194605  err=0.000000  inc=-2.454950  bucket 0->0  (mf=1000)
[MF-SEL] tPrev=(  d=0.030230  dMin=0.000000  dAvg=0.035868  dMax=32.353340  Dlo=0.017934  Dhi=16.194604  err=0.000000  inc=-2.454950  bucket 0->0  (mf=1000)
[MF-SEL] tPrev=(  d=0.044304  dMin=0.000000  dAvg=0.035871  dMax=32.353340  Dlo=0.017936  Dhi=16.194606  err=0.000000  inc=-2.454950  bucket 0->0  (mf=1000)
[MF-SEL] tPrev=(  d=0.045347  dMin=0.000000  dAvg=0.035875  dMax=32.353340  Dlo=0.017937  Dhi=16.194608  err=0.000000  inc=-2.454950  bucket 0->0  (mf=1000)
[MF-SEL] tPrev=(  d=0.045560  dMin=0.000000  dAvg=0.035879  dMax=32.353340  Dlo=0.017939  Dhi=16.194609  err=0.000000  inc=-2.454950  bucket 0->0  (mf=1000)
[MF-SEL] tPrev=(  d=0.048373  dMin=0.000000  dAvg=0.035884  dMax=32.353340  Dlo=0.017942  Dhi=16.194612  err=0.000000  inc=-2.454950  bucket 0->0  (mf=1000)
[MF-SEL] tPrev=(  d=0.045856  dMin=0.000000  dAvg=0.035888  dMax=32.353340  Dlo=0.017944  Dhi=16.194614  err=0.000000  inc=-2.454950  bucket 0->0  (mf=1000)
[MF-SEL] tPrev=(  d=0.045384  dMin=0.000000  dAvg=0.035892  dMax=32.353340  Dlo=0.017946  Dhi=16.194616  err=0.000000  inc=-2.454950  bucket 0->0  (mf=1000)
[MF-SEL] tPrev=(  d=0.045246  dMin=0.000000  dAvg=0.035895  dMax=32.353340  Dlo=0.017948  Dhi=16.194618  err=0.000000  inc=-2.454950  bucket 0->0  (mf=1000)
[MF-SEL] tPrev=(  d=0.045299  dMin=0.000000  dAvg=0.035899  dMax=32.353340  Dlo=0.017950  Dhi=16.194620  err=0.000000  inc=-2.454950  bucket 0->0  (mf=1000)
[MF-SEL] tPrev=(  d=0.044248  dMin=0.000000  dAvg=0.035903  dMax=32.353340  Dlo=0.017951  Dhi=16.194621  err=0.000000  inc=-2.454950  bucket 0->0  (mf=1000)
[MF-SEL] tPrev=(  d=0.045874  dMin=0.000000  dAvg=0.035907  dMax=32.353340  Dlo=0.017953  Dhi=16.194623  err=0.000000  inc=-2.454950  bucket 0->0  (mf=1000)
[MF-SEL] tPrev=(  d=0.046615  dMin=0.000000  dAvg=0.035911  dMax=32.353340  Dlo=0.017955  Dhi=16.194626  err=0.000000  inc=-2.454950  bucket 0->0  (mf=1000)
[MF-SEL] tPrev=(  d=0.047117  dMin=0.000000  dAvg=0.035915  dMax=32.353340  Dlo=0.017958  Dhi=16.194628  err=0.000000  inc=-2.454950  bucket 0->0  (mf=1000)
[MF-SEL] tPrev=(  d=0.047124  dMin=0.000000  dAvg=0.035920  dMax=32.353340  Dlo=0.017960  Dhi=16.194630  err=0.000000  inc=-2.454950  bucket 0->0  (mf=1000)
[MF-SEL] tPrev=(  d=0.047544  dMin=0.000000  dAvg=0.035925  dMax=32.353340  Dlo=0.017962  Dhi=16.194632  err=0.000000  inc=-2.454950  bucket 0->0  (mf=1000)
[MF-SEL] tPrev=(  d=0.047313  dMin=0.000000  dAvg=0.035929  dMax=32.353340  Dlo=0.017965  Dhi=16.194635  err=0.000000  inc=-2.454950  bucket 0->0  (mf=1000)
[MF-SEL] tPrev=(  d=0.054561  dMin=0.000000  dAvg=0.035937  dMax=32.353340  Dlo=0.017968  Dhi=16.194638  err=0.000000  inc=-2.454950  bucket 0->0  (mf=1000)
[MF-SEL] tPrev=(  d=0.047441  dMin=0.000000  dAvg=0.035941  dMax=32.353340  Dlo=0.017971  Dhi=16.194641  err=0.000000  inc=-2.454950  bucket 0->0  (mf=1000)
[MF-SEL] tPrev=(  d=0.047056  dMin=0.000000  dAvg=0.035946  dMax=32.353340  Dlo=0.017973  Dhi=16.194643  err=0.000000  inc=-2.454950  bucket 0->0  (mf=1000)
[MF-SEL] tPrev=(  d=0.046630  dMin=0.000000  dAvg=0.035950  dMax=32.353340  Dlo=0.017975  Dhi=16.194645  err=0.000000  inc=-2.454950  bucket 0->0  (mf=1000)
[MF-SEL] tPrev=(  d=0.046232  dMin=0.000000  dAvg=0.035954  dMax=32.353340  Dlo=0.017977  Dhi=16.194647  err=0.000000  inc=-2.454950  bucket 0->0  (mf=1000)
[MF-SEL] tPrev=(  d=0.042123  dMin=0.000000  dAvg=0.035957  dMax=32.353340  Dlo=0.017978  Dhi=16.194648  err=0.000000  inc=-2.454950  bucket 0->0  (mf=1000)
[MF-SEL] tPrev=(  d=0.044055  dMin=0.000000  dAvg=0.035960  dMax=32.353340  Dlo=0.017980  Dhi=16.194650  err=0.000000  inc=-2.454950  bucket 0->0  (mf=1000)
[MF-SEL] tPrev=(  d=0.042978  dMin=0.000000  dAvg=0.035963  dMax=32.353340  Dlo=0.017981  Dhi=16.194651  err=0.000000  inc=-2.454950  bucket 0->0  (mf=1000)
[MF-SEL] tPrev=(  d=0.042428  dMin=0.000000  dAvg=0.035965  dMax=32.353340  Dlo=0.017983  Dhi=16.194653  err=0.000000  inc=-2.454950  bucket 0->0  (mf=1000)
[MF-SEL] tPrev=(  d=0.042881  dMin=0.000000  dAvg=0.035968  dMax=32.353340  Dlo=0.017984  Dhi=16.194654  err=0.000000  inc=-2.454950  bucket 0->0  (mf=1000)
[MF-SEL] tPrev=(  d=0.043024  dMin=0.000000  dAvg=0.035971  dMax=32.353340  Dlo=0.017985  Dhi=16.194655  err=0.000000  inc=-2.454950  bucket 0->0  (mf=1000)
[MF-SEL] tPrev=(  d=0.048194  dMin=0.000000  dAvg=0.035976  dMax=32.353340  Dlo=0.017988  Dhi=16.194658  err=0.000000  inc=-2.454950  bucket 0->0  (mf=1000)
[MF-SEL] tPrev=(  d=0.043007  dMin=0.000000  dAvg=0.035978  dMax=32.353340  Dlo=0.017989  Dhi=16.194659  err=0.000000  inc=-2.454950  bucket 0->0  (mf=1000)
[MF-SEL] tPrev=(  d=0.043228  dMin=0.000000  dAvg=0.035981  dMax=32.353340  Dlo=0.017991  Dhi=16.194661  err=0.000000  inc=-2.454950  bucket 0->0  (mf=1000)
[MF-SEL] tPrev=(  d=0.044433  dMin=0.000000  dAvg=0.035985  dMax=32.353340  Dlo=0.017992  Dhi=16.194662  err=0.000000  inc=-2.454950  bucket 0->0  (mf=1000)
[MF-SEL] tPrev=(  d=0.045646  dMin=0.000000  dAvg=0.035989  dMax=32.353340  Dlo=0.017994  Dhi=16.194664  err=0.000000  inc=-2.454950  bucket 0->0  (mf=1000)
[MF-SEL] tPrev=(  d=0.047033  dMin=0.000000  dAvg=0.035993  dMax=32.353340  Dlo=0.017997  Dhi=16.194667  err=0.000000  inc=-2.454950  bucket 0->0  (mf=1000)
[MF-SEL] tPrev=(  d=0.048213  dMin=0.000000  dAvg=0.035998  dMax=32.353340  Dlo=0.017999  Dhi=16.194669  err=0.000000  inc=-2.454950  bucket 0->0  (mf=1000)
[MF-SEL] tPrev=(  d=0.056484  dMin=0.000000  dAvg=0.036006  dMax=32.353340  Dlo=0.018003  Dhi=16.194673  err=0.000000  inc=-2.454950  bucket 0->0  (mf=1000)
[MF-SEL] tPrev=(  d=0.048339  dMin=0.000000  dAvg=0.036011  dMax=32.353340  Dlo=0.018005  Dhi=16.194676  err=0.000000  inc=-2.454950  bucket 0->0  (mf=1000)
[MF-SEL] tPrev=(  d=0.048864  dMin=0.000000  dAvg=0.036016  dMax=32.353340  Dlo=0.018008  Dhi=16.194678  err=0.000000  inc=-2.454950  bucket 0->0  (mf=1000)
[MF-SEL] tPrev=(  d=0.049180  dMin=0.000000  dAvg=0.036021  dMax=32.353340  Dlo=0.018011  Dhi=16.194681  err=0.000000  inc=-2.454950  bucket 0->0  (mf=1000)
[MF-SEL] tPrev=(  d=0.049567  dMin=0.000000  dAvg=0.036027  dMax=32.353340  Dlo=0.018013  Dhi=16.194683  err=0.000000  inc=-2.454950  bucket 0->0  (mf=1000)
[MF-SEL] tPrev=(  d=0.050169  dMin=0.000000  dAvg=0.036032  dMax=32.353340  Dlo=0.018016  Dhi=16.194686  err=0.000000  inc=-2.454950  bucket 0->0  (mf=1000)
[MF-SEL] tPrev=(  d=0.050688  dMin=0.000000  dAvg=0.036038  dMax=32.353340  Dlo=0.018019  Dhi=16.194689  err=0.000000  inc=-2.454950  bucket 0->0  (mf=1000)
[MF-SEL] tPrev=(  d=0.051121  dMin=0.000000  dAvg=0.036044  dMax=32.353340  Dlo=0.018022  Dhi=16.194692  err=0.000000  inc=-2.454950  bucket 0->0  (mf=1000)
[MF-SEL] tPrev=(  d=0.051287  dMin=0.000000  dAvg=0.036050  dMax=32.353340  Dlo=0.018025  Dhi=16.194695  err=0.000000  inc=-2.454950  bucket 0->0  (mf=1000)
[MF-SEL] tPrev=(  d=0.063712  dMin=0.000000  dAvg=0.036061  dMax=32.353340  Dlo=0.018031  Dhi=16.194701  err=0.000000  inc=-2.454950  bucket 0->0  (mf=1000)
[MF-SEL] tPrev=(  d=0.049538  dMin=0.000000  dAvg=0.036066  dMax=32.353340  Dlo=0.018033  Dhi=16.194703  err=0.000000  inc=-2.454950  bucket 0->0  (mf=1000)
[MF-SEL] tPrev=(  d=0.049080  dMin=0.000000  dAvg=0.036072  dMax=32.353340  Dlo=0.018036  Dhi=16.194706  err=0.000000  inc=-2.454950  bucket 0->0  (mf=1000)
[MF-SEL] tPrev=(  d=0.049020  dMin=0.000000  dAvg=0.036077  dMax=32.353340  Dlo=0.018038  Dhi=16.194708  err=0.000000  inc=-2.454950  bucket 0->0  (mf=1000)
[MF-SEL] tPrev=(  d=0.049257  dMin=0.000000  dAvg=0.036082  dMax=32.353340  Dlo=0.018041  Dhi=16.194711  err=0.000000  inc=-2.454950  bucket 0->0  (mf=1000)
[MF-SEL] tPrev=(  d=0.048776  dMin=0.000000  dAvg=0.036087  dMax=32.353340  Dlo=0.018044  Dhi=16.194714  err=0.000000  inc=-2.454950  bucket 0->0  (mf=1000)
[MF-SEL] tPrev=(  d=0.048295  dMin=0.000000  dAvg=0.036092  dMax=32.353340  Dlo=0.018046  Dhi=16.194716  err=0.000000  inc=-2.454950  bucket 0->0  (mf=1000)
[MF-SEL] tPrev=(  d=0.050038  dMin=0.000000  dAvg=0.036097  dMax=32.353340  Dlo=0.018049  Dhi=16.194719  err=0.000000  inc=-2.454950  bucket 0->0  (mf=1000)
[MF-SEL] tPrev=(  d=0.062664  dMin=0.000000  dAvg=0.036108  dMax=32.353340  Dlo=0.018054  Dhi=16.194724  err=0.000000  inc=-2.454950  bucket 0->0  (mf=1000)
[MF-SEL] tPrev=(  d=0.045316  dMin=0.000000  dAvg=0.036112  dMax=32.353340  Dlo=0.018056  Dhi=16.194726  err=0.000000  inc=-2.454950  bucket 0->0  (mf=1000)
[MF-SEL] tPrev=(  d=0.044937  dMin=0.000000  dAvg=0.036115  dMax=32.353340  Dlo=0.018058  Dhi=16.194728  err=0.000000  inc=-2.454950  bucket 0->0  (mf=1000)
[MF-SEL] tPrev=(  d=0.044160  dMin=0.000000  dAvg=0.036118  dMax=32.353340  Dlo=0.018059  Dhi=16.194729  err=0.000000  inc=-2.454950  bucket 0->0  (mf=1000)
[MF-SEL] tPrev=(  d=0.044291  dMin=0.000000  dAvg=0.036121  dMax=32.353340  Dlo=0.018061  Dhi=16.194731  err=0.000000  inc=-2.454950  bucket 0->0  (mf=1000)
[MF-SEL] tPrev=(  d=0.043935  dMin=0.000000  dAvg=0.036125  dMax=32.353340  Dlo=0.018062  Dhi=16.194732  err=0.000000  inc=-2.454950  bucket 0->0  (mf=1000)
[MF-SEL] tPrev=(  d=0.049078  dMin=0.000000  dAvg=0.036130  dMax=32.353340  Dlo=0.018065  Dhi=16.194735  err=0.000000  inc=-2.454950  bucket 0->0  (mf=1000)
[MF-SEL] tPrev=(  d=0.045771  dMin=0.000000  dAvg=0.036133  dMax=32.353340  Dlo=0.018067  Dhi=16.194737  err=0.000000  inc=-2.454950  bucket 0->0  (mf=1000)
[MF-SEL] tPrev=(  d=0.065846  dMin=0.000000  dAvg=0.036145  dMax=32.353340  Dlo=0.018073  Dhi=16.194743  err=0.000000  inc=-2.454950  bucket 0->0  (mf=1000)
[MF-SEL] tPrev=(  d=0.044988  dMin=0.000000  dAvg=0.036149  dMax=32.353340  Dlo=0.018074  Dhi=16.194744  err=0.000000  inc=-2.454950  bucket 0->0  (mf=1000)
[MF-SEL] tPrev=(  d=0.045004  dMin=0.000000  dAvg=0.036152  dMax=32.353340  Dlo=0.018076  Dhi=16.194746  err=0.000000  inc=-2.454950  bucket 0->0  (mf=1000)
[MF-SEL] tPrev=(  d=0.045091  dMin=0.000000  dAvg=0.036156  dMax=32.353340  Dlo=0.018078  Dhi=16.194748  err=0.000000  inc=-2.454950  bucket 0->0  (mf=1000)
[MF-SEL] tPrev=(  d=0.045445  dMin=0.000000  dAvg=0.036159  dMax=32.353340  Dlo=0.018080  Dhi=16.194750  err=0.000000  inc=-2.454950  bucket 0->0  (mf=1000)
[MF-SEL] tPrev=(  d=0.045786  dMin=0.000000  dAvg=0.036163  dMax=32.353340  Dlo=0.018082  Dhi=16.194752  err=0.000000  inc=-2.454950  bucket 0->0  (mf=1000)
[MF-SEL] tPrev=(  d=0.046259  dMin=0.000000  dAvg=0.036167  dMax=32.353340  Dlo=0.018084  Dhi=16.194754  err=0.000000  inc=-2.454950  bucket 0->0  (mf=1000)
[MF-SEL] tPrev=(  d=0.046958  dMin=0.000000  dAvg=0.036171  dMax=32.353340  Dlo=0.018086  Dhi=16.194756  err=0.000000  inc=-2.454950  bucket 0->0  (mf=1000)
[MF-SEL] tPrev=(  d=0.047389  dMin=0.000000  dAvg=0.036176  dMax=32.353340  Dlo=0.018088  Dhi=16.194758  err=0.000000  inc=-2.454950  bucket 0->0  (mf=1000)
[MF-SEL] tPrev=(  d=0.047979  dMin=0.000000  dAvg=0.036180  dMax=32.353340  Dlo=0.018090  Dhi=16.194760  err=0.000000  inc=-2.454950  bucket 0->0  (mf=1000)
[MF-SEL] tPrev=(  d=0.068133  dMin=0.000000  dAvg=0.036193  dMax=32.353340  Dlo=0.018096  Dhi=16.194767  err=0.000000  inc=-2.454950  bucket 0->0  (mf=1000)
[MF-SEL] tPrev=(  d=0.046475  dMin=0.000000  dAvg=0.036197  dMax=32.353340  Dlo=0.018098  Dhi=16.194769  err=0.000000  inc=-2.454950  bucket 0->0  (mf=1000)
[MF-SEL] tPrev=(  d=0.044751  dMin=0.000000  dAvg=0.036200  dMax=32.353340  Dlo=0.018100  Dhi=16.194770  err=0.000000  inc=-2.454950  bucket 0->0  (mf=1000)
[MF-SEL] tPrev=(  d=0.043122  dMin=0.000000  dAvg=0.036203  dMax=32.353340  Dlo=0.018102  Dhi=16.194772  err=0.000000  inc=-2.454950  bucket 0->0  (mf=1000)
[MF-SEL] tPrev=(  d=0.041794  dMin=0.000000  dAvg=0.036205  dMax=32.353340  Dlo=0.018103  Dhi=16.194773  err=0.000000  inc=-2.454950  bucket 0->0  (mf=1000)
[MF-SEL] tPrev=(  d=0.040870  dMin=0.000000  dAvg=0.036207  dMax=32.353340  Dlo=0.018104  Dhi=16.194774  err=0.000000  inc=-2.454950  bucket 0->0  (mf=1000)
[MF-SEL] tPrev=(  d=0.040362  dMin=0.000000  dAvg=0.036209  dMax=32.353340  Dlo=0.018104  Dhi=16.194774  err=0.000000  inc=-2.454950  bucket 0->0  (mf=1000)
[MF-SEL] tPrev=(  d=0.040180  dMin=0.000000  dAvg=0.036210  dMax=32.353340  Dlo=0.018105  Dhi=16.194775  err=0.000000  inc=-2.454950  bucket 0->0  (mf=1000)
[MF-SEL] tPrev=(  d=0.040202  dMin=0.000000  dAvg=0.036212  dMax=32.353340  Dlo=0.018106  Dhi=16.194776  err=0.000000  inc=-2.454950  bucket 0->0  (mf=1000)
[MF-SEL] tPrev=(  d=0.051731  dMin=0.000000  dAvg=0.036218  dMax=32.353340  Dlo=0.018109  Dhi=16.194779  err=0.000000  inc=-2.454950  bucket 0->0  (mf=1000)
[MF-SEL] tPrev=(  d=0.040402  dMin=0.000000  dAvg=0.036219  dMax=32.353340  Dlo=0.018110  Dhi=16.194780  err=0.000000  inc=-2.454950  bucket 0->0  (mf=1000)
[MF-SEL] tPrev=(  d=0.040946  dMin=0.000000  dAvg=0.036221  dMax=32.353340  Dlo=0.018111  Dhi=16.194781  err=0.000000  inc=-2.454950  bucket 0->0  (mf=1000)
[MF-SEL] tPrev=(  d=0.041195  dMin=0.000000  dAvg=0.036223  dMax=32.353340  Dlo=0.018112  Dhi=16.194782  err=0.000000  inc=-2.454950  bucket 0->0  (mf=1000)
[MF-SEL] tPrev=(  d=0.041494  dMin=0.000000  dAvg=0.036225  dMax=32.353340  Dlo=0.018113  Dhi=16.194783  err=0.000000  inc=-2.454950  bucket 0->0  (mf=1000)
[MF-SEL] tPrev=(  d=0.040748  dMin=0.000000  dAvg=0.036227  dMax=32.353340  Dlo=0.018114  Dhi=16.194784  err=0.000000  inc=-2.454950  bucket 0->0  (mf=1000)
[MF-SEL] tPrev=(  d=0.040351  dMin=0.000000  dAvg=0.036229  dMax=32.353340  Dlo=0.018114  Dhi=16.194784  err=0.000000  inc=-2.454950  bucket 0->0  (mf=1000)
[MF-SEL] tPrev=(  d=0.039942  dMin=0.000000  dAvg=0.036230  dMax=32.353340  Dlo=0.018115  Dhi=16.194785  err=0.000000  inc=-2.454950  bucket 0->0  (mf=1000)
[MF-SEL] tPrev=(  d=0.040147  dMin=0.000000  dAvg=0.036232  dMax=32.353340  Dlo=0.018116  Dhi=16.194786  err=0.000000  inc=-2.454950  bucket 0->0  (mf=1000)
[MF-SEL] tPrev=(  d=0.040035  dMin=0.000000  dAvg=0.036233  dMax=32.353340  Dlo=0.018117  Dhi=16.194787  err=0.000000  inc=-2.454950  bucket 0->0  (mf=1000)
[MF-SEL] tPrev=(  d=0.040805  dMin=0.000000  dAvg=0.036235  dMax=32.353340  Dlo=0.018117  Dhi=16.194788  err=0.000000  inc=-2.454950  bucket 0->0  (mf=1000)
[MF-SEL] tPrev=(  d=0.038531  dMin=0.000000  dAvg=0.036236  dMax=32.353340  Dlo=0.018118  Dhi=16.194788  err=0.000000  inc=-2.454950  bucket 0->0  (mf=1000)
[MF-SEL] tPrev=(  d=0.038448  dMin=0.000000  dAvg=0.036237  dMax=32.353340  Dlo=0.018118  Dhi=16.194788  err=0.000000  inc=-2.454950  bucket 0->0  (mf=1000)
[MF-SEL] tPrev=(  d=0.038269  dMin=0.000000  dAvg=0.036238  dMax=32.353340  Dlo=0.018119  Dhi=16.194789  err=0.000000  inc=-2.454950  bucket 0->0  (mf=1000)
[MF-SEL] tPrev=(  d=0.037753  dMin=0.000000  dAvg=0.036238  dMax=32.353340  Dlo=0.018119  Dhi=16.194789  err=0.000000  inc=-2.454950  bucket 0->0  (mf=1000)
[MF-SEL] tPrev=(  d=0.037279  dMin=0.000000  dAvg=0.036238  dMax=32.353340  Dlo=0.018119  Dhi=16.194789  err=0.000000  inc=-2.454950  bucket 0->0  (mf=1000)
[MF-SEL] tPrev=(  d=0.036484  dMin=0.000000  dAvg=0.036239  dMax=32.353340  Dlo=0.018119  Dhi=16.194789  err=0.000000  inc=-2.454950  bucket 0->0  (mf=1000)
[MF-SEL] tPrev=(  d=0.035350  dMin=0.000000  dAvg=0.036238  dMax=32.353340  Dlo=0.018119  Dhi=16.194789  err=0.000000  inc=-2.454950  bucket 0->0  (mf=1000)
[MF-SEL] tPrev=(  d=0.034169  dMin=0.000000  dAvg=0.036237  dMax=32.353340  Dlo=0.018119  Dhi=16.194789  err=0.000000  inc=-2.454950  bucket 0->0  (mf=1000)
[MF-SEL] tPrev=(  d=0.035649  dMin=0.000000  dAvg=0.036237  dMax=32.353340  Dlo=0.018119  Dhi=16.194789  err=0.000000  inc=-2.454950  bucket 0->0  (mf=1000)
[MF-SEL] tPrev=(  d=0.032402  dMin=0.000000  dAvg=0.036236  dMax=32.353340  Dlo=0.018118  Dhi=16.194788  err=0.000000  inc=-2.454950  bucket 0->0  (mf=1000)
[MF-SEL] tPrev=(  d=0.031939  dMin=0.000000  dAvg=0.036234  dMax=32.353340  Dlo=0.018117  Dhi=16.194787  err=0.000000  inc=-2.454950  bucket 0->0  (mf=1000)
[MF-SEL] tPrev=(  d=0.031110  dMin=0.000000  dAvg=0.036232  dMax=32.353340  Dlo=0.018116  Dhi=16.194786  err=0.000000  inc=-2.454950  bucket 0->0  (mf=1000)
[MF-SEL] tPrev=(  d=0.030822  dMin=0.000000  dAvg=0.036230  dMax=32.353340  Dlo=0.018115  Dhi=16.194785  err=0.000000  inc=-2.454950  bucket 0->0  (mf=1000)
[MF-SEL] tPrev=(  d=0.030038  dMin=0.000000  dAvg=0.036228  dMax=32.353340  Dlo=0.018114  Dhi=16.194784  err=0.000000  inc=-2.454950  bucket 0->0  (mf=1000)
[MF-SEL] tPrev=(  d=0.029257  dMin=0.000000  dAvg=0.036225  dMax=32.353340  Dlo=0.018112  Dhi=16.194783  err=0.000000  inc=-2.454950  bucket 0->0  (mf=1000)
[MF-SEL] tPrev=(  d=0.028948  dMin=0.000000  dAvg=0.036222  dMax=32.353340  Dlo=0.018111  Dhi=16.194781  err=0.000000  inc=-2.454950  bucket 0->0  (mf=1000)
[MF-SEL] tPrev=(  d=0.028512  dMin=0.000000  dAvg=0.036219  dMax=32.353340  Dlo=0.018110  Dhi=16.194780  err=0.000000  inc=-2.454950  bucket 0->0  (mf=1000)
[MF-SEL] tPrev=(  d=0.027969  dMin=0.000000  dAvg=0.036216  dMax=32.353340  Dlo=0.018108  Dhi=16.194778  err=0.000000  inc=-2.454950  bucket 0->0  (mf=1000)
[MF-SEL] tPrev=(  d=0.036378  dMin=0.000000  dAvg=0.036216  dMax=32.353340  Dlo=0.018108  Dhi=16.194778  err=0.000000  inc=-2.454950  bucket 0->0  (mf=1000)
[MF-SEL] tPrev=(  d=0.028652  dMin=0.000000  dAvg=0.036213  dMax=32.353340  Dlo=0.018107  Dhi=16.194777  err=0.000000  inc=-2.454950  bucket 0->0  (mf=1000)
[MF-SEL] tPrev=(  d=0.028869  dMin=0.000000  dAvg=0.036210  dMax=32.353340  Dlo=0.018105  Dhi=16.194775  err=0.000000  inc=-2.454950  bucket 0->0  (mf=1000)
[MF-SEL] tPrev=(  d=0.028956  dMin=0.000000  dAvg=0.036207  dMax=32.353340  Dlo=0.018104  Dhi=16.194774  err=0.000000  inc=-2.454950  bucket 0->0  (mf=1000)
[MF-SEL] tPrev=(  d=0.028995  dMin=0.000000  dAvg=0.036205  dMax=32.353340  Dlo=0.018102  Dhi=16.194772  err=0.000000  inc=-2.454950  bucket 0->0  (mf=1000)
[MF-SEL] tPrev=(  d=0.028158  dMin=0.000000  dAvg=0.036201  dMax=32.353340  Dlo=0.018101  Dhi=16.194771  err=0.000000  inc=-2.454950  bucket 0->0  (mf=1000)
[MF-SEL] tPrev=(  d=0.027001  dMin=0.000000  dAvg=0.036198  dMax=32.353340  Dlo=0.018099  Dhi=16.194769  err=0.000000  inc=-2.454950  bucket 0->0  (mf=1000)
[MF-SEL] tPrev=(  d=0.025622  dMin=0.000000  dAvg=0.036194  dMax=32.353340  Dlo=0.018097  Dhi=16.194767  err=0.000000  inc=-2.454950  bucket 0->0  (mf=1000)
[MF-SEL] tPrev=(  d=0.024134  dMin=0.000000  dAvg=0.036189  dMax=32.353340  Dlo=0.018095  Dhi=16.194765  err=0.000000  inc=-2.454950  bucket 0->0  (mf=1000)
[MF-SEL] tPrev=(  d=0.023171  dMin=0.000000  dAvg=0.036184  dMax=32.353340  Dlo=0.018092  Dhi=16.194762  err=0.000000  inc=-2.454950  bucket 0->0  (mf=1000)
[MF-SEL] tPrev=(  d=0.021514  dMin=0.000000  dAvg=0.036179  dMax=32.353340  Dlo=0.018089  Dhi=16.194759  err=0.000000  inc=-2.454950  bucket 0->0  (mf=1000)
[MF-SEL] tPrev=(  d=0.020025  dMin=0.000000  dAvg=0.036172  dMax=32.353340  Dlo=0.018086  Dhi=16.194756  err=0.000000  inc=-2.454950  bucket 0->0  (mf=1000)
[MF-SEL] tPrev=(  d=0.018933  dMin=0.000000  dAvg=0.036166  dMax=32.353340  Dlo=0.018083  Dhi=16.194753  err=0.000000  inc=-2.454950  bucket 0->0  (mf=1000)
[MF-SEL] tPrev=(  d=0.018478  dMin=0.000000  dAvg=0.036159  dMax=32.353340  Dlo=0.018079  Dhi=16.194749  err=0.000000  inc=-2.454950  bucket 0->0  (mf=1000)
[MF-SEL] tPrev=(  d=0.019324  dMin=0.000000  dAvg=0.036152  dMax=32.353340  Dlo=0.018076  Dhi=16.194746  err=0.000000  inc=-2.454950  bucket 0->0  (mf=1000)
[MF-SEL] tPrev=(  d=0.020212  dMin=0.000000  dAvg=0.036146  dMax=32.353340  Dlo=0.018073  Dhi=16.194743  err=0.000000  inc=-2.454950  bucket 0->0  (mf=1000)
[MF-SEL] tPrev=(  d=0.021584  dMin=0.000000  dAvg=0.036141  dMax=32.353340  Dlo=0.018070  Dhi=16.194740  err=0.000000  inc=-2.454950  bucket 0->0  (mf=1000)
[MF-SEL] tPrev=(  d=0.021850  dMin=0.000000  dAvg=0.036135  dMax=32.353340  Dlo=0.018068  Dhi=16.194738  err=0.000000  inc=-2.454950  bucket 0->0  (mf=1000)
[MF-SEL] tPrev=(  d=0.021853  dMin=0.000000  dAvg=0.036130  dMax=32.353340  Dlo=0.018065  Dhi=16.194735  err=0.000000  inc=-2.454950  bucket 0->0  (mf=1000)
[MF-SEL] tPrev=(  d=0.022249  dMin=0.000000  dAvg=0.036124  dMax=32.353340  Dlo=0.018062  Dhi=16.194732  err=0.000000  inc=-2.454950  bucket 0->0  (mf=1000)
[MF-SEL] tPrev=(  d=0.030997  dMin=0.000000  dAvg=0.036122  dMax=32.353340  Dlo=0.018061  Dhi=16.194731  err=0.000000  inc=-2.454950  bucket 0->0  (mf=1000)
[MF-SEL] tPrev=(  d=0.023979  dMin=0.000000  dAvg=0.036118  dMax=32.353340  Dlo=0.018059  Dhi=16.194729  err=0.000000  inc=-2.454950  bucket 0->0  (mf=1000)
[MF-SEL] tPrev=(  d=0.025122  dMin=0.000000  dAvg=0.036113  dMax=32.353340  Dlo=0.018057  Dhi=16.194727  err=0.000000  inc=-2.454950  bucket 0->0  (mf=1000)
[MF-SEL] tPrev=(  d=0.026590  dMin=0.000000  dAvg=0.036110  dMax=32.353340  Dlo=0.018055  Dhi=16.194725  err=0.000000  inc=-2.454950  bucket 0->0  (mf=1000)
[MF-SEL] tPrev=(  d=0.028395  dMin=0.000000  dAvg=0.036107  dMax=32.353340  Dlo=0.018053  Dhi=16.194723  err=0.000000  inc=-2.454950  bucket 0->0  (mf=1000)
[MF-SEL] tPrev=(  d=0.030663  dMin=0.000000  dAvg=0.036105  dMax=32.353340  Dlo=0.018052  Dhi=16.194722  err=0.000000  inc=-2.454950  bucket 0->0  (mf=1000)
[MF-SEL] tPrev=(  d=0.032784  dMin=0.000000  dAvg=0.036103  dMax=32.353340  Dlo=0.018052  Dhi=16.194722  err=0.000000  inc=-2.454950  bucket 0->0  (mf=1000)
[MF-SEL] tPrev=(  d=0.035222  dMin=0.000000  dAvg=0.036103  dMax=32.353340  Dlo=0.018052  Dhi=16.194722  err=0.000000  inc=-2.454950  bucket 0->0  (mf=1000)
[MF-SEL] tPrev=(  d=0.037402  dMin=0.000000  dAvg=0.036104  dMax=32.353340  Dlo=0.018052  Dhi=16.194722  err=0.000000  inc=-2.454950  bucket 0->0  (mf=1000)
[MF-SEL] tPrev=(  d=0.039977  dMin=0.000000  dAvg=0.036105  dMax=32.353340  Dlo=0.018053  Dhi=16.194723  err=0.000000  inc=-2.454950  bucket 0->0  (mf=1000)
[MF-SEL] tPrev=(  d=0.037450  dMin=0.000000  dAvg=0.036106  dMax=32.353340  Dlo=0.018053  Dhi=16.194723  err=0.000000  inc=-2.454950  bucket 0->0  (mf=1000)
[MF-SEL] tPrev=(  d=0.044092  dMin=0.000000  dAvg=0.036109  dMax=32.353340  Dlo=0.018054  Dhi=16.194724  err=0.000000  inc=-2.454950  bucket 0->0  (mf=1000)
[MF-SEL] tPrev=(  d=0.046612  dMin=0.000000  dAvg=0.036113  dMax=32.353340  Dlo=0.018056  Dhi=16.194726  err=0.000000  inc=-2.454950  bucket 0->0  (mf=1000)
[MF-SEL] tPrev=(  d=0.047517  dMin=0.000000  dAvg=0.036117  dMax=32.353340  Dlo=0.018059  Dhi=16.194729  err=0.000000  inc=-2.454950  bucket 0->0  (mf=1000)
[MF-SEL] tPrev=(  d=0.048963  dMin=0.000000  dAvg=0.036122  dMax=32.353340  Dlo=0.018061  Dhi=16.194731  err=0.000000  inc=-2.454950  bucket 0->0  (mf=1000)
[MF-SEL] tPrev=(  d=0.049454  dMin=0.000000  dAvg=0.036127  dMax=32.353340  Dlo=0.018064  Dhi=16.194734  err=0.000000  inc=-2.454950  bucket 0->0  (mf=1000)
[MF-SEL] tPrev=(  d=0.049936  dMin=0.000000  dAvg=0.036132  dMax=32.353340  Dlo=0.018066  Dhi=16.194736  err=0.000000  inc=-2.454950  bucket 0->0  (mf=1000)
[MF-SEL] tPrev=(  d=0.049922  dMin=0.000000  dAvg=0.036138  dMax=32.353340  Dlo=0.018069  Dhi=16.194739  err=0.000000  inc=-2.454950  bucket 0->0  (mf=1000)
[MF-SEL] tPrev=(  d=0.049585  dMin=0.000000  dAvg=0.036143  dMax=32.353340  Dlo=0.018071  Dhi=16.194741  err=0.000000  inc=-2.454950  bucket 0->0  (mf=1000)
[MF-SEL] tPrev=(  d=0.048971  dMin=0.000000  dAvg=0.036148  dMax=32.353340  Dlo=0.018074  Dhi=16.194744  err=0.000000  inc=-2.454950  bucket 0->0  (mf=1000)
[MF-SEL] tPrev=(  d=0.052481  dMin=0.000000  dAvg=0.036154  dMax=32.353340  Dlo=0.018077  Dhi=16.194747  err=0.000000  inc=-2.454950  bucket 0->0  (mf=1000)
[MF-SEL] tPrev=(  d=0.047825  dMin=0.000000  dAvg=0.036158  dMax=32.353340  Dlo=0.018079  Dhi=16.194749  err=0.000000  inc=-2.454950  bucket 0->0  (mf=1000)
[MF-SEL] tPrev=(  d=0.047452  dMin=0.000000  dAvg=0.036163  dMax=32.353340  Dlo=0.018081  Dhi=16.194751  err=0.000000  inc=-2.454950  bucket 0->0  (mf=1000)
[MF-SEL] tPrev=(  d=0.047345  dMin=0.000000  dAvg=0.036167  dMax=32.353340  Dlo=0.018083  Dhi=16.194753  err=0.000000  inc=-2.454950  bucket 0->0  (mf=1000)
[MF-SEL] tPrev=(  d=0.047708  dMin=0.000000  dAvg=0.036171  dMax=32.353340  Dlo=0.018086  Dhi=16.194756  err=0.000000  inc=-2.454950  bucket 0->0  (mf=1000)
[MF-SEL] tPrev=(  d=0.048300  dMin=0.000000  dAvg=0.036176  dMax=32.353340  Dlo=0.018088  Dhi=16.194758  err=0.000000  inc=-2.454950  bucket 0->0  (mf=1000)
[MF-SEL] tPrev=(  d=0.048789  dMin=0.000000  dAvg=0.036181  dMax=32.353340  Dlo=0.018090  Dhi=16.194760  err=0.000000  inc=-2.454950  bucket 0->0  (mf=1000)
[MF-SEL] tPrev=(  d=0.050280  dMin=0.000000  dAvg=0.036186  dMax=32.353340  Dlo=0.018093  Dhi=16.194763  err=0.000000  inc=-2.454950  bucket 0->0  (mf=1000)
[MF-SEL] tPrev=(  d=0.051528  dMin=0.000000  dAvg=0.036192  dMax=32.353340  Dlo=0.018096  Dhi=16.194766  err=0.000000  inc=-2.454950  bucket 0->0  (mf=1000)
[MF-SEL] tPrev=(  d=0.051994  dMin=0.000000  dAvg=0.036198  dMax=32.353340  Dlo=0.018099  Dhi=16.194769  err=0.000000  inc=-2.454950  bucket 0->0  (mf=1000)
[MF-SEL] tPrev=(  d=0.053653  dMin=0.000000  dAvg=0.036204  dMax=32.353340  Dlo=0.018102  Dhi=16.194772  err=0.000000  inc=-2.454950  bucket 0->0  (mf=1000)
[MF-SEL] tPrev=(  d=0.053485  dMin=0.000000  dAvg=0.036211  dMax=32.353340  Dlo=0.018106  Dhi=16.194776  err=0.000000  inc=-2.454950  bucket 0->0  (mf=1000)
[MF-SEL] tPrev=(  d=0.053923  dMin=0.000000  dAvg=0.036218  dMax=32.353340  Dlo=0.018109  Dhi=16.194779  err=0.000000  inc=-2.454950  bucket 0->0  (mf=1000)
[MF-SEL] tPrev=(  d=0.053639  dMin=0.000000  dAvg=0.036224  dMax=32.353340  Dlo=0.018112  Dhi=16.194782  err=0.000000  inc=-2.454950  bucket 0->0  (mf=1000)
[MF-SEL] tPrev=(  d=0.053873  dMin=0.000000  dAvg=0.036231  dMax=32.353340  Dlo=0.018116  Dhi=16.194786  err=0.000000  inc=-2.454950  bucket 0->0  (mf=1000)
[MF-SEL] tPrev=(  d=0.053318  dMin=0.000000  dAvg=0.036238  dMax=32.353340  Dlo=0.018119  Dhi=16.194789  err=0.000000  inc=-2.454950  bucket 0->0  (mf=1000)
[MF-SEL] tPrev=(  d=0.063589  dMin=0.000000  dAvg=0.036248  dMax=32.353340  Dlo=0.018124  Dhi=16.194794  err=0.000000  inc=-2.454950  bucket 0->0  (mf=1000)
[MF-SEL] tPrev=(  d=0.052968  dMin=0.000000  dAvg=0.036254  dMax=32.353340  Dlo=0.018127  Dhi=16.194797  err=0.000000  inc=-2.454950  bucket 0->0  (mf=1000)
[MF-SEL] tPrev=(  d=0.052473  dMin=0.000000  dAvg=0.036260  dMax=32.353340  Dlo=0.018130  Dhi=16.194800  err=0.000000  inc=-2.454950  bucket 0->0  (mf=1000)
[MF-SEL] tPrev=(  d=0.052319  dMin=0.000000  dAvg=0.036266  dMax=32.353340  Dlo=0.018133  Dhi=16.194803  err=0.000000  inc=-2.454950  bucket 0->0  (mf=1000)
[MF-SEL] tPrev=(  d=0.051848  dMin=0.000000  dAvg=0.036272  dMax=32.353340  Dlo=0.018136  Dhi=16.194806  err=0.000000  inc=-2.454950  bucket 0->0  (mf=1000)
[MF-SEL] tPrev=(  d=0.051498  dMin=0.000000  dAvg=0.036278  dMax=32.353340  Dlo=0.018139  Dhi=16.194809  err=0.000000  inc=-2.454950  bucket 0->0  (mf=1000)
[MF-SEL] tPrev=(  d=0.051105  dMin=0.000000  dAvg=0.036284  dMax=32.353340  Dlo=0.018142  Dhi=16.194812  err=0.000000  inc=-2.454950  bucket 0->0  (mf=1000)
[MF-SEL] tPrev=(  d=0.050453  dMin=0.000000  dAvg=0.036289  dMax=32.353340  Dlo=0.018145  Dhi=16.194815  err=0.000000  inc=-2.454950  bucket 0->0  (mf=1000)
[MF-SEL] tPrev=(  d=0.049761  dMin=0.000000  dAvg=0.036294  dMax=32.353340  Dlo=0.018147  Dhi=16.194817  err=0.000000  inc=-2.454950  bucket 0->0  (mf=1000)
[MF-SEL] tPrev=(  d=0.049571  dMin=0.000000  dAvg=0.036299  dMax=32.353340  Dlo=0.018150  Dhi=16.194820  err=0.000000  inc=-2.454950  bucket 0->0  (mf=1000)
[MF-SEL] tPrev=(  d=0.054861  dMin=0.000000  dAvg=0.036306  dMax=32.353340  Dlo=0.018153  Dhi=16.194823  err=0.000000  inc=-2.454950  bucket 0->0  (mf=1000)
[MF-SEL] tPrev=(  d=0.049513  dMin=0.000000  dAvg=0.036311  dMax=32.353340  Dlo=0.018156  Dhi=16.194826  err=0.000000  inc=-2.454950  bucket 0->0  (mf=1000)
[MF-SEL] tPrev=(  d=0.048957  dMin=0.000000  dAvg=0.036316  dMax=32.353340  Dlo=0.018158  Dhi=16.194828  err=0.000000  inc=-2.454950  bucket 0->0  (mf=1000)
[MF-SEL] tPrev=(  d=0.049158  dMin=0.000000  dAvg=0.036321  dMax=32.353340  Dlo=0.018160  Dhi=16.194830  err=0.000000  inc=-2.454950  bucket 0->0  (mf=1000)
[MF-SEL] tPrev=(  d=0.049753  dMin=0.000000  dAvg=0.036326  dMax=32.353340  Dlo=0.018163  Dhi=16.194833  err=0.000000  inc=-2.454950  bucket 0->0  (mf=1000)
[MF-SEL] tPrev=(  d=0.049582  dMin=0.000000  dAvg=0.036331  dMax=32.353340  Dlo=0.018165  Dhi=16.194835  err=0.000000  inc=-2.454950  bucket 0->0  (mf=1000)
[MF-SEL] tPrev=(  d=0.048549  dMin=0.000000  dAvg=0.036335  dMax=32.353340  Dlo=0.018168  Dhi=16.194838  err=0.000000  inc=-2.454950  bucket 0->0  (mf=1000)
[MF-SEL] tPrev=(  d=0.048394  dMin=0.000000  dAvg=0.036340  dMax=32.353340  Dlo=0.018170  Dhi=16.194840  err=0.000000  inc=-2.454950  bucket 0->0  (mf=1000)
[MF-SEL] tPrev=(  d=0.048839  dMin=0.000000  dAvg=0.036345  dMax=32.353340  Dlo=0.018172  Dhi=16.194842  err=0.000000  inc=-2.454950  bucket 0->0  (mf=1000)
[MF-SEL] tPrev=(  d=0.047834  dMin=0.000000  dAvg=0.036349  dMax=32.353340  Dlo=0.018174  Dhi=16.194845  err=0.000000  inc=-2.454950  bucket 0->0  (mf=1000)
[MF-SEL] tPrev=(  d=0.047610  dMin=0.000000  dAvg=0.036353  dMax=32.353340  Dlo=0.018177  Dhi=16.194847  err=0.000000  inc=-2.454950  bucket 0->0  (mf=1000)
[MF-SEL] tPrev=(  d=0.046586  dMin=0.000000  dAvg=0.036357  dMax=32.353340  Dlo=0.018179  Dhi=16.194849  err=0.000000  inc=-2.454950  bucket 0->0  (mf=1000)
[MF-SEL] tPrev=(  d=0.046986  dMin=0.000000  dAvg=0.036361  dMax=32.353340  Dlo=0.018180  Dhi=16.194851  err=0.000000  inc=-2.454950  bucket 0->0  (mf=1000)
[MF-SEL] tPrev=(  d=0.045984  dMin=0.000000  dAvg=0.036365  dMax=32.353340  Dlo=0.018182  Dhi=16.194852  err=0.000000  inc=-2.454950  bucket 0->0  (mf=1000)
[MF-SEL] tPrev=(  d=0.028763  dMin=0.000000  dAvg=0.036362  dMax=32.353340  Dlo=0.018181  Dhi=16.194851  err=0.000000  inc=-2.454950  bucket 0->0  (mf=1000)
[MF-SEL] tPrev=(  d=0.045015  dMin=0.000000  dAvg=0.036365  dMax=32.353340  Dlo=0.018183  Dhi=16.194853  err=0.000000  inc=-2.454950  bucket 0->0  (mf=1000)
[MF-SEL] tPrev=(  d=0.043952  dMin=0.000000  dAvg=0.036368  dMax=32.353340  Dlo=0.018184  Dhi=16.194854  err=0.000000  inc=-2.454950  bucket 0->0  (mf=1000)
[MF-SEL] tPrev=(  d=0.042855  dMin=0.000000  dAvg=0.036370  dMax=32.353340  Dlo=0.018185  Dhi=16.194855  err=0.000000  inc=-2.454950  bucket 0->0  (mf=1000)
[MF-SEL] tPrev=(  d=0.041597  dMin=0.000000  dAvg=0.036372  dMax=32.353340  Dlo=0.018186  Dhi=16.194856  err=0.000000  inc=-2.454950  bucket 0->0  (mf=1000)
[MF-SEL] tPrev=(  d=0.040826  dMin=0.000000  dAvg=0.036374  dMax=32.353340  Dlo=0.018187  Dhi=16.194857  err=0.000000  inc=-2.454950  bucket 0->0  (mf=1000)
[MF-SEL] tPrev=(  d=0.039745  dMin=0.000000  dAvg=0.036375  dMax=32.353340  Dlo=0.018188  Dhi=16.194858  err=0.000000  inc=-2.454950  bucket 0->0  (mf=1000)
[MF-SEL] tPrev=(  d=0.039174  dMin=0.000000  dAvg=0.036376  dMax=32.353340  Dlo=0.018188  Dhi=16.194858  err=0.000000  inc=-2.454950  bucket 0->0  (mf=1000)
[MF-SEL] tPrev=(  d=0.029236  dMin=0.000000  dAvg=0.036374  dMax=32.353340  Dlo=0.018187  Dhi=16.194857  err=0.000000  inc=-2.454950  bucket 0->0  (mf=1000)
[MF-SEL] tPrev=(  d=0.039129  dMin=0.000000  dAvg=0.036375  dMax=32.353340  Dlo=0.018187  Dhi=16.194857  err=0.000000  inc=-2.454950  bucket 0->0  (mf=1000)
[MF-SEL] tPrev=(  d=0.038979  dMin=0.000000  dAvg=0.036376  dMax=32.353340  Dlo=0.018188  Dhi=16.194858  err=0.000000  inc=-2.454950  bucket 0->0  (mf=1000)
[MF-SEL] tPrev=(  d=0.038975  dMin=0.000000  dAvg=0.036377  dMax=32.353340  Dlo=0.018188  Dhi=16.194858  err=0.000000  inc=-2.454950  bucket 0->0  (mf=1000)
[MF-SEL] tPrev=(  d=0.038697  dMin=0.000000  dAvg=0.036377  dMax=32.353340  Dlo=0.018189  Dhi=16.194859  err=0.000000  inc=-2.454950  bucket 0->0  (mf=1000)
[MF-SEL] tPrev=(  d=0.038162  dMin=0.000000  dAvg=0.036378  dMax=32.353340  Dlo=0.018189  Dhi=16.194859  err=0.000000  inc=-2.454950  bucket 0->0  (mf=1000)
[MF-SEL] tPrev=(  d=0.037577  dMin=0.000000  dAvg=0.036379  dMax=32.353340  Dlo=0.018189  Dhi=16.194859  err=0.000000  inc=-2.454950  bucket 0->0  (mf=1000)
[MF-SEL] tPrev=(  d=0.036779  dMin=0.000000  dAvg=0.036379  dMax=32.353340  Dlo=0.018189  Dhi=16.194859  err=0.000000  inc=-2.454950  bucket 0->0  (mf=1000)
[MF-SEL] tPrev=(  d=0.036664  dMin=0.000000  dAvg=0.036379  dMax=32.353340  Dlo=0.018189  Dhi=16.194859  err=0.000000  inc=-2.454950  bucket 0->0  (mf=1000)
[MF-SEL] tPrev=(  d=0.035926  dMin=0.000000  dAvg=0.036379  dMax=32.353340  Dlo=0.018189  Dhi=16.194859  err=0.000000  inc=-2.454950  bucket 0->0  (mf=1000)
[MF-SEL] tPrev=(  d=0.028295  dMin=0.000000  dAvg=0.036376  dMax=32.353340  Dlo=0.018188  Dhi=16.194858  err=0.000000  inc=-2.454950  bucket 0->0  (mf=1000)
[MF-SEL] tPrev=(  d=0.035654  dMin=0.000000  dAvg=0.036375  dMax=32.353340  Dlo=0.018188  Dhi=16.194858  err=0.000000  inc=-2.454950  bucket 0->0  (mf=1000)
[MF-SEL] tPrev=(  d=0.034468  dMin=0.000000  dAvg=0.036375  dMax=32.353340  Dlo=0.018187  Dhi=16.194857  err=0.000000  inc=-2.454950  bucket 0->0  (mf=1000)
[MF-SEL] tPrev=(  d=0.033352  dMin=0.000000  dAvg=0.036373  dMax=32.353340  Dlo=0.018187  Dhi=16.194857  err=0.000000  inc=-2.454950  bucket 0->0  (mf=1000)
[MF-SEL] tPrev=(  d=0.031931  dMin=0.000000  dAvg=0.036372  dMax=32.353340  Dlo=0.018186  Dhi=16.194856  err=0.000000  inc=-2.454950  bucket 0->0  (mf=1000)
[MF-SEL] tPrev=(  d=0.031171  dMin=0.000000  dAvg=0.036370  dMax=32.353340  Dlo=0.018185  Dhi=16.194855  err=0.000000  inc=-2.454950  bucket 0->0  (mf=1000)
[MF-SEL] tPrev=(  d=0.030328  dMin=0.000000  dAvg=0.036368  dMax=32.353340  Dlo=0.018184  Dhi=16.194854  err=0.000000  inc=-2.454950  bucket 0->0  (mf=1000)
[MF-SEL] tPrev=(  d=0.029521  dMin=0.000000  dAvg=0.036365  dMax=32.353340  Dlo=0.018183  Dhi=16.194853  err=0.000000  inc=-2.454950  bucket 0->0  (mf=1000)
[MF-SEL] tPrev=(  d=0.029234  dMin=0.000000  dAvg=0.036362  dMax=32.353340  Dlo=0.018181  Dhi=16.194851  err=0.000000  inc=-2.454950  bucket 0->0  (mf=1000)
[MF-SEL] tPrev=(  d=0.029156  dMin=0.000000  dAvg=0.036360  dMax=32.353340  Dlo=0.018180  Dhi=16.194850  err=0.000000  inc=-2.454950  bucket 0->0  (mf=1000)
[MF-SEL] tPrev=(  d=0.032918  dMin=0.000000  dAvg=0.036358  dMax=32.353340  Dlo=0.018179  Dhi=16.194849  err=0.000000  inc=-2.454950  bucket 0->0  (mf=1000)
[MF-SEL] tPrev=(  d=0.029651  dMin=0.000000  dAvg=0.036356  dMax=32.353340  Dlo=0.018178  Dhi=16.194848  err=0.000000  inc=-2.454950  bucket 0->0  (mf=1000)
[MF-SEL] tPrev=(  d=0.029694  dMin=0.000000  dAvg=0.036354  dMax=32.353340  Dlo=0.018177  Dhi=16.194847  err=0.000000  inc=-2.454950  bucket 0->0  (mf=1000)
[MF-SEL] tPrev=(  d=0.030025  dMin=0.000000  dAvg=0.036351  dMax=32.353340  Dlo=0.018176  Dhi=16.194846  err=0.000000  inc=-2.454950  bucket 0->0  (mf=1000)
[MF-SEL] tPrev=(  d=0.031016  dMin=0.000000  dAvg=0.036349  dMax=32.353340  Dlo=0.018175  Dhi=16.194845  err=0.000000  inc=-2.454950  bucket 0->0  (mf=1000)
[MF-SEL] tPrev=(  d=0.032529  dMin=0.000000  dAvg=0.036348  dMax=32.353340  Dlo=0.018174  Dhi=16.194844  err=0.000000  inc=-2.454950  bucket 0->0  (mf=1000)
[MF-SEL] tPrev=(  d=0.033481  dMin=0.000000  dAvg=0.036347  dMax=32.353340  Dlo=0.018173  Dhi=16.194843  err=0.000000  inc=-2.454950  bucket 0->0  (mf=1000)
[MF-SEL] tPrev=(  d=0.034493  dMin=0.000000  dAvg=0.036346  dMax=32.353340  Dlo=0.018173  Dhi=16.194843  err=0.000000  inc=-2.454950  bucket 0->0  (mf=1000)
[MF-SEL] tPrev=(  d=0.042838  dMin=0.000000  dAvg=0.036348  dMax=32.353340  Dlo=0.018174  Dhi=16.194844  err=0.000000  inc=-2.454950  bucket 0->0  (mf=1000)
[MF-SEL] tPrev=(  d=0.034791  dMin=0.000000  dAvg=0.036348  dMax=32.353340  Dlo=0.018174  Dhi=16.194844  err=0.000000  inc=-2.454950  bucket 0->0  (mf=1000)
[MF-SEL] tPrev=(  d=0.034414  dMin=0.000000  dAvg=0.036347  dMax=32.353340  Dlo=0.018174  Dhi=16.194844  err=0.000000  inc=-2.454950  bucket 0->0  (mf=1000)
[MF-SEL] tPrev=(  d=0.033765  dMin=0.000000  dAvg=0.036346  dMax=32.353340  Dlo=0.018173  Dhi=16.194843  err=0.000000  inc=-2.454950  bucket 0->0  (mf=1000)
[MF-SEL] tPrev=(  d=0.032985  dMin=0.000000  dAvg=0.036345  dMax=32.353340  Dlo=0.018172  Dhi=16.194843  err=0.000000  inc=-2.454950  bucket 0->0  (mf=1000)
[MF-SEL] tPrev=(  d=0.032301  dMin=0.000000  dAvg=0.036343  dMax=32.353340  Dlo=0.018172  Dhi=16.194842  err=0.000000  inc=-2.454950  bucket 0->0  (mf=1000)
[MF-SEL] tPrev=(  d=0.032675  dMin=0.000000  dAvg=0.036342  dMax=32.353340  Dlo=0.018171  Dhi=16.194841  err=0.000000  inc=-2.454950  bucket 0->0  (mf=1000)
[MF-SEL] tPrev=(  d=0.031200  dMin=0.000000  dAvg=0.036340  dMax=32.353340  Dlo=0.018170  Dhi=16.194840  err=0.000000  inc=-2.454950  bucket 0->0  (mf=1000)
[MF-SEL] tPrev=(  d=0.030831  dMin=0.000000  dAvg=0.036338  dMax=32.353340  Dlo=0.018169  Dhi=16.194839  err=0.000000  inc=-2.454950  bucket 0->0  (mf=1000)
[MF-SEL] tPrev=(  d=0.030893  dMin=0.000000  dAvg=0.036336  dMax=32.353340  Dlo=0.018168  Dhi=16.194838  err=0.000000  inc=-2.454950  bucket 0->0  (mf=1000)
[MF-SEL] tPrev=(  d=0.027586  dMin=0.000000  dAvg=0.036333  dMax=32.353340  Dlo=0.018166  Dhi=16.194837  err=0.000000  inc=-2.454950  bucket 0->0  (mf=1000)
[MF-SEL] tPrev=(  d=0.031574  dMin=0.000000  dAvg=0.036331  dMax=32.353340  Dlo=0.018166  Dhi=16.194836  err=0.000000  inc=-2.454950  bucket 0->0  (mf=1000)
[MF-SEL] tPrev=(  d=0.032338  dMin=0.000000  dAvg=0.036330  dMax=32.353340  Dlo=0.018165  Dhi=16.194835  err=0.000000  inc=-2.454950  bucket 0->0  (mf=1000)
[MF-SEL] tPrev=(  d=0.033619  dMin=0.000000  dAvg=0.036329  dMax=32.353340  Dlo=0.018164  Dhi=16.194834  err=0.000000  inc=-2.454950  bucket 0->0  (mf=1000)
[MF-SEL] tPrev=(  d=0.034891  dMin=0.000000  dAvg=0.036328  dMax=32.353340  Dlo=0.018164  Dhi=16.194834  err=0.000000  inc=-2.454950  bucket 0->0  (mf=1000)
[MF-SEL] tPrev=(  d=0.045579  dMin=0.000000  dAvg=0.036332  dMax=32.353340  Dlo=0.018166  Dhi=16.194836  err=0.000000  inc=-2.454950  bucket 0->0  (mf=1000)
[MF-SEL] tPrev=(  d=0.038144  dMin=0.000000  dAvg=0.036332  dMax=32.353340  Dlo=0.018166  Dhi=16.194836  err=0.000000  inc=-2.454950  bucket 0->0  (mf=1000)
[MF-SEL] tPrev=(  d=0.040146  dMin=0.000000  dAvg=0.036334  dMax=32.353340  Dlo=0.018167  Dhi=16.194837  err=0.000000  inc=-2.454950  bucket 0->0  (mf=1000)
[MF-SEL] tPrev=(  d=0.041841  dMin=0.000000  dAvg=0.036336  dMax=32.353340  Dlo=0.018168  Dhi=16.194838  err=0.000000  inc=-2.454950  bucket 0->0  (mf=1000)
[MF-SEL] tPrev=(  d=0.043673  dMin=0.000000  dAvg=0.036338  dMax=32.353340  Dlo=0.018169  Dhi=16.194839  err=0.000000  inc=-2.454950  bucket 0->0  (mf=1000)
[MF-SEL] tPrev=(  d=0.044875  dMin=0.000000  dAvg=0.036342  dMax=32.353340  Dlo=0.018171  Dhi=16.194841  err=0.000000  inc=-2.454950  bucket 0->0  (mf=1000)
[MF-SEL] tPrev=(  d=0.046489  dMin=0.000000  dAvg=0.036345  dMax=32.353340  Dlo=0.018173  Dhi=16.194843  err=0.000000  inc=-2.454950  bucket 0->0  (mf=1000)
[MF-SEL] tPrev=(  d=0.047709  dMin=0.000000  dAvg=0.036349  dMax=32.353340  Dlo=0.018175  Dhi=16.194845  err=0.000000  inc=-2.454950  bucket 0->0  (mf=1000)
[MF-SEL] tPrev=(  d=0.053217  dMin=0.000000  dAvg=0.036356  dMax=32.353340  Dlo=0.018178  Dhi=16.194848  err=0.000000  inc=-2.454950  bucket 0->0  (mf=1000)
[MF-SEL] tPrev=(  d=0.048764  dMin=0.000000  dAvg=0.036360  dMax=32.353340  Dlo=0.018180  Dhi=16.194850  err=0.000000  inc=-2.454950  bucket 0->0  (mf=1000)
[MF-SEL] tPrev=(  d=0.048746  dMin=0.000000  dAvg=0.036365  dMax=32.353340  Dlo=0.018182  Dhi=16.194852  err=0.000000  inc=-2.454950  bucket 0->0  (mf=1000)
[MF-SEL] tPrev=(  d=0.048449  dMin=0.000000  dAvg=0.036369  dMax=32.353340  Dlo=0.018185  Dhi=16.194855  err=0.000000  inc=-2.454950  bucket 0->0  (mf=1000)
[MF-SEL] tPrev=(  d=0.047928  dMin=0.000000  dAvg=0.036373  dMax=32.353340  Dlo=0.018187  Dhi=16.194857  err=0.000000  inc=-2.454950  bucket 0->0  (mf=1000)
[MF-SEL] tPrev=(  d=0.047556  dMin=0.000000  dAvg=0.036377  dMax=32.353340  Dlo=0.018189  Dhi=16.194859  err=0.000000  inc=-2.454950  bucket 0->0  (mf=1000)
[MF-SEL] tPrev=(  d=0.062545  dMin=0.000000  dAvg=0.036387  dMax=32.353340  Dlo=0.018194  Dhi=16.194864  err=0.000000  inc=-2.454950  bucket 0->0  (mf=1000)
[MF-SEL] tPrev=(  d=0.047539  dMin=0.000000  dAvg=0.036391  dMax=32.353340  Dlo=0.018196  Dhi=16.194866  err=0.000000  inc=-2.454950  bucket 0->0  (mf=1000)
[MF-SEL] tPrev=(  d=0.047794  dMin=0.000000  dAvg=0.036395  dMax=32.353340  Dlo=0.018198  Dhi=16.194868  err=0.000000  inc=-2.454950  bucket 0->0  (mf=1000)
[MF-SEL] tPrev=(  d=0.048291  dMin=0.000000  dAvg=0.036400  dMax=32.353340  Dlo=0.018200  Dhi=16.194870  err=0.000000  inc=-2.454950  bucket 0->0  (mf=1000)
[MF-SEL] tPrev=(  d=0.049049  dMin=0.000000  dAvg=0.036404  dMax=32.353340  Dlo=0.018202  Dhi=16.194872  err=0.000000  inc=-2.454950  bucket 0->0  (mf=1000)
[MF-SEL] tPrev=(  d=0.050199  dMin=0.000000  dAvg=0.036409  dMax=32.353340  Dlo=0.018205  Dhi=16.194875  err=0.000000  inc=-2.454950  bucket 0->0  (mf=1000)
[MF-SEL] tPrev=(  d=0.052097  dMin=0.000000  dAvg=0.036415  dMax=32.353340  Dlo=0.018208  Dhi=16.194878  err=0.000000  inc=-2.454950  bucket 0->0  (mf=1000)
[MF-SEL] tPrev=(  d=0.052467  dMin=0.000000  dAvg=0.036421  dMax=32.353340  Dlo=0.018210  Dhi=16.194881  err=0.000000  inc=-2.454950  bucket 0->0  (mf=1000)
[MF-SEL] tPrev=(  d=0.057375  dMin=0.000000  dAvg=0.036429  dMax=32.353340  Dlo=0.018214  Dhi=16.194884  err=0.000000  inc=-2.454950  bucket 0->0  (mf=1000)
[MF-SEL] tPrev=(  d=0.055619  dMin=0.000000  dAvg=0.036436  dMax=32.353340  Dlo=0.018218  Dhi=16.194888  err=0.000000  inc=-2.454950  bucket 0->0  (mf=1000)
[MF-SEL] tPrev=(  d=0.056507  dMin=0.000000  dAvg=0.036443  dMax=32.353340  Dlo=0.018221  Dhi=16.194892  err=0.000000  inc=-2.454950  bucket 0->0  (mf=1000)
[MF-SEL] tPrev=(  d=0.056613  dMin=0.000000  dAvg=0.036450  dMax=32.353340  Dlo=0.018225  Dhi=16.194895  err=0.000000  inc=-2.454950  bucket 0->0  (mf=1000)
[MF-SEL] tPrev=(  d=0.056413  dMin=0.000000  dAvg=0.036458  dMax=32.353340  Dlo=0.018229  Dhi=16.194899  err=0.000000  inc=-2.454950  bucket 0->0  (mf=1000)
[MF-SEL] tPrev=(  d=0.056375  dMin=0.000000  dAvg=0.036465  dMax=32.353340  Dlo=0.018232  Dhi=16.194903  err=0.000000  inc=-2.454950  bucket 0->0  (mf=1000)
[MF-SEL] tPrev=(  d=0.055533  dMin=0.000000  dAvg=0.036472  dMax=32.353340  Dlo=0.018236  Dhi=16.194906  err=0.000000  inc=-2.454950  bucket 0->0  (mf=1000)
[MF-SEL] tPrev=(  d=0.055106  dMin=0.000000  dAvg=0.036479  dMax=32.353340  Dlo=0.018239  Dhi=16.194909  err=0.000000  inc=-2.454950  bucket 0->0  (mf=1000)
[MF-SEL] tPrev=(  d=0.050522  dMin=0.000000  dAvg=0.036484  dMax=32.353340  Dlo=0.018242  Dhi=16.194912  err=0.000000  inc=-2.454950  bucket 0->0  (mf=1000)
[MF-SEL] tPrev=(  d=0.054837  dMin=0.000000  dAvg=0.036490  dMax=32.353340  Dlo=0.018245  Dhi=16.194915  err=0.000000  inc=-2.454950  bucket 0->0  (mf=1000)
[MF-SEL] tPrev=(  d=0.053973  dMin=0.000000  dAvg=0.036497  dMax=32.353340  Dlo=0.018248  Dhi=16.194918  err=0.000000  inc=-2.454950  bucket 0->0  (mf=1000)
[MF-SEL] tPrev=(  d=0.053509  dMin=0.000000  dAvg=0.036503  dMax=32.353340  Dlo=0.018251  Dhi=16.194922  err=0.000000  inc=-2.454950  bucket 0->0  (mf=1000)
[MF-SEL] tPrev=(  d=0.052628  dMin=0.000000  dAvg=0.036509  dMax=32.353340  Dlo=0.018254  Dhi=16.194924  err=0.000000  inc=-2.454950  bucket 0->0  (mf=1000)
[MF-SEL] tPrev=(  d=0.051768  dMin=0.000000  dAvg=0.036514  dMax=32.353340  Dlo=0.018257  Dhi=16.194927  err=0.000000  inc=-2.454950  bucket 0->0  (mf=1000)
[MF-SEL] tPrev=(  d=0.050926  dMin=0.000000  dAvg=0.036520  dMax=32.353340  Dlo=0.018260  Dhi=16.194930  err=0.000000  inc=-2.454950  bucket 0->0  (mf=1000)
[MF-SEL] tPrev=(  d=0.050720  dMin=0.000000  dAvg=0.036525  dMax=32.353340  Dlo=0.018262  Dhi=16.194932  err=0.000000  inc=-2.454950  bucket 0->0  (mf=1000)
[MF-SEL] tPrev=(  d=0.038713  dMin=0.000000  dAvg=0.036526  dMax=32.353340  Dlo=0.018263  Dhi=16.194933  err=0.000000  inc=-2.454950  bucket 0->0  (mf=1000)
[MF-SEL] tPrev=(  d=0.049269  dMin=0.000000  dAvg=0.036530  dMax=32.353340  Dlo=0.018265  Dhi=16.194935  err=0.000000  inc=-2.454950  bucket 0->0  (mf=1000)
[MF-SEL] tPrev=(  d=0.049450  dMin=0.000000  dAvg=0.036535  dMax=32.353340  Dlo=0.018267  Dhi=16.194938  err=0.000000  inc=-2.454950  bucket 0->0  (mf=1000)
[MF-SEL] tPrev=(  d=0.049384  dMin=0.000000  dAvg=0.036540  dMax=32.353340  Dlo=0.018270  Dhi=16.194940  err=0.000000  inc=-2.454950  bucket 0->0  (mf=1000)
[MF-SEL] tPrev=(  d=0.049756  dMin=0.000000  dAvg=0.036544  dMax=32.353340  Dlo=0.018272  Dhi=16.194942  err=0.000000  inc=-2.454950  bucket 0->0  (mf=1000)
[MF-SEL] tPrev=(  d=0.049526  dMin=0.000000  dAvg=0.036549  dMax=32.353340  Dlo=0.018275  Dhi=16.194945  err=0.000000  inc=-2.454950  bucket 0->0  (mf=1000)
[MF-SEL] tPrev=(  d=0.049576  dMin=0.000000  dAvg=0.036554  dMax=32.353340  Dlo=0.018277  Dhi=16.194947  err=0.000000  inc=-2.454950  bucket 0->0  (mf=1000)
[MF-SEL] tPrev=(  d=0.049956  dMin=0.000000  dAvg=0.036559  dMax=32.353340  Dlo=0.018279  Dhi=16.194949  err=0.000000  inc=-2.454950  bucket 0->0  (mf=1000)
[MF-SEL] tPrev=(  d=0.049010  dMin=0.000000  dAvg=0.036563  dMax=32.353340  Dlo=0.018282  Dhi=16.194952  err=0.000000  inc=-2.454950  bucket 0->0  (mf=1000)
[MF-SEL] tPrev=(  d=0.043670  dMin=0.000000  dAvg=0.036566  dMax=32.353340  Dlo=0.018283  Dhi=16.194953  err=0.000000  inc=-2.454950  bucket 0->0  (mf=1000)
[MF-SEL] tPrev=(  d=0.047054  dMin=0.000000  dAvg=0.036569  dMax=32.353340  Dlo=0.018285  Dhi=16.194955  err=0.000000  inc=-2.454950  bucket 0->0  (mf=1000)
[MF-SEL] tPrev=(  d=0.046270  dMin=0.000000  dAvg=0.036573  dMax=32.353340  Dlo=0.018287  Dhi=16.194957  err=0.000000  inc=-2.454950  bucket 0->0  (mf=1000)
[MF-SEL] tPrev=(  d=0.045642  dMin=0.000000  dAvg=0.036576  dMax=32.353340  Dlo=0.018288  Dhi=16.194958  err=0.000000  inc=-2.454950  bucket 0->0  (mf=1000)
[MF-SEL] tPrev=(  d=0.045001  dMin=0.000000  dAvg=0.036579  dMax=32.353340  Dlo=0.018290  Dhi=16.194960  err=0.000000  inc=-2.454950  bucket 0->0  (mf=1000)
[MF-SEL] tPrev=(  d=0.044540  dMin=0.000000  dAvg=0.036582  dMax=32.353340  Dlo=0.018291  Dhi=16.194961  err=0.000000  inc=-2.454950  bucket 0->0  (mf=1000)
[MF-SEL] tPrev=(  d=0.043159  dMin=0.000000  dAvg=0.036585  dMax=32.353340  Dlo=0.018292  Dhi=16.194962  err=0.000000  inc=-2.454950  bucket 0->0  (mf=1000)
[MF-SEL] tPrev=(  d=0.036294  dMin=0.000000  dAvg=0.036584  dMax=32.353340  Dlo=0.018292  Dhi=16.194962  err=0.000000  inc=-2.454950  bucket 0->0  (mf=1000)
[MF-SEL] tPrev=(  d=0.041837  dMin=0.000000  dAvg=0.036586  dMax=32.353340  Dlo=0.018293  Dhi=16.194963  err=0.000000  inc=-2.454950  bucket 0->0  (mf=1000)
[MF-SEL] tPrev=(  d=0.040655  dMin=0.000000  dAvg=0.036588  dMax=32.353340  Dlo=0.018294  Dhi=16.194964  err=0.000000  inc=-2.454950  bucket 0->0  (mf=1000)
[MF-SEL] tPrev=(  d=0.039573  dMin=0.000000  dAvg=0.036589  dMax=32.353340  Dlo=0.018294  Dhi=16.194965  err=0.000000  inc=-2.454950  bucket 0->0  (mf=1000)
[MF-SEL] tPrev=(  d=0.038001  dMin=0.000000  dAvg=0.036589  dMax=32.353340  Dlo=0.018295  Dhi=16.194965  err=0.000000  inc=-2.454950  bucket 0->0  (mf=1000)
[MF-SEL] tPrev=(  d=0.036797  dMin=0.000000  dAvg=0.036590  dMax=32.353340  Dlo=0.018295  Dhi=16.194965  err=0.000000  inc=-2.454950  bucket 0->0  (mf=1000)
[MF-SEL] tPrev=(  d=0.027519  dMin=0.000000  dAvg=0.036586  dMax=32.353340  Dlo=0.018293  Dhi=16.194963  err=0.000000  inc=-2.454950  bucket 0->0  (mf=1000)
[MF-SEL] tPrev=(  d=0.034114  dMin=0.000000  dAvg=0.036585  dMax=32.353340  Dlo=0.018293  Dhi=16.194963  err=0.000000  inc=-2.454950  bucket 0->0  (mf=1000)
[MF-SEL] tPrev=(  d=0.033019  dMin=0.000000  dAvg=0.036584  dMax=32.353340  Dlo=0.018292  Dhi=16.194962  err=0.000000  inc=-2.454950  bucket 0->0  (mf=1000)
[MF-SEL] tPrev=(  d=0.031538  dMin=0.000000  dAvg=0.036582  dMax=32.353340  Dlo=0.018291  Dhi=16.194961  err=0.000000  inc=-2.454950  bucket 0->0  (mf=1000)
[MF-SEL] tPrev=(  d=0.030602  dMin=0.000000  dAvg=0.036580  dMax=32.353340  Dlo=0.018290  Dhi=16.194960  err=0.000000  inc=-2.454950  bucket 0->0  (mf=1000)
[MF-SEL] tPrev=(  d=0.029607  dMin=0.000000  dAvg=0.036578  dMax=32.353340  Dlo=0.018289  Dhi=16.194959  err=0.000000  inc=-2.454950  bucket 0->0  (mf=1000)
[MF-SEL] tPrev=(  d=0.028843  dMin=0.000000  dAvg=0.036575  dMax=32.353340  Dlo=0.018287  Dhi=16.194957  err=0.000000  inc=-2.454950  bucket 0->0  (mf=1000)
[MF-SEL] tPrev=(  d=0.028147  dMin=0.000000  dAvg=0.036572  dMax=32.353340  Dlo=0.018286  Dhi=16.194956  err=0.000000  inc=-2.454950  bucket 0->0  (mf=1000)
[MF-SEL] tPrev=(  d=0.027032  dMin=0.000000  dAvg=0.036568  dMax=32.353340  Dlo=0.018284  Dhi=16.194954  err=0.000000  inc=-2.454950  bucket 0->0  (mf=1000)
[MF-SEL] tPrev=(  d=0.026945  dMin=0.000000  dAvg=0.036565  dMax=32.353340  Dlo=0.018282  Dhi=16.194953  err=0.000000  inc=-2.454950  bucket 0->0  (mf=1000)
[MF-SEL] tPrev=(  d=0.024401  dMin=0.000000  dAvg=0.036561  dMax=32.353340  Dlo=0.018280  Dhi=16.194950  err=0.000000  inc=-2.454950  bucket 0->0  (mf=1000)
[MF-SEL] tPrev=(  d=0.026230  dMin=0.000000  dAvg=0.036557  dMax=32.353340  Dlo=0.018278  Dhi=16.194948  err=0.000000  inc=-2.454950  bucket 0->0  (mf=1000)
[MF-SEL] tPrev=(  d=0.026913  dMin=0.000000  dAvg=0.036553  dMax=32.353340  Dlo=0.018277  Dhi=16.194947  err=0.000000  inc=-2.454950  bucket 0->0  (mf=1000)
[MF-SEL] tPrev=(  d=0.027475  dMin=0.000000  dAvg=0.036550  dMax=32.353340  Dlo=0.018275  Dhi=16.194945  err=0.000000  inc=-2.454950  bucket 0->0  (mf=1000)
[MF-SEL] tPrev=(  d=0.027912  dMin=0.000000  dAvg=0.036547  dMax=32.353340  Dlo=0.018274  Dhi=16.194944  err=0.000000  inc=-2.454950  bucket 0->0  (mf=1000)
[MF-SEL] tPrev=(  d=0.028020  dMin=0.000000  dAvg=0.036544  dMax=32.353340  Dlo=0.018272  Dhi=16.194942  err=0.000000  inc=-2.454950  bucket 0->0  (mf=1000)
[MF-SEL] tPrev=(  d=0.027276  dMin=0.000000  dAvg=0.036541  dMax=32.353340  Dlo=0.018270  Dhi=16.194940  err=0.000000  inc=-2.454950  bucket 0->0  (mf=1000)
[MF-SEL] tPrev=(  d=0.026020  dMin=0.000000  dAvg=0.036537  dMax=32.353340  Dlo=0.018268  Dhi=16.194939  err=0.000000  inc=-2.454950  bucket 0->0  (mf=1000)
[MF-SEL] tPrev=(  d=0.024122  dMin=0.000000  dAvg=0.036532  dMax=32.353340  Dlo=0.018266  Dhi=16.194936  err=0.000000  inc=-2.454950  bucket 0->0  (mf=1000)
[MF-SEL] tPrev=(  d=0.022250  dMin=0.000000  dAvg=0.036527  dMax=32.353340  Dlo=0.018264  Dhi=16.194934  err=0.000000  inc=-2.454950  bucket 0->0  (mf=1000)
[MF-SEL] tPrev=(  d=0.024980  dMin=0.000000  dAvg=0.036523  dMax=32.353340  Dlo=0.018262  Dhi=16.194932  err=0.000000  inc=-2.454950  bucket 0->0  (mf=1000)
[MF-SEL] tPrev=(  d=0.018699  dMin=0.000000  dAvg=0.036517  dMax=32.353340  Dlo=0.018258  Dhi=16.194928  err=0.000000  inc=-2.454950  bucket 0->0  (mf=1000)
[MF-SEL] tPrev=(  d=0.017604  dMin=0.000000  dAvg=0.036510  dMax=32.353340  Dlo=0.018255  Dhi=16.194925  err=-1.000000  inc=-3.351575  bucket 0->0  (mf=1000)
[MF-SEL] tPrev=(  d=0.017855  dMin=0.000000  dAvg=0.036503  dMax=32.353340  Dlo=0.018252  Dhi=16.194922  err=-1.000000  inc=-3.060209  bucket 0->0  (mf=1000)
[MF-SEL] tPrev=(  d=0.018540  dMin=0.000000  dAvg=0.036497  dMax=32.353340  Dlo=0.018248  Dhi=16.194919  err=0.000000  inc=-2.153808  bucket 0->0  (mf=1000)
[MF-SEL] tPrev=(  d=0.019596  dMin=0.000000  dAvg=0.036491  dMax=32.353340  Dlo=0.018245  Dhi=16.194916  err=0.000000  inc=-2.460209  bucket 0->0  (mf=1000)
[MF-SEL] tPrev=(  d=0.020582  dMin=0.000000  dAvg=0.036485  dMax=32.353340  Dlo=0.018243  Dhi=16.194913  err=0.000000  inc=-2.460209  bucket 0->0  (mf=1000)
[MF-SEL] tPrev=(  d=0.022350  dMin=0.000000  dAvg=0.036480  dMax=32.353340  Dlo=0.018240  Dhi=16.194910  err=0.000000  inc=-2.460209  bucket 0->0  (mf=1000)
[MF-SEL] tPrev=(  d=0.023291  dMin=0.000000  dAvg=0.036475  dMax=32.353340  Dlo=0.018238  Dhi=16.194908  err=0.000000  inc=-2.460209  bucket 0->0  (mf=1000)
[MF-SEL] tPrev=(  d=0.023760  dMin=0.000000  dAvg=0.036471  dMax=32.353340  Dlo=0.018235  Dhi=16.194906  err=0.000000  inc=-2.460209  bucket 0->0  (mf=1000)
[MF-SEL] tPrev=(  d=0.030964  dMin=0.000000  dAvg=0.036469  dMax=32.353340  Dlo=0.018234  Dhi=16.194905  err=0.000000  inc=-2.460209  bucket 0->0  (mf=1000)
[MF-SEL] tPrev=(  d=0.022353  dMin=0.000000  dAvg=0.036464  dMax=32.353340  Dlo=0.018232  Dhi=16.194902  err=0.000000  inc=-2.460209  bucket 0->0  (mf=1000)
[MF-SEL] tPrev=(  d=0.021376  dMin=0.000000  dAvg=0.036459  dMax=32.353340  Dlo=0.018229  Dhi=16.194899  err=0.000000  inc=-2.460209  bucket 0->0  (mf=1000)
[MF-SEL] tPrev=(  d=0.020706  dMin=0.000000  dAvg=0.036453  dMax=32.353340  Dlo=0.018226  Dhi=16.194897  err=0.000000  inc=-2.460209  bucket 0->0  (mf=1000)
[MF-SEL] tPrev=(  d=0.020169  dMin=0.000000  dAvg=0.036447  dMax=32.353340  Dlo=0.018224  Dhi=16.194894  err=0.000000  inc=-2.460209  bucket 0->0  (mf=1000)
[MF-SEL] tPrev=(  d=0.019813  dMin=0.000000  dAvg=0.036441  dMax=32.353340  Dlo=0.018221  Dhi=16.194891  err=0.000000  inc=-2.460209  bucket 0->0  (mf=1000)
[MF-SEL] tPrev=(  d=0.020322  dMin=0.000000  dAvg=0.036436  dMax=32.353340  Dlo=0.018218  Dhi=16.194888  err=0.000000  inc=-2.460209  bucket 0->0  (mf=1000)
[MF-SEL] tPrev=(  d=0.019747  dMin=0.000000  dAvg=0.036430  dMax=32.353340  Dlo=0.018215  Dhi=16.194885  err=0.000000  inc=-2.460209  bucket 0->0  (mf=1000)
[MF-SEL] tPrev=(  d=0.019641  dMin=0.000000  dAvg=0.036424  dMax=32.353340  Dlo=0.018212  Dhi=16.194882  err=0.000000  inc=-2.460209  bucket 0->0  (mf=1000)
[MF-SEL] tPrev=(  d=0.019810  dMin=0.000000  dAvg=0.036418  dMax=32.353340  Dlo=0.018209  Dhi=16.194879  err=0.000000  inc=-2.460209  bucket 0->0  (mf=1000)
[MF-SEL] tPrev=(  d=0.019735  dMin=0.000000  dAvg=0.036412  dMax=32.353340  Dlo=0.018206  Dhi=16.194876  err=0.000000  inc=-2.460209  bucket 0->0  (mf=1000)
[MF-SEL] tPrev=(  d=0.019823  dMin=0.000000  dAvg=0.036406  dMax=32.353340  Dlo=0.018203  Dhi=16.194873  err=0.000000  inc=-2.460209  bucket 0->0  (mf=1000)
[MF-SEL] tPrev=(  d=0.019613  dMin=0.000000  dAvg=0.036400  dMax=32.353340  Dlo=0.018200  Dhi=16.194870  err=0.000000  inc=-2.460209  bucket 0->0  (mf=1000)
[MF-SEL] tPrev=(  d=0.019382  dMin=0.000000  dAvg=0.036394  dMax=32.353340  Dlo=0.018197  Dhi=16.194867  err=0.000000  inc=-2.460209  bucket 0->0  (mf=1000)
[MF-SEL] tPrev=(  d=0.019695  dMin=0.000000  dAvg=0.036388  dMax=32.353340  Dlo=0.018194  Dhi=16.194864  err=0.000000  inc=-2.460209  bucket 0->0  (mf=1000)
[MF-SEL] tPrev=(  d=0.020252  dMin=0.000000  dAvg=0.036382  dMax=32.353340  Dlo=0.018191  Dhi=16.194861  err=0.000000  inc=-2.460209  bucket 0->0  (mf=1000)
[MF-SEL] tPrev=(  d=0.019626  dMin=0.000000  dAvg=0.036376  dMax=32.353340  Dlo=0.018188  Dhi=16.194858  err=0.000000  inc=-2.460209  bucket 0->0  (mf=1000)
[MF-SEL] tPrev=(  d=0.021268  dMin=0.000000  dAvg=0.036371  dMax=32.353340  Dlo=0.018185  Dhi=16.194856  err=0.000000  inc=-2.460209  bucket 0->0  (mf=1000)
[MF-SEL] tPrev=(  d=0.021955  dMin=0.000000  dAvg=0.036366  dMax=32.353340  Dlo=0.018183  Dhi=16.194853  err=0.000000  inc=-2.460209  bucket 0->0  (mf=1000)
[MF-SEL] tPrev=(  d=0.022281  dMin=0.000000  dAvg=0.036361  dMax=32.353340  Dlo=0.018180  Dhi=16.194851  err=0.000000  inc=-2.460209  bucket 0->0  (mf=1000)
[MF-SEL] tPrev=(  d=0.023223  dMin=0.000000  dAvg=0.036356  dMax=32.353340  Dlo=0.018178  Dhi=16.194848  err=0.000000  inc=-2.460209  bucket 0->0  (mf=1000)
[MF-SEL] tPrev=(  d=0.023986  dMin=0.000000  dAvg=0.036352  dMax=32.353340  Dlo=0.018176  Dhi=16.194846  err=0.000000  inc=-2.460209  bucket 0->0  (mf=1000)
[MF-SEL] tPrev=(  d=0.024401  dMin=0.000000  dAvg=0.036348  dMax=32.353340  Dlo=0.018174  Dhi=16.194844  err=0.000000  inc=-2.460209  bucket 0->0  (mf=1000)
[MF-SEL] tPrev=(  d=0.025048  dMin=0.000000  dAvg=0.036344  dMax=32.353340  Dlo=0.018172  Dhi=16.194842  err=0.000000  inc=-2.460209  bucket 0->0  (mf=1000)
[MF-SEL] tPrev=(  d=0.026094  dMin=0.000000  dAvg=0.036340  dMax=32.353340  Dlo=0.018170  Dhi=16.194840  err=0.000000  inc=-2.460209  bucket 0->0  (mf=1000)
[MF-SEL] tPrev=(  d=0.027219  dMin=0.000000  dAvg=0.036337  dMax=32.353340  Dlo=0.018168  Dhi=16.194838  err=0.000000  inc=-2.460209  bucket 0->0  (mf=1000)
[MF-SEL] tPrev=(  d=0.028595  dMin=0.000000  dAvg=0.036334  dMax=32.353340  Dlo=0.018167  Dhi=16.194837  err=0.000000  inc=-2.460209  bucket 0->0  (mf=1000)
[MF-SEL] tPrev=(  d=0.029222  dMin=0.000000  dAvg=0.036332  dMax=32.353340  Dlo=0.018166  Dhi=16.194836  err=0.000000  inc=-2.460209  bucket 0->0  (mf=1000)
[MF-SEL] tPrev=(  d=0.029410  dMin=0.000000  dAvg=0.036329  dMax=32.353340  Dlo=0.018165  Dhi=16.194835  err=0.000000  inc=-2.460209  bucket 0->0  (mf=1000)
[MF-SEL] tPrev=(  d=0.029783  dMin=0.000000  dAvg=0.036327  dMax=32.353340  Dlo=0.018163  Dhi=16.194833  err=0.000000  inc=-2.460209  bucket 0->0  (mf=1000)
[MF-SEL] tPrev=(  d=0.029707  dMin=0.000000  dAvg=0.036324  dMax=32.353340  Dlo=0.018162  Dhi=16.194832  err=0.000000  inc=-2.460209  bucket 0->0  (mf=1000)
[MF-SEL] tPrev=(  d=0.030091  dMin=0.000000  dAvg=0.036322  dMax=32.353340  Dlo=0.018161  Dhi=16.194831  err=0.000000  inc=-2.460209  bucket 0->0  (mf=1000)
[MF-SEL] tPrev=(  d=0.030122  dMin=0.000000  dAvg=0.036320  dMax=32.353340  Dlo=0.018160  Dhi=16.194830  err=0.000000  inc=-2.460209  bucket 0->0  (mf=1000)
[MF-SEL] tPrev=(  d=0.030383  dMin=0.000000  dAvg=0.036318  dMax=32.353340  Dlo=0.018159  Dhi=16.194829  err=0.000000  inc=-2.460209  bucket 0->0  (mf=1000)
[MF-SEL] tPrev=(  d=0.031185  dMin=0.000000  dAvg=0.036316  dMax=32.353340  Dlo=0.018158  Dhi=16.194828  err=0.000000  inc=-2.460209  bucket 0->0  (mf=1000)
[MF-SEL] tPrev=(  d=0.030496  dMin=0.000000  dAvg=0.036314  dMax=32.353340  Dlo=0.018157  Dhi=16.194827  err=0.000000  inc=-2.460209  bucket 0->0  (mf=1000)
[MF-SEL] tPrev=(  d=0.032386  dMin=0.000000  dAvg=0.036313  dMax=32.353340  Dlo=0.018156  Dhi=16.194826  err=0.000000  inc=-2.460209  bucket 0->0  (mf=1000)
[MF-SEL] tPrev=(  d=0.032657  dMin=0.000000  dAvg=0.036311  dMax=32.353340  Dlo=0.018156  Dhi=16.194826  err=0.000000  inc=-2.460209  bucket 0->0  (mf=1000)
[MF-SEL] tPrev=(  d=0.033157  dMin=0.000000  dAvg=0.036310  dMax=32.353340  Dlo=0.018155  Dhi=16.194825  err=0.000000  inc=-2.460209  bucket 0->0  (mf=1000)
[MF-SEL] tPrev=(  d=0.033812  dMin=0.000000  dAvg=0.036309  dMax=32.353340  Dlo=0.018155  Dhi=16.194825  err=0.000000  inc=-2.460209  bucket 0->0  (mf=1000)
[MF-SEL] tPrev=(  d=0.034539  dMin=0.000000  dAvg=0.036309  dMax=32.353340  Dlo=0.018154  Dhi=16.194824  err=0.000000  inc=-2.460209  bucket 0->0  (mf=1000)
[MF-SEL] tPrev=(  d=0.034441  dMin=0.000000  dAvg=0.036308  dMax=32.353340  Dlo=0.018154  Dhi=16.194824  err=0.000000  inc=-2.460209  bucket 0->0  (mf=1000)
[MF-SEL] tPrev=(  d=0.034250  dMin=0.000000  dAvg=0.036307  dMax=32.353340  Dlo=0.018154  Dhi=16.194824  err=0.000000  inc=-2.460209  bucket 0->0  (mf=1000)
[MF-SEL] tPrev=(  d=0.034789  dMin=0.000000  dAvg=0.036307  dMax=32.353340  Dlo=0.018153  Dhi=16.194824  err=0.000000  inc=-2.460209  bucket 0->0  (mf=1000)
[MF-SEL] tPrev=(  d=0.035499  dMin=0.000000  dAvg=0.036307  dMax=32.353340  Dlo=0.018153  Dhi=16.194823  err=0.000000  inc=-2.460209  bucket 0->0  (mf=1000)
[MF-SEL] tPrev=(  d=0.035309  dMin=0.000000  dAvg=0.036306  dMax=32.353340  Dlo=0.018153  Dhi=16.194823  err=0.000000  inc=-2.460209  bucket 0->0  (mf=1000)
[MF-SEL] tPrev=(  d=0.035672  dMin=0.000000  dAvg=0.036306  dMax=32.353340  Dlo=0.018153  Dhi=16.194823  err=0.000000  inc=-2.460209  bucket 0->0  (mf=1000)
[MF-SEL] tPrev=(  d=0.035934  dMin=0.000000  dAvg=0.036306  dMax=32.353340  Dlo=0.018153  Dhi=16.194823  err=0.000000  inc=-2.460209  bucket 0->0  (mf=1000)
[MF-SEL] tPrev=(  d=0.036873  dMin=0.000000  dAvg=0.036306  dMax=32.353340  Dlo=0.018153  Dhi=16.194823  err=0.000000  inc=-2.460209  bucket 0->0  (mf=1000)
[MF-SEL] tPrev=(  d=0.037706  dMin=0.000000  dAvg=0.036307  dMax=32.353340  Dlo=0.018153  Dhi=16.194823  err=0.000000  inc=-2.460209  bucket 0->0  (mf=1000)
[MF-SEL] tPrev=(  d=0.038204  dMin=0.000000  dAvg=0.036307  dMax=32.353340  Dlo=0.018154  Dhi=16.194824  err=0.000000  inc=-2.460209  bucket 0->0  (mf=1000)
[MF-SEL] tPrev=(  d=0.038954  dMin=0.000000  dAvg=0.036308  dMax=32.353340  Dlo=0.018154  Dhi=16.194824  err=0.000000  inc=-2.460209  bucket 0->0  (mf=1000)
[MF-SEL] tPrev=(  d=0.039175  dMin=0.000000  dAvg=0.036309  dMax=32.353340  Dlo=0.018155  Dhi=16.194825  err=0.000000  inc=-2.460209  bucket 0->0  (mf=1000)
[MF-SEL] tPrev=(  d=0.039339  dMin=0.000000  dAvg=0.036310  dMax=32.353340  Dlo=0.018155  Dhi=16.194825  err=0.000000  inc=-2.460209  bucket 0->0  (mf=1000)
[MF-SEL] tPrev=(  d=0.042036  dMin=0.000000  dAvg=0.036312  dMax=32.353340  Dlo=0.018156  Dhi=16.194826  err=0.000000  inc=-2.460209  bucket 0->0  (mf=1000)
[MF-SEL] tPrev=(  d=0.038904  dMin=0.000000  dAvg=0.036313  dMax=32.353340  Dlo=0.018157  Dhi=16.194827  err=0.000000  inc=-2.460209  bucket 0->0  (mf=1000)
[MF-SEL] tPrev=(  d=0.038575  dMin=0.000000  dAvg=0.036314  dMax=32.353340  Dlo=0.018157  Dhi=16.194827  err=0.000000  inc=-2.460209  bucket 0->0  (mf=1000)
[MF-SEL] tPrev=(  d=0.037790  dMin=0.000000  dAvg=0.036314  dMax=32.353340  Dlo=0.018157  Dhi=16.194827  err=0.000000  inc=-2.460209  bucket 0->0  (mf=1000)
[MF-SEL] tPrev=(  d=0.037546  dMin=0.000000  dAvg=0.036315  dMax=32.353340  Dlo=0.018157  Dhi=16.194828  err=0.000000  inc=-2.460209  bucket 0->0  (mf=1000)
[MF-SEL] tPrev=(  d=0.037866  dMin=0.000000  dAvg=0.036315  dMax=32.353340  Dlo=0.018158  Dhi=16.194828  err=0.000000  inc=-2.460209  bucket 0->0  (mf=1000)
[MF-SEL] tPrev=(  d=0.037638  dMin=0.000000  dAvg=0.036316  dMax=32.353340  Dlo=0.018158  Dhi=16.194828  err=0.000000  inc=-2.460209  bucket 0->0  (mf=1000)
[MF-SEL] tPrev=(  d=0.037342  dMin=0.000000  dAvg=0.036316  dMax=32.353340  Dlo=0.018158  Dhi=16.194828  err=0.000000  inc=-2.460209  bucket 0->0  (mf=1000)
[MF-SEL] tPrev=(  d=0.037368  dMin=0.000000  dAvg=0.036317  dMax=32.353340  Dlo=0.018158  Dhi=16.194828  err=0.000000  inc=-2.460209  bucket 0->0  (mf=1000)
[MF-SEL] tPrev=(  d=0.037231  dMin=0.000000  dAvg=0.036317  dMax=32.353340  Dlo=0.018158  Dhi=16.194829  err=0.000000  inc=-2.460209  bucket 0->0  (mf=1000)
[MF-SEL] tPrev=(  d=0.047694  dMin=0.000000  dAvg=0.036321  dMax=32.353340  Dlo=0.018160  Dhi=16.194831  err=0.000000  inc=-2.460209  bucket 0->0  (mf=1000)
[MF-SEL] tPrev=(  d=0.036770  dMin=0.000000  dAvg=0.036321  dMax=32.353340  Dlo=0.018161  Dhi=16.194831  err=0.000000  inc=-2.460209  bucket 0->0  (mf=1000)
[MF-SEL] tPrev=(  d=0.036745  dMin=0.000000  dAvg=0.036321  dMax=32.353340  Dlo=0.018161  Dhi=16.194831  err=0.000000  inc=-2.460209  bucket 0->0  (mf=1000)
[MF-SEL] tPrev=(  d=0.036664  dMin=0.000000  dAvg=0.036321  dMax=32.353340  Dlo=0.018161  Dhi=16.194831  err=0.000000  inc=-2.460209  bucket 0->0  (mf=1000)
[MF-SEL] tPrev=(  d=0.036437  dMin=0.000000  dAvg=0.036321  dMax=32.353340  Dlo=0.018161  Dhi=16.194831  err=0.000000  inc=-2.460209  bucket 0->0  (mf=1000)
[MF-SEL] tPrev=(  d=0.035952  dMin=0.000000  dAvg=0.036321  dMax=32.353340  Dlo=0.018161  Dhi=16.194831  err=0.000000  inc=-2.460209  bucket 0->0  (mf=1000)
[MF-SEL] tPrev=(  d=0.040039  dMin=0.000000  dAvg=0.036323  dMax=32.353340  Dlo=0.018161  Dhi=16.194831  err=0.000000  inc=-2.460209  bucket 0->0  (mf=1000)
[MF-SEL] tPrev=(  d=0.035144  dMin=0.000000  dAvg=0.036322  dMax=32.353340  Dlo=0.018161  Dhi=16.194831  err=0.000000  inc=-2.460209  bucket 0->0  (mf=1000)
[MF-SEL] tPrev=(  d=0.034734  dMin=0.000000  dAvg=0.036322  dMax=32.353340  Dlo=0.018161  Dhi=16.194831  err=0.000000  inc=-2.460209  bucket 0->0  (mf=1000)
[MF-SEL] tPrev=(  d=0.034085  dMin=0.000000  dAvg=0.036321  dMax=32.353340  Dlo=0.018160  Dhi=16.194830  err=0.000000  inc=-2.460209  bucket 0->0  (mf=1000)
[MF-SEL] tPrev=(  d=0.033858  dMin=0.000000  dAvg=0.036320  dMax=32.353340  Dlo=0.018160  Dhi=16.194830  err=0.000000  inc=-2.460209  bucket 0->0  (mf=1000)
[MF-SEL] tPrev=(  d=0.034301  dMin=0.000000  dAvg=0.036319  dMax=32.353340  Dlo=0.018160  Dhi=16.194830  err=0.000000  inc=-2.460209  bucket 0->0  (mf=1000)
[MF-SEL] tPrev=(  d=0.035089  dMin=0.000000  dAvg=0.036319  dMax=32.353340  Dlo=0.018159  Dhi=16.194829  err=0.000000  inc=-2.460209  bucket 0->0  (mf=1000)
[MF-SEL] tPrev=(  d=0.035559  dMin=0.000000  dAvg=0.036319  dMax=32.353340  Dlo=0.018159  Dhi=16.194829  err=0.000000  inc=-2.460209  bucket 0->0  (mf=1000)
[MF-SEL] tPrev=(  d=0.035201  dMin=0.000000  dAvg=0.036318  dMax=32.353340  Dlo=0.018159  Dhi=16.194829  err=0.000000  inc=-2.460209  bucket 0->0  (mf=1000)
[MF-SEL] tPrev=(  d=0.034917  dMin=0.000000  dAvg=0.036318  dMax=32.353340  Dlo=0.018159  Dhi=16.194829  err=0.000000  inc=-2.460209  bucket 0->0  (mf=1000)
[MF-SEL] tPrev=(  d=0.037120  dMin=0.000000  dAvg=0.036318  dMax=32.353340  Dlo=0.018159  Dhi=16.194829  err=0.000000  inc=-2.460209  bucket 0->0  (mf=1000)
[MF-SEL] tPrev=(  d=0.035272  dMin=0.000000  dAvg=0.036318  dMax=32.353340  Dlo=0.018159  Dhi=16.194829  err=0.000000  inc=-2.460209  bucket 0->0  (mf=1000)
[MF-SEL] tPrev=(  d=0.034988  dMin=0.000000  dAvg=0.036317  dMax=32.353340  Dlo=0.018159  Dhi=16.194829  err=0.000000  inc=-2.460209  bucket 0->0  (mf=1000)
[MF-SEL] tPrev=(  d=0.034862  dMin=0.000000  dAvg=0.036317  dMax=32.353340  Dlo=0.018158  Dhi=16.194828  err=0.000000  inc=-2.460209  bucket 0->0  (mf=1000)
[MF-SEL] tPrev=(  d=0.034672  dMin=0.000000  dAvg=0.036316  dMax=32.353340  Dlo=0.018158  Dhi=16.194828  err=0.000000  inc=-2.460209  bucket 0->0  (mf=1000)
[MF-SEL] tPrev=(  d=0.034654  dMin=0.000000  dAvg=0.036315  dMax=32.353340  Dlo=0.018158  Dhi=16.194828  err=0.000000  inc=-2.460209  bucket 0->0  (mf=1000)
[MF-SEL] tPrev=(  d=0.034351  dMin=0.000000  dAvg=0.036315  dMax=32.353340  Dlo=0.018157  Dhi=16.194827  err=0.000000  inc=-2.460209  bucket 0->0  (mf=1000)
[MF-SEL] tPrev=(  d=0.034404  dMin=0.000000  dAvg=0.036314  dMax=32.353340  Dlo=0.018157  Dhi=16.194827  err=0.000000  inc=-2.460209  bucket 0->0  (mf=1000)
[MF-SEL] tPrev=(  d=0.034012  dMin=0.000000  dAvg=0.036313  dMax=32.353340  Dlo=0.018157  Dhi=16.194827  err=0.000000  inc=-2.460209  bucket 0->0  (mf=1000)
[MF-SEL] tPrev=(  d=0.033809  dMin=0.000000  dAvg=0.036312  dMax=32.353340  Dlo=0.018156  Dhi=16.194826  err=0.000000  inc=-2.460209  bucket 0->0  (mf=1000)
[MF-SEL] tPrev=(  d=0.040182  dMin=0.000000  dAvg=0.036314  dMax=32.353340  Dlo=0.018157  Dhi=16.194827  err=0.000000  inc=-2.460209  bucket 0->0  (mf=1000)
[MF-SEL] tPrev=(  d=0.033909  dMin=0.000000  dAvg=0.036313  dMax=32.353340  Dlo=0.018156  Dhi=16.194827  err=0.000000  inc=-2.460209  bucket 0->0  (mf=1000)
[MF-SEL] tPrev=(  d=0.033171  dMin=0.000000  dAvg=0.036312  dMax=32.353340  Dlo=0.018156  Dhi=16.194826  err=0.000000  inc=-2.460209  bucket 0->0  (mf=1000)
[MF-SEL] tPrev=(  d=0.033153  dMin=0.000000  dAvg=0.036311  dMax=32.353340  Dlo=0.018155  Dhi=16.194825  err=0.000000  inc=-2.460209  bucket 0->0  (mf=1000)
[MF-SEL] tPrev=(  d=0.033702  dMin=0.000000  dAvg=0.036310  dMax=32.353340  Dlo=0.018155  Dhi=16.194825  err=0.000000  inc=-2.460209  bucket 0->0  (mf=1000)
[MF-SEL] tPrev=(  d=0.034036  dMin=0.000000  dAvg=0.036309  dMax=32.353340  Dlo=0.018155  Dhi=16.194825  err=0.000000  inc=-2.460209  bucket 0->0  (mf=1000)
[MF-SEL] tPrev=(  d=0.034133  dMin=0.000000  dAvg=0.036308  dMax=32.353340  Dlo=0.018154  Dhi=16.194824  err=0.000000  inc=-2.460209  bucket 0->0  (mf=1000)
[MF-SEL] tPrev=(  d=0.033976  dMin=0.000000  dAvg=0.036308  dMax=32.353340  Dlo=0.018154  Dhi=16.194824  err=0.000000  inc=-2.460209  bucket 0->0  (mf=1000)
[MF-SEL] tPrev=(  d=0.033602  dMin=0.000000  dAvg=0.036307  dMax=32.353340  Dlo=0.018153  Dhi=16.194823  err=0.000000  inc=-2.460209  bucket 0->0  (mf=1000)
[MF-SEL] tPrev=(  d=0.034974  dMin=0.000000  dAvg=0.036306  dMax=32.353340  Dlo=0.018153  Dhi=16.194823  err=0.000000  inc=-2.460209  bucket 0->0  (mf=1000)
[MF-SEL] tPrev=(  d=0.033582  dMin=0.000000  dAvg=0.036305  dMax=32.353340  Dlo=0.018153  Dhi=16.194823  err=0.000000  inc=-2.460209  bucket 0->0  (mf=1000)
[MF-SEL] tPrev=(  d=0.033052  dMin=0.000000  dAvg=0.036304  dMax=32.353340  Dlo=0.018152  Dhi=16.194822  err=0.000000  inc=-2.460209  bucket 0->0  (mf=1000)
[MF-SEL] tPrev=(  d=0.033094  dMin=0.000000  dAvg=0.036303  dMax=32.353340  Dlo=0.018152  Dhi=16.194822  err=0.000000  inc=-2.460209  bucket 0->0  (mf=1000)
[MF-SEL] tPrev=(  d=0.033036  dMin=0.000000  dAvg=0.036302  dMax=32.353340  Dlo=0.018151  Dhi=16.194821  err=0.000000  inc=-2.460209  bucket 0->0  (mf=1000)
[MF-SEL] tPrev=(  d=0.032763  dMin=0.000000  dAvg=0.036301  dMax=32.353340  Dlo=0.018150  Dhi=16.194820  err=0.000000  inc=-2.460209  bucket 0->0  (mf=1000)
[MF-SEL] tPrev=(  d=0.032427  dMin=0.000000  dAvg=0.036299  dMax=32.353340  Dlo=0.018150  Dhi=16.194820  err=0.000000  inc=-2.460209  bucket 0->0  (mf=1000)
[MF-SEL] tPrev=(  d=0.034826  dMin=0.000000  dAvg=0.036299  dMax=32.353340  Dlo=0.018149  Dhi=16.194820  err=0.000000  inc=-2.460209  bucket 0->0  (mf=1000)
[MF-SEL] tPrev=(  d=0.032035  dMin=0.000000  dAvg=0.036297  dMax=32.353340  Dlo=0.018149  Dhi=16.194819  err=0.000000  inc=-2.460209  bucket 0->0  (mf=1000)
[MF-SEL] tPrev=(  d=0.031255  dMin=0.000000  dAvg=0.036296  dMax=32.353340  Dlo=0.018148  Dhi=16.194818  err=0.000000  inc=-2.460209  bucket 0->0  (mf=1000)
[MF-SEL] tPrev=(  d=0.030244  dMin=0.000000  dAvg=0.036294  dMax=32.353340  Dlo=0.018147  Dhi=16.194817  err=0.000000  inc=-2.460209  bucket 0->0  (mf=1000)
[MF-SEL] tPrev=(  d=0.029209  dMin=0.000000  dAvg=0.036291  dMax=32.353340  Dlo=0.018146  Dhi=16.194816  err=0.000000  inc=-2.460209  bucket 0->0  (mf=1000)
[MF-SEL] tPrev=(  d=0.028245  dMin=0.000000  dAvg=0.036288  dMax=32.353340  Dlo=0.018144  Dhi=16.194814  err=0.000000  inc=-2.460209  bucket 0->0  (mf=1000)
[MF-SEL] tPrev=(  d=0.021786  dMin=0.000000  dAvg=0.036283  dMax=32.353340  Dlo=0.018142  Dhi=16.194812  err=0.000000  inc=-2.460209  bucket 0->0  (mf=1000)
[MF-SEL] tPrev=(  d=0.027549  dMin=0.000000  dAvg=0.036280  dMax=32.353340  Dlo=0.018140  Dhi=16.194810  err=0.000000  inc=-2.460209  bucket 0->0  (mf=1000)
[MF-SEL] tPrev=(  d=0.028892  dMin=0.000000  dAvg=0.036278  dMax=32.353340  Dlo=0.018139  Dhi=16.194809  err=0.000000  inc=-2.460209  bucket 0->0  (mf=1000)
[MF-SEL] tPrev=(  d=0.030281  dMin=0.000000  dAvg=0.036276  dMax=32.353340  Dlo=0.018138  Dhi=16.194808  err=0.000000  inc=-2.460209  bucket 0->0  (mf=1000)
[MF-SEL] tPrev=(  d=0.031434  dMin=0.000000  dAvg=0.036274  dMax=32.353340  Dlo=0.018137  Dhi=16.194807  err=0.000000  inc=-2.460209  bucket 0->0  (mf=1000)
[MF-SEL] tPrev=(  d=0.030977  dMin=0.000000  dAvg=0.036272  dMax=32.353340  Dlo=0.018136  Dhi=16.194806  err=0.000000  inc=-2.460209  bucket 0->0  (mf=1000)
[MF-SEL] tPrev=(  d=0.034251  dMin=0.000000  dAvg=0.036272  dMax=32.353340  Dlo=0.018136  Dhi=16.194806  err=0.000000  inc=-2.460209  bucket 0->0  (mf=1000)
[MF-SEL] tPrev=(  d=0.027710  dMin=0.000000  dAvg=0.036269  dMax=32.353340  Dlo=0.018134  Dhi=16.194804  err=0.000000  inc=-2.460209  bucket 0->0  (mf=1000)
[MF-SEL] tPrev=(  d=0.026547  dMin=0.000000  dAvg=0.036265  dMax=32.353340  Dlo=0.018133  Dhi=16.194803  err=0.000000  inc=-2.460209  bucket 0->0  (mf=1000)
[MF-SEL] tPrev=(  d=0.025410  dMin=0.000000  dAvg=0.036262  dMax=32.353340  Dlo=0.018131  Dhi=16.194801  err=0.000000  inc=-2.460209  bucket 0->0  (mf=1000)
[MF-SEL] tPrev=(  d=0.024440  dMin=0.000000  dAvg=0.036258  dMax=32.353340  Dlo=0.018129  Dhi=16.194799  err=0.000000  inc=-2.460209  bucket 0->0  (mf=1000)
[MF-SEL] tPrev=(  d=0.019444  dMin=0.000000  dAvg=0.036252  dMax=32.353340  Dlo=0.018126  Dhi=16.194796  err=0.000000  inc=-2.460209  bucket 0->0  (mf=1000)
[MF-SEL] tPrev=(  d=0.023522  dMin=0.000000  dAvg=0.036248  dMax=32.353340  Dlo=0.018124  Dhi=16.194794  err=0.000000  inc=-2.460209  bucket 0->0  (mf=1000)
[MF-SEL] tPrev=(  d=0.022731  dMin=0.000000  dAvg=0.036243  dMax=32.353340  Dlo=0.018121  Dhi=16.194792  err=0.000000  inc=-2.460209  bucket 0->0  (mf=1000)
[MF-SEL] tPrev=(  d=0.022112  dMin=0.000000  dAvg=0.036238  dMax=32.353340  Dlo=0.018119  Dhi=16.194789  err=0.000000  inc=-2.460209  bucket 0->0  (mf=1000)
[MF-SEL] tPrev=(  d=0.021700  dMin=0.000000  dAvg=0.036233  dMax=32.353340  Dlo=0.018117  Dhi=16.194787  err=0.000000  inc=-2.460209  bucket 0->0  (mf=1000)
[MF-SEL] tPrev=(  d=0.022171  dMin=0.000000  dAvg=0.036228  dMax=32.353340  Dlo=0.018114  Dhi=16.194784  err=0.000000  inc=-2.460209  bucket 0->0  (mf=1000)
[MF-SEL] tPrev=(  d=0.023861  dMin=0.000000  dAvg=0.036224  dMax=32.353340  Dlo=0.018112  Dhi=16.194782  err=0.000000  inc=-2.460209  bucket 0->0  (mf=1000)
[MF-SEL] tPrev=(  d=0.022224  dMin=0.000000  dAvg=0.036219  dMax=32.353340  Dlo=0.018110  Dhi=16.194780  err=0.000000  inc=-2.460209  bucket 0->0  (mf=1000)
[MF-SEL] tPrev=(  d=0.021803  dMin=0.000000  dAvg=0.036215  dMax=32.353340  Dlo=0.018107  Dhi=16.194777  err=0.000000  inc=-2.460209  bucket 0->0  (mf=1000)
[MF-SEL] tPrev=(  d=0.021189  dMin=0.000000  dAvg=0.036209  dMax=32.353340  Dlo=0.018105  Dhi=16.194775  err=0.000000  inc=-2.460209  bucket 0->0  (mf=1000)
[MF-SEL] tPrev=(  d=0.020700  dMin=0.000000  dAvg=0.036204  dMax=32.353340  Dlo=0.018102  Dhi=16.194772  err=0.000000  inc=-2.460209  bucket 0->0  (mf=1000)
[MF-SEL] tPrev=(  d=0.019472  dMin=0.000000  dAvg=0.036198  dMax=32.353340  Dlo=0.018099  Dhi=16.194769  err=0.000000  inc=-2.460209  bucket 0->0  (mf=1000)
[MF-SEL] tPrev=(  d=0.017799  dMin=0.000000  dAvg=0.036192  dMax=32.353340  Dlo=0.018096  Dhi=16.194766  err=-1.000000  inc=-3.459544  bucket 0->0  (mf=1000)
[MF-SEL] tPrev=(  d=0.018337  dMin=0.000000  dAvg=0.036186  dMax=32.353340  Dlo=0.018093  Dhi=16.194763  err=0.000000  inc=-2.105838  bucket 0->0  (mf=1000)
[MF-SEL] tPrev=(  d=0.017212  dMin=0.000000  dAvg=0.036180  dMax=32.353340  Dlo=0.018090  Dhi=16.194760  err=-1.000000  inc=-3.399323  bucket 0->0  (mf=1000)
[MF-SEL] tPrev=(  d=0.016423  dMin=0.000000  dAvg=0.036173  dMax=32.353340  Dlo=0.018086  Dhi=16.194757  err=-1.000000  inc=-3.066894  bucket 0->0  (mf=1000)
[MF-SEL] tPrev=(  d=0.015904  dMin=0.000000  dAvg=0.036166  dMax=32.353340  Dlo=0.018083  Dhi=16.194753  err=-1.000000  inc=-3.069309  bucket 0->0  (mf=1000)
[MF-SEL] tPrev=(  d=0.015158  dMin=0.000000  dAvg=0.036159  dMax=32.353340  Dlo=0.018079  Dhi=16.194750  err=-1.000000  inc=-3.071502  bucket 0->0  (mf=1000)
[MF-SEL] tPrev=(  d=0.014596  dMin=0.000000  dAvg=0.036152  dMax=32.353340  Dlo=0.018076  Dhi=16.194746  err=-1.000000  inc=-3.073567  bucket 0->0  (mf=1000)
[MF-SEL] tPrev=(  d=0.013946  dMin=0.000000  dAvg=0.036144  dMax=32.353340  Dlo=0.018072  Dhi=16.194742  err=-1.000000  inc=-3.075766  bucket 0->0  (mf=1000)
[MF-SEL] tPrev=(  d=0.012722  dMin=0.000000  dAvg=0.036136  dMax=32.353340  Dlo=0.018068  Dhi=16.194738  err=-1.000000  inc=-3.078263  bucket 0->0  (mf=1000)
[MF-SEL] tPrev=(  d=0.013223  dMin=0.000000  dAvg=0.036128  dMax=32.353340  Dlo=0.018064  Dhi=16.194734  err=-1.000000  inc=-3.080356  bucket 0->0  (mf=1000)
[MF-SEL] tPrev=(  d=0.012655  dMin=0.000000  dAvg=0.036120  dMax=32.353340  Dlo=0.018060  Dhi=16.194730  err=-1.000000  inc=-3.082683  bucket 0->0  (mf=1000)
[MF-SEL] tPrev=(  d=0.012740  dMin=0.000000  dAvg=0.036112  dMax=32.353340  Dlo=0.018056  Dhi=16.194726  err=-1.000000  inc=-3.085069  bucket 0->0  (mf=1000)
[MF-SEL] tPrev=(  d=0.012804  dMin=0.000000  dAvg=0.036105  dMax=32.353340  Dlo=0.018052  Dhi=16.194722  err=-1.000000  inc=-3.087559  bucket 0->0  (mf=1000)
[MF-SEL] tPrev=(  d=0.012579  dMin=0.000000  dAvg=0.036097  dMax=32.353340  Dlo=0.018048  Dhi=16.194718  err=-1.000000  inc=-3.090026  bucket 0->0  (mf=1000)
[MF-SEL] tPrev=(  d=0.012175  dMin=0.000000  dAvg=0.036089  dMax=32.353340  Dlo=0.018044  Dhi=16.194714  err=-1.000000  inc=-3.092532  bucket 0->0  (mf=1000)
[MF-SEL] tPrev=(  d=0.011570  dMin=0.000000  dAvg=0.036080  dMax=32.353340  Dlo=0.018040  Dhi=16.194710  err=-1.000000  inc=-3.095010  bucket 0->0  (mf=1000)
[MF-SEL] tPrev=(  d=0.010411  dMin=0.000000  dAvg=0.036072  dMax=32.353340  Dlo=0.018036  Dhi=16.194706  err=-1.000000  inc=-3.097348  bucket 0->0  (mf=1000)
[MF-SEL] tPrev=(  d=0.009213  dMin=0.000000  dAvg=0.036062  dMax=32.353340  Dlo=0.018031  Dhi=16.194701  err=-1.000000  inc=-3.099648  bucket 0->0  (mf=1000)
[MF-SEL] tPrev=(  d=0.009665  dMin=0.000000  dAvg=0.036054  dMax=32.353340  Dlo=0.018027  Dhi=16.194697  err=-1.000000  inc=-3.102013  bucket 0->0  (mf=1000)
[MF-SEL] tPrev=(  d=0.005371  dMin=0.000000  dAvg=0.036043  dMax=32.353340  Dlo=0.018022  Dhi=16.194692  err=-1.000000  inc=-3.104297  bucket 0->0  (mf=1000)
[MF-SEL] tPrev=(  d=0.004672  dMin=0.000000  dAvg=0.036033  dMax=32.353340  Dlo=0.018016  Dhi=16.194686  err=-1.000000  inc=-3.106723  bucket 0->0  (mf=1000)
[MF-SEL] tPrev=(  d=0.003787  dMin=0.000000  dAvg=0.036022  dMax=32.353340  Dlo=0.018011  Dhi=16.194681  err=-1.000000  inc=-3.109166  bucket 0->0  (mf=1000)
[MF-SEL] tPrev=(  d=0.003455  dMin=0.000000  dAvg=0.036011  dMax=32.353340  Dlo=0.018005  Dhi=16.194675  err=-1.000000  inc=-3.111544  bucket 0->0  (mf=1000)
[MF-SEL] tPrev=(  d=0.003688  dMin=0.000000  dAvg=0.036000  dMax=32.353340  Dlo=0.018000  Dhi=16.194670  err=-1.000000  inc=-3.114047  bucket 0->0  (mf=1000)
[MF-SEL] tPrev=(  d=0.004571  dMin=0.000000  dAvg=0.035989  dMax=32.353340  Dlo=0.017995  Dhi=16.194665  err=-1.000000  inc=-3.116359  bucket 0->0  (mf=1000)
[MF-SEL] tPrev=(  d=0.005152  dMin=0.000000  dAvg=0.035979  dMax=32.353340  Dlo=0.017989  Dhi=16.194659  err=-1.000000  inc=-3.118887  bucket 0->0  (mf=1000)
[MF-SEL] tPrev=(  d=0.005274  dMin=0.000000  dAvg=0.035968  dMax=32.353340  Dlo=0.017984  Dhi=16.194654  err=-1.000000  inc=-3.121109  bucket 0->0  (mf=1000)
[MF-SEL] tPrev=(  d=0.006025  dMin=0.000000  dAvg=0.035958  dMax=32.353340  Dlo=0.017979  Dhi=16.194649  err=-1.000000  inc=-3.123418  bucket 0->0  (mf=1000)
[MF-SEL] tPrev=(  d=0.005289  dMin=0.000000  dAvg=0.035948  dMax=32.353340  Dlo=0.017974  Dhi=16.194644  err=-1.000000  inc=-3.125562  bucket 0->0  (mf=1000)
[MF-SEL] tPrev=(  d=0.006963  dMin=0.000000  dAvg=0.035938  dMax=32.353340  Dlo=0.017969  Dhi=16.194639  err=-1.000000  inc=-3.127957  bucket 0->0  (mf=1000)
[MF-SEL] tPrev=(  d=0.005961  dMin=0.000000  dAvg=0.035928  dMax=32.353340  Dlo=0.017964  Dhi=16.194634  err=-1.000000  inc=-3.130382  bucket 0->0  (mf=1000)
[MF-SEL] tPrev=(  d=0.005538  dMin=0.000000  dAvg=0.035918  dMax=32.353340  Dlo=0.017959  Dhi=16.194629  err=-1.000000  inc=-3.132639  bucket 0->0  (mf=1000)
[MF-SEL] tPrev=(  d=0.005482  dMin=0.000000  dAvg=0.035908  dMax=32.353340  Dlo=0.017954  Dhi=16.194624  err=-1.000000  inc=-3.135122  bucket 0->0  (mf=1000)
[MF-SEL] tPrev=(  d=0.005279  dMin=0.000000  dAvg=0.035897  dMax=32.353340  Dlo=0.017949  Dhi=16.194619  err=-1.000000  inc=-3.137447  bucket 0->0  (mf=1000)
[MF-SEL] tPrev=(  d=0.005426  dMin=0.000000  dAvg=0.035887  dMax=32.353340  Dlo=0.017944  Dhi=16.194614  err=-1.000000  inc=-3.139739  bucket 0->0  (mf=1000)
[MF-SEL] tPrev=(  d=0.005333  dMin=0.000000  dAvg=0.035877  dMax=32.353340  Dlo=0.017938  Dhi=16.194608  err=-1.000000  inc=-3.142138  bucket 0->0  (mf=1000)
[MF-SEL] tPrev=(  d=0.006339  dMin=0.000000  dAvg=0.035867  dMax=32.353340  Dlo=0.017933  Dhi=16.194604  err=-1.000000  inc=-3.144316  bucket 0->0  (mf=1000)
[MF-SEL] tPrev=(  d=0.005447  dMin=0.000000  dAvg=0.035857  dMax=32.353340  Dlo=0.017928  Dhi=16.194598  err=-1.000000  inc=-3.146623  bucket 0->0  (mf=1000)
[MF-SEL] tPrev=(  d=0.008554  dMin=0.000000  dAvg=0.035848  dMax=32.353340  Dlo=0.017924  Dhi=16.194594  err=-1.000000  inc=-3.148763  bucket 0->0  (mf=1000)
[MF-SEL] tPrev=(  d=0.008628  dMin=0.000000  dAvg=0.035838  dMax=32.353340  Dlo=0.017919  Dhi=16.194589  err=-1.000000  inc=-3.151315  bucket 0->0  (mf=1000)
[MF-SEL] tPrev=(  d=0.009721  dMin=0.000000  dAvg=0.035830  dMax=32.353340  Dlo=0.017915  Dhi=16.194585  err=-1.000000  inc=-3.153739  bucket 0->0  (mf=1000)
[MF-SEL] tPrev=(  d=0.010208  dMin=0.000000  dAvg=0.035821  dMax=32.353340  Dlo=0.017911  Dhi=16.194581  err=-1.000000  inc=-3.156081  bucket 0->0  (mf=1000)
[MF-SEL] tPrev=(  d=0.010021  dMin=0.000000  dAvg=0.035812  dMax=32.353340  Dlo=0.017906  Dhi=16.194576  err=-1.000000  inc=-3.158350  bucket 0->0  (mf=1000)
[MF-SEL] tPrev=(  d=0.009534  dMin=0.000000  dAvg=0.035804  dMax=32.353340  Dlo=0.017902  Dhi=16.194572  err=-1.000000  inc=-3.160734  bucket 0->0  (mf=1000)
[MF-SEL] tPrev=(  d=0.008183  dMin=0.000000  dAvg=0.035794  dMax=32.353340  Dlo=0.017897  Dhi=16.194567  err=-1.000000  inc=-3.162933  bucket 0->0  (mf=1000)
[MF-SEL] tPrev=(  d=0.007439  dMin=0.000000  dAvg=0.035785  dMax=32.353340  Dlo=0.017892  Dhi=16.194562  err=-1.000000  inc=-3.165346  bucket 0->0  (mf=1000)
[MF-SEL] tPrev=(  d=0.006245  dMin=0.000000  dAvg=0.035775  dMax=32.353340  Dlo=0.017887  Dhi=16.194558  err=-1.000000  inc=-3.167583  bucket 0->0  (mf=1000)
[MF-SEL] tPrev=(  d=0.006530  dMin=0.000000  dAvg=0.035765  dMax=32.353340  Dlo=0.017883  Dhi=16.194553  err=-1.000000  inc=-3.170311  bucket 0->0  (mf=1000)
[MF-SEL] tPrev=(  d=0.006435  dMin=0.000000  dAvg=0.035755  dMax=32.353340  Dlo=0.017878  Dhi=16.194548  err=-1.000000  inc=-3.172696  bucket 0->0  (mf=1000)
[MF-SEL] tPrev=(  d=0.006629  dMin=0.000000  dAvg=0.035746  dMax=32.353340  Dlo=0.017873  Dhi=16.194543  err=-1.000000  inc=-3.175236  bucket 0->0  (mf=1000)
[MF-SEL] tPrev=(  d=0.007345  dMin=0.000000  dAvg=0.035736  dMax=32.353340  Dlo=0.017868  Dhi=16.194538  err=-1.000000  inc=-3.177664  bucket 0->0  (mf=1000)
[MF-SEL] tPrev=(  d=0.007597  dMin=0.000000  dAvg=0.035727  dMax=32.353340  Dlo=0.017863  Dhi=16.194533  err=-1.000000  inc=-3.179937  bucket 0->0  (mf=1000)
[MF-SEL] tPrev=(  d=0.006959  dMin=0.000000  dAvg=0.035717  dMax=32.353340  Dlo=0.017859  Dhi=16.194529  err=-1.000000  inc=-3.182114  bucket 0->0  (mf=1000)
[MF-SEL] tPrev=(  d=0.006009  dMin=0.000000  dAvg=0.035707  dMax=32.353340  Dlo=0.017854  Dhi=16.194524  err=-1.000000  inc=-3.184437  bucket 0->0  (mf=1000)
[MF-SEL] tPrev=(  d=0.005092  dMin=0.000000  dAvg=0.035697  dMax=32.353340  Dlo=0.017848  Dhi=16.194519  err=-1.000000  inc=-3.186748  bucket 0->0  (mf=1000)
[MF-SEL] tPrev=(  d=0.004696  dMin=0.000000  dAvg=0.035687  dMax=32.353340  Dlo=0.017843  Dhi=16.194513  err=-1.000000  inc=-3.189077  bucket 0->0  (mf=1000)
[MF-SEL] tPrev=(  d=0.004809  dMin=0.000000  dAvg=0.035676  dMax=32.353340  Dlo=0.017838  Dhi=16.194508  err=-1.000000  inc=-3.191428  bucket 0->0  (mf=1000)
[MF-SEL] tPrev=(  d=0.006162  dMin=0.000000  dAvg=0.035666  dMax=32.353340  Dlo=0.017833  Dhi=16.194503  err=-1.000000  inc=-3.193642  bucket 0->0  (mf=1000)
[MF-SEL] tPrev=(  d=0.006947  dMin=0.000000  dAvg=0.035657  dMax=32.353340  Dlo=0.017828  Dhi=16.194498  err=-1.000000  inc=-3.196013  bucket 0->0  (mf=1000)
[MF-SEL] tPrev=(  d=0.007412  dMin=0.000000  dAvg=0.035647  dMax=32.353340  Dlo=0.017824  Dhi=16.194494  err=-1.000000  inc=-3.198439  bucket 0->0  (mf=1000)
[MF-SEL] tPrev=(  d=0.006767  dMin=0.000000  dAvg=0.035638  dMax=32.353340  Dlo=0.017819  Dhi=16.194489  err=-1.000000  inc=-3.200654  bucket 0->0  (mf=1000)
[MF-SEL] tPrev=(  d=0.006309  dMin=0.000000  dAvg=0.035628  dMax=32.353340  Dlo=0.017814  Dhi=16.194484  err=-1.000000  inc=-3.203330  bucket 0->0  (mf=1000)
[MF-SEL] tPrev=(  d=0.005990  dMin=0.000000  dAvg=0.035618  dMax=32.353340  Dlo=0.017809  Dhi=16.194479  err=-1.000000  inc=-3.205637  bucket 0->0  (mf=1000)
[MF-SEL] tPrev=(  d=0.005728  dMin=0.000000  dAvg=0.035608  dMax=32.353340  Dlo=0.017804  Dhi=16.194474  err=-1.000000  inc=-3.208115  bucket 0->0  (mf=1000)
[MF-SEL] tPrev=(  d=0.005458  dMin=0.000000  dAvg=0.035598  dMax=32.353340  Dlo=0.017799  Dhi=16.194469  err=-1.000000  inc=-3.210362  bucket 0->0  (mf=1000)
[MF-SEL] tPrev=(  d=0.004757  dMin=0.000000  dAvg=0.035588  dMax=32.353340  Dlo=0.017794  Dhi=16.194464  err=-1.000000  inc=-3.212656  bucket 0->0  (mf=1000)
[MF-SEL] tPrev=(  d=0.005295  dMin=0.000000  dAvg=0.035578  dMax=32.353340  Dlo=0.017789  Dhi=16.194459  err=-1.000000  inc=-3.214986  bucket 0->0  (mf=1000)
[MF-SEL] tPrev=(  d=0.006159  dMin=0.000000  dAvg=0.035568  dMax=32.353340  Dlo=0.017784  Dhi=16.194454  err=-1.000000  inc=-3.217385  bucket 0->0  (mf=1000)
[MF-SEL] tPrev=(  d=0.003330  dMin=0.000000  dAvg=0.035557  dMax=32.353340  Dlo=0.017779  Dhi=16.194449  err=-1.000000  inc=-3.219698  bucket 0->0  (mf=1000)
[MF-SEL] tPrev=(  d=0.008839  dMin=0.000000  dAvg=0.035548  dMax=32.353340  Dlo=0.017774  Dhi=16.194444  err=-1.000000  inc=-3.222258  bucket 0->0  (mf=1000)
[MF-SEL] tPrev=(  d=0.010060  dMin=0.000000  dAvg=0.035540  dMax=32.353340  Dlo=0.017770  Dhi=16.194440  err=-1.000000  inc=-3.224534  bucket 0->0  (mf=1000)
[MF-SEL] tPrev=(  d=0.010788  dMin=0.000000  dAvg=0.035532  dMax=32.353340  Dlo=0.017766  Dhi=16.194436  err=-1.000000  inc=-3.226695  bucket 0->0  (mf=1000)
[MF-SEL] tPrev=(  d=0.020708  dMin=0.000000  dAvg=0.035527  dMax=32.353340  Dlo=0.017763  Dhi=16.194433  err=0.000000  inc=-2.298190  bucket 0->0  (mf=1000)
[MF-SEL] tPrev=(  d=0.013118  dMin=0.000000  dAvg=0.035519  dMax=32.353340  Dlo=0.017760  Dhi=16.194430  err=-1.000000  inc=-3.576482  bucket 0->0  (mf=1000)
[MF-SEL] tPrev=(  d=0.013978  dMin=0.000000  dAvg=0.035512  dMax=32.353340  Dlo=0.017756  Dhi=16.194426  err=-1.000000  inc=-3.231427  bucket 0->0  (mf=1000)
[MF-SEL] tPrev=(  d=0.014772  dMin=0.000000  dAvg=0.035505  dMax=32.353340  Dlo=0.017753  Dhi=16.194423  err=-1.000000  inc=-3.233613  bucket 0->0  (mf=1000)
[MF-SEL] tPrev=(  d=0.005279  dMin=0.000000  dAvg=0.035495  dMax=32.353340  Dlo=0.017748  Dhi=16.194418  err=-1.000000  inc=-3.235893  bucket 0->0  (mf=1000)
[MF-SEL] tPrev=(  d=0.007387  dMin=0.000000  dAvg=0.035486  dMax=32.353340  Dlo=0.017743  Dhi=16.194413  err=-1.000000  inc=-3.238437  bucket 0->0  (mf=1000)
[MF-SEL] tPrev=(  d=0.003371  dMin=0.000000  dAvg=0.035475  dMax=32.353340  Dlo=0.017738  Dhi=16.194408  err=-1.000000  inc=-3.240551  bucket 0->0  (mf=1000)
[MF-SEL] tPrev=(  d=0.007500  dMin=0.000000  dAvg=0.035466  dMax=32.353340  Dlo=0.017733  Dhi=16.194403  err=-1.000000  inc=-3.242778  bucket 0->0  (mf=1000)
[MF-SEL] tPrev=(  d=0.002723  dMin=0.000000  dAvg=0.035455  dMax=32.353340  Dlo=0.017728  Dhi=16.194398  err=-1.000000  inc=-3.245126  bucket 0->0  (mf=1000)
[MF-SEL] tPrev=(  d=0.003351  dMin=0.000000  dAvg=0.035445  dMax=32.353340  Dlo=0.017722  Dhi=16.194392  err=-1.000000  inc=-3.247471  bucket 0->0  (mf=1000)
[MF-SEL] tPrev=(  d=0.006883  dMin=0.000000  dAvg=0.035435  dMax=32.353340  Dlo=0.017718  Dhi=16.194388  err=-1.000000  inc=-3.249821  bucket 0->0  (mf=1000)
[MF-SEL] tPrev=(  d=0.003838  dMin=0.000000  dAvg=0.035425  dMax=32.353340  Dlo=0.017712  Dhi=16.194382  err=-1.000000  inc=-3.252249  bucket 0->0  (mf=1000)
[MF-SEL] tPrev=(  d=0.002557  dMin=0.000000  dAvg=0.035414  dMax=32.353340  Dlo=0.017707  Dhi=16.194377  err=-1.000000  inc=-3.254801  bucket 0->0  (mf=1000)
[MF-SEL] tPrev=(  d=0.002024  dMin=0.000000  dAvg=0.035403  dMax=32.353340  Dlo=0.017701  Dhi=16.194371  err=-1.000000  inc=-3.256887  bucket 0->0  (mf=1000)
[MF-SEL] tPrev=(  d=0.002507  dMin=0.000000  dAvg=0.035392  dMax=32.353340  Dlo=0.017696  Dhi=16.194366  err=-1.000000  inc=-3.259406  bucket 0->0  (mf=1000)
[MF-SEL] tPrev=(  d=0.003513  dMin=0.000000  dAvg=0.035381  dMax=32.353340  Dlo=0.017691  Dhi=16.194361  err=-1.000000  inc=-3.261672  bucket 0->0  (mf=1000)
[MF-SEL] tPrev=(  d=0.001614  dMin=0.000000  dAvg=0.035370  dMax=32.353340  Dlo=0.017685  Dhi=16.194355  err=-1.000000  inc=-3.264218  bucket 0->0  (mf=1000)
[MF-SEL] tPrev=(  d=0.001807  dMin=0.000000  dAvg=0.035359  dMax=32.353340  Dlo=0.017680  Dhi=16.194350  err=-1.000000  inc=-3.266720  bucket 0->0  (mf=1000)
[MF-SEL] tPrev=(  d=0.001403  dMin=0.000000  dAvg=0.035348  dMax=32.353340  Dlo=0.017674  Dhi=16.194344  err=-1.000000  inc=-3.269048  bucket 0->0  (mf=1000)
[MF-SEL] tPrev=(  d=0.000741  dMin=0.000000  dAvg=0.035337  dMax=32.353340  Dlo=0.017668  Dhi=16.194338  err=-1.000000  inc=-3.271298  bucket 0->0  (mf=1000)
[MF-SEL] tPrev=(  d=0.000456  dMin=0.000000  dAvg=0.035325  dMax=32.353340  Dlo=0.017663  Dhi=16.194333  err=-1.000000  inc=-3.273682  bucket 0->0  (mf=1000)
[MF-SEL] tPrev=(  d=0.000373  dMin=0.000000  dAvg=0.035314  dMax=32.353340  Dlo=0.017657  Dhi=16.194327  err=-1.000000  inc=-3.275856  bucket 0->0  (mf=1000)
[MF-SEL] tPrev=(  d=0.007605  dMin=0.000000  dAvg=0.035304  dMax=32.353340  Dlo=0.017652  Dhi=16.194322  err=-1.000000  inc=-3.278512  bucket 0->0  (mf=1000)
[MF-SEL] tPrev=(  d=0.001374  dMin=0.000000  dAvg=0.035293  dMax=32.353340  Dlo=0.017647  Dhi=16.194317  err=-1.000000  inc=-3.280734  bucket 0->0  (mf=1000)
[MF-SEL] tPrev=(  d=0.001620  dMin=0.000000  dAvg=0.035282  dMax=32.353340  Dlo=0.017641  Dhi=16.194311  err=-1.000000  inc=-3.283348  bucket 0->0  (mf=1000)
[MF-SEL] tPrev=(  d=0.001710  dMin=0.000000  dAvg=0.035271  dMax=32.353340  Dlo=0.017636  Dhi=16.194306  err=-1.000000  inc=-3.285579  bucket 0->0  (mf=1000)
[MF-SEL] tPrev=(  d=0.002128  dMin=0.000000  dAvg=0.035260  dMax=32.353340  Dlo=0.017630  Dhi=16.194300  err=-1.000000  inc=-3.288214  bucket 0->0  (mf=1000)
[MF-SEL] tPrev=(  d=0.002145  dMin=0.000000  dAvg=0.035249  dMax=32.353340  Dlo=0.017625  Dhi=16.194295  err=-1.000000  inc=-3.290550  bucket 0->0  (mf=1000)
[MF-SEL] tPrev=(  d=0.002439  dMin=0.000000  dAvg=0.035238  dMax=32.353340  Dlo=0.017619  Dhi=16.194289  err=-1.000000  inc=-3.292768  bucket 0->0  (mf=1000)
Shutdown
SLAM Finished at System Time: 1749948181.463913679122925

 TIME STATS in ms (mean$\pm$std)
OpenCV version: 4.8.1
---------------------------
Tracking

ORB Extraction: 21.69647$\pm$2.19178
Stereo Matching: 5.79553$\pm$1.55319
IMU Preintegration: 0.21361$\pm$0.06156
Pose Prediction: 0.15334$\pm$0.27976
LM Track: 16.05064$\pm$3.40803
New KF decision: 0.23216$\pm$0.25143
Total Tracking: 48.88005$\pm$4.74760



Local Mapping

KF Insertion: 14.42038$\pm$4.90799
MP Culling: 0.46273$\pm$0.19110
MP Creation: 40.62139$\pm$14.76808
LBA: 130.48358$\pm$45.95853
KF Culling: 12.27546$\pm$8.42027
Total Local Mapping: 198.18732$\pm$67.61655
---------------------------

LBA complexity (mean$\pm$std)
LBA Edges: 743.37500$\pm$298.35253
LBA KF optimized: 6.50000$\pm$2.29129
LBA KF fixed: 1.00000$\pm$0.00000
LBA MP: nan$\pm$nan

LBA executions: 460
LBA aborts: 0
---------------------------

Map complexity
KFs in map: 121
MPs in map: 7606
---------------------------

Place Recognition (mean$\pm$std)
Database Query: 1.11465$\pm$0.61013
SE3 estimation: 7.45940$\pm$10.43595
Total Place Recognition: 7.35462$\pm$10.37359


Loop Closing (mean$\pm$std)
Loop Fusion: nan$\pm$nan
Essential Graph: nan$\pm$nan
Total Loop Closing: nan$\pm$nan

Num exec: 0
Number of KFs: nan$\pm$nan

Map Merging (mean$\pm$std)
Merge Maps: nan$\pm$nan
Welding BA: nan$\pm$nan
Optimization Ess.: nan$\pm$nan
Total Map Merging: nan$\pm$nan

Num exec: 0
Number of KFs: nan$\pm$nan
Number of MPs: nan$\pm$nan

Full GBA (mean$\pm$std)
GBA: nan$\pm$nan
Map Update: nan$\pm$nan
Total Full GBA: nan$\pm$nan

Num exec: 0
Num abort: 0
Number of KFs: nan$\pm$nan
Number of MPs: nan$\pm$nan

Saving trajectory to f_dataset-MH02_stereo_imu.txt ...
There are 1 maps in the atlas
  Map 0 has 121 KFs

End of saving trajectory to f_dataset-MH02_stereo_imu.txt ...

Saving keyframe trajectory to kf_dataset-MH02_stereo_imu.txt ...
