0,0.0558637,-0.225832,1.89358
0,0.0632937,-0.196226,1.84901
0,0.0580192,-0.198123,1.86688
0,0.0339719,-0.177833,1.83966
0,0.0222622,-0.205828,1.83071
0,0.052445,-0.222993,1.87805
0,0.425133,0.0459931,1.98708
0,0.412935,0.0460301,1.98868
0,0.399009,-0.0103656,1.98179
0,0.398748,-0.0228476,1.9805
0,0.189664,-0.183145,1.72575
0,-0.0250664,-0.23389,1.91887
0,-0.000876768,-0.267375,1.94237
0,0.264399,-0.176771,1.82868
0,0.198507,-0.184204,1.7461
0,-0.0765652,-0.174955,1.45036
0,-0.0720228,-0.237956,1.91264
0,-0.0724502,-0.261206,1.92399
0,-0.227226,-0.246272,1.71822
0,-0.239285,-0.245306,1.71148
0,-0.224566,-0.217487,1.74812
0,-0.217513,-0.230251,1.74461
0,-0.262556,-0.242872,1.6945
0,-0.136531,-0.149736,1.80856
0,-0.150985,-0.171135,1.81781
0,-0.0387225,-0.358736,2.06647
0,-0.0314036,-0.226229,1.39435
0,-0.0222002,-0.307388,1.98725
0,-0.0150578,-0.330691,2.03819
0,0.01535,-0.306513,1.98159
0,0.0311042,-0.344921,2.03117
0,-0.247401,-0.220868,1.7229
0,-0.235309,-0.221759,1.72985
0,-0.249727,-0.196625,1.73911
0,-0.217464,-0.176151,1.7988
0,-0.242595,-0.209308,1.73515
0,0.000346537,-0.262458,1.93322
0,0.00035393,-0.290473,1.97448
0,0.0212034,-0.20792,1.839
0,-0.0654927,-0.277128,1.9335
0,-0.118177,-0.180427,1.84246
0,-0.085647,-0.228455,1.89387
0,-0.266118,0.327165,1.76048
0,-0.296586,0.3331,1.8685
0,0.172175,-0.349989,1.89236
0,0.426039,0.0375606,1.93985
0,0.425498,-0.0140402,1.97135
0,0.0620139,-0.245951,1.81162
0,0.147545,-0.165694,1.69201
0,0.203372,-0.281937,1.91646
0,-0.1476,-0.106786,1.77706
0,0.0556272,-0.40011,1.82698
0,0.476269,-0.417391,1.90589
0,0.416979,0.0380737,1.96635
0,-0.116467,-0.0521257,1.62419
0,-0.130566,-0.04453,1.61614
0,-0.0834154,-0.230547,1.87592
0,-0.0590707,-0.270134,1.91503
0,-0.0539507,-0.38242,2.05093
0,-0.0803684,-0.375333,2.01292
0,-0.0164417,-0.330593,2.01876
0,-0.0436071,-0.328098,2.00352
0,-0.0241345,-0.24247,1.90264
0,-0.0422526,-0.282651,1.94129
0,0.0363875,-0.363937,1.90541
0,0.00194427,-0.387331,2.07726
0,0.075441,-0.197233,1.80488
0,0.0519381,-0.218163,1.84324
0,0.0772026,-0.436647,1.84703
0,0.0595534,-0.463366,1.82022
0,0.163322,-0.366239,1.87294
0,0.154954,-0.383582,1.87458
0,0.401082,-0.5081,1.83253
0,0.442514,-0.441348,1.86692
0,0.411548,-0.443853,1.84213
0,0.474749,-0.51582,1.86037
0,0.461116,-0.536507,1.87362
0,0.486723,-0.460028,1.87396
0,0.486615,-0.493952,1.87354
0,-0.293182,-0.21774,1.70859
0,-0.250301,-0.512639,1.79027
0,-0.307606,0.436291,2.00483
0,-0.294255,0.403164,1.9763
0,-0.288331,0.366292,1.8792
0,-0.179165,-0.173203,1.81067
0,-0.199271,-0.209517,1.7702
0,-0.152194,-0.122027,1.78362
0,-0.131273,-0.158492,1.83066
0,0.0109513,-0.318406,1.99978
0,0.0294066,-0.349164,2.02014
0,0.00190123,-0.341864,2.03127
0,0.0174257,-0.166414,1.73969
0,0.0268653,-0.210058,1.84556
0,0.0321233,-0.443483,1.68211
0,0.0163294,-0.407605,1.63025
0,0.11068,-0.335814,1.84592
0,0.119751,-0.371478,1.85662
0,0.0941569,-0.378678,1.85061
0,-0.0749398,-0.196588,1.87696
0,-0.0582485,-0.214932,1.88838
0,-0.0915564,-0.195675,1.86824
0,-0.116365,-0.186171,1.85805
0,-0.124623,-0.211178,1.8554
0,-0.0446961,-0.471109,1.69912
0,-0.0762371,-0.475369,1.71448
0,-0.0528326,-0.490455,1.7128
0,-0.0764475,-0.500098,1.71921
0,-0.316112,0.308702,1.89228
0,-0.325937,0.284003,1.89947
0,-0.321141,0.220343,1.87152
0,-0.212739,-0.470684,1.81657
0,-0.291501,0.326165,1.84526
0,-0.188765,-0.516213,1.74734
0,-0.065759,-0.160888,1.85833
0,-0.097045,-0.140448,1.81233
0,0.427785,0.0348869,1.95453
0,0.42513,-0.01863,1.98355
0,0.00915692,-0.44844,1.67212
0,-0.0138686,-0.479867,1.70282
0,-0.0373317,-0.506717,1.7152
0,0.0515033,-0.407208,1.82781
0,0.196846,-0.195728,1.7911
0,0.148022,-0.170084,1.69749
0,0.200411,-0.276948,1.90212
0,-0.325215,-0.164011,1.80001
0,-0.357087,-0.159115,1.83786
0,-0.287149,0.49358,2.05383
0,-0.197396,-0.108419,1.82723
0,-0.148085,-0.175339,1.833
0,-0.223184,-0.514471,1.76862
0,-0.239212,-0.52243,1.76838
0,0.48034,-0.419343,1.88228
0,-0.303908,-0.196386,1.72544
0,-0.376269,-0.185377,1.85012
0,-0.370596,-0.259522,1.78244
0,0.00182711,-0.275358,1.95207
0,-0.00566686,-0.364556,1.57228
0,-0.237051,-0.183543,1.75241
0,-0.266286,-0.197534,1.73552
0,-0.235042,-0.221432,1.73756
0,-0.268032,-0.239335,1.6967
0,-0.23712,-0.296952,1.59256
0,0.528227,-0.436598,1.81202
0,0.499409,-0.514362,1.76825
0,-0.374778,-0.0591414,1.84279
0,-0.345896,-0.144301,1.84048
0,-0.330989,-0.161968,1.81374
0,-0.103947,-0.142532,1.81792
0,-0.113565,-0.142173,1.81334
0,-0.360015,-0.291801,1.76233
0,-0.317594,-0.242978,1.68988
0,-0.346381,-0.250479,1.74205
0,-0.353134,-0.254731,2.54229
0,-0.26979,-0.193058,1.73779
0,-0.279492,0.429133,2.09428
0,-0.307293,0.405587,1.97936
0,-0.28414,0.430301,2.04559
0,-0.312445,0.434317,2.01255
0,-0.15061,-0.120436,1.78404
0,-0.143805,-0.152691,1.82095
0,0.0162588,-0.306681,1.98268
0,0.027273,-0.341745,1.99821
0,0.0145281,-0.16786,1.77163
0,0.0250345,-0.203768,1.8342
0,0.0853036,-0.385044,1.84088
0,0.054815,-0.392215,1.82756
0,0.0805746,-0.183699,1.73882
0,0.0449936,-0.213632,1.83309
0,0.105131,-0.324153,1.83684
0,0.115789,-0.366239,1.84721
0,0.15776,-0.360087,1.86749
0,0.415913,0.0274725,1.93236
0,0.423561,-0.0149091,1.96789
0,-0.374934,-0.183898,1.83536
0,-0.367366,-0.447799,2.14091
0,-0.297169,0.32855,1.84925
0,-0.321877,0.282169,1.87581
0,-0.352634,0.241355,1.87633
0,-0.314316,-0.267806,1.67244
0,-0.0665939,-0.20907,1.88193
0,-0.086009,-0.186201,1.85834
0,-0.0664628,-0.198652,1.43602
0,-0.0645822,-0.153037,1.82508
0,0.0349125,-0.382386,1.82817
0,0.0240127,-0.40633,1.75934
0,-0.0215451,-0.366073,1.58503
0,0.0654962,-0.356326,1.84799
0,0.0750578,-0.433944,1.8356
0,0.191077,-0.282825,1.8952
0,0.471171,-0.419352,1.85959
0,0.44116,-0.429858,1.86121
0,0.406766,-0.435742,1.8432
0,0.436348,-0.0365252,1.97725
0,-0.305439,-0.191663,1.72523
0,-0.290065,-0.224635,1.69042
0,-0.230212,-0.170399,1.79843
0,-0.264623,-0.217221,1.70451
0,0.00530502,-0.266661,1.92764
0,-0.0257848,-0.231409,1.89694
0,0.0362277,-0.355448,1.89704
0,-0.0387954,-0.370658,2.03746
0,-0.201405,-0.102109,1.8037
0,-0.192831,-0.172016,1.8155
0,0.0319987,-0.113114,1.67559
0,-0.373414,-0.0536848,1.82792
0,0.533716,-0.432822,1.83085
0,0.132633,-0.159016,1.67829
0,0.529357,0.617778,1.78258
0,0.447957,0.660875,1.76797
0,-0.309843,0.363571,1.92812
0,-0.295098,-0.454971,1.96994
0,-0.1301,-0.0483832,1.64741
0,-0.112118,-0.624701,1.70142
0,-0.16406,-0.589248,1.66413
0,-0.139788,-0.117566,1.77009
0,-0.178153,-0.143652,1.80708
0,0.0108088,-0.166176,1.79515
0,0.0711885,-0.494859,1.83898
0,0.403468,0.0225652,1.87454
0,0.424356,-0.0270067,1.91346
0,0.39897,-0.75462,1.79899
0,0.87452,0.581723,1.85983
0,-0.315982,0.312985,1.92712
0,-0.357557,0.243968,1.88071
0,-0.07893,-0.503511,1.70539
0,0.0223532,-0.572041,1.77985
0,-0.000890236,-0.519814,1.72247
0,0.0224095,-0.620144,1.78433
0,0.0108657,-0.379422,1.8046
0,-0.000858698,-0.392783,1.66149
0,0.0904925,-0.184605,1.7474
0,0.0466913,-0.20433,1.82139
0,0.194526,-0.28296,1.86882
0,0.245083,-0.657885,1.7918
0,0.263234,-0.662008,1.68315
0,0.208949,-0.678103,1.78336
0,0.548266,-0.453528,1.86681
0,0.476154,-0.430128,1.87121
0,0.488415,-0.491325,1.87131
0,0.526076,-0.528925,1.83204
0,-0.133952,-0.578422,1.69619
0,-0.176901,-0.562846,1.68278
0,0.437591,-0.501398,1.86328
0,0.410812,-0.462136,1.85239
0,0.46291,-0.526849,1.86713
0,0.605159,-0.474697,1.85415
0,0.626099,-0.518364,1.88063
0,0.595157,-0.549388,1.86078
0,-0.192427,-0.520063,1.72329
0,-0.253464,-0.539882,1.67979
0,-0.201356,-0.561025,1.61423
0,-0.235706,-0.556822,1.63285
0,-0.0616688,-0.184055,1.85712
0,-0.0854689,-0.170946,1.84667
0,0.0837118,-0.388974,1.85003
0,0.0711466,-0.434487,1.8379
0,-0.308453,0.343837,1.95933
0,0.195557,-0.753048,1.7677
0,-0.338104,-0.158447,1.84173
0,0.0464799,-0.547177,1.81314
0,0.388022,-0.642401,1.74963
0,-0.336537,0.22173,1.90089
0,0.439232,-0.44214,1.87027
0,-0.196027,-0.0936434,1.75554
0,-0.17907,-0.180016,1.81638
0,-0.243633,-0.186764,1.76784
0,0.0363257,-0.325317,1.90216
0,0.0440073,-0.125242,1.71668
0,0.133848,-0.158974,1.71735
0,0.313344,-0.630377,1.78028
0,0.302739,-0.706498,1.65843
0,0.578541,-0.56934,1.84657
0,0.0339034,-0.466122,1.77532
0,-0.0345573,-0.518056,1.71664
0,-0.106579,-0.130993,1.79552
0,-0.123207,-0.502197,1.70094
0,0.108115,-0.329145,1.85368
0,0.157984,-0.368751,1.87015
0,0.534558,0.613399,1.74255
0,0.503472,0.617189,1.75332
0,-0.305104,0.00947823,1.72335
0,0.0336154,-0.70384,1.76024
0,-0.300162,-0.519764,1.76044
0,-0.111201,-0.0569162,1.68751
0,0.031649,-0.457806,1.77909
0,0.00364278,-0.460342,1.73601
0,0.405492,0.0178602,1.89546
0,0.427793,-0.0272255,1.92896
0,0.0754388,-0.398128,1.82545
0,-0.585537,0.426328,1.92688
0,-0.321185,0.00284018,1.80087
0,-0.371366,-0.054826,1.83948
0,-0.336501,0.328271,1.97357
0,0.0750997,-0.481882,1.81725
0,0.0457353,-0.543078,1.7841
0,-0.51178,0.579574,1.9338
0,-0.553132,0.560187,1.91935
0,-0.465474,-0.424994,1.75883
0,-0.531841,-0.49156,1.75018
0,-0.356689,0.243494,1.91568
0,-0.393739,0.201992,1.95031
0,-0.116845,-0.626192,1.70548
0,-0.180881,-0.59008,1.67888
0,0.0174876,-0.61811,1.75863
0,-0.0511832,-0.600601,1.74783
0,0.0310911,-0.696551,1.74773
0,0.0452501,-0.191098,1.76517
0,0.302664,-0.62251,1.73248
0,0.265662,-0.652757,1.67073
0,0.390631,-0.729635,1.76139
0,-0.324875,-0.448985,1.74481
0,-0.352267,-0.421624,1.74488
0,-0.349649,-0.520552,1.66713
0,-0.157391,-0.574145,1.70988
0,-0.246388,-0.536626,1.67648
0,0.0188961,-0.339901,1.90026
0,-0.086544,-0.268711,1.92427
0,0.548131,-0.452993,1.8747
0,0.570256,-0.563453,1.85103
0,-0.133537,-0.120728,1.74885
0,-0.18912,-0.134948,1.75535
0,-0.175839,-0.176757,1.76026
0,-0.246484,-0.191807,1.77172
0,-0.0100534,-0.107033,1.74927
0,-0.106782,-0.135318,1.76016
0,-0.0404023,-0.248383,1.88459
0,0.482737,-0.49045,1.84956
0,0.416769,-0.468837,1.87925
0,0.105606,-0.331302,1.85218
0,0.164647,-0.362377,1.86253
0,-0.340774,-0.155062,1.8302
0,-0.409118,-0.153765,1.8149
0,-0.364509,-0.181301,1.80552
0,-0.328825,-0.260468,1.76602
0,-0.387314,-0.290479,1.78012
0,-0.399749,-0.331109,1.77333
0,-0.0781194,-0.487845,1.73695
0,0.0175158,-0.563826,1.76146
0,-0.0374718,-0.532056,1.74789
0,-0.303963,0.441376,2.06824
0,0.480524,-0.428872,1.89813
0,0.361421,0.0476735,1.8983
1,0.250293,-0.741611,1.6644
1,-0.0154441,-0.426448,1.72125
1,0.0235283,-0.426244,1.71799
1,0.0234387,-0.116577,1.72957
1,0.343235,-0.616762,1.72122
1,0.199965,-0.188553,1.73387
1,0.137583,-0.16919,1.74046
1,0.303626,-0.730035,1.72988
1,0.00966135,-0.11552,1.75633
1,0.0162618,-0.169937,1.76851
1,0.336699,-0.766421,1.74106
1,0.55567,-0.0843413,1.71769
1,0.609054,-0.106252,1.71247
1,0.558601,-0.0881866,1.71861
1,0.0836256,-0.189956,1.7709
1,-0.0613345,-0.608972,1.79414
1,-0.0442547,-0.143891,1.79111
1,0.649257,-0.122401,1.71999
1,0.636413,-0.116082,1.72144
1,0.647247,-0.126364,1.72176
1,-0.0467751,-0.141258,1.80096
1,0.21671,-0.687666,1.79994
1,0.54438,-0.546914,1.76677
1,0.406545,-0.672911,1.78214
1,0.0421963,-0.552929,1.82275
1,0.379967,-0.779449,1.79547
1,0.23174,-0.653748,1.81877
1,-0.115879,-0.216651,1.85527
1,0.577836,-0.484775,1.80011
1,0.397868,-0.477688,1.81945
1,0.562742,-0.517716,1.80409
1,-0.0626873,-0.218354,1.87374
1,0.0791851,-0.469817,1.86505
1,0.456553,-0.508512,1.82742
1,0.539611,-0.425121,1.81822
1,0.595901,-0.465197,1.81327
1,0.396766,-0.50547,1.83774
1,0.560264,-0.515724,1.82136
1,0.542307,-0.537508,1.82524
1,1.13141,-0.80927,1.77866
1,0.616352,-0.512265,1.83159
1,0.120513,-0.361063,1.8825
1,0.0813124,-0.372474,1.8868
1,0.00672315,-0.291282,1.89466
1,0.617524,-0.460606,1.83284
1,0.932697,0.485862,1.79483
1,0.176692,-0.304335,1.88074
1,0.0540814,-0.380791,1.89634
1,0.906228,0.501123,1.80178
1,0.0817868,-0.47997,1.8983
1,0.103868,-0.325145,1.89589
1,0.624373,-0.471437,1.84372
1,0.532008,-0.454147,1.85322
1,0.435493,-0.498331,1.86442
1,0.617474,-0.497214,1.84823
1,-0.0281858,-0.208041,1.9174
1,0.486264,-0.45818,1.87411
1,0.116776,-0.376402,1.91616
1,0.599033,-0.577552,1.87008
1,0.141109,-0.400783,1.91656
1,0.1531,-0.377451,1.92038
1,0.49979,-0.463137,1.88805
1,0.617992,-0.554594,1.87658
1,0.165141,-0.353932,1.92388
1,0.50063,-0.497308,1.89033
1,0.466259,-0.412014,1.89347
1,-0.0893814,-0.199736,1.9499
1,1.21586,0.387537,1.82242
1,0.421455,-0.00532074,1.95406
1,0.425588,-0.00478968,1.97614
1,0.0273004,-0.349176,2.04267
1,0.00844429,-0.355245,2.08359
2,-0.401546,-0.138326,0.646536
2,0.339352,-0.0491219,1.25812
2,0.320194,0.486257,1.47364
2,0.770264,0.00146724,0.954626
2,0.502504,0.483237,1.33638
2,0.599475,0.494248,1.22826
2,0.534345,0.501813,1.31107
2,0.516001,0.508874,1.3464
2,0.61264,0.501244,1.2375
2,0.540644,0.507281,1.33064
2,0.630623,0.503287,1.23304
2,0.642019,0.489984,1.23773
2,0.840946,0.480377,1.01143
2,0.846509,0.48629,1.01376
2,0.792082,0.482946,1.09553
2,0.701956,0.498503,1.2166
2,0.72414,0.513192,1.20023
2,0.724063,0.494082,1.20192
2,0.849843,0.497679,1.05288
2,0.754315,0.51033,1.17654
2,0.741599,0.500485,1.19581
2,0.759879,0.514491,1.18661
2,0.732281,0.506495,1.22283
2,0.369529,-0.481076,1.62385
2,0.380077,-0.471759,1.66928
2,0.51895,-0.802789,1.5068
2,0.394409,-0.47108,1.6843
2,0.799744,-0.48592,1.19545
2,0.413303,-0.498084,1.67136
2,0.541929,-0.771475,1.49957
2,0.541989,-0.772603,1.50236
2,0.615435,-0.49327,1.45307
2,1.02761,-0.436314,0.964092
2,0.364943,-0.431376,1.84008
2,0.396362,-0.413363,1.81621
2,0.47762,-0.477476,1.7129
2,0.458738,-0.49964,1.74134
2,1.08383,-0.391382,0.986862
2,0.94612,-0.512192,1.16997
2,0.502276,-0.52444,1.728
2,0.917165,-0.520577,1.23969
2,0.535585,-0.444284,1.72028
2,0.552437,-0.48877,1.72752
2,0.569587,-0.509835,1.73494
2,0.560251,-0.540735,1.75566
2,0.719767,-0.881006,1.56431
2,1.34933,-0.404388,0.876304
2,1.32703,-0.135002,1.01409
2,1.36282,-0.0738323,1.03207
2,1.4062,-0.159392,0.996983
2,1.40886,-0.10654,1.00551
2,1.39111,-0.0705474,1.0319
2,1.46193,-0.431604,0.969045
2,1.48553,-0.100194,0.973035
2,1.4999,-0.168607,0.965882
2,0.374116,-0.0499561,1.30191
1,0.374116,-0.0499561,1.30191
2,0.510009,-0.0596586,1.75171
1,0.510009,-0.0596586,1.75171
2,0.439515,-0.0552162,1.51957
1,0.439515,-0.0552162,1.51957
3,0.342984,0.436646,1.17842
3,0.458107,0.418156,0.83815
3,0.460623,0.419416,0.848275
3,0.458864,0.416098,0.909107
3,0.491437,0.390493,0.658966
3,0.496766,0.400252,0.632148
3,0.49454,0.406906,0.696162
3,0.515942,-0.540902,1.35397
3,0.547163,-0.556836,1.19902
3,0.583557,-0.581781,1.19246
3,0.815485,-0.16507,0.568387
3,0.809587,-0.186524,0.566971
3,0.618687,-0.614874,1.33991
3,0.634698,-0.626727,1.2512
3,0.828915,-0.171442,0.574513
3,0.676268,-0.669283,0.9723
3,0.851812,-0.208578,0.544484
3,0.686204,-0.637852,1.02397
3,0.86615,-0.20469,0.551876
3,0.729653,-0.626432,0.784654
3,0.696619,-0.68667,0.968533
3,0.743403,-0.594303,0.777593
3,0.685727,-0.633061,1.34314
3,0.752484,-0.604262,0.816371
3,0.903968,-0.184503,0.558366
3,0.768534,-0.603174,0.814531
3,0.898043,-0.267757,0.547055
3,0.782519,-0.601511,0.819446
3,0.771301,-0.675822,0.740536
3,0.935769,-0.21301,0.608832
3,0.811115,-0.600572,0.778915
3,0.828692,-0.556126,0.819626
3,0.941171,-0.281359,0.537951
3,0.959037,-0.221554,0.593058
3,0.84199,-0.569772,0.823962
3,0.93495,-0.290874,0.708076
3,0.970441,-0.224738,0.590445
3,0.945822,-0.285759,0.69439
3,0.975061,-0.236457,0.536178
3,0.942552,-0.314319,0.700943
3,0.973811,-0.250085,0.608501
3,0.86806,-0.575457,0.738975
3,0.83209,-0.876052,0.26445
3,0.959244,-0.317921,0.670743
3,0.983603,-0.28717,0.591377
3,0.989449,-0.285893,0.579416
3,0.979972,-0.291935,0.679538
3,0.977268,-0.283782,0.747113
3,0.995861,-0.265316,0.622915
3,0.978163,-0.322225,0.639709
3,0.987323,-0.273639,0.724685
3,0.993595,-0.271879,0.668547
3,0.997883,-0.270979,0.63474
3,0.997193,-0.254021,0.703606
3,0.998996,-0.296955,0.570919
3,0.909463,-0.57088,0.68818
3,0.985228,-0.326762,0.641718
3,1.00268,-0.311905,0.520575
3,0.998591,-0.299816,0.648055
3,1.00088,-0.28635,0.732828
3,1.02323,-0.256273,0.654429
3,0.929379,-0.693028,0.288133
3,1.02161,-0.259427,0.710409
3,1.03792,-0.224907,0.655502
3,1.07374,-0.173108,0.42875
3,1.01916,-0.279605,0.720252
3,0.961925,-0.605242,0.304711
3,1.03237,-0.279151,0.626063
3,1.02727,-0.316409,0.635905
3,1.05533,-0.22668,0.637442
3,1.08168,-0.203355,0.422491
3,1.07538,-0.238052,0.728304
3,0.973855,-0.628596,0.750446
3,1.12042,-0.256003,0.391327
3,1.09633,-0.235764,0.760774
3,1.10849,-0.238659,0.753312
3,1.154,-0.227463,0.397463
3,1.16915,-0.285078,0.385498
3,1.19492,-0.168721,0.736575
3,1.1536,-0.319075,1.09666
3,1.22218,-0.198266,0.818646
3,1.30283,-0.186994,0.725064
3,1.29947,-0.35841,1.09474
3,0.9083,-0.56186,0.615716
2,0.9083,-0.56186,0.615716
3,0.551632,-0.539976,0.78958
2,0.551632,-0.539976,0.78958
3,0.556527,-0.560219,0.829308
2,0.556527,-0.560219,0.829308
3,0.523175,-0.54366,0.838253
2,0.523175,-0.54366,0.838253
3,0.0786645,0.365368,1.42118
2,0.0786645,0.365368,1.42118
4,0.0343974,-0.0384208,1.59105
4,0.0345149,-0.0435857,1.59648
4,-0.120639,0.151609,1.5848
4,-0.120779,0.146783,1.58665
4,0.230162,0.0970756,1.59188
4,0.226307,0.0975779,1.60012
4,0.0471175,0.183756,1.37645
4,0.0426758,0.183318,1.37318
4,0.214003,0.230264,1.48013
4,0.206089,0.222844,1.52517
4,0.14452,0.255978,1.64542
4,0.146507,0.227394,1.55631
4,0.101453,0.0932983,1.70639
4,0.0843042,0.102829,1.68622
4,0.345982,0.212095,1.39155
4,0.345757,0.196314,1.37322
4,-0.0141595,-0.0836352,2.09545
4,-0.115213,0.121176,1.57892
4,-0.118544,0.0949656,1.55728
4,0.0342487,-0.0282651,1.58417
4,0.00470632,-0.0585452,1.74206
4,0.125792,0.101982,1.67234
4,0.119434,0.12208,1.7331
4,0.196062,0.0975905,1.60033
4,0.134474,0.235807,1.64948
4,0.167099,0.217359,1.52044
4,0.0663736,0.189789,1.32758
4,0.0802127,0.184363,1.34914
4,0.0770635,0.175282,1.44996
4,0.207742,0.233141,1.46885
4,0.251198,0.229737,1.50729
4,0.228762,0.216737,1.51608
4,0.0349548,0.194731,1.25173
4,0.0563399,0.0899891,1.64587
4,0.0406918,0.0794538,1.64263
4,-0.0879499,0.0937573,1.53747
4,0.0363002,0.107686,1.67906
4,0.0118525,-0.0871865,2.0245
4,-0.112415,0.234811,1.54058
4,0.0624913,-0.192382,1.43034
4,0.309841,0.0909953,1.49218
4,0.217809,0.205594,1.54004
4,0.22478,-0.130768,1.23221
4,0.404676,-0.1655,1.60723
4,0.180852,0.210386,1.53957
4,0.16963,0.199239,1.54347
4,0.0562305,0.0939576,1.64267
4,0.043351,0.0868424,1.62582
4,0.0557384,0.0808139,1.62829
4,0.0433071,0.0806093,1.62417
4,-0.119796,0.138798,1.58687
4,-0.131225,0.138189,1.57991
4,-0.551631,-0.426397,3.64926
4,-0.119017,0.120001,1.57656
4,-0.286345,0.0567592,1.84803
4,0.0377784,0.106935,1.65111
4,0.0363703,-0.0293638,1.58957
4,0.00642135,-0.0544568,1.62041
4,-0.11967,0.150648,1.58521
4,-0.073118,0.257647,1.61683
4,-0.05605,0.244905,1.65473
4,0.339578,0.214653,1.37979
4,0.340856,0.196716,1.36401
4,0.146995,0.122974,1.61561
4,0.127552,0.108911,1.68163
4,0.232004,0.0982814,1.61166
4,0.1942,0.103729,1.60161
4,0.146097,0.228166,1.54163
4,0.121214,0.236519,1.59807
4,0.0848096,0.193223,1.24203
4,0.0659252,0.192599,1.33546
4,0.0772266,0.185364,1.35646
4,0.0771321,0.176353,1.45124
4,0.215764,0.233175,1.49884
4,0.207831,0.226038,1.56732
4,0.250663,0.23399,1.50408
4,0.230874,0.219749,1.52371
4,0.0419387,0.183014,1.37741
4,0.0339647,0.198165,1.2738
4,0.17491,0.237276,1.48899
4,0.0834581,0.109493,1.69062
4,0.162109,0.102594,1.5841
4,0.396968,0.0825929,1.66414
4,0.0407752,-0.0861075,1.52922
4,-0.11052,0.239772,1.54125
4,-0.154559,0.199706,1.46141
4,-0.1746,0.247443,1.35917
4,-0.181249,0.230174,1.41092
4,-0.0322444,-0.0643026,2.15612
4,-0.0667775,0.078873,1.47662
4,-0.0871176,0.0939051,1.53989
4,0.0249397,0.0685057,1.62861
4,-0.271373,-0.0444007,1.99498
4,0.0129913,-0.0753979,1.67709
4,-0.0340629,-0.111018,2.27771
4,-0.151613,0.260986,1.43356
4,-0.18662,0.135019,1.54367
4,-0.0766874,0.213839,1.56484
4,0.0598543,-0.19441,1.43198
4,0.311133,0.0967501,1.49386
4,0.21877,0.207374,1.56074
4,0.254124,-0.147471,1.3979
4,0.415449,-0.169095,1.66251
4,-0.261121,0.108926,1.60677
4,-0.141414,0.106675,1.57356
4,-0.140871,0.0991485,1.56752
4,-0.0579696,0.0720603,1.45192
4,-0.066538,0.0742661,1.49636
4,0.0314288,0.111568,1.64574
4,0.0388015,0.10383,1.64154
4,0.161997,0.108926,1.60677
4,0.162027,0.10165,1.60707
4,0.311307,0.100598,1.48392
4,0.311307,0.0938602,1.48392
4,0.419893,0.115661,1.70612
4,0.420546,0.108083,1.70877
4,0.446039,0.112488,1.65931
4,0.446446,0.10505,1.66082
4,0.487247,0.113311,1.67145
4,0.490967,0.106529,1.68421
4,-0.119019,0.162515,1.56094
4,0.13637,0.111841,1.64976
4,0.131822,0.106732,1.68742
4,-0.360626,0.0235997,1.7732
4,-0.351505,-0.00898778,1.85242
4,-0.288248,0.0856376,1.72548
4,-0.31536,0.0945542,1.74547
4,-0.217923,0.218809,1.42032
4,-0.110608,0.23763,1.54248
4,-0.133878,0.229499,1.4897
4,-0.064119,0.247406,1.60594
4,-0.0572481,0.234545,1.61782
4,0.0163122,-0.0744468,1.62853
4,0.0361045,-0.0906305,1.52744
4,0.089023,0.198648,1.28944
4,0.0683263,0.188595,1.34292
4,0.0937602,0.114693,1.69184
4,0.0858381,0.0990528,1.68711
4,0.170044,0.217287,1.54723
4,0.156458,0.217933,1.55183
4,0.224635,0.20826,1.58546
4,0.181748,0.200647,1.52751
4,0.182625,0.234482,1.47848
4,0.205208,0.217329,1.54753
4,0.197349,0.0938017,1.59767
4,0.221702,0.233577,1.51618
4,0.236398,0.213766,1.52216
4,-0.117388,0.0903896,1.53955
4,0.164471,0.0678276,1.00053
4,0.237078,0.0951909,1.62133
4,0.362673,0.221456,1.39635
4,0.333096,0.208507,1.35344
4,0.353957,0.197572,1.36279
4,0.429065,0.0910811,1.68136
4,0.411693,0.156806,1.5061
4,0.460775,0.125414,1.63146
4,0.44826,0.126061,1.63987
4,0.453467,0.0883973,1.63181
4,-0.113211,0.121365,1.57878
4,-0.134506,0.128333,1.57632
4,0.0818812,0.173952,1.47749
4,0.0448635,0.180118,1.37123
4,0.0939739,0.130353,1.6957
4,0.0368124,0.201267,1.30644
4,0.107313,0.199152,1.37368
4,0.0456594,0.0804229,1.62042
4,0.373551,0.179255,1.41352
4,0.427081,0.0678645,1.67358
4,-0.317468,0.0162234,1.85012
4,-0.356435,0.0695169,1.71433
4,-0.0764589,0.212021,1.56017
4,-0.162457,0.127801,1.56979
4,-0.17343,0.249167,1.37435
4,-0.178952,0.224908,1.41811
4,-0.156961,0.263415,1.45294
4,-0.156533,0.196911,1.44898
4,0.0304374,-0.0366788,1.59383
4,-0.0241929,-0.0612102,1.90725
4,-0.0893931,0.0973411,1.53895
4,0.0236553,0.058518,1.62504
4,-0.0438291,0.0908003,2.01372
4,-0.0386555,-0.112778,2.24415
4,-0.269951,-0.0459252,1.99563
4,-0.0677058,0.00809072,1.91335
4,-0.180074,0.132165,1.53764
4,0.385569,0.198089,1.41053
4,0.253989,0.224807,1.50356
4,-0.530723,-0.227682,3.56448
4,0.0596894,-0.194954,1.42803
4,-0.114615,0.132575,1.55888
4,-0.114426,0.115397,1.5563
4,0.030177,-0.0205811,1.5802
4,0.0216185,-0.0292593,1.58392
4,0.197179,0.214832,1.5397
4,0.179912,0.205883,1.53553
4,0.542732,-0.0198066,1.52072
4,0.53984,-0.0279422,1.51262
4,-0.275365,-0.0258197,1.98242
4,-0.266057,-0.0476889,1.9936
4,-0.140405,0.124357,1.56233
4,-0.164667,0.123401,1.55033
4,-0.13644,0.228377,1.51822
4,-0.157329,0.206676,1.48125
4,-0.113539,0.232292,1.54424
4,-0.0433218,0.0829785,1.769
4,-0.0609437,0.0781384,1.49247
4,0.0218975,0.0577735,1.60436
4,0.00441715,0.0577966,1.605
4,0.0405852,0.104586,1.65348
4,0.0393922,0.0752799,1.60488
4,0.0875576,0.106942,1.69073
4,0.104704,0.0874518,1.67036
4,0.238947,0.223056,1.53857
4,0.233622,0.226014,1.55898
4,0.440263,0.105375,1.66596
4,0.45857,0.0872506,1.66651
4,0.574351,0.179621,1.77158
4,0.518556,0.179959,1.68441
4,-0.17606,0.231744,1.43654
4,-0.199798,0.216369,1.43839
4,-0.122077,0.0977757,1.54582
4,-0.140104,0.107103,1.55899
4,0.021787,-0.0729722,1.59627
4,-0.0386368,-0.103815,2.02913
4,0.0358753,-0.146448,1.4616
4,0.0588061,-0.198946,1.43815
4,0.158848,0.219832,1.57554
4,0.105642,0.208148,1.43574
4,0.147709,0.0979608,1.54874
4,0.133353,0.106731,1.68741
4,0.243871,0.102934,1.62737
4,0.185212,0.0999858,1.58076
4,0.42946,0.197528,1.47321
4,0.363162,0.203421,1.40313
4,-0.318292,0.0162655,1.85492
4,-0.356093,-0.00391797,1.84135
4,-0.266231,0.110085,1.6024
4,-0.33187,0.102072,1.76585
4,-0.0883635,0.097748,1.54538
4,-0.0728343,0.245295,1.57369
4,-0.0561425,0.230016,1.58658
4,-0.0810373,0.210039,1.56652
4,-0.0234923,-0.0601749,1.72829
4,0.0887775,0.182618,1.5511
4,0.0961541,0.133721,1.67998
4,0.0778527,0.133729,1.68008
4,0.0326965,0.207636,1.33209
4,0.0708004,0.190756,1.36715
4,0.0342927,0.187325,1.39712
4,0.412677,0.107649,1.70192
4,0.311479,0.0939122,1.48474
4,0.41914,0.0685822,1.65424
4,0.5113,0.174571,1.72178
4,0.367851,0.175074,1.42125
4,0.452149,0.130792,1.64318
4,0.485359,0.114384,1.66497
4,-0.349256,0.0988248,1.70967
4,-0.364583,0.0720688,1.73833
4,0.592929,0.189041,1.76942
4,0.596027,0.160957,1.77866
4,0.532784,0.14718,1.73062
4,0.223541,0.241289,1.54798
4,0.176108,0.242475,1.50306
4,-0.122736,0.166045,1.55417
4,-0.138744,0.181765,1.54385
4,-0.0697991,0.00654967,1.97251
4,-0.18732,0.138311,1.52841
4,-0.367592,0.024918,1.75268
4,-0.23055,0.215813,1.43469
4,0.0375834,-0.0950241,1.53119
4,0.513696,0.0829564,1.58449
4,0.328794,0.203972,1.35598
4,0.404886,0.138886,1.6331
4,0.2486,0.225002,1.49578
4,-0.493174,-0.204311,3.29221
4,-0.155588,0.255149,1.39338
4,0.0860023,0.106852,1.6607
4,0.0744639,0.105883,1.64565
4,0.0742905,-0.198448,1.43454
4,0.0650419,-0.189449,1.43742
4,0.17342,0.182852,1.56759
4,0.141139,0.180884,1.55072
4,0.412416,0.109929,1.70852
4,0.333556,0.0997115,1.54972
4,0.517713,0.0813184,1.58622
4,0.477998,0.102439,1.59211
4,0.628561,0.256739,1.71922
4,0.612395,0.221239,1.7055
4,0.664558,0.251806,1.61546
4,0.652269,0.259523,1.66497
4,0.944252,0.285249,1.83001
4,0.897063,0.277188,1.85615
4,-0.169775,0.233276,1.43633
4,-0.198336,0.214917,1.43916
4,-0.167482,0.214181,1.4999
4,-0.120607,0.228065,1.5272
4,-0.111559,0.189719,1.54014
4,-0.141004,0.188698,1.53185
4,-0.0719885,0.242447,1.55541
4,-0.0522226,0.224571,1.57266
4,-0.0722451,0.212695,1.56096
4,0.0814574,0.183475,1.57294
4,0.0700316,0.180531,1.5477
4,0.0966866,0.139175,1.65773
4,0.307627,-1.08632,3.37998
4,0.36896,-1.11552,3.33513
4,0.295648,-1.12897,3.24836
4,0.435495,0.202049,1.48283
4,0.375734,0.200545,1.4044
4,0.235526,0.244982,1.57168
4,0.180076,0.249613,1.53693
4,0.236855,0.225697,1.58055
4,0.181633,0.211231,1.55021
4,-0.111706,0.179887,1.54217
4,-0.141343,0.179112,1.53553
4,-0.111967,0.129776,1.54577
4,-0.163765,0.120603,1.55783
4,0.0349546,0.21254,1.36355
4,0.0730922,0.201544,1.4114
4,0.0463798,0.187003,1.44158
4,0.469491,0.155113,1.59859
4,0.411409,0.155464,1.50107
4,0.455981,0.136421,1.62493
4,0.414792,0.126195,1.63006
4,0.584417,0.181809,1.75543
4,0.529775,0.17886,1.72696
4,0.580152,0.157695,1.74262
4,0.519945,0.153378,1.69492
4,-0.478797,-1.18581,3.17315
4,0.117797,-1.29633,3.043
4,0.258975,0.102268,1.58946
4,0.188017,0.103249,1.6047
4,-0.227057,0.215385,1.44229
4,-0.270325,0.112376,1.58545
4,-0.131949,0.0891957,1.54308
4,-0.277075,0.082132,1.83627
4,-0.256673,-0.0403791,1.95522
4,0.0198107,-0.0738281,1.57739
4,-0.0541562,-0.0950449,2.03071
4,0.139746,0.106437,1.65426
4,0.039931,-0.0932731,1.55767
4,0.435922,0.107462,1.67019
4,0.544044,-0.0213849,1.51514
4,0.935592,0.264086,1.76841
4,0.0272564,0.194476,1.42725
4,0.00998138,0.117498,1.65772
4,0.260507,0.229556,1.53719
4,0.0200056,0.0608328,1.59291
4,-0.0611872,0.078924,1.53951
4,0.0300921,-0.0222401,1.57574
4,0.601738,0.191493,1.73915
4,0.150784,0.220717,1.54567
4,-0.180784,0.138408,1.52948
4,-0.317692,0.0685292,1.79444
4,-0.498376,-1.01836,3.30291
4,-0.175648,0.256316,1.40814
4,0.560179,-0.16595,1.47928
4,0.14824,0.207857,1.54023
4,0.135886,0.183325,1.53718
4,0.374527,0.198928,1.39309
4,0.35892,0.169085,1.41778
4,0.404883,0.163033,1.4633
4,0.43866,0.126881,1.58537
4,0.612122,0.192031,1.72357
4,0.561268,-0.0332361,1.51351
4,0.539801,-0.0214524,1.51993
4,0.628388,0.260781,1.73113
4,0.597481,0.213835,1.68234
4,0.676716,0.248599,1.65026
4,0.66808,0.268482,1.69402
4,-0.456557,0.0703939,1.72513
4,-0.460595,0.0300534,1.74039
4,0.238841,0.225621,1.58001
4,0.186758,0.21041,1.55915
4,0.387098,0.10153,1.57799
4,0.343241,0.0995817,1.54771
4,-0.12936,0.231432,1.5363
4,-0.106255,0.19713,1.55091
4,-0.141527,0.19543,1.53753
4,0.517487,0.17397,1.67975
4,0.561159,0.148709,1.69222
4,0.476923,0.102208,1.58853
4,0.335601,-1.08878,3.48695
4,0.0592434,-0.188939,1.43356
4,-0.492217,-0.843096,3.17943
4,-0.510515,-1.0038,3.29763
4,-0.76753,-1.00158,3.29033
4,0.0275368,-0.106858,1.54793
4,0.513064,0.077095,1.58468
4,-0.301836,0.0861239,1.77026
4,-0.330526,0.0962346,1.70339
4,-0.334488,0.0176719,1.87546
4,-0.234629,0.217297,1.44247
4,-0.24572,0.144605,1.51065
4,-0.132071,0.0886136,1.56849
4,-0.25998,-0.0434888,1.9804
4,0.0158058,0.0523884,1.58949
4,-0.0578926,0.0758563,1.55921
4,0.028211,-0.0223824,1.58582
4,-0.47901,0.0965328,1.70867
4,-0.53417,0.244697,1.7136
4,-0.440594,0.110389,1.71567
4,-0.51428,0.157925,1.64979
4,0.0261006,0.197999,1.46719
4,-0.0465403,0.226945,1.58929
4,0.0034724,0.119453,1.65477
4,0.0851885,0.201629,1.49408
4,0.143645,0.104552,1.62495
4,0.103302,0.139957,1.59262
4,0.339858,0.208703,1.38542
4,-0.201373,0.206694,1.44746
4,-0.118503,0.172911,1.55196
4,-0.168299,0.125019,1.5621
4,0.90051,0.271957,1.9045
4,0.25049,0.0889989,1.57531
4,0.0533435,0.065013,1.59326
4,-0.573049,0.244078,1.70927
4,-0.767604,-1.15657,3.29065
4,-0.289079,-0.135785,1.96696
4,-0.457532,-1.16746,3.11316
4,-0.174948,0.257999,1.41738
4,0.557448,-0.170916,1.47206
5,-0.237262,0.0699489,1.20642
5,0.16393,0.234139,1.39481
5,0.383348,0.167767,1.45853
5,0.027738,0.102884,1.46836
5,0.0438044,-0.130871,1.44163
5,0.0330743,-0.130086,1.45392
5,0.0205721,0.100903,1.49053
5,-0.0284715,-0.665488,1.41856
5,-0.0494307,0.0786478,1.55803
5,-0.118744,0.209345,1.58109
5,-0.150685,0.186313,1.57822
5,0.581471,-0.175032,1.54577
5,-0.15163,0.13174,1.57366
5,-0.144249,0.116198,1.57415
5,0.114938,0.123912,1.58176
5,0.515651,0.0619376,1.58653
5,0.229179,0.112708,1.5882
5,0.260791,0.0807268,1.58479
5,0.189068,0.0816015,1.58417
5,0.167998,0.0912878,1.5874
5,0.194822,0.0847094,1.59091
5,0.518393,0.0705541,1.5971
5,0.237945,0.0819448,1.59586
5,0.0361682,0.0779606,1.61269
5,0.0398236,0.0760325,1.62298
5,0.438071,0.0923988,1.63912
5,-0.235807,0.121111,1.63546
5,0.108413,0.0837219,1.64604
5,0.434599,0.125345,1.65748
5,0.406847,0.101011,1.65483
5,-0.0488818,0.0735869,1.64765
5,-0.246379,0.108073,1.71468
5,-0.260997,0.0798097,1.82137
5,0.628082,0.153585,2.03096
5,0.67066,0.169812,2.22746
5,0.4341,-1.04922,2.16178
5,0.423491,-1.08158,2.22213
5,0.4529,-1.10409,2.37675
5,0.270333,-0.803455,2.58295
5,0.313113,-0.891729,2.57518
5,-0.255261,-1.40248,2.65431
5,-0.249815,-1.40576,2.66761
5,0.234108,-1.59589,2.6965
5,0.473405,-1.32915,2.73795
5,-0.274865,-1.34478,2.73568
5,-0.258882,-1.52895,2.71689
5,0.313036,-0.971285,2.82814
5,0.327468,-0.972523,2.84735
5,0.489193,-1.59123,2.78194
5,-0.294919,-1.69056,2.8224
5,0.31763,-1.01018,2.94281
5,0.17348,-1.60628,3.1283
5,-0.734895,-1.13872,3.1966
5,-0.75983,-0.993358,3.31952
5,0.140265,-1.67118,3.43461
5,0.741682,-1.57277,3.49019
5,-0.779456,-1.90602,4.78705
5,-0.798845,-1.86073,5.04207
5,-0.919805,-1.66254,5.61413
5,-0.356398,-5.70339,12.6101
6,0.520341,-1.41911,1.74007
6,0.592814,-1.59312,1.95321
6,0.622509,-1.67249,2.05492
6,0.659576,-1.79699,2.1831
6,0.534066,-1.40586,2.5125
6,0.857564,-1.53545,2.46839
6,0.534189,-1.43544,2.53612
6,0.512243,-1.42981,2.55687
6,0.84908,-1.58457,2.47961
6,1.255,-1.58349,2.49908
6,0.648827,-1.21467,2.70919
6,0.64089,-1.23473,2.72387
6,0.654394,-1.23107,2.72906
6,0.0418748,-1.23368,2.74686
6,0.630119,-1.32805,2.69791
6,0.668323,-1.26452,2.73824
6,0.595263,-1.24499,2.74927
6,0.554355,-1.50291,2.60893
6,0.673276,-1.27063,2.74031
6,0.552064,-1.52985,2.59886
6,0.611629,-1.25412,2.75093
6,0.601111,-1.24848,2.75699
6,0.671059,-1.23685,2.7641
6,0.118282,-1.34636,2.70457
6,0.673197,-1.26848,2.75132
6,0.588685,-1.2514,2.76958
6,0.838803,-1.66788,2.54199
6,0.640929,-1.33901,2.72907
6,0.675769,-1.32238,2.73918
6,0.678366,-1.31531,2.74444
6,0.678684,-1.32775,2.74029
6,0.564109,-1.54287,2.62523
6,0.640246,-1.31188,2.75668
6,0.545535,-1.54983,2.62831
6,0.572679,-1.55147,2.6289
6,0.675882,-1.33225,2.74998
6,0.546196,-1.54296,2.63523
6,0.646266,-1.2638,2.79012
6,0.644673,-1.34654,2.74472
6,0.604043,-2.10555,2.33048
6,0.678483,-1.33253,2.75646
6,0.547275,-1.54943,2.63884
6,0.547815,-1.52996,2.65051
6,0.546211,-1.63038,2.59738
6,0.616044,-1.30886,2.77669
6,0.56056,-2.11183,2.33843
6,0.599577,-1.27122,2.80088
6,0.211042,-1.36963,2.74867
6,0.49095,-1.61681,2.61324
6,0.0230982,-1.66638,2.58597
6,0.639541,-1.31623,2.77922
6,0.480122,-1.61494,2.61781
6,0.555093,-1.73038,2.5545
6,0.567392,-1.57002,2.64276
6,0.54866,-1.63755,2.60885
6,0.614712,-2.15537,2.32447
6,-0.0225863,-1.67096,2.59453
6,0.621018,-1.35462,2.76874
6,0.0353095,-1.63223,2.61682
6,0.619118,-1.3492,2.77279
6,0.138618,-1.61484,2.62879
6,0.854518,-1.63799,2.61674
6,0.619762,-1.35055,2.77562
6,0.67707,-2.18588,2.31769
6,0.711921,-2.1632,2.33049
6,0.55622,-1.32621,2.79115
6,0.59865,-2.11202,2.35972
6,-0.420278,-2.09075,2.37236
6,0.546288,-1.75761,2.55579
6,0.48808,-1.61027,2.6392
6,0.480858,-1.34307,2.78828
6,0.0689891,-1.67875,2.60378
6,0.0583651,-1.60691,2.64778
6,0.116836,-1.38966,2.7672
6,0.544127,-1.38373,2.77118
6,0.152869,-1.508,2.70298
6,0.550054,-1.65614,2.62228
6,0.638918,-1.32806,2.80502
6,0.539204,-1.38009,2.77655
6,0.462628,-1.5685,2.67468
6,0.543471,-1.65673,2.62692
6,0.489733,-1.38566,2.77725
6,0.534636,-1.36715,2.78819
6,-0.322454,-1.67977,2.61764
6,0.677786,-2.19321,2.33612
6,0.0263235,-1.34479,2.80264
6,0.512433,-1.38729,2.77974
6,0.463751,-1.55074,2.68998
6,0.52829,-1.35371,2.80154
6,0.513135,-1.3789,2.78785
6,0.538343,-1.66292,2.63183
6,0.491387,-1.3509,2.80457
6,0.575405,-1.62435,2.6545
6,0.504355,-1.36809,2.79566
6,0.485565,-1.38429,2.78732
6,0.573747,-1.63001,2.65317
6,0.522612,-1.3525,2.80673
6,-0.416488,-2.11472,2.38771
6,0.0491118,-1.27877,2.84964
6,0.515966,-1.28877,2.8444
6,0.514563,-1.30025,2.83912
6,0.0417388,-1.65925,2.64186
6,0.519031,-1.62353,2.66217
6,0.672784,-1.38192,2.79643
6,0.546865,-1.64102,2.65426
6,-0.0037428,-1.68526,2.63042
6,0.151905,-1.62026,2.66684
6,0.543512,-1.6386,2.65755
6,0.173612,-1.50328,2.7337
6,0.482387,-1.35478,2.81615
6,0.481885,-1.38436,2.80041
6,0.596344,-2.13759,2.38809
6,0.628985,-2.12451,2.39619
6,0.0735272,-1.68996,2.63533
6,0.173189,-1.53934,2.71908
6,0.517798,-1.29833,2.85224
6,0.564133,-1.35078,2.82541
6,0.511958,-1.62341,2.67667
6,0.480079,-1.35174,2.82733
6,0.144819,-1.35826,2.82656
6,0.173331,-1.55748,2.71838
6,0.496424,-1.32121,2.84958
6,0.479754,-1.60538,2.69394
6,0.500242,-1.33007,2.84637
6,0.172758,-1.59571,2.70056
6,0.685216,-2.14814,2.39758
6,0.174346,-1.51676,2.74496
6,0.172756,-1.60246,2.69927
6,0.191879,-1.63339,2.68728
6,0.527566,-1.30987,2.86689
6,0.361098,-1.80044,2.59745
6,0.605714,-2.16443,2.39793
6,0.588856,-1.65543,2.67934
6,0.646066,-2.20224,2.37984
6,0.486627,-1.35806,2.84422
6,0.553476,-1.40681,2.81824
6,0.500814,-1.33506,2.85826
6,0.486681,-1.3707,2.83935
6,0.48627,-1.39457,2.8266
6,0.189043,-1.63708,2.69349
6,0.353967,-1.82039,2.59361
6,0.0261097,-1.65062,2.68695
6,0.653574,-2.11326,2.43518
6,0.343098,-1.83341,2.59291
6,0.729807,-2.21116,2.38737
6,0.355584,-1.79602,2.61763
6,0.343555,-1.83405,2.59706
6,0.650994,-2.14265,2.43185
6,0.235137,-1.70005,2.67507
6,0.564724,-1.68863,2.68233
6,0.064096,-1.65036,2.70337
6,0.703892,-2.25256,2.37429
6,0.0742218,-1.71573,2.66956
6,-0.424649,-2.15242,2.42964
6,0.189393,-1.63972,2.71457
6,0.0407723,-1.68751,2.68877
6,0.0744659,-1.70796,2.67759
6,0.178588,-1.40384,2.84539
6,0.1795,-1.5827,2.75252
6,0.250965,-1.71568,2.68298
6,0.0141754,-1.30476,2.91056
6,0.163035,-1.39129,2.86401
6,0.161962,-1.45213,2.83282
6,0.464641,-1.62467,2.73952
6,0.471054,-1.62452,2.73972
6,0.240872,-1.71889,2.68834
6,0.374444,-1.81747,2.63633
6,0.0256834,-1.69468,2.70431
6,0.329277,-1.8393,2.62663
6,0.172676,-1.62321,2.74535
6,0.0478343,-1.69375,2.70715
6,0.0203966,-1.69439,2.70904
6,0.239673,-1.71702,2.69684
6,0.0746252,-1.73191,2.68972
6,0.235206,-1.72331,2.69665
6,0.336405,-1.85075,2.6279
6,0.18749,-1.59093,2.77134
6,0.347115,-1.87066,2.61789
6,-0.191072,-1.75252,2.68282
6,0.347484,-1.85934,2.62554
6,-0.0960814,-1.75471,2.68321
6,-0.0215928,-1.7339,2.69584
6,0.198738,-1.65349,2.74094
6,-0.00780438,-1.73283,2.69882
6,0.200121,-1.66595,2.73566
6,0.245311,-1.73138,2.7019
6,0.240512,-1.72878,2.70509
6,0.168136,-1.44207,2.86412
6,0.0267382,-1.73443,2.70469
6,0.234305,-1.71961,2.71345
6,0.0447275,-1.71471,2.7177
6,0.468714,-1.62976,2.76707
6,0.148119,-1.53809,2.81967
6,-0.431717,-2.18507,2.46596
6,0.0174171,-1.74118,2.7102
6,-0.343778,-1.75085,2.70678
6,0.0554183,-1.33346,2.93998
6,-0.0905837,-1.70951,2.73688
6,-0.0487452,-1.69827,2.74369
6,0.479674,-1.64551,2.77307
6,0.191746,-1.60738,2.79548
6,0.4709,-1.64268,2.7777
6,0.111029,-1.69922,2.74888
6,0.0831951,-1.74389,2.72665
6,0.0250912,-1.75201,2.72328
6,0.00576283,-1.75233,2.72367
6,0.145539,-1.53659,2.84885
6,0.479236,-1.64301,2.79087
6,-0.175827,-1.76597,2.72486
6,0.127932,-1.45068,2.89839
6,-0.274873,-1.82695,2.69401
6,-0.00349904,-1.7331,2.74849
6,0.137179,-1.48953,2.88473
6,-0.186483,-1.77078,2.7326
6,0.163487,-1.64486,2.80336
6,0.171185,-1.65032,2.80089
6,0.16236,-1.50762,2.88075
6,-0.0293282,-1.76131,2.74307
6,-0.133737,-1.7251,2.76328
6,0.163551,-1.65589,2.80296
6,0.166302,-1.52038,2.87985
6,0.163547,-1.47051,2.91087
6,0.356644,-1.89191,2.67998
6,-0.106434,-1.77894,2.74269
6,-0.194204,-1.77856,2.74484
6,0.158966,-1.4218,2.94467
6,0.167742,-1.47336,2.91644
6,-0.119882,-1.708,2.78856
6,-0.346979,-1.79205,2.74459
6,-0.501248,-2.22403,2.51079
6,0.0846899,-1.33076,3.00206
6,0.153599,-1.42669,2.95523
6,0.225661,-1.35588,2.99508
6,0.0527908,-1.36546,2.99014
6,0.014217,-1.33074,3.00996
6,-0.498313,-2.21917,2.52589
6,-0.0997622,-1.36989,2.99393
6,-0.0240491,-1.78271,2.77265
6,0.0141605,-1.33659,3.01858
6,-0.349207,-1.79102,2.7689
6,-0.111065,-1.79509,2.76774
6,0.470966,-1.64058,2.85475
6,0.491575,-1.61951,2.86869
6,0.6324,-2.15394,2.57865
6,0.0492787,-1.3614,3.01502
6,-0.06391,-1.79719,2.7782
6,-0.18471,-1.79753,2.78251
6,-0.0940931,-1.77465,2.79844
6,-0.292644,-1.7144,2.832
6,-0.321079,-1.69084,2.84913
6,-0.470658,-1.17169,3.13584
6,-0.0836488,-1.77868,2.80492
6,-0.308633,-1.76802,2.81077
6,-0.308356,-1.74402,2.82625
6,0.328028,-1.05535,3.20775
6,-0.105849,-1.38009,3.02957
6,-0.133303,-1.76446,2.82116
6,-0.292975,-1.65962,2.87983
6,-0.166547,-1.41667,3.0166
6,-0.342688,-1.85056,2.78152
6,-0.11596,-1.38902,3.03729
6,-0.103663,-1.76123,2.83387
6,-0.485976,-1.14658,3.17864
6,-0.266344,-1.69826,2.8768
6,-0.293196,-1.72023,2.86486
6,0.12412,-1.35654,3.06509
6,0.64657,-2.18775,2.60977
6,-0.287336,-1.88079,2.77854
6,-0.145286,-1.39323,3.04791
6,0.0223833,-1.44522,3.02306
6,0.114998,-1.32394,3.09071
6,-0.157281,-1.39945,3.05056
6,-0.356275,-1.8292,2.81473
6,-0.217874,-1.40084,3.05616
6,-0.119487,-1.3943,3.06689
6,-0.25104,-1.75436,2.87009
6,-0.320517,-1.76464,2.86929
6,-0.271302,-1.71352,2.90003
6,-0.32286,-1.78895,2.86084
6,-0.587823,-2.23843,2.61399
6,0.652272,-2.20685,2.6323
6,-0.524575,-2.27652,2.59481
6,-0.483251,-1.02331,3.28726
6,0.0848101,-1.37007,3.09815
6,-0.309483,-1.5075,3.02541
6,0.474214,-1.66111,2.94164
6,-0.308193,-1.68688,2.92786
6,-0.320479,-1.78621,2.87616
6,-0.156955,-1.4028,3.08754
6,-0.307783,-1.64626,2.95485
6,0.495449,-1.659,2.94963
6,-0.317415,-1.50812,3.03248
6,-0.493877,-1.1548,3.23169
6,-0.331068,-1.55331,3.01445
6,-0.195039,-1.44969,3.0748
6,-0.494646,-1.12554,3.25771
6,-0.296594,-1.61244,2.99444
6,-0.307856,-1.76024,2.91402
6,-0.219697,-1.42202,3.10331
6,0.660158,-2.19895,2.6787
6,-0.280092,-1.73654,2.93951
6,1.06213,-1.50806,3.06707
6,-0.309138,-1.71062,2.96925
6,-0.309541,-1.69848,2.98387
6,-0.323974,-1.70202,2.98339
6,-0.34505,-1.59714,3.06041
6,-0.344801,-1.54405,3.0983
6,-0.646922,-2.20129,2.75062
6,-0.286121,-1.76264,3.00109
6,-0.147163,-1.45964,3.18147
6,-0.199541,-1.49573,3.16832
6,-0.563809,-2.33863,2.70505
6,-0.582327,-2.33236,2.71182
6,-0.129703,-1.47109,3.18851
6,-0.23014,-1.47357,3.19373
6,-0.200921,-1.51618,3.17639
6,0.334571,-1.07964,3.42829
6,0.627229,-2.01348,2.91603
6,-0.609438,-2.34212,2.73994
6,-0.315697,-1.66159,3.1263
6,0.373324,-1.0863,3.44836
6,1.55037,-1.55641,3.20061
6,-0.245623,-1.5409,3.23949
6,-0.208853,-1.53272,3.25569
6,-0.232846,-1.5336,3.34927
6,0.749923,-2.43341,2.97361
6,0.97173,-3.16361,3.85142
7,0.579902,-0.120715,0.47015
7,-0.195617,-1.12209,2.17457
7,0.207197,-1.44896,2.52941
7,0.451437,-2.13513,2.37878
7,0.464373,-2.02055,2.45513
7,0.47988,-2.1875,2.38445
7,0.447411,-2.15508,2.3927
7,0.229449,-1.28686,2.7676
7,0.210143,-1.27948,2.76425
7,0.171174,-1.62955,2.57731
7,0.218478,-1.58676,2.62433
7,0.131393,-1.53957,2.62629
7,0.223472,-1.36046,2.76019
7,0.125365,-1.36523,2.75769
7,0.0899086,-1.60803,2.62459
7,0.213483,-1.71428,2.64125
7,-0.236415,-1.43872,2.5906
7,0.0898846,-1.57828,2.67171
7,-0.407605,-1.38501,2.60446
7,-0.232076,-1.48734,2.70357
7,-0.579517,-1.85795,2.41788
7,-0.183464,-1.08923,3.03053
7,-0.713695,-1.57351,2.59474
7,-0.194488,-1.09943,3.06336
7,-0.588527,-1.47379,2.72981
7,-0.220885,-1.12368,3.05869
7,-0.244328,-1.11148,3.12647
7,-0.946918,-1.24522,2.77023
7,-0.962562,-1.25138,2.79286
7,-0.98136,-1.0769,2.87119
7,-0.251471,-1.10585,3.18684
7,-0.260861,-1.13918,3.18423
7,-1.01381,-1.1126,2.91601
7,-1.28732,-1.07187,2.8278
7,-1.26368,-1.22264,2.78169
7,-0.245808,-1.12614,3.27338
7,-0.226784,-1.14839,3.28162
7,-1.27271,-1.24055,2.804
7,-0.275318,-1.13977,3.27797
7,-0.28939,-1.14887,3.28143
7,-1.22781,-0.370786,3.28399
7,-1.17801,-0.361708,3.31021
7,-0.241857,-1.14929,3.32523
7,-0.297063,-1.15863,3.32202
7,-1.21747,-0.377236,3.40702
8,0.149396,0.235109,1.26066
8,-0.0811258,0.171427,1.58532
8,0.415292,0.191449,1.62388
8,0.384138,0.208949,1.62908
8,0.395318,0.210672,1.63019
8,0.428961,0.215814,1.63404
8,0.427351,0.216156,1.63438
8,0.426425,0.218001,1.635
8,0.425384,0.221175,1.63896
8,-0.0761556,0.190206,1.61453
8,-0.0825891,0.197789,1.62833
8,-0.118975,0.20744,1.64054
8,-0.103641,0.209768,1.644
8,-0.129022,0.205521,1.65245
8,-0.111429,0.229382,1.66281
8,-0.161847,0.362213,1.71531
8,-0.131917,0.262599,1.70655
8,-0.141414,0.267644,1.70849
8,-0.109415,0.404421,1.76019
8,-0.129749,0.277906,1.72723
8,-0.118243,0.334179,1.74565
8,-0.130522,0.334766,1.75498
8,-0.26213,0.374143,1.76593
8,-0.109329,0.431375,1.78745
8,0.388245,0.430605,1.84772
8,0.393496,0.427547,1.85093
8,0.340003,0.510365,1.90417
8,0.351292,0.468129,1.93172
8,0.36104,0.528921,1.9655
8,0.383694,0.511106,2
8,0.392792,0.483283,1.99645
8,0.440941,0.521351,2.0176
8,0.465329,0.514066,2.01729
8,0.379995,0.510295,2.01549
8,0.450869,0.514826,2.04818
8,-0.478908,0.279427,1.96074
8,-0.443573,0.328485,2.01105
8,0.688701,0.557093,2.1216
8,0.685746,0.557738,2.13312
8,-0.5086,0.221235,2.01205
8,-0.488213,0.282797,2.06409
8,-0.587624,0.210477,2.09781
8,-0.455742,0.216768,2.16595
8,-0.423239,0.206518,2.16732
8,1.00703,0.28783,2.29587
8,1.01179,0.287303,2.31547
8,1.03774,0.193966,2.31025
8,1.1247,0.330043,2.35668
8,1.07193,0.33484,2.36439
8,1.08643,0.295486,2.37355
8,1.21834,0.199345,2.42379
8,1.18964,0.187423,2.48466
8,0.481893,-0.238164,2.60793
8,0.39445,-1.52949,2.58108
8,1.55917,-0.743179,2.84254
8,0.357931,-1.43691,2.63761
8,-0.168096,-1.22382,2.67982
8,0.440233,-1.58756,2.61237
8,0.0656354,-1.57915,2.60486
8,-0.0721925,-1.18751,2.70869
8,0.0794594,-1.54318,2.631
8,0.460353,-1.59815,2.63132
8,-0.161711,-1.20657,2.71088
8,-0.00311875,-1.34078,2.69018
8,1.69208,-0.790703,2.90747
8,0.374505,-1.22218,2.75474
8,0.0407006,-1.6168,2.64765
8,0.39066,-1.20692,2.77065
8,-0.00842094,-1.60653,2.65558
8,0.01256,-1.4781,2.70545
8,0.348432,-1.30073,2.76843
8,0.0823504,-1.37225,2.76782
8,1.62306,-0.7443,3.00277
8,0.0806256,-1.39703,2.83523
8,-0.276918,-1.30945,2.85339
8,0.150553,-0.970909,3.13179
8,0.116206,-1.01929,3.12289
8,0.202265,-1.04693,3.17005
8,1.70749,-0.755215,3.34903
8,1.7299,-0.827141,3.43823
8,0.373125,-1.23393,2.6996
7,0.373125,-1.23393,2.6996
8,-0.0565864,-1.48226,2.41665
6,-0.0565864,-1.48226,2.41665
8,1.16995,-1.24175,2.79107
6,1.16995,-1.24175,2.79107
9,1.00505,-0.727805,1.40732
9,1.12493,-1.12239,1.6695
9,1.3615,-1.11146,1.67612
9,1.01052,-1.15334,1.68561
9,1.16866,0.022705,2.11667
9,1.32866,0.0467522,2.18649
9,1.22479,0.0350189,2.30248
9,1.3019,0.0543284,2.30538
9,1.26604,0.0368371,2.35783
9,1.30379,0.0477985,2.3704
9,0.771901,-2.18615,2.41271
9,1.23746,-1.54018,2.60777
9,0.50294,-1.49616,2.67586
9,0.481789,-1.56004,2.66264
9,1.19055,-1.57192,2.63779
9,2.21317,-1.43866,2.63789
9,2.26952,-1.48191,2.63448
9,2.27062,-1.48548,2.63361
9,1.93887,-0.664546,2.87483
9,1.82116,-0.754595,2.9086
9,1.35953,-1.25896,2.79089
9,0.536372,-1.52248,2.75312
9,0.573424,-1.51545,2.76164
9,1.90945,-0.755326,2.92605
9,1.38737,-1.25558,2.81272
9,0.570141,-1.58086,2.75824
9,1.9912,-0.676362,2.95325
9,1.83163,-0.76522,2.93929
9,1.28741,-1.28486,2.8457
9,1.87935,-0.80826,2.95719
9,1.70909,-1.25471,2.85097
9,0.653323,-1.36373,2.87109
9,1.77543,-0.845685,2.97872
9,1.89575,-0.806433,3.00643
9,1.95629,-0.821755,3.04023
9,1.732,-1.27567,2.93651
9,1.69113,-1.15992,2.97642
9,0.644071,-1.40192,2.95837
9,0.62203,-1.32646,2.98072
9,1.81747,-0.872466,3.07086
9,0.23697,-1.01256,3.20776
9,0.215048,-1.00995,3.23973
9,0.283119,-1.07008,3.2362
9,1.31791,-1.33889,3.00159
6,1.31791,-1.33889,3.00159
9,0.577964,-1.62395,2.61998
6,0.577964,-1.62395,2.61998
9,0.482494,-1.35691,2.77299
7,0.482494,-1.35691,2.77299
10,0.95028,-0.76479,0.494776
10,0.979099,-1.00995,1.13514
10,1.79174,-0.7824,2.35962
10,1.85009,-0.818421,2.47158
10,1.85348,-0.79387,2.51143
10,1.09141,-1.59311,2.41074
10,1.14587,-1.30379,2.52184
10,1.90145,-0.832537,2.59697
10,1.27826,-1.31437,2.60152
10,1.66844,-1.22705,2.59522
10,1.93579,-0.899753,2.68281
10,1.40436,-1.33308,2.63137
10,1.89789,-0.850062,2.73475
10,1.48935,-1.32182,2.63516
10,1.9173,-0.852221,2.78986
10,1.39224,-1.64793,2.56852
10,0.7154,-1.32388,2.85416
10,1.40229,-1.35529,2.69464
10,1.73229,-0.937829,2.81694
10,1.97147,-0.90949,2.79189
10,0.737892,-2.29754,2.4714
10,1.34267,-1.36181,2.74661
10,0.881548,-1.76885,2.67648
10,0.887153,-1.70728,2.71017
10,0.701263,-1.34823,2.90721
10,1.18721,-1.3911,2.78921
10,0.882414,-1.71203,2.71946
10,1.77704,-0.941044,2.86726
10,0.636152,-1.36415,2.93758
10,1.96185,-0.916845,2.84449
10,1.22694,-1.69874,2.67351
10,1.78575,-0.938936,2.87743
10,1.40946,-1.35462,2.785
10,1.41335,-1.37396,2.78312
10,1.8346,-0.958161,2.87304
10,1.22389,-1.65472,2.71765
10,2.10868,-0.846554,2.87348
10,0.665725,-2.15487,2.63202
10,1.28263,-1.73436,2.68231
10,1.28436,-1.72352,2.69302
10,1.23446,-1.67274,2.72766
10,1.24618,-1.68717,2.71915
10,1.88811,-0.967154,2.88899
10,1.8422,-0.912705,2.93322
10,1.35567,-1.39057,2.8371
10,1.88037,-0.970487,2.90713
10,0.641483,-1.42862,2.9806
10,1.96844,-0.919218,2.9141
10,1.28568,-1.72503,2.71907
10,1.90516,-0.904633,2.94536
10,0.788216,-2.33747,2.57875
10,0.697494,-1.46928,2.96603
10,0.719399,-1.39933,2.99249
10,1.81882,-0.93426,2.9665
10,1.90192,-0.985561,2.92933
10,0.887389,-1.83709,2.78968
10,1.92364,-0.970414,2.9386
10,2.18402,-0.792607,2.98147
10,2.17628,-0.860214,2.96417
10,1.90609,-0.971929,2.99428
10,1.84291,-0.897444,3.0478
10,2.37033,-1.69148,2.64256
10,0.790862,-2.2392,2.79413
10,0.693732,-1.51498,3.12431
10,0.728737,-1.48252,3.14674
10,1.46162,-1.55557,3.40673
10,0.897946,-3.33247,4.62392
10,2.3169,-2.16678,5.47661
10,2.37891,-2.97333,7.95262
10,1.67632,-1.19062,2.6664
9,1.67632,-1.19062,2.6664
10,1.3599,-1.41309,2.91403
9,1.3599,-1.41309,2.91403
10,1.3664,-1.96338,3.18218
9,1.3664,-1.96338,3.18218
10,1.49292,-2.40542,4.12225
7,1.49292,-2.40542,4.12225
10,0.82038,-2.14882,2.67228
6,0.82038,-2.14882,2.67228
10,0.670146,-2.2664,2.53091
6,0.670146,-2.2664,2.53091
10,0.751409,-2.27095,2.55082
6,0.751409,-2.27095,2.55082
10,0.167368,-1.7727,2.82334
6,0.167368,-1.7727,2.82334
10,1.17662,-1.37678,2.74627
8,1.17662,-1.37678,2.74627
11,0.955707,-0.390391,0.249059
11,1.73273,0.206138,1.85963
11,1.31272,0.164485,2.14289
11,1.22897,0.125398,2.19997
11,1.22297,0.0981986,2.19861
11,1.26822,0.129368,2.19701
11,1.24037,0.0651808,2.19573
11,1.24037,0.0719438,2.21402
11,1.27903,0.122008,2.21765
11,1.25679,0.0755903,2.22216
11,1.25275,0.0729267,2.23052
11,1.28462,0.0765438,2.23252
11,1.33101,0.121731,2.24107
11,1.40376,0.145409,2.23442
11,1.43369,0.139433,2.24329
11,1.35607,0.112619,2.27286
11,1.35293,0.094349,2.27334
11,1.41333,0.152037,2.27368
11,1.35971,0.0409295,2.26369
11,1.40644,0.127069,2.2814
11,1.44892,0.144117,2.28075
11,1.43551,0.0207468,2.26972
11,1.40874,0.124442,2.29833
11,1.44841,0.102152,2.30976
11,1.39797,0.00156605,2.29962
11,1.44488,0.112048,2.31321
11,1.37595,0.0604431,2.31735
11,1.39133,0.0813662,2.3497
11,1.44197,-0.00230244,2.32904
11,1.39939,-0.00612287,2.37767
11,1.39501,0.0612268,2.40684
11,2.32425,-1.59818,2.56066
11,2.12427,-0.778285,2.86985
11,2.33033,-1.64096,2.68486
11,1.97055,-0.854808,2.90497
11,1.83652,-0.949059,2.91588
11,1.97408,-0.911155,2.90276
11,2.03427,-0.911871,2.90671
11,2.1469,-0.821739,2.90456
11,1.97445,-0.92135,2.91747
11,1.71601,-1.09923,2.94506
11,1.81299,-0.941365,2.9748
11,2.15076,-0.803729,2.95048
11,2.00665,-0.935525,2.97539
11,1.86905,-0.904859,3.01001
11,1.93697,-0.965337,2.99026
11,1.90571,-0.981029,3.00482
11,1.8706,-0.908068,3.03472
11,2.0916,-0.933109,3.00514
11,2.19825,-0.85746,3.00191
11,1.88679,-0.920925,3.08215
11,1.89651,-0.9273,3.10499
11,1.86928,-0.911336,3.14721
11,2.06101,-0.913616,3.69888
11,2.20133,-1.12004,4.75627
11,1.65293,-1.74094,3.85321
9,1.65293,-1.74094,3.85321
11,1.88581,-0.834315,3.28978
8,1.88581,-0.834315,3.28978
11,0.68498,-1.37113,3.03937
7,0.68498,-1.37113,3.03937
12,0.992507,0.0284143,0.866696
12,1.01804,0.0440479,0.899035
12,0.990656,0.0646296,0.930221
12,1.04712,0.0511723,0.964176
12,1.03269,0.0595994,0.980872
12,1.32828,0.069751,1.02877
12,1.3307,0.0701522,1.04748
12,1.02834,0.100188,1.09796
12,1.7177,0.0457248,1.06518
12,0.896602,0.1404,1.13769
12,1.25866,0.112031,1.11086
12,1.74204,0.0654584,1.12598
12,1.68762,0.0707707,1.14213
12,1.46619,0.101238,1.16129
12,1.6965,0.10453,1.23339
12,1.79396,0.100448,1.31098
12,1.7618,0.129042,1.33866
12,1.50667,0.1691,1.38205
12,1.78437,0.143243,1.37537
12,1.29516,0.235846,1.44282
12,1.54894,0.188477,1.42738
12,0.57922,0.143323,1.51319
12,0.637377,-0.11319,1.55137
12,1.51839,0.182809,1.47769
12,1.60828,0.166541,1.47372
12,1.8661,0.15143,1.46849
12,1.51991,0.218549,1.51464
12,1.62634,0.186666,1.51208
12,1.8332,0.141892,1.50496
12,1.55325,0.158222,1.53517
12,1.48378,0.240637,1.54262
12,1.59993,0.166921,1.54069
12,1.54461,0.1718,1.55574
12,1.67502,0.217417,1.55153
12,1.22972,0.260142,1.59031
12,1.64822,0.151802,1.56379
12,1.54565,0.181596,1.57212
12,1.69426,-0.172231,1.58273
12,1.64356,0.221256,1.5686
12,1.77101,0.208974,1.56008
12,1.67815,0.223323,1.56924
12,1.76342,0.183351,1.56637
12,1.84639,0.154088,1.56168
12,1.67671,0.227351,1.57166
12,1.5456,0.178008,1.58709
12,1.64809,0.213937,1.57923
12,1.30724,0.285564,1.60279
12,1.61546,0.220468,1.58244
12,1.62441,0.1923,1.58583
12,1.57315,0.176691,1.5935
12,1.56922,0.18386,1.59561
12,1.67318,0.133792,1.59173
12,1.72165,0.197113,1.58566
12,1.68772,0.202683,1.58885
12,1.55126,0.184875,1.60226
12,1.63124,0.23201,1.59573
12,0.721966,0.331468,1.66739
12,1.69715,0.22644,1.5973
12,0.617527,0.113803,1.69578
12,1.84154,0.175147,1.59146
12,1.6933,0.134764,1.60726
12,1.84303,0.172035,1.60018
12,1.69216,0.1363,1.61633
12,1.73782,0.20269,1.60883
12,1.69954,0.183467,1.61521
12,1.65782,0.223365,1.61651
12,1.53778,0.24429,1.62792
12,1.74313,0.208683,1.6148
12,1.83158,0.185019,1.6127
12,1.70002,0.189256,1.6237
12,1.68507,0.19525,1.62456
12,1.68239,0.201854,1.6259
12,1.6612,0.162942,1.63227
12,1.78359,0.199512,1.62114
12,1.70807,0.176208,1.62913
12,1.60198,0.201413,1.63775
12,0.636328,0.157423,1.72567
12,1.276,0.268431,1.67024
12,1.27679,0.267832,1.67523
12,1.54167,0.21718,1.66358
12,1.74858,0.199607,1.65098
12,0.71765,0.350498,1.72684
12,1.74342,0.203191,1.65361
12,1.67596,0.200136,1.66139
12,1.68237,0.164798,1.6675
12,1.69817,0.181645,1.66843
12,1.70504,0.16185,1.68119
12,1.27956,0.274793,1.71416
12,1.71094,0.161234,1.68633
12,1.54751,0.228763,1.69719
12,1.77005,0.170807,1.68311
12,1.84943,0.180178,1.68026
12,0.615477,0.35015,1.77109
12,0.562656,0.261618,1.78145
12,1.8122,0.221949,1.68707
12,1.68974,0.211921,1.70126
12,0.616822,0.309997,1.79793
12,0.746566,0.369193,1.78466
12,1.52213,0.279284,1.7275
12,1.69951,0.185721,1.72049
12,0.607498,0.232535,1.82376
12,1.86857,0.194921,1.72394
12,1.48672,0.252285,1.75386
12,1.48757,0.256877,1.75986
12,1.52189,0.268534,1.75936
12,0.913539,0.279017,1.81214
12,1.72145,0.20418,1.75076
12,1.56238,0.242076,1.76645
12,1.71047,0.226963,1.76728
12,1.71534,0.201274,1.77236
12,1.8049,0.151716,1.76826
12,1.5185,0.271523,1.78681
12,1.50006,0.274822,1.79502
12,1.52505,0.25839,1.79667
12,0.589661,0.282875,1.88123
12,0.924708,0.305863,1.86005
12,1.49429,0.268696,1.83562
12,1.501,0.265954,1.83665
12,1.85649,0.212381,1.82428
12,0.624138,0.354058,1.91697
12,1.48917,0.262964,1.86368
12,1.83181,0.19579,1.84149
12,1.54852,0.256374,1.86518
12,1.48462,0.233772,1.88215
12,1.84995,0.182152,1.86246
12,1.48514,0.24427,1.89055
12,1.47302,0.207066,1.90914
12,1.48041,0.235706,1.90981
12,1.46989,0.21033,1.91624
12,1.4709,0.212539,1.91902
12,1.47609,0.223427,1.92472
12,1.85668,0.180359,1.90139
12,1.47572,0.212921,1.94545
12,1.24556,0.0283275,1.98938
12,1.46999,0.195129,1.9662
12,1.46246,0.182392,1.98929
12,0.702716,0.431083,2.04172
12,0.855295,0.306284,2.04614
12,1.46184,0.177855,2.00769
12,1.27246,0.0851364,2.03451
12,1.2749,0.0188745,2.04482
12,1.28462,0.00562477,2.04823
12,1.27495,0.0108937,2.05241
12,1.35499,0.0988732,2.04133
12,1.40292,0.117159,2.04633
12,1.33601,0.0830123,2.05435
12,1.2756,0.0950878,2.06141
12,1.39752,0.130147,2.05619
12,1.44425,0.136873,2.05412
12,1.2939,0.085159,2.0709
12,1.40407,0.126683,2.06079
12,1.31621,-0.0692591,2.0851
12,1.40281,0.115337,2.06665
12,1.36889,0.102712,2.07662
12,1.34473,0.0815764,2.08306
12,1.45027,0.129026,2.07157
12,1.30616,0.0948762,2.08587
12,1.35638,0.110465,2.08463
12,1.44696,0.137579,2.08404
12,1.29944,0.0222403,2.10449
12,1.44252,0.125263,2.08799
12,1.31427,0.0916426,2.10289
12,1.35095,0.0756673,2.10902
12,1.2975,0.0256644,2.11897
12,1.41751,0.11212,2.10565
12,1.43768,0.0993854,2.1053
12,1.38616,0.0833526,2.11209
12,1.4387,0.109411,2.10781
12,1.3082,0.0456278,2.12612
12,1.46097,0.104018,2.11187
12,1.38708,0.0716376,2.12042
12,1.39394,0.0812037,2.13012
12,1.32549,0.0691555,2.13856
12,1.44381,0.117911,2.128
12,1.45455,0.0973981,2.13461
12,1.43943,0.104867,2.13577
12,1.4773,-0.0428576,2.14252
12,1.40227,0.0722167,2.14537
12,1.42924,0.0858589,2.1456
12,1.42611,0.0706787,2.1494
12,1.36346,-0.0569987,2.16418
12,1.42989,0.0829769,2.15678
12,1.42582,0.0711367,2.1614
12,1.46048,0.0956875,2.15743
12,1.38657,0.0741458,2.16491
12,1.3348,-0.0422249,2.18037
12,1.45064,-0.0561765,2.17175
12,1.42217,0.0517873,2.18096
12,1.45523,-0.058717,2.18748
12,1.42109,0.0636002,2.19598
12,1.46997,0.0607789,2.19376
12,1.47103,0.0729326,2.20849
12,1.41209,-0.0543532,2.22224
12,1.45884,-0.0451402,2.21949
12,1.44579,0.0618503,2.22525
12,1.41901,0.0491195,2.23289
12,1.55677,-0.717197,2.27806
12,1.4108,0.0285385,2.24787
12,1.35265,-0.0412898,2.26937
12,1.38532,-0.0390092,2.26875
12,1.35773,-0.0438842,2.27532
12,1.38879,-0.0352356,2.27665
12,1.40902,0.0237638,2.27621
12,1.40879,0.015707,2.27881
12,1.41758,-0.034465,2.28209
12,1.41665,0.029172,2.27823
12,1.39408,-0.00765008,2.28321
12,1.38707,-0.0285112,2.28524
12,1.41095,-0.0549722,2.28701
12,1.3595,-0.0399514,2.29359
12,1.40903,-0.0358154,2.29129
12,1.40866,-0.033083,2.29121
12,1.38097,-0.0484174,2.29507
12,1.39939,-0.00781432,2.29209
12,1.43211,0.0190635,2.29129
12,1.43492,0.0107481,2.30223
12,1.39934,-0.00714123,2.30899
12,1.40758,-0.0346307,2.31485
12,1.38773,-0.0325845,2.3233
12,0.625856,0.428914,2.36305
12,2.8169,-0.099402,2.41309
12,0.575324,0.639622,2.70515
12,1.7834,-0.932703,2.90813
12,2.01206,-0.842348,2.90493
12,0.45678,0.712137,3.0107
12,2.194,-0.807154,3.02159
12,1.78957,-0.843258,3.16569
12,1.93018,-1.0026,3.18093
12,1.98113,-0.964559,3.20437
12,1.79584,-0.811561,3.22109
12,1.86898,-0.831162,3.23232
12,1.86001,-0.823267,3.26069
12,0.571633,-1.64641,3.58049
9,0.571633,-1.64641,3.58049
12,0.845764,-0.248963,3.70885
8,0.845764,-0.248963,3.70885
12,0.857397,-0.251347,3.79738
8,0.857397,-0.251347,3.79738
12,0.601505,-0.166004,3.53385
8,0.601505,-0.166004,3.53385
13,1.76986,-0.0884742,2.12394
13,1.7776,-0.739329,2.3498
13,1.86523,-0.825184,2.59528
13,1.68504,-0.852969,2.73521
13,1.74898,-0.899008,2.76787
13,1.1118,-1.72562,2.70671
13,1.76008,-0.896448,2.80741
13,1.94558,-0.890334,2.77576
13,1.17491,-1.40075,2.87496
13,1.76787,-0.878539,2.97763
13,1.84325,-0.960032,2.94142
13,1.8626,-0.955566,2.97967
13,2.40031,-1.70973,2.74046
13,2.40431,-1.71549,2.74101
13,2.41631,-1.72312,2.75589
13,2.3785,-0.879763,3.54769
13,2.23313,-1.06911,3.65257
13,2.28803,-1.10395,3.82325
13,2.29133,-1.11974,3.82226
13,2.27616,-1.19854,4.00207
13,2.26729,-1.17874,4.02508
13,2.36326,-1.07201,4.08433
13,2.29965,-1.21977,4.08078
13,2.31322,-1.24044,4.11599
13,2.69104,-0.967632,4.1605
13,1.65163,-1.21653,2.62182
11,1.65163,-1.21653,2.62182
13,1.92973,-1.28278,1.98267
11,1.92973,-1.28278,1.98267
13,1.15609,-1.4199,2.1724
11,1.15609,-1.4199,2.1724
13,2.17213,-1.50955,2.46123
11,2.17213,-1.50955,2.46123
13,1.73185,-1.26664,2.62766
10,1.73185,-1.26664,2.62766
13,1.58291,-1.10525,2.48354
10,1.58291,-1.10525,2.48354
13,1.70104,-1.24158,2.55184
10,1.70104,-1.24158,2.55184
13,1.06344,-1.42803,2.88497
10,1.06344,-1.42803,2.88497
13,1.74833,-1.60943,2.41538
10,1.74833,-1.60943,2.41538
13,1.19618,-1.83651,2.95829
10,1.19618,-1.83651,2.95829
13,1.09491,-1.59542,2.49835
10,1.09491,-1.59542,2.49835
13,1.02579,-1.33492,2.62897
10,1.02579,-1.33492,2.62897
13,0.320834,-1.1607,3.63005
9,0.320834,-1.1607,3.63005
13,1.03815,-0.798619,1.3764
8,1.03815,-0.798619,1.3764
14,-0.257478,-0.304425,5.72898
14,-0.26947,-0.30918,5.7709
14,0.0703923,0.111439,2.90316
14,0.55422,0.378908,2.71025
14,0.521509,0.351295,2.63143
14,0.600871,0.392639,2.80847
14,0.569864,0.347184,2.66355
14,0.472395,0.341175,2.68233
14,0.462806,0.309392,2.62788
14,0.0740635,0.135188,2.98977
14,0.249218,0.186417,3.05693
14,0.23073,0.187056,3.06742
14,0.653601,0.405819,2.66256
14,0.666543,0.395143,2.64727
14,-0.130181,-0.0584928,5.07034
14,-0.169091,-0.0443249,5.28727
14,-0.338571,-0.422839,5.91861
14,-0.374573,-0.458545,5.89782
14,-0.279159,-0.325535,5.84679
14,-0.351005,-0.360461,5.81544
14,1.15663,-0.363817,5.32757
14,1.02296,-0.35739,5.00249
14,1.17342,-0.335017,5.40493
14,1.0538,-0.530643,5.15328
14,1.06162,-0.632797,5.19156
14,0.690396,0.362838,2.92516
14,0.221808,0.23687,3.21864
14,0.189422,0.226382,3.3644
14,0.558231,0.257071,3.34962
14,0.522595,0.238018,3.53732
14,0.821545,-0.0843486,4.01752
14,0.582061,0.314492,3.08416
14,0.552372,0.323913,3.08128
14,0.592494,0.280535,3.13944
14,0.548163,0.293194,3.16929
14,0.582836,0.238351,2.76492
14,0.561188,0.335117,2.9247
14,0.457658,0.283322,2.69515
14,0.502367,0.283017,2.95844
14,0.442736,0.335881,2.70783
14,0.424806,0.309645,2.70239
14,0.410612,0.312579,3.26747
14,0.494801,0.224376,3.49852
14,0.573629,0.086149,2.6422
14,0.358079,-0.200164,5.44518
14,0.329403,0.0655679,3.2795
14,0.311531,0.0418743,3.97501
14,0.400317,0.176186,3.64249
14,0.619862,0.422139,2.55797
14,-0.185549,0.0204926,4.8463
14,-0.283482,-0.0274315,5.24466
14,0.0418981,0.123202,3.44544
14,1.03281,0.234874,4.55865
14,0.563477,-0.1255,3.73435
14,0.599399,0.418178,2.80159
14,0.317059,0.292021,3.15661
14,1.31009,-0.289702,5.2032
14,0.392717,0.171446,3.45441
14,0.385521,0.174099,3.50787
14,0.540487,0.367993,2.69291
14,0.51548,0.364718,2.66895
14,0.546997,0.292853,3.20935
14,0.573549,0.269633,3.22208
14,0.0813025,0.139795,3.04914
14,0.0811619,0.11652,3.04386
14,0.400305,0.182023,3.40775
14,0.392629,0.190825,3.57253
14,0.377187,0.13956,3.31781
14,-0.451194,0.249522,3.85272
14,-0.549519,0.259006,4.84897
14,-0.31138,-0.399081,5.89843
14,-0.38535,-0.497408,6.00786
14,-0.307703,-0.306155,5.82879
14,-0.371398,-0.347951,5.79033
14,-0.158893,-0.0376101,5.28076
14,-0.175842,0.0197457,4.66967
14,1.06075,-0.890339,4.91452
14,1.07907,-1.03812,4.99939
14,1.06242,-0.528435,5.19547
14,1.06995,-0.580823,5.13724
14,1.06106,0.231793,4.67032
14,0.568735,0.0809285,2.63497
14,0.611258,0.0441197,2.83198
14,0.698033,0.366664,2.92624
14,0.588903,0.362521,2.72841
14,0.226754,0.215685,3.14645
14,0.286597,0.180172,3.14996
14,0.231656,0.186246,3.05413
14,0.227184,0.0353298,2.99517
14,0.290133,0.0140689,3.32718
14,0.543599,0.254043,3.33759
14,0.523437,0.242869,3.54302
14,0.561899,0.310666,3.02791
14,0.568968,0.274183,3.00475
14,0.482272,0.349732,2.70931
14,0.538127,0.330437,2.89982
14,0.495019,0.327411,2.78092
14,0.465763,0.297319,2.79477
14,0.397719,0.31432,3.18083
14,0.322457,-0.186929,4.99938
14,0.327178,0.0642817,3.31988
14,0.155385,0.191949,3.14766
14,0.13522,0.158456,2.96653
14,0.65012,0.427519,2.68283
14,0.603606,0.424476,2.79653
14,0.939738,-0.515061,5.06398
14,1.04819,-0.637718,5.12586
14,1.04157,-0.383162,5.09348
14,1.30266,-0.273805,5.21288
14,1.12767,-0.333718,5.22452
14,-0.135883,-0.0563339,5.16558
14,-0.202501,-1.11667,5.37764
14,-0.260265,-1.02241,5.31079
14,-0.517013,-1.11643,5.4763
14,-0.532906,-1.04481,5.42713
14,-0.26761,-1.19589,5.46067
14,0.0146484,0.127516,3.69646
14,0.31151,0.288431,3.16089
14,1.04861,-0.802303,4.94493
14,-0.55286,-0.295732,5.63035
14,-0.225459,-1.36059,5.64689
14,-0.253371,-1.37291,5.69801
14,0.508402,0.228606,3.37217
14,0.49746,0.215185,3.40204
14,-0.243051,-1.21772,5.46594
14,-0.198794,-1.30258,5.61785
14,0.160073,0.184716,3.14616
14,0.155259,0.151452,3.05155
14,0.243082,0.0555405,3.11164
14,0.251697,0.0282523,3.22191
14,0.396719,0.294399,3.09784
14,0.384378,0.295725,3.1118
14,-0.337254,0.176974,1.77732
14,-0.358333,0.183442,1.76193
14,-0.488278,-1.29312,5.17193
14,-0.552385,-1.27845,5.11326
14,-0.325119,-1.374,5.59709
14,-0.376026,-1.47597,5.5983
14,-0.293107,-0.354879,5.98094
14,-0.394467,-0.37513,5.87286
14,0.17437,0.0728026,2.70343
14,0.365782,0.119852,3.32826
14,0.345614,0.0767508,3.42797
14,0.481876,0.343299,2.70708
14,0.533347,0.317457,2.92171
14,0.571503,0.226691,2.78446
14,0.604786,0.362967,2.76324
14,0.662241,0.328855,2.90522
14,0.605466,0.159116,2.71013
14,1.08095,-0.920906,4.93884
14,1.06749,-1.01915,4.98062
14,0.695108,0.407265,2.72388
14,0.657042,0.419017,2.71989
14,0.0783472,0.149456,3.31456
14,0.0494657,0.106939,3.39813
14,0.0200045,0.114958,3.65293
14,0.214508,0.196524,3.10702
14,0.232819,0.214504,3.16415
14,0.288636,0.170434,3.14621
14,0.238859,0.179515,3.05758
14,0.28362,-0.0010139,3.25249
14,0.549259,0.292335,2.93586
14,0.491483,0.302917,2.90947
14,0.546159,0.250922,2.91929
14,0.542943,0.283242,3.12998
14,0.44452,0.32399,2.86224
14,0.511885,0.350885,2.67126
14,0.0976954,0.0804124,2.98601
14,0.378791,0.164273,3.30988
14,0.661047,0.438316,2.54513
14,0.588344,0.410433,2.74507
14,0.91111,-0.020198,4.16283
14,1.02293,-0.107556,4.67372
14,0.395279,-1.3693,4.78196
14,1.56227,-1.51026,5.35918
14,1.47536,-1.521,5.39732
14,1.62516,-1.69994,5.75417
14,1.08408,-0.517771,5.16752
14,0.947833,-0.530631,5.06629
14,1.06865,-0.649167,5.09396
14,1.03838,-0.392066,5.05918
14,1.29792,-0.283739,5.17821
14,1.09033,-0.324948,5.08722
14,1.30688,-0.396872,5.12119
14,-0.361349,0.402793,1.77676
14,-0.471303,-1.40646,5.24433
14,-0.543806,-1.45695,5.25468
14,-0.347807,-0.436834,5.98766
14,-0.469883,-0.351744,5.50674
14,-0.535805,-0.370465,5.41493
14,-0.346041,-1.28114,5.52537
14,-0.207258,-1.0622,5.19102
14,-0.257786,-1.0286,5.26022
14,-0.471058,-1.19154,5.24161
14,-0.551468,-1.18361,5.10477
14,-0.410404,-1.29688,5.38247
14,-0.515712,-1.11776,5.46251
14,-0.607458,-1.46175,5.18705
14,1.08573,-1.1502,4.96066
14,1.458,-0.582867,5.33381
14,0.293276,-0.187216,4.54694
14,1.08166,-1.39271,4.94207
14,0.119594,0.0510708,2.86123
14,0.299722,0.26757,3.11298
14,1.64714,-3.93945,13.3347
14,-0.347758,0.0192859,4.56087
14,-0.356044,-1.57629,5.68511
14,0.515673,0.317197,2.82489
14,0.519707,0.288656,2.84699
14,-0.354734,-0.45261,6.20391
14,-0.386341,-0.450054,6.16887
14,-0.463639,-1.16341,5.15906
14,-0.242779,-0.925705,5.24558
14,-0.269113,-1.03142,5.20218
14,0.977392,-0.21866,4.78318
14,0.861824,-0.209568,4.58431
14,1.05675,-0.489997,5.17153
14,1.05109,-0.571448,5.14383
14,0.628977,0.335558,2.85012
14,0.605216,0.308218,2.8849
14,0.353002,0.119617,3.32175
14,0.323102,0.0666216,3.38776
14,0.118513,0.0569965,2.89832
14,0.0800414,0.0996617,3.26097
14,0.499553,0.220981,3.2166
14,0.484108,0.221934,3.23048
14,0.52582,0.286299,3.16376
14,0.539003,0.249944,3.14014
14,0.53541,0.257726,2.84801
14,0.582025,0.226717,2.84833
14,0.527348,0.365517,2.72612
14,0.490234,0.356072,2.76816
14,0.162278,0.164059,3.13357
14,0.0846434,0.161756,3.44845
14,0.232623,0.217195,3.1615
14,0.643279,0.423027,2.71392
14,0.695967,0.413186,2.7468
14,0.590661,0.412803,2.74425
14,0.685336,0.498041,2.30784
14,0.680861,0.474733,2.3801
14,1.02922,-0.394908,5.03683
14,1.34526,-0.277612,5.42608
14,1.06939,-0.316346,5.09749
14,1.31947,-0.408298,5.20761
14,-0.306841,0.227498,1.84683
14,-0.364082,0.404036,1.78224
14,-0.368406,0.369532,1.80341
14,-0.318155,-0.348168,6.15019
14,-0.507691,-0.272508,5.32633
14,-0.527502,-0.353398,5.23495
14,-0.328983,-1.15598,5.25301
14,-0.189884,-1.23933,5.36606
14,-0.396936,-1.24687,5.39871
14,-0.54741,-1.19031,5.15384
14,-0.520372,1.13989,3.23822
14,-0.512489,1.0705,3.18917
14,0.010319,0.114592,3.74949
14,-0.136065,-0.00967078,4.54496
14,-0.364488,0.190624,1.78423
14,1.07268,-0.933801,4.98372
14,1.11806,-1.19771,5.06634
14,1.40284,-0.577814,5.20113
14,1.07375,-0.652269,5.1183
14,0.429416,-0.206738,4.04081
14,0.258586,-0.166108,4.12527
14,0.664815,0.442361,2.56862
14,0.239777,0.0285751,3.25872
14,0.433222,0.324611,2.89092
14,0.29854,0.26621,3.13023
14,-0.347454,0.0385802,4.39969
14,0.148021,0.167703,3.27126
14,0.0865734,0.151052,3.37715
14,0.283484,0.241132,3.1147
14,0.246732,0.224384,3.16572
14,0.490934,0.325354,2.78927
14,0.492721,0.271631,2.79942
14,0.527879,0.252636,2.79177
14,0.572506,0.219242,2.83195
14,1.05354,-0.401295,5.04814
14,0.629436,0.331061,2.83819
14,0.614384,0.276973,2.85447
14,1.65916,-1.55714,5.64933
14,1.62293,-1.59477,5.65179
14,2.06479,-0.98585,3.95161
14,2.03635,-1.03575,3.84901
14,-0.297778,0.215135,1.74646
14,-0.590026,-1.31826,5.28403
14,-0.594202,-1.46676,5.32142
14,-0.400491,-0.443395,6.07759
14,-0.512205,-0.345073,5.1955
14,-0.440623,-1.5014,5.57946
14,-0.262785,-1.41651,5.67784
14,-0.344828,-1.60122,5.80924
14,-0.220262,-1.20144,5.54194
14,0.333748,0.143411,3.20633
14,0.319664,0.0608696,3.27683
14,0.428125,0.333244,2.8569
14,0.508033,0.230246,3.24842
14,0.889184,-0.00416238,4.00942
14,1.65299,-1.73534,5.62833
14,1.55321,-1.71023,5.66706
14,1.70847,-1.68072,5.56927
14,1.62236,-1.73431,5.28856
14,0.867457,0.560699,1.87082
14,0.859487,0.550223,1.96442
14,2.15974,-0.880053,4.18568
14,2.08563,-0.941061,4.09394
14,1.05048,0.474492,2.14457
14,-0.520162,-1.07484,5.27621
14,-0.397622,-1.26183,5.4894
14,-0.557476,-1.21899,5.30303
14,1.52664,-1.57282,5.70622
14,1.01125,-0.226789,4.84551
14,0.569813,0.273495,2.81863
14,0.167243,0.16556,3.22946
14,0.15341,0.0550274,2.96233
14,0.138329,0.0567872,3.05706
14,-0.531001,1.13998,3.23849
14,-0.512309,1.06043,3.25425
14,0.0213896,0.158891,3.55241
14,-0.114798,-0.00446862,4.30459
14,-0.252404,-0.968348,5.45354
14,0.632812,0.183592,2.85341
14,0.96891,0.482972,1.9019
14,0.702133,0.412055,2.75927
14,0.628185,0.348922,2.83255
14,2.06128,-0.266196,4.4455
14,1.81655,-0.293288,4.4158
14,2.04793,-0.466605,4.4167
14,1.81416,-0.430227,4.341
14,2.0547,-1.13806,4.03322
14,2.08016,-1.24826,4.13627
14,2.10253,-0.714482,4.02382
14,1.09313,-0.587601,5.23786
14,1.14848,-1.42739,5.1786
14,0.504068,0.358202,2.76132
14,0.229282,0.0386556,3.2112
14,1.54288,0.457444,3.52637
14,0.70387,0.503386,2.34444
14,0.685832,0.48159,2.38838
14,2.0263,-1.65899,4.08225
14,0.782678,-0.166673,4.13931
14,0.24222,-0.167222,4.15294
14,1.13212,-0.973186,5.10486
14,-0.327739,0.0499574,4.15004
14,-0.323542,-0.366782,6.12531
14,0.501967,-1.5923,5.51524
14,-0.252301,-1.39954,5.60982
14,-0.358514,-1.61343,5.90963
14,-0.279771,-1.07208,5.29663
14,-0.200531,-1.22029,5.40086
14,0.00752574,0.146342,3.58639
14,0.0624701,0.08819,3.51163
14,0.185636,0.158395,3.25578
14,0.181243,0.0548911,3.17875
14,0.339165,0.158521,3.25837
14,0.311779,0.0559389,3.23943
14,0.527867,0.243645,2.77253
14,0.963986,-0.095452,4.34671
14,0.612342,0.394278,2.76111
14,0.602445,0.33585,2.81611
14,1.62575,-1.60475,5.71366
14,1.55821,-1.67678,5.97011
14,0.877901,0.545431,1.92042
14,0.858846,0.547017,1.98072
14,-0.373302,-1.35936,5.44875
14,-0.46702,-1.22597,5.07364
14,-0.455975,-1.47844,5.4152
14,0.584283,0.271394,2.83519
14,0.647177,0.18776,2.91818
14,1.26356,-0.234345,5.15086
14,1.01937,-0.419079,4.9464
14,-0.480417,0.487293,1.87075
14,-0.335345,0.287462,1.72823
14,-0.491015,-0.994906,4.91537
14,0.503405,-0.204608,4.49725
14,0.230359,-0.183812,4.04015
14,-2.12664,-2.41504,6.05963
14,-2.10588,-2.33418,5.74368
14,-0.514542,1.07435,3.32365
14,-0.0887959,0.00653218,4.14194
14,-0.23544,-0.936372,5.23491
14,1.27769,0.193925,4.75249
14,2.15527,-0.288479,4.71468
14,1.87387,-0.315458,4.56967
14,1.88826,-0.453707,4.51831
14,-1.86916,0.0646341,6.8594
14,0.529712,0.353637,2.78222
14,0.466371,0.211723,2.93298
14,1.13076,-1.43204,5.0987
14,1.50484,-1.70384,5.59737
14,-0.52665,-1.33456,4.88818
14,1.32819,-0.485668,5.24652
14,0.883635,0.569549,1.90035
14,0.986419,0.461576,2.0862
14,0.702556,0.499386,2.34007
14,0.676605,0.470149,2.3779
14,2.17311,-0.505955,4.67349
14,1.63189,-1.74274,5.58133
14,1.53205,-1.81166,4.73196
14,1.06739,-0.747621,4.81299
14,-0.364795,0.193789,1.73935
14,-0.482641,-0.333535,4.83154
14,0.459326,-1.50014,5.19603
14,1.8053,-1.49172,3.81806
14,1.6011,0.489458,3.62692
15,-0.474217,0.00633506,1.62111
15,-0.345858,0.285735,1.64863
15,-0.38368,0.102762,1.66368
15,-0.344376,0.272229,1.66648
15,-0.343117,0.288353,1.67186
15,-0.372788,0.110378,1.6763
15,-0.375882,0.11201,1.67623
15,-0.345072,0.288794,1.67506
15,-0.332213,0.277834,1.68587
15,-0.375617,0.115819,1.68807
15,-0.493618,0.0112786,1.68551
15,-0.381181,0.11499,1.69619
15,-0.380644,0.110674,1.7099
15,-0.371733,0.102869,1.71372
15,-0.378432,0.179867,1.72166
15,-0.395584,0.0974136,1.73103
15,-0.379712,0.183979,1.73806
15,-0.372152,0.183993,1.74238
15,-0.374838,0.188599,1.74289
15,-0.485608,-0.00114413,1.74085
15,-0.337988,0.192199,1.75567
15,-0.375794,0.181602,1.75688
15,-0.370198,0.184802,1.75862
15,-0.363865,0.182011,1.76668
15,-0.36695,0.178351,1.76772
15,-0.365565,0.17922,1.77324
15,-0.512355,0.447826,1.76075
15,-0.375829,0.35154,1.77711
15,-0.350352,0.182678,1.79184
15,-0.498577,0.00210482,1.79575
15,-0.393179,0.57855,1.80076
15,-0.348421,0.178898,1.81775
15,-0.397745,0.577414,1.80849
15,-0.468263,0.461006,1.80628
15,-0.397748,0.577107,1.81773
15,-0.474471,0.469854,1.81847
15,0.620168,-0.639995,2.14952
15,-0.798931,0.259526,2.319
15,-0.792554,0.166756,2.35045
15,-0.815936,0.264676,2.35537
15,-0.846524,0.263214,2.44238
15,0.156489,0.0852325,2.56058
15,-0.913351,1.12795,2.45169
15,0.157982,0.0988484,2.61849
15,0.716225,0.444392,2.67416
15,0.167149,0.0569734,2.71132
15,0.185574,0.0735073,2.72168
15,-1.29343,1.03334,2.61862
15,-1.19551,0.995094,2.6522
15,-1.24304,1.06673,2.66027
15,-1.03825,1.02991,2.68883
15,-0.934958,1.08495,2.82339
15,-0.979307,1.01625,2.82736
15,0.122806,0.156542,2.9607
15,0.289043,0.15652,2.99585
15,-0.339394,0.125048,2.96323
15,0.242301,0.114718,3.02392
15,-0.974783,1.04702,2.9013
15,-0.963128,1.12584,2.90086
15,0.253022,0.112002,3.04566
15,0.251725,0.206601,3.05195
15,0.325147,-0.169461,3.09792
15,0.378303,0.301259,3.09616
15,0.0849477,0.0755614,3.07935
15,0.193216,0.197945,3.09615
15,0.163869,0.128842,3.09823
15,-0.257098,-0.0914541,3.07037
15,0.104006,0.0686217,3.13287
15,-0.485376,1.0881,3.04896
15,0.203902,0.236508,3.14468
15,0.223881,0.0828131,3.15297
15,0.187188,0.195524,3.15066
15,-0.998181,1.08546,3.01963
15,-0.495787,1.09037,3.0672
15,0.471189,0.210591,3.18807
15,0.232732,0.0478261,3.23958
15,0.328292,0.0899857,3.25053
15,-0.499048,1.01466,3.14842
15,-0.341437,0.113911,3.19686
15,0.328628,0.0982047,3.26524
15,0.0873023,0.128606,3.26074
15,0.155324,0.162447,3.3057
15,-0.364239,0.133143,3.27892
15,-0.355694,0.130583,3.3315
15,0.0925166,0.142604,3.43686
15,1.10309,-1.1176,3.58318
15,0.0893459,0.147972,3.47709
15,-0.971496,1.19201,3.48382
15,0.432258,-0.215699,3.66392
15,0.0275183,0.14797,3.63501
15,0.0224654,0.142156,3.67319
15,-0.0687604,0.0987155,3.77217
15,0.0094918,0.136963,3.83117
15,1.01539,0.194066,3.94031
15,-0.148395,-0.0160499,4.18786
15,-0.151096,0.00548726,4.22568
15,0.85594,-0.455325,4.71365
15,0.399067,-0.00600321,4.67351
15,0.269918,-0.156194,4.76059
15,0.896784,-0.477469,4.90833
15,-0.345666,-0.00464033,4.80781
15,-0.474827,-0.229609,4.83223
15,0.285771,-0.160678,4.91005
15,1.5454,-1.53926,5.07469
15,-0.496656,-0.255489,4.99655
15,-0.482076,-1.23593,5.06914
15,-0.470987,-0.295248,5.11724
15,-0.244246,-0.930121,5.19647
15,-0.472718,-0.30738,5.19222
15,-0.258319,-0.934656,5.32286
15,-0.528882,-0.261709,5.30142
15,-0.483678,-0.401844,5.331
15,1.38629,-0.452304,5.57805
15,-0.222124,-1.2394,5.49359
15,-0.226389,-1.39139,5.53233
15,1.55262,-0.629355,5.74219
15,-0.335857,-1.37599,5.6102
15,-0.344998,-0.423765,5.91301
15,-0.389037,-0.534177,6.17525
15,-0.345566,-0.41404,6.79638
15,0.129197,0.0741878,3.72079
14,0.129197,0.0741878,3.72079
15,0.294907,0.128307,3.62832
14,0.294907,0.128307,3.62832
15,0.348597,0.136138,4.01439
14,0.348597,0.136138,4.01439
15,0.672086,0.370069,3.04565
14,0.672086,0.370069,3.04565
15,-0.396113,0.547496,1.97141
14,-0.396113,0.547496,1.97141
15,-0.268666,-0.301191,5.19724
14,-0.268666,-0.301191,5.19724
15,-0.391715,0.548827,1.96152
14,-0.391715,0.548827,1.96152
15,-0.947628,0.254399,2.72392
14,-0.947628,0.254399,2.72392
16,-0.512612,-0.0785457,0.515512
16,-0.968955,0.481621,1.23274
16,-1.00449,0.349982,1.23965
16,-1.01977,0.252063,1.32603
16,-1.01112,0.215586,1.33103
16,-0.446305,0.0098751,1.5549
16,-0.445779,0.0365833,1.63463
16,-0.454993,0.00284043,1.64229
16,-0.468811,0.047768,1.64556
16,-0.481999,0.0035079,1.64343
16,-0.460337,0.00232321,1.64965
16,-0.467068,0.0562108,1.65322
16,-0.445188,0.00444755,1.68423
16,-0.464517,-0.00439909,1.68291
16,-1.08263,0.443382,1.53929
16,-0.34799,0.347965,1.73283
16,-0.351387,0.352101,1.73768
16,-0.449292,-0.00185154,1.72044
16,-0.366019,0.355562,1.75983
16,-0.468264,-0.0113246,1.74075
16,-0.472304,-0.00959547,1.75282
16,-0.54399,0.156481,1.74839
16,-1.10892,0.383746,1.61364
16,-1.10204,0.433122,1.66781
16,-0.478698,-0.0159903,1.83677
16,-1.11204,0.840446,1.72916
16,-1.08679,0.662352,1.76217
16,-0.630051,0.1571,1.88265
16,-0.630949,0.219847,1.89899
16,-1.11699,0.679051,1.83694
16,-1.12913,0.728266,1.83364
16,-1.13203,0.829718,1.8392
16,-0.412762,0.899976,2.0171
16,-0.40114,0.938794,2.03455
16,-0.53196,0.678415,2.17879
16,-0.560319,0.719714,2.36414
16,-1.17981,1.00314,2.26748
16,-0.357218,1.06975,2.56581
16,-0.580981,0.762215,2.54733
16,-1.24337,1.17752,2.45543
16,-0.952022,1.16154,2.55392
16,-1.11483,1.18722,2.53135
16,-1.17218,1.12811,2.58534
16,-1.1718,1.12428,2.59266
16,-0.172251,1.13636,2.83043
16,-1.30138,1.11945,2.56513
16,-1.01715,0.964705,2.63584
16,-1.03359,0.967063,2.63767
16,-1.3103,1.13532,2.57269
16,-1.17443,1.13389,2.61378
16,-1.03505,1.01723,2.65076
16,-0.171181,1.14914,2.86808
16,-1.21616,1.00763,2.65301
16,-1.23449,1.06037,2.6646
16,-1.06343,1.14896,2.71174
16,-1.2769,1.02272,2.68269
16,0.404733,0.282125,3.09082
16,0.312714,0.21795,3.07284
16,-1.3315,1.06349,2.67995
16,-0.721319,0.917838,2.89122
16,0.310446,0.21821,3.20537
16,-0.986155,1.08334,2.90325
16,-0.287869,0.0381907,3.08575
16,-0.763854,0.961481,3.1012
16,0.247156,0.099129,3.4619
16,-0.907919,1.12321,3.27227
16,-0.906572,1.11842,3.28285
16,-1.3573,1.06158,3.20379
16,-1.3507,0.965286,3.28656
16,-1.34583,1.07017,3.29768
16,0.153641,0.0506374,3.68139
16,-1.39747,0.915598,3.48006
16,-1.48059,0.873235,3.71374
16,-1.45979,0.712919,3.81259
16,0.175247,-0.122864,4.23106
16,-1.21705,0.246116,3.90546
16,-1.4967,0.730147,3.88838
16,-1.59845,1.23889,3.89302
16,-0.571519,-1.19138,4.82517
16,-1.82876,-1.78786,4.57474
16,-1.85356,-1.79647,4.60918
16,-1.48118,0.473259,4.71372
16,-1.48299,0.454819,4.7171
16,-1.48563,0.433412,4.73806
16,-1.49132,0.450529,4.74834
16,-0.197406,-1.03432,5.07894
16,-1.45955,0.244974,4.77418
16,-1.50764,0.445245,4.77096
16,-1.47113,0.267756,4.78604
16,-0.261153,-0.991745,5.09004
16,-0.256636,-0.906504,5.1175
16,-0.200972,-1.05281,5.15898
16,-1.59686,0.2939,4.81925
16,0.56165,-1.56106,5.36371
16,-0.245692,-1.15101,5.18334
16,-0.246284,-0.891969,5.18199
16,-1.58743,0.236072,4.88388
16,-0.544241,-0.324206,5.13817
16,-0.516644,-1.05931,5.18113
16,-1.68826,0.122967,4.95022
16,-1.62413,0.238247,4.98218
16,-1.69515,0.151313,4.97932
16,-0.513792,-0.257258,5.26999
16,-1.75347,0.105497,5.04882
16,-3.15658,-1.87443,4.74458
16,-0.516401,-0.261312,5.35573
16,-1.81201,-0.581135,5.05993
16,-0.487102,-0.429219,5.40938
16,-1.79179,0.154131,5.10457
16,-1.70792,0.0380683,5.1326
16,-1.70646,0.120228,5.13846
16,-0.482311,-0.23565,5.43223
16,-1.71047,-0.0276121,5.18298
16,-1.87364,0.125382,5.26869
16,-1.78621,0.120235,5.32988
16,-1.7778,0.0344263,5.34737
16,-1.78787,0.119011,5.39843
16,-1.78927,0.194136,5.41686
16,-1.79462,0.104539,5.41992
16,-1.79761,0.0686252,5.42417
16,-1.91449,0.155731,5.40842
16,-1.87656,-2.25348,5.46552
16,-0.337244,-0.424622,5.81762
16,-1.92101,0.0729789,5.46127
16,-1.87926,0.0515432,5.50916
16,-1.84356,0.207092,5.53136
16,-0.284551,-0.333905,5.91061
16,-2.05191,-2.13412,5.52235
16,-0.285731,-0.357265,5.92672
16,-1.94706,0.108534,5.55382
16,-1.95014,0.101074,5.5628
16,-1.94223,0.0958296,5.58196
16,-1.90208,0.161231,5.60664
16,-1.93824,0.211368,5.61932
16,-1.94759,0.20051,5.63585
16,-1.95567,0.176106,5.64051
16,-2.08216,-0.68471,5.63604
16,-2.07751,0.240672,5.76937
16,-2.09651,0.225837,5.79051
16,-2.16279,-0.711483,5.79397
16,-2.16442,-0.716847,5.856
16,-2.10821,0.237456,5.8669
16,-2.17528,-0.658104,5.91134
16,-2.19223,-0.677293,5.9097
16,-2.23077,0.204397,6.15194
16,-3.73166,0.430672,7.7614
16,-2.977,0.394216,6.77874
15,-2.977,0.394216,6.77874
16,-2.98498,0.38685,6.78731
15,-2.98498,0.38685,6.78731
16,-2.22626,0.441269,5.18763
15,-2.22626,0.441269,5.18763
16,-2.43933,0.32703,5.48003
15,-2.43933,0.32703,5.48003
16,-0.195785,-1.20194,5.3403
14,-0.195785,-1.20194,5.3403
17,-0.955938,0.523894,0.208482
17,-1.28915,0.327202,0.931317
17,-1.29817,0.328171,0.957552
17,-1.4691,0.294454,0.965812
17,-1.32187,0.321349,1.01541
17,-1.2407,0.411996,1.05368
17,-1.2509,0.412841,1.06738
17,-1.27392,0.309601,1.07108
17,-1.37027,0.317925,1.04976
17,-1.25302,0.442954,1.08399
17,-1.3768,0.318265,1.06713
17,-1.2868,0.320997,1.10888
17,-1.38696,0.320242,1.09019
17,-1.23977,0.595032,1.11801
17,-1.24015,0.592831,1.13199
17,-1.55699,0.53583,1.0636
17,-1.41044,0.612859,1.11302
17,-1.25112,0.602187,1.15485
17,-1.27524,0.558505,1.1679
17,-1.34957,0.638804,1.15928
17,-1.27938,0.621662,1.18119
17,-1.29013,0.608786,1.1807
17,-1.27949,0.623974,1.1829
17,-1.29906,0.636293,1.18583
17,-1.3103,0.613396,1.18809
17,-1.31311,0.306827,1.19959
17,-1.31666,0.611275,1.19136
17,-1.29652,0.634599,1.19552
17,-1.29865,0.631129,1.19889
17,-1.26631,0.610161,1.21501
17,-1.33356,0.710161,1.20601
17,-1.33503,0.70593,1.20928
17,-1.30187,0.277448,1.23987
17,-1.25378,0.552163,1.24666
17,-1.29955,0.276755,1.24576
17,-1.29094,0.226908,1.25116
17,-1.34706,0.705377,1.21979
17,-1.26006,0.360264,1.26131
17,-1.29019,0.227837,1.2623
17,-1.30058,0.272822,1.25876
17,-1.3075,0.260963,1.2694
17,-1.26587,0.527976,1.28456
17,-1.22538,0.815095,1.28922
17,-1.34816,0.871118,1.26441
17,-0.707137,0.0451247,1.4696
17,-1.22757,0.796873,1.31543
17,-0.62696,0.248001,1.48349
17,-1.27556,0.564436,1.32794
17,-1.23739,0.833307,1.33723
17,-1.46058,0.928828,1.27925
17,-1.25822,1.06233,1.32432
17,-0.622694,0.247915,1.51115
17,-1.28228,0.530598,1.34207
17,-1.67549,0.935572,1.24312
17,-1.47878,1.00595,1.30635
17,-1.29189,0.527457,1.381
17,-1.28662,0.537796,1.38524
17,-1.48622,1.01503,1.33513
17,-0.590014,0.461286,1.59225
17,-1.49249,0.957175,1.35726
17,-0.716686,0.360356,1.58938
17,-0.58529,0.455908,1.6261
17,-0.743138,0.179425,1.60408
17,-0.722357,0.35814,1.65238
17,-0.829709,0.304756,1.64095
17,-1.29741,0.543882,1.52037
17,-1.25845,0.676941,1.52962
17,-1.2619,0.700216,1.52802
17,-1.31741,0.406694,1.52781
17,-1.29694,0.539981,1.53794
17,-1.3385,0.408394,1.54105
17,-1.36557,0.908928,1.52767
17,-1.31982,0.52351,1.5548
17,-0.743166,0.47769,1.70794
17,-1.30505,0.534731,1.57238
17,-1.55696,1.00609,1.50344
17,-1.31945,0.519679,1.58691
17,-1.33878,0.473475,1.58796
17,-0.627512,1.03392,1.76935
17,-1.35387,0.445295,1.61282
17,-0.591354,0.991208,1.79335
17,-0.631185,1.08342,1.7871
17,-0.63067,1.08642,1.78969
17,-0.656964,0.519593,1.81707
17,-1.33552,0.492744,1.65682
17,-1.32504,0.51788,1.67489
17,-0.696418,0.959385,1.81801
17,-1.33098,0.453627,1.6845
17,-1.34626,0.491114,1.68477
17,-1.33733,0.50746,1.69535
17,-1.34447,0.494592,1.70403
17,-1.34731,0.490988,1.70811
17,-1.34466,0.49008,1.71548
17,-1.31762,0.912889,1.70781
17,-1.37458,0.476492,1.71744
17,-1.35371,0.491216,1.72976
17,-1.24809,1.06462,1.73959
17,-1.30752,0.856082,1.73523
17,-1.3477,0.4589,1.74769
17,-1.31023,0.784825,1.7529
17,-1.31102,0.761558,1.76249
17,-1.26328,1.0852,1.77532
17,-1.312,0.897729,1.80316
17,-1.31354,0.886906,1.80563
17,-1.31305,0.789768,1.81135
17,-0.648448,1.19741,1.9617
17,-0.68708,1.00989,1.97563
17,-1.31755,0.902089,1.837
17,-1.31612,0.911043,1.84144
17,-1.12004,1.24399,1.88721
17,-1.61374,1.2961,1.78611
17,-1.29279,1.30404,1.92852
17,-0.889527,1.21732,2.05882
17,-1.29772,1.21398,1.98218
17,-1.24822,1.25873,1.99612
17,-0.699503,1.27352,2.16585
17,-1.25718,1.2744,2.03495
17,-0.663448,1.0866,2.24694
17,-1.16564,1.24882,2.20918
17,-1.05822,1.22226,2.29917
17,-1.17824,1.28551,2.30081
17,-1.17374,1.2914,2.3122
17,-0.822609,1.15797,2.44896
17,-1.06782,1.2464,2.38808
17,-0.223131,1.16183,2.68096
17,-0.216369,1.15801,2.68384
17,-1.20637,1.08772,2.47009
17,-1.04137,1.22628,2.53519
17,-1.22903,1.24169,2.51149
17,-1.24067,1.08074,2.52624
17,-0.646663,0.96984,2.70173
17,-1.05227,1.0346,2.60604
17,-1.1167,1.01809,2.61268
17,-1.10811,1.02878,2.62598
17,-1.2818,1.03739,2.59725
17,-1.11411,1.07693,2.64634
17,-1.25654,1.07428,2.61156
17,-1.10746,1.06108,2.64869
17,-1.23335,1.03643,2.62516
17,-1.24306,1.10091,2.62273
17,-1.12807,1.18561,2.6486
17,-1.12004,1.18846,2.66408
17,-0.975192,1.10869,2.75513
17,-1.12769,1.18225,2.73967
17,-1.23719,0.986417,2.74493
17,-1.4061,1.07733,2.70384
17,-1.40363,1.10453,2.70365
17,-1.01047,1.08137,2.85474
17,-0.862399,1.06744,2.92379
17,-1.01339,1.0802,2.89939
17,-0.881231,1.07758,2.95817
17,-1.01762,1.09068,2.97559
17,-0.743166,0.755812,3.10568
17,-0.987344,1.18495,3.03583
17,-0.730342,0.756226,3.12225
17,-0.881392,1.13803,3.16935
17,-1.32175,1.06041,3.12388
17,-1.32225,0.982987,3.19904
17,-2.52142,0.035676,3.00543
17,-1.32699,0.915374,3.34833
17,-2.50263,0.0375264,3.10514
17,-1.34943,0.853664,3.38663
17,-1.37201,1.12428,3.38946
17,-1.33925,0.775595,3.43049
17,-1.36761,0.721409,3.60426
17,-1.42713,0.763499,4.22463
17,-3.33242,-0.0308638,3.80262
17,-0.255288,-1.3049,4.65659
17,-1.22406,0.450704,4.40298
17,-0.260879,-1.21577,4.74593
17,-0.362086,-1.36016,4.73055
17,-0.304416,-1.40136,4.76195
17,0.0363277,-1.17893,5.03418
17,0.0540466,-1.22326,5.05546
17,0.0260795,-1.33713,5.05792
17,-1.22748,0.241417,4.73505
17,-1.22993,0.263888,4.73634
17,-1.35592,0.29652,4.73828
17,-0.0189028,-1.53478,5.13549
17,-0.0470613,-1.51564,5.13565
17,0.0635841,-1.3895,5.17889
17,-1.34735,0.225285,4.81952
17,-1.28742,0.173161,4.86007
17,-1.28004,0.40192,4.85784
17,-1.31507,0.427084,4.87245
17,-1.30404,0.426177,4.97745
17,-1.37505,0.409743,5.00061
17,-2.59264,-0.430397,4.86748
17,-2.64812,-0.439833,5.02103
17,-1.46697,-0.435158,5.4842
17,-1.49935,-0.422345,5.51345
17,-1.49956,-0.417173,5.52061
17,-1.6406,-0.896455,5.51233
17,-1.75595,0.191544,6.21383
17,-1.87538,-0.878904,6.66902
17,-1.9429,0.440282,5.68455
16,-1.9429,0.440282,5.68455
17,-2.10137,-0.998387,4.58478
16,-2.10137,-0.998387,4.58478
17,-2.22612,-1.13162,5.04037
16,-2.22612,-1.13162,5.04037
18,-2.17628,0.794208,0.465252
18,-2.32085,0.6138,0.494014
18,-2.08333,0.342625,0.627666
18,-2.25425,0.3651,0.689827
18,-2.25455,0.358924,0.715313
18,-2.3897,0.379771,0.731126
18,-2.09849,0.59427,0.751529
18,-2.27482,0.616333,0.74723
18,-2.37642,0.635518,0.743596
18,-2.10387,0.593159,0.764844
18,-2.26459,0.623716,0.768394
18,-2.26651,0.621195,0.771321
18,-2.11184,0.594468,0.784271
18,-2.40004,0.368014,0.779199
18,-2.12213,0.588,0.791056
18,-2.38189,0.638429,0.778464
18,-2.38025,0.637018,0.785327
18,-2.28017,0.619389,0.794142
18,-2.28959,0.740545,0.805686
18,-2.28709,0.741482,0.809555
18,-2.29042,0.738661,0.811449
18,-1.99167,0.39507,0.842007
18,-2.0091,0.369865,0.848996
18,-1.99069,0.39546,0.852496
18,-2.2723,0.33455,0.879841
18,-2.29271,0.352535,0.899814
18,-2.0122,0.252836,0.921296
18,-2.26586,1.06735,0.878559
18,-2.29434,0.348906,0.915725
18,-2.00959,0.24717,0.945962
18,-1.60059,0.941533,0.965314
18,-2.12153,0.278525,0.966256
18,-2.48233,0.925013,0.92935
18,-2.4778,0.346257,0.962563
18,-2.34679,0.926165,0.952794
18,-2.18001,0.888242,0.963213
18,-2.16947,0.906128,0.966781
18,-2.20141,0.902673,0.966055
18,-2.07178,0.274523,0.99752
18,-2.28623,0.532812,0.980961
18,-2.18445,0.892762,0.975973
18,-2.28856,0.972539,0.970622
18,-1.96096,0.545054,1.00647
18,-1.96167,0.540407,1.00888
18,-1.81318,0.870528,1.00466
18,-2.18652,0.899722,0.985072
18,-2.18747,0.913858,0.986099
18,-1.9581,0.547412,1.01283
18,-2.14422,0.90626,0.99027
18,-1.95841,0.539406,1.01389
18,-1.97482,0.579437,1.01397
18,-2.29265,0.928047,0.985102
18,-2.29557,0.891274,0.986778
18,-2.18914,0.908706,0.991978
18,-1.91318,1.04075,1.00205
18,-1.97806,0.577921,1.02203
18,-2.14739,0.895812,1.00365
18,-1.97608,0.515025,1.03422
18,-2.11996,0.267286,1.03769
18,-2.30213,0.899233,1.00663
18,-2.20962,0.921316,1.01144
18,-2.32296,0.938513,1.00516
18,-2.10881,0.912354,1.02838
18,-2.33327,0.901152,1.02128
18,-2.00922,0.815744,1.04203
18,-2.20916,0.920669,1.02843
18,-1.9497,0.569073,1.05845
18,-2.12243,0.921945,1.03661
18,-2.32812,0.949838,1.03253
18,-1.9981,0.580539,1.06949
18,-2.01478,0.822104,1.06073
18,-2.01583,0.816532,1.0622
18,-2.36551,0.908416,1.04871
18,-1.85776,0.83954,1.08151
18,-2.35538,0.941605,1.05679
18,-2.01811,0.819151,1.08349
18,-2.15789,0.261136,1.10703
18,-2.01288,0.846879,1.09854
18,-2.0097,0.847288,1.10415
18,-2.34532,0.9207,1.08809
18,-2.36911,0.914926,1.09581
18,-2.15584,1.12848,1.09982
18,-2.53361,0.32184,1.11363
18,-1.89765,1.09311,1.11982
18,-1.24616,0.807472,1.17693
18,-2.01983,0.856268,1.13875
18,-2.25124,1.15324,1.11814
18,-2.32501,0.930431,1.15011
18,-1.88582,1.16806,1.18576
18,-1.48168,0.609048,1.24735
18,-1.20219,0.888215,1.25996
18,-2.16744,1.16597,1.20604
18,-2.0969,0.926692,1.22684
18,-1.3345,0.434003,1.32201
18,-1.816,1.03438,1.28802
18,-2.26143,1.20536,1.27058
18,-2.30416,0.954119,1.28716
18,-1.81568,1.23852,1.32735
18,-2.30392,0.967351,1.32034
18,-1.79768,1.2728,1.34467
18,-1.75795,1.26021,1.3598
18,-1.2046,1.07785,1.40272
18,-2.27436,1.25667,1.39996
18,-1.64665,1.16062,1.47592
18,-1.62772,1.17059,1.50046
18,-1.77172,1.11138,1.5115
18,-1.75934,1.22639,1.52525
18,-1.75811,1.23027,1.53039
18,-1.2892,0.736341,1.60157
18,-1.72088,1.22458,1.57471
18,-1.72084,1.21678,1.57635
18,-1.22737,1.17406,1.60543
18,-1.70846,1.23392,1.60825
18,-2.06605,1.20353,1.63811
18,-1.23193,0.740862,1.75887
18,-1.34923,1.15718,1.74393
18,-1.00335,0.837207,1.95094
18,-1.51301,0.909201,1.92925
18,-1.43081,1.06142,1.93212
18,-1.63579,0.860203,2.0173
18,-1.60457,0.933132,2.0418
18,-1.59282,1.0182,2.0797
18,-1.59813,0.979301,2.09437
18,-1.61316,1.0228,2.09509
18,-1.59879,0.941001,2.10013
18,-1.59123,1.02057,2.10566
18,-1.64009,0.993943,2.10699
18,-1.41686,1.15632,2.12181
18,-1.60157,0.999194,2.13808
18,-1.60287,1.0285,2.14732
18,-1.6381,1.001,2.1615
18,-1.45443,0.969101,2.17571
18,-1.58207,1.06614,2.1821
18,-1.63054,0.993497,2.18341
18,-1.61315,1.00237,2.19365
18,-1.60928,0.99819,2.20269
18,-1.61804,0.964981,2.2105
18,-1.64284,0.990005,2.28529
18,-1.55028,1.1029,2.31874
18,-1.56431,0.893034,2.34099
18,-1.59604,0.960239,2.34852
18,-1.64172,1.00952,2.36816
18,-1.54375,1.10617,2.37435
18,-1.6339,1.01324,2.39652
18,-1.56871,0.912041,2.46017
18,-1.33081,1.14817,2.68405
18,-1.52895,0.960559,2.76469
18,-1.30119,1.17976,2.81453
18,-1.60991,1.05082,2.98383
18,-1.23661,0.211078,3.36754
18,-1.55976,1.10648,3.37675
18,-1.37813,0.849049,3.50768
18,-1.36115,0.949743,3.62107
18,-1.23043,0.392394,3.74412
18,-1.18109,1.66332,3.79949
18,-1.19499,0.394884,3.98294
18,-1.23775,0.183762,4.27931
18,-1.18056,0.0740648,4.36168
18,-1.25548,0.917462,4.38231
18,-1.22211,-0.0849749,4.78989
18,-1.20598,-0.00670606,4.90388
18,-1.22858,-0.107959,5.07233
18,-1.15814,-0.00954157,5.41502
18,-0.878275,-0.946539,6.82417
18,-1.39499,1.03019,2.53669
17,-1.39499,1.03019,2.53669
18,-1.1802,0.0401011,3.77496
17,-1.1802,0.0401011,3.77496
18,-1.13297,0.0245771,4.00715
17,-1.13297,0.0245771,4.00715
18,-2.28101,0.787474,1.17773
17,-2.28101,0.787474,1.17773
18,-2.15737,1.10959,1.27103
17,-2.15737,1.10959,1.27103
18,-2.34555,0.796619,1.1978
17,-2.34555,0.796619,1.1978
18,-2.15882,1.11976,1.29332
17,-2.15882,1.11976,1.29332
18,-1.4572,1.05038,2.1795
17,-1.4572,1.05038,2.1795
18,-2.28278,0.744061,0.968251
17,-2.28278,0.744061,0.968251
19,-2.78504,0.719257,0.224766
19,-2.55405,0.404188,0.630585
19,-2.91934,0.485175,0.731491
19,-2.74889,0.942761,0.784931
19,-2.40781,0.627913,0.778497
19,-2.8342,0.922608,0.871963
19,-2.57247,0.570886,0.871882
19,-2.36711,0.749736,0.829209
19,-2.81571,0.861796,0.896778
19,-2.74616,0.322449,0.923133
19,-2.36579,0.784736,0.843929
19,-2.71889,0.616638,0.913625
19,-2.82666,0.645505,0.928624
19,-2.38882,0.704753,0.866886
19,-2.38933,0.723086,0.866493
19,-2.88408,0.902137,0.93154
19,-2.7122,0.619763,0.924472
19,-2.73281,0.318505,0.946812
19,-2.56834,0.568485,0.935411
19,-2.87445,0.918693,0.974974
19,-2.28249,0.815517,0.894762
19,-2.56485,0.567328,0.961946
19,-2.70568,0.329479,1.02002
19,-2.95011,0.475148,1.05028
19,-2.72133,0.328293,1.03851
19,-2.72143,0.297532,1.04707
19,-2.94779,0.678323,1.10531
19,-2.89351,0.362569,1.11732
19,-2.92368,0.679921,1.11201
19,-2.95206,0.672792,1.12185
19,-2.75049,0.682796,1.10464
19,-2.74923,0.683507,1.10565
19,-2.91908,0.684215,1.13303
19,-2.70423,0.90427,1.08841
19,-2.67729,0.883528,1.0919
19,-2.67956,0.887904,1.09517
19,-2.74788,0.682719,1.12166
19,-2.94651,0.686859,1.15632
19,-2.70396,0.920688,1.1058
19,-2.55058,0.89255,1.08495
19,-2.52965,0.863583,1.08536
19,-2.54944,0.888124,1.08771
19,-2.43114,0.655142,1.09006
19,-2.6953,0.911918,1.12541
19,-2.69701,0.922629,1.12649
19,-2.67252,0.889555,1.12682
19,-2.65598,0.918856,1.12271
19,-2.53212,0.884072,1.10671
19,-2.56481,0.889009,1.11174
19,-2.3324,0.526768,1.10015
19,-2.62901,0.907236,1.1278
19,-2.63088,0.910853,1.12821
19,-2.20274,0.871775,1.06705
19,-2.57336,0.911267,1.1291
19,-2.46389,0.880684,1.12159
19,-2.63064,0.937171,1.14956
19,-2.67621,0.914668,1.16323
19,-2.51769,0.906356,1.14076
19,-2.70388,0.921965,1.17331
19,-2.78565,0.793384,1.19786
19,-2.51741,0.898096,1.15513
19,-2.6105,0.908978,1.17384
19,-2.60876,0.910299,1.18412
19,-2.67681,0.953707,1.19586
19,-2.44594,0.872519,1.1667
19,-2.63222,0.932609,1.19343
19,-2.95582,0.583769,1.27323
19,-2.74705,0.28489,1.26267
19,-2.94839,0.592346,1.28339
19,-2.23986,1.07742,1.15391
19,-2.69649,0.981985,1.26275
19,-2.75591,1.03483,1.26987
19,-2.80204,1.03463,1.28188
19,-2.70657,0.936578,1.27892
19,-2.73549,0.810573,1.29858
19,-2.69802,0.987905,1.2818
19,-2.7021,0.957625,1.2881
19,-2.68839,1.10753,1.27726
19,-2.33884,0.825473,1.25006
19,-2.52414,1.00001,1.28541
19,-2.25083,1.16857,1.24207
19,-2.7295,0.814817,1.3388
19,-2.73369,0.799697,1.34211
19,-2.03967,1.05392,1.23072
19,-2.1977,1.09008,1.25311
19,-2.67594,1.13699,1.37572
19,-2.46916,0.170105,1.44087
19,-2.6888,0.972314,1.445
19,-2.45208,0.160053,1.47208
19,-2.71672,0.832711,1.4718
19,-2.56607,1.0099,1.49124
19,-2.5766,0.996634,1.52612
19,-2.67652,1.05074,1.62817
19,-1.66587,0.731737,1.49632
19,-3.01675,0.470193,1.81515
19,-2.45816,1.03166,1.73583
19,-1.51497,0.682543,1.66614
19,-2.77039,1.68061,1.89479
19,-3.02322,0.445865,2.02603
19,-2.56785,-0.129594,2.18303
19,-1.74527,0.850404,2.11365
19,-1.77718,0.86097,2.1223
19,-2.28851,1.29846,2.75548
19,-3.50027,-0.0549803,3.70621
19,-0.891049,0.0244749,4.10445
19,-2.72554,1.93152,4.27141
19,-3.1033,2.3932,4.74875
19,-2.3745,1.86197,4.80105
19,-2.71486,0.515964,0.887011
18,-2.71486,0.515964,0.887011
19,-2.71399,0.51626,0.896034
18,-2.71399,0.51626,0.896034
19,-2.71469,0.514765,0.910636
18,-2.71469,0.514765,0.910636
19,-2.58044,0.91161,1.19274
18,-2.58044,0.91161,1.19274
19,-2.41898,0.956015,1.35751
18,-2.41898,0.956015,1.35751
19,-2.478,0.887433,1.10377
18,-2.478,0.887433,1.10377
19,-2.37239,1.01145,1.58213
18,-2.37239,1.01145,1.58213
19,-2.76456,0.657508,1.01646
18,-2.76456,0.657508,1.01646
19,-2.4919,0.87121,1.05411
18,-2.4919,0.87121,1.05411
19,-2.42602,0.948094,1.34025
18,-2.42602,0.948094,1.34025
19,-1.96346,0.956703,1.48789
18,-1.96346,0.956703,1.48789
19,-2.0949,0.804794,1.48776
18,-2.0949,0.804794,1.48776
19,-2.66214,0.734705,1.0049
18,-2.66214,0.734705,1.0049
19,-2.74718,0.433563,0.933206
18,-2.74718,0.433563,0.933206
19,-2.78859,0.796141,1.18091
18,-2.78859,0.796141,1.18091
19,-2.71449,0.51541,0.901925
18,-2.71449,0.51541,0.901925
19,-2.82248,1.09899,1.18829
18,-2.82248,1.09899,1.18829
19,-2.82152,1.10821,1.20923
18,-2.82152,1.10821,1.20923
19,-2.79361,0.788104,1.1272
18,-2.79361,0.788104,1.1272
19,-2.71318,0.745298,1.00531
18,-2.71318,0.745298,1.00531
19,-2.74902,0.68396,1.12736
18,-2.74902,0.68396,1.12736
19,-1.49769,-0.963137,3.58446
18,-1.49769,-0.963137,3.58446
19,-2.79372,0.778933,1.07844
18,-2.79372,0.778933,1.07844
19,-2.7185,0.731726,0.931018
18,-2.7185,0.731726,0.931018
19,-2.44029,0.954486,1.20708
17,-2.44029,0.954486,1.20708
19,-2.63905,0.756984,1.1513
17,-2.63905,0.756984,1.1513
20,-3.39902,1.79589,1.13139
20,-3.39424,1.79033,1.13762
20,-3.43246,1.76646,1.22748
20,-3.30154,1.97738,1.36837
20,-3.27205,1.50206,1.56057
20,-3.09953,1.45079,1.52804
20,-3.37257,1.58246,1.70949
20,-3.35662,1.57995,1.74746
20,-3.21109,1.89794,1.83323
20,-3.06471,1.42951,1.57404
20,-3.35723,1.55169,1.76152
20,-3.39618,1.69786,1.84055
20,-3.16281,1.78933,1.7851
20,-3.06519,1.40258,1.58265
20,-3.20555,1.89649,1.88428
20,-3.31044,1.46152,1.74735
20,-3.14235,1.66719,1.77906
20,-3.19456,1.42139,1.70079
20,-3.21672,1.39808,1.72126
20,-3.13254,1.66074,1.79855
20,-3.1785,1.88036,1.91332
20,-2.81483,1.75996,1.74653
20,-2.97697,1.60696,1.75385
20,-2.79834,1.77686,1.75188
20,-3.20642,1.37881,1.75354
20,-3.12199,1.75155,1.89754
20,-2.79534,1.74779,1.77357
20,-3.15413,1.33671,1.77394
20,-3.15447,1.35079,1.79429
20,-3.34592,1.46997,1.9309
20,-3.00044,2.03202,2.03621
20,-3.34205,1.45964,1.94231
20,-3.12684,1.323,1.83147
20,-3.12956,1.33282,1.85268
20,-3.27133,1.35533,1.92718
20,-3.15787,1.31018,1.86584
20,-2.86333,1.5771,1.85689
20,-3.1462,1.33589,1.88113
20,-3.10201,1.64107,2.01062
20,-3.13772,1.32624,1.89269
20,-3.10147,1.63889,2.01684
20,-3.0891,1.63002,2.00838
20,-3.0974,1.63629,2.01619
20,-3.26335,1.31734,1.98109
20,-3.11934,1.99399,2.22143
20,-2.98669,1.84515,2.10321
20,-3.29971,1.51793,2.0966
20,-2.89088,1.82368,2.0587
20,-2.8694,1.79794,2.03971
20,-2.89227,1.81808,2.059
20,-2.74861,1.71386,1.95567
20,-2.83184,1.79231,2.02873
20,-3.03764,1.44824,1.96866
20,-3.0593,1.69544,2.08578
20,-3.00057,1.85879,2.13339
20,-2.78181,1.57499,1.92018
20,-2.9591,1.83981,2.10864
20,-2.93662,1.81473,2.09026
20,-2.58422,1.81348,1.94751
20,-2.96566,1.83631,2.11877
20,-2.77881,1.55747,1.92796
20,-3.28988,1.42753,2.09364
20,-2.95291,1.81768,2.1201
20,-2.76897,1.57179,1.9393
20,-3.29661,1.42131,2.10393
20,-2.71463,1.4968,1.89701
20,-2.95267,1.80656,2.1361
20,-3.08235,1.87102,2.22225
20,-3.01207,1.8482,2.18376
20,-2.73263,1.48637,1.91464
20,-2.74144,1.46429,1.90901
20,-2.73059,1.48272,1.92694
20,-2.7808,1.49474,1.95905
20,-3.08554,1.26433,1.99533
20,-2.6956,1.68514,2.03565
20,-3.0819,1.8677,2.28358
20,-3.30805,1.37337,2.16828
20,-2.55046,1.71123,2.02122
20,-2.88561,1.13119,1.92487
20,-3.02638,1.68223,2.22192
20,-3.28666,1.37226,2.19949
20,-3.06256,1.9771,2.3931
20,-2.49503,1.9076,2.16211
20,-3.30777,1.28918,2.25947
20,-2.32946,1.89395,2.14626
20,-3.2091,1.16392,2.26032
20,-2.53195,1.6486,2.27024
20,-2.74478,0.963641,2.12004
20,-3.30619,1.18096,2.45885
20,-1.93065,1.76764,2.25565
20,-2.8842,1.56729,2.58138
20,-2.85579,1.74487,2.64831
20,-2.87051,1.73264,2.65122
20,-2.80919,1.71925,2.7885
20,-2.53757,1.66917,2.69173
20,-2.52602,1.69002,2.70223
20,-3.03523,2.02429,3.61815
20,-1.40122,1.05307,2.57944
20,-2.49611,0.165586,3.31
20,-1.5153,1.16512,5.36531
20,-0.966075,-1.37956,5.09503
20,0.125118,-0.950689,5.07452
20,1.59007,0.695767,5.25353
20,-3.04713,1.46225,1.94712
18,-3.04713,1.46225,1.94712
20,-3.26743,1.31785,1.97569
18,-3.26743,1.31785,1.97569
20,-2.8087,1.58576,1.88679
18,-2.8087,1.58576,1.88679
20,-2.72791,1.78408,2.18909
18,-2.72791,1.78408,2.18909
20,-2.69478,1.77204,2.27038
18,-2.69478,1.77204,2.27038
20,-2.83235,1.81918,2.1075
18,-2.83235,1.81918,2.1075
20,-2.48097,1.91491,2.17975
18,-2.48097,1.91491,2.17975
20,-2.76636,1.92442,2.19205
18,-2.76636,1.92442,2.19205
20,-2.83235,1.81918,2.1075
18,-2.83235,1.81918,2.1075
20,-1.45901,-0.53492,2.43115
18,-1.45901,-0.53492,2.43115
20,-2.61409,-0.861016,3.63583
17,-2.61409,-0.861016,3.63583
21,-3.79582,2.13939,0.660262
21,-3.70419,2.09422,0.936617
21,-3.48103,2.00592,1.31549
21,-3.58674,1.57699,1.43064
21,-3.51337,1.86331,1.69954
21,-3.54791,1.5179,1.54472
21,-3.46488,1.88796,1.71073
21,-3.36072,1.64126,1.64087
21,-3.52988,1.42282,1.66625
21,-3.02449,1.96689,1.73857
21,-3.5365,1.81723,1.92276
21,-3.30803,1.35611,1.59839
21,-3.54108,1.56796,1.82229
21,-3.3597,1.62232,1.80282
21,-3.27642,1.32921,1.61722
21,-3.43189,1.28483,1.67262
21,-3.29185,1.33551,1.63538
21,-3.57568,1.52522,1.88854
21,-3.25038,1.84358,1.89937
21,-3.52133,1.44048,1.82886
21,-2.98087,1.79898,1.76052
21,-3.5134,1.4431,1.83649
21,-3.24438,1.46681,1.72415
21,-2.97542,1.80297,1.77517
21,-3.42086,1.25224,1.70841
21,-3.22644,1.83887,1.91612
21,-3.51082,1.44247,1.84963
21,-3.22787,1.85173,1.93253
21,-3.28155,1.83156,1.94983
21,-3.07997,1.27416,1.57223
21,-3.18709,1.85425,1.92015
21,-3.25425,1.81343,1.93371
21,-3.25282,1.81116,1.94201
21,-3.1326,1.82156,1.89326
21,-2.96572,1.78737,1.79804
21,-3.01709,1.28761,1.56871
21,-3.02411,1.77053,1.81889
21,-3.37639,1.78656,1.99524
21,-2.95218,1.79217,1.79883
21,-3.12003,1.82729,1.8971
21,-3.25656,1.80599,1.96154
21,-3.34527,1.80924,2.01125
21,-3.05243,1.24575,1.59869
21,-3.41442,1.21385,1.75926
21,-2.9479,1.58332,1.73808
21,-2.92431,1.82134,1.85328
21,-3.33254,1.76626,2.02304
21,-3.38768,1.20962,1.76647
21,-2.94812,1.54189,1.73198
21,-3.15883,2.00571,2.06931
21,-2.89578,1.58031,1.76568
21,-2.89588,1.80142,1.89661
21,-3.13638,1.99527,2.1175
21,-2.90192,1.5731,1.80743
21,-2.8591,1.55572,1.80284
21,-2.85755,1.79316,1.94591
21,-2.85205,1.54373,1.81842
21,-2.42915,1.33128,1.52387
21,-3.45591,1.23363,1.96201
21,-2.46138,1.31079,1.54397
21,-3.17928,1.98184,2.23101
21,-3.14802,1.61133,2.06596
21,-2.37296,1.42202,1.60602
21,-2.72677,1.95972,2.07087
21,-3.48924,1.87781,2.5493
21,-3.57642,1.4862,2.44192
21,-2.56617,2.00483,2.27298
21,-2.86212,1.87655,2.35834
21,-2.47744,2.01588,2.36068
21,-2.59152,1.69063,2.26751
21,-2.55285,1.70473,2.31452
21,-2.9525,1.68513,2.49928
21,-3.12863,1.43344,2.52454
21,-1.97567,2.03464,2.32022
21,-2.34276,1.99771,2.5003
21,-1.95813,2.0152,2.34114
21,-2.29677,1.98765,2.62641
21,-2.16641,1.80657,2.57359
21,-2.05643,1.78148,2.68806
21,-3.58747,1.19348,3.18081
21,-1.55947,1.17272,2.42046
21,-2.98217,1.67517,3.38917
21,-1.37615,1.60542,2.65107
21,-1.94695,1.5587,2.90207
21,-1.46771,1.32997,2.70971
21,-1.17648,1.00683,2.66693
21,-1.50655,1.53819,3.19075
21,-0.448824,0.549988,3.36195
21,-0.153335,-1.04776,2.78832
21,0.055573,1.04611,4.58444
21,-1.86233,-1.43043,4.34677
21,-0.508284,-2.65381,3.93915
21,-3.43086,1.85274,1.8567
19,-3.43086,1.85274,1.8567
21,-3.5652,1.43626,1.65544
19,-3.5652,1.43626,1.65544
21,-3.46832,1.81746,2.15351
19,-3.46832,1.81746,2.15351
21,-3.50091,1.7754,2.06492
19,-3.50091,1.7754,2.06492
21,-2.82227,2.00695,2.14595
19,-2.82227,2.00695,2.14595
21,-1.79045,1.77302,2.65564
19,-1.79045,1.77302,2.65564
21,-3.47344,1.82601,2.13294
18,-3.47344,1.82601,2.13294
21,-3.13239,1.8214,1.96254
18,-3.13239,1.8214,1.96254
21,-3.35151,1.59993,1.8228
18,-3.35151,1.59993,1.8228
21,3.99491,-4.87475,5.48483
17,3.99491,-4.87475,5.48483
22,-4.13923,2.08546,1.32934
22,-4.00401,1.92471,1.65973
22,-3.94278,1.54612,1.62853
22,-3.84298,1.79648,1.71877
22,-3.73112,1.92651,1.72459
22,-3.90153,1.8536,1.86434
22,-3.87808,1.88794,1.87046
22,-3.85064,1.66037,1.74878
22,-3.95733,1.84195,1.93636
22,-3.83671,1.63178,1.78563
22,-3.72419,1.65044,1.74577
22,-3.28057,2.26262,1.76451
22,-3.82562,1.60569,1.81764
22,-3.86208,1.39181,1.79279
22,-3.23231,2.27084,1.82627
22,-3.85788,1.35752,1.80455
22,-3.74401,1.99392,2.07355
22,-3.87778,1.52423,1.95953
22,-3.42011,1.88393,1.82752
22,-3.84849,1.53648,1.96393
22,-3.40731,1.86857,1.83546
22,-3.72288,1.58787,1.9135
22,-3.86533,1.51749,1.97922
22,-3.70118,1.59842,1.91943
22,-3.69773,1.56917,1.91198
22,-3.39406,1.84548,1.84453
22,-3.69632,1.56973,1.92474
22,-3.40381,2.0387,1.97003
22,-3.67875,1.86257,2.08083
22,-3.58483,1.99437,2.08987
22,-3.56573,1.83698,1.99913
22,-3.51842,1.96412,2.03081
22,-3.6062,1.80867,2.01296
22,-3.6642,1.8592,2.08261
22,-3.56467,1.8137,1.99327
22,-3.55672,1.83136,2.00297
22,-3.53042,1.8135,1.97986
22,-3.5544,1.83489,2.00783
22,-3.56243,1.82818,2.02278
22,-3.5786,1.82541,2.03276
22,-3.64506,1.80428,2.06795
22,-3.68609,1.7893,2.08998
22,-3.64302,1.81441,2.07539
22,-3.74673,1.7803,2.13017
22,-3.54451,1.84895,2.02809
22,-3.65168,1.79956,2.07694
22,-3.65318,1.77244,2.06635
22,-3.56077,1.82587,2.0319
22,-3.63012,1.80591,2.06958
22,-3.65802,1.84975,2.11064
22,-3.67874,1.77235,2.08622
22,-3.55872,1.82016,2.03275
22,-3.57092,1.81562,2.03889
22,-3.5379,1.84994,2.03458
22,-3.75215,1.78607,2.14934
22,-3.5272,1.83104,2.01871
22,-3.52547,1.82551,2.01901
22,-3.61805,1.8128,2.08039
22,-3.59394,1.78585,2.05163
22,-3.73652,1.78171,2.14682
22,-3.79178,1.27984,1.93383
22,-3.51683,1.83395,2.02572
22,-3.66028,1.79214,2.10575
22,-3.66289,1.83931,2.14076
22,-3.5938,1.80768,2.08003
22,-3.70336,1.78311,2.14375
22,-3.7778,1.29194,1.95053
22,-3.58803,1.77914,2.06818
22,-3.48689,1.94428,2.08523
22,-3.62892,1.88935,2.15602
22,-2.98628,1.50814,1.53161
22,-3.68049,1.78253,2.14281
22,-3.68729,1.73676,2.13439
22,-3.53097,1.93411,2.12994
22,-3.59359,1.89625,2.15602
22,-3.59335,1.91751,2.17518
22,-3.79115,1.23973,1.97481
22,-3.51891,1.97887,2.16024
22,-3.6707,1.74826,2.14835
22,-3.34019,1.75835,1.95591
22,-3.65205,1.76694,2.18513
22,-3.74927,1.77408,2.25585
22,-3.64876,1.75289,2.186
22,-3.32423,1.56345,1.87049
22,-3.43958,1.92999,2.14087
22,-3.27019,1.55498,1.84668
22,-3.52048,1.8954,2.19801
22,-3.36637,1.50144,1.89841
22,-3.25249,1.81534,2.00341
22,-3.0325,2.08933,1.99087
22,-3.24103,1.54648,1.87454
22,-3.19941,1.57532,1.86291
22,-3.7481,1.19944,2.05573
22,-3.26055,2.02649,2.13869
22,-3.45008,1.96211,2.24401
22,-2.74497,1.37787,1.5268
22,-3.13565,1.33219,1.77788
22,-3.22227,2.02435,2.19075
22,-3.2222,2.05357,2.20813
22,-3.82892,1.35371,2.29003
22,-3.57519,1.53648,2.20974
22,-3.21172,2.08322,2.24344
22,-3.2096,2.15229,2.29055
22,-3.09254,1.28489,1.78976
22,-3.20039,2.1603,2.30497
22,-3.16504,2.15121,2.27857
22,-3.19764,2.23545,2.35897
22,-3.21414,2.16455,2.33956
22,-3.43246,1.8766,2.34528
22,-3.17985,2.08272,2.27808
22,-3.19993,2.24123,2.37184
22,-3.14009,2.12327,2.27982
22,-3.12044,1.94658,2.17978
22,-3.45343,1.82271,2.41227
22,-3.07822,2.15141,2.32944
22,-3.22607,1.88377,2.33086
22,-3.29296,1.85623,2.38568
22,-3.49099,1.48092,2.36362
22,-3.03193,1.43515,2.03326
22,-3.01807,1.42925,2.04128
22,-3.39146,1.90065,2.53965
22,-3.4941,1.65515,2.48779
22,-2.92376,2.14372,2.34592
22,-2.50959,2.18707,2.09418
22,-3.47893,1.6282,2.49304
22,-2.5543,2.21814,2.16835
22,-3.34404,1.72954,2.48419
22,-3.34995,1.63286,2.44138
22,-2.83775,2.14232,2.39994
22,-2.76513,2.26263,2.48943
22,-2.40888,1.40121,1.8362
22,-2.69038,2.26862,2.51709
22,-3.22336,1.78337,2.64926
22,-3.43313,1.61691,2.73248
22,-3.6039,2.05079,3.06797
22,-3.19981,1.61697,2.57936
22,-2.64043,2.26225,2.60514
22,-3.59618,1.72361,3.13336
22,-3.60068,1.71199,3.1501
22,-3.40797,1.48452,2.91446
22,-3.52619,1.95576,3.24069
22,-3.5862,1.45377,3.03989
22,-2.52996,1.86558,2.5348
22,-2.3107,1.61947,2.27306
22,-2.56135,1.90377,2.68471
22,-3.42275,1.91964,3.49324
22,-1.9478,1.70989,2.43951
22,-2.3236,1.85581,2.77167
22,-3.25557,1.37972,3.23052
22,-1.82153,1.74946,2.50045
22,-2.2328,1.79438,2.81743
22,-1.50926,1.078,2.46138
22,-2.67497,1.31518,3.39105
22,-1.17946,1.43872,3.87637
22,-2.4506,0.670462,5.09331
22,-0.649171,1.29541,4.36648
22,0.405428,-1.08346,2.52715
22,0.463766,-0.907201,2.60421
22,0.437895,-1.1214,2.64888
22,2.81287,0.387592,6.5866
22,-3.69129,1.76603,2.17375
21,-3.69129,1.76603,2.17375
22,-3.59647,1.79165,2.12207
21,-3.59647,1.79165,2.12207
22,-3.59716,1.60798,2.09791
21,-3.59716,1.60798,2.09791
22,-3.6558,1.64581,2.00565
21,-3.6558,1.64581,2.00565
22,-3.05595,1.68466,2.14609
21,-3.05595,1.68466,2.14609
22,-3.4654,1.81543,2.01532
21,-3.4654,1.81543,2.01532
22,-2.65537,1.58518,2.5688
21,-2.65537,1.58518,2.5688
22,-3.67424,1.72761,2.19813
21,-3.67424,1.72761,2.19813
22,-3.60655,1.67609,1.95155
21,-3.60655,1.67609,1.95155
22,-3.81021,1.70996,2.24802
21,-3.81021,1.70996,2.24802
22,-3.80462,1.70606,2.26101
21,-3.80462,1.70606,2.26101
22,-3.56188,1.83178,2.16737
21,-3.56188,1.83178,2.16737
22,-3.69864,1.60446,3.40817
21,-3.69864,1.60446,3.40817
22,-1.92775,1.57798,3.02569
21,-1.92775,1.57798,3.02569
22,-3.47504,1.83396,2.03424
20,-3.47504,1.83396,2.03424
22,-3.49887,1.8337,2.02497
20,-3.49887,1.8337,2.02497
22,-3.47149,1.83296,2.03923
20,-3.47149,1.83296,2.03923
22,-3.53458,1.85955,1.9436
20,-3.53458,1.85955,1.9436
22,-3.48867,1.82851,2.04154
20,-3.48867,1.82851,2.04154
22,-3.75301,1.74779,2.09749
20,-3.75301,1.74779,2.09749
22,-3.40512,1.93329,2.11606
20,-3.40512,1.93329,2.11606
22,-3.44427,1.9362,2.06701
20,-3.44427,1.9362,2.06701
22,-3.63896,1.67431,1.94866
20,-3.63896,1.67431,1.94866
22,-3.47878,1.87584,2.02333
20,-3.47878,1.87584,2.02333
22,-3.52022,1.92579,2.11374
20,-3.52022,1.92579,2.11374
22,-3.61698,1.88594,2.22325
20,-3.61698,1.88594,2.22325
22,-2.25429,1.82903,2.84296
20,-2.25429,1.82903,2.84296
22,-3.4503,1.86964,2.05135
19,-3.4503,1.86964,2.05135
22,-3.51318,1.85502,1.9421
19,-3.51318,1.85502,1.9421
22,-3.56483,1.84035,2.09883
19,-3.56483,1.84035,2.09883
22,-3.69249,1.77482,2.16561
19,-3.69249,1.77482,2.16561
22,-3.39499,1.91169,2.14281
19,-3.39499,1.91169,2.14281
22,-3.34177,1.88558,2.23573
19,-3.34177,1.88558,2.23573
22,-3.70004,1.58925,1.92249
19,-3.70004,1.58925,1.92249
22,-3.56123,2.05828,2.37041
19,-3.56123,2.05828,2.37041
22,-3.71489,1.86107,2.28759
18,-3.71489,1.86107,2.28759
23,-4.50785,2.40084,2.13292
23,-3.7844,2.32552,2.47287
23,-3.74609,2.07075,2.609
23,-3.78733,2.01572,2.66577
23,-3.86689,1.96042,2.72919
23,-3.79736,2.00587,2.69696
23,-3.40769,2.2406,2.50267
23,-3.74733,1.97594,2.71986
23,-3.75814,1.77692,2.55273
23,-3.72306,2.0875,2.84436
23,-3.72313,2.08203,2.84994
23,-3.79281,1.8951,2.80888
23,-3.62837,2.00277,2.69897
23,-3.74318,1.80074,2.71854
23,-3.78025,1.96146,2.96646
23,-3.75202,1.57074,2.80717
23,-3.74703,1.54048,2.83287
23,-3.75065,1.52554,2.84193
23,-3.28533,2.07333,2.77261
23,-3.56991,1.80284,2.89526
23,-3.45679,1.86145,2.80926
23,-3.43017,1.8699,2.7845
23,-3.55183,1.90427,3.02277
23,-3.4805,1.81766,2.84664
23,-3.44875,1.84956,2.84021
23,-3.69747,1.50578,2.85453
23,-2.99968,2.37678,2.82146
23,-3.0402,1.658,2.18965
23,-3.52321,1.74691,2.9512
23,-3.34585,1.9937,2.98264
23,-3.49419,1.8656,3.08144
23,-3.30236,1.62123,2.59525
23,-3.33385,1.96814,2.98042
23,-3.45194,1.43553,2.62306
23,-3.27956,1.61231,2.56968
23,-3.48623,1.75563,2.99046
23,-3.48012,1.7568,2.99548
23,-3.27294,1.59317,2.56589
23,-3.27115,1.59029,2.56588
23,-3.21999,1.61916,2.5297
23,-3.43809,1.42318,2.63818
23,-3.4794,1.72375,2.98637
23,-3.71284,1.4054,3.0266
23,-3.20591,1.58319,2.5335
23,-3.20477,1.56141,2.51535
23,-2.84193,1.6009,2.10724
23,-3.06822,2.06374,2.90173
23,-3.28318,1.79169,2.95924
23,-3.65916,1.34506,3.08473
23,-3.03259,1.99937,2.9251
23,-3.40532,1.53349,2.96534
23,-2.97021,2.12869,2.9815
23,-3.57608,1.26972,2.97395
23,-2.99195,2.0988,3.01794
23,-3.00568,2.07764,3.034
23,-2.99358,2.01511,2.965
23,-2.73072,2.33885,2.95422
23,-2.96772,2.05061,3.00893
23,-2.5852,2.15817,2.61233
23,-2.91168,2.1151,3.01528
23,-2.97665,1.96837,2.97943
23,-3.19879,1.86773,3.19542
23,-2.88542,2.11183,3.02034
23,-3.22216,1.77034,3.14065
23,-3.12924,1.81753,3.07787
23,-3.16466,1.73429,3.19232
23,-3.03782,1.78207,3.10544
23,-3.43234,1.71745,3.68584
23,-3.25623,1.51087,3.36124
23,-3.46126,1.12697,3.2727
23,-3.24641,1.49493,3.36753
23,-3.00714,1.77914,3.33774
23,-3.35118,1.67549,3.7714
23,-2.96301,1.51761,3.17646
23,-2.38756,2.26053,3.17455
23,-2.9461,1.52714,3.19794
23,-2.5864,1.16126,2.63351
23,-3.30621,0.867457,3.31721
23,-2.82832,1.5526,3.45263
23,-2.75032,1.46597,3.36076
23,-3.30476,0.827407,3.59027
23,-2.44497,1.03575,2.68891
23,-2.70198,1.617,3.59589
23,-1.89637,1.72935,2.66433
23,-1.91025,1.70379,2.71643
23,-2.22987,1.75258,3.21259
23,-3.20322,1.32527,4.4011
23,-2.63913,1.65779,4.45204
23,-2.51797,1.05555,3.85673
23,-3.33956,-0.447071,4.02544
23,-1.83438,0.98824,3.64899
23,-1.15687,0.833272,2.60913
23,-2.42894,-0.183475,3.90722
23,-2.91674,-0.370723,4.78903
23,-0.444422,-0.599638,2.03587
23,-0.282418,0.374855,2.84783
23,-0.316636,-0.711718,2.0086
23,-0.841691,-0.109681,5.19904
23,-0.677127,-0.251883,5.38175
23,0.171853,-0.499556,5.5987
23,-3.40499,2.0046,2.78224
22,-3.40499,2.0046,2.78224
23,-3.40417,1.85939,2.8055
22,-3.40417,1.85939,2.8055
23,-3.40417,1.85939,2.8055
22,-3.40417,1.85939,2.8055
23,-3.34798,1.85517,2.79275
22,-3.34798,1.85517,2.79275
23,-3.36692,1.81417,2.98746
22,-3.36692,1.81417,2.98746
23,-3.54083,1.84084,3.14657
22,-3.54083,1.84084,3.14657
23,-3.62492,1.67357,2.85696
22,-3.62492,1.67357,2.85696
23,-3.41452,1.98934,2.81447
22,-3.41452,1.98934,2.81447
23,-3.30094,0.891481,3.59002
22,-3.30094,0.891481,3.59002
23,-3.82138,1.50898,2.9596
22,-3.82138,1.50898,2.9596
23,-3.7745,2.03128,2.71211
22,-3.7745,2.03128,2.71211
23,-3.46395,1.9185,2.74383
22,-3.46395,1.9185,2.74383
23,-3.86427,1.5423,2.55605
22,-3.86427,1.5423,2.55605
23,-3.53824,1.79894,3.20722
22,-3.53824,1.79894,3.20722
23,-3.45513,2.01317,3.41222
22,-3.45513,2.01317,3.41222
23,-3.41511,1.03273,3.45308
22,-3.41511,1.03273,3.45308
23,-3.38704,1.88055,2.79284
22,-3.38704,1.88055,2.79284
23,-3.36755,2.03749,3.1387
22,-3.36755,2.03749,3.1387
23,-3.4243,2.00289,3.4489
22,-3.4243,2.00289,3.4489
23,-3.28886,1.94112,3.61233
22,-3.28886,1.94112,3.61233
23,-3.46907,1.95976,3.46396
22,-3.46907,1.95976,3.46396
23,-3.31721,1.94274,2.88193
21,-3.31721,1.94274,2.88193
23,-2.32288,1.79437,3.0736
21,-2.32288,1.79437,3.0736
23,-3.61185,1.62403,2.73482
21,-3.61185,1.62403,2.73482
23,-1.44708,1.16723,2.99791
21,-1.44708,1.16723,2.99791
23,-2.00482,1.76556,2.96472
21,-2.00482,1.76556,2.96472
23,-1.97878,1.75662,2.97824
21,-1.97878,1.75662,2.97824
23,-3.36772,1.86289,2.77876
19,-3.36772,1.86289,2.77876
23,-3.28138,1.81756,2.85497
19,-3.28138,1.81756,2.85497
23,-3.43276,1.82739,2.87334
19,-3.43276,1.82739,2.87334
23,-3.59648,1.75346,3.04653
19,-3.59648,1.75346,3.04653
23,-3.60671,1.62428,2.74077
19,-3.60671,1.62428,2.74077
23,-3.36249,1.73023,2.56478
20,-3.36249,1.73023,2.56478
23,-3.45257,1.87397,2.7804
20,-3.45257,1.87397,2.7804
23,-3.39212,1.84111,2.83585
20,-3.39212,1.84111,2.83585
23,-3.42562,1.80479,2.87048
18,-3.42562,1.80479,2.87048
23,-3.49756,1.80565,2.91487
18,-3.49756,1.80565,2.91487
23,-3.60411,1.65257,2.86527
18,-3.60411,1.65257,2.86527
23,-0.755358,-0.67295,1.99241
18,-0.755358,-0.67295,1.99241
23,-3.30004,1.90973,2.94789
17,-3.30004,1.90973,2.94789
23,-1.43067,0.323367,6.0727
16,-1.43067,0.323367,6.0727
24,-0.0661343,0.199588,3.54257
24,-0.0487644,0.14841,2.74072
24,0.134832,0.811476,3.93887
24,0.13798,0.914669,4.43977
24,0.274761,0.220213,2.30194
24,0.2884,0.223526,2.4162
24,-0.163549,0.269194,4.65502
24,-0.23506,0.292254,5.67233
24,0.699828,0.471656,3.70817
24,0.649994,0.40951,3.38753
24,-0.541672,-0.787796,7.42329
24,0.402124,-0.576875,5.13094
24,0.377783,0.31056,2.50369
24,0.697053,-0.598397,4.3471
24,0.631499,-0.146552,3.40297
24,0.493895,-0.133672,2.70746
24,0.844197,-0.349247,4.0048
24,-0.00135991,0.212234,3.01296
24,-0.0215621,0.194589,3.19094
24,0.113723,-0.198147,3.04203
24,0.0775745,-0.203975,3.13151
24,0.695262,0.502135,3.9478
24,0.459449,0.263485,2.17959
24,0.346938,0.282085,3.15679
24,-0.202059,0.117941,3.03104
24,-0.412414,0.155352,5.90713
24,-0.0520172,0.129901,2.68559
24,-0.500589,0.214443,5.09802
24,-0.216108,0.121793,3.18159
24,-0.138072,0.248574,4.0762
24,-0.025577,0.224221,3.46206
24,-0.0610673,0.144831,2.71145
24,0.562199,-0.447819,3.29854
24,0.000515611,0.208016,2.87584
24,0.644912,-0.685499,3.78384
24,2.29751,-1.67586,10.8344
24,-0.102155,0.168501,3.39507
24,-0.314335,0.292376,6.95076
24,-0.1058,0.121298,3.51621
24,0.0226654,-0.441517,2.92595
24,0.000678194,-0.685463,3.78364
24,0.2664,0.21552,2.26783
24,0.642571,0.531381,4.24081
24,0.654859,0.412019,3.39059
24,0.692665,0.472194,3.65799
24,0.112122,-0.188396,2.94944
24,-0.637478,-0.890831,8.44436
24,1.11181,-0.562894,5.15104
24,0.484987,-0.140128,2.66785
24,0.709859,-0.230601,3.40829
24,-0.0620163,0.136664,2.75359
24,-0.0106859,0.187533,2.96486
24,-0.0466593,0.0966636,2.14376
24,0.402084,-0.34503,2.44599
24,0.00353971,-0.687997,3.78183
24,0.738544,0.443257,3.76487
24,0.709112,0.510259,3.88456
24,0.466773,0.245986,2.08933
24,0.556749,-0.167119,3.04991
24,1.59705,-0.520828,7.61272
24,-0.293468,0.123849,3.43926
24,-0.118116,0.195975,3.33794
24,-0.159459,0.145417,3.58606
24,0.779426,-0.474181,4.16613
24,2.11075,-1.07619,9.84825
24,-0.958698,-2.47347,10.6677
24,-0.093159,0.046991,2.63265
24,0.925629,-0.393511,4.31876
24,-0.48036,0.549577,2.48394
24,-1.32004,-3.12304,13.8489
24,0.97978,0.0679081,2.70404
24,-0.0119724,-0.783622,4.44045
24,0.0116756,-0.979833,4.2425
24,0.479399,-0.0833617,1.34326
24,0.507252,-0.126931,1.51374
24,0.291881,-0.0774896,0.817841
24,0.483489,-0.134519,1.41974
24,0.531516,0.41436,1.66748
24,0.819613,0.668027,2.81159
24,2.11466,1.85763,8.00187
24,0.0961692,0.511651,2.71343
24,-0.0492323,0.0942996,2.01035
24,-0.384588,0.0351477,1.78728
24,0.851072,0.503797,4.27909
24,-1.49003,0.407823,13.3441
24,1.07546,1.1111,3.10831
24,3.45793,-2.80819,7.78699
24,1.46727,0.107238,2.80806
24,0.648486,-0.0191982,1.36021
24,0.585823,-0.199303,3.32839
24,0.308968,-0.17881,1.69255
24,-2.01495,0.698604,27.8176
24,-2.72281,0.771808,24.3844
24,1.5968,0.921345,7.8987
24,0.896203,-0.0284848,2.01818
24,4.44398,2.73716,8.3998
24,1.01729,0.0698778,2.78246
24,0.389445,-0.0468085,1.38782
24,2.04558,2.1198,5.91215
24,0.609941,0.481645,1.94679
24,2.44285,2.1396,9.13078
24,3.70863,-1.57573,8.87418
24,-0.402754,0.468712,2.11845
24,0.0332367,-0.175769,2.64642
24,0.0267038,-0.990474,4.43505
24,2.21797,-1.31539,12.1502
24,-0.400479,0.456642,2.0639
24,3.19669,2.81734,11.8904
24,-0.386125,-0.198877,1.71289
24,0.0728887,-2.57629,7.32999
24,0.638276,-0.0190527,1.3499
24,0.76289,-0.0239654,1.69797
24,28.8812,-13.0769,130.228
24,0.0275475,-0.169505,2.77027
24,-2.42865,1.23708,8.66317
24,-0.646513,0.082976,2.51753
24,0.647459,-0.128038,3.40067
25,0.145514,-0.0839284,0.514442
25,0.149343,-0.0852461,0.519516
25,-0.0135956,0.0416337,1.17683
25,-0.315405,0.321246,1.30215
25,-0.20785,0.350912,1.39604
25,-0.20497,0.357065,1.42222
25,-0.224483,0.403434,1.53968
25,-0.111975,0.0564214,1.64826
25,-0.415681,-0.208955,2.08384
25,0.154574,0.158091,2.11084
25,-0.179543,0.0810784,2.11702
25,-0.422629,-0.216592,2.14751
25,-0.430657,-0.218141,2.18474
25,-0.484009,-0.151675,2.22047
25,-0.126882,0.04229,2.2978
25,0.118267,0.467233,2.31857
25,0.172052,0.195168,2.36611
25,0.0870857,0.17983,2.4431
25,-0.376382,0.136757,2.50407
25,0.0877761,0.185193,2.51847
25,-0.234417,0.0950781,2.51717
25,1.10576,-0.388412,2.61081
25,-0.0478276,0.144154,2.66355
25,0.532062,-0.137244,2.72549
25,-0.0865738,0.0461466,2.72862
25,0.539176,-0.141056,2.74894
25,-0.257946,0.179994,2.72509
25,0.555768,-0.20949,2.77623
25,0.0340553,0.198067,2.76162
25,0.527819,-0.237808,2.81196
25,-0.273662,0.182332,2.78967
25,-0.0552731,0.137002,2.80683
25,0.565974,-0.20705,2.83499
25,0.572868,-0.152397,2.89175
25,0.0852134,0.218725,2.88401
25,-0.27509,0.130852,2.90671
25,0.0068002,0.206826,2.93787
25,0.591024,-0.172206,2.9877
25,-0.278874,0.124007,2.96441
25,0.0824414,0.227272,3.00146
25,0.609479,-0.304372,3.03524
25,0.59433,-0.195352,3.04614
25,0.00526286,0.233036,3.0621
25,0.614745,-0.211468,3.13387
25,0.0116123,-0.507331,3.13041
25,0.0476397,-0.228941,3.17895
25,0.0123126,0.241766,3.18453
25,0.058718,-0.238876,3.27068
25,0.754808,-0.478022,3.29862
25,-0.109005,-0.0787358,3.53398
25,-0.391409,0.24388,3.5878
25,0.620943,0.414598,3.62665
25,1.40783,-0.482844,3.681
25,0.0958744,0.759904,3.67024
25,-0.101895,0.258715,3.69259
25,1.04701,-0.452308,3.75137
25,1.02739,-0.319769,3.75586
25,1.36385,-0.373348,3.78056
25,0.680555,-0.338466,3.77577
25,0.740004,0.573197,3.88444
25,0.181171,0.33602,3.90931
25,-0.101824,0.0986815,3.90807
25,0.752105,0.581686,3.98378
25,0.242213,0.344687,4.00181
25,0.769843,0.590146,4.05693
25,0.737804,-0.35923,4.10337
25,-0.116713,0.292796,4.0749
25,-0.130561,0.252734,4.10225
25,1.51569,-0.382642,4.20339
25,-0.0285743,-0.451436,4.16893
25,0.686182,-0.433298,4.2569
25,-0.35397,0.192507,4.26494
25,0.130608,0.926246,4.43795
25,-0.340999,0.163857,4.4508
25,0.139512,0.94334,4.49069
25,-0.354617,0.125013,4.53927
25,-0.281926,-0.100758,4.6461
25,1.2688,-0.46531,4.70144
25,-0.177131,0.264459,4.92075
25,-0.0440135,0.378737,4.93637
25,0.87728,-0.592849,5.33248
25,-0.195725,0.222407,5.30317
25,1.37166,-0.446713,5.35719
25,-0.439613,0.256362,5.4192
25,1.37632,-0.637911,5.5632
25,0.843986,-0.282728,5.70067
25,0.358092,0.528222,5.88116
25,0.239658,-0.248671,6.14124
25,0.276994,-0.28595,6.25429
25,0.242867,-0.273538,6.26556
25,-0.25186,0.404748,6.26827
25,0.257867,-0.253003,6.50712
25,-0.467211,0.237812,6.72249
25,-0.102409,0.322913,1.95862
24,-0.102409,0.322913,1.95862
25,0.141758,0.323075,1.72855
24,0.141758,0.323075,1.72855
25,0.164481,-0.142961,6.89372
24,0.164481,-0.142961,6.89372
25,-0.0160538,0.200987,2.04481
24,-0.0160538,0.200987,2.04481
25,0.151888,0.338216,1.81639
24,0.151888,0.338216,1.81639
25,0.0255185,0.233153,1.9334
24,0.0255185,0.233153,1.9334
25,0.158014,-0.160343,7.05342
24,0.158014,-0.160343,7.05342
25,-0.0737138,0.277603,1.93177
24,-0.0737138,0.277603,1.93177
25,-0.0117032,0.238959,2.10536
24,-0.0117032,0.238959,2.10536
25,-0.643588,-0.903352,8.49327
24,-0.643588,-0.903352,8.49327
25,-0.0224279,0.305694,1.69422
24,-0.0224279,0.305694,1.69422
25,-0.0278926,0.327455,1.7952
24,-0.0278926,0.327455,1.7952
25,0.199681,0.228758,1.86417
24,0.199681,0.228758,1.86417
25,-0.070319,0.269952,1.8662
24,-0.070319,0.269952,1.8662
25,-0.0273405,0.314882,1.72556
24,-0.0273405,0.314882,1.72556
25,0.102683,0.302815,1.94701
24,0.102683,0.302815,1.94701
25,0.158449,0.181987,1.58128
24,0.158449,0.181987,1.58128
25,0.667119,0.422048,1.93922
24,0.667119,0.422048,1.93922
25,0.0336199,0.258797,2.11294
24,0.0336199,0.258797,2.11294
25,-0.066627,0.285149,1.92191
24,-0.066627,0.285149,1.92191
25,-0.158172,0.297972,2.22451
24,-0.158172,0.297972,2.22451
25,0.873709,0.334053,2.28513
24,0.873709,0.334053,2.28513
25,-0.086098,0.341722,2.29298
24,-0.086098,0.341722,2.29298
26,0.145737,0.0984052,1.61858
26,-0.304438,-0.129351,1.69754
26,0.169947,0.133639,1.93796
26,-0.409635,-0.0582746,2.02239
26,0.286078,0.19193,2.07583
26,-0.285924,0.112975,2.09491
26,0.195396,0.160721,2.10615
26,-0.0613011,0.0689071,2.14845
26,-0.15269,0.116103,2.18135
26,0.218401,0.219417,2.25546
26,0.123596,0.493786,2.28382
26,0.920647,-0.388702,2.34782
26,0.566285,-0.247953,2.34443
26,0.247239,0.34579,2.44864
26,0.655197,-0.267727,2.58969
26,0.0830993,0.189883,2.568
26,0.383315,0.285928,2.58341
26,0.249896,0.265542,2.6277
26,0.561843,-0.187357,2.66479
26,0.0357331,0.201703,2.69979
26,0.591261,-0.208042,2.76965
26,0.587309,-0.190981,2.7705
26,0.594928,-0.310833,2.79422
26,-0.0574274,0.145154,2.84315
26,0.656908,-0.317467,2.89297
26,0.438237,0.331226,2.86012
26,0.548569,0.48637,2.85631
26,0.211675,0.280406,2.87438
26,0.663518,0.286373,2.939
26,0.545698,-0.293532,3.03022
26,-0.106363,-0.0887978,3.03437
26,-0.00380611,0.244337,3.05739
26,-0.174682,-0.105039,3.27132
26,-0.362997,0.142488,3.25698
26,0.292853,0.378895,3.26618
26,0.00990607,-0.563537,3.30964
26,0.00645418,-0.561678,3.33322
26,0.0124194,-0.557839,3.3405
26,-0.228189,0.0906677,3.32353
26,0.843068,-0.358945,3.45428
26,0.0645981,-0.24993,3.45741
26,-0.132314,0.138123,3.44594
26,0.693049,0.612354,3.45655
26,-0.00601084,0.262917,3.47841
26,-0.0935777,0.158447,3.49321
26,0.881277,-0.363244,3.54043
26,0.0628109,-0.254546,3.52388
26,0.0172983,0.323391,3.53341
26,1.29795,-0.423682,3.61412
26,0.57065,0.458259,3.56203
26,0.369923,0.408769,3.57729
26,0.251453,0.361388,3.60928
26,-0.100548,0.160474,3.61387
26,0.581626,0.464731,3.6435
26,-0.227639,0.22377,3.66403
26,-0.218163,-0.0807866,3.76223
26,1.37594,-0.441954,3.81547
26,-0.405023,0.183763,3.85728
26,0.886996,0.395231,3.87524
26,0.621591,0.485367,3.9601
26,0.469393,0.433196,3.96701
26,0.921524,0.411133,4.07342
26,0.630134,0.522088,4.26507
26,-0.336238,0.184484,4.2743
26,0.0209983,-0.721037,4.34016
26,-0.135435,0.317095,4.29809
26,-0.485618,0.365969,4.37264
26,0.655962,0.542625,4.38804
26,1.21974,-0.427784,4.4645
26,1.04904,0.471767,4.43753
26,0.438318,0.562871,4.47046
26,0.364299,0.494256,4.5342
26,-0.303188,0.28649,4.5334
26,1.28363,-0.384125,4.65577
26,0.0294873,-1.11094,4.7098
26,-0.314674,-0.117747,4.8641
26,-0.56274,0.430621,4.90133
26,1.07714,-0.529279,4.98625
26,0.3235,0.528084,5.01117
26,-0.179596,0.24996,5.02959
26,1.29029,-0.657625,5.17466
26,-0.377295,0.321245,5.16293
26,-0.188757,0.337773,5.17932
26,-0.0177383,0.525527,5.2039
26,0.360377,0.596996,5.53636
26,1.37684,0.633186,5.65864
26,-0.000254551,0.520704,5.67785
26,0.984459,-0.697235,6.05051
26,0.518266,0.71351,6.0136
26,1.47423,-0.833555,6.17973
26,0.246968,-0.286897,6.32829
26,-0.859512,0.351999,6.55832
26,0.270144,-0.290132,6.65697
26,0.18607,-0.156349,6.67462
26,-0.0434347,0.664291,6.67994
26,1.70803,-0.711828,6.95931
26,1.32445,-0.876438,7.16937
26,0.058402,0.142995,2.09503
25,0.058402,0.142995,2.09503
26,-0.0997714,0.180671,2.47441
25,-0.0997714,0.180671,2.47441
26,0.10897,0.192839,2.30296
25,0.10897,0.192839,2.30296
26,-0.163721,0.133888,2.48598
25,-0.163721,0.133888,2.48598
26,-0.0168008,0.150071,2.46092
25,-0.0168008,0.150071,2.46092
26,-0.0390698,0.172222,2.29662
25,-0.0390698,0.172222,2.29662
26,-1.06348,-1.67839,12.0446
25,-1.06348,-1.67839,12.0446
26,-0.776901,-0.923462,7.95945
25,-0.776901,-0.923462,7.95945
26,-0.0692277,0.274145,1.91768
25,-0.0692277,0.274145,1.91768
26,-0.0423144,0.224428,2.72929
25,-0.0423144,0.224428,2.72929
26,0.0405947,0.175444,2.20773
25,0.0405947,0.175444,2.20773
26,-1.06348,-1.67839,12.0446
25,-1.06348,-1.67839,12.0446
26,-0.93712,-0.94176,8.11266
25,-0.93712,-0.94176,8.11266
26,-0.101472,0.178514,2.48389
25,-0.101472,0.178514,2.48389
26,0.100174,0.179005,2.40061
25,0.100174,0.179005,2.40061
26,-0.253754,0.447537,2.19911
25,-0.253754,0.447537,2.19911
26,0.0273218,0.230165,1.94695
25,0.0273218,0.230165,1.94695
26,0.0061569,0.185481,2.23589
25,0.0061569,0.185481,2.23589
26,-0.258959,0.153025,2.45893
25,-0.258959,0.153025,2.45893
26,0.290714,0.214381,1.71219
25,0.290714,0.214381,1.71219
26,-0.30192,0.540846,2.50673
25,-0.30192,0.540846,2.50673
26,0.22728,-0.20335,5.46893
25,0.22728,-0.20335,5.46893
26,0.0556889,0.187325,2.35628
25,0.0556889,0.187325,2.35628
26,0.0619938,0.210006,2.57084
25,0.0619938,0.210006,2.57084
26,-0.274723,0.171079,2.64936
25,-0.274723,0.171079,2.64936
26,-0.12498,0.189406,2.80773
24,-0.12498,0.189406,2.80773
26,0.948666,-0.957983,14.294
24,0.948666,-0.957983,14.294
26,0.306486,-0.300576,7.31964
24,0.306486,-0.300576,7.31964
26,-0.0204354,0.32723,1.7813
24,-0.0204354,0.32723,1.7813
26,-0.117342,0.17675,2.44629
24,-0.117342,0.17675,2.44629
26,-0.257127,0.167247,2.63784
24,-0.257127,0.167247,2.63784
26,-0.320182,0.0830155,3.57236
24,-0.320182,0.0830155,3.57236
26,0.469571,-0.977052,3.2925
24,0.469571,-0.977052,3.2925
26,-0.0189212,0.231431,2.04104
24,-0.0189212,0.231431,2.04104
26,-0.121009,-0.386762,1.4011
24,-0.121009,-0.386762,1.4011
27,0.450586,-0.339746,2.07889
27,0.579862,0.181091,2.34328
27,0.504712,0.179851,2.4255
27,-0.103503,0.0252943,2.51816
27,0.484452,0.21649,2.49736
27,0.449204,-0.249797,2.51956
27,0.625652,-0.349518,2.50392
27,0.990129,0.290938,2.53395
27,0.951988,0.294297,2.55412
27,0.418692,-0.406934,2.69229
27,0.67817,-0.35753,2.68832
27,0.486468,-0.266219,2.78802
27,0.415805,-0.27712,2.79979
27,0.473081,-0.280097,2.80891
27,0.497859,-0.279333,2.81436
27,0.509994,-0.262421,2.81394
27,0.489305,-0.302153,2.82123
27,0.481802,-0.283684,2.82384
27,-0.136574,0.0370025,2.89209
27,0.48138,-0.264943,2.82449
27,0.458785,-0.348348,2.82971
27,0.498614,-0.377661,2.83616
27,0.470048,-0.350365,2.8409
27,0.482868,-0.27126,2.85402
27,0.492448,-0.310612,2.85432
27,0.457122,-0.342426,2.86428
27,0.446437,-0.285253,2.86686
27,0.422539,-0.282258,2.87276
27,0.498514,-0.321379,2.86789
27,0.473476,-0.355538,2.87173
27,0.499082,-0.314767,2.87035
27,0.449654,-0.280457,2.8783
27,0.531015,-0.324953,2.87426
27,0.454656,-0.276336,2.88638
27,0.464463,-0.342813,2.88777
27,0.524434,-0.327733,2.88342
27,0.530914,-0.282685,2.88415
27,0.460008,-0.33998,2.91335
27,0.443974,-0.281962,2.92294
27,1.19353,-1.16362,2.8494
27,0.481833,-0.255061,2.95542
27,0.456497,-0.296595,2.98574
27,0.471696,-0.414967,2.98673
27,0.514672,-0.414733,2.99476
27,0.502538,-0.245472,3.03132
27,0.524275,-0.2457,3.09879
27,0.934679,-0.620002,3.05785
27,0.802949,0.372673,3.12704
27,0.526584,0.461211,3.43419
27,0.498161,0.371368,3.43961
27,-0.248775,0.11651,3.55486
27,0.579369,-0.475302,3.51273
27,0.550874,0.394137,3.5153
27,0.813568,0.770415,3.54379
27,-0.174842,0.173979,3.79075
27,1.50442,0.632809,3.68659
27,0.835423,0.497901,3.78844
27,0.386595,0.463484,3.87476
27,0.604685,0.490334,3.86612
27,0.0957466,0.366544,3.93265
27,0.579912,0.573362,3.90328
27,0.715732,0.612821,3.89005
27,0.72465,0.618204,3.93308
27,0.712827,-0.529292,3.95243
27,-0.0143028,-0.973405,4.04654
27,0.320175,-0.972747,4.10792
27,0.745759,-0.545628,4.10267
27,0.685494,-0.480815,4.16268
27,0.0163732,0.460499,4.29374
27,0.573834,0.574146,4.27238
27,0.558263,0.606968,4.37363
27,1.63954,-0.907631,4.28938
27,0.760336,-0.506214,4.43895
27,1.02716,-0.504669,4.44257
27,1.4578,0.849379,4.42978
27,1.17722,-0.537751,4.46559
27,0.33004,-0.598955,4.58306
27,0.00309038,-1.05741,4.63158
27,0.00217424,-1.11278,4.63459
27,0.0553557,-1.71159,4.72135
27,1.20923,-0.544124,4.58954
27,0.820263,-0.522787,4.6626
27,1.64214,-0.497945,4.57473
27,1.22972,-0.553527,4.65267
27,0.0130491,-1.15562,4.81825
27,1.26938,-0.552367,4.72782
27,2.26987,-1.77919,4.64426
27,1.80676,-0.61879,4.82265
27,0.385805,-0.611391,4.98346
27,1.76623,-0.67202,4.88532
27,1.72564,-0.605392,4.90736
27,-0.379397,0.30605,5.13933
27,2.44277,-1.84613,4.9482
27,0.0699257,-1.9253,5.3063
27,2.07479,-1.71871,5.08593
27,1.43994,-0.44104,5.20791
27,0.895999,-0.665521,5.30782
27,1.44781,-0.422807,5.27097
27,1.39718,-0.581434,5.31742
27,1.37921,-0.575136,5.32922
27,1.55145,-0.358921,5.38502
27,1.36868,-0.582673,5.42878
27,0.307385,-0.229659,5.56063
27,1.56842,-0.344628,5.43166
27,0.269033,-0.189584,5.61494
27,1.54938,1.15862,5.49462
27,-0.317395,0.447205,5.77843
27,0.291802,-0.201896,5.73148
27,1.01453,-0.726762,5.83791
27,2.68027,-2.34748,5.67556
27,1.27271,-1.31815,5.88655
27,-0.453106,0.486141,6.17106
27,1.31043,-1.3502,6.00454
27,1.78438,-0.296546,5.96317
27,2.73166,-2.0488,5.98147
27,1.36421,-1.33388,6.29549
27,0.571887,-0.733323,6.45019
27,1.38566,-1.394,6.36702
27,1.87419,1.63672,6.95342
27,-0.717714,0.76074,7.27838
27,1.24057,-0.652169,7.13622
27,0.738979,-0.834084,7.78022
27,-0.161095,0.107402,3.08341
26,-0.161095,0.107402,3.08341
27,-0.846089,-1.51114,10.3916
26,-0.846089,-1.51114,10.3916
27,0.896032,-0.64943,5.12389
26,0.896032,-0.64943,5.12389
27,-0.504131,0.141442,3.20025
26,-0.504131,0.141442,3.20025
27,1.85457,-1.05598,5.05503
26,1.85457,-1.05598,5.05503
27,1.96364,-1.09151,5.27867
26,1.96364,-1.09151,5.27867
27,0.0187237,-1.24609,4.65426
25,0.0187237,-1.24609,4.65426
27,-0.011512,-0.905071,5.30682
25,-0.011512,-0.905071,5.30682
27,-0.346741,-0.296796,4.88588
25,-0.346741,-0.296796,4.88588
27,-0.317157,-0.055017,3.80006
25,-0.317157,-0.055017,3.80006
27,-0.368001,0.089052,3.29796
25,-0.368001,0.089052,3.29796
27,-0.447721,-0.671923,4.93259
25,-0.447721,-0.671923,4.93259
27,0.216183,-0.333181,4.9727
25,0.216183,-0.333181,4.9727
27,0.254166,-1.04635,5.26055
24,0.254166,-1.04635,5.26055
27,-0.473188,-0.673621,4.46652
24,-0.473188,-0.673621,4.46652
27,0.0100337,-0.945761,5.16405
24,0.0100337,-0.945761,5.16405
27,-0.242257,-0.0464804,4.09003
24,-0.242257,-0.0464804,4.09003
27,-0.334798,-0.0445841,4.04707
24,-0.334798,-0.0445841,4.04707
27,-0.373408,-0.322929,5.36019
24,-0.373408,-0.322929,5.36019
27,0.0401916,-1.51189,5.54548
24,0.0401916,-1.51189,5.54548
27,0.967928,-1.40552,5.49592
24,0.967928,-1.40552,5.49592
28,0.439726,-0.205656,2.91724
28,0.751892,-0.0790725,2.91622
28,0.557526,-0.0393475,2.94442
28,0.550181,-0.0898067,2.93966
28,0.744193,-0.137958,2.92283
28,0.756506,-0.0880265,2.92874
28,0.50941,-0.0670338,2.97267
28,0.739159,-0.0824847,2.97086
28,0.755296,-0.0306693,2.98405
28,0.487468,-0.19238,3.01552
28,0.619513,-0.028171,3.05232
28,0.523759,-0.126991,3.06629
28,0.735291,0.0129753,3.07308
28,0.644053,-0.0284697,3.07808
28,0.500331,-0.0425304,3.09832
28,0.497939,-0.209803,3.085
28,0.550676,-0.0516475,3.10315
28,0.753772,-0.0205842,3.08917
28,0.509189,-0.190902,3.10033
28,0.76671,0.0723827,3.11833
28,0.559561,-0.0478081,3.12932
28,0.571486,-0.0897835,3.12834
28,0.596031,-0.148306,3.14767
28,0.529979,-0.188622,3.15374
28,0.827241,-0.200247,3.14128
28,0.538205,-0.235909,3.18755
28,0.616039,-0.136961,3.19643
28,0.791441,0.0139535,3.20294
28,0.646155,-0.197301,3.19203
28,0.625887,-0.173041,3.20678
28,0.812257,0.0841281,3.21942
28,0.586452,-0.190716,3.21391
28,0.639153,-0.138053,3.21868
28,0.596325,-0.190674,3.21946
28,0.656048,-0.199757,3.21542
28,0.620989,-0.219712,3.22052
28,0.592283,-0.199638,3.22827
28,0.591316,-0.200264,3.23306
28,0.739605,0.0560577,3.25369
28,0.910335,0.0989419,3.26989
28,0.244686,-0.735855,3.41379
28,0.270902,-0.783,3.6126
28,-0.0989553,0.344294,3.90697
28,-0.141443,0.270495,3.97224
28,-0.128813,0.430516,4.01312
28,-0.0255635,0.447845,4.03356
28,-0.00545654,-0.613588,3.93153
28,-0.276238,0.226746,4.06875
28,0.302448,-0.859722,3.90479
28,0.0817105,-1.00033,3.99238
28,0.0885453,-0.999304,4.00319
28,-0.154442,0.315208,4.22127
28,-0.297049,0.271829,4.27602
28,0.0980431,-1.02529,4.07947
28,0.095033,-1.03056,4.11822
28,-0.466744,0.306085,4.35312
28,-0.515024,0.295523,4.36378
28,0.16477,-0.336239,4.2252
28,0.160562,-0.347688,4.23484
28,-0.286432,0.390999,4.37895
28,0.107191,-1.05835,4.21472
28,0.372795,-0.925897,4.21097
28,-0.200747,0.392047,4.43858
28,-0.386465,0.281286,4.46641
28,-0.400202,0.279058,4.47421
28,-0.531714,0.34171,4.55457
28,-0.315749,0.31917,4.65547
28,1.23954,-0.490356,4.41457
28,-0.398334,0.0603246,4.68705
28,0.0276405,-0.717881,4.68932
28,0.259646,-0.401868,4.74977
28,1.11725,-0.603397,4.70644
28,0.439874,-1.0607,4.75088
28,0.603402,-0.272667,4.85422
28,0.273121,-0.389656,4.88892
28,0.00361153,-0.861417,4.85946
28,0.326369,-0.41225,4.8833
28,1.11958,-0.681734,4.78211
28,0.12756,-0.0700278,4.96182
28,0.317596,-0.416206,4.90486
28,0.282875,-0.414305,4.92633
28,0.281026,-0.384008,4.93542
28,0.348618,-0.412709,4.95137
28,0.291133,-0.41302,4.96464
28,1.12487,-0.64298,4.89057
28,0.295578,-0.388431,5.04299
28,0.358999,-0.426685,5.03891
28,1.24035,-0.656331,4.93111
28,0.472513,-1.10729,4.98393
28,1.1718,-0.677041,5.02712
28,0.287248,-0.379227,5.17192
28,0.848249,-0.485635,5.10254
28,0.313718,-0.387615,5.19225
28,1.20611,-0.637989,5.09963
28,1.36524,-0.33313,5.13983
28,0.372928,-0.422201,5.24165
28,1.31203,-0.349982,5.17396
28,1.36497,-0.56403,5.14889
28,1.36356,-0.338118,5.17729
28,0.549088,-0.220689,5.28848
28,1.31059,-0.679827,5.1713
28,1.32025,-0.683007,5.1979
28,1.88181,-0.851682,5.1427
28,1.29936,-0.336821,5.27172
28,-0.434645,-0.526958,5.43028
28,0.409025,-0.649051,5.34503
28,0.385494,-0.569613,5.36371
28,1.27412,-0.30475,5.3099
28,1.87734,-0.952492,5.16857
28,1.32461,-0.62697,5.26997
28,0.436589,-0.442414,5.38601
28,1.38946,-0.362056,5.32578
28,0.941333,-0.657768,5.36488
28,1.02407,-0.584611,5.36949
28,1.37337,-0.524603,5.34489
28,0.921532,-0.495553,5.39598
28,0.817403,-0.532359,5.40308
28,2.10039,-0.893543,5.23727
28,1.04545,-0.593046,5.39107
28,1.35578,-0.622666,5.35822
28,0.98885,-1.36211,5.30642
28,2.19239,-0.851289,5.26521
28,1.37238,-0.589649,5.38473
28,1.40409,-0.531213,5.405
28,1.33654,-0.61928,5.40836
28,0.931502,-0.709952,5.44917
28,1.33888,-0.638967,5.4254
28,2.24103,-2.07137,5.15535
28,1.29582,-0.793148,5.4278
28,0.404617,-0.611425,5.54416
28,1.44565,-0.453111,5.46837
28,1.50818,1.04819,5.65035
28,1.36478,-0.582484,5.46498
28,1.32136,-0.749832,5.45596
28,1.32958,-0.72021,5.46219
28,1.3315,-0.724316,5.46463
28,1.04879,-0.533468,5.52327
28,1.33123,-0.558376,5.49196
28,0.994072,-0.550471,5.53151
28,0.929586,-0.637652,5.52959
28,0.974269,-0.584205,5.53268
28,0.95375,-0.675053,5.52737
28,1.30654,-0.812606,5.47506
28,0.851611,-0.550705,5.5609
28,1.29614,-0.883074,5.48099
28,0.937431,-0.616061,5.55188
28,1.37641,-0.576625,5.51494
28,0.869639,-0.558155,5.57062
28,1.46925,-0.471761,5.52
28,2.23714,-1.94891,5.26939
28,1.01799,-1.38478,5.46654
28,0.895894,-0.580613,5.58044
28,1.29883,-0.882386,5.50325
28,1.28252,-0.930386,5.50323
28,1.07361,-0.594955,5.56675
28,0.947928,-0.611733,5.57812
28,2.30598,-1.00886,5.38791
28,1.06876,-0.533226,5.58023
28,0.873318,-0.229069,5.63961
28,1.02203,-0.544988,5.5852
28,1.01875,-0.546151,5.58797
28,1.33382,-0.783774,5.53398
28,0.922066,-0.606665,5.60132
28,1.35805,-0.727753,5.54755
28,0.998072,-0.675619,5.59297
28,0.907919,-0.676051,5.60354
28,1.19727,-1.20536,5.513
28,1.30099,-0.917123,5.53944
28,2.34226,-0.957385,5.42744
28,0.865106,-0.568446,5.63901
28,2.3407,-2.13221,5.29145
28,1.31541,-0.882949,5.56025
28,2.3815,-1.8555,5.32906
28,1.00231,-0.665016,5.62415
28,0.463864,-0.470422,5.70694
28,1.00269,-0.515419,5.64562
28,0.836926,-0.554229,5.66743
28,2.4464,-1.96863,5.32515
28,1.28206,-1.02235,5.57167
28,2.30672,-1.61493,5.39364
28,1.27668,-1.05453,5.57469
28,1.04346,-1.41465,5.55637
28,2.08561,-0.955096,5.52316
28,2.11704,-1.00585,5.52295
28,1.21874,-1.15047,5.59999
28,1.23494,-1.20372,5.60671
28,1.26457,-1.23666,5.61603
28,2.77771,-2.02353,5.36909
28,1.22941,-1.14391,5.65031
28,1.02802,-0.695164,5.73368
28,2.09818,-1.09983,5.57243
28,2.35353,-1.61174,5.49346
28,1.2495,-1.135,5.67894
28,1.29263,-1.12478,5.67733
28,2.45326,-2.00375,5.45011
28,2.43392,-1.90183,5.47515
28,2.12433,-1.02775,5.61853
28,1.28175,-1.17945,5.69713
28,1.28419,-1.16387,5.69906
28,2.05907,-1.04938,5.64158
28,1.26912,-1.10224,5.72084
28,1.32387,-1.07082,5.73406
28,1.31515,-1.10968,5.73158
28,2.06315,-1.13418,5.6555
28,2.68081,-2.17595,5.48092
28,2.05851,-0.437843,5.77033
28,1.34587,-1.07806,5.78042
28,1.11738,-1.5412,5.75524
28,1.04816,-0.686781,5.87299
28,0.867994,-0.585689,5.91775
28,2.08782,-0.777478,5.76705
28,2.73579,-2.08891,5.56158
28,1.66275,1.14634,6.07586
28,1.22252,-1.72198,5.77461
28,1.29542,-1.11594,5.84539
28,1.30496,-1.25452,5.82927
28,2.67923,-1.96153,5.60828
28,0.580565,-0.230303,6.04429
28,2.16031,-1.23479,5.7586
28,1.23845,-0.81297,5.91155
28,2.91352,-2.10349,5.57844
28,0.917584,-0.309602,6.01185
28,2.02868,-0.753187,5.84115
28,1.06653,-0.702268,5.96112
28,1.26742,-0.813961,5.95088
28,2.1179,-0.448487,5.92095
28,2.97686,-2.04716,5.64923
28,1.04501,-0.718135,6.02726
28,2.2853,-1.11784,5.84909
28,1.26167,-0.801484,5.99955
28,1.1917,-0.577591,6.05599
28,1.26989,-0.803679,6.05521
28,1.29446,-0.866558,6.04816
28,0.972928,-0.24903,6.16286
28,0.927473,-0.764737,6.12496
28,2.06002,-0.700076,6.01909
28,1.20113,-0.905442,6.1323
28,0.599212,-0.285752,6.30565
28,2.57651,-1.34938,6.05149
28,2.5134,-1.30779,6.09928
28,0.998713,-0.327965,6.38833
28,2.25323,-0.639294,6.22921
28,3.25394,-0.551797,6.36712
28,1.1654,-0.270043,6.89261
28,3.65597,-0.676247,6.80204
28,1.4079,-1.73878,6.97226
28,1.6222,-2.65981,7.00158
28,3.84208,-0.790883,7.09916
28,1.08172,-2.91932,7.35593
28,4.18501,-1.00194,7.67856
28,1.98095,-2.55582,8.36547
27,1.98095,-2.55582,8.36547
28,1.90713,-0.647529,5.67282
27,1.90713,-0.647529,5.67282
28,0.7448,-0.578043,4.91443
26,0.7448,-0.578043,4.91443
28,0.55012,-0.264999,4.48234
26,0.55012,-0.264999,4.48234
28,0.4574,-0.234462,3.87463
26,0.4574,-0.234462,3.87463
28,0.743993,-0.251567,5.14916
25,0.743993,-0.251567,5.14916
28,0.198094,-0.326639,4.75329
25,0.198094,-0.326639,4.75329
28,0.405275,-0.516134,1.88236
24,0.405275,-0.516134,1.88236
29,-0.0265786,-0.26037,2.42303
29,0.206419,0.123825,2.80695
29,0.200502,0.149179,2.90468
29,0.271517,0.180851,3.03191
29,0.277032,0.128626,3.04398
29,0.349225,0.103853,3.10081
29,0.358944,0.128865,3.21542
29,-0.628211,-0.446207,3.61616
29,-0.134846,-0.808108,3.50847
29,-0.634177,-0.452885,3.68327
29,0.0725984,-0.73113,3.56565
29,0.129309,-0.756567,3.67076
29,-0.178893,-0.584046,3.81824
29,0.927671,-0.672465,3.60207
29,-0.396883,-0.454926,3.91291
29,0.920535,0.254758,4.12391
29,-0.217033,-0.530028,4.22612
29,0.0724997,-1.96059,3.90821
29,1.00103,-0.476403,4.04489
29,-0.112658,-0.314364,4.40639
29,0.0297651,-1.5014,4.26992
29,-0.497713,0.081695,4.72176
29,0.306274,-0.942779,4.3917
29,-0.406268,0.0983784,4.7596
29,-0.509275,0.0953613,4.78659
29,-0.0852086,-0.790459,4.61158
29,0.0577093,-1.5728,4.4329
29,1.07455,-0.456412,4.45875
29,1.02153,-0.526797,4.50567
29,-0.0894379,-0.723086,4.68349
29,-0.016176,-1.04118,4.73753
29,-0.0483041,-0.824397,4.85978
29,-0.0408937,-0.854076,4.8701
29,1.39585,-0.469368,4.68415
29,0.87255,-0.529487,4.84204
29,0.0102018,-1.09341,4.91211
29,0.053958,0.0356425,5.17162
29,0.908742,-0.528471,4.98142
29,0.08662,0.00634685,5.25109
29,1.93973,-0.970475,4.71152
29,1.24666,-0.540905,4.96422
29,0.00503784,-0.93112,5.13419
29,0.295105,-0.401942,5.19323
29,0.0321072,-1.10932,5.1194
29,0.356481,-0.401235,5.21989
29,0.0417405,-1.12636,5.14317
29,-0.00096786,-0.861393,5.23126
29,-0.406848,-0.319397,5.44095
29,0.0731899,-1.23509,5.21159
29,-0.386662,-0.31036,5.48359
29,0.380681,-0.515516,5.29427
29,0.327507,-0.406693,5.33092
29,0.931763,-0.488853,5.20523
29,0.353086,-0.40822,5.37142
29,0.023243,-0.922398,5.35087
29,2.17045,-1.59787,4.85051
29,0.443204,-0.621404,5.45816
29,0.954962,-0.470567,5.39906
29,2.30101,-0.917341,5.08424
29,0.455177,-0.551814,5.55534
29,0.978133,-0.502422,5.50524
29,2.39339,-1.61686,5.05549
29,-0.388096,-0.466086,5.88773
29,-0.457194,-1.28948,5.84703
29,0.681936,-1.26088,5.6886
29,1.5234,-1.27125,5.90178
29,1.51475,-1.17502,5.96279
29,-0.050411,-0.805444,6.34307
29,2.85566,-0.384415,6.14999
29,1.22318,-0.772488,6.65327
29,0.788732,-0.743777,6.87146
29,0.757275,-0.711685,6.93714
29,-0.481491,-1.21519,7.25143
29,-0.483769,-1.21924,7.49935
29,-0.432212,-1.70476,7.51302
29,0.0884764,-0.567815,7.7008
29,2.0147,-2.1681,7.04846
29,0.0687567,-0.770261,7.79724
29,1.64294,-3.51787,7.21894
29,0.166581,-0.337773,4.71366
28,0.166581,-0.337773,4.71366
29,-0.427596,-0.293695,4.60597
28,-0.427596,-0.293695,4.60597
29,1.27521,-0.481225,5.14543
28,1.27521,-0.481225,5.14543
29,-0.395023,-1.58549,4.46139
28,-0.395023,-1.58549,4.46139
29,0.869388,-1.2612,4.66473
27,0.869388,-1.2612,4.66473
29,0.872454,-1.27718,4.68548
27,0.872454,-1.27718,4.68548
29,-0.582064,-1.52737,5.87185
27,-0.582064,-1.52737,5.87185
29,-0.425496,-1.69546,5.9353
27,-0.425496,-1.69546,5.9353
29,1.75001,-0.571283,4.91391
27,1.75001,-0.571283,4.91391
29,-0.587133,-0.864118,5.77472
27,-0.587133,-0.864118,5.77472
29,1.76567,-0.560664,4.65652
27,1.76567,-0.560664,4.65652
29,0.0995782,-1.40391,5.14407
27,0.0995782,-1.40391,5.14407
29,-0.514215,-0.991224,5.78
26,-0.514215,-0.991224,5.78
29,0.363954,-0.416611,5.8844
25,0.363954,-0.416611,5.8844
29,-0.512163,-0.870768,5.43327
24,-0.512163,-0.870768,5.43327
29,1.79679,-1.53834,4.23955
24,1.79679,-1.53834,4.23955
30,0.214643,0.479328,3.19379
30,0.192403,0.44351,3.21281
30,0.229348,0.446363,3.20398
30,0.258542,0.442254,3.21044
30,-0.131126,-0.60804,3.79406
30,-0.118194,-0.59342,3.82553
30,-0.171809,-0.337434,4.03819
30,1.09317,0.545109,4.11113
30,0.120179,-0.510906,3.99595
30,0.11487,-0.459172,4.02151
30,0.101383,-0.455832,4.07472
30,0.191121,-0.649109,4.20712
30,0.817283,0.0240789,4.30676
30,0.828843,0.0233346,4.31055
30,0.22126,-0.692048,4.22555
30,0.452565,-0.0430537,4.45992
30,0.264889,-0.738138,4.35224
30,0.398446,-1.33674,4.13825
30,0.957875,-0.0630333,4.49112
30,1.0495,-0.00764674,4.51395
30,0.972522,-0.0590888,4.52615
30,0.374791,-1.32626,4.19468
30,0.25877,-0.949987,4.44466
30,0.270088,-0.966181,4.46532
30,0.970045,-0.495422,4.47357
30,1.03931,-0.0779967,4.62856
30,-0.104089,-0.850717,4.71753
30,0.414836,-1.47913,4.31928
30,0.479381,-1.09035,4.47148
30,0.403934,-1.54403,4.4003
30,0.73044,-0.999666,4.52364
30,0.278327,-0.319373,4.9964
30,0.525762,-1.59167,4.40964
30,0.437381,-1.56151,4.48919
30,0.446452,-1.6112,4.50147
30,0.8428,-1.16221,4.59281
30,1.11414,-0.526792,4.7845
30,1.12012,-0.517951,4.79847
30,1.18093,-0.502643,4.8087
30,1.12709,-0.525173,4.82164
30,1.18441,-0.493387,4.82997
30,0.833186,-0.405247,4.98697
30,1.18754,-0.501854,4.83673
30,0.818794,-1.11062,4.70843
30,0.797534,-0.545789,4.95629
30,0.286045,-0.495384,5.15076
30,1.19128,-0.509126,4.85694
30,1.61306,-0.892544,4.56431
30,0.845421,-0.420818,5.02587
30,0.813286,-0.551969,4.98122
30,1.79448,-1.46502,4.27402
30,1.19842,-0.436873,4.9215
30,0.788899,-1.09127,4.79013
30,1.83188,-1.57252,4.23715
30,0.847562,-1.13065,4.77011
30,0.827609,-0.435485,5.07524
30,0.851663,-1.1698,4.75842
30,0.91878,-0.552317,5.00024
30,1.08631,-1.72539,4.46253
30,1.08679,-1.6942,4.47865
30,1.20678,-0.474845,4.95877
30,0.934815,-0.54615,5.02127
30,0.826833,-0.452137,5.10892
30,1.16797,-0.548561,4.95702
30,1.20971,-0.484102,4.97767
30,1.16608,-0.549744,4.96691
30,0.826541,-0.452384,5.12585
30,0.779292,-0.523511,5.11482
30,1.13682,-0.522256,4.99863
30,0.781996,-0.525501,5.1221
30,1.65073,-0.92488,4.66602
30,0.465196,-1.45496,4.84924
30,1.81897,-0.980429,4.60021
30,0.722358,-0.484707,5.18785
30,0.8885,-0.509475,5.12192
30,1.72675,-0.996929,4.64025
30,0.732655,-0.500328,5.21264
30,0.733853,-0.494184,5.21708
30,1.66913,-0.953884,4.71977
30,2.03687,-1.61622,4.31797
30,0.868554,-0.45633,5.20689
30,0.74808,-0.510638,5.23333
30,1.00309,-1.03878,4.92514
30,0.80097,-0.574421,5.2042
30,1.74612,-1.00233,4.70768
30,0.393295,-1.43199,4.98315
30,1.84735,-0.930176,4.70868
30,1.00455,-0.622191,5.12183
30,2.10296,-1.73707,4.28299
30,1.05508,-1.32076,4.8146
30,1.09471,-1.04158,4.92362
30,1.09261,-1.06276,4.9249
30,1.0928,-1.06682,4.92621
30,0.867121,-1.18499,4.95345
30,1.07455,-1.54839,4.73348
30,1.06851,-1.04419,4.95824
30,1.79104,-1.05003,4.72401
30,1.8973,-0.975883,4.72101
30,1.89524,-1.02791,4.70025
30,1.11239,-1.0739,4.95485
30,1.81528,-1.04059,4.73903
30,1.07421,-1.06834,4.97822
30,2.15575,-1.6922,4.3567
30,1.12796,-1.03745,4.98423
30,1.88225,-0.930218,4.77697
30,1.8509,-0.992676,4.76186
30,1.86253,-0.94366,4.77957
30,0.954548,-1.32484,4.92757
30,2.842,-0.971448,4.44831
30,1.86128,-0.833581,4.84427
30,2.88144,-1.03021,4.41903
30,1.07073,-1.05364,5.0324
30,0.414093,-1.49119,5.07039
30,1.12939,-1.09072,5.009
30,1.91569,-0.960786,4.82136
30,2.27488,-1.68766,4.39346
30,1.11693,-1.09519,5.03571
30,1.85466,-0.782776,4.92962
30,1.10778,-1.54938,4.85928
30,1.85965,-0.989979,4.84638
30,1.99116,-0.890864,4.84982
30,1.87743,-0.91241,4.88198
30,1.83142,-0.965195,4.88446
30,1.8865,-0.919123,4.90161
30,0.430141,-1.34744,5.21126
30,1.91192,-0.869675,4.93016
30,0.44904,-1.3532,5.2225
30,1.78843,-0.742112,5.04281
30,2.04659,-0.956826,4.8769
30,2.03065,-0.914922,4.92197
30,1.8969,-0.848869,5.00254
30,2.78082,-0.523726,4.8486
30,1.90737,-0.839257,5.02015
30,2.08797,-0.973789,4.90662
30,2.05369,-1.05731,4.8905
30,2.10691,-0.935784,4.92541
30,2.14632,-0.891326,4.96989
30,2.11249,-0.94148,4.97714
30,0.42009,-1.5423,5.29709
30,1.13598,-1.59816,5.04237
30,1.16806,-0.789431,5.38065
30,1.92557,-0.473929,5.27617
30,1.90023,-0.812329,5.14218
30,1.94481,-0.806239,5.13478
30,1.86126,-0.782163,5.19087
30,1.83272,-0.717024,5.23084
30,1.82282,-0.713097,5.23822
30,1.86251,-0.780417,5.19761
30,1.89778,-0.781458,5.19928
30,1.00032,-1.44672,5.22104
30,0.440459,-1.60093,5.38007
30,1.96642,-0.747466,5.2339
30,2.26309,-1.07545,5.00171
30,2.31876,-1.02755,5.01858
30,1.98058,-0.506392,5.35751
30,1.96277,-0.662417,5.32419
30,0.364065,-0.841799,5.84382
30,1.15446,-2.0087,5.08612
30,2.03903,-0.535457,5.44329
30,0.687449,-1.81707,5.4418
30,2.50406,-0.507438,5.42334
30,2.3715,-0.538664,5.46751
30,2.87687,-0.637596,5.30846
30,0.405824,-1.024,6.04184
30,3.06088,-0.697727,5.30901
30,3.01312,-0.71096,5.34089
30,2.61619,-0.548176,5.5477
30,2.99183,-0.77518,5.40095
30,3.06443,-0.688781,5.48708
30,0.805629,-1.74943,5.81171
30,0.385582,-0.966415,6.31298
30,3.1614,-0.844478,5.49043
30,3.25028,-0.869295,5.57453
30,3.31369,-1.03383,5.67368
30,1.17838,-1.72679,6.12833
30,3.53347,-1.11663,5.86595
30,0.52936,-1.36457,6.94881
30,1.04323,-0.677787,5.59354
28,1.04323,-0.677787,5.59354
30,1.37619,-0.543467,5.26305
28,1.37619,-0.543467,5.26305
30,0.331462,-0.334158,5.09076
28,0.331462,-0.334158,5.09076
31,-0.142157,0.327656,2.19517
31,0.597561,0.134387,4.05166
31,1.62632,0.868132,3.93268
31,1.89253,0.245856,3.46754
31,0.863545,0.13102,4.27614
31,1.36429,-0.654333,3.89253
31,1.39217,-0.673068,3.93832
31,1.36434,-0.490092,4.36636
31,1.55442,-0.749575,4.11372
31,1.64919,-0.727458,4.19111
31,1.62273,-1.34101,3.91057
31,1.61084,-1.3429,3.92123
31,1.66699,-1.53451,3.80269
31,1.6311,-1.34401,3.92833
31,1.1335,-0.434526,4.7737
31,1.56965,-0.67185,4.31385
31,1.73993,-1.56553,3.8236
31,1.67141,-1.39886,3.96215
31,1.12243,-2.5103,3.9018
31,2.8711,0.230857,3.89398
31,1.75387,-0.78136,4.29572
31,1.72152,-1.3919,4.02701
31,1.6785,-0.826417,4.34634
31,1.10625,-0.498755,5.00133
31,1.80718,-1.26571,4.07174
31,1.71733,-0.83822,4.36855
31,1.60645,-0.849451,4.45844
31,1.74931,-0.708848,4.42374
31,1.86959,-1.6196,3.8823
31,1.78176,-0.736515,4.40111
31,1.83175,-1.52905,3.9776
31,1.79881,-0.762086,4.38492
31,1.1282,-2.40415,4.11636
31,1.62894,-0.860901,4.48343
31,2.64981,-1.31733,3.4553
31,1.91518,-1.52424,3.93419
31,1.76948,-0.786304,4.42399
31,1.80493,-0.744786,4.41921
31,1.72041,-0.749647,4.48366
31,1.15256,-0.504503,5.05745
31,1.13152,-0.503683,5.07588
31,1.6852,-0.83374,4.47769
31,1.73994,-0.862105,4.42238
31,1.72606,-0.845024,4.44972
31,3.0096,0.160083,3.9321
31,1.78777,-0.807272,4.42471
31,1.21636,-0.458249,5.04862
31,1.86948,-1.51526,4.01592
31,1.8996,-1.66909,3.92378
31,1.77787,-0.776707,4.46268
31,1.85036,-0.774608,4.41175
31,1.86491,-0.772349,4.40453
31,1.84559,-0.723799,4.46256
31,1.83053,-1.38727,4.15276
31,1.83594,-1.39681,4.14497
31,1.87872,-1.31946,4.16111
31,1.77427,-0.853887,4.47461
31,1.84087,-0.768363,4.46413
31,1.87967,-1.5456,4.06214
31,1.87251,-1.45196,4.11467
31,1.82488,-0.740716,4.51275
31,2.75281,-1.35606,3.47923
31,1.95288,-1.28032,4.15566
31,1.81746,-0.799778,4.5062
31,1.87311,-0.864291,4.44184
31,1.97932,-1.52872,4.03607
31,1.30154,-0.11754,5.26864
31,1.76478,-0.857393,4.53811
31,1.94401,-1.66275,4.00049
31,1.1958,-0.51871,5.16622
31,1.95129,-1.26364,4.20822
31,1.7168,-0.843935,4.60172
31,1.81862,-0.878407,4.51709
31,1.95573,-1.27992,4.21218
31,1.85201,-0.853165,4.51608
31,1.86591,-0.732711,4.57271
31,3.04691,0.171638,4.08612
31,1.88003,-0.738579,4.56858
31,1.89802,-0.763091,4.54334
31,1.90728,-0.784482,4.54362
31,1.82494,-0.877043,4.57416
31,1.28373,-0.482138,5.19796
31,2.01757,-1.75088,3.99875
31,1.8888,-0.820025,4.57766
31,2.00379,-0.740822,4.52904
31,1.95611,-1.51755,4.19226
31,1.94436,-1.51415,4.21173
31,1.92153,-0.784788,4.59094
31,2.38817,-1.66211,3.79741
31,1.88252,-0.771807,4.65335
31,1.80007,-0.878267,4.67474
31,2.04421,-0.756518,4.54175
31,2.03379,-1.32357,4.28475
31,1.89059,-0.779288,4.66647
31,1.8127,-0.886519,4.68729
31,1.90326,-0.779163,4.68488
31,2.07649,-1.48522,4.20481
31,2.1287,-1.72279,4.0473
31,1.90263,-0.77881,4.69198
31,2.04295,-1.31881,4.3179
31,2.08428,-0.760763,4.56822
31,2.14148,-1.74062,4.06123
31,1.95454,-0.897173,4.6292
31,1.95111,-0.87718,4.66364
31,2.11779,-0.774668,4.59664
31,2.07978,-0.886861,4.57184
31,2.08701,-0.892754,4.56582
31,2.16494,-0.293027,4.813
31,2.20826,-1.63594,4.13471
31,2.14239,-0.781457,4.6103
31,2.08799,-0.341272,4.87058
31,2.45979,-1.71547,3.90438
31,1.99603,-0.92543,4.6622
31,2.12718,-1.54373,4.25502
31,2.11389,-0.355017,4.88112
31,2.16751,-0.799348,4.62337
31,2.12088,-0.91134,4.60661
31,2.21055,-0.312602,4.83457
31,2.18056,-1.46998,4.29124
31,2.095,-0.878289,4.65114
31,2.06072,-0.97357,4.63416
31,2.05818,-0.962721,4.64927
31,2.25032,-1.71146,4.13431
31,2.508,-1.75617,3.94085
31,2.08562,-0.983297,4.65681
31,2.34719,-1.80945,4.06465
31,1.85542,-0.614954,5.07655
31,2.25285,-1.50139,4.33537
31,2.70842,-0.353113,4.56314
31,2.30562,-1.57996,4.29927
31,2.23833,-0.96633,4.67068
31,2.41323,-1.86524,4.10483
31,2.40965,-1.75014,4.16556
31,2.40058,-1.72097,4.20794
31,2.07555,-0.596116,5.02748
31,2.03569,-0.781477,4.96774
31,2.40672,-1.6589,4.25125
31,2.07678,-0.596578,5.03976
31,2.0053,-0.586001,5.10193
31,1.9869,-0.779991,5.03257
31,2.08577,-0.597743,5.04451
31,1.99188,-0.782483,5.02999
31,2.13567,-0.6049,5.01258
31,2.08819,-0.601171,5.06595
31,2.31637,-0.932505,4.72399
31,2.44169,-0.375874,4.90009
31,2.02066,-0.788833,5.03011
31,2.03529,-0.605122,5.12557
31,2.17251,-0.610379,5.02677
31,2.3322,-0.938437,4.74295
31,2.00501,-0.768281,5.09867
31,2.38212,-0.369844,5.0481
31,2.37431,-0.961288,4.77967
31,2.92061,-0.430759,4.61448
31,3.09897,-0.993122,4.20094
31,4.01667,-0.503671,3.71842
31,2.04148,-0.619258,5.22547
31,3.10503,-0.9359,4.24823
31,3.14736,-0.987648,4.22758
31,2.10547,-0.660621,5.21371
31,2.16758,-0.755841,5.12218
31,2.17709,-0.652172,5.17138
31,2.9135,-0.403886,4.74686
31,3.17706,-0.959422,4.26613
31,2.13539,-0.653413,5.2528
31,2.16898,-0.75445,5.18902
31,2.10527,-0.64924,5.30881
31,2.18541,-0.751091,5.23078
31,4.17341,-0.445999,3.89476
31,3.26445,-1.01092,4.33592
31,2.15169,-0.746066,5.41426
31,3.66356,-1.65221,3.83259
31,2.32191,-0.794921,5.42707
31,4.3403,-0.504792,4.02505
31,3.22257,-0.478079,5.00357
31,3.30025,-0.567438,4.91814
31,2.39619,-0.816921,5.58675
31,3.23692,-0.610637,5.14856
31,3.19741,-0.597804,5.24629
31,3.20676,-0.59666,5.25584
31,3.31558,-0.626789,5.20286
31,4.1527,-1.83657,3.9655
31,3.64963,-0.575166,4.98955
31,4.09312,-1.75012,4.0703
31,2.47516,-0.868256,5.85046
31,3.43573,-0.686669,5.23428
31,2.551,-0.935379,5.8782
31,3.57773,-0.575774,5.32277
31,4.49755,-1.99662,4.09869
31,3.52039,-0.80393,5.47907
31,3.66123,-0.835384,5.51227
31,3.97246,-2.45407,4.54518
31,3.76961,-0.863198,5.5571
31,4.80511,-2.08937,4.24114
31,4.12776,-2.51112,4.59302
31,3.81511,-0.895157,5.65294
31,4.30057,-1.20896,6.06807
31,4.39918,-1.26518,6.18587
31,1.09329,-0.376578,3.67878
30,1.09329,-0.376578,3.67878
31,0.648453,-0.136945,4.01518
30,0.648453,-0.136945,4.01518
32,2.23502,0.981254,2.74418
32,2.2647,0.67206,2.54855
32,2.27489,0.683166,2.55476
32,2.29464,0.690413,2.53633
32,2.23073,0.936281,2.82435
32,1.69903,0.468231,3.23241
32,2.33032,0.940939,2.72116
32,2.29865,0.938731,2.7696
32,2.20536,0.789722,2.82646
32,2.26365,0.895153,2.82098
32,2.27411,0.932397,2.83882
32,1.76658,0.450151,3.23122
32,2.24927,0.827574,2.86089
32,2.32396,0.892766,2.82241
32,2.35339,0.857795,2.77984
32,2.34605,0.818924,2.80663
32,2.27358,0.795969,2.93476
32,2.33569,0.91949,2.94242
32,2.29323,0.771252,2.92103
32,2.40055,0.817911,2.83853
32,2.25265,0.514655,3.32242
32,2.72546,-0.192815,2.38181
32,2.66987,0.960665,3.18479
32,2.79782,-0.211544,2.39979
32,2.62802,0.771421,3.21413
32,2.42569,0.565743,3.37062
32,2.4139,0.561983,3.38933
32,2.44856,0.529943,3.35756
32,2.44412,0.523752,3.37318
32,2.46891,0.603282,3.4458
32,2.43496,0.492968,3.52439
32,2.8113,0.84427,3.27594
32,2.45873,0.482313,3.53835
32,2.45201,0.53179,3.57766
32,2.84025,0.953148,3.34282
32,2.56513,0.612997,3.51884
32,2.47145,0.52944,3.59664
32,2.80508,0.788816,3.34299
32,2.77741,0.82186,3.41996
32,2.48724,0.517845,3.61136
32,2.45154,0.492924,3.64662
32,2.46868,0.412362,3.57848
32,2.61144,0.520481,3.49293
32,1.4588,-1.40686,3.81624
32,2.26926,-1.05942,2.99513
32,2.47829,0.488159,3.65733
32,2.48828,0.409007,3.59753
32,2.51399,0.392315,3.58248
32,2.45194,0.422522,3.68135
32,2.50699,0.374419,3.60771
32,2.48875,0.492643,3.71364
32,2.85109,0.836248,3.47614
32,2.48047,0.433382,3.73628
32,2.95546,0.836913,3.45378
32,2.98803,0.798295,3.43431
32,2.94458,0.829183,3.51641
32,2.47872,-1.25271,2.8636
32,1.9226,-1.4347,3.47664
32,2.77566,0.471678,3.53549
32,3.47152,-0.165622,2.27168
32,2.73221,-0.166625,3.21862
32,2.35669,-1.15279,3.11832
32,2.99113,0.672706,3.43006
32,2.43065,-1.12871,3.13508
32,1.78387,-1.44739,3.82517
32,3.0222,0.782395,3.6051
32,3.04789,0.734866,3.54594
32,1.7995,-1.58174,3.76402
32,3.02631,0.779527,3.6217
32,1.74389,-1.51049,3.88589
32,3.02759,0.749711,3.60693
32,3.04971,0.703585,3.60159
32,3.02495,0.681455,3.62219
32,1.80637,-1.71161,3.77336
32,3.68925,0.213249,2.53641
32,2.94497,0.456264,3.63677
32,3.09093,0.603894,3.55837
32,2.6371,-1.16661,3.08043
32,1.77384,-1.38686,4.05172
32,3.06655,0.608813,3.65411
32,3.30076,-0.18664,2.91359
32,3.74675,-0.206519,2.35188
32,3.09462,0.604572,3.68045
32,3.2434,0.669117,3.5736
32,3.74884,-0.135201,2.45158
32,3.61807,0.362915,2.9424
32,3.75113,-0.222983,2.43461
32,3.26249,0.65128,3.59103
32,3.13975,0.595753,3.72619
32,3.85903,-0.0691996,2.4297
32,3.49484,-0.429654,2.68677
32,3.41643,-0.214603,2.95833
32,2.62584,-1.36055,3.29005
32,3.89667,-0.217729,2.40275
32,3.72233,0.366967,2.97852
32,3.92521,-0.151763,2.41054
32,3.51732,-0.139492,2.94649
32,3.54987,-0.134767,2.96396
32,3.31866,0.592443,3.7193
32,3.33312,0.615584,3.72097
32,3.57304,-0.138959,2.97949
32,3.58945,-0.218789,2.96716
32,2.55833,-0.719216,4.01888
32,3.57229,-0.354429,2.95026
32,2.77865,-1.16729,3.51748
32,3.64677,-0.466662,2.85473
32,2.62525,-0.688106,4.07409
32,3.40754,0.527857,3.84427
32,2.63935,-0.753342,4.0582
32,2.85805,-1.38751,3.42084
32,2.59997,-0.271824,4.42047
32,2.78316,-1.40563,3.52595
32,2.87426,-1.32191,3.47127
32,2.6636,-0.697378,4.11797
32,2.80633,-1.43985,3.51066
32,2.88761,-1.32511,3.4855
32,3.44752,0.521204,3.89829
32,3.72387,-0.472552,2.96337
32,2.71221,-0.790976,4.0671
32,2.67021,-0.307684,4.4305
32,3.74273,-0.390883,3.02094
32,2.88218,-1.51446,3.44853
32,3.767,-0.408604,3.02695
32,2.75873,-0.803919,4.09246
32,3.84504,-0.546169,2.90044
32,2.90284,-1.47631,3.56869
32,4.20569,-0.308907,2.60974
32,4.198,-0.270915,2.65702
32,2.79579,-0.813621,4.12195
32,2.92168,-1.50382,3.56406
32,2.79697,-0.826964,4.12926
32,4.46484,-0.00989705,2.5385
32,4.45991,-0.0641449,2.59305
32,3.03804,-1.61598,3.51887
32,4.3432,-0.383762,2.73984
32,4.01375,-0.553811,3.12724
32,3.28749,-1.5497,3.4612
32,4.13473,-0.638064,2.97372
32,3.71559,-0.357929,3.69904
32,4.20378,-0.631843,2.93142
32,4.3746,-0.150052,3.00969
32,3.74186,-0.368446,3.7288
32,4.4613,-0.274739,2.89224
32,3.78118,-0.394586,3.72256
32,4.62182,-0.312674,2.79276
32,3.83076,-0.402346,3.75012
32,3.83951,-0.307647,3.87658
32,3.85393,-0.324178,3.89506
32,4.6377,-0.418875,2.83941
32,3.90974,-0.416177,3.7884
32,4.65283,-0.313703,2.95522
32,4.68833,-0.212521,3.01757
32,4.44251,-0.815503,3.12622
32,4.8069,-0.61901,2.95071
32,4.54736,-0.861012,3.19023
32,4.63745,-0.860896,3.18357
32,4.68677,-0.910888,3.22618
32,4.94883,-1.08315,3.29234
32,4.02606,-1.8614,4.07255
32,3.9365,-2.03636,4.08581
32,4.02386,-1.86413,4.1079
32,4.11871,-1.92708,4.14306
32,4.25196,-2.00791,4.22065
32,4.27693,-2.00026,4.20898
32,5.07142,-0.522601,4.10734
32,5.02623,-0.359969,4.27819
32,5.68011,-0.820532,3.21487
32,3.7896,-2.5331,4.6198
32,5.20608,-0.379791,4.39526
32,5.35287,-0.396429,4.46298
32,4.0576,-2.74017,4.8305
32,5.4811,-0.60333,4.31615
32,5.58365,-0.619957,4.34016
32,4.13968,-2.91136,5.03804
32,4.25923,-3.04491,5.08949
32,6.75846,-4.1693,5.08823
28,6.75846,-4.1693,5.08823
32,7.04594,-4.32953,5.18666
28,7.04594,-4.32953,5.18666
33,3.39512,0.416738,2.77803
33,3.87056,0.647167,2.76658
33,3.87495,0.658261,2.78025
33,3.40586,0.557427,3.03611
33,4.06903,-0.806557,3.55215
33,4.59601,-0.791467,3.56347
33,4.23759,-0.46045,3.95009
33,4.62278,-0.352878,3.81655
33,4.64274,-0.380386,3.7968
33,4.19166,-0.937586,3.80781
33,4.26872,-0.881541,3.8017
33,4.6584,-0.813948,3.62663
33,4.66047,-0.833435,3.62386
33,5.0643,-1.01455,3.33151
33,4.24096,-0.497505,4.02301
33,4.36099,-0.56483,3.92722
33,4.7,-0.345243,3.84114
33,4.36572,-0.553258,3.93929
33,4.58704,-0.797036,3.71246
33,4.56566,-0.766408,3.76048
33,4.78055,-0.264168,3.86634
33,4.69536,-0.302531,3.89789
33,4.5634,-0.774811,3.7616
33,4.29667,-0.495544,4.03729
33,4.3931,-0.584402,3.9518
33,4.70093,-0.84883,3.66648
33,4.4003,-0.568273,3.95796
33,5.03457,-1.01239,3.41314
33,5.04889,-1.06896,3.3823
33,4.24274,-0.988026,3.86483
33,4.71654,-0.353842,3.88774
33,4.72606,-0.358868,3.88178
33,4.74964,-0.597184,3.7634
33,4.30662,-0.507856,4.05007
33,4.56506,-0.773075,3.79257
33,4.31088,-0.502028,4.05824
33,4.41676,-0.595266,3.96124
33,4.41359,-0.555637,3.98339
33,4.40126,-0.565158,3.98624
33,4.63636,-0.818788,3.75535
33,4.72118,-0.387074,3.91449
33,4.59738,-0.780982,3.81365
33,4.54512,-0.78306,3.84515
33,4.47494,-0.60269,3.96435
33,4.72921,-0.321826,3.95034
33,4.45067,-0.542296,4.01768
33,5.14677,-1.06527,3.40423
33,4.83873,-0.267423,3.93121
33,4.76936,-0.610644,3.81721
33,4.5661,-0.76027,3.86406
33,4.7492,-0.42361,3.91682
33,4.55184,-0.736037,3.88675
33,4.48893,-0.674439,3.95186
33,5.15933,-1.07139,3.40736
33,4.54045,-0.739472,3.89652
33,4.54637,-0.733799,3.8958
33,4.56615,-0.785128,3.86371
33,4.62364,-0.800219,3.82584
33,4.4723,-0.601158,3.99834
33,4.52182,-0.666341,3.9436
33,4.79344,-0.623946,3.824
33,4.49316,-0.606664,4.00716
33,4.52285,-0.536518,4.02477
33,4.1847,-1.01839,3.99965
33,4.84989,-0.644601,3.80284
33,4.80181,-0.623415,3.84229
33,4.53993,-0.661194,3.97272
33,5.20102,-1.05065,3.43992
33,4.5073,-0.565402,4.0383
33,4.63012,-0.820303,3.85851
33,4.02449,-1.45155,3.91293
33,4.21785,-0.977931,4.01838
33,4.59256,-0.782296,3.90596
33,4.91678,-0.347122,3.92657
33,4.55321,-0.825275,3.91832
33,4.94294,-0.335075,3.92459
33,4.57609,-0.751578,3.94192
33,4.78834,-0.89098,3.76612
33,4.22035,-0.95283,4.0519
33,4.5465,-0.678745,3.99628
33,4.58641,-0.72258,3.96536
33,4.57667,-0.716399,3.97759
33,4.53313,-0.709529,4.01279
33,4.52602,-0.706482,4.02085
33,3.91435,-0.604385,4.40927
33,5.11178,-0.971531,3.58838
33,4.20977,-1.05183,4.0565
33,4.54056,-0.867523,3.95684
33,4.18207,-0.991756,4.10286
33,4.22049,-0.960231,4.09599
33,4.83549,-0.588773,3.92534
33,4.5645,-0.149381,4.2739
33,4.20116,-1.1253,4.04448
33,4.92363,-0.589374,3.88933
33,4.82995,-0.420837,4.01594
33,4.1496,-0.89428,4.18026
33,3.9142,-0.592006,4.4441
33,4.20826,-1.11853,4.05359
33,4.20066,-0.96648,4.13092
33,5.13023,-0.977912,3.61491
33,4.96519,-0.361821,3.98037
33,4.17596,-0.882816,4.18432
33,4.24223,-0.979521,4.11034
33,4.14613,-0.846176,4.22655
33,4.07267,-1.50573,3.9755
33,4.10298,-1.46862,3.97731
33,4.95745,-0.293923,4.03041
33,4.55877,-0.128984,4.32479
33,3.92247,-0.601783,4.46474
33,4.96673,-0.60143,3.89654
33,4.94086,-0.560554,3.93314
33,4.14402,-0.810144,4.2624
33,4.22646,-1.12889,4.08149
33,4.68973,-0.814247,3.96693
33,4.22904,-1.11658,4.09071
33,4.27753,-1.16467,4.04523
33,4.58338,-0.157174,4.32524
33,4.55687,-0.125509,4.35807
33,4.22681,-1.13142,4.0978
33,4.21632,-1.01446,4.15933
33,4.1629,-0.823219,4.27489
33,3.92957,-0.611469,4.49799
33,4.57799,-0.783886,4.06926
33,4.22682,-0.98938,4.17478
33,4.24816,-1.081,4.12234
33,3.65759,-0.557386,4.68064
33,3.65982,-0.546794,4.68797
33,4.98009,-0.610371,3.93415
33,4.18698,-0.921021,4.23279
33,4.99975,-0.691538,3.88879
33,4.92664,-0.637899,3.96052
33,4.25631,-1.03513,4.15542
33,4.89928,-0.61653,3.99092
33,4.24977,-1.15758,4.11601
33,4.60558,-0.166451,4.36515
33,4.23224,-0.964272,4.21595
33,4.1875,-0.872849,4.28877
33,4.23808,-1.63629,3.92301
33,3.89373,-0.470857,4.64783
33,4.24784,-0.913535,4.25661
33,5.04486,-0.707567,3.91227
33,4.18968,-0.844847,4.32588
33,4.29994,-1.62441,3.92013
33,4.2243,-0.87105,4.30204
33,5.03799,-0.711696,3.92561
33,4.30346,-1.60252,3.93512
33,4.67192,-0.178459,4.36971
33,4.25459,-0.927161,4.27242
33,4.95539,-0.608523,4.02901
33,4.39141,-0.663567,4.3175
33,4.29607,-1.62733,3.94201
33,4.50609,-0.553026,4.30635
33,4.25869,-1.65046,3.96079
33,5.06863,-0.720414,3.93467
33,4.59573,-0.14532,4.45733
33,4.32594,-1.64582,3.94173
33,4.22554,-1.64749,3.99818
33,4.31468,-1.61171,3.97951
33,5.0913,-0.393562,4.09452
33,4.63299,-0.149307,4.4574
33,3.92539,-0.502808,4.70652
33,4.3362,-1.67028,3.96608
33,5.36729,-0.997325,3.70124
33,4.29228,-1.69832,3.99286
33,3.30273,-2.27589,4.33451
33,4.01437,-0.632311,4.70675
33,4.31312,-1.72517,4.12153
33,4.43833,-1.28288,4.26656
33,4.00957,-0.529373,4.87323
33,4.74427,-1.0333,4.28523
33,4.78124,-1.07173,4.33684
33,4.74157,-1.15226,4.3299
33,4.76076,-1.12906,4.34015
33,4.51599,-0.777349,4.6333
33,4.7725,-1.13314,4.35899
33,4.55561,-0.785658,4.68024
33,4.53151,-0.798463,4.70032
33,4.52906,-0.884511,4.74593
33,4.84975,-1.18036,4.45321
33,4.9196,-1.1317,4.50611
33,4.96237,-1.1712,4.47737
33,4.9698,-1.14376,4.53793
33,4.57177,-0.897769,4.8781
33,4.6561,-0.864981,4.89221
33,4.61038,-0.919686,4.94176
33,5.04949,-1.20136,4.5926
33,4.65755,-0.942097,4.93772
33,5.20528,-1.30139,4.78307
33,6.62226,-1.47344,7.37838
33,2.87263,0.286407,3.66137
32,2.87263,0.286407,3.66137
34,0.0323293,-0.221071,2.28076
34,0.445615,-0.428637,3.5166
34,0.509727,-0.463064,3.52546
34,0.49259,-0.457472,3.48289
34,0.103519,0.298936,1.65346
34,0.1094,0.285034,1.66361
34,0.0528029,0.306086,1.89086
34,0.427977,-0.436811,3.4933
34,0.443235,-0.462784,3.44074
34,-0.328978,-0.58238,5.1799
34,0.0392438,0.368242,1.81521
34,0.0231,0.397338,1.89959
34,0.0171761,0.374809,1.90686
34,0.0112381,0.353093,1.91954
34,0.240867,0.409375,2.01797
34,0.196612,0.390994,1.89787
34,0.190998,0.323981,1.96318
34,0.15635,0.310447,1.91781
34,0.180099,0.307944,1.97946
34,0.143637,0.27901,1.90957
34,0.183594,0.364896,1.95028
34,0.145253,0.3613,1.93106
34,0.16412,0.332075,1.93816
34,0.236754,0.377369,1.98352
34,0.232687,0.355697,2.00234
34,0.297217,0.339302,1.78343
34,0.288349,0.331634,1.83432
34,0.250152,0.336715,1.89548
34,0.110303,0.286253,1.95915
34,0.19706,0.280471,1.96191
34,0.377185,-0.430682,3.53338
34,0.358551,-0.476428,3.46105
34,-0.000873417,0.362075,1.9352
34,-0.0195409,0.412441,1.97179
34,0.0218728,-0.273014,2.42829
34,0.279447,0.356023,1.6768
34,0.0505609,0.302169,1.89621
34,0.232106,0.352244,1.97589
34,0.219204,0.363117,1.99454
34,0.219837,0.349028,2.0003
34,0.427779,-0.438925,3.528
34,0.453989,-0.451852,3.42366
34,0.0148081,0.355253,1.91162
34,0.000349145,0.361851,1.94713
34,-0.915176,-0.717313,5.76563
34,-0.817206,-0.667157,4.91415
34,-0.446794,-1.06369,5.636
34,-0.507896,-1.01531,5.60432
34,-0.519648,-1.12212,5.5042
34,-0.243641,-0.116452,2.38919
34,-0.276904,-0.115247,2.36447
34,-0.513072,-0.658623,4.85129
34,-0.533539,-0.585726,4.70796
34,-0.390961,-0.538925,4.9317
34,-0.461861,-0.571618,4.89211
34,-0.771624,-0.688871,5.3736
34,-0.214268,0.0486339,2.10116
34,-0.297093,0.0904354,2.62155
34,-0.370794,0.0772723,2.51592
34,-0.413985,-0.0291377,2.6718
34,-0.363258,-0.0735083,2.46479
34,-0.385288,-0.0796757,2.37082
34,-0.328733,-0.0459193,2.48579
34,0.0217589,0.336429,1.88717
34,0.267893,-0.715872,4.41223
34,0.222575,-0.731531,4.50874
34,0.179287,0.306555,1.97053
34,0.152038,0.311464,1.90921
34,0.186024,0.36479,1.96294
34,0.144518,0.354079,1.9053
34,0.161859,0.338569,1.94036
34,0.29549,0.329503,1.77306
34,0.250746,0.329948,1.89095
34,0.288703,0.248934,1.77258
34,0.102824,0.290229,1.59418
34,0.109624,0.284982,1.92551
34,0.191756,0.280614,1.94574
34,0.450672,-0.422015,3.49847
34,-0.217396,0.00901446,2.13183
34,-0.222417,-0.0256923,2.35588
34,0.00984069,-0.158619,2.48327
34,-0.561823,-0.507839,4.64724
34,-0.588508,-0.65869,4.72023
34,-0.501199,-0.464079,4.73903
34,-0.483347,-0.675692,5.1197
34,-0.431368,-0.90548,5.71411
34,-0.558399,-1.09479,5.68676
34,-0.592448,-0.758019,4.90055
34,-0.601503,-1.26945,5.89845
34,0.0192035,-0.280284,2.47904
34,-0.323172,-0.569655,5.03846
34,-0.280684,-1.01145,4.96136
34,0.765453,-0.605618,3.20887
34,-0.453524,-0.54676,4.80381
34,-0.46327,-0.580788,4.90704
34,-0.29948,-0.54427,4.78193
34,-0.308757,-0.583513,4.93006
34,0.01363,-0.283285,2.48893
34,0.0139206,-0.300866,2.542
34,-0.378619,-0.0791957,2.46766
34,-0.391313,-0.0882098,2.40789
34,-0.279736,0.0782029,2.48499
34,-0.233543,0.050526,2.25667
34,-0.553429,-1.09368,5.59304
34,-0.503299,-1.09085,5.33103
34,-0.509326,-1.03103,5.66743
34,-0.446972,-1.05674,5.53261
34,-0.480561,0.0911976,2.53254
34,-0.432182,0.0190598,2.17357
34,-0.416693,-0.0104056,2.14464
34,-0.692482,-0.611346,4.79718
34,-0.790396,-0.637623,5.00337
34,-0.563299,-0.72217,4.80998
34,-0.600921,-0.671725,4.762
34,-0.323828,-0.0457579,2.47705
34,-0.322562,-0.0903888,2.46737
34,-0.52335,-0.592475,4.6491
34,-0.487337,-0.704708,5.16197
34,-0.0252449,0.415033,1.99018
34,-0.00709916,0.374992,1.96972
34,0.18012,0.302468,1.96335
34,0.148573,0.301628,1.90185
34,0.227721,0.351719,1.98984
34,0.189845,0.366432,1.97178
34,0.35324,-0.412034,3.35264
34,0.347705,-0.450528,3.3001
34,0.232174,0.368415,1.69293
34,0.224616,0.370956,1.81842
34,0.442619,-0.424769,3.45626
34,0.456144,-0.454068,3.32603
34,-0.421005,-0.0371305,2.66505
34,-0.472682,-0.457644,4.56743
34,0.0018519,0.430543,1.97841
34,0.0361641,0.386314,1.8937
34,0.0189483,0.360138,1.89169
34,-0.8267,-0.512905,4.69359
34,-0.811498,-0.641117,4.85772
34,-0.381101,0.0689289,2.55958
34,-0.209946,0.00897198,2.12175
34,-0.220979,-0.0326109,2.34065
34,0.287907,0.325481,1.75142
34,0.259826,0.326276,1.89455
34,-0.40162,0.064743,2.40414
34,-0.425588,-1.17361,5.26792
34,-0.560911,-1.21141,5.66866
34,-0.468165,-1.25518,5.20942
34,0.127416,0.326214,1.84554
34,0.104648,0.273759,1.8883
34,0.0522238,0.293941,1.85338
34,0.178482,0.375538,1.62401
34,0.15294,0.400635,1.66708
34,0.197363,0.38213,1.87319
34,0.60884,-0.387921,3.70374
34,1.07579,-0.28599,3.69038
34,-0.562865,-0.505616,4.62689
34,-0.4271,-0.891865,5.60145
34,-0.434114,0.0112956,2.67126
34,0.159472,0.332249,1.92924
34,0.197037,0.274456,1.95431
34,0.020181,0.475041,2.01475
34,-0.00706561,0.48003,1.96041
34,-0.595089,-0.778871,4.89178
34,-0.683525,-1.28051,5.41659
34,0.00448966,-0.872635,4.79676
34,-0.350496,-1.13884,5.21821
34,-0.238049,-0.1209,2.40577
34,-0.962248,-0.426204,5.19532
34,0.0270203,0.328098,1.8562
34,0.0741242,0.493032,2.26556
34,0.264073,-0.670467,4.09418
34,-0.414505,-0.0304937,2.34128
34,-0.418787,-0.0436966,2.36547
34,0.221178,0.353896,1.7271
34,0.211296,0.369526,1.80338
34,0.266629,0.361142,1.71682
34,-0.446768,0.019703,2.24693
34,-0.431753,-0.00475044,2.23259
34,-0.482642,0.0898723,2.49574
34,-0.434781,0.0454944,2.31342
34,-0.330126,-0.0861274,2.47368
34,-0.387941,-0.073389,2.49884
34,-0.547502,-0.570316,4.67509
34,-0.626448,-0.703656,4.89386
34,-0.509794,-1.03198,5.67264
34,-0.55094,-1.05424,5.46754
34,-0.437601,-0.412812,4.12
34,-0.463122,-0.566248,4.85874
34,-0.367191,-1.15758,5.39385
34,-0.420762,-1.2015,5.32796
34,0.0367367,0.394177,1.92368
34,0.0159026,0.37623,1.93922
34,0.17472,0.302853,1.94295
34,0.141155,0.299025,1.91839
34,0.150241,0.451579,1.67074
34,0.133129,0.446142,1.68458
34,0.188636,0.38338,1.87099
34,0.187826,0.371351,1.96938
34,0.176502,0.385573,1.66089
34,0.184348,0.384626,1.82846
34,0.254164,0.327849,1.90369
34,0.228335,0.303766,1.9488
34,-0.417059,-0.0338024,2.59532
34,-0.50734,-0.043554,2.35775
34,-0.830125,-0.514767,4.41701
34,-0.80917,-0.62066,4.87026
34,-0.297055,0.0775218,2.53654
34,-0.387587,0.0790749,2.58736
34,-0.222989,0.00734809,2.21295
34,-0.215013,-0.0293799,2.25576
34,-0.332264,-0.82064,5.3054
34,0.0460017,0.29213,1.87415
34,0.501103,-0.428771,3.22659
34,0.451116,-0.431403,3.24639
34,0.936602,-0.0957587,2.75029
34,-0.423151,0.0600247,2.39012
34,-0.699959,-0.617947,4.84897
34,-0.598367,-1.20904,5.63361
34,0.15442,0.576409,1.71721
34,0.172036,0.507686,1.70634
34,0.144696,0.518955,1.71285
34,0.332403,0.391209,1.76816
34,0.288173,0.326945,1.73388
34,1.58288,-0.402634,4.8017
34,1.34078,-0.388922,4.3552
34,-0.396082,0.00877964,2.64407
34,-0.317825,-0.0593926,2.48287
34,-0.44655,-0.905448,5.65451
34,-0.427181,-1.07247,5.40924
34,0.172412,0.420836,1.6224
34,0.152293,0.402384,1.69355
34,0.220112,0.350045,1.97024
34,0.182067,0.266357,1.90899
34,0.0269272,0.415004,1.97287
34,-0.00535702,0.428787,1.98692
34,-0.0163371,0.389171,2.00592
34,0.233885,0.363223,1.68311
34,-0.598078,-0.754828,4.87993
34,-0.678578,-1.2532,5.3011
34,-0.0130139,-0.878086,4.82672
34,-0.737873,-0.372642,4.75285
34,0.00720409,-0.305071,2.61768
34,-0.27517,-0.488119,4.39375
34,-0.855832,-0.367695,4.68974
34,-1.03569,-0.482265,4.81316
34,-0.0162463,0.49569,1.99478
34,-0.245199,0.0453984,2.30854
34,-0.631696,0.0982512,2.72842
34,0.126299,0.339447,1.85374
34,0.827511,-0.00485963,2.2838
34,0.343805,-0.447543,3.2352
34,0.233314,-0.596014,3.7221
34,0.754448,-0.596387,3.18293
34,-0.487677,0.0979616,2.56513
34,-0.463891,0.0453253,2.44002
34,-0.329443,-0.0518271,2.50954
34,-0.382136,-0.0688597,2.53254
34,-0.716662,-1.90933,5.20021
34,-0.783436,-1.90635,5.1921
34,-0.442448,-1.14133,5.60257
34,-0.365458,-1.20231,5.54595
34,0.306593,-0.373124,3.14285
34,0.333471,-0.44318,3.20366
34,1.1518,-0.286118,3.9218
34,0.983333,-0.249831,3.42442
34,1.29542,-1.02691,3.81616
34,-0.547391,-0.549805,4.63105
34,-0.649787,-0.684729,4.94978
34,-0.722193,-1.97637,4.78622
34,-0.632294,-1.98452,4.58802
34,-0.43118,-0.862385,5.45989
34,-0.483234,-0.929545,5.65117
34,-0.228352,0.0127392,2.31627
34,-0.224453,-0.0321336,2.27671
34,0.0264505,0.521051,2.10607
34,-0.0145879,0.51159,2.06783
34,0.131273,0.449743,1.68432
34,0.174007,0.391724,1.67169
34,0.143312,0.519536,1.69647
34,0.176627,0.508561,1.69686
34,0.135291,0.295349,1.89481
34,0.182291,0.266836,1.86864
34,1.29922,-0.39205,4.2352
34,1.27504,-0.483153,4.06964
34,0.807888,-0.00229406,2.2097
34,0.887504,-0.0697445,2.56508
34,-0.432939,0.0803693,2.53917
34,-0.817005,-0.506222,4.79171
34,-0.84216,-0.440339,4.75684
34,-0.755972,-0.577514,4.61055
34,-0.273743,-0.466025,4.15414
34,-0.419616,-0.395599,3.99162
34,-0.468155,-0.56377,4.74868
34,-0.0010349,0.430015,2.00273
34,0.0245411,0.36846,1.95404
34,-0.0143034,0.395565,2.02749
34,0.190891,0.381775,1.8339
34,0.210828,0.33443,1.90573
34,0.133601,0.340594,1.87114
34,-0.560702,-1.12143,5.68742
34,-0.435877,-1.23263,5.51936
34,-0.50585,-1.33509,5.49548
34,-0.57213,-0.732883,4.84035
34,-0.677884,-1.28473,5.43446
34,-0.00246273,-0.846123,4.76519
34,-0.310621,-0.826543,5.23297
34,-0.791348,-0.342669,4.31065
34,-0.4507,-1.85445,4.28731
34,-0.397612,0.0661776,2.63511
34,1.35339,-1.10836,3.83904
34,0.0498612,0.417628,1.94504
34,0.284164,0.328865,1.74406
34,0.229683,0.360551,1.67921
34,0.155241,0.566963,1.70567
34,0.047713,0.290117,1.86124
34,1.84508,0.481146,3.53111
34,0.886977,-0.016599,2.19095
34,0.261612,0.308398,1.82539
34,1.64574,-0.247281,3.1107
34,0.992911,-0.124782,2.33928
34,0.467248,-0.410941,3.11797
34,0.734641,-0.596344,3.12813
34,-0.00134692,-0.292379,2.60625
34,-0.840015,-2.09868,5.33587
34,0.124605,0.446403,1.71377
34,0.163282,0.388671,1.69653
34,0.179163,0.515863,1.72122
34,0.138309,0.528062,1.71697
34,0.224859,0.362166,1.76184
34,0.255138,0.296111,1.78022
34,1.29859,-0.528624,4.01088
34,1.29365,-0.487548,4.19915
34,1.52569,-0.389802,4.60084
34,1.10606,-0.290824,3.7829
34,0.750172,0.0033311,2.11228
34,0.88687,-0.0761103,2.55359
34,-0.428108,-0.399004,3.97355
34,-0.628874,-0.453908,4.52032
34,-0.563195,-0.565573,4.56285
34,0.00424616,0.431825,2.02348
34,0.0347303,0.355365,1.95229
34,-0.0281402,0.39308,2.07026
34,0.186497,0.3683,1.79168
34,0.209922,0.326651,1.87537
34,0.138193,0.345965,1.90065
34,-0.491545,0.107723,2.63995
34,-0.409766,0.0664724,2.64685
34,-0.477862,0.0443181,2.56646
34,-1.33313,-1.42452,3.79862
34,-1.27974,-1.55776,3.9086
34,-0.656745,-1.73325,4.72065
34,-0.47553,-1.82832,4.41371
34,-0.321292,-0.86421,5.29607
34,-1.16198,-0.52343,3.54896
34,-1.54006,-0.873304,4.48857
34,-1.39204,-2.27232,5.59144
34,-1.35226,-1.77353,4.45
34,-0.314618,0.0640137,2.54895
34,-0.237923,-0.0336161,2.38176
34,-0.309898,-0.0551341,2.51071
34,0.153141,0.57357,1.73237
34,0.290408,0.330466,1.74048
34,0.685486,-0.0816948,2.1698
34,-0.737931,-0.366681,4.32795
34,-0.725752,-0.588056,4.46182
34,-1.1117,-0.513065,5.10945
34,-0.28212,-0.478107,4.11785
34,-0.0119257,0.507956,2.07507
34,-0.791433,-1.87701,5.1122
34,-1.29132,-2.39867,6.3963
34,-0.801799,-2.0235,5.17915
34,-2.08053,-4.27328,10.7222
34,0.0504422,0.419921,1.9677
34,-0.477922,-0.847241,5.19208
34,-0.652768,-0.655214,4.69207
34,-0.458013,-1.229,5.43941
34,-0.663719,-1.25715,5.37727
34,-0.597839,0.0874109,2.65208
34,-0.38366,-0.0738636,2.47822
34,-0.563719,0.0244132,2.59089
34,0.45902,-0.400212,3.03657
34,0.32895,-0.441303,3.16023
34,0.699309,-0.568647,3.04551
34,-0.729647,0.0490633,2.84125
34,0.034111,0.288854,1.91748
34,-1.05696,-0.435913,3.30745
34,-0.0159165,-0.321549,2.76944
34,-1.06622,0.595762,3.4204
34,0.122813,0.285232,1.89343
34,0.868073,-0.0135287,2.1582
34,0.986434,-0.123587,2.31689
35,-1.15626,-0.169569,2.59832
35,-1.23314,-0.438406,3.42981
35,-0.488132,-1.81863,3.50768
35,-0.485667,-1.82004,3.52822
35,-0.489507,-1.84037,3.553
35,-0.508587,-1.79786,3.57893
35,-0.519104,-1.80518,3.59468
35,-0.474704,-1.8409,3.59084
35,-0.541062,-1.79531,3.62274
35,-0.510912,-1.81795,3.6273
35,-0.499009,-1.88826,3.64365
35,-0.509937,-1.83856,3.68421
35,-0.752398,-1.99716,3.62933
35,-0.522616,-1.85428,3.72858
35,-0.50725,-1.94111,3.74231
35,-0.516306,-1.65758,3.88819
35,-0.855506,-1.79393,3.80568
35,-0.536779,-1.69975,3.93074
35,-0.775999,-2.01222,3.79285
35,-0.523664,-1.67145,3.96271
35,-0.522605,-1.67342,3.99135
35,-0.533319,-1.68394,4.00091
35,-0.879043,-1.90814,3.86355
35,-0.827925,-2.09543,3.89457
35,-0.617943,-1.70515,4.14833
35,-0.618344,-1.63369,4.22882
35,-0.885619,-1.97274,4.06702
35,-0.925611,-2.15242,3.99658
35,-0.592628,-1.76519,4.27827
35,-0.624201,-1.70357,4.38847
35,-0.943685,-2.25882,4.14441
35,-0.603992,-1.72499,4.4536
35,-0.941865,-2.49925,4.14091
35,-0.770343,-1.91792,4.39416
35,-0.894407,-2.07673,4.33001
35,-0.92381,-2.29023,4.2637
35,-1.05174,-2.14234,4.32529
35,-0.938957,-2.60782,4.19321
35,-0.945111,-2.11504,4.37539
35,-1.06424,-2.26865,4.30122
35,-0.924978,-3.40871,3.91927
35,-0.922099,-3.33233,3.96567
35,-0.95267,-2.85642,4.13515
35,-0.961486,-2.52569,4.26524
35,-0.440346,-1.09868,4.87459
35,-0.928617,-2.34705,4.34195
35,-0.371082,-0.952578,4.95901
35,-0.975297,-1.99846,4.50171
35,-0.954656,-2.35103,4.38591
35,-0.647788,-1.80888,4.67905
35,-1.49148,-1.82952,4.58737
35,-1.15208,-2.4335,4.45381
35,-1.00799,-2.39154,4.49864
35,-1.31252,-2.28531,4.49714
35,-1.22413,-2.28743,4.51708
35,-1.0344,-2.47063,4.49339
35,-1.49102,-1.84499,4.64924
35,-1.22604,-2.29122,4.53039
35,-1.3188,-2.27747,4.53213
35,-0.959051,-3.5193,4.1396
35,-0.948186,-2.09246,4.66949
35,-0.94416,-2.08726,4.67288
35,-0.874528,-2.08789,4.68961
35,-1.00692,-3.00835,4.34497
35,-0.913662,-2.20396,4.65528
35,-1.03933,-2.43236,4.55623
35,-1.32884,-2.29174,4.56954
35,-1.26877,-2.33642,4.59207
35,-1.4057,-1.93341,4.72993
35,-1.56512,-1.90158,4.71601
35,-0.96256,-2.09916,4.76492
35,-0.975926,-2.14101,4.75115
35,-1.27793,-2.33432,4.6396
35,-1.37201,-2.18265,4.68968
35,-1.32176,-2.24414,4.68257
35,-1.3919,-2.449,4.59879
35,-1.48876,-1.91292,4.82086
35,-1.45097,-1.90459,4.83976
35,-0.86,-2.33143,4.78813
35,-1.46345,-2.375,4.686
35,-1.26194,-2.38981,4.71565
35,-1.46324,-2.35488,4.6985
35,-0.917186,-2.16375,4.8638
35,-1.39543,-2.00915,4.84799
35,-1.4644,-2.21702,4.7955
35,-0.880752,-2.27853,4.87111
35,-1.37212,-2.23139,4.8151
35,-0.957966,-2.32709,4.87886
35,-1.45426,-2.41005,4.77411
35,-1.95848,-0.801145,5.30127
35,-1.21168,-2.58695,4.77763
35,-1.48014,-2.25679,4.85905
35,-0.413949,-1.18669,5.42384
35,-1.34784,-2.4375,4.81711
35,-0.947473,-2.35613,4.92509
35,-1.41283,-2.05238,4.96533
35,-1.77946,-1.87812,4.97004
35,-1.55496,-2.3745,4.84265
35,-1.33724,-2.17563,4.95594
35,-1.06461,-2.35333,5.00328
35,-1.31288,-2.50883,4.92673
35,-1.78801,-1.9426,5.06781
35,-1.88838,-0.777854,5.4775
35,-1.47922,-2.29328,4.99185
35,-1.81774,-1.91355,5.08071
35,-1.05431,-2.31235,5.06638
35,-1.44163,-2.04357,5.10306
35,-1.50671,-2.07046,5.09937
35,-1.59777,-2.40781,4.97825
35,-1.57921,-2.45074,4.9978
35,-0.432005,-1.26862,5.64875
35,-1.59371,-2.06925,5.18288
35,-1.50226,-2.58676,5.0325
35,-1.64032,-2.65979,5.01094
35,-1.47234,-2.15761,5.22364
35,-1.89977,-1.00855,5.5812
35,-1.88838,-1.00753,5.59728
35,-1.54358,-2.57968,5.08664
35,-1.9164,-1.07295,5.5972
35,-1.55918,-2.18937,5.35074
35,-1.91425,-1.99321,5.38843
35,-1.70246,-2.73899,5.16305
35,-1.67461,-2.58352,5.22638
35,-1.04757,-2.57208,5.37517
35,-1.70153,-2.73723,5.23796
35,-1.5981,-2.40065,5.38099
35,-1.53459,-2.5228,5.65037
35,-2.0077,-0.888196,6.23739
35,-1.82641,-2.95961,5.56529
35,-1.52507,-2.5321,5.79995
35,-2.09493,-2.25819,5.85359
35,-1.09897,-2.6408,5.92494
35,-1.00655,-2.42536,6.2563
35,-0.432712,-1.19262,5.38106
34,-0.432712,-1.19262,5.38106
35,-1.28521,-0.569606,3.49561
34,-1.28521,-0.569606,3.49561
36,-1.41497,-0.0852231,2.54025
36,-1.51774,-0.090254,2.70605
36,-1.5382,-0.0962704,2.80594
36,-1.68336,-0.19515,2.94463
36,-1.11994,-0.40147,3.11878
36,-2.00489,-0.228515,2.91076
36,-1.18643,-0.505094,3.15174
36,-1.22094,-0.387573,3.25847
36,-1.24387,-0.398949,3.31974
36,-1.85309,-0.186108,3.20126
36,-0.435066,-0.409745,3.91742
36,-1.44854,-0.607213,3.86242
36,-0.604583,-0.393028,4.31528
36,-1.46825,-0.654519,3.91944
36,-0.430401,-0.510488,4.42853
36,-1.09535,-1.92446,3.7342
36,-1.10338,-1.95551,3.79257
36,-1.04718,-1.95263,3.82746
36,-1.22594,-2.02369,3.79943
36,-1.41784,-1.47876,3.94063
36,-1.26399,-2.05445,3.87877
36,-1.44761,-1.51362,4.02601
36,-1.17766,-1.99088,3.97558
36,-1.24326,-2.04786,3.94182
36,-1.16375,-1.89313,4.08839
36,-1.2781,-1.96151,4.02118
36,-1.14202,-1.8088,4.13426
36,-1.21222,-2.07082,4.01557
36,-1.13051,-1.80508,4.15096
36,-1.28647,-1.98832,4.03882
36,-1.17821,-1.91306,4.11881
36,-1.27222,-1.98037,4.0575
36,-1.26157,-2.02999,4.04629
36,-1.27666,-2.10624,4.02926
36,-1.1951,-1.93131,4.1334
36,-1.13932,-1.83488,4.20382
36,-1.14256,-1.86206,4.19766
36,-1.15509,-1.84808,4.20197
36,-1.2649,-1.93232,4.14379
36,-1.28417,-2.06776,4.09764
36,-1.07775,-1.75665,4.3369
36,-1.29658,-2.0877,4.14149
36,-1.30091,-1.94926,4.221
36,-0.925844,-2.56823,4.17191
36,-1.07828,-1.78209,4.41784
36,-1.31732,-1.98679,4.2549
36,-0.988717,-2.3444,4.3821
36,-1.20786,-1.88401,4.46142
36,-1.59962,-0.836061,4.68384
36,-1.58887,-0.855973,4.68616
36,-1.01334,-2.34557,4.43657
36,-1.12525,-1.84915,4.60362
36,-0.960274,-2.40912,4.51186
36,-1.20333,-1.92985,4.66897
36,-1.22624,-1.92437,4.75935
36,-1.01046,-2.13719,4.78539
36,-1.16714,-1.93586,4.80146
36,-1.13854,-1.96147,4.89728
36,-1.31645,-2.05265,4.87532
36,-1.05709,-2.20226,4.93251
36,-1.4652,-1.99882,4.87406
36,-1.14519,-2.0628,5.01422
36,-1.13269,-2.08047,5.07304
36,-1.35535,-2.0906,5.16844
36,-1.41882,-2.2055,5.4412
36,-1.56333,-2.42368,5.95392
36,-1.14853,-2.53609,6.43066
36,-1.88053,-0.853951,5.75314
35,-1.88053,-0.853951,5.75314
36,-0.395063,-1.02831,5.14673
35,-0.395063,-1.02831,5.14673
36,-0.476102,-0.957989,5.26833
34,-0.476102,-0.957989,5.26833
36,-0.483975,-0.970726,4.92092
34,-0.483975,-0.970726,4.92092
36,-0.556047,-1.18724,5.47804
34,-0.556047,-1.18724,5.47804
36,-0.769979,-0.630383,4.53547
34,-0.769979,-0.630383,4.53547
36,-0.60277,-1.13261,4.81717
34,-0.60277,-1.13261,4.81717
36,-0.526263,-0.674987,4.45443
34,-0.526263,-0.674987,4.45443
37,-1.95834,0.360311,2.2242
37,-1.08426,0.444375,2.54521
37,-1.11428,0.464354,2.55546
37,-1.12169,0.429171,2.5482
37,-1.13799,0.394667,2.56537
37,-0.939753,0.454255,2.63542
37,-1.0832,0.447385,2.60176
37,-0.92605,0.387136,2.64333
37,-1.12947,0.36583,2.58201
37,-1.1103,0.454409,2.60469
37,-0.980505,0.414148,2.64234
37,-1.11548,0.424951,2.60719
37,-1.05545,0.408511,2.62796
37,-0.930698,0.436199,2.67279
37,-1.08379,0.390315,2.62132
37,-1.01795,0.444138,2.65844
37,-0.979048,0.402319,2.67508
37,-1.02526,0.412182,2.66327
37,-0.937875,0.375455,2.68799
37,-0.969109,0.370804,2.67989
37,-0.970432,0.35218,2.6899
37,-1.01237,0.362795,2.69103
37,-1.06847,0.314386,2.67133
37,-0.957292,0.315229,2.71514
37,-1.00088,0.363835,2.71438
37,-1.07834,0.304904,2.68389
37,-1.02984,0.334113,2.70599
37,-1.02322,0.283487,2.70949
37,-0.955375,0.309967,2.74267
37,-1.21292,0.349347,2.67921
37,-1.01366,0.338466,2.73937
37,-1.02329,0.28635,2.73653
37,-1.6813,-0.0180588,2.53562
37,-1.71764,-0.00262773,2.53076
37,-1.77074,-0.0197912,3.16031
37,-1.61953,-0.213846,3.18755
37,-1.78225,0.00418115,3.18941
37,-1.50242,-0.191344,3.25544
37,-1.51228,-0.189131,3.25449
37,-1.47871,0.739779,3.43318
37,-2.07692,0.0715043,3.16428
37,-2.05481,0.0900945,3.17623
37,-1.77971,-0.0306864,3.24017
37,-1.47926,0.74766,3.47035
37,-1.56826,-0.18208,3.29519
37,-1.51441,-0.199617,3.31016
37,-1.5075,-0.204006,3.32954
37,-1.77884,-0.0427795,3.28133
37,-1.78762,-0.0505612,3.31122
37,-1.60991,0.275947,3.42568
37,-1.59987,-0.219693,3.37021
37,-2.05311,0.0242423,3.33061
37,-2.19745,-0.0950339,3.51327
37,-2.47823,-0.161415,3.47317
37,-2.2389,-0.0904296,3.56362
37,-2.24821,-0.086371,3.57434
37,-2.25813,-0.0894595,3.58484
37,-2.50998,-0.167366,3.54567
37,-2.27425,-0.0980446,3.63512
37,-2.49973,-0.176186,3.56719
37,-2.39326,-0.176911,3.63813
37,-2.42284,-0.165879,3.64721
37,-2.53808,-0.190143,3.61322
37,-2.5816,-0.212758,3.68178
37,-2.58906,-0.22059,3.71631
37,-0.919467,-1.87345,4.05855
37,-0.956384,-1.96577,4.1592
37,-1.71161,-0.677734,4.3589
37,-0.880076,-1.96481,4.39854
37,-0.820331,-2.03613,4.49935
37,-0.915088,-2.03431,4.51249
37,-1.75945,-0.70558,4.55372
37,-1.75206,-0.787701,4.96449
37,-0.958471,-2.26734,5.32484
37,-0.719197,-2.59622,6.19122
38,-2.65631,-0.122051,3.75546
38,-3.80146,-1.11403,2.78438
38,-3.74027,-0.419571,3.37879
38,-3.96478,-0.371848,3.37107
38,-3.70787,-0.392899,3.51742
38,-3.72202,-0.419135,3.50188
38,-3.9471,-0.419122,3.42068
38,-4.13266,-0.3622,3.39462
38,-3.73176,-0.441307,3.51917
38,-3.75898,-0.480666,3.47994
38,-3.94637,-0.486678,3.41095
38,-4.11469,-0.44418,3.39728
38,-1.17359,-1.97246,3.74022
38,-1.20016,-1.94872,3.82412
38,-1.22626,-1.95449,3.6831
36,-1.22626,-1.95449,3.6831
39,-0.0065501,0.264946,1.96019
39,0.0727334,-0.19259,1.90104
39,-0.0091208,0.265678,1.95926
39,0.267241,0.259811,1.74676
39,-0.112635,0.162857,2.21293
39,-0.138626,0.1564,2.56471
39,-0.0132821,0.262408,1.96561
39,-0.0264406,0.251066,2.02407
39,0.0462989,0.292648,2.14155
39,0.0189605,0.274375,2.10496
39,-0.140453,0.228127,2.10691
39,-0.108609,0.204131,2.13383
39,-0.136431,0.266763,2.04657
39,-0.119548,0.259224,2.08983
39,-0.148974,0.244495,2.13381
39,-0.0948218,0.277169,2.1264
39,0.140098,-0.0695237,0.618369
39,0.267268,-0.229575,2.29991
39,0.0800932,-0.18299,1.83322
39,0.0530822,-0.195736,1.90087
39,0.419372,0.0920973,1.90403
39,0.468637,0.0710004,1.98558
39,0.130641,0.141158,1.34279
39,0.369559,0.211146,1.70223
39,0.316015,0.181304,1.67447
39,0.266855,0.263979,1.76854
39,0.249419,0.294017,1.88993
39,0.10707,0.239092,1.71018
39,0.0522044,0.261399,2.10737
39,0.12929,0.0640464,2.1746
39,0.0984979,-0.0721468,0.746351
39,1.05953,-0.988725,7.02183
39,1.00251,-0.998085,7.0883
39,-0.0379518,0.194374,2.34038
39,0.00993436,0.130228,1.69686
39,0.262433,-0.229893,2.45841
39,0.418201,-0.204139,2.04509
39,0.0836347,0.301452,2.06317
39,0.365497,0.249355,1.63601
39,-0.153802,0.214928,2.10776
39,0.267915,0.255319,1.72509
39,0.26779,0.27513,1.81261
39,0.25855,-0.229375,2.43643
39,-0.0540646,0.241976,2.05526
39,-0.0614661,0.248239,2.04281
39,0.0491706,0.293667,2.14901
39,0.049963,0.273615,2.18364
39,-0.0147298,0.264915,1.99381
39,-0.0229032,0.256892,2.05018
39,-0.0164517,0.194777,2.22688
39,-0.00796591,0.176589,2.21015
39,0.0303308,-0.185579,1.58825
39,-0.221698,-0.609845,3.67308
39,-0.266642,-0.631443,3.71843
39,-0.122628,-0.86217,4.66168
39,-0.145909,-0.780384,4.30759
39,0.171343,-1.24334,7.48859
39,0.115475,-1.25199,7.54073
39,-0.18189,-0.630271,3.71153
39,-0.665314,-0.528017,4.00077
39,0.000349351,-0.220342,1.94887
39,-0.107064,0.166288,2.18467
39,-0.129904,0.150061,2.46076
39,-0.0244751,0.216498,2.19089
39,-0.0339347,0.189889,2.26914
39,0.0163574,0.272579,2.11162
39,-0.112792,0.20305,2.13661
39,-0.151002,0.216055,2.10579
39,-0.127472,0.176734,2.11195
39,-0.119013,0.263594,2.10367
39,-0.13954,0.272957,2.05433
39,-0.0782751,0.252598,2.07868
39,0.27502,-0.229268,2.34121
39,0.591813,-0.633506,6.00512
39,0.218966,-0.225261,1.99238
39,0.45914,0.0748684,1.95579
39,0.417483,0.0943433,1.90089
39,0.367425,0.209626,1.67297
39,0.139562,0.0473078,2.04387
39,0.107231,0.233476,1.66251
39,0.0958652,0.287415,1.94195
39,0.323521,0.184537,1.67506
39,0.365064,0.170117,1.72153
39,0.25227,0.295963,1.90244
39,0.0787318,0.306528,2.07109
39,0.405139,0.10026,1.87702
39,0.248835,-0.447869,3.12475
39,0.415312,-0.0996148,1.7691
39,0.0169946,0.233394,2.19388
39,-0.167732,0.2454,2.01945
39,-0.186316,0.218714,2.05589
39,-0.0892978,0.153584,2.3714
39,-0.0666806,-0.357143,2.96069
39,-0.170613,0.275905,1.96463
39,-0.0705229,0.300266,2.08201
39,0.17706,-0.076818,0.850132
39,0.180722,-0.0865448,0.883767
39,1.0414,-1.00951,7.23426
39,1.01096,-1.25205,7.21234
39,-0.0940983,0.268362,2.11616
39,-0.083308,0.255133,2.08655
39,0.244668,0.314141,1.98075
39,0.248875,0.299391,1.94338
39,-0.121676,0.246622,2.09472
39,-0.141044,0.237694,2.09987
39,-0.280673,-0.676521,3.91412
39,-0.321507,-0.669773,3.97961
39,0.0322651,-0.199971,1.68954
39,0.00207024,-0.251744,2.21182
39,-0.0999323,-0.295785,2.82406
39,-0.648719,-0.512515,3.88331
39,-0.637273,-0.449502,3.5272
39,-0.0467222,0.204004,2.14665
39,-0.0278812,0.178947,2.19802
39,0.0214271,0.222717,2.13917
39,0.00201412,0.165413,2.15178
39,-0.143052,0.2024,2.12978
39,-0.135433,0.176056,2.16251
39,-0.137612,0.26912,2.04879
39,-0.0632377,0.241371,2.05013
39,0.267953,-0.243272,2.54317
39,0.0700299,-0.0794828,0.727347
39,0.259301,-0.218362,2.17932
39,0.35526,0.198473,1.62317
39,0.369208,0.183289,1.6869
39,0.0664707,0.312988,2.03164
39,0.077233,0.300524,2.07292
39,0.099183,0.215953,1.53773
39,0.101755,0.266191,1.8361
39,0.312172,0.195536,1.79962
39,0.358991,0.162623,1.71121
39,0.263323,0.238829,1.64736
39,0.0614261,0.266555,2.17996
39,0.109813,0.0533613,1.9815
39,0.726838,0.373418,2.65899
39,0.413371,0.093737,1.88868
39,0.46458,0.0705806,1.96001
39,1.06788,-1.03016,7.30302
39,0.251293,-0.442632,3.04006
39,1.40985,-0.536866,4.91286
39,1.31526,-0.503956,4.81161
39,1.48914,-0.627808,5.10834
39,1.2806,-0.585483,4.76395
39,0.408166,-0.104171,1.75564
39,1.66456,-0.291498,5.80043
39,-0.0982994,0.169938,2.21064
39,-0.0165175,0.266398,2.02807
39,-0.166387,0.25183,2.05954
39,-0.186965,0.216601,2.08042
39,-0.0930723,0.147447,2.33111
39,-0.114355,0.137001,2.33345
39,-0.16729,-0.7242,4.18997
39,-0.153164,-0.787426,4.32838
39,0.184379,-1.3128,7.80034
39,0.0516047,0.296686,2.18319
39,-0.0723617,0.296466,2.04493
39,0.184278,-0.0840253,0.878402
39,0.735224,0.129199,2.60319
39,0.352089,0.235637,1.57599
39,0.197206,0.0551583,2.04823
39,1.0386,-1.26699,7.33038
39,-0.124694,0.185462,2.18076
39,-0.136926,0.185939,2.18636
39,-0.633553,-0.485956,3.81325
39,-0.638625,-0.47935,3.6072
39,-0.2563,0.845494,2.29531
39,-0.290482,0.873059,2.37015
39,-0.131167,0.246584,2.0944
39,-0.119705,0.235073,2.09351
39,-0.198779,-0.734537,4.29491
39,-0.228401,-0.661392,3.99447
39,-0.0602496,-0.386,3.16418
39,0.00574215,0.257014,2.08644
39,0.00580204,0.225237,2.1082
39,0.278524,0.553132,1.79341
39,0.252929,0.520563,1.68781
39,1.08044,-1.00029,6.95692
39,1.00061,-0.996282,6.92904
39,0.259829,0.234329,1.61632
39,0.266,0.267009,1.77503
39,1.47962,-0.619183,5.07567
39,1.56218,-0.727721,5.26056
39,1.48143,-0.472669,4.98864
39,1.41488,-0.549474,4.94603
39,-0.112416,-0.243369,2.4289
39,-0.0957728,0.148351,2.3454
39,-0.142042,0.0988765,2.74578
39,0.0418739,0.293996,2.19269
39,-0.0277851,0.274074,2.04411
39,0.149117,-1.33543,7.8084
39,-0.0872952,-0.809054,4.58456
39,0.25028,1.19303,3.67347
39,0.0754408,0.599187,1.84496
39,0.0541497,0.271756,2.20611
39,0.0758808,-0.0676545,0.714039
39,0.258407,-0.439823,3.05892
39,0.197224,0.0631996,2.06791
39,0.342916,0.170149,1.67817
39,0.395911,0.0963037,1.83943
39,0.465707,0.0600472,1.96477
39,1.6455,-0.288798,5.64471
39,-0.147435,0.552923,2.00527
39,-0.192046,0.555555,2.01481
39,-0.154919,-0.796447,4.37797
39,0.0504436,0.320337,2.05512
39,0.0966751,0.244878,1.68909
39,0.0926267,0.300685,1.99891
39,0.238175,0.302778,1.94247
39,0.0782798,-0.0669426,0.668108
39,0.303921,0.624314,1.89061
39,0.377376,-0.0944739,1.66883
39,-0.0728405,-0.257043,2.43307
39,0.0166532,0.150578,2.03077
39,-0.0294905,0.184511,2.16957
39,0.0297928,-0.198814,1.56008
39,-0.0846583,0.255385,2.07322
39,1.31196,-0.513877,4.86416
39,1.25676,-0.580134,4.75557
39,-1.13592,-0.640313,5.02448
39,-0.0311749,0.157563,2.29349
39,-0.152863,0.267437,2.07909
39,-0.143752,0.202595,2.11165
39,-0.0822195,0.291909,2.01349
39,1.34984,-0.812242,4.90553
39,0.287511,-0.511968,3.19723
39,0.11138,-0.173779,1.946
39,0.1875,-0.0869411,0.917594
39,0.377437,0.848897,2.27096
39,0.357877,0.580679,1.85004
39,0.7267,0.121473,2.58967
39,0.723643,0.366935,2.62983
39,0.350676,0.239031,1.58904
39,0.0895055,0.543122,1.93155
39,0.941364,-1.15859,6.77437
39,-0.320427,-0.693926,4.05745
39,0.379324,0.567525,1.80813
39,-0.0883519,0.143031,2.22299
39,-0.144531,0.104497,2.73626
39,-0.096839,-0.822716,4.8105
39,-0.179236,-0.830238,4.50969
39,0.0400366,0.217131,2.09648
39,-0.0295452,0.182486,2.1736
39,0.189757,0.0659908,2.0849
39,0.224066,0.243693,1.56341
39,0.216548,0.300169,1.84821
39,1.02774,-1.03889,7.17106
39,0.939681,-1.17494,6.87
39,0.352638,0.237454,1.59008
39,0.336122,0.208924,1.61057
39,0.460953,0.0604419,1.9096
39,0.761044,0.369542,2.71205
39,0.75404,0.137755,2.68709
39,1.49534,-0.461058,4.98067
39,1.51883,-0.699827,5.05891
39,1.0642,0.323812,2.62871
39,-0.0930009,0.300076,2.00942
39,-0.0829503,0.257094,2.08709
39,0.0283197,-0.185751,1.48293
39,1.59323,-0.28937,5.42483
39,1.30352,-0.440708,5.12262
39,-0.070468,0.247534,2.12211
39,-0.125355,0.246334,2.11183
39,-0.127211,0.193937,2.14311
39,0.107331,0.580511,2.07256
39,0.0941741,0.596551,2.08124
39,0.101521,0.29275,1.96036
39,0.0529229,0.321795,2.06447
39,0.103274,0.227361,1.5922
39,0.0558497,0.268372,2.17864
39,0.153586,-0.0811834,0.560375
39,1.36337,-0.854628,4.64217
39,0.649804,-0.40548,2.37088
39,1.34298,-0.49409,4.67687
39,1.43417,-0.611674,4.88325
39,-0.186086,0.566242,2.02161
39,-0.151917,0.272064,2.0973
39,-0.195881,0.220398,2.12803
39,-0.0139103,0.629633,1.97178
39,0.151621,-1.35786,7.93951
39,0.252366,-0.224434,2.42449
39,0.321914,0.631399,1.89953
39,0.363806,0.562884,1.79959
39,0.250147,0.522113,1.66925
39,1.02311,0.299627,2.56871
39,0.254684,0.22321,1.56313
39,1.6773,-0.1952,4.84776
39,1.72584,-0.464217,5.39588
39,1.81303,-0.588731,4.95893
39,0.0995814,0.153564,1.39468
39,-0.0283528,0.28422,2.08588
39,1.15669,0.1057,2.76777
39,0.217061,-0.183605,1.85258
39,0.264833,-0.454176,3.13499
39,3.54666,-1.69223,9.53028
39,-0.164866,0.489606,1.92802
39,-0.323388,-0.70034,4.09496
39,-0.652147,-0.504101,3.82482
39,1.40461,-0.583955,3.41444
39,-0.129743,0.204719,2.13865
39,-0.0847104,0.146795,2.28149
39,-2.17511,-2.23205,6.80636
39,-0.937732,0.973284,3.08588
39,-0.873278,0.819004,2.73267
39,-0.669984,-0.517889,3.92944
39,-0.0106955,0.586963,1.86102
39,-0.130535,0.100841,2.4713
39,0.197012,-0.175206,1.89269
39,0.225713,0.224934,1.49316
39,0.826308,-1.04316,6.09944
39,1.4131,-0.676509,4.58686
39,1.29586,-0.827536,4.43205
39,1.03414,0.306625,2.57106
39,-2.31181,-1.70614,7.06081
39,-2.1801,-1.92237,6.65851
39,-2.78846,-1.58954,10.233
39,-0.937789,-0.420101,3.0084
39,-0.157576,0.262305,2.06367
39,-0.215522,0.223452,2.15751
39,-0.180068,0.540258,1.95624
39,0.104319,0.68577,2.12152
39,0.120352,0.582942,2.1108
39,0.788482,0.134815,2.77109
39,0.363546,0.0826755,1.69938
39,0.755651,0.368554,2.73101
39,0.327441,0.218567,1.53061
39,0.326406,0.151613,1.58386
39,0.126182,-1.21309,7.09306
39,-0.115655,-0.922641,5.39477
39,-0.166829,-0.83895,4.49318
39,0.304636,0.604489,1.82575
39,0.224479,0.48172,1.56629
39,1.5751,-0.211105,4.64005
39,1.48588,-0.271081,5.08195
39,1.69768,-0.543015,4.67688
39,1.41452,-0.436139,4.71147
39,0.0549406,0.255596,2.14318
39,1.48208,-0.36977,5.35643
39,-0.0286414,0.28436,2.10713
39,-0.0777015,0.249579,2.09272
39,-0.028792,0.169525,2.1182
39,1.1182,0.111269,2.72687
39,0.193361,0.0504548,2.00905
39,0.284557,-0.474764,3.21899
39,1.21276,-0.749615,4.38307
39,-0.158234,0.474753,1.87921
39,-0.320115,-0.716996,4.19234
39,2.39023,-1.12902,6.31192
40,0.114091,0.0976582,0.58107
40,0.0921052,-0.0565136,0.847352
40,0.112959,-0.0567053,0.87689
40,0.112331,-0.0560836,0.877506
40,0.107435,0.157787,1.45924
40,0.102764,0.159922,1.51775
40,0.114275,0.163192,1.51704
40,0.105667,0.141624,1.53363
40,0.122464,0.16551,1.54017
40,0.110177,0.244527,1.65812
40,0.278696,0.178571,1.63574
40,0.264941,0.257413,1.66312
40,0.321573,0.169101,1.65983
40,0.332248,0.18629,1.70446
40,0.221266,0.510836,1.75059
40,0.0341539,-0.206311,1.74198
40,0.312737,0.201782,1.748
40,0.378553,0.217543,1.74104
40,0.393519,0.215879,1.75148
40,0.0531795,0.186623,1.81026
40,0.538042,0.263787,1.77345
40,0.352294,0.161356,1.83874
40,0.432359,-0.0546712,1.82068
40,0.436235,-0.0598715,1.82923
40,0.44579,-0.0600969,1.83482
40,0.399737,0.179623,1.89984
40,0.720609,0.306951,1.87054
40,0.383247,0.165274,1.90788
40,0.454749,-0.053737,1.89268
40,0.147323,0.113615,1.94383
40,0.457661,-0.0643576,1.89856
40,0.0916625,0.0557592,1.95475
40,0.424431,-0.165113,1.92231
40,0.124135,-0.175256,1.96394
40,-0.09208,-0.194394,1.99694
40,0.1612,0.1186,1.99736
40,0.428788,0.0988293,1.96378
40,-0.0702346,-0.203472,2.01123
40,0.405302,-0.113709,1.95819
40,-0.0911352,-0.19275,2.02405
40,0.161261,0.117644,2.02302
40,0.102411,0.0567371,2.02717
40,0.0985577,-0.189732,2.02372
40,0.437394,0.0253174,1.99387
40,0.474148,0.069914,1.99351
40,0.440511,0.0260367,1.99672
40,0.437714,0.0865065,2.00563
40,0.476996,0.0614172,2.00409
40,0.445489,0.029493,2.01089
40,0.487441,0.0616692,2.01008
40,0.477064,0.0614903,2.01154
40,0.112374,0.0656873,2.06076
40,0.450034,-0.24278,2.00453
40,0.454449,0.0348508,2.01915
40,0.455332,0.0421729,2.02362
40,0.455396,0.0385123,2.02353
40,0.142732,0.0707109,2.07418
40,0.143178,0.0580452,2.07794
40,0.439193,-0.135409,2.03368
40,0.124497,0.064544,2.0873
40,0.430829,-0.127196,2.05855
40,0.147237,0.0562565,2.10489
40,0.170363,0.110762,2.11123
40,0.167608,0.108553,2.11401
40,0.167571,0.112312,2.11426
40,0.167558,0.121123,2.11575
40,0.144686,0.0473036,2.11825
40,0.198723,0.0573083,2.11466
40,0.191351,0.082922,2.12132
40,0.305145,-0.186947,2.09474
40,0.181444,0.0661909,2.12665
40,0.807669,0.33211,2.0634
40,0.192541,0.068248,2.12839
40,0.463034,-0.252917,2.08198
40,0.433534,-0.205042,2.09469
40,0.196247,-0.00372927,2.14179
40,0.195785,-0.00878537,2.15031
40,0.203719,-0.00674299,2.16376
40,0.229757,-0.209479,2.15014
40,0.110955,-0.211901,2.17023
40,0.832779,0.339191,2.12411
40,0.00397177,-0.256726,2.20885
40,0.217651,-0.0171787,2.20019
40,0.312507,0.0698104,2.20516
40,0.303105,0.0715584,2.20696
40,0.0987074,-0.230434,2.22785
40,0.321598,0.079853,2.22424
40,0.229218,-0.0183343,2.25029
40,0.4646,-0.139931,2.25301
40,-0.122514,0.0850084,2.42133
40,0.952136,0.525855,2.34973
40,0.986255,0.53596,2.39246
40,-0.0723376,-0.304663,2.48786
40,0.687488,0.134327,2.4178
40,0.686135,0.131038,2.43015
40,0.680372,0.146096,2.43804
40,0.681763,0.360328,2.48896
40,0.699505,0.137502,2.47602
40,0.680437,0.408801,2.4931
40,0.690944,0.429056,2.52351
40,0.725118,0.528375,2.70153
40,1.0583,0.423183,2.65914
40,1.10381,0.604739,2.72143
40,1.10517,0.337685,2.73355
40,0.86505,0.478558,2.82489
40,1.14676,0.106502,2.78237
40,1.14695,0.357562,2.83987
40,0.795096,0.567685,2.9141
40,1.16429,0.104044,2.8532
40,1.20321,0.114569,2.87643
40,1.17678,-0.487977,2.9115
40,1.44482,-1.21013,2.8838
40,1.47605,-1.23071,2.9195
40,1.54167,-1.22175,2.94985
40,0.318212,-0.498051,3.39628
40,0.332141,-0.500312,3.40998
40,0.334421,-0.504071,3.43308
40,0.329054,-0.509317,3.46545
40,-0.191984,-0.6032,3.74738
40,1.5151,-0.643778,3.74315
40,1.75831,-0.717678,4.23804
40,1.14817,-0.787193,4.52363
40,1.16659,-0.779694,4.59669
40,1.22132,-0.447188,4.70312
40,1.25719,-0.764049,4.7926
40,1.25408,-0.38464,4.83391
40,1.29344,-0.58035,4.8472
40,1.28081,-0.782287,4.84469
40,1.29252,-0.572517,4.8728
40,1.45842,-0.23281,4.87601
40,1.28258,-0.785221,4.87258
40,1.31972,-0.502146,4.90958
40,1.77075,-0.100247,4.88792
40,1.32628,-0.373169,4.93396
40,1.76806,-0.0850341,4.89944
40,1.31344,-0.358704,4.94712
40,1.37022,-0.595728,4.95613
40,1.35665,-0.518648,4.97263
40,1.72872,-0.0871721,4.95254
40,1.37289,-0.318892,4.98618
40,1.34038,-0.378556,4.99726
40,1.74879,-0.213948,4.95854
40,1.37001,-0.836705,4.99168
40,1.79662,-0.183294,4.99597
40,1.79245,-0.184113,5.01175
40,1.53127,-0.995057,5.00674
40,1.42685,-0.558898,5.04467
40,1.78296,-0.208138,5.02759
40,1.39594,-0.834021,5.04589
40,1.45181,-0.542592,5.09866
40,1.49007,-0.483797,5.09806
40,1.50237,-0.402525,5.10634
40,1.40038,-0.859344,5.0999
40,1.38985,-0.40562,5.13281
40,1.5631,-0.932501,5.1162
40,1.62448,-0.125265,5.15594
40,1.50932,-0.372877,5.17326
40,1.58001,-0.954132,5.15354
40,1.57073,-0.936977,5.15804
40,1.5557,-0.505576,5.19397
40,1.39249,-0.409723,5.28672
40,1.56087,-0.918873,5.24037
40,1.92736,-0.596249,5.22396
40,1.5958,-0.948941,5.27326
40,1.55963,-0.389906,5.34213
40,1.95529,-0.911548,5.28245
40,1.94803,-0.937279,5.28364
40,1.96238,-0.619979,5.34858
40,1.93304,-0.62054,5.35258
40,0.521174,-2.46629,5.44352
40,1.99548,-0.619829,5.41457
40,2.02218,-0.956483,5.4118
40,1.61196,-0.902235,5.5349
40,1.71979,-0.514127,5.56414
40,0.508923,-2.72895,5.6803
40,1.65695,-0.692626,5.64456
40,1.6388,-0.326923,5.67889
40,1.62808,-0.265264,5.73762
40,1.64871,-0.789321,5.73552
40,1.77535,-0.529509,5.75305
40,1.71817,-0.775488,5.76739
40,1.72372,-0.577194,5.81646
40,0.550351,-2.72302,5.99169
40,0.841175,-1.04687,6.08312
40,1.79823,-0.73843,6.05159
40,0.91194,-0.953849,6.19222
40,0.892064,-0.985729,6.21431
40,0.892523,-1.01401,6.21387
40,0.480529,-2.94929,6.30127
40,0.23519,0.272867,1.76251
39,0.23519,0.272867,1.76251
40,0.0945744,0.142564,1.50017
39,0.0945744,0.142564,1.50017
41,0.0955354,0.0947534,0.763098
41,0.0996618,0.0907229,0.878028
41,0.191015,0.433226,1.43758
41,0.947692,0.556995,1.39457
41,0.0806361,0.466332,1.62552
41,0.082487,0.463609,1.63488
41,0.262053,0.531864,1.59268
41,1.06464,0.051943,1.40892
41,1.03251,0.0797275,1.42255
41,0.074421,0.536851,1.65701
41,1.0815,0.0890688,1.42801
41,0.244166,0.279772,1.74313
41,0.320574,0.567692,1.7602
41,0.317151,0.589549,1.76997
41,0.322046,0.609523,1.81217
41,0.176363,0.0633174,1.89613
41,0.448983,0.0633135,1.87281
41,0.451957,0.0313408,1.88344
41,0.385228,0.590547,1.92843
41,1.3527,-0.504653,1.76917
41,0.358096,0.758697,2.08604
41,-0.154251,0.272777,2.21389
41,0.535882,-0.261394,2.09171
41,0.113723,0.875681,2.20992
41,0.394,0.821115,2.21667
41,0.664205,0.0237736,2.21288
41,0.42062,0.845597,2.30325
41,0.682866,-0.270695,2.41045
41,0.213353,0.831883,2.58605
41,0.718698,0.161221,2.51531
41,0.725392,0.161835,2.54042
41,0.738807,0.450439,2.64069
41,0.77597,-0.256606,3.00019
41,1.2138,-0.13456,3.74352
41,1.27266,-0.312941,4.04885
41,1.18361,-0.716134,4.1301
41,1.08686,-0.401874,4.16902
41,1.2797,-0.774415,4.40726
41,1.38885,-0.346068,4.39973
41,1.3155,-0.53347,4.52748
41,1.57153,-0.0445114,4.58103
41,0.143175,-0.729189,5.1821
41,1.98405,1.75938,4.78301
41,1.44155,-0.243238,4.99177
41,1.43059,-0.41374,5.35728
41,0.329712,0.144459,1.79697
39,0.329712,0.144459,1.79697
41,0.114245,0.510472,1.5624
39,0.114245,0.510472,1.5624
42,0.0578088,0.198905,0.760174
42,0.0523179,0.219754,0.853509
42,0.0578828,0.150915,0.909767
42,0.0518948,0.23366,0.950734
42,0.073559,0.256969,1.4746
42,0.202414,0.471079,1.4711
42,0.288211,0.304748,1.45348
42,0.10773,0.65818,1.54446
42,0.0586205,0.466325,1.57436
42,0.211465,0.485581,1.53217
42,0.174936,0.470118,1.55081
42,0.342402,0.0613303,1.68075
42,0.131008,0.0894839,1.79197
42,0.0907597,0.287078,1.85731
42,0.0981363,0.27353,1.86096
42,0.0962638,0.278727,1.89144
42,0.241821,0.283788,1.89142
42,0.641857,0.668154,1.80129
42,0.20035,0.714553,1.96994
42,0.264408,-0.184133,2.007
42,0.433103,0.0435831,1.96489
42,-0.0793763,0.0156285,2.11925
42,0.105762,0.309868,2.22418
42,-0.123994,0.237806,2.32784
42,0.801348,0.782374,2.1193
42,1.33247,0.786084,2.00151
42,-0.0955863,0.160961,2.44084
42,0.628336,-0.280076,2.36888
42,0.753289,0.394361,2.63848
42,0.123708,0.349998,2.82925
42,0.576438,-0.355453,2.74289
42,0.686442,-0.252733,2.71391
42,0.552391,1.18858,2.86355
42,0.831087,0.15961,2.82372
42,0.852265,0.144831,2.83914
42,0.953995,-0.249784,3.33386
42,0.905362,-0.470513,3.65886
42,0.536713,-0.586301,3.77187
42,1.68978,-0.70619,4.03531
42,1.13453,-0.577577,4.50803
42,0.247093,0.293304,1.79625
40,0.247093,0.293304,1.79625
42,0.0277082,0.513042,1.80801
40,0.0277082,0.513042,1.80801
42,0.285159,0.0695667,2.0958
40,0.285159,0.0695667,2.0958
42,0.197186,0.0617386,2.16102
40,0.197186,0.0617386,2.16102
42,0.188203,0.102608,2.07669
39,0.188203,0.102608,2.07669
42,0.19282,-0.0186959,2.18302
39,0.19282,-0.0186959,2.18302
42,0.221608,-0.12051,2.11412
39,0.221608,-0.12051,2.11412
42,0.256847,0.27995,1.81114
39,0.256847,0.27995,1.81114
43,-0.0347853,0.199584,0.756856
43,-0.0418557,0.186196,0.813994
43,0.0628206,0.255269,1.55252
43,0.0468138,0.25226,1.55983
43,0.0646733,0.259073,1.57426
43,0.203943,0.264464,1.56086
43,0.257654,0.502804,1.5837
43,0.167567,0.613191,1.64999
43,0.284514,0.0707081,1.62465
43,0.063561,0.576814,1.77246
43,0.318711,0.0619073,1.69697
43,0.0877474,0.0834924,1.81742
43,0.435982,0.116236,1.73347
43,0.445111,0.114341,1.74531
43,-0.00338213,0.257706,1.88839
43,0.0997775,0.279153,1.89185
43,0.392928,0.567803,1.83922
43,0.114947,0.0669173,1.90857
43,0.475392,0.107253,1.81726
43,0.128941,0.0875326,1.94754
43,0.386411,0.0510398,1.87207
43,0.15626,0.115778,1.9446
43,0.61998,0.679196,1.84333
43,0.399721,-0.0894789,1.86768
43,0.342739,0.219199,1.94162
43,0.23502,-0.176538,1.95518
43,0.116298,0.0815387,2.04513
43,-0.164013,-0.205529,2.1134
43,0.471532,0.0484019,1.96569
43,0.253734,-0.198726,2.05058
43,0.277628,-0.206941,2.10178
43,0.292648,0.0758852,2.11343
43,0.483567,0.636235,2.09357
43,0.253633,-0.229787,2.16795
43,0.33189,0.0526459,2.29619
43,0.483395,0.71236,2.30083
43,0.337835,0.0454289,2.33513
43,0.830806,0.386459,2.2432
43,0.665799,0.362649,2.35726
43,0.675799,0.362498,2.37031
43,0.549486,-0.19654,2.40706
43,0.703831,0.361861,2.3981
43,0.588764,-0.30379,2.39481
43,0.605258,-0.199271,2.40464
43,0.613536,-0.200588,2.40954
43,0.705402,0.373897,2.42616
43,0.663425,-0.205512,2.42165
43,0.666101,-0.207685,2.43328
43,0.711217,0.35689,2.46453
43,0.665889,-0.19528,2.45035
43,0.955849,0.132643,2.39177
43,0.97874,0.131209,2.43885
43,0.815839,-0.2181,2.60418
43,0.675686,0.793515,2.71508
43,0.606734,-0.355204,2.69582
43,0.820727,0.150039,2.66141
43,0.608696,-0.352788,2.70151
43,0.803043,0.381372,2.68879
43,0.809546,0.160962,2.69163
43,0.698825,-0.287007,2.75627
43,0.84437,0.161958,2.78415
43,0.280908,-0.574637,3.67852
43,1.14108,-0.344192,3.6172
43,1.53111,-0.513416,4.12783
43,1.4077,-1.20501,4.31636
43,1.6408,-0.195523,4.46549
43,1.71358,-0.543551,4.50161
43,1.83434,-0.140998,4.85377
43,0.195625,0.209363,1.99072
40,0.195625,0.209363,1.99072
43,0.0912164,-0.21778,2.15443
40,0.0912164,-0.21778,2.15443
43,0.391673,0.157628,2.08606
40,0.391673,0.157628,2.08606
43,0.091219,-0.215372,2.14066
40,0.091219,-0.215372,2.14066
43,1.5069,-1.27567,4.65334
40,1.5069,-1.27567,4.65334
43,-0.11133,0.0836002,2.25226
40,-0.11133,0.0836002,2.25226
43,-0.0688554,0.0506522,2.22153
40,-0.0688554,0.0506522,2.22153
43,0.131913,0.435217,1.85533
40,0.131913,0.435217,1.85533
43,0.286398,0.277423,1.88063
39,0.286398,0.277423,1.88063
43,-0.0425408,0.201611,2.00896
39,-0.0425408,0.201611,2.00896
43,1.10641,0.598391,2.7249
42,1.10641,0.598391,2.7249
43,0.652015,0.0710553,2.31263
42,0.652015,0.0710553,2.31263
43,1.10115,0.0799038,2.65219
42,1.10115,0.0799038,2.65219
43,0.980676,0.0881425,2.43435
42,0.980676,0.0881425,2.43435
43,1.10393,-0.0065549,2.65419
42,1.10393,-0.0065549,2.65419
43,0.124369,0.694449,1.93057
42,0.124369,0.694449,1.93057
43,0.00118062,0.0795462,2.09345
42,0.00118062,0.0795462,2.09345
43,0.428417,0.681412,1.88205
42,0.428417,0.681412,1.88205
43,0.460858,0.0673761,2.00918
42,0.460858,0.0673761,2.00918
43,0.183637,-0.0027606,1.99115
42,0.183637,-0.0027606,1.99115
43,0.643184,-0.0273927,2.42262
42,0.643184,-0.0273927,2.42262
43,0.454158,0.0672203,1.98799
42,0.454158,0.0672203,1.98799
43,1.22966,0.709477,2.15376
42,1.22966,0.709477,2.15376
43,0.551486,0.322316,2.20017
42,0.551486,0.322316,2.20017
43,1.16267,0.595768,2.65215
42,1.16267,0.595768,2.65215
43,0.412484,0.662615,1.83209
42,0.412484,0.662615,1.83209
43,0.541618,0.32684,2.17379
42,0.541618,0.32684,2.17379
43,1.2983,0.662673,2.2568
42,1.2983,0.662673,2.2568
43,0.185149,0.558897,1.96059
42,0.185149,0.558897,1.96059
43,-0.190504,0.294114,1.98139
42,-0.190504,0.294114,1.98139
43,0.274403,0.0633898,2.11801
42,0.274403,0.0633898,2.11801
43,1.32995,0.692569,2.33457
42,1.32995,0.692569,2.33457
43,1.13209,0.589752,2.75818
41,1.13209,0.589752,2.75818
43,1.17169,0.606999,2.84492
41,1.17169,0.606999,2.84492
43,0.957324,0.508867,2.37805
41,0.957324,0.508867,2.37805
43,1.67661,0.903687,2.79586
41,1.67661,0.903687,2.79586
43,0.175336,0.543497,1.87069
41,0.175336,0.543497,1.87069
43,0.361386,0.0864452,2.06616
41,0.361386,0.0864452,2.06616
43,-0.0878902,-0.381486,3.0034
41,-0.0878902,-0.381486,3.0034
44,-0.131507,0.21186,0.756855
44,-0.11127,0.216382,0.860983
44,-0.0985465,0.239213,0.892144
44,0.0991105,0.256893,1.40475
44,0.0120345,0.263084,1.49529
44,0.138945,0.489858,1.52003
44,0.105355,0.47341,1.53846
44,-0.152966,-0.0217614,1.74489
44,-0.0966404,0.284412,1.84757
44,0.0811166,0.273988,1.8026
44,-0.0122963,0.259266,1.86146
44,0.254212,0.268933,1.78307
44,0.103542,0.0916019,1.82626
44,0.0889554,0.28824,1.87418
44,0.095548,0.277147,1.87713
44,0.30473,-0.0727848,1.77154
44,0.0262302,-0.149721,1.86762
44,-0.0399536,0.215428,1.94754
44,0.104018,0.277526,1.91315
44,-0.15092,-0.056844,1.95198
44,-0.0527907,0.208504,1.95633
44,0.217177,-0.133658,1.8489
44,0.12749,0.096352,1.9102
44,0.0622006,-0.145392,1.90498
44,0.405651,0.589236,1.89326
44,0.098123,0.0708323,1.93998
44,-0.0654688,0.198205,2.02565
44,0.107116,0.0679683,1.95843
44,0.205871,-0.160513,1.90135
44,0.4439,0.289125,1.88707
44,-0.0637578,0.193786,2.02799
44,0.20413,-0.163361,1.90685
44,0.0580243,-0.172738,1.9563
44,0.115705,0.0821461,1.97038
44,-0.0764359,0.186353,2.04368
44,-0.036628,0.281972,2.04768
44,0.413579,-0.0791681,1.87082
44,0.227124,-0.170086,1.92989
44,0.388595,0.0469395,1.91811
44,0.0333827,0.159242,2.04826
44,0.421645,-0.0506349,1.90752
44,0.11164,0.0628078,2.01722
44,-0.116765,0.23148,2.13484
44,0.238419,-0.185712,1.98149
44,-0.103438,0.162045,2.13318
44,0.210416,-0.194806,1.99565
44,-0.0776967,0.246852,2.13697
44,0.469441,0.59567,2.02706
44,0.117331,0.0790176,2.08275
44,-0.110854,0.237167,2.19483
44,-0.12681,0.200419,2.19671
44,0.408874,-0.209796,1.98792
44,0.148407,0.279042,2.14111
44,-0.137743,0.248683,2.23498
44,-0.0119482,0.289995,2.2092
44,0.138385,0.304093,2.1665
44,-0.122707,0.196845,2.23971
44,0.436623,-0.149003,2.04648
44,0.0211158,0.225523,2.22046
44,0.350743,0.29616,2.13013
44,0.439917,-0.213484,2.07622
44,0.432388,-0.169276,2.0893
44,-0.0782337,0.165662,2.29252
44,-0.131885,0.247265,2.3392
44,0.15488,0.314555,2.26196
44,0.275522,-0.218279,2.16309
44,0.081222,-0.242156,2.22894
44,-0.130525,0.249169,2.35415
44,0.471979,-0.245833,2.17027
44,0.618916,0.0371151,2.25921
44,0.117832,-0.295543,2.41802
44,-0.0990311,-0.27292,2.51778
44,0.359744,-0.286117,2.42818
44,0.536804,-0.291043,2.39286
44,0.529131,-0.286041,2.40033
44,0.892233,0.140332,2.34823
44,-0.0907266,-0.303765,2.60734
44,0.502242,0.351698,2.69303
44,-0.141159,-0.226323,2.83405
44,0.622201,-0.349238,2.60667
44,0.848163,0.148612,2.74012
44,0.891559,0.15283,2.82864
44,0.475084,-0.145606,3.02187
44,0.478471,-0.143539,3.02443
44,2.13146,-1.81608,3.66824
44,2.13593,-1.82458,3.71728
44,1.84463,-0.795061,4.3233
44,1.96462,-0.846183,4.51849
44,1.91329,-7.42807,13.7043
44,0.0913608,0.28914,1.89417
40,0.0913608,0.28914,1.89417
44,0.176356,0.106962,2.17204
40,0.176356,0.106962,2.17204
44,0.116945,0.277996,1.95134
40,0.116945,0.277996,1.95134
44,0.171598,0.110949,2.16714
40,0.171598,0.110949,2.16714
44,0.179605,0.118063,2.20819
40,0.179605,0.118063,2.20819
44,0.183153,0.181541,2.06391
40,0.183153,0.181541,2.06391
44,1.06709,0.437555,2.72432
40,1.06709,0.437555,2.72432
44,0.0304703,0.551876,1.95027
40,0.0304703,0.551876,1.95027
44,0.160682,0.117082,2.0136
40,0.160682,0.117082,2.0136
44,0.0299105,0.550789,1.95266
40,0.0299105,0.550789,1.95266
44,-0.0641978,0.538307,1.94203
40,-0.0641978,0.538307,1.94203
44,-0.0434556,0.546304,2.01333
40,-0.0434556,0.546304,2.01333
44,-0.0300187,0.269678,1.91827
42,-0.0300187,0.269678,1.91827
44,0.371664,0.0846484,2.10412
42,0.371664,0.0846484,2.10412
44,0.151716,0.502479,1.97938
42,0.151716,0.502479,1.97938
44,0.145901,0.562386,1.99542
42,0.145901,0.562386,1.99542
44,0.325118,0.0843694,2.08143
42,0.325118,0.0843694,2.08143
44,0.348184,0.552626,1.91217
42,0.348184,0.552626,1.91217
44,0.648085,0.174158,2.31908
42,0.648085,0.174158,2.31908
44,0.162389,0.121786,2.12473
42,0.162389,0.121786,2.12473
44,0.339474,0.501781,1.88013
42,0.339474,0.501781,1.88013
44,0.192156,0.065223,2.1246
39,0.192156,0.065223,2.1246
45,-0.280794,0.235106,0.618364
45,-0.274836,0.230562,0.626755
45,-0.268845,0.161949,0.643811
45,-0.15375,0.254727,0.948813
45,-0.155739,0.180505,0.973452
45,-0.197932,0.21803,1.01996
45,-0.00482357,0.269202,1.48347
45,0.00486004,0.262342,1.55393
45,-0.212555,0.314691,1.65782
45,0.197763,0.175201,1.56371
45,-0.201881,0.304397,1.71986
45,-0.152689,0.250872,1.74056
45,-0.218662,0.318375,1.77002
45,-0.186603,0.425842,1.77797
45,-0.0506112,0.249249,1.71761
45,-0.0570065,0.252946,1.72101
45,0.00917748,0.201547,1.69541
45,-0.0463438,0.250894,1.73361
45,-0.183145,0.440308,1.82997
45,0.00274625,-0.106257,1.71944
45,-0.205664,0.32497,1.8504
45,-0.187763,0.480483,1.90271
45,-0.175995,0.569669,1.91301
45,0.270193,0.600395,1.79425
45,0.287104,0.602127,1.7926
45,-0.168529,0.511997,1.90978
45,0.0329275,0.246897,1.81989
45,-0.172416,0.515947,1.9173
45,-0.190503,0.312287,1.89324
45,0.0120037,-0.128534,1.7746
45,0.00766405,-0.129341,1.78003
45,-0.15623,0.266087,1.88523
45,-0.16415,0.273714,1.89003
45,0.264518,0.267606,1.79185
45,0.0930201,0.277302,1.84461
45,-0.198305,0.529791,1.96972
45,-0.0558632,0.238075,1.90045
45,-0.0639533,0.180517,1.89518
45,0.253774,0.280695,1.83715
45,-0.187685,0.321298,1.97145
45,-0.114294,0.20213,1.93899
45,-0.0464641,0.236109,1.94833
45,-0.145418,0.238899,1.98125
45,-0.14887,0.241443,2.00222
45,0.0842919,0.195516,1.94165
45,-0.0729609,0.236116,2.00505
45,0.116387,0.27446,1.95825
45,-0.100766,0.197077,2.00764
45,0.471549,0.310628,1.87118
45,-0.0324572,0.23117,2.01188
45,-0.131458,0.196582,2.05934
45,0.148876,0.0754981,1.96597
45,-0.125475,0.198691,2.0622
45,0.197792,-0.168649,1.92037
45,0.414189,-0.128346,1.86627
45,-0.128321,0.201048,2.07005
45,0.418718,-0.12906,1.86927
45,0.14403,0.0859144,1.98284
45,-0.029889,0.199949,2.04834
45,0.146122,0.0896914,1.98571
45,-0.0974952,0.222288,2.07406
45,0.408701,-0.157557,1.87698
45,-0.0898944,0.256066,2.08802
45,-0.102684,0.217694,2.08638
45,-0.054408,0.23378,2.08575
45,-0.119002,0.193474,2.09817
45,0.420812,-0.102552,1.92861
45,-0.102006,0.153677,2.11494
45,-0.0907201,0.16468,2.11781
45,-0.0989577,0.15814,2.12423
45,-0.072231,0.195374,2.1252
45,-0.0783783,0.139963,2.12391
45,-0.12102,0.13882,2.1378
45,-0.0691248,0.139996,2.12483
45,-0.124269,0.146021,2.14419
45,-0.019617,0.246078,2.14185
45,-0.130726,0.153582,2.16259
45,0.0624373,0.20831,2.11888
45,-0.118146,0.142158,2.16021
45,-0.00536945,0.201138,2.15511
45,0.0724541,-0.199074,2.07489
45,-0.112616,0.132866,2.18228
45,-0.20544,0.591862,2.28337
45,0.128072,0.235645,2.14646
45,0.4776,0.063249,2.03731
45,0.544953,0.30686,2.05623
45,0.270234,0.688582,2.2374
45,-0.00328839,0.246331,2.25365
45,-0.10398,0.077768,2.26081
45,-0.0831134,0.0699338,2.2681
45,0.0798052,0.149465,2.27261
45,0.572479,0.293977,2.1613
45,-0.00553146,0.23623,2.32868
45,0.273902,-0.224143,2.18995
45,0.484688,-0.232058,2.13401
45,0.180084,0.240323,2.29279
45,0.185487,0.231498,2.30187
45,0.11202,0.213684,2.32611
45,0.201364,0.299641,2.31924
45,0.112849,0.218289,2.35042
45,0.11557,0.218096,2.36554
45,0.232363,0.0255183,2.5064
45,-0.0927151,-0.241828,2.65293
45,0.371241,0.0549511,2.63524
45,-0.0530364,-0.281963,2.87404
45,0.860202,0.18339,2.71134
45,-0.0399299,-0.293717,2.90375
45,-0.039736,-0.275667,3.14019
45,0.984379,0.160995,2.93517
45,1.03781,0.182027,3.03779
45,1.12985,0.067657,3.11595
45,1.14811,0.154592,3.23505
45,-0.130401,-0.297525,3.70355
45,-0.0824773,-0.33005,3.72075
45,-0.0788246,-0.330578,3.7207
45,-0.0507577,-0.379945,4.03818
45,0.642019,0.307208,4.0705
45,2.22155,-1.72201,3.62109
45,-0.0725125,-0.414004,4.50605
45,-0.0200998,-0.554804,4.48861
45,1.68934,-0.715382,4.05838
45,1.76599,0.130742,4.31686
45,1.81851,-0.761891,4.27992
45,1.89271,0.214152,4.56417
45,-0.0413993,-0.901087,4.98579
45,1.8953,0.0933555,4.7077
45,0.0179274,-0.719249,5.34498
45,2.96936,-2.25443,4.50302
45,1.67042,-1.11197,5.09182
45,0.0194789,-0.602047,5.74504
45,-0.757554,-2.83367,5.67975
45,0.0642346,-0.83093,6.22061
45,0.1099,-1.00909,6.73409
45,0.328312,-1.30339,6.7151
45,0.305321,-1.36618,6.79276
45,0.179177,0.13075,2.17254
40,0.179177,0.13075,2.17254
45,0.0756715,0.144837,2.1056
40,0.0756715,0.144837,2.1056
45,0.177008,0.117889,2.16879
40,0.177008,0.117889,2.16879
45,0.253999,0.216313,1.79455
40,0.253999,0.216313,1.79455
45,0.0301604,0.546267,1.9347
40,0.0301604,0.546267,1.9347
45,0.414114,-2.03708,4.47366
40,0.414114,-2.03708,4.47366
45,0.419648,-2.24702,4.64846
40,0.419648,-2.24702,4.64846
45,-0.0322008,0.167211,1.92896
40,-0.0322008,0.167211,1.92896
45,0.556957,0.201973,2.20021
44,0.556957,0.201973,2.20021
45,0.501423,0.157488,2.15812
44,0.501423,0.157488,2.15812
45,0.331407,0.16293,1.80711
44,0.331407,0.16293,1.80711
45,0.353082,0.351696,1.68188
44,0.353082,0.351696,1.68188
45,0.466485,0.190543,2.11472
44,0.466485,0.190543,2.11472
45,0.442802,-0.333944,2.635
44,0.442802,-0.333944,2.635
45,0.16507,0.105167,2.05362
39,0.16507,0.105167,2.05362
45,1.21175,-0.00539494,2.84948
43,1.21175,-0.00539494,2.84948
46,-0.344405,0.260322,0.595811
46,-0.315537,0.393058,0.898881
46,-0.302505,0.287473,0.917354
46,-0.0589131,0.717844,1.14327
46,-0.333451,0.459638,1.29564
46,-0.239387,0.252951,1.33101
46,-0.13682,0.652258,1.29476
46,-0.167995,0.252751,1.47943
46,-0.300776,0.8378,1.48808
46,-0.458471,0.895616,1.52559
46,-0.29523,0.841035,1.49278
46,-0.0467882,0.278807,1.4903
46,-0.0448349,0.709465,1.46536
46,-0.146867,0.271912,1.52855
46,-0.18075,0.466602,1.52277
46,-0.0626502,0.47515,1.49676
46,-0.150731,0.709102,1.51106
46,-0.0549213,0.47726,1.51837
46,-0.296558,0.831137,1.55587
46,-0.13121,0.245622,1.60304
46,-0.157623,0.481834,1.60898
46,-0.277391,0.881664,1.60641
46,-0.0625921,0.718662,1.57659
46,-0.197001,0.977886,1.62062
46,0.146467,0.266594,1.6063
46,-0.273708,0.877216,1.66125
46,-0.188981,0.20339,1.71214
46,-0.179223,0.262868,1.73334
46,0.0299338,0.259855,1.72944
46,-0.213087,0.481235,1.78257
46,0.0554726,0.270111,1.73842
46,-0.221568,0.553166,1.77876
46,-0.215666,0.491079,1.78444
46,-0.212873,0.487378,1.79734
46,-0.199223,0.402366,1.80733
46,-0.19238,0.407592,1.81831
46,0.0617175,0.279374,1.77169
46,-0.374227,0.725239,1.83495
46,-0.378889,0.753229,1.83723
46,-0.265236,0.901693,1.81983
46,0.00660914,0.801791,1.77739
46,-0.359963,0.741151,1.91504
46,0.0752056,0.264407,1.86901
46,0.229691,0.821439,1.79175
46,-0.136045,0.233312,1.94833
46,-0.0454535,0.274471,1.93316
46,-0.04049,0.263136,1.94294
46,-0.249613,0.939408,1.95124
46,-0.0910352,0.542582,1.95769
46,0.0481736,0.857311,1.92392
46,0.328489,0.639127,1.89527
46,-0.0273107,0.279173,2.05039
46,-0.235771,0.986256,2.06001
46,0.447382,0.624612,1.9483
46,-0.366436,0.925954,2.22453
46,-0.249441,1.03204,2.21027
46,0.532243,0.643222,2.09135
46,0.396313,0.936965,2.12928
46,-0.141453,0.366498,2.31453
46,0.690911,0.328734,2.16081
46,-0.0532127,-0.0117941,2.41121
46,-0.395904,1.17436,2.39885
46,-0.0565706,-0.031365,2.43945
46,-0.124573,0.356776,2.43433
46,-0.228155,1.10409,2.40492
46,-0.176104,-0.207887,2.53367
46,-0.0511966,-0.240495,2.51613
46,-0.0301813,-0.248136,2.51984
46,-0.0964381,-0.219974,2.62791
46,0.535345,0.989479,2.38345
46,-0.0864922,-0.22401,2.66469
46,-0.107666,-0.169772,2.76044
46,0.957006,0.190459,2.47879
46,0.0915356,1.33438,2.58574
46,-0.844252,1.04206,3.27122
46,1.67628,1.83943,3.00688
46,0.965276,-0.735629,3.46076
46,-0.0284316,0.702202,3.87449
46,0.080716,0.763101,4.47842
46,-0.0593087,0.256641,1.68386
45,-0.0593087,0.256641,1.68386
46,-0.0593087,0.256641,1.68386
45,-0.0593087,0.256641,1.68386
46,0.294588,0.198253,1.70407
44,0.294588,0.198253,1.70407
46,0.287042,0.188748,1.68315
44,0.287042,0.188748,1.68315
46,-0.229919,-0.385535,3.58434
39,-0.229919,-0.385535,3.58434
46,0.210832,0.300387,1.86655
39,0.210832,0.300387,1.86655
46,0.103435,0.687491,2.14225
39,0.103435,0.687491,2.14225
46,-0.0410282,0.50485,1.8868
39,-0.0410282,0.50485,1.8868
47,-0.538819,0.336278,0.586483
47,-0.486729,0.560976,0.817133
47,-0.472209,0.566478,0.844605
47,-0.702801,0.936475,1.21064
47,-0.205695,0.748144,1.0683
47,-0.539266,0.961898,1.16017
47,-0.45708,1.05647,1.12771
47,-0.529634,0.987108,1.21044
47,-0.370683,0.928666,1.16498
47,-0.322226,0.654951,1.21286
47,-0.705245,0.897886,1.31565
47,-0.349333,0.94775,1.19818
47,-0.425122,1.12681,1.21475
47,-0.50805,1.02569,1.27009
47,-0.838575,0.919719,1.4239
47,-0.509413,1.12141,1.26224
47,-0.078269,0.980107,1.13399
47,-0.227048,0.68026,1.2679
47,-0.692014,0.934598,1.39569
47,0.18942,1.01816,1.07233
47,-0.309126,0.991403,1.28348
47,-0.703446,0.820367,1.4755
47,-0.0840419,0.783544,1.24723
47,-0.634054,0.912469,1.45035
47,-0.63144,0.906987,1.45529
47,-0.291386,1.00614,1.30379
47,-0.0445747,0.796442,1.29711
47,-0.363597,0.843774,1.41575
47,-0.256632,0.602385,1.45362
47,-0.263764,1.04013,1.37397
47,-0.279058,1.04809,1.38774
47,-0.154568,0.556756,1.46632
47,-0.361675,0.873132,1.4815
47,-0.0516196,0.615415,1.41623
47,-0.607785,0.942212,1.56563
47,-0.509945,0.918293,1.54096
47,-0.0331079,0.620099,1.44504
47,-0.546345,1.1895,1.53905
47,-0.118738,0.505759,1.52342
47,-0.541101,0.936946,1.59937
47,-0.455415,1.16533,1.52491
47,-0.608912,0.983412,1.62554
47,-0.405664,0.981138,1.54654
47,-0.377485,0.9853,1.54043
47,-0.240042,1.08772,1.4659
47,-0.35267,0.902112,1.55578
47,-0.495732,0.946708,1.60651
47,-0.262877,0.928024,1.54296
47,0.0497463,0.833301,1.45914
47,-0.243137,0.94418,1.58448
47,0.0919058,0.836318,1.4957
47,-0.66133,1.17674,1.72708
47,-0.217618,0.967557,1.61458
47,-0.407168,0.702339,1.7472
47,-0.327998,1.12304,1.6388
47,-0.315098,1.36956,1.58228
47,-0.209079,0.977594,1.64876
47,0.368709,0.92815,1.43589
47,-0.010615,0.773893,1.64895
47,-0.31063,1.14851,1.68828
47,-0.382774,1.14811,1.73765
47,-0.157499,1.18086,1.64767
47,-0.350138,1.17318,1.73081
47,0.136962,0.938412,1.59978
47,0.418419,0.949531,1.49056
47,-0.234406,0.961864,1.76871
47,-0.332033,1.07471,1.78589
47,0.0491551,1.19781,1.61098
47,-0.252468,0.97628,1.7777
47,0.158187,0.933491,1.62657
47,-0.662317,1.14684,1.90418
47,-0.364004,1.18132,1.7894
47,0.0912056,0.887224,1.67641
47,-0.224955,0.971932,1.79158
47,0.133745,0.669095,1.71731
47,-0.639452,1.26688,1.90705
47,-0.589281,1.08739,1.9357
47,-0.58551,1.08066,1.94458
47,-0.228069,1.00024,1.82974
47,0.137068,0.907709,1.7314
47,-0.259761,1.22268,1.83302
47,0.0762374,0.819905,1.82759
47,0.122556,1.27104,1.72045
47,0.28023,0.686155,1.79287
47,0.169838,0.680076,1.8519
47,-0.316979,1.241,1.92566
47,0.126004,1.29408,1.76239
47,-0.266695,1.26585,1.92584
47,0.194942,0.934616,1.81782
47,-0.28,1.15362,1.95801
47,-0.257295,1.24325,1.93597
47,-0.255531,1.25342,1.96361
47,-0.261871,1.28838,1.96663
47,0.211008,0.696293,1.9285
47,-0.286741,1.27587,2.00318
47,-0.554591,1.16544,2.14848
47,0.101951,0.84319,1.97891
47,0.192929,1.34073,1.84389
47,0.684165,0.133197,1.9292
47,-0.0496236,1.12925,2.08368
47,-0.0155466,1.09548,2.08118
47,-0.0215355,1.13231,2.08829
47,-0.00983876,0.108872,2.32371
47,-0.210504,1.23774,2.17161
47,-0.406335,1.18139,2.26304
47,-0.140125,0.658584,2.2799
47,0.230052,0.883763,2.14268
47,0.025306,1.12356,2.17612
47,-0.0625975,0.291348,2.45942
47,0.323395,1.4487,2.07252
47,0.21146,0.902068,2.25995
47,0.313503,1.46744,2.10729
47,-0.275591,1.40722,2.39651
47,-0.0573447,0.259965,2.57768
47,-0.338219,1.27561,2.55552
47,0.418595,1.54236,2.22914
47,0.160148,1.21799,2.44441
47,1.30412,1.37675,2.01022
47,0.655598,0.940601,2.38567
47,0.541989,1.6453,2.43357
47,-0.268818,1.42782,2.93594
47,0.65155,0.714811,2.80473
47,1.13233,0.678471,2.79345
47,0.0256068,1.40203,3.07989
47,0.0458186,1.45534,3.24804
47,1.91541,1.56288,2.57441
47,0.0943587,1.52274,3.42096
47,0.125222,1.54636,3.54359
47,3.10579,1.90201,3.70467
47,0.0366918,0.264763,1.81035
40,0.0366918,0.264763,1.81035
47,-0.0284568,0.677967,1.94011
39,-0.0284568,0.677967,1.94011
47,0.0903557,0.593131,1.83341
39,0.0903557,0.593131,1.83341
47,-0.0127106,0.604863,1.92986
39,-0.0127106,0.604863,1.92986
47,0.277636,0.526452,1.74906
43,0.277636,0.526452,1.74906
47,0.102952,0.676605,1.8676
43,0.102952,0.676605,1.8676
47,-0.00683405,0.613835,1.93393
41,-0.00683405,0.613835,1.93393
47,-0.0715138,0.752348,1.94813
41,-0.0715138,0.752348,1.94813
47,1.12106,0.632995,1.94505
41,1.12106,0.632995,1.94505
47,-0.163886,0.405779,1.93723
44,-0.163886,0.405779,1.93723
47,0.290166,0.531959,1.73656
44,0.290166,0.531959,1.73656
47,0.285854,0.529794,1.74824
44,0.285854,0.529794,1.74824
47,0.125818,0.803556,1.94432
42,0.125818,0.803556,1.94432
47,0.123397,0.795576,1.92467
42,0.123397,0.795576,1.92467
47,0.0746593,0.503773,1.87885
42,0.0746593,0.503773,1.87885
47,0.173298,0.68733,1.88425
42,0.173298,0.68733,1.88425
47,0.241825,0.686041,1.85563
42,0.241825,0.686041,1.85563
48,-0.783622,0.83524,0.468116
48,-0.778427,0.817507,0.497778
48,-0.540376,0.719362,0.801351
48,-0.50719,0.894584,0.97243
48,-0.416436,0.866598,1.0428
48,-0.338592,0.853064,1.16076
48,-0.348842,0.865509,1.19077
48,-0.39686,0.531471,1.25581
48,-0.199316,0.345285,1.10577
48,-0.391,0.428323,1.36722
48,0.260693,1.02942,1.10217
48,-0.397963,0.454937,1.44719
48,-0.173419,0.855367,1.48805
48,0.357513,1.04558,1.199
48,-0.336243,0.427745,1.51853
48,-0.184548,0.432704,1.42256
48,-0.185589,0.70041,1.49896
48,-0.259402,0.738512,1.55891
48,-0.0643187,0.631709,1.43874
48,0.0656545,0.640715,1.38696
48,-0.179795,0.827744,1.62541
48,-0.197642,0.822725,1.64419
48,-0.0348239,0.792443,1.54749
48,-0.115686,0.809578,1.60988
48,-0.207305,0.192354,1.51184
48,0.136205,0.388915,1.345
48,0.105048,0.644813,1.44399
48,0.0493795,0.372322,1.45549
48,0.156034,0.616843,1.4933
48,0.00933468,0.711101,1.62742
48,-0.0699446,0.708831,1.69151
48,0.378531,1.0043,1.48486
48,0.388328,1.01037,1.50575
48,0.192824,0.577836,1.52412
48,0.012766,0.813175,1.72039
48,0.202696,0.613436,1.54549
48,0.212832,0.89246,1.66201
48,-0.116218,0.0637841,1.67616
48,0.353549,0.660141,1.52556
48,0.680567,1.05298,1.41407
48,0.463173,0.970062,1.54126
48,-0.00904995,0.308075,1.68655
48,0.147218,0.309336,1.59463
48,-0.0701566,0.802401,1.87473
48,-0.145605,0.299887,1.7976
48,0.0272134,0.804062,1.83752
48,0.419707,0.646837,1.58645
48,0.76022,0.98918,1.4806
48,0.0683565,0.795299,1.88827
48,0.10235,0.438412,1.89475
48,0.346743,0.782487,1.90789
48,0.539415,-0.0373201,1.57955
48,-0.14886,-0.119452,2.07987
48,0.476516,0.526812,1.84572
48,0.322555,0.782347,2.06333
48,0.658917,0.598967,1.80096
48,0.169672,0.173807,2.03132
48,0.236086,0.774943,2.15064
48,0.509579,0.483641,1.92661
48,1.12874,0.591553,1.55545
48,0.283243,0.708823,2.26367
48,0.538814,0.738388,2.16374
48,0.655419,0.495054,2.15471
48,1.10426,1.06529,2.0479
48,0.674866,0.57093,2.23809
48,0.274667,0.73071,2.57586
48,0.312805,0.712132,2.62791
48,1.2103,1.0734,2.14047
48,0.478223,0.735478,2.64149
48,0.489553,0.65197,2.62412
48,0.609597,-0.468347,2.37296
48,0.286774,-0.128546,2.72305
48,1.51716,1.04218,2.35084
48,1.05864,0.318169,2.51776
48,1.73993,1.02088,2.26006
48,0.691226,0.710709,2.97487
48,1.22921,-0.153129,2.47128
48,1.33885,-0.196756,2.56508
48,1.53467,0.524721,4.44613
48,1.89607,-1.24212,4.94732
48,2.99198,0.335926,6.67759
48,0.0255257,0.532022,1.90428
40,0.0255257,0.532022,1.90428
48,0.298105,0.590452,1.77854
39,0.298105,0.590452,1.77854
48,-0.0139303,0.604628,1.92699
39,-0.0139303,0.604628,1.92699
48,0.0335398,0.52857,1.90349
42,0.0335398,0.52857,1.90349
48,-0.0282582,0.681541,1.9475
42,-0.0282582,0.681541,1.9475
48,0.724445,0.485223,1.4608
42,0.724445,0.485223,1.4608
48,0.3024,0.59148,1.79309
42,0.3024,0.59148,1.79309
48,0.226742,0.290994,1.72952
44,0.226742,0.290994,1.72952
48,0.119234,0.484147,1.84526
44,0.119234,0.484147,1.84526
48,0.0837116,0.460609,1.87483
43,0.0837116,0.460609,1.87483
48,-0.0141939,0.605669,1.89459
43,-0.0141939,0.605669,1.89459
48,0.161665,0.528711,1.81009
43,0.161665,0.528711,1.81009
48,0.475422,0.388852,1.55106
43,0.475422,0.388852,1.55106
48,0.200397,0.525311,1.74958
45,0.200397,0.525311,1.74958
49,0.0304143,0.0925552,0.540201
49,-0.165795,-0.410882,1.90915
49,-0.400177,-0.759969,3.53118
49,0.441946,-0.741953,3.02239
49,-1.24491,-1.27245,5.64258
49,1.43008,-0.635063,2.84362
49,0.9829,-0.514987,2.11979
49,0.403184,-0.772304,3.09565
49,0.361707,-0.858445,3.26956
49,0.399413,-0.805309,3.12952
49,0.36571,-0.866351,3.26713
49,-1.51874,-1.52225,6.73729
49,0.93121,-0.492219,2.03703
50,0.0434611,0.0732079,0.994762
50,0.087158,-0.0074544,0.355053
50,-0.0253452,0.29572,1.69479
50,0.015648,0.0180243,0.586857
50,-1.19967,-2.8097,10.6571
50,-0.134298,-0.176871,1.49437
50,0.0869318,0.866625,4.55211
50,0.437984,-1.01038,3.42007
50,0.390268,-1.00746,3.41018
50,0.0783329,-0.118979,0.429113
50,0.088383,0.0432549,1.20118
50,0.105296,0.174355,0.898685
50,0.076379,0.0181425,0.22793
50,0.150649,0.0489388,0.419553
50,1.41052,-0.835563,2.76874
50,0.36117,-0.963893,3.26471
50,0.363823,-0.963881,3.25027
51,0.290839,-0.666649,2.44438
51,0.359399,-0.84548,3.06742
51,1.54269,-0.784997,2.98982
51,0.34934,-0.819129,2.91647
51,1.60599,-9.17324,32.6609
