1403636579963555584.000000 0.000000129 -0.000000007 0.000000132 0.000000010 -0.000000017 -0.000000053 1.000000000
1403636580063555584.000000 -0.051196530 -0.000701564 0.016171232 -0.000238540 -0.008421243 0.002601887 0.999961138
1403636580113555456.000000 -0.076251917 -0.000954470 0.024527861 0.000145913 -0.010890261 0.004925115 0.999928594
1403636580163555584.000000 -0.100811064 -0.001323661 0.032195982 0.000615192 -0.012680153 0.006237915 0.999899983
1403636580263555584.000000 -0.144180253 -0.002511160 0.044502079 0.000866080 -0.017714282 0.005422703 0.999828041
1403636580313555456.000000 -0.163677946 -0.002934796 0.048769239 0.000687110 -0.021489264 0.003231970 0.999763668
1403636580413555456.000000 -0.197730109 -0.003971852 0.056263331 0.001621641 -0.034554817 0.001583734 0.999400258
1403636580463555584.000000 -0.209256381 -0.004826392 0.059481759 0.002061663 -0.043107696 0.001288421 0.999067485
1403636580513555456.000000 -0.215557292 -0.005948844 0.059199654 0.001791195 -0.052463129 0.000711923 0.998621047
1403636580613555456.000000 -0.204084277 -0.007231589 0.054011595 0.004757364 -0.061622579 0.003943101 0.998080373
1403636580663555584.000000 -0.186232984 -0.007934417 0.048218422 0.005114250 -0.060437605 0.004204265 0.998150110
1403636580713555456.000000 -0.162370935 -0.009495461 0.043207109 0.003088629 -0.055955797 0.000269248 0.998428464
1403636580763555584.000000 -0.130692095 -0.010712055 0.032956883 0.000771893 -0.051060580 -0.003022455 0.998690724
1403636580813555456.000000 -0.095289677 -0.011566589 0.023510125 -0.002571268 -0.044748180 -0.006757239 0.998972118
1403636580863555584.000000 -0.056053657 -0.013450210 0.013865872 -0.007979612 -0.037640695 -0.010660980 0.999202609
1403636580913555456.000000 -0.019524932 -0.014701880 0.004619577 -0.012792780 -0.029417872 -0.012854828 0.999402702
1403636580963555584.000000 0.020580968 -0.016316859 -0.003767932 -0.015009698 -0.021960746 -0.015394868 0.999527633
1403636581013555456.000000 0.054968033 -0.018141808 -0.014170459 -0.015130643 -0.014870934 -0.016704055 0.999635398
1403636581063555584.000000 0.088269956 -0.019941179 -0.022836506 -0.014058538 -0.008304627 -0.015898410 0.999740362
1403636581113555456.000000 0.118999727 -0.021172293 -0.031729262 -0.014537955 -0.001579722 -0.015383485 0.999774754
1403636581163555584.000000 0.146971807 -0.021231988 -0.039212137 -0.014823112 0.006359343 -0.012515418 0.999791622
1403636581263555584.000000 0.192328244 -0.022389403 -0.053925425 -0.015013328 0.023553343 -0.007587232 0.999581099
1403636581313555456.000000 0.209169447 -0.022801796 -0.061391093 -0.014714365 0.030999163 -0.008537399 0.999374688
1403636581363555584.000000 0.215690523 -0.020740919 -0.063341849 -0.015119802 0.036404084 -0.008752534 0.999184430
1403636581413555456.000000 0.214416772 -0.021026226 -0.064253278 -0.017296320 0.037774265 -0.011098155 0.999074996
1403636581513555456.000000 0.190762445 -0.018011589 -0.061262209 -0.020292526 0.029777393 -0.016227739 0.999218881
1403636581613555456.000000 0.140918866 -0.011839896 -0.041317932 -0.019889383 0.017288720 -0.013647478 0.999559581
1403636581663555584.000000 0.110483035 -0.008727868 -0.030611200 -0.019095473 0.012403960 -0.011308479 0.999676764
1403636581713555456.000000 0.080928579 -0.005543157 -0.020302219 -0.018536380 0.008714364 -0.012833171 0.999707878
1403636581813555456.000000 0.018650033 -0.003122728 -0.005151048 -0.014559481 0.005296256 -0.012163131 0.999805987
1403636581863555584.000000 -0.014773197 -0.001000154 0.004128888 -0.013324327 0.003028433 -0.011376063 0.999841988
1403636581913555456.000000 -0.046813235 -0.000585141 0.012916756 -0.011855566 -0.001805166 -0.009447997 0.999883533
1403636582013555456.000000 -0.108775981 0.001872081 0.030305199 -0.015910251 -0.016140193 -0.006359643 0.999722958
1403636582113555456.000000 -0.155037239 0.002317404 0.042647842 -0.016952777 -0.033489577 -0.005837245 0.999278247
1403636582213555456.000000 -0.177621126 -0.000729400 0.047334921 -0.013360294 -0.046902191 -0.005431798 0.998795450
1403636582313555456.000000 -0.167273536 -0.003418712 0.043960150 -0.010939258 -0.051500689 -0.005579004 0.998597443
1403636582363555584.000000 -0.150608882 -0.005862773 0.039629661 -0.010263104 -0.048635051 -0.005646172 0.998748004
1403636582413555456.000000 -0.127068475 -0.008122452 0.032120205 -0.009704285 -0.042334076 -0.005616109 0.999040663
1403636582513555456.000000 -0.069370672 -0.012932227 0.017086651 0.011594429 0.028325768 0.008345172 -0.999496698
1403636582563555584.000000 -0.036690120 -0.013959216 0.006525812 -0.012936512 -0.023322880 -0.008671928 0.999606669
1403636582613555456.000000 -0.004665615 -0.014790945 -0.002813430 -0.015790135 -0.020213084 -0.010801796 0.999612689
1403636582713555456.000000 0.060162049 -0.016333999 -0.021841791 0.019561559 0.015458586 0.010284371 -0.999636292
1403636582813555456.000000 0.126650110 -0.016027026 -0.039547488 0.025165694 0.007531994 0.006048191 -0.999636650
1403636582913555456.000000 0.180739179 -0.012517394 -0.058483299 -0.032331325 0.008631578 -0.001241206 0.999439240
1403636582963555584.000000 0.205733761 -0.011198890 -0.067094326 -0.034004256 0.017283361 -0.000923112 0.999271810
1403636583013555456.000000 0.227733344 -0.010813006 -0.073009327 0.035720557 -0.025558190 0.000656879 -0.999034762
1403636583113555456.000000 0.243230447 -0.010099397 -0.080100343 -0.036548913 0.033249483 -0.002810254 0.998774648
1403636583213555456.000000 0.232677892 -0.007893732 -0.075473368 -0.039075181 0.031645101 -0.007208288 0.998709083
1403636583263555584.000000 0.215362579 -0.006796068 -0.069444485 0.038409799 -0.029861081 0.007753671 -0.998785734
1403636583313555456.000000 0.194170147 -0.005422762 -0.061305556 0.037460282 -0.027755890 0.007671569 -0.998883188
1403636583363555584.000000 0.171288267 -0.001952800 -0.053070374 0.036775451 -0.024533033 0.008103279 -0.998989582
1403636583463555584.000000 0.108654335 0.000652918 -0.033666056 0.032983433 -0.019459400 0.011026371 -0.999205589
1403636583513555456.000000 0.076055601 0.002448336 -0.023806335 0.031338003 -0.016332367 0.011338886 -0.999311090
1403636583563555584.000000 0.042568799 0.005663780 -0.013243669 0.030982757 -0.011964944 0.012965125 -0.999364257
1403636583663555584.000000 -0.025862271 0.012649830 0.012143028 -0.030088995 -0.001859319 -0.012306603 0.999469757
1403636583713555456.000000 -0.057967134 0.013333438 0.021287188 -0.028630430 -0.012318507 -0.008329816 0.999479473
1403636583763555584.000000 -0.087490477 0.014272194 0.029925609 -0.026674962 -0.023738600 -0.004288673 0.999353111
1403636583813555456.000000 -0.114244521 0.015104651 0.036856674 -0.026141791 -0.033964578 -0.001305819 0.999080241
1403636583863555584.000000 -0.138610229 0.016740074 0.042445283 -0.026514215 -0.041574378 -0.000847671 0.998783231
1403636583913555456.000000 -0.159472138 0.019588366 0.047506176 -0.027162161 -0.046811987 -0.003801645 0.998527169
1403636584013555456.000000 -0.187281504 0.016014535 0.053167120 -0.022859724 -0.051488597 -0.009271182 0.998368919
1403636584063555584.000000 -0.192158118 0.014702233 0.053432439 -0.019123573 -0.051592771 -0.010175928 0.998433232
1403636584163555584.000000 -0.179991677 0.011624611 0.050053079 0.014253696 0.051946450 0.010935090 -0.998488367
1403636584213555456.000000 -0.163432032 0.010611151 0.046081446 0.013544999 0.051725924 0.011623722 -0.998501837
1403636584263555584.000000 -0.140683949 0.008702113 0.040150244 0.013119633 0.050267383 0.010613205 -0.998593271
1403636584363555584.000000 -0.085695192 0.006721242 0.026994506 0.014111655 0.046649549 0.010547640 -0.998755991
1403636584463555584.000000 -0.017889740 0.006018276 0.012500323 0.021132307 0.040941853 0.017822364 -0.998779058
1403636584563555584.000000 0.053414777 0.003303953 -0.006627324 -0.024553940 -0.029328564 -0.017752785 0.999110520
1403636584613555456.000000 0.089801386 0.002353458 -0.014376081 -0.027070608 -0.020531351 -0.017081250 0.999276757
1403636584663555584.000000 0.124577247 0.001301513 -0.022835748 -0.030802421 -0.010086341 -0.015991684 0.999346733
1403636584763555584.000000 0.191434875 0.004805884 -0.038511049 0.037587691 -0.010970020 0.014917817 -0.999121785
1403636584813555456.000000 0.218759775 0.003918403 -0.046783540 0.039046697 -0.019339537 0.014928453 -0.998938739
1403636584863555584.000000 0.241841882 0.002388289 -0.055155717 0.039942343 -0.025512103 0.012621747 -0.998796582
1403636584963555584.000000 0.266902745 -0.003493147 -0.078055494 -0.039656512 0.033608839 -0.006594307 0.998626232
1403636585013555456.000000 0.269961089 -0.004298470 -0.079233006 -0.041385159 0.033424105 -0.005290077 0.998570085
1403636585063555584.000000 0.265572727 -0.004678947 -0.078668185 -0.043101128 0.031871203 -0.004027077 0.998554170
1403636585163555584.000000 0.243086159 -0.000472104 -0.067968212 0.046175763 -0.026634358 0.002634683 -0.998574793
1403636585263555584.000000 0.202607840 0.004289206 -0.051811926 0.052113552 -0.020031784 0.006530449 -0.998418927
1403636585363555584.000000 0.152717859 0.005761869 -0.027231248 0.056773599 -0.013083515 0.016464148 -0.998165607
1403636585413555456.000000 0.127095237 0.007311887 -0.018440893 0.057330720 -0.009492013 0.018252049 -0.998143315
1403636585463555584.000000 0.100170545 0.011955824 -0.008958494 -0.053676058 0.005568859 -0.019129543 0.998359680
1403636585563555584.000000 0.049522515 0.017722415 0.003280351 -0.044571955 -0.005498853 -0.020318158 0.998784423
1403636585613555456.000000 0.028447611 0.017199634 0.004251931 -0.037893131 -0.011769908 -0.019944509 0.999013424
1403636585663555584.000000 0.011812342 0.022630880 0.009413577 -0.031714670 -0.018798321 -0.018099075 0.999156237
1403636585763555584.000000 -0.018971033 0.019487336 0.002506333 -0.021370532 -0.033565130 -0.011919009 0.999136925
1403636585863555584.000000 -0.030853359 0.018058587 -0.005001573 -0.013586935 -0.050947819 -0.004460538 0.998598933
1403636585963555584.000000 -0.035726134 0.017364578 -0.013331450 -0.011660131 -0.070918500 0.001438210 0.997412980
1403636586063555584.000000 -0.036106873 0.017177911 -0.018232385 -0.022123840 -0.095210969 0.004182887 0.995202482
1403636586113555456.000000 -0.033975992 0.014836129 -0.024165928 -0.028863093 -0.105987705 0.006219895 0.993929088
1403636586163555584.000000 -0.032931719 0.012693186 -0.027388850 -0.034309246 -0.115354836 0.008654867 0.992693901
1403636586263555584.000000 -0.030437700 0.008072240 -0.034978185 0.037833951 0.133726686 -0.012684004 -0.990214586
1403636586363555584.000000 -0.030425286 0.005224418 -0.045673177 -0.039837200 -0.153803259 0.017364975 0.987145424
1403636586463555584.000000 -0.032301586 0.004894949 -0.056776557 -0.040648807 -0.173595190 0.020260971 0.983769238
1403636586513555456.000000 -0.032642726 0.006540144 -0.061989829 0.040455926 0.182245210 -0.019660044 -0.982223749
1403636586563555584.000000 -0.032462660 0.008554916 -0.066490106 0.039131515 0.188816324 -0.019286297 -0.981042922
1403636586663555584.000000 -0.029667204 0.015838727 -0.072306074 0.037868537 0.192928419 -0.020175405 -0.980274260
1403636586713555456.000000 -0.027737390 0.020507604 -0.073413365 0.036823433 0.190435022 -0.020312892 -0.980798602
1403636586763555584.000000 -0.026223149 0.024844447 -0.073195972 0.034466486 0.186633214 -0.021340214 -0.981592953
1403636586863555584.000000 -0.022365429 0.033219717 -0.070348762 -0.031389654 -0.178888649 0.019964980 0.983165801
1403636586913555456.000000 -0.021766569 0.035232417 -0.068324804 -0.029577034 -0.176129803 0.017884413 0.983759999
1403636586963555584.000000 -0.021208383 0.036477216 -0.065944828 -0.027281230 -0.173949987 0.016828096 0.984232664
1403636587013555456.000000 -0.022326464 0.035047993 -0.062622502 0.025112769 0.172874466 -0.013813645 -0.984526753
1403636587063555584.000000 -0.020304810 0.037405241 -0.060054809 0.023807419 0.173476368 -0.012682462 -0.984468579
1403636587163555584.000000 -0.018019076 0.041881241 -0.055080127 0.022434600 0.178147748 -0.009358003 -0.983703494
1403636587213555456.000000 -0.016866684 0.046061434 -0.052266400 0.021528888 0.179666221 -0.009025599 -0.983450651
1403636587263555584.000000 -0.015977830 0.051833540 -0.049511235 0.021889063 0.180669084 -0.009687585 -0.983252645
1403636587313555456.000000 -0.014886215 0.059393484 -0.046579149 0.022526708 0.181303084 -0.010754063 -0.983110487
1403636587363555584.000000 -0.013872800 0.069612518 -0.042066365 -0.023510540 -0.182148904 0.011454130 0.982923090
1403636587463555584.000000 -0.011361729 0.093517132 -0.036432739 -0.025412804 -0.183973387 0.014916249 0.982489526
1403636587563555584.000000 -0.008639140 0.123871252 -0.032841049 0.026999123 0.185546637 -0.018961903 -0.982081473
1403636587613555456.000000 -0.007255355 0.141247720 -0.030917531 0.028816961 0.184984058 -0.020877412 -0.982097089
1403636587663555584.000000 -0.004860277 0.158841953 -0.030073071 -0.031129485 -0.182685137 0.022676913 0.982416868
1403636587763555584.000000 -0.000011353 0.196792185 -0.026623255 -0.037000183 -0.175309271 0.027742451 0.983426690
1403636587813555456.000000 0.001718654 0.215737864 -0.025362913 0.040577959 0.172317281 -0.029687826 -0.983757555
1403636587863555584.000000 0.003023482 0.234379381 -0.023980601 0.043877546 0.171268463 -0.031910151 -0.983729482
1403636587963555584.000000 0.002914754 0.269857019 -0.021442449 -0.051919639 -0.175967768 0.033910178 0.982440710
1403636588013555456.000000 0.002057363 0.286548734 -0.020589432 -0.057098921 -0.181347504 0.034218412 0.981163621
1403636588063555584.000000 0.000369912 0.301368594 -0.019462414 -0.061122421 -0.186016038 0.036342770 0.979970098
1403636588163555584.000000 -0.004164229 0.325653046 -0.018083105 0.063102514 0.190867111 -0.037357975 -0.978872955
1403636588263555584.000000 -0.007011370 0.341959924 -0.014192512 -0.061574142 -0.190297320 0.037099484 0.979090989
1403636588363555584.000000 -0.008906210 0.349356502 -0.013011593 -0.058376610 -0.186731085 0.038618822 0.979914427
1403636588413555456.000000 -0.010399092 0.349507987 -0.012214582 0.057997841 0.185133159 -0.039810412 -0.980192423
1403636588463555584.000000 -0.010736052 0.348052442 -0.013496643 0.057902094 0.184577256 -0.040543072 -0.980272889
1403636588563555584.000000 -0.009963699 0.339714944 -0.016538266 0.060278565 0.184730649 -0.039453652 -0.980145216
1403636588663555584.000000 -0.007703190 0.321311444 -0.020688066 0.059453633 0.184013009 -0.038798317 -0.980356634
1403636588763555584.000000 -0.009094784 0.295429647 -0.026191497 -0.055225223 -0.185893446 0.037239235 0.980309725
1403636588813555456.000000 -0.010076849 0.280789495 -0.028014237 -0.052978933 -0.187506407 0.036715824 0.980146229
1403636588863555584.000000 -0.011301610 0.264465302 -0.029726358 -0.050616860 -0.188374177 0.036634859 0.980107665
1403636588963555584.000000 -0.012415189 0.226931199 -0.033356659 -0.045269333 -0.187667176 0.035387985 0.980550587
1403636589063555584.000000 -0.011698146 0.184467360 -0.038167533 -0.038814966 -0.183554560 0.032926019 0.981690943
1403636589163555584.000000 -0.010262634 0.140917391 -0.043671146 0.033381563 0.178588033 -0.030322807 -0.982889891
1403636589213555456.000000 -0.009469546 0.116861492 -0.047092814 0.031309549 0.177354530 -0.030384891 -0.983179510
1403636589263555584.000000 -0.008868987 0.093649864 -0.048487056 0.029212654 0.177692041 -0.028072149 -0.983251810
1403636589313555456.000000 -0.009041833 0.069009744 -0.051393382 0.026547080 0.179080859 -0.027151210 -0.983101308
1403636589363555584.000000 -0.009416031 0.044408582 -0.053223796 0.024025965 0.181507692 -0.025744332 -0.982758880
1403636589413555456.000000 -0.010733648 0.020518174 -0.054299667 0.021768576 0.183462918 -0.023487344 -0.982504964
1403636589513555456.000000 -0.013818305 -0.026476260 -0.056280255 -0.018965214 -0.182725012 0.020203058 0.982773542
1403636589563555584.000000 -0.015601590 -0.050557431 -0.057793774 -0.017106516 -0.181439191 0.019760864 0.983054817
1403636589613555456.000000 -0.017425008 -0.074214518 -0.059048649 -0.015958840 -0.180184200 0.018556360 0.983328402
1403636589713555456.000000 -0.022391463 -0.120742202 -0.061950389 -0.013166697 -0.178351104 0.016451022 0.983741343
1403636589813555456.000000 -0.028057436 -0.165519327 -0.062499627 -0.006010258 -0.181040153 0.014977757 0.983343303
1403636589913555456.000000 -0.035273824 -0.202317595 -0.063635282 0.002809798 -0.187143803 0.012779813 0.982245445
1403636589963555584.000000 -0.039008923 -0.218803883 -0.063637242 0.007533510 -0.189044565 0.013276106 0.981849849
1403636590013555456.000000 -0.041985273 -0.233495191 -0.063885055 0.012142447 -0.188667774 0.013456558 0.981873691
1403636590113555456.000000 -0.043438632 -0.255530268 -0.065708555 0.018655783 -0.182723939 0.012338656 0.982909858
1403636590213555456.000000 -0.042358641 -0.266234636 -0.067577906 0.022727864 -0.177350163 0.011967090 0.983812571
1403636590263555584.000000 -0.041407794 -0.266835034 -0.068528652 -0.022852214 0.176905662 -0.011091403 -0.983900011
1403636590313555456.000000 -0.040842053 -0.264302701 -0.070235111 -0.022001315 0.177813232 -0.009851158 -0.983769000
1403636590363555584.000000 -0.040163789 -0.258631736 -0.071941495 -0.019741407 0.178894296 -0.009577439 -0.983623683
1403636590463555584.000000 -0.037743546 -0.238447309 -0.075527519 -0.013137757 0.179356039 -0.009062106 -0.983654857
1403636590513555456.000000 -0.035791881 -0.224360183 -0.077454507 -0.009818086 0.178137913 -0.008186579 -0.983922541
1403636590563555584.000000 -0.033743601 -0.208181992 -0.079322800 -0.006153375 0.176510602 -0.007400780 -0.984251678
1403636590663555584.000000 -0.029890012 -0.171982780 -0.082730949 -0.000556421 -0.173907667 0.006911450 0.984737575
1403636590713555456.000000 -0.028383661 -0.151801631 -0.083488539 -0.003539114 -0.174040973 0.007235060 0.984705508
1403636590763555584.000000 -0.027388962 -0.130416244 -0.083859928 -0.006450216 -0.175418675 0.008766916 0.984433770
1403636590863555584.000000 -0.026197329 -0.086269379 -0.082434013 0.009323184 0.181189254 -0.013357445 -0.983313382
1403636590913555456.000000 -0.026040802 -0.062679797 -0.081027828 0.010669935 0.183808565 -0.014606970 -0.982795596
1403636590963555584.000000 -0.025950868 -0.038461860 -0.079414725 0.012205468 0.185001954 -0.014985465 -0.982548177
1403636591063555584.000000 -0.024513707 0.008596282 -0.076283865 0.012389823 0.184487894 -0.016486682 -0.982618451
1403636591163555584.000000 -0.022461802 0.053821672 -0.071614340 -0.011178465 -0.183748752 0.018735722 0.982731164
1403636591213555456.000000 -0.021730646 0.074815974 -0.069292612 -0.011565359 -0.184405580 0.019656217 0.982585609
1403636591263555584.000000 -0.021845145 0.094567135 -0.066822670 -0.012647796 -0.185612530 0.020554507 0.982326627
1403636591313555456.000000 -0.024420485 0.112382755 -0.064930730 0.014679146 0.187032506 -0.021430390 -0.982010245
1403636591363555584.000000 -0.024569411 0.128319785 -0.061862823 0.016966041 0.188106000 -0.022400273 -0.981746733
1403636591413555456.000000 -0.026354110 0.141781420 -0.058888085 0.019073538 0.188650981 -0.023576591 -0.981575906
1403636591463555584.000000 -0.028765950 0.153074905 -0.055364870 0.020297416 0.188664392 -0.025242127 -0.981507421
1403636591563555584.000000 -0.033418432 0.172852859 -0.047373511 0.028859837 0.183695272 -0.026223484 -0.982209563
1403636591613555456.000000 -0.035699837 0.179418787 -0.043677766 0.037450802 0.177506238 -0.027255455 -0.983029127
1403636591663555584.000000 -0.036719650 0.186045319 -0.039575107 -0.044064082 -0.168452054 0.027153784 0.984350026
1403636591763555584.000000 -0.037274256 0.194204867 -0.032511272 -0.054970413 -0.147686601 0.024890479 0.987191737
1403636591813555456.000000 -0.035804294 0.197859749 -0.029042447 0.060874570 0.136929110 -0.024546063 -0.988403857
1403636591913555456.000000 -0.032466814 0.203090638 -0.023442555 0.070757210 0.122440115 -0.025637543 -0.989618480
1403636591963555584.000000 -0.031140588 0.206130192 -0.020123878 0.074584179 0.121871494 -0.029059794 -0.989312947
1403636592013555456.000000 -0.029380634 0.210742190 -0.015753407 0.078740954 0.125222757 -0.032376196 -0.988469005
1403636592113555456.000000 -0.025324838 0.223356143 -0.001666840 0.089129210 0.131993145 -0.040054534 -0.986422539
1403636592163555584.000000 -0.022191629 0.230928183 0.007782724 -0.094068885 -0.136296988 0.043941911 0.985212326
1403636592263555584.000000 -0.016399862 0.244544610 0.028771225 -0.099478483 -0.145176187 0.048252705 0.983208895
1403636592313555456.000000 -0.012700996 0.249866664 0.040843457 -0.099279508 -0.149299368 0.049226295 0.982563019
1403636592363555584.000000 -0.008787912 0.252242476 0.053263180 0.097621806 0.152395204 -0.051869791 -0.982117772
1403636592463555584.000000 0.002068829 0.252956212 0.083883770 -0.088180929 -0.155840501 0.051989555 0.982463717
1403636592513555456.000000 0.008302745 0.249555990 0.099668086 -0.080890082 -0.153585389 0.049708162 0.983563662
1403636592563555584.000000 0.014766796 0.243726775 0.115277044 -0.073199496 -0.149344474 0.046162728 0.984990954
1403636592663555584.000000 0.026083335 0.224741429 0.146731496 -0.056625802 -0.141068935 0.036020961 0.987722456
1403636592713555456.000000 0.030662458 0.211811975 0.162434608 -0.047253240 -0.139084280 0.030938610 0.988668621
1403636592763555584.000000 0.034069140 0.195771575 0.176749587 -0.035874732 -0.138713032 0.026202310 0.989335775
1403636592813555456.000000 0.037281763 0.175114706 0.187976018 -0.023091581 -0.139111012 0.022189057 0.989758849
1403636592913555456.000000 0.037462689 0.127561212 0.203697696 0.005971522 -0.143912464 0.015343443 0.989453495
1403636593013555456.000000 0.033779480 0.069437504 0.205673277 0.034456678 -0.150430441 0.007224828 0.987993538
1403636593063555584.000000 0.030570537 0.038636006 0.201631308 0.048308380 -0.153400764 0.003057698 0.986977875
1403636593163555584.000000 0.020658776 -0.024333360 0.181679681 0.074529022 -0.156744540 -0.003689771 0.984816253
1403636593263555584.000000 0.009310625 -0.082952268 0.149886221 0.097902350 -0.158389732 -0.002656687 0.982507408
1403636593313555456.000000 0.002308384 -0.108104683 0.132141367 0.105993927 -0.160393327 -0.002655058 0.981342137
1403636593363555584.000000 -0.005603299 -0.129140928 0.112619959 0.110683113 -0.162874043 -0.003955628 0.980410993
1403636593463555584.000000 -0.023162009 -0.155908510 0.070252560 0.112599120 -0.166264981 -0.006789697 0.979607761
1403636593513555456.000000 -0.033862274 -0.163586766 0.048349373 0.109091997 -0.167790890 -0.006305617 0.979747653
1403636593563555584.000000 -0.044674743 -0.166876689 0.026811030 0.105011225 -0.169992641 -0.003800197 0.979826927
1403636593663555584.000000 -0.065840214 -0.157833964 -0.015806345 0.092584878 -0.177703440 0.006851663 0.979695201
1403636593763555584.000000 -0.086011589 -0.134778753 -0.054462347 0.069045961 -0.185031205 0.019674342 0.980106711
1403636593863555584.000000 -0.103183039 -0.096761025 -0.089849800 0.034698546 -0.182492197 0.034496225 0.981989205
1403636593913555456.000000 -0.108304963 -0.073780961 -0.105781794 0.015344492 -0.177721217 0.042420305 0.983046472
1403636593963555584.000000 -0.111752450 -0.048622139 -0.120360963 -0.004784738 -0.171653599 0.049537815 0.983899534
1403636594063555584.000000 -0.115953714 0.003741099 -0.140452176 -0.044941887 -0.161050588 0.061564259 0.983998358
1403636594163555584.000000 -0.113925479 0.059665143 -0.147778079 -0.079538614 -0.157711014 0.073593058 0.981521785
1403636594263555584.000000 -0.109554894 0.117150374 -0.138106629 -0.105728634 -0.158517182 0.080752105 0.978352189
1403636594313555456.000000 -0.105628952 0.145965561 -0.127189413 -0.115462027 -0.158937305 0.081192531 0.977146506
1403636594363555584.000000 -0.100123137 0.174147636 -0.112699419 -0.123956762 -0.158541262 0.080340356 0.976240158
1403636594463555584.000000 -0.084936336 0.227288306 -0.076911390 -0.134639725 -0.152272224 0.075118706 0.976238966
1403636594563555584.000000 -0.067723140 0.269078255 -0.032198880 -0.137336761 -0.141146749 0.071872607 0.977778375
1403636594613555456.000000 -0.057949860 0.284941614 -0.008725410 0.136207283 0.136655480 -0.072042786 -0.978561580
1403636594663555584.000000 -0.049700372 0.293292940 0.014303138 0.134622708 0.132751495 -0.073098935 -0.979239702
1403636594713555456.000000 -0.042337097 0.295473218 0.037253331 -0.131788641 -0.130555868 0.071873769 0.980010748
1403636594813555456.000000 -0.030729406 0.279022396 0.080589399 -0.115800068 -0.126947522 0.064988017 0.982980788
1403636594863555584.000000 -0.026111074 0.261387318 0.099853352 -0.104468174 -0.125347883 0.060017493 0.984770179
1403636594913555456.000000 -0.022706492 0.236747116 0.117759861 -0.090958327 -0.123504445 0.052617177 0.986764789
1403636595013555456.000000 -0.019584112 0.171368733 0.142904818 -0.054890133 -0.121403694 0.037223700 0.990385115
1403636595063555584.000000 -0.020115836 0.132688627 0.150181800 -0.034943316 -0.122467130 0.028923986 0.991435409
1403636595113555456.000000 -0.021954264 0.093162917 0.154727533 -0.014734778 -0.125139356 0.022110505 0.991783321
1403636595163555584.000000 -0.024440374 0.054991394 0.158532500 0.004336679 -0.128194749 0.015634302 0.991616368
1403636595213555456.000000 -0.028176617 0.017617228 0.156625569 0.022830531 -0.131563276 0.011621582 0.990976691
1403636595263555584.000000 -0.032729104 -0.016674560 0.151761621 0.040158425 -0.134612605 0.007544509 0.990055561
1403636595313555456.000000 -0.038468204 -0.046880350 0.144744799 0.055244073 -0.137611896 0.003638184 0.988937736
1403636595363555584.000000 -0.044054650 -0.071060389 0.133679122 0.066616513 -0.139858752 -0.000282780 0.987927973
1403636595463555584.000000 -0.055893578 -0.101469807 0.107560322 0.079508819 -0.143174484 -0.004531302 0.986488163
1403636595513555456.000000 -0.062015563 -0.105231911 0.093569674 0.082016580 -0.145292670 -0.004448939 0.985973477
1403636595563555584.000000 -0.068303593 -0.102323107 0.078882597 0.083999790 -0.147859767 -0.005986415 0.985416591
1403636595663555584.000000 -0.080885500 -0.076406516 0.047221031 -0.079930246 0.152397543 0.007313247 -0.985054672
1403636595713555456.000000 -0.087202333 -0.058412496 0.032223474 0.071982056 -0.153583974 -0.006129176 0.985491216
1403636595763555584.000000 -0.093765788 -0.034702610 0.017934805 0.061619356 -0.153995618 -0.006434053 0.986127317
1403636595863555584.000000 -0.107513681 0.021374699 -0.008187803 0.031935718 -0.153003439 -0.003965025 0.987701535
1403636595963555584.000000 -0.120262191 0.076647609 -0.036163364 0.000242422 -0.153757930 0.004350295 0.988098979
1403636596063555584.000000 -0.133407176 0.121341333 -0.067633688 -0.030307379 -0.157591641 0.013880071 0.986941636
1403636596113555456.000000 -0.140000015 0.135464013 -0.084242843 -0.043109160 -0.159531921 0.019241812 0.986063421
1403636596163555584.000000 -0.145601258 0.142976880 -0.101213142 -0.052098062 -0.160717666 0.024131505 0.985329092
1403636596263555584.000000 -0.153236300 0.136594117 -0.135885969 -0.061206959 -0.159346551 0.031856790 0.984808385
1403636596313555456.000000 -0.155438080 0.124372452 -0.153361514 -0.062591858 -0.157365844 0.034929916 0.984935701
1403636596363555584.000000 -0.157097533 0.108018532 -0.172142342 -0.063869856 -0.155096710 0.036106504 0.985171080
1403636596463555584.000000 -0.158409044 0.068556845 -0.213259950 0.063526563 0.149817973 -0.032776844 -0.986126065
1403636596513555456.000000 -0.160198152 0.048502147 -0.231241986 0.062271286 0.147168517 -0.029737312 -0.986701310
1403636596563555584.000000 -0.161466092 0.029847601 -0.246799469 0.060568929 0.145135283 -0.026381258 -0.987203777
1403636596663555584.000000 -0.163837612 -0.000998762 -0.271823943 -0.059938785 -0.146271646 0.023021020 0.987158597
1403636596763555584.000000 -0.166404873 -0.019488351 -0.279901922 -0.057840224 -0.147322044 0.019497778 0.987203419
1403636596813555456.000000 -0.166717321 -0.022737946 -0.276323467 0.057233170 0.144831717 -0.017540656 -0.987643957
1403636596913555456.000000 -0.161146760 -0.019505907 -0.253712952 0.057999924 0.139088869 -0.012653520 -0.988499045
1403636596963555584.000000 -0.155685931 -0.013774300 -0.235354573 0.059245598 0.139140457 -0.009059251 -0.988457322
1403636597013555456.000000 -0.149058029 -0.006451046 -0.212783724 0.060365658 0.141568333 -0.008778058 -0.988047302
1403636597063555584.000000 -0.141897306 0.002208555 -0.187014937 0.060490858 0.147031441 -0.007597356 -0.987251163
1403636597113555456.000000 -0.133576259 0.011281427 -0.158666134 0.057999529 0.152955636 -0.008171082 -0.986495733
1403636597213555456.000000 -0.111678317 0.030151969 -0.098776236 -0.046682045 -0.161643282 0.004234026 0.985735476
1403636597313555456.000000 -0.084411912 0.046673153 -0.035104148 -0.032750510 -0.161525056 -0.002953422 0.986320674
1403636597363555584.000000 -0.070210703 0.053396132 -0.002472032 0.024435988 0.159338385 0.005796456 -0.986904621
1403636597413555456.000000 -0.056795273 0.057843905 0.028902303 0.016860126 0.157451808 0.011057455 -0.987320900
1403636597463555584.000000 -0.044375613 0.059698407 0.057508811 -0.008443011 -0.155689478 -0.015533708 0.987647831
1403636597563555584.000000 -0.025915425 0.057647463 0.106357872 0.012559500 -0.150906071 -0.022846509 0.988204241
1403636597613555456.000000 -0.020299831 0.052019268 0.123891145 0.024721021 -0.147082910 -0.024499511 0.988511682
1403636597663555584.000000 -0.017567210 0.043879326 0.135915980 -0.037593935 0.142808169 0.025399588 -0.988709986
1403636597713555456.000000 -0.016704950 0.032468092 0.142818153 0.049083076 -0.138406441 -0.026802270 0.988795340
1403636597763555584.000000 -0.018402593 0.020443153 0.143454596 0.058348246 -0.134226367 -0.028781807 0.988812685
1403636597813555456.000000 -0.021643095 0.008345686 0.138966843 0.065850519 -0.130300790 -0.031018941 0.988798916
1403636597913555456.000000 -0.032728508 -0.010327094 0.116348356 -0.076483250 0.125641987 0.038121656 -0.988388181
1403636598013555456.000000 -0.048381042 -0.025006231 0.081940785 0.081248909 -0.128312483 -0.045505345 0.987351894
1403636598113555456.000000 -0.068559907 -0.033108346 0.041832555 0.082335763 -0.138114974 -0.045932304 0.985918522
1403636598163555584.000000 -0.079896040 -0.033848867 0.021286242 -0.080699548 0.145670667 0.046280548 -0.984949648
1403636598213555456.000000 -0.091778755 -0.032766521 0.004292796 0.077968568 -0.155121922 -0.046797678 0.983701289
1403636598313555456.000000 -0.114329979 -0.026563372 -0.020470485 0.071406923 -0.171559632 -0.048795003 0.981370151
1403636598363555584.000000 -0.123389162 -0.021419216 -0.026801828 0.067059614 -0.176077604 -0.051589783 0.980733514
1403636598413555456.000000 -0.131517410 -0.015599133 -0.027691407 0.062454384 -0.178151727 -0.052378964 0.980621219
1403636598513555456.000000 -0.142565086 -0.003005286 -0.016151154 0.059151318 -0.174951956 -0.053451184 0.981343985
1403636598613555456.000000 -0.145853803 0.007744603 0.011031652 0.064920418 -0.162720457 -0.053330142 0.983088672
1403636598713555456.000000 -0.146223530 0.017457779 0.047903538 0.075548112 -0.145898357 -0.053267021 0.984971523
1403636598813555456.000000 -0.151818335 0.025974905 0.086594097 0.089064367 -0.123819195 -0.051114053 0.986977100
1403636598863555584.000000 -0.156249538 0.029859453 0.104958892 0.092730917 -0.111826800 -0.049457520 0.988154769
1403636598913555456.000000 -0.162162706 0.034466889 0.123130150 0.094752617 -0.101203315 -0.047398210 0.989208460
1403636599013555456.000000 -0.173341110 0.042147707 0.152714580 0.096143872 -0.086811267 -0.047034893 0.990458429
1403636599113555456.000000 -0.184299827 0.047090851 0.176863581 0.102928124 -0.068629056 -0.044194683 0.991333783
1403636599213555456.000000 -0.189463124 0.052695964 0.199516699 0.108148679 -0.039701883 -0.041863073 0.992459178
1403636599263555584.000000 -0.191471353 0.053902034 0.209066361 0.108881339 -0.024030020 -0.038821433 0.993005753
1403636599313555456.000000 -0.192261860 0.056389838 0.220711738 -0.109128855 0.010433279 0.036022484 -0.993319929
1403636599413555456.000000 -0.184320256 0.061945606 0.216899484 0.105121858 0.004662637 -0.034922615 0.993835092
1403636599513555456.000000 -0.191284075 0.064948060 0.233784139 0.097286500 0.005851675 -0.034318428 0.994647384
1403636599563555584.000000 -0.193314821 0.065918215 0.236882240 0.092909843 0.002910771 -0.032529406 0.995138824
1403636599613555456.000000 -0.196707323 0.067088872 0.242134944 0.090455972 -0.000443680 -0.031489138 0.995402396
1403636599663555584.000000 -0.200304240 0.068689808 0.246444911 0.088328451 -0.002781720 -0.031979237 0.995574057
1403636599763555584.000000 -0.188940242 0.075741708 0.232725009 0.091020003 0.010433581 -0.031255588 0.995303810
1403636599863555584.000000 -0.207131073 0.078331888 0.239736438 0.090997443 0.025891762 -0.029639788 0.995073199
1403636599963555584.000000 -0.225434497 0.080774955 0.245585799 -0.090554155 -0.028979132 0.026793443 -0.995109200
1403636600013555456.000000 -0.228319421 0.081122734 0.241873264 0.089781530 0.029123172 -0.025594074 0.995206594
1403636600063555584.000000 -0.237940520 0.082817145 0.243866727 0.090770610 0.029410785 -0.023160446 0.995167971
1403636600163555584.000000 -0.215809286 0.087567873 0.227208614 0.091238245 0.028631113 -0.023791414 0.995133162
1403636600213555456.000000 -0.226486415 0.088052571 0.229478061 0.091595329 0.029410299 -0.022465413 0.995108366
1403636600263555584.000000 -0.227097318 0.087074637 0.228154302 0.091968462 0.028367074 -0.022246378 0.995109200
1403636600363555584.000000 -0.223732218 0.090478443 0.226349294 0.092386939 0.028311081 -0.021438476 0.995089769
1403636600463555584.000000 -0.239689589 0.090728328 0.223385334 -0.092781402 -0.029405450 0.020170027 -0.995047867
1403636600513555456.000000 -0.246440113 0.091214724 0.221227154 -0.092601538 -0.030554952 0.020309428 -0.995027125
1403636600613555456.000000 -0.261091739 0.091232739 0.215363473 -0.092564531 -0.031180106 0.019923441 -0.995018959
1403636600713555456.000000 -0.270650268 0.089975759 0.208167851 -0.092413358 -0.032004468 0.019777976 -0.995009720
1403636600763555584.000000 -0.272022247 0.088785365 0.205589831 -0.092315249 -0.032231726 0.019560914 -0.995015800
1403636600863555584.000000 -0.241595224 0.089916907 0.215644285 0.092640527 0.028566264 -0.019535102 0.995098054
1403636600913555456.000000 -0.241714761 0.089754328 0.214574918 0.092461675 0.028578695 -0.019959500 0.995105922
1403636600963555584.000000 -0.242676169 0.089672446 0.213950589 0.092534877 0.028563626 -0.019661119 0.995105505
1403636601063555584.000000 -0.257516116 0.090630077 0.195698887 -0.092618592 -0.028844770 0.018763740 -0.995106876
1403636601113555456.000000 -0.260872692 0.091519415 0.190012813 -0.092398159 -0.029026596 0.019151190 -0.995114744
1403636601213555456.000000 -0.246340647 0.089420609 0.199946836 0.092715010 0.029956099 -0.019150257 0.995057762
1403636601263555584.000000 -0.246904418 0.089527637 0.196941555 0.092749111 0.030034108 -0.018777609 0.995059311
1403636601313555456.000000 -0.247374579 0.089794211 0.194783792 0.092585437 0.030131990 -0.019226825 0.995063007
1403636601363555584.000000 -0.252616704 0.090233818 0.182171494 -0.092824347 -0.029927382 0.018693550 -0.995057106
1403636601413555456.000000 -0.254476488 0.090709560 0.175679818 -0.092737317 -0.029943820 0.018858051 -0.995061576
1403636601463555584.000000 -0.256194681 0.091242537 0.168859974 -0.092755467 -0.029943908 0.018595466 -0.995064855
1403636601513555456.000000 -0.257703036 0.091978356 0.161752224 -0.092705436 -0.030020947 0.018703200 -0.995065153
1403636601613555456.000000 -0.247937381 0.088694640 0.190881997 0.092652328 0.029923091 -0.019056927 0.995066345
1403636601713555456.000000 -0.250718802 0.091017582 0.175093412 0.092612714 0.029621383 -0.019037578 0.995079458
1403636601813555456.000000 -0.251926422 0.093150266 0.163521945 -0.092537865 -0.029462719 0.018933233 -0.995093107
1403636601863555584.000000 -0.246747658 0.090263382 0.189644217 0.092226148 0.030302696 -0.019766107 0.995080650
1403636601913555456.000000 -0.246912166 0.090410739 0.187539414 0.092075080 0.030063322 -0.019652685 0.995104134
1403636602013555456.000000 -0.247800335 0.093993537 0.171567604 -0.092238866 -0.030073198 0.019446280 -0.995092690
1403636602113555456.000000 -0.248660684 0.089036755 0.186838016 0.092704140 0.029806623 -0.018709907 0.995071650
1403636602163555584.000000 -0.248671159 0.089573391 0.184071943 0.092508182 0.029472105 -0.018928815 0.995095611
1403636602213555456.000000 -0.248550162 0.090337716 0.181905106 0.092567407 0.029363640 -0.018698422 0.995097697
1403636602313555456.000000 -0.249447495 0.093075223 0.166887417 -0.092741475 -0.029421560 0.018389709 -0.995085597
1403636602363555584.000000 -0.249686539 0.094198443 0.161975488 -0.092681572 -0.029228643 0.018598538 -0.995092988
1403636602413555456.000000 -0.249764457 0.095423684 0.157180324 -0.092783958 -0.029097676 0.018443452 -0.995090127
1403636602463555584.000000 -0.248622701 0.089616425 0.187974289 0.092595898 0.030059518 -0.018564006 0.995076835
1403636602513555456.000000 -0.248778209 0.089864038 0.186036363 0.092484936 0.029901918 -0.018520301 0.995092690
1403636602613555456.000000 -0.248611629 0.090719268 0.177770779 -0.092436410 -0.029742790 0.018478431 -0.995102763
1403636602663555584.000000 -0.248714983 0.091248684 0.174602404 -0.092374779 -0.029607922 0.018469458 -0.995112717
1403636602713555456.000000 -0.248515874 0.091725342 0.171853513 -0.092378601 -0.029520743 0.018436192 -0.995115519
1403636602763555584.000000 -0.248285100 0.092068017 0.169546664 -0.092309110 -0.029432552 0.018418776 -0.995124936
1403636602813555456.000000 -0.247917339 0.092583969 0.167629153 -0.092287078 -0.029369287 0.018423943 -0.995128751
1403636602913555456.000000 -0.246740073 0.093223326 0.163801759 -0.092281006 -0.029126201 0.018421708 -0.995136499
1403636603013555456.000000 -0.249760047 0.090204656 0.189924493 0.092492610 0.030261686 -0.018736750 0.995077074
1403636603063555584.000000 -0.249135166 0.090032950 0.190653503 0.092581786 0.030234406 -0.018636843 0.995071471
1403636603163555584.000000 -0.245854959 0.092430927 0.180690154 -0.092584558 -0.029886132 0.018527504 -0.995083809
1403636603213555456.000000 -0.244687214 0.093296111 0.177892581 -0.092608809 -0.029675128 0.018608440 -0.995086372
1403636603263555584.000000 -0.247112408 0.090218298 0.189140782 0.092447743 0.030299138 -0.019074280 0.995073736
1403636603313555456.000000 -0.246660039 0.090510942 0.187353477 0.092401251 0.030167641 -0.019145096 0.995080590
1403636603363555584.000000 -0.246429577 0.090443581 0.187074289 0.092365600 0.030017279 -0.019108454 0.995089173
1403636603413555456.000000 -0.242915377 0.092235088 0.182652399 -0.092474729 -0.030254459 0.019070098 -0.995072663
1403636603513555456.000000 -0.237538204 0.096338086 0.167788461 -0.092662565 -0.029318124 0.018556962 -0.995092869
1403636603613555456.000000 -0.237151489 0.095004901 0.175915986 -0.092433088 -0.029292202 0.019223709 -0.995102346
1403636603663555584.000000 -0.235910371 0.095143847 0.175380096 -0.092407733 -0.029054759 0.019288141 -0.995110393
1403636603713555456.000000 -0.234611452 0.094932295 0.175505504 -0.092416212 -0.028882690 0.019313950 -0.995114088
1403636603813555456.000000 -0.249689102 0.090214185 0.189964890 0.092435792 0.030335851 -0.018770095 0.995079517
1403636603863555584.000000 -0.249284714 0.089995034 0.191012144 0.092416786 0.030410910 -0.018785907 0.995078623
1403636603913555456.000000 -0.248565137 0.089960739 0.191422537 0.092412122 0.030242667 -0.018749673 0.995084882
1403636604013555456.000000 -0.241980359 0.092199512 0.187620103 -0.092662960 -0.029778674 0.018377846 -0.995082498
1403636604113555456.000000 -0.237101182 0.093188085 0.188417345 -0.092796713 -0.029407458 0.018423570 -0.995080173
1403636604213555456.000000 -0.232180819 0.093441434 0.191136792 -0.092840478 -0.028925160 0.018399592 -0.995090663
1403636604263555584.000000 -0.229860321 0.092400901 0.193873107 -0.092751630 -0.028772065 0.018544495 -0.995100677
1403636604313555456.000000 -0.247278005 0.090387307 0.188973024 0.092526227 0.030371072 -0.018890413 0.995067716
1403636604413555456.000000 -0.245900914 0.090405129 0.191498145 0.092538215 0.030220639 -0.018931260 0.995070338
1403636604513555456.000000 -0.238082737 0.093170702 0.191825420 -0.092685051 -0.029778661 0.019007148 -0.995068550
1403636604563555584.000000 -0.235966519 0.093819007 0.193624437 -0.092693575 -0.029588040 0.019125376 -0.995071232
1403636604613555456.000000 -0.233662426 0.094253331 0.196109176 -0.092696093 -0.029496962 0.019252462 -0.995071232
1403636604663555584.000000 -0.231249765 0.093949325 0.199225217 -0.092735782 -0.029411286 0.019352486 -0.995068133
1403636604763555584.000000 -0.226786822 0.093753010 0.204221189 -0.092824072 -0.029163858 0.019506278 -0.995064199
1403636604813555456.000000 -0.246149927 0.089934453 0.190502509 0.092354469 0.030277859 -0.019369604 0.995077252
1403636604863555584.000000 -0.245876849 0.089601979 0.191858739 0.092324384 0.030295022 -0.019399501 0.995078981
1403636604963555584.000000 -0.242703602 0.092948183 0.190720603 -0.092579156 -0.030010752 0.019305585 -0.995065808
1403636605013555456.000000 -0.244043916 0.091142863 0.191391453 -0.092503607 -0.029942382 0.019484984 -0.995071292
1403636605063555584.000000 -0.244676143 0.090404414 0.191894948 -0.092496552 -0.029928889 0.019480586 -0.995072484
1403636605163555584.000000 -0.245199755 0.089840442 0.192707524 -0.092465639 -0.029982287 0.019313199 -0.995076954
1403636605263555584.000000 -0.245414019 0.089488961 0.193159476 -0.092417933 -0.030074384 0.019359693 -0.995077729
1403636605313555456.000000 -0.246035054 0.090025656 0.190557420 0.092458338 0.030254664 -0.019122245 0.995073080
1403636605363555584.000000 -0.246220782 0.089929968 0.190313056 0.092453025 0.030239951 -0.019054435 0.995075345
1403636605413555456.000000 -0.245911047 0.089351609 0.192415282 -0.092275612 -0.030115170 0.019651717 -0.995084047
1403636605513555456.000000 -0.246288776 0.091162041 0.188476533 -0.092621051 -0.030073861 0.018986518 -0.995066047
1403636605563555584.000000 -0.246121585 0.089693300 0.190984011 -0.092462637 -0.030216170 0.019070853 -0.995074868
1403636605613555456.000000 -0.246150598 0.089535147 0.191168159 -0.092455938 -0.030253764 0.019154657 -0.995072722
1403636605713555456.000000 -0.246277586 0.089431927 0.191472843 -0.092461534 -0.030249659 0.019217111 -0.995071173
1403636605763555584.000000 -0.246281609 0.089456178 0.191615105 -0.092430383 -0.030251797 0.019246059 -0.995073438
1403636605813555456.000000 -0.245739788 0.089693941 0.190409422 0.092423826 0.030322330 -0.018996119 0.995076656
1403636605913555456.000000 -0.245811254 0.089715682 0.190490559 0.092449330 0.030298280 -0.019092876 0.995073199
1403636606013555456.000000 -0.246209398 0.090272546 0.191800296 -0.092572227 -0.030218299 0.019169854 -0.995062709
1403636606063555584.000000 -0.245699674 0.089650072 0.190830648 -0.092476904 -0.030352069 0.019048791 -0.995069861
1403636606113555456.000000 -0.245682508 0.089521520 0.190742329 -0.092437498 -0.030371025 0.019052899 -0.995072901
1403636606163555584.000000 -0.245666131 0.089438342 0.190722317 -0.092418835 -0.030360306 0.019064002 -0.995074749
1403636606263555584.000000 -0.245497003 0.089454703 0.190702751 -0.092452787 -0.030329317 0.019009423 -0.995073497
1403636606313555456.000000 -0.245809168 0.089771584 0.190411538 0.092491746 0.030233316 -0.018959926 0.995073795
1403636606363555584.000000 -0.245857060 0.089802220 0.190197751 0.092484735 0.030261621 -0.018986046 0.995073080
1403636606463555584.000000 -0.245413363 0.089705028 0.190491170 -0.092498675 -0.030275919 0.018948121 -0.995072067
1403636606563555584.000000 -0.245679751 0.089746743 0.190834165 -0.092508964 -0.030291596 0.018910838 -0.995071292
1403636606663555584.000000 -0.245584682 0.089741848 0.190505236 -0.092414394 -0.030321099 0.019037982 -0.995076776
1403636606763555584.000000 -0.245594591 0.089654192 0.190429166 -0.092404224 -0.030333431 0.019034449 -0.995077431
1403636606813555456.000000 -0.245911986 0.089758076 0.190342665 0.092404962 0.030367075 -0.019093722 0.995075226
1403636606863555584.000000 -0.245922983 0.089773886 0.190345436 0.092408948 0.030362211 -0.019088101 0.995075107
1403636606963555584.000000 -0.245796978 0.089694448 0.190661669 -0.092473648 -0.030291161 0.018909825 -0.995074689
1403636607063555584.000000 -0.245772675 0.089741759 0.190386772 -0.092443109 -0.030307347 0.019093478 -0.995073497
1403636607113555456.000000 -0.245632321 0.089701869 0.190507442 -0.092500217 -0.030258333 0.018927217 -0.995072842
1403636607163555584.000000 -0.245748132 0.089750700 0.190229967 -0.092423439 -0.030336427 0.019133180 -0.995073676
1403636607213555456.000000 -0.245735213 0.089748137 0.190187261 -0.092419498 -0.030305265 0.019152841 -0.995074630
1403636607313555456.000000 -0.245835781 0.089878127 0.190728769 0.092163958 0.030282034 -0.019722244 0.995087922
1403636607363555584.000000 -0.245901063 0.089846112 0.190769017 0.092130661 0.030300591 -0.019778941 0.995089233
1403636607413555456.000000 -0.245745659 0.089723885 0.190088078 -0.092389278 -0.030299746 0.019190865 -0.995076835
1403636607513555456.000000 -0.245465636 0.090155847 0.190750316 -0.092571124 -0.030115901 0.019048737 -0.995068252
1403636607563555584.000000 -0.245595723 0.089853875 0.190240040 -0.092495285 -0.030200757 0.019037267 -0.995073020
1403636607613555456.000000 -0.245731160 0.089811839 0.190243930 -0.092465311 -0.030223301 0.019038046 -0.995075047
1403636607663555584.000000 -0.245805651 0.089789338 0.190234974 -0.092439324 -0.030210055 0.019061204 -0.995077372
1403636607713555456.000000 -0.245853260 0.089788921 0.190191060 -0.092450403 -0.030191353 0.019030189 -0.995077491
1403636607763555584.000000 -0.245969415 0.090043075 0.190730140 -0.092494547 -0.030158248 0.019088916 -0.995073318
1403636607813555456.000000 -0.245719790 0.089808755 0.190371692 0.092430696 0.030230980 -0.019223280 0.995074511
1403636607913555456.000000 -0.245810255 0.089802779 0.190400809 0.092416756 0.030282596 -0.019155936 0.995075524
1403636608013555456.000000 -0.246066853 0.089898564 0.190053418 -0.092577629 -0.030227436 0.018821469 -0.995068610
1403636608063555584.000000 -0.245756149 0.089870498 0.190431476 -0.092417523 -0.030276891 0.019122003 -0.995076239
1403636608113555456.000000 -0.245703921 0.089800090 0.190450937 -0.092559159 -0.030238716 0.018745434 -0.995071352
1403636608163555584.000000 -0.245844007 0.089822218 0.190330774 -0.092527613 -0.030254219 0.018863516 -0.995071650
1403636608213555456.000000 -0.245655566 0.089815333 0.190580934 -0.092382990 -0.030294733 0.019160945 -0.995078146
1403636608313555456.000000 -0.246044427 0.089989841 0.190447450 0.092179827 0.030388959 -0.019627266 0.995085061
1403636608363555584.000000 -0.246082664 0.089968458 0.190436736 0.092185900 0.030384161 -0.019646106 0.995084286
1403636608413555456.000000 -0.246069223 0.089955315 0.190500900 0.092175789 0.030399358 -0.019670628 0.995084286
1403636608463555584.000000 -0.246154696 0.090579614 0.189894348 -0.092660703 -0.030111495 0.018840289 -0.995064020
1403636608563555584.000000 -0.245910913 0.090224758 0.189989299 -0.092553832 -0.030234447 0.018859014 -0.995069921
1403636608613555456.000000 -0.246037513 0.090204835 0.190305725 -0.092600681 -0.030202726 0.018839477 -0.995066881
1403636608663555584.000000 -0.245821193 0.089895137 0.190343380 -0.092496298 -0.030245440 0.018921835 -0.995073736
1403636608763555584.000000 -0.245804876 0.089793287 0.190474153 -0.092467658 -0.030256383 0.018963655 -0.995075226
1403636608813555456.000000 -0.245722830 0.089672364 0.190738246 0.092364296 0.030191515 -0.019241884 0.995081484
1403636608863555584.000000 -0.245755464 0.089677043 0.190791622 0.092364743 0.030187724 -0.019242164 0.995081544
1403636608963555584.000000 -0.246153653 0.090177462 0.190221623 -0.092549697 -0.030242490 0.018896410 -0.995069325
1403636609063555584.000000 -0.246009320 0.089964464 0.190096140 -0.092590690 -0.030264355 0.018708680 -0.995068431
1403636609113555456.000000 -0.245773122 0.089657754 0.190850422 -0.092396334 -0.030218443 0.019157061 -0.995079339
1403636609163555584.000000 -0.245746568 0.089568950 0.190945834 -0.092396043 -0.030239122 0.019140031 -0.995079041
1403636609213555456.000000 -0.245925710 0.089758262 0.190433115 -0.092596404 -0.030283926 0.018732451 -0.995066762
1403636609313555456.000000 -0.246026799 0.089806177 0.190856263 0.092371359 0.030232413 -0.019276315 0.995078921
1403636609413555456.000000 -0.245885894 0.089786604 0.190943018 0.092333309 0.030241465 -0.019351769 0.995080709
1403636609463555584.000000 -0.246082783 0.090103395 0.190459102 -0.092608556 -0.030207077 0.018897617 -0.995064855
1403636609513555456.000000 -0.246012121 0.090055279 0.190509498 -0.092579804 -0.030202387 0.018914092 -0.995067418
1403636609563555584.000000 -0.245994225 0.090074502 0.190555558 -0.092597887 -0.030245613 0.018905791 -0.995064497
1403636609663555584.000000 -0.245633125 0.089791715 0.190527499 -0.092670165 -0.030215876 0.018540062 -0.995065570
1403636609763555584.000000 -0.245828778 0.090150878 0.190498888 -0.092714027 -0.030168382 0.018559732 -0.995062649
1403636609863555584.000000 -0.246345609 0.089803927 0.190576911 0.092144147 0.030572619 -0.019687545 0.995081544
1403636609913555456.000000 -0.246412843 0.089836419 0.190557659 0.092173398 0.030495781 -0.019699162 0.995080888
1403636609963555584.000000 -0.246463716 0.089859128 0.190550491 0.092146061 0.030443780 -0.019770594 0.995083630
1403636610063555584.000000 -0.245396107 0.090313956 0.190163895 -0.092669100 -0.030110816 0.018595617 -0.995067894
1403636610113555456.000000 -0.246132627 0.090132810 0.190328136 -0.092202894 -0.030450091 0.019565316 -0.995082200
1403636610163555584.000000 -0.246022731 0.090214342 0.190212116 -0.092632532 -0.030164331 0.018741226 -0.995066941
1403636610263555584.000000 -0.246187568 0.090173349 0.190223128 -0.092529915 -0.030129535 0.018768070 -0.995076954
1403636610363555584.000000 -0.245634258 0.089774489 0.190217465 0.092272967 0.030165009 -0.019222867 0.995091081
1403636610413555456.000000 -0.245567456 0.089658298 0.190453917 0.092219643 0.030185984 -0.019362835 0.995092690
1403636610463555584.000000 -0.245477661 0.089619122 0.190577120 0.092240304 0.030182892 -0.019294068 0.995092213
1403636610563555584.000000 -0.246979743 0.089959674 0.190661237 -0.092282236 -0.030391686 0.019292701 -0.995081961
1403636610663555584.000000 -0.246353835 0.089758374 0.190548673 -0.092294961 -0.030341065 0.019259920 -0.995083034
1403636610763555584.000000 -0.245878384 0.089690804 0.190355748 -0.092283159 -0.030104380 0.019400459 -0.995088518
1403636610863555584.000000 -0.245972782 0.089691252 0.191064104 0.092188723 0.030412845 -0.019922864 0.995077550
1403636610963555584.000000 -0.245955080 0.089567296 0.190900177 0.092228226 0.030293394 -0.019794105 0.995080173
1403636611013555456.000000 -0.245850831 0.089647435 0.191085115 0.092076965 0.030573297 -0.019871997 0.995084107
1403636611063555584.000000 -0.245992929 0.089809574 0.190194160 -0.092600189 -0.029881382 0.019078791 -0.995072067
1403636611163555584.000000 -0.245850250 0.089805506 0.190959066 -0.092294544 -0.030322151 0.019688319 -0.995075226
1403636611213555456.000000 -0.245762408 0.089778505 0.191376299 -0.092220776 -0.030373117 0.019859491 -0.995077074
1403636611263555584.000000 -0.245748878 0.089733005 0.191573024 -0.092243761 -0.030405860 0.019729160 -0.995076597
1403636611363555584.000000 -0.250970542 0.092829697 0.203322038 0.093080744 0.030749649 -0.019040221 0.995001495
1403636611413555456.000000 -0.250945598 0.093021609 0.203418568 0.092715703 0.031011919 -0.019537458 0.995017827
1403636611463555584.000000 -0.251374930 0.093415879 0.203267947 0.092824847 0.030669702 -0.018760798 0.995033145
1403636611563555584.000000 -0.240369424 0.090469919 0.200323761 -0.092995375 -0.029943958 0.017910892 -0.995055020
1403636611613555456.000000 -0.227782160 0.085630395 0.185476065 -0.092793077 -0.028875763 0.017803090 -0.995107353
1403636611663555584.000000 -0.252605438 0.094960704 0.203002676 0.093176618 0.030249590 -0.017714750 0.995032370
1403636611713555456.000000 -0.248618498 0.094243556 0.201408952 0.092601076 0.030239780 -0.018641444 0.995069385
1403636611763555584.000000 -0.244248003 0.093151070 0.199965999 0.092848629 0.029834900 -0.018153302 0.995067656
1403636611813555456.000000 -0.241943285 0.093108058 0.200246066 0.092714451 0.029530106 -0.018024109 0.995091617
1403636611913555456.000000 -0.262679696 0.089888640 0.191694021 0.091975920 0.030845273 -0.019620599 0.995090067
1403636612013555456.000000 -0.255794793 0.087726958 0.193506196 0.092003226 0.028841859 -0.018358115 0.995171607
1403636612063555584.000000 -0.244224072 0.085466139 0.192044333 -0.092419811 -0.029775126 0.019186402 -0.995089948
1403636612113555456.000000 -0.240825951 0.084951945 0.193741649 -0.092381880 -0.028520750 0.018138273 -0.995149851
1403636612163555584.000000 -0.243298635 0.093757764 0.194730818 0.094144247 0.029630717 -0.017280592 0.994967461
1403636612263555584.000000 -0.240536049 0.093227655 0.200511441 0.092210069 0.030394103 -0.020520315 0.995064020
1403636612313555456.000000 -0.226725310 0.085312754 0.209077150 -0.092590943 -0.030134499 0.017875323 -0.995087624
1403636612363555584.000000 -0.230560333 0.093379125 0.207361564 -0.092424311 -0.029150322 0.020182539 -0.995088339
1403636612463555584.000000 -0.220832691 0.086116105 0.220126107 -0.090804130 -0.029286738 0.023510750 -0.995160401
1403636612513555456.000000 -0.219685256 0.085433386 0.223645151 -0.091582485 -0.028962884 0.021645846 -0.995140851
1403636612563555584.000000 -0.223819479 0.093011640 0.221413776 -0.091982760 -0.028903902 0.022158610 -0.995094359
1403636612613555456.000000 -0.218372494 0.084628627 0.229865000 -0.091486983 -0.029042058 0.021840237 -0.995143056
1403636612713555456.000000 -0.244042799 0.090243384 0.191426590 0.091781147 0.030420467 -0.020948414 0.995093942
1403636612813555456.000000 -0.244236782 0.090310961 0.192228600 0.092045128 0.030349452 -0.020124039 0.995088816
1403636612863555584.000000 -0.244314954 0.090340585 0.191964805 0.092078015 0.030320697 -0.020472135 0.995079577
1403636612913555456.000000 -0.241707653 0.082335077 0.206639335 -0.091824025 -0.030285655 0.020214546 -0.995109379
1403636612963555584.000000 -0.241579905 0.081092201 0.210392073 -0.091866463 -0.030347079 0.019979259 -0.995108306
1403636613063555584.000000 -0.240700662 0.078892954 0.218936682 -0.092410862 -0.030418750 0.019552641 -0.995064199
1403636613113555456.000000 -0.241064087 0.078740716 0.222681507 -0.092051230 -0.030507408 0.020340953 -0.995078981
1403636613163555584.000000 -0.241780549 0.078219160 0.225502387 -0.092216462 -0.030676367 0.019517507 -0.995074987
1403636613213555456.000000 -0.233789772 0.093591169 0.195645601 0.092630520 0.029588172 -0.019538734 0.995069087
1403636613263555584.000000 -0.233930305 0.093529716 0.196059898 0.092821501 0.029542690 -0.018903589 0.995064914
1403636613313555456.000000 -0.233889893 0.093597546 0.196814910 0.092560433 0.029776651 -0.019486869 0.995070934
1403636613363555584.000000 -0.233097836 0.094029047 0.206391603 -0.093009323 -0.029539006 0.018735318 -0.995050669
1403636613463555584.000000 -0.232470855 0.095215864 0.214332134 -0.093262665 -0.029735418 0.018171011 -0.995031536
1403636613513555456.000000 -0.232333496 0.096349239 0.218251765 -0.093120515 -0.029914785 0.018720651 -0.995029271
1403636613563555584.000000 -0.232219607 0.097305737 0.221751973 -0.093340904 -0.029926987 0.018323006 -0.995015621
1403636613663555584.000000 -0.232360125 0.098820463 0.229450554 -0.093676344 -0.030059325 0.017900892 -0.994987845
1403636613713555456.000000 -0.233422816 0.094388723 0.196034342 0.093001127 0.029628435 -0.018296404 0.995056927
1403636613763555584.000000 -0.233542427 0.094399527 0.196521431 0.092932917 0.029711928 -0.018368751 0.995059490
1403636613863555584.000000 -0.231917247 0.097916372 0.206503481 -0.093349308 -0.029538196 0.018140649 -0.995029867
1403636613913555456.000000 -0.231444135 0.099136151 0.209939674 -0.093494236 -0.029638993 0.018303894 -0.995010257
1403636613963555584.000000 -0.231129006 0.100225881 0.213241696 -0.093618743 -0.029695043 0.018341752 -0.994996130
1403636614013555456.000000 -0.230932653 0.101472698 0.216311827 -0.093717970 -0.029795866 0.018357256 -0.994983554
1403636614063555584.000000 -0.231337473 0.102324404 0.218938366 -0.093740493 -0.029963600 0.018516606 -0.994973421
1403636614113555456.000000 -0.230857685 0.103759639 0.219650671 -0.093891621 -0.030007800 0.018584065 -0.994956553
1403636614163555584.000000 -0.232367158 0.103096060 0.219576076 -0.093890838 -0.030144064 0.018816493 -0.994948208
1403636614213555456.000000 -0.233437151 0.094203077 0.196373671 0.093096487 0.029486200 -0.018132322 0.995055258
1403636614263555584.000000 -0.233575672 0.094241992 0.196397915 0.092961438 0.029517733 -0.018297460 0.995063901
1403636614313555456.000000 -0.233806372 0.094679840 0.196936756 0.093027383 0.029577313 -0.018165812 0.995058358
1403636614363555584.000000 -0.231057271 0.097580150 0.203242227 -0.093130097 -0.029561944 0.018254172 -0.995047629
1403636614463555584.000000 -0.229808375 0.099827625 0.208011642 -0.093406796 -0.029851768 0.018801529 -0.995002806
1403636614563555584.000000 -0.229692131 0.102111474 0.212217271 -0.093726307 -0.029670838 0.019191351 -0.994970739
1403636614613555456.000000 -0.230544701 0.103074759 0.213528723 -0.093918584 -0.029731989 0.019057440 -0.994953394
1403636614663555584.000000 -0.231383413 0.103676766 0.214122146 -0.093912385 -0.029832268 0.019306686 -0.994946182
1403636614713555456.000000 -0.233906165 0.093912415 0.196143165 0.092917956 0.029633690 -0.018667232 0.995057642
1403636614813555456.000000 -0.234228209 0.094084427 0.196009859 0.092987135 0.029701689 -0.018652961 0.995049417
1403636614863555584.000000 -0.232943624 0.096310213 0.201500222 -0.093197472 -0.029637404 0.018700533 -0.995030761
1403636614913555456.000000 -0.232873693 0.096632987 0.203064680 -0.093278222 -0.029698024 0.018679835 -0.995021820
1403636614963555584.000000 -0.232812420 0.097003140 0.204480499 -0.093278743 -0.029792204 0.018795062 -0.995016754
1403636615063555584.000000 -0.232568756 0.097446159 0.206987545 -0.093451522 -0.029688597 0.018879799 -0.995002031
1403636615113555456.000000 -0.232644960 0.097594328 0.207043916 -0.093496799 -0.029737780 0.018997492 -0.994994044
1403636615163555584.000000 -0.232749850 0.097615384 0.206592456 -0.093562275 -0.029743196 0.018991277 -0.994987845
1403636615213555456.000000 -0.244463205 0.090476796 0.192244992 0.092016682 0.030587440 -0.019859539 0.995089471
1403636615263555584.000000 -0.244557321 0.090402946 0.191834122 0.092034340 0.030622896 -0.019806474 0.995087743
1403636615363555584.000000 -0.244609788 0.090669200 0.192234620 0.092072487 0.030701358 -0.019774308 0.995082498
1403636615413555456.000000 -0.243919492 0.091456495 0.197085738 -0.092195623 -0.030741733 0.019825602 -0.995068789
1403636615463555584.000000 -0.244205654 0.090718411 0.196480468 -0.092210233 -0.030780062 0.019827619 -0.995066226
1403636615513555456.000000 -0.244544685 0.090433054 0.195203900 -0.092128500 -0.030816520 0.019873308 -0.995071769
1403636615563555584.000000 -0.244752869 0.090360813 0.194487035 -0.092125230 -0.030786717 0.019848337 -0.995073438
1403636615613555456.000000 -0.244892731 0.090405986 0.193644181 -0.092094816 -0.030767098 0.019931233 -0.995075226
1403636615663555584.000000 -0.245117068 0.090428531 0.192770183 -0.092112906 -0.030760266 0.019864751 -0.995075107
1403636615763555584.000000 -0.244775265 0.090491384 0.192524925 0.092004791 0.030723669 -0.019824406 0.995087028
1403636615813555456.000000 -0.244812414 0.090527788 0.192024395 0.091954134 0.030765003 -0.019898439 0.995088995
1403636615863555584.000000 -0.244762316 0.090588026 0.191708758 0.091956548 0.030696757 -0.019819776 0.995092452
1403636615913555456.000000 -0.243570253 0.090761565 0.194543004 -0.092107274 -0.030622819 0.019799998 -0.995081127
1403636616013555456.000000 -0.244559094 0.090252399 0.193127990 -0.091981582 -0.030647255 0.019899772 -0.995090067
1403636616063555584.000000 -0.244907364 0.090145096 0.192963660 -0.091994964 -0.030669583 0.019859476 -0.995088875
1403636616113555456.000000 -0.245129302 0.090155937 0.192622870 -0.091963969 -0.030744538 0.019845987 -0.995089769
1403636616163555584.000000 -0.245299801 0.090167560 0.192397654 -0.091994815 -0.030719088 0.019822884 -0.995088160
1403636616213555456.000000 -0.245399743 0.090234190 0.192081064 -0.091960542 -0.030729150 0.019872636 -0.995090067
1403636616263555584.000000 -0.244645998 0.090378173 0.192383304 0.091909282 0.030714802 -0.019859955 0.995095432
1403636616313555456.000000 -0.244687319 0.090363130 0.192223430 0.091909565 0.030733544 -0.019880177 0.995094419
1403636616363555584.000000 -0.244725838 0.090313345 0.192085460 0.091927491 0.030731829 -0.019828396 0.995093882
1403636616413555456.000000 -0.244529173 0.090565935 0.192386508 -0.091990016 -0.030698434 0.019804796 -0.995089591
1403636616513555456.000000 -0.244554356 0.090705544 0.192497894 -0.092046455 -0.030652469 0.019729089 -0.995087266
1403636616563555584.000000 -0.244331539 0.090666182 0.193289205 -0.092100270 -0.030598434 0.019731730 -0.995083928
1403636616613555456.000000 -0.244434997 0.090583883 0.193264589 -0.092126302 -0.030584203 0.019752165 -0.995081544
1403636616713555456.000000 -0.244940594 0.090059653 0.192661494 -0.092017174 -0.030730935 0.019784942 -0.995086432
1403636616763555584.000000 -0.244562238 0.090240650 0.192601800 0.091972537 0.030716002 -0.019772371 0.995091259
1403636616813555456.000000 -0.244554952 0.090206787 0.192582071 0.091972515 0.030713571 -0.019782804 0.995091200
1403636616913555456.000000 -0.244297892 0.090578198 0.192989081 -0.092131250 -0.030595375 0.019760299 -0.995080531
1403636617013555456.000000 -0.244198829 0.090474069 0.192660108 -0.092002749 -0.030599639 0.019843243 -0.995090663
1403636617063555584.000000 -0.244194150 0.090519682 0.193158627 -0.092056215 -0.030607335 0.019814296 -0.995086074
1403636617113555456.000000 -0.244594529 0.090378605 0.192528084 -0.091974765 -0.030604620 0.019845854 -0.995093107
1403636617213555456.000000 -0.244807765 0.090265714 0.192824855 -0.091965117 -0.030769117 0.019875629 -0.995088279
1403636617263555584.000000 -0.244604811 0.090251043 0.192522943 0.091919526 0.030815182 -0.020016318 0.995088220
1403636617313555456.000000 -0.244669124 0.090246834 0.192417279 0.091925547 0.030798571 -0.020001719 0.995088458
1403636617363555584.000000 -0.244665667 0.090236045 0.192430407 0.091931365 0.030785063 -0.019993652 0.995088518
1403636617413555456.000000 -0.244431466 0.090190068 0.192924112 -0.091932870 -0.030739412 0.019970899 -0.995090306
1403636617463555584.000000 -0.244427353 0.090140633 0.193044066 -0.091949634 -0.030730765 0.019976154 -0.995088935
1403636617563555584.000000 -0.244134098 0.090317875 0.193435326 -0.092022479 -0.030643689 0.019842105 -0.995087564
1403636617613555456.000000 -0.244485959 0.089996614 0.193026170 -0.091937073 -0.030753521 0.020006843 -0.995088756
1403636617663555584.000000 -0.244344160 0.090300009 0.193074420 -0.092016011 -0.030674284 0.019800296 -0.995088041
1403636617763555584.000000 -0.244484425 0.090517014 0.192321226 0.091880091 0.030784983 -0.020719469 0.995078504
1403636617813555456.000000 -0.244566768 0.090558887 0.192193270 0.091855526 0.030787958 -0.020795325 0.995079100
1403636617863555584.000000 -0.244914323 0.090122104 0.192422494 -0.091853902 -0.030778363 0.019926997 -0.995097280
1403636617913555456.000000 -0.244909897 0.090130463 0.192318112 -0.091861024 -0.030751972 0.019957375 -0.995096803
1403636618013555456.000000 -0.244648084 0.090363406 0.192812085 -0.091940269 -0.030695839 0.019897474 -0.995092392
1403636618063555584.000000 -0.244614661 0.090142332 0.192847610 -0.091915213 -0.030701960 0.019852474 -0.995095491
1403636618113555456.000000 -0.244755715 0.090141512 0.192702278 -0.091921225 -0.030728523 0.019911230 -0.995092928
1403636618163555584.000000 -0.244778544 0.090137683 0.192599311 -0.091927320 -0.030747063 0.019896569 -0.995092034
1403636618213555456.000000 -0.244670466 0.090347923 0.192559764 -0.091845356 -0.030798022 0.020842616 -0.995078683
1403636618313555456.000000 -0.244611993 0.091192655 0.192766190 0.091984294 0.030786499 -0.021127941 0.995060205
1403636618363555584.000000 -0.244671866 0.091190159 0.192685142 0.091992982 0.030844228 -0.021077478 0.995058656
1403636618413555456.000000 -0.244691789 0.091175087 0.192553848 0.091981910 0.030863348 -0.021096583 0.995058656
1403636618463555584.000000 -0.244714230 0.091197193 0.192509994 0.091995448 0.030874496 -0.021098223 0.995057046
1403636618513555456.000000 -0.245539397 0.090015821 0.192669630 -0.092258148 -0.030737422 0.020005867 -0.995059490
1403636618563555584.000000 -0.245497316 0.090325952 0.192537129 -0.092218898 -0.030755004 0.019844851 -0.995065868
1403636618663555584.000000 -0.244867221 0.090450436 0.192026049 -0.091509588 -0.030576918 0.019613044 -0.995141447
1403636618763555584.000000 -0.244853541 0.090600707 0.191625208 -0.091851421 -0.030566864 0.019664288 -0.995109260
1403636618813555456.000000 -0.244211808 0.090336367 0.193034247 0.091525160 0.030613149 -0.021139530 0.995107651
1403636618863555584.000000 -0.244261578 0.090289392 0.193071142 0.091589756 0.030723942 -0.021184716 0.995097280
1403636618913555456.000000 -0.244197950 0.090146095 0.193104297 0.091910049 0.030677447 -0.021146726 0.995069981
1403636619013555456.000000 -0.246311456 0.093713470 0.190814495 -0.092402145 -0.030614167 0.020612763 -0.995037556
1403636619063555584.000000 -0.246945038 0.095069624 0.190508187 -0.092648506 -0.030349409 0.020044563 -0.995034397
1403636619113555456.000000 -0.246699393 0.096674941 0.189926729 -0.092438728 -0.030629812 0.019499252 -0.995056212
1403636619213555456.000000 -0.235635191 0.098537907 0.192898080 -0.092615090 -0.029568844 0.018367369 -0.995093405
1403636619263555584.000000 -0.245283261 0.091617510 0.189415112 -0.091776907 -0.030672107 0.019558206 -0.995114923
1403636619313555456.000000 -0.243860632 0.089088276 0.191929832 0.090978846 0.030625921 -0.020931784 0.995161712
1403636619363555584.000000 -0.243865505 0.088581793 0.192105934 0.091391884 0.030605622 -0.020977249 0.995123506
1403636619413555456.000000 -0.243872747 0.088264160 0.192375094 0.091364011 0.030691406 -0.021004885 0.995122850
1403636619513555456.000000 -0.245886549 0.092271447 0.192805588 -0.091788404 -0.030612355 0.021163590 -0.995082855
1403636619563555584.000000 -0.246247411 0.093117185 0.192599311 -0.092204571 -0.030704752 0.019838775 -0.995068908
1403636619613555456.000000 -0.234463900 0.094688207 0.196700141 -0.092944004 -0.029658921 0.018911894 -0.995049894
1403636619713555456.000000 -0.244522005 0.090566739 0.192471415 -0.091512717 -0.030711016 0.020706406 -0.995114863
1403636619763555584.000000 -0.243403450 0.088619508 0.192643076 -0.091267712 -0.030755589 0.021011351 -0.995129526
1403636619813555456.000000 -0.244037077 0.089692093 0.191774547 0.091034517 0.030577783 -0.021057663 0.995155454
1403636619863555584.000000 -0.244081661 0.089665003 0.191685483 0.091122873 0.030579530 -0.020888882 0.995150864
1403636619913555456.000000 -0.244083077 0.089641258 0.191751003 0.091119811 0.030616185 -0.020912251 0.995149553
1403636620013555456.000000 -0.243760139 0.088217378 0.192601681 -0.091394402 -0.030443536 0.020830359 -0.995131373
1403636620063555584.000000 -0.244158015 0.089425720 0.192769587 -0.091497183 -0.030544044 0.020900479 -0.995117366
1403636620163555584.000000 -0.243547812 0.089602903 0.191064671 -0.091437042 -0.030503036 0.020898733 -0.995124221
1403636620213555456.000000 -0.244346932 0.090994269 0.191564918 -0.092024162 -0.030586097 0.020153319 -0.995082855
1403636620263555584.000000 -0.243896261 0.090514153 0.191611782 -0.091657892 -0.030505544 0.020870917 -0.995104373
1403636620313555456.000000 -0.244153157 0.090538211 0.191809386 0.091995642 0.030558513 -0.019717718 0.995095134
1403636620413555456.000000 -0.243994430 0.090477258 0.191787258 0.092014320 0.030499918 -0.019807592 0.995093346
1403636620463555584.000000 -0.244076982 0.090434447 0.191646025 -0.091797166 -0.030637860 0.020337906 -0.995098531
1403636620513555456.000000 -0.243490547 0.091176778 0.190418631 -0.092042714 -0.030437516 0.020044982 -0.995087922
1403636620613555456.000000 -0.244154066 0.091023825 0.190819666 -0.091867812 -0.030449489 0.020487826 -0.995094657
1403636620663555584.000000 -0.244641364 0.090762377 0.191486374 -0.092014767 -0.030515857 0.019799318 -0.995092988
1403636620713555456.000000 -0.244714335 0.090242423 0.191991776 -0.091947615 -0.030595785 0.019875377 -0.995095253
1403636620763555584.000000 -0.244615361 0.090332158 0.192129016 -0.091822803 -0.030553875 0.020588566 -0.995093524
1403636620813555456.000000 -0.244278222 0.090598963 0.190971389 0.091974929 0.030452110 -0.019525357 0.995104074
1403636620913555456.000000 -0.244562641 0.090527497 0.191517755 0.091993392 0.030519987 -0.019431112 0.995102108
1403636621013555456.000000 -0.244889930 0.089700863 0.192515776 -0.091905914 -0.030494384 0.019450909 -0.995110631
1403636621063555584.000000 -0.244644925 0.090067804 0.192289516 -0.091676660 -0.030675704 0.019978041 -0.995115757
1403636621113555456.000000 -0.244770959 0.089800067 0.193195671 -0.092068270 -0.030691961 0.019666919 -0.995085299
1403636621163555584.000000 -0.244665653 0.090080939 0.191702411 -0.091825776 -0.030664844 0.019914540 -0.995103657
1403636621213555456.000000 -0.244651511 0.089956373 0.191553161 -0.091960154 -0.030668201 0.019489648 -0.995099485
1403636621263555584.000000 -0.244629726 0.089978255 0.191591725 -0.091788426 -0.030644177 0.019853165 -0.995108902
1403636621363555584.000000 -0.244407639 0.091323733 0.190690935 0.092099391 0.030501429 -0.019744745 0.995086730
1403636621413555456.000000 -0.244447812 0.091375381 0.190322623 0.092186235 0.030377226 -0.019379277 0.995089591
1403636621463555584.000000 -0.243976489 0.089912668 0.192075148 -0.091859333 -0.030762212 0.020171231 -0.995092332
1403636621563555584.000000 -0.241277844 0.088622689 0.189665288 -0.091895394 -0.030299744 0.019569226 -0.995115221
1403636621663555584.000000 -0.243446007 0.090166554 0.190304473 -0.091803946 -0.030378332 0.020003773 -0.995112598
1403636621713555456.000000 -0.244480342 0.089586273 0.191950798 -0.091835171 -0.030452032 0.019997941 -0.995107591
1403636621763555584.000000 -0.245009080 0.089834303 0.191968471 -0.091824450 -0.030477997 0.020111520 -0.995105565
1403636621813555456.000000 -0.244519264 0.090964027 0.191093221 -0.091978982 -0.030525655 0.019772468 -0.995096564
1403636621913555456.000000 -0.244473860 0.090981126 0.191131115 0.092110299 0.030642759 -0.019852791 0.995079279
1403636621963555584.000000 -0.244194180 0.090982601 0.191124618 0.092143975 0.030597210 -0.019800723 0.995078564
1403636622013555456.000000 -0.244017363 0.091021910 0.191076592 0.092059970 0.030523986 -0.019958725 0.995085418
1403636622063555584.000000 -0.245006323 0.090357222 0.192152932 -0.091905437 -0.030866414 0.019934721 -0.995089650
1403636622113555456.000000 -0.245773137 0.090679780 0.193418503 -0.091943286 -0.030770650 0.020564813 -0.995076239
1403636622213555456.000000 -0.244895220 0.091249108 0.190672621 -0.092205696 -0.030319920 0.019421717 -0.995088816
1403636622263555584.000000 -0.244620398 0.091052353 0.191633761 -0.092034526 -0.030507596 0.020229625 -0.995082736
1403636622313555456.000000 -0.244532421 0.090795599 0.191449806 -0.092073277 -0.030560400 0.019581243 -0.995090604
1403636622413555456.000000 -0.243643299 0.090580143 0.191849932 0.092163034 0.030402642 -0.019445898 0.995089710
1403636622463555584.000000 -0.243793681 0.090382010 0.192001387 0.092165969 0.030436475 -0.019516157 0.995087028
1403636622513555456.000000 -0.243742272 0.090319410 0.192578658 0.092182167 0.030471776 -0.019525344 0.995084286
1403636622613555456.000000 -0.243827924 0.089922465 0.191351354 -0.091971301 -0.030551318 0.019539775 -0.995101094
1403636622663555584.000000 -0.243843451 0.090128899 0.191360787 -0.092041530 -0.030602172 0.019523846 -0.995093286
1403636622763555584.000000 -0.243742228 0.090813875 0.190805644 -0.091997407 -0.030588295 0.019739920 -0.995093644
1403636622813555456.000000 -0.243729621 0.090874068 0.190782070 -0.091969475 -0.030571185 0.019679492 -0.995097876
1403636622863555584.000000 -0.243733272 0.090982139 0.190859452 -0.091883048 -0.030705491 0.019667391 -0.995101988
1403636622963555584.000000 -0.244611576 0.090492710 0.192873716 0.091516554 0.031383246 -0.020292159 0.995102048
1403636623013555456.000000 -0.244684413 0.090230882 0.193371847 0.091398001 0.031609070 -0.020413307 0.995103359
1403636623063555584.000000 -0.244770363 0.090011127 0.193684638 0.091415197 0.031603254 -0.020312225 0.995104015
1403636623113555456.000000 -0.244762555 0.089974731 0.194130152 0.091406845 0.031618178 -0.020220341 0.995106220
1403636623213555456.000000 -0.242856860 0.089108363 0.194094822 -0.091247462 -0.031653691 0.020046888 -0.995123208
1403636623263555584.000000 -0.242904216 0.089734018 0.193783373 -0.091363557 -0.031572487 0.020002352 -0.995116055
1403636623363555584.000000 -0.242983878 0.090448640 0.193614691 -0.091484204 -0.031261377 0.019818278 -0.995118439
1403636623413555456.000000 -0.243497908 0.090780728 0.193551794 -0.091413431 -0.031469371 0.020056410 -0.995113552
1403636623463555584.000000 -0.245012209 0.090415679 0.191812783 0.091463044 0.031379484 -0.019741394 0.995118201
1403636623513555456.000000 -0.245361030 0.090557940 0.191539496 0.091413900 0.031358577 -0.019812800 0.995121956
1403636623613555456.000000 -0.245321661 0.090446517 0.191305935 0.091099240 0.031592384 -0.019956799 0.995140493
1403636623663555584.000000 -0.243215263 0.090993725 0.191581830 -0.091184147 -0.031346224 0.019963700 -0.995140433
1403636623713555456.000000 -0.242491961 0.090665720 0.194067523 -0.091031417 -0.031346824 0.019941440 -0.995154738
1403636623763555584.000000 -0.243131995 0.090419687 0.194521949 -0.090885304 -0.031421792 0.019800747 -0.995168626
1403636623863555584.000000 -0.248298600 0.088097349 0.198604822 -0.090136871 -0.031679619 0.019776290 -0.995229006
1403636623913555456.000000 -0.251702249 0.086699486 0.200703800 -0.089916788 -0.031711034 0.019902244 -0.995245337
1403636623963555584.000000 -0.241411388 0.089965954 0.194273740 0.089669988 0.031542681 -0.019588165 0.995279253
1403636624013555456.000000 -0.242561460 0.089315906 0.194051757 0.089575186 0.031750020 -0.019857412 0.995275855
1403636624063555584.000000 -0.243017718 0.089187033 0.194487393 0.089399531 0.031833444 -0.019648779 0.995293140
1403636624163555584.000000 -0.257137179 0.083553635 0.198162615 -0.088461764 -0.031759512 0.019053517 -0.995390832
1403636624213555456.000000 -0.232186839 0.087451793 0.194856495 0.088635497 0.030468445 -0.018722089 0.995421946
1403636624263555584.000000 -0.233392760 0.087033093 0.194929421 0.088620275 0.030393256 -0.018597266 0.995427966
1403636624363555584.000000 -0.238239855 0.086697616 0.197533369 0.086279303 0.023724347 -0.019909300 0.995789528
1403636624463555584.000000 -0.275779814 0.086426556 0.192427203 0.083718605 0.013926062 -0.017716868 0.996234596
1403636624513555456.000000 -0.280159146 0.088501327 0.190920100 0.081578083 0.009507518 -0.017918123 0.996460497
1403636624563555584.000000 -0.285023212 0.090790890 0.189281806 0.079560906 0.006369998 -0.018105675 0.996645212
1403636624613555456.000000 -0.223645180 0.101657040 0.177236468 0.077799827 0.003625893 -0.021602213 0.996728361
1403636624663555584.000000 -0.229052186 0.105589978 0.174776942 0.076265544 0.005744432 -0.023665722 0.996790171
1403636624763555584.000000 -0.236969948 0.117515564 0.168608978 0.074378937 0.009919143 -0.027773613 0.996793926
1403636624813555456.000000 -0.242219537 0.125613675 0.165456682 0.071771421 0.008135148 -0.035217449 0.996766090
1403636624913555456.000000 -0.241180599 0.139601409 0.152504548 0.067546569 -0.004263957 -0.049449310 0.996480823
1403636624963555584.000000 -0.237970069 0.147258654 0.142629072 0.064799510 -0.009576452 -0.057360861 0.996202290
1403636625013555456.000000 -0.215003937 0.151653349 0.126119196 0.063712105 -0.017611761 -0.062534720 0.995851457
1403636625063555584.000000 -0.208431005 0.158749938 0.114428602 0.062557757 -0.023786400 -0.066063844 0.995568395
1403636625163555584.000000 -0.195019886 0.165239841 0.094683588 0.063982494 -0.031334504 -0.061513402 0.995560408
1403636625213555456.000000 -0.188158140 0.166870117 0.084814787 0.066037625 -0.029324075 -0.057715196 0.995714903
1403636625263555584.000000 -0.180545688 0.168018386 0.075944342 0.067707770 -0.025253838 -0.054268070 0.995908082
1403636625313555456.000000 -0.177140176 0.168117046 0.069303781 -0.069149323 0.022442909 0.051555842 -0.996020496
1403636625413555456.000000 -0.173327968 0.164227203 0.068546981 0.070728250 -0.022593701 -0.049892467 0.995990872
1403636625463555584.000000 -0.175645888 0.164338231 0.068016805 0.071141079 -0.025107896 -0.050535250 0.995868862
1403636625513555456.000000 -0.179753765 0.164232939 0.070400879 0.071603566 -0.026558155 -0.050419964 0.995803893
1403636625613555456.000000 -0.182495981 0.159484595 0.071382545 -0.072194837 0.026847044 0.052794393 -0.995630503
1403636625713555456.000000 -0.170135349 0.157217473 0.079747215 -0.073662631 0.022390524 0.053058863 -0.995619059
1403636625763555584.000000 -0.158440083 0.154590264 0.084775001 -0.074193411 0.017242467 0.053100988 -0.995679855
1403636625813555456.000000 -0.141120002 0.151424453 0.087612972 -0.075102806 0.012005568 0.052282453 -0.995731950
1403636625863555584.000000 -0.119735003 0.147750050 0.089279339 -0.076390333 0.005972230 0.050739013 -0.995768309
1403636625913555456.000000 -0.057839364 0.135484472 0.093667097 0.076096579 -0.004738185 -0.052570306 0.995702386
1403636626013555456.000000 -0.007708146 0.125924259 0.094976567 0.077792920 0.001348510 -0.051435709 0.995640874
1403636626113555456.000000 0.039874695 0.115600117 0.092905909 -0.081208862 -0.003579219 0.044236965 -0.995708525
1403636626163555584.000000 0.062510192 0.110763036 0.093004756 -0.083052196 -0.003575110 0.038888805 -0.995779753
1403636626213555456.000000 0.082860298 0.107208908 0.092942014 -0.084791787 -0.003707128 0.034495745 -0.995794475
1403636626263555584.000000 0.100029275 0.105247736 0.093323097 -0.085840255 -0.003804160 0.031862669 -0.995792031
1403636626313555456.000000 0.113758594 0.104177453 0.094907269 -0.086489759 -0.003856012 0.030857764 -0.995767295
1403636626363555584.000000 0.123486668 0.104411781 0.097149350 -0.086475104 -0.004022221 0.030947702 -0.995765090
1403636626413555456.000000 0.139619306 0.104451686 0.107134856 0.086199738 0.005169251 -0.033969067 0.995685279
1403636626513555456.000000 0.146536246 0.109514982 0.114957698 0.085019030 0.010880466 -0.039769825 0.995525897
1403636626563555584.000000 0.149055064 0.113440886 0.118008658 0.084390700 0.014517149 -0.043539304 0.995375216
1403636626613555456.000000 0.148062751 0.120237954 0.118313573 -0.084455714 -0.018742902 0.046982914 -0.995142460
1403636626713555456.000000 0.150778189 0.127935216 0.120420240 -0.084652498 -0.019785265 0.050914276 -0.994912207
1403636626763555584.000000 0.150573492 0.131604224 0.120754994 -0.085354544 -0.017337369 0.051951390 -0.994844317
1403636626813555456.000000 0.147583097 0.136760965 0.119863257 -0.085937627 -0.014422114 0.052608952 -0.994806051
1403636626913555456.000000 0.127683654 0.139718994 0.142442182 0.086177573 0.007345270 -0.054158308 0.994779587
1403636627013555456.000000 0.113344543 0.150676817 0.139548317 0.085514434 -0.001540859 -0.056115255 0.994754255
1403636627063555584.000000 0.106380910 0.156747714 0.136966139 0.085051075 -0.005778145 -0.056692746 0.994745672
1403636627113555456.000000 0.089007653 0.162378669 0.139556214 0.085421182 -0.009022996 -0.057240698 0.994658411
1403636627163555584.000000 0.088032842 0.166671142 0.136187837 0.085638538 -0.008471743 -0.056745593 0.994672954
1403636627213555456.000000 0.089801334 0.171421111 0.131760836 0.085675180 -0.005999302 -0.057107557 0.994667053
1403636627263555584.000000 0.090129733 0.178665668 0.122548424 -0.086176842 0.001103191 0.057090823 -0.994642198
1403636627313555456.000000 0.095453419 0.183534563 0.115038000 -0.087142348 -0.002067976 0.055905491 -0.994623780
1403636627413555456.000000 0.125547111 0.192796409 0.097937763 -0.088383585 -0.002964563 0.053291842 -0.994655550
1403636627463555584.000000 0.139560595 0.194621012 0.093234926 -0.088112749 -0.003640079 0.051799860 -0.994756103
1403636627563555584.000000 0.160246417 0.202070296 0.080858827 -0.083140589 -0.001845270 0.047832269 -0.995387554
1403636627613555456.000000 0.139355779 0.205145791 0.092655651 0.079191834 0.002230722 -0.046015307 0.995794356
1403636627663555584.000000 0.140107885 0.211224049 0.087929524 0.075419486 -0.000782224 -0.045087304 0.996131778
1403636627713555456.000000 0.136939228 0.217827156 0.084751770 0.070542641 -0.005427709 -0.044222202 0.996513307
1403636627813555456.000000 0.129428267 0.232918814 0.081179291 0.058561251 -0.016698766 -0.041641951 0.997275174
1403636627863555584.000000 0.121691696 0.240095735 0.079754412 0.051330164 -0.022765016 -0.040620212 0.997595668
1403636627913555456.000000 0.115369596 0.246725321 0.079276264 0.045392003 -0.027693085 -0.039966166 0.997785270
1403636627963555584.000000 0.116449505 0.257379293 0.076737165 -0.040666156 0.029250998 0.039577022 -0.997960150
1403636628013555456.000000 0.120998420 0.264806002 0.085043244 0.036429800 -0.030125486 -0.039292008 0.998108983
1403636628113555456.000000 0.131980926 0.274956495 0.087994643 0.030632716 -0.021408588 -0.037180182 0.998609543
1403636628213555456.000000 0.150041282 0.283347666 0.092070743 -0.028311536 0.003506410 0.031626239 -0.999092579
1403636628263555584.000000 0.160853386 0.284650862 0.092078246 -0.028076692 -0.002343986 0.027605651 -0.999221861
1403636628363555584.000000 0.191250116 0.292683214 0.096839026 -0.029147619 -0.007301001 0.020349186 -0.999341369
1403636628413555456.000000 0.205599174 0.298345685 0.099263713 -0.029712269 -0.007767649 0.018042153 -0.999365509
1403636628463555584.000000 0.213841155 0.319623172 0.089139000 0.031809594 0.008713172 -0.015542869 0.999335110
1403636628563555584.000000 0.233957425 0.334939569 0.091492444 0.033423722 0.006747758 -0.013436249 0.999328196
1403636628613555456.000000 0.239689440 0.343601823 0.094055891 0.034739248 0.006423654 -0.012657720 0.999295652
1403636628663555584.000000 0.232095405 0.350713998 0.099078730 -0.035259642 -0.006117917 0.012165094 -0.999285400
1403636628713555456.000000 0.243342459 0.361979663 0.103521451 -0.034012616 -0.007189875 0.014193788 -0.999294817
1403636628763555584.000000 0.246778935 0.374765247 0.107348330 -0.030713927 -0.004958582 0.016752185 -0.999375522
1403636628813555456.000000 0.268421382 0.389961749 0.098261110 0.025897006 -0.001181193 -0.019712167 0.999469578
1403636628913555456.000000 0.272550255 0.417398065 0.105906732 0.016631832 -0.010002063 -0.022404853 0.999560595
1403636629013555456.000000 0.276952475 0.441785365 0.110173725 -0.009821266 0.015625026 0.022069521 -0.999586105
1403636629063555584.000000 0.286731035 0.456176102 0.110039778 -0.006896677 0.016787939 0.021623205 -0.999601483
1403636629163555584.000000 0.313402176 0.487371176 0.120028317 -0.000192787 -0.019792069 -0.019569414 0.999612629
1403636629213555456.000000 0.321931988 0.501485229 0.121682823 -0.005499279 -0.018461684 -0.017822741 0.999655604
1403636629263555584.000000 0.329924971 0.515556574 0.124271087 -0.010419257 -0.016467955 -0.015853839 0.999684393
1403636629313555456.000000 0.336695135 0.529116035 0.128977403 -0.014602249 -0.013939484 -0.012800060 0.999714315
1403636629413555456.000000 0.347631782 0.559160292 0.143970326 -0.020009769 -0.007318282 -0.004900463 0.999760985
1403636629513555456.000000 0.342474341 0.590086162 0.157055438 -0.028799813 -0.000593656 0.004968623 0.999572754
1403636629563555584.000000 0.343577772 0.608560681 0.170108110 -0.034855593 -0.001031645 0.010058934 0.999341249
1403636629613555456.000000 0.343688518 0.622741938 0.199723408 -0.043574952 -0.004150608 0.012475525 0.998963654
1403636629663555584.000000 0.336147755 0.642246306 0.209280968 -0.052875426 -0.008828875 0.014881208 0.998451233
1403636629713555456.000000 0.329918087 0.662058234 0.220006391 -0.062854245 -0.013450303 0.017055636 0.997786403
1403636629813555456.000000 0.329686016 0.701304495 0.256560385 -0.085256353 -0.020685645 0.021128643 0.995920241
1403636629913555456.000000 0.304640144 0.745740175 0.283583969 -0.106324561 -0.023631118 0.028872799 0.993631244
1403636629963555584.000000 0.293854862 0.768054187 0.297043443 -0.115439110 -0.023973819 0.031326126 0.992531002
1403636630013555456.000000 0.297373980 0.788740873 0.315137297 -0.123205967 -0.024392815 0.032275509 0.991556168
1403636630063555584.000000 0.293888569 0.811275303 0.328991175 -0.129215524 -0.021674614 0.034109935 0.990792692
1403636630163555584.000000 0.281907678 0.854599416 0.351785988 0.138677493 0.010984210 -0.035804726 -0.989629269
1403636630263555584.000000 0.321374506 0.894714177 0.403652906 -0.145341575 0.001840250 0.037000909 0.988687694
1403636630363555584.000000 0.331918478 0.942393422 0.420166314 -0.148469612 0.005894023 0.036782920 0.988215148
1403636630413555456.000000 0.340124786 0.966908813 0.427656472 -0.149115041 0.004594675 0.036663134 0.988129258
1403636630463555584.000000 0.367475063 0.983794272 0.451497167 -0.149646983 0.001174643 0.035595067 0.988097906
1403636630563555584.000000 0.392619044 1.031437159 0.465631485 -0.149291724 -0.002107916 0.030540437 0.988319218
1403636630613555456.000000 0.405281216 1.053437829 0.472127825 0.149206951 0.002881523 -0.027221931 -0.988427103
1403636630663555584.000000 0.418299109 1.076106668 0.480378270 0.147987708 0.004415978 -0.025173215 -0.988658905
1403636630763555584.000000 0.468347549 1.114771843 0.541335583 -0.146196321 -0.005884994 0.024313742 0.988939285
1403636630863555584.000000 0.481530488 1.156621337 0.574582636 -0.142142311 -0.005244655 0.026802549 0.989469469
1403636630963555584.000000 0.492659271 1.188612938 0.616945803 0.139202952 0.004366545 -0.028951036 -0.989830971
1403636631063555584.000000 0.506507397 1.226135373 0.656147897 0.137140289 0.002836312 -0.030907828 -0.990065277
1403636631113555456.000000 0.514259279 1.245587826 0.676295161 0.136739165 0.001200428 -0.030914813 -0.990123868
1403636631163555584.000000 0.522090197 1.265248179 0.696730614 0.136350915 -0.000179546 -0.030700317 -0.990184784
1403636631263555584.000000 0.512847841 1.304441929 0.739973783 -0.135786965 0.003806648 0.028995935 0.990306377
1403636631313555456.000000 0.521223605 1.323943496 0.759555161 -0.135168821 0.003806284 0.029213635 0.990384519
1403636631363555584.000000 0.526910365 1.344113588 0.779450357 -0.134935543 0.003758566 0.028556826 0.990435660
1403636631413555456.000000 0.529740512 1.363693953 0.800806165 -0.134395868 0.003715687 0.028517511 0.990510345
1403636631463555584.000000 0.546243072 1.377417803 0.820689201 0.134335950 -0.003313064 -0.027770916 -0.990541160
1403636631513555456.000000 0.549426913 1.395962596 0.842361987 0.134364739 -0.001680089 -0.026254924 -0.990582645
1403636631563555584.000000 0.553257525 1.413893819 0.864099026 0.134421632 -0.001497291 -0.024712410 -0.990614951
1403636631613555456.000000 0.557252347 1.431406260 0.885608971 0.134097666 -0.000795999 -0.023388200 -0.990691781
1403636631663555584.000000 0.560992002 1.448927283 0.907597899 0.133527443 0.000322290 -0.022368476 -0.990792632
1403636631763555584.000000 0.546041727 1.477826715 0.934663117 -0.132651091 0.000915727 0.021141037 0.990936935
1403636631813555456.000000 0.551075041 1.495406270 0.957369924 -0.132064521 0.001082197 0.020632176 0.991025805
1403636631863555584.000000 0.556280434 1.511361480 0.979994774 -0.132281184 0.000418792 0.019437522 0.991021574
1403636631963555584.000000 0.577631295 1.554415345 1.019606709 0.131636471 0.001916925 -0.018570635 -0.991122246
1403636632013555456.000000 0.586637378 1.572504640 1.040263891 0.131655276 0.001736230 -0.018576663 -0.991119981
1403636632063555584.000000 0.595509768 1.586025953 1.059206963 0.131965756 0.000349698 -0.017935190 -0.991091967
1403636632163555584.000000 0.610184073 1.605244994 1.093082905 0.134552285 -0.002301391 -0.013432617 -0.990812778
1403636632263555584.000000 0.645961225 1.628712654 1.130185246 -0.135832265 0.002119337 0.013523391 0.990637362
1403636632313555456.000000 0.647902250 1.636831641 1.150169849 -0.136185318 0.002418997 0.014678439 0.990571737
1403636632363555584.000000 0.650429487 1.644786835 1.170046687 -0.136250123 0.002879017 0.015775885 0.990544736
1403636632413555456.000000 0.653004050 1.652573347 1.189380169 -0.136866987 0.001855739 0.016352195 0.990452766
1403636632463555584.000000 0.635189474 1.667507648 1.219416618 0.136018544 0.000565785 -0.019398378 -0.990516245
1403636632563555584.000000 0.619376779 1.682421803 1.265449524 0.129139081 0.007150383 -0.028101318 -0.991202474
1403636632613555456.000000 0.612855375 1.689045548 1.287850618 0.123561725 0.011268032 -0.032708198 -0.991733789
1403636632663555584.000000 0.624433696 1.695708632 1.309217572 -0.116972223 -0.017055111 0.034990240 0.992372096
1403636632713555456.000000 0.621325374 1.703494906 1.332237363 -0.108764663 -0.019173209 0.035387997 0.993252456
1403636632813555456.000000 0.615368903 1.720331311 1.378833771 -0.089403138 -0.018829841 0.027882934 0.995427072
1403636632863555584.000000 0.614890277 1.728337288 1.405544758 0.079599448 0.016160389 -0.019216398 -0.996510684
1403636632913555456.000000 0.619025528 1.737684250 1.429011583 0.069596909 0.012261564 -0.010313625 -0.997446597
1403636633013555456.000000 0.644273162 1.762659431 1.472365975 -0.052840084 -0.007977818 -0.005069289 0.998558283
1403636633063555584.000000 0.653568685 1.773956656 1.495193720 -0.045828301 -0.007699223 -0.010367242 0.998865843
1403636633113555456.000000 0.662865758 1.784701228 1.517691493 -0.039460652 -0.007146074 -0.014162648 0.999095201
1403636633163555584.000000 0.673477173 1.794857264 1.540825605 -0.034293395 -0.007379797 -0.017403295 0.999233067
1403636633213555456.000000 0.666226864 1.806345463 1.565094829 0.029872749 0.006721289 0.019639440 -0.999338150
1403636633263555584.000000 0.669677734 1.816207767 1.589042306 0.026023017 0.007658381 0.019463167 -0.999442577
1403636633313555456.000000 0.674045920 1.825645089 1.613375187 0.022865217 0.008726088 0.018428048 -0.999530673
1403636633363555584.000000 0.703630149 1.833115101 1.638083339 -0.020154495 -0.011870963 -0.016987773 0.999582112
1403636633463555584.000000 0.705707133 1.851076365 1.690809608 -0.017335566 -0.015449949 -0.012385923 0.999653637
1403636633513555456.000000 0.704807103 1.860047579 1.718889713 -0.017209871 -0.016945856 -0.010982029 0.999647975
1403636633563555584.000000 0.696032226 1.866978288 1.752031565 0.017717887 0.018282004 0.009992691 -0.999625981
1403636633663555584.000000 0.711320043 1.884231329 1.812724352 0.020354971 0.022443525 0.008303034 -0.999506414
1403636633713555456.000000 0.716498375 1.892628431 1.843523979 0.021763969 0.022080075 0.007490164 -0.999491274
1403636633763555584.000000 0.723989666 1.901708603 1.874427557 0.022886716 0.021411013 0.006355780 -0.999488592
1403636633863555584.000000 0.734768689 1.922721386 1.929889560 -0.024944596 -0.020122061 -0.004638499 0.999475598
1403636633913555456.000000 0.748761952 1.932937264 1.961728215 -0.025166374 -0.019225361 -0.000525845 0.999498308
1403636633963555584.000000 0.762902081 1.943431973 1.993591189 -0.025142567 -0.017363047 0.004039863 0.999524891
1403636634063555584.000000 0.788423121 1.966215372 2.065712690 0.026279084 0.014494439 -0.009223429 -0.999507010
1403636634113555456.000000 0.800409794 1.979035378 2.100430965 0.026121596 0.015409225 -0.009871434 -0.999491334
1403636634163555584.000000 0.814475417 1.992571354 2.134735346 0.026253594 0.016764253 -0.008774895 -0.999476254
1403636634213555456.000000 0.836881220 2.006998301 2.160590887 -0.026789224 -0.018757457 0.005154378 0.999451876
1403636634263555584.000000 0.855548084 2.021579027 2.194179058 -0.027540613 -0.018656190 0.000916497 0.999446213
1403636634363555584.000000 0.899883509 2.052685738 2.261243582 -0.028136188 -0.012059924 -0.005812517 0.999514520
1403636634413555456.000000 0.917845666 2.068593502 2.292303085 -0.028299199 -0.007528869 -0.009072053 0.999530017
1403636634463555584.000000 0.945422590 2.088974237 2.334443808 0.027842626 0.005129638 0.011545134 -0.999532521
1403636634513555456.000000 0.958265185 2.102258444 2.366934538 0.027462579 0.002240181 0.013585180 -0.999528050
1403636634563555584.000000 0.964321256 2.121253252 2.404307127 -0.026682775 0.001026188 -0.014705659 0.999535263
1403636634663555584.000000 0.980433226 2.152187109 2.471885204 -0.022073716 0.003220880 -0.018162522 0.999586225
1403636634763555584.000000 1.009196877 2.184036732 2.538073778 0.014916177 -0.001193829 0.022910377 -0.999625564
1403636634813555456.000000 1.017364502 2.198996544 2.570588112 0.011572425 0.001309803 0.024282193 -0.999637365
1403636634863555584.000000 1.027712941 2.213214874 2.602442026 0.008320453 0.003538825 0.025151080 -0.999642849
1403636634913555456.000000 1.026221514 2.221339941 2.627916098 -0.004862439 -0.004117584 -0.026194299 0.999636590
1403636635013555456.000000 1.050945282 2.247141838 2.689960480 0.000614147 -0.006093858 -0.029976506 0.999531865
1403636635063555584.000000 1.066415668 2.258603096 2.719895363 0.002664185 -0.007907795 -0.031540152 0.999467671
1403636635163555584.000000 1.098912358 2.284220934 2.769234896 -0.006124537 0.010281483 0.033163417 -0.999378324
1403636635213555456.000000 1.109714270 2.295745373 2.804070711 -0.007660229 0.012666006 0.033346698 -0.999334216
1403636635263555584.000000 1.111609101 2.300888538 2.844767332 0.009446038 -0.012625223 -0.031349171 0.999384165
1403636635313555456.000000 1.121420622 2.310961485 2.877833366 0.011124182 -0.014194112 -0.029473865 0.999402881
1403636635363555584.000000 1.131439090 2.320724726 2.911492825 0.013021178 -0.016179916 -0.025801167 0.999451399
1403636635413555456.000000 1.141859531 2.330861807 2.944704771 0.014261414 -0.017315516 -0.024309093 0.999452829
1403636635463555584.000000 1.153677821 2.340444565 2.979269505 0.014864990 -0.016972218 -0.022900986 0.999483168
1403636635513555456.000000 1.170319080 2.352456093 2.999709129 -0.015967688 0.017632123 0.020023037 -0.999516487
1403636635563555584.000000 1.178677797 2.359513760 3.046974897 0.016022174 -0.017016592 -0.019013133 0.999546051
1403636635663555584.000000 1.210239768 2.384340048 3.111668825 0.016317192 -0.014700775 -0.016464373 0.999623239
1403636635713555456.000000 1.229287982 2.397164345 3.143756390 0.016132157 -0.013518463 -0.015871188 0.999652565
1403636635813555456.000000 1.276240587 2.416884661 3.207191944 0.016913822 -0.005894359 -0.009285033 0.999796510
1403636635863555584.000000 1.303865314 2.430568695 3.239775896 0.017659046 -0.003483737 -0.005598998 0.999822378
1403636635913555456.000000 1.332699656 2.444567204 3.273155451 0.018505685 -0.005027058 -0.001848071 0.999814391
1403636635963555584.000000 1.361510515 2.459441662 3.305148363 0.018133951 -0.008605509 -0.001033980 0.999798059
1403636636013555456.000000 1.382141113 2.478889227 3.328228712 -0.016720563 0.013566134 0.002922542 -0.999763906
1403636636063555584.000000 1.408827424 2.496746302 3.359340191 -0.014839228 0.017456135 0.007241981 -0.999711335
1403636636163555584.000000 1.459848881 2.529402971 3.433831215 0.011169388 -0.018234767 -0.017033067 0.999626279
1403636636213555456.000000 1.489573121 2.547674179 3.467951298 0.009872172 -0.013328856 -0.021322770 0.999635100
1403636636263555584.000000 1.521476388 2.565628052 3.501645803 0.008757505 -0.007153337 -0.024785325 0.999628901
1403636636313555456.000000 1.554802179 2.583211660 3.534736872 0.008187619 -0.001709237 -0.026626829 0.999610484
1403636636413555456.000000 1.624319315 2.615840673 3.599220276 -0.007883293 -0.013145734 0.028931366 -0.999463856
1403636636463555584.000000 1.649426222 2.638232946 3.639651775 0.008174675 0.020809475 -0.029968867 0.999300838
1403636636563555584.000000 1.703593254 2.670074224 3.697867393 0.005693822 0.024238436 -0.035001386 0.999077082
1403636636613555456.000000 1.726554275 2.685732365 3.726010799 0.004204092 0.024915840 -0.039555229 0.998897910
1403636636663555584.000000 1.746863365 2.700783253 3.753479481 0.002536663 0.024385465 -0.044349343 0.998715222
1403636636763555584.000000 1.773568392 2.733664751 3.816009521 0.000030363 0.024378320 -0.051754124 0.998362243
1403636636813555456.000000 1.787719607 2.746078014 3.840644598 -0.001560831 0.023944670 -0.057211719 0.998073757
1403636636863555584.000000 1.798962235 2.757483721 3.864808083 -0.002897460 0.022314869 -0.061745677 0.997838259
1403636636913555456.000000 1.807295322 2.766072750 3.889058113 -0.001536969 0.019303357 -0.059340645 0.998049974
1403636636963555584.000000 1.813594580 2.773535013 3.913052797 0.001343687 0.017265420 -0.053854771 0.998398602
1403636637013555456.000000 1.825652957 2.776675224 3.929422140 -0.004518376 -0.014297084 0.046622254 -0.998800099
1403636637113555456.000000 1.811363339 2.782607317 3.974977970 0.009986039 0.009833147 -0.035378419 0.999275804
1403636637163555584.000000 1.814979315 2.786382437 3.995379210 0.011384301 0.006049984 -0.032862145 0.999376774
1403636637213555456.000000 1.816854477 2.790162325 4.016895294 0.012068068 0.001642840 -0.032027870 0.999412835
1403636637263555584.000000 1.817108154 2.794187546 4.039700031 0.013023867 -0.001420063 -0.031467360 0.999418974
1403636637363555584.000000 1.810359478 2.797093153 4.080058575 0.013309170 -0.005148572 -0.032629550 0.999365687
1403636637413555456.000000 1.819488287 2.800188303 4.101835251 0.014590261 -0.006458787 -0.032311141 0.999350548
1403636637463555584.000000 1.827326536 2.802553177 4.123796940 0.014974818 -0.008438065 -0.033573054 0.999288499
1403636637513555456.000000 1.835231423 2.804145813 4.145195961 0.015708875 -0.008811444 -0.032989193 0.999293447
1403636637563555584.000000 1.865342379 2.807614088 4.163000584 -0.016432913 0.010407501 0.032230247 -0.999291241
1403636637613555456.000000 1.855723858 2.807878017 4.179027081 0.017596470 -0.009932023 -0.031616695 0.999295831
1403636637663555584.000000 1.873328567 2.809461355 4.197640896 0.018194804 -0.011175187 -0.031047255 0.999289870
1403636637713555456.000000 1.894084692 2.810644865 4.217657089 0.018638948 -0.010654189 -0.031501427 0.999273121
1403636637813555456.000000 1.941627741 2.810573339 4.261177540 0.019268231 -0.007877057 -0.032479584 0.999255657
1403636637863555584.000000 1.954130054 2.810766220 4.273089409 0.019725868 -0.005160156 -0.032778226 0.999254704
1403636637963555584.000000 2.002938509 2.807136536 4.312750816 0.020442249 -0.001991418 -0.032931853 0.999246597
1403636638013555456.000000 2.020174980 2.805128336 4.333410263 0.020664752 -0.000052809 -0.033017624 0.999241173
1403636638063555584.000000 2.025799513 2.810628891 4.351210594 0.021288887 0.001847595 -0.032605577 0.999239862
1403636638113555456.000000 2.036710978 2.809270382 4.376070499 0.021546615 0.004070420 -0.032509685 0.999230862
1403636638213555456.000000 2.046865702 2.807381153 4.417753696 0.022025220 0.005544157 -0.032586567 0.999210894
1403636638263555584.000000 2.054281712 2.810538292 4.445207119 0.022188213 0.005642970 -0.032428373 0.999211848
1403636638313555456.000000 2.058192968 2.808866262 4.468099117 0.022928147 0.003526980 -0.031043181 0.999248803
1403636638363555584.000000 2.056316853 2.808793545 4.489127636 0.024359014 -0.002393993 -0.027082963 0.999333560
1403636638413555456.000000 2.052378416 2.809585094 4.511446953 0.025890321 -0.012633802 -0.021868085 0.999345720
1403636638513555456.000000 2.050230265 2.815289497 4.571759701 0.029233361 -0.031125361 -0.012443695 0.999010384
1403636638563555584.000000 2.048642874 2.816537142 4.598162651 0.029210838 -0.036336858 -0.011186789 0.998849988
1403636638613555456.000000 2.049705744 2.819213390 4.624732494 0.028457636 -0.038444925 -0.013402282 0.998765528
1403636638663555584.000000 2.054677010 2.822661161 4.652114391 0.026954144 -0.036699221 -0.018757209 0.998786747
1403636638763555584.000000 2.069526434 2.832836151 4.702898026 -0.025068570 0.028016796 0.025165871 -0.998976111
1403636638813555456.000000 2.083454609 2.838351250 4.729714394 -0.024962381 0.022817459 0.026799029 -0.999068618
1403636638913555456.000000 2.119721889 2.853204012 4.784486294 -0.026354099 0.015695365 0.025257910 -0.999210358
1403636638963555584.000000 2.136282206 2.860363007 4.818676472 0.027985666 -0.012397751 -0.022738550 0.999272823
1403636639013555456.000000 2.156888962 2.866927624 4.846978188 0.030051405 -0.012094297 -0.017613664 0.999319971
1403636639063555584.000000 2.177277327 2.874303579 4.876453876 0.032323010 -0.011476737 -0.011827704 0.999341667
1403636639113555456.000000 2.194661140 2.882596731 4.906991959 0.034228642 -0.011144451 -0.006984523 0.999327481
1403636639163555584.000000 2.208844662 2.891732454 4.939168453 0.035630632 -0.011863220 -0.002934489 0.999290347
1403636639263555584.000000 2.211877108 2.914756060 4.996042728 0.037454806 -0.012079887 0.002130281 0.999223113
1403636639313555456.000000 2.217865705 2.928133249 5.032047272 0.035750359 -0.012137881 -0.002428394 0.999284148
1403636639363555584.000000 2.222242832 2.943140030 5.068789005 0.033630401 -0.012302654 -0.008599444 0.999321699
1403636639463555584.000000 2.222567558 2.976960897 5.144005299 0.029330218 -0.011656865 -0.021336582 0.999274015
1403636639513555456.000000 2.229640245 2.989922762 5.183309555 0.026955443 -0.010290061 -0.028073007 0.999189436
1403636639613555456.000000 2.233769894 3.024918556 5.260268211 0.022883106 -0.007586621 -0.040967491 0.998869658
1403636639713555456.000000 2.230167150 3.059697866 5.332864285 -0.023533672 -0.000751302 0.041700516 -0.998852730
1403636639763555584.000000 2.232333422 3.068152666 5.367208481 0.024565946 0.004340699 -0.038683414 0.998940110
1403636639813555456.000000 2.234523058 3.083629608 5.401590347 0.025424721 0.006481467 -0.036732178 0.998980641
1403636639863555584.000000 2.238770962 3.098382473 5.435932159 0.026653614 0.007829953 -0.034065522 0.999033451
1403636639913555456.000000 2.245103836 3.110902309 5.469435215 0.027980402 0.008485865 -0.031973291 0.999060988
1403636640013555456.000000 2.258281231 3.141363621 5.527936459 -0.029263828 -0.009472832 0.031521264 -0.999029696
1403636640113555456.000000 2.284000397 3.159689903 5.580492496 0.034037016 0.010202268 -0.037451945 0.998666525
1403636640163555584.000000 2.299308777 3.172652721 5.610222340 0.038439047 0.010237543 -0.039288025 0.998435915
1403636640213555456.000000 2.316038370 3.184928179 5.638495445 0.042836130 0.010319556 -0.040965352 0.998188555
1403636640313555456.000000 2.346565962 3.209459305 5.690354824 0.049768701 0.008540045 -0.042748470 0.997808933
1403636640363555584.000000 2.365733862 3.223859072 5.719194412 -0.052817654 -0.008532359 0.044248644 -0.997586906
1403636640463555584.000000 2.384659052 3.249550819 5.772360802 -0.057129003 -0.008421991 0.047768574 -0.997187793
1403636640513555456.000000 2.392650604 3.254660606 5.776800632 0.058591541 0.007193005 -0.048128501 0.997095227
1403636640563555584.000000 2.398337364 3.266374826 5.801517010 0.059987929 0.007288637 -0.049228992 0.996957839
1403636640613555456.000000 2.403129816 3.277586460 5.826008320 0.061171226 0.007376264 -0.049364176 0.996878624
1403636640663555584.000000 2.407092810 3.288411617 5.849884987 0.062043764 0.007855884 -0.049902078 0.996794224
1403636640713555456.000000 2.409447670 3.299041986 5.874069214 0.062839128 0.007067170 -0.050071739 0.996741772
1403636640763555584.000000 2.406124353 3.318149567 5.908048153 -0.063948691 -0.005651082 0.049954720 -0.996686101
1403636640863555584.000000 2.411687851 3.340286255 5.961166382 -0.065068774 -0.003547981 0.050847046 -0.996578217
1403636640913555456.000000 2.417368174 3.350128651 5.986145496 -0.065324731 -0.002872376 0.051128808 -0.996549189
1403636640963555584.000000 2.426803350 3.356992483 6.003680706 -0.065030225 -0.002492961 0.051685076 -0.996540844
1403636641013555456.000000 2.451285839 3.356210947 5.998668194 0.064364396 0.002562000 -0.051718637 0.996582150
1403636641063555584.000000 2.459222317 3.363346815 6.015319347 0.064287476 0.003735715 -0.050796401 0.996630847
1403636641113555456.000000 2.465609789 3.371003866 6.033983707 0.063727669 0.004384272 -0.051042628 0.996651590
1403636641163555584.000000 2.470368385 3.378847122 6.052991390 0.063192338 0.004090713 -0.051297467 0.996673763
1403636641263555584.000000 2.469450235 3.398723125 6.108277798 -0.063279353 -0.005538347 0.049884938 -0.996732950
1403636641313555456.000000 2.469761372 3.404956579 6.126154423 -0.064023666 -0.006041440 0.046232849 -0.996858597
1403636641363555584.000000 2.467976332 3.412131548 6.145141125 -0.065085284 -0.005609156 0.041842047 -0.996986330
1403636641413555456.000000 2.465550423 3.419285059 6.163629532 -0.066214338 -0.005281286 0.038049743 -0.997065783
1403636641463555584.000000 2.467519522 3.423131704 6.178783894 0.066039898 0.004388809 -0.037521806 0.997101665
1403636641513555456.000000 2.464659929 3.431192875 6.196631908 0.065166265 0.004892098 -0.038818497 0.997107089
1403636641613555456.000000 2.463894367 3.447221041 6.228828430 0.062826790 0.004907757 -0.043146659 0.997079313
1403636641713555456.000000 2.468901873 3.466020107 6.264679432 -0.061667126 -0.006277829 0.045868985 -0.997022450
1403636641763555584.000000 2.475425720 3.473641396 6.278253555 -0.061047655 -0.005623749 0.046421379 -0.997038901
1403636641863555584.000000 2.497409582 3.487130880 6.303301811 -0.060461432 -0.006358161 0.047149912 -0.997036099
1403636641913555456.000000 2.510178089 3.493683815 6.315653324 -0.059279513 -0.006608025 0.046570711 -0.997132659
1403636641963555584.000000 2.497791290 3.513826847 6.343351841 0.057063632 0.008087385 -0.044516195 0.997344851
1403636642013555456.000000 2.511666536 3.521497965 6.353169441 0.053120762 0.009467328 -0.043149572 0.997610509
1403636642113555456.000000 2.541802645 3.535720348 6.370702267 0.043871794 0.010359797 -0.040918130 0.998145103
1403636642163555584.000000 2.553928614 3.543047428 6.378135204 0.039910376 0.011155988 -0.039874896 0.998345017
1403636642213555456.000000 2.571515083 3.545642614 6.392838001 -0.036558393 -0.011492584 0.038782459 -0.998512626
1403636642263555584.000000 2.581528187 3.551517725 6.402100086 -0.033540901 -0.011818698 0.037058193 -0.998680174
1403636642363555584.000000 2.573723078 3.576312304 6.408851624 0.025735009 0.013301997 -0.032737918 0.999044061
1403636642413555456.000000 2.576190948 3.583555698 6.416513443 0.021480273 0.014416468 -0.030514125 0.999199510
1403636642463555584.000000 2.575438261 3.590924978 6.423907280 0.017597815 0.014560465 -0.029030956 0.999317527
1403636642513555456.000000 2.572998047 3.598273516 6.430385113 0.014525226 0.013542701 -0.027409362 0.999427021
1403636642563555584.000000 2.569797039 3.605535507 6.438191891 0.011404515 0.010351223 -0.026907943 0.999519289
1403636642663555584.000000 2.565804482 3.617790461 6.462150574 0.007030285 0.001250672 -0.024565181 0.999672771
1403636642713555456.000000 2.561861753 3.622994900 6.472179890 0.005164916 -0.003565326 -0.023987178 0.999692619
1403636642813555456.000000 2.551907301 3.634508610 6.489463806 0.003517516 -0.010388988 -0.022518205 0.999686301
1403636642863555584.000000 2.547767878 3.641238689 6.494726181 0.003314164 -0.012138112 -0.021612871 0.999687254
1403636642913555456.000000 2.541148663 3.648463488 6.506634712 0.003199370 -0.012587913 -0.021340761 0.999687910
1403636642963555584.000000 2.542993069 3.654463530 6.514518738 0.003000756 -0.013591836 -0.020613512 0.999690711
1403636643013555456.000000 2.547881365 3.659351587 6.521746159 0.003225618 -0.012956088 -0.020256722 0.999705732
1403636643063555584.000000 2.553934574 3.665711880 6.530336857 0.003396063 -0.009313036 -0.020076947 0.999749303
1403636643163555584.000000 2.567669868 3.675126791 6.543262959 -0.004130585 0.000940419 0.019695278 -0.999797106
1403636643263555584.000000 2.576460838 3.694674015 6.561608315 -0.005001063 -0.001740166 0.018743310 -0.999810278
1403636643313555456.000000 2.588989019 3.700342417 6.569045067 -0.005118055 -0.000869529 0.019203765 -0.999802172
1403636643363555584.000000 2.590804577 3.710295677 6.578650951 -0.005327229 0.001202842 0.019598329 -0.999793053
1403636643413555456.000000 2.572711945 3.719602108 6.582399368 0.005855296 -0.001685266 -0.019410582 0.999793053
1403636643513555456.000000 2.575601339 3.737347841 6.600654125 0.007036177 -0.008502463 -0.018601034 0.999766111
1403636643563555584.000000 2.582811832 3.746511221 6.609999180 0.007556665 -0.011955495 -0.019013450 0.999719262
1403636643663555584.000000 2.616819143 3.771252871 6.627439976 -0.008790351 0.019785406 0.020201251 -0.999561548
1403636643713555456.000000 2.627451897 3.778508902 6.635888100 -0.008985750 0.023148026 0.021516606 -0.999460101
1403636643763555584.000000 2.640876293 3.787153959 6.644838333 -0.009085769 0.024715675 0.022400780 -0.999402285
1403636643863555584.000000 2.664965868 3.804708004 6.666958332 -0.009060540 0.030753464 0.024011327 -0.999197483
1403636643913555456.000000 2.688528538 3.812931776 6.671557903 0.009372067 -0.031912029 -0.022716900 0.999188602
1403636643963555584.000000 2.700218678 3.820627451 6.687990665 0.009044782 -0.033882260 -0.023646995 0.999105155
1403636644063555584.000000 2.724488258 3.836883068 6.727335453 0.008580173 -0.035874926 -0.024637541 0.999015749
1403636644163555584.000000 2.734250546 3.859412193 6.767764568 0.008836999 -0.033782892 -0.025283320 0.999070346
1403636644213555456.000000 2.739024162 3.868130922 6.792737961 0.009827842 -0.027649928 -0.022438761 0.999317527
1403636644263555584.000000 2.746160030 3.876678228 6.819099426 0.011684283 -0.020344635 -0.016622625 0.999586582
1403636644313555456.000000 2.752872944 3.885860682 6.847925663 0.014003573 -0.012056138 -0.010088090 0.999778390
1403636644413555456.000000 2.761206388 3.909375906 6.913463116 0.017181067 0.001138543 -0.001648625 0.999850452
1403636644463555584.000000 2.761452913 3.922095537 6.946382046 0.018087557 0.007267436 0.001335991 0.999809086
1403636644513555456.000000 2.759416819 3.935985327 6.979589939 0.020020243 0.012222125 0.006340615 0.999704838
1403636644563555584.000000 2.757257938 3.950279474 7.011329174 0.021726979 0.015089380 0.010184230 0.999598205
1403636644613555456.000000 2.753225088 3.966420174 7.042875767 0.021953201 0.016795773 0.011523371 0.999551535
1403636644663555584.000000 2.754372835 3.985447645 7.079586029 -0.020338219 -0.016488062 -0.007059762 -0.999632359
1403636644763555584.000000 2.750979900 4.027585983 7.133196354 0.014405147 0.014847571 -0.009472258 0.999741197
1403636644813555456.000000 2.742681026 4.049167633 7.163509846 0.010816423 0.015206295 -0.017788470 0.999667645
1403636644913555456.000000 2.725500107 4.091430187 7.222779751 0.005985557 0.011182217 -0.024962699 0.999607921
1403636644963555584.000000 2.728327751 4.112763405 7.254583836 -0.005398527 -0.007775145 0.024930442 -0.999644458
1403636645013555456.000000 2.719874382 4.132892609 7.281748295 -0.004557988 0.001047515 0.025163196 -0.999672413
1403636645063555584.000000 2.699348927 4.157396793 7.306200981 0.004695591 -0.011816843 -0.023384398 0.999645710
1403636645113555456.000000 2.695372343 4.177297592 7.331212044 0.004435784 -0.023533978 -0.021532420 0.999481261
1403636645213555456.000000 2.695055008 4.216803074 7.382597923 0.003291234 -0.043303389 -0.020483097 0.998846650
1403636645263555584.000000 2.699909449 4.236339092 7.410602570 0.002703036 -0.048258204 -0.020925097 0.998612106
1403636645313555456.000000 2.716068983 4.252032757 7.430174351 -0.002762415 0.047797661 0.020791864 -0.998636842
1403636645363555584.000000 2.724312782 4.271973133 7.462385178 -0.002252953 0.043989632 0.021314401 -0.998802125
1403636645463555584.000000 2.721742630 4.318388462 7.533616543 0.002052865 -0.032097705 -0.021588052 0.999249518
1403636645513555456.000000 2.727330685 4.337609768 7.572897911 0.001880022 -0.028892182 -0.022010582 0.999338448
1403636645563555584.000000 2.732647657 4.356913567 7.613512993 0.001502791 -0.027557706 -0.022346010 0.999369323
1403636645613555456.000000 2.737775803 4.375501156 7.655661106 0.001051149 -0.025417767 -0.022491146 0.999423385
1403636645713555456.000000 2.732927799 4.413994789 7.737903595 -0.000752844 0.022273464 0.023605695 -0.999472916
1403636645763555584.000000 2.739470482 4.431742668 7.782601833 -0.001321756 0.019890863 0.023074772 -0.999534965
1403636645813555456.000000 2.783408165 4.452291012 7.824447632 0.001901418 -0.021299718 -0.022045143 0.999528289
1403636645913555456.000000 2.815577745 4.487657547 7.909709454 0.002675900 -0.022752976 -0.020079851 0.999535918
1403636646013555456.000000 2.862073421 4.521322250 7.993554592 -0.000508076 -0.013813792 -0.015215708 0.999788761
1403636646063555584.000000 2.891883135 4.539062500 8.036498070 -0.003712112 -0.010979565 -0.009963370 0.999883235
1403636646163555584.000000 2.944333076 4.575780392 8.120326042 -0.017813159 -0.003433456 0.001449261 0.999834418
1403636646213555456.000000 2.969840288 4.595755577 8.162792206 -0.026888644 0.000296556 0.008217515 0.999604642
1403636646263555584.000000 2.991129160 4.619711876 8.201734543 -0.037524018 0.004559997 0.015679270 0.999162376
1403636646313555456.000000 3.013793945 4.641314983 8.244148254 -0.049591102 0.009359408 0.022894761 0.998463333
1403636646413555456.000000 3.049343348 4.687952042 8.324389458 -0.076529250 0.017424908 0.033418469 0.996354818
1403636646463555584.000000 3.070459366 4.712845802 8.369177818 -0.089904077 0.022702115 0.034501649 0.995093763
1403636646513555456.000000 3.085942507 4.737921715 8.405820847 -0.101919413 0.027853863 0.033961896 0.993822575
1403636646563555584.000000 3.100652695 4.763132095 8.440265656 -0.112427630 0.030886749 0.033820577 0.992603838
1403636646663555584.000000 3.133682013 4.814415455 8.503310204 0.128356203 -0.028949725 -0.033775233 -0.990729928
1403636646713555456.000000 3.161530018 4.843408585 8.547066689 -0.133831143 0.026964989 0.035430875 0.990003467
1403636646813555456.000000 3.209092855 4.894862175 8.594277382 -0.141494855 0.026662482 0.036430746 0.988909125
1403636646863555584.000000 3.235294819 4.920167923 8.615220070 -0.144654706 0.026757110 0.036858432 0.988433361
1403636646913555456.000000 3.261558771 4.944544315 8.635968208 -0.145911992 0.025767682 0.037769798 0.988240480
1403636646963555584.000000 3.284285307 4.969245434 8.672358513 -0.147427782 0.024406154 0.037851658 0.988046944
1403636647013555456.000000 3.307905436 4.993162632 8.694122314 -0.148259759 0.022437107 0.037910987 0.987966835
1403636647063555584.000000 3.329919815 5.016534328 8.714405060 -0.148558110 0.019858820 0.037537031 0.987991512
1403636647163555584.000000 3.374217749 5.061477661 8.748850822 0.148119166 -0.012247374 -0.038372476 -0.988148987
1403636647213555456.000000 3.395107985 5.084743023 8.768269539 0.148108423 -0.009985344 -0.037751950 -0.988199949
1403636647263555584.000000 3.414371967 5.108082771 8.788709641 0.147250339 -0.009926998 -0.038195606 -0.988311708
1403636647313555456.000000 3.421782494 5.139360905 8.823030472 -0.145509958 0.011618080 0.038633600 0.988533914
1403636647363555584.000000 3.437223196 5.163193703 8.845758438 -0.144268125 0.013273586 0.039221130 0.988672018
1403636647463555584.000000 3.463829994 5.210733414 8.890630722 -0.141389444 0.016433455 0.041139726 0.988962412
1403636647563555584.000000 3.487841129 5.263098717 8.926135063 -0.137139052 0.024335599 0.042666495 0.989333212
1403636647613555456.000000 3.495978355 5.286781788 8.948324203 -0.135319546 0.030034740 0.044820748 0.989332020
1403636647663555584.000000 3.504523754 5.311624050 8.969025612 -0.136061311 0.031175060 0.045137234 0.989180505
1403636647713555456.000000 3.514640093 5.336743355 8.988177299 -0.137263581 0.030089274 0.044367816 0.989082873
1403636647763555584.000000 3.525155544 5.361551285 9.012722969 0.138893738 -0.027390195 -0.043834258 -0.988957465
1403636647863555584.000000 3.552217484 5.417771816 9.019678116 -0.143701509 0.023649322 0.043434571 0.988384604
1403636647913555456.000000 3.559585333 5.443545341 9.037823677 -0.148662075 0.023757046 0.043846287 0.987629831
1403636647963555584.000000 3.565347195 5.468088627 9.049781799 -0.154730484 0.024005305 0.045693468 0.986607552
1403636648013555456.000000 3.567264080 5.494321346 9.064816475 -0.162715167 0.023502508 0.047791615 0.985234737
1403636648113555456.000000 3.554163456 5.553188801 9.079604149 -0.181975335 0.023428673 0.056041524 0.981425285
1403636648163555584.000000 3.552958727 5.582215309 9.094824791 -0.194202870 0.023546239 0.060337033 0.978820860
1403636648263555584.000000 3.549551010 5.639578819 9.123956680 -0.219526812 0.024856631 0.069526277 0.972808421
1403636648363555584.000000 3.528105497 5.696075439 9.126398087 -0.244244218 0.026137389 0.078307159 0.966193438
1403636648413555456.000000 3.521642208 5.722638607 9.135738373 -0.257519096 0.025095182 0.083200730 0.962357402
1403636648463555584.000000 3.514759779 5.750442982 9.145300865 -0.271014929 0.024839072 0.088298671 0.958194852
1403636648513555456.000000 3.504938841 5.780759335 9.156742096 0.283815712 -0.026193993 -0.092744529 -0.954023600
1403636648563555584.000000 3.497224092 5.807930946 9.164490700 0.295358360 -0.026217161 -0.097379215 -0.950049162
1403636648613555456.000000 3.489887953 5.833746910 9.170171738 0.305431634 -0.026189154 -0.100664370 -0.946515977
1403636648663555584.000000 3.483401299 5.858422756 9.173821449 0.314006954 -0.024487516 -0.103262573 -0.943470716
1403636648713555456.000000 3.465607643 5.882043362 9.155351639 -0.320873529 0.022008110 0.104339033 0.941100061
1403636648813555456.000000 3.459500551 5.928981304 9.160385132 -0.330451429 0.011146222 0.110223375 0.937298536
1403636648863555584.000000 3.459576368 5.952092171 9.161571503 -0.333091527 0.004490365 0.113640442 0.936010599
1403636648963555584.000000 3.457644224 5.994760036 9.152812958 0.336210579 0.006272156 -0.117005371 -0.934469283
1403636649063555584.000000 3.473434448 6.041844845 9.146976471 0.338597596 0.004142325 -0.115005694 -0.933867335
1403636649113555456.000000 3.485393524 6.066091537 9.143839836 0.339394242 -0.002279241 -0.111779429 -0.933976293
1403636649163555584.000000 3.499316216 6.090659142 9.140436172 0.339692026 -0.009880464 -0.109212294 -0.934122324
1403636649213555456.000000 3.532288551 6.140458107 9.130064011 -0.338585913 0.014895302 0.106278844 0.934795499
1403636649313555456.000000 3.566371918 6.187816143 9.118221283 -0.337306142 0.020946646 0.102459200 0.935568273
1403636649363555584.000000 3.584069490 6.210490227 9.111199379 -0.335955381 0.019837333 0.101825386 0.936147511
1403636649413555456.000000 3.603295803 6.227863789 9.097598076 0.334175944 -0.017360870 -0.102092139 -0.936804295
1403636649513555456.000000 3.638698339 6.266258717 9.078829765 0.330387503 -0.014205215 -0.101585291 -0.938255191
1403636649613555456.000000 3.705123425 6.338196754 9.066889763 -0.326652229 0.019461853 0.102950171 0.939319372
1403636649713555456.000000 3.745085239 6.382154942 9.047534943 -0.329449803 0.026434001 0.105551176 0.937882245
1403636649763555584.000000 3.762252808 6.402436256 9.037201881 -0.333617508 0.028263722 0.106276408 0.936272323
1403636649813555456.000000 3.777598381 6.422299385 9.026748657 -0.337461442 0.029112140 0.106506646 0.934841514
1403636649863555584.000000 3.790094852 6.425270557 9.006236076 0.341405034 -0.030077621 -0.105304383 -0.933514297
1403636649913555456.000000 3.801151752 6.443539619 8.994894981 0.344737351 -0.030945586 -0.105542324 -0.932233572
1403636649963555584.000000 3.844804525 6.482116222 8.992288589 -0.347741723 0.029495003 0.107182845 0.930976689
1403636650063555584.000000 3.847980499 6.514803410 8.971206665 -0.352965236 0.030990837 0.107594565 0.928912640
1403636650113555456.000000 3.845145941 6.530328274 8.960833549 -0.356713891 0.031602949 0.109104678 0.927282453
1403636650163555584.000000 3.843502522 6.546470642 8.950907707 -0.362326860 0.032310866 0.111085050 0.924843431
1403636650213555456.000000 3.831669331 6.554332733 8.931266785 0.370126992 -0.031954661 -0.112960964 -0.921533942
1403636650263555584.000000 3.822961330 6.567440033 8.917626381 0.379391402 -0.032059051 -0.116200849 -0.917350471
1403636650363555584.000000 3.851636887 6.615802288 8.904678345 -0.400373846 0.027471781 0.127368465 0.907041013
1403636650413555456.000000 3.839363575 6.629585266 8.892752647 -0.412008643 0.026236800 0.132212266 0.901155055
1403636650463555584.000000 3.824565887 6.639787197 8.878345490 -0.423866898 0.023671003 0.137346238 0.894937158
1403636650563555584.000000 3.788982153 6.655601025 8.847225189 -0.444338590 0.018888310 0.147447780 0.883439660
1403636650663555584.000000 3.784897804 6.678390503 8.825305939 -0.459085822 0.014016371 0.155559212 0.874554217
1403636650763555584.000000 3.739743233 6.688788891 8.796482086 -0.470055491 0.013603711 0.159479201 0.868003011
1403636650813555456.000000 3.723946095 6.698866367 8.784918785 -0.474110216 0.014647914 0.160656944 0.865560114
1403636650863555584.000000 3.703114510 6.697319031 8.766654968 0.477819443 -0.016528290 -0.159635246 -0.863673568
1403636650913555456.000000 3.691906452 6.705470085 8.751926422 0.480884731 -0.021156389 -0.157641411 -0.862236381
1403636651013555456.000000 3.672375917 6.720903397 8.721649170 0.484530479 -0.028046276 -0.154145062 -0.860629380
1403636651063555584.000000 3.666935921 6.730741978 8.707876205 0.485196471 -0.029905468 -0.153047174 -0.860387504
1403636651113555456.000000 3.663622379 6.738086700 8.693345070 0.485091954 -0.031576034 -0.152275383 -0.860523701
1403636651163555584.000000 3.720337391 6.763123512 8.682322502 -0.484872282 0.027077863 0.153253421 0.860627174
1403636651213555456.000000 3.724024773 6.770012856 8.664682388 -0.483589977 0.025468709 0.154152289 0.861237049
1403636651263555584.000000 3.726352215 6.773671150 8.645641327 -0.482460141 0.023116656 0.154841289 0.861813247
1403636651313555456.000000 3.732443333 6.776672363 8.626569748 -0.480837524 0.020262500 0.155757084 0.862626553
1403636651413555456.000000 3.713217735 6.754562378 8.582085609 0.477932155 -0.017870504 -0.155524775 -0.864334166
1403636651463555584.000000 3.711055756 6.751531124 8.562654495 0.476172507 -0.017337581 -0.155807331 -0.865264833
1403636651563555584.000000 3.699333191 6.746280670 8.525553703 0.473755389 -0.021695042 -0.153128833 -0.866969824
1403636651613555456.000000 3.693273544 6.752309799 8.512811661 0.473037213 -0.025022598 -0.151066005 -0.867633998
1403636651663555584.000000 3.718690395 6.782929420 8.512685776 -0.471790820 0.026364384 0.150250509 0.868414223
1403636651763555584.000000 3.713283062 6.788486481 8.482042313 -0.470686167 0.031604584 0.153511778 0.868268311
1403636651863555584.000000 3.697335482 6.785293102 8.446787834 -0.474757820 0.039350528 0.161574066 0.864262879
1403636651913555456.000000 3.669589043 6.777177334 8.431262970 -0.479781032 0.042981118 0.165058777 0.860650003
1403636651963555584.000000 3.656471491 6.773822784 8.410600662 -0.486646801 0.045669395 0.168624401 0.855952740
1403636652013555456.000000 3.640044212 6.767971516 8.387128830 -0.495497227 0.047110062 0.171449021 0.850216687
1403636652063555584.000000 3.622046471 6.762852669 8.362779617 -0.506255746 0.045565348 0.174722135 0.843268096
1403636652163555584.000000 3.578835726 6.763300896 8.322195053 -0.532290459 0.037774630 0.180983946 0.826126397
1403636652213555456.000000 3.559016943 6.755364895 8.292299271 -0.546728611 0.033005368 0.185993016 0.815723658
1403636652263555584.000000 3.537139416 6.745129108 8.262058258 -0.560748637 0.028801395 0.192197889 0.804854989
1403636652363555584.000000 3.492950439 6.725590706 8.204610825 0.586334884 -0.018139720 -0.208418414 -0.782588124
1403636652463555584.000000 3.439853430 6.729356289 8.170381546 -0.606538713 0.012396741 0.221415877 0.763500035
1403636652513555456.000000 3.418631792 6.718600273 8.141146660 -0.613906562 0.010575235 0.226965398 0.755972028
1403636652563555584.000000 3.399124861 6.708935738 8.111903191 -0.619992793 0.007938053 0.232642859 0.749281824
1403636652613555456.000000 3.381699324 6.703391075 8.084409714 -0.624512970 0.004635444 0.237566292 0.743992269
1403636652713555456.000000 3.349613428 6.707258701 8.041434288 -0.632074058 -0.002706461 0.241281614 0.736381948
1403636652763555584.000000 3.344339132 6.702991009 8.008864403 -0.633512557 -0.003804796 0.243689388 0.734345257
1403636652813555456.000000 3.341195107 6.700568199 7.976184845 -0.635156929 -0.004514451 0.243811578 0.732878745
1403636652863555584.000000 3.339194536 6.701731682 7.945224762 -0.636108875 -0.003718666 0.243955761 0.732009172
1403636652913555456.000000 3.339228630 6.698263168 7.911896229 0.637624621 0.002158794 -0.241540134 -0.731497467
1403636652963555584.000000 3.328859329 6.720539570 7.901269436 -0.638366759 -0.000965718 0.239069507 0.731664360
1403636653063555584.000000 3.329644680 6.730858326 7.837792397 -0.638815522 0.000641362 0.234268397 0.732825160
1403636653113555456.000000 3.324433327 6.739981651 7.810044289 -0.638362586 0.003290279 0.231689900 0.734031498
1403636653163555584.000000 3.310425997 6.753843784 7.786534786 0.638733268 -0.005928454 -0.227656916 -0.734953761
1403636653213555456.000000 3.294142008 6.783072948 7.779596806 -0.639219940 0.010205707 0.222916260 0.735936284
1403636653313555456.000000 3.280437708 6.804962158 7.729034901 -0.638631999 0.016636495 0.214067668 0.738950312
1403636653413555456.000000 3.272440910 6.823531628 7.683466911 0.636261106 -0.019082740 -0.209682733 -0.742186606
1403636653463555584.000000 3.270733833 6.830688000 7.659440994 0.634781420 -0.018755086 -0.209017679 -0.743648112
1403636653563555584.000000 3.264845133 6.845283508 7.615702152 0.631776571 -0.018191336 -0.207768559 -0.746565342
1403636653613555456.000000 3.264551163 6.852118492 7.593001842 0.630719185 -0.019801190 -0.206915110 -0.747654676
1403636653663555584.000000 3.264759064 6.859287739 7.570633411 0.629998744 -0.021606432 -0.204869896 -0.748774469
1403636653713555456.000000 3.246722221 6.891222954 7.559457779 -0.629421175 0.024252154 0.202808723 0.749739587
1403636653763555584.000000 3.244504213 6.896270275 7.538652897 -0.629237771 0.026407678 0.201209828 0.750251412
1403636653863555584.000000 3.230144024 6.903421879 7.501278400 -0.629716873 0.028525524 0.197069257 0.750870645
1403636653913555456.000000 3.223861694 6.905264854 7.483338833 -0.629605711 0.028662143 0.196829736 0.751021504
1403636653963555584.000000 3.236264706 6.900187492 7.451104164 0.628166556 -0.027822237 -0.199257344 -0.751617849
1403636654013555456.000000 3.225477695 6.903564453 7.435101986 0.626882672 -0.027286595 -0.202872112 -0.751742363
1403636654113555456.000000 3.198610306 6.903897762 7.404787064 0.626628458 -0.029158195 -0.206613258 -0.750864625
1403636654163555584.000000 3.185243845 6.902475357 7.389111996 0.628462911 -0.030949242 -0.207463086 -0.749023199
1403636654263555584.000000 3.154129505 6.896032333 7.363049984 -0.636325181 0.030943356 0.207388535 0.742376447
1403636654363555584.000000 3.132266760 6.888740063 7.329388142 -0.646641076 0.028820777 0.211700290 0.732262015
1403636654413555456.000000 3.127070904 6.883041382 7.308617115 -0.652717233 0.026556116 0.214557707 0.726099193
1403636654463555584.000000 3.123778582 6.876427650 7.286943913 -0.658968031 0.025134066 0.217822522 0.719501793
1403636654513555456.000000 3.147752285 6.881030083 7.251602173 -0.665159583 0.023360763 0.223240003 0.712166369
1403636654563555584.000000 3.147467613 6.871763706 7.228745461 -0.672628522 0.021812947 0.226057306 0.704267919
1403636654663555584.000000 3.147421360 6.854927063 7.183253765 -0.682202041 0.019628344 0.236807466 0.691474795
1403636654713555456.000000 3.140230894 6.846302032 7.161764145 0.686296523 -0.019076677 -0.240110889 -0.686279893
1403636654763555584.000000 3.154884577 6.839185715 7.149101734 0.690061331 -0.017909212 -0.244011462 -0.681141019
1403636654813555456.000000 3.149255991 6.831435204 7.129370213 0.693534970 -0.017003896 -0.245646700 -0.677036107
1403636654863555584.000000 3.142545462 6.824157715 7.110565186 0.696399152 -0.016073514 -0.246947378 -0.673637033
1403636654913555456.000000 3.134671450 6.817283154 7.092631817 0.699150741 -0.016152730 -0.247181132 -0.670692921
1403636654963555584.000000 3.124364138 6.811945438 7.073912621 0.702410758 -0.017639259 -0.244330823 -0.668289244
1403636655013555456.000000 3.114032745 6.805487156 7.057223797 0.705128193 -0.021737663 -0.240972057 -0.666523993
1403636655063555584.000000 3.122783899 6.798882484 7.049920082 0.707449615 -0.024625603 -0.239104927 -0.664633334
1403636655113555456.000000 3.111107826 6.791691303 7.034894943 0.708960354 -0.027637335 -0.237108752 -0.663619578
1403636655163555584.000000 3.098855019 6.783781052 7.020478249 0.710394025 -0.030023823 -0.234769374 -0.662813962
1403636655213555456.000000 3.086477041 6.774983406 7.006561279 0.710901022 -0.032914445 -0.233779222 -0.662482977
1403636655263555584.000000 3.073333740 6.764997482 6.992938995 0.712185383 -0.035582624 -0.233736962 -0.660978794
1403636655313555456.000000 3.061579704 6.757852554 6.980375290 0.714284182 -0.036809199 -0.234097138 -0.658514857
1403636655363555584.000000 3.048229218 6.746010303 6.966882229 0.716672361 -0.039140847 -0.235177144 -0.655393481
1403636655413555456.000000 3.053913116 6.731680870 6.957039833 0.719031215 -0.040662143 -0.237199172 -0.651979506
1403636655463555584.000000 3.043189287 6.716855049 6.942796230 0.722177207 -0.041333687 -0.237621009 -0.648296177
1403636655513555456.000000 3.034349680 6.699923038 6.927821159 0.725662351 -0.041235898 -0.239483088 -0.643709362
1403636655563555584.000000 3.026392937 6.680143356 6.912868500 0.728486419 -0.039035909 -0.244499519 -0.638751805
1403636655613555456.000000 3.018029213 6.658664227 6.897960663 0.731330454 -0.035361581 -0.251634657 -0.632918239
1403636655663555584.000000 3.009544134 6.637290955 6.883605957 0.733832419 -0.032671023 -0.259421021 -0.626995564
1403636655763555584.000000 2.991529703 6.601575851 6.854944706 0.738860786 -0.028298784 -0.270725787 -0.616434634
1403636655813555456.000000 2.971002579 6.579692364 6.843589783 0.742381334 -0.027613875 -0.275094151 -0.610271037
1403636655863555584.000000 2.947758198 6.557762146 6.832345009 0.746543646 -0.027413085 -0.279518276 -0.603150666
1403636655913555456.000000 2.922960043 6.535900593 6.821233273 0.751547873 -0.027870947 -0.283488184 -0.595007002
1403636655963555584.000000 2.899168253 6.514435291 6.809237957 0.757132530 -0.028736142 -0.286354959 -0.586451530
1403636656063555584.000000 2.858341932 6.476716518 6.782153606 0.766591370 -0.031107359 -0.289778888 -0.572187304
1403636656113555456.000000 2.838441849 6.453632355 6.767707348 0.770747066 -0.029955469 -0.290225923 -0.566410303
1403636656163555584.000000 2.821057320 6.430683136 6.750905037 0.774054527 -0.028745230 -0.290732831 -0.561682880
1403636656213555456.000000 2.806291103 6.407396317 6.733481884 0.776840627 -0.025164546 -0.291099280 -0.557805300
1403636656313555456.000000 2.788249969 6.358503342 6.695286274 0.779930174 -0.021693217 -0.292818934 -0.552716315
1403636656413555456.000000 2.787038803 6.346351624 6.639001369 0.781014800 -0.019490911 -0.294060320 -0.550603867
1403636656463555584.000000 2.784852028 6.327678204 6.614283562 0.781228781 -0.019674160 -0.294394225 -0.550115168
1403636656513555456.000000 2.784235001 6.310295105 6.588588715 0.781232953 -0.018435763 -0.294158041 -0.550278366
1403636656563555584.000000 2.784970760 6.296543121 6.560410500 0.781571031 -0.017983440 -0.292515993 -0.550688386
1403636656613555456.000000 2.784396172 6.282014370 6.532003880 0.781886816 -0.018310886 -0.290332079 -0.551384628
1403636656663555584.000000 2.779562473 6.260858059 6.509322166 0.782715201 -0.020409022 -0.286018968 -0.552388966
1403636656713555456.000000 2.776920795 6.245643139 6.482988358 0.784189105 -0.025418773 -0.279601902 -0.553375185
1403636656813555456.000000 2.769868374 6.237958431 6.423337460 0.786304116 -0.031011378 -0.269176930 -0.555254817
1403636656913555456.000000 2.749359846 6.206463814 6.378809929 0.787838101 -0.032879930 -0.260430813 -0.557140827
1403636657013555456.000000 2.722959042 6.175850868 6.332686901 0.786991775 -0.037056770 -0.257852852 -0.559269905
1403636657063555584.000000 2.713808775 6.153604031 6.314141750 0.786321461 -0.039483290 -0.257535845 -0.560191810
1403636657163555584.000000 2.680696487 6.118299961 6.273920059 0.784565687 -0.043696351 -0.259399205 -0.561479688
1403636657213555456.000000 2.667725801 6.098134518 6.253829479 0.783365607 -0.045267045 -0.261306435 -0.562146127
1403636657263555584.000000 2.655908108 6.076409817 6.233041763 0.782013834 -0.044792041 -0.264499396 -0.562572837
1403636657363555584.000000 2.618010283 6.033907413 6.197858810 0.780006945 -0.043047108 -0.268952370 -0.563383400
1403636657413555456.000000 2.608140230 6.007998466 6.177523136 0.778283596 -0.042049676 -0.274341613 -0.563243568
1403636657463555584.000000 2.597710371 5.981338978 6.156722546 0.776493132 -0.040081944 -0.279667884 -0.563238740
1403636657513555456.000000 2.584194183 5.954948425 6.135091782 0.774846435 -0.038822498 -0.284318417 -0.563266337
1403636657613555456.000000 2.544383526 5.900259018 6.096966267 0.773670971 -0.037350539 -0.288138062 -0.563040614
1403636657663555584.000000 2.529338837 5.873136044 6.075954914 0.773377061 -0.036067314 -0.289331883 -0.562915802
1403636657763555584.000000 2.491337061 5.820932388 6.031864166 0.774631143 -0.037475515 -0.289245069 -0.561141372
1403636657813555456.000000 2.478282928 5.782229900 6.001379013 0.775124490 -0.039593108 -0.289926678 -0.559961498
1403636657913555456.000000 2.431674480 5.735237598 5.956356525 0.773790240 -0.043606017 -0.298508286 -0.556991994
1403636658013555456.000000 2.395661354 5.682119846 5.900947094 0.773647070 -0.042566773 -0.303263575 -0.554697633
1403636658063555584.000000 2.379771233 5.655218124 5.870569229 0.774559319 -0.039334502 -0.303167820 -0.553714752
1403636658113555456.000000 2.365166187 5.627854824 5.838365078 0.776714087 -0.034844793 -0.299681485 -0.552894235
1403636658163555584.000000 2.372915745 5.592381001 5.805369377 0.778476417 -0.030104831 -0.297494948 -0.551874101
1403636658263555584.000000 2.345635414 5.542525768 5.734737396 0.781830370 -0.021130698 -0.292466640 -0.550234556
1403636658313555456.000000 2.329312325 5.518756866 5.699826241 0.782804132 -0.018561084 -0.291143537 -0.549644172
1403636658363555584.000000 2.309716463 5.495167732 5.666834831 0.783598185 -0.015596051 -0.290312439 -0.549044132
1403636658413555456.000000 2.297022104 5.462583542 5.627937317 0.783941925 -0.013465715 -0.290103972 -0.548719823
1403636658513555456.000000 2.256900311 5.421134949 5.559876442 0.785670638 -0.007613624 -0.287250042 -0.547860503
1403636658613555456.000000 2.214270592 5.388025761 5.494867325 0.787998915 -0.001069559 -0.282196224 -0.547194600
1403636658713555456.000000 2.160869122 5.354717731 5.432589531 0.789471745 0.001259654 -0.278325319 -0.547053814
1403636658763555584.000000 2.140685320 5.339437962 5.400882244 0.790604353 0.002340743 -0.275406063 -0.546892047
1403636658813555456.000000 2.120157719 5.325662613 5.370590687 0.792316973 0.003675129 -0.270821303 -0.546695769
1403636658913555456.000000 2.078572750 5.308278084 5.315053940 0.794335723 -0.000317775 -0.265951782 -0.546168923
1403636658963555584.000000 2.057659149 5.283528805 5.292231560 0.794326127 -0.005375801 -0.265093923 -0.546573281
1403636659013555456.000000 2.036538839 5.274036407 5.267988205 0.794263124 -0.010078989 -0.265083075 -0.546603620
1403636659063555584.000000 2.014834881 5.263991833 5.244872570 0.794880271 -0.014856119 -0.263041049 -0.546584070
1403636659113555456.000000 1.991900921 5.251923084 5.224119186 0.795079172 -0.017522711 -0.262031257 -0.546700776
1403636659163555584.000000 1.968460083 5.240742683 5.204229355 0.795376658 -0.020064322 -0.260964096 -0.546691179
1403636659213555456.000000 1.946468830 5.235262871 5.182015419 0.795493305 -0.021620393 -0.260168433 -0.546841323
1403636659263555584.000000 1.922835112 5.208879948 5.169445992 0.795244575 -0.021441910 -0.260205507 -0.547192395
1403636659313555456.000000 1.901479721 5.197730064 5.151314735 0.794543862 -0.019947479 -0.262047648 -0.547387719
1403636659363555584.000000 1.881467104 5.186366558 5.133626461 0.793604553 -0.018005965 -0.264839977 -0.547473669
1403636659413555456.000000 1.862728357 5.174528599 5.116327286 0.792418838 -0.014514447 -0.268009812 -0.547752321
1403636659463555584.000000 1.845531464 5.162739277 5.098962784 0.791087985 -0.010987207 -0.271600425 -0.547989428
1403636659563555584.000000 1.821208954 5.123642445 5.071276188 0.790904999 -0.009574561 -0.272640675 -0.547763407
1403636659663555584.000000 1.794715166 5.097179890 5.042408943 0.792533576 -0.011162947 -0.270313948 -0.546531200
1403636659713555456.000000 1.780714035 5.083714962 5.029924393 0.793483555 -0.011672675 -0.268596143 -0.545988739
1403636659763555584.000000 1.761713028 5.070370197 5.017662048 0.794320583 -0.013154135 -0.267521352 -0.545265257
1403636659863555584.000000 1.729044676 5.044748783 4.997201920 0.794968367 -0.014397978 -0.268023401 -0.544041753
1403636659963555584.000000 1.700398922 5.009474754 4.984615803 0.794374764 -0.009906836 -0.273888052 -0.542084813
1403636660063555584.000000 1.655703306 4.988409042 4.975943565 0.792953074 -0.005368585 -0.280942112 -0.540618360
1403636660163555584.000000 1.605019808 4.978371143 4.969590187 0.791580915 -0.001559666 -0.287213176 -0.539356887
1403636660213555456.000000 1.592128396 4.963903427 4.968110085 0.791420043 -0.000855929 -0.288388968 -0.538966954
1403636660263555584.000000 1.570057869 4.956447601 4.965807438 0.790740073 0.001415725 -0.290964752 -0.538579404
1403636660363555584.000000 1.537658215 4.940758228 4.956951141 0.787098050 0.010128082 -0.300665647 -0.538492680
1403636660463555584.000000 1.495432377 4.947084904 4.961123466 0.784874976 0.014868951 -0.308524936 -0.537180305
1403636660563555584.000000 1.467372775 4.950446606 4.952185631 0.786707342 0.013057454 -0.303633660 -0.537333965
1403636660663555584.000000 1.442938924 4.961865902 4.936860561 0.791248143 0.007227273 -0.289956927 -0.538330078
1403636660763555584.000000 1.407302618 4.975809574 4.935167313 0.796632588 0.003757535 -0.273460716 -0.539056361
1403636660813555456.000000 1.388188362 4.983839035 4.935688972 0.798815966 0.004560195 -0.266678840 -0.539216816
1403636660863555584.000000 1.368542552 4.992308617 4.937877655 0.800660193 0.006324973 -0.260842383 -0.539318681
1403636660913555456.000000 1.348638296 5.001409054 4.942912102 0.801936090 0.006745431 -0.257093221 -0.539218128
1403636660963555584.000000 1.318152308 5.025127411 4.953982353 0.802879035 0.004447631 -0.254793555 -0.538930118
1403636661013555456.000000 1.297284842 5.035486698 4.962262154 0.802405298 0.000725592 -0.255770355 -0.539190888
1403636661113555456.000000 1.256970644 5.055529118 4.981666565 0.801350176 -0.006673717 -0.257503539 -0.539893866
1403636661213555456.000000 1.214811087 5.076152802 5.007878304 0.800683439 -0.013049946 -0.259331375 -0.539891660
1403636661263555584.000000 1.198091984 5.085272312 5.022874832 0.800060511 -0.014299424 -0.261165679 -0.539899349
1403636661313555456.000000 1.184197545 5.092931747 5.037539482 0.800008595 -0.016001714 -0.261111021 -0.539954901
1403636661413555456.000000 1.163349390 5.108510971 5.063426971 0.799478889 -0.017213522 -0.261690974 -0.540421247
1403636661513555456.000000 1.145945907 5.122775555 5.092509270 0.798587024 -0.016899820 -0.263366252 -0.540935755
1403636661613555456.000000 1.143528461 5.124155998 5.126503944 0.796805203 -0.019009607 -0.267498583 -0.541465342
1403636661663555584.000000 1.143722892 5.127840519 5.140695572 0.796259999 -0.020085579 -0.268163383 -0.541899443
1403636661713555456.000000 1.143624783 5.133047581 5.155084610 0.796341777 -0.020924805 -0.267310619 -0.542168915
1403636661813555456.000000 1.150696516 5.126493931 5.187341213 0.794806838 -0.031103846 -0.269103199 -0.543045342
1403636661913555456.000000 1.158439159 5.133205891 5.215461254 0.794019043 -0.035617217 -0.269723415 -0.543612540
1403636662013555456.000000 1.176286578 5.137199879 5.239731312 0.793855727 -0.036367226 -0.269228399 -0.544046581
1403636662113555456.000000 1.205045819 5.132484913 5.259270668 0.794026971 -0.036513053 -0.268252075 -0.544269145
1403636662213555456.000000 1.226299763 5.119932175 5.282882690 0.795279205 -0.028594470 -0.266299337 -0.543873191
1403636662313555456.000000 1.263997197 5.119446754 5.297131062 0.795914948 -0.015974265 -0.267646998 -0.542797804
1403636662363555584.000000 1.270422697 5.110834599 5.311330795 0.796248078 -0.011708898 -0.267572343 -0.542454660
1403636662413555456.000000 1.275914192 5.103728771 5.326282501 0.796016514 -0.008430555 -0.269463629 -0.541918874
1403636662513555456.000000 1.285975456 5.096502781 5.356658936 0.793625951 -0.001811747 -0.278540164 -0.540897310
1403636662563555584.000000 1.289137721 5.089646339 5.375242710 0.792234361 -0.000387018 -0.283151120 -0.540546119
1403636662613555456.000000 1.291208863 5.083533287 5.394218445 0.790579736 -0.003788047 -0.288221419 -0.540275753
1403636662713555456.000000 1.293787479 5.077368736 5.426420212 0.787605166 -0.019910004 -0.296677500 -0.539689124
1403636662813555456.000000 1.286073327 5.067121506 5.465806007 0.786563814 -0.030600885 -0.300850153 -0.538396001
1403636662863555584.000000 1.279072762 5.062540531 5.484609604 0.785852730 -0.031228622 -0.302908033 -0.538244426
1403636662913555456.000000 1.289568901 5.059544563 5.495474339 0.785295844 -0.028743014 -0.305035561 -0.537994146
1403636663013555456.000000 1.273977280 5.056159496 5.525033951 0.782577455 -0.026275162 -0.313515574 -0.537205994
1403636663113555456.000000 1.265184999 5.036790371 5.551684856 0.779389381 -0.030958267 -0.321914226 -0.536623716
1403636663213555456.000000 1.265910387 5.041371822 5.556424618 0.779319227 -0.025601052 -0.324041128 -0.535727143
1403636663313555456.000000 1.247071266 5.038030148 5.565442562 0.783786416 -0.007122913 -0.314102024 -0.535694063
1403636663363555584.000000 1.237624168 5.038875103 5.567797661 0.785096109 0.002056669 -0.311051160 -0.535599709
1403636663413555456.000000 1.220022678 5.036145210 5.579374790 0.786121607 0.009866737 -0.308961987 -0.535217822
1403636663513555456.000000 1.193347096 5.041689396 5.586992741 0.786151469 0.021785453 -0.308620155 -0.535018563
1403636663563555584.000000 1.179274917 5.047442913 5.590526581 0.785841346 0.025315762 -0.309147030 -0.535014689
1403636663613555456.000000 1.162492633 5.050312519 5.603410721 0.785507619 0.026991837 -0.309909284 -0.534981728
1403636663713555456.000000 1.132051349 5.081329823 5.608297825 0.785931349 0.032643292 -0.307604164 -0.535374761
1403636663813555456.000000 1.109530687 5.122025013 5.611891747 0.788684726 0.040103178 -0.297799617 -0.536361456
1403636663913555456.000000 1.086344242 5.164680004 5.627906799 0.792040110 0.042518042 -0.285910517 -0.537698805
1403636664013555456.000000 1.085371375 5.220221043 5.636034012 0.796445906 0.041943181 -0.269115359 -0.539899766
1403636664113555456.000000 1.079153538 5.280073643 5.660117626 0.797844112 0.033093158 -0.261705607 -0.542088389
1403636664163555584.000000 1.083292723 5.312778950 5.671501160 0.797343850 0.027274169 -0.261030704 -0.543472052
1403636664213555456.000000 1.087711692 5.347981453 5.685103893 0.796734154 0.020196076 -0.260204226 -0.545069396
1403636664313555456.000000 1.103924394 5.413259506 5.719671249 0.795551240 0.006820854 -0.258952320 -0.547718406
1403636664363555584.000000 1.109262466 5.446054935 5.740089417 0.794388413 0.003957059 -0.259312361 -0.549261868
1403636664413555456.000000 1.108926654 5.480007172 5.763166428 0.793482363 0.000831077 -0.259014517 -0.550723732
1403636664513555456.000000 1.091699600 5.551825047 5.814710617 0.792056561 -0.006526298 -0.255992532 -0.554140568
1403636664563555584.000000 1.092094898 5.583461761 5.841609955 0.790441930 -0.008892625 -0.257052004 -0.555919886
1403636664663555584.000000 1.088291764 5.647629261 5.899157524 0.786734462 -0.017504705 -0.259694278 -0.559733391
1403636664713555456.000000 1.082088709 5.681174278 5.927231789 0.784613490 -0.020774081 -0.260966420 -0.562002420
1403636664763555584.000000 1.082174540 5.710925579 5.957218647 0.783522964 -0.017146759 -0.261775136 -0.563268781
1403636664813555456.000000 1.085476875 5.738640785 5.986378670 0.782864511 -0.013256917 -0.260991126 -0.564651251
1403636664863555584.000000 1.090275884 5.767233849 6.015546799 0.781794548 -0.012309542 -0.260853648 -0.566216648
1403636664913555456.000000 1.096992970 5.787208557 6.042190552 0.780623615 -0.013358536 -0.260475397 -0.567979693
1403636664963555584.000000 1.103672147 5.812716961 6.071275234 0.778996348 -0.011545360 -0.262713134 -0.569221675
1403636665063555584.000000 1.105863452 5.879039764 6.125731945 0.775400937 -0.009079254 -0.268520445 -0.571461082
1403636665113555456.000000 1.117679477 5.904083252 6.155683041 0.773456275 -0.007492917 -0.272054017 -0.572447360
1403636665163555584.000000 1.132529974 5.930883408 6.184387207 0.772301197 -0.005773196 -0.274520814 -0.572849035
1403636665263555584.000000 1.162627697 5.987133503 6.233556747 0.769729912 -0.015700433 -0.278849423 -0.574031711
1403636665363555584.000000 1.198462129 6.042840004 6.283927441 0.770541608 -0.023936644 -0.275405258 -0.574321032
1403636665413555456.000000 1.216051817 6.071487427 6.307384491 0.771386266 -0.022571696 -0.273172408 -0.574308813
1403636665463555584.000000 1.232012272 6.097964764 6.327450275 0.771873772 -0.017413462 -0.272757798 -0.574030459
1403636665513555456.000000 1.248145938 6.127041817 6.349113941 0.773333430 -0.011140171 -0.269965589 -0.573541701
1403636665613555456.000000 1.282402992 6.181390285 6.393495083 0.775448442 -0.000689601 -0.266190082 -0.572557569
1403636665713555456.000000 1.337810397 6.225302219 6.435190201 0.777150750 0.003448291 -0.264569402 -0.570988536
1403636665813555456.000000 1.380948067 6.285133362 6.486006737 0.780115247 0.000653835 -0.259861231 -0.569115102
1403636665863555584.000000 1.401736021 6.312944889 6.512547016 0.779990971 -0.008098881 -0.261142522 -0.568641543
1403636665913555456.000000 1.412641883 6.327843666 6.538638115 0.778873682 -0.017299330 -0.265522480 -0.567938745
1403636666013555456.000000 1.462757587 6.383489132 6.584463596 0.776632428 -0.027885115 -0.273234755 -0.566928029
1403636666063555584.000000 1.477282882 6.409036160 6.611517429 0.776121974 -0.030428698 -0.275026321 -0.566629827
1403636666113555456.000000 1.490623355 6.433772087 6.638026237 0.776828587 -0.029522547 -0.273710549 -0.566346526
1403636666213555456.000000 1.511571050 6.475560665 6.693867683 0.779143512 -0.026601782 -0.268029451 -0.566028297
1403636666263555584.000000 1.520775437 6.496522427 6.721512794 0.779383540 -0.026592808 -0.267198592 -0.566091120
1403636666313555456.000000 1.541462660 6.515977383 6.740644932 0.779041469 -0.028310144 -0.267099112 -0.566525340
1403636666413555456.000000 1.559080362 6.556326389 6.798665047 0.777476609 -0.033063956 -0.269786060 -0.567144096
1403636666463555584.000000 1.565832615 6.574163437 6.827385426 0.776092827 -0.034300853 -0.272379160 -0.567726314
1403636666513555456.000000 1.561508060 6.585823059 6.857017994 0.775027394 -0.034121230 -0.273809850 -0.568503678
1403636666613555456.000000 1.594631433 6.613098621 6.904112339 0.773910522 -0.026632410 -0.274979830 -0.569858968
1403636666713555456.000000 1.624413371 6.639767170 6.945877552 0.772313774 -0.014908077 -0.276873022 -0.571533561
1403636666813555456.000000 1.635056496 6.665683746 7.001541138 0.770003557 -0.008750288 -0.281348139 -0.572591722
1403636666863555584.000000 1.647171259 6.678650379 7.023626804 0.767641068 -0.008297427 -0.286611289 -0.573160052
1403636666913555456.000000 1.657934189 6.692482948 7.045215130 0.763470054 -0.012510420 -0.296296030 -0.573729634
1403636667013555456.000000 1.672038436 6.720569611 7.084856987 0.758220792 -0.020501804 -0.307651639 -0.574483573
1403636667113555456.000000 1.687137127 6.731594086 7.137972355 0.762280166 -0.023444217 -0.297304928 -0.574446797
1403636667213555456.000000 1.696571589 6.767659664 7.166129112 0.769956529 -0.021745412 -0.275840342 -0.574983656
1403636667313555456.000000 1.699055791 6.807730198 7.193316936 0.774781048 -0.017454645 -0.260156512 -0.575958669
1403636667413555456.000000 1.705298901 6.826365471 7.237593651 0.776265919 -0.015584622 -0.255144119 -0.576254964
1403636667513555456.000000 1.713647842 6.857321739 7.273849010 0.773455858 -0.009916130 -0.262160629 -0.577009141
1403636667613555456.000000 1.673875332 6.920575619 7.312532425 0.768311620 -0.010553994 -0.274373323 -0.578191280
1403636667713555456.000000 1.704330325 6.929315090 7.355314732 0.765294969 -0.013390442 -0.282096893 -0.578416586
1403636667813555456.000000 1.721937060 6.960547447 7.389970303 0.765321195 -0.017016625 -0.283261269 -0.577717125
1403636667863555584.000000 1.730039835 6.975849152 7.406598568 0.765468895 -0.018193202 -0.283437103 -0.577399254
1403636667913555456.000000 1.717143178 7.013595104 7.430728912 0.765639126 -0.019580299 -0.283706695 -0.576995671
1403636668013555456.000000 1.724441886 7.048357487 7.452736855 0.766120970 -0.020273039 -0.282907337 -0.576724410
1403636668113555456.000000 1.723507881 7.081265926 7.481019974 0.768931627 -0.016796377 -0.279081911 -0.574956894
1403636668213555456.000000 1.725407124 7.114732265 7.505774975 0.770963132 -0.010445479 -0.277550906 -0.573125064
1403636668263555584.000000 1.717388511 7.147175312 7.529404640 0.772137702 -0.008617582 -0.277769804 -0.571465790
1403636668313555456.000000 1.713800669 7.166790009 7.543651581 0.773343027 -0.006414884 -0.277374744 -0.570055068
1403636668413555456.000000 1.705162883 7.224208832 7.571268082 0.775126517 -0.005333850 -0.276000798 -0.568308115
1403636668513555456.000000 1.700449347 7.267576694 7.600761890 0.777268469 -0.006227311 -0.274323672 -0.566181481
1403636668613555456.000000 1.692187548 7.301644802 7.635694027 0.778347850 -0.006522920 -0.276222110 -0.563767135
1403636668663555584.000000 1.684493542 7.348493576 7.655523300 0.779229343 -0.005060934 -0.276173025 -0.562587380
1403636668713555456.000000 1.682088614 7.370070457 7.671362877 0.780705392 -0.002066260 -0.273569256 -0.561831653
1403636668813555456.000000 1.678457141 7.415256977 7.704944611 0.785020828 0.002968114 -0.264495641 -0.560156822
1403636668863555584.000000 1.678357720 7.439304829 7.722819328 0.786971152 0.006643035 -0.258729041 -0.560081840
1403636668913555456.000000 1.684916973 7.469460964 7.742765427 0.789249599 0.008259039 -0.253368795 -0.559304118
1403636669013555456.000000 1.696954727 7.514843464 7.785444736 0.789313853 0.000340465 -0.252531469 -0.559652984
1403636669113555456.000000 1.701171279 7.578407288 7.846461773 0.789109170 -0.012373024 -0.255413085 -0.558496058
1403636669213555456.000000 1.721971273 7.619491100 7.893104553 0.788986564 -0.017806178 -0.256325334 -0.558104396
1403636669313555456.000000 1.741457343 7.660674572 7.947022915 0.789459229 -0.017989898 -0.256549805 -0.557326436
1403636669363555584.000000 1.747454286 7.678672791 7.974468231 0.789118469 -0.018200805 -0.257651538 -0.557293952
1403636669413555456.000000 1.752613544 7.696988106 8.002977371 0.789397776 -0.019204382 -0.256759137 -0.557276547
1403636669463555584.000000 1.757165074 7.715260983 8.032709122 0.789857209 -0.021545326 -0.255150706 -0.557278693
1403636669563555584.000000 1.791282535 7.758914471 8.094011307 0.790971458 -0.022937795 -0.251353770 -0.557368279
1403636669663555584.000000 1.796465158 7.791335106 8.160380363 0.793374121 -0.029586183 -0.241746873 -0.557889402
1403636669763555584.000000 1.804607630 7.825479984 8.230478287 0.794658780 -0.035198253 -0.235667989 -0.558336139
1403636669863555584.000000 1.820561886 7.841359615 8.312004089 0.788146675 -0.054303318 -0.248796672 -0.560335875
1403636669913555456.000000 1.832464457 7.851679325 8.345932007 0.782881260 -0.063608781 -0.260982901 -0.561194122
1403636669963555584.000000 1.845409751 7.859804630 8.379026413 0.778775573 -0.069627076 -0.270519793 -0.561675847
1403636670063555584.000000 1.871398449 7.857993126 8.444795609 0.773473203 -0.075007543 -0.283229083 -0.562044799
1403636670163555584.000000 1.898591995 7.852457047 8.493539810 0.768734932 -0.081893906 -0.287423462 -0.565444827
1403636670263555584.000000 1.928065658 7.839963913 8.536569595 0.763052821 -0.098581091 -0.287978828 -0.570175827
1403636670313555456.000000 1.938782573 7.830088139 8.555215836 0.760121644 -0.105971441 -0.288418919 -0.572537959
1403636670363555584.000000 1.937530041 7.815207481 8.570085526 0.756668150 -0.109691814 -0.289163113 -0.576025903
1403636670463555584.000000 1.952091813 7.778116226 8.590570450 0.746567070 -0.114777260 -0.294870287 -0.585248113
1403636670563555584.000000 1.962324619 7.729568958 8.596916199 0.734905660 -0.117624298 -0.296160787 -0.598637640
1403636670663555584.000000 1.973589897 7.672024250 8.580280304 0.722056925 -0.115242124 -0.294124067 -0.615503192
1403636670763555584.000000 1.987130642 7.607742786 8.539743423 0.707927167 -0.114007123 -0.289561450 -0.634031355
1403636670863555584.000000 1.994824529 7.527417183 8.487350464 0.689676940 -0.118933052 -0.287616342 -0.653817594
1403636670963555584.000000 1.981935024 7.445796967 8.431648254 0.667998791 -0.130004898 -0.285401195 -0.674849987
1403636671063555584.000000 1.980336666 7.346490860 8.342935562 0.645978451 -0.133122578 -0.276237726 -0.699058592
1403636671163555584.000000 1.971614718 7.244408131 8.232812881 -0.626995564 0.122860625 0.261933893 0.723306656
1403636671213555456.000000 1.969234705 7.188057423 8.165263176 -0.618006468 0.115331799 0.256586909 0.734118342
1403636671263555584.000000 1.965039968 7.130459309 8.094180107 -0.610599518 0.104977965 0.251185268 0.743676007
1403636671363555584.000000 1.954097986 7.007918358 7.933024406 0.602217913 -0.069635406 -0.235443994 -0.759638488
1403636671463555584.000000 1.932205200 6.903976917 7.780540466 -0.593643367 0.031756282 0.219609857 0.773531258
1403636671563555584.000000 1.894685507 6.789613247 7.627746105 -0.580111980 0.006774198 0.214456990 0.785768747
1403636671613555456.000000 1.874864101 6.732871056 7.549930096 -0.573815644 -0.003562305 0.215160042 0.790208280
1403636671663555584.000000 1.860849857 6.662684441 7.457604885 0.568307161 0.011017078 -0.216071904 -0.793863118
1403636671763555584.000000 1.822984219 6.577995300 7.316620827 -0.560603619 -0.021816947 0.220220327 0.797966540
1403636671863555584.000000 1.794657707 6.494341850 7.176722050 -0.556392372 -0.034182232 0.223746762 0.799497664
1403636671963555584.000000 1.729460001 6.395644188 7.024941921 0.553964913 0.046339296 -0.227926418 -0.799390495
1403636672013555456.000000 1.763937712 6.374849796 6.955421448 -0.553983748 -0.055934470 0.230352938 0.798067033
1403636672063555584.000000 1.752520323 6.345811844 6.889893055 -0.556048214 -0.061994255 0.226858318 0.797183990
1403636672163555584.000000 1.754027367 6.305880070 6.767303944 -0.562312961 -0.070387021 0.214270160 0.795574129
1403636672263555584.000000 1.764807463 6.261638641 6.638329983 -0.566514909 -0.072787166 0.209082365 0.793755352
1403636672363555584.000000 1.761044741 6.239247799 6.540080070 -0.572885215 -0.070702717 0.194115669 0.793172657
1403636672413555456.000000 1.757743359 6.232438564 6.497035503 -0.576406360 -0.069244266 0.184440702 0.793058991
1403636672463555584.000000 1.753874540 6.234093666 6.458144665 0.579855204 0.063714392 -0.176083758 -0.792907894
1403636672563555584.000000 1.774495006 6.227779388 6.386290073 -0.582874656 -0.035020124 0.169121861 0.793995261
1403636672663555584.000000 1.753611207 6.226580620 6.342546463 -0.582810521 -0.006940840 0.169146165 0.794778883
1403636672763555584.000000 1.719256401 6.221390724 6.310635567 -0.578641355 -0.000214717 0.180934936 0.795258880
1403636672863555584.000000 1.680738091 6.227130413 6.295525074 0.571467936 0.004166651 -0.188026980 -0.798782110
1403636672963555584.000000 1.641843200 6.215167999 6.267883301 0.561307669 0.005571853 -0.185592860 -0.806509793
1403636673013555456.000000 1.625751257 6.211856842 6.256453514 0.554971099 0.007017115 -0.182637364 -0.811542630
1403636673063555584.000000 1.620636702 6.207556725 6.244289398 -0.549242973 -0.010165443 0.177884847 0.816447079
1403636673163555584.000000 1.619410396 6.208742142 6.221596241 -0.535791337 -0.019194847 0.178012326 0.825149059
1403636673263555584.000000 1.613494396 6.212890625 6.206369400 -0.523434043 -0.034451403 0.182003364 0.831687868
1403636673313555456.000000 1.600609422 6.213622093 6.213097572 -0.519203067 -0.040071923 0.184023857 0.833641231
1403636673413555456.000000 1.604582667 6.222298145 6.209548473 -0.513483346 -0.043709233 0.183568120 0.837094426
1403636673513555456.000000 1.615943074 6.242026329 6.217854023 0.510281384 0.042710587 -0.181532562 -0.839544296
1403636673563555584.000000 1.621211171 6.253099442 6.222988129 0.509574354 0.039788730 -0.179072902 -0.840644896
1403636673613555456.000000 1.626475453 6.265557289 6.229802608 0.510076344 0.034299552 -0.174165696 -0.841612756
1403636673663555584.000000 1.631002784 6.279425621 6.238395691 0.510593057 0.028034162 -0.169596151 -0.842464268
1403636673713555456.000000 1.635083914 6.294586182 6.248642921 0.511005044 0.021402480 -0.165401131 -0.843242764
1403636673763555584.000000 1.632521629 6.307763100 6.268017769 0.512158513 0.014930407 -0.160183340 -0.843689561
1403636673813555456.000000 1.628681660 6.332190037 6.282652378 -0.512191355 -0.007829668 0.156380430 0.844478428
1403636673913555456.000000 1.646005750 6.360263824 6.310299873 -0.512721956 -0.007992448 0.151981577 0.844957888
1403636674013555456.000000 1.665454507 6.396424770 6.342800617 -0.511653244 -0.008735303 0.153578639 0.845309615
1403636674113555456.000000 1.683796525 6.421781063 6.387653351 -0.511202157 -0.008479862 0.155249953 0.845279813
1403636674163555584.000000 1.691311240 6.439315319 6.415764809 -0.511296213 -0.006175212 0.155904159 0.845122457
1403636674213555456.000000 1.698436022 6.450688362 6.440745831 -0.511293054 -0.003258202 0.156473219 0.845035553
1403636674313555456.000000 1.725161314 6.455100060 6.478959084 0.508721292 -0.004674215 -0.164241225 -0.845106900
1403636674413555456.000000 1.706550479 6.497771263 6.547340870 -0.501089156 0.013342392 0.174449921 0.847525179
1403636674463555584.000000 1.709713936 6.510739326 6.580164909 -0.496006429 0.017198613 0.177671492 0.849773288
1403636674513555456.000000 1.706758857 6.527805328 6.616487026 -0.490308672 0.020529268 0.178760320 0.852772415
1403636674613555456.000000 1.679521680 6.558482647 6.688845158 -0.481139958 0.023733621 0.175074756 0.858655930
1403636674713555456.000000 1.706050515 6.565639496 6.722577095 0.472952455 -0.022410117 -0.174075916 -0.863430023
1403636674813555456.000000 1.643776655 6.597897530 6.793115616 -0.464538008 0.012655522 0.177334100 0.867523491
1403636674913555456.000000 1.627165198 6.628745079 6.845582008 -0.457689911 -0.001142399 0.183688134 0.869929492
1403636675013555456.000000 1.614604473 6.664669991 6.896580696 -0.453356206 -0.011721955 0.189491317 0.870875299
1403636675113555456.000000 1.630382299 6.691983223 6.921617031 0.452742189 0.021769565 -0.189025804 -0.871102691
1403636675213555456.000000 1.620799422 6.756786823 6.981046200 0.457425743 0.031827971 -0.174013168 -0.871474743
1403636675263555584.000000 1.626173615 6.788569927 7.006686211 0.460020244 0.034907717 -0.167539611 -0.871259630
1403636675363555584.000000 1.637962580 6.835926056 7.054629803 -0.464560926 -0.031513248 0.154162109 0.871449471
1403636675413555456.000000 1.650182605 6.868603706 7.085037231 -0.465228587 -0.025031345 0.146800041 0.872574151
1403636675463555584.000000 1.663721681 6.901926517 7.116466999 -0.463599712 -0.018809227 0.141226664 0.874515057
1403636675563555584.000000 1.695744395 6.968477726 7.182077408 -0.458893806 -0.010653996 0.127204880 0.879273593
1403636675613555456.000000 1.714141965 7.006219864 7.212403774 0.455947846 0.007755556 -0.121162608 -0.881686509
1403636675663555584.000000 1.707191467 7.030801773 7.249328136 -0.452388585 -0.003662591 0.115218349 0.884339273
1403636675713555456.000000 1.719676495 7.062840939 7.287922382 -0.447119325 0.000256856 0.111749902 0.887466192
1403636675813555456.000000 1.744877219 7.121316433 7.367825985 -0.430175513 0.013640434 0.114311919 0.895374656
1403636675913555456.000000 1.745584369 7.161724567 7.450893402 -0.406475037 0.026771693 0.127702340 0.904297173
1403636675963555584.000000 1.756954074 7.186410904 7.491912365 -0.393636793 0.028293297 0.134136096 0.908986926
1403636676013555456.000000 1.764170766 7.209520817 7.531690598 -0.381866783 0.026861597 0.136948258 0.913619995
1403636676063555584.000000 1.766864061 7.230789185 7.571055412 -0.371502489 0.024334755 0.135856465 0.918115914
1403636676113555456.000000 1.784835339 7.265008450 7.610301018 0.362720668 -0.020041691 -0.131477475 -0.922358871
1403636676163555584.000000 1.748600006 7.280471325 7.658845901 -0.355594128 0.014766363 0.119868681 0.926804423
1403636676213555456.000000 1.753545523 7.307764530 7.697276115 -0.348010242 0.008893451 0.108986326 0.931091726
1403636676313555456.000000 1.759496927 7.360817432 7.773004055 -0.331183076 -0.004840279 0.087421797 0.939495564
1403636676413555456.000000 1.772224665 7.404665947 7.847672462 0.313259214 0.012245359 -0.066282757 -0.947272599
1403636676463555584.000000 1.752963305 7.409932613 7.896592617 -0.303223968 -0.013257026 0.058917001 0.951003850
1403636676513555456.000000 1.761544824 7.427268505 7.935279846 -0.291232288 -0.014623987 0.056410383 0.954875827
1403636676563555584.000000 1.771993279 7.442984581 7.975225925 -0.278709054 -0.012250166 0.057709638 0.958561897
1403636676613555456.000000 1.783204317 7.457645893 8.017053604 -0.267494619 -0.010288345 0.059099514 0.961690187
1403636676713555456.000000 1.799492359 7.484111309 8.110861778 -0.250310987 -0.003398033 0.064553738 0.966005027
1403636676813555456.000000 1.839292288 7.514486790 8.189593315 -0.236637801 -0.000286468 0.069642864 0.969098747
1403636676863555584.000000 1.861107588 7.529256821 8.228366852 -0.230092540 0.000393165 0.073405541 0.970396280
1403636676913555456.000000 1.874922514 7.539866447 8.267221451 0.226037025 -0.002836718 -0.074233525 -0.971282005
1403636677013555456.000000 1.909121752 7.567945480 8.342903137 0.221455216 -0.003995406 -0.073393203 -0.972396553
1403636677063555584.000000 1.920814753 7.582640648 8.382345200 0.222244948 -0.003235509 -0.068131052 -0.972602129
1403636677163555584.000000 1.935760021 7.608370304 8.470724106 0.225595698 -0.000825532 -0.057847351 -0.972501755
1403636677213555456.000000 1.922930717 7.602902889 8.538145065 -0.229344293 0.002882529 0.053791653 0.971853614
1403636677263555584.000000 1.925461888 7.615712166 8.583862305 -0.229816556 0.005444499 0.049997829 0.971933603
1403636677363555584.000000 1.925385952 7.633913040 8.674900055 -0.225768372 0.015396532 0.042556494 0.973129272
1403636677463555584.000000 1.939099669 7.656303883 8.750936508 0.215094909 -0.028634962 -0.036137901 -0.975504100
1403636677513555456.000000 1.945602059 7.662655354 8.789770126 0.207780957 -0.033700086 -0.034851376 -0.976973295
1403636677613555456.000000 1.974102139 7.662841320 8.858261108 -0.190365478 0.039013460 0.035521153 0.980294406
1403636677663555584.000000 1.983822107 7.664814949 8.894404411 -0.180380300 0.038407505 0.036006808 0.982187092
1403636677713555456.000000 1.996145844 7.663849354 8.927873611 -0.168979734 0.037711084 0.037301928 0.984191179
1403636677763555584.000000 2.009626627 7.661506176 8.958388329 -0.157529324 0.034395263 0.037761610 0.986192465
1403636677813555456.000000 2.023530960 7.658353329 8.987288475 -0.144132033 0.028962318 0.040587023 0.988301575
1403636677913555456.000000 2.057783842 7.656696320 9.020792007 -0.114239231 0.017526327 0.046311561 0.992218494
1403636678013555456.000000 2.083198547 7.655529022 9.066875458 -0.087675206 0.009187328 0.042621680 0.995194554
1403636678063555584.000000 2.094378710 7.657376766 9.089412689 -0.076399267 0.007944767 0.037501816 0.996340156
1403636678163555584.000000 2.106663942 7.670783997 9.146515846 0.061789345 -0.007794078 -0.021418132 -0.997828960
1403636678213555456.000000 2.117435217 7.670480251 9.163744926 0.056848455 -0.007274323 -0.012453137 -0.998278677
1403636678263555584.000000 2.124433279 7.674054146 9.185166359 0.051377572 -0.006996234 -0.004832157 -0.998643100
1403636678363555584.000000 2.142347574 7.685543537 9.224764824 0.035958659 -0.007485814 0.002821168 -0.999321342
1403636678463555584.000000 2.190678835 7.695880413 9.248357773 -0.019134926 0.002912387 -0.008549391 0.999776185
1403636678513555456.000000 2.204192638 7.700950623 9.267551422 -0.010335837 0.001222476 -0.012106512 0.999872565
1403636678613555456.000000 2.236381292 7.710305214 9.299363136 0.009777606 0.000880036 -0.019730641 0.999757171
1403636678663555584.000000 2.250791073 7.716070175 9.315621376 0.019958813 0.001268451 -0.027261136 0.999428332
1403636678763555584.000000 2.263555288 7.725375175 9.357843399 0.039671108 0.002295134 -0.050602816 0.997928083
1403636678863555584.000000 2.275444746 7.732898235 9.391520500 0.057578001 0.003397202 -0.075543955 0.995472968
1403636678913555456.000000 2.280774593 7.733306885 9.407629967 0.065106645 0.004148072 -0.087090500 0.994061947
1403636678963555584.000000 2.284766197 7.732360363 9.424465179 0.074063405 0.003438450 -0.094596185 0.992750943
1403636679013555456.000000 2.293553591 7.732606411 9.445464134 0.084733523 0.002143815 -0.098434776 0.991527319
1403636679113555456.000000 2.290572643 7.722755909 9.479620934 0.107915632 0.007346667 -0.101420306 0.988945961
1403636679213555456.000000 2.282590389 7.711784363 9.520643234 -0.136587113 -0.011297062 0.093550414 -0.986136258
1403636679263555584.000000 2.280309916 7.698404312 9.533022881 -0.151591152 -0.013907883 0.088993482 -0.984330714
1403636679313555456.000000 2.284649849 7.682255745 9.541309357 -0.165923551 -0.014531665 0.085946754 -0.982278645
1403636679413555456.000000 2.283150673 7.657531261 9.562134743 0.192917123 0.016881030 -0.087919123 0.977122426
1403636679513555456.000000 2.298075438 7.646251678 9.568445206 0.217969045 0.014352897 -0.093869939 0.971324861
1403636679613555456.000000 2.312041998 7.626808167 9.578634262 0.235980704 0.011106521 -0.099518612 0.966584623
1403636679663555584.000000 2.322167397 7.618451595 9.581039429 0.242809981 0.007840546 -0.101959236 0.964668989
1403636679713555456.000000 2.334098339 7.612126827 9.583744049 0.248320848 0.005770331 -0.104804121 0.962974370
1403636679763555584.000000 2.340223312 7.609794617 9.588021278 0.252093107 0.007553471 -0.108996943 0.961515307
1403636679863555584.000000 2.373301268 7.600077629 9.583442688 0.257456183 0.015169001 -0.112725139 0.959572494
1403636679963555584.000000 2.422622204 7.591619968 9.572941780 0.257881761 0.021567859 -0.120493993 0.958390892
1403636680063555584.000000 2.464805841 7.566990376 9.554389000 0.251568735 0.024924090 -0.133187458 0.958307445
1403636680113555456.000000 2.484404802 7.564264774 9.541299820 0.248043641 0.029491961 -0.141908601 0.957844734
1403636680213555456.000000 2.519182444 7.557700157 9.520384789 0.246326700 0.030864915 -0.144090161 0.957918882
1403636680263555584.000000 2.532938004 7.549342155 9.505681038 0.245908737 0.033596590 -0.143225342 0.958064079
1403636680313555456.000000 2.557002544 7.519631863 9.497410774 0.242894739 0.033392482 -0.144915193 0.958585799
1403636680413555456.000000 2.573993683 7.497783661 9.463315010 -0.235091537 -0.029379280 0.156545207 -0.958833992
1403636680513555456.000000 2.570695162 7.478042603 9.423399925 -0.230062440 -0.025534278 0.162098169 -0.959241152
1403636680613555456.000000 2.559003353 7.448455334 9.388605118 0.230358213 0.023171786 -0.155475050 0.960325837
1403636680713555456.000000 2.547254324 7.408868313 9.341506004 0.230263457 0.019225385 -0.149166465 0.961435676
1403636680763555584.000000 2.537968397 7.386007786 9.314638138 0.232291818 0.014958405 -0.140692338 0.962300599
1403636680813555456.000000 2.527667046 7.361753941 9.287864685 0.234871179 0.011086308 -0.131478325 0.963029683
1403636680913555456.000000 2.490074873 7.308166981 9.248458862 0.241664663 0.000762626 -0.109235182 0.964191556
1403636681013555456.000000 2.463345766 7.257472992 9.195909500 0.242434889 -0.016720107 -0.103348546 0.964502394
1403636681063555584.000000 2.447729826 7.232878685 9.170948029 -0.241612568 0.024693251 0.104309171 -0.964434147
1403636681113555456.000000 2.433789968 7.208875179 9.147214890 -0.240279183 0.030209828 0.107254952 -0.964287162
1403636681213555456.000000 2.390570164 7.146489620 9.124538422 0.237972304 -0.024074987 -0.113792248 0.964282632
1403636681313555456.000000 2.374836445 7.093657017 9.080447197 0.237948939 -0.007675703 -0.117148742 0.964156449
1403636681413555456.000000 2.366091013 7.038220406 9.034209251 -0.239676297 -0.003121275 0.114773691 -0.964039743
1403636681463555584.000000 2.336822271 7.006621838 9.030184746 0.241115272 0.006341864 -0.111889020 0.964004219
1403636681513555456.000000 2.332813740 6.976816177 9.006531715 0.242061704 0.007551421 -0.110777862 0.963886619
1403636681563555584.000000 2.327257395 6.947240829 8.984177589 0.242950469 0.007775240 -0.110973559 0.963638723
1403636681613555456.000000 2.322721720 6.918323517 8.961161613 0.242611602 0.008130493 -0.113849252 0.963385642
1403636681663555584.000000 2.311433792 6.890002251 8.941539764 0.242837891 0.008779085 -0.115016349 0.963184297
1403636681763555584.000000 2.285148859 6.841441631 8.898137093 0.243849337 0.011589184 -0.117585599 0.962588668
1403636681863555584.000000 2.276428223 6.784526825 8.847512245 0.245009497 0.009785295 -0.117987648 0.962264776
1403636681913555456.000000 2.271945000 6.754648209 8.823908806 0.245883837 0.010248355 -0.118051663 0.962029099
1403636681963555584.000000 2.267485142 6.723731041 8.800688744 0.247174218 0.009689168 -0.117146201 0.961814880
1403636682013555456.000000 2.268774986 6.696702480 8.759384155 0.248628557 0.010714366 -0.115256190 0.961657465
1403636682113555456.000000 2.251637459 6.647770882 8.715622902 0.251453906 0.010371974 -0.111692332 0.961347103
1403636682213555456.000000 2.247531652 6.588701248 8.655478477 0.252307028 0.006253988 -0.111627474 0.961166680
1403636682263555584.000000 2.242930651 6.559765816 8.627072334 0.252690732 0.002049590 -0.110491671 0.961215317
1403636682313555456.000000 2.236106634 6.531639576 8.599609375 0.252209067 -0.003887371 -0.111276925 0.961245537
1403636682413555456.000000 2.221959114 6.485311508 8.538380623 0.251189947 -0.012955018 -0.112161092 0.961330175
1403636682463555584.000000 2.212541819 6.457260132 8.512317657 0.250837028 -0.011180550 -0.111378796 0.961535573
1403636682513555456.000000 2.203010559 6.429579735 8.487265587 0.249682650 -0.006701142 -0.111942045 0.961812258
1403636682613555456.000000 2.177077532 6.374376297 8.440757751 0.247760132 0.002553634 -0.113445096 0.962153196
1403636682713555456.000000 2.140507936 6.315186024 8.400797844 0.246851400 0.010345672 -0.111944981 0.962510169
1403636682813555456.000000 2.166870832 6.269936085 8.328233719 0.246026829 0.011983326 -0.112040445 0.962691128
1403636682863555584.000000 2.156700373 6.244546890 8.302224159 0.244980201 0.013948714 -0.113227203 0.962792754
1403636682963555584.000000 2.137782574 6.194191456 8.249656677 0.241979048 0.016159864 -0.117490582 0.963006258
1403636683013555456.000000 2.132472754 6.170043468 8.219406128 0.240602538 0.016323188 -0.120616309 0.962962031
1403636683063555584.000000 2.112178326 6.135222912 8.202016830 0.240314305 0.018378049 -0.120673865 0.962989688
1403636683163555584.000000 2.092314243 6.082447529 8.139686584 0.241225615 0.016428052 -0.117828257 0.963149428
1403636683213555456.000000 2.103674173 6.056622505 8.099200249 0.242272615 0.012395544 -0.117773131 0.962953687
1403636683263555584.000000 2.090024471 6.030543327 8.066577911 0.243114769 0.011363354 -0.116699874 0.962884843
1403636683363555584.000000 2.061411142 5.978529930 8.001066208 0.245684758 0.009596240 -0.114076078 0.962566137
1403636683463555584.000000 2.027759075 5.924690247 7.943139076 0.248101160 0.007611725 -0.111864090 0.962223649
1403636683563555584.000000 1.987635612 5.875572205 7.884378433 0.249689996 0.007624369 -0.112099990 0.961785078
1403636683613555456.000000 1.966017365 5.847027779 7.859431744 0.250073671 0.005724432 -0.112558022 0.961645007
1403636683663555584.000000 1.944120407 5.822935104 7.829763412 0.250783473 0.003365369 -0.112568036 0.961470127
1403636683763555584.000000 1.906648874 5.773448944 7.767472744 0.251851916 -0.003522065 -0.110853583 0.961389482
1403636683813555456.000000 1.890400887 5.748589516 7.735249043 0.251983464 -0.006431032 -0.112306714 0.961171269
1403636683863555584.000000 1.874228001 5.732853889 7.701467037 0.253906995 -0.009670132 -0.110052630 0.960898638
1403636683913555456.000000 1.861394525 5.709737778 7.669237137 0.253893375 -0.009552011 -0.112705298 0.960595906
1403636684013555456.000000 1.830756187 5.658424377 7.605142593 0.256123841 -0.005841070 -0.111113831 0.960218847
1403636684113555456.000000 1.821218610 5.607671738 7.541543484 0.257983655 -0.003215914 -0.111899249 0.959641933
1403636684213555456.000000 1.814738035 5.559099197 7.474222660 0.260225385 -0.000865557 -0.111292697 0.959112048
1403636684313555456.000000 1.817581892 5.514930248 7.409744740 0.262513518 0.002115455 -0.111704029 0.958438516
1403636684363555584.000000 1.813698053 5.491143227 7.377188683 0.263488412 0.003997047 -0.111458674 0.958193541
1403636684463555584.000000 1.801450729 5.444415092 7.315940857 0.265121013 0.005222372 -0.110184632 0.957884669
1403636684513555456.000000 1.789012909 5.415663719 7.297322750 0.266532302 0.005267484 -0.107915685 0.957751036
1403636684563555584.000000 1.778906941 5.394243240 7.266936779 0.267468929 0.006263565 -0.106172107 0.957678854
1403636684613555456.000000 1.767071247 5.374127388 7.236578465 0.268586218 0.006405076 -0.104179189 0.957584083
1403636684713555456.000000 1.736316442 5.339501858 7.178832531 0.269974321 0.008528685 -0.102537148 0.957354367
1403636684813555456.000000 1.705767989 5.307832718 7.117839813 0.270091623 0.009685683 -0.103280582 0.957230270
1403636684913555456.000000 1.669694543 5.285737991 7.051700592 0.268857539 0.010559738 -0.106757209 0.957187057
1403636685013555456.000000 1.621460676 5.246008873 7.026357651 0.264787763 0.011144458 -0.114514410 0.957418323
1403636685113555456.000000 1.588877797 5.219587326 6.965393066 0.262078792 0.009732101 -0.118398853 0.957706511
1403636685213555456.000000 1.562072992 5.191495895 6.898052216 0.258796006 0.005511081 -0.121197231 0.958282590
1403636685313555456.000000 1.541782379 5.181276798 6.801233292 0.254476786 0.003487632 -0.126292840 0.958790720
1403636685363555584.000000 1.537143588 5.158839703 6.783139706 0.252886921 0.002100105 -0.126447394 0.959194958
1403636685413555456.000000 1.529320598 5.144231796 6.749591351 0.251853824 0.002131282 -0.125587881 0.959579527
1403636685513555456.000000 1.491468906 5.111987591 6.684954166 0.251126200 0.003117252 -0.121672034 0.960271835
1403636685613555456.000000 1.460958838 5.082842350 6.619608879 0.251105696 0.002413294 -0.117989153 0.960738599
1403636685713555456.000000 1.430135369 5.054499626 6.553373814 0.250057489 0.003800775 -0.118388049 0.960958421
1403636685813555456.000000 1.352291584 5.019769192 6.521122456 0.248561531 0.010868916 -0.121044017 0.960961759
1403636685913555456.000000 1.308673143 4.988479614 6.461827278 0.248696148 0.012254870 -0.121181034 0.960892916
1403636686013555456.000000 1.272845626 4.951019764 6.402977467 0.250820041 0.007158248 -0.116427101 0.960980117
1403636686063555584.000000 1.249028802 4.936715126 6.358845711 0.251896083 0.003460707 -0.112941563 0.961135089
1403636686113555456.000000 1.228827715 4.919754505 6.326162815 0.252761930 0.001697080 -0.111118481 0.961125016
1403636686213555456.000000 1.200456500 4.883916378 6.260935783 0.252770036 0.000885268 -0.110761642 0.961165130
1403636686263555584.000000 1.186483026 4.865086555 6.231457233 0.252810985 -0.000895141 -0.109451242 0.961304486
1403636686313555456.000000 1.175869942 4.847132683 6.199409485 0.252816617 -0.002153489 -0.108746022 0.961381078
1403636686413555456.000000 1.160675764 4.811586380 6.132763863 0.252366483 -0.004860104 -0.109073341 0.961452365
1403636686513555456.000000 1.175731421 4.775426865 6.062414169 0.252235651 -0.009718005 -0.109279402 0.961426497
1403636686563555584.000000 1.163282990 4.759884357 6.030241966 0.252116889 -0.009478464 -0.109857313 0.961394191
1403636686613555456.000000 1.149860978 4.743782997 6.000113487 0.252128631 -0.009548084 -0.111457750 0.961206079
1403636686713555456.000000 1.124770045 4.713261127 5.947154045 0.252565771 -0.009782009 -0.111486688 0.961085677
1403636686813555456.000000 1.107172728 4.675629139 5.888185024 0.252965719 -0.007321557 -0.110879354 0.961072683
1403636686913555456.000000 1.081985950 4.644605160 5.837882519 0.254838020 -0.003300639 -0.108891256 0.960827529
1403636687013555456.000000 1.063446879 4.614769936 5.786924362 0.256250083 -0.001229554 -0.107381724 0.960626662
1403636687063555584.000000 1.047727942 4.596050262 5.761046886 0.256210715 -0.002945771 -0.105759770 0.960813403
1403636687113555456.000000 1.041203737 4.580737114 5.733810425 0.256623715 -0.001238620 -0.106075823 0.960672021
1403636687213555456.000000 1.030325770 4.551129341 5.683153152 0.257075489 0.001314979 -0.105520479 0.960612297
1403636687313555456.000000 1.019655347 4.517410278 5.637916088 0.257192075 0.001216231 -0.104984313 0.960639954
1403636687413555456.000000 1.004465103 4.491889477 5.594160080 0.257614106 0.005494016 -0.106878169 0.960303068
1403636687513555456.000000 0.970341980 4.472708702 5.540074348 0.258039623 0.006448509 -0.105867282 0.960294843
1403636687563555584.000000 0.958429098 4.461140156 5.519088268 0.258901507 0.006153908 -0.104860656 0.960175216
1403636687613555456.000000 0.944739997 4.449624062 5.499247551 0.259706110 0.007162447 -0.103890069 0.960056424
1403636687713555456.000000 0.910880446 4.431396008 5.460505486 0.261885732 0.008683248 -0.100902088 0.959770441
1403636687813555456.000000 0.870144308 4.410048485 5.414628029 0.261744529 0.007468665 -0.102989569 0.959597409
1403636687913555456.000000 0.822102189 4.391130447 5.381129265 0.261186808 0.007087227 -0.104920790 0.959543049
1403636688013555456.000000 0.773095071 4.372354507 5.350634575 0.259593576 0.007765053 -0.108480819 0.959574282
1403636688113555456.000000 0.726055324 4.362534523 5.300867081 0.257544786 0.009367081 -0.113853104 0.959489703
1403636688163555584.000000 0.700448096 4.353684425 5.285295963 0.257299334 0.009254282 -0.115059428 0.959412754
1403636688213555456.000000 0.677375138 4.344758987 5.268909931 0.257282227 0.009130434 -0.115153782 0.959407151
1403636688313555456.000000 0.640060663 4.328337193 5.231228828 0.258954495 0.008042703 -0.111255176 0.959427059
1403636688413555456.000000 0.606293440 4.313690662 5.180607796 0.259830475 0.005286860 -0.109528579 0.959408045
1403636688463555584.000000 0.586675763 4.304193497 5.162799835 0.258795172 0.006216292 -0.111227773 0.959486783
1403636688513555456.000000 0.566017330 4.294803143 5.146523476 0.257929325 0.006218753 -0.113952324 0.959400177
1403636688613555456.000000 0.525897324 4.279350281 5.106297970 0.254280120 0.006361911 -0.123595536 0.959179521
1403636688713555456.000000 0.528386474 4.236872673 5.074250221 0.251953453 0.003695019 -0.130559906 0.958884776
1403636688813555456.000000 0.474138826 4.213827133 5.038578987 0.253783286 0.003532239 -0.130074993 0.958468676
1403636688913555456.000000 0.420642346 4.182727337 5.012840748 0.259449869 0.000538545 -0.130172759 0.956943393
1403636689013555456.000000 0.396407068 4.151235580 4.961249352 0.266536146 -0.005484065 -0.127919883 0.955282629
1403636689113555456.000000 0.364120841 4.120842934 4.916023254 0.274640590 -0.008849108 -0.125347883 0.953300655
1403636689163555584.000000 0.351706982 4.105291367 4.892203331 0.278223306 -0.011533178 -0.124481335 0.952346146
1403636689213555456.000000 0.342737854 4.089451313 4.867910862 0.281020939 -0.013567921 -0.125056729 0.951422095
1403636689313555456.000000 0.321864128 4.059455872 4.823635101 0.286249816 -0.015398605 -0.124614581 0.949892223
1403636689363555584.000000 0.318509579 4.041501522 4.800544262 0.288148761 -0.015262248 -0.124792553 0.949296713
1403636689413555456.000000 0.316873431 4.022881508 4.778129578 0.289639235 -0.015057932 -0.125814438 0.948711336
1403636689513555456.000000 0.320268363 3.992143154 4.735261917 0.292670816 -0.015725130 -0.126488626 0.947679937
1403636689613555456.000000 0.330668092 3.958742142 4.687421799 0.294253975 -0.020373713 -0.126020581 0.947163343
1403636689713555456.000000 0.337348521 3.910402298 4.652254105 0.295078903 -0.028002610 -0.122287616 0.947201192
1403636689813555456.000000 0.346369207 3.876112938 4.618076801 0.296926975 -0.037306577 -0.113964394 0.947340906
1403636689863555584.000000 0.351059198 3.858373642 4.604099274 0.297515690 -0.037904933 -0.110089809 0.947590590
1403636689913555456.000000 0.356104970 3.841452360 4.591726303 0.299309701 -0.038014151 -0.103210494 0.947795510
1403636690013555456.000000 0.367735982 3.810136080 4.576612473 0.299612015 -0.035951965 -0.096963271 0.948439896
1403636690113555456.000000 0.376506209 3.779221058 4.570917130 0.296125054 -0.035587344 -0.103667200 0.948839664
1403636690163555584.000000 0.378828049 3.763408661 4.571412086 0.293280870 -0.034338679 -0.109556638 0.949107230
1403636690213555456.000000 0.392371356 3.750543594 4.564884186 0.290540487 -0.034773499 -0.114337616 0.949370325
1403636690313555456.000000 0.408840179 3.718286037 4.572412014 0.287815213 -0.032625340 -0.120547801 0.949508429
1403636690413555456.000000 0.426644206 3.690472603 4.583277225 0.286452115 -0.030259337 -0.121991038 0.949814618
1403636690513555456.000000 0.446709931 3.662285805 4.597023487 0.288655937 -0.027482241 -0.115221925 0.950077057
1403636690563555584.000000 0.459435821 3.645339489 4.606381893 0.289769590 -0.027069438 -0.111795828 0.950159252
1403636690613555456.000000 0.471333295 3.629054070 4.616949558 0.291664183 -0.029025482 -0.105774187 0.950211287
1403636690713555456.000000 0.493954986 3.599892139 4.643456459 0.296865672 -0.028843500 -0.090941004 0.950141370
1403636690813555456.000000 0.504646897 3.572811604 4.680761337 0.302797467 -0.028122993 -0.072950974 0.949842572
1403636690913555456.000000 0.493142039 3.558185816 4.729618549 0.307596296 -0.017082548 -0.060863167 0.949414790
1403636690963555584.000000 0.493704379 3.553681850 4.755307198 0.309517264 -0.010361712 -0.054860223 0.949253440
1403636691013555456.000000 0.497485071 3.552640915 4.781477451 0.311516762 -0.001306347 -0.050003871 0.948923171
1403636691063555584.000000 0.501122475 3.555449963 4.807020664 0.312977433 0.007383145 -0.047112845 0.948562622
1403636691113555456.000000 0.508064508 3.562681675 4.833152294 0.313798428 0.013430766 -0.047120336 0.948224604
1403636691163555584.000000 0.513038218 3.575808048 4.858516216 0.314212352 0.022593150 -0.050565552 0.947735906
1403636691263555584.000000 0.542314649 3.610058784 4.904787064 0.308695704 0.036184199 -0.069603942 0.947920382
1403636691313555456.000000 0.549449325 3.634718180 4.922663212 0.305734396 0.041296341 -0.080340207 0.947822034
1403636691363555584.000000 0.562570810 3.661267757 4.940027237 0.303306431 0.041264210 -0.089826681 0.947751880
1403636691413555456.000000 0.577844977 3.689694405 4.955448151 0.302433938 0.035007611 -0.096288130 0.947648048
1403636691463555584.000000 0.594052374 3.719157696 4.969323158 0.301735222 0.026370240 -0.101575464 0.947598517
1403636691513555456.000000 0.612185299 3.749933720 4.978601456 0.302204043 0.018568045 -0.103774577 0.947395802
1403636691613555456.000000 0.658919334 3.818519831 4.996716499 0.303110451 0.007902615 -0.109572873 0.946602046
1403636691663555584.000000 0.682579637 3.853552580 5.005440712 0.301658422 0.005938640 -0.116118059 0.946299970
1403636691713555456.000000 0.698820591 3.883014441 5.016300201 0.299276501 0.004870361 -0.123312399 0.946152210
1403636691763555584.000000 0.720631003 3.918054819 5.024111748 0.297968000 0.005401748 -0.128864333 0.945822299
1403636691813555456.000000 0.740471065 3.953444481 5.031780243 0.297844142 0.004451777 -0.130441561 0.945650101
1403636691863555584.000000 0.758236468 3.988667488 5.039003849 0.298557699 0.003124242 -0.129541293 0.945554137
1403636691913555456.000000 0.778387070 4.022853851 5.046612263 0.299348831 0.002789131 -0.126956657 0.945655644
1403636691963555584.000000 0.786063313 4.054634094 5.057408333 0.300880343 0.006186455 -0.123097360 0.945663750
1403636692063555584.000000 0.819389939 4.127792358 5.069152355 0.303505510 0.008610982 -0.116472140 0.945645034
1403636692163555584.000000 0.855224490 4.199936390 5.075349331 0.300336063 0.009824457 -0.123158462 0.945797980
1403636692213555456.000000 0.868598819 4.233475685 5.081088543 0.298828661 0.009024390 -0.126860976 0.945794046
1403636692263555584.000000 0.884937644 4.267816544 5.083826542 0.297757685 0.007934730 -0.128459975 0.945925713
1403636692363555584.000000 0.924644172 4.337190628 5.085046768 0.298349082 0.005314247 -0.125360623 0.946173489
1403636692463555584.000000 0.982516408 4.401321411 5.089619637 0.296606541 0.003651413 -0.127255574 0.946476221
1403636692563555584.000000 1.032246113 4.468089104 5.083672523 0.293612540 0.004756408 -0.131083950 0.946882308
1403636692663555584.000000 1.093703032 4.531897068 5.071602821 0.293071061 0.003597522 -0.129648879 0.947252691
1403636692763555584.000000 1.150774121 4.594491005 5.060445786 0.287870884 0.000534091 -0.139119565 0.947510302
1403636692813555456.000000 1.177746058 4.622077942 5.056225777 0.283517271 -0.001012012 -0.148670554 0.947372198
1403636692863555584.000000 1.212161422 4.658576012 5.038460255 0.280510277 -0.002623647 -0.155741796 0.947128117
1403636692963555584.000000 1.256480932 4.709778309 5.029402733 -0.278692275 0.003981063 0.160057172 -0.946940601
1403636693063555584.000000 1.296476841 4.754390717 5.013510227 0.281126201 -0.007424084 -0.154083550 0.947191238
1403636693163555584.000000 1.324206114 4.787427425 5.006345272 0.284802437 -0.004873706 -0.146677345 0.947285414
1403636693263555584.000000 1.356580138 4.826217651 4.990943432 0.287136257 -0.011850678 -0.143799827 0.946960449
1403636693313555456.000000 1.361993194 4.840031147 4.988665104 0.288476080 -0.016697809 -0.140897155 0.946916461
1403636693363555584.000000 1.369633436 4.852514267 4.985700130 0.289586365 -0.021364648 -0.138578698 0.946825922
1403636693463555584.000000 1.372089624 4.883992672 4.992816925 0.292307019 -0.030276461 -0.136014700 0.946118414
1403636693563555584.000000 1.385880709 4.898669720 4.994263172 0.291877806 -0.042837519 -0.135022089 0.945907712
1403636693663555584.000000 1.402074337 4.903161526 5.003072739 -0.290880740 0.052842222 0.136829093 -0.945449054
1403636693713555456.000000 1.414219022 4.909875870 5.005437851 -0.291480660 0.050321128 0.136794418 -0.945406854
1403636693763555584.000000 1.424322844 4.912171364 5.012610435 -0.292600751 0.044581193 0.136054307 -0.945455730
1403636693813555456.000000 1.433287144 4.917288780 5.020960331 -0.293287158 0.038747568 0.135635033 -0.945560396
1403636693913555456.000000 1.450309753 4.921000004 5.045563698 0.296339065 -0.023669453 -0.130695239 0.945802152
1403636694013555456.000000 1.479397058 4.929283142 5.074316978 0.299615711 -0.009864956 -0.126738816 0.945553005
1403636694113555456.000000 1.486709118 4.931337357 5.104025841 0.301419139 -0.000824238 -0.124749392 0.945295453
1403636694163555584.000000 1.491368890 4.933144093 5.117685795 0.302028149 0.002073112 -0.124035209 0.945193112
1403636694213555456.000000 1.497237086 4.933906078 5.131361485 0.302459240 0.003724543 -0.123526551 0.945116758
1403636694313555456.000000 1.518038392 4.931914330 5.154611111 0.302511811 0.001701298 -0.124610387 0.944963515
1403636694363555584.000000 1.528011560 4.932760715 5.163308144 0.302494496 -0.000870445 -0.123701394 0.945089638
1403636694413555456.000000 1.537574887 4.933192253 5.172108650 0.302285343 -0.003959521 -0.124851249 0.944997370
1403636694513555456.000000 1.553887844 4.929305077 5.199786186 0.300799042 -0.008197721 -0.127560243 0.945082605
1403636694613555456.000000 1.563445926 4.927355766 5.222345352 0.299810797 -0.008799136 -0.127945021 0.945339203
1403636694663555584.000000 1.566980720 4.927308083 5.231677055 0.299139440 -0.008730459 -0.128163934 0.945522845
1403636694713555456.000000 1.569256544 4.927371502 5.242868423 0.298767656 -0.007284675 -0.128389135 0.945622146
1403636694813555456.000000 1.579867601 4.939564705 5.262957096 0.299574733 -0.004954503 -0.126610234 0.945621669
1403636694913555456.000000 1.578520298 4.942478180 5.285559654 0.302355140 -0.008355450 -0.115517676 0.946132839
1403636695013555456.000000 1.587985635 4.933903694 5.300445557 0.302642018 -0.012342262 -0.108843304 0.946788609
1403636695113555456.000000 1.582446575 4.946789742 5.334682465 0.299871773 -0.012175481 -0.112921506 0.947194517
1403636695163555584.000000 1.583053350 4.951491833 5.350303173 0.298611104 -0.011996707 -0.114634626 0.947389305
1403636695213555456.000000 1.586869121 4.955672264 5.363986492 0.296675354 -0.010648989 -0.117359452 0.947679877
1403636695313555456.000000 1.589899063 4.961418152 5.394630909 0.293329835 -0.006317819 -0.121949568 0.948180437
1403636695413555456.000000 1.604400039 4.971971035 5.414958477 0.291561544 -0.004501301 -0.122505061 0.948664427
1403636695513555456.000000 1.622289896 4.981884956 5.422835350 0.289004236 -0.002236983 -0.126164690 0.948975265
1403636695563555584.000000 1.631950617 4.987180233 5.431001186 0.288124442 -0.000989071 -0.127043352 0.949127674
1403636695613555456.000000 1.639791965 4.992026806 5.438740253 0.286870062 0.000141557 -0.128860608 0.949263215
1403636695663555584.000000 1.640318036 4.990481853 5.472154140 0.285433531 0.002486351 -0.131450370 0.949337900
1403636695763555584.000000 1.647247910 4.998558998 5.495437145 0.285800517 0.001811794 -0.127627894 0.949750483
1403636695863555584.000000 1.663758397 5.007312298 5.492050171 0.285329551 -0.000165843 -0.125212118 0.950215220
1403636695913555456.000000 1.662369370 5.008875370 5.510571480 0.284543604 -0.001374127 -0.127071291 0.950203121
1403636695963555584.000000 1.662030578 5.010914326 5.522096634 0.284554482 -0.003825290 -0.126344219 0.950290143
1403636696063555584.000000 1.660748839 5.015738487 5.542477608 0.283522487 -0.010620099 -0.126534626 0.950521529
1403636696163555584.000000 1.650463343 5.015137672 5.558686256 0.279679120 -0.014255774 -0.130837396 0.951029956
1403636696213555456.000000 1.646158218 5.015951633 5.569046974 0.278365910 -0.015090303 -0.133219689 0.951071680
1403636696313555456.000000 1.640643120 5.013969898 5.590859413 0.278316915 -0.009464889 -0.132773295 0.951220989
1403636696363555584.000000 1.644808769 5.023763180 5.589778423 0.279450387 -0.003099403 -0.130354613 0.951265275
1403636696413555456.000000 1.644057035 5.023349762 5.597550392 0.281249374 0.004773662 -0.125670284 0.951358497
1403636696463555584.000000 1.642400384 5.022318840 5.605819702 0.282914102 0.008944800 -0.120678969 0.951481104
1403636696513555456.000000 1.637915850 5.017706394 5.616061211 0.282740802 0.010733514 -0.119790867 0.951626301
1403636696563555584.000000 1.636570215 5.016539097 5.622087479 0.282615751 0.009421172 -0.118504547 0.951838374
1403636696613555456.000000 1.632734418 5.013053894 5.627203465 0.282399684 0.008723024 -0.118471324 0.951913357
1403636696713555456.000000 1.638707757 5.005560398 5.628656387 0.282257736 0.006530567 -0.116350971 0.952234447
1403636696813555456.000000 1.629190564 5.005489349 5.635449409 0.281300873 0.005446336 -0.117705539 0.952357948
1403636696913555456.000000 1.616536617 5.019619465 5.632966042 0.280856222 0.005610900 -0.121301278 0.952036917
1403636696963555584.000000 1.608583093 5.018587112 5.635202408 0.278528512 0.007666034 -0.126612529 0.952014923
1403636697013555456.000000 1.601393223 5.015951633 5.636968613 0.275805414 0.009482087 -0.133034423 0.951915622
1403636697063555584.000000 1.596273184 5.012605667 5.637192726 0.273250163 0.011405066 -0.138869643 0.951798081
1403636697113555456.000000 1.591453314 5.010831833 5.634737968 0.270196676 0.012869597 -0.146002740 0.951583624
1403636697163555584.000000 1.588939309 5.008323669 5.630595207 0.267926246 0.014414200 -0.151088893 0.951409400
1403636697263555584.000000 1.585939765 5.007096767 5.615598202 0.266346067 0.016811734 -0.155208156 0.951150656
1403636697363555584.000000 1.588173866 4.990211964 5.587591648 0.268384308 0.010578153 -0.147811919 0.951845407
1403636697463555584.000000 1.601730466 4.968398094 5.551369667 0.272058100 0.000441265 -0.137037724 0.952473044
1403636697563555584.000000 1.625950575 4.941081524 5.504255295 0.270769477 -0.005984622 -0.131130844 0.953652382
1403636697663555584.000000 1.630993843 4.925920963 5.481661320 0.261665314 -0.004529140 -0.129583776 0.956409395
1403636697713555456.000000 1.636122704 4.914945602 5.464863777 0.253927916 -0.004747008 -0.126234666 0.958938420
1403636697763555584.000000 1.615186691 4.911504269 5.459536076 0.244664341 -0.004178065 -0.122693539 0.961804688
1403636697863555584.000000 1.614802718 4.884862423 5.426684856 0.224719480 -0.003036421 -0.114678256 0.967647076
1403636697963555584.000000 1.641012073 4.849502087 5.375523567 -0.208079070 0.004925719 0.106232002 -0.972313583
1403636698063555584.000000 1.626571298 4.821640491 5.348857403 -0.196100116 0.004946712 0.100255691 -0.975432754
1403636698113555456.000000 1.617798328 4.803946972 5.335944176 -0.191699296 0.005581048 0.097135179 -0.976619184
1403636698163555584.000000 1.610197783 4.786011219 5.323246956 -0.188087776 0.005618602 0.094514810 -0.977577865
1403636698213555456.000000 1.600546598 4.769084930 5.311614513 -0.184475794 0.004878511 0.092422001 -0.978469789
1403636698313555456.000000 1.572057247 4.744989395 5.273838043 0.173610821 -0.003527237 -0.087732762 0.980892360
1403636698363555584.000000 1.558984876 4.727535725 5.261711597 0.166126415 -0.002588195 -0.085258558 0.982408464
1403636698413555456.000000 1.545960426 4.710056305 5.248987198 0.157438189 -0.003040647 -0.082684852 0.984056532
1403636698463555584.000000 1.532014489 4.691971302 5.236613274 0.148215503 -0.004000419 -0.079233713 0.985767901
1403636698563555584.000000 1.527341723 4.644785404 5.201904774 -0.126675278 0.006717727 0.070774734 -0.989393353
1403636698613555456.000000 1.518471599 4.624481678 5.188908100 -0.114948131 0.007070430 0.066871211 -0.991092920
1403636698663555584.000000 1.509949803 4.612458706 5.161611557 0.104025871 -0.007954929 -0.060805388 0.992682278
1403636698763555584.000000 1.477772713 4.571586132 5.144412994 0.078446783 -0.008826145 -0.049855139 0.995631874
1403636698863555584.000000 1.445459127 4.533613682 5.133729458 -0.051783130 0.009387759 0.036858950 -0.997933745
1403636698963555584.000000 1.400377989 4.495715618 5.126254082 -0.025013922 0.008728431 0.023933584 -0.999362469
1403636699013555456.000000 1.377622962 4.476348877 5.120015144 -0.012209188 0.007953356 0.018124476 -0.999729574
1403636699113555456.000000 1.344852924 4.436766148 5.106301308 0.013642112 0.005718600 0.005466619 -0.999875724
1403636699163555584.000000 1.380254030 4.404282570 5.061202526 -0.026228733 -0.007038571 0.005425396 0.999616563
1403636699263555584.000000 1.355258822 4.367247581 5.044363022 -0.053099714 -0.005635863 0.022044377 0.998329937
1403636699363555584.000000 1.352850437 4.332140923 5.019289970 -0.079985537 -0.007385583 0.038684901 0.996017694
1403636699413555456.000000 1.348079681 4.316573620 5.007611275 -0.093048654 -0.007705279 0.045127109 0.994608581
1403636699463555584.000000 1.343651772 4.303692341 4.993170261 -0.104677327 -0.006829379 0.053908505 0.993020654
1403636699563555584.000000 1.348822474 4.279399872 4.962673664 -0.129052520 -0.006921800 0.067576081 0.989308357
1403636699663555584.000000 1.327548862 4.261633873 4.965378284 -0.153350443 -0.006276567 0.078568891 0.985023499
1403636699713555456.000000 1.315390468 4.256821156 4.956794262 -0.165239558 -0.003048819 0.083508320 0.982706964
1403636699763555584.000000 1.302977443 4.253678322 4.950622559 -0.177070603 -0.001966235 0.084476911 0.980563998
1403636699863555584.000000 1.273316383 4.247627258 4.961777210 0.197588876 0.000700351 -0.080430232 -0.976979673
1403636699913555456.000000 1.263665199 4.247103691 4.957372665 0.204246536 -0.004059204 -0.081542708 -0.975508988
1403636699963555584.000000 1.251080036 4.246914387 4.954946518 0.208705470 -0.006550951 -0.082926005 -0.974434435
1403636700063555584.000000 1.228210926 4.245650291 4.944451809 0.214149714 -0.008778885 -0.084751263 -0.973077714
1403636700163555584.000000 1.244877219 4.251564503 4.913509846 -0.215794012 0.006117560 0.085335545 0.972683609
1403636700263555584.000000 1.222794056 4.254787445 4.899629116 -0.216702819 0.006136484 0.086770393 0.972354472
1403636700363555584.000000 1.196229935 4.263844490 4.886945248 -0.220213264 0.002620559 0.092671521 0.971036255
1403636700413555456.000000 1.159712076 4.256564617 4.897621155 0.224826053 -0.003717626 -0.095926434 -0.969658554
1403636700463555584.000000 1.141639233 4.264619350 4.894282818 0.230135426 -0.005100693 -0.096676849 -0.968331218
1403636700563555584.000000 1.100752354 4.284445763 4.889744282 0.240231395 -0.010138663 -0.095044956 -0.965998232
1403636700663555584.000000 1.067282438 4.313805103 4.880597115 -0.253564566 0.012426345 0.092394948 0.962815583
1403636700763555584.000000 1.017797470 4.338211536 4.872159004 -0.266416848 0.015405386 0.092465647 0.959288776
1403636700813555456.000000 0.997289062 4.351043224 4.866305828 -0.271024346 0.014539031 0.092968583 0.957962096
1403636700863555584.000000 0.981194377 4.362623692 4.858251572 -0.274361074 0.011610449 0.094536267 0.956898212
1403636700963555584.000000 0.919118583 4.375688553 4.861715317 -0.279606700 0.007820831 0.095513195 0.955320001
1403636701013555456.000000 0.905936241 4.387161732 4.854255676 -0.280373871 0.004641700 0.097409070 0.954924345
1403636701063555584.000000 0.897242308 4.399939060 4.845388412 -0.280439079 -0.000603473 0.098841839 0.954769015
1403636701163555584.000000 0.901696801 4.428143024 4.819798946 -0.279206306 -0.008606414 0.100055419 0.954965353
1403636701213555456.000000 0.889755130 4.435751915 4.790914059 -0.278921604 -0.008424114 0.098174989 0.955245316
1403636701263555584.000000 0.886901975 4.446411133 4.781002045 -0.277732551 -0.009557552 0.098386534 0.955559254
1403636701313555456.000000 0.885987282 4.457437038 4.771132469 -0.276546299 -0.011264260 0.097670354 0.955958068
1403636701363555584.000000 0.890401483 4.471843243 4.762896061 -0.275233418 -0.010849290 0.097990453 0.956308961
1403636701413555456.000000 0.884147346 4.478241444 4.750640869 0.274437457 0.008399499 -0.094797999 -0.956883967
1403636701463555584.000000 0.885231197 4.489409447 4.741350651 0.273061574 0.005604033 -0.093080625 -0.957466483
1403636701513555456.000000 0.886981964 4.500949383 4.732314587 0.272280008 0.001260321 -0.090634599 -0.957939148
1403636701613555456.000000 0.895421147 4.525300503 4.713284969 0.269963682 -0.004502573 -0.086698763 -0.958948791
1403636701663555584.000000 0.879565418 4.540080070 4.739193916 0.268894523 -0.007020753 -0.083314002 -0.959533930
1403636701713555456.000000 0.907955348 4.579183102 4.737003803 -0.268236697 0.008750987 0.084253766 0.959621727
1403636701813555456.000000 0.919028521 4.614112854 4.729179382 -0.271712989 0.008600614 0.087739214 0.958331883
1403636701863555584.000000 0.923669577 4.632881165 4.724190235 -0.276792198 0.007498980 0.089560486 0.956717789
1403636701963555584.000000 0.918986857 4.646284580 4.700522900 0.290175050 -0.008244723 -0.095937744 -0.952116847
1403636702063555584.000000 0.891748428 4.686902523 4.716877937 -0.307265282 0.009960706 0.103565671 0.945919156
1403636702163555584.000000 0.877228916 4.720011711 4.708700180 -0.327615261 0.012610091 0.113222152 0.937917948
1403636702213555456.000000 0.866116762 4.739340782 4.706440926 -0.337022215 0.012489296 0.117074095 0.934105873
1403636702263555584.000000 0.854853749 4.756466866 4.702932835 -0.345080972 0.011560236 0.120366357 0.930751026
1403636702363555584.000000 0.818753302 4.784521580 4.703383446 -0.358626753 0.006551631 0.123800755 0.925212026
1403636702463555584.000000 0.782748759 4.822264194 4.702545166 -0.368737638 0.001152684 0.125305414 0.921048224
1403636702563555584.000000 0.749144137 4.859234810 4.704406738 -0.375022769 -0.002012884 0.125606239 0.918464482
1403636702613555456.000000 0.728897452 4.857153893 4.681848526 0.377753645 0.003354156 -0.125130489 -0.917405784
1403636702663555584.000000 0.699930251 4.884932995 4.707949638 -0.379699886 -0.005291201 0.125528857 0.916538298
1403636702763555584.000000 0.660446286 4.920909882 4.718827248 -0.380894780 -0.007833752 0.126513600 0.915888727
1403636702813555456.000000 0.639462054 4.939463615 4.727257729 -0.381292641 -0.010505690 0.125844970 0.915788531
1403636702863555584.000000 0.618679047 4.958174706 4.737138748 -0.381253898 -0.011977300 0.125937283 0.915773928
1403636702963555584.000000 0.562953770 4.994668007 4.758708954 -0.380309463 -0.012928277 0.126500681 0.916076005
1403636703013555456.000000 0.548191726 5.011755943 4.768137932 -0.379324943 -0.010315556 0.128077507 0.916298211
1403636703063555584.000000 0.535312533 5.029459000 4.778214455 -0.378685862 -0.007524989 0.128358647 0.916550338
1403636703163555584.000000 0.518694878 5.062732220 4.799281120 0.376108438 -0.005565913 -0.132421687 -0.917047441
1403636703263555584.000000 0.507743299 5.100762367 4.823103428 0.372027159 -0.017117757 -0.140550062 -0.917359591
1403636703363555584.000000 0.503786743 5.141508579 4.844590664 0.369916558 -0.023929328 -0.143943042 -0.917534530
1403636703463555584.000000 0.505396068 5.174239159 4.822823524 -0.372515559 0.020320348 0.135709956 0.917824686
1403636703513555456.000000 0.504425943 5.198249340 4.828790665 -0.374348938 0.015989907 0.130025640 0.917987287
1403636703563555584.000000 0.505592048 5.221376896 4.833987236 -0.375769377 0.012645682 0.125692725 0.918062508
1403636703663555584.000000 0.507735133 5.267482281 4.845927238 -0.376082182 0.007064147 0.122874618 0.918375850
1403636703763555584.000000 0.531748533 5.299883366 4.832664490 -0.374704987 0.006228891 0.121882766 0.919076741
1403636703863555584.000000 0.527444065 5.342455864 4.846615791 -0.372435689 0.012119534 0.125098303 0.919508159
1403636703963555584.000000 0.532056868 5.376804829 4.842849255 -0.370169699 0.015474204 0.127557725 0.920034826
1403636704063555584.000000 0.544589162 5.417810917 4.847622871 -0.367136031 0.016505647 0.130418926 0.920830965
1403636704163555584.000000 0.532324016 5.459682941 4.854828835 -0.365300179 0.012780199 0.130259231 0.921642542
1403636704263555584.000000 0.517789781 5.499284744 4.860138893 -0.364477545 0.004848246 0.128869519 0.922239304
1403636704313555456.000000 0.467733622 5.546136379 4.901479244 -0.364414454 0.003372110 0.126851931 0.922550440
1403636704363555584.000000 0.455276608 5.568930626 4.910216331 -0.364869058 0.001288460 0.125065774 0.922619939
1403636704463555584.000000 0.448327482 5.607555389 4.919856548 -0.364863008 -0.002865495 0.123363219 0.922847986
1403636704563555584.000000 0.460816979 5.661045551 4.928628922 -0.364364862 -0.009931738 0.122875273 0.923060894
1403636704613555456.000000 0.457827270 5.684311867 4.934728622 -0.364127457 -0.011099794 0.122471943 0.923194885
1403636704663555584.000000 0.456445992 5.707141399 4.941322327 -0.364072949 -0.012564938 0.122282572 0.923222661
1403636704763555584.000000 0.454549551 5.756214142 4.955908298 -0.362962395 -0.019510852 0.122898422 0.923457444
1403636704863555584.000000 0.485321343 5.800191402 4.969461441 -0.360927492 -0.028541651 0.126007810 0.923601031
1403636704963555584.000000 0.470655978 5.852250099 5.005573750 -0.359578967 -0.032692716 0.126574799 0.923911810
1403636705013555456.000000 0.467258751 5.878819466 5.023087025 -0.359160811 -0.034844104 0.126073480 0.924064398
1403636705063555584.000000 0.465157807 5.906582832 5.043057442 -0.359307349 -0.035899609 0.124363169 0.924198747
1403636705113555456.000000 0.426445723 5.946577072 5.080380440 0.359185457 0.031520877 -0.122245647 -0.924688280
1403636705163555584.000000 0.471259892 5.975821972 5.095676899 -0.359995991 -0.024529381 0.118621737 0.925056815
1403636705213555456.000000 0.468503714 6.007255554 5.121629715 -0.361087471 -0.016202010 0.114035532 0.925391436
1403636705313555456.000000 0.471770287 6.068569183 5.171287537 -0.362248540 -0.005201990 0.108225934 0.925762475
1403636705363555584.000000 0.476524830 6.098912239 5.196390629 -0.362216502 -0.002210208 0.107432880 0.925879300
1403636705413555456.000000 0.464897037 6.127531052 5.231615067 0.362223655 0.003164104 -0.107651211 -0.925848424
1403636705463555584.000000 0.493093491 6.162531853 5.258316994 -0.361834973 -0.005705317 0.109588534 0.925760984
1403636705513555456.000000 0.497737229 6.191776752 5.286270142 -0.361604840 -0.009169718 0.111400254 0.925606787
1403636705563555584.000000 0.502798438 6.220705509 5.315535545 -0.361368150 -0.012596080 0.112223685 0.925559461
1403636705613555456.000000 0.506657898 6.249813080 5.345445633 -0.361108184 -0.013717326 0.113539264 0.925484478
1403636705713555456.000000 0.513774514 6.305056572 5.407966614 0.361539721 0.011908679 -0.115293659 -0.925124168
1403636705763555584.000000 0.518682539 6.334731579 5.440547943 0.361734837 0.009025718 -0.115315206 -0.925077796
1403636705813555456.000000 0.524526119 6.364692688 5.473520279 0.361192703 0.005056943 -0.116215795 -0.925207078
1403636705863555584.000000 0.531891942 6.394823074 5.506509781 0.360772133 0.000229122 -0.116567701 -0.925340772
1403636705913555456.000000 0.538702726 6.437256336 5.548095226 -0.358871490 0.005033331 0.120514885 0.925560474
1403636705963555584.000000 0.549611747 6.467300892 5.580351830 -0.357259929 0.010215328 0.123614974 0.925732374
1403636706013555456.000000 0.562264144 6.497196674 5.611624718 -0.354508489 0.015628453 0.128794208 0.926008403
1403636706063555584.000000 0.576711237 6.526684284 5.640876770 -0.351536423 0.019920256 0.134356186 0.926268756
1403636706163555584.000000 0.609479606 6.589074612 5.694444656 0.350209683 -0.024308128 -0.133728132 -0.926757395
1403636706263555584.000000 0.608837605 6.659235001 5.767393112 -0.352620423 0.021079924 0.123256400 0.927373946
1403636706313555456.000000 0.616097569 6.692165375 5.793497086 -0.354237258 0.016656425 0.116991222 0.927659273
1403636706363555584.000000 0.621157050 6.724616528 5.820455551 -0.355104655 0.012203685 0.112980224 0.927893996
1403636706413555456.000000 0.625074029 6.756309509 5.846945763 -0.355931073 0.008357299 0.109398939 0.928049147
1403636706463555584.000000 0.627686441 6.787803650 5.875008583 -0.356257737 0.004529804 0.107256033 0.928200483
1403636706563555584.000000 0.629572153 6.846058846 5.936487675 -0.356990010 -0.000176965 0.105187126 0.928166926
1403636706663555584.000000 0.650975227 6.904341698 5.990378857 -0.356877536 -0.004312281 0.105641291 0.928148568
1403636706713555456.000000 0.663471103 6.933857918 6.018052101 -0.356756032 -0.006882987 0.106584482 0.928071976
1403636706763555584.000000 0.674554348 6.963089943 6.048480034 -0.356261224 -0.009004416 0.109678097 0.927883387
1403636706813555456.000000 0.699622333 6.987499714 6.070484161 0.357774049 0.011381375 -0.108445451 -0.927420020
1403636706913555456.000000 0.716067314 7.044398308 6.135164261 0.358228862 0.013384444 -0.111967213 -0.926798999
1403636706963555584.000000 0.729664683 7.072965622 6.166322708 0.359421432 0.013354752 -0.112162083 -0.926313996
1403636707013555456.000000 0.744103849 7.097971439 6.193405151 -0.360841781 -0.009719988 0.111367531 0.925902843
1403636707113555456.000000 0.777428865 7.155244350 6.260620117 -0.363801420 -0.004950895 0.109471969 0.925008059
1403636707163555584.000000 0.793915868 7.183207035 6.295907974 -0.365115374 -0.004450044 0.110049926 0.924424231
1403636707213555456.000000 0.811007142 7.210958004 6.330933571 -0.366754621 -0.004849826 0.110797890 0.923683584
1403636707313555456.000000 0.845472455 7.255379200 6.411520481 0.370837808 0.006950999 -0.109396465 -0.922205746
1403636707363555584.000000 0.865337789 7.280113697 6.448929310 0.372031629 0.007556101 -0.110219754 -0.921621919
1403636707413555456.000000 0.887736261 7.304218769 6.485543728 0.372736543 0.008103275 -0.111336969 -0.921198130
1403636707513555456.000000 0.959619939 7.361008167 6.522814274 -0.372227609 -0.008977110 0.114459701 0.921013057
1403636707563555584.000000 0.989534676 7.384962559 6.557563782 -0.372052282 -0.008656280 0.116131008 0.920877755
1403636707613555456.000000 1.019595146 7.409393311 6.592580318 -0.371385664 -0.009240276 0.118864015 0.920792460
1403636707713555456.000000 1.080916762 7.453955650 6.665642738 -0.367860585 -0.008450373 0.128660366 0.920898318
1403636707813555456.000000 1.134436727 7.489227295 6.745856285 -0.366381258 -0.006280265 0.134734377 0.920636773
1403636707863555584.000000 1.152115226 7.511560917 6.787672997 -0.365838528 -0.004003439 0.134979293 0.920829415
1403636707913555456.000000 1.167986035 7.537019730 6.826366425 -0.365089297 -0.001433511 0.134711176 0.921173573
1403636708013555456.000000 1.192862153 7.593000889 6.910940170 -0.363942951 0.000520716 0.131178379 0.922137499
1403636708113555456.000000 1.215552330 7.651807785 7.010447502 -0.363345116 0.001000839 0.124959417 0.923235953
1403636708213555456.000000 1.222618699 7.707249641 7.100153923 -0.362392932 0.004438752 0.121273205 0.924091160
1403636708313555456.000000 1.224096894 7.762664318 7.188538074 -0.358539164 0.013014330 0.127175063 0.924719870
1403636708413555456.000000 1.236636162 7.820392132 7.282651424 -0.353006721 0.021300098 0.137604445 0.925201356
1403636708463555584.000000 1.242338419 7.849588394 7.322820663 -0.351354122 0.024558198 0.141879335 0.925104082
1403636708513555456.000000 1.250212073 7.879874229 7.361260414 -0.350818813 0.026329519 0.143319935 0.925036430
1403636708613555456.000000 1.270128965 7.940401554 7.430101395 -0.353624225 0.026667738 0.138393551 0.924708664
1403636708713555456.000000 1.294416666 8.005791664 7.498436928 -0.360249847 0.021650106 0.123438105 0.924399495
1403636708813555456.000000 1.303633690 8.064517021 7.560754776 -0.367302626 0.018163431 0.108629428 0.923557580
1403636708913555456.000000 1.300994635 8.125593185 7.634407997 -0.372496992 0.018492006 0.102859467 0.922130167
1403636708963555584.000000 1.303768039 8.143377304 7.651922703 0.375624508 -0.018947663 -0.098824613 -0.921293139
1403636709013555456.000000 1.323800564 8.183787346 7.687119484 -0.376904011 0.021121386 0.099042863 0.920699596
1403636709113555456.000000 1.333123684 8.235239983 7.744338036 -0.380634308 0.023842538 0.097931147 0.919216335
1403636709213555456.000000 1.358517647 8.285115242 7.800227165 -0.382938802 0.019153107 0.101124629 0.918022215
1403636709263555584.000000 1.369667768 8.303072929 7.826654434 -0.383852243 0.015174627 0.101791859 0.917641342
1403636709313555456.000000 1.345024824 8.283637047 7.850770950 0.384859353 -0.013320555 -0.103124641 -0.917099297
1403636709413555456.000000 1.377973557 8.324234009 7.908882141 0.386316597 -0.008923014 -0.103056297 -0.916547477
1403636709463555584.000000 1.390259743 8.341109276 7.938842297 0.385850728 -0.008515719 -0.104455024 -0.916589260
1403636709513555456.000000 1.417166352 8.370616913 7.965302467 -0.384982139 0.004953749 0.103145204 0.917128861
1403636709563555584.000000 1.423953533 8.382261276 7.995946407 -0.384548932 0.003942485 0.103950530 0.917224586
1403636709613555456.000000 1.430187464 8.392351151 8.027726173 -0.384344935 0.002123387 0.104305379 0.917275786
1403636709663555584.000000 1.436179161 8.402510643 8.059120178 -0.383840919 0.001046144 0.104516484 0.917464674
1403636709713555456.000000 1.442162514 8.411866188 8.091411591 -0.383323282 0.000216706 0.103969410 0.917743802
1403636709763555584.000000 1.438243508 8.410339355 8.122687340 0.382396460 -0.000587048 -0.104518101 -0.918067873
1403636709813555456.000000 1.443870544 8.415719032 8.155512810 0.382202327 -0.000867710 -0.103032842 -0.918316305
1403636709863555584.000000 1.452328563 8.437794685 8.197806358 -0.380596519 0.001337260 0.103679135 0.918909848
1403636709913555456.000000 1.461328506 8.441015244 8.230520248 -0.380399853 0.001609552 0.102490276 0.919124186
1403636709963555584.000000 1.472290993 8.443193436 8.262966156 -0.379764944 0.002311783 0.101651467 0.919478297
1403636710013555456.000000 1.485006571 8.444725990 8.295268059 -0.378700912 0.002788529 0.102079019 0.919868410
1403636710063555584.000000 1.499051332 8.445531845 8.327903748 -0.378016025 0.003369457 0.101484433 0.920213878
1403636710113555456.000000 1.516370773 8.447711945 8.361061096 0.376881421 -0.003917453 -0.100653432 -0.920768201
1403636710163555584.000000 1.529852867 8.446984291 8.394783974 0.376083523 -0.004088370 -0.099763364 -0.921190441
1403636710263555584.000000 1.522037029 8.432811737 8.499084473 -0.375581056 0.006887763 0.097461291 0.921625078
1403636710313555456.000000 1.530223489 8.430796623 8.536767960 -0.372190088 0.010328642 0.102332659 0.922440231
1403636710413555456.000000 1.538991570 8.426889420 8.614805222 -0.361661196 0.016591985 0.114041857 0.925159633
1403636710513555456.000000 1.538351536 8.431684494 8.698307037 -0.347427040 0.020668546 0.120668575 0.929680824
1403636710563555584.000000 1.538618684 8.427949905 8.737093925 -0.340534449 0.021547658 0.122050226 0.932027817
1403636710663555584.000000 1.534289360 8.426342010 8.816900253 -0.327159315 0.022824513 0.120830275 0.936934292
1403636710713555456.000000 1.524869919 8.409802437 8.844093323 0.320592254 -0.023522722 -0.116543368 -0.939726055
1403636710763555584.000000 1.514897346 8.424369812 8.892614365 -0.312971145 0.023691591 0.111956194 0.942843378
1403636710863555584.000000 1.510077953 8.422797203 8.959640503 -0.299074948 0.021028398 0.095320709 0.949223936
1403636710963555584.000000 1.515463829 8.413453102 9.014719009 0.285262018 -0.017089602 -0.078972667 -0.955037653
1403636711063555584.000000 1.511080742 8.414372444 9.083034515 -0.274338424 0.015149589 0.066829845 0.959188581
1403636711113555456.000000 1.515825868 8.412216187 9.110984802 -0.270599604 0.013875060 0.060830437 0.960668027
1403636711163555584.000000 1.521693826 8.408456802 9.137807846 -0.267427623 0.014190232 0.057037119 0.961783767
1403636711263555584.000000 1.536509514 8.398055077 9.190589905 -0.263100892 0.014201848 0.051509500 0.963287652
1403636711313555456.000000 1.539367199 8.391918182 9.206802368 0.260262042 -0.016254270 -0.052763704 -0.963958204
1403636711363555584.000000 1.547903299 8.384096146 9.230793953 0.258279860 -0.018316502 -0.054554924 -0.964354575
1403636711413555456.000000 1.554443598 8.363760948 9.269730568 -0.257974893 0.024321454 0.055534679 0.964247644
1403636711513555456.000000 1.581443548 8.345005035 9.311370850 -0.257199198 0.038247090 0.056533836 0.963944912
1403636711613555456.000000 1.607484102 8.319854736 9.351382256 -0.260646284 0.045285031 0.051283561 0.963007212
1403636711663555584.000000 1.620484114 8.311602592 9.363462448 0.261758089 -0.045934126 -0.050008710 -0.962741911
1403636711713555456.000000 1.631680608 8.294900894 9.380140305 0.263693422 -0.044093322 -0.048208054 -0.962391615
1403636711763555584.000000 1.642572403 8.276311874 9.395229340 0.264823735 -0.042984176 -0.048829034 -0.962100089
1403636711813555456.000000 1.652578354 8.255578995 9.409863472 0.265050232 -0.040970854 -0.051769603 -0.961971819
1403636711863555584.000000 1.660578728 8.230908394 9.423589706 0.264385760 -0.038317602 -0.056854889 -0.961976886
1403636711963555584.000000 1.672103167 8.153713226 9.433908463 -0.262911350 0.033533026 0.070330448 0.961668789
1403636712013555456.000000 1.682105541 8.128662109 9.442680359 -0.261153787 0.032269295 0.077385508 0.961649120
1403636712113555456.000000 1.706818461 8.078285217 9.457732201 -0.258413792 0.031973016 0.087587781 0.961524010
1403636712163555584.000000 1.718946218 8.052424431 9.463458061 -0.257732987 0.033158068 0.088599108 0.961573958
1403636712213555456.000000 1.735742807 8.036806107 9.465048790 0.256442159 -0.031562209 -0.083877727 -0.962395906
1403636712263555584.000000 1.750867844 8.012726784 9.467536926 0.254238814 -0.030064933 -0.076616593 -0.963633060
1403636712313555456.000000 1.766928792 7.988114834 9.468456268 0.250659466 -0.029812092 -0.068436749 -0.965193033
1403636712363555584.000000 1.780298710 7.956800461 9.456703186 -0.246362701 0.028927019 0.060323499 0.966865957
1403636712413555456.000000 1.796896696 7.930530548 9.454893112 -0.241685867 0.028787861 0.054102208 0.968417406
1403636712513555456.000000 1.830627441 7.877044678 9.448846817 -0.231757641 0.030040765 0.044134017 0.971307456
1403636712613555456.000000 1.865760565 7.822534561 9.442800522 0.221340731 -0.033512589 -0.039723374 -0.973810732
1403636712663555584.000000 1.879305601 7.790702343 9.428969383 -0.216321856 0.037545528 0.039457120 0.974801719
1403636712713555456.000000 1.891170025 7.759819031 9.422672272 -0.211882934 0.040962886 0.039561260 0.975634515
1403636712763555584.000000 1.901326895 7.728431702 9.415343285 -0.207789868 0.042480174 0.039719418 0.976443112
1403636712813555456.000000 1.909485340 7.696615219 9.407039642 -0.204746932 0.042089038 0.040045422 0.977089405
1403636712863555584.000000 1.916429877 7.664277077 9.397294998 -0.202571347 0.039928377 0.040432386 0.977617443
1403636712913555456.000000 1.920195341 7.633662701 9.393429756 0.200950637 -0.037342403 -0.040561590 -0.978048682
1403636712963555584.000000 1.923380971 7.600793362 9.383311272 0.200281143 -0.034115620 -0.040219530 -0.978317976
1403636713063555584.000000 1.944900513 7.544825077 9.343789101 -0.198439449 0.031825431 0.042302687 0.978682578
1403636713113555456.000000 1.948080897 7.509343147 9.328557968 -0.196874097 0.032537129 0.043645855 0.978916228
1403636713163555584.000000 1.952381492 7.473535061 9.311646461 -0.195647091 0.031484809 0.044494383 0.979158401
1403636713213555456.000000 1.958221793 7.438020706 9.292900085 -0.194915354 0.030155953 0.045898147 0.979281366
1403636713263555584.000000 1.965577483 7.402297497 9.272437096 -0.194306612 0.027668009 0.046892200 0.979428768
1403636713313555456.000000 1.978434205 7.365078449 9.252099991 0.194441468 -0.025969919 -0.047253888 -0.979431033
1403636713413555456.000000 2.004636765 7.286049843 9.197340012 -0.194069043 0.024305472 0.048964232 0.979463637
1403636713513555456.000000 2.026067734 7.217680931 9.148146629 -0.193112284 0.023265861 0.054123797 0.979406416
1403636713563555584.000000 2.037029266 7.182954311 9.122386932 -0.192725286 0.023640815 0.056629427 0.979332030
1403636713613555456.000000 2.047605038 7.147951603 9.095884323 -0.192236409 0.022187710 0.060551677 0.979227483
1403636713713555456.000000 2.074118137 7.073365211 9.035868645 -0.191732645 0.018780589 0.068082750 0.978902757
1403636713763555584.000000 2.080490351 7.039525032 9.010236740 -0.191833347 0.018740492 0.070949666 0.978680193
1403636713813555456.000000 2.084231377 7.008252144 8.985049248 -0.191894412 0.018134393 0.073119618 0.978519917
1403636713863555584.000000 2.087069035 6.978031635 8.959350586 -0.192825079 0.018033953 0.073571153 0.978304923
1403636713913555456.000000 2.089174986 6.948963165 8.933055878 -0.194535255 0.017153969 0.072067864 0.978094101
1403636714013555456.000000 2.083473444 6.903275490 8.892522812 0.197779953 -0.014715243 -0.068679944 -0.977726817
1403636714113555456.000000 2.070231199 6.851488113 8.842903137 0.202308267 -0.015351399 -0.063771233 -0.977122784
1403636714163555584.000000 2.063742638 6.822311401 8.814707756 0.204246297 -0.015222779 -0.062781014 -0.976785719
1403636714213555456.000000 2.084464312 6.785297394 8.768230438 -0.205188572 0.015195260 0.063293405 0.976555586
1403636714263555584.000000 2.077888250 6.758996487 8.741272926 -0.205335841 0.016706018 0.065735392 0.976338625
1403636714313555456.000000 2.070719719 6.733447075 8.714226723 -0.205528826 0.017381279 0.068178475 0.976118624
1403636714413555456.000000 2.061167240 6.686294556 8.657209396 -0.206777439 0.011826782 0.070184231 0.975795805
1403636714513555456.000000 2.040003300 6.644404888 8.612209320 -0.203933373 0.003086055 0.070099205 0.976467013
1403636714563555584.000000 2.024260283 6.623563766 8.589998245 -0.199668989 0.000020688 0.070683368 0.977310717
1403636714613555456.000000 2.010311365 6.603350639 8.568292618 -0.194119826 -0.003428035 0.069432706 0.978511631
1403636714713555456.000000 1.996935010 6.564162731 8.520492554 -0.179663926 -0.009174409 0.063138500 0.981656969
1403636714763555584.000000 1.956363559 6.551771164 8.515905380 0.170803040 0.011875723 -0.057415735 -0.983559251
1403636714813555456.000000 1.974647999 6.535314560 8.482670784 -0.160851955 -0.013052105 0.050440211 0.985602379
1403636714863555584.000000 1.969441056 6.518933773 8.461536407 -0.150328547 -0.013215271 0.042438477 0.987636447
1403636714963555584.000000 1.962992311 6.487316132 8.419987679 -0.127288386 -0.014491273 0.029814376 0.991311729
1403636715013555456.000000 1.965581298 6.471558094 8.397267342 -0.116838112 -0.015376973 0.024176270 0.992737591
1403636715063555584.000000 1.969467163 6.460449696 8.385727882 0.107171871 0.016122319 -0.019202031 -0.993924379
1403636715163555584.000000 1.985613585 6.429561138 8.340510368 0.092468187 0.017685739 -0.012482265 -0.995480359
1403636715213555456.000000 1.995125890 6.414159298 8.319840431 0.087325104 0.018030919 -0.009169566 -0.995974481
1403636715263555584.000000 1.991848111 6.409882545 8.306517601 -0.081987716 -0.017499166 0.009166534 0.996437609
1403636715363555584.000000 2.003330469 6.379588604 8.275038719 -0.075664051 -0.013733690 0.006976439 0.997014403
1403636715413555456.000000 2.007642746 6.365596771 8.261030197 -0.072441339 -0.009899020 0.010125528 0.997272193
1403636715463555584.000000 2.010847330 6.352519512 8.248326302 -0.070127055 -0.006217236 0.013067624 0.997433126
1403636715513555456.000000 2.017906427 6.342544556 8.236707687 0.067289323 0.002878793 -0.017495142 -0.997575998
1403636715613555456.000000 2.007824183 6.322055340 8.219037056 0.063086152 -0.001331391 -0.029081183 -0.997583389
1403636715663555584.000000 2.004760027 6.313627720 8.209383965 0.063845001 -0.005435955 -0.028433619 -0.997539937
1403636715763555584.000000 1.999448419 6.297308922 8.194952011 -0.069319807 0.015729047 0.018561354 0.997297764
1403636715813555456.000000 1.994926095 6.291875839 8.185747147 -0.072056346 0.020388674 0.014396398 0.997088253
1403636715863555584.000000 1.991852403 6.287308693 8.175711632 -0.073851630 0.024728240 0.011695026 0.996894002
1403636715963555584.000000 1.982680202 6.282261848 8.151565552 -0.077402592 0.032090575 0.008179975 0.996449828
1403636716013555456.000000 1.996189713 6.265976429 8.130015373 0.079200335 -0.032411736 -0.008471533 -0.996295691
1403636716063555584.000000 1.996150613 6.262103558 8.112902641 0.080786809 -0.031274673 -0.008569186 -0.996203840
1403636716113555456.000000 1.996427536 6.258076191 8.094124794 0.081297413 -0.029943217 -0.010933540 -0.996180058
1403636716163555584.000000 1.995091081 6.254386902 8.073526382 0.082099624 -0.025021190 -0.013269738 -0.996221662
1403636716213555456.000000 1.996284366 6.249396801 8.051221848 0.082881503 -0.018664846 -0.016313851 -0.996251047
1403636716313555456.000000 1.969121814 6.246579647 8.005571365 -0.084805980 0.012709152 0.019735551 0.996120989
1403636716413555456.000000 1.962669134 6.237990379 7.960952759 -0.087662600 0.009348049 0.021593198 0.995872319
1403636716513555456.000000 1.940667868 6.229952812 7.923420429 -0.090459816 0.009771081 0.021779016 0.995613992
1403636716563555584.000000 1.964020610 6.226449966 7.894546986 0.091074355 -0.008037458 -0.020475550 -0.995601177
1403636716613555456.000000 1.949864984 6.222098827 7.876629353 0.090072639 -0.007339470 -0.018134354 -0.995743096
1403636716713555456.000000 1.914277196 6.213156700 7.842092037 0.083246574 -0.008475138 -0.013741322 -0.996398270
1403636716813555456.000000 1.881546855 6.201057911 7.803769588 -0.071403794 0.009844739 0.010340511 0.997345328
1403636716863555584.000000 1.865635395 6.196142197 7.785480499 -0.063387394 0.009472637 0.008138657 0.997910917
1403636716913555456.000000 1.851479650 6.191164017 7.766039371 -0.053987466 0.009112714 0.005362033 0.998485684
1403636716963555584.000000 1.839703202 6.186218262 7.745584011 -0.043485254 0.007565236 0.000919474 0.999025047
1403636717013555456.000000 1.830037236 6.181275368 7.723731041 -0.032522984 0.007636962 -0.003187245 0.999436796
1403636717063555584.000000 1.821099997 6.172732830 7.704125881 0.021359516 -0.006216858 0.008111121 -0.999719679
1403636717163555584.000000 1.806611419 6.161998749 7.660388470 0.002654955 -0.005686154 0.018326731 -0.999812365
1403636717213555456.000000 1.804876804 6.160037041 7.630144119 0.005103888 0.004904051 -0.021985464 0.999733329
1403636717263555584.000000 1.799644351 6.155848026 7.606908798 0.010567279 0.004665326 -0.027404159 0.999557734
1403636717313555456.000000 1.794783473 6.151781082 7.583104610 0.014237463 0.003991951 -0.034103934 0.999308944
1403636717363555584.000000 1.790809274 6.147435665 7.558598042 0.016239360 0.004526152 -0.042050820 0.998973250
1403636717413555456.000000 1.786620021 6.142509460 7.533367157 0.017765062 0.004961201 -0.048697986 0.998643279
1403636717463555584.000000 1.779594302 6.134923935 7.512505054 -0.019217269 -0.005394874 0.053021912 -0.998393893
1403636717563555584.000000 1.767242193 6.118925571 7.464279652 -0.022613605 -0.005777793 0.053344425 -0.998303413
1403636717613555456.000000 1.758941174 6.109064102 7.440563679 -0.024605991 -0.004964472 0.049831629 -0.998442173
1403636717663555584.000000 1.749117851 6.098411083 7.417131424 -0.025306284 -0.005563105 0.048149727 -0.998504043
1403636717763555584.000000 1.741218686 6.081470490 7.361039162 0.025839200 0.003790035 -0.050654534 0.998374760
1403636717863555584.000000 1.708272576 6.052813530 7.317449093 0.030139627 0.003395556 -0.055573199 0.997993886
1403636717913555456.000000 1.694278955 6.036386967 7.294825077 0.034627993 0.003065734 -0.058603350 0.997675896
1403636717963555584.000000 1.682379723 6.018444538 7.271380901 0.039899871 0.003188906 -0.062212519 0.997260034
1403636718013555456.000000 1.663118958 5.993183136 7.255287170 -0.046846569 -0.003716288 0.065957949 -0.996715188
1403636718113555456.000000 1.645243406 5.952883244 7.205841064 -0.065767974 -0.003743811 0.067515574 -0.995541215
1403636718163555584.000000 1.662833452 5.933678627 7.171562195 0.076843269 0.001048175 -0.067831308 0.994732678
1403636718213555456.000000 1.653477907 5.910540104 7.146780968 0.086653605 0.000327462 -0.067200840 0.993969381
1403636718313555456.000000 1.629279971 5.863128185 7.097487450 0.103240602 -0.001449750 -0.066331565 0.992441118
1403636718363555584.000000 1.614240289 5.838899612 7.073181152 0.111113720 -0.002137188 -0.066782936 0.991558969
1403636718413555456.000000 1.575217843 5.816237926 7.055297375 -0.119267687 0.002519135 0.067526884 -0.990559995
1403636718463555584.000000 1.568756104 5.783575535 7.034688473 0.127690628 -0.004216625 -0.066411145 0.989579141
1403636718513555456.000000 1.549034357 5.758770943 7.012884617 0.136429742 -0.004450487 -0.067306295 0.988350630
1403636718563555584.000000 1.529496074 5.734063625 6.991998672 0.144521415 -0.005240156 -0.066344015 0.987261176
1403636718663555584.000000 1.484232664 5.688000679 6.955963135 0.159353212 -0.007039167 -0.061275445 0.985293090
1403636718763555584.000000 1.430545926 5.637105465 6.923418045 0.170304835 -0.007816073 -0.059164394 0.983582675
1403636718863555584.000000 1.388476968 5.599418640 6.894848347 0.173872381 -0.006900583 -0.069846489 0.982263863
1403636718913555456.000000 1.371137619 5.581097126 6.880232811 0.174479693 -0.005721710 -0.075388789 0.981753886
1403636718963555584.000000 1.356631756 5.562839985 6.863335609 0.174575225 -0.004139713 -0.080582239 0.981332242
1403636719013555456.000000 1.339702845 5.550544262 6.854037285 -0.175254896 0.002351551 0.084419563 -0.980894327
1403636719063555584.000000 1.327624917 5.531363010 6.835971832 -0.175989270 0.000418199 0.086019568 -0.980626464
1403636719113555456.000000 1.318618536 5.512870789 6.817978382 -0.176225126 -0.002238758 0.087403528 -0.980459332
1403636719213555456.000000 1.303181052 5.474459171 6.776947498 -0.176980093 -0.008686459 0.086193345 -0.980394483
1403636719263555584.000000 1.287637711 5.455492020 6.769974709 0.176537633 0.012393105 -0.085174255 0.980523527
1403636719313555456.000000 1.278358936 5.436331749 6.749258995 0.177095562 0.014310382 -0.081970759 0.980669737
1403636719413555456.000000 1.250484824 5.400467396 6.710553646 -0.177027509 -0.018507883 0.078017958 -0.980934203
1403636719463555584.000000 1.234234929 5.382983208 6.690951347 -0.176576331 -0.018980104 0.076460257 -0.981129169
1403636719513555456.000000 1.218068004 5.365254402 6.663525105 0.176126048 0.019047668 -0.074985281 0.981322646
1403636719613555456.000000 1.182658315 5.333493710 6.618543148 -0.174322426 -0.012896733 0.072860457 -0.981904685
1403636719663555584.000000 1.158895731 5.327633381 6.620238304 0.173769280 0.009973438 -0.072991692 0.982027054
1403636719713555456.000000 1.145614386 5.314687729 6.597224236 0.172271967 0.006233608 -0.072650135 0.982347012
1403636719813555456.000000 1.122649312 5.285587311 6.547600746 0.168532431 0.001669368 -0.072141841 0.983051181
1403636719863555584.000000 1.114793897 5.272387028 6.523225784 0.167216420 0.000872772 -0.071143165 0.983349741
1403636719913555456.000000 1.108307958 5.259299278 6.498908043 0.165970579 0.000025114 -0.070152767 0.983632267
1403636720013555456.000000 1.083487272 5.237819195 6.462091446 0.163243577 -0.000469722 -0.069486089 0.984135687
1403636720113555456.000000 1.063947916 5.214182854 6.420298576 0.161675110 -0.002273896 -0.069492087 0.984391630
1403636720163555584.000000 1.051659107 5.203003407 6.399496555 0.161287874 -0.003481307 -0.069502182 0.984450936
1403636720213555456.000000 1.038788676 5.192722321 6.380496979 0.161599249 -0.003790610 -0.068672426 0.984456956
1403636720263555584.000000 1.022633672 5.180150032 6.339322090 -0.161232531 0.003171515 0.069097757 -0.984489501
1403636720363555584.000000 0.994054675 5.162745476 6.310778618 -0.161924407 0.003018988 0.068557084 -0.984414220
1403636720413555456.000000 0.979029179 5.155620098 6.297027111 -0.162659541 0.003237984 0.068186447 -0.984318078
1403636720463555584.000000 0.941620231 5.150841236 6.285919189 0.163522154 -0.002095879 -0.068375543 0.984165132
1403636720563555584.000000 0.916266561 5.138993740 6.253790379 0.165459394 -0.002985863 -0.066974476 0.983935356
1403636720663555584.000000 0.899124801 5.129321098 6.220647812 0.167338461 -0.003874101 -0.067741714 0.983561933
1403636720763555584.000000 0.916303873 5.111501217 6.166162014 -0.165351421 0.006134089 0.065800294 -0.984018147
1403636720813555456.000000 0.901673138 5.109966755 6.157161713 -0.162005708 0.005385982 0.065587468 -0.984593034
1403636720863555584.000000 0.893641651 5.105607033 6.144803524 -0.157118067 0.004827161 0.065488890 -0.985394299
1403636720963555584.000000 0.886198521 5.111268520 6.081732273 0.145711660 -0.003346208 -0.062295835 0.987358212
1403636721013555456.000000 0.877792597 5.108994484 6.068515778 0.140285715 -0.002062949 -0.058664091 0.988369524
1403636721063555584.000000 0.869365335 5.107659817 6.056683540 0.134197384 -0.000209032 -0.055320468 0.989409268
1403636721163555584.000000 0.845727146 5.107390404 6.035655022 0.118862972 0.004593118 -0.049343240 0.991673231
1403636721213555456.000000 0.852865815 5.113303185 6.022740841 -0.111314639 -0.005613528 0.046028394 -0.992702842
1403636721263555584.000000 0.838615358 5.111190796 6.010287285 -0.104004137 -0.007381870 0.042063210 -0.993659616
1403636721363555584.000000 0.818413913 5.111026764 5.984696388 -0.090965614 -0.008978382 0.037859336 -0.995093703
1403636721463555584.000000 0.815681815 5.112139702 5.938894272 0.081484348 0.010395974 -0.035514079 0.995987475
1403636721513555456.000000 0.813435376 5.114711761 5.923435211 0.075998530 0.009968071 -0.035410881 0.996429086
1403636721563555584.000000 0.810720325 5.116875648 5.907168388 0.070210874 0.009315614 -0.034430888 0.996894240
1403636721613555456.000000 0.806095958 5.120281219 5.891063690 0.064080589 0.008674243 -0.034254547 0.997318983
1403636721663555584.000000 0.800257802 5.123474121 5.875693321 0.059021376 0.007592580 -0.033934981 0.997650921
1403636721713555456.000000 0.791639090 5.134617805 5.865014553 -0.055473585 -0.008144541 0.033513568 -0.997864306
1403636721763555584.000000 0.782874167 5.139229774 5.850504398 -0.051888779 -0.007787233 0.034607138 -0.998022735
1403636721813555456.000000 0.772931039 5.143392563 5.835917950 -0.049960602 -0.008191502 0.034180451 -0.998132586
1403636721863555584.000000 0.761703610 5.147479534 5.821515083 -0.048935309 -0.008834339 0.033265889 -0.998208821
1403636721913555456.000000 0.750175238 5.150807381 5.807399273 -0.048129849 -0.009035517 0.033374611 -0.998242438
1403636721963555584.000000 0.745788872 5.153162003 5.788841724 0.047002625 0.009340117 -0.036074828 0.998199463
1403636722013555456.000000 0.735080600 5.155735016 5.774250031 0.045857284 0.009547314 -0.039532762 0.998119831
1403636722063555584.000000 0.725963116 5.158219337 5.758792877 0.045172784 0.009669800 -0.042726159 0.998018265
1403636722163555584.000000 0.713832855 5.158304214 5.727309704 0.046688173 0.008354120 -0.042781100 0.997958004
1403636722213555456.000000 0.709958434 5.157700539 5.709750175 0.047845706 0.008112435 -0.041823898 0.997945845
1403636722263555584.000000 0.699332476 5.160135746 5.696426392 -0.049328476 -0.007557100 0.040656358 -0.997926235
1403636722363555584.000000 0.690361083 5.159785748 5.661639690 -0.051309403 -0.007974687 0.038432829 -0.997911215
1403636722413555456.000000 0.684894264 5.160254955 5.643997669 -0.049962431 -0.007733515 0.038238660 -0.997988880
1403636722463555584.000000 0.674163759 5.165226936 5.645864964 0.047976661 0.007962380 -0.037903871 0.998097241
1403636722563555584.000000 0.661505640 5.165948868 5.609313488 0.043272134 0.007221919 -0.036396209 0.998374045
1403636722663555584.000000 0.647550702 5.168797970 5.572582245 0.039727785 0.006421737 -0.035609096 0.998555183
1403636722763555584.000000 0.640009284 5.164425850 5.526554108 -0.036092676 -0.005207102 0.036775298 -0.998658061
1403636722813555456.000000 0.622525275 5.163764477 5.514837265 -0.034920067 -0.005286623 0.038378865 -0.998638928
1403636722863555584.000000 0.611625791 5.163486481 5.500268459 -0.033992462 -0.005748782 0.039274823 -0.998633623
1403636722963555584.000000 0.610077500 5.153762341 5.482328415 0.034072578 0.003838155 -0.036347616 0.998750865
1403636723063555584.000000 0.602153659 5.148330688 5.447211266 0.035785224 0.005540689 -0.032308288 0.998821795
1403636723163555584.000000 0.597981572 5.140514851 5.408683300 0.035874683 0.005847581 -0.031105431 0.998855054
1403636723213555456.000000 0.605952203 5.144946575 5.350849152 -0.036231548 -0.004814712 0.031113259 -0.998847425
1403636723263555584.000000 0.597044885 5.136078835 5.359821320 -0.035481893 -0.004750308 0.032045878 -0.998845160
1403636723363555584.000000 0.585427046 5.127575874 5.329936028 -0.031779900 -0.005125646 0.034842797 -0.998874247
1403636723413555456.000000 0.577527940 5.123695374 5.315837383 -0.027710041 -0.006094083 0.035927050 -0.998951674
1403636723463555584.000000 0.543155968 5.129744530 5.289747715 0.023155244 0.011262273 -0.035434470 0.999040306
1403636723563555584.000000 0.531446159 5.121519566 5.258651257 0.013256061 0.022081608 -0.029715475 0.999226570
1403636723613555456.000000 0.526601434 5.117153168 5.240261555 0.009356148 0.028589584 -0.025509298 0.999221921
1403636723713555456.000000 0.521432519 5.108267784 5.200593472 0.001698159 0.025583217 -0.020478487 0.999461532
1403636723763555584.000000 0.534938395 5.099059105 5.170315742 0.002377654 -0.020264344 0.019240929 -0.999606669
1403636723813555456.000000 0.523586869 5.093076706 5.148560524 0.005120843 -0.015851445 0.016158437 -0.999730706
1403636723913555456.000000 0.509161115 5.080848217 5.104953766 0.009718037 -0.008709034 0.012370844 -0.999838412
1403636723963555584.000000 0.490196794 5.080948353 5.077661991 -0.011348236 0.004864812 -0.010489766 0.999868810
1403636724013555456.000000 0.480276644 5.076146603 5.057757378 -0.014534325 0.000893482 -0.009472880 0.999849200
1403636724113555456.000000 0.461028248 5.067870617 5.017633915 -0.024651233 -0.006550802 -0.005236603 0.999660969
1403636724163555584.000000 0.451461852 5.063740253 4.998855114 -0.031581137 -0.006221120 -0.003842945 0.999474525
1403636724213555456.000000 0.438943446 5.060464859 4.979950428 -0.038703393 -0.007069047 -0.000315619 0.999225736
1403636724313555456.000000 0.421730399 5.053948879 4.949388504 -0.056753945 -0.006008421 0.004662327 0.998359263
1403636724363555584.000000 0.395960420 5.054375648 4.936099529 -0.065939516 -0.003252440 0.007877802 0.997787297
1403636724413555456.000000 0.376917690 5.053321362 4.922953606 -0.075128399 0.000484252 0.010617137 0.997117281
1403636724513555456.000000 0.351706415 5.044616222 4.892117023 -0.090129264 0.006373670 0.013386996 0.995819747
1403636724613555456.000000 0.389908493 5.029241085 4.856019497 -0.101169750 0.007095023 0.014617502 0.994736552
1403636724663555584.000000 0.382224083 5.025483608 4.840982437 -0.104553372 0.007752607 0.016501876 0.994352162
1403636724713555456.000000 0.373075336 5.022566795 4.827965736 -0.107035607 0.008399135 0.018126657 0.994054496
1403636724763555584.000000 0.372762889 5.016287804 4.811897755 -0.109000579 0.008043082 0.019195421 0.993823826
1403636724863555584.000000 0.405754000 4.985406399 4.764623642 0.111534826 -0.005153962 -0.019461164 -0.993556559
1403636724913555456.000000 0.411348909 4.975363731 4.745258808 0.110860728 -0.004535133 -0.021506898 -0.993592918
1403636724963555584.000000 0.418492913 4.966035366 4.726284504 0.109515309 -0.003998874 -0.023978971 -0.993687809
1403636725013555456.000000 0.427738070 4.959381580 4.709013462 0.107552893 -0.004214276 -0.026862677 -0.993827522
1403636725063555584.000000 0.439331621 4.953681946 4.691291332 0.105801232 -0.004999367 -0.029047903 -0.993950367
1403636725163555584.000000 0.479477704 4.945511341 4.659132004 -0.102676980 0.003913034 0.031818818 0.994198084
1403636725213555456.000000 0.493541092 4.940337181 4.640693665 -0.102301747 0.004064932 0.030917415 0.994264543
1403636725263555584.000000 0.506924212 4.935736656 4.623081684 -0.101320840 0.003689581 0.031108811 0.994360447
1403636725363555584.000000 0.528319120 4.930132389 4.586588383 -0.101623490 0.003945411 0.028633106 0.994403005
1403636725413555456.000000 0.536875963 4.915647984 4.565036297 0.102604628 -0.004216283 -0.026811967 -0.994351923
1403636725463555584.000000 0.544889808 4.912199974 4.547769547 0.102891840 -0.004196382 -0.025966886 -0.994344711
1403636725563555584.000000 0.564256072 4.906895161 4.518469334 0.103897400 -0.002522959 -0.023657283 -0.994303465
1403636725613555456.000000 0.570487320 4.904608250 4.504815578 0.104529448 -0.002686580 -0.022196954 -0.994270444
1403636725663555584.000000 0.575850070 4.895675182 4.491428852 -0.104656681 0.004417373 0.022479657 0.994244576
1403636725763555584.000000 0.581833720 4.889314175 4.468690872 -0.104588106 0.004375541 0.022500377 0.994251490
1403636725813555456.000000 0.582623124 4.885526180 4.459304810 -0.104522496 0.004767986 0.022249112 0.994262278
1403636725863555584.000000 0.582438111 4.882301331 4.450792313 -0.103980251 0.003228125 0.022970518 0.994308829
1403636725963555584.000000 0.573881924 4.882222176 4.431265354 0.101894177 -0.003403035 -0.024791865 -0.994480491
1403636726013555456.000000 0.570689440 4.879476547 4.424866199 0.101186551 -0.004306871 -0.025590463 -0.994529009
1403636726063555584.000000 0.566187739 4.876759052 4.419342995 0.100935392 -0.004610106 -0.024666747 -0.994576454
1403636726113555456.000000 0.560623407 4.873845100 4.414426327 0.100972705 -0.004903491 -0.023437906 -0.994601071
1403636726163555584.000000 0.559750915 4.855712891 4.401869774 -0.101798266 0.005916900 0.021723606 0.994550288
1403636726263555584.000000 0.548017263 4.848528385 4.394329548 -0.101120070 0.006105491 0.020523496 0.994643867
1403636726363555584.000000 0.536502600 4.840328217 4.386194706 -0.100225940 0.008158800 0.018876400 0.994752169
1403636726463555584.000000 0.541155219 4.837396145 4.386927605 0.098470531 -0.008839113 -0.018912213 -0.994921029
1403636726513555456.000000 0.537206054 4.832359791 4.377593517 0.097043328 -0.009669425 -0.020920694 -0.995013297
1403636726563555584.000000 0.537600636 4.829070091 4.371053219 0.093821973 -0.011603162 -0.027301546 -0.995146990
1403636726663555584.000000 0.540689886 4.824581623 4.326006413 -0.086434461 0.016939659 0.042131338 0.995222211
1403636726713555456.000000 0.545541644 4.823633194 4.315143108 -0.085864790 0.017054757 0.042914301 0.995236099
1403636726763555584.000000 0.552957475 4.823683739 4.303143024 -0.087012336 0.017752683 0.039283011 0.995274186
1403636726813555456.000000 0.562044382 4.825231552 4.290584087 -0.088499814 0.017614610 0.033627409 0.995352566
1403636726913555456.000000 0.597424150 4.830263138 4.282233238 0.088588804 -0.016591262 -0.022247402 -0.995681584
1403636727013555456.000000 0.626919806 4.833778381 4.251080036 0.086638033 -0.015873844 -0.016664909 -0.995974004
1403636727063555584.000000 0.636476040 4.832275867 4.221018791 0.086316377 -0.016239066 -0.013831810 -0.996039450
1403636727113555456.000000 0.648369670 4.833240509 4.199564934 0.085873365 -0.015652770 -0.011382110 -0.996118128
1403636727163555584.000000 0.661695004 4.838010311 4.177586555 -0.086064510 0.015034523 0.008466118 0.996140182
1403636727213555456.000000 0.670778394 4.838982105 4.156097889 -0.086411640 0.014240372 0.005531915 0.996142387
1403636727263555584.000000 0.678659737 4.839429855 4.136348724 -0.086823963 0.013486131 0.002757750 0.996128678
1403636727313555456.000000 0.685429931 4.839620113 4.116422176 -0.087595768 0.012672170 -0.000095243 0.996075571
1403636727363555584.000000 0.691455603 4.839706898 4.097288132 -0.087688915 0.010876642 -0.000983221 0.996088088
1403636727463555584.000000 0.706813157 4.835274220 4.082169533 0.088543057 -0.009607280 0.004052338 -0.996017754
1403636727563555584.000000 0.726520538 4.826331139 4.047637463 0.086514816 -0.012919770 -0.002280657 -0.996164262
1403636727663555584.000000 0.739871621 4.817327976 4.011385918 -0.085002579 0.014794176 0.006452523 0.996250033
1403636727713555456.000000 0.751786172 4.812885284 3.992027283 -0.085264973 0.013200358 0.006052673 0.996252537
1403636727763555584.000000 0.764641881 4.808080196 3.971886158 -0.085610718 0.012513018 0.004906027 0.996238053
1403636727863555584.000000 0.794837713 4.793776035 3.929016352 -0.088254377 0.010040900 -0.002110709 0.996045172
1403636727913555456.000000 0.823644280 4.787927151 3.913049698 0.090013608 -0.009301667 0.006476558 -0.995876074
1403636727963555584.000000 0.839457870 4.779388905 3.892232656 0.090369798 -0.009052534 0.007598922 -0.995838165
1403636728063555584.000000 0.857559860 4.756991863 3.850278616 0.089458138 -0.008808655 0.004863275 -0.995939732
1403636728163555584.000000 0.843463004 4.722924232 3.831187010 -0.088888384 0.012891114 -0.000181579 0.995958149
1403636728263555584.000000 0.854357958 4.694963932 3.793274641 -0.087985180 0.014566889 0.003188305 0.996010244
1403636728363555584.000000 0.853060365 4.661130428 3.756674051 -0.088211268 0.014418259 0.004139763 0.995988846
1403636728413555456.000000 0.877053916 4.648999214 3.734109402 0.086633697 -0.012543467 -0.007463143 -0.996133327
1403636728463555584.000000 0.876227438 4.633527756 3.716751337 0.084509991 -0.013184521 -0.014355844 -0.996232033
1403636728513555456.000000 0.875212133 4.618047237 3.699109316 0.081999794 -0.013198880 -0.021803940 -0.996306360
1403636728563555584.000000 0.871051133 4.603982449 3.682366133 0.080003917 -0.012899438 -0.025344012 -0.996388793
1403636728613555456.000000 0.858195126 4.593987942 3.668682337 0.077441633 -0.013740136 -0.027235996 -0.996530175
1403636728713555456.000000 0.823934734 4.572246075 3.653384447 -0.072914384 0.014449930 0.016144495 0.997102857
1403636728763555584.000000 0.819125831 4.560909271 3.634268284 -0.068348587 0.013810575 0.009433375 0.997521341
1403636728813555456.000000 0.815627038 4.548828125 3.615306377 -0.062721916 0.013082321 0.002356115 0.997942567
1403636728863555584.000000 0.814508140 4.535877705 3.595251083 -0.056693152 0.012908232 -0.003034137 0.998303652
1403636728913555456.000000 0.813415587 4.523200035 3.575479984 -0.050836641 0.014064290 -0.008053587 0.998575509
1403636728963555584.000000 0.830967426 4.510662079 3.541080713 0.045149684 -0.014402377 0.010576474 -0.998820484
1403636729013555456.000000 0.833645761 4.498354912 3.525231123 -0.040066727 0.014969038 -0.013782453 0.998989820
1403636729063555584.000000 0.832074046 4.485625744 3.502989531 -0.035787344 0.016416434 -0.016503122 0.999088347
1403636729163555584.000000 0.825542927 4.457744122 3.457123518 -0.029015489 0.016462395 -0.018552091 0.999271214
1403636729263555584.000000 0.804944456 4.425899982 3.415910006 0.023901789 -0.013530868 0.017833840 -0.999463618
1403636729313555456.000000 0.793998361 4.410382271 3.395932913 0.022457259 -0.013323767 0.018657232 -0.999484956
1403636729363555584.000000 0.782510340 4.396017075 3.377391338 0.021020953 -0.013445160 0.018291753 -0.999521315
1403636729413555456.000000 0.778962016 4.387863159 3.359540224 -0.020337522 0.013605932 -0.018423349 0.999530852
1403636729513555456.000000 0.756348670 4.355582714 3.317254543 -0.019517098 0.014403946 -0.018782414 0.999529362
1403636729613555456.000000 0.742755532 4.323203087 3.271229029 -0.018889207 0.013027776 -0.019046564 0.999555349
1403636729713555456.000000 0.736396611 4.286607265 3.213676453 0.018309098 -0.012918374 0.017148318 -0.999601841
1403636729763555584.000000 0.735115409 4.271711349 3.190950632 0.018735701 -0.010904335 0.017656643 -0.999609053
1403636729813555456.000000 0.732444584 4.256423473 3.168145418 0.018947534 -0.008767084 0.017044378 -0.999636769
1403636729913555456.000000 0.730060458 4.233462811 3.108510733 -0.018696908 0.004482963 -0.014772091 0.999706089
1403636730013555456.000000 0.714776814 4.201352119 3.062431097 -0.019133495 0.001320126 -0.014187761 0.999715447
1403636730063555584.000000 0.706313670 4.185024261 3.039016962 -0.018880874 0.000333031 -0.014310260 0.999719262
1403636730113555456.000000 0.697305024 4.168791771 3.016742468 -0.018365165 -0.000447534 -0.014474123 0.999726534
1403636730163555584.000000 0.683309853 4.147280216 2.996124268 0.018193157 -0.000260382 0.012978300 -0.999750257
1403636730263555584.000000 0.655134797 4.114090919 2.957286835 0.017985271 0.000593085 0.013625781 -0.999745250
1403636730313555456.000000 0.641409755 4.098696232 2.938227177 0.017160462 0.000092359 0.012144718 -0.999779046
1403636730363555584.000000 0.625652969 4.082514763 2.919966936 0.016773570 0.000594408 0.012244176 -0.999784231
1403636730463555584.000000 0.630489707 4.057199478 2.865772247 -0.015608609 -0.006885666 -0.011300137 0.999790668
1403636730513555456.000000 0.620171726 4.041719913 2.847434998 -0.015982866 -0.010767824 -0.012634141 0.999734461
1403636730563555584.000000 0.612260103 4.025809288 2.829521418 -0.015552130 -0.015008743 -0.011859177 0.999696136
1403636730663555584.000000 0.605114937 3.992913485 2.796458721 -0.015302708 -0.019946167 -0.011174727 0.999621570
1403636730763555584.000000 0.583232641 3.959783554 2.774522066 0.015534109 0.021334045 0.011766938 -0.999582529
1403636730813555456.000000 0.592105567 3.940978289 2.755512476 0.015340756 0.020742329 0.011920832 -0.999596119
1403636730863555584.000000 0.595983148 3.923991203 2.741001129 0.014788465 0.021420009 0.009836561 -0.999612808
1403636730913555456.000000 0.602384567 3.908589602 2.726949930 0.013785221 0.022159895 0.006188487 -0.999640226
1403636731013555456.000000 0.644829988 3.874465466 2.703966856 -0.011264972 -0.021962158 0.002672370 0.999691784
1403636731063555584.000000 0.651113570 3.860120535 2.695291281 -0.009016834 -0.016699150 0.009670168 0.999773145
1403636731113555456.000000 0.654566646 3.847799301 2.686822653 -0.008106864 -0.010187886 0.013615943 0.999822557
1403636731213555456.000000 0.656693757 3.827147484 2.673668861 -0.009058699 -0.000542204 0.013322594 0.999870062
1403636731263555584.000000 0.632847011 3.818363190 2.676453352 0.010956678 -0.004414139 -0.008664801 -0.999892712
1403636731313555456.000000 0.629824758 3.812198162 2.672475576 0.013225446 -0.006665669 -0.004563706 -0.999880016
1403636731413555456.000000 0.635022700 3.801945448 2.659890652 0.017109407 -0.005516903 0.004077208 -0.999830127
1403636731463555584.000000 0.633578777 3.797615051 2.653556824 0.017717039 -0.006170219 0.005452001 -0.999809206
1403636731513555456.000000 0.633400440 3.777963400 2.660876989 -0.018507166 0.003532418 -0.005874635 0.999805272
1403636731613555456.000000 0.626248121 3.771686792 2.649849176 -0.015946370 0.002963682 0.001670313 0.999867141
1403636731663555584.000000 0.621720314 3.770234585 2.644194365 -0.014828376 0.002741564 0.004137001 0.999877751
1403636731713555456.000000 0.615231752 3.770036697 2.639152288 -0.015101451 0.002862734 0.003574996 0.999875486
1403636731813555456.000000 0.593207777 3.764890432 2.640832186 0.017086990 -0.002664478 0.001287640 -0.999849677
1403636731863555584.000000 0.582820654 3.765970469 2.637143850 0.017724534 -0.002408125 0.003659154 -0.999833345
1403636731913555456.000000 0.571445763 3.767617941 2.633561611 0.017746249 -0.002719070 0.005388274 -0.999824286
1403636732013555456.000000 0.525671542 3.765625238 2.626229048 -0.018071467 0.004017010 -0.007433401 0.999800980
1403636732063555584.000000 0.510539055 3.768298388 2.623057842 -0.018019957 0.005667840 -0.008265371 0.999787390
1403636732113555456.000000 0.494168639 3.771260023 2.621113062 -0.017559057 0.005869276 -0.007643020 0.999799371
1403636732213555456.000000 0.453789741 3.781317472 2.609961748 -0.016906980 0.008995983 -0.008852893 0.999777377
1403636732263555584.000000 0.440208942 3.785594940 2.606041670 -0.017111218 0.009606055 -0.010691467 0.999750316
1403636732313555456.000000 0.427211255 3.789821863 2.599857807 -0.016211584 0.010433761 -0.009679982 0.999767363
1403636732413555456.000000 0.423517436 3.793279409 2.612041712 0.018554920 -0.010841057 0.016709657 -0.999629438
1403636732463555584.000000 0.411090404 3.792718410 2.595362425 0.021157067 -0.012785817 0.024032166 -0.999405563
1403636732513555456.000000 0.396603465 3.790312529 2.597209454 -0.023902165 0.016598087 -0.032421347 0.999050617
1403636732613555456.000000 0.386581868 3.791098118 2.569824934 -0.027268689 0.023146311 -0.044047970 0.998389006
1403636732713555456.000000 0.378947526 3.784063101 2.540613174 -0.024743710 0.027488006 -0.039950643 0.998516977
1403636732813555456.000000 0.373470098 3.781607628 2.496397018 0.019624788 -0.029287316 0.030270355 -0.998919845
1403636732863555584.000000 0.373044193 3.774249792 2.476840258 0.018666206 -0.029030569 0.028004948 -0.999011874
1403636732913555456.000000 0.370788634 3.766754389 2.456677675 0.017940357 -0.027860202 0.026783332 -0.999091983
1403636733013555456.000000 0.361109227 3.736251116 2.432383776 -0.017758541 0.022934074 -0.026611319 0.999224961
1403636733063555584.000000 0.355654597 3.726188183 2.411676884 -0.017663665 0.019989638 -0.026589489 0.999290466
1403636733113555456.000000 0.350735575 3.714710712 2.389995098 -0.017362127 0.015889201 -0.026167126 0.999380529
1403636733163555584.000000 0.347279757 3.702797651 2.367600441 -0.018395144 0.015596580 -0.029014532 0.999288023
1403636733213555456.000000 0.345007360 3.689971209 2.344055653 -0.018119169 0.014141479 -0.029221794 0.999308705
1403636733263555584.000000 0.339032978 3.685956717 2.308907509 0.017385099 -0.013751315 0.030348621 -0.999293625
1403636733363555584.000000 0.338630736 3.660166979 2.249978781 0.015066511 -0.010833118 0.026539732 -0.999475539
1403636733463555584.000000 0.362158597 3.628917933 2.200836182 -0.013435960 0.005609883 -0.022569867 0.999639273
1403636733563555584.000000 0.367299169 3.599251032 2.142446995 -0.012533036 0.002157463 -0.020777885 0.999703288
1403636733613555456.000000 0.368852168 3.583944321 2.114913464 -0.012505204 0.000672310 -0.021867044 0.999682426
1403636733663555584.000000 0.369776368 3.568452835 2.088477612 -0.011969573 -0.000675807 -0.020208595 0.999723971
1403636733763555584.000000 0.353499770 3.534246206 2.037657499 0.012036160 0.000920438 0.020875925 -0.999709249
1403636733813555456.000000 0.344410330 3.519526243 2.013760328 0.011768513 0.002921054 0.020432098 -0.999717712
1403636733863555584.000000 0.339897901 3.504663467 1.990243793 0.011584255 0.003933557 0.020532809 -0.999714375
1403636733963555584.000000 0.354504108 3.474423170 1.945952892 -0.013078574 -0.001087076 -0.024395291 0.999616265
1403636734013555456.000000 0.350304276 3.459160566 1.924086452 -0.013495590 0.001756004 -0.025885349 0.999572337
1403636734063555584.000000 0.341551900 3.442854166 1.902468324 -0.013970142 0.004085662 -0.026035141 0.999555111
1403636734163555584.000000 0.333827913 3.411218166 1.856366634 -0.013974816 0.006623269 -0.024989123 0.999568105
1403636734263555584.000000 0.326944441 3.358543396 1.808882713 -0.013386840 0.006394787 -0.023654388 0.999610186
1403636734363555584.000000 0.321506441 3.328232288 1.759306669 -0.011317353 0.004727799 -0.020133281 0.999722123
1403636734413555456.000000 0.323860765 3.311193466 1.733333945 -0.010273977 0.003007510 -0.018476581 0.999772012
1403636734463555584.000000 0.330466509 3.292873144 1.708040595 -0.009729968 0.000837401 -0.018320668 0.999784470
1403636734563555584.000000 0.322212815 3.254036188 1.647723556 -0.008841710 -0.004185906 -0.018559167 0.999779940
1403636734663555584.000000 0.329144061 3.218948126 1.597800374 -0.008067952 -0.007994566 -0.018859453 0.999757648
1403636734763555584.000000 0.323011935 3.184001446 1.555617213 -0.007497962 -0.008644779 -0.021650447 0.999700129
1403636734813555456.000000 0.297460884 3.171689749 1.541886568 0.006776530 0.009480055 0.021863157 -0.999693096
1403636734863555584.000000 0.291395694 3.153517962 1.522757411 0.006030683 0.009310832 0.021625053 -0.999704659
1403636734963555584.000000 0.273270607 3.119398594 1.487498403 0.004779974 0.009000480 0.020399962 -0.999740005
1403636735013555456.000000 0.264473379 3.102778435 1.470784068 0.004957006 0.009031891 0.021438278 -0.999717116
1403636735063555584.000000 0.249586850 3.081177711 1.442738533 -0.004998024 -0.009082231 -0.021637503 0.999712229
1403636735163555584.000000 0.230556846 3.051277399 1.412760615 -0.004356232 -0.009079096 -0.019804042 0.999753237
1403636735213555456.000000 0.223305643 3.035841465 1.397380829 -0.004524786 -0.010180959 -0.018742971 0.999762297
1403636735263555584.000000 0.219045997 3.020857334 1.382258654 -0.004523286 -0.011545561 -0.017092379 0.999777079
1403636735363555584.000000 0.218521342 2.996613026 1.364866138 0.004920066 0.013750974 0.013926129 -0.999796391
1403636735413555456.000000 0.222112730 2.977203369 1.343111753 0.006440162 0.012565539 0.013835995 -0.999804556
1403636735463555584.000000 0.228772581 2.961293697 1.325771451 0.007651551 0.011546348 0.012314921 -0.999828219
1403636735563555584.000000 0.237541690 2.934522152 1.287090898 -0.011213665 -0.008539985 -0.011964532 0.999829113
1403636735663555584.000000 0.254390746 2.904620409 1.256856918 -0.015254643 -0.006716762 -0.012859613 0.999778450
1403636735763555584.000000 0.262975723 2.882677317 1.225414753 -0.017680218 -0.007092304 -0.012391675 0.999741793
1403636735813555456.000000 0.279947370 2.877249241 1.228068590 0.018025516 0.007161784 0.011477113 -0.999746025
1403636735863555584.000000 0.282414168 2.862215042 1.211889863 0.018805522 0.007227290 0.011283139 -0.999733388
1403636735913555456.000000 0.285177261 2.850461960 1.200321198 0.018958788 0.006813935 0.011087959 -0.999735594
1403636736013555456.000000 0.291869313 2.828762293 1.179331899 0.017932314 0.005475681 0.012426704 -0.999747038
1403636736063555584.000000 0.293010861 2.821922541 1.178489208 -0.015176331 -0.003756584 -0.015027891 0.999764860
1403636736113555456.000000 0.299718618 2.809626818 1.167598128 -0.010500368 -0.001772826 -0.015981503 0.999815583
1403636736163555584.000000 0.307560831 2.797492266 1.156287670 -0.004747909 0.000038691 -0.018256320 0.999822140
1403636736213555456.000000 0.318070471 2.784522295 1.144245028 0.001627995 0.001690019 -0.020167934 0.999793887
1403636736263555584.000000 0.329168230 2.772476196 1.132578015 0.007515559 0.002279300 -0.022488885 0.999716282
1403636736363555584.000000 0.341751605 2.750884533 1.108451843 -0.017227793 -0.002418090 0.026862897 -0.999487817
1403636736413555456.000000 0.350975633 2.739230394 1.096995354 -0.020880913 -0.002527423 0.029176408 -0.999352992
1403636736463555584.000000 0.358773470 2.727880239 1.086151719 -0.022957353 -0.002872384 0.034120597 -0.999149919
1403636736563555584.000000 0.389213979 2.714040995 1.084325552 0.025793428 0.002570479 -0.044725478 0.998662949
1403636736663555584.000000 0.387515962 2.693257570 1.070255756 0.027692953 0.004568256 -0.050155573 0.998346984
1403636736763555584.000000 0.386915773 2.668754339 1.054929376 0.029292895 0.004035706 -0.052151628 0.998201311
1403636736813555456.000000 0.385652274 2.655064821 1.045565367 0.030020079 0.004890036 -0.053520616 0.998103440
1403636736863555584.000000 0.378920645 2.634948492 1.025979638 -0.031102080 -0.005593626 0.051935863 -0.998150349
1403636736963555584.000000 0.357481688 2.607408762 1.014939189 -0.033722050 -0.005736198 0.051337548 -0.998095393
1403636737013555456.000000 0.346310556 2.591874123 1.008503914 -0.036174532 -0.005019556 0.048162058 -0.998171687
1403636737063555584.000000 0.338104188 2.562486887 1.006004930 0.037844758 0.005875514 -0.046003334 0.998206913
1403636737163555584.000000 0.326398939 2.524652004 0.989911079 0.042314298 0.005811589 -0.042610995 0.998178363
1403636737213555456.000000 0.316171974 2.507698298 0.981609821 0.044088852 0.005285351 -0.041557729 0.998148918
1403636737263555584.000000 0.308005214 2.489482403 0.974092364 0.046224955 0.004096830 -0.039306436 0.998149097
1403636737363555584.000000 0.242742956 2.478750706 0.938946307 -0.050270587 -0.003230383 0.038785167 -0.997977018
1403636737463555584.000000 0.268093467 2.424612761 0.941939056 0.051215567 -0.003602538 -0.040057816 0.997877479
1403636737563555584.000000 0.275789410 2.386983156 0.924230635 0.052892927 -0.007968181 -0.040017989 0.997766197
1403636737613555456.000000 0.276261896 2.369895458 0.913896501 0.054015562 -0.009296409 -0.038161613 0.997767329
1403636737663555584.000000 0.278466374 2.353345871 0.903383911 0.055692799 -0.011074563 -0.034856565 0.997777879
1403636737763555584.000000 0.244456962 2.340728045 0.868053555 -0.058984987 0.010527216 0.028129892 -0.997806966
1403636737813555456.000000 0.255895972 2.323637486 0.856677532 -0.059601489 0.011065627 0.025471410 -0.997835875
1403636737863555584.000000 0.263260931 2.310985804 0.843435884 -0.059827991 0.011311617 0.023926383 -0.997857809
1403636737963555584.000000 0.278047651 2.284574270 0.826671183 0.059520204 -0.011123585 -0.023366118 0.997891605
1403636738013555456.000000 0.293937534 2.273069382 0.815807104 0.058612704 -0.010810027 -0.023493176 0.997945786
1403636738063555584.000000 0.312554568 2.261361122 0.806128681 0.057454407 -0.011330754 -0.024201551 0.997990489
1403636738163555584.000000 0.344726086 2.245509624 0.787147284 0.055137571 -0.008143694 -0.026999079 0.998080492
1403636738213555456.000000 0.343036294 2.249724865 0.764936268 -0.054348174 0.005720131 0.027767189 -0.998119533
1403636738263555584.000000 0.355617583 2.245065451 0.755591989 -0.053486772 0.005461320 0.027869377 -0.998164654
1403636738363555584.000000 0.384000152 2.229929686 0.746806264 -0.051310938 0.006550978 0.028467163 -0.998255432
1403636738413555456.000000 0.395119876 2.224238873 0.742695272 -0.050591461 0.006913888 0.028388254 -0.998292029
1403636738463555584.000000 0.376926005 2.216845751 0.745091021 0.048223000 -0.006751477 -0.027284507 0.998441041
1403636738563555584.000000 0.387099147 2.203058243 0.746647537 0.039763004 -0.008922835 -0.023998033 0.998881102
1403636738613555456.000000 0.391707510 2.197991133 0.749017179 0.033815630 -0.010866666 -0.020631358 0.999156058
1403636738663555584.000000 0.395008355 2.194631577 0.751245558 0.026229903 -0.011093415 -0.017304504 0.999444664
1403636738763555584.000000 0.411262691 2.202129126 0.740002990 -0.009044091 0.006649211 0.007239683 -0.999910772
1403636738813555456.000000 0.402708620 2.201416254 0.750456929 0.001174392 0.004805366 0.002304238 -0.999985158
1403636738863555584.000000 0.400075197 2.202088594 0.755596697 0.011636734 0.001208406 -0.004413438 -0.999921858
1403636738963555584.000000 0.352013826 2.218085766 0.756156862 -0.033472165 0.006743948 0.020196818 0.999212801
1403636739013555456.000000 0.343942076 2.221566677 0.762929738 -0.045441445 0.008754871 0.028363505 0.998525918
1403636739063555584.000000 0.335162967 2.226749659 0.769600391 -0.058075849 0.009685952 0.036042046 0.997614384
1403636739163555584.000000 0.319474578 2.242618084 0.783169746 -0.087376341 0.009785251 0.041939721 0.995244086
1403636739263555584.000000 0.301480591 2.271286249 0.788215876 0.118148863 -0.009390214 -0.044567350 -0.991950870
1403636739363555584.000000 0.252036214 2.298243523 0.798195302 -0.149779841 0.010894603 0.043410957 0.987705827
1403636739413555456.000000 0.244632065 2.308375120 0.800087512 -0.164351285 0.010267792 0.044038951 0.985364854
1403636739463555584.000000 0.238748059 2.319355488 0.802287102 -0.178300649 0.010116002 0.045666985 0.982863724
1403636739563555584.000000 0.232929558 2.340100765 0.805756629 -0.201056808 0.010804647 0.055068076 0.977970839
1403636739613555456.000000 0.228069454 2.349537611 0.808248758 -0.209253147 0.011582564 0.060180791 0.975939155
1403636739663555584.000000 0.262767315 2.371044159 0.801390052 0.216183499 -0.009825605 -0.063754894 -0.974219441
1403636739763555584.000000 0.262283206 2.389755487 0.801453233 0.224783674 -0.010106992 -0.070616648 -0.971793950
1403636739813555456.000000 0.260995924 2.398015976 0.802976131 0.227638111 -0.010511332 -0.072690636 -0.970971942
1403636739863555584.000000 0.218409464 2.416006565 0.809442759 -0.229137197 0.012662866 0.075881958 0.970349371
1403636739963555584.000000 0.209585115 2.435042143 0.814831734 -0.231625780 0.012283920 0.076013528 0.969752848
1403636740063555584.000000 0.178014338 2.454912663 0.822272062 -0.232458830 0.011704309 0.072832711 0.969804823
1403636740163555584.000000 0.207161829 2.481229067 0.824911416 0.233222783 -0.008012999 -0.066857502 -0.970089197
1403636740213555456.000000 0.173780710 2.493257046 0.830574870 0.233721226 -0.008759554 -0.061097920 -0.970342636
1403636740263555584.000000 0.156585798 2.503494501 0.835533679 0.233777002 -0.008410786 -0.057338148 -0.970561683
1403636740363555584.000000 0.149416089 2.521479607 0.834769309 -0.230097651 0.011038133 0.059167750 0.971304476
1403636740413555456.000000 0.128799319 2.530132055 0.841857791 -0.227803335 0.012915089 0.062032618 0.971643448
1403636740463555584.000000 0.107657216 2.538843632 0.848589420 -0.225847095 0.013055611 0.064059712 0.971966624
1403636740563555584.000000 0.074010916 2.558689833 0.862511694 -0.222560987 0.016289635 0.065767288 0.972561598
1403636740613555456.000000 0.067122646 2.561582804 0.862313449 0.221493989 -0.014721281 -0.065707475 -0.972834110
1403636740663555584.000000 0.052945308 2.569878340 0.867481589 0.220116660 -0.015223699 -0.066769883 -0.973066688
1403636740763555584.000000 0.033115812 2.585860491 0.875567377 0.218422189 -0.010127781 -0.066491485 -0.973533869
1403636740863555584.000000 0.019872218 2.596063852 0.891269863 -0.217170864 0.009641752 0.066163518 0.973840952
1403636740963555584.000000 -0.014653895 2.612975597 0.896966338 -0.218910947 0.012559582 0.057532527 0.973966300
1403636741013555456.000000 -0.034166835 2.621582031 0.899487674 -0.221102178 0.012269265 0.050125521 0.973884344
1403636741063555584.000000 -0.054799497 2.629721642 0.903203726 -0.224340305 0.012870306 0.043647256 0.973447919
1403636741163555584.000000 -0.084050842 2.649101019 0.916058660 0.230685070 -0.015990335 -0.042693827 -0.971959829
1403636741213555456.000000 -0.111994743 2.653456688 0.920700967 0.233426690 -0.018494556 -0.047858693 -0.971019804
1403636741263555584.000000 -0.140588909 2.657165289 0.925991118 0.235148191 -0.020279245 -0.054589197 -0.970213473
1403636741363555584.000000 -0.191724375 2.661509037 0.926760793 -0.237336338 0.016923817 0.065433376 0.969073534
1403636741413555456.000000 -0.218658954 2.664217472 0.929405212 -0.238813326 0.013633358 0.069676138 0.968466640
1403636741463555584.000000 -0.244188398 2.667106152 0.931247056 -0.240320042 0.009588428 0.072639905 0.967924476
1403636741563555584.000000 -0.292990029 2.673722267 0.933977664 -0.241043299 -0.000214378 0.081822895 0.967059076
1403636741663555584.000000 -0.331363976 2.687697411 0.940372586 -0.242862299 -0.005772509 0.081958309 0.966575146
1403636741763555584.000000 -0.359682828 2.699541569 0.940815449 -0.243729249 -0.003133907 0.078474864 0.966658175
1403636741813555456.000000 -0.371455759 2.706018925 0.941221476 -0.244032145 -0.001012983 0.075561270 0.966818392
1403636741863555584.000000 -0.383863181 2.713030338 0.942026913 -0.244385034 0.001323009 0.071629971 0.967028201
1403636741963555584.000000 -0.415423632 2.727133989 0.946537018 0.244746849 -0.002805026 -0.062690139 -0.967554152
1403636742013555456.000000 -0.429470092 2.733598709 0.949630141 0.244856313 -0.000937106 -0.058129955 -0.967814803
1403636742063555584.000000 -0.444301784 2.739195824 0.953634858 0.243609786 0.002069119 -0.056561265 -0.968220472
1403636742163555584.000000 -0.471321553 2.751412868 0.975882292 -0.238819465 -0.010164289 0.061108500 0.969086111
1403636742213555456.000000 -0.481678605 2.755364656 0.979722738 -0.236535251 -0.011372300 0.063174605 0.969500244
1403636742263555584.000000 -0.489761770 2.759628773 0.984451234 -0.233607620 -0.011353743 0.066843703 0.969964206
1403636742363555584.000000 -0.501200020 2.768455744 0.999563992 -0.230090454 -0.004396908 0.068899602 0.970717251
1403636742413555456.000000 -0.502575696 2.772182941 1.005135417 -0.228779852 -0.000213799 0.067854069 0.971110523
1403636742463555584.000000 -0.496581584 2.779489756 0.988780081 0.227338031 -0.003065710 -0.068744138 -0.971381664
1403636742563555584.000000 -0.499474287 2.792766333 1.010554552 0.225367188 -0.005621211 -0.066449761 -0.971988976
1403636742613555456.000000 -0.498410404 2.800477982 1.004203558 0.224607304 -0.008008206 -0.065635532 -0.972203434
1403636742663555584.000000 -0.482474059 2.796442986 1.026673913 -0.225164115 0.010893928 0.065123245 0.972081006
1403636742763555584.000000 -0.486742765 2.805783987 1.047503829 -0.223913684 0.015133944 0.063884929 0.972395122
1403636742863555584.000000 -0.499910474 2.812869787 1.069258094 -0.222694561 0.017686222 0.063580334 0.972652018
1403636742963555584.000000 -0.511953354 2.828922272 1.078958988 -0.222095445 0.017759113 0.066312246 0.972605288
1403636743013555456.000000 -0.510363340 2.829736471 1.093037724 -0.224454820 0.016657984 0.065435588 0.972142398
1403636743063555584.000000 -0.568699360 2.845142603 1.092783689 0.225993812 -0.012160822 -0.068971932 -0.971607924
1403636743163555584.000000 -0.600926638 2.857929707 1.111553907 0.230405942 0.007398671 -0.078073777 -0.969929338
1403636743213555456.000000 -0.636718750 2.874737740 1.115952969 0.231763273 0.016199818 -0.082472488 -0.969134569
1403636743263555584.000000 -0.617442667 2.865423203 1.138875246 -0.235371828 -0.025135720 0.084045313 0.967938364
1403636743363555584.000000 -0.621271789 2.879623652 1.162022352 -0.237778321 -0.031019870 0.088780522 0.966756105
1403636743463555584.000000 -0.624147415 2.903251171 1.186464190 -0.239541829 -0.026565332 0.089152761 0.966419101
1403636743513555456.000000 -0.639592350 2.929109335 1.201985002 0.239797980 0.023111014 -0.087810002 -0.966567218
1403636743563555584.000000 -0.640682757 2.941986799 1.216654181 0.240803167 0.017577352 -0.086926661 -0.966513693
1403636743663555584.000000 -0.644946039 2.970423222 1.253464222 0.243386373 0.009555546 -0.080520995 -0.966534078
1403636743713555456.000000 -0.650369525 2.984141827 1.274269700 0.244858995 0.004944962 -0.077386156 -0.966452837
1403636743763555584.000000 -0.661124766 3.007863760 1.276531696 -0.246524811 -0.001515828 0.074938782 0.966233611
1403636743863555584.000000 -0.686826885 3.038489342 1.324332952 -0.251963854 0.006292820 0.078567080 0.964521587
1403636743963555584.000000 -0.707738101 3.072391033 1.370068908 -0.258132219 0.011715856 0.077241853 0.962945580
1403636744063555584.000000 -0.729112446 3.108093739 1.410650730 -0.263781399 0.014733642 0.076026216 0.961468875
1403636744163555584.000000 -0.756493509 3.142480850 1.458888173 -0.271688968 0.015531725 0.079414017 0.958977222
1403636744263555584.000000 -0.802746177 3.166180134 1.509170890 -0.277037263 0.019337902 0.084610574 0.956931293
1403636744363555584.000000 -0.810657978 3.197218895 1.577652216 0.280122399 -0.021122849 -0.090962350 -0.955411553
1403636744463555584.000000 -0.880812705 3.217920303 1.617899179 0.279688090 -0.023251126 -0.097982287 -0.954795003
1403636744513555456.000000 -0.911606610 3.229714394 1.640613794 0.277567893 -0.025318712 -0.103209227 -0.954810441
1403636744563555584.000000 -0.933976531 3.246261358 1.654604554 -0.276347905 0.028477514 0.105239622 0.954853714
1403636744663555584.000000 -0.998989046 3.269955158 1.702399135 -0.275172532 0.031998537 0.106513843 0.954940319
1403636744713555456.000000 -1.034386635 3.283751488 1.725765109 -0.275940329 0.033613823 0.103542343 0.954990149
1403636744763555584.000000 -1.070603132 3.298268080 1.747851372 -0.277798593 0.033169955 0.098353334 0.955015421
1403636744813555456.000000 -1.105408430 3.313290596 1.768008947 -0.279198587 0.031801697 0.094697826 0.955023110
1403636744863555584.000000 -1.137088299 3.325762272 1.792295575 0.280910581 -0.028332831 -0.090613000 -0.955026567
1403636744913555456.000000 -1.148864627 3.344888926 1.791061163 -0.281233907 0.023438258 0.088496238 0.955262601
1403636745013555456.000000 -1.205230236 3.369874716 1.822137117 -0.279926777 0.015878471 0.087948099 0.955852568
1403636745113555456.000000 -1.246696353 3.402446032 1.846853495 -0.276098073 0.006764682 0.089351363 0.956943274
1403636745213555456.000000 -1.302053213 3.417975903 1.886412859 0.273003936 -0.004045654 -0.087621085 -0.958005786
1403636745263555584.000000 -1.312679887 3.438423872 1.892768264 0.270420164 -0.004473824 -0.087429397 -0.958753884
1403636745313555456.000000 -1.328506112 3.453572035 1.904560685 0.268541545 -0.004974003 -0.085357830 -0.959465861
1403636745413555456.000000 -1.331734657 3.484928846 1.907309532 -0.265227616 0.010324872 0.078856036 0.960900307
1403636745463555584.000000 -1.339683771 3.498734474 1.916558862 -0.265141338 0.013979106 0.075749278 0.961127818
1403636745513555456.000000 -1.346823812 3.512022018 1.925371647 -0.265007406 0.017182192 0.075545065 0.961128950
1403636745613555456.000000 -1.360962868 3.537139893 1.941076994 -0.267186344 0.021433331 0.076040938 0.960400939
1403636745713555456.000000 -1.359179616 3.554603577 1.969398737 0.273086816 -0.022237543 -0.076265596 -0.958703637
1403636745813555456.000000 -1.364572763 3.577327967 1.974161983 0.279447824 -0.021021957 -0.076175012 -0.956903577
1403636745863555584.000000 -1.364062309 3.587514877 1.978598118 0.283421159 -0.020065021 -0.074978545 -0.955849469
1403636745913555456.000000 -1.358064294 3.594215631 1.967433214 -0.286432207 0.019253159 0.075394854 0.954935372
1403636746013555456.000000 -1.346343279 3.606912851 1.964362264 -0.294374943 0.017634260 0.072957821 0.952737987
1403636746063555584.000000 -1.336139083 3.609045506 1.961581230 -0.298038334 0.016104909 0.071184844 0.951759756
1403636746113555456.000000 -1.324923635 3.610539913 1.960155249 -0.301513672 0.013832121 0.069526441 0.950823009
1403636746213555456.000000 -1.314812064 3.619237185 1.983300209 0.305928081 -0.017306050 -0.068731442 -0.949412704
1403636746263555584.000000 -1.301462054 3.616098881 1.982009411 0.307476074 -0.021736700 -0.068128273 -0.948864937
1403636746313555456.000000 -1.279151320 3.607296467 1.974772930 0.309204459 -0.029536761 -0.065213285 -0.948297083
1403636746413555456.000000 -1.282184482 3.603762865 2.009849072 -0.310528100 0.040136766 0.064387061 0.947531343
1403636746463555584.000000 -1.272068501 3.592824459 2.008831263 -0.309206784 0.038468599 0.067860708 0.947790265
1403636746513555456.000000 -1.264471412 3.580482721 2.008255959 -0.307500929 0.033737704 0.071540698 0.948254704
1403636746613555456.000000 -1.256992579 3.552012205 2.008708954 -0.301765293 0.015434135 0.082420848 0.949687541
1403636746663555584.000000 -1.225588679 3.524634361 1.973509073 0.297202140 -0.003602272 -0.089792028 -0.950576365
1403636746713555456.000000 -1.240752101 3.517240047 1.987068653 0.292423069 0.004175278 -0.098393597 -0.951204598
1403636746813555456.000000 -1.238148093 3.489515305 1.993417025 0.284806043 0.010783660 -0.110024139 -0.952189088
1403636746863555584.000000 -1.235739350 3.478672028 1.997939587 0.281998843 0.010129406 -0.113780640 -0.952590227
1403636746913555456.000000 -1.259175062 3.472123623 2.053191662 -0.281117320 -0.007404765 0.115114965 0.952715516
1403636747013555456.000000 -1.254895210 3.463127613 2.066469669 -0.279186964 -0.003030260 0.113467939 0.953504324
1403636747063555584.000000 -1.247019410 3.459964275 2.071877480 -0.280585289 -0.000795691 0.106943041 0.953852415
1403636747113555456.000000 -1.236468315 3.457560778 2.076523781 -0.282769024 0.001613042 0.099979013 0.953961968
1403636747213555456.000000 -1.200436711 3.445137024 2.071988583 0.287093371 -0.006364510 -0.087658271 -0.953862131
1403636747313555456.000000 -1.171456337 3.443568945 2.091598034 0.290029973 -0.008360098 -0.082313634 -0.953434408
1403636747363555584.000000 -1.153301835 3.441318274 2.097381353 0.291011214 -0.008997592 -0.081273809 -0.953218877
1403636747413555456.000000 -1.142815709 3.438373566 2.110427856 -0.292611986 0.010840459 0.079156578 0.952887714
1403636747513555456.000000 -1.110882998 3.431163311 2.123013496 -0.294592500 0.009426763 0.081279881 0.952113509
1403636747613555456.000000 -1.088419914 3.419836521 2.139446259 -0.296172440 0.007800751 0.084124096 0.951390743
1403636747713555456.000000 -1.054626584 3.403750658 2.144543648 0.298145622 -0.006869278 -0.086566627 -0.950562060
1403636747763555584.000000 -1.039502025 3.399509192 2.154320002 0.299459934 -0.006153983 -0.086670496 -0.950144291
1403636747813555456.000000 -1.021247029 3.393453836 2.162912369 0.300377756 -0.006101615 -0.087441251 -0.949784219
1403636747913555456.000000 -0.950183868 3.381773472 2.170154810 -0.299251765 0.009137448 0.097849488 0.949099839
1403636748013555456.000000 -0.903688669 3.369183540 2.189319134 -0.296413869 0.017286010 0.112196825 0.948288918
1403636748113555456.000000 -0.867344499 3.357935429 2.206493139 -0.295860529 0.020120908 0.119689152 0.947489500
1403636748213555456.000000 -0.859397948 3.350786924 2.227367878 0.296998173 -0.020057218 -0.121085860 -0.946957290
1403636748263555584.000000 -0.836168468 3.348644018 2.233462572 0.299292535 -0.017888658 -0.116346255 -0.946872532
1403636748313555456.000000 -0.824064553 3.347469807 2.242117643 0.302221417 -0.015102343 -0.109519690 -0.946804941
1403636748363555584.000000 -0.810083449 3.347549438 2.249714851 0.305121452 -0.012149750 -0.101786852 -0.946780205
1403636748413555456.000000 -0.779576898 3.345337868 2.240110874 -0.307169080 0.008156015 0.094728783 0.946893454
1403636748463555584.000000 -0.767494977 3.345420361 2.248825073 -0.308073521 0.008163173 0.091807045 0.946887314
1403636748563555584.000000 -0.736417234 3.347228050 2.264877796 -0.309043467 0.008701710 0.089141153 0.946821213
1403636748663555584.000000 -0.699401855 3.346592426 2.277876616 -0.306709498 0.012890824 0.096271157 0.946834266
1403636748713555456.000000 -0.690654576 3.347045422 2.299599886 0.305497527 -0.016014688 -0.101403780 -0.946642578
1403636748813555456.000000 -0.656195045 3.344677687 2.303924799 0.303696305 -0.019062623 -0.109161079 -0.946302831
1403636748913555456.000000 -0.631871104 3.338918447 2.312263727 -0.304947197 0.021483375 0.112602606 0.945445120
1403636749013555456.000000 -0.613539875 3.342021227 2.322830677 -0.307453245 0.023657266 0.114909239 0.944303274
1403636749113555456.000000 -0.594467878 3.347781658 2.330114841 -0.307481706 0.026985032 0.121928670 0.943324029
1403636749163555584.000000 -0.583318770 3.356815815 2.340958595 0.308033556 -0.028249867 -0.123269558 -0.942932665
1403636749213555456.000000 -0.574605405 3.362159491 2.342243433 0.309678376 -0.027914200 -0.122256175 -0.942535758
1403636749313555456.000000 -0.552429914 3.375446558 2.334802389 0.315728396 -0.025833042 -0.111845523 -0.941880524
1403636749363555584.000000 -0.538703203 3.382237196 2.329022408 0.318207234 -0.023731316 -0.107219122 -0.941639602
1403636749413555456.000000 -0.532185197 3.374879360 2.339938164 -0.321099937 0.022842448 0.102667391 0.941186786
1403636749513555456.000000 -0.502282381 3.388744593 2.326715231 -0.324254721 0.019336265 0.094203122 0.941068947
1403636749613555456.000000 -0.474596769 3.402228117 2.320291519 -0.327033758 0.017085636 0.084843025 0.941041291
1403636749713555456.000000 -0.453311145 3.421140432 2.308692455 0.325836599 -0.018095786 -0.082629330 -0.941634536
1403636749813555456.000000 -0.423875302 3.424795151 2.306779385 0.324043244 -0.024959520 -0.082668953 -0.942092836
1403636749913555456.000000 -0.419807911 3.425940990 2.313276529 -0.321958482 0.033894300 0.080539718 0.942712724
1403636749963555584.000000 -0.414201230 3.426368952 2.312094212 -0.320399612 0.037034664 0.080029130 0.943169117
1403636750013555456.000000 -0.409586370 3.426022530 2.311311245 -0.318687379 0.038590036 0.079716742 0.943713188
1403636750113555456.000000 -0.400626719 3.420632124 2.305885315 -0.315234214 0.036849797 0.080841266 0.944846153
1403636750163555584.000000 -0.398048580 3.424256086 2.294478655 0.313330412 -0.034390628 -0.081357233 -0.945527554
1403636750213555456.000000 -0.392447352 3.419136047 2.288816690 0.311432153 -0.033299055 -0.082549535 -0.946090281
1403636750313555456.000000 -0.375989497 3.408124924 2.275838375 0.307841212 -0.028002253 -0.084832832 -0.947234452
1403636750413555456.000000 -0.385632813 3.399169922 2.268056870 -0.304994166 0.024006244 0.084566407 0.948288381
1403636750513555456.000000 -0.363410950 3.383802891 2.247809410 -0.301562488 0.023030533 0.083137020 0.949535608
1403636750563555584.000000 -0.344767243 3.373926640 2.235576153 -0.300041676 0.022046473 0.081923909 0.950146079
1403636750613555456.000000 -0.326513231 3.363954782 2.223033905 -0.298345298 0.021279825 0.081481457 0.950735569
1403636750713555456.000000 -0.233461425 3.343848705 2.182813168 0.295208424 -0.019568419 -0.084097385 -0.951523423
1403636750813555456.000000 -0.221414283 3.326921225 2.153153181 0.294319898 -0.015993459 -0.079107374 -0.952293098
1403636750863555584.000000 -0.199839920 3.315305710 2.136061430 0.293604106 -0.015330845 -0.078489557 -0.952575982
1403636750913555456.000000 -0.149286509 3.304077148 2.108838797 -0.292997271 0.012805278 0.079453371 0.952720225
1403636751013555456.000000 -0.100401901 3.276257515 2.073397875 -0.293971002 0.009934305 0.076847479 0.952668309
1403636751113555456.000000 -0.056118906 3.253011465 2.045931578 -0.294146687 0.009873498 0.077540226 0.952558517
1403636751213555456.000000 0.012822554 3.225627422 2.014806271 -0.295099884 0.001891390 0.080157489 0.952096283
1403636751263555584.000000 0.025899321 3.210300207 2.010462284 -0.294751257 -0.002629441 0.082659386 0.951988578
1403636751313555456.000000 0.043390602 3.196350574 2.001163960 -0.294512719 -0.004405192 0.085280210 0.951824665
1403636751413555456.000000 0.072765842 3.170875072 1.987444162 -0.293113858 0.000712020 0.092719413 0.951570809
1403636751463555584.000000 0.107260287 3.166494131 1.955243945 0.291378468 -0.005000795 -0.098206908 -0.951540351
1403636751513555456.000000 0.125098094 3.156494617 1.946018457 0.289816588 -0.009200347 -0.101098821 -0.951683104
1403636751613555456.000000 0.167746603 3.138190031 1.932919979 0.283735096 -0.014660715 -0.104787700 -0.953047276
1403636751713555456.000000 0.193270817 3.118738651 1.928787947 -0.277563095 0.012839677 0.108170383 0.954512000
1403636751763555584.000000 0.210593596 3.111445665 1.921456575 -0.274668515 0.008860077 0.109249949 0.955271244
1403636751813555456.000000 0.226276740 3.105069399 1.913947225 -0.271932870 0.004397510 0.110330619 0.955960453
1403636751913555456.000000 0.258349836 3.098109007 1.897327662 -0.270709544 -0.004864021 0.104147390 0.956998467
1403636752013555456.000000 0.294094741 3.102646112 1.871532202 0.270907015 0.010514859 -0.094477311 -0.957900286
1403636752113555456.000000 0.323926389 3.101902485 1.862860918 0.271606117 0.008838172 -0.089239292 -0.958221436
1403636752213555456.000000 0.348365128 3.106840372 1.861404061 -0.268856943 0.000360464 0.083785750 0.959528983
1403636752313555456.000000 0.380368829 3.110446453 1.859197378 -0.260476828 0.010308873 0.077790238 0.962285995
1403636752363555584.000000 0.397803903 3.111638069 1.857846379 -0.254362404 0.014913292 0.074372925 0.964129746
1403636752413555456.000000 0.415906131 3.112438440 1.855108261 -0.247027755 0.017377179 0.071046703 0.966244161
1403636752513555456.000000 0.483765125 3.120362282 1.836459756 0.229131609 -0.016172443 -0.064021580 -0.971153140
1403636752563555584.000000 0.505204320 3.121454954 1.831899524 0.219499290 -0.014288413 -0.060161270 -0.973651171
1403636752613555456.000000 0.502291322 3.115713358 1.820472002 -0.209689125 0.013520455 0.056075945 0.976065218
1403636752713555456.000000 0.519042194 3.112323523 1.810865760 -0.189145103 0.011259359 0.047975514 0.980711877
1403636752813555456.000000 0.548714519 3.111286163 1.805265903 -0.168458551 0.008195215 0.038103946 0.984937906
1403636752863555584.000000 0.560504913 3.109328508 1.803524256 -0.157528237 0.006328534 0.033250120 0.986934304
1403636752913555456.000000 0.601658344 3.116043329 1.802845001 0.146986455 -0.005527232 -0.025612745 -0.988791406
1403636753013555456.000000 0.613546550 3.111386538 1.802726746 0.126023337 -0.002776796 -0.010347993 -0.991969466
1403636753113555456.000000 0.606448293 3.112236023 1.789496779 -0.102614783 0.002338074 -0.002286711 0.994715869
1403636753213555456.000000 0.606850028 3.104062319 1.793744087 -0.078408211 0.000879082 -0.013896083 0.996824145
1403636753263555584.000000 0.604362249 3.098671198 1.795883298 -0.066803783 0.000348157 -0.021005766 0.997544944
1403636753313555456.000000 0.599734128 3.092895746 1.799090862 -0.055570956 0.000350513 -0.029396215 0.998021841
1403636753413555456.000000 0.603688717 3.080305815 1.819084883 0.034116063 -0.001988256 0.035563044 -0.998782992
1403636753463555584.000000 0.600582302 3.068259239 1.821833014 0.025163267 -0.002486004 0.035231475 -0.999059260
1403636753513555456.000000 0.610173464 3.063761234 1.806288004 -0.017061591 0.002910616 -0.033257414 0.999296963
1403636753613555456.000000 0.607917011 3.038785696 1.808044434 -0.006760892 0.005383480 -0.030819057 0.999487638
1403636753713555456.000000 0.608698487 3.015140057 1.809123635 -0.001980644 0.005890106 -0.028307604 0.999580026
1403636753763555584.000000 0.608375609 3.003672123 1.808158040 -0.001330762 0.007037455 -0.028801657 0.999559522
1403636753813555456.000000 0.614434481 2.998033047 1.818266630 0.001058677 -0.007659949 0.029616904 -0.999531448
1403636753913555456.000000 0.609768331 2.970881462 1.815222740 0.002207083 -0.007719298 0.028218035 -0.999569535
1403636754013555456.000000 0.620538950 2.947630167 1.801488996 -0.005013363 0.007727500 -0.028173074 0.999560654
1403636754063555584.000000 0.616879463 2.934537888 1.800164700 -0.006179497 0.011085243 -0.027420225 0.999543428
1403636754113555456.000000 0.616951346 2.920720339 1.797684073 -0.007242909 0.014634334 -0.026837274 0.999506474
1403636754213555456.000000 0.616587639 2.894393921 1.790014505 -0.010767045 0.020413714 -0.028460676 0.999328494
1403636754263555584.000000 0.598090649 2.879852533 1.795115829 0.012663371 -0.022292187 0.029108627 -0.999247432
1403636754313555456.000000 0.602128744 2.864645720 1.787164688 0.014244608 -0.023125393 0.028916016 -0.999212801
1403636754363555584.000000 0.604406714 2.849303246 1.779983640 0.015462693 -0.023218332 0.030257640 -0.999152839
1403636754463555584.000000 0.616726398 2.815694571 1.759427428 -0.012951898 0.022170784 -0.030892653 0.999192834
1403636754513555456.000000 0.623712778 2.796649218 1.745062590 -0.010377198 0.021041600 -0.032288644 0.999203265
1403636754613555456.000000 0.630872905 2.756959677 1.715933919 -0.002017260 0.017116571 -0.037468318 0.999149263
1403636754663555584.000000 0.633973777 2.736757994 1.699145317 0.004548748 0.016286051 -0.039968826 0.999057829
1403636754713555456.000000 0.630719721 2.712033033 1.692465782 -0.012008280 -0.015502877 0.041638244 -0.998940349
1403636754813555456.000000 0.630536914 2.666353941 1.665595293 -0.028151171 -0.014101647 0.046791781 -0.998408377
1403636754863555584.000000 0.608833075 2.646442652 1.654253721 0.036114566 0.014713124 -0.047125854 0.998127520
1403636754913555456.000000 0.603991926 2.623430729 1.640015841 0.041862726 0.015119706 -0.050073870 0.997753263
1403636755013555456.000000 0.593432844 2.575792551 1.609348178 0.051538475 0.013405122 -0.055448305 0.997040451
1403636755113555456.000000 0.582795441 2.526592255 1.576033354 0.058353998 0.011994996 -0.057628017 0.996559024
1403636755213555456.000000 0.574212730 2.483419657 1.535996914 -0.063883089 -0.010624981 0.058056954 -0.996210575
1403636755263555584.000000 0.566306949 2.457733870 1.515976667 -0.065004244 -0.007868142 0.057947647 -0.996170044
1403636755313555456.000000 0.563488424 2.423966408 1.491517305 0.065350965 0.002872747 -0.057586264 0.996195197
1403636755413555456.000000 0.556289136 2.365598917 1.451839089 0.065076008 -0.008625739 -0.058518730 0.996125638
1403636755463555584.000000 0.554442823 2.337342739 1.431879401 0.064893670 -0.012033139 -0.058001690 0.996132433
1403636755513555456.000000 0.553218365 2.308894873 1.412542224 0.064017281 -0.012889897 -0.058589779 0.996144056
1403636755613555456.000000 0.544001341 2.263446331 1.372981548 -0.062510014 0.010600231 0.061109211 -0.996115386
1403636755663555584.000000 0.541801810 2.234123230 1.355455995 -0.062317882 0.009153570 0.058503784 -0.996298194
1403636755713555456.000000 0.536844969 2.204900980 1.339486003 -0.061824534 0.008310713 0.057639811 -0.996386647
1403636755813555456.000000 0.534843564 2.148128986 1.295208216 0.061370790 -0.005086055 -0.055757742 0.996543467
1403636755913555456.000000 0.517084420 2.090955496 1.266562581 0.061541695 0.000096793 -0.054174073 0.996633291
1403636756013555456.000000 0.500234842 2.031198263 1.237362981 0.061942272 0.002447480 -0.051961470 0.996723294
1403636756113555456.000000 0.488249004 1.973592758 1.214611650 0.061991535 0.004297250 -0.053151309 0.996651232
1403636756163555584.000000 0.489339203 1.941223741 1.188401818 0.061765779 0.004975747 -0.052383166 0.996702731
1403636756213555456.000000 0.488419980 1.909549594 1.170638442 0.061975364 0.006108277 -0.051898226 0.996708751
1403636756313555456.000000 0.485300869 1.845525384 1.133864641 0.062418569 0.006988102 -0.051410478 0.996700585
1403636756363555584.000000 0.473678231 1.808583975 1.143362164 -0.062601432 -0.008423277 0.053297017 -0.996578991
1403636756413555456.000000 0.474534601 1.790147424 1.114474416 0.063349292 0.008786591 -0.053964149 0.996492624
1403636756513555456.000000 0.465914607 1.725153446 1.080218673 0.064270243 0.008449092 -0.052935477 0.996491790
1403636756563555584.000000 0.460059822 1.693708897 1.062666416 0.064612970 0.008553557 -0.053415932 0.996443093
1403636756613555456.000000 0.452516258 1.665506363 1.042804718 0.065229125 0.008975479 -0.053192247 0.996411145
1403636756713555456.000000 0.430530101 1.588518262 1.015236259 -0.065508060 -0.010341618 0.053612817 -0.996357083
1403636756813555456.000000 0.421577841 1.537780404 0.966221333 0.067885533 0.011240444 -0.051746659 0.996286869
1403636756863555584.000000 0.415786266 1.508375645 0.942935586 0.068667367 0.011025307 -0.051557787 0.996245563
1403636756913555456.000000 0.412030369 1.479112148 0.917625308 0.068910263 0.010708305 -0.051981188 0.996210217
1403636757013555456.000000 0.405719608 1.420255661 0.866839767 0.070070803 0.011086426 -0.052010398 0.996123552
1403636757113555456.000000 0.391284257 1.355763674 0.822144926 0.070551209 0.012035416 -0.051848035 0.996087134
1403636757213555456.000000 0.374300778 1.300844908 0.773459911 0.071504742 0.011885201 -0.049551327 0.996137857
1403636757263555584.000000 0.364310622 1.273400307 0.748987019 0.071608350 0.011469604 -0.050334260 0.996096015
1403636757313555456.000000 0.353477269 1.245816350 0.724386156 0.070890427 0.010679177 -0.052857339 0.996025443
1403636757413555456.000000 0.316869199 1.188015819 0.677443206 0.070589684 0.008422534 -0.055713765 0.995912731
1403636757463555584.000000 0.305134028 1.158752322 0.652010024 0.070093222 0.006372183 -0.057515852 0.995860577
1403636757513555456.000000 0.293273568 1.129235029 0.625642359 0.071159184 0.003844074 -0.059824400 0.995661914
1403636757613555456.000000 0.273153275 1.068267465 0.573214710 0.076819383 -0.006256348 -0.063613482 0.994994044
1403636757663555584.000000 0.272187531 1.027573466 0.550136149 -0.079204135 0.012978403 0.066075586 -0.994581461
1403636757713555456.000000 0.244873703 1.006617427 0.527549982 0.083337165 -0.018550023 -0.067015991 0.994092405
1403636757813555456.000000 0.244235843 0.940036595 0.476415694 0.089857228 -0.028374488 -0.068765901 0.993172586
1403636757863555584.000000 0.247790411 0.905052483 0.451258034 0.093063354 -0.030935833 -0.068052158 0.992850006
1403636757913555456.000000 0.252861768 0.870380163 0.427313358 0.095805541 -0.031179992 -0.067814611 0.992597818
1403636758013555456.000000 0.268404573 0.798955619 0.386784822 0.100835398 -0.019027973 -0.067491263 0.992428958
1403636758113555456.000000 0.280690253 0.728061140 0.351634145 0.104772024 -0.008267587 -0.063373461 0.992440581
1403636758213555456.000000 0.273972273 0.665719628 0.324864805 0.107970849 0.002720804 -0.061240148 0.992262423
1403636758263555584.000000 0.303323835 0.622926891 0.308536708 -0.108949378 -0.009176377 0.062703766 -0.992025256
1403636758313555456.000000 0.288024336 0.591094792 0.289661199 -0.109780997 -0.007484308 0.060167860 -0.992104828
1403636758413555456.000000 0.277522326 0.524948597 0.259102643 -0.110810116 0.001365190 0.056022190 -0.992260456
1403636758463555584.000000 0.268694103 0.492513329 0.243455857 -0.111579269 0.010675546 0.053011905 -0.992283225
1403636758513555456.000000 0.255211681 0.471974641 0.239087820 0.113632508 -0.018482614 -0.048646800 0.992159128
1403636758613555456.000000 0.234786689 0.410121739 0.218474850 0.116309293 -0.038842082 -0.038878717 0.991691470
1403636758713555456.000000 0.220245957 0.356295764 0.201959088 0.116014756 -0.034464628 -0.036162131 0.991990507
1403636758813555456.000000 0.201442868 0.305751562 0.206390932 0.115078211 -0.017499402 -0.037510164 0.992493749
1403636758863555584.000000 0.195666850 0.281106204 0.203800365 0.114041589 -0.008194900 -0.040526714 0.992615223
1403636758913555456.000000 0.189521968 0.259468853 0.200534344 0.111877128 -0.002043621 -0.045949657 0.992657065
1403636759013555456.000000 0.183480501 0.216033280 0.189338043 0.109910987 0.003538556 -0.050549392 0.992648959
1403636759063555584.000000 0.173961237 0.189925805 0.200841859 0.110968187 0.005053054 -0.048078902 0.992647469
1403636759113555456.000000 0.167875975 0.169071600 0.197869495 0.113368221 0.005671074 -0.040952761 0.992692471
1403636759213555456.000000 0.146601200 0.132782534 0.193610549 0.120921537 0.004869316 -0.020321809 0.992442131
1403636759263555584.000000 0.135515004 0.118011579 0.191896603 0.124275476 0.004119813 -0.011683473 0.992170453
1403636759313555456.000000 0.148882687 0.095387973 0.183791757 -0.124621958 -0.003348387 0.009747393 -0.992150784
1403636759413555456.000000 0.121914074 0.078238413 0.177771255 0.120817110 0.004817352 -0.022097278 0.992417157
1403636759513555456.000000 0.093802176 0.068109825 0.179817259 0.115054928 0.006768266 -0.039017722 0.992569506
1403636759613555456.000000 0.061807092 0.064446718 0.184230223 0.112071685 0.009159687 -0.051401943 0.992327511
1403636759713555456.000000 0.052109905 0.064477362 0.174108431 0.110458396 0.006977563 -0.058750257 0.992118359
1403636759763555584.000000 0.042990979 0.063699938 0.170149446 0.111584157 0.009076329 -0.057779256 0.992032349
1403636759863555584.000000 0.033032343 0.064105019 0.161882579 0.111776374 0.009208813 -0.058265027 0.991981089
1403636759913555456.000000 0.026677653 0.063810885 0.156773776 0.111609057 0.004336189 -0.058794547 0.992002010
1403636759963555584.000000 0.021920975 0.066944040 0.168844223 -0.110946946 0.003196263 0.060060818 -0.992004752
1403636760063555584.000000 0.005908245 0.065068550 0.150431573 -0.111210123 0.010614349 0.058079399 -0.992041528
1403636760113555456.000000 0.006800087 0.066012189 0.133199185 0.110157594 -0.016998840 -0.058864411 0.992023945
1403636760163555584.000000 -0.001358448 0.065761685 0.129603803 0.109762147 -0.020530691 -0.059290528 0.991975546
1403636760263555584.000000 -0.015503208 0.065009072 0.124574810 0.110625841 -0.009246726 -0.057584938 0.992149413
1403636760363555584.000000 -0.030251332 0.064768463 0.121837430 0.111007594 0.003082786 -0.056967083 0.992180705
1403636760463555584.000000 -0.069949031 0.072303697 0.132662892 0.110127509 0.009798178 -0.059493180 0.992086947
1403636760513555456.000000 -0.081064843 0.072470732 0.131288365 0.109090313 0.009113507 -0.061767068 0.992069125
1403636760563555584.000000 -0.092325732 0.072341412 0.130061820 0.108588606 0.004168235 -0.063531578 0.992045820
1403636760613555456.000000 -0.102628030 0.073147207 0.127045020 0.108052269 -0.001248681 -0.065044135 0.992014349
1403636760713555456.000000 -0.135003954 0.065378010 0.152396947 -0.107737869 0.008985819 0.068324268 -0.991788089
1403636760763555584.000000 -0.136570737 0.072034977 0.127348557 0.106609181 -0.008543338 -0.070212483 0.991782069
1403636760813555456.000000 -0.145279586 0.070878334 0.125322580 0.106514357 -0.005426356 -0.071048819 0.991754651
1403636760913555456.000000 -0.157864228 0.056226779 0.130355552 -0.107102871 -0.000886236 0.073215872 -0.991548181
1403636761013555456.000000 -0.169031799 0.054322828 0.111296155 0.108078942 -0.003542311 -0.070483923 0.991634250
1403636761113555456.000000 -0.186127961 0.044731118 0.106545165 0.109147087 -0.015409157 -0.067012385 0.991644561
1403636761163555584.000000 -0.196367621 0.040115315 0.102023318 0.109119266 -0.022746786 -0.066617988 0.991532981
1403636761213555456.000000 -0.204666167 0.034157842 0.099965423 0.108742245 -0.029222092 -0.068061426 0.991306603
1403636761313555456.000000 -0.202413604 0.013888396 0.093124054 0.108527392 -0.037376054 -0.068911947 0.990997493
1403636761413555456.000000 -0.208863780 -0.001993226 0.097182848 0.108700417 -0.026612433 -0.067645609 0.991413236
1403636761513555456.000000 -0.210055634 -0.016855743 0.101305395 0.109918825 -0.011773960 -0.066126853 0.991668582
1403636761563555584.000000 -0.208866224 -0.025863675 0.105126008 0.110018834 -0.005496114 -0.065328605 0.991765022
1403636761613555456.000000 -0.207316577 -0.034866001 0.108400419 0.110185318 -0.000687569 -0.063945755 0.991851687
1403636761713555456.000000 -0.204509556 -0.054940943 0.114595175 0.113434136 0.002475073 -0.053168688 0.992118835
1403636761763555584.000000 -0.201248020 -0.064009897 0.117274031 -0.115232825 -0.002069340 0.047164835 -0.992216051
1403636761813555456.000000 -0.198265389 -0.070462160 0.108366430 0.116542213 0.001427959 -0.042058617 0.992293835
1403636761913555456.000000 -0.194124624 -0.081725121 0.110904679 0.116945758 0.001712245 -0.040728021 0.992301404
1403636761963555584.000000 -0.190718666 -0.085319139 0.110976100 0.115250051 0.001256674 -0.044119421 0.992355466
1403636762013555456.000000 -0.186897412 -0.088346437 0.111302130 0.111838073 0.002791469 -0.052888967 0.992314100
1403636762113555456.000000 -0.180150315 -0.093120441 0.111156322 0.103101715 0.007050470 -0.075449653 0.991780043
1403636762213555456.000000 -0.171957374 -0.100947939 0.107857957 0.097432360 0.001262199 -0.087403022 0.991396010
1403636762263555584.000000 -0.169351786 -0.106724821 0.106519885 0.097064711 -0.006929761 -0.086408764 0.991495848
1403636762313555456.000000 -0.168772414 -0.113630868 0.106275454 0.097289845 -0.015387402 -0.083862342 0.991597295
1403636762413555456.000000 -0.175569147 -0.131318599 0.117865972 0.099380046 -0.024964869 -0.077687547 0.991698086
1403636762513555456.000000 -0.185427800 -0.151686653 0.125682026 0.107313216 -0.024012828 -0.054116704 0.992460907
1403636762613555456.000000 -0.199929133 -0.177965686 0.142221794 0.117540278 -0.013950957 -0.026736502 0.992610157
1403636762663555584.000000 -0.209959477 -0.186192945 0.152048633 0.120052613 -0.008736925 -0.018932903 0.992548585
1403636762713555456.000000 -0.221635312 -0.192672715 0.162045822 0.118947707 -0.003897752 -0.022200702 0.992644668
1403636762813555456.000000 -0.251311421 -0.201496899 0.185101643 0.113778442 0.001474871 -0.038834795 0.992745817
1403636762913555456.000000 -0.257187575 -0.214444399 0.197024122 0.109313868 0.019564275 -0.044122398 0.992834866
1403636763013555456.000000 -0.233214125 -0.231185883 0.194349036 0.086535610 -0.018593138 -0.050505675 0.994794011
1403636763063555584.000000 -0.221391082 -0.235925660 0.197925046 0.078547910 -0.019223725 -0.037769303 0.996009171
1403636763113555456.000000 -0.202526420 -0.248861000 0.199399576 0.072259866 -0.007702869 -0.030855492 0.996878743
1403636763213555456.000000 -0.134814084 -0.277068287 0.205044508 0.066224232 0.008174711 -0.027052380 0.997404516
1403636763263555584.000000 -0.097322464 -0.293359041 0.209269643 0.066363439 -0.000513637 -0.025582371 0.997467399
1403636763313555456.000000 -0.057497915 -0.311365575 0.210979670 0.066484161 0.002711231 -0.024931664 0.997472286
1403636763413555456.000000 0.013777778 -0.339281529 0.215509653 0.063772149 0.004360658 -0.024366623 0.997657478
1403636763463555584.000000 0.049193498 -0.355802149 0.213601887 0.062865779 0.003415864 -0.024785930 0.997708321
1403636763513555456.000000 0.085073203 -0.374073088 0.211673513 0.063031413 0.003277470 -0.024207240 0.997712553
1403636763613555456.000000 0.158082590 -0.410529643 0.219041377 0.064272016 0.003851521 -0.023460433 0.997649252
1403636763713555456.000000 0.226900667 -0.447062045 0.227714166 0.062637761 0.000823404 -0.023019057 0.997770548
1403636763813555456.000000 0.302280635 -0.490650445 0.236769721 0.064774610 0.003499234 -0.022599153 0.997637928
