0,-0.0845273,-0.229493,2.33599
0,-0.00991719,0.165734,2.13033
0,0.470125,-0.0633281,2.62249
0,0.470075,-0.0715891,2.62221
0,0.578595,0.00282524,2.62693
0,0.169212,0.0839595,2.34799
0,0.14799,0.0696178,2.36377
0,0.191466,0.0913839,2.34854
0,0.464848,-0.226132,2.59305
0,0.453647,-0.137763,2.62283
0,0.454299,-0.28189,2.57958
0,0.459871,-0.312682,2.56528
0,0.498304,-0.138684,2.64036
0,0.495768,-0.171108,2.62692
0,0.502133,-0.285973,2.61693
0,0.521717,-0.315847,2.59125
0,0.564354,-0.288252,2.63779
0,0.583415,-0.318306,2.61143
0,0.584204,-0.252778,2.61496
0,0.586646,-0.104807,2.62589
0,0.622852,-0.288382,2.63898
0,0.620438,-0.320418,2.62875
0,0.618344,-0.105983,2.65535
0,0.640985,-0.285342,2.61116
0,0.308858,-0.15336,1.25819
0,0.667581,-0.114185,2.6514
0,0.313717,-0.0510078,1.27798
0,0.586192,-0.195728,2.62386
0,0.312351,-0.0949162,1.27241
0,0.616077,-0.163985,2.64562
0,0.617906,-0.352128,2.61803
0,0.616971,-0.376321,2.61406
0,0.588451,-0.373911,2.59732
0,0.64258,-0.253039,2.61766
0,0.493202,-0.194942,2.61333
0,0.466596,-0.194157,2.6028
0,0.492222,-0.227448,2.60814
0,0.525257,-0.194607,2.60884
0,0.496837,-0.105074,2.63259
0,0.469343,-0.112752,2.61813
0,0.52649,-0.17033,2.61496
0,0.498761,-0.349617,2.59935
0,0.468845,-0.353791,2.57014
0,0.500419,-0.375448,2.608
0,0.453226,-0.370479,2.57348
0,0.531431,-0.374125,2.5988
0,0.49529,-0.261964,2.62439
0,0.455754,-0.250156,2.58784
0,0.621006,-0.0475814,2.66678
0,0.598866,-0.0471621,2.64328
0,0.62026,-0.0727187,2.66358
0,0.658871,-0.0472816,2.64999
0,0.282657,0.0639682,2.43234
0,0.304613,0.0713911,2.42398
0,0.497805,-0.0470627,2.63772
0,0.454086,-0.0468424,2.62537
0,0.497112,-0.0719123,2.63405
0,0.560706,-0.0474593,2.65994
0,0.55963,-0.0724799,2.65484
0,0.49942,0.00284606,2.64627
0,0.453088,0.00281738,2.6196
0,0.561231,-0.0139256,2.66243
0,0.519549,-0.0137118,2.62154
0,0.106805,0.124664,2.28006
0,0.0798378,0.0833989,2.33232
0,-0.0895243,-0.233402,2.33826
0,-0.0827556,-0.29453,2.35544
0,-0.0144574,0.164202,2.13954
0,-0.131224,0.184631,2.06619
0,0.421147,-0.0137373,2.62644
0,0.169955,0.0902766,2.3583
0,0.454465,-0.137012,2.60854
0,0.498679,-0.287788,2.63354
0,0.484826,-0.315153,2.61259
0,0.489512,-0.068689,2.63784
0,0.499801,-0.0986912,2.63947
0,0.546788,-0.28689,2.62533
0,0.546497,-0.316521,2.62393
0,0.555816,-0.405427,2.62106
0,0.567261,-0.446296,2.62814
0,0.597642,-0.138169,2.63056
0,0.601809,-0.46217,2.60551
0,0.637471,-0.0286889,2.63063
0,0.288353,0.119564,2.23843
0,-0.308747,0.183235,2.09492
0,-0.336755,0.14543,2.12156
0,-0.328709,0.12438,2.17454
0,0.0984755,0.0634457,2.35597
0,0.080132,0.0807538,2.34091
0,0.233726,0.0907863,2.37162
0,0.284717,0.0652714,2.42377
0,0.49052,0.00117605,2.64328
0,0.45505,0.00116209,2.6119
0,0.482292,-0.470836,2.59894
0,0.448525,-0.48588,2.57444
0,0.461602,-0.401114,2.59318
0,0.483188,-0.442157,2.60377
0,0.499395,-0.198396,2.63733
0,0.48641,-0.226928,2.62113
0,0.535436,-0.375293,2.61839
0,0.528053,-0.138191,2.63097
0,0.592474,-0.373777,2.60781
0,0.646189,-0.197514,2.62562
0,0.652781,-0.433713,2.61224
0,0.484413,-0.344514,2.61037
0,0.462175,-0.372142,2.5964
0,0.617481,-0.257576,2.63028
0,0.60529,-0.286372,2.62058
0,0.586621,-0.197527,2.62578
0,0.596917,-0.227469,2.62737
0,0.489749,-0.0387666,2.63912
0,0.454935,-0.038357,2.61124
0,0.500557,-0.138847,2.64347
0,0.55851,-0.257917,2.63376
0,0.526091,-0.266603,2.62119
0,0.499061,-0.258094,2.63557
0,0.452112,-0.254124,2.59503
0,0.45146,-0.28317,2.59129
0,0.506596,-0.405718,2.62295
0,0.534286,-0.443685,2.61277
0,0.504673,-0.45361,2.61299
0,0.60154,-0.402841,2.60435
0,0.301659,0.074098,2.41257
0,0.102833,0.12904,2.25602
0,0.145202,0.0734505,2.39149
0,0.534265,-0.483209,2.61267
0,0.652691,-0.473182,2.61188
0,0.567779,-0.486515,2.63054
0,-0.295031,0.176588,2.1102
0,-0.271025,0.102783,2.24184
0,-0.245438,0.136632,2.24055
0,-0.198447,0.191806,2.10199
0,-0.132824,0.188962,2.07082
0,0.416173,-0.00873377,2.61599
0,-0.0359075,-0.462241,2.40105
0,0.193255,0.105419,2.33793
0,0.462958,-0.414101,2.6008
0,0.485194,-0.448251,2.59342
0,0.488602,-0.154962,2.61164
0,0.4666,-0.143631,2.62126
0,0.454266,-0.0483758,2.61877
0,0.489568,-0.0958633,2.6168
0,0.537866,-0.405351,2.62057
0,0.548355,-0.451783,2.61386
0,0.498259,-0.272334,2.60015
0,0.603645,-0.378042,2.59645
0,0.602825,-0.401073,2.59292
0,0.613674,-0.44749,2.58902
0,0.675795,-0.473344,2.60191
0,0.656235,-0.476296,2.61813
0,0.352806,-0.161794,1.26958
0,0.721501,-0.39629,2.63947
0,0.343437,-0.0468039,1.27762
0,0.7744,-0.33854,2.65649
0,0.464124,-0.261249,2.60735
0,0.46349,-0.284536,2.60379
0,0.485804,-0.319129,2.59669
0,0.462927,-0.378651,2.60063
0,0.542318,-0.0847996,2.64227
0,0.497066,-0.389453,2.59393
0,0.455025,-0.000817749,2.62314
0,0.141754,0.14899,2.19775
0,0.104524,0.122193,2.25567
0,0.142892,0.0641777,2.38315
0,0.0863988,0.0835054,2.31893
0,0.4873,-0.225504,2.60468
0,0.459634,-0.493193,2.58213
0,0.721646,-0.264521,2.64
0,0.774816,-0.157708,2.65792
0,0.77471,-0.218016,2.65756
0,0.665349,-0.438806,2.60727
0,0.558509,-0.485894,2.60586
0,-0.336771,0.144521,2.13183
0,-0.279511,0.0998753,2.21498
0,-0.240551,0.130733,2.2267
0,-0.183478,0.092094,2.27109
0,-0.0304153,-0.457982,2.39778
0,-0.188396,0.189705,2.09634
0,-0.310637,0.179326,2.08632
0,-0.128357,0.185469,2.04953
0,0.722037,-0.456548,2.64143
0,0.418016,-0.0126886,2.61513
0,0.770513,-0.274115,2.59467
0,0.706015,-0.271062,2.56577
0,0.768641,-0.329858,2.58836
0,0.768802,-0.442768,2.58891
0,0.70822,-0.440181,2.57378
0,0.595485,-0.383734,2.57139
0,0.643048,-0.471853,2.59371
0,-0.192268,0.106831,2.2775
0,-0.296049,0.104056,2.21834
0,-0.0191488,-0.504582,2.35114
0,0.845616,-0.403453,2.6083
0,0.789621,-0.531921,2.6111
0,0.851982,-0.263312,2.62794
0,-0.138041,0.183499,2.02776
0,-0.293438,0.17966,2.11253
0,-0.106099,-0.104796,2.29242
0,-0.108996,-0.261626,2.355
0,0.0812208,0.0825232,2.29166
0,0.458471,-0.146554,2.5888
0,0.456107,-0.258053,2.57545
0,0.364864,-0.363286,2.52662
0,0.587727,-0.147134,2.59904
0,0.587424,-0.331047,2.5977
0,-0.390702,0.215847,2.02031
0,0.136935,0.0743121,2.34781
0,0.08967,0.0884623,2.3164
0,0.542357,-0.461445,2.59876
0,0.665857,-0.464631,2.61671
0,0.879151,-0.390235,2.69363
0,0.896546,-0.495781,2.69298
0,0.794211,-0.469716,2.64535
0,0.468808,-0.388849,2.56816
0,-0.232473,0.0989115,2.21142
0,-0.298341,0.0968269,2.16481
0,0.460741,-0.139634,2.61773
0,0.457468,-0.274586,2.59913
0,0.869071,-0.287058,2.71718
0,0.817303,-0.542746,2.66424
0,-0.131899,0.181132,2.00161
0,-0.289536,0.190119,2.10092
0,0.229869,0.0745827,2.35636
0,0.273199,0.0738028,2.33172
0,-0.389071,0.211952,2.04648
0,-0.0937577,-0.86614,2.359
0,-0.224159,0.091565,2.24397
0,-0.31874,0.105512,2.16878
0,-0.0868524,-0.858862,2.33918
0,0.481206,-0.409473,2.63608
0,-0.157574,0.181349,2.06364
0,-0.289096,0.182612,2.07801
0,0.251465,0.0740432,2.24651
0,0.458603,-0.222407,2.62508
0,0.484682,-0.287445,2.65512
0,0.877822,-0.399883,2.71129
0,0.907112,-0.510756,2.73547
0,0.669194,-0.472827,2.6434
0,0.542965,-0.47127,2.63469
0,0.88504,-0.274493,2.73358
0,0.550025,-0.268003,2.66895
0,-0.105928,0.022193,2.35527
0,-0.390331,0.20834,2.0116
1,0.0165171,0.267881,1.58339
1,-0.0636901,0.261816,1.5888
1,-0.0623194,0.268565,1.60412
1,-0.0142297,0.229644,1.64972
1,-0.133763,0.269911,1.65828
1,-0.134374,0.274038,1.66527
1,0.18037,0.243272,1.67979
1,0.175445,0.246499,1.70176
1,0.0369756,0.265664,1.72328
1,-0.162289,0.268905,1.72611
1,-0.172665,0.281521,1.78461
1,-0.217937,0.291478,1.85599
1,-0.216541,0.299908,1.8638
1,-0.619277,0.290732,1.89155
1,0.307456,0.250456,1.90634
1,-0.00800706,0.182633,1.9033
1,-0.00999498,0.177574,1.91409
1,-0.0864648,0.319524,1.9228
1,-9.21957e-06,0.176624,1.95313
1,0.392217,0.234187,2.02283
1,0.338125,0.266286,2.02903
1,0.393879,0.235233,2.0314
1,0.0276052,0.241645,2.02962
1,0.0949779,0.186966,2.0426
1,0.175209,0.173463,2.05136
1,0.489862,0.225716,2.06008
1,0.442096,0.217474,2.05952
1,0.439593,0.218743,2.05994
1,0.461759,0.218082,2.06197
1,0.455525,0.219335,2.06282
1,0.351748,0.279068,2.06799
1,0.161754,0.221922,2.06418
1,0.162472,0.174896,2.06463
1,0.425707,0.212131,2.07174
1,0.0817971,0.109227,2.06359
1,0.438904,0.208247,2.07637
1,0.175772,0.201986,2.07792
1,0.429501,0.213475,2.08392
1,0.166083,0.177447,2.07809
1,0.173727,0.201282,2.08399
1,0.151327,0.162186,2.08324
1,0.408105,0.206214,2.09198
1,0.440823,0.210118,2.09428
1,0.437446,0.181817,2.09274
1,0.180499,0.205242,2.09134
1,0.158359,0.157592,2.08871
1,0.178677,0.171644,2.09039
1,0.412761,0.202089,2.1016
1,0.183695,0.17225,2.09635
1,0.0854866,0.116317,2.09167
1,0.387438,0.202032,2.10555
1,0.39,0.192022,2.10907
1,0.0838859,0.078783,2.09758
1,0.192251,0.17917,2.10945
1,0.350107,0.189181,2.11414
1,0.390632,0.193153,2.12102
1,0.374121,0.191901,2.13895
1,0.370126,0.194508,2.13936
1,0.346346,0.186088,2.13851
1,0.445901,0.181176,2.14546
1,0.295816,0.171151,2.14448
1,0.475631,0.205325,2.15001
1,0.233359,0.166273,2.14413
1,0.323728,0.172349,2.15288
1,0.316926,0.178932,2.15348
1,0.195964,0.192708,2.15307
1,0.100604,0.133081,2.14811
1,0.461661,0.197884,2.15808
1,0.337433,0.18632,2.15765
1,-0.316556,0.183332,2.1499
1,0.323637,0.176878,2.16551
1,0.295229,0.171862,2.16927
1,0.489896,0.19032,2.17508
1,0.295824,0.167309,2.17258
1,0.468795,0.197224,2.17837
1,0.110875,0.143038,2.16945
1,0.206032,0.194901,2.17457
1,0.520217,0.201134,2.1817
1,0.19878,0.192889,2.18327
1,0.238368,0.18085,2.18445
1,0.243226,0.181064,2.18591
1,0.229035,0.167121,2.18514
1,0.412399,0.175715,2.19055
1,-0.0725402,-0.193007,2.1595
1,-0.0850587,-0.254868,2.15812
1,0.45669,0.182219,2.20049
1,0.240382,0.16847,2.19941
1,0.23368,0.206703,2.208
1,0.391146,0.176835,2.20872
1,-0.293604,0.160748,2.198
1,0.396399,0.162392,2.21147
1,0.400511,0.162532,2.21234
1,-0.093955,0.0342462,2.19813
1,0.23672,0.169002,2.21367
1,0.458664,0.187068,2.2185
1,-0.0964072,-0.220471,2.18377
1,0.498916,0.194876,2.22127
1,-0.273692,0.0904926,2.20419
1,0.501136,0.196643,2.22523
1,0.235848,0.174975,2.21986
1,-0.0883836,-0.220927,2.19035
1,-0.0500259,0.00516419,2.20649
1,0.44604,0.180939,2.22987
1,-0.0994803,-0.0969254,2.2044
1,0.370617,0.165922,2.23139
1,0.185002,0.120128,2.2294
1,-0.0430503,-0.0126724,2.22137
1,0.0945771,0.0989668,2.23862
1,0.0518228,0.279935,2.25575
1,0.265234,0.14458,2.25035
1,0.374633,0.16361,2.25477
1,0.391932,0.164134,2.25759
1,0.378746,0.155519,2.25765
1,-0.048387,0.00890383,2.25206
1,0.309923,0.140894,2.26866
1,0.187027,0.130198,2.26657
1,-0.0318831,-0.429482,2.23668
1,-0.0353028,-0.439085,2.23886
1,0.342708,0.146617,2.2848
1,0.347371,0.148982,2.29341
1,0.314904,0.140577,2.30455
1,0.325404,0.137371,2.30505
1,-0.245277,0.137408,2.30664
1,0.224835,0.0740557,2.31666
1,0.308002,0.128804,2.3254
1,0.324566,0.148449,2.32718
1,0.344183,0.144071,2.3283
1,0.485285,0.0758069,2.32695
1,0.322921,0.143903,2.33169
1,0.484547,0.074452,2.33013
1,0.224705,0.0799315,2.33483
1,0.281621,0.1222,2.34524
1,0.502145,0.0698216,2.34778
1,-0.0815517,-0.839349,2.28346
1,0.341954,0.12403,2.35836
1,0.232764,0.085384,2.35864
1,-0.0138079,-0.215227,2.33438
1,-0.220775,0.210239,2.3719
1,0.365744,0.124167,2.38946
1,0.360719,0.122414,2.39835
1,0.225746,0.083275,2.3945
1,0.0566132,0.235189,2.40438
1,0.511397,0.0759698,2.4018
1,0.195508,0.10946,2.41497
1,0.277687,0.0509736,2.42048
1,0.299361,0.104316,2.4247
1,0.382337,0.126651,2.42958
1,0.30575,0.103034,2.42707
1,0.307847,0.104809,2.43204
1,0.667158,-0.592237,2.39506
1,0.291974,0.0687528,2.44033
1,-0.204779,0.104599,2.46641
1,0.286804,0.0740881,2.4725
1,0.0554176,0.241177,2.48387
1,-0.208783,0.10505,2.47713
1,0.0588815,0.251332,2.50697
1,0.543141,0.0856311,2.51367
1,0.712236,-0.777526,2.47516
1,0.324357,0.0709533,2.55343
1,0.475563,-0.445947,2.53726
1,0.469491,-0.0857926,2.56875
1,0.533503,-0.460502,2.54721
1,0.53088,-0.321478,2.55771
1,0.532559,-0.391265,2.55422
1,0.441674,-0.0307904,2.57893
1,0.529161,-0.210324,2.56797
1,0.460846,-0.281392,2.56261
1,0.526132,-0.0292014,2.58357
1,0.527325,-0.0850153,2.58004
1,0.52926,-0.15492,2.57778
1,0.459078,-0.142324,2.57812
1,0.401111,-0.0176843,2.58963
1,0.472796,-0.451284,2.56735
1,0.591251,-0.267187,2.58736
1,0.588511,-0.0986231,2.60193
1,0.58682,-0.0141922,2.60782
1,0.458554,-0.405013,2.58693
1,0.453854,-0.160052,2.6053
1,0.467779,-0.0306739,2.6159
1,0.452174,-0.0522074,2.61564
1,0.455055,-0.476684,2.58747
1,0.467066,-0.440357,2.59171
1,0.538,-0.0973363,2.61653
1,0.499376,-0.407074,2.59521
1,0.45882,-0.408295,2.59738
1,0.65601,-0.396023,2.60278
1,0.468853,-0.474225,2.59567
1,0.456881,-0.26124,2.61355
1,0.650901,-0.0841602,2.6291
1,0.649836,-0.0273275,2.63335
1,0.532375,-0.284908,2.61718
1,0.590897,-0.316779,2.61624
1,0.532083,-0.260304,2.6199
1,0.525429,-0.340772,2.6144
1,0.527136,-0.0131864,2.63718
1,0.454372,-0.492702,2.6037
1,0.839322,-0.151954,2.63303
1,0.457739,-0.0344973,2.63553
1,0.837248,-0.0380399,2.64158
1,0.565667,-0.489851,2.60703
1,0.535692,-0.409017,2.61266
1,0.536401,-0.442034,2.6106
1,0.456359,-0.163079,2.62884
1,0.477018,-0.111572,2.63382
1,0.475623,-0.042261,2.63864
1,0.535604,-0.376428,2.61777
1,0.492109,-0.349254,2.61952
1,0.531259,-0.318783,2.62235
1,0.525752,-0.0314311,2.64368
1,0.59174,-0.259976,2.62913
1,0.592515,-0.0114208,2.64625
1,0.529307,-0.200039,2.6328
1,0.529541,-0.0462519,2.64359
1,0.497604,-0.00419893,2.64642
1,0.498336,-0.0399121,2.64401
1,0.504621,-0.443767,2.61671
1,0.532763,-0.195101,2.6344
1,0.528572,-0.150522,2.63755
1,0.505356,-0.46878,2.61621
1,0.502416,-0.31994,2.62684
1,0.504012,-0.389572,2.62304
1,0.531409,-0.104231,2.64307
1,0.544285,-0.408709,2.62259
1,0.601948,-0.288536,2.63327
1,0.41831,-0.014794,2.64953
1,0.605102,-0.4377,2.62361
1,0.603907,-0.378067,2.62776
1,0.544477,-0.492612,2.61919
1,0.514533,-0.469409,2.62086
1,0.501239,-0.221011,2.63806
1,0.586505,-0.000504212,2.65452
1,0.544504,-0.480914,2.62131
1,0.836082,-0.453891,2.62791
1,0.83367,-0.325043,2.63738
1,0.548375,-0.0709189,2.65068
1,0.597684,-0.0401107,2.65375
1,0.548039,-0.0510225,2.65237
1,0.607937,-0.0498753,2.65357
1,0.427568,-0.00555097,2.65489
1,0.673925,-0.335516,2.63615
1,0.490523,-0.467975,2.62502
1,0.61792,0.000100705,2.66152
1,0.564737,-0.330083,2.63843
1,0.563526,-0.270261,2.64254
1,0.540532,-0.218853,2.64595
1,0.618924,-0.039785,2.65962
1,0.620262,-0.0996367,2.65605
1,0.456531,0.00198763,2.66067
1,0.779567,-0.398726,2.63793
1,0.56618,-0.390059,2.63539
1,0.549056,-0.039142,2.65928
1,0.559089,-0.0309767,2.66094
1,0.561746,-0.160701,2.65216
1,0.722327,-0.400016,2.63825
1,0.566843,-0.486822,2.63048
1,0.83136,-0.0816762,2.66249
1,0.615479,-0.00327463,2.6648
1,0.715063,-0.0120197,2.6671
1,0.736086,-0.335368,2.64531
1,0.71672,-0.083953,2.66291
1,0.606576,-0.457913,2.63583
1,0.597344,-0.00229301,2.66712
1,0.63401,-0.469494,2.63608
1,0.619579,-0.169835,2.6565
1,0.622132,-0.286515,2.6493
1,0.625285,-0.436544,2.63949
1,0.730979,-0.0117418,2.67282
1,0.733979,-0.155879,2.66322
1,0.732879,-0.0958358,2.66777
1,0.567782,-0.4466,2.64162
1,0.621232,-0.195158,2.65969
1,0.775281,-0.0253326,2.67487
1,0.624072,-0.320463,2.65239
1,0.779456,-0.212951,2.66328
1,0.77829,-0.155225,2.66725
1,0.561635,-0.104633,2.66886
1,0.777339,-0.0831132,2.67396
1,0.561301,-0.0712456,2.67279
1,0.547544,-0.0124139,2.67744
1,0.722075,-0.0481237,2.67907
1,0.662601,-0.345406,2.67247
1,0.681794,-0.394324,2.67221
1,0.660961,-0.220065,2.68477
1,0.735268,-0.411109,2.67405
1,0.72145,-0.030183,2.7035
1,0.616292,-0.0322096,2.70224
1,0.848685,-0.0277721,2.7085
1,0.872185,-0.146523,2.7007
1,0.729126,-0.00903924,2.70909
1,0.795264,-0.471039,2.68006
1,0.807263,-0.341199,2.69108
1,0.853457,-0.154304,2.70687
1,0.861877,-0.340885,2.69767
1,0.7926,-0.395097,2.69351
1,0.789471,-0.219266,2.70708
1,0.865156,-0.464428,2.69166
1,0.785842,-0.0256182,2.72139
1,0.750173,-0.15679,2.7137
1,0.806485,-0.0958878,2.72211
1,0.858602,-0.0242914,2.72937
1,0.756884,-0.220689,2.7162
1,0.86102,-0.0950103,2.72765
1,0.884405,-0.0916507,2.746
1,0.9395,-0.84415,2.76186
1,0.97286,-0.94767,2.79392
1,-0.0118724,-0.279743,2.92299
1,-0.00959328,-0.179309,2.95497
1,0.00311486,-0.368648,2.99773
1,-0.0144472,-0.195149,3.06872
2,0.326254,-0.205422,1.24368
2,0.340531,-0.0202944,1.26371
2,0.343736,-0.119109,1.25925
2,-0.435133,0.355095,1.44136
2,-0.297085,0.403918,1.46904
2,-0.330344,0.427578,1.47092
2,-0.288213,0.41201,1.49027
2,-0.286226,0.412538,1.49732
2,-0.119666,0.248324,1.52784
2,-0.513716,0.308559,1.54288
2,-0.334594,0.403424,1.61667
2,-0.502982,0.328365,1.6295
2,-0.337911,0.411526,1.64162
2,0.546585,0.234313,1.68631
2,0.638524,0.329373,1.69408
2,0.638136,0.316904,1.69716
2,0.404987,0.205512,1.69322
2,0.695047,0.325975,1.7255
2,0.569906,0.247276,1.73921
2,0.630919,0.258102,1.74148
2,0.638467,0.260938,1.74405
2,-0.406945,0.397554,1.73948
2,0.502589,0.188823,1.75454
2,-0.472734,0.372318,1.76023
2,0.592543,0.259742,1.79226
2,-0.0593347,-0.0733428,1.7822
2,0.547202,0.239685,1.86498
2,0.536307,0.208482,1.8926
2,0.39251,0.0523638,1.88104
2,0.544522,0.111131,1.90596
2,0.606184,0.238932,1.92411
2,0.518192,0.228764,1.94306
2,0.603593,0.204504,1.95078
2,0.592994,0.123292,1.95344
2,0.589734,0.126343,1.95574
2,0.399519,0.199125,1.96227
2,0.393094,0.19065,1.97654
2,0.131558,0.139536,1.99634
2,0.0957977,0.125511,2.00642
2,0.632048,0.210545,2.03655
2,0.497817,0.225094,2.03946
2,0.33192,0.167768,2.03506
2,0.339482,0.180932,2.04197
2,0.205629,0.177145,2.06981
2,0.580181,0.226442,2.0899
2,0.608518,0.193987,2.09686
2,0.555658,0.230051,2.1262
2,0.539115,0.221042,2.13498
2,0.123312,0.0575056,2.14351
2,0.441132,0.18591,2.17682
2,0.535163,0.22425,2.18205
2,0.219091,0.0689223,2.16551
2,0.249386,0.138946,2.19854
2,0.0905446,0.0567778,2.19636
2,0.258966,0.176916,2.23287
2,0.559324,0.214564,2.25373
2,0.403411,0.168278,2.2521
2,0.247866,0.187817,2.24956
2,0.550292,0.208713,2.29974
2,-0.331061,0.104222,2.27888
2,-0.341674,0.197606,2.31367
2,0.359472,0.151786,2.33058
2,0.296915,0.142055,2.33252
2,0.277019,0.142318,2.34354
2,-0.317264,0.193437,2.37182
2,0.334267,0.154365,2.41412
2,0.358687,0.151179,2.42414
2,0.178414,0.0793457,2.42336
2,0.389047,0.141247,2.46905
2,0.365947,0.133272,2.50038
2,0.824909,-0.473449,2.51016
2,0.342757,0.132202,2.53722
2,0.571431,-0.452439,2.51574
2,-0.392829,0.240247,2.54858
2,0.505754,-0.0125825,2.55764
2,0.571115,-0.189732,2.56489
2,0.645203,-0.0930453,2.57316
2,0.569037,-0.075978,2.57722
2,0.68473,-0.328979,2.56677
2,0.581823,-0.428036,2.56836
2,-0.239549,0.228539,2.58829
2,0.65226,-0.150228,2.59175
2,0.528054,-0.267318,2.58272
2,0.709491,-0.148686,2.595
2,0.568067,0.0881365,2.60638
2,0.823187,-0.208168,2.59797
2,0.332724,0.110539,2.60394
2,0.592292,-0.451388,2.58277
2,0.531238,-0.151816,2.5987
2,0.584685,-0.338396,2.59125
2,0.549168,-0.329746,2.59282
2,0.584627,-0.373373,2.59182
2,0.525928,-0.342079,2.5925
2,0.516868,-0.0236585,2.61231
2,0.523161,-0.226848,2.6023
2,0.578896,-0.150876,2.60825
2,0.659669,-0.333936,2.60102
2,0.591152,-0.16054,2.60973
2,0.606467,-0.26698,2.60476
2,0.532707,-0.192069,2.60774
2,0.540635,-0.226709,2.60732
2,0.536411,-0.200559,2.60988
2,0.532893,-0.23533,2.6081
2,0.76723,-0.194115,2.61794
2,0.520269,-0.078299,2.61838
2,0.539623,-0.286687,2.60835
2,0.703882,-0.20752,2.61752
2,0.590179,-0.0713686,2.62226
2,0.543565,-0.407223,2.60344
2,0.710432,-0.196159,2.62263
2,0.533621,-0.48527,2.60214
2,0.706836,-0.0756332,2.62926
2,0.471375,-0.345881,2.60925
2,0.551628,-0.235645,2.61895
2,0.559865,-0.227154,2.62041
2,0.606327,-0.26153,2.62038
2,0.459644,0.0126547,2.63265
2,0.60874,-0.323873,2.61941
2,0.336775,0.121234,2.63876
2,0.464913,-0.0885195,2.63048
2,0.461077,-0.0112657,2.6355
2,0.823182,-0.2052,2.63543
2,0.709882,-0.266218,2.63049
2,0.310563,0.0656184,2.63926
2,0.713133,-0.162391,2.63851
2,0.657575,-0.101923,2.6413
2,0.716871,-0.266448,2.63518
2,0.479414,-0.238919,2.63185
2,0.717706,-0.473799,2.62529
2,0.500785,-0.255411,2.63568
2,0.479564,-0.214181,2.63825
2,0.468455,-0.392444,2.62924
2,0.713485,-0.269785,2.64362
2,0.708291,-0.0887503,2.65437
2,0.489842,-0.23125,2.64519
2,0.464696,-0.226182,2.64549
2,0.47208,-0.100564,2.65647
2,0.774389,-0.26661,2.65566
2,0.480488,-0.166263,2.65424
2,0.770948,-0.144504,2.66308
2,0.484783,-0.163154,2.65524
2,0.792476,-0.266294,2.65823
2,0.736915,-0.156069,2.66376
2,0.463176,-0.101088,2.66539
2,0.464076,0.00372494,2.69567
2,0.479511,-0.411611,2.67941
2,0.447902,0.156064,2.76184
2,0.388194,0.134616,2.79301
2,0.372233,0.0868181,2.93559
2,0.37226,0.0961904,2.93854
3,-0.00023688,0.480781,1.34196
3,-0.218569,0.483458,1.3576
3,-0.251117,0.471063,1.36772
3,-0.146821,0.471554,1.43155
3,-0.226937,0.454682,1.44361
3,0.093346,0.427423,1.46708
3,0.0938142,0.420519,1.47077
3,0.088893,0.431507,1.47497
3,-0.260114,0.423757,1.49545
3,-0.324766,0.394541,1.55401
3,-0.0169211,0.347149,1.62389
3,-0.0117961,0.342538,1.65016
3,-0.0671222,0.347604,1.6762
3,-0.141136,0.294793,1.73822
3,0.0154867,0.30003,1.75046
3,-0.137025,0.302824,1.75276
3,-0.165557,0.281453,1.75742
3,0.0224325,0.305566,1.76274
3,0.0139266,0.303905,1.76871
3,-0.163064,0.280715,1.77198
3,-0.21786,0.293268,1.79854
3,0.823911,0.352906,1.8185
3,0.236442,0.291559,1.81059
3,-0.21336,0.289623,1.80595
3,0.0350546,0.279285,1.81819
3,0.030721,0.290195,1.82352
3,0.245556,0.29763,1.83158
3,0.80164,0.308974,1.84906
3,0.191179,0.270893,1.83866
3,0.840321,0.310317,1.85252
3,-0.0838322,0.318217,1.83668
3,-0.222415,0.295653,1.83919
3,0.25317,0.297257,1.84774
3,0.198858,0.276257,1.84958
3,0.202513,0.27308,1.85904
3,0.209014,0.273799,1.86258
3,0.829165,0.314739,1.87786
3,0.25179,0.302449,1.86837
3,-0.00377064,0.27327,1.88293
3,0.0847421,0.261689,1.91596
3,0.0881986,0.265677,1.93266
3,0.314692,0.25688,1.9616
3,0.808963,0.280634,1.98607
3,-0.389755,0.208586,1.99512
3,0.436393,0.266447,2.00964
3,0.412107,0.257432,2.01544
3,0.423287,0.268546,2.02818
3,0.418912,0.263567,2.02936
3,-0.38828,0.208176,2.01779
3,-0.00816323,0.195212,2.05811
3,-0.321993,0.20468,2.05347
3,0.163409,0.224963,2.06494
3,-0.283315,0.20193,2.06169
3,0.463075,0.231437,2.08072
3,-0.136644,0.18324,2.07723
3,0.642351,0.215585,2.09526
3,-0.128038,0.189528,2.08746
3,0.510654,0.234097,2.10174
3,-0.162727,0.203047,2.09202
3,-0.0323343,0.178853,2.09742
3,-0.318643,0.184851,2.10554
3,-0.0274075,0.18181,2.11139
3,0.425358,0.211284,2.1225
3,0.535866,0.204199,2.12854
3,0.45897,0.19915,2.13149
3,0.22378,0.194244,2.12887
3,0.198496,0.187679,2.12916
3,-0.290961,0.177617,2.12514
3,-0.320457,0.117448,2.13066
3,0.480825,0.185017,2.14588
3,0.0870141,0.210179,2.14041
3,0.11353,0.195613,2.14343
3,0.178571,0.184063,2.1457
3,0.37319,0.197919,2.1606
3,0.161998,0.160022,2.16078
3,0.41153,0.181238,2.16861
3,0.41638,0.166115,2.17157
3,0.384641,0.167878,2.17532
3,0.347963,0.191818,2.17748
3,0.143866,0.151748,2.18514
3,0.397369,0.168075,2.19604
3,0.372677,0.164554,2.22481
3,-0.270881,0.0854087,2.24154
3,0.18098,0.133869,2.25069
3,-0.468793,-0.829404,2.24791
3,-0.184044,0.103542,2.29537
3,0.210838,0.110162,2.32374
3,-0.0731222,-0.204914,2.33223
3,-0.000388326,-0.611898,2.33619
3,-0.00481409,-0.506044,2.34285
3,-0.0365245,-0.561714,2.34296
3,0.14561,0.0769922,2.34928
3,0.20021,0.0965403,2.35117
3,-0.0276811,-0.463607,2.34811
3,-0.0606261,-0.550475,2.34768
3,0.235545,0.0809103,2.35355
3,0.301351,0.093365,2.3553
3,-0.00248764,-0.509632,2.35062
3,-0.0409998,-0.565787,2.36195
3,-0.00698992,-0.39921,2.36286
3,-0.0213371,-0.316768,2.38493
3,-0.00719692,-0.235022,2.43915
3,-0.309443,-0.831835,2.45039
3,0.443992,-0.00452277,2.57883
3,0.456538,-0.409834,2.58176
3,0.542166,-0.343036,2.58455
3,0.541824,-0.283318,2.58895
3,0.580333,-0.28251,2.58987
3,0.473483,-0.351969,2.59007
3,0.581686,-0.316223,2.59265
3,0.541387,-0.223373,2.59294
3,0.530378,-0.163368,2.59433
3,0.53023,-0.133275,2.59671
3,0.592157,-0.192406,2.5989
3,0.591786,-0.162253,2.60009
3,0.48182,-0.194895,2.59898
3,0.551559,-0.153094,2.60062
3,0.591429,-0.132074,2.60134
3,0.607282,-0.212382,2.60168
3,0.472892,-0.235508,2.60029
3,0.599342,-0.394146,2.6026
3,0.471847,-0.185119,2.60049
3,0.581246,-0.191172,2.6025
3,0.580718,-0.165971,2.60255
3,0.671179,-0.332326,2.60602
3,0.530386,-0.0729397,2.60364
3,0.521608,-0.133691,2.60352
3,0.593779,-0.342608,2.60649
3,0.545465,-0.0928452,2.60633
3,0.462789,-0.167506,2.60799
3,0.551415,-0.0320743,2.61193
3,0.541851,-0.192693,2.61402
3,0.495972,-0.256174,2.61338
3,0.563617,-0.411851,2.61516
3,0.595403,-0.0432731,2.61799
3,0.563543,-0.378438,2.61811
3,0.52215,-0.0157543,2.61847
3,0.484019,-0.202704,2.61851
3,0.56357,-0.345,2.62152
3,0.602899,-0.191841,2.62349
3,0.563376,-0.319771,2.62311
3,0.551353,-0.133743,2.62498
3,0.714978,-0.394875,2.62912
3,0.551148,-0.0744597,2.62995
3,0.710799,-0.150862,2.63294
3,0.586023,-0.00674158,2.63346
3,0.710239,-0.0897683,2.63567
3,0.542824,-0.0108204,2.65499
3,-0.264657,-0.661603,2.65167
3,0.722685,-0.0782564,2.6735
3,0.783676,-0.0232099,2.69138
3,0.794673,-0.14184,2.69577
3,0.793725,-0.0120979,2.70192
3,0.827748,-0.553423,2.70488
3,0.868982,-0.0211192,2.73451
3,0.932201,-0.0196064,2.76044
3,-1.00977,-1.07556,2.95475
4,-0.451383,0.360244,1.66427
4,0.000146523,0.296287,1.74431
4,0.962325,0.351238,1.80751
4,0.882845,0.333344,1.82401
4,0.667657,0.35135,1.83547
4,0.862382,0.324094,1.83417
4,0.740214,0.359914,1.86147
4,0.89413,0.355224,1.86217
4,0.670295,0.329013,1.87248
4,0.831181,0.30421,1.90728
4,0.112755,0.303933,1.91939
4,0.115469,0.301663,1.92135
4,0.697784,0.28193,1.91642
4,0.6703,0.289359,1.93492
4,0.70488,0.262369,1.97023
4,0.423953,0.260581,2.03149
4,0.570394,0.247457,2.03796
4,0.545747,0.241567,2.05434
4,-0.175614,0.193164,2.08159
4,0.603212,0.235054,2.08337
4,0.428809,0.220104,2.09223
4,0.223221,0.22807,2.10002
4,0.587815,0.228375,2.09897
4,0.409455,0.208283,2.10005
4,-0.310916,0.181208,2.11736
4,0.515392,0.225035,2.11234
4,0.42158,0.206893,2.11665
4,0.66175,0.233069,2.11743
4,-0.291933,0.181874,2.12707
4,0.5338,0.204234,2.12312
4,0.393758,0.199713,2.12909
4,0.530078,0.210176,2.13723
4,-0.294078,0.184735,2.1481
4,0.345396,0.183308,2.1436
4,0.255316,0.167865,2.15702
4,0.612557,0.204938,2.15733
4,0.184348,0.175148,2.16123
4,0.232316,0.182016,2.16583
4,0.646724,0.213129,2.16379
4,0.138226,0.152733,2.16772
4,-0.219783,-0.553295,2.14623
4,0.298876,0.16867,2.17388
4,0.494109,0.194229,2.18259
4,0.241152,0.177092,2.18952
4,-0.279366,0.160144,2.20198
4,0.451227,0.186355,2.19769
4,-0.27842,0.091963,2.20132
4,0.251995,0.181486,2.20265
4,0.394353,0.166285,2.20561
4,0.188371,0.125403,2.21265
4,0.369411,0.15205,2.22376
4,0.369229,0.164143,2.22735
4,0.281157,0.152642,2.22857
4,0.0801212,0.0803751,2.24486
4,-0.233073,0.143512,2.25429
4,0.258274,0.139193,2.26218
4,-0.244634,0.135099,2.26723
4,0.312838,0.138159,2.26888
4,0.3059,0.112366,2.27328
4,0.317453,0.142241,2.27471
4,0.317915,0.144988,2.27714
4,0.193102,0.0608681,2.27657
4,0.318928,0.143259,2.28387
4,-0.132193,-0.147105,2.28623
4,0.177182,0.119744,2.2996
4,-0.265713,-0.760326,2.27266
4,-0.1101,-0.261995,2.29183
4,0.656295,0.134886,2.30147
4,0.303722,0.128208,2.30548
4,-0.11732,-0.831401,2.27827
4,0.658662,0.136751,2.31815
4,-0.0931681,-0.272348,2.31354
4,0.662281,0.132851,2.32323
4,-0.0776876,-0.265536,2.31845
4,0.359741,0.12327,2.34468
4,-0.0353786,-0.0291185,2.34594
4,-0.199505,0.102956,2.3534
4,0.226322,0.0808597,2.35568
4,-0.196541,0.0999392,2.36001
4,0.147955,0.0667808,2.37832
4,0.289308,0.0600495,2.38701
4,-0.00220102,-0.40268,2.39008
4,0.503941,0.07346,2.4137
4,0.27693,0.0544257,2.42073
4,-0.0132261,-0.0838536,2.43752
4,0.0163396,-0.309525,2.51232
4,0.552482,0.0902999,2.53625
4,-0.00135247,-0.154687,2.54995
4,0.44294,-0.461481,2.54059
4,0.476218,-0.433593,2.55172
4,0.519469,-0.326528,2.56697
4,0.522639,-0.33511,2.567
4,0.457574,-0.408936,2.56487
4,0.446389,-0.00299907,2.58164
4,0.527855,-0.193398,2.57394
4,0.526816,-0.223791,2.5728
4,0.516002,-0.199776,2.57474
4,0.52542,-0.274537,2.57244
4,0.470521,-0.110261,2.58114
4,0.522423,-0.284762,2.57543
4,0.518066,-0.166064,2.58018
4,0.470959,-0.30847,2.57593
4,0.578758,-0.379944,2.5725
4,0.530169,-0.468215,2.57053
4,0.531807,-0.132649,2.58463
4,0.550493,-0.479268,2.57144
4,0.532639,-0.112323,2.586
4,0.551003,-0.469193,2.57252
4,0.524637,-0.251161,2.58151
4,0.552181,-0.438758,2.57424
4,0.513879,-0.0810983,2.58985
4,0.513957,-0.0810929,2.59021
4,0.489245,-0.147483,2.58787
4,0.451768,-0.170654,2.5874
4,0.495395,-0.324966,2.58111
4,0.584739,-0.103872,2.58959
4,0.586527,-0.0732826,2.59381
4,0.459278,-0.493361,2.57997
4,0.545601,-0.430809,2.58172
4,0.606814,-0.0943347,2.59522
4,0.492609,-0.151703,2.59479
4,0.600028,-0.00215142,2.59989
4,0.463713,-0.388052,2.58806
4,0.582671,-0.134339,2.59838
4,0.583624,-0.108797,2.59966
4,0.628798,-0.0421137,2.60275
4,0.599755,-0.339565,2.5914
4,0.494534,-0.225129,2.59699
4,0.540607,-0.161556,2.5999
4,0.616824,-0.44669,2.58821
4,0.630017,-0.0249923,2.60586
4,0.552666,-0.286931,2.59639
4,0.49277,-0.310705,2.59939
4,0.637064,-0.101973,2.60731
4,0.465934,-0.49569,2.59585
4,0.557552,-0.193347,2.6072
4,0.635818,-0.259354,2.60414
4,0.558881,-0.159166,2.60916
4,0.633913,-0.0230456,2.6142
4,0.639409,-0.0762633,2.61394
4,0.605426,-0.075075,2.61535
4,0.644223,-0.196389,2.6107
4,0.708339,-0.0439266,2.61675
4,0.470774,-0.389943,2.60587
4,0.707777,-0.0808826,2.61783
4,0.555283,-0.0732221,2.62136
4,0.628058,-0.462266,2.60664
4,0.61239,-0.169645,2.61826
4,0.611511,-0.195389,2.6173
4,0.617203,-0.290164,2.61501
4,0.615411,-0.100978,2.62352
4,0.707154,-0.155022,2.62179
4,0.61459,-0.135342,2.62366
4,0.623555,-0.376582,2.61447
4,0.47674,-0.284065,2.62149
4,0.620838,-0.256303,2.62609
4,0.914343,-1.07022,2.59721
4,0.546429,-0.341226,2.63539
4,0.560434,-0.467668,2.63203
4,0.589584,-0.145071,2.64445
4,0.657078,-0.327612,2.64371
4,0.605267,-0.290012,2.6497
4,0.55136,-0.201611,2.65736
4,0.553683,-0.136621,2.66022
4,0.598623,-0.0947656,2.66181
4,0.594155,-0.224785,2.65687
4,0.66514,-0.165744,2.65932
4,0.660177,-0.205362,2.65791
4,0.596898,-0.159804,2.66147
4,0.668488,-0.0934586,2.66533
4,0.913399,-0.899175,2.6345
4,0.788532,-0.31864,2.65874
4,0.786683,-0.383941,2.65752
4,0.620714,-0.472777,2.65716
4,0.786556,-0.405886,2.6587
4,0.769538,-0.274674,2.66477
4,0.854624,-0.342983,2.66213
4,0.731,-0.458723,2.6597
4,0.852095,-0.452248,2.66162
4,0.73681,-0.332091,2.66954
4,0.030895,-0.0560092,2.69598
4,0.865005,-0.212976,2.68478
4,0.811743,-0.540938,2.67858
4,-0.260783,0.093795,2.25055
2,-0.260783,0.093795,2.25055
4,0.0910348,0.0570132,2.18565
2,0.0910348,0.0570132,2.18565
4,-0.0133028,-0.241501,2.46606
2,-0.0133028,-0.241501,2.46606
4,0.589037,-0.0896104,2.54527
2,0.589037,-0.0896104,2.54527
4,-0.356729,-0.79319,2.19773
2,-0.356729,-0.79319,2.19773
4,0.546729,0.112499,1.89818
2,0.546729,0.112499,1.89818
4,0.219633,0.0747795,2.34224
2,0.219633,0.0747795,2.34224
4,-0.815479,0.175689,2.05142
2,-0.815479,0.175689,2.05142
4,-0.0931288,-0.233543,2.31592
1,-0.0931288,-0.233543,2.31592
4,-0.0091571,-0.230907,2.38326
1,-0.0091571,-0.230907,2.38326
4,-0.0398215,-0.270076,2.25236
1,-0.0398215,-0.270076,2.25236
4,0.416993,-0.0145687,2.6433
1,0.416993,-0.0145687,2.6433
4,0.695147,-0.0398983,2.79686
0,0.695147,-0.0398983,2.79686
4,0.128731,0.157807,2.46243
0,0.128731,0.157807,2.46243
4,-0.112729,0.330491,1.65725
0,-0.112729,0.330491,1.65725
5,-0.0401978,0.115849,1.32709
5,-0.424815,0.363641,1.46922
5,-0.401756,0.363947,1.49161
5,-0.331523,0.373342,1.49388
5,-0.448375,0.362765,1.50972
5,-0.104571,0.191622,1.50983
5,-0.581319,0.282019,1.6436
5,-0.416731,0.33997,1.65341
5,-0.468882,0.329689,1.67625
5,-0.165025,0.242955,1.67577
5,0.683384,0.298401,1.73287
5,0.896275,0.325708,1.77539
5,0.8074,0.281199,1.82849
5,-0.235415,0.28395,1.89507
5,-0.386873,0.168382,1.90671
5,-0.3898,0.173554,1.92722
5,0.350297,0.195498,1.90345
5,0.389147,0.224751,1.90337
5,-0.194067,0.150995,1.94989
5,0.391428,0.200228,1.92724
5,0.055374,0.157733,1.94504
5,0.654964,0.197762,1.9287
5,0.371622,0.20722,1.94036
5,0.0630279,0.0803852,1.95657
5,0.1492,0.131598,1.9706
5,0.612958,0.221362,1.95393
5,0.510035,0.229412,1.97987
5,0.623774,0.228268,1.98118
5,0.148573,0.147214,2.01805
5,-0.114472,-0.25792,2.04406
5,0.119393,0.110011,2.02711
5,0.415744,0.191722,2.01327
5,-0.120641,-0.128566,2.0627
5,0.613027,0.191314,2.03943
5,-0.0606103,-0.446982,2.0875
5,0.632654,0.200866,2.04419
5,-0.121266,-0.124838,2.08799
5,-0.113905,-0.0493374,2.0898
5,0.0855278,0.114594,2.08256
5,-0.0511055,-0.450877,2.10829
5,-0.0259104,-0.375155,2.10851
5,-0.0513438,-0.445047,2.11937
5,0.307434,0.15557,2.09211
5,0.619641,0.19683,2.08855
5,-0.0494981,-0.549354,2.14186
5,-0.323017,0.0660022,2.13212
5,0.339917,0.165524,2.10763
5,0.165337,0.098323,2.13017
5,0.37965,0.161128,2.14834
5,0.218965,0.163012,2.19129
5,0.645236,0.131687,2.18106
5,-0.299135,0.185959,2.21881
5,0.424387,0.170521,2.1965
5,0.258084,0.135545,2.22516
5,0.542539,0.207553,2.22586
5,0.408778,0.169502,2.2536
5,0.314669,0.142305,2.3116
5,0.218346,0.076251,2.32311
5,0.175857,0.400783,2.32315
5,-0.239832,0.150562,2.36701
5,0.30958,0.133675,2.34826
5,0.363306,0.13435,2.41063
5,0.355971,0.137944,2.4303
5,0.321562,0.123338,2.4565
5,0.162406,0.076782,2.4868
5,0.45511,-0.473231,2.55985
5,0.457982,-0.397198,2.56215
5,0.488026,-0.449113,2.58044
5,0.488042,-0.426109,2.58899
5,0.477286,-0.390108,2.58977
5,0.477562,-0.3842,2.59015
5,0.501212,-0.364786,2.59242
5,0.560927,-0.469257,2.59409
5,0.489269,-0.44702,2.5962
5,0.493322,-0.197423,2.59049
5,0.459423,-0.0479633,2.5869
5,0.554636,-0.260698,2.59297
5,0.490659,-0.457685,2.60283
5,0.492877,-0.271668,2.59753
5,0.496753,-0.189023,2.5947
5,0.555831,-0.335141,2.59807
5,0.485362,-0.0727278,2.5935
5,0.418035,-0.00744483,2.59526
5,0.486629,-0.0353027,2.59402
5,0.565653,-0.331934,2.60161
5,0.552294,-0.0760659,2.59387
5,0.598955,-0.0747284,2.59565
5,0.466783,-0.480304,2.61862
5,0.482908,-0.063071,2.60753
5,0.670466,-0.387842,2.61478
5,0.595706,-0.31565,2.61747
5,0.47402,-0.255839,2.6205
5,0.491144,-0.20501,2.62217
5,0.549955,-0.31761,2.62776
5,0.602438,-0.189046,2.62667
5,0.592744,-0.0740912,2.62483
5,0.80951,-0.526988,2.63236
5,0.714995,-0.0645015,2.62197
5,0.793763,-0.309215,2.62914
5,0.777212,-0.156124,2.62999
5,0.772228,-0.0650357,2.628
5,0.566922,-0.314952,2.64452
5,0.780014,-0.0686947,2.62951
5,0.861304,-0.376221,2.63847
5,0.733578,-0.242227,2.64004
5,0.732343,-0.307759,2.64284
5,0.669142,-0.218839,2.64366
5,0.79756,-0.460041,2.65032
5,0.669593,-0.328219,2.65632
5,0.729673,-0.199681,2.65159
5,0.720564,-0.0656787,2.64983
5,0.719805,-0.153358,2.65628
5,0.624762,-0.258061,2.66792
5,0.614381,-0.13488,2.67195
5,0.613918,-0.196125,2.677
5,0.797193,-0.2617,2.67331
5,0.866588,-0.0166118,2.66935
5,0.802543,-0.138379,2.67649
5,0.133951,-0.307259,3.97279
5,0.636933,-0.106716,2.88691
2,0.636933,-0.106716,2.88691
5,0.39437,0.177703,2.3384
2,0.39437,0.177703,2.3384
5,-0.012952,-0.409949,2.28776
2,-0.012952,-0.409949,2.28776
5,-0.832335,0.275684,2.0783
2,-0.832335,0.275684,2.0783
5,0.273905,0.0726709,2.3633
2,0.273905,0.0726709,2.3633
5,0.550778,0.210726,2.18813
3,0.550778,0.210726,2.18813
5,0.717206,-0.319051,2.44695
3,0.717206,-0.319051,2.44695
5,-0.43384,0.4524,1.82458
3,-0.43384,0.4524,1.82458
5,-0.52939,-0.783112,2.21762
0,-0.52939,-0.783112,2.21762
6,-0.323873,-0.560283,1.12936
6,-0.228384,0.0425774,1.49514
6,-0.217698,0.189744,1.5147
6,-0.183159,0.251185,1.5197
6,-0.562023,0.303511,1.60469
6,-0.639094,0.255326,1.63288
6,-0.409774,0.105801,1.62643
6,-0.604001,0.281561,1.66862
6,-0.358182,0.0207593,1.68786
6,0.535895,0.239548,1.64145
6,-0.612333,0.296735,1.72525
6,-0.651884,0.25713,1.72855
6,-0.0336837,0.0238423,1.71
6,0.507191,0.198771,1.70983
6,0.117465,0.082859,1.73474
6,-0.908824,0.050728,1.79762
6,0.449964,0.188576,1.72149
6,-0.0219712,0.0299614,1.77762
6,-0.168822,0.292139,1.81101
6,-0.489605,0.40578,1.84952
6,0.0946124,0.1072,1.85603
6,-0.677706,0.273778,1.92123
6,-0.54743,0.354624,1.92396
6,0.00231251,0.00436574,1.89682
6,0.0317791,0.0807754,1.92035
6,-0.300739,0.0346032,1.94869
6,0.2644,0.134642,1.93651
6,0.165065,0.140156,1.95166
6,0.376807,0.168071,1.95843
6,0.531791,0.152365,1.9511
6,0.323716,0.16178,1.96842
6,-0.611657,0.340125,2.02359
6,0.0195579,0.0184797,1.99907
6,-0.659681,0.310403,2.04384
6,0.112383,0.0482313,2.01887
6,-0.146822,-0.772371,2.0523
6,-0.150466,-0.780367,2.07181
6,-0.141787,-0.779957,2.0805
6,-0.750843,0.280923,2.113
6,0.518809,0.201907,2.09519
6,-0.338799,0.0842893,2.19771
6,0.185165,0.056858,2.22852
6,0.423067,0.177224,2.22014
6,-0.779442,0.291789,2.29722
6,0.33616,0.161618,2.27885
6,0.409495,0.166703,2.27674
6,0.480598,0.209233,2.30504
6,-1.02062,0.152109,2.52118
6,0.372791,0.175188,2.49095
6,0.182316,0.0865395,2.54864
6,0.821827,-0.457905,2.54088
6,0.800767,-0.03209,2.54228
6,0.749104,-0.477225,2.57851
6,0.665305,-0.460213,2.58444
6,0.772763,-0.373705,2.57798
6,0.650943,-0.259154,2.58537
6,0.599825,-0.385225,2.59557
6,0.777463,-0.135817,2.58864
6,0.476325,-0.385807,2.61006
6,0.475976,-0.078705,2.60985
6,0.675241,-0.222266,2.60959
6,0.606946,-0.258736,2.6149
6,0.676322,-0.309302,2.61225
6,0.662511,-0.203982,2.61492
6,0.662832,-0.131217,2.61579
6,0.673436,-0.206786,2.61908
6,0.793947,-0.312535,2.61775
6,0.676353,-0.328113,2.62637
6,0.737027,-0.267114,2.6228
6,0.687344,-0.331142,2.63057
6,0.495827,-0.252576,2.64192
6,0.575183,-0.0899279,2.64017
6,0.731459,-0.397036,2.63785
6,0.681278,-0.144831,2.63896
6,0.562384,-0.00141117,2.64637
6,0.563615,-0.129673,2.64962
6,0.666806,-0.0225965,2.64516
6,0.785388,-0.0918636,2.64104
6,0.502527,-0.484895,2.71017
6,0.417308,0.159518,2.7748
6,-0.381025,-1.07879,3.58392
6,-0.744906,-1.04532,3.64406
6,-0.377423,-1.18309,4.19411
6,-0.374411,-1.42368,5.30008
6,-0.0339594,-0.561686,2.34431
4,-0.0339594,-0.561686,2.34431
6,-0.0364607,-0.28351,2.4175
4,-0.0364607,-0.28351,2.4175
6,-0.239169,-0.589728,2.37816
4,-0.239169,-0.589728,2.37816
6,0.593012,0.244101,2.12991
4,0.593012,0.244101,2.12991
6,0.693577,-0.149179,2.52411
2,0.693577,-0.149179,2.52411
6,-0.785674,-0.826337,2.23616
2,-0.785674,-0.826337,2.23616
6,0.258199,0.320497,1.9841
2,0.258199,0.320497,1.9841
6,-0.78429,-0.826127,2.23364
2,-0.78429,-0.826127,2.23364
6,-0.240644,0.130301,2.24851
3,-0.240644,0.130301,2.24851
6,-0.0329143,-0.357537,2.41786
3,-0.0329143,-0.357537,2.41786
6,-0.877233,0.168964,2.11997
3,-0.877233,0.168964,2.11997
6,-0.849418,0.341821,2.23081
3,-0.849418,0.341821,2.23081
6,0.398279,0.181856,2.24404
1,0.398279,0.181856,2.24404
6,-0.185592,0.317061,1.99447
1,-0.185592,0.317061,1.99447
7,-0.199895,-0.793989,2.07545
7,-0.192518,-0.788311,2.09143
7,-0.174063,-0.807098,2.09534
7,-0.108132,-0.906806,2.1749
7,-0.1081,-0.903151,2.17887
7,-0.0924251,-0.916493,2.1915
7,0.844456,-0.0716975,2.47747
7,0.790824,-0.437668,2.49352
7,0.796552,-0.416059,2.50352
7,0.797221,-0.351298,2.5064
7,0.573743,-0.418317,2.54165
7,0.860385,-0.306625,2.49649
7,0.84933,-0.180552,2.50076
7,0.576953,-0.433247,2.54738
7,0.622801,-0.36608,2.53927
7,0.568596,-0.0121366,2.54598
7,0.801789,-0.242451,2.51689
7,0.701414,-0.43999,2.53918
7,0.637766,-0.441502,2.5503
7,0.634533,-0.267679,2.55004
7,0.880631,-0.305245,2.51597
7,0.64497,-0.431696,2.55441
7,0.882254,-0.359598,2.51713
7,0.640179,-0.419718,2.55552
7,0.498342,-0.0602411,2.57064
7,0.645225,-0.416575,2.55539
7,0.64154,-0.250274,2.55403
7,0.578917,-0.13068,2.56189
7,0.504269,-0.241333,2.57595
7,0.706417,-0.418151,2.54873
7,0.707448,-0.352623,2.55258
7,0.816185,-0.379163,2.53678
7,0.513283,-0.313441,2.58385
7,0.706912,-0.243193,2.55501
7,0.531852,-0.422259,2.58606
7,0.703809,-0.0679841,2.55491
7,0.530918,-0.312739,2.58829
7,0.818443,-0.232835,2.5445
7,0.514583,-0.18139,2.59163
7,0.662699,-0.437445,2.57504
7,0.604478,-0.244871,2.58231
7,0.798459,0.00529569,2.5507
7,0.745048,0.0227523,2.56106
7,0.58939,-0.255866,2.59054
7,0.694959,-0.0511529,2.5747
7,0.804048,-0.195463,2.56097
7,0.777944,-0.434792,2.57019
7,0.722009,-0.307403,2.57982
7,0.825508,-0.0657468,2.56069
7,0.668513,-0.308584,2.59001
7,0.589538,-0.0341391,2.59872
7,0.521756,-0.0687436,2.61082
7,0.591951,-0.199527,2.60524
7,0.547092,-0.434156,2.61678
7,0.589856,-0.11102,2.6043
7,0.779717,-0.250361,2.57858
7,0.588832,-0.0444547,2.60466
7,0.587646,0.0221227,2.60472
7,0.523056,-0.00138542,2.6161
7,0.601957,-0.353873,2.61936
7,0.732248,-0.250654,2.59974
7,0.730557,-0.176514,2.59903
7,0.609172,-0.420368,2.63115
7,0.736435,0.012116,2.61529
7,0.74104,-0.118235,2.61944
7,-0.794251,-0.768608,1.92737
5,-0.794251,-0.768608,1.92737
7,0.189151,0.195685,2.21194
5,0.189151,0.195685,2.21194
7,0.263823,0.0772383,2.33649
5,0.263823,0.0772383,2.33649
7,0.630447,-0.285362,2.33517
2,0.630447,-0.285362,2.33517
8,-0.760068,-0.658258,1.00383
8,-0.76383,-0.66969,1.1199
8,2.3365e-05,-0.401067,1.20192
8,-0.372339,-0.707503,1.38276
8,-0.972805,0.0289673,1.75311
8,-0.247835,-0.80929,1.88942
8,-0.220752,-0.776892,1.96136
8,-0.217327,-0.801983,1.97437
8,-0.871741,0.201706,2.14424
8,0.476181,-0.0842242,2.57771
8,0.778649,-0.309321,2.55953
8,0.484491,-0.142905,2.59425
8,0.624636,-0.421439,2.58676
8,0.738879,-0.456002,2.58625
8,0.682197,-0.328216,2.59147
8,0.486398,-0.254528,2.60546
8,0.74005,-0.271429,2.5948
8,0.775602,-0.196922,2.5924
8,0.669269,-0.38344,2.60156
8,0.581933,-0.385011,2.60998
8,0.74301,-0.308052,2.59913
8,0.670027,-0.272252,2.60711
8,0.565531,-0.273293,2.62837
8,-0.753856,-1.08048,3.88143
8,-0.753278,-1.11402,4.13283
8,-0.771617,-1.28547,5.2127
8,-0.0840358,-0.896836,2.70642
7,-0.0840358,-0.896836,2.70642
8,-0.939064,-1.01869,3.32985
7,-0.939064,-1.01869,3.32985
8,-0.933502,-1.02318,3.32441
7,-0.933502,-1.02318,3.32441
8,-0.841967,-0.91759,2.77463
7,-0.841967,-0.91759,2.77463
8,0.691831,-0.150853,2.65347
7,0.691831,-0.150853,2.65347
8,0.279288,-0.204989,1.82837
7,0.279288,-0.204989,1.82837
8,0.485508,-0.418006,2.12148
7,0.485508,-0.418006,2.12148
8,-0.950885,-1.03704,3.42554
7,-0.950885,-1.03704,3.42554
8,0.846829,-0.469856,2.807
7,0.846829,-0.469856,2.807
8,0.778342,-0.53223,2.54776
5,0.778342,-0.53223,2.54776
8,-0.388371,-0.833133,2.3293
1,-0.388371,-0.833133,2.3293
8,-0.393171,-0.834219,2.34279
1,-0.393171,-0.834219,2.34279
9,-0.885652,0.11575,1.80114
9,-1.00076,0.0697069,1.86532
9,-1.04284,0.0564839,1.87306
9,-1.03949,0.0562584,1.89275
9,-0.843505,0.140936,1.90342
9,-1.00892,0.0889107,1.91611
9,-0.831817,0.144441,1.90983
9,-1.04532,0.0685372,1.93064
9,-0.879853,0.118537,1.94106
9,-1.04604,0.0170118,1.95753
9,-0.904476,0.101677,1.96319
9,-0.313531,0.124226,2.01573
9,0.142447,0.117441,2.00532
9,-0.929926,0.0974857,2.06789
9,-0.990908,0.0412766,2.09421
9,-0.90967,0.0750226,2.08907
9,-0.987809,0.0537476,2.1126
9,-0.901151,0.086814,2.11809
9,0.0497616,0.0995542,2.10698
9,-0.269892,-0.89451,2.24549
9,0.0639144,0.0878891,2.14734
9,-0.941528,0.0834254,2.18488
9,-0.576526,-0.906055,2.31339
9,-0.155671,-0.923364,2.30903
9,-0.139892,-0.950464,2.31568
9,-0.566464,-0.895803,2.34171
9,-0.524952,-0.894545,2.34107
9,-0.482162,-0.893614,2.3519
9,-0.731726,-0.902151,2.38631
9,-0.587438,-0.909379,2.39646
9,-0.464863,-0.905833,2.3989
9,0.437011,-0.397609,2.48707
9,0.693433,-0.217055,2.51336
9,0.570528,-0.0215814,2.50288
9,0.693595,-0.161099,2.51202
9,0.752201,-0.157933,2.51577
9,0.749055,-0.0658811,2.50712
9,-0.0253605,-0.894785,2.9274
8,-0.0253605,-0.894785,2.9274
9,-0.0592178,-0.876,2.72413
8,-0.0592178,-0.876,2.72413
9,0.184908,0.0483495,2.25493
6,0.184908,0.0483495,2.25493
9,-0.919239,0.197274,2.20531
6,-0.919239,0.197274,2.20531
9,-0.792304,0.419948,2.31132
0,-0.792304,0.419948,2.31132
10,0.0499249,0.213857,3.52209
10,0.34187,0.0990897,3.85773
10,-0.140972,-0.235424,3.6736
10,-0.00673952,0.276026,3.32352
10,0.343953,-0.319855,4.99108
10,0.129519,0.311369,3.23703
10,-0.145213,-0.239771,3.74142
10,0.261201,0.163886,3.62445
10,0.267655,0.144515,3.714
10,0.130669,0.308368,3.22344
10,0.131504,0.30011,3.24404
10,0.362735,0.44905,2.88648
10,0.384704,0.435109,2.91503
10,0.211717,0.183471,3.56097
10,0.215548,0.16393,3.62542
10,0.438834,0.138798,3.8816
10,0.465416,0.114841,3.89924
10,0.337656,0.101103,3.84437
10,0.693574,0.49802,2.75463
10,0.702762,0.478217,2.79112
10,-0.0807516,0.340544,3.14515
10,-0.101218,0.312753,3.16497
10,-0.204615,0.494447,2.68799
10,-0.205908,0.471983,2.70496
10,-0.185138,0.0775259,3.8776
10,-0.197031,0.0407792,3.87104
10,-0.0406369,0.532075,2.50597
10,-0.041203,0.523466,2.54088
10,-0.0011362,0.534523,2.51749
10,-0.0120518,0.267162,3.34374
10,-0.00153446,0.218038,3.3997
10,0.00914953,0.270595,3.3867
10,0.0311782,0.211079,3.46136
10,-0.0319394,0.318476,3.22288
10,-0.0415917,0.334701,3.18391
10,-0.0220001,0.29093,3.25578
10,-0.0525508,0.28958,3.24066
10,-0.0568243,0.400908,2.93377
10,-0.0297089,0.381303,2.99781
10,-0.0929081,0.406151,2.90512
10,-0.0897007,0.356532,3.1116
10,0.342546,-0.323771,4.97066
10,0.28043,-0.308729,4.98083
10,0.932171,0.1025,3.89748
10,0.845153,0.100914,3.83715
10,0.624039,0.526739,2.67981
10,0.652257,0.479906,2.80098
10,0.61249,0.476451,2.78082
10,0.242694,0.0897242,3.87642
10,0.578742,0.149243,3.83552
10,0.615314,0.113017,3.83734
10,0.090903,0.280617,3.25523
10,0.22636,0.369803,3.14098
10,0.17693,0.379892,3.14252
10,0.543756,0.466397,2.8812
10,0.522502,0.48172,2.86428
10,0.547612,0.451407,2.90163
10,0.425047,0.473756,2.81692
10,0.492736,0.451422,2.90173
10,0.450627,0.436647,2.92533
10,0.558887,0.503592,2.69157
10,0.127568,0.370506,3.14696
10,0.158592,0.343461,3.17209
10,0.53691,0.126599,3.88281
10,0.68752,0.100862,3.83518
10,0.163706,0.213118,3.49479
10,0.668609,0.470153,2.7955
10,1.02132,0.05552,4.05631
10,0.984458,0.00448595,4.17108
10,0.558161,0.52881,2.64787
10,0.516246,0.528634,2.64699
10,0.678101,0.537858,2.69318
10,0.602505,0.531102,2.65935
10,0.0475349,0.365463,3.10413
10,0.0587416,0.314337,3.181
10,-0.164118,0.465877,2.7191
10,-0.208306,0.451597,2.73647
10,-0.150334,0.0289834,3.92652
10,-0.0381999,0.0892191,3.8546
10,-0.0424362,0.506128,2.61693
10,0.278695,-0.494105,4.95002
10,0.306979,0.0412624,3.91693
10,0.333197,0.421328,2.94721
10,1.41352,-0.495789,5.68519
10,-0.15477,-0.243273,3.73482
10,0.335099,0.425101,2.9476
10,0.324463,0.425778,2.95229
10,0.544433,0.469049,2.87518
10,0.52629,0.461338,2.89506
10,0.179959,0.384109,3.16092
10,0.157897,0.352375,3.19853
10,0.669997,0.503356,2.76486
10,0.697002,0.486681,2.7892
10,-0.0818906,0.354737,3.11306
10,-0.0935709,0.354366,3.1098
10,-0.0776041,0.391978,2.95011
10,-0.088619,0.391329,2.94522
10,-0.0363361,0.296802,3.25263
10,-0.0118886,0.263548,3.2985
10,0.0267978,0.21096,3.45941
10,0.000607249,0.219354,3.38691
10,-0.203722,0.0455203,3.85908
10,-0.238526,0.0157249,3.71879
10,-0.268984,0.457253,2.73934
10,-0.281045,0.412782,2.86218
10,-0.208972,0.451589,2.76815
10,-0.261498,0.441384,2.76984
10,-0.211841,0.496604,2.67223
10,-0.212586,0.478058,2.68163
10,-0.254025,0.479672,2.69068
10,-0.140239,0.434357,2.86163
10,-0.182594,0.432101,2.84677
10,-0.0361843,0.320072,3.23904
10,-0.0477431,0.33963,3.19248
10,0.18067,-0.861013,4.75264
10,0.143269,-0.905871,4.70544
10,0.948768,0.107109,3.97736
10,0.835104,0.102398,3.80242
10,0.263565,0.167676,3.65725
10,0.328838,0.101553,3.77105
10,0.105417,0.237331,3.46223
10,0.161502,0.216066,3.54313
10,0.475281,0.120389,3.91976
10,0.564674,0.146313,3.82215
10,0.606137,0.11702,3.81008
10,0.295209,0.420673,2.99548
10,0.350819,0.45011,2.89329
10,0.396708,0.441502,2.9087
10,0.48168,0.460577,2.89028
10,0.443025,0.432739,2.92385
10,0.438669,0.482167,2.82457
10,0.400073,0.505963,2.77918
10,0.518569,0.486949,2.85259
10,0.13577,0.30869,3.24822
10,0.323507,0.405057,3.04855
10,0.228097,0.37264,3.16508
10,0.244871,0.087874,3.79647
10,0.438835,0.147765,3.86008
10,0.657809,0.478324,2.80206
10,1.02164,0.0636919,4.08829
10,0.953135,0.0171677,4.06006
10,0.197564,-0.820532,4.72663
10,-0.0959034,0.314961,3.18732
10,0.0477138,0.366838,3.1158
10,-0.0333137,0.384942,2.98208
10,0.0613943,0.317683,3.21486
10,-0.163518,0.472716,2.70916
10,-0.0875861,0.408795,2.9109
10,-0.337563,0.472423,2.70748
10,-0.413911,0.486328,2.67133
10,-0.286492,0.472669,2.7089
10,-0.149243,0.0317544,3.96331
10,-0.17613,-0.637506,3.59398
10,-0.163723,-0.696971,3.62033
10,-0.361974,0.0853253,3.68636
10,-0.50508,0.260856,3.42709
10,-0.189385,0.0894477,3.86446
10,0.353465,-0.331846,4.9047
10,0.261807,-0.314644,4.92592
10,0.260485,-0.479944,4.90104
10,0.312894,0.046347,3.92917
10,0.687738,0.101879,3.78316
10,-0.153786,-0.237046,3.71108
10,1.42094,-0.492292,5.68621
10,-0.148568,-0.237684,3.72107
10,-0.164549,-0.236371,3.70051
10,-0.14279,-0.683091,3.57635
10,-0.158519,-0.680905,3.5649
10,0.0031894,0.230993,3.40738
10,0.00319632,0.21599,3.41477
10,-0.227221,0.550222,2.52836
10,-0.22162,0.541631,2.59725
10,-0.205991,0.465262,2.70159
10,-0.208414,0.445914,2.73336
10,-0.155638,0.574667,2.48514
10,-0.1485,0.567956,2.55651
10,0.201758,0.597658,2.4408
10,0.18229,0.584134,2.47744
10,0.372302,0.447871,2.90718
10,0.360275,0.449332,2.91667
10,0.506577,0.106526,3.95569
10,0.491277,0.107106,3.97722
10,-0.501774,0.503425,2.64433
10,-0.410699,0.485289,2.67674
10,-0.388766,0.463814,2.69318
10,-0.326322,0.498502,2.68245
10,-0.342012,0.466758,2.71028
10,-0.254599,0.476674,2.69676
10,-0.292131,0.465705,2.70416
10,-0.138048,0.421177,2.81693
10,-0.185762,0.426066,2.76564
10,-0.125994,0.547817,2.57095
10,-0.179204,0.507934,2.66802
10,-0.190802,0.0694942,3.89339
10,-0.241439,-0.00120166,3.85516
10,-0.0397989,0.326663,3.13755
10,-0.0413946,0.295311,3.26334
10,0.0639949,0.288032,3.35104
10,0.00316111,0.25961,3.37715
10,0.138812,0.300528,3.32099
10,0.0943386,0.287771,3.348
10,0.137874,0.597882,2.48784
10,0.432517,-0.339342,4.96002
10,0.360274,-0.334987,4.89636
10,0.338637,0.570983,2.46921
10,0.294438,0.572237,2.47463
10,0.456511,0.426152,2.93946
10,0.633574,0.562842,2.48276
10,0.608846,0.571372,2.52038
10,-0.390883,0.578031,2.40524
10,-0.342161,0.565915,2.4473
10,-0.374642,0.56463,2.44174
10,-0.215313,0.495288,2.66515
10,0.227241,0.57278,2.47698
10,0.414721,0.437648,2.92709
10,0.573162,0.546114,2.61875
10,0.637906,0.524577,2.69126
10,0.583396,0.51956,2.66552
10,0.433368,0.467894,2.79044
10,0.390926,0.487701,2.75914
10,0.589827,0.140881,3.91225
10,0.264555,0.178447,3.59547
10,0.452972,0.142532,3.95808
10,0.314352,0.102412,3.80293
10,0.70326,0.462091,2.75583
10,0.640272,0.461782,2.75399
10,1.02433,0.0534219,4.01398
10,0.833185,0.0517378,3.88743
10,0.371915,0.58164,2.46686
10,0.082486,0.54865,2.52113
10,0.277961,0.594727,2.42883
10,0.27667,0.536413,2.51742
10,0.228235,0.5414,2.48782
10,0.558839,0.578838,2.55331
10,0.672448,0.568857,2.46002
10,0.723768,0.521398,2.73874
10,0.219906,-0.841788,4.74563
10,0.132132,-0.916953,4.68928
10,-0.617174,0.157999,3.50401
10,-0.677447,0.157218,3.4867
10,-0.0786507,0.379165,2.9899
10,-0.08367,0.302274,3.18071
10,0.0446768,0.361344,3.06914
10,-0.0382217,0.382121,3.01321
10,-0.15786,0.468026,2.71764
10,-0.248611,0.426179,2.76638
10,-0.283254,0.402014,2.86261
10,-0.140001,0.0167299,3.95641
10,-0.0491346,0.0867266,3.87353
10,-0.10293,0.53762,2.57802
10,0.0366541,0.547969,2.51801
10,-0.00902979,0.533849,2.50539
10,-0.299132,0.568608,2.45894
10,-0.418592,0.516492,2.64978
10,-0.174815,0.574806,2.43788
10,-0.265897,0.557985,2.46133
10,-0.246932,0.521695,2.61555
10,-0.173257,-0.627108,3.53537
10,-0.346394,0.0821488,3.66907
10,-0.517499,0.251403,3.47566
10,-0.118433,0.12083,3.83951
10,0.271769,-0.313237,4.90389
10,0.271168,-0.490269,4.89304
10,0.838751,0.103201,3.83222
10,0.725549,0.485285,2.74548
10,0.245864,0.0853461,3.81187
10,0.317888,0.410013,3.01711
10,0.553887,0.50151,2.69863
10,1.43984,-0.523415,5.74444
10,1.47563,-1.59481,5.39829
10,-0.510794,0.57866,2.43546
10,-0.403644,0.610171,2.35232
10,-0.442378,0.597742,2.35385
10,-0.336792,0.473255,2.748
10,-0.385051,0.473915,2.66745
10,-0.304008,0.575848,2.48051
10,-0.380024,0.533646,2.53687
10,-0.316247,0.699571,2.1908
10,-0.160362,-0.00835615,3.92713
10,-0.14021,-0.0947823,3.96231
10,-0.166462,-0.693499,3.59664
10,-0.0926307,0.347428,3.09412
10,-0.0969038,0.310549,3.23686
10,0.00930329,0.213817,3.38041
10,-0.0529056,0.0977469,3.89218
10,0.0759645,0.67274,2.14335
10,0.418295,0.141742,3.93616
10,0.324719,0.096534,3.84388
10,0.574287,0.143207,3.97684
10,0.48923,0.121942,3.98998
10,0.479762,0.629808,2.48012
10,0.417777,0.597244,2.51368
10,0.695691,0.483251,2.80605
10,0.648806,0.467228,2.80164
10,0.987555,0.0566304,3.98327
10,0.820979,0.0556368,3.91338
10,0.688508,0.580871,2.50215
10,0.723741,0.527275,2.79629
10,1.27628,0.241984,3.52233
10,-0.557369,0.501112,2.65754
10,-0.68063,0.502817,2.74592
10,-0.614419,0.162789,3.47047
10,-0.687673,0.162228,3.45851
10,0.197934,-0.827868,4.84062
10,0.117792,-0.925332,4.79898
10,0.142164,0.200967,3.47672
10,0.239555,0.0959759,3.82166
10,0.233661,0.648847,2.44997
10,0.184845,0.610571,2.51217
10,0.249736,0.725994,2.23541
10,0.161655,0.70155,2.197
10,0.187813,0.661481,2.22325
10,0.375933,0.596042,2.50862
10,0.292069,0.605857,2.49277
10,0.829968,0.547723,2.60379
10,0.916629,0.515795,2.7354
10,0.833843,0.536027,2.61595
10,-0.198696,0.480135,2.70246
10,-0.252974,0.43877,2.81492
10,-0.307349,0.40375,2.89368
10,-0.265678,0.567058,2.50135
10,-0.17812,0.50763,2.6165
10,0.0429235,0.370259,3.14486
10,0.0638462,0.284327,3.34325
10,-0.00900674,0.265899,3.34058
10,0.439663,0.487544,2.83097
10,0.369369,0.44958,2.88427
10,-0.444149,0.541393,2.50872
10,-0.497919,0.540413,2.50418
10,-0.426898,0.486451,2.65654
10,-0.497027,0.498632,2.57012
10,0.0346064,0.588612,2.53549
10,-0.0068253,0.546312,2.53152
10,-0.0206224,0.518844,2.53209
10,0.640719,0.573269,2.52875
10,0.57078,0.544066,2.58641
10,0.573457,0.532461,2.59854
10,-0.132132,0.551211,2.55422
10,-0.162148,0.530525,2.58909
10,-0.351187,0.0724551,3.68439
10,-0.262892,-0.00821702,3.86175
10,0.316207,0.415167,2.97551
10,0.135363,0.317605,3.3104
10,0.287253,0.754402,1.98918
10,-0.235298,0.751049,2.0092
10,0.36811,-0.33773,5.00285
10,0.258297,-0.309532,4.98769
10,0.257949,-0.471943,4.98098
10,1.81857,-0.174749,5.01897
10,1.38163,0.0586176,4.12305
10,-0.200882,0.0763648,3.88321
10,0.467225,0.499455,2.8112
10,-0.516208,0.255513,3.44597
10,0.130709,0.613441,2.52397
10,0.268844,0.545946,2.52982
10,0.335433,0.58325,2.5124
10,-0.182874,0.590968,2.48726
10,-0.353106,0.581197,2.44614
10,-0.0563389,0.380596,2.95881
10,-0.172301,0.473807,2.75121
10,0.660267,0.661658,2.44798
10,1.24963,0.274511,3.44878
10,1.39133,-0.501146,5.6119
10,0.256997,-0.329604,4.96259
10,0.45359,-1.7376,4.6497
10,0.43889,-1.97543,4.49901
10,0.320719,0.0953453,3.79654
10,0.157174,0.200783,3.47355
10,0.429126,-1.48454,4.71491
10,0.310606,0.406596,2.98399
10,0.185859,0.392537,3.18661
10,0.151692,0.303368,3.35238
10,0.462447,0.442411,2.83828
10,0.372834,0.446205,2.86262
10,1.05071,0.486912,2.77464
10,0.904932,0.512546,2.71817
10,1.13854,0.641635,2.5267
10,1.21402,0.541352,2.77473
10,1.1921,0.511228,2.80856
10,0.0604076,0.389651,3.16318
10,-0.0591053,0.380872,2.93608
10,-0.00172149,0.257899,3.33127
10,-0.00173359,0.215845,3.35468
10,-0.204084,0.0717717,3.86373
10,-0.130885,0.0216779,3.94153
10,0.168213,0.689183,2.15827
10,0.0818226,0.661124,2.11368
10,0.253927,0.635436,2.43948
10,0.12883,0.599201,2.48769
10,0.260969,0.538318,2.50713
10,0.0966263,0.552267,2.49609
10,0.858104,-2.03328,4.70076
10,1.29883,0.622074,2.58265
10,1.37823,0.576375,2.60506
10,1.39486,0.499722,2.84763
10,-0.181046,0.585691,2.49944
10,-0.348514,0.581533,2.41434
10,-0.391471,0.475906,2.71192
10,0.0313761,0.585415,2.49827
10,-0.0506527,0.573165,2.51619
10,-0.0177031,0.55521,2.50939
10,-0.13546,0.550644,2.56454
10,1.22793,0.469853,2.89299
10,1.46463,0.302927,3.34751
10,1.33826,0.264459,3.41601
10,1.56765,0.37836,3.24369
10,0.673367,0.575709,2.45685
10,0.594589,0.576716,2.53178
10,0.585733,0.567088,2.64113
10,0.401471,0.625724,2.46404
10,0.373398,0.583877,2.4917
10,0.537963,0.518549,2.75001
10,0.398861,0.506582,2.78304
10,1.85109,-0.151768,4.49977
10,1.14932,0.722098,2.17239
10,1.0006,0.790083,2.28695
10,0.526866,0.12804,4.04527
10,1.25596,0.247922,3.4978
10,0.710195,0.471527,2.79095
10,1.28617,0.207048,3.58193
10,1.00128,0.0486162,4.03865
10,2.14789,-1.20514,4.27096
10,2.184,-1.51569,4.1281
10,0.847114,-1.57386,4.9986
10,1.67083,-1.60672,5.56519
10,1.50505,-1.62129,5.49132
10,1.41273,-2.0661,4.7055
10,1.35908,-2.34512,5.34097
10,0.114124,-0.848703,4.45189
10,-0.587826,0.176742,3.44758
10,-0.343916,0.465809,2.7571
10,-0.329116,0.0664172,3.57547
10,-0.339117,0.687854,2.15411
10,-0.442443,0.491174,2.69839
10,-0.311355,0.688751,2.15692
10,-0.14971,-0.250182,3.76679
10,-0.16591,-0.706823,3.58472
10,1.44772,-0.526655,5.68929
10,2.08985,-0.227583,4.26649
10,1.55142,0.339823,3.28112
10,-0.627924,0.619079,2.12113
10,-0.354048,0.570804,2.40903
10,-0.339621,0.457671,2.75152
10,-0.0346532,0.564064,2.54941
10,-0.158099,0.55615,2.60605
10,-0.194588,0.0636152,3.68396
10,-0.111396,-0.0536901,3.80402
10,0.0550507,0.393337,3.09456
10,-0.0633158,0.375396,2.95341
10,0.00714793,0.219169,3.40633
10,-0.0703054,0.288191,3.27944
10,0.456067,-1.77702,4.7386
10,0.29566,0.0921757,3.67033
10,0.145112,0.198379,3.51139
10,1.52877,0.0973511,3.87642
10,2.00326,-0.0640488,4.53793
10,1.88847,-0.173392,4.60526
10,0.251738,0.629959,2.41845
10,0.143182,0.595013,2.5112
10,0.266277,0.545921,2.55812
10,0.233908,0.726382,2.24716
10,0.0865209,0.660322,2.09361
10,1.19947,0.546939,2.76629
10,1.05963,0.487383,2.79817
10,-0.36933,0.602701,2.38566
10,-0.432786,0.484315,2.66071
10,-0.494388,0.522601,2.44885
10,0.699672,0.579319,2.5287
10,0.695843,0.521891,2.74867
10,0.6151,0.57167,2.67878
10,0.454296,0.628724,2.48867
10,0.391597,0.622171,2.46273
10,0.523473,0.522039,2.74945
10,0.444463,0.486865,2.7952
10,1.21693,0.461505,2.91192
10,1.06853,0.719237,2.4643
10,0.363918,0.451915,2.85141
10,0.168162,0.300534,3.4199
10,0.498464,0.0980847,3.90563
10,1.27016,0.202053,3.57642
10,0.842956,0.569424,2.66825
10,1.97767,-1.28295,4.32618
10,0.81214,-1.55799,4.86734
10,0.420003,-1.52081,4.75119
10,0.821189,-1.94715,4.70056
10,0.234543,-0.329278,4.76987
10,0.231075,-0.840576,4.69935
10,-0.67421,0.1963,3.47459
10,-1.14237,0.145866,3.57472
10,-0.330381,0.385737,2.85834
10,-0.325777,0.0611156,3.5392
10,-0.535577,0.634081,2.29597
10,-0.666243,0.35443,2.03486
10,-0.138505,-0.257515,3.73033
10,-0.162933,-0.73327,3.62274
10,-1.0178,-0.897474,3.10858
10,-0.316773,-1.42555,3.44138
10,1.50802,-0.551425,5.95687
10,1.47358,-1.53581,5.17884
11,0.19966,0.644471,2.19534
11,1.25874,0.699478,2.20196
11,1.00596,0.669797,2.30265
11,0.637482,0.629913,2.48198
11,1.12265,0.635676,2.49479
11,1.46442,0.645926,2.48323
11,1.3711,0.653538,2.51157
11,1.48194,0.650681,2.50083
11,1.27965,0.611342,2.53665
11,1.23616,0.574474,2.5762
11,1.39927,0.560548,2.57976
11,0.902477,0.503547,2.66683
11,1.20952,0.578866,2.65047
11,1.37717,0.558358,2.63201
11,1.00811,0.508131,2.69532
11,1.00903,0.504096,2.69912
11,1.03764,0.499253,2.7127
11,1.43586,0.582012,2.66983
11,1.03267,0.481355,2.73262
11,1.39867,0.563734,2.6961
11,1.20701,0.512332,2.72659
11,1.0233,0.470887,2.7546
11,1.20752,0.526585,2.74898
11,1.3255,0.512452,2.73317
11,1.31489,0.524778,2.74506
11,0.475327,0.448997,2.87002
11,1.13316,0.473906,2.77897
11,1.25907,0.494674,2.76527
11,1.25041,0.515523,2.8007
11,1.13863,0.497688,2.82737
11,1.18566,0.511773,2.82466
11,1.40614,0.506089,2.81717
11,1.21807,0.464964,2.87829
11,1.39063,0.500381,2.85785
11,1.22067,0.476422,2.88503
11,1.30164,0.467389,2.92991
11,1.31415,0.463874,2.9573
11,1.37547,0.453738,2.94975
11,1.40902,0.432634,2.95876
11,1.38335,0.443744,2.9676
11,1.45619,0.462386,2.96065
11,1.43227,0.430088,3.01
11,1.4349,0.43106,3.0166
11,1.35415,0.385803,3.07496
11,1.44942,0.397891,3.07445
11,1.54028,0.394585,3.0627
11,1.58794,0.394766,3.07018
11,1.45214,0.395198,3.09733
11,1.26545,0.376669,3.15195
11,1.3743,0.392338,3.13738
11,1.3864,0.395897,3.13624
11,1.32614,0.375053,3.14876
11,1.49197,0.362001,3.12829
11,1.33014,0.387427,3.15331
11,1.59244,0.372669,3.11611
11,1.42782,0.382165,3.1428
11,1.48054,0.371524,3.14514
11,1.56208,0.41344,3.13867
11,1.4504,0.356195,3.17689
11,1.42222,0.357882,3.18585
11,1.50377,0.375883,3.18239
11,1.35615,0.35188,3.2078
11,1.5214,0.369743,3.19383
11,1.61027,0.384286,3.1849
11,1.71954,0.416341,3.17858
11,1.46564,0.356766,3.21704
11,1.43523,0.335023,3.25207
11,1.44136,0.33749,3.25688
11,1.75717,0.400032,3.21806
11,1.88151,0.416805,3.20202
11,1.58393,0.343432,3.24882
11,1.89121,0.419313,3.22075
11,1.50135,0.346127,3.28715
11,1.53026,0.326396,3.28602
11,1.45066,0.306866,3.32057
11,1.60005,0.358952,3.3096
11,1.44484,0.299211,3.34316
11,1.47245,0.300884,3.36638
11,1.46755,0.305542,3.37339
11,1.56802,0.324301,3.37114
11,1.33587,0.254053,3.42281
11,1.36821,0.248569,3.42982
11,2.53481,-0.732693,3.21942
11,1.28825,0.266525,3.44502
11,2.43329,-0.663083,3.24829
11,2.50966,-0.531148,3.24905
11,1.35597,0.250041,3.45573
11,1.36123,0.262545,3.46104
11,1.29748,0.26535,3.47433
11,1.49972,0.245395,3.44567
11,1.30067,0.274185,3.47649
11,1.36057,0.261069,3.49476
11,1.36141,0.243786,3.49908
11,1.52042,0.25553,3.47888
11,1.27453,0.225206,3.51331
11,1.26964,0.238247,3.53771
11,1.2663,0.243972,3.53877
11,1.29282,0.237663,3.53837
11,2.59779,0.196203,3.35823
11,1.26867,0.243451,3.55268
11,1.28443,0.242142,3.56451
11,1.2907,0.196757,3.57197
11,2.37201,-1.66234,3.3292
11,2.30516,-1.68595,3.34385
11,1.28703,0.191824,3.5946
11,2.3681,-1.63924,3.35366
11,2.46561,-0.204064,3.41911
11,2.48356,-0.195501,3.42282
11,1.32494,0.217297,3.60974
11,2.33526,-1.56719,3.39606
11,1.30863,0.210403,3.63524
11,2.30072,-1.31585,3.43216
11,2.56908,0.0865804,3.46657
11,2.31631,-1.32684,3.47477
11,2.19849,-0.644136,3.60927
11,2.47784,0.205558,3.62245
11,0.818346,0.0634144,3.87808
11,0.77384,0.111742,3.91346
11,0.748348,0.0763943,3.91612
11,1.07515,0.0834754,3.8979
11,0.938505,0.107169,3.94214
11,2.29763,-0.910057,3.70044
11,1.47137,0.12333,3.88568
11,1.2248,0.0971353,3.92984
11,2.30528,-0.661894,3.75359
11,1.02555,0.106355,4.00515
11,1.0239,0.106974,4.00704
11,1.136,0.0673894,4.02059
11,2.28421,-0.0821822,3.91454
11,1.63692,0.0877498,4.04767
11,1.62284,0.0994685,4.05068
11,1.60463,0.091694,4.06621
11,2.33059,-0.0705335,3.98379
11,1.67976,0.100786,4.10439
11,1.69653,0.101405,4.1365
11,2.03857,-0.95301,4.0394
11,2.05719,-1.16079,4.09198
11,2.05284,-0.960351,4.12546
11,2.04321,-0.236987,4.17283
11,2.05857,-0.234013,4.17959
11,2.05945,-1.15836,4.14044
11,0.436003,-1.92747,4.36669
11,1.94033,-1.16715,4.21034
11,2.09391,-0.975271,4.20678
11,1.96295,-0.804114,4.27135
11,1.95786,-1.1776,4.26569
11,1.97927,-1.18727,4.29769
11,1.94981,-0.562614,4.36811
11,1.95729,-1.29396,4.33427
11,1.81203,-0.855329,4.37769
11,1.9943,-1.28189,4.34018
11,2.01789,-0.612052,4.3926
11,1.97183,-0.410827,4.41305
11,1.91622,-0.0802125,4.43825
11,2.00535,-1.21652,4.38606
11,2.15772,-0.25966,4.42011
11,0.409109,-1.47046,4.63362
11,1.67537,-0.779422,4.49244
11,1.88086,-0.122591,4.50787
11,2.22044,-1.02498,4.43465
11,1.95204,-0.0673748,4.53178
11,1.97613,-0.0753258,4.5379
11,1.97404,-0.0710569,4.55514
11,1.8166,-0.141642,4.60626
11,1.91845,-0.119324,4.59359
11,1.91294,-0.137109,4.61034
11,1.67529,-0.176681,4.77135
11,1.77691,-0.134291,4.78322
11,1.76947,-0.1561,4.78585
11,0.834211,-1.53225,4.85336
11,1.45015,-2.24424,4.76893
11,1.47432,-2.25467,4.78638
11,1.23444,-2.1364,4.8421
11,1.78071,-0.144673,4.86333
11,1.33808,-2.33366,4.91743
11,1.43666,-1.51477,5.09579
11,1.4625,-1.49408,5.09982
11,1.23648,-0.498225,5.80171
11,0.221974,0.364233,3.07916
10,0.221974,0.364233,3.07916
11,1.89238,-1.13793,4.14041
10,1.89238,-1.13793,4.14041
11,0.793461,0.0551842,3.78219
10,0.793461,0.0551842,3.78219
11,0.794059,-1.78147,4.88258
10,0.794059,-1.78147,4.88258
11,0.819906,0.0589798,3.90818
10,0.819906,0.0589798,3.90818
11,1.49032,0.447796,3.15217
10,1.49032,0.447796,3.15217
11,-0.0663834,0.757417,3.31048
10,-0.0663834,0.757417,3.31048
12,0.982107,0.470993,2.58436
12,0.601048,0.50349,2.73372
12,0.642196,0.524364,2.75681
12,1.35328,0.618115,2.59233
12,1.23017,0.538545,2.64166
12,1.40749,0.601886,2.61686
12,2.57744,0.424638,2.58883
12,1.02406,0.285415,3.00682
12,1.03641,0.293236,3.02953
12,1.50743,0.385096,3.00864
12,1.62953,0.374,3.01089
12,1.63112,0.406892,3.01931
12,2.73696,-0.461071,2.61908
12,1.17757,0.333769,3.15056
12,1.16176,0.344153,3.15675
12,1.52974,0.324327,3.11721
12,2.69896,0.082318,2.81424
12,2.6905,0.426184,2.88053
12,2.66293,0.42179,2.89309
12,2.83525,-1.71802,2.5541
12,2.74741,-0.588869,2.74973
12,2.80882,-0.954307,2.68539
12,2.786,-1.74336,2.60597
12,2.78549,-0.161226,2.82499
12,2.67472,0.205383,2.91918
12,2.68695,0.20628,2.92839
12,1.4523,0.313213,3.28147
12,2.79762,-0.376608,2.86752
12,2.76853,-0.147613,2.92449
12,2.78695,-1.14961,2.80768
12,2.65337,-1.80328,2.77044
12,1.33098,0.261508,3.39748
12,2.79954,-0.146559,2.98077
12,1.42867,0.246268,3.46399
12,1.48039,0.273298,3.45784
12,2.52576,-1.88686,2.89602
12,1.29726,0.20383,3.51168
12,1.43738,0.244735,3.48224
12,0.605121,0.107884,3.69119
12,2.60945,-1.67891,2.9349
12,2.54466,-1.05859,3.03871
12,1.53215,0.258072,3.51137
12,2.51089,-0.609122,3.13986
12,2.11108,-1.01706,3.18907
12,2.10351,-1.01812,3.19355
12,2.81702,0.0641048,3.17493
12,2.45038,0.0963339,3.29022
12,2.53047,-0.741906,3.16118
12,2.58573,-1.09547,3.10104
12,2.77908,0.0305845,3.21782
12,2.26613,-0.847938,3.24269
12,2.674,0.150435,3.27983
12,2.68537,0.164693,3.28285
12,2.58095,0.188708,3.31898
12,2.18293,-1.23734,3.23757
12,2.54948,-0.742205,3.21228
12,2.22014,-1.46779,3.20242
12,2.55162,-0.55225,3.27562
12,0.688595,0.115881,3.84764
12,2.73618,0.293967,3.34916
12,2.48172,-0.683465,3.28957
12,2.20322,-1.00551,3.33656
12,2.55275,-0.517012,3.32352
12,2.30763,-1.88745,3.20405
12,2.24566,-1.27307,3.31062
12,2.57163,-0.527703,3.34431
12,2.24939,-1.25465,3.3547
12,1.24652,0.0637732,3.7961
12,2.25282,-1.25982,3.36045
12,2.22802,-1.01254,3.40639
12,0.853024,0.105096,3.92397
12,1.34865,0.109592,3.80791
12,2.68842,-1.45355,3.24989
12,2.28831,-0.269603,3.5214
12,1.16922,0.120439,3.87541
12,2.56641,-0.705785,3.41901
12,1.32289,0.0586989,3.85149
12,1.13787,0.10297,3.90596
12,2.3064,-0.554833,3.51538
12,1.89789,-1.22239,3.53716
12,2.3129,-0.1787,3.57989
12,2.37587,-1.96697,3.32531
12,0.801235,0.10512,4.01772
12,1.27949,0.0684652,3.91452
12,1.31576,0.0674263,3.911
12,2.64301,-0.303506,3.52243
12,1.95013,-0.22584,3.71665
12,1.94832,-1.3172,3.57479
12,2.28649,-0.877286,3.54982
12,1.32062,0.0581953,3.9309
12,1.38752,0.109265,3.95631
12,1.48646,0.137417,3.95112
12,2.36126,-0.123952,3.70297
12,2.35776,-0.129587,3.71605
12,2.3439,-0.186451,3.71279
12,2.34249,-0.891719,3.61803
12,2.3588,-0.345698,3.69305
12,2.32094,-0.312326,3.72975
12,2.36157,-0.262344,3.73587
12,2.65507,0.0683206,3.70721
12,2.256,-0.464731,3.74222
12,2.65838,-0.209669,3.67389
12,2.3713,-0.891944,3.66664
12,2.37415,-0.266569,3.75924
12,2.23728,-0.470681,3.78739
12,2.36098,-0.391617,3.76964
12,2.2978,-0.283219,3.82436
12,2.32623,-0.091289,3.85238
12,2.34207,-0.447189,3.80651
12,1.58287,0.132646,4.10908
12,0.656866,-1.4162,4.15572
12,2.34003,-0.530224,3.84674
12,1.94763,-0.30651,3.97981
12,2.37311,-0.672752,3.83635
12,2.33521,-0.0886221,3.95237
12,1.99218,-2.2281,3.75368
12,2.00895,-2.28518,3.75887
12,2.44691,-0.510162,3.89129
12,2.16909,-2.30925,3.71949
12,2.01697,-0.86003,3.95903
12,2.01752,-0.942702,3.94885
12,2.41217,-0.577464,3.89837
12,2.33537,-0.007572,3.99666
12,2.02556,-0.973701,3.96478
12,2.4261,-0.201521,3.97809
12,2.02292,-0.86567,3.99304
12,2.00534,-1.11898,3.97208
12,2.43749,-0.558585,3.95062
12,2.43184,-0.697661,3.94309
12,2.3537,-0.180157,4.04004
12,2.39472,-0.0938994,4.0764
12,2.04413,-0.895099,4.05882
12,2.04281,-1.14294,4.02959
12,1.89392,-1.22654,4.06118
12,2.05961,-0.919985,4.09471
12,2.05165,-1.15495,4.11506
12,2.07909,-1.04564,4.12667
12,1.75343,0.0980998,4.38528
12,2.25459,-2.36018,3.93511
12,1.95582,-1.18935,4.21044
12,1.70891,-0.135265,4.51255
12,1.98316,-1.1998,4.32896
12,1.86797,-0.709807,4.43322
12,2.09374,-0.207202,4.4696
12,2.04001,-0.212856,4.49818
12,2.00435,-1.17161,4.42953
12,2.13856,-1.01401,4.42599
12,2.16038,-1.02628,4.46172
12,2.02001,-0.588925,4.57329
12,2.02324,-0.483827,4.59735
12,2.10999,-0.551641,4.56569
12,1.193,-2.02576,4.60409
12,2.02481,-0.314011,4.62567
12,1.99475,-0.0808482,4.67769
12,1.95207,-0.11593,4.71887
12,1.67601,-0.952797,4.68969
12,2.10263,-0.2198,4.69712
12,1.67376,-1.17938,4.68529
12,0.850935,-1.9707,4.85481
12,1.36887,-1.45163,4.80836
12,1.65196,-0.873867,4.82963
12,1.37378,-2.03427,4.75179
12,1.36813,-1.45482,4.84437
12,0.877941,-2.129,4.89208
12,2.56749,-0.195105,4.77021
12,1.5118,-2.578,4.91478
12,1.34083,-0.453309,5.31847
12,1.51615,-2.26339,5.08661
12,1.6058,-2.3494,5.26594
12,0.458161,0.411451,2.63638
11,0.458161,0.411451,2.63638
12,1.20492,0.336024,2.77287
11,1.20492,0.336024,2.77287
12,0.860564,0.0596619,2.83901
11,0.860564,0.0596619,2.83901
12,2.02286,-0.324902,4.65831
11,2.02286,-0.324902,4.65831
12,0.445304,0.428412,2.8917
10,0.445304,0.428412,2.8917
12,0.640702,0.466445,2.72905
10,0.640702,0.466445,2.72905
13,2.69705,-0.433778,1.31398
13,2.69538,-0.428975,1.31449
13,2.70014,-0.44845,1.31966
13,2.98944,-0.450109,1.76323
13,2.93799,-0.455161,1.76337
13,1.52908,0.190784,2.26854
13,1.6948,0.285497,2.27664
13,1.51515,0.169495,2.28175
13,1.56239,0.204238,2.383
13,1.62967,0.269394,2.39455
13,1.5572,0.198382,2.39568
13,1.6169,0.283074,2.45717
13,1.58458,0.265372,2.48655
13,1.83914,0.401835,2.55265
13,1.56429,0.258097,2.61617
13,1.78523,0.383495,2.6501
13,1.41643,0.131109,2.69434
13,3.23898,-0.377175,2.90981
13,3.18663,-0.311094,2.95722
13,1.3875,0.15819,2.78457
13,1.69923,0.362833,2.83374
13,1.45943,0.208401,2.83386
13,3.27442,-0.369686,3.03189
13,1.45733,0.212423,2.85574
13,1.32437,0.113809,2.85652
13,1.68977,0.335751,2.87263
13,1.80473,0.187452,2.9059
13,1.75055,0.246419,2.90017
13,1.69253,0.338007,2.89402
13,1.751,0.257068,2.91115
13,1.86979,0.214593,2.9306
13,1.8586,0.227918,2.962
13,1.36937,0.143791,2.93995
13,1.66937,0.297269,2.96538
13,3.54597,-1.6453,3.28307
13,1.71077,0.191284,2.99517
13,3.43916,-0.924739,3.23831
13,2.24795,-0.455077,3.16249
13,3.46972,-1.06066,3.33934
13,3.46258,-1.05392,3.34277
13,3.50044,-1.41773,3.37941
13,2.88212,-0.426637,3.2567
13,2.88622,-0.442364,3.2705
13,3.54963,-1.32417,3.39998
13,3.4628,-0.654542,3.34044
13,2.23663,-0.340205,3.22348
13,3.52829,-1.30095,3.41145
13,2.50108,-0.279412,3.25716
13,2.90151,-0.438217,3.30537
13,3.44363,-0.761015,3.37871
13,1.34564,0.0832911,3.14752
13,3.43303,-0.766487,3.38206
13,3.29925,-0.526484,3.36083
13,2.26331,-0.402354,3.27458
13,2.55503,-0.242739,3.29169
13,2.99234,-0.563227,3.35368
13,3.4844,-0.6615,3.40851
13,2.55917,-0.205233,3.30606
13,2.55373,-0.202373,3.31442
13,2.75759,-0.0330871,3.31869
13,2.53373,-0.117398,3.31388
13,2.55566,-0.151769,3.31884
13,1.33843,0.113926,3.20904
13,2.49175,-0.32093,3.33844
13,2.50159,0.0905899,3.30578
13,2.53334,-0.211939,3.3455
13,2.89374,-0.469515,3.39646
13,2.99754,-1.04479,3.45877
13,2.63685,-0.498088,3.39777
13,2.49351,-0.0375318,3.35567
13,3.00765,-1.02428,3.48227
13,2.94163,-0.676549,3.44808
13,3.11513,-1.77344,3.56067
13,2.52843,-0.214755,3.39891
13,2.95107,-0.668356,3.47323
13,2.88981,-0.102222,3.42578
13,2.47867,0.0192105,3.38832
13,1.93487,-0.719746,3.41127
13,2.13989,-0.105652,3.38249
13,1.14606,0.0821714,3.29357
13,2.61865,-0.559606,3.46174
13,2.63975,-0.557261,3.46501
13,2.61619,-0.600953,3.50131
13,2.69301,-0.613867,3.51451
13,2.59126,-0.442445,3.50286
13,2.4698,0.0266321,3.45554
13,2.55201,-0.156847,3.4793
13,2.99139,-1.01426,3.58592
13,2.45452,0.0735655,3.46447
13,2.79921,0.124428,3.49054
13,2.75542,-0.854814,3.58249
13,2.8314,-0.533033,3.56259
13,2.71951,-0.696506,3.57951
13,2.48893,-0.230581,3.5386
13,2.11345,-0.083479,3.50791
13,2.26354,-1.51598,3.6525
13,2.44951,0.0505234,3.53973
13,2.73211,-0.651209,3.62295
13,2.19002,-0.191901,3.54612
13,2.60453,-0.576522,3.61786
13,2.27898,-1.53696,3.67505
13,2.91424,-0.797043,3.66121
13,2.62459,-1.08395,3.70207
13,2.56419,-0.467723,3.64674
13,2.62326,-1.07344,3.7276
13,2.77648,-0.634135,3.71456
13,2.21751,-1.2275,3.74533
13,2.69688,-0.110799,3.71706
13,2.88372,-0.679092,3.7988
13,2.51998,-0.48697,3.77202
13,2.69597,-0.0491033,3.75086
13,2.60517,-1.1161,3.85867
13,0.8592,0.121563,3.6214
13,2.6878,-0.0476134,3.77692
13,2.67743,0.0385221,3.77395
13,2.1782,-0.154959,3.75319
13,2.61013,-1.12049,3.87349
13,1.92368,0.481357,3.71289
13,2.80725,-0.581184,3.87924
13,2.71097,-1.78118,3.97452
13,2.53576,-0.747287,3.87363
13,2.54091,-0.751457,3.87446
13,1.71607,-0.36702,3.78515
13,2.52349,-0.44468,3.87043
13,2.79723,-0.438709,3.89589
13,2.6066,-1.14028,3.94635
13,2.54132,-0.369722,3.88502
13,2.81724,-0.495271,3.91788
13,2.85206,-0.47941,3.92255
13,2.4922,-0.489999,3.89884
13,2.49217,-0.48454,3.90622
13,2.7204,0.0108768,3.88332
13,2.87482,-0.427571,3.94415
13,2.49355,-0.227169,3.90361
13,2.73769,0.041441,3.90685
13,2.5044,-0.51959,3.93766
13,2.5489,-0.758269,3.96179
13,2.70662,0.35879,3.88475
13,2.90579,-0.580166,3.97986
13,2.48869,-0.490747,3.96049
13,2.80197,-0.105333,3.96239
13,2.75308,0.0414816,3.96393
13,2.7809,-0.101398,3.98559
13,2.52093,-0.531639,4.01668
13,2.44116,0.157442,3.95218
13,2.51397,-0.532342,4.01719
13,2.50886,-0.0715078,3.97845
13,2.82835,-0.0567043,4.00296
13,2.44125,-0.671765,4.02832
13,1.7379,-0.14757,3.93681
13,2.77935,-0.034408,4.01491
13,2.79191,-0.0352396,4.03286
13,2.77409,0.142058,4.0172
13,2.43721,-0.662975,4.07086
13,2.67873,0.226469,4.02477
13,2.53152,-0.366347,4.07273
13,1.68896,-0.230722,4.00023
13,1.69989,-0.135653,4.02976
13,2.47117,-0.665566,4.13575
13,2.45999,0.353877,4.0568
13,2.4643,0.0888264,4.08486
13,2.04954,0.0336928,4.06854
13,2.88778,-0.0691124,4.14731
13,2.44264,-0.668154,4.16968
13,2.78902,0.340172,4.13066
13,1.68835,-0.100571,4.09005
13,2.23334,0.242263,4.10826
13,2.01766,-2.1327,4.2988
13,2.22858,0.241634,4.12899
13,2.47758,-0.227845,4.21734
13,2.00206,0.161985,4.1488
13,2.44452,-0.41336,4.23815
13,2.43884,0.161173,4.19101
13,2.75777,0.310628,4.21456
13,2.4845,-0.074377,4.26585
13,2.44119,-0.108406,4.28177
13,2.06179,-0.565972,4.30539
13,2.03816,-0.316143,4.2959
13,2.4223,-0.274378,4.32652
13,2.02264,0.0984821,4.26902
13,2.44261,-0.203869,4.33383
13,2.43738,-0.0954691,4.35005
13,2.49726,0.0763621,4.34686
13,1.5506,-1.06953,4.37831
13,2.51213,0.0826885,4.37317
13,2.07524,-0.3161,4.39078
13,2.06148,-0.317067,4.3948
13,1.51029,-1.0766,4.42283
13,1.98272,0.0470707,4.37645
13,1.98355,0.035008,4.38611
13,1.20733,0.0405917,4.33924
13,2.20108,0.20115,4.41291
13,2.20324,0.20741,4.41483
13,1.97338,0.112706,4.42886
13,2.27431,0.00717998,4.48516
13,2.42977,-0.0977098,4.50793
13,2.3061,0.00245225,4.50647
13,2.34915,-0.41107,4.59096
13,0.734246,-1.80782,4.67844
13,1.45714,-1.11787,4.6824
13,2.30735,0.172064,4.63975
13,1.3264,-0.657443,4.67046
13,1.49172,-0.637621,4.73335
13,2.00633,-0.0490176,4.72977
13,1.53448,-0.647999,4.81465
13,1.42393,0.203282,4.85918
13,1.4306,-0.190627,4.90411
13,1.39319,0.247137,4.98351
13,1.098,-0.665822,5.59244
13,0.425632,-2.92516,6.82372
13,2.08208,-0.0159404,4.52518
12,2.08208,-0.0159404,4.52518
13,0.983762,0.0613089,3.48914
11,0.983762,0.0613089,3.48914
13,1.30497,0.560474,3.28698
11,1.30497,0.560474,3.28698
14,1.80806,-0.242597,0.403117
14,1.78325,-0.252021,0.436468
14,2.23878,-0.158531,0.695214
14,2.28186,-0.158579,0.702727
14,2.23786,-0.166761,0.725577
14,2.23706,-0.17506,0.729576
14,2.23513,-0.18364,0.738872
14,2.16776,-0.209904,0.769857
14,2.22903,-0.180461,0.744824
14,2.21851,-0.157228,0.755884
14,2.29933,-0.165597,0.725802
14,2.15354,-0.220697,0.791067
14,2.21462,-0.146795,0.766839
14,2.20747,-0.158205,0.771912
14,2.22294,-0.152254,0.778188
14,2.12364,-0.192872,0.829733
14,2.12425,-0.196182,0.829958
14,2.14423,-0.210381,0.827467
14,2.22414,-0.190289,0.794057
14,2.22571,-0.168777,0.793676
14,2.11853,-0.16811,0.83757
14,2.1309,-0.220893,0.835487
14,2.48066,0.242313,0.671763
14,2.22445,-0.177511,0.797408
14,2.11027,-0.172096,0.849172
14,2.2155,0.0315953,0.800111
14,2.11496,-0.206398,0.854639
14,2.11575,-0.180475,0.863279
14,2.12033,-0.202925,0.862681
14,2.11815,-0.20446,0.864531
14,2.25546,-0.195532,0.832779
14,2.51159,0.108829,0.994777
14,2.45974,-0.253466,1.13014
14,2.58444,-0.219924,1.08524
14,2.47164,-0.247692,1.1447
14,2.57014,-0.238324,1.11082
14,2.56408,-0.241772,1.11835
14,1.58987,0.450455,2.43183
14,4.07732,0.146222,1.84139
14,4.0142,0.179219,1.957
14,3.2585,-0.521358,2.44874
14,3.2912,-0.987559,2.46513
14,3.30446,-0.755859,2.4672
14,3.3054,-1.02096,2.48053
14,2.96276,-0.577107,2.87775
14,2.9925,-0.561816,2.86683
14,2.90326,-0.432282,2.93543
14,2.98814,-0.57154,2.92
14,2.8384,-0.239175,2.99629
14,2.82369,-0.42315,3.04193
14,2.79921,-0.607634,3.06352
14,2.8048,-0.427549,3.06864
14,2.70512,-0.374791,3.14308
14,2.71548,-0.390279,3.1408
14,2.55468,-0.679409,3.22688
14,2.59511,-0.494279,3.21591
14,2.66212,-0.350484,3.21186
14,2.5835,-0.982412,3.27943
14,2.62079,-0.357634,3.2477
14,2.4859,-0.788594,3.34942
14,2.55805,-0.508686,3.32568
14,2.53995,-0.341409,3.4559
14,2.66319,-0.183088,3.40416
14,2.51463,0.0469882,3.45431
14,2.45016,0.224683,3.47386
14,2.60043,-0.0115281,3.46341
14,2.45154,0.221401,3.51862
14,2.55264,-0.364063,3.51315
14,2.49357,0.0285762,3.53739
14,2.46156,-0.0198793,3.62896
14,2.6198,-0.360769,3.20514
13,2.6198,-0.360769,3.20514
14,1.58597,0.402539,2.72843
13,1.58597,0.402539,2.72843
14,1.63197,-0.158093,3.81776
12,1.63197,-0.158093,3.81776
15,0.0163249,-0.357423,5.05877
15,0.556912,-0.397108,4.50386
15,0.0300374,-0.369239,5.13062
15,-0.235819,0.095326,3.77556
15,0.56176,-0.397168,4.52703
15,0.0919838,0.311246,3.42275
15,-0.0614531,-0.1136,4.70431
15,-0.0610912,-0.127677,4.67662
15,0.152681,0.510311,2.87271
15,0.144348,0.494677,2.8872
15,0.0945099,0.323764,3.38439
15,0.0952315,0.315484,3.41023
15,0.0984749,0.403028,3.16862
15,0.0792129,0.366391,3.19764
15,0.147329,0.429795,3.14517
15,0.117808,0.420696,3.15129
15,0.143791,0.529041,2.87606
15,0.173023,0.507788,2.91016
15,0.184028,0.442493,3.09526
15,0.154372,0.460881,3.08769
15,0.113002,0.470245,3.02272
15,0.135787,0.45411,3.10797
15,0.251061,0.54538,2.96488
15,0.231765,0.515999,2.95722
15,0.227353,0.470215,3.02253
15,0.250827,0.449536,3.07667
15,0.0979481,0.236011,3.50751
15,0.119969,0.213721,3.50468
15,0.0988178,0.215793,3.53865
15,0.052018,0.32496,3.39689
15,0.0527349,0.307723,3.4437
15,-0.0226231,0.309724,3.34797
15,-0.0123729,0.285103,3.43282
15,-0.00145395,0.348798,3.22138
15,-0.0118279,0.324278,3.2816
15,-0.0127472,0.237972,3.53665
15,-0.0667392,0.275307,3.44567
15,-0.067676,0.246121,3.49403
15,-0.0499264,0.136665,3.82194
15,-0.0627947,0.0896306,3.87237
15,-0.0137745,0.136656,3.82168
15,-0.0138725,0.113357,3.84885
15,-0.277873,0.130529,3.65035
15,-0.0590438,0.187598,3.64106
15,0.00936514,0.276972,3.46651
15,0.0437255,0.207935,3.59571
15,-0.193068,0.111717,3.79319
15,-0.240543,0.0876653,3.78747
15,-0.149521,0.185903,3.60817
15,-0.122341,0.100606,3.82544
15,-0.145434,0.111875,3.79856
15,-0.193719,-0.0501156,4.34419
15,-0.129944,-0.137273,4.50757
15,-0.180027,-0.104907,4.34431
15,0.0297997,0.337348,3.30831
15,-0.00140151,0.414547,3.10523
15,-0.0313948,0.362986,3.16792
15,0.0471426,0.430392,3.07851
15,0.047927,0.398082,3.12973
15,0.0283597,0.390536,3.14845
15,-0.149523,0.410703,2.93767
15,-0.141289,0.376391,2.9592
15,0.925341,-0.5037,4.02823
15,0.929007,-0.57432,3.98943
15,0.562539,-0.342515,4.59164
15,0.559315,-0.398129,4.56533
15,0.154217,0.170736,3.52981
15,0.0969901,0.277506,3.4732
15,0.160623,0.219916,3.42897
15,0.170129,0.239699,3.40286
15,0.251352,0.223687,3.48778
15,0.0827863,0.470545,2.96456
15,0.0843811,0.451028,3.02168
15,0.184288,0.48577,2.94354
15,0.107104,0.517967,2.86496
15,0.0799786,0.526827,2.86402
15,0.202144,0.511825,2.9333
15,0.121779,0.35271,3.25752
15,0.128244,0.284907,3.43045
15,0.0765662,0.43211,3.0908
15,0.119281,0.395774,3.19068
15,0.197635,0.359922,3.32412
15,0.207423,0.17975,3.48876
15,0.946303,-0.199911,3.80604
15,0.981343,-0.208061,4.21418
15,-0.106013,0.383797,3.01742
15,0.00735554,0.535156,2.72263
15,0.0541341,0.474538,2.93149
15,-0.207074,0.0524371,3.83106
15,0.0104975,0.0776871,3.88566
15,-0.111458,0.256485,3.48516
15,-0.192505,0.239645,3.56151
15,-0.25082,0.23129,3.43734
15,0.0296009,-0.361217,5.05606
15,-0.033983,-0.406858,5.02908
15,-0.219172,-0.38213,4.91497
15,-0.183805,0.431984,2.89409
15,0.907,-0.496053,4.17776
15,0.487796,0.224471,3.88166
15,0.332004,0.520618,2.92037
15,0.322463,0.523065,2.93409
15,-0.481096,0.460543,2.96036
15,-0.248373,-0.0448771,4.11504
15,-0.284444,-0.0615132,4.18765
15,-0.181392,0.127686,3.70137
15,-0.207676,0.126634,3.67089
15,-0.192394,-0.046396,4.25431
15,-0.164463,-0.0972042,4.3675
15,-0.122284,-0.121049,4.64861
15,-0.137295,-0.118819,4.56296
15,0.0129066,0.346484,3.25692
15,0.0256674,0.327428,3.31348
15,0.0699586,0.440959,3.05755
15,0.0463668,0.436673,3.02784
15,0.200848,0.524368,2.9414
15,0.17833,0.512491,2.93712
15,0.57482,-0.960343,4.46221
15,0.544565,-0.966574,4.49116
15,-0.682964,0.032905,4.1069
15,-0.63715,-0.0137284,4.11208
15,-0.525024,-0.0459242,4.21105
15,-0.556061,-0.0617648,4.20479
15,-0.392858,-0.0926132,4.16122
15,-0.357544,-0.112094,4.30472
15,-0.271367,0.436291,2.87437
15,-0.143963,0.379203,2.93761
15,-0.186333,0.385991,2.90505
15,-0.200961,0.243498,3.55219
15,-0.214441,0.241827,3.34327
15,-0.119625,0.25545,3.53161
15,-0.150014,0.193364,3.62005
15,-0.0556251,-0.393409,4.97927
15,-0.0367726,-0.430932,4.97748
15,0.0483872,0.395925,3.15977
15,0.0245393,0.396936,3.16784
15,0.109084,0.411354,3.18668
15,0.123969,0.359266,3.26108
15,0.0764291,0.532681,2.86636
15,0.10996,0.526605,2.89256
15,0.0787945,0.470903,2.95508
15,0.130185,0.460973,3.11461
15,0.148687,0.17655,3.55726
15,0.0968534,0.152791,3.63235
15,0.165878,0.243052,3.36022
15,0.237375,0.225146,3.47634
15,0.228101,0.479218,3.00726
15,0.242559,0.450809,3.04594
15,0.330401,0.221449,3.6314
15,0.26718,0.201479,3.52247
15,0.948503,-0.541974,4.10651
15,0.947075,-0.587699,4.10033
15,0.938771,-0.198102,4.06438
15,0.994602,-0.255,4.52864
15,0.963247,-0.807945,4.03805
15,0.926385,-0.815846,4.07754
15,-0.0128941,0.245232,3.57749
15,-0.0660886,0.255109,3.52691
15,-0.0546488,0.19519,3.65425
15,-0.0111074,0.42113,3.08176
15,-0.0582525,0.413054,3.10873
15,-0.0355463,0.362584,3.18193
15,-0.0118069,0.323708,3.27584
15,0.0451168,0.46949,2.94621
15,0.191225,0.49488,2.96476
15,0.189398,0.449881,3.11942
15,0.152963,0.4586,3.09859
15,0.0526911,0.300957,3.44083
15,0.0139103,0.280463,3.51021
15,0.201463,0.365551,3.31813
15,0.0903365,0.30915,3.38795
15,0.237242,0.519829,2.97917
15,0.109031,0.218372,3.58094
15,0.200571,0.174848,3.52296
15,0.900293,-0.487371,4.17109
15,0.94574,-0.633346,4.09455
15,-0.101566,0.375713,2.99846
15,-0.487837,0.511867,2.93354
15,-0.296161,0.488622,2.80032
15,-0.226475,0.0584566,3.75223
15,-0.0966764,0.168496,3.67514
15,0.0417512,0.220822,3.62113
15,0.000686777,0.088665,3.83065
15,-0.0135485,0.129675,3.75905
15,-0.455901,-0.0138945,4.16183
15,-0.437805,-0.0608075,4.13962
15,0.0386648,-0.356595,4.99136
15,-0.219757,-0.383937,4.85939
15,-0.0719887,-0.107136,4.81373
15,-0.506287,0.381479,3.04448
15,-0.154716,0.411585,2.93077
15,0.962245,-0.868153,4.03385
15,0.480682,0.219889,3.84434
15,0.593395,-0.392917,4.74578
15,0.210119,-0.486299,4.60972
15,-0.854999,-0.686511,5.51805
15,-0.199739,0.233111,3.43861
15,-0.201581,0.219504,3.47032
15,-0.148854,0.1004,3.72823
15,-0.167308,0.0842423,3.76257
15,0.174518,0.232531,3.43007
15,0.175077,0.217653,3.44106
15,-0.578042,0.474264,2.90714
15,-0.604837,0.487783,2.90905
15,0.239204,0.21915,3.46472
15,0.222265,0.233611,3.44599
15,0.515725,0.218154,4.02712
15,0.49623,0.217623,4.01732
15,0.594005,-1.0123,4.63838
15,0.582657,-1.02946,4.717
15,0.949805,-0.557733,4.08538
15,0.948338,-0.593911,4.07907
15,-0.544864,0.571458,2.74028
15,-0.552029,0.528553,2.77632
15,-0.45387,0.55425,2.71692
15,-0.496025,0.560063,2.74541
15,-0.498162,0.513563,2.98205
15,-0.535089,0.496599,2.96163
15,-0.502435,0.436035,3.00763
15,-0.540777,0.43393,2.99311
15,-0.678912,0.035637,4.06404
15,-0.675285,-0.0196131,4.04234
15,-0.412696,0.585346,2.68976
15,-0.414235,0.550756,2.69979
15,-0.0938177,0.371901,3.04152
15,-0.131993,0.376435,2.96837
15,-0.0180999,-0.411977,5.02189
15,-0.0631641,-0.408502,4.97954
15,-0.0388907,0.38881,3.06596
15,-0.039451,0.352049,3.11013
15,-0.0121072,0.319239,3.35923
15,-0.0124881,0.266356,3.4649
15,0.0183677,0.333973,3.35403
15,0.0501808,0.296302,3.44725
15,0.04342,0.45952,2.9828
15,0.0580123,0.426611,3.03776
15,0.146256,0.157776,3.49908
15,0.100771,0.145021,3.5763
15,0.0867447,0.404378,3.0785
15,0.138555,0.360172,3.31484
15,0.308703,0.207847,3.54014
15,0.272584,0.189019,3.48928
15,0.237235,0.481627,3.03679
15,0.239046,0.443624,3.05998
15,0.594021,-0.359466,4.63851
15,0.593126,-0.415719,4.80175
15,0.919434,-0.198744,3.95475
15,1.01376,-0.274831,4.63184
15,0.980206,-0.924499,3.91066
15,0.978584,-1.04831,3.97621
15,-0.84214,0.053907,4.0504
15,-0.787858,-0.00126384,4.05496
15,-0.850019,0.0172877,4.08829
15,0.912664,-0.512478,4.16993
15,-0.540353,0.503344,2.84764
15,-0.572768,0.510592,2.81631
15,-0.520675,0.371025,3.03435
15,-0.446129,-0.0200369,4.12967
15,-0.335592,-0.114455,4.15396
15,-0.30507,0.199303,3.39461
15,-0.299624,0.158332,3.5114
15,-0.219533,0.0502997,3.77937
15,-0.18561,-0.058156,4.17415
15,-0.0448974,0.602737,2.60653
15,0.0025635,0.53381,2.73863
15,0.262593,0.614101,2.60454
15,0.182665,0.607877,2.48253
15,0.970479,-0.822051,4.0174
15,0.936966,-0.822425,4.11043
15,-0.422497,0.642739,2.6745
15,-0.642609,-0.0197369,4.06785
15,-0.558591,-0.0762812,4.12941
15,-0.640783,-0.0749306,4.05629
15,-0.252659,0.458648,2.81142
15,-0.286876,0.464807,2.77203
15,-0.268212,0.42477,2.84096
15,-0.184746,0.374096,2.94992
15,0.0971048,0.296209,3.44617
15,0.970346,-0.858414,4.01685
15,0.0428363,0.480065,2.9427
15,-0.0109349,0.412302,3.03396
15,0.0519794,0.209648,3.57081
15,-0.0596859,0.250637,3.46508
15,0.00350548,0.134862,3.74509
15,-0.0668661,0.0869146,3.88193
15,0.208058,0.518995,3.0136
15,0.123045,0.520338,2.94379
15,0.184865,0.432988,3.08317
15,0.0982595,0.46267,3.00325
15,0.333044,0.514391,2.91014
15,0.247941,0.543806,2.99951
15,0.90702,-0.48167,4.23193
15,-0.122228,0.249845,3.45413
15,-0.196298,0.115366,3.6659
15,-0.686148,-0.110176,3.99868
15,-0.825323,-0.0381147,4.05813
15,0.0169665,0.378828,3.09816
15,0.114736,0.205891,3.50683
15,-0.585272,0.453467,2.9435
15,-0.215409,-0.375414,4.84431
15,0.0036842,0.0702555,3.93604
15,-0.474075,0.489574,3.00099
15,-0.157518,0.413117,2.94167
15,0.989676,-0.543586,3.62053
15,0.681224,-1.14236,3.92714
15,0.613708,-1.1637,4.19704
15,0.213276,-0.502959,4.60257
15,0.176398,-1.24823,4.73449
15,-0.827969,-0.687698,5.39631
15,1.20057,-0.0392933,4.18358
15,-0.00812345,0.420396,3.01298
15,-0.0420044,0.397497,3.0902
15,-0.0281231,0.256038,3.45304
15,-0.0654742,0.254965,3.43858
15,0.159287,0.161241,3.43746
15,0.122835,0.200337,3.46582
15,0.135679,0.37258,3.31812
15,0.101081,0.341692,3.37008
15,0.118863,0.516453,2.90688
15,0.072068,0.457661,2.93612
15,0.917277,-0.51989,4.26173
15,0.945071,-0.586775,4.08096
15,-0.64835,-0.0745302,4.03461
15,-0.674031,-0.115365,3.92807
15,-0.182377,0.422184,2.91209
15,-0.15179,0.377435,2.93423
15,-0.183067,0.376005,2.92312
15,-0.189713,0.132061,3.66732
15,-0.230134,0.0922839,3.67465
15,-0.0101826,0.136,3.77671
15,-0.0106055,0.0773545,3.93354
15,-0.073327,0.0967125,3.85099
15,-0.831388,-0.030833,4.06978
15,-0.0919566,0.37837,3.07161
15,-0.120654,0.25282,3.40965
15,0.0413903,-0.368231,5.04732
15,-0.0411957,-0.424135,5.05812
15,-0.0484996,0.59131,2.54711
15,0.00771312,0.543732,2.80259
15,0.244745,0.609718,2.56618
15,0.184052,0.621577,2.50138
15,0.961181,-0.848182,4.05512
15,0.98143,-0.935824,3.95857
15,1.19597,-0.0316745,4.1808
15,1.14989,-0.142674,4.09774
15,1.31669,-0.42277,3.80552
15,1.22676,-0.572955,3.98484
15,1.32089,-0.330511,3.70111
15,-0.63874,0.498588,2.8951
15,-0.419105,0.567871,2.69957
15,-0.40647,0.555999,2.71341
15,-0.461346,-0.00879121,4.13162
15,-0.615125,-0.0311097,4.1063
15,-0.0434193,0.358676,3.19429
15,0.0236852,0.481675,2.88827
15,0.0838349,0.290472,3.41552
15,0.177518,0.235495,3.42787
15,0.322833,0.513403,2.88971
15,0.236166,0.498368,2.98837
15,0.22398,0.441313,3.04403
15,-0.236482,0.0536839,3.77601
15,-0.116577,-0.113872,4.76032
15,-0.18874,-0.0531135,4.078
15,-0.698516,0.0356959,4.07076
15,-0.781722,-0.0526481,4.04228
15,-0.472989,0.490863,2.94336
15,-0.539889,0.51038,2.87269
15,-0.493544,0.430661,2.97056
15,-0.549759,0.440024,2.92521
15,-0.21384,0.215972,3.41448
15,-0.152912,0.114445,3.7447
15,0.202249,0.5274,2.96849
15,0.179838,0.438409,3.14209
15,0.0928353,0.414998,3.09516
15,-0.45461,0.575581,2.73622
15,-0.508856,0.586558,2.78841
15,-0.46012,0.567468,2.76938
15,-0.561313,0.547695,2.82301
15,-0.254049,-0.38504,4.91097
15,-0.0324747,0.671781,2.38912
15,-0.429025,0.648879,2.66978
15,-0.611605,0.657512,2.7053
15,-0.645156,0.522555,2.85371
15,-0.318097,0.192905,3.33725
15,-0.966999,0.0784438,3.98892
15,-0.517718,0.371658,3.01712
15,1.31243,-0.698406,3.62209
15,1.32078,-0.814396,3.70079
15,0.90339,-0.199584,3.90097
15,1.32222,-0.479458,3.76226
15,0.231178,0.535656,2.92525
15,1.28936,-0.113004,3.84769
15,0.295569,0.202244,3.49882
15,0.506426,0.238741,4.13022
15,0.59816,-0.409062,4.87837
15,0.218859,-0.498967,4.72303
15,-1.01121,0.0981401,3.90783
15,-0.29968,0.485909,2.82148
15,-0.0302513,0.747044,2.22555
15,-0.814465,-0.668569,5.2462
15,0.721684,0.744519,1.99173
15,-0.476948,0.491443,2.90883
15,-0.549139,0.431342,2.88842
15,-0.520969,0.376382,3.05547
15,0.0757794,0.460773,2.95608
15,0.187092,0.437085,3.20775
15,0.0820716,0.415307,3.20153
15,0.178339,0.244089,3.44372
15,0.0876662,0.287108,3.41978
15,-0.25892,0.420061,2.81287
15,-0.0316512,-1.47127,4.48646
15,-0.0344285,0.593524,2.53287
15,0.0167666,0.543278,2.7846
15,-0.0299894,0.74779,2.20629
15,-0.0315067,0.649235,2.31792
15,0.555007,-1.52313,3.87255
15,0.963777,-1.35579,3.69261
15,1.03955,-1.79377,4.08528
15,1.29405,-0.867508,3.47726
15,1.30029,-1.03624,3.43371
15,1.25949,0.124861,3.2695
15,1.3344,-1.22835,3.40615
15,1.37746,-1.44723,3.29605
15,1.65348,-0.908362,3.37562
15,-0.001875,0.138563,3.62829
15,-0.123177,0.0931569,3.7094
15,-0.119438,-0.121773,4.47859
15,-0.0359015,-0.437812,5.08897
15,-0.2824,-0.378193,4.75753
15,0.179269,-1.21589,4.63097
15,0.88848,-0.201802,3.78319
15,0.936,-0.516286,4.34872
15,1.29153,-0.673443,3.53255
15,1.20188,-0.567599,3.9179
15,1.27999,-0.772802,3.56473
15,1.72529,-0.499939,3.30186
15,1.66974,-0.753407,3.27758
15,-0.432568,0.661834,2.74772
15,-0.5323,0.546252,2.79985
15,0.293126,0.200573,3.4699
15,0.133785,0.199769,3.45601
15,0.193079,0.612898,2.47731
15,0.215044,0.528528,3.01178
15,0.112067,0.508028,2.89496
15,1.13008,-0.135828,4.02716
15,1.21173,-0.29445,4.03601
15,1.27731,-0.329295,3.55727
15,0.691448,0.716537,1.99843
15,0.840906,0.0295249,1.58944
15,0.841642,0.00874921,1.59083
15,0.790697,-0.0342515,1.6585
15,-0.235042,0.0895766,3.56683
15,-0.242303,0.0442633,3.67703
15,-0.452644,-0.0042081,4.05369
15,0.976331,-0.846896,4.15726
15,-0.0422194,0.402918,3.10603
15,-0.0824719,0.380941,3.09247
15,-0.0241921,0.26548,3.4292
15,-0.0636467,0.368794,3.16168
15,0.222732,0.465845,3.11946
15,0.813737,0.207408,1.68374
15,0.888068,0.552336,1.76587
15,1.25088,0.112308,3.54826
15,0.612168,-1.04585,4.08504
15,0.190988,-1.66012,4.22084
15,1.00212,-1.06126,4.04204
15,0.580871,-0.373274,4.69564
15,0.209674,-0.48954,4.6338
15,0.607784,-1.06514,4.9132
15,-0.690019,-0.0571186,4.04694
15,-0.418053,0.558656,2.77058
15,-0.837841,-0.701433,5.32206
15,-0.793663,-1.65327,5.04144
15,-1.1002,0.0677691,3.9245
15,-0.957316,0.0362328,3.84527
15,-0.25746,0.42135,2.79702
15,-0.231509,0.217418,3.37913
15,-0.30417,0.186689,3.30447
15,-0.270454,0.0333747,3.54196
15,-0.43762,0.00597112,3.78613
15,-0.0655235,-0.408412,4.8205
15,-0.281668,-0.356941,4.64293
15,0.527335,-1.46644,3.67947
15,0.799251,-0.208144,4.57498
15,0.594837,-0.358311,4.66074
15,0.9792,-1.05848,3.99168
15,0.961586,-1.24563,3.79839
15,1.16497,-0.29831,3.88028
15,1.28107,-0.326695,3.52918
15,1.22822,0.129659,3.17754
15,-0.705931,0.672902,2.7489
15,-0.758396,0.602897,2.63161
15,-0.753953,0.488339,2.9359
15,-0.682173,-0.0878585,4.00093
15,0.229026,0.449801,3.14993
15,0.163916,0.397559,3.33354
15,0.0895645,0.27962,3.49383
15,-0.451342,0.635699,2.77479
15,-0.490673,0.478673,2.87778
15,-0.646907,0.499852,2.86975
15,-0.0418933,0.391747,3.08205
15,-0.154081,0.370777,2.91707
15,-0.0712098,0.344019,3.32163
15,1.33712,-1.10252,3.53095
15,1.3493,-1.25431,3.4908
15,-1.55885,-1.49294,4.34465
15,-1.72952,-0.477542,5.15874
15,-1.33048,-1.67779,4.88258
15,-0.026001,-1.51911,4.52409
15,-0.715675,-1.59693,4.86963
15,0.226446,0.668237,2.35281
15,0.196494,0.597111,2.43929
15,1.38731,-0.794809,3.51772
15,-1.20824,0.063724,3.69025
15,-0.783982,0.756528,2.28496
15,1.25852,0.111854,3.3937
15,1.10443,-0.14614,3.88147
15,-0.0298473,0.727023,2.19585
15,0.0279153,0.533013,2.80725
15,-0.411021,0.552949,2.79669
15,0.589053,-1.00274,3.89678
15,0.153438,-1.21525,4.58288
15,0.785734,-0.0364917,1.66176
15,-0.725245,-0.61167,4.93474
15,1.31824,-0.886838,3.55473
15,0.979362,-1.37772,3.75232
15,0.952493,-0.551882,4.45239
15,1.28956,-0.663323,3.55257
15,0.959936,-0.616584,4.18055
15,-0.563534,0.414713,2.90421
15,-1.0176,0.440538,3.26442
15,0.00751047,0.146045,3.57911
16,0.752285,0.740023,1.94885
16,0.723752,0.698813,1.96823
16,0.647145,0.742489,2.05848
16,0.643722,0.6682,2.10157
16,-0.0331775,0.818837,2.07188
16,-0.0372415,0.850427,2.09481
16,-0.518247,0.803359,2.13516
16,-0.519291,0.814576,2.13851
16,-0.0389008,0.758918,2.24556
16,-0.765246,0.692361,2.26025
16,0.25871,0.623488,2.33496
16,-0.0448809,0.67547,2.44018
16,-0.0241044,0.687763,2.44577
16,0.191397,0.649219,2.53385
16,0.169335,0.63585,2.53886
16,0.181852,0.637996,2.56979
16,0.192754,0.638091,2.57066
16,-0.749172,0.58778,2.55114
16,-0.41141,0.632527,2.59435
16,-0.0357842,0.600859,2.62257
16,-0.0551558,0.610322,2.62245
16,0.269593,0.625006,2.63544
16,0.254618,0.611236,2.64187
16,-0.40396,0.605732,2.6199
16,-0.67437,0.588922,2.62816
16,-0.702741,0.622933,2.62362
16,-0.587488,0.635661,2.63358
16,-0.0241304,0.620574,2.65898
16,-0.0534801,0.610041,2.66517
16,-0.669167,0.603167,2.65333
16,-0.602585,0.645861,2.65902
16,-0.39928,0.620375,2.67875
16,-0.468918,0.608601,2.68319
16,-0.449152,0.545161,2.69295
16,-0.300165,0.510507,2.82437
16,-0.577494,0.552483,2.81029
16,-0.582601,0.522004,2.83712
16,0.177335,0.504431,2.88153
16,0.339308,0.508079,2.88792
16,-0.302991,0.482258,2.87309
16,0.180386,0.506366,2.89026
16,0.205568,0.480008,2.91005
16,-0.238823,0.465346,2.89666
16,0.122602,0.527275,2.9372
16,-0.63172,0.49571,2.91602
16,-0.624565,0.453442,2.92325
16,-0.537454,0.428208,2.92928
16,-0.163004,0.451588,2.94198
16,-0.285814,0.44875,2.94153
16,-0.599295,0.462936,2.93654
16,-0.176863,0.431011,2.96631
16,-0.640742,0.449782,2.96058
16,0.215374,0.433215,3.00215
16,-0.272412,0.439885,2.98814
16,-0.49392,0.433716,3.01575
16,-0.665985,0.451979,3.01853
16,0.118674,0.473756,3.0462
16,-0.779452,0.456193,3.03343
16,-0.749302,0.425582,3.04117
16,0.0472548,0.434613,3.0764
16,-0.798452,0.427376,3.04796
16,0.183267,0.422797,3.08478
16,0.0745314,0.434896,3.07964
16,0.129121,0.452657,3.07949
16,0.129801,0.428547,3.09882
16,-0.153336,0.403177,3.09431
16,-0.200965,0.409346,3.12701
16,0.0575134,0.37185,3.14385
16,0.113331,0.390443,3.14661
16,0.0959452,0.358797,3.18349
16,-0.0445992,0.362423,3.19758
16,-0.0357517,0.324776,3.3436
16,0.0238256,0.290021,3.38978
16,-0.0261264,0.290926,3.39342
16,0.328787,0.21253,3.55661
16,0.450432,0.205697,3.60891
16,-0.00505409,0.192167,3.65877
16,-0.0483026,0.193218,3.66731
16,1.4383,0.140811,3.72694
16,0.827749,-0.934197,3.85581
16,-0.0928002,0.153577,3.71652
16,1.04188,-0.578552,3.84503
16,0.0835653,0.15419,3.74414
16,-0.0380336,0.143864,3.74175
16,-0.0492224,0.133555,3.75227
16,-0.115715,0.133959,3.75103
16,0.106248,0.14426,3.76358
16,-0.0179213,0.112816,3.78099
16,-0.0601311,0.079499,3.78721
16,-0.150103,0.113764,3.78128
16,-0.0946728,0.0919671,3.7993
16,-0.117101,0.103462,3.80156
16,-0.0724644,0.0812442,3.81253
16,-0.180849,0.112975,3.81838
16,0.651675,-1.23025,4.04321
16,-0.246487,0.100191,3.86526
16,1.11739,-0.176292,4.03411
16,0.628304,-1.07489,4.15089
16,-0.901575,0.0266524,3.99545
16,0.518358,-1.17303,4.25051
16,0.988427,-0.222542,4.24236
16,-0.461422,-0.0225613,4.17448
16,0.92794,-0.244067,4.25849
16,-0.438313,-0.0595137,4.19265
16,-0.415424,-0.0346136,4.21352
16,-0.64103,-0.0224755,4.20897
16,1.12342,-0.104404,4.29751
16,0.542283,-0.956235,4.3768
16,-0.663875,-0.0760127,4.24216
16,-0.397256,-0.0969574,4.29161
16,-0.372645,-0.0717444,4.30227
16,-0.730376,-0.130503,4.3143
16,-0.349088,-0.110011,4.32855
16,-0.348709,-0.110562,4.35594
16,-0.0414456,-0.11194,4.41658
16,-0.378506,-0.124475,4.44681
16,0.129357,-1.43271,4.61981
16,0.164633,-1.2202,4.71987
16,0.152428,-0.485557,4.8354
16,-1.73461,-0.400333,4.82387
16,-0.116873,-0.397729,5.05302
16,-0.50406,0.447909,3.1056
15,-0.50406,0.447909,3.1056
16,-0.541144,0.763711,2.07514
15,-0.541144,0.763711,2.07514
16,1.36509,-0.705163,3.78429
15,1.36509,-0.705163,3.78429
16,-0.798406,0.66404,2.48072
15,-0.798406,0.66404,2.48072
16,-1.0743,0.280773,2.9312
15,-1.0743,0.280773,2.9312
16,0.71632,0.476503,1.98745
15,0.71632,0.476503,1.98745
17,-0.418156,0.572288,2.7484
17,-0.6317,0.527692,2.84101
17,-0.57476,0.507876,2.86208
17,-0.613974,0.498807,2.8687
17,-0.759476,0.489746,2.94473
17,-0.844115,0.462959,2.9724
17,-0.553172,0.425701,3.00644
17,-0.0435351,0.369474,3.18603
17,-0.0435254,0.359604,3.20429
17,-0.0091292,0.321721,3.32991
17,0.0992979,0.293994,3.38622
17,0.122501,0.280943,3.40565
17,-0.105274,0.282903,3.4827
17,-0.132269,0.283363,3.48142
17,1.27179,-0.804007,3.58199
17,-0.120153,0.269476,3.48827
17,0.166166,0.246592,3.52275
17,0.19336,0.237272,3.52568
17,0.0943905,0.250045,3.53289
17,0.0945723,0.254023,3.53479
17,0.0217333,0.244238,3.54258
17,0.132377,0.23514,3.56037
17,0.0548381,0.204509,3.60869
17,0.147756,0.174049,3.68828
17,0.97492,-1.37599,3.77285
17,0.151811,0.181489,3.7159
17,0.104786,0.166524,3.74275
17,-0.259303,0.170862,3.74987
17,0.0969027,0.142309,3.78572
17,-0.00207351,0.144355,3.78433
17,1.18805,-0.566883,3.864
17,-0.200585,0.147958,3.77727
17,0.0972181,0.133375,3.79465
17,-0.0151988,0.125116,3.79282
17,-0.0133541,0.125027,3.81759
17,-0.163305,0.0929892,3.83439
17,-0.0624492,0.0819329,3.84712
17,-0.245201,0.106952,3.85473
17,0.0194519,0.0835045,3.88182
17,-0.123956,0.0654034,3.87526
17,-0.972534,0.0938952,3.94345
17,-0.253641,0.0577515,3.99868
17,-0.264721,0.0507363,4.00411
17,-0.275917,0.059566,4.01512
17,0.567359,-1.30166,4.10829
17,0.571205,-1.1472,4.11106
17,1.18265,-0.0558944,4.15223
17,-0.719301,-0.000423282,4.15856
17,-0.638855,0.0526759,4.16888
17,-0.643462,-0.0134722,4.19206
17,0.562414,-0.930393,4.28422
17,-0.577893,-0.04107,4.20863
17,0.755111,-0.185931,4.3441
17,0.774959,-0.185029,4.43237
17,0.54925,-0.336594,4.45598
17,-0.105665,-0.120843,4.41969
17,-0.080962,-0.121082,4.42686
17,0.557849,-0.243809,4.48195
17,0.559648,-0.340486,4.50499
17,0.559018,-0.400957,4.5088
17,-0.0670943,-0.12447,4.4918
17,0.182356,-1.25599,4.62695
17,0.183308,-1.20228,4.62612
17,0.181715,-1.36269,4.63618
17,0.184939,-1.23715,4.64841
17,-1.4159,-1.75428,4.63768
17,0.0017786,-1.47212,4.74276
17,0.0300031,-0.350874,4.88708
17,-0.0242079,-0.41893,4.95287
17,-0.0260832,-0.427593,4.99388
17,0.0299437,-0.36011,4.99953
17,-0.264437,-0.402415,5.13164
17,-0.294397,-0.40333,5.16481
17,-0.258382,-0.405204,5.20875
17,-0.356209,-0.419875,5.23688
17,-0.83787,-1.72639,5.28233
17,-0.544375,0.425421,2.75791
15,-0.544375,0.425421,2.75791
17,1.03775,-0.868573,4.35557
15,1.03775,-0.868573,4.35557
17,0.969439,-0.849912,4.25607
15,0.969439,-0.849912,4.25607
17,-1.65586,-1.40715,4.51803
15,-1.65586,-1.40715,4.51803
18,0.91613,-2.02021,3.60031
18,0.927316,-1.97349,3.60862
18,0.925569,-1.97094,3.61187
18,0.86878,-1.60983,3.64941
18,0.92107,-1.40089,3.68843
18,0.924823,-1.38347,3.69342
18,0.937953,-1.00021,3.7455
18,-0.703166,0.12587,4.01081
18,0.946922,-0.555657,3.83794
18,0.568636,-1.82461,3.86335
18,0.532023,-1.73188,3.88064
18,0.548173,-2.12678,3.91028
18,0.56075,-1.8224,3.94292
18,0.555714,-1.72688,3.9535
18,0.567569,-2.1711,3.95181
18,0.555685,-1.72759,3.96766
18,0.570617,-2.13159,3.95409
18,0.566493,-1.52544,3.98932
18,0.573018,-1.4712,3.99829
18,0.573955,-1.23627,4.04289
18,0.594448,-1.48559,4.07506
18,0.605011,-1.52323,4.0936
18,0.608266,-1.24884,4.12339
18,0.583698,-0.751208,4.16309
18,0.56534,-0.649816,4.20236
18,0.66116,-1.04456,4.18229
18,0.589534,-0.649659,4.26278
18,0.59194,-0.381934,4.27157
18,0.238677,-1.53016,4.35091
18,0.386914,-0.936338,4.40127
18,0.256019,-2.35744,4.39596
18,0.0908571,-2.42579,4.44416
18,0.274181,-0.993931,4.4697
18,0.272279,-1.0421,4.47294
18,0.262959,-0.996786,4.47773
18,0.276475,-1.06551,4.47846
18,0.273032,-0.965169,4.48734
18,0.0259639,-2.43109,4.47159
18,0.318344,-0.968061,4.48636
18,0.365426,-0.926179,4.48235
18,0.155195,-1.69605,4.48201
18,0.281926,-0.964063,4.49209
18,0.233602,-1.23459,4.49328
18,0.10506,-2.37458,4.47265
18,-1.51559,-1.27425,4.69327
18,0.271224,-1.54398,4.48323
18,0.314413,-0.900984,4.50043
18,0.356298,-0.471431,4.52341
18,0.290441,-0.956634,4.52985
18,-1.46636,-1.25405,4.72032
18,0.287546,-1.06411,4.54813
18,0.2941,-0.98288,4.55573
18,0.341477,-0.53296,4.58617
18,0.28784,-0.569988,4.6052
18,0.2887,-0.26516,4.71554
18,0.335082,-0.265366,4.72758
18,0.0743188,-1.31513,4.73035
18,0.21402,-0.596287,4.79375
18,0.109432,-1.31801,4.80844
18,0.147422,-1.24073,4.84752
18,-1.15089,-1.83935,4.98042
18,0.252069,-0.310795,4.89512
18,-1.16288,-1.74059,5.08944
18,0.270403,-0.106769,4.98398
18,0.205832,-0.173198,5.00465
18,-1.10378,-1.34082,5.11655
18,-1.13571,-1.59589,5.12085
18,-1.10248,-1.36073,5.15415
18,-0.117936,-0.589185,5.09473
18,-0.826887,-2.35636,5.18916
18,-0.816645,-2.36376,5.19128
18,-0.784972,-2.28718,5.19877
18,-0.77563,-2.00482,5.21294
18,-0.750162,-2.15965,5.21911
18,-0.742706,-2.03292,5.25519
18,-0.823344,-2.00233,5.27173
18,-0.783676,-2.15596,5.26819
18,-0.273097,-1.01348,5.25708
18,-0.271267,-0.986904,5.25969
18,-0.587653,-2.04563,5.29014
18,-0.719171,-2.17478,5.30594
18,-0.601252,-2.42699,5.29609
18,-0.651645,-2.34249,5.31198
18,-0.595971,-2.34638,5.30704
18,-0.642888,-2.20427,5.32085
18,-0.576545,-2.0396,5.31935
18,-0.585356,-2.18238,5.32366
18,-0.812251,-2.04511,5.35536
18,-0.814347,-2.69089,5.36664
18,-0.575598,-2.59352,5.37486
18,-0.601045,-2.47121,5.42521
18,-0.58793,-1.35068,5.46332
18,-0.56448,-2.44051,5.42683
18,-0.540451,-2.06134,5.44112
18,-0.822993,-2.70573,5.45447
18,-0.631143,-2.40442,5.44278
18,-0.620322,-2.23655,5.46348
18,-0.600248,-1.38034,5.6064
18,-0.581279,-1.38763,5.61532
18,-0.591565,-1.38822,5.62552
18,-0.604549,-1.43345,5.65612
18,-0.533441,-0.315926,5.78846
18,-0.539339,-0.29887,5.81362
18,0.885882,-0.779457,3.69564
15,0.885882,-0.779457,3.69564
18,-0.301829,-0.104864,3.75915
15,-0.301829,-0.104864,3.75915
18,0.158495,-0.200721,4.38661
17,0.158495,-0.200721,4.38661
18,-1.46177,0.501163,5.13623
17,-1.46177,0.501163,5.13623
19,0.915833,-1.32422,3.65378
19,0.90074,-1.42443,3.70657
19,0.883022,-1.45683,3.70635
19,0.900769,-1.34204,3.73537
19,0.888123,-0.901912,3.83685
19,0.899476,-0.832888,3.85576
19,0.876411,-2.06221,3.70926
19,0.853001,-0.810652,3.8823
19,0.863255,-0.810179,3.88682
19,0.887895,-1.88039,3.75885
19,0.864487,-1.72516,3.81333
19,0.850191,-0.989401,3.95549
19,0.80216,-2.30485,3.79595
19,0.87632,-2.40185,3.78271
19,0.810648,-2.32236,3.82847
19,0.665628,-1.17294,4.04107
19,0.804839,-2.44756,3.86273
19,0.499614,-1.29286,4.0634
19,0.467967,-2.327,3.93377
19,0.680952,-1.17282,4.07091
19,0.817837,-2.45942,3.87753
19,0.450315,-2.38185,3.93932
19,0.50864,-1.5717,4.04728
19,0.475033,-1.92732,4.02583
19,0.498893,-1.85391,4.03287
19,0.555444,-1.91523,4.02747
19,0.461828,-2.4134,3.97411
19,0.497862,-1.20925,4.13872
19,0.554388,-0.867015,4.1814
19,0.715712,-2.40855,3.95203
19,0.521636,-1.5871,4.09081
19,0.570975,-1.10293,4.15054
19,0.504473,-2.15577,4.03054
19,0.503205,-2.20459,4.02893
19,0.510875,-1.87352,4.07439
19,0.553621,-1.52944,4.15991
19,0.475637,-2.77485,4.01364
19,0.547041,-1.81563,4.15271
19,0.442622,-2.30456,4.10187
19,0.449219,-2.30847,4.10139
19,0.49609,-2.207,4.1137
19,0.450032,-2.16808,4.13872
19,0.459799,-2.32414,4.1333
19,0.503295,-2.79402,4.06582
19,0.330345,-2.18364,4.17681
19,0.32754,-2.36569,4.16579
19,0.40272,-2.38371,4.15871
19,0.493649,-2.80645,4.09125
19,0.446833,-1.23255,4.31165
19,0.38974,-2.33211,4.17478
19,0.334852,-2.34098,4.19759
19,0.350053,-2.19721,4.21588
19,0.392562,-1.65947,4.29833
19,0.34768,-2.20547,4.23333
19,0.340756,-2.35971,4.22366
19,0.38829,-1.65812,4.314
19,0.360111,-2.20361,4.25684
19,0.35554,-2.37263,4.2542
19,0.269315,-2.30021,4.2844
19,0.401463,-1.66051,4.35473
19,0.377583,-2.21847,4.28969
19,0.410713,-1.66468,4.37029
19,0.206539,-1.5631,4.44238
19,0.250464,-1.80341,4.40373
19,0.210408,-1.57239,4.45478
19,0.193985,-1.8237,4.42591
19,0.215076,-1.54331,4.46729
19,0.17289,-1.72307,4.45019
19,0.223992,-2.00847,4.40489
19,0.183079,-1.72366,4.44922
19,0.153949,-1.86405,4.43669
19,0.22652,-1.83746,4.4306
19,0.234495,-1.56037,4.48435
19,0.21975,-1.58501,4.48399
19,0.202915,-1.97214,4.43555
19,0.155131,-2.08193,4.42863
19,0.218881,-1.56025,4.49315
19,0.236057,-1.09881,4.56202
19,0.283786,-0.433358,4.6547
19,0.286308,-0.663021,4.62545
19,0.283219,-0.500918,4.66001
19,0.274494,-0.89113,4.60954
19,0.277472,-0.855533,4.6158
19,0.191095,-1.27041,4.57302
19,0.137533,-1.75154,4.51543
19,0.237453,-1.0696,4.59703
19,0.26393,-0.602844,4.66848
19,0.16984,-2.22833,4.4656
19,0.254564,-0.545396,4.69418
19,0.128388,-2.34245,4.46916
19,0.223848,-2.31393,4.47262
19,0.22553,-2.3645,4.47274
19,0.237237,-1.15446,4.63775
19,0.262457,-1.05017,4.66119
19,0.255199,-1.15869,4.64819
19,0.0650905,-1.71576,4.60084
19,0.145388,-1.8073,4.59067
19,0.202846,-1.24325,4.65974
19,0.14334,-1.92009,4.57731
19,0.135364,-2.11327,4.55233
19,0.0768427,-2.0154,4.57417
19,0.0021286,-0.739748,4.76291
19,0.253654,-2.45736,4.51034
19,0.0748419,-2.12232,4.5817
19,0.128085,-1.5386,4.65504
19,0.140111,-2.00404,4.5962
19,0.0927112,-1.8955,4.61925
19,0.259423,-2.45258,4.52081
19,0.113276,-2.47778,4.54218
19,0.0761057,-1.97268,4.61713
19,0.147968,-1.93215,4.616
19,0.152043,-2.38351,4.55776
19,0.010789,-2.43947,4.57398
19,0.10745,-1.93865,4.63114
19,0.160151,-2.37377,4.57397
19,0.0595608,-2.44629,4.57876
19,0.128668,-1.97829,4.63277
19,0.133767,-1.75309,4.66399
19,-0.0459951,-0.525005,4.85577
19,0.118179,-1.82549,4.65682
19,0.274588,-2.4901,4.54866
19,0.0877636,-1.98947,4.64836
19,0.0833213,-1.75257,4.68449
19,0.0904996,-2.13158,4.63576
19,0.108952,-2.02478,4.64899
19,-0.0180611,-2.43118,4.61763
19,0.105937,-1.77707,4.68933
19,0.123967,-2.15789,4.63896
19,0.146395,-0.791297,4.82121
19,0.201124,-0.812734,4.81113
19,0.143282,-0.865196,4.81997
19,0.169673,-0.490521,4.86984
19,0.0156274,-1.12224,4.81625
19,0.146187,-0.599912,4.87039
19,0.0955999,-1.23533,4.79263
19,0.232385,-0.452758,4.88155
19,0.0985964,-1.25758,4.81867
19,0.247108,-1.23235,4.82361
19,0.0527987,-1.31295,4.84306
19,0.0715674,-1.30456,4.85192
19,-0.181401,-0.588932,4.99499
19,-0.133857,-0.766624,5.11085
19,0.0257305,-0.871599,5.11022
19,-0.822474,-1.98131,5.38441
19,-0.83002,-1.98291,5.39539
19,-0.797246,-2.24879,5.35946
19,-0.78568,-2.13347,5.3784
19,-0.835926,-2.3325,5.359
19,-0.84716,-2.33603,5.36163
19,-0.771217,-2.18949,5.38539
19,-0.771566,-2.19477,5.39137
19,-0.800204,-1.98636,5.43225
19,-0.840392,-2.34393,5.41089
19,-0.803314,-2.2534,5.41928
19,-0.810293,-2.37097,5.40629
19,-0.79494,-2.13124,5.43945
19,-0.784189,-2.19933,5.45211
19,-0.642868,-2.28148,5.42984
19,-0.599857,-2.14529,5.44284
19,-0.592323,-2.31838,5.43445
19,-0.608396,-2.28049,5.44372
19,-0.595878,-2.37772,5.43823
19,-0.613971,-1.32238,5.59459
19,-0.603291,-2.38492,5.45187
19,-0.591597,-2.14283,5.48507
19,-0.592005,-2.38014,5.45662
19,-0.763658,-2.47929,5.47015
19,-0.581616,-2.00325,5.51153
19,-0.587456,-2.3194,5.47219
19,-0.599539,-2.27521,5.49492
19,-0.236325,-3.39398,5.32551
19,-0.875044,-2.67994,5.62467
19,-0.832243,-2.67343,5.63599
19,-0.829066,-2.69205,5.71686
19,-0.868695,-2.73734,5.74868
19,-0.819091,-2.70182,5.78488
19,-0.806274,-2.71323,5.78321
19,-0.829239,-3.04952,5.81415
19,-0.840367,-3.03713,5.89433
20,0.856419,-0.983175,3.87034
20,0.863885,-0.938256,3.88254
20,0.921814,-2.15387,3.8437
20,0.88811,-1.13777,3.90942
20,0.87698,-1.83151,3.90125
20,0.89684,-1.17709,3.9203
20,0.963398,-2.49708,3.94314
20,0.674872,-0.76532,4.07156
20,0.67666,-0.825335,4.07227
20,0.830802,-2.51202,4.01383
20,0.653835,-0.898121,4.08734
20,0.628841,-1.03413,4.09654
20,0.629301,-0.956942,4.10044
20,0.641325,-1.18317,4.11297
20,0.558221,-1.07198,4.14974
20,0.859264,-2.53488,4.06365
20,0.579091,-1.10049,4.15637
20,0.513825,-1.09602,4.19387
20,0.514147,-0.747473,4.20904
20,0.570176,-2.24074,4.17086
20,0.473968,-0.759146,4.23052
20,0.447815,-0.771682,4.24658
20,0.54065,-1.411,4.22918
20,0.565113,-1.69052,4.23783
20,0.468921,-2.482,4.29456
20,0.492068,-2.01652,4.36087
20,0.484406,-2.14278,4.3613
20,0.498624,-2.17324,4.3686
20,0.473021,-2.09691,4.3842
20,0.483925,-2.19809,4.40449
20,0.486145,-2.02206,4.41721
20,0.456051,-1.95526,4.44762
20,0.36287,-2.20565,4.46547
20,0.333106,-2.2401,4.49588
20,0.212963,-1.89259,4.56101
20,0.250505,-0.712226,4.59205
20,0.237293,-1.62212,4.58354
20,0.274965,-2.26133,4.5687
20,0.274237,-2.37238,4.57966
20,0.211572,-2.23516,4.60441
20,0.289697,-2.38158,4.62364
20,0.225341,-2.05472,4.65569
20,0.33515,-2.5237,4.6339
20,0.306954,-2.51797,4.6666
20,0.21175,-2.28292,4.70435
20,0.153075,-2.50613,4.72313
20,0.103828,-2.52843,4.7368
20,0.175692,-1.91387,4.75005
20,0.146778,-2.51952,4.74814
20,0.127915,-1.79587,4.79612
20,0.177422,-2.14312,4.78101
20,0.177755,-2.1756,4.78043
20,0.129783,-1.81806,4.80105
20,0.157075,-2.11143,4.7898
20,0.319297,-2.53792,4.7575
20,0.338217,-2.53491,4.75561
20,0.170156,-2.03646,4.80001
20,0.171354,-1.9174,4.81034
20,0.172062,-1.89578,4.81387
20,0.0873512,-1.30482,4.85926
20,0.0788069,-1.36007,4.87365
20,0.0626236,-1.3742,4.87683
20,0.0901223,-1.32663,4.8754
20,0.0904989,-1.30438,4.87803
20,0.0897706,-1.27063,4.90276
20,-0.13295,-1.09421,5.01127
20,-0.25081,-1.16057,5.20461
20,-0.245014,-1.19464,5.2267
20,-0.700625,-2.20948,5.55284
20,-0.766657,-2.05691,5.57335
20,-0.6149,-2.50324,5.61888
20,-0.544238,-2.08391,5.62254
20,-0.475845,-2.45833,5.65125
20,-0.734714,-2.75781,5.87762
20,0.264014,-1.45568,4.57326
18,0.264014,-1.45568,4.57326
20,0.116794,-2.04047,4.54472
18,0.116794,-2.04047,4.54472
20,0.20523,-1.09651,4.57468
18,0.20523,-1.09651,4.57468
20,0.121175,-1.63668,4.65329
18,0.121175,-1.63668,4.65329
20,0.192198,-1.11147,4.54156
18,0.192198,-1.11147,4.54156
20,-1.11822,-1.73076,5.13903
18,-1.11822,-1.73076,5.13903
20,-0.706838,-1.98611,4.31167
18,-0.706838,-1.98611,4.31167
20,0.59408,-1.16288,4.26588
17,0.59408,-1.16288,4.26588
21,-0.138466,-1.01483,3.54124
21,-0.407443,-0.0585504,3.68261
21,-0.348742,-0.00978029,3.70646
21,-1.1111,-0.0485742,3.93581
21,0.862942,-1.45359,3.71683
21,0.743037,-0.330981,3.68208
21,-1.05076,-0.014627,4.00391
21,-1.11447,0.017033,4.02061
21,-0.118652,0.00609219,3.84713
21,-1.38316,-0.00536597,4.08742
21,-1.22822,-0.0274175,4.06145
21,0.548836,-1.21462,3.85502
21,-1.06903,-0.0471158,4.0515
21,-0.985975,-0.010112,4.0576
21,-1.05579,0.0131835,4.07598
21,-0.768188,-0.0812649,4.11836
21,-0.7655,-0.244063,4.13301
21,-0.895334,0.0288359,4.13353
21,-0.848766,-0.0642378,4.13377
21,-0.699622,-0.0773991,4.16075
21,-0.894908,0.0601226,4.18828
21,0.882553,-0.853171,3.96999
21,-0.769043,-0.218489,4.22131
21,-0.391887,-0.155937,4.27954
21,0.978016,-0.604561,4.10227
21,0.168465,-0.627626,4.34827
21,0.186016,-0.620431,4.3991
21,0.518926,-0.375846,4.36432
21,0.522862,-0.281359,4.36812
21,0.555743,-0.283138,4.36368
21,0.563909,-0.271731,4.39626
21,0.222973,-1.18934,4.55852
21,0.231577,-1.20771,4.5798
21,0.205254,-0.895952,4.5688
21,0.230102,-1.19434,4.59226
21,0.23246,-1.18091,4.59867
21,0.886174,-0.0831465,4.38285
21,0.196251,-1.3567,4.68086
21,0.629404,-0.309898,4.51407
21,0.182049,-1.1448,4.6768
21,0.258407,-1.15874,4.68141
21,0.261408,-1.28684,4.6955
21,-0.284644,-0.386103,4.73037
21,0.159421,-0.719871,4.71661
21,0.194558,-0.702642,4.75078
21,-0.0398769,-1.03774,4.84043
21,0.00393945,-0.861235,4.86501
21,0.00745231,-0.896067,4.8798
21,-0.113298,-0.301217,4.8818
21,-0.127327,-1.15686,4.9769
21,-0.181027,-0.321267,4.91451
21,-0.228186,-0.332679,4.92759
21,-0.180499,-0.315275,4.92965
21,-0.207917,-0.313452,4.94265
21,-0.234415,-0.325293,4.96133
21,-0.261915,-0.323251,4.97544
21,-0.263844,-1.30572,5.07449
21,0.216327,-0.742318,4.99742
21,0.195429,-0.655961,5.00321
21,-1.18669,-1.83962,5.37196
21,0.096334,-0.280354,5.00677
21,0.117282,-0.280488,5.06487
21,0.255463,-0.438313,5.06448
21,-0.179311,-0.729999,5.17638
21,-0.641054,-1.48329,5.35104
21,-1.59941,-0.317809,5.42351
21,-1.66566,-0.251219,5.44035
21,-0.612713,-1.51149,5.36896
21,-0.316588,-1.16036,5.29441
21,0.200143,-0.217284,5.14475
21,-0.299928,-1.16773,5.33484
21,-1.52486,-0.254037,5.54758
21,-0.63364,-0.537951,5.53688
21,-0.626133,-0.499555,5.65214
21,-0.559844,-0.554103,5.83925
21,0.0795146,-0.489357,4.67583
18,0.0795146,-0.489357,4.67583
21,0.459869,-0.502563,4.2725
18,0.459869,-0.502563,4.2725
21,-1.37346,-1.78675,4.05483
18,-1.37346,-1.78675,4.05483
21,-1.50467,-1.3505,4.57924
18,-1.50467,-1.3505,4.57924
21,0.986625,-0.969709,3.97859
18,0.986625,-0.969709,3.97859
21,0.0492954,-0.717128,4.21647
19,0.0492954,-0.717128,4.21647
21,1.03381,-1.44649,3.86549
19,1.03381,-1.44649,3.86549
21,0.274223,-1.69729,4.6101
19,0.274223,-1.69729,4.6101
21,-1.56003,-2.04906,5.1439
19,-1.56003,-2.04906,5.1439
21,0.0996241,-0.8466,4.55181
17,0.0996241,-0.8466,4.55181
21,0.0973503,-0.8429,4.53841
17,0.0973503,-0.8429,4.53841
21,0.478074,-0.463272,4.23797
17,0.478074,-0.463272,4.23797
21,0.0514896,-0.813797,4.44309
17,0.0514896,-0.813797,4.44309
21,0.10008,-0.847344,4.55449
17,0.10008,-0.847344,4.55449
22,-0.402842,0.492485,2.68155
22,-0.409204,0.544174,2.70737
22,-0.557524,0.513834,2.77213
22,-0.61878,0.481109,2.78744
22,-0.534163,0.478775,2.8033
22,-0.522147,0.480432,2.80572
22,-0.534539,0.459979,2.81786
22,-0.522476,0.461669,2.82038
22,-0.608943,0.447025,2.82232
22,-0.486824,0.479724,2.82703
22,0.186585,0.499004,2.88013
22,-0.318284,0.490666,2.85679
22,0.117116,0.523071,2.89545
22,-0.299392,0.467794,2.88653
22,0.193592,0.517174,2.91749
22,-0.760254,0.439942,2.89371
22,0.291012,0.541536,2.93315
22,-0.555407,0.382568,2.9281
22,0.20144,0.526902,2.94135
22,-0.834866,0.406125,2.91082
22,-0.583279,0.444226,2.91957
22,0.172694,0.497405,2.95041
22,-0.755247,0.454166,2.91535
22,-0.278341,0.40454,2.95711
22,-0.849838,0.410214,2.93317
22,-0.819681,0.427768,2.9329
22,-0.836285,0.424347,2.94938
22,-0.193757,0.4205,2.99089
22,-0.492285,0.393402,2.98175
22,-0.288314,0.419964,2.98952
22,-0.286198,0.432557,2.99197
22,0.214712,0.429586,3.02192
22,-0.192975,0.413041,3.00479
22,-0.493158,0.377433,2.99793
22,-0.504341,0.377657,2.99911
22,-0.811352,0.382589,2.98555
22,-0.683562,0.431212,2.98307
22,0.21968,0.437475,3.03102
22,-0.789641,0.426546,2.97965
22,-0.497106,0.402536,3.00118
22,-0.536837,0.400668,2.99967
22,-0.869857,0.424044,2.97914
22,-0.750908,0.418727,2.9906
22,-0.738125,0.372019,3.00173
22,-0.772051,0.371816,3.00343
22,0.103846,0.418302,3.04796
22,-0.53827,0.383602,3.02422
22,0.17783,0.415407,3.05966
22,-0.835194,0.411231,3.00966
22,-0.15991,0.354097,3.06069
22,-0.18942,0.370132,3.06003
22,0.156787,0.465122,3.06245
22,-0.936818,0.376272,3.02374
22,-0.495698,0.333351,3.05866
22,-0.743329,0.334088,3.05571
22,-0.014591,0.424659,3.07941
22,-0.800085,0.386447,3.04693
22,-0.527352,0.348268,3.07295
22,-0.64581,0.336603,3.07672
22,-0.0440563,0.357791,3.11549
22,-0.956102,0.389359,3.06308
22,0.0265487,0.369256,3.12215
22,-0.653187,0.351438,3.08889
22,0.102642,0.382573,3.14071
22,-0.0565483,0.350017,3.14083
22,-0.961481,0.371883,3.08965
22,-0.0473156,0.350593,3.1457
22,0.111267,0.38039,3.15688
22,-0.0367682,0.346942,3.19072
22,0.000429735,0.349381,3.23648
22,0.019558,0.338449,3.27029
22,-0.00990506,0.307855,3.28918
22,-0.00714242,0.263842,3.34852
22,0.0912006,0.281491,3.35214
22,-1.3414,0.277068,3.27906
22,0.0921508,0.293842,3.36318
22,-0.0357536,0.262808,3.36475
22,0.0239277,0.282994,3.36472
22,0.0383918,0.319918,3.36063
22,0.0414789,0.284912,3.3684
22,0.122971,0.270552,3.39719
22,-1.25127,0.298346,3.3264
22,0.122731,0.266598,3.44451
22,-0.223748,0.191578,3.44555
22,-0.114912,0.22973,3.44452
22,-0.059386,0.234655,3.45347
22,-0.223545,0.190376,3.45387
22,-0.107223,0.256929,3.46168
22,0.16413,0.251701,3.48109
22,-0.119221,0.255402,3.46952
22,0.166538,0.23717,3.49586
22,-0.229153,0.19059,3.48594
22,-0.12241,0.241964,3.48233
22,0.0125051,0.247934,3.50104
22,0.0126792,0.246524,3.50248
22,-0.122126,0.232124,3.50203
22,0.019472,0.239225,3.50835
22,0.0894082,0.243037,3.51241
22,-0.0132925,0.23919,3.51184
22,-0.210999,0.20372,3.5084
22,0.17739,0.240347,3.52367
22,0.196113,0.242519,3.52834
22,-0.0415051,0.224484,3.52021
22,0.0150311,0.234471,3.52348
22,-1.15563,0.300861,3.44856
22,0.129284,0.223983,3.53373
22,0.299445,0.197192,3.55302
22,-0.220609,0.216052,3.52207
22,-0.224085,0.213111,3.52521
22,-0.00530128,0.224437,3.53608
22,0.307871,0.202907,3.55789
22,0.235778,0.231512,3.54907
22,-0.0283547,0.219637,3.54165
22,-0.000753433,0.221745,3.54518
22,-0.0260797,0.215268,3.54572
22,0.136565,0.229089,3.55276
22,-0.342612,0.157237,3.54361
22,-0.00147237,0.231072,3.54788
22,-0.0166707,0.198699,3.56538
22,0.167272,0.21796,3.57502
22,-0.345943,0.138655,3.56553
22,0.0575374,0.204332,3.57497
22,0.429058,0.199044,3.59632
22,-0.342436,0.141488,3.56826
22,-0.72135,0.167679,3.54815
22,0.444821,0.18701,3.60994
22,0.115074,0.202643,3.59426
22,-0.341518,0.165301,3.57855
22,0.127797,0.136043,3.6105
22,0.426891,0.197834,3.61966
22,0.0333996,0.183134,3.60379
22,0.107628,0.196634,3.60743
22,-0.0590732,0.180574,3.60674
22,0.130562,0.158641,3.6337
22,0.129882,0.213364,3.63461
22,-0.0055359,0.0940185,3.65236
22,0.0678343,0.14991,3.64704
22,-0.714876,0.094403,3.61601
22,-0.309207,0.126333,3.63367
22,-0.0911973,0.139089,3.67145
22,-0.300594,0.139531,3.66604
22,-0.300823,0.135806,3.66688
22,0.146331,0.181796,3.68625
22,0.152702,0.176089,3.69891
22,-0.00740264,0.11123,3.70329
22,0.157843,0.186505,3.70132
22,0.00462477,0.118051,3.71673
22,0.101532,0.123082,3.72171
22,-0.0334194,0.0815562,3.74843
22,-0.201249,0.0894819,3.74862
22,0.0305367,0.136335,3.75516
22,-0.144447,0.0803471,3.76114
22,-0.00471561,0.127197,3.77173
22,-0.00583026,0.121159,3.7799
22,-0.128256,0.0599622,3.7944
22,-0.231275,0.113619,3.7845
22,-0.013219,0.111298,3.80626
22,-0.200759,0.0986944,3.80142
22,-0.215242,0.113644,3.79811
22,0.00196472,0.0433149,3.82631
22,-0.214648,0.105062,3.81264
22,-0.151156,0.101658,3.8246
22,-0.159395,0.0769019,3.83122
22,-0.249054,0.0730875,3.83006
22,-0.128262,0.0616391,3.84839
22,-0.249004,0.0750831,3.84696
22,-0.167657,0.0517225,3.85683
22,-0.131454,0.0761088,3.86303
22,-0.127787,0.0721433,3.86668
22,-1.05224,-0.0113018,3.83715
22,-0.248068,0.0571039,3.87607
22,-0.216132,0.0310134,3.91191
22,-0.23651,0.030558,3.91357
22,-1.06513,0.00755745,3.88336
22,-0.234356,0.0311533,3.92542
22,-1.01428,0.0456469,3.88188
22,-0.945658,-0.0520934,3.90703
22,-1.13829,0.00584471,3.88876
22,-0.936779,0.00982159,3.89976
22,-0.937015,0.0102641,3.91315
22,-0.903337,0.0153009,3.91826
22,-0.981416,-0.017341,3.92058
22,-0.902688,-0.020334,3.92967
22,-0.949604,0.0218107,3.926
22,-0.285252,0.0302767,3.96295
22,-0.806396,-0.0120047,3.95051
22,-0.843423,-0.0376643,3.95723
22,-0.79406,0.0368735,3.96513
22,-0.660673,0.00159127,3.98671
22,-0.735162,-0.0268137,3.98866
22,-0.772715,-0.0406613,3.99149
22,-0.920351,-0.0207818,3.97971
22,-0.905701,0.0519001,3.96893
22,-0.809957,-0.0667308,3.99766
22,-0.907072,0.0277752,3.98634
22,-0.786088,0.044138,3.9959
22,-0.688979,0.0141591,4.0122
22,-0.877516,-0.0557775,4.0287
22,-0.849601,-0.0227413,4.03169
22,-0.702605,-0.0529992,4.04592
22,-0.736316,0.0263561,4.02882
22,-0.684091,0.0184304,4.04593
22,-0.774579,-0.0457156,4.0585
22,-0.663054,0.012114,4.0576
22,-0.700574,-0.0521369,4.09124
22,-0.557478,-0.12585,4.11958
22,-0.578525,-0.0397183,4.11125
22,-0.713697,-0.19738,4.14212
22,-0.546054,-0.0575796,4.12675
22,-0.670544,-0.121468,4.14079
22,-0.67275,-0.0748885,4.13396
22,-0.514061,-0.0643481,4.14305
22,-0.569227,-0.0677947,4.14913
22,-0.635311,-0.058176,4.14382
22,-0.569543,-0.06523,4.15107
22,-0.66755,-0.080781,4.14949
22,-0.56972,-0.104803,4.18015
22,-0.572385,-0.0981807,4.20683
22,-0.182331,-0.0949643,4.27352
22,-0.295034,-0.100715,4.2707
22,-0.124434,-0.14828,4.30366
22,0.54367,-0.36686,4.39739
22,0.215621,-1.18309,4.54453
22,0.0277575,-1.41553,4.58518
22,-0.363188,-0.118461,4.32217
22,0.023121,-1.39133,4.597
22,-0.35964,-0.153767,4.33679
22,-0.0838051,-0.132012,4.34866
22,-0.360006,-0.156396,4.35572
22,-0.375389,-0.121241,4.35272
22,-0.360857,-0.157136,4.3901
22,-0.364139,-0.151248,4.41604
22,-0.131251,-0.127297,4.42966
22,0.218163,-0.508093,4.66687
22,0.244304,-0.507271,4.80059
22,0.0389918,-0.364019,4.88662
22,-0.041274,-0.438786,4.94436
22,0.0554371,-0.342567,4.97377
22,-0.0683227,-0.441243,5.07531
22,-0.250089,-0.39502,5.20876
22,-0.899035,-0.769597,5.70885
22,0.662399,-1.10567,3.78369
15,0.662399,-1.10567,3.78369
22,0.156703,0.394475,3.39202
15,0.156703,0.394475,3.39202
22,-0.254747,0.103331,4.06945
16,-0.254747,0.103331,4.06945
22,0.000341433,0.119133,3.61033
17,0.000341433,0.119133,3.61033
22,-0.0335907,0.146759,3.58456
17,-0.0335907,0.146759,3.58456
22,0.0991938,0.316958,3.52645
17,0.0991938,0.316958,3.52645
22,0.1209,0.282166,3.42642
17,0.1209,0.282166,3.42642
22,-0.657431,0.56007,2.9495
17,-0.657431,0.56007,2.9495
22,-1.55653,0.121498,4.33894
17,-1.55653,0.121498,4.33894
22,-2.33171,-1.13661,5.98381
17,-2.33171,-1.13661,5.98381
22,0.100605,-0.432427,4.41258
21,0.100605,-0.432427,4.41258
22,0.228384,-0.46196,4.40841
21,0.228384,-0.46196,4.40841
22,-0.456924,-0.0400195,4.49608
18,-0.456924,-0.0400195,4.49608
23,-0.724637,0.64365,2.14703
23,-0.941897,0.664907,2.19423
23,-0.936046,0.603474,2.24837
23,-1.01858,0.615858,2.25367
23,-0.729762,0.587182,2.24962
23,-0.198278,0.594379,2.20389
23,-0.20213,0.591773,2.20578
23,-0.929973,0.602933,2.26419
23,0.0771468,0.464234,2.26633
23,-0.736123,0.595684,2.25813
23,-0.841545,0.615817,2.25537
23,-0.938988,0.62914,2.28647
23,0.0977234,0.484907,2.29045
23,-0.844567,0.63928,2.28922
23,-1.27806,0.596206,2.41945
23,-0.919846,0.544156,2.46301
23,-0.16454,0.543373,2.40884
23,-0.167135,0.555474,2.41658
23,-0.927573,0.553293,2.47833
23,-0.923804,0.568691,2.48457
23,-0.960951,0.539125,2.50433
23,-0.889693,0.510281,2.52652
23,-1.00199,0.518684,2.54429
23,-1.04566,0.542923,2.53572
23,-0.839177,0.511367,2.53971
23,-1.05226,0.494694,2.56597
23,-1.05663,0.493454,2.57109
23,-1.10691,0.526709,2.558
23,-1.02202,0.489472,2.57333
23,-0.886666,0.526581,2.54238
23,-1.10505,0.526071,2.56021
23,-0.997378,0.530613,2.55489
23,-1.03329,0.500152,2.57757
23,0.0494103,0.485039,2.50251
23,-0.869404,0.49715,2.57201
23,-0.971524,0.482035,2.58949
23,-0.533874,0.496659,2.54793
23,-0.97389,0.543712,2.5574
23,-0.777667,0.51732,2.55817
23,-0.971711,0.482238,2.59299
23,-0.788281,0.528243,2.55616
23,-0.901187,0.472224,2.59727
23,-0.897607,0.47636,2.59676
23,-0.860508,0.476354,2.59416
23,-0.97099,0.49232,2.60003
23,-1.00473,0.552636,2.56998
23,0.120072,0.464874,2.53101
23,-1.05304,0.565058,2.56986
23,-1.23301,0.597426,2.56626
23,-1.42868,0.567413,2.59899
23,-0.855562,0.542142,2.56978
23,-1.12266,0.504487,2.61221
23,-0.858528,0.475572,2.61224
23,-1.34029,0.555685,2.60614
23,-1.21464,0.54103,2.60735
23,-0.522039,0.517873,2.56846
23,-0.539655,0.508418,2.57627
23,0.076843,0.522527,2.52697
23,-0.773314,0.483113,2.6164
23,-0.185058,0.471922,2.5792
23,-0.783625,0.547904,2.5853
23,-0.942953,0.45578,2.65304
23,-0.807357,0.503932,2.61668
23,-0.824555,0.497231,2.62333
23,-0.981366,0.483862,2.64526
23,-0.807222,0.502105,2.62269
23,-0.810317,0.507406,2.62122
23,-0.780861,0.56448,2.59094
23,0.131825,0.48202,2.56804
23,-0.802121,0.486037,2.64024
23,-0.869971,0.515895,2.6323
23,-0.891345,0.516475,2.63932
23,-0.809303,0.52019,2.63341
23,-0.144815,0.484982,2.60255
23,-0.528834,0.460864,2.64817
23,-0.775268,0.506677,2.64298
23,-0.149312,0.485139,2.60592
23,-0.139368,0.485884,2.60571
23,-0.572631,0.479473,2.65149
23,-0.945307,0.47578,2.68436
23,-0.793112,0.502128,2.65817
23,-0.540819,0.445225,2.67711
23,-0.944603,0.481348,2.69092
23,-0.939527,0.486867,2.68905
23,-0.568874,0.423302,2.69914
23,-0.585115,0.462949,2.67928
23,-0.52882,0.482041,2.66877
23,-0.516297,0.425926,2.69916
23,-0.611293,0.43979,2.69993
23,-0.517817,0.424115,2.70331
23,-0.525528,0.48278,2.68129
23,-0.566186,0.440081,2.71664
23,-0.569711,0.438641,2.71796
23,-0.588341,0.472289,2.70747
23,-0.588587,0.48256,2.70324
23,-0.111246,0.427611,2.71752
23,-0.662759,0.416927,2.76789
23,-0.076055,0.405243,2.73072
23,-0.113119,0.428874,2.72737
23,-0.046562,0.410455,2.74979
23,-0.0663766,0.417972,2.74858
23,-0.0275491,0.40248,2.75913
23,-0.728303,0.417868,2.81022
23,-0.0264995,0.406099,2.76112
23,-0.700598,0.417934,2.80841
23,-0.690367,0.453554,2.80235
23,-0.41085,0.392553,2.8172
23,-0.674719,0.455751,2.80441
23,-0.704576,0.430721,2.8247
23,-0.704245,0.425243,2.83041
23,-0.633313,0.398078,2.8408
23,-0.689141,0.439895,2.82331
23,-0.613547,0.385665,2.85459
23,-0.406483,0.402656,2.83221
23,0.00124347,0.397008,2.80995
23,-0.632258,0.407345,2.85477
23,0.0904579,0.368515,2.82152
23,-0.607927,0.396269,2.86478
23,0.173096,0.387051,2.80964
23,-0.591875,0.390197,2.86874
23,-0.622931,0.383893,2.87557
23,0.0930762,0.374322,2.82541
23,-0.564902,0.397045,2.8688
23,-0.584055,0.407193,2.86552
23,-0.567781,0.393611,2.87238
23,-0.0181992,0.435692,2.8077
23,-0.693355,0.397044,2.88627
23,-0.574618,0.383094,2.88564
23,-0.885143,0.429096,2.88662
23,-0.555682,0.372038,2.89655
23,-0.588823,0.359051,2.90777
23,-0.560238,0.364972,2.90276
23,-0.545036,0.367608,2.90605
23,-0.532975,0.369883,2.90638
23,-0.548645,0.370973,2.90919
23,0.0165721,0.406813,2.84481
23,0.0177536,0.399702,2.84991
23,-0.683874,0.387103,2.91417
23,-0.544207,0.372149,2.91328
23,-0.888439,0.432551,2.9119
23,-0.666945,0.378989,2.93007
23,-0.901904,0.418514,2.93167
23,-0.0513402,0.378575,2.88755
23,-0.32122,0.330949,2.93548
23,-0.0348438,0.371928,2.89091
23,-0.576143,0.35464,2.96098
23,-0.657034,0.369741,2.96026
23,-0.0265669,0.385422,2.90293
23,-0.729892,0.364,2.97751
23,-0.0429898,0.371135,2.9209
23,-0.858762,0.428327,2.95489
23,-0.0173799,0.365872,2.92609
23,-0.321733,0.342847,2.96507
23,-0.671943,0.363233,2.98173
23,0.0423008,0.331947,2.95045
23,-0.282984,0.338106,2.97362
23,-0.378408,0.376999,2.96888
23,-0.720939,0.396556,2.98653
23,-0.6812,0.379336,2.99325
23,-0.645954,0.359962,3.00624
23,0.144678,0.3569,2.94587
23,-0.572907,0.373008,2.99441
23,0.0410874,0.358994,2.9582
23,-0.0336033,0.389528,2.94721
23,0.146046,0.314975,2.9753
23,-0.0517356,0.318339,2.98972
23,-0.650575,0.368473,3.01123
23,-0.749749,0.39496,3.00465
23,-0.00242442,0.383217,2.95366
23,-0.779841,0.414181,3.00031
23,-0.872255,0.33827,3.0511
23,-0.779514,0.40697,3.00738
23,-0.927525,0.416392,3.0139
23,-0.738849,0.372345,3.02369
23,-0.373258,0.345402,3.01169
23,-0.373259,0.355066,3.00862
23,-0.768352,0.375036,3.03019
23,-0.00290906,0.352508,2.98254
23,-0.818345,0.393751,3.02628
23,-0.583632,0.347588,3.03356
23,-0.817438,0.370165,3.04471
23,0.00399882,0.357317,2.98702
23,-0.569254,0.352961,3.03789
23,-0.593407,0.339071,3.04858
23,-0.967062,0.399172,3.04529
23,-0.569134,0.353682,3.03912
23,-0.248758,0.330582,3.02927
23,-0.836712,0.35651,3.06201
23,-0.867771,0.391806,3.0456
23,-0.808901,0.365288,3.05871
23,-0.947204,0.386798,3.06199
23,-0.821637,0.379248,3.05643
23,-0.856422,0.351672,3.07487
23,-0.917398,0.386963,3.06026
23,-0.996562,0.371364,3.07845
23,0.0406675,0.340623,3.01536
23,-0.906453,0.355234,3.08442
23,0.0395712,0.344614,3.01569
23,-0.956817,0.36568,3.08587
23,-0.00236452,0.384278,3.00185
23,-0.224446,0.275064,3.08007
23,-0.973384,0.334053,3.1084
23,-0.194237,0.29433,3.07153
23,-0.832674,0.35577,3.08842
23,0.1049,0.330172,3.02918
23,-0.996748,0.352458,3.10579
23,-0.966766,0.352749,3.10429
23,0.0273169,0.304734,3.05483
23,-0.0930735,0.314629,3.05999
23,-0.235355,0.284472,3.08905
23,-0.221263,0.310139,3.07433
23,-1.00223,0.382027,3.09701
23,-0.662198,0.306587,3.11268
23,-0.219864,0.281466,3.0918
23,-0.0125105,0.331891,3.04765
23,-1.01709,0.347456,3.11871
23,-0.0451494,0.3257,3.05598
23,-0.227122,0.283984,3.09701
23,-0.725096,0.330777,3.11064
23,-0.593219,0.304257,3.11647
23,-0.597233,0.323744,3.10675
23,0.0573193,0.320416,3.05694
23,-0.619016,0.307223,3.11888
23,-0.613858,0.324989,3.11012
23,-1.06374,0.388691,3.11252
23,-0.96602,0.358344,3.12628
23,-0.990346,0.359034,3.12913
23,-0.2494,0.274769,3.11715
23,0.0358227,0.310677,3.07571
23,-0.663455,0.31918,3.1274
23,0.0430488,0.312851,3.0771
23,-0.586985,0.308196,3.13043
23,-0.62083,0.317048,3.13125
23,-0.747738,0.325342,3.13724
23,-0.714465,0.340747,3.12784
23,-0.621157,0.313568,3.13808
23,-0.0693807,0.295185,3.10757
23,-0.0725567,0.295573,3.10851
23,0.042211,0.296975,3.10351
23,-0.662643,0.331616,3.14299
23,0.0377227,0.289516,3.11155
23,-1.0645,0.339699,3.17465
23,-0.258576,0.379126,3.09363
23,-1.11337,0.321268,3.19549
23,-0.278491,0.33521,3.12388
23,-0.0568311,0.295645,3.12946
23,-0.0282104,0.267511,3.14393
23,-0.0350631,0.269089,3.14371
23,0.0151758,0.284266,3.13618
23,0.00735545,0.27751,3.1423
23,-0.740354,0.330925,3.17811
23,0.0246807,0.331213,3.12012
23,0.0415245,0.315393,3.13483
23,-0.00442678,0.262123,3.16968
23,-1.11472,0.350233,3.23876
23,0.0130759,0.259768,3.20256
23,-1.43263,0.299506,3.29539
23,-0.157372,0.312167,3.18816
23,-0.0760319,0.257393,3.22015
23,-0.10423,0.289556,3.23622
23,-0.0730245,0.253447,3.259
23,-0.061543,0.269825,3.25133
23,0.053377,0.256221,3.2525
23,-0.0505665,0.244358,3.29098
23,0.121915,0.273218,3.26264
23,-0.0284898,0.262981,3.29647
23,-1.15103,0.252497,3.39791
23,-1.42545,0.183816,3.46188
23,-0.0477688,0.246303,3.32121
23,-0.0657418,0.268427,3.31226
23,-0.0889566,0.260171,3.31955
23,0.00746667,0.248084,3.3214
23,-0.0827443,0.256527,3.32407
23,-0.0770268,0.246773,3.34011
23,-0.00716448,0.245047,3.33717
23,-0.0791376,0.245906,3.3437
23,-0.104504,0.240672,3.35559
23,-0.104484,0.240708,3.35566
23,-1.15581,0.27264,3.42872
23,0.0377007,0.225348,3.361
23,-0.00198573,0.227802,3.36441
23,-0.0356708,0.225914,3.37123
23,-0.0114954,0.209152,3.38566
23,0.0285496,0.215631,3.37971
23,-0.0432919,0.192272,3.39909
23,-0.0158721,0.200697,3.39386
23,-0.0986962,0.225353,3.38735
23,-0.0974426,0.222404,3.39407
23,0.0454805,0.192748,3.40344
23,-0.113606,0.214236,3.40823
23,-0.0470507,0.160389,3.43329
23,0.0703564,0.205965,3.4003
23,0.0354705,0.191717,3.41571
23,-0.150544,0.187621,3.46486
23,-0.10534,0.220567,3.45042
23,-0.323753,0.1777,3.50013
23,-0.0361603,0.156879,3.48975
23,-0.111598,0.161906,3.50686
23,0.0360402,0.15844,3.5038
23,-0.0864744,0.155663,3.51964
23,-0.233766,0.181349,3.52753
23,-0.241129,0.18178,3.53988
23,-0.0209793,0.131637,3.55372
23,-0.380101,0.149707,3.5779
23,-0.26815,0.206772,3.54175
23,-0.756525,0.176463,3.6027
23,0.0837072,0.142666,3.56641
23,-0.187444,0.128678,3.62477
23,-0.0859426,0.142387,3.65225
23,-0.121944,0.0931724,3.68383
23,-0.0645295,0.13627,3.66204
23,-0.0449339,0.136324,3.66096
23,-0.171297,0.155874,3.66576
23,-0.172173,0.152355,3.6729
23,-0.139527,0.150889,3.67792
23,-0.0863313,0.078408,3.72328
23,0.0505365,0.146161,3.68105
23,0.212868,0.150439,3.67669
23,-0.0289983,0.0802784,3.75069
23,-0.09806,0.12196,3.7552
23,-0.0253318,0.111849,3.75763
23,-0.143716,0.125958,3.76909
23,1.14408,-0.33436,3.92369
23,-0.128276,0.109146,3.7919
23,1.11504,-0.348521,3.9566
23,-1.01078,0.0993422,3.92773
23,-0.0410417,0.0829661,3.86559
23,-0.135871,0.0351775,3.95124
23,-1.08604,0.0301445,4.0345
23,-1.06201,0.118129,3.98598
23,-1.13575,0.080283,4.01701
23,-1.1076,0.120806,3.99662
23,-1.14311,0.0937816,4.02066
23,-0.848692,0.00602812,4.06803
23,0.910685,-0.302141,4.0998
23,-1.32568,0.0402242,4.09822
23,-0.499924,-0.0105442,4.13164
23,-0.772373,0.0171701,4.14546
23,-0.441378,-0.0205531,4.15966
23,-0.440304,-0.00902349,4.20094
23,-0.610459,-0.0592569,4.26023
23,-0.719909,-0.0849896,4.28963
23,-0.382309,-0.105402,4.31688
23,-0.24011,-0.049422,4.27712
23,-0.116694,-0.129873,4.31937
23,0.791348,-0.198257,4.33437
23,0.798432,-0.179331,4.37947
23,0.258825,-0.406406,5.05034
23,-0.115583,-0.254805,5.61797
23,-0.117862,0.0579946,3.864
22,-0.117862,0.0579946,3.864
23,-0.0217736,0.21374,3.33949
22,-0.0217736,0.21374,3.33949
23,-0.907157,0.0240849,4.08176
22,-0.907157,0.0240849,4.08176
23,-0.0413885,0.217967,3.84958
16,-0.0413885,0.217967,3.84958
23,-0.827557,-0.00823964,4.33205
16,-0.827557,-0.00823964,4.33205
23,-0.101592,0.172822,3.69773
15,-0.101592,0.172822,3.69773
23,-0.108194,0.179379,3.75839
15,-0.108194,0.179379,3.75839
23,0.101426,0.323125,3.59
15,0.101426,0.323125,3.59
23,-0.0563571,0.204193,3.83772
15,-0.0563571,0.204193,3.83772
23,0.0296217,0.299294,3.65088
17,0.0296217,0.299294,3.65088
24,-0.806234,0.351357,3.12645
24,-1.00542,0.384446,3.18049
24,0.0690171,0.239754,3.46025
24,-0.167567,0.202398,3.50396
24,-0.370284,0.153126,3.54076
24,0.11466,0.203725,3.50034
24,-0.368126,0.16458,3.60411
24,0.0764287,0.154884,3.78307
24,-0.0149533,0.102883,3.82412
24,-0.262713,0.0816739,3.86007
24,0.102395,0.123059,3.85604
24,-0.253246,0.108134,3.90121
24,-1.1716,0.138319,3.96855
24,-0.932828,0.13049,3.98332
24,-0.978026,0.0960708,4.02155
24,-0.941599,0.0847623,4.02588
24,-0.978317,0.0860139,4.0293
24,-1.18758,0.152339,4.03041
24,-1.06473,0.07976,4.04739
24,-0.930178,0.101436,4.03441
24,-0.979361,0.0448827,4.0588
24,-0.893889,0.104919,4.04271
24,-0.99508,0.09677,4.05633
24,-1.27914,0.112012,4.07281
24,-0.196357,0.0652399,4.01093
24,-0.869488,0.071362,4.05827
24,-0.996117,0.127297,4.06061
24,-1.08186,0.0893959,4.08185
24,-0.832974,0.041831,4.08477
24,-0.833419,0.024215,4.10878
24,-1.14305,0.110433,4.11597
24,-1.0298,0.0629957,4.13456
24,-0.771279,0.019142,4.13112
24,-0.276322,0.0956047,4.072
24,-0.260202,0.0921617,4.0796
24,-0.9857,0.0818032,4.14119
24,-0.201964,0.0468634,4.09646
24,-0.720929,0.0475976,4.13519
24,-1.08828,0.100368,4.14544
24,-0.246783,0.0774422,4.09853
24,-0.196726,0.0543905,4.10774
24,-0.758815,0.0537318,4.15175
24,-0.270675,0.075542,4.12078
24,-0.656777,0.0361328,4.17731
24,-0.804961,0.00733173,4.20342
24,-0.267568,0.0833535,4.14109
24,-0.604945,0.0363697,4.1928
24,-0.76327,0.0284418,4.21285
24,-0.728145,-0.0171528,4.22692
24,-0.645068,0.060212,4.20551
24,-0.688001,0.0624433,4.21169
24,-0.560698,-0.0748513,4.25044
24,-0.720269,0.00351429,4.23923
24,-0.690817,-0.0706602,4.26271
24,-0.650339,0.0471174,4.22247
24,-0.687828,0.0353841,4.23207
24,-0.460876,0.000746012,4.23137
24,1.11173,-0.117272,4.16725
24,-0.687597,0.00924647,4.2557
24,1.1136,-0.0906864,4.16162
24,-0.649811,-0.0349734,4.27155
24,-0.665335,-0.0333643,4.27632
24,-0.721087,-0.0455401,4.29126
24,-0.477202,0.0268201,4.25156
24,-0.556601,-0.00864577,4.27075
24,-0.680784,-0.059489,4.29733
24,-0.490942,-0.0397357,4.28129
24,-0.654465,-0.00451541,4.28269
24,-0.457796,-0.0181969,4.27682
24,-0.654229,-0.0223405,4.29835
24,-0.654204,-0.0179217,4.29773
24,-0.42121,0.0577697,4.25712
24,-0.617272,-0.0843902,4.32346
24,-1.78576,-0.866311,4.68097
24,0.190863,-1.14396,4.67845
24,0.540986,-0.410715,4.40724
24,-0.130578,-0.120503,4.36247
24,-0.157537,-0.0572098,4.37309
24,-0.156361,-0.0657436,4.3835
24,-0.335291,-0.0801058,4.41193
24,-0.160406,-0.0522262,4.41138
24,-0.716885,-0.095826,4.47373
24,0.256761,-0.405614,4.82926
24,0.282465,-0.405428,4.83162
24,0.443147,-0.280251,4.77804
24,0.301055,-0.453026,4.90352
24,0.212748,-0.48397,4.92808
24,0.248967,-0.467598,4.92044
24,0.199018,-0.355778,4.88834
24,0.216387,-0.344315,4.89555
24,0.217026,-0.378125,4.90999
24,0.0929236,-0.476163,4.96648
24,0.244541,-0.290586,4.8965
24,0.121026,-0.381081,4.9506
24,0.0968034,-0.334782,4.93693
24,0.140335,-0.381626,4.98399
24,0.0505006,-0.307583,4.97662
24,0.119974,-0.33417,4.99242
24,0.0353127,-0.3213,5.00051
24,-0.000154316,-0.336341,5.01751
24,-0.00468051,-0.293507,5.04201
24,-0.17706,-0.248052,5.35169
24,-0.306144,-0.230948,5.75671
24,-0.742009,-0.592751,5.91306
24,-0.272723,-0.202734,5.75245
24,-0.763819,-0.552943,5.91391
24,-0.347168,-0.245002,5.7972
24,-0.745584,-0.499012,5.91519
24,-0.763896,-0.546557,5.93777
24,-0.30576,-0.212265,5.79688
24,-0.341323,-0.226403,5.81807
24,-1.28092,0.380921,3.15616
23,-1.28092,0.380921,3.15616
24,0.160124,0.269264,3.88738
22,0.160124,0.269264,3.88738
24,-0.597951,-0.0396326,4.44338
22,-0.597951,-0.0396326,4.44338
24,0.622916,-0.304939,4.60778
22,0.622916,-0.304939,4.60778
24,-0.607631,0.502719,2.96457
22,-0.607631,0.502719,2.96457
24,0.0913749,0.1802,3.94189
17,0.0913749,0.1802,3.94189
24,-0.0178637,-0.419052,4.80204
17,-0.0178637,-0.419052,4.80204
24,0.21431,-0.735326,4.68932
17,0.21431,-0.735326,4.68932
24,-0.320879,-0.397347,4.79643
17,-0.320879,-0.397347,4.79643
24,-1.47032,-0.425588,4.50341
17,-1.47032,-0.425588,4.50341
24,-0.247392,0.0934971,3.91978
17,-0.247392,0.0934971,3.91978
24,-1.54955,-1.29521,4.12902
17,-1.54955,-1.29521,4.12902
24,-1.78271,-0.37351,5.60673
21,-1.78271,-0.37351,5.60673
25,-0.0420815,-0.139116,3.47787
25,-0.131313,-0.0919228,3.42189
25,0.459085,0.00512691,3.20236
25,-0.0434547,-0.140157,3.46593
25,-0.134052,-0.0942938,3.45385
25,0.463933,-0.00328165,3.19711
25,0.0521856,-0.0822927,3.40784
25,0.063701,-0.0941768,3.44957
25,0.457944,-0.00657993,3.16731
25,0.449315,-0.00659988,3.17691
25,0.440961,-0.0367885,3.18894
25,0.452617,-0.0671898,3.20025
25,0.761643,0.146317,3.02498
25,0.770838,0.128778,3.0615
25,0.155207,0.526359,2.47905
25,0.155691,0.512319,2.48678
25,-0.132673,-0.0836787,3.46523
25,-0.132255,-0.105198,3.45432
25,-0.0892417,-0.0948937,3.47583
25,-0.0998979,-0.0836808,3.46532
25,0.030288,0.52883,2.49068
25,0.014687,0.508911,2.50863
25,-0.0169247,0.523903,2.50467
25,-0.00916694,0.507936,2.54335
25,0.0534887,-0.139413,3.49293
25,0.07559,-0.172624,3.49641
25,0.0754732,-0.249406,3.49101
25,0.0423033,-0.237563,3.47876
25,0.00939656,-0.160757,3.47817
25,0.0423183,-0.193758,3.48
25,0.0539259,0.521741,2.49433
25,-0.0738976,0.520024,2.56341
25,-0.257918,-0.0604531,3.38822
25,-0.246828,-0.103015,3.38264
25,-0.16427,-0.0613865,3.44053
25,-0.226575,-0.0392093,3.39879
25,-0.196357,-0.0937122,3.43255
25,-0.111951,-0.0293465,3.50058
25,0.109198,-0.217788,3.51365
25,0.233742,-0.209109,3.55444
25,0.199998,-0.19778,3.55224
25,0.23505,0.530147,2.49689
25,0.203476,0.506321,2.49586
25,0.0928216,0.527181,2.48292
25,0.0774479,0.529117,2.49204
25,0.713928,0.172618,2.98499
25,0.682583,0.171835,2.97145
25,0.78589,0.0525631,3.12128
25,0.593793,0.232009,2.90377
25,0.588599,0.196711,2.92345
25,0.489399,0.197596,2.9366
25,0.47539,0.174884,3.02418
25,0.419089,-0.0666718,3.17558
25,0.499892,0.00342016,3.18005
25,0.472297,-0.0671188,3.19687
25,0.550989,-0.00661799,3.18562
25,0.574986,-0.0370019,3.20743
25,0.739658,0.05349,3.17631
25,0.725699,0.189598,2.95626
25,0.1434,-0.263882,3.53752
25,-0.0667313,0.510873,2.59909
25,0.057155,0.452957,2.6437
25,-0.0340297,0.51204,2.60503
25,0.0571295,0.436091,2.64251
25,-0.0235602,-0.117175,3.48664
25,-0.0994781,-0.14861,3.45076
25,-0.164895,-0.137844,3.45362
25,-0.0235591,-0.183126,3.48647
25,-0.03691,-0.336539,3.72443
25,0.266089,-0.241574,3.53751
25,0.668967,0.379826,2.6569
25,0.684072,0.311306,2.71689
25,0.427232,0.48552,2.47011
25,0.502756,0.498758,2.45858
25,0.604045,-0.359335,3.84262
25,-0.0412849,-0.30597,3.69561
25,-0.0272459,-0.31929,3.68796
25,-0.388393,0.469806,2.63534
25,-0.391516,0.453481,2.65653
25,-0.4162,0.438203,2.6861
25,-0.444141,0.445808,2.67078
25,-0.0919423,-0.157134,3.49517
25,-0.105182,-0.157157,3.49568
25,0.0808968,-0.17233,3.53562
25,0.0138578,-0.157215,3.49696
25,0.0406591,-0.198566,3.52641
25,-0.344469,-0.0355206,3.25709
25,-0.358738,-0.0852763,3.27485
25,-0.262471,-0.061161,3.31089
25,-0.313065,-0.086349,3.31604
25,-0.411564,0.0389378,3.30103
25,-0.404899,-0.0231295,3.24757
25,-0.0126866,-0.118292,3.51988
25,-0.0654693,-0.130637,3.49386
25,-0.192684,-0.0758023,3.40588
25,-0.214701,-0.0365048,3.34734
25,-0.168812,-0.128798,3.44468
25,-0.205319,-0.114321,3.40173
25,-0.0917824,-0.0908553,3.48909
25,-0.130431,-0.1033,3.46374
25,-0.30656,0.486469,2.6177
25,-0.28166,0.48485,2.66321
25,-0.309511,0.461154,2.6429
25,-0.341272,0.463548,2.65662
25,-0.362949,0.455472,2.66819
25,0.271832,-0.242476,3.58381
25,0.345609,-0.301938,3.6469
25,0.418741,-0.291018,3.68333
25,0.358075,-0.328313,3.63339
25,0.245501,-0.202447,3.59534
25,0.205014,-0.216391,3.60101
25,0.698752,0.150145,3.02522
25,0.69259,0.160166,2.99854
25,0.669206,0.179625,2.94556
25,0.356531,0.141519,2.85142
25,0.401953,0.101667,2.94715
25,0.495777,0.0134985,3.19229
25,0.461557,-0.07136,3.20628
25,0.488109,0.200769,2.92886
25,0.352692,0.150667,2.82072
25,0.777778,0.0602651,3.11244
25,0.707294,0.0136176,3.22047
25,0.724774,0.201871,2.94492
25,0.759857,0.127905,3.04073
25,0.149826,-0.201837,3.5845
25,-0.242585,0.497448,2.67678
25,-0.105831,-0.0250502,3.51725
25,0.0533545,-0.0907268,3.48415
25,-0.555458,-0.0111513,3.34016
25,-0.287286,0.0139885,3.30814
25,-0.319459,0.00144767,3.25339
25,-0.0259907,-0.184784,3.51805
25,0.040542,-0.237906,3.51626
25,0.738501,-0.719817,4.23885
25,0.686092,-0.747215,4.21247
25,0.681338,-0.353375,3.91074
25,0.597787,-0.339536,3.75758
25,0.585054,0.199817,2.91497
25,0.572734,-0.0229155,3.2175
25,0.659171,0.380424,2.63781
25,0.0597104,0.445479,2.60965
25,0.484817,0.194564,2.87001
25,0.490892,0.183808,2.90597
25,0.589493,0.199111,2.93708
25,0.592621,0.186761,2.95267
25,0.814746,0.20206,2.98059
25,0.8175,0.189164,2.99066
25,-0.338067,0.461373,2.67901
25,-0.3617,0.46049,2.67388
25,0.567525,-0.0299447,3.18824
25,0.749531,0.189145,2.99035
25,0.731711,0.201553,2.97311
25,-0.477018,0.478666,2.64021
25,-0.444592,0.458337,2.66138
25,-0.512732,0.41391,2.76832
25,-0.521999,0.383002,2.81835
25,-0.600252,-0.0320079,3.40793
25,-0.517926,0.125722,3.10036
25,-0.207854,0.548218,2.57282
25,-0.23919,0.506701,2.66154
25,-0.161202,0.548466,2.57399
25,-0.125476,0.510691,2.56038
25,-0.0648515,0.536506,2.46533
25,-0.0679818,0.503735,2.58433
25,-0.0912649,-0.0955939,3.46943
25,-0.122554,-0.111151,3.46336
25,-0.042068,0.575843,2.44227
25,-0.00885592,0.557038,2.45715
25,0.082566,-0.175541,3.49304
25,0.0189546,-0.158227,3.46121
25,0.0357998,0.535198,2.45932
25,0.0136723,0.50931,2.49662
25,0.111582,0.578687,2.40797
25,0.0797981,0.541845,2.43898
25,0.229833,-0.179073,3.56332
25,0.244063,-0.209756,3.53511
25,0.15737,0.508808,2.43986
25,0.124273,0.531545,2.44254
25,0.350593,0.127981,2.83829
25,0.392159,0.0930689,2.95739
25,0.457193,-0.0293664,3.12666
25,0.46191,-0.0726961,3.15892
25,0.657267,0.199444,2.942
25,0.680619,0.175303,2.98584
25,0.83331,0.135213,2.99869
25,0.835191,0.0809361,3.00546
25,-0.341001,-0.0459076,3.29502
25,-0.317547,-0.0926758,3.36352
25,-0.353437,-0.0901447,3.27166
25,-0.16948,-0.0324811,3.4583
25,-0.229027,-0.0320253,3.40977
25,-0.199161,-0.0789035,3.42866
25,0.727419,0.163122,3.01122
25,0.482581,0.0131394,3.10732
25,0.457035,0.16787,2.85924
25,0.362099,0.140332,2.8275
25,0.713542,0.342407,2.70004
25,0.810474,0.259682,2.86963
25,0.594027,0.416828,2.55508
25,0.665277,0.372746,2.65421
25,0.773994,0.12299,3.03301
25,0.147252,-0.225027,3.52292
25,0.655227,-0.729214,4.21898
25,0.669364,-0.761814,4.18759
25,-0.555958,0.36728,2.79608
25,-0.39397,0.467703,2.64601
25,-0.422256,0.029342,3.34617
25,-0.400612,-0.0309297,3.29313
25,-0.288537,-0.001054,3.38147
25,-0.273519,-0.0625416,3.38562
25,-0.0313245,0.526195,2.46947
25,-0.0598137,-0.142976,3.47249
25,0.034895,-0.238341,3.48373
25,-0.0294577,-0.329559,3.61689
25,-0.148372,-1.18081,4.81012
25,-0.50461,0.0860214,3.19428
25,0.050629,-0.0958313,3.47804
25,-0.277182,0.485581,2.67835
25,0.751887,-0.710894,4.22395
25,0.273957,-0.239924,3.50687
25,0.34191,-0.339693,3.55116
25,0.236558,0.534682,2.45695
25,0.777409,0.0543758,3.04639
25,0.758852,0.38953,2.68685
25,0.695988,0.308719,2.72733
25,0.480154,-0.725173,4.1956
25,0.0612494,0.434488,2.59121
25,0.576364,0.199085,2.89789
25,0.480467,0.182853,2.89087
25,0.592844,0.41298,2.55999
25,0.649921,0.380046,2.62143
25,0.72555,0.338197,2.74548
25,0.826867,0.261571,2.8905
25,0.691331,0.455385,2.56315
25,0.740348,0.396865,2.6383
25,0.860159,0.359399,2.79402
25,1.29495,-0.639852,3.86438
25,1.30709,-0.67734,3.8382
25,0.806487,0.536836,2.48761
25,0.864499,0.492509,2.53856
25,-0.561206,-0.00718721,3.3778
25,-0.626274,-0.00689069,3.23845
25,-0.242923,0.786687,2.07431
25,-0.327541,0.800144,2.10979
25,-0.405513,-0.0250672,3.30872
25,-0.363926,-0.0779626,3.25917
25,-0.228944,-0.025479,3.36307
25,-0.281352,-0.0615647,3.33274
25,-0.349652,-0.0428757,3.29196
25,-0.188589,0.784426,2.09849
25,-0.0467395,-0.138456,3.43854
25,0.0284715,-0.234382,3.47195
25,0.222345,-0.162153,3.5471
25,0.0850036,-0.177183,3.46313
25,0.142081,-0.2535,3.4747
25,0.250699,0.590801,2.48656
25,0.195759,0.588545,2.47707
25,0.198019,0.527082,2.50567
25,0.213255,0.503519,2.52442
25,0.417067,0.511114,2.42976
25,0.505461,0.49339,2.47364
25,0.419157,0.500372,2.44194
25,0.663123,0.185483,2.93245
25,0.762587,0.124779,3.00973
25,-0.176501,-0.025849,3.41191
25,-0.121283,-0.119335,3.42743
25,-0.194894,-0.100105,3.40848
25,0.15634,0.524654,2.49413
25,0.11553,0.524452,2.49317
25,0.156828,0.512658,2.5019
25,0.575786,-0.0246319,3.25124
25,0.666025,-0.0436149,3.3487
25,0.562937,-0.0605827,3.27957
25,0.864289,0.184091,2.91045
25,0.460024,-0.0241345,3.18559
25,0.502477,-0.0421397,3.23543
25,0.445855,-0.0767511,3.20852
25,0.158714,0.667715,2.32952
25,0.0838228,0.639248,2.36507
25,0.0982342,0.610067,2.40238
25,-0.0756418,0.545261,2.52665
25,-0.159924,0.551071,2.55357
25,-0.0776436,0.50317,2.59351
25,-0.120304,0.51846,2.59933
25,-0.530325,0.489514,2.59603
25,-0.368541,0.45693,2.65321
25,-0.450332,0.381702,3.24205
25,-0.251712,0.512341,2.64078
25,-0.389308,0.475887,2.59885
25,0.251555,0.68221,2.25169
25,0.74062,-0.69244,4.18199
25,0.627937,-0.7623,4.19026
25,-0.98187,-0.719114,4.34309
25,0.538218,-0.271911,3.72706
25,0.650324,-0.37074,3.91287
25,0.902384,0.470174,2.56765
25,-0.51968,0.098835,3.23391
25,0.382055,0.596275,2.29875
25,0.338218,-0.316683,3.54626
25,0.0180715,0.811746,2.2037
25,-0.132327,0.778311,2.11293
25,0.0421554,0.752987,2.20743
25,-0.123146,0.734656,2.15369
25,-0.455075,0.471709,2.73902
25,-0.557374,0.236062,2.96573
25,0.701604,-0.0617794,3.34435
25,-0.0473584,0.590946,2.48717
25,-0.0873926,0.640616,2.4697
25,0.034071,0.552305,2.49626
25,0.373038,0.0890247,2.91292
25,0.174029,0.425979,2.5543
25,0.668404,0.728783,2.17115
25,0.754728,0.465387,2.54151
25,0.467376,-0.715488,4.18353
25,0.0495403,0.446756,2.59414
25,-0.367875,0.788051,2.0779
25,-0.170537,-1.13931,4.81932
25,0.924712,0.493456,2.52924
25,0.921742,0.475927,2.61463
25,1.26936,-1.33912,3.29514
25,1.65354,-0.988067,3.20466
25,1.62943,-0.718593,3.41775
25,1.65956,-0.790398,3.34341
25,-0.0507501,0.541303,2.52103
25,-0.149695,0.557975,2.52189
25,0.0129998,0.774113,2.15901
25,0.0411787,0.744936,2.15627
25,-0.0289781,0.750452,2.13189
25,0.226258,0.725452,2.31934
25,0.252548,0.684188,2.28285
25,0.167981,0.674344,2.35265
25,0.454809,-0.0240422,3.17342
25,0.437205,-0.0869102,3.1964
25,0.8215,0.13094,2.92749
25,0.139333,0.622265,2.38891
25,0.0767795,0.637227,2.38646
25,0.124898,0.549376,2.41176
25,-0.522923,0.388131,2.84848
25,-0.0637077,-1.13864,4.68687
25,-0.152758,-1.11759,4.60022
25,0.399033,0.582535,2.35459
25,0.420114,0.496896,2.3869
25,0.771371,-0.695061,4.22562
25,0.635118,-0.780254,4.23818
25,0.510052,-0.25964,3.55887
25,0.631213,-0.358623,3.87409
25,0.679941,0.462609,2.54146
25,0.51447,0.464834,2.46514
25,0.872031,-1.46044,3.71314
25,1.28663,0.10754,3.39762
25,0.86696,0.185796,2.88766
25,0.94301,0.733643,2.12359
25,0.877551,0.752898,2.09984
25,1.61228,-1.11891,3.04745
25,1.57139,-1.13593,3.20804
25,-0.248395,0.526486,2.69853
25,-0.40911,0.493526,2.71131
25,0.0207458,-0.228843,3.4455
25,0.272503,-0.163644,3.49637
25,0.133987,-0.252515,3.46121
25,0.341474,-0.324032,3.50041
25,0.862799,0.364847,2.81255
25,0.854036,0.313212,2.84461
25,1.67601,-0.852837,3.2482
25,-0.5145,0.082076,3.26817
25,-0.552374,-0.00349712,3.36884
25,-0.283426,-0.00344079,3.31452
25,-0.421963,-0.0256282,3.38279
25,-0.111871,0.704001,2.11795
25,-0.0332245,0.588747,2.44429
25,0.665145,0.187447,2.91332
25,0.72976,0.0384766,3.19633
25,0.752106,0.417771,2.6802
25,0.664815,0.382911,2.68151
25,0.824482,0.241054,2.87122
25,0.837123,0.598586,2.41947
25,0.781165,0.524405,2.44234
25,0.461263,0.182151,2.83101
25,0.347486,0.144005,2.809
25,0.570088,-0.024539,3.23899
25,0.255921,0.576129,2.45864
25,0.209696,0.500527,2.4823
25,0.160045,0.513663,2.46744
25,0.572408,0.219204,2.83146
25,0.164739,0.429097,2.5398
25,0.295461,0.679902,2.26855
25,0.653702,0.722251,2.13094
25,1.63878,-0.419069,3.34561
25,1.5972,-0.46839,3.94528
25,0.381266,-0.743822,4.18906
25,1.27285,-0.641288,3.74967
25,0.933653,-0.809875,3.97553
25,-0.179002,-0.0256744,3.38888
25,-0.512059,0.507871,2.69338
25,0.229284,-0.160825,3.53491
25,0.333089,-0.320369,3.46084
25,0.387915,0.587341,2.32486
25,0.411648,0.484365,2.35631
25,0.508538,-0.272789,3.54831
25,0.588819,-0.342789,3.70305
25,0.808547,-0.722767,4.42928
25,0.671457,-0.794528,4.44191
25,-1.07992,-0.695724,4.47889
25,-1.09113,-0.696188,3.89213
25,-1.05961,-0.861477,4.25615
25,-0.664729,0.35042,2.75691
25,-0.702841,0.270239,2.82312
25,-0.525907,0.514606,2.7103
25,-0.249243,0.535365,2.70775
25,-0.388896,0.464965,2.79537
25,0.00732914,-0.0766986,3.49272
25,0.00731433,-0.240626,3.48567
25,-0.101566,-0.212219,3.46835
25,0.170584,0.647937,2.34614
25,0.686691,0.464928,2.5542
25,0.540168,0.419992,2.525
25,0.841461,0.593086,2.42285
25,0.795215,0.504888,2.45614
25,0.864074,0.3565,2.80475
25,0.84507,0.185965,2.89028
25,0.760964,0.0990725,3.00591
25,0.71692,0.0294194,3.12221
25,0.724889,0.331226,2.77734
25,0.657064,0.382482,2.6785
25,0.814359,0.25151,2.86204
25,0.659251,0.207253,2.87106
25,-1.0891,-1.06142,3.77913
25,-1.11413,-1.06125,3.48636
25,-0.31,0.00531136,3.3678
25,-0.39478,-0.0482064,3.4155
25,-0.505804,0.0820517,3.2672
25,-0.570956,0.00528119,3.34864
25,-0.0334257,0.58267,2.45911
25,-0.138084,0.578404,2.61422
25,0.0480382,0.449162,2.70037
25,-0.0986955,0.546414,2.65815
25,0.234694,0.577788,2.4385
25,0.0791335,0.61566,2.36356
25,0.19895,0.507691,2.46978
25,0.141168,0.508944,2.47587
25,0.451893,0.160557,2.84193
25,0.605234,-0.0728073,3.31551
25,0.407363,-0.0951325,3.19181
25,0.562798,0.20494,2.83901
25,0.146035,-0.133047,3.53373
25,0.312106,0.6724,2.30383
25,0.658584,0.707785,2.13774
25,1.52535,-0.470065,3.79232
25,1.6766,-0.74553,3.54587
25,1.27032,-0.640014,3.74222
25,0.958925,-0.849038,4.03817
25,-0.533526,0.386692,2.86542
25,-1.06979,0.0607919,3.52045
25,-0.11147,0.698719,2.11036
25,-0.17142,-1.11558,4.61681
25,0.871741,-1.46307,3.67103
25,0.933806,0.700361,2.11532
26,0.103078,1.05536,1.68579
26,-0.505752,1.10675,1.69122
26,0.673561,1.08778,1.69028
26,-0.535012,1.12368,1.69408
26,0.676,1.08636,1.6919
26,0.10224,1.06402,1.71694
26,0.104484,1.06904,1.71929
26,0.193299,1.06627,1.72973
26,0.14229,1.03963,1.73719
26,0.152663,1.0393,1.74259
26,0.190487,1.07533,1.74143
26,-0.072617,1.0435,1.78404
26,-0.0728485,0.988785,1.82957
26,0.0156824,0.990454,1.84296
26,0.679511,0.977373,1.84871
26,-0.0769808,1.06275,1.84504
26,-0.165516,1.00256,1.85256
26,0.0211069,0.987553,1.85327
26,-0.164177,1.00795,1.85771
26,-0.0774609,0.994738,1.86506
26,0.95223,0.812618,1.8784
26,-0.0577994,0.996609,1.86704
26,-0.0804554,0.991818,1.86904
26,0.0125588,0.989162,1.87016
26,-0.0795223,0.998545,1.87067
26,-0.0772534,0.938649,1.8776
26,0.0174714,0.996367,1.87358
26,0.137859,0.975453,1.88385
26,-0.072791,0.934211,1.9089
26,0.650842,0.848224,1.99328
26,0.676944,0.855341,2.00916
26,-0.0689685,0.867678,2.0285
26,-0.0459465,0.844748,2.03855
26,0.678208,0.862078,2.03545
26,-0.0577307,0.867319,2.04509
26,-0.0449033,0.84655,2.05323
26,-0.0554482,0.824571,2.05686
26,-0.0736145,0.86756,2.054
26,-0.0524572,0.843783,2.06272
26,-0.205476,0.827703,2.06956
26,-0.289939,0.844928,2.06989
26,-0.0533773,0.824942,2.07108
26,0.684514,0.8585,2.06722
26,-0.163617,0.827517,2.07486
26,-0.0504322,0.823921,2.07538
26,-0.120754,0.863858,2.07345
26,0.000605946,0.81082,2.07803
26,-0.335265,0.791434,2.08185
26,-0.264643,0.789413,2.08331
26,-0.390727,0.863912,2.07866
26,0.0484963,0.810897,2.08558
26,-0.115567,0.857546,2.08985
26,0.0689839,0.805084,2.09412
26,-0.225385,0.841756,2.09334
26,-0.364557,0.846813,2.09551
26,-0.0575582,0.816906,2.09717
26,-0.116222,0.839671,2.0962
26,-0.048909,0.789678,2.10243
26,-0.197935,0.84754,2.10044
26,0.000257162,0.81635,2.10332
26,-0.00804151,0.816665,2.10351
26,-0.373705,0.852713,2.10229
26,-0.276914,0.825701,2.1045
26,-0.13401,0.8688,2.1005
26,-0.137265,0.831241,2.10442
26,0.0489234,0.827291,2.10499
26,0.0205286,0.802544,2.10766
26,-0.14022,0.846596,2.10457
26,0.0666842,0.814936,2.10682
26,-0.397832,0.866157,2.10431
26,-0.0639608,0.764189,2.11303
26,-0.0599661,0.759712,2.11383
26,-0.49724,0.83722,2.10854
26,-0.231917,0.850209,2.10721
26,-0.288628,0.797401,2.1127
26,-0.158025,0.823276,2.11126
26,-0.064158,0.82036,2.11201
26,-0.584991,0.84134,2.11418
26,-0.219339,0.796142,2.11768
26,0.31217,0.787745,2.11635
26,-0.329273,0.810014,2.11811
26,-0.170446,0.828135,2.11597
26,-0.139789,0.783957,2.12064
26,-0.379057,0.818282,2.12021
26,-0.204739,0.847054,2.11672
26,-0.0687315,0.763794,2.12487
26,-0.221696,0.803191,2.12188
26,-0.0425704,0.796265,2.12174
26,-0.136324,0.836462,2.11882
26,-0.275915,0.829268,2.121
26,-0.158906,0.825521,2.12141
26,-0.196318,0.850902,2.11974
26,0.0616009,0.808561,2.12368
26,-0.218289,0.811349,2.12564
26,0.302171,0.780811,2.12644
26,-0.259196,0.79829,2.12779
26,-0.0289034,0.794323,2.12827
26,-0.161536,0.827156,2.12851
26,-0.185673,0.803188,2.13252
26,-0.169273,0.794541,2.13461
26,-0.016594,0.822966,2.1311
26,-0.020601,0.762838,2.13708
26,-0.0668497,0.777601,2.14197
26,-0.136764,0.787249,2.14624
26,-0.113461,0.72781,2.15326
26,-0.0188685,0.77528,2.14868
26,-0.0160064,0.776598,2.14859
26,-0.0104234,0.775061,2.14898
26,0.298816,0.79113,2.14615
26,-0.0194879,0.758992,2.15317
26,-0.0504484,0.830903,2.14647
26,0.0233726,0.77476,2.15314
26,0.0544798,0.775318,2.15389
26,0.0498247,0.754079,2.15747
26,0.0262347,0.77685,2.15698
26,0.29734,0.785922,2.15679
26,-0.0169797,0.758024,2.16381
26,0.00449978,0.764491,2.16372
26,0.03101,0.750923,2.16503
26,0.6725,0.734758,2.16364
26,0.0541115,0.762931,2.16409
26,0.0259912,0.770991,2.16379
26,-0.147665,0.757041,2.16637
26,-0.131565,0.731258,2.1699
26,0.0485978,0.767738,2.16571
26,0.025285,0.750433,2.1692
26,-0.0357145,0.763693,2.17042
26,0.0178918,0.780506,2.17358
26,-0.0981285,0.731983,2.18054
26,-0.0976558,0.730133,2.19527
26,-0.126441,0.73905,2.19933
26,0.305246,0.793946,2.19747
26,-0.112714,0.732544,2.20656
26,0.252354,0.681032,2.22191
26,0.291822,0.701705,2.23384
26,0.287008,0.703323,2.24296
26,0.243446,0.712281,2.24366
26,0.29245,0.677471,2.24948
26,0.24869,0.679303,2.25212
26,0.250115,0.676412,2.25296
26,0.177009,0.70682,2.27602
26,0.153234,0.66409,2.31462
26,0.145358,0.660657,2.32624
26,0.145731,0.66662,2.32971
26,0.0669,0.600293,2.33823
26,0.726159,0.653632,2.33422
26,0.0814397,0.643166,2.34524
26,0.127193,0.641751,2.34599
26,0.0891277,0.641991,2.35019
26,0.401691,0.60602,2.35454
26,0.726676,0.650347,2.35234
26,0.172906,0.614582,2.36345
26,0.180487,0.609858,2.3649
26,0.178701,0.609715,2.3714
26,0.191001,0.58739,2.3751
26,0.404282,0.603353,2.37277
26,0.108176,0.599385,2.37473
26,0.731918,0.660489,2.36876
26,0.229273,0.605486,2.38195
26,0.131056,0.628429,2.38423
26,0.127446,0.599444,2.39604
26,0.246049,0.565796,2.40214
26,0.197331,0.589746,2.4002
26,0.171547,0.615345,2.39956
26,0.2479,0.560328,2.40459
26,0.220845,0.589202,2.40248
26,0.112131,0.600642,2.40261
26,0.229236,0.604563,2.40211
26,0.791969,0.608637,2.40131
26,-0.0342303,0.576155,2.41397
26,0.0906645,0.605747,2.41147
26,0.463467,0.543624,2.42045
26,0.461194,0.537825,2.4217
26,0.456363,0.545762,2.42424
26,0.22106,0.552086,2.42568
26,0.119974,0.579282,2.42759
26,0.253337,0.567037,2.42826
26,0.919708,0.579744,2.42425
26,0.825206,0.58308,2.42628
26,0.26339,0.56229,2.43282
26,0.472718,0.51312,2.43727
26,0.127789,0.571699,2.43381
26,0.104084,0.565189,2.44078
26,0.080403,0.566009,2.4412
26,-0.0725332,0.614067,2.43894
26,-0.032537,0.585805,2.44442
26,-0.0461719,0.570854,2.44861
26,0.12706,0.533605,2.45225
26,0.119188,0.533976,2.45369
26,0.0872818,0.527341,2.4573
26,0.23054,0.530634,2.45813
26,0.0481404,0.544643,2.45818
26,0.470302,0.510148,2.46083
26,-0.102871,0.558119,2.46426
26,0.0317375,0.530043,2.46905
26,0.757441,0.532136,2.47061
26,0.00801406,0.539368,2.47605
26,-0.0881771,0.542931,2.48103
26,-0.0401339,0.541423,2.48208
26,0.416859,0.526287,2.48176
26,0.424348,0.509577,2.48556
26,-0.132697,0.562271,2.48466
26,0.215937,0.493761,2.49294
26,-0.152998,0.545855,2.49119
26,-0.0787691,0.494788,2.50254
26,-0.111715,0.5126,2.50183
26,0.224699,0.501825,2.50256
26,0.022865,0.556883,2.49939
26,0.51646,0.502087,2.50549
26,0.0316028,0.527886,2.50585
26,0.171316,0.431626,2.52679
26,0.0114545,0.510108,2.52169
26,0.226333,0.503147,2.52403
26,-0.0175492,0.52098,2.52355
26,-0.163313,0.555234,2.52369
26,0.0595363,0.44966,2.5337
26,-0.115538,0.522915,2.52839
26,-0.0953128,0.543432,2.52715
26,-0.115329,0.534493,2.53022
26,0.16544,0.434613,2.54173
26,-0.58417,0.560963,2.535
26,-0.135242,0.535514,2.53528
26,0.553177,0.474275,2.55093
26,0.551555,0.474428,2.55268
26,0.565882,0.4693,2.55801
26,-0.166887,0.518327,2.55786
26,-0.109789,0.50008,2.56071
26,-0.0834777,0.49902,2.56141
26,0.164303,0.442244,2.5799
26,-0.257463,0.532347,2.57407
26,-0.169195,0.48976,2.57836
26,-0.208528,0.513042,2.57866
26,0.569751,0.445571,2.5833
26,-0.161472,0.486528,2.58513
26,0.0693078,0.462341,2.58759
26,0.797578,0.468027,2.58354
26,0.603901,0.436379,2.58944
26,0.129011,0.450511,2.591
26,0.570322,0.420945,2.59255
26,0.548816,0.426642,2.59211
26,-0.174594,0.476633,2.59211
26,-0.200916,0.47158,2.59397
26,0.170748,0.442699,2.59711
26,-0.310448,0.505315,2.5943
26,0.0491121,0.4537,2.60411
26,0.899875,0.454139,2.60133
26,0.513489,0.442767,2.61413
26,0.196724,0.434204,2.61713
26,0.910348,0.450891,2.61268
26,0.75673,0.422832,2.62026
26,0.130351,0.453569,2.62519
26,0.515736,0.449235,2.62484
26,0.522501,0.449848,2.64339
26,0.825253,0.397242,2.65198
26,0.775506,0.38809,2.71051
26,0.707113,0.351294,2.72456
26,0.686679,0.311581,2.82864
26,0.739788,0.288128,2.83623
26,0.703546,0.289331,2.83631
26,0.677493,0.290139,2.84142
26,0.679937,0.289934,2.85235
26,0.713176,0.256003,2.86196
26,0.763027,0.268901,2.86068
26,0.744736,0.260386,2.86272
26,0.758848,0.25432,2.86926
26,0.682238,0.253171,2.87161
26,0.756126,0.241492,2.87601
26,0.721934,0.223914,2.89106
26,0.658521,0.244319,2.89161
26,0.734539,0.220271,2.93244
26,0.638077,0.200995,2.93819
26,0.930544,0.162157,2.95029
26,0.980527,0.111223,3.01619
26,0.816407,0.129643,3.01876
26,0.562376,0.110761,3.05859
26,0.929057,0.0836605,3.07288
26,0.575493,0.11316,3.11936
26,0.700002,0.0304162,3.13268
26,0.597087,0.0598427,3.1885
26,0.670374,0.0326337,3.19787
26,-1.09105,0.0932493,3.25002
26,0.702999,-0.0469077,3.25779
26,0.711416,-0.0566307,3.27672
26,0.583382,-0.0707866,3.28796
26,-0.549018,-0.00670794,3.3396
26,0.134863,-0.244764,3.53423
26,0.640664,-0.337007,3.6351
26,0.487529,-0.894966,4.78827
26,-0.114514,-1.17056,4.94092
26,-0.118796,0.506779,2.5352
25,-0.118796,0.506779,2.5352
26,0.879153,0.236652,3.51552
25,0.879153,0.236652,3.51552
26,-0.177457,-0.18388,3.65625
25,-0.177457,-0.18388,3.65625
26,-0.156464,0.734164,2.08709
25,-0.156464,0.734164,2.08709
26,-0.676331,0.361399,2.81137
25,-0.676331,0.361399,2.81137
26,-0.39495,0.483947,2.6432
25,-0.39495,0.483947,2.6432
26,-0.463476,0.0451663,1.35927
25,-0.463476,0.0451663,1.35927
27,0.673544,1.07684,1.68379
27,0.153417,1.09162,1.70191
27,0.106378,1.07152,1.71422
27,0.194966,1.067,1.7455
27,-0.0715598,1.04229,1.77841
27,-0.0762592,1.05066,1.78353
27,0.671531,0.960961,1.83322
27,0.12663,0.971027,1.85398
27,-0.156617,0.996632,1.85499
27,-0.07642,0.986548,1.87124
27,0.132416,0.977269,1.87076
27,-0.074723,0.94027,1.8901
27,-0.0749595,0.9427,1.9129
27,-0.0528043,0.870256,2.00809
27,-0.0737416,0.874005,2.0738
27,-0.0914291,0.860897,2.08341
27,-0.0626533,0.82184,2.09601
27,0.0663526,0.819037,2.09792
27,-0.186627,0.790205,2.10155
27,0.0653952,0.806702,2.10215
27,-0.30646,0.792203,2.10601
27,0.0390747,0.80288,2.10731
27,-0.0794315,0.875769,2.11209
27,0.0532426,0.813012,2.12277
27,0.328428,0.795095,2.12944
27,0.0159215,0.771759,2.13445
27,-0.0281336,0.791953,2.13466
27,0.131453,0.795578,2.13729
27,-0.562313,0.790863,2.14818
27,0.0249615,0.770784,2.14726
27,-0.0787743,0.749124,2.15554
27,-0.079643,0.741671,2.16005
27,0.299521,0.737657,2.16171
27,0.0456252,0.75021,2.16492
27,-0.0728116,0.752765,2.16822
27,0.304075,0.737914,2.16675
27,0.67888,0.741629,2.19405
27,0.314548,0.736733,2.20498
27,0.236978,0.707413,2.24813
27,0.24619,0.685773,2.26038
27,0.223728,0.70021,2.26773
27,0.123885,0.661711,2.31943
27,0.0820399,0.63321,2.32187
27,0.138155,0.660778,2.32132
27,0.400512,0.599798,2.33537
27,0.115218,0.635255,2.34569
27,0.0865621,0.637799,2.35265
27,0.411817,0.599719,2.36708
27,0.121715,0.595759,2.39437
27,0.199924,0.565707,2.40675
27,0.237864,0.577663,2.4062
27,0.261861,0.561269,2.41348
27,0.252794,0.569454,2.41593
27,-0.0808022,0.625821,2.41956
27,0.86986,0.550149,2.42947
27,0.109848,0.562326,2.4529
27,0.130127,0.566292,2.45481
27,0.11217,0.567731,2.45837
27,0.0774669,0.564917,2.45975
27,0.0760657,0.570466,2.45959
27,-0.0413766,0.579284,2.46068
27,0.14822,0.540971,2.46623
27,0.232662,0.533451,2.4703
27,0.119579,0.540253,2.47727
27,0.0741343,0.543728,2.482
27,0.155535,0.528509,2.4846
27,0.0467731,0.545844,2.48644
27,-0.0363148,0.54298,2.49368
27,0.522018,0.501159,2.4926
27,0.471921,0.514146,2.49509
27,-0.0422536,0.548075,2.49755
27,0.92875,0.508753,2.49665
27,-0.168043,0.540041,2.5035
27,-0.0649943,0.536021,2.50458
27,0.200203,0.4977,2.50591
27,-0.0397607,0.506427,2.51265
27,0.233932,0.497576,2.51378
27,0.211561,0.509447,2.51337
27,-0.0719644,0.499563,2.51663
27,0.417977,0.506102,2.51366
27,0.0155868,0.505344,2.52099
27,-0.224437,0.529516,2.5218
27,-0.0598089,0.534212,2.52109
27,-0.160784,0.515445,2.52652
27,-0.197907,0.518224,2.5272
27,-0.0390915,0.5094,2.53884
27,0.744595,0.460665,2.53683
27,-0.192905,0.498929,2.5562
27,0.554566,0.429716,2.55712
27,0.947251,0.4682,2.55946
27,0.0746271,0.461132,2.58412
27,0.700789,0.437996,2.5827
27,0.804436,0.410548,2.5837
27,0.807209,0.409877,2.61192
27,-0.281216,0.465844,2.63705
27,-0.291974,0.456863,2.6403
27,0.678044,0.392663,2.68438
27,0.909699,0.327551,2.73748
27,-0.710113,0.40554,2.76052
27,0.842697,0.331764,2.75619
27,0.712014,0.316583,2.76914
27,0.738082,0.323125,2.76872
27,0.681338,0.309439,2.78658
27,0.724207,0.297454,2.79066
27,0.929583,0.326724,2.79008
27,0.840975,0.292672,2.80459
27,0.730973,0.221085,2.92452
27,0.659065,0.236336,2.93561
27,0.665951,0.211039,2.95245
27,0.608378,0.216316,2.96236
27,-0.588469,0.22475,2.98257
27,0.533234,0.187189,2.98522
27,0.676905,0.164359,2.99606
27,0.373381,0.14961,3.00676
27,0.757751,0.13365,3.02094
27,0.681076,0.127382,3.02976
27,0.647939,0.108988,3.04152
27,0.925126,0.0863854,3.0561
27,0.66259,0.103249,3.05793
27,0.696726,0.100391,3.06033
27,0.919118,0.0819459,3.07004
27,0.685434,0.112843,3.07608
27,0.66049,0.0992272,3.09276
27,0.584516,0.0423826,3.1535
27,0.682842,0.00763911,3.1706
27,0.683303,0.00431478,3.17411
27,0.422904,0.0334737,3.20466
27,0.621611,0.000855505,3.24546
27,0.615307,-0.0420677,3.29578
27,-0.361471,-0.0684327,3.31821
27,1.77385,-0.4739,3.49802
27,1.78863,-0.390044,3.50938
27,-0.0320541,-0.314992,3.65351
27,1.24219,-0.637119,3.67233
27,1.23772,-0.639528,3.71329
27,-0.0374593,0.512305,2.51896
26,-0.0374593,0.512305,2.51896
27,0.0724323,0.539601,2.50668
26,0.0724323,0.539601,2.50668
27,0.00571334,0.771658,2.20379
26,0.00571334,0.771658,2.20379
27,0.0257635,0.559207,2.53154
26,0.0257635,0.559207,2.53154
27,0.409145,0.0622569,3.08974
26,0.409145,0.0622569,3.08974
27,-0.244083,0.826924,2.04735
26,-0.244083,0.826924,2.04735
27,0.668045,0.169222,2.93178
26,0.668045,0.169222,2.93178
27,0.0689985,-0.248443,3.6034
26,0.0689985,-0.248443,3.6034
27,-0.573693,0.157334,3.14813
26,-0.573693,0.157334,3.14813
27,0.58123,-0.354421,3.83988
26,0.58123,-0.354421,3.83988
27,-0.612345,0.930011,1.98678
26,-0.612345,0.930011,1.98678
27,-0.637388,-0.00177948,3.30645
25,-0.637388,-0.00177948,3.30645
27,-0.583549,0.406925,2.80689
25,-0.583549,0.406925,2.80689
27,-0.535811,0.374647,2.58622
25,-0.535811,0.374647,2.58622
27,-1.50613,-0.559633,4.2603
25,-1.50613,-0.559633,4.2603
28,-0.131414,0.784922,2.08408
28,-0.000162393,0.766968,2.13319
28,0.0659309,0.766284,2.16598
28,0.282146,0.732358,2.23506
28,0.252093,0.723461,2.23079
28,0.272322,0.70376,2.23182
28,0.0971221,0.645904,2.34197
28,0.147617,0.614359,2.33944
28,0.150552,0.623418,2.35444
28,0.182802,0.622379,2.3659
28,-0.0712841,0.617167,2.34879
28,0.164968,0.525459,2.42336
28,-0.0443796,0.550444,2.42118
28,-0.0167965,0.549266,2.43182
28,-0.148092,0.550036,2.44938
28,-0.0276282,0.467595,2.48592
28,-0.038085,0.467486,2.48811
28,-0.0459373,0.46891,2.51328
28,-0.220735,0.495921,2.50374
28,0.901188,0.468666,2.64016
28,-0.268359,0.458337,2.50477
28,-0.27143,0.459024,2.51726
28,-0.235081,0.457986,2.52303
28,-0.385462,0.376745,2.61793
28,0.816934,0.326875,2.77126
28,0.80244,0.244711,2.86852
28,0.781765,0.199008,2.88823
28,0.585824,0.204904,2.91038
28,0.568673,0.167779,2.93398
28,0.679246,0.101384,3.00405
28,0.765401,0.0536057,3.03907
28,0.683935,0.00961399,3.05909
28,0.686307,-0.00666559,3.07166
28,0.784021,0.0332557,3.10401
28,-0.623781,-0.0654439,2.93011
28,-0.519885,-0.0097056,2.98425
28,0.67463,-0.0275415,3.12757
28,-0.477572,-0.0794794,3.06875
28,-0.38533,-0.127194,3.06851
28,-0.369481,-0.131119,3.0824
28,0.380999,-0.130209,3.18524
28,-0.424451,-0.103105,3.127
28,-0.296756,-0.128475,3.13426
28,-0.298914,-0.163501,3.13615
28,-0.259126,-0.104932,3.16352
28,0.426415,-0.169576,3.23723
28,-0.305678,-0.12584,3.16852
28,-0.26186,-0.149199,3.16716
28,0.393403,-0.155995,3.24941
28,-0.27014,-0.153671,3.2246
28,-0.264549,-0.15503,3.22778
28,-0.254148,-0.141232,3.23888
28,-0.273559,-0.159602,3.23089
28,-0.308114,-0.202663,3.22229
28,-0.188333,-0.15722,3.26085
28,-0.234963,-0.179171,3.25061
28,-0.228355,-0.176524,3.25505
28,-0.227502,-0.18108,3.25886
28,-0.170907,-0.200601,3.26806
28,-0.254309,-0.23254,3.24833
28,-0.131969,-0.193263,3.2796
28,-0.232512,-0.181383,3.27877
28,-0.172461,-0.252282,3.26603
28,-0.137302,-0.195916,3.28845
28,-0.0536791,-0.217595,3.29358
28,-0.103685,-0.22663,3.28721
28,-0.164236,-0.236433,3.28292
28,-1.03397,-0.101871,3.23047
28,-0.095181,-0.249969,3.29493
28,-0.127879,-0.201435,3.30746
28,-0.105197,-0.252443,3.30932
28,-0.0274679,-0.26846,3.32244
28,-0.0575755,-0.28725,3.31343
28,0.0124791,-0.240657,3.33699
28,0.00190383,-0.235889,3.34193
28,-0.0587616,-0.234521,3.33547
28,-0.0344461,-0.270947,3.33008
28,0.103088,-0.274567,3.34639
28,0.0419479,-0.264493,3.34621
28,-0.0232559,-0.237883,3.34771
28,0.037529,-0.263684,3.35032
28,0.0820705,-0.267229,3.35635
28,1.29077,-1.53159,3.09038
28,-0.0723449,-0.297952,3.33277
28,0.0974569,-0.306669,3.36598
28,0.101458,-0.30304,3.36827
28,-0.112725,-0.265138,3.35819
28,0.0356062,-0.319624,3.36357
28,0.192958,-0.298368,3.39075
28,0.104153,-0.303197,3.38007
28,0.113726,-0.316757,3.38166
28,0.0436105,-0.260927,3.41047
28,0.0943398,-0.330444,3.39401
28,0.0512305,-0.309209,3.39675
28,0.106796,-0.295543,3.40826
28,1.30694,-1.5698,3.15147
28,0.0968257,-0.335871,3.41064
28,0.0796127,-0.334428,3.41952
28,0.306237,-0.400417,3.54525
28,1.18787,-0.686657,3.57856
28,0.252619,-0.462339,3.5479
28,0.48033,-0.418596,3.59808
28,0.295623,-0.436019,3.57385
28,0.44919,-0.467807,3.60487
28,0.845792,-1.4457,3.35665
28,0.527728,-0.479355,3.64118
28,0.828464,-1.69849,3.29301
28,0.606176,-0.495648,3.65731
28,-0.0589238,-0.480375,3.58554
28,0.629641,-0.511159,3.66862
28,-0.89923,-1.78383,3.11542
28,0.83402,-1.38783,3.44291
28,-1.13253,-1.24871,3.27026
28,0.858335,-1.51259,3.42149
28,-1.01877,-1.71363,3.14408
28,0.841023,-1.76483,3.39795
28,-1.07139,-1.39452,3.29798
28,0.646747,-1.84789,3.39964
28,0.645716,-1.73907,3.43729
28,-1.0141,-1.27192,3.42244
28,-0.593686,-1.96193,3.3514
28,0.898032,-0.920422,3.86213
28,0.78517,-1.25019,3.78098
28,0.905897,-1.10384,3.84468
28,0.85399,-1.08797,3.84849
28,0.679819,-0.783646,3.93497
28,0.797724,-0.988066,3.88417
28,0.798244,-1.01224,3.87855
28,0.752475,-0.921095,3.94066
28,0.779152,-1.55683,3.75499
28,0.707094,-1.27727,3.86018
28,0.706814,-0.888742,3.98755
28,0.697632,-1.02675,3.96054
28,0.671933,-0.863935,4.02307
28,0.662305,-0.851915,4.02839
28,0.649794,-0.933513,4.02488
28,0.636088,-0.825327,4.05963
28,0.598734,-0.837835,4.05495
28,0.599183,-0.874199,4.04376
28,-0.613234,-2.14418,3.49812
28,0.76453,-0.998121,4.02537
28,0.599745,-0.899878,4.03969
28,0.600838,-0.878098,4.05975
28,-1.06561,-0.857116,3.89274
28,0.600242,-0.87744,4.09799
28,0.60062,-0.893238,4.09601
28,0.601552,-0.925857,4.0943
28,0.434052,-0.997732,4.40234
28,-0.191122,-2.31308,3.93381
28,-0.07944,-2.28405,3.99342
28,0.380334,-1.04379,4.47442
28,0.352686,-1.07227,4.5044
28,-0.204185,-2.41634,4.07762
28,-0.0989688,-2.36336,4.12819
28,-0.256553,-1.51717,4.63141
28,-0.271615,-1.49651,4.63796
28,-0.276455,-1.45482,4.74086
28,-0.297774,-1.55004,4.74381
28,-0.276192,-1.49004,4.80675
28,-0.423905,-1.47548,4.93224
28,-0.750735,-1.67932,5.56424
28,-0.763971,-2.03442,5.74912
28,-1.03121,-0.969207,3.93438
27,-1.03121,-0.969207,3.93438
28,0.799372,0.357017,2.64813
26,0.799372,0.357017,2.64813
28,0.594743,0.349289,2.14263
26,0.594743,0.349289,2.14263
28,-0.164623,-0.0989742,2.84765
25,-0.164623,-0.0989742,2.84765
28,-0.138896,-0.643656,3.14372
25,-0.138896,-0.643656,3.14372
28,-0.234491,-0.68304,3.23988
25,-0.234491,-0.68304,3.23988
28,-0.750338,-0.744562,2.63509
25,-0.750338,-0.744562,2.63509
28,0.383171,-0.0890801,3.0229
25,0.383171,-0.0890801,3.0229
28,-0.742639,-0.734192,2.60158
25,-0.742639,-0.734192,2.60158
29,-0.624427,0.0178882,3.03449
29,-0.607576,-0.0260696,3.04872
29,-0.413991,-0.0150942,3.14835
29,-0.604455,-0.0572171,3.18033
29,-0.618839,-0.131585,3.24851
29,-0.216001,-0.146787,3.31316
29,-0.0834269,-0.175992,3.35135
29,0.0213912,-0.159002,3.3995
29,-0.132793,-0.114639,3.41624
29,1.2399,-1.82553,2.56312
29,1.31573,-1.88029,2.54324
29,1.28641,-2.11792,2.41257
29,-0.0438434,-0.319645,3.36096
29,1.23258,-1.57994,2.75733
29,1.23288,-1.61244,2.73757
29,1.22232,-1.60057,2.7462
29,0.811521,-1.60389,2.79848
29,0.867475,-1.77574,2.97678
29,0.865449,-1.79285,2.99478
29,0.799273,-1.5997,3.26195
29,-0.644254,-1.71043,3.00603
29,-0.843236,-1.90861,2.85829
29,-0.824342,-1.80281,2.93781
29,-0.857204,-1.89558,2.87529
29,1.31921,-0.771966,3.89379
29,-0.843335,-1.66744,3.03367
29,-1.04955,-1.18018,3.30955
29,-0.866077,-1.81959,2.95388
29,-0.856538,-2.05592,2.81782
29,-1.03378,-1.67553,3.03325
29,0.643516,-1.66658,3.2826
29,-0.858774,-1.92874,2.90817
29,0.645181,-1.6812,3.28892
29,0.670885,-1.6848,3.29615
29,-0.865031,-1.69974,3.07049
29,-0.852037,-1.98146,2.89839
29,-1.01689,-2.11681,2.80017
29,-0.88589,-1.65092,3.12877
29,-0.944518,-1.69472,3.10024
29,-0.892727,-2.10638,2.8681
29,-0.896396,-1.66279,3.14785
29,0.646005,-1.71589,3.33428
29,-0.957237,-1.69908,3.16482
29,0.65115,-1.71523,3.38512
29,-1.02163,-1.61333,3.21621
29,0.66051,-1.70848,3.39492
29,-0.927596,-1.65049,3.20795
29,-0.94138,-1.60052,3.24733
29,-0.947413,-1.64269,3.22352
29,0.669673,-1.70094,3.4199
29,-0.953089,-1.28283,3.48223
29,0.656897,-1.74417,3.4221
29,0.57439,-1.28024,3.71269
29,0.677803,-1.73466,3.50003
29,0.458705,-1.32335,3.78891
29,-1.11833,-1.83665,3.25193
29,-1.05407,-0.920415,3.84605
29,0.554137,-1.49037,3.74628
29,0.380083,-1.4234,3.84777
29,0.336192,-1.26176,3.94543
29,0.499718,-1.21951,3.99834
29,-0.242464,-2.67639,2.98739
29,0.46565,-1.39141,3.90877
29,0.381988,-1.44645,3.88216
29,0.333405,-1.29757,3.99267
29,0.7387,-0.873664,4.32827
29,-0.219744,-2.68077,3.0653
29,-0.253203,-2.45735,3.22006
29,-1.02756,-0.870811,4.11057
29,-1.11118,-1.00967,4.01776
29,0.721914,-0.902434,4.34659
29,0.188149,-1.64011,3.81815
29,-0.227739,-2.65973,3.16154
29,0.224839,-1.51628,3.95097
29,-1.06732,-0.911514,4.15854
29,-0.231936,-2.63577,3.21953
29,-0.233168,-2.58942,3.25925
29,-0.27431,-2.83081,3.1062
29,-0.269911,-2.52397,3.2991
29,-0.634483,-2.34441,3.36112
29,-0.646173,-2.22721,3.44635
29,-0.619616,-2.23373,3.44866
29,0.269622,-1.83881,3.82817
29,-0.639794,-2.2295,3.45926
29,-0.64912,-2.37401,3.37429
29,-0.628742,-2.24624,3.4573
29,-0.60415,-2.49898,3.30841
29,-0.621537,-2.01419,3.61219
29,-0.625589,-2.03105,3.60372
29,-0.254407,-2.55245,3.33479
29,-0.159946,-1.98962,3.70041
29,-0.253757,-2.73442,3.2228
29,-0.623332,-2.03788,3.61325
29,-0.255378,-2.62912,3.30026
29,-0.228656,-2.69961,3.2613
29,0.192793,-1.72963,3.94013
29,-0.622345,-2.03696,3.63523
29,-0.223748,-2.65452,3.3235
29,-0.660344,-2.46817,3.37888
29,0.223023,-1.5864,4.06334
29,-0.662264,-2.40519,3.42713
29,-0.153096,-2.04674,3.72488
29,-0.15397,-2.03668,3.74214
29,-0.631896,-2.53924,3.36129
29,-0.666174,-2.27866,3.52434
29,-0.665804,-2.54329,3.36352
29,0.115052,-1.87849,3.90755
29,-0.645681,-2.58399,3.381
29,-0.170391,-2.08354,3.80585
29,-0.164306,-2.6248,3.51552
29,-0.11008,-3.06193,3.29599
29,-0.170202,-2.13686,3.86668
29,-0.0826958,-2.96921,3.35908
29,-0.112403,-2.86243,3.44267
29,-0.176291,-2.15399,3.87722
29,-0.163082,-2.14508,3.88811
29,-0.0867052,-2.89156,3.46931
29,-0.0575616,-3.11096,3.33726
29,-0.214631,-1.28459,4.50689
29,-0.118961,-2.80579,3.5752
29,-0.176089,-1.30028,4.54008
29,-0.17208,-2.96136,3.50362
29,-0.174941,-2.86475,3.59638
29,-0.0942258,-2.85114,3.61825
29,-0.151424,-1.47699,4.48889
29,-0.220971,-1.30924,4.5889
29,-0.201908,-1.3224,4.58911
29,-0.0753695,-3.27841,3.46703
29,-0.118466,-2.97963,3.75164
29,-0.0795849,-3.56075,3.50304
29,-0.0533893,-3.63055,3.56325
29,0.662028,-1.69419,3.44296
28,0.662028,-1.69419,3.44296
29,-0.910795,-1.05486,3.07182
25,-0.910795,-1.05486,3.07182
30,1.36032,-2.17128,2.6037
30,1.3294,-1.27758,3.25328
30,1.41019,-2.31789,2.51507
30,1.2798,-1.07994,3.40086
30,1.29264,-2.2831,2.60609
30,1.40435,-2.39666,2.5879
30,1.37732,-2.39953,2.59917
30,1.18334,-2.36282,2.81756
30,1.14157,-2.54968,2.72191
30,0.880137,-1.74886,3.25102
30,0.995511,-2.52386,2.73166
30,1.01811,-2.52888,2.74857
30,0.875324,-1.76257,3.28074
30,0.995157,-2.48079,2.80202
30,0.869827,-1.43159,3.55797
30,0.879299,-1.78483,3.30269
30,0.876361,-1.44285,3.58355
30,0.750337,-2.00912,3.21451
30,-0.629882,-1.70145,3.13472
30,0.758463,-2.03959,3.24829
30,0.757543,-2.02849,3.25828
30,0.731576,-2.60875,2.83121
30,-0.844115,-2.03171,2.89326
30,-0.876088,-1.61752,3.1895
30,0.798807,-2.61802,2.84786
30,-0.857747,-1.82605,3.04333
30,-0.797267,-2.03009,2.9084
30,-0.9341,-2.09127,2.83507
30,-0.85273,-1.93349,2.97538
30,-0.932558,-2.57308,2.4907
30,0.812674,-2.13508,3.21836
30,-0.994945,-2.06198,2.85079
30,0.669304,-1.62367,3.56222
30,0.670767,-1.6424,3.55078
30,0.661367,-1.65965,3.53604
30,0.82105,-2.24131,3.14849
30,-0.862022,-2.05296,2.89464
30,0.823936,-2.07647,3.27217
30,0.619181,-1.66891,3.52558
30,-0.861709,-2.547,2.54661
30,-1.00409,-1.43377,3.33757
30,0.807133,-2.65323,2.86941
30,0.852701,-2.2346,3.18969
30,0.913617,-2.63011,2.928
30,0.665646,-1.6485,3.61788
30,0.918101,-2.65794,2.95507
30,0.541028,-1.40055,3.84726
30,-0.692152,-1.81005,3.27209
30,-1.04558,-0.77666,4.01672
30,-1.06527,-0.741903,4.08701
30,-0.999038,-0.813383,4.21532
30,-0.757832,-2.14485,3.37527
30,-0.629879,-2.23072,3.40787
30,-0.62823,-1.91623,3.66356
30,-0.622888,-1.95394,3.63915
30,-0.639171,-1.99258,3.61347
30,-0.613279,-2.37879,3.33771
30,-0.596341,-2.38998,3.34201
30,-0.25992,-2.54943,3.40196
30,-0.0977465,-1.94645,3.88558
30,-0.266502,-2.78633,3.24376
30,-0.259262,-2.61804,3.37695
30,-0.267686,-2.50998,3.45478
30,-0.263939,-2.61421,3.38279
30,-0.275596,-2.71326,3.31364
30,-0.234888,-2.68072,3.3488
30,-0.294104,-2.76971,3.27357
30,-0.258132,-2.72974,3.31617
30,-0.0621901,-2.74927,3.38538
30,-0.10924,-1.97838,3.93917
30,-0.296066,-2.53899,3.49034
30,-0.231584,-2.71582,3.38175
30,-0.0857062,-2.76517,3.38665
30,-0.0896352,-2.66816,3.45779
30,-0.27537,-2.65177,3.43016
30,-0.24293,-2.5743,3.49784
30,-0.282113,-2.77461,3.35039
30,-0.0403427,-2.8651,3.3433
30,-0.0614285,-2.83458,3.36277
30,-0.285394,-2.76332,3.36355
30,-0.0692688,-2.77696,3.40544
30,-0.234638,-2.62724,3.47675
30,-0.0952843,-2.68758,3.46532
30,-0.0781077,-2.6802,3.48382
30,-0.104078,-2.59425,3.56717
30,-0.104423,-2.59246,3.56979
30,-0.204019,-2.53505,3.60196
30,-0.236234,-2.77279,3.44245
30,-0.1123,-2.02277,4.02049
30,-0.196698,-2.96226,3.33107
30,-0.210765,-2.55793,3.63453
30,-0.0990475,-2.67106,3.61424
30,-0.0751978,-2.66038,3.64604
30,-0.195204,-2.08758,4.05357
30,-0.241814,-2.56996,3.71432
30,-0.226235,-2.62022,3.6906
30,-0.219726,-2.56222,3.74888
30,-0.262298,-2.40534,3.87619
30,-0.333335,-3.2764,3.29967
30,-0.362905,-3.59417,3.3407
31,0.0775845,-0.220804,3.40912
31,0.112593,-0.224498,3.42403
31,1.27251,-1.94209,2.92827
31,1.26897,-1.94591,2.92658
31,1.29869,-2.30012,2.74553
31,1.27843,-1.7495,3.08786
31,1.28905,-1.73123,3.12944
31,0.863955,-1.4499,3.59844
31,0.813566,-1.85978,3.44305
31,0.813115,-1.83214,3.45799
31,-0.847418,-1.76921,3.18382
31,-0.860846,-1.60289,3.30238
31,-0.86458,-1.78507,3.20615
31,-0.892547,-2.05926,3.07107
31,-0.874172,-1.57807,3.35243
31,-1.05034,-1.23049,3.50526
31,0.677009,-1.66993,3.63348
31,0.631762,-1.73506,3.62497
31,0.610053,-1.62562,3.74843
31,0.670792,-0.795503,4.23488
31,0.674651,-0.815823,4.32066
31,0.755051,-0.750795,4.38045
31,0.264678,-1.70567,3.91496
31,-0.300444,-2.99655,3.48518
31,-0.304597,-2.83148,3.58079
31,-0.352072,-3.07979,3.55268
31,-0.204809,-2.01981,4.19908
31,-0.232098,-1.12926,4.7392
31,-0.163834,-1.1733,4.73837
31,-0.242294,-2.11968,4.26944
31,-0.0767742,-1.76461,3.78922
30,-0.0767742,-1.76461,3.78922
31,-0.550093,-1.72424,3.57609
30,-0.550093,-1.72424,3.57609
31,-1.04881,-1.04097,3.47599
30,-1.04881,-1.04097,3.47599
31,-1.02282,-1.08557,3.43635
29,-1.02282,-1.08557,3.43635
32,-0.291205,0.77162,2.06635
32,-0.244567,0.770157,2.07532
32,-0.155516,0.741064,2.09019
32,-0.105087,0.728332,2.09995
32,-0.16305,0.762114,2.10839
32,-0.107362,0.712353,2.11275
32,-0.0697899,0.733066,2.13629
32,0.0179411,0.782671,2.17702
32,-0.0219125,0.764955,2.16968
32,0.293391,0.69655,2.22847
32,-0.646929,0.753142,2.22912
32,0.740139,0.553686,2.39982
32,0.417528,0.508289,2.36361
32,0.100708,0.596672,2.36167
32,0.526944,0.426046,2.42519
32,0.101437,0.560023,2.38904
32,0.132699,0.555291,2.39654
32,-0.0802764,0.616875,2.37999
32,0.200402,0.586065,2.41595
32,-0.0176783,0.582633,2.38877
32,0.0769466,0.547749,2.39817
32,0.082378,0.544074,2.40147
32,0.129058,0.551208,2.40883
32,0.156311,0.522746,2.41626
32,-0.0463162,0.578207,2.4102
32,0.490065,0.429559,2.46013
32,-0.0470429,0.577006,2.41979
32,-0.00306106,0.551859,2.43294
32,-0.0500897,0.573367,2.43371
32,0.158036,0.514792,2.458
32,0.032805,0.548348,2.45027
32,-0.025346,0.528085,2.47232
32,0.0124796,0.517734,2.49032
32,0.0364619,0.50598,2.50216
32,-0.0089707,0.501251,2.51552
32,-0.0404328,0.494451,2.53674
32,-0.0757474,0.514472,2.53615
32,-0.0466518,0.49702,2.54089
32,-0.140111,0.497455,2.53851
32,0.75126,0.410102,2.6495
32,-0.12005,0.51368,2.55223
32,-0.630647,0.477123,2.48358
32,-0.57595,0.551249,2.50088
32,-0.620194,0.503267,2.49626
32,-0.217773,0.543362,2.55574
32,-0.178558,0.493875,2.56131
32,-0.119336,0.524835,2.57511
32,-0.170383,0.541993,2.57253
32,-0.615466,0.473242,2.50736
32,-0.135495,0.504146,2.57879
32,-0.0730808,0.503794,2.58781
32,-0.577041,0.533499,2.53479
32,-0.0601284,0.489695,2.5998
32,-0.260807,0.484967,2.57667
32,-0.247901,0.506606,2.59498
32,-0.299592,0.473186,2.58572
32,-0.27813,0.472217,2.58907
32,-0.289097,0.488611,2.59221
32,-0.305646,0.453577,2.58896
32,-0.253624,0.500242,2.61339
32,-0.244401,0.485959,2.61378
32,-0.394337,0.465396,2.59881
32,-0.201799,0.484334,2.62625
32,-0.0925315,0.486536,2.6412
32,-0.441483,0.460861,2.59898
32,-0.218149,0.49948,2.63372
32,-0.336057,0.447335,2.61521
32,-0.358742,0.441171,2.61431
32,-0.285727,0.452521,2.62892
32,-0.263984,0.451563,2.6332
32,-0.308287,0.446316,2.6273
32,-0.116077,0.496141,2.66129
32,-0.249603,0.465757,2.64195
32,-0.336771,0.453181,2.63206
32,-0.363564,0.444003,2.63285
32,-0.258456,0.498763,2.65471
32,-0.110012,0.489181,2.67351
32,-0.543897,0.49072,2.61786
32,-0.288657,0.454786,2.64744
32,-0.369576,0.449851,2.64098
32,-0.441152,0.444349,2.63225
32,-0.518515,0.493012,2.63029
32,-0.552069,0.44998,2.63484
32,-0.450033,0.4488,2.64796
32,-0.535769,0.463554,2.63964
32,-0.4127,0.470445,2.66112
32,-0.419584,0.436821,2.65702
32,-0.657178,0.394124,2.62501
32,-0.576617,0.390408,2.64781
32,-0.433658,0.418114,2.67361
32,-0.561382,0.424143,2.66199
32,-0.66691,0.383771,2.64575
32,0.929106,0.126512,2.82194
32,-0.383818,0.451781,2.70221
32,-0.392421,0.439853,2.7093
32,0.928526,0.125258,2.8387
32,0.456605,0.194234,2.7958
32,-0.563354,0.388096,2.69454
32,0.809949,0.272875,2.85686
32,0.846279,0.204389,2.85258
32,-0.568661,0.390204,2.70047
32,-0.623412,0.339615,2.68825
32,-0.524829,0.405396,2.77307
32,0.817003,0.105443,2.93428
32,-0.561734,0.369137,2.79259
32,-0.534626,0.387029,2.80748
32,-0.529804,0.374898,2.8073
32,-0.572005,0.363029,2.80138
32,-0.56385,0.355696,2.80487
32,-0.687893,0.285066,2.78488
32,-0.540304,0.36799,2.82525
32,-0.690624,0.291206,2.81078
32,-0.624081,0.313372,2.82394
32,-0.528527,0.366328,2.84675
32,-0.576334,0.311041,2.83361
32,-0.585022,0.29649,2.8709
32,-1.03859,-0.644509,2.69431
32,-0.664867,0.227565,2.87405
32,-0.56454,0.248784,2.89133
32,-0.666677,0.223292,2.87926
32,-0.573465,0.246211,2.90969
32,-0.610837,0.211701,2.90036
32,0.682844,0.129181,3.06196
32,-0.611207,0.203814,2.90922
32,0.433157,0.00172344,3.02845
32,0.480332,0.0344687,3.06835
32,0.458651,4.44949e-05,3.06485
32,0.439071,0.0181407,3.06979
32,0.422665,-0.0405443,3.06097
32,-0.605113,0.215708,2.97054
32,-0.566272,0.152088,3.01195
32,-0.580797,0.209728,3.03334
32,0.728246,0.0317949,3.1925
32,-0.576514,0.156054,3.04686
32,-0.594778,0.0373415,3.03281
32,0.643522,-0.0246145,3.21908
32,-0.595828,0.02947,3.06663
32,-0.0147791,-0.219779,3.12096
32,-0.564203,0.0945485,3.1208
32,-0.384601,-0.0149378,3.13693
32,-0.383019,-0.0134264,3.13918
32,0.690903,-0.0521865,3.27496
32,-0.616559,0.0368045,3.13558
32,-0.608844,0.00744984,3.15282
32,-0.610876,0.0142013,3.15351
32,-0.459905,0.0324059,3.19949
32,-0.314594,-0.00281319,3.21542
32,-0.34061,-0.0268049,3.21602
32,-0.275929,-0.0111286,3.23926
32,-0.266716,-0.0184078,3.24229
32,-0.311391,-0.0149364,3.25622
32,-0.291413,-0.0768864,3.2961
32,-0.293339,0.0176089,3.31269
32,-0.239399,-0.100751,3.30683
32,-0.555279,0.00520316,3.2862
32,0.0781985,-0.221271,3.33901
32,-0.239224,-0.101358,3.32375
32,-0.262048,-0.0774251,3.32656
32,-0.250401,-0.046174,3.34093
32,-0.279262,-0.0257244,3.34251
32,-0.557699,-0.0112316,3.3096
32,-0.59147,-0.0829991,3.29927
32,-0.296286,0.0152188,3.3518
32,-0.275108,-0.056006,3.34593
32,-0.555906,-0.00863165,3.32252
32,-0.273732,-0.087332,3.35614
32,-0.200988,-0.11779,3.36181
32,-0.304177,-0.0871583,3.36095
32,-0.159794,-0.1351,3.3731
32,-0.187375,-0.122149,3.372
32,0.0261921,-0.210814,3.38867
32,0.0463156,-0.193086,3.39932
32,-0.225065,-0.0428505,3.38539
32,-0.3031,-0.0825236,3.37022
32,-0.186962,-0.0840982,3.38564
32,0.0239334,-0.216062,3.39568
32,-0.186916,-0.0510776,3.39645
32,-0.196558,-0.0550368,3.39522
32,-0.232077,-0.0515097,3.3919
32,-0.188408,-0.0939745,3.39313
32,-0.223594,-0.0478353,3.39614
32,0.104492,-0.227613,3.41499
32,-0.601543,-0.0823918,3.34545
32,0.0483653,-0.184372,3.41867
32,-0.168089,-0.0675656,3.40721
32,-0.159966,-0.127323,3.40041
32,-0.138003,-0.098034,3.4085
32,-0.100112,-0.101319,3.41778
32,0.0166784,-0.176815,3.42673
32,-0.0919587,-0.152065,3.41711
32,-0.130516,-0.110602,3.41802
32,-0.555891,-0.0391546,3.37293
32,-0.546952,-0.051912,3.37556
32,-0.0519868,-0.135143,3.43155
32,0.0861166,-0.181578,3.4443
32,0.266205,-0.173294,3.46975
32,-0.100641,-0.0839912,3.43843
32,0.0500424,-0.117509,3.45731
32,0.0863786,-0.173312,3.45582
32,-0.201337,-0.0941923,3.43076
32,-0.120588,-0.117548,3.44083
32,-0.0139399,-0.179521,3.44753
32,-0.141037,-0.0736498,3.4459
32,-0.165228,-0.0728329,3.44521
32,-0.0239477,-0.175608,3.45016
32,-0.20064,-0.0472851,3.44508
32,0.0127613,-0.153526,3.45937
32,-0.130447,-0.110882,3.44729
32,-0.167223,-0.133214,3.43958
32,-0.0139103,-0.170791,3.45658
32,0.142546,-0.244272,3.46692
32,-0.0592492,-0.138952,3.45733
32,-0.0680149,-0.128607,3.45823
32,0.275822,-0.227169,3.49067
32,0.00658921,-0.152494,3.46682
32,0.0844903,-0.170344,3.47545
32,0.266211,-0.225946,3.49669
32,0.154984,-0.24114,3.48174
32,0.338677,-0.274628,3.51145
32,0.144388,-0.252565,3.49781
32,0.0939576,-0.181576,3.50917
32,0.0426635,-0.128668,3.52408
32,0.14483,-0.206137,3.5315
32,0.355824,-0.31318,3.55272
32,0.339828,-0.278536,3.55797
32,0.147923,-0.193245,3.56667
32,0.209164,-0.228528,3.57859
32,-0.0915811,-0.15254,3.56284
32,0.0954925,-0.142431,3.60674
32,0.918,-0.78737,3.90534
32,0.309334,-0.673862,3.97435
32,0.693331,-0.474433,4.30641
32,-1.05786,-0.841584,4.03584
32,0.698903,-0.789582,4.36095
32,-1.03545,-0.896329,4.14613
32,-1.05835,-0.877151,4.18776
32,-1.04581,-0.926402,4.18881
32,-1.05155,-0.888669,4.20747
32,-1.03211,-0.695577,4.25605
32,-0.961596,-0.74077,4.27461
32,-1.05166,-0.691263,4.34561
32,-0.135892,-1.05785,4.41398
32,-1.04167,-0.679487,4.35871
32,-1.04283,-0.686757,4.37406
32,-1.56064,-0.126846,5.13068
32,0.877599,0.0762986,3.15826
26,0.877599,0.0762986,3.15826
32,-0.240607,0.481234,2.36562
27,-0.240607,0.481234,2.36562
32,0.349219,-0.305083,3.68487
25,0.349219,-0.305083,3.68487
32,-0.605445,-0.0810679,3.33505
25,-0.605445,-0.0810679,3.33505
32,-0.561351,0.780062,2.11079
25,-0.561351,0.780062,2.11079
32,0.83832,0.423029,2.71443
25,0.83832,0.423029,2.71443
32,-0.229594,0.517081,2.53376
28,-0.229594,0.517081,2.53376
32,-1.30416,-0.280123,3.71857
28,-1.30416,-0.280123,3.71857
32,-0.998521,-1.06302,3.38555
29,-0.998521,-1.06302,3.38555
32,-1.00354,-0.257399,2.87673
29,-1.00354,-0.257399,2.87673
33,0.11207,1.04797,1.66969
33,-0.350019,1.14886,1.56223
33,0.205575,1.05362,1.71152
33,0.132459,1.02746,1.7212
33,-0.523054,1.09437,1.63642
33,-0.494641,1.08738,1.66022
33,-0.491038,1.08234,1.66442
33,-0.520027,1.09449,1.68277
33,-0.073551,0.954045,1.82639
33,-0.760537,1.07575,1.69986
33,-0.41713,0.91998,1.91606
33,-0.0849638,0.860317,2.00037
33,-0.0864308,0.859513,2.00127
33,-0.447429,0.911068,1.91956
33,-0.445342,0.907547,1.92577
33,-0.0480203,0.833802,2.02303
33,-0.0721258,0.855684,2.02309
33,0.0484739,0.802833,2.05567
33,-0.430708,0.929797,1.93968
33,0.069755,0.801057,2.06478
33,0.0727343,0.797675,2.06948
33,-0.054379,0.811473,2.05201
33,0.00537705,0.801903,2.06685
33,-0.430516,0.93213,1.95996
33,-0.659717,0.928696,1.9093
33,-0.11264,0.84911,2.04673
33,-0.652261,0.930295,1.91879
33,-0.385081,0.847201,1.99407
33,-0.188253,0.832175,2.04537
33,-0.185041,0.829389,2.04704
33,-0.584215,0.877219,1.95429
33,-0.145093,0.799799,2.06153
33,-0.466161,0.873922,1.98345
33,-0.385269,0.840469,2.0079
33,-0.0541397,0.815037,2.08704
33,-0.144952,0.801682,2.06741
33,-0.132816,0.824538,2.06881
33,-0.622476,0.909857,1.95214
33,-0.129619,0.81781,2.07147
33,-0.626859,0.91158,1.95715
33,-0.158757,0.733619,2.07714
33,-0.1503,0.804927,2.07444
33,-0.474055,0.871382,1.99601
33,0.0150168,0.761517,2.1211
33,-0.0127856,0.817164,2.11088
33,-0.208009,0.78528,2.06941
33,-0.175523,0.79444,2.07753
33,-0.498698,0.848625,2.00322
33,-0.158178,0.761927,2.08979
33,-0.35978,0.827046,2.04017
33,-0.140426,0.785111,2.09427
33,-0.358748,0.823405,2.04182
33,-0.492066,0.840118,2.01107
33,-0.497975,0.8551,2.00873
33,-0.457567,0.835696,2.0211
33,-0.390954,0.790571,2.03969
33,-0.271409,0.804164,2.06624
33,-0.477355,0.853091,2.01624
33,-0.267862,0.826831,2.0661
33,-0.278683,0.841101,2.06295
33,-0.078578,0.733222,2.1166
33,-0.249863,0.825239,2.07359
33,-0.277995,0.84296,2.06659
33,-0.603341,0.844687,1.99222
33,-0.162112,0.776413,2.10024
33,0.0560799,0.808238,2.14788
33,-0.278129,0.81001,2.073
33,-0.132088,0.766631,2.10971
33,-0.358739,0.778823,2.05762
33,-0.453542,0.807042,2.03433
33,-0.137245,0.733911,2.11357
33,-0.218041,0.790316,2.09109
33,-0.506202,0.856224,2.02193
33,-0.276461,0.81337,2.079
33,-0.224975,0.791788,2.09347
33,-0.45041,0.79084,2.043
33,-0.252492,0.826555,2.0862
33,-0.0898402,0.710808,2.13194
33,-0.486764,0.810471,2.0347
33,-0.394393,0.797253,2.05955
33,-0.277778,0.786018,2.08783
33,-0.291635,0.78152,2.08744
33,-0.334761,0.793261,2.07705
33,-0.560031,0.814623,2.0249
33,0.0466745,0.745099,2.16939
33,-0.309511,0.797255,2.0857
33,-0.402334,0.853377,2.06073
33,-0.275657,0.784159,2.09512
33,-0.376037,0.77929,2.07335
33,-0.316126,0.798289,2.08568
33,-0.306154,0.777526,2.08987
33,-0.567827,0.823781,2.02706
33,-0.105919,0.713878,2.14121
33,-0.321287,0.79847,2.09015
33,-0.139013,0.745397,2.13742
33,-0.301041,0.780602,2.09813
33,-0.380533,0.761283,2.08179
33,-0.361995,0.788151,2.08536
33,-0.333832,0.792772,2.09301
33,-0.489716,0.825306,2.05649
33,-0.509914,0.796269,2.05672
33,-0.559993,0.820689,2.04402
33,-0.449966,0.790623,2.07308
33,-0.496559,0.791224,2.06264
33,-0.457445,0.793512,2.07589
33,-0.496532,0.798668,2.06991
33,-0.821746,0.82421,2.00138
33,-0.524575,0.819202,2.07141
33,-0.902536,0.834273,1.98504
33,-0.600459,0.785529,2.12127
33,0.142933,0.656048,2.30147
33,0.119567,0.63274,2.31146
33,-0.565849,0.770372,2.14563
33,-0.729229,0.741442,2.11176
33,0.092091,0.629586,2.31029
33,-0.718149,0.800122,2.11301
33,0.128421,0.622142,2.3307
33,-0.653929,0.766133,2.144
33,-0.799801,0.763813,2.11313
33,-0.704221,0.762409,2.13524
33,-0.793328,0.765522,2.11522
33,0.0898535,0.627334,2.32782
33,-0.62727,0.72478,2.17297
33,-0.567287,0.738079,2.18838
33,-0.682143,0.712055,2.17186
33,-0.629152,0.735099,2.19213
33,-0.575888,0.74445,2.20458
33,-0.761048,0.748179,2.16329
33,-0.685905,0.732305,2.18213
33,-0.601725,0.683265,2.207
33,-0.688222,0.724389,2.1856
33,-0.659285,0.704278,2.19831
33,-0.663899,0.688296,2.20543
33,0.138708,0.554514,2.39857
33,0.108946,0.558852,2.40439
33,-0.0755072,0.601772,2.36161
33,0.104342,0.563203,2.40884
33,0.120098,0.537513,2.42138
33,-0.718993,0.650869,2.22856
33,-0.607474,0.658796,2.26565
33,0.107366,0.558843,2.43969
33,0.0792774,0.562454,2.4372
33,0.117494,0.529251,2.46039
33,0.153664,0.532331,2.47001
33,-0.728291,0.648341,2.26214
33,0.0740885,0.527444,2.45816
33,0.0264281,0.547945,2.4474
33,0.0466505,0.538223,2.45405
33,-0.74035,0.643107,2.26708
33,-0.744058,0.651398,2.2695
33,0.163325,0.512224,2.48932
33,0.016101,0.527439,2.45501
33,-0.616532,0.628689,2.30449
33,0.00173402,0.529283,2.45466
33,-0.0699362,0.525166,2.44435
33,-0.13136,0.535847,2.43642
33,-0.571685,0.62405,2.32945
33,-0.0797182,0.524772,2.45188
33,-0.0582845,0.522214,2.45722
33,-0.0990473,0.513726,2.4543
33,-0.145946,0.534914,2.44472
33,-0.159574,0.534666,2.4426
33,-0.684595,0.645583,2.31825
33,-0.0335558,0.497274,2.47919
33,-0.682684,0.638261,2.32106
33,-0.611728,0.630025,2.34301
33,-0.0328613,0.521879,2.48605
33,-0.62096,0.629664,2.34761
33,-0.0193628,0.512481,2.49479
33,-0.143535,0.510889,2.47088
33,-0.590401,0.59085,2.38522
33,-0.562028,0.551676,2.39733
33,-0.191674,0.504997,2.49652
33,-0.158036,0.50283,2.50552
33,-0.646447,0.580163,2.4045
33,-0.665608,0.57322,2.40125
33,-0.154936,0.475056,2.52708
33,-0.149106,0.474489,2.54234
33,-0.638991,0.55188,2.43022
33,-0.160439,0.460375,2.55684
33,-0.300504,0.485298,2.52672
33,-0.658955,0.559835,2.44283
33,-0.580375,0.564062,2.46461
33,-0.651309,0.516066,2.45433
33,-0.63529,0.483792,2.46493
33,-0.660944,0.526678,2.45707
33,-0.31442,0.486805,2.54753
33,-0.33302,0.473239,2.55194
33,-0.661504,0.519628,2.47849
33,-0.356809,0.476089,2.5513
33,-0.579348,0.537237,2.49739
33,-0.36796,0.482198,2.55386
33,-0.586314,0.511534,2.50277
33,-0.324448,0.440351,2.57076
33,-0.328057,0.439166,2.57193
33,-0.362348,0.452825,2.56461
33,-0.59166,0.509016,2.51385
33,-0.344774,0.418661,2.57825
33,-0.374223,0.438126,2.57398
33,-0.579985,0.486778,2.52739
33,-0.649408,0.476648,2.51407
33,-0.413107,0.450712,2.57098
33,-0.396387,0.416305,2.58862
33,-0.624902,0.475931,2.53277
33,-0.550772,0.466897,2.56323
33,-0.586838,0.489036,2.55689
33,-0.529771,0.464269,2.57756
33,-0.469424,0.440759,2.59347
33,-0.679655,0.437564,2.54744
33,-0.420559,0.418074,2.61051
33,-0.449534,0.456854,2.60387
33,-0.451895,0.462962,2.60842
33,-0.656188,0.434407,2.56495
33,-0.41817,0.415187,2.62444
33,-0.530475,0.472259,2.60246
33,-0.44552,0.425797,2.62889
33,-0.631998,0.454626,2.59109
33,-0.472989,0.415774,2.63063
33,-0.449411,0.420842,2.63682
33,-0.508976,0.449665,2.62721
33,-0.508554,0.43951,2.63687
33,-0.496396,0.409479,2.65344
33,-0.546876,0.423827,2.64207
33,-0.446116,0.417927,2.67368
33,-0.669162,0.422126,2.62425
33,-0.539718,0.414263,2.65638
33,-0.672042,0.408018,2.63473
33,-0.546861,0.392917,2.66723
33,-0.634639,0.408322,2.65024
33,-0.522888,0.394708,2.68303
33,-0.556997,0.390257,2.67789
33,-0.679006,0.404833,2.64987
33,-0.551248,0.39476,2.6846
33,-0.608436,0.396014,2.67583
33,-0.662664,0.383251,2.66994
33,-0.64412,0.391502,2.67511
33,-0.670444,0.386036,2.672
33,-0.598477,0.36715,2.69092
33,-0.688218,0.36766,2.67077
33,-0.549699,0.336189,2.72622
33,-0.689809,0.361349,2.69604
33,-0.576478,0.330586,2.72423
33,-0.62418,0.353408,2.71306
33,-0.648301,0.35107,2.70892
33,-0.654255,0.343329,2.71141
33,-0.701445,0.293243,2.70777
33,-0.7215,0.276375,2.70788
33,-0.661845,0.3486,2.71717
33,-0.500958,0.357784,2.75404
33,-0.700169,0.294215,2.71554
33,-0.688071,0.268212,2.76988
33,-0.605179,0.281587,2.84435
33,-0.614376,0.273481,2.8684
33,-0.566527,0.245469,2.88778
33,-0.651178,0.245985,2.8949
33,-0.630039,0.232841,2.91647
33,-0.568789,0.207252,2.93603
33,-0.550499,0.206146,2.94276
33,-0.641707,0.19358,2.93574
33,-0.544868,0.15622,2.99194
33,-0.567661,0.117025,3.0267
33,-0.568562,0.120741,3.02647
33,-1.14785,0.150503,2.91583
33,-0.505143,0.105523,3.07394
33,-1.15032,0.147384,2.94066
33,-1.0705,0.0490023,3.00092
33,-1.08803,0.0467959,3.00284
33,-0.946155,0.127561,3.05909
33,-1.02572,0.0652025,3.05212
33,-1.09433,0.0399174,3.04862
33,-0.336876,-0.0368865,3.25103
33,-1.00729,-0.00118577,3.1042
33,-0.887591,0.0563951,3.12772
33,-1.04074,0.089731,3.09414
33,-1.03384,0.0811,3.10241
33,-1.05006,0.0598064,3.10112
33,-0.575764,-0.0115284,3.21521
33,-0.360994,-0.0824617,3.28037
33,-0.623159,-0.0260487,3.21942
33,-0.890331,0.0623399,3.15392
33,-0.916234,0.0599059,3.1794
33,-0.543428,-0.0220813,3.28119
33,-0.627632,-0.024432,3.26327
33,-1.03223,-0.0010725,3.17261
33,-0.583334,-0.0318041,3.28677
33,-0.930394,0.0633776,3.21238
33,-0.158638,0.501026,2.49231
26,-0.158638,0.501026,2.49231
33,-0.122417,0.732763,1.74369
26,-0.122417,0.732763,1.74369
33,-0.2642,0.0209254,2.65877
26,-0.2642,0.0209254,2.65877
33,-0.688098,0.234003,2.91274
26,-0.688098,0.234003,2.91274
33,0.0834869,0.54598,2.37004
32,0.0834869,0.54598,2.37004
33,-0.196352,0.340106,1.23253
32,-0.196352,0.340106,1.23253
33,-0.482705,0.116547,2.91902
25,-0.482705,0.116547,2.91902
33,-0.50554,0.355317,2.47449
25,-0.50554,0.355317,2.47449
33,-0.535752,0.0706944,3.10338
25,-0.535752,0.0706944,3.10338
33,0.74053,-0.668794,4.11777
25,0.74053,-0.668794,4.11777
34,0.113692,1.05742,1.66874
34,0.101384,1.0493,1.68407
34,-0.356315,1.16392,1.55217
34,-0.0665305,1.0417,1.73882
34,-0.824507,1.1868,1.46186
34,-0.150899,0.975884,1.78462
34,-0.828162,1.09821,1.55565
34,-0.790126,1.10394,1.67944
34,-0.777069,1.05825,1.7278
34,-0.783338,1.06872,1.72451
34,-0.745029,1.05173,1.74124
34,-0.109194,0.839833,2.00381
34,-0.76566,1.08145,1.74702
34,-0.724631,1.00254,1.77184
34,-0.825418,1.02961,1.74504
34,-0.700073,0.985273,1.79875
34,-0.732224,1.00255,1.79115
34,-0.736028,1.01389,1.79449
34,-0.741852,1.00863,1.79398
34,-0.714875,0.982465,1.81166
34,-0.807044,0.997267,1.77998
34,-0.715792,0.993246,1.82278
34,-0.209023,0.829334,2.02553
34,-0.0536947,0.760967,2.09013
34,-0.71185,0.957096,1.83203
34,-0.377344,0.875387,1.9647
34,-0.161992,0.817938,2.05294
34,-0.158391,0.818474,2.05474
34,-0.15231,0.810107,2.06183
34,-0.758178,0.947014,1.83164
34,-0.131661,0.770673,2.0776
34,-0.695513,0.945356,1.85605
34,-0.758715,0.941877,1.8345
34,-0.699167,0.963969,1.85357
34,-0.720676,0.968692,1.84615
34,-0.289207,0.833678,2.01746
34,-0.162878,0.819011,2.06529
34,-0.0150671,0.769383,2.12506
34,-0.659981,0.922254,1.88007
34,-0.382744,0.841605,1.98943
34,-0.481566,0.875676,1.95057
34,-0.363958,0.844452,1.99733
34,-0.216643,0.839729,2.05166
34,-0.644297,0.919548,1.88967
34,-0.276604,0.83623,2.03391
34,-0.354006,0.830436,2.01074
34,-0.330015,0.846115,2.023
34,-0.385859,0.841334,2.00393
34,-0.35391,0.824865,2.01836
34,-0.461128,0.874165,1.97401
34,-0.203365,0.838707,2.07154
34,-0.203966,0.773438,2.08037
34,-0.766174,0.951181,1.85738
34,-0.387316,0.819174,2.01041
34,-0.14322,0.767438,2.10454
34,-0.241629,0.775208,2.06961
34,-0.599162,0.907471,1.92643
34,-0.186601,0.773469,2.09384
34,-0.620364,0.922323,1.92527
34,-0.595657,0.885334,1.94059
34,-0.471456,0.852365,1.98954
34,-0.681157,0.873769,1.9136
34,-0.482764,0.887241,1.98347
34,-0.673709,0.890978,1.91611
34,-0.654408,0.937815,1.91741
34,-0.603328,0.912085,1.94091
34,-0.592531,0.893769,1.9474
34,-0.473513,0.852447,1.99521
34,-0.585692,0.884304,1.9512
34,-0.385994,0.795082,2.03419
34,-0.285135,0.846496,2.06628
34,-0.138461,0.74962,2.13097
34,-0.536728,0.86148,1.97798
34,-0.116892,0.718337,2.14791
34,-0.368926,0.791232,2.049
34,-0.45616,0.84214,2.01216
34,-0.821694,0.905687,1.874
34,-0.364482,0.794845,2.05228
34,-0.521984,0.856443,1.98909
34,-0.370598,0.793384,2.05147
34,-0.317874,0.77557,2.07338
34,-0.390529,0.791066,2.04606
34,-0.316254,0.801198,2.073
34,-0.394073,0.843785,2.04054
34,-0.592561,0.90029,1.96495
34,-0.567935,0.867365,1.97913
34,-0.558807,0.858327,1.98378
34,-0.563379,0.819288,1.99204
34,-0.595701,0.858084,1.97775
34,-0.563873,0.867564,1.98852
34,-0.798919,0.909589,1.90034
34,-0.56589,0.82791,1.99648
34,-0.815282,0.91452,1.89716
34,-0.695112,0.882143,1.94535
34,-0.822001,0.909226,1.89771
34,-0.625016,0.859674,1.98055
34,-0.603002,0.853839,1.99257
34,-0.811469,0.910312,1.91626
34,-0.74307,0.868582,1.95144
34,-0.574144,0.828637,2.01698
34,-0.481455,0.806001,2.06195
34,-0.556796,0.820508,2.04329
34,-0.480877,0.811359,2.07186
34,-0.53378,0.808829,2.05401
34,-0.647724,0.833794,2.01651
34,-0.498431,0.802182,2.07439
34,-0.752991,0.873282,1.97975
34,-0.648815,0.827813,2.02294
34,-0.591434,0.809058,2.04907
34,-0.504154,0.763953,2.09396
34,-0.855996,0.838766,1.96023
34,-0.477704,0.779484,2.1068
34,-0.487773,0.780157,2.11495
34,-0.823243,0.871686,1.9839
34,-0.648623,0.803136,2.05572
34,-0.493668,0.771519,2.11632
34,-0.592863,0.791703,2.08076
34,-0.779738,0.795579,2.01467
34,-0.775116,0.841592,2.01147
34,-0.826422,0.878273,1.98868
34,-0.885958,0.865647,1.97067
34,-0.909253,0.838014,1.96605
34,-0.797059,0.836655,2.00664
34,-0.653195,0.808207,2.06511
34,-0.827149,0.87041,1.99892
34,-0.699485,0.786841,2.06298
34,-0.848796,0.851022,2.00173
34,-0.831637,0.830812,2.01553
34,-0.957592,0.852492,1.96869
34,-0.634397,0.767638,2.09498
34,-0.805607,0.84299,2.02538
34,-0.575907,0.781925,2.11536
34,-0.600356,0.790641,2.10645
34,-0.892859,0.874221,1.99348
34,-0.777516,0.804512,2.04445
34,-0.861567,0.829781,2.01692
34,-0.929223,0.84621,1.99765
34,-0.641864,0.775212,2.10924
34,-0.645288,0.767735,2.11365
34,-0.789375,0.815737,2.05738
34,-0.556259,0.739309,2.15544
34,-0.613885,0.759018,2.13514
34,-0.797315,0.766357,2.07196
34,-0.557944,0.75663,2.159
34,-0.594784,0.716478,2.15138
34,-1.00832,0.852443,1.98855
34,-0.679563,0.745127,2.12028
34,-0.596588,0.724267,2.15555
34,-0.620171,0.729302,2.14689
34,-0.743791,0.764347,2.09942
34,-0.76156,0.759438,2.09427
34,-0.625239,0.734072,2.14709
34,-0.0738539,0.596274,2.36387
34,-0.594987,0.715279,2.16297
34,-0.693004,0.77014,2.1234
34,-0.560336,0.717334,2.17922
34,-0.685694,0.753708,2.14503
34,-0.605668,0.731264,2.179
34,-0.749718,0.769334,2.12459
34,-0.598167,0.691724,2.19091
34,-0.635345,0.73062,2.17388
34,-0.684944,0.693084,2.17076
34,-0.682281,0.7267,2.16985
34,-0.701466,0.738363,2.16413
34,-1.05991,0.878218,2.0208
34,-1.22106,0.950095,1.96095
34,-0.611126,0.690118,2.21188
34,-0.0381169,0.56971,2.43487
34,-0.694634,0.700716,2.18619
34,-0.040119,0.524488,2.44392
34,-0.670216,0.688195,2.19861
34,-0.682325,0.669378,2.21863
34,-0.136512,0.536084,2.43245
34,-0.0599926,0.503999,2.47319
34,-0.585854,0.649656,2.27217
34,-0.108405,0.511817,2.45998
34,-0.149446,0.534403,2.44531
34,-0.61983,0.62079,2.27753
34,-0.0473453,0.515357,2.50258
34,-0.764223,0.632756,2.23639
34,0.0554786,0.446259,2.56214
34,-0.167943,0.533653,2.47991
34,-0.570882,0.617656,2.32622
34,-0.626294,0.623122,2.30605
34,-0.623909,0.638747,2.30867
34,-0.731687,0.651957,2.26962
34,-0.608332,0.636719,2.31892
34,-0.211555,0.518643,2.48289
34,-0.663596,0.630407,2.31743
34,-0.70574,0.62068,2.30463
34,-0.250677,0.511981,2.48505
34,-0.647075,0.617764,2.33282
34,-0.581913,0.594562,2.35922
34,-0.204011,0.501935,2.5103
34,-0.657539,0.59208,2.34646
34,-0.637079,0.617604,2.35107
34,-0.592024,0.59239,2.37333
34,-0.565634,0.572638,2.38578
34,-0.655356,0.613823,2.35315
34,-0.56635,0.587142,2.39262
34,-0.60478,0.571643,2.38327
34,-0.597693,0.585984,2.3862
34,-0.577327,0.581722,2.39736
34,-0.261322,0.445531,2.53574
34,-0.667604,0.59313,2.37457
34,-0.566381,0.533163,2.42432
34,-0.271195,0.501138,2.53551
34,-0.644841,0.580513,2.39792
34,-0.294977,0.452532,2.54045
34,-0.619561,0.567208,2.4144
34,-0.567167,0.540086,2.44246
34,-0.315239,0.462462,2.55398
34,-0.637765,0.547044,2.43034
34,-0.654502,0.542521,2.42662
34,-0.32454,0.431948,2.56757
34,-0.561813,0.506521,2.48418
34,-0.631912,0.513153,2.46767
34,-0.351724,0.430625,2.5881
34,-0.557189,0.472163,2.53015
34,-0.640756,0.481617,2.50025
34,-0.433291,0.457278,2.58504
34,-0.60536,0.46512,2.54191
34,-0.491566,0.449284,2.58551
34,-0.6503,0.482966,2.52499
34,-0.570749,0.475819,2.56786
34,-0.674198,0.447174,2.54214
34,-0.576561,0.449875,2.5806
34,-0.451939,0.423932,2.63394
34,-0.665399,0.434174,2.57176
34,-0.632971,0.426661,2.59929
34,-0.546062,0.393858,2.63751
34,-0.665751,0.424797,2.59436
34,-0.554312,0.391413,2.6481
34,-0.555547,0.368041,2.65653
34,-0.670708,0.39165,2.62721
34,-0.637345,0.383767,2.65433
34,-0.584815,0.370873,2.67486
34,-0.693834,0.283901,2.66179
34,-0.511014,0.354529,2.7386
34,-0.676133,0.382268,2.67646
34,-0.631634,0.327729,2.71746
34,-0.54148,0.296353,2.75792
34,-0.609928,0.317703,2.75789
34,-1.08844,0.450844,2.57408
34,-0.628054,0.32094,2.75913
34,-0.684616,0.275567,2.75532
34,-0.742332,0.325653,2.73765
34,-1.11327,0.441506,2.59144
34,-0.569354,0.25908,2.83872
34,-1.13351,0.446718,2.63432
34,-1.15243,0.430031,2.62984
34,-1.13996,0.448284,2.64203
34,-0.560263,0.20343,2.888
34,-1.34327,0.351095,2.61864
34,-1.28208,0.337813,2.6448
34,-1.36321,0.348612,2.63711
34,-1.29468,0.33373,2.66643
34,-0.998598,-0.278618,2.86132
34,-1.43664,0.440577,2.61707
34,-1.36492,0.444271,2.64384
34,-1.74016,0.453732,2.51012
34,-1.3769,0.378312,2.652
34,-1.31424,0.331417,2.68798
34,-1.39533,0.403297,2.65942
34,-1.44067,0.444713,2.64023
34,-1.3363,0.331079,2.71214
34,-1.37856,0.344895,2.71364
34,-1.35119,0.323454,2.74112
34,-0.990555,-0.180427,2.97074
34,-0.627672,0.0496663,3.18773
34,-0.416513,-0.00176391,3.31464
34,-1.20167,0.138285,3.02914
34,-1.21002,0.126935,3.05699
34,-0.393428,-0.0509018,3.39976
34,-1.03155,-0.659816,4.07877
34,-0.0162072,0.817943,2.11679
26,-0.0162072,0.817943,2.11679
34,-0.459996,0.370401,2.50244
27,-0.459996,0.370401,2.50244
34,-0.568514,0.387059,2.69006
32,-0.568514,0.387059,2.69006
34,-0.707703,0.289482,2.85502
25,-0.707703,0.289482,2.85502
34,-0.106547,-0.212695,3.50034
25,-0.106547,-0.212695,3.50034
34,-0.390259,-0.0242798,3.1271
28,-0.390259,-0.0242798,3.1271
35,0.193583,-0.135769,3.21805
35,-0.219674,-0.207901,3.24413
35,0.0592695,-0.0278025,3.12079
35,0.19638,-0.130118,3.21769
35,0.2814,0.105709,2.95625
35,0.0835254,0.510385,2.44004
35,0.0760123,0.511598,2.44584
35,0.414044,0.449171,2.48444
35,0.426458,0.430293,2.51141
35,0.399856,0.427251,2.49366
35,0.340475,0.452921,2.46224
35,0.357928,0.431956,2.47556
35,0.481274,0.388683,2.55012
35,0.485121,0.367475,2.5705
35,0.682887,0.259459,2.71219
35,0.66457,0.258985,2.70724
35,0.669449,0.235091,2.72712
35,0.64475,0.291884,2.69575
35,0.628331,0.266632,2.69824
35,0.685428,-0.22888,3.2037
35,0.684392,-0.248705,3.19885
35,-0.0702363,0.509624,2.4364
35,-0.108741,0.502384,2.43855
35,0.0674226,-0.0261445,3.11862
35,0.0382649,-0.0660646,3.14666
35,-0.183914,0.431837,2.52043
35,-0.00112181,0.488566,2.4856
35,-0.0480238,0.471715,2.47941
35,-0.0894987,0.404326,2.54737
35,-0.0985983,0.376274,2.57526
35,-0.119014,0.466376,2.49266
35,-0.135907,0.446661,2.5144
35,-0.167117,0.445324,2.50688
35,0.791567,-0.253968,3.26654
35,0.724845,-0.221564,3.24449
35,0.768982,-0.20195,3.25812
35,0.725668,-0.191092,3.24817
35,0.220548,-0.127735,3.20036
35,0.179593,-0.137373,3.18983
35,0.0979089,0.512823,2.41529
35,0.406181,0.517485,2.43725
35,0.683472,0.202303,2.74893
35,0.710198,0.156177,2.85642
35,0.680756,0.284223,2.70372
35,0.646174,0.339168,2.66655
35,0.605823,0.314822,2.67399
35,0.283503,0.122574,2.91399
35,0.275563,0.104673,2.92725
35,0.136792,-0.0657352,3.13097
35,0.127575,-0.0859195,3.14711
35,0.22577,0.472096,2.48142
35,0.185237,0.468521,2.46262
35,0.496252,0.403866,2.54447
35,0.5004,0.424646,2.52492
35,0.546649,0.397488,2.55504
35,0.522101,0.370714,2.59316
35,0.426418,0.484595,2.4654
35,0.46408,0.452128,2.5008
35,0.331259,0.481861,2.45149
35,0.371501,0.452887,2.46206
35,0.555479,0.343482,2.63515
35,0.517888,0.348855,2.61316
35,0.559801,0.321035,2.65565
35,0.37048,0.398028,2.50769
35,0.298722,0.0688375,2.97404
35,0.676106,0.316148,2.68525
35,0.66027,0.217703,2.72472
35,0.708603,0.0759153,2.88661
35,0.299556,0.488311,2.44508
35,0.282362,0.515903,2.4298
35,0.238351,0.496997,2.4499
35,0.0218659,0.515416,2.42751
35,-0.0243587,0.49863,2.45795
35,0.566888,-0.221566,3.40157
35,-0.215498,-0.210562,3.23263
35,-0.248557,-0.16121,3.26524
35,0.640602,0.361248,2.64356
35,0.644943,0.333487,2.66147
35,0.67109,0.285695,2.68551
35,0.663229,0.256101,2.69485
35,-0.592347,-0.739568,3.91861
35,-0.610509,-0.713816,3.94014
35,-0.189874,0.429351,2.51517
35,-0.240278,0.434454,2.54507
35,-0.418205,0.419812,2.57336
35,-0.386767,0.378476,2.62431
35,-0.364806,0.433677,2.54051
35,-0.396607,0.436943,2.55965
35,-0.302039,0.464295,2.49838
35,-0.323398,0.448794,2.51748
35,-0.354586,0.452126,2.53617
35,-0.389469,0.341126,2.64264
35,-0.416967,0.358973,2.62691
35,-0.391563,0.312804,2.65685
35,-0.440273,0.321722,2.64752
35,-0.0972227,0.421197,2.58186
35,-0.0978921,0.374918,2.59963
35,-0.121656,0.461331,2.48243
35,-0.132757,0.448318,2.51481
35,-0.159885,0.44438,2.49271
35,0.779052,-0.196253,3.26589
35,0.72729,-0.195625,3.25543
35,0.557084,0.401525,2.58099
35,0.601102,0.395017,2.60245
35,0.564046,0.376881,2.61325
35,0.638569,0.284786,2.67696
35,0.647007,0.216714,2.71233
35,0.679373,0.237791,2.71865
35,0.666922,0.314214,2.66883
35,0.477285,0.40012,2.57196
35,0.445011,0.407033,2.55427
35,0.491699,0.374493,2.59669
35,0.516929,0.410422,2.57554
35,0.523678,0.376292,2.60916
35,0.459252,0.450546,2.47478
35,0.428781,0.429449,2.51575
35,0.37033,0.454205,2.44409
35,0.411016,0.448996,2.46627
35,0.361723,0.436483,2.44842
35,0.558592,0.34003,2.63415
35,0.560059,0.320938,2.64107
35,0.34262,0.444999,2.44431
35,0.366467,0.396039,2.54573
35,0.499665,0.433137,2.53735
35,0.211869,-0.010359,3.1028
35,0.219991,-0.120463,3.22175
35,0.131148,-0.0698322,3.13764
35,0.593723,0.312888,2.65757
35,0.684973,0.201315,2.78321
35,0.705458,0.0771924,2.86644
35,0.793627,-0.246368,3.27504
35,0.728041,-0.220486,3.25879
35,-0.350277,0.381995,2.6487
35,-0.301171,-0.095138,3.19005
35,-0.501559,-0.096538,3.237
35,-0.0555481,0.458351,2.4664
35,0.740704,-0.649136,2.96408
35,0.681506,-0.241759,3.21378
35,0.569293,-0.218198,3.416
35,0.292748,0.0687561,2.97051
35,0.17019,-0.131845,3.20214
35,0.059487,-0.033971,3.11499
35,-0.207888,-0.219289,3.24111
35,-0.245255,-0.17064,3.24877
35,-0.0968117,0.494652,2.42477
35,-0.10779,0.494512,2.42408
35,-0.1967,0.485635,2.43476
35,-0.209425,0.467252,2.45433
35,-0.120594,0.457306,2.46077
35,-0.122303,0.441124,2.49564
35,0.0679079,0.524464,2.41
35,0.078982,0.503423,2.41404
35,0.523068,0.365994,2.60613
35,0.497476,0.364582,2.59607
35,0.690263,0.186692,2.75389
35,0.677472,0.174115,2.75273
35,0.675482,0.280579,2.69492
35,0.663752,0.256303,2.69698
35,-0.534567,0.328736,2.6885
35,-0.559371,0.316751,2.69038
35,-0.517652,0.440079,2.48972
35,-0.48145,0.425436,2.53723
35,-0.467325,0.336471,2.65324
35,-0.444982,0.313612,2.66371
35,-0.603847,-0.715968,3.93559
35,-0.600961,-0.765896,3.91678
35,-0.383467,0.336881,2.65647
35,-0.396564,0.313578,2.66343
35,-0.289934,0.460086,2.47573
35,-0.314727,0.440844,2.49405
35,-0.0645675,0.456146,2.45453
35,-0.0871475,0.457678,2.46277
35,-0.0196554,0.525196,2.41336
35,-0.0198157,0.485293,2.43304
35,0.0723469,-0.0426432,3.06071
35,0.0586189,-0.0706391,3.06953
35,0.0242133,0.526057,2.41732
35,0.0133646,0.486766,2.44043
35,0.197831,-0.0288075,3.06716
35,0.157879,-0.0995873,3.10304
35,0.132377,0.563201,2.38866
35,0.165175,0.542372,2.39246
35,0.166382,0.51351,2.40994
35,0.133747,0.5252,2.41338
35,0.332677,0.472827,2.42576
35,0.29885,0.482571,2.41939
35,0.347432,0.57101,2.37602
35,0.362225,0.544669,2.40259
35,0.378835,0.442241,2.4393
35,0.358136,0.421801,2.44923
35,0.409004,0.504919,2.42121
35,0.423256,0.475602,2.44
35,0.476205,0.392132,2.54538
35,0.437516,0.400015,2.52221
35,0.645209,0.338712,2.67091
35,0.685446,0.316238,2.68602
35,0.98615,-0.1813,3.60763
35,0.943618,-0.228076,3.57065
35,0.76546,0.0780019,2.8965
35,0.780552,0.187356,2.76368
35,0.725815,0.281118,2.7001
35,0.750911,0.211173,2.74706
35,-0.415687,0.405671,2.55787
35,-0.379665,0.369366,2.63013
35,-0.416369,0.358181,2.6357
35,-0.155616,0.439207,2.48479
35,-0.0747515,0.505376,2.4234
35,0.100872,0.514228,2.41331
35,0.275606,0.513151,2.40825
35,0.24291,0.524313,2.4093
35,0.245213,0.485115,2.43215
35,0.462133,0.436621,2.47016
35,0.414047,0.444374,2.45106
35,0.420267,0.417162,2.48788
35,0.607104,0.390436,2.61132
35,0.548538,0.394284,2.55934
35,0.682427,0.221657,2.72263
35,0.705527,0.174873,2.76471
35,-0.5164,0.361186,2.65782
35,0.333963,0.441485,2.43513
35,0.492656,0.421107,2.51141
35,0.12895,-0.0709962,3.08505
35,0.570608,0.313447,2.66232
35,0.623733,0.267141,2.68285
35,0.744781,0.327711,2.68012
35,0.796557,0.234867,2.7325
35,0.539562,0.422122,2.51746
35,0.639972,0.360019,2.64923
35,0.317924,0.532642,2.39755
35,0.375583,0.504324,2.41836
35,0.418371,0.546766,2.41184
35,0.0890997,0.552995,2.39142
35,0.270795,0.557908,2.36621
35,0.190198,0.463512,2.43468
35,0.795379,-0.210312,3.29255
35,0.731827,-0.209239,3.27574
35,0.697151,-0.252074,3.25273
35,-0.451237,0.40631,2.5619
35,-0.519392,0.168781,2.87475
35,-0.360628,0.338085,2.66596
35,-0.353279,0.423692,2.52682
35,-0.344841,0.382417,2.63779
35,-0.190344,0.418585,2.49637
35,-0.265577,0.406994,2.56621
35,-0.0635308,0.536545,2.41512
35,-0.255087,0.469256,2.46485
35,-0.298138,-0.101349,3.15793
35,-0.498423,-0.119004,3.24849
35,-0.622843,-0.0281357,2.99565
35,0.869816,0.0397114,2.98381
35,0.754716,0.0386728,2.90577
35,0.303612,0.0674234,3.01138
35,0.232435,-0.115724,3.15894
35,0.577828,-0.234023,3.42061
35,0.174109,-0.129356,3.14168
35,0.783279,-0.671859,3.01574
35,-0.203541,-0.222352,3.25003
35,-0.247146,-0.177608,3.24134
35,0.271118,0.523714,2.4268
35,0.248763,0.478695,2.46736
35,0.19363,0.475352,2.45013
35,0.359321,0.677225,2.23524
35,0.275137,0.643179,2.24392
35,0.348839,0.565768,2.32782
35,0.488701,0.421316,2.52633
35,0.433412,0.407333,2.52498
35,0.494099,0.356388,2.55424
35,0.67502,0.31366,2.66412
35,0.598658,0.282841,2.64738
35,0.701872,0.235583,2.7701
35,0.548081,0.396918,2.54642
35,0.615525,0.362331,2.59683
35,-0.323572,0.449099,2.52777
35,-0.392171,0.435037,2.52609
35,-0.330816,0.374671,2.58436
35,-0.370714,0.372317,2.56812
35,-0.0538273,0.701867,2.19799
35,-0.124801,0.720744,2.18263
35,0.164971,0.509346,2.42135
35,0.0843441,0.552463,2.37978
35,0.152259,0.497724,2.42902
35,0.0599037,0.500084,2.44053
35,0.918868,0.150924,2.88269
35,0.98182,0.0895448,2.92994
35,0.94531,0.104999,2.91581
35,0.543637,0.747977,2.19274
35,0.540649,0.687692,2.22969
35,0.505045,0.664501,2.2334
35,-0.423269,0.41098,2.54759
35,-0.491261,0.437486,2.5403
35,-0.417279,0.348163,2.59669
35,-0.507703,0.352003,2.62532
35,0.379645,0.514219,2.44452
35,0.367158,0.502038,2.45007
35,0.328994,0.478075,2.46416
35,-0.52427,0.166062,2.87287
35,-0.621362,-0.0224453,2.96265
35,-0.603557,-0.770797,3.88768
35,-0.205907,-0.221952,3.28781
35,0.218673,-0.129236,3.20956
35,-0.397349,0.481109,1.89456
35,-0.223945,0.483457,2.49191
35,-0.279576,0.472118,2.50377
35,0.284419,0.0586455,2.98217
35,0.145977,-0.0925202,3.15023
35,-0.312182,0.712605,1.87897
35,-0.311085,0.569028,1.81292
35,0.349334,0.391853,2.51392
35,0.891575,-0.213778,3.44474
35,0.784622,-0.223466,3.31024
35,0.238848,0.668714,2.24756
35,0.152332,0.677409,2.23584
35,0.308113,0.739437,2.13363
35,0.450154,0.703457,2.20297
35,0.775415,0.103526,2.8749
35,0.69579,0.192803,2.80645
35,0.73375,0.0411714,2.89592
35,0.676484,0.771822,2.15919
35,0.789762,0.706624,2.21289
35,0.737919,0.715175,2.20209
35,-0.197582,0.774857,2.07289
35,-0.231245,0.762843,2.07094
35,-0.158297,0.722691,2.153
35,-0.241744,0.422961,2.5362
35,-0.391645,0.307811,2.61444
35,1.05156,0.0262372,2.99212
35,0.627727,0.769736,2.15335
35,0.641539,0.726721,2.20073
35,0.916489,0.386287,2.56798
35,0.883475,0.361975,2.59428
35,1.00703,0.243689,2.86542
35,0.884358,0.240054,2.82267
35,0.745336,0.327183,2.65607
35,0.0313719,0.58369,2.29852
35,0.0199717,0.538845,2.43543
35,-0.0748532,0.471465,2.50031
35,-0.0176978,0.764923,2.173
35,-0.131983,0.764803,2.10743
35,-0.545116,0.43628,2.5333
35,-0.615382,0.305645,2.72201
35,0.259596,0.552097,2.32367
35,0.0810759,0.605837,2.28757
35,0.422551,0.600428,2.31476
35,0.407118,0.515278,2.44955
35,1.18224,-0.149156,3.26279
35,1.37508,-0.574981,3.85294
35,0.766041,-0.651315,2.95972
35,-0.104235,0.411796,2.55265
35,-0.510681,-0.11453,3.28944
35,0.292535,0.0557038,2.99874
35,0.228031,-0.107716,3.19367
35,0.777007,-1.03476,2.76894
35,1.43551,-1.44121,3.66426
35,1.45994,-1.48913,3.60625
35,1.07247,0.736735,2.13254
35,0.355457,0.386595,2.48019
35,1.41904,-0.0881859,3.24332
35,1.25254,-0.109665,3.25146
35,1.71474,-0.109317,3.24112
35,1.5674,-0.00332212,3.19989
35,-0.424304,0.332007,2.69523
35,-0.479007,0.315597,2.70562
35,-0.407252,0.314826,2.699
35,0.235739,0.663957,2.26475
35,0.144114,0.6659,2.22183
35,1.21703,0.629283,2.30038
35,1.1954,0.633761,2.31675
35,1.21118,0.532857,2.40837
35,-0.20955,0.47811,2.45058
35,-0.273738,0.462259,2.45149
35,0.241114,0.618517,2.31638
35,0.138976,0.542778,2.38279
35,0.203796,0.470672,2.41246
35,0.156255,0.501498,2.409
35,0.418134,0.738435,2.13746
35,0.438423,0.692511,2.16869
35,0.280013,0.648811,2.26357
35,0.968983,0.0921241,2.91056
35,1.1841,-0.0449085,3.18182
35,0.785297,0.756604,2.11018
35,0.651502,0.761475,2.12376
35,0.775887,0.689996,2.16082
35,0.704494,0.689256,2.1585
35,0.0140175,0.606406,2.32803
35,0.014556,0.487457,2.41748
35,-0.0654656,0.46288,2.45478
35,0.378028,0.634692,2.32015
35,0.317556,0.619922,2.32165
35,0.408615,0.501942,2.41113
35,0.376259,0.516567,2.40583
35,0.953093,0.399201,2.56107
35,0.86768,0.379624,2.65849
35,1.01689,0.256278,2.83201
35,0.874788,0.234414,2.79213
35,0.759224,0.350969,2.70557
35,0.589818,0.38579,2.58339
35,0.728055,0.197716,2.78946
35,0.686212,0.196181,2.76781
35,0.608187,0.759403,2.11798
35,0.533716,0.715561,2.15272
35,0.569422,0.668131,2.18168
35,0.525621,0.66685,2.1775
35,-0.0568267,0.750084,2.13085
35,0.0279679,0.638298,2.22689
35,-0.0572895,0.685969,2.1482
35,1.06465,0.561804,2.39751
35,0.967524,0.612631,2.35193
35,1.0648,0.506634,2.43368
35,0.957357,0.516091,2.40362
35,0.968463,0.424743,2.51403
35,0.809766,0.753697,2.10207
35,0.78131,0.0902291,2.85069
35,1.56254,-1.03846,4.0562
35,1.28855,-0.222165,3.34496
35,1.62881,-0.886551,4.08943
35,1.43005,-1.46114,3.84269
35,0.165291,-0.128519,3.19176
35,1.19764,-0.153317,3.27573
35,0.731736,-0.219143,3.29947
35,1.55449,-0.863079,4.10496
35,0.775067,-0.663195,2.96959
35,-0.516853,-0.110732,3.28311
35,-0.101454,0.397888,2.55264
35,0.0586857,-0.0634641,3.07302
35,-0.320829,0.566818,1.81217
35,-0.463858,0.44341,2.52674
35,-0.153185,0.716786,2.11481
35,-0.192995,-0.237205,3.25135
35,-0.258004,-0.174269,3.26702
35,-0.597449,-0.748299,3.79507
35,0.766286,0.697449,2.15765
35,0.656497,0.706823,2.18665
35,1.43851,-1.45343,3.57642
35,0.00487009,0.586312,2.32079
35,0.0423449,0.489304,2.38033
35,-0.0712707,0.462106,2.4338
35,0.400685,0.651408,2.29355
35,0.362256,0.682795,2.2782
35,-0.42181,0.324943,2.72465
35,-0.594463,0.39726,2.6371
35,-0.489876,0.306026,2.74672
35,0.459906,0.703862,2.23165
35,0.603354,0.69022,2.24423
35,0.497352,0.672128,2.24261
35,0.750954,0.34497,2.71404
35,0.634531,0.360604,2.6721
35,0.70536,0.179272,2.78627
35,0.966199,0.0731724,2.91365
35,1.09297,0.00474839,3.011
35,0.866937,0.382363,2.67766
35,1.03107,0.249614,2.84046
35,0.879825,0.244737,2.78496
35,0.200298,0.679086,2.26583
35,0.147225,0.680274,2.26979
35,0.239475,0.599271,2.30064
35,0.134477,0.540335,2.35853
35,0.191924,0.471069,2.38256
35,1.42552,-0.0709117,3.22918
35,1.24961,-0.121721,3.23289
35,1.04792,0.543836,2.37382
35,0.953098,0.605421,2.32425
35,1.06718,0.496936,2.41746
35,0.941325,0.509375,2.38687
35,0.426449,0.590184,2.33612
35,0.372288,0.573124,2.3413
35,1.48934,0.00505107,3.20297
35,1.06753,0.694375,2.25774
35,1.10323,0.607765,2.33325
35,0.340218,0.378314,2.51133
35,0.227995,-0.118063,3.13574
35,0.788025,0.0715241,2.84801
35,1.28551,-0.203495,3.32577
35,1.59043,-0.862385,3.95411
35,0.789502,-1.04053,2.77468
35,1.17906,-0.147779,3.24817
35,0.821544,-0.231191,3.349
35,0.776073,-0.648503,2.97344
35,-0.5095,-0.123911,3.29108
35,-0.914154,0.119664,2.93258
35,-0.0944819,0.4033,2.54467
35,-0.373896,0.341603,2.68755
35,-0.0172792,-0.0660228,3.00656
35,-0.318474,0.549192,1.78568
35,-0.536872,0.425782,2.55981
35,-0.498755,0.427531,2.00336
35,0.0396713,0.720846,2.23003
35,-0.160167,0.694497,2.09761
35,-0.195508,-0.247756,3.2227
35,-0.249182,-0.174074,3.26337
35,-0.557354,-0.728703,3.60018
36,-0.245309,-1.5082,2.19032
36,-0.252112,-1.54821,2.20603
36,-0.303334,-1.52688,2.22519
36,-0.235766,-1.38829,2.25741
36,0.705727,-1.69269,2.28276
36,-0.239976,-1.39536,2.28847
36,-0.236156,-1.13947,2.43258
36,-0.239172,-1.17109,2.44196
36,-0.326992,-1.18198,2.46568
36,-0.230628,-1.05414,2.52657
36,-0.968917,0.300472,2.78017
36,-0.786257,0.306581,2.81092
36,-1.04086,0.289894,2.79781
36,-0.818629,0.203234,2.96106
36,-0.680527,0.0376461,2.95782
36,-1.03339,0.137547,2.9634
36,1.08409,-0.0745214,3.06855
36,-1.02076,0.0931484,2.97518
36,-1.08975,0.0998839,2.97712
36,-0.933153,0.130992,3.00772
36,-1.61152,-0.889704,3.46887
36,-1.51771,-0.429061,3.55841
36,-1.53198,-0.873162,3.4925
36,-1.43678,-0.690188,3.54378
36,-1.45141,-0.829812,3.5264
36,-0.589652,-0.724581,3.84131
36,-0.589351,-0.74062,3.84241
36,1.49128,-1.34478,3.89884
37,0.287891,-0.336224,3.24862
37,0.136653,0.101735,2.77708
37,0.328155,-0.320965,3.26707
37,0.308426,0.178587,2.65409
37,-0.224504,-0.0712189,2.94926
37,-0.225511,-0.080879,2.96249
37,0.272628,0.382521,1.8856
37,0.266777,0.382655,1.88626
37,0.0928869,0.139808,2.71352
37,0.084234,0.139647,2.71039
37,0.350489,0.248134,2.5938
37,0.351705,0.240788,2.6028
37,0.435421,0.249942,2.61271
37,0.438116,0.243201,2.62888
37,0.453098,0.289606,2.52751
37,0.437591,0.289891,2.53
37,0.497792,0.268312,2.55236
37,0.487928,0.255479,2.58538
37,0.131521,0.226775,2.63064
37,0.247443,-0.0244974,2.92215
37,0.178773,0.140067,2.71854
37,0.179458,0.11479,2.72895
37,0.0760733,0.114589,2.72418
37,0.305802,0.130835,2.7049
37,0.308146,0.106057,2.72563
37,0.527039,-0.36954,3.28682
37,0.542113,-0.386239,3.25291
37,0.31762,-0.325875,3.26466
37,0.296788,-0.335892,3.26197
37,-0.100317,0.0570865,2.85528
37,-0.119047,0.0393207,2.87278
37,-0.185552,-0.0337042,2.92159
37,-0.186395,-0.0523645,2.93487
37,-0.138863,-0.024382,2.90839
37,-0.157171,-0.024377,2.9078
37,-0.00125836,0.090901,2.78794
37,-0.0277194,0.0911978,2.79705
37,0.0161391,0.115956,2.75667
37,0.0253749,0.0652045,2.81708
37,-0.010277,0.039027,2.85132
37,-0.0467135,0.00309828,2.88069
37,0.0525478,0.0389486,2.84559
37,0.025661,0.0389932,2.84885
37,-0.174506,0.0122255,2.8912
37,-0.0743591,0.00311494,2.89618
37,-0.120366,-0.0151921,2.9046
37,-0.0929798,0.315237,1.9474
37,-0.0870294,0.297466,1.95165
37,-0.116966,0.34425,1.9379
37,0.578494,0.339476,2.48423
37,0.547336,0.331747,2.48501
37,0.606638,0.30263,2.5034
37,0.572058,0.289314,2.52496
37,0.247884,0.114602,2.72447
37,0.221523,0.131432,2.71723
37,0.26531,0.211046,2.6414
37,0.311294,0.171802,2.67877
37,0.294638,0.155034,2.68092
37,0.118379,0.139602,2.70952
37,0.120943,0.0815293,2.7682
37,0.0960758,0.0649639,2.80668
37,0.137304,0.0982023,2.74631
37,0.141786,0.196326,2.66771
37,0.177625,0.164716,2.70108
37,0.31364,0.234803,2.62766
37,0.281391,0.227237,2.636
37,0.102494,0.228434,2.05004
37,0.467897,0.241459,2.61006
37,0.466349,0.31964,2.51302
37,0.51004,0.332975,2.4942
37,0.540989,0.289729,2.52858
37,0.49526,0.317855,2.49898
37,0.363034,0.269835,2.56686
37,0.320372,0.25016,2.61499
37,0.394254,0.260979,2.55937
37,0.407035,0.290858,2.53843
37,0.522729,0.268721,2.55625
37,0.19859,0.21927,2.64014
37,0.070304,0.0567411,2.83801
37,0.136915,-0.0429345,2.92285
37,0.231894,0.210952,2.64022
37,0.628885,0.325567,2.49771
37,0.577996,0.242769,2.62421
37,0.622102,0.368797,2.47077
37,0.546004,0.354388,2.47896
37,0.291577,0.378019,1.89283
37,-0.130185,-0.0428839,2.91941
37,0.00724938,0.180556,2.68336
37,0.00545025,0.262961,2.0174
37,0.451851,-0.305571,3.26769
37,0.584001,-0.410407,3.20141
37,0.346816,0.181156,2.69226
37,0.600941,0.03902,2.85081
37,0.215527,0.298902,1.96108
37,0.591802,0.203299,2.64897
37,0.30826,0.114057,2.71152
37,0.297268,0.113777,2.70485
37,0.305506,0.133373,2.68729
37,0.294887,0.133169,2.68318
37,0.305047,0.143325,2.68325
37,0.294536,0.14315,2.67999
37,0.30294,0.172581,2.66472
37,0.291976,0.172061,2.6567
37,-0.413018,-0.164041,3.12314
37,-0.442075,-0.190006,3.16193
37,-0.408554,-0.0895728,3.00345
37,-0.424371,-0.113491,3.03531
37,-0.521173,-0.788154,3.72767
37,-0.520754,-0.815706,3.72468
37,-0.186688,-0.0207295,2.91059
37,-0.208798,-0.00972119,2.91178
37,0.162432,0.173264,2.67527
37,0.27944,0.230324,2.63328
37,0.259557,0.210433,2.63373
37,0.374222,0.276556,2.5996
37,0.356227,0.258099,2.61189
37,0.582308,0.370528,2.44111
37,0.566917,0.344693,2.45445
37,-0.553854,-0.808791,3.75803
37,-0.355797,-0.125092,3.03813
37,-0.350675,-0.174238,3.09437
37,-0.241456,-0.0207044,2.90706
37,-0.262751,0.0122597,2.89929
37,-0.0954019,0.317581,1.94671
37,-0.117211,0.309457,1.94195
37,0.113208,0.14467,2.70843
37,0.0826729,0.145034,2.71525
37,0.0732191,0.115507,2.74598
37,0.106571,0.0754955,2.80342
37,0.175878,0.1147,2.72681
37,0.135284,0.0945372,2.74046
37,0.2466,0.114008,2.71036
37,0.225964,0.134443,2.70884
37,0.229279,0.210081,2.62932
37,0.199516,0.220119,2.6304
37,0.222766,0.297425,1.95949
37,0.208519,0.298255,1.96496
37,0.344225,0.183172,2.67214
37,0.324912,0.143131,2.67963
37,0.434778,0.247928,2.60885
37,0.409041,0.230369,2.6338
37,0.467376,0.31558,2.51856
37,0.447658,0.292794,2.56947
37,-0.374651,-0.0896179,3.00496
37,-0.389829,-0.164228,3.12669
37,-0.142763,-0.0207476,2.91313
37,-0.0970005,0.0554487,2.86369
37,-0.0762418,0.00128963,2.89832
37,-0.120402,-0.00970016,2.90548
37,-0.0210914,0.0444771,2.85491
37,-0.0430014,0.0230381,2.87541
37,-0.0432246,0.00128608,2.89034
37,0.0319511,0.106081,2.77115
37,0.0431753,0.0759266,2.81943
37,0.000502672,0.0967186,2.8037
37,0.318633,0.239791,2.62784
37,0.506493,0.338468,2.47685
37,0.491867,0.322424,2.49776
37,0.543425,0.292014,2.56263
37,0.584252,0.311843,2.48873
37,0.54298,0.328493,2.47231
37,0.589583,0.295684,2.51144
37,-0.222092,-0.0654767,2.94194
37,-0.27596,-0.0318773,2.92302
37,-0.245655,-0.0882058,2.95761
37,-0.26714,-0.0767581,2.94772
37,0.273008,0.152592,2.66779
37,0.40161,0.294672,2.58595
37,0.508301,0.2746,2.58121
37,0.483121,0.247411,2.6034
37,0.110111,0.22824,2.07175
37,0.0757012,0.054972,2.83907
37,0.133649,-0.0430697,2.93207
37,0.255261,-0.0208485,2.92728
37,0.21333,-0.0434828,2.96019
37,0.617338,0.32824,2.47041
37,0.58504,0.248865,2.6187
37,0.611843,0.362374,2.44842
37,0.531761,-0.369135,3.26491
37,0.555461,-0.356137,3.25901
37,0.588414,-0.414942,3.23679
37,-0.102611,0.331806,1.94375
37,-0.0663977,0.282702,1.96022
37,-0.18912,0.343352,1.92601
37,-0.187739,-0.0540692,2.92698
37,0.0437204,0.0444789,2.85503
37,-0.0315241,0.0866691,2.82187
37,-0.306427,0.0122516,2.89738
37,-0.341096,-0.0317637,2.9126
37,-0.274808,-0.136326,3.03234
37,-0.274246,-0.237562,3.15798
37,-0.320454,-0.224503,3.14244
37,0.459165,-0.308392,3.27576
37,0.579304,0.20077,2.6377
37,0.297936,-0.333061,3.27459
37,0.358628,0.248511,2.61498
37,0.326669,0.227312,2.6446
37,0.379048,0.269888,2.59224
37,0.412081,0.216019,2.65337
37,0.467433,0.305503,2.49849
37,0.45208,0.287479,2.53969
37,0.44068,0.236072,2.60873
37,0.520941,0.314905,2.48318
37,0.4986,0.315036,2.48422
37,0.53919,0.267591,2.57017
37,0.501728,0.266288,2.55766
37,0.538054,0.322918,2.45835
37,0.578113,0.292762,2.48663
37,0.473882,0.541393,2.21101
37,0.487158,0.514697,2.22581
37,0.63158,0.385657,2.43168
37,0.623168,0.354029,2.44198
37,0.630599,0.546715,2.23275
37,0.608379,0.544972,2.22563
37,0.67576,0.433783,2.39265
37,0.680173,0.414748,2.40827
37,0.709933,0.364124,2.43535
37,0.712924,0.343451,2.44561
37,0.34326,0.18171,2.6804
37,0.320882,0.146094,2.69688
37,0.13674,0.194398,2.68757
37,0.161757,0.158391,2.69777
37,0.57868,0.535437,2.228
37,0.548271,0.525262,2.22775
37,0.583009,0.498677,2.24467
37,0.539315,0.495984,2.23255
37,-0.547538,-0.240908,3.10865
37,-0.284814,0.378681,1.85628
37,-0.387085,-0.154153,3.06745
37,-0.187248,0.443039,1.80934
37,-0.188232,0.336247,1.9023
37,0.039746,0.11072,2.73042
37,-0.0352804,0.0749007,2.78134
37,0.114804,0.225084,2.07156
37,0.344735,-0.988438,3.95335
37,0.543418,-0.391264,3.30576
37,0.505431,-0.473848,3.25445
37,0.433167,0.530668,2.20816
37,0.411775,0.538939,2.20099
37,0.557791,-0.375827,3.302
37,0.607236,-0.413635,3.24575
37,-0.345861,0.421478,1.82268
37,0.0408808,0.0373767,2.80838
37,-0.0364072,0.0121366,2.87016
37,0.56986,0.333098,2.45113
37,0.902292,-0.18656,3.14418
37,0.913183,-0.232155,3.18214
37,0.836323,-0.212854,3.1112
37,0.267844,0.204221,2.65661
37,0.204889,0.213524,2.62273
37,0.306256,0.169266,2.67607
37,0.297682,0.109836,2.70861
37,0.236989,0.0978664,2.71774
37,0.616873,0.312104,2.46109
37,0.583924,0.236523,2.61371
37,0.656763,0.510746,2.25295
37,0.643259,0.485305,2.27757
37,-0.27491,-0.167618,3.05901
37,-0.345097,-0.195817,3.06562
37,-0.264422,-0.240149,3.09886
37,-0.304948,-0.224839,3.08186
37,-0.262892,0.0123697,2.92528
37,-0.303297,-0.000913479,2.9307
37,-0.2284,-0.0825349,2.99547
37,0.409528,0.290008,2.56204
37,0.667195,0.36494,2.4408
37,-0.479648,-0.829537,3.80097
37,-0.0882057,0.0250751,2.85958
37,-0.154479,0.0252974,2.88493
37,-0.186064,-0.0683705,2.97096
37,-0.0869746,0.31909,1.95596
37,-0.121316,0.333604,1.9371
37,-0.0784197,0.302586,1.96412
37,-0.0960429,0.293021,1.95979
37,0.590932,0.474465,2.27518
37,0.0888486,0.134778,2.71561
37,0.138971,0.0859578,2.73142
37,0.0767165,0.110403,2.72261
37,-0.348477,-0.0414577,2.97563
37,0.0109682,0.253991,2.00284
37,0.267422,0.376471,1.88746
37,0.651452,0.312611,2.46509
37,0.220893,-0.0554566,3.00208
37,0.136592,-0.0410687,2.9477
37,0.208708,0.296173,1.98087
37,0.323512,-0.33667,3.36007
37,-0.512996,0.146451,2.70347
37,0.442075,0.564438,2.2227
37,0.403354,0.549073,2.2096
37,0.728807,0.409289,2.45422
37,0.710625,0.373677,2.48415
37,0.675742,0.335917,2.50536
37,0.638433,0.49098,2.27512
37,0.657913,0.437819,2.39096
37,-0.81824,-0.837278,3.90137
37,-0.939972,-0.83214,3.87743
37,0.110431,0.185535,2.70066
37,0.158855,0.115068,2.77549
37,0.0999814,0.0708454,2.82099
37,0.0662575,0.607146,1.86946
37,0.0960585,0.541774,1.85488
37,0.0655328,0.580357,1.84901
37,0.756719,0.524239,2.2582
37,0.708129,0.5247,2.26019
37,0.709887,0.455429,2.34744
37,0.540204,0.590023,2.22785
37,0.462422,0.607787,2.20424
37,0.54278,0.531856,2.23848
37,0.516725,0.578777,2.23129
37,-0.523265,0.156404,2.70579
37,-0.618655,0.169014,2.67209
37,-0.19224,0.33895,1.90779
37,0.0979383,-0.238223,3.2653
37,0.300343,-0.334651,3.33993
37,0.317014,0.141656,2.70567
37,0.650238,0.729196,2.03994
37,1.04364,-0.274545,3.27414
37,-0.269632,-0.137155,3.00028
37,-0.369706,-0.187205,3.01656
37,-0.197689,0.548231,1.68806
37,-0.258999,0.00956953,2.88196
37,-0.356718,-0.0379086,2.91059
37,0.0261402,0.674173,1.9152
37,0.0253414,0.613108,1.85667
37,0.0165812,0.260091,2.02198
37,-0.102014,0.296639,1.97201
37,0.969516,-0.291549,3.2648
37,-0.302645,0.592818,1.65842
37,0.0382911,0.116311,2.80546
37,-0.0861524,0.0252343,2.87773
37,0.21889,0.54025,1.9593
37,0.381133,0.652038,2.1521
37,0.263755,0.657666,2.05957
37,0.891189,0.348413,2.49709
37,0.819093,0.360227,2.48473
37,0.20074,0.299502,1.99105
37,0.249203,0.20798,2.61292
37,-0.775006,-0.215817,3.19694
37,-0.790873,-0.435322,3.41593
37,-0.286396,0.378005,1.84476
37,0.807446,0.525223,2.26244
37,0.435491,0.298704,2.53709
37,0.394895,0.285512,2.54271
37,-0.333336,0.494061,1.72368
37,-0.351941,0.422484,1.81988
37,0.0709431,0.748233,2.00167
37,0.22786,0.662399,2.03959
37,0.310828,0.549322,2.07418
37,0.263247,0.388179,1.89441
37,0.620705,0.322041,2.50359
37,0.585232,0.29753,2.52712
37,0.293573,0.11453,2.76253
37,0.216627,-0.0543855,2.9441
37,-0.799992,-0.566629,3.53859
37,0.605769,0.558099,2.24593
37,0.544738,0.497055,2.24655
37,1.03806,-0.0881141,3.0002
37,0.547329,-0.383793,3.29317
37,0.508906,-0.489007,3.27683
37,0.33086,-0.925901,3.91659
37,-0.138677,-0.136974,2.99632
37,0.132272,0.4341,1.85253
37,-0.303866,0.593481,1.65523
37,-0.190219,0.44767,1.80947
37,-0.175912,0.347865,1.91108
37,-0.277409,0.38273,1.83848
37,-0.278184,-0.161207,3.02215
37,-0.386451,-0.205768,3.0981
37,0.0122186,0.263239,2.02927
37,-0.0770387,0.302136,1.93835
37,0.432965,0.62788,2.14169
37,0.270324,0.649196,2.07554
37,0.951504,-0.278726,3.23981
37,-0.0566948,0.0707286,2.81633
37,0.016982,0.0339512,2.82039
37,-0.0970986,-0.0795054,2.92407
37,0.468744,0.321582,2.47903
37,0.396847,0.222329,2.64818
37,0.307107,0.106015,2.77602
37,0.162291,0.106264,2.78254
37,0.194178,0.29725,1.99049
37,0.356657,0.575711,2.10454
37,0.311227,0.540975,2.07684
37,0.261137,0.384962,1.90917
37,0.669658,0.332923,2.44331
37,0.548576,0.304704,2.47358
37,0.565937,0.289138,2.47879
37,0.808671,0.537523,2.29389
37,0.766202,0.539299,2.30147
37,0.855437,0.471786,2.33976
37,0.893572,0.333026,2.44406
37,0.827087,0.331995,2.4365
37,1.48952,0.0522984,2.81543
37,1.50378,-0.0215344,2.84238
37,0.653736,0.548358,2.27661
37,0.528552,0.584673,2.18964
37,0.652546,0.448945,2.38088
37,1.14612,0.30884,2.50716
37,1.01424,0.37829,2.42691
37,1.01577,0.264129,2.55027
37,0.903837,0.525538,2.30711
37,1.00681,0.516855,2.33604
37,0.145788,0.732094,2.04182
37,0.102952,0.712791,1.98798
37,0.219711,0.556274,1.98603
37,0.0601165,0.596664,1.86854
37,1.3163,0.253968,2.61738
37,1.12457,0.630964,2.15221
37,1.12676,0.568816,2.18372
37,0.321609,0.140718,2.74489
37,1.05836,-0.10317,3.05889
37,0.660167,0.740058,2.06403
37,1.55551,-0.34469,3.2627
37,1.42086,-0.359185,3.39991
37,0.554087,-0.366787,3.26952
37,0.303376,-0.330352,3.33327
37,0.513594,-0.49723,3.28397
37,0.329195,-0.92124,3.89688
37,1.04121,-0.258781,3.25536
37,-0.203071,0.301104,1.93173
37,-0.243544,0.0156644,2.84813
37,-0.286522,0.443752,1.74745
37,-0.138451,-0.14001,2.99142
37,-0.536519,0.163124,2.82204
37,0.332606,-1.00801,3.93726
37,0.210184,0.668549,2.01924
37,0.0639942,0.617843,1.91138
37,0.204592,0.54282,1.96552
37,-0.772438,-0.803252,3.68298
37,-0.623518,-1.22792,3.65691
37,0.309651,0.646078,2.04845
37,0.345686,0.55591,2.07177
37,0.258907,0.623908,2.02862
37,0.953246,0.576252,2.28097
37,1.01007,0.497129,2.32949
37,0.954097,0.478276,2.32668
37,0.85261,0.526727,2.29913
37,0.766618,0.529628,2.31179
37,0.772292,0.396762,2.38534
37,-1.24076,-0.4829,3.45811
37,0.548431,-0.381626,3.28687
37,0.323592,-0.337613,3.36217
37,0.501283,-0.515112,3.31616
37,1.04249,-0.24754,3.21989
37,1.44196,-0.373541,3.45038
37,1.0003,0.37935,2.39356
37,-0.695275,0.216681,2.70741
37,-0.53898,0.156927,2.77767
37,-0.862187,0.152424,2.69797
37,-0.158537,-0.136554,3.00144
37,-0.254091,-0.208315,3.01761
37,-0.542582,-0.805188,3.69186
37,0.87942,0.326945,2.42269
37,0.686476,0.344511,2.4126
37,1.04452,-0.0896396,3.00752
37,-0.0920483,0.508619,1.74267
37,-0.211253,0.539812,1.71152
37,-0.192073,0.436399,1.78275
37,1.02983,0.62903,2.21476
37,0.950561,0.639831,2.19223
37,0.0201711,0.257831,2.02847
37,-0.212828,0.313078,1.9754
37,-0.0608118,0.0267283,2.8366
37,-0.238467,0.0266856,2.83206
37,-0.322907,0.492554,1.73424
37,-0.370589,0.40481,1.76697
37,-0.851693,-1.18609,3.53233
37,-0.746956,-1.22382,3.56149
37,0.6345,0.429592,2.36008
37,-0.882034,-0.79784,3.65816
37,0.385221,0.215117,2.68787
37,0.327904,0.154658,2.73751
37,0.289098,0.11333,2.77736
37,0.264123,0.385474,1.94964
37,0.327925,-0.954573,3.70958
38,0.149515,0.212672,2.1254
38,-0.634913,0.189768,2.64853
38,-0.60339,0.155617,2.6617
38,0.04367,0.182154,2.74166
38,0.4858,-1.35301,2.45833
38,-0.211944,-0.0219937,2.92237
38,-0.270979,-0.0649659,3.01881
38,-0.693155,-0.150062,3.04486
38,0.881608,-0.177228,3.08902
38,-0.324405,-0.19618,3.081
38,-0.750037,-0.195459,3.08503
38,-0.318306,-0.21143,3.09008
38,0.897074,-0.177894,3.10282
38,-0.697926,-0.171597,3.10987
38,-0.745698,-0.186891,3.10954
38,-0.602376,-0.206157,3.17283
38,1.46496,-0.3713,3.15169
38,1.46832,-0.353204,3.16267
38,-0.781474,-0.534043,3.53877
38,-0.836237,-0.483191,3.56788
38,-0.71281,-0.555567,3.55752
38,-0.822782,-0.569354,3.60454
38,-1.04039,-0.595995,3.60305
38,-1.12544,-0.597753,3.61484
38,-0.746152,-0.572695,3.62514
38,-0.928002,-1.12292,3.569
38,-0.790562,-1.20567,3.55482
38,-0.580445,-0.961039,3.6184
38,-0.532813,-1.0198,3.60864
38,-0.533473,-1.13373,3.58569
38,-0.53324,-0.975514,3.62234
38,-0.603506,-1.08923,3.59879
38,-0.603441,-0.976275,3.62556
38,-0.67353,-1.20251,3.57342
38,-0.61169,-1.08998,3.60128
38,-0.728249,-1.21577,3.57274
38,-0.728818,-1.20414,3.57841
38,-0.51861,-1.02852,3.62024
38,-0.651524,-0.978539,3.63416
38,-0.519345,-1.13992,3.59853
38,-0.605588,-1.20608,3.58351
38,-0.936554,-0.996958,3.63261
38,-0.847162,-1.20669,3.58633
38,-0.762771,-1.07753,3.61648
38,-0.788957,-1.20697,3.58689
38,-0.552806,-1.09486,3.61683
38,-0.657749,-0.78099,3.69037
38,-0.66703,-1.20617,3.59398
38,-0.907205,-1.20882,3.59279
38,-0.536766,-0.913692,3.66191
38,-0.602058,-1.09585,3.62028
38,-0.520639,-0.922101,3.66064
38,-0.537229,-0.98578,3.6477
38,-0.911897,-0.918597,3.66476
38,-0.67476,-1.21149,3.59955
38,-0.668298,-1.09782,3.62702
38,-0.561852,-1.21224,3.60125
38,-0.616546,-1.21221,3.60142
38,-0.912831,-0.892154,3.67483
38,-0.619951,-1.14612,3.61821
38,-0.538456,-1.04173,3.64273
38,-0.522624,-1.2418,3.59746
38,-0.60418,-1.21035,3.60591
38,-0.669003,-1.03565,3.64586
38,-0.829859,-0.784167,3.70685
38,-0.539402,-0.986498,3.66269
38,-0.520849,-1.05997,3.6466
38,-0.588602,-0.863155,3.69409
38,-0.521193,-0.951064,3.67549
38,-0.606416,-1.26236,3.60728
38,-0.541056,-1.16097,3.63203
38,-0.655256,-0.976046,3.67474
38,-0.56087,-1.21848,3.61941
38,-0.524966,-0.865925,3.70542
38,-0.720425,-0.787803,3.72311
38,-0.522066,-0.933391,3.69179
38,-0.607436,-0.930305,3.69351
38,-0.613052,-0.784794,3.73079
38,-0.608456,-0.789558,3.73045
38,-0.876959,-0.684685,3.75445
38,-0.466981,-0.845438,3.71939
38,-0.552678,-1.17698,3.64326
38,-0.543264,-0.809454,3.73249
38,-0.59309,-0.805554,3.73664
38,-0.659704,-0.918458,3.71408
38,-0.665442,-0.790563,3.75868
38,-0.531215,-1.16549,3.67783
38,-0.716337,-0.770677,3.78076
38,-0.667003,-0.814943,3.78078
38,-0.95259,-1.04697,3.73486
38,-0.797999,-0.81255,3.85122
38,-0.948074,-0.945007,3.82258
38,-0.948948,-0.926009,3.83066
38,-0.882373,-0.820508,3.92317
38,0.31571,-1.15881,3.84991
38,0.343302,-0.984387,3.91511
38,0.348618,-1.0081,3.92245
38,0.341164,-0.99741,3.93357
38,0.345915,-0.984724,3.944
39,0.532223,-1.60783,2.06795
39,0.535427,-1.60351,2.07959
39,0.578371,-1.75347,2.05185
39,0.579328,-1.75175,2.05791
39,0.543306,-1.6305,2.12523
39,0.271515,-1.31638,2.94112
39,-0.527938,-1.14264,3.56752
39,-0.729482,-0.938575,3.67753
39,-0.531528,-1.13268,3.59365
39,-0.789573,-1.20935,3.55084
39,-0.711297,-1.03326,3.65095
39,-0.738215,-0.990244,3.68299
39,-0.854714,-1.04509,3.70309
39,-0.859379,-1.16121,3.65071
39,-0.880879,-0.798155,3.85237
39,-0.892568,-1.00953,3.76827
39,0.571281,-5.72815,6.04905
39,-0.590712,-1.10871,3.46704
38,-0.590712,-1.10871,3.46704
39,-0.605872,-0.879914,3.75456
38,-0.605872,-0.879914,3.75456
40,-0.130654,-0.110883,2.77205
40,0.102016,-0.245706,3.01103
40,-0.136782,-0.112145,2.77323
40,-0.0520185,0.0375447,2.54742
40,0.273563,0.281563,2.20455
40,-0.0181789,-0.0649648,2.69027
40,-0.0182318,-0.0736609,2.6981
40,0.103626,-0.254452,3.02724
40,0.0939936,-0.254216,3.02443
40,0.111364,-0.468345,3.25329
40,0.100963,-0.467682,3.24869
40,0.35961,0.073253,2.4872
40,0.351654,0.0732294,2.48639
40,0.319245,0.266922,2.20802
40,0.312032,0.266707,2.20624
40,0.269176,0.279458,2.19711
40,0.277724,0.253226,2.21
40,0.310917,0.279616,2.19835
40,0.233293,0.291754,2.18543
40,0.218761,0.28389,2.17796
40,0.319519,0.0808722,2.48036
40,0.302704,0.0805598,2.47078
40,0.0881853,0.0108933,2.57618
40,0.0636932,0.00276534,2.57115
40,0.171809,0.0812878,2.49311
40,0.164981,0.0659796,2.50881
40,0.0694783,0.0889662,2.48801
40,0.0699528,0.0658793,2.505
40,0.232108,-0.453504,3.22074
40,0.201067,-0.452209,3.21155
40,0.0803184,-0.466758,3.24227
40,0.353748,-0.443076,3.21876
40,0.320219,-0.43885,3.18806
40,-0.0139698,0.373771,2.06739
40,-0.0204991,0.354405,2.06849
40,-0.0684942,-0.0223646,2.66774
40,-0.0688898,-0.0478732,2.68315
40,0.0147856,0.0504927,2.52549
40,0.0149115,0.0268311,2.547
40,-0.00121243,-0.0479264,2.68613
40,-0.0181101,-0.0393683,2.68008
40,-0.207521,-0.149377,2.84395
40,-0.209074,-0.168564,2.86524
40,-0.0276869,-0.129125,2.79377
40,-0.0446939,-0.110006,2.75615
40,-0.0463739,-0.177257,2.85975
40,-0.139595,-0.109466,2.74262
40,-0.0883921,-0.11903,2.76391
40,-0.128834,-0.188187,2.88912
40,-0.0209357,-0.319032,3.09824
40,-0.0313366,-0.37545,3.16204
40,0.0387829,0.0346647,2.53261
40,0.0565436,-0.0136797,2.61542
40,0.0151236,0.00277833,2.58321
40,-0.0701807,-0.100481,2.73343
40,0.495811,0.402169,2.04605
40,0.470997,0.396551,2.05036
40,0.482635,0.368174,2.07258
40,0.230984,0.126421,2.4537
40,0.208525,0.119113,2.46255
40,0.19482,0.088888,2.48582
40,0.21287,0.186935,2.33964
40,0.190581,0.18678,2.33769
40,0.177815,0.159064,2.36395
40,0.243175,0.18015,2.34734
40,0.247634,0.160842,2.39038
40,0.0927709,0.0965599,2.48156
40,0.145072,0.125717,2.44003
40,0.133242,0.0738352,2.50696
40,0.0947174,0.0346787,2.53363
40,0.0710645,0.0268081,2.54481
40,0.309647,0.18007,2.3463
40,0.313238,0.159707,2.3735
40,0.22256,0.24769,2.28759
40,0.219231,0.208101,2.32884
40,0.40527,0.34856,2.11211
40,0.39778,0.333468,2.14352
40,0.380725,0.322681,2.16181
40,0.419191,0.29854,2.18467
40,0.420777,0.262498,2.22957
40,0.399229,0.262196,2.22701
40,0.281036,0.235092,2.23636
40,0.32179,0.193272,2.32711
40,0.347346,0.234733,2.30198
40,0.343805,0.200611,2.32713
40,0.317619,0.286342,2.19677
40,0.362316,0.303943,2.17405
40,0.33658,0.298582,2.18497
40,0.362802,0.268243,2.21895
40,0.448667,0.292907,2.19407
40,0.392661,0.245811,2.27023
40,0.367424,0.31615,2.16376
40,0.273886,0.311572,2.17946
40,0.460727,0.312457,2.18565
40,0.241423,0.208242,2.33042
40,0.126296,0.0425407,2.52613
40,0.0676608,-0.100403,2.73131
40,0.26908,0.126147,2.44837
40,0.519544,0.379564,2.06345
40,0.480913,0.319024,2.18343
40,0.271242,-0.461135,3.20321
40,-0.0929621,0.370327,2.0847
40,-0.136852,0.384094,2.05288
40,-0.0930019,-0.00549909,2.64708
40,-0.12239,0.0350857,2.56336
40,-0.138495,-0.0914447,2.72101
40,-0.0571991,0.0347618,2.5397
40,0.0331322,-0.0915649,2.72459
40,0.00760067,-0.130032,2.81341
40,0.0177159,-0.282971,3.02601
40,-0.232009,-0.417629,3.17955
40,-0.224266,-0.238345,2.94613
40,0.47188,-0.210242,2.94283
40,0.504569,0.424486,2.02938
40,0.368709,-0.452582,3.24324
40,0.354883,-0.450607,3.22909
40,0.274109,0.128789,2.41112
40,0.265502,0.129039,2.4158
40,0.274646,0.1199,2.41584
40,0.266114,0.120175,2.42138
40,-0.462695,-0.258532,2.98617
40,-0.386339,-0.409672,3.19568
40,-0.413386,-0.424706,3.21798
40,-0.217161,-0.172861,2.87662
40,-0.239846,-0.184451,2.88768
40,-0.13044,-0.18424,2.88437
40,-0.0698639,-0.0289639,2.65586
40,-0.0701842,-0.049286,2.66804
40,0.0622347,-0.0914102,2.71998
40,0.0314185,-0.0915776,2.72496
40,0.0915924,-0.249057,3.0082
40,0.0801587,-0.26027,3.00624
40,0.110589,-0.47527,3.23064
40,0.101771,0.120842,2.43481
40,0.0934282,0.0940811,2.45769
40,0.159407,-0.621659,3.22913
40,0.168516,0.0851346,2.4679
40,0.153279,0.0584332,2.52452
40,0.203322,0.120971,2.43741
40,0.186396,0.103369,2.45743
40,0.236534,0.210912,2.31137
40,0.240981,0.188149,2.35483
40,0.365915,-0.583109,3.21866
40,0.365278,-0.606407,3.21306
40,0.376089,-0.701153,3.2016
40,0.351093,-0.69962,3.19461
40,0.36381,0.271438,2.23372
40,0.376451,0.248853,2.25886
40,0.479284,0.369921,2.07504
40,0.500663,0.358282,2.09884
40,0.368501,-0.476854,3.24141
40,-0.297487,-0.308145,3.02962
40,-0.314215,-0.336713,3.08126
40,-0.235362,-0.257039,2.96893
40,-0.259446,-0.269956,2.98756
40,-0.164536,-0.196775,2.90834
40,-0.188001,-0.220492,2.93106
40,-0.0766676,0.0493366,2.54802
40,-0.099284,-0.00880247,2.6366
40,-0.0316593,-0.138131,2.83398
40,-0.0428419,-0.172147,2.86474
40,-0.0196986,-0.0391669,2.66638
40,-0.0199241,-0.0702266,2.69689
40,-0.0191583,0.0207773,2.59324
40,-0.0571178,0.0491055,2.53609
40,0.0199705,0.0304097,2.57805
40,0.0103602,0.0110548,2.61436
40,0.155017,0.155655,2.40338
40,0.137886,0.129366,2.42192
40,0.220514,0.212328,2.32689
40,0.187481,0.188107,2.3543
40,0.290828,-0.700027,3.19647
40,0.242191,-0.699273,3.19302
40,0.355314,0.0758081,2.46825
40,0.316688,0.075505,2.45838
40,0.343914,0.232877,2.26974
40,0.341498,0.210926,2.31152
40,0.394736,0.330917,2.12712
40,0.422857,0.271366,2.23313
40,0.399773,0.255917,2.24584
40,0.405136,0.350138,2.09763
40,0.45804,0.31717,2.19922
40,0.451669,0.301831,2.20875
40,0.425905,0.301341,2.20516
40,0.502722,0.333144,2.14144
40,0.481631,0.324567,2.19297
40,-0.223639,-0.126828,2.82105
40,-0.0714274,-0.0912527,2.7153
40,0.0375063,-0.50317,3.25297
40,0.037467,-0.576413,3.24957
40,0.000580288,-0.561991,3.23731
40,0.000479604,-0.0494177,2.67517
40,0.0495814,-0.61107,3.23777
40,0.000578918,-0.621775,3.22974
40,0.0667932,0.0674587,2.50499
40,0.148081,-0.502508,3.24869
40,0.0988667,-0.502264,3.24711
40,0.0988483,-0.563587,3.24651
40,0.181263,0.163814,2.38975
40,0.229961,0.129614,2.42657
40,0.202686,0.129786,2.42979
40,0.276517,0.285471,2.21149
40,0.312805,0.271181,2.23161
40,0.278325,0.253651,2.22596
40,0.3267,0.29382,2.21136
40,0.0973972,0.0399152,2.56209
40,0.0686724,0.0303792,2.57546
40,0.109454,-0.00874253,2.61863
40,0.0695766,0.00116104,2.60938
40,0.138419,0.120667,2.43128
40,0.133542,0.0676638,2.5126
40,0.246285,0.164973,2.40665
40,0.239057,0.147924,2.42571
40,0.317842,-0.450056,3.22515
40,0.339597,-0.652406,3.20017
40,0.290959,-0.664043,3.1979
40,0.31821,0.195244,2.33314
40,0.356834,0.30768,2.19089
40,0.273473,0.31543,2.18715
40,0.213855,0.248607,2.25662
40,0.32725,0.155399,2.39942
40,0.12547,0.0492135,2.54166
40,0.220061,-0.486307,3.22278
40,0.280854,-0.486004,3.22077
40,0.0987557,-0.624418,3.24346
40,0.32973,-0.534963,3.22207
40,0.280396,-0.546043,3.21553
40,-0.0865826,0.372475,2.08937
40,-0.140204,0.383594,2.06412
40,-0.126921,0.0403479,2.58986
40,0.0197076,0.0588865,2.54411
40,-0.00906901,0.0772808,2.5162
40,-0.0227978,-0.313865,3.08586
40,-0.0116942,-0.489587,3.24452
40,-0.135594,-0.113922,2.76684
40,0.0118678,-0.270611,2.99481
40,-0.493325,-0.339631,3.10796
40,-0.479633,-0.40676,3.17297
40,-0.240275,-0.408021,3.18281
40,-0.322639,-0.393621,3.16386
40,-0.384966,-0.137939,2.83005
40,-0.380619,-0.267729,2.96291
40,-0.301875,-0.128324,2.85434
40,-0.0362342,-0.513977,3.2435
40,-0.0851362,-0.500613,3.23644
40,-0.0153039,0.377132,2.07153
40,0.577255,0.222903,2.34552
40,0.403939,-0.475261,3.23058
40,-0.460303,-0.103495,2.76797
40,-0.568454,-0.554612,3.41831
40,0.0941636,0.0336364,2.52734
40,0.121533,-0.0127254,2.62273
40,0.0735573,-0.000813737,2.61049
40,0.203517,0.0886602,2.46208
40,0.181545,0.0776462,2.46731
40,0.251556,0.161856,2.38754
40,0.233078,0.142129,2.4208
40,0.240886,0.277957,2.19183
40,0.221006,0.277986,2.19205
40,0.214364,0.241912,2.22643
40,0.402237,0.279435,2.20348
40,0.415022,0.261177,2.21835
40,0.378464,0.243431,2.24042
40,-0.113959,0.0341086,2.56281
40,-0.105393,-0.0128076,2.63969
40,0.281022,0.288247,2.1944
40,0.31384,0.260791,2.21507
40,0.283894,0.250933,2.21683
40,-0.532781,-0.112904,2.74213
40,-0.374422,0.296529,2.18203
40,-0.397386,0.26894,2.19946
40,-0.481359,-0.33298,3.0471
40,-0.410768,-0.414689,3.14208
40,-0.29105,-0.128565,2.81236
40,-0.199421,-0.230086,2.969
40,-0.0827148,0.356783,2.0717
40,-0.13683,0.37858,2.03714
40,-0.0227266,-0.140232,2.79044
40,0.0164812,-0.274223,3.00958
40,0.348277,-0.461402,3.16897
40,0.370477,-0.707823,3.11371
40,0.383341,-0.80411,3.1034
40,0.396272,-0.452531,3.20809
40,0.558303,0.357685,2.07693
40,-0.391396,-0.140685,2.79945
40,-0.379123,-0.273747,3.00436
40,-0.463612,-0.275318,3.0216
40,-0.247073,-0.3342,3.05827
40,-0.236835,-0.40994,3.10611
40,0.40507,0.344848,2.11385
40,0.456809,0.315683,2.17748
40,0.375059,0.323278,2.16216
40,0.00284181,-0.304212,3.03613
40,-0.0249636,-0.36278,3.0651
40,0.186324,-0.889828,3.10751
40,0.129539,-0.887434,3.09915
40,0.370744,-0.878098,3.11595
40,0.398034,-0.918223,3.10811
40,0.567595,0.457366,1.97788
40,0.594398,0.388186,2.03902
40,0.552903,0.432986,1.98964
40,-0.0705652,-0.0495536,2.68253
40,0.0597566,-0.924428,3.12911
40,-0.0549804,0.0450886,2.52607
40,0.0650641,-0.100838,2.75261
40,-0.00980285,-0.0749406,2.71985
40,0.127777,0.0448269,2.51141
40,0.0996982,-0.0494309,2.67589
40,0.216985,0.192557,2.36519
40,0.329107,0.151787,2.39973
40,0.359651,0.0774032,2.45959
40,0.313714,0.0770915,2.44968
40,0.421103,0.288656,2.19752
40,0.453012,0.224746,2.25708
40,0.532951,0.38133,2.05194
40,0.497098,0.351653,2.0972
40,0.487475,0.316337,2.18199
40,0.514756,0.467292,1.98189
40,0.467826,0.474324,1.97371
40,0.490787,0.396009,2.03166
40,0.464817,0.388208,2.03913
40,0.134498,0.120451,2.42693
40,0.112661,0.120665,2.43125
40,0.126075,0.0667307,2.47796
40,0.0914785,0.088415,2.45527
40,0.351095,0.225105,2.26069
40,0.321022,0.190569,2.34077
40,0.175779,0.161952,2.38895
40,0.265106,0.108768,2.41221
40,-0.513988,-0.364163,3.07679
40,-0.180771,0.401212,2.0115
40,-0.239184,0.416645,2.04238
40,-0.0167146,0.362756,2.05227
40,0.0856673,-0.263216,3.04027
40,0.358434,0.306214,2.18045
40,-0.49204,-0.0874019,2.72336
40,-0.345867,0.307472,2.18941
40,-0.570671,-0.559423,3.4161
40,0.786788,0.350294,2.17141
40,0.769677,0.317505,2.19005
40,-0.543005,-0.113061,2.80787
40,-0.362075,0.339689,2.17927
40,-0.388152,0.317851,2.19243
40,-0.392502,-0.129175,2.82571
40,-0.379422,-0.264693,2.96407
40,-0.461863,-0.265668,2.97499
40,-0.30505,-0.162588,2.87204
40,-0.215153,-0.229433,2.92629
40,-0.0208358,0.0224332,2.55829
40,-0.0362038,-0.0492012,2.66345
40,0.220679,0.141852,2.45403
40,0.260814,0.10175,2.45426
40,0.333133,0.285949,2.22301
40,0.271023,0.296364,2.21036
40,0.420258,0.275373,2.23548
40,0.374638,0.240826,2.25412
40,0.500504,0.42466,2.01877
40,0.481796,0.40543,2.03264
40,0.451001,0.385356,2.04365
40,-0.238688,-0.319305,3.02242
40,-0.337762,-0.422583,3.18002
40,0.339218,0.229508,2.26362
40,0.308238,0.273242,2.21818
40,0.3293,0.206356,2.28035
40,0.317954,0.163608,2.38148
40,0.36187,0.0765849,2.50589
40,0.318444,0.0895437,2.48662
40,0.428162,0.296769,2.21338
40,0.557378,0.46111,1.98627
40,0.551506,0.432527,2.00426
40,0.603683,0.405476,2.03288
40,0.523111,0.414143,2.02112
40,0.580986,0.510084,1.88719
40,0.651669,0.480465,1.97685
40,0.0269329,-0.508021,3.28433
40,-0.0265289,-0.503838,3.25729
40,-0.0263494,-0.623815,3.23525
40,0.0990082,-0.492611,3.30098
40,-0.476687,-0.405529,3.18215
40,-0.0390027,-0.162437,2.86936
40,-0.164988,-0.19479,2.88546
40,-0.574785,-0.536381,3.34969
40,-0.490187,-0.338878,3.05038
40,-0.251857,0.467479,1.96752
40,-0.138832,0.384549,2.03937
40,-0.250637,0.430185,2.04503
40,0.0345587,0.0635879,2.532
40,-0.0623971,0.050106,2.54793
40,-0.117879,0.0362101,2.54694
40,-0.403398,0.272299,2.21052
40,0.0728571,-0.248896,2.96827
40,0.346383,-0.468658,3.25946
40,0.222669,-0.469916,3.26822
40,0.588049,0.470497,1.98023
40,0.70752,0.471025,1.98245
40,0.619671,0.423415,2.01285
40,0.442473,0.457369,1.2993
40,0.618281,0.53891,1.84507
40,0.537411,0.368901,2.07637
40,0.497469,0.35001,2.09877
40,0.687262,0.318018,2.19359
40,0.171228,0.0768081,2.51319
40,0.234728,0.28412,2.20879
40,0.213018,0.250795,2.23352
40,0.301156,0.474936,1.27055
40,0.403485,-0.473145,3.29067
40,-0.505937,-0.0965285,2.77241
40,-0.0281118,0.36744,2.06815
40,0.708842,0.575548,1.84008
40,0.794468,0.536505,1.87176
40,0.757771,0.524279,1.87179
40,0.601621,0.413052,2.04848
40,0.532386,0.424634,2.03978
40,0.534321,0.368486,2.09979
40,0.0414264,-0.499433,3.29852
40,-0.0230859,-0.516868,3.27237
40,0.0413058,-0.562488,3.28892
40,-0.0230312,-0.579677,3.26462
40,-0.00165113,-0.922342,3.19472
40,0.338813,-0.471561,3.25499
40,0.273864,-0.469663,3.24189
40,0.211518,-0.472433,3.26101
40,0.106126,-0.499448,3.29862
40,0.14833,-0.560637,3.2781
40,-0.557321,-0.233032,2.93145
40,-0.550888,-0.425829,3.23094
40,0.470415,0.330629,2.12114
40,0.756586,0.320494,2.14614
40,0.672875,0.30668,2.14766
40,-0.523521,-1.23493,3.19287
40,-0.398662,0.267505,2.1716
40,-0.399094,0.253581,2.17395
40,-0.149665,0.38961,2.06621
40,-0.0386917,-0.170448,2.8465
40,-0.00152792,-0.273684,2.95653
40,0.251442,0.0922512,2.41561
40,0.327679,0.15414,2.39566
40,0.40179,-0.470545,3.24798
40,0.764223,0.462155,1.91872
40,1.26443,0.0607718,2.41987
40,1.17191,0.0926039,2.42485
40,1.15903,-0.0184183,2.43108
40,0.0479805,0.0466706,2.51245
40,-0.0672414,0.063321,2.52137
40,-0.0371965,-0.0565142,2.7365
40,-0.124094,-0.0203132,2.68123
40,0.439969,0.456241,1.2961
40,0.689007,0.542786,1.85144
40,0.575087,0.53734,1.87467
40,0.413806,0.269583,2.18847
40,0.281138,0.294126,2.15858
40,0.299749,0.223314,2.30147
40,0.567913,0.465765,1.93371
40,0.461522,0.392408,2.08105
40,0.772898,0.596094,1.79331
40,0.745118,0.602068,1.81129
40,0.839259,0.577973,1.81
40,0.703724,0.446434,1.95985
40,0.641992,0.448064,1.967
40,0.627105,0.429768,2.00158
40,-0.293682,-0.112489,2.79367
40,-0.365365,-0.251992,2.92906
40,-0.238316,-0.318808,3.01771
40,-0.452607,-0.27767,2.99959
40,-0.0865421,-0.512559,3.24509
40,-0.0228741,-0.639318,3.24235
40,0.948715,0.094052,2.46277
40,1.24134,-0.424702,3.22238
40,1.25937,-0.465717,3.21465
40,0.0760244,-0.255139,2.96564
40,-0.0285992,0.382983,2.10402
40,-0.568614,-0.548548,3.3349
40,1.20772,-0.91572,3.24527
40,-0.795026,-0.301653,3.00406
40,-0.596998,-0.651266,3.34735
40,-0.186835,0.401315,2.02975
40,0.47014,0.319348,2.11991
40,0.772382,0.464052,1.95849
40,-0.562835,-0.222994,2.90061
40,-0.522147,-0.355561,3.06238
40,0.251152,0.0795248,2.41282
40,-0.279181,-0.127152,2.79477
40,-0.381038,-0.245918,2.90257
40,-0.226233,-0.320758,2.96283
40,-0.436007,-0.297901,2.9667
40,0.0251832,0.0437317,2.5325
40,-0.0742205,0.0636514,2.53452
40,-0.0373322,-0.0603119,2.7465
40,-0.118193,0.0247626,2.62798
40,-0.0388005,-0.17466,2.85451
40,-0.0168497,-0.294399,2.93182
40,0.548674,0.454295,1.98297
40,0.520927,0.425934,1.99587
40,0.454956,0.373413,2.05144
40,0.667619,0.481433,1.96673
40,0.645758,0.441293,1.99452
40,0.590028,0.398989,2.01799
40,0.680491,0.535568,1.835
40,0.577289,0.546909,1.87386
40,0.281255,0.297395,2.20372
40,0.431811,0.170758,2.36549
40,0.319367,0.15168,2.35742
40,0.735633,0.565804,1.79393
40,0.828437,0.523687,1.84386
40,-0.0187584,-0.506999,3.26393
40,-0.119359,-0.499349,3.21468
40,0.340604,-0.48261,3.27219
40,1.14398,-0.0151663,2.41942
40,0.94376,0.0996298,2.44162
40,0.231109,0.282209,2.22027
40,0.345063,0.079355,2.40767
40,0.77828,0.312929,2.19142
40,1.2151,-0.414318,3.1436
40,1.23755,-0.462817,3.13798
40,0.410424,-0.474294,3.2158
40,-0.585268,-0.105066,2.79056
40,-0.878434,-0.106099,2.81799
40,-0.0286266,0.366828,2.10604
40,-0.342129,-0.443439,3.17552
40,-0.511618,-1.22889,3.14535
41,-0.129649,0.315804,2.13792
41,-0.158982,0.288626,2.14104
41,0.385477,0.3087,2.18389
41,-0.383597,0.319054,2.1736
41,-0.392942,0.25524,2.1789
41,-0.399457,0.269076,2.20382
41,0.388438,0.243669,2.28213
41,-0.143756,0.225279,2.25518
41,0.378777,0.236183,2.30931
41,0.338142,0.198457,2.33825
41,-0.127194,0.167665,2.30521
41,0.324363,0.193871,2.34121
41,-0.0689138,0.196007,2.31957
41,0.207667,0.18961,2.34566
41,0.325111,0.156981,2.3786
41,0.178448,0.155789,2.37992
41,0.171757,0.156982,2.38248
41,-0.181451,0.167636,2.3713
41,0.268477,0.131031,2.46068
41,-0.816768,0.342735,2.3992
41,0.187348,0.107116,2.48108
41,0.0977231,0.0966707,2.4795
41,0.171299,0.088154,2.49457
41,-0.0749714,0.0637736,2.52031
41,0.156081,0.0563801,2.54786
41,-0.11055,0.037758,2.53929
41,0.106407,0.0441572,2.55739
41,-0.122951,0.0361477,2.54572
41,0.103525,0.0400555,2.56976
41,-0.121821,0.0345297,2.56229
41,-0.0159083,0.0189716,2.58042
41,-0.106409,-0.00714353,2.62757
41,-0.534898,-0.108415,2.72371
41,-0.517947,-0.111094,2.73919
41,-0.770939,-0.120435,2.74288
41,-0.687702,-0.110285,2.75689
41,-0.281978,-0.121915,2.7926
41,-0.289749,-0.12454,2.7987
41,-0.690692,-0.10759,2.78434
41,-0.692091,-0.11635,2.78535
41,-0.677832,-0.115796,2.78879
41,-0.394263,-0.127932,2.82179
41,-0.295596,-0.122559,2.82938
41,-0.137071,-0.180052,2.85744
41,-0.166517,-0.195318,2.88795
41,-0.246785,-0.203079,2.88846
41,-0.529007,-0.255064,2.90466
41,-0.0114631,-0.26993,2.96166
41,-0.182429,-0.223812,2.95651
41,-0.574983,-1.28775,2.91948
41,-0.529557,-0.247101,2.93852
41,-0.516506,-0.216918,2.9489
41,0.0776434,-0.249159,2.99438
41,-1.00259,-0.281686,2.91686
41,-0.56026,-0.250099,2.95099
41,-0.756296,-0.289499,2.95051
41,-0.532228,-1.35073,2.9652
41,-0.779307,-0.294411,2.96275
41,-0.00018617,-0.276192,3.02387
41,-0.550157,-1.28696,2.98902
41,-0.298555,-0.306568,3.0287
41,-0.816773,-0.287365,2.99779
41,0.00288402,-0.904581,3.05929
41,-0.771877,-0.302763,3.01634
41,-0.490034,-0.327837,3.04207
41,0.306656,-0.90204,3.10141
41,-0.26786,-0.334914,3.07806
41,0.350599,-0.799768,3.1257
41,0.38928,-0.92204,3.1283
41,0.374973,-0.802897,3.12961
41,-0.487584,-0.344815,3.07453
41,0.299157,-0.8921,3.12623
41,0.3957,-0.904785,3.13482
41,-0.469865,-0.391396,3.08219
41,0.358838,-0.689418,3.14491
41,-0.841292,-0.300645,3.07216
41,0.306541,-0.764875,3.16584
41,0.328693,-0.919751,3.16687
41,0.298528,-0.833851,3.16875
41,-0.0201911,-0.960335,3.1479
41,0.242947,-0.841643,3.16885
41,0.18711,-0.84907,3.16742
41,0.236616,-0.786727,3.17447
41,0.301288,-0.71187,3.1805
41,0.303017,-0.92006,3.17845
41,0.132935,-0.843168,3.16746
41,-0.00826369,-0.867239,3.15837
41,0.236933,-0.898628,3.17701
41,0.232078,-0.718238,3.18176
41,0.373656,-0.694679,3.1932
41,0.0616853,-0.863856,3.16983
41,0.177726,-0.934436,3.17843
41,0.176246,-0.726376,3.18405
41,0.126744,-0.789851,3.18042
41,0.295921,-0.658243,3.19468
41,0.352459,-0.651705,3.20014
41,0.226192,-0.664065,3.19357
41,0.361671,-0.472463,3.20831
41,0.169932,-0.671471,3.19256
41,0.056946,-0.79724,3.1852
41,0.223305,-0.469366,3.20229
41,0.362369,-0.584985,3.21262
41,0.292257,-0.590416,3.20962
41,-0.00293888,-0.497569,3.19272
41,0.220485,-0.609983,3.20835
41,0.163792,-0.61689,3.20464
41,0.108997,-0.61083,3.20594
41,0.0590674,-0.674788,3.20224
41,0.214316,-0.554545,3.21785
41,-0.0339388,-0.523582,3.20344
41,0.159607,-0.548779,3.2219
41,0.111267,-0.486476,3.22025
41,0.166718,-0.493764,3.22627
41,-0.80674,-0.430619,3.15956
41,0.322707,-0.459598,3.24262
41,0.207993,-0.537163,3.26117
41,0.364436,-0.478788,3.28159
41,0.174573,-0.573925,3.26771
41,-0.422779,-0.439529,3.23176
41,0.238355,-0.463563,3.27912
41,0.149593,-0.542565,3.27732
41,0.174395,-0.506632,3.28537
41,0.115663,-0.57916,3.28131
41,0.0422116,-0.610121,3.27768
41,-0.0435732,-0.499745,3.27525
41,0.0122443,-0.478647,3.2807
41,0.0950689,-0.507506,3.28672
41,-0.0374658,-0.530927,3.2783
41,0.0619699,-0.613609,3.28497
41,0.0288523,-0.559652,3.2849
41,0.0547941,-0.513692,3.29322
41,0.00312717,-0.527773,3.29331
41,-0.806441,-0.446145,3.23631
41,-0.0369393,-0.541467,3.29268
41,-0.00175226,-0.488044,3.30153
41,0.141528,-0.287882,1.5671
40,0.141528,-0.287882,1.5671
41,0.0573617,-0.432946,1.66051
40,0.0573617,-0.432946,1.66051
41,0.731733,0.140658,2.46245
40,0.731733,0.140658,2.46245
42,-0.820203,-0.127339,2.68791
42,-0.841183,-0.0862754,2.70044
42,0.00638451,-0.290283,3.03168
42,0.0972103,-0.239487,3.06509
42,0.079807,-0.263308,3.05609
42,-0.0172008,-0.368114,3.08411
42,-0.479626,-0.423668,3.10989
42,-0.504372,-2.0347,2.70691
42,-0.509065,-2.04162,2.70555
42,0.240704,-0.897919,3.13319
42,-0.509461,-0.43597,3.11648
42,0.184192,-0.77819,3.15613
42,-0.496741,-1.83372,2.77329
42,-0.461478,-1.95685,2.75495
42,-0.811148,-0.369293,3.09894
42,0.167731,-0.483508,3.24733
42,0.287274,-1.37195,3.04362
42,0.314402,-0.763129,3.21059
42,0.30443,-0.832505,3.1937
42,0.367804,-0.773539,3.22092
42,0.304957,-0.708612,3.22619
42,0.288936,-0.472148,3.28357
42,-0.817263,-0.383966,3.10968
42,0.370621,-0.881154,3.19827
42,-0.497724,-1.56843,2.86742
42,0.300442,-0.718903,3.22709
42,0.252805,-0.699647,3.2261
42,0.24982,-0.841309,3.18965
42,-0.579245,-1.27444,2.9306
42,0.37989,-0.581276,3.28064
42,0.296189,-0.654599,3.24726
42,0.286008,-0.674045,3.24052
42,0.240149,-0.786515,3.20425
42,0.249414,-0.774148,3.21006
42,0.286671,-0.59971,3.26288
42,0.352415,-0.647622,3.26273
42,0.30412,-0.848751,3.20293
42,0.283877,-0.545796,3.27663
42,0.242714,-0.894369,3.18083
42,0.234647,-0.728991,3.22145
42,0.299086,-0.591467,3.26896
42,0.3142,-0.637088,3.26049
42,0.000265963,-0.688639,3.19245
42,0.219907,-0.683818,3.23338
42,0.217313,-0.554964,3.26592
42,0.237733,-0.858541,3.19343
42,0.187838,-0.778005,3.20594
42,-0.00281996,-0.8567,3.15215
42,0.231618,-0.607773,3.25763
42,0.00653393,-0.794224,3.16992
42,0.183333,-0.78444,3.20445
42,-0.0104254,-0.7617,3.17712
42,-0.00785184,-0.867088,3.15197
42,0.22204,-0.552677,3.27379
42,-0.00846472,-0.749117,3.1824
42,0.181093,-0.655924,3.24104
42,0.00259357,-0.797835,3.17316
42,0.253549,-0.905489,3.19088
42,-0.50118,-1.59779,2.8793
42,0.177978,-0.848543,3.19225
42,0.01871,-0.861902,3.16125
42,0.199032,-0.831241,3.20186
42,-0.00734007,-0.742682,3.18781
42,0.101604,-0.748725,3.20595
42,0.122715,-0.73153,3.21672
42,0.00944696,-0.925301,3.14708
42,0.12232,-0.85688,3.18507
42,0.111178,-0.686452,3.22665
42,0.159299,-0.487672,3.28659
42,0.0741919,-0.787163,3.19529
42,0.112388,-0.801471,3.19857
42,0.0439128,-0.695524,3.21338
42,0.112832,-0.676167,3.23096
42,0.0763449,-0.920335,3.16266
42,0.179419,-0.599026,3.26298
42,0.0463028,-0.753423,3.19985
42,0.0689708,-0.847377,3.18058
42,-0.578659,-1.28249,2.95394
42,0.108757,-0.557252,3.26237
42,0.0591641,-0.741693,3.20667
42,0.186147,-0.923248,3.1834
42,0.302292,-0.924084,3.20445
42,0.0649714,-0.850541,3.18093
42,0.056894,-0.684109,3.22288
42,0.169776,-0.543724,3.27976
42,0.123625,-0.606952,3.25583
42,0.124175,-0.603498,3.25721
42,0.132868,-0.914023,3.17999
42,0.187577,-0.917146,3.1895
42,0.0469768,-0.628677,3.23784
42,0.0772666,-0.918411,3.17095
42,-0.00618792,-0.49313,3.26492
42,0.0510701,-0.503831,3.27265
42,-0.54389,-1.30739,2.96148
42,0.120367,-0.926964,3.17911
42,0.114005,-0.551724,3.27452
42,0.228064,-0.612277,3.28291
42,0.193379,-0.846445,3.21995
42,0.013771,-0.919377,3.17563
42,-0.583622,-1.30586,2.97295
42,0.167328,-0.617211,3.28543
42,-0.020004,-0.967157,3.1638
42,-0.00823928,-0.877049,3.1903
42,-0.00943275,-0.871469,3.19241
42,0.126232,-0.791128,3.23757
42,0.0592066,-0.929902,3.19142
42,0.00541309,-0.906325,3.18796
42,0.0266402,-0.884057,3.19747
42,-0.0239038,-0.743467,3.2244
42,0.0166511,-0.801141,3.21702
42,0.0116293,-0.925358,3.18614
42,0.111837,-0.68321,3.26699
42,-0.0217874,-0.749331,3.22829
42,-0.00743741,-0.694725,3.24515
42,-0.0116667,-0.842911,3.20677
42,-0.491853,-1.38558,2.9829
42,0.00223554,-0.81095,3.22046
42,0.105955,-0.622147,3.2875
42,0.0101315,-0.698539,3.25168
42,0.00223418,-0.693913,3.25207
42,0.0172351,-0.83178,3.22077
42,0.0608143,-0.613958,3.28412
42,0.0562539,-0.679363,3.26741
42,0.0048531,-0.806791,3.22585
42,0.056132,-0.749901,3.2506
42,-0.021213,-0.644739,3.26699
42,-0.0101078,-0.57098,3.28986
42,-0.0359548,-0.535759,3.29458
42,-0.532402,-1.27389,3.01812
42,0.000955708,-0.691119,3.26281
42,-0.560672,-1.33638,2.99935
42,-0.787895,-0.456633,3.1844
42,-0.551047,-1.31867,3.00776
42,-0.559781,-1.32801,3.00488
42,-0.02172,-0.615327,3.2849
42,-0.000158288,-0.593338,3.29972
42,-0.00585191,-0.596195,3.30229
42,-0.501965,-1.44948,3.00791
42,-0.525916,-1.39911,3.01693
42,-0.532435,-1.35817,3.02667
42,-0.541314,-1.28972,3.04498
42,-0.500433,-1.56546,2.98851
42,-0.500806,-1.33047,3.04861
42,-0.525454,-1.36419,3.03902
42,-0.523998,-1.4251,3.0281
42,-0.526917,-1.371,3.04163
42,-0.509249,-1.54628,3.00076
42,-0.523375,-1.49155,3.016
42,-0.503047,-1.22819,3.09279
42,-0.509553,-1.16514,3.10833
42,-0.5044,-1.28404,3.08364
42,-0.508001,-1.20929,3.14084
42,-0.504904,-1.11977,3.17395
42,-0.505217,-1.1814,3.1628
42,-0.510427,-1.18376,3.16499
42,-0.513203,-1.16743,3.17212
42,-0.506469,-1.18018,3.17777
42,-0.440864,-0.958077,3.30806
42,-1.41472,-0.507444,3.30217
42,-0.541309,-0.58412,3.48161
42,-0.461501,-0.879091,3.47125
42,-0.470825,-0.872239,3.49634
42,-1.34918,-1.57465,3.56042
42,-1.27886,-1.55742,3.5881
42,-1.35971,-1.58349,3.59955
42,-1.38962,-1.59799,3.63125
42,-1.30967,-1.60254,3.66579
42,-1.40684,-1.62268,3.66814
42,-0.614899,-0.600321,3.73859
41,-0.614899,-0.600321,3.73859
42,-0.852654,-0.144768,2.60005
41,-0.852654,-0.144768,2.60005
42,-0.728616,-0.20898,3.13966
41,-0.728616,-0.20898,3.13966
42,0.26847,-0.41435,2.78724
41,0.26847,-0.41435,2.78724
42,0.125653,-0.816748,3.32951
41,0.125653,-0.816748,3.32951
43,0.440102,-2.19503,3.17212
43,0.514157,-2.223,3.16824
43,0.416557,-1.06449,2.9639
43,-0.166018,-1.82433,3.69747
43,-0.158331,-1.60799,3.67471
43,-0.154334,-1.60269,3.67885
43,-0.157013,-1.30316,3.59759
43,-0.123028,-1.64128,3.67822
43,-0.0830404,-1.83813,3.71136
43,-0.144614,-1.72686,3.71791
43,-0.082666,-1.87083,3.72484
43,-0.143431,-1.32507,3.60605
43,-0.134119,-1.79495,3.73556
43,-0.146798,-1.19519,3.57384
43,-0.11057,-1.85266,3.74321
43,-0.0896192,-2.0224,3.78232
43,-0.113782,-1.94495,3.77515
43,-0.147171,-1.6562,3.71765
43,-0.034819,-1.9077,3.72602
43,-0.140314,-1.20018,3.59159
43,-0.13684,-2.03045,3.82459
43,-0.0778795,-1.9915,3.78118
43,-0.0579334,-2.04033,3.78623
43,-0.0753697,-2.02352,3.7975
43,-0.117919,-1.75246,3.75203
43,-0.117442,-1.96977,3.81801
43,-0.116316,-1.76726,3.76042
43,-0.128711,-2.04324,3.84841
43,-0.0871116,-1.84045,3.76915
43,-0.0919278,-1.9519,3.80632
43,-0.123617,-1.15239,3.59907
43,-0.0806868,-1.96527,3.80701
43,-0.0801592,-2.01005,3.82558
43,-0.104331,-1.76755,3.77896
43,-0.0786713,-2.05507,3.84566
43,-0.108142,-2.0485,3.86363
43,-0.0658324,-1.86418,3.78882
43,-0.166367,-0.972457,3.6083
43,-0.113537,-1.0286,3.62513
43,-0.0858752,-1.13687,3.64416
43,-0.0948517,-0.909361,3.59477
43,-0.0830512,-1.00505,3.61853
43,-0.416551,-0.674042,4.53844
43,0.0772159,-1.43229,3.87556
42,0.0772159,-1.43229,3.87556
43,0.0487075,-0.842534,2.81516
42,0.0487075,-0.842534,2.81516
44,-1.0413,-1.38308,2.64991
44,-0.370517,-2.21067,2.83883
44,-0.410333,-2.22025,2.8812
44,-0.517891,-2.23308,2.90067
44,-0.493308,-1.95125,2.97211
44,-0.669051,-2.64827,2.82083
44,-0.4903,-1.93421,2.97829
44,-0.383185,-2.08286,2.93785
44,-0.67244,-2.82119,2.79978
44,-0.705254,-2.80573,2.81679
44,-0.662355,-2.66304,2.84866
44,-0.605973,-2.66496,2.86373
44,-0.697293,-2.82549,2.83804
44,-0.401766,-2.13516,2.98409
44,-0.703172,-2.87628,2.83549
44,-0.47598,-2.00457,3.02774
44,-0.463266,-2.31231,2.96214
44,-0.607933,-2.68275,2.89387
44,-0.422051,-2.32212,2.96971
44,-0.46803,-1.98703,3.05124
44,-0.571026,-2.6612,2.90603
44,-0.492989,-2.27734,2.99287
44,-0.499475,-2.28101,2.99387
44,-0.486608,-2.33192,2.98462
44,-0.452723,-2.28468,2.99503
44,-0.396019,-2.19156,3.02547
44,-1.08332,-1.40509,3.26229
44,-0.484144,-2.25431,3.02966
44,-0.464678,-2.3404,3.01388
44,-0.862693,-2.81708,3.06673
44,-0.868379,-2.81166,3.07193
44,-0.859491,-2.94494,3.08287
44,-1.10606,-1.2602,3.51642
44,-1.2755,-2.68781,3.19983
44,-1.26761,-2.70301,3.20338
44,-1.09315,-1.36219,3.51241
44,-1.29535,-2.88929,3.16778
44,-1.29719,-2.93048,3.21145
44,-1.27829,-2.70358,3.29701
44,-1.2342,-2.7338,3.30187
44,-1.23611,-2.74466,3.30724
44,-1.25042,-2.98856,3.26586
44,-1.25637,-3.0014,3.274
44,-1.06098,-1.38487,3.6849
44,-1.21045,-3.01023,3.32436
44,-1.21858,-2.98738,3.33723
44,-1.20565,-2.82041,3.38592
44,-1.12105,-1.25933,3.80547
44,-1.14209,-1.26796,3.80969
44,-1.08548,-1.28883,3.8319
44,-1.09364,-1.31974,3.83101
44,-1.08076,-1.24058,3.88319
44,-1.04468,-1.22763,3.93173
44,-1.0064,-1.25921,3.96593
44,-1.05271,-1.22834,4.01227
44,-1.00233,-1.22899,4.06899
44,-0.965652,-1.21142,4.11801
44,-0.979055,-1.20828,4.16057
45,-0.548575,-2.21932,2.54306
45,-0.509044,-2.21088,2.55751
45,-0.654232,-2.52083,2.4607
45,-0.545127,-2.23895,2.57585
45,-0.511871,-2.23091,2.58655
45,-0.608915,-1.42808,2.85683
45,-0.656623,-2.55319,2.48841
45,-0.727058,-2.64246,2.48918
45,-0.746262,-2.67578,2.48472
45,-0.573438,-1.29869,2.96267
45,-0.795974,-2.70239,2.49873
45,-0.605021,-1.44944,2.92609
45,-0.582628,-1.25952,3.00073
45,-0.779634,-2.71232,2.51322
45,-0.571902,-1.28701,2.99456
45,-0.573033,-1.30036,2.9944
45,-0.4842,-1.48326,2.94234
45,-0.488317,-1.46739,2.95269
45,-0.572306,-1.29886,3.00414
45,-0.484035,-1.48725,2.9629
45,-0.592867,-1.28335,3.0271
45,-0.625057,-1.29825,3.02825
45,-0.605918,-1.28677,3.07085
45,-0.635257,-1.2884,3.07192
45,-0.619019,-1.2869,3.10285
45,-0.619252,-1.29069,3.11926
45,-1.4267,-2.66405,2.6203
45,-1.42573,-2.67774,2.64218
45,-0.90011,-2.80675,2.65873
45,-1.40448,-2.88266,2.62925
45,-1.35312,-2.69468,2.73414
45,-1.3958,-2.72197,2.74681
45,-1.23998,-1.34291,3.25229
45,-1.23879,-1.34428,3.26029
45,-1.28558,-1.33204,3.27698
45,-1.19402,-1.63392,3.22025
45,-1.20109,-2.88155,2.82671
45,-1.20553,-2.88063,2.83722
45,-1.26779,-2.85993,2.8418
45,-1.20623,-3.04889,2.79113
45,-0.905961,-1.32235,3.38079
45,-0.879147,-1.32673,3.39021
45,-1.30835,-1.35367,3.37518
45,-1.29913,-1.33872,3.3866
45,-0.834357,-1.33217,3.46488
45,-1.30647,-1.36126,3.42319
45,-0.883434,-1.33722,3.47146
45,-0.926765,-1.33936,3.52923
45,-0.893966,-1.34358,3.53167
45,-0.829833,-1.34041,3.55548
45,-1.19701,-1.86691,3.36072
45,-0.82735,-1.3417,3.58647
45,-1.10392,-1.36148,3.56985
45,-0.946892,-1.3451,3.59361
45,-1.07464,-1.35873,3.59868
45,-1.10507,-1.3696,3.60092
45,-1.66972,-3.14334,3.00058
45,-0.798097,-1.35212,3.67259
45,-1.19695,-1.67561,3.55024
45,-1.09191,-1.35528,3.67386
45,-1.11134,-1.36993,3.6708
45,-1.70067,-3.18098,3.09952
45,-2.19644,-2.95235,3.48758
45,-2.04591,-1.47479,4.03422
45,-0.509174,-1.30243,2.93748
42,-0.509174,-1.30243,2.93748
45,-0.469344,-1.10425,3.08916
42,-0.469344,-1.10425,3.08916
46,-1.98726,-0.602275,3.22296
46,-1.9736,-0.573027,3.24979
46,-1.91433,-0.574901,3.18689
46,-1.27798,-0.583965,2.39935
46,-1.89314,-0.567269,3.19641
46,-0.743006,-0.413896,1.94562
46,-0.658932,-0.510984,1.94357
46,-0.639527,-0.70801,2.08874
46,-0.584574,-0.826607,2.14953
46,-0.794876,-0.427924,2.08776
46,-0.784829,-0.429832,2.08707
46,-0.719523,-0.818226,2.33499
46,-0.64242,-0.776714,2.21393
46,-0.770554,-0.720777,2.33178
46,-0.838491,-0.466321,2.20366
46,-0.70263,-1.52534,2.93202
46,-0.701177,-0.814805,2.34026
46,-0.890765,-0.485099,2.3058
46,-0.546195,-0.824943,2.15495
46,-0.622429,-0.855582,2.28297
46,-0.759029,-0.70121,2.3301
46,-0.615919,-0.848525,2.28057
46,-0.869809,-0.486079,2.30364
46,-1.20658,-0.358497,2.66337
46,-0.634796,-1.5109,2.9252
46,-1.19101,-0.363529,2.66692
46,-0.620327,-1.52182,2.92423
46,-0.570225,-1.48041,2.85565
46,-1.15418,-0.418337,2.70907
46,-0.67734,-1.39092,2.924
46,-0.650814,-1.42178,2.91685
46,-0.615359,-1.45462,2.90192
46,-0.607568,-1.44891,2.89748
46,-0.694295,-1.36004,2.93584
46,-0.682229,-1.39767,2.95871
46,-0.713275,-1.30522,2.92645
46,-1.14696,-0.383981,2.73709
46,-0.674826,-1.33166,2.94533
46,-1.14051,-0.369652,2.73621
46,-0.744057,-1.32869,3.25283
46,-0.716536,-1.32338,3.28522
46,-0.74087,-1.31247,3.31919
46,-1.43245,-0.605223,3.64609
46,-0.710943,-1.30445,3.34448
46,-0.781075,-1.36716,3.55641
46,-1.34689,-0.556915,3.70014
46,-0.691223,-1.32761,3.53687
46,-0.721164,-1.3715,3.68087
46,-0.672159,-1.29369,3.64699
46,-0.707813,-1.335,3.79471
46,-0.696494,-1.32334,3.80908
46,-0.718484,-1.30437,3.85561
46,-0.749279,-1.33605,4.1046
46,-0.764386,-1.35147,4.15121
46,-0.857239,-1.44759,4.38368
46,-0.857695,-1.41085,4.3658
46,-0.804611,-1.45223,4.42233
46,-0.823202,-1.40162,4.41625
46,-0.815098,-1.38877,2.87445
45,-0.815098,-1.38877,2.87445
46,-0.85172,-1.47587,2.86845
45,-0.85172,-1.47587,2.86845
46,-0.580232,-1.24446,2.97204
42,-0.580232,-1.24446,2.97204
46,-0.52649,-1.80582,2.89296
42,-0.52649,-1.80582,2.89296
47,-2.81139,-1.73473,2.16648
47,-2.80824,-1.71834,2.17728
47,-2.80383,-1.7128,2.18147
47,-2.79674,-1.70882,2.18251
47,-2.56017,-0.75084,2.19243
47,-2.5202,-0.737836,2.22427
47,-2.57405,-0.737575,2.29731
47,-2.49949,-0.716736,2.23492
47,-2.54253,-0.747757,2.32837
47,-2.53412,-0.738856,2.3218
47,-2.53744,-0.752646,2.34869
47,-2.5232,-0.761014,2.34705
47,-2.53203,-0.732668,2.32107
47,-2.47975,-0.712416,2.2684
47,-2.45681,-0.726738,2.28013
47,-2.10427,-0.771742,1.99982
47,-2.13515,-0.721111,1.96959
47,-2.46114,-0.737363,2.31613
47,-2.11722,-0.704704,1.94159
47,-2.42995,-0.708188,2.25424
47,-2.44972,-0.725109,2.29652
47,-2.47368,-0.75832,2.36528
47,-2.45649,-0.734464,2.32433
47,-2.10592,-0.746419,2.00698
47,-2.43504,-0.745206,2.34464
47,-2.44156,-0.694955,2.29829
47,-2.1129,-0.692287,1.97698
47,-2.38632,-0.735694,2.30162
47,-2.45287,-0.703479,2.32469
47,-2.09239,-0.727336,2.01298
47,-2.45016,-0.734416,2.38308
47,-2.42699,-0.748297,2.37988
47,-2.3904,-0.729121,2.32115
47,-2.41606,-0.720258,2.35953
47,-2.4072,-0.729733,2.38685
47,-2.2791,-0.705131,2.29707
47,-2.28238,-0.700028,2.30515
47,-2.31152,-0.731877,2.40057
47,-2.34795,-0.706148,2.42487
47,-2.30454,-0.703845,2.3979
47,-2.28677,-0.691849,2.37377
47,-2.43105,-0.693213,2.52461
47,-2.28527,-0.680336,2.3696
47,-2.32846,-0.699967,2.44361
47,-2.25092,-0.647899,2.30341
47,-2.28614,-0.707821,2.41633
47,-2.2952,-0.69215,2.40922
47,-2.32984,-0.709548,2.46977
47,-2.35546,-0.730151,2.52805
47,-2.37154,-0.72982,2.54826
47,-2.36794,-0.727257,2.54414
47,-2.34976,-0.72412,2.53095
47,-2.35622,-0.714724,2.53386
47,-2.37447,-0.732742,2.5804
47,-2.38603,-0.724358,2.5836
47,-2.02673,-0.703701,2.21005
47,-2.32401,-0.691115,2.48156
47,-2.36953,-0.70723,2.55539
47,-1.91991,-0.6976,2.11545
47,-2.31959,-0.71944,2.53594
47,-2.38619,-0.710767,2.59046
47,-2.37873,-0.716634,2.5978
47,-2.29029,-0.700507,2.4918
47,-2.29811,-0.701826,2.50637
47,-2.31725,-0.710868,2.53866
47,-2.00404,-0.696878,2.21739
47,-2.3842,-0.697974,2.58938
47,-2.33575,-0.734338,2.59112
47,-2.32096,-0.710883,2.55057
47,-2.26005,-0.692868,2.47517
47,-2.33492,-0.720833,2.58997
47,-2.26401,-0.713346,2.51912
47,-2.24983,-0.693795,2.48477
47,-2.26782,-0.700342,2.51861
47,-1.96219,-0.690121,2.22992
47,-2.26183,-0.695103,2.52923
47,-1.61494,-0.667276,1.86895
47,-2.27294,-0.674695,2.52607
47,-2.29543,-0.722092,2.61255
47,-2.27258,-0.701644,2.5659
47,-1.53709,-0.639309,1.77358
47,-2.23977,-0.675512,2.50089
47,-2.01962,-0.679907,2.30137
47,-2.21418,-0.688099,2.51835
47,-1.5192,-0.631112,1.77341
47,-2.26733,-0.727155,2.65671
47,-1.45041,-0.63441,1.76624
47,-1.58023,-0.649315,1.91493
47,-1.97373,-0.688506,2.34733
47,-2.18322,-0.664224,2.52197
47,-2.19448,-0.659518,2.53365
47,-2.22965,-0.697857,2.62176
47,-2.18892,-0.658937,2.53361
47,-2.28184,-0.673335,2.64818
47,-2.20907,-0.682003,2.59076
47,-2.25711,-0.699397,2.66028
47,-2.1836,-0.677671,2.56476
47,-2.18964,-0.64788,2.53476
47,-2.23105,-0.696252,2.65186
47,-2.26584,-0.691686,2.6804
47,-1.53488,-0.664121,1.94996
47,-2.24008,-0.678432,2.65432
47,-2.2304,-0.669985,2.64206
47,-2.13209,-0.665159,2.54095
47,-2.16845,-0.66605,2.57854
47,-2.21975,-0.669114,2.63497
47,-1.89836,-0.690629,2.35948
47,-2.16232,-0.664597,2.58154
47,-2.26557,-0.6466,2.66241
47,-1.52375,-0.643987,1.94378
47,-2.22401,-0.691024,2.69123
47,-2.22346,-0.686942,2.6942
47,-2.19208,-0.65326,2.61983
47,-2.22193,-0.668004,2.67112
47,-2.15827,-0.646798,2.58561
47,-2.15987,-0.648743,2.59065
47,-2.16424,-0.642497,2.58909
47,-2.12094,-0.646444,2.55515
47,-2.18675,-0.682334,2.66713
47,-2.23702,-0.683222,2.71952
47,-2.17721,-0.68371,2.66375
47,-2.22852,-0.675429,2.70276
47,-2.22024,-0.671455,2.69849
47,-2.15045,-0.647114,2.60212
47,-2.17978,-0.656478,2.64306
47,-2.14153,-0.6511,2.60802
47,-2.1738,-0.64161,2.63618
47,-2.10535,-0.635697,2.56694
47,-1.41808,-0.625583,1.90961
47,-2.19237,-0.683482,2.73931
47,-2.1572,-0.692537,2.71728
47,-1.40032,-0.633528,1.91083
47,-2.17577,-0.688877,2.74275
47,-2.18315,-0.678047,2.73592
47,-2.10942,-0.674371,2.66872
47,-2.12599,-0.681311,2.69882
47,-2.10799,-0.668145,2.66767
47,-1.74847,-0.662957,2.31724
47,-1.73418,-0.657993,2.30797
47,-2.08118,-0.674395,2.68036
47,-2.10557,-0.681467,2.71884
47,-2.09012,-0.666923,2.68486
47,-2.16039,-0.683457,2.77481
47,-2.1664,-0.659178,2.75201
47,-2.1676,-0.65504,2.76614
47,-2.15423,-0.674596,2.77906
47,-2.07268,-0.667998,2.69309
47,-2.09811,-0.641146,2.68351
47,-2.10012,-0.669808,2.72726
47,-2.07901,-0.652809,2.69587
47,-2.08531,-0.687228,2.75435
47,-2.14547,-0.662596,2.78436
47,-2.0897,-0.662494,2.73997
47,-2.09539,-0.669436,2.75843
47,-2.10297,-0.644432,2.7355
47,-2.06223,-0.6386,2.69916
47,-2.10346,-0.668003,2.79296
47,-2.1224,-0.675276,2.83082
47,-2.09462,-0.668705,2.81319
47,-2.06322,-0.668027,2.78925
47,-2.11677,-0.672472,2.84742
47,-2.05376,-0.670163,2.78621
47,-2.10219,-0.666159,2.83993
47,-2.08906,-0.664861,2.8262
47,-2.04838,-0.660228,2.78869
47,-2.08083,-0.662566,2.82481
47,-1.26019,-0.613911,1.96893
47,-2.0866,-0.654867,2.82217
47,-2.04737,-0.657027,2.79307
47,-2.0794,-0.6488,2.82219
47,-1.58804,-0.645238,2.34334
47,-1.71037,-0.618903,2.4352
47,-1.43486,-0.614,2.19279
47,-1.57915,-0.649132,2.38341
47,-1.56395,-0.622074,2.34749
47,-2.0799,-0.672551,2.91555
47,-1.53638,-0.617715,2.32368
47,-1.5713,-0.608832,2.34641
47,-1.69672,-0.613093,2.47484
47,-1.47876,-0.624823,2.2804
47,-2.01417,-0.636665,2.81521
47,-1.55454,-0.640742,2.3827
47,-1.55356,-0.637582,2.38519
47,-2.06443,-0.65429,2.90934
47,-2.00969,-0.623534,2.81781
47,-1.40604,-0.586508,2.19819
47,-1.38493,-0.613488,2.22278
47,-1.1981,-0.571748,1.99507
47,-2.05056,-0.645064,2.93025
47,-2.02023,-0.63565,2.89071
47,-2.05073,-0.640126,2.93047
47,-2.05448,-0.642492,2.93789
47,-1.50134,-0.592213,2.3424
47,-2.00476,-0.628066,2.90401
47,-1.68947,-0.654857,2.63561
47,-1.43294,-0.581004,2.29425
47,-2.0065,-0.62349,2.90538
47,-1.96198,-0.629702,2.87514
47,-1.96333,-0.629854,2.87718
47,-1.61763,-0.623993,2.54309
47,-1.95953,-0.62693,2.88106
47,-1.98752,-0.627869,2.91241
47,-1.53809,-0.589224,2.42994
47,-1.59852,-0.613901,2.52832
47,-1.55062,-0.58077,2.44079
47,-1.95393,-0.620178,2.88687
47,-2.01588,-0.634538,2.96728
47,-1.34702,-0.573457,2.24651
47,-1.74053,-0.614712,2.68735
47,-2.00184,-0.614143,2.93959
47,-1.99675,-0.630845,2.96405
47,-1.64256,-0.620908,2.61022
47,-1.67085,-0.618733,2.63648
47,-1.93287,-0.616651,2.89066
47,-1.40606,-0.561591,2.31152
47,-2.00498,-0.636856,2.99319
47,-1.90227,-0.623217,2.8781
47,-1.90172,-0.623162,2.881
47,-1.98802,-0.614105,2.95319
47,-1.98312,-0.610721,2.94442
47,-1.66852,-0.619385,2.65275
47,-1.33195,-0.569912,2.26284
47,-1.98997,-0.6038,2.9476
47,-1.89621,-0.617199,2.87513
47,-1.67825,-0.611766,2.65729
47,-1.97728,-0.607587,2.95058
47,-1.70793,-0.624428,2.71273
47,-1.98916,-0.627047,3.01061
47,-1.70163,-0.614348,2.72011
47,-1.88632,-0.603472,2.88839
47,-1.97779,-0.630027,3.0193
47,-1.98145,-0.621811,3.01665
47,-1.65853,-0.595762,2.67209
47,-1.96687,-0.62611,3.01312
47,-1.37509,-0.643817,2.47963
47,-1.00624,-0.543116,1.99276
47,-1.69675,-0.568131,2.69805
47,-1.69917,-0.568105,2.70067
47,-1.03622,-0.556415,2.04969
47,-1.89814,-0.611663,2.95984
47,-0.984272,-0.519178,1.96594
47,-1.02891,-0.547532,2.04691
47,-1.46737,-0.628889,2.58536
47,-1.89183,-0.601189,2.96365
47,-1.88924,-0.60166,2.96374
47,-1.36918,-0.599131,2.46113
47,-1.34921,-0.615983,2.48871
47,-1.46035,-0.615468,2.5976
47,-1.37052,-0.611042,2.50756
47,-1.66192,-0.575065,2.74796
47,-1.34578,-0.608572,2.496
47,-1.37256,-0.605312,2.51821
47,-1.65863,-0.59976,2.78851
47,-1.46497,-0.596399,2.59913
47,-1.25678,-0.580167,2.38528
47,-1.27413,-0.600296,2.43562
47,-1.8818,-0.593486,3.0212
47,-1.24783,-0.575521,2.38996
47,-0.690692,-1.36781,2.90458
47,-1.24703,-0.594492,2.44517
47,-0.513891,-0.932843,2.18529
47,-1.09307,-0.577776,2.2968
47,-1.08214,-0.578934,2.29106
47,-0.620957,-0.749193,2.07599
47,-1.23205,-0.631426,2.51366
47,-1.86139,-0.604735,3.08744
47,-1.84908,-0.552943,3.01131
47,-1.21353,-0.548445,2.39891
47,-1.86552,-0.590215,3.10277
47,-0.648796,-1.28167,2.83616
47,-1.55811,-0.666229,2.90704
47,-1.86666,-0.581639,3.09601
47,-1.5669,-0.662741,2.91404
47,-0.642111,-0.737892,2.11944
47,-1.86364,-0.586761,3.10393
47,-1.81647,-0.576426,3.04975
47,-1.80932,-0.58035,3.06792
47,-0.668545,-0.74152,2.18536
47,-1.5778,-0.63424,2.92406
47,-1.80582,-0.573277,3.06563
47,-0.750607,-0.721242,2.24134
47,-0.67714,-0.683747,2.12413
47,-1.02898,-0.595775,2.35065
47,-1.81194,-0.540607,3.03906
47,-1.01574,-0.595076,2.34559
47,-0.743645,-0.709498,2.23735
47,-1.04847,-0.625675,2.42207
47,-1.55129,-0.63615,2.92651
47,-0.845591,-0.647014,2.26752
47,-0.771846,-0.609335,2.14962
47,-0.806728,-0.626547,2.20912
47,-1.79272,-0.56918,3.08882
47,-1.77687,-0.572393,3.08941
47,-1.39626,-0.593621,2.75849
47,-1.14044,-0.606958,2.52969
47,-0.997292,-0.574443,2.35823
47,-1.80673,-0.583478,3.16301
47,-1.0257,-0.580286,2.414
47,-1.53229,-0.609529,2.94894
47,-1.38792,-0.579706,2.77146
47,-1.52936,-0.60784,2.9485
47,-0.814958,-0.608731,2.27293
47,-1.3641,-0.564666,2.76659
47,-1.37732,-0.6137,2.84771
47,-1.5226,-0.592952,2.96116
47,-1.09692,-0.584924,2.5475
47,-1.71848,-0.583139,3.1682
47,-1.51177,-0.577256,2.96794
47,-1.3513,-0.554247,2.78373
47,-1.7121,-0.584282,3.17986
47,-1.71544,-0.597951,3.20235
47,-1.73823,-0.589692,3.21986
47,-1.71655,-0.59155,3.20162
47,-1.72068,-0.567979,3.18406
47,-1.73684,-0.548008,3.18044
47,-1.40702,-0.584126,2.91215
47,-1.71736,-0.587873,3.23333
47,-1.08922,-0.616324,2.68829
47,-1.70045,-0.549408,3.19778
47,-1.72254,-0.577595,3.26416
47,-1.21667,-0.600811,2.85351
47,-1.32886,-0.580543,2.93931
47,-1.70606,-0.564693,3.31007
47,-1.70083,-0.572138,3.31772
47,-1.69337,-0.580458,3.3215
47,-1.68123,-0.555389,3.34446
47,-0.945153,-0.633064,2.73681
47,-1.18481,-0.546829,2.86649
47,-1.23095,-0.516456,2.8761
47,-0.92673,-0.641032,2.74594
47,-1.16797,-0.547325,2.87162
47,-1.26515,-0.549831,2.98877
47,-0.938134,-0.569199,2.7134
47,-1.15614,-0.537071,2.8829
47,-0.907968,-0.609243,2.76087
47,-1.63646,-0.545587,3.39902
47,-0.896918,-0.591728,2.75707
47,-1.12048,-0.518067,2.88682
47,-1.14812,-0.500974,2.90101
47,-0.918289,-0.53786,2.74126
47,-1.15095,-0.508111,2.93712
47,-1.55419,-0.542429,3.38372
47,-1.54542,-0.538236,3.38095
47,-1.13051,-0.498454,2.93612
47,-1.12646,-0.49896,2.93404
47,-1.53736,-0.526407,3.38986
47,-1.5252,-0.552809,3.42712
47,-1.53951,-0.514333,3.40339
47,-1.49583,-0.526778,3.44717
47,-2.18918,-0.457518,4.04086
47,-1.52835,-0.567615,3.5529
47,-1.54818,-0.556418,3.56607
47,-1.48411,-0.584387,3.56208
47,-1.52095,-0.545032,3.5923
47,-1.5004,-0.538023,3.57334
47,-1.48177,-0.551478,3.58062
47,-1.50008,-0.536209,3.59345
47,-1.45219,-0.484347,3.49445
47,-1.45126,-0.552291,3.59345
47,-1.42894,-0.556807,3.58589
47,-1.41318,-0.542751,3.5961
47,-1.41517,-0.561253,3.63685
47,-1.39023,-0.526666,3.5725
47,-1.31696,-0.514533,3.51591
47,-1.3378,-0.485139,3.50089
47,-1.35795,-0.474855,3.51156
47,-1.32903,-0.481944,3.50968
47,-1.34333,-0.502055,3.56891
47,-1.31289,-0.454316,3.52678
47,-1.32818,-0.485224,3.58369
47,-1.33384,-0.51719,3.63549
47,-1.32664,-0.492437,3.59968
47,-1.32163,-0.479063,3.59375
47,-1.27048,-0.460554,3.5684
47,-1.42912,-0.52314,4.78788
47,-1.41976,-0.501958,4.76345
47,-0.628404,-1.2921,2.84241
46,-0.628404,-1.2921,2.84241
47,-0.866913,-1.34696,3.39903
43,-0.866913,-1.34696,3.39903
48,-3.30597,-0.526549,2.92721
48,-3.18702,-0.553718,2.91248
48,-2.94896,-0.618527,2.96092
48,-3.10662,-0.576529,3.32903
48,-3.09539,-0.589171,3.38056
48,-2.97081,-0.574179,3.21766
48,-2.96251,-0.566641,3.22766
48,-2.55254,0.196701,2.8631
48,-2.54484,0.156066,2.89636
48,-2.49923,0.187045,2.79857
48,-2.49938,0.156577,2.83765
48,-2.46438,0.170099,2.81517
48,-2.46407,0.172646,2.81918
48,-2.19357,0.0757707,2.38101
48,-2.14856,0.0581903,2.3199
48,-2.17216,0.0899605,2.38427
48,-2.44074,0.146899,2.90415
48,-2.39371,0.151437,2.86391
48,-2.38147,0.178636,2.86764
48,-2.37886,0.167386,2.89439
48,-2.36036,0.140657,2.893
48,-2.3606,0.115176,2.92638
48,-2.36171,0.169744,2.88086
48,-2.35134,0.146454,2.8977
48,-2.33879,0.130046,2.92983
48,-2.30971,0.109065,2.93367
48,-2.29572,0.101447,2.92868
48,-2.31098,0.140916,2.92673
48,-2.2789,0.0853988,2.96907
48,-2.60745,-0.256485,3.98286
48,-2.03085,-0.0158486,2.59045
48,-2.23642,0.0856793,2.91142
48,-2.2367,0.0898478,2.97489
48,-2.21473,0.100087,2.92829
48,-2.23414,0.0719808,3.01234
48,-2.20924,0.0876576,2.98635
48,-2.19895,0.0719361,3.00482
48,-2.2042,0.078615,3.01137
48,-2.19203,0.0735288,2.99993
48,-2.15655,0.0532415,2.9752
48,-2.17413,0.0586044,3.01757
48,-2.16429,0.0768681,2.98518
48,-2.16897,0.058938,3.01216
48,-2.15454,0.063671,2.98725
48,-2.1444,0.0638351,2.98492
48,-2.17122,0.0458013,3.05872
48,-2.15332,0.049673,3.02781
48,-2.15608,0.0343735,3.05224
48,-2.15119,0.0553757,3.02693
48,-2.1353,0.0524065,3.00153
48,-2.1626,0.0438551,3.06789
48,-2.15543,0.044088,3.05998
48,-2.10374,0.0506543,2.96027
48,-2.14749,0.0670964,3.03261
48,-2.14383,0.0617145,3.03228
48,-2.14892,0.0512587,3.0595
48,-2.13263,0.0660931,3.01275
48,-2.09188,0.0428578,2.95558
48,-2.12184,0.0273603,3.05264
48,-2.05307,0.0418237,2.91046
48,-2.08118,0.0178381,3.00252
48,-2.07974,0.037257,2.98274
48,-2.07914,0.0460694,2.98835
48,-2.06823,0.0621991,2.96004
48,-2.1045,0.0355479,3.06273
48,-2.03746,0.0539224,2.91155
48,-2.10184,0.0355918,3.07084
48,-2.06168,0.032883,3.00679
48,-2.03501,0.0537649,2.93468
48,-2.12556,0.0435966,3.13285
48,-2.09011,0.0365034,3.09487
48,-2.0757,0.025672,3.07654
48,-2.10816,0.0576103,3.1412
48,-2.02561,0.0441492,2.99526
48,-2.06716,0.0138911,3.11055
48,-2.06467,0.00563574,3.11698
48,-2.0557,0.0329533,3.08648
48,-2.0617,0.0173008,3.11827
48,-2.02552,0.00695252,3.11997
48,-2.03685,0.0554197,3.10878
48,-1.99885,0.0123487,3.17894
48,-1.95907,0.00234902,3.10973
48,-1.96921,-0.00688851,3.16005
48,-1.97104,0.0151325,3.14435
48,-1.97564,-0.00686049,3.18289
48,-1.96951,-0.00940204,3.19597
48,-1.90206,-0.0157185,3.11006
48,-1.78159,-0.109137,2.97469
48,-1.77789,-0.110463,2.97386
48,-1.7693,-0.103188,2.97871
48,-1.90095,-0.0391819,3.19536
48,-1.89516,-0.0403717,3.18598
48,-1.88001,-0.0280758,3.15774
48,-1.88378,-0.073817,3.2357
48,-1.87218,-0.027732,3.20784
48,-1.77856,-0.0151558,3.14025
48,-1.79567,-0.121647,3.38075
48,-1.75659,-0.0841511,3.28252
48,-1.74243,-0.0844057,3.26734
48,-1.76106,-0.14469,3.36997
48,-1.74275,-0.121883,3.32744
48,-1.7283,-0.094406,3.31831
48,-1.49103,-0.223419,2.9784
48,-1.46931,-0.255122,2.97985
48,-1.71416,-0.0913093,3.31308
48,-1.68108,-0.11056,3.35319
48,-1.5214,-0.16568,3.09182
48,-1.6967,-0.121001,3.40349
48,-1.66116,-0.132931,3.36624
48,-1.68158,-0.118855,3.41764
48,-1.65005,-0.125155,3.36787
48,-1.63037,-0.154377,3.37277
48,-1.49592,-0.179233,3.13855
48,-1.61996,-0.136804,3.35256
48,-1.38706,-0.196717,2.94422
48,-1.61823,-0.134575,3.36504
48,-1.64608,-0.165305,3.45777
48,-1.61492,-0.126243,3.36823
48,-1.63271,-0.16206,3.46736
48,-1.30498,-0.179496,2.8343
48,-1.58139,-0.165719,3.41015
48,-1.60012,-0.142444,3.44872
48,-1.3844,-0.232986,3.16028
48,-1.38329,-0.238843,3.16598
48,-1.51527,-0.160153,3.36262
48,-0.75032,-1.24669,2.90544
48,-1.36526,-0.220391,3.16549
48,-1.51321,-0.180926,3.42941
48,-1.50407,-0.15566,3.42868
48,-1.49534,-0.186464,3.47039
48,-1.3349,-0.21884,3.18801
48,-1.46184,-0.178982,3.4802
48,-1.72755,-0.182998,4.03813
48,-1.46759,-0.204604,3.54174
48,-1.44539,-0.169594,3.48108
48,-0.924057,-0.388643,2.65468
48,-1.44446,-0.230359,3.58453
48,-1.14877,-0.320432,3.08537
48,-1.41364,-0.21689,3.53036
48,-1.43076,-0.210289,3.56796
48,-0.947617,-0.384718,2.77412
48,-1.3846,-0.200348,3.50843
48,-1.3866,-0.231229,3.58024
48,-1.35989,-0.240518,3.53878
48,-1.3734,-0.262947,3.58866
48,-1.39219,-0.239079,3.60584
48,-1.38817,-0.211343,3.59333
48,-1.31943,-0.250882,3.5383
48,-1.34768,-0.251483,3.60217
48,-1.08137,-0.351284,3.18275
48,-1.34651,-0.263842,3.64261
48,-1.92105,-0.0230399,4.61192
48,-1.32789,-0.261391,3.65118
48,-1.30976,-0.246475,3.60645
48,-1.28173,-0.273447,3.59904
48,-1.27235,-0.245864,3.57802
48,-1.2922,-0.271957,3.65745
48,-1.01714,-0.365417,3.19849
48,-1.23564,-0.271407,3.61463
48,-0.947535,-0.345081,3.1333
48,-0.936449,-0.351815,3.13219
48,-1.18764,-0.281509,3.63058
48,-1.18447,-0.27826,3.62493
48,-0.897573,-0.335188,3.14416
48,-1.61225,-0.182934,4.46532
48,-1.60492,-0.204522,4.49102
48,-1.16867,-0.295191,3.74516
48,-0.897695,-0.365163,3.27757
48,-1.6374,-0.146488,4.55596
48,-1.15004,-0.280677,3.70701
48,-0.846527,-0.377404,3.19154
48,-1.64689,-0.115009,4.54613
48,-1.16106,-0.285703,3.73605
48,-1.14953,-0.3201,3.75836
48,-1.57013,-0.175153,4.46353
48,-1.10447,-0.303255,3.66565
48,-1.61051,-0.147953,4.5546
48,-1.08438,-0.297714,3.68038
48,-1.53481,-0.155437,4.45454
48,-1.06905,-0.324024,3.68414
48,-1.11099,-0.306629,3.7639
48,-1.4814,-0.146143,4.41988
48,-1.07967,-0.330573,3.79693
48,-1.47585,-0.19672,4.48675
48,-1.47818,-0.146839,4.44408
48,-1.49945,-0.208715,4.56573
48,-1.44795,-0.183212,4.44909
48,-1.0211,-0.31724,3.73727
48,-0.996378,-0.363561,3.75984
48,-1.48381,-0.110449,4.50447
48,-1.48321,-0.115193,4.51437
48,-0.933223,-0.375249,3.72167
48,-1.43014,-0.124541,4.48069
48,-1.38799,-0.180131,4.54134
48,-0.93571,-0.424307,3.87166
48,-0.872701,-0.356231,3.72793
48,-0.884669,-0.40021,3.88717
48,-0.827031,-0.384759,3.76345
48,-0.791528,-0.428104,3.76673
48,-0.546356,-0.505264,4.80986
48,-0.514724,-0.649248,5.00831
48,-0.927236,-0.278312,5.93888
48,-1.69305,-0.187486,3.43073
47,-1.69305,-0.187486,3.43073
48,-0.874753,-0.412823,3.89083
47,-0.874753,-0.412823,3.89083
48,-2.24108,0.186889,3.0211
47,-2.24108,0.186889,3.0211
48,-2.25296,0.178868,3.0171
47,-2.25296,0.178868,3.0171
48,-1.81206,-0.329482,4.27199
47,-1.81206,-0.329482,4.27199
49,-3.65289,-1.69043,1.9665
49,-3.6448,-1.69165,1.97368
49,-3.59569,-1.66876,2.00897
49,-3.01127,-0.986243,3.21832
49,-2.89394,-1.60378,3.99254
49,-2.852,-1.56512,4.0139
49,-2.8174,-1.64795,4.02731
49,-1.96227,-0.825912,3.13806
49,-1.75145,-0.689647,3.33437
49,-2.48772,-0.527665,3.96745
49,-1.6684,-0.636597,3.3599
49,-1.87136,-0.989566,3.95827
49,-1.48542,-1.58108,4.80578
49,-2.06815,-0.950819,5.34609
49,-1.95467,-1.16012,5.51937
49,-0.10022,-0.270019,6.00326
49,-0.0794079,-0.239847,6.01996
49,2.6182,-0.847953,5.11934
49,2.47685,-1.00204,6.93386
49,-0.124519,1.91859,7.98244
49,1.28076,0.243718,7.57306
49,3.48623,-0.819671,7.90463
49,3.96015,-0.812133,8.11572
49,1.91233,2.88054,9.49811
49,7.14131,-0.870519,11.7714
49,7.71124,-0.782384,12.3114
49,10.5448,0.00119317,14.0738
49,9.24726,0.992489,14.9024
49,11.9512,0.00151253,15.2785
49,0.754259,2.12931,8.61331
40,0.754259,2.12931,8.61331
50,0.048731,0.127153,0.798459
50,0.149286,0.02742,0.931004
50,0.0405413,0.0582355,0.865472
50,0.0882491,0.0536954,1.04217
50,0.217478,0.0603878,0.897461
50,0.208974,0.046871,0.909715
50,0.205367,0.0357687,0.919245
50,0.201277,-0.0476987,1.03202
50,0.0056828,0.00716488,0.970661
50,0.00884396,0.001056,0.981841
50,0.00267227,-0.00205486,0.989139
50,-0.0149952,0.0301503,0.924714
50,-0.000431625,0.0161046,0.956311
50,0.0146082,0.013057,0.953948
50,0.0147412,0.00710564,0.962635
50,0.105032,-0.0692357,1.01386
50,0.202831,-0.0569829,1.02344
50,0.150558,-0.0503143,1.01909
50,0.151817,-0.107149,1.07343
50,0.123432,0.16344,0.76977
50,0.117083,0.154966,0.77595
50,0.0747232,0.0280807,0.953438
50,0.0954124,0.0474527,0.921004
50,0.106367,0.0298438,0.915313
50,0.0585968,0.0464904,0.850293
50,0.0455925,0.0550163,0.857826
50,0.0749873,0.0200657,0.47703
50,0.151773,-0.0172266,0.9655
50,0.144013,-0.0320751,0.954419
50,0.12886,0.00403239,0.95363
50,0.0762388,0.0803009,0.868013
50,0.067603,0.0770791,0.862586
50,0.153471,0.129862,0.786905
50,0.13602,0.137243,0.801022
50,0.156471,0.110683,0.82909
50,0.170606,0.0836832,0.874762
50,0.138026,0.136751,0.78373
50,0.202457,0.0129521,0.946283
50,0.173224,0.00102129,0.949591
50,0.214394,-0.0336768,1.00208
50,0.148611,0.0628137,0.891728
50,0.117781,0.0305591,0.937252
50,0.0964946,-0.0322858,0.960689
50,0.0460738,0.0419309,0.866882
50,0.192397,0.105089,0.82621
50,0.192708,0.0726649,0.87493
50,0.166758,-0.144219,1.15336
50,0.211041,-0.0814955,1.0482
50,0.0971837,-0.0587662,0.998906
50,0.272595,-0.109439,1.09638
50,0.260141,-0.148746,1.13246
50,0.169556,0.0519548,0.898427
50,0.0473473,0.1264,0.796358
50,0.106971,-0.0898663,1.08543
50,0.111968,-0.0947265,1.09414
50,0.114103,0.114331,0.860482
50,0.170809,0.103416,0.851035
50,0.172341,0.0964149,0.875165
50,-0.0825503,0.0996376,0.874388
50,-0.00329026,0.0349457,0.912888
50,-0.0139463,0.0321704,0.932561
50,0.0215659,0.0253824,0.94254
50,0.0149276,0.0078102,0.974802
50,0.00386278,0.0114978,0.974751
50,0.00765486,0.00417854,0.988187
50,-0.0748205,0.143549,0.900817
50,-0.0785978,0.151074,0.905066
50,-0.0690985,0.0927276,0.87163
50,-0.0831414,0.0770273,0.880649
50,0.272545,-0.215428,1.24096
50,0.15132,-0.049923,1.02425
50,0.211239,-0.144347,1.09371
50,0.2219,-0.164673,1.14891
50,0.210099,0.0545759,0.894956
50,0.205729,0.0483686,0.905532
50,0.203755,0.126847,0.815369
50,0.193035,0.106143,0.82227
50,0.18217,0.0961747,0.843999
50,0.0400413,0.0269801,0.878449
50,0.0277333,0.0279753,0.910852
50,0.1604,0.04221,0.920662
50,0.155643,0.0211369,0.913191
50,0.14516,0.0393163,0.934679
50,0.149201,0.0252561,0.937854
50,0.149747,-0.0178117,0.964212
50,0.144344,-0.0328351,0.977033
50,0.0546117,0.130475,0.799785
50,0.0455985,0.13066,0.800922
50,0.174892,0.103341,0.824736
50,0.123954,0.0873851,0.884312
50,0.101994,0.147138,0.791754
50,0.155691,0.122356,0.806106
50,0.142195,0.117708,0.816171
50,0.127414,0.00769851,0.960865
50,0.200912,0.0147603,0.947439
50,0.171868,0.000420641,0.945423
50,0.109946,0.0621568,0.906754
50,0.119704,0.0390872,0.929233
50,0.0981858,-0.00308903,0.925247
50,0.046199,0.0431411,0.869237
50,0.191052,0.0760873,0.869903
50,0.20689,0.03545,0.926064
50,0.179913,-0.144125,1.15845
50,0.131613,-0.0652603,1.02168
50,0.170847,-0.0640282,1.00239
50,0.20863,-0.0939269,1.03947
50,0.248254,-0.185512,1.17069
50,0.224373,-0.200253,1.23425
50,0.271264,-0.112106,1.10221
50,0.25479,-0.053554,1.0196
50,0.13235,-0.0288749,0.592415
50,0.324297,-0.264566,1.29774
50,-0.0144666,0.0150705,0.967353
50,0.0711644,-0.0468546,1.0422
50,0.0774435,0.0298686,0.972497
50,0.0908512,0.139441,0.799145
50,-0.518389,-0.659092,3.11725
50,0.152005,0.0610016,0.899835
50,0.151967,0.056902,0.899612
50,0.140615,0.117521,0.810619
50,0.144582,0.110379,0.812233
50,-0.00333785,0.0333495,0.926111
50,-0.0209875,0.0215896,0.964268
50,0.000918268,0.0130564,0.98102
50,0.0187152,0.004144,0.980004
50,0.00553946,-0.0049079,1.01153
50,-0.069919,0.162086,0.916993
50,-0.0769723,0.147161,0.902068
50,-0.0703186,0.0906213,0.870404
50,-0.0723304,0.0688245,0.895306
50,0.286213,-0.0463264,1.01339
50,0.2867,-0.0658999,1.0317
50,0.264975,-0.0559012,1.02019
50,0.254867,-0.0557166,1.01682
50,0.151724,-0.0505743,1.00636
50,0.159316,-0.0591386,0.996691
50,0.122917,0.167346,0.76898
50,0.120962,0.151817,0.778872
50,0.225754,0.141286,0.799322
50,0.21293,0.14361,0.792119
50,0.217291,0.136898,0.794914
50,0.190075,0.10368,0.817567
50,0.160109,0.0164749,0.923001
50,0.170867,-0.000291798,0.936021
50,0.141913,0.126439,0.797237
50,0.125116,0.0839208,0.883066
50,0.172685,0.0990565,0.841353
50,0.157383,0.0858481,0.862156
50,0.136937,0.132368,0.789419
50,0.157014,0.119675,0.800411
50,0.149373,-0.0134003,0.961805
50,0.124347,-0.0311623,0.970984
50,0.198424,0.0168824,0.945834
50,0.212098,-0.0370372,1.01101
50,0.113195,0.0579632,0.916389
50,0.142105,0.0217589,0.971832
50,0.0479012,0.0546714,0.864345
50,0.0363905,0.0550683,0.87062
50,0.048055,0.0390991,0.867121
50,0.234556,0.118496,0.81735
50,0.228855,0.0208198,0.929891
50,0.207108,0.0333829,0.927038
50,0.111281,0.153092,0.785415
50,0.158528,0.161071,0.772374
50,0.137122,0.150151,0.770323
50,0.180091,0.182545,0.745502
50,0.171962,0.171021,0.75439
50,0.19526,0.148308,0.779013
50,0.129882,-0.0647823,1.0142
50,0.144725,-0.0944904,1.09141
50,-0.0862176,0.0986298,0.87133
50,-0.0830085,0.0755735,0.879242
50,-0.123237,-0.981432,3.48264
50,-0.166186,-0.909445,3.39109
50,-0.12281,-1.02531,3.47058
50,-0.497591,-0.654329,3.06185
50,-0.351146,-0.79052,2.99841
50,-0.322185,-0.75011,3.1132
50,-0.30389,-0.937572,3.38148
50,-0.467913,-0.900947,3.04963
50,0.100901,-0.0394309,0.957665
50,0.187096,-0.0502572,1.00005
50,0.210099,-0.100133,1.04679
50,0.210419,0.17228,0.745025
50,0.244527,0.0596528,0.879938
50,0.275268,-0.0317906,0.990561
50,0.199729,0.11397,0.811544
50,0.0444727,0.127271,0.802479
50,-0.543774,-0.617711,3.08728
50,-0.0861446,0.195545,0.958558
50,0.40424,-0.371894,1.3867
50,-0.00264524,0.019294,0.981116
50,-0.0185652,0.0191739,0.975008
50,0.0138642,-0.00769569,1.01578
50,0.00278928,-0.00215653,1.0135
50,-0.0724609,0.163017,0.917548
50,-0.0761134,0.145447,0.901597
50,0.116949,0.155659,0.780406
50,0.121261,0.151483,0.780797
50,0.0983268,0.126237,0.839206
50,0.107667,0.11295,0.878091
50,0.0943367,0.138661,0.805151
50,0.100386,0.132075,0.818709
50,0.122207,0.0843753,0.879444
50,0.10603,0.0818922,0.904954
50,0.0634817,0.129586,0.803278
50,0.0446965,0.0404847,0.863086
50,0.036238,0.0608839,0.886226
50,0.0409984,0.306624,0.884757
50,0.124596,0.167266,0.77508
50,0.109298,0.152598,0.786543
50,0.240356,0.205018,0.729125
50,0.231161,0.175302,0.737813
50,0.202325,0.190725,0.73528
50,0.149399,-0.0510063,0.996946
50,0.131046,-0.0635046,1.02329
50,0.0130566,0.0240242,0.956617
50,-0.1139,0.410211,1.13034
50,-0.0861971,0.201761,0.959143
50,-0.0857608,0.195541,0.954288
50,-0.495295,-0.65602,2.9811
50,-0.0435401,0.0441275,0.940747
50,-0.0712861,0.0669317,0.902672
50,0.00264963,0.0871228,0.962754
50,0.0788198,-0.266655,1.9276
50,0.163165,-0.113212,1.12989
50,0.177414,0.185995,0.74849
50,0.210604,0.174229,0.750507
50,0.171125,0.171555,0.756746
50,0.275742,0.168374,0.761002
50,0.153841,0.162709,0.773494
50,0.116562,0.0426941,0.910189
50,0.116615,0.0129462,0.910606
50,0.0632232,0.0898299,0.800006
50,0.24198,0.234756,0.699373
50,0.486485,-0.317402,1.34262
50,0.0668673,0.087155,0.791547
50,0.0806481,-0.0349004,1.03476
50,0.58944,-1.61043,4.30939
50,0.189577,0.0168738,0.908381
50,0.218397,-0.0342234,1.01469
50,0.397684,-0.363619,1.38492
50,0.441075,-0.187204,1.18522
50,0.492192,-0.318254,1.34623
50,1.09097,-0.371633,2.35286
50,0.525566,-0.311942,1.31953
50,0.393332,0.137021,0.752759
50,-0.229965,-1.20719,3.1748
50,-0.317368,-1.11789,2.84222
50,-0.0809837,0.108376,0.879796
50,-0.0751557,0.10252,0.878908
50,-0.10236,0.376905,1.11202
50,0.103933,-0.0402048,0.998482
50,0.14658,0.0637656,0.899635
50,0.120448,0.0854452,0.880595
50,0.111479,0.0579828,0.901174
50,0.117916,0.0108985,0.905358
50,0.293989,0.200169,0.71465
50,0.418228,0.10383,0.800406
50,0.443445,0.0673878,0.870449
50,0.618099,-0.176894,1.1683
50,0.0227949,0.272316,0.889206
50,0.258222,0.244251,0.693872
50,0.221741,0.207187,0.722832
50,0.399667,0.0280738,0.886962
50,0.311621,0.129187,0.795435
50,0.525954,-0.0831368,1.04583
50,-0.0973418,0.257192,0.987377
50,-0.0719372,0.159854,0.910917
50,-0.288695,-0.864479,3.13635
50,-0.261103,-1.10586,3.30626
50,-0.452584,-0.90518,2.99943
50,0.196081,-0.0600203,1.00235
50,0.12739,-0.0616638,1.02979
50,0.21777,-0.144263,1.15171
50,0.174893,-0.146187,1.16707
50,0.272471,-0.0420066,0.787499
50,0.419803,-0.151334,1.14823
50,0.380881,-0.143305,1.14407
50,0.0252177,-1.78422,4.18825
50,0.269232,-0.0841074,1.05804
50,0.245248,-0.0693585,1.04428
50,0.132408,-1.56488,4.11552
50,0.460024,-1.68989,4.15828
50,0.236501,-1.67439,4.05489
50,0.324541,0.194208,0.709937
50,0.186486,0.0784056,0.866424
50,0.122081,0.152296,0.7806
50,0.162045,-1.45485,4.18603
50,0.473934,-0.335394,1.34437
50,1.65051,-1.80239,4.43511
50,1.13055,-1.732,4.33159
50,0.224212,-0.194001,1.22825
50,-0.428785,-0.94662,2.72369
50,-0.114292,-0.993692,3.44185
50,-0.469429,-0.665936,2.98186
50,1.68557,-1.72098,4.37557
50,-0.0736746,0.104349,0.874967
50,-0.0806436,0.104484,0.876103
50,-0.10026,0.360629,1.08922
50,-0.100869,0.28679,1.00976
50,-0.0993171,0.266777,0.994228
50,-0.682949,-0.818008,2.43613
50,-0.734103,-0.772283,2.35498
50,-0.560461,-0.636063,3.14249
50,-0.461141,-0.673019,2.9787
50,-0.251982,-1.10809,3.30004
50,-0.308367,-1.0986,3.35005
50,-0.0863835,0.192911,0.93846
50,-0.0690864,0.157594,0.90478
50,-0.0233526,-1.65128,4.06327
50,0.0759507,-1.76856,4.26943
50,0.225031,-1.54199,3.94672
50,0.197223,-1.66146,4.0109
50,-0.0814947,0.133371,0.885348
50,0.172921,-1.47067,4.1843
50,0.263563,-1.52381,4.0634
50,0.136466,-1.52853,4.07598
50,-0.18635,-0.963198,3.52798
50,-0.130126,-1.01182,3.50465
50,0.612293,-1.69492,4.51967
50,0.596703,-1.82455,4.4046
50,0.185663,0.0830759,0.867872
50,0.259254,-0.0132246,0.936976
50,0.275741,0.0801939,0.672428
50,-0.749989,-0.824821,3.11052
50,-0.638967,-0.82482,2.93674
50,-0.601949,-0.907268,2.7666
50,-0.0750638,0.248356,0.983063
50,-0.444428,-0.920503,3.024
50,-0.231322,-1.15985,3.02947
50,-0.379415,-1.04413,2.72722
50,-0.301008,-1.11348,2.79385
50,0.203983,0.186247,0.737218
50,0.201032,0.146244,0.770233
50,0.158406,0.158006,0.768654
50,-0.0681821,0.0644585,0.892938
50,0.445832,-1.74062,4.28312
50,0.289513,0.19498,0.706013
50,0.301121,0.12958,0.779036
50,0.447345,-0.328772,1.31782
50,0.394284,-0.367448,1.3857
50,1.65409,-1.85185,4.5568
50,-0.600366,0.204998,2.14155
50,-0.598684,0.0768375,2.33128
50,-0.41025,-0.931395,2.64998
50,-0.88233,-0.373051,2.83049
50,-0.721229,-0.527635,2.25688
50,0.518207,-0.307198,1.31399
50,0.498011,-0.328094,1.31511
50,0.0228067,0.27362,0.889666
50,0.0275599,0.117545,0.823158
51,0.051676,-2.15862e-05,1.08087
51,0.0552584,-0.0184243,1.09742
51,0.163039,-0.0970009,1.21161
51,0.248916,-0.172608,1.29774
51,0.510794,-0.297178,1.42367
51,-0.613124,0.233192,2.18925
51,-0.613704,0.222004,2.18868
51,-0.614944,0.188231,2.18518
51,-0.61664,0.191964,2.19692
51,-0.586003,0.112233,2.31775
51,-0.597664,0.0726606,2.31364
51,-0.603625,0.0796219,2.33866
51,-0.897408,-0.735222,2.42513
51,-0.781438,-0.799095,2.49301
51,-0.747071,-0.821021,2.51366
51,-0.696008,-0.835986,2.56206
51,-0.707557,-0.842256,2.57268
51,-0.726513,-0.84995,2.58924
51,-1.03756,-0.734009,2.70357
51,-1.20866,-0.453104,2.85557
51,-0.387179,-1.07074,2.85686
51,-0.362544,-1.09886,2.85858
51,-1.13852,-0.442458,2.91321
51,-0.354502,-1.11667,2.90287
51,-0.444223,-0.926141,2.95063
51,-0.72339,-0.786056,2.96585
51,-0.644731,-0.849069,2.97612
51,-0.433637,-0.883905,2.99102
51,-0.730495,-0.768192,3.00243
51,-0.457169,-0.93043,3.00774
51,-0.325388,-1.16012,3.0104
51,-0.546019,-0.784574,3.04464
51,-0.554867,-0.787743,3.04685
51,-0.552764,-0.802118,3.04974
51,-0.553679,-0.784846,3.06116
51,-0.745564,-0.790559,3.07652
51,-0.568874,-0.631287,3.18504
51,-0.342783,-0.766449,3.21811
51,-0.376164,-1.50708,3.1696
51,-0.235456,-1.13642,3.34077
51,-0.230136,-1.14098,3.35345
51,-0.327183,-1.5858,3.32848
51,-0.175291,-0.922354,3.43698
51,-0.130838,-1.01651,3.45452
51,-0.135169,-1.03281,3.53169
51,-0.11041,-1.41625,3.57768
51,0.284966,-1.95294,3.74085
51,0.200405,-1.94714,3.79135
51,0.263075,-1.8916,3.80471
51,0.108452,-2.01028,3.79292
51,0.112511,-1.97471,3.84606
51,0.133242,-2.02308,3.87587
51,0.212458,-1.97706,3.88926
51,0.365868,-2.06538,3.94958
51,0.1669,-1.92721,3.9531
51,0.299371,-1.97495,3.98956
51,0.22263,-1.95541,4.00809
51,0.16327,-1.62314,4.05137
51,0.125822,-1.64106,4.05004
51,0.218679,-1.64857,4.06387
51,0.0918733,-1.56958,4.06496
51,0.203237,-1.57658,4.07696
51,0.487262,-2.11696,4.0433
51,0.148726,-1.55915,4.0845
51,0.522013,-1.55971,4.11574
51,0.369646,-1.74922,4.09927
51,0.172595,-1.45774,4.12159
51,0.167719,-1.42884,4.14968
51,0.0321757,-2.18235,4.06973
51,0.506245,-1.67059,4.1511
51,0.500453,-2.01509,4.11974
51,0.311537,-1.98044,4.1129
51,0.586874,-1.58486,4.1777
51,0.564648,-1.67831,4.1672
51,0.32564,-1.95956,4.1399
51,0.612623,-1.56117,4.2175
51,0.0539546,-1.63698,4.1838
51,0.458391,-2.04714,4.17376
51,0.551717,-1.60658,4.22586
51,-0.12302,-1.96403,4.15166
51,0.393618,-2.179,4.16176
51,0.544987,-1.82983,4.21138
51,0.372678,-2.01628,4.18404
51,0.577132,-1.72264,4.2283
51,0.494566,-2.06066,4.19977
51,0.13629,-1.84678,4.20081
51,-0.00955374,-1.90554,4.20794
51,-0.0743508,-2.15788,4.18835
51,-0.0682416,-1.99453,4.22512
51,0.403531,-2.05795,4.26801
51,-0.137236,-2.03582,4.23953
51,0.724327,-2.02392,4.30965
51,0.380455,-1.83034,4.31289
51,0.609082,-2.13844,4.30447
51,-0.0588016,-1.70699,4.31767
51,0.490744,-1.67244,4.35429
51,0.00244806,-1.97964,4.34177
51,1.11729,-2.08476,4.42424
51,0.591401,-2.24631,4.42141
51,-0.0758796,-2.25392,4.38244
51,0.631264,-2.18536,4.44548
51,0.785908,-2.07337,4.51549
51,0.749762,-2.14809,4.51716
51,1.18963,-1.84729,4.57631
51,0.913893,-2.13758,4.54185
51,1.14866,-2.10102,4.56209
51,1.7751,-2.03728,4.73342
51,0.945645,-2.27709,4.77833
52,-0.781413,-0.803798,2.5085
52,-0.500314,-0.993955,2.65358
52,-0.504793,-1.00472,2.70813
52,-0.508432,-1.00593,2.7184
52,-0.507904,-1.01081,2.73218
52,-0.509962,-1.01313,2.73511
52,-0.396345,-1.06472,2.80582
52,-1.222,-0.987234,2.74606
52,-0.392648,-1.11044,2.8657
52,-0.335583,-1.12813,2.9305
52,-1.42868,-1.70466,2.79372
52,-0.150703,-1.33732,3.20504
52,-0.16131,-1.35345,3.21592
52,-0.133057,-0.998788,3.47004
52,-0.134029,-1.01795,3.49614
52,-0.300065,-1.51995,3.26459
52,-0.190566,-1.41292,3.35879
52,-0.295588,-1.54353,3.31283
52,-0.305438,-1.57335,3.32846
52,-0.354746,-1.96426,3.12639
52,-0.296995,-1.5755,3.34021
52,-0.190015,-1.44981,3.42308
52,-0.315956,-1.97645,3.14552
52,-0.31307,-1.98221,3.15487
52,-0.301124,-2.01417,3.17539
52,-0.308805,-2.0453,3.16826
52,-0.201722,-1.47561,3.48972
52,-0.309279,-2.01977,3.20112
52,-0.296422,-2.01592,3.20958
52,-0.323497,-2.03373,3.21314
52,0.148118,-2.08898,3.51843
52,0.2114,-2.04811,3.55853
52,0.184831,-2.00273,3.59847
52,0.152917,-1.96592,3.61635
52,-1.51077,-2.23733,3.23101
52,0.123797,-2.15566,3.52297
52,0.121924,-2.16641,3.53953
52,0.157251,-1.89619,3.69912
52,0.20034,-1.88844,3.71363
52,0.153927,-2.00125,3.66851
52,0.162937,-2.14271,3.60182
52,-1.53396,-2.06396,3.3985
52,0.127108,-2.1884,3.582
52,0.157107,-1.92603,3.73275
52,0.107173,-2.18298,3.59373
52,0.229441,-1.94744,3.74515
52,0.117601,-2.21797,3.63582
52,-0.285588,-1.85306,3.79103
52,0.208253,-1.95752,3.8153
52,0.147554,-1.51311,4.03866
52,-1.56234,-2.30469,3.38089
52,0.243374,-1.99218,3.81153
52,0.155812,-1.97441,3.81207
52,0.136773,-2.04397,3.777
52,0.107242,-1.71424,3.94994
52,0.203319,-1.96006,3.84512
52,0.183296,-1.63455,4.01
52,0.109042,-1.65094,3.991
52,0.182846,-1.65686,3.99932
52,0.120492,-1.69717,3.97252
52,-0.0651477,-1.59938,4.00201
52,0.266368,-2.03839,3.82596
52,0.139911,-1.98076,3.84187
52,0.0536913,-2.03726,3.81446
52,0.387807,-2.07799,3.85933
52,0.27207,-1.92728,3.92276
52,-1.56463,-2.20905,3.5089
52,0.166267,-1.45136,4.16335
52,0.14939,-1.54524,4.1168
52,0.202597,-1.74064,4.03358
52,0.366505,-2.05475,3.89781
52,0.0900957,-1.56206,4.12653
52,0.0658297,-1.59689,4.10669
52,0.388773,-1.73935,4.08233
52,0.216298,-1.68833,4.08749
52,0.194723,-1.67234,4.10896
52,0.149745,-1.78664,4.04476
52,0.408807,-2.05211,3.94716
52,0.19307,-1.75483,4.06959
52,0.424726,-1.74225,4.11622
52,0.0863584,-1.7062,4.08538
52,0.554323,-1.775,4.13753
52,0.325068,-2.26238,3.85319
52,0.382867,-2.0736,3.95947
52,0.0423655,-1.75075,4.0823
52,0.387244,-2.07042,3.97357
52,0.388378,-2.12025,3.9694
52,0.235306,-1.67576,4.1767
52,0.020949,-1.75967,4.10634
52,0.386159,-2.12366,3.97616
52,0.0435273,-1.75416,4.1222
52,0.0433812,-2.11444,3.94514
52,0.0401536,-2.12601,3.94871
52,0.0357747,-2.12327,3.9501
52,-0.0439793,-1.70502,4.15604
52,0.290134,-2.4135,3.84707
52,-0.0927862,-1.64288,4.19154
52,0.57961,-2.0584,4.08767
52,0.578012,-2.16064,4.03975
52,0.0365314,-2.13428,3.9782
52,0.301749,-2.0084,4.08608
52,0.63999,-2.31471,3.98158
52,-0.182752,-1.88906,4.08264
52,0.018396,-2.14807,3.98278
52,0.564245,-1.75209,4.27063
52,0.378122,-2.17256,4.06368
52,0.00586957,-2.16925,4.01257
52,0.0141408,-1.80228,4.2027
52,0.727525,-1.96358,4.24518
52,0.311015,-2.03269,4.15261
52,0.0279046,-1.81145,4.23134
52,0.027879,-1.82771,4.23608
52,-0.104142,-2.40241,3.92518
52,-0.0984051,-2.42493,3.92422
52,-0.100258,-2.42559,3.92894
52,0.00166096,-1.83329,4.25205
52,-0.0066494,-2.20388,4.06208
52,-0.100676,-2.42068,3.94059
52,1.60347,-3.03522,3.87716
52,1.15976,-1.83433,4.42889
52,-0.0942838,-2.42167,3.94209
52,-0.0814856,-2.42317,3.94432
52,-0.101997,-1.69616,4.31514
52,0.59334,-2.20065,4.15978
52,-0.0238103,-2.43067,3.95551
52,0.562148,-1.87065,4.33282
52,-0.0198327,-2.20969,4.07373
52,0.347514,-2.2586,4.11335
52,-0.0998516,-2.42167,3.97553
52,-0.0300495,-2.4428,3.97586
52,0.682919,-2.38503,4.115
52,0.292262,-2.50062,4.00173
52,-0.0167826,-2.45733,3.97853
52,0.308689,-2.08701,4.23719
52,-0.0921701,-2.45848,3.99281
52,-0.0384731,-1.88112,4.3009
52,-0.0901648,-1.76782,4.35175
52,1.63851,-2.78095,4.09508
52,0.675012,-2.21836,4.24331
52,-0.0371154,-2.07335,4.22201
52,1.47149,-3.21826,3.88228
52,1.55829,-3.30784,3.85997
52,0.610005,-2.49579,4.13922
52,0.616194,-2.26992,4.26378
52,-0.0420153,-2.07923,4.27393
52,0.699165,-2.51448,4.1688
52,0.306022,-2.55474,4.09012
52,0.350942,-2.42528,4.17005
52,-0.123612,-2.03041,4.30583
52,-0.190731,-2.01138,4.31139
52,-0.18425,-2.01805,4.30951
52,0.64976,-2.28716,4.29603
52,-0.192527,-2.01555,4.31128
52,1.40185,-3.32413,3.87607
52,0.358921,-2.45539,4.18335
52,1.51299,-3.94699,3.60389
52,0.680432,-2.44355,4.25523
52,0.34386,-2.33516,4.26784
52,-0.0147568,-2.51675,4.12197
52,1.35942,-3.27101,3.94397
52,1.4837,-2.99886,4.10926
52,0.989621,-3.17664,3.95964
52,0.363325,-2.34476,4.29738
52,-0.119203,-2.52555,4.13917
52,0.361601,-2.47066,4.2444
52,-0.118413,-2.02952,4.41417
52,1.22651,-3.39827,3.91485
52,1.35528,-3.04762,4.12682
52,0.727416,-2.58295,4.28491
52,-0.111701,-2.02957,4.44797
52,1.21408,-3.24279,4.04436
52,0.753528,-2.67708,4.26821
52,1.44592,-3.52919,3.93653
52,-0.112564,-2.06399,4.47518
52,0.741674,-2.31926,4.47336
52,1.02365,-3.04525,4.17357
52,1.37218,-3.55728,3.96582
52,0.775992,-2.72706,4.31476
52,1.35598,-3.13493,4.19541
52,1.48383,-3.36736,4.09812
52,0.675072,-2.73372,4.30448
52,1.5339,-3.82202,3.91052
52,1.27528,-3.50476,4.03725
52,1.57178,-3.64211,4.01963
52,0.945992,-3.18776,4.16438
52,1.39024,-3.63048,4.02032
52,0.776954,-2.74822,4.38391
52,1.16449,-3.13394,4.24437
52,1.10276,-3.18448,4.21072
52,1.50265,-3.64563,4.03937
52,1.03447,-3.31451,4.14145
52,1.25945,-3.34515,4.18198
52,0.931608,-3.22161,4.19867
52,1.37427,-3.19138,4.28167
52,1.15105,-3.41082,4.14643
52,1.12,-3.21338,4.24918
52,0.993715,-3.09381,4.29297
52,0.864767,-3.09563,4.27465
52,1.05394,-3.15788,4.29772
52,0.714321,-2.81166,4.43906
52,1.03008,-3.22133,4.34582
52,1.00946,-3.15988,4.39453
52,0.899003,-3.17117,4.40154
52,0.987094,-3.29452,4.35648
52,0.96817,-3.2642,4.40396
52,0.916861,-3.21472,4.42598
52,0.812176,-3.13502,4.45154
52,0.815584,-3.14132,4.46991
52,-0.731128,-0.532819,2.26009
51,-0.731128,-0.532819,2.26009
52,-0.552621,-0.712518,2.51406
51,-0.552621,-0.712518,2.51406
53,-0.777616,-1.16542,3.02271
53,-0.731029,-1.18779,3.08189
53,-0.405527,-1.36825,3.07659
53,-1.45389,-1.55549,2.75761
53,-0.413326,-1.38406,3.13226
53,-1.54397,-1.50471,2.91005
53,-1.86649,-1.60812,3.30686
53,-1.67035,-1.89359,3.26957
53,0.118338,-2.05114,3.65305
53,0.175295,-2.0648,3.662
53,-1.57407,-1.89397,3.43276
53,-1.62153,-2.74529,2.90813
53,-1.60375,-2.04316,3.35692
53,0.178952,-2.11402,3.73214
53,0.0940832,-2.1854,3.73263
53,0.548583,-2.21845,3.88499
53,0.170484,-2.20375,3.80973
53,0.569837,-1.67847,4.22682
53,-1.68947,-2.8287,2.99764
53,0.171699,-2.28131,3.79031
53,-1.65204,-2.11039,3.48473
53,0.532098,-2.24658,3.90812
53,0.139296,-2.23458,3.83064
53,0.524732,-1.79119,4.22453
53,0.177078,-2.29432,3.84924
53,0.147225,-2.35952,3.85229
53,0.56284,-2.35032,3.98381
53,-0.02097,-1.70943,4.31661
53,-0.192196,-2.28012,4.02027
53,-0.268684,-2.34787,3.98497
53,-0.198388,-2.32593,4.01737
53,-0.139365,-2.38072,4.00831
53,0.712767,-3.31776,3.80773
53,0.809639,-3.35789,3.99553
53,0.912768,-3.42942,4.07874
53,1.07632,-5.11962,3.10128
53,1.08834,-4.88092,3.26674
53,1.05485,-4.97255,3.23308
53,0.873627,-3.51214,4.14554
53,0.879783,-3.48692,4.17159
53,1.08871,-5.11424,3.2296
53,1.25786,-3.84207,4.06997
53,1.21456,-4.32486,3.76204
53,1.22599,-4.14489,3.91893
53,0.992559,-5.38501,3.35158
53,-0.110117,-1.42755,3.46042
52,-0.110117,-1.42755,3.46042
53,-0.183867,-1.37004,3.02338
52,-0.183867,-1.37004,3.02338
53,-0.18564,-1.37259,3.0124
52,-0.18564,-1.37259,3.0124
54,-0.942557,-2.0797,2.38497
54,0.313426,-2.17387,3.4954
54,0.138919,-2.06732,3.51655
54,0.344811,-2.0861,3.64247
54,-1.39246,-2.47192,2.92491
54,0.0997614,-2.07593,3.61539
54,0.388575,-2.08013,3.85011
54,-1.26085,-3.29976,2.78883
54,-1.2656,-3.3153,2.80762
54,-1.31872,-3.3438,2.8411
54,0.310162,-2.41118,3.94203
54,-0.948168,-4.97451,2.62385
54,-0.866801,-5.00349,2.70776
54,0.661521,-5.13586,3.17605
54,0.582329,-5.14397,3.16449
54,-0.164813,-5.05248,2.9642
54,-0.758027,-5.0393,2.80622
54,0.709389,-5.07956,3.27841
54,0.552154,-5.17574,3.26186
54,0.572341,-5.08578,3.32787
54,-0.682761,-5.10167,2.92441
54,0.707839,-5.08602,3.39985
54,0.625642,-5.08783,3.38196
54,-0.492383,-5.18254,2.97558
54,0.762958,-5.0966,3.46395
54,0.694302,-5.24146,3.43146
54,0.589186,-5.18246,3.44039
54,-0.559714,-5.20872,3.10147
54,0.75776,-5.19712,3.54489
54,0.538871,-5.14052,3.49786
54,-0.442952,-5.27227,3.11485
54,0.432298,-5.25062,3.42485
54,-0.568086,-5.22336,3.10634
54,0.399358,-5.21076,3.45664
54,-0.481455,-5.24301,3.19573
54,0.0742742,-5.31486,3.35523
54,-0.500466,-5.26731,3.2161
54,0.417833,-5.32755,3.50041
54,0.548402,-5.22082,3.6205
54,-0.326411,-5.28406,3.32522
54,0.776889,-2.90514,4.81704
54,-0.170147,-5.34918,3.48221
54,0.0318198,-5.41534,3.65382
54,0.138291,-5.40559,3.7229
54,1.50546,-5.46453,4.3977
54,-0.128235,-1.8965,4.07886
52,-0.128235,-1.8965,4.07886
55,-0.698967,-0.856127,2.34765
55,-0.698733,-0.866026,2.34947
55,-0.675718,-0.885578,2.34593
55,-0.662112,-0.908268,2.37202
55,-0.547415,-0.961402,2.403
55,-0.548927,-0.963647,2.41057
55,-0.564014,-0.963709,2.41731
55,-0.922162,-0.818036,2.49099
55,-0.948522,-0.81717,2.51506
55,-0.953611,-0.832421,2.52094
55,-0.494753,-0.991875,2.55131
55,-0.485942,-0.987306,2.57875
55,-0.371718,-1.09751,2.56886
55,-0.412627,-1.14104,2.70104
55,-1.15983,-0.970755,2.6978
55,-0.216081,-1.3065,3.0189
55,-0.225285,-1.31709,3.01358
55,-0.197418,-1.31586,3.04596
55,-0.204399,-1.31779,3.05298
55,-0.214251,-1.31697,3.0529
55,-0.155061,-1.31779,3.10171
55,-0.224264,-1.32804,3.10094
55,-0.155733,-1.32742,3.11245
55,-0.1556,-1.32472,3.13408
55,-0.142968,-1.3171,3.14621
55,-0.127032,-1.46501,3.2599
55,-0.781215,-1.31452,3.2971
55,-0.191042,-1.51776,3.35101
55,-0.196589,-1.53103,3.3744
55,-0.804898,-1.37224,3.44376
55,-0.821003,-1.39667,3.44872
55,-1.84789,-2.3824,2.85192
55,-1.84348,-2.3061,2.89095
55,-0.842317,-1.41222,3.50488
55,-1.51452,-2.20612,3.10598
55,0.181911,-2.08327,3.55924
55,0.20082,-2.33223,3.45602
55,0.217215,-1.93873,3.64962
55,0.218891,-1.91801,3.66315
55,0.215523,-1.97451,3.63937
55,0.146603,-1.91298,3.66324
55,0.214763,-2.00063,3.63707
55,0.211904,-1.98744,3.65573
55,-1.54109,-2.26933,3.28152
55,0.145413,-1.95012,3.72727
55,-1.97569,-2.04423,3.37209
55,-0.805766,-1.5151,3.83587
55,-0.80156,-1.52108,3.83676
55,0.168707,-1.89158,3.81595
55,0.198185,-2.14614,3.70739
55,0.134123,-1.50805,4.00591
55,0.51104,-2.26729,3.70999
55,0.246168,-2.15171,3.74046
55,0.108465,-1.75012,3.9337
55,0.248282,-2.16085,3.76395
55,0.302113,-2.19856,3.76297
55,0.137241,-1.52319,4.06251
55,0.090671,-1.53339,4.05627
55,0.112389,-1.71079,3.97455
55,0.311572,-2.0686,3.83487
55,0.0890894,-1.58431,4.06402
55,0.111864,-1.71559,4.01053
55,0.188494,-1.74051,4.01676
55,0.32975,-2.30909,3.82453
55,0.55989,-2.35051,3.87538
55,0.0571515,-2.11023,3.91528
55,-2.17816,-2.07499,3.58059
55,0.269383,-2.39295,3.86217
55,1.38791,-3.13339,3.7521
55,-0.111332,-2.41396,3.92137
55,0.274731,-2.4806,3.95714
55,-0.11446,-2.40836,3.93156
55,0.294785,-2.03684,4.21951
55,1.00667,-3.23819,4.04882
55,0.108761,-1.65189,3.97763
52,0.108761,-1.65189,3.97763
55,-0.124284,-2.0229,4.40444
52,-0.124284,-2.0229,4.40444
55,-0.102254,-1.35732,3.07575
52,-0.102254,-1.35732,3.07575
55,-0.191612,-1.5021,3.3124
53,-0.191612,-1.5021,3.3124
55,0.806246,-2.99004,4.15217
53,0.806246,-2.99004,4.15217
56,-0.101029,0.157685,0.997146
56,-0.0839421,0.133606,1.04015
56,-0.0798758,0.138432,1.05405
56,-0.0821136,0.138202,1.05798
56,0.43341,-0.33021,1.65768
56,0.446825,-0.337052,1.68463
56,-0.695369,0.338349,2.08244
56,-0.710151,0.339784,2.11106
56,-0.712744,0.345821,2.11812
56,-0.626721,0.200305,2.25088
56,-0.635611,0.222502,2.25446
56,-0.634415,0.209431,2.26376
56,-0.624053,0.0786923,2.38715
56,-0.611355,0.100041,2.39427
56,-0.626622,0.0922493,2.39453
56,-0.625727,0.0830307,2.39858
56,-0.628418,0.0823189,2.41218
56,-0.833759,-0.583042,2.51869
56,-0.922731,-0.816951,2.51226
56,-0.930106,-0.817099,2.52667
56,-0.846924,-0.595395,2.59158
56,-0.980752,-0.834344,2.58293
56,-1.32626,-1.54119,2.5295
56,-0.729835,-0.474591,2.73625
56,-1.19761,-0.998442,2.7666
56,-1.49313,-1.64108,2.80846
56,-0.564426,-0.817109,3.08991
56,-0.638177,-0.843598,3.08076
56,-0.416444,-1.39032,3.03186
56,-1.38634,-1.73675,2.91626
56,-0.754315,-0.80927,3.16956
56,-0.214021,-1.53964,3.41735
56,-0.145159,-0.978545,3.55936
56,-1.83855,-1.90959,3.37363
56,0.270981,-2.24585,3.74246
56,-2.07378,-2.08995,3.72139
56,-1.60087,-2.30857,3.86465
56,0.0964994,-1.77677,4.09352
56,-0.106108,-2.43145,4.04905
56,-0.00572705,-2.56821,4.14529
56,0.565306,-1.86539,4.33608
56,-0.611082,-1.20724,3.25113
52,-0.611082,-1.20724,3.25113
56,-0.201761,-1.45714,3.43669
55,-0.201761,-1.45714,3.43669
56,-0.381522,-0.852096,3.58872
51,-0.381522,-0.852096,3.58872
56,-1.2682,-0.330766,3.03633
51,-1.2682,-0.330766,3.03633
56,-1.21439,-0.348697,2.89628
51,-1.21439,-0.348697,2.89628
57,-0.131129,0.446349,1.16954
57,-0.214215,0.395488,1.20131
57,-0.109202,0.65544,1.23674
57,-0.147879,0.603805,1.23897
57,-0.144118,0.607361,1.24106
57,-0.127425,0.638896,1.24452
57,-0.156752,0.625976,1.25143
57,-0.323133,0.367179,1.2469
57,-0.334271,0.36185,1.24704
57,-0.327643,0.366391,1.24772
57,-0.158781,0.620646,1.26634
57,-0.328949,0.361894,1.2495
57,-0.192653,0.575278,1.26548
57,-0.322509,0.345187,1.25186
57,-0.324156,0.360861,1.25628
57,-0.154955,0.649909,1.2806
57,-0.327261,0.343053,1.26143
57,-0.321662,0.369304,1.26317
57,-0.325497,0.343857,1.26268
57,-0.192361,0.587896,1.28529
57,-0.327753,0.342662,1.26889
57,-0.165022,0.646961,1.29288
57,-0.322857,0.374939,1.27433
57,-0.294015,0.325306,1.27278
57,-0.305099,0.328846,1.27482
57,-0.22001,0.58049,1.29131
57,-0.218214,0.58222,1.29313
57,-0.240524,0.547209,1.29172
57,-0.162377,0.69007,1.30237
57,-0.166883,0.664131,1.30095
57,-0.204328,0.622641,1.29927
57,-0.199815,0.624316,1.30089
57,-0.233945,0.550792,1.29667
57,-0.238857,0.552551,1.29677
57,-0.335653,0.402329,1.2867
57,-0.338372,0.398568,1.28661
57,-0.333742,0.398506,1.28693
57,-0.21819,0.582234,1.30027
57,-0.307973,0.330144,1.28395
57,-0.196106,0.644207,1.3046
57,-0.206059,0.633134,1.30903
57,-0.333763,0.408514,1.29393
57,-0.188781,0.651476,1.31176
57,-0.171778,0.667887,1.31334
57,-0.224539,0.625374,1.31533
57,-0.337946,0.427206,1.30365
57,-0.226829,0.642573,1.32096
57,-0.220144,0.621549,1.32005
57,-0.328254,0.421025,1.30742
57,-0.324911,0.42171,1.30784
57,-0.327413,0.423493,1.30905
57,-0.331886,0.422875,1.3112
57,-0.329625,0.424034,1.31384
57,-0.326687,0.422379,1.31403
57,-0.21053,0.665637,1.33084
57,-0.195291,0.292881,1.31551
57,-0.239354,0.670993,1.34715
57,-0.27621,0.311206,1.32721
57,-0.211493,0.687283,1.35704
57,-0.240032,0.66699,1.35771
57,-0.351491,0.446518,1.34304
57,-0.227688,0.275513,1.34657
57,-0.247227,0.281882,1.34898
57,-0.346952,0.453173,1.35945
57,-0.228345,0.281532,1.35267
57,-0.242421,0.702186,1.38059
57,-0.220152,0.260048,1.35817
57,-0.351246,0.478998,1.37176
57,-0.347395,0.486324,1.37275
57,-0.3264,0.496969,1.37395
57,-0.220243,0.256907,1.36238
57,-0.330429,0.499885,1.37819
57,-0.346961,0.458778,1.37636
57,-0.3463,0.484571,1.37971
57,-0.331104,0.502237,1.38386
57,-0.349121,0.505545,1.38703
57,-0.352688,0.510612,1.3877
57,-0.209696,0.249036,1.3822
57,-0.354793,0.511805,1.39485
57,-0.353904,0.526054,1.41659
57,-0.355879,0.53816,1.43313
57,-0.15086,0.197024,1.41842
57,-0.367849,0.594547,1.48659
57,-0.0407452,0.154903,1.48384
57,-0.368905,0.607667,1.51303
57,-0.367751,0.613202,1.52415
57,-0.384976,0.644266,1.54616
57,-0.380686,0.645152,1.5575
57,-0.383379,0.657956,1.56301
57,-0.03553,0.10679,1.55092
57,-0.357367,0.697025,1.57956
57,-0.400475,0.724894,1.59091
57,0.232349,-0.0592704,1.57152
57,-0.391647,0.743139,1.61508
57,0.247151,-0.0719211,1.58082
57,-0.407692,0.772038,1.62606
57,0.0304596,0.0445698,1.6216
57,-1.06671,0.820589,1.99351
57,-1.00533,0.688507,2.10896
57,-0.986543,0.689435,2.11536
57,-0.992133,0.698731,2.12436
57,-1.0165,0.688794,2.12896
57,-0.378282,0.480769,2.1303
57,-0.493403,0.310501,2.12365
57,-0.386647,0.480691,2.20512
57,-0.371064,0.492695,2.23777
57,-0.381158,0.488525,2.24848
57,-0.937895,0.560777,2.25379
57,-0.930422,0.553422,2.2541
57,-0.943178,0.567585,2.26969
57,-0.968459,0.556128,2.27144
57,-0.942614,0.560828,2.27871
57,-0.892347,0.413793,2.3898
57,-0.860059,0.430799,2.40408
57,-0.864693,0.418525,2.40891
57,-0.8993,0.414288,2.42008
57,0.13092,-0.122225,2.46142
57,-0.790498,0.263929,2.49584
57,-0.79906,0.272636,2.52591
57,-0.742877,0.160427,2.63866
57,-0.0939181,-0.236471,2.64387
57,-0.749771,0.151979,2.66856
57,-0.775307,0.135617,2.66744
57,-0.954343,-0.628499,2.63036
57,-0.753263,0.150696,2.69327
57,-0.272452,-0.243771,2.70275
57,-0.920505,-0.537628,2.68012
57,-0.893823,-0.756424,2.68103
57,-0.956722,-0.642205,2.68789
57,-0.932533,-0.554972,2.73607
57,-0.824229,-0.797623,2.72715
57,-0.264402,-0.251985,2.7706
57,-1.54545,-0.549222,2.74119
57,-0.959369,-0.613635,2.79388
57,-0.764589,-0.839365,2.83903
57,-0.474736,-1.00538,2.88273
57,-0.868823,-0.504627,2.90665
57,-0.53845,-0.903171,2.89405
57,-1.46152,-0.368622,2.91489
57,-1.09587,-0.699601,2.90315
57,-0.728572,-0.853858,2.92394
57,-1.06656,-0.508327,2.96413
57,-0.87349,-0.518968,2.96873
57,-0.481366,-1.02944,2.95407
57,-1.35061,-0.955499,2.95223
57,-1.4419,-0.436329,2.99735
57,-0.870788,-0.542242,3.00379
57,-1.02523,-0.347659,3.01664
57,-0.420306,-1.08115,3.02197
57,-0.39994,-1.09823,3.03173
57,-1.08029,-0.525078,3.05214
57,-0.877858,-0.55518,3.065
57,-1.02539,-0.363042,3.08815
57,-0.819418,-0.582798,3.08695
57,-1.46767,-0.28696,3.10029
57,-1.0018,-0.393714,3.10385
57,-1.02558,-0.367044,3.10677
57,-1.09361,-0.396124,3.13357
57,0.194883,-0.338696,3.18018
57,-1.03107,-0.389009,3.16013
57,-0.812256,-0.609487,3.15532
57,-0.706369,-0.939592,3.14096
57,-1.41931,-0.751613,3.13874
57,-1.25989,-0.493795,3.16326
57,-1.30292,-0.466635,3.17526
57,-1.39405,-0.330696,3.18954
57,-0.130242,-0.197408,3.22642
57,-1.35266,-0.81356,3.16704
57,0.348608,-0.256062,3.27035
57,-0.816266,-0.636735,3.22919
57,-0.744994,-0.816429,3.22104
57,-1.11922,-0.429698,3.23629
57,-1.28255,-0.517285,3.23361
57,-0.79412,-0.798182,3.2296
57,-0.830801,-0.538728,3.2491
57,-1.2489,-0.485096,3.24827
57,-1.34031,-0.502811,3.26008
57,-1.27118,-0.4893,3.26679
57,-1.29371,-0.509217,3.28344
57,-1.14065,-0.45997,3.29021
57,-0.461019,-0.811091,3.28539
57,-0.517047,-0.953699,3.30866
57,-0.647152,-0.810879,3.32827
57,-0.579088,-0.702608,3.33876
57,-0.448474,-0.840035,3.34115
57,-0.755333,-0.880351,3.33715
57,-0.687988,-0.642701,3.35234
57,-0.307142,-1.1837,3.33482
57,-1.15077,-0.477737,3.36743
57,-1.64018,-0.765881,3.35078
57,-0.642986,-0.652967,3.38694
57,-0.566879,-0.737339,3.3933
57,-0.379453,-0.896895,3.44158
57,-0.326338,-1.08748,3.43509
57,0.301626,-0.421576,3.58166
57,-0.19511,-1.0309,3.66148
57,-0.27728,-0.961758,3.72339
57,-0.229153,-0.985212,3.74262
57,-0.118658,-1.48083,3.77961
57,-0.0497253,-1.61027,3.93908
57,-0.155759,-1.71861,3.94105
57,-0.0429578,-1.64333,3.99605
57,-0.00352877,-1.77438,4.10303
57,0.0503406,-1.64232,4.20628
57,0.0684925,-1.62922,4.21504
57,0.464644,-1.87507,4.23734
57,0.468202,-1.73633,4.25076
57,0.354262,-1.8799,4.2486
57,0.164243,-1.51454,4.28176
57,0.558115,-1.83524,4.27257
57,0.558738,-1.89532,4.27546
57,0.458504,-1.79965,4.38391
57,1.6533,-1.71566,4.4384
57,1.17508,-1.79546,4.43786
57,0.149012,-1.85013,4.41943
57,-1.27007,-0.184166,2.5344
56,-1.27007,-0.184166,2.5344
58,-0.639135,0.273161,2.28593
58,-1.50228,-0.720143,2.33486
58,-1.50814,-0.319165,2.42079
58,-0.917616,-0.695843,2.45637
58,-0.929149,-0.696932,2.47935
58,-0.925384,-0.728258,2.47771
58,-0.928771,-0.69509,2.49147
58,-0.798583,-0.757957,2.50351
58,-0.926101,-0.700262,2.49912
58,-0.930728,-0.728856,2.49564
58,-0.945243,-0.734678,2.51057
58,-0.798103,-0.763102,2.53935
58,-0.950231,-0.760425,2.52468
58,-0.800018,-0.764138,2.55636
58,-0.804098,-0.773788,2.55756
58,-0.721261,-0.798581,2.58481
58,-0.78031,-0.797879,2.58022
58,-0.802201,-0.772448,2.58315
58,-0.904629,-0.329692,2.78798
58,-1.23182,-0.89986,2.65791
58,-1.33089,-0.229895,2.77266
58,-1.37568,-0.33911,2.75826
58,-1.17238,-0.897071,2.70341
58,-1.18936,-0.290179,2.81966
58,-1.1874,-0.953296,2.69584
58,-1.1632,-0.332785,2.82265
58,-1.40082,-0.410885,2.77731
58,-0.407341,-1.0164,2.80649
58,-1.25433,-0.943578,2.7192
58,-1.3638,-0.232018,2.8464
58,-1.1924,-0.900655,2.7516
58,-1.26447,-0.922988,2.74606
58,-1.20697,-0.96191,2.74971
58,-1.21142,-0.969594,2.75037
58,-1.19555,-0.903329,2.76872
58,-1.2696,-0.968616,2.75594
58,-1.18022,-0.331665,2.8991
58,-1.21209,-0.974249,2.77864
58,-1.42761,-0.410676,2.85703
58,-0.4112,-1.05396,2.87579
58,-0.771161,-0.661539,2.90311
58,-1.19529,-0.415513,2.89495
58,-0.753365,-0.515621,2.94768
58,-0.406422,-1.06262,2.89826
58,-0.744873,-0.667839,2.93799
58,-1.41466,-0.422739,2.90319
58,-1.22876,-0.281943,2.96301
58,-0.320568,-1.09238,2.93657
58,-0.330462,-1.09526,2.95171
58,-1.23592,-0.451661,2.96017
58,-1.36225,-1.56585,2.74324
58,-1.4178,-1.59603,2.75557
58,-1.15898,-1.6092,2.80244
58,-0.466777,-0.909621,3.03855
58,-0.567761,-0.778452,3.05503
58,-1.37989,-1.60948,2.79311
58,-1.17622,-1.60751,2.83329
58,-0.565942,-0.800119,3.07595
58,-0.570364,-0.806063,3.07549
58,-0.44998,-0.885973,3.09586
58,-1.18365,-1.63549,2.86334
58,-0.572924,-0.795751,3.10618
58,-0.403993,-0.740106,3.1592
58,-1.57297,-0.595083,3.02787
58,-1.47166,-1.80527,2.83188
58,-1.5387,-0.550738,3.06656
58,-0.382663,-0.777765,3.18356
58,-0.504592,-0.721377,3.18384
58,-1.55135,-0.546979,3.08501
58,-0.566838,-0.607241,3.21539
58,-1.53208,-0.662726,3.07456
58,-0.534265,-0.683136,3.20686
58,-1.55632,-0.66035,3.0791
58,-0.361147,-0.724215,3.25208
58,-1.48153,-1.84228,2.89889
58,-1.99978,-1.64381,2.86873
58,-0.163351,-1.32361,3.28
58,-1.45945,-1.94585,3.09098
58,-0.138366,-0.981789,3.47375
58,-0.141151,-0.945095,3.51595
58,-0.141149,-1.00815,3.58254
58,-0.190912,-0.933694,3.59197
58,-0.131144,-0.959284,3.59984
58,-0.31133,-2.05409,3.39532
58,-1.47152,-2.04529,3.27236
58,-1.54419,-2.31111,3.38407
58,-1.53798,-2.32489,3.39794
58,-2.02043,-2.00733,3.40736
58,-1.96298,-1.92086,3.44703
58,0.217736,-1.90759,3.77877
58,-0.224638,-2.26862,3.68849
58,0.242049,-1.87232,3.88227
58,0.135972,-2.09882,3.85029
58,0.137657,-2.32201,3.81755
58,0.367525,-2.07872,3.95203
58,-0.230403,-2.35644,3.82281
58,0.343328,-2.25453,3.9362
58,0.145533,-1.76951,4.04459
58,0.0796395,-2.23382,3.96699
58,0.639774,-2.2937,4.0371
58,-0.124665,-2.40337,3.916
58,0.0548025,-1.59529,4.11197
58,0.151359,-2.0799,4.03818
58,0.558161,-1.70735,4.16387
58,0.0438319,-2.41132,3.96824
58,0.0881314,-1.57214,4.14904
58,0.138972,-1.55883,4.16523
58,0.159158,-2.41732,4.03522
58,0.023062,-2.46931,4.04688
58,0.0590127,-2.19828,4.11924
58,-0.010957,-1.92407,4.18071
58,0.0327725,-1.80851,4.22213
58,0.383336,-1.80152,4.28417
58,-0.121144,-1.96054,4.19795
58,1.14795,-1.79936,4.43588
58,0.683386,-2.06307,4.35191
58,-0.252133,-2.05105,4.24731
58,0.729957,-2.06497,4.38972
58,1.13656,-2.03199,4.46761
58,-0.185742,-2.02342,4.34691
58,-0.0359728,-1.99203,4.42155
58,-0.180085,-2.02669,4.40056
58,-0.105572,-2.04424,4.44825
58,0.926273,-2.14737,4.59427
58,0.755797,-2.388,4.55293
58,-1.39493,-0.508926,2.6825
57,-1.39493,-0.508926,2.6825
58,-0.494615,-1.01076,2.75447
52,-0.494615,-1.01076,2.75447
58,-0.541328,-1.07109,2.98755
52,-0.541328,-1.07109,2.98755
58,-0.532823,-0.724406,3.32173
52,-0.532823,-0.724406,3.32173
58,0.526804,-1.75806,4.13475
56,0.526804,-1.75806,4.13475
58,-0.154183,-1.47938,3.50558
55,-0.154183,-1.47938,3.50558
58,-0.154893,-1.56374,3.73905
55,-0.154893,-1.56374,3.73905
59,-1.67129,-0.368947,2.18489
59,-1.67961,-0.343353,2.22193
59,-1.68578,-0.370933,2.22931
59,-1.70247,-0.489704,2.16976
59,-1.73586,-0.489619,2.1708
59,-1.14271,-1.27105,2.3169
59,-2.27619,-1.81714,1.85836
59,-1.48363,-1.29465,2.39702
59,-1.494,-1.29535,2.40861
59,-1.45912,-1.3188,2.41043
59,-1.03931,-1.39397,2.43214
59,-1.50332,-1.31814,2.43413
59,-0.344399,-1.02942,2.82355
59,-1.53689,-1.33509,2.43997
59,-0.33794,-1.05654,2.84345
59,-1.55864,-1.29427,2.50465
59,-0.332602,-1.06959,2.87787
59,-1.14339,-1.45783,2.50695
59,-1.36508,-1.41745,2.53161
59,-1.37663,-1.40877,2.53789
59,-1.35568,-1.42115,2.53784
59,-1.14444,-1.49315,2.53581
59,-1.29455,-1.42693,2.563
59,-1.36626,-1.42804,2.56255
59,-0.539822,-1.17238,2.87205
59,-1.40176,-1.4468,2.54973
59,-1.29627,-1.44265,2.57416
59,-1.34135,-1.42294,2.58331
59,-1.35683,-1.45261,2.57408
59,-1.28262,-1.4565,2.58266
59,-1.21238,-1.46599,2.59442
59,-0.535296,-1.20667,2.93376
59,-2.12514,-1.32842,2.63503
59,-0.478436,-1.22464,2.97161
59,-1.15407,-1.57007,2.67788
59,-2.09635,-1.51558,2.6094
59,-2.07728,-1.54795,2.59095
59,-2.0715,-1.55434,2.59682
59,-2.07759,-1.42501,2.69674
59,-2.09727,-1.56227,2.60644
59,-2.09119,-1.42497,2.71421
59,-2.10342,-1.5452,2.63803
59,-1.63779,-1.45365,2.77514
59,-1.20586,-1.55557,2.78003
59,-2.562,-2.11539,2.18117
59,-2.09891,-1.44161,2.74246
59,-2.38411,-1.40909,2.77105
59,-1.22009,-1.5917,2.83786
59,-2.50365,-1.46996,2.81791
59,-1.73963,-1.51229,2.9104
59,-1.7119,-1.51535,2.91639
59,-2.32795,-2.22908,2.3533
59,-2.19663,-2.27804,2.34557
59,-1.13791,-1.73269,2.90751
59,-0.914847,-1.26186,3.31641
59,-1.40699,-2.6201,2.27212
59,-2.23806,-2.31033,2.4013
59,-1.60847,-1.91536,2.78818
59,-1.86452,-2.2188,2.53995
59,-1.55369,-1.9143,2.80963
59,-1.55635,-1.95009,2.80983
59,-1.54068,-2.02371,2.76491
59,-1.79853,-1.58548,3.04548
59,-1.53014,-2.01318,2.79901
59,-1.56521,-1.98285,2.83742
59,-1.57778,-2.00178,2.82979
59,-1.87252,-2.28351,2.58547
59,-1.53698,-2.03952,2.81399
59,-1.59381,-1.99606,2.84766
59,-1.54208,-2.06495,2.80611
59,-1.52871,-2.05005,2.82063
59,-1.5223,-2.02736,2.84203
59,-1.58061,-2.01664,2.84133
59,-1.57799,-2.00269,2.85388
59,-1.55133,-2.09073,2.80292
59,-2.30601,-2.30588,2.5461
59,-1.5593,-2.07082,2.83053
59,-1.87469,-2.21421,2.70547
59,-1.14804,-1.84888,3.07895
59,-1.65289,-2.02664,2.87914
59,-1.87652,-2.20617,2.71868
59,-1.67168,-2.03271,2.88048
59,-1.87497,-2.32464,2.64369
59,-1.87545,-2.3103,2.65416
59,-1.89748,-2.33982,2.63805
59,-1.87996,-2.2443,2.71314
59,-1.65214,-2.04143,2.90395
59,-1.4235,-2.78312,2.40808
59,-1.88333,-2.24724,2.72734
59,-2.35023,-2.29339,2.62438
59,-1.59127,-2.05283,2.91101
59,-1.60564,-2.04947,2.91183
59,-1.88806,-2.25966,2.72182
59,-1.88727,-2.34855,2.66728
59,-1.59738,-2.03626,2.96086
59,-1.44779,-2.84926,2.46588
59,-1.51422,-2.23329,2.89923
59,0.262546,-2.10154,3.28547
59,-2.4094,-2.38882,2.69755
59,-1.08459,-1.88237,3.26759
59,-1.91556,-1.75645,3.24911
59,0.367041,-1.88076,3.50544
59,-1.16373,-1.94777,3.24117
59,-1.92234,-1.74539,3.27273
59,-1.50476,-2.18865,3.02185
59,-1.50663,-2.19293,3.03473
59,-1.94101,-1.7735,3.26998
59,-1.50802,-2.21001,3.0682
59,-1.1365,-1.92895,3.33871
59,0.327381,-2.09189,3.44552
59,-2.63708,-2.58025,2.65425
59,-2.06151,-1.98067,3.17234
59,-2.04583,-2.00125,3.17641
59,-2.04958,-1.99541,3.19602
59,-1.52349,-2.24266,3.09989
59,-1.49554,-2.27556,3.09186
59,-2.01643,-2.00466,3.21687
59,-2.0232,-1.99424,3.22398
59,-1.96999,-1.82848,3.35307
59,-1.16205,-2.01777,3.36101
59,-2.03503,-2.00285,3.24818
59,-1.4994,-2.27934,3.14907
59,-1.15925,-2.0438,3.38887
59,-2.00597,-1.87072,3.39052
59,-2.10689,-2.04157,3.28051
59,-2.04625,-2.03892,3.31957
59,-2.02286,-2.12452,3.29554
59,-2.6614,-2.62969,3.3378
59,-0.409645,-1.23203,2.90535
58,-0.409645,-1.23203,2.90535
59,-0.375733,-1.30035,3.0242
58,-0.375733,-1.30035,3.0242
59,0.147507,-2.07621,3.83541
56,0.147507,-2.07621,3.83541
60,0.20372,-0.0942832,2.35705
60,0.139602,0.25403,1.84946
60,0.197875,-0.0944957,2.33678
60,0.139606,0.195893,1.88228
60,0.322974,0.292183,1.7705
60,0.303654,0.289728,1.75562
60,0.0443803,0.0798765,2.0528
60,0.011901,0.104734,2.03278
60,0.0055442,0.0733822,2.05219
60,-0.117177,0.0732465,2.0484
60,-0.133989,0.279382,1.76019
60,-0.000782324,0.324319,1.7334
60,-0.0117266,0.297338,1.73542
60,-0.0484798,0.186588,1.88822
60,-0.071533,0.202297,1.86835
60,0.15203,-0.0995622,2.31186
60,0.144975,-0.143529,2.31561
60,0.0287402,-0.010947,0.613544
60,0.0740353,-0.0385892,2.16281
60,0.138499,0.251613,1.84126
60,0.134399,0.196047,1.86493
60,0.12138,0.167129,1.93874
60,0.120244,0.244104,1.8285
60,0.114828,0.221718,1.83409
60,0.338635,0.273485,1.79432
60,0.317534,0.325408,1.68252
60,0.10977,-0.00456118,2.19559
60,0.0808212,-0.00449123,2.16192
60,0.431601,-0.411778,2.86036
60,0.217912,-0.247654,2.48104
60,0.295462,-0.351511,2.61344
60,0.193547,-0.139668,2.37408
60,0.274376,-0.209845,2.49655
60,0.22421,-0.207133,2.46428
60,-0.115602,0.254475,1.82021
60,-0.101099,0.208418,1.87042
60,-0.00667469,0.21803,1.85187
60,-0.0430601,0.158789,1.91191
60,0.0267724,0.31608,1.74829
60,-0.154201,0.085209,2.0257
60,-0.167588,-0.00457355,2.20156
60,0.511871,0.0877112,2.08519
60,0.47672,0.0414914,2.07527
60,0.10343,0.124808,1.94604
60,0.18474,0.296512,1.7306
60,0.296903,0.260303,1.78154
60,0.318948,0.241772,1.81103
60,0.32598,0.349612,1.67142
60,0.284255,-0.207013,2.50036
60,0.274397,-0.206713,2.49674
60,0.275545,-0.217064,2.50719
60,-0.108661,0.102159,2.05836
60,-0.11623,0.0786462,2.05448
60,0.0467713,0.101453,2.04415
60,0.0394542,0.0790866,2.06598
60,-0.285533,-0.132991,2.36184
60,-0.301424,-0.132123,2.34642
60,-0.362563,-0.203677,2.46007
60,-0.381555,-0.231829,2.46251
60,-0.290679,-0.104816,2.33145
60,-0.437244,-0.30722,2.6293
60,-0.216311,-0.0240242,2.20292
60,-0.241693,-0.0324097,2.20637
60,-0.231846,0.000975469,2.19219
60,-0.25741,-0.0156544,2.19801
60,-0.177371,-0.00746975,2.23741
60,-0.208431,0.000982382,2.20774
60,0.00806747,0.101038,2.03579
60,0.0464298,0.116068,2.02922
60,0.0080597,0.108636,2.03382
60,-0.108729,0.110015,2.05965
60,-0.145357,0.108275,2.02707
60,-0.140328,0.288777,1.77015
60,-0.141685,0.264521,1.78726
60,-0.257454,0.251636,1.84143
60,-0.258877,0.210994,1.85161
60,-0.00619643,0.319497,1.71922
60,-0.00620043,0.300176,1.72033
60,-0.0956521,0.261315,1.81193
60,-0.116192,0.254401,1.81151
60,-0.0774887,0.19893,1.86992
60,-0.0718835,0.166969,1.90895
60,0.48143,-0.557871,2.95589
60,0.443908,-0.552925,2.92968
60,0.496412,-0.517093,2.97868
60,0.460718,-0.52621,2.96655
60,0.160949,-0.105969,2.35708
60,0.150192,-0.139928,2.32857
60,0.32257,0.296187,1.77442
60,0.341817,0.273998,1.80515
60,0.111028,0.222214,1.82864
60,0.117429,0.169166,1.93407
60,0.13239,0.244086,1.83705
60,0.135182,0.199554,1.87579
60,0.322182,0.131161,2.02518
60,0.308915,0.0857582,2.03876
60,0.108632,0.000979133,2.20057
60,0.0832425,0.000974322,2.18975
60,0.0744136,-0.0319322,2.17386
60,0.504302,0.0875388,2.08109
60,0.480678,0.0481691,2.08108
60,0.418929,-0.417159,2.83564
60,0.382231,-0.412292,2.80255
60,0.26623,-0.24568,2.5088
60,0.212168,-0.238267,2.4331
60,0.200774,-0.0991004,2.40687
60,0.369628,-0.452261,2.78748
60,-0.105308,0.212113,1.86143
60,0.0266921,0.317329,1.74304
60,0.0134336,0.289471,1.73418
60,-0.289205,0.0331224,2.12607
60,-0.185188,-0.0411867,2.2296
60,-0.152766,0.0851214,2.02362
60,-0.338573,-0.215488,2.48899
60,-0.267044,-0.105938,2.3564
60,-0.223137,0.164769,1.96897
60,-0.0066508,0.217253,1.84528
60,0.579174,-0.637456,3.18596
60,0.577092,-0.712883,3.31239
60,0.103566,0.126201,1.9486
60,0.182217,0.293117,1.71711
60,0.296677,0.263473,1.78018
60,0.321085,0.246493,1.80379
60,-0.444248,-0.29467,2.58896
60,-0.447364,-0.308573,2.60711
60,-0.312929,0.13429,1.98091
60,-0.31333,0.125456,1.98344
60,-0.251275,0.134989,1.99123
60,-0.251256,0.125939,1.99107
60,0.108598,0.132844,1.95958
60,0.108845,0.124229,1.96404
60,-0.178771,-0.0207833,2.21283
60,-0.188445,-0.0407962,2.20846
60,0.00162124,0.321871,1.73199
60,0.0173673,0.306472,1.73385
60,0.323061,0.336266,1.68589
60,0.3274,0.325269,1.70853
60,-0.352387,0.126547,2.00068
60,-0.33573,0.108869,2.00972
60,-0.258929,0.243268,1.85198
60,-0.259661,0.210227,1.85722
60,-0.109151,0.0919137,2.03841
60,-0.118034,0.0731733,2.03201
60,-0.0743753,0.193946,1.86282
60,-0.0664157,0.161325,1.87689
60,0.162638,-0.10769,2.35572
60,0.151249,-0.139139,2.34497
60,0.198418,-0.109732,2.40039
60,0.185214,-0.140677,2.37089
60,0.13663,0.243912,1.85688
60,0.13747,0.203,1.86831
60,0.340288,-0.326565,2.65719
60,0.379832,-0.415827,2.7696
60,0.32217,0.136636,2.01552
60,0.322582,0.118485,2.0181
60,0.00948963,0.29056,1.73285
60,-0.287987,-0.140465,2.36732
60,-0.353442,-0.21198,2.44847
60,-0.218709,0.395897,1.61682
60,-0.14469,0.0818217,2.01777
60,-0.13448,0.263704,1.76371
60,-0.110008,0.286559,1.75655
60,-0.104258,0.252062,1.79485
60,-0.00669523,0.210275,1.85764
60,-0.0408686,0.161395,1.87771
60,0.0110639,0.100271,2.02033
60,0.0387025,0.0729793,2.02662
60,0.261448,-0.248633,2.48143
60,0.304894,-0.363711,2.66417
60,0.141592,0.382848,1.62374
60,0.135709,0.357281,1.64176
60,0.500335,0.074584,2.07119
60,0.482255,0.0464429,2.07431
60,-0.26017,0.152985,1.99011
60,-0.107743,0.20996,1.85486
60,-0.135962,0.109654,2.02421
60,0.490826,-0.529631,2.98583
60,0.384834,-0.459523,2.80607
60,0.463287,-0.569776,2.98309
60,0.304664,0.0819445,2.0208
60,0.325657,-0.312041,2.63642
60,0.319959,0.28594,1.75276
60,0.339736,0.265079,1.77291
60,0.315822,0.241109,1.77422
60,-0.383756,0.100373,2.02238
60,-0.415234,0.0735227,2.04171
60,-0.45701,-0.339411,2.66333
60,-0.534466,-0.413005,2.7508
60,-0.291818,0.0287113,2.15727
60,-0.315246,-0.010596,2.18387
60,-0.256334,-0.0205579,2.18883
60,-0.3497,-0.0609938,2.21367
60,-0.207644,-0.000685543,2.1994
60,-0.21687,-0.030536,2.19172
60,-0.0062266,0.297527,1.72762
60,0.275013,-0.216644,2.50235
60,0.224263,-0.211638,2.44453
60,-0.27971,0.0479044,2.13958
60,-0.381913,-0.238102,2.48913
60,-0.224979,0.162709,1.99856
60,-0.386262,-0.000683516,2.193
60,0.591537,-0.663077,3.24048
60,0.599115,-0.719263,3.36571
60,0.0808784,0.389239,1.58963
60,0.0813996,-0.0403583,2.18475
60,0.188971,0.29612,1.71945
60,0.124076,0.156611,1.92367
60,0.5044,0.282275,1.73029
60,-0.38336,0.21337,1.88499
60,-0.561731,-0.449816,2.82511
60,0.0821258,-1.02644,3.47443
60,0.740115,-0.81477,3.38156
60,0.0984467,-0.98458,3.49381
60,0.501094,0.335056,1.71895
60,-0.105695,0.207561,1.84849
60,-0.115512,0.207104,1.84442
60,-0.116024,0.0951799,2.02912
60,-0.126577,0.105815,2.02111
60,-0.102005,0.29751,1.78396
60,-0.11193,0.288318,1.78723
60,-0.103861,0.25344,1.81641
60,-0.11327,0.252354,1.80863
60,0.0780159,-0.0286698,2.20123
60,0.0780739,-0.040693,2.20287
60,-0.416717,0.0734575,2.0399
60,-0.450237,0.0734864,2.0407
60,-0.224499,0.410426,1.61622
60,0.0273617,0.104957,2.0047
60,0.00556312,0.10583,2.02139
60,0.0640358,0.431813,1.56604
60,0.0553956,0.413941,1.56299
60,0.322482,-0.32084,2.63004
60,0.456035,-0.550192,2.93639
60,0.434555,-0.543338,2.89982
60,0.59635,-0.68598,3.36735
60,0.609231,-0.738282,3.44009
60,-0.387188,0.212822,1.89535
60,-0.278803,0.497956,1.48348
60,-0.290106,0.459273,1.54363
60,-0.320922,0.126318,1.99707
60,-0.380576,0.10602,2.025
60,-0.391518,-0.00470545,2.21144
60,-0.357812,-0.0532631,2.22663
60,-0.255522,0.12626,1.99616
60,-0.288194,0.042467,2.15948
60,-0.215437,0.236631,1.83961
60,-0.255631,0.236727,1.84035
60,-0.211228,-0.00471528,2.21605
60,-0.200382,-0.0411889,2.22972
60,-0.141636,0.269786,1.79349
60,0.12677,0.208926,1.86066
60,0.12144,0.154207,1.93735
60,0.180539,0.292576,1.69887
60,0.136126,0.237974,1.85004
60,0.172498,-0.107171,2.34436
60,0.268608,-0.225717,2.52761
60,0.121032,0.543366,1.43273
60,0.129167,0.51345,1.43638
60,0.315583,0.287469,1.78197
60,0.318694,0.251086,1.79954
60,0.325262,0.353701,1.68144
60,0.319479,0.329704,1.69941
60,0.529317,0.42858,1.55432
60,0.482798,0.388024,1.59651
60,-0.257959,-0.0166878,2.2027
60,-0.316846,-0.00467038,2.19496
60,-0.247938,-0.0410174,2.22043
60,-0.256216,0.217169,1.84456
60,-0.222962,0.158935,1.99676
60,-0.266046,0.158677,1.99352
60,-0.126927,0.0729819,2.0267
60,0.00558006,0.0840593,2.02755
60,0.0815206,0.399745,1.57416
60,0.102312,-0.00469804,2.20792
60,0.409567,-0.423249,2.83618
60,0.394008,-0.45403,2.83541
60,-0.633601,-0.551714,2.94452
60,-0.729724,-0.629612,3.01015
60,-0.278429,0.513432,1.48149
60,-0.149011,0.0840237,2.02669
60,0.004724,0.295608,1.71648
60,-0.0150795,0.2079,1.85151
60,-0.352048,0.147444,1.9885
60,0.160639,-0.133475,2.35777
60,0.225854,-0.237969,2.51158
60,0.148039,0.391144,1.64625
60,0.139983,0.375658,1.65707
60,0.274359,0.414601,1.59837
60,0.684312,0.0422183,2.14684
60,0.670072,0.0187539,2.13872
60,0.489491,0.285364,1.71113
60,0.378218,0.281017,1.80286
60,0.102719,0.136266,1.98349
60,0.314381,0.117011,2.02429
60,0.481277,0.0521918,2.07823
60,0.497112,0.330845,1.70529
60,-0.291032,0.435428,1.54855
60,0.00472618,0.314456,1.71727
60,-0.287345,-0.132727,2.34454
60,0.751065,-0.804568,3.40335
60,1.53473,-0.825757,3.3099
60,1.70871,-0.936507,3.39766
60,1.66602,-0.995246,3.44723
60,0.973131,-1.12753,2.86673
60,0.888669,-1.1642,2.95997
60,-0.402913,-1.49671,3.40874
60,-0.275886,-0.124503,2.33406
60,-0.358641,-0.229988,2.48449
60,-0.0660375,-1.41893,3.28042
60,0.024832,0.101363,1.97721
60,0.0976095,-0.0163429,2.15717
60,0.089336,-0.983342,3.48492
60,0.168493,-0.110449,2.35982
60,0.621361,-1.0624,3.17634
60,0.509776,-1.11155,3.25956
60,0.315465,0.255939,1.79233
60,0.321243,0.118732,2.05406
60,0.271483,0.417276,1.60195
60,0.319526,0.340741,1.68986
60,0.400633,-1.33733,3.23863
60,0.490359,0.288506,1.70765
60,0.508431,0.0804382,2.10629
60,1.09289,-0.976099,3.1001
60,0.534961,0.422959,1.54615
60,0.481659,0.386422,1.6043
60,1.34209,-1.17147,2.97844
60,1.08717,-0.935775,2.64278
60,1.67324,-0.652346,3.20225
60,1.57724,-0.655957,3.21998
60,-0.223465,0.401166,1.6215
60,-0.0252764,0.204751,1.85956
60,-0.0496947,0.18081,1.86342
60,0.291961,-1.22377,3.45612
60,0.217374,-1.44958,3.35129
60,0.132972,0.241584,1.86233
60,0.112095,0.148789,1.92191
60,0.459049,-0.540374,2.9352
60,0.58904,-0.681765,3.34666
60,0.469356,0.426729,1.59813
60,0.500308,0.332357,1.70351
60,0.880544,-1.05781,3.29127
60,1.05971,-0.0318085,2.25367
60,0.846531,-0.0310159,2.19751
60,-0.386079,0.104107,2.03074
60,-0.38269,-0.00224389,2.16158
60,-0.148784,0.091873,2.05405
60,-0.199246,-0.016399,2.16458
60,-0.254473,-0.0163105,2.1529
60,0.14995,0.386066,1.64754
60,0.0813349,0.409103,1.57057
60,0.187766,0.297848,1.69727
60,1.10459,-0.850899,2.81956
60,-0.255541,0.240535,1.85424
60,-0.121622,0.215286,1.84565
60,-0.257843,0.218238,1.87095
60,0.705291,0.373397,1.68765
60,0.67609,0.0392656,2.11382
60,0.12941,0.509807,1.42186
60,1.40159,-0.759049,3.30213
60,0.334844,-0.339053,2.70681
60,-0.348796,0.139642,1.97014
60,-0.000883498,0.300039,1.70975
60,-0.441566,-1.11584,3.95448
60,-0.449929,-0.330537,2.63882
60,-0.533494,-0.443225,2.80612
60,-1.05946,-2.37397,5.57263
60,-0.28606,0.509979,1.50465
60,0.757827,-0.807823,3.41712
60,0.456844,-1.32043,3.18762
60,0.480413,0.3917,1.60015
60,0.506427,0.328867,1.73206
60,0.541288,0.430426,1.55855
60,0.465396,0.427102,1.59173
60,0.71456,0.36489,1.70983
60,1.06773,-0.031872,2.25816
60,-0.775223,-0.486549,2.8449
60,-0.830703,-0.457901,2.80612
60,0.144676,0.362106,1.63662
60,0.675244,-0.876516,3.40624
60,0.604104,-1.06542,3.17295
60,0.978339,-1.12603,2.88207
60,0.900789,-1.19577,3.00034
60,-0.323088,0.112218,1.9863
60,-0.423735,0.082441,2.02037
60,-0.387813,0.00342937,2.17446
60,0.774739,-0.844122,3.49338
60,0.882983,-1.07705,3.28433
60,0.7334,-0.980696,3.30697
60,-0.121181,0.280329,1.76877
60,-0.257428,0.235195,1.85038
60,-0.260935,0.143485,1.98768
60,-0.137773,0.097833,2.01094
60,-0.202464,-0.0137877,2.19955
60,-0.271275,-0.0137768,2.1978
60,-0.360156,-0.22685,2.45059
60,0.00364665,0.302686,1.73778
60,0.666816,0.0364479,2.11071
60,0.4965,0.0689123,2.09083
60,-1.10617,-2.26967,5.47916
60,-1.45334,-1.70547,4.5478
60,-0.0204447,-1.02703,3.55733
60,-0.445876,-1.11371,3.85756
60,1.5689,-0.841766,3.37407
60,1.24108,-0.957927,3.14694
60,1.35929,-1.18506,2.97347
60,0.881566,-0.0140123,2.23534
60,0.321749,-0.354024,2.68613
60,0.172627,-0.126646,2.37424
60,0.477056,-0.536644,3.00018
60,-0.627443,-0.515822,2.88377
60,0.308452,0.252123,1.7656
60,0.133496,0.233373,1.83605
60,0.0923015,-0.0315235,2.23349
60,0.0647432,0.420369,1.56664
60,0.266189,0.403036,1.59533
60,-0.352112,0.142518,1.97428
60,-0.446842,0.270379,1.79484
60,-0.591878,0.0515786,2.0538
60,0.090169,-1.01551,3.51742
60,0.274764,-1.19885,3.41093
60,0.0196745,0.0962562,1.97853
60,1.52165,-0.699854,3.32863
61,-0.425242,0.146844,1.9689
61,-0.263604,0.143096,1.9934
61,-0.463998,0.101119,1.98818
61,-0.563812,0.0278974,2.08425
61,-0.579391,0.035287,2.09217
61,-0.337898,-0.0495084,2.189
61,-0.345013,-0.0500474,2.19835
61,-0.787847,-0.00892632,2.18396
61,-0.268181,-0.124843,2.37158
61,0.277329,-0.224777,2.536
61,-0.348258,-0.224249,2.49752
61,-1.04593,-0.861612,2.19237
61,-1.04118,-0.275774,2.42993
61,0.306686,-0.334337,2.63594
61,-0.45858,-0.32003,2.61975
61,-0.442129,-0.324156,2.63279
61,-0.438739,-0.323144,2.64179
61,-0.934086,-0.391412,2.76803
61,-0.941332,-0.42255,2.77228
61,-0.918815,-0.416258,2.80161
61,-0.769367,-0.492114,2.87425
61,-0.862556,-0.517498,2.86026
61,-0.870476,-0.523256,2.89244
61,-0.788185,-0.510528,2.91902
61,-0.628999,-0.537827,2.9624
61,-0.65279,-0.537591,2.96791
61,0.584762,-1.11703,2.96589
61,-0.643319,-0.554886,2.98657
61,-0.705236,-0.604477,2.96162
61,0.805515,-1.11002,3.00823
61,0.602642,-1.1465,3.01942
61,-0.709365,-0.61691,3.01554
61,0.614073,-1.1445,3.02946
61,0.416166,-1.22562,2.99307
61,0.443136,-1.23411,2.99527
61,0.41853,-1.24116,3.01201
61,0.564189,-0.685622,3.23129
61,0.461337,-1.23561,3.02764
61,0.420999,-1.23437,3.02922
61,0.615784,-1.07693,3.12286
61,0.433032,-1.26092,3.04815
61,0.623148,-1.03892,3.16222
61,0.326527,-1.26821,3.04446
61,0.627997,-1.09707,3.1522
61,0.719218,-0.954744,3.2206
61,0.488934,-1.20232,3.11741
61,0.500724,-1.04653,3.18456
61,0.334835,-1.28909,3.11491
61,0.485446,-0.936369,3.26079
61,0.34141,-1.30045,3.12378
61,0.490288,-0.938668,3.27874
61,0.392296,-1.0688,3.22855
61,0.423682,-1.07887,3.23819
61,0.498042,-0.938373,3.30842
61,0.326784,-1.23985,3.19424
61,0.430227,-0.863901,3.34186
61,0.345905,-1.34052,3.17064
61,0.391288,-0.965475,3.30955
61,0.378807,-0.952932,3.31879
61,0.426537,-0.863003,3.36008
61,0.399613,-1.093,3.27691
61,0.402538,-0.856841,3.35937
61,0.2447,-1.26021,3.20363
61,0.409325,-0.956925,3.3335
61,0.372065,-0.964873,3.32572
61,0.304706,-1.44992,3.15295
61,0.296071,-1.4573,3.15599
61,-0.0274854,-1.3646,3.14202
61,0.327597,-1.26457,3.22792
61,0.445665,-0.881198,3.38058
61,0.332632,-1.35225,3.20481
61,0.378192,-0.970138,3.34567
61,-0.0997031,-1.43162,3.1261
61,0.245361,-1.27154,3.24221
61,0.38328,-0.982014,3.36458
61,0.151266,-1.0063,3.33252
61,-0.00288275,-1.54454,3.13135
61,-0.0913359,-1.40939,3.17372
61,-0.0619379,-1.41878,3.17724
61,-0.0945178,-1.45783,3.16324
61,-0.0313546,-1.65586,3.1116
61,0.273846,-1.29562,3.28124
61,0.282556,-1.50484,3.21434
61,0.262511,-1.29971,3.28268
61,0.155342,-0.97107,3.38237
61,-0.094563,-1.45495,3.18292
61,-0.106408,-1.46917,3.17985
61,-0.049539,-1.42043,3.20596
61,0.260239,-1.30455,3.29322
61,0.278236,-1.53482,3.22421
61,-0.0632524,-1.43663,3.21621
61,0.223151,-1.45006,3.25464
61,-0.109581,-1.85563,3.0703
61,0.175882,-0.940949,3.43305
61,0.15577,-1.03574,3.3991
61,0.160025,-1.03948,3.39994
61,0.190556,-1.45172,3.26721
61,0.279176,-1.22854,3.35716
61,-0.0369104,-1.69392,3.15916
61,0.233049,-1.4749,3.28214
61,0.141509,-1.73142,3.18186
61,0.272303,-1.18738,3.38965
61,0.12495,-1.64744,3.21236
61,0.263347,-1.17522,3.39785
61,0.139099,-1.54581,3.25438
61,0.182739,-0.934115,3.47299
61,0.0449271,-1.51669,3.25444
61,0.27669,-1.1877,3.40583
61,0.00342797,-1.47227,3.26845
61,0.105808,-1.60968,3.23575
61,0.212094,-1.47567,3.29906
61,0.100281,-1.58253,3.2477
61,0.143938,-1.4826,3.2917
61,0.158004,-0.997133,3.46189
61,0.112126,-1.04477,3.44264
61,-0.0197939,-1.72194,3.1914
61,-0.0286633,-1.61864,3.22738
61,0.013642,-1.49057,3.27832
61,-0.169942,-1.88689,3.11903
61,0.289575,-1.2553,3.40414
61,0.139076,-0.970692,3.48835
61,0.0887633,-1.0012,3.47158
61,-0.0369175,-1.50646,3.2794
61,-0.0126153,-1.61339,3.24766
61,0.0434868,-1.55552,3.27899
61,0.290481,-1.26074,3.41642
61,-0.0357451,-1.73232,3.20874
61,0.143182,-1.61821,3.27598
61,0.0032173,-1.61136,3.2584
61,0.0384529,-1.54918,3.28705
61,0.149963,-1.51811,3.31833
61,0.146344,-1.58019,3.30272
61,-0.223185,-1.49706,3.28621
61,0.124352,-0.949994,3.52542
61,0.0071906,-1.55525,3.30039
61,-0.0238783,-1.63217,3.27036
61,-0.00653312,-1.52483,3.31077
61,0.0892065,-1.50416,3.33697
61,0.112543,-1.43548,3.36572
61,0.113669,-1.61618,3.3056
61,0.071193,-1.5929,3.32567
61,-0.0496075,-1.21426,3.44877
61,-0.235616,-1.54105,3.31283
61,0.109936,-1.44984,3.39445
61,-0.0307954,-1.54076,3.34756
61,0.0861975,-0.99226,3.56125
61,0.135515,-1.45038,3.42028
61,-0.230967,-1.57064,3.32677
61,0.108662,-1.51871,3.40215
61,0.033251,-1.58618,3.37053
61,0.0844659,-0.995157,3.58382
61,-0.264553,-1.56451,3.33789
61,0.103091,-1.55253,3.41438
61,0.113091,-1.4664,3.44588
61,-0.330422,-1.56777,3.34879
61,-0.338845,-1.92213,3.2279
61,-0.349147,-1.93261,3.22761
61,0.0212988,-1.57628,3.40885
61,-0.227976,-1.66906,3.3449
61,-0.325339,-1.69323,3.32584
61,-0.346803,-1.58637,3.36369
61,-0.352219,-1.58924,3.36925
61,-0.35677,-1.9383,3.25377
61,-0.0511411,-2.00696,3.283
61,-0.265376,-1.60237,3.39507
61,-0.38909,-1.59806,3.39672
61,-0.245669,-1.70499,3.38284
61,-0.32846,-1.68486,3.40764
61,-0.434087,-1.58933,3.44085
61,-0.207938,-1.72426,3.43996
61,-0.428008,-1.61264,3.47142
61,-0.403809,-1.03113,3.69515
61,-0.419677,-1.05639,3.73412
61,-0.476349,-1.37527,3.64493
61,-0.484475,-1.46534,3.63489
61,0.197145,-2.21982,3.49086
61,-0.430658,-1.06977,3.79984
61,-0.490703,-1.4259,3.75797
61,-0.542009,-1.60579,3.88955
61,-1.68219,-1.28081,3.91343
61,1.54314,-3.16693,3.80054
61,-1.81876,-2.53082,3.80705
61,-1.70093,-2.67031,3.81918
61,-1.6762,-2.60044,3.89514
61,-1.81346,-2.78984,3.86171
61,-1.97428,-2.8932,3.82788
61,-1.49044,-1.59153,4.34831
61,-1.42491,-1.60719,4.37561
61,-1.6174,-1.87291,4.3523
61,-1.27274,-1.73119,4.45193
61,-1.52915,-1.59876,4.4692
61,-1.38208,-1.93751,4.37611
61,-1.42577,-1.65248,4.47059
61,-1.41842,-1.88795,4.40115
61,-1.40751,-1.65416,4.49906
61,-1.73313,-2.23454,4.25744
61,-1.44348,-1.87533,4.42361
61,-1.42807,-1.89288,4.41987
61,-1.44228,-1.67659,4.51611
61,-1.39573,-1.96944,4.42309
61,-1.53793,-1.75064,4.48853
61,-1.49695,-1.95843,4.42569
61,-1.33063,-1.69688,4.54086
61,-1.29429,-1.7717,4.54209
61,-1.51937,-1.97853,4.45151
61,-1.31089,-1.75548,4.57884
61,-1.62995,-1.8718,4.49569
61,-1.62904,-1.85135,4.50427
61,-1.47868,-1.93028,4.49891
61,-1.55167,-1.77487,4.55267
61,-1.31679,-1.7638,4.59781
61,-1.3027,-1.81603,4.60268
61,-1.32742,-1.7739,4.65403
61,-1.56764,-2.04288,4.55008
61,-1.32358,-1.85039,4.65196
61,-1.3719,-2.01928,4.66536
61,-1.38145,-2.04147,4.71031
61,-1.33808,-2.93092,4.6872
61,-1.1557,-3.86182,4.51248
61,-0.998573,-2.40135,5.09394
61,-1.00095,-2.42159,5.09382
61,-0.965969,-2.40529,5.11351
61,-1.46993,-2.22364,5.11755
61,-0.953303,-2.1984,5.25153
61,-0.972534,-2.21784,5.24748
61,-0.965392,-2.22176,5.25487
61,-0.975446,-2.22461,5.26183
61,-0.98448,-2.2432,5.30823
61,-1.00109,-2.45772,5.25157
61,-1.52243,-3.1126,4.97061
61,-1.10635,-2.41514,5.28718
61,-1.01144,-2.46904,5.31258
61,-1.02296,-2.29274,5.40818
61,-1.03834,-2.51916,5.33369
61,-1.09959,-2.49847,5.37642
61,-1.11974,-2.34424,5.50044
61,-1.15083,-2.51235,5.44736
61,-1.14172,-2.34049,5.51967
61,-1.15404,-2.51341,5.46585
61,-1.11868,-2.57938,5.45368
61,-1.13811,-2.40684,5.53226
61,-1.14108,-2.52255,5.49794
61,-1.14834,-2.33898,5.56057
61,-1.16239,-2.52815,5.49375
61,-1.1539,-2.39536,5.54093
61,-1.15483,-2.38345,5.5667
61,-1.17081,-2.37169,5.58745
61,-1.18377,-2.55528,5.52952
61,-1.18087,-2.40157,5.62518
61,-1.20081,-2.57926,5.61293
61,-1.74162,-3.57322,5.67072
61,-0.755402,-0.490018,2.86244
60,-0.755402,-0.490018,2.86244
61,-2.91766,-3.36465,8.07225
60,-2.91766,-3.36465,8.07225
61,0.119518,0.151726,1.90627
60,0.119518,0.151726,1.90627
61,-0.443011,-0.319743,2.5868
60,-0.443011,-0.319743,2.5868
62,0.110916,0.178036,0.556528
62,0.0161572,0.30805,1.74027
62,-0.131673,0.272833,1.75661
62,-0.138992,0.300215,1.76533
62,-0.0972186,0.259481,1.7692
62,-0.436738,0.274443,1.76426
62,-0.44539,0.270056,1.78705
62,-0.31692,0.16111,1.81767
62,-0.279935,0.146007,1.82848
62,-0.320834,0.155409,1.83022
62,-0.205295,0.163809,1.8698
62,-0.359012,0.12198,1.89078
62,-0.387257,0.153288,1.90031
62,-0.393731,0.156637,1.90338
62,-0.314327,0.044235,1.88524
62,-0.380624,0.111906,1.89654
62,-0.40677,0.102348,1.91233
62,-0.336147,0.0433646,1.92899
62,-0.437826,0.142572,1.98972
62,-0.294544,0.0210026,2.00243
62,-0.446622,0.142589,2.01473
62,0.411308,-1.00688,1.84322
62,0.223288,-0.130813,2.09137
62,-0.492646,0.101975,2.07843
62,-0.496848,0.0956448,2.10673
62,-0.510995,0.10764,2.11469
62,-0.520232,0.10388,2.1345
62,-0.569715,0.157709,2.16443
62,-0.585335,0.147313,2.21425
62,-0.345156,-0.0128995,2.25472
62,-0.200966,-0.033872,2.30535
62,-0.1961,-0.0361285,2.35955
62,-0.68149,0.0361013,2.30385
62,-0.228584,-0.038549,2.39665
62,-0.352808,0.00552157,2.39256
62,-0.353208,-0.0369723,2.37905
62,-0.708104,0.0322542,2.33783
62,0.29205,-0.284357,2.45519
62,-0.328384,-0.00450733,2.42553
62,-0.288692,-0.0448377,2.43119
62,-0.716998,0.0316904,2.37419
62,-0.343318,-0.0140314,2.52411
62,-0.320002,-0.145403,2.51832
62,-0.330044,-0.15234,2.55832
62,-1.0785,-0.329433,2.46688
62,-0.430459,-0.275197,2.77521
62,-1.14745,-0.314552,2.7213
62,-0.467243,-0.327318,2.97833
62,-1.27882,-0.533735,2.79797
62,-1.47701,-1.56938,2.55015
62,-0.612625,-0.51684,3.11222
62,-0.587765,-0.448212,3.15964
62,-0.283142,-1.42443,3.12788
62,0.104433,-1.87984,3.09494
62,0.311216,-0.479302,3.62597
62,-0.758484,-0.671693,3.42871
62,0.107362,-1.49755,3.3784
62,-1.25842,-0.628734,3.47744
62,0.133405,-1.63848,3.5439
62,-0.916934,-0.823516,3.94778
62,-1.109,-1.49032,4.05353
62,-1.70743,-1.93848,4.65408
62,-2.2022,-1.54951,4.7746
62,-2.18893,-1.8098,5.07237
62,-2.0637,-2.67758,4.99456
62,-0.490703,-1.4259,3.75797
61,-0.490703,-1.4259,3.75797
62,0.158444,-1.13308,3.67339
61,0.158444,-1.13308,3.67339
62,0.110644,-1.65917,3.38626
61,0.110644,-1.65917,3.38626
62,-1.73886,-2.00717,5.30915
61,-1.73886,-2.00717,5.30915
62,0.10987,-0.012431,2.15102
61,0.10987,-0.012431,2.15102
62,0.241868,-1.53361,3.39221
61,0.241868,-1.53361,3.39221
62,-0.17863,-0.0205949,2.20655
60,-0.17863,-0.0205949,2.20655
62,-0.00448677,0.313672,1.82533
60,-0.00448677,0.313672,1.82533
62,-0.0212272,0.209713,1.91805
60,-0.0212272,0.209713,1.91805
62,0.320392,0.24967,1.79118
60,0.320392,0.24967,1.79118
63,0.220466,0.555052,1.47957
63,0.21566,0.539405,1.51396
63,0.56123,0.501152,1.61734
63,-0.162966,0.583303,1.40226
63,0.216321,0.539554,1.51994
63,-0.174706,0.591397,1.40934
63,0.218946,0.514645,1.52576
63,0.193437,0.511828,1.5209
63,0.313768,0.55289,1.57865
63,0.18996,0.513711,1.52938
63,0.371134,0.51291,1.59911
63,0.158283,0.515039,1.53054
63,0.157674,0.518282,1.53665
63,0.333645,0.526004,1.6021
63,0.220047,0.496062,1.56744
63,-0.189084,0.524064,1.45217
63,-0.175752,0.535387,1.4602
63,0.405563,0.445331,1.63615
63,0.146761,0.519143,1.57394
63,0.276995,0.508742,1.62346
63,0.276669,0.511676,1.63375
63,0.240767,0.466286,1.63537
63,0.232442,0.46898,1.63754
63,0.231984,0.467612,1.64211
63,0.590957,0.438012,1.75334
63,0.443913,0.389135,1.70591
63,-0.123592,0.453919,1.54349
63,-0.130331,0.474773,1.54777
63,-0.116273,0.478437,1.55507
63,-0.131691,0.466368,1.54966
63,0.25986,0.405824,1.69699
63,0.264151,0.400266,1.70079
63,0.395505,0.361129,1.74749
63,0.3946,0.376788,1.75398
63,0.110377,0.388442,1.67674
63,0.409655,0.361346,1.7827
63,0.0768196,0.389787,1.69117
63,0.381202,0.371464,1.79363
63,0.0742539,0.384546,1.69673
63,-0.0609688,0.38004,1.67403
63,-0.0489905,0.346413,1.68636
63,-0.0541182,0.349572,1.6863
63,-0.0250347,0.337192,1.69955
63,-0.0547901,0.37231,1.70077
63,-0.0567485,0.365746,1.69851
63,-0.0221778,0.337354,1.70369
63,-0.0440632,0.339061,1.69953
63,-0.0341582,0.360827,1.7111
63,-0.0218008,0.334323,1.71027
63,-0.0274476,0.360801,1.71773
63,-0.0501994,0.339078,1.70454
63,-0.0632493,0.349765,1.7037
63,-0.0212868,0.335135,1.71434
63,-0.141442,0.335118,1.69401
63,-0.0261424,0.33025,1.73233
63,0.223498,0.295281,1.80918
63,0.210993,0.324163,1.81575
63,0.225584,0.304338,1.81752
63,-0.0217692,0.326183,1.74634
63,0.212715,0.318734,1.82262
63,0.192252,0.307936,1.81491
63,0.212012,0.289352,1.8201
63,0.203443,0.286527,1.8186
63,0.213831,0.29905,1.82587
63,0.189974,0.309604,1.82657
63,0.189958,0.313131,1.8322
63,0.202846,0.304957,1.84176
63,-0.0294501,0.289034,1.761
63,-0.0122049,0.284878,1.76698
63,0.183677,0.309388,1.8456
63,-0.349139,0.321493,1.67463
63,-0.0232819,0.286546,1.77216
63,-0.159214,0.32908,1.73999
63,-0.154517,0.328089,1.74428
63,-0.139986,0.291827,1.74137
63,-0.371555,0.330377,1.67598
63,-0.0111163,0.280309,1.78167
63,-0.0121953,0.276971,1.78494
63,0.00155511,0.265446,1.79424
63,0.00226411,0.27058,1.79935
63,-0.161027,0.294901,1.75334
63,-0.190179,0.289853,1.7444
63,-0.179585,0.305498,1.75356
63,-0.144027,0.296903,1.7641
63,0.0119656,0.294389,1.81556
63,-0.162935,0.320036,1.76704
63,-0.164063,0.297116,1.76052
63,-0.169189,0.280243,1.75595
63,0.00200027,0.267202,1.80876
63,-0.188068,0.288424,1.75256
63,0.00450051,0.248812,1.80691
63,-0.17763,0.280937,1.75619
63,0.0165825,0.284118,1.82112
63,-0.166297,0.291828,1.76518
63,0.0042904,0.256478,1.81196
63,-0.17042,0.325611,1.77382
63,-0.147402,0.289186,1.77167
63,0.00449744,0.25588,1.81568
63,0.0162556,0.283261,1.82757
63,0.00658193,0.250955,1.81965
63,0.182743,0.228862,1.8724
63,0.0174294,0.280062,1.83246
63,0.0126102,0.253682,1.82526
63,0.199187,0.233028,1.88663
63,0.0560387,0.280912,1.85479
63,0.0210967,0.263618,1.84316
63,0.0339985,0.259976,1.85174
63,0.0396384,0.259091,1.85432
63,0.0516719,0.280512,1.86834
63,0.195475,0.231257,1.90706
63,0.0309235,0.238499,1.85697
63,0.0254139,0.243413,1.85705
63,0.0527699,0.270452,1.87825
63,0.0300991,0.241116,1.863
63,0.0355724,0.239095,1.86625
63,0.0583647,0.268497,1.88862
63,-0.306593,0.258707,1.77015
63,0.179904,0.2092,1.91739
63,0.168981,0.213278,1.91724
63,0.175847,0.234243,1.92612
63,-0.312481,0.258419,1.77455
63,0.163245,0.213079,1.93437
63,-0.150759,0.212205,1.84202
63,-0.149703,0.213415,1.84658
63,-0.147773,0.209285,1.84724
63,-0.153026,0.196189,1.84259
63,-0.258343,0.201368,1.81141
63,-0.144283,0.212525,1.85327
63,-0.160798,0.190397,1.84756
63,0.538217,0.153958,2.06886
63,-0.253389,0.196733,1.82295
63,-0.258695,0.200295,1.82335
63,-0.161402,0.193344,1.85478
63,-0.255549,0.197523,1.82952
63,-0.182732,0.183752,1.8616
63,-0.172574,0.184159,1.86567
63,-0.162285,0.283421,1.89857
63,0.109679,0.165189,1.95626
63,-0.186452,0.186141,1.86745
63,-0.255389,0.176366,1.8428
63,-0.247965,0.181661,1.8581
63,-0.304496,0.142688,1.82946
63,-0.203176,0.198361,1.87892
63,-0.202866,0.202334,1.88159
63,-0.247674,0.184641,1.86423
63,-0.301298,0.157338,1.84265
63,-0.247915,0.186954,1.86935
63,-0.196278,0.192897,1.88824
63,-0.307367,0.159654,1.84412
63,-0.303024,0.141134,1.8405
63,-0.244362,0.170947,1.87749
63,-0.0422874,0.157559,1.94036
63,0.0530898,0.144894,1.99661
63,0.0582622,0.144035,1.999
63,0.0530149,0.149881,2.00013
63,0.0580836,0.148899,2.00321
63,-0.0550939,0.147013,1.96675
63,0.0536171,0.14418,2.02314
63,-0.25418,0.163434,1.93089
63,-0.404913,0.128483,1.89336
63,-0.410912,0.130942,1.90861
63,-0.101104,0.146178,2.01796
63,-0.116564,0.133663,2.02667
63,-0.112991,0.130009,2.02812
63,0.158892,0.0517741,2.09661
63,-0.118771,0.13313,2.03573
63,-0.232512,0.0864821,2.00318
63,-0.327383,0.0516234,1.97409
63,-0.298242,0.0471664,1.98488
63,-0.329801,0.0498617,1.97658
63,-0.238521,0.0867044,2.01916
63,0.149732,0.0408336,2.1407
63,0.143137,0.0341481,2.14573
63,-0.237335,0.0753226,2.03546
63,-0.244229,0.0762225,2.03349
63,0.124871,0.0251687,2.15067
63,-0.268534,0.033827,2.0291
63,-0.235397,0.0709986,2.05285
63,-0.250449,0.0780337,2.04992
63,0.117697,0.0226207,2.16303
63,0.117982,0.029548,2.16545
63,-0.26023,0.0254801,2.0589
63,-0.253326,0.0277827,2.06807
63,-0.289922,-0.0137865,2.06251
63,-0.29037,-0.0140428,2.06805
63,-0.172368,0.0212435,2.12527
63,-0.192141,0.0122431,2.11917
63,-0.19268,0.00999826,2.12303
63,-0.198759,0.0107088,2.12161
63,-0.197323,0.0118999,2.12504
63,-0.148099,0.00318009,2.1556
63,-0.230399,0.0106222,2.14623
63,0.130517,0.00677091,2.2851
63,0.213913,-0.0727429,2.29524
63,0.17724,-0.0930009,2.35302
63,-0.971985,-0.883433,1.9531
63,-1.01462,-0.669855,2.06806
63,0.231004,-0.245861,2.60292
63,-0.689471,-0.18376,2.39571
63,-0.478821,-0.408652,2.49197
63,-1.18399,-0.171313,2.41492
63,-0.203516,-0.396542,2.72067
63,-0.536041,-0.463471,2.62899
63,-1.09088,-0.556603,2.47907
63,-0.938026,-0.490002,2.56047
63,-0.920662,-0.513722,2.56317
63,-0.952167,-0.447898,2.57268
63,-0.929481,-0.473072,2.57336
63,-0.925675,-0.482654,2.59099
63,0.789673,-0.951622,3.02939
63,0.799856,-0.803099,3.09294
63,-0.59707,-0.50229,2.72862
63,0.639839,-0.716848,3.09735
63,-0.618542,-0.50723,2.74471
63,-0.632487,-0.568728,2.73153
63,-0.634399,-0.569545,2.74264
63,-0.998139,-0.52601,2.63726
63,-0.883552,-0.569558,2.6654
63,-0.893163,-0.547679,2.69631
63,-1.03478,-0.521281,2.67008
63,-0.915078,-0.599984,2.72925
63,-0.693637,-0.602257,2.81204
63,-0.695407,-0.609159,2.82763
63,-0.912043,-0.327802,2.84481
63,-0.73848,-0.677745,2.82854
63,-0.755584,-0.696961,2.855
63,0.377694,-1.10034,3.12683
63,0.462739,-1.24278,3.11685
63,-0.0441882,-0.866392,3.0642
63,-0.881665,-0.640078,2.89737
63,-0.0407914,-0.903798,3.12359
63,0.601538,-1.29699,3.23233
63,-0.794245,-0.731505,2.9374
63,-0.0365401,-0.93697,3.13712
63,-0.0511953,-0.916968,3.15097
63,-0.0638504,-0.904343,3.1602
63,0.336065,-1.03381,3.34368
63,-0.0879507,-1.5017,3.146
63,-0.0138381,-1.67744,3.12185
63,0.0158033,-1.00727,3.34089
63,0.0497964,-1.10995,3.36304
63,0.225459,-1.29549,3.40249
63,0.111173,-1.03564,3.44382
63,0.138293,-1.88958,3.21747
63,0.0438897,-1.02247,3.42931
63,0.0380605,-1.13092,3.40962
63,0.0838225,-1.08392,3.45275
63,0.00915879,-1.08832,3.43121
63,0.059605,-1.06029,3.46195
63,0.0997633,-1.04686,3.48183
63,0.0955996,-1.05351,3.50806
63,0.440788,-1.1419,3.62913
63,-1.88797,-1.53571,3.71898
63,-1.00571,-2.07966,4.28792
63,-1.81236,-1.93038,4.12408
63,-1.32294,-2.51094,4.96296
63,-0.562262,0.170252,2.04412
61,-0.562262,0.170252,2.04412
63,0.370287,-0.915129,3.35628
61,0.370287,-0.915129,3.35628
63,-0.412322,-0.0946096,2.40719
61,-0.412322,-0.0946096,2.40719
64,-0.577235,0.375142,1.64378
64,-0.130987,0.302299,1.7599
64,0.137696,0.236184,1.8652
64,-0.432098,0.245539,1.76675
64,-0.0351468,0.177876,1.90658
64,-0.211113,0.157217,1.95241
64,-0.336821,0.140273,1.94582
64,-0.49933,0.158428,1.93493
64,-0.324942,0.115629,1.96817
64,-0.419447,0.149809,1.95846
64,-0.490545,0.159452,1.95156
64,-0.521381,0.163692,1.94596
64,-0.108488,0.090835,2.02746
64,-0.503896,0.159938,1.95718
64,-0.455522,0.10607,1.95861
64,-0.387902,0.105528,1.98753
64,-0.385967,0.0881978,1.99258
64,-0.468091,0.103874,1.97974
64,-0.410042,0.0853833,1.99405
64,-0.426402,0.0929649,1.994
64,-0.444519,0.0930796,2.01742
64,-0.267008,0.0463764,2.10371
64,-0.579802,0.0364911,2.07783
64,-0.581759,0.0242242,2.07736
64,-0.170427,-0.0126231,2.18984
64,-0.17345,-0.0140553,2.19745
64,-0.207585,-0.00668882,2.19683
64,-0.298686,-0.0064279,2.17894
64,-0.332586,-0.0425182,2.17538
64,0.189579,-0.106499,2.34422
64,0.167937,-0.116229,2.35136
64,-0.773949,-0.0191532,2.16438
64,0.267758,-0.230005,2.55775
64,-0.37014,-0.21317,2.46635
64,-0.366172,-0.215371,2.48777
64,0.336017,-0.322909,2.67653
64,0.312633,-0.337338,2.69394
64,-1.01405,-0.649118,2.42397
64,-1.05604,-0.473531,2.59394
64,-1.07569,-0.49096,2.64521
64,-0.554186,-0.424184,2.78353
64,-0.525657,-0.429291,2.79349
64,-1.06665,-0.450296,2.66753
64,-0.561837,-0.433678,2.78882
64,-0.925986,-0.38792,2.72866
64,-0.930494,-0.406241,2.75071
64,-1.08322,-0.459211,2.70997
64,-0.9116,-0.420284,2.76482
64,-0.612162,-0.534576,2.93268
64,-0.876658,-0.529644,2.88919
64,-0.651516,-0.534301,2.94733
64,-0.775095,-0.51401,2.94599
64,-0.657345,-0.546984,2.98041
64,-0.787132,-0.520581,2.96568
64,-0.714637,-0.619204,3.00377
64,-0.730963,-0.620773,3.01273
64,-0.82822,-0.542251,3.02174
64,0.343523,-1.30489,3.17405
64,0.456995,-1.32293,3.20072
64,0.388447,-0.97722,3.37454
64,-0.0178036,-1.67023,3.13857
64,0.288535,-1.22511,3.36
64,0.269334,-1.34588,3.41496
64,-0.190875,-1.9366,3.20006
64,-0.0198435,-1.52019,3.33463
64,0.191344,-1.51555,3.41247
64,0.196606,-1.95625,3.33256
64,0.122289,-1.46088,3.43262
64,0.112767,-1.44851,3.43685
64,-0.42976,-0.944137,3.45166
64,-0.39647,-0.943362,3.47899
64,-0.320781,-1.65361,3.33641
64,-0.215487,-1.69158,3.39583
64,0.189669,-2.16184,3.40535
64,-0.385099,-1.01486,3.56235
64,-0.361644,-1.9906,3.35422
64,-0.407919,-1.58685,3.45054
64,-0.47234,-1.41896,3.56811
64,-0.0587031,-2.30589,3.71208
64,-1.77228,-1.3141,3.93403
64,-1.74106,-1.3082,4.01288
64,-1.71089,-1.40139,4.03006
64,-1.69809,-2.50584,3.84895
64,-1.17297,-2.44707,4.00479
64,-1.77283,-1.35501,4.11909
64,-1.93216,-1.47379,4.15884
64,-1.88039,-2.56133,4.16877
64,-1.59564,-1.64209,4.47827
64,-1.5405,-1.71664,4.50671
64,-1.55154,-1.62777,4.52847
64,-1.50675,-1.66066,4.55292
64,-1.30303,-1.96619,4.55686
64,-1.55003,-1.80423,4.54184
64,-1.56353,-1.79178,4.54212
64,-1.47932,-1.71054,4.59006
64,-1.37817,-1.77162,4.60803
64,-1.41004,-1.76142,4.63254
64,-1.34345,-1.78943,4.64267
64,-1.32739,-1.83807,4.64173
64,-1.30482,-1.78092,4.66368
64,-1.59489,-1.67735,4.63598
64,-1.41128,-1.80932,4.71336
64,-1.51627,-1.77026,4.70359
64,-1.37156,-1.83542,4.76548
64,-1.12671,-2.3816,5.25176
64,-1.06354,-2.40916,5.59566
64,-1.08321,-2.6266,5.5423
64,-0.263019,-0.0358145,2.41014
60,-0.263019,-0.0358145,2.41014
64,-0.0109268,0.219697,1.97105
60,-0.0109268,0.219697,1.97105
65,-0.0320256,-0.16893,1.02074
65,-0.0222952,-0.177892,1.06497
65,-0.252252,0.237231,1.85541
65,0.11705,0.149074,1.96351
65,-0.433109,0.144032,1.97923
65,0.0907884,-0.0198061,2.20436
65,-0.173881,-0.0210047,2.15156
65,-0.182235,-0.0221338,2.18217
65,-0.291377,0.0292958,2.27474
65,-0.775455,-0.0173992,2.18599
65,-1.14393,-0.988509,1.85478
65,-0.255231,-0.115733,2.31821
65,0.243765,-0.2148,2.44601
65,-0.809614,-0.0104601,2.25435
65,-1.21139,-0.189258,2.20404
65,-0.340037,-0.21725,2.44707
65,-1.24229,-1.18451,2.03036
65,-1.00532,-0.784383,2.218
65,-1.02696,-0.695566,2.24703
65,-1.04052,-0.696501,2.26696
65,-1.03671,-0.285105,2.43883
65,-1.04651,-0.830611,2.29673
65,-0.427551,-0.315819,2.59037
65,-1.07479,-0.680834,2.3599
65,-1.08898,-0.411144,2.44306
65,-1.04136,-0.264777,2.51135
65,-1.04114,-0.335756,2.52548
65,-1.11195,-0.460185,2.47678
65,-1.04571,-0.270597,2.54556
65,-0.465299,-0.313452,2.67792
65,-1.05443,-0.270124,2.54564
65,-1.13902,-0.0812946,2.60284
65,-0.47908,-0.332899,2.70219
65,-0.479989,-0.332548,2.72323
65,-1.09832,-0.499106,2.53265
65,-1.0984,-0.451013,2.54972
65,-0.563034,-0.438353,2.83783
65,-0.570667,-0.443734,2.8569
65,-0.94572,-0.421683,2.78848
65,-1.13002,-0.520732,2.74761
65,-0.952597,-0.401026,2.82295
65,-0.955505,-0.473688,2.80434
65,-0.941258,-0.390746,2.83242
65,-0.324511,-0.783854,2.93694
65,-0.929889,-0.447422,2.89066
65,-0.869778,-0.530488,2.9103
65,-0.339147,-0.801115,3.0081
65,-0.34707,-0.83916,3.06617
65,-0.908474,-0.555422,3.00494
65,-0.709362,-0.631786,3.06127
65,-0.81199,-0.535645,3.0825
65,-0.746524,-0.629928,3.0971
65,-0.343038,-0.854418,3.15838
65,-0.743261,-0.654263,3.1596
65,-0.868228,-0.563186,3.17314
65,0.675403,-1.28799,3.36982
65,0.349634,-1.37318,3.29046
65,-0.849391,-1.73045,2.91498
65,-0.0286013,-1.70673,3.20256
65,0.0208534,-1.54409,3.30045
65,-0.256547,-1.51098,3.26358
65,0.179957,-2.03828,3.25208
65,0.113865,-1.43491,3.39771
65,-0.223461,-1.52768,3.29665
65,-0.3294,-1.52134,3.28036
65,-0.311973,-1.52384,3.28582
65,-0.0609023,-1.49416,3.35952
65,-0.285486,-1.58051,3.2932
65,-0.397967,-1.4851,3.2922
65,0.29271,-1.37979,3.50218
65,-0.230509,-1.65969,3.31717
65,0.0846692,-1.62696,3.427
65,-0.191942,-1.55317,3.38511
65,0.150017,-1.59002,3.46901
65,0.114622,-1.67388,3.45192
65,-0.18459,-1.57425,3.41282
65,0.131554,-1.65453,3.48034
65,0.153276,-1.86839,3.43158
65,0.244443,-1.58198,3.53649
65,-0.445152,-1.40977,3.41742
65,0.159275,-1.74071,3.48853
65,-0.42081,-1.57956,3.4475
65,-0.457759,-1.66341,3.60857
65,-0.52718,-1.54178,3.65617
65,-1.13721,-1.69757,4.02625
65,0.396725,-2.08749,4.33731
65,-1.18313,-1.74353,4.12365
65,-1.75969,-1.33157,4.12067
65,-1.77594,-2.53837,3.83421
65,-1.75879,-1.40837,4.13594
65,-1.97951,-2.70205,3.75645
65,-1.51288,-1.62464,4.48914
65,-0.96134,-2.03723,4.52059
65,-1.74802,-2.27767,4.33177
65,-1.32872,-1.97621,4.60971
65,-1.31409,-1.78728,4.71621
65,-1.85185,-3.05295,4.29481
65,-2.09319,-1.45567,4.69524
65,-1.55353,-1.74056,4.76971
65,-1.61356,-2.13515,4.70125
65,-1.02269,-2.24465,4.91454
65,-1.66178,-2.15097,4.8027
65,-1.43981,-1.92183,4.95588
65,-1.41837,-1.9862,4.96201
65,-1.54149,-2.20261,4.88877
65,-1.60485,-2.12847,4.92951
65,-1.0324,-2.35475,5.01231
65,-1.43544,-1.91777,5.05464
65,-1.47512,-1.94329,5.08993
65,-1.70939,-1.99544,5.02548
65,-1.68552,-2.23978,4.97443
65,-1.47435,-1.99318,5.10873
65,-1.63122,-2.26727,5.03232
65,-1.62723,-2.31206,5.13546
65,-1.55516,-1.98779,5.24174
65,-1.06476,-2.63138,5.60511
65,-2.66229,-2.00473,5.47274
65,-1.20379,-2.75425,6.35654
65,-0.279836,0.0381208,2.17511
60,-0.279836,0.0381208,2.17511
66,-0.0561414,-0.900974,1.50762
66,0.364978,-0.392634,2.54191
66,-1.07842,-1.0226,1.9418
66,-0.998779,-0.873797,2.10503
66,-0.991323,-0.872889,2.1084
66,-1.33424,-1.51935,1.82777
66,-1.30996,-1.44968,1.87965
66,-1.01576,-0.277213,2.37652
66,-1.04774,-0.321537,2.38322
66,0.27543,-0.253788,2.79484
66,-1.28354,-1.5014,1.92319
66,-1.07062,-0.420188,2.37512
66,0.351525,-0.347846,2.79562
66,-1.04568,-0.285813,2.4364
66,-1.16364,-1.15356,2.13163
66,-1.15712,-1.163,2.14994
66,-1.10272,-0.472728,2.43092
66,-1.08851,-0.455912,2.51736
66,-0.508762,-0.420744,2.69111
66,-1.10095,-0.456747,2.56737
66,-1.11037,-0.483177,2.55578
66,-0.732498,-1.42612,2.37759
66,-1.10134,-0.483942,2.66388
66,-1.19669,-0.524476,2.66799
66,-0.506756,-0.347045,2.92849
66,-0.688873,-0.576982,2.85299
66,-0.617836,-0.524462,2.90626
66,-0.584215,-0.447338,2.98446
66,-0.673862,-0.587674,2.91343
66,-0.663833,-0.551477,3.09484
66,-0.738637,-0.634793,3.13513
66,-0.754635,-0.628917,3.16395
66,-0.936377,-0.555374,3.14094
66,-0.739481,-0.638662,3.17604
66,-0.304451,-1.41996,3.0633
66,0.130281,-1.87281,3.05403
66,-0.3185,-1.42858,3.0949
66,-0.249606,-1.44034,3.11036
66,-0.278423,-1.42914,3.10788
66,-0.250341,-1.46507,3.11653
66,-0.319087,-1.45202,3.1283
66,-0.767355,-0.666955,3.28813
66,-0.359559,-1.45804,3.15587
66,-0.790965,-0.672799,3.31894
66,-0.273869,-1.51389,3.17082
66,-0.0335781,-1.48907,3.26678
66,-0.280034,-1.53159,3.20249
66,-0.340376,-1.83512,3.09141
66,-0.0960585,-1.8928,3.14179
66,0.0884401,-1.87124,3.20972
66,-0.402379,-1.4407,3.23361
66,0.0472242,-1.9355,3.18289
66,-0.284476,-1.54842,3.23139
66,-0.39711,-1.45837,3.23369
66,-0.328198,-1.84484,3.12304
66,0.106902,-1.51339,3.37078
66,-0.4048,-1.46276,3.25222
66,-0.271414,-1.57473,3.25234
66,-0.0360316,-1.51482,3.33975
66,-0.0322863,-1.74489,3.26248
66,0.0908751,-1.59199,3.36777
66,-0.0145621,-1.64843,3.31961
66,-0.331539,-1.8685,3.16218
66,0.136459,-2.0169,3.28196
66,-0.334846,-1.66863,3.27709
66,-0.325423,-1.62368,3.30236
66,-0.325728,-1.61747,3.30896
66,-0.067258,-1.50448,3.43071
66,0.148638,-1.71775,3.42025
66,-0.078023,-1.5103,3.43416
66,-0.10908,-1.59651,3.47966
66,-0.387873,-1.59275,3.4286
66,-0.45941,-1.48977,3.48233
66,0.253756,-1.62191,3.66489
66,-1.49865,-2.61427,2.94766
66,-1.06604,-2.70236,3.07849
66,-1.10936,-2.81752,3.20478
66,-1.63618,-2.73103,3.15978
66,0.0448426,-2.41671,3.94349
66,-1.27122,-3.0033,3.43399
66,-1.57475,-3.07899,3.35916
66,-1.80248,-2.62682,3.56647
66,-1.63698,-3.15906,3.47206
66,-1.7957,-2.34937,3.73247
66,-1.79974,-2.35458,3.73184
66,0.00674599,-2.62366,4.17198
66,-1.89247,-2.60674,3.6591
66,-1.81495,-2.38608,3.75904
66,-1.89326,-2.73981,3.70411
66,-1.76882,-2.67263,3.7825
66,0.0580495,-2.65139,4.34977
66,-1.90248,-2.76968,3.788
66,-1.22962,-1.68595,4.36351
66,-1.80672,-2.50977,3.92148
66,0.0104919,-2.63829,4.38568
66,-2.01158,-2.70119,3.81566
66,-1.28439,-3.47872,3.76788
66,-1.85582,-2.57303,3.96184
66,-0.06237,-2.69168,4.41729
66,-0.0415154,-2.79514,4.41191
66,-9.41381e-05,-2.79994,4.42401
66,-0.0414739,-2.72266,4.45357
66,-1.85249,-1.4782,4.40531
66,-1.86,-2.58855,4.01053
66,-1.55802,-3.37981,3.8397
66,0.0216118,-2.72984,4.51189
66,-0.942444,-2.02432,4.49899
66,0.013505,-2.79648,4.49796
66,-1.82637,-2.42601,4.1258
66,-1.50937,-1.59256,4.53049
66,-1.72236,-3.40745,3.84805
66,-1.74776,-2.24746,4.29438
66,-1.90713,-1.53051,4.50666
66,-1.74951,-2.25669,4.29625
66,-1.85974,-2.48129,4.19711
66,-1.91593,-2.52811,4.25518
66,-0.985427,-2.0992,4.67668
66,-1.65946,-1.86779,4.65067
66,-1.00563,-2.16238,4.77011
66,-1.01109,-2.17769,4.79594
66,-2.0825,-1.41482,4.77411
66,-1.70384,-3.65128,4.12576
66,0.316501,-3.21285,4.87967
66,-1.85087,-3.04773,4.38643
66,-2.12995,-1.57566,4.93097
66,-1.69842,-2.22251,4.99393
66,-1.69544,-2.18637,5.01424
66,-1.73385,-2.19101,5.04661
66,-1.0641,-2.40998,5.22192
66,-1.70924,-2.2561,5.12423
66,-1.69204,-2.17917,5.22628
66,-1.53511,-2.02096,5.37006
66,-1.53637,-1.99325,5.38483
66,-1.75808,-2.30234,5.26118
66,-1.7635,-2.32714,5.28476
66,-1.71334,-1.97642,5.46854
66,-1.76656,-2.34112,5.33882
66,-1.77374,-2.34566,5.34894
66,-1.63747,-2.34976,5.40032
66,-1.75782,-2.0333,5.58505
66,-1.72108,-2.42054,5.50131
66,-2.1471,-3.67826,5.14883
66,-2.64116,-1.7943,6.04702
66,-1.0707,-0.459373,3.20803
65,-1.0707,-0.459373,3.20803
66,-0.982652,-0.857623,2.0791
65,-0.982652,-0.857623,2.0791
66,-1.31153,-1.94427,4.61272
65,-1.31153,-1.94427,4.61272
66,-1.15755,-0.540619,2.85533
65,-1.15755,-0.540619,2.85533
66,0.0965866,-0.927294,3.39851
64,0.0965866,-0.927294,3.39851
66,-0.817887,-0.486011,2.74505
64,-0.817887,-0.486011,2.74505
67,0.202849,-0.132193,2.62774
67,-1.03254,-1.41299,1.93297
67,-1.30546,-1.54226,1.88493
67,-1.28481,-1.43199,1.93365
67,-1.21442,-1.4635,1.97839
67,-0.469123,-0.402937,2.53486
67,-1.06854,-0.334448,2.43473
67,-0.446474,-0.329069,2.65152
67,-0.47844,-0.336027,2.75751
67,-0.585404,-0.485158,2.84385
67,-0.273159,-1.51492,3.2117
67,-0.864723,-0.517115,3.38392
67,-0.328485,-1.61996,3.24899
67,-0.305657,-1.65137,3.25288
67,-1.97147,-2.61015,3.79798
67,-0.995363,-1.95004,4.74088
67,-1.65557,-1.85968,4.64767
67,-1.02183,-2.1246,4.9947
67,-1.02977,-2.13568,5.1785
67,-1.00557,-2.28773,5.45855
67,-1.07361,-2.39852,5.50391
67,0.177732,-0.881788,3.21004
65,0.177732,-0.881788,3.21004
67,-0.917861,-2.08122,4.9755
65,-0.917861,-2.08122,4.9755
67,-1.29686,-1.48081,3.58302
61,-1.29686,-1.48081,3.58302
67,0.264071,-0.221954,2.51527
64,0.264071,-0.221954,2.51527
68,-0.481309,0.3099,1.44926
68,-0.220909,0.389855,1.61267
68,0.368669,0.274738,1.7315
68,0.181023,0.31325,1.71365
68,0.323796,0.278802,1.77252
68,0.0227167,0.308375,1.71527
68,0.317415,0.247415,1.77469
68,-0.00194134,0.305787,1.7152
68,0.00223145,0.31027,1.74228
68,-0.113585,0.288286,1.79403
68,-0.139882,0.280653,1.7909
68,0.137239,0.207465,1.85315
68,0.135008,0.244305,1.85716
68,0.135586,0.244181,1.86447
68,-0.648919,0.324482,1.73711
68,-0.24602,0.23589,1.819
68,-0.201046,0.23874,1.82797
68,-0.249755,0.213995,1.81902
68,-0.446165,0.286021,1.78208
68,-0.444106,0.255614,1.78372
68,-0.652927,0.316374,1.74305
68,-0.444967,0.282118,1.78652
68,-0.44804,0.264545,1.78651
68,-0.0875544,0.211313,1.8643
68,-0.253232,0.210232,1.84371
68,-0.248757,0.243171,1.84556
68,-0.250528,0.248245,1.85068
68,-0.224453,0.230964,1.85666
68,-0.450924,0.275587,1.81991
68,0.12012,0.151475,1.93854
68,0.116523,0.154877,1.94088
68,-0.381873,0.208775,1.86493
68,-0.386825,0.213089,1.87583
68,-0.328101,0.141351,1.89227
68,-0.613735,0.4377,1.83961
68,-0.332863,0.136839,1.8978
68,-0.324303,0.13223,1.90002
68,-0.222666,0.158314,1.92675
68,-0.396933,0.209022,1.89354
68,-0.326091,0.136133,1.90745
68,-0.219808,0.156004,1.93341
68,-0.341965,0.145844,1.91916
68,-0.00156128,0.233348,1.98743
68,-0.323964,0.110627,1.92354
68,-0.10386,0.0941985,1.96787
68,-0.307472,0.135258,1.93067
68,-0.328293,0.110745,1.92749
68,-0.235706,0.136899,1.94854
68,-0.033723,0.183667,1.98966
68,0.0478398,0.096622,2.00779
68,-0.306265,0.133349,1.93944
68,-0.249295,0.160496,1.95249
68,-0.303478,0.135807,1.94182
68,-0.254654,0.157537,1.9529
68,-0.252824,0.161473,1.95447
68,-0.0189127,0.215785,2.00371
68,-0.415572,0.147219,1.92815
68,-0.261144,0.160908,1.96821
68,-0.245482,0.138466,1.9717
68,-0.0454997,0.199302,2.01494
68,-0.400949,0.0843565,1.94472
68,-0.251498,0.142295,1.97695
68,-0.264145,0.1612,1.97782
68,-0.394195,0.0776356,1.95547
68,-0.433513,0.144689,1.94797
68,0.00857277,0.0867851,2.0384
68,-0.388546,0.102753,1.96168
68,-0.434151,0.146152,1.96015
68,-0.43229,0.157459,1.96058
68,-0.388705,0.0792537,1.97166
68,-0.438955,0.150978,1.96378
68,-0.430891,0.15215,1.96626
68,-0.389306,0.080873,1.97602
68,-0.418548,0.154891,1.97161
68,-0.0115878,0.250322,2.05537
68,0.00722334,0.0861586,2.05909
68,-0.098296,0.0977199,2.03931
68,0.0221063,0.0928846,2.07081
68,0.00734939,0.0900629,2.0685
68,0.0104521,0.108072,2.07624
68,-0.434192,0.0892607,1.99055
68,-0.138561,0.118974,2.07134
68,-0.476401,0.104304,2.01603
68,-0.359769,-0.0030247,2.04012
68,-0.449521,0.0952181,2.03006
68,-0.541146,0.191079,2.01498
68,-0.537502,0.19146,2.01929
68,-0.12208,0.107923,2.10645
68,-0.449464,0.0973763,2.04228
68,-0.429248,0.168763,2.06295
68,-0.561238,0.0284704,2.03849
68,-0.566246,0.0281048,2.04513
68,-0.478259,0.10441,2.06299
68,-0.161208,0.109241,2.12607
68,-0.568026,0.0195765,2.04613
68,0.0873414,-0.0219467,2.18051
68,0.110549,-0.0112556,2.19147
68,0.0884631,-0.0181055,2.18799
68,-0.478737,0.102831,2.07648
68,-0.159674,0.109797,2.14764
68,-0.489087,0.105269,2.08293
68,-0.141316,0.106131,2.17288
68,-0.293313,0.049634,2.14305
68,-0.618664,0.0632204,2.10375
68,-0.340576,-0.0528793,2.16312
68,-0.630924,0.0702595,2.12883
68,-0.625248,0.0665988,2.13325
68,-0.179175,-0.0108954,2.22618
68,-0.34471,-0.0460391,2.19652
68,-0.208429,-0.00452625,2.23647
68,-0.238213,-0.0118063,2.24825
68,0.170487,-0.117889,2.33116
68,-0.647904,0.0801261,2.17328
68,-0.248866,-0.00849717,2.25432
68,-0.251381,-0.0307408,2.26112
68,-0.2363,-0.0141345,2.26607
68,-0.250863,-0.115419,2.26788
68,-0.257836,0.000517324,2.26711
68,0.185094,-0.116951,2.3663
68,-0.797002,-0.00367454,2.22753
68,-0.273607,-0.133032,2.33393
68,-0.294357,-0.116168,2.36102
68,-0.296801,-0.11728,2.36896
68,-0.288314,-0.122211,2.37658
68,0.263962,-0.225587,2.49523
68,-0.328728,-0.217248,2.38971
68,-0.327814,-0.210423,2.39183
68,-0.375179,-0.219262,2.53099
68,-0.388377,-0.214905,2.55365
68,-0.417007,-0.312808,2.55116
68,-1.04154,-0.283859,2.43515
68,0.444438,-0.508723,2.75901
68,-0.401087,-0.212101,2.61807
68,-0.402523,-0.219792,2.61905
68,-1.12207,-0.486574,2.49923
68,-1.03968,-0.320101,2.53119
68,-0.388067,-0.22518,2.67283
68,-1.04716,-0.261551,2.54309
68,-1.05437,-0.262399,2.58695
68,-0.453909,-0.336286,2.71519
68,-0.486869,-0.337712,2.77445
68,-0.496545,-0.327586,2.78381
68,-0.330363,-0.809597,2.83894
68,-0.484007,-0.331779,2.81376
68,-0.938511,-0.42357,2.78529
68,-0.571483,-0.434925,2.86144
68,-0.955579,-0.443539,2.79349
68,-0.951712,-0.422034,2.80013
68,-0.959597,-0.459561,2.80408
68,-0.915935,-0.421724,2.81951
68,0.373248,-1.06109,3.08076
68,-0.988478,-0.457116,2.81274
68,-0.924059,-0.419607,2.84018
68,0.712809,-0.953488,3.18843
68,-1.15307,-0.523847,2.83388
68,-0.864716,-0.516217,2.89231
68,-0.982061,-0.479316,2.87195
68,-0.97556,-0.431341,2.87811
68,-0.972951,-0.390145,2.89274
68,-0.949248,-0.423318,2.90286
68,-0.648519,-0.530413,2.96828
68,-1.00413,-0.488704,2.89891
68,-0.870499,-0.48968,2.93079
68,-0.978642,-0.388899,2.91129
68,-0.649997,-0.537893,3.00786
68,-0.643334,-0.537584,3.02464
68,-0.885354,-0.478445,2.99121
68,0.531156,-1.10286,3.3265
68,-0.792119,-0.519716,3.10769
68,-0.853911,-0.529553,3.11978
68,-0.832899,-0.524683,3.15612
68,0.41167,-1.01684,3.51345
68,0.295052,-1.39191,3.53204
68,0.147315,-1.03263,3.66058
68,0.158076,-1.12647,3.72829
68,0.314959,-1.48463,3.76597
68,0.228006,-1.07049,3.79815
68,-1.8624,-1.54331,4.50734
68,-1.04101,-2.22915,4.93813
68,-0.0742164,0.19052,1.93091
63,-0.0742164,0.19052,1.93091
68,0.770806,-0.818402,3.32131
63,0.770806,-0.818402,3.32131
68,-0.0513987,0.232642,1.83043
63,-0.0513987,0.232642,1.83043
68,-0.568991,-0.427581,2.81769
65,-0.568991,-0.427581,2.81769
68,-0.728984,-0.0164309,2.04951
65,-0.728984,-0.0164309,2.04951
68,-0.790382,-0.504691,2.9648
61,-0.790382,-0.504691,2.9648
69,0.108756,0.00960824,2.2275
69,0.0880114,-0.0311919,2.22448
69,-0.198468,0.00616542,2.18488
69,-0.213554,-0.0312352,2.17598
69,-0.194422,-0.0339398,2.18496
69,0.15765,-0.128789,2.33395
69,-0.770977,-0.0191926,2.16155
69,0.188432,-0.0952776,2.35527
69,-0.786035,0.0179847,2.20211
69,0.224387,-0.232777,2.48213
69,0.218402,-0.247975,2.47942
69,0.259267,-0.213535,2.50977
69,-1.0276,-0.820259,2.13843
69,0.276475,-0.19914,2.54071
69,-0.359689,-0.185209,2.49229
69,-0.356253,-0.193241,2.49512
69,-0.364552,-0.191775,2.49783
69,-0.356756,-0.25334,2.5037
69,-0.359125,-0.255035,2.51127
69,-1.06997,-0.253424,2.42756
69,-0.448117,-0.278239,2.59341
69,-0.442872,-0.294163,2.61672
69,-0.447143,-0.279424,2.62463
69,-1.07245,-0.443537,2.473
69,-0.450439,-0.34474,2.65526
69,0.417033,-0.422734,2.84815
69,0.424855,-0.414663,2.85321
69,-0.457883,-0.352885,2.67582
69,-0.534842,-0.386195,2.72257
69,-0.538769,-0.432159,2.79459
69,-0.557759,-0.453155,2.7875
69,0.474525,-0.545207,3.00649
69,0.502777,-0.536122,3.05923
69,-0.951873,-0.480125,2.76585
69,-0.617606,-0.484641,2.8522
69,-0.651386,-0.5306,2.85124
69,-0.746761,-0.519433,2.83397
69,-0.629044,-0.504916,2.87331
69,-0.751761,-0.520258,2.84526
69,-0.545473,-0.466851,2.90102
69,-0.746624,-0.473345,2.85929
69,-0.607966,-0.490219,2.8876
69,-0.709681,-0.574005,2.95734
69,-0.714704,-0.575999,2.9877
69,-0.698509,-0.579462,2.99533
69,-0.63282,-0.571721,3.01404
69,-0.640845,-0.575261,3.0344
69,0.596087,-0.660654,3.30046
69,-0.676319,-0.617984,3.0847
69,-0.747989,-0.6592,3.07462
69,-0.71707,-0.659109,3.08188
69,-0.691949,-0.611059,3.11278
69,-0.690338,-0.60814,3.11693
69,-0.105191,-1.41536,3.12798
69,-0.113293,-1.47118,3.14847
69,-0.109939,-1.46365,3.16307
69,-0.0651439,-1.38866,3.22622
69,-0.0786755,-1.38868,3.25594
69,-0.0664802,-1.38729,3.26024
69,-0.190032,-1.46823,3.23529
69,-0.0317434,-1.476,3.32845
69,-0.0342361,-1.4922,3.35628
69,0.112067,-1.66025,3.36685
69,-0.319171,-1.50199,3.31038
69,-0.0708097,-1.62102,3.35516
69,-0.311912,-1.49655,3.34557
69,-0.407471,-1.48465,3.33876
69,0.116267,-1.64649,3.42632
69,0.0400218,-1.59138,3.41895
69,0.0947109,-1.57802,3.43749
69,-0.32978,-1.56923,3.36169
69,0.111901,-1.69714,3.43966
69,-0.247674,-1.55073,3.38608
69,-0.0422791,-1.15752,3.4993
69,0.0833256,-1.03783,3.54961
69,-0.338217,-1.53921,3.397
69,-0.377993,-1.56976,3.38804
69,-0.344298,-1.58055,3.40607
69,-0.384332,-1.61154,3.3976
69,-0.312444,-1.60724,3.41685
69,-0.30732,-1.61286,3.42138
69,-0.301774,-1.63259,3.42871
69,-0.385058,-1.62811,3.43552
69,-0.410431,-1.52154,3.46448
69,-0.340257,-1.73383,3.4803
69,-0.41215,-1.07748,3.80117
69,-0.453638,-1.08627,3.82378
69,-1.66406,-1.1987,3.90843
69,0.933651,-2.70797,4.27738
69,-1.36753,-1.77638,4.32573
69,-1.36387,-1.78471,4.34553
69,-1.7213,-2.20354,4.34934
69,-1.65472,-1.90586,4.44536
69,-1.48198,-2.04883,4.5585
69,-1.57367,-2.0125,4.55436
69,-1.01432,-2.49762,5.08348
69,-0.964672,-2.22068,5.18186
69,-1.10346,-2.3394,5.42252
69,-1.11829,-2.33041,5.54415
69,-1.13339,-2.43891,5.52586
69,-1.1617,-2.339,5.57514
69,-1.18649,-2.51998,5.5417
69,-1.1527,-2.3832,5.69722
69,-0.0194937,-0.998818,3.71711
65,-0.0194937,-0.998818,3.71711
69,0.0799376,-1.87969,3.22715
65,0.0799376,-1.87969,3.22715
69,-0.987585,-0.844589,1.63005
65,-0.987585,-0.844589,1.63005
69,-1.35882,-1.80874,4.71849
65,-1.35882,-1.80874,4.71849
69,-0.0367011,-1.93071,3.19525
61,-0.0367011,-1.93071,3.19525
69,0.0024428,-2.825,4.4637
66,0.0024428,-2.825,4.4637
69,0.120723,-2.06429,3.39306
66,0.120723,-2.06429,3.39306
69,0.0857955,-1.52344,2.53255
66,0.0857955,-1.52344,2.53255
69,0.0655367,-2.33822,3.84197
66,0.0655367,-2.33822,3.84197
69,-1.07375,-0.989576,1.85417
66,-1.07375,-0.989576,1.85417
69,-0.949783,-0.897285,1.73719
67,-0.949783,-0.897285,1.73719
70,-1.11037,2.18955,-0.495458
70,-1.12259,2.30553,-0.573895
70,-1.11069,2.33506,-0.620603
70,-0.679994,2.68619,-1.19149
70,-0.783158,2.82118,-1.17364
70,-0.779306,2.82345,-1.18593
70,-0.145708,3.34157,-0.594593
70,-0.14216,3.35193,-0.581584
70,-0.146931,3.356,-0.587284
70,-0.21806,3.35838,-0.555532
70,-0.190329,3.37117,-0.539097
70,-0.184641,3.388,-0.5393
70,-0.153133,3.38582,-0.588165
70,0.236329,3.52596,-0.52359
70,-0.124467,3.56062,-0.350965
70,-0.46411,3.44793,-0.521492
70,-0.459486,3.50576,-0.53633
70,-0.348991,3.53447,-0.53813
70,-0.00223899,3.71686,-0.245736
70,-0.330152,3.57562,-0.515112
70,-0.482528,3.51626,-0.605962
70,-0.345849,3.56926,-0.546682
70,-0.413289,3.55252,-0.551673
70,-0.389079,3.55028,-0.589332
70,-0.344217,3.59341,-0.49002
70,-0.461381,3.55202,-0.549682
70,-0.300827,3.60237,-0.52784
70,-0.414383,3.57387,-0.561146
70,-0.0795742,3.50002,-1.19333
70,-0.323094,3.60496,-0.57896
70,-0.319374,3.63068,-0.486759
70,-0.317795,3.63442,-0.485292
70,-0.0347063,3.71515,-0.497975
70,-0.350028,3.63395,-0.575221
70,-0.420304,3.62102,-0.563232
70,-0.471901,3.61431,-0.568509
70,-0.427614,3.62634,-0.598538
70,-0.347518,3.67118,-0.519577
70,-0.463639,3.75699,-0.210168
70,-0.487363,3.6397,-0.654744
70,-0.417225,3.71271,-0.510059
70,-0.345865,3.7361,-0.524674
70,-0.420674,3.73329,-0.496294
70,-0.455933,3.79659,-0.223085
70,-0.452618,3.80426,-0.225477
70,-0.466903,3.81059,-0.195978
70,-0.458417,3.82777,-0.177218
70,-0.41663,3.76075,-0.501597
70,-0.453504,3.82855,-0.222687
70,-0.430364,3.77407,-0.479961
70,-0.494058,3.71642,-0.680499
70,-1.50952,3.39612,-0.987137
70,-0.434372,3.81012,-0.494417
70,-0.408609,3.81121,-0.535582
70,-1.90182,4.26057,-0.18304
70,-1.97612,4.30522,0.0361512
70,-1.97407,4.31763,0.0470508
70,-1.91256,4.28404,-0.178176
70,0.812297,5.00611,-0.126897
70,0.124834,4.87039,-0.0976791
70,0.119988,4.91224,-0.0468311
70,0.12125,4.91919,-0.0526478
70,-2.03864,4.43013,0.0160381
70,0.114593,4.95457,-0.114596
70,-1.88783,4.42545,-0.347452
70,-1.819,4.57345,-0.00251135
70,-1.51104,4.91252,0.85537
70,-1.35857,5.0115,0.847695
70,-1.96994,4.68714,0.0543617
70,-1.9741,4.61055,-0.355405
70,-1.72508,4.96437,0.607855
70,-2.09643,4.7557,0.121589
70,-0.119646,5.18771,-0.163127
70,-2.01578,4.79565,0.0579814
70,-1.54903,4.66724,-0.883547
70,-1.46981,5.11831,0.747538
70,-2.12051,4.78776,0.0910394
70,-1.54464,4.67072,-0.918421
70,-1.38052,5.21998,0.871313
70,-1.81877,4.723,-0.641608
70,-1.5491,4.72872,-0.901057
70,-1.73828,5.08077,0.601534
70,-1.60065,5.194,0.894694
70,-1.3724,4.72792,-1.14762
70,-2.14575,4.88235,0.112977
70,-1.30715,5.2695,0.743161
70,-1.61349,4.74342,-0.969549
70,-1.37124,4.76481,-1.19561
70,-1.87225,4.83806,-0.618115
70,-0.115479,5.40149,-0.146738
70,-1.32491,5.37806,0.901441
70,-1.64948,4.82515,-0.903507
70,-1.87787,4.85351,-0.628351
70,-0.124152,5.43051,-0.175632
70,-2.01998,5.23425,0.711304
70,-1.31529,5.48725,0.887742
70,-1.02274,5.55926,0.787784
70,-1.22187,5.53904,0.886018
70,-1.40378,5.2055,-0.300031
70,-1.57829,5.44324,0.679833
70,-1.34909,5.54645,0.743046
70,-1.41506,5.2706,-0.29119
70,-2.19229,5.33187,0.654613
70,-1.24476,5.58164,0.596828
70,-1.4174,5.31251,-0.302474
70,-1.73822,5.51013,0.661181
70,-1.51685,5.32821,-0.321259
70,-2.04468,5.55719,0.904493
70,-1.52895,5.37801,-0.318415
70,-1.47059,5.46858,-0.330129
70,-1.55402,5.45471,-0.336674
70,-1.29731,5.8373,0.615168
70,-1.09759,5.97596,0.8331
70,-1.05996,5.4767,-1.12319
70,-1.07447,5.67708,-1.19911
70,-1.18236,5.6614,-1.18503
70,-1.09582,5.71052,-1.18021
70,-1.65593,5.82722,-0.372715
70,-1.22071,5.79544,-1.06496
70,-1.23007,5.83072,-1.04224
70,-1.20611,5.83057,-1.23776
70,-1.23597,5.8719,-1.07714
70,-1.25044,5.83228,-1.26186
70,-1.27893,6.07368,-1.26977
70,-0.149921,5.23288,-0.280276
66,-0.149921,5.23288,-0.280276
70,-0.055143,4.66582,-0.245295
66,-0.055143,4.66582,-0.245295
70,-0.110908,4.80355,-0.187347
66,-0.110908,4.80355,-0.187347
70,-0.0582961,4.53844,-0.240881
66,-0.0582961,4.53844,-0.240881
70,-1.81264,3.628,-1.14609
64,-1.81264,3.628,-1.14609
71,-1.02804,2.34943,0.622487
71,-1.03831,2.34476,0.585412
71,-1.08692,2.43741,0.431467
71,-1.08491,2.44969,0.430995
71,-1.09549,2.44967,0.448922
71,-1.08192,2.46156,0.477741
71,-1.08863,2.46287,0.477815
71,0.142228,3.50775,-0.604339
71,0.0340994,3.67524,-0.265662
71,0.0323229,3.68997,-0.235091
71,-0.293031,3.58225,-0.592923
71,-1.84838,3.26087,-0.41905
71,-0.417545,3.80102,-0.237891
71,-0.415703,3.79864,-0.262132
71,-0.393224,3.78325,-0.540616
71,0.13639,4.37355,-0.19494
71,0.174915,5.03571,-0.0772993
71,0.147699,5.03719,-0.0653768
71,0.0674396,5.34181,1.14068
71,-1.37962,4.73744,-1.2054
71,-0.081294,5.2338,-0.199814
71,-1.82186,4.75978,-0.621532
71,-1.67216,4.94756,0.604402
71,-1.57882,4.79821,-0.935622
71,0.0833146,5.52104,1.15067
71,-2.07539,4.80783,0.0862405
71,-1.40877,4.83803,-1.18054
71,-2.05184,4.83207,0.0697306
71,-1.48264,5.10371,0.888421
71,-1.84946,4.85586,-0.623273
71,-0.0919036,5.3696,-0.323803
71,-0.0826023,5.3974,-0.176623
71,-0.0896565,5.39033,-0.228022
71,-2.0871,4.91004,0.0841047
71,-1.71267,5.09484,0.634084
71,-2.13293,4.92506,0.0992602
71,-1.4085,5.21404,0.705008
71,-1.34966,5.26993,0.871142
71,-1.66681,5.22396,0.690119
71,-1.45403,5.31338,0.755366
71,-1.77845,5.2196,0.635455
71,-1.5079,5.3105,0.658734
71,-1.23321,5.44621,0.874436
71,-2.15401,5.16535,0.498891
71,-2.10645,5.2103,0.657722
71,-1.70973,5.33297,0.692907
71,-2.11039,5.23911,0.656739
71,-1.66345,5.37719,0.679078
71,-1.53283,5.4157,0.659016
71,-1.20319,5.49783,0.579297
71,-1.16427,5.5187,0.596905
71,-0.971633,5.61713,0.792496
71,-2.18947,5.25612,0.494934
71,-2.14976,5.29044,0.660059
71,-2.22372,5.26574,0.548499
71,-1.49731,5.36277,-0.31082
71,-1.49612,5.36747,-0.327484
71,-1.1309,5.61562,0.897814
71,-1.17417,5.60659,0.87371
71,-0.971289,5.65525,0.815406
71,-1.92878,5.41066,0.903305
71,-1.18418,5.5793,0.597169
71,-1.98544,5.37787,0.71036
71,-1.20045,5.62124,0.875204
71,-0.981492,5.67257,0.787453
71,-1.04123,5.70065,1.09022
71,-1.18182,5.60467,0.602913
71,-2.01791,5.39516,0.727322
71,-0.984887,5.68742,0.805274
71,-1.12232,5.6717,0.972903
71,-1.11464,5.61277,0.399487
71,-1.15452,5.67179,0.882212
71,-2.01124,5.44178,0.754419
71,-2.22017,5.3485,0.43407
71,-2.22392,5.3546,0.467314
71,-1.13854,5.66177,0.36829
71,-1.98823,5.50423,0.941228
71,-2.27738,5.3892,0.534196
71,-1.21903,5.72755,0.622317
71,-1.21862,5.74377,0.556382
71,-1.20437,5.77908,-1.22846
71,-1.23865,5.86988,-0.413033
71,-1.23048,5.8854,-0.429365
71,-1.24555,5.97524,-1.13938
71,-1.20324,2.36874,-0.286677
70,-1.20324,2.36874,-0.286677
71,-1.21309,2.84998,-0.758978
70,-1.21309,2.84998,-0.758978
71,-1.60558,2.7589,0.129153
66,-1.60558,2.7589,0.129153
71,-1.57688,2.73716,0.362035
66,-1.57688,2.73716,0.362035
71,-1.89809,4.39361,-1.28768
66,-1.89809,4.39361,-1.28768
71,-1.45753,2.7985,0.0799777
67,-1.45753,2.7985,0.0799777
71,-1.63053,2.86294,0.226784
67,-1.63053,2.86294,0.226784
72,-1.03948,2.32395,0.578358
72,-1.02339,2.32928,0.579211
72,-1.04445,2.33602,0.554573
72,-1.08713,2.43832,0.493604
72,-1.09155,2.45701,0.448857
72,-1.0859,2.46847,0.472079
72,-0.190371,3.48506,-0.575216
72,-0.0906153,3.56465,-0.605303
72,0.0229694,3.69167,-0.561224
72,0.0206539,3.70997,-0.22411
72,0.0692963,3.72678,-0.53265
72,-0.319134,3.62308,-0.508435
72,0.0384157,3.73409,-0.522097
72,-0.395044,3.69318,-0.487615
72,-0.400713,3.81207,-0.527837
72,0.121352,4.67775,-0.208934
72,0.136968,4.92813,-0.187236
72,-1.83552,4.40392,-0.323141
72,0.0897174,5.10223,1.11138
72,0.140396,5.07918,-0.0660271
72,0.0462981,5.1051,1.11211
72,-2.02107,4.52495,0.0544044
72,-1.37405,4.69871,-1.16276
72,-0.0109133,5.2369,1.06473
72,-1.42388,4.84356,-1.18025
72,-1.60125,4.83779,-0.954085
72,-1.63617,4.86418,-0.965084
72,-1.20682,5.21597,0.861597
72,-1.00513,5.28595,1.05588
72,-1.69417,5.07973,0.619022
72,-1.30806,5.27961,0.683635
72,-1.45172,5.24702,0.763189
72,-1.1287,5.36049,0.992695
72,-1.3772,5.3005,0.885007
72,-1.41216,5.28813,0.692218
72,-1.37463,5.31262,0.894552
72,-1.52127,5.2634,0.624852
72,-2.07775,5.1187,0.661639
72,-2.08319,5.13389,0.640819
72,-1.40051,5.34565,0.804721
72,-1.47208,5.2793,-0.303463
72,-2.05657,5.23731,2.1166
72,-1.54825,5.3281,0.646562
72,-1.37833,5.38348,0.809135
72,-1.70206,5.29337,0.701991
72,-1.35236,5.42835,0.705648
72,-1.93357,5.29631,0.697568
72,-0.96782,5.57547,0.710872
72,-2.05064,5.33039,2.11177
72,-0.973311,5.58084,0.805224
72,-1.95218,5.34251,0.732928
72,-1.39905,5.46575,-0.291742
72,-1.4059,5.484,-0.294176
72,-1.22426,5.58188,0.689873
72,-1.93789,5.39334,0.914569
72,-1.51048,5.57167,2.20693
72,-2.01119,5.44635,2.15109
72,-2.14167,5.44147,2.25546
72,-1.52271,5.51518,-0.324462
72,-1.17095,5.6694,0.663663
72,-1.13788,5.6991,0.798342
72,-2.02506,5.51039,0.714939
72,-1.07675,5.84744,1.15876
72,-1.63438,5.74407,2.11433
72,-2.10078,5.62143,2.25283
72,-2.16897,5.61121,2.21905
72,-1.18285,5.77533,-1.18539
72,-1.54892,5.82424,2.29468
72,-1.03628,5.95691,1.16774
72,-1.9336,5.75733,2.39605
72,-1.87161,5.78775,2.43827
72,-2.07849,5.71483,0.961857
72,-1.66541,5.88224,2.1484
72,-2.08074,5.72505,0.927907
72,-1.0715,6.02269,1.17825
72,-1.651,5.92148,2.40601
72,-1.21826,5.90843,-1.27514
72,-1.73962,5.98941,2.33036
72,-1.9035,6.01857,2.42211
72,-1.96286,6.06943,2.37161
72,-2.13774,4.43745,0.0881173
70,-2.13774,4.43745,0.0881173
72,-1.73393,3.69901,0.125079
70,-1.73393,3.69901,0.125079
72,-1.37793,2.59153,0.171642
70,-1.37793,2.59153,0.171642
72,-1.75799,3.05953,0.438645
70,-1.75799,3.05953,0.438645
72,-1.19721,5.68657,-1.04144
69,-1.19721,5.68657,-1.04144
73,-1.04021,2.3593,0.597445
73,-1.04726,2.37195,0.635667
73,-1.09282,2.44798,0.449497
73,-1.10046,2.46454,0.511962
73,-1.08435,2.47227,0.522069
73,-1.08407,2.47684,0.506261
73,-1.0851,2.4803,0.484768
73,-1.32697,2.44315,0.662376
73,-1.3138,2.45227,0.616914
73,-1.32066,2.46191,0.696919
73,-1.44853,2.46335,0.306777
73,-0.172905,3.42713,-0.566361
73,-0.0962799,3.57354,-0.586007
73,-0.0949299,3.57463,-0.602852
73,-0.379494,3.61695,-0.563683
73,-0.303564,3.67001,-0.592466
73,-0.373621,3.65347,-0.601041
73,-0.437404,3.64341,-0.564386
73,-0.325772,3.69756,-0.586
73,-0.442819,3.67766,-0.577847
73,-0.381136,3.76837,-0.517758
73,-0.416915,3.77938,-0.487703
73,-0.392734,3.78806,-0.486996
73,-0.387665,3.78831,-0.529845
73,-0.422595,3.8394,-0.241384
73,-0.393439,3.83954,-0.507387
73,0.156307,4.88858,-0.138296
73,-1.95714,4.39106,0.0550622
73,-0.105895,4.95406,-0.262641
73,0.163143,5.11309,-0.0671059
73,0.165837,5.11907,-0.0627664
73,0.162687,5.1336,-0.0454833
73,-0.112121,5.03153,-0.245549
73,-0.0853063,5.09321,-0.165144
73,0.109961,5.37283,1.16016
73,-0.0953809,5.3157,-0.181486
73,-1.5159,5.33904,0.681154
73,-1.52075,5.36278,0.646465
73,-0.966496,5.55739,0.821999
73,-1.48014,5.31588,-0.315939
73,-2.20449,5.25517,0.532838
73,-1.16544,5.56471,0.652097
73,-1.98272,5.35754,0.733729
73,-1.13838,5.62956,0.638434
73,-1.19787,5.65829,0.562432
73,-1.06465,5.64192,-0.924053
73,-1.21773,5.97313,1.04456
73,-1.20179,5.86792,-1.25618
73,-1.56113,2.91191,0.306173
70,-1.56113,2.91191,0.306173
74,-1.06669,2.36979,0.567067
74,-1.08515,2.36726,-0.622626
74,-1.06889,2.54709,-0.59752
74,0.365453,3.22817,-0.618272
74,0.278312,3.28736,-0.637289
74,0.151939,3.41898,-0.629233
74,0.141851,3.46463,-0.596873
74,0.0342311,3.49632,-1.08782
74,-0.360781,3.5928,-0.585939
74,-0.37824,3.60337,-0.561467
74,-0.313337,3.68435,-0.595793
74,-0.328023,3.69932,-0.59862
74,-0.305407,3.72868,-0.527058
74,-0.4196,3.69688,-0.591684
74,-0.399917,3.8215,-0.511049
74,-0.398148,3.87709,-0.497637
74,-0.40292,3.9468,-0.239024
74,-1.80081,3.94769,-1.13883
74,-1.83392,4.44324,-0.375316
74,-1.41745,4.49231,-0.944507
74,-1.53537,4.43507,-1.17222
74,-1.45441,4.53887,-0.921304
74,-0.105157,5.08705,-0.266418
74,-0.0874585,5.2648,-0.170289
74,-1.36883,4.70611,-1.12434
74,-1.568,4.7512,-0.930396
74,-1.54603,4.77156,-0.87633
74,-1.36692,4.74395,-1.16056
74,-1.56889,4.76689,-0.930338
74,-1.36403,4.76554,-1.17162
74,-0.0925017,5.42904,-0.200193
74,-0.0950741,5.47902,-0.176112
74,-0.0901344,5.47148,-0.218013
74,-1.75516,4.84064,-1.0006
74,-1.76429,4.85611,-1.01731
74,-1.37274,5.20907,-0.300072
74,-1.37989,5.22917,-0.266303
74,-2.04754,5.4529,0.761822
74,-2.01532,5.47751,0.764907
74,-2.19171,5.47143,0.65302
74,-1.06129,5.56571,-1.13619
74,-1.06912,5.56529,-1.14071
74,-1.06157,5.63245,-1.15335
74,-1.11043,5.83025,-1.0048
74,-1.18302,5.92711,-1.10316
74,-1.21983,5.89177,-1.25118
74,-1.20363,5.88663,-1.31864
74,-1.21049,5.90714,-1.25037
74,-1.2132,5.91304,-1.25985
74,-1.24076,5.98734,-1.08487
74,-1.59575,5.61759,-1.48839
70,-1.59575,5.61759,-1.48839
74,-1.73689,3.04315,0.0516592
70,-1.73689,3.04315,0.0516592
74,-1.22049,2.5625,0.66501
71,-1.22049,2.5625,0.66501
74,-1.80215,5.08504,-1.19658
66,-1.80215,5.08504,-1.19658
74,-1.31493,6.25945,-0.499244
66,-1.31493,6.25945,-0.499244
75,-0.376663,2.21473,-1.1916
75,-0.372923,2.20836,-1.22219
75,-0.38617,2.21578,-1.19829
75,-0.38131,2.2061,-1.2351
75,0.380802,2.52238,-1.16706
75,-1.11349,2.36008,-0.91123
75,-0.477853,2.41673,-1.21264
75,-0.474547,2.41828,-1.2627
75,-1.08942,2.40723,-0.972475
75,-0.998113,2.60197,-1.19858
75,-0.667371,2.7942,-1.23121
75,-0.73613,2.84661,-1.14547
75,-0.739311,2.86989,-1.20577
75,-0.761345,2.88184,-1.20875
75,-0.753352,2.89215,-1.23489
75,-0.837505,2.85269,-1.37399
75,-0.8537,2.85868,-1.3656
75,0.0401624,3.77123,-0.255724
75,-0.370656,3.56357,-0.58573
75,-0.375004,3.58552,-0.567589
75,-0.286761,3.61436,-0.582544
75,-0.155426,3.63116,-0.620101
75,-0.148586,3.64424,-0.601946
75,-0.159514,3.65075,-0.59689
75,-0.409843,3.75858,-0.215643
75,0.047962,3.69538,-0.610477
75,-0.154115,3.64677,-0.633444
75,-0.409786,3.80409,-0.230697
75,-0.425839,3.6561,-0.568636
75,-0.388903,3.65952,-0.583449
75,-0.309113,3.72274,-0.508587
75,-0.31135,3.7178,-0.534295
75,-0.285772,3.7477,-0.512377
75,-0.314008,3.73548,-0.540992
75,-0.339257,3.73309,-0.543501
75,-0.37563,3.76292,-0.479707
75,-0.360433,3.86876,-0.258805
75,-0.465913,3.71041,-0.589346
75,-0.373768,3.79485,-0.522645
75,-1.95031,4.73797,-0.330779
75,-0.0862466,5.31467,-0.168646
75,-1.74476,4.80686,-0.97724
75,-1.58333,4.79025,-1.21294
75,0.201212,5.71707,-0.196901
75,-1.41064,4.88823,-1.193
75,-1.4349,5.0263,-1.26072
75,0.230803,5.956,-0.151777
75,-1.14085,5.57367,-1.13896
75,-1.17113,5.65523,-0.962712
75,-1.18265,5.69819,-1.101
75,-1.15677,5.68295,-1.16868
75,-1.19143,5.72765,-1.06693
75,-1.14714,5.81604,-1.04938
75,-1.17727,5.81952,-1.22385
75,-1.14924,6.06838,-0.993775
75,-1.15076,6.15578,-1.29699
75,-1.07325,6.1634,-1.32829
75,-1.17195,6.26282,-1.29328
75,-1.16561,6.25898,-1.36271
75,-1.16298,6.29586,-1.36787
75,-1.16929,6.31941,-1.34636
75,-1.15156,5.50656,-0.999869
66,-1.15156,5.50656,-0.999869
75,-1.10107,3.86562,-0.788723
66,-1.10107,3.86562,-0.788723
75,-1.86692,5.63599,-1.21357
70,-1.86692,5.63599,-1.21357
75,0.18404,5.01218,-0.754247
70,0.18404,5.01218,-0.754247
75,-1.37058,3.20062,-0.917268
70,-1.37058,3.20062,-0.917268
75,-1.66056,4.93802,-0.964329
65,-1.66056,4.93802,-0.964329
75,-1.18315,5.81525,-1.25115
67,-1.18315,5.81525,-1.25115
75,0.229926,3.59447,-0.808484
61,0.229926,3.59447,-0.808484
75,-1.33232,2.69186,0.230966
73,-1.33232,2.69186,0.230966
76,0.0911483,1.82347,-1.17568
76,0.112384,1.82274,-1.21153
76,-0.588878,1.70613,-1.19194
76,-1.1049,2.19391,-0.237199
76,-0.775001,1.76653,-1.20197
76,0.186406,1.99435,-1.19909
76,0.158807,1.99958,-1.1939
76,-0.284527,2.00984,-1.22148
76,0.257105,2.17385,-1.18085
76,0.228913,2.18398,-1.17871
76,0.262395,2.1818,-1.20338
76,0.224758,2.19253,-1.19116
76,-1.10485,2.31034,-0.558048
76,-1.08075,2.31279,-0.582264
76,-1.055,2.35034,-0.53977
76,0.322423,2.35737,-1.17979
76,0.333156,2.3819,-1.20622
76,-1.07744,2.13389,-1.18544
76,0.389861,2.48548,-1.15407
76,-1.06642,2.17943,-1.13327
76,0.381271,2.49286,-1.15389
76,-1.03905,2.50643,-0.617827
76,-1.05114,2.2,-1.21258
76,-1.04096,2.20658,-1.20823
76,0.379704,2.5788,-1.20974
76,-0.484606,2.44566,-1.28086
76,-0.561677,2.50165,-1.21866
76,-0.568726,2.52881,-1.20691
76,-0.572768,2.53891,-1.20777
76,-0.567323,2.61975,-1.26829
76,-0.653271,2.72237,-1.21692
76,-0.640416,2.72871,-1.23397
76,-0.644585,2.74496,-1.23333
76,-0.656708,2.74771,-1.23768
76,-0.731238,2.79575,-1.16949
76,-0.740859,2.83624,-1.19177
76,-0.113081,3.53237,-0.653271
76,-0.293292,3.56478,-0.590349
76,0.0876606,3.88668,-0.230461
76,-0.292619,3.59602,-0.588842
76,-0.261918,3.61688,-0.608541
76,-0.373267,3.60631,-0.588842
76,-0.401576,3.80985,-0.252086
76,-0.270153,3.66211,-0.561958
76,-0.292,3.65617,-0.597866
76,-0.392927,3.65109,-0.609104
76,0.205832,3.72941,-0.697865
76,-0.305633,3.71554,-0.537598
76,-0.280649,3.7241,-0.536915
76,0.263292,3.781,-0.662131
76,-0.365898,3.75534,-0.502846
76,0.27479,3.82953,-0.653601
76,-0.0944673,5.18899,-0.30256
76,-0.0900907,5.27936,-0.179221
76,-0.0842123,5.3152,-0.303141
76,0.182646,5.58467,-0.220542
76,-1.72162,4.7932,-0.999971
76,0.188835,5.6941,-0.227543
76,-1.60508,4.97179,-0.970648
76,-1.40466,4.91382,-1.18663
76,-1.75507,4.90965,-1.09982
76,-1.11498,5.28176,-0.902187
76,-1.14893,5.63175,-1.15841
76,-1.10822,5.76541,-1.18975
76,-1.48835,4.74056,-0.995731
65,-1.48835,4.74056,-0.995731
76,0.558398,3.01782,-1.24595
61,0.558398,3.01782,-1.24595
76,0.00945156,4.10787,-0.716071
69,0.00945156,4.10787,-0.716071
76,0.125491,3.68804,-1.17633
67,0.125491,3.68804,-1.17633
76,-1.20299,2.32621,-0.338062
74,-1.20299,2.32621,-0.338062
77,-0.251995,1.50633,-1.20618
77,-0.245635,1.52078,-1.19041
77,-0.334809,1.5009,-1.19651
77,-0.306901,1.51398,-1.18736
77,-0.301479,1.5182,-1.18769
77,0.0107688,1.5929,-1.17634
77,-0.421964,1.4971,-1.20344
77,-0.333382,1.53741,-1.1784
77,-0.403228,1.56615,-1.14808
77,-0.463141,1.55147,-1.16967
77,-0.113287,1.61169,-1.20219
77,-0.140755,1.60252,-1.2101
77,-0.406873,1.57704,-1.17204
77,-0.419899,1.58714,-1.17887
77,-0.477458,1.56859,-1.19926
77,-0.127187,1.63913,-1.23811
77,-0.579254,1.67558,-1.17849
77,-0.606385,1.65111,-1.20911
77,0.0892547,1.8015,-1.19242
77,-0.282051,1.71784,-1.24839
77,-0.606994,1.67498,-1.22274
77,-0.178941,1.79712,-1.17645
77,-0.34951,1.82655,-1.18708
77,-0.336963,1.83926,-1.19652
77,0.17063,1.97433,-1.1863
77,-0.785988,1.76851,-1.21638
77,-0.784765,1.78174,-1.21813
77,0.184195,2.00648,-1.21554
77,-0.272416,1.96427,-1.18749
77,-0.293199,1.96361,-1.19263
77,-1.10004,2.2872,-0.504784
77,-0.941328,1.86381,-1.21128
77,-0.281797,2.01609,-1.23377
77,-0.627642,1.98221,-1.21217
77,-0.627823,1.98288,-1.21282
77,-1.05872,2.32647,-0.622165
77,-1.07077,2.34958,-0.62736
77,-1.07222,2.38885,-0.575108
77,-1.06635,2.36219,-0.642093
77,-0.354406,2.14442,-1.1846
77,-0.353844,2.14554,-1.19293
77,-0.356154,2.16055,-1.19317
77,-0.35676,2.15699,-1.19996
77,-0.37583,2.15253,-1.20582
77,-0.364518,2.1577,-1.20832
77,-1.0542,2.13682,-1.10962
77,-1.03448,2.4944,-0.612929
77,-1.05411,2.51251,-0.625903
77,-1.06303,2.16677,-1.12239
77,-1.10908,2.29733,-0.927347
77,-1.07162,2.17355,-1.13491
77,-1.03996,2.15928,-1.18321
77,-1.04534,2.17026,-1.19573
77,-1.04125,2.19048,-1.19257
77,-1.03059,2.19167,-1.19453
77,-0.473675,2.31934,-1.20339
77,-1.06281,2.25465,-1.15681
77,-0.484219,2.33532,-1.21825
77,-0.459544,2.34982,-1.20908
77,-1.07372,2.30073,-1.19202
77,-1.09709,2.42949,-1.05386
77,-0.472074,2.43087,-1.27377
77,-1.11061,2.45272,-1.07417
77,-0.925572,2.41546,-1.2258
77,-1.10381,2.47236,-1.15257
77,-0.944567,2.46121,-1.25907
77,-0.97617,2.50665,-1.19383
77,-0.952152,2.47468,-1.27854
77,-0.985121,2.50638,-1.22611
77,0.513455,2.85617,-1.15531
77,-0.994639,2.536,-1.18963
77,-0.960899,2.50977,-1.23978
77,-0.573876,2.59272,-1.25189
77,-0.987555,2.54196,-1.21065
77,-0.864671,2.6114,-1.16709
77,-0.874999,2.5844,-1.20588
77,-0.859509,2.59559,-1.22318
77,0.782238,3.15135,-0.90851
77,0.594969,3.24177,-0.753559
77,-0.88152,2.64916,-1.1861
77,-0.646043,2.69463,-1.19836
77,-0.889492,2.65298,-1.1927
77,-0.868781,2.62637,-1.24151
77,-0.728609,2.73306,-1.1304
77,-0.863151,2.63474,-1.23627
77,0.677479,3.13324,-0.982222
77,-0.647395,2.7123,-1.21374
77,-0.783699,2.67427,-1.25538
77,-0.652888,2.73509,-1.21024
77,-0.77114,2.69945,-1.25957
77,-0.756409,2.84031,-1.20154
77,-0.732659,2.86448,-1.20686
77,-0.0885169,3.58482,-0.361605
77,0.221841,3.41667,-0.77843
77,0.244659,3.49172,-0.805285
77,0.0393959,3.82505,-0.284257
77,-0.11187,3.55212,-0.659699
77,-0.0646551,3.63129,-0.61515
77,-0.0615693,3.70676,-0.5103
77,0.382885,3.38631,-1.09741
77,0.382574,3.39423,-1.10242
77,0.0428618,3.67293,-0.614679
77,-0.0949315,3.68998,-0.551536
77,-0.2934,3.61925,-0.597219
77,0.0826563,3.6356,-0.705727
77,-0.245946,3.65953,-0.594911
77,0.0777094,3.64593,-0.714869
77,-0.379037,3.6562,-0.618808
77,0.269425,3.77331,-0.643866
77,-0.310497,3.73549,-0.547229
77,-0.458395,3.64891,-0.670144
77,-0.260665,3.77229,-0.551529
77,0.159929,3.45525,-1.17762
77,0.270904,3.88205,-0.624667
77,0.13943,3.5462,-1.07819
77,0.122102,3.54192,-1.0995
77,0.18054,3.49904,-1.19197
77,0.274254,3.64826,-1.01097
77,0.127867,3.50775,-1.17148
77,0.14016,3.58028,-1.08404
77,-0.426469,3.48946,-1.15887
77,-1.34518,4.67962,-0.927332
77,-1.60269,4.62372,-1.11917
77,-1.87332,4.96037,-0.671019
77,-1.69023,4.7379,-1.05555
77,-1.60559,4.6281,-1.27491
77,-1.36833,4.7859,-1.17151
77,-1.58975,4.67202,-1.27309
77,-1.56389,4.73079,-1.26773
77,-1.56273,4.7987,-1.22403
77,-1.38691,4.87656,-1.17122
77,-1.3761,4.93143,-1.19856
77,-1.53164,4.84585,-1.27995
77,-1.39946,4.93888,-1.24858
77,-1.38061,4.95374,-1.25098
77,-1.13852,5.44806,-0.957086
77,-1.13517,5.48986,-1.12547
77,-1.19173,5.74302,-1.16649
77,-1.11251,5.92919,-1.24355
77,-0.0803184,3.39946,-0.931849
61,-0.0803184,3.39946,-0.931849
77,-0.079753,3.61992,-0.974425
61,-0.079753,3.61992,-0.974425
77,-1.20042,2.65573,-1.22021
68,-1.20042,2.65573,-1.22021
77,-1.21523,2.5673,-1.28062
68,-1.21523,2.5673,-1.28062
77,-0.100133,3.38529,-1.14892
69,-0.100133,3.38529,-1.14892
77,-0.0981793,3.37751,-1.14501
69,-0.0981793,3.37751,-1.14501
77,0.299839,2.3923,-1.20732
69,0.299839,2.3923,-1.20732
77,-1.41054,2.43206,-0.449239
75,-1.41054,2.43206,-0.449239
78,-0.247963,1.38935,-1.19252
78,-0.374412,1.4084,-1.20471
78,0.112537,1.51733,-1.17589
78,0.112825,1.51536,-1.1868
78,0.126946,1.50809,-1.20554
78,0.318788,1.57745,-1.19816
78,0.313513,1.59564,-1.1739
78,-0.368237,1.60134,-1.0135
78,-0.335351,1.50163,-1.18447
78,0.481398,1.67243,-1.16956
78,-0.244763,1.50575,-1.22137
78,-0.410465,1.49516,-1.20279
78,-0.422052,1.50038,-1.20565
78,-0.376028,1.54734,-1.16873
78,0.0123979,1.60303,-1.1872
78,0.0402546,1.60504,-1.20076
78,0.0193365,1.6166,-1.20633
78,-0.245802,1.54879,-1.24089
78,-0.138732,1.63646,-1.24261
78,-0.523223,1.52909,-1.30187
78,-0.473274,1.60088,-1.22762
78,-0.523038,1.53715,-1.3127
78,-0.577848,1.67246,-1.18017
78,-0.580342,1.68151,-1.19106
78,-0.608106,1.65557,-1.22204
78,-0.592871,1.68555,-1.19946
78,0.1133,1.816,-1.21317
78,-0.314105,1.75963,-1.19598
78,0.0896196,1.82213,-1.21027
78,-0.319699,1.7606,-1.1988
78,-0.178182,1.80929,-1.20942
78,-0.766922,1.75902,-1.19469
78,-0.230486,1.84291,-1.23375
78,-0.242548,1.84537,-1.2437
78,-0.354351,1.86377,-1.22018
78,0.184055,1.98521,-1.20625
78,0.18194,1.98907,-1.2074
78,0.157159,1.99641,-1.2046
78,-0.259677,1.95925,-1.17465
78,-0.796177,1.81033,-1.2682
78,-1.0801,2.30953,-0.542815
78,-1.10546,2.30436,-0.557937
78,-1.0812,2.30554,-0.581637
78,-0.288509,1.98073,-1.20964
78,-1.0679,2.37702,-0.556108
78,-0.337856,2.08409,-1.1255
78,-1.11715,2.31829,-0.634683
78,-1.07003,2.36402,-0.638752
78,0.262592,2.17812,-1.20562
78,-0.348767,2.11695,-1.14681
78,-1.07123,2.36344,-0.662445
78,-1.03246,2.15165,-0.97433
78,-1.12343,2.06499,-1.12872
78,0.243242,2.23059,-1.23439
78,-1.10461,2.55288,-0.582526
78,0.375263,2.43272,-1.11532
78,-1.06509,2.17116,-1.12921
78,0.33509,2.37469,-1.20838
78,-1.06942,2.55377,-0.64564
78,-1.08383,2.56254,-0.635618
78,-1.12915,2.59568,-0.592575
78,-0.374623,2.22507,-1.26243
78,0.421274,2.53947,-1.06351
78,-1.04792,2.18574,-1.22545
78,0.468032,2.64143,-1.02069
78,-0.44396,2.34581,-1.21831
78,-0.442261,2.34053,-1.22659
78,-0.385008,2.29869,-1.32478
78,-1.07914,2.34397,-1.13267
78,-1.05389,2.25822,-1.25403
78,-1.10548,2.43642,-1.05734
78,-1.11752,2.2182,-1.38232
78,-0.371732,2.81508,-0.832285
78,-1.11371,2.15911,-1.56438
78,-0.491201,2.46183,-1.31177
78,-0.600922,2.5922,-1.1347
78,-0.571744,2.54563,-1.22563
78,-0.578413,2.55319,-1.24851
78,-0.946968,2.47125,-1.27091
78,-1.10957,2.51343,-1.1798
78,0.310001,3.07783,-0.780281
78,-0.986159,2.53854,-1.20679
78,-0.55169,2.58819,-1.2646
78,-0.973247,2.53569,-1.24185
78,-0.990247,2.55924,-1.20788
78,-0.995049,2.55334,-1.22018
78,-0.972402,2.53224,-1.25855
78,-0.376747,2.92409,-0.880705
78,-0.968202,2.51705,-1.30538
78,-0.878974,2.6443,-1.18288
78,-0.559072,2.62924,-1.27997
78,-1.00269,2.59552,-1.22075
78,-0.64077,2.68122,-1.193
78,-0.918254,2.62908,-1.19773
78,-0.626383,2.68993,-1.19699
78,0.671336,3.10282,-0.958528
78,-0.888099,2.60845,-1.26115
78,-0.496206,2.58015,-1.41292
78,-0.387633,2.98726,-0.902126
78,0.609797,3.04214,-1.06894
78,0.370516,3.07013,-1.0501
78,-0.751177,2.79314,-1.176
78,-0.787654,2.70132,-1.29511
78,-0.129079,3.09085,-0.937324
78,-0.741287,2.80091,-1.17881
78,-0.119802,3.11239,-0.985942
78,-0.799647,2.77116,-1.31519
78,0.229416,3.43833,-0.766984
78,0.393213,3.21818,-1.12417
78,-0.861957,2.8443,-1.36653
78,-0.825926,2.84433,-1.38005
78,-0.289988,3.55796,-0.585459
78,0.0757645,3.58039,-0.696695
78,-0.42122,3.58927,-0.570219
78,0.0433198,3.36929,-1.08624
78,0.710055,3.64479,-0.916453
78,0.492335,3.71523,-0.821988
78,0.270667,3.65961,-0.851372
78,-0.897132,3.00463,-1.46867
78,0.0548812,3.49306,-1.11059
78,0.0603195,3.47554,-1.13535
78,0.0954019,3.56827,-1.08909
78,0.133906,3.53355,-1.18066
78,0.225728,3.88195,-0.756633
78,0.175886,3.53958,-1.20207
78,0.132174,3.56688,-1.18769
78,0.179143,3.57485,-1.21593
78,0.293709,3.71833,-1.05706
78,0.777248,3.86193,-1.0142
78,-0.536546,3.90464,-0.657126
78,0.201361,3.63629,-1.28538
78,0.197154,3.66769,-1.26576
78,0.570945,3.73919,-1.29156
78,-1.34576,4.72348,-0.91476
78,-1.46069,5.03867,-1.24272
78,-1.14708,5.40296,-1.07867
78,-1.14551,5.51602,-0.953754
78,-1.73307,5.13528,-1.43179
78,-1.50942,5.25032,-1.34451
78,-1.75355,5.13252,-1.47509
78,-1.14444,5.57564,-1.12618
78,-1.16278,5.98035,-0.995245
78,0.0855015,3.78689,-0.660421
65,0.0855015,3.78689,-0.660421
78,-0.788771,1.8095,-1.24813
64,-0.788771,1.8095,-1.24813
78,-0.478428,1.61023,-1.24658
64,-0.478428,1.61023,-1.24658
78,-0.785321,2.70504,-1.27274
68,-0.785321,2.70504,-1.27274
78,-0.107358,3.73261,-1.27211
66,-0.107358,3.73261,-1.27211
78,0.380452,2.57326,-1.20889
76,0.380452,2.57326,-1.20889
79,0.0872364,1.83485,-1.18386
79,-0.613269,1.67254,-1.24711
79,-0.187401,1.8166,-1.25211
79,-0.191899,1.83243,-1.23072
79,-0.77223,1.75679,-1.19214
79,0.156033,1.99128,-1.18614
79,0.195058,2.00426,-1.22382
79,0.179747,2.0369,-1.22687
79,0.184361,2.0478,-1.23329
79,0.170198,2.0455,-1.23506
79,-1.06494,2.34881,-0.550304
79,0.236956,2.19902,-1.24166
79,0.23325,2.2142,-1.22169
79,0.395997,2.45315,-0.888498
79,-1.07469,2.39408,-0.575188
79,0.234999,2.23591,-1.22472
79,-1.07752,2.36233,-0.669843
79,-1.06124,2.37438,-0.659073
79,-0.368963,2.17083,-1.18261
79,0.304165,2.30795,-1.15882
79,-0.367805,2.1785,-1.20723
79,-1.03335,1.96693,-1.38702
79,-1.08647,2.17062,-1.06371
79,0.360621,2.4452,-1.11164
79,-1.0674,2.18389,-1.13859
79,-1.10066,2.28505,-0.976589
79,-1.08143,2.6064,-0.67186
79,0.347972,2.50845,-1.29133
79,-0.467197,2.39489,-1.24768
79,-0.478748,2.37724,-1.29105
79,-0.464476,2.39387,-1.2778
79,-0.534532,2.49031,-1.16641
79,-0.53381,2.51359,-1.19031
79,-0.473335,2.49651,-1.34795
79,0.447201,2.76538,-1.17945
79,-0.55532,2.54498,-1.27264
79,-0.70799,2.6578,-1.05669
79,-0.623502,2.62672,-1.12989
79,-0.628799,2.63583,-1.14031
79,-0.549607,2.57456,-1.28344
79,-0.390654,2.88454,-0.843232
79,-1.00634,2.55081,-1.30238
79,-1.00214,2.59823,-1.2414
79,-0.64573,2.70228,-1.20588
79,-0.975386,2.57636,-1.31444
79,-0.563794,2.665,-1.33581
79,-0.634834,2.71854,-1.26104
79,-0.646613,2.7216,-1.25913
79,-0.735448,2.82087,-1.16235
79,-0.0867005,3.2172,-0.809671
79,-0.00628932,3.43307,-0.539463
79,-0.748245,2.85386,-1.25789
79,-0.0696141,3.4546,-0.49733
79,-0.921212,2.80796,-1.29199
79,-0.0810218,3.41565,-0.582076
79,-0.00770351,3.48939,-0.52972
79,-0.591092,2.81932,-1.43968
79,-0.307566,3.45569,-0.542378
79,-0.0475932,3.54363,-0.479394
79,-0.299823,3.43458,-0.583645
79,-0.0639495,3.5151,-0.528872
79,-0.42925,3.41593,-0.617445
79,-0.0937089,3.55074,-0.523387
79,-0.26585,3.5262,-0.51776
79,-0.374448,3.50438,-0.555248
79,-0.348029,3.478,-0.605623
79,-0.381172,3.49762,-0.569465
79,-0.694293,2.93032,-1.38823
79,-0.368072,3.50741,-0.567946
79,0.00482924,3.62694,-0.513799
79,-0.275342,3.53415,-0.593501
79,-0.113845,3.51588,-0.675002
79,-0.303075,3.5823,-0.525593
79,0.0417996,3.60967,-0.59752
79,-0.293288,3.62716,-0.5165
79,0.015922,3.85342,-0.260442
79,-0.239827,3.57231,-0.636445
79,-0.0413356,3.68612,-0.532443
79,0.0239595,3.84496,-0.299753
79,0.0492452,3.84813,-0.31884
79,-0.0912597,3.58462,-0.698367
79,0.0529859,3.68189,-0.602388
79,-0.32274,3.65887,-0.534616
79,-0.382099,3.67951,-0.495532
79,0.0453551,3.88357,-0.315051
79,0.243949,3.49737,-0.985265
79,-0.370435,3.70467,-0.495418
79,0.0526395,3.75117,-0.550368
79,0.0547681,3.40059,-1.11754
79,-0.156972,3.69342,-0.640907
79,-0.428972,3.67314,-0.602535
79,0.0465389,3.43136,-1.12073
79,-0.463957,3.61729,-0.690481
79,0.703166,4.17445,-0.168047
79,0.200812,3.74136,-0.737948
79,0.201301,3.74507,-0.739311
79,0.517653,3.76369,-0.867858
79,-0.452418,3.726,-0.704394
79,0.11606,3.94978,-0.511243
79,0.737298,4.30691,-0.125144
79,0.663544,4.24176,-0.207906
79,0.373322,3.8067,-0.854658
79,0.659807,4.29717,-0.206422
79,-0.465033,3.8054,-0.736727
79,0.303578,3.9904,-0.714638
79,-0.473036,3.88234,-0.67658
79,0.304114,3.99725,-0.73102
79,-0.459823,3.87805,-0.732795
79,0.219679,3.68763,-1.29508
79,0.206576,3.68282,-1.30037
79,0.829667,4.55625,-0.115515
79,0.168874,4.37574,-0.24323
79,0.93429,4.84041,-0.105582
79,-1.67008,3.9221,-1.19865
79,-0.0834864,5.15333,-0.284245
79,-0.096908,5.22074,-0.214795
79,-0.0980621,5.4127,-0.238027
79,-1.89973,5.04408,-0.710103
79,-1.54916,4.93856,-1.09388
79,-1.78558,4.93109,-1.08347
79,-1.10523,5.21579,-0.91661
79,-1.70261,5.04895,-1.1484
79,-1.45836,5.06169,-1.28251
79,-1.1206,5.3168,-1.07287
79,-1.48847,5.14195,-1.3494
79,-1.12837,5.40201,-1.10587
79,-1.47034,5.18407,-1.36161
79,-1.65728,5.29103,-1.21062
79,-1.65705,5.29476,-1.28236
79,0.226988,6.20589,-0.46154
79,0.238163,6.20858,-0.480752
79,0.225452,6.84015,-0.498142
79,-1.23431,6.37628,-1.11146
79,-1.23434,6.73977,-1.51553
79,0.13445,3.47697,-1.06733
77,0.13445,3.47697,-1.06733
79,-1.23311,2.05639,-0.298759
77,-1.23311,2.05639,-0.298759
79,0.421484,3.38605,-0.722271
65,0.421484,3.38605,-0.722271
79,-0.777461,2.97707,-1.35209
69,-0.777461,2.97707,-1.35209
79,0.0920651,1.82391,-1.2134
76,0.0920651,1.82391,-1.2134
79,0.0565179,3.43978,-1.14029
62,0.0565179,3.43978,-1.14029
80,-0.27551,0.766227,0.389327
80,-1.12033,2.08019,-0.28333
80,-1.07809,2.09487,-0.282728
80,-1.22754,2.43749,0.42683
80,-1.30493,2.45489,0.406379
80,-1.28025,2.43243,0.334205
80,-1.34706,2.42174,0.283685
80,-1.34846,2.476,0.133839
80,-1.42922,2.54638,0.0285766
80,-1.10558,2.38435,-0.62565
80,0.362607,2.44702,-1.15382
80,0.411623,2.55758,-1.09567
80,-1.1565,2.39436,-0.951493
80,0.42096,2.66098,-1.13737
80,-0.67941,2.53961,-0.987315
80,-1.10732,2.6245,-0.705594
80,-1.11204,2.6531,-0.72044
80,-0.478566,2.51289,-1.41571
80,-0.473402,2.53834,-1.38775
80,-0.570244,2.62663,-1.28929
80,-0.489607,2.5927,-1.43497
80,-0.571316,2.66969,-1.38524
80,-1.03391,2.71463,-1.32684
80,-0.0570572,3.26405,-0.547073
80,-0.100692,3.2751,-0.525695
80,-0.0951924,3.28832,-0.513752
80,-0.667884,2.81635,-1.36109
80,-0.0869483,3.29762,-0.564554
80,-0.0814486,3.30917,-0.586641
80,-0.602264,2.85626,-1.50978
80,-0.670858,2.90797,-1.38674
80,-0.297247,3.36759,-0.570275
80,-0.303379,3.39121,-0.534592
80,-0.335527,3.43236,-0.523367
80,-0.341349,3.41541,-0.579059
80,-0.335533,3.44594,-0.517905
80,-0.777678,2.99644,-1.35191
80,-0.325603,3.42479,-0.583146
80,-0.326216,3.45579,-0.518178
80,-0.35775,3.43503,-0.570221
80,-0.309625,3.45631,-0.549831
80,-0.33813,3.46369,-0.537028
80,-0.0868327,3.60749,-0.3565
80,-0.435689,3.42198,-0.629309
80,0.04046,3.67115,-0.304878
80,-0.357061,3.47412,-0.581923
80,-0.294419,3.48816,-0.576835
80,-0.091278,3.62345,-0.376264
80,0.0346045,3.55435,-0.59023
80,-0.377684,3.49889,-0.5677
80,-0.267886,3.53901,-0.534793
80,-0.373144,3.5068,-0.569805
80,-0.11666,3.50294,-0.703311
80,-0.102369,3.50514,-0.705826
80,-0.104791,3.51407,-0.69061
80,-0.322648,3.55766,-0.514962
80,-0.31478,3.56816,-0.502175
80,0.0388885,3.73688,-0.276901
80,-0.343849,3.51662,-0.613025
80,-0.403282,3.68112,-0.241162
80,-0.267681,3.56373,-0.561426
80,-0.0829831,3.68007,-0.386796
80,-0.425765,3.70109,-0.215218
80,-0.351979,3.55725,-0.571688
80,-0.312769,3.59427,-0.512492
80,-0.391067,3.55565,-0.571375
80,-0.265904,3.58168,-0.565148
80,-0.317683,3.6004,-0.515149
80,-0.418671,3.69492,-0.267292
80,-0.325151,3.5984,-0.524963
80,0.0489797,3.6395,-0.603436
80,-0.401277,3.71903,-0.248963
80,-0.290852,3.62735,-0.504385
80,0.04927,3.77705,-0.322584
80,-0.290513,3.63248,-0.5086
80,-0.39242,3.70765,-0.311173
80,0.0485892,3.41183,-1.17137
80,0.0119173,3.69768,-0.529869
80,0.0896187,3.80224,-0.342818
80,-0.386652,3.65124,-0.493242
80,0.0392047,3.45471,-1.11032
80,-0.09375,3.60611,-0.725671
80,0.0410588,3.80103,-0.348601
80,-0.371768,3.66813,-0.477397
80,-0.415232,3.61747,-0.58204
80,-0.0922432,3.60145,-0.75103
80,-0.324306,3.6601,-0.541885
80,-0.142324,3.63218,-0.684099
80,-0.150192,3.65385,-0.634485
80,0.0366198,3.83771,-0.313733
80,-0.369038,3.66665,-0.530228
80,0.0909793,3.78706,-0.451769
80,0.0616057,3.83833,-0.333354
80,0.057415,3.74395,-0.542114
80,-0.0845842,3.62891,-0.747186
80,-0.387444,3.69762,-0.479199
80,0.0280981,3.86244,-0.307484
80,0.0985368,3.79335,-0.491154
80,-0.372675,3.71436,-0.494716
80,-0.396288,3.6524,-0.642002
80,-0.387619,3.72518,-0.483878
80,0.101911,3.89918,-0.298585
80,-0.135378,3.7126,-0.656917
80,-0.463128,3.64429,-0.706324
80,-0.414279,3.70052,-0.615478
80,0.202505,3.74516,-0.776261
80,0.0748084,3.96115,-0.248319
80,-0.149858,3.74454,-0.673893
80,-0.421846,3.72809,-0.62591
80,-0.458255,3.68632,-0.728258
80,-0.442744,3.72327,-0.688751
80,0.395263,3.80004,-0.893465
80,-0.16989,3.78442,-0.762755
80,-0.139656,3.82333,-0.74903
80,0.202348,3.64482,-1.29225
80,0.193778,3.65249,-1.29302
80,0.0877461,4.09866,-0.273392
80,0.0322656,4.15018,-0.297032
80,-0.446664,3.87816,-0.753644
80,0.343646,4.11887,-0.752675
80,0.348651,4.12032,-0.753348
80,-1.71724,4.03652,-1.31738
80,-1.83691,4.84718,-0.653353
80,-0.0696524,5.30518,-0.372944
80,-0.0890917,5.49193,-0.262535
80,-1.76816,4.85136,-1.04781
80,-0.0772087,5.48573,-0.335637
80,-1.73062,4.86253,-1.12677
80,-1.06943,5.08993,-1.04039
80,-1.78134,4.94217,-1.10707
80,-1.07174,5.18253,-1.07617
80,-1.63749,5.10904,-1.01449
80,-1.66554,5.12426,-1.03054
80,-1.45802,5.05325,-1.27749
80,-1.11044,5.26686,-0.954901
80,-1.10271,5.24844,-1.00919
80,-1.7242,5.11484,-1.066
80,-1.65044,5.15473,-1.03904
80,-1.6763,5.16729,-1.10944
80,-1.47811,5.10074,-1.35221
80,-1.10519,5.29543,-1.09676
80,-1.0904,5.2971,-1.12018
80,-1.12176,5.3331,-1.06666
80,-1.45905,5.13991,-1.36362
80,-1.09146,5.34734,-1.14088
80,-1.63071,5.21154,-1.26146
80,-1.5009,5.25723,-1.39979
80,-1.20121,6.42714,-1.35047
80,-1.21112,6.53064,-1.45502
80,-1.08853,5.17538,-0.969452
66,-1.08853,5.17538,-0.969452
80,-1.0916,5.21153,-0.971653
66,-1.0916,5.21153,-0.971653
80,-1.36603,5.02255,-0.293044
70,-1.36603,5.02255,-0.293044
80,-0.0847688,3.75286,-0.428446
65,-0.0847688,3.75286,-0.428446
80,-0.0744247,3.49602,-1.02326
69,-0.0744247,3.49602,-1.02326
80,-1.0004,5.23917,-0.994998
75,-1.0004,5.23917,-0.994998
80,-1.22359,6.61394,-1.43024
75,-1.22359,6.61394,-1.43024
81,-1.07603,2.35745,0.616096
81,-1.38278,2.36183,0.214607
81,-1.41521,2.55248,0.059305
81,-0.107594,2.89104,-0.865826
81,0.163853,3.00929,-0.752535
81,-0.146594,2.97559,-0.89212
81,-0.11305,3.24178,-0.487613
81,-0.104712,3.29724,-0.538281
81,-0.308645,3.38307,-0.513032
81,-0.322035,3.41426,-0.515541
81,-0.311379,3.42283,-0.527555
81,-0.378858,3.42089,-0.526434
81,-0.368333,3.43115,-0.539171
81,-0.290276,3.47825,-0.437662
81,0.00912952,3.50676,-0.548731
81,-0.354149,3.4322,-0.57946
81,-0.332805,3.47395,-0.478227
81,-0.374181,3.44661,-0.546808
81,-0.370146,3.44413,-0.581734
81,-0.288364,3.4748,-0.570305
81,-0.0802483,3.51319,-0.620089
81,-0.286318,3.51733,-0.518952
81,-0.286485,3.52289,-0.51887
81,-0.267771,3.50163,-0.607219
81,-0.410683,3.49607,-0.552426
81,-0.292377,3.5483,-0.475493
81,-0.324132,3.54113,-0.49409
81,-0.38235,3.58108,-0.435994
81,-0.409801,3.643,-0.218981
81,-0.391032,3.60507,-0.476424
81,-0.378448,3.63491,-0.472074
81,-0.233241,3.61286,-0.642973
81,-0.394787,3.63857,-0.459814
81,-0.408975,3.62977,-0.487224
81,-0.412261,3.71952,-0.245051
81,-0.133139,3.66151,-0.665583
81,-0.085122,3.69696,-0.756352
81,-0.147836,3.71742,-0.714112
81,0.0620126,3.91919,-0.243555
81,0.0437079,3.88205,-0.362363
81,0.0405747,3.92679,-0.319417
81,-0.420774,3.77491,-0.646392
81,0.663438,4.15187,-0.0798087
81,-0.418083,3.7824,-0.655781
81,-0.142736,3.83164,-0.705345
81,-0.138303,3.83372,-0.739621
81,0.575511,4.15161,-0.183799
81,0.306081,3.95517,-0.715929
81,0.308163,3.9826,-0.730798
81,-0.430446,3.881,-0.706218
81,0.32959,4.02631,-0.751021
81,-0.429494,3.89253,-0.722532
81,0.369779,4.03951,-0.765419
81,-0.466431,3.9561,-0.719863
81,0.0861414,4.21269,-0.301599
81,-0.472468,4.03797,-0.745866
81,-1.30735,4.51317,0.627138
81,0.870885,4.97941,0.755334
81,0.217358,4.32482,-1.36104
81,-1.70434,4.71672,0.815886
81,-1.83119,4.42791,-0.34544
81,-1.86947,4.46365,-0.352559
81,-1.88012,4.64266,0.0109798
81,-1.92585,4.60892,-0.381607
81,-1.40771,5.15654,0.72442
81,-1.04302,4.78841,-0.774868
81,-0.108135,5.17423,-0.108413
81,-0.0928734,5.18358,-0.135687
81,-0.0997994,5.23069,-0.158565
81,-0.0853611,5.22946,-0.204662
81,-0.0928093,5.18974,-0.346998
81,-0.08816,5.24968,-0.370761
81,-1.05109,4.90644,-0.964458
81,-0.0962718,5.27223,-0.338448
81,-1.84094,4.88379,-0.654513
81,-0.0918211,5.35299,-0.220053
81,-0.0888707,5.32052,-0.347127
81,-0.0792172,5.36118,-0.221164
81,-1.07038,4.96566,-0.9418
81,-1.87257,4.91076,-0.678255
81,-1.75183,4.9405,-1.14354
81,-1.75384,4.94946,-1.17077
81,-1.81207,5.49897,0.591532
81,-1.90417,5.29527,-0.0878811
81,-1.81533,5.02573,-1.09455
81,-1.84182,5.05507,-1.117
81,-1.81699,5.11541,-1.21842
81,-2.08775,5.42678,-0.114272
81,-1.70173,5.31179,-1.11078
81,-1.72131,5.36799,-1.14369
81,-1.55051,5.37344,-1.4819
81,-1.5157,5.4294,-1.46098
81,-1.70791,5.4666,-1.31699
81,-1.41426,6.94531,0.921632
81,0.33014,6.87676,-0.468688
81,-1.38374,7.00899,0.927393
81,-1.21357,6.4673,-1.48991
81,-1.45252,7.11459,0.52987
81,-1.4504,5.55215,-0.368743
70,-1.4504,5.55215,-0.368743
81,-1.13407,5.88362,-1.01499
70,-1.13407,5.88362,-1.01499
81,-1.14993,5.55401,0.564406
70,-1.14993,5.55401,0.564406
81,-0.980705,5.63227,0.744606
70,-0.980705,5.63227,0.744606
81,0.213966,5.6843,-0.16569
70,0.213966,5.6843,-0.16569
81,-1.05493,5.77162,-1.26042
71,-1.05493,5.77162,-1.26042
81,-0.0556031,3.36068,0.425902
71,-0.0556031,3.36068,0.425902
81,0.0204824,4.03388,0.433268
71,0.0204824,4.03388,0.433268
81,0.114029,4.57783,-0.198257
72,0.114029,4.57783,-0.198257
81,-1.52269,2.60873,0.255464
72,-1.52269,2.60873,0.255464
81,-1.11985,6.13623,-1.37901
73,-1.11985,6.13623,-1.37901
81,-1.25034,5.94615,-0.473704
66,-1.25034,5.94615,-0.473704
81,-1.00069,5.25188,-1.08599
75,-1.00069,5.25188,-1.08599
82,-0.972755,2.18535,0.553778
82,-0.977938,2.22949,0.589725
82,-0.999876,2.26141,0.552399
82,-1.03238,2.30361,0.596294
82,-1.04297,2.33523,0.602986
82,-1.03637,2.33575,0.590147
82,-1.04407,2.34329,0.584853
82,-1.08567,2.3474,0.610577
82,-1.086,2.35214,0.617433
82,-1.12707,2.33708,0.380785
82,-1.12869,2.38954,0.604588
82,-1.13532,2.4046,0.617045
82,-1.16236,2.40235,0.631367
82,-1.16061,2.38778,0.398925
82,-1.18909,2.43337,0.637884
82,-1.20051,2.4609,0.627405
82,-1.25349,2.43615,0.529839
82,-1.22922,2.45351,0.578528
82,-1.31039,2.4447,0.588808
82,-1.28198,2.45545,0.606543
82,-1.34231,2.39077,0.239392
82,-0.295828,3.46342,-0.461806
82,-0.370743,3.43728,-0.561032
82,-0.382125,3.45754,-0.550314
82,-0.309087,3.47869,-0.568618
82,-0.340962,3.49548,-0.480294
82,-0.415934,3.47714,-0.54585
82,-0.0925622,3.53279,-0.633303
82,-0.394193,3.53838,-0.428302
82,-0.423588,3.64906,-0.203539
82,-0.395379,3.65262,-0.48426
82,-0.409563,3.70743,-0.235376
82,-0.397195,3.68648,-0.478152
82,-0.413694,3.73022,-0.198486
82,0.0626021,3.86434,-0.345328
82,-0.143983,3.82883,-0.740372
82,0.0549354,3.95626,-0.34554
82,0.582919,4.10869,-0.175538
82,0.268592,3.95971,-0.830471
82,0.595611,4.14484,-0.206391
82,0.56937,4.21535,-0.204338
82,0.0963297,4.14629,-0.310342
82,-0.901728,4.19088,0.88494
82,0.10514,4.34102,-0.291965
82,-0.976878,4.62379,0.886244
82,-1.6841,4.57259,0.84261
82,0.939116,5.21598,0.764291
82,-1.78799,4.69379,0.685761
82,-1.78625,4.69536,0.639801
82,-1.71752,4.75424,0.872671
82,-1.76899,4.80809,0.874157
82,-1.79695,4.90167,0.830264
82,-1.06684,4.83662,-0.900145
82,-1.52602,4.98215,0.617952
82,-1.61563,5.04923,0.577506
82,-0.0985931,5.25537,-0.174411
82,-0.0896301,5.29304,-0.336112
82,-1.11536,5.18778,-0.86513
82,0.391186,5.85233,-0.607761
82,-1.55856,5.39857,-1.5042
82,-1.21379,5.98038,0.933954
82,-1.93073,5.86777,0.573872
82,-1.21583,6.0434,-1.11496
82,-1.28508,6.4764,0.897553
82,-1.35348,6.49184,0.872519
82,0.197751,6.90438,1.24105
82,-1.35211,6.64502,0.898694
82,-1.43021,7.0581,0.565465
82,0.253701,7.52099,1.30161
82,-1.4345,7.11131,0.458724
82,-1.20208,6.15961,0.382627
71,-1.20208,6.15961,0.382627
82,-1.29724,6.6585,0.398989
71,-1.29724,6.6585,0.398989
82,-1.05552,6.23918,0.832364
71,-1.05552,6.23918,0.832364
82,-1.40257,2.61165,0.680613
71,-1.40257,2.61165,0.680613
82,-1.39197,2.61602,0.687313
71,-1.39197,2.61602,0.687313
82,-1.00467,5.83819,0.780308
71,-1.00467,5.83819,0.780308
82,-1.28384,6.07031,0.534589
71,-1.28384,6.07031,0.534589
82,-1.25424,5.9364,0.598805
71,-1.25424,5.9364,0.598805
82,-1.11975,5.96681,-1.31036
71,-1.11975,5.96681,-1.31036
82,-1.24816,5.92745,0.52889
71,-1.24816,5.92745,0.52889
82,-1.22108,5.95536,0.865277
71,-1.22108,5.95536,0.865277
82,-1.3796,2.59783,0.683518
71,-1.3796,2.59783,0.683518
82,-1.17377,6.32753,-1.17897
72,-1.17377,6.32753,-1.17897
82,-1.43042,5.46831,-0.347808
72,-1.43042,5.46831,-0.347808
82,-1.62528,5.75167,2.05665
72,-1.62528,5.75167,2.05665
82,-1.309,2.58862,-0.514723
80,-1.309,2.58862,-0.514723
82,-1.2172,6.12606,-1.08422
74,-1.2172,6.12606,-1.08422
82,-1.28953,6.66641,0.573489
74,-1.28953,6.66641,0.573489
82,-1.19311,6.05257,-1.19004
74,-1.19311,6.05257,-1.19004
82,-1.46629,2.72567,0.617309
74,-1.46629,2.72567,0.617309
82,-1.19467,5.65819,-0.436772
66,-1.19467,5.65819,-0.436772
82,-1.18415,5.58131,-1.03043
66,-1.18415,5.58131,-1.03043
82,-0.385889,4.02802,-0.607245
79,-0.385889,4.02802,-0.607245
82,-1.06591,5.85549,-1.22074
75,-1.06591,5.85549,-1.22074
83,-0.39278,0.927007,0.571286
83,-1.01845,2.31572,0.537879
83,-1.03759,2.32029,0.419539
83,-1.02389,2.3561,0.577049
83,-1.02159,2.36534,0.575356
83,-1.09042,2.37286,0.631513
83,-1.0825,2.37752,0.591674
83,-1.11592,2.37165,0.604152
83,-1.05151,2.40018,0.606216
83,-1.12255,2.38556,0.59161
83,-1.08553,2.40343,0.613323
83,-1.1402,2.40326,0.655698
83,-1.1499,2.41853,0.653883
83,-1.04936,2.43742,0.57858
83,-1.12131,2.42236,0.551015
83,-1.1663,2.42059,0.663755
83,-1.20023,2.41984,0.590542
83,-1.17855,2.43207,0.663528
83,-1.0657,2.4522,0.52273
83,-1.20713,2.42753,0.586539
83,-1.21131,2.42431,0.467441
83,-1.19939,2.42843,0.500542
83,-1.20384,2.43576,0.527076
83,-1.20715,2.43772,0.499599
83,-1.21286,2.44733,0.531588
83,-1.2648,2.44452,0.588797
83,-1.3872,2.40803,0.329635
83,-1.31155,2.43639,0.586075
83,-1.13117,2.47904,0.643949
83,-1.31946,2.44658,0.648913
83,-1.27687,2.45085,0.429337
83,-1.29278,2.46031,0.666586
83,-1.2452,2.461,0.382934
83,-1.22268,2.49389,0.671424
83,-1.29239,2.51455,0.581315
83,-0.391855,3.63142,-0.500801
83,-1.25174,3.6334,1.59413
83,-1.24156,3.70155,1.86452
83,-1.25647,3.72922,1.62808
83,-1.47598,3.80061,1.62988
83,-1.23477,3.86418,1.84175
83,-0.233016,4.06688,1.90088
83,-1.33725,3.8454,1.75066
83,0.608261,4.26796,-0.223599
83,-1.3802,3.97859,1.80935
83,-0.832579,4.08146,0.945053
83,-1.62508,4.04297,1.72298
83,-0.860928,4.17906,0.939971
83,-0.560423,4.30217,1.92076
83,-1.31959,4.25457,1.76831
83,-1.28021,4.28827,1.8269
83,-1.66074,4.40512,1.95748
83,-1.76583,4.42654,1.8736
83,-1.82788,4.38267,-0.335789
83,-1.34533,4.5971,0.599304
83,-1.34743,4.67277,0.615383
83,-1.39142,4.76606,1.97964
83,-1.91184,4.74879,2.04375
83,-1.35965,4.85087,0.690914
83,-1.74581,4.84574,0.862899
83,-1.38818,4.98431,0.700814
83,-1.83021,4.92877,0.624332
83,-1.83948,4.94878,0.67596
83,-1.98225,5.04068,2.21283
83,-1.99918,5.08357,2.14408
83,-1.33708,5.19941,0.833738
83,-0.758891,5.41907,2.33665
83,-1.66446,5.16168,0.656335
83,-1.33992,5.32167,0.839943
83,-1.37005,5.35182,0.840065
83,-1.45889,5.36057,0.713011
83,-1.83016,5.29919,0.907803
83,-2.05584,5.43034,2.32361
83,-1.73923,5.35206,-1.17675
83,-1.43373,5.53582,0.751001
83,-1.76506,5.53855,0.636999
83,-1.25493,5.70109,0.831056
83,0.315847,6.19021,2.59352
83,-1.48414,5.78145,0.756602
83,-1.27436,5.84296,0.829878
83,-2.26858,5.83513,2.4997
83,-1.53635,5.88994,0.671987
83,-1.18046,6.07767,0.910973
83,-2.27574,5.95249,2.61204
83,-1.20089,6.11106,0.905069
83,-1.27033,6.12201,0.849538
83,-1.21435,6.15896,0.918857
83,-1.28816,6.20994,0.924267
83,-1.30439,6.29812,0.848639
83,-1.37177,6.29662,0.867118
83,-1.31113,6.33306,0.87182
83,-1.22933,6.37394,0.771114
83,0.33361,6.79603,-0.54792
83,-1.79517,6.45393,0.945096
83,-1.47146,6.61292,0.87751
83,-1.79657,6.58123,0.941444
83,0.436095,7.23165,2.94797
83,-1.31393,6.77824,0.581617
83,-1.32187,6.8314,0.585109
83,-1.35799,6.98063,0.578112
83,-1.45928,7.21434,0.55982
81,-1.45928,7.21434,0.55982
83,-1.38959,7.26706,0.559174
81,-1.38959,7.26706,0.559174
83,-1.74754,5.73845,-1.43877
81,-1.74754,5.73845,-1.43877
83,-1.23395,5.85367,0.583359
72,-1.23395,5.85367,0.583359
83,-1.10594,6.77049,0.766774
72,-1.10594,6.77049,0.766774
83,-1.15594,7.08064,0.791106
72,-1.15594,7.08064,0.791106
83,-1.32637,5.79071,0.881493
72,-1.32637,5.79071,0.881493
83,-1.54571,5.7059,2.2097
72,-1.54571,5.7059,2.2097
83,-1.63771,5.84525,2.11444
72,-1.63771,5.84525,2.11444
83,-1.11778,5.93517,-1.05295
73,-1.11778,5.93517,-1.05295
83,-0.31218,3.94529,-0.661582
73,-0.31218,3.94529,-0.661582
83,-1.03315,5.46876,-1.15823
74,-1.03315,5.46876,-1.15823
84,-1.04375,2.34278,0.595411
84,-1.10162,2.3539,0.600677
84,-1.10438,2.35358,0.597673
84,-1.07603,2.36506,0.586257
84,-1.12396,2.35932,0.651205
84,-1.0316,2.39055,0.57748
84,-1.13828,2.38107,0.617181
84,-1.03137,2.40779,0.5857
84,-1.15215,2.38743,0.632523
84,-1.05992,2.42192,0.532268
84,-1.17981,2.42489,0.613512
84,-1.19886,2.42217,0.508919
84,-1.2137,2.44054,0.474791
84,-1.21158,2.45108,0.532705
84,-1.23653,2.44743,0.443437
84,-1.23617,2.45295,0.426376
84,-1.23791,2.45526,0.444464
84,-1.23968,2.45858,0.453275
84,-1.08642,2.49809,0.521648
84,-1.2966,2.46074,0.616128
84,-1.31656,2.45564,0.581917
84,-1.32258,2.46276,0.648188
84,-1.28647,2.461,0.371925
84,-1.26808,2.47106,0.394409
84,-1.26976,2.49464,0.570366
84,-1.22337,3.33006,0.811101
84,-0.429696,3.57852,-0.206606
84,-0.406504,3.59802,-0.20982
84,-0.420062,3.61891,-0.22334
84,-1.30712,3.59725,0.804531
84,0.0596171,3.85479,-0.328699
84,-1.4616,3.81801,1.61386
84,-0.111398,4.0202,-0.30804
84,-1.26923,4.26751,0.589029
84,-0.0924639,4.57072,2.17298
84,-0.207192,4.56243,2.14328
84,-0.352186,4.55626,2.11484
84,0.194495,4.77421,2.2419
84,-1.30567,4.42606,0.616595
84,-1.47739,4.4703,1.88367
84,0.858278,4.95385,0.768045
84,0.0923551,4.89162,2.2572
84,-2.08082,4.54897,2.21843
84,-0.114345,4.86985,-0.249352
84,-2.1389,4.56074,2.24612
84,-0.11509,4.90693,-0.190648
84,-1.70897,4.67922,2.19187
84,-1.67079,4.74189,2.1083
84,-1.7758,4.7854,2.2094
84,-1.80422,4.77909,2.0953
84,-0.959994,4.91426,1.02554
84,-0.945393,4.92027,1.01386
84,-0.100857,5.10203,-0.316787
84,-1.05277,5.14822,0.913172
84,0.304009,5.50286,2.44751
84,-2.26105,5.00686,2.38978
84,-1.06298,5.19917,0.92748
84,-1.09896,5.20242,0.926378
84,-1.9918,5.09422,2.42144
84,-1.99235,5.11035,2.31813
84,-1.85364,5.08929,0.874552
84,-1.82,5.10045,0.876421
84,-1.85763,5.09957,0.89282
84,-1.57916,5.22663,0.898442
84,-1.31342,5.29938,0.637118
84,-1.10592,5.38482,0.937095
84,-1.69193,5.24552,-1.1591
84,-1.48815,5.46263,0.868102
84,-1.21263,5.51268,0.628675
84,-2.11103,5.40582,2.53557
84,-1.45248,5.51362,0.919625
84,-1.40602,5.52843,0.90627
84,-1.73674,5.4573,0.635345
84,-1.73874,5.47589,0.632679
84,-1.29408,5.64993,0.852173
84,-1.43522,5.64833,0.90195
84,0.26222,5.95259,-0.2346
84,-0.930603,5.86971,2.4074
84,-0.984012,5.89562,0.677225
84,-1.63462,5.77504,0.897916
84,-1.63203,5.88548,2.35449
84,-0.997212,6.04823,0.684732
84,0.326986,6.3123,-0.293486
84,-1.34318,6.049,0.867788
84,-2.43869,5.91336,2.77083
84,-1.37023,6.08306,0.871609
84,0.216292,6.4832,1.22032
84,-1.37563,6.18598,0.867142
84,-0.959257,6.38977,2.65893
84,-0.830021,6.50465,2.65009
84,-1.15476,6.3128,-1.45045
84,-1.24952,6.37117,0.589062
84,-1.76089,6.33906,2.27039
84,-1.33741,6.40396,0.562424
84,-1.37319,6.68708,0.550798
84,-1.04131,6.83194,2.71437
84,-1.34838,6.73901,0.585462
84,0.349353,7.2606,1.29105
84,-1.31098,2.84628,0.644613
82,-1.31098,2.84628,0.644613
84,0.0941018,3.99371,-0.296586
82,0.0941018,3.99371,-0.296586
84,-1.33553,5.40936,0.656455
72,-1.33553,5.40936,0.656455
84,-0.971839,5.68315,0.671761
72,-0.971839,5.68315,0.671761
84,0.0116932,5.45324,1.04886
72,0.0116932,5.45324,1.04886
84,-1.69997,5.90349,2.2579
72,-1.69997,5.90349,2.2579
84,-1.42277,5.65086,0.892074
73,-1.42277,5.65086,0.892074
85,-1.02977,2.34188,0.613791
85,-1.29864,2.43185,0.540858
85,-1.30237,2.44038,0.572384
85,-1.32283,2.44785,0.587425
85,-1.34154,2.45066,0.635379
85,-1.29903,2.45289,0.490195
85,-1.32193,2.49103,0.682634
85,-1.33034,2.48588,0.596021
85,-1.32111,2.49789,0.678376
85,-1.29532,2.50754,0.60986
85,-1.41027,2.5389,0.344385
85,-1.44574,2.56019,0.253039
85,-1.47706,2.57098,0.273643
85,-1.43616,2.58403,0.204036
85,-0.315951,3.76347,-0.61398
85,-0.333832,3.79368,-0.586691
85,-0.403246,3.85292,-0.548486
85,-0.409586,3.87003,-0.544437
85,-0.419421,3.89306,-0.283023
85,-0.996128,4.89306,2.2034
85,-1.13748,4.90904,2.18881
85,-1.06385,5.00691,2.1617
85,-1.23469,4.98663,2.19122
85,-1.06751,5.04861,2.11899
85,-1.15626,5.06412,2.0994
85,0.167389,5.16689,-0.0790169
85,-0.100603,5.1399,-0.149699
85,-0.679315,5.22872,2.24169
85,-0.625209,5.25007,2.33145
85,-0.823995,5.22551,2.21901
85,-0.829637,5.27913,2.29414
85,-0.0893119,5.2465,-0.218522
85,-1.57086,4.8644,-0.981723
85,-0.119262,5.24593,-0.330587
85,-1.0274,5.22492,1.06245
85,-1.29191,5.35681,2.16175
85,-1.54244,5.26101,0.903124
85,-1.83979,5.34938,2.31221
85,-1.367,5.33071,0.855427
85,-1.12227,5.40772,0.999479
85,-1.88956,5.41764,2.17319
85,-1.99054,5.42064,2.11496
85,-1.37438,5.35589,-0.299001
85,-1.48305,5.34872,-0.360087
85,-1.53553,5.59146,2.18248
85,-1.98805,5.38641,0.715672
85,-1.92755,5.42937,0.8889
85,-1.9614,5.43059,0.904423
85,-2.03362,5.40132,0.675091
85,-1.95544,5.45819,0.878484
85,-2.01101,5.44242,0.701748
85,-1.59588,5.67747,2.28711
85,-1.15155,5.61891,0.366189
85,-1.15912,5.67129,0.905665
85,-1.07695,5.52479,-1.16119
85,-2.14697,5.58925,2.13392
85,-1.43467,5.54539,-0.34685
85,-1.1789,5.80999,0.981925
85,-1.17156,5.62533,-1.20735
85,-1.21895,5.76942,-0.431329
85,-1.75928,6.00711,2.30047
85,-1.47742,2.80293,0.584328
83,-1.47742,2.80293,0.584328
85,-1.43061,2.70191,0.585825
83,-1.43061,2.70191,0.585825
85,-1.40975,2.42027,0.291097
83,-1.40975,2.42027,0.291097
86,-1.17778,2.01217,-0.264507
86,-1.05431,2.09227,-0.194723
86,-1.08166,2.16368,-0.224
86,-1.34529,2.46314,0.621449
86,-1.31749,2.45742,0.509607
86,-1.32079,2.51144,0.662828
86,-1.33976,2.50499,0.65334
86,-1.29319,2.51633,0.603399
86,-1.30849,2.48751,0.466542
86,-1.34347,2.51722,0.575288
86,-1.309,2.52824,0.582634
86,-1.10344,2.45411,-0.206887
86,-1.39135,2.51898,0.378596
86,-1.54164,2.36778,-0.263595
86,-1.39289,2.5381,0.365405
86,-1.41573,2.54854,0.381273
86,-1.47027,2.57128,0.314281
86,-1.47401,2.5785,0.301985
86,-1.49083,2.57606,0.170209
86,-1.47212,2.62488,0.17271
86,-1.41925,2.54876,-0.309861
86,-1.51866,2.63193,0.155264
86,-1.47577,2.65059,0.175519
86,-1.52557,2.65556,0.228705
86,-1.54203,2.68282,0.13895
86,-0.387222,3.62488,-0.609996
86,-0.444279,3.61757,-0.612174
86,-0.376194,3.72499,-0.655834
86,-0.325788,3.7806,-0.595151
86,-0.391315,3.78266,-0.54701
86,-0.398982,3.83516,-0.294834
86,-0.42114,3.83555,-0.273248
86,-0.403572,3.83358,-0.532987
86,-2.47207,3.56907,-0.538644
86,0.123911,4.88066,-0.252148
86,-1.3414,4.58894,-1.13432
86,-1.37047,4.58465,-1.13521
86,-0.0953578,5.29312,-0.318202
86,-0.0975118,5.30749,-0.245652
86,-0.0911893,5.33115,-0.345547
86,-1.17016,5.50459,0.981104
86,-1.06732,5.61904,1.06038
86,-2.03441,5.3924,0.685734
86,-2.02358,5.50599,0.693387
86,-1.17812,5.70581,-1.25537
86,-1.14316,5.36335,0.845345
83,-1.14316,5.36335,0.845345
86,-1.32005,3.55171,-0.593381
80,-1.32005,3.55171,-0.593381
86,-1.39758,4.31777,-1.09881
75,-1.39758,4.31777,-1.09881
87,-1.18338,1.96651,-0.26669
87,-1.14085,2.008,-0.274084
87,-1.11981,2.05613,-0.249925
87,-1.08414,2.19523,-0.266114
87,-1.05547,2.24869,-0.544126
87,-1.06045,2.25884,-0.542796
87,-1.36094,2.53678,0.62013
87,-1.04114,2.30078,-0.518408
87,-1.05198,2.27587,-0.604651
87,-1.01755,2.4082,-0.579327
87,-0.297397,3.63004,-0.651883
87,-0.358022,3.65725,-0.667701
87,-0.3365,3.75086,-0.58461
87,-0.395328,3.75796,-0.529987
87,-0.326918,3.77591,-0.584307
87,-0.338788,3.77377,-0.593858
87,-0.302238,3.80118,-0.58235
87,-0.379581,3.82306,-0.517162
87,0.0725538,4.09891,-0.299288
87,0.0844805,4.18652,-0.294301
87,-2.18808,3.68753,-0.856611
87,-2.55531,3.75991,-0.614928
87,0.12051,4.89727,-0.264553
87,0.142621,5.14308,-0.123231
87,-1.5393,4.40719,-1.24801
87,-1.5583,4.49171,-1.24127
87,-1.54452,4.62051,-0.933593
87,-0.0994557,5.30693,-0.263658
87,-0.0971739,5.28995,-0.335504
87,-1.35275,4.65576,-1.14699
87,-1.55977,4.68561,-0.954026
87,-1.1362,5.46148,0.862615
87,-1.36918,4.76688,-1.22098
87,-1.19285,5.62147,0.979462
87,-1.33398,5.54173,0.699457
87,-1.09668,5.81124,1.09195
87,-1.06565,5.89644,1.09402
87,-2.06185,5.80855,0.885932
87,-1.08468,5.59905,-1.16013
87,-1.06307,5.63377,-1.21684
87,-1.13291,5.60578,0.35434
85,-1.13291,5.60578,0.35434
87,-1.38234,2.61671,0.568749
85,-1.38234,2.61671,0.568749
87,-1.45043,2.93849,0.564744
85,-1.45043,2.93849,0.564744
87,-1.44245,4.74627,-0.931963
75,-1.44245,4.74627,-0.931963
87,-1.14718,5.51369,-1.1693
67,-1.14718,5.51369,-1.1693
88,-1.16063,1.9219,-0.224413
88,-1.19316,1.96125,-0.287798
88,-1.1815,1.98011,-0.265007
88,-1.19587,2.01313,-0.275528
88,-1.07084,2.12229,-0.206291
88,-1.36843,2.46586,0.41646
88,-1.38243,2.492,0.375419
88,-1.60745,2.16209,-0.265987
88,-1.29245,2.32086,-0.202971
88,-1.29655,2.33025,-0.21424
88,-1.06846,2.27036,-0.565385
88,-1.14821,2.53784,0.0563453
88,-1.15025,2.54356,0.0707172
88,-1.57747,2.22515,-0.306767
88,-1.57239,2.23067,-0.311375
88,-1.05207,2.32981,-0.557145
88,-1.0504,2.33613,-0.550228
88,-1.4581,2.51272,0.170586
88,-1.61236,2.26997,-0.268338
88,-1.64092,2.26412,-0.267164
88,-1.08574,2.27171,-0.942567
88,-1.02803,2.48166,-0.625815
88,-1.02347,2.51178,-0.620373
88,-1.54162,2.75507,0.202113
88,-1.56177,2.52846,-0.328539
88,-1.63463,2.54815,-0.322123
88,-1.06027,2.6203,-0.70984
88,-0.577934,2.56146,-1.26312
88,-0.575468,2.58086,-1.27585
88,-1.69353,2.80704,-0.433021
88,-0.765832,2.91451,-1.26347
88,-1.49512,3.34188,-0.0110184
88,-0.273027,3.59678,-0.635518
88,-0.375319,3.61074,-0.62128
88,-0.409837,3.77855,-0.257672
88,-0.438156,3.62431,-0.604989
88,-0.334798,3.69113,-0.55645
88,-0.284241,3.67987,-0.651922
88,-0.412926,3.66806,-0.592975
88,-0.336969,3.7398,-0.56095
88,-0.389681,3.75796,-0.510743
88,0.0038141,4.03975,-0.289713
88,-1.87779,3.22824,-0.584199
88,-2.27631,3.2512,-0.51257
88,-2.38838,3.41607,-0.486732
88,-2.38402,3.41736,-0.58478
88,-2.45664,3.55744,-0.649811
88,-2.46588,3.58071,-0.635815
88,-1.8706,4.85999,0.724709
88,-2.64988,3.94772,-0.682215
88,-2.66807,3.96623,-0.68974
88,-0.0987893,5.20574,-0.316942
88,-0.101142,5.26504,-0.221745
88,-1.57324,5.09927,0.604027
88,-1.60655,5.16405,0.586063
88,-1.38854,4.93579,-0.271795
88,-1.73769,5.23339,0.557788
88,-1.48456,4.73271,-1.05614
88,-1.39153,4.82915,-1.21939
88,-1.3837,4.86127,-1.26483
88,-1.57782,4.94033,-1.01261
88,-1.5796,4.96949,-1.02368
88,-1.6289,4.95246,-1.04318
88,-1.41464,4.92725,-1.30271
88,-1.39739,5.37863,-0.326621
88,-1.63307,5.02438,-1.06519
88,-1.1308,5.25922,-1.03711
88,-1.59334,5.07994,-1.20728
88,-1.28992,6.11588,0.489519
88,-1.17933,5.57029,-1.00239
88,-1.22753,5.85873,-0.459442
88,-1.18404,5.88253,-1.02671
88,-1.13324,6.05961,-1.32674
88,-1.12293,6.10978,-1.35316
88,-1.16272,6.63196,-1.56861
88,-1.0808,5.79894,-1.26543
83,-1.0808,5.79894,-1.26543
88,-1.46281,5.51418,0.690028
83,-1.46281,5.51418,0.690028
88,-1.40547,5.03275,-1.29233
66,-1.40547,5.03275,-1.29233
88,-1.20597,5.9034,-1.28986
86,-1.20597,5.9034,-1.28986
88,-1.20597,5.9034,-1.28986
86,-1.20597,5.9034,-1.28986
88,-1.08972,2.44876,-0.211556
86,-1.08972,2.44876,-0.211556
88,-1.45592,2.56549,0.310154
86,-1.45592,2.56549,0.310154
88,-1.04045,2.08693,-0.199677
86,-1.04045,2.08693,-0.199677
88,-1.34381,2.51966,0.6107
86,-1.34381,2.51966,0.6107
88,-1.17081,2.61014,0.557696
86,-1.17081,2.61014,0.557696
88,-1.50821,4.84017,-1.09826
74,-1.50821,4.84017,-1.09826
88,-1.16834,5.73848,-1.3191
74,-1.16834,5.73848,-1.3191
88,-1.63883,5.01956,-1.33849
74,-1.63883,5.01956,-1.33849
88,-1.43564,4.79386,-1.06127
75,-1.43564,4.79386,-1.06127
89,-1.15513,1.93951,-0.243737
89,-1.18501,1.94049,-0.254931
89,-1.21576,1.96397,-0.27089
89,-1.06026,2.09297,-0.197951
89,-1.0834,2.14016,-0.223908
89,-1.24618,2.32392,-0.229441
89,-1.19035,1.86665,-1.08314
89,-1.26941,2.31722,-0.236404
89,-1.60796,2.1381,-0.300575
89,-1.54654,2.20375,-0.244245
89,-1.06096,2.25837,-0.539095
89,-1.16803,1.90473,-1.09277
89,-1.61791,2.07365,-0.45479
89,-1.19312,1.88618,-1.11842
89,-1.04976,2.32437,-0.533529
89,-0.986455,1.9382,-1.28988
89,-1.05984,2.35373,-0.552314
89,-1.01865,1.95053,-1.31286
89,-0.374772,2.25504,-1.27786
89,-1.09446,2.28096,-0.919311
89,-1.04723,2.49053,-0.602926
89,-1.57937,2.45836,-0.304102
89,-1.08035,2.16729,-1.22666
89,-1.55648,2.7396,0.112178
89,-1.07538,2.21542,-1.2095
89,-1.05196,2.54053,-0.652095
89,-0.475059,2.44115,-1.31958
89,-1.08145,2.40553,-1.02332
89,-1.09092,2.4399,-1.08603
89,-0.663457,2.7218,-1.24437
89,-0.65261,2.78971,-1.27933
89,-0.757981,2.8712,-1.23395
89,-0.293671,3.59351,-0.615458
89,-0.338007,3.68066,-0.556647
89,-0.283518,3.68837,-0.64947
89,-0.437443,3.64654,-0.609317
89,-0.384351,3.66205,-0.642806
89,-0.339142,3.72781,-0.579759
89,-0.841715,2.98851,-1.50246
89,-0.395739,3.75877,-0.506004
89,-3.16976,3.38172,-0.365489
89,-2.62134,3.88142,-0.653611
89,-1.47147,4.68756,-1.02948
89,-1.56523,4.92973,-0.99308
89,-1.5273,4.97054,-1.00721
89,-1.13348,5.26648,-1.07101
89,-1.15597,5.50035,-1.17793
89,-1.10789,5.93437,-1.28884
89,-1.12176,5.93063,-1.31208
89,-1.14419,6.23664,-1.41243
89,-1.03878,2.73037,-1.33848
79,-1.03878,2.73037,-1.33848
89,-1.14795,2.04118,-0.305197
87,-1.14795,2.04118,-0.305197
90,-0.882159,2.24243,0.330385
90,-1.10092,1.98798,-0.201533
90,-1.12081,1.95299,-0.251871
90,-1.05687,2.04304,-0.173855
90,-1.14467,1.9519,-0.255862
90,-1.14773,1.96144,-0.253522
90,-1.10462,2.00982,-0.22561
90,-1.09396,2.01735,-0.224654
90,-1.13496,1.97686,-0.257689
90,-1.13491,1.98119,-0.257191
90,-1.13464,1.98728,-0.253324
90,-1.13874,1.98886,-0.254677
90,-1.1333,1.98183,-0.275077
90,-1.06701,2.04617,-0.227564
90,-1.15911,1.97552,-0.271546
90,-1.11313,2.03626,-0.226363
90,-1.0687,2.05237,-0.238436
90,-1.1008,2.05234,-0.234853
90,-1.07554,2.08458,-0.258899
90,-1.08163,2.12344,-0.278092
90,-0.601683,1.69587,-1.21359
90,-0.3634,1.83364,-1.17984
90,-0.244233,1.85046,-1.24897
90,-0.612542,1.69461,-1.23252
90,-1.17755,2.46296,0.188313
90,-1.06955,2.22084,-0.239381
90,-1.0661,2.24377,-0.249362
90,-0.287728,2.06354,-1.29376
90,-1.31226,2.34341,-0.22665
90,-1.52751,1.4542,-1.37482
90,-1.04336,2.29141,-0.521506
90,-1.31684,2.36877,-0.231308
90,-1.56171,2.2336,-0.267627
90,-1.55844,2.23893,-0.270114
90,-1.06123,2.32546,-0.487717
90,-1.56511,2.24829,-0.269791
90,-1.56017,2.23392,-0.314811
90,-1.04528,2.32402,-0.5319
90,-1.60636,2.27431,-0.259571
90,-1.069,2.35084,-0.506551
90,-1.06616,2.35614,-0.511256
90,-1.05273,2.34127,-0.5669
90,-1.18852,1.91308,-1.10028
90,-1.58501,2.31491,-0.303242
90,-1.63939,2.34525,-0.271162
90,-1.07042,2.39863,-0.577087
90,-1.07714,2.42317,-0.557372
90,-1.65025,2.37743,-0.28129
90,-1.54665,2.42072,-0.288927
90,-1.07779,2.39726,-0.636329
90,-0.382601,2.25895,-1.30478
90,-1.07601,2.45565,-0.564393
90,-1.67002,2.37459,-0.299382
90,-1.09208,2.40982,-0.637481
90,-1.01773,2.45547,-0.639117
90,-1.01916,2.48287,-0.601115
90,-1.42194,2.73546,-0.0116335
90,-1.07934,2.40964,-0.707853
90,-1.04568,2.49,-0.624464
90,-1.03033,2.13253,-1.17746
90,-0.374199,2.32227,-1.3485
90,-1.07876,2.45189,-0.711232
90,-1.07796,2.15446,-1.21072
90,-1.08036,2.19345,-1.15809
90,-1.07919,2.15539,-1.22246
90,-1.06651,2.18517,-1.19055
90,-1.07995,2.20797,-1.15294
90,-1.60726,2.53351,-0.336566
90,-1.07913,2.30175,-1.02194
90,-1.04195,2.23225,-1.20277
90,-1.03785,2.24649,-1.20365
90,-1.64705,2.59324,-0.340011
90,-1.04332,2.24186,-1.26274
90,-0.47692,2.486,-1.33971
90,-1.05933,3.23599,0.123471
90,-0.557917,2.5872,-1.27384
90,-0.473414,2.55566,-1.406
90,-1.70132,2.71044,-0.380582
90,-0.563186,2.64914,-1.31698
90,-0.895818,2.60189,-1.17077
90,-1.11251,3.36628,0.0677471
90,-1.75231,2.78126,-0.417086
90,-0.564577,2.71969,-1.37482
90,-0.919414,2.67339,-1.23747
90,-0.660989,2.76759,-1.28722
90,-0.745343,2.80842,-1.18106
90,-1.78258,2.84816,-0.443267
90,-1.0943,2.30286,-1.7081
90,-1.01646,2.64111,-1.29021
90,-0.761746,2.84848,-1.22176
90,-0.657639,2.83099,-1.32082
90,-0.749967,2.87701,-1.21243
90,-1.00861,2.66003,-1.37488
90,-0.905501,2.77488,-1.30429
90,-0.1223,3.55558,-0.711162
90,-0.89651,2.75486,-1.38738
90,-0.29981,3.56416,-0.614789
90,-0.150143,3.60437,-0.663864
90,-0.15224,3.62807,-0.65027
90,-0.250906,3.57836,-0.663254
90,-0.436851,3.58483,-0.60788
90,-0.306826,3.64981,-0.650625
90,-0.795956,2.89117,-1.44154
90,-0.347277,3.71888,-0.566081
90,-0.809539,2.90205,-1.44919
90,-0.405805,3.73323,-0.518945
90,-2.18835,3.14915,-0.44663
90,-2.08881,3.19087,-0.513764
90,-0.834184,3.10417,-1.6062
90,-1.56981,3.88271,-0.400327
90,-2.54797,3.38035,-0.509761
90,-2.40738,3.44442,-0.521901
90,-2.57669,3.41416,-0.541821
90,-1.79554,4.27649,-0.223816
90,-2.57365,3.7959,-0.723964
90,-1.69939,4.32902,-0.546785
90,-2.67938,3.97508,-0.696731
90,-1.30876,4.54159,-0.88192
90,-1.64203,4.40115,-1.2872
90,-1.60826,4.52312,-1.32286
90,-1.14793,5.0953,-0.86619
90,-1.51041,4.82468,-1.08208
90,-1.36878,4.87964,-1.22459
90,-1.39747,4.88456,-1.22121
90,-1.54791,4.97851,-1.01691
90,-1.57144,4.92297,-1.12437
90,-1.54916,4.85729,-1.31107
90,-1.60264,5.04407,-1.04421
90,-1.17108,5.38907,-0.969661
90,-1.58581,5.0618,-1.17078
90,-1.58867,5.1295,-1.19651
90,-1.59205,5.15826,-1.2025
90,-1.55554,5.03463,-1.4088
90,-1.5586,5.03667,-1.41733
90,-1.14235,5.4363,-1.12069
90,-1.15211,5.51158,-1.00824
90,-1.16402,5.43185,-1.12679
90,-1.60986,5.26263,-1.24753
90,-1.62201,5.1591,-1.43708
90,-1.15132,5.61738,-1.19082
90,-1.74256,5.20128,-1.4277
90,-1.15673,5.62057,-1.21497
90,-1.74828,5.3518,-1.49003
90,-1.1701,6.26131,-1.1004
90,-1.14002,6.18924,-1.39024
90,-1.16803,6.52133,-1.50133
91,-1.1576,1.95823,-0.237508
91,-1.13579,1.97616,-0.237064
91,-1.17924,1.83224,-0.465523
91,-1.1838,1.85955,-0.421142
91,-1.20251,1.98447,-0.244531
91,-1.15488,2.01814,-0.259953
91,-1.08645,2.08368,-0.220424
91,-1.0782,2.08406,-0.227216
91,-1.65812,1.20138,-1.18968
91,-0.375823,1.82634,-1.16304
91,-1.0833,2.09942,-0.244895
91,-1.08021,2.10841,-0.248172
91,-1.09843,2.17193,-0.158229
91,-1.07986,2.1947,-0.163172
91,-1.08989,2.16117,-0.221493
91,-1.12382,2.19799,-0.152128
91,-1.10689,2.20133,-0.168204
91,-1.08996,2.22839,-0.188095
91,-1.06265,2.28402,-0.187632
91,-0.78616,1.79343,-1.2067
91,-0.300928,2.04159,-1.23931
91,-1.52223,2.14463,-0.244753
91,-1.22795,2.31258,-0.199172
91,-1.05138,2.22411,-0.48203
91,-1.53136,2.16053,-0.251198
91,-1.04986,2.26313,-0.444308
91,-1.25008,2.3226,-0.221756
91,-1.52766,2.18284,-0.265406
91,-1.62244,2.15295,-0.266806
91,-1.60645,2.0655,-0.430172
91,-1.05968,2.26084,-0.533666
91,-1.04886,2.28739,-0.509808
91,-1.56715,2.22394,-0.240671
91,-1.63407,2.23596,-0.226315
91,-1.05017,2.32061,-0.510582
91,-1.19627,1.88986,-1.0741
91,-1.07046,2.33729,-0.48153
91,-1.05298,2.32681,-0.515133
91,-1.6415,2.18978,-0.309182
91,-1.05152,2.32443,-0.523379
91,-1.64464,2.24282,-0.239431
91,-1.60935,2.26918,-0.234232
91,-1.07087,2.35016,-0.491779
91,-1.07846,2.30987,-0.55716
91,-1.3537,2.40895,-0.228199
91,-1.05595,2.30412,-0.603208
91,-1.70402,2.2358,-0.251568
91,-1.05732,2.30969,-0.606563
91,-1.36496,2.43663,-0.211352
91,-1.05412,2.32244,-0.612642
91,-1.60302,2.3477,-0.237167
91,-1.7204,2.27115,-0.272949
91,-1.72835,2.2733,-0.271884
91,-1.39218,2.47768,-0.210914
91,-0.383544,2.25467,-1.28697
91,-1.06379,2.37017,-0.645038
91,-1.08469,2.40191,-0.602917
91,-1.07718,2.36406,-0.688367
91,-0.388494,2.29738,-1.30836
91,-1.02501,2.11409,-1.14259
91,-1.08487,2.163,-1.0618
91,-1.02077,2.1337,-1.15692
91,-1.10413,2.27542,-0.889243
91,-1.03979,2.48854,-0.610859
91,-1.78944,1.63501,-1.39269
91,-1.0749,2.10524,-1.19484
91,-1.0337,2.51387,-0.60455
91,-1.03882,2.51415,-0.610078
91,-1.07679,2.25399,-0.983368
91,-1.08091,2.26285,-0.967117
91,-1.65673,2.45651,-0.268763
91,-1.08283,2.13354,-1.17931
91,-1.10258,2.29888,-0.911274
91,-1.05282,2.51295,-0.619826
91,-1.08657,2.26714,-0.97585
91,-1.13837,2.11667,-1.17549
91,-1.03234,2.50843,-0.64907
91,-1.0865,2.18085,-1.12312
91,-1.07088,2.17026,-1.15704
91,-1.09282,2.13476,-1.20762
91,-1.04931,2.21211,-1.16269
91,-1.08182,2.12404,-1.31792
91,-0.481639,2.43586,-1.28289
91,-0.481628,2.44704,-1.29236
91,-0.478031,2.4658,-1.30682
91,-1.09227,2.20343,-1.38058
91,-0.556856,2.58252,-1.25562
91,-0.569803,2.652,-1.30534
91,-0.977283,2.53299,-1.19954
91,-0.578544,2.65782,-1.30758
91,-0.979462,2.55181,-1.19231
91,-0.941321,2.50511,-1.29324
91,-0.907656,2.65003,-1.18245
91,-0.9025,2.65793,-1.18181
91,-0.876811,2.6358,-1.23655
91,-0.969829,2.58899,-1.29433
91,-0.899051,2.67738,-1.21148
91,-0.978468,2.59079,-1.32157
91,-0.961122,2.57984,-1.35342
91,-0.999947,2.64549,-1.25871
91,-0.676878,2.81481,-1.29026
91,-1.02399,2.67427,-1.27593
91,-0.91098,2.74789,-1.25745
91,-0.769821,2.86535,-1.21752
91,-0.897963,2.73845,-1.34674
91,-0.140446,3.53455,-0.678373
91,-0.129791,3.52452,-0.72128
91,-0.476409,3.4477,-0.624619
91,-2.21631,2.90178,-0.317403
91,-0.53071,3.56015,-0.531504
91,-2.08905,2.95252,-0.366975
91,-0.38823,3.59066,-0.606267
91,-2.88385,2.75178,-0.140042
91,-1.95586,2.9999,-0.441885
91,-0.355333,3.67304,-0.542781
91,-0.392026,3.70066,-0.499983
91,-2.10948,3.00674,-0.386926
91,-0.508509,3.64264,-0.56808
91,-2.1401,3.02381,-0.376547
91,-3,2.85637,-0.121638
91,-2.27901,3.20545,-0.397063
91,-2.31292,3.25695,-0.429789
91,-3.33694,3.16708,0.0447587
91,-3.08784,3.18361,-0.20507
91,-2.41124,3.41326,-0.541768
91,-2.41986,3.52527,-0.577598
91,-2.70922,3.68303,-0.359288
91,-3.72446,3.53323,0.0826627
91,-1.79809,4.2908,-0.127593
91,-1.29258,4.47372,-0.856601
91,-1.71075,4.49109,-0.632843
91,-1.30846,4.52788,-0.895549
91,-1.34267,4.64107,-0.974783
91,-1.35006,4.71482,-0.935262
91,-1.59336,4.72797,-0.896185
91,-1.53845,4.59189,-1.22409
91,-1.57806,4.59758,-1.25303
91,-1.48658,4.84228,-0.967517
91,-1.49865,4.75675,-1.09828
91,-1.35431,4.79527,-1.16626
91,-1.53015,4.68097,-1.22307
91,-1.48565,4.82849,-1.06635
91,-1.56485,4.86841,-0.955966
91,-1.58506,4.66382,-1.32136
91,-1.38664,4.84251,-1.19615
91,-1.60551,4.71246,-1.2533
91,-1.3902,4.87757,-1.25279
91,-1.37658,4.87731,-1.27146
91,-1.39705,4.91129,-1.26189
91,-1.54378,4.84471,-1.26892
91,-1.6673,4.82584,-1.24692
91,-1.52514,4.87649,-1.33372
91,-1.55866,4.99684,-1.3684
91,-1.49032,5.04035,-1.35568
91,-1.65664,4.99157,-1.46206
91,-1.18408,5.55063,-1.0146
91,-1.68954,5.08225,-1.38682
91,-1.19192,5.55928,-1.01214
91,-1.16411,5.55854,-1.14405
91,-1.16772,5.5497,-1.15702
91,-1.7069,5.18734,-1.43047
91,-1.17328,5.65993,-1.20751
91,-1.17552,6.08396,-1.07351
91,-1.10044,5.97078,-1.3273
91,-1.13787,6.17187,-1.39278
91,-1.07124,2.38261,-1.01636
89,-1.07124,2.38261,-1.01636
91,-0.756468,1.09638,0.63177
89,-0.756468,1.09638,0.63177
91,-1.48248,3.3106,-0.00182807
88,-1.48248,3.3106,-0.00182807
91,-2.43041,4.16994,-0.843158
78,-2.43041,4.16994,-0.843158
91,-1.62277,4.69234,-1.16706
65,-1.62277,4.69234,-1.16706
92,-1.13577,1.9929,-0.254958
92,-1.11651,2.0371,-0.231526
92,-1.08928,2.13327,-0.223665
92,-1.59679,2.06138,-0.463204
92,-1.54941,2.19715,-0.244657
92,-1.03048,2.47218,-0.615763
92,-0.464906,2.4378,-1.28428
92,-1.3851,2.65401,0.0333759
92,-1.02614,2.55585,-0.656084
92,-0.561917,2.54059,-1.22381
92,-0.56808,2.55981,-1.24464
92,-1.43106,2.74919,-0.00802952
92,-0.997371,2.56174,-1.30036
92,-0.971071,2.56597,-1.32478
92,-0.65168,2.74302,-1.25952
92,-0.961449,2.57769,-1.32484
92,-1.62907,2.88459,0.0130408
92,-0.99858,2.61872,-1.26475
92,-1.48618,2.93893,-0.0449046
92,-1.60684,2.92886,-0.00632441
92,-0.997656,2.64969,-1.27055
92,-0.64987,2.81756,-1.30103
92,-0.755925,2.8322,-1.20153
92,-1.32134,3.05642,-0.114996
92,-0.743173,2.84479,-1.20998
92,-0.743841,2.86295,-1.20744
92,-1.35408,3.19388,-0.150668
92,-0.330699,3.64719,-0.554175
92,-0.394285,3.68913,-0.490073
92,-1.82559,3.38401,-0.158216
92,-2.26509,3.26456,-0.487691
92,-3.00725,3.17364,-0.298864
92,-1.54065,3.85555,-0.34527
92,-2.69279,3.64374,-0.350603
92,-2.56634,3.6798,-0.404986
92,-1.6187,4.18394,-0.513553
92,-1.62575,4.18926,-0.530332
92,-2.58588,3.82156,-0.591848
92,-1.8107,4.38617,-0.181046
92,-1.87364,4.38315,-0.207764
92,-1.43573,4.98163,0.613036
92,-2.60857,3.87831,-0.64324
92,-1.50328,4.97473,0.57706
92,-1.84544,5.05593,0.813958
92,-1.81365,5.08082,0.81444
92,-1.66953,5.14957,0.663117
92,-1.91184,5.05618,0.671968
92,-1.32829,4.93124,-0.234172
92,-1.62039,4.48146,-0.967957
92,-1.46093,5.43051,0.748238
92,-1.69642,5.28909,0.672736
92,-1.54687,5.43287,0.820141
92,-1.56049,4.67822,-0.898241
92,-1.59705,4.66529,-0.899978
92,-1.4567,5.49446,0.723685
92,-1.4778,4.71167,-1.02181
92,-1.39188,5.65636,0.823673
92,-1.55307,5.60319,0.815854
92,-1.48767,4.79803,-1.07203
92,-1.36153,4.80801,-1.20807
92,-1.97118,5.47855,0.874471
92,-1.99619,5.38234,0.653567
92,-1.56533,4.86643,-0.982212
92,-1.5126,4.77672,-1.26886
92,-1.19294,5.92102,0.827949
92,-1.51514,4.92323,-1.10738
92,-1.30853,5.89113,0.826899
92,-1.16009,5.3078,-0.943152
92,-1.2366,6.10221,0.888701
92,-1.15582,5.40053,-1.10772
92,-1.15266,5.39713,-1.12924
92,-1.14817,5.49393,-1.00477
92,-1.0481,6.45684,0.759389
92,-1.18812,5.61257,-1.03343
92,-1.07577,6.46275,0.752144
92,-1.08227,5.70788,-1.21937
92,-1.17709,5.68225,-1.21983
92,-1.12268,6.37411,-1.47422
92,-5.10425,7.83815,-1.71322
92,-1.06246,2.1434,-0.236772
89,-1.06246,2.1434,-0.236772
92,-1.06043,2.11652,0.16426
89,-1.06043,2.11652,0.16426
92,-0.983199,2.03181,0.389367
89,-0.983199,2.03181,0.389367
92,-0.915629,1.86702,0.625608
89,-0.915629,1.86702,0.625608
92,-1.3491,2.45901,0.406876
89,-1.3491,2.45901,0.406876
92,-1.14832,2.05066,0.490996
89,-1.14832,2.05066,0.490996
92,-1.08631,2.29359,0.171067
89,-1.08631,2.29359,0.171067
92,-0.897379,1.64601,0.459971
89,-0.897379,1.64601,0.459971
92,-1.02249,2.15098,0.405626
88,-1.02249,2.15098,0.405626
92,-1.37468,2.4938,0.373019
88,-1.37468,2.4938,0.373019
92,-0.982376,2.02291,0.389813
88,-0.982376,2.02291,0.389813
92,-1.37468,2.4938,0.373019
88,-1.37468,2.4938,0.373019
92,-1.47365,2.59106,0.302205
88,-1.47365,2.59106,0.302205
92,-1.47885,5.37306,-0.350901
72,-1.47885,5.37306,-0.350901
93,-1.12681,1.9924,-0.260826
93,-1.10015,2.07767,-0.255486
93,-1.07388,2.08952,-0.258889
93,-1.07158,2.09364,-0.256182
93,-1.08189,2.13781,-0.24423
93,-1.06219,2.15317,-0.247877
93,-1.07012,2.16756,-0.249455
93,-1.12764,2.42178,0.598317
93,-1.07251,2.19835,-0.20169
93,-1.07749,2.23791,-0.23547
93,-1.27906,2.38364,0.480516
93,-1.30909,2.43382,0.65858
93,-1.29388,2.422,0.517379
93,-1.40742,2.14887,-0.254846
93,-1.06221,2.28422,-0.571126
93,-1.05575,2.32402,-0.501093
93,-1.54748,2.20054,-0.256132
93,-1.37261,2.47583,0.334534
93,-1.37589,2.49064,0.324004
93,-1.41705,2.49054,0.337651
93,-1.59663,2.2311,-0.242665
93,-1.59075,2.24221,-0.245419
93,-1.62448,2.23695,-0.253037
93,-1.56264,2.26373,-0.281687
93,-1.64649,2.24294,-0.241936
93,-1.62443,2.30983,-0.25156
93,-1.52573,2.36789,-0.263298
93,-1.66554,2.32089,-0.250752
93,-1.50064,2.5948,0.11472
93,-1.39885,2.69493,0.0196115
93,-1.53756,2.70882,0.140075
93,-1.66826,2.59847,-0.331395
93,-1.27951,2.92077,-0.0589686
93,-1.28541,2.92961,-0.0718924
93,-1.69973,2.68737,-0.35303
93,-1.32424,3.08523,-0.190519
93,-0.170118,3.57271,-0.6139
93,-1.84362,2.86618,-0.416985
93,-0.246687,3.54634,-0.642571
93,-2.99142,2.83837,0.958957
93,-1.37526,3.27698,-0.234896
93,-3.14056,2.89882,1.06986
93,-0.330642,3.67173,-0.572769
93,-0.390907,3.71479,-0.508452
93,-2.13606,2.96623,-0.352231
93,-2.13989,2.96493,-0.360605
93,-3.06185,3.00914,1.05135
93,-2.98814,3.04862,1.05269
93,-2.31554,3.0782,-0.336725
93,-2.41037,3.53399,-0.597892
93,-1.68449,4.08312,-0.14881
93,-1.79495,4.26941,-0.213662
93,-1.80898,4.31177,-0.205242
93,-2.58507,3.82429,-0.646221
93,-1.41657,4.94582,0.580977
93,-1.61602,4.36126,-0.965112
93,-1.36472,4.7228,-0.25004
93,-1.31845,4.88297,-0.247868
93,-1.39271,5.16825,0.688146
93,-1.55639,4.49012,-1.24616
93,-1.58037,5.12256,0.592099
93,-1.35982,5.34013,0.838837
93,-1.54847,4.5562,-1.2865
93,-1.42206,5.29484,0.76287
93,-1.58977,4.67988,-0.900502
93,-1.47173,5.22474,0.592428
93,-1.46363,4.71015,-1.09927
93,-1.58375,4.6087,-1.31884
93,-1.67868,5.23546,0.684097
93,-1.35687,4.78998,-1.26285
93,-1.54031,4.82437,-0.979622
93,-1.36357,4.83652,-1.21192
93,-1.55044,4.84439,-0.968065
93,-1.51031,4.79795,-1.31224
93,-1.95592,5.25205,0.680309
93,-1.54778,4.91795,-1.03661
93,-1.58596,4.91098,-1.04054
93,-1.63898,4.80759,-1.29572
93,-1.41944,5.08168,-1.35657
93,-1.21207,5.96168,0.85345
93,-1.31683,5.96379,0.860233
93,-1.16391,5.53383,-1.03474
93,-1.12714,5.55054,-1.19676
93,-1.13828,6.25249,0.831867
93,-1.157,5.60059,-1.2178
93,-1.12287,6.3235,0.818878
93,-1.1369,5.68682,-1.23433
93,-1.07763,5.74721,-1.25222
93,-1.13397,6.25422,-1.13524
93,-1.51202,4.13064,-0.982473
89,-1.51202,4.13064,-0.982473
93,-2.19979,3.12813,-0.448336
89,-2.19979,3.12813,-0.448336
93,-1.34733,2.46143,0.399646
89,-1.34733,2.46143,0.399646
93,-1.34733,2.46143,0.399646
89,-1.34733,2.46143,0.399646
93,-1.24508,2.35449,0.606805
89,-1.24508,2.35449,0.606805
93,-1.10808,2.0641,0.607814
89,-1.10808,2.0641,0.607814
93,-1.27674,2.5798,0.557696
89,-1.27674,2.5798,0.557696
93,-1.43258,2.97905,0.255792
88,-1.43258,2.97905,0.255792
93,-1.43623,2.50053,0.316201
88,-1.43623,2.50053,0.316201
93,-1.37,2.29223,0.220781
88,-1.37,2.29223,0.220781
93,-1.59194,2.07326,-0.209509
88,-1.59194,2.07326,-0.209509
93,-1.00855,2.30171,0.514731
88,-1.00855,2.30171,0.514731
93,-1.39823,2.81205,0.431408
88,-1.39823,2.81205,0.431408
93,-1.89372,2.59965,-0.251152
88,-1.89372,2.59965,-0.251152
93,-0.993936,2.18835,0.521883
88,-0.993936,2.18835,0.521883
93,-1.19114,2.25094,0.457431
88,-1.19114,2.25094,0.457431
93,-0.769208,1.19336,0.561938
88,-0.769208,1.19336,0.561938
93,-1.14747,2.12407,0.477174
88,-1.14747,2.12407,0.477174
93,-1.03306,1.68002,0.608278
88,-1.03306,1.68002,0.608278
93,-1.28255,2.55663,0.500994
83,-1.28255,2.55663,0.500994
94,-1.12441,2.1621,0.500058
94,-1.15335,2.23655,0.486767
94,-1.15555,2.24146,0.464078
94,-1.07745,2.16133,-0.27271
94,-1.17376,2.29391,0.504823
94,-1.10804,2.35394,0.572546
94,-1.10377,2.36806,0.564633
94,-1.10797,2.37989,0.566314
94,-1.18582,2.3369,0.50651
94,-1.12033,2.40292,0.552354
94,-1.22526,2.33649,0.438036
94,-1.19845,2.38433,0.506784
94,-1.13089,2.431,0.574714
94,-1.06233,2.22421,-0.577021
94,-1.09096,2.40218,0.32771
94,-1.20248,2.38937,0.508615
94,-1.26338,2.3541,0.4487
94,-1.21825,2.41505,0.545431
94,-1.08605,2.45374,0.383803
94,-1.21413,2.44849,0.610219
94,-1.08597,2.47391,0.43436
94,-1.27686,2.37459,0.380007
94,-1.23746,2.42701,0.494631
94,-1.28316,2.40668,0.493894
94,-1.24242,2.43403,0.488466
94,-1.10592,2.47249,0.344333
94,-1.09438,2.48545,0.376286
94,-1.27694,2.44214,0.556337
94,-1.31036,2.42757,0.558582
94,-1.31657,2.42865,0.555575
94,-1.10456,2.48557,0.346247
94,-1.28099,2.42385,0.420072
94,-1.10436,2.5176,0.37248
94,-1.30748,2.47921,0.631078
94,-1.28343,2.44789,0.424816
94,-1.28814,2.42443,0.320995
94,-1.28752,2.4246,0.301121
94,-1.32597,2.4736,0.62105
94,-1.29178,2.45436,0.426888
94,-1.30345,2.49681,0.640774
94,-1.33527,2.48162,0.623902
94,-1.32611,2.48055,0.552327
94,-1.0568,2.64965,0.726784
94,-1.29522,2.45523,0.316908
94,-1.30684,2.52297,0.644474
94,-1.28534,2.45289,0.257434
94,-1.33397,2.49279,0.553311
94,-1.29971,2.48292,0.422562
94,-1.30344,2.45615,0.291013
94,-1.30918,2.51883,0.591244
94,-1.39541,2.42918,0.313009
94,-1.29947,2.53116,0.557392
94,-1.30908,2.52376,0.541382
94,-1.36043,2.45088,0.302748
94,-1.2791,2.53893,0.545114
94,-1.30469,2.53678,0.590976
94,-1.31888,2.55237,0.543343
94,-1.42057,2.45669,0.308054
94,-1.42335,2.46494,0.289719
94,-1.42065,2.48111,0.301471
94,-1.41868,2.49349,0.284568
94,-1.08606,2.47193,-0.62133
94,-1.43375,2.49789,0.24581
94,-1.44219,2.47706,0.115151
94,-1.43614,2.50942,0.248278
94,-1.44632,2.48765,0.109272
94,-1.43534,2.52173,0.246689
94,-1.45889,2.50158,0.115529
94,-1.14804,2.74502,0.538509
94,-1.37866,2.57513,0.233168
94,-1.44686,2.55975,0.23771
94,-1.47939,2.55033,0.144161
94,-1.45314,2.58311,0.230299
94,-1.4666,2.56403,0.16025
94,-1.48235,2.60031,0.199613
94,-1.49607,2.6076,0.164253
94,-1.15974,2.85241,0.530311
94,-1.50453,2.62281,0.0867668
94,-1.50856,2.63008,0.130453
94,-1.51529,2.65513,0.166465
94,-1.52006,2.65864,0.127966
94,-1.22213,2.79015,0.0021649
94,-1.51366,2.6997,0.188337
94,-1.51739,2.6682,0.040766
94,-1.17527,2.9606,0.459179
94,-1.24979,3.24951,0.51611
94,-0.393607,3.59346,-0.682338
94,-0.325763,3.68119,-0.614902
94,-0.379973,3.70205,-0.573284
94,-1.31475,3.89098,0.489726
94,-1.33904,4.00169,0.479556
94,-1.45769,3.90139,0.171897
94,-1.64137,3.86054,-0.138042
94,-2.63785,3.55879,-0.41444
94,-1.57001,4.22741,-0.00959408
94,-1.45834,4.5111,0.480098
94,-1.25261,4.55861,-0.260565
94,-1.47232,4.67503,0.524288
94,-1.94823,4.46593,-0.0613077
94,-1.68922,4.6361,-0.157392
94,-1.62238,4.82674,0.532292
94,-1.69027,4.72797,-0.090225
94,-1.71514,4.80324,0.00684929
94,-1.81266,4.9608,0.77768
94,-1.57517,4.63763,-1.41596
94,-1.67756,4.66619,-1.11753
94,-1.50397,4.77388,-1.12394
94,-1.84099,5.0298,0.779176
94,-1.68089,5.14045,0.793755
94,-1.43661,5.2503,0.621741
94,-1.39698,4.87705,-1.31
94,-1.83539,5.12907,0.792977
94,-1.75023,5.18712,0.775552
94,-1.92341,5.09819,0.706373
94,-1.61536,4.80551,-1.50077
94,-1.95474,5.16096,0.686496
94,-1.6378,4.98313,-1.12929
94,-1.64809,4.93114,-1.50922
94,-1.60918,5.04019,-1.14282
94,-1.13339,5.36694,-1.07999
94,-1.12816,5.39625,-1.2229
94,-1.05749,5.88703,0.976535
94,-1.43076,5.81097,0.769216
94,-1.31056,5.95994,0.772746
94,-1.08871,5.66036,-1.31835
94,-1.24695,6.03913,0.737871
94,-1.05801,6.75399,0.66786
94,-1.14865,7.54724,0.685872
94,-1.6545,3.9736,0.0402495
91,-1.6545,3.9736,0.0402495
94,-1.26086,3.14896,0.262798
91,-1.26086,3.14896,0.262798
94,-1.6134,4.0423,0.62945
88,-1.6134,4.0423,0.62945
94,-1.62078,4.12571,0.647045
88,-1.62078,4.12571,0.647045
94,-1.66574,4.2123,0.66953
88,-1.66574,4.2123,0.66953
94,-1.28613,4.56818,0.537118
84,-1.28613,4.56818,0.537118
94,-1.23607,2.4397,0.402557
84,-1.23607,2.4397,0.402557
95,-0.99764,1.78072,0.464001
95,-1.14928,1.79389,-0.257793
95,-1.05606,2.12519,0.623661
95,-1.27984,1.91543,-0.192912
95,-1.13618,2.14593,0.389048
95,-1.08654,2.21467,0.624248
95,-1.57256,1.92428,0.00942695
95,-1.12434,2.20905,0.475617
95,-1.15839,2.18439,0.386212
95,-1.42414,2.00836,-0.215711
95,-1.10701,2.2988,0.588687
95,-1.04979,2.2931,0.326298
95,-1.02253,2.34344,0.495487
95,-1.08553,2.33059,0.570594
95,-1.13951,2.31466,0.59268
95,-1.5373,2.02034,-0.188308
95,-1.12275,2.33813,0.591982
95,-1.1909,2.28073,0.375077
95,-1.1241,2.34379,0.580854
95,-1.14246,2.34259,0.587237
95,-1.16131,2.334,0.560256
95,-1.03695,2.37371,0.412943
95,-1.3935,2.12935,-0.249397
95,-1.16868,2.34485,0.501486
95,-1.51824,2.09591,-0.13224
95,-1.14199,2.37769,0.586015
95,-1.042,2.40086,0.398204
95,-1.04422,2.40508,0.429424
95,-1.04368,2.40516,0.413637
95,-1.18344,2.361,0.559064
95,-1.52627,2.11251,-0.220468
95,-1.19903,2.39592,0.567822
95,-1.62124,2.10434,-0.249504
95,-1.18803,2.43552,0.527217
95,-1.23202,2.41856,0.537882
95,-1.20071,2.43975,0.555667
95,-0.941446,2.5792,0.687123
95,-1.21392,2.44705,0.523845
95,-1.24384,2.4108,0.312109
95,-1.23884,2.45909,0.541807
95,-1.26079,2.42757,0.339391
95,-1.26603,2.45436,0.537176
95,-1.26554,2.43083,0.316825
95,-1.27644,2.41828,0.259296
95,-1.85839,2.1044,-0.0669282
95,-1.27863,2.43572,0.267206
95,-1.26424,2.48244,0.545781
95,-1.27648,2.43823,0.258638
95,-1.26684,2.49049,0.540582
95,-1.26895,2.49567,0.553464
95,-1.29617,2.5105,0.584996
95,-1.29721,2.52079,0.623643
95,-1.32025,2.51069,0.61494
95,-1.29252,2.51369,0.539566
95,-1.29442,2.52705,0.625407
95,-1.31641,2.51716,0.612999
95,-1.30102,2.53572,0.624945
95,-1.25627,2.54344,0.520296
95,-1.35529,2.4921,0.28461
95,-1.3841,2.48204,0.306977
95,-1.32276,2.54149,0.518667
95,-1.3485,2.54413,0.603356
95,-1.34898,2.5483,0.560679
95,-1.33604,2.56495,0.613052
95,-1.34709,2.56336,0.571275
95,-1.42675,2.49606,0.303138
95,-1.37747,2.5249,0.298598
95,-1.37854,2.52683,0.313506
95,-1.43604,2.52052,0.273698
95,-1.34374,2.56105,0.0119311
95,-1.45788,2.53346,0.14534
95,-1.45033,2.55636,0.26365
95,-1.45911,2.53732,0.126587
95,-1.44624,2.57507,0.305184
95,-1.45108,2.58887,0.272324
95,-1.45588,2.59947,0.26716
95,-1.46165,2.61798,0.221049
95,-1.48216,2.62725,0.208946
95,-1.48366,2.67152,0.204204
95,-1.51952,2.66909,0.18168
95,-1.47829,2.70406,0.194953
95,-1.50174,2.71888,0.162749
95,-1.53056,2.72935,0.129124
95,-1.52626,2.72391,0.0557191
95,-1.56057,2.82596,0.0965779
95,-1.21709,3.12904,0.559632
95,-1.70266,3.1758,-0.0717141
95,-2.90277,2.801,1.0558
95,-0.423433,3.76676,-0.737541
95,-1.48943,3.39138,-0.01186
95,-0.308935,3.94966,-0.715535
95,-0.382679,3.92413,-0.811154
95,-0.392049,3.95793,-0.671028
95,-0.313698,4.08947,-0.778914
95,-1.58956,3.6494,-0.0254143
95,-0.405021,4.15252,-0.443267
95,-1.68836,3.94177,-0.0666008
95,-1.37098,4.08359,-0.79731
95,-1.98877,3.87799,-0.259255
95,-1.03629,4.47342,0.510205
95,-1.41428,4.16947,-0.854943
95,-1.66867,4.20456,0.060181
95,-1.03414,4.62605,0.716307
95,-1.45057,4.25974,-0.86619
95,-1.76506,4.20154,-0.368536
95,-1.42718,4.31722,-0.917004
95,-1.75056,4.24971,-0.376465
95,-1.79267,4.56953,2.02886
95,-0.093428,5.03885,-0.409147
95,-1.75868,4.27701,-0.397428
95,-1.78972,4.31765,-0.405832
95,-1.80477,4.36836,-0.453756
95,-1.08998,4.99843,0.836699
95,-1.96818,5.04652,2.11605
95,-1.50291,5.53425,2.05386
95,-1.05937,5.44687,-1.25527
95,-1.65896,5.97861,2.03802
95,-1.35883,3.75023,0.448922
93,-1.35883,3.75023,0.448922
95,-1.37084,3.78726,0.445318
93,-1.37084,3.78726,0.445318
95,-2.39154,2.99902,-0.377129
92,-2.39154,2.99902,-0.377129
95,-2.67404,3.54221,-0.565502
92,-2.67404,3.54221,-0.565502
95,-1.77405,6.52081,2.19115
83,-1.77405,6.52081,2.19115
95,-1.07937,5.19174,0.84918
84,-1.07937,5.19174,0.84918
95,-1.90521,5.31464,0.787045
72,-1.90521,5.31464,0.787045
95,-1.38341,6.5879,0.800211
72,-1.38341,6.5879,0.800211
96,-1.12734,1.99718,-0.298224
96,-1.06873,2.11436,-0.28606
96,-1.13314,2.38194,0.62722
96,-1.06436,2.29159,-0.621926
96,-1.14533,2.42366,0.593193
96,-1.27655,2.43992,0.532299
96,-1.29173,2.44263,0.581073
96,-1.22791,2.46685,0.517918
96,-1.25063,2.46465,0.560001
96,-1.24609,2.464,0.532691
96,-1.28159,2.44829,0.527835
96,-1.24877,2.47079,0.544957
96,-1.29918,2.46086,0.612071
96,-1.2441,2.37255,-0.292688
96,-1.29818,2.4646,0.588271
96,-1.28221,2.47146,0.57991
96,-1.29954,2.46373,0.581412
96,-1.27236,2.47948,0.581801
96,-1.22498,2.50016,0.54634
96,-1.29771,2.46597,0.545479
96,-1.30049,2.46884,0.540313
96,-1.26495,2.38004,-0.306724
96,-1.58871,2.23284,-0.294414
96,-1.30056,2.4907,0.53957
96,-1.35429,2.44853,0.343212
96,-1.49158,2.31113,-0.284159
96,-1.35949,2.46156,0.345866
96,-1.39034,2.44342,0.290917
96,-1.407,2.43606,0.290673
96,-1.29193,2.49183,0.283462
96,-1.40155,2.4512,0.297125
96,-1.34574,2.48043,0.290558
96,-1.54204,2.31427,-0.282991
96,-1.59988,2.29148,-0.284911
96,-1.40411,2.46037,0.229793
96,-1.41789,2.46542,0.213625
96,-1.34832,2.50076,0.206777
96,-1.4075,2.48585,0.277523
96,-1.42577,2.46141,0.155311
96,-1.33934,2.51728,0.231807
96,-1.39868,2.49343,0.235874
96,-1.41852,2.49892,0.285607
96,-1.39505,2.50073,0.183251
96,-1.05005,2.56392,-0.699655
96,-1.3645,2.54761,0.24327
96,-1.44222,2.53482,0.144527
96,-1.4441,2.53599,0.0894304
96,-1.45528,2.60392,0.086126
96,-1.52664,2.74294,0.0186201
96,-0.423901,3.5535,-0.663347
96,-0.268852,3.63064,-0.700611
96,-0.323396,3.62265,-0.621666
96,-0.395102,3.60825,-0.685827
96,-0.406824,3.74137,-0.32984
96,-1.90089,3.12246,-0.513293
96,-3.15417,2.80312,1.19199
96,-2.36851,3.09421,-0.386567
96,-2.02845,3.29554,-0.578363
96,-2.999,3.10285,1.01796
96,-1.6281,3.79637,-0.0496336
96,-2.20446,3.50912,-0.599909
96,-1.41805,4.03957,0.476763
96,-2.72538,3.31112,-0.405544
96,-2.1377,3.57727,-0.552816
96,-1.66913,3.95083,-0.0523797
96,-2.81637,3.84689,-0.467758
96,-1.67976,4.4804,-1.13021
96,-1.59726,4.99777,1.94088
96,-1.76979,4.91284,1.8249
96,-1.64413,5.01603,2.02584
96,-1.54059,4.87413,0.459266
96,-1.71518,4.99697,1.91502
96,-1.50219,4.71542,-1.0248
96,-1.88444,4.61848,-0.412124
96,-1.68984,5.05357,1.92609
96,-1.96166,4.99795,1.9402
96,-1.57198,4.83589,-1.06973
96,-1.72818,5.05459,0.62992
96,-1.5426,5.30909,0.754909
96,-2.00516,5.2593,1.91938
96,-2.50573,5.26841,2.18682
96,-1.16354,5.53322,-1.31513
96,-1.15732,5.57087,-1.31922
96,-2.68835,5.32277,2.24977
96,-1.94563,5.55745,0.818837
96,-1.036,6.06966,1.00675
96,-1.96231,5.62074,0.784286
96,-1.0862,5.85724,-1.3951
96,-1.63467,6.09486,2.30597
96,-1.20221,5.82876,-1.39647
96,-1.68396,6.15851,2.05474
96,-2.01671,5.92612,0.828702
96,-1.16027,6.19571,-1.50091
96,-1.32984,2.7784,0.383616
94,-1.32984,2.7784,0.383616
96,-1.53599,3.38235,0.294583
94,-1.53599,3.38235,0.294583
96,-1.29117,2.66245,0.385098
94,-1.29117,2.66245,0.385098
96,-1.26988,2.58119,0.391155
94,-1.26988,2.58119,0.391155
96,-1.33641,3.63962,0.555906
94,-1.33641,3.63962,0.555906
96,-1.13391,2.74079,0.386466
94,-1.13391,2.74079,0.386466
96,-1.67008,3.50921,0.269453
94,-1.67008,3.50921,0.269453
96,-1.09524,2.37761,0.559431
94,-1.09524,2.37761,0.559431
96,-1.63703,2.22492,-0.335583
95,-1.63703,2.22492,-0.335583
96,-1.07464,2.43487,0.269249
95,-1.07464,2.43487,0.269249
96,-1.31029,2.58762,0.26298
95,-1.31029,2.58762,0.26298
96,-1.13808,2.30892,0.593413
95,-1.13808,2.30892,0.593413
96,-1.85565,4.67846,0.716057
95,-1.85565,4.67846,0.716057
96,-1.13808,2.30892,0.593413
95,-1.13808,2.30892,0.593413
96,-1.33919,2.53226,0.00865411
92,-1.33919,2.53226,0.00865411
96,-0.983918,2.30053,0.549336
84,-0.983918,2.30053,0.549336
96,-1.76906,4.34035,-0.0340036
72,-1.76906,4.34035,-0.0340036
96,-1.7487,2.72163,-0.339514
91,-1.7487,2.72163,-0.339514
97,-1.12154,1.9914,-0.277532
97,-1.12615,2.00197,-0.283597
97,-1.38012,2.38311,0.333429
97,-1.378,2.37988,0.297661
97,-1.3712,2.40913,0.332481
97,-1.36784,2.40299,0.296683
97,-1.34375,2.43902,0.331972
97,-1.34356,2.43973,0.313721
97,-1.37773,2.41186,0.21873
97,-1.38242,2.43875,0.287848
97,-1.3751,2.42594,0.146922
97,-1.37147,2.51725,0.153956
97,-1.09219,2.81757,0.481897
97,-0.645775,2.65328,-1.21322
97,-0.359993,3.46061,-0.688056
97,-0.385676,3.46314,-0.644303
97,-0.389067,3.50638,-0.633509
97,-0.256653,3.56114,-0.688578
97,-3.37284,3.32462,1.10992
97,-1.73547,4.03842,0.0188129
97,-3.56082,3.54586,1.21521
97,-1.49215,4.77478,0.47505
97,-1.67662,5.088,0.482653
97,-1.00846,5.66482,0.934213
97,-2.06052,5.70482,-1.01058
97,-1.23286,4.07433,-1.04268
94,-1.23286,4.07433,-1.04268
97,-2.83256,2.43896,0.967613
94,-2.83256,2.43896,0.967613
97,-1.32761,4.60123,-1.23212
92,-1.32761,4.60123,-1.23212
97,-1.57589,5.12817,-1.30749
88,-1.57589,5.12817,-1.30749
97,-1.39174,4.93898,-1.404
91,-1.39174,4.93898,-1.404
98,-1.13925,1.93097,-0.317663
98,-1.10434,1.98588,-0.280951
98,-1.12595,1.99591,-0.27
98,-1.05198,2.05633,-0.309552
98,-1.13255,2.05615,-0.261243
98,-1.04933,2.14916,-0.317393
98,-1.16176,1.82552,-1.11486
98,-1.03487,2.19427,-0.537758
98,-1.0303,2.20262,-0.54544
98,-1.04001,2.20572,-0.5483
98,-1.37545,2.36345,0.320086
98,-0.37378,2.28525,-1.3155
98,-1.37004,2.38022,0.301745
98,-1.36404,2.38494,0.30176
98,-1.03969,2.23734,-0.586713
98,-1.32744,2.3984,0.237734
98,-1.38235,2.39266,0.173462
98,-1.38902,2.40608,0.204081
98,-1.3639,2.41958,0.200111
98,-1.06142,2.28109,-0.625176
98,-1.35721,2.4194,0.172198
98,-1.24234,2.32028,-0.285744
98,-1.383,2.4021,0.141195
98,-1.04212,2.15799,-1.05304
98,-1.37512,2.43013,0.192255
98,-1.6144,2.13536,-0.363523
98,-1.28386,2.49492,0.213723
98,-1.29182,2.48873,0.181333
98,-1.35836,2.45172,0.137144
98,-1.04454,2.3461,-0.655184
98,-1.06528,2.19637,-1.08883
98,-1.25468,2.41053,-0.262422
98,-1.06968,2.15588,-1.25875
98,-1.26364,2.41853,-0.26532
98,-1.0239,2.19801,-1.24391
98,-1.09843,2.25584,-0.989731
98,-1.08639,2.24376,-1.06457
98,-1.05609,2.3955,-0.734452
98,-1.09852,2.31257,-1.02545
98,-1.3434,2.45382,-0.306863
98,-1.0658,2.4508,-0.712647
98,-1.04723,2.54611,-0.713788
98,-1.0732,2.42075,-1.09452
98,-1.07816,2.43877,-1.11442
98,-1.07069,2.58952,-0.752147
98,-1.03711,2.61024,-0.757645
98,-1.10137,2.54037,-1.17727
98,-0.04796,3.07875,-1.08032
98,-1.1129,2.58762,-1.25321
98,-1.59372,2.78812,-0.0241045
98,-1.13806,2.64489,-1.28529
98,-1.05684,2.66398,-1.44336
98,-1.00175,2.74199,-1.44991
98,-0.376016,3.4489,-0.646046
98,-0.244126,3.51487,-0.674649
98,-1.68796,3.06627,-0.114146
98,-0.395455,3.56646,-0.561159
98,-0.378674,3.62915,-0.514065
98,-2.01684,3.22692,-0.491929
98,-2.1002,3.25366,-0.428121
98,-3.10209,3.17787,-0.298862
98,-3.12595,3.32209,-0.297582
98,-1.34103,4.63423,0.410467
98,-1.64135,4.78153,-1.24684
98,-1.75326,4.83238,-1.09837
98,-1.64392,4.96254,-1.07676
98,-1.13085,5.23383,-1.04316
98,-1.65838,4.90096,-1.48535
98,-1.13454,5.31462,-1.16064
98,-1.66154,5.13659,-1.09002
98,-1.69719,5.10569,-1.14351
98,-1.70335,5.10596,-1.16332
98,-1.68483,5.13634,-1.12707
98,-1.64255,5.10759,-1.29527
98,-1.13765,5.37387,-1.24257
98,-1.62135,5.20399,-1.52617
98,-1.17233,6.26129,-1.49457
98,-1.97066,5.58548,0.795843
96,-1.97066,5.58548,0.795843
98,-1.17186,2.58433,0.571637
96,-1.17186,2.58433,0.571637
98,-1.39561,2.72894,0.353924
92,-1.39561,2.72894,0.353924
98,-1.51042,5.57403,-1.68222
91,-1.51042,5.57403,-1.68222
98,-1.45178,3.04505,0.28932
88,-1.45178,3.04505,0.28932
98,0.0687239,3.32061,-1.21948
66,0.0687239,3.32061,-1.21948
99,-1.54259,1.07392,-1.20109
99,-0.35507,1.71552,-1.16328
99,0.118751,1.98187,-1.34331
99,-1.10664,1.90969,-0.288535
99,-0.282312,1.91092,-1.35834
99,-0.275674,1.90482,-1.39862
99,-0.189467,1.9723,-1.36971
99,-1.05901,2.05894,-0.321392
99,-1.24843,2.04131,-0.322926
99,-1.02664,2.17986,-0.480588
99,-1.37256,2.38081,0.28788
99,-1.21066,2.38555,0.124609
99,-1.09614,1.99882,-1.1025
99,-1.6089,2.12379,-0.351473
99,-1.03978,2.2845,-0.645205
99,-1.11113,2.04764,-1.14287
99,-1.04977,2.32052,-0.712776
99,-1.05309,2.34485,-0.726025
99,-1.13263,2.10062,-1.19424
99,-1.05549,2.09356,-1.43096
99,-1.03664,2.07825,-1.5033
99,-1.09553,2.28365,-1.02858
99,-1.06967,2.28119,-1.0943
99,-1.38637,2.51546,-0.284178
99,-1.06613,2.52599,-0.721989
99,-0.395029,2.50989,-1.51807
99,-1.07783,2.41781,-1.12487
99,-1.07458,2.63082,-0.792869
99,-1.07576,2.36527,-1.36791
99,-1.07407,2.6945,-0.815518
99,-0.366129,3.3986,-0.672254
99,-0.38498,3.4477,-0.63912
99,-0.37789,3.48751,-0.64905
99,-0.38455,3.60542,-0.559256
99,-1.90028,4.00025,-0.187092
99,-1.93218,4.94259,-0.203337
99,-1.10059,4.32884,-2.37986
99,-1.74371,4.85321,-1.22382
99,-1.76368,4.89685,-1.20323
99,-1.67069,4.96288,-1.28787
99,-1.90939,5.14955,-0.896353
99,-1.60736,5.12446,-1.32373
99,-1.15582,5.53747,-1.20175
99,-1.14977,5.50329,-1.28245
99,-1.14542,5.53654,-1.28402
99,-1.18806,5.79079,-1.42948
99,-1.18786,6.40862,-1.52482
99,-1.38122,2.91867,0.191307
92,-1.38122,2.91867,0.191307
99,-3.21856,3.08722,-0.258403
91,-3.21856,3.08722,-0.258403
99,-1.49152,3.3819,-0.154662
96,-1.49152,3.3819,-0.154662
99,-2.24903,4.42098,-0.327246
96,-2.24903,4.42098,-0.327246
99,-1.28165,3.23218,-0.663832
97,-1.28165,3.23218,-0.663832
99,-1.92861,5.2185,-0.958085
88,-1.92861,5.2185,-0.958085
100,0.124918,1.4492,-1.1829
100,-0.223253,1.33419,-1.26508
100,-0.411276,1.25538,-1.26333
100,-0.622271,1.19054,-1.2123
100,-0.621608,1.18992,-1.21798
100,-0.245087,1.36157,-1.23441
100,-0.228307,1.36429,-1.26493
100,-0.625907,1.2262,-1.24935
100,-0.814658,1.14759,-1.23345
100,-0.41915,1.30182,-1.30006
100,-0.440124,1.31815,-1.26716
100,-0.80322,1.13858,-1.28716
100,-0.814947,1.162,-1.25276
100,-0.371268,1.38479,-1.24494
100,-0.426543,1.32942,-1.3249
100,0.0487246,1.59824,-1.25282
100,-0.381488,1.44874,-1.18624
100,-0.340813,1.45072,-1.22226
100,-0.362191,1.41498,-1.27396
100,-0.819209,1.18502,-1.32393
100,-0.360417,1.42571,-1.28252
100,-0.343076,1.46177,-1.2446
100,-1.19471,1.02902,-1.31431
100,-0.830872,1.20929,-1.30097
100,-0.237165,1.52847,-1.24199
100,-0.413513,1.49197,-1.16496
100,-0.448038,1.44012,-1.23416
100,-0.243242,1.53211,-1.24895
100,-0.408851,1.51437,-1.19255
100,-0.233518,1.55267,-1.27439
100,-0.414533,1.50129,-1.22514
100,-0.565723,1.57526,-1.2131
100,-0.573366,1.59948,-1.2381
100,-0.57792,1.64189,-1.20373
100,-0.588756,1.65371,-1.24094
100,-0.592549,1.68249,-1.25013
100,-0.787418,1.78478,-1.24724
100,-1.13144,1.74842,-1.08072
100,-1.13553,1.75767,-1.08708
100,-1.14144,1.77916,-1.07339
100,-1.14298,1.79292,-1.09705
100,-1.03196,2.17806,-0.537002
100,-1.16227,1.81131,-1.13595
100,-0.959872,1.84967,-1.33672
100,-0.969002,1.89033,-1.2865
100,-0.947863,2.31026,-0.583173
100,-1.0453,2.08056,-1.09285
100,-0.952388,2.40205,-0.633207
100,-1.0285,2.04316,-1.20004
100,-1.01889,2.39513,-0.652941
100,-1.01093,2.40506,-0.665063
100,-1.06786,2.09337,-1.19642
100,-0.99529,2.42667,-0.690161
100,-0.99941,2.13265,-1.21099
100,-1.04327,2.07778,-1.27232
100,-1.07302,2.2557,-1.05291
100,-1.05826,2.12486,-1.32745
100,-1.06389,2.12842,-1.3288
100,-1.05859,2.29846,-1.30452
100,-1.47931,2.73582,-0.31968
100,-1.08397,2.4093,-1.23353
100,-1.08864,2.42487,-1.24741
100,-1.54058,2.82439,-0.343012
100,-0.976368,2.52141,-1.34954
100,-0.996309,2.51232,-1.35023
100,-0.936436,2.52419,-1.41704
100,-0.986475,2.56082,-1.38072
100,-0.965217,2.58323,-1.38669
100,-0.94012,2.56738,-1.44961
100,-1.58395,2.96158,-0.354817
100,-0.120443,3.48534,-0.683586
100,-0.256342,3.49761,-0.678437
100,-0.805099,2.84898,-1.48267
100,-0.402943,3.52052,-0.646562
100,-0.800571,2.85299,-1.48903
100,-0.330093,3.57802,-0.620695
100,-0.437844,3.47278,-0.72994
100,-0.811351,2.87115,-1.4795
100,-0.907246,2.85459,-1.49694
100,-0.378562,3.65647,-0.556038
100,-0.447398,3.61101,-0.770566
100,-2.13323,3.27227,-0.439434
100,-1.45815,4.37681,-1.18756
100,-1.62429,4.82238,-1.05281
100,-1.61543,4.84462,-1.03769
100,-1.39991,4.86721,-1.31323
100,-1.73305,4.80706,-1.1617
100,-1.39683,4.87271,-1.35193
100,-1.16484,5.58276,-1.23946
100,-1.21111,5.77,-1.35094
100,-1.20312,5.90587,-1.43179
100,-1.1757,6.12727,-1.45045
100,-1.31857,3.82222,-1.12001
69,-1.31857,3.82222,-1.12001
100,-0.113498,3.24667,-0.710449
69,-0.113498,3.24667,-0.710449
101,-0.86666,0.527013,-1.19918
101,-0.885333,0.584385,-1.19314
101,-0.872648,0.584883,-1.22472
101,0.190657,1.10413,-1.21197
101,-0.2448,0.882064,-1.2518
101,-0.240913,0.947265,-1.24184
101,-0.342435,0.917707,-1.21874
101,-0.328411,0.92534,-1.21941
101,-0.26184,0.970627,-1.20895
101,-0.317544,0.910376,-1.25981
101,-0.336132,0.926044,-1.23802
101,-0.262409,0.974833,-1.21826
101,-0.330733,0.926046,-1.24492
101,-0.324521,0.915353,-1.26928
101,-0.868571,0.642564,-1.30115
101,-0.181243,1.04216,-1.21848
101,-0.17387,1.03836,-1.23875
101,-0.194881,1.05686,-1.20371
101,-0.194167,1.07805,-1.23489
101,0.0542035,1.22496,-1.25803
101,0.0331952,1.25497,-1.23867
101,-0.109463,1.24852,-1.20181
101,-0.0896655,1.24662,-1.23048
101,-0.109941,1.26445,-1.21289
101,-0.0852433,1.28769,-1.27172
101,0.167694,1.41789,-1.27466
101,-0.221351,1.31512,-1.22987
101,-0.227912,1.3369,-1.21795
101,-0.402111,1.24729,-1.23634
101,-0.230354,1.32282,-1.24413
101,0.133632,1.51458,-1.2307
101,-0.60442,1.18375,-1.25008
101,-0.610768,1.19625,-1.22932
101,-0.224418,1.35947,-1.25318
101,-0.784364,1.11152,-1.25523
101,-0.786008,1.11596,-1.24782
101,-0.620617,1.21069,-1.22865
101,-0.239693,1.3729,-1.25086
101,-0.600973,1.19621,-1.26513
101,-0.797316,1.1202,-1.24486
101,-0.797562,1.13814,-1.2239
101,-0.79953,1.1436,-1.21977
101,-0.982693,1.063,-1.2585
101,-0.989059,1.07523,-1.23684
101,-0.431562,1.32276,-1.25688
101,-0.990389,1.04962,-1.28526
101,-0.996392,1.08426,-1.23868
101,-0.995736,1.0905,-1.24351
101,-0.361251,1.39642,-1.23475
101,-1.00439,1.09229,-1.25725
101,-0.43525,1.33307,-1.29762
101,-0.336516,1.43805,-1.22141
101,-0.344863,1.44102,-1.21399
101,-0.363499,1.40017,-1.26091
101,-0.44128,1.35808,-1.29393
101,0.0375966,1.63747,-1.25019
101,-0.395427,1.45991,-1.22302
101,-0.456482,1.43887,-1.21593
101,-0.394656,1.45272,-1.24134
101,-0.414796,1.45979,-1.24526
101,-0.448439,1.45519,-1.24039
101,-0.412045,1.4613,-1.26748
101,-0.495947,1.44873,-1.23911
101,-0.402465,1.49017,-1.24357
101,-0.435244,1.48515,-1.22908
101,-0.394788,1.5347,-1.1868
101,0.113252,1.76406,-1.21795
101,-0.437296,1.50411,-1.23705
101,-0.438767,1.51662,-1.23895
101,-0.446582,1.50674,-1.25602
101,-0.46811,1.48976,-1.26925
101,-0.0969319,1.63594,-1.30795
101,-0.457237,1.52992,-1.22439
101,-0.119273,1.65443,-1.27742
101,-0.0896337,1.66709,-1.32659
101,-0.11246,1.70388,-1.32103
101,-0.562571,1.6374,-1.18584
101,-0.571642,1.60956,-1.25319
101,-0.571131,1.64526,-1.20452
101,-0.568176,1.62567,-1.24817
101,0.181244,1.97903,-1.2387
101,-0.569952,1.65762,-1.21044
101,-0.577616,1.64906,-1.22841
101,-0.169055,1.83989,-1.31192
101,-0.167615,1.84587,-1.3067
101,-0.249452,1.82545,-1.29504
101,-0.585738,1.69222,-1.26849
101,-0.177911,1.86936,-1.29127
101,-0.2582,1.83774,-1.29798
101,-0.254003,1.8323,-1.31521
101,-0.748386,1.71938,-1.27286
101,-0.760311,1.74662,-1.23114
101,-0.764644,1.74743,-1.22825
101,-0.764443,1.75536,-1.23627
101,-0.751139,1.72994,-1.28301
101,-1.12177,1.77656,-1.09126
101,-1.14292,1.78568,-1.08008
101,-1.214,1.74302,-1.09714
101,-1.14803,1.8054,-1.09929
101,-0.351138,2.15608,-1.29283
101,-1.12816,1.89103,-1.16352
101,-1.02351,2.30012,-0.639728
101,-1.03211,2.30651,-0.703046
101,-0.993899,2.13337,-1.19739
101,-1.05963,2.22246,-1.03157
101,-1.05438,2.18392,-1.0932
101,-1.05178,2.50273,-0.696182
101,-1.03254,2.52176,-0.698811
101,-1.09871,2.28351,-1.01334
101,-1.07118,2.14083,-1.24803
101,-1.08511,2.2522,-1.157
101,-1.01895,2.21271,-1.2592
101,-1.04734,2.2526,-1.29548
101,-0.618516,2.61686,-1.23187
101,-2.64714,2.3768,-0.289527
101,-0.953728,2.47889,-1.31509
101,-0.927981,2.51817,-1.30627
101,-2.74434,2.40685,-0.303566
101,-0.890762,2.66363,-1.26396
101,-0.099585,3.39858,-0.747328
101,-0.252217,3.49431,-0.663239
101,-0.423711,3.44069,-0.733345
101,-0.378627,3.65186,-0.544912
101,-0.437274,3.56784,-0.750249
101,-1.59055,4.58886,-1.23169
101,-1.37067,4.7368,-1.28097
101,-1.51638,4.74793,-1.17891
101,-1.62505,4.91666,-1.06675
101,-1.69471,5.06612,-1.12562
101,-1.15214,5.57116,-1.2859
101,-1.20964,5.78173,-1.35559
101,-1.16455,6.0884,-1.42713
101,-0.355395,2.10415,-1.2396
64,-0.355395,2.10415,-1.2396
101,-0.933113,2.45266,-1.2178
68,-0.933113,2.45266,-1.2178
101,-0.759786,2.13341,-1.09222
65,-0.759786,2.13341,-1.09222
101,-4.93385,7.71652,-1.22301
69,-4.93385,7.71652,-1.22301
101,-1.15317,5.40516,-1.11016
66,-1.15317,5.40516,-1.11016
102,-0.475613,0.318881,-1.1828
102,0.105139,0.572659,-1.19719
102,-0.474812,0.317713,-1.19381
102,-0.461177,0.311637,-1.20854
102,-0.809459,0.289219,-1.15126
102,-0.83961,0.303177,-1.17123
102,-0.168922,0.655288,-1.11253
102,-0.186772,0.670972,-1.11493
102,-0.171657,0.6676,-1.12853
102,-0.853939,0.323943,-1.1731
102,-0.926184,0.348618,-1.14657
102,-0.361204,0.457824,-1.31549
102,0.160031,0.809376,-1.18944
102,-0.190642,0.649972,-1.19656
102,-0.182207,0.651816,-1.20561
102,-0.947846,0.316331,-1.21457
102,0.166387,0.823145,-1.21066
102,-0.372979,0.481348,-1.34337
102,-0.956923,0.262294,-1.299
102,-0.188204,0.671407,-1.22483
102,-0.854464,0.478298,-1.1244
102,-0.873419,0.495366,-1.12837
102,0.320383,1.04436,-1.12046
102,-0.244553,0.712868,-1.22008
102,-0.218587,0.733842,-1.2166
102,-0.218007,0.744915,-1.21785
102,-0.332851,0.699127,-1.21726
102,-1.06517,0.330758,-1.30241
102,-0.855558,0.509523,-1.20611
102,-0.34376,0.72258,-1.25876
102,-0.350112,0.676383,-1.31416
102,0.319761,1.05578,-1.23239
102,-0.223982,0.862238,-1.18234
102,-0.340226,0.723826,-1.29289
102,-0.311058,0.741561,-1.29658
102,-0.254604,0.777341,-1.2878
102,-0.338805,0.700666,-1.33549
102,-0.248555,0.786655,-1.28338
102,-0.229658,0.856707,-1.21805
102,-0.227255,0.848258,-1.23097
102,0.242472,1.03405,-1.25983
102,-0.345049,0.695717,-1.34771
102,-0.258876,0.873772,-1.19884
102,-0.270549,0.890552,-1.18036
102,-0.256948,0.791784,-1.30233
102,0.3024,1.17049,-1.16139
102,-0.23504,0.874222,-1.22882
102,-0.223604,0.893388,-1.21467
102,-0.346665,0.759312,-1.30814
102,-0.880207,0.597725,-1.22484
102,0.111884,1.03825,-1.23693
102,-0.229222,0.916369,-1.20183
102,-0.267995,0.887093,-1.21716
102,0.17195,1.10477,-1.20136
102,-0.309036,0.877809,-1.22294
102,-0.240402,0.926296,-1.20777
102,-0.268241,0.902,-1.22665
102,-0.271721,0.922286,-1.20789
102,0.322305,1.23577,-1.15577
102,-0.327586,0.905254,-1.20149
102,0.26274,1.08923,-1.30219
102,-0.262544,0.955699,-1.1897
102,-0.25802,0.953531,-1.19695
102,-0.911338,1.04326,-0.75848
102,-0.465492,0.943499,-1.11461
102,-0.309922,0.902874,-1.243
102,-0.251009,0.960379,-1.20956
102,-0.464049,0.947636,-1.11571
102,0.184597,1.142,-1.23269
102,-0.474614,0.970192,-1.09365
102,-0.925815,1.05381,-0.764686
102,-0.327596,0.925416,-1.22717
102,-0.267104,0.948429,-1.2335
102,-0.355492,0.925618,-1.25795
102,-0.317545,0.937205,-1.26482
102,0.211678,1.22286,-1.21709
102,-0.200865,1.05297,-1.20594
102,-0.193981,1.04078,-1.22642
102,-0.472932,0.988328,-1.14768
102,-0.35051,0.919165,-1.29249
102,-0.357621,0.933323,-1.27394
102,-0.190895,1.06299,-1.21059
102,-0.190261,1.04704,-1.23259
102,-0.195258,1.06607,-1.21271
102,0.200416,1.22755,-1.23536
102,-0.351927,0.937607,-1.30591
102,-0.349052,0.977729,-1.31303
102,-0.902082,0.678357,-1.3755
102,-0.502026,1.04551,-1.1678
102,-0.372289,0.983218,-1.32084
102,-0.48696,1.03797,-1.20223
102,-0.108833,1.28722,-1.16563
102,-0.0611247,1.28556,-1.21165
102,-0.0877174,1.25626,-1.23248
102,0.167646,1.39278,-1.26997
102,0.173975,1.4154,-1.27012
102,-0.527227,1.13077,-1.26469
102,-0.554731,1.10045,-1.28611
102,0.0417717,1.33045,-1.33197
102,0.326881,1.56379,-1.2202
102,-0.407866,1.24227,-1.23591
102,-0.407259,1.24683,-1.23692
102,-0.59378,1.17215,-1.24359
102,-0.0561772,1.38977,-1.27203
102,-1.32488,0.901128,-1.18173
102,-0.412094,1.26245,-1.23691
102,-0.597169,1.17869,-1.24854
102,-0.61047,1.19194,-1.23004
102,-0.613561,1.1986,-1.2244
102,-0.790649,1.13155,-1.21539
102,-0.424026,1.29406,-1.23517
102,-0.796552,1.13936,-1.22705
102,-0.78898,1.12484,-1.2492
102,-0.385063,1.43747,-1.11331
102,-0.969012,1.05716,-1.25218
102,-0.980439,1.0792,-1.22295
102,-0.579037,1.17373,-1.32339
102,-0.29626,1.41098,-1.19776
102,-0.55131,1.17965,-1.33396
102,-0.39121,1.4469,-1.10852
102,-0.4248,1.30988,-1.25037
102,-0.969027,1.0536,-1.26573
102,-0.808667,1.14756,-1.24177
102,-0.430003,1.31724,-1.24347
102,-0.975334,1.06567,-1.25314
102,-0.574976,1.16939,-1.34849
102,-0.376603,1.45333,-1.12451
102,-0.298026,1.46276,-1.17074
102,-0.299264,1.46298,-1.18864
102,-0.310381,1.46013,-1.18903
102,-0.308507,1.47856,-1.1815
102,-1.19819,1.05442,-1.26985
102,-0.414201,1.50163,-1.16558
102,-1.20783,1.07164,-1.28634
102,-1.20084,1.05752,-1.31081
102,-0.233665,1.55211,-1.2556
102,-0.460881,1.5443,-1.19883
102,-0.609313,1.27187,-1.46278
102,-0.450348,1.45511,-1.38299
102,-0.614006,1.30896,-1.50631
102,-0.552919,1.64731,-1.24902
102,0.190102,1.97836,-1.25203
102,-0.015185,1.72956,-1.44827
102,-0.527293,1.59921,-1.34831
102,-0.523946,1.60104,-1.3506
102,-0.53128,1.61799,-1.35203
102,-0.269439,1.78128,-1.30705
102,-0.75453,1.67616,-1.20597
102,-0.275331,1.78186,-1.33245
102,-0.4729,1.70659,-1.32605
102,-0.591357,1.68777,-1.30176
102,-0.5901,1.69503,-1.31494
102,-0.598227,1.72781,-1.27493
102,-0.588245,1.69312,-1.3241
102,-0.527543,1.65952,-1.39646
102,-0.75701,1.6928,-1.24251
102,-0.610934,1.71204,-1.29795
102,-0.594671,1.74616,-1.28546
102,-0.171716,1.88353,-1.34614
102,-0.597111,1.72751,-1.32194
102,-0.176584,1.90443,-1.34262
102,-0.00360474,1.80597,-1.5463
102,-0.764376,1.7415,-1.23552
102,-0.102229,1.87078,-1.45054
102,-0.263338,1.89933,-1.33823
102,-0.190589,1.92658,-1.35465
102,-0.760563,1.74197,-1.27382
102,-0.603123,1.77431,-1.33483
102,0.00869594,1.83786,-1.58002
102,-0.630575,1.76791,-1.33188
102,-0.279189,2.02669,-1.30352
102,-0.69397,1.53499,-1.67407
102,-1.16347,1.82059,-1.11205
102,-0.264689,2.0901,-1.34275
102,-1.15737,1.9141,-1.16993
102,-1.03652,2.06012,-1.17841
102,-1.04065,2.09964,-1.13466
102,-1.30828,1.91151,-1.22249
102,-1.27619,1.9012,-1.25599
102,-1.04781,2.18669,-1.09705
102,-0.346062,2.64938,-0.93163
102,-0.373139,2.29918,-1.33346
102,-0.369868,2.33314,-1.38617
102,-0.300162,2.32327,-1.4683
102,-1.08876,2.26814,-1.14636
102,-1.08836,2.16683,-1.26579
102,-1.02419,2.22937,-1.27165
102,-0.0285055,2.90248,-1.03468
102,-1.13707,2.37661,-1.08675
102,-1.11066,2.34586,-1.19109
102,-0.690466,2.58377,-1.14816
102,-0.526866,2.53848,-1.29631
102,-0.626368,2.59977,-1.23871
102,-1.07717,2.36655,-1.3415
102,-1.10027,2.51101,-1.19478
102,-0.404427,2.56124,-1.50747
102,-0.41242,3.29451,-0.662746
102,-0.27479,3.37994,-0.641589
102,-1.12257,2.31783,-1.4349
102,-0.373747,3.37367,-0.650133
102,-1.50674,2.19688,-1.44147
102,-0.496924,2.6561,-1.45703
102,-1.14233,2.36515,-1.4682
102,-0.141392,3.5049,-0.675114
102,-0.109551,3.44871,-0.764325
102,-0.587107,2.70618,-1.38308
102,0.0598325,3.19473,-1.16347
102,-0.277319,3.49567,-0.665875
102,-0.139661,3.54023,-0.706494
102,-1.12883,2.64142,-1.35223
102,-0.664308,2.85068,-1.39517
102,-0.976812,2.67634,-1.44563
102,-1.13158,2.68672,-1.37655
102,-1.01432,2.75509,-1.3601
102,-0.591675,2.86377,-1.47999
102,-0.598705,2.87324,-1.47728
102,-1.0233,2.82792,-1.40262
102,-1.19101,2.49393,-1.71024
102,-1.04608,2.78626,-1.4583
102,-1.06935,2.79143,-1.4797
102,-1.04611,2.88685,-1.41711
102,-1.21071,2.54692,-1.74024
102,-1.05515,2.91674,-1.42704
102,-1.07318,2.84221,-1.51039
102,-0.968917,2.98408,-1.43621
102,-0.795669,3.09402,-1.41977
102,-0.815179,3.19161,-1.49083
102,-0.817653,3.22487,-1.47764
102,-0.993337,3.09815,-1.60538
102,-0.90958,3.27449,-1.65654
102,-0.873918,3.51409,-1.61775
102,-0.975948,3.66045,-1.85088
102,-2.1652,3.46031,-2.28026
102,-0.738835,5.18177,-1.14578
102,-1.18919,4.38039,-2.2134
102,-1.13762,5.38381,-1.25352
102,-1.6096,5.16953,-1.31248
102,-1.48006,5.18482,-1.4401
102,-1.84808,5.18629,-1.30909
102,-1.15479,5.61374,-1.31955
102,-1.69301,5.40043,-1.56374
102,-1.82487,5.52519,-1.61981
102,-1.20649,6.3278,-1.49449
102,-1.11564,2.37116,-1.1589
91,-1.11564,2.37116,-1.1589
103,-0.282685,0.104546,-1.18279
103,-0.269969,0.111898,-1.19644
103,-0.277486,0.108256,-1.19784
103,-0.141568,0.184403,-1.17592
103,-0.143952,0.181888,-1.18818
103,-0.636586,-0.0207304,-1.21226
103,-0.177951,0.246365,-1.16869
103,-0.555645,0.157334,-1.20801
103,-0.553477,0.165448,-1.21722
103,-0.563722,0.155097,-1.22502
103,0.291171,0.495572,-1.1986
103,0.284633,0.489743,-1.20288
103,0.290122,0.511783,-1.19909
103,-0.398576,0.266848,-1.20522
103,-0.398637,0.266989,-1.20546
103,-0.425562,0.275035,-1.19661
103,-0.115224,0.325772,-1.26845
103,-0.121206,0.336627,-1.27253
103,-0.411481,0.328776,-1.19908
103,-0.423066,0.295253,-1.23475
103,-0.466795,0.329655,-1.20189
103,-0.466145,0.336487,-1.20074
103,-0.471303,0.336234,-1.21885
103,-0.481661,0.411864,-1.1601
103,0.229782,0.649888,-1.19458
103,-0.35946,0.436276,-1.21598
103,0.104804,0.612871,-1.22273
103,0.231864,0.668337,-1.22184
103,0.113411,0.634209,-1.21412
103,-0.370481,0.440679,-1.23487
103,0.246242,0.686292,-1.21598
103,-0.379171,0.446134,-1.23381
103,-0.382138,0.438196,-1.24147
103,-0.484155,0.45249,-1.19848
103,-0.484913,0.457238,-1.19877
103,-0.18706,0.725624,-1.16549
103,-0.249485,0.686641,-1.18695
103,-0.196581,0.69421,-1.21191
103,-0.201147,0.697046,-1.218
103,-0.185579,0.705791,-1.21661
103,-0.205621,0.726071,-1.19285
103,-0.186083,0.736752,-1.19075
103,-0.205225,0.728844,-1.19347
103,-0.336697,0.675228,-1.20486
103,-0.329544,0.690835,-1.19279
103,-0.189244,0.74031,-1.19451
103,-0.336411,0.675343,-1.20669
103,-0.333103,0.692775,-1.19319
103,-0.337684,0.672821,-1.21433
103,-0.235976,0.724898,-1.20011
103,-0.177303,0.748979,-1.19964
103,-0.22961,0.72962,-1.20067
103,-0.239268,0.733641,-1.20139
103,-0.213067,0.742443,-1.20268
103,-0.336584,0.681416,-1.22088
103,-0.335882,0.688507,-1.21523
103,-0.23766,0.735351,-1.2117
103,-0.244042,0.732205,-1.21273
103,0.153,0.868194,-1.22273
103,0.172954,0.884326,-1.2264
103,0.551246,1.07014,-1.21038
103,0.225921,0.995134,-1.22017
103,-0.882906,0.609083,-1.20479
103,0.525399,1.12155,-1.22054
103,0.289092,1.06406,-1.20078
103,0.184284,0.99911,-1.23453
103,0.282117,1.07635,-1.20927
103,-0.265287,0.879937,-1.21299
103,-0.270608,0.885991,-1.21038
103,-0.85884,0.628924,-1.25414
103,0.104492,1.03525,-1.19957
103,0.104568,1.03622,-1.20044
103,-0.24165,0.896327,-1.21582
103,-0.270135,0.892013,-1.21277
103,-0.26184,0.897137,-1.21237
103,-0.303216,0.905735,-1.19121
103,0.5217,1.20197,-1.19942
103,0.171771,1.06959,-1.21067
103,-0.319029,0.890884,-1.21067
103,0.518151,1.21605,-1.19451
103,-0.258724,0.909618,-1.22503
103,-0.349345,0.886004,-1.22432
103,-0.352668,0.891279,-1.21922
103,-0.31204,0.919509,-1.21597
103,0.170889,1.12627,-1.20881
103,-0.255165,0.966877,-1.22364
103,-0.244009,0.994674,-1.22138
103,0.207915,1.2187,-1.19594
103,-0.178809,1.06069,-1.22002
103,-0.187722,1.07631,-1.2343
103,0.403661,1.31049,-1.23721
103,0.338714,1.32892,-1.21535
103,0.0305432,1.24757,-1.22263
103,0.00453782,1.25624,-1.24446
103,-0.113597,1.23655,-1.22685
103,-0.115485,1.24746,-1.22636
103,-0.111537,1.27366,-1.21433
103,-0.0899928,1.26981,-1.22998
103,-0.112393,1.26317,-1.2325
103,0.149776,1.37058,-1.22071
103,-0.0845993,1.2856,-1.23491
103,-0.077703,1.31842,-1.21558
103,0.1483,1.39602,-1.22624
103,-0.0831538,1.3389,-1.21646
103,-0.187889,1.33405,-1.21862
103,0.318623,1.54179,-1.19627
103,-0.2054,1.31742,-1.23615
103,-0.621664,1.17624,-1.2269
103,-0.233135,1.3427,-1.2104
103,-0.185325,1.34762,-1.22753
103,-0.224937,1.34053,-1.2225
103,-0.0351504,1.41908,-1.21428
103,-0.622515,1.19756,-1.23185
103,-0.203037,1.33306,-1.25053
103,-0.0262893,1.40985,-1.23967
103,-0.234916,1.36288,-1.21317
103,-0.424505,1.2868,-1.22332
103,-1.15786,1.01963,-1.22341
103,-0.224234,1.35383,-1.23052
103,-1.35775,0.94775,-1.22334
103,-0.189368,1.36562,-1.23287
103,-0.415439,1.29484,-1.22435
103,-0.193659,1.36235,-1.23859
103,-0.421443,1.28234,-1.24036
103,-0.186993,1.36755,-1.24285
103,-0.802972,1.14709,-1.24028
103,-1.15716,1.03497,-1.22445
103,0.508591,1.65555,-1.22109
103,-0.986635,1.09137,-1.24071
103,0.0142189,1.4444,-1.26228
103,0.0439257,1.54123,-1.18521
103,-1.00576,1.09886,-1.25026
103,-0.995333,1.11168,-1.25412
103,-1.1961,1.0539,-1.26011
103,-0.460752,1.40697,-1.19411
103,-0.361983,1.40589,-1.23458
103,-0.224451,1.48893,-1.211
103,-0.238016,1.48049,-1.22419
103,-0.372673,1.43197,-1.25224
103,-0.290648,1.51372,-1.22013
103,-0.105728,1.58781,-1.22661
103,-0.476929,1.45265,-1.2268
103,-0.320733,1.51179,-1.23315
103,-0.406322,1.49224,-1.22935
103,-0.29301,1.53643,-1.23797
103,-0.329652,1.53478,-1.25428
103,-0.320973,1.56136,-1.24225
103,-0.354014,1.55303,-1.25766
103,-0.457696,1.57467,-1.2265
103,-0.42864,1.59004,-1.22879
103,-0.452737,1.58939,-1.23928
103,-0.39227,1.61483,-1.24346
103,-0.395585,1.612,-1.24866
103,-0.398813,1.63236,-1.24199
103,-0.591685,1.60311,-1.21596
103,-0.267032,1.70315,-1.24011
103,-0.264915,1.70379,-1.24418
103,-0.585674,1.61923,-1.22244
103,-0.283704,1.7146,-1.23942
103,-0.237947,1.7507,-1.2202
103,-0.181883,1.75982,-1.23579
103,-0.186877,1.76936,-1.22858
103,-0.584593,1.62704,-1.23132
103,-0.184964,1.77419,-1.23819
103,-0.300146,1.75246,-1.22373
103,-0.570909,1.65805,-1.22793
103,-0.175885,1.79468,-1.23761
103,-0.561335,1.66918,-1.23003
103,-0.362378,1.7491,-1.22367
103,-0.371373,1.73795,-1.23412
103,-0.597959,1.64789,-1.24264
103,-0.312143,1.76056,-1.23587
103,-0.379843,1.74016,-1.23281
103,-0.400922,1.73461,-1.23222
103,-1.45233,1.36778,-1.22032
103,-0.603109,1.66105,-1.24647
103,-0.248039,1.79757,-1.24963
103,-0.317382,1.80823,-1.22028
103,-0.309711,1.78691,-1.24497
103,-0.323096,1.81488,-1.21901
103,-0.370581,1.78195,-1.25048
103,-0.746681,1.69883,-1.20365
103,-0.344068,1.83143,-1.23025
103,0.172692,2.00533,-1.25195
103,0.166661,2.00856,-1.24758
103,-0.271683,1.89847,-1.20711
103,-1.13046,1.78027,-1.06249
103,-1.20032,1.70256,-1.11626
103,-0.280683,1.93903,-1.22576
103,0.254494,2.15203,-1.2347
103,-1.19363,1.73873,-1.13186
103,-1.15484,1.79705,-1.09921
103,-0.349205,2.06459,-1.2025
103,-1.12194,1.90629,-1.10267
103,0.295367,2.30562,-1.22645
103,-1.11218,1.8974,-1.13949
103,-1.10032,1.9521,-1.09867
103,-0.362705,2.11707,-1.24678
103,-0.984122,2.10379,-1.20966
103,-1.0195,2.16474,-1.16928
103,0.409453,2.67432,-1.3178
103,-0.545916,2.52425,-1.27329
103,-0.904267,2.39703,-1.27047
103,-0.539661,2.52686,-1.27754
103,-0.942091,2.42846,-1.25462
103,-0.891074,2.44608,-1.26912
103,-0.925637,2.44602,-1.26453
103,-0.580396,2.56948,-1.30055
103,-0.952898,2.46406,-1.27254
103,-0.85349,2.51724,-1.28823
103,-0.640449,2.68944,-1.2794
103,-0.728489,2.82021,-1.27472
103,0.159858,3.36446,-1.21125
103,-0.0709281,3.63542,-0.900073
103,0.0729143,3.4046,-1.22495
103,0.158604,3.47923,-1.26178
103,-0.124146,3.61357,-1.27095
103,-0.455512,1.56244,-1.22558
102,-0.455512,1.56244,-1.22558
103,0.419206,2.68308,-1.23063
60,0.419206,2.68308,-1.23063
103,-0.749816,1.73175,-1.23402
64,-0.749816,1.73175,-1.23402
104,-0.232522,0.74747,-1.20898
104,-0.269383,0.743727,-1.2147
104,-0.327191,0.736981,-1.25849
104,-0.358622,0.703545,-1.29643
104,-0.267276,0.778598,-1.25433
104,0.0994589,1.05191,-1.23156
104,0.161378,1.08781,-1.23671
104,-0.289125,0.966906,-1.2181
104,-0.35332,0.952251,-1.22949
104,-0.339676,0.939293,-1.25681
104,0.187243,1.21867,-1.19502
104,-0.223283,1.07833,-1.21503
104,-0.501343,1.05241,-1.15139
104,-0.188643,1.09782,-1.25085
104,-0.211985,1.10391,-1.23252
104,-0.510281,1.05371,-1.15435
104,-0.493036,1.06086,-1.19829
104,-0.502817,1.07368,-1.21429
104,0.0143067,1.26282,-1.2218
104,0.0350273,1.25561,-1.24382
104,0.0356694,1.25999,-1.25893
104,-0.103195,1.29104,-1.18791
104,-0.100503,1.28358,-1.20956
104,-0.130203,1.27714,-1.20462
104,-0.124115,1.28105,-1.20407
104,-0.102407,1.30823,-1.19707
104,-0.0859535,1.27984,-1.24872
104,-0.114973,1.32371,-1.17509
104,-0.105621,1.28431,-1.23991
104,-0.126133,1.29104,-1.2248
104,-0.135743,1.29882,-1.21175
104,0.157766,1.40376,-1.26425
104,-0.630755,1.21987,-1.21283
104,-0.611495,1.20636,-1.24563
104,-0.0657955,1.41859,-1.23048
104,-0.624704,1.22549,-1.22756
104,-0.608783,1.21658,-1.25391
104,-0.419596,1.29069,-1.25749
104,-0.417185,1.29479,-1.25494
104,-0.414397,1.2933,-1.26212
104,-0.420995,1.30985,-1.26011
104,-0.801728,1.17064,-1.26551
104,-0.444473,1.32401,-1.23261
104,-0.433579,1.3089,-1.26437
104,-0.81893,1.19863,-1.25376
104,-0.447637,1.34095,-1.25504
104,0.10672,1.55117,-1.24126
104,-0.450998,1.35597,-1.27336
104,-0.227789,1.46674,-1.22919
104,-0.190961,1.49293,-1.22282
104,-0.238094,1.47509,-1.22561
104,-0.446749,1.37182,-1.30241
104,-0.311458,1.47669,-1.23607
104,-0.190737,1.51863,-1.25071
104,-0.621493,1.27332,-1.38411
104,-0.332729,1.50339,-1.20777
104,-0.185809,1.52819,-1.2513
104,-0.371898,1.44313,-1.28698
104,-0.39458,1.52696,-1.1569
104,0.0134483,1.56046,-1.35114
104,-0.613598,1.28435,-1.43835
104,0.0471302,1.63909,-1.2739
104,-0.403505,1.54137,-1.19099
104,-0.185723,1.55909,-1.27746
104,-0.409186,1.55503,-1.18048
104,-0.191026,1.57785,-1.28664
104,0.0260737,1.67359,-1.27544
104,-0.0998916,1.63812,-1.2635
104,-0.373158,1.63412,-1.15036
104,-0.50164,1.50078,-1.29266
104,-0.506473,1.51167,-1.29197
104,-0.108887,1.67455,-1.30399
104,-0.504897,1.53012,-1.31137
104,-0.13084,1.74413,-1.32765
104,-1.26139,2.03601,-0.352796
104,-0.585161,1.68006,-1.27827
104,-0.189995,1.81387,-1.28941
104,-0.171432,1.83414,-1.27946
104,-1.28788,2.07937,-0.368204
104,-0.192591,1.85044,-1.26984
104,-0.26184,1.83037,-1.28104
104,-0.226935,1.84055,-1.29409
104,-0.223979,1.84219,-1.29342
104,-0.262614,1.84198,-1.28856
104,-0.240892,1.86932,-1.26078
104,-0.283918,1.85044,-1.27367
104,-0.245703,1.88513,-1.2783
104,-0.778016,1.76991,-1.24537
104,-0.266288,1.96285,-1.26512
104,-0.78276,1.79151,-1.25509
104,-0.273217,2.00721,-1.28107
104,-1.15821,1.82223,-1.11065
104,-0.26485,2.01338,-1.29597
104,0.248857,2.20935,-1.27986
104,-0.276094,2.00615,-1.30723
104,-1.16151,1.81735,-1.13111
104,-0.288532,2.03232,-1.27821
104,-1.18402,1.79924,-1.16161
104,-1.17031,1.858,-1.09932
104,-1.1799,1.86146,-1.13505
104,-0.950113,1.87765,-1.30681
104,-0.976764,1.89065,-1.2763
104,-0.357536,2.16616,-1.2403
104,-1.16796,1.94794,-1.1753
104,-0.965992,1.91292,-1.33356
104,-0.359883,2.19067,-1.28567
104,-0.376044,2.2016,-1.27467
104,-1.00097,1.95684,-1.31138
104,-1.05481,2.13338,-1.1479
104,-1.06039,2.1816,-1.08956
104,-1.74743,2.41848,-0.414492
104,-1.06964,2.15887,-1.15696
104,-1.06653,2.13899,-1.20031
104,-1.04153,2.14079,-1.21262
104,-1.07297,2.13573,-1.20424
104,-1.0428,2.13088,-1.23227
104,-1.06838,2.2128,-1.10806
104,-1.00891,2.15482,-1.23508
104,-1.0732,2.14853,-1.22851
104,-1.04216,2.0678,-1.3833
104,-1.01554,2.16379,-1.26777
104,-1.05123,2.13482,-1.29591
104,-1.01303,2.20254,-1.24464
104,-0.444508,2.36144,-1.30871
104,-1.07897,2.27408,-1.12806
104,-1.02747,2.19221,-1.27533
104,-1.0892,2.19493,-1.2577
104,-0.472555,2.39339,-1.28869
104,-1.0167,2.20693,-1.29054
104,-0.468682,2.40817,-1.32255
104,-1.13407,2.36026,-1.09049
104,-0.51928,2.46264,-1.28133
104,-1.1498,2.39473,-1.08783
104,-1.13846,2.2246,-1.37686
104,-0.542703,2.49122,-1.30525
104,-0.542542,2.54356,-1.29019
104,-1.11417,2.39411,-1.21901
104,-1.09673,2.49767,-1.18838
104,-1.10588,2.54005,-1.19814
104,-0.94065,2.56898,-1.38446
104,-1.10323,2.58609,-1.3114
104,-0.992968,2.61296,-1.36555
104,-1.0396,2.66711,-1.37977
104,-0.0584656,3.43728,-0.803455
104,-0.751547,2.85665,-1.288
104,-0.019066,3.55265,-0.663626
104,-0.750974,2.86822,-1.29073
104,-0.106399,3.50497,-0.715304
104,-0.795914,2.79093,-1.3937
104,-0.268524,3.50762,-0.683456
104,-0.403607,3.17479,-1.15273
104,0.050473,3.3082,-1.20347
104,-0.396813,3.52643,-0.671897
104,-0.382854,3.59056,-0.588026
104,-0.0150129,3.64452,-0.709114
104,0.100803,3.62656,-0.845864
104,-0.119949,3.71166,-0.657968
104,0.104046,3.726,-0.763618
104,-0.812127,2.94136,-1.46568
104,0.0115387,3.86219,-0.642562
104,-0.848071,2.9833,-1.47417
104,-0.403727,3.96302,-0.381391
104,0.203435,3.70667,-1.35366
104,-0.0919388,4.40871,-0.391541
104,-0.163806,4.52235,-0.37267
104,-0.0882728,5.12097,-0.357937
104,-0.692456,4.85191,-1.08094
104,-1.38092,4.79577,-1.3141
104,-1.61043,4.71717,-1.37948
104,-1.62064,4.76246,-1.37756
104,-1.66137,5.10732,-1.15619
104,-1.20395,5.6978,-0.604385
104,-1.10447,5.41012,-1.28737
104,-0.328144,1.51114,-1.25155
102,-0.328144,1.51114,-1.25155
104,-0.733644,5.17863,-1.15433
102,-0.733644,5.17863,-1.15433
104,-0.359465,0.761125,-1.28194
102,-0.359465,0.761125,-1.28194
104,-0.238895,1.33213,-1.21914
103,-0.238895,1.33213,-1.21914
104,-1.00362,0.50119,-1.44949
103,-1.00362,0.50119,-1.44949
104,-0.198136,0.833058,-0.973355
101,-0.198136,0.833058,-0.973355
104,-0.292172,1.7283,-1.28622
62,-0.292172,1.7283,-1.28622
104,-0.797628,2.61912,-1.28434
62,-0.797628,2.61912,-1.28434
105,-0.0803765,1.27903,-1.21021
105,-0.538715,1.11921,-1.23559
105,-0.624519,1.20939,-1.26111
105,-0.550699,1.19805,-1.34191
105,-0.649372,1.22388,-1.23827
105,-0.22759,1.37689,-1.27088
105,-0.420254,1.30169,-1.27712
105,-0.410103,1.31073,-1.27817
105,-0.236248,1.46519,-1.22988
105,-1.03198,1.1284,-1.28505
105,-0.378654,1.40597,-1.26695
105,-1.23214,1.08174,-1.26906
105,-0.328982,1.49084,-1.20195
105,-1.21336,1.07928,-1.3109
105,-1.21552,1.07956,-1.31756
105,0.0542455,1.61957,-1.26908
105,-1.04419,1.15792,-1.31124
105,-0.327036,1.52627,-1.21987
105,-0.43583,1.51175,-1.17695
105,0.0214601,1.65763,-1.27689
105,-0.483359,1.5878,-1.24863
105,-0.55233,1.59581,-1.21373
105,-0.359623,1.71953,-1.16567
105,-0.566074,1.61841,-1.22451
105,-0.535688,1.58636,-1.32706
105,-0.579714,1.63366,-1.26059
105,-0.594751,1.66213,-1.2191
105,-0.600453,1.6586,-1.23133
105,-0.583874,1.65534,-1.25296
105,-0.587061,1.64867,-1.27084
105,-0.587834,1.65113,-1.28151
105,-0.614691,1.66572,-1.24544
105,-0.196379,1.83409,-1.27607
105,-0.20116,1.83974,-1.26432
105,-0.630785,1.68908,-1.2672
105,0.1946,2.02376,-1.28364
105,-1.23796,2.00427,-0.331049
105,-0.781731,1.75767,-1.24487
105,-0.790663,1.75897,-1.25571
105,-0.270884,1.96801,-1.27029
105,-1.14943,1.73683,-1.08491
105,-0.7747,1.78264,-1.29745
105,-1.13782,1.75429,-1.07853
105,-1.15349,1.76725,-1.08721
105,-1.14263,1.78911,-1.08987
105,-0.297211,2.04805,-1.29316
105,-1.15238,1.81749,-1.10757
105,-1.02297,2.156,-0.592379
105,-1.1648,1.82982,-1.14251
105,-1.02757,2.21414,-0.592079
105,-0.981951,1.89681,-1.30255
105,-1.60465,2.08453,-0.512889
105,-0.988101,1.90893,-1.3003
105,-0.99393,1.90428,-1.3116
105,-0.982178,1.89416,-1.34549
105,-0.357126,2.17344,-1.29671
105,-1.01346,2.28972,-0.702001
105,-0.990605,1.96761,-1.37199
105,-1.05428,2.07713,-1.17563
105,-1.07644,2.18029,-1.06861
105,-1.03685,2.03548,-1.37697
105,-1.0234,2.13384,-1.21808
105,-1.00749,2.1462,-1.21684
105,-0.438527,2.33357,-1.30376
105,-1.01252,2.15972,-1.27029
105,-0.463676,2.36456,-1.32838
105,-1.0949,2.27624,-1.07666
105,-1.74831,2.376,-0.403564
105,-0.488412,2.39841,-1.31587
105,-1.09511,2.28382,-1.09065
105,-1.09927,2.30265,-1.15891
105,-1.11273,2.38747,-1.23036
105,-1.07769,2.35367,-1.32276
105,-1.10161,2.2356,-1.52986
105,-1.09664,2.4879,-1.18546
105,-1.10757,2.50381,-1.19776
105,-1.1086,2.5389,-1.20843
105,-1.54561,2.84945,-0.31351
105,-1.10565,2.54381,-1.23032
105,-1.10552,2.56009,-1.21495
105,-1.10011,2.56707,-1.25109
105,-0.995424,2.58892,-1.36393
105,-0.98572,2.60249,-1.36564
105,-2.77438,2.47545,-0.295398
105,-0.399116,3.07932,-1.12309
105,-0.912604,2.75706,-1.42566
105,0.0508459,3.28463,-1.19005
105,-0.115066,3.45024,-0.761353
105,-0.113269,3.5294,-0.62652
105,-0.144044,3.50666,-0.691951
105,-0.378738,3.46828,-0.662883
105,-0.0643704,3.59672,-0.71954
105,-0.0973844,3.64286,-0.636181
105,-0.369084,3.5786,-0.559126
105,-0.834092,2.95828,-1.46796
105,-0.376159,3.80467,-0.351085
105,0.0698694,3.83775,-0.654539
105,-0.459913,3.61012,-0.752113
105,-0.444629,3.61603,-0.762265
105,0.20763,3.62597,-1.33073
105,0.112856,3.97253,-0.644036
105,-0.512996,3.71489,-0.837851
105,-2.06415,3.90471,-0.264516
105,-1.53883,4.5066,-1.36817
105,-1.56861,4.53075,-1.35138
105,-1.53772,4.61014,-1.26871
105,-1.55819,4.5693,-1.37493
105,-1.59147,4.66653,-1.39336
105,-1.62682,4.73994,-1.30242
105,-1.63003,4.89099,-1.07256
105,-1.58918,4.78505,-1.30067
105,-1.35899,4.85854,-1.35247
105,-1.55046,4.78457,-1.3636
105,-1.53883,4.89806,-1.20808
105,-1.41955,4.86303,-1.36328
105,-1.52411,4.82456,-1.39562
105,-0.809336,5.33003,-1.17786
105,-1.65694,5.0929,-1.10751
105,-1.12559,5.33395,-1.27324
105,-1.04596,5.52616,-1.28983
105,-1.10468,5.71462,-1.09875
105,-1.14308,5.65292,-1.30377
105,-1.19344,5.74894,-1.20995
105,-1.17263,5.73246,-1.36399
105,-1.07587,5.81912,-1.3651
105,-1.22613,5.8248,-1.25679
105,-1.11489,6.00358,-1.17516
105,-0.911116,6.00192,-1.37847
105,-1.32136,1.8965,-1.21518
102,-1.32136,1.8965,-1.21518
105,-1.25435,1.81276,-1.17927
102,-1.25435,1.81276,-1.17927
105,-0.941362,1.03625,-0.76012
102,-0.941362,1.03625,-0.76012
105,-1.8117,5.04931,-1.23122
102,-1.8117,5.04931,-1.23122
105,-1.10129,2.70351,-0.585171
102,-1.10129,2.70351,-0.585171
105,-0.417422,2.15436,-1.19943
65,-0.417422,2.15436,-1.19943
106,-1.62391,1.13724,-1.21726
106,-1.59991,1.13724,-1.25099
106,-0.37898,1.71706,-1.2244
106,-0.410232,1.70844,-1.21397
106,-0.616985,1.63652,-1.22435
106,-1.14373,1.90637,-0.284801
106,-1.03194,1.96223,-0.295396
106,-1.1604,1.9096,-0.284602
106,-1.123,1.93434,-0.268829
106,-0.763991,1.71355,-1.23895
106,-1.11821,1.93619,-0.282712
106,-0.784257,1.72102,-1.2192
106,-1.0543,2.05148,-0.287611
106,-1.10936,2.11142,-0.274838
106,-1.25542,1.74142,-1.13896
106,-0.365101,2.09898,-1.25061
106,-1.15847,2.1399,-0.278405
106,-0.977096,1.84908,-1.26774
106,-1.02159,2.12427,-0.56676
106,-1.02138,2.1542,-0.585101
106,-1.34732,2.39085,0.33893
106,-1.03045,2.16511,-0.59745
106,-1.02279,2.20092,-0.56612
106,-1.38216,2.38811,0.291036
106,-1.38775,2.3911,0.294156
106,-1.0396,2.20212,-0.618424
106,-1.5811,2.02194,-0.475654
106,-1.36957,2.38433,0.190712
106,-1.36674,2.38856,0.187586
106,-1.59013,2.04772,-0.494595
106,-1.05578,2.05171,-1.16907
106,-1.05121,2.07491,-1.17238
106,-1.05542,2.27329,-0.669615
106,-1.04687,2.27595,-0.679893
106,-1.0353,2.30145,-0.674352
106,-1.04659,2.13582,-1.15035
106,-1.05888,2.15154,-1.10897
106,-1.07587,2.17534,-1.06718
106,-1.06451,2.18222,-1.10262
106,-1.0261,2.23071,-1.02637
106,-1.30673,2.42733,-0.288672
106,-0.533445,2.43917,-1.24707
106,-1.01519,2.30849,-1.10676
106,-0.981439,2.43358,-1.27869
106,-0.965071,2.45312,-1.28183
106,-0.787365,2.59098,-1.2632
106,-0.632793,2.68019,-1.27985
106,-2.02185,2.49455,-0.254173
106,-0.258313,3.55086,-0.654692
106,-0.397285,3.60488,-0.667844
106,-0.392789,3.65834,-0.584523
106,-0.430894,3.70377,-1.34034
106,-1.98761,3.68111,-0.450785
106,-2.16083,4.02803,-0.503161
106,-1.44548,4.10723,-1.19341
106,-1.47729,4.1399,-1.19235
106,-1.46015,4.14838,-1.20091
106,-1.46022,4.1591,-1.21989
106,-1.45039,4.20269,-1.26145
106,-1.38939,4.34794,-1.25169
106,-1.28316,4.44664,-1.17732
106,-1.43221,4.45021,-1.07386
106,-1.54546,5.03475,0.506986
106,-1.39377,4.53248,-1.08284
106,-1.41433,4.54262,-1.09945
106,-1.2597,5.29451,0.625089
106,-1.51201,4.57458,-0.975722
106,-1.5723,4.63025,-1.01634
106,-1.3337,4.64743,-1.26865
106,-1.37495,5.45899,0.758293
106,-1.48824,4.67572,-1.15725
106,-1.3264,4.68541,-1.32081
106,-1.34134,4.72763,-1.29952
106,-1.16428,5.64287,0.700598
106,-1.45945,5.50686,0.626738
106,-1.51851,5.46682,0.539502
106,-1.43002,4.9847,-1.13578
106,-1.65735,5.53721,0.512232
106,-1.22393,5.86982,0.743233
106,-1.6314,4.98895,-1.06706
106,-1.41048,5.05997,-1.17794
106,-1.22961,5.88348,0.467773
106,-1.0725,5.48762,-1.04145
106,-1.13817,5.51314,-1.30123
106,-1.07345,5.69802,-1.34181
106,-1.18964,5.79829,-1.35612
106,-1.20947,5.90063,-1.40514
106,-1.55993,6.1238,-0.532753
106,-1.25603,6.00954,-1.28238
106,-1.0409,2.10774,-0.279608
104,-1.0409,2.10774,-0.279608
106,-1.10539,1.62717,-0.256739
104,-1.10539,1.62717,-0.256739
106,-0.863445,2.18265,-1.17914
102,-0.863445,2.18265,-1.17914
106,-1.27927,6.23372,-1.31486
91,-1.27927,6.23372,-1.31486
106,-2.05382,4.86371,-0.158997
91,-2.05382,4.86371,-0.158997
106,-2.14107,5.09972,-0.199248
91,-2.14107,5.09972,-0.199248
106,-1.58257,2.01103,-0.471046
92,-1.58257,2.01103,-0.471046
106,-1.86282,1.16559,-1.52291
103,-1.86282,1.16559,-1.52291
107,-1.13685,1.90824,-0.282748
107,-1.12926,1.94288,-0.264266
107,-1.03271,1.99747,-0.244669
107,-1.13695,1.93457,-0.292011
107,-1.14662,1.93427,-0.277613
107,-1.05485,2.00383,-0.269944
107,-0.936137,2.27898,0.492392
107,-0.973887,2.27524,0.537422
107,-1.05703,2.02081,-0.278901
107,-0.971505,2.29567,0.536836
107,-1.04842,2.05403,-0.253653
107,-0.929346,2.31722,0.484054
107,-1.0719,2.04332,-0.264392
107,-1.06118,2.0903,-0.239885
107,-1.06619,2.10329,-0.244232
107,-1.13147,2.44065,0.570975
107,-1.16998,2.43013,0.585655
107,-1.20313,2.4563,0.591982
107,-1.05316,2.06945,-1.18352
107,-1.29479,2.41237,0.44482
107,-1.06747,2.07042,-1.17185
107,-1.11826,2.29871,-0.276988
107,-1.32898,2.45558,0.620957
107,-1.31811,2.44683,0.551344
107,-1.38413,2.35012,0.307334
107,-1.25048,2.48372,0.5537
107,-1.32877,2.44594,0.547575
107,-1.28721,2.46781,0.554495
107,-1.59753,2.03791,-0.480769
107,-1.25378,2.4878,0.540282
107,-1.01476,2.11635,-1.21091
107,-1.40108,2.35153,0.242564
107,-1.24458,2.31103,-0.255308
107,-1.07831,2.16886,-1.08529
107,-1.40286,2.37464,0.178037
107,-1.048,2.30789,-0.692125
107,-1.06374,2.32614,-0.606131
107,-1.30376,2.31514,-0.246263
107,-1.31483,2.40641,0.0488748
107,-1.37166,2.43511,0.161369
107,-1.2026,2.41417,-0.251363
107,-1.41621,2.46909,0.3106
107,-1.32221,2.358,-0.25438
107,-1.41701,2.43299,0.157795
107,-1.43798,2.42681,0.156123
107,-1.39943,2.46076,0.183061
107,-1.44136,2.46051,0.17991
107,-1.42795,2.47529,0.113234
107,-1.43957,2.47473,0.112249
107,-0.946043,2.34447,-1.22252
107,-1.44843,2.49432,0.126832
107,-1.97142,2.36044,-0.203228
107,-0.385087,3.59664,-0.638198
107,-0.400056,3.62732,-0.557153
107,-0.323636,3.71322,-0.651974
107,-2.67027,2.74094,-0.205055
107,-0.382849,3.85732,-0.329228
107,-0.427942,3.87115,-0.337663
107,-2.79951,2.7669,-0.251092
107,-3.01505,2.81756,-0.132379
107,-2.82191,2.90161,-0.220572
107,-2.81625,2.94554,-0.164992
107,-1.38014,3.72087,-1.03009
107,-1.71971,4.07373,-0.37464
107,-1.73624,4.07008,-0.372211
107,-1.38692,4.15854,-1.16092
107,-1.415,4.17627,-1.14877
107,-1.49951,4.19533,-1.11639
107,-1.27798,4.98296,0.742707
107,-1.30725,4.51293,-1.23625
107,-1.31383,4.53132,-1.21838
107,-1.55298,4.59626,-0.952671
107,-1.59321,4.66271,-1.03827
107,-1.51967,5.25362,0.789033
107,-1.43432,5.30313,0.651404
107,-1.37938,5.43485,0.778605
107,-1.62626,4.82162,-1.02459
107,-1.28386,5.50801,0.795528
107,-1.64149,4.8644,-1.04294
107,-1.0055,5.68483,0.699549
107,-1.1732,5.62957,0.770356
107,-1.30194,5.58821,0.796278
107,-1.47415,5.49688,0.645033
107,-1.61754,5.40536,0.528497
107,-1.09754,5.72767,0.740852
107,-1.00601,5.85663,0.692534
107,-1.18987,5.80978,0.786846
107,-1.60112,5.67476,0.546109
107,-1.22871,5.93506,-1.20724
107,-1.18134,2.10645,0.11869
106,-1.18134,2.10645,0.11869
107,-1.09386,5.72581,-1.33988
106,-1.09386,5.72581,-1.33988
107,-1.19558,2.13049,0.360693
106,-1.19558,2.13049,0.360693
107,-1.07965,1.9407,-0.258692
106,-1.07965,1.9407,-0.258692
107,-1.11353,2.40375,0.0898509
92,-1.11353,2.40375,0.0898509
107,-1.28162,6.30412,-1.3257
92,-1.28162,6.30412,-1.3257
107,-1.27936,2.54023,0.168504
92,-1.27936,2.54023,0.168504
107,-1.1403,2.30004,-0.257492
91,-1.1403,2.30004,-0.257492
107,-1.34882,2.44884,0.268939
96,-1.34882,2.44884,0.268939
107,-1.60904,4.44107,0.580076
96,-1.60904,4.44107,0.580076
107,-1.44312,3.35325,0.182376
95,-1.44312,3.35325,0.182376
107,-1.45631,3.73796,0.0431716
88,-1.45631,3.73796,0.0431716
108,-1.12236,1.92892,-0.277271
108,-1.13824,1.93282,-0.258529
108,-1.17129,1.93212,-0.28166
108,-1.01781,2.24268,0.487802
108,-1.04046,2.16534,-0.573741
108,-1.07498,2.37224,0.581602
108,-1.05465,2.37824,0.466431
108,-1.12619,2.37649,0.595389
108,-1.12885,2.39206,0.608189
108,-1.15444,2.32925,0.191446
108,-1.16011,2.34238,0.199515
108,-1.06281,2.45649,0.581016
108,-1.159,2.35613,0.18914
108,-1.24339,2.36428,0.420194
108,-1.27592,2.39189,0.442103
108,-1.29518,2.38025,0.40445
108,-1.28719,2.38925,0.386982
108,-1.2989,2.4141,0.492703
108,-1.34652,2.37028,0.36344
108,-1.09165,2.51962,0.476188
108,-1.37902,2.346,0.297443
108,-1.31965,2.42202,0.56692
108,-1.11028,2.48666,0.278788
108,-1.34416,2.39299,0.336137
108,-1.10853,2.55493,0.381656
108,-1.41335,2.43717,0.299578
108,-1.23973,2.4442,-0.250232
108,-1.37932,2.45298,0.188723
108,-1.13115,2.59826,0.277208
108,-1.43195,2.44252,0.177057
108,-1.44572,2.44877,0.236759
108,-1.42598,2.45114,0.186404
108,-1.21315,2.56605,0.217163
108,-1.42444,2.47732,0.30584
108,-1.42057,2.46033,0.106205
108,-1.1453,2.66114,0.394723
108,-1.14962,2.65895,0.33862
108,-1.42915,2.48195,0.10516
108,-1.4314,2.48225,0.112698
108,-1.1406,2.69381,0.444017
108,-1.6125,2.33554,-0.285588
108,-1.87687,2.42882,-0.210496
108,-0.432257,3.58347,-0.645145
108,-0.466215,3.60214,-0.728275
108,-2.95338,2.4527,-0.313501
108,-3.08839,2.63817,1.01909
108,-3.08524,2.71969,1.12009
108,-2.98456,2.87908,0.706357
108,-2.98441,3.02176,1.03562
108,-2.9797,2.98709,0.755665
108,-2.97035,2.97823,0.631891
108,-2.9409,2.94724,0.347005
108,-3.05503,2.99116,0.933446
108,-2.93143,2.94304,0.0603282
108,-1.43143,3.69267,0.0587876
108,-2.84474,2.95186,-0.25943
108,-2.88701,2.9583,-0.248421
108,-1.44615,3.78027,0.0376024
108,-1.92455,3.67894,-0.469591
108,-2.13244,3.6064,-0.486237
108,-1.61976,3.87345,-0.46148
108,-1.99149,3.86371,-0.492268
108,-2.33976,3.7257,-0.454364
108,-1.27741,4.2862,-1.10528
108,-1.31904,4.43502,-1.17723
108,-1.52843,4.59204,-0.985021
108,-1.87038,4.52312,-0.43355
108,-1.55605,4.5907,-0.977845
108,-1.66906,4.59289,-0.884952
108,-1.10371,5.20275,0.723813
108,-1.32516,5.1188,0.754537
108,-1.89346,4.64553,-0.438034
108,-1.34693,5.13578,0.729834
108,-1.21891,5.38586,0.493382
108,-1.37006,5.40538,0.788908
108,-1.50768,5.36659,0.547164
108,-1.23889,5.51213,0.502598
108,-1.1991,5.73161,-1.17562
108,-1.18357,5.72359,-1.33053
108,-1.29673,3.096,0.136971
106,-1.29673,3.096,0.136971
108,-1.1458,1.97453,0.356137
106,-1.1458,1.97453,0.356137
108,-1.56667,4.03685,0.0895736
106,-1.56667,4.03685,0.0895736
108,-1.09832,2.3056,0.10291
92,-1.09832,2.3056,0.10291
108,-2.41371,5.0172,-0.132184
92,-2.41371,5.0172,-0.132184
108,-2.28234,4.66236,-0.0698166
92,-2.28234,4.66236,-0.0698166
108,-2.25343,4.60153,-0.0602591
92,-2.25343,4.60153,-0.0602591
108,-1.36616,2.43129,0.331516
92,-1.36616,2.43129,0.331516
108,-2.38291,4.94509,-0.120242
92,-2.38291,4.94509,-0.120242
108,-1.70479,4.2887,0.13903
92,-1.70479,4.2887,0.13903
108,-1.46806,2.2184,-0.279048
95,-1.46806,2.2184,-0.279048
108,-1.26586,2.57266,0.175063
95,-1.26586,2.57266,0.175063
108,-3.06277,2.78534,0.197902
91,-3.06277,2.78534,0.197902
108,-1.52221,3.50232,0.185965
88,-1.52221,3.50232,0.185965
109,-0.840352,0.999389,-0.047715
109,-0.978261,2.29054,0.538416
109,-1.01774,2.2977,0.581154
109,-1.01823,2.29753,0.527135
109,-1.06464,2.28892,0.598382
109,-1.01738,2.31416,0.501639
109,-1.0388,2.32662,0.585685
109,-1.06344,2.29542,0.322902
109,-1.06085,2.31714,0.503202
109,-1.0363,2.33049,0.503766
109,-1.1316,2.30411,0.642043
109,-1.03687,2.34279,0.463499
109,-1.07455,2.33675,0.624935
109,-1.10637,2.32469,0.588418
109,-1.06337,2.33905,0.463776
109,-1.15321,2.34638,0.607222
109,-1.10082,2.38074,0.51521
109,-1.13912,2.37283,0.645268
109,-1.1507,2.38044,0.648368
109,-1.00881,2.45398,0.453109
109,-1.19989,2.33781,0.198245
109,-1.22298,2.34813,0.143047
109,-1.20607,2.37164,0.19174
109,-1.30162,2.35635,0.555813
109,-1.21311,2.36822,0.126577
109,-1.17717,2.4371,0.664747
109,-1.24949,2.39579,0.600098
109,-1.25951,2.3852,0.358432
109,-1.2931,2.38224,0.496783
109,-1.28031,2.38795,0.442015
109,-1.27945,2.40586,0.645136
109,-1.3136,2.39218,0.623526
109,-1.29354,2.39341,0.483512
109,-1.26919,2.40026,0.387492
109,-1.28302,2.37293,0.127323
109,-1.28386,2.41446,0.648575
109,-1.3106,2.40302,0.554197
109,-1.09558,2.50135,0.373161
109,-1.26419,2.43114,0.557885
109,-1.30708,2.39691,0.390467
109,-1.30474,2.40513,0.412776
109,-1.31781,2.4264,0.631394
109,-1.27284,2.45674,0.622936
109,-1.31943,2.43613,0.601772
109,-1.35573,2.41099,0.413241
109,-1.29368,2.45858,0.603409
109,-1.31451,2.4364,0.402317
109,-1.30043,2.46583,0.659408
109,-1.26717,2.47125,0.361633
109,-1.26714,2.42806,-0.253663
109,-1.33111,2.46759,0.646205
109,-1.42739,2.39168,0.195232
109,-1.38555,2.44106,0.371599
109,-1.37536,2.45894,0.361391
109,-1.42572,2.42809,0.165255
109,-1.43501,2.43462,0.159502
109,-1.41499,2.47005,0.306255
109,-1.41089,2.47214,0.156929
109,-1.41707,2.46545,0.110657
109,-1.43426,2.47117,0.171291
109,-1.41508,2.50046,0.244029
109,-1.39902,2.52183,0.32976
109,-1.33069,2.55878,0.339195
109,-1.16435,2.62939,0.0981474
109,-1.40678,2.51847,0.224679
109,-1.41181,2.52867,0.228271
109,-1.39844,2.54754,0.330638
109,-1.45561,2.51486,0.122882
109,-1.16969,2.65861,0.0808363
109,-1.40897,2.55459,0.313199
109,-1.33209,2.60025,0.332608
109,-1.16827,2.64732,-0.32064
109,-1.46937,2.53814,0.115291
109,-1.47667,2.53519,0.122855
109,-1.61502,2.45726,-0.281821
109,-1.17227,2.70604,-0.328048
109,-1.35163,2.67819,0.307979
109,-1.14387,2.73512,-0.512783
109,-1.22984,2.72052,-0.322526
109,-1.13236,2.77737,-0.520531
109,-1.52084,2.67198,0.0653897
109,-3.39748,2.48812,0.936248
109,-3.2862,2.61741,1.15559
109,-2.99455,2.90533,0.975821
109,-3.05071,2.89238,0.95994
109,-3.02434,2.91528,1.01485
109,-3.03385,2.92732,1.07065
109,-2.97603,2.96774,1.10918
109,-2.96447,2.98284,1.04054
109,-3.00582,2.97917,1.02524
109,-3.00761,2.98253,0.936849
109,-1.24192,3.7368,-1.03788
109,-1.86995,3.50703,-2.82079e-05
109,-3.04818,3.02655,1.0487
109,-3.0549,3.03479,1.1288
109,-1.91371,3.65551,-0.0183074
109,-2.96438,3.10042,-0.286935
109,-2.97679,3.11163,-0.293432
109,-2.59468,3.45766,-0.395692
109,-2.68533,3.56026,-0.409878
109,-4.1359,3.27175,1.42038
109,-1.34071,4.88269,-0.35064
109,-1.39739,4.90884,-0.357411
109,-1.71255,5.10574,2.10544
109,-1.69161,5.16668,2.12166
109,-1.3679,5.31239,0.77171
109,-1.7527,5.31399,2.07341
109,-1.72511,5.3555,2.04748
109,-1.93444,5.32388,2.17062
109,-1.64884,5.70695,2.10402
109,-1.1628,5.8949,0.924825
109,-1.20061,5.96942,0.821014
109,-1.2029,5.84374,-1.3438
109,-1.21485,5.90198,-1.21781
109,-1.70898,5.93872,2.0721
109,-1.0376,6.2637,0.648027
109,-1.65309,6.08729,2.33693
109,-1.27636,6.20036,0.504485
109,-1.26038,6.34002,0.848128
109,-1.10708,6.53745,1.10564
109,-1.54535,6.63076,2.38913
109,-1.22646,2.41254,0.419921
96,-1.22646,2.41254,0.419921
109,-1.25287,2.42468,0.416778
95,-1.25287,2.42468,0.416778
109,-1.04633,2.73239,0.38979
107,-1.04633,2.73239,0.38979
109,-1.32487,2.48397,0.569682
84,-1.32487,2.48397,0.569682
109,-2.11069,4.4661,-0.00733067
92,-2.11069,4.4661,-0.00733067
109,-1.95206,4.67598,-0.1125
92,-1.95206,4.67598,-0.1125
109,-1.52658,3.39633,0.132802
92,-1.52658,3.39633,0.132802
109,-1.3082,2.30795,0.383652
88,-1.3082,2.30795,0.383652
109,-1.3544,2.63069,0.474886
88,-1.3544,2.63069,0.474886
110,-1.1465,1.98361,-0.265038
110,-1.08674,2.1151,-0.288655
110,-1.08472,2.1298,-0.288811
110,-1.13868,2.23541,0.236196
110,-1.02324,2.34111,0.313313
110,-0.997215,2.41077,0.558798
110,-1.0443,2.40529,0.494338
110,-1.0734,2.35171,-0.591145
110,-1.20243,2.32199,0.186848
110,-1.20255,2.32232,0.172679
110,-1.13013,2.3847,0.596774
110,-1.05427,2.41814,0.411186
110,-1.1175,2.38952,0.511608
110,-1.60679,2.12925,-0.290351
110,-1.0972,2.43323,0.471269
110,-1.08303,2.44856,0.483093
110,-1.6156,2.13636,-0.299437
110,-1.13008,2.43277,0.553587
110,-1.18111,2.43619,0.563297
110,-1.06487,2.50609,0.444521
110,-1.23707,2.42174,0.135711
110,-1.60391,2.21823,-0.263582
110,-1.23923,2.43323,0.184587
110,-1.27956,2.44638,0.664759
110,-1.24188,2.48222,0.566375
110,-1.32344,2.45153,0.640628
110,-1.63519,2.25381,-0.263242
110,-1.32474,2.45502,0.551464
110,-1.34423,2.44709,0.584353
110,-1.29439,2.48118,0.659885
110,-1.43181,2.38849,0.158613
110,-1.34282,2.45624,0.588816
110,-1.26304,2.49914,0.569558
110,-1.64745,2.26188,-0.26549
110,-1.26673,2.50425,0.65151
110,-1.26625,2.51367,0.535005
110,-1.3507,2.4764,0.594561
110,-1.32603,2.4977,0.48878
110,-1.28699,2.52511,0.464255
110,-1.56583,2.37186,-0.260138
110,-1.58054,2.36807,-0.262341
110,-1.29232,2.54863,0.410729
110,-1.38325,2.5126,0.438767
110,-1.37901,2.5253,0.431861
110,-1.29648,2.56667,0.356002
110,-1.44966,2.48861,0.308712
110,-1.31029,2.57475,0.146759
110,-1.4552,2.5082,0.291057
110,-1.38819,2.56227,0.434308
110,-1.40542,2.55374,0.359228
110,-1.44293,2.54496,0.262277
110,-1.45832,2.55225,0.25484
110,-1.48044,2.54138,0.119659
110,-1.3449,2.64365,0.324858
110,-1.46935,2.59379,0.303114
110,-1.4217,2.62135,0.0577447
110,-1.51543,2.58318,0.0868427
110,-1.43892,2.62661,0.0513065
110,-1.4206,2.65156,0.026528
110,-1.52048,2.60709,0.0798987
110,-2.95499,2.50009,0.964786
110,-3.02601,2.57622,1.14588
110,-3.02963,2.59264,0.988363
110,-3.08402,2.71678,1.16278
110,-3.43895,2.49675,0.237032
110,-1.90895,3.29885,-0.43371
110,-1.84963,3.39389,-0.00151283
110,-2.94726,2.90382,1.08284
110,-3.12286,2.84058,0.99775
110,-3.08189,2.88185,1.0606
110,-3.11552,2.86595,1.00817
110,-2.94949,2.95833,1.0315
110,-3.10074,2.85306,0.184515
110,-3.10675,2.89072,1.04698
110,-3.06244,2.91394,1.02836
110,-2.9918,2.95453,0.917454
110,-3.06604,2.93069,0.935821
110,-2.47883,3.19211,-0.332276
110,-3.00457,2.98312,0.925651
110,-3.04086,2.97338,0.96975
110,-3.12178,2.90593,0.201671
110,-2.96924,3.03151,1.05622
110,-2.54844,3.20757,-0.338177
110,-3.58762,2.86224,1.24408
110,-2.21319,3.54809,-0.270608
110,-1.96104,3.74596,-0.0130457
110,-1.99947,3.85654,-0.0233045
110,-2.28828,3.70001,-0.292429
110,-2.01629,3.91854,-0.0271945
110,-1.49082,4.28402,1.99663
110,-2.066,4.0482,-0.0371338
110,-0.893816,5.6541,2.31551
110,-1.87292,5.16999,2.12223
110,-2.40118,4.92282,2.26579
110,-2.21396,5.07193,2.37675
110,-1.20246,5.51393,-1.28026
110,-1.94807,5.28241,1.97087
110,-1.21089,5.60623,-1.28963
110,-1.83964,5.40801,2.05937
110,-2.03534,5.32495,2.32711
110,-1.93224,5.37508,2.17327
110,-2.35207,5.16638,2.43578
110,-2.00439,5.37535,2.2221
110,-1.12491,5.79565,-1.32666
110,-1.23339,5.84792,0.49576
110,-1.20306,5.89461,0.90739
110,-2.10349,5.48146,2.3091
110,-2.11605,5.4673,2.122
110,-2.20396,5.43469,2.38677
110,-2.1318,5.53469,2.32328
110,-1.70367,5.8459,2.0238
110,-2.69494,5.37213,2.32872
110,-1.21779,6.15013,0.965171
110,-1.09453,6.22442,1.05718
110,-1.01771,6.25809,0.659123
110,-1.31092,6.21378,2.43196
110,-1.22282,6.2108,0.736868
110,-2.09573,3.39518,-0.374731
108,-2.09573,3.39518,-0.374731
110,-3.16596,3.39976,-0.318074
108,-3.16596,3.39976,-0.318074
110,-1.11424,2.54651,0.456645
107,-1.11424,2.54651,0.456645
111,-1.01604,2.27261,0.322569
111,-1.06599,2.30885,0.310976
111,-1.06677,2.45321,0.430774
111,-1.01081,2.54011,0.548883
111,-1.62983,2.10929,-0.462752
111,-1.14112,2.47459,0.108938
111,-1.22217,2.46027,0.166161
111,-1.57707,2.24929,-0.264461
111,-1.34799,2.49607,0.563556
111,-1.32676,2.50842,0.530164
111,-1.29553,2.53545,0.582125
111,-1.26732,2.54146,0.469594
111,-1.31321,2.55962,0.550407
111,-1.38857,2.56257,0.44178
111,-1.06949,2.60527,-0.667833
111,-1.51821,2.41568,-0.308603
111,-1.33643,2.6215,0.394743
111,-1.44843,2.61366,0.362371
111,-1.47159,2.61683,0.383333
111,-1.60998,2.4615,-0.297844
111,-1.39516,2.64553,0.101321
111,-1.4361,2.64561,0.188481
111,-1.4081,2.65035,0.0898425
111,-1.50424,2.73628,0.317062
111,-1.54215,2.72921,0.123566
111,-1.49403,2.85442,0.0171926
111,-1.67626,3.16154,0.0812174
111,-3.15353,2.76671,1.04228
111,-3.20452,2.83741,1.2225
111,-1.85468,3.48184,-0.0235614
111,-1.90083,3.56411,-0.0157582
111,-2.92862,3.10773,-0.268189
111,-2.02554,3.58636,-0.410641
111,-3.04708,3.0637,-0.285728
111,-2.95898,3.13334,-0.29577
111,-2.93721,3.1607,-0.299064
111,-1.98485,3.82288,-0.0184605
111,-2.00829,3.89208,-0.0146449
111,-2.34868,3.6935,-0.447837
111,-2.61965,3.59073,-0.407774
111,-2.36103,3.79781,-0.47968
111,-1.97179,4.05653,-0.58771
111,-2.70737,3.68651,-0.412365
111,-2.74173,3.7315,-0.426336
111,-1.24886,5.82392,0.36317
111,-1.19029,5.91107,0.783257
111,-1.21689,5.92344,0.910483
111,-1.22999,5.91913,0.918903
111,-1.25019,5.84968,0.436759
111,-1.19235,5.92586,0.697328
111,-1.1028,5.92306,-1.38879
111,-2.84459,2.8456,0.312837
109,-2.84459,2.8456,0.312837
111,-1.54628,2.91584,0.307599
109,-1.54628,2.91584,0.307599
111,-1.89671,3.37753,-0.424561
108,-1.89671,3.37753,-0.424561
111,-1.49536,2.00493,-0.233784
108,-1.49536,2.00493,-0.233784
112,-0.986797,2.41279,0.524107
112,-1.16721,1.87929,-1.09142
112,-1.05499,2.47499,0.589687
112,-1.14885,2.46526,0.603106
112,-1.14389,2.43159,0.117613
112,-1.14509,2.43992,0.124123
112,-1.34908,2.54696,0.58722
112,-1.28551,2.5561,0.469172
112,-1.34678,2.54923,0.538988
112,-1.08312,2.44689,-0.553897
112,-1.39745,2.59154,0.438613
112,-1.32644,2.5906,0.286735
112,-1.41654,2.59443,0.440988
112,-1.40631,2.6153,0.444098
112,-1.32529,2.64769,0.392193
112,-2.85881,1.45849,-0.990264
112,-1.50644,2.74252,0.391803
112,-1.47206,2.79665,0.365612
112,-1.56834,2.98887,0.327768
112,-2.9831,1.9924,-0.463496
112,-1.61219,3.00667,0.106741
112,-1.95686,3.73525,-0.0184146
112,-2.94165,3.11121,-0.309468
112,-2.03402,3.98965,-0.104091
112,-3.08475,3.37507,-0.273957
112,-2.01939,4.01933,-0.46371
112,-1.19001,5.78781,0.772961
112,-1.20594,5.88432,0.903517
112,-1.20701,5.93114,0.772096
112,-1.20916,5.52509,-1.13502
112,-1.26898,5.94478,0.432644
112,-1.18076,5.62789,-1.31197
112,-1.83318,5.42741,-0.741482
112,-1.23844,5.80576,-1.23183
112,-1.09463,5.88228,-1.33348
112,-1.14316,6.33115,-1.45492
112,-2.00783,3.92402,-0.034557
110,-2.00783,3.92402,-0.034557
113,-0.771,0.0428604,-0.266207
113,-1.03998,1.09897,-1.25166
113,-1.03658,1.10364,-1.25171
113,-1.42027,0.957946,-1.23192
113,-1.59041,0.884681,-1.18149
113,-1.42326,0.969996,-1.20806
113,-1.60274,0.902,-1.18886
113,-1.61741,0.940257,-1.22431
113,-1.64036,1.13391,-1.15836
113,-1.63106,1.13669,-1.178
113,-1.56416,1.16478,-1.21863
113,-1.96714,1.06778,-1.20398
113,-2.09714,0.997552,-1.26172
113,-2.57725,0.766146,-1.20906
113,-1.27336,1.7212,-1.0966
113,-1.12287,2.29689,-0.358419
113,-2.58106,1.60939,-0.273228
113,-1.09431,2.435,-0.545807
113,-1.07862,2.50627,-0.635364
113,-2.788,1.77731,-0.850423
113,-2.86084,1.8724,-0.89788
113,-3.08254,1.95538,-0.801681
113,-3.01393,2.53392,-0.313105
113,-3.17454,3.31142,-0.304395
113,-2.01128,3.92309,-0.454381
113,-3.35876,2.18607,-0.41423
111,-3.35876,2.18607,-0.41423
114,-0.952325,-0.0770969,-0.266056
114,-1.01861,0.397856,-1.19165
114,-0.958467,0.524857,-1.14656
114,-0.948073,0.529884,-1.17575
114,-1.3188,0.328838,-1.16813
114,-1.39923,0.283827,-1.16725
114,-1.32418,0.340438,-1.18697
114,-0.935408,0.575461,-1.19088
114,-0.90847,0.581318,-1.22774
114,-0.938106,0.589206,-1.20361
114,-1.41972,0.311713,-1.19446
114,-0.903186,0.591379,-1.24392
114,-0.933874,0.623268,-1.20455
114,-0.907088,0.603164,-1.25595
114,-1.74681,0.1679,-1.2122
114,-1.76868,0.166446,-1.20483
114,-1.64061,0.259878,-1.20746
114,-1.67975,0.256668,-1.19584
114,-1.68802,0.267704,-1.19964
114,-1.59576,0.334483,-1.20366
114,-1.55859,0.386241,-1.17011
114,-1.56314,0.385494,-1.17102
114,-1.7677,0.252426,-1.19654
114,-1.59969,0.359246,-1.21118
114,-1.58746,0.413019,-1.20193
114,-1.63745,0.364303,-1.23528
114,-1.62394,0.371083,-1.23741
114,-1.84392,0.265844,-1.2084
114,-1.93908,0.254979,-1.16601
114,-1.54368,0.473542,-1.2012
114,-0.594945,1.04303,-1.20755
114,-1.85064,0.287579,-1.22162
114,-1.85941,0.322493,-1.18506
114,-1.72911,0.370706,-1.24895
114,-1.69804,0.404125,-1.23365
114,-1.759,0.387753,-1.21632
114,-1.62766,0.490337,-1.1847
114,-1.70969,0.403594,-1.24502
114,-1.88318,0.337272,-1.20783
114,-1.78169,0.413915,-1.18732
114,-1.82768,0.378134,-1.19849
114,-1.7384,0.411974,-1.23273
114,-1.62883,0.500008,-1.20513
114,-1.64129,0.498421,-1.2078
114,-1.62627,0.510907,-1.20468
114,-1.83463,0.385569,-1.21485
114,-1.64021,0.508145,-1.21393
114,-1.75018,0.41467,-1.25259
114,-1.77659,0.410827,-1.23905
114,-1.76492,0.445472,-1.23211
114,-0.649542,1.18022,-1.21519
114,-0.65302,1.20073,-1.19695
114,-0.654819,1.20886,-1.18609
114,-1.87483,0.597736,-1.2189
114,-1.91596,0.579473,-1.21515
114,-1.92155,0.577743,-1.2147
114,-1.03353,1.11033,-1.22823
114,-1.86456,0.60695,-1.23257
114,-1.87522,0.602746,-1.2372
114,-1.20198,1.01722,-1.24039
114,-1.93437,0.581358,-1.23547
114,-1.21989,1.02957,-1.21688
114,-1.95939,0.604684,-1.19503
114,-1.40239,0.932004,-1.22809
114,-1.39348,0.936932,-1.22986
114,-1.94506,0.594979,-1.24568
114,-1.4009,0.962994,-1.19956
114,-1.41008,0.958614,-1.19831
114,-1.40672,0.936798,-1.23315
114,-1.40837,0.962041,-1.20725
114,-2.03842,0.589787,-1.207
114,-1.59447,0.87172,-1.2278
114,-1.41442,0.986163,-1.22393
114,-1.59875,0.886486,-1.20835
114,-1.41802,0.988723,-1.22528
114,-2.07327,0.600742,-1.21565
114,-1.42454,0.991172,-1.23635
114,-2.01538,0.638716,-1.23243
114,-2.01813,0.640241,-1.23855
114,-1.60024,0.889879,-1.2442
114,-1.21955,1.87485,-0.278018
114,-1.21311,1.90466,-0.29681
114,-2.15351,0.680157,-1.22794
114,-2.16183,0.688827,-1.21612
114,-2.11521,0.724743,-1.20901
114,-1.19249,1.9508,-0.277986
114,-1.22269,1.94601,-0.260678
114,-0.625521,1.64982,-1.19872
114,-1.39763,1.25791,-1.10634
114,-2.12477,0.741203,-1.22879
114,-1.15573,2.00174,-0.29059
114,-2.13866,0.769068,-1.2391
114,-2.16866,0.782254,-1.20999
114,-1.88495,0.941194,-1.2417
114,-2.15174,0.773472,-1.2546
114,-2.18897,0.791953,-1.21133
114,-2.11723,0.858196,-1.18803
114,-1.59914,1.13574,-1.23885
114,-2.23264,0.745865,-1.25245
114,-1.60208,1.13897,-1.2498
114,-2.28324,0.750355,-1.22049
114,-2.13648,0.816643,-1.26194
114,-1.90488,0.967326,-1.25007
114,-2.20014,0.801357,-1.2358
114,-1.91525,0.964981,-1.2611
114,-1.90599,0.975028,-1.26667
114,-1.66692,1.16585,-1.21747
114,-2.10856,0.885656,-1.24454
114,-1.91743,1.00008,-1.25318
114,-2.08021,0.92915,-1.2184
114,-2.05054,0.936298,-1.23404
114,-1.95944,0.993316,-1.23983
114,-1.97748,1.0044,-1.21692
114,-1.92859,0.993909,-1.27565
114,-2.04526,0.939687,-1.25371
114,-2.06348,0.955808,-1.21702
114,-1.97295,1.008,-1.2244
114,-1.94541,1.02558,-1.22658
114,-2.02826,0.99217,-1.21168
114,-2.3645,0.789506,-1.22941
114,-2.03743,0.963605,-1.26414
114,-1.97027,1.01207,-1.25609
114,-2.02692,1.00152,-1.22518
114,-1.95344,1.04046,-1.24078
114,-2.06124,0.952629,-1.27603
114,-1.6908,1.20904,-1.25613
114,-2.38396,0.806509,-1.23606
114,-1.94722,1.09827,-1.20787
114,-1.96859,1.06756,-1.2373
114,-2.03618,1.03363,-1.25642
114,-1.24219,1.6101,-1.12227
114,-1.97439,1.13172,-1.23648
114,-1.97107,1.15154,-1.22284
114,-1.97799,1.13797,-1.23724
114,-1.22642,1.74145,-1.04109
114,-1.22286,1.72917,-1.08929
114,-1.19011,1.83351,-1.06655
114,-2.57185,0.848737,-1.28339
114,-2.65216,0.856413,-1.2521
114,-2.71046,0.828213,-1.24381
114,-1.6328,2.1451,-0.334713
114,-1.06495,2.27051,-0.663557
114,-1.05412,1.91753,-1.19438
114,-1.01668,2.0603,-1.13968
114,-1.06534,2.08554,-1.10659
114,-1.04867,2.21199,-1.05158
114,-0.958263,2.27533,-1.16313
114,-0.971626,2.35669,-1.12399
114,-0.996983,2.43439,-1.16997
114,-3.2271,1.74061,-1.19657
114,-3.13031,2.14338,-0.863487
114,-3.10085,2.19008,-0.862263
114,-3.05427,2.04811,-1.12623
114,-3.09305,2.19379,-0.898723
114,-2.9773,2.98851,-0.299511
114,-2.90674,3.07041,-0.319079
114,-1.23654,5.78686,-1.22695
112,-1.23654,5.78686,-1.22695
114,-1.15496,2.01652,-0.288014
112,-1.15496,2.01652,-0.288014
114,-3.23001,1.64803,-0.36016
112,-3.23001,1.64803,-0.36016
114,-0.853187,1.7032,-0.235013
110,-0.853187,1.7032,-0.235013
115,-0.866793,-0.117231,-0.246929
115,-0.516373,0.309403,-1.19286
115,-0.528359,0.32052,-1.18027
115,-1.22161,0.0273362,-1.20214
115,-1.21949,0.0619014,-1.20467
115,-0.963445,0.231756,-1.21807
115,-1.27491,0.0669075,-1.19375
115,-0.965249,0.238028,-1.2183
115,-1.21753,0.0978093,-1.20787
115,-1.20829,0.103552,-1.21126
115,-1.21698,0.10029,-1.21117
115,-1.24343,0.0942734,-1.20039
115,-1.27338,0.0673057,-1.2097
115,-1.30033,0.0999193,-1.17684
115,-0.914404,0.325446,-1.1961
115,-0.972141,0.253593,-1.24351
115,-0.911523,0.329424,-1.203
115,-1.25356,0.128427,-1.19272
115,-1.3078,0.10453,-1.18373
115,-1.32664,0.102921,-1.17498
115,-1.22267,0.12022,-1.23121
115,-1.38286,0.0952004,-1.15399
115,-1.06503,0.26542,-1.19086
115,-0.986529,0.312426,-1.19692
115,-1.29787,0.132177,-1.19294
115,-0.992306,0.327007,-1.19235
115,-0.92968,0.348276,-1.21329
115,-1.06384,0.278249,-1.2038
115,-0.991364,0.320991,-1.20634
115,-1.06267,0.278026,-1.2061
115,-1.26257,0.1467,-1.2185
115,-1.08019,0.294343,-1.19021
115,-1.0194,0.370035,-1.1685
115,-1.38831,0.167363,-1.16683
115,-1.01948,0.385712,-1.19082
115,-1.77242,-0.104735,-1.223
115,-1.02885,0.389925,-1.20278
115,-1.03379,0.406937,-1.194
115,-1.02618,0.401463,-1.2055
115,-1.40004,0.187694,-1.20534
115,-1.37152,0.203651,-1.21603
115,-1.7756,-0.0537966,-1.22316
115,-1.28491,0.252587,-1.22844
115,-1.37789,0.219886,-1.20688
115,-1.28908,0.264923,-1.21876
115,-1.3759,0.212106,-1.21784
115,-1.33529,0.24807,-1.2072
115,-1.30751,0.256041,-1.22113
115,-1.30985,0.245918,-1.23111
115,-1.37764,0.251289,-1.18115
115,-1.2883,0.259193,-1.23283
115,-0.947508,0.527469,-1.18004
115,-1.35637,0.244039,-1.2113
115,-1.34945,0.231227,-1.23018
115,-1.38253,0.227452,-1.21289
115,-1.33999,0.255657,-1.21585
115,-1.40548,0.268876,-1.1608
115,-1.35809,0.255984,-1.21053
115,-1.36255,0.244508,-1.221
115,-1.30659,0.263605,-1.23989
115,-1.38102,0.269303,-1.19602
115,-1.32027,0.32521,-1.18416
115,-0.949834,0.539854,-1.20322
115,-1.68739,0.117096,-1.20403
115,-1.41485,0.289614,-1.20351
115,-1.42438,0.297323,-1.19763
115,-1.35749,0.36797,-1.17137
115,-1.40445,0.322286,-1.20918
115,-0.928514,0.629997,-1.20562
115,-1.66778,0.183613,-1.19682
115,-0.89355,0.623504,-1.25106
115,-1.70134,0.148468,-1.2325
115,-1.77284,0.118692,-1.22658
115,-1.90735,0.0983899,-1.16156
115,-1.61875,0.25962,-1.198
115,-1.62818,0.261395,-1.2036
115,-1.77206,0.154709,-1.22846
115,-1.77779,0.166165,-1.22187
115,-1.75852,0.173648,-1.2285
115,-1.59254,0.320314,-1.19893
115,-1.76625,0.185205,-1.22831
115,-1.80795,0.174249,-1.21532
115,-1.65926,0.260871,-1.22715
115,-1.64064,0.279205,-1.22013
115,-1.80205,0.188342,-1.21523
115,-1.56176,0.397347,-1.17778
115,-1.55907,0.392694,-1.18545
115,-1.73983,0.248326,-1.22302
115,-1.64414,0.318917,-1.21842
115,-1.63968,0.322546,-1.218
115,-1.78336,0.259188,-1.19979
115,-1.70534,0.295279,-1.21488
115,-1.73263,0.284451,-1.21023
115,-1.60309,0.359334,-1.21951
115,-1.64803,0.324804,-1.23552
115,-1.58004,0.436789,-1.18634
115,-1.82999,0.272888,-1.1993
115,-1.57674,0.442121,-1.18794
115,-1.5424,0.454885,-1.2086
115,-1.80725,0.337887,-1.172
115,-1.6927,0.361394,-1.22577
115,-1.71947,0.350912,-1.22398
115,-1.59497,0.453964,-1.2034
115,-1.54053,0.483961,-1.21407
115,-1.72773,0.351012,-1.23396
115,-1.50768,0.514142,-1.20786
115,-1.70037,0.365411,-1.23967
115,-1.54334,0.487423,-1.22033
115,-1.70037,0.383207,-1.235
115,-1.50765,0.530302,-1.21284
115,-1.72243,0.39512,-1.21982
115,-1.7269,0.403766,-1.21712
115,-1.78321,0.395348,-1.1903
115,-1.51275,0.534072,-1.22266
115,-1.5899,0.501059,-1.20973
115,-1.77273,0.38596,-1.21545
115,-1.7386,0.424073,-1.20467
115,-1.83896,0.37787,-1.19061
115,-1.78787,0.401213,-1.20091
115,-1.88681,0.328073,-1.21506
115,-1.82887,0.363553,-1.2181
115,-1.51929,0.540649,-1.23497
115,-0.555711,1.12947,-1.25031
115,-1.79696,0.382629,-1.22703
115,-1.62343,0.506569,-1.21997
115,-1.60563,0.517296,-1.22932
115,-1.62951,0.51882,-1.22852
115,-0.833663,1.11065,-1.18788
115,-0.834051,1.10415,-1.20137
115,-1.91527,0.537795,-1.20449
115,-1.88701,0.549706,-1.21693
115,-1.88482,0.564616,-1.22033
115,-1.02948,1.08515,-1.23304
115,-1.86315,0.577352,-1.22589
115,-1.88461,0.596079,-1.22467
115,-1.21682,1.02471,-1.22398
115,-1.21577,1.02071,-1.23573
115,-1.22666,1.03866,-1.23574
115,-1.88357,0.612588,-1.26186
115,-1.41072,0.938722,-1.23316
115,-1.97179,0.623066,-1.21845
115,-1.43043,0.969154,-1.23866
115,-1.4279,0.959395,-1.25369
115,-1.59712,0.879754,-1.2379
115,-1.60361,0.900515,-1.21678
115,-1.59694,0.903856,-1.21795
115,-2.02004,0.6339,-1.22547
115,-1.59892,0.903881,-1.22601
115,-1.61105,0.906082,-1.23248
115,-1.60602,0.891846,-1.25171
115,-1.61098,0.909065,-1.23106
115,-2.16849,0.675803,-1.244
115,-1.87982,0.923103,-1.23361
115,-1.41351,1.24866,-1.20192
115,-1.59619,1.11598,-1.23507
115,-1.59973,1.12419,-1.23667
115,-1.60274,1.12917,-1.24585
115,-1.65101,1.13989,-1.20976
115,-2.20672,0.791609,-1.21968
115,-2.28273,0.743921,-1.23494
115,-2.13184,0.86514,-1.20657
115,-1.29517,1.40299,-1.18818
115,-1.90858,0.971868,-1.24562
115,-2.10978,0.880557,-1.21368
115,-1.61551,1.15231,-1.25994
115,-2.17384,0.832714,-1.23284
115,-1.62931,1.16542,-1.24819
115,-2.14074,0.88076,-1.224
115,-1.68374,1.16539,-1.23698
115,-1.66886,1.17342,-1.23996
115,-1.67393,1.17216,-1.24412
115,-0.813515,1.73387,-1.21912
115,-1.67739,1.17712,-1.24008
115,-1.97983,1.00013,-1.23091
115,-2.13121,0.892141,-1.25191
115,-2.18244,0.872215,-1.2461
115,-2.09329,0.926759,-1.24892
115,-2.04591,0.944258,-1.27392
115,-1.96383,1.03106,-1.23788
115,-2.22075,0.863461,-1.24732
115,-2.07568,0.958522,-1.24389
115,-2.06122,0.939872,-1.27759
115,-2.03385,1.01015,-1.23325
115,-2.0993,0.991839,-1.21072
115,-2.03517,1.01659,-1.22833
115,-1.98692,1.02508,-1.25684
115,-2.04024,1.01835,-1.23554
115,-1.97436,1.12285,-1.21729
115,-1.97435,1.14777,-1.20941
115,-1.2745,1.69125,-1.09729
115,-1.98194,1.13556,-1.22106
115,-2.5766,0.704434,-1.30024
115,-1.24265,1.77236,-1.05822
115,-0.979333,1.81315,-1.23387
115,-2.62882,0.7859,-1.26425
115,-1.08044,1.96078,-1.13235
115,-1.07406,2.00801,-1.14354
115,-1.07197,2.08599,-1.12052
115,-1.05031,2.13614,-1.09392
115,-1.06993,2.16677,-1.09728
115,-0.805144,2.4784,-1.20311
115,-1.23278,1.0763,-1.29502
102,-1.23278,1.0763,-1.29502
115,-3.96063,2.54244,-1.65774
112,-3.96063,2.54244,-1.65774
116,-1.3152,0.134274,-1.19424
116,-1.30165,0.161047,-1.20014
116,-0.963132,0.525023,-1.18382
116,-0.383998,0.886007,-1.21641
116,-0.915446,0.5596,-1.23519
116,-0.947769,0.568441,-1.20485
116,-1.35572,0.304499,-1.23322
116,-0.401565,0.914578,-1.18329
116,-0.41682,0.898255,-1.19758
116,-1.37014,0.342675,-1.20762
116,-0.903,0.665747,-1.25229
116,-1.62122,0.373437,-1.23692
116,-1.82052,0.385836,-1.17891
116,-1.7739,0.425721,-1.20692
116,-0.563227,1.1105,-1.25236
116,-1.63472,0.53798,-1.21443
116,-0.837327,1.14203,-1.23644
116,-0.520854,1.35885,-1.22049
116,-0.847843,1.15114,-1.24758
116,-0.861922,1.17058,-1.22017
116,-1.02801,1.07913,-1.24494
116,-1.03433,1.0886,-1.24156
116,-0.402416,1.43492,-1.27499
116,-1.22333,1.03981,-1.21121
116,-0.541642,1.43229,-1.23197
116,-0.533232,1.45199,-1.24316
116,-1.24099,1.91757,-0.315011
116,-1.42335,1.01561,-1.2552
116,-1.60731,0.915174,-1.24873
116,-0.525295,1.59642,-1.22395
116,-0.639382,1.6366,-1.18807
116,-0.639222,1.66294,-1.20666
116,-2.1543,0.766428,-1.23325
116,-1.44719,1.34189,-1.1735
116,-1.49098,1.36972,-1.1345
116,-1.63791,1.17767,-1.26681
116,-2.16008,0.914864,-1.23002
116,-2.1689,0.925169,-1.22252
116,-1.96602,1.05485,-1.22295
116,-2.11727,0.971951,-1.22627
116,-1.97587,1.0673,-1.2171
116,-1.62435,1.38108,-1.1143
116,-0.815499,1.75834,-1.23143
116,-1.73648,1.24936,-1.21383
116,-1.63626,1.42046,-1.15158
116,-1.77066,1.28932,-1.24162
116,-1.26488,1.73371,-1.1017
116,-1.35096,1.6214,-1.18978
116,-1.09295,2.29909,-0.668696
116,-1.09504,2.31263,-0.685086
116,-1.00756,1.88604,-1.27195
116,-1.01486,1.90359,-1.26649
116,-1.05701,1.99348,-1.22133
116,-1.06808,2.12998,-1.15276
116,-1.08909,2.22885,-1.11806
116,-1.08936,2.26976,-1.12595
116,-0.990251,2.34786,-1.20183
116,-0.997854,2.39905,-1.14439
116,-3.29639,1.83019,-0.875577
116,-2.98904,2.08366,-0.851703
116,-2.22133,1.15056,-1.35417
115,-2.22133,1.15056,-1.35417
116,-1.79086,0.070161,-1.30472
115,-1.79086,0.070161,-1.30472
116,-3.48758,2.30453,-1.33653
115,-3.48758,2.30453,-1.33653
116,-1.69234,0.665756,-1.45058
115,-1.69234,0.665756,-1.45058
116,-3.14505,2.05343,-1.28044
114,-3.14505,2.05343,-1.28044
116,-2.93074,1.78848,-1.12254
114,-2.93074,1.78848,-1.12254
116,-1.2525,1.63384,-1.14413
114,-1.2525,1.63384,-1.14413
116,-1.28597,1.97479,-1.17454
114,-1.28597,1.97479,-1.17454
116,-2.90861,1.91372,-1.16544
114,-2.90861,1.91372,-1.16544
116,-0.666092,1.14361,-1.15574
114,-0.666092,1.14361,-1.15574
116,-3.35181,1.76964,-0.663197
114,-3.35181,1.76964,-0.663197
116,-1.49525,1.67448,-1.04842
114,-1.49525,1.67448,-1.04842
116,-1.50613,3.43791,-0.54795
104,-1.50613,3.43791,-0.54795
116,-3.08147,2.14527,-1.03268
108,-3.08147,2.14527,-1.03268
117,-1.19667,1.01287,-1.21816
117,-1.20859,1.02514,-1.19683
117,-1.03717,1.10955,-1.25249
117,-1.22494,1.06206,-1.23544
117,-1.41422,0.977383,-1.25785
117,-1.4205,1.00063,-1.22857
117,-2.0543,0.615917,-1.19966
117,-1.99187,0.652044,-1.23055
117,-1.60363,0.912749,-1.22464
117,-1.59555,0.906527,-1.24864
117,-1.62343,0.942906,-1.29143
117,-0.610008,1.65801,-1.25338
117,-1.18411,1.97501,-0.30213
117,-1.1473,2.00345,-0.296677
117,-0.627849,1.69391,-1.22885
117,-2.05222,0.800864,-1.24457
117,-1.5942,1.16383,-1.25393
117,-2.00942,0.942434,-1.24666
117,-1.68835,1.17778,-1.20524
117,-1.6274,1.18527,-1.26819
117,-1.91308,1.00726,-1.27002
117,-0.794868,1.74636,-1.25277
117,-0.808112,1.76315,-1.22869
117,-1.93124,1.0155,-1.27913
117,-2.11195,0.926092,-1.2629
117,-2.11073,0.92805,-1.26332
117,-2.15749,0.930794,-1.22135
117,-1.96274,1.03493,-1.25256
117,-2.12627,0.939126,-1.24334
117,-2.10034,0.964219,-1.23375
117,-2.13073,0.946754,-1.25625
117,-1.98728,1.08371,-1.23085
117,-1.2512,1.71538,-1.09804
117,-2.07319,1.08554,-1.25658
117,-1.97762,1.16538,-1.23136
117,-1.18971,1.82094,-1.09867
117,-1.62799,2.15849,-0.339242
117,-2.58597,0.887926,-1.31883
117,-1.06209,1.97676,-1.22104
117,-1.07589,2.08182,-1.17501
117,-1.07478,2.26084,-1.12481
117,-0.965516,2.4022,-1.22493
117,-0.871607,2.45727,-1.26248
117,-0.999088,2.4752,-1.18986
117,-0.793444,2.63836,-1.31594
117,-3.4758,1.88085,-0.257146
117,-3.44944,1.88817,-0.4563
117,-3.20634,2.18118,-0.263601
117,-3.08174,2.22858,-0.460146
117,-3.28907,1.81908,-0.875139
117,-3.46966,1.68515,-0.928111
117,-3.4104,1.59369,-1.15376
117,-3.49343,1.62881,-1.07096
117,-2.88938,2.60018,-0.289249
117,-3.18699,2.17113,-0.626035
117,-3.2269,2.01506,-0.828126
117,-2.90467,2.61422,-0.298093
117,-2.93311,1.97026,-1.21139
117,-3.16187,2.07277,-0.884487
117,-3.23803,2.02745,-0.885412
117,-3.18381,2.24269,-0.685923
117,-3.20588,2.04413,-0.948807
117,-3.14487,2.27366,-0.680231
117,-3.09628,2.23268,-0.813782
117,-3.13261,2.22314,-0.822694
117,-3.21673,1.94629,-1.16262
117,-3.07625,2.21924,-0.910404
117,-3.21625,2.12829,-0.912797
117,-3.08012,2.02398,-1.19031
117,-3.1658,2.16786,-0.92747
117,-3.16218,2.20964,-0.881652
117,-3.15066,2.22722,-0.953411
117,-3.20809,2.05514,-1.18934
117,-3.16338,2.25056,-1.09236
117,-3.19309,2.26308,-1.13087
117,-2.05554,4.01722,-0.0714752
117,-2.1612,4.13052,-0.230976
117,-2.23332,4.35731,-0.389749
117,-3.46674,2.04677,-1.36047
114,-3.46674,2.04677,-1.36047
117,-2.24737,0.907318,-1.28195
115,-2.24737,0.907318,-1.28195
117,-2.09749,0.735188,-1.3288
115,-2.09749,0.735188,-1.3288
117,-1.48387,2.81503,-0.0115044
113,-1.48387,2.81503,-0.0115044
117,-1.15868,2.23799,-0.278903
113,-1.15868,2.23799,-0.278903
117,-1.7722,3.15796,-0.390286
110,-1.7722,3.15796,-0.390286
117,-1.61616,2.45565,-0.295513
110,-1.61616,2.45565,-0.295513
118,-1.61242,1.14858,-1.23999
118,-2.1325,0.862936,-1.23668
118,-2.19857,0.821804,-1.2354
118,-1.92372,0.997981,-1.27788
118,-1.16549,1.78302,-1.06306
118,-2.0916,0.990805,-1.29113
118,-2.42681,0.848688,-1.27999
118,-2.57008,0.875594,-1.33431
118,-1.59914,2.06858,-0.470394
118,-1.07427,2.09226,-1.17305
118,-0.945561,2.33968,-1.19889
118,-3.4699,1.87853,0.13979
118,-3.1774,2.27591,0.225178
118,-3.37498,1.7862,-0.407828
118,-3.36289,1.77972,-0.441643
118,-3.33792,1.75654,-0.663211
118,-3.18451,2.20277,-0.141879
118,-3.12479,2.27299,-0.113467
118,-3.2653,2.15157,-0.159723
118,-3.24257,2.09074,-0.326853
118,-3.17742,2.20969,-0.219283
118,-3.17374,2.21164,-0.25042
118,-3.18153,2.16847,-0.347344
118,-3.24632,2.05994,-0.539076
118,-3.16932,2.25937,-0.28364
118,-3.2796,2.03255,-0.59704
118,-3.17945,1.78317,-1.18416
118,-2.81271,2.62673,-0.161474
118,-3.14993,1.82103,-1.18108
118,-3.13853,1.84187,-1.18889
118,-2.69844,2.72604,-0.193636
118,-2.94222,1.97994,-1.2458
118,-3.19591,2.22996,-0.489136
118,-3.25533,2.10604,-0.649343
118,-3.19215,2.23299,-0.505386
118,-2.75826,2.71538,-0.208536
118,-3.25161,1.83885,-1.15563
118,-3.1024,1.91766,-1.22284
118,-3.13545,1.94597,-1.1295
118,-3.27703,2.126,-0.649926
118,-3.07175,1.99622,-1.18307
118,-3.23559,1.89366,-1.15472
118,-3.14979,2.311,-0.514393
118,-3.2672,1.86913,-1.16214
118,-3.1594,2.07747,-0.928561
118,-3.18256,2.26099,-0.606477
118,-3.16676,2.16214,-0.810221
118,-3.20478,2.07924,-0.915558
118,-3.23425,1.94608,-1.16684
118,-3.19072,2.18299,-0.797837
118,-3.0933,2.26418,-0.785465
118,-3.1456,2.19043,-0.86786
118,-3.3171,2.17841,-0.688502
118,-3.2146,2.1318,-0.925741
118,-2.76258,2.86116,-0.268903
118,-2.80898,2.91846,-0.242053
118,-3.19912,2.26684,-1.14126
118,-2.73924,1.7463,-1.06849
117,-2.73924,1.7463,-1.06849
118,-1.17127,1.81655,-1.09986
117,-1.17127,1.81655,-1.09986
118,-1.53549,1.87354,-0.401268
117,-1.53549,1.87354,-0.401268
118,-1.42361,1.85572,-0.149299
117,-1.42361,1.85572,-0.149299
118,-3.26399,2.34003,-1.13458
116,-3.26399,2.34003,-1.13458
118,-1.84827,2.77427,-0.29021
110,-1.84827,2.77427,-0.29021
118,-1.69117,1.23183,-1.295
91,-1.69117,1.23183,-1.295
118,-1.31384,2.55102,-0.289272
109,-1.31384,2.55102,-0.289272
119,-1.16826,1.94834,-0.280355
119,-3.53655,1.33766,0.180495
119,-3.40461,1.82868,0.181044
119,-3.63305,1.3937,-0.459019
119,-3.39192,1.89809,0.159064
119,-3.45815,1.86174,0.133869
119,-3.20185,2.31108,0.253996
119,-3.18899,2.30934,0.209983
119,-3.3534,1.78163,-0.68103
119,-3.40843,1.64454,-0.886847
119,-3.08244,1.77999,-1.22889
119,-2.97395,1.90862,-1.21237
119,-3.31889,1.81683,-0.774395
119,-3.37364,1.71293,-0.904514
119,-2.94053,1.95377,-1.2031
119,-3.20801,2.15111,-0.262613
119,-2.95842,1.95144,-1.18987
119,-3.31482,1.75653,-1.02048
119,-3.12307,1.90359,-1.19435
119,-2.88489,2.73121,0.134588
119,-3.1626,2.24641,-0.476422
119,-3.12253,2.24851,-0.657165
119,-3.16742,2.25992,-0.695953
119,-3.15781,2.29129,-0.67529
119,-3.19954,2.37844,-0.521839
119,-3.18678,2.31978,-0.689384
119,-3.06372,2.61638,-0.39285
119,-2.99399,2.73531,-0.303358
119,-3.00527,2.74885,-0.256145
119,-3.00248,2.74352,-0.304575
119,-3.01436,2.78632,-0.332926
119,-2.80807,2.91241,-0.238586
118,-2.80807,2.91241,-0.238586
119,-2.80807,2.91241,-0.238586
118,-2.80807,2.91241,-0.238586
119,-2.72512,2.66904,0.293008
109,-2.72512,2.66904,0.293008
119,-3.11501,3.23462,0.31672
109,-3.11501,3.23462,0.31672
119,-2.87624,2.91471,0.0546301
108,-2.87624,2.91471,0.0546301
119,-2.86743,2.87665,0.04551
108,-2.86743,2.87665,0.04551
120,-3.55685,1.3865,0.771068
120,-2.19922,2.46479,-0.305137
120,-2.25063,2.46769,-0.295877
120,-3.36304,1.8164,0.751129
120,-3.43637,1.88819,0.743794
120,-3.41737,1.79463,0.125633
120,-3.46732,1.7644,0.163402
120,-3.41788,1.82113,0.15139
120,-3.39296,1.84075,0.107949
120,-3.45436,1.76186,0.030144
120,-3.3683,1.79684,-0.0995697
120,-3.36376,1.85058,0.0150307
120,-3.35415,1.82746,-0.0708462
120,-3.35271,1.89265,0.0810413
120,-3.36717,1.87548,0.0649139
120,-3.3516,1.85203,-0.0449026
120,-3.35698,1.86523,-0.00824469
120,-3.22004,2.35406,0.879194
120,-3.31965,1.99388,0.166844
120,-3.17026,2.30543,0.458982
120,-3.31823,1.88978,-0.307241
120,-3.36356,1.80602,-0.448856
120,-3.27069,2.4027,0.860221
120,-3.16036,2.28123,0.237728
120,-3.15161,2.2852,0.188523
120,-3.18724,2.27067,0.236118
120,-3.16603,2.29116,0.196992
120,-3.21936,2.11054,-0.154867
120,-3.35836,1.81325,-0.60995
120,-3.01728,1.92964,-1.22113
120,-3.41242,1.85083,-0.427873
120,-3.40475,1.85026,-0.457865
120,-3.37078,1.93687,-0.322808
120,-3.18735,2.22908,-0.0268444
120,-2.85782,2.61897,0.112458
120,-3.14814,1.8567,-1.19618
120,-3.20932,1.79295,-1.2119
120,-3.20805,2.30877,0.141112
120,-3.23083,2.18692,-0.132863
120,-3.29516,1.84414,-0.898942
120,-3.22213,2.23448,-0.0619524
120,-3.12701,1.89719,-1.19552
120,-3.39059,1.74002,-0.938829
120,-2.72054,2.64938,-0.293855
120,-3.22431,2.24047,-0.0781534
120,-3.00635,2.01846,-1.23963
120,-3.18559,2.30045,-0.0390739
120,-3.38713,1.763,-0.942169
120,-3.20411,2.24255,-0.167212
120,-3.08025,2.44704,0.03554
120,-2.70157,2.69665,-0.291195
120,-2.72014,2.68244,-0.284715
120,-3.07679,2.40873,-0.0927692
120,-3.35742,1.84365,-0.857292
120,-3.34746,1.86969,-0.822988
120,-3.39495,1.76936,-0.969866
120,-3.17855,2.3026,-0.124255
120,-3.16809,2.34605,-0.0374229
120,-3.19243,2.29475,-0.110875
120,-3.0668,2.41089,-0.139004
120,-3.13859,1.94133,-1.19765
120,-3.18499,2.30542,-0.12037
120,-3.16314,2.3294,-0.114938
120,-3.22749,2.21435,-0.277638
120,-3.45851,1.79115,-0.828284
120,-3.23605,1.95214,-0.979072
120,-3.42376,1.8536,-0.766033
120,-3.20029,2.3466,-0.0726773
120,-3.20283,2.27683,-0.250102
120,-3.1034,2.51297,0.114639
120,-3.07241,2.44106,-0.161051
120,-3.15616,2.2216,-0.52835
120,-3.17382,2.35482,-0.134194
120,-3.10907,2.43516,-0.104558
120,-3.22073,2.22918,-0.368833
120,-3.16581,2.23274,-0.538433
120,-3.38206,1.90412,-0.857342
120,-3.40907,1.88022,-0.894015
120,-3.23826,2.29462,-0.247292
120,-2.84849,2.73978,-0.080488
120,-3.13126,2.2349,-0.685216
120,-2.95695,2.74022,0.175606
120,-3.10414,2.46908,-0.173149
120,-2.96602,2.74379,0.178293
120,-3.06667,2.5331,-0.150565
120,-2.83239,2.71836,-0.276857
120,-2.73646,2.83904,-0.209008
120,-3.07579,2.53731,-0.129911
120,-3.1883,2.18824,-0.794295
120,-3.17952,2.31943,-0.50506
120,-3.06811,2.61985,-0.00989622
120,-3.10861,2.58666,-0.135331
120,-3.03931,2.58727,-0.401967
120,-2.94369,2.73536,-0.285498
120,-3.05835,2.59825,-0.401834
120,-2.96866,2.74645,-0.285519
120,-2.92835,2.81246,-0.240254
120,-2.88868,2.94424,-0.259681
120,-2.67357,2.72934,-0.187812
119,-2.67357,2.72934,-0.187812
120,-3.28166,2.28913,-0.399314
118,-3.28166,2.28913,-0.399314
120,-3.32234,2.07882,-0.622908
118,-3.32234,2.07882,-0.622908
120,-3.41941,2.42279,-0.919498
118,-3.41941,2.42279,-0.919498
120,-3.5172,2.36999,-0.420946
118,-3.5172,2.36999,-0.420946
120,-2.86172,2.84934,-0.261452
118,-2.86172,2.84934,-0.261452
120,-2.4524,2.25475,0.901048
109,-2.4524,2.25475,0.901048
120,-2.43112,2.23308,0.897048
109,-2.43112,2.23308,0.897048
120,-2.85437,2.80839,1.05268
109,-2.85437,2.80839,1.05268
120,-3.35327,1.78065,-1.05064
116,-3.35327,1.78065,-1.05064
120,-3.01164,2.78934,1.01196
110,-3.01164,2.78934,1.01196
120,-2.79738,2.83981,0.982318
108,-2.79738,2.83981,0.982318
120,-3.13755,3.11919,0.934857
108,-3.13755,3.11919,0.934857
120,-2.81718,2.6179,-0.315356
108,-2.81718,2.6179,-0.315356
120,-3.16579,2.24939,-1.06688
108,-3.16579,2.24939,-1.06688
121,-3.10716,1.2681,-0.440966
121,-3.11743,1.22533,-0.754409
121,-2.82211,1.59607,-0.736536
121,-3.1459,1.25269,-0.689809
121,-3.13851,1.22544,-0.814985
121,-2.84977,1.60814,-0.671451
121,-2.8432,1.56992,-0.925094
121,-2.87173,1.62689,-0.678769
121,-3.20145,1.19377,-0.855135
121,-2.8839,1.62148,-0.897832
121,-3.41368,1.66053,0.951398
121,-3.60316,1.41718,0.768624
121,-3.38544,1.76002,0.923746
121,-3.48101,1.69995,1.02632
121,-3.40231,1.7546,0.915465
121,-3.42978,1.78345,1.03289
121,-3.43013,1.78104,1.01755
121,-2.81453,1.98051,-0.479066
121,-3.50314,1.73832,1.04548
121,-3.36138,1.83809,0.743016
121,-2.87302,1.80772,-1.00814
121,-3.3864,1.8499,0.797396
121,-3.59073,1.40491,0.168341
121,-3.43057,1.89788,1.06182
121,-3.18351,1.76643,-0.246306
121,-2.89234,1.81477,-1.11053
121,-3.33458,1.80157,0.191774
121,-3.33344,1.80323,0.188684
121,-3.92837,1.44397,1.03964
121,-3.2371,1.81815,-0.257755
121,-3.56662,1.37513,-0.453391
121,-2.97731,2.0207,-0.579643
121,-3.30855,1.77361,-0.194056
121,-3.03809,2.09563,-0.165515
121,-3.24147,1.77562,-0.420943
121,-2.99597,2.00959,-0.574453
121,-3.24443,1.83993,-0.278526
121,-2.98004,2.05227,-0.585943
121,-3.29309,1.76066,-0.405999
121,-3.26502,1.86375,-0.28503
121,-3.62739,1.40496,-0.458331
121,-3.43198,1.85138,0.136026
121,-3.34393,1.78804,-0.368112
121,-3.34212,1.76165,-0.534779
121,-3.35536,1.80539,-0.395123
121,-3.13795,2.28824,0.256236
121,-3.15932,2.28954,0.261288
121,-3.12333,2.15623,-0.269636
121,-3.16409,2.29333,0.197387
121,-3.20065,2.35454,0.468587
121,-3.0652,2.69642,1.006
121,-3.1639,2.62285,1.09834
121,-3.38861,1.84774,-0.465585
121,-3.28215,2.43035,0.835751
121,-3.09057,2.76331,1.1424
121,-2.97501,2.85455,0.924934
121,-3.04486,2.81047,1.02357
121,-3.1492,2.64561,0.853749
121,-3.05684,2.80379,0.979792
121,-3.04214,2.84302,1.02855
121,-2.96977,2.90771,0.975145
121,-3.25404,2.41424,0.475895
121,-3.2502,2.6217,1.06527
121,-2.7389,2.7426,-0.31621
121,-3.11953,2.26438,-0.457466
121,-3.06885,2.86051,1.09524
121,-2.82096,2.67556,-0.319431
121,-2.77554,2.74038,-0.311589
121,-2.95503,2.95246,0.895196
121,-2.97333,2.98218,1.00722
121,-2.93953,3.03974,1.03792
121,-3.30212,2.46128,0.489287
121,-2.77967,2.7962,-0.302292
121,-3.29637,2.2729,-0.171414
121,-3.03577,2.82828,0.191302
121,-3.25043,2.35527,-0.511268
121,-4.03574,1.49177,-0.436888
121,-3.25606,2.36319,-0.512507
121,-2.89528,2.94512,-0.276649
121,-3.53575,2.69327,1.10587
121,-2.88709,3.07849,-0.265642
121,-3.7794,2.56281,1.14226
121,-3.79522,1.91136,-0.795935
121,-3.05257,3.17391,0.320274
121,-3.51164,2.33055,-0.672606
121,-3.08589,3.00268,-0.188898
121,-3.82626,2.62053,1.15357
121,-3.89254,1.88362,-1.31585
121,-3.86626,1.97351,-1.1882
121,-4.11341,1.62724,-1.38521
121,-3.89039,1.99751,-1.26081
121,-3.87448,2.90262,1.23488
121,-3.30822,3.18836,0.135744
121,-3.96053,1.93038,-1.36436
121,-3.91381,2.11176,-1.03871
121,-3.90129,2.06495,-1.50922
121,-4.04148,2.01521,-1.45912
121,-4.01883,2.07807,-1.46327
121,-4.0347,2.02658,-1.60269
121,-4.04999,2.09296,-1.47608
121,-4.14832,2.17331,-1.53308
121,-4.16114,2.12481,-1.72604
121,-4.28793,2.20554,-1.79811
121,-4.79491,1.94244,-1.73564
121,-10.2652,5.6182,2.39841
121,-3.19522,2.33174,-0.69247
119,-3.19522,2.33174,-0.69247
121,-2.85106,1.13824,-0.0459197
119,-2.85106,1.13824,-0.0459197
121,-2.35667,2.19149,-0.0678143
119,-2.35667,2.19149,-0.0678143
121,-3.4031,2.26555,-0.723983
118,-3.4031,2.26555,-0.723983
121,-3.44657,1.33563,-1.00294
118,-3.44657,1.33563,-1.00294
121,-3.69408,1.84106,-1.04947
118,-3.69408,1.84106,-1.04947
122,-1.45652,0.280565,0.359571
122,-3.58012,0.857862,0.538434
122,-3.69639,0.895655,0.884645
122,-3.67082,0.873165,0.277962
122,-3.29039,1.47248,0.361261
122,-2.97345,1.54274,-0.761378
122,-3.34785,1.4486,0.332716
122,-3.42617,1.36899,0.15847
122,-3.45299,1.35769,0.161329
122,-3.4331,1.45282,0.310823
122,-3.61024,1.41785,0.82934
122,-3.43121,1.69851,0.936108
122,-3.43134,1.7409,0.996492
122,-3.61479,1.4236,0.778379
122,-3.49585,1.39,0.190902
122,-3.61911,1.42768,0.752759
122,-3.16022,1.75478,-0.230559
122,-3.6298,1.37584,0.417452
122,-3.13123,1.60778,-0.836674
122,-3.28977,1.83771,0.419579
122,-3.46801,1.3558,-0.289448
122,-3.29218,1.83974,0.419353
122,-3.56454,1.39068,0.14773
122,-3.29415,1.84397,0.396457
122,-3.27293,1.85401,0.284538
122,-3.19327,1.78292,-0.243646
122,-3.36157,1.98946,0.983109
122,-3.14764,1.72134,-0.602799
122,-3.66605,1.38864,0.407446
122,-3.57753,1.37342,0.0271314
122,-3.17004,1.69714,-0.606941
122,-3.50157,1.37532,-0.298973
122,-3.69718,1.4047,0.427855
122,-2.95835,2.0407,-0.590726
122,-3.56849,1.38143,-0.209811
122,-3.54738,1.35802,-0.383737
122,-3.53446,1.36312,-0.433453
122,-3.70868,1.3795,0.27513
122,-2.98128,2.04122,-0.600027
122,-3.36058,1.87338,0.354262
122,-3.36067,1.80871,0.162253
122,-3.49217,1.67225,0.267222
122,-3.56131,1.374,-0.390368
122,-3.36859,1.83289,0.18014
122,-3.31325,1.77169,-0.213614
122,-3.18976,2.34097,0.931335
122,-3.23911,1.86532,-0.269915
122,-3.19112,2.34726,0.904606
122,-3.2648,1.72728,-0.614376
122,-3.30896,1.78344,-0.363582
122,-3.78287,1.45512,0.398993
122,-3.647,1.42059,-0.227307
122,-3.33404,1.78156,-0.414891
122,-3.65312,1.42921,-0.226801
122,-3.64982,1.43327,-0.247937
122,-3.63587,1.40623,-0.414809
122,-3.38288,1.79354,-0.315629
122,-3.35969,1.79989,-0.403894
122,-3.23954,2.31207,0.601242
122,-3.63892,1.41033,-0.460389
122,-3.21292,2.30908,0.44683
122,-3.21527,2.36192,0.568973
122,-3.18736,2.40113,0.475478
122,-3.8737,1.49226,0.415757
122,-3.77991,1.36694,-0.367586
122,-3.12133,2.78745,1.15622
122,-3.67388,1.42654,-0.684444
122,-3.37505,1.78299,-0.80242
122,-3.12293,2.7795,1.01913
122,-2.99619,2.91739,0.918656
122,-3.2492,2.6473,1.05793
122,-3.23203,2.37104,0.202372
122,-3.09469,2.86973,1.10363
122,-3.00563,2.95174,0.984999
122,-3.34097,2.54251,1.07395
122,-3.24497,2.37918,0.236696
122,-3.2829,2.66978,1.0872
122,-3.02538,2.9651,0.935862
122,-3.72967,1.45063,-0.750684
122,-3.89296,1.42551,-0.389067
122,-3.2852,2.44904,0.215643
122,-3.33487,2.49322,0.503854
122,-3.8997,1.42426,-0.407015
122,-3.80276,1.41978,-0.898774
122,-3.03649,3.0792,0.920623
122,-2.96784,2.84777,-0.164601
122,-4.07127,1.01061,-1.22158
122,-4.06306,1.59747,0.387858
122,-3.97204,1.51315,-0.98526
122,-3.90866,2.00509,-1.28677
122,-3.91567,2.94387,1.22473
122,-9.98537,5.45087,2.26225
122,-3.41245,1.76877,0.141087
120,-3.41245,1.76877,0.141087
122,-2.42443,1.52047,0.576715
120,-2.42443,1.52047,0.576715
123,-3.59763,0.908211,0.636087
123,-3.1156,1.27369,-0.438937
123,-3.84994,0.762632,1.09752
123,-3.29392,1.42955,0.51649
123,-3.30445,1.42785,0.454417
123,-3.13856,1.7023,0.425022
123,-3.32293,1.49491,0.58713
123,-3.3281,1.47769,0.514464
123,-3.76896,0.911188,0.583918
123,-3.74417,0.901461,0.280794
123,-3.53767,1.46866,0.942345
123,-3.73791,0.899068,0.235023
123,-3.58272,1.39354,0.801523
123,-3.44599,1.37767,0.160323
123,-3.59954,1.42334,0.832167
123,-3.31551,1.71369,0.419676
123,-3.1447,1.7495,-0.223931
123,-3.26918,1.81356,0.427276
123,-3.35402,1.8132,0.75134
123,-3.52614,1.35806,0.191245
123,-3.50558,1.39112,0.177338
123,-3.36763,1.80153,0.701013
123,-3.53136,1.36275,0.193292
123,-3.53287,1.36798,0.190922
123,-3.51318,1.39592,0.170196
123,-3.35902,1.79083,0.58107
123,-3.38953,1.75851,0.578795
123,-3.37885,1.72039,0.424442
123,-3.42841,1.62262,0.364764
123,-3.29889,1.84214,0.420085
123,-3.44969,1.81432,0.920938
123,-2.94612,1.94831,-0.76755
123,-3.51071,1.74295,0.917639
123,-3.56762,1.3855,0.189039
123,-3.18697,1.80816,-0.250367
123,-3.76173,1.46266,1.11114
123,-3.45824,1.76051,0.686507
123,-2.98553,2.59696,0.983852
123,-3.5168,1.3482,-0.195123
123,-3.49166,1.66964,0.538086
123,-3.27597,1.73112,-0.168361
123,-3.48398,1.68112,0.493839
123,-3.32738,1.80022,0.179651
123,-3.2021,1.89664,-0.0814606
123,-2.93537,1.99669,-0.881944
123,-3.28243,1.73977,-0.212162
123,-3.49603,1.33473,-0.435195
123,-2.94525,2.12573,-0.560944
123,-3.3461,1.81149,0.18984
123,-3.44429,1.74569,0.372246
123,-3.60842,1.41306,0.150586
123,-3.51079,1.34115,-0.443431
123,-3.44966,1.35878,-0.677146
123,-3.52341,1.35369,-0.447508
123,-3.56951,1.37207,-0.246211
123,-3.4841,1.72326,0.298697
123,-3.39257,1.81022,0.156466
123,-3.52212,1.72698,0.433731
123,-3.21387,2.36166,0.858562
123,-2.96411,2.03775,-0.981466
123,-3.56599,1.35735,-0.41846
123,-3.40714,1.81964,0.151488
123,-3.59934,1.38796,-0.221663
123,-3.10852,2.64987,1.09128
123,-3.34743,1.80222,-0.204419
123,-3.61012,1.40724,-0.262275
123,-3.52773,1.80297,0.444676
123,-3.61955,1.41108,-0.222971
123,-3.30049,1.75541,-0.633654
123,-3.24617,2.3095,0.594922
123,-3.12912,2.59559,0.852572
123,-3.17988,2.26752,0.165303
123,-3.57166,1.79,0.464487
123,-3.15447,2.26661,-0.0221812
123,-3.25725,2.30972,0.453532
123,-3.2731,2.3098,0.472011
123,-3.18363,2.1723,-0.246602
123,-3.09644,2.86113,1.11176
123,-3.03516,2.93053,1.0144
123,-3.01511,2.92374,0.912213
123,-3.97336,1.02077,-0.279101
123,-3.06942,2.90331,1.054
123,-3.00903,2.97006,0.976178
123,-3.3029,2.38047,0.596766
123,-3.24805,2.38874,0.230237
123,-3.02345,3.05902,1.00422
123,-4.01159,0.979511,-0.562744
123,-2.8185,2.88035,-0.339394
123,-3.91394,0.942443,-1.10998
123,-3.34135,2.23417,-0.179466
123,-3.08036,2.90306,0.158927
123,-2.88123,3.07277,-0.270259
123,-3.43148,2.32203,-0.31406
123,-2.95699,3.06434,-0.25279
123,-3.15155,2.98813,0.160992
123,-3.05034,3.21545,0.305636
123,-12.0771,6.75251,2.62277
123,-3.3501,1.36699,-0.902367
121,-3.3501,1.36699,-0.902367
123,-3.13847,1.20365,-0.815603
121,-3.13847,1.20365,-0.815603
123,-3.33956,0.806022,-0.162729
121,-3.33956,0.806022,-0.162729
123,-3.74403,1.06009,-0.147508
121,-3.74403,1.06009,-0.147508
123,-4.16131,1.04204,-0.115321
121,-4.16131,1.04204,-0.115321
123,-3.62876,2.0673,-0.0550654
120,-3.62876,2.0673,-0.0550654
123,-3.30685,1.80651,0.0895234
120,-3.30685,1.80651,0.0895234
123,-2.94224,1.99822,0.200641
120,-2.94224,1.99822,0.200641
123,-3.43879,1.94564,0.0787101
120,-3.43879,1.94564,0.0787101
123,-2.90957,2.42129,-0.324211
120,-2.90957,2.42129,-0.324211
123,-3.45806,1.64562,-0.647564
119,-3.45806,1.64562,-0.647564
123,-2.90605,2.61928,-0.285118
117,-2.90605,2.61928,-0.285118
124,-1.4988,0.292321,0.497576
124,-1.56833,0.352878,0.387782
124,-3.57128,1.26737,0.98107
124,-3.7726,0.946092,0.895102
124,-3.39898,1.43956,0.453707
124,-3.70863,0.980453,0.614197
124,-3.92725,0.729723,0.88921
124,-3.74321,0.918782,0.54809
124,-3.74426,0.927359,0.487394
124,-3.7568,0.932159,0.536889
124,-3.74371,0.927055,0.462224
124,-3.52961,1.47707,0.959331
124,-3.75056,0.988782,0.605439
124,-3.43731,1.47139,0.443904
124,-3.41875,1.54286,0.538655
124,-3.77105,0.931813,0.482922
124,-3.48495,1.47975,0.543552
124,-3.59339,1.36954,0.72305
124,-3.70448,0.905315,-0.0195047
124,-3.76196,0.933013,0.28064
124,-3.43868,1.54071,0.42162
124,-3.76383,0.933434,0.21497
124,-3.52497,1.44352,0.487547
124,-3.61957,1.38382,0.738729
124,-3.5142,1.36359,0.171613
124,-3.60036,1.43093,0.736109
124,-3.60733,1.43083,0.74037
124,-3.34069,1.97151,0.961128
124,-3.35104,1.75637,0.398098
124,-3.7582,0.916734,-0.00877798
124,-3.53907,1.6938,1.04154
124,-3.60569,1.41701,0.585393
124,-3.54814,1.37857,0.196923
124,-3.5975,1.36816,0.393302
124,-3.40969,1.93143,1.03953
124,-3.52575,1.36551,0.0228248
124,-3.39485,1.85745,0.739584
124,-3.60688,1.43078,0.559342
124,-3.6152,1.43429,0.598194
124,-3.36502,1.99788,0.968107
124,-3.39739,1.87618,0.786829
124,-3.31463,1.88058,0.370941
124,-3.55637,1.39997,0.180241
124,-3.32799,1.87784,0.397299
124,-3.22222,1.81326,-0.261511
124,-3.48435,1.82303,0.949298
124,-3.48778,1.67959,0.525087
124,-3.52675,1.78632,0.987954
124,-3.28051,1.77352,-0.18661
124,-3.52729,1.80246,1.00209
124,-3.49444,1.86079,1.00417
124,-3.49532,1.3687,-0.314855
124,-3.41755,1.77265,0.409343
124,-3.39311,2.03597,0.984413
124,-3.35192,1.90288,0.39985
124,-3.40091,1.94322,0.718661
124,-3.3036,1.7722,-0.196385
124,-3.28205,1.76481,-0.388455
124,-3.46924,1.8039,0.535272
124,-3.45424,1.76835,0.368156
124,-3.40756,1.49531,-0.584535
124,-3.13313,2.56088,0.99335
124,-3.34999,1.85181,0.0209715
124,-3.32606,1.79426,-0.256853
124,-3.57813,1.39104,-0.24166
124,-3.58663,1.39529,-0.224139
124,-3.23892,2.39273,0.835111
124,-3.4145,1.84204,0.148971
124,-3.13407,2.20451,-0.219404
124,-3.18448,2.59003,1.03697
124,-3.57165,1.39448,-0.468967
124,-3.25238,2.34058,0.563519
124,-3.87791,1.00263,-0.25902
124,-3.01294,2.90715,0.913052
124,-3.5762,1.38927,-0.631851
124,-2.91972,2.63563,-0.306538
124,-3.68959,1.33577,-0.35094
124,-3.23763,2.6504,1.08456
124,-3.25609,2.40394,0.458334
124,-3.39951,1.86392,-0.41062
124,-3.39891,1.86871,-0.484216
124,-3.22578,2.23281,-0.295702
124,-3.44101,1.84858,-0.352917
124,-3.95231,1.03423,-0.280921
124,-3.25853,2.4033,0.217387
124,-3.99756,1.05128,-0.304818
124,-3.3449,2.258,-0.195911
124,-3.28622,2.41792,-0.096089
124,-3.36025,2.26579,-0.203984
124,-3.77452,1.48896,-0.788644
124,-3.93482,1.52038,-0.981444
124,-5.91236,4.91399,1.57196
124,-6.39115,5.34201,1.65424
124,-3.21237,2.14376,-0.935625
121,-3.21237,2.14376,-0.935625
124,-3.00041,2.14845,0.40496
120,-3.00041,2.14845,0.40496
125,-2.90344,1.97228,1.50087
125,-3.7871,0.44139,0.277167
125,-3.47014,1.10576,-0.013569
125,-3.93499,0.518711,1.07147
125,-3.67328,0.901633,0.485375
125,-3.66073,0.88256,-0.00379664
125,-3.75383,0.928135,0.878981
125,-3.71511,0.900435,0.24274
125,-3.67717,1.15361,1.05307
125,-4.04349,0.498111,1.08073
125,-3.25777,1.8173,0.410255
125,-3.68327,1.16928,1.06017
125,-4.03242,0.517048,1.03779
125,-3.57569,1.14734,-0.000394285
125,-3.53555,1.39078,0.732745
125,-3.79837,0.954038,0.948698
125,-3.54084,1.39701,0.727854
125,-3.8014,0.955505,0.918516
125,-3.55413,1.40387,0.80158
125,-3.17377,2.29636,1.59989
125,-3.55912,1.40809,0.764789
125,-2.9752,2.39602,0.309589
125,-3.82024,0.967846,0.950701
125,-3.81121,0.965466,0.847872
125,-3.8199,0.972318,0.948804
125,-3.83223,0.932193,0.851363
125,-3.40934,1.74663,0.962709
125,-3.81984,0.961948,0.841523
125,-3.5699,1.40948,0.738593
125,-3.72255,1.1983,1.06281
125,-3.31922,1.87597,0.721158
125,-3.77841,0.928813,0.292023
125,-3.3942,1.78476,0.904806
125,-3.79764,0.945735,0.474797
125,-3.40333,1.77361,0.897205
125,-3.52512,1.38611,0.148729
125,-3.86335,0.967504,1.07794
125,-3.80867,0.960343,0.582658
125,-3.44807,1.70957,0.903331
125,-3.40294,1.80053,0.920723
125,-3.49231,1.66577,1.05195
125,-3.77076,0.956916,0.185916
125,-3.60877,1.38004,0.733928
125,-3.54451,1.39177,0.167688
125,-3.59836,1.43478,0.811245
125,-3.45517,1.74202,0.989158
125,-3.42447,1.81309,1.01198
125,-3.59113,1.36755,0.396133
125,-3.25057,1.85721,-0.273392
125,-3.41648,1.84129,1.05055
125,-3.50428,1.67551,1.03122
125,-3.59525,1.37131,0.419439
125,-3.44163,1.78215,0.983766
125,-3.44545,1.78346,1.01652
125,-3.67835,1.10802,-0.105757
125,-3.62772,1.39091,0.737524
125,-3.48188,1.72903,1.02643
125,-3.42843,1.80414,0.913155
125,-3.52721,1.36745,-0.262368
125,-3.47682,1.72895,0.950225
125,-3.47847,1.72371,0.926993
125,-3.50715,1.70511,1.07007
125,-3.5171,1.68709,1.0679
125,-3.69546,1.09571,-0.108957
125,-3.49117,1.72868,1.02186
125,-3.48007,1.73303,0.91792
125,-3.45923,1.78631,0.960647
125,-3.47684,1.76787,0.995915
125,-3.47336,1.76741,0.952066
125,-4.02615,0.45968,-0.319469
125,-3.43491,1.83582,0.920984
125,-3.47255,1.7679,0.930203
125,-3.54514,1.37707,-0.236745
125,-3.39843,1.88217,0.812314
125,-3.54078,1.38579,-0.243185
125,-3.65774,1.25611,0.137693
125,-3.64001,1.23264,-0.129165
125,-3.64196,1.2332,-0.110829
125,-3.45358,1.84499,1.03186
125,-3.47439,1.77214,0.875647
125,-3.3565,1.84135,0.17141
125,-3.35841,1.8407,0.169218
125,-3.47745,1.81449,1.01846
125,-3.53394,1.72237,1.06919
125,-3.50306,1.78424,1.07537
125,-3.69198,1.4586,1.09012
125,-3.52194,1.76487,1.03161
125,-3.42332,1.90229,0.781951
125,-3.43601,1.94285,1.05897
125,-3.42884,1.90542,0.808747
125,-3.99788,0.745001,0.310183
125,-3.50972,1.7936,0.939694
125,-3.58987,1.39653,-0.244268
125,-3.39511,1.86255,0.162541
125,-3.24176,2.39122,0.828882
125,-3.19196,2.31982,-0.122758
125,-3.52664,2.02679,1.07634
125,-4.15269,1.02033,1.56331
125,-3.25272,2.39845,-0.0858865
125,-4.17877,2.4925,1.92302
125,-2.92735,2.64884,-0.29382
122,-2.92735,2.64884,-0.29382
126,-1.40158,0.128361,0.520985
126,-3.8276,0.186869,0.382493
126,-4.02569,0.173021,1.07849
126,-3.16485,1.71255,0.424944
126,-3.6163,0.88403,0.593631
126,-3.6845,0.869226,0.909498
126,-3.75123,0.777253,0.979449
126,-3.79082,0.728319,1.05644
126,-3.81614,0.637211,0.86778
126,-3.61857,0.830392,0.264028
126,-3.8049,0.729814,1.042
126,-3.3627,1.58124,0.977228
126,-3.69799,0.875282,0.835107
126,-3.77133,0.781271,0.983639
126,-3.768,0.788129,0.961364
126,-3.71639,0.866122,0.87261
126,-3.17599,1.71162,0.164988
126,-3.83518,0.643105,0.868167
126,-3.36847,1.61271,1.00125
126,-3.8416,0.33019,-0.0914108
126,-3.6574,0.821495,0.234305
126,-3.53439,0.970524,-0.108206
126,-3.68915,0.908076,0.587812
126,-3.50503,1.302,0.679669
126,-3.5757,1.10994,0.514805
126,-3.75419,0.880892,0.841642
126,-3.3919,1.65439,0.985114
126,-3.70314,0.91841,0.600825
126,-3.36794,1.66434,0.841557
126,-3.77765,0.855656,0.825161
126,-3.52415,1.34868,0.803661
126,-3.68185,1.12317,1.05741
126,-3.30966,1.76709,0.731243
126,-3.53034,1.35326,0.787045
126,-3.37832,1.72376,1.00334
126,-3.53468,1.35155,0.80306
126,-3.89194,0.6741,0.869674
126,-3.91497,0.689175,1.0437
126,-3.52441,1.43672,0.917533
126,-3.47659,1.30024,0.171521
126,-4.01311,0.156687,-0.094758
126,-3.8576,0.816282,0.985922
126,-3.53144,1.44188,0.904944
126,-3.54756,1.36542,0.74792
126,-3.77141,0.958369,0.840662
126,-3.77857,0.961045,0.881266
126,-3.71611,0.86175,0.182658
126,-3.71576,0.873661,0.216705
126,-3.92394,0.681263,0.862144
126,-3.80256,0.912304,0.826199
126,-3.7054,0.894257,0.182202
126,-3.71707,0.867172,0.161047
126,-3.53816,1.30304,0.406519
126,-3.46505,1.35025,0.0668069
126,-3.71492,0.896155,0.180183
126,-3.28092,1.74302,0.139784
126,-3.49796,1.32617,0.167853
126,-3.5539,1.35309,0.557111
126,-3.44024,1.49115,0.281124
126,-3.36374,1.81179,0.79323
126,-3.93126,0.784797,1.06913
126,-3.53442,1.30003,0.162605
126,-3.27153,1.72207,-0.196562
126,-3.37463,1.82647,0.716538
126,-3.27349,1.73955,-0.190917
126,-3.2842,1.74575,-0.203884
126,-3.29405,1.74404,-0.24894
126,-3.51089,1.2879,-0.39389
126,-3.50144,1.31511,-0.394925
126,-4.033,0.911076,1.50594
126,-3.29102,1.7576,-0.416194
126,-3.26966,1.72483,-0.660461
126,-3.21699,2.36057,0.885723
126,-3.96625,0.693246,0.292478
126,-3.2544,2.38123,0.824606
126,-3.20044,2.57697,1.01075
126,-3.32864,1.77407,-0.67999
126,-3.37476,1.81432,-0.443628
126,-3.58498,1.35373,-0.667294
126,-4.10349,0.736582,0.255181
126,-3.24407,2.38182,-0.121758
126,-3.34203,2.48056,0.441048
126,-3.33893,2.70315,1.09918
126,-3.29338,2.41365,-0.138969
126,-8.09416,6.91163,1.449
126,-3.08798,1.19648,1.01029
125,-3.08798,1.19648,1.01029
126,-3.03087,0.99669,0.992795
125,-3.03087,0.99669,0.992795
126,-3.4705,0.440042,0.949341
125,-3.4705,0.440042,0.949341
126,-3.36555,0.546112,0.167986
125,-3.36555,0.546112,0.167986
126,-3.19104,1.49836,1.03932
125,-3.19104,1.49836,1.03932
126,-3.32765,1.7841,-0.438991
125,-3.32765,1.7841,-0.438991
126,-2.94056,0.969149,-0.181083
124,-2.94056,0.969149,-0.181083
126,-2.85481,1.31105,0.462958
123,-2.85481,1.31105,0.462958
126,-3.02869,1.34138,0.358961
123,-3.02869,1.34138,0.358961
126,-3.09981,1.27598,0.41985
123,-3.09981,1.27598,0.41985
126,-3.19868,1.41605,0.302417
122,-3.19868,1.41605,0.302417
127,-3.5097,1.22049,1.09474
127,-3.76983,0.76567,0.988827
127,-4.07752,0.22585,1.07893
127,-3.42361,1.54722,1.03407
127,-3.71778,0.841319,0.49015
127,-3.41113,1.73221,0.913397
127,-3.74146,0.855182,0.503491
127,-3.55075,1.31624,0.598453
127,-3.32895,1.75805,0.58934
127,-3.35081,1.76678,0.579004
127,-3.45506,1.83874,1.06634
127,-3.94442,0.400599,0.220538
127,-3.16876,2.45465,1.10575
127,-3.74749,0.8395,0.264247
127,-3.58756,1.34322,0.594751
127,-4.05679,0.114162,0.00101107
127,-3.52721,1.23601,0.128987
127,-3.48868,1.8465,1.06855
127,-3.6881,0.774188,-0.190398
127,-3.53395,1.26294,0.134831
127,-3.42354,1.82533,0.725892
127,-3.52676,1.28288,0.0830029
127,-3.50434,1.43977,0.273641
127,-3.60045,1.17512,0.140639
127,-3.4831,1.37307,0.0721004
127,-3.48977,1.37651,0.101099
127,-3.51095,1.32012,0.0719611
127,-3.47535,1.40335,0.0806478
127,-3.61366,1.15972,0.129295
127,-3.80311,0.58763,-0.226865
127,-3.50838,1.36465,0.108685
127,-3.50402,1.30737,-0.0598436
127,-3.49246,1.41033,0.0698032
127,-3.47011,1.40343,-0.0219536
127,-3.51941,1.29312,-0.0514873
127,-3.75177,0.810014,-0.106181
127,-3.50533,1.47224,0.197037
127,-3.25485,2.33424,0.829412
127,-3.85034,0.606449,-0.152756
127,-3.50137,1.3303,-0.093877
127,-3.51727,1.43858,0.148528
127,-3.81028,0.6672,-0.196024
127,-3.74446,0.846159,-0.109325
127,-3.82314,0.668096,-0.156603
127,-3.68748,0.966755,-0.110691
127,-3.49597,1.28266,-0.223278
127,-3.37117,1.71956,0.111451
127,-3.21736,2.54151,1.02437
127,-3.7112,0.846666,-0.25282
127,-3.17611,2.67704,1.11382
127,-3.24084,2.55445,1.12216
127,-3.48487,1.40954,-0.0538827
127,-3.3928,1.66377,0.0628985
127,-3.83551,0.645275,-0.200325
127,-3.36798,1.78598,0.180054
127,-3.68388,0.923326,-0.245937
127,-3.6348,0.932324,-0.403705
127,-3.63696,0.990549,-0.295704
127,-3.35572,1.81076,0.167495
127,-3.83901,0.700958,-0.114934
127,-3.39123,1.66486,0.0253494
127,-3.63,1.04405,-0.259283
127,-3.62873,0.96319,-0.407326
127,-3.7361,0.908236,-0.14151
127,-3.83623,0.670757,-0.212301
127,-3.61324,0.978065,-0.448157
127,-3.65931,0.921325,-0.399788
127,-3.84975,0.649264,-0.22601
127,-3.68883,0.924882,-0.301855
127,-3.34139,1.79419,0.0214252
127,-3.69108,0.925954,-0.298452
127,-3.31426,2.43589,1.05086
127,-3.71191,0.908968,-0.263408
127,-3.71139,0.908354,-0.289186
127,-3.98503,0.38057,-0.291858
127,-3.34751,1.7737,-0.0540058
127,-3.75057,0.85881,-0.267614
127,-3.70964,0.899773,-0.359188
127,-3.70867,0.906181,-0.353418
127,-3.71908,0.800368,-0.50929
127,-3.98602,0.378585,-0.329613
127,-3.51471,1.29272,-0.367983
127,-3.53026,1.25914,-0.38061
127,-3.89373,0.611373,-0.259834
127,-3.57936,1.33277,-0.204601
127,-3.78758,0.877001,-0.285296
127,-3.42688,1.82228,0.127009
127,-3.25313,2.72252,1.07967
127,-3.54745,1.31632,-0.382166
127,-3.76572,0.813623,-0.538892
127,-3.36075,1.77605,-0.260335
127,-3.57743,1.29328,-0.382295
127,-3.56674,1.32243,-0.399939
127,-3.56204,1.327,-0.416573
127,-3.38661,1.78892,-0.21693
127,-3.37928,1.78539,-0.252466
127,-3.21548,2.03377,-0.398695
127,-3.67344,1.00627,-0.64738
127,-3.35449,1.756,-0.4522
127,-3.39457,1.80265,-0.26319
127,-3.21338,2.16602,-0.280906
127,-3.54207,1.2991,-0.671277
127,-3.53474,1.29542,-0.707312
127,-3.37012,1.7772,-0.462031
127,-3.55252,1.3011,-0.668282
127,-3.32685,1.72824,-0.713306
127,-3.78893,0.836392,-0.685897
127,-3.15014,2.1893,-0.521917
127,-3.19554,2.11338,-0.500631
127,-3.13079,2.25459,-0.479694
127,-3.38628,1.78757,-0.420534
127,-3.3326,1.73786,-0.718118
127,-3.72192,0.831351,-1.00958
127,-3.14247,2.17053,-0.68329
127,-3.72098,0.830144,-1.05042
127,-3.75403,0.920105,-0.791027
127,-3.07852,2.19135,-0.90372
127,-3.1297,2.09237,-0.904041
127,-3.40517,1.81199,-0.444892
127,-3.76353,0.783803,-1.03579
127,-3.48529,1.34165,-1.04946
127,-3.16661,2.06752,-0.891389
127,-3.09818,2.26192,-0.807067
127,-3.15411,2.14165,-0.854099
127,-3.77653,0.851811,-1.0723
127,-3.24945,0.636407,0.146273
125,-3.24945,0.636407,0.146273
127,-3.30699,0.66331,1.02287
125,-3.30699,0.66331,1.02287
127,-2.93515,0.88126,-0.385738
124,-2.93515,0.88126,-0.385738
127,-3.45631,0.676326,-0.31872
123,-3.45631,0.676326,-0.31872
127,-3.67791,1.34812,1.12542
123,-3.67791,1.34812,1.12542
127,-2.84854,0.736933,-0.501474
123,-2.84854,0.736933,-0.501474
128,-4.05303,0.259348,1.10434
128,-4.0565,0.353842,1.12863
128,-4.06868,0.425549,1.10956
128,-3.35607,1.75012,0.77922
128,-3.50286,1.5133,0.56891
128,-3.74827,0.833663,0.291481
128,-3.49982,1.51453,0.498163
128,-3.38167,1.77937,0.541597
128,-3.77122,0.866304,0.319319
128,-3.42076,1.61124,0.368685
128,-3.41109,1.57888,0.287732
128,-3.4957,1.47412,0.357176
128,-3.35296,1.73046,0.283269
128,-3.46889,1.48894,0.262136
128,-3.74089,0.777633,0.0129957
128,-3.30129,2.3898,1.05935
128,-3.40503,1.65001,0.282282
128,-3.72294,0.850085,0.0330462
128,-3.68941,0.929021,0.0433734
128,-3.68813,0.927925,0.0184973
128,-3.75897,0.823963,-0.00626105
128,-3.5869,1.3174,0.173139
128,-3.23139,2.29986,0.544171
128,-3.75828,0.821332,-0.0799516
128,-3.66487,0.83942,-0.405062
128,-3.19289,2.24634,0.230402
128,-3.69309,0.810716,-0.409788
128,-3.68347,0.805441,-0.445907
128,-3.38028,1.83102,0.150487
128,-3.54063,1.29648,-0.185805
128,-3.5322,1.29629,-0.22162
128,-3.54266,1.29861,-0.225178
128,-3.70785,0.804022,-0.466295
128,-3.42842,1.79986,0.144628
128,-3.72737,0.788945,-0.48218
128,-4.03162,0.314061,-0.309022
128,-3.73229,0.826849,-0.445715
128,-3.71876,0.867874,-0.425859
128,-3.71482,0.853365,-0.467498
128,-3.75413,0.777766,-0.467091
128,-3.53315,1.27557,-0.433522
128,-3.72196,0.805404,-0.623446
128,-2.98688,1.86762,-1.18726
128,-3.55318,1.28897,-0.447724
128,-3.54844,1.28647,-0.468766
128,-3.67677,1.03716,-0.466921
128,-3.6741,1.0357,-0.4773
128,-3.6611,1.02838,-0.552877
128,-3.36196,1.7535,-0.386858
128,-3.28541,1.60589,-0.840976
128,-3.0146,1.9745,-1.10758
128,-3.4448,1.20596,-0.992819
128,-3.5996,1.30072,-0.443955
128,-3.33007,1.73648,-0.605701
128,-3.37918,1.77018,-0.425784
128,-3.54874,1.28997,-0.635273
128,-3.3699,1.71613,-0.535181
128,-3.349,1.77958,-0.504518
128,-3.36012,1.76108,-0.504982
128,-3.41218,1.5651,-0.639358
128,-3.33666,1.81114,-0.506219
128,-3.11214,1.80367,-1.16454
128,-3.28762,1.6145,-0.94643
128,-3.35156,1.74612,-0.581986
128,-3.31235,1.52466,-1.012
128,-3.04418,1.98888,-1.11164
128,-3.3384,1.72811,-0.668918
128,-3.24411,1.67042,-1.01661
128,-3.34544,1.74456,-0.627224
128,-3.36947,1.72011,-0.595605
128,-3.69322,0.805738,-0.995916
128,-3.18439,1.84784,-0.956733
128,-3.32338,1.75944,-0.693874
128,-3.37925,1.55167,-0.840616
128,-3.34367,1.59547,-0.884053
128,-3.57258,1.22611,-0.775412
128,-3.38129,1.57938,-0.823893
128,-3.165,1.76325,-1.18341
128,-3.71299,0.810953,-0.997123
128,-3.70284,0.787226,-1.06119
128,-3.30784,1.7423,-0.817566
128,-3.31626,1.77237,-0.754857
128,-3.14059,1.88221,-1.09957
128,-3.13061,1.90318,-1.10017
128,-3.36074,1.74757,-0.687723
128,-3.32798,1.65416,-0.916601
128,-3.1678,1.84732,-1.10459
128,-3.31268,1.78762,-0.806279
128,-3.20386,1.73866,-1.19888
128,-3.38563,1.50621,-1.03592
128,-3.26046,1.69251,-1.13758
128,-3.366,1.75654,-0.75113
128,-3.2832,1.65253,-1.13857
128,-4.07959,0.0409673,-1.21663
128,-3.22807,1.74372,-1.25555
128,-4.08574,0.0985226,-1.20593
128,-3.23484,1.77153,-1.22311
128,-4.08262,0.0921781,-1.26746
128,-3.83358,0.582913,0.899248
126,-3.83358,0.582913,0.899248
128,-3.7466,0.616451,0.104866
125,-3.7466,0.616451,0.104866
128,-3.73094,0.610914,0.109373
125,-3.73094,0.610914,0.109373
128,-3.68902,1.53297,0.4612
123,-3.68902,1.53297,0.4612
128,-2.64234,1.51482,-0.790604
122,-2.64234,1.51482,-0.790604
128,-3.29223,1.44882,-1.09164
122,-3.29223,1.44882,-1.09164
128,-3.33758,1.64194,-0.748632
120,-3.33758,1.64194,-0.748632
128,-2.925,1.69656,-1.02279
120,-2.925,1.69656,-1.02279
129,-2.84953,0.256556,-1.19643
129,-2.66796,0.669812,-1.1622
129,-2.83288,0.361813,-1.15618
129,-2.84327,0.356281,-1.15813
129,-2.84101,0.353157,-1.19447
129,-2.65844,0.746891,-1.18537
129,-2.64158,0.736759,-1.2468
129,-2.6921,0.676807,-1.22076
129,-2.69752,0.643729,-1.25016
129,-2.71907,0.656806,-1.1936
129,-2.63037,0.821683,-1.23659
129,-3.14123,-0.0436626,-1.09173
129,-3.13984,-0.0617726,-1.14803
129,-2.7653,0.617984,-1.21737
129,-2.87171,0.439308,-1.19827
129,-2.77837,0.635919,-1.23196
129,-3.81931,0.140113,0.422058
129,-2.80855,0.561156,-1.26334
129,-2.85695,0.495961,-1.27317
129,-2.92552,0.476305,-1.25774
129,-2.72301,0.947622,-1.19707
129,-3.75253,0.835618,0.845412
129,-3.59429,0.784036,0.293328
129,-3.56344,0.820034,0.24633
129,-3.5989,1.32733,0.807831
129,-2.79354,1.01181,-1.28373
129,-3.70931,0.895836,0.481825
129,-3.43138,1.79393,0.769896
129,-3.69945,0.821018,0.230296
129,-3.71398,0.888693,0.300318
129,-3.68989,0.873457,0.22276
129,-3.6922,0.874508,0.222247
129,-3.65522,1.36469,0.591672
129,-3.67286,0.756254,-0.0790676
129,-3.70364,0.810403,0.0148138
129,-3.68711,0.758369,-0.0830984
129,-3.35768,0.163643,-1.40828
129,-3.69613,0.825437,-0.0040096
129,-3.52976,1.33249,0.182997
129,-3.51169,1.32196,0.10033
129,-3.60457,0.958151,-0.0955292
129,-3.76808,0.80565,0.0451619
129,-3.5748,1.31323,0.171625
129,-3.54475,1.37235,0.145501
129,-3.72013,0.829075,-0.0751929
129,-3.78315,0.807635,0.0342557
129,-3.38034,1.40712,-0.206083
129,-3.37137,1.72497,0.0867066
129,-3.62797,1.30032,0.170105
129,-3.34533,1.77176,0.0341964
129,-3.41855,0.249319,-1.43737
129,-3.16229,2.25049,0.124974
129,-3.08128,1.61077,-0.733592
129,-3.57065,1.31654,-0.0309976
129,-4.04964,0.679472,0.296085
129,-3.66933,0.886603,-0.2837
129,-3.39821,1.85981,0.172471
129,-3.41566,1.44647,-0.234535
129,-3.24123,1.76254,-0.27319
129,-3.33324,1.34044,-0.530154
129,-3.22072,2.29334,0.242895
129,-3.61153,1.3266,0.0309145
129,-3.48513,0.289733,-1.33737
129,-3.24963,1.66543,-0.37485
129,-3.0312,2.09714,-0.376422
129,-3.73408,0.872037,-0.206523
129,-3.32608,1.70416,-0.185702
129,-3.31488,1.69764,-0.22028
129,-2.97604,1.68254,-0.955707
129,-3.36869,2.37138,0.575539
129,-3.27531,1.67604,-0.361549
129,-3.26723,1.68513,-0.370299
129,-3.43058,1.77801,0.068405
129,-3.50957,0.288886,-1.35429
129,-4.01889,0.368021,-0.200724
129,-4.08933,0.693204,0.289137
129,-2.95295,1.69952,-1.0396
129,-3.16442,2.27265,0.00962144
129,-3.27697,1.78799,-0.279041
129,-3.62838,1.34229,-0.0157529
129,-3.76269,0.88466,-0.220831
129,-3.51703,1.30264,-0.30492
129,-2.8619,1.83066,-1.12323
129,-4.10735,0.689245,0.278165
129,-2.99768,1.70904,-0.979721
129,-3.29963,1.20579,-0.891738
129,-3.2186,2.10787,-0.108434
129,-3.77358,0.896218,-0.229303
129,-2.96801,1.76783,-1.00391
129,-3.15583,2.15902,-0.198443
129,-3.48863,1.47919,-0.226916
129,-3.07473,2.08421,-0.47516
129,-3.54926,1.25323,-0.362084
129,-3.27015,1.74507,-0.437611
129,-3.37487,1.76082,-0.201596
129,-3.606,1.21504,-0.295952
129,-3.54073,1.28741,-0.359143
129,-3.60556,1.2183,-0.298042
129,-3.24117,2.31598,0.0941762
129,-3.83594,1.40567,0.375629
129,-3.59446,1.33603,-0.207761
129,-3.58436,1.3299,-0.236966
129,-3.07821,2.56852,0.00949389
129,-3.15942,2.45876,0.0635337
129,-3.5191,1.27765,-0.443018
129,-3.75813,0.919027,-0.325502
129,-3.53356,1.2833,-0.414653
129,-3.52849,1.28027,-0.435947
129,-3.5426,1.2974,-0.392432
129,-3.52965,1.25534,-0.46666
129,-3.17529,2.27735,-0.132355
129,-3.26559,1.667,-0.600815
129,-3.34174,1.73928,-0.375242
129,-3.49364,1.29018,-0.53839
129,-3.47468,1.59794,-0.253908
129,-3.63826,1.23123,-0.308385
129,-3.35434,1.74277,-0.366247
129,-3.54585,1.29978,-0.43493
129,-3.55037,1.2914,-0.438145
129,-3.32236,1.28456,-0.926777
129,-3.42303,1.42344,-0.573107
129,-3.24258,2.33189,0.00893885
129,-3.64591,1.23109,-0.318494
129,-3.58706,0.320265,-1.41015
129,-3.569,1.31868,-0.409526
129,-3.34493,1.77925,-0.394085
129,-4.12477,0.385696,-0.239701
129,-3.34399,1.74032,-0.445453
129,-3.63817,1.35008,-0.245718
129,-3.34388,1.74115,-0.457559
129,-3.51262,1.30634,-0.566645
129,-3.24758,2.27881,-0.0973896
129,-3.07389,1.94923,-0.836896
129,-3.29523,1.33683,-1.02408
129,-3.36394,1.75951,-0.446486
129,-3.33921,1.79234,-0.473885
129,-3.31269,1.7022,-0.627497
129,-3.6834,1.25994,-0.320242
129,-3.37513,1.79915,-0.400496
129,-3.68764,1.25023,-0.329824
129,-3.49934,1.264,-0.72563
129,-3.83454,0.818263,-0.495268
129,-3.50528,1.26557,-0.734844
129,-3.39709,1.25625,-0.97329
129,-3.51809,1.27294,-0.703191
129,-3.44538,1.59713,-0.616703
129,-3.55166,1.2941,-0.722469
129,-3.54773,1.29182,-0.75076
129,-3.33555,1.72508,-0.754897
129,-3.57394,1.24362,-0.790701
129,-3.59002,1.25339,-0.759023
129,-3.32322,1.65724,-0.917604
129,-3.37631,1.59619,-0.880225
129,-3.61508,1.3388,-0.691902
129,-3.46588,1.30807,-1.04624
129,-3.30888,1.71717,-0.94329
129,-3.73332,0.81956,-1.00532
129,-3.28163,1.71734,-1.007
129,-3.62286,1.27986,-0.804711
129,-3.62456,1.28091,-0.824569
129,-3.76179,0.83733,-1.01692
129,-3.98503,0.880665,-0.535975
129,-3.74396,0.827994,-1.12045
129,-3.75846,0.83102,-1.10853
129,-3.53874,1.34732,-1.09564
129,-3.64467,1.36536,-0.859114
129,-3.73395,1.39617,-0.747582
129,-4.27409,0.153215,-1.35552
129,-4.24706,0.229929,-1.39127
129,-3.94105,1.24006,-1.3763
129,-3.82723,0.326193,-0.280815
126,-3.82723,0.326193,-0.280815
129,-3.36313,0.660458,0.112435
125,-3.36313,0.660458,0.112435
129,-3.18168,0.744984,0.0442663
125,-3.18168,0.744984,0.0442663
129,-3.26104,2.21675,-1.42729
120,-3.26104,2.21675,-1.42729
129,-4.1455,3.11256,-2.1425
120,-4.1455,3.11256,-2.1425
130,-1.97227,0.911985,-1.16021
130,-1.9821,0.898647,-1.23497
130,-1.9699,0.970404,-1.22274
130,-2.03648,0.844688,-1.22828
130,-2.01151,0.884622,-1.24982
130,-2.07986,0.80048,-1.21817
130,-2.01063,0.94515,-1.20025
130,-2.07492,0.83713,-1.21302
130,-2.19706,0.693035,-1.23004
130,-2.4625,0.232595,-1.21402
130,-2.21277,0.701112,-1.22925
130,-2.40181,0.383869,-1.22497
130,-2.50423,0.219452,-1.19723
130,-2.44364,0.407184,-1.25036
130,-2.29208,0.711509,-1.26656
130,-2.415,0.506552,-1.25382
130,-2.56058,0.243374,-1.25368
130,-3.00039,-0.415474,-1.13912
130,-2.33406,0.776734,-1.26484
130,-2.33849,0.796597,-1.29003
130,-2.47077,0.539154,-1.30942
130,-2.44743,0.621141,-1.33289
130,-2.37459,0.82422,-1.29738
130,-2.52633,0.650814,-1.29827
130,-2.74339,0.312356,-1.27604
130,-2.48034,0.798758,-1.31024
130,-2.61477,0.569228,-1.29359
130,-2.79684,0.270142,-1.2503
130,-2.60502,0.627734,-1.27041
130,-2.76891,0.324735,-1.28317
130,-2.62923,0.619147,-1.24738
130,-2.61299,0.63293,-1.26925
130,-2.55817,0.724411,-1.28383
130,-2.4972,0.810565,-1.32698
130,-2.65551,0.55248,-1.29104
130,-2.77965,0.333198,-1.29427
130,-2.51541,0.802899,-1.31972
130,-2.59713,0.708828,-1.25827
130,-2.65855,0.584801,-1.27707
130,-2.64538,0.656514,-1.22198
130,-2.88042,0.20911,-1.25624
130,-2.77654,0.394388,-1.27625
130,-2.57634,0.790298,-1.26384
130,-2.72704,0.535703,-1.24191
130,-2.73869,0.452309,-1.32215
130,-2.82415,0.360612,-1.2477
130,-2.73593,0.531854,-1.25023
130,-2.65992,0.6859,-1.23346
130,-3.03498,-0.0467224,-1.28865
130,-2.82317,0.407532,-1.22384
130,-2.76775,0.471808,-1.28352
130,-3.03686,-0.0318308,-1.29681
130,-2.79741,0.469613,-1.25714
130,-3.05448,-0.0382065,-1.32183
130,-2.75989,0.55951,-1.27237
130,-2.85165,0.430961,-1.24128
130,-3.16648,-0.0594085,-1.16643
130,-2.65856,0.905013,-1.20428
130,-2.67963,0.924899,-1.2025
130,-3.20025,0.0102706,-1.17149
130,-2.68794,0.931015,-1.22689
130,-2.30507,2.43618,-0.279686
130,-3.60619,0.818565,0.635095
130,-3.40639,1.40453,0.879483
130,-3.69915,0.773628,0.663535
130,-3.78573,0.839769,0.895865
130,-3.50047,1.27918,0.782092
130,-3.52096,1.36754,0.93394
130,-3.35466,1.65735,0.911211
130,-3.67306,0.776913,0.530007
130,-3.34805,1.72264,0.907726
130,-3.30148,1.71958,0.774958
130,-3.58373,0.727439,0.184422
130,-3.62397,0.757802,0.28786
130,-3.34744,1.35714,0.346212
130,-3.26473,0.199447,-1.32233
130,-3.05346,2.09717,0.52996
130,-3.33651,0.156679,-1.21861
130,-3.41825,1.22429,0.186906
130,-3.34507,0.19736,-1.27135
130,-3.01615,2.07288,0.28323
130,-3.35915,0.17749,-1.28758
130,-3.00265,2.0654,0.170609
130,-3.42337,1.22061,0.0700055
130,-3.11902,2.5144,0.875775
130,-3.74627,0.638193,-0.0739344
130,-3.01442,2.82117,0.878794
130,-3.30487,1.69794,0.151093
130,-3.9649,0.279611,-0.0977085
130,-3.72137,0.883448,0.065644
130,-3.62454,0.960081,-0.111707
130,-3.33136,1.74036,0.180701
130,-3.29635,1.76451,0.0841129
130,-3.51117,1.4089,0.0458413
130,-3.49324,1.24969,-0.192089
130,-3.33073,1.75535,0.0366372
130,-3.48225,1.25795,-0.244793
130,-2.88036,2.85282,0.346468
130,-3.68586,0.983941,-0.13617
130,-3.53795,1.15993,-0.27543
130,-3.41441,1.66546,0.0541474
130,-3.73331,0.856583,-0.220129
130,-3.73257,0.854681,-0.235026
130,-3.35648,1.75989,0.0221065
130,-3.42277,1.66292,0.0498111
130,-3.16913,2.00839,-0.109854
130,-3.47273,1.19721,-0.423672
130,-3.23011,2.222,0.251737
130,-3.43338,1.74875,0.128471
130,-3.38586,1.84668,0.137598
130,-2.84623,2.64177,-0.109383
130,-3.35683,1.75738,-0.0426096
130,-3.18901,2.01808,-0.125932
130,-3.57459,0.942045,-0.576641
130,-3.60291,0.970814,-0.481053
130,-3.44185,1.52036,-0.198624
130,-3.55162,1.29267,-0.232235
130,-3.55628,1.30761,-0.21128
130,-3.55454,1.30294,-0.272488
130,-3.47021,1.23167,-0.56439
130,-3.5367,1.32165,-0.310185
130,-3.53725,1.22787,-0.442461
130,-3.44274,1.56344,-0.244646
130,-3.36671,1.76064,-0.192534
130,-3.36194,1.75665,-0.209601
130,-3.7632,0.821595,-0.458526
130,-3.78054,0.786235,-0.469135
130,-2.95148,2.97507,0.334805
130,-3.62876,1.21743,-0.300902
130,-3.55451,1.23381,-0.452241
130,-3.31078,1.71364,-0.417346
130,-3.55381,1.23689,-0.465039
130,-3.55902,1.33887,-0.328456
130,-3.36038,1.71979,-0.315401
130,-3.41634,1.49655,-0.472522
130,-3.46644,1.18612,-0.744082
130,-3.5479,1.28786,-0.459078
130,-3.1918,2.02006,-0.377202
130,-3.29842,1.67927,-0.561486
130,-2.88828,2.73102,-0.200978
130,-3.01237,2.76698,0.122889
130,-3.36389,1.54519,-0.586885
130,-2.83825,2.83401,-0.205265
130,-3.33711,1.74141,-0.42202
130,-3.40317,1.79653,-0.215657
130,-3.53295,1.27017,-0.598006
130,-3.44666,1.51391,-0.500835
130,-3.41787,1.1843,-0.990102
130,-3.08069,2.51218,-0.12431
130,-3.52084,1.27705,-0.662569
130,-3.37124,1.29611,-0.9853
130,-3.26375,1.60142,-0.870471
130,-3.46144,1.4444,-0.620285
130,-3.23859,2.07812,-0.364543
130,-3.52208,1.22229,-0.785567
130,-3.26423,1.74489,-0.767466
130,-3.37885,1.90311,-0.321982
130,-3.51778,1.18757,-0.891586
130,-3.55282,1.29703,-0.683989
130,-3.32655,1.7288,-0.668043
130,-3.49605,1.32836,-0.792087
130,-3.93086,0.312111,-1.05585
130,-3.31832,1.72181,-0.714326
130,-3.52973,1.23876,-0.835963
130,-3.33272,1.65326,-0.785814
130,-3.31999,1.71626,-0.752995
130,-3.41677,1.33952,-1.02027
130,-3.68938,0.800056,-1.06801
130,-3.30295,1.76909,-0.789981
130,-3.35285,1.75255,-0.703996
130,-3.14884,1.74577,-1.18354
130,-3.12396,1.79819,-1.18997
130,-3.51105,1.18133,-1.07388
130,-3.26621,1.77899,-0.901141
130,-3.26186,1.77537,-0.915977
130,-3.46584,1.29169,-1.05211
130,-3.16578,1.75645,-1.20875
130,-3.52891,1.2575,-1.04558
130,-3.7316,0.811597,-1.13762
130,-3.75165,0.826432,-1.09082
130,-3.30159,1.80203,-0.928992
130,-3.73208,0.940464,-1.05878
130,-3.52585,1.33692,-1.08423
130,-3.38711,1.82254,-0.804489
130,-3.18604,1.8698,-1.22566
130,-3.13701,1.95935,-1.24169
130,-3.2519,1.75262,-1.25374
130,-3.45258,1.66008,-0.966026
130,-3.28204,2.29998,-0.602399
130,-3.88816,0.875235,-1.12508
130,-3.29576,2.14374,-0.972129
130,-4.25432,0.275809,-1.40416
130,-3.46878,1.88663,-0.921859
129,-3.46878,1.88663,-0.921859
130,-3.74225,1.62834,-0.466466
129,-3.74225,1.62834,-0.466466
130,-3.22009,1.08229,-0.286876
129,-3.22009,1.08229,-0.286876
130,-3.083,2.10228,-0.48364
129,-3.083,2.10228,-0.48364
130,-3.46692,2.29253,-0.441642
129,-3.46692,2.29253,-0.441642
130,-3.4176,1.91091,-0.97801
129,-3.4176,1.91091,-0.97801
130,-3.6057,1.94776,-0.357778
128,-3.6057,1.94776,-0.357778
130,-3.24546,1.09799,0.260539
128,-3.24546,1.09799,0.260539
130,-3.17418,1.83867,-1.2237
128,-3.17418,1.83867,-1.2237
130,-4.03735,1.55256,-0.65288
128,-4.03735,1.55256,-0.65288
130,-3.5063,2.43199,-0.343454
120,-3.5063,2.43199,-0.343454
131,-0.877308,0.540907,-1.15874
131,-1.25761,0.0977778,-1.20329
131,-1.27072,0.147068,-1.14781
131,-1.3017,0.115983,-1.15992
131,-1.29737,0.209088,-1.12068
131,-1.27408,0.21203,-1.19999
131,-1.31091,0.2255,-1.1439
131,-1.32117,0.222651,-1.1371
131,-1.71244,-0.575736,-1.19606
131,-1.26124,0.289019,-1.20047
131,-1.26094,0.281595,-1.20721
131,-1.68582,-0.498423,-1.20444
131,-1.68481,-0.428179,-1.23311
131,-1.72318,-0.384778,-1.17544
131,-1.30696,0.335642,-1.25774
131,-1.77755,-0.459474,-1.1965
131,-1.80385,-0.499465,-1.21504
131,-1.97025,-0.506087,-0.968375
131,-1.70505,-0.213059,-1.1493
131,-1.71423,-0.245709,-1.17745
131,-0.995463,1.07108,-1.2522
131,-1.72031,-0.184114,-1.16901
131,-1.13212,0.94796,-1.17267
131,-1.73818,-0.29358,-1.23887
131,-1.72487,-0.171669,-1.18101
131,-2.00896,-0.715598,-1.20052
131,-1.73072,0.00689185,-1.05535
131,-1.27541,0.829323,-1.09925
131,-1.71414,-0.146629,-1.21796
131,-1.7294,-0.0232849,-1.09895
131,-1.73895,-0.0121449,-1.11814
131,-1.73619,-0.18163,-1.2608
131,-1.87802,-0.451596,-1.26233
131,-1.70937,-0.0175927,-1.19003
131,-1.90194,-0.471294,-1.26259
131,-1.96734,-0.591634,-1.2639
131,-1.76042,0.0473855,-1.07678
131,-1.67535,-0.00246251,-1.24649
131,-1.63635,0.1035,-1.22923
131,-1.7155,-0.012199,-1.20277
131,-1.72395,-0.0835281,-1.24975
131,-1.75969,0.0447676,-1.09426
131,-1.76432,0.0509608,-1.08982
131,-1.91414,-0.471598,-1.27723
131,-1.74976,0.0697832,-1.10657
131,-1.64853,0.103033,-1.23934
131,-1.7633,0.00480527,-1.14777
131,-1.95811,-0.537394,-1.29218
131,-1.76872,0.129728,-1.07117
131,-1.71697,0.0591777,-1.20596
131,-1.62178,0.23006,-1.22449
131,-1.5255,0.460363,-1.19456
131,-1.56236,0.339818,-1.23762
131,-1.78355,0.0541468,-1.13048
131,-1.7858,0.148482,-1.07459
131,-1.7095,0.244602,-1.12142
131,-1.61537,0.322784,-1.21949
131,-1.70235,0.28752,-1.14041
131,-1.67114,0.322802,-1.16703
131,-1.7379,0.19687,-1.16561
131,-1.67007,0.331239,-1.16603
131,-1.55095,0.421643,-1.28337
131,-1.73842,0.244064,-1.14279
131,-1.71737,0.205406,-1.20958
131,-2.00064,-0.366131,-1.26648
131,-2.14051,-0.594393,-1.24127
131,-1.84576,0.122856,-1.14038
131,-1.68487,0.373383,-1.21494
131,-1.73668,0.430022,-1.09406
131,-1.20036,1.57415,-1.03291
131,-1.73177,0.374432,-1.21534
131,-2.24732,-0.633025,-1.24375
131,-1.87011,0.212167,-1.17289
131,-1.77201,0.336593,-1.22405
131,-1.81281,0.284314,-1.20693
131,-1.78927,0.452349,-1.13748
131,-1.51907,1.02306,-1.13641
131,-1.88309,0.236294,-1.21086
131,-1.76563,0.518232,-1.17598
131,-1.88726,0.445852,-1.0651
131,-1.88409,0.447812,-1.07134
131,-1.91339,0.221348,-1.21212
131,-1.39415,1.28636,-1.15844
131,-1.76765,0.536287,-1.18705
131,-1.77988,0.533811,-1.19425
131,-1.87679,0.46853,-1.10054
131,-2.31672,-0.541856,-1.25848
131,-1.41209,1.29642,-1.20032
131,-1.91914,0.481519,-1.09895
131,-1.8316,0.529323,-1.19742
131,-1.84116,0.545394,-1.20993
131,-1.89407,0.579144,-1.18625
131,-1.8959,0.573791,-1.21074
131,-1.73216,0.863833,-1.24403
131,-1.90076,0.579108,-1.22445
131,-1.9167,0.576418,-1.21823
131,-1.97615,0.548364,-1.1734
131,-1.9685,0.578392,-1.19643
131,-1.75643,0.891626,-1.28229
131,-1.94007,0.607701,-1.23423
131,-1.82897,0.915279,-1.22421
131,-2.0582,0.566487,-1.15643
131,-2.04095,0.597148,-1.17815
131,-2.04497,0.592021,-1.18935
131,-1.85724,0.945269,-1.20975
131,-1.85858,0.954488,-1.20985
131,-1.85522,0.975924,-1.22337
131,-1.8811,0.998232,-1.17177
131,-2.0353,0.663945,-1.21364
131,-1.93796,0.853696,-1.23045
131,-2.08508,0.640342,-1.18555
131,-1.90596,0.955432,-1.21295
131,-1.87183,0.993574,-1.23683
131,-2.03315,0.708518,-1.21834
131,-2.03652,0.682162,-1.23601
131,-2.0531,0.708854,-1.19915
131,-1.87989,0.951118,-1.27216
131,-2.04965,0.680707,-1.23586
131,-1.89556,1.01428,-1.20862
131,-1.94098,0.953078,-1.20133
131,-1.88114,1.08086,-1.19492
131,-2.37225,0.199482,-1.14737
131,-2.09986,0.652,-1.20709
131,-1.88815,1.07617,-1.19419
131,-2.04908,0.724579,-1.2413
131,-1.92186,1.0315,-1.20183
131,-2.02923,0.832457,-1.19652
131,-1.89218,1.02573,-1.25735
131,-2.11351,0.669222,-1.21403
131,-2.38597,0.209431,-1.1675
131,-1.91996,0.974643,-1.26994
131,-2.05071,0.748167,-1.25812
131,-2.10401,0.731373,-1.19296
131,-1.9979,0.870709,-1.26727
131,-2.11924,0.726499,-1.19966
131,-2.09117,0.743267,-1.23613
131,-2.02438,0.878533,-1.23401
131,-2.02065,0.938665,-1.1938
131,-2.4171,0.222167,-1.16941
131,-2.01793,0.95595,-1.20341
131,-1.92876,1.11852,-1.22739
131,-2.13336,0.755114,-1.21511
131,-2.12456,0.77752,-1.21086
131,-2.02031,0.915448,-1.26257
131,-2.45862,0.227603,-1.16459
131,-2.1141,0.817248,-1.22338
131,-3.43667,0.232696,0.322179
131,-2.15017,0.76111,-1.22622
131,-2.07301,0.921996,-1.21944
131,-2.46741,0.236869,-1.16607
131,-2.19995,0.687904,-1.22914
131,-2.11453,0.854981,-1.23594
131,-2.11231,0.86673,-1.24015
131,-2.82793,-0.415925,-1.18555
131,-2.14034,0.833867,-1.24114
131,-2.40018,0.381782,-1.21201
131,-2.40821,0.357582,-1.22885
131,-2.22089,0.704527,-1.2412
131,-2.2492,0.677894,-1.2385
131,-2.89464,-0.376091,-1.10849
131,-2.25584,0.675112,-1.24792
131,-2.27494,0.66225,-1.23941
131,-2.6735,-0.302724,-1.40591
131,-2.25955,0.679401,-1.26035
131,-2.42985,0.404665,-1.22463
131,-2.44993,0.379354,-1.22453
131,-2.43119,0.421508,-1.2317
131,-2.33875,0.599182,-1.23342
131,-2.27861,0.718337,-1.2403
131,-2.8953,-0.32486,-1.13281
131,-2.31761,0.679742,-1.21745
131,-2.40592,0.510328,-1.231
131,-2.29639,0.731585,-1.22917
131,-2.30391,0.677003,-1.26879
131,-2.46595,0.383864,-1.2594
131,-2.37811,0.58465,-1.23567
131,-2.59387,0.223511,-1.19592
131,-2.47976,0.375632,-1.26371
131,-2.3294,0.695199,-1.25884
131,-2.30219,0.741254,-1.26451
131,-2.43692,0.555497,-1.20794
131,-2.43034,0.552607,-1.22318
131,-2.38056,0.653847,-1.22749
131,-2.39925,0.652795,-1.20274
131,-2.47214,0.432844,-1.26953
131,-2.43743,0.52396,-1.25842
131,-2.42858,0.613938,-1.2015
131,-2.47131,0.545533,-1.19437
131,-2.33042,0.78604,-1.21856
131,-2.33452,0.772062,-1.22774
131,-2.4129,0.64793,-1.22913
131,-2.41343,0.604336,-1.26515
131,-2.44188,0.613977,-1.21607
131,-2.46106,0.586039,-1.21413
131,-2.3979,0.659183,-1.26479
131,-2.48179,0.57305,-1.2059
131,-2.83587,-0.206688,-1.29353
131,-2.44678,0.629601,-1.22585
131,-2.41593,0.705547,-1.21515
131,-2.34468,0.788004,-1.26006
131,-2.69423,0.24269,-1.1615
131,-2.4222,0.713951,-1.20228
131,-2.52893,0.52277,-1.196
131,-2.46362,0.623074,-1.21699
131,-2.52689,0.490202,-1.23536
131,-2.41624,0.733276,-1.21379
131,-2.65022,0.254061,-1.23924
131,-2.38527,0.750655,-1.24907
131,-2.47952,0.566592,-1.2519
131,-2.41664,0.688796,-1.25536
131,-2.49387,0.570306,-1.23409
131,-2.47099,0.627262,-1.24105
131,-2.4526,0.663882,-1.24735
131,-2.51696,0.559063,-1.23583
131,-2.48919,0.606118,-1.24163
131,-2.52539,0.600593,-1.20026
131,-2.87117,-0.154004,-1.2831
131,-2.55139,0.53252,-1.22611
131,-2.55251,0.533085,-1.22698
131,-2.56747,0.486396,-1.24238
131,-2.54209,0.567734,-1.22272
131,-2.73772,0.225381,-1.20796
131,-2.56389,0.602621,-1.18994
131,-2.54729,0.613137,-1.20919
131,-2.60235,0.436308,-1.26753
131,-2.33828,0.911002,-1.29252
131,-2.77678,0.218799,-1.17576
131,-2.72561,0.281295,-1.20948
131,-2.57985,0.519507,-1.25012
131,-2.59739,0.584965,-1.17982
131,-2.51461,0.689647,-1.22531
131,-2.56239,0.694441,-1.15172
131,-2.59343,0.630909,-1.1573
131,-2.60031,0.528099,-1.23408
131,-2.59046,0.627547,-1.17107
131,-2.50424,0.750719,-1.21275
131,-2.60517,0.584711,-1.1939
131,-2.62262,0.473427,-1.25594
131,-2.51887,0.771719,-1.19915
131,-2.72506,0.318401,-1.25438
131,-2.60936,0.651975,-1.17447
131,-2.74086,0.351229,-1.21496
131,-2.64863,0.507349,-1.23413
131,-2.64056,0.484728,-1.26817
131,-2.57169,0.682422,-1.21868
131,-2.6415,0.609003,-1.17267
131,-2.5201,0.773688,-1.2311
131,-2.54328,0.778263,-1.19432
131,-2.73181,0.394798,-1.21223
131,-2.5318,0.78627,-1.20873
131,-2.63699,0.539692,-1.24786
131,-2.68911,0.429778,-1.25598
131,-2.55579,0.710894,-1.25108
131,-2.77185,0.401377,-1.20222
131,-2.57156,0.750898,-1.23408
131,-2.64443,0.659703,-1.2043
131,-2.75255,0.436358,-1.22441
131,-2.68102,0.536789,-1.25607
131,-2.69632,0.503313,-1.26396
131,-2.73794,0.458271,-1.24346
131,-2.78447,0.363043,-1.24961
131,-2.71468,0.529517,-1.22772
131,-2.72228,0.517504,-1.22651
131,-2.69854,0.604449,-1.21719
131,-2.73178,0.451161,-1.28911
131,-2.81541,0.424534,-1.20063
131,-2.70548,0.578359,-1.25854
131,-2.74615,0.487279,-1.28393
131,-2.80558,0.426756,-1.2601
131,-2.84162,0.438016,-1.20263
131,-2.83263,0.416542,-1.24089
131,-2.77674,0.476903,-1.28129
131,-2.76478,0.542601,-1.25984
131,-2.86132,0.428405,-1.2212
131,-2.75647,0.619397,-1.23616
131,-2.75602,0.623514,-1.24642
131,-2.75741,0.632757,-1.24234
131,-2.95707,0.227516,-1.27667
131,-2.83471,0.497367,-1.26238
131,-2.7043,0.949504,-1.27821
131,-2.7441,0.98253,-1.243
131,-3.88601,0.333411,-0.294647
131,-3.44763,1.26901,-0.266481
131,-4.15663,0.121356,-0.133551
131,-3.28011,1.68151,-0.23486
131,-3.55614,0.957512,-0.444613
131,-3.53569,1.28263,-0.228231
131,-2.94737,1.9728,-0.580221
131,-3.55574,1.29837,-0.197077
131,-3.57157,0.97239,-0.448685
131,-3.32449,1.68855,-0.281639
131,-3.3715,0.236955,-1.37
131,-3.39616,0.254822,-1.3326
131,-3.65947,0.318562,-0.892977
131,-3.11545,1.62883,-0.693398
131,-3.60221,0.981601,-0.477322
131,-3.00997,2.75987,0.0179489
131,-3.21336,1.63337,-0.57876
131,-2.8703,1.92112,-0.885913
131,-3.0588,1.55436,-0.904154
131,-3.23573,1.22873,-0.902076
131,-2.94999,1.70012,-0.995055
131,-2.99639,1.88525,-0.792362
131,-2.97495,2.76329,-0.144813
131,-3.03382,1.99042,-0.677978
131,-3.27244,1.25294,-0.90046
131,-3.23714,1.27264,-0.997889
131,-3.11358,2.14052,-0.50527
131,-2.92861,1.98165,-0.915879
131,-3.25381,1.73628,-0.622111
131,-3.13893,1.59378,-0.934983
131,-2.9417,2.7029,-0.36105
131,-3.25742,1.30356,-1.01995
131,-3.33753,1.21466,-0.970459
131,-3.22668,1.71035,-0.746769
131,-3.34568,1.2084,-0.971214
131,-3.41149,1.66681,-0.510528
131,-3.33006,1.28931,-0.943955
131,-3.15777,1.62485,-0.947625
131,-3.60885,0.275629,-1.39707
131,-3.372,1.24557,-0.98975
131,-3.44032,1.79465,-0.453171
131,-3.08235,1.62896,-1.13768
131,-3.32122,1.18644,-1.14754
131,-3.33025,2.24052,-0.323701
131,-2.93711,3.08753,-0.302129
131,-3.09155,1.80069,-1.10228
131,-3.58599,1.30332,-0.765642
131,-3.97963,0.865365,-0.535433
131,-3.05052,2.11204,-0.971209
131,-3.37659,1.26765,-1.18337
131,-3.46808,1.3,-1.04195
131,-3.41202,1.61901,-0.877084
131,-3.08497,1.87311,-1.19202
131,-3.37655,1.678,-0.91383
131,-3.06196,1.95614,-1.17304
131,-3.43046,1.56338,-0.937276
131,-3.80511,1.39598,-0.503444
131,-3.54165,1.19977,-1.07882
131,-3.3492,1.49035,-1.14543
131,-3.77908,0.819707,-1.04835
131,-3.77529,1.32181,-0.718853
131,-3.39739,1.53644,-1.19196
131,-3.43315,1.61642,-1.0761
131,-3.82531,0.858769,-1.09614
131,-3.82892,0.867096,-1.09264
131,-3.46919,1.58428,-1.23367
131,-4.22863,0.0995854,-1.31353
131,-3.74426,1.28279,-1.15794
131,-4.312,0.263319,-1.41168
131,-2.18439,0.918347,-1.31102
130,-2.18439,0.918347,-1.31102
131,-3.23347,-0.236236,-1.36449
130,-3.23347,-0.236236,-1.36449
131,-4.0771,1.58896,-0.622784
130,-4.0771,1.58896,-0.622784
131,-3.30576,2.33258,-0.0773905
130,-3.30576,2.33258,-0.0773905
131,-2.08893,0.72997,-1.19552
115,-2.08893,0.72997,-1.19552
131,-1.57075,1.32199,-1.11478
116,-1.57075,1.32199,-1.11478
132,-0.104749,-0.329669,0.749548
132,-0.878582,-0.248831,-0.000555396
132,-1.04211,0.0809733,-0.408565
132,-1.25151,0.195673,-0.454834
132,-1.41319,0.0560993,-0.950661
132,-1.46674,-0.0480368,-0.966684
132,-1.3208,0.299595,-0.934346
132,-1.3475,0.298233,-0.992455
132,-1.57161,-0.148528,-1.03758
132,-2.1622,-0.358962,-0.32851
132,-1.42962,0.367351,-0.90875
132,-1.46386,0.382131,-0.918799
132,-1.57473,0.134994,-0.964253
132,-1.51583,0.180248,-1.05234
132,-1.48208,0.38863,-0.940016
132,-1.70314,0.718833,-0.307655
132,-1.68823,0.778362,-0.315047
132,-2.48163,0.380068,0.629316
132,-1.62741,0.460808,-0.801248
132,-1.71369,-0.0811479,-1.20056
132,-1.78899,0.883578,-0.381399
132,-1.95515,0.871013,-0.145244
132,-2.06896,0.048779,-0.718958
132,-1.94156,0.687228,-0.357826
132,-2.10137,0.134562,-0.71435
132,-1.94172,1.19112,-0.0280349
132,-1.46906,0.988991,-1.02985
132,-2.13615,1.02356,0.0946514
132,-1.47557,0.996545,-1.05788
132,-1.76811,0.317459,-1.37871
132,-1.87538,0.603211,-1.02365
132,-2.24529,0.125951,-0.838307
132,-1.90619,1.10221,-0.521744
132,-1.19898,1.81253,-1.08569
132,-2.2867,0.114679,-0.882097
132,-1.94632,0.663422,-1.11516
132,-1.66734,0.953851,-1.32586
132,-2.29671,1.05757,-0.222531
132,-1.98068,0.695379,-1.15081
132,-2.00337,0.69787,-1.12808
132,-2.21917,1.40105,-0.140907
132,-2.54068,1.23132,0.216219
132,-2.13207,0.666123,-1.04743
132,-2.53306,1.225,0.0537795
132,-2.60303,1.26379,0.202219
132,-2.45969,0.791943,-0.515993
132,-2.53395,0.155129,-0.994611
132,-2.04674,0.873496,-1.20122
132,-2.56509,1.24594,0.0134286
132,-2.03416,0.951459,-1.18629
132,-2.36491,0.628631,-0.992079
132,-1.83832,1.06924,-1.50732
132,-2.24464,1.94305,-0.0345539
132,-2.38768,0.626512,-1.01655
132,-2.36756,0.741175,-0.981511
132,-2.65112,0.166958,-1.06091
132,-2.18939,0.870664,-1.27331
132,-1.74366,2.63928,-0.397465
132,-2.45215,0.639876,-1.05344
132,-2.46076,0.69073,-1.0791
132,-2.66844,1.31288,-0.199466
132,-2.45555,0.746876,-1.15232
132,-2.52582,0.708442,-1.15728
132,-1.87852,2.6318,-0.48549
132,-2.62866,1.34173,-0.568213
132,-1.80271,1.75807,-1.63383
132,-2.62407,0.903615,-1.15927
132,-2.13789,1.3161,-1.8274
132,-3.17492,1.6107,0.199485
132,-2.8881,0.806278,-1.35191
132,-2.92447,0.641733,-1.44578
132,-2.1186,3.17111,-0.531743
132,-2.26138,2.9129,-0.546605
132,-3.08319,-0.212664,-2.19093
132,-3.89485,1.47349,-0.503322
132,-4.02285,1.58591,-0.196867
132,-3.89405,1.46731,-0.908066
132,-5.00313,0.525566,-0.325098
132,-4.34282,1.71452,-0.445901
132,-5.13436,0.262162,-1.72212
132,-3.95472,3.97559,-0.695651
132,-3.66988,4.42097,-0.909305
132,-5.13848,2.08581,-0.683321
132,-3.37579,4.92391,-1.09469
132,-4.01479,4.36448,-0.977342
132,-5.15634,2.11614,-1.33969
132,-1.88872,0.582249,-1.15713
131,-1.88872,0.582249,-1.15713
132,-3.41328,2.12997,-1.36566
131,-3.41328,2.12997,-1.36566
132,-2.73144,0.955391,-1.22547
131,-2.73144,0.955391,-1.22547
132,-1.70153,0.133636,-1.33516
131,-1.70153,0.133636,-1.33516
132,-1.77114,0.223401,-1.1785
131,-1.77114,0.223401,-1.1785
132,-1.43132,1.33235,-1.1888
131,-1.43132,1.33235,-1.1888
132,-2.63132,2.69484,-0.162497
131,-2.63132,2.69484,-0.162497
132,-3.44136,1.46042,-1.09758
131,-3.44136,1.46042,-1.09758
132,-3.59258,1.46025,0.0322176
130,-3.59258,1.46025,0.0322176
132,-3.24614,2.0736,-0.352639
130,-3.24614,2.0736,-0.352639
132,-3.23198,2.26668,0.496829
130,-3.23198,2.26668,0.496829
132,-3.22684,2.25706,-0.0531491
130,-3.22684,2.25706,-0.0531491
132,-3.60131,1.24984,0.431218
130,-3.60131,1.24984,0.431218
132,-3.10773,2.18292,-0.423819
129,-3.10773,2.18292,-0.423819
132,-3.0735,2.1546,-0.0676279
129,-3.0735,2.1546,-0.0676279
132,-3.49477,1.85468,0.138172
129,-3.49477,1.85468,0.138172
132,-4.16221,1.00435,0.458273
129,-4.16221,1.00435,0.458273
132,-1.94644,0.595031,-1.204
114,-1.94644,0.595031,-1.204
132,-1.86402,0.53274,-1.19114
116,-1.86402,0.53274,-1.19114
132,-1.96477,1.13278,-1.2417
116,-1.96477,1.13278,-1.2417
132,-4.0145,0.891566,0.0972441
125,-4.0145,0.891566,0.0972441
133,-0.331063,-0.0972895,0.749199
133,-1.70739,0.0259759,-1.11921
133,-1.22853,1.87478,-0.269298
133,-1.16432,1.99904,-0.266298
133,-1.20749,1.97055,-0.255721
133,-1.57482,0.342406,-1.21852
133,-1.60062,0.343438,-1.24547
133,-1.68242,0.293936,-1.17177
133,-1.60628,0.363842,-1.23993
133,-1.75218,0.177442,-1.18731
133,-1.57929,0.492284,-1.19812
133,-1.64142,0.527376,-1.16145
133,-1.37604,2.02077,-0.232257
133,-1.65344,0.680545,-1.48598
133,-1.61804,2.1238,-0.303583
133,-1.60578,2.25064,-0.275788
133,-1.80562,0.918877,-1.2862
133,-2.08669,0.70689,-1.21174
133,-1.93407,0.979331,-1.21847
133,-2.04746,0.768617,-1.23294
133,-2.13187,0.669446,-1.1813
133,-1.93783,0.99407,-1.21823
133,-1.99783,0.954014,-1.15938
133,-2.07366,0.762213,-1.22497
133,-2.1446,0.682114,-1.19823
133,-2.04065,0.915095,-1.1717
133,-2.14574,0.699765,-1.2058
133,-2.35877,0.386026,-1.14059
133,-1.8013,2.33305,-0.267277
133,-2.05058,0.913354,-1.22693
133,-2.38952,0.382685,-1.153
133,-2.12654,0.780674,-1.23166
133,-2.04268,0.981837,-1.19061
133,-2.15515,0.775325,-1.20264
133,-2.06806,0.922707,-1.23543
133,-2.09874,0.902763,-1.23407
133,-2.22528,0.722996,-1.20792
133,-2.18368,0.786932,-1.22519
133,-2.0712,1.01456,-1.21877
133,-2.13492,0.885566,-1.23714
133,-2.23898,0.716349,-1.22536
133,-1.85274,2.48019,-0.2081
133,-2.26564,0.705072,-1.2244
133,-1.90604,2.41406,-0.254131
133,-2.27613,0.744117,-1.2512
133,-2.29617,0.709086,-1.2506
133,-2.30968,0.780337,-1.21918
133,-2.39293,0.63567,-1.25062
133,-1.92454,2.55158,-0.224508
133,-2.01853,2.3457,-0.272877
133,-2.48292,0.587283,-1.23818
133,-2.42283,0.767182,-1.22699
133,-2.42553,0.774193,-1.2378
133,-2.60359,0.459092,-1.23101
133,-2.57457,0.50835,-1.25691
133,-2.78754,0.258478,-1.14874
133,-2.46108,0.77684,-1.22623
133,-2.53225,0.718328,-1.21351
133,-2.55981,0.701578,-1.18987
133,-2.74854,0.381446,-1.1734
133,-2.49999,0.804589,-1.24526
133,-2.78421,0.359043,-1.18105
133,-2.69263,0.486864,-1.29549
133,-3.45688,0.750157,0.328444
133,-2.67208,0.659921,-1.17108
133,-2.59409,0.913812,-1.11338
133,-2.6893,0.727073,-1.19792
133,-2.71974,0.619629,-1.26657
133,-2.88386,0.456019,-1.21976
133,-2.83629,0.59047,-1.28055
133,-2.75051,0.983286,-1.21835
133,-3.26495,0.05598,-1.3795
133,-2.35662,2.837,-0.263013
133,-2.75542,1.50258,-0.939971
133,-2.58977,2.57239,-0.262752
133,-2.62838,2.54619,-0.244473
133,-2.65664,2.57336,-0.24324
133,-2.76335,1.64392,-0.979829
133,-3.34287,1.74157,0.154328
133,-2.68478,2.59691,-0.217898
133,-2.48409,2.94049,-0.252118
133,-2.89488,2.08942,-0.358247
133,-2.80937,1.62738,-0.986589
133,-2.57915,2.73886,-0.322479
133,-3.70889,0.860628,-0.18868
133,-2.71502,2.64053,-0.230687
133,-3.41418,1.80544,0.175615
133,-2.97762,2.41533,-0.0553029
133,-3.27223,1.72005,-0.217616
133,-3.10069,2.13612,-0.169494
133,-2.97915,1.78955,-0.739165
133,-3.29398,1.70099,-0.268086
133,-2.84774,2.56479,-0.22442
133,-3.49606,1.27807,-0.352247
133,-3.79822,0.898099,-0.189299
133,-3.11306,2.15587,-0.18261
133,-3.4143,2.40891,0.582991
133,-3.49147,1.29127,-0.404305
133,-3.27373,1.71606,-0.387212
133,-3.24765,1.7514,-0.415197
133,-2.8502,2.71847,-0.174158
133,-2.76341,2.87444,-0.187487
133,-3.34389,1.72495,-0.284254
133,-3.91384,1.42327,0.415495
133,-2.93672,2.4741,-0.321488
133,-3.27839,1.76278,-0.428418
133,-3.55596,1.26411,-0.450996
133,-3.27887,2.11733,-0.12968
133,-3.32119,1.74982,-0.419844
133,-3.66246,1.34281,-0.218582
133,-3.20657,2.15415,-0.24201
133,-2.93807,2.6638,-0.252492
133,-3.35945,2.38889,0.229025
133,-3.36269,1.7728,-0.42982
133,-2.88217,2.88445,-0.202505
133,-3.33147,1.33259,-0.936161
133,-3.08028,2.17802,-0.558495
133,-3.13853,2.21351,-0.422043
133,-3.27126,1.46668,-0.940558
133,-3.15433,2.23073,-0.439329
133,-3.14724,2.26834,-0.443694
133,-3.08886,2.1059,-0.743203
133,-3.17863,2.58369,-0.110975
133,-3.09225,2.10571,-0.748929
133,-2.90052,3.00412,-0.220024
133,-3.03735,2.86771,-0.118181
133,-2.94888,2.98087,-0.178335
133,-3.14007,3.1572,0.326377
133,-3.38843,1.79084,-0.605193
133,-4.39642,0.416117,-0.169151
133,-3.29692,1.79579,-0.799509
133,-3.30462,1.80056,-0.784351
133,-3.23383,2.92716,0.197317
133,-3.39209,1.79301,-0.654295
133,-2.87275,2.37864,-1.07308
133,-3.65181,1.35009,-0.696786
133,-3.30879,1.67403,-1.01575
133,-3.40574,1.45441,-1.06826
133,-3.34663,1.68093,-1.0398
133,-3.65638,1.31995,-0.860263
133,-4.06101,0.944535,-0.533193
133,-3.81038,0.871268,-1.05767
133,-3.11834,2.1913,-0.995381
133,-3.42681,1.72974,-0.92455
133,-3.74199,1.32943,-0.829723
133,-3.73612,1.32565,-0.846333
133,-3.40445,1.72224,-1.05501
133,-3.62598,1.70332,-0.675833
133,-3.36016,2.15864,-0.807956
133,-3.48629,1.59653,-1.21135
133,-4.24621,0.963506,-0.590028
133,-3.48657,1.46592,-0.872743
132,-3.48657,1.46592,-0.872743
133,-3.42239,1.59828,-0.881153
132,-3.42239,1.59828,-0.881153
133,-3.514,0.299974,-1.3272
132,-3.514,0.299974,-1.3272
133,-3.65873,0.933744,-0.0594297
132,-3.65873,0.933744,-0.0594297
133,-1.52499,2.30618,-0.253553
132,-1.52499,2.30618,-0.253553
133,-3.62193,0.881242,-0.243337
132,-3.62193,0.881242,-0.243337
133,-2.77985,0.747659,-1.27914
131,-2.77985,0.747659,-1.27914
133,-3.37764,1.64198,-0.457734
131,-3.37764,1.64198,-0.457734
133,-3.25611,2.09525,-0.357922
131,-3.25611,2.09525,-0.357922
133,-1.65492,0.49151,-1.12649
131,-1.65492,0.49151,-1.12649
133,-3.26272,2.30063,-1.09492
131,-3.26272,2.30063,-1.09492
133,-3.2718,1.45808,-0.962598
130,-3.2718,1.45808,-0.962598
133,-3.56122,1.51986,-0.369532
130,-3.56122,1.51986,-0.369532
133,-3.10656,1.99518,-1.26945
129,-3.10656,1.99518,-1.26945
133,-3.47898,1.91648,-0.85177
129,-3.47898,1.91648,-0.85177
133,-3.59068,1.52889,-0.379222
129,-3.59068,1.52889,-0.379222
133,-3.17519,2.2852,0.035472
129,-3.17519,2.2852,0.035472
133,-3.82146,0.815579,-0.112123
129,-3.82146,0.815579,-0.112123
134,0.0553383,-0.0947819,0.756875
134,-1.4827,-0.0260626,-0.847739
134,-1.42953,0.375503,-1.10907
134,-1.45998,0.368649,-1.19082
134,-1.12449,1.9839,-0.302086
134,-1.6863,0.447283,-0.917422
134,-1.22738,2.00164,-0.249421
134,-1.16562,2.11994,-0.244367
134,-1.34815,1.21623,-1.0745
134,-1.3146,2.13304,-0.209613
134,-1.10376,1.7768,-1.01293
134,-1.52837,0.878123,-1.18755
134,-1.47702,1.07589,-1.12603
134,-1.50567,1.07508,-1.10511
134,-1.01763,2.04143,-1.11695
134,-1.42463,1.2851,-1.17517
134,-1.86848,0.5883,-1.12967
134,-1.07911,2.24001,-0.920708
134,-1.47061,1.37069,-1.24441
134,-2.19667,0.332762,-1.03656
134,-2.9651,0.662548,0.696077
134,-1.66514,2.32304,-0.234803
134,-2.02315,0.757706,-1.20807
134,-1.95259,0.905353,-1.20265
134,-1.76349,2.23545,-0.248476
134,-1.91074,0.985845,-1.26575
134,-2.4277,0.240692,-1.0842
134,-1.93586,0.995179,-1.27377
134,-2.02848,0.925893,-1.18496
134,-2.09308,0.837869,-1.21941
134,-1.9256,1.12936,-1.24787
134,-1.94474,1.08328,-1.28076
134,-2.12596,0.856262,-1.22177
134,-1.96447,2.31562,-0.241326
134,-2.28508,0.827647,-1.21432
134,-2.31781,0.78993,-1.20148
134,-2.48282,0.762114,-1.09255
134,-2.52542,0.707944,-1.09874
134,-2.72595,1.1241,-0.308234
134,-2.07273,2.51028,-0.240518
134,-2.52079,0.810135,-1.16854
134,-1.90844,2.85786,-0.29934
134,-2.87779,0.207301,-1.204
134,-2.57502,0.824011,-1.14685
134,-2.5639,0.815227,-1.21061
134,-2.554,1.5235,-0.849417
134,-2.84015,1.1482,-0.726729
134,-2.5781,1.5282,-0.870706
134,-2.58333,1.58474,-0.876821
134,-2.82457,1.51616,-0.519024
134,-2.31205,2.7079,-0.26677
134,-2.51656,1.93359,-0.691525
134,-2.41403,2.543,-0.267156
134,-2.62431,1.62953,-0.915325
134,-2.78279,1.02848,-1.24674
134,-2.63,1.85363,-0.75584
134,-2.77743,1.81701,-0.532561
134,-2.93885,1.21956,-0.840961
134,-3.03815,1.69243,-0.178446
134,-2.78853,2.03457,-0.306175
134,-2.81094,2.00509,-0.307306
134,-3.52511,1.31359,0.221353
134,-3.52236,1.32381,0.19365
134,-2.85749,1.98199,-0.385787
134,-3.05116,1.21701,-0.808812
134,-3.06767,1.22513,-0.802474
134,-2.97427,2.06546,-0.122399
134,-3.30271,1.46383,-0.132429
134,-3.35708,1.27432,-0.234751
134,-2.68752,2.51686,-0.21703
134,-2.68509,2.58327,-0.167374
134,-2.7083,2.4998,-0.229432
134,-3.14576,1.64912,-0.313393
134,-2.57269,2.1407,-0.885398
134,-3.0056,2.3575,0.106113
134,-2.79147,2.26741,-0.389457
134,-3.3579,1.73709,0.0943018
134,-2.7741,2.53171,-0.195698
134,-2.64386,2.73252,-0.236831
134,-2.7901,2.51803,-0.188815
134,-2.76209,2.63738,-0.127901
134,-3.59443,1.31248,0.0617323
134,-3.23547,1.6736,-0.243334
134,-3.27101,1.71046,-0.161351
134,-3.1942,1.68517,-0.334764
134,-2.7203,2.28133,-0.625498
134,-2.96341,2.10405,-0.360834
134,-2.52095,3.02219,-0.269003
134,-3.28121,1.46115,-0.444062
134,-2.79033,2.67473,-0.142009
134,-2.81802,2.58889,-0.179572
134,-2.91515,1.9995,-0.636824
134,-2.85681,2.75068,-0.00838441
134,-2.97624,2.17381,-0.374739
134,-3.60461,1.37315,-0.0632253
134,-3.5066,1.82623,0.151596
134,-3.17204,1.74519,-0.564132
134,-2.84352,2.06353,-0.85601
134,-3.51233,1.29739,-0.409948
134,-3.29208,1.72861,-0.386124
134,-3.04913,2.12771,-0.437628
134,-3.21413,1.69423,-0.588616
134,-3.10901,3.1215,0.654254
134,-3.5806,1.33984,-0.299733
134,-3.18651,1.73727,-0.655376
134,-3.37418,1.76423,-0.2874
134,-3.22724,1.76761,-0.584368
134,-3.26198,1.70072,-0.599825
134,-3.40189,1.77187,-0.298198
134,-3.20889,2.32678,-0.100339
134,-3.30508,1.70835,-0.552267
134,-3.27138,1.7213,-0.604044
134,-3.25799,1.71324,-0.658251
134,-3.22013,1.62522,-0.825226
134,-3.07515,2.04939,-0.663858
134,-3.3198,2.21247,-0.0870457
134,-3.10912,2.0503,-0.694785
134,-3.46067,1.55015,-0.549774
134,-3.47578,1.54912,-0.532321
134,-3.08421,2.10913,-0.723335
134,-3.3657,1.74851,-0.567465
134,-3.55345,1.31943,-0.655601
134,-3.32492,2.35668,-0.0423706
134,-3.66605,1.354,-0.465775
134,-3.3432,1.69415,-0.742379
134,-3.32133,1.76402,-0.734614
134,-3.33713,1.72383,-0.746128
134,-2.90962,3.01469,-0.249633
134,-3.15513,2.92812,0.101901
134,-3.58296,1.32757,-0.739942
134,-3.07121,2.8804,-0.117774
134,-2.91078,3.06675,-0.230299
134,-3.22821,2.9405,0.20887
134,-3.00517,2.13045,-1.03783
134,-3.16678,3.17986,0.326007
134,-2.97951,3.0179,-0.200719
134,-3.55051,1.61837,-0.564625
134,-2.86044,2.39303,-1.06399
134,-2.93929,3.07587,-0.242281
134,-3.00598,3.06335,-0.147748
134,-3.05696,2.17092,-0.968681
134,-3.16713,2.9362,-0.00745422
134,-3.46881,2.30211,-0.123723
134,-3.46667,1.76223,-0.728899
134,-3.32623,2.14534,-0.633386
134,-3.5007,1.76966,-0.709405
134,-3.89336,1.44223,-0.509891
134,-3.42771,3.09638,0.162234
134,-3.61652,1.75414,-0.969478
134,-3.87833,1.87296,-0.966754
134,-3.77017,1.73085,-1.35362
134,-3.8765,1.80383,-1.42006
134,-5.26786,1.6533,-1.93531
134,-3.50612,1.49004,-0.600521
133,-3.50612,1.49004,-0.600521
134,-2.64481,0.672367,-1.32232
133,-2.64481,0.672367,-1.32232
134,-3.68006,1.44043,0.14788
133,-3.68006,1.44043,0.14788
134,-3.07712,1.98165,-0.066947
133,-3.07712,1.98165,-0.066947
134,-3.41583,1.46512,-1.08657
133,-3.41583,1.46512,-1.08657
134,-2.48365,2.91843,-0.464882
133,-2.48365,2.91843,-0.464882
134,-1.20695,0.341385,0.491124
132,-1.20695,0.341385,0.491124
134,-3.70664,0.776102,-0.165275
132,-3.70664,0.776102,-0.165275
134,-2.49036,0.816485,-1.08086
132,-2.49036,0.816485,-1.08086
134,-2.80234,2.55786,-0.280169
132,-2.80234,2.55786,-0.280169
134,-1.91293,0.220069,-1.20043
131,-1.91293,0.220069,-1.20043
134,-3.60755,1.31096,-0.41279
131,-3.60755,1.31096,-0.41279
134,-3.4536,1.53236,-0.464353
130,-3.4536,1.53236,-0.464353
134,-3.39781,1.71793,-0.909694
130,-3.39781,1.71793,-0.909694
134,-2.74655,0.724652,-1.26192
129,-2.74655,0.724652,-1.26192
134,-3.56875,1.3172,-0.0129338
129,-3.56875,1.3172,-0.0129338
134,-3.05962,2.21772,-0.838581
114,-3.05962,2.21772,-0.838581
134,-3.15661,3.11798,-0.113625
120,-3.15661,3.11798,-0.113625
134,-3.14101,2.30351,-0.786281
127,-3.14101,2.30351,-0.786281
135,-1.52131,0.448875,-1.17674
135,-1.20626,1.99615,-0.270242
135,-1.55504,0.508757,-1.21442
135,-1.33283,2.43676,0.400057
135,-1.17777,2.15408,-0.273739
135,-1.13682,2.26358,-0.281948
135,-1.10917,1.79083,-1.00936
135,-1.12142,1.7717,-1.03449
135,-1.73549,0.554174,-1.16022
135,-0.945276,2.05003,-1.11961
135,-0.970468,2.06981,-1.07411
135,-1.03504,2.16774,-0.876502
135,-1.51726,1.10991,-1.12969
135,-1.50603,1.10345,-1.15939
135,-1.87417,0.59385,-1.15634
135,-1.57048,2.03968,-0.435095
135,-1.78401,0.915069,-1.26404
135,-2.08484,0.657783,-1.19959
135,-1.88671,0.973406,-1.2516
135,-1.90473,0.979028,-1.24422
135,-1.70554,2.29137,-0.248871
135,-1.92592,1.00126,-1.23046
135,-1.98966,0.976352,-1.16807
135,-2.0902,0.734862,-1.2323
135,-2.0641,0.78108,-1.25445
135,-1.75633,2.36915,-0.239084
135,-2.13719,0.874485,-1.24817
135,-2.16259,0.879351,-1.24745
135,-1.89097,2.40601,-0.224553
135,-1.99415,2.4864,-0.224765
135,-2.52763,0.72942,-1.10952
135,-2.47745,0.791085,-1.24469
135,-2.5466,0.819932,-1.22323
135,-2.64877,0.664871,-1.23132
135,-2.2649,2.48802,-0.274376
135,-2.03633,3.04505,-0.377954
135,-2.24694,2.95848,-0.268492
135,-3.16825,2.44342,0.745694
135,-2.65649,2.59698,-0.241077
135,-3.20279,1.69742,-0.140428
135,-2.67526,2.63116,-0.217466
135,-3.13249,2.25083,0.250404
135,-3.14247,1.23287,-0.862157
135,-2.82015,1.76034,-0.939647
135,-2.21081,3.30989,-0.480258
135,-3.08727,1.2891,-0.930231
135,-2.92316,2.05691,-0.426041
135,-2.74455,2.64819,-0.202048
135,-3.56002,1.87916,0.575677
135,-2.77481,1.81244,-1.10381
135,-2.7621,1.84264,-1.10584
135,-3.21418,1.71731,-0.353433
135,-3.22426,1.72264,-0.3567
135,-2.93883,1.63581,-1.03295
135,-3.22594,1.7275,-0.38606
135,-3.24373,1.73757,-0.351567
135,-3.16014,1.33187,-0.962731
135,-2.67263,2.24616,-0.952124
135,-3.17208,1.45366,-0.897235
135,-3.17142,1.76264,-0.582134
135,-3.59499,1.34008,-0.215866
135,-3.19056,2.27732,-0.0119617
135,-3.46365,2.45234,0.688874
135,-3.2447,2.1068,-0.12163
135,-2.98473,2.06819,-0.684569
135,-3.10302,2.4277,-0.0647267
135,-2.76966,2.91968,-0.197124
135,-3.53089,1.85568,0.157732
135,-3.10495,2.43756,-0.0694231
135,-2.927,2.76949,-0.0702136
135,-3.16233,1.44366,-1.042
135,-3.13556,2.29549,-0.19952
135,-3.17762,2.49043,0.0843594
135,-3.30987,1.71151,-0.500224
135,-2.91581,2.98001,0.086163
135,-2.93178,2.94421,0.0673326
135,-3.65145,1.36229,-0.22471
135,-2.79837,2.95716,-0.210399
135,-3.34014,2.38623,0.241401
135,-3.20321,2.33851,-0.116407
135,-3.61268,1.33332,-0.42593
135,-3.10091,2.08458,-0.712429
135,-3.11987,2.15562,-0.768291
135,-3.32556,2.26813,-0.306432
135,-3.81786,0.301426,-1.48117
135,-3.23321,2.92591,0.180398
135,-3.35009,1.7179,-0.902677
135,-3.84222,1.37544,-0.876176
135,-1.51457,1.63206,0.104261
134,-1.51457,1.63206,0.104261
135,-1.03778,2.04039,-1.15345
134,-1.03778,2.04039,-1.15345
135,-3.09867,2.0028,-0.0869757
133,-3.09867,2.0028,-0.0869757
135,-3.44377,1.89012,0.425491
132,-3.44377,1.89012,0.425491
135,-1.6297,2.4622,-0.285233
132,-1.6297,2.4622,-0.285233
135,-3.51974,1.48512,0.340298
130,-3.51974,1.48512,0.340298
136,-0.186286,0.256379,0.609587
136,-1.15139,2.13323,-0.254156
136,-1.1468,2.24459,-0.32685
136,-1.35971,2.36517,0.236634
136,-1.364,2.37628,0.234768
136,-1.01588,2.31457,-0.581528
136,-0.999921,2.47369,-0.616824
136,-1.45334,2.0811,-0.215715
136,-1.41815,2.17399,-0.204206
136,-1.45352,2.12327,-0.206358
136,-1.63784,2.29174,-0.221403
136,-1.95249,0.919934,-1.17576
136,-1.89808,0.994815,-1.25915
136,-1.96713,0.892956,-1.23689
136,-2.30743,0.379947,-1.12045
136,-2.13109,0.686644,-1.21871
136,-2.14425,0.69176,-1.21193
136,-2.02085,0.915604,-1.21925
136,-1.94506,1.06851,-1.28771
136,-2.05546,0.943336,-1.22286
136,-2.08355,0.925706,-1.22746
136,-2.11955,0.851084,-1.25346
136,-2.2523,0.727996,-1.22884
136,-2.25905,0.828497,-1.22335
136,-1.8595,2.54115,-0.20962
136,-2.30891,0.807207,-1.22443
136,-2.60123,0.371488,-1.10627
136,-2.34984,0.761507,-1.23407
136,-2.34178,0.819072,-1.2259
136,-2.43982,0.773363,-1.22396
136,-2.46212,0.767716,-1.21784
136,-2.70879,0.448241,-1.12558
136,-2.83848,0.216833,-1.19275
136,-2.45016,2.52189,-0.2284
136,-2.38239,2.69439,-0.228939
136,-2.40928,2.64825,-0.229058
136,-3.34625,1.8363,0.772959
136,-2.4899,2.55601,-0.235518
136,-2.75087,2.03974,-0.310875
136,-2.68142,2.50193,-0.234474
136,-3.54392,1.31931,0.205381
136,-3.19304,1.70762,-0.154872
136,-2.61269,2.71884,-0.230845
136,-2.73245,2.66837,-0.113849
136,-2.76,2.53268,-0.209481
136,-3.18611,1.69926,-0.338172
136,-3.25352,1.72362,-0.18131
136,-2.93794,2.71012,0.248555
136,-3.05074,2.14043,-0.156583
136,-2.68218,2.77727,-0.220891
136,-3.19464,1.71122,-0.365656
136,-2.75529,2.76518,-0.10477
136,-3.09966,2.22487,-0.0459862
136,-3.08952,2.25702,-0.0635746
136,-3.51592,1.31123,-0.235562
136,-2.99727,2.15035,-0.392112
136,-3.53446,1.32,-0.207737
136,-2.9772,2.19501,-0.393456
136,-3.24637,1.7699,-0.333235
136,-2.8014,2.58825,-0.360752
136,-3.56547,1.33308,-0.182819
136,-3.25188,1.7348,-0.396652
136,-2.88834,2.73399,-0.0657198
136,-3.34222,1.74542,-0.285263
136,-3.3074,1.76645,-0.341622
136,-2.90338,2.74169,-0.0967797
136,-3.54741,1.31222,-0.376464
136,-3.30444,1.79544,-0.344831
136,-3.21155,1.71239,-0.635219
136,-3.04456,2.23217,-0.412858
136,-3.23173,1.71923,-0.611131
136,-3.084,2.20855,-0.421752
136,-3.03837,2.18308,-0.547078
136,-2.88762,2.96334,-0.116996
136,-3.62123,1.32843,-0.427456
136,-3.35804,2.17035,-0.135748
136,-2.9554,2.12613,-1.01697
136,-2.87087,3.00078,-0.229946
136,-3.20235,2.07036,-0.589982
136,-3.76534,1.27532,-0.319611
136,-2.97118,2.99396,-0.213257
136,-3.59543,1.6792,-0.67568
136,-3.78844,1.34278,-0.838603
136,-3.66352,1.71682,-0.682835
136,-3.45513,2.51062,-0.172836
135,-3.45513,2.51062,-0.172836
136,-1.25292,2.42231,0.141255
135,-1.25292,2.42231,0.141255
136,-3.80295,1.39548,-0.000184541
135,-3.80295,1.39548,-0.000184541
136,-3.63104,0.87947,0.64582
135,-3.63104,0.87947,0.64582
136,-3.3636,1.64298,-0.705591
134,-3.3636,1.64298,-0.705591
136,-3.54104,1.50749,-0.632496
134,-3.54104,1.50749,-0.632496
136,-3.53986,1.50738,-0.623154
134,-3.53986,1.50738,-0.623154
136,-3.00308,2.51057,-1.15757
134,-3.00308,2.51057,-1.15757
136,-3.53986,1.50738,-0.623154
134,-3.53986,1.50738,-0.623154
136,-2.8838,2.6663,-0.310412
134,-2.8838,2.6663,-0.310412
136,-2.6284,0.810475,-1.75394
134,-2.6284,0.810475,-1.75394
136,-2.17291,0.635415,-1.33437
134,-2.17291,0.635415,-1.33437
136,-3.26822,2.12976,-1.28013
132,-3.26822,2.12976,-1.28013
136,-3.63486,1.02146,-0.478003
131,-3.63486,1.02146,-0.478003
136,-3.57526,1.37602,0.0924327
130,-3.57526,1.37602,0.0924327
136,-3.15903,2.68678,-0.413983
120,-3.15903,2.68678,-0.413983
136,-3.36821,2.16572,-0.333154
120,-3.36821,2.16572,-0.333154
137,-1.04738,2.33679,0.452134
137,-1.31724,2.40211,0.384093
137,-1.03088,2.25107,-0.513825
137,-0.915773,1.84806,-1.23947
137,-0.98474,2.34705,-0.615064
137,-1.09371,1.81861,-1.03096
137,-1.09808,1.8337,-1.06792
137,-0.983081,2.02065,-1.11126
137,-1.36767,2.12001,-0.204931
137,-1.26008,2.32608,-0.205812
137,-1.4659,1.10439,-1.14845
137,-1.01866,2.13928,-0.947416
137,-0.957699,2.09401,-1.14947
137,-0.999954,2.04041,-1.13471
137,-1.8235,0.568708,-1.0654
137,-0.994091,2.05354,-1.23435
137,-1.40674,2.24195,-0.188761
137,-1.83322,0.597067,-1.14176
137,-1.06786,2.26437,-0.925685
137,-1.44087,2.31961,-0.178355
137,-1.55569,2.11931,-0.220852
137,-1.74806,0.883075,-1.22343
137,-1.24361,2.56654,-0.480297
137,-1.62196,2.17839,-0.207616
137,-2.05331,0.759786,-1.15742
137,-1.89872,0.98321,-1.25495
137,-1.90898,0.992028,-1.25514
137,-1.16731,2.52446,-1.15322
137,-2.07856,1.00352,-1.2277
137,-2.26189,0.83966,-1.229
137,-2.6127,0.64772,-1.17871
137,-2.65039,1.56304,-0.91928
137,-2.75727,2.06423,-0.296005
137,-2.66839,1.65567,-0.936224
137,-3.3996,1.34778,0.208932
137,-2.50965,2.67119,-0.216352
137,-2.67587,1.69594,-0.960702
137,-2.72084,1.69486,-0.906716
137,-3.05826,1.77851,-0.19091
137,-2.63357,2.61906,-0.177799
137,-3.05624,1.6968,-0.335235
137,-3.11145,1.78344,-0.203095
137,-2.71538,2.54405,-0.186701
137,-3.12091,1.77976,-0.200932
137,-2.67708,2.64815,-0.192888
137,-2.70911,2.65429,-0.121969
137,-2.71637,2.54144,-0.238358
137,-2.99619,1.68161,-0.610516
137,-2.7434,2.5859,-0.159363
137,-2.75003,1.79794,-1.0557
137,-3.58829,1.34945,0.180502
137,-3.37871,1.75232,0.183977
137,-2.7459,2.0137,-0.862053
137,-3.05361,1.66291,-0.635313
137,-2.48491,3.06293,-0.281743
137,-2.73446,1.86133,-1.099
137,-2.96179,2.39572,-0.0359693
137,-3.23891,1.70895,-0.241556
137,-3.04696,2.1546,-0.154952
137,-3.20992,1.72807,-0.335646
137,-2.68509,2.87118,-0.186622
137,-3.19976,1.68421,-0.46514
137,-3.12511,1.44204,-0.89322
137,-2.84093,2.72303,-0.0677571
137,-3.45868,1.80783,0.176397
137,-3.55455,1.31897,-0.194267
137,-3.49722,1.30028,-0.348993
137,-3.48706,1.30759,-0.367408
137,-3.48013,1.31193,-0.386255
137,-3.26054,1.27947,-0.911819
137,-3.22889,1.73858,-0.559399
137,-3.21122,1.71392,-0.636289
137,-2.82702,2.92067,-0.102225
137,-3.29566,1.73415,-0.519284
137,-3.57782,1.33037,-0.40271
137,-3.15068,1.77427,-0.811149
137,-2.79747,2.99892,-0.189436
137,-3.18842,2.07574,-0.406172
137,-3.26423,1.73879,-0.694921
137,-3.28683,1.71752,-0.728073
137,-3.3142,1.53202,-0.996897
137,-3.28894,1.70072,-0.881052
137,-3.59874,1.33231,-0.649863
137,-3.05984,2.20896,-0.973575
137,-3.54552,1.65457,-0.620121
137,-3.56761,1.66242,-0.645873
137,-3.52708,1.70431,-0.93047
137,-3.48808,1.7698,-0.956611
137,-2.25931,2.46416,-0.237995
136,-2.25931,2.46416,-0.237995
137,-2.81463,1.86602,-1.0419
136,-2.81463,1.86602,-1.0419
137,-3.57085,1.33081,-0.00177452
136,-3.57085,1.33081,-0.00177452
137,-3.68163,1.40264,-0.0796471
136,-3.68163,1.40264,-0.0796471
137,-1.23283,2.4329,0.365713
136,-1.23283,2.4329,0.365713
137,-1.12773,2.23533,-0.321053
136,-1.12773,2.23533,-0.321053
137,-2.29192,0.371483,-1.11131
136,-2.29192,0.371483,-1.11131
137,-1.12773,2.23533,-0.321053
136,-1.12773,2.23533,-0.321053
137,-3.04888,2.39958,-0.0476796
135,-3.04888,2.39958,-0.0476796
137,-2.64572,0.620268,-1.34747
135,-2.64572,0.620268,-1.34747
137,-1.48688,2.72686,0.270508
135,-1.48688,2.72686,0.270508
137,-3.0909,2.60218,-0.818957
134,-3.0909,2.60218,-0.818957
137,-3.67117,1.30646,-0.466773
132,-3.67117,1.30646,-0.466773
137,-3.54392,1.34913,-0.0611036
132,-3.54392,1.34913,-0.0611036
137,-3.3933,1.90775,-0.293758
132,-3.3933,1.90775,-0.293758
137,-3.66586,1.30146,-0.795052
129,-3.66586,1.30146,-0.795052
137,-3.7065,1.38862,0.181666
129,-3.7065,1.38862,0.181666
137,-3.19243,2.70814,0.0271399
120,-3.19243,2.70814,0.0271399
138,-0.653267,0.787474,0.318959
138,-1.08081,2.39194,0.466243
138,-1.07228,2.39505,0.421652
138,-1.05042,2.44149,0.406926
138,-1.1558,2.3691,0.473806
138,-1.0432,2.32011,0.165072
138,-1.06771,1.95444,-0.245559
138,-1.09377,1.99082,-0.263147
138,-1.05595,2.12183,-0.254836
138,-1.09872,2.06973,-0.22608
138,-1.15637,1.97377,-0.239962
138,-1.1251,2.08357,-0.227897
138,-1.22454,2.02319,-0.255083
138,-1.46935,0.874299,-1.15875
138,-1.31042,2.38907,0.171177
138,-1.08954,1.78117,-1.02764
138,-1.42633,1.07537,-1.10572
138,-1.05332,2.28618,-0.55546
138,-1.05412,2.29793,-0.599259
138,-1.02873,2.35873,-0.61356
138,-1.04763,2.39703,-0.558845
138,-1.03869,2.42918,-0.58255
138,-1.04652,2.00633,-1.0964
138,-1.0095,2.09337,-1.10078
138,-0.978604,2.14826,-1.11689
138,-1.0049,2.07777,-1.14864
138,-1.43563,2.10072,-0.229905
138,-1.02555,2.53024,-0.621212
138,-1.10146,1.94258,-1.13297
138,-1.26181,2.45075,-0.277379
138,-0.778419,2.55841,-1.20356
138,-1.0481,2.54918,-0.645811
138,-1.41737,2.25427,-0.200168
138,-1.46391,2.16102,-0.210702
138,-1.36635,2.36028,-0.239252
138,-0.804765,2.61187,-1.17366
138,-0.850031,2.5396,-1.2046
138,-1.21529,2.52308,-0.456339
138,-0.90451,2.51967,-1.19077
138,-1.12397,2.37397,-1.03382
138,-1.96037,0.712673,-1.15934
138,-1.60315,2.30716,-0.220142
138,-1.63514,2.24632,-0.221442
138,-1.68121,2.22255,-0.243003
138,-1.93744,0.909624,-1.21858
138,-1.93459,0.990596,-1.29457
138,-2.03937,1.04833,-1.2631
138,-2.09725,0.975917,-1.25657
138,-1.83796,2.76957,-0.0870438
138,-1.88089,2.6336,-0.242606
138,-2.30681,1.44318,-0.754448
138,-2.31863,1.46904,-0.764965
138,-2.57743,0.727412,-1.13651
138,-2.34939,1.56756,-0.798796
138,-2.57046,1.50982,-0.464393
138,-2.44454,1.63164,-0.842501
138,-2.75695,0.699837,-1.26279
138,-2.44594,1.65844,-0.859748
138,-2.5289,1.71091,-0.895359
138,-2.84354,2.36586,0.358687
138,-2.61043,1.74872,-0.987646
138,-2.82167,2.09188,-0.339792
138,-2.6443,2.52335,-0.235395
138,-3.27908,1.75713,0.199975
138,-2.9387,2.10498,-0.131076
138,-2.70412,2.53637,-0.205949
138,-2.94672,2.37607,0.123141
138,-2.60723,2.72305,-0.224697
138,-3.10998,1.68577,-0.326048
138,-2.62366,2.72089,-0.22824
138,-2.81488,2.01372,-0.632894
138,-2.72163,2.67656,-0.133287
138,-2.47104,3.0213,-0.317708
138,-3.20683,1.74201,-0.201162
138,-3.24111,1.73391,-0.170157
138,-3.04321,2.17054,-0.155019
138,-2.71242,2.82734,-0.220644
138,-2.98866,2.1757,-0.38606
138,-3.0893,1.73506,-0.687677
138,-3.16858,1.70535,-0.581275
138,-3.30596,1.74819,-0.268084
138,-3.25438,1.75833,-0.406692
138,-3.28518,1.77232,-0.350285
138,-3.10194,2.28215,-0.176668
138,-3.14262,2.16988,-0.249749
138,-3.23203,1.74576,-0.58229
138,-3.05948,2.82624,0.234041
138,-3.23048,1.74451,-0.615543
138,-2.97304,2.82991,-0.102753
138,-2.84109,3.00802,-0.234138
138,-3.06439,2.13826,-0.737942
138,-3.26353,2.37631,-0.120947
138,-3.00044,3.0554,-0.183613
138,-2.95078,3.0923,-0.265323
138,-3.42004,2.40179,-0.0546163
138,-3.7893,1.84296,0.0111848
138,-3.50745,2.25976,-0.174186
138,-3.06576,3.1198,-0.19175
138,-3.87017,1.40522,-0.489607
138,-2.92171,3.71049,-0.556146
138,-3.90899,2.4681,-0.280399
138,-3.70726,3.24801,0.155209
138,-3.70038,2.32753,-0.939449
138,-3.33852,1.72476,-0.911534
137,-3.33852,1.72476,-0.911534
138,-2.72003,2.66006,-0.137769
137,-2.72003,2.66006,-0.137769
138,-3.24805,2.17293,-0.825321
136,-3.24805,2.17293,-0.825321
138,-2.0613,0.689082,-1.16082
136,-2.0613,0.689082,-1.16082
138,-3.16736,3.76014,-0.519246
136,-3.16736,3.76014,-0.519246
138,-3.31052,1.99715,-1.31047
134,-3.31052,1.99715,-1.31047
138,-3.58588,1.37932,-0.309579
134,-3.58588,1.37932,-0.309579
138,-3.03784,2.83479,0.123609
134,-3.03784,2.83479,0.123609
138,-3.19471,2.61104,-0.118368
134,-3.19471,2.61104,-0.118368
138,-3.72711,1.32427,0.437336
132,-3.72711,1.32427,0.437336
138,-3.47243,1.91046,0.441622
132,-3.47243,1.91046,0.441622
138,-3.47494,1.77976,-0.953659
130,-3.47494,1.77976,-0.953659
138,-3.46205,1.58209,-1.08076
129,-3.46205,1.58209,-1.08076
139,-0.978672,2.32539,0.637901
139,-1.23525,2.38645,0.693392
139,-1.23271,2.42812,0.70843
139,-1.00572,2.05458,-0.229909
139,-1.23083,2.40095,0.623128
139,-1.02899,2.08831,-0.218348
139,-1.13923,1.90268,-0.212699
139,-1.12973,1.95004,-0.205153
139,-1.1493,1.94781,-0.207806
139,-1.06982,2.12635,-0.236286
139,-1.11973,2.1002,-0.222434
139,-1.07495,1.75997,-0.995519
139,-1.28749,2.31542,0.0466763
139,-1.01037,2.3754,-0.638843
139,-1.45659,2.08166,-0.19707
139,-1.46991,2.11542,-0.216677
139,-1.50463,2.07056,-0.215872
139,-1.44879,1.31714,-1.19829
139,-1.53913,2.11809,-0.2119
139,-1.73035,0.895245,-1.2136
139,-1.55312,2.12344,-0.217425
139,-1.12037,2.35876,-0.957979
139,-1.60027,2.21381,-0.207038
139,-1.62026,2.17718,-0.212512
139,-1.61588,2.22907,-0.206356
139,-1.63376,2.24445,-0.209491
139,-1.85668,0.973752,-1.21794
139,-1.69731,2.54575,-0.212998
139,-1.75513,2.50826,-0.192653
139,-2.65972,1.6208,-0.934933
139,-2.71035,1.66092,-0.945922
139,-2.71748,1.65247,-0.94743
139,-2.64401,1.7867,-1.03963
139,-2.57761,2.67931,-0.197109
139,-2.61968,2.59028,-0.211688
139,-2.64328,2.63538,-0.195921
139,-2.71345,1.79886,-1.03421
139,-2.67149,2.66573,-0.207776
139,-2.71109,1.85782,-1.04506
139,-3.03492,2.49189,0.34627
139,-3.14335,2.26175,0.304993
139,-3.22432,1.74212,-0.140988
139,-2.74873,2.6038,-0.217748
139,-2.65654,2.78574,-0.212348
139,-3.16481,1.81855,-0.223519
139,-3.03058,2.40983,0.117084
139,-2.68691,2.80979,-0.224198
139,-2.94704,2.72721,0.242827
139,-2.83759,2.46983,-0.292364
139,-3.16129,1.77217,-0.385061
139,-3.2699,1.76823,-0.157486
139,-3.06441,1.73052,-0.662574
139,-2.80645,2.61316,-0.232059
139,-2.95529,2.20926,-0.376222
139,-3.10956,1.76983,-0.544518
139,-2.83778,2.7257,-0.0522627
139,-2.82538,2.74099,-0.0658758
139,-3.23868,1.74313,-0.363807
139,-2.8676,2.4955,-0.317885
139,-3.13849,2.27031,0.0148764
139,-2.87156,2.89383,0.0962281
139,-2.9435,2.0865,-0.672119
139,-3.11243,2.30278,-0.0763519
139,-2.86829,2.94479,0.116625
139,-3.16854,2.28625,0.0151109
139,-3.3008,1.77773,-0.34083
139,-3.09846,2.43182,-0.0600359
139,-2.76788,2.94849,-0.222994
139,-2.91396,1.949,-1.08148
139,-3.07596,2.22002,-0.425164
139,-3.0847,2.23261,-0.415426
139,-2.7984,2.97687,-0.201935
139,-3.28716,2.1357,-0.108151
139,-3.0327,2.12764,-0.714606
139,-2.87849,2.9715,-0.115315
139,-2.8487,3.44253,-0.392165
139,-2.64717,2.61415,-0.228135
138,-2.64717,2.61415,-0.228135
139,-1.21445,2.32374,0.444367
138,-1.21445,2.32374,0.444367
139,-1.33143,2.3448,-0.0846803
138,-1.33143,2.3448,-0.0846803
139,-0.8889,2.04344,0.209663
138,-0.8889,2.04344,0.209663
139,-1.19502,2.43341,0.629852
138,-1.19502,2.43341,0.629852
139,-1.43485,2.53908,-0.327597
137,-1.43485,2.53908,-0.327597
139,-3.81003,2.50376,-0.393161
137,-3.81003,2.50376,-0.393161
139,-3.75374,0.933548,-0.262502
137,-3.75374,0.933548,-0.262502
139,-3.1608,2.49703,0.0852659
136,-3.1608,2.49703,0.0852659
139,-1.39057,2.4932,0.35247
136,-1.39057,2.4932,0.35247
139,-2.87489,0.982288,-1.63377
136,-2.87489,0.982288,-1.63377
139,-1.43824,2.57414,0.0789527
136,-1.43824,2.57414,0.0789527
139,-3.13842,2.55794,-0.529793
134,-3.13842,2.55794,-0.529793
139,-3.43437,1.79028,-0.603018
134,-3.43437,1.79028,-0.603018
139,-3.17592,2.50419,0.0948768
131,-3.17592,2.50419,0.0948768
140,-1.18831,2.42601,0.617177
140,-1.12686,2.42767,0.452727
140,-1.12558,2.47002,0.482004
140,-1.16714,2.41012,0.495643
140,-1.48709,1.44947,0.0794566
140,-1.10563,2.47247,0.394325
140,-1.2376,2.4037,0.604495
140,-1.1208,2.54961,0.466236
140,-1.57938,1.19367,-0.101172
140,-1.12396,1.95855,-0.245909
140,-1.15137,2.41121,0.333381
140,-1.19843,2.25288,0.183703
140,-1.18433,2.33476,0.229677
140,-1.25143,2.32596,0.375768
140,-1.26994,2.35102,0.259381
140,-1.26872,2.40509,0.305961
140,-1.29089,2.38044,0.31928
140,-1.03371,2.24777,-0.467261
140,-1.0463,2.24406,-0.541839
140,-1.03024,2.2506,-0.575657
140,-1.81178,1.30906,0.11065
140,-1.21501,2.27134,-0.186519
140,-1.75784,1.24554,-0.172144
140,-1.77244,1.25089,-0.1629
140,-1.31691,2.05351,-0.336188
140,-1.32769,2.10472,-0.329126
140,-1.16314,2.38897,-0.514003
140,-1.24498,2.40473,-0.310753
140,-1.18192,2.42449,-0.533802
140,-1.44902,2.22875,-0.22512
140,-1.84841,1.63787,-0.0341954
140,-1.47768,2.22001,-0.236514
140,-1.83063,1.54442,-0.234597
140,-1.51058,2.17571,-0.235007
140,-1.51194,2.1826,-0.243919
140,-1.25621,2.58715,-0.376958
140,-1.25813,2.5367,-0.47021
140,-1.47046,2.18381,-0.421382
140,-1.26104,2.50564,-0.581241
140,-1.38301,2.51708,-0.384597
140,-1.83653,1.59229,-0.470171
140,-1.44516,2.56461,-0.228413
140,-1.62794,2.18274,-0.268081
140,-2.45686,1.48203,0.776784
140,-1.56303,2.38373,-0.272142
140,-1.64669,2.3339,-0.252148
140,-2.21942,1.41485,-0.0591676
140,-1.95812,2.04115,0.0162172
140,-1.72847,2.38272,-0.268201
140,-1.59113,2.72363,-0.273576
140,-1.4817,2.74978,-0.686655
140,-2.53808,1.50046,0.0175559
140,-2.57104,1.51213,-0.020336
140,-2.31741,2.28984,-0.133893
140,-2.37852,2.33343,-0.103923
140,-2.76258,1.57997,-0.247134
140,-2.42155,2.35498,-0.124901
140,-2.09354,2.9044,-0.386197
140,-2.49099,2.4223,-0.109003
140,-2.51256,2.44528,-0.117892
140,-2.5046,2.52171,-0.0743049
140,-3.02582,1.6801,-0.286146
140,-2.59367,2.57507,-0.246506
140,-2.66071,2.51347,-0.185875
140,-2.70636,2.38284,-0.259794
140,-2.69772,2.54591,-0.19514
140,-2.66868,2.64836,-0.227234
140,-2.89911,2.9257,-0.328269
140,-3.73017,1.90348,0.130072
140,-3.37777,3.17207,-0.442001
140,-5.14555,1.71569,0.830975
140,-3.81026,3.75355,-0.544819
140,-4.17281,3.90097,-0.51929
140,-4.13085,4.02081,-0.59548
140,-4.58468,4.19134,-0.660799
140,-5.0361,4.53399,0.16992
140,-4.8616,4.5994,-0.802951
140,-2.96575,2.16415,-0.391195
139,-2.96575,2.16415,-0.391195
140,-3.03873,2.18892,-0.412997
139,-3.03873,2.18892,-0.412997
140,-3.27956,1.76318,-0.22398
139,-3.27956,1.76318,-0.22398
140,-3.0221,2.18549,-0.556262
139,-3.0221,2.18549,-0.556262
140,-3.14344,2.26366,-0.00236619
139,-3.14344,2.26366,-0.00236619
140,-3.41941,1.69256,0.0740795
139,-3.41941,1.69256,0.0740795
140,-2.13254,3.09354,-0.196314
139,-2.13254,3.09354,-0.196314
140,-2.83119,2.73499,-0.0826129
139,-2.83119,2.73499,-0.0826129
140,-2.87725,2.88737,0.0799615
139,-2.87725,2.88737,0.0799615
140,-3.43492,1.61046,-0.620706
139,-3.43492,1.61046,-0.620706
140,-3.14798,1.48549,-0.947059
139,-3.14798,1.48549,-0.947059
140,-3.25969,2.59942,-1.07515
138,-3.25969,2.59942,-1.07515
140,-3.54348,1.80025,0.135157
138,-3.54348,1.80025,0.135157
140,-2.9216,2.73432,0.148373
138,-2.9216,2.73432,0.148373
140,-2.67692,0.993591,-1.20483
138,-2.67692,0.993591,-1.20483
140,-3.19767,2.26893,-1.0572
136,-3.19767,2.26893,-1.0572
140,-3.27336,2.21393,-0.242585
130,-3.27336,2.21393,-0.242585
140,-3.28917,2.12895,-0.357368
130,-3.28917,2.12895,-0.357368
140,-3.17049,2.31598,-0.467789
132,-3.17049,2.31598,-0.467789
140,-3.38331,1.76721,-0.562846
131,-3.38331,1.76721,-0.562846
140,-3.27834,2.12181,-0.353947
131,-3.27834,2.12181,-0.353947
140,-3.27787,2.21403,-0.2633
120,-3.27787,2.21403,-0.2633
140,-3.17343,2.48145,0.189093
120,-3.17343,2.48145,0.189093
140,-3.47301,1.84117,-0.21295
127,-3.47301,1.84117,-0.21295
141,-1.0182,2.37163,0.386787
141,-1.06628,1.91781,-0.204172
141,-0.99324,2.06461,-0.209955
141,-1.0729,1.94169,-0.20403
141,-1.07323,1.94716,-0.203606
141,-1.00761,2.07116,-0.222313
141,-1.11131,1.88696,-0.211091
141,-1.14304,1.93675,-0.233401
141,-1.11823,2.10217,-0.218557
141,-1.24582,2.3792,0.159085
141,-1.04335,2.27312,-0.425912
141,-1.32251,2.4439,0.367867
141,-1.02812,2.23972,-0.523824
141,-1.28444,2.37627,0.177286
141,-1.03357,2.27846,-0.498835
141,-1.22797,2.32898,-0.0262043
141,-1.01886,2.31477,-0.51802
141,-1.33226,2.46219,0.32503
141,-1.3364,2.39261,0.246761
141,-1.32514,2.38983,0.208097
141,-1.01004,2.34425,-0.596349
141,-0.994289,2.35648,-0.622288
141,-1.00062,2.40358,-0.55772
141,-1.0733,2.27121,-0.550763
141,-1.06134,2.42524,-0.468788
141,-1.03049,1.98363,-1.05416
141,-1.41908,2.00627,-0.195939
141,-1.26848,2.39227,-0.166861
141,-1.4216,2.08176,-0.198197
141,-1.42857,2.07172,-0.19731
141,-1.43009,2.08603,-0.197071
141,-1.04189,2.22416,-0.967332
141,-1.42339,2.20251,-0.193962
141,-1.4842,2.08387,-0.199014
141,-1.07271,2.21822,-0.974197
141,-1.4953,2.09013,-0.201134
141,-1.41476,2.26808,-0.197488
141,-1.36321,2.37014,-0.198649
141,-1.42677,2.28558,-0.200083
141,-1.47821,2.0093,-0.395989
141,-1.40573,2.38647,-0.211461
141,-1.12429,2.28092,-0.978378
141,-1.45299,2.35526,-0.208648
141,-1.57897,2.18205,-0.210675
141,-1.55515,2.05018,-0.435175
141,-1.82381,0.864615,-1.1644
141,-1.54845,2.29905,-0.206763
141,-1.56074,2.34288,-0.217176
141,-1.53046,2.42527,-0.207575
141,-1.52977,2.42446,-0.22331
141,-1.57254,2.34966,-0.216521
141,-1.58642,2.32891,-0.214697
141,-1.53898,2.4271,-0.221174
141,-1.66016,2.20847,-0.217652
141,-1.591,2.36683,-0.221495
141,-1.61828,2.51287,-0.244503
141,-1.9981,1.00863,-1.20279
141,-2.0595,0.951439,-1.19978
141,-2.29091,2.45933,-0.207762
141,-2.32548,2.45784,-0.187883
141,-2.53528,1.74252,-0.883071
141,-2.75448,1.02997,-1.23094
141,-2.59142,1.73384,-0.811478
141,-2.7047,2.0893,-0.283992
141,-2.5201,2.55735,-0.218187
141,-2.54827,2.55683,-0.20976
141,-2.50822,2.66357,-0.194691
141,-2.70987,1.69278,-0.969988
141,-2.64284,2.65585,-0.19463
141,-2.64642,2.6502,-0.198606
141,-2.65346,2.6694,-0.20451
141,-2.72963,2.58657,-0.209992
141,-2.76319,2.62893,-0.177997
141,-3.22593,1.76675,-0.13666
141,-3.22631,1.75532,-0.150409
141,-2.91873,2.19994,-0.359832
141,-2.78875,2.65261,-0.1786
141,-3.24627,1.77148,-0.196318
141,-3.28407,1.76552,-0.151546
141,-2.96562,2.76833,0.251728
141,-2.79035,2.7688,-0.137984
141,-3.06334,1.75528,-0.670676
141,-3.07151,2.20072,-0.171306
141,-3.24564,1.75514,-0.355169
141,-3.29481,1.76599,-0.263096
141,-3.11467,2.22232,-0.160288
141,-2.89408,2.91921,0.0837964
141,-3.32707,1.75989,-0.273555
141,-3.19122,1.74194,-0.595396
141,-3.17897,1.73699,-0.629919
141,-3.17926,2.31308,-0.000391304
141,-2.75344,2.9611,-0.228229
141,-2.89984,2.11422,-0.849159
141,-2.75265,2.97899,-0.215322
141,-2.83177,2.95368,-0.0991504
141,-1.79999,4.00376,-1.20571
141,-3.20517,2.30802,-0.00480026
141,-2.91675,2.79221,-0.102761
141,-3.28157,2.13899,-0.118612
141,-2.95607,2.80606,-0.0953446
141,-1.749,4.09442,-1.32243
141,-1.76767,4.16522,-1.22455
141,-2.75496,2.40046,-1.02404
141,-2.48705,3.38699,-0.544375
141,-3.11714,2.26096,-0.424983
141,-2.91488,3.00829,-0.12792
141,-1.93439,4.09655,-1.10807
141,-2.64781,3.28114,-0.46961
141,-2.58055,3.34755,-0.587719
141,-2.98249,2.24395,-0.936497
141,-3.12488,2.18052,-0.720787
141,-3.21159,2.89814,0.222696
141,-3.73799,1.3724,-0.462159
141,-2.80372,3.40974,-0.376656
141,-2.27176,3.95283,-1.07825
141,-2.94161,3.53015,-0.411179
141,-2.97176,4.59617,-1.63453
141,-3.3673,2.79751,-0.455286
140,-3.3673,2.79751,-0.455286
141,-4.00148,1.95653,0.084142
140,-4.00148,1.95653,0.084142
141,-1.01035,2.25874,-0.874202
140,-1.01035,2.25874,-0.874202
141,-3.41712,1.566,-1.06806
140,-3.41712,1.566,-1.06806
141,-2.32311,2.64002,-0.0811829
140,-2.32311,2.64002,-0.0811829
141,-3.13121,1.82101,-1.18363
139,-3.13121,1.82101,-1.18363
141,-1.40449,2.61302,0.0602427
139,-1.40449,2.61302,0.0602427
141,-1.44925,2.59604,0.0732358
139,-1.44925,2.59604,0.0732358
141,-3.25742,2.40607,-0.845047
134,-3.25742,2.40607,-0.845047
141,-3.49738,1.81898,-0.615893
134,-3.49738,1.81898,-0.615893
141,-3.325,2.1536,-0.457561
130,-3.325,2.1536,-0.457561
142,-1.01366,2.37057,0.694069
142,-0.903858,2.04284,0.0940091
142,-1.1572,1.79704,0.306329
142,-1.03091,2.36066,0.501995
142,-0.995711,2.44072,0.515207
142,-0.992312,2.35913,0.409351
142,-1.02141,2.36649,0.436778
142,-1.03604,2.42093,0.512172
142,-1.12026,2.40119,0.657078
142,-1.06063,2.39768,0.482206
142,-1.15556,2.39937,0.622043
142,-1.0259,2.47187,0.416475
142,-1.05978,1.94281,-0.192906
142,-1.04053,1.98787,-0.200276
142,-1.06728,1.94753,-0.189877
142,-1.00935,2.06442,-0.192782
142,-1.06689,1.95563,-0.191324
142,-1.02051,2.06405,-0.190487
142,-1.08635,1.95804,-0.198256
142,-1.11215,1.90566,-0.211219
142,-1.0283,2.07859,-0.203482
142,-1.11924,1.90985,-0.207762
142,-0.988879,2.1762,-0.236984
142,-1.07694,2.3451,0.137958
142,-1.13675,1.91614,-0.24295
142,-1.15407,1.93655,-0.236644
142,-1.23051,2.40678,0.443346
142,-1.13222,2.35829,0.162105
142,-1.13335,2.36024,0.157276
142,-1.16945,1.94272,-0.247258
142,-1.16719,2.36457,0.151036
142,-1.19327,2.36061,0.178593
142,-1.19917,2.37481,0.17334
142,-1.20028,2.38373,0.174327
142,-1.00771,2.29386,-0.356297
142,-1.05535,2.32907,-0.269673
142,-1.24625,2.37285,0.182286
142,-1.25051,2.38458,0.191939
142,-1.06143,2.33044,-0.273542
142,-1.29873,2.36889,0.241996
142,-1.26541,2.38833,0.186667
142,-1.06491,2.35174,-0.282523
142,-1.3199,2.45766,0.365848
142,-1.04312,2.30858,-0.421423
142,-1.317,2.37951,0.235086
142,-1.32292,2.40829,0.270174
142,-1.31679,2.40676,0.249617
142,-1.14071,2.30496,-0.264384
142,-0.980687,2.36169,-0.545659
142,-1.23394,2.40463,0.0402609
142,-1.04026,2.26659,-0.526429
142,-0.979781,2.33877,-0.577767
142,-0.98955,2.36904,-0.542826
142,-1.01792,2.29889,-0.56506
142,-0.972964,2.35181,-0.603216
142,-0.993396,2.37845,-0.538393
142,-0.989758,2.39393,-0.529042
142,-1.2244,2.42082,-0.00045079
142,-1.19284,2.39226,-0.100538
142,-1.02205,2.30154,-0.576267
142,-1.24287,2.42545,0.0300822
142,-1.05455,2.34089,-0.46881
142,-1.14794,2.32499,-0.300263
142,-1.34608,2.04905,-0.18398
142,-1.07273,2.35011,-0.433336
142,-1.02481,2.35535,-0.532384
142,-1.05673,2.28599,-0.546723
142,-1.05001,2.28811,-0.558816
142,-1.22359,2.41037,-0.0553982
142,-1.2389,2.42835,-0.00412369
142,-0.997568,2.39914,-0.571725
142,-1.00693,2.36084,-0.598855
142,-1.36319,2.07595,-0.192267
142,-0.962406,2.47862,-0.603048
142,-1.04299,2.36767,-0.559953
142,-1.24807,2.41885,-0.0656735
142,-1.21874,2.39491,-0.167134
142,-1.05206,2.43459,-0.503559
142,-0.981506,2.50867,-0.575403
142,-1.17536,2.3594,-0.333268
142,-1.17356,2.36419,-0.33512
142,-1.34069,2.18376,-0.183068
142,-1.00786,2.46641,-0.596578
142,-1.01397,2.46969,-0.585199
142,-1.095,2.32279,-0.590222
142,-1.18914,2.38761,-0.33298
142,-1.027,2.18946,-0.90642
142,-1.36824,2.2333,-0.1826
142,-1.04837,2.21278,-0.917179
142,-1.40762,2.19659,-0.189971
142,-1.44361,2.14337,-0.187304
142,-1.39305,2.24463,-0.199641
142,-1.49304,2.10387,-0.206336
142,-1.05611,2.25592,-0.97113
142,-1.44382,2.27416,-0.194172
142,-1.45362,2.32098,-0.214818
142,-1.55992,2.19074,-0.205062
142,-1.56779,2.18582,-0.205557
142,-1.48413,2.3397,-0.22241
142,-1.58441,2.16064,-0.208216
142,-1.45959,2.39145,-0.242448
142,-1.56757,2.2257,-0.204159
142,-1.0746,2.45846,-1.00334
142,-1.55052,2.2754,-0.196921
142,-1.55495,2.27413,-0.202864
142,-1.5567,2.26958,-0.206555
142,-1.5982,2.20502,-0.204763
142,-1.52084,2.42686,-0.244611
142,-1.53393,2.60602,-0.118469
142,-1.54657,2.47012,-0.261568
142,-1.81176,2.74589,-0.352
142,-2.17994,2.58365,-0.223395
142,-2.46312,2.45442,-0.166797
142,-1.87392,3.95968,0.0710704
142,-1.87269,3.93907,0.0252627
142,-2.55676,2.5044,-0.148721
142,-1.87191,4.02746,0.0669157
142,-2.54016,2.61872,-0.166802
142,-2.62783,2.62033,-0.221225
142,-2.21125,3.20682,-0.486162
142,-3.12772,1.76008,-0.154758
142,-2.81393,2.06773,-0.595947
142,-2.62742,2.80097,-0.207109
142,-2.75543,2.48636,-0.29384
142,-2.82724,2.07291,-0.624027
142,-2.79834,2.20186,-0.611841
142,-2.43409,3.1287,-0.494778
142,-3.20336,1.77218,-0.373777
142,-1.99867,3.65135,-0.934223
142,-2.05686,3.54777,-0.990143
142,-2.46711,3.32503,-0.374838
142,-2.95717,2.24251,-0.649354
142,-2.77985,3.00306,-0.225123
142,-2.53322,3.20987,-0.574568
142,-2.81421,3.02431,-0.254096
142,-2.99499,2.86289,-0.103473
142,-2.89149,3.07827,-0.275903
142,-2.90525,3.09709,-0.281159
142,-2.72247,3.36566,-0.52161
142,-3.01897,2.54398,-1.17467
142,-3.62396,3.12401,0.14346
142,-3.597,1.86334,-0.786629
141,-3.597,1.86334,-0.786629
142,-1.13848,2.16791,-0.261275
141,-1.13848,2.16791,-0.261275
142,-1.28942,2.45759,0.206872
141,-1.28942,2.45759,0.206872
142,-1.1381,2.42329,0.529658
141,-1.1381,2.42329,0.529658
142,-3.36847,1.91901,-1.30053
139,-3.36847,1.91901,-1.30053
142,-3.41007,2.43751,-1.16914
134,-3.41007,2.43751,-1.16914
142,-3.29745,2.30406,-0.221837
134,-3.29745,2.30406,-0.221837
142,-3.65775,1.25478,-0.272609
134,-3.65775,1.25478,-0.272609
143,-1.00005,2.40156,0.505632
143,-1.09652,1.87377,-0.200608
143,-1.05383,1.95194,-0.241827
143,-1.08412,2.08522,-0.22641
143,-1.15606,2.29469,0.131204
143,-1.1835,2.32411,0.117786
143,-1.0767,2.24477,-0.272768
143,-1.15243,2.32365,-0.291137
143,-1.23135,2.38259,-0.0660747
143,-1.39985,2.04792,-0.184483
143,-1.40699,2.0725,-0.20567
143,-1.40786,2.25533,-0.187169
143,-1.40655,2.2727,-0.188891
143,-1.39042,2.29984,-0.201578
143,-1.41198,2.33638,-0.217235
143,-1.46084,2.36275,-0.211356
143,-1.55163,2.17952,-0.207169
143,-1.56182,2.17366,-0.196757
143,-1.47011,2.35969,-0.217887
143,-1.57366,2.13833,-0.207819
143,-1.56251,2.17705,-0.207583
143,-1.53892,2.23527,-0.204057
143,-1.58133,2.14128,-0.210026
143,-1.56358,2.21385,-0.204052
143,-1.47956,2.39717,-0.232275
143,-1.60167,2.17022,-0.209657
143,-1.59805,2.18398,-0.209722
143,-3.30766,1.79602,0.824468
143,-3.12718,2.27156,0.892642
143,-2.50569,2.66739,-0.189988
143,-2.56666,2.68997,-0.198475
143,-2.60592,2.63517,-0.195599
143,-2.58242,2.74854,-0.186203
143,-2.67724,2.67324,-0.184749
143,-2.97699,2.16286,-0.136751
143,-3.12805,2.26696,0.250179
143,-2.92126,2.73503,0.249941
143,-2.9999,2.4268,0.111728
143,-2.73724,2.81571,-0.102754
143,-3.14097,1.78111,-0.372821
143,-3.07113,2.20155,-0.164311
143,-2.85392,2.69148,-0.202482
143,-2.88882,2.78829,-0.0571976
143,-2.86798,2.71055,-0.205654
143,-2.8708,2.70745,-0.214945
143,-3.05088,2.79515,0.24017
143,-2.85543,2.14107,-0.886222
143,-2.87082,2.16493,-0.877491
143,-3.09614,2.81635,0.227984
143,-3.08692,2.24349,-0.423793
143,-3.03836,2.22803,-0.568325
143,-3.13374,2.26668,-0.437819
143,-2.69824,3.3271,-0.507021
143,-2.69396,3.32624,-0.518839
143,-3.02264,2.21025,-1.06255
143,-3.88834,1.36069,-0.512541
143,-1.83422,2.74378,-0.36479
142,-1.83422,2.74378,-0.36479
143,-0.736877,1.97896,0.562677
142,-0.736877,1.97896,0.562677
143,-1.83422,2.74378,-0.36479
142,-1.83422,2.74378,-0.36479
143,-0.98129,2.37349,0.446266
142,-0.98129,2.37349,0.446266
143,-3.12251,1.71616,0.226583
142,-3.12251,1.71616,0.226583
143,-3.23274,2.27488,-1.09347
141,-3.23274,2.27488,-1.09347
143,-3.55048,1.87166,0.0290193
140,-3.55048,1.87166,0.0290193
143,-0.998727,2.34566,0.593767
139,-0.998727,2.34566,0.593767
144,-1.13251,1.88931,-0.232752
144,-1.12995,1.94933,-0.234329
144,-1.07393,2.22415,-0.282185
144,-1.11945,2.25598,-0.296474
144,-1.14918,2.29762,-0.285679
144,-1.36705,2.37013,0.12756
144,-1.09388,2.44314,-0.489155
144,-1.40736,2.18833,-0.22355
144,-1.4395,2.10357,-0.232037
144,-1.45205,2.1238,-0.223201
144,-1.45055,2.20524,-0.222003
144,-1.51227,2.1716,-0.239359
144,-1.49759,2.27846,-0.232423
144,-1.49682,2.31172,-0.249991
144,-1.61748,2.20828,-0.24716
144,-1.58592,2.32731,-0.24655
144,-1.61296,2.31403,-0.241902
144,-3.11136,1.81333,0.442926
144,-2.95581,2.83719,0.929212
144,-2.50205,2.68944,-0.256208
144,-2.28996,3.1995,-0.454157
144,-2.63444,2.52617,-0.261624
144,-2.66647,2.62033,-0.253195
144,-2.66271,2.65527,-0.25432
144,-2.66138,2.68159,-0.238741
144,-2.70651,2.68696,-0.22046
144,-2.75885,1.73303,-0.957508
144,-2.72588,2.74916,-0.197071
144,-3.26139,1.77932,0.189694
144,-3.26286,1.78762,0.181739
144,-2.8153,2.87128,0.0850744
144,-3.07742,1.84119,-0.216784
144,-3.11781,2.27518,0.246192
144,-2.79617,2.66151,-0.196477
144,-2.78807,2.31692,-0.519391
144,-2.82828,2.73183,-0.0767361
144,-2.80914,2.32291,-0.479971
144,-2.96096,2.73698,0.210134
144,-2.94879,3.00219,0.359108
144,-2.83137,2.64557,-0.237588
144,-3.0365,2.19959,-0.157122
144,-2.79371,2.77626,-0.222107
144,-3.03255,2.19902,-0.172804
144,-3.15984,2.29384,0.177447
144,-3.00757,2.76254,0.213138
144,-3.0664,2.455,0.0698167
144,-2.87816,2.96943,0.0685064
144,-2.89249,2.78005,-0.0810338
144,-2.89585,2.96311,0.0786448
144,-3.09312,2.26471,-0.0802255
144,-2.89078,2.76902,-0.122327
144,-2.89833,2.78377,-0.122702
144,-3.1964,1.87076,-0.266894
144,-3.016,2.22485,-0.410569
144,-2.79602,2.98465,-0.283572
144,-2.91311,2.85599,-0.202244
144,-2.85588,2.96333,-0.252151
144,-3.21423,1.81363,-0.423699
144,-3.29914,1.79907,-0.244678
144,-3.23074,2.12072,-0.132866
144,-2.91635,1.99031,-1.10539
144,-3.32116,1.79405,-0.384129
144,-3.00915,2.14747,-0.851042
144,-3.14204,2.28317,-0.462109
144,-3.33842,1.81078,-0.454632
144,-3.3749,1.81954,-0.393832
144,-3.30168,1.79554,-0.607413
144,-3.09252,2.07152,-0.913772
144,-3.07336,2.21796,-0.85686
144,-3.30103,1.79607,-0.69813
144,-3.10412,2.12268,-0.925498
144,-3.1369,2.19994,-0.789206
144,-3.0581,2.26331,-0.920481
144,-3.3516,1.79798,-0.722622
144,-3.07008,2.23544,-1.0003
144,-3.62739,1.36045,-0.693781
144,-3.62598,1.35936,-0.71674
144,-3.24649,2.09312,-0.972994
144,-3.13833,2.25657,-1.11151
144,-3.12138,2.3158,-1.11072
144,-0.993443,2.47539,-0.630394
143,-0.993443,2.47539,-0.630394
144,-2.91497,2.51574,-0.764715
141,-2.91497,2.51574,-0.764715
144,-3.69178,2.93118,-1.0878
141,-3.69178,2.93118,-1.0878
144,-3.07167,2.31012,-0.637518
141,-3.07167,2.31012,-0.637518
144,-2.82449,2.94259,-0.109514
141,-2.82449,2.94259,-0.109514
144,-3.29608,2.03211,-1.24854
141,-3.29608,2.03211,-1.24854
144,-2.93225,1.87735,-1.04405
141,-2.93225,1.87735,-1.04405
144,-2.73688,2.72765,-0.141332
141,-2.73688,2.72765,-0.141332
144,-2.71897,2.15402,-0.593218
142,-2.71897,2.15402,-0.593218
144,-2.23122,3.08265,-0.283005
142,-2.23122,3.08265,-0.283005
144,-1.85282,2.35572,-0.075199
142,-1.85282,2.35572,-0.075199
144,-3.07715,2.4215,-1.02933
139,-3.07715,2.4215,-1.02933
144,-3.54913,1.52511,-0.643937
129,-3.54913,1.52511,-0.643937
144,-3.39244,1.82911,-1.0794
131,-3.39244,1.82911,-1.0794
144,-3.51615,1.44087,-1.05404
131,-3.51615,1.44087,-1.05404
145,-1.06709,2.07771,-0.247625
145,-1.04526,2.14936,-0.258675
145,-1.01787,2.25046,-0.389781
145,-0.994432,2.22718,-0.489352
145,-1.00151,2.19161,-0.50344
145,-1.02048,2.2627,-0.424942
145,-1.00663,2.29588,-0.530819
145,-1.4094,2.05723,-0.216837
145,-1.38358,2.16842,-0.216172
145,-1.45721,2.04075,-0.225309
145,-1.51058,2.0888,-0.23283
145,-1.6204,2.17494,-0.236811
145,-1.61731,2.18648,-0.243367
145,-1.6372,2.17409,-0.252129
145,-2.41672,0.814039,-1.18055
145,-2.48597,0.748413,-1.16305
145,-2.53,2.54617,-0.249353
145,-2.96811,2.8444,0.9458
145,-2.5737,2.5688,-0.246342
145,-3.17601,2.28548,0.919911
145,-2.63119,2.76463,-0.223032
145,-3.19692,2.22549,0.630255
145,-2.79484,0.999123,-1.30907
145,-3.16492,2.27188,0.505418
145,-3.09572,2.25214,0.272066
145,-2.95627,1.29645,-0.801631
145,-3.10938,2.24567,0.269863
145,-2.98775,2.41094,0.101919
145,-2.68775,2.91238,-0.245755
145,-2.69942,2.91256,-0.229545
145,-2.95714,2.73665,0.217913
145,-3.27878,1.78073,0.212034
145,-3.08874,1.8237,-0.222851
145,-2.85462,2.73551,-0.0815727
145,-2.98815,2.74973,0.219793
145,-3.10439,1.83617,-0.230097
145,-3.17606,1.73443,-0.175958
145,-2.88402,2.7655,-0.0978448
145,-3.09624,1.76368,-0.380152
145,-3.03677,2.41752,-0.0730653
145,-3.21105,1.75727,-0.16945
145,-2.85675,2.95675,-0.137987
145,-3.23542,1.74955,-0.178704
145,-3.39638,1.3424,-0.268447
145,-3.24813,1.77218,-0.365657
145,-3.09428,2.23754,-0.439535
145,-3.06797,2.23357,-0.600067
145,-3.31361,1.78194,-0.375711
145,-3.15931,1.78926,-0.746286
145,-3.13367,2.25732,-0.467107
145,-3.04835,2.15591,-0.76103
145,-3.54711,1.34198,-0.313011
145,-3.02179,2.16165,-0.976599
145,-2.98119,2.24045,-1.01908
145,-2.69924,3.58066,-0.688877
145,-3.02437,2.202,-0.982379
145,-3.29595,1.77538,-0.696162
145,-3.02606,2.16838,-1.04841
145,-3.04591,2.20096,-1.0349
145,-3.6003,1.33147,-0.476668
145,-3.82053,1.24597,-0.36673
145,-3.68207,1.27768,-0.856879
145,-3.84548,1.33969,-0.536262
145,-1.41828,2.19956,-0.239458
143,-1.41828,2.19956,-0.239458
145,-2.04018,3.03096,-0.162623
141,-2.04018,3.03096,-0.162623
145,-1.4564,2.49445,0.178272
142,-1.4564,2.49445,0.178272
145,-3.49764,1.21097,-0.258793
142,-3.49764,1.21097,-0.258793
145,-3.77589,0.855784,0.512502
130,-3.77589,0.855784,0.512502
146,-1.4576,2.09883,-0.252231
146,-1.56283,2.12166,-0.264061
146,-1.5857,2.06712,-0.483329
146,-2.02125,2.84988,-0.446563
146,-2.54366,2.24764,-0.2629
146,-2.50435,1.6497,-0.816324
146,-2.69463,2.32715,-0.077006
146,-2.53403,1.76877,-0.870185
146,-2.695,2.33453,-0.129622
146,-2.60909,2.59495,-0.270559
146,-2.58531,2.72344,-0.268055
146,-2.68696,2.41576,-0.258592
146,-3.06916,2.88873,0.93613
146,-2.81791,2.38599,-0.0717373
146,-2.68648,2.65691,-0.232332
146,-2.83477,0.563518,-1.32077
146,-2.8333,2.4417,-0.0883613
146,-2.94834,1.73035,-0.332513
146,-2.90791,2.43725,-0.0432804
146,-2.72441,1.72609,-0.952603
146,-3.09465,1.73344,-0.12224
146,-3.09508,1.73802,-0.130388
146,-2.79529,2.76079,-0.17937
146,-3.09929,1.73058,-0.145191
146,-3.11541,1.72653,-0.134226
146,-3.11173,1.73885,-0.143153
146,-2.99103,1.6937,-0.545885
146,-2.87594,1.69351,-0.83657
146,-3.26191,2.32267,0.452004
146,-3.15653,1.75262,-0.188854
146,-2.88838,2.47243,-0.36661
146,-2.9902,1.63867,-0.75367
146,-3.21701,2.31375,0.209136
146,-3.34536,1.781,0.142309
146,-3.05755,1.76873,-0.695507
146,-3.23065,1.76459,-0.398972
146,-3.14359,2.51527,-0.142594
146,-3.17839,1.74868,-0.608877
146,-3.27261,1.7744,-0.37863
146,-3.42912,1.34588,-0.290826
146,-3.19163,2.48429,-0.119183
146,-3.3174,1.76576,-0.315785
146,-3.17194,2.51062,-0.198186
146,-3.1394,2.26362,-0.472029
146,-3.23503,2.4674,-0.130258
146,-3.1948,2.97575,-0.206283
146,-3.81115,1.37167,0.115203
146,-3.37458,2.99204,0.134395
146,-3.36178,2.54092,-0.266131
146,-3.76846,1.37477,-0.262622
146,-3.34404,1.56117,-1.16
146,-3.83561,1.38144,-0.289803
146,-3.82763,1.3792,-0.537137
146,-4.1701,1.73644,-1.53173
146,-4.1958,1.74501,-1.51863
146,-4.78826,1.43432,-1.33128
146,-4.80984,1.42308,-1.33219
146,-3.25543,2.20481,-0.297217
136,-3.25543,2.20481,-0.297217
146,-3.39556,1.779,-0.32942
130,-3.39556,1.779,-0.32942
146,-3.39939,1.77558,-0.587167
129,-3.39939,1.77558,-0.587167
146,-2.55999,0.912387,-1.15799
132,-2.55999,0.912387,-1.15799
147,-1.47178,2.10258,-0.255843
147,-2.2796,0.451795,-1.12031
147,-2.48992,0.410012,-1.0914
147,-2.52247,0.3654,-1.05574
147,-2.44919,2.50538,-0.229406
147,-2.43194,0.785508,-1.25142
147,-2.46984,0.754568,-1.21794
147,-2.89772,2.86406,0.914423
147,-2.89755,2.85093,0.877399
147,-2.98928,2.83251,0.932652
147,-2.66948,0.430415,-1.16919
147,-2.57501,0.735905,-1.25763
147,-2.57258,0.907893,-1.19909
147,-2.59815,2.58278,-0.270994
147,-2.61446,0.737473,-1.20496
147,-3.33844,1.80562,0.765957
147,-2.80383,2.18122,-0.387096
147,-2.86138,0.480448,-1.25111
147,-2.80111,2.76314,-0.203551
147,-2.98668,3.02067,0.341129
147,-3.35128,2.34991,0.838693
147,-2.78904,2.06253,-0.713049
147,-2.90487,2.18389,-0.387271
147,-2.99971,2.78538,0.117205
147,-2.79055,2.98959,-0.283444
147,-3.25725,2.32234,0.484369
147,-2.7587,1.79512,-0.997905
147,-3.0691,1.82086,-0.239193
147,-3.25229,1.7701,0.170219
147,-3.60074,1.35607,0.787801
147,-2.82358,2.08275,-0.721047
147,-2.92525,2.79407,-0.137005
147,-3.67167,0.850659,0.644068
147,-3.1866,2.28831,0.215003
147,-2.84314,2.19511,-0.663709
147,-3.07284,2.78848,0.191695
147,-3.20617,2.28866,0.228882
147,-3.1721,1.7421,-0.155157
147,-3.17487,1.7508,-0.176038
147,-2.91165,2.23091,-0.572751
147,-3.16693,1.74486,-0.212192
147,-2.81039,2.0915,-0.893722
147,-2.90688,2.08319,-0.688722
147,-2.83171,1.79577,-1.03781
147,-3.00699,2.19813,-0.412947
147,-2.9361,2.09062,-0.660892
147,-3.19457,1.75894,-0.217443
147,-3.09493,2.84512,0.101324
147,-2.83326,1.95702,-1.05782
147,-3.21905,1.76627,-0.230463
147,-2.89479,1.7346,-1.04928
147,-2.86113,1.91692,-1.0718
147,-2.95176,2.08469,-0.767018
147,-2.9492,2.0365,-0.799126
147,-2.8956,2.13738,-0.958671
147,-2.96762,2.03055,-0.844342
147,-3.52443,1.34375,0.133011
147,-3.048,2.09569,-0.71278
147,-3.32748,1.76602,-0.309303
147,-3.27932,1.76832,-0.435671
147,-3.15755,2.26223,-0.484591
147,-3.44203,1.59605,-0.281298
147,-3.46723,1.33421,-0.432495
147,-3.51893,1.32616,-0.404777
147,-3.63357,1.34724,-0.728695
147,-3.81031,1.26808,-0.378076
147,-3.6817,1.35373,-0.741704
147,-3.703,1.35399,-0.767032
147,-3.82512,1.31768,-0.922657
147,-4.12005,0.860158,-1.25753
147,-4.13104,0.860812,-1.23999
147,-3.84072,0.449777,-1.00877
134,-3.84072,0.449777,-1.00877
147,-3.22872,2.36094,-0.529041
136,-3.22872,2.36094,-0.529041
147,-9.97166,4.38065,-2.62269
136,-9.97166,4.38065,-2.62269
147,-3.27943,2.12508,-0.668631
136,-3.27943,2.12508,-0.668631
147,-3.52526,1.31043,-0.448692
136,-3.52526,1.31043,-0.448692
147,-3.00225,0.25776,-1.33525
136,-3.00225,0.25776,-1.33525
147,-3.52081,1.35378,-0.326396
130,-3.52081,1.35378,-0.326396
147,-3.26435,2.11558,-0.329408
130,-3.26435,2.11558,-0.329408
147,-2.92523,2.23648,-0.597543
141,-2.92523,2.23648,-0.597543
147,-3.32685,1.8925,-0.316273
141,-3.32685,1.8925,-0.316273
147,-3.67257,0.903625,0.208759
129,-3.67257,0.903625,0.208759
147,-2.73752,0.594844,-1.27659
131,-2.73752,0.594844,-1.27659
147,-3.07331,2.14115,-0.67168
131,-3.07331,2.14115,-0.67168
148,-2.18729,0.321485,-1.02575
148,-2.19967,0.377914,-1.0399
148,-2.17785,0.745168,-1.2358
148,-2.35796,0.351273,-1.08917
148,-2.25147,0.72815,-1.2636
148,-2.45542,0.611718,-1.25502
148,-2.45748,0.836603,-1.21122
148,-2.48963,0.869594,-1.19882
148,-2.74129,2.10629,-0.318878
148,-2.56715,0.767614,-1.23321
148,-3.18601,2.58457,0.856402
148,-2.75501,0.440436,-1.23212
148,-2.71804,0.68289,-1.23913
148,-3.2782,1.79565,0.174838
148,-3.23917,2.3267,0.227519
148,-2.90441,0.530414,-1.28014
148,-2.88385,1.06479,-1.38306
148,-3.06695,1.36872,-0.846294
148,-3.1295,1.79037,-0.559589
148,-2.92755,1.84285,-1.08985
148,-2.91223,1.08629,-1.40528
148,-3.30019,1.79745,-0.209042
148,-2.92753,1.96376,-1.12978
148,-3.18784,1.76351,-0.595793
148,-3.00233,1.78298,-1.11507
148,-3.33542,1.80651,-0.398977
148,-3.3779,0.0472581,-0.944166
148,-3.38708,1.81615,-0.505404
148,-3.12755,1.8654,-1.21102
148,-3.53717,1.33871,-0.404842
148,-3.16124,1.85206,-1.23136
148,-3.6025,1.36201,-0.49914
148,-3.56455,1.35451,-0.696296
148,-3.66162,1.35567,-0.474894
148,-3.27403,1.82408,-1.28588
148,-4.06498,0.14547,-0.0551812
148,-3.78575,1.29368,-0.343305
148,-3.52289,0.250975,-1.36971
148,-3.86038,1.27061,-0.3995
148,-3.94971,0.882974,-1.21912
148,-4.01939,1.35453,-0.996208
148,-3.92822,1.37891,-1.29516
148,-4.19235,1.37043,-1.3606
148,-3.39477,1.88283,-0.520806
130,-3.39477,1.88283,-0.520806
148,-3.37763,1.80432,-0.232767
130,-3.37763,1.80432,-0.232767
148,-4.03187,0.354622,-0.141741
130,-4.03187,0.354622,-0.141741
148,-2.59577,0.570188,-1.2648
134,-2.59577,0.570188,-1.2648
148,-3.6421,1.3824,0.774786
129,-3.6421,1.3824,0.774786
148,-3.44865,1.64671,-0.93838
132,-3.44865,1.64671,-0.93838
149,-2.29258,0.463143,-1.13982
149,-2.42519,0.473642,-1.25225
149,-2.52326,0.365315,-1.07764
149,-2.46709,0.869409,-1.18834
149,-2.4807,0.706876,-1.25193
149,-2.51533,0.9399,-1.1423
149,-2.57994,0.394745,-1.17584
149,-2.56449,0.775369,-1.14671
149,-3.22942,1.78313,0.750251
149,-2.61634,0.766542,-1.20512
149,-2.65032,0.683627,-1.32081
149,-3.35211,2.3042,0.579437
149,-2.78314,1.79448,-0.994593
149,-3.25814,1.7889,0.178168
149,-2.79692,1.77286,-1.003
149,-3.26438,1.79221,0.146991
149,-3.52145,0.888562,0.514668
149,-3.28939,1.78988,0.150725
149,-2.82036,1.77655,-1.01785
149,-3.1279,1.83753,-0.251496
149,-3.35716,2.37438,0.457326
149,-2.87297,1.71444,-1.01951
149,-2.90092,0.52091,-1.28174
149,-2.93938,0.53058,-1.29341
149,-2.96044,0.547334,-1.3039
149,-3.71138,1.37506,0.734788
149,-3.72607,1.37616,0.751514
149,-3.30146,1.79031,-0.214075
149,-3.13185,1.32804,-0.887458
149,-3.13942,1.34326,-0.891537
149,-3.27307,1.80867,-0.44474
149,-3.29731,1.79797,-0.394496
149,-3.2797,1.77785,-0.459411
149,-3.01505,1.78473,-1.11928
149,-3.57165,1.36694,0.13154
149,-3.30368,1.7938,-0.444347
149,-3.59762,1.37078,0.142428
149,-3.51635,0.983781,-0.331631
149,-3.67279,0.452213,-0.266006
149,-3.60045,1.37555,-0.23519
149,-3.56368,1.02677,-0.614671
149,-3.72873,0.973965,-0.272014
149,-3.69812,1.36234,-0.48598
149,-3.78938,1.2914,-0.378126
149,-4.10783,0.129438,-0.0610155
149,-3.65828,1.30788,-0.875093
149,-3.86516,1.29112,-0.405548
149,-3.76395,0.487553,-0.984846
149,-3.77395,0.494241,-0.977326
149,-3.63732,0.288703,-1.44067
149,-3.81165,0.479089,-1.00218
149,-3.89487,0.915712,-0.744219
149,-3.78623,1.31918,-0.918781
149,-4.00705,0.880293,-0.788082
149,-3.89163,0.902873,-1.18102
149,-3.83122,1.16867,-1.35655
149,-4.12201,0.919828,-0.706182
149,-4.14756,0.919861,-0.673585
149,-3.96084,0.883743,-1.19633
149,-4.1278,1.38279,-1.05729
149,-4.04861,1.14202,-1.3639
149,-4.14918,0.857195,-1.26341
149,-4.35181,0.201966,-1.45847
149,-4.74012,0.734049,-1.47591
149,-4.97883,0.802768,-1.45419
149,-4.01888,0.351094,-0.136181
130,-4.01888,0.351094,-0.136181
149,-4.00957,0.483489,-1.07681
134,-4.00957,0.483489,-1.07681
149,-3.20667,2.33714,-0.499089
129,-3.20667,2.33714,-0.499089
149,-3.58333,1.35474,-0.23368
136,-3.58333,1.35474,-0.23368
149,-3.52546,1.58822,-0.593133
132,-3.52546,1.58822,-0.593133
149,-2.77012,1.69238,-0.576303
145,-2.77012,1.69238,-0.576303
150,-2.43351,0.339322,-1.22253
150,-2.48381,0.347238,-1.20484
150,-3.35857,1.82754,0.775075
150,-3.37912,1.84078,0.738679
150,-2.81783,0.313772,-1.23839
150,-3.64479,1.39002,0.778137
150,-2.96414,-0.238801,-1.11846
150,-3.32727,1.91873,-0.329169
150,-3.5102,1.37514,0.142293
150,-2.9565,-0.162846,-1.20198
150,-2.92433,-0.0802804,-1.30075
150,-2.97794,0.0237969,-1.2594
150,-3.40264,1.84315,-0.255051
150,-3.33888,1.8103,-0.437031
150,-3.34706,1.8099,-0.420196
150,-2.99722,0.0564484,-1.2708
150,-3.59852,1.34861,0.142884
150,-3.02071,0.00394118,-1.29966
150,-3.36692,1.4405,-0.482377
150,-3.26996,1.84701,-0.795956
150,-3.40308,1.42214,-0.461764
150,-3.35943,1.56187,-0.592215
150,-3.19441,1.43973,-1.02092
150,-3.31775,1.70773,-0.738037
150,-3.49621,1.25682,-0.296975
150,-3.45686,1.33132,-0.411551
150,-3.32375,1.63486,-0.780061
150,-3.32377,1.73277,-0.793025
150,-3.13629,0.0476632,-1.21437
150,-3.53909,1.09586,-0.241502
150,-3.14909,0.0845788,-1.19051
150,-3.35909,1.62591,-0.747448
150,-3.33864,1.62843,-0.799617
150,-3.23783,1.42697,-1.04699
150,-3.47221,1.32053,-0.456555
150,-3.47557,1.32839,-0.459081
150,-3.47845,1.31784,-0.458962
150,-3.614,1.00179,-0.115751
150,-3.33648,1.63429,-0.84838
150,-3.57167,1.0532,-0.241227
150,-3.38848,1.51847,-0.741707
150,-3.56207,1.07916,-0.295915
150,-3.48415,1.38348,-0.506181
150,-3.1672,0.258743,-1.26968
150,-3.35019,1.48747,-0.854671
150,-3.19137,0.0851837,-1.20936
150,-3.54118,1.10599,-0.371061
150,-3.6532,1.01129,-0.0926484
150,-3.5872,1.10141,-0.267102
150,-3.39119,1.51221,-0.780819
150,-3.64816,0.999255,-0.119722
150,-3.51125,1.29427,-0.484161
150,-3.3533,1.63728,-0.897463
150,-3.72597,0.964965,0.0411714
150,-3.28513,1.47007,-1.08545
150,-3.65286,1.04235,-0.146971
150,-3.61101,1.06171,-0.261687
150,-3.38439,1.61064,-0.853506
150,-3.76592,0.878996,0.125899
150,-3.70531,0.900706,-0.0400194
150,-3.69477,1.06802,-0.0861743
150,-3.60832,0.610345,-0.295271
150,-3.74374,0.869924,0.0336843
150,-3.42775,1.47382,-0.790007
150,-3.44654,1.47276,-0.753267
150,-3.42192,1.46227,-0.818292
150,-3.36309,1.47002,-0.973022
150,-3.34241,1.51067,-1.03778
150,-3.3436,1.51551,-1.0382
150,-3.44565,1.46452,-0.783678
150,-3.59901,1.05628,-0.387581
150,-3.37936,1.48442,-0.955034
150,-3.71943,0.751047,-0.0774762
150,-3.55499,1.0757,-0.503134
150,-3.37399,1.61158,-0.987276
150,-3.56291,1.07146,-0.501318
150,-3.77736,0.731072,0.0490302
150,-3.66564,0.982219,-0.266744
150,-3.72414,0.849979,-0.116609
150,-3.40589,1.51037,-0.941718
150,-3.52411,1.43829,-0.642811
150,-3.47869,1.31145,-0.756731
150,-3.42175,1.4865,-0.912148
150,-3.37649,1.57663,-1.03772
150,-3.42728,1.52229,-0.913167
150,-3.48916,1.46941,-0.765369
150,-3.67336,0.981456,-0.285864
150,-3.43669,1.49986,-0.9061
150,-3.66661,0.971146,-0.310921
150,-3.39493,1.43876,-1.02341
150,-3.4165,1.4593,-0.989231
150,-3.71194,0.841616,-0.228225
150,-3.73458,0.825192,-0.177308
150,-3.75831,0.845993,-0.122594
150,-3.40624,1.58203,-1.05674
150,-3.68615,0.585809,-0.319391
150,-3.52179,1.45152,-0.768302
150,-3.41976,1.43413,-1.02454
150,-3.75705,0.859505,-0.157534
150,-3.56168,1.29427,-0.665373
150,-3.70485,0.943454,-0.29433
150,-3.54604,1.29778,-0.722363
150,-3.42629,1.38096,-1.05774
150,-3.52434,1.37557,-0.825004
150,-3.65481,0.981577,-0.483795
150,-3.433,1.39198,-1.06281
150,-3.44235,1.45731,-1.04316
150,-3.76536,0.946902,-0.240544
150,-3.65479,0.975864,-0.620898
150,-3.57832,1.31249,-0.840237
150,-3.69583,0.915187,-0.546971
150,-3.70433,0.998486,-0.530856
150,-3.72043,0.985109,-0.498965
150,-3.61931,1.0695,-0.757456
150,-3.73628,0.875728,-0.471314
150,-3.58442,1.06196,-0.884676
150,-3.54255,1.00959,-0.998165
150,-3.73525,0.914539,-0.520159
150,-3.85528,0.70656,-0.213322
150,-3.68279,0.921549,-0.665521
150,-3.46426,1.70459,-1.24526
150,-3.42116,0.293946,-1.31546
150,-3.64493,1.06203,-0.803321
150,-3.45634,1.50651,-1.30153
150,-3.66899,0.998947,-0.750591
150,-3.43122,0.340524,-1.33159
150,-3.48284,1.7174,-1.2587
150,-3.6258,1.06682,-0.887891
150,-3.46096,1.5384,-1.31968
150,-3.71691,0.885934,-0.670257
150,-3.6081,1.28857,-0.965657
150,-3.75783,0.930552,-0.579145
150,-3.61061,1.29113,-0.964052
150,-3.68057,0.913874,-0.79152
150,-3.50215,1.66391,-1.28751
150,-3.65959,0.883533,-0.87219
150,-3.65705,1.04501,-0.903637
150,-3.62489,1.00228,-1.02688
150,-3.86916,0.436395,-0.41105
150,-3.61762,1.28973,-1.07781
150,-3.91846,0.410982,-0.318576
150,-3.65911,0.940878,-1.01957
150,-3.67584,1.02624,-0.982026
150,-3.62083,1.1166,-1.13038
150,-3.7091,0.910747,-0.907212
150,-3.80748,0.819792,-0.671545
150,-3.65913,1.0028,-1.05542
150,-3.65529,1.21842,-1.07326
150,-3.66615,0.917852,-1.05212
150,-3.95332,0.407758,-0.330479
150,-3.67607,0.91903,-1.07113
150,-3.67547,0.868916,-1.07336
150,-3.68983,0.879798,-1.03801
150,-3.7401,0.89166,-0.916936
150,-3.68239,1.24301,-1.07539
150,-3.64473,1.06777,-1.18674
150,-3.69447,1.22657,-1.08247
150,-3.69273,0.895314,-1.095
150,-3.87593,0.514228,-0.630946
150,-3.68367,1.29835,-1.15497
150,-3.68816,1.30507,-1.15704
150,-3.94225,0.369753,-0.499735
150,-3.80866,0.515492,-0.846902
150,-4.09658,0.195332,-0.150052
150,-4.08517,0.196646,-0.184601
150,-4.09436,0.169749,-0.165501
150,-3.90618,0.504752,-0.653216
150,-4.12983,0.154363,-0.0847687
150,-3.76181,0.946289,-1.07639
150,-3.6922,1.168,-1.27054
150,-4.15703,0.174932,-0.0924513
150,-4.13031,0.193546,-0.163744
150,-3.8582,0.473521,-0.870118
150,-3.75277,0.904414,-1.16016
150,-4.16692,0.142484,-0.0958039
150,-4.16481,0.172881,-0.162916
150,-4.15773,0.173651,-0.188504
150,-4.19726,0.141971,-0.0898015
150,-3.89032,0.458581,-0.927103
150,-3.90785,0.469696,-0.894376
150,-3.74843,1.17878,-1.31983
150,-3.75255,0.89697,-1.31905
150,-3.74116,1.19901,-1.38641
150,-4.08895,0.306995,-0.483681
150,-3.98002,0.39947,-0.842526
150,-4.03375,0.233924,-0.786098
150,-4.03227,0.391827,-0.861226
150,-4.02938,0.282198,-0.955501
150,-4.01901,0.490536,-1.10093
150,-4.11584,0.321157,-0.972709
150,-4.00916,0.156065,-1.25507
150,-4.08643,0.308176,-1.06863
150,-3.993,0.272434,-1.30484
150,-4.01244,0.167647,-1.27835
150,-4.00981,0.265537,-1.30323
150,-4.47877,-0.798249,-0.104377
150,-4.03411,0.142556,-1.26837
150,-4.0402,0.230201,-1.30807
150,-4.05846,-0.0557464,-1.3177
150,-4.07379,-0.0107403,-1.31875
150,-4.09915,-0.0700703,-1.33818
150,-4.1264,-0.064973,-1.32551
150,-4.39164,-0.823841,-1.15487
150,-3.12482,-0.187306,-1.31938
130,-3.12482,-0.187306,-1.31938
150,-2.34544,0.898647,0.127882
129,-2.34544,0.898647,0.127882
150,-3.68306,1.37763,-0.966588
129,-3.68306,1.37763,-0.966588
150,-3.5999,1.43812,-0.979519
131,-3.5999,1.43812,-0.979519
150,-3.49961,1.4973,-1.18233
131,-3.49961,1.4973,-1.18233
150,-2.9561,-0.329441,-1.29407
131,-2.9561,-0.329441,-1.29407
150,-3.46948,1.82562,-1.32013
134,-3.46948,1.82562,-1.32013
150,-4.20696,0.175181,-0.167173
126,-4.20696,0.175181,-0.167173
151,-2.48803,0.906749,-1.17257
151,-2.49619,0.356408,-1.13365
151,-2.58946,0.784987,-1.16968
151,-2.36555,-0.646925,-1.1183
151,-3.3669,0.936835,0.614179
151,-3.5476,1.39585,0.77441
151,-2.4636,-0.400115,-1.09115
151,-2.37532,-0.540553,-1.24617
151,-2.60327,0.38278,-1.11962
151,-2.61379,0.400751,-1.12438
151,-2.6289,0.366446,-1.13795
151,-2.64746,0.48341,-1.15867
151,-2.65943,0.392294,-1.08968
151,-2.646,0.355975,-1.10951
151,-2.47009,-0.458995,-1.16453
151,-2.4874,-0.398898,-1.18665
151,-3.5807,0.924831,0.828926
151,-2.50914,-0.3761,-1.23593
151,-2.5128,-0.476186,-1.19895
151,-2.484,-0.493218,-1.2667
151,-2.48177,-0.616544,-1.2293
151,-2.73357,0.471661,-1.13949
151,-2.50562,-0.428887,-1.30121
151,-2.74048,0.631615,-1.27646
151,-2.5562,-0.379953,-1.27641
151,-2.75908,0.624611,-1.29251
151,-3.71739,1.39478,0.729721
151,-2.60393,-0.361051,-1.22753
151,-2.61465,-0.354879,-1.23443
151,-3.18891,0.49482,-0.257147
151,-2.62206,-0.352753,-1.28091
151,-2.62497,-0.339834,-1.28913
151,-3.45364,0.879697,0.187164
151,-3.75711,0.913012,0.867209
151,-2.74034,-0.277099,-1.1536
151,-2.70755,-0.328943,-1.236
151,-2.74594,-0.304176,-1.17569
151,-2.75159,-0.197948,-1.22445
151,-2.79762,-0.129533,-1.16877
151,-2.79317,-0.26555,-1.17052
151,-2.74947,-0.23662,-1.30393
151,-2.78091,-0.306417,-1.19604
151,-2.80435,-0.25077,-1.16526
151,-2.83326,-0.206782,-1.11496
151,-2.79539,-0.285271,-1.18573
151,-2.7532,-0.233786,-1.31647
151,-2.81858,-0.274916,-1.19144
151,-2.83191,-0.261343,-1.18308
151,-2.93652,0.55861,-1.31402
151,-2.84384,-0.134905,-1.21552
151,-2.83348,-0.114092,-1.29024
151,-2.83869,-0.127021,-1.30918
151,-3.91131,0.902098,0.872104
151,-3.58863,0.483076,0.259533
151,-2.91849,-0.215876,-1.0957
151,-2.9043,-0.208572,-1.14753
151,-2.91218,-0.117667,-1.20953
151,-3.016,0.117488,-1.09099
151,-2.91888,-0.119703,-1.22155
151,-2.86375,-0.166698,-1.34474
151,-2.93422,-0.131498,-1.19493
151,-2.95207,-0.192107,-1.15805
151,-2.9783,-0.0528275,-1.18564
151,-2.97865,-0.120891,-1.20019
151,-3.00526,-0.0295011,-1.17788
151,-2.99138,-0.0654448,-1.19618
151,-3.00171,-0.0666862,-1.20314
151,-3.02119,0.0750247,-1.23363
151,-3.39803,0.453122,-0.472873
151,-3.00993,-0.0304998,-1.22469
151,-2.99941,-0.239017,-1.16304
151,-3.01896,0.0635481,-1.28173
151,-3.61391,0.744026,-0.119146
151,-3.05671,-0.0619165,-1.24207
151,-3.10266,0.0806079,-1.19675
151,-3.06868,0.0550501,-1.32435
151,-3.13562,0.0954948,-1.17688
151,-3.0519,0.00316924,-1.35388
151,-3.38525,0.575671,-0.810396
151,-3.52677,0.870613,-0.621157
151,-3.07648,-0.264355,-1.21191
151,-3.18798,0.254901,-1.27445
151,-3.5154,0.517268,-0.858759
151,-3.86104,1.33637,-0.394437
151,-3.33439,0.253483,-1.37044
151,-3.42325,0.267319,-1.34962
151,-3.39672,0.25686,-1.41473
151,-3.65653,0.529347,-0.923633
151,-3.95589,0.199102,-0.0316315
151,-3.98539,0.224744,-0.0697169
151,-3.4733,0.280167,-1.42009
151,-4.20372,-0.824308,0.89567
151,-3.8962,1.82756,-1.16851
151,-4.09719,0.663489,-0.197825
151,-3.53589,0.248046,-1.41284
151,-4.08648,0.6693,-0.258023
151,-3.80962,0.438513,-0.859301
151,-3.80943,0.941452,-1.137
151,-4.16251,-0.827453,0.576981
151,-3.79091,0.953664,-1.26648
151,-4.07703,0.410732,-0.366378
151,-3.63162,0.342955,-1.44954
151,-4.01968,1.86531,-1.25655
151,-3.97861,0.946061,-0.925528
151,-4.15982,0.177511,-0.169299
151,-4.38527,-0.81109,0.855385
151,-4.26696,-0.86129,0.58272
151,-4.28024,-0.805298,0.574101
151,-3.92963,0.430022,-0.907138
151,-4.30585,-0.819883,0.582919
151,-4.20165,0.186275,-0.179533
151,-4.0194,0.141567,-0.661902
151,-4.08559,-1.17818,-0.0561752
151,-4.2807,-1.25606,0.467156
151,-4.16114,0.259009,-0.566309
151,-4.19201,-1.2683,0.22153
151,-4.17946,0.0491678,-0.535193
151,-3.89925,0.0066694,-1.22737
151,-4.23728,-0.683432,-0.0757692
151,-4.08286,0.913571,-1.26678
151,-4.21038,0.0417379,-0.550985
151,-4.2667,-0.701098,-0.0667708
151,-4.05485,0.407218,-1.15574
151,-4.161,0.273771,-0.836974
151,-4.64243,-0.785599,0.864376
151,-4.59751,-0.774444,0.708316
151,-3.63359,-1.55837,-1.33629
151,-3.97734,0.0141737,-1.25712
151,-4.30718,-0.71854,-0.0848441
151,-4.11451,0.468526,-1.14689
151,-4.16128,0.263144,-0.94364
151,-4.08093,0.352257,-1.19029
151,-4.32273,-0.639562,-0.131799
151,-4.20405,0.236457,-0.854661
151,-4.23673,-1.24095,-0.0792526
151,-4.33788,-0.623914,-0.133706
151,-4.02857,0.0183495,-1.28561
151,-4.76956,-0.766746,0.921474
151,-4.366,-0.653525,-0.144998
151,-4.19632,0.246505,-1.02902
151,-4.21797,0.918291,-1.30496
151,-4.0889,0.154935,-1.27266
151,-4.64273,-0.763315,0.548166
151,-4.22205,0.255205,-0.993792
151,-4.1529,0.217449,-1.16497
151,-4.39609,-0.727266,-0.110347
151,-4.1784,0.269392,-1.15534
151,-4.11237,0.180724,-1.28118
151,-4.11087,0.270615,-1.33355
151,-3.76022,-1.52142,-1.35855
151,-4.11428,0.300795,-1.3639
151,-4.05645,-0.697293,-1.04081
151,-4.1175,0.231277,-1.34752
151,-4.12455,0.247309,-1.35959
151,-4.12432,0.239557,-1.36049
151,-4.46422,-0.659606,-0.15948
151,-4.16019,0.150837,-1.32533
151,-4.16706,0.276141,-1.39492
151,-4.78195,-0.839172,0.557765
151,-4.2628,-0.770879,-1.12538
151,-4.32639,-0.77115,-1.1522
151,-4.35656,-0.782109,-1.17789
151,-4.59009,0.309237,-1.19211
151,-2.85461,0.815491,-0.174485
150,-2.85461,0.815491,-0.174485
151,-3.10041,0.898275,-0.897153
149,-3.10041,0.898275,-0.897153
151,-3.69549,1.29883,-0.34535
130,-3.69549,1.29883,-0.34535
152,-2.16171,-0.585274,-1.17735
152,-2.28702,-0.60976,-1.26637
152,-3.41309,0.905222,0.298233
152,-2.33215,-0.583302,-1.31293
152,-2.46179,-0.382125,-1.17741
152,-2.49464,-0.333751,-1.20988
152,-2.4575,-0.364623,-1.28148
152,-2.78386,0.626471,-1.29434
152,-2.39593,-0.564428,-1.29806
152,-2.26429,-1.06131,-1.25999
152,-2.49612,-0.461455,-1.20326
152,-2.83012,0.588365,-1.28369
152,-2.50655,-0.679542,-1.25677
152,-3.37998,0.439755,0.0136067
152,-2.54565,-0.700167,-1.1896
152,-2.92914,0.57986,-1.30182
152,-2.63669,-0.335346,-1.30734
152,-2.87822,0.143599,-1.19156
152,-3.3961,0.484434,-0.195715
152,-2.59426,-0.667727,-1.33673
152,-2.60812,-0.679193,-1.35022
152,-2.86581,-1.22932,-0.366942
152,-3.07151,-0.456345,-0.621365
152,-3.09975,0.106257,-1.14903
152,-2.87072,-0.272846,-1.43855
152,-3.06314,0.0553793,-1.31222
152,-3.39384,-1.1513,0.528341
152,-3.02581,-1.27483,-0.339496
152,-3.3892,-1.14986,0.46497
152,-3.36907,-1.14172,0.293808
152,-3.41526,-1.39056,0.581544
152,-3.37059,-1.19822,0.266722
152,-3.46239,-1.23591,0.512298
152,-3.24128,-0.51846,-0.682689
152,-3.13168,-0.00732189,-1.40985
152,-3.40156,-1.21187,0.293473
152,-4.20306,0.381277,0.993008
152,-3.37409,-1.22315,0.208238
152,-3.42432,-1.21883,0.304489
152,-3.44657,-1.26096,0.379655
152,-3.38173,-1.20407,0.139849
152,-3.37935,-1.20646,0.133587
152,-3.36785,-1.14557,0.04592
152,-3.42156,-1.221,0.141096
152,-3.37954,-1.27446,0.0495905
152,-3.44018,-1.26218,0.190177
152,-3.39248,-1.21298,0.0249313
152,-3.35242,-1.32584,0.0093745
152,-3.32784,-1.36216,-0.0556653
152,-3.39062,-1.30047,0.0537013
152,-3.41411,-1.21926,0.0305355
152,-3.35338,-1.28236,-0.079556
152,-3.31807,-1.32702,-0.135268
152,-3.41803,-1.23176,0.00887179
152,-3.30876,-1.38875,-0.198966
152,-3.91539,0.199213,-0.0107352
152,-3.91931,0.226475,-0.0505531
152,-3.93484,0.248821,-0.062681
152,-3.99976,-0.753572,0.884421
152,-3.44087,-1.36107,-0.0900409
152,-3.37033,-1.27089,-0.437095
152,-4.04693,0.399829,-0.130852
152,-3.50179,-1.45012,-0.217182
152,-3.2477,-1.42208,-1.02933
152,-4.19086,0.2061,-0.170936
152,-3.98734,0.130269,-0.631822
152,-4.05142,0.105938,-0.511163
152,-4.03417,0.15198,-0.671108
152,-3.94407,-0.128614,-0.748167
152,-3.8557,0.0360641,-1.18872
152,-3.9989,-0.138813,-0.77841
152,-3.49024,-1.45052,-1.05991
152,-4.21144,0.0462617,-0.569859
152,-4.10799,-1.22174,0.21792
152,-3.8868,0.270731,-1.61211
152,-4.24987,-1.20178,0.47345
152,-4.10237,-1.14824,-0.0643745
152,-4.11452,-1.14661,-0.0789551
152,-4.11099,-1.18021,-0.0659692
152,-3.61047,-1.54796,-1.1442
152,-4.3723,-0.0731392,-0.458711
152,-4.17314,0.16348,-1.33412
152,-4.2974,-0.303452,-0.666495
152,-3.68542,-1.4357,-1.31909
152,-3.64242,-1.5289,-1.37659
152,-3.68511,-1.47256,-1.35804
152,-4.24322,0.26361,-1.43323
152,-4.15498,0.31817,-1.80709
152,-4.50152,-0.321855,-0.377553
152,-4.65321,0.289471,-0.864594
152,-4.26165,-0.749714,-1.12671
152,-4.99254,-0.881178,0.865847
152,-4.27504,-0.758727,-1.16569
152,-4.32265,-0.739382,-1.14914
152,-4.33968,-0.747349,-1.16286
152,-5.14801,-0.895699,0.940471
152,-4.40662,-0.735613,-1.12343
152,-4.77097,-0.348055,-0.680156
152,-4.9472,-0.506916,-0.674537
152,-5.00494,0.515532,-1.59776
152,-3.2851,0.932556,-0.184912
149,-3.2851,0.932556,-0.184912
152,-3.84845,0.923827,-0.0757601
129,-3.84845,0.923827,-0.0757601
153,-2.27492,-1.13415,0.671726
153,-2.08537,-0.943178,-0.163737
153,-2.02108,-0.862083,-0.470563
153,-2.12436,-0.951832,-0.116099
153,-2.14325,-0.976133,-0.145802
153,-2.07732,-0.916744,-0.505381
153,-2.20973,-0.989678,-0.155303
153,-2.37369,-0.656915,-1.16337
153,-2.50524,-0.428424,-1.13117
153,-2.23734,-1.0362,-1.22059
153,-2.57875,-0.407981,-1.17042
153,-2.63953,-1.15931,-0.264869
153,-2.80995,-0.0845243,-1.28052
153,-2.83477,-0.187613,-1.11892
153,-2.83741,-0.0745067,-1.29493
153,-2.71326,-1.19545,-0.282351
153,-2.89112,-0.19561,-1.15192
153,-2.77096,-1.24664,-0.311819
153,-3.06812,0.0534256,-1.1917
153,-2.96116,-0.145661,-1.22336
153,-4.00394,0.200003,1.04989
153,-3.12535,0.122534,-1.18843
153,-4.04746,0.212279,1.07003
153,-4.11344,0.284637,1.07964
153,-3.1754,0.0961592,-1.21355
153,-2.85911,-1.29666,-0.342092
153,-2.91933,-1.29597,-0.384973
153,-2.99443,-1.28653,-0.346286
153,-3.18347,-1.31386,0.161434
153,-3.37881,-1.22014,0.528747
153,-3.34114,-1.35687,0.579945
153,-3.00689,-1.30214,-0.385013
153,-3.41597,-1.20687,0.53698
153,-3.94877,0.407722,-0.11805
153,-3.01214,-1.30373,-0.426257
153,-3.04155,-1.30401,-0.374514
153,-3.40796,-1.2545,0.51727
153,-3.4096,-1.21351,0.445726
153,-3.32505,-1.18366,0.139172
153,-3.06961,-1.3314,-0.437994
153,-3.33176,-1.19666,0.0188816
153,-3.28796,-1.29305,0.0209566
153,-3.74889,0.676886,-1.26111
153,-3.33564,-1.26325,0.0564739
153,-3.33629,-1.24881,0.0379922
153,-3.35614,-1.21549,0.034341
153,-3.30335,-1.32117,0.0044356
153,-3.15828,-1.31714,-0.389781
153,-3.35057,-1.25945,0.017145
153,-3.3662,-1.29293,0.0619837
153,-3.37806,-1.23104,0.01357
153,-3.3746,-1.27669,0.020184
153,-3.14464,-1.3707,-0.487167
153,-3.1561,-1.39668,-0.45296
153,-3.36178,-1.34686,-0.00347292
153,-3.20701,-1.35063,-0.426586
153,-3.33609,-1.39223,-0.0491459
153,-3.4021,-1.27201,-0.0498329
153,-4.09384,0.213567,-0.161965
153,-4.09122,-0.761071,1.0122
153,-3.40827,-1.32269,-0.0675247
153,-3.42879,-1.2872,-0.0588143
153,-3.41459,-1.30074,-0.0802326
153,-3.41708,-1.31228,-0.0614032
153,-3.37264,-1.4193,-0.0450777
153,-3.34796,-1.42877,-0.113598
153,-3.31701,-1.25982,-0.450628
153,-3.44571,-1.32905,-0.0777369
153,-3.4701,-1.29679,-0.0758249
153,-3.38011,-1.43022,-0.162077
153,-3.46382,-1.34796,-0.0722407
153,-3.30156,-1.40517,-0.441233
153,-3.42981,-1.45212,-0.0843623
153,-3.45611,-1.38203,-0.10818
153,-3.40986,-1.35696,-0.299247
153,-3.44349,-1.46177,-0.0971066
153,-3.5077,-1.31983,-0.116895
153,-3.33325,-1.42617,-0.440757
153,-3.46769,-1.48738,-0.0668066
153,-3.49308,-1.39018,-0.127118
153,-3.44955,-1.42781,-0.209023
153,-3.46708,-1.4327,-0.206945
153,-4.22998,-0.791412,0.912134
153,-3.9782,0.464487,-1.33569
153,-4.08116,0.53621,-1.16099
153,-3.49751,-1.50366,-0.116148
153,-3.57425,-1.58507,0.0766006
153,-3.58227,-1.57495,0.0619324
153,-3.48499,-1.34291,-0.485741
153,-3.53091,-1.46891,-0.219118
153,-3.48841,-1.34649,-0.498889
153,-3.60606,-1.58522,0.0690728
153,-3.60944,-1.57819,0.0556097
153,-4.32531,-0.814622,0.859386
153,-4.08427,0.217826,-1.23098
153,-4.08265,0.277659,-1.34351
153,-4.11848,-1.15487,0.485224
153,-4.30749,-0.866293,0.565267
153,-3.429,-1.41611,-1.03805
153,-4.10089,-1.23074,0.471226
153,-4.08968,-1.22004,0.421367
153,-3.46336,-1.42777,-0.997743
153,-3.47957,-1.43057,-0.980206
153,-4.3735,-0.852944,0.584047
153,-3.47383,-1.43614,-1.06789
153,-4.02203,-1.14476,-0.0417318
153,-4.22556,-0.283322,-0.655088
153,-3.53324,-1.4606,-0.994494
153,-4.07039,-1.12083,-0.0706319
153,-4.2441,-0.757514,-0.0767875
153,-4.4924,-0.869833,0.711892
153,-4.52428,-0.724766,0.577921
153,-4.06675,-1.14617,-0.0876438
153,-3.4727,-1.42955,-1.28778
153,-4.09012,-1.13585,-0.0729989
153,-4.08469,-1.16604,-0.0496908
153,-4.30115,-0.725643,-0.102923
153,-4.31652,-0.73759,-0.0840542
153,-3.5131,-1.42709,-1.32607
153,-4.37553,-0.359128,-0.498864
153,-3.56455,-1.40459,-1.30545
153,-4.6407,-0.771662,0.697222
153,-3.58672,-1.41503,-1.25765
153,-4.63283,-0.70869,0.522927
153,-4.62277,-0.774375,0.563504
153,-4.39688,-0.390112,-0.511245
153,-4.17675,-1.22637,-0.0604132
153,-3.61653,-1.46492,-1.28578
153,-3.5747,-1.51339,-1.35882
153,-4.46523,-0.649162,-0.162503
153,-4.44514,-0.78995,-0.10872
153,-4.74368,-0.858555,0.718929
153,-4.46642,-0.764518,-0.135393
153,-4.77174,-0.84239,0.555611
153,-4.27539,-0.698151,-1.07076
153,-3.7659,-1.46449,-1.45944
153,-4.2655,-0.720091,-1.13054
153,-4.32405,-0.780036,-1.18312
153,-3.3094,0.156985,-0.267149
151,-3.3094,0.156985,-0.267149
154,-2.13411,-1.01323,0.601183
154,-2.18824,-1.06065,0.668524
154,-2.15486,-1.05259,0.352819
154,-2.18863,-1.07425,0.281694
154,-2.19285,-1.07192,0.279573
154,-2.08839,-0.959964,-0.177149
154,-2.13162,-0.951442,-0.124519
154,-2.03528,-0.88899,-0.477014
154,-2.10917,-0.976992,-0.180957
154,-2.1442,-0.982746,-0.10254
154,-2.05964,-0.892521,-0.484497
154,-2.12716,-0.991079,-0.172165
154,-2.13403,-1.00397,-0.189825
154,-2.08512,-1.0352,-1.13794
154,-2.1073,-1.01105,-1.19366
154,-2.20393,-1.00975,-1.25384
154,-2.70589,-0.302186,-1.18948
154,-2.70464,-0.317813,-1.1971
154,-2.50458,-0.672058,-1.18385
154,-3.4143,-1.233,0.414295
154,-3.08027,-1.34728,-0.381757
154,-3.44679,-1.38165,0.578703
154,-3.42246,-1.42201,0.573413
154,-3.34889,-1.28652,0.0449786
154,-3.3092,-1.33664,-0.00785828
154,-3.37027,-1.26206,0.0119051
154,-3.3865,-1.45646,0.103025
154,-3.35307,-1.43024,-0.0339442
154,-3.19396,-1.43495,-0.446802
154,-3.29672,-1.41082,-0.235364
154,-3.1797,-1.43444,-0.503031
154,-3.1993,-1.43112,-0.510304
154,-3.2228,-1.449,-0.464227
154,-3.42952,-1.45781,-0.0971255
154,-3.49572,-1.42359,-0.0360726
154,-3.31979,-1.47651,-0.554335
154,-3.31998,-1.48418,-0.552327
154,-3.47668,-1.48301,-0.188779
154,-3.49831,-1.49273,-0.190747
154,-4.41831,-0.670884,0.908615
154,-4.49865,-0.664238,1.05781
154,-3.50409,-1.36254,-0.496385
154,-4.42813,-0.720892,0.847181
154,-3.9594,-1.14473,0.249328
154,-3.97512,-1.08491,0.000701308
154,-3.96532,-1.07152,-0.0503533
154,-3.94638,-1.1017,-0.0544001
154,-3.43897,-1.41117,-0.969933
154,-3.41848,-1.4186,-1.05219
154,-4.52868,-0.763408,0.718561
154,-4.56825,-0.91249,0.857473
154,-4.62124,-0.917957,0.936855
154,-4.5411,-0.943694,0.646637
154,-4.61281,-0.867941,0.709557
154,-4.60231,-0.891844,0.706556
154,-4.75236,-1.01239,1.19725
154,-4.48369,-0.671491,-0.178015
154,-4.55184,-0.665476,-0.198681
154,-4.5616,-0.815544,-0.164331
154,-4.56378,-0.962441,-1.32274
155,-2.15604,-0.998102,0.351543
155,-2.10946,-0.999475,0.0722636
155,-2.11302,-0.953254,-0.170106
155,-2.06655,-0.888627,-0.479843
155,-2.18894,-0.987934,-0.10529
155,-2.18828,-0.982193,-0.13874
155,-2.20198,-0.992718,-0.125346
155,-2.18995,-0.999877,-0.158233
155,-2.20411,-0.98981,-0.154692
155,-2.20573,-0.992451,-0.145948
155,-2.23123,-0.966183,-0.164449
155,-2.22071,-1.0093,-0.126368
155,-2.22215,-1.00536,-0.158841
155,-2.43719,-1.3004,0.177838
155,-2.75201,-0.952431,-1.06354
155,-3.46746,-1.23271,1.13007
155,-3.49499,-1.2533,1.07934
155,-3.42058,-1.19872,0.471265
155,-3.00217,-1.2952,-0.425974
155,-3.42256,-1.20346,0.421031
155,-3.05344,-1.30923,-0.394825
155,-3.42728,-1.21098,0.306381
155,-3.41862,-1.21047,0.255756
155,-3.41282,-1.39563,0.569923
155,-3.45407,-1.22979,0.350287
155,-3.45355,-1.23607,0.341882
155,-3.08938,-1.32918,-0.389792
155,-3.40127,-1.2045,0.128679
155,-3.46296,-1.22132,0.284989
155,-3.43547,-1.20859,0.114509
155,-3.48193,-1.22562,0.249669
155,-3.38081,-1.21356,-0.0524963
155,-3.41785,-1.20675,0.0209435
155,-3.45711,-1.22933,0.125524
155,-3.37339,-1.28158,-0.000889063
155,-3.33783,-1.3293,-0.0339454
155,-3.42208,-1.29998,0.048271
155,-3.32291,-1.38372,-0.0422422
155,-3.38131,-1.3341,-0.0050562
155,-3.33629,-1.37389,-0.0422832
155,-3.4079,-1.28962,-0.0632837
155,-3.36587,-1.36069,-0.0301136
155,-3.44005,-1.25308,-0.0838941
155,-3.34156,-1.38786,-0.076906
155,-3.34206,-1.39237,-0.0836267
155,-3.98304,0.00998238,-1.27692
155,-3.43328,-1.32565,-0.0867701
155,-3.40638,-1.38728,-0.033938
155,-3.43858,-1.31777,-0.0900918
155,-3.22352,-1.39074,-0.514616
155,-3.21224,-1.41726,-0.506448
155,-3.23008,-1.3971,-0.503675
155,-3.37134,-1.39511,-0.168286
155,-3.45257,-1.37043,-0.0210053
155,-3.22908,-1.39586,-0.522404
155,-3.24138,-1.40874,-0.480927
155,-3.2362,-1.42114,-0.483865
155,-3.24062,-1.42383,-0.485677
155,-3.41498,-1.31267,-0.304272
155,-3.40781,-1.43125,-0.145307
155,-3.43873,-1.33194,-0.277854
155,-3.27413,-1.40524,-0.542058
155,-3.4858,-1.3682,-0.136924
155,-3.41274,-1.31574,-0.484623
155,-3.44844,-1.43544,-0.187552
155,-3.85114,-1.20371,0.324255
155,-4.29855,-0.762397,0.501706
155,-3.545,-1.51369,0.0581696
155,-4.35785,-0.859085,0.63186
155,-4.38549,-0.850404,0.560917
155,-3.38063,-1.35586,-1.01884
155,-3.41908,-1.36742,-0.998441
155,-3.4089,-1.37077,-1.02361
155,-3.43074,-1.38936,-1.05611
155,-3.64319,-1.33055,-1.30029
155,-2.55798,-0.776686,0.205235
153,-2.55798,-0.776686,0.205235
155,-3.48648,-0.887571,0.51332
153,-3.48648,-0.887571,0.51332
156,-2.10382,-0.978143,0.659924
156,-2.12146,-0.994253,0.648178
156,-2.10328,-0.993892,0.34739
156,-2.095,-0.998219,0.25988
156,-2.08842,-0.962658,-0.0544884
156,-2.01677,-0.87149,-0.461046
156,-2.13785,-0.980804,-0.0794745
156,-2.15612,-0.967525,-0.137475
156,-2.15923,-0.983626,-0.146829
156,-2.18064,-0.996158,-0.166047
156,-3.42724,-1.41706,0.557059
156,-3.30672,-1.33314,-0.00916439
156,-3.5255,-1.29085,0.155584
156,-3.15079,-1.40783,-0.445408
156,-3.38329,-1.34082,-0.0652437
156,-3.10988,-1.43529,-0.49392
156,-3.38215,-1.43271,-0.178413
156,-3.16221,-1.33176,-0.933932
156,-3.35272,-1.35136,-0.918761
156,-3.3721,-1.39293,-1.12171
157,-1.05009,-1.39994,0.612338
157,-1.07034,-1.42195,0.613194
157,-1.03839,-1.40349,0.464303
157,-1.14773,-1.38276,0.00542647
157,-1.16809,-1.41062,0.00154597
157,-0.351596,-2.62135,0.706227
157,-0.339972,-2.63103,0.699761
157,-0.384111,-2.61058,0.647599
157,-1.92055,-2.24958,0.697073
157,-0.382534,-2.64901,0.648228
157,-1.42873,-2.63402,0.667078
157,-1.4272,-2.65814,0.656772
157,-0.293507,-2.51855,-0.798603
157,-0.269944,-2.48152,-0.926062
157,-0.229315,-2.54158,-0.782081
157,-0.209097,-2.49828,-0.931346
157,-0.283044,-2.52369,-0.804832
157,-0.268615,-2.45042,-1.03375
157,-0.292964,-2.50224,-0.864359
157,-0.33421,-2.45109,-0.988732
157,-0.0992491,-2.55954,-0.85807
157,-0.208716,-2.48775,-0.988328
157,-0.228027,-2.50962,-0.914206
157,-0.244862,-2.4056,-1.20823
157,-0.281803,-2.49042,-0.932249
157,-0.187104,-2.41727,-1.21924
157,-0.309814,-2.39104,-1.20464
157,-0.241235,-2.40521,-1.21631
157,-0.283022,-2.5148,-0.862373
157,-0.229006,-2.52856,-0.866362
157,-0.0983155,-2.54256,-0.923785
157,-0.262259,-2.46147,-1.0403
157,-0.207266,-2.53162,-0.874949
157,-0.337198,-2.50142,-0.866978
157,-0.208203,-2.47523,-1.04438
157,-0.334566,-2.44572,-1.03656
157,-0.260685,-2.42766,-1.14701
157,-0.261416,-2.44124,-1.11301
157,0.0323766,-2.56251,-0.97633
157,0.0334085,-2.54132,-1.03982
157,-0.176237,-2.56887,-0.801496
157,-0.314048,-2.39441,-1.21633
157,0.0313909,-2.58535,-0.913785
157,0.0568687,-2.51254,-1.14799
157,-0.0543614,-2.54487,-0.972532
157,-0.0343746,-2.58592,-0.86831
157,-0.356734,-2.51785,-0.827202
157,-0.206014,-2.50333,-0.984935
157,-0.202319,-2.42659,-1.21889
157,-0.206977,-2.44712,-1.15514
157,-0.0333361,-2.56692,-0.933164
157,-0.335482,-2.45344,-1.0416
157,-0.20511,-2.48399,-1.04974
157,-0.0316134,-2.53208,-1.03955
157,-0.334572,-2.43315,-1.10589
157,-0.336635,-2.47367,-0.990164
157,-0.356508,-2.50518,-0.883073
157,-0.334255,-2.42203,-1.15048
157,-0.137359,-2.44735,-1.22697
157,-0.335025,-2.43553,-1.11623
157,0.0344431,-2.53884,-1.08972
157,-0.0571731,-2.61226,-0.80876
157,-0.334467,-2.42027,-1.17115
157,-0.360179,-2.49371,-0.940206
157,0.0093427,-2.61163,-0.879607
157,-0.174325,-2.52803,-0.988937
157,-0.347221,-2.48283,-1.00386
157,0.00852826,-2.64486,-0.821901
157,0.0372662,-2.52036,-1.23447
157,-1.33756,-2.49962,-1.37925
157,-1.32489,-2.49471,-1.41594
157,-1.35742,-2.55104,-1.40322
157,-1.37379,-2.55752,-1.4761
157,-1.40122,-2.62124,-1.52094
158,0.443502,-2.90002,0.702768
158,0.46231,-2.83435,0.372705
158,0.461672,-2.85207,0.368226
158,0.465841,-2.85563,0.370848
158,0.46217,-2.85906,0.362749
158,0.44661,-2.82175,0.0814402
158,0.464747,-2.90837,0.372044
158,0.561997,-2.78957,-0.391336
158,0.577549,-2.79152,-0.385455
158,0.524536,-2.79666,-0.454145
158,0.567889,-2.80514,-0.383079
158,0.557463,-2.80868,-0.404639
158,0.571212,-2.80843,-0.398444
158,0.486391,-2.83559,-0.557276
158,0.530452,-2.84896,-0.472828
158,1.1709,-3.13525,1.14286
158,1.22464,-3.12448,1.13764
158,1.31346,-3.10353,1.12835
158,0.901836,-2.99512,-0.429494
158,1.25431,-3.06179,0.101004
158,1.1646,-3.08489,0.0686719
158,1.16846,-3.09593,0.0858002
158,1.1986,-3.077,0.00773615
158,1.17985,-3.11512,0.0543718
158,1.18227,-3.09979,-0.0609659
158,1.10123,-3.05652,-0.398434
158,1.11521,-3.05724,-0.402129
158,1.13166,-3.05439,-0.40455
158,1.19172,-3.06619,-0.292439
158,1.1198,-3.06182,-0.401467
158,1.18778,-3.1666,0.0553758
158,1.18683,-3.09066,-0.302019
158,1.12286,-3.08491,-0.42129
158,1.19172,-3.07259,-0.404107
158,1.11144,-3.0917,-0.415214
158,1.21322,-3.08364,-0.402998
158,1.13042,-3.10951,-0.430205
158,1.21148,-3.20635,0.0375893
158,1.25606,-3.09506,-0.387419
158,1.20393,-3.10924,-0.417222
158,1.307,-3.13891,-0.380446
158,1.35386,-3.16471,-0.374357
158,1.33383,-3.17554,-0.413259
158,1.34686,-3.18953,-0.412936
158,2.20445,-3.35055,0.708961
158,1.97425,-3.36574,-0.39862
158,1.98509,-3.37937,-0.345571
159,1.70543,-3.51591,1.16886
159,1.76932,-3.4902,1.17084
159,3.39508,-2.50978,0.991051
159,3.40174,-2.50452,0.842413
159,3.40511,-2.53026,0.888484
159,1.97953,-3.38737,-0.387082
159,1.95006,-3.42425,-0.384019
159,3.3759,-2.43534,0.302629
159,1.99004,-3.45028,-0.408665
159,3.3825,-2.46349,0.270853
159,3.4174,-2.45915,0.29202
159,3.52672,-2.34991,0.191388
159,3.40192,-2.51547,0.300449
159,3.75238,-2.06184,-0.377299
159,3.35145,-2.758,0.701086
159,3.37374,-2.46348,-0.290566
159,3.39451,-2.46534,-0.267069
159,3.75458,-2.15225,-0.329324
159,3.40954,-2.48553,-0.309202
159,3.40552,-2.49397,-0.302207
159,2.30079,-3.47444,-0.422585
159,2.30948,-3.47501,-0.420605
159,3.77832,-2.29426,-0.319401
159,2.27504,-3.62091,-0.428103
159,2.33618,-3.59506,-0.469671
160,2.88807,-0.309696,-0.395535
160,2.92364,-0.217701,-0.408881
160,2.9136,-0.310342,-0.407483
160,2.979,-0.388623,-0.415758
160,3.01906,-0.426104,-0.482667
160,3.30269,-0.338982,0.255482
160,3.39776,-0.0598041,0.199782
160,3.29979,-0.360531,0.245385
160,3.32442,-0.360933,0.242469
160,3.31412,-0.38779,0.19144
160,3.39638,-0.390769,0.494543
160,3.39537,-0.392559,0.417584
160,3.41272,-0.403375,0.493451
160,3.45936,-0.243796,0.423105
160,3.40866,-0.439114,0.439973
160,3.4378,-0.427079,0.440333
160,3.50512,-0.41927,0.646852
160,3.51763,-0.453289,0.680971
160,3.53371,-0.436107,0.649475
160,3.53613,-0.443339,0.654396
160,3.46312,-0.245986,-0.0135453
160,3.58014,-0.426858,0.742369
160,3.66848,-0.163535,0.694054
160,3.58235,-0.399005,0.691261
160,3.58839,-0.431332,0.742666
160,3.59248,-0.438726,0.743236
160,3.5858,-0.419072,0.679238
160,3.65951,-0.110471,0.432898
160,3.63851,-0.389501,0.685067
160,3.71315,-0.492173,0.899671
160,3.73155,-0.503663,0.934835
160,3.90005,-0.505917,1.23958
160,3.71449,-1.36711,0.818188
160,3.70215,-1.35455,0.722322
160,3.76661,-1.40264,0.834074
160,3.75119,-1.39105,0.739291
160,3.80412,-1.28678,0.611342
160,3.60851,-1.63231,0.233472
160,3.60204,-1.65964,0.240898
160,3.61138,-1.70174,0.325552
160,3.62505,-1.68637,0.334234
160,3.6219,-1.62617,0.222136
160,3.799,-1.37941,0.39975
160,3.84064,-1.3313,0.451013
160,3.81222,-1.3871,0.399463
160,3.66054,-1.69821,0.220377
160,3.85519,-1.32347,0.466646
160,3.66554,-1.70389,0.219474
160,3.8506,-1.33613,0.421272
160,3.85629,-1.33664,0.440618
160,3.84679,-1.37312,0.394291
160,3.87111,-1.33916,0.442973
160,3.83581,-1.40308,0.367819
160,3.84155,-1.41301,0.395298
160,3.88277,-1.35049,0.468976
160,3.37669,-2.28099,-0.267612
160,3.88685,-1.34991,0.458051
160,3.84385,-1.40371,0.352073
160,3.9115,-1.62722,0.979867
160,3.85497,-1.41383,0.352818
160,3.91896,-1.27323,0.397913
160,3.85724,-1.41225,0.338125
160,3.6218,-1.97145,0.200572
160,3.84666,-1.5078,0.387975
160,3.91652,-1.33775,0.392606
160,3.3782,-2.4497,-0.298213
160,3.90381,-1.50996,0.43207
160,3.77155,-1.83956,0.368325
160,4.01553,-1.21799,0.433008
160,4.04119,-1.65033,1.21566
160,4.03686,-1.19903,0.442154
160,4.03893,-1.20241,0.417147
160,3.65306,-2.0823,0.0515289
160,3.94522,-1.5505,0.448425
160,3.95006,-1.54381,0.441521
160,3.73043,-1.68094,-0.303119
160,3.69444,-2.14605,0.261773
160,3.72996,-1.68392,-0.326004
160,3.95373,-1.53247,0.386
160,3.74087,-1.69476,-0.327122
160,3.64505,-1.97632,-0.345841
160,3.7295,-2.13417,0.236363
160,4.07586,-0.809725,-0.414883
160,3.6661,-1.97692,-0.338075
160,3.63354,-2.05882,-0.364654
160,3.77907,-1.70365,-0.330314
160,3.95112,-1.33297,-0.177113
160,3.95211,-1.34022,-0.177535
160,3.74756,-1.78772,-0.355871
160,3.68359,-1.98263,-0.350537
160,3.89943,-1.40361,-0.355878
160,3.9591,-1.34537,-0.195761
160,3.69581,-1.97336,-0.348733
160,3.75649,-1.80739,-0.363845
160,3.90544,-1.43108,-0.331632
160,3.89852,-1.44785,-0.364781
160,3.97508,-1.35132,-0.210102
160,3.72532,-1.94639,-0.3544
160,3.91591,-1.43749,-0.343295
160,3.736,-1.92401,-0.361286
160,3.98178,-1.35383,-0.205423
160,3.77322,-1.82606,-0.3602
160,3.71129,-2.00502,-0.346228
160,3.93048,-1.44376,-0.368293
160,3.6641,-2.19095,-0.346326
160,3.69595,-2.095,-0.372942
160,3.66959,-2.17564,-0.363565
160,3.93502,-1.45099,-0.37016
160,4.00952,-1.36577,-0.198853
160,3.94668,-1.4591,-0.341483
160,4.07647,-1.11459,-0.355516
160,3.81248,-1.82338,-0.375319
160,3.90644,-2.58451,1.22638
160,3.93102,-2.57304,1.25309
160,3.99297,-1.4009,-0.360632
160,3.88112,-1.70652,-0.366436
160,3.94532,-1.53161,-0.390725
160,4.10444,-1.11035,-0.376779
160,3.95279,-1.52276,-0.3791
160,3.81345,-1.94622,-0.342055
160,3.95735,-1.5376,-0.377238
160,4.10417,-1.29325,-0.144265
160,4.07294,-1.70378,0.360512
160,3.98664,-1.48447,-0.366194
160,4.07605,-1.70029,0.35461
160,3.96494,-1.54371,-0.384154
160,3.95109,-1.5862,-0.380887
160,4.01714,-1.4093,-0.380632
160,4.06295,-1.40878,-0.18676
160,4.1302,-1.11097,-0.379217
160,3.94928,-1.61061,-0.37713
160,4.08162,-1.71291,0.356428
160,3.94767,-1.62134,-0.386669
160,4.13404,-1.12735,-0.375304
160,4.12929,-1.1227,-0.404597
160,4.14342,-1.09433,-0.406514
160,4.12505,-1.31126,-0.164022
160,4.1361,-1.13805,-0.393812
160,4.09497,-1.72274,0.36174
160,3.99622,-1.55146,-0.371861
160,3.84369,-1.9857,-0.378548
160,4.06593,-1.42947,-0.362188
160,4.10747,-1.35404,-0.344301
160,3.99807,-1.66851,-0.421103
160,4.01514,-1.65551,-0.429945
160,4.15703,-1.29357,-0.418241
160,4.17033,-1.30108,-0.368332
160,4.02245,-1.66973,-0.426391
160,4.02749,-1.65451,-0.431051
160,4.18489,-1.29962,-0.398009
160,4.18389,-1.31197,-0.423085
160,4.19063,-1.3108,-0.419784
160,4.05757,-1.67292,-0.450687
160,4.22975,-1.30604,-0.438623
160,4.23989,-1.33544,-0.430394
160,4.16728,-2.19449,0.423541
160,4.27359,-2.27241,0.406563
160,4.38802,-2.34599,0.449781
161,3.15642,0.0080007,-0.257027
161,3.04854,-0.301842,-0.435549
161,3.21703,0.0429514,-0.317114
161,3.12826,-0.259165,-0.519181
161,3.27081,-0.369723,0.249223
161,3.29303,-0.0340828,-0.0505168
161,3.15397,-0.273852,-0.450957
161,3.30329,-0.0308789,-0.051742
161,3.29043,-0.37476,0.24652
161,3.30599,-0.339092,0.169562
161,3.33029,-0.0433115,-0.0635728
161,3.33336,-0.0433664,-0.0548194
161,3.33091,0.0997685,-0.333288
161,3.40839,-0.0747148,0.206347
161,3.41243,-0.0689041,0.199211
161,3.43464,-0.067537,0.192334
161,3.40474,-0.40265,0.410818
161,3.44463,-0.287694,0.421006
161,3.46973,-0.199793,0.424649
161,3.46753,-0.207321,0.415816
161,3.47111,-0.207534,0.424683
161,3.45907,-0.301836,0.418676
161,3.4337,-0.43938,0.429633
161,3.45389,-0.417141,0.48129
161,3.46908,-0.296204,0.413265
161,3.4599,-0.183611,0.233363
161,3.49196,-0.212987,0.415852
161,3.46757,-0.311819,0.413878
161,3.44837,-0.269321,0.230802
161,3.47513,-0.387503,0.490366
161,3.46806,-0.177975,0.216252
161,3.54005,-0.113202,0.441611
161,3.47703,-0.252107,0.301811
161,3.44061,-0.245035,0.0635762
161,3.49256,-0.249948,0.305429
161,3.4869,-0.189109,0.209101
161,3.5217,-0.436766,0.653372
161,3.4316,-0.23552,-0.0165889
161,3.30781,-0.40151,-0.423883
161,3.45896,-0.239756,0.0466505
161,3.5862,-0.108602,0.464825
161,3.5862,-0.15738,0.500972
161,3.44713,-0.262349,-0.0338049
161,3.46401,-0.235962,-0.0320014
161,3.59311,-0.121611,0.438594
161,3.59619,-0.119132,0.440943
161,3.46834,-0.246413,-0.0301517
161,3.48271,-0.210233,-0.044193
161,3.68768,-0.164518,0.691516
161,3.7085,-0.144592,0.719076
161,3.7377,-0.211804,0.891093
161,3.71519,-0.144549,0.689895
161,3.67381,-1.65556,0.21784
161,3.94529,-1.29115,0.384998
161,3.96448,-1.30456,0.390904
161,3.97757,-1.31279,0.377258
161,3.70901,-2.12502,0.0447943
161,3.9684,-1.3885,-0.371716
161,3.84279,-1.98438,-0.381739
161,4.08382,-1.33148,-0.063066
161,3.86605,-1.99343,-0.334359
161,4.17081,-1.29988,-0.431955
161,4.49638,-2.48368,1.32001
161,3.68103,-1.12838,0.0406825
160,3.68103,-1.12838,0.0406825
161,3.46504,-0.273798,0.225423
160,3.46504,-0.273798,0.225423
161,3.5398,-0.475747,0.85728
160,3.5398,-0.475747,0.85728
161,3.65084,-1.18558,1.11818
160,3.65084,-1.18558,1.11818
162,3.00694,-0.197598,0.0201769
162,3.05918,0.0746682,-0.409776
162,3.11709,0.237747,-0.405984
162,3.1521,0.2388,-0.422902
162,3.17363,0.0336769,-0.471064
162,3.23735,0.244711,-0.457075
162,3.36237,-0.231472,0.419686
162,3.36045,-0.194411,0.235677
162,3.40509,-0.236782,0.424656
162,3.3853,-0.364302,0.434258
162,3.40931,-0.24437,0.418388
162,3.43811,-0.252603,0.409572
162,3.44563,-0.323448,0.496008
162,3.48126,-0.393577,0.670983
162,3.37245,-0.212852,-0.0107637
162,3.39801,-0.344689,0.213484
162,3.37948,-0.205452,-0.0193837
162,3.49695,-0.378536,0.678847
162,3.48604,-0.149041,0.416272
162,3.4824,-0.197912,0.401977
162,3.5045,-0.126925,0.406774
162,3.55984,-0.110526,0.646733
162,3.46219,-0.180904,-0.0214527
162,3.52599,-0.206203,0.296235
162,3.47757,-0.197582,0.0562872
162,3.54043,-0.387356,0.394705
162,3.5629,-0.0293655,0.156741
162,3.58532,-0.189973,0.398236
162,3.59718,-0.187483,0.4033
162,3.46923,-0.321529,-0.154311
162,3.57195,-0.397666,0.374151
162,3.6526,-0.0781705,0.420303
162,3.66519,-0.0788251,0.448248
162,3.61524,-0.0485792,0.154175
162,3.68756,-0.0829893,0.430026
162,3.69275,-0.0731043,0.444989
162,3.58145,-0.183031,-0.0675215
162,3.75549,-0.122528,0.679045
162,3.7109,-0.0670722,0.412808
162,3.61575,-0.000901073,-0.159783
162,3.6633,-0.17032,0.169132
162,3.82451,-0.476651,1.15174
162,3.6394,-0.0185691,-0.168283
162,3.86434,-0.453411,0.881434
162,3.94722,-0.15719,0.938235
162,3.92617,-0.472831,1.11366
162,3.89517,-0.139177,0.671328
162,3.91103,-0.458791,0.989479
162,3.99421,-0.494022,1.34972
162,3.90441,-0.981739,1.1648
162,3.82804,-1.47785,1.20863
162,3.92425,-1.10111,1.19015
162,4.10896,-0.217329,1.21433
162,3.88116,-1.47143,1.2151
162,3.92235,-1.49437,1.21851
162,3.90574,-1.19316,0.384054
162,3.95003,-1.07552,0.358239
162,3.95891,-1.08583,0.35725
162,3.94164,-1.21169,0.37497
162,3.90179,-1.03971,-0.00212932
162,3.90958,-1.03169,-0.0331854
162,3.98509,-1.14097,0.405911
162,3.95476,-1.17567,0.29213
162,3.90013,-1.07532,-0.0596231
162,3.89471,-1.13288,-0.0580829
162,3.96023,-1.04178,-0.162237
162,3.99919,-0.992644,-0.333359
162,3.99633,-0.995252,-0.345245
162,3.99782,-0.98164,-0.358489
162,3.99515,-1.01813,-0.345145
162,4.27558,-1.44895,1.24471
162,3.93237,-1.44843,-0.381519
162,3.9501,-1.38706,-0.368403
162,3.95514,-1.3896,-0.366568
162,3.98177,-1.34437,-0.29899
162,3.97493,-1.32425,-0.376676
162,4.01278,-1.17058,-0.334789
162,3.99112,-1.27308,-0.363025
162,4.01013,-1.24906,-0.307764
162,3.9692,-1.40329,-0.376571
162,4.01553,-1.28449,-0.387414
162,3.114,-0.144408,0.478524
160,3.114,-0.144408,0.478524
163,3.06483,-0.182593,-0.464473
163,3.0679,-0.182758,-0.456087
163,3.12833,0.162568,-0.429563
163,3.15914,0.15826,-0.442381
163,3.18956,0.242617,-0.433462
163,3.37035,-0.0333485,0.421813
163,3.43469,-0.347888,0.66444
163,3.39633,-0.186415,0.305802
163,3.44034,-0.0151975,0.17587
163,3.38988,0.013267,-0.0995834
163,3.46068,-0.0164137,0.174807
163,3.4146,0.0140991,-0.0770898
163,3.49308,-0.192728,0.363823
163,3.4737,-0.0252734,0.170311
163,3.4857,-0.222108,0.215038
163,3.43855,-0.00914383,-0.112524
163,3.50733,-0.00856882,0.194714
163,3.51667,-0.188774,0.298294
163,3.45199,-0.00260738,-0.117566
163,3.53118,-0.18714,0.279102
163,3.55065,-0.196254,0.35474
163,3.54315,-0.194786,0.309192
163,3.5569,-0.201416,0.369462
163,3.53786,-0.00828806,0.163961
163,3.5422,-0.0124571,0.164931
163,3.45315,-0.334302,-0.17457
163,3.60116,-0.0670478,0.413921
163,3.49407,0.0206339,-0.130109
163,3.49916,0.0211359,-0.10737
163,3.63035,-0.0485018,0.423778
163,3.60935,-0.201081,0.345514
163,3.63949,-0.0433258,0.408214
163,3.52988,-0.188265,-0.0572624
163,3.65939,-0.0447394,0.44552
163,3.5718,-0.200142,0.0328103
163,3.75974,-0.113231,0.720941
163,3.75645,-0.420254,0.713464
163,3.62395,-0.0266005,-0.167772
163,3.78133,-0.425461,0.619731
163,3.80421,-0.417573,0.6539
163,3.96787,-0.479903,0.969199
163,4.00493,-0.487597,0.886896
163,4.15558,0.483319,-0.660857
163,4.80506,1.28268,1.06297
163,4.84279,1.1599,0.994549
163,4.91033,1.41117,1.17265
163,4.87124,1.19133,1.04805
163,4.55069,0.812418,-0.369194
163,4.91361,1.49497,1.09102
163,4.91949,1.19793,1.21007
163,4.90378,1.25077,1.10116
163,5.00878,1.35049,1.32104
163,4.86218,1.26022,0.281206
163,4.8747,1.37647,0.219014
163,4.84847,1.12281,-0.0612124
163,4.88142,1.15615,0.0202373
163,4.58021,0.901606,-1.38248
163,4.64351,0.768262,-1.04069
163,4.87206,1.15727,-0.156672
163,4.98645,1.20021,0.298693
163,4.99204,1.23254,0.178651
163,4.95088,1.06638,0.00819254
163,4.96594,1.13142,-0.101885
163,4.68022,0.376695,-1.3072
163,5.20171,1.09011,-0.519178
163,3.54513,-0.160379,0.319924
162,3.54513,-0.160379,0.319924
163,3.39335,-0.182042,0.433906
161,3.39335,-0.182042,0.433906
164,3.12388,0.19438,-0.482802
164,3.13304,0.197566,-0.486
164,3.43406,-0.197392,0.394157
164,3.27831,0.0620039,-0.531929
164,3.45761,-0.175026,0.201651
164,3.52696,-0.232236,0.36899
164,3.52506,-0.198442,0.192
164,3.68039,-0.406514,0.839192
164,3.56087,-0.17516,0.245061
164,3.59511,-0.00118506,0.132959
164,3.79727,-0.399761,0.859976
164,3.71106,-0.0632986,0.40056
164,3.60986,-0.149614,-0.0885216
164,3.71306,-0.168168,0.368693
164,3.63748,-0.153034,-0.100179
164,3.77077,-0.0580038,0.392785
164,3.77084,-0.0587606,0.382986
164,3.78591,-0.0561364,0.383694
164,3.66425,0.11154,-0.482966
164,3.72005,0.126634,-0.510521
164,3.85835,-0.0881355,-0.263612
164,3.88224,0.469485,-0.541261
164,3.92635,-0.0815037,-0.289004
164,4.26813,-0.192373,1.20648
164,4.35176,0.657697,-0.74492
164,4.38091,0.714726,-0.735823
164,4.84506,1.30067,1.13353
164,4.44658,0.65896,-0.932243
164,4.53153,0.792037,-0.906312
164,5.00803,1.78818,1.05744
164,4.89491,1.38453,0.287885
164,4.7742,1.08683,-0.393023
164,4.92014,1.62327,0.220162
164,4.86637,1.06571,-0.0204305
164,4.67176,0.804302,-0.972101
164,4.80972,1.1597,-0.370417
164,4.81772,1.26429,-0.344521
164,4.67695,0.81138,-0.985766
164,4.91484,1.07204,0.0145425
164,4.8536,1.23521,-0.349715
164,4.92698,1.05477,-0.0117748
164,4.8892,1.57494,-0.342215
164,4.91895,1.75988,-0.293427
164,4.95828,1.14771,-0.071696
164,4.88976,1.1875,-0.401854
164,4.95631,1.11298,-0.0880153
164,4.96236,1.20022,-0.0739695
164,4.91344,1.67125,-0.35148
164,4.9003,1.27215,-0.385545
164,4.96935,1.1498,-0.109498
164,4.98796,1.13481,-0.0240715
164,4.9874,1.13874,-0.102295
164,5.0243,1.14405,-0.0240142
164,5.03303,1.19606,-0.0356813
164,5.03973,1.1887,-0.0281282
164,4.99366,1.08506,-0.403956
164,5.00595,1.12273,-0.456829
164,5.0552,1.89735,-0.332507
164,5.17171,1.25236,0.165498
164,5.03923,1.08468,-0.465864
164,5.3196,1.08444,-0.568564
164,5.33061,1.13497,-0.556971
164,3.72183,-0.0962889,0.615712
162,3.72183,-0.0962889,0.615712
164,3.28978,-0.225171,-0.0935519
162,3.28978,-0.225171,-0.0935519
164,3.84684,-0.132261,0.852081
161,3.84684,-0.132261,0.852081
164,3.55797,-0.171817,0.348471
160,3.55797,-0.171817,0.348471
165,3.58906,-0.154256,0.367654
165,3.56455,0.0112669,-0.156286
165,3.62361,0.0194177,-0.166886
165,3.79924,-0.158148,0.352694
165,3.81496,-0.0481575,0.389293
165,3.78072,-0.05757,0.0949599
165,3.79907,-0.045505,0.0899912
165,3.86922,-0.0486574,0.375118
165,3.80613,-0.0409356,-0.239213
165,4.14001,-0.158415,0.649909
165,4.42975,0.689642,-0.861111
165,4.89528,1.51395,1.30965
165,4.86828,1.34542,1.12833
165,4.88345,1.34795,1.18216
165,4.90927,1.35666,1.29357
165,4.88535,1.35292,1.18231
165,4.8801,1.35293,1.0729
165,4.89548,1.4349,1.07715
165,4.93778,1.98325,1.06984
165,5.04915,1.26524,1.42891
165,4.46746,0.90517,-1.30406
165,4.98532,1.23176,0.973469
165,4.48951,0.926945,-1.31871
165,4.49129,0.91526,-1.31482
165,5.04403,1.26496,1.20557
165,4.84956,1.49463,0.248802
165,4.83544,1.14535,-0.0296307
165,4.86092,1.06085,-0.0616293
165,5.00689,1.20709,0.578251
165,4.92193,1.89563,0.286801
165,4.89529,1.14667,-0.0114312
165,4.96916,1.47983,0.155489
165,4.98282,1.43242,0.180138
165,4.961,1.10361,-0.00729734
165,4.99984,1.6456,0.204754
165,4.97708,1.15854,0.0168614
165,4.96899,1.18345,-0.0178062
165,4.88387,1.27487,-0.393974
165,4.90125,1.31314,-0.400509
165,4.99033,1.63562,-0.375479
165,4.99058,1.72247,-0.378761
165,5.0492,1.2176,-0.211255
165,5.17071,1.28918,0.133493
165,5.40206,1.08793,-0.579457
165,4.18644,0.525691,-0.677575
163,4.18644,0.525691,-0.677575
166,2.14023,0.654426,0.146142
166,3.16525,0.336138,-0.493204
166,3.36955,0.229876,-0.517196
166,3.52892,0.0246803,-0.140242
166,4.65694,1.3845,1.07236
166,4.79104,1.3222,1.37925
166,4.42212,0.557454,-0.77567
166,4.43103,0.543468,-0.782644
166,4.35206,0.899083,-1.21503
166,4.52811,0.656898,-0.834124
166,4.86522,1.51688,1.18199
166,4.90599,1.50226,1.31754
166,4.54022,0.644001,-0.838714
166,4.86038,1.51577,1.11615
166,4.44127,0.651684,-1.33287
166,4.49615,0.798393,-1.06062
166,4.57049,0.675566,-0.838281
166,4.54655,0.642392,-0.971082
166,4.99307,1.5442,1.42013
166,4.95069,1.53973,1.19322
166,4.84798,1.1195,0.00446528
166,4.84205,1.16383,0.00686586
166,4.74828,1.26594,-0.343833
166,4.98322,1.90177,1.062
166,5.01355,2.2358,1.37013
166,4.7871,1.2501,-0.363984
166,4.88805,1.16127,-0.00996327
166,4.89354,1.1402,-0.00809503
166,4.80999,1.27222,-0.356226
166,4.93895,1.13394,0.0198861
166,4.89207,2.04182,0.265552
166,5.0246,1.49774,0.225871
166,4.99211,2.06376,0.258154
166,5.13984,2.26862,1.01824
166,5.06843,1.4628,0.178987
166,5.0803,1.46506,0.184512
166,4.9719,1.77183,-0.338236
166,5.11952,1.74252,0.272853
166,4.99533,1.72206,-0.322967
166,5.0547,2.2134,0.220575
166,5.00888,1.71437,-0.326077
166,5.30855,1.9043,1.09291
166,5.00207,1.70561,-0.380266
166,5.14611,1.7555,0.275753
166,4.99779,1.80146,-0.350485
166,5.33512,1.81405,1.12548
166,5.14835,1.75624,0.257299
166,5.16216,1.77096,0.266338
166,5.0422,1.65929,-0.388682
166,5.05337,1.66262,-0.371344
166,5.0411,2.1739,-0.340012
166,5.0542,2.18649,-0.340165
166,5.11597,1.77147,-0.377465
166,5.54024,1.85631,1.11493
166,5.20516,1.93449,-0.389012
166,5.20908,2.27913,-0.360373
166,5.29295,2.02773,-0.403195
166,5.30836,2.03484,-0.421274
166,5.3253,2.07193,-0.343128
166,5.38227,0.3444,-1.71465
164,5.38227,0.3444,-1.71465
166,4.74199,0.37833,-1.34445
164,4.74199,0.37833,-1.34445
166,4.99183,1.11316,1.10301
164,4.99183,1.11316,1.10301
167,4.52408,0.582364,-0.818587
167,4.58307,0.794334,-0.81381
167,4.71868,1.11052,-0.353704
167,4.83045,1.11114,-0.011394
167,4.99423,1.73122,1.41199
167,5.05335,1.7201,1.42192
167,5.05077,1.72904,1.40392
167,4.84826,1.07999,-0.407633
167,4.87971,1.0965,-0.408496
167,4.91953,1.7138,0.268985
167,4.98744,1.72029,0.295149
167,5.09911,2.26331,1.40665
167,5.03331,1.52654,0.240778
167,5.13614,1.86045,0.993804
167,4.9742,1.84213,0.244882
167,5.16286,2.31859,1.41943
167,5.11386,2.24168,0.997814
167,4.97528,1.72053,-0.321704
167,5.15863,2.32202,1.12613
167,5.00641,1.65525,-0.387332
167,5.1654,2.2709,1.02612
167,5.26559,2.30071,1.43567
167,5.02502,1.74075,-0.327115
167,5.03773,1.66229,-0.378908
167,5.02916,1.74101,-0.382669
167,5.11585,1.98523,0.280535
167,5.28217,2.36225,1.44091
167,5.14375,1.97025,0.289168
167,4.96663,2.16634,-0.318974
167,5.15631,1.99674,0.280449
167,5.22933,2.35059,0.980957
167,4.98984,2.15631,-0.332972
167,5.07953,1.84094,-0.331984
167,5.14039,1.98745,0.00928169
167,5.00181,2.88593,0.420696
167,5.22236,2.01331,0.339181
167,5.02998,2.19362,-0.334224
167,4.98947,2.91826,0.1503
167,5.29626,1.97664,0.318031
167,4.69064,3.22003,-1.23277
167,5.05394,3.0124,-0.00272018
167,5.18535,2.9872,0.499251
167,5.1564,3.01416,0.400234
167,5.16369,3.03082,0.161689
167,5.22573,2.40208,-0.339015
167,5.16267,3.07791,-0.0136235
167,5.34494,2.41624,-0.368357
167,5.33941,3.34238,0.521528
167,5.25614,3.66323,0.379009
167,5.52888,3.52611,1.29211
167,5.37329,3.48415,0.518208
167,5.51043,3.53199,1.04865
167,5.2805,3.58818,-0.0193527
167,5.41145,2.82914,-0.374707
167,5.40964,3.63122,0.514719
167,5.20449,2.86888,-1.34393
167,5.54595,2.6566,-0.43261
167,5.55483,2.69274,-0.398668
167,5.58924,2.5517,-0.435751
167,5.28233,2.97963,-1.33158
167,3.95661,1.47675,1.05256
166,3.95661,1.47675,1.05256
167,5.06615,1.76908,1.19273
166,5.06615,1.76908,1.19273
167,5.00015,1.90224,1.0716
166,5.00015,1.90224,1.0716
167,4.79876,1.29325,-0.335413
166,4.79876,1.29325,-0.335413
167,4.94221,1.88279,0.420246
165,4.94221,1.88279,0.420246
167,5.29386,2.00065,0.395147
165,5.29386,2.00065,0.395147
167,5.35051,2.00238,0.366594
164,5.35051,2.00238,0.366594
168,4.72835,1.51166,1.10388
168,4.55117,0.823853,-1.00132
168,4.83293,1.44858,1.11273
168,4.54745,0.817495,-1.09591
168,4.87106,1.42722,1.11602
168,4.72266,1.19365,0.0310893
168,4.72473,1.19361,0.026853
168,4.73046,1.195,0.0449055
168,4.76063,1.26116,0.208854
168,4.75899,1.1264,-0.041312
168,4.75457,1.21734,0.0703968
168,4.79051,1.08782,0.0248095
168,4.74291,1.19204,-0.034694
168,4.7776,1.26924,0.208895
168,4.79807,1.2382,0.196338
168,4.72094,1.10275,-0.353323
168,4.7936,1.18924,0.0876168
168,4.81836,1.20805,0.20605
168,4.78292,1.20706,0.0187754
168,4.71333,1.16002,-0.35905
168,4.84953,1.22576,0.29071
168,4.8024,1.19291,0.0180257
168,4.86933,1.46403,0.674129
168,4.88886,1.22684,0.288468
168,4.80873,1.0434,-0.390781
168,4.79777,1.12197,-0.381739
168,4.78144,1.26564,-0.354393
168,5.02781,1.72406,1.32016
168,4.88428,1.04847,-0.421307
168,4.93507,1.48085,0.426573
168,4.88305,1.53655,0.277701
168,5.01998,1.94365,1.3982
168,5.05082,1.89209,1.40044
168,4.98167,1.48334,0.430054
168,4.99622,1.45059,0.429771
168,4.91429,1.48475,0.109658
168,4.93378,1.54015,0.269503
168,4.9248,1.48716,0.131598
168,4.93003,1.55047,0.246062
168,4.91113,1.68866,0.292375
168,4.95975,1.49814,0.149985
168,5.10889,1.91673,1.4115
168,4.9946,1.44126,0.195126
168,5.00921,1.41926,0.182219
168,5.10662,1.96674,1.41393
168,5.01076,1.02429,-0.466318
168,4.87924,1.74205,-0.327717
168,4.91816,2.08692,0.348304
168,4.92602,1.70345,-0.298795
168,4.96023,2.07491,0.251513
168,4.94487,1.70588,-0.367501
168,4.97454,2.15638,0.353568
168,4.95059,1.76541,-0.348728
168,5.08922,1.89893,0.330195
168,5.01425,1.65701,-0.381987
168,5.0181,1.6519,-0.391576
168,5.01107,2.18146,0.299763
168,5.02805,1.68134,-0.37128
168,5.01361,1.71749,-0.392458
168,5.5672,1.44209,1.53502
168,5.13268,1.96858,0.367333
168,5.07649,1.66346,-0.387217
168,5.02948,1.85733,-0.35903
168,5.17657,1.93481,0.364658
168,5.07121,1.74236,-0.392815
168,5.05387,1.81981,-0.367633
168,5.09689,1.67265,-0.411176
168,5.10493,1.64287,-0.426578
168,5.17053,1.98688,0.366824
168,5.03592,1.92461,-0.333619
168,5.08244,1.82799,-0.293471
168,4.9932,2.16205,-0.332605
168,4.94161,2.85003,0.433496
168,4.99287,2.18908,-0.317007
168,4.92197,2.90296,0.404184
168,5.01473,2.19941,-0.328072
168,4.98289,2.85553,0.483252
168,4.95902,2.86182,0.357877
168,5.03363,2.21643,-0.32928
168,4.99183,2.87982,0.420321
168,4.55477,3.12619,-1.16976
168,4.99814,2.90813,0.398657
168,4.99398,2.8839,0.341903
168,4.97943,2.87952,0.166479
168,4.9965,2.89302,0.134961
168,5.02073,2.9286,0.176368
168,5.07705,2.97658,-0.011557
168,5.08411,3.00599,-0.010893
168,5.0215,2.7876,-0.690145
168,5.16003,3.0067,-0.130265
168,5.16012,3.33214,0.304914
168,5.14924,3.07924,-0.132658
168,5.09014,2.90118,-0.69841
168,5.46439,2.58632,0.284922
168,5.22824,3.34168,0.307621
168,5.16174,2.91504,-0.730911
168,5.14667,3.83675,0.192276
168,5.19539,3.77781,0.298416
168,5.44145,2.67147,-0.385189
168,5.14458,3.97844,0.0396641
168,5.43095,2.86137,-0.397161
168,5.54915,2.52631,-0.429837
168,5.18738,3.8853,-0.036876
168,5.23126,2.94426,-1.29782
168,5.73476,2.61154,0.199656
168,5.34736,2.93134,-1.41731
168,4.90909,1.11212,1.10028
166,4.90909,1.11212,1.10028
168,5.68422,0.470687,-1.36919
166,5.68422,0.470687,-1.36919
169,4.68628,1.47454,1.08594
169,4.70504,0.871257,-0.421182
169,4.81025,1.14986,0.00711584
169,4.82317,1.25251,0.204991
169,4.84463,1.21081,0.204143
169,5.00622,1.70084,1.39977
169,4.9568,1.48789,0.235935
169,4.93046,1.48891,0.0434776
169,4.91223,1.64523,0.234525
169,4.96421,1.99674,1.06153
169,5.10006,1.73926,1.20158
169,4.78091,1.74216,-0.244973
169,5.09464,1.76619,1.17479
169,5.14466,1.6587,1.14739
169,5.00527,1.71176,0.285165
169,4.97752,1.74174,0.208289
169,5.25619,1.67677,1.13153
169,4.16109,3.57538,-0.446419
169,4.97144,1.78368,-0.328735
169,5.09683,1.85586,0.203574
169,5.02262,1.72922,-0.358647
169,5.06276,1.64621,-0.397965
169,5.34593,1.90075,1.22467
169,5.04594,1.73277,-0.396353
169,5.07371,1.79405,-0.301835
169,4.95107,2.12867,-0.323698
169,5.11814,2.1918,0.27973
169,4.88597,2.90808,0.455112
169,4.9234,2.85181,0.494271
169,4.9533,2.84195,0.496641
169,5.15042,1.88369,-0.349339
169,4.94805,2.87441,0.48759
169,5.17082,1.92174,-0.293518
169,4.36844,3.55676,-0.943469
169,5.06062,2.1632,-0.369481
169,4.96781,2.87824,0.338836
169,5.00443,2.90525,0.40318
169,4.57829,3.12496,-1.17175
169,4.59399,3.14004,-1.193
169,5.07995,2.86775,0.42256
169,4.53344,3.75521,-0.787235
169,4.68479,3.32425,-1.01643
169,5.13472,2.93951,0.161294
169,5.1338,3.2612,0.29019
169,5.11938,3.29826,0.291681
169,5.19319,3.25917,0.503327
169,5.17089,3.25094,0.288605
169,5.22175,3.27591,0.493838
169,5.16205,3.31948,0.294112
169,5.18775,3.28769,0.29284
169,5.35028,2.53947,-0.375979
169,5.35301,2.62035,-0.373289
169,5.2757,3.32229,0.501076
169,5.19212,3.50252,0.377294
169,5.4324,2.59483,-0.392015
169,5.46077,2.58773,-0.411697
169,5.23039,3.63192,0.397027
169,5.23447,3.62539,0.384317
169,5.25135,2.91692,-0.79878
169,5.18532,3.78288,0.371552
169,5.22398,3.66184,0.321035
169,5.50737,3.50674,1.2733
169,5.2192,3.63791,0.159089
169,5.01605,3.95702,-0.200784
169,5.02873,3.96404,-0.165963
169,5.23219,3.64743,0.141843
169,5.38632,3.46927,0.481339
169,5.2136,3.75162,0.21713
169,5.17381,3.74676,0.0112096
169,5.17619,3.74162,-0.0367489
169,5.24636,2.83242,-1.38321
169,5.26472,3.86854,0.481576
169,4.93046,3.90365,-0.942012
169,5.26939,3.86664,0.467042
169,5.2093,3.87349,0.187427
169,5.1729,3.863,-0.0428849
169,5.2634,2.89714,-1.37375
169,5.24615,3.87597,0.0783524
169,5.26696,3.83317,-0.00189739
169,5.36727,3.60794,-0.0623559
169,5.52576,3.55982,0.480199
169,5.53551,3.57772,0.484813
169,5.09198,1.83014,-0.348327
167,5.09198,1.83014,-0.348327
170,4.87791,1.37965,1.06405
170,4.75637,1.09091,-0.368151
170,4.82514,1.12213,-0.0441767
170,4.8861,1.50829,1.13457
170,4.80902,1.33448,0.325313
170,4.72014,1.23295,-0.333584
170,4.84794,1.17036,0.0376875
170,4.91348,1.51083,1.12867
170,4.86697,1.16489,-0.0346808
170,4.74599,1.27876,-0.301052
170,4.86475,1.34375,0.332262
170,4.76875,1.56559,0.38462
170,4.78451,1.51996,0.316998
170,4.76506,1.57394,0.200414
170,4.77644,1.57924,0.189081
170,3.52506,3.64412,-0.408734
170,3.57659,3.64991,-0.308093
170,4.89122,1.46683,0.238006
170,4.90045,1.88235,1.22706
170,4.80265,1.43449,-0.291594
170,4.8196,1.41915,-0.289028
170,4.91125,1.889,1.22418
170,3.61071,3.58589,-0.514067
170,4.7552,1.58442,-0.276034
170,3.54042,3.78938,-0.557174
170,4.87114,1.86383,0.533456
170,4.86716,1.85971,0.47644
170,3.51697,3.66047,-1.16677
170,4.78166,2.03145,0.351877
170,3.75439,3.66667,-0.268045
170,4.86777,1.60802,-0.308719
170,4.85861,1.69194,-0.318154
170,3.79302,3.56594,-0.538977
170,4.86811,1.7475,-0.285659
170,4.90859,1.695,-0.288695
170,4.91006,1.69256,-0.33166
170,3.5949,3.88543,-0.972144
170,4.89402,2.13482,0.350503
170,4.88427,2.13226,0.300358
170,5.0513,1.89725,0.442848
170,4.98159,2.18714,0.337359
170,3.9561,3.52248,-1.01468
170,4.88314,2.15757,-0.268068
170,3.97593,3.48715,-1.08496
170,5.02818,2.21129,0.44928
170,3.9826,3.69192,-0.643063
170,3.94801,3.6242,-0.964201
170,5.05834,2.22474,0.555333
170,5.03802,2.22171,0.456795
170,5.0544,2.22973,0.530873
170,5.05848,2.23276,0.452555
170,4.93997,2.15,-0.296116
170,5.08498,2.24444,0.541628
170,5.07802,2.26557,0.498926
170,5.07143,2.23397,0.390653
170,4.95588,2.18631,-0.288633
170,4.10217,3.52361,-0.885793
170,4.96211,2.20512,-0.260636
170,4.03987,3.93781,-0.276615
170,5.12005,2.28442,0.492983
170,4.17119,3.49257,-0.857811
170,4.22655,3.62036,-0.425042
170,4.19423,3.49658,-0.867049
170,4.2102,3.50663,-0.884516
170,4.89249,2.87875,0.469761
170,4.27824,3.67321,-0.4698
170,4.83327,2.88486,0.062959
170,4.80498,2.77001,-0.600987
170,4.92363,2.88815,-0.0324107
170,4.9038,2.83539,-0.632521
170,5.00046,3.19272,0.369876
170,5.0147,2.87217,-0.67496
170,4.95978,3.33491,-0.106868
170,4.91123,3.61956,0.0478085
170,5.31506,3.43229,1.33286
170,5.03433,3.61143,0.467261
170,5.00723,3.62351,0.285834
170,5.01272,3.7014,0.354792
170,5.0312,3.71137,0.459276
170,5.03239,3.71266,0.437989
170,4.89763,3.76163,-0.0506546
170,5.02183,3.7076,0.350313
170,4.98859,3.77071,0.350279
170,5.0523,3.67006,0.363834
170,5.11832,3.61978,0.453603
170,5.10499,3.63348,0.39347
170,5.07924,3.64396,0.271019
170,5.0749,3.68019,0.275664
170,5.0796,3.69594,0.285314
170,4.97104,3.78901,0.0273088
170,5.15868,3.4602,0.0622866
170,5.15966,3.64705,0.436847
170,5.14692,3.51682,0.00497639
170,5.04175,3.82736,0.260725
170,5.04895,3.81499,0.253404
170,4.928,3.91708,-0.105042
170,5.15899,3.50444,-0.143548
170,5.22519,3.62646,0.433669
170,5.09339,3.80296,0.194881
170,5.22484,3.49958,-0.00458038
170,5.09749,3.81583,0.145774
170,5.10852,3.85931,0.13452
170,5.13505,3.83282,0.133138
170,5.08704,3.96006,0.0368578
170,4.00901,2.47852,0.143619
168,4.00901,2.47852,0.143619
170,4.45107,1.67558,-0.110056
168,4.45107,1.67558,-0.110056
170,5.0337,2.21696,0.241696
166,5.0337,2.21696,0.241696
171,4.94528,1.52344,1.13635
171,4.8002,1.32263,-0.321803
171,4.82083,1.32581,-0.304746
171,4.86996,1.59012,0.393992
171,3.49766,3.54043,-0.319749
171,3.4753,3.59404,-0.283081
171,4.82929,1.58801,0.124077
171,3.52566,3.51603,-0.323323
171,4.88431,1.90075,1.09186
171,4.9284,1.89082,1.20097
171,4.87495,1.7236,0.409608
171,5.09145,1.6549,1.14879
171,4.80179,1.59521,-0.272543
171,4.91044,1.75142,0.40994
171,5.11037,1.73512,1.15521
171,5.13436,1.74948,1.29358
171,3.57732,3.56773,-0.516858
171,4.93076,1.88172,0.685166
171,4.84674,2.1875,1.0212
171,3.64165,3.63952,-0.544315
171,3.58977,3.97214,-0.239353
171,3.56882,3.69246,-1.20577
171,3.68065,4.1711,-0.353539
171,3.97159,3.80819,-0.324551
171,4.99331,2.18981,-0.293422
171,4.77631,2.82593,0.476877
171,4.99806,2.19213,-0.275994
171,3.96358,3.82728,-0.3277
171,4.77063,2.84325,0.476616
171,3.96935,3.82138,-0.337286
171,4.81444,2.81276,0.490754
171,4.00308,3.70621,-0.64062
171,3.99498,3.73139,-0.650666
171,4.82107,2.86059,0.212442
171,5.10089,2.23789,-0.310197
171,4.19315,3.52214,-0.854934
171,4.82434,2.87961,0.0776249
171,4.13013,3.97908,-0.303773
171,4.92131,2.93803,0.0518249
171,4.32343,3.71679,-0.484482
171,4.35332,3.68749,-0.478601
171,4.19221,4.00911,-0.325575
171,4.90217,3.23847,0.376394
171,4.87505,3.3632,0.0548802
171,5.08034,3.22232,0.347614
171,5.09153,3.23491,0.348134
171,4.93354,3.38857,0.0448175
171,4.98822,3.44883,0.0421808
171,4.8036,3.76294,-0.0323204
171,4.97542,3.68005,0.453324
171,4.8485,3.72314,-0.0353906
171,5.05244,3.60765,0.465919
171,4.95092,3.73488,0.365406
171,5.05923,3.61214,0.377509
171,5.01246,3.68795,0.289104
171,5.12075,3.66811,0.448478
171,5.14221,3.48224,0.0204612
171,4.83471,3.61061,-1.02523
171,5.23427,3.57428,0.518778
171,5.07758,3.83981,0.260532
171,5.14087,3.91605,0.527316
171,5.37634,3.54714,0.532282
171,4.92818,4.0603,-0.0883955
171,5.42036,3.57249,0.593606
171,5.02245,4.08313,-0.0396848
171,5.68171,3.79913,0.616422
172,2.67006,3.38437,-0.683807
172,4.91986,1.9447,1.24108
172,4.82441,1.61415,-0.288396
172,4.9647,1.94597,1.25475
172,4.82639,1.61026,-0.335468
172,4.90923,1.89788,0.688895
172,3.49884,3.54177,-0.323732
172,3.54057,3.51599,-0.329924
172,4.89806,2.25709,1.43297
172,3.52743,3.74563,-0.591869
172,3.53038,3.75534,-0.589826
172,3.58344,3.79476,-0.535212
172,3.58418,3.80299,-0.587622
172,3.59521,3.81223,-0.54953
172,3.6922,3.66863,-0.574321
172,3.62906,3.95028,-0.280464
172,3.63018,3.95193,-0.288212
172,3.59386,3.9055,-0.579611
172,3.61511,3.92398,-0.600955
172,3.6448,3.93779,-0.617316
172,4.7404,2.81832,0.553616
172,3.96081,3.39749,-1.20752
172,3.69357,4.11125,-0.276137
172,4.08646,3.55751,-0.386048
172,4.04174,3.66461,-0.347193
172,4.79189,2.89851,0.470142
172,3.67428,3.99268,-1.05592
172,3.69827,4.18686,-0.379964
172,3.68755,4.10051,-0.715136
172,3.99927,3.69796,-0.6566
172,4.85316,2.85569,0.215912
172,4.01256,3.7514,-0.660524
172,4.94393,2.90227,0.557858
172,4.20261,3.46477,-0.894036
172,4.20952,3.54417,-0.882468
172,4.91973,2.93938,0.148625
172,4.95673,2.90896,0.0386558
172,4.12065,3.97573,-0.325046
172,4.91778,2.99299,0.0495728
172,4.13182,4.06722,-0.311125
172,4.57937,3.27458,-0.943355
172,4.37417,3.75812,-0.498971
172,5.3722,2.46595,-0.336045
172,4.73805,3.54756,0.00725824
172,4.98247,3.22814,0.0398584
172,5.27833,3.39369,1.53833
172,4.9305,3.64862,0.439008
172,4.90543,3.66749,0.380276
172,4.91839,3.67634,0.438651
172,5.05839,3.55152,0.435361
172,4.97251,3.71957,0.359862
172,5.01075,3.6402,0.27296
172,5.06685,3.7289,0.501023
172,5.05182,3.84292,0.257667
172,5.42981,3.55353,0.604477
172,5.02737,3.95007,0.0723122
173,2.63639,3.34938,-0.679336
173,2.64962,3.36608,-0.687425
173,2.55534,3.54686,-0.610659
173,2.58999,3.51792,-0.613929
173,2.72651,3.59059,-0.133358
173,2.5992,3.60988,-0.631687
173,2.7516,3.5894,-0.117178
173,2.74744,3.61173,-0.134464
173,2.7402,3.48701,-0.634622
173,2.77784,3.60097,-0.114111
173,2.76255,3.52904,-0.647564
173,3.38997,3.48102,-0.327979
173,3.42772,3.48478,-0.290985
173,3.43194,3.48062,-0.298758
173,3.40197,3.5509,-0.256184
173,3.40493,3.55177,-0.247003
173,3.44724,3.48873,-0.311028
173,3.39877,3.558,-0.258786
173,3.39112,3.57074,-0.246292
173,3.42297,3.54726,-0.263385
173,3.45424,3.46654,-0.469023
173,3.49236,3.48197,-0.319132
173,3.41136,3.58737,-0.261121
173,3.41265,3.58832,-0.264932
173,3.4061,3.63822,-0.270162
173,3.47664,3.50476,-0.482333
173,3.46362,3.58029,-0.271429
173,3.51377,3.52342,-0.434673
173,3.54049,3.52504,-0.348459
173,3.44627,3.66462,-0.506595
173,3.48687,3.67953,-0.534086
173,3.50423,3.70076,-0.567804
173,3.50927,3.72411,-0.501073
173,3.55092,3.74631,-0.590012
173,3.54911,3.86427,-0.245136
173,3.53873,3.88802,-0.201157
173,3.52532,3.81264,-0.541503
173,3.53729,3.87445,-0.559628
173,3.7838,3.7078,-0.29159
173,3.54992,4.01204,-0.217938
173,3.85283,3.52483,-1.06042
173,3.61304,4.00893,-0.28371
173,3.59191,4.05034,-0.240543
173,4.85529,2.89283,0.46167
173,3.61966,4.05382,-0.246673
173,4.87546,2.8853,0.413368
173,3.58857,3.9214,-0.988693
173,3.67626,4.05594,-0.265834
173,4.90611,2.88628,0.213814
173,3.6401,4.12665,-0.326617
173,3.6395,4.04141,-0.680137
173,3.93765,3.73847,-0.632392
173,3.6446,4.13647,-0.3421
173,3.96296,3.72507,-0.636027
173,4.15196,3.47758,-0.844677
173,4.17312,3.59175,-0.420234
173,4.20101,3.46694,-0.857018
173,3.68351,4.19542,-0.36143
173,4.31297,3.39759,-0.855466
173,4.2317,3.48259,-0.86763
173,4.06639,3.73575,-0.678015
173,4.927,2.84226,-0.656237
173,4.28545,3.48794,-0.885857
173,4.88958,3.21399,0.375846
173,3.70188,4.29659,-0.372865
173,4.6294,3.41532,0.0114649
173,4.31434,3.63631,-0.477618
173,4.92552,2.85411,-1.15697
173,4.96047,3.24835,0.355586
173,4.18301,4.00937,-0.334064
173,4.17433,4.02006,-0.342704
173,4.19027,4.01567,-0.345095
173,4.21307,3.9989,-0.346708
173,4.17123,4.08725,-0.325981
173,4.65623,3.44032,-0.943612
173,4.81309,3.57147,0.071325
173,4.86712,3.55578,0.0664077
173,4.87397,3.59215,0.0590335
173,4.8767,3.69453,0.365395
173,4.88303,3.70719,0.376012
173,4.94384,3.66197,0.365672
173,4.79268,3.7551,-0.017711
173,4.99683,3.64361,0.334153
173,5.08944,3.47944,0.0338864
173,4.95909,3.74765,0.382711
173,5.12565,3.59813,0.443823
173,5.44929,3.52095,1.35804
173,5.02353,3.71379,0.348638
173,5.10019,3.65521,0.325884
173,5.46308,3.55322,1.33869
173,5.06937,3.74548,0.449817
173,5.20449,3.53287,0.0996405
173,4.99731,3.81876,0.291373
173,5.1748,3.64195,0.324132
173,5.01286,3.80736,0.273009
173,4.86615,3.89094,-0.0728916
173,5.15457,3.69062,0.322823
173,5.08258,3.75879,0.2051
173,5.09946,3.72249,0.0939178
173,5.21294,3.68686,0.390717
173,5.06985,3.80076,0.190626
173,5.18165,3.87481,0.530105
173,5.03003,3.89619,-0.0730919
173,4.50232,4.40733,-0.369936
173,4.9794,4.00767,0.00723964
173,5.22821,3.9099,0.526841
173,5.22623,3.93038,0.532502
173,5.03654,3.9621,-0.135717
173,5.03224,3.9918,-0.111425
173,5.01629,4.06779,-0.0458018
173,4.15511,3.50756,-0.409278
171,4.15511,3.50756,-0.409278
174,2.08735,3.73727,-0.104069
174,2.10636,3.8017,-0.116429
174,2.20053,3.79849,-0.145341
174,2.52338,3.53704,-0.576147
174,2.10011,4.00028,-0.188877
174,2.5637,3.55401,-0.616422
174,2.59532,3.56361,-0.62001
174,2.74838,3.58112,-0.107468
174,2.73505,3.5168,-0.637787
174,2.1117,4.33796,-0.331374
174,2.13293,4.38275,-0.294721
174,3.42997,3.50837,-0.254891
174,2.27203,4.7395,0.798879
174,3.4964,3.51423,-0.408684
174,3.56642,3.52562,-0.347492
174,2.21594,4.75093,-0.0573278
174,3.45441,3.69545,-0.543049
174,3.50369,3.82467,-0.225585
174,3.72297,3.59084,-0.520228
174,3.66754,4.05703,-0.304029
174,4.21928,3.52762,-0.872463
174,4.60125,3.18505,-1.20985
174,5.03737,3.25375,0.358278
174,4.33231,3.67448,-0.48176
174,3.67647,4.16741,-0.908521
174,4.67422,3.32377,-0.994487
174,4.63653,3.455,-0.938308
174,4.41104,3.74075,-0.494184
174,4.95932,3.6828,0.365042
174,5.15774,3.61218,0.443867
174,5.11123,3.73709,0.0499913
174,5.12675,3.74798,0.0837837
174,5.08357,3.84444,0.240766
174,5.16647,3.83062,0.0803565
175,2.05832,3.51976,-0.615116
175,1.72351,3.93848,-0.157224
175,2.14707,3.82748,-0.130706
175,2.19966,3.79345,-0.152134
175,2.23295,3.86167,-0.178318
175,2.71608,3.50305,-0.619141
175,2.13841,4.29769,-0.341546
175,2.23197,4.65158,0.807345
175,2.16426,4.54134,-0.3571
175,3.58603,3.59089,-0.51673
175,2.07827,4.78462,-0.0690241
175,2.07323,4.77987,-0.125149
175,3.47169,3.68781,-0.547647
175,2.20744,4.68619,-0.215491
175,3.53332,3.85961,-0.558473
175,3.61353,4.08458,-0.250781
175,3.63572,4.07667,-0.252858
175,4.04608,3.74896,-0.679738
175,4.08232,3.74004,-0.676389
175,4.2935,3.6558,-0.456564
175,4.00187,3.88783,-0.365516
175,3.63003,4.17478,-0.313207
175,3.67861,4.14912,-0.343426
175,3.64488,4.24172,-0.297531
175,4.22086,4.07056,-0.349889
175,4.95152,3.71707,0.174795
175,5.15118,3.80083,0.44004
176,1.71221,3.83645,-0.130947
176,1.69386,3.85367,-0.144896
176,1.69108,3.87248,-0.15651
176,1.72132,3.86852,-0.145063
176,1.84761,3.98613,-0.220145
176,2.54651,3.5947,-0.606904
176,2.58851,3.57013,-0.623556
176,2.71506,3.59596,-0.1139
176,1.86598,4.04931,-0.236607
176,2.72204,3.60111,-0.117738
176,1.89105,4.10152,-0.249145
176,2.26645,3.92546,-0.205678
176,2.2276,4.01627,-0.202557
176,2.23431,4.14239,-0.242493
176,3.41828,3.59169,-0.260116
176,3.45487,3.58161,-0.278192
176,3.45023,3.59612,-0.418843
176,1.78528,4.54505,-0.313684
176,3.42485,3.65528,-0.456818
176,2.12289,4.39524,-0.353211
176,2.12752,4.40388,-0.300843
176,2.15413,4.39789,-0.303425
176,2.15064,4.39185,-0.35691
176,2.19394,4.5708,0.806963
176,3.59939,3.60668,-0.520488
176,3.46942,3.68661,-0.508723
176,2.25199,4.58003,0.789002
176,2.22151,4.63744,0.80976
176,1.3733,5.05166,0.435105
176,1.44801,4.92453,-0.312436
176,1.70102,4.81831,-0.264468
176,1.48221,5.05833,0.45709
176,1.87781,4.84507,0.309138
176,1.82123,4.87321,0.286263
176,3.48155,3.82246,-0.522992
176,1.8161,4.86541,0.201956
176,2.2496,4.72992,0.802091
176,2.19319,4.61721,-0.370481
176,1.85305,4.92001,0.291884
176,2.13232,4.69351,-0.177201
176,1.83458,4.9377,0.189939
176,2.06808,4.82567,-0.0771418
176,2.23762,4.76519,-0.0418841
176,2.25142,4.78246,-0.054564
176,2.11935,4.8669,-0.0917658
176,2.10541,4.88829,-0.0981274
176,2.13966,4.87548,-0.149136
176,2.22515,4.85324,-0.0657815
176,2.1472,4.88644,-0.166766
176,2.26448,4.83973,-0.0639539
176,2.21329,4.87904,-0.0660459
176,3.64787,4.12904,-0.256042
176,3.69782,4.10637,-0.310068
176,3.65257,4.17061,-0.328771
176,3.70859,4.18379,-0.35811
176,3.45838,3.55192,-0.354638
174,3.45838,3.55192,-0.354638
177,1.42461,3.60578,-0.632783
177,2.42668,3.45562,-0.520357
177,2.47486,3.45823,-0.548338
177,2.44271,3.47857,-0.537685
177,2.43339,3.4835,-0.543376
177,1.66841,4.06658,-0.217791
177,1.87832,4.10308,-0.26465
177,1.72646,4.22281,-0.285989
177,1.35025,4.59518,0.574199
177,2.03158,4.24751,-0.236546
177,0.997289,4.70853,0.116908
177,1.36835,4.51908,-0.358976
177,1.32691,4.53381,-0.360199
177,1.33387,4.53161,-0.37546
177,1.3871,4.54249,-0.382834
177,1.34057,4.57792,-0.362814
177,2.12619,4.54498,0.778309
177,1.38165,4.64307,-0.218678
177,2.10622,4.53432,0.438442
177,2.11548,4.53629,0.44389
177,1.43983,4.65569,-0.198491
177,1.83274,4.50971,-0.399428
177,2.17981,4.72686,0.753934
177,2.03836,4.62407,-0.0401299
177,1.48471,4.91798,0.486259
177,2.44603,4.4571,-0.363845
177,2.04864,4.65689,-0.0467806
177,1.03324,4.92385,-0.464055
177,2.21012,4.7653,0.753618
177,1.03883,4.94815,-0.431952
177,1.01584,4.9832,-0.351088
177,2.04694,4.69377,-0.0434216
177,1.80112,4.83848,0.189929
177,2.02746,4.71974,-0.0593677
177,1.39161,5.03505,0.392536
177,2.0078,4.73567,-0.0620074
177,1.49131,5.01653,0.449347
177,0.99458,5.18783,0.408126
177,1.81602,4.86834,0.192731
177,1.84541,4.88602,0.287849
177,1.82277,4.87863,0.199771
177,2.33091,4.83016,0.802473
177,2.32674,4.85633,0.811828
177,1.21799,5.16912,0.465928
177,3.60506,4.20684,-0.280034
177,3.67402,4.1715,-0.351683
177,1.79295,4.797,-0.49849
177,2.35023,4.87465,0.828153
177,1.85986,4.94344,0.29624
177,2.25276,4.89826,0.722149
177,0.690935,5.22648,-0.338191
177,1.84038,4.94089,0.150663
177,1.89298,4.96954,0.301321
177,1.89043,4.97757,0.298628
177,1.78311,4.85684,-0.511118
177,1.89405,4.99125,0.29437
177,2.39707,4.93219,0.82905
177,1.26964,5.27162,0.457526
177,3.88105,4.27903,-0.350046
177,1.28386,5.33126,0.447108
177,3.89277,4.29341,-0.328526
177,1.30619,5.33671,0.450788
177,2.29246,4.89528,-0.0887317
177,1.31082,5.36569,0.448233
177,1.72833,5.07037,-0.33881
177,1.75729,5.07716,-0.333857
177,0.932869,5.52956,0.437045
177,1.24537,5.52837,0.564197
177,1.3219,5.64914,-0.121031
178,1.86972,3.24706,-0.485438
178,0.952615,3.54269,-0.554697
178,0.965337,3.5918,-0.583087
178,1.44183,3.59947,-0.656224
178,1.41165,3.61871,-0.644679
178,2.01827,3.47169,-0.639294
178,1.27908,3.8563,-0.173994
178,1.60511,3.95857,-0.1925
178,1.62043,3.9885,-0.206214
178,1.80403,4.09559,-0.227799
178,1.81403,4.10474,-0.248973
178,1.99071,4.21142,-0.252713
178,1.99547,4.22448,-0.235036
178,1.99063,4.23008,-0.240331
178,2.06523,4.21383,-0.303518
178,2.06435,4.38805,-0.297706
178,1.86295,4.5434,-0.401144
178,1.43711,4.72011,-0.214847
178,0.385344,5.04015,-0.207215
178,1.46666,4.89538,0.486988
178,1.40895,4.89947,0.374998
178,1.40187,4.84858,0.129326
178,1.08773,4.80737,-0.470928
178,2.10544,4.63138,-0.00694466
178,1.4612,4.92152,0.475857
178,0.44138,5.08269,-0.103473
178,1.12325,5.02625,0.500713
178,1.37111,4.94266,0.393057
178,1.778,4.8157,0.302528
178,1.04315,4.86489,-0.444351
178,1.02969,4.87397,-0.440306
178,1.02544,4.87962,-0.468754
178,1.42612,4.95582,0.370513
178,2.13836,4.67594,-0.0208072
178,2.04708,4.69886,-0.0491568
178,1.06855,5.08894,0.468125
178,2.059,4.68189,-0.117308
178,1.37588,4.98795,0.380913
178,1.77818,4.86493,0.301225
178,2.14655,4.67862,-0.0912653
178,1.05992,5.10987,0.477381
178,1.77808,4.85891,0.253296
178,2.06488,4.71229,-0.053037
178,1.77751,4.84854,0.181429
178,2.06731,4.70308,-0.108652
178,1.50049,4.99738,0.480293
178,2.34562,4.83445,0.813467
178,2.14872,4.70852,-0.0233249
178,1.80988,4.87171,0.201602
178,1.40503,4.97299,0.129879
178,1.226,5.10784,0.467018
178,1.01915,4.98887,-0.350483
178,0.979777,5.15605,0.337221
178,1.84212,4.89951,0.271041
178,1.47439,5.04403,0.442574
178,1.83167,4.89316,0.193536
178,1.82316,4.8934,0.183551
178,2.16923,4.73333,-0.108355
178,2.34093,4.89028,0.812839
178,2.52704,4.56623,-0.423852
178,2.04209,4.78114,-0.121583
178,0.995986,5.18293,0.347646
178,1.85041,4.93931,0.290129
178,2.20265,4.76805,-0.107068
178,1.74678,4.81898,-0.49019
178,1.40067,5.1127,0.395941
178,2.06414,4.84148,-0.083914
178,2.06463,4.85022,-0.0860227
178,2.26459,4.80852,-0.0535691
178,1.81752,4.83646,-0.523435
178,2.28106,4.81669,-0.0460446
178,2.25769,4.82743,-0.0545812
178,1.43488,5.1113,0.101658
178,1.42343,5.18122,0.388529
178,2.26543,4.83327,-0.13488
178,2.58724,4.67895,-0.446444
178,2.08444,4.89657,-0.15865
178,1.43636,5.17099,0.244055
178,2.64558,4.66936,-0.495438
178,1.28157,5.26892,0.452769
178,2.29369,4.85851,-0.144908
178,0.599739,5.33291,-0.330995
178,1.22686,5.2222,-0.056315
178,1.76939,5.02947,-0.308813
178,1.45143,5.24167,0.230068
178,1.01778,5.40232,0.391253
178,1.74886,5.0467,-0.325803
178,2.33357,4.93279,-0.230578
178,1.44884,5.29421,0.244613
178,1.31667,5.38531,0.411964
178,2.34755,4.99576,-0.25874
178,1.35393,5.42001,0.396309
178,2.35684,5.0002,-0.266787
178,1.23495,5.64595,0.58771
178,1.29457,6.06634,0.626702
178,0.586514,7.29168,0.573139
179,1.84184,3.10895,-0.489127
179,0.95264,3.50058,-0.530816
179,0.961138,3.58296,-0.579034
179,1.49663,3.45096,-0.675207
179,1.23463,3.6592,-0.104094
179,1.46152,3.6267,-0.658143
179,1.70518,4.08088,-0.230209
179,1.83839,4.08531,-0.248451
179,1.83732,4.18277,-0.251806
179,2.13862,4.27375,-0.339459
179,1.34849,4.50178,-0.364463
179,1.83635,4.45096,-0.389418
179,1.4122,4.77192,0.489074
179,1.86489,4.52661,-0.393859
179,1.88348,4.55907,-0.416288
179,1.47954,4.87724,0.490513
179,2.09707,4.62782,-0.000380695
179,1.48515,4.89269,0.48753
179,2.09511,4.64832,-0.0169411
179,0.419396,5.21851,0.802159
179,2.13771,4.64457,-0.0169652
179,1.05947,4.79128,-0.419793
179,1.13564,4.89929,0.0462478
179,0.335822,5.00879,-0.382167
179,1.83727,4.85349,0.302564
179,0.248471,5.02834,-0.44593
179,1.48755,4.97371,0.466572
179,2.07133,4.72353,-0.0632616
179,1.84282,4.86395,0.282053
179,2.08746,4.71576,-0.119711
179,1.84472,4.8568,0.209476
179,1.14382,4.97208,0.027891
179,1.84859,4.86807,0.197948
179,1.24079,5.07361,0.470862
179,1.52982,5.01331,0.479307
179,1.43821,5.01508,0.324794
179,1.85822,4.92179,0.285922
179,1.88091,4.90813,0.190939
179,1.24944,5.12174,0.472762
179,1.88823,4.93945,0.299424
179,1.00037,5.17081,0.334819
179,1.16412,5.0743,0.000994265
179,0.982758,5.2024,0.323884
179,1.00465,5.21363,0.384176
179,1.40419,5.11465,0.28831
179,1.42627,5.13994,0.394888
179,1.25521,5.19582,0.459234
179,1.43538,5.12118,0.300988
179,2.09664,4.87882,-0.162739
179,1.85037,4.86267,-0.533598
179,2.29811,4.87484,-0.0805274
179,1.01098,5.2744,0.386098
179,0.705257,5.17603,-0.328447
179,0.716203,5.18521,-0.316693
179,2.11257,4.9271,-0.11443
179,0.722373,5.18673,-0.332179
179,1.84676,4.89654,-0.545731
179,1.33579,5.25924,0.454983
179,1.32929,5.26856,0.460511
179,2.34458,4.9151,-0.0860395
179,0.909068,5.36757,0.453171
179,1.80784,4.93112,-0.563394
179,0.622724,5.25986,-0.327838
179,1.33998,5.30838,0.44806
179,1.36367,5.35191,0.444321
179,1.77853,5.10515,-0.338159
179,0.95379,5.49773,0.433122
179,0.945574,5.5058,0.427866
179,0.622916,5.66484,0.656442
179,0.963114,5.58038,0.447636
179,0.997353,5.67897,0.426808
180,0.978778,3.45063,-0.661283
180,1.01245,3.4582,-0.667657
180,0.990277,3.48172,-0.695071
180,1.04819,3.51072,-0.561202
180,0.472054,3.74198,-0.576161
180,0.460707,3.74128,-0.58504
180,1.37409,3.76272,-0.161265
180,1.5822,3.61824,-0.690007
180,0.921714,3.90547,-0.149998
180,0.87234,3.93345,-0.150843
180,0.847207,3.9445,-0.154765
180,0.489021,3.85359,-0.792236
180,0.495829,3.86397,-0.786594
180,0.478725,3.87863,-0.807669
180,0.719329,4.24248,-0.241483
180,-0.040718,4.20856,-0.715389
180,1.88728,4.15945,-0.271321
180,2.09894,4.26646,-0.339182
180,1.11539,4.66383,-0.402968
180,1.53021,4.88166,0.459056
180,1.144,4.70787,-0.405813
180,2.22328,4.68264,-0.0429298
180,1.15961,4.71654,-0.45807
180,1.13673,4.72587,-0.432405
180,1.56906,4.91903,0.442718
180,1.58595,4.93329,0.455392
180,1.91739,4.8558,0.29332
180,1.5539,4.93825,0.440373
180,0.702278,4.82933,-0.409902
180,2.25601,4.74899,-0.0643064
180,0.53235,5.1715,0.788688
180,1.93396,4.86051,0.175277
180,1.18448,4.90864,0.0183511
180,1.51168,5.00929,0.520853
180,1.20138,4.93388,0.0417739
180,1.95756,4.90615,0.248773
180,1.18346,4.94488,0.00567865
180,0.684674,4.90463,-0.415068
180,1.05231,5.01233,0.157212
180,1.53077,4.99622,0.302296
180,0.528661,5.25756,0.784755
180,0.693715,4.94806,-0.421019
180,1.52134,5.09401,0.386501
180,1.10928,5.09512,0.177476
180,1.05246,5.13411,0.283204
180,1.08267,5.14909,0.324039
180,2.40192,4.88947,-0.0934241
180,0.505713,5.07247,-0.255134
180,1.07559,5.15225,0.305502
180,0.417743,5.03991,-0.451203
180,1.3851,5.18505,0.423485
180,1.08264,5.19341,0.312598
180,0.533662,5.14632,-0.117714
180,2.37407,4.89191,-0.277261
180,0.432366,5.09824,-0.448947
180,0.442708,5.10209,-0.450203
180,0.798201,5.09643,-0.33503
180,0.331708,5.12385,-0.488894
180,0.433225,5.12698,-0.435918
180,0.563544,5.18696,-0.158689
180,0.718044,5.13621,-0.303572
180,0.5289,5.20193,-0.160367
180,1.43073,5.26592,0.433514
180,0.687807,5.15955,-0.31043
180,1.29357,5.16034,-0.039914
180,1.85486,5.02486,-0.332808
180,0.804335,5.15648,-0.33141
180,1.44385,5.2698,0.382213
180,1.09518,5.31073,0.348365
180,0.826459,5.16522,-0.333862
180,0.480889,5.22555,-0.262783
180,0.481053,5.22039,-0.283863
180,0.818389,5.17438,-0.341112
180,1.90277,5.04203,-0.367846
180,0.701489,5.44141,0.622794
180,0.725928,5.44193,0.602814
180,0.544336,5.269,-0.161012
180,1.47023,5.30774,0.382404
180,0.482823,5.25874,-0.28431
180,1.9686,5.00493,-0.615129
180,0.544193,5.28353,-0.187068
180,0.715466,5.22725,-0.3297
180,1.20731,5.37215,0.42661
180,1.92229,5.07935,-0.390489
180,0.556622,5.33213,-0.194341
180,1.05687,5.45065,0.415403
180,0.546625,5.81783,0.570572
180,0.718236,5.90473,0.595135
180,-0.443208,6.44413,1.22456
180,1.18366,5.09064,0.445409
178,1.18366,5.09064,0.445409
180,2.40322,4.92925,-0.291635
178,2.40322,4.92925,-0.291635
180,1.1817,5.42758,-0.047819
177,1.1817,5.42758,-0.047819
181,1.05737,3.52539,-0.578496
181,0.486266,3.74637,-0.63436
181,1.32201,3.8184,-0.172366
181,1.12687,3.86376,-0.158346
181,0.846198,3.89295,-0.136917
181,-0.139546,3.98704,-0.740445
181,-0.190195,4.13559,-0.537756
181,1.27783,4.15958,-0.274011
181,-0.0416859,4.17972,-0.715028
181,1.94783,4.24326,-0.292737
181,-0.0116931,4.27524,-0.737275
181,1.32689,4.31576,-0.341637
181,1.99438,4.28036,-0.328401
181,1.46323,4.50257,-0.370265
181,2.37429,4.7459,0.77896
181,1.18439,4.51802,-0.391957
181,1.4386,4.52075,-0.348867
181,1.52321,4.6904,-0.229804
181,1.51107,4.69473,-0.265356
181,1.57029,4.89204,0.442482
181,1.95059,4.87339,0.255111
181,1.5906,4.95044,0.439346
181,1.2481,4.99348,0.480995
181,1.13326,4.78191,-0.416079
181,1.17323,4.77968,-0.414572
181,1.17431,5.01951,0.458021
181,0.666721,4.84607,-0.387392
181,1.13136,4.84982,-0.318416
181,1.52598,5.0266,0.400211
181,1.52922,5.01904,0.286645
181,0.382367,4.92438,-0.435665
181,1.16141,5.11553,0.448551
181,1.07214,5.06153,0.122429
181,1.53729,5.10541,0.38177
181,1.34571,5.16069,0.448558
181,1.15568,4.9666,-0.347912
181,1.53908,5.04243,0.00901455
181,0.398732,5.00239,-0.458708
181,0.384787,5.00352,-0.463039
181,1.54192,5.08308,0.0899948
181,1.10316,5.17756,0.313615
181,1.09443,5.13782,0.116641
181,1.09404,5.19974,0.306983
181,1.86184,4.99548,-0.316794
181,1.38184,5.2216,0.414425
181,0.488166,5.06822,-0.432678
181,1.02844,5.26939,0.39821
181,1.54695,5.15671,0.0723281
181,1.43142,5.26319,0.398927
181,1.10093,5.27495,0.357405
181,1.91765,5.0383,-0.366445
181,1.04947,5.31372,0.424444
181,0.45186,5.17115,-0.270561
181,0.429605,5.13131,-0.432531
181,0.817715,5.14639,-0.347564
181,1.03508,5.33723,0.417433
181,1.99674,5.019,-0.557258
181,0.537378,5.21968,-0.168904
181,1.97001,5.01805,-0.599042
181,0.481207,5.20904,-0.277574
181,0.739914,5.1957,-0.309031
181,1.93424,5.09846,-0.381101
181,0.513712,5.26014,-0.17284
181,0.547681,5.27332,-0.179177
181,0.875753,5.2037,-0.39113
181,1.48443,5.24827,-0.0745414
181,0.502516,5.25596,-0.303711
181,0.552566,5.29857,-0.176086
181,0.732329,5.51501,0.645419
181,1.09084,5.47025,0.428289
181,1.69904,5.55168,-0.222379
181,-0.544065,5.7353,-0.338494
181,1.1899,5.92643,0.465423
181,1.78499,5.85211,-0.290912
181,-0.365386,6.31902,-0.231708
181,-0.36961,6.31173,-0.45519
181,-0.37184,6.31987,-0.485743
181,-0.40226,6.45318,-0.513972
181,1.25894,5.25912,-0.619626
179,1.25894,5.25912,-0.619626
181,0.999824,4.96904,0.461816
179,0.999824,4.96904,0.461816
181,0.989729,5.12759,0.453275
179,0.989729,5.12759,0.453275
181,1.54932,5.19462,0.263457
179,1.54932,5.19462,0.263457
181,1.62556,5.51852,0.146353
178,1.62556,5.51852,0.146353
182,1.02654,3.46004,-0.68242
182,1.04716,3.53072,-0.583977
182,1.08729,3.53346,-0.584257
182,1.56298,3.60313,-0.680173
182,0.446666,3.73949,-0.568784
182,0.407337,3.76778,-0.723711
182,0.573059,3.80042,-0.642455
182,0.504476,3.77401,-0.751289
182,-0.344139,3.90601,-0.615361
182,1.28273,4.06199,-0.246586
182,-0.280965,4.12291,-0.313485
182,-0.215206,4.13472,-0.365919
182,-0.0242426,4.15447,-0.679666
182,0.000330746,4.17495,-0.689173
182,-0.0392299,4.18107,-0.72204
182,1.97702,4.25673,-0.306285
182,-0.0325476,4.19752,-0.711319
182,-0.437086,4.33427,-0.293166
182,-0.013779,4.24635,-0.731744
182,1.33638,4.47366,-0.386343
182,1.42617,4.49561,-0.344161
182,2.19888,4.6328,-0.0299797
182,1.47513,4.64019,-0.249311
182,1.52323,4.6563,-0.22855
182,1.10819,4.66196,-0.382639
182,1.14604,4.69201,-0.391891
182,1.93058,4.84057,0.172544
182,1.13617,4.70239,-0.419028
182,1.95341,4.87154,0.263312
182,0.698047,4.72568,-0.3716
182,1.57392,4.94153,0.440155
182,1.13763,4.76077,-0.401181
182,1.15832,4.76129,-0.409009
182,1.13868,4.76292,-0.410324
182,1.60354,4.99477,0.438015
182,2.00211,4.77039,-0.536283
182,0.684676,4.85575,-0.369025
182,0.333475,4.8647,-0.385218
182,1.17505,5.09186,0.459275
182,0.697316,4.89402,-0.40791
182,1.51928,5.09262,0.380884
182,0.518066,5.24854,0.799106
182,1.36018,5.15122,0.443831
182,1.53378,5.13336,0.380809
182,1.0938,5.18382,0.307785
182,1.55017,5.17006,0.265722
182,1.10528,5.19545,0.310263
182,1.12414,5.24361,0.377451
182,1.40645,5.25503,0.412836
182,1.09884,5.24783,0.359183
182,0.436134,5.05241,-0.421219
182,1.04832,5.26536,0.397691
182,0.440217,5.10053,-0.263687
182,1.20335,5.28099,0.427796
182,0.501728,5.14315,-0.273114
182,1.04936,5.32176,0.422081
182,1.0531,5.32845,0.432359
182,0.458402,5.16335,-0.245755
182,1.0719,5.34302,0.449726
182,1.05583,5.33537,0.416706
182,0.530666,5.20483,-0.162375
182,0.721854,5.40388,0.598833
182,0.466541,5.18654,-0.260986
182,1.33199,5.22676,-0.0583325
182,0.765573,5.17177,-0.328322
182,0.722316,5.42535,0.609769
182,0.529815,5.23937,-0.144588
182,0.48354,5.21351,-0.271417
182,0.740253,5.20097,-0.315427
182,1.48603,5.38085,0.374463
182,0.741007,5.46751,0.644713
182,0.46538,5.23659,-0.278357
182,0.560485,5.26554,-0.171981
182,0.534918,5.27273,-0.181705
182,0.550696,5.28212,-0.171947
182,0.747493,5.26769,-0.340675
182,0.73679,6.02871,0.606119
182,-0.300895,6.03493,-0.162178
182,-0.32445,6.03746,-0.320093
182,-0.308293,6.06784,-0.394693
182,-0.329777,6.17388,-0.18716
182,-0.348728,6.17106,-0.200485
182,-0.35574,6.31007,-0.502213
182,-0.394587,6.4146,-0.529937
183,1.0253,3.465,-0.674626
183,1.0534,3.53244,-0.572904
183,1.54125,3.56704,-0.628678
183,0.456779,3.74299,-0.576181
183,0.484764,3.75958,-0.647708
183,0.528299,3.75188,-0.721277
183,0.396395,3.77389,-0.719067
183,0.56052,3.82598,-0.653815
183,-0.440385,3.9014,-0.646474
183,-0.518107,3.94187,-0.495546
183,-0.123725,3.90617,-0.70911
183,0.667346,4.08827,-0.177954
183,-0.125903,3.95245,-0.705003
183,-0.197196,4.09522,-0.360838
183,-0.251159,4.11369,-0.318225
183,-0.200788,4.11028,-0.36701
183,-0.187755,4.10811,-0.545372
183,-0.195604,4.15391,-0.56688
183,-0.0221993,4.13333,-0.670664
183,0.00259733,4.15689,-0.680934
183,-0.198311,4.21108,-0.581947
183,-0.0294132,4.18824,-0.71582
183,0.701336,4.33361,-0.262229
183,-0.371144,4.30883,-0.323856
183,1.51316,4.64077,-0.229458
183,0.687876,4.60083,-0.325804
183,1.21691,4.89282,0.479622
183,1.12868,4.66232,-0.386956
183,1.93322,4.85213,0.19001
183,1.15549,4.80615,0.0774276
183,1.95785,4.88311,0.256509
183,2.19159,4.80612,-0.0973672
183,1.14693,4.82846,0.0666962
183,1.15499,4.71402,-0.371564
183,1.19333,4.83235,0.0370612
183,0.825552,4.72218,-0.343363
183,1.60345,4.99566,0.422318
183,0.526776,5.16031,0.791398
183,1.09256,5.07283,0.379703
183,1.17159,5.11203,0.449746
183,1.0383,5.06746,0.286727
183,0.885713,4.94244,-0.319544
183,0.533335,5.23442,0.782005
183,1.09034,5.14426,0.307552
183,1.45682,5.19749,0.432514
183,1.45816,5.21443,0.455853
183,1.05119,5.15649,0.27972
183,1.56532,5.19789,0.362362
183,0.653897,4.98857,-0.410403
183,1.03771,5.22873,0.409705
183,1.56585,5.20211,0.244978
183,1.09678,5.21851,0.356979
183,1.39493,5.26378,0.448136
183,1.58229,5.20801,0.213183
183,0.443727,5.01785,-0.383374
183,1.19499,5.27643,0.437624
183,1.42865,5.2873,0.421921
183,1.09581,5.26032,0.354484
183,1.94702,5.12237,-0.387303
183,1.04755,5.31337,0.427196
183,0.527326,5.15293,-0.147319
183,1.93452,5.13172,-0.385607
183,0.829995,5.13683,-0.317223
183,0.493181,5.1437,-0.272159
183,0.478023,5.16085,-0.25229
183,0.549611,5.19225,-0.151728
183,0.482604,5.18069,-0.261182
183,0.494653,5.18726,-0.249118
183,0.727713,5.18998,-0.310767
183,0.730477,5.17697,-0.361998
183,0.533256,5.23518,-0.169948
183,0.562536,5.28836,-0.179875
183,-0.300008,5.99405,-0.163939
183,-0.315609,5.98624,-0.331285
183,-0.292747,6.07638,-0.389304
183,-0.352803,6.2282,-0.205075
183,-0.3884,6.45479,-0.514022
183,1.10618,4.4423,-0.313465
180,1.10618,4.4423,-0.313465
183,1.33144,4.07676,-0.0595029
180,1.33144,4.07676,-0.0595029
184,1.05185,3.50903,-0.564341
184,0.840859,3.88344,-0.13294
184,0.447018,3.75521,-0.584484
184,0.565797,3.81494,-0.644777
184,1.36466,4.0593,-0.251669
184,-0.310504,3.87208,-0.599487
184,-0.549947,3.87676,-0.615296
184,-0.122052,3.90322,-0.705397
184,-0.654338,3.9029,-0.586385
184,-0.456157,3.91524,-0.670254
184,-0.0974184,3.96775,-0.726032
184,-0.201669,4.09926,-0.355476
184,-0.278661,4.11008,-0.311202
184,-0.199131,4.12932,-0.385032
184,-0.252429,4.15505,-0.330133
184,-0.0167909,4.11638,-0.672499
184,-0.191634,4.15785,-0.576261
184,-0.198555,4.17125,-0.569277
184,-0.0343727,4.16072,-0.713377
184,-0.0372681,4.17296,-0.709008
184,-0.00235999,4.17634,-0.707637
184,-0.199359,4.20855,-0.593804
184,0.00935829,4.20536,-0.704061
184,-0.0461609,4.20513,-0.71815
184,-0.00807104,4.21179,-0.706439
184,-0.41808,4.30317,-0.306563
184,-0.424846,4.33211,-0.306164
184,-0.440453,4.34402,-0.314511
184,-0.41751,4.36146,-0.299591
184,-0.768259,4.35418,-0.354433
184,1.50354,4.63828,-0.231625
184,1.20329,4.86346,0.473841
184,1.92572,4.84455,0.188387
184,1.9491,4.87604,0.253689
184,1.11993,4.78518,0.0962496
184,1.53582,4.7276,-0.253601
184,1.12506,4.66728,-0.36557
184,1.22013,4.94407,0.477501
184,0.809311,4.69754,-0.342274
184,1.5959,4.99436,0.436213
184,0.835654,4.77178,-0.348713
184,1.44223,5.0205,0.396547
184,1.08329,5.01771,0.324436
184,0.349381,4.78064,-0.356714
184,0.668545,4.80841,-0.37316
184,0.422135,4.80951,-0.366044
184,1.08911,5.0815,0.365189
184,1.56304,5.19182,0.262337
184,0.506183,5.25792,0.7985
184,1.20297,5.21744,0.430216
184,0.40396,4.93878,-0.391708
184,0.453543,4.9948,-0.370616
184,0.4857,5.06762,-0.245657
184,1.05918,5.30268,0.436693
184,2.04221,5.12277,-0.595787
184,2.02254,5.12453,-0.625763
184,0.52611,5.1441,-0.138418
184,1.05571,5.40176,0.429894
184,0.493314,5.17656,-0.272232
184,0.524511,5.21128,-0.157662
184,0.740356,5.20582,-0.332467
184,0.549172,5.24065,-0.170811
184,0.55381,5.27139,-0.178013
184,0.575281,5.3381,-0.21165
184,0.571461,5.43128,-0.177182
184,-0.518949,5.66667,-0.327958
184,-0.295536,5.93734,-0.157283
184,-0.289231,5.92138,-0.3086
184,-0.484828,6.32809,1.19686
184,-0.310652,6.03378,-0.169029
184,-0.306129,6.04479,-0.170241
184,-0.44111,6.44765,1.21489
184,-0.282631,6.05018,-0.383966
184,-1.78815,6.42162,0.969498
184,-0.320927,6.24813,-0.206962
184,-1.72599,6.59177,1.17493
184,-1.89244,6.52585,0.614739
184,-0.373968,6.50421,-0.527278
184,1.0698,4.87599,-0.498213
180,1.0698,4.87599,-0.498213
184,1.02475,4.27035,0.185763
180,1.02475,4.27035,0.185763
184,1.17973,4.61086,-0.417683
178,1.17973,4.61086,-0.417683
185,1.04952,3.51648,-0.577024
185,0.564988,3.8225,-0.648039
185,-0.299633,3.86357,-0.576701
185,-0.30956,3.87034,-0.592951
185,-0.331587,3.87258,-0.616672
185,-0.551031,3.86689,-0.605791
185,-0.354573,3.88376,-0.649448
185,-0.107761,3.9021,-0.700346
185,-0.0928959,3.91163,-0.703789
185,-0.363951,3.96399,-0.407774
185,-0.444024,3.90138,-0.611177
185,-0.441718,3.90455,-0.645071
185,-0.38907,3.90632,-0.664944
185,-0.435884,3.92098,-0.616965
185,-0.465383,3.92371,-0.667166
185,-0.669802,3.95641,-0.626009
185,-0.519976,4.00739,-0.529626
185,-0.189547,4.0979,-0.364668
185,-0.1966,4.10267,-0.372724
185,-0.279019,4.1179,-0.299429
185,-0.7321,3.97962,-0.643888
185,-0.644873,4.06719,-0.499185
185,-0.0198438,4.12535,-0.672519
185,-0.19133,4.13622,-0.558084
185,-0.564867,4.0955,-0.570965
185,-0.0238527,4.13558,-0.674015
185,-0.00433099,4.14191,-0.67501
185,-0.342554,4.22279,-0.295869
185,-0.199783,4.16854,-0.562254
185,-0.0341284,4.1699,-0.718755
185,-0.200406,4.19031,-0.575815
185,-0.415279,4.25149,-0.278395
185,-0.0381486,4.1934,-0.711382
185,-0.732721,4.24169,-0.29905
185,1.48114,4.64168,-0.271181
185,0.778566,4.55926,-0.305661
185,-0.949913,4.36776,-0.479306
185,1.56568,4.75538,-0.273539
185,1.20677,4.91861,0.482323
185,1.11866,4.6827,-0.360987
185,1.04909,4.88947,0.198322
185,1.59129,5.03573,0.436329
185,1.16088,4.954,0.0538033
185,1.18,5.07477,0.446587
185,0.6551,4.82018,-0.374647
185,1.11671,5.18242,0.510247
185,1.15844,4.96437,-0.352764
185,0.508712,5.2024,0.798614
185,1.5835,5.20302,0.26884
185,0.862663,4.96929,-0.311806
185,1.04265,5.2102,0.444848
185,1.12596,5.23344,0.352206
185,1.05799,5.31733,0.41489
185,0.432285,5.02407,-0.380873
185,1.06331,5.36757,0.435806
185,1.106,5.39637,0.504074
185,0.896735,5.14116,-0.378221
185,0.841942,5.15278,-0.331756
185,0.535232,5.21541,-0.166598
185,0.47963,5.18223,-0.273656
185,0.506954,5.18815,-0.275861
185,0.537728,5.24348,-0.170638
185,0.462061,5.22157,-0.266539
185,0.553039,5.26146,-0.173877
185,0.493834,5.23109,-0.279985
185,0.578364,5.33051,-0.207526
185,-0.474954,5.61404,-0.17383
185,-0.492449,5.64583,-0.218453
185,-0.524238,5.6539,-0.33265
185,-0.529041,5.65758,-0.335309
185,-0.519244,5.67406,-0.329147
185,-0.513656,5.68945,-0.336765
185,-0.408226,6.17564,1.18911
185,-0.28455,5.84931,-0.146707
185,-0.304782,5.99596,-0.166586
185,-0.288148,6.0013,-0.165853
185,-0.294431,5.96525,-0.317116
185,-0.289746,5.97531,-0.315867
185,-0.321654,6.20583,-0.204261
185,-1.75095,6.42658,1.09319
185,-0.324371,6.29346,-0.473001
185,2.88318,32.187,-0.501352
185,0.407936,5.48079,-0.562479
182,0.407936,5.48079,-0.562479
185,0.402309,5.66796,-0.610789
182,0.402309,5.66796,-0.610789
185,0.686641,4.45381,-0.267351
180,0.686641,4.45381,-0.267351
186,1.0614,3.56649,-0.604397
186,0.522549,3.71358,-0.688533
186,0.573597,3.77057,-0.61729
186,0.490364,3.75014,-0.642208
186,0.492068,3.75134,-0.641292
186,0.568686,3.81245,-0.647929
186,-0.327038,3.85367,-0.603329
186,1.3012,4.21815,-0.300789
186,-0.0983505,3.89171,-0.699718
186,-0.333169,3.8775,-0.608778
186,-0.350588,3.87129,-0.639333
186,-0.379974,3.866,-0.652733
186,-0.548544,3.86544,-0.602585
186,-0.338123,3.96507,-0.401117
186,-0.338611,3.96657,-0.396835
186,-0.383741,3.88973,-0.653158
186,-0.0932823,3.94685,-0.707808
186,-0.338783,3.99236,-0.414373
186,-0.551424,3.9181,-0.635831
186,-0.638984,3.91672,-0.608496
186,-0.185347,4.07167,-0.350686
186,-0.189707,4.07468,-0.356516
186,-0.167936,4.16828,-0.105153
186,-0.239697,4.09861,-0.319514
186,-0.65796,4.05508,-0.225619
186,-0.265825,4.10964,-0.299476
186,-0.176338,4.10915,-0.357595
186,-0.167681,4.17911,-0.110323
186,-0.64075,3.97032,-0.592458
186,-0.160059,4.19237,-0.116538
186,-0.2406,4.06097,-0.562269
186,-0.716607,3.96553,-0.625988
186,-0.661105,3.97832,-0.615407
186,-0.71817,3.96628,-0.635952
186,-0.678552,3.97648,-0.635625
186,-0.180118,4.11498,-0.543121
186,0.683255,4.35623,-0.262186
186,-0.536347,4.07118,-0.572386
186,-0.549955,4.07906,-0.571195
186,-0.561688,4.08167,-0.577612
186,-0.194021,4.18311,-0.572844
186,-0.030458,4.17659,-0.706686
186,-0.358372,4.23451,-0.299932
186,-0.399861,4.23745,-0.277614
186,-0.19567,4.19326,-0.581384
186,-0.0352746,4.18468,-0.72073
186,-0.688587,4.19276,-0.292838
186,-0.386975,4.298,-0.284438
186,0.781197,4.58074,-0.313531
186,1.04572,4.87676,0.215264
186,0.667333,4.76753,-0.341762
186,0.868536,4.89094,-0.300363
186,0.514529,5.16878,0.778331
186,0.473887,4.85694,-0.36034
186,0.427625,4.85165,-0.366144
186,0.358577,4.85725,-0.372233
186,0.702005,4.93773,-0.300697
186,0.706977,4.93801,-0.389549
186,0.444097,4.91431,-0.350415
186,0.471285,4.94081,-0.324506
186,0.522121,5.23635,0.635765
186,0.435907,5.02943,-0.259011
186,0.443096,5.0151,-0.392796
186,1.05687,5.38887,0.420685
186,0.466243,5.13225,-0.252308
186,1.06231,5.43999,0.441837
186,0.74911,5.17061,-0.355953
186,0.538182,5.19486,-0.146566
186,0.470222,5.18123,-0.262461
186,0.747767,5.21509,-0.31429
186,0.585751,5.25888,-0.176111
186,0.556132,5.28384,-0.184868
186,0.575708,5.61626,0.575795
186,-0.497715,5.65896,-0.220248
186,-0.538468,5.70039,-0.34595
186,-1.8809,5.22842,-1.26644
186,-0.530457,5.71654,-0.339546
186,-0.284851,5.83442,-0.139215
186,-0.347154,6.2289,1.18107
186,-0.399031,6.23015,1.20333
186,-0.308741,5.82985,-0.330369
186,-0.319993,5.89329,-0.298899
186,-0.288494,5.94062,-0.14994
186,-0.33737,5.95968,-0.157382
186,-0.334627,5.95737,-0.203741
186,-0.276675,5.96917,-0.328035
186,-0.268255,5.99732,-0.381843
186,-0.261626,6.01555,-0.375871
186,-0.259523,6.0468,-0.376491
186,-0.31089,6.13964,-0.185654
186,-1.7748,6.28547,0.903153
186,-0.302254,6.16559,-0.454449
186,-0.269025,6.23885,-0.21483
186,-0.345341,6.40408,-0.503661
186,-1.86655,7.26666,0.856759
187,0.409832,3.70607,-0.67286
187,0.495237,3.75796,-0.647663
187,-0.291982,3.8209,-0.574917
187,-0.323743,3.84073,-0.603767
187,-0.097172,3.89817,-0.687565
187,-0.413939,3.86158,-0.609846
187,-0.133698,3.90183,-0.706465
187,-0.398195,3.87744,-0.61209
187,-0.549454,3.85247,-0.607986
187,-0.397118,3.87696,-0.64217
187,-0.102637,3.93116,-0.703553
187,-0.456926,3.88415,-0.639702
187,-0.624274,3.97099,-0.201523
187,-0.368717,3.98815,-0.410975
187,-0.194695,4.04782,-0.354591
187,-0.45475,3.92038,-0.626984
187,-0.477875,3.9078,-0.660747
187,-0.235119,4.07413,-0.311985
187,-0.55502,3.91594,-0.646751
187,-0.184277,4.07906,-0.35477
187,-0.644556,3.91633,-0.606279
187,-0.647891,3.92503,-0.579694
187,-0.234637,4.02943,-0.55099
187,-0.557809,3.93804,-0.644283
187,-0.256957,4.11038,-0.300728
187,-0.58552,3.94417,-0.651423
187,-0.574015,3.97188,-0.585727
187,-0.182333,4.08761,-0.533651
187,-0.659184,3.96843,-0.642131
187,-0.664272,3.98205,-0.6111
187,-0.663687,3.98087,-0.625701
187,-0.243105,4.09172,-0.580122
187,0.00453371,4.11933,-0.674644
187,-0.034311,4.12098,-0.679824
187,-0.18243,4.1411,-0.55504
187,1.15981,4.49148,-0.359639
187,-0.737737,4.00733,-0.646217
187,0.0123202,4.15987,-0.691573
187,-0.0318208,4.15365,-0.712523
187,-0.745624,4.015,-0.66707
187,-0.531813,4.08607,-0.582739
187,-0.189527,4.16451,-0.570101
187,-0.409937,4.21071,-0.273057
187,-0.0309483,4.174,-0.714542
187,-0.0355002,4.17612,-0.704494
187,-0.171112,4.18471,-0.576295
187,-0.00125015,4.18956,-0.705756
187,-0.692453,4.18298,-0.274298
187,1.13384,4.84659,-0.299949
187,0.436091,4.8178,-0.38587
187,1.12599,5.20582,0.383478
187,0.370231,4.86026,-0.389671
187,0.516837,5.22155,0.781371
187,0.345292,4.86875,-0.368507
187,1.11608,5.24649,0.348456
187,0.429668,4.92279,-0.344649
187,0.48291,5.10444,-0.26524
187,0.477429,5.18978,-0.276653
187,0.536634,5.24201,-0.166016
187,0.52958,5.25559,-0.151848
187,0.543255,5.2724,-0.173531
187,-1.66427,5.10608,0.687284
187,-1.57773,5.10216,-0.149544
187,-0.540381,5.37659,-0.159474
187,-0.505392,5.40628,-0.134239
187,-0.50466,5.4137,-0.178275
187,-0.547293,5.41503,-0.182448
187,-2.25058,5.30504,0.727744
187,-2.17892,5.39876,0.966195
187,-2.29644,5.43449,0.62292
187,-1.3266,5.26246,-0.851818
187,-0.487989,5.608,-0.318244
187,-0.515914,5.656,-0.32716
187,-0.532995,5.70147,-0.335036
187,-2.03341,5.19294,-0.980327
187,-0.222292,5.87794,-0.148859
187,-1.58692,5.92395,1.04306
187,-0.35159,6.26203,1.18799
187,-0.273305,5.99641,-0.154425
187,-0.211601,6.0224,-0.176773
187,-0.268731,5.99572,-0.386933
187,-1.68859,6.06171,0.577678
187,-1.70239,6.21563,0.963127
187,-0.30354,6.16737,-0.450715
187,-0.318035,6.31803,-0.469094
187,-1.78267,6.32475,0.634086
187,0.489149,3.74382,-0.646487
184,0.489149,3.74382,-0.646487
188,0.410694,3.63261,-0.63888
188,0.416305,3.73685,-0.665365
188,0.493517,3.82661,-0.685119
188,0.507911,3.8559,-0.699062
188,0.569606,3.90819,-0.698915
188,-0.0721344,3.7816,-0.613108
188,-0.0947115,3.78738,-0.640077
188,-0.411797,3.79332,-0.577125
188,-0.438619,3.7966,-0.597505
188,-0.00164917,3.93039,-0.598044
188,-0.40095,3.83762,-0.589633
188,-0.358276,4.01282,-0.198023
188,-0.0097242,3.99401,-0.614107
188,-0.527367,3.8748,-0.612238
188,-0.645756,3.96815,-0.203649
188,-0.0157526,4.01963,-0.615163
188,-0.619316,3.97789,-0.203233
188,-0.679708,3.88059,-0.585281
188,-0.642821,3.90633,-0.606263
188,-0.355968,3.96987,-0.663139
188,-0.193915,4.05692,-0.52619
188,-0.70761,3.90584,-0.599694
188,-0.641095,3.92984,-0.632059
188,-0.392217,4.11419,-0.235196
188,-0.616035,3.96031,-0.578856
188,-0.35776,4.00891,-0.670828
188,-0.39145,4.13026,-0.251943
188,-0.676129,3.97092,-0.631889
188,-0.662296,3.97551,-0.650857
188,-0.680279,4.12874,-0.255802
188,-0.53542,4.10062,-0.578838
188,-0.558689,4.13104,-0.605006
188,0.684139,4.58527,-0.336285
188,0.669187,4.68179,-0.323893
188,0.642246,4.68999,-0.31104
188,0.354669,5.01531,-0.420901
188,0.73013,5.16246,-0.314706
188,0.349006,5.05323,-0.433822
188,0.302105,5.07711,-0.419507
188,0.523644,5.48815,0.791953
188,-0.240507,5.42371,1.1233
188,0.456745,5.21825,-0.443432
188,-0.214517,5.17019,-0.00874746
188,-0.179259,5.18809,-0.0123608
188,-0.174317,5.15756,-0.207286
188,-0.176834,5.16352,-0.185927
188,-0.273842,5.52293,1.1405
188,-0.192653,5.21907,-0.025083
188,-0.199822,5.17149,-0.190316
188,-1.56836,5.17276,0.904785
188,0.48966,5.39763,-0.332822
188,0.562304,5.47403,-0.225356
188,-1.91303,5.07277,0.598244
188,0.485273,5.54145,-0.362003
188,0.882935,6.04807,0.715912
188,-0.487797,5.52231,-0.178572
188,-2.46261,5.29378,0.658258
188,-1.47753,5.79446,1.05588
188,-1.9926,5.09675,-0.949084
188,0.945785,6.3816,0.699108
188,-0.513841,5.70723,-0.350559
188,-1.55227,5.73382,0.661104
188,-1.54276,5.78916,0.68453
188,-1.5964,5.83707,0.900965
188,-1.97582,5.78131,0.578179
188,-1.60769,6.03989,0.969822
188,-1.67228,6.20737,1.03949
189,0.498808,3.80923,-0.671621
189,-0.0193312,3.77551,-0.621053
189,-0.0622161,3.76243,-0.623547
189,-0.407677,3.77146,-0.570912
189,-0.0165218,3.90288,-0.582251
189,-0.339735,3.93568,-0.171143
189,0.0238915,3.98306,-0.612622
189,-0.0112437,3.98857,-0.630569
189,-0.343807,3.886,-0.640917
189,-0.232927,4.03351,-0.289271
189,-0.548859,3.88546,-0.61863
189,-0.245637,4.10956,-0.299585
189,-0.687981,3.89293,-0.586306
189,-0.35147,3.99693,-0.685157
189,-0.658774,3.9482,-0.597087
189,-0.65585,4.05344,-0.244225
189,-0.642172,3.96345,-0.600609
189,-0.679373,4.05973,-0.238932
189,-0.655597,4.07458,-0.24305
189,-0.703403,3.95528,-0.635311
189,-0.666683,3.98023,-0.639372
189,-0.658069,3.97976,-0.660817
189,-0.662902,3.98991,-0.627417
189,-0.584733,4.03675,-0.613658
189,-0.548835,4.07004,-0.575236
189,-0.550732,4.11195,-0.600322
189,-0.551813,4.11718,-0.606686
189,-0.0976584,4.46614,-0.189585
189,0.70075,4.89303,-0.289013
189,0.442451,5.2474,-0.441734
189,0.34548,5.20968,-0.472227
189,-0.296695,5.50659,1.19138
189,0.57733,5.51067,-0.243074
189,-0.180999,5.33151,-0.038366
189,-0.206252,5.28528,-0.233965
189,-0.187574,5.30105,-0.211633
189,-0.220476,5.34914,-0.166793
189,-0.18756,5.39848,-0.0460632
189,-0.194951,5.34238,-0.241268
189,-0.194918,5.36091,-0.246427
189,0.493398,5.54825,-0.379485
189,-2.41916,4.74581,0.0108035
189,-2.15953,4.89514,0.011887
189,-2.11751,4.91508,0.0128498
189,-0.414025,5.43409,-0.110959
189,-0.440872,5.46183,-0.149957
189,-1.29037,5.59288,1.11942
189,-1.85888,4.9063,-0.861488
189,-0.475469,5.61805,-0.164972
189,-2.50796,5.11627,0.0942416
189,-0.51835,5.65447,-0.333217
189,-1.93857,5.03737,-0.910443
189,-0.49476,5.666,-0.333027
189,-0.596696,5.76736,-0.262488
189,-2.29799,5.6407,0.960974
189,-0.599697,5.87774,-0.333956
189,-1.60442,5.91907,0.90862
189,-0.611654,5.90364,-0.245513
189,-2.00103,5.7968,0.641989
189,-2.37951,5.82848,0.9746
189,-1.83784,5.66572,-0.282026
189,-1.6786,6.20058,1.04503
189,-2.00102,5.79937,-0.349243
189,-2.02415,5.82054,-0.347722
189,-1.74782,6.19344,-1.05703
189,-1.68403,6.17119,-1.21973
189,-1.74908,6.20822,-1.08089
189,-1.71037,6.21163,-1.24931
189,-1.75234,6.26465,-1.08515
190,-0.0767564,3.77002,-0.630932
190,-0.420279,3.78461,-0.591136
190,0.0104772,3.94414,-0.593943
190,-0.408723,3.79486,-0.593285
190,-0.0163687,3.95638,-0.606045
190,-0.361132,3.95964,-0.409353
190,-0.382517,3.91236,-0.628882
190,-0.366524,3.9811,-0.419599
190,-0.337753,3.99622,-0.421864
190,-0.341449,3.93984,-0.646847
190,-0.333263,4.0149,-0.426081
190,-0.350753,4.08123,-0.211185
190,-0.190824,4.04914,-0.528679
190,-0.680918,3.87874,-0.584104
190,-0.38037,4.09591,-0.235951
190,-0.358602,4.11255,-0.225271
190,-0.230071,4.07212,-0.576775
190,-0.182912,4.10522,-0.549749
190,-0.359256,4.1402,-0.246297
190,-0.1159,4.26676,-0.136687
190,-0.395348,4.13437,-0.256795
190,-0.715803,3.93264,-0.617509
190,-0.626147,3.9689,-0.609493
190,-0.639086,3.97557,-0.606225
190,-0.6618,3.97892,-0.64923
190,-0.654799,3.98874,-0.632528
190,-0.525697,4.09937,-0.585233
190,-0.66158,4.1445,-0.267301
190,-0.674336,4.15735,-0.273354
190,-0.126729,4.39924,-0.178932
190,-0.566067,4.1248,-0.592587
190,-0.679799,4.17861,-0.284622
190,-0.700293,4.1722,-0.28222
190,-0.579283,4.14572,-0.593522
190,-0.672745,4.14098,-0.553089
190,-0.14795,4.50645,-0.200765
190,0.339131,5.00373,-0.398588
190,-0.243871,5.30842,1.10727
190,0.452196,5.21019,-0.438831
190,-0.258809,5.48033,1.10983
190,-0.316356,5.54248,1.11313
190,0.585311,5.52917,-0.257883
190,0.488972,5.50498,-0.357033
190,-0.192711,5.41509,-0.0536637
190,-0.210203,5.36406,-0.245678
190,-0.215632,5.49757,-0.0719467
190,-0.22074,5.4531,-0.273797
190,-2.04975,4.88208,0.0202285
190,-1.3324,5.61434,1.1415
190,-0.447935,5.56964,-0.152328
190,-1.55587,5.50312,0.915462
190,-0.494742,5.58964,-0.14157
190,-2.35091,5.00905,0.0181476
190,-1.71796,4.92723,-1.13336
190,-0.514151,5.66698,-0.16177
190,-0.507535,5.62687,-0.332322
190,-0.503286,5.6381,-0.324171
190,-1.63487,5.27768,-0.177015
190,-1.91558,4.97397,-0.895838
190,-1.6452,5.3092,-0.196562
190,-1.94137,5.01299,-0.922755
190,-2.47839,5.11683,0.0817662
190,-0.573332,5.73702,-0.219068
190,-1.94817,5.04088,-0.937374
190,-0.576739,5.77199,-0.217271
190,-1.51708,5.69494,0.655926
190,-2.33667,5.45177,0.690396
190,-2.48307,5.39993,0.638258
190,-1.58341,5.8411,0.89741
190,-1.57185,5.87371,0.899775
190,-1.72843,5.49811,-0.225912
190,-2.43437,5.56385,0.702448
190,-1.6274,6.0478,0.965956
190,-1.65006,6.20053,1.03664
190,-1.63221,6.33415,1.17525
190,-1.9893,5.77376,-0.343755
190,-1.94142,5.8995,-0.339278
190,0.480403,3.90734,-0.676581
188,0.480403,3.90734,-0.676581
191,-1.20696,2.67208,0.562398
191,-1.2209,2.63386,0.392098
191,-0.129362,3.89849,-0.707403
191,-0.396101,3.84523,-0.620832
191,-0.333995,3.8946,-0.627828
191,-0.421937,3.85719,-0.633037
191,-0.221679,4.05791,-0.297202
191,-0.532985,3.84797,-0.598442
191,-0.536769,3.87289,-0.632294
191,-0.557745,3.8893,-0.645007
191,-0.537048,3.91919,-0.636638
191,0.0160448,4.1402,-0.697776
191,-0.0220075,4.13033,-0.703071
191,-0.234395,4.0931,-0.579439
191,-0.624182,3.95413,-0.604204
191,-0.184217,4.16336,-0.574378
191,-0.569944,3.99462,-0.594971
191,-0.643286,4.07786,-0.24336
191,-0.706806,3.93806,-0.621634
191,-0.651469,3.96327,-0.643653
191,-0.709309,3.94569,-0.621016
191,-0.654485,4.08374,-0.249799
191,-0.647995,4.0941,-0.256435
191,-0.340681,4.23142,-0.29754
191,-0.682204,4.10751,-0.243721
191,-0.559184,4.0766,-0.570548
191,-0.365542,4.25158,-0.273444
191,-0.667987,4.16883,-0.286212
191,-0.418526,4.29747,-0.310044
191,0.308257,4.78978,-0.32792
191,-0.184619,4.59592,-0.272554
191,-0.173864,4.84759,-0.296887
191,-2.1738,4.41662,0.0885833
191,-2.1793,4.44414,0.102787
191,-2.24814,4.4821,0.0722077
191,-2.1827,4.58824,0.102435
191,-2.14232,4.55595,-0.139014
191,-2.19266,4.87292,0.670583
191,-2.1611,4.62192,-0.314117
191,-0.33474,5.85004,1.14926
191,-2.22613,4.93293,0.67094
191,-0.287939,5.93238,1.1562
191,-2.31158,4.81603,0.0897502
191,-2.18197,5.13752,0.698947
191,-2.26867,4.94469,0.0426502
191,-2.14789,5.30929,0.96243
191,-2.34032,4.54095,-1.44417
191,-1.82776,4.9607,-0.848686
191,-0.516038,5.73704,-0.188377
191,-2.16783,5.38642,0.954265
191,-2.25114,5.05931,-0.589009
191,-1.7828,5.08183,-1.20441
191,-1.97326,5.09917,-0.958766
191,-0.231229,6.14325,-0.201798
191,-1.98493,5.17354,-0.948941
191,-2.01897,5.17938,-0.981256
191,-0.2601,6.20306,-0.469048
191,-1.64898,6.03902,0.920744
191,-1.76148,6.01347,0.915875
191,-1.63912,6.13274,0.9557
191,-1.63142,6.12848,0.924578
191,-1.65537,6.06104,0.629587
191,-1.68918,6.12741,0.889281
191,-0.286227,6.31572,-0.490409
191,-1.94264,6.1025,0.918355
191,-1.7178,6.22095,0.62368
191,-1.64059,5.9206,-0.964674
191,-1.57807,5.93261,-1.13717
191,-1.62446,6.0144,-1.141
191,-1.60009,6.03465,-1.18169
191,-1.48307,5.51614,-0.815324
189,-1.48307,5.51614,-0.815324
191,-0.0611316,3.7647,-0.622429
189,-0.0611316,3.7647,-0.622429
191,-0.0154384,3.90515,-0.581146
189,-0.0154384,3.90515,-0.581146
191,-0.746033,4.00517,-1.31671
188,-0.746033,4.00517,-1.31671
191,-1.47373,5.79199,1.05465
188,-1.47373,5.79199,1.05465
192,-1.14352,2.64019,0.561707
192,-1.1512,2.6505,0.58704
192,-1.16654,2.64724,0.55898
192,-1.50016,2.63662,0.145993
192,-1.53508,2.68231,0.330541
192,-1.48526,2.70082,0.280347
192,-1.5491,2.67001,0.27669
192,-1.53983,2.65689,0.207928
192,-1.51466,2.6803,0.225338
192,-1.24233,2.62124,-0.569035
192,-1.22705,2.62076,-0.63541
192,-1.26462,2.72997,-0.654661
192,-1.2275,2.78969,-0.692039
192,-1.23082,2.83987,-0.675757
192,-0.0868204,3.9011,-0.682841
192,-0.34166,3.87796,-0.616618
192,-0.317883,3.8833,-0.64987
192,-0.334001,3.89196,-0.638423
192,-0.436997,3.85007,-0.622906
192,-0.53638,3.8471,-0.603386
192,-0.552331,3.94281,-0.555369
192,-0.543179,3.92249,-0.639583
192,-0.182797,4.15784,-0.561372
192,-0.627255,3.94244,-0.616276
192,-0.647789,4.06175,-0.231068
192,-0.644254,3.97483,-0.625258
192,-0.559898,4.0529,-0.561154
192,-0.537988,4.06826,-0.574074
192,-0.402424,4.27156,-0.28765
192,-2.19056,4.42296,0.0938851
192,-0.335601,5.86069,1.14349
192,-2.13775,4.27044,-1.26977
192,-2.20224,4.88311,0.663669
192,-2.13261,4.32571,-1.29752
192,-2.16603,4.3206,-1.30022
192,-2.30618,4.79308,0.143513
192,-1.65725,5.05573,-0.166829
192,-1.677,5.08136,-0.170225
192,-1.77226,5.2971,0.656992
192,-2.2621,4.92662,0.0619839
192,-2.142,5.19665,0.636469
192,-2.2724,4.9733,0.0744664
192,-0.517918,5.75594,-0.362442
192,-2.19519,5.28536,0.620541
192,-1.74281,5.00428,-1.18071
192,-2.01299,4.87728,-1.27303
192,-1.9638,4.93014,-1.26979
192,-1.97047,5.03957,-0.946484
192,-2.05103,4.9953,-1.03951
192,-2.08039,5.00691,-0.991262
192,-1.96756,5.08635,-0.937828
192,-2.20114,5.08082,-0.591425
192,-2.036,5.04198,-1.01274
192,-1.99524,5.12563,-0.970755
192,-1.9946,5.13759,-0.972658
192,-2.22891,5.1486,-0.596781
192,-2.00883,5.16106,-0.991768
192,-1.88852,5.8939,0.911104
192,-0.259168,6.29163,-0.472176
192,-1.64125,6.08353,0.904414
192,-1.64429,6.05816,0.657086
192,-1.6521,6.19406,0.95184
192,-1.5958,6.39973,1.16686
192,-1.7103,6.23523,0.65154
192,-1.54814,6.52594,1.1768
192,-2.00214,6.23679,0.948588
192,-1.56373,5.83555,-1.10185
192,-1.59166,5.92135,-1.14832
192,-1.15779,2.62879,0.519273
190,-1.15779,2.62879,0.519273
192,0.00996664,3.94556,-0.592249
190,0.00996664,3.94556,-0.592249
192,-1.97547,7.14043,1.11147
188,-1.97547,7.14043,1.11147
193,-1.14546,2.58284,0.52856
193,-1.14742,2.6217,0.599943
193,-1.18524,2.57477,0.494804
193,-1.15372,2.61225,0.524838
193,-1.15356,2.61854,0.515107
193,-1.15872,2.62025,0.523161
193,-1.15574,2.62509,0.523017
193,-1.17014,2.64367,0.572691
193,-1.176,2.65149,0.584759
193,-1.21917,2.65029,0.605187
193,-1.24373,2.61129,0.50586
193,-1.28939,2.64787,0.533754
193,-1.30166,2.66197,0.59926
193,-1.26454,2.57511,0.241238
193,-1.32319,2.67619,0.651705
193,-1.30062,2.67477,0.60172
193,-1.30069,2.68382,0.598476
193,-1.27546,2.58889,0.207556
193,-1.32412,2.66805,0.539673
193,-1.29621,2.59265,0.243454
193,-1.35295,2.64023,0.444095
193,-1.39974,2.65378,0.563947
193,-1.33753,2.66495,0.485427
193,-1.40018,2.65421,0.54994
193,-1.3725,2.68588,0.592186
193,-1.38562,2.65821,0.523063
193,-1.3642,2.71969,0.646868
193,-1.37316,2.7137,0.619353
193,-1.40132,2.70221,0.627345
193,-1.42988,2.67892,0.597008
193,-1.35773,2.66437,0.404798
193,-1.40842,2.70779,0.620721
193,-1.43733,2.68469,0.596076
193,-1.40164,2.71803,0.585487
193,-1.43267,2.69401,0.556585
193,-1.38623,2.69926,0.48129
193,-1.40611,2.72352,0.586759
193,-1.39252,2.68833,0.445637
193,-1.42836,2.68861,0.507747
193,-1.39836,2.73224,0.578674
193,-1.43427,2.70177,0.511995
193,-1.45463,2.65766,0.386994
193,-1.41826,2.62873,0.211521
193,-1.46627,2.66504,0.390618
193,-1.48586,2.66146,0.39595
193,-1.48055,2.66131,0.264203
193,-1.46361,2.67884,0.276384
193,-1.49484,2.62079,0.142187
193,-1.48663,2.64914,0.214579
193,-1.51278,2.66174,0.29722
193,-1.52254,2.63505,0.224166
193,-1.52902,2.64264,0.247208
193,-1.51316,2.63634,0.196769
193,-1.46632,2.66115,0.0988151
193,-1.45134,2.68147,0.0966879
193,-1.47932,2.67603,0.0999857
193,-1.46621,2.73086,0.0475628
193,-1.4586,2.75494,0.0427967
193,-1.45651,2.76586,0.0362251
193,-1.47055,2.76259,0.0314608
193,-1.82488,2.85028,-0.0759832
193,-0.334392,3.84108,-0.62084
193,-0.540821,3.8502,-0.598006
193,-0.531381,3.89226,-0.625728
193,-0.186427,4.12084,-0.54026
193,-0.532891,3.92121,-0.63878
193,-0.666999,4.05649,-0.229018
193,-0.633055,3.95008,-0.643146
193,-0.648939,4.11284,-0.256921
193,-0.65558,4.15186,-0.278673
193,-0.411892,4.28686,-0.30548
193,-2.17613,4.43044,0.107927
193,-2.23843,4.57412,0.0943527
193,-2.26978,4.57406,0.0768288
193,-2.18904,4.8406,0.679204
193,-2.12707,4.2848,-1.27879
193,-2.17314,4.70689,0.0973316
193,-1.6558,4.73459,-0.742049
193,-2.25454,4.69861,0.125222
193,-2.18907,4.75576,0.0923668
193,-2.34252,4.30392,-1.0874
193,-2.25392,4.92576,0.686405
193,-0.468359,5.65722,-0.188598
193,-1.64754,5.01679,-0.155417
193,-2.19337,4.80793,0.0828112
193,-2.27601,4.77955,0.125863
193,-2.37513,4.36104,-1.0994
193,-2.27421,4.80798,0.12432
193,-0.499999,5.69223,-0.231016
193,-0.475598,5.71875,-0.195788
193,-2.22458,4.84696,0.0915413
193,-2.33226,4.80772,0.14982
193,-0.515416,5.67776,-0.340634
193,-2.26703,5.0328,0.665684
193,-2.21045,4.77931,-0.357698
193,-2.17924,5.22088,0.940692
193,-1.81858,5.33761,0.669212
193,-2.27657,4.92885,0.0711004
193,-2.17434,5.27319,0.972065
193,-2.2978,5.02144,0.080404
193,-2.21612,5.28647,0.709119
193,-1.73777,5.00223,-1.13023
193,-2.21152,5.33231,0.646542
193,-1.76632,5.03112,-1.18379
193,-1.87992,5.05911,-0.926579
193,-2.16639,5.02006,-0.580292
193,-0.241077,6.20164,-0.225299
193,-2.17674,5.05264,-0.571002
193,-1.94635,5.0675,-0.939585
193,-1.94799,5.08067,-0.941301
193,-2.23014,5.04329,-0.575038
193,-2.25612,5.04507,-0.584196
193,-1.79591,5.10871,-1.2513
193,-1.87748,5.14142,-1.05091
193,-1.90629,5.1306,-1.05435
193,-1.86013,5.12907,-1.26883
193,-2.0131,5.14228,-0.975885
193,-0.256034,6.28227,-0.469304
193,-1.85153,5.161,-1.30323
193,-1.90909,5.17453,-1.32409
193,-1.65191,6.16814,0.966001
193,-1.65552,6.08888,0.645554
193,-1.71556,6.27856,0.902465
193,-1.99168,6.17518,0.922684
193,-1.71431,6.25232,0.634365
193,-1.56512,5.82648,-1.10535
193,-1.58842,5.87389,-1.10707
193,-1.36224,5.21413,-0.846388
191,-1.36224,5.21413,-0.846388
193,-1.73708,3.07494,0.604179
191,-1.73708,3.07494,0.604179
193,-1.59444,5.55976,0.906898
191,-1.59444,5.55976,0.906898
193,-1.85497,3.20429,0.591038
191,-1.85497,3.20429,0.591038
193,-1.4633,2.72973,0.653891
191,-1.4633,2.72973,0.653891
193,-0.646044,4.07885,-0.528949
191,-0.646044,4.07885,-0.528949
193,-1.29079,2.58524,0.639472
191,-1.29079,2.58524,0.639472
193,-1.28117,2.59795,0.67009
191,-1.28117,2.59795,0.67009
193,-1.35823,2.6175,0.664316
191,-1.35823,2.6175,0.664316
193,-1.27559,2.56664,0.611165
191,-1.27559,2.56664,0.611165
193,-1.53369,2.79855,0.550666
191,-1.53369,2.79855,0.550666
193,-1.32539,2.62831,0.35124
191,-1.32539,2.62831,0.35124
193,-1.78734,5.16712,-1.27442
189,-1.78734,5.16712,-1.27442
193,-1.98838,4.61706,0.0699273
189,-1.98838,4.61706,0.0699273
194,-1.11886,2.55217,0.533087
194,-1.21476,2.3137,-0.286244
194,-1.2341,2.33581,-0.26633
194,-1.2501,2.33866,-0.263281
194,-1.27229,2.6283,0.656799
194,-1.26845,2.62118,0.598194
194,-1.3061,2.6515,0.660885
194,-1.28995,2.65139,0.605798
194,-1.27928,2.62704,0.487521
194,-1.32947,2.6636,0.65875
194,-1.3249,2.68567,0.602756
194,-1.37647,2.68124,0.598807
194,-1.33711,2.64481,0.408515
194,-1.38737,2.70237,0.61798
194,-1.36394,2.63309,0.345734
194,-1.36306,2.64679,0.384472
194,-1.36927,2.66864,0.45157
194,-1.43422,2.69736,0.663959
194,-1.42935,2.67982,0.579935
194,-1.39498,2.71311,0.593085
194,-1.39224,2.66631,0.428686
194,-1.38693,2.69007,0.487525
194,-1.40431,2.68071,0.456019
194,-1.40722,2.6841,0.465474
194,-1.43458,2.70062,0.560899
194,-1.40304,2.70676,0.508461
194,-1.43228,2.70472,0.505431
194,-1.21403,2.53621,-0.558047
194,-1.21154,2.53713,-0.56038
194,-1.2445,2.59541,-0.418889
194,-1.50723,2.69503,0.389132
194,-1.46914,2.68904,0.275981
194,-1.51814,2.6989,0.390572
194,-1.50599,2.68309,0.218566
194,-1.50696,2.68809,0.222722
194,-1.57265,2.67523,0.273998
194,-1.548,2.71144,0.32255
194,-1.56896,2.71622,0.321353
194,-1.58121,2.73363,0.319196
194,-1.58773,2.71088,0.252804
194,-1.57635,2.69842,0.176213
194,-1.57318,2.69304,0.14849
194,-1.5908,2.69648,0.189781
194,-1.59345,2.71555,0.230855
194,-1.19269,2.68781,-0.636037
194,-1.60661,2.70124,0.183757
194,-1.57069,2.70136,0.109176
194,-1.56331,2.70765,0.111219
194,-1.58942,2.74355,0.271766
194,-1.60451,2.73789,0.245445
194,-1.55195,2.74325,0.0720492
194,-1.5413,2.87828,-0.0134982
194,-0.532378,3.89538,-0.621447
194,-0.676304,3.99193,-0.624178
194,-0.704175,3.97262,-0.636688
194,-0.650132,4.0157,-0.660351
194,-0.70777,4.02027,-0.647819
194,-0.680508,4.18571,-0.290527
194,-2.47058,3.75998,-0.963126
194,-2.00152,4.11023,-1.1659
194,-2.53164,3.85512,-1.01073
194,-2.05791,4.15725,-1.1998
194,-2.13591,4.6426,-0.339542
194,-2.1245,4.86128,0.0289426
194,-2.10484,4.88644,0.0140451
194,-1.72323,4.89104,-0.956232
194,-1.83649,4.88851,-0.869747
194,-1.90789,4.87997,-0.79832
194,-1.77916,4.88544,-1.1403
194,-2.16485,5.24218,0.615916
194,-1.74952,4.97947,-1.18941
194,-2.4167,4.97788,0.047673
194,-1.83272,5.01839,-0.993725
194,-1.73459,5.03587,-1.2177
194,-1.57238,5.77921,0.664315
194,-1.78843,5.11899,-1.0494
194,-1.60984,5.90437,0.908133
194,-2.51477,5.13812,0.0708711
194,-1.73432,5.54059,-0.249165
194,-1.59137,6.0397,0.944007
194,-1.83664,5.2517,-1.09492
194,-1.97661,5.76714,0.644971
194,-2.02077,5.83253,0.655643
194,-1.57149,6.38853,1.1901
194,-2.57642,5.59555,0.63767
194,-1.71126,6.28057,1.04632
194,-1.69069,6.32417,1.04898
194,-2.49145,6.05361,0.984085
194,-1.60288,6.15654,-0.978554
194,-1.65783,6.16479,-1.21057
194,-1.16398,2.47293,0.530515
192,-1.16398,2.47293,0.530515
194,-1.55241,4.12843,-0.838949
192,-1.55241,4.12843,-0.838949
194,-1.1959,2.51061,0.517855
192,-1.1959,2.51061,0.517855
194,-1.24155,2.56386,0.501289
192,-1.24155,2.56386,0.501289
195,-1.08741,2.54995,0.563476
195,-1.09805,2.55424,0.574103
195,-1.0874,2.55486,0.532471
195,-1.09317,2.55273,0.531923
195,-1.10291,2.56998,0.531114
195,-1.11735,2.55768,0.528375
195,-1.11289,2.57675,0.527438
195,-1.28139,2.25378,-0.293184
195,-1.22791,2.296,-0.320089
195,-1.2776,2.65518,0.668529
195,-1.23234,2.36312,-0.275057
195,-1.27993,2.6579,0.648432
195,-1.25666,2.63959,0.540691
195,-1.27119,2.65357,0.604048
195,-1.2944,2.66211,0.656147
195,-1.26298,2.64051,0.49666
195,-1.28041,2.67274,0.602157
195,-1.28816,2.67616,0.601224
195,-1.28261,2.65945,0.533352
195,-1.30975,2.69082,0.631286
195,-1.20295,2.46199,-0.273759
195,-1.28292,2.66805,0.48958
195,-1.28172,2.66502,0.476631
195,-1.27408,2.67354,0.480379
195,-1.2903,2.67267,0.484236
195,-1.32181,2.70314,0.62
195,-1.32104,2.64289,0.432605
195,-1.20175,2.4852,-0.282847
195,-1.34438,2.63353,0.381194
195,-1.33901,2.69548,0.509915
195,-1.34195,2.7251,0.597418
195,-1.37455,2.70853,0.619724
195,-1.3407,2.66897,0.428209
195,-1.39862,2.71275,0.652372
195,-1.22837,2.51349,-0.298352
195,-1.37665,2.71471,0.590596
195,-1.35772,2.73348,0.59714
195,-1.34479,2.72306,0.523822
195,-1.35322,2.72867,0.55609
195,-1.38112,2.72411,0.586995
195,-1.36581,2.70144,0.485859
195,-1.36317,2.71298,0.507568
195,-1.42486,2.72058,0.65516
195,-1.36673,2.73428,0.554275
195,-1.37892,2.6648,0.375037
195,-1.38305,2.7014,0.481389
195,-1.43004,2.70477,0.591622
195,-1.39529,2.74309,0.622225
195,-1.39655,2.73071,0.587828
195,-1.42661,2.70984,0.58597
195,-1.3922,2.74245,0.587645
195,-1.41592,2.71754,0.558542
195,-1.36373,2.74424,0.51573
195,-1.44345,2.70807,0.584418
195,-1.41968,2.70427,0.509636
195,-1.42225,2.73203,0.555825
195,-1.42068,2.7155,0.498319
195,-1.43845,2.72777,0.569158
195,-1.44543,2.72761,0.565499
195,-1.42243,2.72169,0.460026
195,-1.43299,2.73364,0.486632
195,-1.60565,2.35347,-0.247907
195,-1.6132,2.35827,-0.261684
195,-1.63018,2.36579,-0.251561
195,-1.61869,2.38067,-0.265036
195,-1.46244,2.70333,0.26554
195,-1.49665,2.71743,0.365984
195,-1.5046,2.7175,0.36726
195,-1.64272,2.426,-0.255541
195,-1.54099,2.73245,0.324466
195,-1.56563,2.6958,0.188022
195,-1.55269,2.70967,0.178604
195,-1.55579,2.76166,0.330584
195,-1.51624,2.75054,0.207164
195,-1.20474,2.71056,-0.607448
195,-1.52478,2.75877,0.242137
195,-1.56448,2.75931,0.310688
195,-1.55565,2.76257,0.277705
195,-1.55651,2.71724,0.138014
195,-1.56591,2.76405,0.271891
195,-1.58637,2.74379,0.249959
195,-1.58289,2.77276,0.308979
195,-1.53837,2.76612,0.180865
195,-1.58508,2.7133,0.134304
195,-1.56738,2.72846,0.13512
195,-1.57567,2.75056,0.214816
195,-1.59486,2.73425,0.166709
195,-1.46424,2.79503,0.0300776
195,-1.58658,2.77193,0.212406
195,-1.57801,2.74851,0.0961685
195,-1.59117,2.75842,0.0877634
195,-1.59209,2.7622,0.0902355
195,-1.6041,3.14469,0.00115997
195,-1.6493,3.1903,-0.0104457
195,-0.68946,3.99044,-0.635918
195,-3.1883,2.9609,1.00492
195,-3.3166,2.95988,1.1076
195,-3.29243,3.10369,1.19882
195,-3.21896,3.14635,1.14979
195,-2.39832,3.79992,-0.956115
195,-2.72291,3.79635,-0.520687
195,-2.73658,3.79199,-0.5389
195,-2.73416,3.80862,-0.518376
195,-2.07451,4.25871,-1.12449
195,-1.64603,5.38566,0.897111
195,-2.14479,4.61691,-0.327306
195,-1.57751,5.51512,0.90869
195,-1.98944,5.1815,0.670783
195,-1.81524,4.82925,-0.866084
195,-1.67338,4.85936,-1.11653
195,-1.82687,4.84789,-0.843474
195,-2.12952,5.24652,0.600318
195,-2.26547,4.99529,0.0565984
195,-1.88617,4.98237,-0.882459
195,-2.09111,5.3847,0.659304
195,-1.5938,5.97051,0.952002
195,-1.59323,5.88022,0.651341
195,-1.58621,6.02936,1.02583
195,-1.62423,6.13739,0.957124
195,-2.5172,5.36462,0.609355
195,-1.65788,6.32915,1.02604
195,-2.39254,5.7934,0.956614
195,-2.41414,5.9472,0.967943
195,-1.62849,6.73137,1.1765
195,-2.51681,6.06794,0.997358
195,-1.9609,3.1858,-0.597588
194,-1.9609,3.1858,-0.597588
195,-1.89608,3.1112,-0.549577
194,-1.89608,3.1112,-0.549577
196,-1.28451,2.2397,-0.285462
196,-1.22677,2.34769,-0.268463
196,-1.26363,2.65641,0.644916
196,-1.26744,2.64416,0.494052
196,-1.27053,2.66555,0.485237
196,-1.28203,2.66427,0.493569
196,-1.30951,2.68855,0.623609
196,-1.31051,2.69742,0.647968
196,-1.30135,2.69268,0.590963
196,-1.33281,2.72258,0.621695
196,-1.41653,2.66632,0.645467
196,-1.33637,2.69643,0.503504
196,-1.41921,2.65958,0.596059
196,-1.3481,2.73961,0.619586
196,-1.4118,2.70085,0.650846
196,-1.40341,2.70864,0.647051
196,-1.34807,2.69657,0.477678
196,-1.35178,2.73931,0.589293
196,-1.36027,2.69649,0.480063
196,-1.37282,2.6448,0.369144
196,-1.42292,2.68525,0.596202
196,-1.38339,2.72842,0.616653
196,-1.41485,2.6926,0.591003
196,-1.39298,2.72117,0.616017
196,-1.40458,2.69445,0.563027
196,-1.38131,2.67695,0.458449
196,-1.39217,2.72689,0.614204
196,-1.36662,2.70325,0.474526
196,-1.36149,2.73618,0.549768
196,-1.39647,2.69224,0.506145
196,-1.38483,2.73634,0.579923
196,-1.38618,2.74888,0.608822
196,-1.3952,2.73014,0.579134
196,-1.39137,2.68904,0.45589
196,-1.38763,2.70053,0.476814
196,-1.38555,2.69182,0.448234
196,-1.38574,2.72721,0.539865
196,-1.40977,2.71194,0.554152
196,-1.41463,2.70891,0.553779
196,-1.42186,2.71326,0.57179
196,-1.39624,2.73967,0.571081
196,-1.47287,2.66399,0.393881
196,-1.45523,2.69918,0.372068
196,-1.44689,2.69759,0.313917
196,-1.48105,2.69745,0.387629
196,-1.44938,2.70354,0.318077
196,-1.45631,2.70361,0.308115
196,-1.6237,2.35772,-0.255581
196,-1.45398,2.71326,0.249512
196,-1.47248,2.72789,0.259304
196,-1.52627,2.71359,0.331173
196,-1.54998,2.67142,0.205516
196,-1.55652,2.68909,0.258389
196,-1.54972,2.72881,0.337564
196,-1.57614,2.71613,0.334618
196,-1.52544,2.72575,0.216619
196,-1.55554,2.73888,0.316656
196,-1.62586,2.47935,-0.247033
196,-1.57228,2.68512,0.179513
196,-1.56648,2.72264,0.258073
196,-1.559,2.7133,0.177531
196,-1.58179,2.73978,0.299346
196,-1.62149,2.5082,-0.237936
196,-1.53424,2.76652,0.231519
196,-1.53438,2.75689,0.204246
196,-1.55132,2.72758,0.163884
196,-1.52891,2.76374,0.194646
196,-1.56534,2.76879,0.265397
196,-1.5385,2.76431,0.18829
196,-1.73688,2.43909,-0.264377
196,-1.57818,2.77749,0.263048
196,-1.54159,2.78863,0.195976
196,-1.55516,2.7903,0.225327
196,-1.19399,2.79398,-0.631405
196,-1.69274,2.528,-0.242899
196,-1.72509,2.51636,-0.250223
196,-1.81686,2.45236,-0.277356
196,-1.64157,2.84952,0.0538223
196,-2.22977,2.89449,-0.278853
196,-3.14073,2.7123,1.06323
196,-1.9499,3.24162,-0.587689
196,-2.4401,2.99876,-0.285493
196,-2.44545,3.11155,-0.331978
196,-3.18435,3.01549,0.990468
196,-2.47667,3.16508,-0.352555
196,-2.56023,3.22242,-0.393718
196,-3.46855,3.01628,1.07341
196,-3.1754,3.11069,-0.214393
196,-3.19499,3.12575,-0.19912
196,-3.42468,3.19265,-0.0977415
196,-3.51923,3.17871,-0.181861
196,-3.11577,3.74588,-0.488262
196,-1.92033,5.31789,0.676361
196,-2.91733,4.02429,-0.623646
196,-2.18978,4.4175,-1.35098
196,-2.1249,5.25316,0.605571
196,-2.04994,5.34378,0.667918
196,-2.99017,4.04704,-0.658846
196,-1.86152,4.98621,-0.863537
196,-1.72837,4.99771,-1.17913
196,-1.88267,4.97382,-0.898787
196,-2.99174,4.12903,-0.668714
196,-2.99456,4.06166,-0.916275
196,-2.0781,5.4461,0.647967
196,-2.18368,5.35456,0.605908
196,-2.2163,5.48894,0.954664
196,-1.59993,6.16509,0.9374
196,-1.8364,5.97383,0.917662
196,-2.02327,5.12236,-0.956104
196,-2.39588,5.27842,-0.0256044
196,-1.53923,5.70091,-1.05747
196,-1.45178,2.82065,0.16591
194,-1.45178,2.82065,0.16591
197,-1.26919,2.64766,0.646443
197,-1.30639,2.69226,0.645951
197,-1.31553,2.68922,0.6177
197,-1.32631,2.70868,0.615827
197,-1.33555,2.72993,0.614058
197,-1.39919,2.69029,0.650814
197,-1.41392,2.67526,0.593286
197,-1.41419,2.679,0.578845
197,-1.38256,2.72618,0.60907
197,-1.42764,2.67135,0.591884
197,-1.42777,2.67481,0.577422
197,-1.3894,2.71787,0.580051
197,-1.42233,2.73534,0.64042
197,-1.44154,2.73206,0.654467
197,-1.42629,2.7169,0.556332
197,-1.44475,2.72526,0.567304
197,-1.51584,2.69375,0.321863
197,-1.55143,2.71664,0.340938
197,-1.54266,2.73299,0.337756
197,-1.64375,2.39212,-0.241647
197,-1.67981,2.35468,-0.253108
197,-1.54967,2.74555,0.325778
197,-1.63818,2.42081,-0.251175
197,-1.6507,2.40767,-0.252243
197,-1.64069,2.42344,-0.249601
197,-1.55633,2.74465,0.30257
197,-1.55999,2.74738,0.312693
197,-1.57016,2.7464,0.312377
197,-1.57613,2.74296,0.292799
197,-1.59895,2.7911,0.260867
197,-1.7401,2.47656,-0.260611
197,-1.79187,2.42703,-0.257665
197,-1.76744,2.47001,-0.258877
197,-1.81155,2.43682,-0.266226
197,-1.66228,2.87243,0.0761453
197,-2.75734,1.78527,-0.80695
197,-2.11307,2.83651,-0.239654
197,-2.24633,2.87179,-0.258732
197,-2.4026,2.95815,-0.259862
197,-3.04969,2.14419,-0.58256
197,-2.40971,3.00417,-0.282183
197,-2.4414,3.05639,-0.290318
197,-3.18173,2.12455,-0.62477
197,-2.83676,2.72884,-0.220097
197,-3.12493,2.93824,1.00348
197,-3.15526,2.92734,1.00302
197,-3.12632,3.01626,1.10844
197,-2.87772,2.76013,-0.226162
197,-2.87839,2.77877,-0.191599
197,-2.88732,2.79018,-0.183706
197,-2.80687,2.87399,-0.217298
197,-2.52281,3.13753,-0.329713
197,-3.32624,2.91325,1.18786
197,-3.19172,3.05613,1.11847
197,-2.83409,2.89179,-0.226125
197,-2.92938,2.79663,-0.248519
197,-3.38183,2.32654,-0.262911
197,-2.88177,2.89566,-0.224748
197,-3.17344,3.14913,1.12642
197,-3.06694,2.90152,-0.140811
197,-2.95707,2.99249,-0.230472
197,-2.98422,3.01082,-0.225352
197,-3.12447,2.94526,-0.142205
197,-3.3381,2.96638,0.238941
197,-3.30663,2.99719,0.226826
197,-3.01289,3.13132,-0.221061
197,-3.11411,3.06963,-0.175104
197,-3.05003,3.12515,-0.233982
197,-3.06868,3.10909,-0.235967
197,-3.26839,3.1728,0.366566
197,-3.09777,3.14897,-0.219292
197,-3.13976,3.1179,-0.187671
197,-3.11284,3.17975,-0.212505
197,-3.11875,3.19023,-0.210926
197,-3.46908,3.06107,0.215037
197,-3.44641,3.08912,0.216421
197,-2.90421,3.5283,-0.394036
197,-3.40913,3.11734,-0.156027
197,-3.42289,3.12577,-0.156113
197,-3.41786,3.12623,-0.171086
197,-3.5869,3.14618,0.197306
197,-3.48865,3.12091,-0.185272
197,-3.64361,3.21772,0.0688864
197,-3.70613,3.22675,0.171349
197,-1.89322,4.74785,-1.22194
197,-2.21807,5.35116,0.967173
197,-1.87463,4.97062,-0.901829
197,-3.03134,4.18997,-0.698196
197,-3.07326,4.17352,-0.695783
197,-2.29735,5.31016,-0.0604802
197,-3.21159,4.35871,-0.588671
197,-3.45961,4.32603,-0.531246
197,-3.45752,4.36179,-0.672807
197,-3.53851,4.40887,-0.559691
197,-3.53004,4.50208,-0.575469
197,-3.15494,2.82243,-0.241895
196,-3.15494,2.82243,-0.241895
197,-1.80615,3.03344,-0.479158
196,-1.80615,3.03344,-0.479158
197,-1.33085,2.48281,0.428658
196,-1.33085,2.48281,0.428658
197,-1.7656,2.98879,-0.440219
196,-1.7656,2.98879,-0.440219
197,-1.59409,2.75886,0.0853826
195,-1.59409,2.75886,0.0853826
197,-2.30243,2.85754,-0.223764
195,-2.30243,2.85754,-0.223764
197,-1.59601,2.36965,-0.215802
195,-1.59601,2.36965,-0.215802
197,-1.61607,2.50547,-0.275809
195,-1.61607,2.50547,-0.275809
198,-1.26395,2.25337,-0.286333
198,-1.28283,2.27576,-0.306613
198,-1.26906,2.64565,0.470326
198,-1.28041,2.66237,0.467027
198,-1.29398,2.6942,0.531665
198,-1.32784,2.6856,0.499341
198,-1.39561,2.69266,0.649256
198,-1.35338,2.71009,0.553129
198,-1.35564,2.72068,0.549461
198,-1.38378,2.72415,0.61621
198,-1.39723,2.66875,0.518268
198,-1.38657,2.71444,0.57401
198,-1.39303,2.73011,0.615008
198,-1.3884,2.73167,0.581549
198,-1.37942,2.70316,0.475751
198,-1.42131,2.69758,0.561872
198,-1.40315,2.67605,0.430441
198,-1.38704,2.70194,0.431049
198,-1.41716,2.72907,0.420451
198,-1.48583,2.72432,0.372037
198,-1.62166,2.37248,-0.280991
198,-1.57712,2.75271,0.248686
198,-1.75432,2.55268,-0.268239
198,-1.6658,2.90701,0.037531
198,-2.55249,1.9353,-0.175223
198,-1.71964,2.91764,-0.389392
198,-2.64444,1.98652,-0.186933
198,-1.74768,2.97309,-0.411462
198,-1.51215,3.172,-0.616675
198,-2.94614,1.69119,-0.197982
198,-2.66036,2.00344,-0.335548
198,-1.54815,3.25169,-0.685927
198,-2.71255,2.0387,-0.361679
198,-2.79653,2.13706,-0.0247182
198,-2.16266,2.87998,-0.262446
198,-2.86316,2.02656,-0.518187
198,-2.93078,2.05603,-0.516362
198,-2.2526,2.98397,-0.317709
198,-2.94118,2.06095,-0.55932
198,-3.0652,2.33344,0.392415
198,-2.25067,3.04135,-0.33284
198,-3.06887,2.46916,0.18335
198,-3.08554,2.4768,0.185096
198,-2.92555,2.50413,-0.223947
198,-2.51575,3.07121,-0.299334
198,-2.86415,2.76033,-0.164065
198,-2.92121,2.70581,-0.13599
198,-3.0249,2.7934,0.296619
198,-3.31802,2.86242,1.2457
198,-2.89358,2.76992,-0.175217
198,-3.35623,2.42235,0.257462
198,-2.88288,2.79695,-0.204403
198,-3.17566,2.97348,0.990331
198,-2.90077,2.82042,-0.217346
198,-3.43876,2.46942,0.292201
198,-3.24196,3.20311,1.14369
198,-3.12242,2.93325,-0.167769
198,-3.63272,2.52106,0.246674
198,-2.76632,3.38121,-0.334638
198,-3.33492,2.97141,0.230941
198,-2.63927,3.5141,-0.460545
198,-3.20935,2.99904,-0.196847
198,-3.15542,3.13375,-0.2022
198,-3.13519,3.19347,-0.272632
198,-3.25771,3.2174,0.0885517
198,-3.44324,3.04544,0.196427
198,-3.64993,2.33494,-0.871704
198,-3.34463,3.24888,0.380199
198,-3.4086,3.29715,0.653913
198,-3.44009,3.33734,0.811931
198,-3.16665,3.21412,-0.28339
198,-3.22247,3.18427,-0.224598
198,-3.88337,2.72308,0.495522
198,-3.44148,3.34522,0.706143
198,-3.35578,3.299,0.362168
198,-3.37732,3.31441,0.40491
198,-3.2625,3.21854,-0.132591
198,-3.38422,3.31444,0.356572
198,-3.38341,3.36176,0.439639
198,-3.931,2.74604,0.513333
198,-3.32981,3.27527,0.07424
198,-3.22097,3.26723,-0.283441
198,-3.41594,3.38616,0.429758
198,-4.04628,3.02923,1.22001
198,-3.30854,3.35645,-0.270161
198,-4.01365,2.72932,0.191442
198,-3.45635,3.25536,-0.12932
198,-4.13789,2.78533,0.587883
198,-3.48987,3.32905,0.0102249
198,-3.71311,3.29371,0.0583026
198,-3.74304,3.31639,0.0546594
198,-1.88621,5.10971,-1.04657
198,-4.1475,2.86665,-0.127527
198,-3.76232,3.51848,-0.231782
198,-4.21639,2.95764,-0.342735
198,-4.50892,3.0438,0.238353
198,-3.13064,4.27369,-0.739055
198,-3.15921,4.40085,-0.819522
198,-3.39537,4.5957,-0.879203
198,-4.86521,3.33863,-0.69321
198,-3.97618,4.70824,-0.876447
198,-11.7578,5.49773,2.08014
198,-2.71696,3.7238,-0.356901
195,-2.71696,3.7238,-0.356901
198,-1.97633,4.98778,-1.20354
194,-1.97633,4.98778,-1.20354
199,-1.24213,2.35727,-0.287223
199,-1.39691,2.71455,0.610352
199,-1.40897,2.67569,0.554822
199,-1.36787,2.73681,0.543705
199,-1.39226,2.71993,0.569078
199,-1.43206,2.74133,0.411959
199,-2.18685,1.91047,0.511805
199,-1.62387,2.37511,-0.286931
199,-1.57513,2.76522,0.29452
199,-1.55166,2.78234,0.17513
199,-1.58895,2.77368,0.242056
199,-1.59728,2.76976,0.243817
199,-1.59647,2.77372,0.223937
199,-1.60566,2.80015,0.135055
199,-2.34355,2.01413,0.497251
199,-1.61503,2.82666,0.132143
199,-1.62711,2.85493,0.0521399
199,-2.40984,1.85604,-0.049163
199,-2.7423,1.33021,-0.64274
199,-2.64222,2.14762,0.762183
199,-2.57488,1.68759,-0.621751
199,-2.71865,1.61635,-0.40198
199,-2.85448,1.72763,-0.067687
199,-2.65006,1.73549,-0.701707
199,-2.61404,1.77947,-0.739704
199,-2.66716,1.8574,-0.48822
199,-2.6764,2.0136,-0.163197
199,-2.92445,1.72464,-0.0865025
199,-2.6787,1.75587,-0.775632
199,-2.67529,1.7893,-0.784536
199,-2.71693,1.75724,-0.741207
199,-2.71802,1.87573,-0.517983
199,-3.02249,1.70591,-0.0376431
199,-2.9618,1.67434,-0.284388
199,-2.22454,2.67943,-0.234179
199,-2.80241,1.9986,-0.0593132
199,-2.22882,2.68209,-0.242115
199,-3.44691,1.76165,1.07987
199,-3.42949,1.75093,0.966494
199,-2.78184,1.97123,-0.433339
199,-2.76498,2.03752,-0.384823
199,-2.17271,2.92038,-0.283541
199,-2.90192,2.04776,-0.0897048
199,-2.81441,2.10381,-0.227975
199,-3.59568,1.76618,1.0882
199,-3.60241,1.73955,0.993395
199,-3.12453,2.29179,0.278339
199,-3.14951,2.30575,0.324188
199,-2.8284,2.57869,-0.138998
199,-2.85037,2.59558,-0.142682
199,-2.50075,3.05955,-0.30689
199,-2.49783,3.0717,-0.309621
199,-3.00495,2.7687,0.296117
199,-3.20189,2.94568,1.12275
199,-3.16982,2.95285,0.99638
199,-3.21813,2.93885,0.991715
199,-3.00338,2.82712,-0.125651
199,-2.93723,2.92678,-0.247225
199,-3.58038,2.55752,0.548998
199,-3.56905,2.47532,0.186251
199,-3.11954,3.12443,-0.301234
199,-3.84239,2.64453,0.484339
199,-3.82523,2.69657,0.524155
199,-3.17508,3.23232,-0.262561
199,-3.16435,3.25378,-0.289122
199,-3.76501,2.64814,0.0779207
199,-3.21957,3.26501,-0.254669
199,-3.22164,3.25655,-0.304205
199,-3.24111,3.29218,-0.281517
199,-3.39013,3.29487,0.0739035
199,-3.37054,3.43648,-0.284327
199,-4.14614,1.87838,-1.62697
199,-4.20609,2.8668,0.132531
199,-4.03762,2.545,-1.05791
199,-3.70902,3.36183,-0.26563
199,-3.76694,3.37171,-0.279698
199,-3.0648,4.17085,-0.712266
199,-3.81267,3.5664,-0.208761
199,-4.51959,2.09638,-1.3925
199,-4.51477,2.01083,-1.61202
199,-4.69224,2.12352,-1.34812
199,-4.16368,3.77709,0.500144
199,-3.29548,4.45706,-0.917659
199,-3.64371,4.8928,-0.787096
199,-2.11362,2.94824,-0.302918
197,-2.11362,2.94824,-0.302918
199,-1.89865,2.88888,-0.365045
197,-1.89865,2.88888,-0.365045
199,-2.40747,1.62931,-0.589527
197,-2.40747,1.62931,-0.589527
199,-3.42202,4.61859,-0.895655
196,-3.42202,4.61859,-0.895655
199,-1.64635,2.32391,-0.204695
195,-1.64635,2.32391,-0.204695
199,-1.70534,2.41001,-0.230391
195,-1.70534,2.41001,-0.230391
199,-2.04922,2.76408,-0.153564
195,-2.04922,2.76408,-0.153564
200,-1.2674,2.24103,-0.290944
200,-1.63334,2.37764,-0.285469
200,-2.51799,1.51306,0.554373
200,-1.61874,2.74983,0.301049
200,-1.6257,2.7793,0.238587
200,-2.69583,1.60473,0.53583
200,-2.67297,1.54062,-0.556927
200,-2.58552,1.90089,-0.154069
200,-2.60098,1.94506,-0.133747
200,-2.73113,1.55228,-0.587359
200,-2.73443,1.56204,-0.579999
200,-2.68127,1.93169,-0.00655043
200,-2.80342,1.62199,-0.311421
200,-2.98517,1.68628,0.283646
200,-2.74067,1.95943,-0.0330685
200,-2.65682,2.01439,-0.176426
200,-2.71919,2.00565,-0.180744
200,-2.98118,1.74591,-0.092288
200,-2.18145,2.86983,-0.263982
200,-3.00768,1.69175,-0.239734
200,-3.08069,1.74456,-0.268735
200,-2.82993,2.05631,-0.404887
200,-2.88135,2.07473,-0.24803
200,-2.88913,2.07471,-0.248393
200,-3.02431,2.21836,0.303624
200,-3.05416,2.2346,0.359219
200,-2.93718,2.15116,-0.275799
200,-2.93593,2.16047,-0.278691
200,-2.78774,2.52263,-0.0694
200,-3.02247,2.41837,0.198584
200,-2.87453,2.58567,-0.145864
200,-2.85553,2.70529,-0.14742
200,-3.12725,2.49191,0.174863
200,-3.33047,2.70287,1.17761
200,-3.17039,2.93798,1.00883
200,-3.36777,2.74196,1.1704
200,-3.04534,2.79329,0.28168
200,-3.26683,2.87034,1.05903
200,-2.89127,2.7847,-0.239736
200,-2.91198,2.77727,-0.241042
200,-2.94661,2.79007,-0.253508
200,-3.22504,3.06058,0.990491
200,-3.46095,2.41512,0.28839
200,-3.4599,2.41588,0.246907
200,-2.92356,2.96465,-0.256591
200,-3.51989,2.45569,0.28544
200,-3.52755,2.46267,0.213121
200,-3.36613,3.25463,0.955701
200,-3.36525,3.25625,0.884053
200,-3.311,3.21748,0.367891
200,-3.81681,2.63677,0.610612
200,-3.17316,3.22717,-0.223978
200,-3.18682,3.25159,-0.247578
200,-3.18655,3.26418,-0.259798
200,-3.47686,3.06955,0.202239
200,-3.8064,2.66252,0.306184
200,-4.25983,2.09107,0.0412768
200,-3.11784,3.73984,-0.485446
200,-4.19272,2.8678,0.451958
200,-3.83849,3.41799,0.0303462
200,-4.37415,2.81254,-0.337914
200,-3.25399,4.4872,-0.828325
200,-4.43542,3.15583,-0.569717
200,-4.71984,2.12351,-1.91899
200,-4.04753,4.78799,-0.850229
200,-2.35346,2.89415,-0.238373
198,-2.35346,2.89415,-0.238373
200,-1.68244,2.26207,-0.164658
196,-1.68244,2.26207,-0.164658
201,-0.734607,0.746414,0.721297
201,-0.734973,0.74713,0.720001
201,-2.76073,1.66107,-0.476078
201,-2.1412,2.86256,-0.256325
201,-2.77608,1.75205,-0.548559
201,-2.64915,1.95328,-0.621517
201,-3.22795,1.77124,0.798467
201,-3.02581,1.337,-0.660612
201,-2.73199,1.78354,-0.74804
201,-2.86418,1.68587,-0.530266
201,-2.87122,1.79226,-0.39448
201,-3.06898,1.2814,-0.741652
201,-3.09682,1.75077,0.191763
201,-3.14546,1.75176,0.274531
201,-3.12254,1.75754,0.193445
201,-2.78474,2.23898,-0.0312629
201,-3.39401,1.36214,0.215139
201,-3.03776,1.70572,-0.424024
201,-3.46017,1.76204,0.972215
201,-3.21968,1.78065,0.250988
201,-2.84124,1.80185,-0.871232
201,-2.88462,2.05957,-0.285879
201,-3.09575,1.72306,-0.276679
201,-2.95092,2.10739,-0.0400016
201,-3.23257,1.78708,0.19982
201,-2.90049,2.12136,-0.245167
201,-2.88337,1.86236,-0.850865
201,-3.42586,1.87338,0.797293
201,-3.63182,1.74152,0.995997
201,-3.65335,1.77315,1.10026
201,-2.97965,2.1257,-0.329076
201,-3.06345,2.10864,-0.142882
201,-3.27431,1.79882,-0.128675
201,-2.99198,1.99556,-0.658131
201,-3.29059,1.80331,-0.117862
201,-3.25252,1.80232,-0.345101
201,-3.31484,2.39671,0.941423
201,-3.21583,2.77423,1.21768
201,-3.29193,1.809,-0.342807
201,-3.29668,1.81099,-0.328354
201,-2.94846,2.46201,-0.211459
201,-3.16647,2.2962,0.036162
201,-3.07639,2.11337,-0.588977
201,-3.14433,2.86064,0.989739
201,-3.08704,2.1098,-0.583793
201,-3.2541,2.73518,1.07007
201,-3.30448,1.77139,-0.56702
201,-3.10664,2.09955,-0.586288
201,-2.98671,2.50703,-0.228506
201,-3.14047,2.92759,0.993466
201,-3.51826,1.86022,0.129666
201,-3.53551,1.8676,0.15275
201,-3.20941,2.93644,1.12524
201,-3.33629,1.78589,-0.622248
201,-2.90325,2.75424,-0.168809
201,-2.88952,2.79639,-0.217112
201,-3.56958,1.87664,0.164944
201,-3.33824,2.35041,0.294643
201,-3.59079,1.87897,0.157849
201,-3.34246,2.3543,0.271514
201,-3.47031,1.85374,-0.288272
201,-2.87535,2.91024,-0.241294
201,-2.90205,2.89761,-0.233352
201,-3.39136,2.38188,0.233699
201,-3.24157,3.11424,1.1134
201,-3.12443,2.84827,0.260579
201,-3.23611,3.18724,1.18972
201,-3.01999,2.84821,-0.121194
201,-3.47065,1.83892,-0.667793
201,-3.60277,2.51582,0.951052
201,-3.23527,3.13403,0.924915
201,-3.26717,3.21015,1.1484
201,-3.55316,1.87947,-0.455895
201,-3.17008,2.89008,0.22815
201,-3.34681,3.27724,1.21255
201,-3.06856,3.01122,-0.181174
201,-3.65731,1.91892,-0.477961
201,-3.04532,3.10848,-0.185597
201,-3.29321,2.92995,0.242201
201,-3.21392,3.13815,0.347761
201,-3.26917,3.04307,0.320453
201,-3.26773,3.05241,0.32609
201,-3.2913,3.22946,0.714452
201,-3.86194,1.90193,-0.0103629
201,-3.52368,2.34755,-0.257663
201,-3.89337,1.91478,0.0415037
201,-3.19502,3.13486,0.124049
201,-3.44159,2.4093,-0.485723
201,-3.07931,3.16337,-0.247563
201,-3.33594,3.24604,0.657965
201,-3.11944,3.13222,-0.233598
201,-3.2668,3.22747,0.390701
201,-3.09274,3.17237,-0.255953
201,-3.94456,1.90734,-0.0095678
201,-3.12062,3.17311,-0.238492
201,-3.76286,2.90054,1.17318
201,-3.51196,2.56724,-0.260623
201,-3.39444,3.01421,0.203343
201,-3.37838,3.06969,0.20328
201,-3.28613,3.01909,-0.172732
201,-3.41855,3.03247,0.216695
201,-4.00944,1.95247,0.0291511
201,-3.38645,3.06145,0.12996
201,-3.30021,3.17974,0.0471643
201,-3.42643,3.15869,0.39114
201,-3.30257,3.23401,0.0872425
201,-3.61881,2.6304,-0.169435
201,-3.4377,3.0915,0.115586
201,-3.47188,3.19123,0.379091
201,-3.5449,3.30864,0.792737
201,-3.47159,3.13904,0.196276
201,-3.96119,1.85595,-1.01179
201,-3.89312,2.55828,-0.201598
201,-3.89238,2.56198,-0.211628
201,-3.76308,2.426,-0.929421
201,-3.76321,3.30161,0.655532
201,-4.05177,1.94945,-1.16166
201,-3.83845,3.35401,0.65207
201,-4.16502,2.05656,-1.01401
201,-4.33157,1.96827,-1.50797
201,-4.41651,1.99562,-1.56117
201,-4.29996,2.6496,-1.10578
201,-4.42901,2.16679,-1.6974
201,-3.2062,2.84754,-0.228797
199,-3.2062,2.84754,-0.228797
201,-3.28647,2.42035,0.536277
199,-3.28647,2.42035,0.536277
201,-3.26467,2.86142,-0.269624
198,-3.26467,2.86142,-0.269624
201,-3.29301,3.26251,0.450132
198,-3.29301,3.26251,0.450132
201,-3.02084,2.95176,0.362805
197,-3.02084,2.95176,0.362805
201,-3.26897,2.88113,-0.274361
197,-3.26897,2.88113,-0.274361
201,-3.66835,3.31331,-0.552845
195,-3.66835,3.31331,-0.552845
201,-2.80949,2.71801,-0.235942
195,-2.80949,2.71801,-0.235942
202,-0.785572,0.644767,0.712113
202,-0.786022,0.646189,0.713704
202,-0.97923,0.625822,0.675101
202,-0.974937,0.629227,0.622439
202,-2.4758,1.39372,0.663712
202,-3.00903,1.38979,0.440411
202,-3.0383,1.40521,0.43798
202,-2.8671,1.31296,-0.50723
202,-2.88809,1.29089,-0.516682
202,-2.95606,1.3133,-0.343818
202,-3.11953,1.33899,0.22247
202,-2.94151,1.29978,-0.429041
202,-3.12715,1.3348,0.216693
202,-2.97093,1.35648,-0.341938
202,-2.95392,1.3519,-0.442569
202,-2.8008,2.26538,0.433808
202,-3.1479,1.37426,0.182013
202,-3.15019,1.37918,0.175537
202,-2.99557,1.29638,-0.47624
202,-3.11551,1.72246,0.486814
202,-2.93583,1.33288,-0.740514
202,-3.00384,1.37141,-0.465096
202,-3.17713,0.888626,-0.70545
202,-2.96865,1.33849,-0.759241
202,-2.97914,2.52967,1.04102
202,-3.16312,1.77301,0.46938
202,-3.09977,1.76702,0.219289
202,-3.16466,1.79988,0.468817
202,-3.12262,1.42623,-0.407414
202,-3.03296,2.32257,0.617423
202,-3.34685,1.34651,0.148351
202,-3.35114,1.34056,0.135692
202,-3.22179,1.48551,-0.0808674
202,-2.89302,1.67725,-0.883543
202,-3.21411,1.45892,-0.170633
202,-2.86693,2.29706,-0.0536148
202,-2.89614,1.69425,-0.88515
202,-3.08488,1.80337,-0.145674
202,-3.34629,1.57203,0.324251
202,-2.90727,1.7238,-0.897877
202,-3.3097,1.32875,-0.19957
202,-3.22279,1.75461,0.0740062
202,-2.92332,1.7527,-0.91718
202,-3.21135,1.45378,-0.443225
202,-3.26098,1.78205,0.208126
202,-3.22725,1.77311,0.049719
202,-2.95615,2.09499,-0.356914
202,-3.24941,1.76617,0.103295
202,-3.14766,1.82395,-0.165883
202,-3.25333,1.78321,0.10592
202,-3.17735,1.81272,-0.143673
202,-3.25224,1.7857,0.0429964
202,-3.17096,1.84423,-0.174949
202,-3.68272,1.37724,0.788763
202,-3.31962,1.53919,-0.159472
202,-3.18215,1.82623,-0.184893
202,-3.50383,1.37823,0.177506
202,-3.29387,1.79203,0.096616
202,-3.20404,2.72678,1.20446
202,-3.14568,2.28406,0.342682
202,-3.19528,1.8559,-0.186498
202,-3.51672,1.38261,0.149574
202,-2.93143,1.92097,-0.95849
202,-3.31487,1.80018,0.0915789
202,-3.19802,1.5009,-0.754339
202,-3.40606,1.57223,0.0163584
202,-3.51247,1.38165,0.0611786
202,-2.92878,2.11336,-0.761341
202,-3.37708,1.56529,-0.178845
202,-3.01622,2.41199,-0.108876
202,-3.5445,1.39752,0.0583415
202,-3.59858,1.40921,0.222714
202,-3.45421,1.3696,-0.310487
202,-3.30481,1.80742,-0.167315
202,-3.44771,1.36249,-0.380266
202,-3.15647,2.91467,0.987304
202,-3.54286,1.65359,0.323747
202,-3.19044,1.7765,-0.643601
202,-3.19294,1.78976,-0.646841
202,-3.33339,1.82951,-0.158868
202,-3.33349,1.82422,-0.177208
202,-3.48342,1.61722,-0.0145518
202,-3.48382,1.62129,-0.0372735
202,-3.08072,2.17287,-0.530181
202,-3.53745,1.65491,0.155478
202,-2.97489,2.64195,-0.195554
202,-3.08149,2.19913,-0.534286
202,-3.25572,2.33383,0.216248
202,-3.33448,1.83061,-0.302671
202,-3.26617,2.88271,1.06111
202,-3.55391,1.38606,-0.279194
202,-3.18688,3.03138,0.989238
202,-3.57739,1.7481,0.321579
202,-3.45631,1.84873,0.0580435
202,-3.28041,2.46124,0.373093
202,-3.3155,2.941,1.19536
202,-3.50908,1.84733,0.165742
202,-3.32723,2.38154,0.356827
202,-3.50815,1.63584,-0.22409
202,-3.45037,1.59072,-0.535664
202,-3.38818,2.45996,0.565471
202,-3.41827,2.46987,0.672707
202,-3.44482,2.41638,0.626385
202,-3.24952,3.21371,1.13151
202,-3.31993,2.36623,0.0564035
202,-3.75012,1.41799,0.0203871
202,-3.22287,3.15305,0.916103
202,-3.3863,2.47158,0.418559
202,-3.97702,1.47926,0.800041
202,-3.58953,1.89261,0.148618
202,-3.40103,2.43319,0.347882
202,-3.77041,1.42161,0.0240611
202,-3.36373,2.39134,0.155894
202,-3.59172,1.89728,0.144829
202,-3.36544,2.40734,0.168532
202,-3.49252,1.87466,-0.299089
202,-3.72456,1.39621,-0.264907
202,-3.82949,1.42886,0.100133
202,-3.36351,2.40183,0.0448271
202,-3.50242,2.51769,0.665671
202,-3.86333,1.43943,0.162668
202,-3.40276,2.43034,0.150611
202,-3.70204,1.38929,-0.472904
202,-3.64814,1.90259,0.0556201
202,-3.89759,1.44442,0.164887
202,-3.64441,1.42888,-0.707288
202,-3.59273,2.43957,0.598025
202,-3.51598,1.88922,-0.490164
202,-3.72373,1.82328,0.037356
202,-3.49233,2.47027,0.25262
202,-3.73753,1.86817,0.0219211
202,-3.48945,2.51408,0.138746
202,-3.64632,1.68016,-0.608579
202,-3.8167,1.86524,0.224704
202,-3.53472,1.86857,-0.707521
202,-3.42298,2.49697,-0.145901
202,-3.77723,1.87159,0.0596968
202,-3.34823,2.65846,-0.215782
202,-4.08352,1.49348,0.410252
202,-3.85283,1.43062,-0.449071
202,-3.91504,1.90057,0.452147
202,-3.62235,1.91361,-0.493188
202,-3.68646,1.85956,-0.370007
202,-3.64315,1.9205,-0.42538
202,-3.81412,1.93009,0.122195
202,-3.70161,1.86661,-0.377981
202,-3.86046,1.43302,-0.524722
202,-3.85549,1.90112,0.130582
202,-3.84048,1.87281,0.0106515
202,-3.95322,1.39294,-0.346908
202,-3.90394,1.89617,0.205213
202,-3.36948,3.13775,0.314298
202,-3.89682,1.92242,0.119896
202,-3.78656,1.84134,-0.401945
202,-4.03081,1.40028,-0.401618
202,-3.86805,1.49434,-0.798119
202,-4.0441,1.43841,-0.400149
202,-4.07032,1.42401,-0.406663
202,-3.96336,2.00565,0.0949247
202,-4.19981,1.49802,-0.0200535
202,-3.87085,1.4696,-1.18182
202,-3.72948,2.4888,-0.170528
202,-3.97744,1.53031,-0.839509
202,-3.7588,2.50859,-0.169375
202,-4.02637,1.49129,-0.94358
202,-4.11771,1.51946,-0.63595
202,-3.78912,2.40017,-0.42807
202,-4.15292,1.5361,-0.633161
202,-4.14089,1.52716,-0.895947
202,-3.89877,2.50577,-0.27025
202,-4.11032,3.15672,1.2579
202,-4.13176,1.53406,-1.34392
202,-4.00686,1.94169,-1.14804
202,-4.05306,1.96626,-0.987809
202,-4.42127,1.03251,-1.3955
202,-4.10467,1.97885,-1.00425
202,-4.27816,1.55523,-1.08054
202,-4.32385,1.58429,-0.959808
202,-4.4155,1.59784,-0.988516
202,-4.18261,1.98784,-1.22279
202,-4.2307,2.11243,-1.07817
202,-5.07873,1.74295,-1.81007
202,-5.2383,1.64919,-1.8794
202,-5.23007,1.72008,-1.88876
202,-5.304,1.77786,-2.05914
202,-3.33819,2.38112,0.168208
201,-3.33819,2.38112,0.168208
202,-3.23221,1.73149,0.282474
201,-3.23221,1.73149,0.282474
202,-3.38193,2.3573,-0.131041
201,-3.38193,2.3573,-0.131041
202,-3.11072,2.4945,0.170936
201,-3.11072,2.4945,0.170936
202,-3.18807,2.25532,-0.136701
201,-3.18807,2.25532,-0.136701
202,-3.3609,1.78765,0.256829
201,-3.3609,1.78765,0.256829
202,-3.43932,2.0209,0.224565
201,-3.43932,2.0209,0.224565
202,-3.88873,2.03701,1.15085
201,-3.88873,2.03701,1.15085
202,-2.42297,3.13034,-0.49335
200,-2.42297,3.13034,-0.49335
202,-3.49079,3.07768,-0.37594
200,-3.49079,3.07768,-0.37594
202,-3.15203,2.93931,-0.171776
199,-3.15203,2.93931,-0.171776
202,-3.25495,2.38522,-0.171577
198,-3.25495,2.38522,-0.171577
202,-2.75875,2.57945,-0.110377
196,-2.75875,2.57945,-0.110377
202,-2.63913,3.07552,-0.465985
195,-2.63913,3.07552,-0.465985
203,-1.02307,0.534978,0.686995
203,-1.02324,0.529749,0.673084
203,-1.02738,0.536495,0.687946
203,-1.05224,0.559792,0.680545
203,-2.85056,0.882899,-0.33063
203,-2.92311,0.906647,-0.258172
203,-3.10672,0.716063,0.00428331
203,-3.02502,1.71544,0.619562
203,-3.12714,1.35874,0.52255
203,-3.15215,0.932136,0.117742
203,-3.11957,1.4021,0.523494
203,-3.14267,1.4211,0.564047
203,-3.44278,0.840292,0.900099
203,-3.04103,0.9124,-0.454815
203,-3.21847,0.891085,0.0646893
203,-3.13503,1.35122,0.283336
203,-3.17007,1.3935,0.441558
203,-3.15161,1.3463,0.312042
203,-3.09828,0.940598,-0.338555
203,-3.16656,0.95367,-0.110819
203,-3.34466,0.830782,0.341725
203,-3.24346,0.901381,0.069212
203,-3.17019,1.36392,0.342056
203,-3.17927,1.3657,0.340532
203,-3.19883,1.40767,0.439538
203,-3.18616,1.42413,0.413322
203,-3.22022,1.48946,0.590393
203,-3.07637,0.871904,-0.649637
203,-3.24532,0.932566,-0.00201219
203,-3.44842,0.800929,0.541908
203,-3.25485,0.946253,0.00863636
203,-3.21685,1.74725,0.794906
203,-3.18792,1.47848,0.371366
203,-3.33461,0.87984,0.172623
203,-3.21709,0.980875,-0.123214
203,-3.48177,0.864119,0.628659
203,-3.29888,0.900908,0.0383133
203,-3.2277,0.976764,-0.128717
203,-3.13969,0.940359,-0.496021
203,-3.28923,0.422406,-0.578566
203,-3.24084,1.34359,0.273413
203,-3.43241,0.840836,0.315802
203,-3.21033,0.954977,-0.320983
203,-3.42063,0.900189,0.273265
203,-3.31614,0.927518,-0.0812444
203,-3.25378,1.3737,0.192499
203,-3.32371,0.936411,-0.0815994
203,-3.42813,0.820742,0.133239
203,-3.44392,0.90296,0.276133
203,-3.501,0.834261,0.389052
203,-3.43451,0.775176,-0.00273317
203,-2.95065,1.60311,-0.720574
203,-3.21671,0.957979,-0.551618
203,-3.12486,1.36757,-0.406086
203,-3.49841,0.834239,0.21339
203,-3.52855,0.86358,0.330589
203,-2.83941,2.02303,-0.710378
203,-3.22594,0.879069,-0.729342
203,-3.27747,1.33252,-0.0317503
203,-3.27117,1.30166,-0.0896966
203,-2.88412,2.04441,-0.646066
203,-3.54266,0.838023,0.23139
203,-3.34878,1.56564,0.33357
203,-3.3881,1.34749,0.204302
203,-3.66299,0.805026,0.522705
203,-3.26774,1.49,-0.0579754
203,-3.50665,0.875072,0.0479102
203,-3.39582,1.35042,0.202713
203,-3.13235,1.41713,-0.651363
203,-3.59188,0.891065,0.323506
203,-3.57954,0.888847,0.267433
203,-3.22239,1.34391,-0.444324
203,-3.20255,1.33031,-0.532065
203,-3.6853,0.845389,0.568583
203,-3.36397,0.992241,-0.396296
203,-3.42387,1.3538,0.198837
203,-3.15746,1.40632,-0.662442
203,-3.35581,1.71483,0.330498
203,-2.9861,2.11744,-0.498295
203,-3.45936,1.3641,0.253505
203,-3.3063,1.79787,0.207674
203,-3.06723,1.64751,-0.789646
203,-3.18186,1.34782,-0.751923
203,-2.93043,1.94504,-0.960306
203,-3.01048,1.75019,-0.94926
203,-3.58801,0.805766,-0.0507951
203,-3.00849,1.80704,-0.956914
203,-3.29174,1.32053,-0.54853
203,-3.25361,1.38615,-0.605585
203,-2.96381,1.90202,-1.04645
203,-3.11774,1.67421,-0.812631
203,-3.24221,1.39817,-0.703283
203,-3.21421,1.80125,-0.350987
203,-3.71512,0.901674,0.272042
203,-3.19034,1.68369,-0.739886
203,-3.72932,1.40688,0.786573
203,-3.28218,1.37245,-0.80743
203,-3.76412,0.865525,0.251925
203,-3.53738,1.80207,0.530166
203,-3.11734,2.11811,-0.603852
203,-3.30626,1.81756,-0.386782
203,-3.31883,1.82246,-0.36907
203,-3.3254,2.40104,0.287922
203,-3.70486,1.39478,0.435151
203,-3.34308,2.34857,0.285822
203,-3.60452,1.38143,0.0535826
203,-3.33493,1.84525,-0.392139
203,-3.6537,1.39323,0.174857
203,-3.67246,1.40848,0.236798
203,-4.10843,0.927785,1.14316
203,-3.77478,1.36311,0.453095
203,-3.35662,1.7747,-0.565217
203,-3.55269,1.87199,0.157392
203,-4.05679,0.146863,-0.0917391
203,-3.72053,1.40421,0.195389
203,-3.70045,1.40053,0.121249
203,-3.90186,0.886309,0.21561
203,-3.58934,0.402511,-1.43041
203,-3.50484,1.38857,-0.613522
203,-3.64012,1.79167,0.313547
203,-3.43865,1.43088,-0.808604
203,-3.25304,2.11035,-0.689723
203,-3.57852,2.78063,1.14067
203,-3.83608,1.42622,0.446711
203,-3.67115,1.79968,0.306584
203,-3.80423,1.46163,0.35738
203,-3.47204,2.44009,0.271966
203,-3.99275,0.86264,0.24141
203,-3.53551,1.39277,-0.724128
203,-4.12809,0.169806,-0.139531
203,-3.33523,2.17466,-0.581984
203,-3.63975,1.37343,-0.456611
203,-3.63705,1.36925,-0.473278
203,-3.57848,1.41528,-0.623455
203,-3.58054,2.49996,0.620874
203,-3.73081,1.79781,0.311249
203,-3.65137,1.37333,-0.454875
203,-3.6398,2.82996,1.15171
203,-3.81489,1.40697,0.0632606
203,-3.58498,1.38766,-0.758608
203,-3.89883,1.56185,0.494665
203,-3.85705,1.58763,0.267106
203,-3.90241,1.02681,-0.304859
203,-3.55058,1.65839,-0.928796
203,-4.0233,0.884427,-0.275442
203,-3.84909,1.34901,-0.350303
203,-3.65015,1.86294,-0.519218
203,-3.95858,1.62332,0.243919
203,-3.80658,0.96126,-1.06488
203,-4.05811,0.988096,-0.230702
203,-4.01566,1.05259,-0.32946
203,-3.80552,1.43798,-0.747638
203,-4.10896,1.00151,-0.227458
203,-3.83328,1.38878,-0.886574
203,-4.22995,0.75846,-0.303162
203,-3.93348,0.958722,-1.13705
203,-3.96331,2.97441,1.23343
203,-3.81451,1.54019,-0.935258
203,-3.8957,1.43212,-0.812514
203,-4.29101,0.716789,-0.344493
203,-3.70973,1.8655,-1.04708
203,-4.17863,1.0646,-0.421519
203,-4.1853,1.0734,-0.420409
203,-4.23217,1.03128,-0.322578
203,-3.87715,1.52877,-1.06033
203,-4.08369,1.07405,-0.887685
203,-4.2164,0.961318,-0.620994
203,-4.08302,2.96034,1.21183
203,-3.80498,1.86282,-1.0709
203,-4.23299,1.01097,-0.631041
203,-3.84523,1.89258,-1.06622
203,-4.22537,0.991648,-0.857704
203,-4.23467,0.996654,-0.862132
203,-5.0075,0.478391,1.18756
203,-3.90098,1.9579,-0.925363
203,-3.86422,1.90639,-1.13909
203,-4.28889,1.02264,-0.702215
203,-3.83411,1.83329,-1.36982
203,-4.26259,0.995344,-0.894138
203,-4.17545,3.12847,1.25372
203,-3.78578,2.40902,-0.950589
203,-4.41769,1.46101,0.0713506
203,-4.24678,0.997106,-1.19766
203,-4.41687,1.00949,-0.67085
203,-4.46681,0.286395,-1.51749
203,-4.44908,1.05553,-0.789803
203,-4.74168,0.788782,-0.47263
203,-4.29436,1.54031,-1.35693
203,-4.62553,1.0684,-1.32872
203,-4.80028,1.07562,-0.831499
203,-4.80572,1.1283,-0.891878
203,-5.96593,2.18968,0.434958
203,-3.41084,1.53739,-0.376236
202,-3.41084,1.53739,-0.376236
203,-2.60731,1.19307,-0.108444
202,-2.60731,1.19307,-0.108444
203,-3.00653,2.55405,1.04354
202,-3.00653,2.55405,1.04354
203,-3.79847,1.79195,1.1858
202,-3.79847,1.79195,1.1858
204,-3.71497,0.613999,0.908221
204,-3.62495,0.42367,0.412356
204,-3.71551,0.628323,0.90873
204,-3.48457,1.86477,0.92512
204,-3.53559,1.90027,1.12403
204,-3.77685,0.323684,0.790628
204,-3.75232,0.33567,0.69461
204,-3.51927,1.8716,0.926062
204,-3.5659,1.33256,0.639089
204,-3.54723,1.39241,0.594064
204,-3.68028,0.403361,0.279806
204,-3.53592,1.44718,0.500256
204,-3.75133,0.343886,0.444371
204,-3.54457,1.44883,0.523422
204,-3.71917,0.437695,0.388336
204,-3.52139,1.91409,0.786588
204,-3.86094,0.300106,0.803517
204,-3.49855,1.37545,0.19994
204,-3.79734,0.855034,0.918178
204,-3.67651,0.385587,0.0759761
204,-3.5526,1.49801,0.450271
204,-3.80178,0.907889,0.924182
204,-3.81244,0.858264,0.922754
204,-3.54093,1.55934,0.439777
204,-3.91617,0.679198,1.07903
204,-3.56083,1.52414,0.350596
204,-3.7079,1.39299,0.790415
204,-3.68093,0.905627,0.295531
204,-3.6904,0.910366,0.305199
204,-3.67607,0.906445,0.246149
204,-3.86066,0.758961,0.816722
204,-3.81485,0.683687,0.551427
204,-3.78826,0.94327,0.626348
204,-3.94719,0.246348,0.658738
204,-3.70226,0.915862,0.240433
204,-3.48277,1.90058,0.175575
204,-3.84658,0.731102,0.611604
204,-3.90755,0.737844,0.786683
204,-3.83587,0.424274,0.259201
204,-4.03548,0.249728,0.860446
204,-3.85926,0.764661,0.596469
204,-3.43561,1.84556,-0.171262
204,-3.87877,0.707431,0.549178
204,-3.93551,0.242521,0.397632
204,-3.8434,0.795986,0.477731
204,-4.00547,0.245915,0.653691
204,-4.09899,0.44012,1.12379
204,-3.40377,1.85767,-0.416511
204,-3.98055,0.334857,0.566437
204,-3.41228,1.85992,-0.396331
204,-4.01069,0.275735,0.593771
204,-3.80688,0.678251,0.133458
204,-3.58553,1.24438,-0.260427
204,-4.0159,0.273421,0.593412
204,-3.90521,0.379211,0.247953
204,-3.49123,1.89684,-0.18115
204,-4.04168,0.287747,0.630176
204,-4.0022,0.227466,0.425698
204,-3.75164,0.406993,-0.412515
204,-3.99656,0.241981,0.379974
204,-3.60943,1.37937,-0.229283
204,-3.62695,1.2598,-0.277651
204,-3.7862,0.410012,-0.342487
204,-3.57691,1.35061,-0.419696
204,-3.80528,0.427322,-0.300133
204,-3.8167,0.415802,-0.267204
204,-3.93847,0.156042,-0.0129271
204,-3.79835,0.395427,-0.368239
204,-3.93907,0.642649,0.347144
204,-3.75379,0.375848,-0.579074
204,-3.94282,0.643306,0.34139
204,-3.64911,1.27121,-0.287095
204,-3.60062,1.34752,-0.420551
204,-3.96452,0.144977,-0.0267553
204,-3.97429,0.157499,-0.0293494
204,-3.84806,0.425999,-0.303199
204,-3.73561,0.875143,-0.427408
204,-3.85451,0.320713,-0.413145
204,-3.7399,0.876283,-0.43298
204,-4.22888,0.465458,1.07947
204,-3.88408,0.429228,-0.259204
204,-3.88251,0.4291,-0.272655
204,-3.64946,1.32031,-0.466423
204,-4.02122,0.11616,-0.027245
204,-3.71716,0.500193,-0.898392
204,-3.90086,0.409449,-0.289244
204,-4.01077,0.188601,-0.0884687
204,-3.83202,0.371276,-0.620634
204,-3.93465,0.379758,-0.303953
204,-4.03239,0.156849,-0.110035
204,-3.93909,0.368478,-0.304989
204,-3.91871,0.324651,-0.419421
204,-3.96552,0.382427,-0.268958
204,-4.04883,0.485053,-0.0252689
204,-3.85916,-0.0484035,-1.15566
204,-4.01077,0.372008,-0.325892
204,-4.04444,0.234755,-0.508
204,-4.0558,0.27749,-0.43984
204,-3.92317,-0.0375033,-1.21798
204,-4.02728,0.230485,-0.787625
204,-4.08086,0.263754,-0.785809
204,-4.14077,0.119408,-1.3023
204,-4.17115,0.143114,-1.33373
204,-4.22023,0.134722,-1.36172
204,-4.20364,0.251692,-1.38697
204,-4.24685,0.266461,-1.41888
204,-3.7009,1.07883,-0.471005
203,-3.7009,1.07883,-0.471005
204,-3.71861,1.05689,-0.721011
203,-3.71861,1.05689,-0.721011
204,-3.67155,0.881783,-0.816166
203,-3.67155,0.881783,-0.816166
204,-3.6138,1.08273,-0.815512
203,-3.6138,1.08273,-0.815512
204,-4.42022,0.208088,1.13289
203,-4.42022,0.208088,1.13289
204,-3.85434,1.71913,1.18595
203,-3.85434,1.71913,1.18595
204,-3.8967,0.212638,1.08777
203,-3.8967,0.212638,1.08777
204,-3.64218,1.62645,1.16219
203,-3.64218,1.62645,1.16219
205,-3.71501,0.85587,0.914431
205,-3.75956,0.878206,1.10055
205,-3.55721,0.956748,0.188595
205,-3.66101,1.42605,0.793833
205,-3.80208,0.864552,1.10386
205,-3.76977,0.808913,0.791055
205,-3.74048,0.678272,0.554236
205,-3.74765,0.825227,0.613214
205,-3.75119,0.922564,0.662045
205,-3.74594,0.971439,0.650822
205,-3.73168,0.825673,0.529931
205,-3.72708,0.849917,0.518408
205,-3.74574,0.960488,0.626667
205,-3.73414,0.949161,0.554896
205,-3.7566,0.791578,0.588172
205,-3.77,0.804175,0.647823
205,-3.71861,0.913239,0.458829
205,-3.76607,0.866663,0.62453
205,-3.77084,0.891504,0.64868
205,-3.61266,1.43764,0.153438
205,-3.77296,0.745193,0.598729
205,-3.74101,0.915995,0.517567
205,-3.72414,0.703926,0.363139
205,-3.69442,0.882323,0.293362
205,-3.63049,1.38476,0.193096
205,-3.62342,1.4274,0.172838
205,-3.81302,0.760486,0.729961
205,-3.75113,0.796502,0.466822
205,-3.86654,0.320272,0.783389
205,-3.79818,0.340286,0.454951
205,-3.84709,0.740356,0.789387
205,-3.83532,0.320973,0.578401
205,-3.93052,0.423853,1.02824
205,-3.62833,1.0607,-0.100495
205,-3.59243,1.07278,-0.257781
205,-3.84045,0.374102,0.543625
205,-3.8334,0.312119,0.481978
205,-3.84481,0.372554,0.541196
205,-3.96377,0.32268,1.02832
205,-3.82115,0.410165,0.419594
205,-3.82198,0.406034,0.421556
205,-3.59803,1.06753,-0.338483
205,-3.66228,0.807236,-0.160116
205,-3.7306,0.883401,0.163641
205,-3.51445,1.4453,-0.584118
205,-3.90384,0.409671,0.73491
205,-3.71433,0.925609,0.0924214
205,-3.75019,0.535501,0.0900324
205,-3.43911,1.46699,-0.958766
205,-3.91638,0.414514,0.722847
205,-3.61879,1.07496,-0.348533
205,-3.46111,1.41966,-0.950172
205,-3.61351,1.07762,-0.411076
205,-3.46858,1.43832,-0.915019
205,-3.61358,1.0578,-0.435351
205,-3.76326,0.704145,0.0713861
205,-3.78483,0.666397,0.133669
205,-3.86154,0.327818,0.338258
205,-3.54625,1.39094,-0.656447
205,-3.77204,0.592025,0.0329879
205,-3.78089,0.567072,0.05705
205,-3.8703,0.315713,0.349735
205,-3.93309,0.387718,0.647409
205,-3.99975,0.343726,0.899131
205,-3.63652,1.08586,-0.422506
205,-3.81046,0.655543,0.180258
205,-3.48888,1.39714,-0.98607
205,-3.74571,0.836207,-0.077612
205,-3.48621,1.39961,-1.02525
205,-3.72191,0.900574,-0.179525
205,-3.6469,1.07275,-0.448514
205,-3.81087,0.541471,0.0720282
205,-4.02275,0.284431,0.898707
205,-3.86368,0.416356,0.249259
205,-3.72172,0.939578,-0.179872
205,-3.81398,0.679986,0.125379
205,-3.65688,0.97693,-0.453523
205,-3.82462,0.660126,0.134095
205,-3.89717,0.448558,0.370053
205,-3.98887,0.243582,0.693625
205,-3.77208,0.744772,-0.073121
205,-3.5959,1.35304,-0.639366
205,-4.01692,0.231627,0.780764
205,-3.82044,0.598572,0.0257273
205,-3.91539,0.327372,0.334192
205,-3.89061,0.382433,0.244667
205,-3.88368,0.397634,0.177327
205,-4.01315,0.237219,0.67546
205,-3.69991,0.995572,-0.468375
205,-3.86196,0.474904,0.0163851
205,-3.92425,0.400493,0.25765
205,-4.01768,0.303675,0.626989
205,-3.92719,0.38995,0.257153
205,-3.80832,0.733727,-0.138972
205,-3.77602,0.960199,-0.199138
205,-4.06438,0.242446,0.793171
205,-3.7667,0.961486,-0.264189
205,-3.86421,0.335686,-0.0839429
205,-3.78148,0.399526,-0.433104
205,-3.72379,0.994865,-0.466826
205,-4.06735,0.21183,0.746902
205,-3.86756,0.368806,-0.0850831
205,-3.6139,1.37891,-0.85142
205,-3.982,0.251888,0.328875
205,-3.99769,0.241325,0.388841
205,-3.87946,0.363494,-0.0859891
205,-4.00677,0.2417,0.409624
205,-3.65251,1.0823,-0.842858
205,-3.86238,0.363781,-0.18999
205,-3.74898,0.914089,-0.487042
205,-3.79831,0.947911,-0.263005
205,-3.99482,0.241765,0.33438
205,-3.77467,0.83993,-0.437708
205,-3.77094,0.940129,-0.449562
205,-3.82313,0.360175,-0.436764
205,-3.9692,0.221456,0.135014
205,-3.91019,0.340281,-0.094077
205,-3.85329,0.435183,-0.336513
205,-3.63166,1.05422,-1.10186
205,-3.83696,0.406463,-0.45915
205,-3.88611,0.341404,-0.284532
205,-3.884,0.37455,-0.284236
205,-3.88226,0.37459,-0.295265
205,-3.80899,0.892723,-0.428239
205,-3.95641,0.126952,-0.0769043
205,-3.74007,1.00331,-0.719144
205,-3.96653,0.149655,-0.0664678
205,-3.96128,0.133614,-0.0980455
205,-3.98022,0.133958,-0.0203279
205,-3.88211,0.431409,-0.342527
205,-3.90244,0.309947,-0.312816
205,-3.93073,0.330429,-0.182415
205,-3.96609,0.149824,-0.0994367
205,-3.98535,0.16623,-0.0217322
205,-3.98482,0.172841,-0.04597
205,-3.97978,0.189506,-0.0678055
205,-3.84441,0.388709,-0.635043
205,-4.00044,0.279821,-0.00658309
205,-3.98932,0.293183,-0.059309
205,-3.84106,0.37828,-0.693522
205,-3.72267,0.917925,-1.02328
205,-4.02741,0.255163,-0.0407257
205,-4.05103,0.269135,0.0651562
205,-4.03145,0.201185,-0.0554081
205,-4.02667,0.201278,-0.096232
205,-3.94942,0.29283,-0.411548
205,-4.04774,0.133878,-0.0450679
205,-4.07422,0.243061,0.102043
205,-4.03166,0.174421,-0.111423
205,-3.96188,0.0645421,-0.472621
205,-3.9733,0.30962,-0.33648
205,-3.94947,0.236692,-0.470675
205,-3.94972,0.249434,-0.468086
205,-3.98093,0.0216763,-0.454984
205,-4.03041,0.0679923,-0.232935
205,-4.17135,-0.830755,-0.0472391
205,-3.99869,0.06751,-0.486502
205,-4.06781,0.0664045,-0.248931
205,-3.97695,0.251214,-0.578842
205,-3.99326,0.245326,-0.57547
205,-3.99522,0.245965,-0.620748
205,-4.20374,-0.72804,-0.114982
205,-4.47443,-0.814481,0.957853
205,-4.08364,0.0245872,-0.502842
205,-3.92921,-0.0105341,-1.22722
205,-4.04445,0.329557,-0.772116
205,-4.055,0.247031,-0.787876
205,-3.88004,1.21051,-1.37401
205,-3.89725,1.2761,-1.31761
205,-3.93374,1.53977,-1.46854
205,-4.30663,0.0230479,-0.579363
205,-3.99255,1.40817,-1.47787
205,-4.15129,0.269883,-1.34281
205,-3.78266,0.226601,-0.534098
204,-3.78266,0.226601,-0.534098
205,-3.73725,0.661221,-0.176054
203,-3.73725,0.661221,-0.176054
206,-2.73837,0.231333,0.740491
206,-2.71455,0.23002,0.569875
206,-2.8183,0.240165,0.843785
206,-2.77822,0.219233,0.575037
206,-2.82227,0.221428,0.696235
206,-2.80756,0.239821,0.588762
206,-2.84291,0.229059,0.569458
206,-2.88404,0.230684,0.69443
206,-3.00201,0.202053,0.561607
206,-3.20289,0.68735,1.05739
206,-3.07676,0.214796,0.462566
206,-3.2027,0.329995,0.360443
206,-3.37204,0.611568,1.07009
206,-3.22728,0.189747,0.176148
206,-3.23873,0.189587,0.226186
206,-3.31266,0.313167,0.290192
206,-3.361,0.259607,0.398494
206,-3.38729,0.350822,0.326363
206,-3.38017,0.320055,0.261923
206,-3.4191,0.359502,0.326375
206,-3.43575,0.361938,0.33274
206,-3.52528,0.225868,0.756945
206,-3.42723,0.217517,0.132658
206,-3.53071,0.15734,0.531935
206,-3.52958,0.156065,0.504166
206,-3.53607,0.139738,0.512748
206,-3.65779,0.0917091,1.07927
206,-3.57743,0.168397,0.634188
206,-3.58643,0.21533,0.657936
206,-3.56064,0.170168,0.500952
206,-3.63016,0.236424,0.810534
206,-3.58653,0.198429,0.592595
206,-3.69275,0.0974784,1.10167
206,-3.60933,0.1993,0.64735
206,-3.606,0.172863,0.562745
206,-3.66307,0.216557,0.844033
206,-3.51368,0.300279,0.018424
206,-3.57646,0.195022,0.327348
206,-3.60651,0.209397,0.473331
206,-3.71975,0.847555,0.913753
206,-3.73537,0.195935,1.0857
206,-3.757,0.18519,1.09402
206,-3.6336,0.205407,0.384013
206,-3.61793,0.159991,0.189969
206,-3.68468,0.213184,0.419232
206,-3.70969,0.155552,0.0281836
206,-3.73389,0.149367,0.0283635
206,-3.92564,-0.897173,0.939228
206,-3.92548,-0.915504,0.930868
206,-3.93243,-0.934892,0.939518
206,-3.90676,-0.906799,0.584536
206,-3.98668,-0.908327,0.941514
206,-3.93074,-0.911043,0.619217
206,-3.94107,-0.906224,0.59679
206,-4.08968,0.384001,1.13705
206,-3.86447,0.209114,-0.0194775
206,-3.96693,-0.917955,0.580406
206,-3.97531,-0.873956,0.594676
206,-4.04367,-0.889382,0.889331
206,-4.03408,-0.89203,0.761484
206,-4.01545,-0.881249,0.636673
206,-4.06826,-0.883959,0.878888
206,-3.90925,-0.816175,0.0249062
206,-3.90879,-0.812861,0.00807768
206,-4.05731,-0.900388,0.761132
206,-4.05816,-0.886618,0.746322
206,-3.93534,1.53629,-0.295334
206,-4.00318,-1.22572,0.484216
206,-3.97231,-0.791547,-0.00935584
206,-3.97978,-0.814901,0.00834638
206,-4.15012,-0.892782,0.749119
206,-3.83654,-0.799973,-0.890118
206,-4.01808,-0.694222,-0.0494989
206,-4.03956,-0.794986,-0.0222286
206,-4.07086,0.230421,-0.105375
206,-4.07528,0.370843,-0.138518
206,-4.06982,-0.830879,-0.0213457
206,-4.07135,-0.693505,-0.0729216
206,-4.14364,0.171661,-0.145185
206,-4.14499,0.185635,-0.145423
206,-4.08763,-0.232254,-0.478244
206,-4.15235,-0.32844,-0.280682
206,-4.00606,-0.792202,-1.00967
206,-4.19445,-0.696242,-0.089712
206,-4.50372,0.473285,1.15134
206,-4.41736,-0.890678,0.744345
206,-4.2039,-0.406827,-0.449736
206,-4.19925,-0.381354,-0.635795
206,-4.23844,-0.43877,-0.462095
206,-4.25203,-0.444822,-0.464331
206,-4.25873,-0.396517,-0.4661
206,-4.15148,-0.767397,-1.0036
206,-4.45367,0.356945,0.284953
206,-4.56798,-0.914028,0.953216
206,-4.35969,0.446262,-0.454193
206,-4.20587,-0.781726,-1.03595
206,-4.68939,0.576926,1.17539
206,-4.34359,0.288061,-0.777792
206,-4.65581,-0.894448,0.881276
206,-4.63282,-0.894056,0.752553
206,-4.67052,-0.867945,0.877935
206,-4.6341,-0.849229,0.662497
206,-4.77749,0.579736,1.11358
206,-4.69157,-0.877785,0.884257
206,-4.69278,-0.859016,0.816981
206,-4.66648,-0.858676,0.664933
206,-4.65151,-0.873018,0.588876
206,-4.65389,-0.894843,0.597855
206,-4.73267,-0.916717,0.896483
206,-4.67662,-0.885465,0.535176
206,-4.71924,-0.897661,0.733662
206,-4.70173,-0.845813,0.549076
206,-4.71037,-0.844628,0.532999
206,-4.77003,-0.877596,0.812621
206,-4.68747,0.73133,0.124267
206,-4.7351,-0.8737,0.573088
206,-4.75248,-0.879072,0.652862
206,-4.71889,0.85344,0.0619718
206,-4.84534,-0.859091,0.973464
206,-4.51828,0.0964738,-0.840492
206,-4.81885,-0.893572,0.568235
206,-4.97014,-0.88078,0.978136
206,-5.00568,-0.911146,0.528765
206,-4.85742,0.371778,-0.994402
206,-5.22963,1.06094,0.29022
206,-5.19138,0.842609,0.0327011
206,-7.22063,-1.34988,1.30921
206,-8.2874,-1.52695,1.42659
206,-3.90635,-0.136969,-0.548762
205,-3.90635,-0.136969,-0.548762
206,-3.89789,-0.034567,-1.2054
204,-3.89789,-0.034567,-1.2054
206,-3.75609,0.937516,0.633655
204,-3.75609,0.937516,0.633655
206,-3.79483,0.673456,0.097725
203,-3.79483,0.673456,0.097725
207,-2.89555,0.220767,-0.084824
207,-3.34949,0.251517,0.710251
207,-3.26294,-1.32707,1.08563
207,-3.16716,-1.38563,0.560327
207,-3.24301,-1.26226,0.487348
207,-3.23433,-1.22229,0.311135
207,-3.27279,-1.28428,0.492898
207,-3.27881,-1.25768,0.430129
207,-3.23982,-1.23937,0.0120753
207,-3.81011,0.793714,1.51303
207,-3.25469,-1.32118,-0.0136865
207,-3.27189,-1.2618,-0.016979
207,-3.39679,0.384338,-0.734514
207,-3.24732,-1.2993,-0.276184
207,-3.58461,0.795744,-0.0633582
207,-3.2503,-1.30139,-0.294331
207,-3.70609,0.0931996,1.0923
207,-3.4731,0.40076,-0.773017
207,-3.7098,0.204143,0.664493
207,-3.99078,0.888529,1.55041
207,-3.50555,0.425425,-0.825585
207,-3.85517,0.874178,-0.230443
207,-3.88176,-1.17065,0.496274
207,-3.90741,-1.18158,0.482851
207,-3.90919,-1.18181,0.490482
207,-3.90994,-1.20744,0.488214
207,-3.93956,-1.15816,0.487596
207,-4.00164,-0.909052,0.598909
207,-4.0318,-0.931149,0.747803
207,-3.86437,-1.13442,-0.0443073
207,-3.85703,-1.17995,-0.0669705
207,-3.92926,-0.808,0.0222111
207,-3.88043,-1.17117,-0.0768105
207,-3.9011,-1.14975,-0.0520943
207,-3.90306,-1.16812,-0.0360915
207,-3.90146,-1.15096,-0.0851198
207,-4.05451,-0.931358,0.578128
207,-4.01804,-0.715116,-0.0711225
207,-4.19125,-1.08461,1.19586
207,-4.05462,-0.687091,-0.0629144
207,-4.21719,1.19658,-0.961949
207,-4.09128,-0.876322,-0.0595341
207,-4.28773,-1.11176,1.2293
207,-4.31919,0.800025,-0.361752
207,-4.17717,-0.877208,-0.0382477
207,-4.44184,1.18827,-0.4139
207,-4.24103,-0.860581,-0.0692337
207,-4.24288,-0.855605,-0.0770998
207,-4.29216,0.36801,-0.8362
207,-4.29378,0.281424,-0.903921
207,-4.17033,-0.847747,-1.08997
207,-4.53451,-0.798586,0.54492
207,-4.56176,-0.801579,0.532548
207,-4.60274,1.25484,-0.902555
207,-4.62712,-0.900687,0.955295
207,-4.56613,-0.818072,0.542769
207,-4.63702,-0.866957,0.734312
207,-4.88027,0.483522,0.915975
207,-4.83708,1.28691,-0.976014
207,-5.15675,1.36378,-0.986166
207,-4.10909,0.166567,-0.138842
206,-4.10909,0.166567,-0.138842
208,-2.51866,-1.68697,1.28553
208,-2.72783,-1.39139,1.17175
208,-2.90939,-1.37992,1.33616
208,-2.94716,-1.38228,1.34036
208,-3.10545,-1.48278,0.511815
208,-3.10554,-1.4978,0.529791
208,-3.2494,-1.3072,0.934682
208,-3.1531,-1.42235,0.562387
208,-3.23761,-1.31013,0.812301
208,-3.2418,-1.30791,0.804989
208,-3.16897,-1.4285,0.568168
208,-3.24479,-1.35007,0.867276
208,-3.26852,-1.318,0.924185
208,-3.25685,-1.34758,0.879436
208,-3.19025,-1.41331,0.566341
208,-3.2685,-1.32076,0.818299
208,-3.167,-1.48904,0.517089
208,-3.18705,-1.44642,0.546526
208,-3.22295,-1.37072,0.556268
208,-3.19629,-1.44798,0.529181
208,-3.82473,-0.810663,0.0414824
208,-3.81918,-1.19565,0.457074
208,-3.90693,-1.16449,0.485195
208,-3.92686,-1.16608,0.483233
208,-3.92921,-1.1722,0.486589
208,-4.77982,-0.879049,0.587919
208,-5.16944,-0.819393,0.530905
209,-1.86194,-1.3354,0.643091
209,-2.67899,-1.37876,1.21489
209,-2.68699,-1.38434,1.16543
209,-2.72566,-1.38147,1.18756
209,-2.74475,-1.39121,1.15583
209,-2.7479,-1.39613,1.15067
209,-2.77399,-1.40778,1.14012
209,-2.88898,-1.39882,1.13114
209,-2.96255,-1.39313,1.44491
209,-3.08867,-1.43784,1.07647
209,-3.09616,-1.43539,1.08496
209,-3.16181,-1.24464,0.553284
209,-3.25252,-1.28944,1.08205
209,-3.18198,-1.24214,0.556566
209,-3.17892,-1.23232,0.516722
209,-3.10453,-1.45604,0.511016
209,-3.1929,-1.26425,0.514628
209,-3.21244,-1.20992,0.506163
209,-3.20427,-1.25813,0.543594
209,-3.148,-1.41778,0.545028
209,-3.13776,-1.46032,0.508551
209,-3.22249,-1.25041,0.559679
209,-3.20426,-1.35279,0.567665
209,-3.1495,-1.47664,0.503336
209,-3.27108,-1.30817,0.826252
209,-3.2842,-1.33327,0.922009
209,-3.24431,-1.26708,0.545029
209,-3.2282,-1.35965,0.545454
209,-3.20783,-1.45259,0.529765
209,-3.21,-1.44961,0.527765
209,-3.28527,-1.36441,0.533997
209,-3.28965,-1.37268,0.544503
209,-3.30156,-1.36957,0.554466
209,-3.30517,-1.36745,0.52824
209,-3.31984,-1.38172,0.55448
209,-3.31501,-1.41019,0.526648
209,-3.32339,-1.40147,0.518422
209,-3.33988,-1.39087,0.513926
209,-3.33624,-1.41775,0.52588
209,-3.34649,-1.39173,0.515834
209,-3.86326,-0.928737,0.918682
209,-3.89065,-0.936363,0.92515
209,-3.95629,-0.940153,0.608636
209,-3.96338,-0.918947,0.574251
209,-3.89694,-1.16012,0.481681
209,-3.94942,-1.16096,0.487167
209,-3.94185,-1.18005,0.473945
209,-4.02805,-0.738514,-0.0757602
209,-3.98634,-1.13546,0.483912
209,-3.91286,-1.16482,-0.065898
209,-3.91544,-1.16543,-0.0894574
209,-3.93747,-1.13628,-0.0701686
209,-3.93403,-1.14955,-0.0628451
209,-3.92807,-1.14829,-0.100892
209,-3.94147,-1.12582,-0.081953
209,-3.93986,-1.12547,-0.104487
209,-3.95768,-1.18469,-0.0901888
209,-3.9953,-1.14621,-0.0945792
209,-3.99326,-1.14578,-0.122049
209,-4.12663,-0.841711,-0.0512364
209,-4.76778,-0.856528,0.86592
209,-4.81701,-0.844655,0.731143
209,-4.92852,-0.804303,0.963133
209,-5.08295,-0.839873,0.956389
210,-2.04537,-0.83471,0.376033
210,-2.12868,-0.858345,0.381313
210,-1.97281,-1.89063,0.44026
210,-2.89352,-1.30305,0.538264
210,-2.82444,-1.85193,1.37919
210,-2.96985,-1.31914,0.531257
210,-2.91619,-1.90645,1.42073
210,-3.18465,-1.27369,1.06208
210,-3.19755,-1.26756,1.07849
210,-3.08598,-1.36064,0.514776
210,-3.12752,-1.31288,0.585607
210,-3.23192,-1.28753,0.926395
210,-3.24199,-1.28908,0.816447
210,-3.22348,-1.39118,0.495432
210,-3.29716,-1.34851,0.586506
210,-3.32087,-1.28584,0.540184
210,-3.43794,-1.06613,0.530447
210,-3.28891,-1.34524,0.474101
210,-3.38034,-1.3748,0.875674
210,-3.35379,-1.29455,0.540648
210,-3.35941,-1.27235,0.490929
210,-3.32693,-1.34444,0.465803
210,-3.13836,-2.04074,1.2394
210,-3.33808,-1.35743,0.470524
210,-3.34215,-1.3848,0.559354
210,-3.37413,-1.33486,0.466962
210,-3.33765,-1.43071,0.489245
210,-3.47353,-1.40331,1.08272
210,-3.41566,-1.2905,0.476422
210,-3.40198,-1.37014,0.456742
210,-3.41791,-1.34697,0.46697
210,-3.43008,-1.35484,0.453863
210,-3.48617,-1.31191,0.460085
210,-3.49449,-1.31172,0.459129
210,-3.51529,-1.30575,0.451291
210,-3.29795,-2.15343,1.28547
210,-3.58458,-1.55762,0.500893
210,-3.58661,-1.5736,0.50628
210,-3.606,-1.59865,0.503912
210,-3.59278,-1.67999,0.44998
210,-3.60977,-1.65964,0.466237
210,-3.63986,-1.70262,0.446663
210,-3.59938,-2.49598,0.175088
210,-3.80828,-2.67847,0.15792
210,-3.90886,-2.74167,0.165065
210,-4.01009,-2.76752,0.147491
210,-4.04805,-2.96479,0.381318
210,-4.10896,-2.98598,0.380808
210,-4.15337,-3.0159,0.375327
210,-4.16647,-3.03052,0.373571
210,-4.20299,-3.00935,0.363391
210,-4.90977,-2.25715,1.43963
210,-5.499,-1.10315,0.944637
210,-4.38641,-3.06986,0.349041
210,-4.36699,-3.10873,0.33187
210,-4.50099,-3.15643,0.334672
210,-4.63379,-3.20564,0.319248
210,-4.96045,-3.30381,0.261103
210,-5.89601,-1.02823,-1.97644
211,-1.10259,-1.3371,0.610981
211,-1.13615,-1.31895,0.580357
211,-1.49084,-1.2175,0.602964
211,-2.23091,-0.924946,0.588811
211,-1.95808,-1.99349,1.13771
211,-1.96045,-2.00656,1.13197
211,-1.92646,-2.03831,0.777477
211,-1.94284,-2.06701,0.747452
211,-2.26116,-1.48291,0.483322
211,-2.28753,-1.48709,0.48263
211,-2.29277,-1.51909,0.476061
211,-2.28385,-1.53594,0.476532
211,-1.99253,-2.11944,0.748577
211,-2.27334,-1.67783,0.607141
211,-2.28828,-1.62961,0.486287
211,-2.28735,-1.68814,0.605363
211,-2.29115,-1.69034,0.604896
211,-2.32109,-1.67352,0.603711
211,-2.30967,-1.69977,0.59432
211,-2.30828,-1.70887,0.585878
211,-2.31339,-1.70826,0.599697
211,-2.38091,-1.60881,0.582709
211,-2.38413,-1.6535,0.583048
211,-3.32875,-1.31489,1.06516
211,-3.31663,-1.30801,0.924735
211,-3.19866,-1.41017,0.500855
211,-3.23453,-1.61718,1.19345
211,-3.21136,-1.39911,0.496046
211,-3.23788,-1.61837,1.19036
211,-3.24783,-1.62224,1.23731
211,-3.26495,-1.52823,0.499793
211,-3.39378,-1.55521,1.11405
211,-3.839,-1.15723,0.477552
212,-1.0895,-1.30503,0.594405
212,-1.09209,-1.31112,0.597077
212,-1.10679,-1.29737,0.596698
212,-1.10532,-1.33183,0.588615
212,-1.11791,-1.3414,0.585744
212,-1.11754,-1.3471,0.579351
212,-1.10543,-1.32618,0.456219
212,-1.14571,-1.31918,0.582025
212,-1.0914,-1.3474,0.445499
212,-1.11971,-1.33331,0.434213
212,-1.10745,-1.34466,0.417743
212,-1.81144,-1.85689,0.427363
212,-2.20501,-1.38144,0.499029
212,-1.94121,-2.00141,1.14428
212,-1.87243,-2.07379,1.04194
212,-1.92235,-2.07026,1.07977
212,-1.90749,-2.018,0.773705
212,-1.93666,-1.94399,0.584351
212,-1.94811,-2.08114,0.776731
212,-1.88345,-2.08762,0.480364
212,-1.95808,-2.09215,0.748694
212,-1.93048,-2.11945,0.450146
212,-1.93383,-2.11969,0.451565
212,-1.9454,-2.13224,0.458747
212,-1.95604,-2.14072,0.439135
212,-2.4549,-1.70386,0.589276
212,-2.49862,-1.65298,0.578683
212,-2.42119,-1.76197,0.58163
212,-2.45313,-1.72249,0.574151
212,-2.48584,-1.68673,0.576829
212,-2.47904,-1.71591,0.580374
212,-2.51014,-1.67434,0.576746
212,-2.52869,-1.65251,0.567929
212,-3.34709,-1.30559,1.0918
212,-3.25492,-1.42711,0.499573
212,-3.26612,-1.416,0.49868
212,-3.29668,-1.62417,1.2077
212,-3.39578,-1.56052,1.11204
212,-3.33528,-1.48697,0.545628
212,-3.31476,-1.5629,0.495025
212,-2.09611,-1.57547,0.481645
210,-2.09611,-1.57547,0.481645
212,-1.66628,-1.3363,0.569283
210,-1.66628,-1.3363,0.569283
212,-1.79141,-1.42039,0.540642
210,-1.79141,-1.42039,0.540642
212,-1.84606,-1.41518,0.536298
210,-1.84606,-1.41518,0.536298
212,-1.77866,-1.41191,0.542741
210,-1.77866,-1.41191,0.542741
213,-1.07414,-1.24507,0.637028
213,-1.10486,-1.27744,0.632046
213,-1.10303,-1.27977,0.626422
213,-1.10428,-1.27904,0.626271
213,-1.13342,-1.28653,0.591415
213,-1.10023,-1.33579,0.591585
213,-1.1093,-1.36006,0.605906
213,-1.08976,-1.34236,0.457828
213,-1.6019,-1.33134,0.579436
213,-1.24943,-1.85571,0.618802
213,-1.25031,-1.91247,0.624099
213,-1.2547,-1.92705,0.620874
213,-1.26303,-1.93197,0.619289
213,-1.29004,-1.9814,0.620216
213,-1.34556,-2.40344,0.673529
213,-2.14752,-1.50905,0.492651
213,-1.93775,-1.9985,1.15493
213,-2.19788,-1.50839,0.496043
213,-2.23215,-1.47697,0.482312
213,-1.8994,-2.10673,1.05287
213,-1.94724,-2.1368,1.05786
213,-2.45528,-1.5834,0.574582
213,-3.20181,-1.60243,1.21068
213,-2.28029,-1.559,0.606304
211,-2.28029,-1.559,0.606304
214,-1.08263,-1.33174,0.464632
214,-1.14826,-1.32053,0.594283
214,-1.15019,-1.32178,0.595001
214,-1.0812,-1.34997,0.461796
214,-1.12661,-1.36247,0.590151
214,-1.14317,-1.37668,0.607427
214,-1.15546,-1.37902,0.607553
214,-1.15529,-1.38246,0.600695
214,-1.15572,-1.40525,0.597228
214,-1.28489,-1.86019,0.615631
214,-1.87643,-1.30374,0.567858
214,-1.86875,-1.32049,0.556227
214,-1.45955,-1.71133,0.550782
214,-1.48004,-1.7286,0.545415
214,-1.97859,-1.30347,0.631581
214,-1.95739,-1.35974,0.640834
214,-1.31745,-2.01438,0.622692
214,-1.38991,-2.05538,0.605305
214,-1.66472,-1.92449,0.520992
214,-1.70288,-1.95325,0.508477
214,-1.38468,-2.41079,0.683121
214,-1.39365,-2.41822,0.680393
214,-1.38296,-2.43137,0.676565
214,-1.41244,-2.39313,0.624071
214,-1.42547,-2.47575,0.67272
214,-1.96772,-2.1138,1.10796
214,-2.00667,-2.14426,1.113
215,-1.09502,-1.33017,0.515957
215,-1.1723,-1.30807,0.59634
215,-1.18657,-1.31863,0.586668
215,-1.14814,-1.36504,0.590814
215,-1.18999,-1.33226,0.589026
215,-1.18212,-1.34203,0.588741
215,-1.15381,-1.38566,0.601986
215,-1.18295,-1.37272,0.61873
215,-1.21409,-1.3898,0.602888
215,-1.2309,-1.41009,0.605555
215,-1.24197,-1.44475,0.609098
215,-1.31641,-1.4655,0.582211
215,-1.46923,-1.72583,0.559045
215,-1.31681,-1.99987,0.6236
215,-1.32269,-2.01994,0.622216
215,-1.32007,-2.02397,0.623681
215,-1.59482,-1.88102,0.552348
215,-1.59663,-1.87408,0.529906
215,-1.67886,-2.00757,0.526218
215,-1.37775,-2.35222,0.633194
215,-1.39882,-2.36245,0.635796
215,-1.41057,-2.42928,0.679429
215,-1.40888,-2.45492,0.678012
215,-2.04551,-2.16841,1.11798
216,-0.46787,-2.47643,0.666807
216,-0.478571,-2.49982,0.67892
216,-0.477186,-2.51396,0.668572
216,-0.482312,-2.5154,0.653952
217,0.454569,-2.8425,1.12123
217,0.412327,-2.86855,1.10136
217,0.423046,-2.69567,0.579045
217,0.420999,-2.7109,0.5911
217,0.463926,-2.56531,0.115492
217,0.413703,-2.56359,0.112753
217,0.425629,-2.71638,0.553988
217,0.40179,-2.57412,0.151301
217,0.612237,-2.951,1.09764
217,0.419372,-2.71791,0.553655
217,0.470739,-2.59223,0.127403
217,0.560472,-2.95427,1.10027
217,0.492008,-2.93893,1.10241
217,0.419932,-2.74017,0.5585
217,0.438792,-2.64049,-0.140335
217,0.435795,-2.66399,-0.134734
217,0.43903,-2.71467,-0.121117
217,0.438463,-2.73681,-0.139539
217,0.4307,-2.75191,-0.171189
217,0.415209,-2.69296,-0.340444
217,0.466901,-2.75036,-0.322129
217,0.393292,-2.73805,-0.350713
217,0.394578,-2.73028,-0.37743
217,0.393527,-2.73784,-0.376607
217,0.457924,-2.77612,-0.352063
217,0.45521,-2.80445,-0.380589
217,0.439404,-2.8422,-0.403222
217,-0.525665,-2.54979,-0.839087
217,-0.213717,-2.6498,-0.932976
217,0.714727,-3.14848,-0.410375
217,0.783617,-3.1553,-0.481996
217,0.719587,-3.15936,-0.516348
217,0.653161,-3.16369,-0.525853
217,0.919713,-3.27412,-0.504936
217,0.29586,-2.61013,0.496605
216,0.29586,-2.61013,0.496605
217,0.293868,-2.40509,0.709747
216,0.293868,-2.40509,0.709747
217,0.291602,-2.52567,0.701425
216,0.291602,-2.52567,0.701425
217,0.299055,-2.37118,0.559372
216,0.299055,-2.37118,0.559372
217,0.300197,-2.35911,0.577827
216,0.300197,-2.35911,0.577827
218,0.105487,-2.95124,0.464432
218,0.110244,-2.94733,0.429313
218,0.20015,-2.83264,0.0636556
218,0.955837,-3.07574,-0.339539
218,0.294354,-2.89791,-0.278032
218,0.879987,-3.06888,-0.406695
218,0.553066,-2.97459,-0.393669
218,0.607904,-2.99472,-0.42059
218,0.559564,-2.98464,-0.410594
218,0.350119,-2.91634,-0.398476
218,0.604826,-3.04706,-0.32522
218,0.288406,-3.00592,-0.164797
218,0.259804,-2.90541,-0.380423
218,0.325485,-2.9195,-0.405882
218,0.557657,-3.00364,-0.426711
218,0.256354,-2.90862,-0.41849
218,0.324324,-2.93883,-0.420205
218,0.268179,-2.91122,-0.435236
218,0.26506,-2.91375,-0.432879
218,0.301851,-2.92499,-0.438903
218,0.582452,-3.03424,-0.441148
218,0.246052,-2.91277,-0.440917
218,0.552735,-3.03822,-0.43517
218,-0.255171,-2.55945,-0.839359
218,-0.258714,-2.53522,-0.964007
218,-0.283915,-2.57646,-0.858072
218,-0.373578,-2.59201,-0.789817
218,-0.240141,-2.50539,-1.07993
218,-0.367367,-2.59342,-0.799108
218,-0.415863,-2.52903,-0.915096
218,-0.275183,-2.55697,-0.987059
218,-0.604947,-2.52011,-0.803874
218,-0.302,-2.6009,-0.877704
218,-0.248999,-2.52058,-1.08987
218,-0.366698,-2.58057,-0.879685
218,-0.429628,-2.57665,-0.880427
218,-0.392769,-2.62836,-0.821568
218,-0.401122,-2.63657,-0.830129
218,-0.604559,-2.53829,-0.896151
218,-0.411143,-2.64539,-0.830939
218,-0.323283,-2.6215,-0.951138
218,-0.568162,-2.55885,-0.89645
218,-0.270821,-2.51294,-1.23025
218,-0.507035,-2.62043,-0.828086
218,-0.621,-2.56751,-0.858657
218,-0.604196,-2.53756,-0.977334
218,-0.701471,-2.52872,-0.920561
218,-0.526623,-2.62615,-0.854697
218,-0.633024,-2.59523,-0.855292
218,-0.534208,-2.62984,-0.868622
218,-0.370694,-2.6738,-0.923906
218,-0.724544,-2.57188,-0.951729
218,-0.732728,-2.58847,-0.955187
218,-0.718234,-2.50862,-1.19346
218,-0.704203,-2.66363,-0.927629
218,0.20879,-3.40871,-0.222063
218,-0.729112,-2.52159,-1.35369
218,-0.741426,-2.53701,-1.36907
218,-0.744251,-2.56141,-1.38178
218,0.176958,-3.58793,-0.230296
218,0.11423,-3.57932,-0.220309
218,0.156565,-3.69106,-0.27167
218,0.725028,-2.49213,-0.1507
217,0.725028,-2.49213,-0.1507
218,0.7282,-2.39718,-0.086552
217,0.7282,-2.39718,-0.086552
218,0.726839,-2.55045,-0.179686
217,0.726839,-2.55045,-0.179686
218,0.730733,-2.42981,-0.0990627
217,0.730733,-2.42981,-0.0990627
218,0.29933,-2.74601,0.511363
216,0.29933,-2.74601,0.511363
219,0.581941,-2.4107,-1.29329
219,0.691245,-2.43186,-1.35529
219,0.574998,-2.44199,-1.30876
219,0.290656,-2.94454,0.115548
219,1.22363,-2.73597,-1.27634
219,0.252728,-2.93763,0.085896
219,0.245869,-2.93518,0.082092
219,0.29333,-2.93792,0.0338705
219,0.289343,-2.94847,0.039051
219,0.243973,-2.97107,0.0642763
219,0.272889,-3.02509,0.104463
219,0.16394,-2.41765,-1.3093
219,0.999355,-3.18718,-0.382731
219,0.18198,-2.92091,-0.282518
219,0.593749,-3.08258,-0.43278
219,0.182675,-2.92567,-0.43448
219,0.761163,-3.17324,-0.421934
219,0.549775,-3.11456,-0.354941
219,0.274467,-2.97326,-0.42667
219,0.721236,-3.18738,-0.441263
219,-0.384344,-2.69817,-0.86184
219,-0.52611,-2.65236,-0.851072
219,-0.428135,-2.64477,-1.09242
219,-0.328962,-2.62059,-1.26669
219,-0.452693,-2.74781,-0.857676
219,-0.565755,-2.71071,-0.861829
219,-0.495593,-2.76557,-0.874252
219,-0.497549,-2.6246,-1.30494
219,-0.666934,-2.746,-0.870422
219,-0.786755,-2.66821,-0.951345
219,-0.748859,-2.56327,-1.3136
219,-0.783327,-2.64946,-1.08168
219,-0.818738,-2.65173,-1.09925
219,-0.839756,-2.69788,-0.976329
219,-0.814211,-2.71429,-0.973801
219,-0.797903,-2.67362,-1.10079
219,-0.789833,-2.57806,-1.33339
219,-0.780479,-2.60951,-1.37113
220,0.552666,-1.40262,-0.332643
220,1.05501,-2.01744,-1.3412
220,1.05686,-2.02004,-1.33944
220,1.16604,-2.08576,-1.31341
220,1.04319,-2.04101,-1.31788
220,1.09945,-2.1206,-1.31872
220,-0.421583,-1.57282,-1.28289
220,0.685612,-2.05473,-1.31259
220,-0.0169964,-1.75619,-1.34301
220,-0.0522808,-1.73889,-1.35124
220,-0.0175771,-1.76173,-1.34076
220,0.745099,-2.09153,-1.34149
220,-0.0304687,-1.78266,-1.37062
220,0.412072,-2.01416,-1.2983
220,0.400581,-2.02675,-1.31957
220,0.87784,-2.37658,-1.31446
220,0.624215,-2.3257,-1.28181
220,0.61755,-2.36834,-1.32115
220,1.30202,-2.73137,-1.25638
220,0.436983,-2.85429,-0.389674
220,0.438427,-2.85062,-0.407853
220,0.280228,-2.28891,-1.34675
220,0.399989,-2.84514,-0.410638
220,0.226753,-2.28469,-1.33574
220,0.40149,-2.91586,-0.338355
220,0.672396,-2.56032,-1.26803
220,0.333717,-2.39494,-1.3205
220,0.684355,-2.56554,-1.2728
220,0.673813,-2.56207,-1.27331
220,0.187132,-2.34906,-1.31357
220,0.313548,-2.41135,-1.31003
220,0.657828,-2.57368,-1.28076
220,0.321211,-2.43334,-1.31145
220,0.32673,-2.44414,-1.32045
220,0.296292,-2.44381,-1.32851
220,0.314373,-2.48709,-1.29182
220,0.304799,-2.49113,-1.29146
220,0.15762,-2.47742,-1.2876
220,0.190767,-2.49137,-1.28801
220,0.221487,-2.534,-1.29059
220,0.142089,-2.50755,-1.32682
220,0.198371,-2.58398,-1.34243
220,-0.166232,-2.70821,-0.907364
220,-0.174218,-2.69734,-0.937389
220,-0.152219,-2.66876,-1.01004
220,-0.207013,-2.72078,-0.886603
220,-0.261092,-2.7194,-0.850796
220,-0.257767,-2.70924,-0.879198
220,-0.230487,-2.66771,-0.979082
220,-0.256571,-2.70572,-0.88861
220,-0.368653,-2.68565,-0.843472
220,-0.307865,-2.69657,-0.871176
220,-0.278617,-2.70457,-0.880748
220,-0.224164,-2.73178,-0.872004
220,-0.254934,-2.67175,-0.962877
220,-0.300056,-2.67448,-0.927222
220,-0.323347,-2.67679,-0.909919
220,-0.143511,-2.63519,-1.12919
220,-0.384089,-2.65953,-0.91295
220,-0.227086,-2.74262,-0.879338
220,-0.185992,-2.65498,-1.07859
220,-0.214071,-2.69765,-0.978659
220,-0.28898,-2.73167,-0.858331
220,-0.219835,-2.72148,-0.93621
220,-0.25404,-2.62914,-1.09086
220,-0.211951,-2.6994,-0.992743
220,-0.206719,-2.67451,-1.04629
220,-0.203846,-2.67698,-1.04924
220,-0.18742,-2.65161,-1.11199
220,-0.202608,-2.73861,-0.940801
220,-0.279142,-2.73165,-0.896944
220,-0.220006,-2.62145,-1.14981
220,-0.13824,-2.60809,-1.24283
220,-0.338337,-2.71183,-0.89854
220,-0.235424,-2.60127,-1.18942
220,-0.396631,-2.69058,-0.899367
220,-0.278317,-2.75777,-0.867458
220,-0.194263,-2.64365,-1.15615
220,-0.137605,-2.6,-1.28603
220,-0.3973,-2.71821,-0.870669
220,-0.230364,-2.58081,-1.26034
220,-0.161553,-2.65758,-1.17078
220,-0.223357,-2.59004,-1.252
220,-0.188971,-2.62509,-1.21609
220,-0.466314,-2.68741,-0.888175
220,-0.203451,-2.64972,-1.16133
220,-0.372937,-2.61545,-1.10807
220,-0.182618,-2.60497,-1.2753
220,-0.182685,-2.6192,-1.25935
220,-0.15288,-2.62781,-1.2671
220,-0.181329,-2.59867,-1.30039
220,-0.229995,-2.62039,-1.2226
220,-0.201183,-2.63723,-1.21356
220,-0.235258,-2.59792,-1.26889
220,-0.368322,-2.74785,-0.89728
220,-0.15131,-2.61902,-1.3053
220,-0.296445,-2.72525,-1.00673
220,-0.298126,-2.58159,-1.27398
220,-0.371323,-2.58048,-1.21982
220,-0.282293,-2.57944,-1.29581
220,-0.36045,-2.56399,-1.27821
220,-0.475293,-2.7233,-0.895018
220,-0.200345,-2.61911,-1.31202
220,-0.295254,-2.7125,-1.06764
220,-0.461993,-2.64458,-1.06696
220,-0.470271,-2.70587,-0.94607
220,-0.3722,-2.57079,-1.27506
220,-0.362737,-2.5728,-1.28624
220,-0.343835,-2.5812,-1.28672
220,-0.232787,-2.71463,-1.12436
220,-0.520955,-2.68243,-0.964565
220,-0.423845,-2.7309,-0.948948
220,-0.292936,-2.74254,-1.03092
220,-0.188768,-2.67483,-1.24251
220,-0.385592,-2.77762,-0.902868
220,-0.465587,-2.6813,-1.03448
220,-0.392944,-2.66128,-1.12975
220,-0.319191,-2.65539,-1.19765
220,-0.296101,-2.70243,-1.131
220,-0.362152,-2.61453,-1.24756
220,-0.446557,-2.72811,-0.971712
220,-0.232299,-2.7557,-1.08665
220,-0.464033,-2.67181,-1.07036
220,-0.452825,-2.64342,-1.13282
220,-0.505778,-2.62919,-1.11912
220,-0.311429,-2.72807,-1.08858
220,-0.500177,-2.71162,-0.97387
220,-0.389039,-2.64405,-1.1891
220,-0.192302,-2.66351,-1.30448
220,-0.292308,-2.6859,-1.19078
220,-0.380798,-2.62125,-1.24489
220,-0.307501,-2.61514,-1.32025
220,-0.492666,-2.58595,-1.23955
220,-0.441259,-2.60366,-1.24853
220,-0.55004,-2.67856,-1.02859
220,-0.450604,-2.6247,-1.20935
220,-0.376954,-2.60396,-1.30497
220,-0.403071,-2.65304,-1.19334
220,-0.540516,-2.68456,-1.03301
220,-0.277847,-2.6814,-1.24476
220,-0.282852,-2.65007,-1.30981
220,-0.265265,-2.64707,-1.32899
220,-0.488197,-2.56467,-1.31157
220,-0.279998,-2.68264,-1.2565
220,-0.429586,-2.59159,-1.31784
220,-0.538357,-2.6688,-1.09353
220,-0.531521,-2.64741,-1.15079
220,-0.441822,-2.58679,-1.3351
220,-0.205108,-2.6945,-1.31744
220,-0.637766,-2.72921,-0.924629
220,-0.203237,-2.68642,-1.34824
220,-0.647381,-2.69733,-0.993569
220,-0.651623,-2.70631,-0.977902
220,-0.220124,-2.76532,-1.20893
220,-0.625839,-2.68678,-1.04639
220,-0.516055,-2.58885,-1.32831
220,-0.610578,-2.64031,-1.16671
220,-0.593466,-2.59582,-1.26709
220,0.355692,-2.18067,-1.22237
219,0.355692,-2.18067,-1.22237
220,-0.273252,-2.25707,-0.823673
219,-0.273252,-2.25707,-0.823673
220,-0.354979,-2.53234,-0.867224
218,-0.354979,-2.53234,-0.867224
220,-0.202435,-2.51681,-0.830839
218,-0.202435,-2.51681,-0.830839
221,1.22334,-2.28368,-1.36774
221,1.2033,-2.365,-1.37107
221,0.281004,-2.2904,-1.33988
221,0.743042,-2.47669,-1.37614
221,0.489895,-2.85153,-0.198365
221,0.258533,-2.29735,-1.35104
221,0.435264,-2.8579,-0.200664
221,0.44777,-2.85825,-0.240124
221,0.449438,-2.85513,-0.257948
221,0.449923,-2.8141,-0.418863
221,0.423832,-2.89681,-0.246085
221,0.448204,-2.88362,-0.335809
221,0.442571,-2.86099,-0.42772
221,0.0937771,-2.35506,-1.3435
221,0.846863,-3.06103,-0.425181
221,0.480166,-2.94023,-0.458532
221,0.94864,-3.22433,-0.45152
221,0.692158,-3.13759,-0.477182
221,-0.139775,-2.64629,-0.971017
221,-0.201136,-2.66548,-0.928588
221,-0.259898,-2.65115,-0.934078
221,-0.142897,-2.6682,-1.04323
221,-0.34513,-2.64853,-0.933401
221,-0.181752,-2.74473,-0.886555
221,-0.164409,-2.74277,-0.957881
221,-0.174598,-2.72253,-1.00884
221,-0.292894,-2.67349,-1.0892
221,-0.22736,-2.68803,-1.14814
221,-0.341079,-2.64541,-1.14562
221,-0.168765,-2.70863,-1.19203
221,-0.166273,-2.70303,-1.21263
221,-0.160672,-2.66237,-1.32082
221,-0.408695,-2.65603,-1.08607
221,-0.401161,-2.57756,-1.33626
221,-0.440155,-2.65948,-1.1533
221,-0.36158,-2.62038,-1.33844
221,-0.419665,-2.61618,-1.28918
221,-0.59009,-2.66038,-1.04542
221,-0.568272,-2.62308,-1.16439
221,-0.582822,-2.64289,-1.1081
221,-0.597151,-2.65986,-1.2449
221,-0.413564,-2.63213,-1.00519
220,-0.413564,-2.63213,-1.00519
221,1.24123,-2.15818,-0.133131
220,1.24123,-2.15818,-0.133131
221,1.32443,-2.31913,-1.04121
220,1.32443,-2.31913,-1.04121
221,1.07554,-3.12179,-0.44075
220,1.07554,-3.12179,-0.44075
221,1.3642,-2.55479,-1.16906
220,1.3642,-2.55479,-1.16906
221,0.238228,-2.32359,-1.19638
220,0.238228,-2.32359,-1.19638
221,0.257502,-2.40839,-1.24238
220,0.257502,-2.40839,-1.24238
222,0.618351,-2.63139,0.568532
222,1.35618,-2.44528,-1.32184
222,1.3079,-2.4187,-1.339
222,0.576669,-2.75039,-0.118487
222,0.490493,-2.78231,0.0668601
222,0.515352,-2.77861,0.0160212
222,0.528386,-2.76977,-0.12646
222,0.551138,-2.7556,-0.38442
222,0.579,-2.80362,-0.403919
222,-0.0645273,-2.58183,-0.885563
222,-0.0498857,-2.60254,-0.889438
222,-0.0700155,-2.60191,-0.96047
222,-0.127015,-2.54784,-1.09211
222,-0.0918899,-2.59624,-1.03126
222,-0.0626609,-2.57138,-1.15897
222,-0.170359,-2.60597,-0.970087
222,-0.0776128,-2.56185,-1.21691
222,-0.07592,-2.54899,-1.28492
222,-0.227064,-2.59476,-0.99813
222,-0.20208,-2.52762,-1.21583
222,-0.21564,-2.5472,-1.14989
222,-0.273157,-2.56335,-1.03938
222,-0.290532,-2.59459,-0.936396
222,-0.227361,-2.56379,-1.10155
222,-0.286263,-2.58203,-0.98048
222,-0.417166,-2.58581,-0.850926
222,-0.414165,-2.52386,-1.05422
222,-0.368502,-2.5493,-1.05295
222,-0.453663,-2.59616,-0.86166
222,-0.329443,-2.53367,-0.980339
220,-0.329443,-2.53367,-0.980339
223,1.01533,-2.23564,-1.28084
223,0.0227791,-1.76966,-1.28786
223,0.61418,-2.76327,0.636853
223,0.620035,-2.76342,0.574187
223,0.111018,-1.8903,-1.27857
223,0.0247976,-1.86328,-1.27753
223,-0.00922918,-1.8796,-1.26594
223,0.883515,-2.89156,-0.218559
223,0.892948,-2.86246,-0.318529
223,0.887078,-2.86646,-0.347152
223,0.836582,-2.84915,-0.371709
223,0.529964,-2.70637,-0.376554
223,0.629374,-2.75818,-0.363334
223,0.926677,-2.91174,-0.391571
223,0.871645,-2.91462,-0.352705
223,0.580995,-2.80143,-0.400337
223,-0.00797319,-2.49041,-1.10302
223,1.18317,-3.23347,-0.429574
220,1.18317,-3.23347,-0.429574
223,0.319116,-3.55441,-0.0881047
219,0.319116,-3.55441,-0.0881047
223,0.530624,-2.89305,0.0941006
219,0.530624,-2.89305,0.0941006
223,0.298334,-3.05182,0.675136
219,0.298334,-3.05182,0.675136
223,0.512134,-3.07673,0.0220209
219,0.512134,-3.07673,0.0220209
223,0.645984,-2.64074,-0.0232177
218,0.645984,-2.64074,-0.0232177
223,0.538428,-2.70502,0.104559
218,0.538428,-2.70502,0.104559
224,0.165907,-1.58881,-1.2706
224,0.399632,-2.10864,-1.2512
224,0.381761,-2.11001,-1.27552
224,0.64569,-2.73329,-0.303959
224,0.950938,-2.88888,-0.346765
224,0.941839,-2.89978,-0.304036
224,0.887909,-2.90641,-0.26816
224,0.842554,-2.85814,-0.376478
224,0.643056,-2.76699,-0.36319
224,0.628441,-2.76131,-0.364784
224,0.878857,-2.94122,-0.201604
224,0.877574,-2.93389,-0.227742
224,0.187238,-2.24779,-1.29737
224,0.924315,-2.91961,-0.373273
224,0.873796,-2.95829,-0.209256
224,0.915768,-2.93461,-0.344881
224,0.591858,-2.77609,-0.388051
224,0.874163,-2.94391,-0.304687
224,0.843641,-2.91208,-0.395615
224,-0.247914,-2.49626,-0.862852
224,0.870296,-2.95318,-0.316188
218,0.870296,-2.95318,-0.316188
225,1.03371,-2.20618,-1.25819
225,0.469328,-2.09276,-1.25465
225,0.717515,-2.71945,-0.333141
225,-0.0103471,-2.44633,-1.07005
225,0.00767171,-2.42828,-1.19191
225,-0.0763946,-2.55504,-0.863023
225,-0.409348,-2.41388,-1.12209
225,-0.406161,-2.37991,-1.24871
225,-0.455395,-2.4632,-1.01206
225,-0.495775,-2.47543,-1.02653
226,-0.202285,-1.35583,-1.17053
226,-0.175274,-1.38419,-1.19465
226,1.01876,-2.19024,-1.23695
226,0.0127083,-1.63889,-1.35042
226,0.0656663,-1.69116,-1.3237
226,0.0619748,-1.70129,-1.33768
226,-0.0229347,-1.86962,-1.26866
226,0.281585,-2.0915,-1.18169
226,0.837294,-2.3998,-1.22232
226,0.582721,-2.83492,-0.350629
226,0.486736,-2.81071,-0.389233
226,0.379065,-2.43867,-1.38214
226,0.0231632,-2.40176,-1.18011
226,-0.0114446,-2.48943,-0.957967
226,0.00349808,-2.46654,-1.09374
226,-0.0965173,-2.53383,-0.822802
226,-0.0452809,-2.5329,-0.9261
226,-0.110967,-2.55148,-0.819775
226,-0.0554688,-2.5698,-0.86649
226,-0.170949,-2.46571,-1.25464
226,-0.388722,-2.52278,-0.809659
226,-0.301985,-2.43684,-1.26726
226,-0.435284,-2.58139,-0.834691
226,-0.479775,-2.45599,-1.28553
226,-0.289553,-2.56747,-0.848601
220,-0.289553,-2.56747,-0.848601
226,-0.200622,-2.64854,-0.837175
220,-0.200622,-2.64854,-0.837175
227,1.24123,-1.90019,-1.2748
227,1.22495,-1.95281,-1.28978
227,0.802742,-1.77131,-1.20206
227,0.85189,-1.83521,-1.22458
227,1.28875,-2.1353,-1.28679
227,0.171324,-1.54052,-1.23339
227,0.572565,-1.811,-1.2202
227,0.150233,-1.56382,-1.25514
227,0.632818,-2.62372,0.425805
227,0.998379,-2.23778,-1.27332
227,0.889203,-2.25664,-1.27701
227,0.856751,-2.3206,-1.29489
227,0.740356,-2.2818,-1.31875
227,0.602354,-2.69684,-0.123347
227,0.50992,-2.21929,-1.2339
227,0.547198,-2.70971,-0.192762
227,0.554242,-2.69923,-0.256506
227,0.467609,-2.29243,-1.22059
227,0.629125,-2.73274,-0.347389
227,0.608681,-2.75787,-0.360869
227,0.000370502,-2.42132,-0.995666
227,-0.0323776,-2.50317,-0.774258
227,0.0240545,-2.40249,-1.1667
227,-0.119551,-2.50418,-0.758928
227,0.000282168,-2.43263,-1.1317
227,-0.103563,-2.47365,-0.897472
227,-0.0729492,-2.44829,-1.02052
227,-0.0788085,-2.5394,-0.784975
227,-0.0953265,-2.48612,-0.899913
227,-0.0280577,-2.47801,-1.02494
227,-0.0325155,-2.49927,-0.965332
227,-0.285993,-2.32153,-1.11255
227,-0.0642579,-2.57017,-0.804422
227,-0.278253,-2.30725,-1.16809
227,-0.031183,-2.44095,-1.21276
227,-0.0514901,-2.56667,-0.866979
227,-0.105445,-2.49489,-1.04708
227,-0.269267,-2.46114,-0.917753
227,-0.156176,-2.5799,-0.785431
227,-0.141758,-2.55402,-0.886416
227,-0.140124,-2.5438,-0.920221
227,-0.138007,-2.54676,-0.920767
227,-0.173889,-2.50291,-0.988281
227,-0.183402,-2.51882,-0.938958
227,-0.297234,-2.50483,-0.805691
227,-0.126039,-2.48944,-1.10641
227,-0.117951,-2.47532,-1.15669
227,-0.104351,-2.45165,-1.24043
227,-0.375117,-2.30394,-1.22164
227,-0.358076,-2.47852,-0.8051
227,-0.168082,-2.58878,-0.804525
227,-0.382633,-2.31498,-1.19568
227,-0.379537,-2.33879,-1.14011
227,-0.212761,-2.5663,-0.809177
227,-0.294883,-2.45972,-0.978407
227,-0.265014,-2.54906,-0.794245
227,-0.262302,-2.54433,-0.811055
227,-0.222489,-2.4381,-1.16584
227,-0.350784,-2.44437,-0.984056
227,-0.275848,-2.55561,-0.812652
227,-0.278382,-2.38972,-1.23721
227,-0.202362,-2.50643,-1.05218
227,-0.282208,-2.39608,-1.21729
227,-0.3643,-2.46639,-0.917864
227,-0.326277,-2.36494,-1.23844
227,-0.342738,-2.39194,-1.15562
227,-0.329578,-2.51121,-0.868798
227,-0.375492,-2.51061,-0.816192
227,-0.379494,-2.48689,-0.889017
227,-0.408523,-2.39241,-1.10423
227,-0.406743,-2.34543,-1.2355
227,-0.397434,-2.51395,-0.82441
227,-0.416065,-2.35375,-1.25538
227,-0.420458,-2.36069,-1.23553
227,-0.429062,-2.52902,-0.802659
227,-0.418257,-2.3611,-1.25895
227,-0.460019,-2.50487,-0.828824
227,-0.437977,-2.43063,-1.05418
227,-0.418467,-2.55551,-0.808155
227,-0.415377,-2.54954,-0.83341
227,0.436568,-2.31403,-1.28535
220,0.436568,-2.31403,-1.28535
227,0.48522,-2.89268,-0.30865
220,0.48522,-2.89268,-0.30865
227,0.525847,-2.11947,-1.26712
220,0.525847,-2.11947,-1.26712
227,1.30452,-1.93515,-1.27293
220,1.30452,-1.93515,-1.27293
227,1.03866,-2.16899,-1.22589
223,1.03866,-2.16899,-1.22589
227,0.537899,-2.78416,-0.326611
218,0.537899,-2.78416,-0.326611
227,-0.136031,-2.54557,-0.878849
218,-0.136031,-2.54557,-0.878849
227,-0.423386,-2.41876,-0.860066
218,-0.423386,-2.41876,-0.860066
228,0.139599,-1.50268,-1.22797
228,0.886261,-1.91998,-1.28202
228,0.109737,-1.49885,-1.25785
228,0.18546,-1.58638,-1.21914
228,0.125214,-1.57758,-1.27944
228,0.883021,-2.2982,-1.26725
228,0.859148,-2.34787,-1.18933
228,0.607951,-2.69184,-0.130846
228,0.606596,-2.72216,-0.0984005
228,0.905839,-2.82541,-0.358208
228,0.591643,-2.72385,-0.158699
228,0.632292,-2.72188,-0.338384
228,0.326796,-2.29266,-1.20542
228,0.014047,-2.38134,-1.09583
228,0.00505078,-2.45317,-0.926427
228,-0.0162011,-2.46135,-0.887927
228,-0.00292885,-2.49446,-0.836105
228,0.0122484,-2.40824,-1.18996
228,-0.0590787,-2.37991,-1.17387
228,-0.0689012,-2.39712,-1.12038
228,-0.0658387,-2.42085,-1.06657
228,-0.0595341,-2.40815,-1.12265
228,-0.182696,-2.36427,-1.05438
228,-0.219648,-2.33662,-1.11418
228,-0.202727,-2.45405,-0.84233
228,-0.157537,-2.46092,-0.897734
228,-0.240469,-2.37227,-1.00689
228,-0.0452664,-2.50324,-0.968828
228,-0.157696,-2.48891,-0.845252
228,-0.214895,-2.32378,-1.18686
228,-0.265829,-2.41467,-0.886846
228,-0.120046,-2.38663,-1.20672
228,-0.132587,-2.40853,-1.13895
228,-0.128613,-2.54437,-0.810334
228,-0.133991,-2.55334,-0.787339
228,-0.300036,-2.34787,-1.07267
228,-0.322757,-2.38094,-1.01042
228,-0.12702,-2.51504,-0.971731
228,-0.234091,-2.52645,-0.788659
228,-0.142487,-2.57802,-0.799926
228,-0.118993,-2.49771,-1.05874
228,-0.283869,-2.46447,-0.927388
228,-0.158375,-2.42743,-1.21016
228,-0.262943,-2.3888,-1.16323
228,-0.197444,-2.52578,-0.912722
228,-0.252278,-2.51324,-0.880706
228,-0.266508,-2.53864,-0.796979
228,-0.24699,-2.50357,-0.914412
228,-0.362766,-2.4381,-0.910986
228,-0.316273,-2.51641,-0.798465
228,-0.333948,-2.3977,-1.10461
228,-0.347911,-2.419,-1.05734
228,-0.315682,-2.46939,-0.991695
228,-0.385727,-2.51213,-0.796641
228,-0.384072,-2.47473,-0.929282
228,-0.432571,-2.3884,-1.08271
228,-0.42028,-2.38947,-1.10785
228,-0.436028,-2.41862,-1.04553
228,-0.452236,-2.47102,-0.94
228,-0.454152,-2.47344,-0.937873
228,-0.47949,-2.51487,-0.82301
228,-0.452643,-2.54366,-0.806182
228,-0.497747,-2.50805,-0.886236
229,1.2221,-1.66588,-1.25335
229,1.1404,-1.63772,-1.25254
229,1.17392,-1.67083,-1.25003
229,1.2385,-1.71447,-1.24254
229,1.21626,-1.74311,-1.23149
229,1.2307,-1.80284,-1.22917
229,1.30572,-1.95741,-1.26675
229,0.923698,-1.93012,-1.23193
229,-0.224002,-1.40038,-1.21749
229,-0.273891,-1.38511,-1.20562
229,1.01069,-2.21267,-1.23828
229,0.0217897,-1.71501,-1.2371
229,0.167144,-1.84165,-1.25383
229,0.881246,-2.276,-1.26965
229,0.873463,-2.28032,-1.26091
229,0.197549,-1.89716,-1.24607
229,0.0301714,-1.81258,-1.24918
229,0.247609,-1.94173,-1.24574
229,0.227911,-1.94051,-1.24103
229,0.760203,-2.23691,-1.2785
229,0.254983,-1.96021,-1.24371
229,0.159317,-1.90564,-1.24216
229,0.459087,-2.0975,-1.2385
229,0.847413,-2.35048,-1.17858
229,0.0041008,-1.8452,-1.22514
229,0.845544,-2.35571,-1.18627
229,0.280748,-2.0114,-1.24373
229,0.301616,-2.02687,-1.23613
229,0.311931,-2.057,-1.23896
229,0.601863,-2.70189,-0.125443
229,0.147173,-1.96173,-1.24547
229,0.160239,-1.98697,-1.24495
229,0.222866,-2.0342,-1.23204
229,0.320549,-2.09022,-1.24367
229,0.237913,-2.05717,-1.23955
229,0.232309,-2.11008,-1.24758
229,0.621871,-2.73884,-0.33502
229,0.252954,-2.14272,-1.24816
229,0.322482,-2.18321,-1.2497
229,0.266604,-2.17048,-1.24807
229,0.482487,-2.74276,-0.236656
229,0.600778,-2.76535,-0.347575
229,0.459735,-2.32341,-1.2209
229,0.351582,-2.29075,-1.2432
229,-0.101968,-2.02964,-1.24501
229,0.358606,-2.33329,-1.23044
229,0.361215,-2.3665,-1.229
229,0.360456,-2.3726,-1.23782
229,0.22295,-2.30504,-1.21962
229,-0.0215503,-2.52535,-0.828228
229,-0.0190408,-2.52018,-0.847122
229,-0.0903076,-2.45342,-0.942744
229,-0.125471,-2.52413,-0.759838
229,-0.110708,-2.51714,-0.797436
229,-0.00594485,-2.46638,-1.05998
229,-0.0782167,-2.54059,-0.788932
229,-0.107366,-2.50985,-0.826204
229,0.0182589,-2.41823,-1.22099
229,-0.0719494,-2.46119,-1.00608
229,-0.0434618,-2.47489,-1.01854
229,-0.126887,-2.50088,-0.847526
229,-0.119153,-2.48585,-0.894511
229,-0.0462729,-2.47461,-1.02758
229,-0.0773482,-2.53397,-0.849788
229,-0.0953819,-2.46022,-0.999293
229,-0.0573689,-2.49508,-0.97226
229,-0.308998,-2.42639,-0.79204
229,-0.0434176,-2.55033,-0.864229
229,-0.0477929,-2.55846,-0.841998
229,-0.0714521,-2.52143,-0.897926
229,-0.0927553,-2.45381,-1.02886
229,-0.218707,-2.49997,-0.755714
229,-0.213264,-2.48884,-0.793785
229,-0.0900735,-2.44732,-1.05846
229,-0.0246202,-2.4852,-1.07059
229,-0.249246,-2.49044,-0.757326
229,-0.0379777,-2.43071,-1.19681
229,-0.0662985,-2.41971,-1.18519
229,-0.280862,-2.46188,-0.79592
229,-0.120916,-2.56346,-0.778282
229,-0.181455,-2.36035,-1.17528
229,-0.0358665,-2.4256,-1.22082
229,-0.194163,-2.52007,-0.789254
229,-0.249115,-2.42058,-0.948564
229,-0.273989,-2.44659,-0.853938
229,-0.0111984,-2.45609,-1.18813
229,-0.052696,-2.45715,-1.13115
229,-0.0959939,-2.40918,-1.18733
229,-0.205311,-2.4005,-1.06351
229,-0.00738156,-2.44763,-1.22372
229,-0.187383,-2.50511,-0.847455
229,-0.153536,-2.40897,-1.12213
229,-0.0469196,-2.44372,-1.19082
229,-0.171444,-2.37689,-1.17941
229,-0.0518445,-2.43071,-1.21986
229,-0.331315,-2.46476,-0.761639
229,-0.147158,-2.3944,-1.18129
229,-0.253706,-2.4022,-1.01879
229,-0.360086,-2.4525,-0.762276
229,-0.345464,-2.33639,-1.05608
229,-0.367401,-2.35513,-0.99049
229,-0.393098,-2.4261,-0.791372
229,-0.311904,-2.40099,-0.963682
229,-0.321651,-2.41972,-0.906666
229,-0.227395,-2.34696,-1.21268
229,-0.333228,-2.44053,-0.850544
229,-0.247796,-2.50899,-0.80651
229,-0.29711,-2.37012,-1.07007
229,-0.241729,-2.37349,-1.13747
229,-0.307221,-2.34511,-1.11775
229,-0.244795,-2.35682,-1.17591
229,-0.304544,-2.3395,-1.13716
229,-0.368645,-2.35236,-1.02242
229,-0.246679,-2.53985,-0.769982
229,-0.234248,-2.51482,-0.853325
229,-0.320831,-2.35019,-1.13133
229,-0.374825,-2.30903,-1.1732
229,-0.391735,-2.34106,-1.07767
229,-0.395534,-2.34792,-1.05879
229,-0.416989,-2.44941,-0.801223
229,-0.363861,-2.4801,-0.802208
229,-0.409537,-2.38129,-0.974035
229,-0.162662,-2.59963,-0.804083
229,-0.431755,-2.42185,-0.860001
229,-0.435703,-2.42943,-0.836931
229,-0.378523,-2.31786,-1.18425
229,-0.281346,-2.44223,-1.02575
229,-0.396439,-2.35046,-1.09314
229,-0.211258,-2.53436,-0.930463
229,-0.260791,-2.51384,-0.913212
229,-0.257998,-2.50843,-0.929921
229,-0.223899,-2.55784,-0.864419
229,-0.30523,-2.48304,-0.92963
229,-0.288779,-2.55766,-0.787934
229,-0.336271,-2.53662,-0.799963
229,-0.366019,-2.47299,-0.936394
229,-0.28743,-2.5833,-0.790192
229,-0.338397,-2.37653,-1.22552
229,-0.400357,-2.52613,-0.794771
229,-0.312842,-2.44324,-1.10905
229,-0.463085,-2.44789,-0.989286
229,-0.423593,-2.39207,-1.24032
229,-0.507151,-2.51426,-0.884408
229,-0.208428,-2.57011,-0.814634
220,-0.208428,-2.57011,-0.814634
229,-0.0414632,-2.50992,-1.10879
220,-0.0414632,-2.50992,-1.10879
229,-0.10301,-2.58524,-0.805834
220,-0.10301,-2.58524,-0.805834
229,0.591169,-2.65428,-0.3127
220,0.591169,-2.65428,-0.3127
229,1.21804,-1.80525,-1.23354
220,1.21804,-1.80525,-1.23354
229,1.30093,-1.80558,-1.2711
220,1.30093,-1.80558,-1.2711
229,1.32473,-1.85235,-1.18504
220,1.32473,-1.85235,-1.18504
229,1.03429,-2.17034,-1.22002
223,1.03429,-2.17034,-1.22002
229,-0.331659,-2.43209,-0.784149
218,-0.331659,-2.43209,-0.784149
230,1.13363,-0.558519,-0.424197
230,1.07839,-0.838987,-0.324366
230,0.772644,-1.23097,-0.461644
230,0.787006,-1.19478,-0.588821
230,0.768334,-1.26187,-0.391444
230,0.765855,-1.2505,-0.466446
230,1.32571,-1.66208,-1.22466
230,0.444218,-1.31599,-1.04746
230,0.412154,-1.30632,-1.05078
230,1.34507,-1.77581,-1.24251
230,1.17407,-1.69389,-1.29668
230,0.367314,-1.34293,-1.09055
230,1.22437,-1.74458,-1.26746
230,1.20342,-1.76687,-1.2831
230,1.20149,-1.77927,-1.28246
230,0.379311,-1.44739,-1.10353
230,1.23106,-1.87036,-1.29245
230,1.27021,-1.9342,-1.29314
230,1.12018,-2.03652,-1.14588
230,0.7266,-1.92023,-1.04574
230,0.212563,-1.62422,-1.2021
230,0.255912,-1.69219,-1.12467
230,0.619708,-1.89783,-1.12759
230,0.602503,-1.89609,-1.13073
230,0.613681,-1.92755,-1.11546
230,0.606781,-1.95637,-1.14009
230,0.203719,-1.74788,-1.1683
230,0.579653,-1.95777,-1.1604
230,0.644623,-2.02818,-1.10708
230,0.52618,-1.958,-1.16074
230,0.503893,-1.9556,-1.1756
230,0.554474,-1.98309,-1.18963
230,0.364525,-1.87643,-1.20241
230,0.157079,-1.78167,-1.20235
230,0.128335,-1.77209,-1.21467
230,0.111032,-1.77978,-1.18391
230,0.628665,-2.09568,-1.10847
230,0.118851,-1.77476,-1.23127
230,0.605462,-2.08888,-1.15421
230,0.37947,-1.98729,-1.2215
230,0.592364,-2.15453,-1.14372
230,0.0527778,-1.83482,-1.23774
230,0.110659,-1.86063,-1.28089
230,0.634726,-2.52418,-0.332132
230,0.656755,-2.54496,-0.351044
230,0.479398,-2.09948,-1.26654
230,0.599596,-2.56666,-0.312457
230,0.590268,-2.57244,-0.309451
230,0.423871,-2.11675,-1.26329
230,0.277871,-2.0615,-1.25834
230,0.248792,-2.06663,-1.26547
230,0.885685,-2.41025,-1.34696
230,0.379552,-2.19572,-1.29801
230,0.37402,-2.19339,-1.31192
230,0.341819,-2.22756,-1.28797
230,0.0947073,-2.09098,-1.34209
230,0.115447,-2.10855,-1.33585
230,0.226354,-2.18713,-1.30639
230,0.252471,-2.21284,-1.30471
230,0.833179,-2.51296,-1.39781
230,0.197216,-2.27502,-1.33208
230,0.189449,-2.37431,-1.35057
230,0.16154,-2.35995,-1.35128
230,-0.0738696,-2.51688,-0.770653
230,-0.34283,-2.39083,-0.752225
230,-0.0682586,-2.52913,-0.80227
230,0.143423,-2.4209,-1.37713
230,0.0101403,-2.5836,-0.779095
230,-0.104688,-2.43326,-1.0157
230,0.00935137,-2.58793,-0.782286
230,0.034083,-2.47685,-1.10507
230,-0.0293169,-2.54009,-0.859573
230,0.0152184,-2.51809,-0.985702
230,0.0432687,-2.45257,-1.20048
230,0.00990796,-2.52782,-0.968684
230,-0.16944,-2.43278,-0.964638
230,0.165379,-2.47762,-1.32288
230,-0.132796,-2.52177,-0.807282
230,0.0300586,-2.50205,-1.08929
230,0.0475986,-2.45961,-1.23679
230,0.00817835,-2.44275,-1.2295
230,-0.103669,-2.55795,-0.784363
230,-0.0862687,-2.56735,-0.784925
230,-0.193018,-2.50231,-0.802679
230,-0.182747,-2.48705,-0.862808
230,-0.00686789,-2.58139,-0.868335
230,-0.0702028,-2.52866,-0.916985
230,-0.0443044,-2.54309,-0.917958
230,-0.0611802,-2.50675,-0.992675
230,-0.128176,-2.54456,-0.803786
230,-0.0728605,-2.50847,-0.973847
230,-0.327551,-2.39928,-0.901004
230,-0.317886,-2.29477,-1.18321
230,-0.149552,-2.42159,-1.09427
230,-0.320127,-2.29944,-1.16992
230,-0.0444759,-2.54095,-0.938179
230,-0.117856,-2.56054,-0.786464
230,-0.189445,-2.48777,-0.875359
230,-0.058658,-2.49845,-1.03173
230,-0.326248,-2.39326,-0.930332
230,-0.351305,-2.43662,-0.785564
230,-0.149714,-2.53259,-0.823834
230,-0.146565,-2.52464,-0.852364
230,-0.0455457,-2.59013,-0.827539
230,-0.109617,-2.57222,-0.790592
230,-0.155998,-2.54459,-0.796677
230,-0.0339581,-2.56235,-0.922284
230,-0.323287,-2.38233,-0.978998
230,-0.350003,-2.41907,-0.849309
230,-0.0189441,-2.52747,-1.03552
230,-0.225641,-2.39677,-1.08213
230,-0.332574,-2.42698,-0.857459
230,-0.13812,-2.50206,-0.938606
230,-0.00923276,-2.47953,-1.17709
230,-0.299776,-2.44989,-0.849561
230,-0.0614001,-2.47454,-1.11953
230,-0.254964,-2.496,-0.794709
230,-0.0382351,-2.52046,-1.03601
230,-0.0578262,-2.46604,-1.148
230,-0.0284923,-2.47905,-1.15694
230,-0.104967,-2.52341,-0.940715
230,-0.0552939,-2.45892,-1.17717
230,-0.294177,-2.43457,-0.907076
230,-0.305907,-2.31288,-1.20314
230,-0.100832,-2.5129,-0.978996
230,-0.202139,-2.49614,-0.882133
230,-0.130808,-2.53921,-0.874131
230,-0.303752,-2.42928,-0.917189
230,-0.199791,-2.48912,-0.911179
230,-0.289685,-2.4205,-0.965258
230,-0.103909,-2.44269,-1.16855
230,-0.11552,-2.4442,-1.14951
230,-0.19321,-2.47275,-0.968451
230,-0.253148,-2.48533,-0.853848
230,-0.0356249,-2.50967,-1.09579
230,-0.189838,-2.46446,-0.997074
230,-0.303741,-2.32681,-1.19132
230,-0.158079,-2.55567,-0.809786
230,-0.198025,-2.48282,-0.940561
230,-0.32939,-2.30249,-1.21936
230,-0.109201,-2.42819,-1.20718
230,-0.250419,-2.50803,-0.807371
230,-0.031936,-2.53459,-1.04612
230,-0.251741,-2.35454,-1.20374
230,-0.184514,-2.44961,-1.05516
230,-0.345454,-2.41388,-0.92421
230,-0.278592,-2.38988,-1.08106
230,-0.299261,-2.41217,-0.995648
230,-0.166378,-2.56264,-0.798108
230,-0.381316,-2.42474,-0.85203
230,-0.378831,-2.4189,-0.871022
230,-0.287357,-2.40887,-1.02475
230,-0.16475,-2.42337,-1.15906
230,-0.339509,-2.39804,-0.981901
230,-0.0316913,-2.53139,-1.07059
230,-0.246473,-2.42959,-1.03501
230,-0.180065,-2.43581,-1.11393
230,-0.266794,-2.45965,-0.931946
230,-0.145728,-2.52171,-0.943331
230,-0.124089,-2.51489,-0.993167
230,-0.185888,-2.45946,-1.04944
230,-0.401887,-2.44825,-0.777195
230,-0.100937,-2.42827,-1.24924
230,-0.165496,-2.40124,-1.22839
230,-0.16828,-2.40744,-1.20953
230,-0.36674,-2.38692,-0.98637
230,-0.142757,-2.51335,-0.97691
230,-0.369645,-2.39322,-0.967534
230,-0.174117,-2.42015,-1.17197
230,-0.0295484,-2.46983,-1.24713
230,-0.227202,-2.36646,-1.23667
230,-0.227595,-2.39226,-1.17057
230,-0.132074,-2.48826,-1.05924
230,-0.308669,-2.32749,-1.22504
230,-0.318025,-2.49043,-0.795648
230,-0.129253,-2.41632,-1.24963
230,-0.328161,-2.48679,-0.791696
230,-0.23244,-2.40232,-1.14265
230,-0.324153,-2.47682,-0.826159
230,-0.345379,-2.30997,-1.22473
230,-0.237145,-2.41223,-1.11461
230,-0.118406,-2.45476,-1.17542
230,-0.173554,-2.42701,-1.16986
230,-0.338397,-2.38751,-1.04217
230,-0.110895,-2.43598,-1.24214
230,-0.298714,-2.37403,-1.14319
230,-0.167413,-2.55586,-0.861239
230,-0.315679,-2.47851,-0.85717
230,-0.290684,-2.35429,-1.21048
230,-0.0466142,-2.58974,-0.950874
230,-0.131649,-2.48084,-1.11228
230,-0.224771,-2.52906,-0.860509
230,-0.355877,-2.41308,-0.974518
230,-0.0344313,-2.60248,-0.941392
230,-0.182775,-2.43121,-1.17748
230,-0.322741,-2.34404,-1.2056
230,0.0313619,-2.51691,-1.26051
230,-0.170635,-2.41294,-1.24533
230,-0.219039,-2.51337,-0.920929
230,-0.212636,-2.49682,-0.981162
230,-0.0639877,-2.65275,-0.793526
230,-0.122816,-2.44645,-1.24086
230,-0.265751,-2.51051,-0.878922
230,-0.343647,-2.32643,-1.24186
230,-0.0754043,-2.65029,-0.789065
230,-0.203597,-2.47412,-1.06137
230,-0.142988,-2.49157,-1.10287
230,-0.276338,-2.53605,-0.802802
230,-0.100417,-2.5604,-0.990164
230,-0.197013,-2.45732,-1.12176
230,-0.347818,-2.38475,-1.09745
230,-0.32461,-2.34039,-1.24396
230,-0.182522,-2.42208,-1.24197
230,-0.07406,-2.64357,-0.830617
230,-0.108917,-2.5124,-1.12731
230,-0.101128,-2.49414,-1.18722
230,-0.0293,-2.58081,-1.06681
230,0.0253006,-2.53225,-1.26996
230,-0.315374,-2.45956,-0.983422
230,-0.39814,-2.43914,-0.921602
230,-0.136263,-2.57296,-0.945563
230,-0.316958,-2.41577,-1.10282
230,-0.138584,-2.62859,-0.811813
230,0.0239426,-2.5441,-1.2606
230,-0.287099,-2.38945,-1.22498
230,-0.30939,-2.44015,-1.06564
230,-0.0662596,-2.61801,-0.954402
230,-0.117085,-2.57628,-0.992862
230,-0.249583,-2.45912,-1.10808
230,-0.373279,-2.37245,-1.16487
230,-0.127074,-2.54481,-1.06919
230,-0.327119,-2.42284,-1.10747
230,-0.39412,-2.41498,-1.0472
230,-0.268732,-2.46094,-1.1079
230,-0.0575216,-2.591,-1.07885
230,-0.324312,-2.41004,-1.17058
230,-0.300426,-2.39775,-1.24204
230,-0.128122,-2.53969,-1.12181
230,-0.0421857,-2.53185,-1.26925
230,-0.0811821,-2.69889,-0.801563
230,-0.123011,-2.52321,-1.19718
230,-0.301136,-2.52481,-0.945519
230,-0.0960706,-2.51381,-1.26259
230,-0.38131,-2.39569,-1.17855
230,-0.33807,-2.47028,-1.06164
230,0.10884,-2.59393,-1.40072
230,-0.0588436,-2.57775,-1.21132
230,-0.045859,-2.58927,-1.20881
230,-0.0337609,-2.5489,-1.47779
230,-0.04281,-2.55457,-1.47747
230,0.0686138,-2.67519,-1.45
230,0.0114015,-2.72312,-1.47268
230,-0.509762,-3.94706,-2.11647
230,-1.52346,-10.8666,-9.03104
230,0.417554,-2.34612,-1.22998
228,0.417554,-2.34612,-1.22998
230,0.863041,-1.90828,-1.26836
228,0.863041,-1.90828,-1.26836
230,-0.162168,-2.48535,-0.774532
220,-0.162168,-2.48535,-0.774532
230,-0.13812,-2.46373,-1.10761
220,-0.13812,-2.46373,-1.10761
230,-0.214557,-2.43365,-0.864482
220,-0.214557,-2.43365,-0.864482
230,0.0172719,-2.47137,-0.763348
227,0.0172719,-2.47137,-0.763348
230,-0.31555,-2.45038,-0.989578
227,-0.31555,-2.45038,-0.989578
230,0.180017,-1.91976,-0.925661
227,0.180017,-1.91976,-0.925661
230,-0.259398,-2.40441,-0.910468
218,-0.259398,-2.40441,-0.910468
230,-0.268641,-2.52434,-0.789978
219,-0.268641,-2.52434,-0.789978
231,1.61778,-0.229716,-0.14459
231,1.61127,-0.242908,-0.151707
231,1.3745,-0.455583,-0.362262
231,1.36497,-0.463225,-0.367196
231,0.816412,-1.22456,-0.426395
231,0.800128,-1.22222,-0.423652
231,0.876254,-1.42129,-0.966522
231,0.561394,-1.61043,-1.09484
231,0.453777,-1.73516,-1.18364
231,0.438619,-1.78955,-1.18833
231,0.293661,-1.76602,-1.21975
231,0.365654,-1.84784,-1.19765
231,0.896611,-2.11189,-1.2233
231,0.341992,-1.84048,-1.21217
231,1.02876,-2.22264,-1.19309
231,0.301331,-1.84077,-1.23293
231,0.57575,-1.99771,-1.19707
231,0.638993,-2.04856,-1.16359
231,1.00926,-2.24414,-1.18666
231,0.238872,-1.8242,-1.24953
231,0.151856,-1.82691,-1.1335
231,0.362299,-1.94559,-1.22764
231,0.24344,-1.92724,-1.24018
231,0.654044,-2.53022,-0.354783
231,0.677839,-2.55087,-0.354174
231,0.243965,-2.02484,-1.1193
231,0.165975,-1.92674,-1.29102
231,0.113712,-1.91307,-1.26234
231,0.656075,-2.57204,-0.31909
231,0.16488,-1.96585,-1.27848
231,0.242874,-2.02383,-1.2536
231,0.243282,-2.04522,-1.27186
231,0.310747,-2.09787,-1.25577
231,0.792807,-2.51307,-1.29996
231,0.646768,-2.49835,-1.2279
231,-0.0246321,-2.17883,-1.37004
231,0.17366,-2.26378,-1.52417
231,-0.0763137,-2.44408,-0.835454
231,-0.24287,-2.24241,-1.16131
231,0.0386852,-2.44976,-1.01965
231,0.0358837,-2.52446,-0.833572
231,0.0410948,-2.51729,-0.860107
231,-0.0663015,-2.42887,-0.960948
231,-0.0161773,-2.5064,-0.850103
231,-0.03536,-2.53281,-0.77167
231,-0.067782,-2.44065,-0.967112
231,-0.0989206,-2.49678,-0.792104
231,0.0358285,-2.5012,-0.95974
231,-0.281082,-2.29563,-1.07163
231,-0.0562094,-2.53288,-0.774928
231,-0.106451,-2.44595,-0.955137
231,-0.00899184,-2.4277,-1.13544
231,-0.0408825,-2.51816,-0.869095
231,-0.138639,-2.4702,-0.865213
231,-0.0842513,-2.43162,-1.03933
231,-0.0981734,-2.48128,-0.897354
231,-0.0470871,-2.38034,-1.21778
231,-0.0691279,-2.44061,-1.04082
231,-0.0843427,-2.47818,-0.929112
231,-0.0738394,-2.44703,-1.02268
231,-0.108269,-2.51113,-0.817821
231,0.0220798,-2.43119,-1.19726
231,-0.126411,-2.41934,-1.0361
231,-0.0400593,-2.51016,-0.926567
231,-0.313725,-2.38328,-0.891816
231,-0.109998,-2.49645,-0.876208
231,-0.104435,-2.48875,-0.904307
231,-0.104958,-2.45602,-0.989501
231,0.026148,-2.51896,-1.00331
231,-0.0970702,-2.42834,-1.07445
231,-0.0398513,-2.43294,-1.13743
231,-0.316121,-2.41293,-0.831829
231,-0.00482571,-2.54166,-0.915212
231,-0.0153964,-2.54955,-0.88181
231,0.0173603,-2.53112,-0.970671
231,-0.00369823,-2.52005,-0.971877
231,0.69427,-2.66104,-1.52333
231,-0.249769,-2.42131,-0.904332
231,-0.128974,-2.5055,-0.850635
231,-0.0927099,-2.4053,-1.15112
231,-0.279199,-2.45232,-0.794465
231,-0.069971,-2.5512,-0.817585
231,0.0193794,-2.50162,-1.06062
231,-0.299678,-2.45817,-0.757772
231,-0.142004,-2.38923,-1.14001
231,-0.31592,-2.4112,-0.862093
231,-0.00295079,-2.51902,-0.996443
231,-0.336672,-2.42668,-0.798582
231,0.0157115,-2.47317,-1.14392
231,0.0201324,-2.46707,-1.16659
231,-0.124321,-2.39789,-1.15577
231,-0.0441511,-2.50965,-0.979902
231,0.0121872,-2.47801,-1.13978
231,-0.199658,-2.50141,-0.810174
231,-0.190748,-2.35474,-1.19115
231,-0.183822,-2.34516,-1.22502
231,-0.244455,-2.39513,-1.02155
231,-0.314486,-2.38416,-0.958987
231,-0.0250806,-2.59659,-0.800935
231,-0.292159,-2.4702,-0.773404
231,0.0251497,-2.5069,-1.09237
231,-0.25306,-2.40684,-0.98436
231,-0.0688217,-2.54352,-0.884753
231,-0.279283,-2.40368,-0.964702
231,-0.227769,-2.35483,-1.15457
231,-0.327469,-2.42165,-0.857963
231,-0.18101,-2.50208,-0.850346
231,-0.169957,-2.43855,-1.02923
231,0.0118539,-2.50201,-1.10619
231,-0.26141,-2.37786,-1.07539
231,-0.192666,-2.38955,-1.13613
231,-0.187082,-2.38178,-1.16457
231,-0.265735,-2.38904,-1.0451
231,-0.295311,-2.47265,-0.803751
231,-0.292686,-2.45276,-0.858627
231,-0.265314,-2.37094,-1.10348
231,-0.27929,-2.39018,-1.03754
231,-0.209876,-2.39909,-1.10638
231,-0.271996,-2.4031,-1.01802
231,-0.098057,-2.58353,-0.79098
231,-0.212661,-2.36534,-1.19727
231,-0.365163,-2.42499,-0.866665
231,-0.286914,-2.4635,-0.87231
231,-0.355338,-2.41074,-0.92657
231,-0.257819,-2.51595,-0.803119
231,-0.298564,-2.49875,-0.794343
231,-0.34769,-2.39888,-0.987615
231,-0.283412,-2.43338,-0.987749
231,-0.342864,-2.36749,-1.0921
231,-0.350047,-2.37631,-1.07752
231,-0.253031,-2.44251,-1.04652
231,-0.2605,-2.48815,-0.923726
231,-0.30789,-2.46471,-0.926758
231,-0.2851,-2.43295,-1.0429
231,0.664458,-2.72733,-1.56222
231,0.052647,-2.38746,-1.63614
231,0.521228,-3.00505,-1.57635
231,0.117167,-1.94879,-1.3149
229,0.117167,-1.94879,-1.3149
231,1.27828,-2.73535,-0.329415
229,1.27828,-2.73535,-0.329415
231,-0.153051,-2.44248,-0.953497
220,-0.153051,-2.44248,-0.953497
232,1.42239,-0.29047,-0.369039
232,1.31903,-0.278053,-0.34226
232,1.34802,-0.306632,-0.365828
232,1.21201,-0.483011,-0.366022
232,1.23303,-0.494162,-0.378229
232,1.19691,-0.487821,-0.36954
232,1.18269,-0.490795,-0.369519
232,1.17016,-0.491356,-0.368334
232,1.09201,-0.483555,-0.353892
232,1.08636,-0.485315,-0.356917
232,1.24285,-0.720247,-0.504023
232,1.16744,-1.24297,-0.844139
232,1.05006,-1.69236,-1.12363
232,1.05116,-1.69379,-1.12406
232,1.38956,-1.89004,-1.23384
232,1.04458,-1.77549,-1.15997
232,0.98891,-1.84259,-1.22828
232,1.38074,-2.09185,-1.26974
232,0.954021,-1.90429,-1.25397
232,0.990521,-1.93837,-1.24958
232,0.798652,-1.92682,-1.15032
232,0.658529,-1.97155,-1.17373
232,0.683045,-1.98006,-1.20419
232,0.647263,-1.99927,-1.196
232,0.669289,-2.05486,-1.14154
232,0.867676,-2.12854,-1.22546
232,0.596612,-1.97999,-1.2365
232,0.660951,-2.05672,-1.15164
232,0.630671,-2.03844,-1.21556
232,0.755581,-2.29114,-0.851177
232,0.773688,-2.26063,-0.974131
232,0.573727,-2.05276,-1.20532
232,0.438276,-1.97087,-1.24626
232,0.991553,-2.27948,-1.27936
232,0.326983,-1.94146,-1.24969
232,0.532487,-2.06511,-1.23181
232,0.527063,-2.05426,-1.25062
232,0.642913,-2.41046,-0.58759
232,0.981022,-2.30367,-1.28792
232,0.644788,-2.42199,-0.589521
232,0.703988,-2.25306,-1.0601
232,0.610733,-2.07914,-1.35534
232,0.927788,-2.32863,-1.19091
232,0.952052,-2.30623,-1.28565
232,0.377387,-2.0104,-1.24555
232,0.642602,-2.53773,-0.389731
232,0.37314,-2.02804,-1.24757
232,0.393049,-2.04229,-1.24446
232,0.336565,-2.01776,-1.23607
232,0.464357,-2.08548,-1.24899
232,0.585447,-2.20021,-1.17576
232,0.317913,-2.0269,-1.2445
232,0.930877,-2.35151,-1.31185
232,0.576124,-2.21802,-1.17146
232,0.570076,-2.21899,-1.17591
232,0.925894,-2.36279,-1.29828
232,0.481012,-2.1596,-1.21002
232,0.92481,-2.36072,-1.32968
232,0.305679,-2.06404,-1.24044
232,0.481627,-2.17521,-1.22323
232,0.289233,-2.06612,-1.24288
232,0.29332,-2.06805,-1.2594
232,0.339815,-2.12567,-1.25859
232,0.37571,-2.16464,-1.23626
232,0.321918,-2.13065,-1.24852
232,0.398372,-2.17166,-1.25264
232,0.85143,-2.4216,-1.25355
232,0.345769,-2.15594,-1.25828
232,0.404806,-2.24549,-1.21094
232,0.438197,-2.25172,-1.24141
232,0.406616,-2.24952,-1.21018
232,0.328187,-2.18736,-1.26172
232,0.406991,-2.2709,-1.19469
232,0.420052,-2.27168,-1.21325
232,0.335842,-2.20921,-1.2591
232,0.384795,-2.27544,-1.22245
232,0.138881,-2.16008,-1.19957
232,0.354211,-2.2713,-1.23096
232,0.438013,-2.31871,-1.24471
232,0.136056,-2.1698,-1.2079
232,0.277467,-2.23371,-1.27244
232,0.314001,-2.26232,-1.25567
232,0.300449,-2.27037,-1.25586
232,0.440551,-2.3645,-1.23088
232,0.246942,-2.24621,-1.28488
232,0.741719,-2.47341,-1.40304
232,0.274259,-2.27876,-1.26259
232,0.305926,-2.32155,-1.26146
232,0.291112,-2.32872,-1.24922
232,0.42019,-2.39748,-1.25554
232,0.135155,-2.4188,-0.875601
232,0.515537,-2.389,-1.44182
232,0.0820383,-2.23947,-1.23878
232,0.262843,-2.34594,-1.25915
232,0.0906163,-2.48928,-0.741534
232,0.505807,-2.41666,-1.45281
232,0.718261,-2.59385,-1.34311
232,0.0498213,-2.47431,-0.785326
232,0.0647399,-2.47453,-0.826055
232,0.0625604,-2.43999,-0.941156
232,-0.0128772,-2.46816,-0.791658
232,0.0125016,-2.42111,-0.949493
232,-0.0908903,-2.45996,-0.77071
232,0.0488437,-2.48485,-0.89633
232,-0.293232,-2.33165,-0.824608
232,-0.0167547,-2.4762,-0.861333
232,-0.076255,-2.43039,-0.891929
232,-0.0295444,-2.37215,-1.11953
232,-0.0931585,-2.48559,-0.790874
232,-0.0551083,-2.38754,-1.06881
232,-0.092231,-2.48327,-0.804733
232,-0.0862266,-2.47188,-0.845005
232,-0.197521,-2.43904,-0.778848
232,-0.28856,-2.36865,-0.832508
232,-0.159636,-2.47579,-0.753815
232,0.133632,-2.45058,-1.21579
232,-0.0475377,-2.46138,-0.967039
232,0.67409,-2.68138,-1.38192
232,-0.171306,-2.35561,-1.06368
232,0.0227357,-2.45622,-1.07918
232,-0.285305,-2.44338,-0.717327
232,-0.0400017,-2.47016,-0.982796
232,-0.156757,-2.46374,-0.851539
232,-0.0502909,-2.37335,-1.19791
232,-0.0366355,-2.46339,-1.01158
232,-0.250016,-2.37615,-0.944937
232,-0.135993,-2.45641,-0.920781
232,-0.146337,-2.47502,-0.865006
232,-0.028169,-2.42175,-1.14053
232,-0.146501,-2.41272,-1.01868
232,-0.229411,-2.46367,-0.79518
232,-0.0199085,-2.40601,-1.19768
232,-0.162431,-2.48244,-0.838067
232,-0.117071,-2.48211,-0.903956
232,-0.0101892,-2.43304,-1.15586
232,-0.0886549,-2.45102,-1.01627
232,-0.150286,-2.41796,-1.01658
232,-0.150475,-2.44712,-0.949092
232,-0.0850269,-2.4438,-1.0451
232,-0.161611,-2.43785,-0.961128
232,-0.207231,-2.4171,-0.951922
232,0.013152,-2.47211,-1.11113
232,-0.326342,-2.40444,-0.834058
232,-0.188309,-2.38205,-1.06483
232,-0.272338,-2.32758,-1.08357
232,-0.215431,-2.43488,-0.909913
232,-0.0760258,-2.40566,-1.15887
232,-0.275529,-2.4571,-0.784258
232,-0.143263,-2.3822,-1.13136
232,-0.153983,-2.40131,-1.07547
232,-0.285929,-2.43215,-0.842221
232,-0.18851,-2.35946,-1.13637
232,-0.289147,-2.31378,-1.11401
232,-0.0733123,-2.39931,-1.19267
232,-0.254429,-2.35409,-1.06743
232,-0.315056,-2.44262,-0.786529
232,-0.272979,-2.41202,-0.912175
232,-0.142493,-2.42818,-1.04688
232,-0.336076,-2.43428,-0.786525
232,-0.126094,-2.39415,-1.14924
232,-0.286961,-2.30789,-1.14375
232,-0.073674,-2.43167,-1.13761
232,-0.331648,-2.36662,-0.958889
232,-0.284733,-2.47698,-0.768268
232,-0.269862,-2.42807,-0.903261
232,-0.119344,-2.38015,-1.20778
232,-0.312426,-2.47549,-0.741872
232,-0.269189,-2.44801,-0.862427
232,-0.248461,-2.3179,-1.19369
232,-0.0656751,-2.4414,-1.14377
232,-0.247899,-2.35558,-1.12195
232,-0.233982,-2.33527,-1.18823
232,-0.323529,-2.38391,-0.962773
232,-0.377722,-2.44361,-0.763195
232,-0.332196,-2.50235,-0.714781
232,-0.2937,-2.33742,-1.14808
232,-0.255636,-2.41396,-1.03451
232,-0.400741,-2.44911,-0.775741
232,-0.613232,-2.73239,-0.211879
232,-1.60423,-2.47525,-1.31458
232,-0.057259,-3.81701,-1.74828
232,-0.388175,-4.46334,-1.18121
232,0.577872,-2.55322,-0.720186
230,0.577872,-2.55322,-0.720186
232,0.302208,-2.05463,-1.2532
230,0.302208,-2.05463,-1.2532
232,0.0935544,-2.30835,-0.836538
230,0.0935544,-2.30835,-0.836538
232,-0.315491,-2.47866,-1.00127
230,-0.315491,-2.47866,-1.00127
232,-0.243095,-2.46554,-1.00002
230,-0.243095,-2.46554,-1.00002
232,0.644127,-1.89085,-1.12281
230,0.644127,-1.89085,-1.12281
232,0.398906,-2.07551,-1.16785
230,0.398906,-2.07551,-1.16785
232,-0.0859344,-2.28354,-0.973527
230,-0.0859344,-2.28354,-0.973527
232,0.638112,-1.92056,-1.11065
230,0.638112,-1.92056,-1.11065
232,0.318536,-2.08149,-1.1879
230,0.318536,-2.08149,-1.1879
232,0.818781,-1.84591,-1.26265
229,0.818781,-1.84591,-1.26265
232,0.265968,-1.99399,-1.24599
227,0.265968,-1.99399,-1.24599
232,0.00769109,-2.44541,-0.748007
227,0.00769109,-2.44541,-0.748007
232,1.39642,-3.03602,-1.63994
223,1.39642,-3.03602,-1.63994
233,1.40252,-0.267628,-0.358295
233,1.36871,-0.248091,-0.360906
233,1.3018,-0.270519,-0.35391
233,1.31464,-0.323418,-0.350405
233,1.3362,-0.37943,-0.361362
233,1.15249,-0.391042,-0.347451
233,1.21268,-0.479065,-0.356414
233,1.17434,-0.48655,-0.355727
233,1.10515,-0.482631,-0.348821
233,0.784055,-1.16749,-0.479727
233,1.00197,-1.81797,-1.20668
233,0.725409,-1.93662,-1.17566
233,0.795661,-1.99609,-1.18942
233,0.793311,-2.23728,-0.808122
233,0.870207,-2.13229,-1.21799
233,0.754058,-2.30421,-0.845812
233,0.636577,-2.11025,-1.16366
233,0.648152,-2.46683,-0.399114
233,0.957701,-2.31822,-1.29291
233,0.950669,-2.3265,-1.28669
233,0.325024,-2.03396,-1.22548
233,0.466848,-2.10928,-1.24349
233,0.856593,-2.38719,-1.22311
233,0.851408,-2.4085,-1.27537
233,0.828574,-2.41737,-1.27263
233,0.846567,-2.43843,-1.29521
233,0.330178,-2.19606,-1.23801
233,0.423177,-2.2821,-1.1863
233,0.264644,-2.19439,-1.25215
233,0.328102,-2.30995,-1.24269
233,-0.0950017,-2.36111,-0.924469
233,-0.0949835,-2.44612,-0.743262
233,-0.11263,-2.42013,-0.782583
233,-0.0575986,-2.43562,-0.822259
233,-0.0169734,-2.47486,-0.825505
233,-0.0693744,-2.47995,-0.776105
233,-0.157452,-2.37398,-0.937122
233,-0.0917842,-2.36934,-1.05932
233,-0.14362,-2.49001,-0.76916
233,-0.146109,-2.4511,-0.908173
233,-0.277844,-2.58211,-0.44118
233,0.022736,-2.55076,-0.906276
233,-0.0536798,-2.56041,-0.790495
233,-0.0630689,-2.43878,-1.07932
233,-0.348282,-2.43793,-0.731042
233,-0.296153,-2.49802,-0.661266
233,-0.343975,-2.4222,-0.82938
233,-0.275714,-2.3158,-1.19758
233,-0.275953,-2.39682,-1.02238
233,-0.0304455,-2.47936,-1.1539
233,-0.303869,-2.30307,-1.21425
233,-0.269298,-2.43553,-0.952763
233,-0.0980734,-2.4553,-1.1395
233,-0.242398,-2.36758,-1.15936
233,-0.265719,-2.4088,-1.04191
233,-0.299073,-2.46865,-0.864635
233,-0.213568,-2.40013,-1.14226
233,-0.29194,-2.45361,-0.925547
233,-0.464953,-2.58201,-0.473628
233,-0.357163,-2.42982,-0.972868
233,-0.361577,-2.3816,-1.16262
233,-0.56647,-2.68124,-0.384128
233,0.274162,-3.14925,-1.08774
233,-1.42241,-2.35836,-1.25414
233,1.01915,-1.87219,-1.2067
231,1.01915,-1.87219,-1.2067
233,-0.111613,-2.39654,-0.993675
231,-0.111613,-2.39654,-0.993675
233,0.61319,-1.9543,-1.16261
231,0.61319,-1.9543,-1.16261
233,-0.493345,-2.65939,-1.36836
230,-0.493345,-2.65939,-1.36836
233,-0.358708,-2.87069,-1.18693
230,-0.358708,-2.87069,-1.18693
233,-0.0244594,-2.34709,-1.1024
230,-0.0244594,-2.34709,-1.1024
234,1.29235,-0.306276,-0.355606
234,1.28106,-0.300972,-0.356175
234,1.40136,-0.459253,-0.372305
234,1.36737,-0.488551,-0.351769
234,1.35517,-0.507655,-0.36517
234,1.21907,-0.475917,-0.353103
234,0.777275,-1.14243,-0.530009
234,0.786915,-1.14722,-0.555501
234,1.11402,-1.7475,-0.283884
234,0.983693,-1.82101,-1.05207
234,1.35099,-1.94701,-1.24244
234,0.971382,-1.86647,-1.07061
234,1.04543,-1.89264,-1.2243
234,0.643178,-2.14431,-1.18962
234,0.622386,-2.13648,-1.18912
234,0.62786,-2.41239,-0.630223
234,0.539949,-2.11719,-1.22555
234,0.474082,-2.07997,-1.24026
234,0.479256,-2.08739,-1.23548
234,0.946715,-2.32902,-1.29894
234,0.419076,-2.07695,-1.23855
234,0.944094,-2.35891,-1.30549
234,0.697478,-2.31622,-1.11079
234,0.446611,-2.10961,-1.2684
234,0.366579,-2.09223,-1.23012
234,0.429413,-2.13585,-1.22954
234,0.426736,-2.13804,-1.23109
234,0.566967,-2.2464,-1.1796
234,0.853653,-2.40838,-1.22898
234,0.364318,-2.14438,-1.22489
234,0.84013,-2.41123,-1.28191
234,0.461381,-2.24837,-1.22717
234,0.408105,-2.27818,-1.21552
234,0.509689,-2.34171,-1.20674
234,0.777472,-2.47141,-1.28123
234,0.500533,-2.35014,-1.20727
234,0.440288,-2.32401,-1.22436
234,0.454374,-2.37679,-1.22768
234,0.436282,-2.38852,-1.24108
234,-0.00451648,-2.4512,-0.738021
234,0.0255567,-2.39437,-0.934105
234,0.00718606,-2.45672,-0.76606
234,-0.035237,-2.38593,-0.926345
234,-0.053026,-2.45556,-0.741199
234,-0.0477732,-2.43535,-0.825031
234,-0.0137062,-2.31475,-1.15157
234,-0.291091,-2.35388,-0.721665
234,0.084215,-2.5028,-0.8649
234,-0.183262,-2.47934,-0.571946
234,0.0170275,-2.41366,-0.987524
234,-0.121845,-2.42026,-0.816502
234,-0.112058,-2.45561,-0.747928
234,-0.0888846,-2.35639,-1.04396
234,-0.0253146,-2.52042,-0.768301
234,-0.129023,-2.45684,-0.782289
234,-0.00824487,-2.41948,-1.06482
234,-0.283507,-2.35079,-0.8705
234,-0.183114,-2.43181,-0.826899
234,-0.220264,-2.34794,-1.0029
234,-0.212489,-2.33263,-1.05731
234,-0.0907159,-2.5036,-0.835471
234,-0.18456,-2.38617,-1.00831
234,-0.175165,-2.36861,-1.06462
234,0.0655327,-2.47386,-1.13639
234,-0.0452654,-2.41763,-1.12898
234,-0.231312,-2.3646,-1.02414
234,-0.0697585,-2.41087,-1.12746
234,-0.124064,-2.39715,-1.09021
234,-0.290051,-2.29413,-1.11464
234,-0.310417,-2.38736,-0.877047
234,-0.237065,-2.35145,-1.06971
234,-0.148014,-2.33868,-1.21629
234,-0.163263,-2.36598,-1.1382
234,-0.333571,-2.4018,-0.833926
234,-0.130959,-2.4113,-1.08305
234,-0.130581,-2.43948,-1.01823
234,-0.122401,-2.42339,-1.07799
234,-0.115172,-2.40857,-1.13851
234,-0.26511,-2.44672,-0.865763
234,-0.316607,-2.38279,-0.957835
234,-0.483131,-2.55647,-0.630795
234,-1.51556,-2.38781,0.102427
234,-1.2952,-2.2661,-1.2015
234,0.214815,-3.2453,-1.12211
234,0.144138,-3.38536,-1.18149
234,0.121196,-3.5887,-0.761499
234,-0.142193,-4.15177,-0.742914
234,-0.548357,-5.09037,-1.08491
234,1.00377,-2.15323,-1.17291
230,1.00377,-2.15323,-1.17291
234,-0.0684197,-2.46973,-0.817404
230,-0.0684197,-2.46973,-0.817404
234,-0.211234,-2.52626,-1.06545
230,-0.211234,-2.52626,-1.06545
234,1.10501,-1.98575,-1.00344
230,1.10501,-1.98575,-1.00344
234,-0.184838,-2.27509,-1.15901
231,-0.184838,-2.27509,-1.15901
234,-0.122036,-2.48178,-1.03931
229,-0.122036,-2.48178,-1.03931
234,0.988555,-1.96799,-1.26754
229,0.988555,-1.96799,-1.26754
234,0.627627,-2.10763,-1.25583
220,0.627627,-2.10763,-1.25583
235,1.31124,-0.261968,-0.342489
235,0.767293,-1.13583,-0.527082
235,0.763075,-1.1573,-0.495317
235,0.604987,-2.1371,-1.1791
235,0.617477,-2.14418,-1.17933
235,0.633175,-2.14751,-1.19559
235,0.619512,-2.16006,-1.18887
235,0.574356,-2.22147,-1.17067
235,0.442239,-2.24327,-1.18389
235,0.497056,-2.28898,-1.1908
235,0.371847,-2.23328,-1.21892
235,0.387449,-2.2979,-1.22768
235,0.160996,-2.36625,-1.15927
235,0.159907,-2.36729,-1.17466
235,0.104276,-2.44323,-0.947375
235,0.067004,-2.44281,-0.923987
235,0.0116287,-2.44457,-0.856804
235,0.0595055,-2.50877,-0.767189
235,-0.0566714,-2.44873,-0.764633
235,0.0728726,-2.50017,-0.833495
235,-0.047075,-2.39789,-0.927509
235,-0.145488,-2.34497,-0.92323
235,0.110088,-2.43401,-1.06697
235,-0.236342,-2.49133,-0.420841
235,0.0693179,-2.48665,-0.885253
235,0.0694851,-2.54194,-0.751467
235,0.0840168,-2.45673,-1.00144
235,-0.143632,-2.39883,-0.820626
235,0.069608,-2.51149,-0.841322
235,-0.154247,-2.41936,-0.754458
235,0.0751584,-2.50049,-0.87971
235,0.138317,-2.42046,-1.18671
235,0.0111248,-2.43892,-0.956097
235,0.0979065,-2.42806,-1.11864
235,0.00558531,-2.44329,-0.944002
235,0.0148789,-2.3233,-1.27925
235,0.0816801,-2.44129,-1.07402
235,0.126112,-2.42897,-1.20194
235,0.00112379,-2.53828,-0.765221
235,0.0531237,-2.4931,-0.965469
235,0.0416971,-2.51454,-0.908959
235,-0.135385,-2.44985,-0.823177
235,-0.0546073,-2.44067,-0.969649
235,0.0275269,-2.54146,-0.83276
235,-0.0114183,-2.46764,-0.971105
235,-0.179131,-2.41926,-0.873984
235,-0.000925303,-2.44503,-1.07073
235,0.00077951,-2.44623,-1.08901
235,-0.0459925,-2.37423,-1.21618
235,-0.116753,-2.40408,-1.04234
235,-0.0476134,-2.54829,-0.779559
235,-0.0371137,-2.52704,-0.858349
235,-0.205848,-2.4374,-0.849372
235,-0.186936,-2.45648,-0.838003
235,-0.025916,-2.50199,-0.9794
235,-0.154126,-2.47935,-0.860997
235,-0.212399,-2.31976,-1.1936
235,-0.227768,-2.34755,-1.11703
235,-0.253401,-2.44277,-0.838384
235,-0.248121,-2.38587,-1.00019
235,-0.156463,-2.43339,-1.02237
235,-0.239189,-2.41231,-0.95841
235,-0.233351,-2.39992,-1.00648
235,-0.259671,-2.36584,-1.06918
235,-0.255067,-2.3529,-1.13826
235,-0.302283,-2.30712,-1.20111
235,-0.30047,-2.33027,-1.21351
235,-0.319052,-2.36193,-1.1372
235,-0.337728,-2.39833,-1.01706
235,-0.329907,-2.38197,-1.07795
235,-0.354394,-2.43003,-0.917395
235,-0.394153,-2.47043,-0.756786
235,-0.34596,-2.41292,-0.977964
235,-0.382095,-2.48205,-0.757993
235,-0.340976,-2.37594,-1.16069
235,-0.489361,-2.56303,-1.25852
230,-0.489361,-2.56303,-1.25852
235,0.574512,-2.06758,-1.20371
230,0.574512,-2.06758,-1.20371
235,-0.311451,-2.35596,-0.935249
230,-0.311451,-2.35596,-0.935249
235,0.362214,-2.12148,-1.20041
230,0.362214,-2.12148,-1.20041
235,0.443289,-1.66211,-0.661525
230,0.443289,-1.66211,-0.661525
235,-0.0631345,-2.04439,-1.06705
230,-0.0631345,-2.04439,-1.06705
235,0.176171,-1.93329,-0.696545
230,0.176171,-1.93329,-0.696545
235,0.0452265,-2.47748,-1.42603
230,0.0452265,-2.47748,-1.42603
235,-0.287042,-2.74933,-0.913778
230,-0.287042,-2.74933,-0.913778
235,-0.141946,-2.53739,-0.845727
231,-0.141946,-2.53739,-0.845727
235,-0.228796,-2.39119,-0.964157
231,-0.228796,-2.39119,-0.964157
235,-0.0217669,-2.57608,-0.790946
231,-0.0217669,-2.57608,-0.790946
235,-0.152801,-2.36457,-0.858479
231,-0.152801,-2.36457,-0.858479
235,-0.0384235,-2.42041,-0.825584
231,-0.0384235,-2.42041,-0.825584
235,0.572643,-2.20123,-1.23761
220,0.572643,-2.20123,-1.23761
235,-0.0343457,-2.49732,-0.883868
220,-0.0343457,-2.49732,-0.883868
236,0.775481,-1.09157,-0.572321
236,0.793078,-1.10712,-0.575011
236,0.753916,-1.15025,-0.402791
236,0.877141,-1.6457,-0.926443
236,0.857036,-1.65189,-0.915847
236,0.847118,-1.64805,-0.919163
236,0.829903,-1.67307,-0.89517
236,0.74448,-1.67185,-0.996849
236,0.78288,-1.7886,-0.946584
236,0.259895,-1.83334,-0.313646
236,-0.13313,-2.11679,-1.09537
236,-0.166115,-2.19011,-0.855021
236,-0.168446,-2.19009,-0.87944
236,-0.159,-2.16357,-0.992095
236,-0.177879,-2.17621,-0.937405
236,-0.198376,-2.21647,-0.829745
236,-0.196961,-2.24043,-0.775354
236,0.328379,-2.31406,-1.38204
236,-0.199547,-2.23777,-0.823368
236,-0.18311,-2.25941,-0.836026
236,-0.210456,-2.23376,-0.900546
236,-0.158424,-2.2444,-0.955488
236,-0.155786,-2.29491,-0.833445
236,-0.216807,-2.24375,-0.886982
236,-0.140115,-2.19916,-1.12637
236,-0.217646,-2.31771,-0.735174
236,-0.220396,-2.23976,-0.955476
236,0.0285311,-2.40734,-0.902875
236,-0.212754,-2.21541,-1.06948
236,-0.169415,-2.29542,-0.930439
236,0.0421705,-2.37281,-1.04801
236,-0.185368,-2.32343,-0.877562
236,-0.0073216,-2.36488,-1.03501
236,-0.235527,-2.33242,-0.809072
236,-0.0517354,-2.40788,-0.912843
236,-0.00930274,-2.34161,-1.15608
236,-0.0681509,-2.47131,-0.743869
236,-0.0899949,-2.39123,-0.926942
236,-0.08648,-2.39321,-0.927069
236,-0.0705411,-2.44617,-0.813121
236,-0.0608389,-2.45101,-0.838459
236,-0.089378,-2.38395,-0.988545
236,0.0623467,-2.39683,-1.19076
236,-0.166552,-2.36521,-0.932618
236,-0.0615119,-2.4188,-0.952527
236,-0.119666,-2.4226,-0.872054
236,-0.119337,-2.42123,-0.880484
236,-0.163183,-2.39471,-0.887273
236,-0.125892,-2.46987,-0.74886
236,-0.221731,-2.35463,-0.936503
236,-0.2243,-2.36002,-0.920524
236,-0.181784,-2.38043,-0.935306
236,-0.240543,-2.3755,-0.866998
236,-0.0352768,-2.50096,-0.844183
236,-0.153641,-2.40381,-0.938456
236,0.03602,-2.55067,-0.837911
236,-0.0269929,-2.47703,-0.965054
236,-0.179058,-2.40133,-0.941516
236,-0.176984,-2.32316,-1.17373
236,0.00602901,-2.58199,-0.792437
236,0.0512406,-2.49334,-1.134
236,0.0165519,-2.56953,-0.899105
236,-0.00893915,-2.60602,-0.768818
236,-0.0569669,-2.52931,-0.90981
236,-0.195829,-2.34621,-1.20074
236,-0.0447614,-2.49918,-1.03071
236,-0.028862,-2.45636,-1.22795
236,0.0426947,-2.49061,-1.24776
236,0.0162311,-2.58618,-0.954558
236,0.0155635,-2.58452,-0.990891
236,-0.0114027,-2.59586,-0.948875
236,0.0193999,-2.5861,-1.04864
236,-0.038098,-2.72501,-0.793186
236,0.00831854,-2.73072,-1.53096
236,-0.0159311,-2.79977,-1.57567
236,0.340822,-2.06026,-1.21806
232,0.340822,-2.06026,-1.21806
236,0.0994462,-2.21049,-0.67677
232,0.0994462,-2.21049,-0.67677
236,-0.0817148,-2.33463,-1.18135
232,-0.0817148,-2.33463,-1.18135
236,0.617185,-1.64677,-0.939651
232,0.617185,-1.64677,-0.939651
236,0.458224,-1.88243,-1.07329
232,0.458224,-1.88243,-1.07329
236,0.382272,-2.24114,-1.19922
232,0.382272,-2.24114,-1.19922
236,-0.264604,-2.68001,-1.17731
232,-0.264604,-2.68001,-1.17731
236,1.00763,-2.16695,-1.21228
232,1.00763,-2.16695,-1.21228
236,0.552126,-2.03807,-1.05928
232,0.552126,-2.03807,-1.05928
236,0.147941,-2.39339,-1.1778
230,0.147941,-2.39339,-1.1778
236,-0.380039,-2.57204,-0.877277
230,-0.380039,-2.57204,-0.877277
236,-0.418318,-2.45834,-1.26214
230,-0.418318,-2.45834,-1.26214
236,-0.11844,-2.49822,-1.04085
230,-0.11844,-2.49822,-1.04085
236,-0.120449,-2.43501,-0.818592
230,-0.120449,-2.43501,-0.818592
236,-1.24887,-2.21391,-1.1632
230,-1.24887,-2.21391,-1.1632
236,-0.460432,-2.48143,-1.28892
229,-0.460432,-2.48143,-1.28892
236,-0.230915,-2.25604,-1.15899
229,-0.230915,-2.25604,-1.15899
237,1.36407,-0.333815,-0.31009
237,1.16979,-0.538169,-0.370087
237,1.12307,-0.624907,-0.430317
237,1.01407,-0.723619,-0.334382
237,0.855784,-1.0554,-0.624085
237,0.800885,-1.13524,-0.478594
237,0.804779,-1.12085,-0.595503
237,0.76955,-1.1161,-0.560021
237,0.736485,-1.1605,-0.397094
237,0.770591,-1.13959,-0.501199
237,0.738977,-1.15406,-0.419716
237,0.767035,-1.13475,-0.515142
237,0.745814,-1.09652,-0.591673
237,0.730453,-1.13275,-0.480074
237,0.723011,-1.15054,-0.42408
237,0.731411,-1.12839,-0.503534
237,0.734797,-1.10833,-0.566446
237,0.718148,-1.09842,-0.570566
237,0.702862,-1.14528,-0.426813
237,0.871601,-1.22373,-0.76725
237,0.82079,-1.29964,-0.814338
237,0.705849,-1.43027,-0.842539
237,0.728236,-1.48891,-0.890941
237,0.726519,-1.68964,-1.01013
237,0.651119,-1.71831,-1.03536
237,0.542125,-1.70471,-0.974186
237,0.687813,-1.80157,-1.04579
237,0.704362,-1.90815,-1.07948
237,0.495656,-1.85532,-1.04575
237,0.683879,-1.9843,-1.10639
237,0.606592,-1.93076,-1.13793
237,0.48929,-1.91662,-1.09016
237,0.549629,-1.98913,-1.07082
237,0.613861,-2.03116,-1.06155
237,0.552421,-2.04443,-1.09297
237,0.566966,-2.14428,-1.11564
237,0.479813,-2.11694,-1.13326
237,-0.206973,-2.22078,-0.895248
237,-0.212343,-2.22089,-0.944976
237,-0.222577,-2.31067,-0.725577
237,0.0826722,-2.37669,-1.02803
237,-0.228545,-2.3023,-0.796974
237,-0.244126,-2.29861,-0.785293
237,-0.237851,-2.32413,-0.729847
237,-0.219162,-2.2891,-0.848557
237,0.0614238,-2.45992,-0.810634
237,-0.208477,-2.21166,-1.06631
237,-0.277807,-2.31451,-0.707327
237,-0.207669,-2.25832,-0.959058
237,-0.232737,-2.26747,-0.899014
237,-0.237045,-2.32812,-0.740812
237,0.0961895,-2.44386,-0.931219
237,-0.170374,-2.27755,-0.98179
237,0.0802037,-2.4819,-0.814305
237,0.0972028,-2.43392,-0.970927
237,-0.00103271,-2.46187,-0.760074
237,-0.00716543,-2.31268,-1.14783
237,-0.201455,-2.23422,-1.07292
237,-0.102768,-2.41874,-0.740066
237,-0.227098,-2.24352,-1.01621
237,-0.186429,-2.30837,-0.917763
237,-0.0701559,-2.44344,-0.747484
237,-0.229507,-2.29555,-0.903046
237,-0.222116,-2.3748,-0.739944
237,-0.269387,-2.35117,-0.735541
237,0.0840857,-2.39128,-1.16202
237,-0.156227,-2.35226,-0.919445
237,-0.247721,-2.28285,-0.971316
237,0.0669748,-2.51845,-0.814989
237,-0.0257248,-2.48484,-0.775399
237,-0.25642,-2.30095,-0.925012
237,0.0669808,-2.51634,-0.838463
237,-0.238646,-2.2548,-1.08517
237,-0.271832,-2.36385,-0.760446
237,-0.177529,-2.26422,-1.15681
237,-0.156976,-2.34612,-0.976243
237,-0.107363,-2.40832,-0.8866
237,0.0619484,-2.45938,-1.00401
237,0.00160921,-2.41363,-1.03592
237,-0.116483,-2.39193,-0.926143
237,-0.0181663,-2.44265,-0.936737
237,0.141064,-2.43458,-1.19478
237,-0.274585,-2.36581,-0.77311
237,0.0315458,-2.47509,-0.940231
237,0.00967753,-2.52766,-0.774309
237,-0.271325,-2.38502,-0.743273
237,0.0475656,-2.50128,-0.903044
237,-0.0164596,-2.42785,-1.00158
237,0.0193088,-2.4111,-1.1011
237,-0.0843991,-2.47868,-0.78302
237,0.00305152,-2.44923,-0.986971
237,-0.078348,-2.47376,-0.80742
237,-0.259665,-2.42365,-0.677958
237,0.0392627,-2.50816,-0.89374
237,-0.030475,-2.38214,-1.12315
237,0.0738976,-2.45956,-1.07818
237,-0.0381764,-2.47601,-0.874819
237,-0.270241,-2.42458,-0.673163
237,-0.28141,-2.35041,-0.856546
237,-0.0930219,-2.36148,-1.10039
237,0.0578322,-2.44616,-1.10093
237,0.0393312,-2.57237,-0.74594
237,-0.303825,-2.36249,-0.799004
237,0.0125625,-2.54424,-0.789944
237,-0.227153,-2.36698,-0.916398
237,-0.231346,-2.37648,-0.888788
237,-0.234982,-2.38524,-0.860911
237,-0.267697,-2.33626,-0.943056
237,0.0372311,-2.44129,-1.11266
237,-0.115444,-2.42705,-0.930988
237,-0.0658344,-2.38339,-1.11829
237,-0.158411,-2.35154,-1.06846
237,-0.15499,-2.34307,-1.09649
237,-0.162146,-2.47242,-0.751954
237,-0.146756,-2.48369,-0.748395
237,-0.147158,-2.45027,-0.838377
237,-0.0828648,-2.42213,-1.00813
237,-0.168249,-2.37259,-1.01406
237,-0.280056,-2.38703,-0.814919
237,-0.141044,-2.43439,-0.894814
237,-0.261807,-2.31638,-1.02936
237,-0.101177,-2.46506,-0.878371
237,0.0441997,-2.44573,-1.14464
237,-0.23272,-2.34634,-1.00376
237,-0.152407,-2.47472,-0.787983
237,-0.206174,-2.45326,-0.766731
237,-0.261064,-2.31129,-1.0589
237,-0.214774,-2.31347,-1.12333
237,-0.132437,-2.43303,-0.934165
237,-0.208865,-2.29739,-1.18245
237,-0.340805,-2.39829,-0.731679
237,-0.237775,-2.39313,-0.895567
237,-0.224296,-2.35928,-1.00931
237,-0.223455,-2.36423,-0.999729
237,-0.229481,-2.37072,-0.977479
237,-0.153926,-2.43091,-0.936364
237,-0.307007,-2.30906,-1.06858
237,-0.199999,-2.42263,-0.938794
237,-0.260738,-2.29134,-1.19995
237,-0.307856,-2.29628,-1.16624
237,-0.185865,-2.37674,-1.14086
237,0.166083,-3.51482,-1.39536
237,0.0321358,-3.75322,-1.3944
237,0.0378165,-3.7922,-1.63676
237,-2.00755,-2.80266,-1.44787
237,-0.0963866,-4.17927,-1.51698
237,-0.12253,-4.24614,-1.67937
237,-0.334555,-2.57871,-1.01759
232,-0.334555,-2.57871,-1.01759
237,-0.20319,-2.49378,-1.02508
232,-0.20319,-2.49378,-1.02508
237,-0.163749,-2.50185,-0.915331
232,-0.163749,-2.50185,-0.915331
237,0.571322,-2.20478,-1.21023
232,0.571322,-2.20478,-1.21023
237,0.157492,-2.16997,-1.06342
232,0.157492,-2.16997,-1.06342
237,0.459626,-2.34605,-1.21517
232,0.459626,-2.34605,-1.21517
237,0.0597927,-2.41528,-1.04742
232,0.0597927,-2.41528,-1.04742
237,0.696903,-2.46567,-0.893554
232,0.696903,-2.46567,-0.893554
237,0.685747,-2.50501,-1.05552
232,0.685747,-2.50501,-1.05552
237,0.0965453,-2.39541,-1.14834
232,0.0965453,-2.39541,-1.14834
237,0.682894,-2.49894,-0.905242
232,0.682894,-2.49894,-0.905242
237,0.674373,-2.24899,-0.774224
232,0.674373,-2.24899,-0.774224
237,-0.355797,-2.43743,-0.1641
232,-0.355797,-2.43743,-0.1641
237,0.973908,-2.27241,-1.24877
232,0.973908,-2.27241,-1.24877
237,-0.248697,-2.32789,-1.17905
230,-0.248697,-2.32789,-1.17905
237,0.106694,-2.405,-0.839777
230,0.106694,-2.405,-0.839777
237,0.0712655,-2.33058,-1.06617
230,0.0712655,-2.33058,-1.06617
237,0.0054641,-2.31628,-1.17486
230,0.0054641,-2.31628,-1.17486
237,0.1419,-2.40194,-1.17955
230,0.1419,-2.40194,-1.17955
237,-0.309243,-2.57991,-0.951179
230,-0.309243,-2.57991,-0.951179
237,-0.0567446,-2.13154,-0.933238
230,-0.0567446,-2.13154,-0.933238
237,-0.170589,-2.38824,-0.867018
231,-0.170589,-2.38824,-0.867018
237,-0.315375,-2.35785,-0.933253
229,-0.315375,-2.35785,-0.933253
238,1.40262,-0.200906,-0.32457
238,1.27291,-0.145618,-0.312775
238,1.29032,-0.158532,-0.316052
238,1.41224,-0.220805,-0.333304
238,1.33905,-0.217611,-0.305307
238,1.34159,-0.212138,-0.324025
238,1.37168,-0.234343,-0.32887
238,1.24224,-0.184993,-0.293002
238,1.36826,-0.249805,-0.329448
238,1.40071,-0.274428,-0.341244
238,1.29218,-0.273281,-0.332268
238,1.28989,-0.294012,-0.329284
238,1.38813,-0.346452,-0.339305
238,1.26888,-0.322694,-0.309664
238,1.2623,-0.341967,-0.329404
238,1.13532,-0.29382,-0.3124
238,1.2504,-0.384063,-0.324602
238,1.06303,-0.29855,-0.328489
238,1.24738,-0.457002,-0.331558
238,1.24741,-0.466482,-0.332567
238,1.00066,-0.665059,-0.43271
238,1.14408,-1.03573,-0.646572
238,0.768696,-1.13326,-0.492696
238,0.724746,-1.09095,-0.572552
238,0.730697,-1.11996,-0.507878
238,0.716982,-1.08815,-0.580012
238,0.716748,-1.08107,-0.601883
238,0.737308,-1.12348,-0.522165
238,0.711391,-1.10626,-0.537346
238,0.74509,-1.10651,-0.598305
238,0.29335,-1.17465,-0.86735
238,0.886397,-1.517,-0.832185
238,0.14929,-1.94681,-0.475517
238,0.907032,-2.13909,-1.21041
238,0.783247,-2.19593,-1.07347
238,0.666432,-2.30847,-1.05829
238,0.80704,-2.4172,-1.2408
238,0.778546,-2.53849,-1.29304
238,-0.240934,-2.11547,-1.09406
238,0.0976197,-2.45053,-0.73905
238,0.107773,-2.42156,-0.851457
238,-0.242859,-2.29586,-0.681936
238,-0.212784,-2.21529,-0.949495
238,0.117364,-2.39346,-0.964806
238,0.106364,-2.41668,-0.923518
238,0.0792682,-2.41437,-0.914665
238,0.091869,-2.47271,-0.798754
238,0.090245,-2.4766,-0.788087
238,0.0934367,-2.46776,-0.820923
238,0.0992731,-2.4341,-0.918082
238,0.0836481,-2.47293,-0.801841
238,-0.232684,-2.30671,-0.779954
238,-0.24214,-2.32599,-0.736495
238,0.0988632,-2.44819,-0.922051
238,-0.280132,-2.15951,-1.13212
238,-0.277761,-2.33769,-0.686037
238,0.0228294,-2.41968,-0.908328
238,0.0109464,-2.44932,-0.81836
238,-0.186897,-2.30333,-0.922603
238,0.0437464,-2.44789,-0.881679
238,-0.291888,-2.32953,-0.713386
238,-0.00959492,-2.43178,-0.865134
238,-0.244685,-2.24362,-1.01632
238,0.00247133,-2.39903,-0.979565
238,0.0257499,-2.40418,-1.00359
238,-0.0555979,-2.39588,-0.923552
238,0.0434569,-2.48051,-0.864274
238,-0.241777,-2.26069,-1.03014
238,-0.244345,-2.25813,-1.03318
238,0.0687113,-2.45204,-0.980723
238,-0.226067,-2.44636,-0.577679
238,-0.0708224,-2.37977,-0.982196
238,0.0439603,-2.47598,-0.89915
238,0.0035423,-2.45788,-0.888211
238,0.0420607,-2.49066,-0.863002
238,0.0560079,-2.4438,-1.01024
238,-0.177535,-2.25624,-1.16027
238,-0.242343,-2.25423,-1.07836
238,0.00539207,-2.44495,-0.943026
238,0.0506481,-2.55066,-0.736983
238,0.0377598,-2.47187,-0.928935
238,-0.162764,-2.34386,-0.982009
238,-0.0637337,-2.44003,-0.878279
238,-0.225092,-2.38459,-0.800607
238,-0.227539,-2.24294,-1.16286
238,-0.281187,-2.37566,-0.746389
238,-0.0317228,-2.51963,-0.747529
238,-0.245553,-2.40492,-0.737814
238,-0.299075,-2.36966,-0.752356
238,-0.285138,-2.37736,-0.771035
238,-0.086122,-2.3345,-1.17492
238,-0.0360075,-2.46126,-0.933605
238,-0.220535,-2.34525,-0.971582
238,-0.246312,-2.39955,-0.797217
238,-0.141897,-2.47181,-0.762284
238,-0.270066,-2.42701,-0.696822
238,-0.199573,-2.43921,-0.766514
238,-0.197501,-2.41644,-0.835555
238,-0.270447,-2.33515,-0.943326
238,-0.172754,-2.39383,-0.935177
238,-0.155885,-2.36244,-1.04145
238,-0.192243,-2.40108,-0.892096
238,-0.313432,-2.37252,-0.796286
238,-0.168905,-2.39395,-0.949161
238,-0.196914,-2.4275,-0.824042
238,-0.1868,-2.38545,-0.94866
238,-0.260875,-2.2605,-1.16533
238,-0.0606278,-2.43258,-1.00815
238,-0.313279,-2.37056,-0.807934
238,-0.133514,-2.44325,-0.885738
238,-0.312482,-2.366,-0.831079
238,-0.128039,-2.42798,-0.94004
238,-0.286896,-2.36225,-0.888916
238,-0.121785,-2.418,-1.01085
238,-0.290692,-2.3968,-0.824547
238,-0.195313,-2.47373,-0.773974
238,-0.183004,-2.44045,-0.887235
238,-0.19244,-2.38359,-1.11039
238,-0.423145,-2.56158,-0.651085
238,-0.506225,-2.65397,-0.610433
238,-0.61231,-2.78015,-0.368935
238,0.252775,-3.29215,-1.47432
238,-1.54801,-2.46069,-1.33653
238,-1.63877,-2.5095,-1.29838
238,0.155656,-3.5781,-1.18344
238,-1.10001,-6.83436,-1.60096
238,0.621259,-2.50928,-0.584391
232,0.621259,-2.50928,-0.584391
238,-0.0776433,-2.47621,-0.890206
232,-0.0776433,-2.47621,-0.890206
238,0.675885,-1.72567,-0.924623
232,0.675885,-1.72567,-0.924623
238,0.0342148,-2.4042,-0.847882
232,0.0342148,-2.4042,-0.847882
238,0.599329,-2.55618,-0.692124
230,0.599329,-2.55618,-0.692124
238,0.808905,-2.1798,-1.05245
231,0.808905,-2.1798,-1.05245
238,0.0993444,-2.41259,-1.05728
229,0.0993444,-2.41259,-1.05728
239,1.32249,-0.132069,-0.323036
239,1.32189,-0.133439,-0.324163
239,1.32493,-0.187227,-0.29809
239,1.28248,-0.147937,-0.343319
239,1.40022,-0.225769,-0.324203
239,1.39487,-0.245115,-0.334729
239,1.31222,-0.231173,-0.32008
239,1.31127,-0.239349,-0.326529
239,1.30937,-0.24077,-0.326719
239,1.3533,-0.271883,-0.317975
239,1.34812,-0.295264,-0.323637
239,1.29986,-0.29966,-0.321107
239,1.29169,-0.317881,-0.332727
239,1.27131,-0.30649,-0.359264
239,1.27529,-0.332056,-0.340342
239,1.38439,-0.429333,-0.333879
239,1.3495,-0.429008,-0.330642
239,1.33588,-0.42939,-0.336919
239,1.29797,-0.475122,-0.366532
239,1.22371,-0.745063,-0.491195
239,0.73348,-1.12579,-0.43575
239,0.744602,-1.088,-0.575023
239,0.882601,-1.51799,-0.884945
239,0.755648,-1.51288,-0.862868
239,0.608445,-2.37446,-1.05039
239,0.515954,-2.61427,-0.546815
239,0.155565,-2.33112,-0.950054
239,0.519371,-2.57034,-0.889492
239,0.0969123,-2.41309,-0.714618
239,0.130658,-2.38587,-0.847717
239,0.110816,-2.45387,-0.709564
239,-1.14346,-2.09297,0.12761
239,0.0505813,-2.3255,-0.959438
239,0.0264645,-2.38671,-0.784538
239,0.0384459,-2.35327,-0.895498
239,0.123941,-2.36613,-1.02359
239,0.0936434,-2.35335,-1.02311
239,0.0788019,-2.46536,-0.733038
239,0.0902121,-2.45786,-0.792404
239,0.0652553,-2.45948,-0.75732
239,0.091978,-2.45234,-0.8143
239,0.063874,-2.46151,-0.760181
239,0.0668819,-2.46255,-0.771839
239,0.0137888,-2.45255,-0.72407
239,0.0752498,-2.42954,-0.868679
239,0.0432063,-2.46942,-0.736138
239,0.0980904,-2.43053,-0.914179
239,0.0650831,-2.41762,-0.925672
239,0.0192186,-2.44367,-0.819764
239,-0.0143603,-2.462,-0.730389
239,0.00359929,-2.44648,-0.796072
239,0.00073874,-2.42102,-0.861022
239,-0.0562996,-2.41625,-0.798152
239,-0.0612521,-2.42921,-0.759108
239,0.00314736,-2.47722,-0.732512
239,-0.339436,-2.17883,-1.00756
239,0.0226113,-2.42653,-0.914163
239,-0.243613,-2.32961,-0.791764
239,-0.26884,-2.31734,-0.790083
239,-0.0851063,-2.36598,-0.935299
239,-0.253869,-2.35083,-0.746228
239,0.00200737,-2.40207,-0.978492
239,-0.260214,-2.28718,-0.905479
239,-0.126686,-2.42954,-0.749352
239,-0.125208,-2.42546,-0.762555
239,-0.168319,-2.38276,-0.812865
239,-0.216389,-2.33785,-0.860196
239,-0.175143,-2.40041,-0.760377
239,-0.224884,-2.375,-0.75811
239,-0.267844,-2.2919,-0.913365
239,-0.30641,-2.35453,-0.702159
239,-0.263729,-2.31828,-0.859236
239,-0.053707,-2.45085,-0.827079
239,-0.16815,-2.42534,-0.740048
239,-0.0530947,-2.40876,-0.946649
239,-0.282955,-2.36035,-0.758764
239,-0.0938869,-2.47064,-0.745014
239,-0.116735,-2.44869,-0.771466
239,-0.144291,-2.44957,-0.735781
239,-0.0783336,-2.42782,-0.883444
239,-0.267327,-2.26923,-1.02078
239,-0.176353,-2.42804,-0.752234
239,-0.0750415,-2.41768,-0.920828
239,-0.183244,-2.37552,-0.879075
239,-0.162508,-2.36314,-0.94465
239,-0.218685,-2.38514,-0.814039
239,-0.103093,-2.40727,-0.920632
239,-0.211664,-2.36534,-0.878914
239,-0.223047,-2.36377,-0.872187
239,-0.249684,-2.53499,-0.407647
239,-0.229424,-2.37972,-0.826588
239,-0.273846,-2.42873,-0.642018
239,-0.320746,-2.24918,-1.03842
239,-0.266689,-2.30334,-0.977799
239,-0.236889,-2.37134,-0.852296
239,-0.29922,-2.28634,-0.984745
239,-0.147314,-2.43374,-0.830181
239,-0.220562,-2.34931,-0.943823
239,-0.22925,-2.36124,-0.913849
239,-0.176398,-2.38837,-0.922102
239,-0.237575,-2.33655,-0.975263
239,-0.282632,-2.37218,-0.82587
239,-0.267736,-2.32809,-0.975922
239,-0.247296,-2.4337,-0.738792
239,-0.2782,-2.32103,-1.00591
239,-0.290361,-2.44004,-0.694601
239,-0.283992,-2.44516,-0.691267
239,-0.277968,-2.31759,-1.02557
239,-0.323153,-2.40691,-0.74587
239,-0.348411,-2.41543,-0.717565
239,-0.314356,-2.42184,-0.764662
239,-0.313775,-2.38115,-0.889715
239,-0.347957,-2.39616,-0.834562
239,-0.360582,-2.30196,-1.05937
239,-0.33525,-2.35882,-0.960274
239,-0.331103,-2.33583,-1.04748
239,-1.15819,-2.13277,-1.13782
239,-1.23457,-2.13054,-1.094
239,-1.20866,-2.17332,-1.1042
239,-1.23129,-2.17961,-1.16652
239,-0.150645,-7.81482,-5.80363
239,0.650519,-2.32207,-0.947115
232,0.650519,-2.32207,-0.947115
239,0.0409746,-2.51128,-0.931036
232,0.0409746,-2.51128,-0.931036
239,-0.157678,-2.59698,-0.774032
232,-0.157678,-2.59698,-0.774032
239,0.04149,-2.47085,-0.806314
230,0.04149,-2.47085,-0.806314
239,-0.0530961,-2.51487,-0.890491
230,-0.0530961,-2.51487,-0.890491
239,-0.128398,-2.42856,-0.798983
231,-0.128398,-2.42856,-0.798983
240,1.31662,-0.224014,-0.313761
240,1.33768,-0.210181,-0.406318
240,1.30767,-0.23218,-0.325266
240,1.30633,-0.244932,-0.322075
240,1.28687,-0.307913,-0.331049
240,1.39027,-0.406588,-0.321543
240,1.38998,-0.407185,-0.323305
240,1.27275,-0.332247,-0.350282
240,1.38524,-0.407479,-0.322517
240,0.82288,-1.09332,-0.56259
240,0.76346,-1.13127,-0.45817
240,0.761659,-1.13129,-0.464937
240,0.765459,-1.11899,-0.509448
240,0.730402,-1.13312,-0.429426
240,0.738359,-1.10851,-0.513863
240,1.12907,-1.24645,-1.04625
240,0.756915,-1.42824,-0.853523
240,0.59925,-1.65023,-0.876248
240,0.583033,-1.93508,-1.04052
240,0.195756,-2.27399,-0.985697
240,0.0889058,-2.27556,-0.997626
240,0.0503973,-2.36885,-0.765543
240,0.0639975,-2.38102,-0.78295
240,0.110995,-2.41409,-0.787264
240,0.0664384,-2.37747,-0.836944
240,0.115169,-2.37753,-0.904392
240,0.112346,-2.40496,-0.844082
240,0.114117,-2.41351,-0.909281
240,0.0444396,-2.37053,-0.920795
240,0.0352089,-2.39352,-0.860504
240,-0.0148956,-2.39723,-0.791842
240,0.00859952,-2.44283,-0.720932
240,0.0840678,-2.46111,-0.816933
240,0.0792222,-2.45091,-0.845861
240,-0.0343051,-2.38148,-0.862973
240,-0.105154,-2.4043,-0.711372
240,-0.0310556,-2.36977,-0.910355
240,0.0757478,-2.48296,-0.79227
240,-0.00360882,-2.4609,-0.750684
240,-0.0184931,-2.4673,-0.720483
240,-0.0043838,-2.48762,-0.723785
240,-0.306459,-2.24941,-0.907366
240,-0.157523,-2.38667,-0.782761
240,-0.169853,-2.41475,-0.71685
240,-0.16522,-2.36709,-0.852602
240,-0.104866,-2.42885,-0.795082
240,-0.0598228,-2.47137,-0.752611
240,0.0179418,-2.42603,-0.972699
240,-0.0344495,-2.48374,-0.763477
240,-0.0555938,-2.45837,-0.798436
240,-0.158198,-2.40524,-0.793305
240,-0.127264,-2.45305,-0.728057
240,-0.0345706,-2.47885,-0.801616
240,-0.230419,-2.36963,-0.815293
240,-0.22681,-2.35817,-0.8551
240,-0.29521,-2.34367,-0.79957
240,-0.233102,-2.3584,-0.854945
240,-0.0807937,-2.43227,-0.883066
240,-0.176427,-2.41469,-0.807649
240,-0.290807,-2.35493,-0.807516
240,-0.229982,-2.34267,-0.925301
240,-0.263515,-2.42968,-0.675892
240,-0.291084,-2.35838,-0.816893
240,-0.286196,-2.34518,-0.856444
240,-0.281748,-2.37115,-0.804863
240,-0.232425,-2.39758,-0.807529
240,-0.270487,-2.43198,-0.686105
240,-0.24548,-2.40762,-0.799183
240,-0.307657,-2.39702,-0.745129
240,-0.315353,-2.34788,-0.85861
240,-0.30103,-2.37648,-0.814476
240,-0.291149,-2.39146,-0.798879
240,-0.288409,-2.3831,-0.826783
240,-0.276501,-2.42646,-0.765658
240,-0.271758,-2.41231,-0.812265
240,-0.327351,-2.35067,-0.935906
240,-0.303915,-2.38945,-0.875804
240,-0.32796,-2.41894,-0.775129
240,-0.366075,-2.42017,-0.739444
240,-0.311009,-2.36082,-0.988352
240,-0.343967,-2.37769,-0.91281
240,-0.345803,-2.37699,-0.931294
240,0.179043,-2.73379,-2.38737
240,0.0566893,-3.41756,-2.6309
240,-0.753463,-4.56084,-3.84498
240,-1.32667,-5.28335,-4.62077
240,0.532027,-2.68191,-0.619492
232,0.532027,-2.68191,-0.619492
240,0.504074,-2.74621,-0.742871
230,0.504074,-2.74621,-0.742871
240,0.101408,-2.43745,-0.808597
231,0.101408,-2.43745,-0.808597
241,1.48344,-0.093134,-0.318841
241,1.47121,-0.110011,-0.334885
241,1.47616,-0.167546,-0.370786
241,1.45766,-0.203782,-0.404466
241,1.27792,-0.276178,-0.340969
241,1.27014,-0.345986,-0.346832
241,1.37472,-0.3537,-0.53325
241,1.17068,-0.496005,-0.62499
241,0.782795,-1.11209,-0.506184
241,0.757878,-1.09054,-0.526801
241,0.739367,-1.12212,-0.477127
241,1.1852,-1.78459,-0.939083
241,0.939357,-1.54496,-1.24705
241,0.567736,-2.52131,-0.537491
241,0.565791,-2.48603,-0.84452
241,0.100268,-2.39136,-0.791919
241,0.0594959,-2.37077,-0.789924
241,0.0713643,-2.3388,-0.88273
241,0.0564092,-2.37513,-0.794934
241,0.0589781,-2.36597,-0.831571
241,0.0467448,-2.39806,-0.742326
241,0.0442702,-2.40452,-0.724481
241,0.0916405,-2.43666,-0.728427
241,0.10039,-2.41265,-0.80043
241,0.10688,-2.39476,-0.854513
241,0.00109446,-2.31913,-0.899049
241,0.0908436,-2.4356,-0.747569
241,-0.00593817,-2.33627,-0.856546
241,0.08357,-2.44225,-0.742818
241,-0.0268462,-2.38748,-0.728515
241,0.0995706,-2.48191,-0.7174
241,0.05884,-2.45366,-0.733352
241,0.0710393,-2.40956,-0.854789
241,-0.019855,-2.38962,-0.786411
241,0.0240555,-2.4082,-0.804155
241,0.0926856,-2.45224,-0.793161
241,0.0650494,-2.43367,-0.807201
241,0.0575101,-2.45337,-0.752878
241,-0.123019,-2.32757,-0.835073
241,0.0666856,-2.43027,-0.853051
241,-0.0879622,-2.39323,-0.748378
241,-0.0561811,-2.41539,-0.751175
241,-0.0520291,-2.39804,-0.798353
241,-0.0491918,-2.3965,-0.806106
241,-0.0938585,-2.40472,-0.73129
241,-0.0847034,-2.37975,-0.804629
241,0.0142338,-2.41713,-0.848993
241,0.0528479,-2.45972,-0.80537
241,-0.130574,-2.36471,-0.800185
241,-0.150479,-2.38109,-0.749199
241,-0.108031,-2.38363,-0.803221
241,-0.00488746,-2.45147,-0.793208
241,-0.0605712,-2.44305,-0.753098
241,-0.0123276,-2.44172,-0.825459
241,-0.162706,-2.40124,-0.733987
241,-0.18564,-2.43389,-0.743715
241,-0.281341,-2.36621,-0.796266
241,-0.250131,-2.42014,-0.746007
241,-0.237951,-2.40375,-0.801728
241,-0.254808,-2.42208,-0.73919
241,-0.286538,-2.37686,-0.812631
241,-0.304329,-2.40234,-0.754695
241,-0.258547,-2.43209,-0.744702
241,-0.324504,-2.37149,-0.801909
241,-0.257132,-2.42689,-0.763961
241,-0.315974,-2.37883,-0.818662
241,-0.295799,-2.38104,-0.86328
241,-0.309625,-2.40715,-0.820321
241,-0.354529,-2.39731,-0.807213
241,-0.341345,-2.43806,-0.770594
241,-0.320111,-2.49075,-0.697
241,-0.600572,-2.5638,-0.899244
241,-0.0355079,-3.37767,-2.2101
241,-0.230109,-4.47579,-1.92325
241,-0.748558,-5.28602,-3.45152
241,-0.873964,-5.47325,-3.70375
241,0.537809,-2.57412,-0.766846
232,0.537809,-2.57412,-0.766846
242,1.03821,-0.706965,-0.379474
242,1.05543,-0.717664,-0.384975
242,1.41679,-0.776444,-0.726603
242,1.02937,-0.717868,-0.378427
242,1.27011,-0.805235,-0.626297
242,0.824226,-1.13047,-0.48316
242,0.793699,-1.12368,-0.47705
242,1.25384,-1.43092,-0.993324
242,1.1228,-1.54396,-0.963255
242,1.32275,-2.12277,-1.59321
242,0.613728,-2.68441,-0.288944
242,0.148874,-2.37558,-0.765526
242,0.146978,-2.37633,-0.784692
242,0.440483,-2.31391,-1.36189
242,0.134163,-2.43476,-0.695756
242,0.123003,-2.41278,-0.771256
242,0.0535158,-2.38649,-0.772702
242,0.804033,-2.47783,-1.62531
242,-0.096453,-2.40846,-0.716184
242,0.0409616,-2.47646,-0.739243
242,0.0671136,-2.51675,-0.704847
242,-0.0176051,-2.47162,-0.71363
242,-0.239316,-2.3937,-0.667313
242,-0.237313,-2.38219,-0.717169
242,-0.2913,-2.39597,-0.738631
242,-0.251372,-2.41698,-0.750224
242,-0.318532,-2.41748,-0.743869
242,0.739781,-2.65946,-1.72256
242,-0.409301,-2.498,-0.728042
242,-0.0660807,-4.43964,-2.65165
242,-1.38054,-4.77975,-2.80271
242,-0.206613,-5.67606,-2.78931
242,-1.40148,-9.89384,-4.74897
242,-1.61012,-10.5801,-5.03956
242,-2.48804,-11.6506,-6.49559
242,-3.0052,-13.2531,-7.39662
243,1.40409,-0.42346,-0.547812
243,1.39314,-0.756427,-0.6733
243,1.31989,-0.883914,-0.701501
243,1.25347,-1.44073,-0.823616
243,1.25711,-1.59812,-0.925832
243,1.15821,-1.70234,-0.918033
243,1.09727,-1.68946,-0.98605
243,1.30486,-2.02634,-1.77916
243,0.524536,-2.83395,-1.34509
243,1.04845,-3.1067,-1.55389
243,0.452747,-2.84415,-1.53271
243,0.361833,-2.81726,-1.56626
243,1.01427,-2.86255,-2.29939
243,0.428662,-3.1395,-1.58325
243,0.354645,-3.07869,-1.63669
243,0.313115,-3.05677,-1.70714
243,1.03987,-3.7003,-1.95752
243,0.913442,-3.88178,-1.98683
243,-0.730771,-4.1029,-1.26013
243,1.00894,-4.59576,-2.35411
243,-0.124151,-4.47791,-1.92796
243,-2.17896,-6.3171,-2.82338
243,-2.26016,-6.4859,-2.90944
243,-2.30295,-6.54514,-2.95652
243,-44.5576,-100.211,-26.9161
244,1.30949,-0.434841,-0.465604
244,1.12379,-0.687955,-0.438146
244,0.727982,-1.25819,-0.744025
244,0.71156,-1.7354,-0.638617
244,0.436476,-1.77437,-0.745588
244,0.241465,-1.56236,-1.43698
244,0.461836,-2.08796,-0.939463
244,0.188495,-2.13325,-0.946181
244,0.617607,-2.65391,-0.270476
244,0.393089,-2.37194,-1.00478
244,0.537852,-2.59699,-1.16875
244,0.108934,-2.45873,-1.22195
244,0.456742,-2.69162,-1.23252
244,-0.200776,-2.95429,-1.03648
244,-0.0892507,-3.11687,-1.53518
244,-0.0529038,-3.19552,-1.69268
244,-0.388324,-3.14349,-1.76121
244,-0.029808,-3.45192,-1.69802
244,-0.839162,-4.34884,-2.3478
244,-5.37272,-9.64722,-2.11839
244,-3.38388,-9.73569,-5.12672
244,-7.91568,-16.1083,-7.21149
244,-35.0357,-44.461,-22.6085
244,1.40968,-0.419574,-0.367775
240,1.40968,-0.419574,-0.367775
245,1.5519,0.0395657,-0.138262
245,1.44808,-0.254522,-0.387499
245,1.4465,-0.262153,-0.388438
245,1.40781,-0.347382,-0.482846
245,1.46314,-0.562234,-0.456559
245,0.678688,-0.613455,-0.828639
245,0.840504,-2.32054,-0.14923
245,0.15773,-3.07415,-2.8274
245,-1.48949,-3.6476,-2.00057
245,-0.915545,-5.08774,-1.06932
245,-2.01405,-4.2714,-2.31034
245,-13.8457,-14.4086,-9.46356
246,1.48912,-0.137115,-0.362906
246,1.40449,-0.400142,-0.489539
246,1.41322,-0.660411,-0.530961
246,1.33878,-0.767358,-0.364447
246,1.04525,-0.875189,-0.50119
246,1.00728,-0.875218,-0.611117
246,1.06816,-0.938487,-0.610188
246,0.963748,-0.830631,-0.765169
246,1.02764,-1.07441,-0.552328
246,0.638083,-1.58678,-0.860552
246,0.373904,-1.69715,-1.11919
246,-0.0216992,-2.05045,-0.362378
246,0.0717676,-3.24152,-2.94543
246,-3.64475,-6.33233,-3.93288
247,1.99966,0.350306,0.149465
247,2.0148,0.343999,0.140292
247,1.99042,0.352904,0.0981095
247,1.99415,0.319068,0.13821
247,2.01799,0.292983,0.141075
247,2.02141,0.325919,-0.0193806
247,1.91553,0.237145,0.114961
247,1.97628,0.242286,-0.0616421
247,1.97576,0.23605,-0.0618505
247,1.9161,0.140228,-0.00548075
247,1.93594,0.149678,-0.155653
247,1.93575,0.146577,-0.155826
247,2.02316,0.00198668,-0.0990459
247,2.00614,-0.0329241,-0.115777
247,1.9308,-0.179018,-0.0225715
247,1.92456,-0.298806,-0.0232572
247,1.56723,-1.17054,-0.588999
247,1.36989,-1.82398,0.190336
247,1.36335,-1.82183,0.193857
247,-0.512576,-1.46675,0.0418696
247,-0.559697,-1.48599,0.0530292
247,-0.270266,-1.29246,-1.43348
246,-0.270266,-1.29246,-1.43348
247,1.51414,-0.63501,-0.43909
246,1.51414,-0.63501,-0.43909
248,2.28104,0.91168,-0.0400474
248,2.23467,0.824246,-0.072018
248,2.12531,0.749242,0.0973734
248,2.19074,0.732033,-0.165564
248,2.23226,0.488486,-0.149887
248,2.19816,0.385026,-0.203297
248,2.12381,0.178859,-0.0531012
248,2.17541,0.182115,-0.250125
248,1.81471,0.148878,-0.175921
248,1.71631,0.159652,-0.363252
248,1.27514,-0.525471,-0.547377
248,0.718113,-1.047,-0.0157877
248,0.984331,-1.51012,-0.710946
248,1.61268,-0.940384,-0.593259
247,1.61268,-0.940384,-0.593259
249,2.83983,1.25718,0.220446
249,2.60117,1.09397,0.179524
249,2.58997,1.08057,0.163966
249,2.54542,0.995381,0.133003
249,2.47459,0.853377,0.279513
249,2.34365,0.934334,0.250399
249,2.40983,0.732566,0.263947
249,2.34528,0.64128,0.250909
249,2.18266,0.731549,0.205348
249,2.43949,0.45716,0.170664
249,2.47778,0.425839,0.167202
249,2.25339,0.361535,0.0495431
249,2.1493,0.276474,0.122399
249,2.10459,0.209975,0.184477
249,2.31394,0.127704,-0.0645997
249,2.37291,0.0623455,-0.0111987
249,2.1376,0.168611,-0.00647309
249,1.97189,-1.05919,0.396904
249,1.92917,-1.05572,0.398388
249,1.93526,-1.05899,0.394865
249,-0.0141594,-0.731019,0.258734
249,-0.631818,-2.58726,-1.43318
