num_seq = 1
file name: dataset-MH03_stereo_imu
Loading images for sequence 0...LOADED!
Loading IMU for sequence 0...LOADED!

-------

ORB-SLAM3 Copyright (C) 2017-2020 Carlos Campos, Richard Elvira, Juan J. Gómez, José M.M. Montiel and Juan D. Tardós, University of Zaragoza.
ORB-SLAM2 Copyright (C) 2014-2016 Raúl Mur-Artal, José M.M. Montiel and Juan D. Tardós, University of Zaragoza.
This program comes with ABSOLUTELY NO WARRANTY;
This is free software, and you are welcome to redistribute it
under certain conditions. See LICENSE.txt.

Built with REGISTER_TIMES
Git Commit Hash: 48ed9a3

Build Type: Release

Compiled with C++ version: 201703

Input sensor was set to: Stereo-Inertial
Loading settings from ./Examples/Stereo-Inertial/EuRoC_pid.yaml
	-Loaded camera 1
	-Loaded camera 2
	-Loaded image info
	-Loaded IMU calibration
	-Loaded ORB settings
	-Loaded viewer settings
	-Loaded Atlas settings
PID SLAM enabled!
	-Loaded misc parameters
	-Computed rectification maps
----------------------------------
SLAM settings: 
	-Camera 1 parameters (Pinhole): [ 458.65399169921875 457.29598999023438 367.21499633789062 248.375 ]
	-Camera 1 distortion parameters: [  -0.28340810537338257 0.073959067463874817 0.00019359000725671649 1.7618711353861727e-05 ]
	-Camera 2 parameters (Pinhole: [ 457.58700561523438 456.13400268554688 379.99899291992188 255.23800659179688 ]
	-Camera 1 distortion parameters: [  -0.2836836576461792 0.074512839317321777 -0.00010473000293131918 -3.555907096597366e-05 ]
	-Original image size: [ 752 , 480 ]
	-Current image size: [ 752 , 480 ]
	-Camera 1 parameters after rectification: [  456.71499633789062 456.71499633789062 364.52615356445312 257.268798828125 ]
	-Sequence FPS: 20
	-Stereo baseline: 0.11007784307003021
	-Stereo depth threshold : 60
	-Gyro noise: 0.00016999999934341758
	-Accelerometer noise: 0.0020000000949949026
	-Gyro walk: 1.9392999092815444e-05
	-Accelerometer walk: 0.0030000000260770321
	-IMU frequency: 200
	-Features per image: 1200
	-ORB scale factor: 1.2000000476837158
	-ORB number of scales: 8
	-Initial FAST threshold: 20
	-Min FAST threshold: 7


Loading ORB Vocabulary. This could take a while...
Vocabulary loaded!

Initialization of Atlas from scratch 
Creation of new map with id: 0
Creation of new map with last KF id: 0
Seq. Name: 
There are 1 cameras in the atlas
Camera 0 is pinhole
SLAM Started at System Time: 1749950712.80728
not IMU meas
not IMU meas
[MF-SEL] tPrev=(  d=0.000000  dMin=0.000000  dAvg=0.000000  dMax=0.000000  Dlo=0.000000  Dhi=0.000000  err=0.000000  inc=0.000000  bucket 0->0  (mf=1000)
not enough acceleration
[MF-SEL] tPrev=(  d=0.000000  dMin=0.000000  dAvg=0.000000  dMax=0.000000  Dlo=0.000000  Dhi=0.000000  err=0.000000  inc=0.000000  bucket 0->0  (mf=1000)
not enough acceleration
[MF-SEL] tPrev=(  d=0.000000  dMin=0.000000  dAvg=0.000000  dMax=0.000000  Dlo=0.000000  Dhi=0.000000  err=0.000000  inc=0.000000  bucket 0->0  (mf=1000)
First KF:0; Map init KF:0
New Map created with 212 points
Active map: 0
[MF-SEL] tPrev=(  d=0.000000  dMin=0.000000  dAvg=0.000000  dMax=0.000000  Dlo=0.000000  Dhi=0.000000  err=1.000000  inc=0.906615  bucket 0->1  (mf=900)
[MF-SEL] tPrev=(  d=0.000306  dMin=0.000000  dAvg=0.000051  dMax=0.000306  Dlo=0.000025  Dhi=0.000178  err=1.000000  inc=0.605557  bucket 1->2  (mf=800)
[MF-SEL] tPrev=(  d=0.000442  dMin=0.000000  dAvg=0.000107  dMax=0.000442  Dlo=0.000053  Dhi=0.000275  err=1.000000  inc=0.607805  bucket 2->3  (mf=700)
[MF-SEL] tPrev=(  d=0.000238  dMin=0.000000  dAvg=0.000123  dMax=0.000442  Dlo=0.000062  Dhi=0.000283  err=0.000000  inc=-0.355568  bucket 3->3  (mf=700)
[MF-SEL] tPrev=(  d=0.000376  dMin=0.000000  dAvg=0.000151  dMax=0.000442  Dlo=0.000076  Dhi=0.000297  err=1.000000  inc=0.905468  bucket 3->4  (mf=600)
[MF-SEL] tPrev=(  d=0.000372  dMin=0.000000  dAvg=0.000173  dMax=0.000442  Dlo=0.000087  Dhi=0.000308  err=1.000000  inc=0.612783  bucket 4->5  (mf=510)
[MF-SEL] tPrev=(  d=0.000207  dMin=0.000000  dAvg=0.000176  dMax=0.000442  Dlo=0.000088  Dhi=0.000309  err=0.000000  inc=-0.316847  bucket 5->5  (mf=510)
[MF-SEL] tPrev=(  d=0.000252  dMin=0.000000  dAvg=0.000183  dMax=0.000442  Dlo=0.000091  Dhi=0.000313  err=0.000000  inc=0.012783  bucket 5->5  (mf=510)
[MF-SEL] tPrev=(  d=0.000319  dMin=0.000000  dAvg=0.000193  dMax=0.000442  Dlo=0.000097  Dhi=0.000318  err=1.000000  inc=1.109760  bucket 5->5  (mf=510)
[MF-SEL] tPrev=(  d=0.000399  dMin=0.000000  dAvg=0.000208  dMax=0.000442  Dlo=0.000104  Dhi=0.000325  err=1.000000  inc=0.616441  bucket 5->5  (mf=510)
[MF-SEL] tPrev=(  d=0.000233  dMin=0.000000  dAvg=0.000210  dMax=0.000442  Dlo=0.000105  Dhi=0.000326  err=0.000000  inc=-0.300497  bucket 5->5  (mf=510)
[MF-SEL] tPrev=(  d=0.000058  dMin=0.000000  dAvg=0.000200  dMax=0.000442  Dlo=0.000100  Dhi=0.000321  err=-1.000000  inc=-0.910186  bucket 5->4  (mf=600)
[MF-SEL] tPrev=(  d=0.000143  dMin=0.000000  dAvg=0.000197  dMax=0.000442  Dlo=0.000098  Dhi=0.000320  err=0.000000  inc=0.332752  bucket 4->4  (mf=600)
[MF-SEL] tPrev=(  d=0.000756  dMin=0.000000  dAvg=0.000228  dMax=0.000756  Dlo=0.000114  Dhi=0.000492  err=1.000000  inc=0.928732  bucket 4->5  (mf=510)
[MF-SEL] tPrev=(  d=0.000257  dMin=0.000000  dAvg=0.000229  dMax=0.000756  Dlo=0.000115  Dhi=0.000493  err=0.000000  inc=-0.316676  bucket 5->5  (mf=510)
[MF-SEL] tPrev=(  d=0.000452  dMin=0.000000  dAvg=0.000241  dMax=0.000756  Dlo=0.000120  Dhi=0.000499  err=0.000000  inc=0.016536  bucket 5->5  (mf=510)
[MF-SEL] tPrev=(  d=0.000901  dMin=0.000000  dAvg=0.000272  dMax=0.000901  Dlo=0.000136  Dhi=0.000586  err=1.000000  inc=0.935585  bucket 5->5  (mf=510)
[MF-SEL] tPrev=(  d=0.000096  dMin=0.000000  dAvg=0.000264  dMax=0.000901  Dlo=0.000132  Dhi=0.000582  err=-1.000000  inc=-1.211193  bucket 5->4  (mf=600)
[MF-SEL] tPrev=(  d=0.000597  dMin=0.000000  dAvg=0.000278  dMax=0.000901  Dlo=0.000139  Dhi=0.000590  err=1.000000  inc=1.247341  bucket 4->5  (mf=510)
[MF-SEL] tPrev=(  d=0.000389  dMin=0.000000  dAvg=0.000283  dMax=0.000901  Dlo=0.000142  Dhi=0.000592  err=0.000000  inc=-0.289699  bucket 5->5  (mf=510)
[MF-SEL] tPrev=(  d=0.000513  dMin=0.000000  dAvg=0.000292  dMax=0.000901  Dlo=0.000146  Dhi=0.000597  err=0.000000  inc=0.019061  bucket 5->5  (mf=510)
[MF-SEL] tPrev=(  d=0.000760  dMin=0.000000  dAvg=0.000310  dMax=0.000901  Dlo=0.000155  Dhi=0.000606  err=1.000000  inc=0.934165  bucket 5->5  (mf=510)
[MF-SEL] tPrev=(  d=0.001224  dMin=0.000000  dAvg=0.000344  dMax=0.001224  Dlo=0.000172  Dhi=0.000784  err=1.000000  inc=0.624075  bucket 5->5  (mf=510)
[MF-SEL] tPrev=(  d=0.000421  dMin=0.000000  dAvg=0.000347  dMax=0.001224  Dlo=0.000173  Dhi=0.000786  err=0.000000  inc=-0.299315  bucket 5->5  (mf=510)
[MF-SEL] tPrev=(  d=0.000464  dMin=0.000000  dAvg=0.000351  dMax=0.001224  Dlo=0.000175  Dhi=0.000788  err=0.000000  inc=0.024075  bucket 5->5  (mf=510)
[MF-SEL] tPrev=(  d=0.001806  dMin=0.000000  dAvg=0.000399  dMax=0.001806  Dlo=0.000200  Dhi=0.001103  err=1.000000  inc=0.947915  bucket 5->5  (mf=510)
[MF-SEL] tPrev=(  d=0.002324  dMin=0.000000  dAvg=0.000461  dMax=0.002324  Dlo=0.000231  Dhi=0.001393  err=1.000000  inc=0.629104  bucket 5->5  (mf=510)
[MF-SEL] tPrev=(  d=0.000138  dMin=0.000000  dAvg=0.000451  dMax=0.002324  Dlo=0.000226  Dhi=0.001387  err=-1.000000  inc=-1.280226  bucket 5->4  (mf=600)
[MF-SEL] tPrev=(  d=0.002070  dMin=0.000000  dAvg=0.000500  dMax=0.002324  Dlo=0.000250  Dhi=0.001412  err=1.000000  inc=1.184490  bucket 4->5  (mf=510)
[MF-SEL] tPrev=(  d=0.004159  dMin=0.000000  dAvg=0.000608  dMax=0.004159  Dlo=0.000304  Dhi=0.002384  err=1.000000  inc=0.632087  bucket 5->5  (mf=510)
[MF-SEL] tPrev=(  d=0.001699  dMin=0.000000  dAvg=0.000639  dMax=0.004159  Dlo=0.000320  Dhi=0.002399  err=0.000000  inc=-0.281615  bucket 5->5  (mf=510)
[MF-SEL] tPrev=(  d=0.000677  dMin=0.000000  dAvg=0.000640  dMax=0.004159  Dlo=0.000320  Dhi=0.002400  err=0.000000  inc=0.032087  bucket 5->5  (mf=510)
[MF-SEL] tPrev=(  d=0.000957  dMin=0.000000  dAvg=0.000649  dMax=0.004159  Dlo=0.000324  Dhi=0.002404  err=0.000000  inc=0.032087  bucket 5->5  (mf=510)
[MF-SEL] tPrev=(  d=0.001936  dMin=0.000000  dAvg=0.000683  dMax=0.004159  Dlo=0.000341  Dhi=0.002421  err=0.000000  inc=0.032087  bucket 5->5  (mf=510)
[MF-SEL] tPrev=(  d=0.001138  dMin=0.000000  dAvg=0.000694  dMax=0.004159  Dlo=0.000347  Dhi=0.002427  err=0.000000  inc=0.032087  bucket 5->5  (mf=510)
[MF-SEL] tPrev=(  d=0.002537  dMin=0.000000  dAvg=0.000740  dMax=0.004159  Dlo=0.000370  Dhi=0.002450  err=1.000000  inc=0.948200  bucket 5->5  (mf=510)
[MF-SEL] tPrev=(  d=0.004907  dMin=0.000000  dAvg=0.000842  dMax=0.004907  Dlo=0.000421  Dhi=0.002875  err=1.000000  inc=0.637122  bucket 5->5  (mf=510)
[MF-SEL] tPrev=(  d=0.002536  dMin=0.000000  dAvg=0.000882  dMax=0.004907  Dlo=0.000441  Dhi=0.002895  err=0.000000  inc=-0.265529  bucket 5->5  (mf=510)
[MF-SEL] tPrev=(  d=0.000406  dMin=0.000000  dAvg=0.000871  dMax=0.004907  Dlo=0.000436  Dhi=0.002889  err=-1.000000  inc=-0.869676  bucket 5->4  (mf=600)
[MF-SEL] tPrev=(  d=0.000340  dMin=0.000000  dAvg=0.000859  dMax=0.004907  Dlo=0.000430  Dhi=0.002883  err=-1.000000  inc=-0.567880  bucket 4->3  (mf=700)
[MF-SEL] tPrev=(  d=0.000541  dMin=0.000000  dAvg=0.000852  dMax=0.004907  Dlo=0.000426  Dhi=0.002880  err=0.000000  inc=0.356212  bucket 3->3  (mf=700)
[MF-SEL] tPrev=(  d=0.000606  dMin=0.000000  dAvg=0.000847  dMax=0.004907  Dlo=0.000423  Dhi=0.002877  err=0.000000  inc=0.032120  bucket 3->3  (mf=700)
[MF-SEL] tPrev=(  d=0.000102  dMin=0.000000  dAvg=0.000831  dMax=0.004907  Dlo=0.000415  Dhi=0.002869  err=-1.000000  inc=-0.904932  bucket 3->2  (mf=800)
[MF-SEL] tPrev=(  d=0.000487  dMin=0.000000  dAvg=0.000824  dMax=0.004907  Dlo=0.000412  Dhi=0.002865  err=0.000000  inc=0.370809  bucket 2->2  (mf=800)
[MF-SEL] tPrev=(  d=0.000413  dMin=0.000000  dAvg=0.000815  dMax=0.004907  Dlo=0.000408  Dhi=0.002861  err=0.000000  inc=0.029730  bucket 2->2  (mf=800)
[MF-SEL] tPrev=(  d=0.000498  dMin=0.000000  dAvg=0.000809  dMax=0.004907  Dlo=0.000405  Dhi=0.002858  err=0.000000  inc=0.029730  bucket 2->2  (mf=800)
[MF-SEL] tPrev=(  d=0.001739  dMin=0.000000  dAvg=0.000827  dMax=0.004907  Dlo=0.000414  Dhi=0.002867  err=0.000000  inc=0.029730  bucket 2->2  (mf=800)
[MF-SEL] tPrev=(  d=0.000508  dMin=0.000000  dAvg=0.000821  dMax=0.004907  Dlo=0.000411  Dhi=0.002864  err=0.000000  inc=0.029730  bucket 2->2  (mf=800)
[MF-SEL] tPrev=(  d=0.000934  dMin=0.000000  dAvg=0.000823  dMax=0.004907  Dlo=0.000412  Dhi=0.002865  err=0.000000  inc=0.029730  bucket 2->2  (mf=800)
[MF-SEL] tPrev=(  d=3.552382  dMin=0.000000  dAvg=0.066593  dMax=3.552382  Dlo=0.033296  Dhi=1.809487  err=1.000000  inc=0.948184  bucket 2->3  (mf=700)
[MF-SEL] tPrev=(  d=0.001070  dMin=0.000000  dAvg=0.065402  dMax=3.552382  Dlo=0.032701  Dhi=1.808892  err=-1.000000  inc=-1.160946  bucket 3->2  (mf=800)
Not enough motion for initializing. Reseting...
LM: Reseting current map in Local Mapping...
LM: End reseting Local Mapping...
LM: Reset free the mutex
[MF-SEL] tPrev=(  d=0.001129  dMin=0.000000  dAvg=0.064254  dMax=3.552382  Dlo=0.032127  Dhi=1.808318  err=-1.000000  inc=-0.572899  bucket 2->1  (mf=900)
[MF-SEL] tPrev=(  d=0.003019  dMin=0.000000  dAvg=0.063180  dMax=3.552382  Dlo=0.031590  Dhi=1.807781  err=-1.000000  inc=-0.575279  bucket 1->0  (mf=1000)
[MF-SEL] tPrev=(  d=0.004753  dMin=0.000000  dAvg=0.062172  dMax=3.552382  Dlo=0.031086  Dhi=1.807277  err=-1.000000  inc=-0.578079  bucket 0->0  (mf=1000)
Not enough motion for initializing. Reseting...
TRACK: Reset map because local mapper set the bad imu flag 
[MF-SEL] tPrev=(  d=3.545203  dMin=0.000000  dAvg=0.121207  dMax=3.552382  Dlo=0.060603  Dhi=1.836794  err=1.000000  inc=1.354941  bucket 0->1  (mf=900)
LM: Reseting current map in Local Mapping...
LM: End reseting Local Mapping...
LM: Reset free the mutex
LM: Active map reset recieved
LM: Active map reset, waiting...
LM: Reseting current map in Local Mapping...
LM: End reseting Local Mapping...
LM: Reset free the mutex
LM: Active map reset, Done!!!
mnFirstFrameId = 4
mnInitialFrameId = 0
54 Frames set to lost
not IMU meas
[MF-SEL] tPrev=(  d=0.000000  dMin=0.000000  dAvg=0.119186  dMax=3.552382  Dlo=0.059593  Dhi=1.835784  err=-1.000000  inc=-1.131224  bucket 1->0  (mf=1000)
not enough acceleration
[MF-SEL] tPrev=(  d=0.000000  dMin=0.000000  dAvg=0.117233  dMax=3.552382  Dlo=0.058616  Dhi=1.834807  err=-1.000000  inc=-0.580806  bucket 0->0  (mf=1000)
First KF:12; Map init KF:0
New Map created with 204 points
Active map: 0
[MF-SEL] tPrev=(  d=0.000000  dMin=0.000000  dAvg=0.115342  dMax=3.552382  Dlo=0.057671  Dhi=1.833862  err=-1.000000  inc=-0.583485  bucket 0->0  (mf=1000)
[MF-SEL] tPrev=(  d=0.004217  dMin=0.000000  dAvg=0.113578  dMax=3.552382  Dlo=0.056789  Dhi=1.832980  err=-1.000000  inc=-0.586543  bucket 0->0  (mf=1000)
[MF-SEL] tPrev=(  d=0.005430  dMin=0.000000  dAvg=0.111888  dMax=3.552382  Dlo=0.055944  Dhi=1.832135  err=-1.000000  inc=-0.588757  bucket 0->0  (mf=1000)
[MF-SEL] tPrev=(  d=0.009478  dMin=0.000000  dAvg=0.110313  dMax=3.552382  Dlo=0.055156  Dhi=1.831347  err=-1.000000  inc=-0.591220  bucket 0->0  (mf=1000)
[MF-SEL] tPrev=(  d=0.012086  dMin=0.000000  dAvg=0.108824  dMax=3.552382  Dlo=0.054412  Dhi=1.830603  err=-1.000000  inc=-0.593786  bucket 0->0  (mf=1000)
[MF-SEL] tPrev=(  d=0.016319  dMin=0.000000  dAvg=0.107444  dMax=3.552382  Dlo=0.053722  Dhi=1.829913  err=-1.000000  inc=-0.596384  bucket 0->0  (mf=1000)
[MF-SEL] tPrev=(  d=0.021340  dMin=0.000000  dAvg=0.106177  dMax=3.552382  Dlo=0.053089  Dhi=1.829280  err=-1.000000  inc=-0.599013  bucket 0->0  (mf=1000)
[MF-SEL] tPrev=(  d=0.026083  dMin=0.000000  dAvg=0.105017  dMax=3.552382  Dlo=0.052508  Dhi=1.828699  err=-1.000000  inc=-0.601477  bucket 0->0  (mf=1000)
[MF-SEL] tPrev=(  d=0.029046  dMin=0.000000  dAvg=0.103931  dMax=3.552382  Dlo=0.051966  Dhi=1.828157  err=-1.000000  inc=-0.604070  bucket 0->0  (mf=1000)
[MF-SEL] tPrev=(  d=0.034469  dMin=0.000000  dAvg=0.102953  dMax=3.552382  Dlo=0.051476  Dhi=1.827667  err=-1.000000  inc=-0.606475  bucket 0->0  (mf=1000)
[MF-SEL] tPrev=(  d=0.029033  dMin=0.000000  dAvg=0.101926  dMax=3.552382  Dlo=0.050963  Dhi=1.827154  err=-1.000000  inc=-0.609010  bucket 0->0  (mf=1000)
[MF-SEL] tPrev=(  d=0.035355  dMin=0.000000  dAvg=0.101014  dMax=3.552382  Dlo=0.050507  Dhi=1.826698  err=-1.000000  inc=-0.611830  bucket 0->0  (mf=1000)
[MF-SEL] tPrev=(  d=0.032853  dMin=0.000000  dAvg=0.100093  dMax=3.552382  Dlo=0.050047  Dhi=1.826237  err=-1.000000  inc=-0.613969  bucket 0->0  (mf=1000)
[MF-SEL] tPrev=(  d=0.029933  dMin=0.000000  dAvg=0.099158  dMax=3.552382  Dlo=0.049579  Dhi=1.825770  err=-1.000000  inc=-0.616522  bucket 0->0  (mf=1000)
[MF-SEL] tPrev=(  d=0.031232  dMin=0.000000  dAvg=0.098264  dMax=3.552382  Dlo=0.049132  Dhi=1.825323  err=-1.000000  inc=-0.618726  bucket 0->0  (mf=1000)
[MF-SEL] tPrev=(  d=0.021912  dMin=0.000000  dAvg=0.097272  dMax=3.552382  Dlo=0.048636  Dhi=1.824827  err=-1.000000  inc=-0.621394  bucket 0->0  (mf=1000)
[MF-SEL] tPrev=(  d=0.033214  dMin=0.000000  dAvg=0.096451  dMax=3.552382  Dlo=0.048226  Dhi=1.824416  err=-1.000000  inc=-0.624062  bucket 0->0  (mf=1000)
[MF-SEL] tPrev=(  d=0.012084  dMin=0.000000  dAvg=0.095383  dMax=3.552382  Dlo=0.047692  Dhi=1.823882  err=-1.000000  inc=-0.626607  bucket 0->0  (mf=1000)
[MF-SEL] tPrev=(  d=0.006361  dMin=0.000000  dAvg=0.094270  dMax=3.552382  Dlo=0.047135  Dhi=1.823326  err=-1.000000  inc=-0.629170  bucket 0->0  (mf=1000)
[MF-SEL] tPrev=(  d=0.004025  dMin=0.000000  dAvg=0.093156  dMax=3.552382  Dlo=0.046578  Dhi=1.822769  err=-1.000000  inc=-0.631437  bucket 0->0  (mf=1000)
[MF-SEL] tPrev=(  d=0.011238  dMin=0.000000  dAvg=0.092157  dMax=3.552382  Dlo=0.046079  Dhi=1.822270  err=-1.000000  inc=-0.633923  bucket 0->0  (mf=1000)
[MF-SEL] tPrev=(  d=0.021152  dMin=0.000000  dAvg=0.091302  dMax=3.552382  Dlo=0.045651  Dhi=1.821842  err=-1.000000  inc=-0.636381  bucket 0->0  (mf=1000)
[MF-SEL] tPrev=(  d=0.036605  dMin=0.000000  dAvg=0.090651  dMax=3.552382  Dlo=0.045325  Dhi=1.821516  err=-1.000000  inc=-0.638848  bucket 0->0  (mf=1000)
[MF-SEL] tPrev=(  d=0.033661  dMin=0.000000  dAvg=0.089980  dMax=3.552382  Dlo=0.044990  Dhi=1.821181  err=-1.000000  inc=-0.641152  bucket 0->0  (mf=1000)
[MF-SEL] tPrev=(  d=0.035861  dMin=0.000000  dAvg=0.089351  dMax=3.552382  Dlo=0.044675  Dhi=1.820866  err=-1.000000  inc=-0.643199  bucket 0->0  (mf=1000)
[MF-SEL] tPrev=(  d=0.039675  dMin=0.000000  dAvg=0.088780  dMax=3.552382  Dlo=0.044390  Dhi=1.820581  err=-1.000000  inc=-0.645653  bucket 0->0  (mf=1000)
[MF-SEL] tPrev=(  d=0.036981  dMin=0.000000  dAvg=0.088191  dMax=3.552382  Dlo=0.044096  Dhi=1.820287  err=-1.000000  inc=-0.647882  bucket 0->0  (mf=1000)
[MF-SEL] tPrev=(  d=0.038056  dMin=0.000000  dAvg=0.087628  dMax=3.552382  Dlo=0.043814  Dhi=1.820005  err=-1.000000  inc=-0.650549  bucket 0->0  (mf=1000)
[MF-SEL] tPrev=(  d=0.027607  dMin=0.000000  dAvg=0.086961  dMax=3.552382  Dlo=0.043481  Dhi=1.819671  err=-1.000000  inc=-0.653079  bucket 0->0  (mf=1000)
[MF-SEL] tPrev=(  d=0.026323  dMin=0.000000  dAvg=0.086295  dMax=3.552382  Dlo=0.043147  Dhi=1.819338  err=-1.000000  inc=-0.655461  bucket 0->0  (mf=1000)
[MF-SEL] tPrev=(  d=0.021936  dMin=0.000000  dAvg=0.085595  dMax=3.552382  Dlo=0.042798  Dhi=1.818988  err=-1.000000  inc=-0.657856  bucket 0->0  (mf=1000)
[MF-SEL] tPrev=(  d=0.015316  dMin=0.000000  dAvg=0.084839  dMax=3.552382  Dlo=0.042420  Dhi=1.818611  err=-1.000000  inc=-0.660394  bucket 0->0  (mf=1000)
[MF-SEL] tPrev=(  d=0.008179  dMin=0.000000  dAvg=0.084024  dMax=3.552382  Dlo=0.042012  Dhi=1.818203  err=-1.000000  inc=-0.662712  bucket 0->0  (mf=1000)
[MF-SEL] tPrev=(  d=0.002260  dMin=0.000000  dAvg=0.083163  dMax=3.552382  Dlo=0.041582  Dhi=1.817773  err=-1.000000  inc=-0.665256  bucket 0->0  (mf=1000)
[MF-SEL] tPrev=(  d=0.010186  dMin=0.000000  dAvg=0.082403  dMax=3.552382  Dlo=0.041202  Dhi=1.817392  err=-1.000000  inc=-0.667815  bucket 0->0  (mf=1000)
[MF-SEL] tPrev=(  d=0.020438  dMin=0.000000  dAvg=0.081764  dMax=3.552382  Dlo=0.040882  Dhi=1.817073  err=-1.000000  inc=-0.670552  bucket 0->0  (mf=1000)
[MF-SEL] tPrev=(  d=0.028809  dMin=0.000000  dAvg=0.081224  dMax=3.552382  Dlo=0.040612  Dhi=1.816803  err=-1.000000  inc=-0.672826  bucket 0->0  (mf=1000)
[MF-SEL] tPrev=(  d=0.037014  dMin=0.000000  dAvg=0.080777  dMax=3.552382  Dlo=0.040389  Dhi=1.816580  err=-1.000000  inc=-0.675562  bucket 0->0  (mf=1000)
[MF-SEL] tPrev=(  d=0.041630  dMin=0.000000  dAvg=0.080386  dMax=3.552382  Dlo=0.040193  Dhi=1.816384  err=0.000000  inc=0.253766  bucket 0->0  (mf=1000)
[MF-SEL] tPrev=(  d=0.043688  dMin=0.000000  dAvg=0.080023  dMax=3.552382  Dlo=0.040011  Dhi=1.816202  err=0.000000  inc=-0.075562  bucket 0->0  (mf=1000)
[MF-SEL] tPrev=(  d=0.047057  dMin=0.000000  dAvg=0.079699  dMax=3.552382  Dlo=0.039850  Dhi=1.816041  err=0.000000  inc=-0.075562  bucket 0->0  (mf=1000)
[MF-SEL] tPrev=(  d=0.042367  dMin=0.000000  dAvg=0.079337  dMax=3.552382  Dlo=0.039668  Dhi=1.815859  err=0.000000  inc=-0.075562  bucket 0->0  (mf=1000)
[MF-SEL] tPrev=(  d=0.037484  dMin=0.000000  dAvg=0.078934  dMax=3.552382  Dlo=0.039467  Dhi=1.815658  err=-1.000000  inc=-1.001879  bucket 0->0  (mf=1000)
[MF-SEL] tPrev=(  d=0.035705  dMin=0.000000  dAvg=0.078523  dMax=3.552382  Dlo=0.039261  Dhi=1.815452  err=-1.000000  inc=-0.680539  bucket 0->0  (mf=1000)
[MF-SEL] tPrev=(  d=0.031701  dMin=0.000000  dAvg=0.078081  dMax=3.552382  Dlo=0.039041  Dhi=1.815231  err=-1.000000  inc=-0.682920  bucket 0->0  (mf=1000)
[MF-SEL] tPrev=(  d=0.017556  dMin=0.000000  dAvg=0.077515  dMax=3.552382  Dlo=0.038758  Dhi=1.814949  err=-1.000000  inc=-0.685445  bucket 0->0  (mf=1000)
[MF-SEL] tPrev=(  d=0.010654  dMin=0.000000  dAvg=0.076896  dMax=3.552382  Dlo=0.038448  Dhi=1.814639  err=-1.000000  inc=-0.687864  bucket 0->0  (mf=1000)
[MF-SEL] tPrev=(  d=0.696271  dMin=0.000000  dAvg=0.082579  dMax=3.552382  Dlo=0.041289  Dhi=1.817480  err=0.000000  inc=0.299350  bucket 0->0  (mf=1000)
[MF-SEL] tPrev=(  d=0.498730  dMin=0.000000  dAvg=0.086362  dMax=3.552382  Dlo=0.043181  Dhi=1.819372  err=0.000000  inc=-0.087864  bucket 0->0  (mf=1000)
[MF-SEL] tPrev=(  d=0.018422  dMin=0.000000  dAvg=0.085750  dMax=3.552382  Dlo=0.042875  Dhi=1.819066  err=-1.000000  inc=-0.991974  bucket 0->0  (mf=1000)
[MF-SEL] tPrev=(  d=0.027278  dMin=0.000000  dAvg=0.085228  dMax=3.552382  Dlo=0.042614  Dhi=1.818805  err=-1.000000  inc=-0.692830  bucket 0->0  (mf=1000)
[MF-SEL] tPrev=(  d=0.034261  dMin=0.000000  dAvg=0.084777  dMax=3.552382  Dlo=0.042388  Dhi=1.818579  err=-1.000000  inc=-0.695058  bucket 0->0  (mf=1000)
[MF-SEL] tPrev=(  d=0.040072  dMin=0.000000  dAvg=0.084385  dMax=3.552382  Dlo=0.042192  Dhi=1.818383  err=-1.000000  inc=-0.697617  bucket 0->0  (mf=1000)
[MF-SEL] tPrev=(  d=0.042058  dMin=0.000000  dAvg=0.084016  dMax=3.552382  Dlo=0.042008  Dhi=1.818199  err=0.000000  inc=0.264989  bucket 0->0  (mf=1000)
[MF-SEL] tPrev=(  d=0.043017  dMin=0.000000  dAvg=0.083663  dMax=3.552382  Dlo=0.041832  Dhi=1.818022  err=0.000000  inc=-0.097617  bucket 0->0  (mf=1000)
[MF-SEL] tPrev=(  d=0.041313  dMin=0.000000  dAvg=0.083301  dMax=3.552382  Dlo=0.041651  Dhi=1.817841  err=-1.000000  inc=-1.046684  bucket 0->0  (mf=1000)
[MF-SEL] tPrev=(  d=0.037922  dMin=0.000000  dAvg=0.082916  dMax=3.552382  Dlo=0.041458  Dhi=1.817649  err=-1.000000  inc=-0.702195  bucket 0->0  (mf=1000)
[MF-SEL] tPrev=(  d=0.038544  dMin=0.000000  dAvg=0.082544  dMax=3.552382  Dlo=0.041272  Dhi=1.817463  err=-1.000000  inc=-0.704560  bucket 0->0  (mf=1000)
[MF-SEL] tPrev=(  d=0.027172  dMin=0.000000  dAvg=0.082082  dMax=3.552382  Dlo=0.041041  Dhi=1.817232  err=-1.000000  inc=-0.707128  bucket 0->0  (mf=1000)
[MF-SEL] tPrev=(  d=0.020187  dMin=0.000000  dAvg=0.081571  dMax=3.552382  Dlo=0.040785  Dhi=1.816976  err=-1.000000  inc=-0.709733  bucket 0->0  (mf=1000)
[MF-SEL] tPrev=(  d=0.010475  dMin=0.000000  dAvg=0.080988  dMax=3.552382  Dlo=0.040494  Dhi=1.816685  err=-1.000000  inc=-0.711984  bucket 0->0  (mf=1000)
[MF-SEL] tPrev=(  d=0.001320  dMin=0.000000  dAvg=0.080340  dMax=3.552382  Dlo=0.040170  Dhi=1.816361  err=-1.000000  inc=-0.714627  bucket 0->0  (mf=1000)
[MF-SEL] tPrev=(  d=0.010990  dMin=0.000000  dAvg=0.079781  dMax=3.552382  Dlo=0.039890  Dhi=1.816081  err=-1.000000  inc=-0.717135  bucket 0->0  (mf=1000)
[MF-SEL] tPrev=(  d=0.022909  dMin=0.000000  dAvg=0.079326  dMax=3.552382  Dlo=0.039663  Dhi=1.815854  err=-1.000000  inc=-0.719392  bucket 0->0  (mf=1000)
[MF-SEL] tPrev=(  d=0.032676  dMin=0.000000  dAvg=0.078956  dMax=3.552382  Dlo=0.039478  Dhi=1.815669  err=-1.000000  inc=-0.721833  bucket 0->0  (mf=1000)
[MF-SEL] tPrev=(  d=0.039958  dMin=0.000000  dAvg=0.078649  dMax=3.552382  Dlo=0.039324  Dhi=1.815515  err=0.000000  inc=0.207444  bucket 0->0  (mf=1000)
[MF-SEL] tPrev=(  d=0.046108  dMin=0.000000  dAvg=0.078394  dMax=3.552382  Dlo=0.039197  Dhi=1.815388  err=0.000000  inc=-0.121833  bucket 0->0  (mf=1000)
[MF-SEL] tPrev=(  d=0.048699  dMin=0.000000  dAvg=0.078164  dMax=3.552382  Dlo=0.039082  Dhi=1.815273  err=0.000000  inc=-0.121833  bucket 0->0  (mf=1000)
[MF-SEL] tPrev=(  d=0.049326  dMin=0.000000  dAvg=0.077942  dMax=3.552382  Dlo=0.038971  Dhi=1.815162  err=0.000000  inc=-0.121833  bucket 0->0  (mf=1000)
[MF-SEL] tPrev=(  d=0.046849  dMin=0.000000  dAvg=0.077705  dMax=3.552382  Dlo=0.038853  Dhi=1.815043  err=0.000000  inc=-0.121833  bucket 0->0  (mf=1000)
[MF-SEL] tPrev=(  d=0.041955  dMin=0.000000  dAvg=0.077434  dMax=3.552382  Dlo=0.038717  Dhi=1.814908  err=0.000000  inc=-0.121833  bucket 0->0  (mf=1000)
[MF-SEL] tPrev=(  d=0.035067  dMin=0.000000  dAvg=0.077116  dMax=3.552382  Dlo=0.038558  Dhi=1.814749  err=-1.000000  inc=-1.062400  bucket 0->0  (mf=1000)
[MF-SEL] tPrev=(  d=0.025363  dMin=0.000000  dAvg=0.076729  dMax=3.552382  Dlo=0.038365  Dhi=1.814556  err=-1.000000  inc=-0.726619  bucket 0->0  (mf=1000)
[MF-SEL] tPrev=(  d=0.014128  dMin=0.000000  dAvg=0.076266  dMax=3.552382  Dlo=0.038133  Dhi=1.814324  err=-1.000000  inc=-0.729057  bucket 0->0  (mf=1000)
[MF-SEL] tPrev=(  d=0.003425  dMin=0.000000  dAvg=0.075730  dMax=3.552382  Dlo=0.037865  Dhi=1.814056  err=-1.000000  inc=-0.731503  bucket 0->0  (mf=1000)
[MF-SEL] tPrev=(  d=0.007705  dMin=0.000000  dAvg=0.075234  dMax=3.552382  Dlo=0.037617  Dhi=1.813808  err=-1.000000  inc=-0.733701  bucket 0->0  (mf=1000)
[MF-SEL] tPrev=(  d=0.019042  dMin=0.000000  dAvg=0.074826  dMax=3.552382  Dlo=0.037413  Dhi=1.813604  err=-1.000000  inc=-0.736240  bucket 0->0  (mf=1000)
[MF-SEL] tPrev=(  d=0.026391  dMin=0.000000  dAvg=0.074478  dMax=3.552382  Dlo=0.037239  Dhi=1.813430  err=-1.000000  inc=-0.738468  bucket 0->0  (mf=1000)
[MF-SEL] tPrev=(  d=0.034284  dMin=0.000000  dAvg=0.074191  dMax=3.552382  Dlo=0.037095  Dhi=1.813286  err=-1.000000  inc=-0.740962  bucket 0->0  (mf=1000)
[MF-SEL] tPrev=(  d=0.039917  dMin=0.000000  dAvg=0.073948  dMax=3.552382  Dlo=0.036974  Dhi=1.813165  err=0.000000  inc=0.217226  bucket 0->0  (mf=1000)
[MF-SEL] tPrev=(  d=0.043848  dMin=0.000000  dAvg=0.073736  dMax=3.552382  Dlo=0.036868  Dhi=1.813059  err=0.000000  inc=-0.140962  bucket 0->0  (mf=1000)
[MF-SEL] tPrev=(  d=0.045639  dMin=0.000000  dAvg=0.073539  dMax=3.552382  Dlo=0.036770  Dhi=1.812961  err=0.000000  inc=-0.140962  bucket 0->0  (mf=1000)
[MF-SEL] tPrev=(  d=0.045327  dMin=0.000000  dAvg=0.073343  dMax=3.552382  Dlo=0.036672  Dhi=1.812863  err=0.000000  inc=-0.140962  bucket 0->0  (mf=1000)
[MF-SEL] tPrev=(  d=0.041624  dMin=0.000000  dAvg=0.073125  dMax=3.552382  Dlo=0.036562  Dhi=1.812753  err=0.000000  inc=-0.140962  bucket 0->0  (mf=1000)
[MF-SEL] tPrev=(  d=0.039874  dMin=0.000000  dAvg=0.072897  dMax=3.552382  Dlo=0.036448  Dhi=1.812639  err=0.000000  inc=-0.140962  bucket 0->0  (mf=1000)
[MF-SEL] tPrev=(  d=0.033303  dMin=0.000000  dAvg=0.072628  dMax=3.552382  Dlo=0.036314  Dhi=1.812505  err=-1.000000  inc=-1.101808  bucket 0->0  (mf=1000)
[MF-SEL] tPrev=(  d=0.026170  dMin=0.000000  dAvg=0.072314  dMax=3.552382  Dlo=0.036157  Dhi=1.812348  err=-1.000000  inc=-0.745575  bucket 0->0  (mf=1000)
[MF-SEL] tPrev=(  d=0.017095  dMin=0.000000  dAvg=0.071943  dMax=3.552382  Dlo=0.035972  Dhi=1.812162  err=-1.000000  inc=-0.747800  bucket 0->0  (mf=1000)
[MF-SEL] tPrev=(  d=0.007667  dMin=0.000000  dAvg=0.071515  dMax=3.552382  Dlo=0.035757  Dhi=1.811948  err=-1.000000  inc=-0.750245  bucket 0->0  (mf=1000)
[MF-SEL] tPrev=(  d=0.005727  dMin=0.000000  dAvg=0.071079  dMax=3.552382  Dlo=0.035539  Dhi=1.811730  err=-1.000000  inc=-0.752683  bucket 0->0  (mf=1000)
[MF-SEL] tPrev=(  d=0.018555  dMin=0.000000  dAvg=0.070733  dMax=3.552382  Dlo=0.035367  Dhi=1.811558  err=-1.000000  inc=-0.755422  bucket 0->0  (mf=1000)
[MF-SEL] tPrev=(  d=0.030267  dMin=0.000000  dAvg=0.070469  dMax=3.552382  Dlo=0.035234  Dhi=1.811425  err=-1.000000  inc=-0.757516  bucket 0->0  (mf=1000)
[MF-SEL] tPrev=(  d=0.038521  dMin=0.000000  dAvg=0.070261  dMax=3.552382  Dlo=0.035131  Dhi=1.811322  err=0.000000  inc=0.119774  bucket 0->0  (mf=1000)
[MF-SEL] tPrev=(  d=0.044342  dMin=0.000000  dAvg=0.070094  dMax=3.552382  Dlo=0.035047  Dhi=1.811238  err=0.000000  inc=-0.157516  bucket 0->0  (mf=1000)
[MF-SEL] tPrev=(  d=0.049024  dMin=0.000000  dAvg=0.069959  dMax=3.552382  Dlo=0.034980  Dhi=1.811170  err=0.000000  inc=-0.157516  bucket 0->0  (mf=1000)
[MF-SEL] tPrev=(  d=0.048966  dMin=0.000000  dAvg=0.069825  dMax=3.552382  Dlo=0.034913  Dhi=1.811104  err=0.000000  inc=-0.157516  bucket 0->0  (mf=1000)
[MF-SEL] tPrev=(  d=0.047834  dMin=0.000000  dAvg=0.069686  dMax=3.552382  Dlo=0.034843  Dhi=1.811034  err=0.000000  inc=-0.157516  bucket 0->0  (mf=1000)
[MF-SEL] tPrev=(  d=0.041717  dMin=0.000000  dAvg=0.069510  dMax=3.552382  Dlo=0.034755  Dhi=1.810946  err=0.000000  inc=-0.157516  bucket 0->0  (mf=1000)
[MF-SEL] tPrev=(  d=0.035790  dMin=0.000000  dAvg=0.069300  dMax=3.552382  Dlo=0.034650  Dhi=1.810841  err=0.000000  inc=-0.157516  bucket 0->0  (mf=1000)
[MF-SEL] tPrev=(  d=0.026327  dMin=0.000000  dAvg=0.069033  dMax=3.552382  Dlo=0.034516  Dhi=1.810707  err=-1.000000  inc=-1.095657  bucket 0->0  (mf=1000)
[MF-SEL] tPrev=(  d=0.015642  dMin=0.000000  dAvg=0.068703  dMax=3.552382  Dlo=0.034352  Dhi=1.810542  err=-1.000000  inc=-0.762350  bucket 0->0  (mf=1000)
[MF-SEL] tPrev=(  d=0.004637  dMin=0.000000  dAvg=0.068310  dMax=3.552382  Dlo=0.034155  Dhi=1.810346  err=-1.000000  inc=-0.764668  bucket 0->0  (mf=1000)
[MF-SEL] tPrev=(  d=0.006679  dMin=0.000000  dAvg=0.067934  dMax=3.552382  Dlo=0.033967  Dhi=1.810158  err=-1.000000  inc=-0.767164  bucket 0->0  (mf=1000)
[MF-SEL] tPrev=(  d=0.017042  dMin=0.000000  dAvg=0.067626  dMax=3.552382  Dlo=0.033813  Dhi=1.810004  err=-1.000000  inc=-0.769584  bucket 0->0  (mf=1000)
[MF-SEL] tPrev=(  d=0.026501  dMin=0.000000  dAvg=0.067378  dMax=3.552382  Dlo=0.033689  Dhi=1.809880  err=-1.000000  inc=-0.771963  bucket 0->0  (mf=1000)
[MF-SEL] tPrev=(  d=0.034455  dMin=0.000000  dAvg=0.067181  dMax=3.552382  Dlo=0.033590  Dhi=1.809781  err=0.000000  inc=0.154906  bucket 0->0  (mf=1000)
[MF-SEL] tPrev=(  d=0.040130  dMin=0.000000  dAvg=0.067020  dMax=3.552382  Dlo=0.033510  Dhi=1.809701  err=0.000000  inc=-0.171963  bucket 0->0  (mf=1000)
[MF-SEL] tPrev=(  d=0.043717  dMin=0.000000  dAvg=0.066882  dMax=3.552382  Dlo=0.033441  Dhi=1.809632  err=0.000000  inc=-0.171963  bucket 0->0  (mf=1000)
start VIBA 1
[MF-SEL] tPrev=(  d=0.042994  dMin=0.000000  dAvg=0.066741  dMax=3.552382  Dlo=0.033371  Dhi=1.809562  err=0.000000  inc=-0.171963  bucket 0->0  (mf=1000)
[MF-SEL] tPrev=(  d=0.042976  dMin=0.000000  dAvg=0.066602  dMax=3.552382  Dlo=0.033301  Dhi=1.809492  err=0.000000  inc=-0.171963  bucket 0->0  (mf=1000)
end VIBA 1
[MF-SEL] tPrev=(  d=0.039888  dMin=0.000000  dAvg=0.066447  dMax=3.552382  Dlo=0.033224  Dhi=1.809414  err=0.000000  inc=-0.171963  bucket 0->0  (mf=1000)
[MF-SEL] tPrev=(  d=0.037618  dMin=0.000000  dAvg=0.066281  dMax=3.552382  Dlo=0.033140  Dhi=1.809331  err=0.000000  inc=-0.171963  bucket 0->0  (mf=1000)
[MF-SEL] tPrev=(  d=0.033872  dMin=0.000000  dAvg=0.066094  dMax=3.552382  Dlo=0.033047  Dhi=1.809238  err=0.000000  inc=-0.171963  bucket 0->0  (mf=1000)
[MF-SEL] tPrev=(  d=0.029062  dMin=0.000000  dAvg=0.065883  dMax=3.552382  Dlo=0.032941  Dhi=1.809132  err=-1.000000  inc=-1.141104  bucket 0->0  (mf=1000)
[MF-SEL] tPrev=(  d=0.023167  dMin=0.000000  dAvg=0.065640  dMax=3.552382  Dlo=0.032820  Dhi=1.809011  err=-1.000000  inc=-0.776607  bucket 0->0  (mf=1000)
[MF-SEL] tPrev=(  d=0.019370  dMin=0.000000  dAvg=0.065379  dMax=3.552382  Dlo=0.032689  Dhi=1.808880  err=-1.000000  inc=-0.778989  bucket 0->0  (mf=1000)
[MF-SEL] tPrev=(  d=0.012237  dMin=0.000000  dAvg=0.065080  dMax=3.552382  Dlo=0.032540  Dhi=1.808731  err=-1.000000  inc=-0.781239  bucket 0->0  (mf=1000)
[MF-SEL] tPrev=(  d=0.008267  dMin=0.000000  dAvg=0.064763  dMax=3.552382  Dlo=0.032381  Dhi=1.808572  err=-1.000000  inc=-0.783226  bucket 0->0  (mf=1000)
[MF-SEL] tPrev=(  d=0.005358  dMin=0.000000  dAvg=0.064433  dMax=3.552382  Dlo=0.032216  Dhi=1.808407  err=-1.000000  inc=-0.785795  bucket 0->0  (mf=1000)
[MF-SEL] tPrev=(  d=0.004638  dMin=0.000000  dAvg=0.064102  dMax=3.552382  Dlo=0.032051  Dhi=1.808242  err=-1.000000  inc=-0.788346  bucket 0->0  (mf=1000)
[MF-SEL] tPrev=(  d=0.004029  dMin=0.000000  dAvg=0.063772  dMax=3.552382  Dlo=0.031886  Dhi=1.808077  err=-1.000000  inc=-0.790473  bucket 0->0  (mf=1000)
[MF-SEL] tPrev=(  d=0.003034  dMin=0.000000  dAvg=0.063440  dMax=3.552382  Dlo=0.031720  Dhi=1.807911  err=-1.000000  inc=-0.793380  bucket 0->0  (mf=1000)
[MF-SEL] tPrev=(  d=0.003841  dMin=0.000000  dAvg=0.063116  dMax=3.552382  Dlo=0.031558  Dhi=1.807749  err=-1.000000  inc=-0.795500  bucket 0->0  (mf=1000)
[MF-SEL] tPrev=(  d=0.004274  dMin=0.000000  dAvg=0.062798  dMax=3.552382  Dlo=0.031399  Dhi=1.807590  err=-1.000000  inc=-0.798011  bucket 0->0  (mf=1000)
[MF-SEL] tPrev=(  d=0.004385  dMin=0.000000  dAvg=0.062484  dMax=3.552382  Dlo=0.031242  Dhi=1.807433  err=-1.000000  inc=-0.800496  bucket 0->0  (mf=1000)
[MF-SEL] tPrev=(  d=0.002185  dMin=0.000000  dAvg=0.062162  dMax=3.552382  Dlo=0.031081  Dhi=1.807272  err=-1.000000  inc=-0.803128  bucket 0->0  (mf=1000)
[MF-SEL] tPrev=(  d=0.001415  dMin=0.000000  dAvg=0.061839  dMax=3.552382  Dlo=0.030919  Dhi=1.807110  err=-1.000000  inc=-0.805438  bucket 0->0  (mf=1000)
[MF-SEL] tPrev=(  d=0.001321  dMin=0.000000  dAvg=0.061518  dMax=3.552382  Dlo=0.030759  Dhi=1.806950  err=-1.000000  inc=-0.807898  bucket 0->0  (mf=1000)
[MF-SEL] tPrev=(  d=0.001806  dMin=0.000000  dAvg=0.061204  dMax=3.552382  Dlo=0.030602  Dhi=1.806793  err=-1.000000  inc=-0.810643  bucket 0->0  (mf=1000)
Not enough motion for initializing. Reseting...
[MF-SEL] tPrev=(  d=0.001291  dMin=0.000000  dAvg=0.060890  dMax=3.552382  Dlo=0.030445  Dhi=1.806636  err=-1.000000  inc=-0.813024  bucket 0->0  (mf=1000)
TRACK: Reset map because local mapper set the bad imu flag 
[MF-SEL] tPrev=(  d=0.433526  dMin=0.000000  dAvg=0.062831  dMax=3.552382  Dlo=0.031416  Dhi=1.807607  err=0.000000  inc=0.227079  bucket 0->0  (mf=1000)
LM: Reseting current map in Local Mapping...
LM: End reseting Local Mapping...
LM: Reset free the mutex
LM: Active map reset recieved
LM: Active map reset, waiting...
LM: Reseting current map in Local Mapping...
LM: End reseting Local Mapping...
LM: Reset free the mutex
LM: Active map reset, Done!!!
mnFirstFrameId = 61
mnInitialFrameId = 58
184 Frames set to lost
not IMU meas
[MF-SEL] tPrev=(  d=0.000000  dMin=0.000000  dAvg=0.062506  dMax=3.552382  Dlo=0.031253  Dhi=1.807444  err=-1.000000  inc=-1.063443  bucket 0->0  (mf=1000)
First KF:42; Map init KF:12
New Map created with 228 points
Active map: 0
[MF-SEL] tPrev=(  d=0.000000  dMin=0.000000  dAvg=0.062184  dMax=3.552382  Dlo=0.031092  Dhi=1.807283  err=-1.000000  inc=-0.818214  bucket 0->0  (mf=1000)
[MF-SEL] tPrev=(  d=0.001771  dMin=0.000000  dAvg=0.061874  dMax=3.552382  Dlo=0.030937  Dhi=1.807128  err=-1.000000  inc=-0.821287  bucket 0->0  (mf=1000)
[MF-SEL] tPrev=(  d=0.001582  dMin=0.000000  dAvg=0.061566  dMax=3.552382  Dlo=0.030783  Dhi=1.806974  err=-1.000000  inc=-0.823577  bucket 0->0  (mf=1000)
[MF-SEL] tPrev=(  d=0.000315  dMin=0.000000  dAvg=0.061255  dMax=3.552382  Dlo=0.030628  Dhi=1.806818  err=-1.000000  inc=-0.825995  bucket 0->0  (mf=1000)
[MF-SEL] tPrev=(  d=0.000642  dMin=0.000000  dAvg=0.060949  dMax=3.552382  Dlo=0.030475  Dhi=1.806665  err=-1.000000  inc=-0.828603  bucket 0->0  (mf=1000)
[MF-SEL] tPrev=(  d=0.000537  dMin=0.000000  dAvg=0.060646  dMax=3.552382  Dlo=0.030323  Dhi=1.806514  err=-1.000000  inc=-0.831010  bucket 0->0  (mf=1000)
[MF-SEL] tPrev=(  d=0.000251  dMin=0.000000  dAvg=0.060344  dMax=3.552382  Dlo=0.030172  Dhi=1.806363  err=-1.000000  inc=-0.833556  bucket 0->0  (mf=1000)
[MF-SEL] tPrev=(  d=0.001112  dMin=0.000000  dAvg=0.060049  dMax=3.552382  Dlo=0.030024  Dhi=1.806215  err=-1.000000  inc=-0.836133  bucket 0->0  (mf=1000)
[MF-SEL] tPrev=(  d=0.001723  dMin=0.000000  dAvg=0.059760  dMax=3.552382  Dlo=0.029880  Dhi=1.806071  err=-1.000000  inc=-0.838608  bucket 0->0  (mf=1000)
[MF-SEL] tPrev=(  d=0.000048  dMin=0.000000  dAvg=0.059466  dMax=3.552382  Dlo=0.029733  Dhi=1.805924  err=-1.000000  inc=-0.841168  bucket 0->0  (mf=1000)
[MF-SEL] tPrev=(  d=0.000239  dMin=0.000000  dAvg=0.059176  dMax=3.552382  Dlo=0.029588  Dhi=1.805779  err=-1.000000  inc=-0.843621  bucket 0->0  (mf=1000)
[MF-SEL] tPrev=(  d=0.000251  dMin=0.000000  dAvg=0.058888  dMax=3.552382  Dlo=0.029444  Dhi=1.805635  err=-1.000000  inc=-0.846138  bucket 0->0  (mf=1000)
[MF-SEL] tPrev=(  d=0.000755  dMin=0.000000  dAvg=0.058606  dMax=3.552382  Dlo=0.029303  Dhi=1.805494  err=-1.000000  inc=-0.848764  bucket 0->0  (mf=1000)
[MF-SEL] tPrev=(  d=0.000310  dMin=0.000000  dAvg=0.058324  dMax=3.552382  Dlo=0.029162  Dhi=1.805353  err=-1.000000  inc=-0.851139  bucket 0->0  (mf=1000)
[MF-SEL] tPrev=(  d=0.000210  dMin=0.000000  dAvg=0.058045  dMax=3.552382  Dlo=0.029022  Dhi=1.805213  err=-1.000000  inc=-0.853360  bucket 0->0  (mf=1000)
[MF-SEL] tPrev=(  d=0.000260  dMin=0.000000  dAvg=0.057768  dMax=3.552382  Dlo=0.028884  Dhi=1.805075  err=-1.000000  inc=-0.856213  bucket 0->0  (mf=1000)
[MF-SEL] tPrev=(  d=0.000103  dMin=0.000000  dAvg=0.057494  dMax=3.552382  Dlo=0.028747  Dhi=1.804938  err=-1.000000  inc=-0.858706  bucket 0->0  (mf=1000)
[MF-SEL] tPrev=(  d=0.000216  dMin=0.000000  dAvg=0.057222  dMax=3.552382  Dlo=0.028611  Dhi=1.804802  err=-1.000000  inc=-0.861291  bucket 0->0  (mf=1000)
[MF-SEL] tPrev=(  d=0.000975  dMin=0.000000  dAvg=0.056957  dMax=3.552382  Dlo=0.028479  Dhi=1.804669  err=-1.000000  inc=-0.863633  bucket 0->0  (mf=1000)
[MF-SEL] tPrev=(  d=0.000190  dMin=0.000000  dAvg=0.056691  dMax=3.552382  Dlo=0.028345  Dhi=1.804536  err=-1.000000  inc=-0.866227  bucket 0->0  (mf=1000)
[MF-SEL] tPrev=(  d=0.000391  dMin=0.000000  dAvg=0.056428  dMax=3.552382  Dlo=0.028214  Dhi=1.804405  err=-1.000000  inc=-0.868787  bucket 0->0  (mf=1000)
[MF-SEL] tPrev=(  d=0.000113  dMin=0.000000  dAvg=0.056166  dMax=3.552382  Dlo=0.028083  Dhi=1.804274  err=-1.000000  inc=-0.871261  bucket 0->0  (mf=1000)
[MF-SEL] tPrev=(  d=0.000241  dMin=0.000000  dAvg=0.055907  dMax=3.552382  Dlo=0.027953  Dhi=1.804144  err=-1.000000  inc=-0.873871  bucket 0->0  (mf=1000)
[MF-SEL] tPrev=(  d=0.000245  dMin=0.000000  dAvg=0.055650  dMax=3.552382  Dlo=0.027825  Dhi=1.804016  err=-1.000000  inc=-0.876370  bucket 0->0  (mf=1000)
[MF-SEL] tPrev=(  d=0.000486  dMin=0.000000  dAvg=0.055397  dMax=3.552382  Dlo=0.027699  Dhi=1.803889  err=-1.000000  inc=-0.878723  bucket 0->0  (mf=1000)
[MF-SEL] tPrev=(  d=0.000426  dMin=0.000000  dAvg=0.055146  dMax=3.552382  Dlo=0.027573  Dhi=1.803764  err=-1.000000  inc=-0.881353  bucket 0->0  (mf=1000)
[MF-SEL] tPrev=(  d=0.001154  dMin=0.000000  dAvg=0.054901  dMax=3.552382  Dlo=0.027450  Dhi=1.803641  err=-1.000000  inc=-0.883677  bucket 0->0  (mf=1000)
[MF-SEL] tPrev=(  d=0.001278  dMin=0.000000  dAvg=0.054658  dMax=3.552382  Dlo=0.027329  Dhi=1.803520  err=-1.000000  inc=-0.886369  bucket 0->0  (mf=1000)
[MF-SEL] tPrev=(  d=0.001228  dMin=0.000000  dAvg=0.054417  dMax=3.552382  Dlo=0.027209  Dhi=1.803400  err=-1.000000  inc=-0.888879  bucket 0->0  (mf=1000)
[MF-SEL] tPrev=(  d=0.000587  dMin=0.000000  dAvg=0.054176  dMax=3.552382  Dlo=0.027088  Dhi=1.803279  err=-1.000000  inc=-0.891206  bucket 0->0  (mf=1000)
[MF-SEL] tPrev=(  d=0.000391  dMin=0.000000  dAvg=0.053936  dMax=3.552382  Dlo=0.026968  Dhi=1.803159  err=-1.000000  inc=-0.893854  bucket 0->0  (mf=1000)
[MF-SEL] tPrev=(  d=0.000484  dMin=0.000000  dAvg=0.053698  dMax=3.552382  Dlo=0.026849  Dhi=1.803040  err=-1.000000  inc=-0.896462  bucket 0->0  (mf=1000)
[MF-SEL] tPrev=(  d=0.000143  dMin=0.000000  dAvg=0.053461  dMax=3.552382  Dlo=0.026731  Dhi=1.802922  err=-1.000000  inc=-0.898972  bucket 0->0  (mf=1000)
[MF-SEL] tPrev=(  d=0.000466  dMin=0.000000  dAvg=0.053228  dMax=3.552382  Dlo=0.026614  Dhi=1.802805  err=-1.000000  inc=-0.901406  bucket 0->0  (mf=1000)
[MF-SEL] tPrev=(  d=0.000030  dMin=0.000000  dAvg=0.052995  dMax=3.552382  Dlo=0.026497  Dhi=1.802688  err=-1.000000  inc=-0.903692  bucket 0->0  (mf=1000)
[MF-SEL] tPrev=(  d=0.000252  dMin=0.000000  dAvg=0.052764  dMax=3.552382  Dlo=0.026382  Dhi=1.802573  err=-1.000000  inc=-0.906492  bucket 0->0  (mf=1000)
[MF-SEL] tPrev=(  d=0.000231  dMin=0.000000  dAvg=0.052536  dMax=3.552382  Dlo=0.026268  Dhi=1.802459  err=-1.000000  inc=-0.908924  bucket 0->0  (mf=1000)
[MF-SEL] tPrev=(  d=0.000125  dMin=0.000000  dAvg=0.052309  dMax=3.552382  Dlo=0.026154  Dhi=1.802345  err=-1.000000  inc=-0.911462  bucket 0->0  (mf=1000)
[MF-SEL] tPrev=(  d=0.000192  dMin=0.000000  dAvg=0.052084  dMax=3.552382  Dlo=0.026042  Dhi=1.802233  err=-1.000000  inc=-0.913967  bucket 0->0  (mf=1000)
[MF-SEL] tPrev=(  d=0.000339  dMin=0.000000  dAvg=0.051862  dMax=3.552382  Dlo=0.025931  Dhi=1.802122  err=-1.000000  inc=-0.916203  bucket 0->0  (mf=1000)
[MF-SEL] tPrev=(  d=0.000132  dMin=0.000000  dAvg=0.051641  dMax=3.552382  Dlo=0.025821  Dhi=1.802011  err=-1.000000  inc=-0.918969  bucket 0->0  (mf=1000)
[MF-SEL] tPrev=(  d=0.000172  dMin=0.000000  dAvg=0.051422  dMax=3.552382  Dlo=0.025711  Dhi=1.801902  err=-1.000000  inc=-0.921234  bucket 0->0  (mf=1000)
[MF-SEL] tPrev=(  d=0.000303  dMin=0.000000  dAvg=0.051206  dMax=3.552382  Dlo=0.025603  Dhi=1.801794  err=-1.000000  inc=-0.923985  bucket 0->0  (mf=1000)
[MF-SEL] tPrev=(  d=0.000143  dMin=0.000000  dAvg=0.050990  dMax=3.552382  Dlo=0.025495  Dhi=1.801686  err=-1.000000  inc=-0.926524  bucket 0->0  (mf=1000)
[MF-SEL] tPrev=(  d=0.000827  dMin=0.000000  dAvg=0.050779  dMax=3.552382  Dlo=0.025390  Dhi=1.801581  err=-1.000000  inc=-0.929097  bucket 0->0  (mf=1000)
[MF-SEL] tPrev=(  d=0.000907  dMin=0.000000  dAvg=0.050571  dMax=3.552382  Dlo=0.025285  Dhi=1.801476  err=-1.000000  inc=-0.931613  bucket 0->0  (mf=1000)
[MF-SEL] tPrev=(  d=0.000171  dMin=0.000000  dAvg=0.050361  dMax=3.552382  Dlo=0.025180  Dhi=1.801371  err=-1.000000  inc=-0.934149  bucket 0->0  (mf=1000)
[MF-SEL] tPrev=(  d=0.000103  dMin=0.000000  dAvg=0.050152  dMax=3.552382  Dlo=0.025076  Dhi=1.801267  err=-1.000000  inc=-0.936557  bucket 0->0  (mf=1000)
[MF-SEL] tPrev=(  d=0.000205  dMin=0.000000  dAvg=0.049946  dMax=3.552382  Dlo=0.024973  Dhi=1.801164  err=-1.000000  inc=-0.939101  bucket 0->0  (mf=1000)
[MF-SEL] tPrev=(  d=0.000569  dMin=0.000000  dAvg=0.049743  dMax=3.552382  Dlo=0.024871  Dhi=1.801062  err=-1.000000  inc=-0.941375  bucket 0->0  (mf=1000)
[MF-SEL] tPrev=(  d=0.431655  dMin=0.000000  dAvg=0.051308  dMax=3.552382  Dlo=0.025654  Dhi=1.801845  err=0.000000  inc=-0.052689  bucket 0->0  (mf=1000)
[MF-SEL] tPrev=(  d=0.000111  dMin=0.000000  dAvg=0.051099  dMax=3.552382  Dlo=0.025549  Dhi=1.801740  err=-1.000000  inc=-1.253646  bucket 0->0  (mf=1000)
[MF-SEL] tPrev=(  d=0.000131  dMin=0.000000  dAvg=0.050892  dMax=3.552382  Dlo=0.025446  Dhi=1.801637  err=-1.000000  inc=-0.946405  bucket 0->0  (mf=1000)
[MF-SEL] tPrev=(  d=0.000110  dMin=0.000000  dAvg=0.050686  dMax=3.552382  Dlo=0.025343  Dhi=1.801534  err=-1.000000  inc=-0.948915  bucket 0->0  (mf=1000)
[MF-SEL] tPrev=(  d=0.000120  dMin=0.000000  dAvg=0.050482  dMax=3.552382  Dlo=0.025241  Dhi=1.801432  err=-1.000000  inc=-0.951412  bucket 0->0  (mf=1000)
[MF-SEL] tPrev=(  d=0.000066  dMin=0.000000  dAvg=0.050280  dMax=3.552382  Dlo=0.025140  Dhi=1.801331  err=-1.000000  inc=-0.953905  bucket 0->0  (mf=1000)
[MF-SEL] tPrev=(  d=0.000095  dMin=0.000000  dAvg=0.050079  dMax=3.552382  Dlo=0.025039  Dhi=1.801230  err=-1.000000  inc=-0.956441  bucket 0->0  (mf=1000)
[MF-SEL] tPrev=(  d=0.000132  dMin=0.000000  dAvg=0.049880  dMax=3.552382  Dlo=0.024940  Dhi=1.801131  err=-1.000000  inc=-0.958965  bucket 0->0  (mf=1000)
[MF-SEL] tPrev=(  d=0.000114  dMin=0.000000  dAvg=0.049682  dMax=3.552382  Dlo=0.024841  Dhi=1.801032  err=-1.000000  inc=-0.961532  bucket 0->0  (mf=1000)
Not enough motion for initializing. Reseting...
TRACK: Reset map because local mapper set the bad imu flag 
[MF-SEL] tPrev=(  d=0.429554  dMin=0.000000  dAvg=0.051184  dMax=3.552382  Dlo=0.025592  Dhi=1.801783  err=0.000000  inc=0.033232  bucket 0->0  (mf=1000)
LM: Reseting current map in Local Mapping...
LM: End reseting Local Mapping...
LM: Reset free the mutex
LM: Active map reset recieved
LM: Active map reset, waiting...
LM: Reseting current map in Local Mapping...
LM: End reseting Local Mapping...
LM: Reset free the mutex
LM: Active map reset, Done!!!
mnFirstFrameId = 193
mnInitialFrameId = 191
243 Frames set to lost
not IMU meas
[MF-SEL] tPrev=(  d=0.000000  dMin=0.000000  dAvg=0.050982  dMax=3.552382  Dlo=0.025491  Dhi=1.801682  err=-1.000000  inc=-1.231563  bucket 0->0  (mf=1000)
not enough acceleration
[MF-SEL] tPrev=(  d=0.000000  dMin=0.000000  dAvg=0.050782  dMax=3.552382  Dlo=0.025391  Dhi=1.801582  err=-1.000000  inc=-0.966618  bucket 0->0  (mf=1000)
not enough acceleration
[MF-SEL] tPrev=(  d=0.000000  dMin=0.000000  dAvg=0.050584  dMax=3.552382  Dlo=0.025292  Dhi=1.801483  err=-1.000000  inc=-0.969084  bucket 0->0  (mf=1000)
not enough acceleration
[MF-SEL] tPrev=(  d=0.000000  dMin=0.000000  dAvg=0.050387  dMax=3.552382  Dlo=0.025194  Dhi=1.801384  err=-1.000000  inc=-0.971550  bucket 0->0  (mf=1000)
not enough acceleration
[MF-SEL] tPrev=(  d=0.000000  dMin=0.000000  dAvg=0.050192  dMax=3.552382  Dlo=0.025096  Dhi=1.801287  err=-1.000000  inc=-0.974160  bucket 0->0  (mf=1000)
not enough acceleration
[MF-SEL] tPrev=(  d=0.000000  dMin=0.000000  dAvg=0.049998  dMax=3.552382  Dlo=0.024999  Dhi=1.801190  err=-1.000000  inc=-0.976488  bucket 0->0  (mf=1000)
not enough acceleration
[MF-SEL] tPrev=(  d=0.000000  dMin=0.000000  dAvg=0.049806  dMax=3.552382  Dlo=0.024903  Dhi=1.801094  err=-1.000000  inc=-0.979170  bucket 0->0  (mf=1000)
not enough acceleration
[MF-SEL] tPrev=(  d=0.000000  dMin=0.000000  dAvg=0.049615  dMax=3.552382  Dlo=0.024808  Dhi=1.800998  err=-1.000000  inc=-0.981590  bucket 0->0  (mf=1000)
not enough acceleration
[MF-SEL] tPrev=(  d=0.000000  dMin=0.000000  dAvg=0.049426  dMax=3.552382  Dlo=0.024713  Dhi=1.800904  err=-1.000000  inc=-0.984235  bucket 0->0  (mf=1000)
not enough acceleration
[MF-SEL] tPrev=(  d=0.000000  dMin=0.000000  dAvg=0.049238  dMax=3.552382  Dlo=0.024619  Dhi=1.800810  err=-1.000000  inc=-0.986659  bucket 0->0  (mf=1000)
not enough acceleration
[MF-SEL] tPrev=(  d=0.000000  dMin=0.000000  dAvg=0.049051  dMax=3.552382  Dlo=0.024526  Dhi=1.800716  err=-1.000000  inc=-0.989147  bucket 0->0  (mf=1000)
not enough acceleration
[MF-SEL] tPrev=(  d=0.000000  dMin=0.000000  dAvg=0.048866  dMax=3.552382  Dlo=0.024433  Dhi=1.800624  err=-1.000000  inc=-0.991726  bucket 0->0  (mf=1000)
not enough acceleration
[MF-SEL] tPrev=(  d=0.000000  dMin=0.000000  dAvg=0.048682  dMax=3.552382  Dlo=0.024341  Dhi=1.800532  err=-1.000000  inc=-0.994086  bucket 0->0  (mf=1000)
not enough acceleration
[MF-SEL] tPrev=(  d=0.000000  dMin=0.000000  dAvg=0.048500  dMax=3.552382  Dlo=0.024250  Dhi=1.800441  err=-1.000000  inc=-0.996691  bucket 0->0  (mf=1000)
not enough acceleration
[MF-SEL] tPrev=(  d=0.000000  dMin=0.000000  dAvg=0.048319  dMax=3.552382  Dlo=0.024160  Dhi=1.800350  err=-1.000000  inc=-0.999235  bucket 0->0  (mf=1000)
not enough acceleration
[MF-SEL] tPrev=(  d=0.000000  dMin=0.000000  dAvg=0.048139  dMax=3.552382  Dlo=0.024070  Dhi=1.800261  err=-1.000000  inc=-1.001813  bucket 0->0  (mf=1000)
not enough acceleration
[MF-SEL] tPrev=(  d=0.000000  dMin=0.000000  dAvg=0.047961  dMax=3.552382  Dlo=0.023981  Dhi=1.800171  err=-1.000000  inc=-1.004060  bucket 0->0  (mf=1000)
not enough acceleration
[MF-SEL] tPrev=(  d=0.000000  dMin=0.000000  dAvg=0.047784  dMax=3.552382  Dlo=0.023892  Dhi=1.800083  err=-1.000000  inc=-1.006729  bucket 0->0  (mf=1000)
not enough acceleration
[MF-SEL] tPrev=(  d=0.000000  dMin=0.000000  dAvg=0.047609  dMax=3.552382  Dlo=0.023804  Dhi=1.799995  err=-1.000000  inc=-1.009337  bucket 0->0  (mf=1000)
not enough acceleration
[MF-SEL] tPrev=(  d=0.000000  dMin=0.000000  dAvg=0.047434  dMax=3.552382  Dlo=0.023717  Dhi=1.799908  err=-1.000000  inc=-1.011847  bucket 0->0  (mf=1000)
not enough acceleration
[MF-SEL] tPrev=(  d=0.000000  dMin=0.000000  dAvg=0.047261  dMax=3.552382  Dlo=0.023631  Dhi=1.799821  err=-1.000000  inc=-1.014311  bucket 0->0  (mf=1000)
not enough acceleration
[MF-SEL] tPrev=(  d=0.000000  dMin=0.000000  dAvg=0.047089  dMax=3.552382  Dlo=0.023545  Dhi=1.799735  err=-1.000000  inc=-1.016675  bucket 0->0  (mf=1000)
not enough acceleration
[MF-SEL] tPrev=(  d=0.000000  dMin=0.000000  dAvg=0.046919  dMax=3.552382  Dlo=0.023459  Dhi=1.799650  err=-1.000000  inc=-1.019446  bucket 0->0  (mf=1000)
not enough acceleration
[MF-SEL] tPrev=(  d=0.000000  dMin=0.000000  dAvg=0.046749  dMax=3.552382  Dlo=0.023375  Dhi=1.799565  err=-1.000000  inc=-1.022043  bucket 0->0  (mf=1000)
not enough acceleration
[MF-SEL] tPrev=(  d=0.000000  dMin=0.000000  dAvg=0.046581  dMax=3.552382  Dlo=0.023291  Dhi=1.799481  err=-1.000000  inc=-1.024393  bucket 0->0  (mf=1000)
not enough acceleration
[MF-SEL] tPrev=(  d=0.000000  dMin=0.000000  dAvg=0.046414  dMax=3.552382  Dlo=0.023207  Dhi=1.799398  err=-1.000000  inc=-1.026851  bucket 0->0  (mf=1000)
not enough acceleration
[MF-SEL] tPrev=(  d=0.000000  dMin=0.000000  dAvg=0.046248  dMax=3.552382  Dlo=0.023124  Dhi=1.799315  err=-1.000000  inc=-1.029512  bucket 0->0  (mf=1000)
not enough acceleration
[MF-SEL] tPrev=(  d=0.000000  dMin=0.000000  dAvg=0.046084  dMax=3.552382  Dlo=0.023042  Dhi=1.799233  err=-1.000000  inc=-1.031941  bucket 0->0  (mf=1000)
not enough acceleration
[MF-SEL] tPrev=(  d=0.000000  dMin=0.000000  dAvg=0.045920  dMax=3.552382  Dlo=0.022960  Dhi=1.799151  err=-1.000000  inc=-1.034423  bucket 0->0  (mf=1000)
First KF:53; Map init KF:42
New Map created with 238 points
Active map: 0
[MF-SEL] tPrev=(  d=0.000000  dMin=0.000000  dAvg=0.045758  dMax=3.552382  Dlo=0.022879  Dhi=1.799070  err=-1.000000  inc=-1.036920  bucket 0->0  (mf=1000)
[MF-SEL] tPrev=(  d=0.000283  dMin=0.000000  dAvg=0.045598  dMax=3.552382  Dlo=0.022799  Dhi=1.798990  err=-1.000000  inc=-1.040102  bucket 0->0  (mf=1000)
[MF-SEL] tPrev=(  d=0.000726  dMin=0.000000  dAvg=0.045440  dMax=3.552382  Dlo=0.022720  Dhi=1.798911  err=-1.000000  inc=-1.042465  bucket 0->0  (mf=1000)
[MF-SEL] tPrev=(  d=0.000497  dMin=0.000000  dAvg=0.045283  dMax=3.552382  Dlo=0.022642  Dhi=1.798833  err=-1.000000  inc=-1.044877  bucket 0->0  (mf=1000)
[MF-SEL] tPrev=(  d=0.000464  dMin=0.000000  dAvg=0.045127  dMax=3.552382  Dlo=0.022564  Dhi=1.798754  err=-1.000000  inc=-1.047328  bucket 0->0  (mf=1000)
[MF-SEL] tPrev=(  d=0.001633  dMin=0.000000  dAvg=0.044976  dMax=3.552382  Dlo=0.022488  Dhi=1.798679  err=-1.000000  inc=-1.050058  bucket 0->0  (mf=1000)
[MF-SEL] tPrev=(  d=0.000262  dMin=0.000000  dAvg=0.044821  dMax=3.552382  Dlo=0.022411  Dhi=1.798602  err=-1.000000  inc=-1.052425  bucket 0->0  (mf=1000)
[MF-SEL] tPrev=(  d=0.002035  dMin=0.000000  dAvg=0.044674  dMax=3.552382  Dlo=0.022337  Dhi=1.798528  err=-1.000000  inc=-1.054844  bucket 0->0  (mf=1000)
[MF-SEL] tPrev=(  d=0.001109  dMin=0.000000  dAvg=0.044524  dMax=3.552382  Dlo=0.022262  Dhi=1.798453  err=-1.000000  inc=-1.057402  bucket 0->0  (mf=1000)
[MF-SEL] tPrev=(  d=0.000131  dMin=0.000000  dAvg=0.044372  dMax=3.552382  Dlo=0.022186  Dhi=1.798377  err=-1.000000  inc=-1.059787  bucket 0->0  (mf=1000)
[MF-SEL] tPrev=(  d=0.000145  dMin=0.000000  dAvg=0.044221  dMax=3.552382  Dlo=0.022111  Dhi=1.798301  err=-1.000000  inc=-1.062457  bucket 0->0  (mf=1000)
[MF-SEL] tPrev=(  d=0.000590  dMin=0.000000  dAvg=0.044073  dMax=3.552382  Dlo=0.022036  Dhi=1.798227  err=-1.000000  inc=-1.064727  bucket 0->0  (mf=1000)
[MF-SEL] tPrev=(  d=0.000686  dMin=0.000000  dAvg=0.043926  dMax=3.552382  Dlo=0.021963  Dhi=1.798154  err=-1.000000  inc=-1.067679  bucket 0->0  (mf=1000)
[MF-SEL] tPrev=(  d=0.000192  dMin=0.000000  dAvg=0.043778  dMax=3.552382  Dlo=0.021889  Dhi=1.798080  err=-1.000000  inc=-1.070024  bucket 0->0  (mf=1000)
[MF-SEL] tPrev=(  d=0.000224  dMin=0.000000  dAvg=0.043631  dMax=3.552382  Dlo=0.021816  Dhi=1.798007  err=-1.000000  inc=-1.072470  bucket 0->0  (mf=1000)
[MF-SEL] tPrev=(  d=0.000249  dMin=0.000000  dAvg=0.043486  dMax=3.552382  Dlo=0.021743  Dhi=1.797934  err=-1.000000  inc=-1.075007  bucket 0->0  (mf=1000)
[MF-SEL] tPrev=(  d=0.000170  dMin=0.000000  dAvg=0.043341  dMax=3.552382  Dlo=0.021670  Dhi=1.797861  err=-1.000000  inc=-1.077339  bucket 0->0  (mf=1000)
[MF-SEL] tPrev=(  d=0.000374  dMin=0.000000  dAvg=0.043198  dMax=3.552382  Dlo=0.021599  Dhi=1.797790  err=-1.000000  inc=-1.079979  bucket 0->0  (mf=1000)
[MF-SEL] tPrev=(  d=0.000608  dMin=0.000000  dAvg=0.043056  dMax=3.552382  Dlo=0.021528  Dhi=1.797719  err=-1.000000  inc=-1.082544  bucket 0->0  (mf=1000)
[MF-SEL] tPrev=(  d=0.000161  dMin=0.000000  dAvg=0.042914  dMax=3.552382  Dlo=0.021457  Dhi=1.797648  err=-1.000000  inc=-1.085099  bucket 0->0  (mf=1000)
[MF-SEL] tPrev=(  d=0.000727  dMin=0.000000  dAvg=0.042775  dMax=3.552382  Dlo=0.021387  Dhi=1.797578  err=-1.000000  inc=-1.087637  bucket 0->0  (mf=1000)
[MF-SEL] tPrev=(  d=0.000470  dMin=0.000000  dAvg=0.042636  dMax=3.552382  Dlo=0.021318  Dhi=1.797509  err=-1.000000  inc=-1.089814  bucket 0->0  (mf=1000)
[MF-SEL] tPrev=(  d=0.001160  dMin=0.000000  dAvg=0.042500  dMax=3.552382  Dlo=0.021250  Dhi=1.797441  err=-1.000000  inc=-1.092632  bucket 0->0  (mf=1000)
[MF-SEL] tPrev=(  d=0.000953  dMin=0.000000  dAvg=0.042364  dMax=3.552382  Dlo=0.021182  Dhi=1.797373  err=-1.000000  inc=-1.095068  bucket 0->0  (mf=1000)
[MF-SEL] tPrev=(  d=0.000572  dMin=0.000000  dAvg=0.042228  dMax=3.552382  Dlo=0.021114  Dhi=1.797305  err=-1.000000  inc=-1.097430  bucket 0->0  (mf=1000)
[MF-SEL] tPrev=(  d=0.000716  dMin=0.000000  dAvg=0.042093  dMax=3.552382  Dlo=0.021047  Dhi=1.797237  err=-1.000000  inc=-1.100084  bucket 0->0  (mf=1000)
[MF-SEL] tPrev=(  d=0.000200  dMin=0.000000  dAvg=0.041957  dMax=3.552382  Dlo=0.020979  Dhi=1.797170  err=-1.000000  inc=-1.102478  bucket 0->0  (mf=1000)
[MF-SEL] tPrev=(  d=0.000119  dMin=0.000000  dAvg=0.041823  dMax=3.552382  Dlo=0.020911  Dhi=1.797102  err=-1.000000  inc=-1.105161  bucket 0->0  (mf=1000)
[MF-SEL] tPrev=(  d=0.000051  dMin=0.000000  dAvg=0.041688  dMax=3.552382  Dlo=0.020844  Dhi=1.797035  err=-1.000000  inc=-1.107551  bucket 0->0  (mf=1000)
[MF-SEL] tPrev=(  d=0.000147  dMin=0.000000  dAvg=0.041555  dMax=3.552382  Dlo=0.020778  Dhi=1.796968  err=-1.000000  inc=-1.110122  bucket 0->0  (mf=1000)
[MF-SEL] tPrev=(  d=0.000945  dMin=0.000000  dAvg=0.041425  dMax=3.552382  Dlo=0.020713  Dhi=1.796904  err=-1.000000  inc=-1.112670  bucket 0->0  (mf=1000)
[MF-SEL] tPrev=(  d=0.001092  dMin=0.000000  dAvg=0.041297  dMax=3.552382  Dlo=0.020648  Dhi=1.796839  err=-1.000000  inc=-1.114942  bucket 0->0  (mf=1000)
[MF-SEL] tPrev=(  d=0.001128  dMin=0.000000  dAvg=0.041169  dMax=3.552382  Dlo=0.020585  Dhi=1.796776  err=-1.000000  inc=-1.117533  bucket 0->0  (mf=1000)
[MF-SEL] tPrev=(  d=0.000400  dMin=0.000000  dAvg=0.041040  dMax=3.552382  Dlo=0.020520  Dhi=1.796711  err=-1.000000  inc=-1.120292  bucket 0->0  (mf=1000)
[MF-SEL] tPrev=(  d=0.000516  dMin=0.000000  dAvg=0.040912  dMax=3.552382  Dlo=0.020456  Dhi=1.796647  err=-1.000000  inc=-1.122717  bucket 0->0  (mf=1000)
[MF-SEL] tPrev=(  d=0.000824  dMin=0.000000  dAvg=0.040786  dMax=3.552382  Dlo=0.020393  Dhi=1.796584  err=-1.000000  inc=-1.125330  bucket 0->0  (mf=1000)
[MF-SEL] tPrev=(  d=0.001085  dMin=0.000000  dAvg=0.040662  dMax=3.552382  Dlo=0.020331  Dhi=1.796522  err=-1.000000  inc=-1.127802  bucket 0->0  (mf=1000)
[MF-SEL] tPrev=(  d=0.000973  dMin=0.000000  dAvg=0.040538  dMax=3.552382  Dlo=0.020269  Dhi=1.796460  err=-1.000000  inc=-1.130198  bucket 0->0  (mf=1000)
[MF-SEL] tPrev=(  d=0.000742  dMin=0.000000  dAvg=0.040414  dMax=3.552382  Dlo=0.020207  Dhi=1.796398  err=-1.000000  inc=-1.132737  bucket 0->0  (mf=1000)
[MF-SEL] tPrev=(  d=0.000755  dMin=0.000000  dAvg=0.040291  dMax=3.552382  Dlo=0.020145  Dhi=1.796336  err=-1.000000  inc=-1.135247  bucket 0->0  (mf=1000)
[MF-SEL] tPrev=(  d=0.001020  dMin=0.000000  dAvg=0.040169  dMax=3.552382  Dlo=0.020085  Dhi=1.796275  err=-1.000000  inc=-1.137895  bucket 0->0  (mf=1000)
[MF-SEL] tPrev=(  d=0.000553  dMin=0.000000  dAvg=0.040047  dMax=3.552382  Dlo=0.020023  Dhi=1.796214  err=-1.000000  inc=-1.140211  bucket 0->0  (mf=1000)
[MF-SEL] tPrev=(  d=0.000674  dMin=0.000000  dAvg=0.039926  dMax=3.552382  Dlo=0.019963  Dhi=1.796154  err=-1.000000  inc=-1.142883  bucket 0->0  (mf=1000)
[MF-SEL] tPrev=(  d=0.000907  dMin=0.000000  dAvg=0.039806  dMax=3.552382  Dlo=0.019903  Dhi=1.796094  err=-1.000000  inc=-1.145381  bucket 0->0  (mf=1000)
[MF-SEL] tPrev=(  d=0.000647  dMin=0.000000  dAvg=0.039686  dMax=3.552382  Dlo=0.019843  Dhi=1.796034  err=-1.000000  inc=-1.147907  bucket 0->0  (mf=1000)
[MF-SEL] tPrev=(  d=0.000644  dMin=0.000000  dAvg=0.039567  dMax=3.552382  Dlo=0.019784  Dhi=1.795975  err=-1.000000  inc=-1.150450  bucket 0->0  (mf=1000)
[MF-SEL] tPrev=(  d=0.001038  dMin=0.000000  dAvg=0.039450  dMax=3.552382  Dlo=0.019725  Dhi=1.795916  err=-1.000000  inc=-1.152644  bucket 0->0  (mf=1000)
[MF-SEL] tPrev=(  d=0.000154  dMin=0.000000  dAvg=0.039331  dMax=3.552382  Dlo=0.019666  Dhi=1.795856  err=-1.000000  inc=-1.155186  bucket 0->0  (mf=1000)
[MF-SEL] tPrev=(  d=1.481499  dMin=0.000000  dAvg=0.043688  dMax=3.552382  Dlo=0.021844  Dhi=1.798035  err=0.000000  inc=-0.256504  bucket 0->0  (mf=1000)
[MF-SEL] tPrev=(  d=0.000324  dMin=0.000000  dAvg=0.043558  dMax=3.552382  Dlo=0.021779  Dhi=1.797970  err=-1.000000  inc=-1.457944  bucket 0->0  (mf=1000)
[MF-SEL] tPrev=(  d=0.000288  dMin=0.000000  dAvg=0.043428  dMax=3.552382  Dlo=0.021714  Dhi=1.797905  err=-1.000000  inc=-1.160389  bucket 0->0  (mf=1000)
[MF-SEL] tPrev=(  d=0.000260  dMin=0.000000  dAvg=0.043298  dMax=3.552382  Dlo=0.021649  Dhi=1.797840  err=-1.000000  inc=-1.162893  bucket 0->0  (mf=1000)
[MF-SEL] tPrev=(  d=0.000206  dMin=0.000000  dAvg=0.043170  dMax=3.552382  Dlo=0.021585  Dhi=1.797776  err=-1.000000  inc=-1.165403  bucket 0->0  (mf=1000)
[MF-SEL] tPrev=(  d=0.000157  dMin=0.000000  dAvg=0.043042  dMax=3.552382  Dlo=0.021521  Dhi=1.797712  err=-1.000000  inc=-1.167944  bucket 0->0  (mf=1000)
[MF-SEL] tPrev=(  d=0.000162  dMin=0.000000  dAvg=0.042914  dMax=3.552382  Dlo=0.021457  Dhi=1.797648  err=-1.000000  inc=-1.170366  bucket 0->0  (mf=1000)
[MF-SEL] tPrev=(  d=0.000442  dMin=0.000000  dAvg=0.042789  dMax=3.552382  Dlo=0.021394  Dhi=1.797585  err=-1.000000  inc=-1.172902  bucket 0->0  (mf=1000)
Not enough motion for initializing. Reseting...
TRACK: Reset map because local mapper set the bad imu flag 
[MF-SEL] tPrev=(  d=1.481860  dMin=0.000000  dAvg=0.047034  dMax=3.552382  Dlo=0.023517  Dhi=1.799708  err=0.000000  inc=-0.156447  bucket 0->0  (mf=1000)
LM: Active map reset recieved
LM: Active map reset, waiting...
LM: Reseting current map in Local Mapping...
LM: End reseting Local Mapping...
LM: Reset free the mutex
LM: Active map reset, Done!!!
mnFirstFrameId = 282
mnInitialFrameId = 252
299 Frames set to lost
not IMU meas
[MF-SEL] tPrev=(  d=0.000000  dMin=0.000000  dAvg=0.046896  dMax=3.552382  Dlo=0.023448  Dhi=1.799639  err=-1.000000  inc=-1.417516  bucket 0->0  (mf=1000)
not enough acceleration
[MF-SEL] tPrev=(  d=0.000000  dMin=0.000000  dAvg=0.046758  dMax=3.552382  Dlo=0.023379  Dhi=1.799570  err=-1.000000  inc=-1.177990  bucket 0->0  (mf=1000)
not enough acceleration
[MF-SEL] tPrev=(  d=0.000000  dMin=0.000000  dAvg=0.046621  dMax=3.552382  Dlo=0.023311  Dhi=1.799502  err=-1.000000  inc=-1.180574  bucket 0->0  (mf=1000)
not enough acceleration
[MF-SEL] tPrev=(  d=0.000000  dMin=0.000000  dAvg=0.046485  dMax=3.552382  Dlo=0.023243  Dhi=1.799434  err=-1.000000  inc=-1.183271  bucket 0->0  (mf=1000)
not enough acceleration
[MF-SEL] tPrev=(  d=0.000000  dMin=0.000000  dAvg=0.046350  dMax=3.552382  Dlo=0.023175  Dhi=1.799366  err=-1.000000  inc=-1.185541  bucket 0->0  (mf=1000)
not enough acceleration
[MF-SEL] tPrev=(  d=0.000000  dMin=0.000000  dAvg=0.046216  dMax=3.552382  Dlo=0.023108  Dhi=1.799299  err=-1.000000  inc=-1.187896  bucket 0->0  (mf=1000)
not enough acceleration
[MF-SEL] tPrev=(  d=0.000000  dMin=0.000000  dAvg=0.046082  dMax=3.552382  Dlo=0.023041  Dhi=1.799232  err=-1.000000  inc=-1.190650  bucket 0->0  (mf=1000)
not enough acceleration
[MF-SEL] tPrev=(  d=0.000000  dMin=0.000000  dAvg=0.045949  dMax=3.552382  Dlo=0.022975  Dhi=1.799166  err=-1.000000  inc=-1.193100  bucket 0->0  (mf=1000)
not enough acceleration
[MF-SEL] tPrev=(  d=0.000000  dMin=0.000000  dAvg=0.045817  dMax=3.552382  Dlo=0.022909  Dhi=1.799100  err=-1.000000  inc=-1.195654  bucket 0->0  (mf=1000)
not enough acceleration
[MF-SEL] tPrev=(  d=0.000000  dMin=0.000000  dAvg=0.045686  dMax=3.552382  Dlo=0.022843  Dhi=1.799034  err=-1.000000  inc=-1.198111  bucket 0->0  (mf=1000)
not enough acceleration
[MF-SEL] tPrev=(  d=0.000000  dMin=0.000000  dAvg=0.045556  dMax=3.552382  Dlo=0.022778  Dhi=1.798969  err=-1.000000  inc=-1.200694  bucket 0->0  (mf=1000)
not enough acceleration
[MF-SEL] tPrev=(  d=0.000000  dMin=0.000000  dAvg=0.045426  dMax=3.552382  Dlo=0.022713  Dhi=1.798904  err=-1.000000  inc=-1.203150  bucket 0->0  (mf=1000)
not enough acceleration
[MF-SEL] tPrev=(  d=0.000000  dMin=0.000000  dAvg=0.045297  dMax=3.552382  Dlo=0.022648  Dhi=1.798839  err=-1.000000  inc=-1.205666  bucket 0->0  (mf=1000)
not enough acceleration
[MF-SEL] tPrev=(  d=0.000000  dMin=0.000000  dAvg=0.045168  dMax=3.552382  Dlo=0.022584  Dhi=1.798775  err=-1.000000  inc=-1.208096  bucket 0->0  (mf=1000)
not enough acceleration
[MF-SEL] tPrev=(  d=0.000000  dMin=0.000000  dAvg=0.045041  dMax=3.552382  Dlo=0.022520  Dhi=1.798711  err=-1.000000  inc=-1.210743  bucket 0->0  (mf=1000)
not enough acceleration
[MF-SEL] tPrev=(  d=0.000000  dMin=0.000000  dAvg=0.044914  dMax=3.552382  Dlo=0.022457  Dhi=1.798648  err=-1.000000  inc=-1.213253  bucket 0->0  (mf=1000)
not enough acceleration
[MF-SEL] tPrev=(  d=0.000000  dMin=0.000000  dAvg=0.044788  dMax=3.552382  Dlo=0.022394  Dhi=1.798585  err=-1.000000  inc=-1.215769  bucket 0->0  (mf=1000)
not enough acceleration
[MF-SEL] tPrev=(  d=0.000000  dMin=0.000000  dAvg=0.044662  dMax=3.552382  Dlo=0.022331  Dhi=1.798522  err=-1.000000  inc=-1.218347  bucket 0->0  (mf=1000)
not enough acceleration
[MF-SEL] tPrev=(  d=0.000000  dMin=0.000000  dAvg=0.044538  dMax=3.552382  Dlo=0.022269  Dhi=1.798460  err=-1.000000  inc=-1.220783  bucket 0->0  (mf=1000)
not enough acceleration
[MF-SEL] tPrev=(  d=0.000000  dMin=0.000000  dAvg=0.044414  dMax=3.552382  Dlo=0.022207  Dhi=1.798398  err=-1.000000  inc=-1.223304  bucket 0->0  (mf=1000)
not enough acceleration
[MF-SEL] tPrev=(  d=0.000000  dMin=0.000000  dAvg=0.044290  dMax=3.552382  Dlo=0.022145  Dhi=1.798336  err=-1.000000  inc=-1.225844  bucket 0->0  (mf=1000)
not enough acceleration
[MF-SEL] tPrev=(  d=0.000000  dMin=0.000000  dAvg=0.044168  dMax=3.552382  Dlo=0.022084  Dhi=1.798275  err=-1.000000  inc=-1.228380  bucket 0->0  (mf=1000)
not enough acceleration
[MF-SEL] tPrev=(  d=0.000000  dMin=0.000000  dAvg=0.044046  dMax=3.552382  Dlo=0.022023  Dhi=1.798214  err=-1.000000  inc=-1.230779  bucket 0->0  (mf=1000)
not enough acceleration
[MF-SEL] tPrev=(  d=0.000000  dMin=0.000000  dAvg=0.043924  dMax=3.552382  Dlo=0.021962  Dhi=1.798153  err=-1.000000  inc=-1.233452  bucket 0->0  (mf=1000)
not enough acceleration
[MF-SEL] tPrev=(  d=0.000000  dMin=0.000000  dAvg=0.043803  dMax=3.552382  Dlo=0.021902  Dhi=1.798093  err=-1.000000  inc=-1.235888  bucket 0->0  (mf=1000)
not enough acceleration
[MF-SEL] tPrev=(  d=0.000000  dMin=0.000000  dAvg=0.043683  dMax=3.552382  Dlo=0.021842  Dhi=1.798033  err=-1.000000  inc=-1.238331  bucket 0->0  (mf=1000)
not enough acceleration
[MF-SEL] tPrev=(  d=0.000000  dMin=0.000000  dAvg=0.043564  dMax=3.552382  Dlo=0.021782  Dhi=1.797973  err=-1.000000  inc=-1.240878  bucket 0->0  (mf=1000)
not enough acceleration
[MF-SEL] tPrev=(  d=0.000000  dMin=0.000000  dAvg=0.043445  dMax=3.552382  Dlo=0.021723  Dhi=1.797914  err=-1.000000  inc=-1.243254  bucket 0->0  (mf=1000)
not enough acceleration
[MF-SEL] tPrev=(  d=0.000000  dMin=0.000000  dAvg=0.043327  dMax=3.552382  Dlo=0.021664  Dhi=1.797855  err=-1.000000  inc=-1.246120  bucket 0->0  (mf=1000)
not enough acceleration
[MF-SEL] tPrev=(  d=0.000000  dMin=0.000000  dAvg=0.043210  dMax=3.552382  Dlo=0.021605  Dhi=1.797796  err=-1.000000  inc=-1.248390  bucket 0->0  (mf=1000)
not enough acceleration
[MF-SEL] tPrev=(  d=0.000000  dMin=0.000000  dAvg=0.043093  dMax=3.552382  Dlo=0.021547  Dhi=1.797737  err=-1.000000  inc=-1.250939  bucket 0->0  (mf=1000)
not enough acceleration
[MF-SEL] tPrev=(  d=0.000000  dMin=0.000000  dAvg=0.042977  dMax=3.552382  Dlo=0.021489  Dhi=1.797679  err=-1.000000  inc=-1.253543  bucket 0->0  (mf=1000)
not enough acceleration
[MF-SEL] tPrev=(  d=0.000000  dMin=0.000000  dAvg=0.042861  dMax=3.552382  Dlo=0.021431  Dhi=1.797622  err=-1.000000  inc=-1.255968  bucket 0->0  (mf=1000)
not enough acceleration
[MF-SEL] tPrev=(  d=0.000000  dMin=0.000000  dAvg=0.042747  dMax=3.552382  Dlo=0.021373  Dhi=1.797564  err=-1.000000  inc=-1.258467  bucket 0->0  (mf=1000)
not enough acceleration
[MF-SEL] tPrev=(  d=0.000000  dMin=0.000000  dAvg=0.042632  dMax=3.552382  Dlo=0.021316  Dhi=1.797507  err=-1.000000  inc=-1.261012  bucket 0->0  (mf=1000)
not enough acceleration
[MF-SEL] tPrev=(  d=0.000000  dMin=0.000000  dAvg=0.042519  dMax=3.552382  Dlo=0.021259  Dhi=1.797450  err=-1.000000  inc=-1.263534  bucket 0->0  (mf=1000)
not enough acceleration
[MF-SEL] tPrev=(  d=0.000000  dMin=0.000000  dAvg=0.042406  dMax=3.552382  Dlo=0.021203  Dhi=1.797394  err=-1.000000  inc=-1.266068  bucket 0->0  (mf=1000)
not enough acceleration
[MF-SEL] tPrev=(  d=0.000000  dMin=0.000000  dAvg=0.042293  dMax=3.552382  Dlo=0.021147  Dhi=1.797337  err=-1.000000  inc=-1.268570  bucket 0->0  (mf=1000)
not enough acceleration
[MF-SEL] tPrev=(  d=0.000000  dMin=0.000000  dAvg=0.042181  dMax=3.552382  Dlo=0.021091  Dhi=1.797281  err=-1.000000  inc=-1.271105  bucket 0->0  (mf=1000)
not enough acceleration
[MF-SEL] tPrev=(  d=0.000000  dMin=0.000000  dAvg=0.042070  dMax=3.552382  Dlo=0.021035  Dhi=1.797226  err=-1.000000  inc=-1.273585  bucket 0->0  (mf=1000)
not enough acceleration
[MF-SEL] tPrev=(  d=0.000000  dMin=0.000000  dAvg=0.041959  dMax=3.552382  Dlo=0.020980  Dhi=1.797170  err=-1.000000  inc=-1.275898  bucket 0->0  (mf=1000)
not enough acceleration
[MF-SEL] tPrev=(  d=0.000000  dMin=0.000000  dAvg=0.041849  dMax=3.552382  Dlo=0.020925  Dhi=1.797115  err=-1.000000  inc=-1.278574  bucket 0->0  (mf=1000)
not enough acceleration
[MF-SEL] tPrev=(  d=0.000000  dMin=0.000000  dAvg=0.041739  dMax=3.552382  Dlo=0.020870  Dhi=1.797061  err=-1.000000  inc=-1.281139  bucket 0->0  (mf=1000)
not enough acceleration
[MF-SEL] tPrev=(  d=0.000000  dMin=0.000000  dAvg=0.041630  dMax=3.552382  Dlo=0.020815  Dhi=1.797006  err=-1.000000  inc=-1.283628  bucket 0->0  (mf=1000)
not enough acceleration
[MF-SEL] tPrev=(  d=0.000000  dMin=0.000000  dAvg=0.041522  dMax=3.552382  Dlo=0.020761  Dhi=1.796952  err=-1.000000  inc=-1.286106  bucket 0->0  (mf=1000)
First KF:64; Map init KF:53
New Map created with 206 points
Active map: 0
[MF-SEL] tPrev=(  d=0.000000  dMin=0.000000  dAvg=0.041414  dMax=3.552382  Dlo=0.020707  Dhi=1.796898  err=-1.000000  inc=-1.288618  bucket 0->0  (mf=1000)
[MF-SEL] tPrev=(  d=0.001815  dMin=0.000000  dAvg=0.041312  dMax=3.552382  Dlo=0.020656  Dhi=1.796847  err=-1.000000  inc=-1.291600  bucket 0->0  (mf=1000)
[MF-SEL] tPrev=(  d=0.002002  dMin=0.000000  dAvg=0.041210  dMax=3.552382  Dlo=0.020605  Dhi=1.796796  err=-1.000000  inc=-1.293923  bucket 0->0  (mf=1000)
[MF-SEL] tPrev=(  d=0.003955  dMin=0.000000  dAvg=0.041114  dMax=3.552382  Dlo=0.020557  Dhi=1.796748  err=-1.000000  inc=-1.296401  bucket 0->0  (mf=1000)
[MF-SEL] tPrev=(  d=0.005425  dMin=0.000000  dAvg=0.041022  dMax=3.552382  Dlo=0.020511  Dhi=1.796702  err=-1.000000  inc=-1.298723  bucket 0->0  (mf=1000)
[MF-SEL] tPrev=(  d=0.006750  dMin=0.000000  dAvg=0.040934  dMax=3.552382  Dlo=0.020467  Dhi=1.796658  err=-1.000000  inc=-1.301318  bucket 0->0  (mf=1000)
[MF-SEL] tPrev=(  d=0.005820  dMin=0.000000  dAvg=0.040845  dMax=3.552382  Dlo=0.020422  Dhi=1.796613  err=-1.000000  inc=-1.303729  bucket 0->0  (mf=1000)
[MF-SEL] tPrev=(  d=0.009290  dMin=0.000000  dAvg=0.040764  dMax=3.552382  Dlo=0.020382  Dhi=1.796573  err=-1.000000  inc=-1.306290  bucket 0->0  (mf=1000)
[MF-SEL] tPrev=(  d=0.011239  dMin=0.000000  dAvg=0.040689  dMax=3.552382  Dlo=0.020344  Dhi=1.796535  err=-1.000000  inc=-1.308730  bucket 0->0  (mf=1000)
[MF-SEL] tPrev=(  d=0.014647  dMin=0.000000  dAvg=0.040623  dMax=3.552382  Dlo=0.020311  Dhi=1.796502  err=-1.000000  inc=-1.311420  bucket 0->0  (mf=1000)
[MF-SEL] tPrev=(  d=0.015851  dMin=0.000000  dAvg=0.040560  dMax=3.552382  Dlo=0.020280  Dhi=1.796471  err=-1.000000  inc=-1.313987  bucket 0->0  (mf=1000)
[MF-SEL] tPrev=(  d=0.018075  dMin=0.000000  dAvg=0.040503  dMax=3.552382  Dlo=0.020252  Dhi=1.796443  err=-1.000000  inc=-1.316514  bucket 0->0  (mf=1000)
[MF-SEL] tPrev=(  d=0.021001  dMin=0.000000  dAvg=0.040454  dMax=3.552382  Dlo=0.020227  Dhi=1.796418  err=0.000000  inc=-0.399430  bucket 0->0  (mf=1000)
[MF-SEL] tPrev=(  d=0.019843  dMin=0.000000  dAvg=0.040402  dMax=3.552382  Dlo=0.020201  Dhi=1.796392  err=-1.000000  inc=-1.611127  bucket 0->0  (mf=1000)
[MF-SEL] tPrev=(  d=0.022950  dMin=0.000000  dAvg=0.040359  dMax=3.552382  Dlo=0.020179  Dhi=1.796370  err=0.000000  inc=-0.382397  bucket 0->0  (mf=1000)
[MF-SEL] tPrev=(  d=0.018670  dMin=0.000000  dAvg=0.040305  dMax=3.552382  Dlo=0.020152  Dhi=1.796343  err=-1.000000  inc=-1.634526  bucket 0->0  (mf=1000)
[MF-SEL] tPrev=(  d=0.023862  dMin=0.000000  dAvg=0.040264  dMax=3.552382  Dlo=0.020132  Dhi=1.796323  err=0.000000  inc=-0.367049  bucket 0->0  (mf=1000)
[MF-SEL] tPrev=(  d=0.019008  dMin=0.000000  dAvg=0.040211  dMax=3.552382  Dlo=0.020105  Dhi=1.796296  err=-1.000000  inc=-1.596417  bucket 0->0  (mf=1000)
[MF-SEL] tPrev=(  d=0.023356  dMin=0.000000  dAvg=0.040169  dMax=3.552382  Dlo=0.020084  Dhi=1.796275  err=0.000000  inc=-0.373424  bucket 0->0  (mf=1000)
[MF-SEL] tPrev=(  d=0.021568  dMin=0.000000  dAvg=0.040123  dMax=3.552382  Dlo=0.020061  Dhi=1.796252  err=0.000000  inc=-0.724758  bucket 0->0  (mf=1000)
[MF-SEL] tPrev=(  d=0.021345  dMin=0.000000  dAvg=0.040076  dMax=3.552382  Dlo=0.020038  Dhi=1.796229  err=0.000000  inc=-0.724758  bucket 0->0  (mf=1000)
[MF-SEL] tPrev=(  d=0.020232  dMin=0.000000  dAvg=0.040028  dMax=3.552382  Dlo=0.020014  Dhi=1.796205  err=0.000000  inc=-0.724758  bucket 0->0  (mf=1000)
[MF-SEL] tPrev=(  d=0.022389  dMin=0.000000  dAvg=0.039984  dMax=3.552382  Dlo=0.019992  Dhi=1.796183  err=0.000000  inc=-0.724758  bucket 0->0  (mf=1000)
[MF-SEL] tPrev=(  d=0.022372  dMin=0.000000  dAvg=0.039941  dMax=3.552382  Dlo=0.019971  Dhi=1.796161  err=0.000000  inc=-0.724758  bucket 0->0  (mf=1000)
[MF-SEL] tPrev=(  d=0.020510  dMin=0.000000  dAvg=0.039894  dMax=3.552382  Dlo=0.019947  Dhi=1.796138  err=0.000000  inc=-0.724758  bucket 0->0  (mf=1000)
[MF-SEL] tPrev=(  d=0.018932  dMin=0.000000  dAvg=0.039842  dMax=3.552382  Dlo=0.019921  Dhi=1.796112  err=-1.000000  inc=-1.636901  bucket 0->0  (mf=1000)
[MF-SEL] tPrev=(  d=0.019221  dMin=0.000000  dAvg=0.039792  dMax=3.552382  Dlo=0.019896  Dhi=1.796087  err=-1.000000  inc=-1.329589  bucket 0->0  (mf=1000)
[MF-SEL] tPrev=(  d=0.018245  dMin=0.000000  dAvg=0.039740  dMax=3.552382  Dlo=0.019870  Dhi=1.796061  err=-1.000000  inc=-1.332119  bucket 0->0  (mf=1000)
[MF-SEL] tPrev=(  d=0.017106  dMin=0.000000  dAvg=0.039685  dMax=3.552382  Dlo=0.019843  Dhi=1.796033  err=-1.000000  inc=-1.334578  bucket 0->0  (mf=1000)
[MF-SEL] tPrev=(  d=0.015715  dMin=0.000000  dAvg=0.039627  dMax=3.552382  Dlo=0.019814  Dhi=1.796004  err=-1.000000  inc=-1.337056  bucket 0->0  (mf=1000)
[MF-SEL] tPrev=(  d=0.013497  dMin=0.000000  dAvg=0.039564  dMax=3.552382  Dlo=0.019782  Dhi=1.795973  err=-1.000000  inc=-1.339515  bucket 0->0  (mf=1000)
[MF-SEL] tPrev=(  d=0.014974  dMin=0.000000  dAvg=0.039505  dMax=3.552382  Dlo=0.019753  Dhi=1.795943  err=-1.000000  inc=-1.341906  bucket 0->0  (mf=1000)
[MF-SEL] tPrev=(  d=0.014766  dMin=0.000000  dAvg=0.039446  dMax=3.552382  Dlo=0.019723  Dhi=1.795914  err=-1.000000  inc=-1.344431  bucket 0->0  (mf=1000)
[MF-SEL] tPrev=(  d=0.016879  dMin=0.000000  dAvg=0.039392  dMax=3.552382  Dlo=0.019696  Dhi=1.795887  err=-1.000000  inc=-1.346702  bucket 0->0  (mf=1000)
[MF-SEL] tPrev=(  d=0.021427  dMin=0.000000  dAvg=0.039349  dMax=3.552382  Dlo=0.019674  Dhi=1.795865  err=0.000000  inc=-0.421112  bucket 0->0  (mf=1000)
[MF-SEL] tPrev=(  d=0.020335  dMin=0.000000  dAvg=0.039304  dMax=3.552382  Dlo=0.019652  Dhi=1.795843  err=0.000000  inc=-0.746702  bucket 0->0  (mf=1000)
[MF-SEL] tPrev=(  d=0.017407  dMin=0.000000  dAvg=0.039252  dMax=3.552382  Dlo=0.019626  Dhi=1.795817  err=-1.000000  inc=-1.677604  bucket 0->0  (mf=1000)
[MF-SEL] tPrev=(  d=0.017480  dMin=0.000000  dAvg=0.039200  dMax=3.552382  Dlo=0.019600  Dhi=1.795791  err=-1.000000  inc=-1.351644  bucket 0->0  (mf=1000)
[MF-SEL] tPrev=(  d=0.017323  dMin=0.000000  dAvg=0.039148  dMax=3.552382  Dlo=0.019574  Dhi=1.795765  err=-1.000000  inc=-1.353900  bucket 0->0  (mf=1000)
[MF-SEL] tPrev=(  d=0.017544  dMin=0.000000  dAvg=0.039097  dMax=3.552382  Dlo=0.019549  Dhi=1.795740  err=-1.000000  inc=-1.356293  bucket 0->0  (mf=1000)
[MF-SEL] tPrev=(  d=0.015679  dMin=0.000000  dAvg=0.039042  dMax=3.552382  Dlo=0.019521  Dhi=1.795712  err=-1.000000  inc=-1.358760  bucket 0->0  (mf=1000)
[MF-SEL] tPrev=(  d=0.015049  dMin=0.000000  dAvg=0.038986  dMax=3.552382  Dlo=0.019493  Dhi=1.795684  err=-1.000000  inc=-1.361291  bucket 0->0  (mf=1000)
[MF-SEL] tPrev=(  d=0.015624  dMin=0.000000  dAvg=0.038931  dMax=3.552382  Dlo=0.019466  Dhi=1.795657  err=-1.000000  inc=-1.363607  bucket 0->0  (mf=1000)
[MF-SEL] tPrev=(  d=0.014171  dMin=0.000000  dAvg=0.038873  dMax=3.552382  Dlo=0.019437  Dhi=1.795628  err=-1.000000  inc=-1.366073  bucket 0->0  (mf=1000)
[MF-SEL] tPrev=(  d=0.017871  dMin=0.000000  dAvg=0.038824  dMax=3.552382  Dlo=0.019412  Dhi=1.795603  err=-1.000000  inc=-1.368482  bucket 0->0  (mf=1000)
[MF-SEL] tPrev=(  d=0.013631  dMin=0.000000  dAvg=0.038766  dMax=3.552382  Dlo=0.019383  Dhi=1.795574  err=-1.000000  inc=-1.371084  bucket 0->0  (mf=1000)
[MF-SEL] tPrev=(  d=0.013902  dMin=0.000000  dAvg=0.038708  dMax=3.552382  Dlo=0.019354  Dhi=1.795545  err=-1.000000  inc=-1.373369  bucket 0->0  (mf=1000)
[MF-SEL] tPrev=(  d=0.014611  dMin=0.000000  dAvg=0.038652  dMax=3.552382  Dlo=0.019326  Dhi=1.795517  err=-1.000000  inc=-1.375860  bucket 0->0  (mf=1000)
[MF-SEL] tPrev=(  d=0.017190  dMin=0.000000  dAvg=0.038603  dMax=3.552382  Dlo=0.019301  Dhi=1.795492  err=-1.000000  inc=-1.378202  bucket 0->0  (mf=1000)
[MF-SEL] tPrev=(  d=1.044572  dMin=0.000000  dAvg=0.040921  dMax=3.552382  Dlo=0.020460  Dhi=1.796651  err=0.000000  inc=-0.429060  bucket 0->0  (mf=1000)
[MF-SEL] tPrev=(  d=1.418964  dMin=0.000000  dAvg=0.044089  dMax=3.552382  Dlo=0.022044  Dhi=1.798235  err=0.000000  inc=-0.778202  bucket 0->0  (mf=1000)
[MF-SEL] tPrev=(  d=0.014193  dMin=0.000000  dAvg=0.044020  dMax=3.552382  Dlo=0.022010  Dhi=1.798201  err=-1.000000  inc=-1.688704  bucket 0->0  (mf=1000)
[MF-SEL] tPrev=(  d=0.013592  dMin=0.000000  dAvg=0.043950  dMax=3.552382  Dlo=0.021975  Dhi=1.798166  err=-1.000000  inc=-1.383263  bucket 0->0  (mf=1000)
[MF-SEL] tPrev=(  d=0.013404  dMin=0.000000  dAvg=0.043881  dMax=3.552382  Dlo=0.021940  Dhi=1.798131  err=-1.000000  inc=-1.385621  bucket 0->0  (mf=1000)
[MF-SEL] tPrev=(  d=0.013216  dMin=0.000000  dAvg=0.043811  dMax=3.552382  Dlo=0.021905  Dhi=1.798096  err=-1.000000  inc=-1.387875  bucket 0->0  (mf=1000)
[MF-SEL] tPrev=(  d=0.013453  dMin=0.000000  dAvg=0.043742  dMax=3.552382  Dlo=0.021871  Dhi=1.798062  err=-1.000000  inc=-1.390515  bucket 0->0  (mf=1000)
[MF-SEL] tPrev=(  d=0.013879  dMin=0.000000  dAvg=0.043674  dMax=3.552382  Dlo=0.021837  Dhi=1.798028  err=-1.000000  inc=-1.393022  bucket 0->0  (mf=1000)
[MF-SEL] tPrev=(  d=0.016531  dMin=0.000000  dAvg=0.043613  dMax=3.552382  Dlo=0.021806  Dhi=1.797997  err=-1.000000  inc=-1.395363  bucket 0->0  (mf=1000)
[MF-SEL] tPrev=(  d=0.014899  dMin=0.000000  dAvg=0.043548  dMax=3.552382  Dlo=0.021774  Dhi=1.797965  err=-1.000000  inc=-1.397997  bucket 0->0  (mf=1000)
[MF-SEL] tPrev=(  d=0.015343  dMin=0.000000  dAvg=0.043484  dMax=3.552382  Dlo=0.021742  Dhi=1.797933  err=-1.000000  inc=-1.400327  bucket 0->0  (mf=1000)
[MF-SEL] tPrev=(  d=0.015458  dMin=0.000000  dAvg=0.043421  dMax=3.552382  Dlo=0.021711  Dhi=1.797902  err=-1.000000  inc=-1.402709  bucket 0->0  (mf=1000)
[MF-SEL] tPrev=(  d=0.015387  dMin=0.000000  dAvg=0.043359  dMax=3.552382  Dlo=0.021679  Dhi=1.797870  err=-1.000000  inc=-1.404908  bucket 0->0  (mf=1000)
[MF-SEL] tPrev=(  d=0.015334  dMin=0.000000  dAvg=0.043296  dMax=3.552382  Dlo=0.021648  Dhi=1.797839  err=-1.000000  inc=-1.407301  bucket 0->0  (mf=1000)
[MF-SEL] tPrev=(  d=0.014691  dMin=0.000000  dAvg=0.043232  dMax=3.552382  Dlo=0.021616  Dhi=1.797807  err=-1.000000  inc=-1.409866  bucket 0->0  (mf=1000)
[MF-SEL] tPrev=(  d=0.014800  dMin=0.000000  dAvg=0.043169  dMax=3.552382  Dlo=0.021584  Dhi=1.797775  err=-1.000000  inc=-1.412126  bucket 0->0  (mf=1000)
[MF-SEL] tPrev=(  d=0.016007  dMin=0.000000  dAvg=0.043108  dMax=3.552382  Dlo=0.021554  Dhi=1.797745  err=-1.000000  inc=-1.414676  bucket 0->0  (mf=1000)
[MF-SEL] tPrev=(  d=0.016441  dMin=0.000000  dAvg=0.043049  dMax=3.552382  Dlo=0.021525  Dhi=1.797715  err=-1.000000  inc=-1.417063  bucket 0->0  (mf=1000)
[MF-SEL] tPrev=(  d=0.016126  dMin=0.000000  dAvg=0.042990  dMax=3.552382  Dlo=0.021495  Dhi=1.797686  err=-1.000000  inc=-1.419454  bucket 0->0  (mf=1000)
[MF-SEL] tPrev=(  d=0.014763  dMin=0.000000  dAvg=0.042927  dMax=3.552382  Dlo=0.021464  Dhi=1.797655  err=-1.000000  inc=-1.421936  bucket 0->0  (mf=1000)
[MF-SEL] tPrev=(  d=0.014247  dMin=0.000000  dAvg=0.042864  dMax=3.552382  Dlo=0.021432  Dhi=1.797623  err=-1.000000  inc=-1.424231  bucket 0->0  (mf=1000)
[MF-SEL] tPrev=(  d=0.013922  dMin=0.000000  dAvg=0.042801  dMax=3.552382  Dlo=0.021400  Dhi=1.797591  err=-1.000000  inc=-1.426784  bucket 0->0  (mf=1000)
[MF-SEL] tPrev=(  d=0.013595  dMin=0.000000  dAvg=0.042737  dMax=3.552382  Dlo=0.021368  Dhi=1.797559  err=-1.000000  inc=-1.429060  bucket 0->0  (mf=1000)
[MF-SEL] tPrev=(  d=0.013826  dMin=0.000000  dAvg=0.042673  dMax=3.552382  Dlo=0.021337  Dhi=1.797527  err=-1.000000  inc=-1.431554  bucket 0->0  (mf=1000)
[MF-SEL] tPrev=(  d=0.013975  dMin=0.000000  dAvg=0.042611  dMax=3.552382  Dlo=0.021305  Dhi=1.797496  err=-1.000000  inc=-1.434036  bucket 0->0  (mf=1000)
[MF-SEL] tPrev=(  d=0.014400  dMin=0.000000  dAvg=0.042549  dMax=3.552382  Dlo=0.021275  Dhi=1.797465  err=-1.000000  inc=-1.436462  bucket 0->0  (mf=1000)
[MF-SEL] tPrev=(  d=0.014392  dMin=0.000000  dAvg=0.042488  dMax=3.552382  Dlo=0.021244  Dhi=1.797435  err=-1.000000  inc=-1.438763  bucket 0->0  (mf=1000)
[MF-SEL] tPrev=(  d=0.014350  dMin=0.000000  dAvg=0.042427  dMax=3.552382  Dlo=0.021213  Dhi=1.797404  err=-1.000000  inc=-1.441202  bucket 0->0  (mf=1000)
[MF-SEL] tPrev=(  d=0.033648  dMin=0.000000  dAvg=0.042408  dMax=3.552382  Dlo=0.021204  Dhi=1.797395  err=0.000000  inc=-0.505960  bucket 0->0  (mf=1000)
[MF-SEL] tPrev=(  d=0.016059  dMin=0.000000  dAvg=0.042351  dMax=3.552382  Dlo=0.021175  Dhi=1.797366  err=-1.000000  inc=-1.779537  bucket 0->0  (mf=1000)
[MF-SEL] tPrev=(  d=0.017650  dMin=0.000000  dAvg=0.042298  dMax=3.552382  Dlo=0.021149  Dhi=1.797340  err=-1.000000  inc=-1.446176  bucket 0->0  (mf=1000)
[MF-SEL] tPrev=(  d=0.018109  dMin=0.000000  dAvg=0.042246  dMax=3.552382  Dlo=0.021123  Dhi=1.797314  err=-1.000000  inc=-1.448690  bucket 0->0  (mf=1000)
[MF-SEL] tPrev=(  d=0.018082  dMin=0.000000  dAvg=0.042194  dMax=3.552382  Dlo=0.021097  Dhi=1.797288  err=-1.000000  inc=-1.451195  bucket 0->0  (mf=1000)
[MF-SEL] tPrev=(  d=0.017358  dMin=0.000000  dAvg=0.042141  dMax=3.552382  Dlo=0.021070  Dhi=1.797261  err=-1.000000  inc=-1.453624  bucket 0->0  (mf=1000)
[MF-SEL] tPrev=(  d=0.016545  dMin=0.000000  dAvg=0.042086  dMax=3.552382  Dlo=0.021043  Dhi=1.797234  err=-1.000000  inc=-1.455919  bucket 0->0  (mf=1000)
[MF-SEL] tPrev=(  d=0.015716  dMin=0.000000  dAvg=0.042030  dMax=3.552382  Dlo=0.021015  Dhi=1.797206  err=-1.000000  inc=-1.458303  bucket 0->0  (mf=1000)
[MF-SEL] tPrev=(  d=0.014750  dMin=0.000000  dAvg=0.041972  dMax=3.552382  Dlo=0.020986  Dhi=1.797177  err=-1.000000  inc=-1.460633  bucket 0->0  (mf=1000)
[MF-SEL] tPrev=(  d=0.030086  dMin=0.000000  dAvg=0.041946  dMax=3.552382  Dlo=0.020973  Dhi=1.797164  err=0.000000  inc=-0.511469  bucket 0->0  (mf=1000)
[MF-SEL] tPrev=(  d=0.013726  dMin=0.000000  dAvg=0.041887  dMax=3.552382  Dlo=0.020943  Dhi=1.797134  err=-1.000000  inc=-1.800427  bucket 0->0  (mf=1000)
[MF-SEL] tPrev=(  d=0.013746  dMin=0.000000  dAvg=0.041827  dMax=3.552382  Dlo=0.020914  Dhi=1.797104  err=-1.000000  inc=-1.465426  bucket 0->0  (mf=1000)
[MF-SEL] tPrev=(  d=0.013932  dMin=0.000000  dAvg=0.041768  dMax=3.552382  Dlo=0.020884  Dhi=1.797075  err=-1.000000  inc=-1.467691  bucket 0->0  (mf=1000)
[MF-SEL] tPrev=(  d=0.014594  dMin=0.000000  dAvg=0.041711  dMax=3.552382  Dlo=0.020856  Dhi=1.797046  err=-1.000000  inc=-1.470123  bucket 0->0  (mf=1000)
[MF-SEL] tPrev=(  d=0.015977  dMin=0.000000  dAvg=0.041657  dMax=3.552382  Dlo=0.020829  Dhi=1.797019  err=-1.000000  inc=-1.472468  bucket 0->0  (mf=1000)
[MF-SEL] tPrev=(  d=0.017875  dMin=0.000000  dAvg=0.041607  dMax=3.552382  Dlo=0.020804  Dhi=1.796994  err=-1.000000  inc=-1.474836  bucket 0->0  (mf=1000)
[MF-SEL] tPrev=(  d=0.020036  dMin=0.000000  dAvg=0.041562  dMax=3.552382  Dlo=0.020781  Dhi=1.796972  err=-1.000000  inc=-1.477320  bucket 0->0  (mf=1000)
[MF-SEL] tPrev=(  d=0.021553  dMin=0.000000  dAvg=0.041520  dMax=3.552382  Dlo=0.020760  Dhi=1.796951  err=0.000000  inc=-0.529543  bucket 0->0  (mf=1000)
[MF-SEL] tPrev=(  d=0.022851  dMin=0.000000  dAvg=0.041481  dMax=3.552382  Dlo=0.020741  Dhi=1.796932  err=0.000000  inc=-0.877320  bucket 0->0  (mf=1000)
[MF-SEL] tPrev=(  d=0.023261  dMin=0.000000  dAvg=0.041444  dMax=3.552382  Dlo=0.020722  Dhi=1.796913  err=0.000000  inc=-0.877320  bucket 0->0  (mf=1000)
[MF-SEL] tPrev=(  d=0.025268  dMin=0.000000  dAvg=0.041410  dMax=3.552382  Dlo=0.020705  Dhi=1.796896  err=0.000000  inc=-0.877320  bucket 0->0  (mf=1000)
[MF-SEL] tPrev=(  d=0.025422  dMin=0.000000  dAvg=0.041377  dMax=3.552382  Dlo=0.020688  Dhi=1.796879  err=0.000000  inc=-0.877320  bucket 0->0  (mf=1000)
[MF-SEL] tPrev=(  d=0.025789  dMin=0.000000  dAvg=0.041345  dMax=3.552382  Dlo=0.020672  Dhi=1.796863  err=0.000000  inc=-0.877320  bucket 0->0  (mf=1000)
[MF-SEL] tPrev=(  d=0.025683  dMin=0.000000  dAvg=0.041312  dMax=3.552382  Dlo=0.020656  Dhi=1.796847  err=0.000000  inc=-0.877320  bucket 0->0  (mf=1000)
[MF-SEL] tPrev=(  d=0.025750  dMin=0.000000  dAvg=0.041280  dMax=3.552382  Dlo=0.020640  Dhi=1.796831  err=0.000000  inc=-0.877320  bucket 0->0  (mf=1000)
[MF-SEL] tPrev=(  d=0.015459  dMin=0.000000  dAvg=0.041227  dMax=3.552382  Dlo=0.020614  Dhi=1.796805  err=-1.000000  inc=-1.829810  bucket 0->0  (mf=1000)
[MF-SEL] tPrev=(  d=0.026191  dMin=0.000000  dAvg=0.041197  dMax=3.552382  Dlo=0.020598  Dhi=1.796789  err=0.000000  inc=-0.573238  bucket 0->0  (mf=1000)
[MF-SEL] tPrev=(  d=0.026753  dMin=0.000000  dAvg=0.041167  dMax=3.552382  Dlo=0.020583  Dhi=1.796774  err=0.000000  inc=-0.879605  bucket 0->0  (mf=1000)
[MF-SEL] tPrev=(  d=0.027796  dMin=0.000000  dAvg=0.041140  dMax=3.552382  Dlo=0.020570  Dhi=1.796761  err=0.000000  inc=-0.879605  bucket 0->0  (mf=1000)
[MF-SEL] tPrev=(  d=0.028324  dMin=0.000000  dAvg=0.041114  dMax=3.552382  Dlo=0.020557  Dhi=1.796748  err=0.000000  inc=-0.879605  bucket 0->0  (mf=1000)
[MF-SEL] tPrev=(  d=0.029771  dMin=0.000000  dAvg=0.041091  dMax=3.552382  Dlo=0.020545  Dhi=1.796736  err=0.000000  inc=-0.879605  bucket 0->0  (mf=1000)
start VIBA 1
[MF-SEL] tPrev=(  d=0.034868  dMin=0.000000  dAvg=0.041078  dMax=3.552382  Dlo=0.020539  Dhi=1.796730  err=0.000000  inc=-0.879605  bucket 0->0  (mf=1000)
end VIBA 1
[MF-SEL] tPrev=(  d=0.716917  dMin=0.000000  dAvg=0.042446  dMax=3.552382  Dlo=0.021223  Dhi=1.797414  err=0.000000  inc=-0.879605  bucket 0->0  (mf=1000)
[MF-SEL] tPrev=(  d=0.032534  dMin=0.000000  dAvg=0.042426  dMax=3.552382  Dlo=0.021213  Dhi=1.797404  err=0.000000  inc=-0.879605  bucket 0->0  (mf=1000)
[MF-SEL] tPrev=(  d=0.032982  dMin=0.000000  dAvg=0.042407  dMax=3.552382  Dlo=0.021203  Dhi=1.797394  err=0.000000  inc=-0.879605  bucket 0->0  (mf=1000)
[MF-SEL] tPrev=(  d=0.033705  dMin=0.000000  dAvg=0.042389  dMax=3.552382  Dlo=0.021195  Dhi=1.797386  err=0.000000  inc=-0.879605  bucket 0->0  (mf=1000)
[MF-SEL] tPrev=(  d=0.033754  dMin=0.000000  dAvg=0.042372  dMax=3.552382  Dlo=0.021186  Dhi=1.797377  err=0.000000  inc=-0.879605  bucket 0->0  (mf=1000)
[MF-SEL] tPrev=(  d=0.032923  dMin=0.000000  dAvg=0.042353  dMax=3.552382  Dlo=0.021177  Dhi=1.797367  err=0.000000  inc=-0.879605  bucket 0->0  (mf=1000)
[MF-SEL] tPrev=(  d=0.022144  dMin=0.000000  dAvg=0.042313  dMax=3.552382  Dlo=0.021156  Dhi=1.797347  err=0.000000  inc=-0.879605  bucket 0->0  (mf=1000)
[MF-SEL] tPrev=(  d=0.030757  dMin=0.000000  dAvg=0.042290  dMax=3.552382  Dlo=0.021145  Dhi=1.797336  err=0.000000  inc=-0.879605  bucket 0->0  (mf=1000)
[MF-SEL] tPrev=(  d=0.030379  dMin=0.000000  dAvg=0.042266  dMax=3.552382  Dlo=0.021133  Dhi=1.797324  err=0.000000  inc=-0.879605  bucket 0->0  (mf=1000)
[MF-SEL] tPrev=(  d=0.030140  dMin=0.000000  dAvg=0.042242  dMax=3.552382  Dlo=0.021121  Dhi=1.797312  err=0.000000  inc=-0.879605  bucket 0->0  (mf=1000)
[MF-SEL] tPrev=(  d=0.023913  dMin=0.000000  dAvg=0.042205  dMax=3.552382  Dlo=0.021103  Dhi=1.797294  err=0.000000  inc=-0.879605  bucket 0->0  (mf=1000)
[MF-SEL] tPrev=(  d=0.028463  dMin=0.000000  dAvg=0.042178  dMax=3.552382  Dlo=0.021089  Dhi=1.797280  err=0.000000  inc=-0.879605  bucket 0->0  (mf=1000)
[MF-SEL] tPrev=(  d=0.028448  dMin=0.000000  dAvg=0.042151  dMax=3.552382  Dlo=0.021076  Dhi=1.797266  err=0.000000  inc=-0.879605  bucket 0->0  (mf=1000)
[MF-SEL] tPrev=(  d=0.029016  dMin=0.000000  dAvg=0.042125  dMax=3.552382  Dlo=0.021063  Dhi=1.797253  err=0.000000  inc=-0.879605  bucket 0->0  (mf=1000)
[MF-SEL] tPrev=(  d=0.029224  dMin=0.000000  dAvg=0.042100  dMax=3.552382  Dlo=0.021050  Dhi=1.797241  err=0.000000  inc=-0.879605  bucket 0->0  (mf=1000)
[MF-SEL] tPrev=(  d=0.019874  dMin=0.000000  dAvg=0.042056  dMax=3.552382  Dlo=0.021028  Dhi=1.797219  err=-1.000000  inc=-1.835126  bucket 0->0  (mf=1000)
[MF-SEL] tPrev=(  d=0.030069  dMin=0.000000  dAvg=0.042033  dMax=3.552382  Dlo=0.021016  Dhi=1.797207  err=0.000000  inc=-0.579384  bucket 0->0  (mf=1000)
[MF-SEL] tPrev=(  d=0.030210  dMin=0.000000  dAvg=0.042010  dMax=3.552382  Dlo=0.021005  Dhi=1.797196  err=0.000000  inc=-0.881869  bucket 0->0  (mf=1000)
[MF-SEL] tPrev=(  d=0.029922  dMin=0.000000  dAvg=0.041986  dMax=3.552382  Dlo=0.020993  Dhi=1.797184  err=0.000000  inc=-0.881869  bucket 0->0  (mf=1000)
[MF-SEL] tPrev=(  d=0.029672  dMin=0.000000  dAvg=0.041962  dMax=3.552382  Dlo=0.020981  Dhi=1.797172  err=0.000000  inc=-0.881869  bucket 0->0  (mf=1000)
[MF-SEL] tPrev=(  d=0.028915  dMin=0.000000  dAvg=0.041937  dMax=3.552382  Dlo=0.020968  Dhi=1.797159  err=0.000000  inc=-0.881869  bucket 0->0  (mf=1000)
[MF-SEL] tPrev=(  d=0.030164  dMin=0.000000  dAvg=0.041914  dMax=3.552382  Dlo=0.020957  Dhi=1.797148  err=0.000000  inc=-0.881869  bucket 0->0  (mf=1000)
[MF-SEL] tPrev=(  d=0.029899  dMin=0.000000  dAvg=0.041890  dMax=3.552382  Dlo=0.020945  Dhi=1.797136  err=0.000000  inc=-0.881869  bucket 0->0  (mf=1000)
[MF-SEL] tPrev=(  d=0.027764  dMin=0.000000  dAvg=0.041863  dMax=3.552382  Dlo=0.020932  Dhi=1.797122  err=0.000000  inc=-0.881869  bucket 0->0  (mf=1000)
[MF-SEL] tPrev=(  d=0.029705  dMin=0.000000  dAvg=0.041840  dMax=3.552382  Dlo=0.020920  Dhi=1.797111  err=0.000000  inc=-0.881869  bucket 0->0  (mf=1000)
[MF-SEL] tPrev=(  d=0.030184  dMin=0.000000  dAvg=0.041817  dMax=3.552382  Dlo=0.020909  Dhi=1.797099  err=0.000000  inc=-0.881869  bucket 0->0  (mf=1000)
[MF-SEL] tPrev=(  d=0.030284  dMin=0.000000  dAvg=0.041795  dMax=3.552382  Dlo=0.020897  Dhi=1.797088  err=0.000000  inc=-0.881869  bucket 0->0  (mf=1000)
[MF-SEL] tPrev=(  d=0.029602  dMin=0.000000  dAvg=0.041772  dMax=3.552382  Dlo=0.020886  Dhi=1.797077  err=0.000000  inc=-0.881869  bucket 0->0  (mf=1000)
[MF-SEL] tPrev=(  d=0.031500  dMin=0.000000  dAvg=0.041752  dMax=3.552382  Dlo=0.020876  Dhi=1.797067  err=0.000000  inc=-0.881869  bucket 0->0  (mf=1000)
[MF-SEL] tPrev=(  d=0.032390  dMin=0.000000  dAvg=0.041734  dMax=3.552382  Dlo=0.020867  Dhi=1.797058  err=0.000000  inc=-0.881869  bucket 0->0  (mf=1000)
[MF-SEL] tPrev=(  d=0.033284  dMin=0.000000  dAvg=0.041718  dMax=3.552382  Dlo=0.020859  Dhi=1.797050  err=0.000000  inc=-0.881869  bucket 0->0  (mf=1000)
[MF-SEL] tPrev=(  d=0.040003  dMin=0.000000  dAvg=0.041715  dMax=3.552382  Dlo=0.020857  Dhi=1.797048  err=0.000000  inc=-0.881869  bucket 0->0  (mf=1000)
[MF-SEL] tPrev=(  d=0.035057  dMin=0.000000  dAvg=0.041702  dMax=3.552382  Dlo=0.020851  Dhi=1.797042  err=0.000000  inc=-0.881869  bucket 0->0  (mf=1000)
[MF-SEL] tPrev=(  d=0.035700  dMin=0.000000  dAvg=0.041691  dMax=3.552382  Dlo=0.020845  Dhi=1.797036  err=0.000000  inc=-0.881869  bucket 0->0  (mf=1000)
[MF-SEL] tPrev=(  d=0.035889  dMin=0.000000  dAvg=0.041680  dMax=3.552382  Dlo=0.020840  Dhi=1.797031  err=0.000000  inc=-0.881869  bucket 0->0  (mf=1000)
[MF-SEL] tPrev=(  d=0.036427  dMin=0.000000  dAvg=0.041670  dMax=3.552382  Dlo=0.020835  Dhi=1.797026  err=0.000000  inc=-0.881869  bucket 0->0  (mf=1000)
[MF-SEL] tPrev=(  d=0.036860  dMin=0.000000  dAvg=0.041661  dMax=3.552382  Dlo=0.020830  Dhi=1.797021  err=0.000000  inc=-0.881869  bucket 0->0  (mf=1000)
[MF-SEL] tPrev=(  d=0.056699  dMin=0.000000  dAvg=0.041689  dMax=3.552382  Dlo=0.020844  Dhi=1.797035  err=0.000000  inc=-0.881869  bucket 0->0  (mf=1000)
[MF-SEL] tPrev=(  d=0.037856  dMin=0.000000  dAvg=0.041682  dMax=3.552382  Dlo=0.020841  Dhi=1.797032  err=0.000000  inc=-0.881869  bucket 0->0  (mf=1000)
[MF-SEL] tPrev=(  d=0.037682  dMin=0.000000  dAvg=0.041674  dMax=3.552382  Dlo=0.020837  Dhi=1.797028  err=0.000000  inc=-0.881869  bucket 0->0  (mf=1000)
[MF-SEL] tPrev=(  d=0.044957  dMin=0.000000  dAvg=0.041680  dMax=3.552382  Dlo=0.020840  Dhi=1.797031  err=0.000000  inc=-0.881869  bucket 0->0  (mf=1000)
[MF-SEL] tPrev=(  d=0.037290  dMin=0.000000  dAvg=0.041672  dMax=3.552382  Dlo=0.020836  Dhi=1.797027  err=0.000000  inc=-0.881869  bucket 0->0  (mf=1000)
[MF-SEL] tPrev=(  d=0.037173  dMin=0.000000  dAvg=0.041664  dMax=3.552382  Dlo=0.020832  Dhi=1.797023  err=0.000000  inc=-0.881869  bucket 0->0  (mf=1000)
[MF-SEL] tPrev=(  d=0.037325  dMin=0.000000  dAvg=0.041656  dMax=3.552382  Dlo=0.020828  Dhi=1.797019  err=0.000000  inc=-0.881869  bucket 0->0  (mf=1000)
[MF-SEL] tPrev=(  d=0.037519  dMin=0.000000  dAvg=0.041648  dMax=3.552382  Dlo=0.020824  Dhi=1.797015  err=0.000000  inc=-0.881869  bucket 0->0  (mf=1000)
[MF-SEL] tPrev=(  d=0.038110  dMin=0.000000  dAvg=0.041641  dMax=3.552382  Dlo=0.020821  Dhi=1.797012  err=0.000000  inc=-0.881869  bucket 0->0  (mf=1000)
[MF-SEL] tPrev=(  d=0.038867  dMin=0.000000  dAvg=0.041636  dMax=3.552382  Dlo=0.020818  Dhi=1.797009  err=0.000000  inc=-0.881869  bucket 0->0  (mf=1000)
[MF-SEL] tPrev=(  d=0.039925  dMin=0.000000  dAvg=0.041633  dMax=3.552382  Dlo=0.020817  Dhi=1.797007  err=0.000000  inc=-0.881869  bucket 0->0  (mf=1000)
[MF-SEL] tPrev=(  d=0.082972  dMin=0.000000  dAvg=0.041709  dMax=3.552382  Dlo=0.020855  Dhi=1.797046  err=0.000000  inc=-0.881869  bucket 0->0  (mf=1000)
[MF-SEL] tPrev=(  d=0.044525  dMin=0.000000  dAvg=0.041715  dMax=3.552382  Dlo=0.020857  Dhi=1.797048  err=0.000000  inc=-0.881869  bucket 0->0  (mf=1000)
[MF-SEL] tPrev=(  d=0.046175  dMin=0.000000  dAvg=0.041723  dMax=3.552382  Dlo=0.020861  Dhi=1.797052  err=0.000000  inc=-0.881869  bucket 0->0  (mf=1000)
[MF-SEL] tPrev=(  d=0.048547  dMin=0.000000  dAvg=0.041735  dMax=3.552382  Dlo=0.020868  Dhi=1.797059  err=0.000000  inc=-0.881869  bucket 0->0  (mf=1000)
[MF-SEL] tPrev=(  d=0.050631  dMin=0.000000  dAvg=0.041752  dMax=3.552382  Dlo=0.020876  Dhi=1.797067  err=0.000000  inc=-0.881869  bucket 0->0  (mf=1000)
[MF-SEL] tPrev=(  d=0.052115  dMin=0.000000  dAvg=0.041770  dMax=3.552382  Dlo=0.020885  Dhi=1.797076  err=0.000000  inc=-0.881869  bucket 0->0  (mf=1000)
[MF-SEL] tPrev=(  d=0.070253  dMin=0.000000  dAvg=0.041822  dMax=3.552382  Dlo=0.020911  Dhi=1.797102  err=0.000000  inc=-0.881869  bucket 0->0  (mf=1000)
[MF-SEL] tPrev=(  d=0.055091  dMin=0.000000  dAvg=0.041847  dMax=3.552382  Dlo=0.020923  Dhi=1.797114  err=0.000000  inc=-0.881869  bucket 0->0  (mf=1000)
[MF-SEL] tPrev=(  d=0.055780  dMin=0.000000  dAvg=0.041872  dMax=3.552382  Dlo=0.020936  Dhi=1.797127  err=0.000000  inc=-0.881869  bucket 0->0  (mf=1000)
[MF-SEL] tPrev=(  d=0.056784  dMin=0.000000  dAvg=0.041899  dMax=3.552382  Dlo=0.020950  Dhi=1.797140  err=0.000000  inc=-0.881869  bucket 0->0  (mf=1000)
[MF-SEL] tPrev=(  d=0.056961  dMin=0.000000  dAvg=0.041926  dMax=3.552382  Dlo=0.020963  Dhi=1.797154  err=0.000000  inc=-0.881869  bucket 0->0  (mf=1000)
[MF-SEL] tPrev=(  d=0.057224  dMin=0.000000  dAvg=0.041954  dMax=3.552382  Dlo=0.020977  Dhi=1.797168  err=0.000000  inc=-0.881869  bucket 0->0  (mf=1000)
[MF-SEL] tPrev=(  d=0.057435  dMin=0.000000  dAvg=0.041982  dMax=3.552382  Dlo=0.020991  Dhi=1.797182  err=0.000000  inc=-0.881869  bucket 0->0  (mf=1000)
[MF-SEL] tPrev=(  d=0.070727  dMin=0.000000  dAvg=0.042034  dMax=3.552382  Dlo=0.021017  Dhi=1.797208  err=0.000000  inc=-0.881869  bucket 0->0  (mf=1000)
[MF-SEL] tPrev=(  d=0.057371  dMin=0.000000  dAvg=0.042061  dMax=3.552382  Dlo=0.021031  Dhi=1.797222  err=0.000000  inc=-0.881869  bucket 0->0  (mf=1000)
[MF-SEL] tPrev=(  d=0.058430  dMin=0.000000  dAvg=0.042091  dMax=3.552382  Dlo=0.021045  Dhi=1.797236  err=0.000000  inc=-0.881869  bucket 0->0  (mf=1000)
[MF-SEL] tPrev=(  d=0.032965  dMin=0.000000  dAvg=0.042074  dMax=3.552382  Dlo=0.021037  Dhi=1.797228  err=0.000000  inc=-0.881869  bucket 0->0  (mf=1000)
[MF-SEL] tPrev=(  d=0.057302  dMin=0.000000  dAvg=0.042102  dMax=3.552382  Dlo=0.021051  Dhi=1.797242  err=0.000000  inc=-0.881869  bucket 0->0  (mf=1000)
[MF-SEL] tPrev=(  d=0.057444  dMin=0.000000  dAvg=0.042129  dMax=3.552382  Dlo=0.021064  Dhi=1.797255  err=0.000000  inc=-0.881869  bucket 0->0  (mf=1000)
[MF-SEL] tPrev=(  d=0.067037  dMin=0.000000  dAvg=0.042173  dMax=3.552382  Dlo=0.021087  Dhi=1.797278  err=0.000000  inc=-0.881869  bucket 0->0  (mf=1000)
[MF-SEL] tPrev=(  d=0.058362  dMin=0.000000  dAvg=0.042202  dMax=3.552382  Dlo=0.021101  Dhi=1.797292  err=0.000000  inc=-0.881869  bucket 0->0  (mf=1000)
[MF-SEL] tPrev=(  d=0.058777  dMin=0.000000  dAvg=0.042232  dMax=3.552382  Dlo=0.021116  Dhi=1.797307  err=0.000000  inc=-0.881869  bucket 0->0  (mf=1000)
[MF-SEL] tPrev=(  d=0.064814  dMin=0.000000  dAvg=0.042272  dMax=3.552382  Dlo=0.021136  Dhi=1.797327  err=0.000000  inc=-0.881869  bucket 0->0  (mf=1000)
[MF-SEL] tPrev=(  d=0.060189  dMin=0.000000  dAvg=0.042303  dMax=3.552382  Dlo=0.021152  Dhi=1.797343  err=0.000000  inc=-0.881869  bucket 0->0  (mf=1000)
[MF-SEL] tPrev=(  d=0.060476  dMin=0.000000  dAvg=0.042335  dMax=3.552382  Dlo=0.021168  Dhi=1.797359  err=0.000000  inc=-0.881869  bucket 0->0  (mf=1000)
[MF-SEL] tPrev=(  d=0.060557  dMin=0.000000  dAvg=0.042368  dMax=3.552382  Dlo=0.021184  Dhi=1.797375  err=0.000000  inc=-0.881869  bucket 0->0  (mf=1000)
[MF-SEL] tPrev=(  d=0.060725  dMin=0.000000  dAvg=0.042400  dMax=3.552382  Dlo=0.021200  Dhi=1.797391  err=0.000000  inc=-0.881869  bucket 0->0  (mf=1000)
[MF-SEL] tPrev=(  d=0.057776  dMin=0.000000  dAvg=0.042427  dMax=3.552382  Dlo=0.021213  Dhi=1.797404  err=0.000000  inc=-0.881869  bucket 0->0  (mf=1000)
[MF-SEL] tPrev=(  d=0.061807  dMin=0.000000  dAvg=0.042461  dMax=3.552382  Dlo=0.021230  Dhi=1.797421  err=0.000000  inc=-0.881869  bucket 0->0  (mf=1000)
[MF-SEL] tPrev=(  d=0.062239  dMin=0.000000  dAvg=0.042496  dMax=3.552382  Dlo=0.021248  Dhi=1.797439  err=0.000000  inc=-0.881869  bucket 0->0  (mf=1000)
[MF-SEL] tPrev=(  d=0.054310  dMin=0.000000  dAvg=0.042516  dMax=3.552382  Dlo=0.021258  Dhi=1.797449  err=0.000000  inc=-0.881869  bucket 0->0  (mf=1000)
[MF-SEL] tPrev=(  d=0.061692  dMin=0.000000  dAvg=0.042550  dMax=3.552382  Dlo=0.021275  Dhi=1.797466  err=0.000000  inc=-0.881869  bucket 0->0  (mf=1000)
[MF-SEL] tPrev=(  d=0.061488  dMin=0.000000  dAvg=0.042583  dMax=3.552382  Dlo=0.021291  Dhi=1.797482  err=0.000000  inc=-0.881869  bucket 0->0  (mf=1000)
[MF-SEL] tPrev=(  d=0.061719  dMin=0.000000  dAvg=0.042616  dMax=3.552382  Dlo=0.021308  Dhi=1.797499  err=0.000000  inc=-0.881869  bucket 0->0  (mf=1000)
[MF-SEL] tPrev=(  d=0.062118  dMin=0.000000  dAvg=0.042650  dMax=3.552382  Dlo=0.021325  Dhi=1.797516  err=0.000000  inc=-0.881869  bucket 0->0  (mf=1000)
[MF-SEL] tPrev=(  d=0.057552  dMin=0.000000  dAvg=0.042676  dMax=3.552382  Dlo=0.021338  Dhi=1.797529  err=0.000000  inc=-0.881869  bucket 0->0  (mf=1000)
[MF-SEL] tPrev=(  d=0.063497  dMin=0.000000  dAvg=0.042712  dMax=3.552382  Dlo=0.021356  Dhi=1.797547  err=0.000000  inc=-0.881869  bucket 0->0  (mf=1000)
[MF-SEL] tPrev=(  d=0.064427  dMin=0.000000  dAvg=0.042749  dMax=3.552382  Dlo=0.021375  Dhi=1.797565  err=0.000000  inc=-0.881869  bucket 0->0  (mf=1000)
[MF-SEL] tPrev=(  d=0.065349  dMin=0.000000  dAvg=0.042788  dMax=3.552382  Dlo=0.021394  Dhi=1.797585  err=0.000000  inc=-0.881869  bucket 0->0  (mf=1000)
[MF-SEL] tPrev=(  d=0.066775  dMin=0.000000  dAvg=0.042829  dMax=3.552382  Dlo=0.021415  Dhi=1.797606  err=0.000000  inc=-0.881869  bucket 0->0  (mf=1000)
[MF-SEL] tPrev=(  d=0.074074  dMin=0.000000  dAvg=0.042883  dMax=3.552382  Dlo=0.021442  Dhi=1.797632  err=0.000000  inc=-0.881869  bucket 0->0  (mf=1000)
[MF-SEL] tPrev=(  d=0.068487  dMin=0.000000  dAvg=0.042927  dMax=3.552382  Dlo=0.021464  Dhi=1.797654  err=0.000000  inc=-0.881869  bucket 0->0  (mf=1000)
[MF-SEL] tPrev=(  d=0.068753  dMin=0.000000  dAvg=0.042971  dMax=3.552382  Dlo=0.021486  Dhi=1.797677  err=0.000000  inc=-0.881869  bucket 0->0  (mf=1000)
[MF-SEL] tPrev=(  d=0.069156  dMin=0.000000  dAvg=0.043016  dMax=3.552382  Dlo=0.021508  Dhi=1.797699  err=0.000000  inc=-0.881869  bucket 0->0  (mf=1000)
[MF-SEL] tPrev=(  d=0.068011  dMin=0.000000  dAvg=0.043059  dMax=3.552382  Dlo=0.021529  Dhi=1.797720  err=0.000000  inc=-0.881869  bucket 0->0  (mf=1000)
[MF-SEL] tPrev=(  d=0.069520  dMin=0.000000  dAvg=0.043104  dMax=3.552382  Dlo=0.021552  Dhi=1.797743  err=0.000000  inc=-0.881869  bucket 0->0  (mf=1000)
[MF-SEL] tPrev=(  d=0.069976  dMin=0.000000  dAvg=0.043149  dMax=3.552382  Dlo=0.021575  Dhi=1.797766  err=0.000000  inc=-0.881869  bucket 0->0  (mf=1000)
[MF-SEL] tPrev=(  d=0.053869  dMin=0.000000  dAvg=0.043168  dMax=3.552382  Dlo=0.021584  Dhi=1.797775  err=0.000000  inc=-0.881869  bucket 0->0  (mf=1000)
[MF-SEL] tPrev=(  d=0.070252  dMin=0.000000  dAvg=0.043214  dMax=3.552382  Dlo=0.021607  Dhi=1.797798  err=0.000000  inc=-0.881869  bucket 0->0  (mf=1000)
[MF-SEL] tPrev=(  d=0.070688  dMin=0.000000  dAvg=0.043260  dMax=3.552382  Dlo=0.021630  Dhi=1.797821  err=0.000000  inc=-0.881869  bucket 0->0  (mf=1000)
[MF-SEL] tPrev=(  d=0.068864  dMin=0.000000  dAvg=0.043303  dMax=3.552382  Dlo=0.021652  Dhi=1.797843  err=0.000000  inc=-0.881869  bucket 0->0  (mf=1000)
[MF-SEL] tPrev=(  d=0.071360  dMin=0.000000  dAvg=0.043351  dMax=3.552382  Dlo=0.021675  Dhi=1.797866  err=0.000000  inc=-0.881869  bucket 0->0  (mf=1000)
[MF-SEL] tPrev=(  d=0.071715  dMin=0.000000  dAvg=0.043398  dMax=3.552382  Dlo=0.021699  Dhi=1.797890  err=0.000000  inc=-0.881869  bucket 0->0  (mf=1000)
[MF-SEL] tPrev=(  d=0.071889  dMin=0.000000  dAvg=0.043446  dMax=3.552382  Dlo=0.021723  Dhi=1.797914  err=0.000000  inc=-0.881869  bucket 0->0  (mf=1000)
[MF-SEL] tPrev=(  d=0.071211  dMin=0.000000  dAvg=0.043493  dMax=3.552382  Dlo=0.021746  Dhi=1.797937  err=0.000000  inc=-0.881869  bucket 0->0  (mf=1000)
[MF-SEL] tPrev=(  d=0.071293  dMin=0.000000  dAvg=0.043539  dMax=3.552382  Dlo=0.021770  Dhi=1.797961  err=0.000000  inc=-0.881869  bucket 0->0  (mf=1000)
[MF-SEL] tPrev=(  d=0.061455  dMin=0.000000  dAvg=0.043569  dMax=3.552382  Dlo=0.021785  Dhi=1.797976  err=0.000000  inc=-0.881869  bucket 0->0  (mf=1000)
[MF-SEL] tPrev=(  d=0.070648  dMin=0.000000  dAvg=0.043615  dMax=3.552382  Dlo=0.021807  Dhi=1.797998  err=0.000000  inc=-0.881869  bucket 0->0  (mf=1000)
[MF-SEL] tPrev=(  d=0.070957  dMin=0.000000  dAvg=0.043660  dMax=3.552382  Dlo=0.021830  Dhi=1.798021  err=0.000000  inc=-0.881869  bucket 0->0  (mf=1000)
[MF-SEL] tPrev=(  d=0.070754  dMin=0.000000  dAvg=0.043705  dMax=3.552382  Dlo=0.021853  Dhi=1.798043  err=0.000000  inc=-0.881869  bucket 0->0  (mf=1000)
[MF-SEL] tPrev=(  d=0.074885  dMin=0.000000  dAvg=0.043757  dMax=3.552382  Dlo=0.021879  Dhi=1.798069  err=0.000000  inc=-0.881869  bucket 0->0  (mf=1000)
[MF-SEL] tPrev=(  d=0.070310  dMin=0.000000  dAvg=0.043801  dMax=3.552382  Dlo=0.021901  Dhi=1.798091  err=0.000000  inc=-0.881869  bucket 0->0  (mf=1000)
[MF-SEL] tPrev=(  d=0.069128  dMin=0.000000  dAvg=0.043843  dMax=3.552382  Dlo=0.021921  Dhi=1.798112  err=0.000000  inc=-0.881869  bucket 0->0  (mf=1000)
[MF-SEL] tPrev=(  d=0.068182  dMin=0.000000  dAvg=0.043883  dMax=3.552382  Dlo=0.021942  Dhi=1.798132  err=0.000000  inc=-0.881869  bucket 0->0  (mf=1000)
[MF-SEL] tPrev=(  d=0.070456  dMin=0.000000  dAvg=0.043927  dMax=3.552382  Dlo=0.021964  Dhi=1.798154  err=0.000000  inc=-0.881869  bucket 0->0  (mf=1000)
[MF-SEL] tPrev=(  d=0.066177  dMin=0.000000  dAvg=0.043964  dMax=3.552382  Dlo=0.021982  Dhi=1.798173  err=0.000000  inc=-0.881869  bucket 0->0  (mf=1000)
[MF-SEL] tPrev=(  d=0.065710  dMin=0.000000  dAvg=0.043999  dMax=3.552382  Dlo=0.022000  Dhi=1.798191  err=0.000000  inc=-0.881869  bucket 0->0  (mf=1000)
[MF-SEL] tPrev=(  d=0.065430  dMin=0.000000  dAvg=0.044035  dMax=3.552382  Dlo=0.022017  Dhi=1.798208  err=0.000000  inc=-0.881869  bucket 0->0  (mf=1000)
[MF-SEL] tPrev=(  d=0.045148  dMin=0.000000  dAvg=0.044036  dMax=3.552382  Dlo=0.022018  Dhi=1.798209  err=0.000000  inc=-0.881869  bucket 0->0  (mf=1000)
[MF-SEL] tPrev=(  d=0.063926  dMin=0.000000  dAvg=0.044069  dMax=3.552382  Dlo=0.022035  Dhi=1.798225  err=0.000000  inc=-0.881869  bucket 0->0  (mf=1000)
[MF-SEL] tPrev=(  d=0.065631  dMin=0.000000  dAvg=0.044104  dMax=3.552382  Dlo=0.022052  Dhi=1.798243  err=0.000000  inc=-0.881869  bucket 0->0  (mf=1000)
[MF-SEL] tPrev=(  d=0.066956  dMin=0.000000  dAvg=0.044142  dMax=3.552382  Dlo=0.022071  Dhi=1.798262  err=0.000000  inc=-0.881869  bucket 0->0  (mf=1000)
[MF-SEL] tPrev=(  d=0.068266  dMin=0.000000  dAvg=0.044181  dMax=3.552382  Dlo=0.022090  Dhi=1.798281  err=0.000000  inc=-0.881869  bucket 0->0  (mf=1000)
[MF-SEL] tPrev=(  d=0.069733  dMin=0.000000  dAvg=0.044222  dMax=3.552382  Dlo=0.022111  Dhi=1.798302  err=0.000000  inc=-0.881869  bucket 0->0  (mf=1000)
[MF-SEL] tPrev=(  d=0.070140  dMin=0.000000  dAvg=0.044264  dMax=3.552382  Dlo=0.022132  Dhi=1.798323  err=0.000000  inc=-0.881869  bucket 0->0  (mf=1000)
[MF-SEL] tPrev=(  d=0.077456  dMin=0.000000  dAvg=0.044318  dMax=3.552382  Dlo=0.022159  Dhi=1.798350  err=0.000000  inc=-0.881869  bucket 0->0  (mf=1000)
[MF-SEL] tPrev=(  d=0.073775  dMin=0.000000  dAvg=0.044366  dMax=3.552382  Dlo=0.022183  Dhi=1.798374  err=0.000000  inc=-0.881869  bucket 0->0  (mf=1000)
[MF-SEL] tPrev=(  d=0.075267  dMin=0.000000  dAvg=0.044416  dMax=3.552382  Dlo=0.022208  Dhi=1.798399  err=0.000000  inc=-0.881869  bucket 0->0  (mf=1000)
[MF-SEL] tPrev=(  d=0.076608  dMin=0.000000  dAvg=0.044468  dMax=3.552382  Dlo=0.022234  Dhi=1.798425  err=0.000000  inc=-0.881869  bucket 0->0  (mf=1000)
[MF-SEL] tPrev=(  d=0.049776  dMin=0.000000  dAvg=0.044476  dMax=3.552382  Dlo=0.022238  Dhi=1.798429  err=0.000000  inc=-0.881869  bucket 0->0  (mf=1000)
[MF-SEL] tPrev=(  d=0.077870  dMin=0.000000  dAvg=0.044530  dMax=3.552382  Dlo=0.022265  Dhi=1.798456  err=0.000000  inc=-0.881869  bucket 0->0  (mf=1000)
[MF-SEL] tPrev=(  d=0.077798  dMin=0.000000  dAvg=0.044583  dMax=3.552382  Dlo=0.022292  Dhi=1.798483  err=0.000000  inc=-0.881869  bucket 0->0  (mf=1000)
[MF-SEL] tPrev=(  d=0.058340  dMin=0.000000  dAvg=0.044605  dMax=3.552382  Dlo=0.022303  Dhi=1.798494  err=0.000000  inc=-0.881869  bucket 0->0  (mf=1000)
[MF-SEL] tPrev=(  d=0.078105  dMin=0.000000  dAvg=0.044659  dMax=3.552382  Dlo=0.022330  Dhi=1.798520  err=0.000000  inc=-0.881869  bucket 0->0  (mf=1000)
[MF-SEL] tPrev=(  d=0.078114  dMin=0.000000  dAvg=0.044713  dMax=3.552382  Dlo=0.022356  Dhi=1.798547  err=0.000000  inc=-0.881869  bucket 0->0  (mf=1000)
[MF-SEL] tPrev=(  d=0.077686  dMin=0.000000  dAvg=0.044765  dMax=3.552382  Dlo=0.022383  Dhi=1.798573  err=0.000000  inc=-0.881869  bucket 0->0  (mf=1000)
[MF-SEL] tPrev=(  d=0.086152  dMin=0.000000  dAvg=0.044831  dMax=3.552382  Dlo=0.022415  Dhi=1.798606  err=0.000000  inc=-0.881869  bucket 0->0  (mf=1000)
[MF-SEL] tPrev=(  d=0.075051  dMin=0.000000  dAvg=0.044879  dMax=3.552382  Dlo=0.022440  Dhi=1.798630  err=0.000000  inc=-0.881869  bucket 0->0  (mf=1000)
[MF-SEL] tPrev=(  d=0.072905  dMin=0.000000  dAvg=0.044924  dMax=3.552382  Dlo=0.022462  Dhi=1.798653  err=0.000000  inc=-0.881869  bucket 0->0  (mf=1000)
[MF-SEL] tPrev=(  d=0.050619  dMin=0.000000  dAvg=0.044933  dMax=3.552382  Dlo=0.022466  Dhi=1.798657  err=0.000000  inc=-0.881869  bucket 0->0  (mf=1000)
[MF-SEL] tPrev=(  d=0.066561  dMin=0.000000  dAvg=0.044967  dMax=3.552382  Dlo=0.022483  Dhi=1.798674  err=0.000000  inc=-0.881869  bucket 0->0  (mf=1000)
[MF-SEL] tPrev=(  d=0.063725  dMin=0.000000  dAvg=0.044996  dMax=3.552382  Dlo=0.022498  Dhi=1.798689  err=0.000000  inc=-0.881869  bucket 0->0  (mf=1000)
[MF-SEL] tPrev=(  d=0.054881  dMin=0.000000  dAvg=0.045012  dMax=3.552382  Dlo=0.022506  Dhi=1.798697  err=0.000000  inc=-0.881869  bucket 0->0  (mf=1000)
[MF-SEL] tPrev=(  d=0.058140  dMin=0.000000  dAvg=0.045033  dMax=3.552382  Dlo=0.022516  Dhi=1.798707  err=0.000000  inc=-0.881869  bucket 0->0  (mf=1000)
[MF-SEL] tPrev=(  d=0.056547  dMin=0.000000  dAvg=0.045051  dMax=3.552382  Dlo=0.022525  Dhi=1.798716  err=0.000000  inc=-0.881869  bucket 0->0  (mf=1000)
[MF-SEL] tPrev=(  d=0.055524  dMin=0.000000  dAvg=0.045067  dMax=3.552382  Dlo=0.022534  Dhi=1.798724  err=0.000000  inc=-0.881869  bucket 0->0  (mf=1000)
[MF-SEL] tPrev=(  d=0.054877  dMin=0.000000  dAvg=0.045083  dMax=3.552382  Dlo=0.022541  Dhi=1.798732  err=0.000000  inc=-0.881869  bucket 0->0  (mf=1000)
[MF-SEL] tPrev=(  d=0.054670  dMin=0.000000  dAvg=0.045098  dMax=3.552382  Dlo=0.022549  Dhi=1.798740  err=0.000000  inc=-0.881869  bucket 0->0  (mf=1000)
[MF-SEL] tPrev=(  d=0.056354  dMin=0.000000  dAvg=0.045115  dMax=3.552382  Dlo=0.022558  Dhi=1.798748  err=0.000000  inc=-0.881869  bucket 0->0  (mf=1000)
[MF-SEL] tPrev=(  d=0.056195  dMin=0.000000  dAvg=0.045132  dMax=3.552382  Dlo=0.022566  Dhi=1.798757  err=0.000000  inc=-0.881869  bucket 0->0  (mf=1000)
[MF-SEL] tPrev=(  d=0.057197  dMin=0.000000  dAvg=0.045151  dMax=3.552382  Dlo=0.022576  Dhi=1.798767  err=0.000000  inc=-0.881869  bucket 0->0  (mf=1000)
[MF-SEL] tPrev=(  d=0.058073  dMin=0.000000  dAvg=0.045171  dMax=3.552382  Dlo=0.022586  Dhi=1.798777  err=0.000000  inc=-0.881869  bucket 0->0  (mf=1000)
[MF-SEL] tPrev=(  d=0.059251  dMin=0.000000  dAvg=0.045193  dMax=3.552382  Dlo=0.022597  Dhi=1.798787  err=0.000000  inc=-0.881869  bucket 0->0  (mf=1000)
[MF-SEL] tPrev=(  d=0.059767  dMin=0.000000  dAvg=0.045216  dMax=3.552382  Dlo=0.022608  Dhi=1.798799  err=0.000000  inc=-0.881869  bucket 0->0  (mf=1000)
[MF-SEL] tPrev=(  d=0.060231  dMin=0.000000  dAvg=0.045239  dMax=3.552382  Dlo=0.022620  Dhi=1.798810  err=0.000000  inc=-0.881869  bucket 0->0  (mf=1000)
[MF-SEL] tPrev=(  d=0.059893  dMin=0.000000  dAvg=0.045262  dMax=3.552382  Dlo=0.022631  Dhi=1.798822  err=0.000000  inc=-0.881869  bucket 0->0  (mf=1000)
[MF-SEL] tPrev=(  d=0.062115  dMin=0.000000  dAvg=0.045288  dMax=3.552382  Dlo=0.022644  Dhi=1.798835  err=0.000000  inc=-0.881869  bucket 0->0  (mf=1000)
[MF-SEL] tPrev=(  d=0.062979  dMin=0.000000  dAvg=0.045315  dMax=3.552382  Dlo=0.022657  Dhi=1.798848  err=0.000000  inc=-0.881869  bucket 0->0  (mf=1000)
[MF-SEL] tPrev=(  d=0.063457  dMin=0.000000  dAvg=0.045343  dMax=3.552382  Dlo=0.022671  Dhi=1.798862  err=0.000000  inc=-0.881869  bucket 0->0  (mf=1000)
[MF-SEL] tPrev=(  d=0.068938  dMin=0.000000  dAvg=0.045379  dMax=3.552382  Dlo=0.022690  Dhi=1.798880  err=0.000000  inc=-0.881869  bucket 0->0  (mf=1000)
[MF-SEL] tPrev=(  d=0.064099  dMin=0.000000  dAvg=0.045408  dMax=3.552382  Dlo=0.022704  Dhi=1.798895  err=0.000000  inc=-0.881869  bucket 0->0  (mf=1000)
[MF-SEL] tPrev=(  d=0.064539  dMin=0.000000  dAvg=0.045437  dMax=3.552382  Dlo=0.022719  Dhi=1.798909  err=0.000000  inc=-0.881869  bucket 0->0  (mf=1000)
[MF-SEL] tPrev=(  d=0.064223  dMin=0.000000  dAvg=0.045466  dMax=3.552382  Dlo=0.022733  Dhi=1.798924  err=0.000000  inc=-0.881869  bucket 0->0  (mf=1000)
[MF-SEL] tPrev=(  d=0.064123  dMin=0.000000  dAvg=0.045494  dMax=3.552382  Dlo=0.022747  Dhi=1.798938  err=0.000000  inc=-0.881869  bucket 0->0  (mf=1000)
[MF-SEL] tPrev=(  d=0.065748  dMin=0.000000  dAvg=0.045525  dMax=3.552382  Dlo=0.022763  Dhi=1.798953  err=0.000000  inc=-0.881869  bucket 0->0  (mf=1000)
[MF-SEL] tPrev=(  d=0.063001  dMin=0.000000  dAvg=0.045552  dMax=3.552382  Dlo=0.022776  Dhi=1.798967  err=0.000000  inc=-0.881869  bucket 0->0  (mf=1000)
[MF-SEL] tPrev=(  d=0.062312  dMin=0.000000  dAvg=0.045577  dMax=3.552382  Dlo=0.022789  Dhi=1.798980  err=0.000000  inc=-0.881869  bucket 0->0  (mf=1000)
[MF-SEL] tPrev=(  d=0.062908  dMin=0.000000  dAvg=0.045604  dMax=3.552382  Dlo=0.022802  Dhi=1.798993  err=0.000000  inc=-0.881869  bucket 0->0  (mf=1000)
[MF-SEL] tPrev=(  d=0.061782  dMin=0.000000  dAvg=0.045628  dMax=3.552382  Dlo=0.022814  Dhi=1.799005  err=0.000000  inc=-0.881869  bucket 0->0  (mf=1000)
[MF-SEL] tPrev=(  d=0.062006  dMin=0.000000  dAvg=0.045653  dMax=3.552382  Dlo=0.022826  Dhi=1.799017  err=0.000000  inc=-0.881869  bucket 0->0  (mf=1000)
[MF-SEL] tPrev=(  d=0.061814  dMin=0.000000  dAvg=0.045677  dMax=3.552382  Dlo=0.022839  Dhi=1.799030  err=0.000000  inc=-0.881869  bucket 0->0  (mf=1000)
[MF-SEL] tPrev=(  d=0.062708  dMin=0.000000  dAvg=0.045703  dMax=3.552382  Dlo=0.022851  Dhi=1.799042  err=0.000000  inc=-0.881869  bucket 0->0  (mf=1000)
[MF-SEL] tPrev=(  d=0.061262  dMin=0.000000  dAvg=0.045726  dMax=3.552382  Dlo=0.022863  Dhi=1.799054  err=0.000000  inc=-0.881869  bucket 0->0  (mf=1000)
[MF-SEL] tPrev=(  d=0.064545  dMin=0.000000  dAvg=0.045755  dMax=3.552382  Dlo=0.022877  Dhi=1.799068  err=0.000000  inc=-0.881869  bucket 0->0  (mf=1000)
[MF-SEL] tPrev=(  d=0.066387  dMin=0.000000  dAvg=0.045786  dMax=3.552382  Dlo=0.022893  Dhi=1.799084  err=0.000000  inc=-0.881869  bucket 0->0  (mf=1000)
[MF-SEL] tPrev=(  d=0.062505  dMin=0.000000  dAvg=0.045811  dMax=3.552382  Dlo=0.022905  Dhi=1.799096  err=0.000000  inc=-0.881869  bucket 0->0  (mf=1000)
[MF-SEL] tPrev=(  d=0.070145  dMin=0.000000  dAvg=0.045847  dMax=3.552382  Dlo=0.022924  Dhi=1.799114  err=0.000000  inc=-0.881869  bucket 0->0  (mf=1000)
[MF-SEL] tPrev=(  d=0.072860  dMin=0.000000  dAvg=0.045888  dMax=3.552382  Dlo=0.022944  Dhi=1.799135  err=0.000000  inc=-0.881869  bucket 0->0  (mf=1000)
[MF-SEL] tPrev=(  d=0.063864  dMin=0.000000  dAvg=0.045914  dMax=3.552382  Dlo=0.022957  Dhi=1.799148  err=0.000000  inc=-0.881869  bucket 0->0  (mf=1000)
[MF-SEL] tPrev=(  d=0.078070  dMin=0.000000  dAvg=0.045962  dMax=3.552382  Dlo=0.022981  Dhi=1.799172  err=0.000000  inc=-0.881869  bucket 0->0  (mf=1000)
[MF-SEL] tPrev=(  d=0.081111  dMin=0.000000  dAvg=0.046015  dMax=3.552382  Dlo=0.023007  Dhi=1.799198  err=0.000000  inc=-0.881869  bucket 0->0  (mf=1000)
[MF-SEL] tPrev=(  d=0.084023  dMin=0.000000  dAvg=0.046071  dMax=3.552382  Dlo=0.023036  Dhi=1.799226  err=0.000000  inc=-0.881869  bucket 0->0  (mf=1000)
[MF-SEL] tPrev=(  d=0.086982  dMin=0.000000  dAvg=0.046132  dMax=3.552382  Dlo=0.023066  Dhi=1.799257  err=0.000000  inc=-0.881869  bucket 0->0  (mf=1000)
[MF-SEL] tPrev=(  d=0.077414  dMin=0.000000  dAvg=0.046178  dMax=3.552382  Dlo=0.023089  Dhi=1.799280  err=0.000000  inc=-0.881869  bucket 0->0  (mf=1000)
[MF-SEL] tPrev=(  d=0.091585  dMin=0.000000  dAvg=0.046245  dMax=3.552382  Dlo=0.023123  Dhi=1.799314  err=0.000000  inc=-0.881869  bucket 0->0  (mf=1000)
[MF-SEL] tPrev=(  d=0.093031  dMin=0.000000  dAvg=0.046314  dMax=3.552382  Dlo=0.023157  Dhi=1.799348  err=0.000000  inc=-0.881869  bucket 0->0  (mf=1000)
[MF-SEL] tPrev=(  d=0.086005  dMin=0.000000  dAvg=0.046373  dMax=3.552382  Dlo=0.023186  Dhi=1.799377  err=0.000000  inc=-0.881869  bucket 0->0  (mf=1000)
[MF-SEL] tPrev=(  d=0.094301  dMin=0.000000  dAvg=0.046444  dMax=3.552382  Dlo=0.023222  Dhi=1.799413  err=0.000000  inc=-0.881869  bucket 0->0  (mf=1000)
[MF-SEL] tPrev=(  d=0.094731  dMin=0.000000  dAvg=0.046515  dMax=3.552382  Dlo=0.023257  Dhi=1.799448  err=0.000000  inc=-0.881869  bucket 0->0  (mf=1000)
[MF-SEL] tPrev=(  d=0.095076  dMin=0.000000  dAvg=0.046586  dMax=3.552382  Dlo=0.023293  Dhi=1.799484  err=0.000000  inc=-0.881869  bucket 0->0  (mf=1000)
[MF-SEL] tPrev=(  d=0.095940  dMin=0.000000  dAvg=0.046658  dMax=3.552382  Dlo=0.023329  Dhi=1.799520  err=0.000000  inc=-0.881869  bucket 0->0  (mf=1000)
[MF-SEL] tPrev=(  d=0.084804  dMin=0.000000  dAvg=0.046714  dMax=3.552382  Dlo=0.023357  Dhi=1.799548  err=0.000000  inc=-0.881869  bucket 0->0  (mf=1000)
[MF-SEL] tPrev=(  d=0.098719  dMin=0.000000  dAvg=0.046790  dMax=3.552382  Dlo=0.023395  Dhi=1.799586  err=0.000000  inc=-0.881869  bucket 0->0  (mf=1000)
[MF-SEL] tPrev=(  d=0.100572  dMin=0.000000  dAvg=0.046869  dMax=3.552382  Dlo=0.023434  Dhi=1.799625  err=0.000000  inc=-0.881869  bucket 0->0  (mf=1000)
[MF-SEL] tPrev=(  d=0.096554  dMin=0.000000  dAvg=0.046941  dMax=3.552382  Dlo=0.023471  Dhi=1.799661  err=0.000000  inc=-0.881869  bucket 0->0  (mf=1000)
[MF-SEL] tPrev=(  d=0.102984  dMin=0.000000  dAvg=0.047023  dMax=3.552382  Dlo=0.023511  Dhi=1.799702  err=0.000000  inc=-0.881869  bucket 0->0  (mf=1000)
[MF-SEL] tPrev=(  d=0.104008  dMin=0.000000  dAvg=0.047105  dMax=3.552382  Dlo=0.023553  Dhi=1.799744  err=0.000000  inc=-0.881869  bucket 0->0  (mf=1000)
start VIBA 2
[MF-SEL] tPrev=(  d=0.103986  dMin=0.000000  dAvg=0.047188  dMax=3.552382  Dlo=0.023594  Dhi=1.799785  err=0.000000  inc=-0.881869  bucket 0->0  (mf=1000)
[MF-SEL] tPrev=(  d=0.104858  dMin=0.000000  dAvg=0.047272  dMax=3.552382  Dlo=0.023636  Dhi=1.799827  err=0.000000  inc=-0.881869  bucket 0->0  (mf=1000)
[MF-SEL] tPrev=(  d=0.104890  dMin=0.000000  dAvg=0.047355  dMax=3.552382  Dlo=0.023677  Dhi=1.799868  err=0.000000  inc=-0.881869  bucket 0->0  (mf=1000)
[MF-SEL] tPrev=(  d=0.104664  dMin=0.000000  dAvg=0.047438  dMax=3.552382  Dlo=0.023719  Dhi=1.799910  err=0.000000  inc=-0.881869  bucket 0->0  (mf=1000)
[MF-SEL] tPrev=(  d=0.104945  dMin=0.000000  dAvg=0.047521  dMax=3.552382  Dlo=0.023760  Dhi=1.799951  err=0.000000  inc=-0.881869  bucket 0->0  (mf=1000)
end VIBA 2
[MF-SEL] tPrev=(  d=3.837329  dMin=0.000000  dAvg=0.052982  dMax=3.837329  Dlo=0.026491  Dhi=1.945155  err=1.000000  inc=0.066067  bucket 0->0  (mf=1000)
[MF-SEL] tPrev=(  d=0.102742  dMin=0.000000  dAvg=0.053053  dMax=3.837329  Dlo=0.026527  Dhi=1.945191  err=0.000000  inc=-1.161252  bucket 0->0  (mf=1000)
[MF-SEL] tPrev=(  d=0.102732  dMin=0.000000  dAvg=0.053125  dMax=3.837329  Dlo=0.026562  Dhi=1.945227  err=0.000000  inc=-0.879555  bucket 0->0  (mf=1000)
[MF-SEL] tPrev=(  d=0.100954  dMin=0.000000  dAvg=0.053193  dMax=3.837329  Dlo=0.026597  Dhi=1.945261  err=0.000000  inc=-0.879555  bucket 0->0  (mf=1000)
[MF-SEL] tPrev=(  d=0.099849  dMin=0.000000  dAvg=0.053260  dMax=3.837329  Dlo=0.026630  Dhi=1.945294  err=0.000000  inc=-0.879555  bucket 0->0  (mf=1000)
[MF-SEL] tPrev=(  d=0.098694  dMin=0.000000  dAvg=0.053325  dMax=3.837329  Dlo=0.026663  Dhi=1.945327  err=0.000000  inc=-0.879555  bucket 0->0  (mf=1000)
[MF-SEL] tPrev=(  d=0.097671  dMin=0.000000  dAvg=0.053388  dMax=3.837329  Dlo=0.026694  Dhi=1.945359  err=0.000000  inc=-0.879555  bucket 0->0  (mf=1000)
[MF-SEL] tPrev=(  d=0.105930  dMin=0.000000  dAvg=0.053463  dMax=3.837329  Dlo=0.026732  Dhi=1.945396  err=0.000000  inc=-0.879555  bucket 0->0  (mf=1000)
[MF-SEL] tPrev=(  d=0.096459  dMin=0.000000  dAvg=0.053525  dMax=3.837329  Dlo=0.026762  Dhi=1.945427  err=0.000000  inc=-0.879555  bucket 0->0  (mf=1000)
[MF-SEL] tPrev=(  d=0.095956  dMin=0.000000  dAvg=0.053585  dMax=3.837329  Dlo=0.026792  Dhi=1.945457  err=0.000000  inc=-0.879555  bucket 0->0  (mf=1000)
[MF-SEL] tPrev=(  d=0.094460  dMin=0.000000  dAvg=0.053643  dMax=3.837329  Dlo=0.026821  Dhi=1.945486  err=0.000000  inc=-0.879555  bucket 0->0  (mf=1000)
[MF-SEL] tPrev=(  d=0.092771  dMin=0.000000  dAvg=0.053699  dMax=3.837329  Dlo=0.026849  Dhi=1.945514  err=0.000000  inc=-0.879555  bucket 0->0  (mf=1000)
[MF-SEL] tPrev=(  d=0.090981  dMin=0.000000  dAvg=0.053751  dMax=3.837329  Dlo=0.026876  Dhi=1.945540  err=0.000000  inc=-0.879555  bucket 0->0  (mf=1000)
[MF-SEL] tPrev=(  d=0.088626  dMin=0.000000  dAvg=0.053801  dMax=3.837329  Dlo=0.026900  Dhi=1.945565  err=0.000000  inc=-0.879555  bucket 0->0  (mf=1000)
[MF-SEL] tPrev=(  d=0.092943  dMin=0.000000  dAvg=0.053856  dMax=3.837329  Dlo=0.026928  Dhi=1.945592  err=0.000000  inc=-0.879555  bucket 0->0  (mf=1000)
[MF-SEL] tPrev=(  d=0.082807  dMin=0.000000  dAvg=0.053897  dMax=3.837329  Dlo=0.026948  Dhi=1.945613  err=0.000000  inc=-0.879555  bucket 0->0  (mf=1000)
[MF-SEL] tPrev=(  d=0.079500  dMin=0.000000  dAvg=0.053933  dMax=3.837329  Dlo=0.026966  Dhi=1.945631  err=0.000000  inc=-0.879555  bucket 0->0  (mf=1000)
[MF-SEL] tPrev=(  d=0.072832  dMin=0.000000  dAvg=0.053959  dMax=3.837329  Dlo=0.026980  Dhi=1.945644  err=0.000000  inc=-0.879555  bucket 0->0  (mf=1000)
[MF-SEL] tPrev=(  d=0.073994  dMin=0.000000  dAvg=0.053988  dMax=3.837329  Dlo=0.026994  Dhi=1.945658  err=0.000000  inc=-0.879555  bucket 0->0  (mf=1000)
[MF-SEL] tPrev=(  d=0.071206  dMin=0.000000  dAvg=0.054012  dMax=3.837329  Dlo=0.027006  Dhi=1.945670  err=0.000000  inc=-0.879555  bucket 0->0  (mf=1000)
[MF-SEL] tPrev=(  d=0.068620  dMin=0.000000  dAvg=0.054032  dMax=3.837329  Dlo=0.027016  Dhi=1.945681  err=0.000000  inc=-0.879555  bucket 0->0  (mf=1000)
[MF-SEL] tPrev=(  d=0.064450  dMin=0.000000  dAvg=0.054047  dMax=3.837329  Dlo=0.027023  Dhi=1.945688  err=0.000000  inc=-0.879555  bucket 0->0  (mf=1000)
[MF-SEL] tPrev=(  d=0.062334  dMin=0.000000  dAvg=0.054058  dMax=3.837329  Dlo=0.027029  Dhi=1.945694  err=0.000000  inc=-0.879555  bucket 0->0  (mf=1000)
[MF-SEL] tPrev=(  d=0.058053  dMin=0.000000  dAvg=0.054064  dMax=3.837329  Dlo=0.027032  Dhi=1.945696  err=0.000000  inc=-0.879555  bucket 0->0  (mf=1000)
[MF-SEL] tPrev=(  d=0.053189  dMin=0.000000  dAvg=0.054063  dMax=3.837329  Dlo=0.027031  Dhi=1.945696  err=0.000000  inc=-0.879555  bucket 0->0  (mf=1000)
[MF-SEL] tPrev=(  d=0.049026  dMin=0.000000  dAvg=0.054056  dMax=3.837329  Dlo=0.027028  Dhi=1.945692  err=0.000000  inc=-0.879555  bucket 0->0  (mf=1000)
[MF-SEL] tPrev=(  d=0.045403  dMin=0.000000  dAvg=0.054044  dMax=3.837329  Dlo=0.027022  Dhi=1.945686  err=0.000000  inc=-0.879555  bucket 0->0  (mf=1000)
[MF-SEL] tPrev=(  d=0.033507  dMin=0.000000  dAvg=0.054015  dMax=3.837329  Dlo=0.027008  Dhi=1.945672  err=0.000000  inc=-0.879555  bucket 0->0  (mf=1000)
[MF-SEL] tPrev=(  d=0.039391  dMin=0.000000  dAvg=0.053995  dMax=3.837329  Dlo=0.026997  Dhi=1.945662  err=0.000000  inc=-0.879555  bucket 0->0  (mf=1000)
[MF-SEL] tPrev=(  d=0.037108  dMin=0.000000  dAvg=0.053972  dMax=3.837329  Dlo=0.026986  Dhi=1.945650  err=0.000000  inc=-0.879555  bucket 0->0  (mf=1000)
[MF-SEL] tPrev=(  d=0.038527  dMin=0.000000  dAvg=0.053950  dMax=3.837329  Dlo=0.026975  Dhi=1.945640  err=0.000000  inc=-0.879555  bucket 0->0  (mf=1000)
[MF-SEL] tPrev=(  d=0.033438  dMin=0.000000  dAvg=0.053922  dMax=3.837329  Dlo=0.026961  Dhi=1.945625  err=0.000000  inc=-0.879555  bucket 0->0  (mf=1000)
[MF-SEL] tPrev=(  d=0.031152  dMin=0.000000  dAvg=0.053891  dMax=3.837329  Dlo=0.026945  Dhi=1.945610  err=0.000000  inc=-0.879555  bucket 0->0  (mf=1000)
[MF-SEL] tPrev=(  d=0.028677  dMin=0.000000  dAvg=0.053856  dMax=3.837329  Dlo=0.026928  Dhi=1.945592  err=0.000000  inc=-0.879555  bucket 0->0  (mf=1000)
[MF-SEL] tPrev=(  d=0.026050  dMin=0.000000  dAvg=0.053818  dMax=3.837329  Dlo=0.026909  Dhi=1.945573  err=-1.000000  inc=-1.819033  bucket 0->0  (mf=1000)
[MF-SEL] tPrev=(  d=0.022835  dMin=0.000000  dAvg=0.053775  dMax=3.837329  Dlo=0.026888  Dhi=1.945552  err=-1.000000  inc=-1.484224  bucket 0->0  (mf=1000)
[MF-SEL] tPrev=(  d=0.015790  dMin=0.000000  dAvg=0.053723  dMax=3.837329  Dlo=0.026862  Dhi=1.945526  err=-1.000000  inc=-1.486532  bucket 0->0  (mf=1000)
[MF-SEL] tPrev=(  d=0.015519  dMin=0.000000  dAvg=0.053671  dMax=3.837329  Dlo=0.026835  Dhi=1.945500  err=-1.000000  inc=-1.489016  bucket 0->0  (mf=1000)
[MF-SEL] tPrev=(  d=0.015005  dMin=0.000000  dAvg=0.053618  dMax=3.837329  Dlo=0.026809  Dhi=1.945473  err=-1.000000  inc=-1.491217  bucket 0->0  (mf=1000)
[MF-SEL] tPrev=(  d=0.017022  dMin=0.000000  dAvg=0.053568  dMax=3.837329  Dlo=0.026784  Dhi=1.945449  err=-1.000000  inc=-1.493795  bucket 0->0  (mf=1000)
[MF-SEL] tPrev=(  d=0.021199  dMin=0.000000  dAvg=0.053524  dMax=3.837329  Dlo=0.026762  Dhi=1.945426  err=-1.000000  inc=-1.495772  bucket 0->0  (mf=1000)
[MF-SEL] tPrev=(  d=0.027722  dMin=0.000000  dAvg=0.053489  dMax=3.837329  Dlo=0.026744  Dhi=1.945409  err=0.000000  inc=-0.573440  bucket 0->0  (mf=1000)
[MF-SEL] tPrev=(  d=0.058334  dMin=0.000000  dAvg=0.053495  dMax=3.837329  Dlo=0.026748  Dhi=1.945412  err=0.000000  inc=-0.895772  bucket 0->0  (mf=1000)
[MF-SEL] tPrev=(  d=0.042091  dMin=0.000000  dAvg=0.053480  dMax=3.837329  Dlo=0.026740  Dhi=1.945404  err=0.000000  inc=-0.895772  bucket 0->0  (mf=1000)
[MF-SEL] tPrev=(  d=0.048602  dMin=0.000000  dAvg=0.053473  dMax=3.837329  Dlo=0.026737  Dhi=1.945401  err=0.000000  inc=-0.895772  bucket 0->0  (mf=1000)
[MF-SEL] tPrev=(  d=0.054818  dMin=0.000000  dAvg=0.053475  dMax=3.837329  Dlo=0.026738  Dhi=1.945402  err=0.000000  inc=-0.895772  bucket 0->0  (mf=1000)
[MF-SEL] tPrev=(  d=0.060204  dMin=0.000000  dAvg=0.053484  dMax=3.837329  Dlo=0.026742  Dhi=1.945407  err=0.000000  inc=-0.895772  bucket 0->0  (mf=1000)
[MF-SEL] tPrev=(  d=0.064434  dMin=0.000000  dAvg=0.053499  dMax=3.837329  Dlo=0.026750  Dhi=1.945414  err=0.000000  inc=-0.895772  bucket 0->0  (mf=1000)
[MF-SEL] tPrev=(  d=0.067299  dMin=0.000000  dAvg=0.053518  dMax=3.837329  Dlo=0.026759  Dhi=1.945423  err=0.000000  inc=-0.895772  bucket 0->0  (mf=1000)
[MF-SEL] tPrev=(  d=0.079034  dMin=0.000000  dAvg=0.053552  dMax=3.837329  Dlo=0.026776  Dhi=1.945440  err=0.000000  inc=-0.895772  bucket 0->0  (mf=1000)
[MF-SEL] tPrev=(  d=0.070583  dMin=0.000000  dAvg=0.053575  dMax=3.837329  Dlo=0.026787  Dhi=1.945452  err=0.000000  inc=-0.895772  bucket 0->0  (mf=1000)
[MF-SEL] tPrev=(  d=0.071275  dMin=0.000000  dAvg=0.053599  dMax=3.837329  Dlo=0.026799  Dhi=1.945464  err=0.000000  inc=-0.895772  bucket 0->0  (mf=1000)
[MF-SEL] tPrev=(  d=0.068001  dMin=0.000000  dAvg=0.053618  dMax=3.837329  Dlo=0.026809  Dhi=1.945473  err=0.000000  inc=-0.895772  bucket 0->0  (mf=1000)
[MF-SEL] tPrev=(  d=0.072245  dMin=0.000000  dAvg=0.053643  dMax=3.837329  Dlo=0.026821  Dhi=1.945486  err=0.000000  inc=-0.895772  bucket 0->0  (mf=1000)
[MF-SEL] tPrev=(  d=0.071910  dMin=0.000000  dAvg=0.053667  dMax=3.837329  Dlo=0.026834  Dhi=1.945498  err=0.000000  inc=-0.895772  bucket 0->0  (mf=1000)
[MF-SEL] tPrev=(  d=0.072849  dMin=0.000000  dAvg=0.053693  dMax=3.837329  Dlo=0.026846  Dhi=1.945511  err=0.000000  inc=-0.895772  bucket 0->0  (mf=1000)
[MF-SEL] tPrev=(  d=0.070479  dMin=0.000000  dAvg=0.053715  dMax=3.837329  Dlo=0.026858  Dhi=1.945522  err=0.000000  inc=-0.895772  bucket 0->0  (mf=1000)
[MF-SEL] tPrev=(  d=0.070229  dMin=0.000000  dAvg=0.053737  dMax=3.837329  Dlo=0.026869  Dhi=1.945533  err=0.000000  inc=-0.895772  bucket 0->0  (mf=1000)
[MF-SEL] tPrev=(  d=0.072826  dMin=0.000000  dAvg=0.053763  dMax=3.837329  Dlo=0.026881  Dhi=1.945546  err=0.000000  inc=-0.895772  bucket 0->0  (mf=1000)
[MF-SEL] tPrev=(  d=0.070967  dMin=0.000000  dAvg=0.053786  dMax=3.837329  Dlo=0.026893  Dhi=1.945557  err=0.000000  inc=-0.895772  bucket 0->0  (mf=1000)
[MF-SEL] tPrev=(  d=0.070854  dMin=0.000000  dAvg=0.053808  dMax=3.837329  Dlo=0.026904  Dhi=1.945569  err=0.000000  inc=-0.895772  bucket 0->0  (mf=1000)
[MF-SEL] tPrev=(  d=0.071028  dMin=0.000000  dAvg=0.053831  dMax=3.837329  Dlo=0.026916  Dhi=1.945580  err=0.000000  inc=-0.895772  bucket 0->0  (mf=1000)
[MF-SEL] tPrev=(  d=0.064961  dMin=0.000000  dAvg=0.053846  dMax=3.837329  Dlo=0.026923  Dhi=1.945587  err=0.000000  inc=-0.895772  bucket 0->0  (mf=1000)
[MF-SEL] tPrev=(  d=0.071903  dMin=0.000000  dAvg=0.053870  dMax=3.837329  Dlo=0.026935  Dhi=1.945599  err=0.000000  inc=-0.895772  bucket 0->0  (mf=1000)
[MF-SEL] tPrev=(  d=0.072770  dMin=0.000000  dAvg=0.053895  dMax=3.837329  Dlo=0.026947  Dhi=1.945612  err=0.000000  inc=-0.895772  bucket 0->0  (mf=1000)
[MF-SEL] tPrev=(  d=0.077308  dMin=0.000000  dAvg=0.053925  dMax=3.837329  Dlo=0.026963  Dhi=1.945627  err=0.000000  inc=-0.895772  bucket 0->0  (mf=1000)
[MF-SEL] tPrev=(  d=0.074244  dMin=0.000000  dAvg=0.053952  dMax=3.837329  Dlo=0.026976  Dhi=1.945641  err=0.000000  inc=-0.895772  bucket 0->0  (mf=1000)
[MF-SEL] tPrev=(  d=0.074995  dMin=0.000000  dAvg=0.053980  dMax=3.837329  Dlo=0.026990  Dhi=1.945654  err=0.000000  inc=-0.895772  bucket 0->0  (mf=1000)
[MF-SEL] tPrev=(  d=0.081311  dMin=0.000000  dAvg=0.054016  dMax=3.837329  Dlo=0.027008  Dhi=1.945672  err=0.000000  inc=-0.895772  bucket 0->0  (mf=1000)
[MF-SEL] tPrev=(  d=0.074983  dMin=0.000000  dAvg=0.054043  dMax=3.837329  Dlo=0.027022  Dhi=1.945686  err=0.000000  inc=-0.895772  bucket 0->0  (mf=1000)
[MF-SEL] tPrev=(  d=0.074413  dMin=0.000000  dAvg=0.054070  dMax=3.837329  Dlo=0.027035  Dhi=1.945699  err=0.000000  inc=-0.895772  bucket 0->0  (mf=1000)
[MF-SEL] tPrev=(  d=0.076970  dMin=0.000000  dAvg=0.054100  dMax=3.837329  Dlo=0.027050  Dhi=1.945714  err=0.000000  inc=-0.895772  bucket 0->0  (mf=1000)
[MF-SEL] tPrev=(  d=0.073641  dMin=0.000000  dAvg=0.054125  dMax=3.837329  Dlo=0.027063  Dhi=1.945727  err=0.000000  inc=-0.895772  bucket 0->0  (mf=1000)
[MF-SEL] tPrev=(  d=0.072831  dMin=0.000000  dAvg=0.054150  dMax=3.837329  Dlo=0.027075  Dhi=1.945739  err=0.000000  inc=-0.895772  bucket 0->0  (mf=1000)
[MF-SEL] tPrev=(  d=0.066949  dMin=0.000000  dAvg=0.054166  dMax=3.837329  Dlo=0.027083  Dhi=1.945748  err=0.000000  inc=-0.895772  bucket 0->0  (mf=1000)
[MF-SEL] tPrev=(  d=0.073038  dMin=0.000000  dAvg=0.054191  dMax=3.837329  Dlo=0.027095  Dhi=1.945760  err=0.000000  inc=-0.895772  bucket 0->0  (mf=1000)
[MF-SEL] tPrev=(  d=0.073878  dMin=0.000000  dAvg=0.054216  dMax=3.837329  Dlo=0.027108  Dhi=1.945773  err=0.000000  inc=-0.895772  bucket 0->0  (mf=1000)
[MF-SEL] tPrev=(  d=0.073418  dMin=0.000000  dAvg=0.054241  dMax=3.837329  Dlo=0.027121  Dhi=1.945785  err=0.000000  inc=-0.895772  bucket 0->0  (mf=1000)
[MF-SEL] tPrev=(  d=0.075057  dMin=0.000000  dAvg=0.054268  dMax=3.837329  Dlo=0.027134  Dhi=1.945799  err=0.000000  inc=-0.895772  bucket 0->0  (mf=1000)
[MF-SEL] tPrev=(  d=0.076507  dMin=0.000000  dAvg=0.054297  dMax=3.837329  Dlo=0.027149  Dhi=1.945813  err=0.000000  inc=-0.895772  bucket 0->0  (mf=1000)
[MF-SEL] tPrev=(  d=0.077960  dMin=0.000000  dAvg=0.054328  dMax=3.837329  Dlo=0.027164  Dhi=1.945828  err=0.000000  inc=-0.895772  bucket 0->0  (mf=1000)
[MF-SEL] tPrev=(  d=0.079376  dMin=0.000000  dAvg=0.054360  dMax=3.837329  Dlo=0.027180  Dhi=1.945844  err=0.000000  inc=-0.895772  bucket 0->0  (mf=1000)
[MF-SEL] tPrev=(  d=0.084814  dMin=0.000000  dAvg=0.054399  dMax=3.837329  Dlo=0.027200  Dhi=1.945864  err=0.000000  inc=-0.895772  bucket 0->0  (mf=1000)
[MF-SEL] tPrev=(  d=0.082805  dMin=0.000000  dAvg=0.054436  dMax=3.837329  Dlo=0.027218  Dhi=1.945882  err=0.000000  inc=-0.895772  bucket 0->0  (mf=1000)
[MF-SEL] tPrev=(  d=0.084108  dMin=0.000000  dAvg=0.054474  dMax=3.837329  Dlo=0.027237  Dhi=1.945901  err=0.000000  inc=-0.895772  bucket 0->0  (mf=1000)
[MF-SEL] tPrev=(  d=0.084505  dMin=0.000000  dAvg=0.054512  dMax=3.837329  Dlo=0.027256  Dhi=1.945921  err=0.000000  inc=-0.895772  bucket 0->0  (mf=1000)
[MF-SEL] tPrev=(  d=0.086949  dMin=0.000000  dAvg=0.054554  dMax=3.837329  Dlo=0.027277  Dhi=1.945941  err=0.000000  inc=-0.895772  bucket 0->0  (mf=1000)
[MF-SEL] tPrev=(  d=0.087952  dMin=0.000000  dAvg=0.054597  dMax=3.837329  Dlo=0.027298  Dhi=1.945963  err=0.000000  inc=-0.895772  bucket 0->0  (mf=1000)
[MF-SEL] tPrev=(  d=0.086006  dMin=0.000000  dAvg=0.054637  dMax=3.837329  Dlo=0.027318  Dhi=1.945983  err=0.000000  inc=-0.895772  bucket 0->0  (mf=1000)
[MF-SEL] tPrev=(  d=0.090261  dMin=0.000000  dAvg=0.054682  dMax=3.837329  Dlo=0.027341  Dhi=1.946006  err=0.000000  inc=-0.895772  bucket 0->0  (mf=1000)
[MF-SEL] tPrev=(  d=0.091784  dMin=0.000000  dAvg=0.054730  dMax=3.837329  Dlo=0.027365  Dhi=1.946029  err=0.000000  inc=-0.895772  bucket 0->0  (mf=1000)
[MF-SEL] tPrev=(  d=0.092290  dMin=0.000000  dAvg=0.054778  dMax=3.837329  Dlo=0.027389  Dhi=1.946053  err=0.000000  inc=-0.895772  bucket 0->0  (mf=1000)
[MF-SEL] tPrev=(  d=0.093108  dMin=0.000000  dAvg=0.054826  dMax=3.837329  Dlo=0.027413  Dhi=1.946078  err=0.000000  inc=-0.895772  bucket 0->0  (mf=1000)
[MF-SEL] tPrev=(  d=0.093884  dMin=0.000000  dAvg=0.054876  dMax=3.837329  Dlo=0.027438  Dhi=1.946102  err=0.000000  inc=-0.895772  bucket 0->0  (mf=1000)
[MF-SEL] tPrev=(  d=0.099562  dMin=0.000000  dAvg=0.054933  dMax=3.837329  Dlo=0.027466  Dhi=1.946131  err=0.000000  inc=-0.895772  bucket 0->0  (mf=1000)
[MF-SEL] tPrev=(  d=0.095608  dMin=0.000000  dAvg=0.054984  dMax=3.837329  Dlo=0.027492  Dhi=1.946157  err=0.000000  inc=-0.895772  bucket 0->0  (mf=1000)
[MF-SEL] tPrev=(  d=0.096859  dMin=0.000000  dAvg=0.055037  dMax=3.837329  Dlo=0.027519  Dhi=1.946183  err=0.000000  inc=-0.895772  bucket 0->0  (mf=1000)
[MF-SEL] tPrev=(  d=0.098544  dMin=0.000000  dAvg=0.055092  dMax=3.837329  Dlo=0.027546  Dhi=1.946211  err=0.000000  inc=-0.895772  bucket 0->0  (mf=1000)
[MF-SEL] tPrev=(  d=0.100151  dMin=0.000000  dAvg=0.055149  dMax=3.837329  Dlo=0.027575  Dhi=1.946239  err=0.000000  inc=-0.895772  bucket 0->0  (mf=1000)
[MF-SEL] tPrev=(  d=0.111622  dMin=0.000000  dAvg=0.055220  dMax=3.837329  Dlo=0.027610  Dhi=1.946275  err=0.000000  inc=-0.895772  bucket 0->0  (mf=1000)
[MF-SEL] tPrev=(  d=0.103383  dMin=0.000000  dAvg=0.055281  dMax=3.837329  Dlo=0.027641  Dhi=1.946305  err=0.000000  inc=-0.895772  bucket 0->0  (mf=1000)
[MF-SEL] tPrev=(  d=0.104832  dMin=0.000000  dAvg=0.055343  dMax=3.837329  Dlo=0.027672  Dhi=1.946336  err=0.000000  inc=-0.895772  bucket 0->0  (mf=1000)
[MF-SEL] tPrev=(  d=0.103702  dMin=0.000000  dAvg=0.055404  dMax=3.837329  Dlo=0.027702  Dhi=1.946366  err=0.000000  inc=-0.895772  bucket 0->0  (mf=1000)
[MF-SEL] tPrev=(  d=0.108749  dMin=0.000000  dAvg=0.055471  dMax=3.837329  Dlo=0.027736  Dhi=1.946400  err=0.000000  inc=-0.895772  bucket 0->0  (mf=1000)
[MF-SEL] tPrev=(  d=0.110993  dMin=0.000000  dAvg=0.055541  dMax=3.837329  Dlo=0.027770  Dhi=1.946435  err=0.000000  inc=-0.895772  bucket 0->0  (mf=1000)
[MF-SEL] tPrev=(  d=0.124919  dMin=0.000000  dAvg=0.055627  dMax=3.837329  Dlo=0.027814  Dhi=1.946478  err=0.000000  inc=-0.895772  bucket 0->0  (mf=1000)
[MF-SEL] tPrev=(  d=0.113404  dMin=0.000000  dAvg=0.055700  dMax=3.837329  Dlo=0.027850  Dhi=1.946514  err=0.000000  inc=-0.895772  bucket 0->0  (mf=1000)
[MF-SEL] tPrev=(  d=0.113354  dMin=0.000000  dAvg=0.055772  dMax=3.837329  Dlo=0.027886  Dhi=1.946550  err=0.000000  inc=-0.895772  bucket 0->0  (mf=1000)
[MF-SEL] tPrev=(  d=0.115446  dMin=0.000000  dAvg=0.055846  dMax=3.837329  Dlo=0.027923  Dhi=1.946587  err=0.000000  inc=-0.895772  bucket 0->0  (mf=1000)
[MF-SEL] tPrev=(  d=0.112298  dMin=0.000000  dAvg=0.055916  dMax=3.837329  Dlo=0.027958  Dhi=1.946623  err=0.000000  inc=-0.895772  bucket 0->0  (mf=1000)
[MF-SEL] tPrev=(  d=0.110815  dMin=0.000000  dAvg=0.055985  dMax=3.837329  Dlo=0.027992  Dhi=1.946657  err=0.000000  inc=-0.895772  bucket 0->0  (mf=1000)
[MF-SEL] tPrev=(  d=0.109270  dMin=0.000000  dAvg=0.056051  dMax=3.837329  Dlo=0.028025  Dhi=1.946690  err=0.000000  inc=-0.895772  bucket 0->0  (mf=1000)
[MF-SEL] tPrev=(  d=0.107402  dMin=0.000000  dAvg=0.056115  dMax=3.837329  Dlo=0.028057  Dhi=1.946722  err=0.000000  inc=-0.895772  bucket 0->0  (mf=1000)
[MF-SEL] tPrev=(  d=0.104810  dMin=0.000000  dAvg=0.056175  dMax=3.837329  Dlo=0.028087  Dhi=1.946752  err=0.000000  inc=-0.895772  bucket 0->0  (mf=1000)
[MF-SEL] tPrev=(  d=0.104341  dMin=0.000000  dAvg=0.056234  dMax=3.837329  Dlo=0.028117  Dhi=1.946782  err=0.000000  inc=-0.895772  bucket 0->0  (mf=1000)
[MF-SEL] tPrev=(  d=0.100255  dMin=0.000000  dAvg=0.056289  dMax=3.837329  Dlo=0.028144  Dhi=1.946809  err=0.000000  inc=-0.895772  bucket 0->0  (mf=1000)
[MF-SEL] tPrev=(  d=0.097772  dMin=0.000000  dAvg=0.056340  dMax=3.837329  Dlo=0.028170  Dhi=1.946835  err=0.000000  inc=-0.895772  bucket 0->0  (mf=1000)
[MF-SEL] tPrev=(  d=0.094444  dMin=0.000000  dAvg=0.056387  dMax=3.837329  Dlo=0.028194  Dhi=1.946858  err=0.000000  inc=-0.895772  bucket 0->0  (mf=1000)
[MF-SEL] tPrev=(  d=0.094352  dMin=0.000000  dAvg=0.056434  dMax=3.837329  Dlo=0.028217  Dhi=1.946881  err=0.000000  inc=-0.895772  bucket 0->0  (mf=1000)
[MF-SEL] tPrev=(  d=0.092036  dMin=0.000000  dAvg=0.056478  dMax=3.837329  Dlo=0.028239  Dhi=1.946903  err=0.000000  inc=-0.895772  bucket 0->0  (mf=1000)
[MF-SEL] tPrev=(  d=0.089887  dMin=0.000000  dAvg=0.056519  dMax=3.837329  Dlo=0.028259  Dhi=1.946924  err=0.000000  inc=-0.895772  bucket 0->0  (mf=1000)
[MF-SEL] tPrev=(  d=0.087837  dMin=0.000000  dAvg=0.056557  dMax=3.837329  Dlo=0.028279  Dhi=1.946943  err=0.000000  inc=-0.895772  bucket 0->0  (mf=1000)
[MF-SEL] tPrev=(  d=0.082080  dMin=0.000000  dAvg=0.056588  dMax=3.837329  Dlo=0.028294  Dhi=1.946959  err=0.000000  inc=-0.895772  bucket 0->0  (mf=1000)
[MF-SEL] tPrev=(  d=0.083260  dMin=0.000000  dAvg=0.056621  dMax=3.837329  Dlo=0.028311  Dhi=1.946975  err=0.000000  inc=-0.895772  bucket 0->0  (mf=1000)
[MF-SEL] tPrev=(  d=0.081119  dMin=0.000000  dAvg=0.056651  dMax=3.837329  Dlo=0.028325  Dhi=1.946990  err=0.000000  inc=-0.895772  bucket 0->0  (mf=1000)
[MF-SEL] tPrev=(  d=0.079117  dMin=0.000000  dAvg=0.056678  dMax=3.837329  Dlo=0.028339  Dhi=1.947004  err=0.000000  inc=-0.895772  bucket 0->0  (mf=1000)
[MF-SEL] tPrev=(  d=0.078871  dMin=0.000000  dAvg=0.056705  dMax=3.837329  Dlo=0.028353  Dhi=1.947017  err=0.000000  inc=-0.895772  bucket 0->0  (mf=1000)
[MF-SEL] tPrev=(  d=0.078621  dMin=0.000000  dAvg=0.056732  dMax=3.837329  Dlo=0.028366  Dhi=1.947031  err=0.000000  inc=-0.895772  bucket 0->0  (mf=1000)
[MF-SEL] tPrev=(  d=0.078350  dMin=0.000000  dAvg=0.056758  dMax=3.837329  Dlo=0.028379  Dhi=1.947044  err=0.000000  inc=-0.895772  bucket 0->0  (mf=1000)
[MF-SEL] tPrev=(  d=0.078164  dMin=0.000000  dAvg=0.056784  dMax=3.837329  Dlo=0.028392  Dhi=1.947057  err=0.000000  inc=-0.895772  bucket 0->0  (mf=1000)
[MF-SEL] tPrev=(  d=0.078610  dMin=0.000000  dAvg=0.056811  dMax=3.837329  Dlo=0.028405  Dhi=1.947070  err=0.000000  inc=-0.895772  bucket 0->0  (mf=1000)
[MF-SEL] tPrev=(  d=0.074399  dMin=0.000000  dAvg=0.056832  dMax=3.837329  Dlo=0.028416  Dhi=1.947081  err=0.000000  inc=-0.895772  bucket 0->0  (mf=1000)
[MF-SEL] tPrev=(  d=0.079608  dMin=0.000000  dAvg=0.056860  dMax=3.837329  Dlo=0.028430  Dhi=1.947094  err=0.000000  inc=-0.895772  bucket 0->0  (mf=1000)
[MF-SEL] tPrev=(  d=0.080412  dMin=0.000000  dAvg=0.056888  dMax=3.837329  Dlo=0.028444  Dhi=1.947109  err=0.000000  inc=-0.895772  bucket 0->0  (mf=1000)
[MF-SEL] tPrev=(  d=0.081686  dMin=0.000000  dAvg=0.056918  dMax=3.837329  Dlo=0.028459  Dhi=1.947124  err=0.000000  inc=-0.895772  bucket 0->0  (mf=1000)
[MF-SEL] tPrev=(  d=0.083189  dMin=0.000000  dAvg=0.056950  dMax=3.837329  Dlo=0.028475  Dhi=1.947139  err=0.000000  inc=-0.895772  bucket 0->0  (mf=1000)
[MF-SEL] tPrev=(  d=0.087951  dMin=0.000000  dAvg=0.056987  dMax=3.837329  Dlo=0.028494  Dhi=1.947158  err=0.000000  inc=-0.895772  bucket 0->0  (mf=1000)
[MF-SEL] tPrev=(  d=0.087057  dMin=0.000000  dAvg=0.057024  dMax=3.837329  Dlo=0.028512  Dhi=1.947176  err=0.000000  inc=-0.895772  bucket 0->0  (mf=1000)
[MF-SEL] tPrev=(  d=0.089069  dMin=0.000000  dAvg=0.057062  dMax=3.837329  Dlo=0.028531  Dhi=1.947195  err=0.000000  inc=-0.895772  bucket 0->0  (mf=1000)
[MF-SEL] tPrev=(  d=0.091404  dMin=0.000000  dAvg=0.057103  dMax=3.837329  Dlo=0.028552  Dhi=1.947216  err=0.000000  inc=-0.895772  bucket 0->0  (mf=1000)
[MF-SEL] tPrev=(  d=0.090487  dMin=0.000000  dAvg=0.057143  dMax=3.837329  Dlo=0.028572  Dhi=1.947236  err=0.000000  inc=-0.895772  bucket 0->0  (mf=1000)
[MF-SEL] tPrev=(  d=0.095134  dMin=0.000000  dAvg=0.057189  dMax=3.837329  Dlo=0.028594  Dhi=1.947259  err=0.000000  inc=-0.895772  bucket 0->0  (mf=1000)
[MF-SEL] tPrev=(  d=0.096147  dMin=0.000000  dAvg=0.057235  dMax=3.837329  Dlo=0.028618  Dhi=1.947282  err=0.000000  inc=-0.895772  bucket 0->0  (mf=1000)
[MF-SEL] tPrev=(  d=0.096245  dMin=0.000000  dAvg=0.057282  dMax=3.837329  Dlo=0.028641  Dhi=1.947305  err=0.000000  inc=-0.895772  bucket 0->0  (mf=1000)
[MF-SEL] tPrev=(  d=0.094018  dMin=0.000000  dAvg=0.057326  dMax=3.837329  Dlo=0.028663  Dhi=1.947327  err=0.000000  inc=-0.895772  bucket 0->0  (mf=1000)
[MF-SEL] tPrev=(  d=0.094791  dMin=0.000000  dAvg=0.057370  dMax=3.837329  Dlo=0.028685  Dhi=1.947350  err=0.000000  inc=-0.895772  bucket 0->0  (mf=1000)
[MF-SEL] tPrev=(  d=0.094069  dMin=0.000000  dAvg=0.057414  dMax=3.837329  Dlo=0.028707  Dhi=1.947372  err=0.000000  inc=-0.895772  bucket 0->0  (mf=1000)
[MF-SEL] tPrev=(  d=0.092849  dMin=0.000000  dAvg=0.057456  dMax=3.837329  Dlo=0.028728  Dhi=1.947393  err=0.000000  inc=-0.895772  bucket 0->0  (mf=1000)
[MF-SEL] tPrev=(  d=0.086539  dMin=0.000000  dAvg=0.057491  dMax=3.837329  Dlo=0.028745  Dhi=1.947410  err=0.000000  inc=-0.895772  bucket 0->0  (mf=1000)
[MF-SEL] tPrev=(  d=0.089096  dMin=0.000000  dAvg=0.057528  dMax=3.837329  Dlo=0.028764  Dhi=1.947429  err=0.000000  inc=-0.895772  bucket 0->0  (mf=1000)
[MF-SEL] tPrev=(  d=0.087247  dMin=0.000000  dAvg=0.057564  dMax=3.837329  Dlo=0.028782  Dhi=1.947446  err=0.000000  inc=-0.895772  bucket 0->0  (mf=1000)
[MF-SEL] tPrev=(  d=0.078545  dMin=0.000000  dAvg=0.057588  dMax=3.837329  Dlo=0.028794  Dhi=1.947459  err=0.000000  inc=-0.895772  bucket 0->0  (mf=1000)
[MF-SEL] tPrev=(  d=0.082151  dMin=0.000000  dAvg=0.057617  dMax=3.837329  Dlo=0.028809  Dhi=1.947473  err=0.000000  inc=-0.895772  bucket 0->0  (mf=1000)
[MF-SEL] tPrev=(  d=0.080318  dMin=0.000000  dAvg=0.057644  dMax=3.837329  Dlo=0.028822  Dhi=1.947487  err=0.000000  inc=-0.895772  bucket 0->0  (mf=1000)
[MF-SEL] tPrev=(  d=0.077151  dMin=0.000000  dAvg=0.057667  dMax=3.837329  Dlo=0.028834  Dhi=1.947498  err=0.000000  inc=-0.895772  bucket 0->0  (mf=1000)
[MF-SEL] tPrev=(  d=0.073966  dMin=0.000000  dAvg=0.057686  dMax=3.837329  Dlo=0.028843  Dhi=1.947508  err=0.000000  inc=-0.895772  bucket 0->0  (mf=1000)
[MF-SEL] tPrev=(  d=0.063557  dMin=0.000000  dAvg=0.057693  dMax=3.837329  Dlo=0.028847  Dhi=1.947511  err=0.000000  inc=-0.895772  bucket 0->0  (mf=1000)
[MF-SEL] tPrev=(  d=0.066408  dMin=0.000000  dAvg=0.057704  dMax=3.837329  Dlo=0.028852  Dhi=1.947516  err=0.000000  inc=-0.895772  bucket 0->0  (mf=1000)
[MF-SEL] tPrev=(  d=0.061356  dMin=0.000000  dAvg=0.057708  dMax=3.837329  Dlo=0.028854  Dhi=1.947518  err=0.000000  inc=-0.895772  bucket 0->0  (mf=1000)
[MF-SEL] tPrev=(  d=0.056802  dMin=0.000000  dAvg=0.057707  dMax=3.837329  Dlo=0.028853  Dhi=1.947518  err=0.000000  inc=-0.895772  bucket 0->0  (mf=1000)
[MF-SEL] tPrev=(  d=0.047947  dMin=0.000000  dAvg=0.057695  dMax=3.837329  Dlo=0.028848  Dhi=1.947512  err=0.000000  inc=-0.895772  bucket 0->0  (mf=1000)
[MF-SEL] tPrev=(  d=0.047039  dMin=0.000000  dAvg=0.057683  dMax=3.837329  Dlo=0.028841  Dhi=1.947506  err=0.000000  inc=-0.895772  bucket 0->0  (mf=1000)
[MF-SEL] tPrev=(  d=0.041275  dMin=0.000000  dAvg=0.057664  dMax=3.837329  Dlo=0.028832  Dhi=1.947496  err=0.000000  inc=-0.895772  bucket 0->0  (mf=1000)
[MF-SEL] tPrev=(  d=0.036320  dMin=0.000000  dAvg=0.057639  dMax=3.837329  Dlo=0.028819  Dhi=1.947484  err=0.000000  inc=-0.895772  bucket 0->0  (mf=1000)
[MF-SEL] tPrev=(  d=0.028406  dMin=0.000000  dAvg=0.057605  dMax=3.837329  Dlo=0.028802  Dhi=1.947467  err=-1.000000  inc=-1.854514  bucket 0->0  (mf=1000)
[MF-SEL] tPrev=(  d=0.027012  dMin=0.000000  dAvg=0.057569  dMax=3.837329  Dlo=0.028785  Dhi=1.947449  err=-1.000000  inc=-1.500427  bucket 0->0  (mf=1000)
[MF-SEL] tPrev=(  d=0.023737  dMin=0.000000  dAvg=0.057530  dMax=3.837329  Dlo=0.028765  Dhi=1.947429  err=-1.000000  inc=-1.502900  bucket 0->0  (mf=1000)
[MF-SEL] tPrev=(  d=0.029552  dMin=0.000000  dAvg=0.057497  dMax=3.837329  Dlo=0.028749  Dhi=1.947413  err=0.000000  inc=-0.574690  bucket 0->0  (mf=1000)
[MF-SEL] tPrev=(  d=0.018460  dMin=0.000000  dAvg=0.057452  dMax=3.837329  Dlo=0.028726  Dhi=1.947390  err=-1.000000  inc=-1.895790  bucket 0->0  (mf=1000)
[MF-SEL] tPrev=(  d=0.017840  dMin=0.000000  dAvg=0.057406  dMax=3.837329  Dlo=0.028703  Dhi=1.947368  err=-1.000000  inc=-1.507459  bucket 0->0  (mf=1000)
[MF-SEL] tPrev=(  d=0.018386  dMin=0.000000  dAvg=0.057361  dMax=3.837329  Dlo=0.028680  Dhi=1.947345  err=-1.000000  inc=-1.509721  bucket 0->0  (mf=1000)
[MF-SEL] tPrev=(  d=0.018159  dMin=0.000000  dAvg=0.057316  dMax=3.837329  Dlo=0.028658  Dhi=1.947322  err=-1.000000  inc=-1.511847  bucket 0->0  (mf=1000)
[MF-SEL] tPrev=(  d=0.021066  dMin=0.000000  dAvg=0.057274  dMax=3.837329  Dlo=0.028637  Dhi=1.947301  err=-1.000000  inc=-1.514122  bucket 0->0  (mf=1000)
[MF-SEL] tPrev=(  d=0.034675  dMin=0.000000  dAvg=0.057248  dMax=3.837329  Dlo=0.028624  Dhi=1.947288  err=0.000000  inc=-0.547056  bucket 0->0  (mf=1000)
[MF-SEL] tPrev=(  d=0.024839  dMin=0.000000  dAvg=0.057210  dMax=3.837329  Dlo=0.028605  Dhi=1.947270  err=-1.000000  inc=-1.811661  bucket 0->0  (mf=1000)
[MF-SEL] tPrev=(  d=0.028458  dMin=0.000000  dAvg=0.057177  dMax=3.837329  Dlo=0.028589  Dhi=1.947253  err=-1.000000  inc=-1.519003  bucket 0->0  (mf=1000)
[MF-SEL] tPrev=(  d=0.031893  dMin=0.000000  dAvg=0.057148  dMax=3.837329  Dlo=0.028574  Dhi=1.947239  err=0.000000  inc=-0.576670  bucket 0->0  (mf=1000)
[MF-SEL] tPrev=(  d=0.034672  dMin=0.000000  dAvg=0.057122  dMax=3.837329  Dlo=0.028561  Dhi=1.947226  err=0.000000  inc=-0.919003  bucket 0->0  (mf=1000)
[MF-SEL] tPrev=(  d=0.036847  dMin=0.000000  dAvg=0.057099  dMax=3.837329  Dlo=0.028550  Dhi=1.947214  err=0.000000  inc=-0.919003  bucket 0->0  (mf=1000)
[MF-SEL] tPrev=(  d=0.040931  dMin=0.000000  dAvg=0.057081  dMax=3.837329  Dlo=0.028540  Dhi=1.947205  err=0.000000  inc=-0.919003  bucket 0->0  (mf=1000)
[MF-SEL] tPrev=(  d=0.043107  dMin=0.000000  dAvg=0.057065  dMax=3.837329  Dlo=0.028532  Dhi=1.947197  err=0.000000  inc=-0.919003  bucket 0->0  (mf=1000)
[MF-SEL] tPrev=(  d=0.044485  dMin=0.000000  dAvg=0.057050  dMax=3.837329  Dlo=0.028525  Dhi=1.947190  err=0.000000  inc=-0.919003  bucket 0->0  (mf=1000)
[MF-SEL] tPrev=(  d=0.044466  dMin=0.000000  dAvg=0.057036  dMax=3.837329  Dlo=0.028518  Dhi=1.947182  err=0.000000  inc=-0.919003  bucket 0->0  (mf=1000)
[MF-SEL] tPrev=(  d=0.037900  dMin=0.000000  dAvg=0.057014  dMax=3.837329  Dlo=0.028507  Dhi=1.947171  err=0.000000  inc=-0.919003  bucket 0->0  (mf=1000)
[MF-SEL] tPrev=(  d=0.044443  dMin=0.000000  dAvg=0.057000  dMax=3.837329  Dlo=0.028500  Dhi=1.947164  err=0.000000  inc=-0.919003  bucket 0->0  (mf=1000)
[MF-SEL] tPrev=(  d=0.045426  dMin=0.000000  dAvg=0.056987  dMax=3.837329  Dlo=0.028493  Dhi=1.947158  err=0.000000  inc=-0.919003  bucket 0->0  (mf=1000)
[MF-SEL] tPrev=(  d=0.047027  dMin=0.000000  dAvg=0.056975  dMax=3.837329  Dlo=0.028488  Dhi=1.947152  err=0.000000  inc=-0.919003  bucket 0->0  (mf=1000)
[MF-SEL] tPrev=(  d=0.049006  dMin=0.000000  dAvg=0.056966  dMax=3.837329  Dlo=0.028483  Dhi=1.947148  err=0.000000  inc=-0.919003  bucket 0->0  (mf=1000)
[MF-SEL] tPrev=(  d=0.051641  dMin=0.000000  dAvg=0.056960  dMax=3.837329  Dlo=0.028480  Dhi=1.947145  err=0.000000  inc=-0.919003  bucket 0->0  (mf=1000)
[MF-SEL] tPrev=(  d=0.054213  dMin=0.000000  dAvg=0.056957  dMax=3.837329  Dlo=0.028479  Dhi=1.947143  err=0.000000  inc=-0.919003  bucket 0->0  (mf=1000)
[MF-SEL] tPrev=(  d=0.057118  dMin=0.000000  dAvg=0.056957  dMax=3.837329  Dlo=0.028479  Dhi=1.947143  err=0.000000  inc=-0.919003  bucket 0->0  (mf=1000)
[MF-SEL] tPrev=(  d=0.057587  dMin=0.000000  dAvg=0.056958  dMax=3.837329  Dlo=0.028479  Dhi=1.947143  err=0.000000  inc=-0.919003  bucket 0->0  (mf=1000)
[MF-SEL] tPrev=(  d=0.059312  dMin=0.000000  dAvg=0.056961  dMax=3.837329  Dlo=0.028480  Dhi=1.947145  err=0.000000  inc=-0.919003  bucket 0->0  (mf=1000)
[MF-SEL] tPrev=(  d=0.059376  dMin=0.000000  dAvg=0.056963  dMax=3.837329  Dlo=0.028482  Dhi=1.947146  err=0.000000  inc=-0.919003  bucket 0->0  (mf=1000)
[MF-SEL] tPrev=(  d=0.059027  dMin=0.000000  dAvg=0.056966  dMax=3.837329  Dlo=0.028483  Dhi=1.947147  err=0.000000  inc=-0.919003  bucket 0->0  (mf=1000)
[MF-SEL] tPrev=(  d=0.059735  dMin=0.000000  dAvg=0.056969  dMax=3.837329  Dlo=0.028484  Dhi=1.947149  err=0.000000  inc=-0.919003  bucket 0->0  (mf=1000)
[MF-SEL] tPrev=(  d=0.063634  dMin=0.000000  dAvg=0.056976  dMax=3.837329  Dlo=0.028488  Dhi=1.947153  err=0.000000  inc=-0.919003  bucket 0->0  (mf=1000)
[MF-SEL] tPrev=(  d=0.060665  dMin=0.000000  dAvg=0.056980  dMax=3.837329  Dlo=0.028490  Dhi=1.947155  err=0.000000  inc=-0.919003  bucket 0->0  (mf=1000)
[MF-SEL] tPrev=(  d=0.061141  dMin=0.000000  dAvg=0.056985  dMax=3.837329  Dlo=0.028493  Dhi=1.947157  err=0.000000  inc=-0.919003  bucket 0->0  (mf=1000)
[MF-SEL] tPrev=(  d=0.061670  dMin=0.000000  dAvg=0.056990  dMax=3.837329  Dlo=0.028495  Dhi=1.947160  err=0.000000  inc=-0.919003  bucket 0->0  (mf=1000)
[MF-SEL] tPrev=(  d=0.062052  dMin=0.000000  dAvg=0.056996  dMax=3.837329  Dlo=0.028498  Dhi=1.947162  err=0.000000  inc=-0.919003  bucket 0->0  (mf=1000)
[MF-SEL] tPrev=(  d=0.062206  dMin=0.000000  dAvg=0.057002  dMax=3.837329  Dlo=0.028501  Dhi=1.947165  err=0.000000  inc=-0.919003  bucket 0->0  (mf=1000)
[MF-SEL] tPrev=(  d=0.063342  dMin=0.000000  dAvg=0.057009  dMax=3.837329  Dlo=0.028504  Dhi=1.947169  err=0.000000  inc=-0.919003  bucket 0->0  (mf=1000)
[MF-SEL] tPrev=(  d=0.064238  dMin=0.000000  dAvg=0.057017  dMax=3.837329  Dlo=0.028508  Dhi=1.947173  err=0.000000  inc=-0.919003  bucket 0->0  (mf=1000)
[MF-SEL] tPrev=(  d=0.064510  dMin=0.000000  dAvg=0.057025  dMax=3.837329  Dlo=0.028513  Dhi=1.947177  err=0.000000  inc=-0.919003  bucket 0->0  (mf=1000)
[MF-SEL] tPrev=(  d=0.064900  dMin=0.000000  dAvg=0.057034  dMax=3.837329  Dlo=0.028517  Dhi=1.947181  err=0.000000  inc=-0.919003  bucket 0->0  (mf=1000)
[MF-SEL] tPrev=(  d=0.065943  dMin=0.000000  dAvg=0.057044  dMax=3.837329  Dlo=0.028522  Dhi=1.947186  err=0.000000  inc=-0.919003  bucket 0->0  (mf=1000)
[MF-SEL] tPrev=(  d=0.068563  dMin=0.000000  dAvg=0.057057  dMax=3.837329  Dlo=0.028528  Dhi=1.947193  err=0.000000  inc=-0.919003  bucket 0->0  (mf=1000)
[MF-SEL] tPrev=(  d=0.069100  dMin=0.000000  dAvg=0.057070  dMax=3.837329  Dlo=0.028535  Dhi=1.947200  err=0.000000  inc=-0.919003  bucket 0->0  (mf=1000)
[MF-SEL] tPrev=(  d=0.071063  dMin=0.000000  dAvg=0.057086  dMax=3.837329  Dlo=0.028543  Dhi=1.947207  err=0.000000  inc=-0.919003  bucket 0->0  (mf=1000)
[MF-SEL] tPrev=(  d=0.073313  dMin=0.000000  dAvg=0.057104  dMax=3.837329  Dlo=0.028552  Dhi=1.947216  err=0.000000  inc=-0.919003  bucket 0->0  (mf=1000)
[MF-SEL] tPrev=(  d=0.075320  dMin=0.000000  dAvg=0.057124  dMax=3.837329  Dlo=0.028562  Dhi=1.947226  err=0.000000  inc=-0.919003  bucket 0->0  (mf=1000)
[MF-SEL] tPrev=(  d=0.076724  dMin=0.000000  dAvg=0.057145  dMax=3.837329  Dlo=0.028573  Dhi=1.947237  err=0.000000  inc=-0.919003  bucket 0->0  (mf=1000)
[MF-SEL] tPrev=(  d=0.080816  dMin=0.000000  dAvg=0.057171  dMax=3.837329  Dlo=0.028586  Dhi=1.947250  err=0.000000  inc=-0.919003  bucket 0->0  (mf=1000)
[MF-SEL] tPrev=(  d=0.083279  dMin=0.000000  dAvg=0.057200  dMax=3.837329  Dlo=0.028600  Dhi=1.947265  err=0.000000  inc=-0.919003  bucket 0->0  (mf=1000)
[MF-SEL] tPrev=(  d=0.085082  dMin=0.000000  dAvg=0.057231  dMax=3.837329  Dlo=0.028615  Dhi=1.947280  err=0.000000  inc=-0.919003  bucket 0->0  (mf=1000)
[MF-SEL] tPrev=(  d=0.083627  dMin=0.000000  dAvg=0.057260  dMax=3.837329  Dlo=0.028630  Dhi=1.947294  err=0.000000  inc=-0.919003  bucket 0->0  (mf=1000)
[MF-SEL] tPrev=(  d=0.087667  dMin=0.000000  dAvg=0.057293  dMax=3.837329  Dlo=0.028647  Dhi=1.947311  err=0.000000  inc=-0.919003  bucket 0->0  (mf=1000)
[MF-SEL] tPrev=(  d=0.088896  dMin=0.000000  dAvg=0.057328  dMax=3.837329  Dlo=0.028664  Dhi=1.947328  err=0.000000  inc=-0.919003  bucket 0->0  (mf=1000)
[MF-SEL] tPrev=(  d=0.089797  dMin=0.000000  dAvg=0.057363  dMax=3.837329  Dlo=0.028682  Dhi=1.947346  err=0.000000  inc=-0.919003  bucket 0->0  (mf=1000)
[MF-SEL] tPrev=(  d=0.090012  dMin=0.000000  dAvg=0.057399  dMax=3.837329  Dlo=0.028700  Dhi=1.947364  err=0.000000  inc=-0.919003  bucket 0->0  (mf=1000)
[MF-SEL] tPrev=(  d=0.082997  dMin=0.000000  dAvg=0.057427  dMax=3.837329  Dlo=0.028714  Dhi=1.947378  err=0.000000  inc=-0.919003  bucket 0->0  (mf=1000)
[MF-SEL] tPrev=(  d=0.091330  dMin=0.000000  dAvg=0.057464  dMax=3.837329  Dlo=0.028732  Dhi=1.947397  err=0.000000  inc=-0.919003  bucket 0->0  (mf=1000)
[MF-SEL] tPrev=(  d=0.091920  dMin=0.000000  dAvg=0.057502  dMax=3.837329  Dlo=0.028751  Dhi=1.947415  err=0.000000  inc=-0.919003  bucket 0->0  (mf=1000)
[MF-SEL] tPrev=(  d=0.092743  dMin=0.000000  dAvg=0.057540  dMax=3.837329  Dlo=0.028770  Dhi=1.947435  err=0.000000  inc=-0.919003  bucket 0->0  (mf=1000)
[MF-SEL] tPrev=(  d=0.093432  dMin=0.000000  dAvg=0.057579  dMax=3.837329  Dlo=0.028790  Dhi=1.947454  err=0.000000  inc=-0.919003  bucket 0->0  (mf=1000)
[MF-SEL] tPrev=(  d=0.094351  dMin=0.000000  dAvg=0.057619  dMax=3.837329  Dlo=0.028810  Dhi=1.947474  err=0.000000  inc=-0.919003  bucket 0->0  (mf=1000)
[MF-SEL] tPrev=(  d=0.094514  dMin=0.000000  dAvg=0.057659  dMax=3.837329  Dlo=0.028830  Dhi=1.947494  err=0.000000  inc=-0.919003  bucket 0->0  (mf=1000)
[MF-SEL] tPrev=(  d=0.083805  dMin=0.000000  dAvg=0.057688  dMax=3.837329  Dlo=0.028844  Dhi=1.947508  err=0.000000  inc=-0.919003  bucket 0->0  (mf=1000)
[MF-SEL] tPrev=(  d=0.095131  dMin=0.000000  dAvg=0.057728  dMax=3.837329  Dlo=0.028864  Dhi=1.947529  err=0.000000  inc=-0.919003  bucket 0->0  (mf=1000)
[MF-SEL] tPrev=(  d=0.095434  dMin=0.000000  dAvg=0.057769  dMax=3.837329  Dlo=0.028884  Dhi=1.947549  err=0.000000  inc=-0.919003  bucket 0->0  (mf=1000)
[MF-SEL] tPrev=(  d=0.095558  dMin=0.000000  dAvg=0.057810  dMax=3.837329  Dlo=0.028905  Dhi=1.947569  err=0.000000  inc=-0.919003  bucket 0->0  (mf=1000)
[MF-SEL] tPrev=(  d=0.095763  dMin=0.000000  dAvg=0.057851  dMax=3.837329  Dlo=0.028925  Dhi=1.947590  err=0.000000  inc=-0.919003  bucket 0->0  (mf=1000)
[MF-SEL] tPrev=(  d=0.087763  dMin=0.000000  dAvg=0.057883  dMax=3.837329  Dlo=0.028942  Dhi=1.947606  err=0.000000  inc=-0.919003  bucket 0->0  (mf=1000)
[MF-SEL] tPrev=(  d=0.095807  dMin=0.000000  dAvg=0.057924  dMax=3.837329  Dlo=0.028962  Dhi=1.947626  err=0.000000  inc=-0.919003  bucket 0->0  (mf=1000)
[MF-SEL] tPrev=(  d=0.095874  dMin=0.000000  dAvg=0.057965  dMax=3.837329  Dlo=0.028982  Dhi=1.947647  err=0.000000  inc=-0.919003  bucket 0->0  (mf=1000)
[MF-SEL] tPrev=(  d=0.095870  dMin=0.000000  dAvg=0.058005  dMax=3.837329  Dlo=0.029003  Dhi=1.947667  err=0.000000  inc=-0.919003  bucket 0->0  (mf=1000)
[MF-SEL] tPrev=(  d=0.095549  dMin=0.000000  dAvg=0.058046  dMax=3.837329  Dlo=0.029023  Dhi=1.947687  err=0.000000  inc=-0.919003  bucket 0->0  (mf=1000)
[MF-SEL] tPrev=(  d=0.095745  dMin=0.000000  dAvg=0.058086  dMax=3.837329  Dlo=0.029043  Dhi=1.947708  err=0.000000  inc=-0.919003  bucket 0->0  (mf=1000)
[MF-SEL] tPrev=(  d=0.095061  dMin=0.000000  dAvg=0.058126  dMax=3.837329  Dlo=0.029063  Dhi=1.947727  err=0.000000  inc=-0.919003  bucket 0->0  (mf=1000)
[MF-SEL] tPrev=(  d=0.094595  dMin=0.000000  dAvg=0.058165  dMax=3.837329  Dlo=0.029082  Dhi=1.947747  err=0.000000  inc=-0.919003  bucket 0->0  (mf=1000)
[MF-SEL] tPrev=(  d=0.091620  dMin=0.000000  dAvg=0.058201  dMax=3.837329  Dlo=0.029100  Dhi=1.947765  err=0.000000  inc=-0.919003  bucket 0->0  (mf=1000)
[MF-SEL] tPrev=(  d=0.093482  dMin=0.000000  dAvg=0.058238  dMax=3.837329  Dlo=0.029119  Dhi=1.947784  err=0.000000  inc=-0.919003  bucket 0->0  (mf=1000)
[MF-SEL] tPrev=(  d=0.093181  dMin=0.000000  dAvg=0.058276  dMax=3.837329  Dlo=0.029138  Dhi=1.947802  err=0.000000  inc=-0.919003  bucket 0->0  (mf=1000)
[MF-SEL] tPrev=(  d=0.092930  dMin=0.000000  dAvg=0.058313  dMax=3.837329  Dlo=0.029156  Dhi=1.947821  err=0.000000  inc=-0.919003  bucket 0->0  (mf=1000)
[MF-SEL] tPrev=(  d=0.093162  dMin=0.000000  dAvg=0.058350  dMax=3.837329  Dlo=0.029175  Dhi=1.947839  err=0.000000  inc=-0.919003  bucket 0->0  (mf=1000)
[MF-SEL] tPrev=(  d=0.093225  dMin=0.000000  dAvg=0.058387  dMax=3.837329  Dlo=0.029193  Dhi=1.947858  err=0.000000  inc=-0.919003  bucket 0->0  (mf=1000)
[MF-SEL] tPrev=(  d=0.092924  dMin=0.000000  dAvg=0.058424  dMax=3.837329  Dlo=0.029212  Dhi=1.947876  err=0.000000  inc=-0.919003  bucket 0->0  (mf=1000)
[MF-SEL] tPrev=(  d=0.094271  dMin=0.000000  dAvg=0.058462  dMax=3.837329  Dlo=0.029231  Dhi=1.947895  err=0.000000  inc=-0.919003  bucket 0->0  (mf=1000)
[MF-SEL] tPrev=(  d=0.090661  dMin=0.000000  dAvg=0.058496  dMax=3.837329  Dlo=0.029248  Dhi=1.947912  err=0.000000  inc=-0.919003  bucket 0->0  (mf=1000)
[MF-SEL] tPrev=(  d=0.088388  dMin=0.000000  dAvg=0.058527  dMax=3.837329  Dlo=0.029264  Dhi=1.947928  err=0.000000  inc=-0.919003  bucket 0->0  (mf=1000)
[MF-SEL] tPrev=(  d=0.086382  dMin=0.000000  dAvg=0.058557  dMax=3.837329  Dlo=0.029278  Dhi=1.947943  err=0.000000  inc=-0.919003  bucket 0->0  (mf=1000)
[MF-SEL] tPrev=(  d=0.084243  dMin=0.000000  dAvg=0.058584  dMax=3.837329  Dlo=0.029292  Dhi=1.947956  err=0.000000  inc=-0.919003  bucket 0->0  (mf=1000)
[MF-SEL] tPrev=(  d=0.084399  dMin=0.000000  dAvg=0.058611  dMax=3.837329  Dlo=0.029306  Dhi=1.947970  err=0.000000  inc=-0.919003  bucket 0->0  (mf=1000)
[MF-SEL] tPrev=(  d=0.080803  dMin=0.000000  dAvg=0.058635  dMax=3.837329  Dlo=0.029317  Dhi=1.947982  err=0.000000  inc=-0.919003  bucket 0->0  (mf=1000)
[MF-SEL] tPrev=(  d=0.080101  dMin=0.000000  dAvg=0.058657  dMax=3.837329  Dlo=0.029329  Dhi=1.947993  err=0.000000  inc=-0.919003  bucket 0->0  (mf=1000)
[MF-SEL] tPrev=(  d=0.079437  dMin=0.000000  dAvg=0.058679  dMax=3.837329  Dlo=0.029340  Dhi=1.948004  err=0.000000  inc=-0.919003  bucket 0->0  (mf=1000)
[MF-SEL] tPrev=(  d=0.078670  dMin=0.000000  dAvg=0.058700  dMax=3.837329  Dlo=0.029350  Dhi=1.948015  err=0.000000  inc=-0.919003  bucket 0->0  (mf=1000)
[MF-SEL] tPrev=(  d=0.077406  dMin=0.000000  dAvg=0.058720  dMax=3.837329  Dlo=0.029360  Dhi=1.948024  err=0.000000  inc=-0.919003  bucket 0->0  (mf=1000)
[MF-SEL] tPrev=(  d=0.074834  dMin=0.000000  dAvg=0.058737  dMax=3.837329  Dlo=0.029368  Dhi=1.948033  err=0.000000  inc=-0.919003  bucket 0->0  (mf=1000)
[MF-SEL] tPrev=(  d=0.082189  dMin=0.000000  dAvg=0.058761  dMax=3.837329  Dlo=0.029381  Dhi=1.948045  err=0.000000  inc=-0.919003  bucket 0->0  (mf=1000)
[MF-SEL] tPrev=(  d=0.069325  dMin=0.000000  dAvg=0.058772  dMax=3.837329  Dlo=0.029386  Dhi=1.948051  err=0.000000  inc=-0.919003  bucket 0->0  (mf=1000)
[MF-SEL] tPrev=(  d=0.066547  dMin=0.000000  dAvg=0.058781  dMax=3.837329  Dlo=0.029390  Dhi=1.948055  err=0.000000  inc=-0.919003  bucket 0->0  (mf=1000)
[MF-SEL] tPrev=(  d=0.064184  dMin=0.000000  dAvg=0.058786  dMax=3.837329  Dlo=0.029393  Dhi=1.948058  err=0.000000  inc=-0.919003  bucket 0->0  (mf=1000)
[MF-SEL] tPrev=(  d=0.062688  dMin=0.000000  dAvg=0.058790  dMax=3.837329  Dlo=0.029395  Dhi=1.948060  err=0.000000  inc=-0.919003  bucket 0->0  (mf=1000)
[MF-SEL] tPrev=(  d=0.059652  dMin=0.000000  dAvg=0.058791  dMax=3.837329  Dlo=0.029396  Dhi=1.948060  err=0.000000  inc=-0.919003  bucket 0->0  (mf=1000)
[MF-SEL] tPrev=(  d=0.083415  dMin=0.000000  dAvg=0.058817  dMax=3.837329  Dlo=0.029408  Dhi=1.948073  err=0.000000  inc=-0.919003  bucket 0->0  (mf=1000)
[MF-SEL] tPrev=(  d=0.056097  dMin=0.000000  dAvg=0.058814  dMax=3.837329  Dlo=0.029407  Dhi=1.948071  err=0.000000  inc=-0.919003  bucket 0->0  (mf=1000)
[MF-SEL] tPrev=(  d=0.055138  dMin=0.000000  dAvg=0.058810  dMax=3.837329  Dlo=0.029405  Dhi=1.948070  err=0.000000  inc=-0.919003  bucket 0->0  (mf=1000)
[MF-SEL] tPrev=(  d=0.055243  dMin=0.000000  dAvg=0.058807  dMax=3.837329  Dlo=0.029403  Dhi=1.948068  err=0.000000  inc=-0.919003  bucket 0->0  (mf=1000)
[MF-SEL] tPrev=(  d=0.055383  dMin=0.000000  dAvg=0.058803  dMax=3.837329  Dlo=0.029401  Dhi=1.948066  err=0.000000  inc=-0.919003  bucket 0->0  (mf=1000)
[MF-SEL] tPrev=(  d=0.056047  dMin=0.000000  dAvg=0.058800  dMax=3.837329  Dlo=0.029400  Dhi=1.948065  err=0.000000  inc=-0.919003  bucket 0->0  (mf=1000)
[MF-SEL] tPrev=(  d=0.057189  dMin=0.000000  dAvg=0.058798  dMax=3.837329  Dlo=0.029399  Dhi=1.948064  err=0.000000  inc=-0.919003  bucket 0->0  (mf=1000)
[MF-SEL] tPrev=(  d=0.057159  dMin=0.000000  dAvg=0.058797  dMax=3.837329  Dlo=0.029398  Dhi=1.948063  err=0.000000  inc=-0.919003  bucket 0->0  (mf=1000)
[MF-SEL] tPrev=(  d=0.058690  dMin=0.000000  dAvg=0.058797  dMax=3.837329  Dlo=0.029398  Dhi=1.948063  err=0.000000  inc=-0.919003  bucket 0->0  (mf=1000)
[MF-SEL] tPrev=(  d=0.092485  dMin=0.000000  dAvg=0.058831  dMax=3.837329  Dlo=0.029416  Dhi=1.948080  err=0.000000  inc=-0.919003  bucket 0->0  (mf=1000)
[MF-SEL] tPrev=(  d=0.057150  dMin=0.000000  dAvg=0.058830  dMax=3.837329  Dlo=0.029415  Dhi=1.948079  err=0.000000  inc=-0.919003  bucket 0->0  (mf=1000)
[MF-SEL] tPrev=(  d=0.056095  dMin=0.000000  dAvg=0.058827  dMax=3.837329  Dlo=0.029413  Dhi=1.948078  err=0.000000  inc=-0.919003  bucket 0->0  (mf=1000)
[MF-SEL] tPrev=(  d=0.054545  dMin=0.000000  dAvg=0.058822  dMax=3.837329  Dlo=0.029411  Dhi=1.948076  err=0.000000  inc=-0.919003  bucket 0->0  (mf=1000)
[MF-SEL] tPrev=(  d=0.053920  dMin=0.000000  dAvg=0.058817  dMax=3.837329  Dlo=0.029409  Dhi=1.948073  err=0.000000  inc=-0.919003  bucket 0->0  (mf=1000)
[MF-SEL] tPrev=(  d=0.053734  dMin=0.000000  dAvg=0.058812  dMax=3.837329  Dlo=0.029406  Dhi=1.948071  err=0.000000  inc=-0.919003  bucket 0->0  (mf=1000)
[MF-SEL] tPrev=(  d=0.052567  dMin=0.000000  dAvg=0.058806  dMax=3.837329  Dlo=0.029403  Dhi=1.948067  err=0.000000  inc=-0.919003  bucket 0->0  (mf=1000)
[MF-SEL] tPrev=(  d=0.056461  dMin=0.000000  dAvg=0.058803  dMax=3.837329  Dlo=0.029402  Dhi=1.948066  err=0.000000  inc=-0.919003  bucket 0->0  (mf=1000)
[MF-SEL] tPrev=(  d=0.050453  dMin=0.000000  dAvg=0.058795  dMax=3.837329  Dlo=0.029397  Dhi=1.948062  err=0.000000  inc=-0.919003  bucket 0->0  (mf=1000)
[MF-SEL] tPrev=(  d=0.050690  dMin=0.000000  dAvg=0.058787  dMax=3.837329  Dlo=0.029393  Dhi=1.948058  err=0.000000  inc=-0.919003  bucket 0->0  (mf=1000)
[MF-SEL] tPrev=(  d=0.051640  dMin=0.000000  dAvg=0.058779  dMax=3.837329  Dlo=0.029390  Dhi=1.948054  err=0.000000  inc=-0.919003  bucket 0->0  (mf=1000)
[MF-SEL] tPrev=(  d=0.052434  dMin=0.000000  dAvg=0.058773  dMax=3.837329  Dlo=0.029386  Dhi=1.948051  err=0.000000  inc=-0.919003  bucket 0->0  (mf=1000)
[MF-SEL] tPrev=(  d=0.052640  dMin=0.000000  dAvg=0.058767  dMax=3.837329  Dlo=0.029383  Dhi=1.948048  err=0.000000  inc=-0.919003  bucket 0->0  (mf=1000)
[MF-SEL] tPrev=(  d=0.052547  dMin=0.000000  dAvg=0.058760  dMax=3.837329  Dlo=0.029380  Dhi=1.948045  err=0.000000  inc=-0.919003  bucket 0->0  (mf=1000)
[MF-SEL] tPrev=(  d=0.052585  dMin=0.000000  dAvg=0.058754  dMax=3.837329  Dlo=0.029377  Dhi=1.948041  err=0.000000  inc=-0.919003  bucket 0->0  (mf=1000)
[MF-SEL] tPrev=(  d=0.052482  dMin=0.000000  dAvg=0.058748  dMax=3.837329  Dlo=0.029374  Dhi=1.948038  err=0.000000  inc=-0.919003  bucket 0->0  (mf=1000)
[MF-SEL] tPrev=(  d=0.053217  dMin=0.000000  dAvg=0.058742  dMax=3.837329  Dlo=0.029371  Dhi=1.948035  err=0.000000  inc=-0.919003  bucket 0->0  (mf=1000)
[MF-SEL] tPrev=(  d=0.061908  dMin=0.000000  dAvg=0.058745  dMax=3.837329  Dlo=0.029373  Dhi=1.948037  err=0.000000  inc=-0.919003  bucket 0->0  (mf=1000)
[MF-SEL] tPrev=(  d=0.056780  dMin=0.000000  dAvg=0.058743  dMax=3.837329  Dlo=0.029372  Dhi=1.948036  err=0.000000  inc=-0.919003  bucket 0->0  (mf=1000)
[MF-SEL] tPrev=(  d=0.059735  dMin=0.000000  dAvg=0.058744  dMax=3.837329  Dlo=0.029372  Dhi=1.948037  err=0.000000  inc=-0.919003  bucket 0->0  (mf=1000)
[MF-SEL] tPrev=(  d=0.062000  dMin=0.000000  dAvg=0.058747  dMax=3.837329  Dlo=0.029374  Dhi=1.948038  err=0.000000  inc=-0.919003  bucket 0->0  (mf=1000)
[MF-SEL] tPrev=(  d=0.064669  dMin=0.000000  dAvg=0.058753  dMax=3.837329  Dlo=0.029377  Dhi=1.948041  err=0.000000  inc=-0.919003  bucket 0->0  (mf=1000)
[MF-SEL] tPrev=(  d=0.066848  dMin=0.000000  dAvg=0.058762  dMax=3.837329  Dlo=0.029381  Dhi=1.948045  err=0.000000  inc=-0.919003  bucket 0->0  (mf=1000)
[MF-SEL] tPrev=(  d=0.068434  dMin=0.000000  dAvg=0.058771  dMax=3.837329  Dlo=0.029386  Dhi=1.948050  err=0.000000  inc=-0.919003  bucket 0->0  (mf=1000)
[MF-SEL] tPrev=(  d=0.069087  dMin=0.000000  dAvg=0.058782  dMax=3.837329  Dlo=0.029391  Dhi=1.948055  err=0.000000  inc=-0.919003  bucket 0->0  (mf=1000)
[MF-SEL] tPrev=(  d=0.069849  dMin=0.000000  dAvg=0.058793  dMax=3.837329  Dlo=0.029396  Dhi=1.948061  err=0.000000  inc=-0.919003  bucket 0->0  (mf=1000)
[MF-SEL] tPrev=(  d=0.075724  dMin=0.000000  dAvg=0.058810  dMax=3.837329  Dlo=0.029405  Dhi=1.948069  err=0.000000  inc=-0.919003  bucket 0->0  (mf=1000)
[MF-SEL] tPrev=(  d=0.069824  dMin=0.000000  dAvg=0.058821  dMax=3.837329  Dlo=0.029410  Dhi=1.948075  err=0.000000  inc=-0.919003  bucket 0->0  (mf=1000)
[MF-SEL] tPrev=(  d=0.069766  dMin=0.000000  dAvg=0.058832  dMax=3.837329  Dlo=0.029416  Dhi=1.948080  err=0.000000  inc=-0.919003  bucket 0->0  (mf=1000)
[MF-SEL] tPrev=(  d=0.069685  dMin=0.000000  dAvg=0.058843  dMax=3.837329  Dlo=0.029421  Dhi=1.948086  err=0.000000  inc=-0.919003  bucket 0->0  (mf=1000)
[MF-SEL] tPrev=(  d=0.075216  dMin=0.000000  dAvg=0.058859  dMax=3.837329  Dlo=0.029430  Dhi=1.948094  err=0.000000  inc=-0.919003  bucket 0->0  (mf=1000)
[MF-SEL] tPrev=(  d=0.069381  dMin=0.000000  dAvg=0.058870  dMax=3.837329  Dlo=0.029435  Dhi=1.948099  err=0.000000  inc=-0.919003  bucket 0->0  (mf=1000)
[MF-SEL] tPrev=(  d=0.069009  dMin=0.000000  dAvg=0.058880  dMax=3.837329  Dlo=0.029440  Dhi=1.948104  err=0.000000  inc=-0.919003  bucket 0->0  (mf=1000)
[MF-SEL] tPrev=(  d=0.069058  dMin=0.000000  dAvg=0.058890  dMax=3.837329  Dlo=0.029445  Dhi=1.948109  err=0.000000  inc=-0.919003  bucket 0->0  (mf=1000)
[MF-SEL] tPrev=(  d=0.069373  dMin=0.000000  dAvg=0.058900  dMax=3.837329  Dlo=0.029450  Dhi=1.948115  err=0.000000  inc=-0.919003  bucket 0->0  (mf=1000)
[MF-SEL] tPrev=(  d=0.066440  dMin=0.000000  dAvg=0.058908  dMax=3.837329  Dlo=0.029454  Dhi=1.948118  err=0.000000  inc=-0.919003  bucket 0->0  (mf=1000)
[MF-SEL] tPrev=(  d=0.072069  dMin=0.000000  dAvg=0.058921  dMax=3.837329  Dlo=0.029461  Dhi=1.948125  err=0.000000  inc=-0.919003  bucket 0->0  (mf=1000)
[MF-SEL] tPrev=(  d=0.072848  dMin=0.000000  dAvg=0.058935  dMax=3.837329  Dlo=0.029467  Dhi=1.948132  err=0.000000  inc=-0.919003  bucket 0->0  (mf=1000)
[MF-SEL] tPrev=(  d=0.074148  dMin=0.000000  dAvg=0.058950  dMax=3.837329  Dlo=0.029475  Dhi=1.948139  err=0.000000  inc=-0.919003  bucket 0->0  (mf=1000)
[MF-SEL] tPrev=(  d=0.074640  dMin=0.000000  dAvg=0.058966  dMax=3.837329  Dlo=0.029483  Dhi=1.948147  err=0.000000  inc=-0.919003  bucket 0->0  (mf=1000)
[MF-SEL] tPrev=(  d=0.076747  dMin=0.000000  dAvg=0.058983  dMax=3.837329  Dlo=0.029492  Dhi=1.948156  err=0.000000  inc=-0.919003  bucket 0->0  (mf=1000)
[MF-SEL] tPrev=(  d=0.078823  dMin=0.000000  dAvg=0.059003  dMax=3.837329  Dlo=0.029501  Dhi=1.948166  err=0.000000  inc=-0.919003  bucket 0->0  (mf=1000)
[MF-SEL] tPrev=(  d=0.081293  dMin=0.000000  dAvg=0.059025  dMax=3.837329  Dlo=0.029512  Dhi=1.948177  err=0.000000  inc=-0.919003  bucket 0->0  (mf=1000)
[MF-SEL] tPrev=(  d=0.084775  dMin=0.000000  dAvg=0.059050  dMax=3.837329  Dlo=0.029525  Dhi=1.948190  err=0.000000  inc=-0.919003  bucket 0->0  (mf=1000)
[MF-SEL] tPrev=(  d=0.087795  dMin=0.000000  dAvg=0.059079  dMax=3.837329  Dlo=0.029539  Dhi=1.948204  err=0.000000  inc=-0.919003  bucket 0->0  (mf=1000)
[MF-SEL] tPrev=(  d=0.090328  dMin=0.000000  dAvg=0.059109  dMax=3.837329  Dlo=0.029555  Dhi=1.948219  err=0.000000  inc=-0.919003  bucket 0->0  (mf=1000)
[MF-SEL] tPrev=(  d=0.094483  dMin=0.000000  dAvg=0.059144  dMax=3.837329  Dlo=0.029572  Dhi=1.948237  err=0.000000  inc=-0.919003  bucket 0->0  (mf=1000)
[MF-SEL] tPrev=(  d=0.094069  dMin=0.000000  dAvg=0.059179  dMax=3.837329  Dlo=0.029589  Dhi=1.948254  err=0.000000  inc=-0.919003  bucket 0->0  (mf=1000)
[MF-SEL] tPrev=(  d=0.094717  dMin=0.000000  dAvg=0.059214  dMax=3.837329  Dlo=0.029607  Dhi=1.948271  err=0.000000  inc=-0.919003  bucket 0->0  (mf=1000)
[MF-SEL] tPrev=(  d=0.095042  dMin=0.000000  dAvg=0.059249  dMax=3.837329  Dlo=0.029624  Dhi=1.948289  err=0.000000  inc=-0.919003  bucket 0->0  (mf=1000)
[MF-SEL] tPrev=(  d=0.095154  dMin=0.000000  dAvg=0.059284  dMax=3.837329  Dlo=0.029642  Dhi=1.948307  err=0.000000  inc=-0.919003  bucket 0->0  (mf=1000)
[MF-SEL] tPrev=(  d=0.090541  dMin=0.000000  dAvg=0.059315  dMax=3.837329  Dlo=0.029657  Dhi=1.948322  err=0.000000  inc=-0.919003  bucket 0->0  (mf=1000)
[MF-SEL] tPrev=(  d=0.096687  dMin=0.000000  dAvg=0.059351  dMax=3.837329  Dlo=0.029676  Dhi=1.948340  err=0.000000  inc=-0.919003  bucket 0->0  (mf=1000)
[MF-SEL] tPrev=(  d=0.098086  dMin=0.000000  dAvg=0.059389  dMax=3.837329  Dlo=0.029695  Dhi=1.948359  err=0.000000  inc=-0.919003  bucket 0->0  (mf=1000)
[MF-SEL] tPrev=(  d=0.098450  dMin=0.000000  dAvg=0.059427  dMax=3.837329  Dlo=0.029714  Dhi=1.948378  err=0.000000  inc=-0.919003  bucket 0->0  (mf=1000)
[MF-SEL] tPrev=(  d=0.100059  dMin=0.000000  dAvg=0.059467  dMax=3.837329  Dlo=0.029734  Dhi=1.948398  err=0.000000  inc=-0.919003  bucket 0->0  (mf=1000)
[MF-SEL] tPrev=(  d=0.094063  dMin=0.000000  dAvg=0.059501  dMax=3.837329  Dlo=0.029750  Dhi=1.948415  err=0.000000  inc=-0.919003  bucket 0->0  (mf=1000)
[MF-SEL] tPrev=(  d=0.100605  dMin=0.000000  dAvg=0.059541  dMax=3.837329  Dlo=0.029770  Dhi=1.948435  err=0.000000  inc=-0.919003  bucket 0->0  (mf=1000)
[MF-SEL] tPrev=(  d=0.100145  dMin=0.000000  dAvg=0.059580  dMax=3.837329  Dlo=0.029790  Dhi=1.948455  err=0.000000  inc=-0.919003  bucket 0->0  (mf=1000)
[MF-SEL] tPrev=(  d=0.099230  dMin=0.000000  dAvg=0.059619  dMax=3.837329  Dlo=0.029810  Dhi=1.948474  err=0.000000  inc=-0.919003  bucket 0->0  (mf=1000)
[MF-SEL] tPrev=(  d=0.098478  dMin=0.000000  dAvg=0.059657  dMax=3.837329  Dlo=0.029828  Dhi=1.948493  err=0.000000  inc=-0.919003  bucket 0->0  (mf=1000)
[MF-SEL] tPrev=(  d=0.097602  dMin=0.000000  dAvg=0.059694  dMax=3.837329  Dlo=0.029847  Dhi=1.948511  err=0.000000  inc=-0.919003  bucket 0->0  (mf=1000)
[MF-SEL] tPrev=(  d=0.093614  dMin=0.000000  dAvg=0.059727  dMax=3.837329  Dlo=0.029863  Dhi=1.948528  err=0.000000  inc=-0.919003  bucket 0->0  (mf=1000)
[MF-SEL] tPrev=(  d=0.097194  dMin=0.000000  dAvg=0.059763  dMax=3.837329  Dlo=0.029881  Dhi=1.948546  err=0.000000  inc=-0.919003  bucket 0->0  (mf=1000)
[MF-SEL] tPrev=(  d=0.096846  dMin=0.000000  dAvg=0.059799  dMax=3.837329  Dlo=0.029899  Dhi=1.948564  err=0.000000  inc=-0.919003  bucket 0->0  (mf=1000)
[MF-SEL] tPrev=(  d=0.096260  dMin=0.000000  dAvg=0.059834  dMax=3.837329  Dlo=0.029917  Dhi=1.948581  err=0.000000  inc=-0.919003  bucket 0->0  (mf=1000)
[MF-SEL] tPrev=(  d=0.095353  dMin=0.000000  dAvg=0.059868  dMax=3.837329  Dlo=0.029934  Dhi=1.948599  err=0.000000  inc=-0.919003  bucket 0->0  (mf=1000)
[MF-SEL] tPrev=(  d=0.085997  dMin=0.000000  dAvg=0.059894  dMax=3.837329  Dlo=0.029947  Dhi=1.948611  err=0.000000  inc=-0.919003  bucket 0->0  (mf=1000)
[MF-SEL] tPrev=(  d=0.093290  dMin=0.000000  dAvg=0.059926  dMax=3.837329  Dlo=0.029963  Dhi=1.948627  err=0.000000  inc=-0.919003  bucket 0->0  (mf=1000)
[MF-SEL] tPrev=(  d=0.091633  dMin=0.000000  dAvg=0.059956  dMax=3.837329  Dlo=0.029978  Dhi=1.948643  err=0.000000  inc=-0.919003  bucket 0->0  (mf=1000)
[MF-SEL] tPrev=(  d=0.090867  dMin=0.000000  dAvg=0.059986  dMax=3.837329  Dlo=0.029993  Dhi=1.948657  err=0.000000  inc=-0.919003  bucket 0->0  (mf=1000)
[MF-SEL] tPrev=(  d=0.088818  dMin=0.000000  dAvg=0.060014  dMax=3.837329  Dlo=0.030007  Dhi=1.948671  err=0.000000  inc=-0.919003  bucket 0->0  (mf=1000)
[MF-SEL] tPrev=(  d=0.088404  dMin=0.000000  dAvg=0.060041  dMax=3.837329  Dlo=0.030021  Dhi=1.948685  err=0.000000  inc=-0.919003  bucket 0->0  (mf=1000)
[MF-SEL] tPrev=(  d=0.074645  dMin=0.000000  dAvg=0.060055  dMax=3.837329  Dlo=0.030028  Dhi=1.948692  err=0.000000  inc=-0.919003  bucket 0->0  (mf=1000)
[MF-SEL] tPrev=(  d=0.088185  dMin=0.000000  dAvg=0.060082  dMax=3.837329  Dlo=0.030041  Dhi=1.948705  err=0.000000  inc=-0.919003  bucket 0->0  (mf=1000)
[MF-SEL] tPrev=(  d=0.089066  dMin=0.000000  dAvg=0.060110  dMax=3.837329  Dlo=0.030055  Dhi=1.948719  err=0.000000  inc=-0.919003  bucket 0->0  (mf=1000)
[MF-SEL] tPrev=(  d=0.089619  dMin=0.000000  dAvg=0.060138  dMax=3.837329  Dlo=0.030069  Dhi=1.948733  err=0.000000  inc=-0.919003  bucket 0->0  (mf=1000)
[MF-SEL] tPrev=(  d=0.085060  dMin=0.000000  dAvg=0.060162  dMax=3.837329  Dlo=0.030081  Dhi=1.948745  err=0.000000  inc=-0.919003  bucket 0->0  (mf=1000)
[MF-SEL] tPrev=(  d=0.089340  dMin=0.000000  dAvg=0.060190  dMax=3.837329  Dlo=0.030095  Dhi=1.948759  err=0.000000  inc=-0.919003  bucket 0->0  (mf=1000)
[MF-SEL] tPrev=(  d=0.088720  dMin=0.000000  dAvg=0.060217  dMax=3.837329  Dlo=0.030108  Dhi=1.948773  err=0.000000  inc=-0.919003  bucket 0->0  (mf=1000)
[MF-SEL] tPrev=(  d=0.088275  dMin=0.000000  dAvg=0.060244  dMax=3.837329  Dlo=0.030122  Dhi=1.948786  err=0.000000  inc=-0.919003  bucket 0->0  (mf=1000)
[MF-SEL] tPrev=(  d=0.087865  dMin=0.000000  dAvg=0.060270  dMax=3.837329  Dlo=0.030135  Dhi=1.948799  err=0.000000  inc=-0.919003  bucket 0->0  (mf=1000)
[MF-SEL] tPrev=(  d=0.087117  dMin=0.000000  dAvg=0.060296  dMax=3.837329  Dlo=0.030148  Dhi=1.948812  err=0.000000  inc=-0.919003  bucket 0->0  (mf=1000)
[MF-SEL] tPrev=(  d=0.086371  dMin=0.000000  dAvg=0.060320  dMax=3.837329  Dlo=0.030160  Dhi=1.948825  err=0.000000  inc=-0.919003  bucket 0->0  (mf=1000)
[MF-SEL] tPrev=(  d=0.077340  dMin=0.000000  dAvg=0.060336  dMax=3.837329  Dlo=0.030168  Dhi=1.948833  err=0.000000  inc=-0.919003  bucket 0->0  (mf=1000)
[MF-SEL] tPrev=(  d=0.085187  dMin=0.000000  dAvg=0.060360  dMax=3.837329  Dlo=0.030180  Dhi=1.948844  err=0.000000  inc=-0.919003  bucket 0->0  (mf=1000)
[MF-SEL] tPrev=(  d=0.085006  dMin=0.000000  dAvg=0.060383  dMax=3.837329  Dlo=0.030192  Dhi=1.948856  err=0.000000  inc=-0.919003  bucket 0->0  (mf=1000)
[MF-SEL] tPrev=(  d=0.084403  dMin=0.000000  dAvg=0.060406  dMax=3.837329  Dlo=0.030203  Dhi=1.948868  err=0.000000  inc=-0.919003  bucket 0->0  (mf=1000)
[MF-SEL] tPrev=(  d=0.084074  dMin=0.000000  dAvg=0.060429  dMax=3.837329  Dlo=0.030214  Dhi=1.948879  err=0.000000  inc=-0.919003  bucket 0->0  (mf=1000)
[MF-SEL] tPrev=(  d=0.083780  dMin=0.000000  dAvg=0.060451  dMax=3.837329  Dlo=0.030225  Dhi=1.948890  err=0.000000  inc=-0.919003  bucket 0->0  (mf=1000)
[MF-SEL] tPrev=(  d=0.083041  dMin=0.000000  dAvg=0.060472  dMax=3.837329  Dlo=0.030236  Dhi=1.948900  err=0.000000  inc=-0.919003  bucket 0->0  (mf=1000)
[MF-SEL] tPrev=(  d=0.066359  dMin=0.000000  dAvg=0.060478  dMax=3.837329  Dlo=0.030239  Dhi=1.948903  err=0.000000  inc=-0.919003  bucket 0->0  (mf=1000)
[MF-SEL] tPrev=(  d=0.083145  dMin=0.000000  dAvg=0.060499  dMax=3.837329  Dlo=0.030249  Dhi=1.948914  err=0.000000  inc=-0.919003  bucket 0->0  (mf=1000)
[MF-SEL] tPrev=(  d=0.083280  dMin=0.000000  dAvg=0.060520  dMax=3.837329  Dlo=0.030260  Dhi=1.948925  err=0.000000  inc=-0.919003  bucket 0->0  (mf=1000)
[MF-SEL] tPrev=(  d=0.083590  dMin=0.000000  dAvg=0.060542  dMax=3.837329  Dlo=0.030271  Dhi=1.948935  err=0.000000  inc=-0.919003  bucket 0->0  (mf=1000)
[MF-SEL] tPrev=(  d=0.084191  dMin=0.000000  dAvg=0.060564  dMax=3.837329  Dlo=0.030282  Dhi=1.948947  err=0.000000  inc=-0.919003  bucket 0->0  (mf=1000)
[MF-SEL] tPrev=(  d=0.069159  dMin=0.000000  dAvg=0.060572  dMax=3.837329  Dlo=0.030286  Dhi=1.948951  err=0.000000  inc=-0.919003  bucket 0->0  (mf=1000)
[MF-SEL] tPrev=(  d=0.085808  dMin=0.000000  dAvg=0.060596  dMax=3.837329  Dlo=0.030298  Dhi=1.948962  err=0.000000  inc=-0.919003  bucket 0->0  (mf=1000)
[MF-SEL] tPrev=(  d=0.084689  dMin=0.000000  dAvg=0.060619  dMax=3.837329  Dlo=0.030309  Dhi=1.948974  err=0.000000  inc=-0.919003  bucket 0->0  (mf=1000)
[MF-SEL] tPrev=(  d=0.083347  dMin=0.000000  dAvg=0.060640  dMax=3.837329  Dlo=0.030320  Dhi=1.948984  err=0.000000  inc=-0.919003  bucket 0->0  (mf=1000)
[MF-SEL] tPrev=(  d=0.082781  dMin=0.000000  dAvg=0.060661  dMax=3.837329  Dlo=0.030330  Dhi=1.948995  err=0.000000  inc=-0.919003  bucket 0->0  (mf=1000)
[MF-SEL] tPrev=(  d=0.083459  dMin=0.000000  dAvg=0.060682  dMax=3.837329  Dlo=0.030341  Dhi=1.949005  err=0.000000  inc=-0.919003  bucket 0->0  (mf=1000)
[MF-SEL] tPrev=(  d=0.084285  dMin=0.000000  dAvg=0.060704  dMax=3.837329  Dlo=0.030352  Dhi=1.949016  err=0.000000  inc=-0.919003  bucket 0->0  (mf=1000)
[MF-SEL] tPrev=(  d=0.085374  dMin=0.000000  dAvg=0.060727  dMax=3.837329  Dlo=0.030363  Dhi=1.949028  err=0.000000  inc=-0.919003  bucket 0->0  (mf=1000)
[MF-SEL] tPrev=(  d=0.084381  dMin=0.000000  dAvg=0.060749  dMax=3.837329  Dlo=0.030374  Dhi=1.949039  err=0.000000  inc=-0.919003  bucket 0->0  (mf=1000)
[MF-SEL] tPrev=(  d=0.086593  dMin=0.000000  dAvg=0.060773  dMax=3.837329  Dlo=0.030387  Dhi=1.949051  err=0.000000  inc=-0.919003  bucket 0->0  (mf=1000)
[MF-SEL] tPrev=(  d=0.087481  dMin=0.000000  dAvg=0.060798  dMax=3.837329  Dlo=0.030399  Dhi=1.949063  err=0.000000  inc=-0.919003  bucket 0->0  (mf=1000)
[MF-SEL] tPrev=(  d=0.088735  dMin=0.000000  dAvg=0.060824  dMax=3.837329  Dlo=0.030412  Dhi=1.949076  err=0.000000  inc=-0.919003  bucket 0->0  (mf=1000)
[MF-SEL] tPrev=(  d=0.089376  dMin=0.000000  dAvg=0.060850  dMax=3.837329  Dlo=0.030425  Dhi=1.949090  err=0.000000  inc=-0.919003  bucket 0->0  (mf=1000)
[MF-SEL] tPrev=(  d=0.090228  dMin=0.000000  dAvg=0.060878  dMax=3.837329  Dlo=0.030439  Dhi=1.949103  err=0.000000  inc=-0.919003  bucket 0->0  (mf=1000)
[MF-SEL] tPrev=(  d=0.104264  dMin=0.000000  dAvg=0.060918  dMax=3.837329  Dlo=0.030459  Dhi=1.949123  err=0.000000  inc=-0.919003  bucket 0->0  (mf=1000)
[MF-SEL] tPrev=(  d=0.090883  dMin=0.000000  dAvg=0.060946  dMax=3.837329  Dlo=0.030473  Dhi=1.949137  err=0.000000  inc=-0.919003  bucket 0->0  (mf=1000)
[MF-SEL] tPrev=(  d=0.090868  dMin=0.000000  dAvg=0.060973  dMax=3.837329  Dlo=0.030487  Dhi=1.949151  err=0.000000  inc=-0.919003  bucket 0->0  (mf=1000)
[MF-SEL] tPrev=(  d=0.090602  dMin=0.000000  dAvg=0.061001  dMax=3.837329  Dlo=0.030500  Dhi=1.949165  err=0.000000  inc=-0.919003  bucket 0->0  (mf=1000)
[MF-SEL] tPrev=(  d=0.109186  dMin=0.000000  dAvg=0.061045  dMax=3.837329  Dlo=0.030523  Dhi=1.949187  err=0.000000  inc=-0.919003  bucket 0->0  (mf=1000)
[MF-SEL] tPrev=(  d=0.089584  dMin=0.000000  dAvg=0.061071  dMax=3.837329  Dlo=0.030536  Dhi=1.949200  err=0.000000  inc=-0.919003  bucket 0->0  (mf=1000)
[MF-SEL] tPrev=(  d=0.088984  dMin=0.000000  dAvg=0.061097  dMax=3.837329  Dlo=0.030549  Dhi=1.949213  err=0.000000  inc=-0.919003  bucket 0->0  (mf=1000)
[MF-SEL] tPrev=(  d=0.086571  dMin=0.000000  dAvg=0.061121  dMax=3.837329  Dlo=0.030560  Dhi=1.949225  err=0.000000  inc=-0.919003  bucket 0->0  (mf=1000)
[MF-SEL] tPrev=(  d=0.107172  dMin=0.000000  dAvg=0.061163  dMax=3.837329  Dlo=0.030581  Dhi=1.949246  err=0.000000  inc=-0.919003  bucket 0->0  (mf=1000)
[MF-SEL] tPrev=(  d=0.083125  dMin=0.000000  dAvg=0.061183  dMax=3.837329  Dlo=0.030592  Dhi=1.949256  err=0.000000  inc=-0.919003  bucket 0->0  (mf=1000)
[MF-SEL] tPrev=(  d=0.080625  dMin=0.000000  dAvg=0.061201  dMax=3.837329  Dlo=0.030601  Dhi=1.949265  err=0.000000  inc=-0.919003  bucket 0->0  (mf=1000)
[MF-SEL] tPrev=(  d=0.077593  dMin=0.000000  dAvg=0.061216  dMax=3.837329  Dlo=0.030608  Dhi=1.949272  err=0.000000  inc=-0.919003  bucket 0->0  (mf=1000)
[MF-SEL] tPrev=(  d=0.089882  dMin=0.000000  dAvg=0.061242  dMax=3.837329  Dlo=0.030621  Dhi=1.949286  err=0.000000  inc=-0.919003  bucket 0->0  (mf=1000)
[MF-SEL] tPrev=(  d=0.074218  dMin=0.000000  dAvg=0.061254  dMax=3.837329  Dlo=0.030627  Dhi=1.949292  err=0.000000  inc=-0.919003  bucket 0->0  (mf=1000)
[MF-SEL] tPrev=(  d=0.072967  dMin=0.000000  dAvg=0.061265  dMax=3.837329  Dlo=0.030632  Dhi=1.949297  err=0.000000  inc=-0.919003  bucket 0->0  (mf=1000)
[MF-SEL] tPrev=(  d=0.071541  dMin=0.000000  dAvg=0.061274  dMax=3.837329  Dlo=0.030637  Dhi=1.949302  err=0.000000  inc=-0.919003  bucket 0->0  (mf=1000)
[MF-SEL] tPrev=(  d=0.084168  dMin=0.000000  dAvg=0.061295  dMax=3.837329  Dlo=0.030648  Dhi=1.949312  err=0.000000  inc=-0.919003  bucket 0->0  (mf=1000)
[MF-SEL] tPrev=(  d=0.067147  dMin=0.000000  dAvg=0.061301  dMax=3.837329  Dlo=0.030650  Dhi=1.949315  err=0.000000  inc=-0.919003  bucket 0->0  (mf=1000)
[MF-SEL] tPrev=(  d=0.065187  dMin=0.000000  dAvg=0.061304  dMax=3.837329  Dlo=0.030652  Dhi=1.949317  err=0.000000  inc=-0.919003  bucket 0->0  (mf=1000)
[MF-SEL] tPrev=(  d=0.064228  dMin=0.000000  dAvg=0.061307  dMax=3.837329  Dlo=0.030653  Dhi=1.949318  err=0.000000  inc=-0.919003  bucket 0->0  (mf=1000)
[MF-SEL] tPrev=(  d=0.063351  dMin=0.000000  dAvg=0.061309  dMax=3.837329  Dlo=0.030654  Dhi=1.949319  err=0.000000  inc=-0.919003  bucket 0->0  (mf=1000)
[MF-SEL] tPrev=(  d=0.061792  dMin=0.000000  dAvg=0.061309  dMax=3.837329  Dlo=0.030655  Dhi=1.949319  err=0.000000  inc=-0.919003  bucket 0->0  (mf=1000)
[MF-SEL] tPrev=(  d=0.059891  dMin=0.000000  dAvg=0.061308  dMax=3.837329  Dlo=0.030654  Dhi=1.949318  err=0.000000  inc=-0.919003  bucket 0->0  (mf=1000)
[MF-SEL] tPrev=(  d=0.065760  dMin=0.000000  dAvg=0.061312  dMax=3.837329  Dlo=0.030656  Dhi=1.949320  err=0.000000  inc=-0.919003  bucket 0->0  (mf=1000)
[MF-SEL] tPrev=(  d=0.057334  dMin=0.000000  dAvg=0.061308  dMax=3.837329  Dlo=0.030654  Dhi=1.949319  err=0.000000  inc=-0.919003  bucket 0->0  (mf=1000)
[MF-SEL] tPrev=(  d=0.055772  dMin=0.000000  dAvg=0.061303  dMax=3.837329  Dlo=0.030652  Dhi=1.949316  err=0.000000  inc=-0.919003  bucket 0->0  (mf=1000)
[MF-SEL] tPrev=(  d=0.054527  dMin=0.000000  dAvg=0.061297  dMax=3.837329  Dlo=0.030649  Dhi=1.949313  err=0.000000  inc=-0.919003  bucket 0->0  (mf=1000)
[MF-SEL] tPrev=(  d=0.053099  dMin=0.000000  dAvg=0.061290  dMax=3.837329  Dlo=0.030645  Dhi=1.949309  err=0.000000  inc=-0.919003  bucket 0->0  (mf=1000)
[MF-SEL] tPrev=(  d=0.051672  dMin=0.000000  dAvg=0.061281  dMax=3.837329  Dlo=0.030640  Dhi=1.949305  err=0.000000  inc=-0.919003  bucket 0->0  (mf=1000)
[MF-SEL] tPrev=(  d=0.050204  dMin=0.000000  dAvg=0.061271  dMax=3.837329  Dlo=0.030635  Dhi=1.949300  err=0.000000  inc=-0.919003  bucket 0->0  (mf=1000)
[MF-SEL] tPrev=(  d=0.048267  dMin=0.000000  dAvg=0.061259  dMax=3.837329  Dlo=0.030630  Dhi=1.949294  err=0.000000  inc=-0.919003  bucket 0->0  (mf=1000)
[MF-SEL] tPrev=(  d=0.047250  dMin=0.000000  dAvg=0.061247  dMax=3.837329  Dlo=0.030623  Dhi=1.949288  err=0.000000  inc=-0.919003  bucket 0->0  (mf=1000)
[MF-SEL] tPrev=(  d=0.046235  dMin=0.000000  dAvg=0.061233  dMax=3.837329  Dlo=0.030617  Dhi=1.949281  err=0.000000  inc=-0.919003  bucket 0->0  (mf=1000)
[MF-SEL] tPrev=(  d=0.048814  dMin=0.000000  dAvg=0.061222  dMax=3.837329  Dlo=0.030611  Dhi=1.949275  err=0.000000  inc=-0.919003  bucket 0->0  (mf=1000)
[MF-SEL] tPrev=(  d=0.045070  dMin=0.000000  dAvg=0.061207  dMax=3.837329  Dlo=0.030604  Dhi=1.949268  err=0.000000  inc=-0.919003  bucket 0->0  (mf=1000)
[MF-SEL] tPrev=(  d=0.045085  dMin=0.000000  dAvg=0.061193  dMax=3.837329  Dlo=0.030596  Dhi=1.949261  err=0.000000  inc=-0.919003  bucket 0->0  (mf=1000)
[MF-SEL] tPrev=(  d=0.044777  dMin=0.000000  dAvg=0.061178  dMax=3.837329  Dlo=0.030589  Dhi=1.949254  err=0.000000  inc=-0.919003  bucket 0->0  (mf=1000)
[MF-SEL] tPrev=(  d=0.044453  dMin=0.000000  dAvg=0.061163  dMax=3.837329  Dlo=0.030582  Dhi=1.949246  err=0.000000  inc=-0.919003  bucket 0->0  (mf=1000)
[MF-SEL] tPrev=(  d=0.044956  dMin=0.000000  dAvg=0.061149  dMax=3.837329  Dlo=0.030574  Dhi=1.949239  err=0.000000  inc=-0.919003  bucket 0->0  (mf=1000)
[MF-SEL] tPrev=(  d=0.044779  dMin=0.000000  dAvg=0.061134  dMax=3.837329  Dlo=0.030567  Dhi=1.949232  err=0.000000  inc=-0.919003  bucket 0->0  (mf=1000)
[MF-SEL] tPrev=(  d=0.045534  dMin=0.000000  dAvg=0.061120  dMax=3.837329  Dlo=0.030560  Dhi=1.949225  err=0.000000  inc=-0.919003  bucket 0->0  (mf=1000)
[MF-SEL] tPrev=(  d=0.048685  dMin=0.000000  dAvg=0.061109  dMax=3.837329  Dlo=0.030555  Dhi=1.949219  err=0.000000  inc=-0.919003  bucket 0->0  (mf=1000)
[MF-SEL] tPrev=(  d=0.045463  dMin=0.000000  dAvg=0.061095  dMax=3.837329  Dlo=0.030548  Dhi=1.949212  err=0.000000  inc=-0.919003  bucket 0->0  (mf=1000)
[MF-SEL] tPrev=(  d=0.045451  dMin=0.000000  dAvg=0.061081  dMax=3.837329  Dlo=0.030541  Dhi=1.949205  err=0.000000  inc=-0.919003  bucket 0->0  (mf=1000)
[MF-SEL] tPrev=(  d=0.044796  dMin=0.000000  dAvg=0.061067  dMax=3.837329  Dlo=0.030533  Dhi=1.949198  err=0.000000  inc=-0.919003  bucket 0->0  (mf=1000)
[MF-SEL] tPrev=(  d=0.043888  dMin=0.000000  dAvg=0.061051  dMax=3.837329  Dlo=0.030526  Dhi=1.949190  err=0.000000  inc=-0.919003  bucket 0->0  (mf=1000)
[MF-SEL] tPrev=(  d=0.042969  dMin=0.000000  dAvg=0.061035  dMax=3.837329  Dlo=0.030518  Dhi=1.949182  err=0.000000  inc=-0.919003  bucket 0->0  (mf=1000)
[MF-SEL] tPrev=(  d=0.042189  dMin=0.000000  dAvg=0.061019  dMax=3.837329  Dlo=0.030509  Dhi=1.949174  err=0.000000  inc=-0.919003  bucket 0->0  (mf=1000)
[MF-SEL] tPrev=(  d=0.041426  dMin=0.000000  dAvg=0.061001  dMax=3.837329  Dlo=0.030501  Dhi=1.949165  err=0.000000  inc=-0.919003  bucket 0->0  (mf=1000)
[MF-SEL] tPrev=(  d=0.032927  dMin=0.000000  dAvg=0.060976  dMax=3.837329  Dlo=0.030488  Dhi=1.949153  err=0.000000  inc=-0.919003  bucket 0->0  (mf=1000)
[MF-SEL] tPrev=(  d=0.041517  dMin=0.000000  dAvg=0.060959  dMax=3.837329  Dlo=0.030480  Dhi=1.949144  err=0.000000  inc=-0.919003  bucket 0->0  (mf=1000)
[MF-SEL] tPrev=(  d=0.042499  dMin=0.000000  dAvg=0.060943  dMax=3.837329  Dlo=0.030471  Dhi=1.949136  err=0.000000  inc=-0.919003  bucket 0->0  (mf=1000)
[MF-SEL] tPrev=(  d=0.044117  dMin=0.000000  dAvg=0.060928  dMax=3.837329  Dlo=0.030464  Dhi=1.949128  err=0.000000  inc=-0.919003  bucket 0->0  (mf=1000)
[MF-SEL] tPrev=(  d=0.045873  dMin=0.000000  dAvg=0.060915  dMax=3.837329  Dlo=0.030457  Dhi=1.949122  err=0.000000  inc=-0.919003  bucket 0->0  (mf=1000)
[MF-SEL] tPrev=(  d=0.047988  dMin=0.000000  dAvg=0.060903  dMax=3.837329  Dlo=0.030452  Dhi=1.949116  err=0.000000  inc=-0.919003  bucket 0->0  (mf=1000)
[MF-SEL] tPrev=(  d=0.050023  dMin=0.000000  dAvg=0.060894  dMax=3.837329  Dlo=0.030447  Dhi=1.949111  err=0.000000  inc=-0.919003  bucket 0->0  (mf=1000)
[MF-SEL] tPrev=(  d=0.052543  dMin=0.000000  dAvg=0.060886  dMax=3.837329  Dlo=0.030443  Dhi=1.949108  err=0.000000  inc=-0.919003  bucket 0->0  (mf=1000)
[MF-SEL] tPrev=(  d=0.050346  dMin=0.000000  dAvg=0.060877  dMax=3.837329  Dlo=0.030438  Dhi=1.949103  err=0.000000  inc=-0.919003  bucket 0->0  (mf=1000)
[MF-SEL] tPrev=(  d=0.055240  dMin=0.000000  dAvg=0.060872  dMax=3.837329  Dlo=0.030436  Dhi=1.949100  err=0.000000  inc=-0.919003  bucket 0->0  (mf=1000)
[MF-SEL] tPrev=(  d=0.056242  dMin=0.000000  dAvg=0.060868  dMax=3.837329  Dlo=0.030434  Dhi=1.949098  err=0.000000  inc=-0.919003  bucket 0->0  (mf=1000)
[MF-SEL] tPrev=(  d=0.056755  dMin=0.000000  dAvg=0.060864  dMax=3.837329  Dlo=0.030432  Dhi=1.949097  err=0.000000  inc=-0.919003  bucket 0->0  (mf=1000)
[MF-SEL] tPrev=(  d=0.056850  dMin=0.000000  dAvg=0.060861  dMax=3.837329  Dlo=0.030430  Dhi=1.949095  err=0.000000  inc=-0.919003  bucket 0->0  (mf=1000)
[MF-SEL] tPrev=(  d=0.057067  dMin=0.000000  dAvg=0.060857  dMax=3.837329  Dlo=0.030429  Dhi=1.949093  err=0.000000  inc=-0.919003  bucket 0->0  (mf=1000)
[MF-SEL] tPrev=(  d=0.057301  dMin=0.000000  dAvg=0.060854  dMax=3.837329  Dlo=0.030427  Dhi=1.949092  err=0.000000  inc=-0.919003  bucket 0->0  (mf=1000)
[MF-SEL] tPrev=(  d=0.057584  dMin=0.000000  dAvg=0.060851  dMax=3.837329  Dlo=0.030426  Dhi=1.949090  err=0.000000  inc=-0.919003  bucket 0->0  (mf=1000)
[MF-SEL] tPrev=(  d=0.056720  dMin=0.000000  dAvg=0.060848  dMax=3.837329  Dlo=0.030424  Dhi=1.949088  err=0.000000  inc=-0.919003  bucket 0->0  (mf=1000)
[MF-SEL] tPrev=(  d=0.058405  dMin=0.000000  dAvg=0.060846  dMax=3.837329  Dlo=0.030423  Dhi=1.949087  err=0.000000  inc=-0.919003  bucket 0->0  (mf=1000)
[MF-SEL] tPrev=(  d=0.059193  dMin=0.000000  dAvg=0.060844  dMax=3.837329  Dlo=0.030422  Dhi=1.949087  err=0.000000  inc=-0.919003  bucket 0->0  (mf=1000)
[MF-SEL] tPrev=(  d=0.059836  dMin=0.000000  dAvg=0.060843  dMax=3.837329  Dlo=0.030422  Dhi=1.949086  err=0.000000  inc=-0.919003  bucket 0->0  (mf=1000)
[MF-SEL] tPrev=(  d=0.061069  dMin=0.000000  dAvg=0.060844  dMax=3.837329  Dlo=0.030422  Dhi=1.949086  err=0.000000  inc=-0.919003  bucket 0->0  (mf=1000)
[MF-SEL] tPrev=(  d=0.061817  dMin=0.000000  dAvg=0.060844  dMax=3.837329  Dlo=0.030422  Dhi=1.949087  err=0.000000  inc=-0.919003  bucket 0->0  (mf=1000)
[MF-SEL] tPrev=(  d=0.062318  dMin=0.000000  dAvg=0.060846  dMax=3.837329  Dlo=0.030423  Dhi=1.949087  err=0.000000  inc=-0.919003  bucket 0->0  (mf=1000)
[MF-SEL] tPrev=(  d=0.063452  dMin=0.000000  dAvg=0.060848  dMax=3.837329  Dlo=0.030424  Dhi=1.949088  err=0.000000  inc=-0.919003  bucket 0->0  (mf=1000)
[MF-SEL] tPrev=(  d=0.057693  dMin=0.000000  dAvg=0.060845  dMax=3.837329  Dlo=0.030423  Dhi=1.949087  err=0.000000  inc=-0.919003  bucket 0->0  (mf=1000)
[MF-SEL] tPrev=(  d=0.064787  dMin=0.000000  dAvg=0.060849  dMax=3.837329  Dlo=0.030424  Dhi=1.949089  err=0.000000  inc=-0.919003  bucket 0->0  (mf=1000)
[MF-SEL] tPrev=(  d=0.065827  dMin=0.000000  dAvg=0.060853  dMax=3.837329  Dlo=0.030426  Dhi=1.949091  err=0.000000  inc=-0.919003  bucket 0->0  (mf=1000)
[MF-SEL] tPrev=(  d=0.065887  dMin=0.000000  dAvg=0.060857  dMax=3.837329  Dlo=0.030429  Dhi=1.949093  err=0.000000  inc=-0.919003  bucket 0->0  (mf=1000)
[MF-SEL] tPrev=(  d=0.065147  dMin=0.000000  dAvg=0.060861  dMax=3.837329  Dlo=0.030431  Dhi=1.949095  err=0.000000  inc=-0.919003  bucket 0->0  (mf=1000)
[MF-SEL] tPrev=(  d=0.064426  dMin=0.000000  dAvg=0.060864  dMax=3.837329  Dlo=0.030432  Dhi=1.949097  err=0.000000  inc=-0.919003  bucket 0->0  (mf=1000)
[MF-SEL] tPrev=(  d=0.063701  dMin=0.000000  dAvg=0.060867  dMax=3.837329  Dlo=0.030433  Dhi=1.949098  err=0.000000  inc=-0.919003  bucket 0->0  (mf=1000)
[MF-SEL] tPrev=(  d=0.062573  dMin=0.000000  dAvg=0.060868  dMax=3.837329  Dlo=0.030434  Dhi=1.949098  err=0.000000  inc=-0.919003  bucket 0->0  (mf=1000)
[MF-SEL] tPrev=(  d=0.061753  dMin=0.000000  dAvg=0.060869  dMax=3.837329  Dlo=0.030434  Dhi=1.949099  err=0.000000  inc=-0.919003  bucket 0->0  (mf=1000)
[MF-SEL] tPrev=(  d=0.061528  dMin=0.000000  dAvg=0.060869  dMax=3.837329  Dlo=0.030435  Dhi=1.949099  err=0.000000  inc=-0.919003  bucket 0->0  (mf=1000)
[MF-SEL] tPrev=(  d=0.056577  dMin=0.000000  dAvg=0.060866  dMax=3.837329  Dlo=0.030433  Dhi=1.949097  err=0.000000  inc=-0.919003  bucket 0->0  (mf=1000)
[MF-SEL] tPrev=(  d=0.060984  dMin=0.000000  dAvg=0.060866  dMax=3.837329  Dlo=0.030433  Dhi=1.949097  err=0.000000  inc=-0.919003  bucket 0->0  (mf=1000)
[MF-SEL] tPrev=(  d=0.060450  dMin=0.000000  dAvg=0.060865  dMax=3.837329  Dlo=0.030433  Dhi=1.949097  err=0.000000  inc=-0.919003  bucket 0->0  (mf=1000)
[MF-SEL] tPrev=(  d=0.060743  dMin=0.000000  dAvg=0.060865  dMax=3.837329  Dlo=0.030433  Dhi=1.949097  err=0.000000  inc=-0.919003  bucket 0->0  (mf=1000)
[MF-SEL] tPrev=(  d=0.061083  dMin=0.000000  dAvg=0.060866  dMax=3.837329  Dlo=0.030433  Dhi=1.949097  err=0.000000  inc=-0.919003  bucket 0->0  (mf=1000)
[MF-SEL] tPrev=(  d=0.061502  dMin=0.000000  dAvg=0.060866  dMax=3.837329  Dlo=0.030433  Dhi=1.949097  err=0.000000  inc=-0.919003  bucket 0->0  (mf=1000)
[MF-SEL] tPrev=(  d=0.062114  dMin=0.000000  dAvg=0.060867  dMax=3.837329  Dlo=0.030434  Dhi=1.949098  err=0.000000  inc=-0.919003  bucket 0->0  (mf=1000)
[MF-SEL] tPrev=(  d=0.061976  dMin=0.000000  dAvg=0.060868  dMax=3.837329  Dlo=0.030434  Dhi=1.949098  err=0.000000  inc=-0.919003  bucket 0->0  (mf=1000)
[MF-SEL] tPrev=(  d=0.062003  dMin=0.000000  dAvg=0.060869  dMax=3.837329  Dlo=0.030435  Dhi=1.949099  err=0.000000  inc=-0.919003  bucket 0->0  (mf=1000)
[MF-SEL] tPrev=(  d=0.062269  dMin=0.000000  dAvg=0.060870  dMax=3.837329  Dlo=0.030435  Dhi=1.949100  err=0.000000  inc=-0.919003  bucket 0->0  (mf=1000)
[MF-SEL] tPrev=(  d=0.057609  dMin=0.000000  dAvg=0.060867  dMax=3.837329  Dlo=0.030434  Dhi=1.949098  err=0.000000  inc=-0.919003  bucket 0->0  (mf=1000)
[MF-SEL] tPrev=(  d=0.061333  dMin=0.000000  dAvg=0.060868  dMax=3.837329  Dlo=0.030434  Dhi=1.949098  err=0.000000  inc=-0.919003  bucket 0->0  (mf=1000)
[MF-SEL] tPrev=(  d=0.061578  dMin=0.000000  dAvg=0.060868  dMax=3.837329  Dlo=0.030434  Dhi=1.949099  err=0.000000  inc=-0.919003  bucket 0->0  (mf=1000)
[MF-SEL] tPrev=(  d=0.062770  dMin=0.000000  dAvg=0.060870  dMax=3.837329  Dlo=0.030435  Dhi=1.949099  err=0.000000  inc=-0.919003  bucket 0->0  (mf=1000)
[MF-SEL] tPrev=(  d=0.064023  dMin=0.000000  dAvg=0.060873  dMax=3.837329  Dlo=0.030436  Dhi=1.949101  err=0.000000  inc=-0.919003  bucket 0->0  (mf=1000)
[MF-SEL] tPrev=(  d=0.065725  dMin=0.000000  dAvg=0.060877  dMax=3.837329  Dlo=0.030438  Dhi=1.949103  err=0.000000  inc=-0.919003  bucket 0->0  (mf=1000)
[MF-SEL] tPrev=(  d=0.067332  dMin=0.000000  dAvg=0.060882  dMax=3.837329  Dlo=0.030441  Dhi=1.949106  err=0.000000  inc=-0.919003  bucket 0->0  (mf=1000)
[MF-SEL] tPrev=(  d=0.068339  dMin=0.000000  dAvg=0.060889  dMax=3.837329  Dlo=0.030444  Dhi=1.949109  err=0.000000  inc=-0.919003  bucket 0->0  (mf=1000)
[MF-SEL] tPrev=(  d=0.068887  dMin=0.000000  dAvg=0.060895  dMax=3.837329  Dlo=0.030448  Dhi=1.949112  err=0.000000  inc=-0.919003  bucket 0->0  (mf=1000)
[MF-SEL] tPrev=(  d=0.073937  dMin=0.000000  dAvg=0.060907  dMax=3.837329  Dlo=0.030453  Dhi=1.949118  err=0.000000  inc=-0.919003  bucket 0->0  (mf=1000)
[MF-SEL] tPrev=(  d=0.069030  dMin=0.000000  dAvg=0.060913  dMax=3.837329  Dlo=0.030457  Dhi=1.949121  err=0.000000  inc=-0.919003  bucket 0->0  (mf=1000)
[MF-SEL] tPrev=(  d=0.068676  dMin=0.000000  dAvg=0.060920  dMax=3.837329  Dlo=0.030460  Dhi=1.949124  err=0.000000  inc=-0.919003  bucket 0->0  (mf=1000)
[MF-SEL] tPrev=(  d=0.067670  dMin=0.000000  dAvg=0.060926  dMax=3.837329  Dlo=0.030463  Dhi=1.949127  err=0.000000  inc=-0.919003  bucket 0->0  (mf=1000)
[MF-SEL] tPrev=(  d=0.066792  dMin=0.000000  dAvg=0.060931  dMax=3.837329  Dlo=0.030465  Dhi=1.949130  err=0.000000  inc=-0.919003  bucket 0->0  (mf=1000)
[MF-SEL] tPrev=(  d=0.065783  dMin=0.000000  dAvg=0.060935  dMax=3.837329  Dlo=0.030467  Dhi=1.949132  err=0.000000  inc=-0.919003  bucket 0->0  (mf=1000)
[MF-SEL] tPrev=(  d=0.065022  dMin=0.000000  dAvg=0.060938  dMax=3.837329  Dlo=0.030469  Dhi=1.949134  err=0.000000  inc=-0.919003  bucket 0->0  (mf=1000)
[MF-SEL] tPrev=(  d=0.064514  dMin=0.000000  dAvg=0.060941  dMax=3.837329  Dlo=0.030471  Dhi=1.949135  err=0.000000  inc=-0.919003  bucket 0->0  (mf=1000)
[MF-SEL] tPrev=(  d=0.063397  dMin=0.000000  dAvg=0.060943  dMax=3.837329  Dlo=0.030472  Dhi=1.949136  err=0.000000  inc=-0.919003  bucket 0->0  (mf=1000)
[MF-SEL] tPrev=(  d=0.062920  dMin=0.000000  dAvg=0.060945  dMax=3.837329  Dlo=0.030472  Dhi=1.949137  err=0.000000  inc=-0.919003  bucket 0->0  (mf=1000)
[MF-SEL] tPrev=(  d=0.062235  dMin=0.000000  dAvg=0.060946  dMax=3.837329  Dlo=0.030473  Dhi=1.949137  err=0.000000  inc=-0.919003  bucket 0->0  (mf=1000)
[MF-SEL] tPrev=(  d=0.072255  dMin=0.000000  dAvg=0.060955  dMax=3.837329  Dlo=0.030478  Dhi=1.949142  err=0.000000  inc=-0.919003  bucket 0->0  (mf=1000)
[MF-SEL] tPrev=(  d=0.060934  dMin=0.000000  dAvg=0.060955  dMax=3.837329  Dlo=0.030478  Dhi=1.949142  err=0.000000  inc=-0.919003  bucket 0->0  (mf=1000)
[MF-SEL] tPrev=(  d=0.060913  dMin=0.000000  dAvg=0.060955  dMax=3.837329  Dlo=0.030478  Dhi=1.949142  err=0.000000  inc=-0.919003  bucket 0->0  (mf=1000)
[MF-SEL] tPrev=(  d=0.060512  dMin=0.000000  dAvg=0.060955  dMax=3.837329  Dlo=0.030478  Dhi=1.949142  err=0.000000  inc=-0.919003  bucket 0->0  (mf=1000)
[MF-SEL] tPrev=(  d=0.059955  dMin=0.000000  dAvg=0.060954  dMax=3.837329  Dlo=0.030477  Dhi=1.949142  err=0.000000  inc=-0.919003  bucket 0->0  (mf=1000)
[MF-SEL] tPrev=(  d=0.059704  dMin=0.000000  dAvg=0.060953  dMax=3.837329  Dlo=0.030477  Dhi=1.949141  err=0.000000  inc=-0.919003  bucket 0->0  (mf=1000)
[MF-SEL] tPrev=(  d=0.058905  dMin=0.000000  dAvg=0.060951  dMax=3.837329  Dlo=0.030476  Dhi=1.949140  err=0.000000  inc=-0.919003  bucket 0->0  (mf=1000)
[MF-SEL] tPrev=(  d=0.058624  dMin=0.000000  dAvg=0.060949  dMax=3.837329  Dlo=0.030475  Dhi=1.949139  err=0.000000  inc=-0.919003  bucket 0->0  (mf=1000)
[MF-SEL] tPrev=(  d=0.058589  dMin=0.000000  dAvg=0.060948  dMax=3.837329  Dlo=0.030474  Dhi=1.949138  err=0.000000  inc=-0.919003  bucket 0->0  (mf=1000)
[MF-SEL] tPrev=(  d=0.057422  dMin=0.000000  dAvg=0.060945  dMax=3.837329  Dlo=0.030472  Dhi=1.949137  err=0.000000  inc=-0.919003  bucket 0->0  (mf=1000)
[MF-SEL] tPrev=(  d=0.068452  dMin=0.000000  dAvg=0.060951  dMax=3.837329  Dlo=0.030475  Dhi=1.949140  err=0.000000  inc=-0.919003  bucket 0->0  (mf=1000)
[MF-SEL] tPrev=(  d=0.054861  dMin=0.000000  dAvg=0.060946  dMax=3.837329  Dlo=0.030473  Dhi=1.949137  err=0.000000  inc=-0.919003  bucket 0->0  (mf=1000)
[MF-SEL] tPrev=(  d=0.052946  dMin=0.000000  dAvg=0.060939  dMax=3.837329  Dlo=0.030470  Dhi=1.949134  err=0.000000  inc=-0.919003  bucket 0->0  (mf=1000)
[MF-SEL] tPrev=(  d=0.050579  dMin=0.000000  dAvg=0.060931  dMax=3.837329  Dlo=0.030465  Dhi=1.949130  err=0.000000  inc=-0.919003  bucket 0->0  (mf=1000)
[MF-SEL] tPrev=(  d=0.048986  dMin=0.000000  dAvg=0.060921  dMax=3.837329  Dlo=0.030460  Dhi=1.949125  err=0.000000  inc=-0.919003  bucket 0->0  (mf=1000)
[MF-SEL] tPrev=(  d=0.047774  dMin=0.000000  dAvg=0.060910  dMax=3.837329  Dlo=0.030455  Dhi=1.949119  err=0.000000  inc=-0.919003  bucket 0->0  (mf=1000)
[MF-SEL] tPrev=(  d=0.046699  dMin=0.000000  dAvg=0.060898  dMax=3.837329  Dlo=0.030449  Dhi=1.949113  err=0.000000  inc=-0.919003  bucket 0->0  (mf=1000)
[MF-SEL] tPrev=(  d=0.045944  dMin=0.000000  dAvg=0.060886  dMax=3.837329  Dlo=0.030443  Dhi=1.949107  err=0.000000  inc=-0.919003  bucket 0->0  (mf=1000)
[MF-SEL] tPrev=(  d=0.045395  dMin=0.000000  dAvg=0.060873  dMax=3.837329  Dlo=0.030436  Dhi=1.949101  err=0.000000  inc=-0.919003  bucket 0->0  (mf=1000)
[MF-SEL] tPrev=(  d=0.044787  dMin=0.000000  dAvg=0.060860  dMax=3.837329  Dlo=0.030430  Dhi=1.949094  err=0.000000  inc=-0.919003  bucket 0->0  (mf=1000)
[MF-SEL] tPrev=(  d=0.043747  dMin=0.000000  dAvg=0.060845  dMax=3.837329  Dlo=0.030423  Dhi=1.949087  err=0.000000  inc=-0.919003  bucket 0->0  (mf=1000)
[MF-SEL] tPrev=(  d=0.044596  dMin=0.000000  dAvg=0.060832  dMax=3.837329  Dlo=0.030416  Dhi=1.949080  err=0.000000  inc=-0.919003  bucket 0->0  (mf=1000)
[MF-SEL] tPrev=(  d=0.044393  dMin=0.000000  dAvg=0.060818  dMax=3.837329  Dlo=0.030409  Dhi=1.949074  err=0.000000  inc=-0.919003  bucket 0->0  (mf=1000)
[MF-SEL] tPrev=(  d=0.044250  dMin=0.000000  dAvg=0.060805  dMax=3.837329  Dlo=0.030402  Dhi=1.949067  err=0.000000  inc=-0.919003  bucket 0->0  (mf=1000)
[MF-SEL] tPrev=(  d=0.044098  dMin=0.000000  dAvg=0.060791  dMax=3.837329  Dlo=0.030396  Dhi=1.949060  err=0.000000  inc=-0.919003  bucket 0->0  (mf=1000)
[MF-SEL] tPrev=(  d=0.043589  dMin=0.000000  dAvg=0.060777  dMax=3.837329  Dlo=0.030388  Dhi=1.949053  err=0.000000  inc=-0.919003  bucket 0->0  (mf=1000)
[MF-SEL] tPrev=(  d=0.043562  dMin=0.000000  dAvg=0.060763  dMax=3.837329  Dlo=0.030381  Dhi=1.949046  err=0.000000  inc=-0.919003  bucket 0->0  (mf=1000)
[MF-SEL] tPrev=(  d=0.042648  dMin=0.000000  dAvg=0.060748  dMax=3.837329  Dlo=0.030374  Dhi=1.949038  err=0.000000  inc=-0.919003  bucket 0->0  (mf=1000)
[MF-SEL] tPrev=(  d=0.041541  dMin=0.000000  dAvg=0.060732  dMax=3.837329  Dlo=0.030366  Dhi=1.949031  err=0.000000  inc=-0.919003  bucket 0->0  (mf=1000)
[MF-SEL] tPrev=(  d=0.040569  dMin=0.000000  dAvg=0.060716  dMax=3.837329  Dlo=0.030358  Dhi=1.949022  err=0.000000  inc=-0.919003  bucket 0->0  (mf=1000)
[MF-SEL] tPrev=(  d=0.035663  dMin=0.000000  dAvg=0.060695  dMax=3.837329  Dlo=0.030348  Dhi=1.949012  err=0.000000  inc=-0.919003  bucket 0->0  (mf=1000)
[MF-SEL] tPrev=(  d=0.038446  dMin=0.000000  dAvg=0.060677  dMax=3.837329  Dlo=0.030338  Dhi=1.949003  err=0.000000  inc=-0.919003  bucket 0->0  (mf=1000)
[MF-SEL] tPrev=(  d=0.037199  dMin=0.000000  dAvg=0.060658  dMax=3.837329  Dlo=0.030329  Dhi=1.948993  err=0.000000  inc=-0.919003  bucket 0->0  (mf=1000)
[MF-SEL] tPrev=(  d=0.036066  dMin=0.000000  dAvg=0.060638  dMax=3.837329  Dlo=0.030319  Dhi=1.948983  err=0.000000  inc=-0.919003  bucket 0->0  (mf=1000)
[MF-SEL] tPrev=(  d=0.035203  dMin=0.000000  dAvg=0.060617  dMax=3.837329  Dlo=0.030308  Dhi=1.948973  err=0.000000  inc=-0.919003  bucket 0->0  (mf=1000)
[MF-SEL] tPrev=(  d=0.038667  dMin=0.000000  dAvg=0.060599  dMax=3.837329  Dlo=0.030300  Dhi=1.948964  err=0.000000  inc=-0.919003  bucket 0->0  (mf=1000)
[MF-SEL] tPrev=(  d=0.033983  dMin=0.000000  dAvg=0.060577  dMax=3.837329  Dlo=0.030289  Dhi=1.948953  err=0.000000  inc=-0.919003  bucket 0->0  (mf=1000)
[MF-SEL] tPrev=(  d=0.032971  dMin=0.000000  dAvg=0.060555  dMax=3.837329  Dlo=0.030277  Dhi=1.948942  err=0.000000  inc=-0.919003  bucket 0->0  (mf=1000)
[MF-SEL] tPrev=(  d=0.031792  dMin=0.000000  dAvg=0.060532  dMax=3.837329  Dlo=0.030266  Dhi=1.948930  err=0.000000  inc=-0.919003  bucket 0->0  (mf=1000)
[MF-SEL] tPrev=(  d=0.030517  dMin=0.000000  dAvg=0.060507  dMax=3.837329  Dlo=0.030254  Dhi=1.948918  err=0.000000  inc=-0.919003  bucket 0->0  (mf=1000)
[MF-SEL] tPrev=(  d=0.031608  dMin=0.000000  dAvg=0.060484  dMax=3.837329  Dlo=0.030242  Dhi=1.948906  err=0.000000  inc=-0.919003  bucket 0->0  (mf=1000)
[MF-SEL] tPrev=(  d=0.028919  dMin=0.000000  dAvg=0.060458  dMax=3.837329  Dlo=0.030229  Dhi=1.948894  err=-1.000000  inc=-1.832127  bucket 0->0  (mf=1000)
[MF-SEL] tPrev=(  d=0.028627  dMin=0.000000  dAvg=0.060432  dMax=3.837329  Dlo=0.030216  Dhi=1.948881  err=-1.000000  inc=-1.523942  bucket 0->0  (mf=1000)
[MF-SEL] tPrev=(  d=0.028885  dMin=0.000000  dAvg=0.060407  dMax=3.837329  Dlo=0.030203  Dhi=1.948868  err=-1.000000  inc=-1.526089  bucket 0->0  (mf=1000)
[MF-SEL] tPrev=(  d=0.029103  dMin=0.000000  dAvg=0.060381  dMax=3.837329  Dlo=0.030191  Dhi=1.948855  err=-1.000000  inc=-1.528495  bucket 0->0  (mf=1000)
[MF-SEL] tPrev=(  d=0.020633  dMin=0.000000  dAvg=0.060349  dMax=3.837329  Dlo=0.030175  Dhi=1.948839  err=-1.000000  inc=-1.530726  bucket 0->0  (mf=1000)
[MF-SEL] tPrev=(  d=0.028114  dMin=0.000000  dAvg=0.060323  dMax=3.837329  Dlo=0.030162  Dhi=1.948826  err=-1.000000  inc=-1.532876  bucket 0->0  (mf=1000)
[MF-SEL] tPrev=(  d=0.026307  dMin=0.000000  dAvg=0.060296  dMax=3.837329  Dlo=0.030148  Dhi=1.948812  err=-1.000000  inc=-1.535185  bucket 0->0  (mf=1000)
[MF-SEL] tPrev=(  d=0.024500  dMin=0.000000  dAvg=0.060267  dMax=3.837329  Dlo=0.030133  Dhi=1.948798  err=-1.000000  inc=-1.537504  bucket 0->0  (mf=1000)
[MF-SEL] tPrev=(  d=0.023623  dMin=0.000000  dAvg=0.060237  dMax=3.837329  Dlo=0.030119  Dhi=1.948783  err=-1.000000  inc=-1.539857  bucket 0->0  (mf=1000)
[MF-SEL] tPrev=(  d=0.022700  dMin=0.000000  dAvg=0.060207  dMax=3.837329  Dlo=0.030104  Dhi=1.948768  err=-1.000000  inc=-1.542204  bucket 0->0  (mf=1000)
[MF-SEL] tPrev=(  d=0.022393  dMin=0.000000  dAvg=0.060177  dMax=3.837329  Dlo=0.030088  Dhi=1.948753  err=-1.000000  inc=-1.544366  bucket 0->0  (mf=1000)
[MF-SEL] tPrev=(  d=0.022810  dMin=0.000000  dAvg=0.060147  dMax=3.837329  Dlo=0.030073  Dhi=1.948738  err=-1.000000  inc=-1.546750  bucket 0->0  (mf=1000)
[MF-SEL] tPrev=(  d=0.023174  dMin=0.000000  dAvg=0.060117  dMax=3.837329  Dlo=0.030059  Dhi=1.948723  err=-1.000000  inc=-1.548667  bucket 0->0  (mf=1000)
[MF-SEL] tPrev=(  d=0.024184  dMin=0.000000  dAvg=0.060088  dMax=3.837329  Dlo=0.030044  Dhi=1.948709  err=-1.000000  inc=-1.550864  bucket 0->0  (mf=1000)
[MF-SEL] tPrev=(  d=0.023060  dMin=0.000000  dAvg=0.060059  dMax=3.837329  Dlo=0.030029  Dhi=1.948694  err=-1.000000  inc=-1.553149  bucket 0->0  (mf=1000)
[MF-SEL] tPrev=(  d=0.028527  dMin=0.000000  dAvg=0.060033  dMax=3.837329  Dlo=0.030017  Dhi=1.948681  err=-1.000000  inc=-1.555354  bucket 0->0  (mf=1000)
[MF-SEL] tPrev=(  d=0.031153  dMin=0.000000  dAvg=0.060010  dMax=3.837329  Dlo=0.030005  Dhi=1.948670  err=0.000000  inc=-0.611293  bucket 0->0  (mf=1000)
[MF-SEL] tPrev=(  d=0.032480  dMin=0.000000  dAvg=0.059988  dMax=3.837329  Dlo=0.029994  Dhi=1.948659  err=0.000000  inc=-0.955354  bucket 0->0  (mf=1000)
[MF-SEL] tPrev=(  d=0.034900  dMin=0.000000  dAvg=0.059968  dMax=3.837329  Dlo=0.029984  Dhi=1.948648  err=0.000000  inc=-0.955354  bucket 0->0  (mf=1000)
[MF-SEL] tPrev=(  d=0.036365  dMin=0.000000  dAvg=0.059949  dMax=3.837329  Dlo=0.029975  Dhi=1.948639  err=0.000000  inc=-0.955354  bucket 0->0  (mf=1000)
[MF-SEL] tPrev=(  d=0.037311  dMin=0.000000  dAvg=0.059931  dMax=3.837329  Dlo=0.029966  Dhi=1.948630  err=0.000000  inc=-0.955354  bucket 0->0  (mf=1000)
[MF-SEL] tPrev=(  d=0.039183  dMin=0.000000  dAvg=0.059915  dMax=3.837329  Dlo=0.029957  Dhi=1.948622  err=0.000000  inc=-0.955354  bucket 0->0  (mf=1000)
[MF-SEL] tPrev=(  d=0.039380  dMin=0.000000  dAvg=0.059898  dMax=3.837329  Dlo=0.029949  Dhi=1.948614  err=0.000000  inc=-0.955354  bucket 0->0  (mf=1000)
[MF-SEL] tPrev=(  d=0.039164  dMin=0.000000  dAvg=0.059882  dMax=3.837329  Dlo=0.029941  Dhi=1.948605  err=0.000000  inc=-0.955354  bucket 0->0  (mf=1000)
[MF-SEL] tPrev=(  d=0.038849  dMin=0.000000  dAvg=0.059865  dMax=3.837329  Dlo=0.029933  Dhi=1.948597  err=0.000000  inc=-0.955354  bucket 0->0  (mf=1000)
[MF-SEL] tPrev=(  d=0.039896  dMin=0.000000  dAvg=0.059849  dMax=3.837329  Dlo=0.029925  Dhi=1.948589  err=0.000000  inc=-0.955354  bucket 0->0  (mf=1000)
[MF-SEL] tPrev=(  d=0.040447  dMin=0.000000  dAvg=0.059834  dMax=3.837329  Dlo=0.029917  Dhi=1.948581  err=0.000000  inc=-0.955354  bucket 0->0  (mf=1000)
[MF-SEL] tPrev=(  d=0.041184  dMin=0.000000  dAvg=0.059819  dMax=3.837329  Dlo=0.029909  Dhi=1.948574  err=0.000000  inc=-0.955354  bucket 0->0  (mf=1000)
[MF-SEL] tPrev=(  d=0.042072  dMin=0.000000  dAvg=0.059805  dMax=3.837329  Dlo=0.029902  Dhi=1.948567  err=0.000000  inc=-0.955354  bucket 0->0  (mf=1000)
[MF-SEL] tPrev=(  d=0.043087  dMin=0.000000  dAvg=0.059792  dMax=3.837329  Dlo=0.029896  Dhi=1.948560  err=0.000000  inc=-0.955354  bucket 0->0  (mf=1000)
[MF-SEL] tPrev=(  d=0.043017  dMin=0.000000  dAvg=0.059778  dMax=3.837329  Dlo=0.029889  Dhi=1.948554  err=0.000000  inc=-0.955354  bucket 0->0  (mf=1000)
[MF-SEL] tPrev=(  d=0.046447  dMin=0.000000  dAvg=0.059768  dMax=3.837329  Dlo=0.029884  Dhi=1.948548  err=0.000000  inc=-0.955354  bucket 0->0  (mf=1000)
[MF-SEL] tPrev=(  d=0.048293  dMin=0.000000  dAvg=0.059759  dMax=3.837329  Dlo=0.029879  Dhi=1.948544  err=0.000000  inc=-0.955354  bucket 0->0  (mf=1000)
[MF-SEL] tPrev=(  d=0.048992  dMin=0.000000  dAvg=0.059750  dMax=3.837329  Dlo=0.029875  Dhi=1.948540  err=0.000000  inc=-0.955354  bucket 0->0  (mf=1000)
[MF-SEL] tPrev=(  d=0.049811  dMin=0.000000  dAvg=0.059742  dMax=3.837329  Dlo=0.029871  Dhi=1.948536  err=0.000000  inc=-0.955354  bucket 0->0  (mf=1000)
[MF-SEL] tPrev=(  d=0.053105  dMin=0.000000  dAvg=0.059737  dMax=3.837329  Dlo=0.029869  Dhi=1.948533  err=0.000000  inc=-0.955354  bucket 0->0  (mf=1000)
[MF-SEL] tPrev=(  d=0.051938  dMin=0.000000  dAvg=0.059731  dMax=3.837329  Dlo=0.029865  Dhi=1.948530  err=0.000000  inc=-0.955354  bucket 0->0  (mf=1000)
[MF-SEL] tPrev=(  d=0.051572  dMin=0.000000  dAvg=0.059725  dMax=3.837329  Dlo=0.029862  Dhi=1.948527  err=0.000000  inc=-0.955354  bucket 0->0  (mf=1000)
[MF-SEL] tPrev=(  d=0.050664  dMin=0.000000  dAvg=0.059717  dMax=3.837329  Dlo=0.029859  Dhi=1.948523  err=0.000000  inc=-0.955354  bucket 0->0  (mf=1000)
[MF-SEL] tPrev=(  d=0.049777  dMin=0.000000  dAvg=0.059710  dMax=3.837329  Dlo=0.029855  Dhi=1.948519  err=0.000000  inc=-0.955354  bucket 0->0  (mf=1000)
[MF-SEL] tPrev=(  d=0.039602  dMin=0.000000  dAvg=0.059694  dMax=3.837329  Dlo=0.029847  Dhi=1.948511  err=0.000000  inc=-0.955354  bucket 0->0  (mf=1000)
[MF-SEL] tPrev=(  d=0.050393  dMin=0.000000  dAvg=0.059687  dMax=3.837329  Dlo=0.029843  Dhi=1.948508  err=0.000000  inc=-0.955354  bucket 0->0  (mf=1000)
[MF-SEL] tPrev=(  d=0.049785  dMin=0.000000  dAvg=0.059679  dMax=3.837329  Dlo=0.029839  Dhi=1.948504  err=0.000000  inc=-0.955354  bucket 0->0  (mf=1000)
[MF-SEL] tPrev=(  d=0.049344  dMin=0.000000  dAvg=0.059671  dMax=3.837329  Dlo=0.029835  Dhi=1.948500  err=0.000000  inc=-0.955354  bucket 0->0  (mf=1000)
[MF-SEL] tPrev=(  d=0.049455  dMin=0.000000  dAvg=0.059663  dMax=3.837329  Dlo=0.029831  Dhi=1.948496  err=0.000000  inc=-0.955354  bucket 0->0  (mf=1000)
[MF-SEL] tPrev=(  d=0.043503  dMin=0.000000  dAvg=0.059650  dMax=3.837329  Dlo=0.029825  Dhi=1.948489  err=0.000000  inc=-0.955354  bucket 0->0  (mf=1000)
[MF-SEL] tPrev=(  d=0.050212  dMin=0.000000  dAvg=0.059643  dMax=3.837329  Dlo=0.029821  Dhi=1.948486  err=0.000000  inc=-0.955354  bucket 0->0  (mf=1000)
[MF-SEL] tPrev=(  d=0.051837  dMin=0.000000  dAvg=0.059637  dMax=3.837329  Dlo=0.029818  Dhi=1.948483  err=0.000000  inc=-0.955354  bucket 0->0  (mf=1000)
[MF-SEL] tPrev=(  d=0.052928  dMin=0.000000  dAvg=0.059631  dMax=3.837329  Dlo=0.029816  Dhi=1.948480  err=0.000000  inc=-0.955354  bucket 0->0  (mf=1000)
[MF-SEL] tPrev=(  d=0.053664  dMin=0.000000  dAvg=0.059627  dMax=3.837329  Dlo=0.029813  Dhi=1.948478  err=0.000000  inc=-0.955354  bucket 0->0  (mf=1000)
[MF-SEL] tPrev=(  d=0.054716  dMin=0.000000  dAvg=0.059623  dMax=3.837329  Dlo=0.029811  Dhi=1.948476  err=0.000000  inc=-0.955354  bucket 0->0  (mf=1000)
[MF-SEL] tPrev=(  d=0.054576  dMin=0.000000  dAvg=0.059619  dMax=3.837329  Dlo=0.029809  Dhi=1.948474  err=0.000000  inc=-0.955354  bucket 0->0  (mf=1000)
[MF-SEL] tPrev=(  d=0.055392  dMin=0.000000  dAvg=0.059616  dMax=3.837329  Dlo=0.029808  Dhi=1.948472  err=0.000000  inc=-0.955354  bucket 0->0  (mf=1000)
[MF-SEL] tPrev=(  d=0.056336  dMin=0.000000  dAvg=0.059613  dMax=3.837329  Dlo=0.029807  Dhi=1.948471  err=0.000000  inc=-0.955354  bucket 0->0  (mf=1000)
[MF-SEL] tPrev=(  d=0.056988  dMin=0.000000  dAvg=0.059611  dMax=3.837329  Dlo=0.029805  Dhi=1.948470  err=0.000000  inc=-0.955354  bucket 0->0  (mf=1000)
[MF-SEL] tPrev=(  d=0.055234  dMin=0.000000  dAvg=0.059608  dMax=3.837329  Dlo=0.029804  Dhi=1.948468  err=0.000000  inc=-0.955354  bucket 0->0  (mf=1000)
[MF-SEL] tPrev=(  d=0.058870  dMin=0.000000  dAvg=0.059607  dMax=3.837329  Dlo=0.029804  Dhi=1.948468  err=0.000000  inc=-0.955354  bucket 0->0  (mf=1000)
[MF-SEL] tPrev=(  d=0.059422  dMin=0.000000  dAvg=0.059607  dMax=3.837329  Dlo=0.029803  Dhi=1.948468  err=0.000000  inc=-0.955354  bucket 0->0  (mf=1000)
[MF-SEL] tPrev=(  d=0.059672  dMin=0.000000  dAvg=0.059607  dMax=3.837329  Dlo=0.029803  Dhi=1.948468  err=0.000000  inc=-0.955354  bucket 0->0  (mf=1000)
[MF-SEL] tPrev=(  d=0.055922  dMin=0.000000  dAvg=0.059604  dMax=3.837329  Dlo=0.029802  Dhi=1.948466  err=0.000000  inc=-0.955354  bucket 0->0  (mf=1000)
[MF-SEL] tPrev=(  d=0.059842  dMin=0.000000  dAvg=0.059604  dMax=3.837329  Dlo=0.029802  Dhi=1.948467  err=0.000000  inc=-0.955354  bucket 0->0  (mf=1000)
[MF-SEL] tPrev=(  d=0.059624  dMin=0.000000  dAvg=0.059604  dMax=3.837329  Dlo=0.029802  Dhi=1.948467  err=0.000000  inc=-0.955354  bucket 0->0  (mf=1000)
[MF-SEL] tPrev=(  d=0.059359  dMin=0.000000  dAvg=0.059604  dMax=3.837329  Dlo=0.029802  Dhi=1.948466  err=0.000000  inc=-0.955354  bucket 0->0  (mf=1000)
[MF-SEL] tPrev=(  d=0.048889  dMin=0.000000  dAvg=0.059596  dMax=3.837329  Dlo=0.029798  Dhi=1.948462  err=0.000000  inc=-0.955354  bucket 0->0  (mf=1000)
[MF-SEL] tPrev=(  d=0.057621  dMin=0.000000  dAvg=0.059594  dMax=3.837329  Dlo=0.029797  Dhi=1.948462  err=0.000000  inc=-0.955354  bucket 0->0  (mf=1000)
[MF-SEL] tPrev=(  d=0.056842  dMin=0.000000  dAvg=0.059592  dMax=3.837329  Dlo=0.029796  Dhi=1.948461  err=0.000000  inc=-0.955354  bucket 0->0  (mf=1000)
[MF-SEL] tPrev=(  d=0.056548  dMin=0.000000  dAvg=0.059590  dMax=3.837329  Dlo=0.029795  Dhi=1.948459  err=0.000000  inc=-0.955354  bucket 0->0  (mf=1000)
[MF-SEL] tPrev=(  d=0.054199  dMin=0.000000  dAvg=0.059586  dMax=3.837329  Dlo=0.029793  Dhi=1.948457  err=0.000000  inc=-0.955354  bucket 0->0  (mf=1000)
[MF-SEL] tPrev=(  d=0.055306  dMin=0.000000  dAvg=0.059582  dMax=3.837329  Dlo=0.029791  Dhi=1.948456  err=0.000000  inc=-0.955354  bucket 0->0  (mf=1000)
[MF-SEL] tPrev=(  d=0.054358  dMin=0.000000  dAvg=0.059578  dMax=3.837329  Dlo=0.029789  Dhi=1.948454  err=0.000000  inc=-0.955354  bucket 0->0  (mf=1000)
[MF-SEL] tPrev=(  d=0.054269  dMin=0.000000  dAvg=0.059574  dMax=3.837329  Dlo=0.029787  Dhi=1.948452  err=0.000000  inc=-0.955354  bucket 0->0  (mf=1000)
[MF-SEL] tPrev=(  d=0.060427  dMin=0.000000  dAvg=0.059575  dMax=3.837329  Dlo=0.029787  Dhi=1.948452  err=0.000000  inc=-0.955354  bucket 0->0  (mf=1000)
[MF-SEL] tPrev=(  d=0.053544  dMin=0.000000  dAvg=0.059570  dMax=3.837329  Dlo=0.029785  Dhi=1.948450  err=0.000000  inc=-0.955354  bucket 0->0  (mf=1000)
[MF-SEL] tPrev=(  d=0.052428  dMin=0.000000  dAvg=0.059565  dMax=3.837329  Dlo=0.029782  Dhi=1.948447  err=0.000000  inc=-0.955354  bucket 0->0  (mf=1000)
[MF-SEL] tPrev=(  d=0.052165  dMin=0.000000  dAvg=0.059559  dMax=3.837329  Dlo=0.029780  Dhi=1.948444  err=0.000000  inc=-0.955354  bucket 0->0  (mf=1000)
[MF-SEL] tPrev=(  d=0.052153  dMin=0.000000  dAvg=0.059554  dMax=3.837329  Dlo=0.029777  Dhi=1.948441  err=0.000000  inc=-0.955354  bucket 0->0  (mf=1000)
[MF-SEL] tPrev=(  d=0.051854  dMin=0.000000  dAvg=0.059548  dMax=3.837329  Dlo=0.029774  Dhi=1.948438  err=0.000000  inc=-0.955354  bucket 0->0  (mf=1000)
[MF-SEL] tPrev=(  d=0.051129  dMin=0.000000  dAvg=0.059541  dMax=3.837329  Dlo=0.029771  Dhi=1.948435  err=0.000000  inc=-0.955354  bucket 0->0  (mf=1000)
[MF-SEL] tPrev=(  d=0.051073  dMin=0.000000  dAvg=0.059535  dMax=3.837329  Dlo=0.029767  Dhi=1.948432  err=0.000000  inc=-0.955354  bucket 0->0  (mf=1000)
[MF-SEL] tPrev=(  d=0.051922  dMin=0.000000  dAvg=0.059529  dMax=3.837329  Dlo=0.029764  Dhi=1.948429  err=0.000000  inc=-0.955354  bucket 0->0  (mf=1000)
[MF-SEL] tPrev=(  d=0.052634  dMin=0.000000  dAvg=0.059524  dMax=3.837329  Dlo=0.029762  Dhi=1.948426  err=0.000000  inc=-0.955354  bucket 0->0  (mf=1000)
[MF-SEL] tPrev=(  d=0.057142  dMin=0.000000  dAvg=0.059522  dMax=3.837329  Dlo=0.029761  Dhi=1.948425  err=0.000000  inc=-0.955354  bucket 0->0  (mf=1000)
[MF-SEL] tPrev=(  d=0.054939  dMin=0.000000  dAvg=0.059518  dMax=3.837329  Dlo=0.029759  Dhi=1.948424  err=0.000000  inc=-0.955354  bucket 0->0  (mf=1000)
[MF-SEL] tPrev=(  d=0.056328  dMin=0.000000  dAvg=0.059516  dMax=3.837329  Dlo=0.029758  Dhi=1.948422  err=0.000000  inc=-0.955354  bucket 0->0  (mf=1000)
[MF-SEL] tPrev=(  d=0.057888  dMin=0.000000  dAvg=0.059515  dMax=3.837329  Dlo=0.029757  Dhi=1.948422  err=0.000000  inc=-0.955354  bucket 0->0  (mf=1000)
[MF-SEL] tPrev=(  d=0.059787  dMin=0.000000  dAvg=0.059515  dMax=3.837329  Dlo=0.029757  Dhi=1.948422  err=0.000000  inc=-0.955354  bucket 0->0  (mf=1000)
[MF-SEL] tPrev=(  d=0.064901  dMin=0.000000  dAvg=0.059519  dMax=3.837329  Dlo=0.029760  Dhi=1.948424  err=0.000000  inc=-0.955354  bucket 0->0  (mf=1000)
[MF-SEL] tPrev=(  d=0.064702  dMin=0.000000  dAvg=0.059523  dMax=3.837329  Dlo=0.029761  Dhi=1.948426  err=0.000000  inc=-0.955354  bucket 0->0  (mf=1000)
[MF-SEL] tPrev=(  d=0.067519  dMin=0.000000  dAvg=0.059529  dMax=3.837329  Dlo=0.029765  Dhi=1.948429  err=0.000000  inc=-0.955354  bucket 0->0  (mf=1000)
[MF-SEL] tPrev=(  d=0.070977  dMin=0.000000  dAvg=0.059538  dMax=3.837329  Dlo=0.029769  Dhi=1.948433  err=0.000000  inc=-0.955354  bucket 0->0  (mf=1000)
[MF-SEL] tPrev=(  d=0.073620  dMin=0.000000  dAvg=0.059548  dMax=3.837329  Dlo=0.029774  Dhi=1.948439  err=0.000000  inc=-0.955354  bucket 0->0  (mf=1000)
[MF-SEL] tPrev=(  d=0.085088  dMin=0.000000  dAvg=0.059568  dMax=3.837329  Dlo=0.029784  Dhi=1.948448  err=0.000000  inc=-0.955354  bucket 0->0  (mf=1000)
[MF-SEL] tPrev=(  d=0.079611  dMin=0.000000  dAvg=0.059583  dMax=3.837329  Dlo=0.029791  Dhi=1.948456  err=0.000000  inc=-0.955354  bucket 0->0  (mf=1000)
[MF-SEL] tPrev=(  d=0.082247  dMin=0.000000  dAvg=0.059600  dMax=3.837329  Dlo=0.029800  Dhi=1.948464  err=0.000000  inc=-0.955354  bucket 0->0  (mf=1000)
[MF-SEL] tPrev=(  d=0.084350  dMin=0.000000  dAvg=0.059618  dMax=3.837329  Dlo=0.029809  Dhi=1.948474  err=0.000000  inc=-0.955354  bucket 0->0  (mf=1000)
[MF-SEL] tPrev=(  d=0.086766  dMin=0.000000  dAvg=0.059639  dMax=3.837329  Dlo=0.029819  Dhi=1.948484  err=0.000000  inc=-0.955354  bucket 0->0  (mf=1000)
[MF-SEL] tPrev=(  d=0.094440  dMin=0.000000  dAvg=0.059665  dMax=3.837329  Dlo=0.029833  Dhi=1.948497  err=0.000000  inc=-0.955354  bucket 0->0  (mf=1000)
[MF-SEL] tPrev=(  d=0.093305  dMin=0.000000  dAvg=0.059690  dMax=3.837329  Dlo=0.029845  Dhi=1.948510  err=0.000000  inc=-0.955354  bucket 0->0  (mf=1000)
[MF-SEL] tPrev=(  d=0.095844  dMin=0.000000  dAvg=0.059718  dMax=3.837329  Dlo=0.029859  Dhi=1.948523  err=0.000000  inc=-0.955354  bucket 0->0  (mf=1000)
[MF-SEL] tPrev=(  d=0.097914  dMin=0.000000  dAvg=0.059746  dMax=3.837329  Dlo=0.029873  Dhi=1.948538  err=0.000000  inc=-0.955354  bucket 0->0  (mf=1000)
[MF-SEL] tPrev=(  d=0.099595  dMin=0.000000  dAvg=0.059776  dMax=3.837329  Dlo=0.029888  Dhi=1.948553  err=0.000000  inc=-0.955354  bucket 0->0  (mf=1000)
[MF-SEL] tPrev=(  d=0.101456  dMin=0.000000  dAvg=0.059807  dMax=3.837329  Dlo=0.029904  Dhi=1.948568  err=0.000000  inc=-0.955354  bucket 0->0  (mf=1000)
[MF-SEL] tPrev=(  d=0.102841  dMin=0.000000  dAvg=0.059840  dMax=3.837329  Dlo=0.029920  Dhi=1.948584  err=0.000000  inc=-0.955354  bucket 0->0  (mf=1000)
[MF-SEL] tPrev=(  d=0.104092  dMin=0.000000  dAvg=0.059873  dMax=3.837329  Dlo=0.029936  Dhi=1.948601  err=0.000000  inc=-0.955354  bucket 0->0  (mf=1000)
[MF-SEL] tPrev=(  d=0.104916  dMin=0.000000  dAvg=0.059906  dMax=3.837329  Dlo=0.029953  Dhi=1.948618  err=0.000000  inc=-0.955354  bucket 0->0  (mf=1000)
[MF-SEL] tPrev=(  d=0.101254  dMin=0.000000  dAvg=0.059937  dMax=3.837329  Dlo=0.029969  Dhi=1.948633  err=0.000000  inc=-0.955354  bucket 0->0  (mf=1000)
[MF-SEL] tPrev=(  d=0.105662  dMin=0.000000  dAvg=0.059971  dMax=3.837329  Dlo=0.029986  Dhi=1.948650  err=0.000000  inc=-0.955354  bucket 0->0  (mf=1000)
[MF-SEL] tPrev=(  d=0.105502  dMin=0.000000  dAvg=0.060005  dMax=3.837329  Dlo=0.030003  Dhi=1.948667  err=0.000000  inc=-0.955354  bucket 0->0  (mf=1000)
[MF-SEL] tPrev=(  d=0.105698  dMin=0.000000  dAvg=0.060040  dMax=3.837329  Dlo=0.030020  Dhi=1.948684  err=0.000000  inc=-0.955354  bucket 0->0  (mf=1000)
[MF-SEL] tPrev=(  d=0.106856  dMin=0.000000  dAvg=0.060074  dMax=3.837329  Dlo=0.030037  Dhi=1.948702  err=0.000000  inc=-0.955354  bucket 0->0  (mf=1000)
[MF-SEL] tPrev=(  d=0.106536  dMin=0.000000  dAvg=0.060109  dMax=3.837329  Dlo=0.030055  Dhi=1.948719  err=0.000000  inc=-0.955354  bucket 0->0  (mf=1000)
[MF-SEL] tPrev=(  d=0.106497  dMin=0.000000  dAvg=0.060144  dMax=3.837329  Dlo=0.030072  Dhi=1.948736  err=0.000000  inc=-0.955354  bucket 0->0  (mf=1000)
[MF-SEL] tPrev=(  d=0.106027  dMin=0.000000  dAvg=0.060178  dMax=3.837329  Dlo=0.030089  Dhi=1.948753  err=0.000000  inc=-0.955354  bucket 0->0  (mf=1000)
[MF-SEL] tPrev=(  d=0.101055  dMin=0.000000  dAvg=0.060208  dMax=3.837329  Dlo=0.030104  Dhi=1.948768  err=0.000000  inc=-0.955354  bucket 0->0  (mf=1000)
[MF-SEL] tPrev=(  d=0.106508  dMin=0.000000  dAvg=0.060242  dMax=3.837329  Dlo=0.030121  Dhi=1.948786  err=0.000000  inc=-0.955354  bucket 0->0  (mf=1000)
[MF-SEL] tPrev=(  d=0.107435  dMin=0.000000  dAvg=0.060277  dMax=3.837329  Dlo=0.030139  Dhi=1.948803  err=0.000000  inc=-0.955354  bucket 0->0  (mf=1000)
[MF-SEL] tPrev=(  d=0.108613  dMin=0.000000  dAvg=0.060313  dMax=3.837329  Dlo=0.030157  Dhi=1.948821  err=0.000000  inc=-0.955354  bucket 0->0  (mf=1000)
[MF-SEL] tPrev=(  d=0.108885  dMin=0.000000  dAvg=0.060349  dMax=3.837329  Dlo=0.030175  Dhi=1.948839  err=0.000000  inc=-0.955354  bucket 0->0  (mf=1000)
[MF-SEL] tPrev=(  d=0.110903  dMin=0.000000  dAvg=0.060387  dMax=3.837329  Dlo=0.030193  Dhi=1.948858  err=0.000000  inc=-0.955354  bucket 0->0  (mf=1000)
[MF-SEL] tPrev=(  d=0.112461  dMin=0.000000  dAvg=0.060425  dMax=3.837329  Dlo=0.030213  Dhi=1.948877  err=0.000000  inc=-0.955354  bucket 0->0  (mf=1000)
[MF-SEL] tPrev=(  d=0.113790  dMin=0.000000  dAvg=0.060465  dMax=3.837329  Dlo=0.030232  Dhi=1.948897  err=0.000000  inc=-0.955354  bucket 0->0  (mf=1000)
[MF-SEL] tPrev=(  d=0.113973  dMin=0.000000  dAvg=0.060504  dMax=3.837329  Dlo=0.030252  Dhi=1.948917  err=0.000000  inc=-0.955354  bucket 0->0  (mf=1000)
[MF-SEL] tPrev=(  d=0.117209  dMin=0.000000  dAvg=0.060546  dMax=3.837329  Dlo=0.030273  Dhi=1.948937  err=0.000000  inc=-0.955354  bucket 0->0  (mf=1000)
[MF-SEL] tPrev=(  d=0.118582  dMin=0.000000  dAvg=0.060589  dMax=3.837329  Dlo=0.030294  Dhi=1.948959  err=0.000000  inc=-0.955354  bucket 0->0  (mf=1000)
[MF-SEL] tPrev=(  d=0.119624  dMin=0.000000  dAvg=0.060632  dMax=3.837329  Dlo=0.030316  Dhi=1.948981  err=0.000000  inc=-0.955354  bucket 0->0  (mf=1000)
[MF-SEL] tPrev=(  d=0.120454  dMin=0.000000  dAvg=0.060676  dMax=3.837329  Dlo=0.030338  Dhi=1.949003  err=0.000000  inc=-0.955354  bucket 0->0  (mf=1000)
[MF-SEL] tPrev=(  d=0.125369  dMin=0.000000  dAvg=0.060724  dMax=3.837329  Dlo=0.030362  Dhi=1.949026  err=0.000000  inc=-0.955354  bucket 0->0  (mf=1000)
[MF-SEL] tPrev=(  d=0.121608  dMin=0.000000  dAvg=0.060769  dMax=3.837329  Dlo=0.030384  Dhi=1.949049  err=0.000000  inc=-0.955354  bucket 0->0  (mf=1000)
[MF-SEL] tPrev=(  d=0.122143  dMin=0.000000  dAvg=0.060814  dMax=3.837329  Dlo=0.030407  Dhi=1.949071  err=0.000000  inc=-0.955354  bucket 0->0  (mf=1000)
[MF-SEL] tPrev=(  d=0.122907  dMin=0.000000  dAvg=0.060859  dMax=3.837329  Dlo=0.030430  Dhi=1.949094  err=0.000000  inc=-0.955354  bucket 0->0  (mf=1000)
[MF-SEL] tPrev=(  d=0.123570  dMin=0.000000  dAvg=0.060905  dMax=3.837329  Dlo=0.030453  Dhi=1.949117  err=0.000000  inc=-0.955354  bucket 0->0  (mf=1000)
[MF-SEL] tPrev=(  d=0.127109  dMin=0.000000  dAvg=0.060954  dMax=3.837329  Dlo=0.030477  Dhi=1.949141  err=0.000000  inc=-0.955354  bucket 0->0  (mf=1000)
[MF-SEL] tPrev=(  d=0.126090  dMin=0.000000  dAvg=0.061002  dMax=3.837329  Dlo=0.030501  Dhi=1.949165  err=0.000000  inc=-0.955354  bucket 0->0  (mf=1000)
[MF-SEL] tPrev=(  d=0.127365  dMin=0.000000  dAvg=0.061050  dMax=3.837329  Dlo=0.030525  Dhi=1.949190  err=0.000000  inc=-0.955354  bucket 0->0  (mf=1000)
[MF-SEL] tPrev=(  d=0.129342  dMin=0.000000  dAvg=0.061100  dMax=3.837329  Dlo=0.030550  Dhi=1.949215  err=0.000000  inc=-0.955354  bucket 0->0  (mf=1000)
[MF-SEL] tPrev=(  d=0.125376  dMin=0.000000  dAvg=0.061147  dMax=3.837329  Dlo=0.030574  Dhi=1.949238  err=0.000000  inc=-0.955354  bucket 0->0  (mf=1000)
[MF-SEL] tPrev=(  d=0.133313  dMin=0.000000  dAvg=0.061200  dMax=3.837329  Dlo=0.030600  Dhi=1.949264  err=0.000000  inc=-0.955354  bucket 0->0  (mf=1000)
[MF-SEL] tPrev=(  d=0.135162  dMin=0.000000  dAvg=0.061254  dMax=3.837329  Dlo=0.030627  Dhi=1.949291  err=0.000000  inc=-0.955354  bucket 0->0  (mf=1000)
[MF-SEL] tPrev=(  d=0.134656  dMin=0.000000  dAvg=0.061307  dMax=3.837329  Dlo=0.030654  Dhi=1.949318  err=0.000000  inc=-0.955354  bucket 0->0  (mf=1000)
[MF-SEL] tPrev=(  d=0.137026  dMin=0.000000  dAvg=0.061363  dMax=3.837329  Dlo=0.030681  Dhi=1.949346  err=0.000000  inc=-0.955354  bucket 0->0  (mf=1000)
[MF-SEL] tPrev=(  d=0.137576  dMin=0.000000  dAvg=0.061418  dMax=3.837329  Dlo=0.030709  Dhi=1.949374  err=0.000000  inc=-0.955354  bucket 0->0  (mf=1000)
[MF-SEL] tPrev=(  d=0.137786  dMin=0.000000  dAvg=0.061474  dMax=3.837329  Dlo=0.030737  Dhi=1.949401  err=0.000000  inc=-0.955354  bucket 0->0  (mf=1000)
[MF-SEL] tPrev=(  d=0.138120  dMin=0.000000  dAvg=0.061529  dMax=3.837329  Dlo=0.030765  Dhi=1.949429  err=0.000000  inc=-0.955354  bucket 0->0  (mf=1000)
[MF-SEL] tPrev=(  d=0.131525  dMin=0.000000  dAvg=0.061580  dMax=3.837329  Dlo=0.030790  Dhi=1.949455  err=0.000000  inc=-0.955354  bucket 0->0  (mf=1000)
[MF-SEL] tPrev=(  d=0.137639  dMin=0.000000  dAvg=0.061636  dMax=3.837329  Dlo=0.030818  Dhi=1.949482  err=0.000000  inc=-0.955354  bucket 0->0  (mf=1000)
[MF-SEL] tPrev=(  d=0.137242  dMin=0.000000  dAvg=0.061690  dMax=3.837329  Dlo=0.030845  Dhi=1.949510  err=0.000000  inc=-0.955354  bucket 0->0  (mf=1000)
[MF-SEL] tPrev=(  d=0.137619  dMin=0.000000  dAvg=0.061745  dMax=3.837329  Dlo=0.030873  Dhi=1.949537  err=0.000000  inc=-0.955354  bucket 0->0  (mf=1000)
[MF-SEL] tPrev=(  d=0.134366  dMin=0.000000  dAvg=0.061798  dMax=3.837329  Dlo=0.030899  Dhi=1.949563  err=0.000000  inc=-0.955354  bucket 0->0  (mf=1000)
[MF-SEL] tPrev=(  d=0.136801  dMin=0.000000  dAvg=0.061852  dMax=3.837329  Dlo=0.030926  Dhi=1.949591  err=0.000000  inc=-0.955354  bucket 0->0  (mf=1000)
[MF-SEL] tPrev=(  d=0.136595  dMin=0.000000  dAvg=0.061906  dMax=3.837329  Dlo=0.030953  Dhi=1.949618  err=0.000000  inc=-0.955354  bucket 0->0  (mf=1000)
[MF-SEL] tPrev=(  d=0.136682  dMin=0.000000  dAvg=0.061961  dMax=3.837329  Dlo=0.030980  Dhi=1.949645  err=0.000000  inc=-0.955354  bucket 0->0  (mf=1000)
[MF-SEL] tPrev=(  d=0.137914  dMin=0.000000  dAvg=0.062015  dMax=3.837329  Dlo=0.031008  Dhi=1.949672  err=0.000000  inc=-0.955354  bucket 0->0  (mf=1000)
[MF-SEL] tPrev=(  d=0.136292  dMin=0.000000  dAvg=0.062069  dMax=3.837329  Dlo=0.031035  Dhi=1.949699  err=0.000000  inc=-0.955354  bucket 0->0  (mf=1000)
[MF-SEL] tPrev=(  d=0.135997  dMin=0.000000  dAvg=0.062122  dMax=3.837329  Dlo=0.031061  Dhi=1.949726  err=0.000000  inc=-0.955354  bucket 0->0  (mf=1000)
[MF-SEL] tPrev=(  d=0.135620  dMin=0.000000  dAvg=0.062175  dMax=3.837329  Dlo=0.031088  Dhi=1.949752  err=0.000000  inc=-0.955354  bucket 0->0  (mf=1000)
[MF-SEL] tPrev=(  d=0.136723  dMin=0.000000  dAvg=0.062229  dMax=3.837329  Dlo=0.031115  Dhi=1.949779  err=0.000000  inc=-0.955354  bucket 0->0  (mf=1000)
[MF-SEL] tPrev=(  d=0.134017  dMin=0.000000  dAvg=0.062281  dMax=3.837329  Dlo=0.031140  Dhi=1.949805  err=0.000000  inc=-0.955354  bucket 0->0  (mf=1000)
[MF-SEL] tPrev=(  d=0.131611  dMin=0.000000  dAvg=0.062331  dMax=3.837329  Dlo=0.031165  Dhi=1.949830  err=0.000000  inc=-0.955354  bucket 0->0  (mf=1000)
[MF-SEL] tPrev=(  d=0.129673  dMin=0.000000  dAvg=0.062379  dMax=3.837329  Dlo=0.031190  Dhi=1.949854  err=0.000000  inc=-0.955354  bucket 0->0  (mf=1000)
[MF-SEL] tPrev=(  d=0.124575  dMin=0.000000  dAvg=0.062424  dMax=3.837329  Dlo=0.031212  Dhi=1.949876  err=0.000000  inc=-0.955354  bucket 0->0  (mf=1000)
[MF-SEL] tPrev=(  d=0.120580  dMin=0.000000  dAvg=0.062465  dMax=3.837329  Dlo=0.031233  Dhi=1.949897  err=0.000000  inc=-0.955354  bucket 0->0  (mf=1000)
[MF-SEL] tPrev=(  d=0.116672  dMin=0.000000  dAvg=0.062504  dMax=3.837329  Dlo=0.031252  Dhi=1.949917  err=0.000000  inc=-0.955354  bucket 0->0  (mf=1000)
[MF-SEL] tPrev=(  d=0.113016  dMin=0.000000  dAvg=0.062541  dMax=3.837329  Dlo=0.031270  Dhi=1.949935  err=0.000000  inc=-0.955354  bucket 0->0  (mf=1000)
[MF-SEL] tPrev=(  d=0.104682  dMin=0.000000  dAvg=0.062571  dMax=3.837329  Dlo=0.031285  Dhi=1.949950  err=0.000000  inc=-0.955354  bucket 0->0  (mf=1000)
[MF-SEL] tPrev=(  d=0.105358  dMin=0.000000  dAvg=0.062601  dMax=3.837329  Dlo=0.031301  Dhi=1.949965  err=0.000000  inc=-0.955354  bucket 0->0  (mf=1000)
[MF-SEL] tPrev=(  d=0.109509  dMin=0.000000  dAvg=0.062635  dMax=3.837329  Dlo=0.031317  Dhi=1.949982  err=0.000000  inc=-0.955354  bucket 0->0  (mf=1000)
[MF-SEL] tPrev=(  d=0.100657  dMin=0.000000  dAvg=0.062662  dMax=3.837329  Dlo=0.031331  Dhi=1.949996  err=0.000000  inc=-0.955354  bucket 0->0  (mf=1000)
[MF-SEL] tPrev=(  d=0.098763  dMin=0.000000  dAvg=0.062688  dMax=3.837329  Dlo=0.031344  Dhi=1.950008  err=0.000000  inc=-0.955354  bucket 0->0  (mf=1000)
[MF-SEL] tPrev=(  d=0.101083  dMin=0.000000  dAvg=0.062715  dMax=3.837329  Dlo=0.031358  Dhi=1.950022  err=0.000000  inc=-0.955354  bucket 0->0  (mf=1000)
[MF-SEL] tPrev=(  d=0.096386  dMin=0.000000  dAvg=0.062739  dMax=3.837329  Dlo=0.031370  Dhi=1.950034  err=0.000000  inc=-0.955354  bucket 0->0  (mf=1000)
[MF-SEL] tPrev=(  d=0.094668  dMin=0.000000  dAvg=0.062762  dMax=3.837329  Dlo=0.031381  Dhi=1.950046  err=0.000000  inc=-0.955354  bucket 0->0  (mf=1000)
[MF-SEL] tPrev=(  d=0.092735  dMin=0.000000  dAvg=0.062783  dMax=3.837329  Dlo=0.031392  Dhi=1.950056  err=0.000000  inc=-0.955354  bucket 0->0  (mf=1000)
[MF-SEL] tPrev=(  d=0.091211  dMin=0.000000  dAvg=0.062804  dMax=3.837329  Dlo=0.031402  Dhi=1.950066  err=0.000000  inc=-0.955354  bucket 0->0  (mf=1000)
[MF-SEL] tPrev=(  d=0.095825  dMin=0.000000  dAvg=0.062827  dMax=3.837329  Dlo=0.031414  Dhi=1.950078  err=0.000000  inc=-0.955354  bucket 0->0  (mf=1000)
[MF-SEL] tPrev=(  d=0.087647  dMin=0.000000  dAvg=0.062845  dMax=3.837329  Dlo=0.031422  Dhi=1.950087  err=0.000000  inc=-0.955354  bucket 0->0  (mf=1000)
[MF-SEL] tPrev=(  d=0.085202  dMin=0.000000  dAvg=0.062861  dMax=3.837329  Dlo=0.031430  Dhi=1.950095  err=0.000000  inc=-0.955354  bucket 0->0  (mf=1000)
[MF-SEL] tPrev=(  d=0.082852  dMin=0.000000  dAvg=0.062875  dMax=3.837329  Dlo=0.031437  Dhi=1.950102  err=0.000000  inc=-0.955354  bucket 0->0  (mf=1000)
[MF-SEL] tPrev=(  d=0.082283  dMin=0.000000  dAvg=0.062889  dMax=3.837329  Dlo=0.031444  Dhi=1.950109  err=0.000000  inc=-0.955354  bucket 0->0  (mf=1000)
[MF-SEL] tPrev=(  d=0.078662  dMin=0.000000  dAvg=0.062900  dMax=3.837329  Dlo=0.031450  Dhi=1.950114  err=0.000000  inc=-0.955354  bucket 0->0  (mf=1000)
[MF-SEL] tPrev=(  d=0.076688  dMin=0.000000  dAvg=0.062910  dMax=3.837329  Dlo=0.031455  Dhi=1.950119  err=0.000000  inc=-0.955354  bucket 0->0  (mf=1000)
[MF-SEL] tPrev=(  d=0.074764  dMin=0.000000  dAvg=0.062918  dMax=3.837329  Dlo=0.031459  Dhi=1.950123  err=0.000000  inc=-0.955354  bucket 0->0  (mf=1000)
[MF-SEL] tPrev=(  d=0.074100  dMin=0.000000  dAvg=0.062926  dMax=3.837329  Dlo=0.031463  Dhi=1.950127  err=0.000000  inc=-0.955354  bucket 0->0  (mf=1000)
[MF-SEL] tPrev=(  d=0.072177  dMin=0.000000  dAvg=0.062932  dMax=3.837329  Dlo=0.031466  Dhi=1.950131  err=0.000000  inc=-0.955354  bucket 0->0  (mf=1000)
[MF-SEL] tPrev=(  d=0.070864  dMin=0.000000  dAvg=0.062938  dMax=3.837329  Dlo=0.031469  Dhi=1.950133  err=0.000000  inc=-0.955354  bucket 0->0  (mf=1000)
[MF-SEL] tPrev=(  d=0.069026  dMin=0.000000  dAvg=0.062942  dMax=3.837329  Dlo=0.031471  Dhi=1.950136  err=0.000000  inc=-0.955354  bucket 0->0  (mf=1000)
[MF-SEL] tPrev=(  d=0.066646  dMin=0.000000  dAvg=0.062945  dMax=3.837329  Dlo=0.031472  Dhi=1.950137  err=0.000000  inc=-0.955354  bucket 0->0  (mf=1000)
[MF-SEL] tPrev=(  d=0.063678  dMin=0.000000  dAvg=0.062945  dMax=3.837329  Dlo=0.031473  Dhi=1.950137  err=0.000000  inc=-0.955354  bucket 0->0  (mf=1000)
[MF-SEL] tPrev=(  d=0.063383  dMin=0.000000  dAvg=0.062946  dMax=3.837329  Dlo=0.031473  Dhi=1.950137  err=0.000000  inc=-0.955354  bucket 0->0  (mf=1000)
[MF-SEL] tPrev=(  d=0.056736  dMin=0.000000  dAvg=0.062941  dMax=3.837329  Dlo=0.031471  Dhi=1.950135  err=0.000000  inc=-0.955354  bucket 0->0  (mf=1000)
[MF-SEL] tPrev=(  d=0.053253  dMin=0.000000  dAvg=0.062935  dMax=3.837329  Dlo=0.031467  Dhi=1.950132  err=0.000000  inc=-0.955354  bucket 0->0  (mf=1000)
[MF-SEL] tPrev=(  d=0.049352  dMin=0.000000  dAvg=0.062925  dMax=3.837329  Dlo=0.031463  Dhi=1.950127  err=0.000000  inc=-0.955354  bucket 0->0  (mf=1000)
[MF-SEL] tPrev=(  d=0.045231  dMin=0.000000  dAvg=0.062913  dMax=3.837329  Dlo=0.031456  Dhi=1.950121  err=0.000000  inc=-0.955354  bucket 0->0  (mf=1000)
[MF-SEL] tPrev=(  d=0.054169  dMin=0.000000  dAvg=0.062906  dMax=3.837329  Dlo=0.031453  Dhi=1.950118  err=0.000000  inc=-0.955354  bucket 0->0  (mf=1000)
[MF-SEL] tPrev=(  d=0.038815  dMin=0.000000  dAvg=0.062890  dMax=3.837329  Dlo=0.031445  Dhi=1.950109  err=0.000000  inc=-0.955354  bucket 0->0  (mf=1000)
[MF-SEL] tPrev=(  d=0.036406  dMin=0.000000  dAvg=0.062871  dMax=3.837329  Dlo=0.031436  Dhi=1.950100  err=0.000000  inc=-0.955354  bucket 0->0  (mf=1000)
[MF-SEL] tPrev=(  d=0.034749  dMin=0.000000  dAvg=0.062851  dMax=3.837329  Dlo=0.031426  Dhi=1.950090  err=0.000000  inc=-0.955354  bucket 0->0  (mf=1000)
[MF-SEL] tPrev=(  d=0.033337  dMin=0.000000  dAvg=0.062831  dMax=3.837329  Dlo=0.031415  Dhi=1.950080  err=0.000000  inc=-0.955354  bucket 0->0  (mf=1000)
[MF-SEL] tPrev=(  d=0.032870  dMin=0.000000  dAvg=0.062810  dMax=3.837329  Dlo=0.031405  Dhi=1.950069  err=0.000000  inc=-0.955354  bucket 0->0  (mf=1000)
[MF-SEL] tPrev=(  d=0.032590  dMin=0.000000  dAvg=0.062789  dMax=3.837329  Dlo=0.031394  Dhi=1.950059  err=0.000000  inc=-0.955354  bucket 0->0  (mf=1000)
[MF-SEL] tPrev=(  d=0.033404  dMin=0.000000  dAvg=0.062768  dMax=3.837329  Dlo=0.031384  Dhi=1.950048  err=0.000000  inc=-0.955354  bucket 0->0  (mf=1000)
[MF-SEL] tPrev=(  d=0.034835  dMin=0.000000  dAvg=0.062749  dMax=3.837329  Dlo=0.031374  Dhi=1.950039  err=0.000000  inc=-0.955354  bucket 0->0  (mf=1000)
[MF-SEL] tPrev=(  d=0.036010  dMin=0.000000  dAvg=0.062730  dMax=3.837329  Dlo=0.031365  Dhi=1.950029  err=0.000000  inc=-0.955354  bucket 0->0  (mf=1000)
[MF-SEL] tPrev=(  d=0.037400  dMin=0.000000  dAvg=0.062712  dMax=3.837329  Dlo=0.031356  Dhi=1.950021  err=0.000000  inc=-0.955354  bucket 0->0  (mf=1000)
[MF-SEL] tPrev=(  d=0.038023  dMin=0.000000  dAvg=0.062695  dMax=3.837329  Dlo=0.031348  Dhi=1.950012  err=0.000000  inc=-0.955354  bucket 0->0  (mf=1000)
[MF-SEL] tPrev=(  d=0.037608  dMin=0.000000  dAvg=0.062678  dMax=3.837329  Dlo=0.031339  Dhi=1.950003  err=0.000000  inc=-0.955354  bucket 0->0  (mf=1000)
[MF-SEL] tPrev=(  d=0.037665  dMin=0.000000  dAvg=0.062660  dMax=3.837329  Dlo=0.031330  Dhi=1.949995  err=0.000000  inc=-0.955354  bucket 0->0  (mf=1000)
[MF-SEL] tPrev=(  d=0.037041  dMin=0.000000  dAvg=0.062642  dMax=3.837329  Dlo=0.031321  Dhi=1.949986  err=0.000000  inc=-0.955354  bucket 0->0  (mf=1000)
[MF-SEL] tPrev=(  d=0.036244  dMin=0.000000  dAvg=0.062624  dMax=3.837329  Dlo=0.031312  Dhi=1.949977  err=0.000000  inc=-0.955354  bucket 0->0  (mf=1000)
[MF-SEL] tPrev=(  d=0.035858  dMin=0.000000  dAvg=0.062606  dMax=3.837329  Dlo=0.031303  Dhi=1.949967  err=0.000000  inc=-0.955354  bucket 0->0  (mf=1000)
[MF-SEL] tPrev=(  d=0.040788  dMin=0.000000  dAvg=0.062590  dMax=3.837329  Dlo=0.031295  Dhi=1.949960  err=0.000000  inc=-0.955354  bucket 0->0  (mf=1000)
[MF-SEL] tPrev=(  d=0.036138  dMin=0.000000  dAvg=0.062572  dMax=3.837329  Dlo=0.031286  Dhi=1.949950  err=0.000000  inc=-0.955354  bucket 0->0  (mf=1000)
[MF-SEL] tPrev=(  d=0.036732  dMin=0.000000  dAvg=0.062554  dMax=3.837329  Dlo=0.031277  Dhi=1.949942  err=0.000000  inc=-0.955354  bucket 0->0  (mf=1000)
[MF-SEL] tPrev=(  d=0.037507  dMin=0.000000  dAvg=0.062537  dMax=3.837329  Dlo=0.031268  Dhi=1.949933  err=0.000000  inc=-0.955354  bucket 0->0  (mf=1000)
[MF-SEL] tPrev=(  d=0.038156  dMin=0.000000  dAvg=0.062520  dMax=3.837329  Dlo=0.031260  Dhi=1.949924  err=0.000000  inc=-0.955354  bucket 0->0  (mf=1000)
[MF-SEL] tPrev=(  d=0.037975  dMin=0.000000  dAvg=0.062503  dMax=3.837329  Dlo=0.031252  Dhi=1.949916  err=0.000000  inc=-0.955354  bucket 0->0  (mf=1000)
[MF-SEL] tPrev=(  d=0.037021  dMin=0.000000  dAvg=0.062485  dMax=3.837329  Dlo=0.031243  Dhi=1.949907  err=0.000000  inc=-0.955354  bucket 0->0  (mf=1000)
[MF-SEL] tPrev=(  d=0.036083  dMin=0.000000  dAvg=0.062467  dMax=3.837329  Dlo=0.031234  Dhi=1.949898  err=0.000000  inc=-0.955354  bucket 0->0  (mf=1000)
[MF-SEL] tPrev=(  d=0.035099  dMin=0.000000  dAvg=0.062448  dMax=3.837329  Dlo=0.031224  Dhi=1.949889  err=0.000000  inc=-0.955354  bucket 0->0  (mf=1000)
[MF-SEL] tPrev=(  d=0.034233  dMin=0.000000  dAvg=0.062429  dMax=3.837329  Dlo=0.031214  Dhi=1.949879  err=0.000000  inc=-0.955354  bucket 0->0  (mf=1000)
[MF-SEL] tPrev=(  d=0.033104  dMin=0.000000  dAvg=0.062409  dMax=3.837329  Dlo=0.031204  Dhi=1.949869  err=0.000000  inc=-0.955354  bucket 0->0  (mf=1000)
[MF-SEL] tPrev=(  d=0.041829  dMin=0.000000  dAvg=0.062395  dMax=3.837329  Dlo=0.031197  Dhi=1.949862  err=0.000000  inc=-0.955354  bucket 0->0  (mf=1000)
[MF-SEL] tPrev=(  d=0.032805  dMin=0.000000  dAvg=0.062374  dMax=3.837329  Dlo=0.031187  Dhi=1.949852  err=0.000000  inc=-0.955354  bucket 0->0  (mf=1000)
[MF-SEL] tPrev=(  d=0.031483  dMin=0.000000  dAvg=0.062353  dMax=3.837329  Dlo=0.031176  Dhi=1.949841  err=0.000000  inc=-0.955354  bucket 0->0  (mf=1000)
[MF-SEL] tPrev=(  d=0.030395  dMin=0.000000  dAvg=0.062331  dMax=3.837329  Dlo=0.031165  Dhi=1.949830  err=-1.000000  inc=-1.901063  bucket 0->0  (mf=1000)
[MF-SEL] tPrev=(  d=0.029446  dMin=0.000000  dAvg=0.062308  dMax=3.837329  Dlo=0.031154  Dhi=1.949819  err=-1.000000  inc=-1.560075  bucket 0->0  (mf=1000)
[MF-SEL] tPrev=(  d=0.028640  dMin=0.000000  dAvg=0.062285  dMax=3.837329  Dlo=0.031143  Dhi=1.949807  err=-1.000000  inc=-1.562446  bucket 0->0  (mf=1000)
[MF-SEL] tPrev=(  d=0.028250  dMin=0.000000  dAvg=0.062262  dMax=3.837329  Dlo=0.031131  Dhi=1.949795  err=-1.000000  inc=-1.564803  bucket 0->0  (mf=1000)
[MF-SEL] tPrev=(  d=0.027264  dMin=0.000000  dAvg=0.062238  dMax=3.837329  Dlo=0.031119  Dhi=1.949783  err=-1.000000  inc=-1.567056  bucket 0->0  (mf=1000)
[MF-SEL] tPrev=(  d=0.026458  dMin=0.000000  dAvg=0.062214  dMax=3.837329  Dlo=0.031107  Dhi=1.949771  err=-1.000000  inc=-1.569456  bucket 0->0  (mf=1000)
[MF-SEL] tPrev=(  d=0.025719  dMin=0.000000  dAvg=0.062189  dMax=3.837329  Dlo=0.031094  Dhi=1.949759  err=-1.000000  inc=-1.571788  bucket 0->0  (mf=1000)
[MF-SEL] tPrev=(  d=0.020160  dMin=0.000000  dAvg=0.062160  dMax=3.837329  Dlo=0.031080  Dhi=1.949744  err=-1.000000  inc=-1.573965  bucket 0->0  (mf=1000)
[MF-SEL] tPrev=(  d=0.024255  dMin=0.000000  dAvg=0.062134  dMax=3.837329  Dlo=0.031067  Dhi=1.949731  err=-1.000000  inc=-1.576539  bucket 0->0  (mf=1000)
[MF-SEL] tPrev=(  d=0.023256  dMin=0.000000  dAvg=0.062107  dMax=3.837329  Dlo=0.031054  Dhi=1.949718  err=-1.000000  inc=-1.578885  bucket 0->0  (mf=1000)
[MF-SEL] tPrev=(  d=0.022894  dMin=0.000000  dAvg=0.062081  dMax=3.837329  Dlo=0.031040  Dhi=1.949705  err=-1.000000  inc=-1.581285  bucket 0->0  (mf=1000)
[MF-SEL] tPrev=(  d=0.022382  dMin=0.000000  dAvg=0.062054  dMax=3.837329  Dlo=0.031027  Dhi=1.949691  err=-1.000000  inc=-1.583716  bucket 0->0  (mf=1000)
[MF-SEL] tPrev=(  d=0.022169  dMin=0.000000  dAvg=0.062026  dMax=3.837329  Dlo=0.031013  Dhi=1.949678  err=-1.000000  inc=-1.585996  bucket 0->0  (mf=1000)
[MF-SEL] tPrev=(  d=0.021883  dMin=0.000000  dAvg=0.061999  dMax=3.837329  Dlo=0.031000  Dhi=1.949664  err=-1.000000  inc=-1.588298  bucket 0->0  (mf=1000)
[MF-SEL] tPrev=(  d=0.021990  dMin=0.000000  dAvg=0.061972  dMax=3.837329  Dlo=0.030986  Dhi=1.949650  err=-1.000000  inc=-1.590270  bucket 0->0  (mf=1000)
[MF-SEL] tPrev=(  d=0.021590  dMin=0.000000  dAvg=0.061944  dMax=3.837329  Dlo=0.030972  Dhi=1.949637  err=-1.000000  inc=-1.592450  bucket 0->0  (mf=1000)
[MF-SEL] tPrev=(  d=0.021203  dMin=0.000000  dAvg=0.061917  dMax=3.837329  Dlo=0.030958  Dhi=1.949623  err=-1.000000  inc=-1.594535  bucket 0->0  (mf=1000)
[MF-SEL] tPrev=(  d=0.018247  dMin=0.000000  dAvg=0.061887  dMax=3.837329  Dlo=0.030944  Dhi=1.949608  err=-1.000000  inc=-1.597145  bucket 0->0  (mf=1000)
[MF-SEL] tPrev=(  d=0.015702  dMin=0.000000  dAvg=0.061856  dMax=3.837329  Dlo=0.030928  Dhi=1.949592  err=-1.000000  inc=-1.599500  bucket 0->0  (mf=1000)
[MF-SEL] tPrev=(  d=0.014833  dMin=0.000000  dAvg=0.061824  dMax=3.837329  Dlo=0.030912  Dhi=1.949576  err=-1.000000  inc=-1.601785  bucket 0->0  (mf=1000)
[MF-SEL] tPrev=(  d=0.013794  dMin=0.000000  dAvg=0.061791  dMax=3.837329  Dlo=0.030896  Dhi=1.949560  err=-1.000000  inc=-1.603968  bucket 0->0  (mf=1000)
[MF-SEL] tPrev=(  d=0.012508  dMin=0.000000  dAvg=0.061758  dMax=3.837329  Dlo=0.030879  Dhi=1.949543  err=-1.000000  inc=-1.606303  bucket 0->0  (mf=1000)
[MF-SEL] tPrev=(  d=0.012250  dMin=0.000000  dAvg=0.061724  dMax=3.837329  Dlo=0.030862  Dhi=1.949527  err=-1.000000  inc=-1.608536  bucket 0->0  (mf=1000)
[MF-SEL] tPrev=(  d=0.012628  dMin=0.000000  dAvg=0.061691  dMax=3.837329  Dlo=0.030846  Dhi=1.949510  err=-1.000000  inc=-1.610967  bucket 0->0  (mf=1000)
[MF-SEL] tPrev=(  d=0.012597  dMin=0.000000  dAvg=0.061658  dMax=3.837329  Dlo=0.030829  Dhi=1.949494  err=-1.000000  inc=-1.613024  bucket 0->0  (mf=1000)
[MF-SEL] tPrev=(  d=0.013385  dMin=0.000000  dAvg=0.061626  dMax=3.837329  Dlo=0.030813  Dhi=1.949477  err=-1.000000  inc=-1.615097  bucket 0->0  (mf=1000)
[MF-SEL] tPrev=(  d=0.020739  dMin=0.000000  dAvg=0.061598  dMax=3.837329  Dlo=0.030799  Dhi=1.949463  err=-1.000000  inc=-1.617355  bucket 0->0  (mf=1000)
[MF-SEL] tPrev=(  d=0.014501  dMin=0.000000  dAvg=0.061566  dMax=3.837329  Dlo=0.030783  Dhi=1.949448  err=-1.000000  inc=-1.619763  bucket 0->0  (mf=1000)
[MF-SEL] tPrev=(  d=0.014983  dMin=0.000000  dAvg=0.061535  dMax=3.837329  Dlo=0.030767  Dhi=1.949432  err=-1.000000  inc=-1.621965  bucket 0->0  (mf=1000)
[MF-SEL] tPrev=(  d=0.015172  dMin=0.000000  dAvg=0.061504  dMax=3.837329  Dlo=0.030752  Dhi=1.949416  err=-1.000000  inc=-1.624097  bucket 0->0  (mf=1000)
[MF-SEL] tPrev=(  d=0.014383  dMin=0.000000  dAvg=0.061472  dMax=3.837329  Dlo=0.030736  Dhi=1.949400  err=-1.000000  inc=-1.626457  bucket 0->0  (mf=1000)
[MF-SEL] tPrev=(  d=0.013810  dMin=0.000000  dAvg=0.061440  dMax=3.837329  Dlo=0.030720  Dhi=1.949384  err=-1.000000  inc=-1.628757  bucket 0->0  (mf=1000)
[MF-SEL] tPrev=(  d=0.013207  dMin=0.000000  dAvg=0.061407  dMax=3.837329  Dlo=0.030704  Dhi=1.949368  err=-1.000000  inc=-1.631072  bucket 0->0  (mf=1000)
[MF-SEL] tPrev=(  d=0.012659  dMin=0.000000  dAvg=0.061375  dMax=3.837329  Dlo=0.030687  Dhi=1.949352  err=-1.000000  inc=-1.633301  bucket 0->0  (mf=1000)
[MF-SEL] tPrev=(  d=0.012415  dMin=0.000000  dAvg=0.061342  dMax=3.837329  Dlo=0.030671  Dhi=1.949335  err=-1.000000  inc=-1.635382  bucket 0->0  (mf=1000)
[MF-SEL] tPrev=(  d=0.012511  dMin=0.000000  dAvg=0.061309  dMax=3.837329  Dlo=0.030655  Dhi=1.949319  err=-1.000000  inc=-1.637479  bucket 0->0  (mf=1000)
[MF-SEL] tPrev=(  d=0.015966  dMin=0.000000  dAvg=0.061279  dMax=3.837329  Dlo=0.030639  Dhi=1.949304  err=-1.000000  inc=-1.639645  bucket 0->0  (mf=1000)
[MF-SEL] tPrev=(  d=0.010473  dMin=0.000000  dAvg=0.061245  dMax=3.837329  Dlo=0.030622  Dhi=1.949287  err=-1.000000  inc=-1.641994  bucket 0->0  (mf=1000)
[MF-SEL] tPrev=(  d=0.010352  dMin=0.000000  dAvg=0.061211  dMax=3.837329  Dlo=0.030605  Dhi=1.949270  err=-1.000000  inc=-1.644377  bucket 0->0  (mf=1000)
[MF-SEL] tPrev=(  d=0.010608  dMin=0.000000  dAvg=0.061177  dMax=3.837329  Dlo=0.030588  Dhi=1.949253  err=-1.000000  inc=-1.646545  bucket 0->0  (mf=1000)
[MF-SEL] tPrev=(  d=0.010755  dMin=0.000000  dAvg=0.061143  dMax=3.837329  Dlo=0.030572  Dhi=1.949236  err=-1.000000  inc=-1.648786  bucket 0->0  (mf=1000)
[MF-SEL] tPrev=(  d=0.009711  dMin=0.000000  dAvg=0.061109  dMax=3.837329  Dlo=0.030554  Dhi=1.949219  err=-1.000000  inc=-1.651041  bucket 0->0  (mf=1000)
[MF-SEL] tPrev=(  d=0.009009  dMin=0.000000  dAvg=0.061074  dMax=3.837329  Dlo=0.030537  Dhi=1.949201  err=-1.000000  inc=-1.653372  bucket 0->0  (mf=1000)
[MF-SEL] tPrev=(  d=0.007900  dMin=0.000000  dAvg=0.061038  dMax=3.837329  Dlo=0.030519  Dhi=1.949184  err=-1.000000  inc=-1.655574  bucket 0->0  (mf=1000)
[MF-SEL] tPrev=(  d=0.007635  dMin=0.000000  dAvg=0.061003  dMax=3.837329  Dlo=0.030501  Dhi=1.949166  err=-1.000000  inc=-1.657801  bucket 0->0  (mf=1000)
[MF-SEL] tPrev=(  d=0.007900  dMin=0.000000  dAvg=0.060967  dMax=3.837329  Dlo=0.030484  Dhi=1.949148  err=-1.000000  inc=-1.660087  bucket 0->0  (mf=1000)
[MF-SEL] tPrev=(  d=0.007601  dMin=0.000000  dAvg=0.060932  dMax=3.837329  Dlo=0.030466  Dhi=1.949130  err=-1.000000  inc=-1.662197  bucket 0->0  (mf=1000)
[MF-SEL] tPrev=(  d=0.010637  dMin=0.000000  dAvg=0.060898  dMax=3.837329  Dlo=0.030449  Dhi=1.949114  err=-1.000000  inc=-1.664424  bucket 0->0  (mf=1000)
[MF-SEL] tPrev=(  d=0.007852  dMin=0.000000  dAvg=0.060863  dMax=3.837329  Dlo=0.030432  Dhi=1.949096  err=-1.000000  inc=-1.666999  bucket 0->0  (mf=1000)
[MF-SEL] tPrev=(  d=0.008549  dMin=0.000000  dAvg=0.060828  dMax=3.837329  Dlo=0.030414  Dhi=1.949079  err=-1.000000  inc=-1.669252  bucket 0->0  (mf=1000)
[MF-SEL] tPrev=(  d=0.009639  dMin=0.000000  dAvg=0.060794  dMax=3.837329  Dlo=0.030397  Dhi=1.949062  err=-1.000000  inc=-1.671571  bucket 0->0  (mf=1000)
[MF-SEL] tPrev=(  d=0.010654  dMin=0.000000  dAvg=0.060761  dMax=3.837329  Dlo=0.030381  Dhi=1.949045  err=-1.000000  inc=-1.673776  bucket 0->0  (mf=1000)
[MF-SEL] tPrev=(  d=0.011358  dMin=0.000000  dAvg=0.060728  dMax=3.837329  Dlo=0.030364  Dhi=1.949029  err=-1.000000  inc=-1.676181  bucket 0->0  (mf=1000)
[MF-SEL] tPrev=(  d=0.011692  dMin=0.000000  dAvg=0.060696  dMax=3.837329  Dlo=0.030348  Dhi=1.949012  err=-1.000000  inc=-1.678614  bucket 0->0  (mf=1000)
[MF-SEL] tPrev=(  d=0.011283  dMin=0.000000  dAvg=0.060663  dMax=3.837329  Dlo=0.030332  Dhi=1.948996  err=-1.000000  inc=-1.680921  bucket 0->0  (mf=1000)
[MF-SEL] tPrev=(  d=0.011007  dMin=0.000000  dAvg=0.060630  dMax=3.837329  Dlo=0.030315  Dhi=1.948980  err=-1.000000  inc=-1.683027  bucket 0->0  (mf=1000)
[MF-SEL] tPrev=(  d=0.010893  dMin=0.000000  dAvg=0.060597  dMax=3.837329  Dlo=0.030299  Dhi=1.948963  err=-1.000000  inc=-1.685385  bucket 0->0  (mf=1000)
[MF-SEL] tPrev=(  d=0.005831  dMin=0.000000  dAvg=0.060561  dMax=3.837329  Dlo=0.030281  Dhi=1.948945  err=-1.000000  inc=-1.687594  bucket 0->0  (mf=1000)
[MF-SEL] tPrev=(  d=0.011218  dMin=0.000000  dAvg=0.060529  dMax=3.837329  Dlo=0.030264  Dhi=1.948929  err=-1.000000  inc=-1.689913  bucket 0->0  (mf=1000)
[MF-SEL] tPrev=(  d=0.011102  dMin=0.000000  dAvg=0.060496  dMax=3.837329  Dlo=0.030248  Dhi=1.948912  err=-1.000000  inc=-1.692284  bucket 0->0  (mf=1000)
[MF-SEL] tPrev=(  d=0.011316  dMin=0.000000  dAvg=0.060464  dMax=3.837329  Dlo=0.030232  Dhi=1.948896  err=-1.000000  inc=-1.694575  bucket 0->0  (mf=1000)
[MF-SEL] tPrev=(  d=0.011777  dMin=0.000000  dAvg=0.060431  dMax=3.837329  Dlo=0.030216  Dhi=1.948880  err=-1.000000  inc=-1.696967  bucket 0->0  (mf=1000)
[MF-SEL] tPrev=(  d=0.012573  dMin=0.000000  dAvg=0.060400  dMax=3.837329  Dlo=0.030200  Dhi=1.948864  err=-1.000000  inc=-1.699290  bucket 0->0  (mf=1000)
[MF-SEL] tPrev=(  d=0.013266  dMin=0.000000  dAvg=0.060369  dMax=3.837329  Dlo=0.030184  Dhi=1.948849  err=-1.000000  inc=-1.701688  bucket 0->0  (mf=1000)
[MF-SEL] tPrev=(  d=0.013797  dMin=0.000000  dAvg=0.060338  dMax=3.837329  Dlo=0.030169  Dhi=1.948834  err=-1.000000  inc=-1.704164  bucket 0->0  (mf=1000)
[MF-SEL] tPrev=(  d=0.013325  dMin=0.000000  dAvg=0.060307  dMax=3.837329  Dlo=0.030154  Dhi=1.948818  err=-1.000000  inc=-1.706415  bucket 0->0  (mf=1000)
[MF-SEL] tPrev=(  d=0.016064  dMin=0.000000  dAvg=0.060278  dMax=3.837329  Dlo=0.030139  Dhi=1.948804  err=-1.000000  inc=-1.708824  bucket 0->0  (mf=1000)
[MF-SEL] tPrev=(  d=0.010291  dMin=0.000000  dAvg=0.060245  dMax=3.837329  Dlo=0.030123  Dhi=1.948787  err=-1.000000  inc=-1.711094  bucket 0->0  (mf=1000)
[MF-SEL] tPrev=(  d=0.009301  dMin=0.000000  dAvg=0.060212  dMax=3.837329  Dlo=0.030106  Dhi=1.948770  err=-1.000000  inc=-1.713366  bucket 0->0  (mf=1000)
[MF-SEL] tPrev=(  d=0.008920  dMin=0.000000  dAvg=0.060178  dMax=3.837329  Dlo=0.030089  Dhi=1.948754  err=-1.000000  inc=-1.715690  bucket 0->0  (mf=1000)
[MF-SEL] tPrev=(  d=0.008837  dMin=0.000000  dAvg=0.060145  dMax=3.837329  Dlo=0.030072  Dhi=1.948737  err=-1.000000  inc=-1.717972  bucket 0->0  (mf=1000)
[MF-SEL] tPrev=(  d=0.009280  dMin=0.000000  dAvg=0.060111  dMax=3.837329  Dlo=0.030056  Dhi=1.948720  err=-1.000000  inc=-1.720463  bucket 0->0  (mf=1000)
[MF-SEL] tPrev=(  d=0.010133  dMin=0.000000  dAvg=0.060079  dMax=3.837329  Dlo=0.030039  Dhi=1.948704  err=-1.000000  inc=-1.722865  bucket 0->0  (mf=1000)
[MF-SEL] tPrev=(  d=0.011583  dMin=0.000000  dAvg=0.060047  dMax=3.837329  Dlo=0.030024  Dhi=1.948688  err=-1.000000  inc=-1.725158  bucket 0->0  (mf=1000)
[MF-SEL] tPrev=(  d=0.012189  dMin=0.000000  dAvg=0.060016  dMax=3.837329  Dlo=0.030008  Dhi=1.948672  err=-1.000000  inc=-1.727380  bucket 0->0  (mf=1000)
[MF-SEL] tPrev=(  d=0.013477  dMin=0.000000  dAvg=0.059985  dMax=3.837329  Dlo=0.029993  Dhi=1.948657  err=-1.000000  inc=-1.729587  bucket 0->0  (mf=1000)
[MF-SEL] tPrev=(  d=0.014704  dMin=0.000000  dAvg=0.059956  dMax=3.837329  Dlo=0.029978  Dhi=1.948642  err=-1.000000  inc=-1.731946  bucket 0->0  (mf=1000)
[MF-SEL] tPrev=(  d=0.029199  dMin=0.000000  dAvg=0.059936  dMax=3.837329  Dlo=0.029968  Dhi=1.948632  err=-1.000000  inc=-1.734229  bucket 0->0  (mf=1000)
[MF-SEL] tPrev=(  d=0.012730  dMin=0.000000  dAvg=0.059905  dMax=3.837329  Dlo=0.029952  Dhi=1.948617  err=-1.000000  inc=-1.736576  bucket 0->0  (mf=1000)
[MF-SEL] tPrev=(  d=0.012738  dMin=0.000000  dAvg=0.059874  dMax=3.837329  Dlo=0.029937  Dhi=1.948602  err=-1.000000  inc=-1.738900  bucket 0->0  (mf=1000)
[MF-SEL] tPrev=(  d=0.013050  dMin=0.000000  dAvg=0.059844  dMax=3.837329  Dlo=0.029922  Dhi=1.948586  err=-1.000000  inc=-1.741250  bucket 0->0  (mf=1000)
[MF-SEL] tPrev=(  d=0.013685  dMin=0.000000  dAvg=0.059814  dMax=3.837329  Dlo=0.029907  Dhi=1.948571  err=-1.000000  inc=-1.743495  bucket 0->0  (mf=1000)
[MF-SEL] tPrev=(  d=0.014706  dMin=0.000000  dAvg=0.059784  dMax=3.837329  Dlo=0.029892  Dhi=1.948557  err=-1.000000  inc=-1.745819  bucket 0->0  (mf=1000)
[MF-SEL] tPrev=(  d=0.015775  dMin=0.000000  dAvg=0.059756  dMax=3.837329  Dlo=0.029878  Dhi=1.948542  err=-1.000000  inc=-1.748237  bucket 0->0  (mf=1000)
[MF-SEL] tPrev=(  d=0.017263  dMin=0.000000  dAvg=0.059728  dMax=3.837329  Dlo=0.029864  Dhi=1.948529  err=-1.000000  inc=-1.750613  bucket 0->0  (mf=1000)
[MF-SEL] tPrev=(  d=0.018590  dMin=0.000000  dAvg=0.059701  dMax=3.837329  Dlo=0.029851  Dhi=1.948515  err=-1.000000  inc=-1.752891  bucket 0->0  (mf=1000)
[MF-SEL] tPrev=(  d=0.019827  dMin=0.000000  dAvg=0.059676  dMax=3.837329  Dlo=0.029838  Dhi=1.948502  err=-1.000000  inc=-1.755022  bucket 0->0  (mf=1000)
[MF-SEL] tPrev=(  d=0.029263  dMin=0.000000  dAvg=0.059656  dMax=3.837329  Dlo=0.029828  Dhi=1.948492  err=-1.000000  inc=-1.757226  bucket 0->0  (mf=1000)
[MF-SEL] tPrev=(  d=0.018498  dMin=0.000000  dAvg=0.059629  dMax=3.837329  Dlo=0.029815  Dhi=1.948479  err=-1.000000  inc=-1.759675  bucket 0->0  (mf=1000)
[MF-SEL] tPrev=(  d=0.016921  dMin=0.000000  dAvg=0.059602  dMax=3.837329  Dlo=0.029801  Dhi=1.948465  err=-1.000000  inc=-1.761895  bucket 0->0  (mf=1000)
[MF-SEL] tPrev=(  d=0.015780  dMin=0.000000  dAvg=0.059573  dMax=3.837329  Dlo=0.029787  Dhi=1.948451  err=-1.000000  inc=-1.764182  bucket 0->0  (mf=1000)
[MF-SEL] tPrev=(  d=0.015830  dMin=0.000000  dAvg=0.059545  dMax=3.837329  Dlo=0.029772  Dhi=1.948437  err=-1.000000  inc=-1.766522  bucket 0->0  (mf=1000)
[MF-SEL] tPrev=(  d=0.015592  dMin=0.000000  dAvg=0.059517  dMax=3.837329  Dlo=0.029758  Dhi=1.948423  err=-1.000000  inc=-1.768618  bucket 0->0  (mf=1000)
[MF-SEL] tPrev=(  d=0.015211  dMin=0.000000  dAvg=0.059488  dMax=3.837329  Dlo=0.029744  Dhi=1.948408  err=-1.000000  inc=-1.770929  bucket 0->0  (mf=1000)
[MF-SEL] tPrev=(  d=0.022272  dMin=0.000000  dAvg=0.059464  dMax=3.837329  Dlo=0.029732  Dhi=1.948396  err=-1.000000  inc=-1.773077  bucket 0->0  (mf=1000)
[MF-SEL] tPrev=(  d=0.018351  dMin=0.000000  dAvg=0.059437  dMax=3.837329  Dlo=0.029719  Dhi=1.948383  err=-1.000000  inc=-1.775592  bucket 0->0  (mf=1000)
[MF-SEL] tPrev=(  d=0.018727  dMin=0.000000  dAvg=0.059411  dMax=3.837329  Dlo=0.029706  Dhi=1.948370  err=-1.000000  inc=-1.777896  bucket 0->0  (mf=1000)
[MF-SEL] tPrev=(  d=0.020016  dMin=0.000000  dAvg=0.059386  dMax=3.837329  Dlo=0.029693  Dhi=1.948357  err=-1.000000  inc=-1.780129  bucket 0->0  (mf=1000)
[MF-SEL] tPrev=(  d=0.020617  dMin=0.000000  dAvg=0.059361  dMax=3.837329  Dlo=0.029680  Dhi=1.948345  err=-1.000000  inc=-1.782438  bucket 0->0  (mf=1000)
[MF-SEL] tPrev=(  d=0.020163  dMin=0.000000  dAvg=0.059336  dMax=3.837329  Dlo=0.029668  Dhi=1.948332  err=-1.000000  inc=-1.784747  bucket 0->0  (mf=1000)
[MF-SEL] tPrev=(  d=0.019507  dMin=0.000000  dAvg=0.059310  dMax=3.837329  Dlo=0.029655  Dhi=1.948320  err=-1.000000  inc=-1.787033  bucket 0->0  (mf=1000)
[MF-SEL] tPrev=(  d=0.018103  dMin=0.000000  dAvg=0.059284  dMax=3.837329  Dlo=0.029642  Dhi=1.948306  err=-1.000000  inc=-1.789366  bucket 0->0  (mf=1000)
[MF-SEL] tPrev=(  d=0.016384  dMin=0.000000  dAvg=0.059256  dMax=3.837329  Dlo=0.029628  Dhi=1.948293  err=-1.000000  inc=-1.791550  bucket 0->0  (mf=1000)
[MF-SEL] tPrev=(  d=0.014620  dMin=0.000000  dAvg=0.059227  dMax=3.837329  Dlo=0.029614  Dhi=1.948278  err=-1.000000  inc=-1.793728  bucket 0->0  (mf=1000)
[MF-SEL] tPrev=(  d=0.020113  dMin=0.000000  dAvg=0.059202  dMax=3.837329  Dlo=0.029601  Dhi=1.948266  err=-1.000000  inc=-1.795976  bucket 0->0  (mf=1000)
[MF-SEL] tPrev=(  d=0.013865  dMin=0.000000  dAvg=0.059173  dMax=3.837329  Dlo=0.029587  Dhi=1.948251  err=-1.000000  inc=-1.798395  bucket 0->0  (mf=1000)
[MF-SEL] tPrev=(  d=0.013589  dMin=0.000000  dAvg=0.059144  dMax=3.837329  Dlo=0.029572  Dhi=1.948237  err=-1.000000  inc=-1.800742  bucket 0->0  (mf=1000)
[MF-SEL] tPrev=(  d=0.013203  dMin=0.000000  dAvg=0.059115  dMax=3.837329  Dlo=0.029557  Dhi=1.948222  err=-1.000000  inc=-1.803197  bucket 0->0  (mf=1000)
[MF-SEL] tPrev=(  d=0.012771  dMin=0.000000  dAvg=0.059085  dMax=3.837329  Dlo=0.029543  Dhi=1.948207  err=-1.000000  inc=-1.805580  bucket 0->0  (mf=1000)
[MF-SEL] tPrev=(  d=0.012260  dMin=0.000000  dAvg=0.059055  dMax=3.837329  Dlo=0.029528  Dhi=1.948192  err=-1.000000  inc=-1.808075  bucket 0->0  (mf=1000)
[MF-SEL] tPrev=(  d=0.012007  dMin=0.000000  dAvg=0.059025  dMax=3.837329  Dlo=0.029513  Dhi=1.948177  err=-1.000000  inc=-1.810517  bucket 0->0  (mf=1000)
[MF-SEL] tPrev=(  d=0.012062  dMin=0.000000  dAvg=0.058995  dMax=3.837329  Dlo=0.029498  Dhi=1.948162  err=-1.000000  inc=-1.812824  bucket 0->0  (mf=1000)
[MF-SEL] tPrev=(  d=0.012188  dMin=0.000000  dAvg=0.058965  dMax=3.837329  Dlo=0.029483  Dhi=1.948147  err=-1.000000  inc=-1.815176  bucket 0->0  (mf=1000)
[MF-SEL] tPrev=(  d=0.012563  dMin=0.000000  dAvg=0.058936  dMax=3.837329  Dlo=0.029468  Dhi=1.948132  err=-1.000000  inc=-1.817467  bucket 0->0  (mf=1000)
[MF-SEL] tPrev=(  d=0.011235  dMin=0.000000  dAvg=0.058905  dMax=3.837329  Dlo=0.029453  Dhi=1.948117  err=-1.000000  inc=-1.819561  bucket 0->0  (mf=1000)
[MF-SEL] tPrev=(  d=0.016202  dMin=0.000000  dAvg=0.058878  dMax=3.837329  Dlo=0.029439  Dhi=1.948104  err=-1.000000  inc=-1.822029  bucket 0->0  (mf=1000)
[MF-SEL] tPrev=(  d=0.016667  dMin=0.000000  dAvg=0.058851  dMax=3.837329  Dlo=0.029426  Dhi=1.948090  err=-1.000000  inc=-1.824264  bucket 0->0  (mf=1000)
[MF-SEL] tPrev=(  d=0.016374  dMin=0.000000  dAvg=0.058824  dMax=3.837329  Dlo=0.029412  Dhi=1.948077  err=-1.000000  inc=-1.826663  bucket 0->0  (mf=1000)
[MF-SEL] tPrev=(  d=0.016654  dMin=0.000000  dAvg=0.058798  dMax=3.837329  Dlo=0.029399  Dhi=1.948063  err=-1.000000  inc=-1.828988  bucket 0->0  (mf=1000)
[MF-SEL] tPrev=(  d=0.016593  dMin=0.000000  dAvg=0.058771  dMax=3.837329  Dlo=0.029385  Dhi=1.948050  err=-1.000000  inc=-1.831287  bucket 0->0  (mf=1000)
[MF-SEL] tPrev=(  d=0.016810  dMin=0.000000  dAvg=0.058744  dMax=3.837329  Dlo=0.029372  Dhi=1.948037  err=-1.000000  inc=-1.833579  bucket 0->0  (mf=1000)
[MF-SEL] tPrev=(  d=0.016476  dMin=0.000000  dAvg=0.058717  dMax=3.837329  Dlo=0.029359  Dhi=1.948023  err=-1.000000  inc=-1.835994  bucket 0->0  (mf=1000)
[MF-SEL] tPrev=(  d=0.016787  dMin=0.000000  dAvg=0.058691  dMax=3.837329  Dlo=0.029345  Dhi=1.948010  err=-1.000000  inc=-1.838172  bucket 0->0  (mf=1000)
[MF-SEL] tPrev=(  d=0.016018  dMin=0.000000  dAvg=0.058664  dMax=3.837329  Dlo=0.029332  Dhi=1.947996  err=-1.000000  inc=-1.840395  bucket 0->0  (mf=1000)
[MF-SEL] tPrev=(  d=0.008320  dMin=0.000000  dAvg=0.058632  dMax=3.837329  Dlo=0.029316  Dhi=1.947980  err=-1.000000  inc=-1.842653  bucket 0->0  (mf=1000)
[MF-SEL] tPrev=(  d=0.016344  dMin=0.000000  dAvg=0.058605  dMax=3.837329  Dlo=0.029303  Dhi=1.947967  err=-1.000000  inc=-1.845032  bucket 0->0  (mf=1000)
[MF-SEL] tPrev=(  d=0.015368  dMin=0.000000  dAvg=0.058578  dMax=3.837329  Dlo=0.029289  Dhi=1.947953  err=-1.000000  inc=-1.847003  bucket 0->0  (mf=1000)
[MF-SEL] tPrev=(  d=0.014964  dMin=0.000000  dAvg=0.058550  dMax=3.837329  Dlo=0.029275  Dhi=1.947940  err=-1.000000  inc=-1.849136  bucket 0->0  (mf=1000)
[MF-SEL] tPrev=(  d=0.016498  dMin=0.000000  dAvg=0.058524  dMax=3.837329  Dlo=0.029262  Dhi=1.947926  err=-1.000000  inc=-1.851381  bucket 0->0  (mf=1000)
[MF-SEL] tPrev=(  d=0.015806  dMin=0.000000  dAvg=0.058497  dMax=3.837329  Dlo=0.029248  Dhi=1.947913  err=-1.000000  inc=-1.853664  bucket 0->0  (mf=1000)
[MF-SEL] tPrev=(  d=0.017142  dMin=0.000000  dAvg=0.058471  dMax=3.837329  Dlo=0.029235  Dhi=1.947900  err=-1.000000  inc=-1.856178  bucket 0->0  (mf=1000)
[MF-SEL] tPrev=(  d=0.018110  dMin=0.000000  dAvg=0.058445  dMax=3.837329  Dlo=0.029223  Dhi=1.947887  err=-1.000000  inc=-1.858380  bucket 0->0  (mf=1000)
[MF-SEL] tPrev=(  d=0.019346  dMin=0.000000  dAvg=0.058421  dMax=3.837329  Dlo=0.029210  Dhi=1.947875  err=-1.000000  inc=-1.860722  bucket 0->0  (mf=1000)
[MF-SEL] tPrev=(  d=0.019679  dMin=0.000000  dAvg=0.058396  dMax=3.837329  Dlo=0.029198  Dhi=1.947863  err=-1.000000  inc=-1.863051  bucket 0->0  (mf=1000)
[MF-SEL] tPrev=(  d=0.020343  dMin=0.000000  dAvg=0.058372  dMax=3.837329  Dlo=0.029186  Dhi=1.947851  err=-1.000000  inc=-1.865361  bucket 0->0  (mf=1000)
[MF-SEL] tPrev=(  d=0.022283  dMin=0.000000  dAvg=0.058350  dMax=3.837329  Dlo=0.029175  Dhi=1.947839  err=-1.000000  inc=-1.867902  bucket 0->0  (mf=1000)
[MF-SEL] tPrev=(  d=0.025901  dMin=0.000000  dAvg=0.058329  dMax=3.837329  Dlo=0.029165  Dhi=1.947829  err=-1.000000  inc=-1.869924  bucket 0->0  (mf=1000)
[MF-SEL] tPrev=(  d=0.029757  dMin=0.000000  dAvg=0.058311  dMax=3.837329  Dlo=0.029156  Dhi=1.947820  err=0.000000  inc=-0.914685  bucket 0->0  (mf=1000)
[MF-SEL] tPrev=(  d=0.037928  dMin=0.000000  dAvg=0.058299  dMax=3.837329  Dlo=0.029149  Dhi=1.947814  err=0.000000  inc=-1.269924  bucket 0->0  (mf=1000)
[MF-SEL] tPrev=(  d=0.038896  dMin=0.000000  dAvg=0.058286  dMax=3.837329  Dlo=0.029143  Dhi=1.947808  err=0.000000  inc=-1.269924  bucket 0->0  (mf=1000)
[MF-SEL] tPrev=(  d=0.043715  dMin=0.000000  dAvg=0.058277  dMax=3.837329  Dlo=0.029139  Dhi=1.947803  err=0.000000  inc=-1.269924  bucket 0->0  (mf=1000)
[MF-SEL] tPrev=(  d=0.048550  dMin=0.000000  dAvg=0.058271  dMax=3.837329  Dlo=0.029136  Dhi=1.947800  err=0.000000  inc=-1.269924  bucket 0->0  (mf=1000)
[MF-SEL] tPrev=(  d=0.053432  dMin=0.000000  dAvg=0.058268  dMax=3.837329  Dlo=0.029134  Dhi=1.947799  err=0.000000  inc=-1.269924  bucket 0->0  (mf=1000)
[MF-SEL] tPrev=(  d=0.058881  dMin=0.000000  dAvg=0.058269  dMax=3.837329  Dlo=0.029134  Dhi=1.947799  err=0.000000  inc=-1.269924  bucket 0->0  (mf=1000)
[MF-SEL] tPrev=(  d=0.064376  dMin=0.000000  dAvg=0.058272  dMax=3.837329  Dlo=0.029136  Dhi=1.947801  err=0.000000  inc=-1.269924  bucket 0->0  (mf=1000)
[MF-SEL] tPrev=(  d=0.069016  dMin=0.000000  dAvg=0.058279  dMax=3.837329  Dlo=0.029140  Dhi=1.947804  err=0.000000  inc=-1.269924  bucket 0->0  (mf=1000)
[MF-SEL] tPrev=(  d=0.072693  dMin=0.000000  dAvg=0.058288  dMax=3.837329  Dlo=0.029144  Dhi=1.947808  err=0.000000  inc=-1.269924  bucket 0->0  (mf=1000)
[MF-SEL] tPrev=(  d=0.076317  dMin=0.000000  dAvg=0.058299  dMax=3.837329  Dlo=0.029150  Dhi=1.947814  err=0.000000  inc=-1.269924  bucket 0->0  (mf=1000)
[MF-SEL] tPrev=(  d=0.079929  dMin=0.000000  dAvg=0.058313  dMax=3.837329  Dlo=0.029156  Dhi=1.947821  err=0.000000  inc=-1.269924  bucket 0->0  (mf=1000)
[MF-SEL] tPrev=(  d=0.082913  dMin=0.000000  dAvg=0.058328  dMax=3.837329  Dlo=0.029164  Dhi=1.947829  err=0.000000  inc=-1.269924  bucket 0->0  (mf=1000)
[MF-SEL] tPrev=(  d=0.086729  dMin=0.000000  dAvg=0.058346  dMax=3.837329  Dlo=0.029173  Dhi=1.947837  err=0.000000  inc=-1.269924  bucket 0->0  (mf=1000)
[MF-SEL] tPrev=(  d=0.089141  dMin=0.000000  dAvg=0.058365  dMax=3.837329  Dlo=0.029182  Dhi=1.947847  err=0.000000  inc=-1.269924  bucket 0->0  (mf=1000)
[MF-SEL] tPrev=(  d=0.091102  dMin=0.000000  dAvg=0.058385  dMax=3.837329  Dlo=0.029193  Dhi=1.947857  err=0.000000  inc=-1.269924  bucket 0->0  (mf=1000)
[MF-SEL] tPrev=(  d=0.093429  dMin=0.000000  dAvg=0.058407  dMax=3.837329  Dlo=0.029204  Dhi=1.947868  err=0.000000  inc=-1.269924  bucket 0->0  (mf=1000)
[MF-SEL] tPrev=(  d=0.095047  dMin=0.000000  dAvg=0.058430  dMax=3.837329  Dlo=0.029215  Dhi=1.947879  err=0.000000  inc=-1.269924  bucket 0->0  (mf=1000)
[MF-SEL] tPrev=(  d=0.096014  dMin=0.000000  dAvg=0.058453  dMax=3.837329  Dlo=0.029227  Dhi=1.947891  err=0.000000  inc=-1.269924  bucket 0->0  (mf=1000)
[MF-SEL] tPrev=(  d=0.096867  dMin=0.000000  dAvg=0.058477  dMax=3.837329  Dlo=0.029239  Dhi=1.947903  err=0.000000  inc=-1.269924  bucket 0->0  (mf=1000)
[MF-SEL] tPrev=(  d=0.091828  dMin=0.000000  dAvg=0.058498  dMax=3.837329  Dlo=0.029249  Dhi=1.947913  err=0.000000  inc=-1.269924  bucket 0->0  (mf=1000)
[MF-SEL] tPrev=(  d=0.099133  dMin=0.000000  dAvg=0.058523  dMax=3.837329  Dlo=0.029261  Dhi=1.947926  err=0.000000  inc=-1.269924  bucket 0->0  (mf=1000)
[MF-SEL] tPrev=(  d=0.099414  dMin=0.000000  dAvg=0.058548  dMax=3.837329  Dlo=0.029274  Dhi=1.947939  err=0.000000  inc=-1.269924  bucket 0->0  (mf=1000)
[MF-SEL] tPrev=(  d=0.100114  dMin=0.000000  dAvg=0.058574  dMax=3.837329  Dlo=0.029287  Dhi=1.947951  err=0.000000  inc=-1.269924  bucket 0->0  (mf=1000)
[MF-SEL] tPrev=(  d=0.100194  dMin=0.000000  dAvg=0.058600  dMax=3.837329  Dlo=0.029300  Dhi=1.947964  err=0.000000  inc=-1.269924  bucket 0->0  (mf=1000)
[MF-SEL] tPrev=(  d=0.099926  dMin=0.000000  dAvg=0.058625  dMax=3.837329  Dlo=0.029313  Dhi=1.947977  err=0.000000  inc=-1.269924  bucket 0->0  (mf=1000)
[MF-SEL] tPrev=(  d=0.098952  dMin=0.000000  dAvg=0.058650  dMax=3.837329  Dlo=0.029325  Dhi=1.947990  err=0.000000  inc=-1.269924  bucket 0->0  (mf=1000)
[MF-SEL] tPrev=(  d=0.098381  dMin=0.000000  dAvg=0.058675  dMax=3.837329  Dlo=0.029337  Dhi=1.948002  err=0.000000  inc=-1.269924  bucket 0->0  (mf=1000)
[MF-SEL] tPrev=(  d=0.097094  dMin=0.000000  dAvg=0.058698  dMax=3.837329  Dlo=0.029349  Dhi=1.948014  err=0.000000  inc=-1.269924  bucket 0->0  (mf=1000)
[MF-SEL] tPrev=(  d=0.095839  dMin=0.000000  dAvg=0.058721  dMax=3.837329  Dlo=0.029361  Dhi=1.948025  err=0.000000  inc=-1.269924  bucket 0->0  (mf=1000)
[MF-SEL] tPrev=(  d=0.097267  dMin=0.000000  dAvg=0.058745  dMax=3.837329  Dlo=0.029372  Dhi=1.948037  err=0.000000  inc=-1.269924  bucket 0->0  (mf=1000)
[MF-SEL] tPrev=(  d=0.093794  dMin=0.000000  dAvg=0.058767  dMax=3.837329  Dlo=0.029383  Dhi=1.948048  err=0.000000  inc=-1.269924  bucket 0->0  (mf=1000)
[MF-SEL] tPrev=(  d=0.093265  dMin=0.000000  dAvg=0.058788  dMax=3.837329  Dlo=0.029394  Dhi=1.948058  err=0.000000  inc=-1.269924  bucket 0->0  (mf=1000)
[MF-SEL] tPrev=(  d=0.091976  dMin=0.000000  dAvg=0.058808  dMax=3.837329  Dlo=0.029404  Dhi=1.948069  err=0.000000  inc=-1.269924  bucket 0->0  (mf=1000)
[MF-SEL] tPrev=(  d=0.083484  dMin=0.000000  dAvg=0.058823  dMax=3.837329  Dlo=0.029412  Dhi=1.948076  err=0.000000  inc=-1.269924  bucket 0->0  (mf=1000)
[MF-SEL] tPrev=(  d=0.091542  dMin=0.000000  dAvg=0.058843  dMax=3.837329  Dlo=0.029422  Dhi=1.948086  err=0.000000  inc=-1.269924  bucket 0->0  (mf=1000)
[MF-SEL] tPrev=(  d=0.091227  dMin=0.000000  dAvg=0.058863  dMax=3.837329  Dlo=0.029432  Dhi=1.948096  err=0.000000  inc=-1.269924  bucket 0->0  (mf=1000)
[MF-SEL] tPrev=(  d=0.092178  dMin=0.000000  dAvg=0.058884  dMax=3.837329  Dlo=0.029442  Dhi=1.948106  err=0.000000  inc=-1.269924  bucket 0->0  (mf=1000)
[MF-SEL] tPrev=(  d=0.093223  dMin=0.000000  dAvg=0.058905  dMax=3.837329  Dlo=0.029452  Dhi=1.948117  err=0.000000  inc=-1.269924  bucket 0->0  (mf=1000)
[MF-SEL] tPrev=(  d=0.092761  dMin=0.000000  dAvg=0.058926  dMax=3.837329  Dlo=0.029463  Dhi=1.948127  err=0.000000  inc=-1.269924  bucket 0->0  (mf=1000)
[MF-SEL] tPrev=(  d=0.092942  dMin=0.000000  dAvg=0.058946  dMax=3.837329  Dlo=0.029473  Dhi=1.948138  err=0.000000  inc=-1.269924  bucket 0->0  (mf=1000)
[MF-SEL] tPrev=(  d=0.092232  dMin=0.000000  dAvg=0.058967  dMax=3.837329  Dlo=0.029483  Dhi=1.948148  err=0.000000  inc=-1.269924  bucket 0->0  (mf=1000)
[MF-SEL] tPrev=(  d=0.091021  dMin=0.000000  dAvg=0.058986  dMax=3.837329  Dlo=0.029493  Dhi=1.948158  err=0.000000  inc=-1.269924  bucket 0->0  (mf=1000)
[MF-SEL] tPrev=(  d=0.089972  dMin=0.000000  dAvg=0.059005  dMax=3.837329  Dlo=0.029503  Dhi=1.948167  err=0.000000  inc=-1.269924  bucket 0->0  (mf=1000)
[MF-SEL] tPrev=(  d=0.082320  dMin=0.000000  dAvg=0.059020  dMax=3.837329  Dlo=0.029510  Dhi=1.948174  err=0.000000  inc=-1.269924  bucket 0->0  (mf=1000)
[MF-SEL] tPrev=(  d=0.086959  dMin=0.000000  dAvg=0.059037  dMax=3.837329  Dlo=0.029518  Dhi=1.948183  err=0.000000  inc=-1.269924  bucket 0->0  (mf=1000)
[MF-SEL] tPrev=(  d=0.085053  dMin=0.000000  dAvg=0.059052  dMax=3.837329  Dlo=0.029526  Dhi=1.948191  err=0.000000  inc=-1.269924  bucket 0->0  (mf=1000)
[MF-SEL] tPrev=(  d=0.083567  dMin=0.000000  dAvg=0.059067  dMax=3.837329  Dlo=0.029534  Dhi=1.948198  err=0.000000  inc=-1.269924  bucket 0->0  (mf=1000)
[MF-SEL] tPrev=(  d=0.081744  dMin=0.000000  dAvg=0.059081  dMax=3.837329  Dlo=0.029541  Dhi=1.948205  err=0.000000  inc=-1.269924  bucket 0->0  (mf=1000)
[MF-SEL] tPrev=(  d=0.084050  dMin=0.000000  dAvg=0.059096  dMax=3.837329  Dlo=0.029548  Dhi=1.948213  err=0.000000  inc=-1.269924  bucket 0->0  (mf=1000)
[MF-SEL] tPrev=(  d=0.079953  dMin=0.000000  dAvg=0.059109  dMax=3.837329  Dlo=0.029555  Dhi=1.948219  err=0.000000  inc=-1.269924  bucket 0->0  (mf=1000)
[MF-SEL] tPrev=(  d=0.079662  dMin=0.000000  dAvg=0.059122  dMax=3.837329  Dlo=0.029561  Dhi=1.948225  err=0.000000  inc=-1.269924  bucket 0->0  (mf=1000)
[MF-SEL] tPrev=(  d=0.080107  dMin=0.000000  dAvg=0.059134  dMax=3.837329  Dlo=0.029567  Dhi=1.948232  err=0.000000  inc=-1.269924  bucket 0->0  (mf=1000)
[MF-SEL] tPrev=(  d=0.080283  dMin=0.000000  dAvg=0.059147  dMax=3.837329  Dlo=0.029574  Dhi=1.948238  err=0.000000  inc=-1.269924  bucket 0->0  (mf=1000)
[MF-SEL] tPrev=(  d=0.080577  dMin=0.000000  dAvg=0.059160  dMax=3.837329  Dlo=0.029580  Dhi=1.948245  err=0.000000  inc=-1.269924  bucket 0->0  (mf=1000)
[MF-SEL] tPrev=(  d=0.088534  dMin=0.000000  dAvg=0.059178  dMax=3.837329  Dlo=0.029589  Dhi=1.948254  err=0.000000  inc=-1.269924  bucket 0->0  (mf=1000)
[MF-SEL] tPrev=(  d=0.081168  dMin=0.000000  dAvg=0.059191  dMax=3.837329  Dlo=0.029596  Dhi=1.948260  err=0.000000  inc=-1.269924  bucket 0->0  (mf=1000)
[MF-SEL] tPrev=(  d=0.081111  dMin=0.000000  dAvg=0.059205  dMax=3.837329  Dlo=0.029602  Dhi=1.948267  err=0.000000  inc=-1.269924  bucket 0->0  (mf=1000)
[MF-SEL] tPrev=(  d=0.081653  dMin=0.000000  dAvg=0.059218  dMax=3.837329  Dlo=0.029609  Dhi=1.948274  err=0.000000  inc=-1.269924  bucket 0->0  (mf=1000)
[MF-SEL] tPrev=(  d=0.082958  dMin=0.000000  dAvg=0.059233  dMax=3.837329  Dlo=0.029616  Dhi=1.948281  err=0.000000  inc=-1.269924  bucket 0->0  (mf=1000)
[MF-SEL] tPrev=(  d=0.081057  dMin=0.000000  dAvg=0.059246  dMax=3.837329  Dlo=0.029623  Dhi=1.948287  err=0.000000  inc=-1.269924  bucket 0->0  (mf=1000)
[MF-SEL] tPrev=(  d=0.081194  dMin=0.000000  dAvg=0.059259  dMax=3.837329  Dlo=0.029630  Dhi=1.948294  err=0.000000  inc=-1.269924  bucket 0->0  (mf=1000)
[MF-SEL] tPrev=(  d=0.081092  dMin=0.000000  dAvg=0.059272  dMax=3.837329  Dlo=0.029636  Dhi=1.948301  err=0.000000  inc=-1.269924  bucket 0->0  (mf=1000)
[MF-SEL] tPrev=(  d=0.085105  dMin=0.000000  dAvg=0.059288  dMax=3.837329  Dlo=0.029644  Dhi=1.948308  err=0.000000  inc=-1.269924  bucket 0->0  (mf=1000)
[MF-SEL] tPrev=(  d=0.081236  dMin=0.000000  dAvg=0.059301  dMax=3.837329  Dlo=0.029651  Dhi=1.948315  err=0.000000  inc=-1.269924  bucket 0->0  (mf=1000)
[MF-SEL] tPrev=(  d=0.080900  dMin=0.000000  dAvg=0.059314  dMax=3.837329  Dlo=0.029657  Dhi=1.948322  err=0.000000  inc=-1.269924  bucket 0->0  (mf=1000)
[MF-SEL] tPrev=(  d=0.080752  dMin=0.000000  dAvg=0.059327  dMax=3.837329  Dlo=0.029664  Dhi=1.948328  err=0.000000  inc=-1.269924  bucket 0->0  (mf=1000)
[MF-SEL] tPrev=(  d=0.085626  dMin=0.000000  dAvg=0.059343  dMax=3.837329  Dlo=0.029671  Dhi=1.948336  err=0.000000  inc=-1.269924  bucket 0->0  (mf=1000)
[MF-SEL] tPrev=(  d=0.079790  dMin=0.000000  dAvg=0.059355  dMax=3.837329  Dlo=0.029678  Dhi=1.948342  err=0.000000  inc=-1.269924  bucket 0->0  (mf=1000)
[MF-SEL] tPrev=(  d=0.079674  dMin=0.000000  dAvg=0.059368  dMax=3.837329  Dlo=0.029684  Dhi=1.948348  err=0.000000  inc=-1.269924  bucket 0->0  (mf=1000)
[MF-SEL] tPrev=(  d=0.078874  dMin=0.000000  dAvg=0.059379  dMax=3.837329  Dlo=0.029690  Dhi=1.948354  err=0.000000  inc=-1.269924  bucket 0->0  (mf=1000)
[MF-SEL] tPrev=(  d=0.076557  dMin=0.000000  dAvg=0.059390  dMax=3.837329  Dlo=0.029695  Dhi=1.948359  err=0.000000  inc=-1.269924  bucket 0->0  (mf=1000)
[MF-SEL] tPrev=(  d=0.077051  dMin=0.000000  dAvg=0.059400  dMax=3.837329  Dlo=0.029700  Dhi=1.948365  err=0.000000  inc=-1.269924  bucket 0->0  (mf=1000)
[MF-SEL] tPrev=(  d=0.076275  dMin=0.000000  dAvg=0.059410  dMax=3.837329  Dlo=0.029705  Dhi=1.948370  err=0.000000  inc=-1.269924  bucket 0->0  (mf=1000)
[MF-SEL] tPrev=(  d=0.075818  dMin=0.000000  dAvg=0.059420  dMax=3.837329  Dlo=0.029710  Dhi=1.948375  err=0.000000  inc=-1.269924  bucket 0->0  (mf=1000)
[MF-SEL] tPrev=(  d=0.084430  dMin=0.000000  dAvg=0.059435  dMax=3.837329  Dlo=0.029718  Dhi=1.948382  err=0.000000  inc=-1.269924  bucket 0->0  (mf=1000)
[MF-SEL] tPrev=(  d=0.076125  dMin=0.000000  dAvg=0.059445  dMax=3.837329  Dlo=0.029723  Dhi=1.948387  err=0.000000  inc=-1.269924  bucket 0->0  (mf=1000)
[MF-SEL] tPrev=(  d=0.076789  dMin=0.000000  dAvg=0.059456  dMax=3.837329  Dlo=0.029728  Dhi=1.948392  err=0.000000  inc=-1.269924  bucket 0->0  (mf=1000)
[MF-SEL] tPrev=(  d=0.076727  dMin=0.000000  dAvg=0.059466  dMax=3.837329  Dlo=0.029733  Dhi=1.948397  err=0.000000  inc=-1.269924  bucket 0->0  (mf=1000)
[MF-SEL] tPrev=(  d=0.086145  dMin=0.000000  dAvg=0.059482  dMax=3.837329  Dlo=0.029741  Dhi=1.948405  err=0.000000  inc=-1.269924  bucket 0->0  (mf=1000)
[MF-SEL] tPrev=(  d=0.076490  dMin=0.000000  dAvg=0.059492  dMax=3.837329  Dlo=0.029746  Dhi=1.948410  err=0.000000  inc=-1.269924  bucket 0->0  (mf=1000)
[MF-SEL] tPrev=(  d=0.075697  dMin=0.000000  dAvg=0.059502  dMax=3.837329  Dlo=0.029751  Dhi=1.948415  err=0.000000  inc=-1.269924  bucket 0->0  (mf=1000)
[MF-SEL] tPrev=(  d=0.075154  dMin=0.000000  dAvg=0.059511  dMax=3.837329  Dlo=0.029756  Dhi=1.948420  err=0.000000  inc=-1.269924  bucket 0->0  (mf=1000)
[MF-SEL] tPrev=(  d=0.080246  dMin=0.000000  dAvg=0.059523  dMax=3.837329  Dlo=0.029762  Dhi=1.948426  err=0.000000  inc=-1.269924  bucket 0->0  (mf=1000)
[MF-SEL] tPrev=(  d=0.072943  dMin=0.000000  dAvg=0.059531  dMax=3.837329  Dlo=0.029766  Dhi=1.948430  err=0.000000  inc=-1.269924  bucket 0->0  (mf=1000)
[MF-SEL] tPrev=(  d=0.071362  dMin=0.000000  dAvg=0.059538  dMax=3.837329  Dlo=0.029769  Dhi=1.948434  err=0.000000  inc=-1.269924  bucket 0->0  (mf=1000)
[MF-SEL] tPrev=(  d=0.069328  dMin=0.000000  dAvg=0.059544  dMax=3.837329  Dlo=0.029772  Dhi=1.948437  err=0.000000  inc=-1.269924  bucket 0->0  (mf=1000)
[MF-SEL] tPrev=(  d=0.078087  dMin=0.000000  dAvg=0.059555  dMax=3.837329  Dlo=0.029778  Dhi=1.948442  err=0.000000  inc=-1.269924  bucket 0->0  (mf=1000)
[MF-SEL] tPrev=(  d=0.066113  dMin=0.000000  dAvg=0.059559  dMax=3.837329  Dlo=0.029780  Dhi=1.948444  err=0.000000  inc=-1.269924  bucket 0->0  (mf=1000)
[MF-SEL] tPrev=(  d=0.064214  dMin=0.000000  dAvg=0.059562  dMax=3.837329  Dlo=0.029781  Dhi=1.948445  err=0.000000  inc=-1.269924  bucket 0->0  (mf=1000)
[MF-SEL] tPrev=(  d=0.063050  dMin=0.000000  dAvg=0.059564  dMax=3.837329  Dlo=0.029782  Dhi=1.948446  err=0.000000  inc=-1.269924  bucket 0->0  (mf=1000)
[MF-SEL] tPrev=(  d=0.056813  dMin=0.000000  dAvg=0.059562  dMax=3.837329  Dlo=0.029781  Dhi=1.948446  err=0.000000  inc=-1.269924  bucket 0->0  (mf=1000)
[MF-SEL] tPrev=(  d=0.061056  dMin=0.000000  dAvg=0.059563  dMax=3.837329  Dlo=0.029782  Dhi=1.948446  err=0.000000  inc=-1.269924  bucket 0->0  (mf=1000)
[MF-SEL] tPrev=(  d=0.060123  dMin=0.000000  dAvg=0.059564  dMax=3.837329  Dlo=0.029782  Dhi=1.948446  err=0.000000  inc=-1.269924  bucket 0->0  (mf=1000)
[MF-SEL] tPrev=(  d=0.059639  dMin=0.000000  dAvg=0.059564  dMax=3.837329  Dlo=0.029782  Dhi=1.948446  err=0.000000  inc=-1.269924  bucket 0->0  (mf=1000)
[MF-SEL] tPrev=(  d=0.058591  dMin=0.000000  dAvg=0.059563  dMax=3.837329  Dlo=0.029782  Dhi=1.948446  err=0.000000  inc=-1.269924  bucket 0->0  (mf=1000)
[MF-SEL] tPrev=(  d=0.054056  dMin=0.000000  dAvg=0.059560  dMax=3.837329  Dlo=0.029780  Dhi=1.948444  err=0.000000  inc=-1.269924  bucket 0->0  (mf=1000)
[MF-SEL] tPrev=(  d=0.056921  dMin=0.000000  dAvg=0.059558  dMax=3.837329  Dlo=0.029779  Dhi=1.948444  err=0.000000  inc=-1.269924  bucket 0->0  (mf=1000)
[MF-SEL] tPrev=(  d=0.056183  dMin=0.000000  dAvg=0.059556  dMax=3.837329  Dlo=0.029778  Dhi=1.948443  err=0.000000  inc=-1.269924  bucket 0->0  (mf=1000)
[MF-SEL] tPrev=(  d=0.055826  dMin=0.000000  dAvg=0.059554  dMax=3.837329  Dlo=0.029777  Dhi=1.948441  err=0.000000  inc=-1.269924  bucket 0->0  (mf=1000)
[MF-SEL] tPrev=(  d=0.055466  dMin=0.000000  dAvg=0.059552  dMax=3.837329  Dlo=0.029776  Dhi=1.948440  err=0.000000  inc=-1.269924  bucket 0->0  (mf=1000)
[MF-SEL] tPrev=(  d=0.059311  dMin=0.000000  dAvg=0.059552  dMax=3.837329  Dlo=0.029776  Dhi=1.948440  err=0.000000  inc=-1.269924  bucket 0->0  (mf=1000)
[MF-SEL] tPrev=(  d=0.057716  dMin=0.000000  dAvg=0.059550  dMax=3.837329  Dlo=0.029775  Dhi=1.948440  err=0.000000  inc=-1.269924  bucket 0->0  (mf=1000)
[MF-SEL] tPrev=(  d=0.058426  dMin=0.000000  dAvg=0.059550  dMax=3.837329  Dlo=0.029775  Dhi=1.948439  err=0.000000  inc=-1.269924  bucket 0->0  (mf=1000)
[MF-SEL] tPrev=(  d=0.059358  dMin=0.000000  dAvg=0.059550  dMax=3.837329  Dlo=0.029775  Dhi=1.948439  err=0.000000  inc=-1.269924  bucket 0->0  (mf=1000)
[MF-SEL] tPrev=(  d=0.066624  dMin=0.000000  dAvg=0.059554  dMax=3.837329  Dlo=0.029777  Dhi=1.948441  err=0.000000  inc=-1.269924  bucket 0->0  (mf=1000)
[MF-SEL] tPrev=(  d=0.061641  dMin=0.000000  dAvg=0.059555  dMax=3.837329  Dlo=0.029778  Dhi=1.948442  err=0.000000  inc=-1.269924  bucket 0->0  (mf=1000)
[MF-SEL] tPrev=(  d=0.062215  dMin=0.000000  dAvg=0.059557  dMax=3.837329  Dlo=0.029778  Dhi=1.948443  err=0.000000  inc=-1.269924  bucket 0->0  (mf=1000)
[MF-SEL] tPrev=(  d=0.062483  dMin=0.000000  dAvg=0.059558  dMax=3.837329  Dlo=0.029779  Dhi=1.948444  err=0.000000  inc=-1.269924  bucket 0->0  (mf=1000)
[MF-SEL] tPrev=(  d=0.066168  dMin=0.000000  dAvg=0.059562  dMax=3.837329  Dlo=0.029781  Dhi=1.948446  err=0.000000  inc=-1.269924  bucket 0->0  (mf=1000)
[MF-SEL] tPrev=(  d=0.064144  dMin=0.000000  dAvg=0.059565  dMax=3.837329  Dlo=0.029782  Dhi=1.948447  err=0.000000  inc=-1.269924  bucket 0->0  (mf=1000)
[MF-SEL] tPrev=(  d=0.064795  dMin=0.000000  dAvg=0.059568  dMax=3.837329  Dlo=0.029784  Dhi=1.948448  err=0.000000  inc=-1.269924  bucket 0->0  (mf=1000)
[MF-SEL] tPrev=(  d=0.065681  dMin=0.000000  dAvg=0.059572  dMax=3.837329  Dlo=0.029786  Dhi=1.948450  err=0.000000  inc=-1.269924  bucket 0->0  (mf=1000)
[MF-SEL] tPrev=(  d=0.066726  dMin=0.000000  dAvg=0.059576  dMax=3.837329  Dlo=0.029788  Dhi=1.948452  err=0.000000  inc=-1.269924  bucket 0->0  (mf=1000)
[MF-SEL] tPrev=(  d=0.068267  dMin=0.000000  dAvg=0.059581  dMax=3.837329  Dlo=0.029790  Dhi=1.948455  err=0.000000  inc=-1.269924  bucket 0->0  (mf=1000)
[MF-SEL] tPrev=(  d=0.069494  dMin=0.000000  dAvg=0.059587  dMax=3.837329  Dlo=0.029793  Dhi=1.948458  err=0.000000  inc=-1.269924  bucket 0->0  (mf=1000)
[MF-SEL] tPrev=(  d=0.070537  dMin=0.000000  dAvg=0.059593  dMax=3.837329  Dlo=0.029797  Dhi=1.948461  err=0.000000  inc=-1.269924  bucket 0->0  (mf=1000)
[MF-SEL] tPrev=(  d=0.069695  dMin=0.000000  dAvg=0.059599  dMax=3.837329  Dlo=0.029799  Dhi=1.948464  err=0.000000  inc=-1.269924  bucket 0->0  (mf=1000)
[MF-SEL] tPrev=(  d=0.072199  dMin=0.000000  dAvg=0.059606  dMax=3.837329  Dlo=0.029803  Dhi=1.948468  err=0.000000  inc=-1.269924  bucket 0->0  (mf=1000)
[MF-SEL] tPrev=(  d=0.072602  dMin=0.000000  dAvg=0.059614  dMax=3.837329  Dlo=0.029807  Dhi=1.948471  err=0.000000  inc=-1.269924  bucket 0->0  (mf=1000)
[MF-SEL] tPrev=(  d=0.073874  dMin=0.000000  dAvg=0.059622  dMax=3.837329  Dlo=0.029811  Dhi=1.948476  err=0.000000  inc=-1.269924  bucket 0->0  (mf=1000)
[MF-SEL] tPrev=(  d=0.071928  dMin=0.000000  dAvg=0.059629  dMax=3.837329  Dlo=0.029815  Dhi=1.948479  err=0.000000  inc=-1.269924  bucket 0->0  (mf=1000)
[MF-SEL] tPrev=(  d=0.070859  dMin=0.000000  dAvg=0.059636  dMax=3.837329  Dlo=0.029818  Dhi=1.948482  err=0.000000  inc=-1.269924  bucket 0->0  (mf=1000)
[MF-SEL] tPrev=(  d=0.069899  dMin=0.000000  dAvg=0.059642  dMax=3.837329  Dlo=0.029821  Dhi=1.948485  err=0.000000  inc=-1.269924  bucket 0->0  (mf=1000)
[MF-SEL] tPrev=(  d=0.068447  dMin=0.000000  dAvg=0.059647  dMax=3.837329  Dlo=0.029824  Dhi=1.948488  err=0.000000  inc=-1.269924  bucket 0->0  (mf=1000)
[MF-SEL] tPrev=(  d=0.070362  dMin=0.000000  dAvg=0.059653  dMax=3.837329  Dlo=0.029827  Dhi=1.948491  err=0.000000  inc=-1.269924  bucket 0->0  (mf=1000)
[MF-SEL] tPrev=(  d=0.066386  dMin=0.000000  dAvg=0.059657  dMax=3.837329  Dlo=0.029829  Dhi=1.948493  err=0.000000  inc=-1.269924  bucket 0->0  (mf=1000)
[MF-SEL] tPrev=(  d=0.065415  dMin=0.000000  dAvg=0.059661  dMax=3.837329  Dlo=0.029830  Dhi=1.948495  err=0.000000  inc=-1.269924  bucket 0->0  (mf=1000)
[MF-SEL] tPrev=(  d=0.064696  dMin=0.000000  dAvg=0.059664  dMax=3.837329  Dlo=0.029832  Dhi=1.948496  err=0.000000  inc=-1.269924  bucket 0->0  (mf=1000)
[MF-SEL] tPrev=(  d=0.062628  dMin=0.000000  dAvg=0.059665  dMax=3.837329  Dlo=0.029833  Dhi=1.948497  err=0.000000  inc=-1.269924  bucket 0->0  (mf=1000)
[MF-SEL] tPrev=(  d=0.063529  dMin=0.000000  dAvg=0.059667  dMax=3.837329  Dlo=0.029834  Dhi=1.948498  err=0.000000  inc=-1.269924  bucket 0->0  (mf=1000)
[MF-SEL] tPrev=(  d=0.063205  dMin=0.000000  dAvg=0.059670  dMax=3.837329  Dlo=0.029835  Dhi=1.948499  err=0.000000  inc=-1.269924  bucket 0->0  (mf=1000)
[MF-SEL] tPrev=(  d=0.062923  dMin=0.000000  dAvg=0.059671  dMax=3.837329  Dlo=0.029836  Dhi=1.948500  err=0.000000  inc=-1.269924  bucket 0->0  (mf=1000)
[MF-SEL] tPrev=(  d=0.062407  dMin=0.000000  dAvg=0.059673  dMax=3.837329  Dlo=0.029837  Dhi=1.948501  err=0.000000  inc=-1.269924  bucket 0->0  (mf=1000)
[MF-SEL] tPrev=(  d=0.062212  dMin=0.000000  dAvg=0.059674  dMax=3.837329  Dlo=0.029837  Dhi=1.948502  err=0.000000  inc=-1.269924  bucket 0->0  (mf=1000)
[MF-SEL] tPrev=(  d=0.058691  dMin=0.000000  dAvg=0.059674  dMax=3.837329  Dlo=0.029837  Dhi=1.948501  err=0.000000  inc=-1.269924  bucket 0->0  (mf=1000)
[MF-SEL] tPrev=(  d=0.063295  dMin=0.000000  dAvg=0.059676  dMax=3.837329  Dlo=0.029838  Dhi=1.948502  err=0.000000  inc=-1.269924  bucket 0->0  (mf=1000)
[MF-SEL] tPrev=(  d=0.064960  dMin=0.000000  dAvg=0.059679  dMax=3.837329  Dlo=0.029840  Dhi=1.948504  err=0.000000  inc=-1.269924  bucket 0->0  (mf=1000)
[MF-SEL] tPrev=(  d=0.067296  dMin=0.000000  dAvg=0.059683  dMax=3.837329  Dlo=0.029842  Dhi=1.948506  err=0.000000  inc=-1.269924  bucket 0->0  (mf=1000)
[MF-SEL] tPrev=(  d=0.068776  dMin=0.000000  dAvg=0.059689  dMax=3.837329  Dlo=0.029844  Dhi=1.948509  err=0.000000  inc=-1.269924  bucket 0->0  (mf=1000)
[MF-SEL] tPrev=(  d=0.069620  dMin=0.000000  dAvg=0.059694  dMax=3.837329  Dlo=0.029847  Dhi=1.948512  err=0.000000  inc=-1.269924  bucket 0->0  (mf=1000)
[MF-SEL] tPrev=(  d=0.070274  dMin=0.000000  dAvg=0.059701  dMax=3.837329  Dlo=0.029850  Dhi=1.948515  err=0.000000  inc=-1.269924  bucket 0->0  (mf=1000)
[MF-SEL] tPrev=(  d=0.070367  dMin=0.000000  dAvg=0.059707  dMax=3.837329  Dlo=0.029853  Dhi=1.948518  err=0.000000  inc=-1.269924  bucket 0->0  (mf=1000)
[MF-SEL] tPrev=(  d=0.070079  dMin=0.000000  dAvg=0.059713  dMax=3.837329  Dlo=0.029856  Dhi=1.948521  err=0.000000  inc=-1.269924  bucket 0->0  (mf=1000)
[MF-SEL] tPrev=(  d=0.070022  dMin=0.000000  dAvg=0.059719  dMax=3.837329  Dlo=0.029859  Dhi=1.948524  err=0.000000  inc=-1.269924  bucket 0->0  (mf=1000)
[MF-SEL] tPrev=(  d=0.069959  dMin=0.000000  dAvg=0.059724  dMax=3.837329  Dlo=0.029862  Dhi=1.948527  err=0.000000  inc=-1.269924  bucket 0->0  (mf=1000)
[MF-SEL] tPrev=(  d=0.070198  dMin=0.000000  dAvg=0.059731  dMax=3.837329  Dlo=0.029865  Dhi=1.948530  err=0.000000  inc=-1.269924  bucket 0->0  (mf=1000)
[MF-SEL] tPrev=(  d=0.065411  dMin=0.000000  dAvg=0.059734  dMax=3.837329  Dlo=0.029867  Dhi=1.948531  err=0.000000  inc=-1.269924  bucket 0->0  (mf=1000)
[MF-SEL] tPrev=(  d=0.070902  dMin=0.000000  dAvg=0.059740  dMax=3.837329  Dlo=0.029870  Dhi=1.948535  err=0.000000  inc=-1.269924  bucket 0->0  (mf=1000)
[MF-SEL] tPrev=(  d=0.071553  dMin=0.000000  dAvg=0.059747  dMax=3.837329  Dlo=0.029873  Dhi=1.948538  err=0.000000  inc=-1.269924  bucket 0->0  (mf=1000)
[MF-SEL] tPrev=(  d=0.072881  dMin=0.000000  dAvg=0.059755  dMax=3.837329  Dlo=0.029877  Dhi=1.948542  err=0.000000  inc=-1.269924  bucket 0->0  (mf=1000)
[MF-SEL] tPrev=(  d=0.073867  dMin=0.000000  dAvg=0.059763  dMax=3.837329  Dlo=0.029881  Dhi=1.948546  err=0.000000  inc=-1.269924  bucket 0->0  (mf=1000)
[MF-SEL] tPrev=(  d=0.075334  dMin=0.000000  dAvg=0.059772  dMax=3.837329  Dlo=0.029886  Dhi=1.948550  err=0.000000  inc=-1.269924  bucket 0->0  (mf=1000)
[MF-SEL] tPrev=(  d=0.078083  dMin=0.000000  dAvg=0.059782  dMax=3.837329  Dlo=0.029891  Dhi=1.948555  err=0.000000  inc=-1.269924  bucket 0->0  (mf=1000)
[MF-SEL] tPrev=(  d=0.081553  dMin=0.000000  dAvg=0.059794  dMax=3.837329  Dlo=0.029897  Dhi=1.948562  err=0.000000  inc=-1.269924  bucket 0->0  (mf=1000)
[MF-SEL] tPrev=(  d=0.067917  dMin=0.000000  dAvg=0.059799  dMax=3.837329  Dlo=0.029900  Dhi=1.948564  err=0.000000  inc=-1.269924  bucket 0->0  (mf=1000)
[MF-SEL] tPrev=(  d=0.086179  dMin=0.000000  dAvg=0.059814  dMax=3.837329  Dlo=0.029907  Dhi=1.948572  err=0.000000  inc=-1.269924  bucket 0->0  (mf=1000)
[MF-SEL] tPrev=(  d=0.088801  dMin=0.000000  dAvg=0.059831  dMax=3.837329  Dlo=0.029915  Dhi=1.948580  err=0.000000  inc=-1.269924  bucket 0->0  (mf=1000)
[MF-SEL] tPrev=(  d=0.091290  dMin=0.000000  dAvg=0.059849  dMax=3.837329  Dlo=0.029924  Dhi=1.948589  err=0.000000  inc=-1.269924  bucket 0->0  (mf=1000)
[MF-SEL] tPrev=(  d=0.093079  dMin=0.000000  dAvg=0.059868  dMax=3.837329  Dlo=0.029934  Dhi=1.948598  err=0.000000  inc=-1.269924  bucket 0->0  (mf=1000)
[MF-SEL] tPrev=(  d=0.107046  dMin=0.000000  dAvg=0.059895  dMax=3.837329  Dlo=0.029947  Dhi=1.948612  err=0.000000  inc=-1.269924  bucket 0->0  (mf=1000)
[MF-SEL] tPrev=(  d=0.096766  dMin=0.000000  dAvg=0.059916  dMax=3.837329  Dlo=0.029958  Dhi=1.948622  err=0.000000  inc=-1.269924  bucket 0->0  (mf=1000)
[MF-SEL] tPrev=(  d=0.097824  dMin=0.000000  dAvg=0.059937  dMax=3.837329  Dlo=0.029969  Dhi=1.948633  err=0.000000  inc=-1.269924  bucket 0->0  (mf=1000)
[MF-SEL] tPrev=(  d=0.099035  dMin=0.000000  dAvg=0.059960  dMax=3.837329  Dlo=0.029980  Dhi=1.948644  err=0.000000  inc=-1.269924  bucket 0->0  (mf=1000)
[MF-SEL] tPrev=(  d=0.100006  dMin=0.000000  dAvg=0.059982  dMax=3.837329  Dlo=0.029991  Dhi=1.948656  err=0.000000  inc=-1.269924  bucket 0->0  (mf=1000)
[MF-SEL] tPrev=(  d=0.103834  dMin=0.000000  dAvg=0.060007  dMax=3.837329  Dlo=0.030004  Dhi=1.948668  err=0.000000  inc=-1.269924  bucket 0->0  (mf=1000)
[MF-SEL] tPrev=(  d=0.103535  dMin=0.000000  dAvg=0.060032  dMax=3.837329  Dlo=0.030016  Dhi=1.948680  err=0.000000  inc=-1.269924  bucket 0->0  (mf=1000)
[MF-SEL] tPrev=(  d=0.104985  dMin=0.000000  dAvg=0.060058  dMax=3.837329  Dlo=0.030029  Dhi=1.948693  err=0.000000  inc=-1.269924  bucket 0->0  (mf=1000)
[MF-SEL] tPrev=(  d=0.106861  dMin=0.000000  dAvg=0.060084  dMax=3.837329  Dlo=0.030042  Dhi=1.948707  err=0.000000  inc=-1.269924  bucket 0->0  (mf=1000)
[MF-SEL] tPrev=(  d=0.110509  dMin=0.000000  dAvg=0.060113  dMax=3.837329  Dlo=0.030056  Dhi=1.948721  err=0.000000  inc=-1.269924  bucket 0->0  (mf=1000)
[MF-SEL] tPrev=(  d=0.108376  dMin=0.000000  dAvg=0.060140  dMax=3.837329  Dlo=0.030070  Dhi=1.948735  err=0.000000  inc=-1.269924  bucket 0->0  (mf=1000)
[MF-SEL] tPrev=(  d=0.109261  dMin=0.000000  dAvg=0.060168  dMax=3.837329  Dlo=0.030084  Dhi=1.948748  err=0.000000  inc=-1.269924  bucket 0->0  (mf=1000)
[MF-SEL] tPrev=(  d=0.111658  dMin=0.000000  dAvg=0.060197  dMax=3.837329  Dlo=0.030099  Dhi=1.948763  err=0.000000  inc=-1.269924  bucket 0->0  (mf=1000)
[MF-SEL] tPrev=(  d=0.113579  dMin=0.000000  dAvg=0.060227  dMax=3.837329  Dlo=0.030114  Dhi=1.948778  err=0.000000  inc=-1.269924  bucket 0->0  (mf=1000)
[MF-SEL] tPrev=(  d=0.113562  dMin=0.000000  dAvg=0.060258  dMax=3.837329  Dlo=0.030129  Dhi=1.948793  err=0.000000  inc=-1.269924  bucket 0->0  (mf=1000)
[MF-SEL] tPrev=(  d=0.114031  dMin=0.000000  dAvg=0.060288  dMax=3.837329  Dlo=0.030144  Dhi=1.948808  err=0.000000  inc=-1.269924  bucket 0->0  (mf=1000)
[MF-SEL] tPrev=(  d=0.115525  dMin=0.000000  dAvg=0.060319  dMax=3.837329  Dlo=0.030160  Dhi=1.948824  err=0.000000  inc=-1.269924  bucket 0->0  (mf=1000)
[MF-SEL] tPrev=(  d=0.131330  dMin=0.000000  dAvg=0.060359  dMax=3.837329  Dlo=0.030180  Dhi=1.948844  err=0.000000  inc=-1.269924  bucket 0->0  (mf=1000)
[MF-SEL] tPrev=(  d=0.118421  dMin=0.000000  dAvg=0.060392  dMax=3.837329  Dlo=0.030196  Dhi=1.948860  err=0.000000  inc=-1.269924  bucket 0->0  (mf=1000)
[MF-SEL] tPrev=(  d=0.119693  dMin=0.000000  dAvg=0.060426  dMax=3.837329  Dlo=0.030213  Dhi=1.948877  err=0.000000  inc=-1.269924  bucket 0->0  (mf=1000)
[MF-SEL] tPrev=(  d=0.120827  dMin=0.000000  dAvg=0.060460  dMax=3.837329  Dlo=0.030230  Dhi=1.948894  err=0.000000  inc=-1.269924  bucket 0->0  (mf=1000)
[MF-SEL] tPrev=(  d=0.116385  dMin=0.000000  dAvg=0.060491  dMax=3.837329  Dlo=0.030246  Dhi=1.948910  err=0.000000  inc=-1.269924  bucket 0->0  (mf=1000)
[MF-SEL] tPrev=(  d=0.122542  dMin=0.000000  dAvg=0.060526  dMax=3.837329  Dlo=0.030263  Dhi=1.948928  err=0.000000  inc=-1.269924  bucket 0->0  (mf=1000)
[MF-SEL] tPrev=(  d=0.124565  dMin=0.000000  dAvg=0.060562  dMax=3.837329  Dlo=0.030281  Dhi=1.948946  err=0.000000  inc=-1.269924  bucket 0->0  (mf=1000)
[MF-SEL] tPrev=(  d=0.125817  dMin=0.000000  dAvg=0.060599  dMax=3.837329  Dlo=0.030299  Dhi=1.948964  err=0.000000  inc=-1.269924  bucket 0->0  (mf=1000)
[MF-SEL] tPrev=(  d=0.138474  dMin=0.000000  dAvg=0.060643  dMax=3.837329  Dlo=0.030321  Dhi=1.948986  err=0.000000  inc=-1.269924  bucket 0->0  (mf=1000)
[MF-SEL] tPrev=(  d=0.127246  dMin=0.000000  dAvg=0.060680  dMax=3.837329  Dlo=0.030340  Dhi=1.949005  err=0.000000  inc=-1.269924  bucket 0->0  (mf=1000)
[MF-SEL] tPrev=(  d=0.128049  dMin=0.000000  dAvg=0.060718  dMax=3.837329  Dlo=0.030359  Dhi=1.949023  err=0.000000  inc=-1.269924  bucket 0->0  (mf=1000)
[MF-SEL] tPrev=(  d=0.128342  dMin=0.000000  dAvg=0.060756  dMax=3.837329  Dlo=0.030378  Dhi=1.949042  err=0.000000  inc=-1.269924  bucket 0->0  (mf=1000)
[MF-SEL] tPrev=(  d=0.124720  dMin=0.000000  dAvg=0.060792  dMax=3.837329  Dlo=0.030396  Dhi=1.949060  err=0.000000  inc=-1.269924  bucket 0->0  (mf=1000)
[MF-SEL] tPrev=(  d=0.127041  dMin=0.000000  dAvg=0.060829  dMax=3.837329  Dlo=0.030414  Dhi=1.949079  err=0.000000  inc=-1.269924  bucket 0->0  (mf=1000)
[MF-SEL] tPrev=(  d=0.126266  dMin=0.000000  dAvg=0.060866  dMax=3.837329  Dlo=0.030433  Dhi=1.949097  err=0.000000  inc=-1.269924  bucket 0->0  (mf=1000)
[MF-SEL] tPrev=(  d=0.106447  dMin=0.000000  dAvg=0.060891  dMax=3.837329  Dlo=0.030446  Dhi=1.949110  err=0.000000  inc=-1.269924  bucket 0->0  (mf=1000)
[MF-SEL] tPrev=(  d=0.122738  dMin=0.000000  dAvg=0.060926  dMax=3.837329  Dlo=0.030463  Dhi=1.949127  err=0.000000  inc=-1.269924  bucket 0->0  (mf=1000)
[MF-SEL] tPrev=(  d=0.120551  dMin=0.000000  dAvg=0.060959  dMax=3.837329  Dlo=0.030480  Dhi=1.949144  err=0.000000  inc=-1.269924  bucket 0->0  (mf=1000)
[MF-SEL] tPrev=(  d=0.118706  dMin=0.000000  dAvg=0.060991  dMax=3.837329  Dlo=0.030496  Dhi=1.949160  err=0.000000  inc=-1.269924  bucket 0->0  (mf=1000)
[MF-SEL] tPrev=(  d=0.116257  dMin=0.000000  dAvg=0.061022  dMax=3.837329  Dlo=0.030511  Dhi=1.949176  err=0.000000  inc=-1.269924  bucket 0->0  (mf=1000)
[MF-SEL] tPrev=(  d=0.097845  dMin=0.000000  dAvg=0.061043  dMax=3.837329  Dlo=0.030521  Dhi=1.949186  err=0.000000  inc=-1.269924  bucket 0->0  (mf=1000)
[MF-SEL] tPrev=(  d=0.111995  dMin=0.000000  dAvg=0.061071  dMax=3.837329  Dlo=0.030536  Dhi=1.949200  err=0.000000  inc=-1.269924  bucket 0->0  (mf=1000)
[MF-SEL] tPrev=(  d=0.110027  dMin=0.000000  dAvg=0.061099  dMax=3.837329  Dlo=0.030549  Dhi=1.949214  err=0.000000  inc=-1.269924  bucket 0->0  (mf=1000)
[MF-SEL] tPrev=(  d=0.108348  dMin=0.000000  dAvg=0.061125  dMax=3.837329  Dlo=0.030563  Dhi=1.949227  err=0.000000  inc=-1.269924  bucket 0->0  (mf=1000)
[MF-SEL] tPrev=(  d=0.107510  dMin=0.000000  dAvg=0.061151  dMax=3.837329  Dlo=0.030575  Dhi=1.949240  err=0.000000  inc=-1.269924  bucket 0->0  (mf=1000)
[MF-SEL] tPrev=(  d=0.106214  dMin=0.000000  dAvg=0.061176  dMax=3.837329  Dlo=0.030588  Dhi=1.949252  err=0.000000  inc=-1.269924  bucket 0->0  (mf=1000)
[MF-SEL] tPrev=(  d=0.104981  dMin=0.000000  dAvg=0.061200  dMax=3.837329  Dlo=0.030600  Dhi=1.949265  err=0.000000  inc=-1.269924  bucket 0->0  (mf=1000)
[MF-SEL] tPrev=(  d=0.103085  dMin=0.000000  dAvg=0.061224  dMax=3.837329  Dlo=0.030612  Dhi=1.949276  err=0.000000  inc=-1.269924  bucket 0->0  (mf=1000)
[MF-SEL] tPrev=(  d=0.102194  dMin=0.000000  dAvg=0.061247  dMax=3.837329  Dlo=0.030623  Dhi=1.949288  err=0.000000  inc=-1.269924  bucket 0->0  (mf=1000)
[MF-SEL] tPrev=(  d=0.099656  dMin=0.000000  dAvg=0.061268  dMax=3.837329  Dlo=0.030634  Dhi=1.949298  err=0.000000  inc=-1.269924  bucket 0->0  (mf=1000)
[MF-SEL] tPrev=(  d=0.097198  dMin=0.000000  dAvg=0.061288  dMax=3.837329  Dlo=0.030644  Dhi=1.949308  err=0.000000  inc=-1.269924  bucket 0->0  (mf=1000)
[MF-SEL] tPrev=(  d=0.075877  dMin=0.000000  dAvg=0.061296  dMax=3.837329  Dlo=0.030648  Dhi=1.949312  err=0.000000  inc=-1.269924  bucket 0->0  (mf=1000)
[MF-SEL] tPrev=(  d=0.093463  dMin=0.000000  dAvg=0.061314  dMax=3.837329  Dlo=0.030657  Dhi=1.949321  err=0.000000  inc=-1.269924  bucket 0->0  (mf=1000)
[MF-SEL] tPrev=(  d=0.091304  dMin=0.000000  dAvg=0.061330  dMax=3.837329  Dlo=0.030665  Dhi=1.949330  err=0.000000  inc=-1.269924  bucket 0->0  (mf=1000)
[MF-SEL] tPrev=(  d=0.089682  dMin=0.000000  dAvg=0.061346  dMax=3.837329  Dlo=0.030673  Dhi=1.949338  err=0.000000  inc=-1.269924  bucket 0->0  (mf=1000)
[MF-SEL] tPrev=(  d=0.087707  dMin=0.000000  dAvg=0.061361  dMax=3.837329  Dlo=0.030680  Dhi=1.949345  err=0.000000  inc=-1.269924  bucket 0->0  (mf=1000)
[MF-SEL] tPrev=(  d=0.085476  dMin=0.000000  dAvg=0.061374  dMax=3.837329  Dlo=0.030687  Dhi=1.949351  err=0.000000  inc=-1.269924  bucket 0->0  (mf=1000)
[MF-SEL] tPrev=(  d=0.082893  dMin=0.000000  dAvg=0.061386  dMax=3.837329  Dlo=0.030693  Dhi=1.949357  err=0.000000  inc=-1.269924  bucket 0->0  (mf=1000)
[MF-SEL] tPrev=(  d=0.080373  dMin=0.000000  dAvg=0.061396  dMax=3.837329  Dlo=0.030698  Dhi=1.949363  err=0.000000  inc=-1.269924  bucket 0->0  (mf=1000)
[MF-SEL] tPrev=(  d=0.078778  dMin=0.000000  dAvg=0.061406  dMax=3.837329  Dlo=0.030703  Dhi=1.949368  err=0.000000  inc=-1.269924  bucket 0->0  (mf=1000)
[MF-SEL] tPrev=(  d=0.076812  dMin=0.000000  dAvg=0.061415  dMax=3.837329  Dlo=0.030707  Dhi=1.949372  err=0.000000  inc=-1.269924  bucket 0->0  (mf=1000)
[MF-SEL] tPrev=(  d=0.047199  dMin=0.000000  dAvg=0.061407  dMax=3.837329  Dlo=0.030703  Dhi=1.949368  err=0.000000  inc=-1.269924  bucket 0->0  (mf=1000)
[MF-SEL] tPrev=(  d=0.071580  dMin=0.000000  dAvg=0.061412  dMax=3.837329  Dlo=0.030706  Dhi=1.949371  err=0.000000  inc=-1.269924  bucket 0->0  (mf=1000)
[MF-SEL] tPrev=(  d=0.069151  dMin=0.000000  dAvg=0.061417  dMax=3.837329  Dlo=0.030708  Dhi=1.949373  err=0.000000  inc=-1.269924  bucket 0->0  (mf=1000)
[MF-SEL] tPrev=(  d=0.066520  dMin=0.000000  dAvg=0.061419  dMax=3.837329  Dlo=0.030710  Dhi=1.949374  err=0.000000  inc=-1.269924  bucket 0->0  (mf=1000)
[MF-SEL] tPrev=(  d=0.064429  dMin=0.000000  dAvg=0.061421  dMax=3.837329  Dlo=0.030711  Dhi=1.949375  err=0.000000  inc=-1.269924  bucket 0->0  (mf=1000)
[MF-SEL] tPrev=(  d=0.062510  dMin=0.000000  dAvg=0.061422  dMax=3.837329  Dlo=0.030711  Dhi=1.949375  err=0.000000  inc=-1.269924  bucket 0->0  (mf=1000)
[MF-SEL] tPrev=(  d=0.065416  dMin=0.000000  dAvg=0.061424  dMax=3.837329  Dlo=0.030712  Dhi=1.949376  err=0.000000  inc=-1.269924  bucket 0->0  (mf=1000)
[MF-SEL] tPrev=(  d=0.058765  dMin=0.000000  dAvg=0.061422  dMax=3.837329  Dlo=0.030711  Dhi=1.949376  err=0.000000  inc=-1.269924  bucket 0->0  (mf=1000)
[MF-SEL] tPrev=(  d=0.056844  dMin=0.000000  dAvg=0.061420  dMax=3.837329  Dlo=0.030710  Dhi=1.949374  err=0.000000  inc=-1.269924  bucket 0->0  (mf=1000)
[MF-SEL] tPrev=(  d=0.055285  dMin=0.000000  dAvg=0.061417  dMax=3.837329  Dlo=0.030708  Dhi=1.949373  err=0.000000  inc=-1.269924  bucket 0->0  (mf=1000)
[MF-SEL] tPrev=(  d=0.053682  dMin=0.000000  dAvg=0.061412  dMax=3.837329  Dlo=0.030706  Dhi=1.949371  err=0.000000  inc=-1.269924  bucket 0->0  (mf=1000)
[MF-SEL] tPrev=(  d=0.051897  dMin=0.000000  dAvg=0.061407  dMax=3.837329  Dlo=0.030704  Dhi=1.949368  err=0.000000  inc=-1.269924  bucket 0->0  (mf=1000)
[MF-SEL] tPrev=(  d=0.050051  dMin=0.000000  dAvg=0.061401  dMax=3.837329  Dlo=0.030700  Dhi=1.949365  err=0.000000  inc=-1.269924  bucket 0->0  (mf=1000)
[MF-SEL] tPrev=(  d=0.057582  dMin=0.000000  dAvg=0.061399  dMax=3.837329  Dlo=0.030699  Dhi=1.949364  err=0.000000  inc=-1.269924  bucket 0->0  (mf=1000)
[MF-SEL] tPrev=(  d=0.046605  dMin=0.000000  dAvg=0.061391  dMax=3.837329  Dlo=0.030695  Dhi=1.949360  err=0.000000  inc=-1.269924  bucket 0->0  (mf=1000)
[MF-SEL] tPrev=(  d=0.044892  dMin=0.000000  dAvg=0.061382  dMax=3.837329  Dlo=0.030691  Dhi=1.949355  err=0.000000  inc=-1.269924  bucket 0->0  (mf=1000)
[MF-SEL] tPrev=(  d=0.042941  dMin=0.000000  dAvg=0.061372  dMax=3.837329  Dlo=0.030686  Dhi=1.949350  err=0.000000  inc=-1.269924  bucket 0->0  (mf=1000)
[MF-SEL] tPrev=(  d=0.040883  dMin=0.000000  dAvg=0.061360  dMax=3.837329  Dlo=0.030680  Dhi=1.949345  err=0.000000  inc=-1.269924  bucket 0->0  (mf=1000)
[MF-SEL] tPrev=(  d=0.038947  dMin=0.000000  dAvg=0.061348  dMax=3.837329  Dlo=0.030674  Dhi=1.949338  err=0.000000  inc=-1.269924  bucket 0->0  (mf=1000)
[MF-SEL] tPrev=(  d=0.038678  dMin=0.000000  dAvg=0.061336  dMax=3.837329  Dlo=0.030668  Dhi=1.949332  err=0.000000  inc=-1.269924  bucket 0->0  (mf=1000)
[MF-SEL] tPrev=(  d=0.034677  dMin=0.000000  dAvg=0.061321  dMax=3.837329  Dlo=0.030661  Dhi=1.949325  err=0.000000  inc=-1.269924  bucket 0->0  (mf=1000)
[MF-SEL] tPrev=(  d=0.033155  dMin=0.000000  dAvg=0.061306  dMax=3.837329  Dlo=0.030653  Dhi=1.949317  err=0.000000  inc=-1.269924  bucket 0->0  (mf=1000)
[MF-SEL] tPrev=(  d=0.031692  dMin=0.000000  dAvg=0.061290  dMax=3.837329  Dlo=0.030645  Dhi=1.949309  err=0.000000  inc=-1.269924  bucket 0->0  (mf=1000)
[MF-SEL] tPrev=(  d=0.030440  dMin=0.000000  dAvg=0.061273  dMax=3.837329  Dlo=0.030636  Dhi=1.949301  err=-1.000000  inc=-2.207376  bucket 0->0  (mf=1000)
[MF-SEL] tPrev=(  d=0.042666  dMin=0.000000  dAvg=0.061263  dMax=3.837329  Dlo=0.030631  Dhi=1.949296  err=0.000000  inc=-0.923049  bucket 0->0  (mf=1000)
[MF-SEL] tPrev=(  d=0.028237  dMin=0.000000  dAvg=0.061245  dMax=3.837329  Dlo=0.030622  Dhi=1.949287  err=-1.000000  inc=-2.216040  bucket 0->0  (mf=1000)
[MF-SEL] tPrev=(  d=0.027401  dMin=0.000000  dAvg=0.061226  dMax=3.837329  Dlo=0.030613  Dhi=1.949278  err=-1.000000  inc=-1.876968  bucket 0->0  (mf=1000)
[MF-SEL] tPrev=(  d=0.026820  dMin=0.000000  dAvg=0.061208  dMax=3.837329  Dlo=0.030604  Dhi=1.949268  err=-1.000000  inc=-1.879408  bucket 0->0  (mf=1000)
[MF-SEL] tPrev=(  d=0.035938  dMin=0.000000  dAvg=0.061194  dMax=3.837329  Dlo=0.030597  Dhi=1.949261  err=0.000000  inc=-0.949511  bucket 0->0  (mf=1000)
[MF-SEL] tPrev=(  d=0.023622  dMin=0.000000  dAvg=0.061173  dMax=3.837329  Dlo=0.030587  Dhi=1.949251  err=-1.000000  inc=-2.207311  bucket 0->0  (mf=1000)
[MF-SEL] tPrev=(  d=0.022762  dMin=0.000000  dAvg=0.061152  dMax=3.837329  Dlo=0.030576  Dhi=1.949241  err=-1.000000  inc=-1.884275  bucket 0->0  (mf=1000)
[MF-SEL] tPrev=(  d=0.021793  dMin=0.000000  dAvg=0.061131  dMax=3.837329  Dlo=0.030566  Dhi=1.949230  err=-1.000000  inc=-1.886780  bucket 0->0  (mf=1000)
[MF-SEL] tPrev=(  d=0.028678  dMin=0.000000  dAvg=0.061114  dMax=3.837329  Dlo=0.030557  Dhi=1.949221  err=-1.000000  inc=-1.889278  bucket 0->0  (mf=1000)
[MF-SEL] tPrev=(  d=0.019992  dMin=0.000000  dAvg=0.061091  dMax=3.837329  Dlo=0.030546  Dhi=1.949210  err=-1.000000  inc=-1.891839  bucket 0->0  (mf=1000)
[MF-SEL] tPrev=(  d=0.019079  dMin=0.000000  dAvg=0.061068  dMax=3.837329  Dlo=0.030534  Dhi=1.949199  err=-1.000000  inc=-1.894374  bucket 0->0  (mf=1000)
[MF-SEL] tPrev=(  d=0.018239  dMin=0.000000  dAvg=0.061045  dMax=3.837329  Dlo=0.030523  Dhi=1.949187  err=-1.000000  inc=-1.896770  bucket 0->0  (mf=1000)
[MF-SEL] tPrev=(  d=0.026166  dMin=0.000000  dAvg=0.061026  dMax=3.837329  Dlo=0.030513  Dhi=1.949178  err=-1.000000  inc=-1.899247  bucket 0->0  (mf=1000)
[MF-SEL] tPrev=(  d=0.016958  dMin=0.000000  dAvg=0.061003  dMax=3.837329  Dlo=0.030501  Dhi=1.949166  err=-1.000000  inc=-1.901650  bucket 0->0  (mf=1000)
[MF-SEL] tPrev=(  d=0.015865  dMin=0.000000  dAvg=0.060978  dMax=3.837329  Dlo=0.030489  Dhi=1.949154  err=-1.000000  inc=-1.904126  bucket 0->0  (mf=1000)
[MF-SEL] tPrev=(  d=0.014771  dMin=0.000000  dAvg=0.060953  dMax=3.837329  Dlo=0.030477  Dhi=1.949141  err=-1.000000  inc=-1.906851  bucket 0->0  (mf=1000)
[MF-SEL] tPrev=(  d=0.010846  dMin=0.000000  dAvg=0.060926  dMax=3.837329  Dlo=0.030463  Dhi=1.949127  err=-1.000000  inc=-1.909220  bucket 0->0  (mf=1000)
[MF-SEL] tPrev=(  d=0.013137  dMin=0.000000  dAvg=0.060900  dMax=3.837329  Dlo=0.030450  Dhi=1.949115  err=-1.000000  inc=-1.911669  bucket 0->0  (mf=1000)
[MF-SEL] tPrev=(  d=0.012574  dMin=0.000000  dAvg=0.060874  dMax=3.837329  Dlo=0.030437  Dhi=1.949102  err=-1.000000  inc=-1.914224  bucket 0->0  (mf=1000)
[MF-SEL] tPrev=(  d=0.013034  dMin=0.000000  dAvg=0.060848  dMax=3.837329  Dlo=0.030424  Dhi=1.949089  err=-1.000000  inc=-1.916684  bucket 0->0  (mf=1000)
[MF-SEL] tPrev=(  d=0.002803  dMin=0.000000  dAvg=0.060817  dMax=3.837329  Dlo=0.030409  Dhi=1.949073  err=-1.000000  inc=-1.919013  bucket 0->0  (mf=1000)
[MF-SEL] tPrev=(  d=0.014960  dMin=0.000000  dAvg=0.060792  dMax=3.837329  Dlo=0.030396  Dhi=1.949061  err=-1.000000  inc=-1.921623  bucket 0->0  (mf=1000)
[MF-SEL] tPrev=(  d=0.016464  dMin=0.000000  dAvg=0.060768  dMax=3.837329  Dlo=0.030384  Dhi=1.949049  err=-1.000000  inc=-1.924281  bucket 0->0  (mf=1000)
[MF-SEL] tPrev=(  d=0.017581  dMin=0.000000  dAvg=0.060745  dMax=3.837329  Dlo=0.030373  Dhi=1.949037  err=-1.000000  inc=-1.926937  bucket 0->0  (mf=1000)
[MF-SEL] tPrev=(  d=0.019294  dMin=0.000000  dAvg=0.060723  dMax=3.837329  Dlo=0.030361  Dhi=1.949026  err=-1.000000  inc=-1.929550  bucket 0->0  (mf=1000)
[MF-SEL] tPrev=(  d=0.020795  dMin=0.000000  dAvg=0.060701  dMax=3.837329  Dlo=0.030351  Dhi=1.949015  err=-1.000000  inc=-1.932091  bucket 0->0  (mf=1000)
[MF-SEL] tPrev=(  d=0.021278  dMin=0.000000  dAvg=0.060680  dMax=3.837329  Dlo=0.030340  Dhi=1.949005  err=-1.000000  inc=-1.934685  bucket 0->0  (mf=1000)
[MF-SEL] tPrev=(  d=0.020553  dMin=0.000000  dAvg=0.060659  dMax=3.837329  Dlo=0.030329  Dhi=1.948994  err=-1.000000  inc=-1.937210  bucket 0->0  (mf=1000)
[MF-SEL] tPrev=(  d=0.018986  dMin=0.000000  dAvg=0.060636  dMax=3.837329  Dlo=0.030318  Dhi=1.948983  err=-1.000000  inc=-1.939842  bucket 0->0  (mf=1000)
[MF-SEL] tPrev=(  d=0.017120  dMin=0.000000  dAvg=0.060613  dMax=3.837329  Dlo=0.030307  Dhi=1.948971  err=-1.000000  inc=-1.942517  bucket 0->0  (mf=1000)
[MF-SEL] tPrev=(  d=0.019851  dMin=0.000000  dAvg=0.060591  dMax=3.837329  Dlo=0.030296  Dhi=1.948960  err=-1.000000  inc=-1.945261  bucket 0->0  (mf=1000)
[MF-SEL] tPrev=(  d=0.013385  dMin=0.000000  dAvg=0.060566  dMax=3.837329  Dlo=0.030283  Dhi=1.948947  err=-1.000000  inc=-1.947964  bucket 0->0  (mf=1000)
[MF-SEL] tPrev=(  d=0.011751  dMin=0.000000  dAvg=0.060540  dMax=3.837329  Dlo=0.030270  Dhi=1.948934  err=-1.000000  inc=-1.950470  bucket 0->0  (mf=1000)
[MF-SEL] tPrev=(  d=0.010456  dMin=0.000000  dAvg=0.060513  dMax=3.837329  Dlo=0.030256  Dhi=1.948921  err=-1.000000  inc=-1.952879  bucket 0->0  (mf=1000)
[MF-SEL] tPrev=(  d=0.011528  dMin=0.000000  dAvg=0.060487  dMax=3.837329  Dlo=0.030243  Dhi=1.948908  err=-1.000000  inc=-1.955128  bucket 0->0  (mf=1000)
[MF-SEL] tPrev=(  d=0.007351  dMin=0.000000  dAvg=0.060458  dMax=3.837329  Dlo=0.030229  Dhi=1.948894  err=-1.000000  inc=-1.957626  bucket 0->0  (mf=1000)
[MF-SEL] tPrev=(  d=0.005725  dMin=0.000000  dAvg=0.060429  dMax=3.837329  Dlo=0.030215  Dhi=1.948879  err=-1.000000  inc=-1.960411  bucket 0->0  (mf=1000)
[MF-SEL] tPrev=(  d=0.004582  dMin=0.000000  dAvg=0.060399  dMax=3.837329  Dlo=0.030200  Dhi=1.948864  err=-1.000000  inc=-1.962667  bucket 0->0  (mf=1000)
[MF-SEL] tPrev=(  d=0.004189  dMin=0.000000  dAvg=0.060369  dMax=3.837329  Dlo=0.030185  Dhi=1.948849  err=-1.000000  inc=-1.964848  bucket 0->0  (mf=1000)
[MF-SEL] tPrev=(  d=0.003119  dMin=0.000000  dAvg=0.060339  dMax=3.837329  Dlo=0.030169  Dhi=1.948834  err=-1.000000  inc=-1.966948  bucket 0->0  (mf=1000)
[MF-SEL] tPrev=(  d=0.004957  dMin=0.000000  dAvg=0.060309  dMax=3.837329  Dlo=0.030155  Dhi=1.948819  err=-1.000000  inc=-1.969515  bucket 0->0  (mf=1000)
[MF-SEL] tPrev=(  d=0.005579  dMin=0.000000  dAvg=0.060280  dMax=3.837329  Dlo=0.030140  Dhi=1.948804  err=-1.000000  inc=-1.972101  bucket 0->0  (mf=1000)
[MF-SEL] tPrev=(  d=0.006284  dMin=0.000000  dAvg=0.060251  dMax=3.837329  Dlo=0.030126  Dhi=1.948790  err=-1.000000  inc=-1.974716  bucket 0->0  (mf=1000)
[MF-SEL] tPrev=(  d=0.007461  dMin=0.000000  dAvg=0.060223  dMax=3.837329  Dlo=0.030112  Dhi=1.948776  err=-1.000000  inc=-1.977382  bucket 0->0  (mf=1000)
[MF-SEL] tPrev=(  d=0.008504  dMin=0.000000  dAvg=0.060196  dMax=3.837329  Dlo=0.030098  Dhi=1.948762  err=-1.000000  inc=-1.979920  bucket 0->0  (mf=1000)
[MF-SEL] tPrev=(  d=0.009703  dMin=0.000000  dAvg=0.060169  dMax=3.837329  Dlo=0.030084  Dhi=1.948749  err=-1.000000  inc=-1.982515  bucket 0->0  (mf=1000)
[MF-SEL] tPrev=(  d=0.010849  dMin=0.000000  dAvg=0.060142  dMax=3.837329  Dlo=0.030071  Dhi=1.948736  err=-1.000000  inc=-1.985055  bucket 0->0  (mf=1000)
[MF-SEL] tPrev=(  d=0.011291  dMin=0.000000  dAvg=0.060116  dMax=3.837329  Dlo=0.030058  Dhi=1.948723  err=-1.000000  inc=-1.987252  bucket 0->0  (mf=1000)
[MF-SEL] tPrev=(  d=0.010117  dMin=0.000000  dAvg=0.060090  dMax=3.837329  Dlo=0.030045  Dhi=1.948709  err=-1.000000  inc=-1.989528  bucket 0->0  (mf=1000)
[MF-SEL] tPrev=(  d=0.008415  dMin=0.000000  dAvg=0.060063  dMax=3.837329  Dlo=0.030031  Dhi=1.948696  err=-1.000000  inc=-1.991708  bucket 0->0  (mf=1000)
[MF-SEL] tPrev=(  d=0.007983  dMin=0.000000  dAvg=0.060035  dMax=3.837329  Dlo=0.030017  Dhi=1.948682  err=-1.000000  inc=-1.994017  bucket 0->0  (mf=1000)
[MF-SEL] tPrev=(  d=0.006496  dMin=0.000000  dAvg=0.060007  dMax=3.837329  Dlo=0.030003  Dhi=1.948668  err=-1.000000  inc=-1.996437  bucket 0->0  (mf=1000)
[MF-SEL] tPrev=(  d=0.004814  dMin=0.000000  dAvg=0.059977  dMax=3.837329  Dlo=0.029989  Dhi=1.948653  err=-1.000000  inc=-1.998967  bucket 0->0  (mf=1000)
[MF-SEL] tPrev=(  d=0.003592  dMin=0.000000  dAvg=0.059947  dMax=3.837329  Dlo=0.029974  Dhi=1.948638  err=-1.000000  inc=-2.001458  bucket 0->0  (mf=1000)
[MF-SEL] tPrev=(  d=0.004356  dMin=0.000000  dAvg=0.059918  dMax=3.837329  Dlo=0.029959  Dhi=1.948623  err=-1.000000  inc=-2.004089  bucket 0->0  (mf=1000)
[MF-SEL] tPrev=(  d=0.005683  dMin=0.000000  dAvg=0.059889  dMax=3.837329  Dlo=0.029945  Dhi=1.948609  err=-1.000000  inc=-2.006730  bucket 0->0  (mf=1000)
[MF-SEL] tPrev=(  d=0.007086  dMin=0.000000  dAvg=0.059861  dMax=3.837329  Dlo=0.029931  Dhi=1.948595  err=-1.000000  inc=-2.009328  bucket 0->0  (mf=1000)
[MF-SEL] tPrev=(  d=0.008131  dMin=0.000000  dAvg=0.059834  dMax=3.837329  Dlo=0.029917  Dhi=1.948581  err=-1.000000  inc=-2.011888  bucket 0->0  (mf=1000)
[MF-SEL] tPrev=(  d=0.009099  dMin=0.000000  dAvg=0.059807  dMax=3.837329  Dlo=0.029904  Dhi=1.948568  err=-1.000000  inc=-2.014548  bucket 0->0  (mf=1000)
[MF-SEL] tPrev=(  d=0.010418  dMin=0.000000  dAvg=0.059781  dMax=3.837329  Dlo=0.029891  Dhi=1.948555  err=-1.000000  inc=-2.016951  bucket 0->0  (mf=1000)
[MF-SEL] tPrev=(  d=0.012854  dMin=0.000000  dAvg=0.059756  dMax=3.837329  Dlo=0.029878  Dhi=1.948543  err=-1.000000  inc=-2.019648  bucket 0->0  (mf=1000)
[MF-SEL] tPrev=(  d=0.013318  dMin=0.000000  dAvg=0.059732  dMax=3.837329  Dlo=0.029866  Dhi=1.948530  err=-1.000000  inc=-2.022313  bucket 0->0  (mf=1000)
[MF-SEL] tPrev=(  d=0.012786  dMin=0.000000  dAvg=0.059707  dMax=3.837329  Dlo=0.029854  Dhi=1.948518  err=-1.000000  inc=-2.024895  bucket 0->0  (mf=1000)
[MF-SEL] tPrev=(  d=0.011250  dMin=0.000000  dAvg=0.059682  dMax=3.837329  Dlo=0.029841  Dhi=1.948505  err=-1.000000  inc=-2.027232  bucket 0->0  (mf=1000)
[MF-SEL] tPrev=(  d=0.010151  dMin=0.000000  dAvg=0.059656  dMax=3.837329  Dlo=0.029828  Dhi=1.948492  err=-1.000000  inc=-2.029620  bucket 0->0  (mf=1000)
[MF-SEL] tPrev=(  d=0.010316  dMin=0.000000  dAvg=0.059630  dMax=3.837329  Dlo=0.029815  Dhi=1.948479  err=-1.000000  inc=-2.032121  bucket 0->0  (mf=1000)
[MF-SEL] tPrev=(  d=0.009934  dMin=0.000000  dAvg=0.059603  dMax=3.837329  Dlo=0.029802  Dhi=1.948466  err=-1.000000  inc=-2.034677  bucket 0->0  (mf=1000)
[MF-SEL] tPrev=(  d=0.009972  dMin=0.000000  dAvg=0.059577  dMax=3.837329  Dlo=0.029789  Dhi=1.948453  err=-1.000000  inc=-2.037225  bucket 0->0  (mf=1000)
[MF-SEL] tPrev=(  d=0.010309  dMin=0.000000  dAvg=0.059551  dMax=3.837329  Dlo=0.029776  Dhi=1.948440  err=-1.000000  inc=-2.039651  bucket 0->0  (mf=1000)
[MF-SEL] tPrev=(  d=0.012711  dMin=0.000000  dAvg=0.059527  dMax=3.837329  Dlo=0.029763  Dhi=1.948428  err=-1.000000  inc=-2.042007  bucket 0->0  (mf=1000)
[MF-SEL] tPrev=(  d=0.011930  dMin=0.000000  dAvg=0.059502  dMax=3.837329  Dlo=0.029751  Dhi=1.948415  err=-1.000000  inc=-2.044537  bucket 0->0  (mf=1000)
[MF-SEL] tPrev=(  d=0.012615  dMin=0.000000  dAvg=0.059477  dMax=3.837329  Dlo=0.029739  Dhi=1.948403  err=-1.000000  inc=-2.047097  bucket 0->0  (mf=1000)
[MF-SEL] tPrev=(  d=0.014200  dMin=0.000000  dAvg=0.059453  dMax=3.837329  Dlo=0.029727  Dhi=1.948391  err=-1.000000  inc=-2.049734  bucket 0->0  (mf=1000)
[MF-SEL] tPrev=(  d=0.015783  dMin=0.000000  dAvg=0.059431  dMax=3.837329  Dlo=0.029715  Dhi=1.948380  err=-1.000000  inc=-2.052367  bucket 0->0  (mf=1000)
[MF-SEL] tPrev=(  d=0.017561  dMin=0.000000  dAvg=0.059409  dMax=3.837329  Dlo=0.029704  Dhi=1.948369  err=-1.000000  inc=-2.054790  bucket 0->0  (mf=1000)
[MF-SEL] tPrev=(  d=0.018886  dMin=0.000000  dAvg=0.059387  dMax=3.837329  Dlo=0.029694  Dhi=1.948358  err=-1.000000  inc=-2.057383  bucket 0->0  (mf=1000)
[MF-SEL] tPrev=(  d=0.021049  dMin=0.000000  dAvg=0.059367  dMax=3.837329  Dlo=0.029684  Dhi=1.948348  err=-1.000000  inc=-2.059787  bucket 0->0  (mf=1000)
[MF-SEL] tPrev=(  d=0.020514  dMin=0.000000  dAvg=0.059347  dMax=3.837329  Dlo=0.029674  Dhi=1.948338  err=-1.000000  inc=-2.062290  bucket 0->0  (mf=1000)
[MF-SEL] tPrev=(  d=0.019549  dMin=0.000000  dAvg=0.059326  dMax=3.837329  Dlo=0.029663  Dhi=1.948328  err=-1.000000  inc=-2.065052  bucket 0->0  (mf=1000)
[MF-SEL] tPrev=(  d=0.018431  dMin=0.000000  dAvg=0.059305  dMax=3.837329  Dlo=0.029652  Dhi=1.948317  err=-1.000000  inc=-2.067646  bucket 0->0  (mf=1000)
[MF-SEL] tPrev=(  d=0.017914  dMin=0.000000  dAvg=0.059283  dMax=3.837329  Dlo=0.029642  Dhi=1.948306  err=-1.000000  inc=-2.070069  bucket 0->0  (mf=1000)
[MF-SEL] tPrev=(  d=0.015058  dMin=0.000000  dAvg=0.059260  dMax=3.837329  Dlo=0.029630  Dhi=1.948295  err=-1.000000  inc=-2.072404  bucket 0->0  (mf=1000)
[MF-SEL] tPrev=(  d=0.016566  dMin=0.000000  dAvg=0.059238  dMax=3.837329  Dlo=0.029619  Dhi=1.948283  err=-1.000000  inc=-2.074545  bucket 0->0  (mf=1000)
[MF-SEL] tPrev=(  d=0.016611  dMin=0.000000  dAvg=0.059216  dMax=3.837329  Dlo=0.029608  Dhi=1.948272  err=-1.000000  inc=-2.076748  bucket 0->0  (mf=1000)
[MF-SEL] tPrev=(  d=0.016713  dMin=0.000000  dAvg=0.059194  dMax=3.837329  Dlo=0.029597  Dhi=1.948261  err=-1.000000  inc=-2.078907  bucket 0->0  (mf=1000)
[MF-SEL] tPrev=(  d=0.023430  dMin=0.000000  dAvg=0.059175  dMax=3.837329  Dlo=0.029587  Dhi=1.948252  err=-1.000000  inc=-2.081102  bucket 0->0  (mf=1000)
[MF-SEL] tPrev=(  d=0.016808  dMin=0.000000  dAvg=0.059153  dMax=3.837329  Dlo=0.029576  Dhi=1.948241  err=-1.000000  inc=-2.083285  bucket 0->0  (mf=1000)
[MF-SEL] tPrev=(  d=0.016793  dMin=0.000000  dAvg=0.059131  dMax=3.837329  Dlo=0.029565  Dhi=1.948230  err=-1.000000  inc=-2.085831  bucket 0->0  (mf=1000)
[MF-SEL] tPrev=(  d=0.017177  dMin=0.000000  dAvg=0.059109  dMax=3.837329  Dlo=0.029555  Dhi=1.948219  err=-1.000000  inc=-2.088278  bucket 0->0  (mf=1000)
[MF-SEL] tPrev=(  d=0.017527  dMin=0.000000  dAvg=0.059087  dMax=3.837329  Dlo=0.029544  Dhi=1.948208  err=-1.000000  inc=-2.090761  bucket 0->0  (mf=1000)
[MF-SEL] tPrev=(  d=0.022919  dMin=0.000000  dAvg=0.059069  dMax=3.837329  Dlo=0.029534  Dhi=1.948199  err=-1.000000  inc=-2.093199  bucket 0->0  (mf=1000)
[MF-SEL] tPrev=(  d=0.018064  dMin=0.000000  dAvg=0.059047  dMax=3.837329  Dlo=0.029524  Dhi=1.948188  err=-1.000000  inc=-2.095852  bucket 0->0  (mf=1000)
[MF-SEL] tPrev=(  d=0.018388  dMin=0.000000  dAvg=0.059026  dMax=3.837329  Dlo=0.029513  Dhi=1.948178  err=-1.000000  inc=-2.098311  bucket 0->0  (mf=1000)
[MF-SEL] tPrev=(  d=0.019399  dMin=0.000000  dAvg=0.059006  dMax=3.837329  Dlo=0.029503  Dhi=1.948167  err=-1.000000  inc=-2.100776  bucket 0->0  (mf=1000)
[MF-SEL] tPrev=(  d=0.021103  dMin=0.000000  dAvg=0.058986  dMax=3.837329  Dlo=0.029493  Dhi=1.948157  err=-1.000000  inc=-2.103234  bucket 0->0  (mf=1000)
[MF-SEL] tPrev=(  d=0.020263  dMin=0.000000  dAvg=0.058966  dMax=3.837329  Dlo=0.029483  Dhi=1.948147  err=-1.000000  inc=-2.105752  bucket 0->0  (mf=1000)
[MF-SEL] tPrev=(  d=0.020484  dMin=0.000000  dAvg=0.058946  dMax=3.837329  Dlo=0.029473  Dhi=1.948137  err=-1.000000  inc=-2.108415  bucket 0->0  (mf=1000)
[MF-SEL] tPrev=(  d=0.019818  dMin=0.000000  dAvg=0.058926  dMax=3.837329  Dlo=0.029463  Dhi=1.948127  err=-1.000000  inc=-2.110886  bucket 0->0  (mf=1000)
[MF-SEL] tPrev=(  d=0.020832  dMin=0.000000  dAvg=0.058906  dMax=3.837329  Dlo=0.029453  Dhi=1.948117  err=-1.000000  inc=-2.113320  bucket 0->0  (mf=1000)
[MF-SEL] tPrev=(  d=0.016923  dMin=0.000000  dAvg=0.058884  dMax=3.837329  Dlo=0.029442  Dhi=1.948107  err=-1.000000  inc=-2.116103  bucket 0->0  (mf=1000)
[MF-SEL] tPrev=(  d=0.015353  dMin=0.000000  dAvg=0.058862  dMax=3.837329  Dlo=0.029431  Dhi=1.948095  err=-1.000000  inc=-2.118658  bucket 0->0  (mf=1000)
[MF-SEL] tPrev=(  d=0.013583  dMin=0.000000  dAvg=0.058838  dMax=3.837329  Dlo=0.029419  Dhi=1.948084  err=-1.000000  inc=-2.121263  bucket 0->0  (mf=1000)
[MF-SEL] tPrev=(  d=0.012839  dMin=0.000000  dAvg=0.058815  dMax=3.837329  Dlo=0.029407  Dhi=1.948072  err=-1.000000  inc=-2.123637  bucket 0->0  (mf=1000)
[MF-SEL] tPrev=(  d=0.012156  dMin=0.000000  dAvg=0.058791  dMax=3.837329  Dlo=0.029395  Dhi=1.948060  err=-1.000000  inc=-2.126202  bucket 0->0  (mf=1000)
[MF-SEL] tPrev=(  d=0.011580  dMin=0.000000  dAvg=0.058766  dMax=3.837329  Dlo=0.029383  Dhi=1.948048  err=-1.000000  inc=-2.128871  bucket 0->0  (mf=1000)
[MF-SEL] tPrev=(  d=0.011366  dMin=0.000000  dAvg=0.058742  dMax=3.837329  Dlo=0.029371  Dhi=1.948035  err=-1.000000  inc=-2.131305  bucket 0->0  (mf=1000)
[MF-SEL] tPrev=(  d=0.010920  dMin=0.000000  dAvg=0.058717  dMax=3.837329  Dlo=0.029359  Dhi=1.948023  err=-1.000000  inc=-2.134010  bucket 0->0  (mf=1000)
[MF-SEL] tPrev=(  d=0.010420  dMin=0.000000  dAvg=0.058692  dMax=3.837329  Dlo=0.029346  Dhi=1.948011  err=-1.000000  inc=-2.136596  bucket 0->0  (mf=1000)
[MF-SEL] tPrev=(  d=0.010405  dMin=0.000000  dAvg=0.058668  dMax=3.837329  Dlo=0.029334  Dhi=1.947998  err=-1.000000  inc=-2.139270  bucket 0->0  (mf=1000)
[MF-SEL] tPrev=(  d=0.010223  dMin=0.000000  dAvg=0.058643  dMax=3.837329  Dlo=0.029321  Dhi=1.947986  err=-1.000000  inc=-2.141659  bucket 0->0  (mf=1000)
[MF-SEL] tPrev=(  d=0.010176  dMin=0.000000  dAvg=0.058618  dMax=3.837329  Dlo=0.029309  Dhi=1.947973  err=-1.000000  inc=-2.144234  bucket 0->0  (mf=1000)
[MF-SEL] tPrev=(  d=0.006159  dMin=0.000000  dAvg=0.058591  dMax=3.837329  Dlo=0.029295  Dhi=1.947960  err=-1.000000  inc=-2.147014  bucket 0->0  (mf=1000)
[MF-SEL] tPrev=(  d=0.010940  dMin=0.000000  dAvg=0.058566  dMax=3.837329  Dlo=0.029283  Dhi=1.947948  err=-1.000000  inc=-2.149524  bucket 0->0  (mf=1000)
[MF-SEL] tPrev=(  d=0.011016  dMin=0.000000  dAvg=0.058542  dMax=3.837329  Dlo=0.029271  Dhi=1.947935  err=-1.000000  inc=-2.152194  bucket 0->0  (mf=1000)
[MF-SEL] tPrev=(  d=0.011470  dMin=0.000000  dAvg=0.058518  dMax=3.837329  Dlo=0.029259  Dhi=1.947923  err=-1.000000  inc=-2.154982  bucket 0->0  (mf=1000)
[MF-SEL] tPrev=(  d=0.011620  dMin=0.000000  dAvg=0.058494  dMax=3.837329  Dlo=0.029247  Dhi=1.947911  err=-1.000000  inc=-2.157445  bucket 0->0  (mf=1000)
[MF-SEL] tPrev=(  d=0.011385  dMin=0.000000  dAvg=0.058469  dMax=3.837329  Dlo=0.029235  Dhi=1.947899  err=-1.000000  inc=-2.159999  bucket 0->0  (mf=1000)
[MF-SEL] tPrev=(  d=0.011154  dMin=0.000000  dAvg=0.058445  dMax=3.837329  Dlo=0.029223  Dhi=1.947887  err=-1.000000  inc=-2.162700  bucket 0->0  (mf=1000)
[MF-SEL] tPrev=(  d=0.010487  dMin=0.000000  dAvg=0.058421  dMax=3.837329  Dlo=0.029210  Dhi=1.947875  err=-1.000000  inc=-2.165498  bucket 0->0  (mf=1000)
[MF-SEL] tPrev=(  d=0.010019  dMin=0.000000  dAvg=0.058396  dMax=3.837329  Dlo=0.029198  Dhi=1.947862  err=-1.000000  inc=-2.167807  bucket 0->0  (mf=1000)
[MF-SEL] tPrev=(  d=0.007979  dMin=0.000000  dAvg=0.058370  dMax=3.837329  Dlo=0.029185  Dhi=1.947850  err=-1.000000  inc=-2.170171  bucket 0->0  (mf=1000)
[MF-SEL] tPrev=(  d=0.004837  dMin=0.000000  dAvg=0.058343  dMax=3.837329  Dlo=0.029171  Dhi=1.947836  err=-1.000000  inc=-2.172417  bucket 0->0  (mf=1000)
[MF-SEL] tPrev=(  d=0.004771  dMin=0.000000  dAvg=0.058315  dMax=3.837329  Dlo=0.029158  Dhi=1.947822  err=-1.000000  inc=-2.174777  bucket 0->0  (mf=1000)
[MF-SEL] tPrev=(  d=0.003253  dMin=0.000000  dAvg=0.058287  dMax=3.837329  Dlo=0.029144  Dhi=1.947808  err=-1.000000  inc=-2.177182  bucket 0->0  (mf=1000)
[MF-SEL] tPrev=(  d=0.002871  dMin=0.000000  dAvg=0.058259  dMax=3.837329  Dlo=0.029129  Dhi=1.947794  err=-1.000000  inc=-2.179646  bucket 0->0  (mf=1000)
[MF-SEL] tPrev=(  d=0.003386  dMin=0.000000  dAvg=0.058231  dMax=3.837329  Dlo=0.029115  Dhi=1.947780  err=-1.000000  inc=-2.182272  bucket 0->0  (mf=1000)
[MF-SEL] tPrev=(  d=0.004934  dMin=0.000000  dAvg=0.058204  dMax=3.837329  Dlo=0.029102  Dhi=1.947766  err=-1.000000  inc=-2.184976  bucket 0->0  (mf=1000)
[MF-SEL] tPrev=(  d=0.006803  dMin=0.000000  dAvg=0.058178  dMax=3.837329  Dlo=0.029089  Dhi=1.947753  err=-1.000000  inc=-2.187391  bucket 0->0  (mf=1000)
[MF-SEL] tPrev=(  d=0.008742  dMin=0.000000  dAvg=0.058152  dMax=3.837329  Dlo=0.029076  Dhi=1.947741  err=-1.000000  inc=-2.189901  bucket 0->0  (mf=1000)
[MF-SEL] tPrev=(  d=0.009851  dMin=0.000000  dAvg=0.058128  dMax=3.837329  Dlo=0.029064  Dhi=1.947728  err=-1.000000  inc=-2.192470  bucket 0->0  (mf=1000)
[MF-SEL] tPrev=(  d=0.010824  dMin=0.000000  dAvg=0.058104  dMax=3.837329  Dlo=0.029052  Dhi=1.947716  err=-1.000000  inc=-2.194947  bucket 0->0  (mf=1000)
[MF-SEL] tPrev=(  d=0.011322  dMin=0.000000  dAvg=0.058080  dMax=3.837329  Dlo=0.029040  Dhi=1.947704  err=-1.000000  inc=-2.197619  bucket 0->0  (mf=1000)
[MF-SEL] tPrev=(  d=0.010879  dMin=0.000000  dAvg=0.058056  dMax=3.837329  Dlo=0.029028  Dhi=1.947692  err=-1.000000  inc=-2.200338  bucket 0->0  (mf=1000)
[MF-SEL] tPrev=(  d=0.010595  dMin=0.000000  dAvg=0.058032  dMax=3.837329  Dlo=0.029016  Dhi=1.947680  err=-1.000000  inc=-2.203025  bucket 0->0  (mf=1000)
[MF-SEL] tPrev=(  d=0.009487  dMin=0.000000  dAvg=0.058007  dMax=3.837329  Dlo=0.029004  Dhi=1.947668  err=-1.000000  inc=-2.205605  bucket 0->0  (mf=1000)
[MF-SEL] tPrev=(  d=0.009350  dMin=0.000000  dAvg=0.057982  dMax=3.837329  Dlo=0.028991  Dhi=1.947656  err=-1.000000  inc=-2.208161  bucket 0->0  (mf=1000)
[MF-SEL] tPrev=(  d=0.009563  dMin=0.000000  dAvg=0.057958  dMax=3.837329  Dlo=0.028979  Dhi=1.947643  err=-1.000000  inc=-2.210801  bucket 0->0  (mf=1000)
[MF-SEL] tPrev=(  d=0.009568  dMin=0.000000  dAvg=0.057933  dMax=3.837329  Dlo=0.028967  Dhi=1.947631  err=-1.000000  inc=-2.213225  bucket 0->0  (mf=1000)
[MF-SEL] tPrev=(  d=0.010040  dMin=0.000000  dAvg=0.057909  dMax=3.837329  Dlo=0.028955  Dhi=1.947619  err=-1.000000  inc=-2.215599  bucket 0->0  (mf=1000)
[MF-SEL] tPrev=(  d=0.011549  dMin=0.000000  dAvg=0.057886  dMax=3.837329  Dlo=0.028943  Dhi=1.947607  err=-1.000000  inc=-2.218184  bucket 0->0  (mf=1000)
[MF-SEL] tPrev=(  d=0.011810  dMin=0.000000  dAvg=0.057862  dMax=3.837329  Dlo=0.028931  Dhi=1.947596  err=-1.000000  inc=-2.220801  bucket 0->0  (mf=1000)
[MF-SEL] tPrev=(  d=0.012646  dMin=0.000000  dAvg=0.057839  dMax=3.837329  Dlo=0.028920  Dhi=1.947584  err=-1.000000  inc=-2.223319  bucket 0->0  (mf=1000)
[MF-SEL] tPrev=(  d=0.013711  dMin=0.000000  dAvg=0.057817  dMax=3.837329  Dlo=0.028909  Dhi=1.947573  err=-1.000000  inc=-2.226000  bucket 0->0  (mf=1000)
[MF-SEL] tPrev=(  d=0.014567  dMin=0.000000  dAvg=0.057795  dMax=3.837329  Dlo=0.028898  Dhi=1.947562  err=-1.000000  inc=-2.228486  bucket 0->0  (mf=1000)
[MF-SEL] tPrev=(  d=0.016423  dMin=0.000000  dAvg=0.057774  dMax=3.837329  Dlo=0.028887  Dhi=1.947552  err=-1.000000  inc=-2.231049  bucket 0->0  (mf=1000)
[MF-SEL] tPrev=(  d=0.016521  dMin=0.000000  dAvg=0.057753  dMax=3.837329  Dlo=0.028877  Dhi=1.947541  err=-1.000000  inc=-2.233633  bucket 0->0  (mf=1000)
[MF-SEL] tPrev=(  d=0.015780  dMin=0.000000  dAvg=0.057732  dMax=3.837329  Dlo=0.028866  Dhi=1.947531  err=-1.000000  inc=-2.235947  bucket 0->0  (mf=1000)
[MF-SEL] tPrev=(  d=0.015133  dMin=0.000000  dAvg=0.057711  dMax=3.837329  Dlo=0.028855  Dhi=1.947520  err=-1.000000  inc=-2.238385  bucket 0->0  (mf=1000)
[MF-SEL] tPrev=(  d=0.013785  dMin=0.000000  dAvg=0.057689  dMax=3.837329  Dlo=0.028844  Dhi=1.947509  err=-1.000000  inc=-2.240913  bucket 0->0  (mf=1000)
[MF-SEL] tPrev=(  d=0.017396  dMin=0.000000  dAvg=0.057668  dMax=3.837329  Dlo=0.028834  Dhi=1.947499  err=-1.000000  inc=-2.243447  bucket 0->0  (mf=1000)
[MF-SEL] tPrev=(  d=0.012613  dMin=0.000000  dAvg=0.057646  dMax=3.837329  Dlo=0.028823  Dhi=1.947487  err=-1.000000  inc=-2.245803  bucket 0->0  (mf=1000)
[MF-SEL] tPrev=(  d=0.012403  dMin=0.000000  dAvg=0.057623  dMax=3.837329  Dlo=0.028811  Dhi=1.947476  err=-1.000000  inc=-2.248142  bucket 0->0  (mf=1000)
[MF-SEL] tPrev=(  d=0.012351  dMin=0.000000  dAvg=0.057600  dMax=3.837329  Dlo=0.028800  Dhi=1.947464  err=-1.000000  inc=-2.250564  bucket 0->0  (mf=1000)
[MF-SEL] tPrev=(  d=0.019348  dMin=0.000000  dAvg=0.057581  dMax=3.837329  Dlo=0.028790  Dhi=1.947455  err=-1.000000  inc=-2.252991  bucket 0->0  (mf=1000)
[MF-SEL] tPrev=(  d=0.012918  dMin=0.000000  dAvg=0.057558  dMax=3.837329  Dlo=0.028779  Dhi=1.947444  err=-1.000000  inc=-2.255309  bucket 0->0  (mf=1000)
[MF-SEL] tPrev=(  d=0.013256  dMin=0.000000  dAvg=0.057536  dMax=3.837329  Dlo=0.028768  Dhi=1.947433  err=-1.000000  inc=-2.257645  bucket 0->0  (mf=1000)
[MF-SEL] tPrev=(  d=0.013735  dMin=0.000000  dAvg=0.057514  dMax=3.837329  Dlo=0.028757  Dhi=1.947422  err=-1.000000  inc=-2.260199  bucket 0->0  (mf=1000)
[MF-SEL] tPrev=(  d=0.011958  dMin=0.000000  dAvg=0.057491  dMax=3.837329  Dlo=0.028746  Dhi=1.947410  err=-1.000000  inc=-2.262700  bucket 0->0  (mf=1000)
[MF-SEL] tPrev=(  d=0.010974  dMin=0.000000  dAvg=0.057468  dMax=3.837329  Dlo=0.028734  Dhi=1.947398  err=-1.000000  inc=-2.265026  bucket 0->0  (mf=1000)
[MF-SEL] tPrev=(  d=0.009596  dMin=0.000000  dAvg=0.057444  dMax=3.837329  Dlo=0.028722  Dhi=1.947386  err=-1.000000  inc=-2.267455  bucket 0->0  (mf=1000)
[MF-SEL] tPrev=(  d=0.007709  dMin=0.000000  dAvg=0.057419  dMax=3.837329  Dlo=0.028709  Dhi=1.947374  err=-1.000000  inc=-2.269871  bucket 0->0  (mf=1000)
[MF-SEL] tPrev=(  d=0.005882  dMin=0.000000  dAvg=0.057393  dMax=3.837329  Dlo=0.028697  Dhi=1.947361  err=-1.000000  inc=-2.272304  bucket 0->0  (mf=1000)
[MF-SEL] tPrev=(  d=0.008250  dMin=0.000000  dAvg=0.057369  dMax=3.837329  Dlo=0.028684  Dhi=1.947349  err=-1.000000  inc=-2.274647  bucket 0->0  (mf=1000)
[MF-SEL] tPrev=(  d=0.005325  dMin=0.000000  dAvg=0.057343  dMax=3.837329  Dlo=0.028671  Dhi=1.947336  err=-1.000000  inc=-2.277123  bucket 0->0  (mf=1000)
[MF-SEL] tPrev=(  d=0.006493  dMin=0.000000  dAvg=0.057317  dMax=3.837329  Dlo=0.028659  Dhi=1.947323  err=-1.000000  inc=-2.279481  bucket 0->0  (mf=1000)
[MF-SEL] tPrev=(  d=0.007588  dMin=0.000000  dAvg=0.057292  dMax=3.837329  Dlo=0.028646  Dhi=1.947311  err=-1.000000  inc=-2.281938  bucket 0->0  (mf=1000)
[MF-SEL] tPrev=(  d=0.008665  dMin=0.000000  dAvg=0.057268  dMax=3.837329  Dlo=0.028634  Dhi=1.947298  err=-1.000000  inc=-2.284157  bucket 0->0  (mf=1000)
[MF-SEL] tPrev=(  d=0.010175  dMin=0.000000  dAvg=0.057244  dMax=3.837329  Dlo=0.028622  Dhi=1.947287  err=-1.000000  inc=-2.286737  bucket 0->0  (mf=1000)
[MF-SEL] tPrev=(  d=0.012288  dMin=0.000000  dAvg=0.057222  dMax=3.837329  Dlo=0.028611  Dhi=1.947275  err=-1.000000  inc=-2.289045  bucket 0->0  (mf=1000)
[MF-SEL] tPrev=(  d=0.011342  dMin=0.000000  dAvg=0.057199  dMax=3.837329  Dlo=0.028600  Dhi=1.947264  err=-1.000000  inc=-2.291636  bucket 0->0  (mf=1000)
[MF-SEL] tPrev=(  d=0.011614  dMin=0.000000  dAvg=0.057176  dMax=3.837329  Dlo=0.028588  Dhi=1.947253  err=-1.000000  inc=-2.294166  bucket 0->0  (mf=1000)
[MF-SEL] tPrev=(  d=0.011980  dMin=0.000000  dAvg=0.057154  dMax=3.837329  Dlo=0.028577  Dhi=1.947241  err=-1.000000  inc=-2.296591  bucket 0->0  (mf=1000)
[MF-SEL] tPrev=(  d=0.011641  dMin=0.000000  dAvg=0.057131  dMax=3.837329  Dlo=0.028566  Dhi=1.947230  err=-1.000000  inc=-2.299246  bucket 0->0  (mf=1000)
[MF-SEL] tPrev=(  d=0.010643  dMin=0.000000  dAvg=0.057108  dMax=3.837329  Dlo=0.028554  Dhi=1.947218  err=-1.000000  inc=-2.301858  bucket 0->0  (mf=1000)
[MF-SEL] tPrev=(  d=0.008881  dMin=0.000000  dAvg=0.057084  dMax=3.837329  Dlo=0.028542  Dhi=1.947206  err=-1.000000  inc=-2.304282  bucket 0->0  (mf=1000)
[MF-SEL] tPrev=(  d=0.012172  dMin=0.000000  dAvg=0.057062  dMax=3.837329  Dlo=0.028531  Dhi=1.947195  err=-1.000000  inc=-2.306638  bucket 0->0  (mf=1000)
[MF-SEL] tPrev=(  d=0.007197  dMin=0.000000  dAvg=0.057037  dMax=3.837329  Dlo=0.028518  Dhi=1.947183  err=-1.000000  inc=-2.308956  bucket 0->0  (mf=1000)
[MF-SEL] tPrev=(  d=0.006921  dMin=0.000000  dAvg=0.057012  dMax=3.837329  Dlo=0.028506  Dhi=1.947170  err=-1.000000  inc=-2.311405  bucket 0->0  (mf=1000)
[MF-SEL] tPrev=(  d=0.007377  dMin=0.000000  dAvg=0.056987  dMax=3.837329  Dlo=0.028494  Dhi=1.947158  err=-1.000000  inc=-2.313691  bucket 0->0  (mf=1000)
[MF-SEL] tPrev=(  d=0.009835  dMin=0.000000  dAvg=0.056964  dMax=3.837329  Dlo=0.028482  Dhi=1.947146  err=-1.000000  inc=-2.315973  bucket 0->0  (mf=1000)
[MF-SEL] tPrev=(  d=0.010270  dMin=0.000000  dAvg=0.056941  dMax=3.837329  Dlo=0.028470  Dhi=1.947135  err=-1.000000  inc=-2.318328  bucket 0->0  (mf=1000)
[MF-SEL] tPrev=(  d=0.016758  dMin=0.000000  dAvg=0.056921  dMax=3.837329  Dlo=0.028460  Dhi=1.947125  err=-1.000000  inc=-2.320534  bucket 0->0  (mf=1000)
[MF-SEL] tPrev=(  d=0.020366  dMin=0.000000  dAvg=0.056903  dMax=3.837329  Dlo=0.028451  Dhi=1.947116  err=-1.000000  inc=-2.323054  bucket 0->0  (mf=1000)
[MF-SEL] tPrev=(  d=0.023975  dMin=0.000000  dAvg=0.056886  dMax=3.837329  Dlo=0.028443  Dhi=1.947108  err=-1.000000  inc=-2.325200  bucket 0->0  (mf=1000)
[MF-SEL] tPrev=(  d=0.027816  dMin=0.000000  dAvg=0.056872  dMax=3.837329  Dlo=0.028436  Dhi=1.947100  err=-1.000000  inc=-2.327614  bucket 0->0  (mf=1000)
[MF-SEL] tPrev=(  d=0.028077  dMin=0.000000  dAvg=0.056858  dMax=3.837329  Dlo=0.028429  Dhi=1.947093  err=-1.000000  inc=-2.329767  bucket 0->0  (mf=1000)
[MF-SEL] tPrev=(  d=0.035694  dMin=0.000000  dAvg=0.056847  dMax=3.837329  Dlo=0.028424  Dhi=1.947088  err=0.000000  inc=-1.379946  bucket 0->0  (mf=1000)
[MF-SEL] tPrev=(  d=0.039315  dMin=0.000000  dAvg=0.056838  dMax=3.837329  Dlo=0.028419  Dhi=1.947084  err=0.000000  inc=-1.729767  bucket 0->0  (mf=1000)
[MF-SEL] tPrev=(  d=0.041808  dMin=0.000000  dAvg=0.056831  dMax=3.837329  Dlo=0.028416  Dhi=1.947080  err=0.000000  inc=-1.729767  bucket 0->0  (mf=1000)
[MF-SEL] tPrev=(  d=0.042284  dMin=0.000000  dAvg=0.056824  dMax=3.837329  Dlo=0.028412  Dhi=1.947076  err=0.000000  inc=-1.729767  bucket 0->0  (mf=1000)
[MF-SEL] tPrev=(  d=0.041349  dMin=0.000000  dAvg=0.056816  dMax=3.837329  Dlo=0.028408  Dhi=1.947073  err=0.000000  inc=-1.729767  bucket 0->0  (mf=1000)
[MF-SEL] tPrev=(  d=0.041434  dMin=0.000000  dAvg=0.056809  dMax=3.837329  Dlo=0.028404  Dhi=1.947069  err=0.000000  inc=-1.729767  bucket 0->0  (mf=1000)
[MF-SEL] tPrev=(  d=0.043712  dMin=0.000000  dAvg=0.056802  dMax=3.837329  Dlo=0.028401  Dhi=1.947066  err=0.000000  inc=-1.729767  bucket 0->0  (mf=1000)
[MF-SEL] tPrev=(  d=0.040830  dMin=0.000000  dAvg=0.056794  dMax=3.837329  Dlo=0.028397  Dhi=1.947062  err=0.000000  inc=-1.729767  bucket 0->0  (mf=1000)
[MF-SEL] tPrev=(  d=0.040072  dMin=0.000000  dAvg=0.056786  dMax=3.837329  Dlo=0.028393  Dhi=1.947057  err=0.000000  inc=-1.729767  bucket 0->0  (mf=1000)
[MF-SEL] tPrev=(  d=0.040562  dMin=0.000000  dAvg=0.056778  dMax=3.837329  Dlo=0.028389  Dhi=1.947053  err=0.000000  inc=-1.729767  bucket 0->0  (mf=1000)
[MF-SEL] tPrev=(  d=0.041248  dMin=0.000000  dAvg=0.056770  dMax=3.837329  Dlo=0.028385  Dhi=1.947050  err=0.000000  inc=-1.729767  bucket 0->0  (mf=1000)
[MF-SEL] tPrev=(  d=0.042479  dMin=0.000000  dAvg=0.056763  dMax=3.837329  Dlo=0.028382  Dhi=1.947046  err=0.000000  inc=-1.729767  bucket 0->0  (mf=1000)
[MF-SEL] tPrev=(  d=0.042917  dMin=0.000000  dAvg=0.056757  dMax=3.837329  Dlo=0.028378  Dhi=1.947043  err=0.000000  inc=-1.729767  bucket 0->0  (mf=1000)
[MF-SEL] tPrev=(  d=0.042688  dMin=0.000000  dAvg=0.056750  dMax=3.837329  Dlo=0.028375  Dhi=1.947039  err=0.000000  inc=-1.729767  bucket 0->0  (mf=1000)
[MF-SEL] tPrev=(  d=0.043324  dMin=0.000000  dAvg=0.056743  dMax=3.837329  Dlo=0.028372  Dhi=1.947036  err=0.000000  inc=-1.729767  bucket 0->0  (mf=1000)
[MF-SEL] tPrev=(  d=0.043742  dMin=0.000000  dAvg=0.056737  dMax=3.837329  Dlo=0.028368  Dhi=1.947033  err=0.000000  inc=-1.729767  bucket 0->0  (mf=1000)
[MF-SEL] tPrev=(  d=0.033626  dMin=0.000000  dAvg=0.056725  dMax=3.837329  Dlo=0.028363  Dhi=1.947027  err=0.000000  inc=-1.729767  bucket 0->0  (mf=1000)
[MF-SEL] tPrev=(  d=0.044434  dMin=0.000000  dAvg=0.056719  dMax=3.837329  Dlo=0.028360  Dhi=1.947024  err=0.000000  inc=-1.729767  bucket 0->0  (mf=1000)
[MF-SEL] tPrev=(  d=0.044787  dMin=0.000000  dAvg=0.056713  dMax=3.837329  Dlo=0.028357  Dhi=1.947021  err=0.000000  inc=-1.729767  bucket 0->0  (mf=1000)
[MF-SEL] tPrev=(  d=0.044494  dMin=0.000000  dAvg=0.056707  dMax=3.837329  Dlo=0.028354  Dhi=1.947018  err=0.000000  inc=-1.729767  bucket 0->0  (mf=1000)
[MF-SEL] tPrev=(  d=0.044091  dMin=0.000000  dAvg=0.056701  dMax=3.837329  Dlo=0.028351  Dhi=1.947015  err=0.000000  inc=-1.729767  bucket 0->0  (mf=1000)
[MF-SEL] tPrev=(  d=0.044240  dMin=0.000000  dAvg=0.056695  dMax=3.837329  Dlo=0.028348  Dhi=1.947012  err=0.000000  inc=-1.729767  bucket 0->0  (mf=1000)
[MF-SEL] tPrev=(  d=0.045877  dMin=0.000000  dAvg=0.056690  dMax=3.837329  Dlo=0.028345  Dhi=1.947009  err=0.000000  inc=-1.729767  bucket 0->0  (mf=1000)
[MF-SEL] tPrev=(  d=0.044898  dMin=0.000000  dAvg=0.056684  dMax=3.837329  Dlo=0.028342  Dhi=1.947007  err=0.000000  inc=-1.729767  bucket 0->0  (mf=1000)
[MF-SEL] tPrev=(  d=0.048409  dMin=0.000000  dAvg=0.056680  dMax=3.837329  Dlo=0.028340  Dhi=1.947004  err=0.000000  inc=-1.729767  bucket 0->0  (mf=1000)
[MF-SEL] tPrev=(  d=0.050667  dMin=0.000000  dAvg=0.056677  dMax=3.837329  Dlo=0.028339  Dhi=1.947003  err=0.000000  inc=-1.729767  bucket 0->0  (mf=1000)
[MF-SEL] tPrev=(  d=0.053104  dMin=0.000000  dAvg=0.056675  dMax=3.837329  Dlo=0.028338  Dhi=1.947002  err=0.000000  inc=-1.729767  bucket 0->0  (mf=1000)
[MF-SEL] tPrev=(  d=0.051182  dMin=0.000000  dAvg=0.056673  dMax=3.837329  Dlo=0.028336  Dhi=1.947001  err=0.000000  inc=-1.729767  bucket 0->0  (mf=1000)
[MF-SEL] tPrev=(  d=0.058938  dMin=0.000000  dAvg=0.056674  dMax=3.837329  Dlo=0.028337  Dhi=1.947001  err=0.000000  inc=-1.729767  bucket 0->0  (mf=1000)
[MF-SEL] tPrev=(  d=0.062231  dMin=0.000000  dAvg=0.056676  dMax=3.837329  Dlo=0.028338  Dhi=1.947003  err=0.000000  inc=-1.729767  bucket 0->0  (mf=1000)
[MF-SEL] tPrev=(  d=0.065297  dMin=0.000000  dAvg=0.056681  dMax=3.837329  Dlo=0.028340  Dhi=1.947005  err=0.000000  inc=-1.729767  bucket 0->0  (mf=1000)
[MF-SEL] tPrev=(  d=0.068569  dMin=0.000000  dAvg=0.056686  dMax=3.837329  Dlo=0.028343  Dhi=1.947008  err=0.000000  inc=-1.729767  bucket 0->0  (mf=1000)
[MF-SEL] tPrev=(  d=0.071232  dMin=0.000000  dAvg=0.056694  dMax=3.837329  Dlo=0.028347  Dhi=1.947011  err=0.000000  inc=-1.729767  bucket 0->0  (mf=1000)
[MF-SEL] tPrev=(  d=0.073565  dMin=0.000000  dAvg=0.056702  dMax=3.837329  Dlo=0.028351  Dhi=1.947015  err=0.000000  inc=-1.729767  bucket 0->0  (mf=1000)
[MF-SEL] tPrev=(  d=0.076261  dMin=0.000000  dAvg=0.056711  dMax=3.837329  Dlo=0.028356  Dhi=1.947020  err=0.000000  inc=-1.729767  bucket 0->0  (mf=1000)
[MF-SEL] tPrev=(  d=0.079033  dMin=0.000000  dAvg=0.056722  dMax=3.837329  Dlo=0.028361  Dhi=1.947026  err=0.000000  inc=-1.729767  bucket 0->0  (mf=1000)
[MF-SEL] tPrev=(  d=0.085354  dMin=0.000000  dAvg=0.056736  dMax=3.837329  Dlo=0.028368  Dhi=1.947033  err=0.000000  inc=-1.729767  bucket 0->0  (mf=1000)
[MF-SEL] tPrev=(  d=0.084947  dMin=0.000000  dAvg=0.056750  dMax=3.837329  Dlo=0.028375  Dhi=1.947039  err=0.000000  inc=-1.729767  bucket 0->0  (mf=1000)
[MF-SEL] tPrev=(  d=0.088457  dMin=0.000000  dAvg=0.056765  dMax=3.837329  Dlo=0.028383  Dhi=1.947047  err=0.000000  inc=-1.729767  bucket 0->0  (mf=1000)
[MF-SEL] tPrev=(  d=0.091708  dMin=0.000000  dAvg=0.056782  dMax=3.837329  Dlo=0.028391  Dhi=1.947056  err=0.000000  inc=-1.729767  bucket 0->0  (mf=1000)
[MF-SEL] tPrev=(  d=0.095277  dMin=0.000000  dAvg=0.056801  dMax=3.837329  Dlo=0.028400  Dhi=1.947065  err=0.000000  inc=-1.729767  bucket 0->0  (mf=1000)
[MF-SEL] tPrev=(  d=0.098152  dMin=0.000000  dAvg=0.056821  dMax=3.837329  Dlo=0.028410  Dhi=1.947075  err=0.000000  inc=-1.729767  bucket 0->0  (mf=1000)
[MF-SEL] tPrev=(  d=0.109002  dMin=0.000000  dAvg=0.056846  dMax=3.837329  Dlo=0.028423  Dhi=1.947088  err=0.000000  inc=-1.729767  bucket 0->0  (mf=1000)
[MF-SEL] tPrev=(  d=0.102933  dMin=0.000000  dAvg=0.056869  dMax=3.837329  Dlo=0.028434  Dhi=1.947099  err=0.000000  inc=-1.729767  bucket 0->0  (mf=1000)
[MF-SEL] tPrev=(  d=0.103669  dMin=0.000000  dAvg=0.056891  dMax=3.837329  Dlo=0.028446  Dhi=1.947110  err=0.000000  inc=-1.729767  bucket 0->0  (mf=1000)
[MF-SEL] tPrev=(  d=0.103490  dMin=0.000000  dAvg=0.056914  dMax=3.837329  Dlo=0.028457  Dhi=1.947121  err=0.000000  inc=-1.729767  bucket 0->0  (mf=1000)
[MF-SEL] tPrev=(  d=0.111169  dMin=0.000000  dAvg=0.056940  dMax=3.837329  Dlo=0.028470  Dhi=1.947134  err=0.000000  inc=-1.729767  bucket 0->0  (mf=1000)
[MF-SEL] tPrev=(  d=0.101305  dMin=0.000000  dAvg=0.056961  dMax=3.837329  Dlo=0.028481  Dhi=1.947145  err=0.000000  inc=-1.729767  bucket 0->0  (mf=1000)
[MF-SEL] tPrev=(  d=0.099990  dMin=0.000000  dAvg=0.056982  dMax=3.837329  Dlo=0.028491  Dhi=1.947156  err=0.000000  inc=-1.729767  bucket 0->0  (mf=1000)
[MF-SEL] tPrev=(  d=0.098581  dMin=0.000000  dAvg=0.057002  dMax=3.837329  Dlo=0.028501  Dhi=1.947166  err=0.000000  inc=-1.729767  bucket 0->0  (mf=1000)
[MF-SEL] tPrev=(  d=0.097508  dMin=0.000000  dAvg=0.057022  dMax=3.837329  Dlo=0.028511  Dhi=1.947175  err=0.000000  inc=-1.729767  bucket 0->0  (mf=1000)
[MF-SEL] tPrev=(  d=0.096488  dMin=0.000000  dAvg=0.057041  dMax=3.837329  Dlo=0.028520  Dhi=1.947185  err=0.000000  inc=-1.729767  bucket 0->0  (mf=1000)
[MF-SEL] tPrev=(  d=0.098885  dMin=0.000000  dAvg=0.057061  dMax=3.837329  Dlo=0.028531  Dhi=1.947195  err=0.000000  inc=-1.729767  bucket 0->0  (mf=1000)
[MF-SEL] tPrev=(  d=0.094966  dMin=0.000000  dAvg=0.057079  dMax=3.837329  Dlo=0.028540  Dhi=1.947204  err=0.000000  inc=-1.729767  bucket 0->0  (mf=1000)
[MF-SEL] tPrev=(  d=0.094712  dMin=0.000000  dAvg=0.057098  dMax=3.837329  Dlo=0.028549  Dhi=1.947213  err=0.000000  inc=-1.729767  bucket 0->0  (mf=1000)
[MF-SEL] tPrev=(  d=0.095252  dMin=0.000000  dAvg=0.057116  dMax=3.837329  Dlo=0.028558  Dhi=1.947222  err=0.000000  inc=-1.729767  bucket 0->0  (mf=1000)
[MF-SEL] tPrev=(  d=0.096832  dMin=0.000000  dAvg=0.057135  dMax=3.837329  Dlo=0.028568  Dhi=1.947232  err=0.000000  inc=-1.729767  bucket 0->0  (mf=1000)
[MF-SEL] tPrev=(  d=0.097862  dMin=0.000000  dAvg=0.057155  dMax=3.837329  Dlo=0.028577  Dhi=1.947242  err=0.000000  inc=-1.729767  bucket 0->0  (mf=1000)
[MF-SEL] tPrev=(  d=0.094421  dMin=0.000000  dAvg=0.057173  dMax=3.837329  Dlo=0.028586  Dhi=1.947251  err=0.000000  inc=-1.729767  bucket 0->0  (mf=1000)
[MF-SEL] tPrev=(  d=0.101133  dMin=0.000000  dAvg=0.057194  dMax=3.837329  Dlo=0.028597  Dhi=1.947261  err=0.000000  inc=-1.729767  bucket 0->0  (mf=1000)
[MF-SEL] tPrev=(  d=0.102740  dMin=0.000000  dAvg=0.057216  dMax=3.837329  Dlo=0.028608  Dhi=1.947272  err=0.000000  inc=-1.729767  bucket 0->0  (mf=1000)
[MF-SEL] tPrev=(  d=0.103907  dMin=0.000000  dAvg=0.057238  dMax=3.837329  Dlo=0.028619  Dhi=1.947283  err=0.000000  inc=-1.729767  bucket 0->0  (mf=1000)
[MF-SEL] tPrev=(  d=0.104721  dMin=0.000000  dAvg=0.057261  dMax=3.837329  Dlo=0.028630  Dhi=1.947295  err=0.000000  inc=-1.729767  bucket 0->0  (mf=1000)
[MF-SEL] tPrev=(  d=0.105206  dMin=0.000000  dAvg=0.057284  dMax=3.837329  Dlo=0.028642  Dhi=1.947306  err=0.000000  inc=-1.729767  bucket 0->0  (mf=1000)
[MF-SEL] tPrev=(  d=0.100924  dMin=0.000000  dAvg=0.057305  dMax=3.837329  Dlo=0.028652  Dhi=1.947317  err=0.000000  inc=-1.729767  bucket 0->0  (mf=1000)
[MF-SEL] tPrev=(  d=0.106134  dMin=0.000000  dAvg=0.057328  dMax=3.837329  Dlo=0.028664  Dhi=1.947329  err=0.000000  inc=-1.729767  bucket 0->0  (mf=1000)
[MF-SEL] tPrev=(  d=0.105872  dMin=0.000000  dAvg=0.057351  dMax=3.837329  Dlo=0.028676  Dhi=1.947340  err=0.000000  inc=-1.729767  bucket 0->0  (mf=1000)
[MF-SEL] tPrev=(  d=0.105011  dMin=0.000000  dAvg=0.057374  dMax=3.837329  Dlo=0.028687  Dhi=1.947352  err=0.000000  inc=-1.729767  bucket 0->0  (mf=1000)
[MF-SEL] tPrev=(  d=0.103613  dMin=0.000000  dAvg=0.057396  dMax=3.837329  Dlo=0.028698  Dhi=1.947363  err=0.000000  inc=-1.729767  bucket 0->0  (mf=1000)
[MF-SEL] tPrev=(  d=0.101481  dMin=0.000000  dAvg=0.057417  dMax=3.837329  Dlo=0.028709  Dhi=1.947373  err=0.000000  inc=-1.729767  bucket 0->0  (mf=1000)
[MF-SEL] tPrev=(  d=0.091005  dMin=0.000000  dAvg=0.057434  dMax=3.837329  Dlo=0.028717  Dhi=1.947381  err=0.000000  inc=-1.729767  bucket 0->0  (mf=1000)
[MF-SEL] tPrev=(  d=0.097190  dMin=0.000000  dAvg=0.057453  dMax=3.837329  Dlo=0.028726  Dhi=1.947391  err=0.000000  inc=-1.729767  bucket 0->0  (mf=1000)
[MF-SEL] tPrev=(  d=0.095395  dMin=0.000000  dAvg=0.057471  dMax=3.837329  Dlo=0.028735  Dhi=1.947400  err=0.000000  inc=-1.729767  bucket 0->0  (mf=1000)
[MF-SEL] tPrev=(  d=0.093661  dMin=0.000000  dAvg=0.057488  dMax=3.837329  Dlo=0.028744  Dhi=1.947408  err=0.000000  inc=-1.729767  bucket 0->0  (mf=1000)
[MF-SEL] tPrev=(  d=0.091204  dMin=0.000000  dAvg=0.057504  dMax=3.837329  Dlo=0.028752  Dhi=1.947416  err=0.000000  inc=-1.729767  bucket 0->0  (mf=1000)
[MF-SEL] tPrev=(  d=0.088595  dMin=0.000000  dAvg=0.057519  dMax=3.837329  Dlo=0.028759  Dhi=1.947424  err=0.000000  inc=-1.729767  bucket 0->0  (mf=1000)
[MF-SEL] tPrev=(  d=0.073005  dMin=0.000000  dAvg=0.057526  dMax=3.837329  Dlo=0.028763  Dhi=1.947428  err=0.000000  inc=-1.729767  bucket 0->0  (mf=1000)
[MF-SEL] tPrev=(  d=0.086499  dMin=0.000000  dAvg=0.057540  dMax=3.837329  Dlo=0.028770  Dhi=1.947434  err=0.000000  inc=-1.729767  bucket 0->0  (mf=1000)
[MF-SEL] tPrev=(  d=0.085357  dMin=0.000000  dAvg=0.057553  dMax=3.837329  Dlo=0.028777  Dhi=1.947441  err=0.000000  inc=-1.729767  bucket 0->0  (mf=1000)
[MF-SEL] tPrev=(  d=0.084516  dMin=0.000000  dAvg=0.057566  dMax=3.837329  Dlo=0.028783  Dhi=1.947448  err=0.000000  inc=-1.729767  bucket 0->0  (mf=1000)
[MF-SEL] tPrev=(  d=0.084494  dMin=0.000000  dAvg=0.057579  dMax=3.837329  Dlo=0.028789  Dhi=1.947454  err=0.000000  inc=-1.729767  bucket 0->0  (mf=1000)
[MF-SEL] tPrev=(  d=0.074470  dMin=0.000000  dAvg=0.057587  dMax=3.837329  Dlo=0.028794  Dhi=1.947458  err=0.000000  inc=-1.729767  bucket 0->0  (mf=1000)
[MF-SEL] tPrev=(  d=0.083886  dMin=0.000000  dAvg=0.057600  dMax=3.837329  Dlo=0.028800  Dhi=1.947464  err=0.000000  inc=-1.729767  bucket 0->0  (mf=1000)
[MF-SEL] tPrev=(  d=0.083980  dMin=0.000000  dAvg=0.057612  dMax=3.837329  Dlo=0.028806  Dhi=1.947470  err=0.000000  inc=-1.729767  bucket 0->0  (mf=1000)
[MF-SEL] tPrev=(  d=0.085007  dMin=0.000000  dAvg=0.057625  dMax=3.837329  Dlo=0.028813  Dhi=1.947477  err=0.000000  inc=-1.729767  bucket 0->0  (mf=1000)
[MF-SEL] tPrev=(  d=0.085295  dMin=0.000000  dAvg=0.057638  dMax=3.837329  Dlo=0.028819  Dhi=1.947484  err=0.000000  inc=-1.729767  bucket 0->0  (mf=1000)
[MF-SEL] tPrev=(  d=0.085706  dMin=0.000000  dAvg=0.057652  dMax=3.837329  Dlo=0.028826  Dhi=1.947490  err=0.000000  inc=-1.729767  bucket 0->0  (mf=1000)
[MF-SEL] tPrev=(  d=0.086222  dMin=0.000000  dAvg=0.057665  dMax=3.837329  Dlo=0.028833  Dhi=1.947497  err=0.000000  inc=-1.729767  bucket 0->0  (mf=1000)
[MF-SEL] tPrev=(  d=0.087533  dMin=0.000000  dAvg=0.057679  dMax=3.837329  Dlo=0.028840  Dhi=1.947504  err=0.000000  inc=-1.729767  bucket 0->0  (mf=1000)
[MF-SEL] tPrev=(  d=0.093604  dMin=0.000000  dAvg=0.057696  dMax=3.837329  Dlo=0.028848  Dhi=1.947513  err=0.000000  inc=-1.729767  bucket 0->0  (mf=1000)
[MF-SEL] tPrev=(  d=0.090535  dMin=0.000000  dAvg=0.057712  dMax=3.837329  Dlo=0.028856  Dhi=1.947520  err=0.000000  inc=-1.729767  bucket 0->0  (mf=1000)
[MF-SEL] tPrev=(  d=0.092284  dMin=0.000000  dAvg=0.057728  dMax=3.837329  Dlo=0.028864  Dhi=1.947529  err=0.000000  inc=-1.729767  bucket 0->0  (mf=1000)
[MF-SEL] tPrev=(  d=0.093915  dMin=0.000000  dAvg=0.057745  dMax=3.837329  Dlo=0.028873  Dhi=1.947537  err=0.000000  inc=-1.729767  bucket 0->0  (mf=1000)
[MF-SEL] tPrev=(  d=0.096746  dMin=0.000000  dAvg=0.057764  dMax=3.837329  Dlo=0.028882  Dhi=1.947546  err=0.000000  inc=-1.729767  bucket 0->0  (mf=1000)
[MF-SEL] tPrev=(  d=0.099091  dMin=0.000000  dAvg=0.057783  dMax=3.837329  Dlo=0.028892  Dhi=1.947556  err=0.000000  inc=-1.729767  bucket 0->0  (mf=1000)
[MF-SEL] tPrev=(  d=0.108153  dMin=0.000000  dAvg=0.057807  dMax=3.837329  Dlo=0.028904  Dhi=1.947568  err=0.000000  inc=-1.729767  bucket 0->0  (mf=1000)
[MF-SEL] tPrev=(  d=0.104772  dMin=0.000000  dAvg=0.057829  dMax=3.837329  Dlo=0.028915  Dhi=1.947579  err=0.000000  inc=-1.729767  bucket 0->0  (mf=1000)
[MF-SEL] tPrev=(  d=0.107788  dMin=0.000000  dAvg=0.057853  dMax=3.837329  Dlo=0.028926  Dhi=1.947591  err=0.000000  inc=-1.729767  bucket 0->0  (mf=1000)
[MF-SEL] tPrev=(  d=0.110439  dMin=0.000000  dAvg=0.057878  dMax=3.837329  Dlo=0.028939  Dhi=1.947603  err=0.000000  inc=-1.729767  bucket 0->0  (mf=1000)
[MF-SEL] tPrev=(  d=0.113028  dMin=0.000000  dAvg=0.057904  dMax=3.837329  Dlo=0.028952  Dhi=1.947616  err=0.000000  inc=-1.729767  bucket 0->0  (mf=1000)
[MF-SEL] tPrev=(  d=0.115283  dMin=0.000000  dAvg=0.057931  dMax=3.837329  Dlo=0.028965  Dhi=1.947630  err=0.000000  inc=-1.729767  bucket 0->0  (mf=1000)
[MF-SEL] tPrev=(  d=0.118966  dMin=0.000000  dAvg=0.057960  dMax=3.837329  Dlo=0.028980  Dhi=1.947644  err=0.000000  inc=-1.729767  bucket 0->0  (mf=1000)
[MF-SEL] tPrev=(  d=0.117170  dMin=0.000000  dAvg=0.057987  dMax=3.837329  Dlo=0.028994  Dhi=1.947658  err=0.000000  inc=-1.729767  bucket 0->0  (mf=1000)
[MF-SEL] tPrev=(  d=0.117978  dMin=0.000000  dAvg=0.058016  dMax=3.837329  Dlo=0.029008  Dhi=1.947672  err=0.000000  inc=-1.729767  bucket 0->0  (mf=1000)
[MF-SEL] tPrev=(  d=0.119508  dMin=0.000000  dAvg=0.058045  dMax=3.837329  Dlo=0.029022  Dhi=1.947687  err=0.000000  inc=-1.729767  bucket 0->0  (mf=1000)
[MF-SEL] tPrev=(  d=0.120737  dMin=0.000000  dAvg=0.058074  dMax=3.837329  Dlo=0.029037  Dhi=1.947701  err=0.000000  inc=-1.729767  bucket 0->0  (mf=1000)
[MF-SEL] tPrev=(  d=0.121962  dMin=0.000000  dAvg=0.058104  dMax=3.837329  Dlo=0.029052  Dhi=1.947717  err=0.000000  inc=-1.729767  bucket 0->0  (mf=1000)
[MF-SEL] tPrev=(  d=0.128433  dMin=0.000000  dAvg=0.058137  dMax=3.837329  Dlo=0.029069  Dhi=1.947733  err=0.000000  inc=-1.729767  bucket 0->0  (mf=1000)
[MF-SEL] tPrev=(  d=0.124375  dMin=0.000000  dAvg=0.058168  dMax=3.837329  Dlo=0.029084  Dhi=1.947749  err=0.000000  inc=-1.729767  bucket 0->0  (mf=1000)
[MF-SEL] tPrev=(  d=0.124360  dMin=0.000000  dAvg=0.058199  dMax=3.837329  Dlo=0.029100  Dhi=1.947764  err=0.000000  inc=-1.729767  bucket 0->0  (mf=1000)
[MF-SEL] tPrev=(  d=0.124578  dMin=0.000000  dAvg=0.058231  dMax=3.837329  Dlo=0.029115  Dhi=1.947780  err=0.000000  inc=-1.729767  bucket 0->0  (mf=1000)
[MF-SEL] tPrev=(  d=0.124325  dMin=0.000000  dAvg=0.058262  dMax=3.837329  Dlo=0.029131  Dhi=1.947795  err=0.000000  inc=-1.729767  bucket 0->0  (mf=1000)
[MF-SEL] tPrev=(  d=0.124606  dMin=0.000000  dAvg=0.058293  dMax=3.837329  Dlo=0.029146  Dhi=1.947811  err=0.000000  inc=-1.729767  bucket 0->0  (mf=1000)
[MF-SEL] tPrev=(  d=0.118553  dMin=0.000000  dAvg=0.058321  dMax=3.837329  Dlo=0.029160  Dhi=1.947825  err=0.000000  inc=-1.729767  bucket 0->0  (mf=1000)
[MF-SEL] tPrev=(  d=0.123372  dMin=0.000000  dAvg=0.058351  dMax=3.837329  Dlo=0.029176  Dhi=1.947840  err=0.000000  inc=-1.729767  bucket 0->0  (mf=1000)
[MF-SEL] tPrev=(  d=0.122630  dMin=0.000000  dAvg=0.058381  dMax=3.837329  Dlo=0.029191  Dhi=1.947855  err=0.000000  inc=-1.729767  bucket 0->0  (mf=1000)
[MF-SEL] tPrev=(  d=0.121765  dMin=0.000000  dAvg=0.058411  dMax=3.837329  Dlo=0.029206  Dhi=1.947870  err=0.000000  inc=-1.729767  bucket 0->0  (mf=1000)
[MF-SEL] tPrev=(  d=0.121613  dMin=0.000000  dAvg=0.058441  dMax=3.837329  Dlo=0.029220  Dhi=1.947885  err=0.000000  inc=-1.729767  bucket 0->0  (mf=1000)
[MF-SEL] tPrev=(  d=0.121465  dMin=0.000000  dAvg=0.058470  dMax=3.837329  Dlo=0.029235  Dhi=1.947900  err=0.000000  inc=-1.729767  bucket 0->0  (mf=1000)
[MF-SEL] tPrev=(  d=0.114262  dMin=0.000000  dAvg=0.058496  dMax=3.837329  Dlo=0.029248  Dhi=1.947913  err=0.000000  inc=-1.729767  bucket 0->0  (mf=1000)
[MF-SEL] tPrev=(  d=0.120907  dMin=0.000000  dAvg=0.058525  dMax=3.837329  Dlo=0.029263  Dhi=1.947927  err=0.000000  inc=-1.729767  bucket 0->0  (mf=1000)
[MF-SEL] tPrev=(  d=0.121062  dMin=0.000000  dAvg=0.058555  dMax=3.837329  Dlo=0.029277  Dhi=1.947942  err=0.000000  inc=-1.729767  bucket 0->0  (mf=1000)
[MF-SEL] tPrev=(  d=0.121852  dMin=0.000000  dAvg=0.058584  dMax=3.837329  Dlo=0.029292  Dhi=1.947956  err=0.000000  inc=-1.729767  bucket 0->0  (mf=1000)
[MF-SEL] tPrev=(  d=0.121782  dMin=0.000000  dAvg=0.058614  dMax=3.837329  Dlo=0.029307  Dhi=1.947971  err=0.000000  inc=-1.729767  bucket 0->0  (mf=1000)
[MF-SEL] tPrev=(  d=0.121434  dMin=0.000000  dAvg=0.058643  dMax=3.837329  Dlo=0.029321  Dhi=1.947986  err=0.000000  inc=-1.729767  bucket 0->0  (mf=1000)
[MF-SEL] tPrev=(  d=0.109896  dMin=0.000000  dAvg=0.058667  dMax=3.837329  Dlo=0.029333  Dhi=1.947998  err=0.000000  inc=-1.729767  bucket 0->0  (mf=1000)
[MF-SEL] tPrev=(  d=0.118702  dMin=0.000000  dAvg=0.058695  dMax=3.837329  Dlo=0.029347  Dhi=1.948012  err=0.000000  inc=-1.729767  bucket 0->0  (mf=1000)
[MF-SEL] tPrev=(  d=0.117141  dMin=0.000000  dAvg=0.058722  dMax=3.837329  Dlo=0.029361  Dhi=1.948025  err=0.000000  inc=-1.729767  bucket 0->0  (mf=1000)
[MF-SEL] tPrev=(  d=0.115643  dMin=0.000000  dAvg=0.058748  dMax=3.837329  Dlo=0.029374  Dhi=1.948039  err=0.000000  inc=-1.729767  bucket 0->0  (mf=1000)
[MF-SEL] tPrev=(  d=0.113771  dMin=0.000000  dAvg=0.058774  dMax=3.837329  Dlo=0.029387  Dhi=1.948051  err=0.000000  inc=-1.729767  bucket 0->0  (mf=1000)
[MF-SEL] tPrev=(  d=0.112153  dMin=0.000000  dAvg=0.058799  dMax=3.837329  Dlo=0.029399  Dhi=1.948064  err=0.000000  inc=-1.729767  bucket 0->0  (mf=1000)
[MF-SEL] tPrev=(  d=0.104220  dMin=0.000000  dAvg=0.058820  dMax=3.837329  Dlo=0.029410  Dhi=1.948074  err=0.000000  inc=-1.729767  bucket 0->0  (mf=1000)
[MF-SEL] tPrev=(  d=0.108139  dMin=0.000000  dAvg=0.058843  dMax=3.837329  Dlo=0.029421  Dhi=1.948086  err=0.000000  inc=-1.729767  bucket 0->0  (mf=1000)
[MF-SEL] tPrev=(  d=0.106051  dMin=0.000000  dAvg=0.058865  dMax=3.837329  Dlo=0.029432  Dhi=1.948097  err=0.000000  inc=-1.729767  bucket 0->0  (mf=1000)
[MF-SEL] tPrev=(  d=0.103398  dMin=0.000000  dAvg=0.058885  dMax=3.837329  Dlo=0.029443  Dhi=1.948107  err=0.000000  inc=-1.729767  bucket 0->0  (mf=1000)
[MF-SEL] tPrev=(  d=0.100781  dMin=0.000000  dAvg=0.058905  dMax=3.837329  Dlo=0.029452  Dhi=1.948117  err=0.000000  inc=-1.729767  bucket 0->0  (mf=1000)
[MF-SEL] tPrev=(  d=0.097681  dMin=0.000000  dAvg=0.058923  dMax=3.837329  Dlo=0.029461  Dhi=1.948126  err=0.000000  inc=-1.729767  bucket 0->0  (mf=1000)
[MF-SEL] tPrev=(  d=0.094546  dMin=0.000000  dAvg=0.058939  dMax=3.837329  Dlo=0.029470  Dhi=1.948134  err=0.000000  inc=-1.729767  bucket 0->0  (mf=1000)
[MF-SEL] tPrev=(  d=0.092549  dMin=0.000000  dAvg=0.058955  dMax=3.837329  Dlo=0.029477  Dhi=1.948142  err=0.000000  inc=-1.729767  bucket 0->0  (mf=1000)
[MF-SEL] tPrev=(  d=0.092354  dMin=0.000000  dAvg=0.058970  dMax=3.837329  Dlo=0.029485  Dhi=1.948150  err=0.000000  inc=-1.729767  bucket 0->0  (mf=1000)
[MF-SEL] tPrev=(  d=0.088774  dMin=0.000000  dAvg=0.058984  dMax=3.837329  Dlo=0.029492  Dhi=1.948157  err=0.000000  inc=-1.729767  bucket 0->0  (mf=1000)
[MF-SEL] tPrev=(  d=0.088433  dMin=0.000000  dAvg=0.058998  dMax=3.837329  Dlo=0.029499  Dhi=1.948163  err=0.000000  inc=-1.729767  bucket 0->0  (mf=1000)
[MF-SEL] tPrev=(  d=0.088284  dMin=0.000000  dAvg=0.059011  dMax=3.837329  Dlo=0.029506  Dhi=1.948170  err=0.000000  inc=-1.729767  bucket 0->0  (mf=1000)
[MF-SEL] tPrev=(  d=0.087733  dMin=0.000000  dAvg=0.059025  dMax=3.837329  Dlo=0.029512  Dhi=1.948177  err=0.000000  inc=-1.729767  bucket 0->0  (mf=1000)
[MF-SEL] tPrev=(  d=0.087860  dMin=0.000000  dAvg=0.059038  dMax=3.837329  Dlo=0.029519  Dhi=1.948183  err=0.000000  inc=-1.729767  bucket 0->0  (mf=1000)
[MF-SEL] tPrev=(  d=0.087537  dMin=0.000000  dAvg=0.059051  dMax=3.837329  Dlo=0.029526  Dhi=1.948190  err=0.000000  inc=-1.729767  bucket 0->0  (mf=1000)
[MF-SEL] tPrev=(  d=0.087231  dMin=0.000000  dAvg=0.059064  dMax=3.837329  Dlo=0.029532  Dhi=1.948196  err=0.000000  inc=-1.729767  bucket 0->0  (mf=1000)
[MF-SEL] tPrev=(  d=0.070876  dMin=0.000000  dAvg=0.059069  dMax=3.837329  Dlo=0.029535  Dhi=1.948199  err=0.000000  inc=-1.729767  bucket 0->0  (mf=1000)
[MF-SEL] tPrev=(  d=0.087125  dMin=0.000000  dAvg=0.059082  dMax=3.837329  Dlo=0.029541  Dhi=1.948206  err=0.000000  inc=-1.729767  bucket 0->0  (mf=1000)
[MF-SEL] tPrev=(  d=0.087944  dMin=0.000000  dAvg=0.059096  dMax=3.837329  Dlo=0.029548  Dhi=1.948212  err=0.000000  inc=-1.729767  bucket 0->0  (mf=1000)
[MF-SEL] tPrev=(  d=0.089430  dMin=0.000000  dAvg=0.059110  dMax=3.837329  Dlo=0.029555  Dhi=1.948219  err=0.000000  inc=-1.729767  bucket 0->0  (mf=1000)
[MF-SEL] tPrev=(  d=0.091155  dMin=0.000000  dAvg=0.059124  dMax=3.837329  Dlo=0.029562  Dhi=1.948227  err=0.000000  inc=-1.729767  bucket 0->0  (mf=1000)
[MF-SEL] tPrev=(  d=0.093453  dMin=0.000000  dAvg=0.059140  dMax=3.837329  Dlo=0.029570  Dhi=1.948235  err=0.000000  inc=-1.729767  bucket 0->0  (mf=1000)
[MF-SEL] tPrev=(  d=0.096316  dMin=0.000000  dAvg=0.059157  dMax=3.837329  Dlo=0.029579  Dhi=1.948243  err=0.000000  inc=-1.729767  bucket 0->0  (mf=1000)
[MF-SEL] tPrev=(  d=0.099398  dMin=0.000000  dAvg=0.059176  dMax=3.837329  Dlo=0.029588  Dhi=1.948252  err=0.000000  inc=-1.729767  bucket 0->0  (mf=1000)
[MF-SEL] tPrev=(  d=0.101805  dMin=0.000000  dAvg=0.059195  dMax=3.837329  Dlo=0.029598  Dhi=1.948262  err=0.000000  inc=-1.729767  bucket 0->0  (mf=1000)
[MF-SEL] tPrev=(  d=0.104503  dMin=0.000000  dAvg=0.059216  dMax=3.837329  Dlo=0.029608  Dhi=1.948273  err=0.000000  inc=-1.729767  bucket 0->0  (mf=1000)
[MF-SEL] tPrev=(  d=0.108774  dMin=0.000000  dAvg=0.059239  dMax=3.837329  Dlo=0.029619  Dhi=1.948284  err=0.000000  inc=-1.729767  bucket 0->0  (mf=1000)
[MF-SEL] tPrev=(  d=0.109372  dMin=0.000000  dAvg=0.059262  dMax=3.837329  Dlo=0.029631  Dhi=1.948295  err=0.000000  inc=-1.729767  bucket 0->0  (mf=1000)
[MF-SEL] tPrev=(  d=0.111428  dMin=0.000000  dAvg=0.059286  dMax=3.837329  Dlo=0.029643  Dhi=1.948307  err=0.000000  inc=-1.729767  bucket 0->0  (mf=1000)
[MF-SEL] tPrev=(  d=0.113787  dMin=0.000000  dAvg=0.059311  dMax=3.837329  Dlo=0.029655  Dhi=1.948320  err=0.000000  inc=-1.729767  bucket 0->0  (mf=1000)
[MF-SEL] tPrev=(  d=0.116175  dMin=0.000000  dAvg=0.059337  dMax=3.837329  Dlo=0.029668  Dhi=1.948333  err=0.000000  inc=-1.729767  bucket 0->0  (mf=1000)
[MF-SEL] tPrev=(  d=0.118981  dMin=0.000000  dAvg=0.059364  dMax=3.837329  Dlo=0.029682  Dhi=1.948347  err=0.000000  inc=-1.729767  bucket 0->0  (mf=1000)
[MF-SEL] tPrev=(  d=0.113437  dMin=0.000000  dAvg=0.059389  dMax=3.837329  Dlo=0.029695  Dhi=1.948359  err=0.000000  inc=-1.729767  bucket 0->0  (mf=1000)
[MF-SEL] tPrev=(  d=0.124574  dMin=0.000000  dAvg=0.059419  dMax=3.837329  Dlo=0.029709  Dhi=1.948374  err=0.000000  inc=-1.729767  bucket 0->0  (mf=1000)
[MF-SEL] tPrev=(  d=0.126897  dMin=0.000000  dAvg=0.059450  dMax=3.837329  Dlo=0.029725  Dhi=1.948389  err=0.000000  inc=-1.729767  bucket 0->0  (mf=1000)
[MF-SEL] tPrev=(  d=0.129067  dMin=0.000000  dAvg=0.059482  dMax=3.837329  Dlo=0.029741  Dhi=1.948405  err=0.000000  inc=-1.729767  bucket 0->0  (mf=1000)
[MF-SEL] tPrev=(  d=0.130448  dMin=0.000000  dAvg=0.059514  dMax=3.837329  Dlo=0.029757  Dhi=1.948421  err=0.000000  inc=-1.729767  bucket 0->0  (mf=1000)
[MF-SEL] tPrev=(  d=0.121323  dMin=0.000000  dAvg=0.059542  dMax=3.837329  Dlo=0.029771  Dhi=1.948436  err=0.000000  inc=-1.729767  bucket 0->0  (mf=1000)
[MF-SEL] tPrev=(  d=0.130934  dMin=0.000000  dAvg=0.059575  dMax=3.837329  Dlo=0.029787  Dhi=1.948452  err=0.000000  inc=-1.729767  bucket 0->0  (mf=1000)
[MF-SEL] tPrev=(  d=0.131222  dMin=0.000000  dAvg=0.059608  dMax=3.837329  Dlo=0.029804  Dhi=1.948468  err=0.000000  inc=-1.729767  bucket 0->0  (mf=1000)
[MF-SEL] tPrev=(  d=0.130570  dMin=0.000000  dAvg=0.059640  dMax=3.837329  Dlo=0.029820  Dhi=1.948484  err=0.000000  inc=-1.729767  bucket 0->0  (mf=1000)
[MF-SEL] tPrev=(  d=0.135614  dMin=0.000000  dAvg=0.059675  dMax=3.837329  Dlo=0.029837  Dhi=1.948502  err=0.000000  inc=-1.729767  bucket 0->0  (mf=1000)
[MF-SEL] tPrev=(  d=0.129379  dMin=0.000000  dAvg=0.059706  dMax=3.837329  Dlo=0.029853  Dhi=1.948518  err=0.000000  inc=-1.729767  bucket 0->0  (mf=1000)
[MF-SEL] tPrev=(  d=0.128530  dMin=0.000000  dAvg=0.059738  dMax=3.837329  Dlo=0.029869  Dhi=1.948533  err=0.000000  inc=-1.729767  bucket 0->0  (mf=1000)
[MF-SEL] tPrev=(  d=0.127856  dMin=0.000000  dAvg=0.059769  dMax=3.837329  Dlo=0.029884  Dhi=1.948549  err=0.000000  inc=-1.729767  bucket 0->0  (mf=1000)
[MF-SEL] tPrev=(  d=0.126815  dMin=0.000000  dAvg=0.059799  dMax=3.837329  Dlo=0.029900  Dhi=1.948564  err=0.000000  inc=-1.729767  bucket 0->0  (mf=1000)
[MF-SEL] tPrev=(  d=0.125721  dMin=0.000000  dAvg=0.059829  dMax=3.837329  Dlo=0.029915  Dhi=1.948579  err=0.000000  inc=-1.729767  bucket 0->0  (mf=1000)
[MF-SEL] tPrev=(  d=0.124545  dMin=0.000000  dAvg=0.059859  dMax=3.837329  Dlo=0.029929  Dhi=1.948594  err=0.000000  inc=-1.729767  bucket 0->0  (mf=1000)
[MF-SEL] tPrev=(  d=0.123702  dMin=0.000000  dAvg=0.059888  dMax=3.837329  Dlo=0.029944  Dhi=1.948608  err=0.000000  inc=-1.729767  bucket 0->0  (mf=1000)
[MF-SEL] tPrev=(  d=0.123502  dMin=0.000000  dAvg=0.059917  dMax=3.837329  Dlo=0.029958  Dhi=1.948623  err=0.000000  inc=-1.729767  bucket 0->0  (mf=1000)
[MF-SEL] tPrev=(  d=0.121486  dMin=0.000000  dAvg=0.059945  dMax=3.837329  Dlo=0.029972  Dhi=1.948637  err=0.000000  inc=-1.729767  bucket 0->0  (mf=1000)
[MF-SEL] tPrev=(  d=0.120918  dMin=0.000000  dAvg=0.059972  dMax=3.837329  Dlo=0.029986  Dhi=1.948651  err=0.000000  inc=-1.729767  bucket 0->0  (mf=1000)
[MF-SEL] tPrev=(  d=0.119447  dMin=0.000000  dAvg=0.059999  dMax=3.837329  Dlo=0.030000  Dhi=1.948664  err=0.000000  inc=-1.729767  bucket 0->0  (mf=1000)
[MF-SEL] tPrev=(  d=0.121565  dMin=0.000000  dAvg=0.060027  dMax=3.837329  Dlo=0.030014  Dhi=1.948678  err=0.000000  inc=-1.729767  bucket 0->0  (mf=1000)
[MF-SEL] tPrev=(  d=0.121757  dMin=0.000000  dAvg=0.060055  dMax=3.837329  Dlo=0.030028  Dhi=1.948692  err=0.000000  inc=-1.729767  bucket 0->0  (mf=1000)
[MF-SEL] tPrev=(  d=0.121873  dMin=0.000000  dAvg=0.060083  dMax=3.837329  Dlo=0.030042  Dhi=1.948706  err=0.000000  inc=-1.729767  bucket 0->0  (mf=1000)
[MF-SEL] tPrev=(  d=0.121002  dMin=0.000000  dAvg=0.060111  dMax=3.837329  Dlo=0.030055  Dhi=1.948720  err=0.000000  inc=-1.729767  bucket 0->0  (mf=1000)
[MF-SEL] tPrev=(  d=0.119852  dMin=0.000000  dAvg=0.060138  dMax=3.837329  Dlo=0.030069  Dhi=1.948733  err=0.000000  inc=-1.729767  bucket 0->0  (mf=1000)
[MF-SEL] tPrev=(  d=0.117623  dMin=0.000000  dAvg=0.060164  dMax=3.837329  Dlo=0.030082  Dhi=1.948746  err=0.000000  inc=-1.729767  bucket 0->0  (mf=1000)
[MF-SEL] tPrev=(  d=0.114792  dMin=0.000000  dAvg=0.060188  dMax=3.837329  Dlo=0.030094  Dhi=1.948759  err=0.000000  inc=-1.729767  bucket 0->0  (mf=1000)
[MF-SEL] tPrev=(  d=0.100741  dMin=0.000000  dAvg=0.060207  dMax=3.837329  Dlo=0.030103  Dhi=1.948768  err=0.000000  inc=-1.729767  bucket 0->0  (mf=1000)
[MF-SEL] tPrev=(  d=0.112542  dMin=0.000000  dAvg=0.060230  dMax=3.837329  Dlo=0.030115  Dhi=1.948780  err=0.000000  inc=-1.729767  bucket 0->0  (mf=1000)
[MF-SEL] tPrev=(  d=0.111255  dMin=0.000000  dAvg=0.060253  dMax=3.837329  Dlo=0.030127  Dhi=1.948791  err=0.000000  inc=-1.729767  bucket 0->0  (mf=1000)
[MF-SEL] tPrev=(  d=0.110436  dMin=0.000000  dAvg=0.060276  dMax=3.837329  Dlo=0.030138  Dhi=1.948803  err=0.000000  inc=-1.729767  bucket 0->0  (mf=1000)
[MF-SEL] tPrev=(  d=0.109054  dMin=0.000000  dAvg=0.060298  dMax=3.837329  Dlo=0.030149  Dhi=1.948814  err=0.000000  inc=-1.729767  bucket 0->0  (mf=1000)
[MF-SEL] tPrev=(  d=0.108679  dMin=0.000000  dAvg=0.060320  dMax=3.837329  Dlo=0.030160  Dhi=1.948824  err=0.000000  inc=-1.729767  bucket 0->0  (mf=1000)
[MF-SEL] tPrev=(  d=0.106901  dMin=0.000000  dAvg=0.060341  dMax=3.837329  Dlo=0.030170  Dhi=1.948835  err=0.000000  inc=-1.729767  bucket 0->0  (mf=1000)
[MF-SEL] tPrev=(  d=0.104766  dMin=0.000000  dAvg=0.060361  dMax=3.837329  Dlo=0.030180  Dhi=1.948845  err=0.000000  inc=-1.729767  bucket 0->0  (mf=1000)
[MF-SEL] tPrev=(  d=0.102359  dMin=0.000000  dAvg=0.060380  dMax=3.837329  Dlo=0.030190  Dhi=1.948854  err=0.000000  inc=-1.729767  bucket 0->0  (mf=1000)
[MF-SEL] tPrev=(  d=0.100052  dMin=0.000000  dAvg=0.060398  dMax=3.837329  Dlo=0.030199  Dhi=1.948863  err=0.000000  inc=-1.729767  bucket 0->0  (mf=1000)
[MF-SEL] tPrev=(  d=0.085146  dMin=0.000000  dAvg=0.060409  dMax=3.837329  Dlo=0.030204  Dhi=1.948869  err=0.000000  inc=-1.729767  bucket 0->0  (mf=1000)
[MF-SEL] tPrev=(  d=0.094283  dMin=0.000000  dAvg=0.060424  dMax=3.837329  Dlo=0.030212  Dhi=1.948877  err=0.000000  inc=-1.729767  bucket 0->0  (mf=1000)
[MF-SEL] tPrev=(  d=0.091812  dMin=0.000000  dAvg=0.060438  dMax=3.837329  Dlo=0.030219  Dhi=1.948884  err=0.000000  inc=-1.729767  bucket 0->0  (mf=1000)
[MF-SEL] tPrev=(  d=0.088154  dMin=0.000000  dAvg=0.060451  dMax=3.837329  Dlo=0.030225  Dhi=1.948890  err=0.000000  inc=-1.729767  bucket 0->0  (mf=1000)
[MF-SEL] tPrev=(  d=0.084485  dMin=0.000000  dAvg=0.060462  dMax=3.837329  Dlo=0.030231  Dhi=1.948895  err=0.000000  inc=-1.729767  bucket 0->0  (mf=1000)
[MF-SEL] tPrev=(  d=0.080240  dMin=0.000000  dAvg=0.060470  dMax=3.837329  Dlo=0.030235  Dhi=1.948900  err=0.000000  inc=-1.729767  bucket 0->0  (mf=1000)
[MF-SEL] tPrev=(  d=0.064549  dMin=0.000000  dAvg=0.060472  dMax=3.837329  Dlo=0.030236  Dhi=1.948901  err=0.000000  inc=-1.729767  bucket 0->0  (mf=1000)
[MF-SEL] tPrev=(  d=0.071763  dMin=0.000000  dAvg=0.060477  dMax=3.837329  Dlo=0.030239  Dhi=1.948903  err=0.000000  inc=-1.729767  bucket 0->0  (mf=1000)
[MF-SEL] tPrev=(  d=0.068710  dMin=0.000000  dAvg=0.060481  dMax=3.837329  Dlo=0.030240  Dhi=1.948905  err=0.000000  inc=-1.729767  bucket 0->0  (mf=1000)
[MF-SEL] tPrev=(  d=0.064738  dMin=0.000000  dAvg=0.060483  dMax=3.837329  Dlo=0.030241  Dhi=1.948906  err=0.000000  inc=-1.729767  bucket 0->0  (mf=1000)
[MF-SEL] tPrev=(  d=0.050471  dMin=0.000000  dAvg=0.060478  dMax=3.837329  Dlo=0.030239  Dhi=1.948904  err=0.000000  inc=-1.729767  bucket 0->0  (mf=1000)
[MF-SEL] tPrev=(  d=0.056831  dMin=0.000000  dAvg=0.060477  dMax=3.837329  Dlo=0.030238  Dhi=1.948903  err=0.000000  inc=-1.729767  bucket 0->0  (mf=1000)
[MF-SEL] tPrev=(  d=0.053167  dMin=0.000000  dAvg=0.060474  dMax=3.837329  Dlo=0.030237  Dhi=1.948901  err=0.000000  inc=-1.729767  bucket 0->0  (mf=1000)
[MF-SEL] tPrev=(  d=0.049875  dMin=0.000000  dAvg=0.060469  dMax=3.837329  Dlo=0.030234  Dhi=1.948899  err=0.000000  inc=-1.729767  bucket 0->0  (mf=1000)
[MF-SEL] tPrev=(  d=0.046294  dMin=0.000000  dAvg=0.060462  dMax=3.837329  Dlo=0.030231  Dhi=1.948896  err=0.000000  inc=-1.729767  bucket 0->0  (mf=1000)
[MF-SEL] tPrev=(  d=0.038248  dMin=0.000000  dAvg=0.060452  dMax=3.837329  Dlo=0.030226  Dhi=1.948891  err=0.000000  inc=-1.729767  bucket 0->0  (mf=1000)
[MF-SEL] tPrev=(  d=0.040598  dMin=0.000000  dAvg=0.060444  dMax=3.837329  Dlo=0.030222  Dhi=1.948886  err=0.000000  inc=-1.729767  bucket 0->0  (mf=1000)
[MF-SEL] tPrev=(  d=0.037952  dMin=0.000000  dAvg=0.060434  dMax=3.837329  Dlo=0.030217  Dhi=1.948881  err=0.000000  inc=-1.729767  bucket 0->0  (mf=1000)
[MF-SEL] tPrev=(  d=0.035766  dMin=0.000000  dAvg=0.060423  dMax=3.837329  Dlo=0.030211  Dhi=1.948876  err=0.000000  inc=-1.729767  bucket 0->0  (mf=1000)
[MF-SEL] tPrev=(  d=0.033904  dMin=0.000000  dAvg=0.060411  dMax=3.837329  Dlo=0.030205  Dhi=1.948870  err=0.000000  inc=-1.729767  bucket 0->0  (mf=1000)
[MF-SEL] tPrev=(  d=0.033074  dMin=0.000000  dAvg=0.060399  dMax=3.837329  Dlo=0.030199  Dhi=1.948864  err=0.000000  inc=-1.729767  bucket 0->0  (mf=1000)
[MF-SEL] tPrev=(  d=0.033043  dMin=0.000000  dAvg=0.060386  dMax=3.837329  Dlo=0.030193  Dhi=1.948858  err=0.000000  inc=-1.729767  bucket 0->0  (mf=1000)
[MF-SEL] tPrev=(  d=0.034157  dMin=0.000000  dAvg=0.060375  dMax=3.837329  Dlo=0.030187  Dhi=1.948852  err=0.000000  inc=-1.729767  bucket 0->0  (mf=1000)
[MF-SEL] tPrev=(  d=0.034420  dMin=0.000000  dAvg=0.060363  dMax=3.837329  Dlo=0.030182  Dhi=1.948846  err=0.000000  inc=-1.729767  bucket 0->0  (mf=1000)
[MF-SEL] tPrev=(  d=0.037607  dMin=0.000000  dAvg=0.060353  dMax=3.837329  Dlo=0.030176  Dhi=1.948841  err=0.000000  inc=-1.729767  bucket 0->0  (mf=1000)
[MF-SEL] tPrev=(  d=0.039755  dMin=0.000000  dAvg=0.060344  dMax=3.837329  Dlo=0.030172  Dhi=1.948836  err=0.000000  inc=-1.729767  bucket 0->0  (mf=1000)
[MF-SEL] tPrev=(  d=0.041500  dMin=0.000000  dAvg=0.060335  dMax=3.837329  Dlo=0.030168  Dhi=1.948832  err=0.000000  inc=-1.729767  bucket 0->0  (mf=1000)
[MF-SEL] tPrev=(  d=0.043209  dMin=0.000000  dAvg=0.060328  dMax=3.837329  Dlo=0.030164  Dhi=1.948828  err=0.000000  inc=-1.729767  bucket 0->0  (mf=1000)
[MF-SEL] tPrev=(  d=0.045113  dMin=0.000000  dAvg=0.060321  dMax=3.837329  Dlo=0.030161  Dhi=1.948825  err=0.000000  inc=-1.729767  bucket 0->0  (mf=1000)
[MF-SEL] tPrev=(  d=0.054082  dMin=0.000000  dAvg=0.060318  dMax=3.837329  Dlo=0.030159  Dhi=1.948824  err=0.000000  inc=-1.729767  bucket 0->0  (mf=1000)
[MF-SEL] tPrev=(  d=0.048736  dMin=0.000000  dAvg=0.060313  dMax=3.837329  Dlo=0.030157  Dhi=1.948821  err=0.000000  inc=-1.729767  bucket 0->0  (mf=1000)
[MF-SEL] tPrev=(  d=0.050856  dMin=0.000000  dAvg=0.060309  dMax=3.837329  Dlo=0.030154  Dhi=1.948819  err=0.000000  inc=-1.729767  bucket 0->0  (mf=1000)
[MF-SEL] tPrev=(  d=0.053730  dMin=0.000000  dAvg=0.060306  dMax=3.837329  Dlo=0.030153  Dhi=1.948817  err=0.000000  inc=-1.729767  bucket 0->0  (mf=1000)
[MF-SEL] tPrev=(  d=0.061769  dMin=0.000000  dAvg=0.060307  dMax=3.837329  Dlo=0.030153  Dhi=1.948818  err=0.000000  inc=-1.729767  bucket 0->0  (mf=1000)
[MF-SEL] tPrev=(  d=0.059120  dMin=0.000000  dAvg=0.060306  dMax=3.837329  Dlo=0.030153  Dhi=1.948818  err=0.000000  inc=-1.729767  bucket 0->0  (mf=1000)
[MF-SEL] tPrev=(  d=0.061351  dMin=0.000000  dAvg=0.060307  dMax=3.837329  Dlo=0.030153  Dhi=1.948818  err=0.000000  inc=-1.729767  bucket 0->0  (mf=1000)
[MF-SEL] tPrev=(  d=0.063581  dMin=0.000000  dAvg=0.060308  dMax=3.837329  Dlo=0.030154  Dhi=1.948818  err=0.000000  inc=-1.729767  bucket 0->0  (mf=1000)
[MF-SEL] tPrev=(  d=0.065617  dMin=0.000000  dAvg=0.060310  dMax=3.837329  Dlo=0.030155  Dhi=1.948820  err=0.000000  inc=-1.729767  bucket 0->0  (mf=1000)
[MF-SEL] tPrev=(  d=0.067669  dMin=0.000000  dAvg=0.060314  dMax=3.837329  Dlo=0.030157  Dhi=1.948821  err=0.000000  inc=-1.729767  bucket 0->0  (mf=1000)
[MF-SEL] tPrev=(  d=0.069522  dMin=0.000000  dAvg=0.060318  dMax=3.837329  Dlo=0.030159  Dhi=1.948823  err=0.000000  inc=-1.729767  bucket 0->0  (mf=1000)
[MF-SEL] tPrev=(  d=0.072079  dMin=0.000000  dAvg=0.060323  dMax=3.837329  Dlo=0.030161  Dhi=1.948826  err=0.000000  inc=-1.729767  bucket 0->0  (mf=1000)
[MF-SEL] tPrev=(  d=0.073315  dMin=0.000000  dAvg=0.060329  dMax=3.837329  Dlo=0.030164  Dhi=1.948829  err=0.000000  inc=-1.729767  bucket 0->0  (mf=1000)
[MF-SEL] tPrev=(  d=0.074412  dMin=0.000000  dAvg=0.060335  dMax=3.837329  Dlo=0.030167  Dhi=1.948832  err=0.000000  inc=-1.729767  bucket 0->0  (mf=1000)
[MF-SEL] tPrev=(  d=0.075248  dMin=0.000000  dAvg=0.060341  dMax=3.837329  Dlo=0.030171  Dhi=1.948835  err=0.000000  inc=-1.729767  bucket 0->0  (mf=1000)
[MF-SEL] tPrev=(  d=0.075789  dMin=0.000000  dAvg=0.060348  dMax=3.837329  Dlo=0.030174  Dhi=1.948839  err=0.000000  inc=-1.729767  bucket 0->0  (mf=1000)
[MF-SEL] tPrev=(  d=0.077673  dMin=0.000000  dAvg=0.060356  dMax=3.837329  Dlo=0.030178  Dhi=1.948842  err=0.000000  inc=-1.729767  bucket 0->0  (mf=1000)
[MF-SEL] tPrev=(  d=0.075983  dMin=0.000000  dAvg=0.060363  dMax=3.837329  Dlo=0.030181  Dhi=1.948846  err=0.000000  inc=-1.729767  bucket 0->0  (mf=1000)
[MF-SEL] tPrev=(  d=0.075873  dMin=0.000000  dAvg=0.060370  dMax=3.837329  Dlo=0.030185  Dhi=1.948849  err=0.000000  inc=-1.729767  bucket 0->0  (mf=1000)
[MF-SEL] tPrev=(  d=0.074609  dMin=0.000000  dAvg=0.060376  dMax=3.837329  Dlo=0.030188  Dhi=1.948852  err=0.000000  inc=-1.729767  bucket 0->0  (mf=1000)
[MF-SEL] tPrev=(  d=0.070977  dMin=0.000000  dAvg=0.060381  dMax=3.837329  Dlo=0.030190  Dhi=1.948855  err=0.000000  inc=-1.729767  bucket 0->0  (mf=1000)
[MF-SEL] tPrev=(  d=0.072441  dMin=0.000000  dAvg=0.060386  dMax=3.837329  Dlo=0.030193  Dhi=1.948857  err=0.000000  inc=-1.729767  bucket 0->0  (mf=1000)
[MF-SEL] tPrev=(  d=0.071349  dMin=0.000000  dAvg=0.060391  dMax=3.837329  Dlo=0.030195  Dhi=1.948860  err=0.000000  inc=-1.729767  bucket 0->0  (mf=1000)
[MF-SEL] tPrev=(  d=0.070223  dMin=0.000000  dAvg=0.060395  dMax=3.837329  Dlo=0.030198  Dhi=1.948862  err=0.000000  inc=-1.729767  bucket 0->0  (mf=1000)
[MF-SEL] tPrev=(  d=0.069470  dMin=0.000000  dAvg=0.060399  dMax=3.837329  Dlo=0.030200  Dhi=1.948864  err=0.000000  inc=-1.729767  bucket 0->0  (mf=1000)
[MF-SEL] tPrev=(  d=0.065926  dMin=0.000000  dAvg=0.060401  dMax=3.837329  Dlo=0.030201  Dhi=1.948865  err=0.000000  inc=-1.729767  bucket 0->0  (mf=1000)
[MF-SEL] tPrev=(  d=0.067906  dMin=0.000000  dAvg=0.060405  dMax=3.837329  Dlo=0.030202  Dhi=1.948867  err=0.000000  inc=-1.729767  bucket 0->0  (mf=1000)
[MF-SEL] tPrev=(  d=0.067521  dMin=0.000000  dAvg=0.060408  dMax=3.837329  Dlo=0.030204  Dhi=1.948868  err=0.000000  inc=-1.729767  bucket 0->0  (mf=1000)
[MF-SEL] tPrev=(  d=0.066884  dMin=0.000000  dAvg=0.060411  dMax=3.837329  Dlo=0.030205  Dhi=1.948870  err=0.000000  inc=-1.729767  bucket 0->0  (mf=1000)
[MF-SEL] tPrev=(  d=0.065745  dMin=0.000000  dAvg=0.060413  dMax=3.837329  Dlo=0.030207  Dhi=1.948871  err=0.000000  inc=-1.729767  bucket 0->0  (mf=1000)
[MF-SEL] tPrev=(  d=0.064689  dMin=0.000000  dAvg=0.060415  dMax=3.837329  Dlo=0.030207  Dhi=1.948872  err=0.000000  inc=-1.729767  bucket 0->0  (mf=1000)
[MF-SEL] tPrev=(  d=0.062832  dMin=0.000000  dAvg=0.060416  dMax=3.837329  Dlo=0.030208  Dhi=1.948872  err=0.000000  inc=-1.729767  bucket 0->0  (mf=1000)
[MF-SEL] tPrev=(  d=0.060679  dMin=0.000000  dAvg=0.060416  dMax=3.837329  Dlo=0.030208  Dhi=1.948873  err=0.000000  inc=-1.729767  bucket 0->0  (mf=1000)
[MF-SEL] tPrev=(  d=0.060489  dMin=0.000000  dAvg=0.060416  dMax=3.837329  Dlo=0.030208  Dhi=1.948873  err=0.000000  inc=-1.729767  bucket 0->0  (mf=1000)
[MF-SEL] tPrev=(  d=0.059419  dMin=0.000000  dAvg=0.060416  dMax=3.837329  Dlo=0.030208  Dhi=1.948872  err=0.000000  inc=-1.729767  bucket 0->0  (mf=1000)
[MF-SEL] tPrev=(  d=0.058456  dMin=0.000000  dAvg=0.060415  dMax=3.837329  Dlo=0.030207  Dhi=1.948872  err=0.000000  inc=-1.729767  bucket 0->0  (mf=1000)
[MF-SEL] tPrev=(  d=0.057571  dMin=0.000000  dAvg=0.060414  dMax=3.837329  Dlo=0.030207  Dhi=1.948871  err=0.000000  inc=-1.729767  bucket 0->0  (mf=1000)
[MF-SEL] tPrev=(  d=0.056710  dMin=0.000000  dAvg=0.060412  dMax=3.837329  Dlo=0.030206  Dhi=1.948870  err=0.000000  inc=-1.729767  bucket 0->0  (mf=1000)
[MF-SEL] tPrev=(  d=0.056570  dMin=0.000000  dAvg=0.060410  dMax=3.837329  Dlo=0.030205  Dhi=1.948870  err=0.000000  inc=-1.729767  bucket 0->0  (mf=1000)
[MF-SEL] tPrev=(  d=0.046702  dMin=0.000000  dAvg=0.060404  dMax=3.837329  Dlo=0.030202  Dhi=1.948867  err=0.000000  inc=-1.729767  bucket 0->0  (mf=1000)
[MF-SEL] tPrev=(  d=0.055157  dMin=0.000000  dAvg=0.060402  dMax=3.837329  Dlo=0.030201  Dhi=1.948865  err=0.000000  inc=-1.729767  bucket 0->0  (mf=1000)
[MF-SEL] tPrev=(  d=0.054568  dMin=0.000000  dAvg=0.060399  dMax=3.837329  Dlo=0.030200  Dhi=1.948864  err=0.000000  inc=-1.729767  bucket 0->0  (mf=1000)
[MF-SEL] tPrev=(  d=0.053177  dMin=0.000000  dAvg=0.060396  dMax=3.837329  Dlo=0.030198  Dhi=1.948863  err=0.000000  inc=-1.729767  bucket 0->0  (mf=1000)
[MF-SEL] tPrev=(  d=0.051407  dMin=0.000000  dAvg=0.060392  dMax=3.837329  Dlo=0.030196  Dhi=1.948861  err=0.000000  inc=-1.729767  bucket 0->0  (mf=1000)
[MF-SEL] tPrev=(  d=0.049647  dMin=0.000000  dAvg=0.060388  dMax=3.837329  Dlo=0.030194  Dhi=1.948858  err=0.000000  inc=-1.729767  bucket 0->0  (mf=1000)
[MF-SEL] tPrev=(  d=0.048522  dMin=0.000000  dAvg=0.060383  dMax=3.837329  Dlo=0.030191  Dhi=1.948856  err=0.000000  inc=-1.729767  bucket 0->0  (mf=1000)
[MF-SEL] tPrev=(  d=0.047950  dMin=0.000000  dAvg=0.060377  dMax=3.837329  Dlo=0.030189  Dhi=1.948853  err=0.000000  inc=-1.729767  bucket 0->0  (mf=1000)
[MF-SEL] tPrev=(  d=0.050928  dMin=0.000000  dAvg=0.060373  dMax=3.837329  Dlo=0.030187  Dhi=1.948851  err=0.000000  inc=-1.729767  bucket 0->0  (mf=1000)
[MF-SEL] tPrev=(  d=0.048083  dMin=0.000000  dAvg=0.060368  dMax=3.837329  Dlo=0.030184  Dhi=1.948848  err=0.000000  inc=-1.729767  bucket 0->0  (mf=1000)
[MF-SEL] tPrev=(  d=0.048963  dMin=0.000000  dAvg=0.060363  dMax=3.837329  Dlo=0.030181  Dhi=1.948846  err=0.000000  inc=-1.729767  bucket 0->0  (mf=1000)
[MF-SEL] tPrev=(  d=0.049922  dMin=0.000000  dAvg=0.060358  dMax=3.837329  Dlo=0.030179  Dhi=1.948844  err=0.000000  inc=-1.729767  bucket 0->0  (mf=1000)
[MF-SEL] tPrev=(  d=0.050204  dMin=0.000000  dAvg=0.060354  dMax=3.837329  Dlo=0.030177  Dhi=1.948841  err=0.000000  inc=-1.729767  bucket 0->0  (mf=1000)
[MF-SEL] tPrev=(  d=0.050875  dMin=0.000000  dAvg=0.060350  dMax=3.837329  Dlo=0.030175  Dhi=1.948839  err=0.000000  inc=-1.729767  bucket 0->0  (mf=1000)
[MF-SEL] tPrev=(  d=0.051585  dMin=0.000000  dAvg=0.060346  dMax=3.837329  Dlo=0.030173  Dhi=1.948837  err=0.000000  inc=-1.729767  bucket 0->0  (mf=1000)
[MF-SEL] tPrev=(  d=0.049986  dMin=0.000000  dAvg=0.060341  dMax=3.837329  Dlo=0.030171  Dhi=1.948835  err=0.000000  inc=-1.729767  bucket 0->0  (mf=1000)
[MF-SEL] tPrev=(  d=0.054362  dMin=0.000000  dAvg=0.060339  dMax=3.837329  Dlo=0.030169  Dhi=1.948834  err=0.000000  inc=-1.729767  bucket 0->0  (mf=1000)
[MF-SEL] tPrev=(  d=0.055224  dMin=0.000000  dAvg=0.060337  dMax=3.837329  Dlo=0.030168  Dhi=1.948833  err=0.000000  inc=-1.729767  bucket 0->0  (mf=1000)
[MF-SEL] tPrev=(  d=0.055526  dMin=0.000000  dAvg=0.060334  dMax=3.837329  Dlo=0.030167  Dhi=1.948832  err=0.000000  inc=-1.729767  bucket 0->0  (mf=1000)
[MF-SEL] tPrev=(  d=0.055941  dMin=0.000000  dAvg=0.060333  dMax=3.837329  Dlo=0.030166  Dhi=1.948831  err=0.000000  inc=-1.729767  bucket 0->0  (mf=1000)
[MF-SEL] tPrev=(  d=0.052694  dMin=0.000000  dAvg=0.060329  dMax=3.837329  Dlo=0.030165  Dhi=1.948829  err=0.000000  inc=-1.729767  bucket 0->0  (mf=1000)
[MF-SEL] tPrev=(  d=0.055750  dMin=0.000000  dAvg=0.060327  dMax=3.837329  Dlo=0.030164  Dhi=1.948828  err=0.000000  inc=-1.729767  bucket 0->0  (mf=1000)
[MF-SEL] tPrev=(  d=0.056000  dMin=0.000000  dAvg=0.060325  dMax=3.837329  Dlo=0.030163  Dhi=1.948827  err=0.000000  inc=-1.729767  bucket 0->0  (mf=1000)
[MF-SEL] tPrev=(  d=0.055994  dMin=0.000000  dAvg=0.060324  dMax=3.837329  Dlo=0.030162  Dhi=1.948826  err=0.000000  inc=-1.729767  bucket 0->0  (mf=1000)
[MF-SEL] tPrev=(  d=0.055543  dMin=0.000000  dAvg=0.060321  dMax=3.837329  Dlo=0.030161  Dhi=1.948825  err=0.000000  inc=-1.729767  bucket 0->0  (mf=1000)
[MF-SEL] tPrev=(  d=0.058523  dMin=0.000000  dAvg=0.060321  dMax=3.837329  Dlo=0.030160  Dhi=1.948825  err=0.000000  inc=-1.729767  bucket 0->0  (mf=1000)
[MF-SEL] tPrev=(  d=0.055510  dMin=0.000000  dAvg=0.060319  dMax=3.837329  Dlo=0.030159  Dhi=1.948824  err=0.000000  inc=-1.729767  bucket 0->0  (mf=1000)
[MF-SEL] tPrev=(  d=0.055333  dMin=0.000000  dAvg=0.060316  dMax=3.837329  Dlo=0.030158  Dhi=1.948823  err=0.000000  inc=-1.729767  bucket 0->0  (mf=1000)
[MF-SEL] tPrev=(  d=0.054690  dMin=0.000000  dAvg=0.060314  dMax=3.837329  Dlo=0.030157  Dhi=1.948821  err=0.000000  inc=-1.729767  bucket 0->0  (mf=1000)
[MF-SEL] tPrev=(  d=0.054560  dMin=0.000000  dAvg=0.060312  dMax=3.837329  Dlo=0.030156  Dhi=1.948820  err=0.000000  inc=-1.729767  bucket 0->0  (mf=1000)
[MF-SEL] tPrev=(  d=0.060867  dMin=0.000000  dAvg=0.060312  dMax=3.837329  Dlo=0.030156  Dhi=1.948820  err=0.000000  inc=-1.729767  bucket 0->0  (mf=1000)
[MF-SEL] tPrev=(  d=0.054797  dMin=0.000000  dAvg=0.060309  dMax=3.837329  Dlo=0.030155  Dhi=1.948819  err=0.000000  inc=-1.729767  bucket 0->0  (mf=1000)
[MF-SEL] tPrev=(  d=0.054190  dMin=0.000000  dAvg=0.060307  dMax=3.837329  Dlo=0.030153  Dhi=1.948818  err=0.000000  inc=-1.729767  bucket 0->0  (mf=1000)
[MF-SEL] tPrev=(  d=0.053838  dMin=0.000000  dAvg=0.060304  dMax=3.837329  Dlo=0.030152  Dhi=1.948816  err=0.000000  inc=-1.729767  bucket 0->0  (mf=1000)
[MF-SEL] tPrev=(  d=0.053279  dMin=0.000000  dAvg=0.060301  dMax=3.837329  Dlo=0.030150  Dhi=1.948815  err=0.000000  inc=-1.729767  bucket 0->0  (mf=1000)
[MF-SEL] tPrev=(  d=0.055331  dMin=0.000000  dAvg=0.060299  dMax=3.837329  Dlo=0.030149  Dhi=1.948814  err=0.000000  inc=-1.729767  bucket 0->0  (mf=1000)
[MF-SEL] tPrev=(  d=0.051212  dMin=0.000000  dAvg=0.060295  dMax=3.837329  Dlo=0.030147  Dhi=1.948812  err=0.000000  inc=-1.729767  bucket 0->0  (mf=1000)
[MF-SEL] tPrev=(  d=0.049371  dMin=0.000000  dAvg=0.060290  dMax=3.837329  Dlo=0.030145  Dhi=1.948810  err=0.000000  inc=-1.729767  bucket 0->0  (mf=1000)
[MF-SEL] tPrev=(  d=0.048029  dMin=0.000000  dAvg=0.060285  dMax=3.837329  Dlo=0.030142  Dhi=1.948807  err=0.000000  inc=-1.729767  bucket 0->0  (mf=1000)
[MF-SEL] tPrev=(  d=0.047164  dMin=0.000000  dAvg=0.060279  dMax=3.837329  Dlo=0.030140  Dhi=1.948804  err=0.000000  inc=-1.729767  bucket 0->0  (mf=1000)
[MF-SEL] tPrev=(  d=0.051766  dMin=0.000000  dAvg=0.060276  dMax=3.837329  Dlo=0.030138  Dhi=1.948802  err=0.000000  inc=-1.729767  bucket 0->0  (mf=1000)
[MF-SEL] tPrev=(  d=0.046453  dMin=0.000000  dAvg=0.060270  dMax=3.837329  Dlo=0.030135  Dhi=1.948799  err=0.000000  inc=-1.729767  bucket 0->0  (mf=1000)
[MF-SEL] tPrev=(  d=0.046455  dMin=0.000000  dAvg=0.060264  dMax=3.837329  Dlo=0.030132  Dhi=1.948796  err=0.000000  inc=-1.729767  bucket 0->0  (mf=1000)
[MF-SEL] tPrev=(  d=0.046997  dMin=0.000000  dAvg=0.060258  dMax=3.837329  Dlo=0.030129  Dhi=1.948794  err=0.000000  inc=-1.729767  bucket 0->0  (mf=1000)
[MF-SEL] tPrev=(  d=0.047390  dMin=0.000000  dAvg=0.060253  dMax=3.837329  Dlo=0.030126  Dhi=1.948791  err=0.000000  inc=-1.729767  bucket 0->0  (mf=1000)
[MF-SEL] tPrev=(  d=0.047860  dMin=0.000000  dAvg=0.060247  dMax=3.837329  Dlo=0.030124  Dhi=1.948788  err=0.000000  inc=-1.729767  bucket 0->0  (mf=1000)
[MF-SEL] tPrev=(  d=0.048665  dMin=0.000000  dAvg=0.060242  dMax=3.837329  Dlo=0.030121  Dhi=1.948786  err=0.000000  inc=-1.729767  bucket 0->0  (mf=1000)
[MF-SEL] tPrev=(  d=0.049489  dMin=0.000000  dAvg=0.060238  dMax=3.837329  Dlo=0.030119  Dhi=1.948783  err=0.000000  inc=-1.729767  bucket 0->0  (mf=1000)
[MF-SEL] tPrev=(  d=0.050657  dMin=0.000000  dAvg=0.060234  dMax=3.837329  Dlo=0.030117  Dhi=1.948781  err=0.000000  inc=-1.729767  bucket 0->0  (mf=1000)
[MF-SEL] tPrev=(  d=0.051146  dMin=0.000000  dAvg=0.060230  dMax=3.837329  Dlo=0.030115  Dhi=1.948779  err=0.000000  inc=-1.729767  bucket 0->0  (mf=1000)
[MF-SEL] tPrev=(  d=0.055162  dMin=0.000000  dAvg=0.060228  dMax=3.837329  Dlo=0.030114  Dhi=1.948778  err=0.000000  inc=-1.729767  bucket 0->0  (mf=1000)
[MF-SEL] tPrev=(  d=0.051101  dMin=0.000000  dAvg=0.060224  dMax=3.837329  Dlo=0.030112  Dhi=1.948776  err=0.000000  inc=-1.729767  bucket 0->0  (mf=1000)
[MF-SEL] tPrev=(  d=0.051497  dMin=0.000000  dAvg=0.060220  dMax=3.837329  Dlo=0.030110  Dhi=1.948774  err=0.000000  inc=-1.729767  bucket 0->0  (mf=1000)
[MF-SEL] tPrev=(  d=0.051624  dMin=0.000000  dAvg=0.060216  dMax=3.837329  Dlo=0.030108  Dhi=1.948773  err=0.000000  inc=-1.729767  bucket 0->0  (mf=1000)
[MF-SEL] tPrev=(  d=0.051938  dMin=0.000000  dAvg=0.060213  dMax=3.837329  Dlo=0.030106  Dhi=1.948771  err=0.000000  inc=-1.729767  bucket 0->0  (mf=1000)
[MF-SEL] tPrev=(  d=0.052289  dMin=0.000000  dAvg=0.060209  dMax=3.837329  Dlo=0.030105  Dhi=1.948769  err=0.000000  inc=-1.729767  bucket 0->0  (mf=1000)
[MF-SEL] tPrev=(  d=0.052635  dMin=0.000000  dAvg=0.060206  dMax=3.837329  Dlo=0.030103  Dhi=1.948768  err=0.000000  inc=-1.729767  bucket 0->0  (mf=1000)
[MF-SEL] tPrev=(  d=0.053700  dMin=0.000000  dAvg=0.060203  dMax=3.837329  Dlo=0.030102  Dhi=1.948766  err=0.000000  inc=-1.729767  bucket 0->0  (mf=1000)
[MF-SEL] tPrev=(  d=0.055661  dMin=0.000000  dAvg=0.060201  dMax=3.837329  Dlo=0.030101  Dhi=1.948765  err=0.000000  inc=-1.729767  bucket 0->0  (mf=1000)
[MF-SEL] tPrev=(  d=0.056911  dMin=0.000000  dAvg=0.060200  dMax=3.837329  Dlo=0.030100  Dhi=1.948764  err=0.000000  inc=-1.729767  bucket 0->0  (mf=1000)
[MF-SEL] tPrev=(  d=0.073548  dMin=0.000000  dAvg=0.060206  dMax=3.837329  Dlo=0.030103  Dhi=1.948767  err=0.000000  inc=-1.729767  bucket 0->0  (mf=1000)
[MF-SEL] tPrev=(  d=0.059782  dMin=0.000000  dAvg=0.060206  dMax=3.837329  Dlo=0.030103  Dhi=1.948767  err=0.000000  inc=-1.729767  bucket 0->0  (mf=1000)
[MF-SEL] tPrev=(  d=0.060821  dMin=0.000000  dAvg=0.060206  dMax=3.837329  Dlo=0.030103  Dhi=1.948767  err=0.000000  inc=-1.729767  bucket 0->0  (mf=1000)
[MF-SEL] tPrev=(  d=0.061659  dMin=0.000000  dAvg=0.060206  dMax=3.837329  Dlo=0.030103  Dhi=1.948768  err=0.000000  inc=-1.729767  bucket 0->0  (mf=1000)
[MF-SEL] tPrev=(  d=0.062380  dMin=0.000000  dAvg=0.060207  dMax=3.837329  Dlo=0.030104  Dhi=1.948768  err=0.000000  inc=-1.729767  bucket 0->0  (mf=1000)
[MF-SEL] tPrev=(  d=0.062821  dMin=0.000000  dAvg=0.060208  dMax=3.837329  Dlo=0.030104  Dhi=1.948769  err=0.000000  inc=-1.729767  bucket 0->0  (mf=1000)
[MF-SEL] tPrev=(  d=0.064124  dMin=0.000000  dAvg=0.060210  dMax=3.837329  Dlo=0.030105  Dhi=1.948770  err=0.000000  inc=-1.729767  bucket 0->0  (mf=1000)
[MF-SEL] tPrev=(  d=0.062772  dMin=0.000000  dAvg=0.060211  dMax=3.837329  Dlo=0.030106  Dhi=1.948770  err=0.000000  inc=-1.729767  bucket 0->0  (mf=1000)
[MF-SEL] tPrev=(  d=0.065567  dMin=0.000000  dAvg=0.060214  dMax=3.837329  Dlo=0.030107  Dhi=1.948771  err=0.000000  inc=-1.729767  bucket 0->0  (mf=1000)
[MF-SEL] tPrev=(  d=0.066236  dMin=0.000000  dAvg=0.060216  dMax=3.837329  Dlo=0.030108  Dhi=1.948772  err=0.000000  inc=-1.729767  bucket 0->0  (mf=1000)
[MF-SEL] tPrev=(  d=0.066444  dMin=0.000000  dAvg=0.060219  dMax=3.837329  Dlo=0.030109  Dhi=1.948774  err=0.000000  inc=-1.729767  bucket 0->0  (mf=1000)
[MF-SEL] tPrev=(  d=0.066752  dMin=0.000000  dAvg=0.060221  dMax=3.837329  Dlo=0.030111  Dhi=1.948775  err=0.000000  inc=-1.729767  bucket 0->0  (mf=1000)
[MF-SEL] tPrev=(  d=0.066919  dMin=0.000000  dAvg=0.060224  dMax=3.837329  Dlo=0.030112  Dhi=1.948777  err=0.000000  inc=-1.729767  bucket 0->0  (mf=1000)
[MF-SEL] tPrev=(  d=0.063067  dMin=0.000000  dAvg=0.060226  dMax=3.837329  Dlo=0.030113  Dhi=1.948777  err=0.000000  inc=-1.729767  bucket 0->0  (mf=1000)
[MF-SEL] tPrev=(  d=0.067207  dMin=0.000000  dAvg=0.060228  dMax=3.837329  Dlo=0.030114  Dhi=1.948779  err=0.000000  inc=-1.729767  bucket 0->0  (mf=1000)
[MF-SEL] tPrev=(  d=0.067451  dMin=0.000000  dAvg=0.060232  dMax=3.837329  Dlo=0.030116  Dhi=1.948780  err=0.000000  inc=-1.729767  bucket 0->0  (mf=1000)
[MF-SEL] tPrev=(  d=0.067737  dMin=0.000000  dAvg=0.060235  dMax=3.837329  Dlo=0.030117  Dhi=1.948782  err=0.000000  inc=-1.729767  bucket 0->0  (mf=1000)
[MF-SEL] tPrev=(  d=0.068726  dMin=0.000000  dAvg=0.060238  dMax=3.837329  Dlo=0.030119  Dhi=1.948784  err=0.000000  inc=-1.729767  bucket 0->0  (mf=1000)
[MF-SEL] tPrev=(  d=0.069595  dMin=0.000000  dAvg=0.060242  dMax=3.837329  Dlo=0.030121  Dhi=1.948786  err=0.000000  inc=-1.729767  bucket 0->0  (mf=1000)
[MF-SEL] tPrev=(  d=0.070116  dMin=0.000000  dAvg=0.060246  dMax=3.837329  Dlo=0.030123  Dhi=1.948788  err=0.000000  inc=-1.729767  bucket 0->0  (mf=1000)
[MF-SEL] tPrev=(  d=0.069676  dMin=0.000000  dAvg=0.060250  dMax=3.837329  Dlo=0.030125  Dhi=1.948790  err=0.000000  inc=-1.729767  bucket 0->0  (mf=1000)
[MF-SEL] tPrev=(  d=0.071192  dMin=0.000000  dAvg=0.060255  dMax=3.837329  Dlo=0.030127  Dhi=1.948792  err=0.000000  inc=-1.729767  bucket 0->0  (mf=1000)
[MF-SEL] tPrev=(  d=0.071878  dMin=0.000000  dAvg=0.060260  dMax=3.837329  Dlo=0.030130  Dhi=1.948794  err=0.000000  inc=-1.729767  bucket 0->0  (mf=1000)
[MF-SEL] tPrev=(  d=0.072735  dMin=0.000000  dAvg=0.060265  dMax=3.837329  Dlo=0.030133  Dhi=1.948797  err=0.000000  inc=-1.729767  bucket 0->0  (mf=1000)
[MF-SEL] tPrev=(  d=0.073574  dMin=0.000000  dAvg=0.060271  dMax=3.837329  Dlo=0.030135  Dhi=1.948800  err=0.000000  inc=-1.729767  bucket 0->0  (mf=1000)
[MF-SEL] tPrev=(  d=0.074431  dMin=0.000000  dAvg=0.060277  dMax=3.837329  Dlo=0.030138  Dhi=1.948803  err=0.000000  inc=-1.729767  bucket 0->0  (mf=1000)
[MF-SEL] tPrev=(  d=0.075180  dMin=0.000000  dAvg=0.060283  dMax=3.837329  Dlo=0.030141  Dhi=1.948806  err=0.000000  inc=-1.729767  bucket 0->0  (mf=1000)
[MF-SEL] tPrev=(  d=0.072612  dMin=0.000000  dAvg=0.060288  dMax=3.837329  Dlo=0.030144  Dhi=1.948809  err=0.000000  inc=-1.729767  bucket 0->0  (mf=1000)
[MF-SEL] tPrev=(  d=0.075896  dMin=0.000000  dAvg=0.060295  dMax=3.837329  Dlo=0.030147  Dhi=1.948812  err=0.000000  inc=-1.729767  bucket 0->0  (mf=1000)
[MF-SEL] tPrev=(  d=0.075935  dMin=0.000000  dAvg=0.060301  dMax=3.837329  Dlo=0.030151  Dhi=1.948815  err=0.000000  inc=-1.729767  bucket 0->0  (mf=1000)
[MF-SEL] tPrev=(  d=0.075779  dMin=0.000000  dAvg=0.060308  dMax=3.837329  Dlo=0.030154  Dhi=1.948818  err=0.000000  inc=-1.729767  bucket 0->0  (mf=1000)
[MF-SEL] tPrev=(  d=0.075801  dMin=0.000000  dAvg=0.060314  dMax=3.837329  Dlo=0.030157  Dhi=1.948822  err=0.000000  inc=-1.729767  bucket 0->0  (mf=1000)
[MF-SEL] tPrev=(  d=0.075827  dMin=0.000000  dAvg=0.060321  dMax=3.837329  Dlo=0.030160  Dhi=1.948825  err=0.000000  inc=-1.729767  bucket 0->0  (mf=1000)
[MF-SEL] tPrev=(  d=0.079125  dMin=0.000000  dAvg=0.060329  dMax=3.837329  Dlo=0.030164  Dhi=1.948829  err=0.000000  inc=-1.729767  bucket 0->0  (mf=1000)
[MF-SEL] tPrev=(  d=0.077092  dMin=0.000000  dAvg=0.060336  dMax=3.837329  Dlo=0.030168  Dhi=1.948832  err=0.000000  inc=-1.729767  bucket 0->0  (mf=1000)
[MF-SEL] tPrev=(  d=0.077618  dMin=0.000000  dAvg=0.060343  dMax=3.837329  Dlo=0.030172  Dhi=1.948836  err=0.000000  inc=-1.729767  bucket 0->0  (mf=1000)
[MF-SEL] tPrev=(  d=0.077694  dMin=0.000000  dAvg=0.060350  dMax=3.837329  Dlo=0.030175  Dhi=1.948840  err=0.000000  inc=-1.729767  bucket 0->0  (mf=1000)
[MF-SEL] tPrev=(  d=0.077944  dMin=0.000000  dAvg=0.060358  dMax=3.837329  Dlo=0.030179  Dhi=1.948843  err=0.000000  inc=-1.729767  bucket 0->0  (mf=1000)
[MF-SEL] tPrev=(  d=0.078422  dMin=0.000000  dAvg=0.060365  dMax=3.837329  Dlo=0.030183  Dhi=1.948847  err=0.000000  inc=-1.729767  bucket 0->0  (mf=1000)
[MF-SEL] tPrev=(  d=0.078851  dMin=0.000000  dAvg=0.060373  dMax=3.837329  Dlo=0.030186  Dhi=1.948851  err=0.000000  inc=-1.729767  bucket 0->0  (mf=1000)
[MF-SEL] tPrev=(  d=0.079496  dMin=0.000000  dAvg=0.060381  dMax=3.837329  Dlo=0.030190  Dhi=1.948855  err=0.000000  inc=-1.729767  bucket 0->0  (mf=1000)
[MF-SEL] tPrev=(  d=0.077611  dMin=0.000000  dAvg=0.060388  dMax=3.837329  Dlo=0.030194  Dhi=1.948859  err=0.000000  inc=-1.729767  bucket 0->0  (mf=1000)
[MF-SEL] tPrev=(  d=0.079836  dMin=0.000000  dAvg=0.060396  dMax=3.837329  Dlo=0.030198  Dhi=1.948863  err=0.000000  inc=-1.729767  bucket 0->0  (mf=1000)
[MF-SEL] tPrev=(  d=0.079199  dMin=0.000000  dAvg=0.060404  dMax=3.837329  Dlo=0.030202  Dhi=1.948867  err=0.000000  inc=-1.729767  bucket 0->0  (mf=1000)
[MF-SEL] tPrev=(  d=0.078382  dMin=0.000000  dAvg=0.060412  dMax=3.837329  Dlo=0.030206  Dhi=1.948870  err=0.000000  inc=-1.729767  bucket 0->0  (mf=1000)
[MF-SEL] tPrev=(  d=0.077567  dMin=0.000000  dAvg=0.060419  dMax=3.837329  Dlo=0.030209  Dhi=1.948874  err=0.000000  inc=-1.729767  bucket 0->0  (mf=1000)
[MF-SEL] tPrev=(  d=0.076624  dMin=0.000000  dAvg=0.060426  dMax=3.837329  Dlo=0.030213  Dhi=1.948877  err=0.000000  inc=-1.729767  bucket 0->0  (mf=1000)
[MF-SEL] tPrev=(  d=0.081736  dMin=0.000000  dAvg=0.060434  dMax=3.837329  Dlo=0.030217  Dhi=1.948882  err=0.000000  inc=-1.729767  bucket 0->0  (mf=1000)
[MF-SEL] tPrev=(  d=0.074153  dMin=0.000000  dAvg=0.060440  dMax=3.837329  Dlo=0.030220  Dhi=1.948885  err=0.000000  inc=-1.729767  bucket 0->0  (mf=1000)
[MF-SEL] tPrev=(  d=0.072912  dMin=0.000000  dAvg=0.060445  dMax=3.837329  Dlo=0.030223  Dhi=1.948887  err=0.000000  inc=-1.729767  bucket 0->0  (mf=1000)
[MF-SEL] tPrev=(  d=0.071428  dMin=0.000000  dAvg=0.060450  dMax=3.837329  Dlo=0.030225  Dhi=1.948889  err=0.000000  inc=-1.729767  bucket 0->0  (mf=1000)
[MF-SEL] tPrev=(  d=0.069401  dMin=0.000000  dAvg=0.060454  dMax=3.837329  Dlo=0.030227  Dhi=1.948891  err=0.000000  inc=-1.729767  bucket 0->0  (mf=1000)
[MF-SEL] tPrev=(  d=0.067450  dMin=0.000000  dAvg=0.060457  dMax=3.837329  Dlo=0.030228  Dhi=1.948893  err=0.000000  inc=-1.729767  bucket 0->0  (mf=1000)
[MF-SEL] tPrev=(  d=0.075631  dMin=0.000000  dAvg=0.060463  dMax=3.837329  Dlo=0.030231  Dhi=1.948896  err=0.000000  inc=-1.729767  bucket 0->0  (mf=1000)
[MF-SEL] tPrev=(  d=0.063456  dMin=0.000000  dAvg=0.060464  dMax=3.837329  Dlo=0.030232  Dhi=1.948897  err=0.000000  inc=-1.729767  bucket 0->0  (mf=1000)
[MF-SEL] tPrev=(  d=0.061469  dMin=0.000000  dAvg=0.060465  dMax=3.837329  Dlo=0.030232  Dhi=1.948897  err=0.000000  inc=-1.729767  bucket 0->0  (mf=1000)
[MF-SEL] tPrev=(  d=0.059369  dMin=0.000000  dAvg=0.060464  dMax=3.837329  Dlo=0.030232  Dhi=1.948897  err=0.000000  inc=-1.729767  bucket 0->0  (mf=1000)
[MF-SEL] tPrev=(  d=0.057588  dMin=0.000000  dAvg=0.060463  dMax=3.837329  Dlo=0.030231  Dhi=1.948896  err=0.000000  inc=-1.729767  bucket 0->0  (mf=1000)
[MF-SEL] tPrev=(  d=0.055720  dMin=0.000000  dAvg=0.060461  dMax=3.837329  Dlo=0.030230  Dhi=1.948895  err=0.000000  inc=-1.729767  bucket 0->0  (mf=1000)
[MF-SEL] tPrev=(  d=0.059160  dMin=0.000000  dAvg=0.060460  dMax=3.837329  Dlo=0.030230  Dhi=1.948895  err=0.000000  inc=-1.729767  bucket 0->0  (mf=1000)
[MF-SEL] tPrev=(  d=0.052752  dMin=0.000000  dAvg=0.060457  dMax=3.837329  Dlo=0.030229  Dhi=1.948893  err=0.000000  inc=-1.729767  bucket 0->0  (mf=1000)
[MF-SEL] tPrev=(  d=0.051367  dMin=0.000000  dAvg=0.060453  dMax=3.837329  Dlo=0.030227  Dhi=1.948891  err=0.000000  inc=-1.729767  bucket 0->0  (mf=1000)
[MF-SEL] tPrev=(  d=0.050237  dMin=0.000000  dAvg=0.060449  dMax=3.837329  Dlo=0.030225  Dhi=1.948889  err=0.000000  inc=-1.729767  bucket 0->0  (mf=1000)
[MF-SEL] tPrev=(  d=0.048911  dMin=0.000000  dAvg=0.060444  dMax=3.837329  Dlo=0.030222  Dhi=1.948887  err=0.000000  inc=-1.729767  bucket 0->0  (mf=1000)
[MF-SEL] tPrev=(  d=0.047329  dMin=0.000000  dAvg=0.060439  dMax=3.837329  Dlo=0.030220  Dhi=1.948884  err=0.000000  inc=-1.729767  bucket 0->0  (mf=1000)
[MF-SEL] tPrev=(  d=0.045520  dMin=0.000000  dAvg=0.060433  dMax=3.837329  Dlo=0.030216  Dhi=1.948881  err=0.000000  inc=-1.729767  bucket 0->0  (mf=1000)
[MF-SEL] tPrev=(  d=0.044085  dMin=0.000000  dAvg=0.060426  dMax=3.837329  Dlo=0.030213  Dhi=1.948877  err=0.000000  inc=-1.729767  bucket 0->0  (mf=1000)
[MF-SEL] tPrev=(  d=0.043269  dMin=0.000000  dAvg=0.060419  dMax=3.837329  Dlo=0.030209  Dhi=1.948874  err=0.000000  inc=-1.729767  bucket 0->0  (mf=1000)
[MF-SEL] tPrev=(  d=0.041498  dMin=0.000000  dAvg=0.060411  dMax=3.837329  Dlo=0.030206  Dhi=1.948870  err=0.000000  inc=-1.729767  bucket 0->0  (mf=1000)
[MF-SEL] tPrev=(  d=0.041161  dMin=0.000000  dAvg=0.060403  dMax=3.837329  Dlo=0.030202  Dhi=1.948866  err=0.000000  inc=-1.729767  bucket 0->0  (mf=1000)
[MF-SEL] tPrev=(  d=0.038954  dMin=0.000000  dAvg=0.060394  dMax=3.837329  Dlo=0.030197  Dhi=1.948862  err=0.000000  inc=-1.729767  bucket 0->0  (mf=1000)
[MF-SEL] tPrev=(  d=0.037383  dMin=0.000000  dAvg=0.060385  dMax=3.837329  Dlo=0.030192  Dhi=1.948857  err=0.000000  inc=-1.729767  bucket 0->0  (mf=1000)
[MF-SEL] tPrev=(  d=0.035072  dMin=0.000000  dAvg=0.060374  dMax=3.837329  Dlo=0.030187  Dhi=1.948852  err=0.000000  inc=-1.729767  bucket 0->0  (mf=1000)
[MF-SEL] tPrev=(  d=0.033182  dMin=0.000000  dAvg=0.060363  dMax=3.837329  Dlo=0.030182  Dhi=1.948846  err=0.000000  inc=-1.729767  bucket 0->0  (mf=1000)
[MF-SEL] tPrev=(  d=0.031243  dMin=0.000000  dAvg=0.060351  dMax=3.837329  Dlo=0.030176  Dhi=1.948840  err=0.000000  inc=-1.729767  bucket 0->0  (mf=1000)
[MF-SEL] tPrev=(  d=0.029458  dMin=0.000000  dAvg=0.060338  dMax=3.837329  Dlo=0.030169  Dhi=1.948834  err=-1.000000  inc=-2.649819  bucket 0->0  (mf=1000)
[MF-SEL] tPrev=(  d=0.027454  dMin=0.000000  dAvg=0.060325  dMax=3.837329  Dlo=0.030162  Dhi=1.948827  err=-1.000000  inc=-2.334777  bucket 0->0  (mf=1000)
[MF-SEL] tPrev=(  d=0.024784  dMin=0.000000  dAvg=0.060310  dMax=3.837329  Dlo=0.030155  Dhi=1.948820  err=-1.000000  inc=-2.337148  bucket 0->0  (mf=1000)
[MF-SEL] tPrev=(  d=0.024445  dMin=0.000000  dAvg=0.060295  dMax=3.837329  Dlo=0.030148  Dhi=1.948812  err=-1.000000  inc=-2.339658  bucket 0->0  (mf=1000)
[MF-SEL] tPrev=(  d=0.022841  dMin=0.000000  dAvg=0.060280  dMax=3.837329  Dlo=0.030140  Dhi=1.948804  err=-1.000000  inc=-2.342210  bucket 0->0  (mf=1000)
[MF-SEL] tPrev=(  d=0.021734  dMin=0.000000  dAvg=0.060264  dMax=3.837329  Dlo=0.030132  Dhi=1.948797  err=-1.000000  inc=-2.344883  bucket 0->0  (mf=1000)
[MF-SEL] tPrev=(  d=0.020979  dMin=0.000000  dAvg=0.060248  dMax=3.837329  Dlo=0.030124  Dhi=1.948788  err=-1.000000  inc=-2.347367  bucket 0->0  (mf=1000)
[MF-SEL] tPrev=(  d=0.020274  dMin=0.000000  dAvg=0.060232  dMax=3.837329  Dlo=0.030116  Dhi=1.948780  err=-1.000000  inc=-2.349763  bucket 0->0  (mf=1000)
[MF-SEL] tPrev=(  d=0.022474  dMin=0.000000  dAvg=0.060216  dMax=3.837329  Dlo=0.030108  Dhi=1.948772  err=-1.000000  inc=-2.352165  bucket 0->0  (mf=1000)
[MF-SEL] tPrev=(  d=0.019867  dMin=0.000000  dAvg=0.060199  dMax=3.837329  Dlo=0.030100  Dhi=1.948764  err=-1.000000  inc=-2.354686  bucket 0->0  (mf=1000)
[MF-SEL] tPrev=(  d=0.019128  dMin=0.000000  dAvg=0.060183  dMax=3.837329  Dlo=0.030091  Dhi=1.948756  err=-1.000000  inc=-2.357206  bucket 0->0  (mf=1000)
[MF-SEL] tPrev=(  d=0.018443  dMin=0.000000  dAvg=0.060165  dMax=3.837329  Dlo=0.030083  Dhi=1.948747  err=-1.000000  inc=-2.359693  bucket 0->0  (mf=1000)
[MF-SEL] tPrev=(  d=0.017975  dMin=0.000000  dAvg=0.060148  dMax=3.837329  Dlo=0.030074  Dhi=1.948739  err=-1.000000  inc=-2.362201  bucket 0->0  (mf=1000)
[MF-SEL] tPrev=(  d=0.018088  dMin=0.000000  dAvg=0.060131  dMax=3.837329  Dlo=0.030065  Dhi=1.948730  err=-1.000000  inc=-2.364728  bucket 0->0  (mf=1000)
[MF-SEL] tPrev=(  d=0.016559  dMin=0.000000  dAvg=0.060113  dMax=3.837329  Dlo=0.030057  Dhi=1.948721  err=-1.000000  inc=-2.367286  bucket 0->0  (mf=1000)
[MF-SEL] tPrev=(  d=0.018257  dMin=0.000000  dAvg=0.060096  dMax=3.837329  Dlo=0.030048  Dhi=1.948712  err=-1.000000  inc=-2.369664  bucket 0->0  (mf=1000)
[MF-SEL] tPrev=(  d=0.018665  dMin=0.000000  dAvg=0.060079  dMax=3.837329  Dlo=0.030039  Dhi=1.948704  err=-1.000000  inc=-2.372296  bucket 0->0  (mf=1000)
[MF-SEL] tPrev=(  d=0.019039  dMin=0.000000  dAvg=0.060062  dMax=3.837329  Dlo=0.030031  Dhi=1.948695  err=-1.000000  inc=-2.374653  bucket 0->0  (mf=1000)
[MF-SEL] tPrev=(  d=0.019369  dMin=0.000000  dAvg=0.060045  dMax=3.837329  Dlo=0.030023  Dhi=1.948687  err=-1.000000  inc=-2.377119  bucket 0->0  (mf=1000)
[MF-SEL] tPrev=(  d=0.020102  dMin=0.000000  dAvg=0.060029  dMax=3.837329  Dlo=0.030015  Dhi=1.948679  err=-1.000000  inc=-2.379572  bucket 0->0  (mf=1000)
[MF-SEL] tPrev=(  d=0.017376  dMin=0.000000  dAvg=0.060012  dMax=3.837329  Dlo=0.030006  Dhi=1.948670  err=-1.000000  inc=-2.382473  bucket 0->0  (mf=1000)
[MF-SEL] tPrev=(  d=0.017939  dMin=0.000000  dAvg=0.059994  dMax=3.837329  Dlo=0.029997  Dhi=1.948662  err=-1.000000  inc=-2.385031  bucket 0->0  (mf=1000)
[MF-SEL] tPrev=(  d=0.016328  dMin=0.000000  dAvg=0.059977  dMax=3.837329  Dlo=0.029988  Dhi=1.948653  err=-1.000000  inc=-2.387700  bucket 0->0  (mf=1000)
[MF-SEL] tPrev=(  d=0.013526  dMin=0.000000  dAvg=0.059958  dMax=3.837329  Dlo=0.029979  Dhi=1.948643  err=-1.000000  inc=-2.390254  bucket 0->0  (mf=1000)
[MF-SEL] tPrev=(  d=0.011064  dMin=0.000000  dAvg=0.059938  dMax=3.837329  Dlo=0.029969  Dhi=1.948633  err=-1.000000  inc=-2.392986  bucket 0->0  (mf=1000)
[MF-SEL] tPrev=(  d=0.009897  dMin=0.000000  dAvg=0.059917  dMax=3.837329  Dlo=0.029959  Dhi=1.948623  err=-1.000000  inc=-2.395678  bucket 0->0  (mf=1000)
[MF-SEL] tPrev=(  d=0.010333  dMin=0.000000  dAvg=0.059897  dMax=3.837329  Dlo=0.029948  Dhi=1.948613  err=-1.000000  inc=-2.398489  bucket 0->0  (mf=1000)
[MF-SEL] tPrev=(  d=0.010585  dMin=0.000000  dAvg=0.059877  dMax=3.837329  Dlo=0.029938  Dhi=1.948603  err=-1.000000  inc=-2.401044  bucket 0->0  (mf=1000)
[MF-SEL] tPrev=(  d=0.010997  dMin=0.000000  dAvg=0.059857  dMax=3.837329  Dlo=0.029928  Dhi=1.948593  err=-1.000000  inc=-2.403574  bucket 0->0  (mf=1000)
[MF-SEL] tPrev=(  d=0.010564  dMin=0.000000  dAvg=0.059837  dMax=3.837329  Dlo=0.029918  Dhi=1.948583  err=-1.000000  inc=-2.406084  bucket 0->0  (mf=1000)
[MF-SEL] tPrev=(  d=0.011362  dMin=0.000000  dAvg=0.059817  dMax=3.837329  Dlo=0.029909  Dhi=1.948573  err=-1.000000  inc=-2.408871  bucket 0->0  (mf=1000)
[MF-SEL] tPrev=(  d=0.011039  dMin=0.000000  dAvg=0.059797  dMax=3.837329  Dlo=0.029899  Dhi=1.948563  err=-1.000000  inc=-2.411202  bucket 0->0  (mf=1000)
[MF-SEL] tPrev=(  d=0.011188  dMin=0.000000  dAvg=0.059777  dMax=3.837329  Dlo=0.029889  Dhi=1.948553  err=-1.000000  inc=-2.413913  bucket 0->0  (mf=1000)
[MF-SEL] tPrev=(  d=0.011538  dMin=0.000000  dAvg=0.059758  dMax=3.837329  Dlo=0.029879  Dhi=1.948543  err=-1.000000  inc=-2.416581  bucket 0->0  (mf=1000)
[MF-SEL] tPrev=(  d=0.011986  dMin=0.000000  dAvg=0.059738  dMax=3.837329  Dlo=0.029869  Dhi=1.948534  err=-1.000000  inc=-2.419344  bucket 0->0  (mf=1000)
[MF-SEL] tPrev=(  d=0.012710  dMin=0.000000  dAvg=0.059719  dMax=3.837329  Dlo=0.029860  Dhi=1.948524  err=-1.000000  inc=-2.422152  bucket 0->0  (mf=1000)
[MF-SEL] tPrev=(  d=0.013167  dMin=0.000000  dAvg=0.059700  dMax=3.837329  Dlo=0.029850  Dhi=1.948515  err=-1.000000  inc=-2.424803  bucket 0->0  (mf=1000)
[MF-SEL] tPrev=(  d=0.013578  dMin=0.000000  dAvg=0.059682  dMax=3.837329  Dlo=0.029841  Dhi=1.948505  err=-1.000000  inc=-2.427455  bucket 0->0  (mf=1000)
[MF-SEL] tPrev=(  d=0.012993  dMin=0.000000  dAvg=0.059663  dMax=3.837329  Dlo=0.029831  Dhi=1.948496  err=-1.000000  inc=-2.429877  bucket 0->0  (mf=1000)
[MF-SEL] tPrev=(  d=0.012027  dMin=0.000000  dAvg=0.059643  dMax=3.837329  Dlo=0.029822  Dhi=1.948486  err=-1.000000  inc=-2.432493  bucket 0->0  (mf=1000)
[MF-SEL] tPrev=(  d=0.012643  dMin=0.000000  dAvg=0.059624  dMax=3.837329  Dlo=0.029812  Dhi=1.948477  err=-1.000000  inc=-2.435012  bucket 0->0  (mf=1000)
[MF-SEL] tPrev=(  d=0.014278  dMin=0.000000  dAvg=0.059606  dMax=3.837329  Dlo=0.029803  Dhi=1.948467  err=-1.000000  inc=-2.437516  bucket 0->0  (mf=1000)
[MF-SEL] tPrev=(  d=0.014866  dMin=0.000000  dAvg=0.059588  dMax=3.837329  Dlo=0.029794  Dhi=1.948458  err=-1.000000  inc=-2.440136  bucket 0->0  (mf=1000)
[MF-SEL] tPrev=(  d=0.015193  dMin=0.000000  dAvg=0.059570  dMax=3.837329  Dlo=0.029785  Dhi=1.948449  err=-1.000000  inc=-2.442678  bucket 0->0  (mf=1000)
[MF-SEL] tPrev=(  d=0.016246  dMin=0.000000  dAvg=0.059552  dMax=3.837329  Dlo=0.029776  Dhi=1.948441  err=-1.000000  inc=-2.445219  bucket 0->0  (mf=1000)
[MF-SEL] tPrev=(  d=0.016848  dMin=0.000000  dAvg=0.059535  dMax=3.837329  Dlo=0.029767  Dhi=1.948432  err=-1.000000  inc=-2.447839  bucket 0->0  (mf=1000)
[MF-SEL] tPrev=(  d=0.017833  dMin=0.000000  dAvg=0.059518  dMax=3.837329  Dlo=0.029759  Dhi=1.948423  err=-1.000000  inc=-2.450626  bucket 0->0  (mf=1000)
[MF-SEL] tPrev=(  d=0.019127  dMin=0.000000  dAvg=0.059502  dMax=3.837329  Dlo=0.029751  Dhi=1.948415  err=-1.000000  inc=-2.453040  bucket 0->0  (mf=1000)
[MF-SEL] tPrev=(  d=0.020656  dMin=0.000000  dAvg=0.059486  dMax=3.837329  Dlo=0.029743  Dhi=1.948407  err=-1.000000  inc=-2.455329  bucket 0->0  (mf=1000)
[MF-SEL] tPrev=(  d=0.022155  dMin=0.000000  dAvg=0.059471  dMax=3.837329  Dlo=0.029735  Dhi=1.948400  err=-1.000000  inc=-2.457618  bucket 0->0  (mf=1000)
[MF-SEL] tPrev=(  d=0.022933  dMin=0.000000  dAvg=0.059456  dMax=3.837329  Dlo=0.029728  Dhi=1.948393  err=-1.000000  inc=-2.460016  bucket 0->0  (mf=1000)
[MF-SEL] tPrev=(  d=0.025420  dMin=0.000000  dAvg=0.059442  dMax=3.837329  Dlo=0.029721  Dhi=1.948386  err=-1.000000  inc=-2.462173  bucket 0->0  (mf=1000)
[MF-SEL] tPrev=(  d=0.026463  dMin=0.000000  dAvg=0.059429  dMax=3.837329  Dlo=0.029715  Dhi=1.948379  err=-1.000000  inc=-2.464407  bucket 0->0  (mf=1000)
[MF-SEL] tPrev=(  d=0.026467  dMin=0.000000  dAvg=0.059416  dMax=3.837329  Dlo=0.029708  Dhi=1.948372  err=-1.000000  inc=-2.466802  bucket 0->0  (mf=1000)
[MF-SEL] tPrev=(  d=0.026178  dMin=0.000000  dAvg=0.059402  dMax=3.837329  Dlo=0.029701  Dhi=1.948366  err=-1.000000  inc=-2.469199  bucket 0->0  (mf=1000)
[MF-SEL] tPrev=(  d=0.025289  dMin=0.000000  dAvg=0.059389  dMax=3.837329  Dlo=0.029694  Dhi=1.948359  err=-1.000000  inc=-2.471784  bucket 0->0  (mf=1000)
[MF-SEL] tPrev=(  d=0.024348  dMin=0.000000  dAvg=0.059375  dMax=3.837329  Dlo=0.029687  Dhi=1.948352  err=-1.000000  inc=-2.474568  bucket 0->0  (mf=1000)
[MF-SEL] tPrev=(  d=0.023419  dMin=0.000000  dAvg=0.059360  dMax=3.837329  Dlo=0.029680  Dhi=1.948344  err=-1.000000  inc=-2.477304  bucket 0->0  (mf=1000)
[MF-SEL] tPrev=(  d=0.022532  dMin=0.000000  dAvg=0.059345  dMax=3.837329  Dlo=0.029673  Dhi=1.948337  err=-1.000000  inc=-2.479679  bucket 0->0  (mf=1000)
[MF-SEL] tPrev=(  d=0.021529  dMin=0.000000  dAvg=0.059330  dMax=3.837329  Dlo=0.029665  Dhi=1.948329  err=-1.000000  inc=-2.482274  bucket 0->0  (mf=1000)
[MF-SEL] tPrev=(  d=0.020277  dMin=0.000000  dAvg=0.059314  dMax=3.837329  Dlo=0.029657  Dhi=1.948322  err=-1.000000  inc=-2.484786  bucket 0->0  (mf=1000)
[MF-SEL] tPrev=(  d=0.021571  dMin=0.000000  dAvg=0.059299  dMax=3.837329  Dlo=0.029650  Dhi=1.948314  err=-1.000000  inc=-2.487058  bucket 0->0  (mf=1000)
[MF-SEL] tPrev=(  d=0.021714  dMin=0.000000  dAvg=0.059284  dMax=3.837329  Dlo=0.029642  Dhi=1.948306  err=-1.000000  inc=-2.489592  bucket 0->0  (mf=1000)
[MF-SEL] tPrev=(  d=0.021447  dMin=0.000000  dAvg=0.059269  dMax=3.837329  Dlo=0.029634  Dhi=1.948299  err=-1.000000  inc=-2.492064  bucket 0->0  (mf=1000)
[MF-SEL] tPrev=(  d=0.021395  dMin=0.000000  dAvg=0.059254  dMax=3.837329  Dlo=0.029627  Dhi=1.948291  err=-1.000000  inc=-2.494750  bucket 0->0  (mf=1000)
[MF-SEL] tPrev=(  d=0.021750  dMin=0.000000  dAvg=0.059238  dMax=3.837329  Dlo=0.029619  Dhi=1.948284  err=-1.000000  inc=-2.497515  bucket 0->0  (mf=1000)
[MF-SEL] tPrev=(  d=0.022355  dMin=0.000000  dAvg=0.059224  dMax=3.837329  Dlo=0.029612  Dhi=1.948276  err=-1.000000  inc=-2.500151  bucket 0->0  (mf=1000)
[MF-SEL] tPrev=(  d=0.023361  dMin=0.000000  dAvg=0.059209  dMax=3.837329  Dlo=0.029605  Dhi=1.948269  err=-1.000000  inc=-2.502655  bucket 0->0  (mf=1000)
[MF-SEL] tPrev=(  d=0.024323  dMin=0.000000  dAvg=0.059195  dMax=3.837329  Dlo=0.029598  Dhi=1.948262  err=-1.000000  inc=-2.505081  bucket 0->0  (mf=1000)
[MF-SEL] tPrev=(  d=0.024683  dMin=0.000000  dAvg=0.059181  dMax=3.837329  Dlo=0.029591  Dhi=1.948255  err=-1.000000  inc=-2.507524  bucket 0->0  (mf=1000)
[MF-SEL] tPrev=(  d=0.025241  dMin=0.000000  dAvg=0.059168  dMax=3.837329  Dlo=0.029584  Dhi=1.948248  err=-1.000000  inc=-2.509989  bucket 0->0  (mf=1000)
[MF-SEL] tPrev=(  d=0.025853  dMin=0.000000  dAvg=0.059155  dMax=3.837329  Dlo=0.029577  Dhi=1.948242  err=-1.000000  inc=-2.512464  bucket 0->0  (mf=1000)
[MF-SEL] tPrev=(  d=0.026216  dMin=0.000000  dAvg=0.059141  dMax=3.837329  Dlo=0.029571  Dhi=1.948235  err=-1.000000  inc=-2.514976  bucket 0->0  (mf=1000)
[MF-SEL] tPrev=(  d=0.027501  dMin=0.000000  dAvg=0.059129  dMax=3.837329  Dlo=0.029564  Dhi=1.948229  err=-1.000000  inc=-2.517599  bucket 0->0  (mf=1000)
[MF-SEL] tPrev=(  d=0.028074  dMin=0.000000  dAvg=0.059116  dMax=3.837329  Dlo=0.029558  Dhi=1.948223  err=-1.000000  inc=-2.520421  bucket 0->0  (mf=1000)
[MF-SEL] tPrev=(  d=0.028397  dMin=0.000000  dAvg=0.059104  dMax=3.837329  Dlo=0.029552  Dhi=1.948216  err=-1.000000  inc=-2.522920  bucket 0->0  (mf=1000)
[MF-SEL] tPrev=(  d=0.028872  dMin=0.000000  dAvg=0.059092  dMax=3.837329  Dlo=0.029546  Dhi=1.948210  err=-1.000000  inc=-2.525508  bucket 0->0  (mf=1000)
[MF-SEL] tPrev=(  d=0.029115  dMin=0.000000  dAvg=0.059080  dMax=3.837329  Dlo=0.029540  Dhi=1.948204  err=-1.000000  inc=-2.528117  bucket 0->0  (mf=1000)
[MF-SEL] tPrev=(  d=0.030082  dMin=0.000000  dAvg=0.059068  dMax=3.837329  Dlo=0.029534  Dhi=1.948199  err=0.000000  inc=-1.620906  bucket 0->0  (mf=1000)
[MF-SEL] tPrev=(  d=0.031240  dMin=0.000000  dAvg=0.059057  dMax=3.837329  Dlo=0.029529  Dhi=1.948193  err=0.000000  inc=-1.928117  bucket 0->0  (mf=1000)
[MF-SEL] tPrev=(  d=0.027359  dMin=0.000000  dAvg=0.059045  dMax=3.837329  Dlo=0.029522  Dhi=1.948187  err=-1.000000  inc=-2.849940  bucket 0->0  (mf=1000)
[MF-SEL] tPrev=(  d=0.030631  dMin=0.000000  dAvg=0.059033  dMax=3.837329  Dlo=0.029517  Dhi=1.948181  err=0.000000  inc=-1.609735  bucket 0->0  (mf=1000)
[MF-SEL] tPrev=(  d=0.031082  dMin=0.000000  dAvg=0.059022  dMax=3.837329  Dlo=0.029511  Dhi=1.948175  err=0.000000  inc=-1.930623  bucket 0->0  (mf=1000)
[MF-SEL] tPrev=(  d=0.031880  dMin=0.000000  dAvg=0.059011  dMax=3.837329  Dlo=0.029506  Dhi=1.948170  err=0.000000  inc=-1.930623  bucket 0->0  (mf=1000)
[MF-SEL] tPrev=(  d=0.032048  dMin=0.000000  dAvg=0.059000  dMax=3.837329  Dlo=0.029500  Dhi=1.948165  err=0.000000  inc=-1.930623  bucket 0->0  (mf=1000)
[MF-SEL] tPrev=(  d=0.032944  dMin=0.000000  dAvg=0.058990  dMax=3.837329  Dlo=0.029495  Dhi=1.948159  err=0.000000  inc=-1.930623  bucket 0->0  (mf=1000)
[MF-SEL] tPrev=(  d=0.033706  dMin=0.000000  dAvg=0.058980  dMax=3.837329  Dlo=0.029490  Dhi=1.948154  err=0.000000  inc=-1.930623  bucket 0->0  (mf=1000)
[MF-SEL] tPrev=(  d=0.045597  dMin=0.000000  dAvg=0.058975  dMax=3.837329  Dlo=0.029487  Dhi=1.948152  err=0.000000  inc=-1.930623  bucket 0->0  (mf=1000)
[MF-SEL] tPrev=(  d=0.034219  dMin=0.000000  dAvg=0.058965  dMax=3.837329  Dlo=0.029482  Dhi=1.948147  err=0.000000  inc=-1.930623  bucket 0->0  (mf=1000)
[MF-SEL] tPrev=(  d=0.033833  dMin=0.000000  dAvg=0.058955  dMax=3.837329  Dlo=0.029477  Dhi=1.948142  err=0.000000  inc=-1.930623  bucket 0->0  (mf=1000)
[MF-SEL] tPrev=(  d=0.033608  dMin=0.000000  dAvg=0.058945  dMax=3.837329  Dlo=0.029472  Dhi=1.948137  err=0.000000  inc=-1.930623  bucket 0->0  (mf=1000)
[MF-SEL] tPrev=(  d=0.033715  dMin=0.000000  dAvg=0.058935  dMax=3.837329  Dlo=0.029467  Dhi=1.948132  err=0.000000  inc=-1.930623  bucket 0->0  (mf=1000)
[MF-SEL] tPrev=(  d=0.033731  dMin=0.000000  dAvg=0.058925  dMax=3.837329  Dlo=0.029462  Dhi=1.948127  err=0.000000  inc=-1.930623  bucket 0->0  (mf=1000)
[MF-SEL] tPrev=(  d=0.034425  dMin=0.000000  dAvg=0.058915  dMax=3.837329  Dlo=0.029457  Dhi=1.948122  err=0.000000  inc=-1.930623  bucket 0->0  (mf=1000)
[MF-SEL] tPrev=(  d=0.034749  dMin=0.000000  dAvg=0.058905  dMax=3.837329  Dlo=0.029453  Dhi=1.948117  err=0.000000  inc=-1.930623  bucket 0->0  (mf=1000)
[MF-SEL] tPrev=(  d=0.035140  dMin=0.000000  dAvg=0.058896  dMax=3.837329  Dlo=0.029448  Dhi=1.948112  err=0.000000  inc=-1.930623  bucket 0->0  (mf=1000)
[MF-SEL] tPrev=(  d=0.035962  dMin=0.000000  dAvg=0.058887  dMax=3.837329  Dlo=0.029443  Dhi=1.948108  err=0.000000  inc=-1.930623  bucket 0->0  (mf=1000)
[MF-SEL] tPrev=(  d=0.039413  dMin=0.000000  dAvg=0.058879  dMax=3.837329  Dlo=0.029440  Dhi=1.948104  err=0.000000  inc=-1.930623  bucket 0->0  (mf=1000)
[MF-SEL] tPrev=(  d=0.037290  dMin=0.000000  dAvg=0.058871  dMax=3.837329  Dlo=0.029435  Dhi=1.948100  err=0.000000  inc=-1.930623  bucket 0->0  (mf=1000)
[MF-SEL] tPrev=(  d=0.038434  dMin=0.000000  dAvg=0.058862  dMax=3.837329  Dlo=0.029431  Dhi=1.948096  err=0.000000  inc=-1.930623  bucket 0->0  (mf=1000)
[MF-SEL] tPrev=(  d=0.039371  dMin=0.000000  dAvg=0.058855  dMax=3.837329  Dlo=0.029427  Dhi=1.948092  err=0.000000  inc=-1.930623  bucket 0->0  (mf=1000)
[MF-SEL] tPrev=(  d=0.039163  dMin=0.000000  dAvg=0.058847  dMax=3.837329  Dlo=0.029423  Dhi=1.948088  err=0.000000  inc=-1.930623  bucket 0->0  (mf=1000)
[MF-SEL] tPrev=(  d=0.038181  dMin=0.000000  dAvg=0.058839  dMax=3.837329  Dlo=0.029419  Dhi=1.948084  err=0.000000  inc=-1.930623  bucket 0->0  (mf=1000)
[MF-SEL] tPrev=(  d=0.036855  dMin=0.000000  dAvg=0.058830  dMax=3.837329  Dlo=0.029415  Dhi=1.948080  err=0.000000  inc=-1.930623  bucket 0->0  (mf=1000)
[MF-SEL] tPrev=(  d=0.036170  dMin=0.000000  dAvg=0.058821  dMax=3.837329  Dlo=0.029411  Dhi=1.948075  err=0.000000  inc=-1.930623  bucket 0->0  (mf=1000)
[MF-SEL] tPrev=(  d=0.035163  dMin=0.000000  dAvg=0.058812  dMax=3.837329  Dlo=0.029406  Dhi=1.948070  err=0.000000  inc=-1.930623  bucket 0->0  (mf=1000)
[MF-SEL] tPrev=(  d=0.034923  dMin=0.000000  dAvg=0.058802  dMax=3.837329  Dlo=0.029401  Dhi=1.948066  err=0.000000  inc=-1.930623  bucket 0->0  (mf=1000)
[MF-SEL] tPrev=(  d=0.034580  dMin=0.000000  dAvg=0.058793  dMax=3.837329  Dlo=0.029396  Dhi=1.948061  err=0.000000  inc=-1.930623  bucket 0->0  (mf=1000)
[MF-SEL] tPrev=(  d=0.034937  dMin=0.000000  dAvg=0.058783  dMax=3.837329  Dlo=0.029392  Dhi=1.948056  err=0.000000  inc=-1.930623  bucket 0->0  (mf=1000)
[MF-SEL] tPrev=(  d=0.034848  dMin=0.000000  dAvg=0.058774  dMax=3.837329  Dlo=0.029387  Dhi=1.948051  err=0.000000  inc=-1.930623  bucket 0->0  (mf=1000)
[MF-SEL] tPrev=(  d=0.034880  dMin=0.000000  dAvg=0.058764  dMax=3.837329  Dlo=0.029382  Dhi=1.948047  err=0.000000  inc=-1.930623  bucket 0->0  (mf=1000)
[MF-SEL] tPrev=(  d=0.034688  dMin=0.000000  dAvg=0.058755  dMax=3.837329  Dlo=0.029378  Dhi=1.948042  err=0.000000  inc=-1.930623  bucket 0->0  (mf=1000)
[MF-SEL] tPrev=(  d=0.034582  dMin=0.000000  dAvg=0.058745  dMax=3.837329  Dlo=0.029373  Dhi=1.948037  err=0.000000  inc=-1.930623  bucket 0->0  (mf=1000)
[MF-SEL] tPrev=(  d=0.030584  dMin=0.000000  dAvg=0.058734  dMax=3.837329  Dlo=0.029367  Dhi=1.948032  err=0.000000  inc=-1.930623  bucket 0->0  (mf=1000)
[MF-SEL] tPrev=(  d=0.034663  dMin=0.000000  dAvg=0.058725  dMax=3.837329  Dlo=0.029362  Dhi=1.948027  err=0.000000  inc=-1.930623  bucket 0->0  (mf=1000)
[MF-SEL] tPrev=(  d=0.034354  dMin=0.000000  dAvg=0.058715  dMax=3.837329  Dlo=0.029358  Dhi=1.948022  err=0.000000  inc=-1.930623  bucket 0->0  (mf=1000)
[MF-SEL] tPrev=(  d=0.033901  dMin=0.000000  dAvg=0.058706  dMax=3.837329  Dlo=0.029353  Dhi=1.948017  err=0.000000  inc=-1.930623  bucket 0->0  (mf=1000)
[MF-SEL] tPrev=(  d=0.034020  dMin=0.000000  dAvg=0.058696  dMax=3.837329  Dlo=0.029348  Dhi=1.948012  err=0.000000  inc=-1.930623  bucket 0->0  (mf=1000)
[MF-SEL] tPrev=(  d=0.034024  dMin=0.000000  dAvg=0.058686  dMax=3.837329  Dlo=0.029343  Dhi=1.948008  err=0.000000  inc=-1.930623  bucket 0->0  (mf=1000)
[MF-SEL] tPrev=(  d=0.034508  dMin=0.000000  dAvg=0.058677  dMax=3.837329  Dlo=0.029338  Dhi=1.948003  err=0.000000  inc=-1.930623  bucket 0->0  (mf=1000)
[MF-SEL] tPrev=(  d=0.033861  dMin=0.000000  dAvg=0.058667  dMax=3.837329  Dlo=0.029333  Dhi=1.947998  err=0.000000  inc=-1.930623  bucket 0->0  (mf=1000)
[MF-SEL] tPrev=(  d=0.034099  dMin=0.000000  dAvg=0.058657  dMax=3.837329  Dlo=0.029329  Dhi=1.947993  err=0.000000  inc=-1.930623  bucket 0->0  (mf=1000)
[MF-SEL] tPrev=(  d=0.026721  dMin=0.000000  dAvg=0.058645  dMax=3.837329  Dlo=0.029322  Dhi=1.947987  err=-1.000000  inc=-2.868504  bucket 0->0  (mf=1000)
[MF-SEL] tPrev=(  d=0.033768  dMin=0.000000  dAvg=0.058635  dMax=3.837329  Dlo=0.029317  Dhi=1.947982  err=0.000000  inc=-1.589051  bucket 0->0  (mf=1000)
[MF-SEL] tPrev=(  d=0.033721  dMin=0.000000  dAvg=0.058625  dMax=3.837329  Dlo=0.029313  Dhi=1.947977  err=0.000000  inc=-1.933007  bucket 0->0  (mf=1000)
[MF-SEL] tPrev=(  d=0.033380  dMin=0.000000  dAvg=0.058615  dMax=3.837329  Dlo=0.029308  Dhi=1.947972  err=0.000000  inc=-1.933007  bucket 0->0  (mf=1000)
[MF-SEL] tPrev=(  d=0.033163  dMin=0.000000  dAvg=0.058605  dMax=3.837329  Dlo=0.029303  Dhi=1.947967  err=0.000000  inc=-1.933007  bucket 0->0  (mf=1000)
[MF-SEL] tPrev=(  d=0.032558  dMin=0.000000  dAvg=0.058595  dMax=3.837329  Dlo=0.029298  Dhi=1.947962  err=0.000000  inc=-1.933007  bucket 0->0  (mf=1000)
[MF-SEL] tPrev=(  d=0.028083  dMin=0.000000  dAvg=0.058583  dMax=3.837329  Dlo=0.029292  Dhi=1.947956  err=-1.000000  inc=-2.911383  bucket 0->0  (mf=1000)
[MF-SEL] tPrev=(  d=0.030934  dMin=0.000000  dAvg=0.058572  dMax=3.837329  Dlo=0.029286  Dhi=1.947951  err=0.000000  inc=-1.613930  bucket 0->0  (mf=1000)
[MF-SEL] tPrev=(  d=0.030163  dMin=0.000000  dAvg=0.058561  dMax=3.837329  Dlo=0.029281  Dhi=1.947945  err=0.000000  inc=-1.935133  bucket 0->0  (mf=1000)
[MF-SEL] tPrev=(  d=0.030017  dMin=0.000000  dAvg=0.058550  dMax=3.837329  Dlo=0.029275  Dhi=1.947939  err=0.000000  inc=-1.935133  bucket 0->0  (mf=1000)
[MF-SEL] tPrev=(  d=0.029799  dMin=0.000000  dAvg=0.058539  dMax=3.837329  Dlo=0.029269  Dhi=1.947934  err=0.000000  inc=-1.935133  bucket 0->0  (mf=1000)
[MF-SEL] tPrev=(  d=0.030525  dMin=0.000000  dAvg=0.058528  dMax=3.837329  Dlo=0.029264  Dhi=1.947928  err=0.000000  inc=-1.935133  bucket 0->0  (mf=1000)
[MF-SEL] tPrev=(  d=0.031846  dMin=0.000000  dAvg=0.058517  dMax=3.837329  Dlo=0.029259  Dhi=1.947923  err=0.000000  inc=-1.935133  bucket 0->0  (mf=1000)
[MF-SEL] tPrev=(  d=0.030659  dMin=0.000000  dAvg=0.058506  dMax=3.837329  Dlo=0.029253  Dhi=1.947918  err=0.000000  inc=-1.935133  bucket 0->0  (mf=1000)
[MF-SEL] tPrev=(  d=0.030721  dMin=0.000000  dAvg=0.058496  dMax=3.837329  Dlo=0.029248  Dhi=1.947912  err=0.000000  inc=-1.935133  bucket 0->0  (mf=1000)
[MF-SEL] tPrev=(  d=0.030285  dMin=0.000000  dAvg=0.058485  dMax=3.837329  Dlo=0.029242  Dhi=1.947907  err=0.000000  inc=-1.935133  bucket 0->0  (mf=1000)
[MF-SEL] tPrev=(  d=0.029450  dMin=0.000000  dAvg=0.058473  dMax=3.837329  Dlo=0.029237  Dhi=1.947901  err=0.000000  inc=-1.935133  bucket 0->0  (mf=1000)
[MF-SEL] tPrev=(  d=0.029174  dMin=0.000000  dAvg=0.058462  dMax=3.837329  Dlo=0.029231  Dhi=1.947895  err=-1.000000  inc=-2.907929  bucket 0->0  (mf=1000)
[MF-SEL] tPrev=(  d=0.028616  dMin=0.000000  dAvg=0.058450  dMax=3.837329  Dlo=0.029225  Dhi=1.947890  err=-1.000000  inc=-2.539755  bucket 0->0  (mf=1000)
[MF-SEL] tPrev=(  d=0.029417  dMin=0.000000  dAvg=0.058439  dMax=3.837329  Dlo=0.029219  Dhi=1.947884  err=0.000000  inc=-1.585615  bucket 0->0  (mf=1000)
[MF-SEL] tPrev=(  d=0.027522  dMin=0.000000  dAvg=0.058427  dMax=3.837329  Dlo=0.029213  Dhi=1.947878  err=-1.000000  inc=-2.897096  bucket 0->0  (mf=1000)
[MF-SEL] tPrev=(  d=0.026776  dMin=0.000000  dAvg=0.058415  dMax=3.837329  Dlo=0.029207  Dhi=1.947872  err=-1.000000  inc=-2.544388  bucket 0->0  (mf=1000)
[MF-SEL] tPrev=(  d=0.025669  dMin=0.000000  dAvg=0.058402  dMax=3.837329  Dlo=0.029201  Dhi=1.947865  err=-1.000000  inc=-2.546819  bucket 0->0  (mf=1000)
[MF-SEL] tPrev=(  d=0.024036  dMin=0.000000  dAvg=0.058388  dMax=3.837329  Dlo=0.029194  Dhi=1.947859  err=-1.000000  inc=-2.549206  bucket 0->0  (mf=1000)
[MF-SEL] tPrev=(  d=0.022694  dMin=0.000000  dAvg=0.058375  dMax=3.837329  Dlo=0.029187  Dhi=1.947852  err=-1.000000  inc=-2.551524  bucket 0->0  (mf=1000)
[MF-SEL] tPrev=(  d=0.021391  dMin=0.000000  dAvg=0.058360  dMax=3.837329  Dlo=0.029180  Dhi=1.947845  err=-1.000000  inc=-2.553602  bucket 0->0  (mf=1000)
[MF-SEL] tPrev=(  d=0.020214  dMin=0.000000  dAvg=0.058345  dMax=3.837329  Dlo=0.029173  Dhi=1.947837  err=-1.000000  inc=-2.555630  bucket 0->0  (mf=1000)
[MF-SEL] tPrev=(  d=0.020370  dMin=0.000000  dAvg=0.058331  dMax=3.837329  Dlo=0.029165  Dhi=1.947830  err=-1.000000  inc=-2.557821  bucket 0->0  (mf=1000)
[MF-SEL] tPrev=(  d=0.023442  dMin=0.000000  dAvg=0.058317  dMax=3.837329  Dlo=0.029159  Dhi=1.947823  err=-1.000000  inc=-2.560026  bucket 0->0  (mf=1000)
[MF-SEL] tPrev=(  d=0.020316  dMin=0.000000  dAvg=0.058302  dMax=3.837329  Dlo=0.029151  Dhi=1.947816  err=-1.000000  inc=-2.562166  bucket 0->0  (mf=1000)
[MF-SEL] tPrev=(  d=0.019022  dMin=0.000000  dAvg=0.058287  dMax=3.837329  Dlo=0.029144  Dhi=1.947808  err=-1.000000  inc=-2.564864  bucket 0->0  (mf=1000)
[MF-SEL] tPrev=(  d=0.017982  dMin=0.000000  dAvg=0.058271  dMax=3.837329  Dlo=0.029136  Dhi=1.947800  err=-1.000000  inc=-2.567118  bucket 0->0  (mf=1000)
[MF-SEL] tPrev=(  d=0.011922  dMin=0.000000  dAvg=0.058253  dMax=3.837329  Dlo=0.029127  Dhi=1.947791  err=-1.000000  inc=-2.569447  bucket 0->0  (mf=1000)
[MF-SEL] tPrev=(  d=0.014096  dMin=0.000000  dAvg=0.058236  dMax=3.837329  Dlo=0.029118  Dhi=1.947783  err=-1.000000  inc=-2.571874  bucket 0->0  (mf=1000)
[MF-SEL] tPrev=(  d=0.012651  dMin=0.000000  dAvg=0.058219  dMax=3.837329  Dlo=0.029109  Dhi=1.947774  err=-1.000000  inc=-2.574223  bucket 0->0  (mf=1000)
[MF-SEL] tPrev=(  d=0.011126  dMin=0.000000  dAvg=0.058200  dMax=3.837329  Dlo=0.029100  Dhi=1.947765  err=-1.000000  inc=-2.576403  bucket 0->0  (mf=1000)
[MF-SEL] tPrev=(  d=0.009469  dMin=0.000000  dAvg=0.058182  dMax=3.837329  Dlo=0.029091  Dhi=1.947755  err=-1.000000  inc=-2.578679  bucket 0->0  (mf=1000)
[MF-SEL] tPrev=(  d=0.007940  dMin=0.000000  dAvg=0.058162  dMax=3.837329  Dlo=0.029081  Dhi=1.947746  err=-1.000000  inc=-2.581150  bucket 0->0  (mf=1000)
[MF-SEL] tPrev=(  d=0.013758  dMin=0.000000  dAvg=0.058145  dMax=3.837329  Dlo=0.029072  Dhi=1.947737  err=-1.000000  inc=-2.583261  bucket 0->0  (mf=1000)
[MF-SEL] tPrev=(  d=0.005281  dMin=0.000000  dAvg=0.058125  dMax=3.837329  Dlo=0.029062  Dhi=1.947727  err=-1.000000  inc=-2.585411  bucket 0->0  (mf=1000)
[MF-SEL] tPrev=(  d=0.004687  dMin=0.000000  dAvg=0.058104  dMax=3.837329  Dlo=0.029052  Dhi=1.947716  err=-1.000000  inc=-2.588308  bucket 0->0  (mf=1000)
[MF-SEL] tPrev=(  d=0.004550  dMin=0.000000  dAvg=0.058083  dMax=3.837329  Dlo=0.029042  Dhi=1.947706  err=-1.000000  inc=-2.590451  bucket 0->0  (mf=1000)
[MF-SEL] tPrev=(  d=0.004352  dMin=0.000000  dAvg=0.058062  dMax=3.837329  Dlo=0.029031  Dhi=1.947696  err=-1.000000  inc=-2.592933  bucket 0->0  (mf=1000)
[MF-SEL] tPrev=(  d=0.004830  dMin=0.000000  dAvg=0.058042  dMax=3.837329  Dlo=0.029021  Dhi=1.947685  err=-1.000000  inc=-2.595274  bucket 0->0  (mf=1000)
[MF-SEL] tPrev=(  d=0.005951  dMin=0.000000  dAvg=0.058022  dMax=3.837329  Dlo=0.029011  Dhi=1.947675  err=-1.000000  inc=-2.597555  bucket 0->0  (mf=1000)
[MF-SEL] tPrev=(  d=0.007091  dMin=0.000000  dAvg=0.058002  dMax=3.837329  Dlo=0.029001  Dhi=1.947666  err=-1.000000  inc=-2.599847  bucket 0->0  (mf=1000)
[MF-SEL] tPrev=(  d=0.008430  dMin=0.000000  dAvg=0.057983  dMax=3.837329  Dlo=0.028991  Dhi=1.947656  err=-1.000000  inc=-2.602096  bucket 0->0  (mf=1000)
[MF-SEL] tPrev=(  d=0.009609  dMin=0.000000  dAvg=0.057964  dMax=3.837329  Dlo=0.028982  Dhi=1.947647  err=-1.000000  inc=-2.604512  bucket 0->0  (mf=1000)
[MF-SEL] tPrev=(  d=0.007496  dMin=0.000000  dAvg=0.057945  dMax=3.837329  Dlo=0.028972  Dhi=1.947637  err=-1.000000  inc=-2.606756  bucket 0->0  (mf=1000)
[MF-SEL] tPrev=(  d=0.010939  dMin=0.000000  dAvg=0.057927  dMax=3.837329  Dlo=0.028963  Dhi=1.947628  err=-1.000000  inc=-2.609365  bucket 0->0  (mf=1000)
[MF-SEL] tPrev=(  d=0.011677  dMin=0.000000  dAvg=0.057909  dMax=3.837329  Dlo=0.028954  Dhi=1.947619  err=-1.000000  inc=-2.611824  bucket 0->0  (mf=1000)
[MF-SEL] tPrev=(  d=0.011952  dMin=0.000000  dAvg=0.057891  dMax=3.837329  Dlo=0.028946  Dhi=1.947610  err=-1.000000  inc=-2.614245  bucket 0->0  (mf=1000)
[MF-SEL] tPrev=(  d=0.011998  dMin=0.000000  dAvg=0.057874  dMax=3.837329  Dlo=0.028937  Dhi=1.947601  err=-1.000000  inc=-2.616460  bucket 0->0  (mf=1000)
[MF-SEL] tPrev=(  d=0.012228  dMin=0.000000  dAvg=0.057856  dMax=3.837329  Dlo=0.028928  Dhi=1.947592  err=-1.000000  inc=-2.618977  bucket 0->0  (mf=1000)
[MF-SEL] tPrev=(  d=0.012682  dMin=0.000000  dAvg=0.057839  dMax=3.837329  Dlo=0.028919  Dhi=1.947584  err=-1.000000  inc=-2.621029  bucket 0->0  (mf=1000)
[MF-SEL] tPrev=(  d=0.014644  dMin=0.000000  dAvg=0.057822  dMax=3.837329  Dlo=0.028911  Dhi=1.947575  err=-1.000000  inc=-2.623417  bucket 0->0  (mf=1000)
[MF-SEL] tPrev=(  d=0.012586  dMin=0.000000  dAvg=0.057805  dMax=3.837329  Dlo=0.028902  Dhi=1.947567  err=-1.000000  inc=-2.625760  bucket 0->0  (mf=1000)
[MF-SEL] tPrev=(  d=0.012296  dMin=0.000000  dAvg=0.057787  dMax=3.837329  Dlo=0.028894  Dhi=1.947558  err=-1.000000  inc=-2.628279  bucket 0->0  (mf=1000)
[MF-SEL] tPrev=(  d=0.011865  dMin=0.000000  dAvg=0.057770  dMax=3.837329  Dlo=0.028885  Dhi=1.947549  err=-1.000000  inc=-2.630433  bucket 0->0  (mf=1000)
[MF-SEL] tPrev=(  d=0.013280  dMin=0.000000  dAvg=0.057753  dMax=3.837329  Dlo=0.028876  Dhi=1.947541  err=-1.000000  inc=-2.632850  bucket 0->0  (mf=1000)
[MF-SEL] tPrev=(  d=0.011989  dMin=0.000000  dAvg=0.057735  dMax=3.837329  Dlo=0.028867  Dhi=1.947532  err=-1.000000  inc=-2.635136  bucket 0->0  (mf=1000)
[MF-SEL] tPrev=(  d=0.012292  dMin=0.000000  dAvg=0.057718  dMax=3.837329  Dlo=0.028859  Dhi=1.947523  err=-1.000000  inc=-2.637784  bucket 0->0  (mf=1000)
[MF-SEL] tPrev=(  d=0.012282  dMin=0.000000  dAvg=0.057700  dMax=3.837329  Dlo=0.028850  Dhi=1.947515  err=-1.000000  inc=-2.640081  bucket 0->0  (mf=1000)
[MF-SEL] tPrev=(  d=0.012722  dMin=0.000000  dAvg=0.057683  dMax=3.837329  Dlo=0.028841  Dhi=1.947506  err=-1.000000  inc=-2.642497  bucket 0->0  (mf=1000)
[MF-SEL] tPrev=(  d=0.013057  dMin=0.000000  dAvg=0.057666  dMax=3.837329  Dlo=0.028833  Dhi=1.947497  err=-1.000000  inc=-2.644678  bucket 0->0  (mf=1000)
[MF-SEL] tPrev=(  d=0.013665  dMin=0.000000  dAvg=0.057649  dMax=3.837329  Dlo=0.028824  Dhi=1.947489  err=-1.000000  inc=-2.646946  bucket 0->0  (mf=1000)
[MF-SEL] tPrev=(  d=0.013851  dMin=0.000000  dAvg=0.057632  dMax=3.837329  Dlo=0.028816  Dhi=1.947481  err=-1.000000  inc=-2.649290  bucket 0->0  (mf=1000)
[MF-SEL] tPrev=(  d=0.014095  dMin=0.000000  dAvg=0.057616  dMax=3.837329  Dlo=0.028808  Dhi=1.947472  err=-1.000000  inc=-2.651732  bucket 0->0  (mf=1000)
[MF-SEL] tPrev=(  d=0.012964  dMin=0.000000  dAvg=0.057598  dMax=3.837329  Dlo=0.028799  Dhi=1.947464  err=-1.000000  inc=-2.654140  bucket 0->0  (mf=1000)
[MF-SEL] tPrev=(  d=0.011771  dMin=0.000000  dAvg=0.057581  dMax=3.837329  Dlo=0.028790  Dhi=1.947455  err=-1.000000  inc=-2.656589  bucket 0->0  (mf=1000)
[MF-SEL] tPrev=(  d=0.010287  dMin=0.000000  dAvg=0.057563  dMax=3.837329  Dlo=0.028781  Dhi=1.947446  err=-1.000000  inc=-2.658921  bucket 0->0  (mf=1000)
[MF-SEL] tPrev=(  d=0.010383  dMin=0.000000  dAvg=0.057545  dMax=3.837329  Dlo=0.028772  Dhi=1.947437  err=-1.000000  inc=-2.661214  bucket 0->0  (mf=1000)
[MF-SEL] tPrev=(  d=0.009260  dMin=0.000000  dAvg=0.057526  dMax=3.837329  Dlo=0.028763  Dhi=1.947428  err=-1.000000  inc=-2.664079  bucket 0->0  (mf=1000)
[MF-SEL] tPrev=(  d=0.008620  dMin=0.000000  dAvg=0.057508  dMax=3.837329  Dlo=0.028754  Dhi=1.947418  err=-1.000000  inc=-2.666153  bucket 0->0  (mf=1000)
[MF-SEL] tPrev=(  d=0.009495  dMin=0.000000  dAvg=0.057489  dMax=3.837329  Dlo=0.028745  Dhi=1.947409  err=-1.000000  inc=-2.668990  bucket 0->0  (mf=1000)
[MF-SEL] tPrev=(  d=0.008163  dMin=0.000000  dAvg=0.057471  dMax=3.837329  Dlo=0.028735  Dhi=1.947400  err=-1.000000  inc=-2.671217  bucket 0->0  (mf=1000)
[MF-SEL] tPrev=(  d=0.007686  dMin=0.000000  dAvg=0.057452  dMax=3.837329  Dlo=0.028726  Dhi=1.947390  err=-1.000000  inc=-2.673740  bucket 0->0  (mf=1000)
[MF-SEL] tPrev=(  d=0.007648  dMin=0.000000  dAvg=0.057433  dMax=3.837329  Dlo=0.028716  Dhi=1.947381  err=-1.000000  inc=-2.676265  bucket 0->0  (mf=1000)
[MF-SEL] tPrev=(  d=0.008242  dMin=0.000000  dAvg=0.057414  dMax=3.837329  Dlo=0.028707  Dhi=1.947371  err=-1.000000  inc=-2.678483  bucket 0->0  (mf=1000)
[MF-SEL] tPrev=(  d=0.011198  dMin=0.000000  dAvg=0.057396  dMax=3.837329  Dlo=0.028698  Dhi=1.947363  err=-1.000000  inc=-2.680825  bucket 0->0  (mf=1000)
[MF-SEL] tPrev=(  d=0.011093  dMin=0.000000  dAvg=0.057379  dMax=3.837329  Dlo=0.028689  Dhi=1.947354  err=-1.000000  inc=-2.683220  bucket 0->0  (mf=1000)
[MF-SEL] tPrev=(  d=0.011239  dMin=0.000000  dAvg=0.057361  dMax=3.837329  Dlo=0.028681  Dhi=1.947345  err=-1.000000  inc=-2.685733  bucket 0->0  (mf=1000)
[MF-SEL] tPrev=(  d=0.011803  dMin=0.000000  dAvg=0.057344  dMax=3.837329  Dlo=0.028672  Dhi=1.947336  err=-1.000000  inc=-2.688185  bucket 0->0  (mf=1000)
[MF-SEL] tPrev=(  d=0.009876  dMin=0.000000  dAvg=0.057326  dMax=3.837329  Dlo=0.028663  Dhi=1.947327  err=-1.000000  inc=-2.690695  bucket 0->0  (mf=1000)
[MF-SEL] tPrev=(  d=0.010307  dMin=0.000000  dAvg=0.057308  dMax=3.837329  Dlo=0.028654  Dhi=1.947318  err=-1.000000  inc=-2.693263  bucket 0->0  (mf=1000)
[MF-SEL] tPrev=(  d=0.010673  dMin=0.000000  dAvg=0.057290  dMax=3.837329  Dlo=0.028645  Dhi=1.947310  err=-1.000000  inc=-2.695448  bucket 0->0  (mf=1000)
[MF-SEL] tPrev=(  d=0.011533  dMin=0.000000  dAvg=0.057273  dMax=3.837329  Dlo=0.028636  Dhi=1.947301  err=-1.000000  inc=-2.697827  bucket 0->0  (mf=1000)
[MF-SEL] tPrev=(  d=0.013702  dMin=0.000000  dAvg=0.057256  dMax=3.837329  Dlo=0.028628  Dhi=1.947293  err=-1.000000  inc=-2.700264  bucket 0->0  (mf=1000)
[MF-SEL] tPrev=(  d=0.013158  dMin=0.000000  dAvg=0.057240  dMax=3.837329  Dlo=0.028620  Dhi=1.947284  err=-1.000000  inc=-2.702571  bucket 0->0  (mf=1000)
[MF-SEL] tPrev=(  d=0.014145  dMin=0.000000  dAvg=0.057223  dMax=3.837329  Dlo=0.028612  Dhi=1.947276  err=-1.000000  inc=-2.704948  bucket 0->0  (mf=1000)
[MF-SEL] tPrev=(  d=0.001764  dMin=0.000000  dAvg=0.057202  dMax=3.837329  Dlo=0.028601  Dhi=1.947266  err=-1.000000  inc=-2.707692  bucket 0->0  (mf=1000)
[MF-SEL] tPrev=(  d=0.007290  dMin=0.000000  dAvg=0.057183  dMax=3.837329  Dlo=0.028592  Dhi=1.947256  err=-1.000000  inc=-2.710059  bucket 0->0  (mf=1000)
[MF-SEL] tPrev=(  d=0.005358  dMin=0.000000  dAvg=0.057164  dMax=3.837329  Dlo=0.028582  Dhi=1.947246  err=-1.000000  inc=-2.712402  bucket 0->0  (mf=1000)
[MF-SEL] tPrev=(  d=0.007093  dMin=0.000000  dAvg=0.057145  dMax=3.837329  Dlo=0.028572  Dhi=1.947237  err=-1.000000  inc=-2.714777  bucket 0->0  (mf=1000)
[MF-SEL] tPrev=(  d=0.006161  dMin=0.000000  dAvg=0.057125  dMax=3.837329  Dlo=0.028563  Dhi=1.947227  err=-1.000000  inc=-2.717721  bucket 0->0  (mf=1000)
[MF-SEL] tPrev=(  d=0.003490  dMin=0.000000  dAvg=0.057105  dMax=3.837329  Dlo=0.028553  Dhi=1.947217  err=-1.000000  inc=-2.720024  bucket 0->0  (mf=1000)
[MF-SEL] tPrev=(  d=0.003235  dMin=0.000000  dAvg=0.057085  dMax=3.837329  Dlo=0.028542  Dhi=1.947207  err=-1.000000  inc=-2.722458  bucket 0->0  (mf=1000)
[MF-SEL] tPrev=(  d=0.008072  dMin=0.000000  dAvg=0.057066  dMax=3.837329  Dlo=0.028533  Dhi=1.947198  err=-1.000000  inc=-2.724861  bucket 0->0  (mf=1000)
[MF-SEL] tPrev=(  d=0.002104  dMin=0.000000  dAvg=0.057045  dMax=3.837329  Dlo=0.028523  Dhi=1.947187  err=-1.000000  inc=-2.727582  bucket 0->0  (mf=1000)
[MF-SEL] tPrev=(  d=0.002404  dMin=0.000000  dAvg=0.057025  dMax=3.837329  Dlo=0.028512  Dhi=1.947177  err=-1.000000  inc=-2.729868  bucket 0->0  (mf=1000)
[MF-SEL] tPrev=(  d=0.002296  dMin=0.000000  dAvg=0.057004  dMax=3.837329  Dlo=0.028502  Dhi=1.947166  err=-1.000000  inc=-2.732641  bucket 0->0  (mf=1000)
[MF-SEL] tPrev=(  d=0.002376  dMin=0.000000  dAvg=0.056983  dMax=3.837329  Dlo=0.028492  Dhi=1.947156  err=-1.000000  inc=-2.735057  bucket 0->0  (mf=1000)
[MF-SEL] tPrev=(  d=0.001281  dMin=0.000000  dAvg=0.056962  dMax=3.837329  Dlo=0.028481  Dhi=1.947146  err=-1.000000  inc=-2.737368  bucket 0->0  (mf=1000)
[MF-SEL] tPrev=(  d=0.001243  dMin=0.000000  dAvg=0.056941  dMax=3.837329  Dlo=0.028471  Dhi=1.947135  err=-1.000000  inc=-2.739798  bucket 0->0  (mf=1000)
[MF-SEL] tPrev=(  d=0.006092  dMin=0.000000  dAvg=0.056922  dMax=3.837329  Dlo=0.028461  Dhi=1.947126  err=-1.000000  inc=-2.742146  bucket 0->0  (mf=1000)
[MF-SEL] tPrev=(  d=0.001284  dMin=0.000000  dAvg=0.056901  dMax=3.837329  Dlo=0.028451  Dhi=1.947115  err=-1.000000  inc=-2.744929  bucket 0->0  (mf=1000)
[MF-SEL] tPrev=(  d=0.000937  dMin=0.000000  dAvg=0.056880  dMax=3.837329  Dlo=0.028440  Dhi=1.947104  err=-1.000000  inc=-2.747200  bucket 0->0  (mf=1000)
[MF-SEL] tPrev=(  d=0.001030  dMin=0.000000  dAvg=0.056859  dMax=3.837329  Dlo=0.028430  Dhi=1.947094  err=-1.000000  inc=-2.749730  bucket 0->0  (mf=1000)
[MF-SEL] tPrev=(  d=0.000446  dMin=0.000000  dAvg=0.056838  dMax=3.837329  Dlo=0.028419  Dhi=1.947083  err=-1.000000  inc=-2.752171  bucket 0->0  (mf=1000)
[MF-SEL] tPrev=(  d=0.000274  dMin=0.000000  dAvg=0.056816  dMax=3.837329  Dlo=0.028408  Dhi=1.947073  err=-1.000000  inc=-2.754688  bucket 0->0  (mf=1000)
[MF-SEL] tPrev=(  d=0.000284  dMin=0.000000  dAvg=0.056795  dMax=3.837329  Dlo=0.028398  Dhi=1.947062  err=-1.000000  inc=-2.756965  bucket 0->0  (mf=1000)
[MF-SEL] tPrev=(  d=0.000174  dMin=0.000000  dAvg=0.056774  dMax=3.837329  Dlo=0.028387  Dhi=1.947051  err=-1.000000  inc=-2.759523  bucket 0->0  (mf=1000)
[MF-SEL] tPrev=(  d=0.000287  dMin=0.000000  dAvg=0.056753  dMax=3.837329  Dlo=0.028376  Dhi=1.947041  err=-1.000000  inc=-2.761747  bucket 0->0  (mf=1000)
[MF-SEL] tPrev=(  d=0.000248  dMin=0.000000  dAvg=0.056731  dMax=3.837329  Dlo=0.028366  Dhi=1.947030  err=-1.000000  inc=-2.764273  bucket 0->0  (mf=1000)
[MF-SEL] tPrev=(  d=0.014108  dMin=0.000000  dAvg=0.056715  dMax=3.837329  Dlo=0.028358  Dhi=1.947022  err=-1.000000  inc=-2.766497  bucket 0->0  (mf=1000)
[MF-SEL] tPrev=(  d=0.000106  dMin=0.000000  dAvg=0.056694  dMax=3.837329  Dlo=0.028347  Dhi=1.947012  err=-1.000000  inc=-2.768914  bucket 0->0  (mf=1000)
[MF-SEL] tPrev=(  d=0.000377  dMin=0.000000  dAvg=0.056673  dMax=3.837329  Dlo=0.028336  Dhi=1.947001  err=-1.000000  inc=-2.771333  bucket 0->0  (mf=1000)
[MF-SEL] tPrev=(  d=0.000213  dMin=0.000000  dAvg=0.056652  dMax=3.837329  Dlo=0.028326  Dhi=1.946990  err=-1.000000  inc=-2.773800  bucket 0->0  (mf=1000)
[MF-SEL] tPrev=(  d=0.000221  dMin=0.000000  dAvg=0.056631  dMax=3.837329  Dlo=0.028315  Dhi=1.946980  err=-1.000000  inc=-2.776282  bucket 0->0  (mf=1000)
[MF-SEL] tPrev=(  d=0.000363  dMin=0.000000  dAvg=0.056609  dMax=3.837329  Dlo=0.028305  Dhi=1.946969  err=-1.000000  inc=-2.778881  bucket 0->0  (mf=1000)
[MF-SEL] tPrev=(  d=0.000444  dMin=0.000000  dAvg=0.056588  dMax=3.837329  Dlo=0.028294  Dhi=1.946959  err=-1.000000  inc=-2.781197  bucket 0->0  (mf=1000)
[MF-SEL] tPrev=(  d=0.000286  dMin=0.000000  dAvg=0.056567  dMax=3.837329  Dlo=0.028284  Dhi=1.946948  err=-1.000000  inc=-2.783706  bucket 0->0  (mf=1000)
[MF-SEL] tPrev=(  d=0.000236  dMin=0.000000  dAvg=0.056546  dMax=3.837329  Dlo=0.028273  Dhi=1.946938  err=-1.000000  inc=-2.785850  bucket 0->0  (mf=1000)
[MF-SEL] tPrev=(  d=0.000086  dMin=0.000000  dAvg=0.056525  dMax=3.837329  Dlo=0.028263  Dhi=1.946927  err=-1.000000  inc=-2.788230  bucket 0->0  (mf=1000)
[MF-SEL] tPrev=(  d=0.000089  dMin=0.000000  dAvg=0.056504  dMax=3.837329  Dlo=0.028252  Dhi=1.946916  err=-1.000000  inc=-2.790764  bucket 0->0  (mf=1000)
[MF-SEL] tPrev=(  d=0.010377  dMin=0.000000  dAvg=0.056487  dMax=3.837329  Dlo=0.028243  Dhi=1.946908  err=-1.000000  inc=-2.793257  bucket 0->0  (mf=1000)
[MF-SEL] tPrev=(  d=0.000306  dMin=0.000000  dAvg=0.056466  dMax=3.837329  Dlo=0.028233  Dhi=1.946897  err=-1.000000  inc=-2.795661  bucket 0->0  (mf=1000)
[MF-SEL] tPrev=(  d=0.000141  dMin=0.000000  dAvg=0.056445  dMax=3.837329  Dlo=0.028222  Dhi=1.946887  err=-1.000000  inc=-2.798134  bucket 0->0  (mf=1000)
[MF-SEL] tPrev=(  d=0.000448  dMin=0.000000  dAvg=0.056424  dMax=3.837329  Dlo=0.028212  Dhi=1.946876  err=-1.000000  inc=-2.800474  bucket 0->0  (mf=1000)
[MF-SEL] tPrev=(  d=0.000908  dMin=0.000000  dAvg=0.056403  dMax=3.837329  Dlo=0.028201  Dhi=1.946866  err=-1.000000  inc=-2.802740  bucket 0->0  (mf=1000)
[MF-SEL] tPrev=(  d=0.000508  dMin=0.000000  dAvg=0.056382  dMax=3.837329  Dlo=0.028191  Dhi=1.946855  err=-1.000000  inc=-2.805451  bucket 0->0  (mf=1000)
[MF-SEL] tPrev=(  d=0.000298  dMin=0.000000  dAvg=0.056361  dMax=3.837329  Dlo=0.028181  Dhi=1.946845  err=-1.000000  inc=-2.807757  bucket 0->0  (mf=1000)
[MF-SEL] tPrev=(  d=0.000297  dMin=0.000000  dAvg=0.056340  dMax=3.837329  Dlo=0.028170  Dhi=1.946835  err=-1.000000  inc=-2.810233  bucket 0->0  (mf=1000)
[MF-SEL] tPrev=(  d=0.000119  dMin=0.000000  dAvg=0.056319  dMax=3.837329  Dlo=0.028160  Dhi=1.946824  err=-1.000000  inc=-2.812461  bucket 0->0  (mf=1000)
[MF-SEL] tPrev=(  d=0.002127  dMin=0.000000  dAvg=0.056299  dMax=3.837329  Dlo=0.028149  Dhi=1.946814  err=-1.000000  inc=-2.814771  bucket 0->0  (mf=1000)
[MF-SEL] tPrev=(  d=0.000100  dMin=0.000000  dAvg=0.056278  dMax=3.837329  Dlo=0.028139  Dhi=1.946803  err=-1.000000  inc=-2.817352  bucket 0->0  (mf=1000)
[MF-SEL] tPrev=(  d=0.000132  dMin=0.000000  dAvg=0.056257  dMax=3.837329  Dlo=0.028129  Dhi=1.946793  err=-1.000000  inc=-2.819910  bucket 0->0  (mf=1000)
[MF-SEL] tPrev=(  d=0.000206  dMin=0.000000  dAvg=0.056236  dMax=3.837329  Dlo=0.028118  Dhi=1.946783  err=-1.000000  inc=-2.822199  bucket 0->0  (mf=1000)
[MF-SEL] tPrev=(  d=0.000199  dMin=0.000000  dAvg=0.056215  dMax=3.837329  Dlo=0.028108  Dhi=1.946772  err=-1.000000  inc=-2.824539  bucket 0->0  (mf=1000)
[MF-SEL] tPrev=(  d=0.000200  dMin=0.000000  dAvg=0.056194  dMax=3.837329  Dlo=0.028097  Dhi=1.946762  err=-1.000000  inc=-2.827198  bucket 0->0  (mf=1000)
[MF-SEL] tPrev=(  d=0.000136  dMin=0.000000  dAvg=0.056174  dMax=3.837329  Dlo=0.028087  Dhi=1.946751  err=-1.000000  inc=-2.829511  bucket 0->0  (mf=1000)
[MF-SEL] tPrev=(  d=0.000106  dMin=0.000000  dAvg=0.056153  dMax=3.837329  Dlo=0.028076  Dhi=1.946741  err=-1.000000  inc=-2.831959  bucket 0->0  (mf=1000)
[MF-SEL] tPrev=(  d=0.000044  dMin=0.000000  dAvg=0.056132  dMax=3.837329  Dlo=0.028066  Dhi=1.946730  err=-1.000000  inc=-2.834283  bucket 0->0  (mf=1000)
[MF-SEL] tPrev=(  d=0.000084  dMin=0.000000  dAvg=0.056111  dMax=3.837329  Dlo=0.028056  Dhi=1.946720  err=-1.000000  inc=-2.836655  bucket 0->0  (mf=1000)
[MF-SEL] tPrev=(  d=0.003964  dMin=0.000000  dAvg=0.056092  dMax=3.837329  Dlo=0.028046  Dhi=1.946710  err=-1.000000  inc=-2.838889  bucket 0->0  (mf=1000)
[MF-SEL] tPrev=(  d=0.000287  dMin=0.000000  dAvg=0.056071  dMax=3.837329  Dlo=0.028035  Dhi=1.946700  err=-1.000000  inc=-2.841583  bucket 0->0  (mf=1000)
[MF-SEL] tPrev=(  d=0.000241  dMin=0.000000  dAvg=0.056050  dMax=3.837329  Dlo=0.028025  Dhi=1.946690  err=-1.000000  inc=-2.843826  bucket 0->0  (mf=1000)
[MF-SEL] tPrev=(  d=0.000245  dMin=0.000000  dAvg=0.056030  dMax=3.837329  Dlo=0.028015  Dhi=1.946679  err=-1.000000  inc=-2.846326  bucket 0->0  (mf=1000)
[MF-SEL] tPrev=(  d=0.000224  dMin=0.000000  dAvg=0.056009  dMax=3.837329  Dlo=0.028004  Dhi=1.946669  err=-1.000000  inc=-2.848636  bucket 0->0  (mf=1000)
[MF-SEL] tPrev=(  d=0.000122  dMin=0.000000  dAvg=0.055988  dMax=3.837329  Dlo=0.027994  Dhi=1.946658  err=-1.000000  inc=-2.851030  bucket 0->0  (mf=1000)
[MF-SEL] tPrev=(  d=0.000103  dMin=0.000000  dAvg=0.055967  dMax=3.837329  Dlo=0.027984  Dhi=1.946648  err=-1.000000  inc=-2.853652  bucket 0->0  (mf=1000)
[MF-SEL] tPrev=(  d=0.000077  dMin=0.000000  dAvg=0.055947  dMax=3.837329  Dlo=0.027973  Dhi=1.946638  err=-1.000000  inc=-2.855825  bucket 0->0  (mf=1000)
[MF-SEL] tPrev=(  d=0.000073  dMin=0.000000  dAvg=0.055926  dMax=3.837329  Dlo=0.027963  Dhi=1.946627  err=-1.000000  inc=-2.858551  bucket 0->0  (mf=1000)
[MF-SEL] tPrev=(  d=0.000084  dMin=0.000000  dAvg=0.055905  dMax=3.837329  Dlo=0.027953  Dhi=1.946617  err=-1.000000  inc=-2.860706  bucket 0->0  (mf=1000)
Shutdown
SLAM Finished at System Time: 1749950872.262466907501221

 TIME STATS in ms (mean$\pm$std)
OpenCV version: 4.8.1
---------------------------
Tracking

ORB Extraction: 21.25629$\pm$3.02212
Stereo Matching: 5.98221$\pm$1.45199
IMU Preintegration: 0.20609$\pm$0.05823
Pose Prediction: 0.52265$\pm$1.34975
LM Track: 15.59708$\pm$4.41894
New KF decision: 0.25122$\pm$0.26748
Total Tracking: 48.08426$\pm$6.10731



Local Mapping

KF Insertion: 12.58585$\pm$4.50128
MP Culling: 0.47561$\pm$0.21154
MP Creation: 36.62647$\pm$16.99923
LBA: 141.04466$\pm$52.63418
KF Culling: 12.40308$\pm$8.84817
Total Local Mapping: 201.05994$\pm$77.87938
---------------------------

LBA complexity (mean$\pm$std)
LBA Edges: 1309.85000$\pm$559.76145
LBA KF optimized: 6.50000$\pm$2.29129
LBA KF fixed: 1.00000$\pm$0.00000
LBA MP: nan$\pm$nan

LBA executions: 455
LBA aborts: 0
---------------------------

Map complexity
KFs in map: 145
MPs in map: 9393
---------------------------

Place Recognition (mean$\pm$std)
Database Query: 1.56684$\pm$0.81392
SE3 estimation: 20.91076$\pm$12.94578
Total Place Recognition: 16.63518$\pm$15.27603


Loop Closing (mean$\pm$std)
Loop Fusion: nan$\pm$nan
Essential Graph: nan$\pm$nan
Total Loop Closing: nan$\pm$nan

Num exec: 0
Number of KFs: nan$\pm$nan

Map Merging (mean$\pm$std)
Merge Maps: nan$\pm$nan
Welding BA: nan$\pm$nan
Optimization Ess.: nan$\pm$nan
Total Map Merging: nan$\pm$nan

Num exec: 0
Number of KFs: nan$\pm$nan
Number of MPs: nan$\pm$nan

Full GBA (mean$\pm$std)
GBA: nan$\pm$nan
Map Update: nan$\pm$nan
Total Full GBA: nan$\pm$nan

Num exec: 0
Num abort: 0
Number of KFs: nan$\pm$nan
Number of MPs: nan$\pm$nan

Saving trajectory to f_dataset-MH03_stereo_imu.txt ...
There are 1 maps in the atlas
  Map 0 has 145 KFs

End of saving trajectory to f_dataset-MH03_stereo_imu.txt ...

Saving keyframe trajectory to kf_dataset-MH03_stereo_imu.txt ...
