1403715542162142976.000000 0.000000807 -0.000000209 -0.000000183 0.000000031 -0.000000005 -0.000000011 1.000000000
1403715542212143104.000000 0.003569523 0.004362164 0.048359938 0.006705960 0.016044203 -0.004072701 0.999840558
1403715542262142976.000000 -0.005465491 0.003609293 0.087324947 0.014921024 0.033680279 -0.006730457 0.999298632
1403715542312143104.000000 0.021731677 -0.027238902 0.134400591 0.021089442 0.042982303 -0.002506445 0.998850107
1403715542362142976.000000 0.021986330 -0.004889845 0.178180978 0.038421012 0.057128783 -0.001548672 0.997626066
1403715542412143104.000000 0.148569375 0.037906516 0.196745709 0.062237460 0.047690704 0.011099100 0.996859550
1403715542462142976.000000 0.171541587 0.062423665 0.240013212 0.083838873 0.058651887 0.021228163 0.994525254
1403715542512143104.000000 0.181865916 0.026015868 0.269058377 0.092529297 0.069841355 0.028468249 0.992849469
1403715542562142976.000000 0.178047225 0.016052430 0.301282823 0.103708856 0.079960339 0.032365002 0.990859926
1403715542612143104.000000 0.160879195 0.009693999 0.349088818 0.113532439 0.084879451 0.033310387 0.989341378
1403715542662142976.000000 0.357572347 0.038823910 0.371836066 0.126987308 0.036263864 0.041876074 0.990356326
1403715542712143104.000000 0.362178355 0.061341226 0.410717338 0.140320286 0.034914907 0.042083770 0.988595128
1403715542762142976.000000 0.361823708 0.068350866 0.443913281 0.148481324 0.033626050 0.040591773 0.987509489
1403715542812143104.000000 0.372578830 0.070167817 0.471656322 0.153931215 0.028378339 0.037819307 0.986949682
1403715542862142976.000000 0.382774800 0.065377131 0.493976444 0.157369182 0.021952998 0.038320404 0.986551881
1403715542912143104.000000 0.271782488 0.051445223 0.587962568 0.159621581 0.046999894 0.029980306 0.985602975
1403715542962142976.000000 0.285593599 0.007774530 0.598709047 0.154484347 0.042277902 0.034266297 0.986495316
1403715543012143104.000000 0.290901035 0.007986729 0.618390918 0.158906192 0.040325366 0.038736526 0.985709012
1403715543062142976.000000 0.284438074 0.003525496 0.636882424 0.160915583 0.042021316 0.043291558 0.985122502
1403715543112143104.000000 0.273826450 0.006016039 0.658235908 0.163886786 0.043953355 0.047314499 0.984363019
1403715543162142976.000000 0.281826466 0.035650685 0.687005520 0.171636194 0.043710224 0.048494980 0.982994735
1403715543212143104.000000 0.267029613 0.050125178 0.710674524 0.175109521 0.048618358 0.051121157 0.982018113
1403715543262142976.000000 0.336064428 0.119024277 0.750854731 0.190843403 0.033986278 0.053428803 0.979576051
1403715543312143104.000000 0.330663145 0.106839210 0.761588752 0.187543929 0.035910569 0.055980738 0.980001986
1403715543362142976.000000 0.321919709 0.107129306 0.772962928 0.185825750 0.037486639 0.056207623 0.980257273
1403715543412143104.000000 0.264371932 0.041485522 0.757256150 0.167626530 0.052745633 0.057149556 0.982778370
1403715543462142976.000000 0.256716460 0.051750224 0.771155417 0.166557908 0.053711142 0.053601902 0.983107567
1403715543512143104.000000 0.288907826 0.047907941 0.777204156 0.161360770 0.045992687 0.048244651 0.984642029
1403715543562142976.000000 0.273127526 0.049688011 0.781297505 0.157782003 0.051776674 0.046533257 0.985017180
1403715543612143104.000000 0.282791078 0.053840324 0.784289598 0.154779211 0.053272322 0.043598000 0.985547900
1403715543662142976.000000 0.237250984 0.058110446 0.797064602 0.151715145 0.068508565 0.042562928 0.985128224
1403715543712143104.000000 0.203768566 0.065422267 0.793501139 0.146398127 0.080146946 0.038820248 0.985209227
1403715543762142976.000000 0.242534846 -0.107167706 0.745012403 0.094981499 0.075818196 0.028846191 0.992168427
1403715543812143104.000000 0.148617625 0.118549362 0.789078891 0.135804966 0.095644370 0.024188317 0.985811472
1403715543862142976.000000 0.130258098 0.129962474 0.779839456 0.124702737 0.097421348 0.018879954 0.987219274
1403715543912143104.000000 0.161815584 0.114148520 0.761116624 0.106594123 0.087859675 0.014342845 0.990309417
1403715543962142976.000000 0.167241454 0.135266647 0.756507576 0.095739290 0.078839958 0.013255159 0.992190838
1403715544012143104.000000 0.151152521 0.120472305 0.739557385 0.075714730 0.072512820 0.012004614 0.994417012
1403715544062142976.000000 0.053629152 0.128313422 0.711009443 0.061141558 0.082363918 0.011878325 0.994654119
1403715544112143104.000000 0.009340426 0.242668167 0.722536862 0.072582640 0.076845154 0.028586887 0.993986666
1403715544162142976.000000 0.082008205 0.060564116 0.709401369 0.016520238 0.047693059 0.036605876 0.998054385
1403715544212143104.000000 0.039235204 0.037856869 0.676974058 -0.005372013 0.042079221 0.049778640 0.997859001
1403715544262142976.000000 0.005362657 0.020790095 0.654790401 -0.027442815 0.034322999 0.063632131 0.997005463
1403715544312143104.000000 -0.040385544 0.016389027 0.627240181 -0.046790712 0.028230755 0.078334421 0.995428264
1403715544362142976.000000 -0.078407101 0.002538740 0.603896081 -0.068312392 0.020537995 0.096237518 0.992799044
1403715544412143104.000000 -0.165681332 0.073241085 0.532921970 -0.071222961 0.021172382 0.109959118 0.991154909
1403715544462142976.000000 -0.200545356 0.052054197 0.514051437 -0.094405226 0.014382388 0.123815358 0.987699687
1403715544512143104.000000 -0.263078332 0.040960133 0.478058487 -0.112623960 0.014019073 0.134636551 0.984374166
1403715544562142976.000000 -0.329150319 0.013075630 0.452323049 -0.131627470 0.011311114 0.144442409 0.980654299
1403715544612143104.000000 -0.350485116 0.005840287 0.432175845 -0.147867918 0.009285944 0.151889130 0.977230012
1403715544662142976.000000 -0.406883359 -0.020738877 0.401172370 -0.161348179 0.007692621 0.157033488 0.974293649
1403715544712143104.000000 -0.404055357 -0.027294753 0.369749933 -0.171992123 0.004358604 0.161894679 0.971694350
1403715544762142976.000000 -0.446826845 -0.053594507 0.332844287 -0.181211650 0.008768177 0.161927462 0.969981968
1403715544812143104.000000 -0.468339145 -0.061940383 0.269296855 -0.185676053 0.020015450 0.157426327 0.969711721
1403715544862142976.000000 -0.501006365 -0.088236518 0.226216510 -0.190614447 0.022818910 0.156098127 0.968905985
1403715544912143104.000000 -0.472132236 -0.100071788 0.170743808 -0.193139777 0.022389494 0.155881509 0.968450725
1403715544962142976.000000 -0.496488661 -0.128141358 0.122220911 -0.194568813 0.018787205 0.156102255 0.968205631
1403715545012143104.000000 -0.500751674 -0.132785171 0.071404152 -0.193607539 0.013618289 0.156515867 0.968418062
1403715545062142976.000000 -0.523542881 -0.162344337 0.021113357 -0.196268156 0.009133035 0.157650024 0.967750967
1403715545112143104.000000 -0.510113239 -0.189649776 -0.021523882 -0.202870771 0.003766603 0.158728093 0.966247737
1403715545162142976.000000 -0.535594285 -0.220498443 -0.069638088 -0.208531648 -0.000725502 0.159899965 0.964855433
1403715545212143104.000000 -0.535933077 -0.241991043 -0.123485915 -0.215275198 -0.004000009 0.162699848 0.962896407
1403715545262142976.000000 -0.567739129 -0.279839665 -0.181693539 -0.222922623 -0.008293932 0.165253356 0.960691512
1403715545312143104.000000 -0.565554678 -0.294360846 -0.222100705 -0.230705544 -0.011272385 0.169196561 0.958133876
1403715545362142976.000000 -0.599473357 -0.328323334 -0.268573046 -0.237875938 -0.012749835 0.174503252 0.955406308
1403715545412143104.000000 -0.599457860 -0.312988192 -0.346247077 -0.235789865 -0.010260116 0.183481932 0.954270601
1403715545462142976.000000 -0.632804513 -0.344976127 -0.387483448 -0.239381775 -0.008965083 0.193747997 0.951355755
1403715545512143104.000000 -0.623960733 -0.365858316 -0.447197378 -0.241539538 -0.007220003 0.204726517 0.948521793
1403715545562142976.000000 -0.654799998 -0.403269529 -0.501808643 -0.243705854 -0.005443700 0.214303285 0.945860505
1403715545612143104.000000 -0.647396803 -0.417682052 -0.551599264 -0.245073706 -0.003674879 0.222948059 0.943514466
1403715545662142976.000000 -0.674364746 -0.449197233 -0.605055094 -0.246056840 -0.002120032 0.228824750 0.941855013
1403715545712143104.000000 -0.693126500 -0.450390190 -0.656830072 -0.242222667 -0.000225644 0.231968254 0.942082226
1403715545762142976.000000 -0.718974233 -0.475440323 -0.709970772 -0.241774216 -0.000308042 0.231599957 0.942288041
1403715545812143104.000000 -0.714243174 -0.486483783 -0.770819426 -0.240100875 -0.002882875 0.228739619 0.943409562
1403715545862142976.000000 -0.739344716 -0.510064185 -0.827519417 -0.237536073 -0.002297044 0.223278388 0.945366681
1403715545912143104.000000 -0.756386578 -0.508495927 -0.879961371 -0.230844766 -0.004193458 0.215220734 0.948880017
1403715545962142976.000000 -0.782467008 -0.529877663 -0.938069046 -0.225060597 -0.004308365 0.204329461 0.952669322
1403715546012143104.000000 -0.788745642 -0.530244112 -0.994922042 -0.215012476 -0.006520271 0.193365246 0.957255006
1403715546062142976.000000 -0.813394725 -0.549234092 -1.053496003 -0.204280987 -0.005564434 0.181653887 0.961894095
1403715546112143104.000000 -0.833836436 -0.567064941 -1.112529993 -0.191122606 -0.003343509 0.169828624 0.966757119
1403715546162142976.000000 -0.833756030 -0.561183453 -1.167313337 -0.171392277 -0.005430081 0.163109183 0.971591771
1403715546212143104.000000 -0.857877970 -0.584044933 -1.228749752 -0.152929604 -0.004041212 0.153575271 0.976222754
1403715546262142976.000000 -0.882402897 -0.607698262 -1.290241241 -0.132383913 -0.002726816 0.145509422 0.980456114
1403715546312143104.000000 -0.874028385 -0.593674779 -1.338216186 -0.108706698 -0.001581296 0.138337404 0.984399915
1403715546362142976.000000 -0.897712290 -0.613518894 -1.394472837 -0.086719528 0.000288239 0.130104542 0.987700641
1403715546412143104.000000 -0.922538996 -0.634019256 -1.449939609 -0.063933402 0.000264472 0.122549310 0.990401030
1403715546462142976.000000 -0.907964170 -0.646179795 -1.514012814 -0.040960845 0.001326595 0.114634261 0.992562115
1403715546512143104.000000 -0.930885971 -0.664339900 -1.568980098 -0.017867109 0.001443836 0.106242187 0.994178712
1403715546562142976.000000 -0.931632280 -0.652611971 -1.624996781 0.008684639 0.003365448 0.097907856 0.995151937
1403715546612143104.000000 -0.954846561 -0.667109251 -1.673850536 0.031353600 0.003031414 0.086853318 0.995723069
1403715546662142976.000000 -0.954558372 -0.675809264 -1.738525271 0.055525456 0.000734262 0.075388044 0.995606899
1403715546712143104.000000 -0.979165733 -0.694827437 -1.791879654 0.078548275 -0.003572765 0.063277192 0.994893670
1403715546762142976.000000 -0.979861617 -0.699650407 -1.848343730 0.103010759 -0.012075784 0.050917860 0.993302822
1403715546812143104.000000 -1.004616261 -0.719049871 -1.894653678 0.126438931 -0.021303749 0.040753786 0.990907967
1403715546862142976.000000 -1.004965186 -0.725030124 -1.952304363 0.150853112 -0.028034033 0.032251019 0.987632275
1403715546912143104.000000 -1.025644064 -0.744339764 -1.990538597 0.173557028 -0.030811859 0.024896953 0.984026849
1403715546962142976.000000 -1.041497827 -0.763532043 -2.020177603 -0.193624496 0.032006685 -0.010768955 -0.980494380
1403715547012143104.000000 -1.057299972 -0.783448815 -2.047362328 -0.212803528 0.029193468 0.004421772 -0.976648808
1403715547062142976.000000 -1.071876764 -0.804778397 -2.070159912 -0.231996894 0.026892759 0.018355202 -0.972171426
1403715547112143104.000000 -1.046630025 -0.793867946 -2.174627781 0.253826171 -0.026822405 -0.030191626 0.966406405
1403715547162142976.000000 -1.058464408 -0.820336521 -2.190631390 0.273369998 -0.023366237 -0.042145800 0.960701168
1403715547212143104.000000 -1.068765640 -0.849788010 -2.204022884 0.292900890 -0.019606089 -0.053520449 0.954442441
1403715547262142976.000000 -1.076303601 -0.878094554 -2.210801601 -0.309664994 0.017052004 0.065363236 -0.948443174
1403715547312143104.000000 -1.083377719 -0.913071573 -2.215469360 -0.328150630 0.013279554 0.076571412 -0.941423178
1403715547362142976.000000 -1.061681390 -0.901618361 -2.345378876 0.345479459 -0.012727553 -0.085983925 0.934392214
1403715547412143104.000000 -1.068611264 -0.941793323 -2.341452122 0.361464739 -0.013327540 -0.094303608 0.927508771
1403715547462142976.000000 -1.075283647 -0.984860003 -2.332821608 0.376543164 -0.015996659 -0.102443315 0.920578539
1403715547512143104.000000 -1.069923282 -1.029617786 -2.340375662 -0.390641242 0.020500457 0.110088684 -0.913706601
1403715547562142976.000000 -1.069848418 -1.079347372 -2.329405785 -0.405527949 0.022245744 0.119052500 -0.906023562
1403715547612143104.000000 -1.065322876 -1.071980119 -2.474893808 0.423952430 -0.019986266 -0.127363756 0.896461606
1403715547662142976.000000 -1.064299583 -1.133640528 -2.459483624 0.439496666 -0.020008849 -0.136859149 0.887531400
1403715547712143104.000000 -1.058148503 -1.197096586 -2.435951471 0.453974366 -0.019106276 -0.146767482 0.878636181
1403715547762142976.000000 -1.058472633 -1.214161038 -2.537092686 0.469747514 -0.016080422 -0.155423954 0.868862629
1403715547812143104.000000 -1.039426804 -1.280091763 -2.508085728 0.484162837 -0.014858850 -0.163394704 0.859457850
1403715547862142976.000000 -1.048936844 -1.327131152 -2.573306561 0.499758154 -0.012441114 -0.169726253 0.849282086
1403715547912143104.000000 -1.033572912 -1.399704337 -2.556133270 0.513727367 -0.007514184 -0.174928010 0.839897633
1403715547962142976.000000 -1.035007954 -1.454542279 -2.606393576 0.528622985 -0.000852588 -0.176513329 0.830301285
1403715548012143104.000000 -1.018420339 -1.535304070 -2.592681408 0.541244090 0.005733823 -0.174263403 0.822589993
1403715548062142976.000000 -1.017804623 -1.594035149 -2.637227774 0.552433968 0.016257098 -0.171711788 0.815516770
1403715548112143104.000000 -1.000000954 -1.679016352 -2.629729509 0.560394108 0.027515622 -0.169045031 0.810324132
1403715548162142976.000000 -0.993737876 -1.749169350 -2.685850143 0.566115737 0.036828414 -0.166778222 0.806437731
1403715548212143104.000000 -0.968741059 -1.843100309 -2.664003849 0.569849312 0.045416903 -0.165562436 0.803615689
1403715548262142976.000000 -0.983818114 -1.891839981 -2.695134878 0.574101806 0.054822762 -0.163886562 0.800339222
1403715548312143104.000000 -0.956370354 -1.995008707 -2.671624184 0.576914072 0.059775483 -0.163142368 0.798111320
1403715548362142976.000000 -0.932292223 -2.102524996 -2.646550179 0.579324245 0.061170124 -0.163419783 0.796200752
1403715548412143104.000000 -0.975715220 -2.124530315 -2.736551523 0.575496197 0.065719426 -0.162625760 0.798772812
1403715548462142976.000000 -0.953399718 -2.241682053 -2.714459419 0.574950814 0.064230919 -0.162550390 0.799301863
1403715548512143104.000000 -0.933256984 -2.363017082 -2.691439867 0.575233698 0.061722241 -0.162079990 0.799391448
1403715548562142976.000000 -0.983284116 -2.338171721 -2.810007572 0.571968257 0.059969466 -0.157959178 0.802686095
1403715548612143104.000000 -0.963326931 -2.469325304 -2.797511101 0.571381569 0.055300444 -0.155786470 0.803862929
1403715548712143104.000000 -1.006827116 -2.597433329 -2.823463202 0.571109533 0.055817269 -0.147660434 0.805552483
1403715548762142976.000000 -0.991569042 -2.722973108 -2.821346283 0.569588840 0.051524073 -0.146571591 0.807112515
1403715548812143104.000000 -0.981125116 -2.848149061 -2.817410946 0.567146957 0.046897545 -0.145692915 0.809270442
1403715548862142976.000000 -1.017796636 -2.827270508 -2.877347946 0.566996634 0.053521842 -0.141331688 0.809738040
1403715548912143104.000000 -1.003238797 -2.940735340 -2.880835056 0.565449178 0.050434224 -0.139790848 0.811284244
1403715548962142976.000000 -0.990714550 -3.056149244 -2.881629229 0.564892054 0.048199814 -0.139636159 0.811834693
1403715549012143104.000000 -1.026839852 -3.056930304 -2.932014465 0.567805111 0.054382145 -0.136956230 0.809866071
1403715549062142976.000000 -1.022526741 -3.164517403 -2.933415651 0.570523918 0.055842832 -0.137097165 0.807829499
1403715549112143104.000000 -1.016756535 -3.273577452 -2.933406353 0.574855208 0.059062965 -0.135216236 0.804841399
1403715549162142976.000000 -1.027127981 -3.264125109 -3.017392159 0.579126835 0.065573432 -0.133049116 0.801629782
1403715549212143104.000000 -1.021942377 -3.362097979 -3.023372412 0.583149910 0.072127201 -0.130332887 0.798590779
1403715549262142976.000000 -1.016267180 -3.460375786 -3.027574539 0.587139666 0.078384809 -0.126766771 0.795646369
1403715549312143104.000000 -1.037119031 -3.497585535 -3.053844929 0.593514144 0.086636186 -0.123483241 0.790561259
1403715549362142976.000000 -1.032721758 -3.586858034 -3.060965061 0.598398387 0.086742178 -0.117522746 0.787771344
1403715549412143104.000000 -1.028865695 -3.675615788 -3.066129684 0.602845728 0.082792632 -0.112733975 0.785502076
1403715549462142976.000000 -1.035479903 -3.716819048 -3.122122288 0.607090712 0.075819902 -0.108600020 0.783516645
1403715549512143104.000000 -1.032513857 -3.801316738 -3.125389099 0.610186636 0.068245724 -0.106500402 0.782094896
1403715549562142976.000000 -1.038897395 -3.834504128 -3.168154955 0.612461686 0.057931598 -0.106731802 0.781116426
1403715549612143104.000000 -1.038115978 -3.910670042 -3.176731586 0.613529861 0.047427118 -0.105823360 0.781110287
1403715549662142976.000000 -1.068423033 -3.914649725 -3.187611580 0.616340041 0.039730284 -0.103576444 0.779627144
1403715549712143104.000000 -1.066142559 -3.988976240 -3.192857742 0.613849819 0.031875633 -0.099336445 0.782498956
1403715549762142976.000000 -1.074522853 -4.014536381 -3.209344149 0.610790551 0.027844956 -0.093349956 0.785776973
1403715549812143104.000000 -1.070044279 -4.084475517 -3.211665630 0.604844868 0.025618611 -0.086277381 0.791241288
1403715549912143104.000000 -1.055613756 -4.186141968 -3.224349499 0.588277459 0.016151816 -0.069987647 0.805462956
1403715549962142976.000000 -1.044548988 -4.254947662 -3.214915037 0.578973293 0.010606823 -0.058431428 0.813180864
1403715550012143104.000000 -1.040226936 -4.272043228 -3.217256069 0.568069220 0.003870642 -0.047275670 0.821612716
1403715550112143104.000000 -1.020209074 -4.348721027 -3.194565535 0.538636446 -0.005584450 -0.033824563 0.841840625
1403715550162142976.000000 -1.003797412 -4.403413773 -3.173773050 0.520468295 -0.007050854 -0.032729227 0.853224397
1403715550212143104.000000 -1.007148743 -4.356614113 -3.169802666 0.508404553 -0.002098334 -0.029064884 0.860625207
1403715550312143104.000000 -0.958306670 -4.399947166 -3.126506329 0.473372459 -0.003527458 -0.027059676 0.880439579
1403715550362142976.000000 -0.928035438 -4.430283546 -3.098125458 0.454669654 -0.002365199 -0.024794517 0.890311837
1403715550412143104.000000 -0.896049440 -4.456526756 -3.069668770 -0.436922610 0.000067479 0.023181247 -0.899200380
1403715550462142976.000000 -0.857564628 -4.444877625 -3.046012640 0.419385552 0.004598498 -0.021165837 0.907549858
1403715550562142976.000000 -0.789263010 -4.491834641 -2.978630066 0.379541069 0.007083762 -0.013723241 0.925046027
1403715550612143104.000000 -0.754049182 -4.477872849 -2.950445652 0.364564002 0.006694137 -0.006489149 0.931131721
1403715550712143104.000000 -0.696276426 -4.513103008 -2.868769646 0.328261197 0.003841569 0.013970661 0.944475889
1403715550812143104.000000 -0.657201290 -4.554338455 -2.789932966 -0.295324534 0.004042133 -0.041270137 -0.954496741
1403715550862142976.000000 -0.637670696 -4.560986042 -2.741954327 -0.277927548 0.006272160 -0.054676611 -0.959024191
1403715550912143104.000000 -0.622948587 -4.571238995 -2.694597006 -0.261884093 0.009673751 -0.068328910 -0.962628901
1403715550962142976.000000 -0.611658335 -4.525245667 -2.658601046 0.252150863 -0.009994956 0.080356352 0.964294016
1403715551012143104.000000 -0.597951055 -4.525930882 -2.607218981 0.234840304 -0.012113543 0.089626946 0.967817307
1403715551062142976.000000 -0.583813131 -4.527094364 -2.556944609 0.215401322 -0.011945283 0.094145983 0.971903384
1403715551112143104.000000 -0.564205945 -4.508593559 -2.503112793 0.197010517 -0.009392856 0.098724321 0.975372910
1403715551162142976.000000 -0.545586765 -4.504146576 -2.454226494 0.177253678 -0.008877735 0.103179470 0.978701413
1403715551212143104.000000 -0.518088758 -4.476330280 -2.396414757 0.160026044 -0.008147302 0.110938109 0.980825245
1403715551262142976.000000 -0.494594336 -4.462532997 -2.348677635 0.141767740 -0.007357755 0.120340101 0.982530475
1403715551312143104.000000 -0.470855266 -4.445226669 -2.301910639 0.123861574 -0.008098196 0.131882191 0.983463228
1403715551362142976.000000 -0.434649348 -4.399758816 -2.233140707 0.107682489 -0.007967407 0.143038988 0.983809352
1403715551412143104.000000 -0.412237018 -4.375456810 -2.187200546 0.089151539 -0.008128453 0.153941706 0.984016299
1403715551462142976.000000 -0.390614450 -4.347738743 -2.142384768 0.069696561 -0.006688478 0.163182110 0.984108329
1403715551512143104.000000 -0.354475409 -4.290241241 -2.065172434 0.051812887 -0.005095456 0.170917124 0.983909011
1403715551562142976.000000 -0.334729493 -4.254519939 -2.020947456 0.030279031 -0.001589729 0.175441951 0.984022796
1403715551612143104.000000 -0.315448403 -4.216174126 -1.978474498 0.008298397 0.001729478 0.176618665 0.984242916
1403715551662142976.000000 -0.281244844 -4.145942688 -1.897617221 -0.013621697 0.006933746 0.175893500 0.984290540
1403715551712143104.000000 -0.263410270 -4.101547241 -1.857573986 -0.037117321 0.014495784 0.175430298 0.983685136
1403715551762142976.000000 -0.245854706 -4.054355621 -1.820888758 -0.059912018 0.021098720 0.175954640 0.982346892
1403715551812143104.000000 -0.216303125 -3.975424051 -1.740477324 -0.079446368 0.027394870 0.179681346 0.980128825
1403715551862142976.000000 -0.201939240 -3.926416874 -1.705978036 -0.100331388 0.035120539 0.184465051 0.977073669
1403715551912143104.000000 -0.189960837 -3.877359152 -1.675755024 -0.120709628 0.044759993 0.189994290 0.973307788
1403715551962142976.000000 -0.164516956 -3.790570498 -1.603638649 -0.140533149 0.052149270 0.192250133 0.969830334
1403715552012143104.000000 -0.156637788 -3.740244150 -1.583156824 -0.162396982 0.055022299 0.191726074 0.966354430
1403715552062142976.000000 -0.139250100 -3.663802624 -1.528708220 -0.183607236 0.053224903 0.188119501 0.963362098
1403715552112143104.000000 -0.134906411 -3.614566088 -1.511660218 -0.203141734 0.049971770 0.189554378 0.959325552
1403715552162142976.000000 -0.122719020 -3.539056778 -1.467009068 -0.221781582 0.046270415 0.190109059 0.955264688
1403715552212143104.000000 -0.122301728 -3.495755196 -1.462219715 -0.241404846 0.045645509 0.191163555 0.950314045
1403715552262142976.000000 -0.110653222 -3.418825626 -1.418938518 -0.261635631 0.047876224 0.189558759 0.945157230
1403715552312143104.000000 -0.113060683 -3.380384922 -1.420506477 -0.282263219 0.051072538 0.190184981 0.938908339
1403715552362142976.000000 -0.102909863 -3.304839134 -1.382317305 -0.302172661 0.052972667 0.191143900 0.932389200
1403715552412143104.000000 -0.109161019 -3.272551060 -1.389952183 -0.323067099 0.051510833 0.193600401 0.924928784
1403715552462142976.000000 -0.103651643 -3.202033520 -1.360056162 -0.343257964 0.051384032 0.196721002 0.916970313
1403715552512143104.000000 -0.110012710 -3.176928997 -1.372518897 -0.363957554 0.051393405 0.202111319 0.907769144
1403715552612143104.000000 -0.104983091 -3.069543839 -1.350134492 -0.403918922 0.056416471 0.216237083 0.887078524
1403715552662142976.000000 -0.109574437 -3.056851387 -1.373883486 -0.422836185 0.059651975 0.225696996 0.875621080
1403715552712143104.000000 -0.115690470 -3.049707174 -1.401723504 -0.442241162 0.060401235 0.235999390 0.863179505
1403715552812143104.000000 -0.123365521 -2.941090584 -1.382961154 0.482919663 -0.055069782 -0.256848752 -0.835335135
1403715552912143104.000000 -0.150406957 -2.956004143 -1.466503978 0.518126965 -0.052632011 -0.280435741 -0.806306481
1403715552962142976.000000 -0.163098574 -2.883798599 -1.444342613 0.536636293 -0.047378030 -0.296447843 -0.788603604
1403715553012143104.000000 -0.179895401 -2.901149750 -1.492023945 0.550866127 -0.048047569 -0.310510010 -0.773189247
1403715553112143104.000000 -0.218164802 -2.852872372 -1.537527800 0.584382713 -0.044153541 -0.334687024 -0.737924039
1403715553162142976.000000 -0.236542583 -2.878710270 -1.596582174 0.599911392 -0.044537868 -0.339080840 -0.723289013
1403715553212143104.000000 -0.255230308 -2.907931328 -1.659163475 0.616713464 -0.045028802 -0.341215014 -0.707961440
1403715553312143104.000000 -0.305698037 -2.840615034 -1.718465090 0.654900670 -0.045855843 -0.342570037 -0.672047734
1403715553362142976.000000 -0.326851726 -2.876469374 -1.790751934 0.672790229 -0.049697582 -0.335878372 -0.657319725
1403715553412143104.000000 -0.346382260 -2.916051149 -1.864790201 0.691210032 -0.051271793 -0.327423811 -0.642178833
1403715553462142976.000000 -0.380036891 -2.857383966 -1.894192457 0.715040624 -0.046564814 -0.314504981 -0.622603714
1403715553512143104.000000 -0.402798712 -2.906158209 -1.972820044 0.733965755 -0.044670168 -0.303747684 -0.605835140
1403715553562142976.000000 -0.410310149 -2.929154873 -2.031979561 0.751873195 -0.039951377 -0.294273555 -0.588637233
1403715553612143104.000000 -0.432869554 -2.986891270 -2.108320236 0.766532362 -0.033847760 -0.288258284 -0.572878420
1403715553662142976.000000 -0.455218196 -3.053045750 -2.185181379 0.778668046 -0.026088612 -0.283254236 -0.559251845
1403715553712143104.000000 -0.513035178 -2.878402710 -2.208624601 0.786720574 -0.015694272 -0.284377635 -0.547680497
1403715553762142976.000000 -0.532098174 -2.962583303 -2.286489487 0.789670110 -0.001694156 -0.290335625 -0.540484428
1403715553812143104.000000 -0.576502025 -2.915398836 -2.340773582 0.792623222 0.017246475 -0.301039875 -0.529930234
1403715553862142976.000000 -0.595056653 -3.005400658 -2.413754702 0.792473078 0.034186065 -0.310806155 -0.523657560
1403715553912143104.000000 -0.623044014 -3.152535439 -2.452218056 0.790760219 0.044473067 -0.314266801 -0.523408830
1403715553962142976.000000 -0.636993051 -3.253573179 -2.526081800 0.788164616 0.057791285 -0.324879169 -0.519528806
1403715554012143104.000000 -0.641290069 -3.319464684 -2.569290400 0.784045577 0.069012120 -0.338217974 -0.515866816
1403715554062142976.000000 -0.652511358 -3.423592091 -2.637686014 0.778118491 0.078779332 -0.353867829 -0.512935758
1403715554112143104.000000 -0.659528732 -3.478915930 -2.677937746 0.771504104 0.088402078 -0.369678885 -0.510200143
1403715554162142976.000000 -0.668116927 -3.557724953 -2.732298851 0.764631152 0.098988280 -0.383989602 -0.508028090
1403715554212143104.000000 -0.675234199 -3.626971960 -2.786061764 0.758750319 0.106317289 -0.395920813 -0.506202877
1403715554262142976.000000 -0.724505544 -3.522397041 -2.810749292 0.753915370 0.114461049 -0.403858274 -0.505379915
1403715554312143104.000000 -0.736414909 -3.573588610 -2.861206532 0.750401914 0.123853996 -0.407868028 -0.505174160
1403715554362142976.000000 -0.820938587 -3.555927753 -2.959281683 0.747427881 0.133462816 -0.400316596 -0.513113916
1403715554412143104.000000 -0.847501755 -3.582047701 -3.016324043 0.748017430 0.148597181 -0.386604577 -0.518580556
1403715554462142976.000000 -0.874924660 -3.603006124 -3.072326899 0.751893282 0.168851107 -0.356526196 -0.528237522
1403715554512143104.000000 -0.899914265 -3.621530056 -3.120159864 0.755415380 0.189935327 -0.321631223 -0.538354456
1403715554562142976.000000 -0.924558401 -3.638810635 -3.161751032 0.758371055 0.212271318 -0.284251809 -0.546822906
1403715554612143104.000000 -0.940944910 -3.674765110 -3.195174694 0.760757089 0.231360331 -0.247939989 -0.553395748
1403715554662142976.000000 -0.977004051 -3.660366535 -3.221165180 0.761787355 0.247404963 -0.218127832 -0.557576120
1403715554712143104.000000 -0.991828918 -3.682700157 -3.233134985 0.762545228 0.258717835 -0.194802865 -0.560037315
1403715554762142976.000000 -1.064298868 -3.649793863 -3.270302773 0.762421966 0.264320999 -0.173478603 -0.564581692
1403715554812143104.000000 -1.068766117 -3.661593676 -3.257313013 0.764144421 0.268617153 -0.156338006 -0.565231562
1403715554862142976.000000 -1.106661558 -3.635030270 -3.247219086 0.766313076 0.264083028 -0.145601034 -0.567295969
1403715554912143104.000000 -1.092990160 -3.633649588 -3.205506086 0.769901514 0.255825877 -0.142326295 -0.567052126
1403715554962142976.000000 -1.107630014 -3.601727962 -3.164481640 0.774559319 0.240843281 -0.139521867 -0.567966700
1403715555012143104.000000 -1.068030834 -3.593914032 -3.093927145 0.779630184 0.217842072 -0.154024124 -0.566567063
1403715555062142976.000000 -1.023779392 -3.577352047 -3.009879589 0.782890022 0.188437000 -0.182241127 -0.564236641
1403715555112143104.000000 -0.964038610 -3.567093849 -2.917041302 0.783415973 0.154696777 -0.218525991 -0.560869753
1403715555162142976.000000 -0.904168606 -3.550210238 -2.815060139 -0.780177534 -0.121362127 0.259587109 0.556065559
1403715555212143104.000000 -0.836485624 -3.540778160 -2.710432768 -0.773952305 -0.088742405 0.299535662 0.550818622
1403715555262142976.000000 -0.732203126 -3.402976990 -2.532475233 0.769312263 0.060184989 -0.351165950 -0.530300856
1403715555312143104.000000 -0.669484615 -3.392986774 -2.422576189 0.758341968 0.026247187 -0.388790071 -0.522561848
1403715555362142976.000000 -0.845854044 -3.400852442 -2.461279869 0.742578089 -0.003379429 -0.400965571 -0.536463439
1403715555412143104.000000 -0.790257096 -3.399068832 -2.357710361 0.738774896 -0.016522853 -0.412433624 -0.532763839
1403715555462142976.000000 -0.754890084 -3.375048637 -2.278568268 0.741133988 -0.019309396 -0.409332365 -0.531784415
1403715555512143104.000000 -0.697772622 -3.378219366 -2.189334869 0.745008528 -0.017161328 -0.401938915 -0.532083571
1403715555562142976.000000 -0.668027163 -3.344532013 -2.129946947 0.749885321 -0.009805641 -0.390860587 -0.533670187
1403715555662142976.000000 -0.542469621 -3.358193874 -1.982966423 0.756170452 0.005189771 -0.373459816 -0.537314832
1403715555712143104.000000 -0.615016580 -3.257750988 -1.989877224 0.755111158 0.011099461 -0.367382377 -0.542875826
1403715555762142976.000000 -0.560619831 -3.259224892 -1.939071417 0.751910210 0.012794787 -0.371733874 -0.544317305
1403715555812143104.000000 -0.505075932 -3.262318134 -1.892467022 0.747494757 0.011547184 -0.379221499 -0.545260787
1403715555862142976.000000 -0.463650465 -3.215335846 -1.870255470 0.743110061 0.007777523 -0.387778401 -0.545302570
1403715555912143104.000000 -0.408012629 -3.218392849 -1.834928513 0.740043402 0.005915870 -0.392633498 -0.546021760
1403715555962142976.000000 -0.353078246 -3.222723246 -1.804331541 0.736750841 0.004839226 -0.398072064 -0.546546817
1403715556012143104.000000 -0.314093113 -3.183875084 -1.796180964 0.732689619 0.001312573 -0.406252056 -0.546006918
1403715556062142976.000000 -0.268822908 -3.186671257 -1.773683786 0.727332711 -0.005609660 -0.417610228 -0.544570804
1403715556112143104.000000 -0.227844834 -3.190964937 -1.755108356 0.724125683 -0.010562519 -0.424147248 -0.543718338
1403715556162142976.000000 -0.271277547 -3.152300835 -1.776593208 0.723351836 -0.018052712 -0.419609576 -0.548054874
1403715556212143104.000000 -0.239421368 -3.155323505 -1.772082567 0.725064516 -0.022334514 -0.415755302 -0.548571110
1403715556262142976.000000 -0.209972858 -3.159386396 -1.773527861 0.727868259 -0.024008511 -0.409249187 -0.549678624
1403715556312143104.000000 -0.180935979 -3.129394293 -1.789079666 0.729976475 -0.022330057 -0.404408306 -0.550535858
1403715556362142976.000000 -0.158911586 -3.131080389 -1.802221537 0.731234670 -0.020846479 -0.399207443 -0.552715838
1403715556412143104.000000 -0.139678478 -3.133702278 -1.820387363 0.732463181 -0.018001946 -0.393749744 -0.555098951
1403715556462142976.000000 -0.128315091 -3.128799677 -1.841457605 0.733522236 -0.008179880 -0.389421880 -0.556981981
1403715556512143104.000000 -0.119285345 -3.130799770 -1.865498066 0.735775828 0.007228503 -0.379963458 -0.560544014
1403715556562142976.000000 -0.140733004 -3.146427631 -1.911750555 0.736455202 0.020928809 -0.368728995 -0.566775680
1403715556612143104.000000 -0.141236305 -3.149350405 -1.938484192 0.737472534 0.034626801 -0.361717463 -0.569294095
1403715556662142976.000000 -0.146344423 -3.153084517 -1.965255976 0.736688495 0.046959206 -0.359161943 -0.571040869
1403715556712143104.000000 -0.158715248 -3.150658607 -1.992577314 0.734530807 0.058498792 -0.360673577 -0.571801484
1403715556762142976.000000 -0.172764897 -3.150910616 -2.019882679 0.732959270 0.068338320 -0.359882623 -0.573223472
1403715556812143104.000000 -0.189309955 -3.149291515 -2.047835112 0.733660221 0.076749355 -0.353985161 -0.574931979
1403715556862142976.000000 -0.207259297 -3.145682335 -2.075990438 0.734505057 0.082903065 -0.348936260 -0.576084137
1403715556912143104.000000 -0.221397281 -3.196782827 -2.114371061 0.734459519 0.087040402 -0.340852827 -0.580355644
1403715556962142976.000000 -0.240102410 -3.188612938 -2.142374039 0.735163569 0.091840968 -0.337073117 -0.580931664
1403715557012143104.000000 -0.259600878 -3.177948475 -2.169374704 0.733481407 0.094931856 -0.340856642 -0.580353200
1403715557062142976.000000 -0.277907133 -3.157874346 -2.197401047 0.730383635 0.097326182 -0.349264473 -0.578862429
1403715557112143104.000000 -0.295031786 -3.202176809 -2.218998432 0.725977123 0.097435556 -0.357899189 -0.579112887
1403715557162142976.000000 -0.314682841 -3.179864407 -2.245789051 0.721749604 0.098858453 -0.369767815 -0.576694369
1403715557212143104.000000 -0.334684134 -3.153430939 -2.273294449 0.717973113 0.100227557 -0.380085051 -0.574460149
1403715557262142976.000000 -0.352299571 -3.183901787 -2.300240278 0.714146554 0.100490220 -0.387839794 -0.574000716
1403715557312143104.000000 -0.372731328 -3.148665190 -2.330125332 0.712599516 0.102370530 -0.393278509 -0.571886539
1403715557362142976.000000 -0.394351840 -3.108683109 -2.361076832 0.711315870 0.104062282 -0.398028940 -0.569889247
1403715557412143104.000000 -0.419650197 -3.014050484 -2.389488459 0.713477373 0.103445865 -0.400186300 -0.565773845
1403715557462142976.000000 -0.440414071 -3.019739389 -2.422676563 0.715917230 0.100175843 -0.395186305 -0.566793740
1403715557512143104.000000 -0.464861989 -2.966668129 -2.456580162 0.721262157 0.097238362 -0.386302292 -0.566653609
1403715557562142976.000000 -0.494085193 -2.856332541 -2.491042614 0.727786541 0.096156985 -0.377199262 -0.564624965
1403715557612143104.000000 -0.523766041 -2.687862158 -2.518285751 0.734459996 0.100264169 -0.372072607 -0.558639169
1403715557662142976.000000 -0.530053377 -2.982134819 -2.553650856 0.735436320 0.091874376 -0.351159781 -0.572170794
1403715557712143104.000000 -0.555909872 -2.945226192 -2.585730553 0.740146816 0.091892309 -0.341515630 -0.571931481
1403715557762142976.000000 -0.581630707 -2.907622099 -2.616364956 0.743185639 0.090312585 -0.336550981 -0.571184874
1403715557812143104.000000 -0.606446266 -2.868624687 -2.646407604 0.745094776 0.087416172 -0.336015642 -0.569460869
1403715557862142976.000000 -0.628795505 -2.828497410 -2.676363707 0.746449947 0.084969506 -0.337707430 -0.567050636
1403715557912143104.000000 -0.648388743 -2.787208557 -2.706487656 0.747623265 0.083119921 -0.340060860 -0.564366221
1403715557962142976.000000 -0.664575338 -2.744433641 -2.736974716 0.749182582 0.081084542 -0.341715902 -0.561588049
1403715558012143104.000000 -0.677844882 -2.700781345 -2.767683983 0.750758529 0.078881383 -0.342937201 -0.559046984
1403715558062142976.000000 -0.688642859 -2.655779600 -2.812673092 0.751565218 0.078655615 -0.343734503 -0.557503045
1403715558112143104.000000 -0.696655035 -2.609802008 -2.844475269 0.752281487 0.078775406 -0.345879227 -0.555188775
1403715558162142976.000000 -0.702281117 -2.562411070 -2.876744270 0.752800882 0.079761371 -0.347390562 -0.553397596
1403715558212143104.000000 -0.708429337 -2.513289690 -2.911525726 0.753396153 0.084440574 -0.347229719 -0.551992476
1403715558262142976.000000 -0.713539362 -2.464176655 -2.943031311 0.754503906 0.088452734 -0.345543355 -0.550908148
1403715558312143104.000000 -0.718835950 -2.414137363 -2.974116802 0.756724775 0.094605200 -0.339579582 -0.550548136
1403715558362142976.000000 -0.723634720 -2.363828421 -3.015225649 0.759355426 0.096774884 -0.332272410 -0.551007330
1403715558412143104.000000 -0.729156494 -2.311900377 -3.043686867 0.762677491 0.096727170 -0.323794961 -0.551474214
1403715558462142976.000000 -0.735591531 -2.259292841 -3.069684744 0.766016424 0.088426083 -0.317538530 -0.551877677
1403715558512143104.000000 -0.743099272 -2.207637548 -3.093655348 0.769861817 0.077373654 -0.309692025 -0.552645445
1403715558562142976.000000 -0.752829492 -2.157272339 -3.114774704 0.773259699 0.065983839 -0.302868903 -0.553160071
1403715558612143104.000000 -0.764736295 -2.106678963 -3.146117449 0.775910378 0.056251306 -0.296614707 -0.553912103
1403715558662142976.000000 -0.779634953 -2.060650349 -3.162788868 0.777270198 0.049719363 -0.294750601 -0.553625345
1403715558712143104.000000 -0.796720386 -2.017100334 -3.177113533 0.777927220 0.045231212 -0.292806923 -0.554118693
1403715558762142976.000000 -0.816317439 -1.974687099 -3.190557718 0.776642084 0.044537950 -0.291935474 -0.556432545
1403715558812143104.000000 -0.834159970 -1.934946060 -3.201536894 0.774757981 0.045496497 -0.289528221 -0.560226381
1403715558862142976.000000 -0.850721657 -1.897186279 -3.211129904 0.771730185 0.047875851 -0.286702871 -0.565634191
1403715558912143104.000000 -0.865666986 -1.861887217 -3.219470024 0.768152297 0.052245069 -0.282416850 -0.572235286
1403715558962142976.000000 -0.878671587 -1.828814507 -3.226424217 0.764079809 0.054810740 -0.277543813 -0.579782188
1403715559012143104.000000 -0.888244390 -1.793176413 -3.246704578 0.758679986 0.058957912 -0.272669375 -0.588710666
1403715559062142976.000000 -0.896913350 -1.765175581 -3.249497652 0.752694726 0.060972814 -0.269391090 -0.597629786
1403715559112143104.000000 -0.903188944 -1.739462614 -3.250268221 0.746094942 0.059862513 -0.266589403 -0.607197642
1403715559162142976.000000 -0.907219887 -1.715053558 -3.250919580 0.738730133 0.058749225 -0.264356971 -0.617204785
1403715559212143104.000000 -0.909381449 -1.693906546 -3.247694969 0.731232822 0.057834100 -0.260783881 -0.627650857
1403715559262142976.000000 -0.910125077 -1.675002337 -3.242327452 0.723585665 0.057476833 -0.256819576 -0.638094008
1403715559312143104.000000 -0.909758806 -1.655447245 -3.236882925 0.715412617 0.057934843 -0.252653658 -0.648840964
1403715559362142976.000000 -0.908490956 -1.641649008 -3.227154732 0.706806004 0.059632920 -0.249080330 -0.659415126
1403715559412143104.000000 -0.911264658 -1.624993801 -3.220627546 0.696765900 0.062167514 -0.248309895 -0.670070648
1403715559462142976.000000 -0.909420371 -1.615692377 -3.206870556 0.686783552 0.068744346 -0.249807417 -0.679116189
1403715559512143104.000000 -0.906687200 -1.612581849 -3.186856985 0.676512182 0.073226258 -0.257458687 -0.686064303
1403715559562142976.000000 -0.908034325 -1.607140779 -3.167160988 0.666204095 0.073978581 -0.267710686 -0.692120194
1403715559612143104.000000 -0.911264420 -1.602315545 -3.145649910 0.657138288 0.072903305 -0.277054548 -0.697205305
1403715559662142976.000000 -0.922813356 -1.589997649 -3.127898693 0.649390399 0.072946303 -0.282334030 -0.702323675
1403715559712143104.000000 -0.929684758 -1.586887717 -3.102609158 0.643551230 0.075118817 -0.283242196 -0.707087576
1403715559762142976.000000 -0.936781049 -1.583650589 -3.075924158 0.638369620 0.077384047 -0.280924469 -0.712444663
1403715559812143104.000000 -0.944485664 -1.580154896 -3.048813581 0.632727206 0.079040177 -0.278615683 -0.718179822
1403715559862142976.000000 -0.950920999 -1.577306509 -3.019577503 0.626342714 0.080347210 -0.276366502 -0.724472821
1403715559912143104.000000 -0.956531882 -1.574473739 -2.988819599 0.619596481 0.083109535 -0.271813035 -0.731649399
1403715559962142976.000000 -0.966310680 -1.566053867 -2.956301212 0.611922503 0.085996509 -0.266989470 -0.739508092
1403715560012143104.000000 -0.969926178 -1.563088894 -2.921727896 0.604106188 0.089308195 -0.261556327 -0.747441053
1403715560062142976.000000 -0.972145617 -1.559960365 -2.885035515 0.595558524 0.090023801 -0.257801771 -0.755476117
1403715560112143104.000000 -0.972048342 -1.557550192 -2.845690489 0.586680949 0.092357174 -0.254016101 -0.763381660
1403715560162142976.000000 -0.967877924 -1.553904057 -2.805040359 0.576799870 0.090748556 -0.252831638 -0.771455109
1403715560212143104.000000 -0.963896990 -1.542312145 -2.763785362 0.565524936 0.086667925 -0.255776465 -0.779261649
1403715560262142976.000000 -0.951879799 -1.537454963 -2.720466137 0.554523647 0.080718502 -0.258838505 -0.786759555
1403715560312143104.000000 -0.936634779 -1.531598926 -2.676551342 0.543295085 0.076971240 -0.261853009 -0.793938875
1403715560362142976.000000 -0.919079125 -1.524753332 -2.632418156 -0.532339573 -0.072727084 0.263582975 0.801155031
1403715560412143104.000000 -0.900569916 -1.517450571 -2.587388039 -0.521862984 -0.068879373 0.263314545 0.808443069
1403715560462142976.000000 -0.888024211 -1.501937866 -2.541557789 0.511152625 0.067847729 -0.262121499 -0.815727949
1403715560512143104.000000 -0.869576633 -1.493498087 -2.494809628 0.501271427 0.065495089 -0.260164529 -0.822649240
1403715560562142976.000000 -0.851450324 -1.484783649 -2.447321892 0.491128683 0.062875792 -0.258621782 -0.829429984
1403715560612143104.000000 -0.833947062 -1.474598289 -2.398800850 -0.480839372 -0.062003370 0.255443424 0.836479366
1403715560662142976.000000 -0.819277942 -1.459529877 -2.351055145 0.469931781 0.059821554 -0.252022386 -0.843842566
1403715560712143104.000000 -0.799469352 -1.448588133 -2.301228523 0.458790898 0.058525518 -0.248519629 -0.851072073
1403715560762142976.000000 -0.779169679 -1.437151432 -2.250720978 0.448006839 0.057598405 -0.242804497 -0.858497679
1403715560812143104.000000 -0.762694597 -1.421774864 -2.200694084 0.436713248 0.056796603 -0.236962557 -0.865970254
1403715560862142976.000000 -0.741734743 -1.410494328 -2.148815632 0.426062882 0.057987977 -0.228127643 -0.873536289
1403715560912143104.000000 -0.720484734 -1.399495125 -2.095774651 0.414240330 0.059154190 -0.221243009 -0.880884409
1403715560962142976.000000 -0.699197173 -1.389092565 -2.041424751 -0.401783079 -0.059008911 0.214144245 0.888386488
1403715561012143104.000000 -0.682572782 -1.370651245 -1.987348914 -0.387860656 -0.057790600 0.208660752 0.895926952
1403715561062142976.000000 -0.659683347 -1.360681295 -1.930725813 -0.373691976 -0.056417167 0.204114988 0.903055072
1403715561112143104.000000 -0.636898756 -1.351246476 -1.872956514 -0.358670920 -0.054189518 0.201372817 0.909872413
1403715561162142976.000000 -0.615180492 -1.340555191 -1.815624714 0.343356043 0.051111452 -0.200162888 -0.916203678
1403715561212143104.000000 -0.597213626 -1.325274825 -1.756041288 -0.328818232 -0.048446205 0.199193835 0.921874940
1403715561262142976.000000 -0.574198186 -1.315909743 -1.696315527 -0.315268219 -0.042866718 0.203326643 0.925973415
1403715561312143104.000000 -0.551858604 -1.306351304 -1.636184812 -0.302282155 -0.037326593 0.209858730 0.929081023
1403715561362142976.000000 -0.533429801 -1.292403936 -1.575409293 -0.289879113 -0.032305341 0.216091484 0.931789100
1403715561412143104.000000 -0.511441708 -1.281808496 -1.515428066 -0.278611034 -0.027625270 0.219745353 0.934518456
1403715561462142976.000000 -0.489597529 -1.269925594 -1.456019878 -0.269063622 -0.024884172 0.218550220 0.937668085
1403715561512143104.000000 -0.471273512 -1.252763152 -1.396201015 -0.261119217 -0.022606213 0.211448431 0.941591918
1403715561562142976.000000 -0.448897064 -1.238474250 -1.339225292 -0.253997028 -0.020344429 0.203345463 0.945368886
1403715561612143104.000000 -0.426395953 -1.223329663 -1.282892823 -0.247654513 -0.019095207 0.193081215 0.949221969
1403715561662142976.000000 -0.405959934 -1.207343340 -1.227885485 -0.241503790 -0.018294480 0.181528032 0.953094423
1403715561712143104.000000 -0.383136392 -1.191707611 -1.171594977 -0.234510764 -0.012817383 0.172406480 0.956617236
1403715561762142976.000000 -0.360399008 -1.176682472 -1.115782619 -0.227090076 -0.008603088 0.162087113 0.960252047
1403715561812143104.000000 -0.339820832 -1.165683270 -1.060688257 -0.217835367 -0.002023345 0.154835746 0.963623166
1403715561862142976.000000 -0.316506058 -1.152982116 -1.006650686 -0.207999527 0.003195173 0.147087097 0.967001259
1403715561912143104.000000 -0.292528331 -1.141931891 -0.953618884 -0.196501106 0.010107484 0.140873820 0.970278203
1403715561962142976.000000 -0.274714231 -1.122991562 -0.888810098 -0.185411036 0.019835953 0.133653358 0.973327339
1403715562012143104.000000 -0.249839470 -1.114925265 -0.838834643 -0.174858451 0.029337207 0.127005920 0.975926936
1403715562062142976.000000 -0.225037724 -1.108555675 -0.791126430 -0.165255457 0.039093323 0.121819168 0.977917433
1403715562112143104.000000 -0.203988627 -1.103845239 -0.743033350 -0.158143684 0.048346017 0.115049496 0.979498327
1403715562162142976.000000 -0.179802686 -1.101110816 -0.701375544 -0.152806163 0.056044888 0.109068662 0.980618834
1403715562212143104.000000 -0.156397194 -1.100685000 -0.662577212 -0.148985595 0.061101176 0.102598786 0.981602550
1403715562262142976.000000 -0.135302514 -1.102873683 -0.626999021 0.146877810 -0.060632627 -0.095161848 -0.982697725
1403715562312143104.000000 -0.118779808 -1.110388994 -0.589566708 -0.145466164 0.057134729 0.088650554 0.983725786
1403715562362142976.000000 -0.099736691 -1.118709564 -0.559685647 -0.144768566 0.048672307 0.082955584 0.984779954
1403715562412143104.000000 -0.081808642 -1.130680561 -0.531630695 -0.144034475 0.036383413 0.078022905 0.985820889
1403715562462142976.000000 -0.063983634 -1.148622274 -0.506232381 0.143400788 -0.024169385 -0.072598495 -0.986702383
1403715562512143104.000000 -0.050367311 -1.169829488 -0.476944894 -0.141013891 0.013750503 0.067207269 0.987628102
1403715562562142976.000000 -0.031309530 -1.193520188 -0.452669233 -0.138249785 0.008886261 0.058756635 0.988613009
1403715562612143104.000000 -0.011373593 -1.221514940 -0.428289711 -0.132947862 0.007795556 0.052874051 0.989681005
1403715562662142976.000000 0.007144683 -1.254247069 -0.403090984 0.123829126 -0.005238299 -0.056606170 -0.990673840
1403715562712143104.000000 0.023231201 -1.292634249 -0.377047718 -0.112058587 0.003654913 0.068946481 0.991300106
1403715562762142976.000000 0.042699803 -1.331347466 -0.352982968 -0.101348981 0.002283093 0.081505708 0.991503954
1403715562812143104.000000 0.062503457 -1.372123599 -0.329004347 -0.091293372 0.001898112 0.092336379 0.991532147
1403715562862142976.000000 0.082254134 -1.414531946 -0.305152833 -0.080481410 0.001101696 0.101959430 0.991527021
1403715562912143104.000000 0.097457334 -1.463060856 -0.281371236 -0.069052219 0.002165516 0.109149300 0.991621733
1403715562962142976.000000 0.116683803 -1.506882787 -0.257985771 -0.057833966 0.003091311 0.112692565 0.991940558
1403715563012143104.000000 0.135764793 -1.550993323 -0.234594151 -0.046296395 0.004493963 0.114193730 0.992368996
1403715563062142976.000000 0.150289625 -1.600619078 -0.212759569 -0.034923561 0.009671619 0.112608388 0.992978454
1403715563112143104.000000 0.169925436 -1.644162059 -0.189269513 -0.024085447 0.015570275 0.105476372 0.994008183
1403715563162142976.000000 0.189721644 -1.687667847 -0.166035131 -0.011858158 0.022811811 0.098243646 0.994830310
1403715563212143104.000000 0.202494860 -1.740224123 -0.147530228 0.002140939 0.032352474 0.089403279 0.995467663
1403715563262142976.000000 0.222517535 -1.785114288 -0.126083046 0.018934393 0.042378105 0.081770971 0.995569766
1403715563312143104.000000 0.241897136 -1.830756903 -0.106201932 0.037282065 0.050929468 0.072545409 0.995365977
1403715563362142976.000000 0.249372363 -1.886563897 -0.091879025 0.058016770 0.059654631 0.063689888 0.994494319
1403715563412143104.000000 0.267169207 -1.933123112 -0.076917715 0.079945624 0.065288156 0.054429799 0.993168473
1403715563462142976.000000 0.283898771 -1.979742646 -0.063268013 0.100940607 0.069179609 0.042588357 0.991570234
1403715563512143104.000000 0.280623555 -2.039289951 -0.053739168 0.121623389 0.074746147 0.031331155 0.989261985
1403715563562142976.000000 0.291475326 -2.087407351 -0.042712469 0.141748354 0.079131670 0.019949030 0.986533165
1403715563612143104.000000 0.298519820 -2.136028290 -0.032978937 0.160560310 0.083338991 0.008125736 0.983467877
1403715563662142976.000000 0.277415216 -2.200172901 -0.029927921 0.178366274 0.090113111 -0.002042122 0.979827046
1403715563712143104.000000 0.277391791 -2.250089645 -0.024295017 0.195366725 0.095604032 -0.012874995 0.975974381
1403715563762142976.000000 0.274472535 -2.300585508 -0.020532958 0.212430030 0.101436585 -0.021653082 0.971656024
1403715563812143104.000000 0.236630470 -2.369660139 -0.024827413 0.230660781 0.108243421 -0.027266752 0.966610372
1403715563862142976.000000 0.226234421 -2.422074556 -0.024971426 0.252372772 0.111661635 -0.026731757 0.960793972
1403715563912143104.000000 0.212199330 -2.474651814 -0.027071804 -0.273709774 -0.112694040 0.027722964 -0.954785049
1403715563962142976.000000 0.155090302 -2.547641754 -0.041695729 0.296708137 0.113719821 -0.026683787 0.947797537
1403715564012143104.000000 0.133779004 -2.599012852 -0.048100561 0.320334673 0.109926276 -0.024904819 0.940575242
1403715564062142976.000000 0.110901639 -2.648750782 -0.056942105 0.344461262 0.105010413 -0.023525527 0.932612419
1403715564112143104.000000 -0.012606531 -2.755646467 0.081369042 0.381094724 0.102352776 -0.028048057 0.918424785
1403715564162142976.000000 -0.037994310 -2.799142361 0.066150844 0.403380901 0.100234926 -0.029011767 0.909062862
1403715564212143104.000000 -0.064492404 -2.840444565 0.048842549 0.424905747 0.096648499 -0.032335699 0.899482429
1403715564262142976.000000 -0.092202902 -2.884366512 0.029230952 0.446002185 0.094674692 -0.038226724 0.889189303
1403715564312143104.000000 -0.115350112 -2.917818069 0.009468317 0.465525419 0.094904244 -0.048277248 0.878606081
1403715564362142976.000000 -0.136267215 -2.947589874 -0.011863708 0.485881358 0.094923422 -0.058340576 0.866894066
1403715564412143104.000000 0.474555254 -2.672658920 -0.469159126 0.533839345 0.063818887 -0.076781929 0.839670956
1403715564462142976.000000 0.457339466 -2.693682671 -0.496611953 0.552696049 0.057971925 -0.093439937 0.826096475
1403715564512143104.000000 0.445926040 -2.712132931 -0.521390557 0.571525335 0.053221975 -0.108434908 0.811645269
1403715564562142976.000000 0.435834110 -2.727595091 -0.551157117 0.589204848 0.050440188 -0.123969533 0.796821892
1403715564612143104.000000 0.424922168 -2.720837116 -0.587051034 0.606964767 0.050523270 -0.137944534 0.781032920
1403715564662142976.000000 0.420923352 -2.732306004 -0.619491100 0.623723269 0.051869709 -0.151024461 0.765160382
1403715564712143104.000000 0.420061529 -2.742403507 -0.652857900 0.639550447 0.055353459 -0.164069042 0.748994470
1403715564762142976.000000 0.421350181 -2.742524624 -0.683035016 0.655313790 0.059314620 -0.175472930 0.732294321
1403715564812143104.000000 0.426230013 -2.748647690 -0.717071891 0.670455873 0.064533435 -0.186106935 0.715324163
1403715564862142976.000000 0.433709264 -2.754721165 -0.752450943 0.685263932 0.068601072 -0.195122078 0.698308408
1403715564912143104.000000 0.445122480 -2.761603117 -0.790175438 0.699674368 0.074875370 -0.201999813 0.681208968
1403715564962142976.000000 0.461164653 -2.766339302 -0.826015234 0.713610470 0.082194939 -0.207670867 0.663985729
1403715565012143104.000000 0.478284895 -2.770266056 -0.865647793 0.727227390 0.087497391 -0.213152379 0.646568358
1403715565062142976.000000 0.497265935 -2.772436857 -0.907275915 0.740472257 0.091645733 -0.219280183 0.628663838
1403715565112143104.000000 0.516757607 -2.773067474 -0.950325012 0.754469156 0.092631117 -0.223768845 0.610019088
1403715565162142976.000000 0.534491062 -2.772550583 -0.993920088 0.768737137 0.090922609 -0.227365270 0.590831101
1403715565212143104.000000 0.532847524 -2.776652813 -1.044268608 0.781315207 0.091252722 -0.231440485 0.572411478
1403715565262142976.000000 0.544217229 -2.774755239 -1.087027311 0.794223726 0.089256644 -0.233906522 0.553651273
1403715565312143104.000000 0.552881598 -2.772931576 -1.128768444 0.806813061 0.088556968 -0.233614728 0.535382628
1403715565362142976.000000 0.558869720 -2.770797729 -1.169508934 0.818644106 0.090283044 -0.232575163 0.517281055
1403715565412143104.000000 0.560841441 -2.767041445 -1.208202124 0.830175281 0.091991626 -0.230499923 0.499215752
1403715565462142976.000000 0.546086192 -2.776933193 -1.251500130 0.841402531 0.093735814 -0.227846280 0.480979770
1403715565512143104.000000 0.543538570 -2.772025585 -1.286676168 0.851916254 0.095358968 -0.227223992 0.462076485
1403715565562142976.000000 0.533601284 -2.771753311 -1.323527336 0.861793399 0.097223483 -0.228495449 0.442322999
1403715565612143104.000000 0.530752659 -2.763570786 -1.355684519 0.871478617 0.098131500 -0.230699047 0.421513021
1403715565662142976.000000 0.529990554 -2.749303341 -1.388479948 0.880963624 0.098042257 -0.233664960 0.399614275
1403715565712143104.000000 0.530335069 -2.736519814 -1.418451548 0.889883697 0.097904094 -0.238310322 0.376470566
1403715565762142976.000000 0.517197967 -2.735445499 -1.452655554 0.898165166 0.097838886 -0.244723946 0.351905137
1403715565812143104.000000 0.515961528 -2.720346451 -1.480999470 0.905241787 0.098083027 -0.253692091 0.326431245
1403715565862142976.000000 0.519677639 -2.699804783 -1.505470514 0.912645102 0.095109738 -0.262043923 0.298941523
1403715565912143104.000000 0.516332507 -2.683587074 -1.532036781 0.919454277 0.095449321 -0.269612908 0.269818872
1403715565962142976.000000 0.521462917 -2.657457113 -1.553277254 0.925988197 0.095150694 -0.275772870 0.239669800
1403715566012143104.000000 0.518603146 -2.640403271 -1.575741529 0.932161212 0.095090285 -0.280271500 0.208521903
1403715566062142976.000000 0.524539351 -2.612004995 -1.593209743 0.937036932 0.093916200 -0.285425544 0.177971438
1403715566112143104.000000 0.521732390 -2.593250275 -1.612571478 0.940101624 0.096796110 -0.292159975 0.146567836
1403715566162142976.000000 0.528779209 -2.563349724 -1.625880957 0.943135083 0.097361639 -0.295688897 0.116554759
1403715566212143104.000000 0.525554359 -2.543708801 -1.641621947 0.945048451 0.097868524 -0.299763739 0.086295173
1403715566262142976.000000 0.533206999 -2.513649464 -1.649923444 0.946477473 0.097369365 -0.302503973 0.056489419
1403715566312143104.000000 0.541523695 -2.482810259 -1.656731248 -0.947017550 -0.096459985 0.305178702 -0.026817074
1403715566362142976.000000 0.549811363 -2.452255249 -1.660606742 -0.946524739 -0.096404314 0.307883859 0.002171806
1403715566412143104.000000 0.556888461 -2.421979904 -1.661525488 -0.945124567 -0.096888587 0.310535610 0.030328050
1403715566462142976.000000 0.561903715 -2.392123461 -1.659651756 -0.943579555 -0.096023276 0.311552584 0.058071256
1403715566512143104.000000 0.532100201 -2.383559465 -1.670999646 0.941808105 0.095455103 -0.310511023 -0.086421981
1403715566562142976.000000 0.532844901 -2.354539394 -1.663772225 0.939393759 0.093958817 -0.310077965 -0.112084463
1403715566612143104.000000 0.531485140 -2.324369192 -1.653196216 0.936501682 0.093164451 -0.309083283 -0.136940449
1403715566662142976.000000 0.528446972 -2.295344830 -1.639590979 0.932809889 0.093375273 -0.308159024 -0.161817148
1403715566712143104.000000 0.524503291 -2.266499281 -1.623349071 0.928050280 0.093757093 -0.307829410 -0.187545836
1403715566762142976.000000 0.493382394 -2.248525381 -1.615520597 0.922321856 0.092727058 -0.307513177 -0.214848369
1403715566812143104.000000 0.490878642 -2.219896317 -1.593780994 0.915222704 0.091008909 -0.308986723 -0.242099285
1403715566862142976.000000 0.490064353 -2.191359282 -1.569938302 0.907693863 0.087900378 -0.308869332 -0.270120770
1403715566912143104.000000 0.490485549 -2.165464163 -1.543623328 0.899260283 0.084656440 -0.307670385 -0.299170971
1403715566962142976.000000 0.471414089 -2.135798931 -1.519841909 0.889252007 0.080924913 -0.306645274 -0.329622239
1403715567012143104.000000 0.473674059 -2.109784603 -1.489186883 0.877449214 0.078167498 -0.307725877 -0.359551907
1403715567062142976.000000 0.476346105 -2.083836555 -1.456740141 0.863882482 0.073860094 -0.309826314 -0.390204281
1403715567112143104.000000 0.480163813 -2.059338570 -1.422239661 0.848778307 0.067365438 -0.312323928 -0.421297073
1403715567162142976.000000 0.467449248 -2.029571772 -1.383672595 0.832435369 0.062543251 -0.312889606 -0.453034043
1403715567212143104.000000 0.473294050 -2.008202314 -1.346270800 0.814565420 0.058451820 -0.313744098 -0.484387547
1403715567262142976.000000 0.479030490 -1.988335133 -1.307664990 0.794441223 0.058112197 -0.316373736 -0.515163958
1403715567312143104.000000 0.486895114 -1.969774961 -1.267373323 0.773390114 0.057448361 -0.317103446 -0.545905650
1403715567362142976.000000 0.476266503 -1.940558672 -1.220617056 0.751430988 0.059313864 -0.315408021 -0.576499045
1403715567412143104.000000 0.481390029 -1.924659014 -1.179483294 0.728567123 0.062644936 -0.312797368 -0.606154680
1403715567462142976.000000 0.484041840 -1.910306096 -1.137159944 0.705095232 0.065496631 -0.309258670 -0.634752035
1403715567512143104.000000 0.483141094 -1.897760630 -1.093453407 0.681607425 0.068898566 -0.304612905 -0.661721587
1403715567562142976.000000 0.479374081 -1.886456490 -1.048291445 0.658406496 0.069937184 -0.298760921 -0.687278450
1403715567612143104.000000 0.472817540 -1.876127243 -1.001743793 0.635208786 0.069375269 -0.292884886 -0.711277306
1403715567662142976.000000 0.437524319 -1.845501900 -0.928390026 0.611436188 0.066214472 -0.284822226 -0.735280752
1403715567712143104.000000 0.428025931 -1.836985111 -0.879487872 0.588046372 0.063195832 -0.276503742 -0.757465184
1403715567762142976.000000 0.419147104 -1.828536510 -0.829027772 0.564873815 0.057240807 -0.266750038 -0.778771758
1403715567812143104.000000 0.410130501 -1.821399212 -0.778590083 0.541097879 0.051619679 -0.257475585 -0.798908591
1403715567862142976.000000 0.401552260 -1.815255165 -0.727992892 0.516872942 0.046971880 -0.247591749 -0.818128586
1403715567912143104.000000 0.393361062 -1.810064197 -0.677005768 0.491849899 0.043591067 -0.238039434 -0.836373627
1403715567962142976.000000 0.368531108 -1.783122063 -0.588243186 0.465998769 0.040295757 -0.227236867 -0.854157448
1403715568012143104.000000 0.361902237 -1.780206442 -0.537855506 0.441889614 0.036762290 -0.215295479 -0.870074749
1403715568112143104.000000 0.345421433 -1.777383804 -0.435655415 -0.394344628 -0.023117520 0.191605061 0.898468435
1403715568162142976.000000 0.340959966 -1.764291763 -0.359252751 -0.369347543 -0.016780734 0.181737676 0.911192775
1403715568212143104.000000 0.333678454 -1.768359542 -0.309481919 -0.344505519 -0.011645795 0.171192482 0.922969937
1403715568262142976.000000 0.325703740 -1.774749637 -0.259215564 0.318452656 0.007022048 -0.164627209 -0.933507621
1403715568312143104.000000 0.325257719 -1.773884058 -0.190325066 -0.292321444 -0.002258061 0.157171115 0.943313539
1403715568362142976.000000 0.318881452 -1.784695864 -0.142480701 -0.266638994 0.002400320 0.149903953 0.952064455
1403715568412143104.000000 0.318205595 -1.798751354 -0.095268890 0.241012961 -0.005718130 -0.142633632 -0.959966481
1403715568462142976.000000 0.316799402 -1.804714322 -0.029432148 -0.215571269 0.010356721 0.134156764 0.967173100
1403715568512143104.000000 0.315790385 -1.821674347 0.013825268 -0.190095723 0.013192884 0.125284046 0.973649561
1403715568562142976.000000 0.317116261 -1.836446166 0.070014350 -0.163832009 0.016609363 0.117546514 0.979319215
1403715568612143104.000000 0.320234358 -1.857055545 0.108804420 -0.138636425 0.018975548 0.107666321 0.984290600
1403715568662142976.000000 0.324724525 -1.879323244 0.145835206 0.113242820 -0.020907952 -0.098044276 -0.988497019
1403715568712143104.000000 0.326964140 -1.901354551 0.203601331 -0.086954139 0.023313172 0.090012476 0.991863549
1403715568762142976.000000 0.333035618 -1.927255154 0.236190975 -0.061092842 0.025459357 0.081429467 0.994479120
1403715568812143104.000000 0.339699447 -1.954566002 0.266846925 -0.035236303 0.026426675 0.073133595 0.996349096
1403715568862142976.000000 0.350321293 -1.985290766 0.292703748 0.010498877 -0.027000582 -0.064010493 -0.997528672
1403715568912143104.000000 0.358613938 -2.015826464 0.318704456 -0.013725221 -0.027505158 -0.055792347 -0.997969151
1403715568962142976.000000 0.356166601 -2.049254656 0.385982126 0.037864715 0.024784593 0.049437061 0.997751474
1403715569012143104.000000 0.363459170 -2.081937075 0.408730567 0.059811402 0.022380695 0.041966699 0.997076035
1403715569062142976.000000 0.370700032 -2.115616798 0.430063963 0.081139311 0.021410126 0.034593165 0.995872200
1403715569112143104.000000 0.378359675 -2.149821281 0.449591577 -0.102269918 -0.020272089 -0.027596908 -0.994167209
1403715569162142976.000000 0.385256171 -2.185237646 0.468745410 -0.123360701 -0.019863317 -0.022393821 -0.991910338
1403715569212143104.000000 0.392193377 -2.221261978 0.486950815 -0.143401220 -0.019952850 -0.018513525 -0.989290297
1403715569262142976.000000 0.385292023 -2.270972729 0.555456519 0.161773190 0.023763523 0.015530254 0.986419618
1403715569312143104.000000 0.393992126 -2.306960583 0.571867168 0.177737579 0.031924538 0.012495138 0.983480632
1403715569362142976.000000 0.402906299 -2.344146490 0.585331321 -0.192199931 -0.040976483 -0.009429208 -0.980454624
1403715569412143104.000000 0.412008882 -2.380728960 0.598182499 -0.205725476 -0.049636673 -0.006814066 -0.977326334
1403715569462142976.000000 0.421008289 -2.417197227 0.609361172 -0.218384892 -0.056739144 -0.003044519 -0.974207163
1403715569512143104.000000 0.417229056 -2.471081972 0.662359893 0.230445966 0.062789872 -0.003321427 0.971051514
1403715569562142976.000000 0.425517142 -2.507350922 0.669404685 0.242783412 0.066415057 -0.009795201 0.967754781
1403715569612143104.000000 0.433077931 -2.543520212 0.674182534 0.254972368 0.068999998 -0.017178286 0.964330435
1403715569662142976.000000 0.439964563 -2.579848766 0.676010609 -0.268064529 -0.069383681 0.024557173 -0.960585356
1403715569712143104.000000 0.434526831 -2.631448269 0.705540359 0.282377005 0.068283543 -0.031039290 0.956366718
1403715569762142976.000000 0.440175563 -2.667590380 0.702559412 0.298187643 0.067002498 -0.036879249 0.951438248
1403715569812143104.000000 0.445347369 -2.703603268 0.696838379 0.315145463 0.065786332 -0.042918634 0.945787251
1403715569862142976.000000 0.445043921 -2.743594170 0.686172605 0.333991557 0.064752184 -0.047120955 0.939167976
1403715569912143104.000000 0.449111700 -2.779350281 0.675412953 0.352093786 0.068180554 -0.053242400 0.931958497
1403715569962142976.000000 0.450699329 -2.816936016 0.661397576 0.370469332 0.072045051 -0.058778025 0.924179196
1403715570012143104.000000 0.453090101 -2.850658894 0.644297063 0.389097691 0.075336374 -0.064361416 0.915852129
1403715570062142976.000000 0.387514621 -2.967074394 0.815573096 0.421014309 0.079072878 -0.074617594 0.900514722
1403715570112143104.000000 0.387327850 -2.998940229 0.793892026 0.439582944 0.082007729 -0.080863610 0.890787721
1403715570162142976.000000 0.385917515 -3.030377388 0.770597696 0.458157063 0.084583797 -0.087254047 0.880525112
1403715570212143104.000000 0.378345430 -3.073937178 0.761181116 0.477140725 0.086980060 -0.093654469 0.869482636
1403715570262142976.000000 0.374833256 -3.104752064 0.736210346 0.496169716 0.088889048 -0.100400083 0.857807815
1403715570312143104.000000 0.370195717 -3.134353638 0.709567428 0.515315711 0.092280328 -0.106661223 0.845315099
1403715570362142976.000000 0.354706466 -3.165175438 0.687951803 0.535685718 0.095823556 -0.113077976 0.831307471
1403715570412143104.000000 0.347142369 -3.191385984 0.657987595 0.555031121 0.099282518 -0.119803056 0.817147911
1403715570462142976.000000 0.335638881 -3.212577820 0.625072956 0.575235367 0.102039739 -0.124833688 0.801940620
1403715570512143104.000000 0.319685817 -3.240583420 0.598195553 0.595517576 0.105262868 -0.131129414 0.785546720
1403715570562142976.000000 0.302125990 -3.258364916 0.564426184 0.614988148 0.109568588 -0.138455853 0.768514454
1403715570612143104.000000 0.292034805 -3.273673296 0.526583910 0.633166552 0.112234488 -0.146181121 0.751754403
1403715570662142976.000000 0.270231307 -3.285722017 0.490772009 0.652036726 0.110362120 -0.155565843 0.733803570
1403715570712143104.000000 0.251740515 -3.295416117 0.452747345 0.669894636 0.106990866 -0.165379420 0.715851784
1403715570762142976.000000 0.232348979 -3.302511692 0.413797140 0.687268794 0.105723031 -0.175226882 0.696979046
1403715570812143104.000000 0.224630237 -3.332481384 0.389590502 0.704623342 0.104991592 -0.184512720 0.677080333
1403715570862142976.000000 0.209181905 -3.346393347 0.355850697 0.721139431 0.103706479 -0.193642214 0.657043099
1403715570912143104.000000 0.194239974 -3.360372066 0.322757244 0.737252116 0.102425933 -0.201664239 0.636631608
1403715570962142976.000000 0.179103851 -3.374254704 0.291034698 0.751017392 0.099784620 -0.211723611 0.617405057
1403715571012143104.000000 0.164494276 -3.388415813 0.260240793 0.764045537 0.096454993 -0.219613954 0.598916292
1403715571062142976.000000 0.152335286 -3.292930126 0.051504135 0.767848313 0.093101308 -0.221419021 0.593897998
1403715571112143104.000000 0.131069720 -3.304617167 0.015375614 0.778441012 0.088761061 -0.224593505 0.579403877
1403715571162142976.000000 0.105445087 -3.331649780 -0.022432804 0.786932170 0.086641856 -0.223861203 0.568433940
1403715571212143104.000000 0.082322538 -3.349964619 -0.060198307 0.795512259 0.087576672 -0.220101669 0.557714939
1403715571262142976.000000 0.058516979 -3.366357803 -0.099205017 0.802475095 0.091803208 -0.215828791 0.548656464
1403715571312143104.000000 0.037708044 -3.274539471 -0.138496876 0.805798829 0.099105909 -0.211061686 0.544352174
1403715571362142976.000000 0.013635039 -3.287504435 -0.175770760 0.809439659 0.103542238 -0.207212508 0.539582670
1403715571412143104.000000 -0.010931432 -3.298302650 -0.212333202 0.811032832 0.104249611 -0.207974464 0.536753595
1403715571462142976.000000 -0.029432833 -3.267950535 -0.245081425 0.810167491 0.102338679 -0.213088751 0.536422133
1403715571512143104.000000 -0.052237988 -3.261407375 -0.278812408 0.809413254 0.097294092 -0.218849942 0.536179900
1403715571562142976.000000 -0.076360643 -3.253101349 -0.311557531 0.809467137 0.085530914 -0.223587632 0.536149204
1403715571612143104.000000 -0.102520347 -3.243668318 -0.343249559 0.809720516 0.069593541 -0.227536038 0.536411047
1403715571712143104.000000 -0.141942024 -3.165283680 -0.390045881 0.811658919 0.023381375 -0.232564926 0.535328627
1403715571762142976.000000 -0.172621369 -3.158131599 -0.416202545 0.811090648 -0.002850739 -0.234431654 0.535878479
1403715571812143104.000000 -0.205101132 -3.151929855 -0.438359022 0.809156895 -0.026465617 -0.238937363 0.536165714
1403715571862142976.000000 -0.233050942 -3.144700527 -0.466406345 0.806748807 -0.045967937 -0.243090510 0.536610007
1403715571912143104.000000 -0.261146665 -3.145615101 -0.482798338 0.802219689 -0.063134186 -0.249507308 0.538705707
1403715571962142976.000000 -0.286474228 -3.151722908 -0.496957302 -0.797203958 0.076712467 0.257862657 -0.540451646
1403715572012143104.000000 -0.308467388 -3.164271355 -0.508545876 -0.792041957 0.084917277 0.267709196 -0.542024434
1403715572062142976.000000 -0.320413470 -3.151527643 -0.487891674 0.789249301 -0.085115977 -0.278975934 0.540382624
1403715572112143104.000000 -0.335064054 -3.178309917 -0.493187904 0.783681691 -0.077038802 -0.293454677 0.542026162
1403715572162142976.000000 -0.346080661 -3.211489916 -0.497033596 0.780022323 -0.060200449 -0.306728095 0.542087734
1403715572212143104.000000 -0.345559001 -3.241787434 -0.503198624 -0.779260337 0.038103320 0.315353602 -0.540234864
1403715572262142976.000000 -0.349614739 -3.284736872 -0.509150982 -0.781474233 0.007084096 0.319594949 -0.535823643
1403715572312143104.000000 -0.352850676 -3.332220078 -0.517996788 0.786129713 0.027931536 -0.319419712 0.528385282
1403715572362142976.000000 -0.356750846 -3.382724047 -0.529135466 0.792994738 0.058637310 -0.314388394 0.518537343
1403715572412143104.000000 -0.361648679 -3.434276104 -0.543219566 0.800838351 0.087045491 -0.306834936 0.506886065
1403715572462142976.000000 -0.368477821 -3.485833645 -0.558045387 0.808934629 0.107502975 -0.299236268 0.494495273
1403715572512143104.000000 -0.377342105 -3.536058903 -0.575186729 0.817408741 0.119336203 -0.292643398 0.481624126
1403715572562142976.000000 -0.392681479 -3.599954605 -0.588238239 0.826596260 0.126514882 -0.287532926 0.466966271
1403715572612143104.000000 -0.404403210 -3.645733356 -0.609251022 0.834146857 0.130624741 -0.285431385 0.453503132
1403715572662142976.000000 -0.417058468 -3.688632488 -0.632169724 0.841778517 0.133893445 -0.284258127 0.438952088
1403715572712143104.000000 -0.435073256 -3.735400915 -0.658883095 0.848379433 0.135287404 -0.286676139 0.423988879
1403715572762142976.000000 -0.449396968 -3.769932270 -0.684717178 0.853912532 0.135773510 -0.291248739 0.409357101
1403715572812143104.000000 -0.462699413 -3.800720930 -0.712579727 0.860012472 0.131569758 -0.295626521 0.394554228
1403715572862142976.000000 -0.478519619 -3.841753244 -0.747317791 0.866558075 0.126701295 -0.298886687 0.379065633
1403715572912143104.000000 -0.487455606 -3.865637779 -0.779560566 0.873561859 0.120929100 -0.299895346 0.363770008
1403715572962142976.000000 -0.494006753 -3.886636019 -0.813953400 0.880395770 0.117430992 -0.300005227 0.348008841
1403715573012143104.000000 -0.505181491 -3.918258190 -0.857492924 0.887175858 0.114835702 -0.299765676 0.331469923
1403715573062142976.000000 -0.507326663 -3.934345007 -0.894846439 0.893614650 0.111429691 -0.299530447 0.315147460
1403715573112143104.000000 -0.507047296 -3.947989464 -0.933157444 0.899610102 0.108227819 -0.299743921 0.298566669
1403715573162142976.000000 -0.505207896 -3.960119486 -0.972197533 0.905391514 0.102734797 -0.300493628 0.281807452
1403715573212143104.000000 -0.515424907 -3.983156681 -1.023118973 0.910030246 0.100827679 -0.302836597 0.264516085
1403715573262142976.000000 -0.513055027 -3.991478443 -1.060244560 0.914455950 0.096072435 -0.305337250 0.247607782
1403715573312143104.000000 -0.511725605 -4.000515938 -1.096103668 0.917970538 0.092237338 -0.309298694 0.230557546
1403715573362142976.000000 -0.517753899 -4.019739628 -1.143141270 0.921066225 0.088011600 -0.313444287 0.213643864
1403715573412143104.000000 -0.516869187 -4.026723862 -1.176649332 0.923833609 0.083579898 -0.317682594 0.196529269
1403715573462142976.000000 -0.516563654 -4.033992767 -1.210001230 0.926619709 0.075147621 -0.321692675 0.179562494
1403715573512143104.000000 -0.529606640 -4.049354076 -1.256440639 0.929025114 0.067736119 -0.325616419 0.162167445
1403715573562142976.000000 -0.528549552 -4.057175159 -1.287516356 0.930879653 0.061329573 -0.329372466 0.145655945
1403715573612143104.000000 -0.526563764 -4.066176891 -1.318896770 0.931946158 0.059911087 -0.333440185 0.129246905
1403715573662142976.000000 -0.524145663 -4.075891495 -1.349252224 0.932106018 0.062351570 -0.338366747 0.113130845
1403715573712143104.000000 -0.521561980 -4.086501598 -1.379326105 0.931061625 0.068743862 -0.344919413 0.097104542
1403715573762142976.000000 -0.539369106 -4.116685867 -1.434287310 0.929292023 0.074100733 -0.352743804 0.080605395
1403715573812143104.000000 -0.536759496 -4.128445625 -1.464616537 0.926928461 0.081333607 -0.360657334 0.064147197
1403715573862142976.000000 -0.533782601 -4.140743256 -1.495925426 0.924353957 0.086394884 -0.368619561 0.047173094
1403715573912143104.000000 -0.534625649 -4.155187607 -1.529319048 -0.921713233 -0.089280523 0.376338243 -0.029039616
1403715573962142976.000000 -0.533535898 -4.166944981 -1.562868595 -0.919587851 -0.090209164 0.382259697 -0.009906739
1403715574012143104.000000 -0.533221960 -4.178148270 -1.597732544 -0.917019248 -0.089762092 0.388477296 0.010189665
1403715574062142976.000000 -0.553955674 -4.203030109 -1.663959861 0.913300693 0.090393178 -0.395703942 -0.033606607
1403715574162142976.000000 -0.549473405 -4.217565536 -1.744942904 0.908780098 0.087410331 -0.400482029 -0.078054555
1403715574212143104.000000 -0.563001871 -4.234523296 -1.798827291 0.906870246 0.088708326 -0.399059743 -0.102316082
1403715574262142976.000000 -0.560875058 -4.240579128 -1.845596433 0.906777620 0.091755025 -0.391866326 -0.125603348
1403715574312143104.000000 -0.566959858 -4.248298645 -1.897506952 0.906466186 0.098970838 -0.382809013 -0.148260444
1403715574412143104.000000 -0.571349323 -4.259687901 -1.997225881 0.904055476 0.117861867 -0.365903378 -0.186834380
1403715574462142976.000000 -0.572354615 -4.263154507 -2.045655012 0.901847541 0.127430812 -0.360338926 -0.201465756
1403715574512143104.000000 -0.575406313 -4.265776634 -2.094654799 -0.899913490 -0.135044336 0.355368793 0.213616148
1403715574562142976.000000 -0.599565864 -4.273072243 -2.141483784 0.897406399 0.139650971 -0.353400886 -0.224203482
1403715574612143104.000000 -0.604125261 -4.270705223 -2.186188936 0.893949330 0.144672856 -0.354009300 -0.233670443
1403715574662142976.000000 -0.610522270 -4.265953541 -2.230408192 -0.890661538 -0.148247108 0.354853958 0.242535755
1403715574712143104.000000 -0.629640937 -4.258139610 -2.270349026 0.887440741 0.149424076 -0.356595039 -0.250921220
1403715574762142976.000000 -0.636545658 -4.246870518 -2.310374260 0.884378433 0.147592604 -0.359081298 -0.259136707
1403715574812143104.000000 -0.650289655 -4.231846809 -2.348960400 0.882141948 0.141078919 -0.362327039 -0.265784681
1403715574912143104.000000 -0.668238997 -4.194582939 -2.421532631 0.879823685 0.121401824 -0.368476272 -0.274585634
1403715574962142976.000000 -0.675205946 -4.173241138 -2.458796978 0.880906165 0.112722717 -0.366381824 -0.277601093
1403715575012143104.000000 -0.693270683 -4.145788193 -2.498507500 0.882054806 0.105625793 -0.364503384 -0.279212773
1403715575062142976.000000 -0.699384391 -4.121735573 -2.535878181 0.884438276 0.101660505 -0.358875245 -0.280432999
1403715575112143104.000000 -0.707323194 -4.094923973 -2.571385384 0.887020051 0.099880867 -0.352618068 -0.280855477
1403715575162142976.000000 -0.712634265 -4.069171429 -2.607742071 0.891634166 0.096757405 -0.341547281 -0.281019628
1403715575212143104.000000 -0.716159105 -4.043633461 -2.640878439 -0.897072673 -0.094562821 0.327926219 0.280683190
1403715575312143104.000000 -0.730767548 -3.983750820 -2.706150532 0.903878033 0.097674347 -0.311844319 -0.276075006
1403715575362142976.000000 -0.733680010 -3.958108902 -2.731708050 0.903155267 0.099151097 -0.316927344 -0.272096902
1403715575412143104.000000 -0.740906179 -3.927351952 -2.757583141 0.901522815 0.099952124 -0.325394601 -0.267179042
1403715575462142976.000000 -0.742608786 -3.901261330 -2.778573990 0.899899900 0.103201188 -0.332473248 -0.262661904
1403715575512143104.000000 -0.739421546 -3.877334595 -2.793260574 -0.899412453 -0.108255506 0.335504174 0.258408725
1403715575562142976.000000 -0.744535565 -3.842184067 -2.814983368 0.900209546 0.117757186 -0.333333254 -0.254254073
1403715575612143104.000000 -0.741097510 -3.812558651 -2.831023216 0.902317822 0.128164470 -0.326223999 -0.250947058
1403715575662142976.000000 -0.741059005 -3.777217865 -2.847272873 0.903939784 0.137387410 -0.320372313 -0.247748345
1403715575712143104.000000 -0.737778604 -3.742318153 -2.858797550 0.905444980 0.146439597 -0.314440191 -0.244647458
1403715575762142976.000000 -0.734051466 -3.704127312 -2.866403103 0.906202674 0.152532786 -0.311678976 -0.241633490
1403715575812143104.000000 -0.736983478 -3.662736416 -2.881904840 0.906073809 0.155194119 -0.313504964 -0.238032997
1403715575862142976.000000 -0.733081996 -3.619805336 -2.882225513 0.906121016 0.154907063 -0.315508217 -0.235378668
1403715575912143104.000000 -0.729345381 -3.572932720 -2.879272223 0.906495094 0.150695801 -0.317961782 -0.233361870
1403715575962142976.000000 -0.725747406 -3.523626328 -2.873649359 0.906621814 0.140404776 -0.323692173 -0.231401876
1403715576012143104.000000 -0.725895107 -3.471634388 -2.875301600 0.906757116 0.128885090 -0.329199940 -0.229799137
1403715576062142976.000000 -0.722596884 -3.418130398 -2.865326881 0.906706333 0.119230799 -0.333760530 -0.228629902
1403715576112143104.000000 -0.718983889 -3.363473415 -2.854452848 0.906917036 0.111863256 -0.336248755 -0.227870539
1403715576162142976.000000 -0.714891434 -3.308576584 -2.838828087 0.907366872 0.104067601 -0.337943554 -0.227265388
1403715576212143104.000000 -0.715637386 -3.252746582 -2.835220814 0.907466888 0.097186841 -0.339860916 -0.227053151
1403715576262142976.000000 -0.711602449 -3.197161198 -2.817597389 0.907654464 0.093500011 -0.340230674 -0.227297887
1403715576312143104.000000 -0.708580077 -3.139607430 -2.808377028 0.908869267 0.091089845 -0.337211519 -0.227920651
1403715576362142976.000000 -0.702892721 -3.082793236 -2.790507793 0.910820067 0.090419859 -0.331308663 -0.229053840
1403715576412143104.000000 -0.696863353 -3.025957108 -2.778804302 0.913907766 0.087444872 -0.322178870 -0.230925947
1403715576462142976.000000 -0.688183486 -2.969047546 -2.758443356 0.916952610 0.085074678 -0.312944621 -0.232434928
1403715576512143104.000000 -0.678770423 -2.912323952 -2.738209009 -0.919790983 -0.083511993 0.304220855 0.233366817
1403715576562142976.000000 -0.669773459 -2.857285023 -2.723974705 0.922777176 0.082687818 -0.295761853 -0.232744589
1403715576612143104.000000 -0.657092750 -2.802565098 -2.697298527 0.925794125 0.082886294 -0.287040710 -0.231609032
1403715576662142976.000000 -0.644883513 -2.748956680 -2.668681145 -0.927111089 -0.084240481 0.284364879 0.229140401
1403715576712143104.000000 -0.630651951 -2.696558952 -2.635954380 -0.928063512 -0.086740024 0.283572972 0.225301161
1403715576762142976.000000 -0.616465926 -2.645642281 -2.609730482 0.928177714 0.087940015 -0.286860317 -0.220145091
1403715576812143104.000000 -0.599911690 -2.595213890 -2.570063591 0.927163959 0.089858234 -0.294246197 -0.213803187
1403715576862142976.000000 -0.582175255 -2.545592308 -2.527201414 0.925238729 0.092159986 -0.304056048 -0.207339644
1403715576912143104.000000 -0.562340796 -2.497200012 -2.482853889 -0.923130095 -0.094309382 0.313956112 0.200918198
1403715576962142976.000000 -0.545927703 -2.446470261 -2.445741177 0.921456218 0.095504634 -0.322418332 -0.194534987
1403715577012143104.000000 -0.524679542 -2.397493362 -2.397154808 0.921006203 0.092409559 -0.328293353 -0.188233078
1403715577062142976.000000 -0.503286302 -2.348046064 -2.347352743 -0.921194732 -0.085920647 0.333226204 0.181599244
1403715577112143104.000000 -0.483999133 -2.296326399 -2.299394846 0.921617568 0.078428976 -0.337891012 -0.174067929
1403715577162142976.000000 -0.463185251 -2.248485804 -2.247667789 0.922407806 0.071270101 -0.341223419 -0.166286334
1403715577212143104.000000 -0.444217861 -2.201782465 -2.194886684 0.923299074 0.065041192 -0.343479067 -0.159093276
1403715577262142976.000000 -0.435040414 -2.157482386 -2.153010607 0.924444020 0.061069176 -0.344038725 -0.152679890
1403715577312143104.000000 -0.425167620 -2.114251137 -2.096160650 0.925295889 0.060621917 -0.344036490 -0.147619143
1403715577362142976.000000 -0.420189023 -2.072803497 -2.037410259 0.926145971 0.063281983 -0.342990965 -0.143549070
1403715577412143104.000000 -0.424778342 -2.031499624 -1.986469746 0.926780641 0.066696756 -0.342002094 -0.140227467
1403715577462142976.000000 -0.424123675 -1.992263794 -1.925760984 0.927129805 0.069522835 -0.341581374 -0.137546763
1403715577512143104.000000 -0.423493087 -1.953890800 -1.864603996 0.927507699 0.071516797 -0.340954959 -0.135515928
1403715577562142976.000000 -0.424358249 -1.914432764 -1.806438923 0.927692235 0.073193856 -0.340739876 -0.133888692
1403715577612143104.000000 -0.419864058 -1.876373768 -1.746486664 0.927734911 0.073494770 -0.341119617 -0.132453471
1403715577662142976.000000 -0.414169610 -1.837762594 -1.689474106 0.927793026 0.073345959 -0.341371298 -0.131477177
1403715577712143104.000000 -0.402956605 -1.799836397 -1.631735325 0.927459896 0.071168676 -0.343018115 -0.130735859
1403715577762142976.000000 -0.388182938 -1.762259722 -1.574727535 -0.927357674 -0.066433512 0.344442040 0.130207896
1403715577812143104.000000 -0.381509393 -1.729340315 -1.531886220 0.927857995 0.060521413 -0.344904035 -0.128288701
1403715577862142976.000000 -0.368089885 -1.694973230 -1.474649191 0.928254366 0.054010041 -0.346167207 -0.124880105
1403715577912143104.000000 -0.357321382 -1.662988424 -1.416583538 0.928883016 0.048467886 -0.347130984 -0.119696565
1403715577962142976.000000 -0.350896895 -1.633856058 -1.357872725 -0.929249883 -0.042547766 0.349217325 0.112834528
1403715578012143104.000000 -0.352523327 -1.608745813 -1.305123210 0.929190755 0.036078442 -0.352742225 -0.104287587
1403715578062142976.000000 -0.352040946 -1.585551500 -1.243579626 0.928734064 0.028983342 -0.357388556 -0.094268292
1403715578112143104.000000 -0.354639500 -1.565386057 -1.181136608 0.926828146 0.018603114 -0.365830958 -0.082530409
1403715578162142976.000000 -0.361781478 -1.548631430 -1.120239019 0.923730016 0.005134825 -0.376767099 -0.068869725
1403715578212143104.000000 -0.368346006 -1.535983562 -1.059330225 0.922332168 -0.003378757 -0.382648975 -0.053589221
1403715578262142976.000000 -0.379480302 -1.528261423 -1.009781837 0.922850788 -0.003596416 -0.383304924 -0.037563156
1403715578312143104.000000 -0.385177046 -1.525080085 -0.955045342 0.924088717 -0.001309091 -0.381612629 -0.020739205
1403715578362142976.000000 -0.390435934 -1.526179075 -0.902020454 -0.925592065 -0.004215169 0.378483504 0.003443612
1403715578412143104.000000 -0.399580687 -1.531776547 -0.857123733 0.926526189 0.011054482 -0.375798941 0.014221889
1403715578462142976.000000 -0.404668719 -1.540185332 -0.807491660 0.926145673 0.019706691 -0.375270426 0.032218814
1403715578512143104.000000 -0.410386980 -1.551486611 -0.759720564 0.923736095 0.029724862 -0.378560275 0.050202072
1403715578562142976.000000 -0.420738667 -1.565064907 -0.719387174 0.918749690 0.042602528 -0.386691421 0.067481913
1403715578612143104.000000 -0.428960621 -1.580565691 -0.674880624 0.910975695 0.052802838 -0.400520384 0.083178625
1403715578662142976.000000 -0.437658459 -1.596386433 -0.636502624 0.902424097 0.061915759 -0.415241063 0.096809693
1403715578712143104.000000 -0.447565138 -1.613977671 -0.599719405 0.894250691 0.067516141 -0.428876072 0.108731970
1403715578762142976.000000 -0.459805250 -1.631338239 -0.573325396 0.887655199 0.071352236 -0.439164072 0.118794635
1403715578812143104.000000 -0.471796125 -1.649931669 -0.547400832 0.883368313 0.071837112 -0.445466936 0.126724616
1403715578862142976.000000 -0.486608446 -1.668245316 -0.533091068 0.881180406 0.073234990 -0.447705716 0.133106545
1403715578912143104.000000 -0.501532853 -1.687844157 -0.522287369 0.881650865 0.077393807 -0.444830537 0.137214676
1403715578962142976.000000 -0.516710639 -1.707429767 -0.519333720 0.884654462 0.087032571 -0.436432332 0.139063746
1403715579012143104.000000 -0.533553481 -1.727240682 -0.526648879 -0.889044702 -0.099003859 0.424527019 -0.139909640
1403715579062142976.000000 -0.549597800 -1.745480537 -0.537810564 -0.892519951 -0.115176953 0.413158596 -0.139436260
1403715579112143104.000000 -0.562075794 -1.758003592 -0.552457452 0.895658374 0.134593084 -0.400586754 0.138604090
1403715579162142976.000000 -0.575946569 -1.770168066 -0.574607372 0.898849845 0.153431177 -0.387015462 0.136919111
1403715579212143104.000000 -0.589280307 -1.777899027 -0.601605654 0.901908994 0.173918679 -0.371906132 0.134157598
1403715579262142976.000000 -0.600074053 -1.778873801 -0.631019473 0.904872835 0.184925258 -0.359872550 0.132285789
1403715579312143104.000000 -0.615112782 -1.775698423 -0.662122965 0.907225609 0.190642998 -0.351163149 0.131458938
1403715579362142976.000000 -0.632425904 -1.767226815 -0.694498539 0.908119440 0.193087310 -0.347447574 0.131592542
1403715579412143104.000000 -0.649927616 -1.754033566 -0.728060961 0.908573031 0.191229567 -0.347042710 0.132241145
1403715579462142976.000000 -0.671381533 -1.735493302 -0.761575460 0.909170449 0.186538696 -0.347710878 0.133077368
1403715579512143104.000000 -0.695277393 -1.711914420 -0.795531154 0.909175277 0.177571416 -0.351883024 0.134339258
1403715579562142976.000000 -0.718703449 -1.681949973 -0.830517530 0.909910083 0.163832709 -0.356207639 0.135420725
1403715579612143104.000000 -0.743901372 -1.649770141 -0.867402554 0.910805047 0.157072037 -0.357079387 0.135118067
1403715579662142976.000000 -0.766456842 -1.617461205 -0.909850717 0.912779510 0.151797488 -0.354843378 0.133706033
1403715579712143104.000000 -0.791660070 -1.578460455 -0.950332165 0.915472686 0.145593926 -0.351123244 0.132003024
1403715579762142976.000000 -0.814943016 -1.537284732 -0.993658662 0.918353558 0.140905410 -0.346285671 0.129841343
1403715579812143104.000000 -0.837712884 -1.492347598 -1.037064314 0.919817209 0.141081065 -0.343079090 0.127786294
1403715579862142976.000000 -0.857325971 -1.444907188 -1.082817435 0.920854568 0.143851012 -0.339540571 0.126672670
1403715579912143104.000000 -0.875573754 -1.393549085 -1.128427029 0.921406031 0.144090965 -0.337681115 0.127358824
1403715579962142976.000000 -0.893175721 -1.339363217 -1.174508810 0.922921896 0.139050633 -0.334547728 0.130222663
1403715580012143104.000000 -0.911795616 -1.285856366 -1.221559286 0.923894048 0.133084193 -0.332351774 0.135095224
1403715580062142976.000000 -0.932609737 -1.228772640 -1.266169548 0.924726546 0.127171382 -0.328945845 0.143188596
1403715580112143104.000000 -0.956404746 -1.171094060 -1.308969021 0.925083816 0.121446006 -0.325504541 0.153354734
1403715580162142976.000000 -0.983129442 -1.117140174 -1.351999283 0.924793601 0.116576165 -0.322798193 0.164219946
1403715580212143104.000000 -1.012945414 -1.058262825 -1.391085386 0.924080908 0.111856878 -0.319483072 0.177463219
1403715580262142976.000000 -1.044513464 -0.998790383 -1.428977251 0.922701418 0.107923843 -0.316596329 0.191680148
1403715580312143104.000000 -1.078731537 -0.942040741 -1.470066071 0.921533644 0.102065787 -0.312680721 0.206371471
1403715580362142976.000000 -1.110927820 -0.881307304 -1.505956888 0.920558929 0.093673371 -0.307544410 0.221839979
1403715580412143104.000000 -1.142168999 -0.820308447 -1.540885329 0.918754578 0.086180091 -0.303198963 0.237767935
1403715580462142976.000000 -1.173423886 -0.763148904 -1.579827428 0.916936696 0.077263825 -0.298468620 0.253325760
1403715580512143104.000000 -1.202575684 -0.701792777 -1.612548351 0.914663851 0.069114536 -0.294824958 0.267752707
1403715580562142976.000000 -1.230745554 -0.640787005 -1.644265056 0.912375271 0.060665175 -0.292265683 0.280128241
1403715580612143104.000000 -1.260419607 -0.585620999 -1.680772185 0.910058260 0.050289113 -0.291371226 0.290461570
1403715580662142976.000000 -1.287175536 -0.526857018 -1.710508466 0.907900333 0.038486157 -0.290657431 0.299590021
1403715580712143104.000000 -1.312907219 -0.470224142 -1.738867164 0.905781329 0.026508227 -0.290560633 0.307297975
1403715580762142976.000000 -1.338680506 -0.416734457 -1.767860055 0.903687060 0.015929868 -0.290775180 0.313920140
1403715580812143104.000000 -1.361290455 -0.365986824 -1.794085264 0.902391851 0.003887748 -0.289386988 0.319263488
1403715580862142976.000000 -1.382426023 -0.318823934 -1.818675637 0.900913656 -0.009615042 -0.288826317 0.323792517
1403715580912143104.000000 -1.401762605 -0.275723934 -1.842218041 0.899610281 -0.025908668 -0.288165003 0.327094942
1403715580962142976.000000 -1.418319702 -0.237408876 -1.863231182 0.897810280 -0.040181179 -0.289151073 0.329717934
1403715581012143104.000000 -1.431594610 -0.205133915 -1.882261634 0.895421326 -0.044372283 -0.293078989 0.332199633
1403715581062142976.000000 -1.405291080 -0.300670028 -1.878358841 0.895678341 -0.045833059 -0.308440149 0.317055613
1403715581112143104.000000 -1.413080812 -0.280209303 -1.893263578 0.892366946 -0.043196931 -0.316167623 0.319144845
1403715581162142976.000000 -1.417941809 -0.266198397 -1.907577515 0.890029550 -0.036421958 -0.321462095 0.321221203
1403715581212143104.000000 -1.420152307 -0.258440256 -1.921621323 0.888655186 -0.024483066 -0.324431896 0.323166460
1403715581262142976.000000 -1.422027111 -0.260661602 -1.939038038 0.889242768 -0.015382168 -0.322777748 0.323767334
1403715581312143104.000000 -1.421573043 -0.262396097 -1.953145623 0.891145408 -0.009820156 -0.319307119 0.322190046
1403715581362142976.000000 -1.420137644 -0.268479586 -1.967134237 0.893565297 -0.004792838 -0.316665083 0.318184465
1403715581412143104.000000 -1.417205930 -0.275865078 -1.978659391 0.896162868 0.001014605 -0.315634131 0.311875612
1403715581462142976.000000 -1.421849251 -0.307905197 -2.004449606 0.898423135 0.010692796 -0.317020059 0.303677112
1403715581512143104.000000 -1.418820143 -0.324728131 -2.016704559 0.900836587 0.026236929 -0.318647563 0.293715477
1403715581562142976.000000 -1.417721272 -0.344207644 -2.028499603 0.903333545 0.043686278 -0.320679098 0.281504959
1403715581612143104.000000 -1.421453238 -0.371497750 -2.042764902 0.905479789 0.059969537 -0.323560983 0.267989337
1403715581662142976.000000 -1.426219106 -0.394350410 -2.053508282 0.907710373 0.074429803 -0.326324940 0.253049821
1403715581712143104.000000 -1.433671236 -0.417729378 -2.063648224 0.909323275 0.088093378 -0.330465734 0.236987934
1403715581762142976.000000 -1.444005370 -0.445218325 -2.076759338 0.910739362 0.101732336 -0.334818155 0.219319716
1403715581812143104.000000 -1.452163696 -0.467854500 -2.089368105 0.911986589 0.115116678 -0.338656366 0.200849667
1403715581862142976.000000 -1.459064603 -0.488287151 -2.103659868 0.913179815 0.125096247 -0.342543304 0.181982890
1403715581912143104.000000 -1.470098495 -0.458500981 -2.155826092 0.913736820 0.128143907 -0.344561338 0.173037007
1403715581962142976.000000 -1.473797560 -0.474273562 -2.173465014 0.916998506 0.123988926 -0.346043169 0.154902518
1403715582012143104.000000 -1.475289822 -0.487530231 -2.193950415 0.921934962 0.120272905 -0.341767281 0.136987388
1403715582062142976.000000 -1.473700404 -0.498008013 -2.215293646 0.927982330 0.114565611 -0.333813637 0.119549192
1403715582112143104.000000 -1.514785528 -0.447568595 -2.233326197 0.934343457 0.111730665 -0.318547130 0.114221133
1403715582162142976.000000 -1.512259722 -0.455163419 -2.252980232 0.938928664 0.109898858 -0.310399055 0.099938549
1403715582212143104.000000 -1.513653636 -0.463409901 -2.273818254 0.942635477 0.107632861 -0.303527206 0.087891117
1403715582262142976.000000 -1.516368628 -0.470343053 -2.288429499 0.943669558 0.107236698 -0.302891105 0.079026699
1403715582362142976.000000 -1.501479506 -0.523790836 -2.306254625 0.938791454 0.107765682 -0.321785003 0.059258316
1403715582412143104.000000 -1.508969903 -0.529072523 -2.312958717 0.936120808 0.108379371 -0.329711765 0.056762651
1403715582462142976.000000 -1.517684579 -0.532571912 -2.320713758 0.932814479 0.108349159 -0.339160234 0.055570066
1403715582512143104.000000 -1.524055004 -0.535592198 -2.326500893 0.929316103 0.108549982 -0.348568738 0.055572152
1403715582562142976.000000 -1.528799534 -0.537315905 -2.333741665 0.926720917 0.107635103 -0.355584592 0.056237679
1403715582612143104.000000 -1.532985210 -0.534389734 -2.346632481 0.924281180 0.107555345 -0.361664891 0.057747304
1403715582662142976.000000 -1.532482386 -0.532664299 -2.357405901 0.922380447 0.106824324 -0.366350830 0.059916727
1403715582712143104.000000 -1.532462358 -0.526936293 -2.374924660 0.920657396 0.105880529 -0.370432436 0.062922254
1403715582762142976.000000 -1.532004595 -0.522988200 -2.388898611 0.919287205 0.105260000 -0.373384446 0.066448905
1403715582812143104.000000 -1.534743786 -0.524714887 -2.432771683 0.917214811 0.104568601 -0.377899200 0.070531189
1403715582862142976.000000 -1.540869236 -0.520284534 -2.446940899 0.914714754 0.103336699 -0.383424729 0.074860550
1403715582912143104.000000 -1.551877379 -0.507946193 -2.433430672 -0.911807775 -0.102961332 0.389522284 -0.079234041
1403715582962142976.000000 -1.566835880 -0.509590805 -2.482149601 0.908699393 0.102191493 -0.396028906 0.083567150
1403715583012143104.000000 -1.584869862 -0.504450917 -2.498436928 0.906084716 0.101169154 -0.401362658 0.087654807
1403715583062142976.000000 -1.607729197 -0.498723090 -2.520730972 0.904374003 0.100726821 -0.404534221 0.091180958
1403715583112143104.000000 -1.632097244 -0.493000537 -2.541827202 0.904913127 0.099274792 -0.402992070 0.094202973
1403715583162142976.000000 -1.657036781 -0.486261129 -2.571403742 0.909566283 0.099212006 -0.392007679 0.095792808
1403715583212143104.000000 -1.682700992 -0.479513854 -2.599503517 -0.915743768 -0.097986914 0.377411723 -0.096810997
1403715583262142976.000000 -1.708215475 -0.478385180 -2.645512342 0.923070550 0.095395222 -0.360220194 0.095299430
1403715583312143104.000000 -1.734722137 -0.471013337 -2.676587820 0.930023074 0.091720246 -0.342945516 0.095041685
1403715583362142976.000000 -1.761535168 -0.463386297 -2.709674835 0.936920047 0.087518916 -0.325048178 0.094154328
1403715583412143104.000000 -1.788589835 -0.455663294 -2.739356041 0.943042576 0.083165266 -0.308402479 0.092962958
1403715583462142976.000000 -1.815347791 -0.447809994 -2.769712448 0.948136985 0.079985194 -0.293719620 0.091474414
1403715583512143104.000000 -1.841487408 -0.439739436 -2.795693874 0.952562869 0.078971431 -0.279922485 0.089615263
1403715583562142976.000000 -1.865648150 -0.432447255 -2.820124149 0.957036614 0.077770807 -0.265335619 0.087348633
1403715583612143104.000000 -1.887655020 -0.424364924 -2.839565754 0.962674856 0.077978276 -0.245138317 0.084165938
1403715583662142976.000000 -1.906799555 -0.425398946 -2.865682364 0.968013883 0.081411481 -0.223460212 0.079918005
1403715583712143104.000000 -1.924588323 -0.417158157 -2.874464989 0.972820699 0.084522270 -0.201614216 0.076339431
1403715583762142976.000000 -1.940127373 -0.411055237 -2.878478765 0.976581454 0.088260159 -0.182666153 0.071637444
1403715583812143104.000000 -1.951651692 -0.400880635 -2.872189283 0.979435027 0.091315143 -0.166363418 0.068497449
1403715583862142976.000000 -1.958681583 -0.390529543 -2.860536814 -0.981487632 -0.091594160 0.154853687 -0.065672897
1403715583912143104.000000 -1.956717134 -0.376405567 -2.836510897 -0.982356131 -0.089451022 0.151149616 -0.064254880
1403715583962142976.000000 -1.946462750 -0.360459477 -2.803132534 0.982692301 0.084040321 -0.152465880 0.063303143
1403715584012143104.000000 -1.928031683 -0.342987597 -2.760407448 0.982410729 0.075856306 -0.158680201 0.062734731
1403715584062142976.000000 -1.901265383 -0.324541092 -2.708959579 0.981053174 0.067424156 -0.170215100 0.063368246
1403715584112143104.000000 -1.874127626 -0.312589586 -2.655839205 0.978490353 0.057735883 -0.187273055 0.064435989
1403715584162142976.000000 -1.833479524 -0.293792635 -2.589106083 0.974504173 0.049689893 -0.208414108 0.066603504
1403715584212143104.000000 -1.786151767 -0.275527239 -2.516433954 0.969248176 0.040730163 -0.232771426 0.068677515
1403715584262142976.000000 -1.737397313 -0.261703879 -2.445997238 -0.961829662 -0.035059828 0.261802346 -0.071512431
1403715584312143104.000000 -1.684841633 -0.247827202 -2.365655899 -0.953977823 -0.031090051 0.289053828 -0.073536895
1403715584362142976.000000 -1.635814428 -0.237650692 -2.286269903 -0.946781218 -0.026934205 0.311826706 -0.075126871
1403715584412143104.000000 -1.589078903 -0.230108142 -2.202507734 -0.940171301 -0.026979692 0.330888897 -0.076568253
1403715584462142976.000000 -1.547125340 -0.224971622 -2.116813421 -0.934690595 -0.028670182 0.345628083 -0.077928439
1403715584512143104.000000 -1.507291079 -0.223609269 -2.030432463 0.930864990 0.030267822 -0.355508238 0.078664526
1403715584562142976.000000 -1.441160440 -0.275312096 -1.926123619 0.926381230 0.032344956 -0.368987113 0.067971855
1403715584612143104.000000 -1.401539922 -0.281316310 -1.843953848 -0.923922896 -0.035659086 0.374650389 -0.068789706
1403715584662142976.000000 -1.362548828 -0.289959580 -1.764809608 0.921424925 0.043257851 -0.379897088 0.069160543
1403715584712143104.000000 -1.322646499 -0.300807744 -1.687866449 -0.918451488 -0.055250227 0.385456502 -0.069408610
1403715584762142976.000000 -1.281983972 -0.313027889 -1.614046097 -0.915478170 -0.066347018 0.390599728 -0.070212550
1403715584812143104.000000 -1.245860934 -0.326628447 -1.547235608 0.913480461 0.075237870 -0.393452257 0.071330719
1403715584862142976.000000 -1.207054257 -0.340248674 -1.480988264 -0.911713243 -0.081906222 0.395926654 -0.072886549
1403715584912143104.000000 -1.169988155 -0.351476967 -1.416775465 0.908902228 0.088733375 -0.400622696 0.074328043
1403715584962142976.000000 -1.133592010 -0.365146846 -1.356998324 0.904930174 0.098652057 -0.406956255 0.075866982
1403715585012143104.000000 -1.105693221 -0.375417858 -1.283970118 0.900096357 0.103959508 -0.415904015 0.077736542
1403715585062142976.000000 -1.074596524 -0.387615085 -1.231373668 -0.895380914 -0.104731984 0.425309867 -0.080223233
1403715585112143104.000000 -1.046620131 -0.397211552 -1.180266738 0.890967727 0.102959603 -0.434590787 0.081894726
1403715585162142976.000000 -1.019256711 -0.407258809 -1.137607336 0.887189925 0.101899825 -0.442095011 0.084039226
1403715585212143104.000000 -0.993167400 -0.414241463 -1.098835111 0.885619044 0.098980851 -0.445651412 0.085302852
1403715585262142976.000000 -0.968928277 -0.422038257 -1.068333507 0.886353374 0.099591136 -0.444062203 0.085253164
1403715585312143104.000000 -0.946015000 -0.428679019 -1.044880748 -0.889935076 -0.099075876 0.437128872 -0.084367827
1403715585362142976.000000 -0.926199913 -0.433916986 -1.024729729 0.893970251 0.102110215 -0.428498417 0.082339451
1403715585412143104.000000 -0.906712115 -0.439301729 -1.011382937 0.898061097 0.104217917 -0.419713050 0.080410734
1403715585462142976.000000 -0.893508136 -0.442371339 -1.001880169 0.901377261 0.105998553 -0.412482500 0.078368440
1403715585512143104.000000 -0.878148556 -0.445741057 -0.995920539 0.905000567 0.108919606 -0.404126704 0.076106273
1403715585562142976.000000 -0.865638077 -0.485212415 -1.007355809 0.908602715 0.112120435 -0.396249652 0.069687612
1403715585612143104.000000 -0.853761554 -0.486003757 -1.005308986 0.911330819 0.114358917 -0.389645547 0.067635879
1403715585662142976.000000 -0.846916378 -0.485479504 -1.006819844 0.913443208 0.115938365 -0.384507358 0.065832824
1403715585712143104.000000 -0.840568900 -0.484438896 -1.007472157 0.913930237 0.116773240 -0.383258760 0.064871840
1403715585762142976.000000 -0.839189649 -0.482173443 -1.009305120 0.914247155 0.116518170 -0.382688016 0.064230636
1403715585812143104.000000 -0.843870878 -0.479567409 -1.012050271 0.914861798 0.112409562 -0.382501781 0.063909978
1403715585862142976.000000 -0.854143262 -0.477463901 -1.011854410 0.915270209 0.106651843 -0.383194119 0.063782454
1403715585912143104.000000 -0.873457193 -0.474993795 -1.015017033 0.916211188 0.095319763 -0.383879930 0.064089164
1403715585962142976.000000 -0.891803384 -0.473400086 -1.014859319 -0.917331755 -0.082326785 0.384083331 -0.064845122
1403715586012143104.000000 -0.894282579 -0.463660181 -1.016607642 0.918820679 0.065878853 -0.383536279 0.065792009
1403715586062142976.000000 -0.911474228 -0.463028014 -1.021091223 0.921580672 0.050919633 -0.379017681 0.066647679
1403715586112143104.000000 -0.926371694 -0.462543398 -1.031444550 0.927007675 0.042250302 -0.366610587 0.066846512
1403715586162142976.000000 -0.936687529 -0.465057135 -1.042142987 0.932123363 0.040771887 -0.353659004 0.066400401
1403715586212143104.000000 -0.944254220 -0.467401087 -1.055927992 0.936225355 0.045832608 -0.342121929 0.065833665
1403715586262142976.000000 -0.948853254 -0.473216683 -1.067546725 0.939091444 0.057117388 -0.332551450 0.065226309
1403715586312143104.000000 -0.951285005 -0.478593647 -1.080267549 0.940543354 0.071176372 -0.325780541 0.064647354
1403715586362142976.000000 -0.954519093 -0.485778034 -1.089980125 0.941686571 0.086632475 -0.318809628 0.063888006
1403715586412143104.000000 -0.954986751 -0.490797758 -1.101211786 0.942722797 0.099772967 -0.311961234 0.063240945
1403715586462142976.000000 -0.948976040 -0.498726308 -1.120876551 0.943870425 0.108958669 -0.305561155 0.062202010
1403715586512143104.000000 -0.952157855 -0.502540886 -1.125517130 0.944769084 0.115234897 -0.300609320 0.061371818
1403715586562142976.000000 -0.953240395 -0.504165590 -1.130204916 0.945662916 0.117602505 -0.296968132 0.060838196
1403715586612143104.000000 -0.955185473 -0.504173040 -1.130317807 0.946246982 0.118469827 -0.294799179 0.060621642
1403715586662142976.000000 -0.955361724 -0.502284110 -1.130826712 0.945808470 0.118104786 -0.296225309 0.061222985
1403715586712143104.000000 -0.956800222 -0.498677731 -1.125853062 0.945122719 0.114196740 -0.299742877 0.062100969
1403715586762142976.000000 -0.956507206 -0.494219542 -1.122608304 0.943494022 0.107512206 -0.306930900 0.063667879
1403715586812143104.000000 -0.957321823 -0.487638623 -1.113054156 0.940854907 0.099183105 -0.317228168 0.065735251
1403715586862142976.000000 -0.951272488 -0.477875113 -1.110142708 0.937486172 0.091249503 -0.328877747 0.068064459
1403715586912143104.000000 -0.950484931 -0.469964355 -1.099081039 0.934127152 0.085568152 -0.339306265 0.070398353
1403715586962142976.000000 -0.947755456 -0.462574095 -1.091123104 0.931419611 0.082382835 -0.347003937 0.072518155
1403715587012143104.000000 -0.945457995 -0.454520643 -1.080740690 0.929896891 0.080163911 -0.351222277 0.074218549
1403715587062142976.000000 -0.940597415 -0.446089238 -1.074003696 0.929155290 0.078518428 -0.353239924 0.075676233
1403715587112143104.000000 -0.937353849 -0.438726962 -1.065580010 0.929593325 0.078434661 -0.351906002 0.076593354
1403715587162142976.000000 -0.931844831 -0.431340605 -1.059873939 0.931132555 0.082618885 -0.346910328 0.076285541
1403715587212143104.000000 -0.925554574 -0.423949748 -1.054013252 0.933549881 0.087470405 -0.339431584 0.074965611
1403715587262142976.000000 -0.940714478 -0.390818834 -1.063870907 0.936050415 0.090591058 -0.331133306 0.077160545
1403715587312143104.000000 -0.933269620 -0.382066548 -1.058449626 0.937701225 0.092657864 -0.326358348 0.074974939
1403715587362142976.000000 -0.901192069 -0.396060169 -1.039556265 0.938562989 0.090014338 -0.325995922 0.068729125
1403715587412143104.000000 -0.893619478 -0.385809302 -1.032560468 0.940335274 0.083492383 -0.323092639 0.066406839
1403715587462142976.000000 -0.885992229 -0.376098514 -1.026113391 0.941326857 0.075603537 -0.322397977 0.065172821
1403715587512143104.000000 -0.877567530 -0.366104573 -1.017012119 0.941617966 0.067335568 -0.323234260 0.065888301
1403715587562142976.000000 -0.911286175 -0.340944439 -1.042702556 0.942463338 0.056854628 -0.321349025 0.072562560
1403715587612143104.000000 -0.900611818 -0.333330750 -1.031380177 0.942149043 0.047026750 -0.322604239 0.077911370
1403715587662142976.000000 -0.888550878 -0.328014672 -1.020130038 0.941278458 0.038571745 -0.324349552 0.085466489
1403715587712143104.000000 -0.875874758 -0.324942648 -1.006546140 0.939481497 0.032857068 -0.327488035 0.095113546
1403715587762142976.000000 -0.861922145 -0.324787110 -0.991468310 0.937732458 0.028896758 -0.329103470 0.107302085
1403715587812143104.000000 -0.847031474 -0.327542245 -0.979996800 0.936165929 0.026400920 -0.328709394 0.121846087
1403715587862142976.000000 -0.830416441 -0.333240807 -0.964766860 0.934773326 0.026300820 -0.326205969 0.138191685
1403715587912143104.000000 -0.813878059 -0.342096388 -0.952822804 0.933034182 0.030065870 -0.322614700 0.156406984
1403715587962142976.000000 -0.794075012 -0.353210896 -0.936930776 0.931585670 0.036648549 -0.316064626 0.175807416
1403715588012143104.000000 -0.773246467 -0.366314858 -0.920490384 0.929990292 0.044279825 -0.308125466 0.195489556
1403715588062142976.000000 -0.779057145 -0.396496832 -0.921141505 0.928342462 0.051747691 -0.298726141 0.215093553
1403715588112143104.000000 -0.758780241 -0.412380546 -0.901135206 0.925969124 0.059239041 -0.289753675 0.234765172
1403715588162142976.000000 -0.741474092 -0.429127157 -0.877979636 0.923197746 0.065897100 -0.280322582 0.254524767
1403715588212143104.000000 -0.744005680 -0.453163594 -0.859765768 0.919921875 0.071405359 -0.270981938 0.274251550
1403715588262142976.000000 -0.736187816 -0.471095800 -0.830257297 0.916087985 0.074205533 -0.262616277 0.293784231
1403715588312143104.000000 -0.732769251 -0.489029050 -0.797165275 0.911549807 0.074804693 -0.255715728 0.313194364
1403715588362142976.000000 -0.747486830 -0.513603210 -0.768343627 0.906601131 0.075127117 -0.249331653 0.332060456
1403715588412143104.000000 -0.746209204 -0.529986858 -0.729996085 0.900941849 0.076122127 -0.244288951 0.350474298
1403715588462142976.000000 -0.743998230 -0.545194268 -0.689470470 0.895079732 0.077286147 -0.239748865 0.367939800
1403715588512143104.000000 -0.757140994 -0.566028535 -0.652549982 0.888727486 0.076908238 -0.236858353 0.384898424
1403715588562142976.000000 -0.753133774 -0.579310775 -0.608060896 0.882285893 0.076520957 -0.233430073 0.401530266
1403715588612143104.000000 -0.748479843 -0.591564536 -0.561619937 0.875043333 0.074721113 -0.232498422 0.417923987
1403715588662142976.000000 -0.759240031 -0.607492685 -0.519314706 0.867156565 0.071224131 -0.233683765 0.434002995
1403715588712143104.000000 -0.754333079 -0.617874146 -0.469245970 0.858287215 0.068343580 -0.237374708 0.449806094
1403715588762142976.000000 -0.752086878 -0.627612054 -0.419365883 0.848806500 0.064895794 -0.242074907 0.465527594
1403715588812143104.000000 -0.758117318 -0.640536308 -0.371329725 0.837826967 0.062013555 -0.249590307 0.481565297
1403715588862142976.000000 -0.754720211 -0.649884105 -0.318943918 0.825735390 0.058472101 -0.259270668 0.497514635
1403715588912143104.000000 -0.752088010 -0.659703374 -0.266424477 0.812801123 0.054322843 -0.270461351 0.513082862
1403715588962142976.000000 -0.749545932 -0.670297444 -0.214389920 0.799828172 0.049875703 -0.280321538 0.528400660
1403715589012143104.000000 -0.757668853 -0.687526286 -0.169057190 0.786992550 0.045520592 -0.289149493 0.543105066
1403715589062142976.000000 -0.753361940 -0.701587319 -0.121461451 0.775498688 0.040295813 -0.294469416 0.557015181
1403715589112143104.000000 -0.746121049 -0.718066335 -0.077222645 0.765470684 0.037447147 -0.296626300 0.569793940
1403715589162142976.000000 -0.735879540 -0.736335158 -0.037012577 0.756675780 0.034202043 -0.297132701 0.581364036
1403715589212143104.000000 -0.722327113 -0.758572578 -0.001073241 -0.749115944 -0.032439884 0.296006024 -0.591737688
1403715589262142976.000000 -0.719556630 -0.790432036 0.025313437 0.741451025 0.031074584 -0.294571161 0.602090180
1403715589312143104.000000 -0.701179147 -0.818729401 0.053948820 0.733782232 0.027494764 -0.294257551 0.611735523
1403715589362142976.000000 -0.680388033 -0.850364089 0.079164624 0.725114226 0.023340691 -0.295671135 0.621484756
1403715589412143104.000000 -0.658638835 -0.884986818 0.102851450 -0.717322111 -0.018212536 0.295040637 -0.630926669
1403715589462142976.000000 -0.635528445 -0.923808992 0.122858763 -0.709482074 -0.012767783 0.294231087 -0.640234590
1403715589512143104.000000 -0.612290502 -0.967086136 0.140575886 -0.701590955 -0.008710628 0.294322431 -0.648898065
1403715589562142976.000000 -0.588363230 -1.014983296 0.155714869 -0.694720089 -0.006481187 0.294840991 -0.656041801
1403715589612143104.000000 -0.562012672 -1.067583084 0.167570591 -0.688957989 -0.004255341 0.295378745 -0.661868751
1403715589662142976.000000 -0.531836987 -1.125605941 0.175558448 -0.685510218 -0.003545108 0.293301940 -0.666361213
1403715589712143104.000000 -0.508757174 -1.195175290 0.167662621 0.683602929 0.006961365 -0.289420605 0.669980884
1403715589762142976.000000 -0.469928324 -1.264102221 0.166698575 0.685168803 0.016330339 -0.280362576 0.672066927
1403715589812143104.000000 -0.426287472 -1.337420344 0.161496043 0.689408302 0.032274663 -0.266203761 0.672911644
1403715589862142976.000000 -0.379732370 -1.413592815 0.152842641 0.695188105 0.048776019 -0.249246091 0.672466278
1403715589912143104.000000 -0.334060431 -1.491665602 0.142812729 0.700406790 0.060448516 -0.234183058 0.671516716
1403715589962142976.000000 -0.289971054 -1.570556998 0.131723523 0.704941928 0.069807224 -0.221448585 0.670182407
1403715590012143104.000000 -0.246726781 -1.649045229 0.116855383 0.709034979 0.076071374 -0.212865815 0.667960167
1403715590062142976.000000 -0.207232773 -1.727827787 0.105019212 0.711410761 0.080996752 -0.207587466 0.666514695
1403715590112143104.000000 -0.169594586 -1.805839062 0.093134522 0.712466359 0.084435254 -0.206046447 0.665437639
1403715590162142976.000000 -0.134157479 -1.883371592 0.079581022 0.712778568 0.086250715 -0.207292348 0.664482832
1403715590212143104.000000 -0.100615174 -1.959634662 0.066690683 0.712960064 0.085325792 -0.211995602 0.662921906
1403715590262142976.000000 -0.068077028 -2.034965038 0.052871943 0.713828564 0.086371742 -0.217579484 0.660036325
1403715590312143104.000000 -0.036490440 -2.109372616 0.037472486 0.715376318 0.089087486 -0.224628925 0.655623496
1403715590362142976.000000 0.003668487 -2.179338932 0.019198179 0.717673659 0.094701260 -0.233499125 0.649195254
1403715590412143104.000000 0.032638967 -2.252904415 -0.000365734 0.720687449 0.100608528 -0.242731258 0.641536534
1403715590462142976.000000 0.059907794 -2.326184750 -0.022472620 0.725584567 0.107530408 -0.250680417 0.631762385
1403715590512143104.000000 0.084383309 -2.398562908 -0.047844410 0.731316149 0.112983309 -0.259149998 0.620687306
1403715590562142976.000000 0.107636511 -2.470604420 -0.075985432 0.737718701 0.119327359 -0.267903417 0.608078837
1403715590612143104.000000 0.128503859 -2.542025328 -0.106988668 0.744854271 0.122191519 -0.277036369 0.594568968
1403715590662142976.000000 0.158898115 -2.607568026 -0.139792681 0.754334748 0.118599527 -0.283560783 0.580091894
1403715590712143104.000000 0.175197482 -2.676906109 -0.176844597 0.765422046 0.110051937 -0.287697554 0.565020144
1403715590762142976.000000 0.190319538 -2.745374680 -0.217521906 0.777603865 0.102305517 -0.288811356 0.549048066
1403715590812143104.000000 0.206354022 -2.810947895 -0.259557009 0.790474951 0.096585721 -0.287649900 0.532050967
1403715590862142976.000000 0.221075535 -2.877330780 -0.304575920 0.803064108 0.094258457 -0.285857350 0.514284909
1403715590912143104.000000 0.234976292 -2.942867756 -0.350804567 0.815343559 0.093962945 -0.284274340 0.495554268
1403715590962142976.000000 0.248049378 -3.007529974 -0.398746967 0.826163471 0.094556227 -0.286135435 0.476066798
1403715591012143104.000000 0.259952784 -3.071017265 -0.447479486 0.835536838 0.095259219 -0.290467441 0.456544250
1403715591062142976.000000 0.281189442 -3.131728411 -0.494869947 0.844762564 0.095110603 -0.297016293 0.434869647
1403715591112143104.000000 0.290516973 -3.193030596 -0.545355797 0.852866411 0.096416064 -0.303456545 0.413807958
1403715591162142976.000000 0.298813462 -3.253594875 -0.596633911 0.859843135 0.100769013 -0.311505139 0.391765237
1403715591212143104.000000 0.309890032 -3.311575890 -0.643962145 0.866220653 0.105667405 -0.320215046 0.368725687
1403715591262142976.000000 0.315522790 -3.368848324 -0.696890354 0.871627331 0.113115340 -0.328446388 0.345823348
1403715591312143104.000000 0.319452167 -3.424641132 -0.751066446 0.876661360 0.120749637 -0.335851520 0.322627068
1403715591362142976.000000 0.326061845 -3.478708029 -0.802620888 0.882249057 0.125494957 -0.341462493 0.298816085
1403715591412143104.000000 0.328389287 -3.528998375 -0.861250877 0.887071729 0.130128846 -0.346722782 0.275596887
1403715591462142976.000000 0.327857137 -3.580027580 -0.914595842 0.892148137 0.133158222 -0.350574017 0.251870126
1403715591512143104.000000 0.325498819 -3.628128767 -0.976734161 0.896108449 0.133787289 -0.355590731 0.229446813
1403715591562142976.000000 0.318649173 -3.673871517 -1.038490772 0.900070012 0.133097872 -0.359676927 0.206861153
1403715591612143104.000000 0.307877064 -3.716945171 -1.100173712 0.903783560 0.129862249 -0.363548905 0.184779286
1403715591662142976.000000 0.295768201 -3.758610010 -1.153911352 0.907761991 0.127301350 -0.365366220 0.162080720
1403715591712143104.000000 0.277850091 -3.799918652 -1.217599392 0.910955787 0.129092261 -0.365554005 0.140943587
1403715591762142976.000000 0.256324649 -3.839927197 -1.281483412 0.913594306 0.131125808 -0.365436316 0.120862655
1403715591812143104.000000 0.232497573 -3.875530243 -1.337311745 0.915563166 0.133257240 -0.365893632 0.100540660
1403715591862142976.000000 0.203367323 -3.911304235 -1.400357485 0.916920960 0.134834766 -0.366573572 0.081850536
1403715591912143104.000000 0.170590192 -3.944816589 -1.462933779 0.917724311 0.137606308 -0.367251605 0.063031025
1403715591962142976.000000 0.134614572 -3.978416443 -1.527838945 0.917956412 0.142680615 -0.367508322 0.043999117
1403715592012143104.000000 0.094839640 -4.008011818 -1.590191483 0.917143047 0.150412574 -0.368229061 0.025141116
1403715592062142976.000000 0.051801577 -4.034577847 -1.652068853 0.916229069 0.156908035 -0.368604928 0.005889464
1403715592112143104.000000 0.011646673 -4.053003788 -1.703402281 0.915352285 0.163017064 -0.367915928 -0.013912239
1403715592162142976.000000 -0.033079058 -4.070713043 -1.766326427 0.915531397 0.167237282 -0.364172429 -0.034820057
1403715592212143104.000000 -0.075383872 -4.082465172 -1.830611229 0.916588068 0.170457348 -0.357184201 -0.056834195
1403715592262142976.000000 -0.115383506 -4.084184647 -1.876595378 0.916620612 0.172748148 -0.351481885 -0.080158092
1403715592312143104.000000 -0.151918530 -4.084057808 -1.941025019 0.915894270 0.175458446 -0.346239090 -0.102325857
1403715592412143104.000000 -0.222760558 -4.059640884 -2.051482439 0.911042154 0.179671243 -0.340658724 -0.147214681
1403715592462142976.000000 -0.251734495 -4.042930603 -2.113440037 0.907312691 0.182199270 -0.339418828 -0.168469429
1403715592512143104.000000 -0.279084802 -4.020946026 -2.171890974 -0.903619766 -0.185253426 0.336447924 0.189619124
1403715592562142976.000000 -0.313088298 -3.986045361 -2.211653709 0.899447680 0.187938094 -0.332551271 -0.212327451
1403715592612143104.000000 -0.340406537 -3.954369068 -2.265144348 0.895168960 0.190431282 -0.328741312 -0.233104616
1403715592662142976.000000 -0.368002295 -3.917510509 -2.315614223 -0.890094399 -0.194106042 0.324728131 0.254178017
1403715592712143104.000000 -0.396862388 -3.871888638 -2.350307465 0.884603620 0.196211100 -0.320758641 -0.275847107
1403715592762142976.000000 -0.421694756 -3.824080944 -2.390740395 0.878512621 0.195001066 -0.319335401 -0.297010183
1403715592812143104.000000 -0.451633215 -3.769458771 -2.423165321 0.872303426 0.186653689 -0.320629984 -0.318502218
1403715592912143104.000000 -0.493919969 -3.650813580 -2.483176947 0.857931793 0.154814899 -0.334516406 -0.357888520
1403715592962142976.000000 -0.526545286 -3.586817265 -2.503909588 0.850587308 0.135988176 -0.340698361 -0.376740098
1403715593012143104.000000 -0.545558929 -3.520425081 -2.526356697 0.842196524 0.118100956 -0.345657945 -0.396582723
1403715593062142976.000000 -0.562873721 -3.452604532 -2.546129704 0.833271384 0.102231301 -0.348729372 -0.416647911
1403715593112143104.000000 -0.598162293 -3.384421587 -2.565545559 0.823251367 0.090790085 -0.349110961 -0.438333243
1403715593162142976.000000 -0.615610361 -3.316112757 -2.584171295 0.813223422 0.083588749 -0.347845167 -0.459003687
1403715593212143104.000000 -0.632949233 -3.248243570 -2.602366447 0.803528368 0.078568481 -0.344154447 -0.479298353
1403715593262142976.000000 -0.668272138 -3.180695295 -2.619734526 0.792897463 0.076058462 -0.340139180 -0.499834031
1403715593312143104.000000 -0.685324907 -3.114212036 -2.636541843 0.782754898 0.077911131 -0.335465640 -0.518350661
1403715593412143104.000000 -0.733555794 -2.981939316 -2.668619394 0.761811495 0.093132272 -0.321331173 -0.554721475
1403715593462142976.000000 -0.747196317 -2.917461395 -2.682703733 0.751741946 0.100388825 -0.312454283 -0.571995258
1403715593512143104.000000 -0.760245562 -2.853679180 -2.694087982 0.741014004 0.106683314 -0.304964006 -0.588654339
1403715593562142976.000000 -0.772191167 -2.788842201 -2.703468084 0.730541408 0.107780628 -0.298116744 -0.604829788
1403715593612143104.000000 -0.782536983 -2.723654270 -2.710388184 0.720473588 0.107299745 -0.288738251 -0.621317029
1403715593662142976.000000 -0.791721821 -2.658842087 -2.714750290 0.710574925 0.101830661 -0.280494124 -0.637210250
1403715593762142976.000000 -0.843860388 -2.522479773 -2.730110884 0.689185143 0.087949865 -0.262071162 -0.669781685
1403715593812143104.000000 -0.848786950 -2.459313393 -2.727270126 0.677574992 0.082890950 -0.254377902 -0.685064316
1403715593862142976.000000 -0.853321195 -2.398233891 -2.721505880 0.664684236 0.081840970 -0.247106582 -0.700310886
1403715593912143104.000000 -0.857221723 -2.337120295 -2.715499640 0.649718642 0.079107955 -0.242575377 -0.716076076
1403715593962142976.000000 -0.860371470 -2.279758692 -2.704211712 0.633335412 0.079119027 -0.239925802 -0.731479466
1403715594012143104.000000 -0.862268567 -2.224298239 -2.690307617 0.616204321 0.080391519 -0.237706661 -0.746542096
1403715594062142976.000000 -0.863118768 -2.170521498 -2.673744917 0.598275065 0.080445386 -0.238009319 -0.760885775
1403715594112143104.000000 -0.894412875 -2.117529392 -2.649343014 0.579016507 0.080308810 -0.238173962 -0.775605321
1403715594162142976.000000 -0.892977655 -2.067057848 -2.628079176 0.561763108 0.079455532 -0.238049150 -0.788315773
1403715594212143104.000000 -0.890580714 -2.018485069 -2.603469133 0.545205235 0.078135349 -0.236477703 -0.800452709
1403715594262142976.000000 -0.886587083 -1.970746756 -2.577962399 0.529306650 0.076701537 -0.234474242 -0.811771691
1403715594312143104.000000 -0.881369650 -1.924151301 -2.550701618 0.513724029 0.075798996 -0.230581954 -0.822905958
1403715594362142976.000000 -0.875032723 -1.878610969 -2.521702290 0.498891383 0.074162193 -0.224558696 -0.833775043
1403715594462142976.000000 -0.861092269 -1.790961862 -2.456951618 0.468534499 0.072320804 -0.207387358 -0.855707705
1403715594512143104.000000 -0.854361594 -1.750195742 -2.421304464 0.452527255 0.073394798 -0.197334185 -0.866540015
1403715594562142976.000000 -0.845926583 -1.710569620 -2.383647442 0.435649484 0.074015483 -0.187346160 -0.877287149
1403715594612143104.000000 -0.861364722 -1.668437004 -2.337893963 -0.416587204 -0.073172264 0.176358014 0.888818800
1403715594662142976.000000 -0.851175845 -1.632804155 -2.295054436 -0.397561878 -0.075547203 0.169286862 0.898654103
1403715594712143104.000000 -0.839488685 -1.601145744 -2.250060320 0.376283348 0.079660892 -0.166680813 -0.907900095
1403715594762142976.000000 -0.827989697 -1.570900440 -2.201734304 0.352627963 0.083087191 -0.170428485 -0.916353762
1403715594812143104.000000 -0.815252185 -1.541813493 -2.150685072 0.328981608 0.084559679 -0.174615055 -0.924191773
1403715594862142976.000000 -0.801636934 -1.513480902 -2.097202778 0.305457711 0.084162496 -0.178335607 -0.931562543
1403715594912143104.000000 -0.787009239 -1.485427141 -2.041349649 0.282398313 0.084477842 -0.179647774 -0.938531578
1403715594962142976.000000 -0.776621699 -1.448229551 -1.970081925 -0.259284168 -0.084198058 0.178244904 0.945468724
1403715595012143104.000000 -0.760647058 -1.419887424 -1.909942150 -0.238350064 -0.083333112 0.174695820 0.951696575
1403715595062142976.000000 -0.742959201 -1.391969562 -1.847280264 0.218042552 0.082683288 -0.169762850 -0.957497597
1403715595112143104.000000 -0.724761963 -1.362791181 -1.782154202 0.197637558 0.079501338 -0.165731937 -0.962887287
1403715595162142976.000000 -0.705326319 -1.333058596 -1.715043187 0.176966295 0.072763436 -0.163794741 -0.967760205
1403715595212143104.000000 -0.685067415 -1.302439570 -1.646177053 0.156868577 0.066411696 -0.158928201 -0.972483277
1403715595262142976.000000 -0.664551616 -1.271286249 -1.575551271 0.136548668 0.059634283 -0.153639242 -0.976828218
1403715595312143104.000000 -0.648874462 -1.228494644 -1.485169411 -0.115747280 -0.051523250 0.147071317 0.980978072
1403715595362142976.000000 -0.628887415 -1.196536779 -1.411374569 -0.095947869 -0.042749777 0.139112383 0.984689951
1403715595412143104.000000 -0.609599590 -1.164406776 -1.336780190 -0.075295769 -0.034990411 0.133081600 0.987621129
1403715595462142976.000000 -0.590605497 -1.131727934 -1.261144876 0.055042043 0.025064129 -0.125506043 -0.990247667
1403715595512143104.000000 -0.570983231 -1.098620296 -1.185879469 0.035373170 0.015683390 -0.114639662 -0.992653251
1403715595562142976.000000 -0.551114619 -1.065167308 -1.111077785 0.016663451 0.006643892 -0.101565041 -0.994667172
1403715595612143104.000000 -0.532833099 -1.021450996 -1.027216196 0.000920199 0.003895990 0.081090234 0.996698797
1403715595662142976.000000 -0.512429953 -0.989313662 -0.953937888 0.016536728 0.017469736 0.059670165 0.997928321
1403715595712143104.000000 -0.491604716 -0.958176851 -0.881569386 -0.030671349 -0.032729495 -0.035441320 -0.998364687
1403715595762142976.000000 -0.471006721 -0.930081964 -0.811989188 -0.045052290 -0.049143918 -0.012829881 -0.997692645
1403715595812143104.000000 -0.450615942 -0.905199528 -0.745768368 -0.058398299 -0.065382831 0.010244558 -0.996097267
1403715595862142976.000000 -0.429722548 -0.884037197 -0.671299338 0.072652534 0.082350537 -0.026563227 0.993596733
1403715595912143104.000000 -0.408819675 -0.867102325 -0.615148365 0.085065573 0.100971878 -0.041749924 0.990366399
1403715595962142976.000000 -0.388290524 -0.854753494 -0.565855265 0.098206997 0.121555179 -0.050333038 0.986431122
1403715596012143104.000000 -0.370205313 -0.846163273 -0.525754750 -0.111927874 -0.142745271 0.052094135 -0.982029676
1403715596062142976.000000 -0.351021647 -0.841755748 -0.494056284 -0.126944110 -0.163791776 0.047849867 -0.977122247
1403715596112143104.000000 -0.333432853 -0.840103745 -0.472399652 -0.141234174 -0.180096522 0.040371489 -0.972619355
1403715596162142976.000000 -0.308959723 -0.843671918 -0.435738444 0.152159631 0.187671036 -0.037386499 0.969654202
1403715596212143104.000000 -0.294714034 -0.846235156 -0.435012668 0.161215171 0.183873281 -0.036077719 0.968967855
1403715596262142976.000000 -0.282662332 -0.850427508 -0.444105923 0.168237969 0.166992530 -0.038221166 0.970746458
1403715596312143104.000000 -0.273159385 -0.857046127 -0.464017957 -0.175748497 -0.137810752 0.041307580 -0.973865688
1403715596362142976.000000 -0.265813112 -0.865321219 -0.489130765 -0.183511242 -0.105092019 0.044896483 -0.976352215
1403715596412143104.000000 -0.259907812 -0.875697494 -0.519557834 -0.193155095 -0.071901523 0.045279585 -0.977482021
1403715596462142976.000000 -0.254205108 -0.888510585 -0.553696632 -0.203531951 -0.041819192 0.045143265 -0.977132559
1403715596512143104.000000 -0.238214299 -0.908092260 -0.543610752 0.213903084 0.014293188 -0.045477260 0.975691080
1403715596562142976.000000 -0.231361598 -0.926094592 -0.580473423 0.224513352 -0.008007556 -0.046015631 0.973351002
1403715596612143104.000000 -0.223765001 -0.946883082 -0.616671681 0.234986395 -0.028047085 -0.047609694 0.970426798
1403715596662142976.000000 -0.211670563 -0.971764863 -0.642021477 -0.245538026 0.045317765 0.050066348 -0.967032015
1403715596712143104.000000 -0.199420542 -1.001462936 -0.651693642 0.255931288 -0.057987016 -0.053268656 0.963482797
1403715596762142976.000000 -0.185653090 -1.031454325 -0.677530646 0.266216069 -0.067526512 -0.057835437 0.959804296
1403715596812143104.000000 -0.170519561 -1.064464927 -0.699761271 0.276882559 -0.077242255 -0.061221123 0.955835640
1403715596862142976.000000 -0.152647942 -1.101830482 -0.715330780 -0.286666244 0.087138273 0.063647702 -0.951934040
1403715596912143104.000000 -0.133598104 -1.141910076 -0.727822542 -0.295082241 0.095802344 0.066852361 -0.948303282
1403715596962142976.000000 -0.112758934 -1.185393929 -0.735268295 -0.301746309 0.103689320 0.070633501 -0.945097148
1403715597012143104.000000 -0.089445584 -1.232370377 -0.737520099 -0.307307661 0.107981645 0.074205697 -0.942547381
1403715597062142976.000000 -0.063214250 -1.283017159 -0.734238803 -0.311723739 0.109282136 0.076474443 -0.940764308
1403715597112143104.000000 -0.033530787 -1.337250590 -0.725581884 -0.316040874 0.105217278 0.075900100 -0.939833343
1403715597162142976.000000 -0.000421852 -1.395545840 -0.711818755 -0.321116954 0.095431574 0.072287016 -0.939442039
1403715597212143104.000000 0.033896334 -1.473080993 -0.645773530 0.328061193 -0.081966504 -0.065513365 0.938810647
1403715597262142976.000000 0.071749501 -1.537279487 -0.622675836 0.335372239 -0.065453589 -0.057704967 0.938035965
1403715597312143104.000000 0.111171968 -1.603281736 -0.596326470 0.344134390 -0.047741067 -0.048562434 0.936447561
1403715597362142976.000000 0.149625137 -1.675218225 -0.562168062 -0.353120178 0.031811625 0.041423287 -0.934118986
1403715597412143104.000000 0.189839423 -1.744368792 -0.529291511 -0.363287568 0.015303308 0.033641934 -0.930943727
1403715597462142976.000000 0.230297893 -1.813064337 -0.477190286 0.372835606 0.004358646 -0.030262528 0.927393556
1403715597512143104.000000 0.270581901 -1.881005049 -0.441347420 0.382858753 0.021134192 -0.029629156 0.923089743
1403715597562142976.000000 0.309761941 -1.947662354 -0.405096829 0.393398941 0.033985551 -0.031966325 0.918183208
1403715597612143104.000000 0.346326411 -2.012558460 -0.358147025 0.404553086 0.041948132 -0.036695752 0.912814677
1403715597662142976.000000 0.381525367 -2.075506449 -0.321016312 0.415999562 0.047429424 -0.042230703 0.907144725
1403715597712143104.000000 0.415169299 -2.137335539 -0.283070415 -0.426888734 -0.048453819 0.049912013 -0.901624739
1403715597762142976.000000 0.450163186 -2.203323841 -0.236879826 0.436946034 0.049094722 -0.056847118 0.896346152
1403715597812143104.000000 0.481987476 -2.261966705 -0.198922157 0.446003139 0.048362944 -0.061600409 0.891598403
1403715597862142976.000000 0.513407826 -2.318910599 -0.160969496 0.453365564 0.050371032 -0.065926373 0.887454927
1403715597912143104.000000 0.545324743 -2.373536825 -0.123170912 -0.459737152 -0.055303372 0.067971893 -0.883721292
1403715597962142976.000000 0.577101946 -2.426813602 -0.085850477 -0.464889348 -0.062369704 0.067975111 -0.880549490
1403715598012143104.000000 0.607668042 -2.478048801 -0.048773646 -0.468724728 -0.067493089 0.068105116 -0.878125072
1403715598062142976.000000 0.638516188 -2.536958218 0.006691217 0.471170753 0.071779326 -0.069543406 0.876361609
1403715598112143104.000000 0.666332126 -2.584030151 0.042703867 0.471673429 0.076178476 -0.072817944 0.875453353
1403715598162142976.000000 0.692147613 -2.629927874 0.078376055 0.472237617 0.081704043 -0.073928632 0.874557436
1403715598212143104.000000 0.715195060 -2.674226522 0.115006924 0.473373026 0.088252947 -0.071645983 0.873496592
1403715598262142976.000000 0.734617352 -2.717022896 0.150295258 0.474254340 0.096864767 -0.067255080 0.872454464
1403715598312143104.000000 0.750158310 -2.758135796 0.185320497 0.474728644 0.106202364 -0.062028866 0.871496558
1403715598362142976.000000 0.765075743 -2.815544605 0.234091282 0.475534379 0.116517276 -0.054763429 0.870225132
1403715598412143104.000000 0.775811970 -2.850746632 0.265910506 0.476675838 0.129570886 -0.044290066 0.868348956
1403715598462142976.000000 0.784980059 -2.881314278 0.295102954 0.477638543 0.140638411 -0.034442112 0.866542637
1403715598512143104.000000 0.809581339 -2.919471979 0.333150029 0.479271829 0.147402748 -0.025707576 0.864817977
1403715598562142976.000000 0.814494908 -2.939593554 0.357942224 0.479623169 0.152644277 -0.019006994 0.863886654
1403715598612143104.000000 0.816978574 -2.953765392 0.379932046 0.479019701 0.154697910 -0.016423354 0.863909125
1403715598662142976.000000 0.817218900 -2.964140892 0.400671482 0.476912558 0.149039313 -0.020181375 0.865987539
1403715598712143104.000000 0.814096034 -2.968237400 0.417917132 0.474096060 0.139099479 -0.027628954 0.868976951
1403715598762142976.000000 0.807723165 -2.967981100 0.433004022 0.471376061 0.125232264 -0.037177179 0.872203827
1403715598812143104.000000 0.798484921 -2.965820551 0.441781878 0.468240291 0.110329740 -0.047146667 0.875417471
1403715598862142976.000000 0.787240148 -2.958628893 0.452695966 0.465794772 0.097934246 -0.055735864 0.877688825
1403715598912143104.000000 0.774165392 -2.949464560 0.462046981 -0.463269889 -0.087812729 0.063930646 -0.879535675
1403715598962142976.000000 0.759441495 -2.940746069 0.472162485 -0.461007059 -0.080693483 0.069709152 -0.880966365
1403715599012143104.000000 0.732154965 -2.943416595 0.487103462 0.458965242 0.077552050 -0.073625684 0.881995440
1403715599062142976.000000 0.715283036 -2.931710482 0.494129658 0.458213121 0.075121447 -0.075661078 0.882424414
1403715599112143104.000000 0.697445393 -2.919472456 0.500101924 0.457389057 0.075316854 -0.077455789 0.882679641
1403715599162142976.000000 0.678420305 -2.910196304 0.507641554 -0.457418591 -0.074222408 0.076917589 -0.882804036
1403715599212143104.000000 0.657312870 -2.898089409 0.513059258 -0.458331376 -0.068613634 0.075928241 -0.882870078
1403715599262142976.000000 0.634558797 -2.885409355 0.517769337 -0.459404647 -0.062066097 0.074447915 -0.882922828
1403715599312143104.000000 0.611688137 -2.878097773 0.528319955 0.461066455 0.054980643 -0.071327217 0.882783890
1403715599362142976.000000 0.586609662 -2.864321947 0.532656670 0.463152438 0.048359718 -0.066486813 0.882457256
1403715599412143104.000000 0.560969889 -2.849845886 0.537417054 0.465904504 0.043108001 -0.059528500 0.881777287
1403715599462142976.000000 0.553856373 -2.836124897 0.542501807 0.469247490 0.036655515 -0.052877497 0.880719781
1403715599512143104.000000 0.528200746 -2.820682526 0.549457431 0.471611142 0.034429368 -0.045980453 0.879933834
1403715599562142976.000000 0.502936959 -2.803802013 0.557728410 0.473540515 0.032278314 -0.040902056 0.879229546
1403715599612143104.000000 0.454801917 -2.843694687 0.599394679 0.473883986 0.038406640 -0.033170830 0.879123807
1403715599662142976.000000 0.431681871 -2.822938204 0.610783339 0.475691557 0.039834440 -0.027010413 0.878294528
1403715599712143104.000000 0.409475267 -2.799843788 0.623570800 0.475612193 0.044829149 -0.025310643 0.878147423
1403715599762142976.000000 0.388063133 -2.775441408 0.638302803 0.474604696 0.050999381 -0.025083385 0.878362358
1403715599812143104.000000 0.366311610 -2.747760773 0.653360605 0.472361892 0.057193384 -0.028117076 0.879097581
1403715599862142976.000000 0.380919039 -2.645636559 0.614889383 0.469846159 0.058362879 -0.037589729 0.880014479
1403715599912143104.000000 0.358130991 -2.613089085 0.631229877 0.465618253 0.059740059 -0.047733620 0.881675839
1403715599962142976.000000 0.334745526 -2.578818798 0.647765994 -0.461409509 -0.057958446 0.058323503 -0.883368850
1403715600012143104.000000 0.311400175 -2.544158936 0.665094972 0.457477838 0.055972666 -0.067638323 0.884876370
1403715600062142976.000000 0.287525982 -2.509140968 0.681840301 0.454127252 0.056240000 -0.078734726 0.885667205
1403715600112143104.000000 0.266045541 -2.474987507 0.695656776 0.451580286 0.059605245 -0.092519358 0.885416687
1403715600162142976.000000 0.242108554 -2.440374851 0.709170341 0.450280964 0.065199055 -0.108656488 0.883849442
1403715600262142976.000000 0.208922297 -2.372005939 0.707163692 0.455138981 0.077098787 -0.138989791 0.876119971
1403715600312143104.000000 0.181873798 -2.343429089 0.715679526 0.462075412 0.080843188 -0.150953203 0.870151639
1403715600362142976.000000 0.153948724 -2.316913128 0.720498919 0.471339583 0.084641241 -0.162273869 0.862752676
1403715600412143104.000000 0.129201055 -2.296546221 0.717466116 0.484208673 0.083631203 -0.169227228 0.854347765
1403715600462142976.000000 0.098688751 -2.273782253 0.715513349 0.498650908 0.079620846 -0.175908506 0.845023036
1403715600512143104.000000 0.067172557 -2.253388882 0.710151434 0.516147435 0.068485901 -0.178612620 0.834864736
1403715600562142976.000000 0.046918303 -2.241918087 0.695044994 0.534578979 0.055941623 -0.179029778 0.824041426
1403715600612143104.000000 0.016784936 -2.226431847 0.684051156 0.552726567 0.045535687 -0.180973142 0.812199891
1403715600662142976.000000 -0.010887116 -2.213915348 0.669906378 0.570311844 0.038560662 -0.183797926 0.799672365
1403715600712143104.000000 -0.032953084 -2.204410553 0.654560566 -0.586591423 -0.035550129 0.187750757 -0.787017345
1403715600762142976.000000 -0.048128158 -2.200522184 0.633227229 0.602671206 0.036511425 -0.192257822 0.773622215
1403715600862142976.000000 -0.080280542 -2.187506676 0.589881063 -0.632223964 -0.043576516 0.202749655 -0.746516347
1403715600912143104.000000 -0.086890221 -2.186789274 0.564917803 0.645398617 0.045887891 -0.207844943 0.733590782
1403715600962142976.000000 -0.094172716 -2.184119701 0.537289381 0.657192528 0.050115824 -0.212390453 0.721440732
1403715601012143104.000000 -0.099025786 -2.182878494 0.507513523 0.667466700 0.054024298 -0.215917230 0.710597932
1403715601062142976.000000 -0.096418977 -2.187197685 0.480859518 0.676546931 0.058724392 -0.217418224 0.701117039
1403715601112143104.000000 -0.095176637 -2.187952518 0.448144197 0.683092773 0.062372774 -0.219839066 0.693660438
1403715601162142976.000000 -0.091012120 -2.189015388 0.414023399 0.687620342 0.066395476 -0.222359434 0.687987089
1403715601212143104.000000 -0.083021820 -2.188735008 0.378654003 0.690933287 0.070806250 -0.224248022 0.683601201
1403715601262142976.000000 -0.069781065 -2.200384140 0.346455812 0.692645431 0.075139798 -0.226855353 0.680538714
1403715601312143104.000000 -0.058989942 -2.201884747 0.307092190 0.693569720 0.079991497 -0.229634061 0.678108156
1403715601412143104.000000 -0.038863540 -2.205301285 0.225885391 0.696287155 0.084041037 -0.232108295 0.673978567
1403715601462142976.000000 -0.028139889 -2.210966349 0.183113575 0.697994173 0.083533034 -0.231301025 0.672552109
1403715601512143104.000000 -0.020816028 -2.213348627 0.140072107 0.699291527 0.082176663 -0.230040148 0.671803474
1403715601562142976.000000 -0.014376640 -2.216563225 0.095988750 0.700689971 0.081343345 -0.227577493 0.671286404
1403715601612143104.000000 -0.009616971 -2.219399452 0.049777746 0.701761663 0.079340152 -0.225562721 0.671086609
1403715601662142976.000000 -0.011782050 -2.241333723 0.012919188 0.702674091 0.076910459 -0.223567635 0.671082318
1403715601712143104.000000 -0.007557213 -2.245718956 -0.034456491 0.703991175 0.076405130 -0.219852492 0.670987129
1403715601762142976.000000 -0.003154099 -2.250515699 -0.082740545 0.705549121 0.078557611 -0.215335920 0.670566678
1403715601812143104.000000 0.005619109 -2.212451458 -0.146072388 0.704822063 0.082941823 -0.210559681 0.672317803
1403715601862142976.000000 0.009335160 -2.217728138 -0.195589304 0.704872549 0.085139133 -0.206177309 0.673347592
1403715601912143104.000000 0.012612045 -2.222845793 -0.245267630 0.703624666 0.088232145 -0.200662702 0.675915718
1403715601962142976.000000 -0.001645327 -2.292032719 -0.271840334 0.703274548 0.090729445 -0.194080532 0.677868605
1403715602012143104.000000 0.002028346 -2.295362234 -0.322399855 0.701433539 0.099763453 -0.181672722 0.681933463
1403715602062142976.000000 0.004341245 -2.297460794 -0.372778416 0.698613942 0.107653394 -0.169691861 0.686698020
1403715602112143104.000000 0.005178750 -2.297833920 -0.422657847 0.694792151 0.113930412 -0.158140153 0.692297280
1403715602162142976.000000 -0.001026690 -2.293046951 -0.471917748 0.689658284 0.115952060 -0.148890495 0.699112535
1403715602212143104.000000 -0.004074454 -2.287978649 -0.520339370 0.683193266 0.113835223 -0.142387643 0.707116961
1403715602262142976.000000 -0.008589447 -2.279719830 -0.567963123 0.676261485 0.109882943 -0.136091366 0.715594471
1403715602312143104.000000 -0.034036398 -2.305096626 -0.599133730 0.667172849 0.105707146 -0.134229660 0.725044012
1403715602362142976.000000 -0.041335911 -2.289625883 -0.645079732 0.656532168 0.097285345 -0.137161225 0.735314846
1403715602412143104.000000 -0.049161166 -2.272331953 -0.690556645 0.644964814 0.088699035 -0.141075507 0.745822132
1403715602462142976.000000 -0.066287249 -2.265191555 -0.734585524 0.633497238 0.078877971 -0.143857226 0.756151259
1403715602512143104.000000 -0.073770136 -2.244827747 -0.779280484 0.622081697 0.071676642 -0.146081343 0.765857160
1403715602562142976.000000 -0.081479549 -2.223646879 -0.823556006 0.610877633 0.065678097 -0.147039294 0.775173843
1403715602612143104.000000 -0.105783790 -2.187683582 -0.892199874 0.598332167 0.066604160 -0.145742044 0.785061657
1403715602662142976.000000 -0.117231160 -2.167257071 -0.934798717 0.585859478 0.068801187 -0.145531327 0.794264257
1403715602712143104.000000 -0.131476790 -2.147243977 -0.976415515 0.573976338 0.069482513 -0.143027768 0.803284764
1403715602762142976.000000 -0.155584604 -2.198451519 -0.973004758 0.562399030 0.065982468 -0.143125057 0.811707437
1403715602812143104.000000 -0.178948596 -2.181852818 -1.012737274 0.550396562 0.064019255 -0.141386405 0.820350647
1403715602862142976.000000 -0.205024332 -2.166277647 -1.052096248 0.539672911 0.061277192 -0.136699677 0.828439236
1403715602912143104.000000 -0.236868680 -2.155731678 -1.088937879 -0.528717101 -0.058421843 0.133126527 -0.836255074
1403715602962142976.000000 -0.273548663 -2.161505699 -1.121275067 0.517602623 0.054806229 -0.130678639 0.843805075
1403715603012143104.000000 -0.308939487 -2.150691748 -1.158196688 0.507064760 0.053143099 -0.126488730 0.850918233
1403715603062142976.000000 -0.346023560 -2.140915871 -1.195110679 0.496690989 0.052987110 -0.121282592 0.857776821
1403715603112143104.000000 -0.383529812 -2.131879568 -1.232267857 0.486295253 0.053088997 -0.114885665 0.864580691
1403715603162142976.000000 -0.424529880 -2.129752398 -1.269246697 -0.474660218 -0.051430419 0.111125112 -0.871609926
1403715603212143104.000000 -0.461691856 -2.140165329 -1.293018460 0.464165866 0.048711330 -0.106583655 0.877961934
1403715603262142976.000000 -0.500751972 -2.134755611 -1.331044674 0.453544676 0.043483492 -0.104071841 0.884067595
1403715603312143104.000000 -0.539056063 -2.130664825 -1.369659543 0.443828464 0.039388534 -0.102522619 0.889356017
1403715603362142976.000000 -0.576922536 -2.128134251 -1.408823729 0.435836881 0.034690015 -0.100445867 0.893730104
1403715603412143104.000000 -0.611880064 -2.139629364 -1.438955069 0.429655790 0.031383663 -0.096106447 0.897315204
1403715603462142976.000000 -0.647114396 -2.141831398 -1.478616953 0.425743341 0.029528879 -0.089682229 0.899904311
1403715603512143104.000000 -0.680983543 -2.145455122 -1.518433809 0.423324287 0.027068732 -0.081989251 0.901854515
1403715603562142976.000000 -0.713559151 -2.149691820 -1.558168173 0.421937078 0.023970667 -0.073944375 0.903286636
1403715603612143104.000000 -0.747157574 -2.157766342 -1.595791578 -0.421076089 -0.020668902 0.066242211 -0.904367030
1403715603662142976.000000 -0.771314919 -2.166380167 -1.627401114 0.421561271 0.015568824 -0.055993486 0.904935658
1403715603712143104.000000 -0.800998032 -2.172876835 -1.663732171 0.421713263 0.014043555 -0.047191013 0.905391514
1403715603762142976.000000 -0.828626633 -2.178992510 -1.698582888 0.422546148 0.013057483 -0.037990425 0.905450761
1403715603812143104.000000 -0.853009045 -2.183899164 -1.732116342 0.423538059 0.012556072 -0.030284006 0.905284882
1403715603862142976.000000 -0.867540896 -2.189394951 -1.759942651 0.424663901 0.007787635 -0.024908077 0.904974937
1403715603912143104.000000 -0.886271358 -2.191897392 -1.789153576 0.425209969 -0.003347798 -0.024839917 0.904747605
1403715603962142976.000000 -0.900970340 -2.193072796 -1.815801382 0.425102949 -0.013735618 -0.026567115 0.904650807
1403715604012143104.000000 -0.913665652 -2.194263458 -1.839316010 -0.424135298 0.022485845 0.032176904 -0.904747665
1403715604062142976.000000 -0.916028500 -2.193804026 -1.859474897 0.421006203 -0.023227261 -0.041949697 0.905789495
1403715604112143104.000000 -0.923702359 -2.194455624 -1.876401901 0.417181760 -0.018957442 -0.052002002 0.907136083
1403715604162142976.000000 -0.930302203 -2.195767879 -1.890168548 0.413840681 -0.012552084 -0.059759144 0.908299148
1403715604212143104.000000 -0.937659621 -2.199012756 -1.901690960 -0.411089927 0.005017343 0.065302618 -0.909239054
1403715604262142976.000000 -0.942694902 -2.202791452 -1.910651326 -0.409316719 -0.002348386 0.068127818 -0.909842253
1403715604312143104.000000 -0.947577357 -2.207605362 -1.917673469 -0.408194005 -0.007348432 0.069993757 -0.910178304
1403715604362142976.000000 -0.949414134 -2.212121010 -1.927217245 0.407256365 0.009002693 -0.071666345 0.910453260
1403715604412143104.000000 -0.954800248 -2.219530821 -1.931713343 0.406638622 0.008811590 -0.072666474 0.910651922
1403715604462142976.000000 -0.959728301 -2.228091717 -1.935287952 0.406012058 0.009543537 -0.073560454 0.910852432
1403715604512143104.000000 -0.963997781 -2.237869263 -1.938497901 0.406236857 0.012959718 -0.071741529 0.910854995
1403715604562142976.000000 -0.968803644 -2.249077320 -1.942140698 0.406313419 0.019145284 -0.069542490 0.910882413
1403715604612143104.000000 -0.972597659 -2.261310577 -1.943128586 0.406812131 0.025718845 -0.066596940 0.910718083
1403715604662142976.000000 -0.975982189 -2.274077415 -1.943747163 0.406409025 0.031927720 -0.065605097 0.910773456
1403715604712143104.000000 -0.978352904 -2.284016848 -1.949440598 0.406044781 0.035552345 -0.064752311 0.910862744
1403715604762142976.000000 -0.981894910 -2.297369480 -1.950251341 0.405449271 0.038337238 -0.065461189 0.910964310
1403715604812143104.000000 -0.985576332 -2.311078072 -1.951260448 0.405311584 0.038331285 -0.065246388 0.911041260
1403715604862142976.000000 -0.988208473 -2.323423386 -1.955247879 0.405370682 0.038244948 -0.064951502 0.911039650
1403715604912143104.000000 -0.990727186 -2.337436199 -1.957009912 0.405059576 0.038769770 -0.066054061 0.911076546
1403715604962142976.000000 -0.993438840 -2.351458073 -1.958978057 0.404712498 0.036956582 -0.067777671 0.911179543
1403715605062142976.000000 -0.996346533 -2.379090309 -1.967912316 0.405151010 0.033465564 -0.068894491 0.911035836
1403715605112143104.000000 -0.996367872 -2.394379616 -1.971564651 0.405567914 0.034082662 -0.068537392 0.910854459
1403715605162142976.000000 -0.995270252 -2.409640551 -1.975451112 0.406248927 0.036255520 -0.068485528 0.910470843
1403715605212143104.000000 -0.993716121 -2.425394058 -1.979187846 0.407230198 0.037819400 -0.067715213 0.910026371
1403715605262142976.000000 -0.991572738 -2.441088200 -1.986006141 0.408616364 0.038534019 -0.065785639 0.909516454
1403715605312143104.000000 -0.988502145 -2.457619190 -1.990563989 0.410728782 0.038895007 -0.062753007 0.908763528
1403715605362142976.000000 -0.985752761 -2.474155426 -1.994868517 0.413347751 0.038530551 -0.058357183 0.907884121
1403715605412143104.000000 -0.984500647 -2.491563320 -1.999697447 0.415806413 0.038577545 -0.054796509 0.906980872
1403715605462142976.000000 -0.985143900 -2.508093834 -2.001728535 0.417568177 0.036903910 -0.053224254 0.906334400
1403715605512143104.000000 -0.988032758 -2.528457403 -2.003523350 0.419367343 0.034460694 -0.051532738 0.905697465
1403715605562142976.000000 -0.993194878 -2.545147181 -2.002803087 0.420787185 0.030836128 -0.050864842 0.905207217
1403715605612143104.000000 -1.000289202 -2.561707258 -2.000782728 0.422155827 0.028344680 -0.049852993 0.904707611
1403715605662142976.000000 -1.007725358 -2.579364300 -1.998444200 0.423077285 0.028960699 -0.052403241 0.904113293
1403715605712143104.000000 -1.015192032 -2.594805717 -1.994652867 0.422050476 0.031517841 -0.056023862 0.904290557
1403715605762142976.000000 -1.021135092 -2.609990597 -1.990457892 0.420515656 0.036042981 -0.059778448 0.904596150
1403715605812143104.000000 -1.026912689 -2.628256321 -1.986065745 0.419186950 0.038389325 -0.063138388 0.904887915
1403715605862142976.000000 -1.031524658 -2.643049479 -1.981382966 0.418580800 0.040508125 -0.065113008 0.904936254
1403715605912143104.000000 -1.034692764 -2.658348322 -1.977162957 0.418464631 0.042399324 -0.066527657 0.904800475
1403715605962142976.000000 -1.038218021 -2.674427509 -1.971614599 0.418717533 0.045248952 -0.067526720 0.904471338
1403715606012143104.000000 -1.043023467 -2.689598560 -1.966725349 0.418817073 0.046634249 -0.068076283 0.904313624
1403715606062142976.000000 -1.049896002 -2.705923080 -1.961732507 0.419246048 0.047790915 -0.068518125 0.904021025
1403715606112143104.000000 -1.057863712 -2.723707199 -1.955841422 0.419898033 0.048881490 -0.069651075 0.903573513
1403715606162142976.000000 -1.067327499 -2.740554094 -1.950125456 0.420940161 0.048731651 -0.069385752 0.903117001
1403715606212143104.000000 -1.077561498 -2.758054018 -1.944840670 0.421683401 0.047982942 -0.069217205 0.902823269
1403715606262142976.000000 -1.087371111 -2.775792837 -1.940842628 0.423874199 0.046267744 -0.065878585 0.902136385
1403715606312143104.000000 -1.095232487 -2.792832851 -1.937384605 0.426239938 0.044451971 -0.063088685 0.901312113
1403715606362142976.000000 -1.101110816 -2.809470177 -1.935310364 0.428129941 0.042760849 -0.060819265 0.900653839
1403715606412143104.000000 -1.103894114 -2.825128794 -1.933286190 0.429930300 0.041007150 -0.058703188 0.900017977
1403715606462142976.000000 -1.104712248 -2.840482712 -1.932378769 0.431248188 0.041567829 -0.057171091 0.899460196
1403715606512143104.000000 -1.102723598 -2.854583979 -1.931564808 0.432796657 0.042419337 -0.055336718 0.898791194
1403715606562142976.000000 -1.101349592 -2.868748903 -1.931280255 0.434794724 0.041749537 -0.053281579 0.897982001
1403715606612143104.000000 -1.099607229 -2.881403923 -1.930330515 0.437073618 0.041586988 -0.050878622 0.897022069
1403715606662142976.000000 -1.106094360 -2.898245335 -1.926616430 0.437846363 0.046911813 -0.045832779 0.896654487
1403715606712143104.000000 -1.106096148 -2.909849644 -1.924526334 0.440580636 0.045999113 -0.042054217 0.895546973
1403715606762142976.000000 -1.107614040 -2.921088219 -1.921495080 0.443037331 0.045296717 -0.038607176 0.894525409
1403715606812143104.000000 -1.109491229 -2.931224585 -1.917169690 0.445145488 0.046883676 -0.035431623 0.893527865
1403715606862142976.000000 -1.111651301 -2.940151691 -1.911856890 0.445434421 0.051885083 -0.035531152 0.893103421
1403715606912143104.000000 -1.114177704 -2.951015472 -1.902602196 0.444744557 0.058151443 -0.037201803 0.892993152
1403715606962142976.000000 -1.116733074 -2.957090855 -1.896660328 0.442938894 0.064972199 -0.041933991 0.893210709
1403715607012143104.000000 -1.121086478 -2.962542534 -1.889731169 0.440854758 0.066902258 -0.048147444 0.893785775
1403715607062142976.000000 -1.125493646 -2.966514349 -1.883792520 0.438331544 0.067740679 -0.055158213 0.894558191
1403715607112143104.000000 -1.131683946 -2.966864586 -1.880865932 0.437013328 0.066983357 -0.060288530 0.894928992
1403715607162142976.000000 -1.136852980 -2.969791412 -1.876596451 0.436214238 0.066223405 -0.063850857 0.895128310
1403715607212143104.000000 -1.143549085 -2.971838951 -1.874758363 0.435539156 0.064804308 -0.066692285 0.895353675
1403715607262142976.000000 -1.148546219 -2.974273443 -1.872260213 0.435027808 0.063721284 -0.068139218 0.895571053
1403715607312143104.000000 -1.154745936 -2.973092556 -1.874271274 0.434907407 0.062831335 -0.068901353 0.895634115
1403715607362142976.000000 -1.159354806 -2.974947929 -1.873523712 0.435044378 0.063328356 -0.068137035 0.895591080
1403715607412143104.000000 -1.164439440 -2.971478224 -1.878894567 0.434932023 0.064137362 -0.067616902 0.895627499
1403715607462142976.000000 -1.168056250 -2.972204208 -1.879977465 0.434277683 0.065219946 -0.067945115 0.895841956
1403715607512143104.000000 -1.172988653 -2.967092752 -1.888455629 0.433580667 0.064239517 -0.068446636 0.896212101
1403715607562142976.000000 -1.176584601 -2.967319012 -1.891721249 0.432809591 0.064044937 -0.068996511 0.896556556
1403715607612143104.000000 -1.180352211 -2.967840910 -1.894973040 0.432128787 0.063328266 -0.068671234 0.896960735
1403715607662142976.000000 -1.183368444 -2.968050957 -1.900195241 0.431082368 0.062493645 -0.069181718 0.897483408
1403715607712143104.000000 -1.186552763 -2.968494177 -1.905999184 0.430191129 0.063287936 -0.069120109 0.897860110
1403715607762142976.000000 -1.191186905 -2.968849182 -1.912351847 0.429634541 0.062463593 -0.068935439 0.898198426
1403715607862142976.000000 -1.201503634 -2.933500528 -1.965071201 0.429991484 0.058288056 -0.063259952 0.898725808
1403715607912143104.000000 -1.206629276 -2.932480812 -1.974581242 0.430050790 0.059705529 -0.069772892 0.898122132
1403715608012143104.000000 -1.179799438 -2.968312263 -1.943881392 0.432258755 0.051499300 -0.086879827 0.896075964
1403715608062142976.000000 -1.169364214 -2.965115786 -1.949545145 0.432385117 0.052164204 -0.086754665 0.895988703
1403715608112143104.000000 -1.159298420 -2.962998390 -1.955121517 -0.432534754 -0.049256921 0.086841062 -0.896072626
1403715608162142976.000000 -1.147509336 -2.961381912 -1.962402821 -0.432276011 -0.047897141 0.086704068 -0.896284461
1403715608212143104.000000 -1.140067458 -2.860197306 -2.069102049 0.430698425 0.055423386 -0.083284318 0.896934152
1403715608262142976.000000 -1.128880382 -2.857705116 -2.075496197 0.431058407 0.056535307 -0.081539184 0.896852195
1403715608312143104.000000 -1.116975546 -2.856632710 -2.082333565 -0.430727541 -0.055001624 0.082461052 -0.897022188
1403715608362142976.000000 -1.104972005 -2.855416536 -2.088646412 -0.430844963 -0.054401927 0.082023159 -0.897042513
1403715608412143104.000000 -1.092735767 -2.854073524 -2.095079660 -0.430621535 -0.055302486 0.082137153 -0.897084296
1403715608462142976.000000 -1.075931668 -2.801836014 -2.149446964 0.430693418 0.054755360 -0.081488177 0.897142589
1403715608512143104.000000 -1.063748479 -2.801510096 -2.156280756 0.430446863 0.055608865 -0.081582002 0.897199810
1403715608562142976.000000 -1.051809192 -2.800956964 -2.164556503 -0.430487633 -0.055187449 0.081289910 -0.897232831
1403715608612143104.000000 -1.039284229 -2.801095009 -2.172022820 -0.430355817 -0.054780446 0.081404373 -0.897310674
1403715608662142976.000000 -1.027137518 -2.801496983 -2.179705620 -0.430270582 -0.054864097 0.081325278 -0.897353590
1403715608712143104.000000 -1.014907122 -2.801983833 -2.187579155 -0.430293143 -0.054891668 0.081102252 -0.897361279
1403715608762142976.000000 -1.002323151 -2.802671194 -2.195397615 -0.430167854 -0.055365250 0.080897480 -0.897410750
1403715608812143104.000000 -0.989831507 -2.803927183 -2.202931404 -0.430198252 -0.055121787 0.080775626 -0.897422075
1403715608862142976.000000 -0.979341984 -2.954749107 -2.070148230 -0.431558311 -0.049158432 0.084548026 -0.896767855
1403715608912143104.000000 -0.964223981 -2.806867599 -2.218101978 -0.430026948 -0.054884296 0.080695949 -0.897525907
1403715608962142976.000000 -0.935038209 -2.676820040 -2.331314802 0.429778367 0.055346340 -0.080413118 0.897642016
1403715609012143104.000000 -0.922162771 -2.678981781 -2.339066982 0.429735452 0.055373795 -0.080302671 0.897670746
1403715609062142976.000000 -0.908868909 -2.681417465 -2.346687555 0.429667026 0.055132188 -0.080211073 0.897726595
1403715609112143104.000000 -0.889792025 -2.636892319 -2.391154528 -0.429556131 -0.055070017 0.080168299 -0.897787213
1403715609162142976.000000 -0.874443054 -2.623326778 -2.411816835 -0.429535419 -0.055013001 0.080019653 -0.897813916
1403715609212143104.000000 -0.858920038 -2.609519958 -2.432794809 -0.429431289 -0.055151541 0.079911463 -0.897864819
1403715609262142976.000000 -0.843250394 -2.595567465 -2.453908682 -0.429335088 -0.055193685 0.079782896 -0.897919714
1403715609312143104.000000 -0.827426732 -2.581612587 -2.475134611 -0.429260373 -0.055041615 0.079677030 -0.897974133
1403715609362142976.000000 -0.811441123 -2.567441225 -2.496576548 -0.429159343 -0.054919630 0.079622291 -0.898034751
