#Frame Timestamp[ns],Image Rect[ms],Image Resize[ms],ORB ext[ms],Stereo match[ms],IMU preint[ms],Pose pred[ms],LM track[ms],KF dec[ms],Total[ms]
1403637130538319104.000000,0.000000,0.000000,18.447604,2.619572,0.002501,5.076316,1.842142,0.001097,23.951909
1403637130588318976.000000,0.000000,0.000000,17.654913,2.505953,0.056905,1.599647,1.328809,0.000280,23.027392
1403637130638319104.000000,0.000000,0.000000,17.603244,2.515605,0.045142,1.653163,1.219590,0.000311,22.979177
1403637130688318976.000000,0.000000,0.000000,16.579422,2.463699,0.051822,3.912245,3.106089,0.000925,21.696809
1403637130738319104.000000,0.000000,0.000000,16.524815,2.285097,0.049390,1.762266,1.553891,0.000431,22.323049
1403637130788318976.000000,0.000000,0.000000,18.661462,2.316009,0.039634,1.551822,1.654894,0.159856,31.243571
1403637130838319104.000000,0.000000,0.000000,16.582127,2.316526,0.070622,2.191160,1.950951,0.000582,24.695292
1403637130888318976.000000,0.000000,0.000000,16.264654,2.827605,0.053316,1.828525,1.335313,0.000444,24.388659
1403637130938319104.000000,0.000000,0.000000,16.601094,5.966980,0.108058,3.958049,3.484000,0.000968,32.653114
1403637130988318976.000000,0.000000,0.000000,17.715365,6.023218,0.059918,1.768799,1.165034,0.000403,30.343039
1403637131038319104.000000,0.000000,0.000000,16.917486,2.796964,0.046178,1.653667,1.836193,0.000383,26.225416
1403637131088318976.000000,0.000000,0.000000,21.131669,5.622505,0.099761,4.322760,3.422666,0.375253,33.974175
1403637131138319104.000000,0.000000,0.000000,17.367423,2.298227,0.053080,1.684456,1.749930,0.000414,25.367604
1403637131188318976.000000,0.000000,0.000000,17.096442,6.163136,0.101863,4.018698,2.425818,0.000671,34.498438
1403637131238319104.000000,0.000000,0.000000,16.877338,2.283128,0.078702,1.713301,1.691012,0.000453,25.609791
1403637131288318976.000000,0.000000,0.000000,16.891718,2.614720,0.051466,4.492529,3.781725,0.000728,25.493748
1403637131338319104.000000,0.000000,0.000000,16.707110,6.238237,0.105022,1.755247,1.405308,0.151277,33.969206
1403637131388318976.000000,0.000000,0.000000,16.455854,2.653615,0.044205,1.838476,1.399584,0.000424,25.587371
1403637131438319104.000000,0.000000,0.000000,17.268029,5.877878,0.081708,1.750276,1.363321,0.000427,33.583346
1403637131488318976.000000,0.000000,0.000000,17.935078,2.442966,0.050287,1.480588,1.511468,0.000456,26.445397
1403637131538319104.000000,0.000000,0.000000,17.783410,5.949172,0.106955,1.850888,1.720227,0.000428,35.333325
1403637131588318976.000000,0.000000,0.000000,20.860153,2.502752,0.048577,1.852231,1.530982,0.156329,29.507846
1403637131638319104.000000,0.000000,0.000000,17.614479,2.661060,0.047978,1.661639,1.444886,0.000461,26.730528
1403637131688318976.000000,0.000000,0.000000,16.692040,2.444008,0.044108,2.027877,1.819950,0.000565,24.817250
1403637131738319104.000000,0.000000,0.000000,17.931590,2.458786,0.043254,1.983317,1.665869,0.000498,26.632829
1403637131788318976.000000,0.000000,0.000000,16.956902,2.484673,0.042802,1.802230,1.580031,0.000465,26.134989
1403637131838319104.000000,0.000000,0.000000,17.128013,2.484841,0.042979,1.772084,1.615367,0.161879,26.203987
1403637131888318976.000000,0.000000,0.000000,17.441496,2.310212,0.055891,1.823475,1.664208,0.000681,26.171838
1403637131938319104.000000,0.000000,0.000000,17.611534,2.510884,0.044282,4.739521,4.375846,0.000868,26.846416
1403637131988318976.000000,0.000000,0.000000,18.585715,2.502114,0.047116,1.935649,1.397596,0.000437,27.671997
1403637132038319104.000000,0.000000,0.000000,18.905427,2.478779,0.045497,1.795276,1.765723,0.000484,27.433637
1403637132088318976.000000,0.000000,0.000000,17.058055,2.481403,0.044052,1.860214,1.361038,0.156679,25.992835
1403637132138319104.000000,0.000000,0.000000,17.369929,2.285998,0.056607,4.186855,3.619410,0.000735,25.949329
1403637132188318976.000000,0.000000,0.000000,18.441846,6.500365,0.107391,3.794872,3.751715,0.000880,37.213954
1403637132238319104.000000,0.000000,0.000000,18.771970,2.415690,0.044975,1.916467,1.598116,0.000464,27.776021
1403637132288318976.000000,0.000000,0.000000,19.477665,2.519710,0.046878,1.680800,1.584529,0.000583,28.976017
1403637132338319104.000000,0.000000,0.000000,17.549884,2.468152,0.044915,1.989174,1.671606,0.161117,25.936345
1403637132388318976.000000,0.000000,0.000000,18.655190,5.561471,0.088506,4.795782,3.770474,0.000969,34.940931
1403637132438319104.000000,0.000000,0.000000,20.179212,5.680477,0.089961,4.377131,3.525009,0.000729,36.832877
1403637132488318976.000000,0.000000,0.000000,18.491637,2.402200,0.047538,4.646412,3.565966,0.001055,26.933487
1403637132538319104.000000,0.000000,0.000000,17.199444,3.167033,0.051992,1.936359,1.564765,0.000553,26.841067
1403637132588318976.000000,0.000000,0.000000,16.889704,2.448879,0.051000,1.664744,1.461244,0.160312,26.435600
1403637132638319104.000000,0.000000,0.000000,16.651279,6.351228,0.079205,3.178832,1.683733,0.000641,35.413740
1403637132688318976.000000,0.000000,0.000000,16.740558,6.089350,0.078239,3.636935,4.367736,0.000619,33.655299
1403637132738319104.000000,0.000000,0.000000,17.774561,6.233904,0.105511,1.641123,1.744710,0.000383,35.926313
1403637132788318976.000000,0.000000,0.000000,16.504289,3.088818,0.045114,1.624219,1.778757,0.000549,26.066229
1403637132838319104.000000,0.000000,0.000000,17.541921,2.879353,0.054289,3.527215,3.435408,0.321647,26.435155
1403637132888318976.000000,0.000000,0.000000,18.375424,4.644226,0.123054,0.055491,5.321623,0.048237,31.119075
1403637132938319104.000000,0.000000,0.000000,17.537612,5.712625,0.097361,0.046887,6.239211,0.059946,34.332155
1403637132988318976.000000,0.000000,0.000000,17.954382,2.844032,0.046576,0.018727,3.654432,0.020999,27.132932
1403637133038319104.000000,0.000000,0.000000,17.286561,2.440228,0.048524,0.019031,3.582307,0.048349,25.832465
1403637133088318976.000000,0.000000,0.000000,17.280534,5.534511,0.100265,0.018305,3.629957,0.214826,33.115997
1403637133138319104.000000,0.000000,0.000000,17.063527,6.364947,0.095483,9.209297,4.045695,0.000783,32.480315
1403637133188318976.000000,0.000000,0.000000,16.182409,5.802748,0.125215,1.014007,1.538261,0.000511,31.752838
1403637133238319104.000000,0.000000,0.000000,17.644553,2.760584,0.043130,1.130128,1.590258,0.000390,26.584541
1403637133288318976.000000,0.000000,0.000000,17.466130,2.712200,0.035308,1.090837,1.330376,0.000371,26.584026
1403637133338319104.000000,0.000000,0.000000,16.125561,2.549930,0.044354,1.032254,1.631795,0.273156,25.427126
1403637133388318976.000000,0.000000,0.000000,17.299780,2.562572,0.106338,1.906423,1.996883,0.000633,22.825604
1403637133438319104.000000,0.000000,0.000000,17.851657,6.237558,0.105808,1.616057,2.068630,0.000519,37.253609
1403637133488318976.000000,0.000000,0.000000,18.024563,6.399841,0.083688,3.239212,3.436716,0.000790,29.161496
1403637133538319104.000000,0.000000,0.000000,16.838192,6.421146,0.072627,1.557801,1.797429,0.000623,40.864403
1403637133588318976.000000,0.000000,0.000000,17.965450,2.616549,0.043687,2.665184,3.169901,0.000585,26.612558
1403637133638319104.000000,0.000000,0.000000,17.345163,2.485169,0.044437,1.536901,1.992989,0.461221,25.476143
1403637133688318976.000000,0.000000,0.000000,18.475174,2.592044,0.044185,2.242351,2.703383,0.000920,26.382846
1403637133738319104.000000,0.000000,0.000000,17.451873,4.401453,0.056048,1.695451,2.331836,0.000485,27.606649
1403637133788318976.000000,0.000000,0.000000,19.122827,3.000195,0.049503,2.613087,3.837108,0.000618,28.971349
1403637133838319104.000000,0.000000,0.000000,17.660518,6.325149,0.095618,2.696049,3.913725,0.000626,30.371034
1403637133888318976.000000,0.000000,0.000000,20.411675,8.303233,0.060223,1.348491,2.414034,0.000444,38.350652
1403637133938319104.000000,0.000000,0.000000,18.213324,4.446769,0.199614,1.227587,2.431108,0.463935,29.384187
1403637133988318976.000000,0.000000,0.000000,17.011888,8.588190,0.059070,2.314503,3.564850,0.000365,35.129265
1403637134038319104.000000,0.000000,0.000000,15.954154,5.021367,0.059607,3.923708,5.074842,0.001418,27.668217
1403637134088318976.000000,0.000000,0.000000,17.210867,3.876991,0.050420,3.015140,3.606562,0.000504,28.563446
1403637134138319104.000000,0.000000,0.000000,14.758531,4.241871,0.087816,2.098175,3.452986,0.000399,26.113673
1403637134188318976.000000,0.000000,0.000000,14.963960,8.211203,0.134837,2.013917,3.544053,0.350840,32.398306
1403637134238319104.000000,0.000000,0.000000,14.694674,8.285093,0.051028,4.983931,5.352799,0.000751,32.672771
1403637134288318976.000000,0.000000,0.000000,17.355396,5.212298,0.052148,2.539139,3.921475,0.000394,28.873268
1403637134338319104.000000,0.000000,0.000000,16.997118,4.596068,0.047019,2.167033,3.375753,0.000396,28.749620
1403637134388318976.000000,0.000000,0.000000,16.849185,6.685861,0.089904,2.088064,3.410303,0.000676,32.966377
1403637134438319104.000000,0.000000,0.000000,16.959412,5.608496,0.067217,1.888389,3.316499,0.365881,35.074851
1403637134488318976.000000,0.000000,0.000000,18.635120,8.828155,0.053050,2.156481,3.704066,0.000460,37.126709
1403637134538319104.000000,0.000000,0.000000,16.419871,4.494899,0.058190,1.590687,3.492150,0.000476,29.783878
1403637134588318976.000000,0.000000,0.000000,17.323416,4.694625,0.088658,2.643395,6.631710,0.000754,31.285427
1403637134638319104.000000,0.000000,0.000000,25.656993,8.542607,0.053141,2.413964,6.585035,0.000686,47.993215
1403637134688318976.000000,0.000000,0.000000,16.970347,4.729638,0.060117,1.051609,3.651938,0.244910,31.407675
1403637134738319104.000000,0.000000,0.000000,16.301038,4.232807,0.069579,2.714348,5.486231,0.001240,29.350570
1403637134788318976.000000,0.000000,0.000000,15.585396,4.049999,0.066725,2.378478,5.534949,0.001574,28.271574
1403637134838319104.000000,0.000000,0.000000,15.995586,6.282909,0.073888,1.737892,4.046606,0.000488,31.366919
1403637134888318976.000000,0.000000,0.000000,15.616520,4.300488,0.060958,0.945343,2.509508,0.000487,28.593944
1403637134938319104.000000,0.000000,0.000000,16.440553,3.486156,0.113304,1.754425,5.263864,0.493975,28.426665
1403637134988318976.000000,0.000000,0.000000,18.768155,7.091711,0.114326,2.721541,5.306999,0.000707,38.232235
1403637135038319104.000000,0.000000,0.000000,16.378779,7.514682,0.065819,1.158304,2.696344,0.000382,36.394530
1403637135088318976.000000,0.000000,0.000000,15.802832,3.169507,0.147042,0.970928,2.489692,0.000364,27.174855
1403637135138319104.000000,0.000000,0.000000,16.448711,5.817879,0.113912,1.041939,2.821450,0.000459,34.000399
1403637135188318976.000000,0.000000,0.000000,15.793544,5.221687,0.112266,1.246177,3.124815,0.367885,32.218877
1403637135238319104.000000,0.000000,0.000000,16.576500,2.989025,0.081316,4.277110,5.752693,0.000530,28.441333
1403637135288318976.000000,0.000000,0.000000,16.882539,3.312016,0.127045,3.646075,5.684473,0.000684,26.661580
1403637135338319104.000000,0.000000,0.000000,17.070244,6.607519,0.103510,3.368747,6.088625,0.000609,35.007757
1403637135388318976.000000,0.000000,0.000000,17.017122,7.035721,0.054273,2.852614,5.518970,0.001142,35.581962
1403637135438319104.000000,0.000000,0.000000,14.986743,6.703768,0.061714,2.699442,5.133408,0.460790,28.391303
1403637135488318976.000000,0.000000,0.000000,15.914688,3.408885,0.054032,5.039572,6.145418,0.000505,25.604385
1403637135538319104.000000,0.000000,0.000000,16.424814,3.992863,0.056306,0.055141,8.638359,0.069585,27.416218
1403637135588318976.000000,0.000000,0.000000,16.998863,4.247441,0.096068,0.030777,5.902664,0.048180,28.721357
1403637135638319104.000000,0.000000,0.000000,16.682253,9.181626,0.092387,0.060888,10.967490,0.087018,39.308724
1403637135688318976.000000,0.000000,0.000000,16.426026,8.518835,0.091676,0.063796,10.573062,0.079980,37.561435
1403637135738319104.000000,0.000000,0.000000,16.289443,8.478574,0.079161,0.043626,6.248084,0.048352,37.428680
1403637135788318976.000000,0.000000,0.000000,17.084236,7.593201,0.084846,0.042091,9.318608,0.074930,36.740618
1403637135838319104.000000,0.000000,0.000000,16.743997,8.441731,0.059251,0.042129,9.534394,0.073095,37.236446
1403637135888318976.000000,0.000000,0.000000,18.046773,7.958661,0.080428,0.024705,6.149457,0.037953,40.654599
1403637135938319104.000000,0.000000,0.000000,17.719693,8.633181,0.064184,0.035867,6.152275,0.390567,38.511189
1403637135988318976.000000,0.000000,0.000000,18.456188,4.964400,0.108646,0.047272,9.709434,0.080222,32.308476
1403637136038319104.000000,0.000000,0.000000,17.106356,8.282722,0.119581,0.039597,7.499660,0.620039,40.034767
1403637136088318976.000000,0.000000,0.000000,18.479699,8.686801,0.070032,0.038146,7.869666,0.063065,40.946676
1403637136138319104.000000,0.000000,0.000000,17.476495,5.029506,0.101790,0.039410,7.842092,0.510540,31.862875
1403637136188318976.000000,0.000000,0.000000,16.814314,8.066254,0.106498,0.041519,9.496548,0.067223,37.350294
1403637136238319104.000000,0.000000,0.000000,15.939468,8.383735,0.066766,0.031062,7.415510,0.562489,36.818039
1403637136288318976.000000,0.000000,0.000000,16.023514,5.676647,0.074192,0.050058,10.362863,0.069316,31.181559
1403637136338319104.000000,0.000000,0.000000,15.809807,4.090734,0.112811,0.035753,8.412833,0.055262,29.415942
1403637136388318976.000000,0.000000,0.000000,16.054862,7.462414,0.124233,0.036006,10.601070,0.608201,36.520031
1403637136438319104.000000,0.000000,0.000000,16.060784,6.221051,0.069146,0.042533,9.801063,0.064417,34.253579
1403637136488318976.000000,0.000000,0.000000,16.214352,4.595709,0.141294,0.051023,7.888698,0.052421,32.272488
1403637136538319104.000000,0.000000,0.000000,16.781794,7.611949,0.129289,0.034252,9.564433,0.055183,36.827399
1403637136588318976.000000,0.000000,0.000000,17.583820,4.870472,0.125190,0.038548,9.234884,0.068971,35.314585
1403637136638319104.000000,0.000000,0.000000,15.919619,5.198895,0.092687,0.037717,9.157199,0.762136,33.161638
1403637136688318976.000000,0.000000,0.000000,16.822541,5.940877,0.135895,0.049761,6.999458,0.058602,37.077460
1403637136738319104.000000,0.000000,0.000000,16.916574,7.012762,0.138510,0.039969,9.411503,0.074732,35.759455
1403637136788318976.000000,0.000000,0.000000,17.089969,7.905250,0.078599,0.061986,7.250513,0.500684,39.461378
1403637136838319104.000000,0.000000,0.000000,15.587484,4.649635,0.071346,0.046575,7.453771,0.059973,33.690326
1403637136888318976.000000,0.000000,0.000000,16.716069,7.310537,0.055209,0.063023,9.606658,0.071825,35.042671
1403637136938319104.000000,0.000000,0.000000,16.202337,7.468304,0.105109,0.053073,10.327833,0.068919,36.242785
1403637136988318976.000000,0.000000,0.000000,15.848905,8.573378,0.108150,0.030395,7.180083,0.050278,37.208686
1403637137038319104.000000,0.000000,0.000000,15.624098,9.043937,0.062393,0.043861,10.779296,0.048803,37.466568
1403637137088318976.000000,0.000000,0.000000,16.061284,5.942153,0.116939,0.054261,9.928112,0.058910,32.659261
1403637137138319104.000000,0.000000,0.000000,15.979177,9.570714,0.125225,0.049835,10.837653,0.067280,38.068523
1403637137188318976.000000,0.000000,0.000000,17.700405,5.517512,0.072821,0.034724,7.747915,0.048579,34.529181
1403637137238319104.000000,0.000000,0.000000,17.109210,5.370684,0.115901,0.045201,11.107034,0.052041,33.717504
1403637137288318976.000000,0.000000,0.000000,16.554512,8.437501,0.122423,0.028383,6.813323,0.404092,37.894653
1403637137338319104.000000,0.000000,0.000000,17.076540,7.748201,0.077304,0.061035,10.277202,0.075549,38.351758
1403637137388318976.000000,0.000000,0.000000,18.062974,4.830629,0.108882,0.046798,9.000527,0.501486,32.895136
1403637137438319104.000000,0.000000,0.000000,17.417200,7.694830,0.103098,0.062366,11.203538,0.069524,39.507101
1403637137488318976.000000,0.000000,0.000000,17.166995,7.027991,0.108970,0.038651,5.400744,0.280192,37.173153
1403637137538319104.000000,0.000000,0.000000,16.677470,8.118884,0.080346,0.046501,6.424105,0.038949,38.659522
1403637137588318976.000000,0.000000,0.000000,16.972825,5.157042,0.120450,0.039230,7.236559,0.410313,32.998080
1403637137638319104.000000,0.000000,0.000000,15.683583,6.763716,0.107625,0.040222,9.665651,0.055417,36.498156
1403637137688318976.000000,0.000000,0.000000,15.658690,4.914208,0.128563,0.021917,4.412071,0.027540,31.231407
1403637137738319104.000000,0.000000,0.000000,15.530514,5.662506,0.112753,0.017954,4.992289,0.282315,34.989716
1403637137788318976.000000,0.000000,0.000000,16.027133,5.952164,0.116670,0.029572,5.808284,0.038502,34.612133
1403637137838319104.000000,0.000000,0.000000,15.435940,6.074953,0.086068,0.019070,4.781542,0.339706,36.195207
1403637137888318976.000000,0.000000,0.000000,14.715046,2.837819,0.109044,0.044303,6.334352,0.047702,27.063137
1403637137938319104.000000,0.000000,0.000000,16.692024,4.536396,0.121292,0.043117,5.734490,0.038050,30.797627
1403637137988318976.000000,0.000000,0.000000,16.212115,4.139052,0.112595,0.041830,6.726664,0.039147,31.847620
1403637138038319104.000000,0.000000,0.000000,16.931546,4.379637,0.075767,0.045699,6.816313,0.038326,34.088712
1403637138088318976.000000,0.000000,0.000000,15.614392,2.633729,0.069866,0.034480,6.537264,0.037948,25.466670
1403637138138319104.000000,0.000000,0.000000,15.362937,2.779708,0.069623,0.030243,6.373368,0.037247,26.594583
1403637138188318976.000000,0.000000,0.000000,16.111771,3.076948,0.074881,0.049736,6.411372,0.037184,28.193626
1403637138238319104.000000,0.000000,0.000000,15.391103,3.492862,0.051365,0.031064,6.174336,0.037331,27.080707
1403637138288318976.000000,0.000000,0.000000,14.892920,3.564240,0.048515,0.030491,6.179665,0.034805,28.174379
1403637138338319104.000000,0.000000,0.000000,15.314069,3.898718,0.081961,0.025121,6.258254,0.429913,28.681434
1403637138388318976.000000,0.000000,0.000000,13.703188,4.233701,0.074392,0.040283,7.507151,0.057757,27.693124
1403637138438319104.000000,0.000000,0.000000,13.487755,4.732917,0.070217,0.039865,10.514005,0.069109,26.924804
1403637138488318976.000000,0.000000,0.000000,15.443367,4.908824,0.074712,0.043287,7.427807,0.045969,29.657940
1403637138538319104.000000,0.000000,0.000000,16.893870,4.483945,0.076852,0.054263,9.078639,0.061414,31.276471
1403637138588318976.000000,0.000000,0.000000,15.981614,4.493355,0.097470,0.054054,7.728748,0.077334,29.654185
1403637138638319104.000000,0.000000,0.000000,16.387344,4.345365,0.076716,0.054989,9.019195,0.037542,30.178620
1403637138688318976.000000,0.000000,0.000000,17.659104,4.534642,0.076709,0.059893,10.484599,0.063804,31.125304
1403637138738319104.000000,0.000000,0.000000,19.273409,4.651943,0.071933,0.055385,9.093206,0.139650,33.294643
1403637138788318976.000000,0.000000,0.000000,15.949851,4.936430,0.108526,0.038882,9.960782,0.387940,32.192509
1403637138838319104.000000,0.000000,0.000000,16.595450,8.559532,0.078624,0.057267,10.645415,0.074596,38.932447
1403637138888318976.000000,0.000000,0.000000,15.054580,4.729347,0.103330,0.037005,6.075025,0.281060,30.896949
1403637138938319104.000000,0.000000,0.000000,16.596306,6.244059,0.118380,0.043269,6.940527,0.049936,35.113872
1403637138988318976.000000,0.000000,0.000000,15.129495,4.706222,0.142368,0.036137,5.584660,0.212916,31.644160
1403637139038319104.000000,0.000000,0.000000,16.676541,7.682090,0.113339,0.040159,8.355014,0.051838,37.427616
1403637139088318976.000000,0.000000,0.000000,15.922896,6.145864,0.109114,0.033078,5.088620,0.214937,35.789387
1403637139138319104.000000,0.000000,0.000000,16.918101,6.978867,0.098010,0.031855,6.129498,0.054591,36.765505
1403637139188318976.000000,0.000000,0.000000,17.508166,3.524208,0.113840,0.028850,5.122217,0.199781,34.670633
1403637139238319104.000000,0.000000,0.000000,17.124956,5.446588,0.085149,0.037693,5.856643,0.037278,36.978600
1403637139288318976.000000,0.000000,0.000000,15.365546,2.853636,0.061312,0.029403,5.198241,0.274026,28.186964
1403637139338319104.000000,0.000000,0.000000,15.708782,3.513083,0.092310,7.989339,3.097155,0.000944,29.469394
1403637139388318976.000000,0.000000,0.000000,16.404708,2.491612,0.063851,3.097627,3.290857,0.000890,27.797717
1403637139438319104.000000,0.000000,0.000000,16.176369,3.661491,0.092331,2.322826,2.680375,0.000837,31.566992
1403637139488318976.000000,0.000000,0.000000,16.561235,2.152292,0.047054,0.964441,1.286424,0.000564,27.298100
1403637139538319104.000000,0.000000,0.000000,16.688339,2.191373,0.077344,0.956039,1.037043,0.223881,27.929886
1403637139588318976.000000,0.000000,0.000000,14.702603,2.514393,0.074781,1.516814,1.539503,0.000389,26.316880
1403637139638319104.000000,0.000000,0.000000,16.337261,3.939330,0.078291,1.625910,1.587763,0.000419,29.914249
1403637139688318976.000000,0.000000,0.000000,15.511061,2.280287,0.119286,1.473633,2.048107,0.000548,26.583882
1403637139738319104.000000,0.000000,0.000000,16.113234,4.043476,0.104595,1.686667,1.595085,0.000537,23.521401
1403637139788318976.000000,0.000000,0.000000,17.582510,4.768201,0.087472,2.633924,3.417562,0.467868,35.998619
1403637139838319104.000000,0.000000,0.000000,15.888018,3.860021,0.183500,4.207369,3.889973,0.000982,23.466076
1403637139888318976.000000,0.000000,0.000000,17.614510,6.072547,0.110645,1.959335,1.733965,0.000692,38.939625
1403637139938319104.000000,0.000000,0.000000,15.542125,5.932016,0.051297,1.570073,1.753084,0.000378,31.796330
1403637139988318976.000000,0.000000,0.000000,16.757644,6.115296,0.037876,1.901562,1.568612,0.000515,31.597864
1403637140038319104.000000,0.000000,0.000000,16.444390,2.515111,0.047663,4.029064,3.433689,0.390125,24.164606
1403637140088318976.000000,0.000000,0.000000,16.517517,2.561626,0.060167,1.938716,1.652967,0.000580,24.532135
1403637140138319104.000000,0.000000,0.000000,16.239421,5.528580,0.053716,2.294912,1.697337,0.000635,28.282723
1403637140188318976.000000,0.000000,0.000000,17.862987,2.656663,0.079208,4.264622,3.613714,0.000810,26.885115
1403637140238319104.000000,0.000000,0.000000,17.902244,5.763330,0.079373,2.450316,2.608273,0.000674,30.638918
1403637140288318976.000000,0.000000,0.000000,15.488358,2.531627,0.093445,4.059707,1.924287,0.201136,24.683569
1403637140338319104.000000,0.000000,0.000000,16.827780,4.128559,0.083790,2.064829,1.630167,0.000406,30.693355
1403637140388318976.000000,0.000000,0.000000,18.229610,7.189392,0.048476,2.020094,1.575719,0.000481,37.391204
1403637140438319104.000000,0.000000,0.000000,16.769260,3.168045,0.052079,2.287702,1.862948,0.001089,26.663999
1403637140488318976.000000,0.000000,0.000000,16.813459,4.930028,0.113364,2.070046,1.643319,0.000721,28.042298
1403637140538319104.000000,0.000000,0.000000,16.067688,4.153751,0.046104,1.841070,1.771406,0.156351,26.490450
1403637140588318976.000000,0.000000,0.000000,19.012114,6.789000,0.060683,2.037514,1.723598,0.000631,36.818467
1403637140638319104.000000,0.000000,0.000000,16.832467,3.191965,0.091758,3.850109,3.378989,0.000612,26.889782
1403637140688318976.000000,0.000000,0.000000,17.416083,2.700014,0.073076,5.137396,4.153181,0.000618,27.378495
1403637140738319104.000000,0.000000,0.000000,16.381011,6.178288,0.085991,1.861205,1.815418,0.000483,33.307733
1403637140788318976.000000,0.000000,0.000000,16.614256,4.228551,0.057697,2.059410,1.709108,0.187505,29.526605
1403637140838319104.000000,0.000000,0.000000,17.088480,7.545541,0.057482,2.881843,2.508462,0.000648,34.016768
1403637140888318976.000000,0.000000,0.000000,16.020933,3.019651,0.059207,3.882222,2.903768,0.000833,25.257344
1403637140938319104.000000,0.000000,0.000000,17.268007,2.662629,0.058186,2.846435,2.274049,0.000703,26.577255
1403637140988318976.000000,0.000000,0.000000,16.623170,2.810887,0.058615,2.070290,1.753818,0.000540,26.345491
1403637141038319104.000000,0.000000,0.000000,16.144541,2.871516,0.055432,4.733261,4.095101,0.345559,25.372891
1403637141088318976.000000,0.000000,0.000000,15.867171,3.099524,0.094015,4.348484,4.064893,0.001107,25.212806
1403637141138319104.000000,0.000000,0.000000,15.289819,2.459243,0.111468,2.176144,2.146013,0.000824,24.796386
1403637141188318976.000000,0.000000,0.000000,17.445922,5.730990,0.047753,3.113747,2.958273,0.000584,33.750060
1403637141238319104.000000,0.000000,0.000000,16.134722,6.794906,0.047843,4.094694,3.872138,0.000707,35.396637
1403637141288318976.000000,0.000000,0.000000,15.372700,2.688938,0.057555,2.084109,1.530224,0.148398,24.786244
1403637141338319104.000000,0.000000,0.000000,16.709892,2.829657,0.056432,3.504715,3.181902,0.000617,26.646012
1403637141388318976.000000,0.000000,0.000000,16.635018,2.571416,0.061309,2.062036,1.781632,0.000419,27.322440
1403637141438319104.000000,0.000000,0.000000,17.330192,2.575584,0.049080,2.281877,2.124988,0.000625,29.947239
1403637141488318976.000000,0.000000,0.000000,15.953230,3.272683,0.104315,1.810440,1.921517,0.000937,27.813358
1403637141538319104.000000,0.000000,0.000000,16.494003,2.874156,0.100690,4.610457,4.219571,0.288952,25.886542
1403637141588318976.000000,0.000000,0.000000,16.748575,6.285417,0.049432,0.044559,6.826006,0.053476,36.219149
1403637141638319104.000000,0.000000,0.000000,17.701959,6.446820,0.076417,0.024367,2.905896,0.025968,35.858813
1403637141688318976.000000,0.000000,0.000000,17.197284,4.626833,0.091347,0.035519,3.901499,0.025966,28.923390
1403637141738319104.000000,0.000000,0.000000,16.079290,4.894474,0.042689,0.045811,7.971496,0.051639,30.049520
1403637141788318976.000000,0.000000,0.000000,15.832819,5.890968,0.081326,0.039455,8.067597,0.056427,32.475679
1403637141838319104.000000,0.000000,0.000000,16.475619,2.594617,0.044686,0.040929,8.845269,0.056064,25.298118
1403637141888318976.000000,0.000000,0.000000,16.627842,6.008385,0.051458,0.025633,3.881319,0.027050,32.767551
1403637141938319104.000000,0.000000,0.000000,16.519087,3.339703,0.048952,0.045671,7.432306,0.048789,26.935332
1403637141988318976.000000,0.000000,0.000000,17.893351,2.962574,0.079385,0.033787,3.790224,0.026154,28.409389
1403637142038319104.000000,0.000000,0.000000,17.811455,2.755401,0.083272,0.045298,6.420696,0.373900,27.277754
1403637142088318976.000000,0.000000,0.000000,16.438986,6.758390,0.049836,0.033001,3.282017,0.047681,35.215547
1403637142138319104.000000,0.000000,0.000000,16.208460,6.782356,0.053820,0.033822,4.007372,0.028229,33.548905
1403637142188318976.000000,0.000000,0.000000,16.574125,2.682960,0.104010,0.033477,3.760027,0.026648,24.928247
1403637142238319104.000000,0.000000,0.000000,19.061222,2.663629,0.111414,0.034231,4.235725,0.026671,28.801201
1403637142288318976.000000,0.000000,0.000000,16.116126,5.635066,0.112655,0.038185,5.257711,0.030348,33.533028
1403637142338319104.000000,0.000000,0.000000,17.346150,6.866604,0.058912,0.031602,3.746117,0.025443,35.519341
1403637142388318976.000000,0.000000,0.000000,16.373732,6.792315,0.097793,0.032546,3.800419,0.026617,35.600277
1403637142438319104.000000,0.000000,0.000000,16.860714,2.683063,0.051045,0.030890,3.832862,0.025454,26.856728
1403637142488318976.000000,0.000000,0.000000,19.167247,6.214700,0.087872,0.031633,3.825022,0.025654,36.630894
1403637142538319104.000000,0.000000,0.000000,15.903339,2.727579,0.064703,0.033660,7.042555,0.458851,25.868371
1403637142588318976.000000,0.000000,0.000000,16.674099,5.215660,0.047900,0.041334,3.111045,0.024323,32.199455
1403637142638319104.000000,0.000000,0.000000,16.699781,6.011126,0.060019,0.035558,3.918532,0.025202,29.279380
1403637142688318976.000000,0.000000,0.000000,15.692959,2.774294,0.062853,0.060965,4.671677,0.024114,25.370907
1403637142738319104.000000,0.000000,0.000000,16.360976,4.229222,0.053899,0.033564,3.812166,0.025587,26.924994
1403637142788318976.000000,0.000000,0.000000,16.532117,2.826325,0.048072,0.052224,4.380173,0.038073,27.499116
1403637142838319104.000000,0.000000,0.000000,16.842273,4.869028,0.069604,0.036178,3.864205,0.026426,30.024397
1403637142888318976.000000,0.000000,0.000000,15.144268,2.663734,0.046589,0.046471,7.625247,0.057189,24.147751
1403637142938319104.000000,0.000000,0.000000,15.720026,2.965580,0.055766,0.034640,4.077205,0.026683,25.150338
1403637142988318976.000000,0.000000,0.000000,17.468876,3.142143,0.046890,0.034694,3.925483,0.030526,27.231381
1403637143038319104.000000,0.000000,0.000000,17.819730,5.466541,0.064931,0.034604,3.852325,0.244514,30.355500
1403637143088318976.000000,0.000000,0.000000,16.126248,5.534155,0.063668,5.356522,2.029204,0.000492,32.088298
1403637143138319104.000000,0.000000,0.000000,18.063243,2.813458,0.116820,4.369690,3.979329,0.000782,27.385067
1403637143188318976.000000,0.000000,0.000000,17.398447,4.295427,0.064216,3.515475,2.624274,0.000454,28.856019
1403637143238319104.000000,0.000000,0.000000,17.014233,5.118728,0.067251,4.493003,3.030172,0.000808,30.365109
1403637143288318976.000000,0.000000,0.000000,17.605520,3.135081,0.050285,4.550179,3.560518,0.348388,28.059019
1403637143338319104.000000,0.000000,0.000000,15.783772,4.511027,0.103778,2.256130,2.013694,0.000755,28.243833
1403637143388318976.000000,0.000000,0.000000,15.926662,2.874452,0.056031,2.214903,1.935382,0.000585,25.554873
1403637143438319104.000000,0.000000,0.000000,16.531032,6.052966,0.066677,2.041590,1.848768,0.000652,34.139489
1403637143488318976.000000,0.000000,0.000000,15.675981,4.724317,0.058534,2.050723,1.709600,0.000508,27.559232
1403637143538319104.000000,0.000000,0.000000,16.302746,2.634180,0.052424,2.011377,1.788612,0.166744,25.896341
1403637143588318976.000000,0.000000,0.000000,16.227186,3.623834,0.096381,2.186603,1.740188,0.000486,26.788869
1403637143638319104.000000,0.000000,0.000000,15.611188,2.740696,0.103939,3.688859,2.873462,0.000494,21.255804
1403637143688318976.000000,0.000000,0.000000,17.054325,2.871747,0.063504,4.562987,3.166243,0.000629,38.127199
1403637143738319104.000000,0.000000,0.000000,15.870112,6.340329,0.051940,1.872185,1.747138,0.000409,25.338872
1403637143788318976.000000,0.000000,0.000000,17.358289,6.741212,0.114741,2.186850,1.644511,0.181576,27.860147
1403637143838319104.000000,0.000000,0.000000,15.552892,4.936447,0.059929,5.554291,4.335212,0.000994,23.293330
1403637143888318976.000000,0.000000,0.000000,15.725171,2.864912,0.063752,2.543319,1.814311,0.000517,21.928068
1403637143938319104.000000,0.000000,0.000000,16.405411,6.755223,0.063657,4.139439,3.063475,0.000686,26.999713
1403637143988318976.000000,0.000000,0.000000,15.553269,3.007852,0.073340,5.347442,3.003094,0.000812,21.136263
1403637144038319104.000000,0.000000,0.000000,17.153469,4.768082,0.085627,2.232901,1.793660,0.170029,24.834711
1403637144088318976.000000,0.000000,0.000000,15.896207,2.766128,0.112835,2.506813,1.946646,0.000526,21.451862
1403637144138319104.000000,0.000000,0.000000,16.446205,2.706490,0.120251,1.932812,1.880872,0.000518,22.173088
1403637144188318976.000000,0.000000,0.000000,15.522860,2.497828,0.064371,2.328357,1.629046,0.000379,21.107196
1403637144238319104.000000,0.000000,0.000000,17.331929,6.864254,0.064469,4.738324,4.453350,0.000598,27.765281
1403637144288318976.000000,0.000000,0.000000,16.259712,7.027928,0.063088,1.939956,1.839803,0.179986,26.561705
1403637144338319104.000000,0.000000,0.000000,18.537131,2.456463,0.112106,4.124791,3.207025,0.000708,24.497835
1403637144388318976.000000,0.000000,0.000000,16.497317,2.433893,0.058995,4.688517,3.021054,0.000910,21.777999
1403637144438319104.000000,0.000000,0.000000,15.195204,2.560342,0.119198,4.077560,3.332594,0.001301,21.372073
1403637144488318976.000000,0.000000,0.000000,15.884018,6.262476,0.060551,4.696375,3.413195,0.000668,25.315788
1403637144538319104.000000,0.000000,0.000000,17.102388,3.211505,0.037332,4.256949,2.887624,0.318131,23.085905
1403637144588318976.000000,0.000000,0.000000,18.642353,4.827259,0.135728,5.004175,4.298874,0.000944,27.296894
1403637144638319104.000000,0.000000,0.000000,15.277687,4.267169,0.077104,3.987381,3.285952,0.000894,23.319894
1403637144688318976.000000,0.000000,0.000000,15.938371,2.648331,0.096025,1.740173,1.797002,0.000511,28.754553
1403637144738319104.000000,0.000000,0.000000,16.949870,5.463708,0.098235,1.914165,1.734188,0.000359,33.897095
1403637144788318976.000000,0.000000,0.000000,18.690592,4.835306,0.067486,1.901458,2.046768,0.151617,32.271454
1403637144838319104.000000,0.000000,0.000000,16.358698,5.672596,0.060192,2.439610,1.722023,0.000403,32.592960
1403637144888318976.000000,0.000000,0.000000,24.185180,6.151417,0.056162,2.153362,2.013951,0.000363,42.086220
1403637144938319104.000000,0.000000,0.000000,15.936763,3.091228,0.046602,2.361356,1.868837,0.000326,26.743936
1403637144988318976.000000,0.000000,0.000000,17.448773,2.595808,0.055385,1.976341,2.032870,0.000443,26.993799
1403637145038319104.000000,0.000000,0.000000,16.689471,3.469111,0.038036,2.187321,2.071027,0.172702,26.570421
1403637145088318976.000000,0.000000,0.000000,17.172677,2.667687,0.046672,2.337554,1.897700,0.000401,26.382382
1403637145138319104.000000,0.000000,0.000000,18.498884,2.542258,0.103304,5.336953,3.587608,0.000746,28.160103
1403637145188318976.000000,0.000000,0.000000,15.974110,2.740966,0.056228,2.086515,1.920553,0.000457,25.610318
1403637145238319104.000000,0.000000,0.000000,16.677141,2.427556,0.045837,2.147914,1.845000,0.000386,28.243641
1403637145288318976.000000,0.000000,0.000000,16.406042,6.439933,0.080941,2.349098,2.077928,0.157795,33.765572
1403637145338319104.000000,0.000000,0.000000,16.620358,2.656285,0.048534,0.046211,7.041057,0.058708,25.844711
1403637145388318976.000000,0.000000,0.000000,17.695974,2.724621,0.086759,0.030087,3.021470,0.027547,27.552492
1403637145438319104.000000,0.000000,0.000000,16.602786,5.794697,0.094270,0.026385,3.918570,0.026727,36.071985
1403637145488318976.000000,0.000000,0.000000,19.260430,2.748676,0.057752,0.027186,3.992357,0.026777,28.978709
1403637145538319104.000000,0.000000,0.000000,18.453317,5.823262,0.057901,0.025719,3.924209,0.026288,34.712261
1403637145588318976.000000,0.000000,0.000000,16.689598,6.090316,0.085489,0.041959,8.705706,0.057616,34.332762
1403637145638319104.000000,0.000000,0.000000,16.965358,2.690377,0.045962,0.047166,9.249741,0.028317,27.225580
1403637145688318976.000000,0.000000,0.000000,17.162488,2.590130,0.090589,0.035038,3.991786,0.028145,27.402945
1403637145738319104.000000,0.000000,0.000000,17.000136,2.630223,0.061905,0.035937,4.104597,0.028728,26.023069
1403637145788318976.000000,0.000000,0.000000,17.102645,3.214536,0.072776,0.049593,9.021995,0.446719,27.293316
1403637145838319104.000000,0.000000,0.000000,15.992401,5.957233,0.066607,5.270195,1.566607,0.000445,34.326047
1403637145888318976.000000,0.000000,0.000000,16.815836,2.880742,0.062690,1.088993,1.228581,0.000381,26.804970
1403637145938319104.000000,0.000000,0.000000,15.870274,4.597480,0.077339,1.012880,1.121682,0.000409,30.802524
1403637145988318976.000000,0.000000,0.000000,16.407122,5.789459,0.094033,0.901821,1.298088,0.000488,33.231131
1403637146038319104.000000,0.000000,0.000000,15.145921,5.198036,0.091990,0.836950,1.164522,0.000422,30.989780
1403637146088318976.000000,0.000000,0.000000,15.979139,6.036148,0.081199,1.511528,2.104778,0.441596,33.522907
1403637146138319104.000000,0.000000,0.000000,16.545773,6.101439,0.056091,2.686906,2.757221,0.000714,32.997462
1403637146188318976.000000,0.000000,0.000000,16.755175,6.229854,0.050539,0.879307,1.189718,0.000359,35.944509
1403637146238319104.000000,0.000000,0.000000,16.236814,5.351215,0.062300,0.812023,1.307423,0.000401,31.714667
1403637146288318976.000000,0.000000,0.000000,15.909678,2.373997,0.059097,0.753646,1.319808,0.000411,24.253508
1403637146338319104.000000,0.000000,0.000000,16.313701,2.465729,0.055929,0.791867,1.441065,0.000394,24.988491
1403637146388318976.000000,0.000000,0.000000,17.330524,2.712185,0.045142,0.831193,1.357965,0.335656,27.080779
1403637146438319104.000000,0.000000,0.000000,16.790534,2.586480,0.043891,1.548748,1.695601,0.000460,26.245724
1403637146488318976.000000,0.000000,0.000000,16.232757,2.570126,0.041814,2.606324,3.742618,0.000634,26.331999
1403637146538319104.000000,0.000000,0.000000,15.958008,2.772486,0.042912,1.142296,1.929116,0.000456,25.926576
1403637146588318976.000000,0.000000,0.000000,17.545115,2.827193,0.104478,0.958632,1.689584,0.000585,27.321878
1403637146638319104.000000,0.000000,0.000000,15.199488,2.739767,0.052978,0.966109,1.764459,0.391661,25.540342
1403637146688318976.000000,0.000000,0.000000,17.738407,2.682887,0.059086,3.845631,2.340476,0.000625,27.899285
1403637146738319104.000000,0.000000,0.000000,16.128180,6.738211,0.047488,3.154420,3.862820,0.000614,35.327411
1403637146788318976.000000,0.000000,0.000000,16.700294,2.523105,0.078624,2.441913,3.634531,0.000530,26.166368
1403637146838319104.000000,0.000000,0.000000,17.039823,2.678175,0.056309,2.616839,4.023137,0.000628,26.822333
1403637146888318976.000000,0.000000,0.000000,16.130776,2.796541,0.059294,1.717065,2.569388,0.357000,26.919693
1403637146938319104.000000,0.000000,0.000000,16.282653,6.311777,0.057929,2.114129,2.560399,0.000563,33.452502
1403637146988318976.000000,0.000000,0.000000,16.128754,2.831182,0.055048,1.824109,2.672556,0.000772,24.755539
1403637147038319104.000000,0.000000,0.000000,16.003634,2.427507,0.080135,2.037884,3.171846,0.000544,25.167882
1403637147088318976.000000,0.000000,0.000000,16.064909,2.490423,0.084895,3.218849,5.165110,0.000858,25.306877
1403637147138319104.000000,0.000000,0.000000,16.856353,5.891644,0.048361,3.353094,4.668863,0.665884,29.925547
1403637147188318976.000000,0.000000,0.000000,16.857499,6.274373,0.043535,5.481910,5.160039,0.000822,35.089812
1403637147238319104.000000,0.000000,0.000000,17.827915,8.761946,0.123598,4.889409,5.582694,0.000744,39.336897
1403637147288318976.000000,0.000000,0.000000,19.150347,2.675277,0.062123,2.358722,3.709402,0.000628,28.651807
1403637147338319104.000000,0.000000,0.000000,15.646642,2.868863,0.066058,3.887307,4.976705,0.000918,25.223783
1403637147388318976.000000,0.000000,0.000000,16.335218,6.731283,0.079796,3.727581,5.649914,0.571599,35.622331
1403637147438319104.000000,0.000000,0.000000,16.483293,3.102924,0.094613,5.781984,6.494261,0.000656,22.508271
1403637147488318976.000000,0.000000,0.000000,17.910606,2.832054,0.092564,4.131543,5.667403,0.000570,38.345507
1403637147538319104.000000,0.000000,0.000000,15.429675,3.459575,0.087906,3.007195,4.100147,0.000426,22.070167
1403637147588318976.000000,0.000000,0.000000,15.532465,5.433479,0.086599,3.912746,6.400346,0.000514,23.807139
1403637147638319104.000000,0.000000,0.000000,16.293388,6.583175,0.111666,1.800819,3.612242,0.391421,25.878752
1403637147688318976.000000,0.000000,0.000000,16.055762,7.622022,0.092312,4.360259,7.429862,0.000578,26.764966
1403637147738319104.000000,0.000000,0.000000,15.555908,6.410300,0.134451,4.883700,7.319028,0.000666,25.354468
1403637147788318976.000000,0.000000,0.000000,17.286791,6.135629,0.040079,2.400342,4.286557,0.000426,27.118165
1403637147838319104.000000,0.000000,0.000000,16.256064,6.776931,0.065227,2.094771,4.155331,0.000443,26.470518
1403637147888318976.000000,0.000000,0.000000,15.257291,6.812722,0.125899,2.945870,7.189521,0.514607,25.659984
1403637147938319104.000000,0.000000,0.000000,17.121657,6.653338,0.053409,3.168472,5.028822,0.000562,27.016163
1403637147988318976.000000,0.000000,0.000000,16.109148,4.757521,0.054512,2.416733,4.462546,0.000740,23.803534
1403637148038319104.000000,0.000000,0.000000,18.274348,2.667838,0.050538,2.262513,4.779404,0.000471,24.147967
1403637148088318976.000000,0.000000,0.000000,16.418907,6.718066,0.107951,2.213532,4.569519,0.000637,26.899775
1403637148138319104.000000,0.000000,0.000000,17.890397,2.526421,0.095521,1.940142,4.510657,0.341721,23.223790
1403637148188318976.000000,0.000000,0.000000,16.821245,2.605161,0.060327,0.044947,10.282407,0.045721,22.040639
1403637148238319104.000000,0.000000,0.000000,15.714111,2.673545,0.051893,0.045737,8.419764,0.060882,20.999340
1403637148288318976.000000,0.000000,0.000000,16.467790,6.560791,0.042298,0.048607,10.163154,0.069964,26.521396
1403637148338319104.000000,0.000000,0.000000,17.074654,6.705948,0.041580,0.044013,9.995522,0.067449,27.523149
1403637148388318976.000000,0.000000,0.000000,17.143330,2.604820,0.044491,0.033460,5.971378,0.040185,22.776697
1403637148438319104.000000,0.000000,0.000000,16.494310,2.501288,0.052555,0.034106,5.905439,0.040390,22.359879
1403637148488318976.000000,0.000000,0.000000,16.184600,2.609509,0.049630,0.028115,5.688691,0.392090,22.255163
1403637148538319104.000000,0.000000,0.000000,16.060806,2.617709,0.097319,0.028724,6.938743,0.052569,21.833591
1403637148588318976.000000,0.000000,0.000000,16.421824,2.757721,0.104051,0.047002,6.407284,0.043114,21.856653
1403637148638319104.000000,0.000000,0.000000,16.167135,2.479288,0.053536,0.045620,7.092381,0.052940,21.342547
1403637148688318976.000000,0.000000,0.000000,15.803182,6.372335,0.112901,0.039036,6.696491,0.043405,25.023890
1403637148738319104.000000,0.000000,0.000000,17.840796,6.843295,0.048326,0.039305,6.606018,0.043663,27.946265
1403637148788318976.000000,0.000000,0.000000,17.338399,6.766883,0.050667,0.038497,6.793946,0.043087,27.828803
1403637148838319104.000000,0.000000,0.000000,16.466690,3.383629,0.129954,0.043683,6.666245,0.043993,22.610853
1403637148888318976.000000,0.000000,0.000000,17.022494,6.147619,0.088418,0.036748,6.565825,0.052191,26.891955
1403637148938319104.000000,0.000000,0.000000,16.234534,2.347854,0.042630,0.030683,6.527749,0.043833,21.474208
1403637148988318976.000000,0.000000,0.000000,15.480495,2.488470,0.054116,0.040388,6.442151,0.437631,21.297463
1403637149038319104.000000,0.000000,0.000000,17.580641,6.438310,0.049770,0.048775,12.273574,0.086073,27.177377
1403637149088318976.000000,0.000000,0.000000,16.681639,6.748950,0.040447,0.059036,10.823448,0.079504,26.492277
1403637149138319104.000000,0.000000,0.000000,15.916644,2.686823,0.109064,0.048167,11.043749,0.067819,21.145271
1403637149188318976.000000,0.000000,0.000000,16.698892,2.603793,0.039086,0.043825,10.896274,0.072183,21.987666
1403637149238319104.000000,0.000000,0.000000,15.109474,3.103477,0.054993,0.032697,7.272328,0.049737,21.540388
1403637149288318976.000000,0.000000,0.000000,15.857289,2.643225,0.042600,0.040257,11.567444,0.072397,21.867381
1403637149338319104.000000,0.000000,0.000000,15.904024,6.317779,0.063405,0.047466,7.546151,0.051377,25.875595
1403637149388318976.000000,0.000000,0.000000,16.870575,2.966969,0.043727,0.038231,7.231936,0.048928,22.665988
1403637149438319104.000000,0.000000,0.000000,17.016117,2.554758,0.054449,0.034337,7.041900,0.049351,22.169448
1403637149488318976.000000,0.000000,0.000000,15.854609,2.550860,0.050220,0.047274,7.163683,0.467421,21.799760
1403637149538319104.000000,0.000000,0.000000,16.768500,2.526179,0.060236,0.091458,11.013288,0.062322,21.953272
1403637149588318976.000000,0.000000,0.000000,18.094128,2.633462,0.057349,0.055779,7.306590,0.052037,23.452658
1403637149638319104.000000,0.000000,0.000000,17.939217,2.465263,0.075408,0.048516,7.926545,0.050368,23.223114
1403637149688318976.000000,0.000000,0.000000,17.266125,2.275794,0.046937,0.037021,7.412206,0.050321,22.971378
1403637149738319104.000000,0.000000,0.000000,18.532939,2.537458,0.057692,0.037226,7.744215,0.050870,25.083571
1403637149788318976.000000,0.000000,0.000000,17.752296,2.332301,0.045489,0.034142,7.704370,0.051372,30.096270
1403637149838319104.000000,0.000000,0.000000,16.467647,2.213795,0.098666,0.041431,7.466953,0.052113,23.908804
1403637149888318976.000000,0.000000,0.000000,16.862855,2.301613,0.116067,0.034563,7.607540,0.052114,23.976005
1403637149938319104.000000,0.000000,0.000000,17.978352,2.174798,0.058236,0.034356,7.091083,0.423429,25.219097
1403637149988318976.000000,0.000000,0.000000,15.770706,2.178049,0.060438,0.061232,8.415306,0.066708,22.536764
1403637150038319104.000000,0.000000,0.000000,17.931214,5.763457,0.051390,0.038719,7.264723,0.048310,31.045915
1403637150088318976.000000,0.000000,0.000000,16.041749,5.753677,0.058906,0.047335,11.947550,0.075478,30.552238
1403637150138319104.000000,0.000000,0.000000,16.059192,2.521483,0.051545,0.033834,8.022495,0.048345,23.849372
1403637150188318976.000000,0.000000,0.000000,19.051848,2.785550,0.042888,0.048274,7.854354,0.048122,26.770994
1403637150238319104.000000,0.000000,0.000000,16.065130,2.965201,0.111964,0.048767,11.803728,0.067132,24.476977
1403637150288318976.000000,0.000000,0.000000,16.827587,2.867572,0.057558,0.056751,8.273449,0.051817,25.358648
1403637150338319104.000000,0.000000,0.000000,15.781477,3.288152,0.066686,0.046087,8.097691,0.050584,24.427069
1403637150388318976.000000,0.000000,0.000000,16.358339,3.255282,0.062181,0.055705,11.692832,0.069165,26.447953
1403637150438319104.000000,0.000000,0.000000,16.555645,8.493808,0.104955,0.050763,11.764006,0.601229,35.012832
1403637150488318976.000000,0.000000,0.000000,17.608464,3.577204,0.116313,0.040599,10.160017,0.098981,27.055759
1403637150538319104.000000,0.000000,0.000000,16.517933,3.501724,0.081624,0.055758,8.761197,0.055910,25.662783
1403637150588318976.000000,0.000000,0.000000,17.845827,3.625250,0.088380,0.062415,12.814222,0.072580,27.309409
1403637150638319104.000000,0.000000,0.000000,18.125041,8.104688,0.087953,0.064557,12.965958,0.073726,36.302578
1403637150688318976.000000,0.000000,0.000000,17.145223,8.228809,0.052470,0.053471,8.377002,0.054889,36.092555
1403637150738319104.000000,0.000000,0.000000,17.606968,6.805798,0.042835,0.051271,8.034452,0.423101,33.097620
1403637150788318976.000000,0.000000,0.000000,16.281209,7.298710,0.062274,0.033318,9.042318,0.080145,33.589940
1403637150838319104.000000,0.000000,0.000000,19.135996,8.080376,0.097276,0.027570,7.314425,0.051861,34.719815
1403637150888318976.000000,0.000000,0.000000,17.527330,3.981238,0.096467,0.062710,12.357698,0.067513,29.400346
1403637150938319104.000000,0.000000,0.000000,16.029102,3.982020,0.080663,0.061157,11.589876,0.072062,27.535725
1403637150988318976.000000,0.000000,0.000000,15.914125,4.712434,0.079498,0.050890,8.216689,0.471607,28.819823
1403637151038319104.000000,0.000000,0.000000,16.323762,8.968263,0.064572,0.084302,12.797387,0.107143,37.231038
1403637151088318976.000000,0.000000,0.000000,15.651319,9.252829,0.088616,0.066142,8.026852,0.071935,36.441436
1403637151138319104.000000,0.000000,0.000000,16.539499,9.314409,0.088539,0.060339,10.559966,0.073918,40.108588
1403637151188318976.000000,0.000000,0.000000,17.158864,9.222971,0.095885,0.038837,7.001912,0.052196,39.760421
1403637151238319104.000000,0.000000,0.000000,18.014530,4.141536,0.083736,0.074471,11.567866,0.070622,31.757812
1403637151288318976.000000,0.000000,0.000000,17.043691,7.077314,0.063866,0.051719,11.017273,0.052174,36.012200
1403637151338319104.000000,0.000000,0.000000,15.809406,7.940244,0.098448,0.057905,7.580841,0.484770,36.635724
1403637151388318976.000000,0.000000,0.000000,16.530616,7.682956,0.060751,0.041404,9.961450,0.076696,39.788528
1403637151438319104.000000,0.000000,0.000000,17.030525,7.348534,0.092298,0.026247,6.993262,0.054960,37.773491
1403637151488318976.000000,0.000000,0.000000,17.383174,7.594360,0.141061,0.046470,7.732686,0.428329,35.091582
1403637151538319104.000000,0.000000,0.000000,17.712925,8.089270,0.060944,0.042989,8.466776,0.062882,39.896244
1403637151588318976.000000,0.000000,0.000000,18.400662,4.469561,0.067486,0.027452,7.149543,0.048608,31.305194
1403637151638319104.000000,0.000000,0.000000,18.300988,7.466216,0.093738,0.034069,7.635327,0.050528,41.300188
1403637151688318976.000000,0.000000,0.000000,18.081034,5.516621,0.061003,0.035021,7.617985,0.057373,39.446819
1403637151738319104.000000,0.000000,0.000000,18.280081,4.333233,0.067100,0.038801,8.004527,0.049601,32.388874
1403637151788318976.000000,0.000000,0.000000,18.010217,3.657295,0.073371,0.038559,10.875555,0.758046,31.110330
1403637151838319104.000000,0.000000,0.000000,18.187380,7.566686,0.074804,0.050227,13.598377,0.089734,39.635407
1403637151888318976.000000,0.000000,0.000000,18.169980,4.215367,0.066132,0.065510,10.686573,0.087778,34.025397
1403637151938319104.000000,0.000000,0.000000,18.307748,4.121692,0.097358,0.051086,7.405607,0.054721,32.581789
1403637151988318976.000000,0.000000,0.000000,19.598269,3.895299,0.117008,0.065289,10.976618,0.640802,33.240588
1403637152038319104.000000,0.000000,0.000000,18.825930,4.064224,0.103148,0.078950,11.405311,0.101122,32.697218
1403637152088318976.000000,0.000000,0.000000,19.356802,4.278700,0.104340,0.057082,9.094219,0.066882,33.058193
1403637152138319104.000000,0.000000,0.000000,18.712072,7.445251,0.075965,0.070815,11.260383,0.069927,39.645461
1403637152188318976.000000,0.000000,0.000000,16.880018,7.421983,0.077954,0.047951,7.807811,0.380292,35.534382
1403637152238319104.000000,0.000000,0.000000,18.913221,7.367858,0.069319,0.052189,12.029353,0.090081,39.472580
1403637152288318976.000000,0.000000,0.000000,18.275829,6.059695,0.095103,0.062450,11.396545,0.089680,38.024062
1403637152338319104.000000,0.000000,0.000000,18.260877,3.764214,0.085141,0.062233,10.132814,0.073277,31.413448
1403637152388318976.000000,0.000000,0.000000,17.685811,5.343606,0.090856,0.056414,7.710184,0.378693,32.213164
1403637152438319104.000000,0.000000,0.000000,18.573547,4.015896,0.082991,0.043573,8.911871,0.084460,31.667182
1403637152488318976.000000,0.000000,0.000000,20.368586,3.831228,0.084301,0.030298,6.804214,0.090075,34.166041
1403637152538319104.000000,0.000000,0.000000,19.086407,3.953126,0.075212,0.060196,7.825535,0.056012,32.443044
1403637152588318976.000000,0.000000,0.000000,18.469158,3.989700,0.120274,0.058465,7.155698,0.428802,32.567713
1403637152638319104.000000,0.000000,0.000000,17.074540,3.886081,0.076149,0.037799,8.088113,0.072392,30.409425
1403637152688318976.000000,0.000000,0.000000,19.411923,3.939660,0.073655,0.066409,11.234770,0.095801,33.099051
1403637152738319104.000000,0.000000,0.000000,20.011072,4.062787,0.078805,0.063385,10.470455,0.076281,34.144660
1403637152788318976.000000,0.000000,0.000000,19.860668,4.046341,0.119077,0.039127,7.001535,0.399917,34.155110
1403637152838319104.000000,0.000000,0.000000,18.219238,4.322477,0.127854,0.068595,10.174479,0.100935,31.860407
1403637152888318976.000000,0.000000,0.000000,18.218256,4.308195,0.119312,0.075165,10.574228,0.091700,32.534389
1403637152938319104.000000,0.000000,0.000000,18.458569,4.291262,0.112158,0.067876,8.451504,0.080260,32.691083
1403637152988318976.000000,0.000000,0.000000,18.795793,7.987319,0.078772,0.056514,11.267818,0.074730,43.028184
1403637153038319104.000000,0.000000,0.000000,18.210677,8.273414,0.113681,0.065966,10.705045,0.676639,40.500353
1403637153088318976.000000,0.000000,0.000000,18.009166,7.895302,0.090584,0.054887,10.916715,0.081200,40.144036
1403637153138319104.000000,0.000000,0.000000,18.903688,7.010890,0.109993,0.057951,8.723746,0.066653,40.325240
1403637153188318976.000000,0.000000,0.000000,18.890628,6.355006,0.097759,0.036250,7.581605,0.058359,36.054250
1403637153238319104.000000,0.000000,0.000000,21.696361,7.009648,0.098074,0.050073,8.123308,0.054636,44.017342
1403637153288318976.000000,0.000000,0.000000,19.166373,4.468456,0.179729,0.044160,8.196864,0.058373,34.612393
1403637153338319104.000000,0.000000,0.000000,18.465518,4.326204,0.086438,0.035950,8.001493,0.401666,33.329178
1403637153388318976.000000,0.000000,0.000000,18.829558,4.390889,0.099598,0.044841,12.841319,0.082744,32.955244
1403637153438319104.000000,0.000000,0.000000,19.692586,4.605199,0.084628,0.060736,11.304362,0.082894,34.987915
1403637153488318976.000000,0.000000,0.000000,21.320189,4.481631,0.081528,0.056422,10.561340,0.074333,40.289198
1403637153538319104.000000,0.000000,0.000000,17.879239,4.305208,0.080792,0.049293,11.417955,0.071420,32.473002
1403637153588318976.000000,0.000000,0.000000,18.510166,4.258507,0.134671,0.047962,8.596542,0.057030,34.365456
1403637153638319104.000000,0.000000,0.000000,18.306980,3.861761,0.089729,0.057687,8.257975,0.432751,33.079814
1403637153688318976.000000,0.000000,0.000000,18.123665,4.458839,0.092189,0.073189,13.605945,0.094018,33.460519
1403637153738319104.000000,0.000000,0.000000,18.677377,4.451266,0.051915,0.068973,10.038530,0.072365,33.686236
1403637153788318976.000000,0.000000,0.000000,18.512647,4.446182,0.048339,0.050727,10.762682,0.073234,34.052522
1403637153838319104.000000,0.000000,0.000000,18.520914,4.918256,0.121817,0.072623,12.241259,0.071413,33.961282
1403637153888318976.000000,0.000000,0.000000,18.474694,3.974533,0.110869,0.063767,12.139913,0.514706,33.104842
1403637153938319104.000000,0.000000,0.000000,18.500024,4.968349,0.086746,0.062104,12.245846,0.090605,35.564864
1403637153988318976.000000,0.000000,0.000000,17.009852,4.776670,0.106846,0.076220,11.764355,0.086726,32.357442
1403637154038319104.000000,0.000000,0.000000,18.274253,6.808518,0.104970,0.066884,8.133418,0.407555,40.144283
1403637154088318976.000000,0.000000,0.000000,19.640902,4.286462,0.086733,0.062860,9.528880,0.084651,35.502335
1403637154138319104.000000,0.000000,0.000000,17.567766,4.153317,0.117767,0.060526,11.729550,0.087893,32.834728
1403637154188318976.000000,0.000000,0.000000,19.717584,7.376557,0.126048,0.037359,8.425105,0.418463,42.300352
1403637154238319104.000000,0.000000,0.000000,18.800799,4.486199,0.084478,0.071440,12.622869,0.093971,34.933173
1403637154288318976.000000,0.000000,0.000000,17.758150,4.451292,0.102670,0.047434,11.989166,0.093351,33.953656
1403637154338319104.000000,0.000000,0.000000,18.440677,7.346891,0.133601,0.066513,11.920791,0.506338,40.612039
1403637154388318976.000000,0.000000,0.000000,17.130060,7.691838,0.124605,0.043485,9.631867,0.079572,40.899547
1403637154438319104.000000,0.000000,0.000000,20.192027,8.448367,0.090168,0.065169,13.252225,0.113355,42.427954
1403637154488318976.000000,0.000000,0.000000,17.294988,5.638197,0.097568,0.039678,8.951559,0.418168,35.450561
1403637154538319104.000000,0.000000,0.000000,18.520167,7.549617,0.065024,0.058662,10.022129,0.077144,42.121747
1403637154588318976.000000,0.000000,0.000000,18.551033,7.659069,0.074332,0.039988,10.694358,0.064234,42.391373
1403637154638319104.000000,0.000000,0.000000,18.338933,5.460148,0.081373,0.048445,9.619076,0.056652,35.243088
1403637154688318976.000000,0.000000,0.000000,18.081683,4.365267,0.125405,0.052986,10.392608,0.554241,34.509837
1403637154738319104.000000,0.000000,0.000000,16.791152,4.523942,0.089526,0.052092,10.423984,0.076416,34.222904
1403637154788318976.000000,0.000000,0.000000,17.841661,4.457641,0.071123,0.056167,9.520907,0.075205,32.548761
1403637154838319104.000000,0.000000,0.000000,16.857831,9.537869,0.099750,0.034794,9.822491,0.066156,42.546823
1403637154888318976.000000,0.000000,0.000000,17.572536,6.663925,0.109110,0.039009,7.939981,0.422445,39.217472
1403637154938319104.000000,0.000000,0.000000,16.790905,4.939991,0.090706,0.066847,12.302434,0.085026,33.270985
1403637154988318976.000000,0.000000,0.000000,17.976644,7.491911,0.121579,0.060942,11.962739,0.082042,42.014431
1403637155038319104.000000,0.000000,0.000000,18.028761,7.637529,0.124406,0.053884,10.469728,0.654185,37.302617
1403637155088318976.000000,0.000000,0.000000,18.464856,7.219607,0.107835,0.056174,14.511332,0.123792,39.350052
1403637155138319104.000000,0.000000,0.000000,16.184536,6.308315,0.092479,0.071504,11.705322,0.134095,32.860274
1403637155188318976.000000,0.000000,0.000000,17.701076,9.621247,0.087254,0.052216,8.647990,0.061613,43.100600
1403637155238319104.000000,0.000000,0.000000,16.553099,7.920362,0.080517,0.057019,11.337263,0.650385,39.324278
1403637155288318976.000000,0.000000,0.000000,17.447111,4.585099,0.087407,0.073160,12.795713,0.121852,33.725511
1403637155338319104.000000,0.000000,0.000000,17.160514,7.594299,0.057711,0.059374,10.252535,0.128145,38.138036
1403637155388318976.000000,0.000000,0.000000,17.014744,7.308369,0.082202,0.059165,10.511135,0.087151,34.267553
1403637155438319104.000000,0.000000,0.000000,16.279568,5.088360,0.085224,0.066509,11.109000,0.097478,32.995498
1403637155488318976.000000,0.000000,0.000000,17.341709,5.175517,0.081879,0.056379,10.280120,0.091211,34.269175
1403637155538319104.000000,0.000000,0.000000,17.168898,5.014331,0.101320,0.051162,9.169456,0.563011,33.121905
1403637155588318976.000000,0.000000,0.000000,17.822533,4.668095,0.114602,0.067603,9.840939,0.085101,33.610544
1403637155638319104.000000,0.000000,0.000000,17.000751,6.885372,0.087353,0.056591,11.624399,0.103535,34.499281
1403637155688318976.000000,0.000000,0.000000,16.961819,6.885227,0.091212,0.050061,8.395873,0.574624,34.876537
1403637155738319104.000000,0.000000,0.000000,17.140194,7.305136,0.108926,0.076425,11.713946,0.082342,39.655841
1403637155788318976.000000,0.000000,0.000000,17.663817,9.115094,0.103381,0.060251,11.929466,0.069971,44.272843
1403637155838319104.000000,0.000000,0.000000,16.966344,7.398282,0.095232,0.068662,9.399168,0.557083,38.277715
1403637155888318976.000000,0.000000,0.000000,16.124306,4.640993,0.110937,0.091647,10.997502,0.132485,31.409163
1403637155938319104.000000,0.000000,0.000000,16.534399,7.919704,0.080391,0.057146,10.113196,0.118875,39.222677
1403637155988318976.000000,0.000000,0.000000,16.096151,8.610525,0.065115,0.059416,9.701090,0.683034,39.326676
1403637156038319104.000000,0.000000,0.000000,21.589158,6.645883,0.099198,0.098138,12.692396,0.089119,40.401003
1403637156088318976.000000,0.000000,0.000000,16.552989,8.250946,0.113401,0.056207,9.929803,0.076063,39.750988
1403637156138319104.000000,0.000000,0.000000,16.679003,8.667397,0.079527,0.052558,8.121356,0.061113,37.252951
1403637156188318976.000000,0.000000,0.000000,16.516992,7.643869,0.083142,0.058599,10.844766,0.676985,39.677052
1403637156238319104.000000,0.000000,0.000000,17.341458,7.389705,0.081786,0.054991,9.796157,0.077305,39.776353
1403637156288318976.000000,0.000000,0.000000,15.765216,8.734217,0.085596,0.057859,10.719874,0.085229,38.060074
1403637156338319104.000000,0.000000,0.000000,16.758808,5.760614,0.101484,0.028116,7.126347,0.586959,33.803597
1403637156388318976.000000,0.000000,0.000000,17.403192,5.423200,0.085697,0.084728,11.932116,0.102226,34.896083
1403637156438319104.000000,0.000000,0.000000,19.044997,5.710192,0.103100,0.049894,9.163696,0.077991,35.081249
1403637156488318976.000000,0.000000,0.000000,17.362570,5.245931,0.101404,0.080007,9.813489,0.837717,33.732574
1403637156538319104.000000,0.000000,0.000000,16.726409,4.917235,0.076131,0.076671,9.327406,0.080862,32.323639
1403637156588318976.000000,0.000000,0.000000,18.465532,4.893499,0.088105,0.055246,8.742246,0.124801,35.309109
1403637156638319104.000000,0.000000,0.000000,16.547738,8.130077,0.109463,0.063922,9.819422,0.687630,39.126068
1403637156688318976.000000,0.000000,0.000000,17.920704,8.114792,0.083713,0.086647,10.018523,0.120643,40.362392
1403637156738319104.000000,0.000000,0.000000,18.237308,4.955710,0.102603,0.080952,10.818214,0.121643,33.966853
1403637156788318976.000000,0.000000,0.000000,17.789421,6.914993,0.105358,0.053627,7.225366,0.602098,38.318676
1403637156838319104.000000,0.000000,0.000000,16.359480,9.765087,0.101033,0.072001,9.677535,0.129897,40.787642
1403637156888318976.000000,0.000000,0.000000,17.278251,5.500535,0.081756,0.060119,10.779536,0.099602,34.223269
1403637156938319104.000000,0.000000,0.000000,17.567504,7.751044,0.082677,0.031752,6.878074,0.558528,39.784936
1403637156988318976.000000,0.000000,0.000000,16.809054,7.840239,0.087636,0.085670,11.354174,0.084263,39.244697
1403637157038319104.000000,0.000000,0.000000,19.049220,8.173707,0.079759,0.062566,11.452752,0.086404,41.704141
1403637157088318976.000000,0.000000,0.000000,17.045167,5.641656,0.080792,0.044616,10.065540,0.057862,34.619670
1403637157138319104.000000,0.000000,0.000000,16.738340,5.197668,0.129315,0.043273,11.571056,0.668217,33.213378
1403637157188318976.000000,0.000000,0.000000,17.791569,5.621754,0.101297,0.059441,10.049691,0.073252,35.104770
1403637157238319104.000000,0.000000,0.000000,16.855323,5.125498,0.106178,0.065294,11.629399,0.102595,33.534753
1403637157288318976.000000,0.000000,0.000000,17.184674,4.905228,0.114931,0.028985,7.540732,0.567583,33.253414
1403637157338319104.000000,0.000000,0.000000,17.387400,8.732791,0.096594,0.091848,13.204761,0.102728,42.507493
1403637157388318976.000000,0.000000,0.000000,16.117837,6.972174,0.146471,0.069199,12.563135,0.087439,38.465318
1403637157438319104.000000,0.000000,0.000000,17.189188,6.858446,0.119407,0.056659,8.936751,0.580511,37.643423
1403637157488318976.000000,0.000000,0.000000,16.878923,7.512743,0.093206,0.096762,13.280340,0.099038,39.728704
1403637157538319104.000000,0.000000,0.000000,16.858071,5.013749,0.114774,0.064144,11.642703,0.087856,33.639504
1403637157588318976.000000,0.000000,0.000000,17.377102,4.600275,0.113166,0.057477,11.301231,0.634839,34.140800
1403637157638319104.000000,0.000000,0.000000,16.867508,8.078980,0.114256,0.065198,13.163717,0.111774,42.614089
1403637157688318976.000000,0.000000,0.000000,17.094250,5.850346,0.114412,0.054643,9.846800,0.079364,36.886317
1403637157738319104.000000,0.000000,0.000000,17.952537,6.568478,0.121861,0.046709,10.320072,0.535721,39.285276
1403637157788318976.000000,0.000000,0.000000,17.448716,7.842427,0.103099,0.085526,12.831658,0.080548,41.150437
1403637157838319104.000000,0.000000,0.000000,17.096554,7.463727,0.063269,0.052599,9.112650,0.075413,40.793549
1403637157888318976.000000,0.000000,0.000000,16.872434,7.905913,0.110583,0.041070,7.146765,0.555509,40.614681
1403637157938319104.000000,0.000000,0.000000,16.153183,8.126495,0.058226,0.083408,11.956114,0.087555,39.698343
1403637157988318976.000000,0.000000,0.000000,17.978748,7.562168,0.076358,0.046895,8.325451,0.071012,37.046536
1403637158038319104.000000,0.000000,0.000000,15.795835,5.916094,0.113654,0.043711,6.638248,0.595679,34.809276
1403637158088318976.000000,0.000000,0.000000,17.377507,7.049556,0.145597,0.066050,8.609564,0.071817,39.913749
1403637158138319104.000000,0.000000,0.000000,15.410742,5.226245,0.066192,0.073903,12.947712,0.083110,33.132567
1403637158188318976.000000,0.000000,0.000000,14.762222,7.593034,0.120582,0.033916,7.057422,0.540172,38.274530
1403637158238319104.000000,0.000000,0.000000,15.902185,7.757550,0.104265,0.067243,12.113558,0.084706,38.890064
1403637158288318976.000000,0.000000,0.000000,15.732080,7.984712,0.102971,0.057481,12.649522,0.084939,39.466684
1403637158338319104.000000,0.000000,0.000000,14.027462,4.796880,0.115663,0.041682,7.299057,0.047117,31.977338
1403637158388318976.000000,0.000000,0.000000,14.447787,8.096512,0.091750,0.034609,8.529868,0.053065,39.604558
1403637158438319104.000000,0.000000,0.000000,14.280801,5.686174,0.100334,0.049768,12.333421,0.753852,32.674840
1403637158488318976.000000,0.000000,0.000000,13.604468,5.615212,0.110678,0.058677,9.360357,0.070060,33.174794
1403637158538319104.000000,0.000000,0.000000,13.549167,9.352721,0.104214,0.063209,12.232181,0.135612,37.624415
1403637158588318976.000000,0.000000,0.000000,13.188626,5.895194,0.102706,0.069631,11.173959,0.691090,31.678714
1403637158638319104.000000,0.000000,0.000000,12.610308,7.716199,0.091169,0.073004,10.981932,0.079590,34.223730
1403637158688318976.000000,0.000000,0.000000,16.218297,8.066300,0.105039,0.058703,11.419806,0.084159,38.021161
1403637158738319104.000000,0.000000,0.000000,12.574012,5.347529,0.110332,0.048478,10.526056,0.625439,31.614453
1403637158788318976.000000,0.000000,0.000000,13.172235,6.836888,0.113871,0.074794,13.117858,0.091577,33.781305
1403637158838319104.000000,0.000000,0.000000,12.904637,4.573996,0.113451,0.064613,12.467963,0.094921,29.046100
1403637158888318976.000000,0.000000,0.000000,14.030606,8.024422,0.122611,0.046314,10.499142,0.725714,37.837775
1403637158938319104.000000,0.000000,0.000000,14.328108,7.796684,0.100623,0.074058,13.925607,0.098368,37.218535
1403637158988318976.000000,0.000000,0.000000,14.186175,7.407167,0.116159,0.055211,13.108271,0.102553,36.642764
1403637159038319104.000000,0.000000,0.000000,12.964752,8.145226,0.077772,0.034297,11.152413,0.723810,39.446021
1403637159088318976.000000,0.000000,0.000000,13.428694,9.795030,0.115512,0.055412,9.791044,0.073801,39.265005
1403637159138319104.000000,0.000000,0.000000,12.231192,5.617970,0.109938,0.057105,12.524180,0.092730,29.225417
1403637159188318976.000000,0.000000,0.000000,13.123456,7.802992,0.110751,0.042239,9.080989,0.485772,36.536940
1403637159238319104.000000,0.000000,0.000000,13.370749,11.706266,0.114567,0.059467,9.864088,0.073418,41.989929
1403637159288318976.000000,0.000000,0.000000,13.185087,5.615156,0.103555,0.040162,8.543474,0.064108,33.294163
1403637159338319104.000000,0.000000,0.000000,13.349772,7.249332,0.071148,0.040003,9.944665,0.672811,34.487207
1403637159388318976.000000,0.000000,0.000000,12.808175,7.454019,0.114691,0.078164,12.071995,0.133355,34.708798
1403637159438319104.000000,0.000000,0.000000,13.884482,7.418381,0.106572,0.044965,8.758763,0.079339,34.120749
1403637159488318976.000000,0.000000,0.000000,12.544139,4.972128,0.120248,0.045209,8.510293,0.070069,30.212624
1403637159538319104.000000,0.000000,0.000000,13.521204,5.711880,0.119228,0.034074,7.376505,0.594497,32.158219
1403637159588318976.000000,0.000000,0.000000,12.507776,6.807170,0.128446,0.077511,12.746320,0.124897,34.679845
1403637159638319104.000000,0.000000,0.000000,13.813736,5.478138,0.075799,0.046168,11.492001,0.101570,31.668977
1403637159688318976.000000,0.000000,0.000000,13.417263,6.801514,0.106929,0.051775,13.442001,0.090948,35.179529
1403637159738319104.000000,0.000000,0.000000,13.178931,6.981667,0.126060,0.029400,8.232493,0.737538,35.994197
1403637159788318976.000000,0.000000,0.000000,12.820595,7.576128,0.128077,0.074648,12.195733,0.094128,33.464966
1403637159838319104.000000,0.000000,0.000000,12.835492,4.990649,0.103162,0.049084,11.460962,0.087177,33.043914
1403637159888318976.000000,0.000000,0.000000,13.928606,5.674423,0.106862,0.050983,11.257376,0.089109,33.460716
1403637159938319104.000000,0.000000,0.000000,13.196219,6.691669,0.130302,0.030166,8.015444,0.597251,33.850693
1403637159988318976.000000,0.000000,0.000000,12.107955,7.814496,0.101015,0.048951,12.816629,0.085888,36.623161
1403637160038319104.000000,0.000000,0.000000,12.565673,5.809606,0.114475,0.052457,12.467195,0.112227,31.532081
1403637160088318976.000000,0.000000,0.000000,13.043888,5.461389,0.099646,0.041750,8.260376,0.060153,29.972043
1403637160138319104.000000,0.000000,0.000000,16.015364,7.698535,0.124121,0.029597,8.201217,0.574949,38.321395
1403637160188318976.000000,0.000000,0.000000,13.924370,5.902846,0.088977,0.045833,12.910852,0.093403,33.639195
1403637160238319104.000000,0.000000,0.000000,14.174152,7.938203,0.174656,0.051789,12.497608,0.118137,36.458784
1403637160288318976.000000,0.000000,0.000000,14.754919,5.135016,0.075627,0.041953,7.878375,0.625650,30.992783
1403637160338319104.000000,0.000000,0.000000,13.738096,8.261222,0.063759,0.075737,12.860548,0.100963,37.450794
1403637160388318976.000000,0.000000,0.000000,12.686201,5.515176,0.115120,0.048820,12.874138,0.099968,31.285978
1403637160438319104.000000,0.000000,0.000000,14.012755,8.195855,0.063610,0.062327,10.335371,0.740193,37.060253
1403637160488318976.000000,0.000000,0.000000,14.367620,5.217736,0.097060,0.069356,13.653354,0.112207,32.259074
1403637160538319104.000000,0.000000,0.000000,12.941436,5.802489,0.096360,0.055174,12.118602,0.104203,30.990741
1403637160588318976.000000,0.000000,0.000000,13.321914,9.393096,0.093478,0.043382,10.124103,0.727821,36.290894
1403637160638319104.000000,0.000000,0.000000,13.221321,5.518149,0.133215,0.054358,10.267545,0.097287,31.862623
1403637160688318976.000000,0.000000,0.000000,15.117176,5.099094,0.098837,0.053325,14.865883,0.090531,35.201251
1403637160738319104.000000,0.000000,0.000000,13.883831,4.970946,0.062448,0.047237,10.872028,0.086160,30.003177
1403637160788318976.000000,0.000000,0.000000,15.207200,4.843817,0.117368,0.042377,10.748737,0.655796,34.016235
1403637160838319104.000000,0.000000,0.000000,13.905882,6.382111,0.121092,0.050767,13.793026,0.100676,34.530537
1403637160888318976.000000,0.000000,0.000000,15.127728,8.506078,0.118528,0.051155,11.936979,0.089932,34.722458
1403637160938319104.000000,0.000000,0.000000,16.310309,10.063308,0.080746,0.025853,6.512388,0.557268,41.230003
1403637160988318976.000000,0.000000,0.000000,15.305156,6.801347,0.117158,0.073297,12.323927,0.091345,36.768725
1403637161038319104.000000,0.000000,0.000000,15.135602,7.768354,0.066289,0.032341,10.921646,0.077652,36.815233
1403637161088318976.000000,0.000000,0.000000,15.832112,7.690212,0.075667,0.056363,7.875551,0.080954,39.003146
1403637161138319104.000000,0.000000,0.000000,15.643628,7.278701,0.126826,0.037334,5.950514,0.089940,37.299269
1403637161188318976.000000,0.000000,0.000000,14.701024,7.328576,0.105962,0.031043,5.674340,0.065377,37.128620
1403637161238319104.000000,0.000000,0.000000,14.546377,4.704829,0.133843,0.027945,5.212024,0.080336,30.298114
1403637161288318976.000000,0.000000,0.000000,15.259728,7.503661,0.114776,0.023231,5.030503,0.062443,40.233833
1403637161338319104.000000,0.000000,0.000000,15.036310,7.000288,0.122318,0.018736,5.948951,1.072228,40.908960
1403637161388318976.000000,0.000000,0.000000,15.063864,5.041432,0.121158,0.061729,8.996184,0.089052,32.834941
1403637161438319104.000000,0.000000,0.000000,15.443944,8.532406,0.093698,0.022437,5.543804,0.061488,41.336368
1403637161488318976.000000,0.000000,0.000000,14.695746,6.813924,0.130856,0.021792,5.049352,0.056441,36.909312
1403637161538319104.000000,0.000000,0.000000,14.198033,7.894536,0.071997,0.020067,4.748685,0.509881,37.804034
1403637161588318976.000000,0.000000,0.000000,14.362357,7.410078,0.058251,0.034664,6.102434,0.063282,38.661644
1403637161638319104.000000,0.000000,0.000000,15.877255,5.336767,0.095754,0.039371,5.805672,0.063756,34.532693
1403637161688318976.000000,0.000000,0.000000,14.509273,7.386069,0.112800,0.025777,6.877644,0.722215,35.667996
1403637161738319104.000000,0.000000,0.000000,15.673554,7.238495,0.091243,0.052512,6.531588,0.065909,39.690400
1403637161788318976.000000,0.000000,0.000000,14.310558,5.335716,0.098144,0.038561,8.595206,0.731843,32.031256
1403637161838319104.000000,0.000000,0.000000,14.345388,4.479789,0.060010,0.052150,7.330609,0.068127,30.121022
1403637161888318976.000000,0.000000,0.000000,14.976848,7.055046,0.073500,0.026519,5.942903,0.063771,37.653248
1403637161938319104.000000,0.000000,0.000000,13.863161,4.480918,0.097026,0.039357,9.413906,0.800742,29.765527
1403637161988318976.000000,0.000000,0.000000,14.212357,4.379206,0.092936,0.058995,7.095769,0.081034,29.069770
1403637162038319104.000000,0.000000,0.000000,13.815125,4.731231,0.107174,0.054319,6.972293,0.071120,31.047169
1403637162088318976.000000,0.000000,0.000000,14.197919,9.253275,0.098860,0.038017,8.953764,0.699831,39.734770
1403637162138319104.000000,0.000000,0.000000,13.849322,4.396789,0.096308,0.078859,8.541338,0.082208,29.542544
1403637162188318976.000000,0.000000,0.000000,14.140601,6.172633,0.103635,0.050180,7.520031,0.070549,36.429112
1403637162238319104.000000,0.000000,0.000000,14.381742,6.697373,0.087218,0.052128,8.951501,0.581416,37.246100
1403637162288318976.000000,0.000000,0.000000,13.919313,4.553612,0.104851,0.073499,8.087238,0.125755,28.715339
1403637162338319104.000000,0.000000,0.000000,13.728082,5.163974,0.117818,0.057261,9.432464,0.105039,30.952446
1403637162388318976.000000,0.000000,0.000000,14.624643,5.128573,0.089949,0.047499,8.801299,0.647319,36.560441
1403637162438319104.000000,0.000000,0.000000,15.014955,4.969301,0.100098,0.042749,7.274039,0.069477,32.812102
1403637162488318976.000000,0.000000,0.000000,17.493784,5.407304,0.092990,0.053139,9.834529,0.086273,39.016335
1403637162538319104.000000,0.000000,0.000000,13.987864,7.355879,0.126436,0.029602,7.014816,0.439443,36.646565
1403637162588318976.000000,0.000000,0.000000,15.479805,5.156060,0.132461,0.071424,11.330405,0.087196,34.959602
1403637162638319104.000000,0.000000,0.000000,13.982156,5.882342,0.126865,0.049601,11.695791,0.094754,34.804460
1403637162688318976.000000,0.000000,0.000000,14.009860,6.660283,0.127283,0.044309,7.116947,0.464542,34.742939
1403637162738319104.000000,0.000000,0.000000,14.347415,7.856927,0.133157,0.052169,9.807453,0.081714,39.355822
1403637162788318976.000000,0.000000,0.000000,13.871466,8.300908,0.115241,0.077949,11.145309,0.086039,37.910135
1403637162838319104.000000,0.000000,0.000000,13.165579,8.502180,0.093831,0.032765,7.417992,0.063381,36.031090
1403637162888318976.000000,0.000000,0.000000,14.010844,9.290660,0.111116,0.053094,7.362698,0.471268,40.586567
1403637162938319104.000000,0.000000,0.000000,13.863511,8.199139,0.115278,0.086068,12.231570,0.100715,38.601123
1403637162988318976.000000,0.000000,0.000000,14.434303,7.617811,0.052671,0.046213,8.109899,0.065190,36.968678
1403637163038319104.000000,0.000000,0.000000,14.637917,5.303940,0.090314,0.045511,11.109178,0.088233,33.132420
1403637163088318976.000000,0.000000,0.000000,15.220882,7.343809,0.137360,0.036464,7.825371,0.061159,39.229682
1403637163138319104.000000,0.000000,0.000000,12.686683,7.006982,0.108689,0.047953,10.998246,0.665753,32.277815
1403637163188318976.000000,0.000000,0.000000,13.226394,5.334002,0.096206,0.088260,11.858817,0.097352,32.314259
1403637163238319104.000000,0.000000,0.000000,13.525965,4.995784,0.116249,0.078970,12.228072,0.095448,29.971790
1403637163288318976.000000,0.000000,0.000000,13.529003,8.306106,0.094616,0.036801,7.585601,0.087780,35.865033
1403637163338319104.000000,0.000000,0.000000,13.430126,8.080136,0.116806,0.034869,8.448705,0.466175,37.394641
1403637163388318976.000000,0.000000,0.000000,11.605637,4.908359,0.100230,0.080166,11.153079,0.086400,28.610608
1403637163438319104.000000,0.000000,0.000000,13.496005,7.783119,0.136839,0.044754,9.208574,0.060213,33.337194
1403637163488318976.000000,0.000000,0.000000,12.879242,4.998337,0.119364,0.032238,9.850934,0.592681,29.137708
1403637163538319104.000000,0.000000,0.000000,14.185517,7.762878,0.118614,0.079261,11.921199,0.097110,38.979976
1403637163588318976.000000,0.000000,0.000000,13.573417,6.062770,0.126219,0.057435,8.520937,0.072477,34.708930
1403637163638319104.000000,0.000000,0.000000,15.804341,10.376698,0.130837,0.031427,7.314152,0.474198,42.994812
1403637163688318976.000000,0.000000,0.000000,13.417932,6.760044,0.089405,0.068287,8.599879,0.071487,32.607558
1403637163738319104.000000,0.000000,0.000000,13.843250,7.534513,0.120681,0.048677,8.571508,0.085428,37.200725
1403637163788318976.000000,0.000000,0.000000,13.937355,7.009843,0.125392,0.044049,11.440729,0.691303,35.628139
1403637163838319104.000000,0.000000,0.000000,15.524687,7.780079,0.092681,0.058373,12.132554,0.097955,38.613509
1403637163888318976.000000,0.000000,0.000000,16.473289,5.133122,0.098732,0.062449,12.010632,0.111085,33.466824
1403637163938319104.000000,0.000000,0.000000,15.285721,8.213576,0.124627,0.043881,10.791486,0.707808,40.346714
1403637163988318976.000000,0.000000,0.000000,14.259943,7.731117,0.125429,0.074219,13.367393,0.103556,38.703266
1403637164038319104.000000,0.000000,0.000000,15.941997,6.727957,0.129726,0.066097,12.372884,0.095351,34.363293
1403637164088318976.000000,0.000000,0.000000,14.457797,4.476998,0.073937,0.055295,11.579797,0.672831,30.387444
1403637164138319104.000000,0.000000,0.000000,14.586568,7.520249,0.123348,0.051696,13.007318,0.192460,39.018414
1403637164188318976.000000,0.000000,0.000000,15.719264,7.608106,0.128027,0.058981,8.971712,0.077150,39.138110
1403637164238319104.000000,0.000000,0.000000,13.923621,7.549488,0.126918,0.040109,10.307643,0.502802,33.371764
1403637164288318976.000000,0.000000,0.000000,14.480153,8.656555,0.127371,0.048583,9.828724,0.076961,40.340286
1403637164338319104.000000,0.000000,0.000000,14.246143,6.995180,0.128509,0.063885,12.575540,0.094081,37.374437
1403637164388318976.000000,0.000000,0.000000,15.220123,6.956848,0.061890,0.034333,8.620267,0.490600,36.282434
1403637164438319104.000000,0.000000,0.000000,14.160105,7.570094,0.125364,0.056841,9.830999,0.077786,39.639970
1403637164488318976.000000,0.000000,0.000000,13.890410,7.495950,0.077602,0.047981,11.406272,0.421840,37.619887
1403637164538319104.000000,0.000000,0.000000,13.373880,7.624123,0.119201,0.065699,10.388687,0.116189,35.640448
1403637164588318976.000000,0.000000,0.000000,13.897493,5.374673,0.135639,0.067871,11.702293,0.104401,32.820388
1403637164638319104.000000,0.000000,0.000000,13.736867,9.081163,0.149461,0.049481,8.715310,0.514349,41.895582
1403637164688318976.000000,0.000000,0.000000,13.633073,7.124191,0.099449,0.083715,12.834196,0.113705,34.915832
1403637164738319104.000000,0.000000,0.000000,13.361187,7.807693,0.124326,0.065440,12.134529,0.097005,35.429279
1403637164788318976.000000,0.000000,0.000000,13.686565,8.477497,0.140547,0.033571,8.126739,0.523768,39.387375
1403637164838319104.000000,0.000000,0.000000,12.820832,8.458236,0.121846,0.074091,12.072766,0.109549,37.082201
1403637164888318976.000000,0.000000,0.000000,12.995648,4.815137,0.097762,0.058431,9.817604,0.099313,27.705149
1403637164938319104.000000,0.000000,0.000000,13.587609,7.784194,0.094141,0.049424,10.800852,0.704298,37.713228
1403637164988318976.000000,0.000000,0.000000,13.316452,7.750166,0.095200,0.073560,13.849061,0.119712,35.382218
1403637165038319104.000000,0.000000,0.000000,13.240155,8.980976,0.086451,0.064796,12.308313,0.098087,34.184921
1403637165088318976.000000,0.000000,0.000000,12.950863,4.937447,0.114394,0.044684,8.537792,0.560969,27.726277
1403637165138319104.000000,0.000000,0.000000,13.117283,5.618703,0.077368,0.077778,11.843050,0.089052,27.338434
1403637165188318976.000000,0.000000,0.000000,12.860759,5.175207,0.087262,0.069665,12.499713,0.092570,26.266494
1403637165238319104.000000,0.000000,0.000000,13.905903,5.620234,0.084668,0.050195,11.346584,0.692757,28.277894
1403637165288318976.000000,0.000000,0.000000,12.981721,9.387560,0.087576,0.040985,10.082529,0.078788,32.806059
1403637165338319104.000000,0.000000,0.000000,12.992114,10.005456,0.087888,0.064760,12.140754,0.090683,35.271880
1403637165388318976.000000,0.000000,0.000000,13.775767,5.477542,0.083468,0.034851,9.318645,0.603185,28.206205
1403637165438319104.000000,0.000000,0.000000,12.990417,4.722369,0.109194,0.077275,13.377511,0.112827,25.515800
1403637165488318976.000000,0.000000,0.000000,13.814866,5.725080,0.084627,0.064452,13.184851,0.102046,27.390384
1403637165538319104.000000,0.000000,0.000000,13.831289,5.261928,0.116101,0.032617,8.938148,0.587500,28.770107
1403637165588318976.000000,0.000000,0.000000,12.538580,8.777503,0.088899,0.065820,13.188483,0.111958,30.362934
1403637165638319104.000000,0.000000,0.000000,12.625965,7.980516,0.095100,0.056987,12.509308,0.095687,31.967328
1403637165688318976.000000,0.000000,0.000000,13.074152,4.743424,0.146042,0.045396,11.373911,0.664090,27.217016
1403637165738319104.000000,0.000000,0.000000,13.730764,8.620235,0.091421,0.057663,13.173324,0.109333,36.928366
1403637165788318976.000000,0.000000,0.000000,14.568935,5.368162,0.100750,0.062301,13.007252,0.107828,31.087071
1403637165838319104.000000,0.000000,0.000000,12.764183,5.271741,0.124582,0.048401,11.872034,0.702302,26.987220
1403637165888318976.000000,0.000000,0.000000,13.939061,9.894335,0.089870,0.055717,13.240678,0.099652,37.535801
1403637165938319104.000000,0.000000,0.000000,13.613420,5.066500,0.095996,0.063412,12.747663,0.095016,29.488857
1403637165988318976.000000,0.000000,0.000000,13.430626,5.587048,0.115104,0.031925,8.463192,0.541667,29.073004
1403637166038319104.000000,0.000000,0.000000,13.175355,9.502848,0.108443,0.077476,13.335833,0.101743,35.313843
1403637166088318976.000000,0.000000,0.000000,13.381055,8.689975,0.101926,0.056335,10.050081,0.077246,34.246723
1403637166138319104.000000,0.000000,0.000000,14.736567,8.567920,0.122926,0.034348,9.029367,0.646308,34.378416
1403637166188318976.000000,0.000000,0.000000,13.028987,8.333062,0.096484,0.048446,10.166393,0.077968,34.320582
1403637166238319104.000000,0.000000,0.000000,14.028738,5.488018,0.125174,0.053939,10.159181,0.094214,31.311665
1403637166288318976.000000,0.000000,0.000000,16.586830,6.076721,0.101939,0.044450,8.421654,0.540077,35.385895
1403637166338319104.000000,0.000000,0.000000,14.218241,8.108496,0.138511,0.071364,12.293629,0.102694,35.186720
1403637166388318976.000000,0.000000,0.000000,13.554654,4.870631,0.146523,0.049046,9.040172,0.081175,28.723943
1403637166438319104.000000,0.000000,0.000000,13.044047,8.059740,0.099745,0.032576,10.743107,0.672598,34.954975
1403637166488318976.000000,0.000000,0.000000,12.911024,5.641730,0.099569,0.064159,11.850451,0.089953,29.561688
1403637166538319104.000000,0.000000,0.000000,12.757427,8.550631,0.082050,0.054898,9.786757,0.099066,36.133922
1403637166588318976.000000,0.000000,0.000000,12.952342,8.551667,0.099100,0.031092,8.220648,0.576787,39.495708
1403637166638319104.000000,0.000000,0.000000,14.455687,4.949576,0.105065,0.064430,9.162021,0.085283,29.852742
1403637166688318976.000000,0.000000,0.000000,12.482567,6.012061,0.150627,0.086430,8.674226,0.094074,32.227769
1403637166738319104.000000,0.000000,0.000000,12.609318,7.976590,0.108248,0.035899,6.971704,0.660257,35.135315
1403637166788318976.000000,0.000000,0.000000,13.253302,5.365926,0.135523,0.078026,11.802944,0.093323,29.031852
1403637166838319104.000000,0.000000,0.000000,13.465138,4.960026,0.097275,0.055694,10.694142,0.093233,29.276622
1403637166888318976.000000,0.000000,0.000000,14.578420,9.504973,0.148233,0.033121,9.457737,0.825454,40.212887
1403637166938319104.000000,0.000000,0.000000,13.480976,5.788826,0.130847,0.048768,8.412798,0.069910,33.556214
1403637166988318976.000000,0.000000,0.000000,12.115571,8.493620,0.151229,0.050374,7.980737,0.070078,34.905453
1403637167038319104.000000,0.000000,0.000000,13.818102,4.794963,0.108412,0.033852,6.985759,0.631013,29.595679
1403637167088318976.000000,0.000000,0.000000,13.088998,9.131261,0.105091,0.077477,9.953665,0.085548,36.876509
1403637167138319104.000000,0.000000,0.000000,13.029377,7.816214,0.129957,0.061388,9.696521,0.087266,36.713172
1403637167188318976.000000,0.000000,0.000000,13.626180,9.118140,0.125520,0.032636,9.439530,0.788516,38.511577
1403637167238319104.000000,0.000000,0.000000,16.387658,6.741015,0.101089,0.070804,11.356463,0.090524,34.605449
1403637167288318976.000000,0.000000,0.000000,12.882459,5.449871,0.090264,0.063143,11.410834,0.101040,30.933166
1403637167338319104.000000,0.000000,0.000000,13.825798,8.084198,0.064035,0.033185,9.986546,0.722115,36.404620
1403637167388318976.000000,0.000000,0.000000,13.367656,7.776434,0.123966,0.081222,12.434058,0.103834,34.345697
1403637167438319104.000000,0.000000,0.000000,14.193394,4.869223,0.110216,0.057304,9.131004,0.093945,32.440378
1403637167488318976.000000,0.000000,0.000000,12.858787,8.417714,0.116484,0.038890,8.547278,0.696250,36.978723
1403637167538319104.000000,0.000000,0.000000,13.777092,5.410959,0.151599,0.097231,11.856018,0.117462,31.807664
1403637167588318976.000000,0.000000,0.000000,11.398759,4.718585,0.157029,0.071655,12.505952,0.095828,27.322248
1403637167638319104.000000,0.000000,0.000000,12.764643,4.753835,0.181096,0.050799,12.176346,0.750201,30.198521
1403637167688318976.000000,0.000000,0.000000,12.703772,4.437730,0.162657,0.061694,12.557371,0.088542,31.365835
1403637167738319104.000000,0.000000,0.000000,14.246023,8.524436,0.177766,0.095398,12.651788,0.103450,38.829352
1403637167788318976.000000,0.000000,0.000000,13.217995,8.156595,0.164171,0.043035,11.431512,0.583621,37.455036
1403637167838319104.000000,0.000000,0.000000,13.514675,8.044354,0.159151,0.058103,11.515307,0.087351,37.685993
1403637167888318976.000000,0.000000,0.000000,13.404898,7.876584,0.110179,0.062459,9.941672,0.079602,36.053236
1403637167938319104.000000,0.000000,0.000000,14.354254,9.063410,0.157549,0.049937,11.539174,0.649873,40.365968
1403637167988318976.000000,0.000000,0.000000,13.260201,8.284934,0.158792,0.082315,12.864600,0.109712,38.250019
1403637168038319104.000000,0.000000,0.000000,13.895803,8.576614,0.076459,0.077542,12.688932,0.097962,38.711778
1403637168088318976.000000,0.000000,0.000000,14.343342,8.113401,0.161593,0.040197,11.127923,0.664554,39.765088
1403637168138319104.000000,0.000000,0.000000,14.405495,4.827551,0.132510,0.045970,9.826263,0.078809,32.425356
1403637168188318976.000000,0.000000,0.000000,13.397157,7.376003,0.074492,0.065841,11.925334,0.090238,34.784950
1403637168238319104.000000,0.000000,0.000000,13.180061,5.302547,0.169631,0.038197,9.034149,0.582765,31.576172
1403637168288318976.000000,0.000000,0.000000,13.716328,7.507897,0.145916,0.086750,12.316072,0.101394,38.200750
1403637168338319104.000000,0.000000,0.000000,13.580768,5.386693,0.172905,0.058531,10.593765,0.103083,31.601179
1403637168388318976.000000,0.000000,0.000000,13.097112,5.351341,0.143665,0.055405,8.123191,0.644272,31.880089
1403637168438319104.000000,0.000000,0.000000,13.278351,7.749079,0.170274,0.068149,11.109838,0.082794,38.352603
1403637168488318976.000000,0.000000,0.000000,14.165184,6.036274,0.184143,0.065977,11.716222,0.099968,34.934155
1403637168538319104.000000,0.000000,0.000000,14.315839,7.251730,0.155290,0.047835,10.414429,0.701542,37.046078
1403637168588318976.000000,0.000000,0.000000,13.438893,5.070321,0.182165,0.087656,12.904090,0.094293,30.850489
1403637168638319104.000000,0.000000,0.000000,12.854241,7.728467,0.142847,0.062951,12.447845,0.101737,37.101932
1403637168688318976.000000,0.000000,0.000000,12.934305,8.570260,0.195681,0.049213,10.644120,0.638380,37.568875
1403637168738319104.000000,0.000000,0.000000,14.722788,7.399114,0.256625,0.068834,12.632649,0.090642,34.115286
1403637168788318976.000000,0.000000,0.000000,13.619735,7.498456,0.173986,0.064767,11.775688,0.091244,37.128124
1403637168838319104.000000,0.000000,0.000000,14.331572,5.224985,0.167644,0.050550,10.985906,0.620945,33.686194
1403637168888318976.000000,0.000000,0.000000,12.889002,7.701104,0.177882,0.078001,12.770590,0.097128,35.473274
1403637168938319104.000000,0.000000,0.000000,13.226441,8.867662,0.111777,0.070705,11.315296,0.115255,40.533197
1403637168988318976.000000,0.000000,0.000000,13.381884,7.306780,0.189561,0.069054,9.463835,0.665260,36.574846
1403637169038319104.000000,0.000000,0.000000,13.233625,5.414822,0.151801,0.062570,9.031541,0.064853,31.520278
1403637169088318976.000000,0.000000,0.000000,13.993336,7.478980,0.191139,0.055289,8.219278,0.073193,37.446258
1403637169138319104.000000,0.000000,0.000000,13.907992,7.797310,0.177132,0.038909,9.271806,0.075675,38.239659
1403637169188318976.000000,0.000000,0.000000,13.465223,8.020368,0.124746,0.054977,10.159263,0.744991,36.858916
1403637169238319104.000000,0.000000,0.000000,14.440348,5.339572,0.199215,0.049047,8.950436,0.069176,33.409349
1403637169288318976.000000,0.000000,0.000000,13.305799,8.576824,0.172719,0.071638,9.055168,0.077177,37.973603
1403637169338319104.000000,0.000000,0.000000,14.741384,6.514667,0.114572,0.044597,9.409444,0.079533,34.860541
1403637169388318976.000000,0.000000,0.000000,14.390234,8.241148,0.214030,0.049011,10.809322,0.816802,39.886201
1403637169438319104.000000,0.000000,0.000000,13.531437,8.036441,0.200516,0.065852,12.581955,0.087705,38.629671
1403637169488318976.000000,0.000000,0.000000,13.271659,5.281130,0.123334,0.064281,12.587440,0.092384,31.588347
1403637169538319104.000000,0.000000,0.000000,13.119995,7.010398,0.208642,0.045173,7.802653,0.090552,37.152154
1403637169588318976.000000,0.000000,0.000000,14.016578,7.319924,0.213336,0.030101,7.986395,0.059263,38.588751
1403637169638319104.000000,0.000000,0.000000,12.732809,7.266478,0.201682,0.046784,10.795983,0.713740,36.001927
1403637169688318976.000000,0.000000,0.000000,14.723582,7.914005,0.207682,0.062589,12.831961,0.090236,39.773057
1403637169738319104.000000,0.000000,0.000000,14.625530,7.374662,0.156125,0.056647,9.910478,0.082193,39.544815
1403637169788318976.000000,0.000000,0.000000,14.350936,7.833111,0.193416,0.048411,7.973305,0.064285,38.257455
1403637169838319104.000000,0.000000,0.000000,14.781484,7.444572,0.175301,0.025339,8.245647,0.585222,39.656524
1403637169888318976.000000,0.000000,0.000000,15.186254,8.169153,0.171778,0.087096,10.910228,0.131776,39.811271
1403637169938319104.000000,0.000000,0.000000,14.624346,4.838269,0.084563,0.051961,9.245587,0.074476,32.046034
1403637169988318976.000000,0.000000,0.000000,14.271144,7.453893,0.086066,0.039244,9.524783,0.097156,39.277180
1403637170038319104.000000,0.000000,0.000000,14.778519,7.976483,0.145810,0.036243,10.765540,0.791901,36.522929
1403637170088318976.000000,0.000000,0.000000,14.634279,6.402607,0.106200,0.051344,11.257109,0.083845,34.770580
1403637170138319104.000000,0.000000,0.000000,14.458197,5.032094,0.087093,0.069443,11.323444,0.085153,33.069767
1403637170188318976.000000,0.000000,0.000000,14.380270,5.371872,0.179708,0.038687,11.018041,0.558357,34.231847
1403637170238319104.000000,0.000000,0.000000,13.691590,4.998182,0.175891,0.055723,12.098523,0.080209,30.896076
1403637170288318976.000000,0.000000,0.000000,15.187168,6.310413,0.143672,0.062257,12.456362,0.091675,38.005371
1403637170338319104.000000,0.000000,0.000000,14.293784,4.461380,0.141184,0.040290,11.191110,0.090919,31.757663
1403637170388318976.000000,0.000000,0.000000,14.216922,7.221148,0.090192,0.059912,13.268358,0.087869,36.284269
1403637170438319104.000000,0.000000,0.000000,15.673610,7.539050,0.136452,0.062153,13.097491,0.524810,39.281479
1403637170488318976.000000,0.000000,0.000000,15.879290,8.024074,0.130931,0.043454,11.279293,0.075193,37.374228
1403637170538319104.000000,0.000000,0.000000,14.389686,5.245467,0.159235,0.077527,13.820510,0.109853,31.860799
1403637170588318976.000000,0.000000,0.000000,13.747025,5.250588,0.168772,0.071671,11.663867,0.079302,32.243669
1403637170638319104.000000,0.000000,0.000000,14.178236,5.239455,0.142051,0.035320,9.685249,0.542067,32.258901
1403637170688318976.000000,0.000000,0.000000,13.355625,5.304986,0.097344,0.070893,13.051044,0.093082,29.637704
1403637170738319104.000000,0.000000,0.000000,13.468164,8.124219,0.096060,0.067387,12.374065,0.090772,37.644147
1403637170788318976.000000,0.000000,0.000000,13.668035,7.373073,0.114392,0.037544,8.986727,0.517278,35.405063
1403637170838319104.000000,0.000000,0.000000,13.994809,7.384557,0.124509,0.061056,11.522473,0.090661,35.737041
1403637170888318976.000000,0.000000,0.000000,13.599945,5.061409,0.148061,0.056270,11.186058,0.088784,30.729976
1403637170938319104.000000,0.000000,0.000000,13.899850,4.969326,0.138768,0.038935,11.108863,0.657052,30.046960
1403637170988318976.000000,0.000000,0.000000,12.556729,4.843461,0.143582,0.063017,11.000619,0.079286,28.369614
1403637171038319104.000000,0.000000,0.000000,13.016898,5.689991,0.146739,0.056293,10.557566,0.129780,31.839292
1403637171088318976.000000,0.000000,0.000000,13.349365,9.924581,0.145032,0.032118,11.094215,1.055143,36.416981
1403637171138319104.000000,0.000000,0.000000,13.443274,7.994751,0.159240,0.049156,12.670581,0.081519,35.149743
1403637171188318976.000000,0.000000,0.000000,13.936882,7.395582,0.137446,0.062136,12.470164,0.109375,36.448798
1403637171238319104.000000,0.000000,0.000000,12.340180,8.088491,0.135821,0.032202,9.197064,0.598540,35.768329
1403637171288318976.000000,0.000000,0.000000,12.594355,7.751442,0.090390,0.096998,14.522778,0.114642,35.034561
1403637171338319104.000000,0.000000,0.000000,12.692166,8.929939,0.100230,0.067739,13.096744,0.108233,38.392685
1403637171388318976.000000,0.000000,0.000000,12.471397,5.670263,0.106931,0.047290,11.959476,0.635908,30.666823
1403637171438319104.000000,0.000000,0.000000,14.409607,6.105997,0.166490,0.047647,11.571662,0.081930,33.622980
1403637171488318976.000000,0.000000,0.000000,11.548268,8.187102,0.234565,0.067897,11.654499,0.081503,35.976106
1403637171538319104.000000,0.000000,0.000000,12.341164,8.111433,0.179313,0.038338,11.945774,0.570720,37.318720
1403637171588318976.000000,0.000000,0.000000,13.286160,8.505439,0.151195,0.067065,14.118819,0.094947,38.707447
1403637171638319104.000000,0.000000,0.000000,12.745132,7.752601,0.152156,0.066268,13.149486,0.094676,36.680131
1403637171688318976.000000,0.000000,0.000000,15.204586,7.311092,0.176821,0.045509,12.668226,0.618119,39.548938
1403637171738319104.000000,0.000000,0.000000,12.814107,8.299398,0.177219,0.065824,13.886111,0.098447,36.883094
1403637171788318976.000000,0.000000,0.000000,12.211589,6.160328,0.182206,0.079599,14.688320,0.137686,33.723924
1403637171838319104.000000,0.000000,0.000000,12.973122,4.996810,0.174772,0.041506,11.983450,0.593138,31.700084
1403637171888318976.000000,0.000000,0.000000,13.394905,7.943937,0.158258,0.054303,13.963523,0.107573,36.848195
1403637171938319104.000000,0.000000,0.000000,12.487652,8.488878,0.172314,0.071131,14.329592,0.113231,38.176188
1403637171988318976.000000,0.000000,0.000000,13.089065,8.471348,0.236070,0.035430,10.160947,0.093003,38.628891
1403637172038319104.000000,0.000000,0.000000,13.476539,7.348752,0.168120,0.038280,10.441629,0.525619,37.256266
1403637172088318976.000000,0.000000,0.000000,12.306484,4.980035,0.151559,0.041348,11.508149,0.087204,31.132543
1403637172138319104.000000,0.000000,0.000000,12.642487,7.189186,0.149546,0.068315,14.536193,0.109344,35.460484
1403637172188318976.000000,0.000000,0.000000,12.461700,8.301172,0.085349,0.044657,12.682788,0.108966,33.732860
1403637172238319104.000000,0.000000,0.000000,12.632026,8.596493,0.177968,0.044128,10.467269,0.459746,37.202887
1403637172288318976.000000,0.000000,0.000000,13.239987,6.495687,0.181746,0.047387,13.787114,0.087433,33.912675
1403637172338319104.000000,0.000000,0.000000,12.893512,5.329645,0.175815,0.070895,13.974749,0.093217,30.949751
1403637172388318976.000000,0.000000,0.000000,12.172390,6.502382,0.183481,0.039532,10.523630,0.090297,33.620919
1403637172438319104.000000,0.000000,0.000000,12.174585,7.623960,0.173939,0.067730,12.124000,0.099948,35.987067
1403637172488318976.000000,0.000000,0.000000,12.997329,7.881357,0.106438,0.053329,10.554629,0.473140,35.809364
1403637172538319104.000000,0.000000,0.000000,12.541174,8.339131,0.099858,0.055201,11.020431,0.113952,37.799508
1403637172588318976.000000,0.000000,0.000000,13.362555,8.047567,0.170927,0.068288,12.473888,0.099587,38.421933
1403637172638319104.000000,0.000000,0.000000,12.437273,8.180225,0.109680,0.046946,11.719691,0.080366,36.179815
1403637172688318976.000000,0.000000,0.000000,12.815292,7.927732,0.099359,0.052875,10.814300,0.064171,37.727455
1403637172738319104.000000,0.000000,0.000000,12.338099,7.893186,0.144812,0.032262,9.984785,0.547231,36.353607
1403637172788318976.000000,0.000000,0.000000,12.440194,7.671167,0.073420,0.048544,14.310835,0.091569,35.463839
1403637172838319104.000000,0.000000,0.000000,12.999090,8.316364,0.079544,0.073084,14.202764,0.108306,38.489098
1403637172888318976.000000,0.000000,0.000000,12.173111,7.098116,0.099458,0.068195,12.868365,0.068664,35.050550
1403637172938319104.000000,0.000000,0.000000,13.423969,7.933228,0.093840,0.045674,12.328799,0.098886,35.068136
1403637172988318976.000000,0.000000,0.000000,12.318212,5.271971,0.071571,0.039328,10.451157,0.064402,30.170294
1403637173038319104.000000,0.000000,0.000000,13.873350,5.059247,0.069102,0.037698,12.416501,0.076759,30.491951
1403637173088318976.000000,0.000000,0.000000,12.485874,7.799729,0.095424,0.032687,10.107635,0.616337,33.647101
1403637173138319104.000000,0.000000,0.000000,12.560923,7.866515,0.158802,0.072388,11.882214,0.086017,34.539192
1403637173188318976.000000,0.000000,0.000000,13.254558,5.495391,0.180819,0.072648,13.833499,0.089008,31.786235
1403637173238319104.000000,0.000000,0.000000,12.804382,6.241032,0.198134,0.061308,12.993190,0.091326,32.053970
1403637173288318976.000000,0.000000,0.000000,14.364334,7.260814,0.141349,0.076294,10.224038,0.066633,34.892193
1403637173338319104.000000,0.000000,0.000000,12.382746,5.137231,0.124473,0.052589,12.664254,0.081798,33.138894
1403637173388318976.000000,0.000000,0.000000,12.465197,7.620592,0.171150,0.035791,9.554600,0.629036,36.268747
1403637173438319104.000000,0.000000,0.000000,12.723277,7.307405,0.110430,0.063364,11.776517,0.084664,37.048061
1403637173488318976.000000,0.000000,0.000000,12.792714,6.958520,0.087823,0.072118,13.310092,0.099006,31.196635
1403637173538319104.000000,0.000000,0.000000,13.268871,4.280571,0.080195,0.046434,12.644435,0.092845,29.137667
1403637173588318976.000000,0.000000,0.000000,12.903046,6.985001,0.139593,0.034773,10.720632,0.069509,35.129996
1403637173638319104.000000,0.000000,0.000000,13.484496,7.380430,0.187156,0.067795,12.930747,0.088154,37.488707
1403637173688318976.000000,0.000000,0.000000,13.403141,5.360542,0.144871,0.056378,10.380318,0.619446,32.699344
1403637173738319104.000000,0.000000,0.000000,12.910638,5.113432,0.190711,0.069238,13.121702,0.083885,33.513800
1403637173788318976.000000,0.000000,0.000000,13.044708,6.765886,0.151812,0.075502,13.192083,0.096941,32.586418
1403637173838319104.000000,0.000000,0.000000,14.395442,8.962151,0.110821,0.080957,12.350063,0.091613,39.022652
1403637173888318976.000000,0.000000,0.000000,13.415158,5.822344,0.174042,0.047977,11.398860,0.080555,32.485827
1403637173938319104.000000,0.000000,0.000000,13.134756,7.515927,0.201094,0.043666,12.427188,0.081140,34.097692
1403637173988318976.000000,0.000000,0.000000,13.264242,7.536876,0.195126,0.041724,12.223091,0.818079,35.347602
1403637174038319104.000000,0.000000,0.000000,15.232441,7.905728,0.180039,0.082499,14.154832,0.115019,38.343133
1403637174088318976.000000,0.000000,0.000000,13.180948,8.956697,0.195914,0.077935,13.954019,0.111516,37.044693
1403637174138319104.000000,0.000000,0.000000,14.286627,8.407443,0.198396,0.067065,12.693523,0.102561,37.780466
1403637174188318976.000000,0.000000,0.000000,13.667084,7.620732,0.211454,0.050697,11.056411,0.093111,37.457570
1403637174238319104.000000,0.000000,0.000000,13.739207,6.977885,0.197734,0.042912,11.329128,1.582156,36.887386
1403637174288318976.000000,0.000000,0.000000,13.789437,7.059042,0.221972,0.040974,9.871262,0.083626,36.045243
1403637174338319104.000000,0.000000,0.000000,13.644521,6.930210,0.194608,0.067500,12.758748,0.088482,37.971838
1403637174388318976.000000,0.000000,0.000000,15.558764,7.545878,0.197413,0.056636,14.426943,0.098686,40.927407
1403637174438319104.000000,0.000000,0.000000,13.237641,6.207651,0.203768,0.050240,10.169931,0.070326,34.610298
1403637174488318976.000000,0.000000,0.000000,13.565571,7.281706,0.193848,0.039713,9.471292,0.615473,39.360663
1403637174538319104.000000,0.000000,0.000000,13.477072,6.130761,0.194033,0.045659,10.361350,0.082219,35.323883
1403637174588318976.000000,0.000000,0.000000,13.664430,4.773083,0.097901,0.068079,13.314846,0.097458,32.417321
1403637174638319104.000000,0.000000,0.000000,13.667444,7.315846,0.091487,0.069157,12.487880,0.091223,38.478296
1403637174688318976.000000,0.000000,0.000000,13.178455,8.028249,0.115767,0.039423,12.627661,0.077782,38.102327
1403637174738319104.000000,0.000000,0.000000,12.859357,7.013240,0.176308,0.049759,9.901866,0.064160,33.102978
1403637174788318976.000000,0.000000,0.000000,13.277839,5.946343,0.180073,0.045680,10.323855,0.558240,34.680560
1403637174838319104.000000,0.000000,0.000000,13.126540,5.766883,0.191733,0.058951,13.372134,0.096470,34.071892
1403637174888318976.000000,0.000000,0.000000,13.973969,6.885723,0.113594,0.076866,11.110428,0.076974,36.108274
1403637174938319104.000000,0.000000,0.000000,14.196024,5.150400,0.194519,0.049149,12.306643,0.080498,34.299033
1403637174988318976.000000,0.000000,0.000000,12.432912,5.336689,0.175040,0.035546,9.352148,0.058954,32.789132
1403637175038319104.000000,0.000000,0.000000,13.058902,7.071044,0.106877,0.048916,12.533097,0.076506,36.471557
1403637175088318976.000000,0.000000,0.000000,12.732481,6.927177,0.193458,0.038368,9.655954,0.554615,36.450620
1403637175138319104.000000,0.000000,0.000000,13.579123,7.167511,0.115478,0.062656,11.775597,0.080404,37.481028
1403637175188318976.000000,0.000000,0.000000,13.535861,5.172304,0.176634,0.078758,14.406889,0.128206,32.697133
1403637175238319104.000000,0.000000,0.000000,12.785334,6.904383,0.181674,0.071880,13.680773,0.113915,38.378730
1403637175288318976.000000,0.000000,0.000000,14.104950,6.798436,0.222707,0.055834,10.681007,0.077445,38.184884
1403637175338319104.000000,0.000000,0.000000,13.496636,7.165564,0.217706,0.075294,11.637935,0.075306,36.778649
1403637175388318976.000000,0.000000,0.000000,13.402250,5.445489,0.207187,0.072479,11.183025,0.065700,34.334603
1403637175438319104.000000,0.000000,0.000000,13.917370,5.873365,0.213007,0.064391,10.214392,0.072465,35.204001
1403637175488318976.000000,0.000000,0.000000,14.820789,6.611397,0.126089,0.046842,10.100275,0.597286,37.435959
1403637175538319104.000000,0.000000,0.000000,13.691671,7.072093,0.210698,0.056466,11.437766,0.079068,39.410806
1403637175588318976.000000,0.000000,0.000000,13.734977,7.425596,0.217870,0.066654,10.483089,0.090075,38.889236
1403637175638319104.000000,0.000000,0.000000,13.889716,7.473606,0.205094,0.051539,10.928333,0.086305,38.396678
1403637175688318976.000000,0.000000,0.000000,14.550255,6.806476,0.211458,0.043166,9.653932,0.551675,39.808687
1403637175738319104.000000,0.000000,0.000000,14.518436,6.752548,0.188657,0.067577,11.824752,0.074773,40.935684
1403637175788318976.000000,0.000000,0.000000,13.887100,7.586467,0.178341,0.072962,14.398015,0.117749,37.602425
1403637175838319104.000000,0.000000,0.000000,14.095643,6.750659,0.191098,0.051105,10.088906,0.066832,38.427397
1403637175888318976.000000,0.000000,0.000000,14.399776,6.816222,0.219606,0.051552,11.163538,0.064870,39.430776
1403637175938319104.000000,0.000000,0.000000,14.061848,5.352255,0.222722,0.067570,12.799200,0.684063,33.793160
1403637175988318976.000000,0.000000,0.000000,13.295474,5.179891,0.206604,0.059870,14.024002,0.086053,32.447077
1403637176038319104.000000,0.000000,0.000000,15.227115,5.500649,0.226962,0.067744,12.161503,0.078328,36.469235
1403637176088318976.000000,0.000000,0.000000,14.728155,7.106025,0.230427,0.081928,12.654965,0.097072,40.363570
1403637176138319104.000000,0.000000,0.000000,14.620593,7.670481,0.196792,0.045474,11.286384,0.662377,38.701112
1403637176188318976.000000,0.000000,0.000000,14.838160,5.036064,0.239937,0.051891,12.643982,0.086149,34.009295
1403637176238319104.000000,0.000000,0.000000,15.199223,7.034429,0.202427,0.065395,12.573808,0.107998,40.043517
1403637176288318976.000000,0.000000,0.000000,14.777626,7.520428,0.267798,0.059622,12.367102,0.736501,40.559101
1403637176338319104.000000,0.000000,0.000000,15.090370,5.610854,0.213713,0.089952,13.095218,0.089051,35.670228
1403637176388318976.000000,0.000000,0.000000,15.983666,7.542531,0.238449,0.067408,11.128063,0.080160,40.391967
1403637176438319104.000000,0.000000,0.000000,15.296269,5.995265,0.218317,0.032663,10.029202,0.073322,36.251386
1403637176488318976.000000,0.000000,0.000000,16.084771,5.553521,0.174837,0.044447,10.152952,0.735850,37.127234
1403637176538319104.000000,0.000000,0.000000,16.490932,7.648275,0.229609,0.078526,10.495581,0.078004,41.316598
1403637176588318976.000000,0.000000,0.000000,15.118719,6.978847,0.240200,0.061841,12.709052,0.092838,38.294912
1403637176638319104.000000,0.000000,0.000000,15.191505,7.211322,0.231802,0.054893,10.820319,0.074038,36.784432
1403637176688318976.000000,0.000000,0.000000,15.795252,5.289222,0.230480,0.041235,9.049081,0.647770,35.081360
1403637176738319104.000000,0.000000,0.000000,17.438814,7.644049,0.185100,0.079555,11.655467,0.099120,43.159439
1403637176788318976.000000,0.000000,0.000000,17.630916,8.031389,0.185852,0.065656,12.390291,0.146154,43.802034
1403637176838319104.000000,0.000000,0.000000,15.533702,7.434288,0.190527,0.057229,11.506699,0.108944,40.310029
1403637176888318976.000000,0.000000,0.000000,15.391622,7.275996,0.109938,0.039240,8.699947,0.531883,39.366380
1403637176938319104.000000,0.000000,0.000000,15.214050,5.356939,0.242181,0.075862,13.126909,0.097857,34.260556
1403637176988318976.000000,0.000000,0.000000,16.343535,5.307022,0.213780,0.067968,13.339352,0.108223,37.624274
1403637177038319104.000000,0.000000,0.000000,15.120124,5.537880,0.183435,0.058850,12.418392,0.078249,35.232336
1403637177088318976.000000,0.000000,0.000000,16.747778,5.481307,0.219301,0.031656,10.327589,0.565407,37.960252
1403637177138319104.000000,0.000000,0.000000,15.243828,7.848272,0.175236,0.053659,13.441184,0.113187,41.249623
1403637177188318976.000000,0.000000,0.000000,17.104892,6.695876,0.117287,0.063834,12.864384,0.110191,40.630820
1403637177238319104.000000,0.000000,0.000000,19.080213,5.301546,0.220726,0.050092,13.914296,0.846093,38.403869
1403637177288318976.000000,0.000000,0.000000,15.818239,7.467705,0.209074,0.060044,9.785970,0.069999,40.263901
1403637177338319104.000000,0.000000,0.000000,16.450905,4.713190,0.172708,0.061317,13.061460,0.111663,35.245080
1403637177388318976.000000,0.000000,0.000000,16.296301,5.722663,0.209787,0.042102,13.351693,0.093345,37.582383
1403637177438319104.000000,0.000000,0.000000,15.235502,7.669518,0.179310,0.028575,9.084597,0.616076,40.921264
1403637177488318976.000000,0.000000,0.000000,15.112174,7.537893,0.190896,0.040035,10.277782,0.068734,42.881401
1403637177538319104.000000,0.000000,0.000000,15.527410,5.371573,0.242849,0.059757,13.202777,0.103112,35.515201
1403637177588318976.000000,0.000000,0.000000,15.882355,8.172237,0.198972,0.034670,12.468079,0.090570,41.397499
1403637177638319104.000000,0.000000,0.000000,15.687883,5.453024,0.207987,0.040906,13.525644,0.076735,36.365478
1403637177688318976.000000,0.000000,0.000000,16.520180,5.424426,0.197076,0.039506,13.133129,0.796726,38.648010
1403637177738319104.000000,0.000000,0.000000,15.666480,6.003283,0.211142,0.064695,14.520783,0.116186,39.712874
1403637177788318976.000000,0.000000,0.000000,15.667674,6.495116,0.221462,0.057445,11.818387,0.101458,38.565694
1403637177838319104.000000,0.000000,0.000000,15.223825,7.320381,0.232467,0.063270,12.309430,0.088853,38.253382
1403637177888318976.000000,0.000000,0.000000,15.387556,7.272862,0.197444,0.049921,11.565094,0.068105,39.204843
1403637177938319104.000000,0.000000,0.000000,15.848759,8.241313,0.175355,0.058888,12.238944,0.642451,40.446908
1403637177988318976.000000,0.000000,0.000000,15.127412,7.417074,0.167778,0.070540,14.671288,0.103862,41.240927
1403637178038319104.000000,0.000000,0.000000,14.992980,7.302327,0.144919,0.060147,11.722902,0.163166,40.376642
1403637178088318976.000000,0.000000,0.000000,15.590448,7.631156,0.181451,0.062690,13.061866,0.151323,39.748477
1403637178138319104.000000,0.000000,0.000000,12.448649,6.773968,0.152176,0.039397,9.874293,0.764344,33.806272
1403637178188318976.000000,0.000000,0.000000,15.211213,7.266026,0.156421,0.061791,11.891686,0.081395,39.564084
1403637178238319104.000000,0.000000,0.000000,14.156860,4.747495,0.145388,0.063054,13.131515,0.107613,32.066326
1403637178288318976.000000,0.000000,0.000000,14.176594,7.727327,0.160519,0.050531,10.865107,0.079578,38.042060
1403637178338319104.000000,0.000000,0.000000,14.097966,4.998921,0.185503,0.039201,9.562104,0.610599,37.196642
1403637178388318976.000000,0.000000,0.000000,13.837930,5.684744,0.186920,0.044633,11.543543,0.083420,33.092103
1403637178438319104.000000,0.000000,0.000000,13.895799,5.368899,0.182141,0.060055,12.956569,0.117680,33.063755
1403637178488318976.000000,0.000000,0.000000,14.240694,4.616224,0.148427,0.053047,11.966043,0.082270,33.147603
1403637178538319104.000000,0.000000,0.000000,14.493627,7.093382,0.149412,0.033766,11.516264,0.601085,38.937013
1403637178588318976.000000,0.000000,0.000000,14.186161,7.373146,0.194971,0.054507,13.604718,0.106009,41.240912
1403637178638319104.000000,0.000000,0.000000,13.997661,7.828141,0.178732,0.062732,13.424336,0.090342,38.261013
1403637178688318976.000000,0.000000,0.000000,14.525231,7.362687,0.187416,0.035855,12.747109,0.083877,35.700112
1403637178738319104.000000,0.000000,0.000000,14.687604,5.336877,0.156520,0.034360,10.807509,0.563346,34.341809
1403637178788318976.000000,0.000000,0.000000,14.841224,8.601256,0.190416,0.051354,13.497709,0.099773,41.091777
1403637178838319104.000000,0.000000,0.000000,13.770575,5.535234,0.163791,0.064877,13.614477,0.086707,33.884829
1403637178888318976.000000,0.000000,0.000000,14.950080,7.188641,0.101683,0.064327,13.213546,0.084599,38.507261
1403637178938319104.000000,0.000000,0.000000,14.870525,4.628282,0.117872,0.030169,9.941212,0.551935,32.851169
1403637178988318976.000000,0.000000,0.000000,14.347434,7.441152,0.193705,0.048316,13.586260,0.095103,37.752937
1403637179038319104.000000,0.000000,0.000000,14.681612,4.624967,0.177692,0.066809,11.540750,0.105137,33.403803
1403637179088318976.000000,0.000000,0.000000,14.281347,5.559331,0.108364,0.063696,14.298457,0.075747,35.406105
1403637179138319104.000000,0.000000,0.000000,14.511533,7.544879,0.192967,0.067920,14.024164,0.069499,40.322543
1403637179188318976.000000,0.000000,0.000000,14.815385,7.350126,0.167887,0.051195,11.956547,0.628417,40.526900
1403637179238319104.000000,0.000000,0.000000,14.271405,5.421612,0.154944,0.056380,13.136819,0.085152,34.058741
1403637179288318976.000000,0.000000,0.000000,13.714683,6.058073,0.157316,0.068157,13.474894,0.142063,35.737606
1403637179338319104.000000,0.000000,0.000000,14.078079,6.393224,0.169061,0.061410,11.495571,0.082420,35.243961
1403637179388318976.000000,0.000000,0.000000,14.804698,4.759991,0.162554,0.040949,11.985771,0.580626,33.689599
1403637179438319104.000000,0.000000,0.000000,14.698027,5.142290,0.187564,0.052638,12.859547,0.107963,34.202824
1403637179488318976.000000,0.000000,0.000000,13.555031,6.591576,0.102434,0.072400,12.283917,0.151951,35.570361
1403637179538319104.000000,0.000000,0.000000,14.606018,5.066309,0.199799,0.063976,12.854942,0.082002,34.563523
1403637179588318976.000000,0.000000,0.000000,13.950341,5.602931,0.159701,0.050798,11.165079,0.071007,34.733090
1403637179638319104.000000,0.000000,0.000000,13.408798,4.679051,0.171247,0.061841,11.109029,0.535588,32.350421
1403637179688318976.000000,0.000000,0.000000,13.915546,6.656611,0.203196,0.047570,12.636941,0.080997,36.362351
1403637179738319104.000000,0.000000,0.000000,14.828992,7.258670,0.177719,0.065712,13.303136,0.134085,40.376142
1403637179788318976.000000,0.000000,0.000000,13.431797,4.947251,0.181305,0.064459,13.001645,0.089409,32.345414
1403637179838319104.000000,0.000000,0.000000,13.273684,5.081384,0.189743,0.047217,10.196882,0.535554,33.517955
1403637179888318976.000000,0.000000,0.000000,13.602987,7.468396,0.187609,0.053994,13.449370,0.096944,38.282765
1403637179938319104.000000,0.000000,0.000000,14.179943,9.748644,0.118701,0.078576,13.184950,0.105329,42.321095
1403637179988318976.000000,0.000000,0.000000,13.762393,6.639322,0.191758,0.058098,13.293815,0.076139,36.876022
1403637180038319104.000000,0.000000,0.000000,13.662524,6.972272,0.199423,0.036330,11.417341,0.066040,37.364104
1403637180088318976.000000,0.000000,0.000000,13.359133,6.908139,0.113282,0.034946,10.064934,0.521783,36.114363
1403637180138319104.000000,0.000000,0.000000,13.131483,6.522018,0.265294,0.052074,13.599368,0.082069,36.324779
1403637180188318976.000000,0.000000,0.000000,14.882436,7.695642,0.181436,0.073059,14.242980,0.093569,38.938530
1403637180238319104.000000,0.000000,0.000000,13.885264,7.684904,0.171501,0.077419,14.247153,0.092249,38.935860
1403637180288318976.000000,0.000000,0.000000,13.831615,7.326332,0.150691,0.036548,10.639150,0.058533,38.400551
1403637180338319104.000000,0.000000,0.000000,13.648087,7.991905,0.180835,0.054977,12.535579,0.074830,36.728388
1403637180388318976.000000,0.000000,0.000000,16.203092,7.855988,0.158197,0.038746,10.818914,0.061094,37.812062
1403637180438319104.000000,0.000000,0.000000,14.901592,6.251743,0.159002,0.059197,10.493346,0.487777,35.607247
1403637180488318976.000000,0.000000,0.000000,14.586330,5.136120,0.099072,0.075231,14.553701,0.091856,34.581738
1403637180538319104.000000,0.000000,0.000000,14.250965,6.738643,0.189114,0.058870,11.366499,0.076662,37.816711
1403637180588318976.000000,0.000000,0.000000,14.661142,5.984858,0.174571,0.049282,12.795339,0.084935,35.513446
1403637180638319104.000000,0.000000,0.000000,13.901380,5.156072,0.158597,0.032870,9.325987,0.556608,32.438034
1403637180688318976.000000,0.000000,0.000000,16.469168,6.859343,0.189827,0.047774,13.923334,0.089501,39.465327
1403637180738319104.000000,0.000000,0.000000,14.720400,6.784249,0.195704,0.056624,12.523292,0.102931,37.933194
1403637180788318976.000000,0.000000,0.000000,14.106289,5.299944,0.195700,0.043042,11.163231,0.105541,34.711941
1403637180838319104.000000,0.000000,0.000000,14.027374,4.592982,0.162347,0.049196,13.052855,0.591696,31.919924
1403637180888318976.000000,0.000000,0.000000,15.118136,6.986836,0.180069,0.067329,13.551062,0.100672,39.371401
1403637180938319104.000000,0.000000,0.000000,14.306126,8.103148,0.185617,0.060480,12.628195,0.135380,39.721038
1403637180988318976.000000,0.000000,0.000000,13.725331,6.896642,0.185376,0.057839,14.028747,0.100775,36.758439
1403637181038319104.000000,0.000000,0.000000,13.979447,5.359159,0.089273,0.035375,12.181478,0.574513,34.044038
1403637181088318976.000000,0.000000,0.000000,13.885443,6.590563,0.124009,0.043977,13.846047,0.098965,37.590678
1403637181138319104.000000,0.000000,0.000000,13.747718,7.185266,0.195398,0.058381,12.775326,0.119090,37.964830
1403637181188318976.000000,0.000000,0.000000,13.821563,6.995121,0.161033,0.053684,12.411432,0.143703,39.176443
1403637181238319104.000000,0.000000,0.000000,13.925755,5.326656,0.171814,0.033179,12.427693,0.513788,32.996324
1403637181288318976.000000,0.000000,0.000000,13.771858,7.691469,0.202220,0.042004,14.041042,0.103163,38.366176
1403637181338319104.000000,0.000000,0.000000,14.308034,7.618231,0.179088,0.064611,14.359805,0.101870,39.122544
1403637181388318976.000000,0.000000,0.000000,13.935065,4.821799,0.210979,0.061959,13.806006,0.083023,32.295466
1403637181438319104.000000,0.000000,0.000000,13.924243,4.542359,0.228450,0.030446,10.739467,0.540331,32.265625
1403637181488318976.000000,0.000000,0.000000,15.098336,6.755287,0.242167,0.046397,14.714475,0.087513,39.067131
1403637181538319104.000000,0.000000,0.000000,13.864966,5.585067,0.038083,0.065677,14.545697,0.096526,36.807408
1403637181588318976.000000,0.000000,0.000000,14.250008,6.655095,0.146945,0.065438,13.728600,0.087399,38.407270
1403637181638319104.000000,0.000000,0.000000,15.472027,7.580450,0.233980,0.050186,12.258785,0.067372,40.294522
1403637181688318976.000000,0.000000,0.000000,15.742591,7.187465,0.221617,0.032028,11.277148,0.472288,41.942174
1403637181738319104.000000,0.000000,0.000000,15.325268,5.469812,0.213549,0.047130,12.408648,0.076525,37.327748
1403637181788318976.000000,0.000000,0.000000,15.546966,10.189013,0.215413,0.068826,15.002818,0.107814,42.657746
1403637181838319104.000000,0.000000,0.000000,14.930960,6.676963,0.207917,0.066445,14.830418,0.084151,36.885737
1403637181888318976.000000,0.000000,0.000000,14.643802,7.894660,0.192131,0.043881,11.102691,0.092434,39.009595
1403637181938319104.000000,0.000000,0.000000,15.038134,6.930208,0.106544,0.047853,14.191897,0.067929,41.237943
1403637181988318976.000000,0.000000,0.000000,16.794104,6.628375,0.115913,0.040078,11.676031,0.059938,39.770921
1403637182038319104.000000,0.000000,0.000000,14.869439,8.689038,0.200035,0.061016,11.943324,0.069990,40.660461
1403637182088318976.000000,0.000000,0.000000,15.450093,5.861567,0.181506,0.039656,11.869196,0.423710,35.408744
1403637182138319104.000000,0.000000,0.000000,14.334974,5.120718,0.194584,0.043801,14.050621,0.091295,35.790450
1403637182188318976.000000,0.000000,0.000000,14.955197,6.982035,0.200727,0.087994,12.575105,0.080224,39.315516
1403637182238319104.000000,0.000000,0.000000,14.069559,5.021874,0.206061,0.055053,14.066215,0.125087,33.589243
1403637182288318976.000000,0.000000,0.000000,14.876243,6.572047,0.204895,0.037823,14.758289,0.070088,34.889946
1403637182338319104.000000,0.000000,0.000000,14.268998,6.833818,0.216286,0.050227,13.373299,0.070412,36.729511
1403637182388318976.000000,0.000000,0.000000,14.423528,7.645793,0.220539,0.044335,11.890714,0.494107,39.314744
1403637182438319104.000000,0.000000,0.000000,14.466733,7.044051,0.226966,0.058142,13.877526,0.086802,37.932570
1403637182488318976.000000,0.000000,0.000000,14.358703,6.875281,0.167866,0.115216,16.289225,0.091142,36.922480
1403637182538319104.000000,0.000000,0.000000,14.399409,7.722136,0.124640,0.068466,14.273197,0.107145,40.257543
1403637182588318976.000000,0.000000,0.000000,14.683662,7.173344,0.199641,0.066918,16.143926,0.076842,39.965309
1403637182638319104.000000,0.000000,0.000000,14.315843,7.661884,0.210936,0.067471,12.696663,0.096310,39.239907
1403637182688318976.000000,0.000000,0.000000,14.853710,5.201126,0.173346,0.067926,12.095449,0.064298,35.136992
1403637182738319104.000000,0.000000,0.000000,14.036248,7.613410,0.195750,0.046339,12.029004,0.441665,39.660508
1403637182788318976.000000,0.000000,0.000000,14.041223,6.589553,0.171652,0.046028,12.136751,0.088216,39.013890
1403637182838319104.000000,0.000000,0.000000,15.372544,6.925612,0.202854,0.093127,15.936601,0.090208,39.256272
1403637182888318976.000000,0.000000,0.000000,14.902140,5.084112,0.250950,0.067670,13.312150,0.089960,34.675134
1403637182938319104.000000,0.000000,0.000000,14.389666,6.532541,0.183837,0.055177,12.825179,0.072601,38.913221
1403637182988318976.000000,0.000000,0.000000,14.506286,5.065760,0.195549,0.058760,13.174013,0.067063,35.262672
1403637183038319104.000000,0.000000,0.000000,14.647629,7.094284,0.209074,0.063506,13.359198,0.066055,40.111258
1403637183088318976.000000,0.000000,0.000000,14.317184,8.933389,0.178849,0.041008,12.376851,0.064842,41.052694
1403637183138319104.000000,0.000000,0.000000,15.453679,4.773526,0.181885,0.038580,11.239233,0.058953,36.549163
1403637183188318976.000000,0.000000,0.000000,14.020065,7.687491,0.196831,0.040538,11.292542,0.439235,38.993498
1403637183238319104.000000,0.000000,0.000000,14.603446,7.598826,0.172945,0.056854,16.070700,0.088477,40.611023
1403637183288318976.000000,0.000000,0.000000,14.834515,6.280464,0.187193,0.092511,14.776404,0.108215,36.653722
1403637183338319104.000000,0.000000,0.000000,16.178164,5.967158,0.175008,0.067871,14.661744,0.092240,38.771010
1403637183388318976.000000,0.000000,0.000000,15.707197,7.532323,0.176025,0.050380,12.798781,0.067449,40.203540
1403637183438319104.000000,0.000000,0.000000,13.635855,5.862457,0.190186,0.056569,11.970664,0.059025,36.127805
1403637183488318976.000000,0.000000,0.000000,16.275081,6.288509,0.178141,0.053586,12.091294,0.061830,39.143221
1403637183538319104.000000,0.000000,0.000000,15.394910,5.176246,0.187127,0.042272,10.719109,0.057160,35.816632
1403637183588318976.000000,0.000000,0.000000,15.891302,4.928747,0.182884,0.042397,13.143462,0.481349,36.751524
1403637183638319104.000000,0.000000,0.000000,16.157972,5.783475,0.200849,0.050393,12.338663,0.083330,38.315187
1403637183688318976.000000,0.000000,0.000000,15.963950,5.367892,0.205587,0.062589,12.016040,0.089763,38.538546
1403637183738319104.000000,0.000000,0.000000,15.278605,8.400498,0.216244,0.063116,12.370797,0.082869,41.245898
1403637183788318976.000000,0.000000,0.000000,15.903697,4.739907,0.176262,0.043966,10.603203,0.079502,35.398049
1403637183838319104.000000,0.000000,0.000000,15.558345,6.264662,0.196610,0.058987,12.133507,0.062784,39.360061
1403637183888318976.000000,0.000000,0.000000,15.347442,6.899104,0.205701,0.041424,10.634845,0.056880,39.293876
1403637183938319104.000000,0.000000,0.000000,15.517790,7.416143,0.199627,0.046164,13.561558,0.072562,39.862418
1403637183988318976.000000,0.000000,0.000000,15.902057,6.500782,0.356029,0.046914,11.438603,0.063051,38.008460
1403637184038319104.000000,0.000000,0.000000,15.643615,4.749662,0.207792,0.039618,10.787912,0.457057,33.979590
1403637184088318976.000000,0.000000,0.000000,16.556217,6.307046,0.212495,0.049151,12.392742,0.073769,40.797878
1403637184138319104.000000,0.000000,0.000000,16.163973,6.436747,0.187163,0.073755,14.562752,0.096259,41.386061
1403637184188318976.000000,0.000000,0.000000,15.991367,8.378340,0.198187,0.067876,13.120090,0.075892,45.077062
1403637184238319104.000000,0.000000,0.000000,16.168222,4.350691,0.136004,0.047749,12.618520,0.065327,35.268305
1403637184288318976.000000,0.000000,0.000000,16.550411,6.888686,0.215421,0.052307,13.498873,0.059424,39.469330
1403637184338319104.000000,0.000000,0.000000,17.920025,4.765672,0.218909,0.050557,11.007577,0.060101,36.658317
1403637184388318976.000000,0.000000,0.000000,15.858075,4.983561,0.216034,0.045662,11.898656,0.057921,35.444983
1403637184438319104.000000,0.000000,0.000000,17.187120,7.621076,0.253008,0.040942,11.027246,0.060194,43.591204
1403637184488318976.000000,0.000000,0.000000,15.445295,4.911843,0.213875,0.044543,11.311122,0.060964,36.246618
1403637184538319104.000000,0.000000,0.000000,15.340005,5.665607,0.212380,0.047000,10.520967,0.422671,38.218077
1403637184588318976.000000,0.000000,0.000000,14.273551,4.834319,0.245595,0.050782,12.312605,0.079867,32.901838
1403637184638319104.000000,0.000000,0.000000,15.652654,7.277737,0.234281,0.067882,12.134595,0.076815,41.422162
1403637184688318976.000000,0.000000,0.000000,14.321519,5.700738,0.220478,0.073615,11.994896,0.073884,36.755226
1403637184738319104.000000,0.000000,0.000000,14.709037,5.766282,0.240548,0.060504,13.266177,0.075606,36.286445
1403637184788318976.000000,0.000000,0.000000,14.045904,6.744059,0.224705,0.070504,13.842919,0.072264,38.530331
1403637184838319104.000000,0.000000,0.000000,14.049319,5.659782,0.242599,0.045812,12.074411,0.067544,37.790983
1403637184888318976.000000,0.000000,0.000000,13.485258,5.311065,0.214846,0.047609,12.906047,0.069628,36.466204
1403637184938319104.000000,0.000000,0.000000,13.446218,7.020958,0.229514,0.047446,13.622720,0.072874,38.700696
1403637184988318976.000000,0.000000,0.000000,13.927760,5.924422,0.239558,0.054009,12.923185,0.564282,36.718918
1403637185038319104.000000,0.000000,0.000000,13.243805,6.470470,0.134669,0.055747,11.361850,0.080501,37.673439
1403637185088318976.000000,0.000000,0.000000,13.970501,4.980831,0.439041,0.060324,11.695592,0.077300,35.815573
1403637185138319104.000000,0.000000,0.000000,13.930155,5.968665,0.270274,0.069776,13.264513,0.084745,36.379487
1403637185188318976.000000,0.000000,0.000000,14.581661,6.697846,0.242562,0.044316,11.580164,0.069324,38.350038
1403637185238319104.000000,0.000000,0.000000,14.388437,6.582410,0.245347,0.082685,13.905589,0.078737,39.591989
1403637185288318976.000000,0.000000,0.000000,14.129324,6.454693,0.262524,0.068017,12.856210,0.068107,39.306788
1403637185338319104.000000,0.000000,0.000000,14.277880,6.686606,0.258010,0.097444,10.941879,0.087331,38.711546
1403637185388318976.000000,0.000000,0.000000,13.189866,5.237475,0.226567,0.042754,10.970499,0.062470,33.788775
1403637185438319104.000000,0.000000,0.000000,14.860506,6.786532,0.211361,0.039310,9.707743,0.057008,40.975168
1403637185488318976.000000,0.000000,0.000000,13.822331,6.820099,0.236997,0.042206,10.494673,0.599126,39.981033
1403637185538319104.000000,0.000000,0.000000,13.497708,6.240412,0.243106,0.059300,14.028817,0.090134,37.638623
1403637185588318976.000000,0.000000,0.000000,14.172549,5.017205,0.237541,0.078867,13.574234,0.101561,35.540508
1403637185638319104.000000,0.000000,0.000000,13.944372,4.789979,0.237796,0.049072,12.271071,0.080054,34.056687
1403637185688318976.000000,0.000000,0.000000,14.051912,4.652149,0.227394,0.053318,10.793076,0.062175,35.226582
1403637185738319104.000000,0.000000,0.000000,13.327311,6.580966,0.250439,0.073781,12.674988,0.072997,39.540234
1403637185788318976.000000,0.000000,0.000000,13.923032,6.938440,0.260272,0.071684,11.005134,0.068925,40.323697
1403637185838319104.000000,0.000000,0.000000,13.694191,4.894481,0.260484,0.066065,10.763948,0.066686,33.862083
1403637185888318976.000000,0.000000,0.000000,14.712827,6.511331,0.265117,0.048513,10.411076,0.075168,39.035920
1403637185938319104.000000,0.000000,0.000000,13.684479,4.850862,0.229444,0.041030,10.577733,0.069320,33.459777
1403637185988318976.000000,0.000000,0.000000,13.542937,6.365898,0.260203,0.038338,9.466551,0.536038,35.494625
1403637186038319104.000000,0.000000,0.000000,13.924411,5.116691,0.213715,0.052254,13.953392,0.088735,34.577926
1403637186088318976.000000,0.000000,0.000000,13.704019,6.860957,0.227011,0.070680,11.422352,0.099081,38.949614
1403637186138319104.000000,0.000000,0.000000,14.681025,5.102473,0.221804,0.065284,12.172529,0.078128,37.102847
1403637186188318976.000000,0.000000,0.000000,14.689831,7.030827,0.134312,0.044363,9.334063,0.077806,40.826626
1403637186238319104.000000,0.000000,0.000000,13.716231,5.308035,0.342785,0.045061,9.569590,0.062345,38.288608
1403637186288318976.000000,0.000000,0.000000,13.496423,5.925096,0.252924,0.036777,9.084506,0.058671,36.795239
1403637186338319104.000000,0.000000,0.000000,14.109504,5.099689,0.233217,0.038581,10.168683,0.066301,35.345788
1403637186388318976.000000,0.000000,0.000000,14.589768,5.631391,0.236597,0.037424,9.514167,0.064984,38.592433
1403637186438319104.000000,0.000000,0.000000,14.407468,9.462882,0.238388,0.049269,12.561954,0.662903,45.326815
1403637186488318976.000000,0.000000,0.000000,14.324626,5.515921,0.209910,0.078690,14.774984,0.091901,38.125469
1403637186538319104.000000,0.000000,0.000000,14.706192,5.668106,0.218775,0.084789,13.921606,0.097860,40.804217
1403637186588318976.000000,0.000000,0.000000,15.028605,4.988485,0.300923,0.071528,12.216818,0.083564,37.453786
1403637186638319104.000000,0.000000,0.000000,14.409220,4.902735,0.222708,0.043842,9.179275,0.075354,35.243936
1403637186688318976.000000,0.000000,0.000000,14.430073,5.282312,0.239177,0.067995,11.737513,0.071523,36.086171
1403637186738319104.000000,0.000000,0.000000,13.698667,4.991441,0.230054,0.074659,13.140960,0.073533,35.133486
1403637186788318976.000000,0.000000,0.000000,15.563991,10.688842,0.275921,0.073681,9.998080,0.538456,46.768724
1403637186838319104.000000,0.000000,0.000000,14.044528,5.725864,0.221483,0.064376,12.464296,0.082144,37.711809
1403637186888318976.000000,0.000000,0.000000,14.417016,5.913441,0.236105,0.090992,13.598105,0.093498,37.727369
1403637186938319104.000000,0.000000,0.000000,15.840555,5.445068,0.215242,0.071050,12.777879,0.110498,38.452532
1403637186988318976.000000,0.000000,0.000000,15.019081,6.661259,0.268343,0.041899,9.644415,0.088725,38.782633
1403637187038319104.000000,0.000000,0.000000,14.669698,5.516272,0.259926,0.047719,11.047213,0.069876,36.634103
1403637187088318976.000000,0.000000,0.000000,14.755375,4.637871,0.263607,0.063870,10.603585,0.059501,34.362366
1403637187138319104.000000,0.000000,0.000000,15.160424,6.429102,0.226894,0.067013,11.372908,0.095387,37.422116
1403637187188318976.000000,0.000000,0.000000,14.780403,6.909069,0.222462,0.064383,12.460820,0.070601,42.341756
1403637187238319104.000000,0.000000,0.000000,14.456504,7.180381,0.215838,0.064262,11.811255,0.570077,40.696077
1403637187288318976.000000,0.000000,0.000000,16.428790,7.174526,0.222046,0.062049,12.897178,0.077769,42.640452
1403637187338319104.000000,0.000000,0.000000,15.229043,6.602716,0.247188,0.079845,13.621521,0.093853,38.782030
1403637187388318976.000000,0.000000,0.000000,15.143051,5.106197,0.229219,0.077342,13.430101,0.094297,36.312198
1403637187438319104.000000,0.000000,0.000000,15.295514,5.373155,0.233723,0.057210,11.980891,0.092833,36.007463
1403637187488318976.000000,0.000000,0.000000,15.033119,4.740963,0.226438,0.047270,10.483646,0.074231,34.416476
1403637187538319104.000000,0.000000,0.000000,14.603298,7.208333,0.207553,0.070917,11.832657,0.105685,38.835784
1403637187588318976.000000,0.000000,0.000000,16.231023,5.354137,0.211126,0.059727,11.964381,0.610625,37.935543
1403637187638319104.000000,0.000000,0.000000,15.423910,9.004675,0.229024,0.054898,10.620527,0.101037,40.819836
1403637187688318976.000000,0.000000,0.000000,15.042779,5.304194,0.241329,0.075237,10.882730,0.076945,36.519669
1403637187738319104.000000,0.000000,0.000000,15.855598,5.175857,0.217412,0.067855,12.456098,0.088018,35.167258
1403637187788318976.000000,0.000000,0.000000,15.666333,5.424453,0.212520,0.050584,10.627134,0.588287,37.491298
1403637187838319104.000000,0.000000,0.000000,16.009188,4.548904,0.214632,0.039083,9.636725,0.086520,34.446725
1403637187888318976.000000,0.000000,0.000000,15.643462,7.579716,0.274176,0.066440,10.222288,0.071929,40.277582
1403637187938319104.000000,0.000000,0.000000,16.996461,5.094895,0.245814,0.034504,8.779370,0.067742,36.972894
1403637187988318976.000000,0.000000,0.000000,17.168304,5.291284,0.240906,0.043568,12.101748,0.074886,37.598591
1403637188038319104.000000,0.000000,0.000000,16.644095,5.202531,0.217394,0.048439,9.501256,0.478974,37.772743
1403637188088318976.000000,0.000000,0.000000,16.279393,6.538980,0.194027,0.055634,9.860509,0.066311,41.979654
1403637188138319104.000000,0.000000,0.000000,15.705540,6.731800,0.214134,0.077016,12.531607,0.101970,39.815215
1403637188188318976.000000,0.000000,0.000000,15.258290,7.485807,0.196779,0.064209,12.074159,0.082257,39.093449
1403637188238319104.000000,0.000000,0.000000,15.183912,7.192918,0.201056,0.032519,8.093846,0.055344,39.570163
1403637188288318976.000000,0.000000,0.000000,15.844723,4.998501,0.213796,0.043306,11.556753,0.091609,35.961316
1403637188338319104.000000,0.000000,0.000000,15.505464,6.849454,0.198039,0.034415,10.010851,0.063655,38.061434
1403637188388318976.000000,0.000000,0.000000,16.055640,6.394349,0.201556,0.082634,12.243563,0.667341,36.956497
1403637188438319104.000000,0.000000,0.000000,15.629575,5.387409,0.206268,0.065813,11.327874,0.089358,36.365884
1403637188488318976.000000,0.000000,0.000000,15.962700,5.108846,0.221738,0.085480,11.695781,0.136347,35.240867
1403637188538319104.000000,0.000000,0.000000,16.395131,5.310068,0.207542,0.071512,12.004979,0.107286,38.237231
1403637188588318976.000000,0.000000,0.000000,16.345664,5.700880,0.184276,0.058515,11.681161,0.122412,38.327806
1403637188638319104.000000,0.000000,0.000000,16.088212,5.730164,0.207108,0.054331,12.507134,0.074038,37.420300
1403637188688318976.000000,0.000000,0.000000,17.052917,7.198244,0.228152,0.047333,10.925131,0.069712,42.228395
1403637188738319104.000000,0.000000,0.000000,15.441421,6.767383,0.216357,0.042807,9.661947,0.059398,39.972380
1403637188788318976.000000,0.000000,0.000000,17.360348,5.263286,0.201066,0.040701,9.497868,0.059733,38.796384
1403637188838319104.000000,0.000000,0.000000,15.393664,6.683229,0.215873,0.070909,13.103650,0.082095,39.139834
1403637188888318976.000000,0.000000,0.000000,15.589474,7.452872,0.209228,0.049440,10.358961,0.511260,40.845413
1403637188938319104.000000,0.000000,0.000000,15.678335,7.011537,0.208854,0.066968,10.999278,0.087808,39.601444
1403637188988318976.000000,0.000000,0.000000,16.397496,4.914741,0.231424,0.084926,11.275253,0.081220,36.669523
1403637189038319104.000000,0.000000,0.000000,14.904181,5.617220,0.201616,0.066521,10.457906,0.069808,35.912021
1403637189088318976.000000,0.000000,0.000000,14.780730,6.942614,0.298779,0.048706,9.184342,0.059358,38.689401
1403637189138319104.000000,0.000000,0.000000,14.649927,7.691443,0.172746,0.042297,10.097482,0.063673,38.309386
1403637189188318976.000000,0.000000,0.000000,14.788129,9.600684,0.175382,0.060814,12.516724,0.069731,42.594906
1403637189238319104.000000,0.000000,0.000000,14.788756,8.674833,0.178745,0.044236,10.067964,0.501232,40.703144
1403637189288318976.000000,0.000000,0.000000,16.192642,8.519642,0.208647,0.065508,10.838701,0.082395,40.551689
1403637189338319104.000000,0.000000,0.000000,15.127599,5.584074,0.205534,0.076917,13.008982,0.111315,35.699334
1403637189388318976.000000,0.000000,0.000000,14.669617,4.852322,0.185205,0.069969,13.024056,0.102582,32.327435
1403637189438319104.000000,0.000000,0.000000,14.826479,5.541659,0.168697,0.057105,10.354466,0.084377,34.561486
1403637189488318976.000000,0.000000,0.000000,16.224215,7.671769,0.194023,0.034572,10.471639,0.500178,42.405457
1403637189538319104.000000,0.000000,0.000000,15.546266,7.431392,0.204126,0.049790,11.117250,0.095914,40.400908
1403637189588318976.000000,0.000000,0.000000,14.554558,7.067898,0.166112,0.075225,12.982850,0.103650,38.379473
1403637189638319104.000000,0.000000,0.000000,15.935613,5.162360,0.159570,0.073948,12.921609,0.085558,35.746567
1403637189688318976.000000,0.000000,0.000000,14.544403,7.514003,0.163898,0.051850,11.517750,0.076682,38.910394
1403637189738319104.000000,0.000000,0.000000,14.433433,4.945297,0.168963,0.042512,9.684448,0.547822,33.770254
1403637189788318976.000000,0.000000,0.000000,15.617449,5.053533,0.205174,0.077248,13.260776,0.108596,35.044974
1403637189838319104.000000,0.000000,0.000000,14.389006,5.228558,0.173792,0.076890,13.443905,0.094470,33.930550
1403637189888318976.000000,0.000000,0.000000,14.409483,5.333916,0.184941,0.067240,12.263810,0.078892,33.536126
1403637189938319104.000000,0.000000,0.000000,14.386773,4.776414,0.173666,0.054877,12.905410,0.082526,32.146768
1403637189988318976.000000,0.000000,0.000000,14.715194,7.677029,0.167026,0.054676,12.194580,0.586580,40.888428
1403637190038319104.000000,0.000000,0.000000,14.350390,5.683938,0.147503,0.065874,14.259806,0.115741,35.933035
1403637190088318976.000000,0.000000,0.000000,14.135008,8.708802,0.156154,0.088465,10.597463,0.102690,38.565101
1403637190138319104.000000,0.000000,0.000000,15.640661,5.007929,0.168393,0.078811,10.919510,0.093575,33.816455
1403637190188318976.000000,0.000000,0.000000,13.465087,4.734765,0.191292,0.038467,10.396156,0.586971,31.310774
1403637190238319104.000000,0.000000,0.000000,13.721635,4.562269,0.118546,0.077778,12.290954,0.079250,30.313064
1403637190288318976.000000,0.000000,0.000000,13.865489,5.568062,0.118536,0.068291,11.201525,0.091686,33.137105
1403637190338319104.000000,0.000000,0.000000,13.853054,4.867382,0.130434,0.075504,12.587651,0.072946,31.992958
1403637190388318976.000000,0.000000,0.000000,13.533747,7.763015,0.157720,0.046507,9.555448,0.059119,37.669131
1403637190438319104.000000,0.000000,0.000000,13.855484,7.745200,0.111533,0.041027,8.883378,0.457543,40.811420
1403637190488318976.000000,0.000000,0.000000,14.325045,7.613491,0.161259,0.054066,10.667007,0.078924,40.202036
1403637190538319104.000000,0.000000,0.000000,13.664205,7.445352,0.148887,0.072749,12.898826,0.108435,37.386882
1403637190588318976.000000,0.000000,0.000000,13.929458,5.091109,0.139416,0.073459,13.639524,0.095752,31.879449
1403637190638319104.000000,0.000000,0.000000,14.670119,7.313294,0.182501,0.055952,11.487256,0.089001,37.794847
1403637190688318976.000000,0.000000,0.000000,13.997774,5.425802,0.155278,0.048476,11.943582,0.657409,36.329932
1403637190738319104.000000,0.000000,0.000000,12.548582,6.236229,0.154142,0.057842,10.364186,0.087092,32.535820
1403637190788318976.000000,0.000000,0.000000,16.170908,5.459963,0.173752,0.066153,11.181202,0.095533,37.787293
1403637190838319104.000000,0.000000,0.000000,13.626955,8.828241,0.166827,0.071478,12.606856,0.091903,40.601323
1403637190888318976.000000,0.000000,0.000000,12.920870,7.325548,0.160270,0.042030,8.375278,0.506504,36.824482
1403637190938319104.000000,0.000000,0.000000,15.045456,5.399893,0.165550,0.079901,13.121266,0.090740,33.463453
1403637190988318976.000000,0.000000,0.000000,13.441619,5.971524,0.166515,0.063855,9.663602,0.074788,34.184595
1403637191038319104.000000,0.000000,0.000000,14.776103,5.186165,0.101989,0.058041,9.461185,0.076757,34.403095
1403637191088318976.000000,0.000000,0.000000,14.426089,5.282527,0.127714,0.035282,8.954603,0.589341,34.690146
1403637191138319104.000000,0.000000,0.000000,12.622108,5.571346,0.176363,0.076491,9.610733,0.071663,33.138329
1403637191188318976.000000,0.000000,0.000000,13.376033,6.264456,0.112736,0.058652,10.019407,0.074985,36.136353
1403637191238319104.000000,0.000000,0.000000,13.769939,6.699118,0.147507,0.048659,11.810896,0.119428,37.112896
1403637191288318976.000000,0.000000,0.000000,13.873064,6.621944,0.174412,0.033939,9.118551,0.672913,38.269269
1403637191338319104.000000,0.000000,0.000000,13.607839,6.672188,0.169921,0.066680,9.530618,0.115514,38.190012
1403637191388318976.000000,0.000000,0.000000,13.932569,7.296682,0.155816,0.063187,12.229132,0.090183,37.355575
1403637191438319104.000000,0.000000,0.000000,13.436664,5.944670,0.152919,0.060592,9.910858,0.079137,33.953004
1403637191488318976.000000,0.000000,0.000000,14.302100,6.546905,0.187297,0.038700,8.566458,0.576370,36.720293
1403637191538319104.000000,0.000000,0.000000,13.281777,6.876724,0.170495,0.058609,9.851709,0.074866,36.412088
1403637191588318976.000000,0.000000,0.000000,13.930575,5.081057,0.090002,0.062120,10.285132,0.078046,33.072706
1403637191638319104.000000,0.000000,0.000000,13.046747,5.400829,0.156870,0.060517,9.804391,0.079615,32.807856
1403637191688318976.000000,0.000000,0.000000,13.019679,8.276071,0.143379,0.042996,8.263202,0.549542,38.046114
1403637191738319104.000000,0.000000,0.000000,13.787149,11.040891,0.173263,0.061439,11.625292,0.081165,40.059510
1403637191788318976.000000,0.000000,0.000000,13.288016,4.806655,0.166752,0.059943,9.790978,0.075584,31.871109
1403637191838319104.000000,0.000000,0.000000,14.279815,5.227798,0.079514,0.066349,11.249867,0.096415,33.999836
1403637191888318976.000000,0.000000,0.000000,14.321197,4.791516,0.175376,0.038255,11.193590,0.653467,31.933803
1403637191938319104.000000,0.000000,0.000000,13.236132,6.881479,0.166771,0.058471,13.363685,0.201469,36.492849
1403637191988318976.000000,0.000000,0.000000,13.494231,6.261234,0.142101,0.072301,12.030107,0.092570,32.789029
1403637192038319104.000000,0.000000,0.000000,12.734984,4.754983,0.157209,0.052025,12.353881,0.130715,31.225962
1403637192088318976.000000,0.000000,0.000000,13.600969,8.714436,0.147899,0.065257,12.499079,0.619146,38.500292
1403637192138319104.000000,0.000000,0.000000,13.478074,7.353167,0.188481,0.046116,8.798535,0.080022,37.184725
1403637192188318976.000000,0.000000,0.000000,13.185922,6.811473,0.090108,0.067502,12.139418,0.138498,31.343674
1403637192238319104.000000,0.000000,0.000000,13.037850,7.119361,0.090738,0.062908,9.345818,0.093036,35.382279
1403637192288318976.000000,0.000000,0.000000,13.697426,5.806799,0.159764,0.046986,9.546712,0.604708,33.419451
1403637192338319104.000000,0.000000,0.000000,13.843394,7.784757,0.173938,0.057393,8.592918,0.066591,38.206362
1403637192388318976.000000,0.000000,0.000000,13.637287,5.432365,0.173627,0.060359,11.955307,0.102112,34.644489
1403637192438319104.000000,0.000000,0.000000,14.511150,6.074755,0.146318,0.039683,10.638841,0.096170,36.599176
1403637192488318976.000000,0.000000,0.000000,13.090531,6.524273,0.172706,0.044736,8.615837,0.481663,35.286941
1403637192538319104.000000,0.000000,0.000000,12.980025,7.293306,0.149601,0.075390,11.388964,0.084136,35.808087
1403637192588318976.000000,0.000000,0.000000,13.347624,8.898457,0.179590,0.052521,8.614345,0.062933,37.955486
1403637192638319104.000000,0.000000,0.000000,13.478352,6.734120,0.157916,0.038351,9.411710,0.074342,34.236028
1403637192688318976.000000,0.000000,0.000000,13.945670,4.537319,0.097192,0.035527,11.444128,0.616769,31.604920
1403637192738319104.000000,0.000000,0.000000,13.272824,5.315221,0.088221,0.033787,11.454264,0.089350,31.802535
1403637192788318976.000000,0.000000,0.000000,15.081644,7.607275,0.150858,0.052459,9.569801,0.076893,39.293836
1403637192838319104.000000,0.000000,0.000000,14.560175,5.333451,0.151558,0.042449,13.413316,0.081047,34.597262
1403637192888318976.000000,0.000000,0.000000,13.746159,4.537829,0.135632,0.050557,10.895867,0.584577,33.227171
1403637192938319104.000000,0.000000,0.000000,13.744122,5.552334,0.177156,0.071503,12.361173,0.093777,34.098357
1403637192988318976.000000,0.000000,0.000000,13.795284,6.343615,0.147428,0.058751,12.169972,0.155673,34.117415
1403637193038319104.000000,0.000000,0.000000,14.432654,5.304164,0.170277,0.053699,10.880982,0.125616,33.067078
1403637193088318976.000000,0.000000,0.000000,14.366595,5.000114,0.101412,0.038886,10.793117,0.653258,32.945067
1403637193138319104.000000,0.000000,0.000000,13.683158,6.936048,0.172112,0.030699,9.130876,0.078899,36.815206
1403637193188318976.000000,0.000000,0.000000,13.389118,5.146390,0.177977,0.053875,11.928722,0.107761,32.245616
1403637193238319104.000000,0.000000,0.000000,13.798917,5.022361,0.149217,0.039543,10.513817,0.077048,33.701901
1403637193288318976.000000,0.000000,0.000000,13.738725,6.716947,0.102986,0.025282,8.389454,0.556560,38.071410
1403637193338319104.000000,0.000000,0.000000,13.747555,6.672308,0.100373,0.033028,13.337113,0.120481,37.473190
1403637193388318976.000000,0.000000,0.000000,14.643877,7.358050,0.106315,0.047369,12.075117,0.101270,35.948281
1403637193438319104.000000,0.000000,0.000000,13.768503,5.466367,0.161740,0.034974,8.937474,0.079446,33.276541
1403637193488318976.000000,0.000000,0.000000,13.557741,5.552218,0.128193,0.021318,7.606732,0.679386,34.186492
1403637193538319104.000000,0.000000,0.000000,13.077254,6.837736,0.163797,0.030894,9.268979,0.076258,36.983429
1403637193588318976.000000,0.000000,0.000000,13.157170,7.732156,0.176040,0.044182,9.879360,0.087913,37.739160
1403637193638319104.000000,0.000000,0.000000,13.669223,7.662817,0.162712,0.041148,10.610116,0.143989,37.255164
1403637193688318976.000000,0.000000,0.000000,13.289184,5.355284,0.166278,0.029897,9.186940,0.675926,32.534664
1403637193738319104.000000,0.000000,0.000000,13.324557,7.173463,0.175935,0.049581,11.420424,0.080963,38.230607
1403637193788318976.000000,0.000000,0.000000,13.870918,7.689743,0.188323,0.053886,10.111918,0.103429,39.504815
1403637193838319104.000000,0.000000,0.000000,13.260027,7.268086,0.163527,0.038040,10.109789,0.078168,36.245537
1403637193888318976.000000,0.000000,0.000000,14.895060,8.454479,0.140505,0.022739,8.237018,0.609846,39.899675
1403637193938319104.000000,0.000000,0.000000,13.231281,8.248734,0.157535,0.033518,10.306141,0.085326,38.010016
1403637193988318976.000000,0.000000,0.000000,13.619116,7.857532,0.160150,0.050674,11.483658,0.091990,39.694050
1403637194038319104.000000,0.000000,0.000000,13.450862,4.950256,0.134344,0.044022,12.813567,0.097039,33.373712
1403637194088318976.000000,0.000000,0.000000,13.130228,6.815559,0.133388,0.031383,9.549181,0.727213,35.068266
1403637194138319104.000000,0.000000,0.000000,12.636796,7.072622,0.122222,0.036524,13.050128,0.087063,34.285985
1403637194188318976.000000,0.000000,0.000000,13.676214,7.989811,0.120398,0.048920,9.921694,0.071504,37.432077
1403637194238319104.000000,0.000000,0.000000,13.005870,5.764997,0.131592,0.026669,8.975505,0.064242,33.481481
1403637194288318976.000000,0.000000,0.000000,12.972516,6.142677,0.149671,0.029780,9.234747,0.509551,35.084318
1403637194338319104.000000,0.000000,0.000000,12.888455,4.899184,0.156781,0.048292,12.758330,0.085796,30.842825
1403637194388318976.000000,0.000000,0.000000,14.587525,4.989814,0.164671,0.054398,12.991556,0.096063,32.179820
1403637194438319104.000000,0.000000,0.000000,13.453844,5.567393,0.147390,0.047192,9.308839,0.575213,33.736811
1403637194488318976.000000,0.000000,0.000000,13.704653,7.696245,0.124532,0.042905,9.501011,0.075311,37.849602
1403637194538319104.000000,0.000000,0.000000,13.323075,8.305377,0.134439,0.052189,10.038107,0.105443,39.122014
1403637194588318976.000000,0.000000,0.000000,14.113958,8.338895,0.143459,0.066850,11.504945,0.086959,37.734894
1403637194638319104.000000,0.000000,0.000000,13.429540,8.154046,0.119768,0.032069,7.404703,0.448430,37.945086
1403637194688318976.000000,0.000000,0.000000,13.432110,5.482162,0.089188,0.057855,11.356442,0.085219,33.030963
1403637194738319104.000000,0.000000,0.000000,13.459281,5.705263,0.079308,0.053369,11.324114,0.091991,33.749059
1403637194788318976.000000,0.000000,0.000000,13.775830,7.966402,0.113644,0.032606,10.964541,0.624376,37.774935
1403637194838319104.000000,0.000000,0.000000,13.597265,5.386896,0.112016,0.037749,8.176353,0.063786,31.292724
1403637194888318976.000000,0.000000,0.000000,14.016567,8.132621,0.085696,0.048928,9.008474,0.133801,39.631843
1403637194938319104.000000,0.000000,0.000000,13.539580,5.363707,0.072957,0.050339,8.335830,0.081758,32.335785
1403637194988318976.000000,0.000000,0.000000,13.848768,7.966303,0.131901,0.026891,7.947941,0.479776,36.908658
1403637195038319104.000000,0.000000,0.000000,12.879077,5.172154,0.116703,0.046238,10.320794,0.074093,30.564903
1403637195088318976.000000,0.000000,0.000000,13.069918,5.216597,0.112090,0.052437,12.775421,0.089562,31.206454
1403637195138319104.000000,0.000000,0.000000,13.069387,5.690875,0.080367,0.028043,6.737763,0.456902,32.821890
1403637195188318976.000000,0.000000,0.000000,14.387145,7.821261,0.110660,0.045747,8.779014,0.063750,41.922127
1403637195238319104.000000,0.000000,0.000000,12.583918,5.028212,0.116867,0.056019,10.774843,0.076729,31.009278
1403637195288318976.000000,0.000000,0.000000,14.169870,5.154749,0.113337,0.028813,9.539822,0.629945,32.277444
1403637195338319104.000000,0.000000,0.000000,13.188856,7.443780,0.111568,0.052823,9.871169,0.076061,36.622645
1403637195388318976.000000,0.000000,0.000000,14.308949,5.861732,0.123562,0.064001,9.264580,0.078439,33.327170
1403637195438319104.000000,0.000000,0.000000,13.259368,5.795946,0.114226,0.034827,11.813130,0.660192,31.547675
1403637195488318976.000000,0.000000,0.000000,14.156704,5.479664,0.075810,0.049432,11.976437,0.084561,33.290167
1403637195538319104.000000,0.000000,0.000000,14.252513,5.681535,0.108008,0.059099,10.827137,0.098191,34.000954
1403637195588318976.000000,0.000000,0.000000,13.749324,5.292221,0.135612,0.057717,7.399263,0.599141,32.845348
1403637195638319104.000000,0.000000,0.000000,12.490463,7.374495,0.130492,0.075377,10.702585,0.134845,32.285998
1403637195688318976.000000,0.000000,0.000000,12.922477,6.556577,0.139386,0.063915,11.569205,0.135277,35.257375
1403637195738319104.000000,0.000000,0.000000,13.027268,5.551434,0.151617,0.035786,9.299172,0.083351,31.775163
1403637195788318976.000000,0.000000,0.000000,12.518851,7.971935,0.146388,0.036325,10.767575,0.777944,35.923215
1403637195838319104.000000,0.000000,0.000000,12.964192,7.924111,0.139287,0.047777,11.967111,0.096944,36.098809
1403637195888318976.000000,0.000000,0.000000,12.898282,7.830657,0.076045,0.051054,11.308704,0.113215,38.532402
1403637195938319104.000000,0.000000,0.000000,13.390503,7.589466,0.082458,0.049022,10.781953,0.891664,36.908379
1403637195988318976.000000,0.000000,0.000000,13.495436,7.906047,0.073100,0.058957,12.291584,0.091697,42.172102
1403637196038319104.000000,0.000000,0.000000,14.419150,7.925909,0.120478,0.044440,9.235769,0.124697,39.529975
1403637196088318976.000000,0.000000,0.000000,12.526998,4.794134,0.119746,0.039993,10.900151,0.899440,29.603118
1403637196138319104.000000,0.000000,0.000000,13.651523,7.468150,0.129789,0.072275,8.703573,0.091202,37.598717
1403637196188318976.000000,0.000000,0.000000,13.108231,4.909926,0.128000,0.051313,10.167814,0.092842,30.846267
1403637196238319104.000000,0.000000,0.000000,12.571334,7.422663,0.106843,0.051799,8.883264,0.086345,34.020094
1403637196288318976.000000,0.000000,0.000000,13.329904,4.662450,0.086875,0.027883,6.495800,0.431258,29.756031
1403637196338319104.000000,0.000000,0.000000,13.710375,7.984309,0.112079,0.046981,7.069438,0.056340,37.843548
1403637196388318976.000000,0.000000,0.000000,12.400382,6.746670,0.141178,0.031959,6.430609,0.053388,33.720964
1403637196438319104.000000,0.000000,0.000000,13.239019,5.306611,0.134585,0.025699,7.882128,0.642825,30.898516
1403637196488318976.000000,0.000000,0.000000,12.927516,7.805828,0.072975,0.079900,11.188647,0.090420,36.282257
1403637196538319104.000000,0.000000,0.000000,12.650914,5.185139,0.109333,0.048635,10.312393,0.088296,29.646519
1403637196588318976.000000,0.000000,0.000000,13.049161,7.342754,0.220998,0.024697,6.201761,0.442537,33.076070
1403637196638319104.000000,0.000000,0.000000,12.690292,8.666281,0.140692,0.072229,10.490348,0.080689,36.569548
1403637196688318976.000000,0.000000,0.000000,13.719666,4.719689,0.150421,0.063522,10.917869,0.108639,33.612108
1403637196738319104.000000,0.000000,0.000000,13.239430,4.923062,0.147173,0.031478,6.421655,0.413108,31.532214
1403637196788318976.000000,0.000000,0.000000,12.840761,9.286129,0.149098,0.068207,12.272183,0.094550,42.592493
1403637196838319104.000000,0.000000,0.000000,12.837687,8.112138,0.147586,0.058825,10.933425,0.079512,35.476397
1403637196888318976.000000,0.000000,0.000000,13.828669,7.970238,0.114659,0.047257,10.367481,0.071577,38.283269
1403637196938319104.000000,0.000000,0.000000,13.481780,7.591777,0.159696,0.065315,8.165612,0.444567,37.595400
1403637196988318976.000000,0.000000,0.000000,13.124709,7.744575,0.167230,0.049859,11.437116,0.104686,35.528091
1403637197038319104.000000,0.000000,0.000000,12.450650,7.733074,0.118058,0.070359,12.606507,0.096873,34.957149
1403637197088318976.000000,0.000000,0.000000,12.955439,4.670462,0.081070,0.035372,7.585653,0.076200,30.556765
1403637197138319104.000000,0.000000,0.000000,12.990103,8.092176,0.170422,0.047913,10.939088,0.075789,37.209877
1403637197188318976.000000,0.000000,0.000000,13.476996,7.764684,0.126038,0.041478,8.339305,0.060318,35.143631
1403637197238319104.000000,0.000000,0.000000,13.545316,5.759372,0.144751,0.040911,8.176390,0.365331,32.061305
1403637197288318976.000000,0.000000,0.000000,13.611501,5.486611,0.132717,0.047154,11.758534,0.082987,36.458932
1403637197338319104.000000,0.000000,0.000000,13.212936,8.890850,0.149139,0.077674,11.676309,0.082626,38.545767
1403637197388318976.000000,0.000000,0.000000,13.119026,5.394256,0.153897,0.070615,7.584175,0.060514,30.743464
1403637197438319104.000000,0.000000,0.000000,13.228985,5.063451,0.170135,0.038632,8.501496,0.409334,30.208944
1403637197488318976.000000,0.000000,0.000000,12.689066,4.991091,0.168748,0.050404,12.229819,0.086768,30.872423
1403637197538319104.000000,0.000000,0.000000,15.043617,4.680331,0.162318,0.065135,9.531503,0.077922,33.131714
1403637197588318976.000000,0.000000,0.000000,14.456069,4.790338,0.175836,0.048771,10.961098,0.081916,33.807977
1403637197638319104.000000,0.000000,0.000000,13.161007,5.227684,0.179768,0.054865,11.782141,0.088603,31.919035
1403637197688318976.000000,0.000000,0.000000,14.632263,5.223153,0.172753,0.055107,12.980179,0.547739,35.152761
1403637197738319104.000000,0.000000,0.000000,13.848793,4.750973,0.179948,0.051409,10.177329,0.085761,32.461670
1403637197788318976.000000,0.000000,0.000000,13.610870,4.625389,0.189857,0.095528,12.967533,0.090115,32.344255
1403637197838319104.000000,0.000000,0.000000,14.422194,4.720342,0.163871,0.070717,11.765987,0.079729,31.498122
1403637197888318976.000000,0.000000,0.000000,13.877077,4.952777,0.151529,0.094399,11.505737,0.069738,33.456192
1403637197938319104.000000,0.000000,0.000000,14.139996,5.217923,0.152289,0.051190,11.996227,0.074540,34.886475
1403637197988318976.000000,0.000000,0.000000,15.524741,6.458988,0.160165,0.046924,9.509448,0.059637,38.630810
1403637198038319104.000000,0.000000,0.000000,14.298239,5.130085,0.158162,0.042468,9.775076,0.061034,33.626594
1403637198088318976.000000,0.000000,0.000000,14.049231,5.353962,0.097712,0.043332,9.248094,0.057212,36.100203
1403637198138319104.000000,0.000000,0.000000,14.387609,5.010751,0.105148,0.044965,9.595992,0.060769,32.902805
1403637198188318976.000000,0.000000,0.000000,13.838222,5.193810,0.141997,0.076231,9.709039,0.470655,32.257618
1403637198238319104.000000,0.000000,0.000000,14.113357,4.792005,0.151616,0.077628,14.405332,0.098110,31.999910
1403637198288318976.000000,0.000000,0.000000,14.079265,6.825749,0.146228,0.076387,9.957704,0.106114,37.616080
1403637198338319104.000000,0.000000,0.000000,13.591109,7.572342,0.176323,0.040170,10.769452,0.094869,37.895993
1403637198388318976.000000,0.000000,0.000000,14.430280,5.582675,0.157625,0.039960,9.376169,0.064195,33.316911
1403637198438319104.000000,0.000000,0.000000,14.589321,5.034988,0.174258,0.054598,9.596775,0.062713,32.664724
1403637198488318976.000000,0.000000,0.000000,14.115646,5.336788,0.159892,0.079136,14.898288,0.078889,33.896889
1403637198538319104.000000,0.000000,0.000000,14.131775,7.449425,0.132011,0.075000,10.048385,0.065345,36.928484
1403637198588318976.000000,0.000000,0.000000,15.486109,8.668887,0.126877,0.065717,10.455274,0.077469,35.430977
1403637198638319104.000000,0.000000,0.000000,14.399306,7.671476,0.123603,0.056814,9.659898,0.063862,37.831627
1403637198688318976.000000,0.000000,0.000000,14.919572,7.363060,0.136714,0.060243,10.311209,0.454908,37.662363
1403637198738319104.000000,0.000000,0.000000,13.987567,5.345397,0.118333,0.055120,10.600569,0.086766,35.100974
1403637198788318976.000000,0.000000,0.000000,14.742981,4.721739,0.138575,0.085596,13.016567,0.089643,31.704295
1403637198838319104.000000,0.000000,0.000000,14.487618,5.179958,0.152893,0.080061,12.188620,0.081903,32.344192
1403637198888318976.000000,0.000000,0.000000,17.208203,5.480281,0.122252,0.056630,9.457085,0.086691,35.166674
1403637198938319104.000000,0.000000,0.000000,13.538682,5.085903,0.124246,0.055520,9.985949,0.072002,30.095025
1403637198988318976.000000,0.000000,0.000000,13.780677,7.396884,0.147619,0.062177,12.543879,0.075904,34.992766
1403637199038319104.000000,0.000000,0.000000,15.054478,8.684056,0.125066,0.065868,10.351146,0.064773,40.503276
1403637199088318976.000000,0.000000,0.000000,14.118051,4.745858,0.101273,0.061807,10.255817,0.064925,29.932810
1403637199138319104.000000,0.000000,0.000000,13.470376,5.061575,0.089658,0.070352,12.882391,0.099626,30.958671
1403637199188318976.000000,0.000000,0.000000,14.276535,7.175292,0.154347,0.086138,10.923482,0.454672,35.750504
1403637199238319104.000000,0.000000,0.000000,14.337654,6.641638,0.091720,0.039306,10.051546,0.074715,34.601913
1403637199288318976.000000,0.000000,0.000000,13.640618,8.089288,0.111806,0.082681,10.913927,0.122939,35.895013
1403637199338319104.000000,0.000000,0.000000,14.246168,8.206678,0.128822,0.080632,11.122770,0.094793,36.050574
1403637199388318976.000000,0.000000,0.000000,13.568991,8.002208,0.077818,0.045646,10.170297,0.064347,37.372140
1403637199438319104.000000,0.000000,0.000000,13.699983,7.505457,0.157658,0.083437,11.039699,0.064017,37.089414
1403637199488318976.000000,0.000000,0.000000,13.543369,8.172089,0.147637,0.049026,9.601819,0.064496,36.377213
1403637199538319104.000000,0.000000,0.000000,14.121199,5.175178,0.161869,0.061992,12.910364,0.073641,30.799022
1403637199588318976.000000,0.000000,0.000000,14.278220,5.319118,0.103993,0.048276,9.674239,0.077622,34.288275
1403637199638319104.000000,0.000000,0.000000,16.508720,10.274545,0.162880,0.045205,9.764122,0.066397,42.160121
1403637199688318976.000000,0.000000,0.000000,13.730285,7.437768,0.170407,0.069221,11.710241,0.505879,34.459321
1403637199738319104.000000,0.000000,0.000000,13.972836,8.516131,0.105320,0.053789,11.381896,0.076007,37.560107
1403637199788318976.000000,0.000000,0.000000,13.676104,7.882733,0.147863,0.078222,11.138585,0.093745,37.426188
1403637199838319104.000000,0.000000,0.000000,13.643818,7.785352,0.163687,0.062179,13.284258,0.094316,37.140846
1403637199888318976.000000,0.000000,0.000000,14.154274,8.574968,0.134990,0.064927,12.904579,0.101464,39.020277
1403637199938319104.000000,0.000000,0.000000,14.296032,9.443387,0.187268,0.083704,11.209619,0.067917,40.325419
1403637199988318976.000000,0.000000,0.000000,14.291346,5.670992,0.171401,0.094030,10.386109,0.073841,32.871142
1403637200038319104.000000,0.000000,0.000000,14.434479,7.815628,0.142777,0.087041,12.905833,0.078024,38.337564
1403637200088318976.000000,0.000000,0.000000,14.395139,5.339041,0.126611,0.073923,10.552850,0.097871,32.202200
1403637200138319104.000000,0.000000,0.000000,15.269386,8.025633,0.122387,0.081397,13.244079,0.106933,37.651044
1403637200188318976.000000,0.000000,0.000000,14.566574,7.605167,0.169891,0.068899,12.859256,0.517817,35.519375
1403637200238319104.000000,0.000000,0.000000,14.567857,4.587808,0.098510,0.069780,13.600368,0.083636,29.813894
1403637200288318976.000000,0.000000,0.000000,16.050056,5.038314,0.160174,0.085791,14.001831,0.161446,31.550058
1403637200338319104.000000,0.000000,0.000000,16.771384,5.151747,0.116854,0.078181,11.764816,0.135131,31.960513
1403637200388318976.000000,0.000000,0.000000,15.850306,7.716769,0.155249,0.073857,10.803455,0.102785,35.849624
1403637200438319104.000000,0.000000,0.000000,15.603257,8.571075,0.156275,0.063831,12.890005,0.077072,39.403069
1403637200488318976.000000,0.000000,0.000000,15.672236,8.158875,0.122347,0.080487,11.208184,0.066774,38.491244
1403637200538319104.000000,0.000000,0.000000,15.703573,4.624125,0.167496,0.084606,11.272621,0.066412,30.449835
1403637200588318976.000000,0.000000,0.000000,18.053886,8.002537,0.153139,0.073715,10.943923,0.065922,40.021329
1403637200638319104.000000,0.000000,0.000000,15.686452,8.083908,0.174751,0.084589,11.196518,0.068386,38.236018
1403637200688318976.000000,0.000000,0.000000,16.620211,5.017007,0.153263,0.084803,11.244596,0.445614,31.469120
1403637200738319104.000000,0.000000,0.000000,16.194717,8.676271,0.148995,0.058820,12.072251,0.101011,41.191160
1403637200788318976.000000,0.000000,0.000000,16.347021,7.478031,0.153825,0.085411,12.472104,0.124757,39.110114
1403637200838319104.000000,0.000000,0.000000,16.315356,8.301880,0.122030,0.100183,13.158502,0.115923,38.701551
1403637200888318976.000000,0.000000,0.000000,16.544474,8.748939,0.141964,0.050599,10.623373,0.080893,37.894445
1403637200938319104.000000,0.000000,0.000000,16.534822,7.836809,0.112460,0.092233,11.809623,0.082831,39.327517
1403637200988318976.000000,0.000000,0.000000,17.142852,6.547242,0.118419,0.092042,11.711496,0.098638,40.259666
1403637201038319104.000000,0.000000,0.000000,16.725788,5.698838,0.140684,0.094740,12.666770,0.079673,33.894039
1403637201088318976.000000,0.000000,0.000000,15.915526,7.484339,0.145076,0.088843,13.274241,0.088339,38.182539
1403637201138319104.000000,0.000000,0.000000,17.509087,5.806201,0.118141,0.094545,11.966775,0.078260,35.087954
1403637201188318976.000000,0.000000,0.000000,16.524382,5.023382,0.109133,0.094075,14.731650,0.561974,32.982645
1403637201238319104.000000,0.000000,0.000000,17.206785,7.081479,0.155160,0.064738,14.249284,0.108039,39.648998
1403637201288318976.000000,0.000000,0.000000,18.213823,8.115932,0.118259,0.093048,13.022297,0.154669,42.235990
1403637201338319104.000000,0.000000,0.000000,16.584072,4.653914,0.157363,0.111303,14.525044,0.127983,32.732615
1403637201388318976.000000,0.000000,0.000000,16.406417,5.509279,0.154281,0.088558,11.113139,0.087565,34.566313
1403637201438319104.000000,0.000000,0.000000,16.889136,7.583303,0.146832,0.098268,13.575962,0.105254,40.197012
1403637201488318976.000000,0.000000,0.000000,16.262408,5.467147,0.123240,0.131324,13.370009,0.076440,34.840986
1403637201538319104.000000,0.000000,0.000000,16.929608,8.058428,0.153882,0.105590,12.487623,0.087829,39.853927
1403637201588318976.000000,0.000000,0.000000,15.465961,7.610861,0.122456,0.101551,14.020152,0.080503,38.788908
1403637201638319104.000000,0.000000,0.000000,16.319911,8.628427,0.161020,0.096896,13.850745,0.124235,42.444950
1403637201688318976.000000,0.000000,0.000000,16.854273,4.984478,0.148117,0.097357,13.976383,0.491358,35.897219
1403637201738319104.000000,0.000000,0.000000,16.659136,7.686893,0.139213,0.059789,11.913235,0.084518,41.657722
1403637201788318976.000000,0.000000,0.000000,16.660221,5.109183,0.131578,0.096123,13.113523,0.124919,37.677934
1403637201838319104.000000,0.000000,0.000000,15.997925,7.448217,0.126688,0.088459,12.097316,0.115663,38.823239
1403637201888318976.000000,0.000000,0.000000,16.617435,7.227354,0.185142,0.057995,11.542124,0.100003,39.776817
1403637201938319104.000000,0.000000,0.000000,17.219523,5.360934,0.138499,0.092604,12.055675,0.067939,35.808726
1403637201988318976.000000,0.000000,0.000000,16.545563,5.368503,0.169602,0.090854,13.423627,0.116071,35.379462
1403637202038319104.000000,0.000000,0.000000,16.679290,4.939961,0.131997,0.100528,13.001943,0.071436,34.631463
1403637202088318976.000000,0.000000,0.000000,16.362973,5.437868,0.142555,0.088533,11.835068,0.067497,35.596627
1403637202138319104.000000,0.000000,0.000000,16.469403,5.411713,0.116894,0.107222,12.275481,0.088140,35.949742
1403637202188318976.000000,0.000000,0.000000,18.577296,9.337267,0.139781,0.091345,11.977852,0.461259,46.641768
1403637202238319104.000000,0.000000,0.000000,16.995413,4.938078,0.168583,0.056625,13.979354,0.104283,35.599695
1403637202288318976.000000,0.000000,0.000000,17.133862,8.104819,0.129095,0.095766,12.846053,0.129276,40.156184
1403637202338319104.000000,0.000000,0.000000,16.180782,4.804460,0.130560,0.093726,12.939775,0.118411,33.788524
1403637202388318976.000000,0.000000,0.000000,16.440693,4.993016,0.144386,0.094814,12.443924,0.068931,34.163096
1403637202438319104.000000,0.000000,0.000000,19.087908,8.337844,0.143099,0.055074,12.150821,0.068458,45.762175
1403637202488318976.000000,0.000000,0.000000,16.523673,5.179521,0.149731,0.095141,12.575062,0.093810,35.711752
1403637202538319104.000000,0.000000,0.000000,16.125250,5.239165,0.174651,0.092497,12.619865,0.121537,35.826337
1403637202588318976.000000,0.000000,0.000000,16.170838,4.769760,0.156675,0.103482,13.835947,0.117040,33.675946
1403637202638319104.000000,0.000000,0.000000,17.020035,4.872356,0.162293,0.094619,12.094786,0.067457,36.431226
1403637202688318976.000000,0.000000,0.000000,16.070257,5.067595,0.139014,0.086490,12.928505,0.609957,35.503851
1403637202738319104.000000,0.000000,0.000000,18.114110,7.901776,0.158471,0.066643,12.376490,0.087202,43.006690
1403637202788318976.000000,0.000000,0.000000,16.824222,7.113076,0.151826,0.090527,13.947546,0.099355,39.694756
1403637202838319104.000000,0.000000,0.000000,16.638611,4.831243,0.152113,0.094804,13.614608,0.112338,34.357104
1403637202888318976.000000,0.000000,0.000000,16.246655,4.799717,0.164228,0.097100,22.249984,0.104750,34.748444
1403637202938319104.000000,0.000000,0.000000,16.483603,7.038824,0.175638,0.078024,13.924592,0.081984,39.618211
1403637202988318976.000000,0.000000,0.000000,16.399376,5.321678,0.168018,0.101431,12.904411,0.099056,35.845718
1403637203038319104.000000,0.000000,0.000000,17.585644,5.271678,0.151246,0.101954,12.305966,0.106475,36.489734
1403637203088318976.000000,0.000000,0.000000,16.434810,7.270578,0.151859,0.094723,12.925712,0.123084,40.358673
1403637203138319104.000000,0.000000,0.000000,17.023080,7.239666,0.144492,0.098309,12.174492,0.103589,39.442690
1403637203188318976.000000,0.000000,0.000000,15.509514,5.153286,0.144334,0.102004,12.467802,0.534671,34.732931
1403637203238319104.000000,0.000000,0.000000,15.924679,5.757479,0.143302,0.061523,12.651289,0.124052,36.324931
1403637203288318976.000000,0.000000,0.000000,16.457952,5.073054,0.175606,0.097653,12.888739,0.102613,36.591004
1403637203338319104.000000,0.000000,0.000000,17.648088,5.339540,0.177869,0.111033,13.991196,0.093013,36.988589
1403637203388318976.000000,0.000000,0.000000,16.046768,5.273055,0.150127,0.063256,12.691075,0.080958,35.719313
1403637203438319104.000000,0.000000,0.000000,17.061735,4.621208,0.158541,0.094432,14.039833,0.132433,34.661972
1403637203488318976.000000,0.000000,0.000000,15.570045,7.074720,0.164803,0.094564,12.266618,0.071827,39.173540
1403637203538319104.000000,0.000000,0.000000,16.031635,4.814585,0.157155,0.096864,13.864563,0.068840,34.328054
1403637203588318976.000000,0.000000,0.000000,15.923233,4.883708,0.166785,0.094265,12.253832,0.087084,34.412676
1403637203638319104.000000,0.000000,0.000000,15.277423,4.965882,0.177752,0.096585,15.634303,0.082662,35.666366
1403637203688318976.000000,0.000000,0.000000,15.407511,5.195152,0.180593,0.100682,12.499444,0.424519,36.402274
1403637203738319104.000000,0.000000,0.000000,15.600798,4.895572,0.152215,0.070425,12.727712,0.080171,35.261156
1403637203788318976.000000,0.000000,0.000000,14.763920,6.976857,0.184556,0.093695,15.871601,0.153199,41.303772
1403637203838319104.000000,0.000000,0.000000,15.832268,7.092640,0.148388,0.085889,12.505027,0.139123,39.594297
1403637203888318976.000000,0.000000,0.000000,15.741550,5.197010,0.174081,0.067103,11.206843,0.080433,35.724507
1403637203938319104.000000,0.000000,0.000000,14.204114,6.375238,0.187153,0.090875,14.648865,0.067003,34.486431
1403637203988318976.000000,0.000000,0.000000,14.255094,7.399228,0.110579,0.076484,13.056973,0.074589,38.441804
1403637204038319104.000000,0.000000,0.000000,16.969958,5.077579,0.162400,0.080110,15.111895,0.070951,36.632913
1403637204088318976.000000,0.000000,0.000000,14.417993,7.292535,0.166949,0.082476,11.942279,0.071511,39.184088
1403637204138319104.000000,0.000000,0.000000,16.482428,6.980257,0.164082,0.072741,13.322639,0.071620,40.168982
1403637204188318976.000000,0.000000,0.000000,15.213211,8.517299,0.186994,0.081023,14.027876,0.430816,41.607065
1403637204238319104.000000,0.000000,0.000000,14.749268,7.011141,0.160367,0.069357,13.082879,0.088389,39.889530
1403637204288318976.000000,0.000000,0.000000,13.767123,5.460885,0.164657,0.089877,14.508309,0.098870,34.269586
1403637204338319104.000000,0.000000,0.000000,13.197365,5.289134,0.164699,0.093131,13.861023,0.091875,33.552597
1403637204388318976.000000,0.000000,0.000000,12.739494,6.966061,0.153385,0.047556,13.297059,0.099903,36.017159
1403637204438319104.000000,0.000000,0.000000,13.409463,5.026881,0.162497,0.085150,12.518216,0.069022,33.025595
1403637204488318976.000000,0.000000,0.000000,14.625359,5.393326,0.172410,0.093379,12.638996,0.067375,35.514490
1403637204538319104.000000,0.000000,0.000000,15.192830,5.184994,0.172099,0.096106,13.462365,0.074234,34.994139
1403637204588318976.000000,0.000000,0.000000,14.811470,5.785784,0.184176,0.091390,13.267180,0.073243,35.704297
1403637204638319104.000000,0.000000,0.000000,15.674317,5.703762,0.096810,0.084848,12.674399,0.073928,37.233877
1403637204688318976.000000,0.000000,0.000000,14.947252,5.583114,0.096536,0.096242,12.092183,0.439347,36.204343
1403637204738319104.000000,0.000000,0.000000,14.676694,5.500019,0.168297,0.058044,12.385306,0.098345,37.337800
1403637204788318976.000000,0.000000,0.000000,14.559111,7.306253,0.170351,0.092581,14.572804,0.096636,38.949284
1403637204838319104.000000,0.000000,0.000000,15.283007,10.132688,0.170985,0.093906,13.240182,0.101076,40.285357
1403637204888318976.000000,0.000000,0.000000,13.451271,5.200646,0.160576,0.049107,12.483987,0.094845,34.017828
1403637204938319104.000000,0.000000,0.000000,13.296698,5.232725,0.189068,0.049236,12.697182,0.070654,34.484629
1403637204988318976.000000,0.000000,0.000000,13.141681,6.595358,0.181435,0.068798,13.076034,0.069192,35.904794
1403637205038319104.000000,0.000000,0.000000,11.984565,6.494412,0.166489,0.055346,11.276452,0.063586,35.264452
1403637205088318976.000000,0.000000,0.000000,13.135842,5.678159,0.320053,0.061366,11.557700,0.063955,34.183397
1403637205138319104.000000,0.000000,0.000000,13.678936,7.351342,0.168225,0.075624,12.874184,0.086550,40.545015
1403637205188318976.000000,0.000000,0.000000,13.234749,7.671555,0.196653,0.089973,12.062664,0.439396,39.148951
1403637205238319104.000000,0.000000,0.000000,13.691654,5.289332,0.179057,0.054396,12.803910,0.081642,36.386844
1403637205288318976.000000,0.000000,0.000000,12.023250,6.551731,0.171066,0.088935,13.621080,0.078691,36.472240
1403637205338319104.000000,0.000000,0.000000,15.825384,5.331511,0.191023,0.089877,13.686677,0.080634,35.670097
1403637205388318976.000000,0.000000,0.000000,12.736923,7.202356,0.194101,0.063540,12.238325,0.089776,37.491717
1403637205438319104.000000,0.000000,0.000000,11.987824,7.549279,0.174081,0.064035,13.900036,0.080903,36.927341
1403637205488318976.000000,0.000000,0.000000,13.811834,5.520137,0.199581,0.099202,16.625325,0.082109,35.443153
1403637205538319104.000000,0.000000,0.000000,13.393822,7.301640,0.179298,0.129851,11.687628,0.516413,38.311858
1403637205588318976.000000,0.000000,0.000000,14.229148,6.984054,0.183385,0.068176,12.906906,0.080485,39.266323
1403637205638319104.000000,0.000000,0.000000,13.948326,6.630902,0.176750,0.092779,14.849756,0.129748,38.662470
1403637205688318976.000000,0.000000,0.000000,14.433053,5.454231,0.163277,0.090319,12.204463,0.145465,35.647545
1403637205738319104.000000,0.000000,0.000000,15.140171,6.852875,0.174263,0.070508,12.776502,0.102138,38.994326
1403637205788318976.000000,0.000000,0.000000,14.253367,5.632263,0.175797,0.053179,13.412132,0.108244,36.311958
1403637205838319104.000000,0.000000,0.000000,14.269352,5.167429,0.167215,0.082459,11.174623,0.084216,34.901425
1403637205888318976.000000,0.000000,0.000000,13.136138,5.639706,0.099591,0.079956,12.198583,0.101318,34.254791
1403637205938319104.000000,0.000000,0.000000,14.269618,6.369337,0.171798,0.069617,13.702482,0.581034,38.046695
1403637205988318976.000000,0.000000,0.000000,13.666496,6.366865,0.167903,0.059069,11.474127,0.074320,37.391669
1403637206038319104.000000,0.000000,0.000000,15.012729,4.928330,0.183337,0.078492,10.911254,0.072050,35.675261
1403637206088318976.000000,0.000000,0.000000,14.309539,6.329047,0.185221,0.095556,12.590792,0.126651,37.053429
1403637206138319104.000000,0.000000,0.000000,14.605361,5.446887,0.169351,0.048255,9.782190,0.091544,35.987552
1403637206188318976.000000,0.000000,0.000000,15.778975,6.356851,0.167547,0.093974,10.178966,0.078959,40.348587
1403637206238319104.000000,0.000000,0.000000,13.552647,6.230803,0.169058,0.077518,10.760205,0.122542,36.759254
1403637206288318976.000000,0.000000,0.000000,13.833790,5.166660,0.170331,0.074510,9.761689,0.065462,35.863916
1403637206338319104.000000,0.000000,0.000000,13.564080,6.087923,0.167174,0.056900,9.855916,0.073593,36.475992
1403637206388318976.000000,0.000000,0.000000,13.769593,5.234594,0.158041,0.060501,10.991578,0.064633,35.111405
1403637206438319104.000000,0.000000,0.000000,13.983589,4.977610,0.177207,0.059723,9.799904,0.585675,35.549326
1403637206488318976.000000,0.000000,0.000000,13.313554,5.893611,0.095326,0.058429,10.403631,0.075753,36.015606
1403637206538319104.000000,0.000000,0.000000,15.120896,7.917480,0.184722,0.084977,10.623912,0.072360,40.806320
1403637206588318976.000000,0.000000,0.000000,13.095114,5.154821,0.102245,0.074942,10.620490,0.097692,33.775561
1403637206638319104.000000,0.000000,0.000000,13.032694,5.805453,0.121944,0.042043,9.003508,0.083073,36.331635
1403637206688318976.000000,0.000000,0.000000,15.520724,5.066666,0.199674,0.042132,9.957923,0.065590,36.454269
1403637206738319104.000000,0.000000,0.000000,13.925248,6.259455,0.165007,0.072413,12.396745,0.075272,37.851830
1403637206788318976.000000,0.000000,0.000000,14.887810,6.032041,0.181551,0.053107,10.032624,0.066911,39.097841
1403637206838319104.000000,0.000000,0.000000,14.488187,6.451642,0.169757,0.053354,10.206792,0.067688,47.442514
1403637206888318976.000000,0.000000,0.000000,14.042065,7.219871,0.181454,0.053645,9.582778,0.481318,39.033152
1403637206938319104.000000,0.000000,0.000000,15.475881,5.776140,0.190354,0.065387,13.125976,0.085831,38.761054
1403637206988318976.000000,0.000000,0.000000,14.021767,4.715666,0.105784,0.081462,13.002637,0.140329,34.733949
1403637207038319104.000000,0.000000,0.000000,15.872413,5.326741,0.097860,0.079245,12.564722,0.152010,38.739859
1403637207088318976.000000,0.000000,0.000000,13.482652,4.968912,0.190640,0.047512,9.849826,0.086619,34.420952
1403637207138319104.000000,0.000000,0.000000,14.610334,5.924699,0.215464,0.081083,10.260392,0.096010,38.060951
1403637207188318976.000000,0.000000,0.000000,14.617832,5.247958,0.210826,0.112710,9.965714,0.063671,36.717304
1403637207238319104.000000,0.000000,0.000000,15.107114,6.414986,0.178463,0.055775,9.292005,0.063347,38.410157
1403637207288318976.000000,0.000000,0.000000,15.046585,7.937194,0.186141,0.045859,9.540694,0.452865,41.432967
1403637207338319104.000000,0.000000,0.000000,14.537729,6.778263,0.175317,0.064212,13.565816,0.085110,37.840763
1403637207388318976.000000,0.000000,0.000000,13.995585,5.071615,0.178843,0.069214,9.903610,0.081215,37.647191
1403637207438319104.000000,0.000000,0.000000,12.476925,5.308146,0.174652,0.078279,10.592882,0.069346,33.873089
1403637207488318976.000000,0.000000,0.000000,14.726885,6.533234,0.185993,0.044597,10.295742,0.534993,39.576576
1403637207538319104.000000,0.000000,0.000000,13.288941,5.028401,0.099034,0.060219,12.538529,0.094956,34.448279
1403637207588318976.000000,0.000000,0.000000,16.832604,7.528193,0.175345,0.082934,12.638565,0.126273,43.915211
1403637207638319104.000000,0.000000,0.000000,13.874814,6.891044,0.167941,0.077055,11.313587,0.082026,37.511799
1403637207688318976.000000,0.000000,0.000000,13.589443,6.135205,0.170137,0.052704,10.634785,0.593472,36.572055
1403637207738319104.000000,0.000000,0.000000,14.541938,6.195404,0.187762,0.058349,11.874180,0.124768,40.735330
1403637207788318976.000000,0.000000,0.000000,13.283686,5.915122,0.174055,0.076710,12.842800,0.134208,35.631212
1403637207838319104.000000,0.000000,0.000000,14.097404,6.827422,0.170632,0.075081,9.253264,0.089447,35.978124
1403637207888318976.000000,0.000000,0.000000,13.803456,5.505369,0.173515,0.054782,7.809283,0.502422,37.390717
1403637207938319104.000000,0.000000,0.000000,15.782543,6.519589,0.198677,0.063135,10.791730,0.069996,38.661215
1403637207988318976.000000,0.000000,0.000000,15.618888,7.154821,0.103843,0.070607,11.393091,0.090558,41.489378
1403637208038319104.000000,0.000000,0.000000,13.706765,5.059042,0.193216,0.054941,10.214678,0.076680,34.784774
1403637208088318976.000000,0.000000,0.000000,15.178240,6.446785,0.179928,0.043901,10.724443,0.592704,38.321069
1403637208138319104.000000,0.000000,0.000000,14.084251,6.834713,0.188088,0.049091,9.978211,0.068701,39.118654
1403637208188318976.000000,0.000000,0.000000,14.084640,5.622611,0.167996,0.069705,11.038333,0.082188,37.002116
1403637208238319104.000000,0.000000,0.000000,15.287980,6.685676,0.166622,0.046517,10.485338,0.097493,41.039562
1403637208288318976.000000,0.000000,0.000000,13.631311,7.490947,0.191025,0.043274,7.652801,0.473948,39.226110
1403637208338319104.000000,0.000000,0.000000,13.973350,7.266266,0.176079,0.054227,9.017889,0.062619,38.454304
1403637208388318976.000000,0.000000,0.000000,13.441006,5.687254,0.094587,0.073248,12.088482,0.087422,35.596277
1403637208438319104.000000,0.000000,0.000000,13.718074,5.702018,0.164742,0.064713,10.624684,0.085466,35.639892
1403637208488318976.000000,0.000000,0.000000,15.496833,8.469725,0.096675,0.042254,7.600378,0.413089,41.341577
1403637208538319104.000000,0.000000,0.000000,16.166707,6.599132,0.196833,0.048199,8.589870,0.060139,39.954619
1403637208588318976.000000,0.000000,0.000000,13.344694,5.686804,0.094701,0.060696,8.474709,0.071056,35.671826
1403637208638319104.000000,0.000000,0.000000,14.589096,7.599291,0.113783,0.076614,9.895200,0.074205,38.619592
1403637208688318976.000000,0.000000,0.000000,12.596392,5.118716,0.167054,0.054429,10.709164,0.569137,33.763458
1403637208738319104.000000,0.000000,0.000000,13.890853,6.875808,0.096545,0.054069,11.438312,0.075497,39.501788
1403637208788318976.000000,0.000000,0.000000,14.654547,5.735299,0.165280,0.060314,8.395690,0.057875,37.622296
1403637208838319104.000000,0.000000,0.000000,13.818402,5.628160,0.163323,0.062664,10.365589,0.108658,35.902865
1403637208888318976.000000,0.000000,0.000000,13.826700,5.720369,0.168214,0.041595,9.094734,0.560347,35.936223
1403637208938319104.000000,0.000000,0.000000,13.914831,5.612535,0.175158,0.046058,8.305498,0.059867,35.815900
1403637208988318976.000000,0.000000,0.000000,13.988334,4.830360,0.170088,0.066574,11.344267,0.092556,33.312447
1403637209038319104.000000,0.000000,0.000000,14.683491,5.266486,0.161038,0.048959,9.900669,0.093640,35.487919
1403637209088318976.000000,0.000000,0.000000,14.118029,5.150771,0.165319,0.051719,7.757884,0.375619,35.640725
1403637209138319104.000000,0.000000,0.000000,14.861088,5.809695,0.172323,0.064863,11.505994,0.079015,37.359450
1403637209188318976.000000,0.000000,0.000000,15.240689,5.613998,0.194401,0.066661,11.149265,0.081890,37.514722
1403637209238319104.000000,0.000000,0.000000,14.046350,5.890461,0.221469,0.059437,10.663029,0.075535,38.014836
1403637209288318976.000000,0.000000,0.000000,13.918648,5.529882,0.320194,0.040092,8.113482,0.387164,36.764592
1403637209338319104.000000,0.000000,0.000000,14.825223,6.323604,0.176238,0.049515,11.386166,0.076906,37.695663
1403637209388318976.000000,0.000000,0.000000,15.102690,8.056964,0.181065,0.064651,10.516513,0.075437,40.838998
1403637209438319104.000000,0.000000,0.000000,15.932927,8.462608,0.159762,0.045774,9.428092,0.106242,45.168641
1403637209488318976.000000,0.000000,0.000000,14.494252,5.848877,0.178687,0.062117,9.732946,0.591901,36.498504
1403637209538319104.000000,0.000000,0.000000,14.296105,7.602616,0.189443,0.067547,9.614523,0.087474,38.599845
1403637209588318976.000000,0.000000,0.000000,14.360942,7.599974,0.169134,0.059413,7.560140,0.062262,41.070749
1403637209638319104.000000,0.000000,0.000000,15.573595,5.512347,0.165786,0.060499,9.010454,0.071045,37.293387
1403637209688318976.000000,0.000000,0.000000,14.023111,7.230494,0.207365,0.038074,6.560550,0.458753,37.882110
1403637209738319104.000000,0.000000,0.000000,14.509830,7.173080,0.089185,0.107393,13.371780,0.100767,39.175294
1403637209788318976.000000,0.000000,0.000000,15.170915,5.547042,0.082558,0.090710,8.515708,0.102720,35.696934
1403637209838319104.000000,0.000000,0.000000,16.034598,6.743747,0.162621,0.065838,8.124077,0.087102,39.312262
1403637209888318976.000000,0.000000,0.000000,17.223864,5.326379,0.147665,0.039033,8.105350,0.086517,40.440418
1403637209938319104.000000,0.000000,0.000000,15.861476,6.849967,0.144704,0.063601,9.402643,0.565897,37.672053
1403637209988318976.000000,0.000000,0.000000,15.204584,5.543644,0.154771,0.052970,8.574380,0.104849,35.612845
1403637210038319104.000000,0.000000,0.000000,17.834458,9.693266,0.139458,0.073667,9.469312,0.094720,44.190885
1403637210088318976.000000,0.000000,0.000000,15.895964,6.222587,0.137785,0.061789,8.390447,0.111910,36.120389
1403637210138319104.000000,0.000000,0.000000,15.499023,5.038110,0.129076,0.050173,9.121184,0.581151,34.314945
1403637210188318976.000000,0.000000,0.000000,16.052273,5.939389,0.137216,0.087598,10.570417,0.094753,36.394700
1403637210238319104.000000,0.000000,0.000000,15.262165,4.941980,0.138838,0.095721,11.066684,0.106130,33.721412
1403637210288318976.000000,0.000000,0.000000,15.348998,5.295021,0.094378,0.040734,8.503832,0.067428,34.431348
1403637210338319104.000000,0.000000,0.000000,17.448397,5.557826,0.093527,0.045106,10.239533,0.548674,37.954421
1403637210388318976.000000,0.000000,0.000000,15.727092,4.911679,0.149940,0.064426,11.734974,0.121037,34.929264
1403637210438319104.000000,0.000000,0.000000,15.664650,4.897334,0.135333,0.069965,10.738407,0.078289,35.206752
1403637210488318976.000000,0.000000,0.000000,16.114557,7.142702,0.156721,0.061454,8.360331,0.069889,37.715798
1403637210538319104.000000,0.000000,0.000000,16.893241,5.402660,0.155781,0.031782,7.342354,0.465433,37.198620
1403637210588318976.000000,0.000000,0.000000,16.473268,4.887123,0.141279,0.071076,9.188100,0.101515,34.433470
1403637210638319104.000000,0.000000,0.000000,16.175011,5.081210,0.136172,0.064638,8.947262,0.095600,34.845143
1403637210688318976.000000,0.000000,0.000000,16.854163,6.932437,0.098563,0.038603,7.462965,0.072120,39.765616
1403637210738319104.000000,0.000000,0.000000,17.306662,4.869363,0.156158,0.040532,8.615481,0.058023,35.417977
1403637210788318976.000000,0.000000,0.000000,15.974827,5.229759,0.176070,0.060602,7.821581,0.465571,35.318875
1403637210838319104.000000,0.000000,0.000000,15.436942,4.834862,0.146504,0.071481,8.692423,0.100281,33.740297
1403637210888318976.000000,0.000000,0.000000,16.690323,6.712849,0.150889,0.061564,8.283416,0.089039,40.665482
1403637210938319104.000000,0.000000,0.000000,15.859742,7.369569,0.139805,0.074795,7.609080,0.082995,40.010901
1403637210988318976.000000,0.000000,0.000000,17.650844,6.879396,0.140046,0.049417,8.053521,0.400029,41.083060
1403637211038319104.000000,0.000000,0.000000,17.734946,5.425523,0.136586,0.055346,10.300824,0.067424,36.617870
1403637211088318976.000000,0.000000,0.000000,16.060473,4.950131,0.161728,0.076480,11.406964,0.099446,35.147639
1403637211138319104.000000,0.000000,0.000000,14.471895,7.363552,0.141858,0.066211,10.041237,0.082892,35.985405
1403637211188318976.000000,0.000000,0.000000,15.849282,4.661108,0.140708,0.066323,11.368522,0.531679,33.669408
1403637211238319104.000000,0.000000,0.000000,15.786500,5.136595,0.159143,0.041978,8.781064,0.088261,34.611338
1403637211288318976.000000,0.000000,0.000000,15.398121,7.973516,0.152803,0.065925,8.920814,0.085271,41.337662
1403637211338319104.000000,0.000000,0.000000,15.405497,5.098532,0.154302,0.064930,11.313400,0.076476,34.031212
1403637211388318976.000000,0.000000,0.000000,15.691852,7.083323,0.149984,0.038358,8.332393,0.465654,37.135100
1403637211438319104.000000,0.000000,0.000000,15.944452,7.277331,0.147992,0.083258,12.350746,0.075640,37.699651
1403637211488318976.000000,0.000000,0.000000,17.663609,11.472278,0.138609,0.061601,11.125413,0.123967,45.573521
1403637211538319104.000000,0.000000,0.000000,16.373155,7.311301,0.137918,0.057606,9.776990,0.087195,40.031916
1403637211588318976.000000,0.000000,0.000000,15.779673,6.757438,0.136998,0.058821,9.911357,0.555783,38.083667
1403637211638319104.000000,0.000000,0.000000,15.846038,7.061579,0.105516,0.045614,11.271030,0.079798,37.366937
1403637211688318976.000000,0.000000,0.000000,13.968182,8.170660,0.123829,0.055542,8.056672,0.061906,37.743414
1403637211738319104.000000,0.000000,0.000000,16.409938,8.973553,0.152475,0.041439,10.587630,0.087224,42.446265
1403637211788318976.000000,0.000000,0.000000,15.433023,9.731828,0.125311,0.060143,9.699678,0.598191,37.971408
1403637211838319104.000000,0.000000,0.000000,15.629817,5.719012,0.131931,0.075042,10.701702,0.120014,32.707900
1403637211888318976.000000,0.000000,0.000000,14.974384,7.323071,0.114204,0.052105,8.247425,0.087828,36.316014
1403637211938319104.000000,0.000000,0.000000,15.402074,6.920458,0.138219,0.057870,9.894143,0.090856,37.668744
1403637211988318976.000000,0.000000,0.000000,14.990079,7.372552,0.144009,0.039161,7.246945,0.643832,36.742500
1403637212038319104.000000,0.000000,0.000000,15.112990,7.650068,0.095526,0.082318,11.259276,0.120843,38.019982
1403637212088318976.000000,0.000000,0.000000,15.095778,7.486684,0.098870,0.061603,10.838923,0.125512,36.510215
1403637212138319104.000000,0.000000,0.000000,15.223338,8.608374,0.136286,0.062683,9.603354,0.094785,38.695929
1403637212188318976.000000,0.000000,0.000000,14.945926,8.045479,0.135511,0.040132,7.740015,0.490722,38.422779
1403637212238319104.000000,0.000000,0.000000,15.088706,4.998684,0.102632,0.072299,11.094160,0.106565,31.913555
1403637212288318976.000000,0.000000,0.000000,15.296829,5.194756,0.097908,0.058857,11.118238,0.120901,32.811110
1403637212338319104.000000,0.000000,0.000000,14.920876,7.970578,0.096395,0.051544,10.235843,0.085153,38.876527
1403637212388318976.000000,0.000000,0.000000,16.144022,8.442836,0.122791,0.035898,10.413597,0.670433,38.657309
1403637212438319104.000000,0.000000,0.000000,15.920991,4.796194,0.121785,0.081798,11.791102,0.105550,32.054291
1403637212488318976.000000,0.000000,0.000000,16.648798,5.210762,0.131549,0.067603,10.500747,0.116123,33.740571
1403637212538319104.000000,0.000000,0.000000,15.775898,5.225964,0.130113,0.062055,9.555598,0.075677,32.616387
1403637212588318976.000000,0.000000,0.000000,15.235250,8.413735,0.113442,0.034581,9.074590,0.068509,37.157060
1403637212638319104.000000,0.000000,0.000000,13.602039,7.779892,0.114089,0.051769,8.229961,0.061649,36.163229
1403637212688318976.000000,0.000000,0.000000,14.808469,8.888211,0.058887,0.051196,7.572915,0.579376,38.544910
1403637212738319104.000000,0.000000,0.000000,15.161914,5.918554,0.131172,0.047262,8.886822,0.086242,33.157954
1403637212788318976.000000,0.000000,0.000000,16.036278,7.656623,0.121725,0.056381,8.815078,0.117344,37.815515
1403637212838319104.000000,0.000000,0.000000,15.270071,7.678429,0.139269,0.053491,10.714076,0.116361,35.765700
1403637212888318976.000000,0.000000,0.000000,14.869139,5.348680,0.129563,0.030588,8.217420,0.065837,32.056751
1403637212938319104.000000,0.000000,0.000000,15.177209,8.372496,0.123696,0.048230,8.071499,0.553967,38.645995
1403637212988318976.000000,0.000000,0.000000,14.495220,7.517593,0.127713,0.082192,10.050410,0.081032,35.346383
1403637213038319104.000000,0.000000,0.000000,14.519901,8.745178,0.129413,0.072599,12.074054,0.108760,35.299266
1403637213088318976.000000,0.000000,0.000000,15.002169,8.892052,0.120596,0.090185,11.261385,0.065877,39.273823
1403637213138319104.000000,0.000000,0.000000,15.109372,7.707066,0.121916,0.062902,9.282336,0.066428,38.000143
1403637213188318976.000000,0.000000,0.000000,15.199430,8.044093,0.115037,0.087682,10.012440,0.079957,37.339489
1403637213238319104.000000,0.000000,0.000000,14.963307,8.714019,0.118641,0.063879,10.324852,0.071781,35.635014
1403637213288318976.000000,0.000000,0.000000,17.825378,7.783608,0.118049,0.052624,8.650186,0.072594,40.809827
1403637213338319104.000000,0.000000,0.000000,15.357706,7.387272,0.099864,0.055280,8.309425,0.521832,37.293866
1403637213388318976.000000,0.000000,0.000000,16.282282,6.506042,0.110182,0.061622,11.791403,0.099813,37.066632
1403637213438319104.000000,0.000000,0.000000,15.483054,7.148571,0.101549,0.064122,9.973897,0.103691,36.512921
1403637213488318976.000000,0.000000,0.000000,14.235006,7.506975,0.107611,0.068907,9.831595,0.159005,34.673556
1403637213538319104.000000,0.000000,0.000000,15.567314,5.056005,0.107209,0.064541,10.300575,0.089865,31.127773
1403637213588318976.000000,0.000000,0.000000,14.958988,6.817352,0.109503,0.063432,9.213718,0.064485,34.802665
1403637213638319104.000000,0.000000,0.000000,15.193907,5.213772,0.101545,0.059137,9.080443,0.073641,30.530490
1403637213688318976.000000,0.000000,0.000000,16.653329,8.316953,0.111491,0.058415,8.997704,0.519449,42.021408
1403637213738319104.000000,0.000000,0.000000,15.964920,4.827832,0.062706,0.037776,9.328537,0.076226,32.637262
1403637213788318976.000000,0.000000,0.000000,16.059247,5.106307,0.125997,0.062788,9.527254,0.135807,32.948792
1403637213838319104.000000,0.000000,0.000000,14.397721,5.411233,0.100448,0.064182,10.902421,0.151494,30.641547
1403637213888318976.000000,0.000000,0.000000,14.820781,7.229064,0.108288,0.041450,8.319172,0.094051,35.585207
1403637213938319104.000000,0.000000,0.000000,14.908057,4.932455,0.080228,0.074541,9.175997,0.501223,32.162695
1403637213988318976.000000,0.000000,0.000000,14.142870,7.389144,0.198810,0.052497,9.232291,0.091933,33.802787
1403637214038319104.000000,0.000000,0.000000,16.311076,5.030251,0.108611,0.064173,10.812852,0.093164,33.572361
1403637214088318976.000000,0.000000,0.000000,17.890152,7.034081,0.116641,0.057465,10.162156,0.081362,37.613306
1403637214138319104.000000,0.000000,0.000000,16.037469,7.538071,0.119956,0.036723,7.965718,0.088293,38.500548
1403637214188318976.000000,0.000000,0.000000,15.872590,7.965188,0.119216,0.069060,11.443743,0.078637,39.203563
1403637214238319104.000000,0.000000,0.000000,15.560423,7.424492,0.093255,0.043454,10.870440,0.538564,34.620506
1403637214288318976.000000,0.000000,0.000000,15.075458,7.570490,0.099413,0.052441,12.030898,0.085195,36.714006
1403637214338319104.000000,0.000000,0.000000,15.597792,7.843754,0.098720,0.068022,11.552506,0.093745,39.002674
1403637214388318976.000000,0.000000,0.000000,16.637424,9.707538,0.103026,0.036616,11.462139,0.094378,41.112181
1403637214438319104.000000,0.000000,0.000000,15.294582,5.311002,0.107703,0.037225,8.183706,0.076968,32.097209
1403637214488318976.000000,0.000000,0.000000,15.466556,5.314444,0.094771,0.054450,8.863221,0.060870,32.339645
1403637214538319104.000000,0.000000,0.000000,15.499478,6.679057,0.100525,0.054900,8.681631,0.422985,34.665457
1403637214588318976.000000,0.000000,0.000000,15.091390,5.139969,0.064970,0.044988,11.341433,0.081323,32.689510
1403637214638319104.000000,0.000000,0.000000,13.660262,4.965756,0.101088,0.059032,11.249289,0.118254,30.237397
1403637214688318976.000000,0.000000,0.000000,16.438792,5.530811,0.099049,0.051538,10.649941,0.082470,33.941338
1403637214738319104.000000,0.000000,0.000000,16.268620,5.480219,0.065613,0.038548,7.760612,0.054936,33.416760
1403637214788318976.000000,0.000000,0.000000,16.315318,5.474395,0.073709,0.057969,10.805590,0.564185,34.252419
1403637214838319104.000000,0.000000,0.000000,16.068239,5.341469,0.082240,0.038593,9.241564,0.079138,33.059892
1403637214888318976.000000,0.000000,0.000000,16.594305,5.253733,0.132277,0.077487,11.347121,0.109153,36.907092
1403637214938319104.000000,0.000000,0.000000,17.517932,5.599759,0.129646,0.057197,9.984843,0.112424,35.165465
1403637214988318976.000000,0.000000,0.000000,15.613766,7.662748,0.056439,0.045870,8.351500,0.477109,36.713339
1403637215038319104.000000,0.000000,0.000000,16.058483,7.299150,0.069586,0.064037,10.815202,0.125933,38.217700
1403637215088318976.000000,0.000000,0.000000,15.660996,8.350985,0.076722,0.072177,9.448650,0.093827,37.919756
1403637215138319104.000000,0.000000,0.000000,16.812326,8.460163,0.072179,0.093851,10.004909,0.102638,40.739130
1403637215188318976.000000,0.000000,0.000000,16.483057,5.581183,0.086792,0.041018,8.011766,0.493450,34.336889
1403637215238319104.000000,0.000000,0.000000,17.326753,5.846107,0.080040,0.049383,9.724354,0.104722,35.382960
1403637215288318976.000000,0.000000,0.000000,16.276205,8.410929,0.120991,0.064019,14.915770,0.163564,39.785725
1403637215338319104.000000,0.000000,0.000000,17.388211,5.654546,0.134593,0.035692,12.044266,0.096031,35.283301
1403637215388318976.000000,0.000000,0.000000,15.060639,7.785968,0.115484,0.042068,10.344628,0.588435,38.651771
1403637215438319104.000000,0.000000,0.000000,15.311153,7.637571,0.097904,0.065845,11.390551,0.086917,37.861977
1403637215488318976.000000,0.000000,0.000000,15.734366,8.135260,0.111858,0.056307,11.320399,0.102944,36.944494
1403637215538319104.000000,0.000000,0.000000,16.279733,8.797459,0.116434,0.065130,8.414830,0.100517,39.116222
1403637215588318976.000000,0.000000,0.000000,14.831515,8.743703,0.119156,0.041123,9.021041,0.513028,38.902682
1403637215638319104.000000,0.000000,0.000000,14.896012,5.025567,0.107649,0.058752,12.873076,0.093314,31.211477
1403637215688318976.000000,0.000000,0.000000,14.915346,8.999940,0.120694,0.055838,9.399673,0.116717,38.394197
1403637215738319104.000000,0.000000,0.000000,15.171349,7.314115,0.115542,0.063934,11.211314,0.098601,36.035013
1403637215788318976.000000,0.000000,0.000000,14.698821,8.551945,0.080002,0.055781,11.906331,0.073773,38.180096
1403637215838319104.000000,0.000000,0.000000,18.968690,5.011931,0.119701,0.062297,12.069432,0.831047,35.449340
1403637215888318976.000000,0.000000,0.000000,15.158953,8.496567,0.119475,0.050406,12.551491,0.101788,36.885984
1403637215938319104.000000,0.000000,0.000000,16.189388,5.213621,0.100475,0.064698,12.539915,0.141555,32.623566
1403637215988318976.000000,0.000000,0.000000,17.072907,8.803236,0.121978,0.069412,11.917976,0.090682,40.917981
1403637216038319104.000000,0.000000,0.000000,15.610566,8.248362,0.125617,0.038946,11.856125,0.079839,38.401014
1403637216088318976.000000,0.000000,0.000000,14.883474,8.440264,0.117381,0.042452,8.914109,0.063564,36.696549
1403637216138319104.000000,0.000000,0.000000,15.126097,5.006831,0.131416,0.046209,11.807517,0.084193,31.703826
1403637216188318976.000000,0.000000,0.000000,14.982543,8.395295,0.130332,0.055919,9.448258,0.068431,38.742585
1403637216238319104.000000,0.000000,0.000000,15.443439,7.660396,0.124962,0.054644,9.340779,0.086324,38.053231
1403637216288318976.000000,0.000000,0.000000,15.683673,7.928717,0.124199,0.053211,9.238637,0.065020,37.656183
1403637216338319104.000000,0.000000,0.000000,13.622135,7.695127,0.114548,0.055558,9.309997,0.632364,35.728689
1403637216388318976.000000,0.000000,0.000000,14.708815,8.099639,0.109270,0.059612,12.267791,0.093118,38.967913
1403637216438319104.000000,0.000000,0.000000,15.290351,8.359057,0.107946,0.074221,13.055019,0.129396,38.165384
1403637216488318976.000000,0.000000,0.000000,15.374596,7.658506,0.125966,0.068469,12.551368,0.098135,36.523330
1403637216538319104.000000,0.000000,0.000000,14.931304,7.299194,0.116888,0.043430,11.571841,0.096869,34.176250
1403637216588318976.000000,0.000000,0.000000,15.306008,6.192683,0.110018,0.033773,9.775902,0.063629,33.206134
1403637216638319104.000000,0.000000,0.000000,16.213562,5.225446,0.110432,0.047222,9.610164,0.063741,32.769425
1403637216688318976.000000,0.000000,0.000000,15.085522,5.131495,0.105045,0.057831,12.352674,0.078920,33.041831
1403637216738319104.000000,0.000000,0.000000,15.991445,6.855358,0.133694,0.043907,9.935346,0.064866,35.028033
1403637216788318976.000000,0.000000,0.000000,15.123736,7.939671,0.132762,0.052032,12.761749,0.081661,40.578163
1403637216838319104.000000,0.000000,0.000000,15.698961,5.055781,0.166445,0.042477,10.060391,0.567578,32.486631
1403637216888318976.000000,0.000000,0.000000,14.531368,4.926883,0.125575,0.062345,10.820168,0.098300,31.139542
1403637216938319104.000000,0.000000,0.000000,16.909117,7.328986,0.217712,0.079077,13.380099,0.089092,37.699507
1403637216988318976.000000,0.000000,0.000000,15.551804,6.964185,0.130854,0.076900,13.134703,0.092552,38.912801
1403637217038319104.000000,0.000000,0.000000,14.492446,8.155697,0.120071,0.033258,9.164697,0.058823,38.019258
1403637217088318976.000000,0.000000,0.000000,15.702973,4.910407,0.142719,0.071658,12.610971,0.082590,33.517021
1403637217138319104.000000,0.000000,0.000000,15.541504,8.916743,0.088711,0.068912,12.712055,0.087145,38.175328
1403637217188318976.000000,0.000000,0.000000,14.853909,7.080381,0.139148,0.063455,11.669224,0.566508,35.697849
1403637217238319104.000000,0.000000,0.000000,15.548295,4.886110,0.134020,0.067277,13.306372,0.085612,32.343404
1403637217288318976.000000,0.000000,0.000000,15.657950,4.947689,0.079478,0.068919,13.251168,0.106690,33.163207
1403637217338319104.000000,0.000000,0.000000,15.257266,7.742628,0.137715,0.067658,14.005927,0.136989,38.772593
1403637217388318976.000000,0.000000,0.000000,15.424159,7.471417,0.077150,0.055541,10.773192,0.087212,36.021459
1403637217438319104.000000,0.000000,0.000000,15.177344,5.291735,0.124147,0.059200,10.596743,0.061963,34.161344
1403637217488318976.000000,0.000000,0.000000,14.314315,6.927999,0.070585,0.051380,9.506409,0.059092,35.630414
1403637217538319104.000000,0.000000,0.000000,14.819035,6.820740,0.124301,0.057503,11.000339,0.459824,34.314912
1403637217588318976.000000,0.000000,0.000000,15.557697,7.026432,0.137421,0.038212,12.322698,0.069124,35.420076
1403637217638319104.000000,0.000000,0.000000,14.915808,4.750477,0.124586,0.062569,10.257583,0.091919,32.221298
1403637217688318976.000000,0.000000,0.000000,15.664240,5.375459,0.127745,0.055252,10.223331,0.096928,34.074988
1403637217738319104.000000,0.000000,0.000000,15.616292,5.223750,0.125077,0.047851,8.870601,0.055981,34.422441
1403637217788318976.000000,0.000000,0.000000,15.633370,7.154362,0.171010,0.064521,12.372408,0.092234,37.626390
1403637217838319104.000000,0.000000,0.000000,14.820054,5.068763,0.118280,0.060589,12.321880,0.589156,31.430219
1403637217888318976.000000,0.000000,0.000000,15.416833,4.897774,0.116325,0.054063,12.864915,0.080003,33.191534
1403637217938319104.000000,0.000000,0.000000,15.161789,7.263285,0.136155,0.056350,9.592459,0.099476,34.985902
1403637217988318976.000000,0.000000,0.000000,14.846159,5.639930,0.128555,0.066636,11.666450,0.114858,34.752944
1403637218038319104.000000,0.000000,0.000000,15.397793,6.017577,0.152291,0.055569,9.127119,0.050824,35.371262
1403637218088318976.000000,0.000000,0.000000,14.473631,4.917706,0.141897,0.061256,10.288168,0.451075,30.900963
1403637218138319104.000000,0.000000,0.000000,15.291690,8.245514,0.135965,0.064544,9.914447,0.078813,39.044250
1403637218188318976.000000,0.000000,0.000000,13.835104,7.493793,0.118372,0.059742,12.169767,0.080686,36.527983
1403637218238319104.000000,0.000000,0.000000,14.306697,9.706092,0.120129,0.051057,13.053588,0.129507,40.236065
1403637218288318976.000000,0.000000,0.000000,16.371363,6.973552,0.112190,0.035715,9.672163,0.460447,38.600497
1403637218338319104.000000,0.000000,0.000000,15.493379,8.237230,0.150557,0.056917,11.008854,0.080155,38.747146
1403637218388318976.000000,0.000000,0.000000,16.296358,4.738618,0.168083,0.063492,12.341627,0.098340,32.709013
1403637218438319104.000000,0.000000,0.000000,14.648803,4.903153,0.139580,0.056836,10.310886,0.093958,31.596815
1403637218488318976.000000,0.000000,0.000000,15.342752,4.804378,0.131121,0.043072,9.249070,0.347964,32.676422
1403637218538319104.000000,0.000000,0.000000,13.929211,7.271423,0.146241,0.039185,11.027210,0.078801,36.342177
1403637218588318976.000000,0.000000,0.000000,14.794247,7.318664,0.077785,0.074161,11.693828,0.104404,37.910187
1403637218638319104.000000,0.000000,0.000000,15.035358,7.981311,0.094260,0.056785,12.095721,0.067105,37.608842
1403637218688318976.000000,0.000000,0.000000,14.236288,6.841761,0.140873,0.048697,11.422329,0.052051,31.951641
1403637218738319104.000000,0.000000,0.000000,16.878840,7.875331,0.132365,0.040651,9.530842,0.341534,39.609416
1403637218788318976.000000,0.000000,0.000000,15.491580,5.082654,0.128749,0.047011,13.173494,0.076142,33.707387
1403637218838319104.000000,0.000000,0.000000,14.690157,7.826300,0.135243,0.068541,11.140391,0.069164,37.575317
1403637218888318976.000000,0.000000,0.000000,15.094179,5.480602,0.178374,0.071764,13.680321,0.070736,33.693800
1403637218938319104.000000,0.000000,0.000000,14.335293,5.456345,0.131852,0.056700,9.464470,0.064093,32.116946
1403637218988318976.000000,0.000000,0.000000,14.371821,5.479558,0.129570,0.062504,13.781775,0.069418,34.079230
1403637219038319104.000000,0.000000,0.000000,14.598826,4.882998,0.136304,0.046799,9.770624,0.371002,32.800168
1403637219088318976.000000,0.000000,0.000000,14.392213,8.660665,0.150975,0.048905,13.128012,0.072039,36.914516
1403637219138319104.000000,0.000000,0.000000,15.936029,4.876833,0.140717,0.062828,11.199549,0.063526,32.596039
1403637219188318976.000000,0.000000,0.000000,15.554281,4.690622,0.171679,0.073368,12.528128,0.066688,33.567705
1403637219238319104.000000,0.000000,0.000000,15.511539,6.209279,0.150034,0.036779,11.571476,0.062584,40.488553
1403637219288318976.000000,0.000000,0.000000,16.584901,7.202769,0.141313,0.046632,10.226404,0.050559,39.914013
1403637219338319104.000000,0.000000,0.000000,16.079466,5.160651,0.134797,0.068430,11.037182,0.059426,35.619676
1403637219388318976.000000,0.000000,0.000000,15.939532,7.166558,0.180651,0.096684,12.549982,0.107104,38.024947
1403637219438319104.000000,0.000000,0.000000,16.564556,6.376002,0.153843,0.063362,10.838523,0.068340,38.018457
1403637219488318976.000000,0.000000,0.000000,16.093066,4.531934,0.154645,0.067524,12.203781,0.069389,33.286758
1403637219538319104.000000,0.000000,0.000000,17.160641,4.858116,0.181938,0.063106,10.747055,0.383488,34.654331
1403637219588318976.000000,0.000000,0.000000,15.962875,8.420399,0.166755,0.046735,11.258938,0.088369,41.357124
1403637219638319104.000000,0.000000,0.000000,16.654588,4.768112,0.101668,0.075304,14.021330,0.081697,34.418034
1403637219688318976.000000,0.000000,0.000000,16.542632,6.627112,0.158960,0.077407,12.934993,0.071936,42.228969
1403637219738319104.000000,0.000000,0.000000,16.449270,7.660735,0.167923,0.046261,11.939241,0.072314,40.275260
1403637219788318976.000000,0.000000,0.000000,16.511971,7.245943,0.187014,0.086497,13.832158,0.082170,40.756014
1403637219838319104.000000,0.000000,0.000000,17.177694,7.201332,0.143722,0.094380,13.633885,0.079793,40.776921
1403637219888318976.000000,0.000000,0.000000,18.459903,6.058507,0.176198,0.077799,13.768095,0.085840,40.149398
1403637219938319104.000000,0.000000,0.000000,15.623146,6.814122,0.198851,0.073695,12.639498,0.060903,38.117946
1403637219988318976.000000,0.000000,0.000000,17.040735,7.296730,0.155669,0.069123,11.601228,0.059178,39.706461
1403637220038319104.000000,0.000000,0.000000,16.598688,6.387461,0.152346,0.071739,13.169552,0.421302,35.906551
1403637220088318976.000000,0.000000,0.000000,18.500630,6.912428,0.160456,0.051143,14.261825,0.075799,41.389214
1403637220138319104.000000,0.000000,0.000000,18.924070,4.700379,0.089802,0.067897,11.400656,0.088457,36.476482
1403637220188318976.000000,0.000000,0.000000,17.201745,4.587209,0.130859,0.092348,13.563137,0.102217,35.341092
1403637220238319104.000000,0.000000,0.000000,18.216279,4.879055,0.187696,0.045961,12.738078,0.074316,36.080145
1403637220288318976.000000,0.000000,0.000000,17.402686,5.659228,0.180636,0.073174,11.224845,0.055408,36.854572
1403637220338319104.000000,0.000000,0.000000,17.099678,5.929756,0.151742,0.081428,10.990191,0.057418,39.245743
1403637220388318976.000000,0.000000,0.000000,17.723071,7.040779,0.187369,0.073162,12.179013,0.085430,41.740782
1403637220438319104.000000,0.000000,0.000000,16.430926,7.405995,0.200701,0.070131,11.472202,0.090656,40.656827
1403637220488318976.000000,0.000000,0.000000,17.750756,6.936638,0.091757,0.069937,11.336413,0.051604,40.561622
1403637220538319104.000000,0.000000,0.000000,16.545088,4.610498,0.202283,0.066589,11.086312,0.344995,34.512312
1403637220588318976.000000,0.000000,0.000000,16.463275,4.761199,0.178069,0.047492,11.168120,0.061526,34.748951
1403637220638319104.000000,0.000000,0.000000,16.535711,7.409317,0.101901,0.076764,11.934400,0.075673,40.738935
1403637220688318976.000000,0.000000,0.000000,17.189124,4.894088,0.208156,0.072281,11.678904,0.107554,35.584185
1403637220738319104.000000,0.000000,0.000000,17.571797,6.664982,0.198536,0.069288,10.747044,0.067582,41.308411
1403637220788318976.000000,0.000000,0.000000,20.213523,5.160150,0.166315,0.071769,12.967789,0.195080,39.489393
1403637220838319104.000000,0.000000,0.000000,17.111378,4.364533,0.193510,0.087397,12.118640,0.063549,35.839607
1403637220888318976.000000,0.000000,0.000000,17.711183,6.671404,0.189228,0.076977,13.487604,0.078746,42.158122
1403637220938319104.000000,0.000000,0.000000,16.951196,6.569475,0.189124,0.075172,13.708070,0.069025,40.913112
1403637220988318976.000000,0.000000,0.000000,18.871094,4.511908,0.116163,0.067951,11.533827,0.061404,36.665477
1403637221038319104.000000,0.000000,0.000000,17.668747,6.093422,0.197086,0.073667,11.600581,0.353737,40.152251
1403637221088318976.000000,0.000000,0.000000,17.999469,6.352627,0.207830,0.048930,11.114874,0.062329,40.947608
1403637221138319104.000000,0.000000,0.000000,17.764345,6.327442,0.221169,0.108022,11.614322,0.089702,39.801738
1403637221188318976.000000,0.000000,0.000000,19.162746,6.829103,0.189535,0.076686,14.478970,0.085930,43.870531
1403637221238319104.000000,0.000000,0.000000,18.233251,6.243357,0.163744,0.043730,10.016164,0.048958,42.171197
1403637221288318976.000000,0.000000,0.000000,17.706026,6.866825,0.173353,0.075565,12.203111,0.063141,43.333003
1403637221338319104.000000,0.000000,0.000000,18.455487,6.374456,0.095817,0.082327,15.142732,0.103393,39.966047
1403637221388318976.000000,0.000000,0.000000,16.268192,5.563072,0.169056,0.069733,11.269816,0.091048,36.192059
1403637221438319104.000000,0.000000,0.000000,18.880709,4.916794,0.173697,0.065277,11.100280,0.466875,37.031456
1403637221488318976.000000,0.000000,0.000000,19.303857,4.217503,0.167318,0.044876,11.006018,0.062722,38.926934
1403637221538319104.000000,0.000000,0.000000,15.651209,4.976075,0.198146,0.077388,12.014831,0.179919,36.585501
1403637221588318976.000000,0.000000,0.000000,18.223574,5.081255,0.197574,0.063389,11.573750,0.070360,37.230645
1403637221638319104.000000,0.000000,0.000000,18.973895,4.679060,0.197686,0.055369,12.371966,0.061553,38.216612
1403637221688318976.000000,0.000000,0.000000,17.861220,4.230266,0.167120,0.075810,11.550227,0.059490,34.527098
1403637221738319104.000000,0.000000,0.000000,19.315887,6.223902,0.189546,0.074516,11.896962,0.110359,41.876027
1403637221788318976.000000,0.000000,0.000000,18.324371,6.583792,0.189181,0.068816,11.296799,0.083984,41.439211
1403637221838319104.000000,0.000000,0.000000,19.518418,5.521861,0.172424,0.079348,14.414455,0.110263,42.006875
1403637221888318976.000000,0.000000,0.000000,19.268594,5.820775,0.181814,0.097894,14.440967,0.083544,38.520050
1403637221938319104.000000,0.000000,0.000000,18.706406,5.389745,0.200024,0.081040,13.935652,0.531102,40.304385
1403637221988318976.000000,0.000000,0.000000,18.843147,5.052982,0.202661,0.045490,15.057618,0.140693,36.965779
1403637222038319104.000000,0.000000,0.000000,19.460804,4.201033,0.180726,0.079427,12.088489,0.113880,38.165210
1403637222088318976.000000,0.000000,0.000000,17.231123,5.778059,0.203078,0.076450,12.773372,0.111950,36.617600
1403637222138319104.000000,0.000000,0.000000,18.380181,5.720542,0.187440,0.055179,10.028469,0.073553,40.098356
1403637222188318976.000000,0.000000,0.000000,20.450686,6.809788,0.183485,0.076350,10.958349,0.376548,45.430147
1403637222238319104.000000,0.000000,0.000000,20.474872,5.984164,0.175772,0.039677,11.129402,0.064043,40.796314
1403637222288318976.000000,0.000000,0.000000,16.674765,5.986991,0.103565,0.082661,14.203557,0.127382,36.983047
1403637222338319104.000000,0.000000,0.000000,20.620396,5.509231,0.175675,0.076112,13.638832,0.077220,42.703072
1403637222388318976.000000,0.000000,0.000000,18.409960,4.505297,0.208152,0.062715,13.541347,0.055938,37.228993
1403637222438319104.000000,0.000000,0.000000,18.021790,4.370722,0.196718,0.073599,13.507303,0.399581,35.363798
1403637222488318976.000000,0.000000,0.000000,14.976701,5.338766,0.195304,0.050773,13.138875,0.079147,33.948116
1403637222538319104.000000,0.000000,0.000000,18.944228,6.478180,0.205717,0.067802,12.245998,0.105822,40.562751
1403637222588318976.000000,0.000000,0.000000,19.029185,5.912213,0.172403,0.066852,11.700748,0.119538,40.342111
1403637222638319104.000000,0.000000,0.000000,18.678365,6.148454,0.198038,0.042065,10.483395,0.076555,40.144779
1403637222688318976.000000,0.000000,0.000000,20.347479,3.904951,0.260835,0.075632,13.193876,0.559708,37.229177
1403637222738319104.000000,0.000000,0.000000,19.573630,9.204679,0.202305,0.046429,10.843502,0.065652,45.776268
1403637222788318976.000000,0.000000,0.000000,25.352883,4.677942,0.166961,0.064357,12.279770,0.067604,45.581417
1403637222838319104.000000,0.000000,0.000000,18.825659,6.261387,0.195441,0.066118,13.392736,0.093988,42.436138
1403637222888318976.000000,0.000000,0.000000,17.459464,5.715130,0.173812,0.047744,11.190274,0.055726,36.625884
1403637222938319104.000000,0.000000,0.000000,19.000796,6.978856,0.192930,0.084397,13.828090,0.447157,43.836782
1403637222988318976.000000,0.000000,0.000000,19.392724,3.927185,0.193772,0.053461,13.087470,0.081871,37.070668
1403637223038319104.000000,0.000000,0.000000,20.168969,6.941751,0.161187,0.074238,13.516076,0.095668,44.507651
1403637223088318976.000000,0.000000,0.000000,19.004893,7.754542,0.181643,0.041686,14.196876,0.071766,41.811126
1403637223138319104.000000,0.000000,0.000000,17.764746,5.492589,0.242736,0.051714,13.026651,0.081479,39.393872
1403637223188318976.000000,0.000000,0.000000,18.172012,5.515935,0.174685,0.088343,15.340488,0.457467,39.139171
1403637223238319104.000000,0.000000,0.000000,17.918349,5.536412,0.191466,0.048941,14.368703,0.078501,37.161344
1403637223288318976.000000,0.000000,0.000000,19.532796,4.871711,0.179531,0.080147,14.290463,0.092073,39.453632
1403637223338319104.000000,0.000000,0.000000,18.858560,8.280851,0.169225,0.068770,14.588809,0.077677,44.309814
1403637223388318976.000000,0.000000,0.000000,19.506566,4.879813,0.195941,0.053751,13.809188,0.077873,38.286417
1403637223438319104.000000,0.000000,0.000000,18.297445,5.341372,0.267669,0.049566,11.513935,0.055420,39.807858
1403637223488318976.000000,0.000000,0.000000,17.809918,5.203034,0.197682,0.067232,14.483992,0.067954,37.575464
1403637223538319104.000000,0.000000,0.000000,18.564244,4.661752,0.215565,0.066003,11.574139,0.053616,38.219631
1403637223588318976.000000,0.000000,0.000000,19.097260,5.561021,0.206817,0.066242,14.002249,0.059622,43.170352
1403637223638319104.000000,0.000000,0.000000,18.523611,5.599947,0.210873,0.060751,11.610384,0.053870,41.165394
1403637223688318976.000000,0.000000,0.000000,20.882175,5.347055,0.209511,0.050331,11.170067,0.350293,42.218108
1403637223738319104.000000,0.000000,0.000000,19.590274,5.848611,0.209112,0.051504,15.035754,0.081873,43.341016
1403637223788318976.000000,0.000000,0.000000,18.490159,6.166229,0.212931,0.070354,15.149470,0.134622,42.004235
1403637223838319104.000000,0.000000,0.000000,19.668157,6.065410,0.223415,0.104853,11.578310,0.064683,43.813283
1403637223888318976.000000,0.000000,0.000000,18.290412,5.841154,0.177248,0.037538,10.886636,0.058737,40.405962
1403637223938319104.000000,0.000000,0.000000,18.348528,5.511057,0.209876,0.052405,11.846863,0.053409,39.559473
1403637223988318976.000000,0.000000,0.000000,19.393694,6.933135,0.207476,0.060103,11.751959,0.053687,43.967351
1403637224038319104.000000,0.000000,0.000000,19.253024,6.702448,0.182246,0.051118,11.670988,0.053875,44.272509
1403637224088318976.000000,0.000000,0.000000,19.523945,7.226966,0.181572,0.043823,11.378129,0.055236,42.414080
1403637224138319104.000000,0.000000,0.000000,18.367709,5.888357,0.186721,0.045719,11.667340,0.055536,41.758427
1403637224188318976.000000,0.000000,0.000000,19.805430,6.112184,0.178420,0.080187,15.681163,0.472848,43.214044
1403637224238319104.000000,0.000000,0.000000,18.776059,4.276931,0.180158,0.040715,11.388344,0.058299,37.862156
1403637224288318976.000000,0.000000,0.000000,18.393686,4.408593,0.170406,0.068401,12.063922,0.084350,38.106726
1403637224338319104.000000,0.000000,0.000000,19.629002,4.631021,0.199208,0.064799,11.404003,0.064621,40.316106
1403637224388318976.000000,0.000000,0.000000,19.775720,4.578500,0.173494,0.041161,10.620038,0.051100,39.872332
1403637224438319104.000000,0.000000,0.000000,16.615817,5.169094,0.187057,0.054057,11.194568,0.052830,36.594540
1403637224488318976.000000,0.000000,0.000000,20.063056,4.273811,0.197979,0.059362,11.352836,0.050855,39.314741
1403637224538319104.000000,0.000000,0.000000,19.288622,4.025124,0.173407,0.058134,14.535462,0.065167,38.323247
1403637224588318976.000000,0.000000,0.000000,19.027770,7.308456,0.172493,0.067650,11.560033,0.053957,42.088424
1403637224638319104.000000,0.000000,0.000000,18.089323,4.386844,0.204538,0.054796,11.206152,0.053222,38.137035
1403637224688318976.000000,0.000000,0.000000,19.749709,4.863178,0.198975,0.052711,14.275737,0.373556,39.357043
1403637224738319104.000000,0.000000,0.000000,19.061975,4.222078,0.176730,0.047752,14.567780,0.075261,40.114204
1403637224788318976.000000,0.000000,0.000000,19.652946,3.971054,0.209774,0.068980,14.011184,0.149329,39.299568
1403637224838319104.000000,0.000000,0.000000,18.576549,5.975720,0.101944,0.071929,13.130789,0.092791,41.704404
1403637224888318976.000000,0.000000,0.000000,18.028973,5.605385,0.130716,0.037972,10.864189,0.065418,41.060955
1403637224938319104.000000,0.000000,0.000000,18.099039,4.102969,0.219804,0.069355,11.766190,0.053053,37.870971
1403637224988318976.000000,0.000000,0.000000,19.946472,6.247307,0.173281,0.073240,11.684150,0.052236,41.901090
1403637225038319104.000000,0.000000,0.000000,18.936709,4.185806,0.184633,0.074314,15.411923,0.068182,38.048735
1403637225088318976.000000,0.000000,0.000000,18.865718,4.632544,0.224842,0.077538,13.823127,0.061023,39.011989
1403637225138319104.000000,0.000000,0.000000,19.524770,6.148062,0.175829,0.067473,11.483955,0.052675,44.544849
1403637225188318976.000000,0.000000,0.000000,18.840299,5.273359,0.174037,0.077555,12.831154,0.458829,37.507709
1403637225238319104.000000,0.000000,0.000000,21.999954,5.038168,0.102932,0.046479,12.048038,0.086579,43.162308
1403637225288318976.000000,0.000000,0.000000,22.743988,6.400228,0.105250,0.069004,13.854804,0.119001,49.236435
1403637225338319104.000000,0.000000,0.000000,17.825375,4.194757,0.101695,0.065153,12.655756,0.087449,37.081972
1403637225388318976.000000,0.000000,0.000000,16.178098,4.115477,0.109503,0.071870,14.541037,0.059275,35.263795
1403637225438319104.000000,0.000000,0.000000,17.341460,4.173820,0.196926,0.052193,11.685316,0.056934,36.105934
1403637225488318976.000000,0.000000,0.000000,19.300170,4.590204,0.181198,0.070358,11.602644,0.097269,40.439799
1403637225538319104.000000,0.000000,0.000000,18.573752,6.246501,0.178129,0.064765,11.680754,0.057418,40.641387
1403637225588318976.000000,0.000000,0.000000,19.734989,5.442948,0.249285,0.074024,13.592554,0.464368,41.717687
1403637225638319104.000000,0.000000,0.000000,17.837428,6.122460,0.243504,0.049007,13.898906,0.092645,39.078697
1403637225688318976.000000,0.000000,0.000000,18.692143,4.256898,0.248245,0.062436,12.395131,0.142386,38.989816
1403637225738319104.000000,0.000000,0.000000,18.446174,4.532526,0.193832,0.064122,13.299257,0.127612,38.163364
1403637225788318976.000000,0.000000,0.000000,17.359591,4.297363,0.196561,0.060087,12.227182,0.499064,40.063239
1403637225838319104.000000,0.000000,0.000000,18.105456,5.547169,0.185284,0.040774,12.733649,0.106965,42.046754
1403637225888318976.000000,0.000000,0.000000,17.297307,5.954429,0.174965,0.069574,12.581125,0.108574,41.524130
1403637225938319104.000000,0.000000,0.000000,19.300974,5.781356,0.199411,0.061422,12.711170,0.114433,44.878935
1403637225988318976.000000,0.000000,0.000000,19.668099,4.677089,0.166499,0.034858,12.642989,0.370608,41.229093
1403637226038319104.000000,0.000000,0.000000,18.060004,4.402831,0.201252,0.055288,12.648029,0.075231,39.218534
1403637226088318976.000000,0.000000,0.000000,19.496078,3.996973,0.222345,0.065288,11.637405,0.072649,36.964276
1403637226138319104.000000,0.000000,0.000000,19.308051,4.226408,0.221443,0.080967,13.017978,0.066649,39.179512
1403637226188318976.000000,0.000000,0.000000,19.726959,4.222077,0.216950,0.080322,13.492316,0.340196,38.902562
1403637226238319104.000000,0.000000,0.000000,20.619139,5.394253,0.190953,0.039311,13.720327,0.082288,44.766502
1403637226288318976.000000,0.000000,0.000000,18.818508,6.580531,0.188056,0.059284,12.216509,0.060474,43.597281
1403637226338319104.000000,0.000000,0.000000,19.567960,7.027538,0.186260,0.066919,13.778002,0.069096,44.329139
1403637226388318976.000000,0.000000,0.000000,20.320389,5.895516,0.196377,0.043643,13.426455,0.356070,43.778840
1403637226438319104.000000,0.000000,0.000000,20.232891,5.745080,0.187427,0.037244,13.547827,0.064396,43.595190
1403637226488318976.000000,0.000000,0.000000,20.144337,4.570850,0.115756,0.085196,14.848017,0.076588,40.941949
1403637226538319104.000000,0.000000,0.000000,17.063321,5.291868,0.097061,0.061656,12.097936,0.056508,38.443662
1403637226588318976.000000,0.000000,0.000000,19.615520,7.201688,0.215228,0.067908,10.606231,0.272331,41.389130
1403637226638319104.000000,0.000000,0.000000,19.042825,4.161735,0.189453,0.042307,13.636438,0.062143,41.244592
1403637226688318976.000000,0.000000,0.000000,19.195764,5.891881,0.223135,0.066208,12.240508,0.070446,39.822778
1403637226738319104.000000,0.000000,0.000000,18.786393,4.383445,0.178815,0.044192,11.798775,0.059096,39.248843
1403637226788318976.000000,0.000000,0.000000,18.066064,5.471966,0.201110,0.057055,11.991706,0.055718,44.012135
1403637226838319104.000000,0.000000,0.000000,18.485173,4.263022,0.212602,0.066941,11.656441,0.313702,37.470291
1403637226888318976.000000,0.000000,0.000000,18.422630,5.970595,0.218529,0.037072,11.848529,0.059086,43.194704
1403637226938319104.000000,0.000000,0.000000,18.109903,4.080177,0.282595,0.067390,12.918519,0.075261,39.405466
1403637226988318976.000000,0.000000,0.000000,17.477231,5.359602,0.235915,0.061521,12.787018,0.075570,40.533283
1403637227038319104.000000,0.000000,0.000000,18.147175,6.110720,0.216563,0.055375,11.881785,0.375512,42.313435
1403637227088318976.000000,0.000000,0.000000,17.941530,6.163545,0.235678,0.050107,11.999133,0.075418,41.646137
1403637227138319104.000000,0.000000,0.000000,18.577106,6.647684,0.235942,0.069150,16.340109,0.123878,44.687200
1403637227188318976.000000,0.000000,0.000000,18.356126,7.591225,0.190972,0.064656,12.541067,0.065803,44.551431
1403637227238319104.000000,0.000000,0.000000,18.574304,5.704309,0.217677,0.047092,11.373216,0.423458,42.606537
1403637227288318976.000000,0.000000,0.000000,19.009177,6.230082,0.191985,0.034860,11.461529,0.079736,43.930406
1403637227338319104.000000,0.000000,0.000000,18.660548,6.350780,0.225594,0.065089,11.593877,0.131523,42.998071
1403637227388318976.000000,0.000000,0.000000,18.576916,4.398668,0.189830,0.059804,12.835839,0.107811,37.876844
1403637227438319104.000000,0.000000,0.000000,20.047818,6.183477,0.181325,0.040453,10.434149,0.052593,45.529733
1403637227488318976.000000,0.000000,0.000000,23.910434,4.140756,0.222207,0.055524,10.658796,0.359336,43.684945
1403637227538319104.000000,0.000000,0.000000,18.065055,6.034053,0.211658,0.036260,10.967059,0.062775,41.756774
1403637227588318976.000000,0.000000,0.000000,19.105476,4.049594,0.184818,0.064216,13.334208,0.108982,38.963659
1403637227638319104.000000,0.000000,0.000000,18.574794,4.083045,0.208147,0.064207,13.608458,0.079395,37.496153
1403637227688318976.000000,0.000000,0.000000,18.073128,7.301707,0.191438,0.049331,11.976950,0.135677,44.767647
1403637227738319104.000000,0.000000,0.000000,19.613670,4.080301,0.205228,0.068382,10.762981,0.049495,43.907696
1403637227788318976.000000,0.000000,0.000000,18.139353,3.911379,0.194654,0.044240,11.443872,0.053684,38.094784
1403637227838319104.000000,0.000000,0.000000,18.133896,4.228131,0.210226,0.048430,11.294108,0.053591,37.528043
1403637227888318976.000000,0.000000,0.000000,18.150091,4.176394,0.209488,0.048764,12.157610,0.051285,37.800343
1403637227938319104.000000,0.000000,0.000000,19.231785,4.090680,0.244196,0.065067,13.067796,0.056269,38.839506
1403637227988318976.000000,0.000000,0.000000,19.160705,4.472633,0.211698,0.056540,11.285719,0.429693,38.774640
1403637228038319104.000000,0.000000,0.000000,18.533529,3.965035,0.199338,0.060693,13.348485,0.090309,37.931836
1403637228088318976.000000,0.000000,0.000000,17.848716,4.167166,0.210550,0.072510,15.465775,0.156064,37.756935
1403637228138319104.000000,0.000000,0.000000,18.828522,5.674921,0.195051,0.077249,16.215912,0.146141,45.283649
1403637228188318976.000000,0.000000,0.000000,18.301829,3.976179,0.105598,0.072150,13.556896,0.091198,37.768959
1403637228238319104.000000,0.000000,0.000000,19.461317,4.080305,0.189612,0.044598,11.020518,0.083664,39.720566
1403637228288318976.000000,0.000000,0.000000,18.522594,3.853883,0.132946,0.048286,11.645838,0.058232,37.987339
1403637228338319104.000000,0.000000,0.000000,20.599709,4.097973,0.182952,0.071120,12.863332,0.075346,39.259740
1403637228388318976.000000,0.000000,0.000000,19.758805,4.014367,0.191327,0.071685,13.688451,0.073228,38.304837
1403637228438319104.000000,0.000000,0.000000,18.599283,4.098151,0.231037,0.056398,12.304658,0.062979,37.600345
1403637228488318976.000000,0.000000,0.000000,18.214123,5.971008,0.260261,0.056540,12.432698,0.380031,42.733101
1403637228538319104.000000,0.000000,0.000000,18.121336,4.082751,0.206601,0.050191,13.062550,0.091379,37.438632
1403637228588318976.000000,0.000000,0.000000,17.999272,3.904185,0.214405,0.072848,12.606486,0.087875,36.785990
1403637228638319104.000000,0.000000,0.000000,19.248956,5.521143,0.208911,0.073538,13.950275,0.113691,42.803823
1403637228688318976.000000,0.000000,0.000000,19.555211,5.681365,0.193398,0.073529,12.362287,0.073533,44.666739
1403637228738319104.000000,0.000000,0.000000,18.189621,3.983813,0.209293,0.044389,11.670469,0.061763,40.592952
1403637228788318976.000000,0.000000,0.000000,18.235492,5.864259,0.118394,0.075538,14.473108,0.070958,41.432263
1403637228838319104.000000,0.000000,0.000000,18.596443,4.417796,0.221822,0.068652,14.141538,0.511421,37.524986
1403637228888318976.000000,0.000000,0.000000,19.479614,4.168962,0.183827,0.041922,13.061468,0.085822,39.552140
1403637228938319104.000000,0.000000,0.000000,18.960414,5.628535,0.125364,0.081899,14.297301,0.125746,40.354790
1403637228988318976.000000,0.000000,0.000000,17.901469,7.790175,0.115926,0.075648,13.202003,0.131397,44.941745
1403637229038319104.000000,0.000000,0.000000,18.330211,5.617883,0.213147,0.042061,12.289449,0.069632,41.716714
1403637229088318976.000000,0.000000,0.000000,17.695951,3.750698,0.228995,0.053654,12.246980,0.076779,36.698161
1403637229138319104.000000,0.000000,0.000000,18.757027,5.791394,0.204419,0.067325,13.065261,0.066621,42.650717
1403637229188318976.000000,0.000000,0.000000,17.350211,4.062238,0.192275,0.053958,11.702065,0.072507,38.729439
1403637229238319104.000000,0.000000,0.000000,19.917640,4.247941,0.194320,0.051765,11.524316,0.065541,42.222189
1403637229288318976.000000,0.000000,0.000000,17.833846,4.003508,0.202319,0.078240,14.870692,0.595475,39.110910
1403637229338319104.000000,0.000000,0.000000,17.918334,5.527154,0.215068,0.059919,12.637134,0.126374,42.305722
1403637229388318976.000000,0.000000,0.000000,16.061294,4.063069,0.125444,0.073610,12.055121,0.090771,36.003722
1403637229438319104.000000,0.000000,0.000000,17.041732,4.060778,0.107842,0.069681,11.962298,0.141414,36.584915
1403637229488318976.000000,0.000000,0.000000,16.776203,4.165104,0.219139,0.352501,11.538668,0.084952,36.550529
1403637229538319104.000000,0.000000,0.000000,17.976014,5.712317,0.214608,0.036574,9.752730,0.072352,41.676164
1403637229588318976.000000,0.000000,0.000000,17.989831,5.984144,0.200583,0.070409,13.168013,0.717878,42.710189
1403637229638319104.000000,0.000000,0.000000,16.371535,4.134236,0.211856,0.090268,12.714218,0.082909,37.851284
1403637229688318976.000000,0.000000,0.000000,16.777911,5.917052,0.200579,0.076672,14.280491,0.140012,40.757203
1403637229738319104.000000,0.000000,0.000000,16.917826,5.640056,0.201154,0.083249,13.421418,0.124043,39.070535
1403637229788318976.000000,0.000000,0.000000,16.249952,5.098938,0.107814,0.060391,11.550964,0.107555,38.034621
1403637229838319104.000000,0.000000,0.000000,17.110925,4.367339,0.109611,0.065205,12.016538,0.095297,38.610392
1403637229888318976.000000,0.000000,0.000000,15.807814,4.996635,0.216103,0.076908,12.228106,0.108647,37.476083
1403637229938319104.000000,0.000000,0.000000,15.080439,5.288534,0.335306,0.076423,12.620381,0.116393,37.401249
1403637229988318976.000000,0.000000,0.000000,15.361039,5.430307,0.226385,0.076816,11.738482,0.643894,37.947280
1403637230038319104.000000,0.000000,0.000000,16.085195,4.137228,0.270613,0.055742,12.821705,0.086136,35.627480
1403637230088318976.000000,0.000000,0.000000,16.056671,5.388191,0.215077,0.080259,13.180231,0.135712,38.698162
1403637230138319104.000000,0.000000,0.000000,18.089926,4.208383,0.201731,0.083661,13.320237,0.136433,40.809576
1403637230188318976.000000,0.000000,0.000000,16.623380,6.067868,0.202662,0.073363,11.697498,0.079025,40.145751
1403637230238319104.000000,0.000000,0.000000,16.722350,6.877487,0.236585,0.051536,10.694483,0.080242,40.521019
1403637230288318976.000000,0.000000,0.000000,18.026188,5.730757,0.186105,0.068417,11.720625,0.088719,41.933559
1403637230338319104.000000,0.000000,0.000000,20.187909,5.398635,0.176316,0.099593,11.034711,0.066864,43.059128
1403637230388318976.000000,0.000000,0.000000,16.940087,6.559849,0.205400,0.060573,11.556251,0.620913,40.805049
1403637230438319104.000000,0.000000,0.000000,17.707240,5.826893,0.189756,0.068009,14.033573,0.084224,42.460097
1403637230488318976.000000,0.000000,0.000000,16.790113,4.296918,0.192213,0.077369,12.009455,0.078946,37.231785
1403637230538319104.000000,0.000000,0.000000,17.186654,4.078346,0.200204,0.073478,12.068799,0.129564,35.519235
1403637230588318976.000000,0.000000,0.000000,17.319517,5.815117,0.212183,0.153084,13.939352,0.113874,40.460163
1403637230638319104.000000,0.000000,0.000000,15.773825,4.544166,0.193014,0.059589,12.994844,0.662236,37.129687
1403637230688318976.000000,0.000000,0.000000,18.086790,4.854989,0.179494,0.046816,12.601979,0.091467,38.641355
1403637230738319104.000000,0.000000,0.000000,17.318867,6.033926,0.177256,0.076639,13.792322,0.149973,40.073637
1403637230788318976.000000,0.000000,0.000000,16.180313,4.469228,0.192237,0.070133,12.758052,0.142077,36.213645
1403637230838319104.000000,0.000000,0.000000,16.989299,4.821209,0.185836,0.058759,13.237203,0.121028,37.899668
1403637230888318976.000000,0.000000,0.000000,16.254550,5.726245,0.192138,0.072010,12.042264,0.587678,39.506668
1403637230938319104.000000,0.000000,0.000000,15.982588,5.364587,0.207115,0.046045,11.684596,0.076407,38.339857
1403637230988318976.000000,0.000000,0.000000,15.655807,6.016625,0.192658,0.065929,12.780268,0.118228,37.811812
1403637231038319104.000000,0.000000,0.000000,15.028873,5.642708,0.179366,0.070324,13.790067,0.097200,36.361495
1403637231088318976.000000,0.000000,0.000000,14.784179,6.266467,0.192609,0.038881,10.580044,0.070993,41.161075
1403637231138319104.000000,0.000000,0.000000,14.400044,5.754077,0.168838,0.035248,11.281892,0.611717,36.405835
1403637231188318976.000000,0.000000,0.000000,14.769602,6.892086,0.187542,0.051593,12.651621,0.116874,37.017690
1403637231238319104.000000,0.000000,0.000000,14.979621,5.014438,0.171102,0.073849,12.897012,0.119328,35.456509
1403637231288318976.000000,0.000000,0.000000,14.587399,6.756100,0.165988,0.064394,15.377098,0.104263,36.763064
1403637231338319104.000000,0.000000,0.000000,15.216520,5.879079,0.174435,0.040534,11.343663,0.081642,37.841334
1403637231388318976.000000,0.000000,0.000000,15.959617,5.312882,0.192071,0.052888,12.908298,0.686625,35.231312
1403637231438319104.000000,0.000000,0.000000,14.956903,5.215874,0.180965,0.055956,11.482255,0.081155,35.280186
1403637231488318976.000000,0.000000,0.000000,14.248979,5.331233,0.188554,0.077789,13.980806,0.128863,34.805504
1403637231538319104.000000,0.000000,0.000000,14.767925,6.505696,0.163892,0.063000,12.425683,0.096869,39.382335
1403637231588318976.000000,0.000000,0.000000,17.069064,7.739940,0.169505,0.062533,12.723781,0.100029,42.863777
1403637231638319104.000000,0.000000,0.000000,15.869706,6.450335,0.177077,0.043638,11.468567,0.663855,38.740971
1403637231688318976.000000,0.000000,0.000000,14.530423,5.067064,0.212455,0.062424,13.561029,0.087482,33.814230
1403637231738319104.000000,0.000000,0.000000,14.917006,5.523988,0.190826,0.084198,14.077825,0.148208,35.346917
1403637231788318976.000000,0.000000,0.000000,14.778057,5.353441,0.202834,0.069993,13.208560,0.144234,35.540888
1403637231838319104.000000,0.000000,0.000000,15.855299,5.777549,0.231382,0.064943,13.170751,0.107699,37.256735
1403637231888318976.000000,0.000000,0.000000,15.342429,7.282866,0.216432,0.036323,10.087465,0.649256,40.012209
1403637231938319104.000000,0.000000,0.000000,15.136703,4.615530,0.201513,0.052036,12.271463,0.128465,34.806737
1403637231988318976.000000,0.000000,0.000000,14.866503,5.344375,0.209019,0.062433,12.810584,0.135405,38.074563
1403637232038319104.000000,0.000000,0.000000,14.914572,6.274811,0.241097,0.070665,12.110570,0.159513,41.197067
1403637232088318976.000000,0.000000,0.000000,15.294923,5.781642,0.230401,0.065338,12.798749,0.113435,42.210720
1403637232138319104.000000,0.000000,0.000000,15.265922,6.031385,0.240631,0.035832,11.027850,0.764164,39.245348
1403637232188318976.000000,0.000000,0.000000,15.643861,5.509332,0.209954,0.052579,13.831915,0.102887,36.640603
1403637232238319104.000000,0.000000,0.000000,15.746805,4.637479,0.224461,0.067742,13.640959,0.149829,36.251883
1403637232288318976.000000,0.000000,0.000000,15.498439,5.251809,0.208095,0.063584,13.305264,0.094357,38.108307
1403637232338319104.000000,0.000000,0.000000,15.062254,8.164389,0.215320,0.041901,12.311876,0.139129,41.531673
1403637232388318976.000000,0.000000,0.000000,14.892867,4.840186,0.248741,0.035153,10.277324,0.637225,36.098503
1403637232438319104.000000,0.000000,0.000000,15.047665,5.337410,0.248771,0.071894,12.931627,0.125834,36.893510
1403637232488318976.000000,0.000000,0.000000,14.745595,5.288003,0.244444,0.070647,11.286491,0.133699,37.231544
1403637232538319104.000000,0.000000,0.000000,15.772843,5.378763,0.241632,0.062401,11.530943,0.148948,38.405645
1403637232588318976.000000,0.000000,0.000000,14.981594,6.922319,0.242602,0.051198,10.575956,0.094373,39.961853
1403637232638319104.000000,0.000000,0.000000,15.301049,6.469241,0.160575,0.031115,9.676973,0.734006,38.737213
1403637232688318976.000000,0.000000,0.000000,14.532111,6.228411,0.219449,0.055434,10.544160,0.077561,36.175259
1403637232738319104.000000,0.000000,0.000000,14.697158,7.000963,0.054275,0.061746,13.447434,0.121196,39.844392
1403637232788318976.000000,0.000000,0.000000,15.400361,7.253863,0.203120,0.054745,10.353336,0.078832,40.888237
1403637232838319104.000000,0.000000,0.000000,15.816202,5.344976,0.210621,0.044247,9.413891,0.082002,38.627189
1403637232888318976.000000,0.000000,0.000000,14.615468,6.817782,0.204505,0.036939,8.815834,0.742937,40.655339
1403637232938319104.000000,0.000000,0.000000,15.864413,5.420326,0.212943,0.039190,9.684119,0.075637,38.695043
1403637232988318976.000000,0.000000,0.000000,15.428662,5.886316,0.192289,0.060712,13.119982,0.171203,38.190958
1403637233038319104.000000,0.000000,0.000000,15.299054,6.470017,0.239033,0.057869,12.612666,0.162422,38.178068
1403637233088318976.000000,0.000000,0.000000,15.050086,6.754941,0.221618,0.050219,10.489098,0.095818,38.267520
1403637233138319104.000000,0.000000,0.000000,15.062910,6.575912,0.198419,0.028438,7.459647,0.683930,36.712664
1403637233188318976.000000,0.000000,0.000000,15.908751,5.257294,0.194381,0.053865,12.329406,0.097005,36.057216
1403637233238319104.000000,0.000000,0.000000,15.473094,7.246135,0.193039,0.061573,11.786085,0.086617,42.357641
1403637233288318976.000000,0.000000,0.000000,16.489590,7.737341,0.184082,0.048517,11.763637,0.133706,40.809830
1403637233338319104.000000,0.000000,0.000000,15.719388,5.915499,0.200948,0.045775,10.383919,0.096750,37.857287
1403637233388318976.000000,0.000000,0.000000,14.738581,6.018471,0.353033,0.043405,11.261606,0.775794,36.868804
1403637233438319104.000000,0.000000,0.000000,14.421414,4.939322,0.195050,0.057781,11.879240,0.098778,34.987646
1403637233488318976.000000,0.000000,0.000000,15.723088,5.130287,0.197275,0.055092,10.594247,0.125989,33.975591
1403637233538319104.000000,0.000000,0.000000,14.712238,7.412347,0.196698,0.057051,12.838185,0.130961,40.271756
1403637233588318976.000000,0.000000,0.000000,15.093060,6.660576,0.196196,0.058273,12.192440,0.084934,39.460466
1403637233638319104.000000,0.000000,0.000000,15.425245,6.844712,0.193472,0.042213,9.574964,0.983201,40.714255
1403637233688318976.000000,0.000000,0.000000,14.184984,7.121439,0.188039,0.066994,10.221133,0.104445,39.472910
1403637233738319104.000000,0.000000,0.000000,14.838484,6.643617,0.187730,0.070233,12.854891,0.143730,36.856569
1403637233788318976.000000,0.000000,0.000000,15.064422,5.973951,0.188127,0.059548,11.465557,0.149586,36.918557
1403637233838319104.000000,0.000000,0.000000,14.336331,5.316187,0.191443,0.056465,11.402632,0.094186,35.761414
1403637233888318976.000000,0.000000,0.000000,15.483013,6.007421,0.198537,0.042506,7.915839,0.663741,38.428593
1403637233938319104.000000,0.000000,0.000000,14.774259,5.475687,0.189101,0.054464,11.124137,0.138472,36.872102
1403637233988318976.000000,0.000000,0.000000,14.434922,6.387931,0.200432,0.061720,12.222055,0.155448,37.981199
1403637234038319104.000000,0.000000,0.000000,14.381565,5.320673,0.193144,0.056216,13.259316,0.149289,37.586138
1403637234088318976.000000,0.000000,0.000000,14.508376,6.452791,0.169744,0.050914,10.877399,0.131797,38.542049
1403637234138319104.000000,0.000000,0.000000,15.638564,5.722490,0.185636,0.038882,10.775631,0.091037,36.833139
1403637234188318976.000000,0.000000,0.000000,14.786402,7.468383,0.198529,0.077370,12.236803,0.124423,36.392285
1403637234238319104.000000,0.000000,0.000000,14.591304,5.365825,0.177476,0.050705,10.161468,0.677624,35.521887
1403637234288318976.000000,0.000000,0.000000,14.427882,5.223570,0.183989,0.061719,13.755617,0.145744,35.034958
1403637234338319104.000000,0.000000,0.000000,14.852803,6.475247,0.196636,0.066979,13.770429,0.142346,36.660164
1403637234388318976.000000,0.000000,0.000000,17.708088,6.932900,0.202063,0.060068,12.525878,0.109182,42.369650
1403637234438319104.000000,0.000000,0.000000,14.735544,5.622580,0.171154,0.051571,12.785524,0.119562,36.015463
1403637234488318976.000000,0.000000,0.000000,13.943879,5.736408,0.194951,0.044215,11.325191,0.084300,35.734880
1403637234538319104.000000,0.000000,0.000000,15.262351,6.934997,0.183380,0.051992,12.734785,0.087337,45.733808
1403637234588318976.000000,0.000000,0.000000,14.929104,8.081276,0.188827,0.054954,14.096636,0.764751,40.788318
1403637234638319104.000000,0.000000,0.000000,13.668677,5.554066,0.197516,0.040688,12.263971,0.084638,35.948696
1403637234688318976.000000,0.000000,0.000000,13.688678,7.162023,0.188380,0.055971,10.452952,0.072877,39.040475
1403637234738319104.000000,0.000000,0.000000,15.467728,5.781031,0.200370,0.054514,11.640712,0.107217,38.200455
1403637234788318976.000000,0.000000,0.000000,13.990364,6.039674,0.205652,0.039120,10.266703,0.072173,41.371499
1403637234838319104.000000,0.000000,0.000000,13.716859,7.596368,0.208388,0.031403,10.100107,0.074327,38.309760
1403637234888318976.000000,0.000000,0.000000,14.262979,5.882731,0.190143,0.056044,10.986998,0.682424,35.840931
1403637234938319104.000000,0.000000,0.000000,13.735929,5.237871,0.114339,0.043413,12.681192,0.088055,35.793590
1403637234988318976.000000,0.000000,0.000000,14.175056,6.024108,0.228903,0.071842,14.792951,0.113608,38.147382
1403637235038319104.000000,0.000000,0.000000,14.280182,4.970618,0.240738,0.068783,13.834972,0.155046,34.011894
1403637235088318976.000000,0.000000,0.000000,14.112496,5.090827,0.212104,0.076927,18.110256,0.095008,34.954708
1403637235138319104.000000,0.000000,0.000000,14.324046,5.080975,0.235156,0.063430,12.843553,0.085117,36.503256
1403637235188318976.000000,0.000000,0.000000,15.292767,5.791916,0.115696,0.059225,14.365928,0.741693,38.246313
1403637235238319104.000000,0.000000,0.000000,14.225004,6.268292,0.225222,0.053238,14.608892,0.152965,39.794369
1403637235288318976.000000,0.000000,0.000000,16.879370,5.418335,0.209946,0.067804,13.034051,0.131834,37.978819
1403637235338319104.000000,0.000000,0.000000,15.103037,8.898968,0.231861,0.070591,13.182790,0.111106,41.347575
1403637235388318976.000000,0.000000,0.000000,14.918061,4.955583,0.207025,0.070947,13.597863,0.113325,35.615444
1403637235438319104.000000,0.000000,0.000000,14.724016,6.142234,0.225741,0.046363,14.551437,0.523282,39.838426
1403637235488318976.000000,0.000000,0.000000,14.847685,5.360109,0.234519,0.046266,14.545673,0.105782,37.138530
1403637235538319104.000000,0.000000,0.000000,16.116075,6.154252,0.210887,0.063379,13.669138,0.120403,39.797064
1403637235588318976.000000,0.000000,0.000000,14.907079,5.249728,0.225078,0.063566,13.971245,0.141012,36.154232
1403637235638319104.000000,0.000000,0.000000,16.001631,9.510435,0.201488,0.061504,12.499574,0.084074,43.231961
1403637235688318976.000000,0.000000,0.000000,16.332089,7.241917,0.191986,0.061205,13.117581,0.520432,42.035435
1403637235738319104.000000,0.000000,0.000000,15.000848,7.010228,0.190270,0.044524,13.083189,0.082404,40.034626
1403637235788318976.000000,0.000000,0.000000,14.972960,6.781078,0.245852,0.067448,14.904880,0.140610,38.668767
1403637235838319104.000000,0.000000,0.000000,15.261866,5.069531,0.189064,0.062288,13.581938,0.081395,35.418273
1403637235888318976.000000,0.000000,0.000000,16.978230,5.286143,0.183746,0.059717,14.079516,0.526974,39.245649
1403637235938319104.000000,0.000000,0.000000,16.017482,6.826335,0.196107,0.042322,12.549013,0.081420,39.666730
1403637235988318976.000000,0.000000,0.000000,15.754758,5.982600,0.206448,0.060551,12.853892,0.116573,37.913680
1403637236038319104.000000,0.000000,0.000000,16.392757,5.971973,0.185743,0.057759,13.773800,0.087397,38.966047
1403637236088318976.000000,0.000000,0.000000,15.290103,6.535340,0.185367,0.034951,12.262413,0.090974,37.046478
1403637236138319104.000000,0.000000,0.000000,15.010927,7.619611,0.179995,0.047135,13.688744,0.515004,40.535143
1403637236188318976.000000,0.000000,0.000000,15.419675,6.878651,0.165225,0.057552,15.329241,0.086545,39.968042
1403637236238319104.000000,0.000000,0.000000,15.261044,7.114975,0.172460,0.057328,12.593023,0.101436,39.922019
1403637236288318976.000000,0.000000,0.000000,14.601319,7.053787,0.164427,0.063338,13.865979,0.108979,38.477911
1403637236338319104.000000,0.000000,0.000000,16.170810,4.944604,0.163081,0.057876,13.197082,0.062911,35.266390
1403637236388318976.000000,0.000000,0.000000,14.489491,4.923476,0.167915,0.074576,11.783241,0.063888,36.584073
1403637236438319104.000000,0.000000,0.000000,16.423873,5.088419,0.164775,0.044744,13.225882,0.060442,37.145448
1403637236488318976.000000,0.000000,0.000000,15.838377,5.174146,0.208563,0.039978,11.322153,0.058676,36.348919
1403637236538319104.000000,0.000000,0.000000,15.367145,8.425244,0.160580,0.041979,11.378986,0.061269,37.998849
1403637236588318976.000000,0.000000,0.000000,13.833668,5.824442,0.156634,0.042147,10.697612,0.626995,33.217693
1403637236638319104.000000,0.000000,0.000000,15.186510,5.097018,0.182003,0.073943,15.126791,0.118753,35.054045
1403637236688318976.000000,0.000000,0.000000,14.730825,7.332566,0.082231,0.068788,12.617374,0.119620,39.691165
1403637236738319104.000000,0.000000,0.000000,14.547133,5.529023,0.109885,0.074341,14.526536,0.090040,34.360812
1403637236788318976.000000,0.000000,0.000000,14.650958,5.116943,0.121778,0.080723,12.637384,0.084944,33.242490
1403637236838319104.000000,0.000000,0.000000,14.171927,4.832538,0.155622,0.057394,12.653330,0.071786,32.067961
1403637236888318976.000000,0.000000,0.000000,14.559461,5.101700,0.073576,0.068756,11.855741,0.067523,33.325237
1403637236938319104.000000,0.000000,0.000000,15.557254,7.721563,0.095076,0.066269,12.269991,0.070516,40.520163
1403637236988318976.000000,0.000000,0.000000,14.384509,8.796738,0.165809,0.063205,10.920868,0.595386,40.533294
1403637237038319104.000000,0.000000,0.000000,14.111204,6.976516,0.162184,0.055231,13.440606,0.114051,35.935627
1403637237088318976.000000,0.000000,0.000000,13.457496,5.281167,0.158273,0.080791,12.756368,0.131076,30.333075
1403637237138319104.000000,0.000000,0.000000,14.309096,8.009720,0.147051,0.068533,13.404787,0.162227,38.785380
1403637237188318976.000000,0.000000,0.000000,13.509248,8.343055,0.092989,0.068024,13.240152,0.111131,37.745360
1403637237238319104.000000,0.000000,0.000000,15.307069,8.020985,0.081289,0.059927,13.174812,0.069039,39.237326
1403637237288318976.000000,0.000000,0.000000,14.567130,7.239774,0.098480,0.071978,12.612531,0.646047,35.757092
1403637237338319104.000000,0.000000,0.000000,15.362362,6.699613,0.192272,0.044166,10.660936,0.080418,37.324379
1403637237388318976.000000,0.000000,0.000000,15.175432,6.553136,0.099943,0.083002,13.706756,0.149749,37.199304
1403637237438319104.000000,0.000000,0.000000,13.802892,5.350066,0.099580,0.065344,13.140151,0.148090,33.512705
1403637237488318976.000000,0.000000,0.000000,16.822457,7.065539,0.170993,0.060797,11.891281,0.103691,41.272678
1403637237538319104.000000,0.000000,0.000000,15.965046,8.660871,0.169668,0.042672,10.121378,0.615410,40.892046
1403637237588318976.000000,0.000000,0.000000,17.721379,7.384409,0.192589,0.055427,11.538218,0.087142,39.657741
1403637237638319104.000000,0.000000,0.000000,16.183629,5.002967,0.149019,0.074072,12.778868,0.118276,35.713619
1403637237688318976.000000,0.000000,0.000000,15.572675,6.734485,0.148199,0.066587,12.861016,0.090670,39.339974
1403637237738319104.000000,0.000000,0.000000,14.910126,6.629483,0.201404,0.046389,10.862414,0.659758,36.817329
1403637237788318976.000000,0.000000,0.000000,14.850489,7.267554,0.191560,0.047156,10.527564,0.075998,37.755482
1403637237838319104.000000,0.000000,0.000000,16.037314,6.839879,0.172959,0.076164,13.643143,0.118925,34.770118
1403637237888318976.000000,0.000000,0.000000,15.404754,5.077942,0.173657,0.067386,10.785169,0.089189,35.369116
1403637237938319104.000000,0.000000,0.000000,17.986855,6.373109,0.286481,0.039299,9.861850,0.082901,40.977571
1403637237988318976.000000,0.000000,0.000000,16.788639,6.848182,0.178991,0.064028,10.458028,0.469870,40.757449
1403637238038319104.000000,0.000000,0.000000,15.209551,4.779390,0.195231,0.053545,13.118315,0.091279,35.127696
1403637238088318976.000000,0.000000,0.000000,16.272192,4.626754,0.219049,0.068155,11.150833,0.118957,35.121803
1403637238138319104.000000,0.000000,0.000000,15.241673,6.183270,0.200206,0.069257,12.820603,0.087489,37.742607
1403637238188318976.000000,0.000000,0.000000,16.639205,5.716019,0.191574,0.058349,10.940401,0.587404,36.543567
1403637238238319104.000000,0.000000,0.000000,16.822102,6.859809,0.202961,0.053665,10.906642,0.104464,41.276120
1403637238288318976.000000,0.000000,0.000000,16.299839,6.802346,0.200064,0.075118,13.329509,0.113119,41.013099
1403637238338319104.000000,0.000000,0.000000,16.271355,7.115834,0.226654,0.068994,13.421639,0.213003,40.114486
1403637238388318976.000000,0.000000,0.000000,14.654456,6.617657,0.166322,0.076684,11.541257,0.087390,37.847631
1403637238438319104.000000,0.000000,0.000000,14.761738,6.857185,0.174235,0.066214,10.135423,0.554121,36.841006
1403637238488318976.000000,0.000000,0.000000,13.791389,6.756319,0.168248,0.047896,10.457469,0.073615,37.280956
1403637238538319104.000000,0.000000,0.000000,13.223136,7.974019,0.185157,0.068379,9.959160,0.097708,39.918963
1403637238588318976.000000,0.000000,0.000000,13.752623,5.205527,0.171123,0.070224,9.569556,0.076774,35.092881
1403637238638319104.000000,0.000000,0.000000,14.153542,5.035034,0.186369,0.046105,8.918286,0.056706,33.197499
1403637238688318976.000000,0.000000,0.000000,13.623565,5.049020,0.181976,0.051860,9.366877,0.491799,34.489417
1403637238738319104.000000,0.000000,0.000000,13.598999,5.325148,0.216380,0.042140,9.707232,0.071346,33.540103
1403637238788318976.000000,0.000000,0.000000,13.339105,4.703376,0.220218,0.098827,10.734469,0.072953,32.334917
1403637238838319104.000000,0.000000,0.000000,13.342377,4.761054,0.220205,0.071009,12.993863,0.097670,33.847893
1403637238888318976.000000,0.000000,0.000000,13.608062,5.626291,0.218873,0.049224,11.191714,0.649483,35.772109
1403637238938319104.000000,0.000000,0.000000,14.009696,7.865214,0.191853,0.042993,10.347720,0.073260,40.562615
1403637238988318976.000000,0.000000,0.000000,14.320260,7.231872,0.199600,0.081986,14.565584,0.136994,39.459051
1403637239038319104.000000,0.000000,0.000000,13.950059,8.114704,0.208340,0.069276,10.647161,0.105034,44.589136
1403637239088318976.000000,0.000000,0.000000,12.844745,7.402039,0.210189,0.044343,9.604528,0.655961,37.268751
1403637239138319104.000000,0.000000,0.000000,14.312806,5.147432,0.200270,0.057313,12.951390,0.136574,38.422065
1403637239188318976.000000,0.000000,0.000000,14.984483,6.803754,0.223073,0.072327,13.663169,0.141408,40.459903
1403637239238319104.000000,0.000000,0.000000,14.411543,5.665076,0.209480,0.079083,13.988585,0.134793,37.995629
1403637239288318976.000000,0.000000,0.000000,13.378830,5.982596,0.195041,0.039948,11.511503,0.597838,37.009792
1403637239338319104.000000,0.000000,0.000000,13.875258,6.251486,0.225341,0.055872,13.183837,0.114219,38.364954
1403637239388318976.000000,0.000000,0.000000,13.988912,7.293417,0.206499,0.082920,14.063631,0.124488,40.051163
1403637239438319104.000000,0.000000,0.000000,14.099892,9.172849,0.212348,0.070225,12.229791,0.148717,42.022985
1403637239488318976.000000,0.000000,0.000000,14.257625,6.131276,0.210695,0.074551,18.157830,0.728892,37.972037
1403637239538319104.000000,0.000000,0.000000,14.469929,8.597606,0.238906,0.062934,12.151682,0.102165,41.773745
1403637239588318976.000000,0.000000,0.000000,13.289808,7.569338,0.222880,0.072771,14.602969,0.149528,37.421262
1403637239638319104.000000,0.000000,0.000000,13.088220,8.295745,0.240239,0.065042,10.850505,0.105207,38.735589
1403637239688318976.000000,0.000000,0.000000,13.881283,5.926533,0.126344,0.089963,11.756979,0.574043,36.862562
1403637239738319104.000000,0.000000,0.000000,12.705298,7.591873,0.273262,0.057707,10.513302,0.109194,39.501234
1403637239788318976.000000,0.000000,0.000000,12.871870,5.981082,0.278811,0.064060,12.875366,0.125420,36.826414
1403637239838319104.000000,0.000000,0.000000,14.830656,7.013852,0.237367,0.059136,11.125889,0.128281,41.188167
1403637239888318976.000000,0.000000,0.000000,13.894276,6.949343,0.239749,0.058396,13.994018,0.657308,37.712254
1403637239938319104.000000,0.000000,0.000000,16.122130,6.786925,0.152592,0.056369,11.981899,0.101898,40.056432
1403637239988318976.000000,0.000000,0.000000,14.702748,7.266417,0.223607,0.058719,10.704439,0.094000,39.798863
1403637240038319104.000000,0.000000,0.000000,14.780115,6.477993,0.258349,0.077181,10.830022,0.127342,37.216969
1403637240088318976.000000,0.000000,0.000000,14.235868,6.665423,0.206420,0.056878,10.415142,0.064646,38.918794
1403637240138319104.000000,0.000000,0.000000,15.407470,7.422318,0.202981,0.054167,12.473351,0.072822,42.475591
1403637240188318976.000000,0.000000,0.000000,14.135033,5.389577,0.223265,0.066657,11.914241,0.600436,36.069629
1403637240238319104.000000,0.000000,0.000000,14.498976,6.619046,0.213758,0.050637,11.692823,0.083057,39.867910
1403637240288318976.000000,0.000000,0.000000,14.520582,5.570120,0.214020,0.070673,13.174032,0.140387,37.067358
1403637240338319104.000000,0.000000,0.000000,15.210404,4.849383,0.208489,0.064746,12.132535,0.127284,35.751449
1403637240388318976.000000,0.000000,0.000000,14.701231,6.999686,0.238844,0.054559,10.289083,0.112743,38.349249
1403637240438319104.000000,0.000000,0.000000,14.909761,5.458900,0.216231,0.043682,12.754698,0.071362,35.733923
1403637240488318976.000000,0.000000,0.000000,14.840922,5.915401,0.208189,0.042852,13.479754,0.602289,36.264412
1403637240538319104.000000,0.000000,0.000000,14.879059,5.461594,0.266323,0.053668,13.767108,0.089402,35.670132
1403637240588318976.000000,0.000000,0.000000,16.491024,6.903541,0.189347,0.066387,14.227571,0.119025,43.274826
1403637240638319104.000000,0.000000,0.000000,16.387653,5.198486,0.197572,0.066737,13.719539,0.092202,39.006648
1403637240688318976.000000,0.000000,0.000000,15.299839,7.506006,0.203317,0.046443,12.436510,0.070117,41.373780
1403637240738319104.000000,0.000000,0.000000,14.763619,8.545020,0.183353,0.047107,11.417290,0.562381,40.190907
1403637240788318976.000000,0.000000,0.000000,15.738949,6.571500,0.195531,0.069563,14.227089,0.088973,38.975509
1403637240838319104.000000,0.000000,0.000000,15.825701,6.324101,0.171575,0.079538,14.219967,0.127762,37.626370
1403637240888318976.000000,0.000000,0.000000,14.205035,6.592392,0.189188,0.070173,14.631706,0.092648,37.057145
1403637240938319104.000000,0.000000,0.000000,14.476076,5.218045,0.178012,0.062418,11.921520,0.098439,34.863488
1403637240988318976.000000,0.000000,0.000000,14.364179,7.945504,0.192101,0.066865,13.265733,0.083413,40.054865
1403637241038319104.000000,0.000000,0.000000,13.814720,5.607189,0.181381,0.066840,11.954838,0.591867,36.452270
1403637241088318976.000000,0.000000,0.000000,14.107301,6.699125,0.165110,0.059612,19.866973,0.213346,38.107788
1403637241138319104.000000,0.000000,0.000000,14.942069,5.709067,0.183755,0.074128,13.328840,0.155339,38.188667
1403637241188318976.000000,0.000000,0.000000,14.680755,9.668844,0.170968,0.072751,13.564551,0.145172,41.835799
1403637241238319104.000000,0.000000,0.000000,14.352201,7.127097,0.181428,0.125792,12.420231,0.109071,38.154743
1403637241288318976.000000,0.000000,0.000000,13.554088,4.940567,0.169072,0.053508,12.423382,0.571204,33.052747
1403637241338319104.000000,0.000000,0.000000,12.971010,6.702223,0.147446,0.047630,12.119686,0.083588,37.460413
1403637241388318976.000000,0.000000,0.000000,13.702714,5.227471,0.167262,0.075739,12.994498,0.113536,36.401719
1403637241438319104.000000,0.000000,0.000000,13.843336,7.102481,0.162825,0.070610,13.749091,0.130346,36.624713
1403637241488318976.000000,0.000000,0.000000,13.406775,6.596066,0.156623,0.043375,11.672260,0.690630,34.230875
1403637241538319104.000000,0.000000,0.000000,14.064855,5.570254,0.138584,0.043490,12.171867,0.083598,34.910506
1403637241588318976.000000,0.000000,0.000000,13.669812,6.932674,0.165370,0.075970,14.805565,0.123002,37.651698
1403637241638319104.000000,0.000000,0.000000,13.118974,6.772820,0.154990,0.069874,14.453946,0.145331,36.482468
1403637241688318976.000000,0.000000,0.000000,12.989414,6.804880,0.145374,0.044286,12.822072,0.659724,34.993181
1403637241738319104.000000,0.000000,0.000000,15.030980,5.060380,0.142529,0.053814,13.581025,0.090951,34.860809
1403637241788318976.000000,0.000000,0.000000,14.438113,8.004550,0.098823,0.068158,11.174004,0.076659,40.496750
1403637241838319104.000000,0.000000,0.000000,13.166842,5.618904,0.131103,0.066331,11.291562,0.084258,33.551666
1403637241888318976.000000,0.000000,0.000000,13.196389,5.408633,0.151717,0.041858,11.299887,0.672503,32.568539
1403637241938319104.000000,0.000000,0.000000,13.292260,7.038220,0.152695,0.054490,13.606250,0.092183,34.645162
1403637241988318976.000000,0.000000,0.000000,13.429677,7.936509,0.128375,0.063209,13.846629,0.099748,38.427026
1403637242038319104.000000,0.000000,0.000000,13.825283,5.299692,0.149854,0.060589,11.863351,0.084997,34.585337
1403637242088318976.000000,0.000000,0.000000,13.422909,7.368081,0.142851,0.042299,10.212596,0.747509,37.996310
1403637242138319104.000000,0.000000,0.000000,13.561665,6.411970,0.142804,0.052531,13.316943,0.093077,34.805708
1403637242188318976.000000,0.000000,0.000000,12.380468,5.291885,0.131565,0.066987,13.776416,0.096173,32.229415
1403637242238319104.000000,0.000000,0.000000,13.778423,9.060758,0.087299,0.065729,12.863760,0.084239,40.098057
1403637242288318976.000000,0.000000,0.000000,13.428462,6.775529,0.121616,0.042951,10.997017,0.676712,37.617658
1403637242338319104.000000,0.000000,0.000000,14.009358,6.869382,0.078320,0.056007,12.763489,0.086559,36.024599
1403637242388318976.000000,0.000000,0.000000,11.554564,5.127018,0.066040,0.065304,12.994996,0.106698,30.701116
1403637242438319104.000000,0.000000,0.000000,13.753101,5.300198,0.143473,0.048783,12.081594,0.097583,33.142032
1403637242488318976.000000,0.000000,0.000000,13.051203,4.638716,0.113808,0.042401,10.112905,0.635995,31.782214
1403637242538319104.000000,0.000000,0.000000,13.308908,4.693442,0.077690,0.041293,9.644129,0.073217,31.071697
1403637242588318976.000000,0.000000,0.000000,14.612199,5.306797,0.089705,0.058967,12.286422,0.101981,32.099006
1403637242638319104.000000,0.000000,0.000000,13.344381,4.557026,0.137466,0.056863,10.783263,0.085751,31.387185
1403637242688318976.000000,0.000000,0.000000,13.583897,4.840309,0.130706,0.043860,10.179199,0.768617,32.134054
1403637242738319104.000000,0.000000,0.000000,13.532770,5.421473,0.155867,0.055509,11.885506,0.086805,33.816621
1403637242788318976.000000,0.000000,0.000000,13.104233,7.417313,0.128718,0.054794,11.564166,0.118457,37.054914
1403637242838319104.000000,0.000000,0.000000,13.981382,6.947070,0.156697,0.053219,9.203359,0.149328,36.796251
1403637242888318976.000000,0.000000,0.000000,12.931291,5.232923,0.124242,0.046219,10.481144,0.814510,32.194069
1403637242938319104.000000,0.000000,0.000000,13.470423,7.222038,0.172047,0.060581,11.762422,0.077906,39.508872
1403637242988318976.000000,0.000000,0.000000,14.979708,7.481736,0.178566,0.070423,12.483417,0.087660,37.186009
1403637243038319104.000000,0.000000,0.000000,12.848781,5.785947,0.157199,0.045973,8.385490,0.067231,32.221369
1403637243088318976.000000,0.000000,0.000000,13.003290,5.265300,0.154485,0.058894,11.047205,0.089368,34.924443
1403637243138319104.000000,0.000000,0.000000,14.164814,5.477602,0.170254,0.040674,11.289303,0.077241,37.384518
1403637243188318976.000000,0.000000,0.000000,14.001263,6.966324,0.170282,0.044013,12.252911,0.086116,39.078226
1403637243238319104.000000,0.000000,0.000000,14.046163,7.280980,0.146918,0.045576,9.304217,0.858006,36.725685
1403637243288318976.000000,0.000000,0.000000,14.206217,7.159043,0.170766,0.061763,11.082825,0.089695,38.220658
1403637243338319104.000000,0.000000,0.000000,14.042625,9.266930,0.160612,0.066455,10.968243,0.087214,41.254848
1403637243388318976.000000,0.000000,0.000000,13.557479,7.370896,0.145122,0.065661,11.391782,0.112967,36.892443
1403637243438319104.000000,0.000000,0.000000,13.778917,5.234110,0.147577,0.044116,10.674207,0.114013,41.921663
1403637243488318976.000000,0.000000,0.000000,13.208407,6.569664,0.144995,0.031631,9.723922,0.069256,35.544479
1403637243538319104.000000,0.000000,0.000000,13.458140,7.099374,0.174247,0.055006,11.614144,0.083948,39.920987
1403637243588318976.000000,0.000000,0.000000,13.996934,5.438009,0.152543,0.041716,10.996879,0.075453,34.545767
1403637243638319104.000000,0.000000,0.000000,13.201864,4.981684,0.160257,0.042213,12.144495,0.089400,34.551091
1403637243688318976.000000,0.000000,0.000000,13.672111,6.642628,0.093072,0.051648,11.843199,0.714673,34.847210
1403637243738319104.000000,0.000000,0.000000,13.772000,6.347899,0.153254,0.096579,11.551931,0.104332,37.512957
1403637243788318976.000000,0.000000,0.000000,14.324193,6.324401,0.160792,0.090567,13.224913,0.088391,35.435091
1403637243838319104.000000,0.000000,0.000000,12.933816,5.173555,0.162225,0.065215,13.126936,0.133627,36.378817
1403637243888318976.000000,0.000000,0.000000,13.801841,7.357075,0.197961,0.066774,11.416709,0.085581,36.715065
1403637243938319104.000000,0.000000,0.000000,13.625310,6.489496,0.169337,0.047713,11.834090,0.092282,35.264593
1403637243988318976.000000,0.000000,0.000000,15.811676,4.978751,0.092192,0.048536,12.512170,0.815675,35.409214
1403637244038319104.000000,0.000000,0.000000,14.073487,4.832276,0.174696,0.056425,11.749716,0.123672,32.833860
1403637244088318976.000000,0.000000,0.000000,14.045573,6.831600,0.191216,0.078346,13.664704,0.110730,37.684733
1403637244138319104.000000,0.000000,0.000000,14.999368,6.557536,0.165951,0.064602,12.878891,0.116924,38.473233
1403637244188318976.000000,0.000000,0.000000,13.147905,5.657700,0.184555,0.041531,12.140746,0.782431,33.994193
1403637244238319104.000000,0.000000,0.000000,13.540627,6.410973,0.205461,0.056624,14.263118,0.102960,36.772368
1403637244288318976.000000,0.000000,0.000000,13.005723,6.645363,0.201964,0.068014,13.987136,0.102698,36.053597
1403637244338319104.000000,0.000000,0.000000,13.683203,4.989014,0.196699,0.074734,13.647144,0.095378,32.469308
1403637244388318976.000000,0.000000,0.000000,12.745188,6.198962,0.210951,0.065390,9.293777,0.688838,35.282606
1403637244438319104.000000,0.000000,0.000000,13.369450,7.637100,0.210419,0.069375,13.371535,0.089730,38.335668
1403637244488318976.000000,0.000000,0.000000,13.517049,7.573618,0.181190,0.082215,15.126221,0.092860,38.520192
1403637244538319104.000000,0.000000,0.000000,14.278064,7.493815,0.208036,0.074672,13.791227,0.099395,40.183378
1403637244588318976.000000,0.000000,0.000000,15.037870,7.456524,0.257402,0.046570,11.747545,0.121249,40.901331
1403637244638319104.000000,0.000000,0.000000,14.146501,7.154874,0.209130,0.063329,10.680942,0.657837,37.277622
1403637244688318976.000000,0.000000,0.000000,13.690317,5.119536,0.215521,0.054133,13.001823,0.086435,33.884473
1403637244738319104.000000,0.000000,0.000000,13.968920,6.747014,0.203720,0.080847,13.724361,0.096778,38.659507
1403637244788318976.000000,0.000000,0.000000,14.642779,8.154572,0.188066,0.071970,12.491755,0.097187,41.458184
1403637244838319104.000000,0.000000,0.000000,14.919392,7.274087,0.116133,0.042259,10.747213,0.089213,41.539808
1403637244888318976.000000,0.000000,0.000000,14.591336,7.137079,0.202036,0.053559,13.521803,0.077452,38.280146
1403637244938319104.000000,0.000000,0.000000,11.257888,5.848390,0.197512,0.063872,11.856721,0.717081,33.129933
1403637244988318976.000000,0.000000,0.000000,14.791271,5.284247,0.199027,0.088775,13.835438,0.088344,36.127093
1403637245038319104.000000,0.000000,0.000000,14.859855,6.733794,0.215798,0.078128,13.639834,0.118545,46.054430
1403637245088318976.000000,0.000000,0.000000,14.687196,6.236207,0.113443,0.076297,13.732002,0.124347,38.789931
1403637245138319104.000000,0.000000,0.000000,14.318817,6.145341,0.131876,0.051229,13.017160,0.092668,37.868543
1403637245188318976.000000,0.000000,0.000000,14.128057,5.177148,0.207815,0.062782,14.905500,0.077438,38.284633
1403637245238319104.000000,0.000000,0.000000,12.181982,5.270658,0.111095,0.061674,12.137859,0.069794,33.319505
1403637245288318976.000000,0.000000,0.000000,13.576050,5.668275,0.102122,0.047751,12.874640,0.658746,35.094112
1403637245338319104.000000,0.000000,0.000000,14.833189,5.097396,0.231204,0.088935,13.606883,0.088741,37.181488
1403637245388318976.000000,0.000000,0.000000,14.827205,5.070778,0.218135,0.078604,14.312769,0.090883,37.635934
1403637245438319104.000000,0.000000,0.000000,15.457153,6.014845,0.220819,0.073812,13.585261,0.114721,37.605233
1403637245488318976.000000,0.000000,0.000000,14.709067,5.580359,0.207105,0.054837,14.999947,0.104034,36.077894
1403637245538319104.000000,0.000000,0.000000,14.346451,6.917683,0.213236,0.050363,12.968855,0.672983,40.222777
1403637245588318976.000000,0.000000,0.000000,14.725412,6.985756,0.192153,0.051396,13.672580,0.093614,40.634554
1403637245638319104.000000,0.000000,0.000000,15.372581,6.781246,0.196206,0.071027,13.968292,0.089767,39.318775
1403637245688318976.000000,0.000000,0.000000,14.776943,6.398579,0.201442,0.068916,13.825148,0.083482,38.526636
1403637245738319104.000000,0.000000,0.000000,14.972904,4.833083,0.204564,0.045040,12.546291,0.573055,35.335068
1403637245788318976.000000,0.000000,0.000000,14.294917,5.172448,0.167645,0.041792,12.247533,0.071584,34.502462
1403637245838319104.000000,0.000000,0.000000,14.703255,6.265252,0.164532,0.075301,14.987256,0.087801,36.421470
1403637245888318976.000000,0.000000,0.000000,14.946168,7.446302,0.162641,0.064462,13.618075,0.091003,40.450129
1403637245938319104.000000,0.000000,0.000000,14.706912,7.653267,0.169959,0.039750,10.952757,0.529279,40.808323
1403637245988318976.000000,0.000000,0.000000,14.388338,7.052657,0.168141,0.043463,14.038547,0.079897,36.927119
1403637246038319104.000000,0.000000,0.000000,14.642843,6.490007,0.150516,0.080315,14.899844,0.148838,36.236707
1403637246088318976.000000,0.000000,0.000000,14.719983,7.144142,0.143344,0.067742,13.378115,0.111110,38.809856
1403637246138319104.000000,0.000000,0.000000,14.304639,7.839063,0.163131,0.051817,11.621670,0.480162,40.174310
1403637246188318976.000000,0.000000,0.000000,14.229703,7.734473,0.123852,0.044832,12.294962,0.086813,39.130937
1403637246238319104.000000,0.000000,0.000000,13.904979,7.101314,0.157597,0.097254,13.148805,0.118012,35.922737
1403637246288318976.000000,0.000000,0.000000,14.309528,7.430661,0.116937,0.072411,12.739581,0.123367,38.241946
1403637246338319104.000000,0.000000,0.000000,14.715344,8.625002,0.159720,0.046109,13.679449,0.512931,40.051799
1403637246388318976.000000,0.000000,0.000000,15.336827,5.787627,0.146965,0.043726,13.480856,0.078090,37.125509
1403637246438319104.000000,0.000000,0.000000,14.562066,7.836906,0.139103,0.073458,13.122902,0.112789,36.875828
1403637246488318976.000000,0.000000,0.000000,14.117937,5.219844,0.133834,0.073482,13.875104,0.114319,32.522470
1403637246538319104.000000,0.000000,0.000000,15.870478,7.603877,0.117207,0.096084,14.452570,0.065816,39.615206
1403637246588318976.000000,0.000000,0.000000,14.112654,7.609489,0.107160,0.054681,14.108445,0.469908,36.753710
1403637246638319104.000000,0.000000,0.000000,13.588562,8.249455,0.149272,0.054716,13.117625,0.104706,36.767514
1403637246688318976.000000,0.000000,0.000000,13.323152,8.070336,0.147168,0.085522,14.092393,0.140906,37.541182
1403637246738319104.000000,0.000000,0.000000,14.565740,5.304258,0.147403,0.069540,14.028365,0.113152,35.505819
1403637246788318976.000000,0.000000,0.000000,14.304960,5.730432,0.119423,0.064414,13.855493,0.087876,33.270083
1403637246838319104.000000,0.000000,0.000000,13.174544,4.781095,0.137852,0.051432,13.241849,0.057939,32.415943
1403637246888318976.000000,0.000000,0.000000,13.969588,7.537960,0.137899,0.075155,14.139137,0.067367,36.721035
1403637246938319104.000000,0.000000,0.000000,13.015676,8.336549,0.152411,0.073631,14.491609,0.070326,37.307996
1403637246988318976.000000,0.000000,0.000000,14.292095,5.049628,0.131724,0.067513,14.690949,0.615639,34.403733
1403637247038319104.000000,0.000000,0.000000,14.294523,7.581285,0.076110,0.072879,14.650253,0.084840,37.099331
1403637247088318976.000000,0.000000,0.000000,14.245310,7.377781,0.081512,0.079854,13.520371,0.119288,36.161633
1403637247138319104.000000,0.000000,0.000000,14.781974,8.344439,0.145647,0.081240,13.854597,0.110369,38.650772
1403637247188318976.000000,0.000000,0.000000,15.877163,5.573163,0.143138,0.047504,12.124241,0.080813,35.428203
1403637247238319104.000000,0.000000,0.000000,14.789117,5.135724,0.125362,0.051044,14.813998,0.077731,34.958842
1403637247288318976.000000,0.000000,0.000000,15.301450,4.902707,0.144995,0.081371,14.826460,0.071258,35.079447
1403637247338319104.000000,0.000000,0.000000,13.977837,6.559160,0.148420,0.067598,12.173809,0.063876,36.135385
1403637247388318976.000000,0.000000,0.000000,14.707619,6.527415,0.168652,0.076451,12.298233,0.063589,35.658539
1403637247438319104.000000,0.000000,0.000000,14.105291,4.696855,0.162695,0.053449,13.415881,0.069306,32.149036
1403637247488318976.000000,0.000000,0.000000,14.721602,6.912833,0.088929,0.078235,12.542104,0.433752,37.244234
1403637247538319104.000000,0.000000,0.000000,14.814233,6.709202,0.138699,0.045712,12.367713,0.095111,36.412437
1403637247588318976.000000,0.000000,0.000000,14.156711,7.759126,0.170720,0.076848,13.543582,0.077392,37.503027
1403637247638319104.000000,0.000000,0.000000,15.584390,7.782448,0.159230,0.086683,13.641491,0.099989,39.973100
1403637247688318976.000000,0.000000,0.000000,14.570204,5.458924,0.166647,0.080432,14.284468,0.085571,35.950866
1403637247738319104.000000,0.000000,0.000000,14.309691,7.282605,0.185478,0.050839,13.032437,0.093762,39.247743
1403637247788318976.000000,0.000000,0.000000,14.320567,7.471266,0.160750,0.053530,15.240973,0.081219,39.432717
1403637247838319104.000000,0.000000,0.000000,14.539532,7.189715,0.188886,0.087032,14.127317,0.496330,37.454183
1403637247888318976.000000,0.000000,0.000000,13.497039,7.304593,0.170082,0.055612,13.668402,0.099401,35.907845
1403637247938319104.000000,0.000000,0.000000,14.103732,7.880646,0.176421,0.080258,13.798312,0.092895,38.651135
1403637247988318976.000000,0.000000,0.000000,14.716592,5.148103,0.175744,0.081459,14.268770,0.131525,35.477563
1403637248038319104.000000,0.000000,0.000000,14.930349,7.266713,0.218858,0.081152,14.054762,0.113269,39.783909
1403637248088318976.000000,0.000000,0.000000,15.417274,6.826659,0.206163,0.060061,12.390880,0.062201,39.022401
1403637248138319104.000000,0.000000,0.000000,13.684907,7.776548,0.163524,0.047835,11.608006,0.060092,38.197693
1403637248188318976.000000,0.000000,0.000000,13.963759,7.882653,0.189314,0.048035,13.051004,0.065950,40.680046
1403637248238319104.000000,0.000000,0.000000,14.380008,6.640208,0.196403,0.066305,11.650343,0.371623,39.693630
1403637248288318976.000000,0.000000,0.000000,13.619531,8.422268,0.206631,0.062955,14.156151,0.089211,40.283450
1403637248338319104.000000,0.000000,0.000000,13.408791,6.509850,0.198694,0.064134,13.808128,0.073635,33.461566
1403637248388318976.000000,0.000000,0.000000,13.171468,7.636652,0.177444,0.093226,15.129931,0.101341,37.808753
1403637248438319104.000000,0.000000,0.000000,14.718901,7.745198,0.170032,0.073259,12.175482,0.067400,41.800863
1403637248488318976.000000,0.000000,0.000000,13.438235,7.466209,0.204787,0.043437,10.628744,0.067594,38.686645
1403637248538319104.000000,0.000000,0.000000,13.395092,7.246776,0.204374,0.068414,14.145036,0.066886,36.455563
1403637248588318976.000000,0.000000,0.000000,13.154381,7.038970,0.183631,0.051106,10.916174,0.053951,35.399222
1403637248638319104.000000,0.000000,0.000000,12.743927,6.303291,0.220283,0.043568,10.975552,0.054165,36.155831
1403637248688318976.000000,0.000000,0.000000,13.078316,5.593066,0.188005,0.048331,11.569273,0.058766,36.087565
1403637248738319104.000000,0.000000,0.000000,12.842018,5.520466,0.219608,0.051986,11.979050,0.360748,34.641592
1403637248788318976.000000,0.000000,0.000000,12.152207,5.826647,0.206224,0.048159,12.779277,0.089130,32.415902
1403637248838319104.000000,0.000000,0.000000,12.412525,7.617998,0.204639,0.073863,15.218506,0.081293,37.792189
1403637248888318976.000000,0.000000,0.000000,14.183618,5.955804,0.199187,0.087820,15.590526,0.103940,36.634385
1403637248938319104.000000,0.000000,0.000000,13.038779,7.485660,0.205636,0.086111,16.108177,0.091288,38.301691
1403637248988318976.000000,0.000000,0.000000,12.226277,6.637075,0.197102,0.050400,12.759594,0.088647,37.030799
1403637249038319104.000000,0.000000,0.000000,12.414191,7.453894,0.191581,0.063565,11.942257,0.083868,38.337813
1403637249088318976.000000,0.000000,0.000000,12.754833,6.968087,0.270173,0.084754,13.246939,0.063186,36.619842
1403637249138319104.000000,0.000000,0.000000,12.314838,8.192171,0.238020,0.059377,11.811185,0.057727,39.373171
1403637249188318976.000000,0.000000,0.000000,12.526574,5.380628,0.220058,0.102385,12.078433,0.057527,33.556750
1403637249238319104.000000,0.000000,0.000000,12.530032,6.075431,0.221293,0.068881,14.029997,0.409188,35.482893
1403637249288318976.000000,0.000000,0.000000,13.322594,5.137109,0.225011,0.060359,14.490021,0.077701,35.798382
1403637249338319104.000000,0.000000,0.000000,13.723658,7.247354,0.122708,0.080629,12.831993,0.093559,39.160291
1403637249388318976.000000,0.000000,0.000000,13.148462,7.178839,0.205965,0.084895,13.908982,0.102640,38.331073
1403637249438319104.000000,0.000000,0.000000,13.225827,7.352439,0.222084,0.064836,14.940882,0.076082,40.137612
1403637249488318976.000000,0.000000,0.000000,12.353904,6.458837,0.233169,0.062871,15.251720,0.066220,36.796601
1403637249538319104.000000,0.000000,0.000000,12.953584,6.367959,0.203929,0.073661,14.279725,0.058198,37.599650
1403637249588318976.000000,0.000000,0.000000,12.958510,5.560423,0.232859,0.096272,13.647352,0.066166,36.878113
1403637249638319104.000000,0.000000,0.000000,12.593368,5.505422,0.207449,0.092555,14.500522,0.076281,36.457491
1403637249688318976.000000,0.000000,0.000000,12.923852,6.673296,0.209643,0.093792,14.201143,0.074421,36.290952
1403637249738319104.000000,0.000000,0.000000,12.332654,5.198535,0.116918,0.096771,14.375862,0.384578,33.432542
1403637249788318976.000000,0.000000,0.000000,12.757550,6.874394,0.232477,0.053110,16.023386,0.084942,39.276246
1403637249838319104.000000,0.000000,0.000000,12.909527,5.487221,0.208883,0.088034,14.754016,0.100550,36.659770
1403637249888318976.000000,0.000000,0.000000,12.784630,5.388684,0.279537,0.095798,15.588255,0.078496,33.287623
1403637249938319104.000000,0.000000,0.000000,13.377788,6.020089,0.193242,0.094734,15.500603,0.078879,37.284846
1403637249988318976.000000,0.000000,0.000000,12.930034,7.295292,0.195176,0.052441,14.117506,0.089233,39.371123
1403637250038319104.000000,0.000000,0.000000,13.058335,4.964490,0.192500,0.073098,14.865991,0.069169,35.690993
1403637250088318976.000000,0.000000,0.000000,13.708680,8.417397,0.257268,0.061413,13.958110,0.071526,38.737597
1403637250138319104.000000,0.000000,0.000000,13.842136,5.034100,0.192205,0.086351,13.231499,0.058904,35.223937
1403637250188318976.000000,0.000000,0.000000,12.988146,5.040939,0.210248,0.080833,13.141667,0.062242,35.866116
1403637250238319104.000000,0.000000,0.000000,13.751973,5.373750,0.206501,0.115306,14.906562,0.439335,35.767946
1403637250288318976.000000,0.000000,0.000000,13.164217,7.300093,0.203048,0.059613,15.211366,0.091337,39.110280
1403637250338319104.000000,0.000000,0.000000,13.252563,5.967029,0.205834,0.052410,13.242719,0.078000,37.107320
1403637250388318976.000000,0.000000,0.000000,14.614472,6.246854,0.206486,0.084102,13.405837,0.095039,38.391150
1403637250438319104.000000,0.000000,0.000000,13.987118,6.732011,0.194666,0.085303,13.536998,0.113999,38.653109
1403637250488318976.000000,0.000000,0.000000,13.034693,6.496396,0.182099,0.044158,11.729547,0.078329,37.688246
1403637250538319104.000000,0.000000,0.000000,13.921119,6.678223,0.203015,0.098974,12.686598,0.064697,38.555361
1403637250588318976.000000,0.000000,0.000000,15.993527,5.356075,0.216582,0.069074,13.082219,0.412732,38.915699
1403637250638319104.000000,0.000000,0.000000,15.087982,5.158079,0.198173,0.047585,12.981575,0.097087,38.390602
1403637250688318976.000000,0.000000,0.000000,15.154587,5.267143,0.214540,0.070534,13.483500,0.086101,38.980346
1403637250738319104.000000,0.000000,0.000000,15.765360,6.674210,0.201858,0.084446,13.679960,0.109935,40.258820
1403637250788318976.000000,0.000000,0.000000,15.822197,6.550651,0.209859,0.090017,12.923747,0.078831,39.569548
1403637250838319104.000000,0.000000,0.000000,16.202298,6.064136,0.189886,0.041614,11.338708,0.069508,40.026705
1403637250888318976.000000,0.000000,0.000000,17.541597,7.055208,0.179839,0.060399,14.710425,0.102886,42.723689
1403637250938319104.000000,0.000000,0.000000,15.935673,7.376198,0.179395,0.073436,12.419719,0.065342,42.187930
1403637250988318976.000000,0.000000,0.000000,16.152113,6.233484,0.202886,0.089355,12.988205,0.064936,40.989111
1403637251038319104.000000,0.000000,0.000000,16.974571,5.281181,0.200468,0.089917,13.241237,0.089996,39.872770
1403637251088318976.000000,0.000000,0.000000,16.372553,4.971619,0.195553,0.092186,15.068671,0.597021,39.498019
1403637251138319104.000000,0.000000,0.000000,16.270702,5.164053,0.178952,0.060352,14.000451,0.089916,38.120873
1403637251188318976.000000,0.000000,0.000000,18.281565,7.025655,0.184832,0.089892,13.242920,0.080301,44.003363
1403637251238319104.000000,0.000000,0.000000,16.655297,6.582856,0.201771,0.091303,14.439233,0.132720,42.418585
1403637251288318976.000000,0.000000,0.000000,16.069577,5.529531,0.100422,0.095494,15.522003,0.105709,37.945874
1403637251338319104.000000,0.000000,0.000000,16.147225,5.159759,0.190218,0.059024,14.543509,0.104919,37.521277
1403637251388318976.000000,0.000000,0.000000,16.452457,5.830695,0.181220,0.100011,13.024307,0.075780,39.848667
1403637251438319104.000000,0.000000,0.000000,16.742944,5.857145,0.197837,0.092048,13.598711,0.096869,39.836717
1403637251488318976.000000,0.000000,0.000000,17.016569,5.843686,0.205937,0.088799,14.231635,0.093551,39.165577
1403637251538319104.000000,0.000000,0.000000,16.785121,5.788411,0.197114,0.088565,12.941790,0.065902,39.850349
1403637251588318976.000000,0.000000,0.000000,18.143418,6.250173,0.209447,0.056560,12.126780,0.436734,42.043888
1403637251638319104.000000,0.000000,0.000000,17.457654,5.110832,0.187916,0.056255,14.537474,0.083222,40.652133
1403637251688318976.000000,0.000000,0.000000,16.517649,6.834100,0.194331,0.100364,15.447101,0.112661,40.845715
1403637251738319104.000000,0.000000,0.000000,16.308439,6.610305,0.186285,0.085068,14.746075,0.134514,42.171568
1403637251788318976.000000,0.000000,0.000000,18.037595,8.402108,0.190598,0.065882,14.477385,0.091718,45.247053
1403637251838319104.000000,0.000000,0.000000,18.820040,5.854944,0.190427,0.062617,14.134586,0.069001,42.549158
1403637251888318976.000000,0.000000,0.000000,18.817869,6.999520,0.106033,0.052119,11.947240,0.067168,43.774359
1403637251938319104.000000,0.000000,0.000000,17.427239,6.468676,0.104105,0.049958,11.806009,0.072171,42.651231
1403637251988318976.000000,0.000000,0.000000,17.225918,5.975294,0.092679,0.044089,11.416365,0.481281,41.830308
1403637252038319104.000000,0.000000,0.000000,21.241367,6.634096,0.182980,0.051789,12.285395,0.082901,44.033133
1403637252088318976.000000,0.000000,0.000000,17.048533,6.685556,0.202675,0.062852,11.989718,0.075741,38.738074
1403637252138319104.000000,0.000000,0.000000,17.409167,6.346380,0.199088,0.092647,15.868197,0.123381,40.171736
1403637252188318976.000000,0.000000,0.000000,16.853533,7.351038,0.173657,0.069971,13.104419,0.092851,39.969823
1403637252238319104.000000,0.000000,0.000000,17.784859,6.402494,0.165621,0.045604,10.576451,0.076681,42.191098
1403637252288318976.000000,0.000000,0.000000,17.070701,6.526571,0.196110,0.072298,14.003149,0.072741,41.237898
1403637252338319104.000000,0.000000,0.000000,17.713178,7.187268,0.101202,0.066476,14.400485,0.060004,44.163019
1403637252388318976.000000,0.000000,0.000000,17.183446,5.467901,0.098403,0.056563,14.051677,0.067871,39.300266
1403637252438319104.000000,0.000000,0.000000,16.984048,5.165441,0.167739,0.068320,11.900573,0.063404,36.343440
1403637252488318976.000000,0.000000,0.000000,17.050111,6.128053,0.097191,0.052389,11.893571,0.469636,41.228505
1403637252538319104.000000,0.000000,0.000000,16.731616,4.780770,0.096985,0.065441,15.236743,0.112562,36.313105
1403637252588318976.000000,0.000000,0.000000,18.256434,4.447639,0.198264,0.059805,15.512852,0.086124,37.034303
1403637252638319104.000000,0.000000,0.000000,16.904614,5.035280,0.193022,0.086350,14.457077,0.117014,37.524611
1403637252688318976.000000,0.000000,0.000000,16.959691,4.887849,0.264170,0.079011,14.254962,0.082337,38.172245
1403637252738319104.000000,0.000000,0.000000,16.365386,5.007667,0.193247,0.036593,10.896212,0.082308,38.494312
1403637252788318976.000000,0.000000,0.000000,16.700005,6.715844,0.163697,0.048306,14.567698,0.072944,43.122265
1403637252838319104.000000,0.000000,0.000000,16.913222,5.885885,0.172285,0.067779,15.696249,0.567764,42.420774
1403637252888318976.000000,0.000000,0.000000,16.966293,6.199253,0.171990,0.053096,15.264502,0.098791,43.673947
1403637252938319104.000000,0.000000,0.000000,16.244373,6.286918,0.182682,0.051169,14.181921,0.074206,39.787729
1403637252988318976.000000,0.000000,0.000000,17.280182,4.603263,0.170911,0.083690,13.597888,0.111577,37.259781
1403637253038319104.000000,0.000000,0.000000,18.877790,5.140819,0.112516,0.085072,12.916348,0.086176,41.533633
1403637253088318976.000000,0.000000,0.000000,17.108591,4.741029,0.193109,0.046199,13.121381,0.092327,37.336402
1403637253138319104.000000,0.000000,0.000000,17.535699,5.600144,0.097533,0.044321,12.663317,0.365431,39.068726
1403637253188318976.000000,0.000000,0.000000,16.899983,4.965327,0.189869,0.038744,12.444445,0.077743,40.328599
1403637253238319104.000000,0.000000,0.000000,17.755972,5.905087,0.188082,0.062428,12.421496,0.090820,41.992614
1403637253288318976.000000,0.000000,0.000000,17.721747,4.820776,0.188823,0.069140,12.457037,0.076785,39.530765
1403637253338319104.000000,0.000000,0.000000,18.008786,5.536245,0.115885,0.055606,13.238609,0.088247,41.453861
1403637253388318976.000000,0.000000,0.000000,19.383640,6.133477,0.189994,0.034898,10.732650,0.053218,44.620201
1403637253438319104.000000,0.000000,0.000000,16.725700,5.997012,0.185045,0.066154,14.067775,0.067323,41.551391
1403637253488318976.000000,0.000000,0.000000,17.409960,5.770316,0.198112,0.045993,11.058503,0.052563,41.405607
1403637253538319104.000000,0.000000,0.000000,17.384440,5.331179,0.181763,0.064940,11.197454,0.053726,40.573043
1403637253588318976.000000,0.000000,0.000000,16.662470,5.095577,0.193441,0.040793,10.745248,0.435020,39.950692
1403637253638319104.000000,0.000000,0.000000,19.528317,5.718783,0.201088,0.049996,12.606550,0.069860,43.491854
1403637253688318976.000000,0.000000,0.000000,17.406292,5.582556,0.194184,0.069790,14.381717,0.118297,41.915861
1403637253738319104.000000,0.000000,0.000000,16.933467,4.874422,0.201340,0.065286,12.329937,0.151643,42.097637
1403637253788318976.000000,0.000000,0.000000,19.330603,5.980184,0.212414,0.079967,10.810702,0.116913,44.185573
1403637253838319104.000000,0.000000,0.000000,17.152366,6.791258,0.190280,0.058159,10.364890,0.089726,44.356688
1403637253888318976.000000,0.000000,0.000000,17.362880,6.163510,0.183786,0.050175,12.813739,0.066201,43.517648
1403637253938319104.000000,0.000000,0.000000,17.411990,6.563339,0.179480,0.059297,13.238855,0.542373,41.725699
1403637253988318976.000000,0.000000,0.000000,17.114399,6.496535,0.117161,0.070534,14.615682,0.079665,41.946091
1403637254038319104.000000,0.000000,0.000000,17.483834,5.094021,0.127013,0.075833,14.120787,0.079831,40.761630
1403637254088318976.000000,0.000000,0.000000,17.019613,4.769372,0.105101,0.067060,11.805977,0.075679,38.896864
1403637254138319104.000000,0.000000,0.000000,17.240686,5.023212,0.175041,0.057871,12.470604,0.083293,39.498973
1403637254188318976.000000,0.000000,0.000000,17.784624,6.053897,0.195699,0.046379,11.195923,0.650937,43.134766
1403637254238319104.000000,0.000000,0.000000,17.907619,6.266933,0.174759,0.055390,12.958904,0.098707,43.532425
1403637254288318976.000000,0.000000,0.000000,17.209112,5.253685,0.177865,0.062813,13.155958,0.124995,39.904965
1403637254338319104.000000,0.000000,0.000000,16.592293,5.323504,0.176293,0.063818,13.045292,0.097990,39.485514
1403637254388318976.000000,0.000000,0.000000,15.425963,4.978566,0.091403,0.036363,12.104097,0.079801,37.757899
1403637254438319104.000000,0.000000,0.000000,17.717452,5.201147,0.184556,0.041842,9.335751,0.050462,38.174887
1403637254488318976.000000,0.000000,0.000000,16.099409,4.972301,0.172947,0.041201,11.940925,0.072992,37.569349
1403637254538319104.000000,0.000000,0.000000,16.495556,5.094009,0.189748,0.035672,9.021953,0.057341,38.819299
1403637254588318976.000000,0.000000,0.000000,17.657352,4.874118,0.192217,0.051565,11.964405,0.746020,39.491454
1403637254638319104.000000,0.000000,0.000000,16.011879,4.660624,0.177136,0.052379,14.812942,0.086356,38.391399
1403637254688318976.000000,0.000000,0.000000,17.168659,4.978393,0.177861,0.066052,14.093394,0.124331,40.184939
1403637254738319104.000000,0.000000,0.000000,17.295758,6.987705,0.195506,0.062835,12.638406,0.078411,40.972218
1403637254788318976.000000,0.000000,0.000000,16.957741,4.843888,0.192152,0.074047,11.790361,0.076034,37.398273
1403637254838319104.000000,0.000000,0.000000,16.410350,5.013082,0.188442,0.029390,10.356833,0.070545,40.568561
1403637254888318976.000000,0.000000,0.000000,18.016615,4.814384,0.200313,0.043353,10.742690,0.068755,39.489804
1403637254938319104.000000,0.000000,0.000000,18.117119,5.187502,0.208031,0.038515,10.320642,0.143684,39.898149
1403637254988318976.000000,0.000000,0.000000,17.625856,5.216505,0.213451,0.042455,12.432136,0.075011,40.376385
1403637255038319104.000000,0.000000,0.000000,16.672824,6.743407,0.211422,0.049521,12.323334,0.697449,42.863134
1403637255088318976.000000,0.000000,0.000000,17.084143,5.294514,0.178872,0.067635,11.898414,0.065287,40.318379
1403637255138319104.000000,0.000000,0.000000,17.034490,7.319386,0.188116,0.060092,10.187689,0.106902,42.199952
1403637255188318976.000000,0.000000,0.000000,17.041203,6.415550,0.192993,0.057741,9.510823,0.073817,42.319749
1403637255238319104.000000,0.000000,0.000000,17.993139,6.302938,0.202170,0.056811,9.785702,0.062730,43.689935
1403637255288318976.000000,0.000000,0.000000,20.029427,5.384564,0.175933,0.053383,8.424042,0.062115,44.623602
1403637255338319104.000000,0.000000,0.000000,15.098736,4.949863,0.197964,0.052318,10.063928,0.054024,36.898337
1403637255388318976.000000,0.000000,0.000000,18.003343,5.580600,0.115755,0.042613,9.201166,0.055742,41.871033
1403637255438319104.000000,0.000000,0.000000,18.016076,6.363051,0.204596,0.042880,8.741624,0.053133,42.515004
1403637255488318976.000000,0.000000,0.000000,17.575133,5.325548,0.191549,0.042036,9.113022,0.533241,39.682786
1403637255538319104.000000,0.000000,0.000000,16.622860,5.143789,0.202734,0.047351,12.182013,0.078867,38.309594
1403637255588318976.000000,0.000000,0.000000,16.449300,6.105001,0.215283,0.057891,11.272040,0.098829,40.686481
1403637255638319104.000000,0.000000,0.000000,16.972240,7.255445,0.168855,0.059752,9.105846,0.100766,43.842129
1403637255688318976.000000,0.000000,0.000000,16.905765,6.383452,0.193078,0.054650,10.009377,0.076284,42.346573
1403637255738319104.000000,0.000000,0.000000,16.572350,7.023675,0.173963,0.042411,10.882331,0.071044,45.816513
1403637255788318976.000000,0.000000,0.000000,17.109270,7.284916,0.096358,0.061546,11.466638,0.065127,42.997954
1403637255838319104.000000,0.000000,0.000000,16.747850,5.411470,0.175647,0.034047,8.547341,0.066185,38.129786
1403637255888318976.000000,0.000000,0.000000,17.698768,4.974807,0.174980,0.036353,8.520561,0.051842,38.542557
1403637255938319104.000000,0.000000,0.000000,16.301756,5.158228,0.196250,0.035752,8.710821,0.052340,36.431716
1403637255988318976.000000,0.000000,0.000000,16.896840,6.203167,0.167972,0.033463,10.478450,0.515993,39.506941
1403637256038319104.000000,0.000000,0.000000,16.697169,5.000108,0.208261,0.051701,9.483386,0.052201,38.214017
1403637256088318976.000000,0.000000,0.000000,16.887706,4.656074,0.199339,0.053610,9.166421,0.050062,41.995394
1403637256138319104.000000,0.000000,0.000000,16.849687,5.105044,0.243219,0.051664,9.243810,0.081176,39.699079
1403637256188318976.000000,0.000000,0.000000,16.320050,4.158463,0.178343,0.040920,10.581434,0.057007,34.720887
1403637256238319104.000000,0.000000,0.000000,17.679170,6.075702,0.175674,0.048544,10.616540,0.057069,41.906220
1403637256288318976.000000,0.000000,0.000000,16.871358,7.068610,0.123491,0.048558,8.695215,0.044581,42.211664
1403637256338319104.000000,0.000000,0.000000,17.284316,5.101315,0.223745,0.044774,8.579183,0.363910,40.629262
1403637256388318976.000000,0.000000,0.000000,17.966770,5.333362,0.222185,0.047977,12.237519,0.065347,39.195938
1403637256438319104.000000,0.000000,0.000000,16.748814,4.829517,0.191279,0.063345,12.896909,0.126121,37.277539
1403637256488318976.000000,0.000000,0.000000,17.325630,6.700244,0.171155,0.059355,13.083230,0.103158,42.905018
1403637256538319104.000000,0.000000,0.000000,16.541135,6.792013,0.210754,0.058435,10.987448,0.065212,42.826948
1403637256588318976.000000,0.000000,0.000000,17.493676,7.134628,0.216037,0.047347,11.855553,0.592719,43.575021
1403637256638319104.000000,0.000000,0.000000,16.695118,6.306414,0.216474,0.041929,8.623717,0.051122,41.502212
1403637256688318976.000000,0.000000,0.000000,17.211641,4.825946,0.245273,0.056813,11.560447,0.074410,37.188935
1403637256738319104.000000,0.000000,0.000000,16.657963,6.375205,0.210510,0.052371,11.943500,0.117744,41.532624
1403637256788318976.000000,0.000000,0.000000,16.909783,5.987779,0.181856,0.041257,10.139191,0.580893,43.423674
1403637256838319104.000000,0.000000,0.000000,17.768820,5.976428,0.221093,0.063615,12.392296,0.067853,43.677119
1403637256888318976.000000,0.000000,0.000000,17.168255,5.773512,0.230020,0.054665,12.256966,0.079397,40.921642
1403637256938319104.000000,0.000000,0.000000,16.867076,7.638843,0.222715,0.041591,10.811917,0.065866,42.277906
1403637256988318976.000000,0.000000,0.000000,17.443890,4.471807,0.193480,0.028759,11.541510,0.059745,39.252738
1403637257038319104.000000,0.000000,0.000000,17.007117,7.233048,0.188958,0.039012,7.626056,0.039891,41.746198
1403637257088318976.000000,0.000000,0.000000,17.734483,5.986254,0.213285,0.029073,7.340745,0.353493,40.613552
1403637257138319104.000000,0.000000,0.000000,16.948174,5.732057,0.208408,0.043693,10.198049,0.051201,38.773534
1403637257188318976.000000,0.000000,0.000000,17.850874,4.475037,0.210514,0.046987,8.209215,0.063737,39.062297
1403637257238319104.000000,0.000000,0.000000,17.491504,4.759025,0.192736,0.041734,9.223412,0.088904,38.650078
1403637257288318976.000000,0.000000,0.000000,17.870226,5.399331,0.196029,0.029097,8.657777,0.053138,41.309774
1403637257338319104.000000,0.000000,0.000000,17.108463,3.921588,0.216596,0.034940,10.428825,0.546271,35.844610
1403637257388318976.000000,0.000000,0.000000,18.308428,5.330090,0.136822,0.089464,11.180526,0.063261,42.278370
1403637257438319104.000000,0.000000,0.000000,17.355446,4.198596,0.115932,0.040637,7.872671,0.068441,36.453609
1403637257488318976.000000,0.000000,0.000000,19.183206,3.978180,0.188119,0.031107,6.919751,0.039994,38.061657
1403637257538319104.000000,0.000000,0.000000,17.666409,5.338348,0.181981,0.043648,6.110467,0.030177,37.453821
1403637257588318976.000000,0.000000,0.000000,19.018963,10.545550,0.190511,0.021671,6.250220,0.278472,47.017119
1403637257638319104.000000,0.000000,0.000000,17.606767,5.444142,0.197049,0.048641,11.747642,0.071972,42.344333
1403637257688318976.000000,0.000000,0.000000,18.885929,4.514723,0.228682,0.039965,10.619707,0.075624,40.446848
1403637257738319104.000000,0.000000,0.000000,19.100656,4.431496,0.232939,0.034627,10.285232,0.070160,38.741782
1403637257788318976.000000,0.000000,0.000000,18.780109,4.249423,0.202492,0.029882,7.362109,0.307302,37.822759
1403637257838319104.000000,0.000000,0.000000,20.396984,5.421554,0.240825,0.072631,6.903991,0.029647,42.202526
1403637257888318976.000000,0.000000,0.000000,17.507452,6.068411,0.214489,0.052057,11.316956,0.074544,40.988145
1403637257938319104.000000,0.000000,0.000000,18.210780,6.739302,0.195918,0.038146,12.167913,0.052771,43.504354
1403637257988318976.000000,0.000000,0.000000,17.764689,5.835274,0.199596,0.031530,9.614168,0.497734,41.999946
1403637258038319104.000000,0.000000,0.000000,17.028059,6.458885,0.201637,0.033635,6.575869,0.031783,39.183787
1403637258088318976.000000,0.000000,0.000000,16.394717,5.891519,0.204501,0.041480,11.351539,0.054629,38.838831
1403637258138319104.000000,0.000000,0.000000,16.793902,6.031986,0.193441,0.024280,8.083174,0.239283,38.885745
1403637258188318976.000000,0.000000,0.000000,17.197543,6.330793,0.162730,0.044945,10.762346,0.048309,40.685573
1403637258238319104.000000,0.000000,0.000000,16.312679,6.022270,0.198474,0.035352,10.714624,0.049879,40.344020
1403637258288318976.000000,0.000000,0.000000,17.536173,5.915328,0.160841,0.017770,5.621156,0.224036,40.335745
1403637258338319104.000000,0.000000,0.000000,16.167134,5.768778,0.227212,0.032872,8.621331,0.044251,38.191139
1403637258388318976.000000,0.000000,0.000000,15.675302,3.871022,0.119420,0.022965,5.986865,0.032240,32.520960
1403637258438319104.000000,0.000000,0.000000,16.555902,6.662463,0.200424,0.023930,8.461391,0.462407,39.074163
1403637258488318976.000000,0.000000,0.000000,16.995413,4.458002,0.187248,0.047951,12.324116,0.063394,34.107247
1403637258538319104.000000,0.000000,0.000000,16.225453,6.423453,0.184442,0.026719,12.072415,0.069949,38.908992
1403637258588318976.000000,0.000000,0.000000,16.428681,6.697838,0.143989,0.022671,10.188693,0.210074,42.506018
1403637258638319104.000000,0.000000,0.000000,15.412484,6.108645,0.161886,0.045799,10.995105,0.035644,40.282503
1403637258688318976.000000,0.000000,0.000000,15.375443,6.793565,0.155216,0.035965,12.244937,0.056834,38.789155
1403637258738319104.000000,0.000000,0.000000,16.092358,6.623509,0.204621,0.046159,7.817581,0.213675,38.311953
1403637258788318976.000000,0.000000,0.000000,15.622367,4.499277,0.128841,0.040565,8.129579,0.027188,34.567295
1403637258838319104.000000,0.000000,0.000000,16.260405,5.374069,0.135405,0.036553,10.164262,0.083795,36.377251
1403637258888318976.000000,0.000000,0.000000,16.163506,4.975317,0.176623,0.037853,10.421642,0.039745,35.522268
1403637258938319104.000000,0.000000,0.000000,16.061816,4.934696,0.181595,0.037919,10.245597,0.317193,37.405254
1403637258988318976.000000,0.000000,0.000000,15.889663,7.350582,0.167915,0.029666,6.715532,0.026238,39.927672
1403637259038319104.000000,0.000000,0.000000,16.863039,8.750082,0.149856,0.036957,10.693097,0.040065,41.542498
1403637259088318976.000000,0.000000,0.000000,17.427250,4.203087,0.184264,0.022831,5.770570,0.022495,35.876488
1403637259138319104.000000,0.000000,0.000000,16.547858,5.255038,0.213730,0.034897,11.452450,0.035276,35.054923
1403637259188318976.000000,0.000000,0.000000,16.583902,5.089972,0.154620,0.021518,6.621405,0.021103,35.020101
1403637259238319104.000000,0.000000,0.000000,19.794186,4.677840,0.091030,0.023125,6.612133,0.020993,36.725487
1403637259288318976.000000,0.000000,0.000000,17.592204,5.917678,0.109538,0.028260,6.991461,0.021328,37.082073
1403637259338319104.000000,0.000000,0.000000,16.113920,5.220794,0.180475,0.026153,6.560934,0.021579,34.746814
1403637259388318976.000000,0.000000,0.000000,16.532094,3.926060,0.154009,0.027407,6.538023,0.019188,32.704456
1403637259438319104.000000,0.000000,0.000000,16.693758,5.614924,0.173276,0.025645,6.864630,0.182749,35.245272
1403637259488318976.000000,0.000000,0.000000,17.511670,6.914116,0.168134,0.022385,6.689207,0.026660,40.431467
1403637259538319104.000000,0.000000,0.000000,17.934302,5.473421,0.175428,0.045309,11.762343,0.046863,38.693831
1403637259588318976.000000,0.000000,0.000000,16.663747,4.535659,0.138696,0.044122,10.899254,0.054654,34.236139
1403637259638319104.000000,0.000000,0.000000,17.871960,4.440146,0.146706,0.045869,12.455976,0.040459,36.037180
1403637259688318976.000000,0.000000,0.000000,16.907849,5.704944,0.152610,0.040977,13.579702,0.041697,37.938594
1403637259738319104.000000,0.000000,0.000000,16.616016,5.513784,0.149926,0.050484,13.735038,0.042157,37.748468
1403637259788318976.000000,0.000000,0.000000,16.463556,3.624417,0.128230,0.043357,11.299548,0.030231,32.511381
1403637259838319104.000000,0.000000,0.000000,16.504768,4.021580,0.149229,0.046997,11.632672,0.035527,32.995471
1403637259888318976.000000,0.000000,0.000000,16.979890,3.581745,0.138076,0.040639,11.402355,0.034795,32.780666
1403637259938319104.000000,0.000000,0.000000,17.463742,3.604540,0.190968,0.039267,7.419604,0.237594,35.575464
1403637259988318976.000000,0.000000,0.000000,17.840113,5.406159,0.163670,0.040396,11.795065,0.047181,36.814472
1403637260038319104.000000,0.000000,0.000000,17.151138,3.736436,0.146538,0.035566,7.187118,0.023006,33.990464
1403637260088318976.000000,0.000000,0.000000,16.854919,3.884271,0.084646,0.027787,6.159022,0.021795,33.935461
1403637260138319104.000000,0.000000,0.000000,17.162722,5.671291,0.114830,0.028335,6.506268,0.022044,37.382034
1403637260188318976.000000,0.000000,0.000000,17.477602,4.723422,0.174325,0.035201,11.656786,0.036556,36.689781
1403637260238319104.000000,0.000000,0.000000,16.903357,3.424160,0.179046,0.040140,12.191405,0.037229,32.451156
1403637260288318976.000000,0.000000,0.000000,17.243000,3.272042,0.189114,0.042835,13.509655,0.039764,33.378965
1403637260338319104.000000,0.000000,0.000000,17.011365,5.577428,0.183226,0.050436,13.390130,0.037303,38.860692
1403637260388318976.000000,0.000000,0.000000,16.712636,5.853934,0.143837,0.031072,7.049138,0.021846,40.121878
1403637260438319104.000000,0.000000,0.000000,17.477953,6.234148,0.190014,0.040096,12.359284,0.314156,41.212341
1403637260488318976.000000,0.000000,0.000000,16.882059,5.515979,0.215450,0.047566,12.546043,0.052432,37.271354
1403637260538319104.000000,0.000000,0.000000,16.970828,5.486322,0.125695,0.036361,7.689590,0.040662,38.519794
1403637260588318976.000000,0.000000,0.000000,17.089642,3.146012,0.123144,0.037797,11.034103,0.039027,32.319705
1403637260638319104.000000,0.000000,0.000000,17.701327,5.299515,0.204963,0.073598,12.385178,0.041413,38.892641
1403637260688318976.000000,0.000000,0.000000,17.323317,6.122443,0.191502,0.037169,7.249806,0.024138,40.214471
1403637260738319104.000000,0.000000,0.000000,17.382730,5.205041,0.143400,0.036936,6.804914,0.021663,37.054948
1403637260788318976.000000,0.000000,0.000000,16.196029,5.767749,0.145954,0.046476,15.266134,0.060831,38.801827
1403637260838319104.000000,0.000000,0.000000,19.249453,5.072169,0.151118,0.050427,12.432135,0.050561,40.517231
1403637260888318976.000000,0.000000,0.000000,18.623072,5.098249,0.126325,0.048808,11.323035,0.034392,39.132880
1403637260938319104.000000,0.000000,0.000000,16.442720,2.769639,0.087699,0.047032,12.024052,0.363091,34.720660
1403637260988318976.000000,0.000000,0.000000,18.646898,3.249315,0.175372,0.037924,12.454085,0.055233,33.099830
1403637261038319104.000000,0.000000,0.000000,17.371176,2.839519,0.175551,0.045552,12.463678,0.040069,31.383787
1403637261088318976.000000,0.000000,0.000000,16.776122,6.255642,0.206749,0.040719,11.355306,0.040373,37.855594
1403637261138319104.000000,0.000000,0.000000,16.021750,3.222868,0.302805,0.049058,6.582325,0.021199,31.190662
1403637261188318976.000000,0.000000,0.000000,18.935070,4.657741,0.143395,0.032159,10.275216,0.034411,37.082076
1403637261238319104.000000,0.000000,0.000000,18.532218,4.587608,0.083304,0.029532,6.906615,0.022435,35.759068
1403637261288318976.000000,0.000000,0.000000,16.908926,4.695291,0.079090,0.032064,8.110554,0.021384,36.566239
1403637261338319104.000000,0.000000,0.000000,17.277895,6.169238,0.081113,0.031195,7.371653,0.023121,38.942239
1403637261388318976.000000,0.000000,0.000000,16.943944,2.454755,0.189850,0.030368,7.306064,0.023270,30.853288
1403637261438319104.000000,0.000000,0.000000,17.388339,2.681682,0.203070,0.028310,6.938746,0.205590,30.920464
1403637261488318976.000000,0.000000,0.000000,17.091187,2.312968,0.190046,0.033827,7.188768,0.026443,29.343830
1403637261538319104.000000,0.000000,0.000000,17.057464,2.360874,0.184734,0.041896,10.828855,0.039557,28.979231
1403637261588318976.000000,0.000000,0.000000,17.878187,5.150730,0.185500,514434075616991296.000000,0.000000,9.791044,39.566296
1403637261638319104.000000,0.000000,0.000000,17.171810,4.258814,0.124019,4209568276.000000,0.000000,12.524180,36.179634
1403637261688318976.000000,0.000000,0.000000,18.272110,4.249127,0.116260,0.000000,0.000000,9.080989,37.452030
1403637261738319104.000000,0.000000,0.000000,18.341166,3.482850,0.221475,318996717006093221888.000000,0.000000,9.864088,33.401163
1403637261788318976.000000,0.000000,0.000000,17.779578,4.619511,0.078155,2199023810587.034668,0.000000,8.543474,33.193072
1403637261838319104.000000,0.000000,0.000000,17.795014,4.458583,0.118502,2199023806370.548828,0.000000,9.944665,38.439150
1403637261888318976.000000,0.000000,0.000000,17.838220,4.066839,0.094338,-nan,0.000000,12.071995,38.110004
1403637261938319104.000000,0.000000,0.000000,18.445712,4.573066,0.110885,2875852412880926720.000000,0.000000,8.758763,37.350119
1403637261988318976.000000,0.000000,0.000000,19.117239,1.931814,0.186966,42704009756147712.000000,0.000000,8.510293,31.597999
1403637262038319104.000000,0.000000,0.000000,18.364062,4.184344,0.077473,0.000000,0.000000,7.376505,38.619021
1403637262088318976.000000,0.000000,0.000000,23.269079,3.340901,0.081426,240132635818836590592.000000,0.000000,12.746320,38.764219
1403637262138319104.000000,0.000000,0.000000,19.141987,4.331322,0.123617,2199023809923.482422,0.000000,11.492001,38.711013
1403637262188318976.000000,0.000000,0.000000,21.426751,3.696881,0.191516,51539616162.697029,0.000000,13.442001,40.305169
1403637262238319104.000000,0.000000,0.000000,19.885343,1.957211,0.125251,-nan,0.000000,8.232493,30.683749
1403637262288318976.000000,0.000000,0.000000,15.787095,2.015999,0.221241,7714438631779508224.000000,0.000000,12.195733,30.610525
1403637262338319104.000000,0.000000,0.000000,17.210731,2.559398,0.127035,4802500402085888.000000,0.000000,11.460962,29.441429
1403637262388318976.000000,0.000000,0.000000,16.009051,4.741635,0.225680,0.000000,0.000000,11.257376,33.249175
1403637262438319104.000000,0.000000,0.000000,15.959765,4.066514,0.202184,35801505975270109184.000000,0.000000,8.015444,36.588713
1403637262488318976.000000,0.000000,0.000000,17.250161,3.715694,0.328103,2199023811217.409180,0.000000,12.816629,37.365448
1403637262538319104.000000,0.000000,0.000000,18.912733,4.662183,0.131571,9895606830562.525391,0.000000,12.467195,37.925195
1403637262588318976.000000,0.000000,0.000000,17.885970,4.495883,0.115274,-nan,0.000000,8.260376,37.076545
1403637262638319104.000000,0.000000,0.000000,17.677172,4.528112,0.129847,4071201870945375744.000000,0.000000,8.201217,38.621046
1403637262688318976.000000,0.000000,0.000000,16.551187,5.407697,0.203291,59333916967829504.000000,0.000000,12.910852,34.269594
1403637262738319104.000000,0.000000,0.000000,17.632429,3.415826,0.082847,0.000000,0.000000,12.497608,32.956436
1403637262788318976.000000,0.000000,0.000000,17.393195,3.692381,0.199886,44168947792319864832.000000,0.000000,7.878375,35.914750
1403637262838319104.000000,0.000000,0.000000,17.833670,3.902006,0.153854,2199023810951.988281,0.000000,12.860548,36.443230
1403637262888318976.000000,0.000000,0.000000,19.998574,3.455090,0.228921,2199023807911.102051,0.000000,12.874138,37.950802
1403637262938319104.000000,0.000000,0.000000,18.155232,3.685522,0.145745,-nan,0.000000,10.335371,32.061304
1403637262988318976.000000,0.000000,0.000000,17.633570,2.903428,0.139290,5921416642758083584.000000,0.000000,13.653354,35.243903
1403637263038319104.000000,0.000000,0.000000,17.865240,2.160087,0.143055,803673873479368704.000000,0.000000,12.118602,29.412266
1403637263088318976.000000,0.000000,0.000000,18.023256,3.730617,0.161746,0.000000,0.000000,10.124103,37.503507
1403637263138319104.000000,0.000000,0.000000,17.691270,1.793110,0.135303,88662576970275471360.000000,0.000000,10.267545,29.860379
1403637263188318976.000000,0.000000,0.000000,17.845973,1.764534,0.126169,2199023811117.875977,0.000000,14.865883,29.316446
1403637263238319104.000000,0.000000,0.000000,18.313535,1.850148,0.095338,206158464856.462494,0.000000,10.872028,30.434333
1403637263288318976.000000,0.000000,0.000000,18.148300,1.759472,0.212366,-nan,0.000000,10.748737,29.788610
1403637263338319104.000000,0.000000,0.000000,17.900124,1.802266,0.215257,3921782638846707200.000000,0.000000,13.793026,29.348535
1403637263388318976.000000,0.000000,0.000000,18.284513,1.816645,0.213956,65865290914725888.000000,0.000000,11.936979,30.517644
1403637263438319104.000000,0.000000,0.000000,17.180199,1.828134,0.174674,0.000000,0.000000,6.512388,29.449857
1403637263488318976.000000,0.000000,0.000000,17.730346,4.289183,0.156276,201881593858741993472.000000,0.000000,12.323927,37.567134
1403637263538319104.000000,0.000000,0.000000,17.367357,3.607392,0.183709,2199023809823.949707,0.000000,10.921646,36.006885
1403637263588318976.000000,0.000000,0.000000,19.013481,4.135914,0.141582,549755951581.291626,0.000000,7.875551,39.229982
1403637263638319104.000000,0.000000,0.000000,19.895647,4.301668,0.120543,-nan,0.000000,5.950514,42.244881
1403637263688318976.000000,0.000000,0.000000,18.299074,4.146396,0.127255,825953830831328384.000000,0.000000,5.674340,40.684768
1403637263738319104.000000,0.000000,0.000000,17.505156,3.213300,0.206054,6964395417600.000000,0.000000,5.212024,35.746129
1403637263788318976.000000,0.000000,0.000000,17.530930,3.904480,0.144707,0.000000,0.000000,5.030503,37.295881
1403637263838319104.000000,0.000000,0.000000,18.821949,3.642734,0.083194,187537347570590253056.000000,0.000000,5.948951,38.137798
1403637263888318976.000000,0.000000,0.000000,17.864835,3.494137,0.129883,2199023809458.996094,0.000000,8.996184,32.468188
1403637263938319104.000000,0.000000,0.000000,17.046685,3.872992,0.115420,12884904002.837641,0.000000,5.543804,36.470463
1403637263988318976.000000,0.000000,0.000000,18.848311,1.797564,0.209700,-nan,0.000000,5.049352,31.531047
1403637264038319104.000000,0.000000,0.000000,20.581117,1.860678,0.143003,495756671978454080.000000,0.000000,4.748685,32.290070
1403637264088318976.000000,0.000000,0.000000,17.607072,2.000967,0.137317,2675226202112.000000,0.000000,6.102434,29.824208
1403637264138319104.000000,0.000000,0.000000,18.869914,3.012133,0.167102,0.000000,0.000000,5.805672,37.789850
1403637264188318976.000000,0.000000,0.000000,18.029981,3.979929,0.144175,31020108138072240128.000000,0.000000,6.877644,37.752038
1403637264238319104.000000,0.000000,0.000000,19.153522,4.661698,0.202353,2199023809857.126953,0.000000,6.531588,41.315294
1403637264288318976.000000,0.000000,0.000000,20.257856,4.505504,0.136324,4398047600619.033203,0.000000,8.595206,42.312979
1403637264338319104.000000,0.000000,0.000000,17.811510,2.109446,0.207984,-nan,0.000000,7.330609,30.626089
1403637264388318976.000000,0.000000,0.000000,17.921268,3.648968,0.220908,639180889732946816.000000,0.000000,5.942903,38.688330
1403637264438319104.000000,0.000000,0.000000,17.823989,3.588782,0.145510,1267017994.000000,0.000000,9.413906,38.605142
1403637264488318976.000000,0.000000,0.000000,18.263502,1.803475,0.159287,0.000000,0.000000,7.095769,31.365207
1403637264538319104.000000,0.000000,0.000000,17.528905,3.867821,0.209602,25043356443528392704.000000,0.000000,6.972293,36.596684
1403637264588318976.000000,0.000000,0.000000,18.707281,3.729669,0.203614,2199023809492.173340,0.000000,8.953764,39.018477
1403637264638319104.000000,0.000000,0.000000,18.704450,1.892998,0.216322,1073742094.434655,0.000000,8.541338,31.225939
1403637264688318976.000000,0.000000,0.000000,16.742504,2.184506,0.211658,-nan,0.000000,7.520031,29.679373
1403637264738319104.000000,0.000000,0.000000,17.836662,3.589064,0.214123,439724734593418112.000000,0.000000,8.951501,41.388642
1403637264788318976.000000,0.000000,0.000000,18.441615,3.604498,0.207223,382402793840836608.000000,0.000000,8.087238,39.236323
1403637264838319104.000000,0.000000,0.000000,18.834739,3.671135,0.222417,0.000000,0.000000,9.432464,37.598026
1403637264888318976.000000,0.000000,0.000000,19.501726,3.522991,0.139711,9791555665624299520.000000,0.000000,8.801299,39.693535
1403637264938319104.000000,0.000000,0.000000,20.336512,3.299534,0.102884,2199023809624.883789,0.000000,7.274039,40.211716
1403637264988318976.000000,0.000000,0.000000,18.347829,4.398231,0.079900,103079232215.442398,0.000000,9.834529,38.998869
1403637265038319104.000000,0.000000,0.000000,17.746039,4.090517,0.086507,-nan,0.000000,7.014816,37.758267
1403637265088318976.000000,0.000000,0.000000,17.365633,1.758691,0.079469,788599571910552832.000000,0.000000,11.330405,29.358431
1403637265138319104.000000,0.000000,0.000000,17.562011,2.688285,0.080585,14479234514944.000000,0.000000,11.695791,34.016724
1403637265188318976.000000,0.000000,0.000000,19.416095,1.812501,0.140205,0.000000,0.000000,7.116947,31.320945
1403637265238319104.000000,0.000000,0.000000,18.191013,1.761607,0.072495,8909791320613059584.000000,0.000000,9.807453,32.020253
1403637265288318976.000000,0.000000,0.000000,19.804945,1.865972,0.168352,2199023809160.397461,0.000000,11.145309,32.201957
1403637265338319104.000000,0.000000,0.000000,17.828358,1.832787,24184724776812544.000000,171798726264.742157,0.000000,7.417992,30.275539
1403637265388318976.000000,0.000000,0.000000,20.291762,1.817196,0.000000,-nan,0.000000,7.362698,33.058311
1403637265438319104.000000,0.000000,0.000000,17.823431,3.137308,135180212991164400.000000,458402138510081280.000000,0.000000,12.231570,32.111729
1403637265488318976.000000,0.000000,0.000000,17.778231,3.568051,343597453131.264099,6041005761495040.000000,0.000000,8.109899,36.438538
