1403636859051666432.000000 -0.000000490 -0.000000089 0.000000676 -0.000000004 -0.000000011 -0.000000010 1.000000000
1403636859101666560.000000 0.008599730 0.004932617 -0.004060834 -0.002151707 -0.002413113 -0.000855666 0.999994457
1403636859151666432.000000 0.016049216 0.010528836 -0.006905454 -0.003656370 -0.005465828 -0.001258531 0.999977648
1403636859201666560.000000 0.023300141 0.014951585 -0.010139924 -0.005113119 -0.008481977 -0.000803327 0.999950647
1403636859251666432.000000 0.031505343 0.019460743 -0.013359765 -0.007437472 -0.010676519 -0.000378001 0.999915302
1403636859301666560.000000 0.040780004 0.022675885 -0.015432288 -0.010882765 -0.010539182 -0.000210100 0.999885261
1403636859351666432.000000 0.052877296 0.025311233 -0.019841686 -0.014746156 -0.008857120 -0.002796729 0.999848187
1403636859401666560.000000 0.067307040 0.027559172 -0.024374751 -0.017677445 -0.007142000 -0.003632990 0.999811649
1403636859451666432.000000 0.084025271 0.029661650 -0.028972862 -0.019663950 -0.007680022 -0.003429259 0.999771297
1403636859501666560.000000 0.103192538 0.030470287 -0.034695257 -0.022066658 -0.010926390 -0.004003125 0.999688804
1403636859551666432.000000 0.123748906 0.032513410 -0.039632924 -0.024667425 -0.014420630 -0.004863867 0.999579847
1403636859601666560.000000 0.146435991 0.033217151 -0.045219440 -0.029461388 -0.015234464 -0.007142160 0.999424338
1403636859651666432.000000 0.168627858 0.033852868 -0.049745340 -0.034596477 -0.013226745 -0.009472081 0.999268949
1403636859701666560.000000 0.192077443 0.033825461 -0.055037297 -0.037697710 -0.008339246 -0.010413507 0.999200106
1403636859751666432.000000 0.214734778 0.033176403 -0.058709789 -0.041448072 -0.002439679 -0.012688112 0.999057174
1403636859801666560.000000 0.236570075 0.033560503 -0.063464344 -0.045037139 0.002768959 -0.015896410 0.998855054
1403636859851666432.000000 0.257864356 0.033194598 -0.070021182 -0.048675183 0.006593918 -0.019463761 0.998603284
1403636859901666560.000000 0.277404666 0.032101247 -0.075276740 -0.050572664 0.008941371 -0.021216623 0.998454988
1403636859951666432.000000 0.295260876 0.030615481 -0.080807999 -0.052049492 0.010501655 -0.021486724 0.998358190
1403636860001666560.000000 0.308406115 0.029849524 -0.086211905 -0.053797759 0.010852269 -0.021702562 0.998256981
1403636860051666432.000000 0.316764146 0.031645320 -0.088535547 -0.055779003 0.009929443 -0.021625696 0.998159587
1403636860101666560.000000 0.317888826 0.033166587 -0.089079559 -0.057494521 0.007694888 -0.019584801 0.998124063
1403636860151666432.000000 0.311506867 0.035617787 -0.087175600 -0.058196314 0.004715687 -0.018074626 0.998130381
1403636860201666560.000000 0.297628164 0.039155561 -0.084710680 -0.057956062 0.000364176 -0.016176315 0.998188019
1403636860251666432.000000 0.277179748 0.041000195 -0.078911483 -0.056380972 -0.005383032 -0.012896991 0.998311579
1403636860301666560.000000 0.249742553 0.045661200 -0.070012197 -0.055020846 -0.012736687 -0.009807469 0.998355806
1403636860351666432.000000 0.223005861 0.048437487 -0.063427433 -0.055195041 -0.022845168 -0.007214287 0.998188138
1403636860401666560.000000 0.193534881 0.051157329 -0.056858569 -0.055685129 -0.033900812 -0.003268038 0.997867346
1403636860451666432.000000 0.163968757 0.053478669 -0.049185079 -0.056074146 -0.045239337 -0.000104788 0.997401237
1403636860501666560.000000 0.136713102 0.054890554 -0.043778595 -0.055691089 -0.056513976 0.003653138 0.996840715
1403636860551666432.000000 0.114783853 0.056245394 -0.043036878 -0.053476691 -0.066642202 0.007206215 0.996316791
1403636860601666560.000000 0.094703205 0.057642180 -0.039170593 -0.052601960 -0.075050361 0.009194760 0.995748937
1403636860651666432.000000 0.078390330 0.057710346 -0.036912285 -0.050501853 -0.080886401 0.009954063 0.995393336
1403636860701666560.000000 0.066377141 0.058925934 -0.035329014 -0.048027996 -0.083468318 0.009713352 0.995305002
1403636860751666432.000000 0.058898129 0.060227454 -0.034297287 -0.047245119 -0.084142983 0.006722309 0.995310426
1403636860801666560.000000 0.056832422 0.059965264 -0.036499251 -0.046851292 -0.082897395 0.002719244 0.995452523
1403636860851666432.000000 0.062515728 0.059340157 -0.039859381 -0.046625830 -0.082772084 -0.001691918 0.995475829
1403636860901666560.000000 0.074900500 0.059016671 -0.044014510 -0.045124102 -0.083067358 -0.004393224 0.995512128
1403636860951666432.000000 0.093240581 0.058186706 -0.050303340 -0.043614034 -0.082497075 -0.006555165 0.995614946
1403636861001666560.000000 0.116605155 0.058255266 -0.056025952 -0.042781789 -0.078970425 -0.008573607 0.995921671
1403636861051666432.000000 0.143938974 0.057265710 -0.064371862 -0.041994978 -0.073583640 -0.008861488 0.996365130
1403636861101666560.000000 0.173076555 0.056598462 -0.071254805 -0.042256609 -0.065222591 -0.009631435 0.996929109
1403636861151666432.000000 0.205238402 0.055663496 -0.079337671 -0.042760465 -0.055827260 -0.011049345 0.997463167
1403636861201666560.000000 0.236671969 0.054796088 -0.086720861 -0.042931713 -0.044036254 -0.012878025 0.998023987
1403636861251666432.000000 0.264347553 0.055143513 -0.089552321 -0.042594135 -0.031032082 -0.013459157 0.998519778
1403636861301666560.000000 0.294480354 0.055369373 -0.099556707 -0.042000800 -0.018817237 -0.013322458 0.998851538
1403636861351666432.000000 0.321398735 0.055134263 -0.107480451 -0.042638477 -0.008246467 -0.013418366 0.998966455
1403636861401666560.000000 0.343342721 0.055888500 -0.112757191 0.043114454 -0.001077410 0.011496621 -0.999003410
1403636861451666432.000000 0.359090745 0.056585524 -0.116629638 0.044195566 -0.008437747 0.011530596 -0.998920739
1403636861501666560.000000 0.368201733 0.056792695 -0.119476311 -0.045322742 0.012878200 -0.011243731 0.998826146
1403636861551666432.000000 0.368426085 0.058329098 -0.118331581 -0.047216054 0.014061019 -0.011622279 0.998718143
1403636861601666560.000000 0.359715521 0.059830729 -0.114775375 0.047446128 -0.011678944 0.011320834 -0.998741388
1403636861651666432.000000 0.344096184 0.061350781 -0.109096348 0.046610981 -0.006737601 0.010323062 -0.998837054
1403636861701666560.000000 0.322902083 0.062741414 -0.101875462 0.045790471 -0.000837507 0.010034251 -0.998900354
1403636861751666432.000000 0.298309833 0.064140946 -0.094169140 0.045034025 0.005258735 0.010409586 -0.998917401
1403636861801666560.000000 0.271970242 0.065285526 -0.086576015 0.044872206 0.011218570 0.011375151 -0.998865008
1403636861851666432.000000 0.244223952 0.066204801 -0.077644140 0.042942595 0.016767560 0.010113752 -0.998885691
1403636861901666560.000000 0.216290221 0.066075079 -0.070411563 0.040822595 0.024682421 0.008939954 -0.998821497
1403636861951666432.000000 0.188474610 0.065182664 -0.065885998 -0.039540481 -0.034513358 -0.006702366 0.998599231
1403636862001666560.000000 0.160408393 0.064416513 -0.059052713 -0.037962999 -0.045143753 -0.004067759 0.998250663
1403636862051666432.000000 0.133241907 0.062632836 -0.051904824 -0.036843121 -0.054526266 -0.000886737 0.997832000
1403636862101666560.000000 0.108740300 0.061212894 -0.046454456 -0.036279000 -0.061630156 0.001441459 0.997438490
1403636862151666432.000000 0.087879725 0.059988916 -0.040857345 -0.034499161 -0.066624403 0.004165074 0.997172892
1403636862201666560.000000 0.071817257 0.059553079 -0.037571758 -0.033101261 -0.070538782 0.003318957 0.996954143
1403636862251666432.000000 0.061844416 0.059978656 -0.034191869 -0.033573426 -0.074356131 -0.000037723 0.996666491
1403636862301666560.000000 0.059353668 0.059986014 -0.034567170 -0.033915516 -0.078254633 -0.003226046 0.996351182
1403636862351666432.000000 0.064890318 0.060219299 -0.036422197 0.033704270 0.082381293 0.005762309 -0.996014118
1403636862401666560.000000 0.078604668 0.059748631 -0.040711589 0.032917343 0.084636182 0.006126119 -0.995849192
1403636862451666432.000000 0.098886579 0.058879048 -0.046875253 0.032301404 0.083980747 0.006254338 -0.995924056
1403636862501666560.000000 0.124151774 0.058058951 -0.055058204 0.033547062 0.080721341 0.007869199 -0.996140957
1403636862551666432.000000 0.152914330 0.058133245 -0.062157862 0.037418894 0.075632192 0.009713854 -0.996386111
1403636862601666560.000000 0.184298947 0.058790952 -0.069307432 0.043449849 0.069189571 0.013989275 -0.996558666
1403636862651666432.000000 0.217090204 0.058771867 -0.076764651 -0.047987409 -0.061730579 -0.015744720 0.996814311
1403636862701666560.000000 0.250578582 0.058005806 -0.084976606 -0.051371071 -0.054406721 -0.017722260 0.997039080
1403636862751666432.000000 0.283552766 0.056203440 -0.093281396 -0.052322980 -0.048097964 -0.013827198 0.997375369
1403636862801666560.000000 0.316699594 0.055194907 -0.099260025 0.054108750 0.044707682 0.012493670 -0.997455478
1403636862851666432.000000 0.348761350 0.053618148 -0.107945070 0.055751033 0.041419029 0.007506203 -0.997557044
1403636862901666560.000000 0.379575104 0.052151062 -0.120455213 -0.056778323 -0.037723966 -0.003711943 0.997667015
1403636862951666432.000000 0.404193938 0.050713196 -0.128573388 -0.056448705 -0.032842238 0.000444389 0.997865140
1403636863001666560.000000 0.420970291 0.049925745 -0.134712324 -0.055152282 -0.027254028 0.001005330 0.998105466
1403636863051666432.000000 0.429405928 0.050267119 -0.137920648 0.055440336 0.021700006 0.002189402 -0.998223841
1403636863101666560.000000 0.429308414 0.051532812 -0.138221323 0.057392463 0.017235115 0.007045134 -0.998178065
1403636863151666432.000000 0.421115518 0.052886602 -0.135743573 0.059079487 0.014202692 0.012270088 -0.998076916
1403636863201666560.000000 0.405014008 0.054116622 -0.130804896 0.060697041 0.013825338 0.016556241 -0.997923195
1403636863251666432.000000 0.382614404 0.054991670 -0.123637378 0.061273180 0.015025907 0.018977707 -0.997827530
1403636863301666560.000000 0.355632275 0.056287546 -0.115134828 0.063301034 0.016829083 0.022555124 -0.997597694
1403636863351666432.000000 0.325680584 0.057529557 -0.106219515 0.064841904 0.018604612 0.023707127 -0.997440457
1403636863401666560.000000 0.294822663 0.059304226 -0.095088989 -0.068401106 -0.020819956 -0.025342394 0.997118711
1403636863451666432.000000 0.262917429 0.060416002 -0.086004056 -0.070198923 -0.023516813 -0.024456451 0.996955872
1403636863501666560.000000 0.229422927 0.061682288 -0.076522708 -0.070857786 -0.028601039 -0.020578304 0.996863961
1403636863551666432.000000 0.194834590 0.062383350 -0.067789085 0.066595189 0.034666646 0.015187889 -0.997062027
1403636863601666560.000000 0.161801308 0.063217454 -0.062166389 0.063007668 0.041838277 0.010309581 -0.997082412
1403636863651666432.000000 0.131889760 0.064903259 -0.052603453 -0.059394781 -0.049790516 -0.005289763 0.996978045
1403636863701666560.000000 0.105204195 0.065958165 -0.046581075 -0.056386515 -0.057080120 -0.000716301 0.996775746
1403636863751666432.000000 0.083417922 0.067266859 -0.041238651 -0.055510052 -0.064082235 0.003679949 0.996392787
1403636863801666560.000000 0.068245746 0.068972528 -0.037389167 -0.054727755 -0.071648285 0.005828978 0.995910406
1403636863851666432.000000 0.061337106 0.069762036 -0.037180334 -0.054569114 -0.077946104 0.006165600 0.995444000
1403636863901666560.000000 0.063350998 0.070312828 -0.039303452 -0.053451311 -0.082491338 0.006103540 0.995138645
1403636863951666432.000000 0.073649086 0.069738023 -0.043755881 -0.051209960 -0.084991373 0.006274708 0.995045066
1403636864001666560.000000 0.093161896 0.069385611 -0.050360594 -0.049633089 -0.084761895 0.005351243 0.995149970
1403636864051666432.000000 0.118803263 0.068324342 -0.058692843 -0.047785722 -0.081951059 0.004166502 0.995481431
1403636864101666560.000000 0.149052843 0.067661159 -0.067585096 0.048207682 0.078115463 0.000629535 -0.995777905
1403636864151666432.000000 0.182567403 0.066602707 -0.078162357 0.050856777 0.073815413 0.005088721 -0.995961368
1403636864201666560.000000 0.218343183 0.065175176 -0.087635130 0.053893413 0.069608085 0.008107338 -0.996084630
1403636864251666432.000000 0.252972066 0.063411467 -0.095412500 0.055548552 0.066404693 0.008938330 -0.996205270
1403636864301666560.000000 0.287607372 0.059637617 -0.107386820 -0.054915130 -0.064373583 -0.008805262 0.996374905
1403636864351666432.000000 0.318261981 0.056715854 -0.115634121 -0.054479845 -0.061596908 -0.007903280 0.996581852
1403636864401666560.000000 0.346938759 0.054066159 -0.123123236 -0.055009641 -0.056664925 -0.006333896 0.996856511
1403636864451666432.000000 0.373432606 0.051701300 -0.130276561 -0.056723993 -0.048515595 -0.004110802 0.997201979
1403636864501666560.000000 0.396229208 0.050442040 -0.135184869 0.058153167 0.037325479 0.000838019 -0.997609377
1403636864551666432.000000 0.413635224 0.048309889 -0.138823554 0.057146080 0.025782485 -0.003838813 -0.998025537
1403636864601666560.000000 0.424764782 0.045776539 -0.138738573 0.058326017 0.016799580 -0.003216116 -0.998151064
1403636864651666432.000000 0.427406341 0.045393150 -0.138615489 0.059363402 0.010072734 -0.001485084 -0.998184562
1403636864701666560.000000 0.421260566 0.045960583 -0.136541352 0.061093267 0.007858962 0.003429953 -0.998095274
1403636864751666432.000000 0.407588333 0.047130577 -0.132365227 0.062714338 0.009310741 0.008075745 -0.997955441
1403636864801666560.000000 0.390131950 0.048428450 -0.128862888 -0.062737927 -0.012782626 -0.009557874 0.997902393
1403636864851666432.000000 0.365252078 0.049287323 -0.120805755 -0.062806264 -0.017457223 -0.010398190 0.997818947
1403636864901666560.000000 0.337600559 0.050401296 -0.111698635 -0.063839070 -0.022138324 -0.010166880 0.997662842
1403636864951666432.000000 0.308901250 0.051960293 -0.103143081 0.066280589 0.027576670 0.011428974 -0.997354388
1403636865001666560.000000 0.277593315 0.053361081 -0.093599215 0.069658488 0.032998219 0.012457575 -0.996947169
1403636865051666432.000000 0.248135790 0.055176072 -0.083904676 0.070140809 0.039444413 0.012699353 -0.996676087
1403636865101666560.000000 0.219485164 0.057330728 -0.074557342 0.070544787 0.045799676 0.011083861 -0.996395051
1403636865151666432.000000 0.192153528 0.058530129 -0.064920694 0.067900777 0.050633185 0.002944254 -0.996402144
1403636865201666560.000000 0.166627929 0.059955530 -0.055781916 0.063373029 0.054281943 -0.005819897 -0.996495605
1403636865251666432.000000 0.146775380 0.060491011 -0.048426531 -0.058762468 -0.057028573 0.013946461 0.996544182
1403636865301666560.000000 0.128362060 0.061683614 -0.042349480 -0.055776600 -0.058234118 0.018648006 0.996569157
1403636865351666432.000000 0.113802962 0.062898442 -0.037483476 -0.056086771 -0.058551576 0.020380013 0.996499181
1403636865401666560.000000 0.102488860 0.062405992 -0.035815094 0.056691919 0.060055025 -0.018577853 -0.996410728
1403636865451666432.000000 0.096861303 0.062873028 -0.033879008 0.057531845 0.063613862 -0.014651790 -0.996207178
1403636865501666560.000000 0.097225629 0.063087568 -0.033375733 0.059060767 0.069330662 -0.010135991 -0.995792329
1403636865551666432.000000 0.104786180 0.062714398 -0.034894202 0.058848582 0.075798281 -0.006424546 -0.995364368
1403636865601666560.000000 0.119102836 0.061101340 -0.038616490 0.058007445 0.080500230 -0.004616899 -0.995054543
1403636865651666432.000000 0.138975680 0.057966877 -0.044536691 0.055533752 0.082036570 -0.004565835 -0.995070398
1403636865701666560.000000 0.163662165 0.054371256 -0.052043431 0.053016581 0.079681315 -0.004538505 -0.995399237
1403636865751666432.000000 0.191143990 0.050146781 -0.062503301 -0.051950969 -0.074300021 0.004948932 0.995869517
1403636865801666560.000000 0.221939877 0.046843030 -0.071002938 -0.051309034 -0.066884026 0.005402175 0.996426046
1403636865851666432.000000 0.254310966 0.044134930 -0.079710573 -0.051267244 -0.058353528 0.006670709 0.996956468
1403636865901666560.000000 0.286368072 0.042952109 -0.087401524 0.050782923 0.048293259 -0.007610760 -0.997512400
1403636865951666432.000000 0.319289118 0.039380964 -0.097185515 0.050125428 0.035896372 -0.009072147 -0.998056412
1403636866001666560.000000 0.352404952 0.038128190 -0.106869534 0.050203152 0.022672983 -0.009989431 -0.998431683
1403636866051666432.000000 0.384151936 0.035435155 -0.117003314 0.051832106 0.008375514 -0.010482007 -0.998565733
1403636866101666560.000000 0.412028223 0.033865821 -0.126161918 0.053751521 -0.004747791 -0.009297978 -0.998499751
1403636866151666432.000000 0.435542703 0.032466769 -0.134573340 0.055395853 -0.015181256 -0.007077421 -0.998323977
1403636866201666560.000000 0.451583296 0.030708551 -0.142358422 -0.056426536 0.021705510 0.004960051 0.998158455
1403636866251666432.000000 0.460986316 0.030082678 -0.146636620 -0.058170155 0.024279403 0.002844332 0.998007417
1403636866301666560.000000 0.462429136 0.029950667 -0.148128182 -0.060561765 0.022543792 -0.000180912 0.997909904
1403636866351666432.000000 0.457271516 0.030552439 -0.146555886 0.064011671 -0.018126834 0.002380695 -0.997781694
1403636866401666560.000000 0.444942713 0.031731971 -0.142256886 0.066322528 -0.011911975 0.004980619 -0.997714758
1403636866451666432.000000 0.426648557 0.033308469 -0.135492370 0.067830086 -0.005999740 0.005757849 -0.997662306
1403636866501666560.000000 0.403204381 0.035202038 -0.127555892 0.068192199 -0.000329847 0.007019311 -0.997647524
1403636866551666432.000000 0.376809865 0.038196877 -0.118545353 0.069111511 0.005070292 0.007741970 -0.997566104
1403636866601666560.000000 0.350131065 0.042261671 -0.110087857 0.070465460 0.010933093 0.008072121 -0.997421682
1403636866651666432.000000 0.323905677 0.046334561 -0.101881057 0.072860025 0.017399333 0.009205895 -0.997147918
1403636866701666560.000000 0.299405307 0.048916288 -0.094272554 -0.074097611 -0.023693124 -0.009262455 0.996926546
1403636866751666432.000000 0.278056026 0.051874291 -0.090052143 -0.072210521 -0.029427523 -0.009807291 0.996906996
1403636866801666560.000000 0.258956373 0.054096956 -0.087438703 -0.069244340 -0.034351904 -0.009352425 0.996964276
1403636866851666432.000000 0.241031736 0.055367567 -0.085330687 -0.063557953 -0.039382759 -0.006944547 0.997176647
1403636866901666560.000000 0.221731693 0.057322688 -0.084145561 0.058323409 0.045685932 0.003502840 -0.997245669
1403636866951666432.000000 0.206853986 0.057598401 -0.082834378 0.053250231 0.053601831 -0.000960190 -0.997141123
1403636867001666560.000000 0.194494188 0.058936317 -0.081476592 0.051152397 0.061425366 -0.003782442 -0.996792912
1403636867051666432.000000 0.186190754 0.058336060 -0.083030358 0.051660020 0.068171322 -0.005268455 -0.996321380
1403636867101666560.000000 0.178998694 0.058267478 -0.083862446 0.050899636 0.073329367 -0.005234859 -0.995994389
1403636867151666432.000000 0.171264812 0.058893360 -0.083453678 -0.048594363 -0.076787047 0.007064727 0.995837569
1403636867201666560.000000 0.167369649 0.057804842 -0.087182216 -0.043874525 -0.079546779 0.008045818 0.995832622
1403636867251666432.000000 0.164491475 0.056069240 -0.091557503 -0.037443999 -0.082206912 0.008502903 0.995875418
1403636867301666560.000000 0.163830146 0.055009183 -0.096180230 0.032958921 0.084670760 -0.008708082 -0.995825708
1403636867351666432.000000 0.164202601 0.054208454 -0.100313410 0.030949751 0.088002175 -0.008829487 -0.995600283
1403636867401666560.000000 0.165641457 0.053726088 -0.104073055 0.031468879 0.091827683 -0.007528751 -0.995249093
1403636867451666432.000000 0.167267993 0.052618790 -0.108299971 0.032485843 0.097332075 -0.006844191 -0.994698107
1403636867501666560.000000 0.168784961 0.051685706 -0.112561293 0.034485385 0.105368055 -0.005824609 -0.993818104
1403636867551666432.000000 0.168843985 0.050772831 -0.117047921 -0.036197189 -0.118392080 0.003368926 0.992301285
1403636867601666560.000000 0.167415515 0.050296932 -0.121594973 -0.037003111 -0.136931002 0.002477195 0.989886165
1403636867651666432.000000 0.164194837 0.050201170 -0.125685871 0.036895167 0.161189750 -0.003659436 -0.986226737
1403636867701666560.000000 0.160788953 0.049741354 -0.129867449 -0.036795378 -0.190067828 0.006750820 0.981058002
1403636867751666432.000000 0.155866787 0.049710743 -0.134018287 -0.037673105 -0.220712215 0.009653387 0.974563420
1403636867801666560.000000 0.151943505 0.050142035 -0.137644827 -0.040252894 -0.248824090 0.011958378 0.967638016
1403636867851666432.000000 0.149487361 0.050967839 -0.140275210 -0.043321785 -0.270288408 0.015615680 0.961677492
1403636867901666560.000000 0.148874342 0.051184032 -0.141660541 -0.045284037 -0.282794803 0.018116143 0.957939625
1403636867951666432.000000 0.149596989 0.050875280 -0.142127290 0.047271181 0.286595911 -0.021189086 -0.956650078
1403636868001666560.000000 0.151798397 0.050130431 -0.142292649 0.047902413 0.283764958 -0.022175066 -0.957439899
1403636868051666432.000000 0.154670700 0.049355697 -0.142410785 0.048510551 0.276634157 -0.022702968 -0.959481537
1403636868101666560.000000 0.157015234 0.048635740 -0.143304110 0.048343174 0.268604398 -0.022046532 -0.961784124
1403636868151666432.000000 0.158682138 0.047849018 -0.144452721 0.047959164 0.261768758 -0.021755777 -0.963692844
1403636868201666560.000000 0.159079581 0.046839826 -0.146453276 0.046705734 0.257971168 -0.022321464 -0.964764893
1403636868251666432.000000 0.158899903 0.045715664 -0.148662999 0.046024926 0.256988853 -0.022238968 -0.965061665
1403636868301666560.000000 0.158024967 0.043750778 -0.151743904 0.046003263 0.257572204 -0.024790095 -0.964844942
1403636868351666432.000000 0.157694533 0.040435426 -0.156588778 -0.046082549 -0.259859592 0.026491614 0.964182377
1403636868401666560.000000 0.156662196 0.037158974 -0.159849212 -0.046678577 -0.260411501 0.028617157 0.963944018
1403636868451666432.000000 0.155619189 0.033161644 -0.163104936 -0.047770131 -0.258130789 0.029884418 0.964465380
1403636868501666560.000000 0.155210748 0.029714642 -0.165445030 0.049953334 0.253522903 -0.028887622 -0.965606749
1403636868551666432.000000 0.156069845 0.026039766 -0.168790013 0.053228859 0.247731805 -0.028345603 -0.966949999
1403636868601666560.000000 0.157538578 0.022366835 -0.172398239 0.056060407 0.243333042 -0.029528566 -0.967871010
1403636868651666432.000000 0.158998981 0.019326475 -0.176146358 0.057872724 0.241866857 -0.030503258 -0.968101621
1403636868701666560.000000 0.159576327 0.016559780 -0.180190861 0.058939621 0.243395105 -0.030602006 -0.967651069
1403636868751666432.000000 0.159313172 0.013807563 -0.183955312 0.057511453 0.247113541 -0.029082259 -0.966841102
1403636868801666560.000000 0.158089161 0.011006229 -0.187374458 0.056234185 0.251348227 -0.027188770 -0.965879202
1403636868851666432.000000 0.157095894 0.008059302 -0.189145535 -0.056413990 -0.253716290 0.024882855 0.965311587
1403636868901666560.000000 0.157148764 0.005815654 -0.190669894 -0.057138767 -0.253491551 0.021999899 0.965397954
1403636868951666432.000000 0.157367840 0.003051547 -0.191598207 -0.057129573 -0.250834048 0.021216964 0.966109991
1403636869001666560.000000 0.157782167 0.000688796 -0.192388594 0.054481082 0.247571990 -0.021160733 -0.967105091
1403636869051666432.000000 0.158283591 -0.001376567 -0.192547753 0.051798996 0.244846091 -0.022479355 -0.967916310
1403636869101666560.000000 0.158869028 -0.003236933 -0.192492098 0.049076740 0.242774397 -0.023035457 -0.968566775
1403636869151666432.000000 0.158393994 -0.005096624 -0.192524165 0.046999004 0.241672128 -0.023942016 -0.968923390
1403636869201666560.000000 0.157714069 -0.006287060 -0.191978723 0.045266338 0.241944820 -0.022885613 -0.968963325
1403636869251666432.000000 0.157048821 -0.006969697 -0.191237673 0.044741936 0.242281422 -0.022382852 -0.968915343
1403636869301666560.000000 0.156413287 -0.007170167 -0.190346330 0.044104557 0.242557406 -0.021433396 -0.968896985
1403636869351666432.000000 0.156300724 -0.007432419 -0.189063251 -0.043190036 -0.242421418 0.021814702 0.968963683
1403636869401666560.000000 0.155999631 -0.007325602 -0.188106492 -0.042537369 -0.242270052 0.021398472 0.969039679
1403636869451666432.000000 0.155900195 -0.006902791 -0.187295571 -0.042044446 -0.242203608 0.021587687 0.969073653
1403636869501666560.000000 0.155682161 -0.005140562 -0.187063575 0.042295847 0.242048278 -0.021684792 -0.969099283
1403636869551666432.000000 0.155808896 -0.001928660 -0.186485022 0.042646561 0.241860077 -0.021651328 -0.969131708
1403636869601666560.000000 0.156025976 0.003445558 -0.185902834 0.043148138 0.242303461 -0.022130961 -0.968987882
1403636869651666432.000000 0.156462267 0.011360290 -0.185266867 0.043530330 0.243885309 -0.021828795 -0.968580723
1403636869701666560.000000 0.156524554 0.022127744 -0.184530854 0.045171145 0.246126220 -0.022387492 -0.967925787
1403636869751666432.000000 0.157564342 0.035054065 -0.183555752 0.046806950 0.248170212 -0.022918914 -0.967313468
1403636869801666560.000000 0.158873752 0.050056394 -0.181964457 -0.049129989 -0.248220712 0.024124898 0.967156053
1403636869851666432.000000 0.161035508 0.067316316 -0.179882109 -0.052336268 -0.246412650 0.025498614 0.967414916
1403636869901666560.000000 0.163801387 0.086530864 -0.177427724 -0.056191720 -0.243130669 0.027304361 0.967979550
1403636869951666432.000000 0.166449845 0.107620217 -0.174644992 -0.059650667 -0.239534393 0.029414829 0.968607187
1403636870001666560.000000 0.169037089 0.130044013 -0.171677738 -0.063317232 -0.237304971 0.031294655 0.968864262
1403636870051666432.000000 0.171360582 0.153403908 -0.168432400 0.067110911 0.236926064 -0.033956818 -0.968612015
1403636870101666560.000000 0.173407227 0.178144008 -0.165826038 -0.071472302 -0.238622293 0.036269289 0.967799366
1403636870151666432.000000 0.176018372 0.203646511 -0.162785918 -0.076105870 -0.241661742 0.037287854 0.966652572
1403636870201666560.000000 0.179161221 0.229594618 -0.159793139 -0.079778120 -0.244408682 0.036539938 0.965693891
1403636870251666432.000000 0.182202011 0.254829049 -0.157161370 0.082228109 0.245184600 -0.037174482 -0.965267420
1403636870301666560.000000 0.185709506 0.280822039 -0.154343620 -0.084399052 -0.243170753 0.038189191 0.965549827
1403636870351666432.000000 0.188940078 0.306173623 -0.151684895 -0.087378189 -0.239352107 0.039322071 0.966193318
1403636870401666560.000000 0.191565573 0.331508666 -0.148851514 -0.091176987 -0.235589936 0.038234387 0.966810405
1403636870451666432.000000 0.193307132 0.355245590 -0.146186143 0.094721384 0.233482644 -0.037272744 -0.967018366
1403636870501666560.000000 0.193066388 0.376803786 -0.144262597 -0.096474111 -0.233820304 0.040788520 0.966621518
1403636870551666432.000000 0.192603290 0.395528555 -0.142325953 -0.098299734 -0.236435235 0.045575414 0.965587080
1403636870601666560.000000 0.191805869 0.413802207 -0.140929043 -0.102647409 -0.240958691 0.045309421 0.964027762
1403636870651666432.000000 0.191284120 0.430197209 -0.140391827 0.107442535 0.244243845 -0.045052551 -0.962689638
1403636870701666560.000000 0.191443041 0.444672823 -0.139022902 0.111207590 0.243888617 -0.044602185 -0.962373078
1403636870751666432.000000 0.191834092 0.456378818 -0.136641994 0.112251647 0.240432650 -0.045095649 -0.963098228
1403636870801666560.000000 0.190700427 0.465027064 -0.134316564 0.111940905 0.234876052 -0.048861191 -0.964321077
1403636870851666432.000000 0.188855216 0.472094595 -0.132378012 -0.110938832 -0.229311585 0.051075760 0.965660393
1403636870901666560.000000 0.187111244 0.477577180 -0.131347254 -0.110170402 -0.224255174 0.050996229 0.966939270
1403636870951666432.000000 0.185324460 0.481361389 -0.130373895 -0.108580686 -0.220391974 0.052570183 0.967922568
1403636871001666560.000000 0.183480531 0.482906699 -0.130436093 0.107259579 0.218979061 -0.054945733 -0.968258560
1403636871051666432.000000 0.180813745 0.483207941 -0.129674092 0.106321216 0.220647737 -0.058879253 -0.967751861
1403636871101666560.000000 0.178329080 0.483237535 -0.129298985 0.107989877 0.225903973 -0.059719261 -0.966301799
1403636871151666432.000000 0.176956668 0.482356489 -0.129243955 0.111495003 0.232068107 -0.058458798 -0.964518547
1403636871201666560.000000 0.176797688 0.479292959 -0.129576504 0.114556603 0.236052930 -0.058908582 -0.963164389
1403636871251666432.000000 0.177865639 0.474347919 -0.129983172 0.116129130 0.237167120 -0.059110120 -0.962689877
1403636871301666560.000000 0.179244623 0.467203528 -0.130379021 0.115601406 0.235877961 -0.059651606 -0.963036716
1403636871351666432.000000 0.180196509 0.457717448 -0.131356046 -0.114738643 -0.234810263 0.058215268 0.963488579
1403636871401666560.000000 0.181033283 0.445886105 -0.132028818 -0.113811240 -0.234690264 0.055640254 0.963779867
1403636871451666432.000000 0.181573808 0.431247473 -0.132565305 -0.111810036 -0.234207913 0.053954411 0.964227200
1403636871501666560.000000 0.179756403 0.414893210 -0.131693751 -0.109663531 -0.232222736 0.053248920 0.964992821
1403636871551666432.000000 0.179744691 0.395385265 -0.131715700 -0.107934155 -0.232473984 0.053342473 0.965122163
1403636871601666560.000000 0.179673418 0.373767614 -0.131843239 -0.106446430 -0.233567595 0.053098004 0.965036809
1403636871651666432.000000 0.179738805 0.349634469 -0.132799596 -0.103235312 -0.234771490 0.054202173 0.965032160
1403636871701666560.000000 0.180092409 0.323775887 -0.133328527 -0.098680787 -0.235916436 0.055466898 0.965157568
1403636871751666432.000000 0.180473492 0.296707958 -0.133508950 -0.093721874 -0.236197665 0.056718569 0.965510249
1403636871801666560.000000 0.179816291 0.269481272 -0.133362129 -0.089876354 -0.236582533 0.056395173 0.965800524
1403636871851666432.000000 0.179106846 0.241781607 -0.132575184 -0.086661234 -0.236762688 0.053704415 0.966203511
1403636871901666560.000000 0.178027987 0.213118166 -0.130889684 -0.082949549 -0.235544577 0.052603759 0.966887355
1403636871951666432.000000 0.176317647 0.184272990 -0.128165722 -0.078531258 -0.233122021 0.051959068 0.967877686
1403636872001666560.000000 0.174866021 0.154400826 -0.125164941 -0.072748385 -0.229795605 0.052387655 0.969101250
1403636872051666432.000000 0.172970787 0.124818005 -0.121745408 -0.066855773 -0.226376578 0.052917529 0.970300913
1403636872101666560.000000 0.171122059 0.096210517 -0.118977726 -0.061262257 -0.223749205 0.051957745 0.971330941
1403636872151666432.000000 0.168625817 0.069115341 -0.116147131 -0.057434127 -0.222495168 0.050712015 0.971918523
1403636872201666560.000000 0.165446565 0.043345451 -0.113607287 -0.054155938 -0.223294973 0.049102712 0.972005904
1403636872251666432.000000 0.162520573 0.018594479 -0.111746974 -0.049804389 -0.225869879 0.047600448 0.971718371
1403636872301666560.000000 0.158479884 -0.004636782 -0.110063657 -0.045449488 -0.229983062 0.046309989 0.971029103
1403636872351666432.000000 0.154637098 -0.025308985 -0.109060884 -0.041105188 -0.234015092 0.044429775 0.970346987
1403636872401666560.000000 0.151281565 -0.043145109 -0.107458256 -0.037527654 -0.237581328 0.043278325 0.969677210
1403636872451666432.000000 0.149029061 -0.057478923 -0.106543019 -0.034991633 -0.239579275 0.042297397 0.969323695
1403636872501666560.000000 0.147813603 -0.067724511 -0.105361477 -0.032684661 -0.240177408 0.041360535 0.969296634
1403636872551666432.000000 0.147730410 -0.074025787 -0.105912253 -0.030770406 -0.239306763 0.039925881 0.969634712
1403636872601666560.000000 0.148160756 -0.076785333 -0.105905190 -0.028707007 -0.237392634 0.038222257 0.970236957
1403636872651666432.000000 0.149300814 -0.076428190 -0.106089100 0.028069222 0.234963030 -0.036730438 -0.970904410
1403636872701666560.000000 0.150411680 -0.073648110 -0.106463894 0.027995313 0.233028531 -0.034848165 -0.971442044
1403636872751666432.000000 0.151243210 -0.068579175 -0.107315034 0.029465159 0.232224330 -0.034008384 -0.971620917
1403636872801666560.000000 0.152071998 -0.060454328 -0.107863113 0.031754769 0.233017296 -0.032923371 -0.971396267
1403636872851666432.000000 0.152959570 -0.049162317 -0.106949702 0.033924837 0.234244734 -0.034432702 -0.970975220
1403636872901666560.000000 0.153782353 -0.034201574 -0.106900975 0.036517102 0.235340059 -0.035998035 -0.970559537
1403636872951666432.000000 0.154607892 -0.015680587 -0.107280612 -0.040303640 -0.235677257 0.036977805 0.970290959
1403636873001666560.000000 0.155395940 0.006226040 -0.107120074 -0.044113856 -0.235884249 0.037785247 0.970043838
1403636873051666432.000000 0.156115040 0.030478502 -0.106677584 -0.048190035 -0.235538304 0.038266707 0.969915032
1403636873101666560.000000 0.157035798 0.056648258 -0.105545372 -0.051436510 -0.235360414 0.039264202 0.969751596
1403636873151666432.000000 0.158382908 0.084273741 -0.104869999 -0.054831058 -0.236014932 0.041292172 0.969322264
1403636873201666560.000000 0.160004079 0.113504060 -0.104041211 -0.058808543 -0.236808866 0.043298427 0.968807757
1403636873251666432.000000 0.161933914 0.143365547 -0.103711314 -0.063001841 -0.237488225 0.045553017 0.968274295
1403636873301666560.000000 0.164031595 0.173933342 -0.103094608 -0.067398205 -0.237942576 0.047784805 0.967759013
1403636873351666432.000000 0.165812373 0.204688936 -0.102786697 -0.071397051 -0.238347307 0.049576920 0.967282414
1403636873401666560.000000 0.166859567 0.235382155 -0.102907754 -0.075055227 -0.238596380 0.051110808 0.966864169
1403636873451666432.000000 0.167630851 0.264994055 -0.103243560 -0.078067958 -0.239036560 0.053681400 0.966377437
1403636873501666560.000000 0.167803124 0.294001162 -0.103864282 -0.081410080 -0.240434483 0.054489929 0.965709388
1403636873551666432.000000 0.167203471 0.321783662 -0.104950972 -0.086332627 -0.242471054 0.055551481 0.964711607
1403636873601666560.000000 0.166093111 0.347496748 -0.106307566 -0.091382399 -0.244658798 0.056385089 0.963645220
1403636873651666432.000000 0.164506063 0.371229470 -0.107442908 -0.096068494 -0.246475071 0.056565572 0.962715626
1403636873701666560.000000 0.162721649 0.392127275 -0.108732991 0.099283718 0.248311251 -0.058432017 -0.961805642
1403636873751666432.000000 0.159620285 0.410105526 -0.109591536 -0.100375310 -0.249642387 0.059698861 0.961269796
1403636873801666560.000000 0.157518640 0.424319744 -0.110788055 -0.100419864 -0.251129270 0.059498329 0.960890234
1403636873851666432.000000 0.155618891 0.434978664 -0.111708581 -0.100971691 -0.251297057 0.060701735 0.960713208
1403636873901666560.000000 0.154658049 0.442679703 -0.113000482 0.101684265 0.251022726 -0.061443865 -0.960662603
1403636873951666432.000000 0.153055817 0.447439283 -0.113169767 -0.103322312 -0.249855414 0.061910845 0.960762143
1403636874001666560.000000 0.151663437 0.449400485 -0.112980984 -0.105096817 -0.249173552 0.062632032 0.960699975
1403636874051666432.000000 0.150770262 0.449473351 -0.112177625 -0.106430002 -0.248924509 0.062955298 0.960596621
1403636874101666560.000000 0.150601164 0.447608918 -0.111871392 0.106296144 0.249267325 -0.063156486 -0.960509360
1403636874151666432.000000 0.150626272 0.443958759 -0.111008480 0.105931222 0.249979660 -0.063474610 -0.960343599
1403636874201666560.000000 0.151059896 0.438092440 -0.110449925 0.105157591 0.251133502 -0.062856950 -0.960168183
1403636874251666432.000000 0.151645139 0.429473370 -0.109798133 0.104198381 0.252319425 -0.062289625 -0.959998846
1403636874301666560.000000 0.152186111 0.417697370 -0.108700350 0.101175211 0.253807575 -0.060077298 -0.960070848
1403636874351666432.000000 0.152539268 0.402218401 -0.107370190 0.097919501 0.255065322 -0.059692528 -0.960099101
1403636874401666560.000000 0.152984008 0.382908136 -0.105602033 -0.093997210 -0.255736470 0.058813851 0.960366845
1403636874451666432.000000 0.153175026 0.361129582 -0.103067517 -0.089897655 -0.255541921 0.058759511 0.960814297
1403636874501666560.000000 0.153547615 0.337366730 -0.100680001 -0.086686574 -0.254123628 0.057340022 0.961571038
1403636874551666432.000000 0.153946906 0.311684042 -0.098438382 -0.084444396 -0.251841992 0.055716712 0.962465823
1403636874601666560.000000 0.153801963 0.283827305 -0.096157283 -0.081237867 -0.250213295 0.053986493 0.963264942
1403636874651666432.000000 0.152904198 0.253989369 -0.093910195 -0.076698825 -0.248729885 0.052994739 0.964075923
1403636874701666560.000000 0.151559547 0.223428771 -0.091619737 -0.071927287 -0.247652784 0.051443968 0.964804709
1403636874751666432.000000 0.149576634 0.193039298 -0.088605270 -0.067774467 -0.247290432 0.050602727 0.965242684
1403636874801666560.000000 0.146974325 0.163183957 -0.085542172 -0.063444145 -0.247363761 0.049736798 0.965563178
1403636874851666432.000000 0.143766031 0.134301692 -0.082844459 -0.059102666 -0.247877344 0.051229347 0.965628982
1403636874901666560.000000 0.140497550 0.107163243 -0.079739563 -0.054018121 -0.249289453 0.051870536 0.965529025
1403636874951666432.000000 0.137819946 0.082884215 -0.076393984 -0.050484531 -0.249850988 0.052784253 0.965525627
1403636875001666560.000000 0.138926581 0.061089154 -0.073909402 0.047151677 0.250490457 -0.051881190 -0.965577364
1403636875051666432.000000 0.137596205 0.043104351 -0.069904096 0.048107773 0.245435849 -0.052733663 -0.966781318
1403636875101666560.000000 0.136197716 0.028123945 -0.065908082 -0.051963814 -0.237411618 0.053025745 0.968567967
1403636875151666432.000000 0.135315031 0.014829278 -0.062341567 -0.060207136 -0.227629334 0.056093402 0.970264733
1403636875201666560.000000 0.133873910 0.002598247 -0.059666082 0.068616509 0.218087733 -0.059812307 -0.971674919
1403636875251666432.000000 0.130387872 -0.008858482 -0.059005812 -0.079031266 -0.208789319 0.067134865 0.972447455
1403636875301666560.000000 0.127367005 -0.019034132 -0.059001591 -0.088896982 -0.203561530 0.075237870 0.972110808
1403636875351666432.000000 0.123905756 -0.029010976 -0.060925394 -0.097812146 -0.200741217 0.085741065 0.970970809
1403636875401666560.000000 0.120000623 -0.038053405 -0.065082610 -0.105003156 -0.200298637 0.096562088 0.969293892
1403636875451666432.000000 0.115488149 -0.046201214 -0.072486207 -0.109999925 -0.201109186 0.106521852 0.967526853
1403636875501666560.000000 0.110215984 -0.052674346 -0.083291896 -0.113566533 -0.203395858 0.115092449 0.965653479
1403636875551666432.000000 0.104221515 -0.056461964 -0.097076565 -0.116636239 -0.205659226 0.123486325 0.963769436
1403636875601666560.000000 0.098049715 -0.057835300 -0.113386363 -0.118943863 -0.207899407 0.129346043 0.962236941
1403636875651666432.000000 0.092161775 -0.056208022 -0.131506115 -0.123008236 -0.208515465 0.134523615 0.960881770
1403636875701666560.000000 0.085799627 -0.052105010 -0.151163623 -0.129323587 -0.207895875 0.137686908 0.959738076
1403636875751666432.000000 0.079647727 -0.044760711 -0.170767799 -0.137902781 -0.206090465 0.140712231 0.958493471
1403636875801666560.000000 0.072554275 -0.035731900 -0.191161543 -0.146667108 -0.205171347 0.143496230 0.956975639
1403636875851666432.000000 0.065993264 -0.025180157 -0.211495280 -0.156357259 -0.205654889 0.146894455 0.954819620
1403636875901666560.000000 0.059624657 -0.012922144 -0.231815785 -0.166816756 -0.206898317 0.151176140 0.952108800
1403636875951666432.000000 0.054564662 0.001576407 -0.251811713 0.178615391 0.207589105 -0.155701950 -0.949083924
1403636876001666560.000000 0.050031595 0.017543351 -0.270758450 -0.191436410 -0.205862761 0.160803288 0.946105123
1403636876051666432.000000 0.047735974 0.036758609 -0.288395435 -0.206025988 -0.203228176 0.163233697 0.943189502
1403636876101666560.000000 0.046803612 0.057638548 -0.303882509 -0.220852658 -0.198961124 0.166067481 0.940244734
1403636876151666432.000000 0.046789881 0.079970941 -0.316118896 -0.234531149 -0.194420800 0.168674558 0.937413812
1403636876201666560.000000 0.047554705 0.103645258 -0.325146109 -0.246114612 -0.190907776 0.171794370 0.934595406
1403636876251666432.000000 0.048521366 0.128404930 -0.330808342 -0.256446362 -0.189222887 0.175241843 0.931515098
1403636876301666560.000000 0.050040137 0.154178053 -0.332847208 -0.264435560 -0.189820930 0.178567573 0.928523362
1403636876351666432.000000 0.051759485 0.181680143 -0.331173390 -0.271937281 -0.191637114 0.182233006 0.925265670
1403636876401666560.000000 0.054873031 0.210806668 -0.326132357 -0.277806073 -0.194364324 0.184302807 0.922539353
1403636876451666432.000000 0.058591232 0.240518615 -0.317735761 0.284659028 0.195763275 -0.184654981 -0.920080781
1403636876501666560.000000 0.064012870 0.272056550 -0.306003004 -0.289945751 -0.195520505 0.181521341 0.919104636
1403636876551666432.000000 0.071341433 0.301696002 -0.291634351 -0.293223590 -0.192075342 0.177444741 0.919587076
1403636876601666560.000000 0.080186158 0.330200255 -0.274512112 -0.294534892 -0.188166171 0.170434922 0.921300530
1403636876651666432.000000 0.089993887 0.357060939 -0.252858669 -0.293395758 -0.183314815 0.163768560 0.923847675
1403636876701666560.000000 0.101129197 0.379050165 -0.230501652 -0.289059550 -0.179479465 0.157540306 0.927045226
1403636876751666432.000000 0.113083772 0.396766990 -0.206006691 0.282411903 0.176744089 -0.151055917 -0.930691838
1403636876801666560.000000 0.124763593 0.409588605 -0.180655599 0.274384558 0.175041005 -0.142922282 -0.934690952
1403636876851666432.000000 0.135872453 0.417160809 -0.154170409 0.264801174 0.173906386 -0.134067610 -0.938969016
1403636876901666560.000000 0.146174788 0.420498312 -0.124867126 -0.253279895 -0.171658084 0.125257090 0.943765640
1403636876951666432.000000 0.155795127 0.417177320 -0.096654654 -0.240001127 -0.168885827 0.116606258 0.948830903
1403636877001666560.000000 0.164747626 0.408533573 -0.068395704 -0.224278823 -0.166221023 0.108486339 0.954096615
1403636877051666432.000000 0.172516674 0.395315737 -0.039231658 -0.206481889 -0.164768830 0.099028237 0.959379971
1403636877101666560.000000 0.179886073 0.376795590 -0.012807513 -0.187002137 -0.163581893 0.090360686 0.964420080
1403636877151666432.000000 0.186493188 0.354136974 0.011790892 -0.166270033 -0.163877174 0.079901800 0.969079137
1403636877201666560.000000 0.192004830 0.327369779 0.034959737 -0.144817129 -0.164509058 0.071936406 0.973031342
1403636877251666432.000000 0.196845382 0.297034472 0.054803424 -0.123884030 -0.165622756 0.063677154 0.976302803
1403636877301666560.000000 0.200777620 0.264295578 0.071571931 -0.104205869 -0.166779906 0.056195609 0.978860438
1403636877351666432.000000 0.202641129 0.230146244 0.084333993 0.084610939 0.168495044 -0.047329709 -0.980923176
1403636877401666560.000000 0.204272524 0.194617003 0.092238396 -0.065795816 -0.170806319 0.039292056 0.982319832
1403636877451666432.000000 0.203132018 0.159472957 0.097057484 -0.047899850 -0.173743963 0.032259852 0.983096123
1403636877501666560.000000 0.199599192 0.125318438 0.098643862 0.031383581 0.177825376 -0.026907180 -0.983193398
1403636877551666432.000000 0.194788069 0.091810837 0.094822362 -0.017296111 -0.182767764 0.024233265 0.982705235
1403636877601666560.000000 0.187875822 0.061267268 0.088241257 -0.005248207 -0.188993886 0.022384092 0.981709123
1403636877651666432.000000 0.179841205 0.033061061 0.077406794 -0.004326393 0.194848374 -0.021306507 -0.980592430
1403636877701666560.000000 0.171522051 0.007689112 0.063094363 0.012429287 -0.200369552 0.022911105 0.979373574
1403636877751666432.000000 0.162454307 -0.014279345 0.046325691 0.017207693 -0.205419526 0.025219347 0.978197753
1403636877801666560.000000 0.152956381 -0.032815650 0.027098274 0.018405559 -0.210184589 0.027642095 0.977097631
1403636877851666432.000000 0.143320367 -0.048595011 0.005711454 0.016441310 -0.214883238 0.031883374 0.975980759
1403636877901666560.000000 0.132883832 -0.060274430 -0.016072702 0.012219201 -0.219487473 0.035193305 0.974903762
1403636877951666432.000000 0.122129418 -0.068379186 -0.038608558 0.005201758 -0.224560261 0.038786191 0.973674178
1403636878001666560.000000 0.110687576 -0.073818862 -0.063086890 -0.003375649 -0.228364468 0.042416748 0.972645462
1403636878051666432.000000 0.099722147 -0.074197650 -0.085968740 -0.014357748 -0.231044754 0.045648687 0.971765697
1403636878101666560.000000 0.089349709 -0.070743464 -0.108218655 -0.026923589 -0.231883675 0.050726805 0.971046805
1403636878151666432.000000 0.079477116 -0.062985368 -0.131010726 -0.041223280 -0.231123239 0.056042172 0.970433950
1403636878201666560.000000 0.070371367 -0.051657464 -0.151821658 -0.054149318 -0.229107827 0.061972719 0.969915926
1403636878251666432.000000 0.061885808 -0.036556281 -0.171668604 -0.067705519 -0.226743937 0.067903258 0.969222546
1403636878301666560.000000 0.053958256 -0.018295741 -0.191033959 -0.079585560 -0.223799944 0.076034971 0.968399942
1403636878351666432.000000 0.047110025 0.002842757 -0.208052397 -0.091630697 -0.220648408 0.084602252 0.967347205
1403636878401666560.000000 0.041708782 0.027089208 -0.223628715 -0.104636930 -0.218141630 0.092138082 0.965906799
1403636878451666432.000000 0.037979066 0.053457338 -0.237549305 -0.118231900 -0.216102019 0.099066652 0.964109480
1403636878501666560.000000 0.036738850 0.082501121 -0.248862565 -0.132116064 -0.214398533 0.103746794 0.962192953
1403636878551666432.000000 0.037717298 0.112615034 -0.257347465 -0.146079540 -0.212393254 0.108842894 0.960053682
1403636878601666560.000000 0.041405603 0.143584117 -0.262837350 -0.159820020 -0.210800171 0.111962415 0.957854569
1403636878651666432.000000 0.046421893 0.175085530 -0.265228063 -0.172557488 -0.208281562 0.114653610 0.955875218
1403636878701666560.000000 0.053036824 0.206905365 -0.264903665 -0.185102284 -0.205869645 0.114938453 0.954014659
1403636878751666432.000000 0.061090820 0.237738416 -0.261890322 -0.195760891 -0.202494979 0.114113174 0.952707589
1403636878801666560.000000 0.069628090 0.267356336 -0.256147653 -0.204188868 -0.198612988 0.114440575 0.951715887
1403636878851666432.000000 0.078449465 0.296161890 -0.247916788 -0.210222170 -0.195996329 0.114247084 0.950967848
1403636878901666560.000000 0.087026492 0.322369516 -0.238243029 0.213462174 0.194284707 -0.115217946 -0.950479984
1403636878951666432.000000 0.095089145 0.346995026 -0.226295561 0.215092212 0.194364145 -0.116325513 -0.949961245
1403636879001666560.000000 0.102753304 0.369508296 -0.212002486 0.215467781 0.195558056 -0.117083818 -0.949537814
1403636879051666432.000000 0.111328959 0.389489144 -0.195366293 -0.215407446 -0.195648149 0.118363470 0.949374318
1403636879101666560.000000 0.121450566 0.405784667 -0.177928895 -0.214339957 -0.192825288 0.118265972 0.950205207
1403636879151666432.000000 0.132483572 0.418436050 -0.159168914 -0.211886898 -0.186991706 0.117496513 0.952015102
1403636879201666560.000000 0.143885627 0.427589655 -0.138887078 -0.209665731 -0.179819092 0.114776455 0.954217851
1403636879251666432.000000 0.155518234 0.433002502 -0.118882284 -0.206459388 -0.173145041 0.110222898 0.956685066
1403636879301666560.000000 0.166619450 0.434027791 -0.098586425 -0.201670617 -0.166791558 0.105949640 0.959314466
1403636879351666432.000000 0.176945224 0.431430697 -0.076975942 -0.194271743 -0.161843717 0.099234723 0.962402046
1403636879401666560.000000 0.186530888 0.424143165 -0.058087319 -0.185197726 -0.158111796 0.092848539 0.965443790
1403636879451666432.000000 0.195192888 0.412447035 -0.039853550 -0.172484964 -0.155952841 0.085475042 0.968824923
1403636879501666560.000000 0.202569708 0.396968871 -0.023044206 -0.158894464 -0.155003816 0.078305662 0.971902609
1403636879551666432.000000 0.208721370 0.377686024 -0.009211818 -0.144582167 -0.156103268 0.070759729 0.974536240
1403636879601666560.000000 0.214159995 0.355197996 0.002633353 -0.130354986 -0.157399759 0.065795735 0.976680040
1403636879651666432.000000 0.219200060 0.329558134 0.012152480 -0.116195276 -0.158322886 0.062570132 0.978528261
1403636879701666560.000000 0.222886890 0.301749766 0.018669726 -0.102418594 -0.159647316 0.060326714 0.979991794
1403636879751666432.000000 0.225456014 0.272235870 0.022610204 -0.089279994 -0.161741212 0.058625121 0.981036186
1403636879801666560.000000 0.225929916 0.241612688 0.023372909 -0.077353597 -0.165140167 0.056128573 0.981628656
1403636879851666432.000000 0.224407136 0.211906821 0.021386418 -0.067289852 -0.169328928 0.054511596 0.981747627
1403636879901666560.000000 0.221218929 0.183573991 0.016029382 -0.059648711 -0.174500316 0.052239425 0.981459498
1403636879951666432.000000 0.216953903 0.156887025 0.006472963 -0.053549174 -0.179574609 0.051451046 0.980937481
1403636880001666560.000000 0.211617470 0.133983508 -0.006114513 -0.049089145 -0.184452504 0.050325289 0.980323911
1403636880051666432.000000 0.205700412 0.115743183 -0.021395050 -0.045408562 -0.188420117 0.049626071 0.979782224
1403636880101666560.000000 0.199063584 0.101822250 -0.039785482 -0.044418532 -0.191348135 0.048966698 0.979293168
1403636880151666432.000000 0.192554295 0.094264947 -0.059505932 -0.045359761 -0.192784384 0.048347455 0.978999078
1403636880201666560.000000 0.185793445 0.091657072 -0.080883324 -0.050720666 -0.192265645 0.049770843 0.978766739
1403636880251666432.000000 0.179384783 0.093819365 -0.103177674 0.059049591 0.190067053 -0.051481228 -0.978640616
1403636880301666560.000000 0.172494143 0.098832212 -0.126427531 0.070902452 0.187004641 -0.054734200 -0.978267014
1403636880351666432.000000 0.166180074 0.105732068 -0.149930403 0.084281027 0.183612660 -0.058083914 -0.977655053
1403636880401666560.000000 0.160932556 0.113352142 -0.174151838 0.098809116 0.180116609 -0.060697418 -0.976785898
1403636880451666432.000000 0.156275868 0.119740449 -0.199320436 0.114053726 0.176792383 -0.063778058 -0.975535035
1403636880501666560.000000 0.152791053 0.123884574 -0.225033462 0.127474084 0.174245715 -0.066280723 -0.974164128
1403636880551666432.000000 0.149042979 0.125328749 -0.249889478 0.140719414 0.173129991 -0.069496021 -0.972314000
1403636880601666560.000000 0.145127833 0.124078639 -0.275721133 -0.150681481 -0.173983023 0.071690910 0.970507860
1403636880651666432.000000 0.140987098 0.118207827 -0.298545897 -0.158331245 -0.176869780 0.074801303 0.968531430
1403636880701666560.000000 0.137036651 0.108294882 -0.319691688 -0.162743747 -0.181144238 0.077730119 0.966777861
1403636880751666432.000000 0.133097410 0.095189348 -0.338157892 -0.165222079 -0.185376942 0.080988027 0.965286553
1403636880801666560.000000 0.129197657 0.079142794 -0.350803643 0.164564222 0.188718170 -0.083133474 -0.964568794
1403636880851666432.000000 0.125987023 0.061581541 -0.361432374 0.161161408 0.190603957 -0.084770262 -0.964630067
1403636880901666560.000000 0.123606794 0.043077793 -0.368010581 0.155217856 0.190251052 -0.084785327 -0.965672553
1403636880951666432.000000 0.122239053 0.023971587 -0.370709807 0.148700118 0.187429652 -0.083372504 -0.967371464
1403636881001666560.000000 0.122454599 0.005334350 -0.369808942 0.142205447 0.182748631 -0.080119029 -0.969516158
1403636881051666432.000000 0.123856336 -0.012919063 -0.365638256 0.135123670 0.176895663 -0.075476512 -0.971983969
1403636881101666560.000000 0.126425356 -0.030128665 -0.358613729 -0.126360133 -0.171287969 0.069523051 0.974607706
1403636881151666432.000000 0.129126221 -0.047254458 -0.348483860 -0.115301020 -0.166626468 0.064714037 0.977114856
1403636881201666560.000000 0.132911459 -0.063002773 -0.336048633 -0.102210976 -0.162888080 0.060422432 0.979474187
1403636881251666432.000000 0.137411803 -0.076302916 -0.321945161 -0.088205546 -0.160560548 0.055916958 0.981485367
1403636881301666560.000000 0.144275218 -0.086843468 -0.307082325 -0.075448193 -0.159145653 0.050844707 0.983053982
1403636881351666432.000000 0.151081249 -0.093192838 -0.289529353 -0.064973533 -0.158429384 0.044758532 0.984213054
1403636881401666560.000000 0.158719748 -0.095496535 -0.270129621 -0.057177339 -0.157849267 0.039352529 0.985020697
1403636881451666432.000000 0.167359754 -0.094191171 -0.249733761 -0.051565561 -0.156696498 0.032450080 0.985765874
1403636881501666560.000000 0.175868422 -0.088258244 -0.227750450 -0.048268445 -0.154330418 0.026473148 0.986484408
1403636881551666432.000000 0.184618637 -0.078085169 -0.205438197 -0.045847874 -0.151549488 0.018804140 0.987206817
1403636881601666560.000000 0.193656266 -0.064872988 -0.183582246 -0.043990258 -0.148581758 0.013423597 0.987830043
1403636881651666432.000000 0.201479465 -0.047391854 -0.161368400 -0.041563671 -0.146843314 0.006745589 0.988263190
1403636881701666560.000000 0.208569691 -0.026664726 -0.139779970 -0.040722210 -0.146150827 0.001633159 0.988422513
1403636881751666432.000000 0.214786217 -0.002842215 -0.118111491 0.040486854 0.147229686 0.002452774 -0.988270402
1403636881801666560.000000 0.220100939 0.022509661 -0.097957231 0.043278303 0.148615703 0.004771666 -0.987936020
1403636881851666432.000000 0.224856630 0.048069041 -0.081649221 -0.047306404 -0.149686113 -0.003782072 0.987594068
1403636881901666560.000000 0.227437884 0.074590288 -0.066022903 -0.051705305 -0.151156798 -0.000763857 0.987156391
1403636881951666432.000000 0.229012474 0.101515166 -0.053303175 -0.056386165 -0.152439788 0.002938539 0.986698627
1403636882001666560.000000 0.229052663 0.129004762 -0.043522879 0.061307933 0.152681783 -0.007775940 -0.986341298
1403636882051666432.000000 0.227834269 0.155521885 -0.037068933 0.066336483 0.151880413 -0.011581230 -0.986102343
1403636882101666560.000000 0.224492595 0.180616975 -0.033671904 0.071528167 0.150689438 -0.015395835 -0.985869944
1403636882151666432.000000 0.218671247 0.203776091 -0.032191664 -0.076506354 -0.149060994 0.017576197 0.985707223
1403636882201666560.000000 0.211502090 0.223931342 -0.034543097 -0.082558230 -0.146797344 0.019408772 0.985524237
1403636882251666432.000000 0.203141049 0.240171820 -0.039282262 -0.088215649 -0.143831879 0.020205257 0.985455334
1403636882301666560.000000 0.193715453 0.252011716 -0.046153147 -0.091984428 -0.140732691 0.020732891 0.985547245
1403636882351666432.000000 0.183279231 0.259632558 -0.054205310 -0.092747666 -0.137910292 0.021420332 0.985859990
1403636882401666560.000000 0.172404498 0.262422085 -0.062040303 -0.091025919 -0.135935411 0.021187659 0.986299634
1403636882451666432.000000 0.161790177 0.260805994 -0.068818703 -0.086978659 -0.134032160 0.022860195 0.986887872
1403636882501666560.000000 0.151879132 0.255333781 -0.074031554 0.081706889 0.132428735 -0.023634063 -0.987536371
1403636882551666432.000000 0.143676385 0.248317271 -0.076282054 0.074994057 0.129994437 -0.024664186 -0.988366902
1403636882601666560.000000 0.137099013 0.240528330 -0.075275958 0.068939865 0.125706092 -0.023686569 -0.989385784
1403636882651666432.000000 0.132379696 0.232142806 -0.071439132 -0.062095866 -0.117903225 0.022418376 0.990828156
1403636882701666560.000000 0.128910407 0.223323569 -0.063514121 -0.053512920 -0.105815843 0.020795679 0.992727101
1403636882751666432.000000 0.125661492 0.214521304 -0.052595403 -0.041667446 -0.091180228 0.018368561 0.994792819
1403636882801666560.000000 0.121769190 0.206475750 -0.039459880 -0.029313799 -0.075925700 0.014392901 0.996578574
1403636882851666432.000000 0.116859548 0.198887795 -0.025942363 -0.016323345 -0.061675102 0.010079652 0.997911930
1403636882901666560.000000 0.110597759 0.192036271 -0.010888432 -0.004166971 -0.050595567 0.005893798 0.998693168
1403636882951666432.000000 0.103122644 0.185230821 0.004292424 0.008998737 -0.044274874 0.002764771 0.998975039
1403636883001666560.000000 0.095143549 0.178156748 0.018017272 0.021596927 -0.042371571 -0.000373971 0.998868406
1403636883051666432.000000 0.086343810 0.172002256 0.032747231 0.033817522 -0.043396540 -0.003666984 0.998478711
1403636883101666560.000000 0.077985197 0.166689992 0.046862263 0.042281423 -0.042929605 -0.008353308 0.998148084
1403636883151666432.000000 0.069971189 0.161545679 0.059234463 0.048701685 -0.040898927 -0.013917410 0.997878611
1403636883201666560.000000 0.062216416 0.157039806 0.071952887 0.053137857 -0.036580522 -0.019801622 0.997720540
1403636883251666432.000000 0.054422297 0.152857393 0.083698019 0.057191201 -0.031986315 -0.024594186 0.997547567
1403636883301666560.000000 0.047190499 0.148949608 0.093244001 0.061829206 -0.028108669 -0.026565332 0.997337103
1403636883351666432.000000 0.040869262 0.145910516 0.102417596 0.065167554 -0.025518443 -0.027878912 0.997158408
1403636883401666560.000000 0.035383046 0.143477082 0.110274248 0.068693943 -0.023426387 -0.027747057 0.996976674
1403636883451666432.000000 0.030909911 0.141853049 0.115692034 0.071763739 -0.020377344 -0.028617091 0.996802807
1403636883501666560.000000 0.027741719 0.140612856 0.120766066 0.075774089 -0.016191872 -0.029565254 0.996555150
1403636883551666432.000000 0.025584565 0.139571995 0.124891497 0.079758033 -0.010722526 -0.031196984 0.996268272
1403636883601666560.000000 0.023514617 0.138452515 0.128894523 0.083814390 -0.005911468 -0.032881845 0.995921254
1403636883651666432.000000 0.021417577 0.137610748 0.132288635 0.088221312 -0.003224100 -0.034238745 0.995507121
1403636883701666560.000000 0.019875783 0.137198508 0.135021955 0.091093555 -0.002455683 -0.038110286 0.995109856
1403636883751666432.000000 0.018740110 0.136750966 0.137669846 0.093597367 -0.002333483 -0.039140344 0.994837821
1403636883801666560.000000 0.017361602 0.136563823 0.139425620 0.095446825 -0.002326684 -0.039832510 0.994634569
1403636883851666432.000000 0.015702335 0.136169150 0.140983745 0.099223547 -0.002016556 -0.036543913 0.994391918
1403636883901666560.000000 0.014217590 0.136717543 0.143348575 0.102466546 -0.001525947 -0.036250673 0.994074583
1403636883951666432.000000 0.013019316 0.136946648 0.144616351 0.103559650 -0.001030113 -0.037299257 0.993923068
1403636884001666560.000000 0.012880874 0.136954501 0.145286053 0.105709456 0.002078551 -0.038244132 0.993659258
1403636884051666432.000000 0.012617886 0.137128651 0.145859540 0.108493507 0.005369912 -0.037981614 0.993356884
1403636884101666560.000000 0.011911782 0.137792692 0.146025285 0.111580729 0.008251467 -0.036505420 0.993050396
1403636884151666432.000000 0.011906588 0.138626605 0.145637602 0.110997096 0.010525396 -0.039135739 0.992994130
1403636884201666560.000000 0.012224182 0.138972148 0.146116287 0.111287408 0.014052408 -0.040367622 0.992868662
1403636884251666432.000000 0.012415183 0.138767466 0.145365074 0.110461473 0.017061533 -0.041302588 0.992875278
1403636884301666560.000000 0.012312895 0.138168827 0.144769102 0.110591687 0.018269831 -0.040620741 0.992867410
1403636884351666432.000000 0.011819454 0.138412818 0.143863693 -0.111115023 -0.018933037 0.039870936 -0.992826998
1403636884401666560.000000 0.011839493 0.138226628 0.143653467 -0.111233450 -0.018992184 0.039458841 -0.992828965
1403636884451666432.000000 0.012097967 0.138219669 0.143681705 -0.111045845 -0.019111736 0.040316083 -0.992813289
1403636884501666560.000000 0.012206006 0.138170138 0.143821403 -0.110900633 -0.019065494 0.040425669 -0.992825985
1403636884551666432.000000 0.012280283 0.138029322 0.144079879 -0.111128807 -0.018926704 0.040019389 -0.992819607
1403636884601666560.000000 0.012313366 0.137928635 0.144115031 -0.111225531 -0.019143710 0.039981984 -0.992806077
1403636884651666432.000000 0.012303706 0.138016835 0.144587487 -0.111150242 -0.018735845 0.039842740 -0.992827892
1403636884701666560.000000 0.012272713 0.137911007 0.144574225 0.111118630 0.018734703 -0.039983097 0.992825747
1403636884751666432.000000 0.012282843 0.137993678 0.144585490 0.111151077 0.018638451 -0.039688300 0.992835879
1403636884801666560.000000 0.012343466 0.138101220 0.144814447 0.111007504 0.018734045 -0.040093325 0.992833853
1403636884851666432.000000 0.012296681 0.138139263 0.144387946 -0.111272968 -0.018614339 0.039499763 -0.992830157
1403636884901666560.000000 0.012390614 0.138224944 0.144337401 -0.111094169 -0.018656043 0.039957505 -0.992831111
1403636884951666432.000000 0.012396180 0.138099670 0.144290581 -0.111254163 -0.018602351 0.039545931 -0.992830634
1403636885001666560.000000 0.012452427 0.138108522 0.144255176 -0.111192949 -0.018595096 0.039777286 -0.992828429
1403636885051666432.000000 0.012487310 0.138040766 0.144247130 -0.111207038 -0.018622773 0.039668590 -0.992830634
1403636885101666560.000000 0.012489572 0.138090596 0.144169465 -0.111211181 -0.018672502 0.039577466 -0.992832839
1403636885151666432.000000 0.012498784 0.138112918 0.144303828 -0.111098960 -0.018609665 0.039748359 -0.992839813
1403636885201666560.000000 0.011822056 0.137618005 0.144944012 0.110775784 0.019032901 -0.040723495 0.992828310
1403636885251666432.000000 0.011830596 0.137686700 0.144894958 0.110667869 0.019041587 -0.040923383 0.992832005
1403636885301666560.000000 0.011798714 0.137696743 0.144912019 0.110757433 0.019054623 -0.040800717 0.992826819
1403636885351666432.000000 0.012656897 0.137805998 0.144753411 -0.110712349 -0.018923372 0.040772926 -0.992835462
1403636885401666560.000000 0.012456432 0.137746215 0.144687548 -0.110706337 -0.019013967 0.040741980 -0.992835701
1403636885451666432.000000 0.012306178 0.137701377 0.144685656 -0.110714257 -0.019072285 0.040715449 -0.992834806
1403636885501666560.000000 0.012117012 0.137642905 0.144728258 -0.110698767 -0.019045042 0.040730305 -0.992836416
1403636885551666432.000000 0.012032609 0.137641400 0.144771516 -0.110685192 -0.019026490 0.040732089 -0.992838264
1403636885601666560.000000 0.011992208 0.137662277 0.144756436 -0.110692941 -0.019125672 0.040737886 -0.992835224
1403636885651666432.000000 0.011910881 0.137644351 0.144873947 -0.110670164 -0.019076064 0.040876962 -0.992833018
1403636885701666560.000000 0.011914371 0.137522325 0.144720569 0.110677138 0.018926293 -0.040623602 0.992845476
1403636885751666432.000000 0.011879602 0.137496099 0.144816533 0.110653490 0.019099304 -0.040815439 0.992836952
1403636885801666560.000000 0.011880114 0.137613833 0.145304620 -0.110671498 -0.019055570 0.040665265 -0.992841899
1403636885851666432.000000 0.012194195 0.137711078 0.144885644 -0.110625379 -0.019029753 0.040750556 -0.992844045
1403636885901666560.000000 0.012114587 0.137659416 0.144985691 -0.110682495 -0.018821025 0.040490445 -0.992852330
1403636885951666432.000000 0.012043582 0.137639269 0.144941300 -0.110569566 -0.018983580 0.040854961 -0.992846906
1403636886001666560.000000 0.011955215 0.137471020 0.145103991 -0.110729448 -0.018931018 0.040443286 -0.992846966
1403636886051666432.000000 0.012094626 0.137610227 0.144977137 -0.110662177 -0.018839715 0.040541641 -0.992852151
1403636886101666560.000000 0.012111540 0.137567967 0.144960836 -0.110665090 -0.018870147 0.040445894 -0.992855132
1403636886151666432.000000 0.011867955 0.137448817 0.145015180 -0.110659041 -0.019064188 0.040556829 -0.992847562
1403636886201666560.000000 0.011776296 0.137532756 0.144577548 0.110500060 0.018915152 -0.040690862 0.992862642
1403636886251666432.000000 0.011811842 0.137496531 0.144535035 0.110600702 0.018975997 -0.040506996 0.992857814
1403636886301666560.000000 0.011810476 0.137636662 0.144719183 0.110511348 0.018976439 -0.040759616 0.992857456
1403636886351666432.000000 0.011963539 0.137548417 0.144855365 -0.110617071 -0.018854855 0.040424753 -0.992861629
1403636886401666560.000000 0.011976139 0.137645051 0.144937024 -0.110581458 -0.018932983 0.040556144 -0.992858768
1403636886451666432.000000 0.011916618 0.137704432 0.144969612 -0.110584006 -0.018924726 0.040578872 -0.992857695
1403636886501666560.000000 0.011922973 0.137711987 0.144902930 -0.110646598 -0.019012108 0.040535767 -0.992850900
1403636886551666432.000000 0.012091413 0.137601331 0.145033911 -0.110695958 -0.018811960 0.040337060 -0.992857218
1403636886601666560.000000 0.011881691 0.137795821 0.144822612 -0.110649422 -0.019059815 0.040549431 -0.992849052
1403636886651666432.000000 0.011845599 0.137822330 0.144798204 -0.110654712 -0.019087665 0.040523790 -0.992848933
1403636886701666560.000000 0.011748905 0.137504399 0.144577086 0.110549971 0.018950336 -0.040534016 0.992862880
1403636886751666432.000000 0.011748765 0.137535423 0.144638062 0.110591762 0.018944077 -0.040480275 0.992860556
1403636886801666560.000000 0.011736123 0.137576863 0.144559816 0.110592142 0.019031888 -0.040558651 0.992855608
1403636886851666432.000000 0.011735526 0.137604058 0.144726753 0.110594630 0.018976538 -0.040537320 0.992857277
1403636886901666560.000000 0.012059019 0.138049915 0.144716144 -0.110745184 -0.018732559 0.040304728 -0.992854536
1403636886951666432.000000 0.011987651 0.137800694 0.144888505 -0.110655040 -0.018950455 0.040480629 -0.992853343
1403636887001666560.000000 0.012002329 0.137894973 0.144846350 -0.110691614 -0.018817369 0.040403694 -0.992854893
1403636887051666432.000000 0.011859317 0.137676030 0.145017505 -0.110676698 -0.018998625 0.040430211 -0.992852092
1403636887101666560.000000 0.011803341 0.137647659 0.144971684 -0.110663779 -0.019038657 0.040481534 -0.992850661
1403636887151666432.000000 0.011781310 0.137628764 0.144922152 -0.110681221 -0.019027160 0.040384877 -0.992852807
1403636887201666560.000000 0.011861086 0.137513205 0.144701079 0.110663533 0.018961454 -0.040469900 0.992852628
1403636887251666432.000000 0.011827211 0.137515694 0.144581720 0.110660575 0.018972976 -0.040451281 0.992853463
1403636887301666560.000000 0.011762496 0.137625918 0.144868523 -0.110661730 -0.019106209 0.040432293 -0.992851615
1403636887351666432.000000 0.011812735 0.137722418 0.145162031 -0.110712789 -0.018817334 0.040224295 -0.992859840
1403636887401666560.000000 0.011799074 0.137720823 0.145193934 -0.110668011 -0.018777536 0.040338483 -0.992860913
1403636887451666432.000000 0.011785370 0.137634382 0.145037368 -0.110753551 -0.018754613 0.040173121 -0.992858529
1403636887501666560.000000 0.011786945 0.137656048 0.145107806 -0.110668905 -0.018811129 0.040356651 -0.992859483
1403636887551666432.000000 0.011815620 0.137631908 0.145017713 -0.110729069 -0.018832186 0.040257815 -0.992856383
1403636887601666560.000000 0.011808904 0.137650564 0.144923210 -0.110688239 -0.018908603 0.040275946 -0.992858708
1403636887651666432.000000 0.011791539 0.137609452 0.144866690 -0.110675327 -0.018909838 0.040297840 -0.992859304
1403636887701666560.000000 0.011753504 0.137495652 0.145126179 0.110509656 0.019140661 -0.041015357 0.992843926
1403636887751666432.000000 0.011743463 0.137513936 0.145028546 0.110467978 0.019115375 -0.041124891 0.992844522
1403636887801666560.000000 0.011784476 0.137655139 0.144740865 -0.110736400 -0.018927922 0.040227961 -0.992855012
1403636887851666432.000000 0.011736457 0.137611851 0.144969478 0.110468596 0.019211479 -0.041152943 0.992841423
1403636887901666560.000000 0.011996511 0.137604505 0.144759506 -0.110795528 -0.018578675 0.040031333 -0.992862880
1403636887951666432.000000 0.011960818 0.137708783 0.144659609 -0.110718794 -0.018655811 0.040162716 -0.992864728
1403636888001666560.000000 0.011941254 0.137733117 0.144643247 -0.110731781 -0.018609850 0.040072031 -0.992867768
1403636888051666432.000000 0.011906740 0.137725607 0.144659176 -0.110745281 -0.018676806 0.040135141 -0.992862463
1403636888101666560.000000 0.011860064 0.137749597 0.144652650 -0.110811889 -0.018669924 0.040045664 -0.992858768
1403636888151666432.000000 0.011844065 0.137750238 0.144618705 -0.110773668 -0.018753180 0.040098112 -0.992859364
1403636888201666560.000000 0.011756727 0.137781471 0.144906387 0.110882647 0.018772334 -0.040058661 0.992848456
1403636888251666432.000000 0.011696315 0.137787983 0.144950226 0.110890523 0.018791329 -0.040069550 0.992846727
1403636888301666560.000000 0.011699370 0.137789190 0.144918174 0.110881224 0.018835260 -0.040065158 0.992847145
1403636888351666432.000000 0.011825236 0.137673646 0.144775301 -0.110888816 -0.018812111 0.039953709 -0.992851257
1403636888401666560.000000 0.011870249 0.137722656 0.144492894 -0.110798880 -0.018614363 0.040031187 -0.992861867
1403636888451666432.000000 0.011777262 0.137904301 0.145146266 -0.110963129 -0.018723803 0.039867230 -0.992848098
1403636888501666560.000000 0.011893862 0.137800127 0.144695625 -0.110831603 -0.018619314 0.039930493 -0.992862165
1403636888551666432.000000 0.011779599 0.137824267 0.145145342 -0.110953532 -0.018795148 0.039886784 -0.992847025
1403636888601666560.000000 0.011923983 0.137712047 0.144715235 -0.110787302 -0.018761231 0.039897513 -0.992865801
1403636888651666432.000000 0.011777814 0.137856930 0.145182610 -0.110854290 -0.018974988 0.039851639 -0.992856085
1403636888701666560.000000 0.011896186 0.137369573 0.144757450 0.111009546 0.019038001 -0.040120393 0.992826700
1403636888751666432.000000 0.011808230 0.137367412 0.144639224 0.110964328 0.019148873 -0.040117696 0.992829740
1403636888801666560.000000 0.011679586 0.137292653 0.144611716 0.111143544 0.019058460 -0.040263291 0.992805541
1403636888851666432.000000 0.011651729 0.137305170 0.144572496 0.110886790 0.018942913 -0.040154338 0.992840886
1403636888901666560.000000 0.011886042 0.138522983 0.144594833 -0.111271553 -0.018293347 0.038511109 -0.992875099
1403636888951666432.000000 0.011753495 0.137836859 0.144919962 -0.110831149 -0.018918844 0.039886307 -0.992858350
1403636889001666560.000000 0.011687330 0.137392849 0.145042598 -0.111314751 -0.019086294 0.039785001 -0.992805123
1403636889051666432.000000 0.011698355 0.137380734 0.144949883 -0.111047789 -0.019119300 0.039961524 -0.992827296
1403636889101666560.000000 0.011719465 0.137319684 0.144882709 -0.110950753 -0.019031378 0.039780058 -0.992847085
1403636889151666432.000000 0.011715722 0.137247503 0.144865185 -0.111020826 -0.019064758 0.039883729 -0.992834508
1403636889201666560.000000 0.011900664 0.137232065 0.144506857 0.110698678 0.018897714 -0.039619938 0.992884159
1403636889251666432.000000 0.011932379 0.137249708 0.144651055 0.110655934 0.018890304 -0.039515279 0.992893279
1403636889301666560.000000 0.011952696 0.137328610 0.144712567 0.110632546 0.018957837 -0.039537415 0.992893696
1403636889351666432.000000 0.011987519 0.137351200 0.144684732 0.110702671 0.019020718 -0.039614145 0.992881656
1403636889401666560.000000 0.011315159 0.136590838 0.145223275 -0.110855646 -0.018766981 0.039788883 -0.992862344
1403636889451666432.000000 0.011619602 0.136972561 0.145542711 -0.110784009 -0.018890651 0.039783347 -0.992868304
1403636889501666560.000000 0.011518486 0.137216046 0.145783409 -0.110762909 -0.018860655 0.039771624 -0.992871702
1403636889551666432.000000 0.011751187 0.137425408 0.145188794 -0.110648721 -0.018850679 0.039800715 -0.992883444
1403636889601666560.000000 0.011827637 0.137548640 0.144833043 -0.110362127 -0.018928396 0.039948311 -0.992907882
1403636889651666432.000000 0.011872258 0.137517408 0.144992009 -0.110614657 -0.019015968 0.039763473 -0.992885590
1403636889701666560.000000 0.011870934 0.137614742 0.144342989 0.110528611 0.019228192 -0.039958693 0.992883205
1403636889751666432.000000 0.011834037 0.137568370 0.144192591 0.110515244 0.019242175 -0.039818760 0.992890060
1403636889801666560.000000 0.011821014 0.137552813 0.143999994 0.110688820 0.019201918 -0.040047221 0.992862284
1403636889851666432.000000 0.011860029 0.137379959 0.144894108 -0.110598385 -0.018966254 0.039699808 -0.992890894
1403636889901666560.000000 0.012024987 0.137652040 0.144314840 -0.110417970 -0.019106733 0.039710835 -0.992907822
1403636889951666432.000000 0.012044319 0.137745500 0.144247204 -0.110727355 -0.019104546 0.039957166 -0.992863536
1403636890001666560.000000 0.011843720 0.137683719 0.144722164 -0.110793717 -0.018810758 0.039723754 -0.992871106
1403636890051666432.000000 0.011814220 0.137829080 0.144589469 -0.110456593 -0.018761842 0.039610796 -0.992914140
1403636890101666560.000000 0.011892498 0.137827441 0.144204229 -0.110103488 -0.019047713 0.039519418 -0.992951512
1403636890151666432.000000 0.011923419 0.137761980 0.144381210 -0.110441163 -0.019408729 0.039516866 -0.992907166
1403636890201666560.000000 0.011795031 0.137480408 0.144902930 0.110517226 0.020232545 -0.040849935 0.992828250
1403636890251666432.000000 0.011764119 0.137406111 0.144831076 0.110790469 0.020051565 -0.041139010 0.992789567
1403636890301666560.000000 0.011706401 0.137548551 0.144155636 -0.111248694 -0.018935725 0.039928962 -0.992809594
1403636890351666432.000000 0.011674016 0.137662768 0.143953636 -0.110857405 -0.018827761 0.040114507 -0.992847919
1403636890401666560.000000 0.011127026 0.137674212 0.142710358 -0.110546641 -0.018632965 0.039452355 -0.992912769
1403636890451666432.000000 0.011466424 0.137861639 0.142600954 -0.110143185 -0.019185053 0.039478671 -0.992946088
1403636890501666560.000000 0.011902345 0.137881055 0.142409787 -0.110270530 -0.019538393 0.039375961 -0.992929101
1403636890551666432.000000 0.012023836 0.137815759 0.143407136 -0.110767372 -0.019831002 0.039797477 -0.992851198
1403636890601666560.000000 0.011815125 0.137636170 0.144888550 -0.110726044 -0.020287188 0.041115228 -0.992792904
1403636890651666432.000000 0.011972582 0.137496367 0.144224301 -0.111363031 -0.019029805 0.039877810 -0.992797077
1403636890701666560.000000 0.011661702 0.137475222 0.144688889 0.110778771 0.019076865 -0.040413961 0.992839873
1403636890751666432.000000 0.011668734 0.137525439 0.144800186 0.110444851 0.019044396 -0.040234901 0.992884934
1403636890801666560.000000 0.011944308 0.137540653 0.143839270 -0.110410362 -0.019111531 0.039535578 -0.992915511
1403636890851666432.000000 0.012643858 0.137189344 0.144061044 -0.110350586 -0.019097319 0.039505381 -0.992923677
1403636890901666560.000000 0.012176891 0.137268096 0.145000741 -0.110370502 -0.019581037 0.040132158 -0.992886901
1403636890951666432.000000 0.011746257 0.137345746 0.145044789 -0.110328540 -0.019802717 0.040837836 -0.992858350
1403636891001666560.000000 0.011927212 0.137414038 0.144862533 -0.110858120 -0.019214360 0.039866220 -0.992850423
1403636891051666432.000000 0.011839923 0.137584671 0.145046085 -0.110868745 -0.018993421 0.039715454 -0.992859542
1403636891101666560.000000 0.011688628 0.137566134 0.145442411 -0.110503741 -0.019558212 0.040224552 -0.992868841
1403636891151666432.000000 0.011798271 0.137617752 0.145062402 -0.110864006 -0.019194361 0.039691176 -0.992857158
1403636891201666560.000000 0.011924192 0.137610495 0.144462377 0.110594250 0.019501889 -0.040261935 0.992858291
1403636891251666432.000000 0.011942235 0.137561828 0.144496530 0.110637933 0.019509843 -0.040241182 0.992854118
1403636891301666560.000000 0.011946018 0.137569696 0.144398704 0.110595547 0.019479837 -0.040321510 0.992856205
1403636891351666432.000000 0.011869584 0.137876719 0.145230129 -0.110664815 -0.019469943 0.040225372 -0.992852569
1403636891401666560.000000 0.011918273 0.137850821 0.145349547 -0.110595286 -0.019551450 0.040262293 -0.992857218
1403636891451666432.000000 0.011946211 0.137801155 0.145314842 -0.110617064 -0.019562412 0.040225409 -0.992856085
1403636891501666560.000000 0.011975674 0.137774587 0.145198375 -0.110639773 -0.019578451 0.040261816 -0.992851734
1403636891551666432.000000 0.011955705 0.137684539 0.145029783 -0.110615529 -0.019562613 0.040270980 -0.992854357
1403636891601666560.000000 0.011926891 0.137647450 0.144826427 -0.110600591 -0.019550964 0.040270064 -0.992856324
1403636891651666432.000000 0.011910249 0.137595177 0.144732282 -0.110547997 -0.019570395 0.040232033 -0.992863297
1403636891701666560.000000 0.011844054 0.137550265 0.144923538 0.110478796 0.019804874 -0.040849604 0.992841184
1403636891751666432.000000 0.011843727 0.137577459 0.144810930 0.110479318 0.019833619 -0.040868364 0.992839754
1403636891801666560.000000 0.011830510 0.137575835 0.144756809 0.110503599 0.019849142 -0.040842943 0.992837787
1403636891851666432.000000 0.012213216 0.137652501 0.144821256 -0.110503420 -0.019790975 0.040940441 -0.992834985
1403636891901666560.000000 0.012160147 0.137646124 0.144746929 -0.110569730 -0.019816266 0.040778328 -0.992833734
1403636891951666432.000000 0.012151627 0.137801424 0.144499168 -0.110656798 -0.019365825 0.040211063 -0.992856085
1403636892001666560.000000 0.011973480 0.137656048 0.144725382 -0.110470414 -0.019875655 0.040823448 -0.992841721
1403636892051666432.000000 0.011905106 0.137601167 0.144754007 -0.110470720 -0.019907951 0.040839583 -0.992840409
1403636892101666560.000000 0.011831625 0.137585729 0.144820198 -0.110474177 -0.019901164 0.040846936 -0.992839813
1403636892151666432.000000 0.011768918 0.137514323 0.144870147 -0.110488586 -0.019931719 0.040797763 -0.992839634
1403636892201666560.000000 0.011821419 0.137515396 0.144834310 0.110521525 0.019804412 -0.040909119 0.992833972
1403636892251666432.000000 0.011841556 0.137533471 0.144865379 0.110534094 0.019840620 -0.040910587 0.992831767
1403636892301666560.000000 0.011904089 0.137588993 0.144878477 0.110341042 0.019809689 -0.041206822 0.992841601
1403636892351666432.000000 0.011885898 0.137535840 0.144846067 -0.110406406 -0.019762745 0.040769611 -0.992853343
1403636892401666560.000000 0.011909150 0.137558624 0.144854888 -0.110259093 -0.019761384 0.040710952 -0.992872119
1403636892451666432.000000 0.011930186 0.137547016 0.144797355 -0.110303193 -0.019967282 0.040868107 -0.992856681
1403636892501666560.000000 0.011892043 0.137549728 0.144756407 -0.110355891 -0.019872319 0.040764313 -0.992856979
1403636892551666432.000000 0.011899565 0.137595460 0.144628614 -0.110354677 -0.019819353 0.040815026 -0.992856085
1403636892601666560.000000 0.011920814 0.137603670 0.144559488 -0.110406294 -0.019892922 0.040785398 -0.992850125
1403636892651666432.000000 0.011877221 0.137645692 0.144580796 -0.110392652 -0.019812636 0.040757798 -0.992854357
1403636892701666560.000000 0.011686996 0.137491390 0.144938722 0.110455923 0.020066198 -0.040899049 0.992836475
1403636892751666432.000000 0.011710343 0.137511805 0.144952103 0.110446930 0.019984970 -0.040927872 0.992837846
1403636892801666560.000000 0.011771900 0.137496695 0.144963533 0.110530354 0.020077599 -0.041018825 0.992822945
1403636892851666432.000000 0.011781751 0.137774974 0.145153284 -0.110516734 -0.019897060 0.040912542 -0.992832541
1403636892901666560.000000 0.011963838 0.137715831 0.144940406 -0.110455923 -0.019563500 0.040775806 -0.992851555
1403636892951666432.000000 0.011904029 0.137671679 0.145105436 -0.110508732 -0.019682836 0.040878873 -0.992839038
1403636893001666560.000000 0.011943006 0.137651473 0.144892365 -0.110459507 -0.019752765 0.040858563 -0.992843986
1403636893051666432.000000 0.011893535 0.137584403 0.144802123 -0.110480696 -0.019760020 0.040765714 -0.992845297
1403636893101666560.000000 0.011806631 0.137569770 0.144884944 -0.110469446 -0.019862600 0.040911879 -0.992838502
1403636893151666432.000000 0.011879836 0.137518391 0.144675821 -0.110457808 -0.019852381 0.040770017 -0.992845833
1403636893201666560.000000 0.011824362 0.137475386 0.145182356 0.110429883 0.019902600 -0.040941972 0.992840886
1403636893251666432.000000 0.011806857 0.137474254 0.145135134 0.110478595 0.019898798 -0.040971413 0.992834270
1403636893301666560.000000 0.011802633 0.137466565 0.145170510 0.110441469 0.019912802 -0.040937986 0.992839575
1403636893351666432.000000 0.011642667 0.137332276 0.145208374 -0.110470533 -0.019917613 0.040884905 -0.992838383
1403636893401666560.000000 0.011759687 0.137424856 0.145163968 -0.110427409 -0.019860061 0.040901147 -0.992843688
1403636893451666432.000000 0.011872783 0.137500957 0.144755587 -0.110428683 -0.019773683 0.040774897 -0.992850423
1403636893501666560.000000 0.011878314 0.137548640 0.145086274 -0.110427052 -0.019888701 0.040910222 -0.992842793
1403636893551666432.000000 0.011870131 0.137499526 0.144798294 -0.110445976 -0.019743705 0.040884368 -0.992844582
1403636893601666560.000000 0.011876007 0.137551874 0.145064652 -0.110398427 -0.019909007 0.040944140 -0.992844164
1403636893651666432.000000 0.011859766 0.137570247 0.145025402 -0.110490344 -0.020015204 0.041062180 -0.992826879
1403636893701666560.000000 0.011855190 0.137404010 0.145239770 0.110467128 0.019847382 -0.040988464 0.992835879
1403636893751666432.000000 0.011862917 0.137443230 0.145189717 0.110497303 0.019928427 -0.041017491 0.992829740
1403636893801666560.000000 0.011861632 0.137437448 0.145180598 0.110494614 0.019810887 -0.040934797 0.992835760
1403636893851666432.000000 0.011848018 0.137547970 0.144703940 -0.110541612 -0.019733250 0.040962841 -0.992830932
1403636893901666560.000000 0.011847948 0.137727201 0.144832939 -0.110611103 -0.019534377 0.040734623 -0.992836475
1403636893951666432.000000 0.011900259 0.137747288 0.144770756 -0.110671557 -0.019543966 0.040728401 -0.992829800
1403636894001666560.000000 0.011911748 0.137690693 0.144747704 -0.110607438 -0.019581115 0.040667310 -0.992838740
1403636894051666432.000000 0.011908444 0.137685224 0.144667670 -0.110637650 -0.019633720 0.040686030 -0.992833614
1403636894101666560.000000 0.011956379 0.137617290 0.145100459 -0.110489659 -0.019794628 0.040775117 -0.992843211
1403636894151666432.000000 0.011889175 0.137589782 0.144601241 -0.110604510 -0.019644538 0.040666189 -0.992837906
1403636894201666560.000000 0.011825575 0.137536451 0.145086110 0.110560991 0.019768937 -0.040734690 0.992837429
1403636894251666432.000000 0.011774928 0.137459651 0.145153344 0.110566579 0.019742111 -0.040658396 0.992840469
1403636894301666560.000000 0.011791305 0.137483031 0.144673005 -0.110512055 -0.019763462 0.040704664 -0.992844224
1403636894351666432.000000 0.011891395 0.137487844 0.144737795 -0.110564046 -0.019525154 0.040643711 -0.992845654
1403636894401666560.000000 0.011929525 0.137500808 0.144786432 -0.110528544 -0.019535391 0.040706322 -0.992846847
1403636894451666432.000000 0.011890220 0.137503818 0.144800022 -0.110533364 -0.019553427 0.040632632 -0.992848992
1403636894501666560.000000 0.011851833 0.137510777 0.144775912 -0.110612281 -0.019602828 0.040694389 -0.992836654
1403636894551666432.000000 0.011809546 0.137520373 0.144778356 -0.110524945 -0.019658856 0.040698644 -0.992845118
1403636894601666560.000000 0.011807441 0.137518212 0.144764498 -0.110514775 -0.019622298 0.040677276 -0.992847860
1403636894651666432.000000 0.011810130 0.137526453 0.144772947 -0.110539064 -0.019646188 0.040700603 -0.992843688
1403636894701666560.000000 0.011901090 0.137497172 0.144737870 0.110607214 0.019804068 -0.040599067 0.992837131
1403636894751666432.000000 0.011888237 0.137494907 0.144814700 0.110591680 0.019813038 -0.040639989 0.992837071
1403636894801666560.000000 0.011816426 0.137520060 0.144822121 -0.110540569 -0.019696869 0.040663991 -0.992844045
1403636894851666432.000000 0.011878356 0.137472898 0.145222664 -0.110488862 -0.019559573 0.040663742 -0.992852509
1403636894901666560.000000 0.011962010 0.137580544 0.145208821 -0.110278040 -0.019673385 0.040707503 -0.992871940
1403636894951666432.000000 0.011947163 0.137581825 0.145197123 -0.110382088 -0.019653153 0.040612753 -0.992864668
1403636895001666560.000000 0.011941620 0.137588531 0.145106792 -0.110385224 -0.019663747 0.040715445 -0.992859900
1403636895051666432.000000 0.011923893 0.137607798 0.144946426 -0.110475518 -0.019600939 0.040660445 -0.992853343
1403636895101666560.000000 0.011954917 0.137602001 0.144829601 -0.110451892 -0.019637160 0.040688887 -0.992854118
1403636895151666432.000000 0.011960234 0.137593627 0.144689277 -0.110398635 -0.019803375 0.040907942 -0.992847741
1403636895201666560.000000 0.011803357 0.137530625 0.144827574 0.110469833 0.019782636 -0.040527578 0.992855847
1403636895251666432.000000 0.011795106 0.137534261 0.144756928 0.110410020 0.019801632 -0.040685445 0.992855668
1403636895301666560.000000 0.011955128 0.137536794 0.144475192 -0.110408187 -0.019808292 0.040692914 -0.992855370
1403636895351666432.000000 0.012019274 0.137666762 0.144482851 -0.110385254 -0.019704003 0.040789168 -0.992856026
1403636895401666560.000000 0.012057237 0.137615636 0.144396484 -0.110424049 -0.019704992 0.040697414 -0.992855549
1403636895451666432.000000 0.012104662 0.137602076 0.144363344 -0.110391684 -0.019732721 0.040789861 -0.992854714
1403636895501666560.000000 0.012092657 0.137542903 0.144346461 -0.110448048 -0.019797472 0.040713321 -0.992850304
1403636895551666432.000000 0.012013729 0.137511641 0.144445181 -0.110401116 -0.019735022 0.040755212 -0.992855072
1403636895601666560.000000 0.012089196 0.137542367 0.144372553 -0.110437073 -0.019717405 0.040684965 -0.992854297
1403636895651666432.000000 0.012084710 0.137563586 0.144368783 -0.110424779 -0.019818461 0.040883612 -0.992845476
1403636895701666560.000000 0.011812872 0.137654945 0.145470321 0.110604845 0.019632440 -0.040215120 0.992856503
1403636895751666432.000000 0.011747056 0.137623578 0.145453498 0.110596500 0.019695932 -0.040341694 0.992851019
1403636895801666560.000000 0.011747470 0.137559712 0.145535514 0.110542729 0.019765884 -0.040352702 0.992855191
1403636895851666432.000000 0.011771597 0.136838108 0.143968135 -0.110420689 -0.019789040 0.040949594 -0.992843866
1403636895901666560.000000 0.011893495 0.137239516 0.145269364 -0.110603668 -0.019694597 0.040412210 -0.992847383
1403636895951666432.000000 0.011929056 0.137364611 0.145199567 -0.110651173 -0.019721158 0.040466793 -0.992839336
1403636896001666560.000000 0.011959249 0.137475356 0.145197988 -0.110600963 -0.019654367 0.040457405 -0.992846668
1403636896051666432.000000 0.011914250 0.137429625 0.143977955 -0.110442050 -0.019368237 0.041081212 -0.992844343
1403636896101666560.000000 0.011938306 0.137733743 0.144057855 -0.110888757 -0.018493244 0.040187728 -0.992847800
1403636896151666432.000000 0.011856479 0.137743041 0.144202858 -0.110748067 -0.018115038 0.040612221 -0.992853165
1403636896201666560.000000 0.011842275 0.137849271 0.146183506 0.110776909 0.017643886 -0.040363587 0.992868602
1403636896251666432.000000 0.011843898 0.137814894 0.146302402 0.110798478 0.017634735 -0.040438168 0.992863357
1403636896301666560.000000 0.012008430 0.137796655 0.146368846 0.110808365 0.017829876 -0.040612895 0.992851555
1403636896351666432.000000 0.012124459 0.137736470 0.146416083 0.110753529 0.018226728 -0.040652797 0.992848814
1403636896401666560.000000 0.012036878 0.137957394 0.144467711 -0.110896595 -0.018236380 0.040708449 -0.992830396
1403636896451666432.000000 0.012158472 0.138018623 0.144921198 -0.110832416 -0.018499350 0.040843207 -0.992827177
1403636896501666560.000000 0.012081305 0.138060138 0.144869640 -0.110895164 -0.018626381 0.040755861 -0.992821395
1403636896551666432.000000 0.011970992 0.137993485 0.145044610 -0.110852256 -0.018655714 0.040799592 -0.992823899
1403636896601666560.000000 0.011904199 0.137781993 0.145174012 -0.110809624 -0.018692767 0.040817510 -0.992827177
1403636896651666432.000000 0.011920052 0.137657225 0.145359561 -0.110927522 -0.018608786 0.040690195 -0.992820799
1403636896701666560.000000 0.011940210 0.137853011 0.144616991 0.110869274 0.018216442 -0.040890802 0.992826402
1403636896751666432.000000 0.011964565 0.138021752 0.144901946 0.111027092 0.017666884 -0.040720146 0.992825627
1403636896801666560.000000 0.012099131 0.138065830 0.144935712 0.111085877 0.017835049 -0.040863592 0.992810190
1403636896851666432.000000 0.012291168 0.137917638 0.145016685 0.111087389 0.018178366 -0.040703591 0.992810428
1403636896901666560.000000 0.012268816 0.138072237 0.145127669 0.111103080 0.017825067 -0.041177183 0.992795527
1403636896951666432.000000 0.012676591 0.138052389 0.148506224 -0.111265019 -0.018023014 0.040978916 -0.992781937
1403636897001666560.000000 0.012296841 0.137932450 0.146870047 -0.111355327 -0.018753165 0.041073497 -0.992754400
1403636897051666432.000000 0.012306894 0.137975633 0.146498263 -0.111896686 -0.018975357 0.041503076 -0.992671430
1403636897101666560.000000 0.012074486 0.138018265 0.145863265 -0.113420352 -0.018945726 0.042402215 -0.992461026
1403636897151666432.000000 0.011803323 0.137904257 0.144346565 -0.115154348 -0.019048972 0.043429241 -0.992214978
1403636897201666560.000000 0.011716654 0.138133064 0.143010587 0.116485566 0.018062370 -0.043354578 0.992081344
1403636897251666432.000000 0.011289266 0.139057249 0.141361013 0.116439655 0.017401986 -0.043364439 0.992098093
1403636897301666560.000000 0.010704639 0.141000003 0.139332831 0.115133651 0.016947174 -0.042882942 0.992279291
1403636897351666432.000000 0.008884465 0.144246638 0.135832131 -0.112822056 -0.015848529 0.042436663 -0.992582083
1403636897401666560.000000 0.007225122 0.148826241 0.132680744 -0.109204240 -0.012718570 0.043667089 -0.992978275
1403636897451666432.000000 0.006000514 0.152144045 0.127785474 0.105567344 0.009194477 -0.044451777 0.993375659
1403636897501666560.000000 0.004563876 0.157793954 0.122702129 0.101473808 0.005371727 -0.046279930 0.993746638
1403636897551666432.000000 0.003024108 0.163610518 0.117034286 0.097451903 0.000475341 -0.047338743 0.994113684
1403636897601666560.000000 0.001633625 0.169728816 0.110503145 0.093394071 -0.007106643 -0.049994856 0.994347870
1403636897651666432.000000 0.003032936 0.177660823 0.102943398 -0.089165322 0.015061582 0.053785376 -0.994449496
1403636897701666560.000000 0.002706000 0.183111012 0.096269436 0.084957741 -0.024213288 -0.058941931 0.994344950
1403636897751666432.000000 0.005664416 0.189336911 0.087774299 0.082497865 -0.032007087 -0.063126214 0.994074821
1403636897801666560.000000 0.010227541 0.195376381 0.079156324 0.080597170 -0.038656950 -0.066564985 0.993770063
1403636897851666432.000000 0.017040556 0.201069444 0.071304508 -0.079553753 0.044402581 0.068803877 -0.993461430
1403636897901666560.000000 0.025002714 0.206264287 0.063741669 0.079556607 -0.048622604 -0.069712296 0.993200302
1403636897951666432.000000 0.035205126 0.210188478 0.057150427 0.080280177 -0.045606349 -0.070665732 0.993217766
1403636898001666560.000000 0.045088716 0.213501543 0.052358322 0.081569336 -0.039470658 -0.070991151 0.993352294
1403636898051666432.000000 0.052825406 0.215813980 0.048950706 -0.083445936 0.033358596 0.070602067 -0.993448198
1403636898101666560.000000 0.059074949 0.218778238 0.046601713 -0.085888408 0.028957630 0.069516070 -0.993454695
1403636898151666432.000000 0.064696848 0.221292168 0.044685073 -0.087752350 0.025955152 0.069204517 -0.993396521
1403636898201666560.000000 0.071967974 0.223380700 0.044268250 -0.089490592 0.023606557 0.070034280 -0.993241906
1403636898251666432.000000 0.079129942 0.225026578 0.043717511 -0.091178618 0.022959374 0.070694901 -0.993056715
1403636898301666560.000000 0.087209739 0.226313740 0.043119635 -0.092653677 0.022701785 0.071126677 -0.992895305
1403636898351666432.000000 0.096965231 0.227705598 0.044784840 0.094617926 -0.023436708 -0.070955679 0.992705166
1403636898401666560.000000 0.106998973 0.227927774 0.044510193 0.096584350 -0.023291599 -0.071238577 0.992498934
1403636898451666432.000000 0.117623530 0.227680057 0.044485852 0.098580927 -0.024021670 -0.071499363 0.992266476
1403636898501666560.000000 0.128967568 0.227124721 0.044706892 0.100643553 -0.024614679 -0.071260646 0.992061973
1403636898551666432.000000 0.139728710 0.226083234 0.043531734 -0.102216192 0.024607699 0.071301691 -0.991898417
1403636898601666560.000000 0.151985884 0.225425035 0.044541001 -0.103210188 0.025108257 0.072573729 -0.991690695
1403636898651666432.000000 0.163700864 0.224334270 0.046027973 -0.104102753 0.025235731 0.073555633 -0.991521776
1403636898701666560.000000 0.174853355 0.222746968 0.048132278 -0.104939155 0.025985949 0.074442029 -0.991348088
1403636898751666432.000000 0.185597286 0.220735043 0.050694782 -0.106115013 0.026496934 0.074131593 -0.991232634
1403636898801666560.000000 0.196079403 0.218512848 0.053776912 -0.107393272 0.026221799 0.073674418 -0.991136312
1403636898851666432.000000 0.206063390 0.217176199 0.059647843 0.108724847 -0.027156152 -0.072330162 0.991065025
1403636898901666560.000000 0.215581074 0.214551896 0.064203352 0.109845504 -0.028340796 -0.070759960 0.991021633
1403636898951666432.000000 0.224757046 0.211866513 0.069536477 0.111610711 -0.029315146 -0.067723185 0.991008222
1403636899001666560.000000 0.233421266 0.209518358 0.075971976 0.112363890 -0.030093048 -0.063766792 0.991162241
1403636899051666432.000000 0.241178706 0.207164288 0.082117848 -0.111485258 0.029476551 0.060074154 -0.991510630
1403636899101666560.000000 0.249697030 0.206208989 0.090270489 -0.108173914 0.027945720 0.056594580 -0.992126286
1403636899151666432.000000 0.258692861 0.206270188 0.099035650 -0.102619380 0.025271866 0.054771509 -0.992890060
1403636899201666560.000000 0.268147320 0.207233548 0.108412080 -0.095483929 0.021112772 0.053268250 -0.993780494
1403636899251666432.000000 0.277586907 0.208875045 0.117957667 -0.087189645 0.014803071 0.049852181 -0.994833469
1403636899301666560.000000 0.286791652 0.211203560 0.127559930 -0.077395886 0.009248922 0.046275977 -0.995882988
1403636899351666432.000000 0.294644743 0.217187181 0.144349560 0.065843925 -0.003798550 -0.043136705 0.996889889
1403636899401666560.000000 0.303227097 0.221246675 0.153961197 0.053007048 0.000319535 -0.040073797 0.997789741
1403636899451666432.000000 0.310631216 0.225720257 0.162502244 0.041198310 0.002154006 -0.035504244 0.998517692
1403636899501666560.000000 0.316922635 0.230412006 0.170441389 0.031666510 -0.000184243 -0.028372671 0.999095738
1403636899551666432.000000 0.323636234 0.236018121 0.174606398 -0.023660811 0.004528405 0.022465630 -0.999457359
1403636899601666560.000000 0.329324245 0.241456538 0.180789590 -0.016723325 0.008580741 0.017394837 -0.999672055
1403636899651666432.000000 0.335362613 0.247472301 0.187166587 -0.011071321 0.011143628 0.012916178 -0.999793231
1403636899701666560.000000 0.341698617 0.254163474 0.193986222 -0.005870880 0.013384497 0.010352464 -0.999839664
1403636899751666432.000000 0.347910941 0.262166828 0.201253116 -0.000983101 0.015690079 0.008663106 -0.999838948
1403636899801666560.000000 0.353727490 0.270956844 0.208999246 0.003436532 0.017287347 0.008953614 -0.999804616
1403636899851666432.000000 0.354074597 0.280909270 0.221107855 -0.007444221 -0.017312959 -0.011518393 0.999756098
1403636899901666560.000000 0.359286457 0.291351706 0.230184913 -0.011030744 -0.016790416 -0.014357287 0.999695063
1403636899951666432.000000 0.364044636 0.302231312 0.240059137 -0.013588114 -0.014178712 -0.016678451 0.999668002
1403636900001666560.000000 0.368618786 0.313305527 0.250318289 -0.015687544 -0.010702197 -0.019316582 0.999633074
1403636900051666432.000000 0.372869283 0.324936211 0.261104077 0.016584622 0.006432919 0.020312769 -0.999635458
1403636900101666560.000000 0.377709478 0.336133540 0.271247298 0.016942035 0.001826462 0.021427667 -0.999625266
1403636900151666432.000000 0.384125173 0.347203106 0.280159950 0.017132085 -0.002426775 0.022232115 -0.999603152
1403636900201666560.000000 0.392478615 0.358175248 0.288027704 0.016875776 -0.004455556 0.023640504 -0.999568224
1403636900251666432.000000 0.402595341 0.369001240 0.294385672 0.016616313 -0.004371465 0.024793604 -0.999544919
1403636900301666560.000000 0.411430478 0.379817247 0.293299139 -0.016027702 0.003133041 -0.025856746 0.999532223
1403636900351666432.000000 0.424971044 0.389555246 0.296701550 -0.014459107 -0.000915828 -0.025313320 0.999574602
1403636900401666560.000000 0.439747751 0.399515361 0.298623472 -0.013149147 -0.005211759 -0.025774317 0.999567747
1403636900451666432.000000 0.454542994 0.409395754 0.300347149 -0.011598262 -0.009581379 -0.026267676 0.999541759
1403636900501666560.000000 0.470028043 0.419299632 0.303843439 0.010089931 0.012260493 0.027392222 -0.999498665
1403636900551666432.000000 0.483665317 0.429128081 0.306572646 0.008609072 0.014242347 0.027342683 -0.999487638
1403636900601666560.000000 0.496223211 0.438972414 0.310000241 0.007107578 0.015957156 0.027519757 -0.999468625
1403636900651666432.000000 0.506178021 0.449620754 0.307732821 -0.005858199 -0.019676030 -0.027418334 0.999413252
1403636900701666560.000000 0.515420973 0.459751785 0.312729239 -0.004731082 -0.024473237 -0.026663288 0.999333739
1403636900751666432.000000 0.523244143 0.470046103 0.318636388 -0.003210238 -0.029058367 -0.026166435 0.999230027
1403636900801666560.000000 0.530180395 0.480491132 0.325659007 -0.001496543 -0.031551454 -0.024159092 0.999209046
1403636900851666432.000000 0.537310183 0.491981745 0.334756613 -0.000225639 0.030225039 0.021906532 -0.999303043
1403636900901666560.000000 0.542724729 0.503244758 0.344331533 -0.003046284 0.028485866 0.016584201 -0.999451995
1403636900951666432.000000 0.547659695 0.515378535 0.355073720 -0.004765885 0.025575895 0.013694142 -0.999567747
1403636901001666560.000000 0.551728129 0.528467119 0.366714835 -0.005586723 0.023008898 0.011542883 -0.999653041
1403636901051666432.000000 0.554677546 0.542625546 0.379198849 -0.006662446 0.021764372 0.009550477 -0.999695361
1403636901101666560.000000 0.556989431 0.557852983 0.392155290 -0.007654250 0.020265466 0.007368717 -0.999738216
1403636901151666432.000000 0.563359857 0.572516084 0.397728264 0.007888174 -0.020035734 -0.006454593 0.999747396
1403636901201666560.000000 0.565391064 0.589964807 0.411290824 0.008015968 -0.018994227 -0.006146352 0.999768615
1403636901251666432.000000 0.569180787 0.608516693 0.424508214 0.007298029 -0.018546190 -0.008031957 0.999769092
1403636901301666560.000000 0.574412286 0.628183126 0.436212569 0.006398147 -0.017754976 -0.010632645 0.999765337
1403636901351666432.000000 0.580678344 0.649805605 0.449047387 -0.005715550 0.017335434 0.012420972 -0.999756277
1403636901401666560.000000 0.588415682 0.671104789 0.461986542 -0.004722355 0.017061425 0.014734919 -0.999734700
1403636901451666432.000000 0.598970771 0.692836642 0.475310743 -0.003544819 0.016521007 0.017517140 -0.999703825
1403636901501666560.000000 0.610565782 0.715115488 0.488178194 -0.002292983 0.015878603 0.020662129 -0.999657869
1403636901551666432.000000 0.627428889 0.738888681 0.495801121 0.001069480 -0.015973138 -0.023225538 0.999602079
1403636901601666560.000000 0.637536764 0.761364877 0.509407580 0.000541704 -0.015086191 -0.024586380 0.999583781
1403636901651666432.000000 0.645812869 0.784021914 0.523712754 0.000103846 -0.013140563 -0.025548724 0.999587238
1403636901701666560.000000 0.652308106 0.806854188 0.538590312 -0.000034684 -0.011798052 -0.025325852 0.999609709
1403636901751666432.000000 0.656085670 0.829355597 0.554603040 -0.000657924 0.010929106 0.023880307 -0.999654889
1403636901801666560.000000 0.659085989 0.852547705 0.570627749 -0.000296998 0.010694634 0.024163090 -0.999650836
1403636901851666432.000000 0.660974264 0.875806332 0.586879551 -0.000094211 0.010667630 0.024766233 -0.999636412
1403636901901666560.000000 0.661729395 0.899252415 0.603260875 -0.000179640 0.010463885 0.025107572 -0.999630034
1403636901951666432.000000 0.661374986 0.922738492 0.619608164 0.000008182 0.010607088 0.025882619 -0.999608696
1403636902001666560.000000 0.662294209 0.951602101 0.625160754 0.000203857 -0.010396127 -0.027033124 0.999580503
1403636902051666432.000000 0.662628591 0.975246668 0.641178846 0.000489994 -0.010302375 -0.027849494 0.999558926
1403636902101666560.000000 0.664494097 0.998795927 0.656057298 0.000706228 -0.009291176 -0.028142404 0.999560535
1403636902151666432.000000 0.668439746 1.022375584 0.671283126 0.000826752 -0.009429655 -0.029071869 0.999532521
1403636902201666560.000000 0.672852635 1.043747902 0.687331557 -0.000958515 0.009791637 0.029394159 -0.999519467
1403636902251666432.000000 0.678668439 1.066415310 0.701565027 -0.001108357 0.009885321 0.027954087 -0.999559760
1403636902301666560.000000 0.684287190 1.089160562 0.715436697 -0.001265062 0.010023351 0.026034717 -0.999610007
1403636902351666432.000000 0.687293708 1.112249732 0.729764819 -0.001059534 0.010407832 0.024889205 -0.999635518
1403636902401666560.000000 0.687210858 1.135812998 0.744981289 -0.000324205 0.011034723 0.024079882 -0.999649167
1403636902451666432.000000 0.683668435 1.159912825 0.760867238 0.000945392 0.011705194 0.024203883 -0.999638140
1403636902501666560.000000 0.667629421 1.187800050 0.769249856 -0.002138782 -0.012474758 -0.025481252 0.999595225
1403636902551666432.000000 0.660043955 1.212425351 0.786010861 -0.004387460 -0.011687565 -0.027677659 0.999538958
1403636902601666560.000000 0.652800262 1.237108469 0.802956820 -0.006734485 -0.012501849 -0.030269258 0.999440968
1403636902651666432.000000 0.646862745 1.261327505 0.819186032 -0.009056862 -0.011723819 -0.032917511 0.999348283
1403636902701666560.000000 0.647220254 1.286376834 0.836600363 0.010634778 0.010775357 0.033805624 -0.999313831
1403636902751666432.000000 0.645485103 1.309376001 0.851579785 0.011789333 0.010003061 0.033996690 -0.999302387
1403636902801666560.000000 0.645690084 1.331748605 0.865877151 0.011953509 0.009991566 0.032836221 -0.999339342
1403636902851666432.000000 0.647899806 1.353241086 0.879340947 0.011410507 0.008187712 0.032433596 -0.999375224
1403636902901666560.000000 0.651432931 1.374020219 0.891628444 0.010307252 0.006281138 0.031869192 -0.999419153
1403636902951666432.000000 0.656036258 1.394137621 0.902751505 0.009401654 0.005327099 0.031961419 -0.999430776
1403636903001666560.000000 0.654607177 1.415177464 0.915592551 -0.008707575 -0.005863049 -0.031565703 0.999446571
1403636903051666432.000000 0.661640763 1.434328318 0.924942732 -0.007646147 -0.005725143 -0.031263199 0.999465525
1403636903101666560.000000 0.670953512 1.452869296 0.934083104 -0.006332068 -0.006741048 -0.031035822 0.999475479
1403636903151666432.000000 0.682936370 1.470962286 0.942721248 -0.005231661 -0.007598540 -0.031016214 0.999476373
1403636903201666560.000000 0.697560906 1.488775849 0.948849618 0.004045971 0.008301214 0.030816801 -0.999482453
1403636903251666432.000000 0.712872446 1.506439924 0.954753578 0.002989898 0.010127581 0.031265240 -0.999455392
1403636903301666560.000000 0.728818774 1.524135232 0.959516227 0.002465904 0.011306766 0.032539077 -0.999403477
1403636903351666432.000000 0.744465351 1.541983843 0.964617252 0.002200729 0.012444085 0.033677593 -0.999352932
1403636903401666560.000000 0.758563995 1.559793115 0.970115602 0.002042626 0.013004836 0.035903666 -0.999268591
1403636903451666432.000000 0.770685554 1.577564836 0.976277471 0.001787279 0.013979990 0.037087806 -0.999212623
1403636903501666560.000000 0.793744147 1.598164439 0.984579742 -0.000959258 -0.014412723 -0.037774879 0.999181926
1403636903551666432.000000 0.802995861 1.615393281 0.992162764 -0.000474263 -0.014455302 -0.038282264 0.999162316
1403636903601666560.000000 0.810664535 1.632359743 1.000505209 0.000157982 -0.015180722 -0.037950534 0.999164283
1403636903651666432.000000 0.816398621 1.648622274 1.009287357 0.000895326 -0.018090622 -0.036418512 0.999172509
1403636903701666560.000000 0.816633165 1.666117549 1.015307784 -0.002026574 0.020247700 0.034089617 -0.999211669
1403636903751666432.000000 0.818676651 1.682674646 1.024434686 -0.002736523 0.022958525 0.032696635 -0.999197841
1403636903801666560.000000 0.821509838 1.699160218 1.033966184 -0.004170754 0.024272909 0.029330593 -0.999266326
1403636903851666432.000000 0.826019406 1.715802670 1.044722795 -0.005660259 0.025552977 0.025668472 -0.999327838
1403636903901666560.000000 0.833540022 1.732541323 1.055534244 -0.006122760 0.024426842 0.024382683 -0.999385536
1403636903951666432.000000 0.843039691 1.749005079 1.066634774 -0.007414789 0.022930214 0.021624086 -0.999475718
1403636904001666560.000000 0.862866342 1.762992263 1.085368514 0.007664166 -0.021939689 -0.020956837 0.999510288
1403636904051666432.000000 0.876640737 1.779991627 1.095836639 0.008401842 -0.019533126 -0.019371843 0.999586284
1403636904101666560.000000 0.892154634 1.797700167 1.106969714 0.008678390 -0.018382903 -0.018144753 0.999628723
1403636904151666432.000000 0.909629762 1.815737724 1.118247032 0.009147691 -0.018792955 -0.016597116 0.999643862
1403636904201666560.000000 0.926441133 1.834274530 1.126680017 -0.009599457 0.017324630 0.014891895 -0.999692976
1403636904251666432.000000 0.944754362 1.853960991 1.135743618 -0.008805610 0.016364194 0.015443645 -0.999708116
1403636904301666560.000000 0.970505536 1.874271154 1.148440361 0.008900527 -0.015903819 -0.014554018 0.999728084
1403636904351666432.000000 0.987730205 1.895352125 1.157958984 0.008374682 -0.014730208 -0.014870617 0.999745846
1403636904401666560.000000 1.003801703 1.917254567 1.167956352 0.007238890 -0.013597426 -0.015804749 0.999756515
1403636904451666432.000000 1.019204259 1.939905763 1.178386211 0.006004945 -0.013068535 -0.018309457 0.999728978
1403636904501666560.000000 1.031018376 1.962938905 1.188867092 -0.005193223 0.012931789 0.018574789 -0.999730349
1403636904551666432.000000 1.042955041 1.986752868 1.199659348 -0.003796951 0.012776292 0.020138305 -0.999708354
1403636904601666560.000000 1.064366341 2.010839701 1.213002563 0.002616466 -0.012951970 -0.022215126 0.999665916
1403636904651666432.000000 1.074994445 2.035489798 1.224385858 0.001073864 -0.013324562 -0.023956623 0.999623656
1403636904701666560.000000 1.085730195 2.060227871 1.235760808 -0.000421579 -0.013157768 -0.025453141 0.999589384
1403636904751666432.000000 1.096769691 2.085287809 1.247552276 -0.001648192 -0.012764538 -0.026537562 0.999564946
1403636904801666560.000000 1.106035471 2.109626532 1.259175539 0.003125233 0.012924332 0.028150853 -0.999515295
1403636904851666432.000000 1.115402102 2.134487629 1.270844936 0.004524318 0.013017901 0.029347947 -0.999474287
1403636904901666560.000000 1.123790145 2.159156799 1.282856822 0.006123758 0.013370321 0.031321604 -0.999401212
1403636904951666432.000000 1.131023169 2.183703899 1.295380831 0.007579972 0.013555313 0.032586228 -0.999348283
1403636905001666560.000000 1.137118220 2.208142042 1.308400989 0.008770001 0.013097902 0.033070195 -0.999328732
1403636905051666432.000000 1.142689228 2.232076883 1.321655035 0.009480817 0.012848347 0.032375619 -0.999348283
1403636905101666560.000000 1.154646516 2.254965305 1.339763522 -0.011383412 -0.012703652 -0.034620907 0.999254942
1403636905151666432.000000 1.161748886 2.277927876 1.353295445 -0.012211203 -0.011822592 -0.033924881 0.999279857
1403636905201666560.000000 1.170153022 2.300595284 1.366981149 -0.013668048 -0.011792306 -0.035384238 0.999210775
1403636905251666432.000000 1.179869771 2.322333574 1.380509853 -0.014833562 -0.012674214 -0.035803746 0.999168396
1403636905301666560.000000 1.189554811 2.343381166 1.392675996 0.016340977 0.013477182 0.036865406 -0.999095738
1403636905351666432.000000 1.201520205 2.363483191 1.404979587 0.017122163 0.015631497 0.036170952 -0.999076664
1403636905401666560.000000 1.214814544 2.382505894 1.416599512 0.017888833 0.018118542 0.037038349 -0.998989403
1403636905451666432.000000 1.229663253 2.400268078 1.427940011 0.017124923 0.018926768 0.038909327 -0.998916686
1403636905501666560.000000 1.245472550 2.416756630 1.439060330 0.014908082 0.019845165 0.041290835 -0.998838842
1403636905551666432.000000 1.260916471 2.432406902 1.450535178 0.012900987 0.020174127 0.043945484 -0.998746932
1403636905601666560.000000 1.273431420 2.447732925 1.462288499 -0.011151486 -0.020320212 -0.046677120 0.998641133
1403636905651666432.000000 1.285622597 2.462214947 1.475404620 -0.008488732 -0.020816540 -0.046807744 0.998650908
1403636905701666560.000000 1.295839667 2.476015091 1.489025474 -0.005988162 -0.021500269 -0.045945365 0.998694599
1403636905751666432.000000 1.304537535 2.489154577 1.503659368 -0.003274284 -0.021181747 -0.044562437 0.998776674
1403636905801666560.000000 1.312968016 2.501680851 1.520349503 0.001105872 0.021773105 0.043364774 -0.998821437
1403636905851666432.000000 1.318078637 2.513922691 1.537178040 -0.000636341 0.022466050 0.042773966 -0.998831987
1403636905901666560.000000 1.321719766 2.525545120 1.554481864 -0.002306021 0.023499236 0.042208239 -0.998829842
1403636905951666432.000000 1.324005365 2.536776066 1.572701097 -0.003693523 0.025370531 0.041610703 -0.998804986
1403636906001666560.000000 1.325271249 2.547767878 1.591770053 -0.004769702 0.027795929 0.041966718 -0.998720944
1403636906051666432.000000 1.325884938 2.558500290 1.611830592 -0.004961844 0.030215988 0.044127539 -0.998556554
1403636906101666560.000000 1.322510123 2.568004608 1.634218574 0.005493150 -0.031383313 -0.044704847 0.998492122
1403636906151666432.000000 1.323633432 2.577214003 1.655920267 0.006430882 -0.031843819 -0.045048572 0.998456478
1403636906201666560.000000 1.326971650 2.585772991 1.677985191 0.006972208 -0.029898385 -0.045313392 0.998501003
1403636906251666432.000000 1.332970262 2.593616009 1.700330615 0.008344943 -0.025610805 -0.044475269 0.998647332
1403636906301666560.000000 1.342009783 2.601709604 1.721257210 -0.009510775 0.020361563 0.043461476 -0.998802364
1403636906351666432.000000 1.351486206 2.608361006 1.742457390 -0.010875974 0.016342945 0.040754590 -0.998976350
1403636906401666560.000000 1.363070250 2.612982750 1.766034484 0.012224266 -0.013479122 -0.037488457 0.999131382
1403636906451666432.000000 1.374577284 2.618958473 1.786031008 0.014636010 -0.011940118 -0.030470738 0.999357164
1403636906501666560.000000 1.386758089 2.625114679 1.805620909 0.016853353 -0.011757991 -0.023661582 0.999508858
1403636906551666432.000000 1.398081183 2.631824255 1.824877381 0.018481150 -0.013429723 -0.018959252 0.999559224
1403636906601666560.000000 1.406778932 2.640049219 1.844512224 -0.018848442 0.016672598 0.016882198 -0.999540806
1403636906651666432.000000 1.415656328 2.648882389 1.864156365 -0.018222867 0.017691612 0.018234661 -0.999511123
1403636906701666560.000000 1.423595786 2.658602953 1.884019971 -0.016630614 0.016873971 0.022499934 -0.999466062
1403636906751666432.000000 1.430252075 2.669250011 1.904271603 -0.014842817 0.016078640 0.027299022 -0.999387801
1403636906801666560.000000 1.435680389 2.680440903 1.925016642 -0.013384207 0.016212475 0.031959213 -0.999268115
1403636906851666432.000000 1.439996839 2.691733599 1.946241736 -0.012823713 0.016535081 0.034837086 -0.999173999
1403636906901666560.000000 1.445753455 2.699921131 1.973719358 0.012314041 -0.017260455 -0.038066141 0.999050260
1403636906951666432.000000 1.451261282 2.710424900 1.994895220 0.012398322 -0.017297601 -0.040247418 0.998963058
1403636907001666560.000000 1.458345771 2.720275879 2.016056061 0.012860775 -0.017493866 -0.042140476 0.998875797
1403636907051666432.000000 1.467341900 2.729696989 2.037284613 0.013627004 -0.017536325 -0.042632483 0.998844028
1403636907101666560.000000 1.473996758 2.739072561 2.055805683 -0.014133995 0.018558975 0.043213036 -0.998793542
1403636907151666432.000000 1.483181357 2.748081684 2.075703621 -0.014247447 0.020622531 0.044800282 -0.998681486
1403636907201666560.000000 1.491112828 2.756792307 2.096442938 -0.014932282 0.023687592 0.044559538 -0.998614252
1403636907251666432.000000 1.497612119 2.765236378 2.118335009 -0.015651355 0.026821492 0.043845791 -0.998555601
1403636907301666560.000000 1.502842546 2.773286104 2.141523361 -0.016709950 0.029366687 0.043360505 -0.998488009
1403636907351666432.000000 1.508280516 2.780804157 2.165408850 -0.018263429 0.030280165 0.040929884 -0.998536110
1403636907401666560.000000 1.513539433 2.788656712 2.195622683 0.019963250 -0.031604514 -0.037844431 0.998584211
1403636907451666432.000000 1.522040963 2.795803785 2.220343351 0.021163700 -0.032595254 -0.035502788 0.998613715
1403636907501666560.000000 1.532795429 2.803021908 2.245393753 0.023065560 -0.032045037 -0.031750690 0.998715699
1403636907551666432.000000 1.545699716 2.810360432 2.270463943 0.024546560 -0.033030812 -0.027381882 0.998777568
1403636907601666560.000000 1.561324358 2.817850828 2.295819283 0.025411462 -0.032234047 -0.026293544 0.998811245
1403636907651666432.000000 1.578636646 2.825083017 2.316881180 -0.025906738 0.031980462 0.024611052 -0.998849571
1403636907701666560.000000 1.599527955 2.834453821 2.349460363 0.026569050 -0.032112118 -0.022846844 0.998869836
1403636907751666432.000000 1.621152401 2.844191551 2.374645710 0.026928725 -0.031792521 -0.022418965 0.998880148
1403636907801666560.000000 1.643483281 2.854793787 2.400475264 0.027348259 -0.031679187 -0.020856030 0.998906195
1403636907851666432.000000 1.664079189 2.866486549 2.427746534 0.027624080 -0.031063393 -0.020087620 0.998933733
1403636907901666560.000000 1.683289051 2.877685070 2.456717014 -0.027577005 0.029365597 0.020711733 -0.998973548
1403636907951666432.000000 1.696504235 2.892463923 2.486335278 0.026969887 -0.025809217 -0.024031779 0.999014080
1403636908001666560.000000 1.709675908 2.906260729 2.520573378 0.025927046 -0.023201054 -0.028319415 0.998993278
1403636908051666432.000000 1.721421123 2.920467854 2.555586100 0.024848897 -0.020549435 -0.034144908 0.998896599
1403636908101666560.000000 1.733100057 2.934621572 2.590554237 0.025139617 -0.017900079 -0.036655173 0.998851359
1403636908151666432.000000 1.746594429 2.949234486 2.626381159 -0.025508422 0.016184092 0.038608398 -0.998797715
1403636908201666560.000000 1.760626078 2.963201761 2.659831285 -0.026394308 0.013932628 0.040274534 -0.998742819
1403636908251666432.000000 1.774578094 2.977049112 2.692160845 -0.027151866 0.013617012 0.041831650 -0.998662889
1403636908301666560.000000 1.787941456 2.990570545 2.723948002 -0.028089067 0.013348983 0.042494800 -0.998612523
1403636908351666432.000000 1.802069783 3.009194136 2.748849154 0.028943246 -0.013956615 -0.043662012 0.998529494
1403636908401666560.000000 1.812575459 3.022634506 2.780523062 0.030115679 -0.014378712 -0.043485153 0.998496532
1403636908451666432.000000 1.821678638 3.035792351 2.812484503 0.031160004 -0.015493133 -0.043815833 0.998433411
1403636908501666560.000000 1.829444051 3.049097061 2.844978094 0.032217279 -0.016468400 -0.043971755 0.998377383
1403636908551666432.000000 1.836753368 3.062070847 2.879074335 -0.033264995 0.017093213 0.044207580 -0.998322070
1403636908601666560.000000 1.843760371 3.075084209 2.912101030 -0.034229882 0.017660104 0.044695191 -0.998257875
1403636908651666432.000000 1.851663113 3.087948084 2.944196463 -0.035089392 0.018475089 0.045885857 -0.998159230
1403636908701666560.000000 1.859698534 3.105817318 2.966846943 0.036396105 -0.020158758 -0.045508310 0.998097181
1403636908751666432.000000 1.871184587 3.118168831 2.997667074 0.037375268 -0.022884794 -0.044758927 0.998036146
1403636908801666560.000000 1.885131240 3.130510330 3.028172970 0.038479291 -0.024924511 -0.043511469 0.998000503
1403636908851666432.000000 1.901524067 3.142657518 3.058552027 0.039354712 -0.028070919 -0.041694656 0.997960389
1403636908901666560.000000 1.920620680 3.154638052 3.088720798 0.039499938 -0.030238517 -0.042140063 0.997872591
1403636908951666432.000000 1.941819429 3.167027473 3.117031336 0.040457767 -0.031527936 -0.041349843 0.997827351
1403636909001666560.000000 1.964085460 3.178592205 3.147660255 0.040968563 -0.031596847 -0.040626388 0.997834027
1403636909051666432.000000 1.986434102 3.190173388 3.178800344 0.041466240 -0.031553045 -0.038969919 0.997880936
1403636909101666560.000000 2.008232832 3.201925278 3.211022854 0.041808262 -0.032441337 -0.037498385 0.997894585
1403636909151666432.000000 2.028711796 3.214411259 3.243484735 -0.042220119 0.032227628 0.036227155 -0.997931123
1403636909201666560.000000 2.052537680 3.228992701 3.276938200 0.041983332 -0.033046149 -0.036452398 0.997906148
1403636909251666432.000000 2.070657492 3.242250681 3.311714649 0.041705389 -0.033443522 -0.036284260 0.997910678
1403636909301666560.000000 2.087824583 3.255861521 3.347506523 0.041401789 -0.033684827 -0.035564452 0.997941136
1403636909351666432.000000 2.104571342 3.269686699 3.384431362 0.040796027 -0.032245848 -0.035885721 0.998002052
1403636909401666560.000000 2.120800257 3.284379721 3.422750235 -0.040165376 0.031250771 0.036522139 -0.998036265
1403636909451666432.000000 2.136264801 3.299125433 3.461957455 -0.038941856 0.028450130 0.038102414 -0.998109400
1403636909501666560.000000 2.150625467 3.314186811 3.501986742 -0.037948173 0.025624294 0.039433099 -0.998172522
1403636909551666432.000000 2.163107872 3.328022480 3.541330576 0.037747685 -0.024288071 -0.039047696 0.998228669
1403636909601666560.000000 2.174031973 3.343560457 3.582381964 0.037344165 -0.023325874 -0.037519142 0.998325467
1403636909651666432.000000 2.183977127 3.359147787 3.623806953 0.038081750 -0.021680409 -0.033997040 0.998460770
1403636909701666560.000000 2.192831993 3.375330448 3.665428638 0.037754919 -0.019243194 -0.032648455 0.998568177
1403636909751666432.000000 2.200883865 3.391912460 3.707616806 0.037070014 -0.014486595 -0.033290602 0.998652995
1403636909801666560.000000 2.207211018 3.410237074 3.750514984 -0.035242956 0.010765898 0.037669562 -0.998610556
1403636909851666432.000000 2.211322069 3.426308632 3.792569399 0.032382827 -0.006692513 -0.044546977 0.998459935
1403636909901666560.000000 2.215116262 3.443887949 3.834468365 0.029438509 -0.004658569 -0.052622020 0.998169720
1403636909951666432.000000 2.217907906 3.460822582 3.875830412 0.026505647 -0.000970352 -0.060736503 0.997801363
1403636910001666560.000000 2.219431877 3.476660967 3.916611195 0.024483064 0.003141860 -0.066100679 0.997507632
1403636910051666432.000000 2.219541788 3.490953445 3.956481218 0.024048237 0.005606893 -0.068072222 0.997374773
1403636910101666560.000000 2.224861383 3.502853394 3.996325970 0.025229231 0.004505871 -0.065457650 0.997526228
1403636910151666432.000000 2.225398540 3.514275074 4.033341885 0.027250338 0.001774902 -0.061241090 0.997749388
1403636910201666560.000000 2.226875782 3.524424314 4.069964886 0.029302200 -0.003505317 -0.055826623 0.998004317
1403636910251666432.000000 2.231405497 3.533519983 4.105605602 0.030563703 -0.006784139 -0.053221431 0.998091877
1403636910301666560.000000 2.232329845 3.540375471 4.140044689 -0.031803340 0.009938254 0.049655329 -0.998210490
1403636910351666432.000000 2.245622158 3.548151731 4.173031330 -0.032718945 0.013619731 0.048150692 -0.998211205
1403636910401666560.000000 2.255213976 3.555560350 4.204978943 -0.033478413 0.015129956 0.047687892 -0.998186409
1403636910451666432.000000 2.261996508 3.567502737 4.234529018 0.034035400 -0.016292345 -0.048466399 0.998111844
1403636910501666560.000000 2.274529219 3.574490070 4.265602589 0.035181206 -0.016514961 -0.047961272 0.998092830
1403636910551666432.000000 2.286483526 3.581537724 4.296760559 0.035211198 -0.017452411 -0.049205240 0.998015285
1403636910601666560.000000 2.297816038 3.588774920 4.328172207 0.035366170 -0.017439188 -0.049973559 0.997971833
1403636910651666432.000000 2.308615685 3.594015598 4.359769344 -0.035463333 0.017842744 0.050359655 -0.997941852
1403636910701666560.000000 2.316863775 3.600296974 4.391873360 -0.035805713 0.017720357 0.050406534 -0.997929454
1403636910751666432.000000 2.323175430 3.606395960 4.424392700 -0.036243204 0.018209392 0.049689665 -0.997940838
1403636910801666560.000000 2.329730749 3.615386963 4.457445145 0.036541749 -0.018459216 -0.048983742 0.997960269
1403636910851666432.000000 2.333342314 3.621258736 4.490531445 0.037177619 -0.018885195 -0.047779966 0.997987151
1403636910901666560.000000 2.335971594 3.627134800 4.524046421 0.037879407 -0.019602731 -0.045800366 0.998039782
1403636910951666432.000000 2.338470221 3.632882357 4.557910442 0.038892549 -0.016795091 -0.043747179 0.998144090
1403636911001666560.000000 2.342269182 3.638597488 4.591464520 0.040568277 -0.009024664 -0.040538631 0.998313308
1403636911051666432.000000 2.347160816 3.643476486 4.623551846 -0.041328110 0.000935198 0.039177563 -0.998376846
1403636911101666560.000000 2.352545738 3.649654627 4.655711174 -0.041751925 -0.003665840 0.038921155 -0.998362958
1403636911151666432.000000 2.357875824 3.656362057 4.686530113 -0.041585453 -0.001938250 0.039308805 -0.998359561
1403636911201666560.000000 2.377242565 3.662271976 4.722869396 0.040578879 -0.002586358 -0.041607570 0.998306334
1403636911251666432.000000 2.384539127 3.669289827 4.750674725 0.040105913 -0.008175556 -0.042510554 0.998257339
1403636911301666560.000000 2.393643618 3.676355839 4.777086258 0.039106045 -0.012080204 -0.044490471 0.998171091
1403636911351666432.000000 2.404371500 3.683260441 4.801776409 0.037733149 -0.014554975 -0.047099464 0.998071194
1403636911401666560.000000 2.417976856 3.689772606 4.824789524 0.037723869 -0.014639135 -0.047372505 0.998057425
1403636911451666432.000000 2.439781904 3.694785595 4.857494831 0.036811307 -0.014892797 -0.048504066 0.998033345
1403636911501666560.000000 2.453799963 3.701092720 4.878752708 0.036609631 -0.015525824 -0.048589844 0.998026967
1403636911551666432.000000 2.467914104 3.707225323 4.900177002 0.036399722 -0.015577590 -0.049275666 0.998000205
1403636911601666560.000000 2.480485678 3.713436604 4.921619415 0.036271289 -0.015946619 -0.049045887 0.998010337
1403636911651666432.000000 2.492472649 3.719556093 4.943375111 -0.035779670 0.016088344 0.049643114 -0.997996330
1403636911701666560.000000 2.502786636 3.725909710 4.964877129 -0.036018543 0.016136466 0.048990298 -0.998019218
1403636911751666432.000000 2.512048006 3.732326508 4.986703873 -0.036180783 0.015819805 0.047633305 -0.998084068
1403636911801666560.000000 2.527139425 3.731856108 5.023055553 0.037020180 -0.016526023 -0.043608535 0.998225808
1403636911851666432.000000 2.533662796 3.738303900 5.045754910 0.038298357 -0.016790221 -0.039894026 0.998328567
1403636911901666560.000000 2.538443327 3.745002270 5.069376469 0.039730463 -0.019836217 -0.034278028 0.998425364
1403636911951666432.000000 2.542844296 3.752411604 5.094178200 0.040893413 -0.021755602 -0.029794505 0.998482227
1403636912001666560.000000 2.546492577 3.760649681 5.119736671 0.040366217 -0.022497427 -0.030096406 0.998478174
1403636912051666432.000000 2.551099300 3.768696308 5.145544052 -0.038962010 0.022527630 0.032511096 -0.998457611
1403636912101666560.000000 2.546441793 3.773760796 5.177105427 0.038450792 -0.022478106 -0.032070976 0.998492777
1403636912151666432.000000 2.550273657 3.783263445 5.203996181 0.038298707 -0.021030737 -0.033485468 0.998483658
1403636912201666560.000000 2.556814909 3.793150663 5.230780125 0.037451748 -0.020025682 -0.035434902 0.998469234
1403636912251666432.000000 2.565491676 3.803184032 5.257114887 0.036752585 -0.018498233 -0.037091821 0.998464465
1403636912301666560.000000 2.575966358 3.813187599 5.283275127 0.035791054 -0.017200459 -0.039847452 0.998416483
1403636912351666432.000000 2.591212511 3.822480440 5.310951710 -0.035017435 0.017052632 0.040198326 -0.998432338
1403636912401666560.000000 2.604436874 3.832465172 5.336924553 -0.034729417 0.017506806 0.040101632 -0.998438478
1403636912451666432.000000 2.604206324 3.846251249 5.360054016 0.035675380 -0.016838159 -0.036957141 0.998537958
1403636912501666560.000000 2.615580559 3.856867313 5.387297153 0.036722973 -0.017291585 -0.033082519 0.998628080
1403636912551666432.000000 2.625366688 3.868136883 5.415503502 0.036294896 -0.017187925 -0.032594468 0.998661578
1403636912601666560.000000 2.632258654 3.879385233 5.444876194 0.036359672 -0.017935237 -0.031099083 0.998693764
1403636912651666432.000000 2.638115406 3.891298532 5.474993706 0.036989693 -0.017229142 -0.028036732 0.998773694
1403636912701666560.000000 2.650162697 3.902927160 5.502808094 -0.037488751 0.017721949 0.024757374 -0.998833120
1403636912751666432.000000 2.654547930 3.916122198 5.533242702 -0.038526312 0.018048620 0.020983309 -0.998874247
1403636912801666560.000000 2.658936501 3.930287838 5.564090729 -0.038956277 0.017880524 0.019272823 -0.998895049
1403636912851666432.000000 2.662363529 3.945722103 5.595198154 -0.038464710 0.017533047 0.019893341 -0.998908103
1403636912901666560.000000 2.643655539 3.962435007 5.615762711 0.037285782 -0.015251109 -0.022692619 0.998930573
1403636912951666432.000000 2.644648552 3.980123043 5.647617340 0.036219530 -0.012280990 -0.025737004 0.998936951
1403636913001666560.000000 2.644791603 3.998263359 5.679417610 0.034800183 -0.009209419 -0.029910445 0.998904228
1403636913051666432.000000 2.643932104 4.017022133 5.710987568 0.033827998 -0.006595023 -0.032565005 0.998875201
1403636913101666560.000000 2.641546965 4.036159039 5.741791248 0.033126052 -0.004230665 -0.034971170 0.998830259
1403636913151666432.000000 2.639213800 4.055576801 5.766480923 0.032697931 -0.002314684 -0.037410110 0.998762250
1403636913201666560.000000 2.640221834 4.075057983 5.794541359 0.032350484 -0.000125240 -0.038779750 0.998724043
1403636913251666432.000000 2.642937660 4.094303131 5.822111130 0.032322448 -0.000649583 -0.039506249 0.998696268
1403636913301666560.000000 2.647753954 4.113348007 5.848584652 0.032114774 -0.001466255 -0.040246103 0.998672545
1403636913351666432.000000 2.652081728 4.132648945 5.873177528 -0.033010524 0.004491553 0.037994727 -0.998722553
1403636913401666560.000000 2.659740448 4.151515007 5.897971153 -0.033914022 0.007271797 0.035579130 -0.998764813
1403636913451666432.000000 2.669001579 4.170380116 5.921560764 -0.035560075 0.010141539 0.031583849 -0.998816848
1403636913501666560.000000 2.678622961 4.189769268 5.944770813 -0.035410475 0.011710380 0.030357892 -0.998843074
1403636913551666432.000000 2.687656641 4.209483147 5.968029499 -0.034636352 0.012143142 0.031816468 -0.998819590
1403636913601666560.000000 2.695107222 4.229594707 5.991491318 -0.033683948 0.012720157 0.033653732 -0.998784781
1403636913651666432.000000 2.692414522 4.251918793 5.999524593 0.032887097 -0.013018884 -0.034973390 0.998762131
1403636913701666560.000000 2.696990252 4.272520065 6.023005009 0.031936280 -0.013148242 -0.036451887 0.998738468
1403636913751666432.000000 2.700309038 4.293448448 6.046351910 0.031298917 -0.012514581 -0.037863307 0.998714268
1403636913801666560.000000 2.703816175 4.314704895 6.069439411 0.031253032 -0.012493723 -0.037898161 0.998714626
1403636913851666432.000000 2.707712412 4.336134911 6.091981888 0.030544620 -0.012124114 -0.039264567 0.998688340
1403636913901666560.000000 2.716319084 4.355833054 6.115758419 -0.030686023 0.011486365 0.039386470 -0.998686731
1403636913951666432.000000 2.724827528 4.376220703 6.137633801 -0.030751746 0.010869124 0.040278949 -0.998656034
1403636914001666560.000000 2.730913162 4.399411201 6.150565624 0.030838689 -0.010728542 -0.040692639 0.998638093
1403636914051666432.000000 2.742236376 4.419752598 6.170249939 0.031110313 -0.011168758 -0.039968766 0.998654068
1403636914101666560.000000 2.754218578 4.439837933 6.189864635 0.032049939 -0.010623921 -0.037471052 0.998727143
1403636914151666432.000000 2.765503407 4.460142612 6.209164143 0.032720558 -0.010808931 -0.035412859 0.998778522
1403636914201666560.000000 2.776541948 4.479655266 6.227759838 -0.032655824 0.011076865 0.035018101 -0.998791635
1403636914251666432.000000 2.785577297 4.500458717 6.247129440 -0.031984165 0.010737640 0.034954257 -0.998819292
1403636914301666560.000000 2.792745590 4.521518230 6.266507626 -0.031438332 0.012411427 0.036497746 -0.998762012
1403636914351666432.000000 2.799117565 4.542912960 6.285837173 -0.030768603 0.011298062 0.037938941 -0.998742342
1403636914401666560.000000 2.804602623 4.564608574 6.304833889 -0.029570797 0.011057368 0.040546533 -0.998678863
1403636914451666432.000000 2.810684443 4.586297035 6.323152065 -0.029060766 0.010928916 0.041802891 -0.998643339
1403636914501666560.000000 2.821334600 4.610419750 6.334333897 0.028591339 -0.010793715 -0.043575298 0.998582602
1403636914551666432.000000 2.830824852 4.631275177 6.351125717 0.028211834 -0.010852634 -0.044122986 0.998568773
1403636914601666560.000000 2.842243433 4.651607513 6.367253780 0.027992798 -0.010510252 -0.044509821 0.998561442
1403636914651666432.000000 2.855744362 4.671964645 6.382365227 0.027599761 -0.008923635 -0.045147669 0.998559177
1403636914701666560.000000 2.870302200 4.691905022 6.396136284 0.027622666 -0.008538891 -0.044627968 0.998585284
1403636914751666432.000000 2.882762432 4.711861134 6.412484646 -0.026653688 0.007772296 0.045310732 -0.998587132
1403636914801666560.000000 2.896486759 4.731113911 6.426324368 -0.026444726 0.007304723 0.045248397 -0.998598993
1403636914851666432.000000 2.908671856 4.750225067 6.439936161 -0.025958795 0.007592862 0.045423944 -0.998601675
1403636914901666560.000000 2.927688837 4.767599106 6.451533318 0.025297631 -0.009195630 -0.045362160 0.998607934
1403636914951666432.000000 2.936079025 4.786198616 6.464976311 0.024680413 -0.010894268 -0.045527976 0.998598754
1403636915001666560.000000 2.943138599 4.804578304 6.478665352 0.024078675 -0.012659723 -0.045138288 0.998610318
1403636915051666432.000000 2.948929787 4.822343826 6.492548466 0.023742352 -0.014335079 -0.045250632 0.998590589
1403636915101666560.000000 2.953745127 4.840125084 6.506936073 0.023089001 -0.015348217 -0.045584291 0.998575687
1403636915151666432.000000 2.952608109 4.860104084 6.520761013 -0.022723166 0.016901959 0.045479883 -0.998563766
1403636915201666560.000000 2.954005003 4.877559662 6.535611629 -0.022263216 0.019111106 0.045740645 -0.998522401
1403636915251666432.000000 2.954617739 4.894256115 6.551129341 -0.021949308 0.023023119 0.045319494 -0.998466015
1403636915301666560.000000 2.953831434 4.910801888 6.567383289 -0.021309737 0.027272388 0.045858361 -0.998348236
1403636915351666432.000000 2.953375101 4.927031994 6.584669113 -0.020999365 0.031646002 0.045974530 -0.998220384
1403636915401666560.000000 2.958401442 4.942657471 6.609623909 0.020977588 -0.034460139 -0.046560522 0.998100519
1403636915451666432.000000 2.958236217 4.957769394 6.628503799 0.021151943 -0.034497239 -0.046055984 0.998118937
1403636915501666560.000000 2.960216284 4.972167492 6.648242950 0.022441413 -0.030973174 -0.042888038 0.998347461
1403636915551666432.000000 2.964707375 4.986152172 6.668415546 0.024472132 -0.025349379 -0.038065590 0.998653948
1403636915601666560.000000 2.971223116 4.999484539 6.688723087 0.026471600 -0.020825453 -0.033222992 0.998880327
1403636915651666432.000000 2.976075172 5.013749599 6.708836555 -0.028627191 0.016836910 0.028426027 -0.999044120
1403636915701666560.000000 2.985334396 5.028112411 6.728408337 -0.030206848 0.013738182 0.024750521 -0.999142766
1403636915751666432.000000 2.996398449 5.043218613 6.746329308 -0.030653032 0.011408326 0.024574192 -0.999162793
1403636915801666560.000000 3.008487701 5.058911324 6.763301849 -0.031352300 0.010762899 0.023472661 -0.999174833
1403636915851666432.000000 3.025864840 5.076519012 6.786997318 0.031744715 -0.010114402 -0.023528410 0.999167860
1403636915901666560.000000 3.042905331 5.093731880 6.802097797 0.031942911 -0.009511525 -0.023985809 0.999156654
1403636915951666432.000000 3.060229778 5.111757755 6.816901207 0.031325262 -0.009495983 -0.026323959 0.999117494
1403636916001666560.000000 3.076920033 5.130316734 6.831599712 0.029796740 -0.008510585 -0.031466272 0.999024391
1403636916051666432.000000 3.092065096 5.149474144 6.846691608 0.028287763 -0.008561807 -0.036156092 0.998909056
1403636916101666560.000000 3.104933500 5.167969227 6.861114979 -0.026711032 0.008303255 0.041714787 -0.998737991
1403636916151666432.000000 3.116679430 5.187301636 6.875967503 -0.026032627 0.008703200 0.045208812 -0.998600364
1403636916201666560.000000 3.127370119 5.206521034 6.890792370 -0.025643993 0.009207027 0.047110591 -0.998518050
1403636916251666432.000000 3.138373613 5.225325584 6.904833317 -0.026091052 0.009152489 0.046337113 -0.998543143
1403636916301666560.000000 3.150784731 5.243069172 6.926656246 0.026654011 -0.009417521 -0.045525964 0.998563170
1403636916351666432.000000 3.163984060 5.261126041 6.939446926 0.027305480 -0.009647869 -0.045107096 0.998562276
1403636916401666560.000000 3.178257465 5.279055595 6.952183723 0.026193358 -0.010614605 -0.046405561 0.998522818
1403636916451666432.000000 3.192393541 5.297083855 6.965027809 0.022722591 -0.009458215 -0.048687115 0.998510778
1403636916501666560.000000 3.204204559 5.314057827 6.974145889 -0.018064292 0.009491534 0.046988688 -0.998686969
1403636916551666432.000000 3.215519667 5.331914425 6.986287117 -0.011139769 0.008959694 0.046894684 -0.998797596
1403636916601666560.000000 3.225410223 5.349481106 6.999015331 -0.004081233 0.008727174 0.045005281 -0.998940289
1403636916651666432.000000 3.234023333 5.366621017 7.012138367 0.002990958 0.008744854 0.043470480 -0.999011993
1403636916701666560.000000 3.241413355 5.383030891 7.025480747 0.008876749 0.008317479 0.041547172 -0.999062538
1403636916751666432.000000 3.247694731 5.395582199 7.046670914 -0.014164537 -0.007693784 -0.039944157 0.999071956
1403636916801666560.000000 3.252053976 5.410182953 7.060688019 -0.018395735 -0.007270913 -0.037241787 0.999110520
1403636916851666432.000000 3.255165815 5.424029827 7.074669838 -0.022133723 -0.007267450 -0.035889115 0.999084234
1403636916901666560.000000 3.257380724 5.437357903 7.089054585 -0.026021304 -0.007074691 -0.035933152 0.998990357
1403636916951666432.000000 3.258360624 5.449538231 7.104366779 -0.028642979 -0.006358282 -0.035617862 0.998934746
1403636917001666560.000000 3.258434296 5.462934017 7.115235806 0.030666461 0.006330180 0.034632314 -0.998909473
1403636917051666432.000000 3.256540775 5.474166870 7.129514217 0.031730775 0.006495471 0.032629360 -0.998942614
1403636917101666560.000000 3.253384113 5.484879494 7.144042015 0.032472633 0.006484746 0.030547304 -0.998984694
1403636917151666432.000000 3.249031067 5.495056152 7.158900738 0.032725915 0.006652891 0.027819665 -0.999054968
1403636917201666560.000000 3.243325233 5.504889011 7.174046516 0.034387842 0.006173052 0.025076890 -0.999074876
1403636917251666432.000000 3.237390995 5.510797024 7.194571018 -0.038851544 -0.006041784 -0.022844415 0.998965621
1403636917301666560.000000 3.228825569 5.521015644 7.210000515 -0.044813547 -0.004593566 -0.020754479 0.998769224
1403636917351666432.000000 3.218883276 5.531648636 7.224967480 -0.052960292 -0.003976151 -0.018933248 0.998409271
1403636917401666560.000000 3.208049774 5.542772293 7.240376472 -0.063312784 -0.002981106 -0.017090145 0.997842968
1403636917451666432.000000 3.195625305 5.553227901 7.256124020 -0.073279411 -0.001606128 -0.012803365 0.997228026
1403636917501666560.000000 3.185286999 5.562075138 7.271331787 -0.083059825 -0.002158906 -0.010669234 0.996485174
1403636917551666432.000000 3.173030615 5.571394920 7.286245823 -0.090726353 -0.001334293 -0.007234808 0.995848715
1403636917601666560.000000 3.162802935 5.580203533 7.301001072 -0.097214401 -0.000619099 -0.003394344 0.995257556
1403636917651666432.000000 3.154047012 5.588128090 7.313648224 -0.103253230 0.000717705 -0.001176043 0.994654179
1403636917701666560.000000 3.145907402 5.595457554 7.326435089 0.108062379 -0.001310434 -0.001354962 -0.994142354
1403636917751666432.000000 3.140271902 5.602364540 7.337943077 0.113145858 -0.002100818 -0.003092137 -0.993571401
1403636917801666560.000000 3.136572123 5.608599186 7.348304749 0.117788032 -0.002573028 -0.004046628 -0.993027210
1403636917851666432.000000 3.135055065 5.614280224 7.357470989 0.122195370 -0.003120867 -0.004486377 -0.992491066
1403636917901666560.000000 3.135872126 5.619031906 7.365251064 0.125715464 -0.003839966 -0.005200042 -0.992045283
1403636917951666432.000000 3.137464285 5.623168945 7.371916771 0.128548726 -0.003850880 -0.005357553 -0.991681278
1403636918001666560.000000 3.142930746 5.618551254 7.372826576 -0.131283373 0.002068061 0.006611493 0.991320670
1403636918051666432.000000 3.142660618 5.621485710 7.378933907 -0.133171320 0.001149780 0.006819555 0.991068959
1403636918101666560.000000 3.141103029 5.624119759 7.385032654 -0.134813532 0.000083939 0.005649130 0.990854919
1403636918151666432.000000 3.138061762 5.626712799 7.391664982 -0.135989100 -0.001130963 0.004844883 0.990697920
1403636918201666560.000000 3.135961533 5.627976894 7.399223804 0.137059167 0.002619443 -0.003260043 -0.990554094
1403636918251666432.000000 3.134158373 5.628908157 7.405362606 0.137602344 0.003739337 -0.002009274 -0.990478456
1403636918301666560.000000 3.133941889 5.628873825 7.410728931 0.137872994 0.004484756 -0.000921588 -0.990439355
1403636918351666432.000000 3.134818792 5.627833843 7.415378094 0.137957588 0.008272342 -0.000037293 -0.990403652
1403636918401666560.000000 3.136611223 5.625877380 7.419552803 0.137407824 0.015083991 -0.001048768 -0.990399182
1403636918451666432.000000 3.140202999 5.623575687 7.423899651 0.137176529 0.021136899 -0.001152779 -0.990320444
1403636918501666560.000000 3.141345501 5.621097088 7.429784298 -0.136793643 -0.025270212 0.001205627 0.990276515
1403636918551666432.000000 3.149922371 5.617300987 7.434809208 -0.136039078 -0.027346481 0.001441487 0.990324914
1403636918601666560.000000 3.160591125 5.613041878 7.440469742 -0.135408014 -0.028523818 0.000430818 0.990379155
1403636918651666432.000000 3.174141407 5.608177662 7.447062969 -0.134120032 -0.027654320 0.000097720 0.990579188
1403636918701666560.000000 3.189996719 5.602469921 7.453894615 -0.132436886 -0.025762711 0.001015213 0.990856111
1403636918751666432.000000 3.209096909 5.594879627 7.460299492 0.129627824 0.022798453 -0.005430447 -0.991285801
1403636918801666560.000000 3.228418827 5.587836266 7.467884541 0.125783473 0.018995730 -0.013059917 -0.991789937
1403636918851666432.000000 3.249367237 5.580906868 7.475640774 0.122090310 0.012943049 -0.021184605 -0.992208540
1403636918901666560.000000 3.270878553 5.574923515 7.482872486 0.120647252 0.007440626 -0.026456777 -0.992314935
1403636918951666432.000000 3.296352625 5.570169926 7.489737988 0.120965175 0.001884064 -0.033234730 -0.992098510
1403636919001666560.000000 3.310780287 5.564262390 7.497640610 -0.122949138 0.001756934 0.038165666 0.991677284
1403636919051666432.000000 3.333829641 5.561821461 7.503973961 -0.124715976 0.005016404 0.042879317 0.991252840
1403636919101666560.000000 3.357709408 5.560944557 7.509760857 -0.126952276 0.006706149 0.045494288 0.990842342
1403636919151666432.000000 3.381330013 5.561263561 7.513917446 -0.129489601 0.008197209 0.047192093 0.990423262
1403636919201666560.000000 3.407648087 5.564033031 7.516955376 0.132004082 -0.009518085 -0.047835339 -0.990048587
1403636919251666432.000000 3.427831888 5.566287994 7.518468857 -0.134485707 0.009406996 0.048025023 0.989706337
1403636919301666560.000000 3.451244116 5.571298599 7.519315720 -0.137115702 0.010229927 0.047792599 0.989348590
1403636919351666432.000000 3.472742319 5.577693462 7.519438267 -0.140373468 0.010983988 0.047732923 0.988886416
1403636919401666560.000000 3.492290735 5.585394382 7.519044399 -0.144069344 0.010718489 0.045771714 0.988450348
1403636919451666432.000000 3.510479212 5.594161034 7.517772675 0.148111641 -0.010547732 -0.042242989 -0.988011777
1403636919501666560.000000 3.525091648 5.603051186 7.516749859 -0.152201563 0.010190556 0.036657419 0.987616897
1403636919551666432.000000 3.539686203 5.613278389 7.515157223 -0.156187937 0.009443009 0.030883357 0.987199306
1403636919601666560.000000 3.552592278 5.623747349 7.513432980 -0.159395128 0.009035273 0.026486669 0.986818135
1403636919651666432.000000 3.563593864 5.634055138 7.511586189 -0.161835462 0.010014486 0.023314383 0.986491561
1403636919701666560.000000 3.571877718 5.643889904 7.509564877 0.163468271 -0.010035378 -0.021013370 -0.986273766
1403636919751666432.000000 3.578626394 5.653594494 7.507555008 0.163938507 -0.010054626 -0.021319982 -0.986188889
1403636919801666560.000000 3.583847046 5.663014889 7.505369186 0.164142430 -0.011519706 -0.021972472 -0.986124635
1403636919851666432.000000 3.587097168 5.672144413 7.503366947 0.163943887 -0.012007830 -0.023044856 -0.986127377
1403636919901666560.000000 3.588437080 5.681110382 7.501426220 0.163694158 -0.012767476 -0.024217265 -0.986131191
1403636919951666432.000000 3.588153362 5.689844131 7.499389172 0.162853584 -0.014118468 -0.026516039 -0.986192882
1403636920001666560.000000 3.594291449 5.702247620 7.498701096 -0.161618188 0.015217301 0.028877629 0.986313403
1403636920051666432.000000 3.590492964 5.711236954 7.495610237 -0.160172135 0.016889282 0.031831566 0.986431122
1403636920101666560.000000 3.585326672 5.720226288 7.492058754 -0.158712506 0.018176960 0.034684807 0.986548066
1403636920151666432.000000 3.578800201 5.729752064 7.487767696 -0.157198891 0.019148646 0.037634719 0.986663818
1403636920201666560.000000 3.570875168 5.739885807 7.482761860 -0.155888617 0.020033965 0.039661434 0.986774802
1403636920251666432.000000 3.557231188 5.748113155 7.476118088 0.155957341 -0.019814093 -0.038346156 -0.986820281
1403636920301666560.000000 3.546259403 5.758855343 7.468971729 0.157629788 -0.019211821 -0.032716308 -0.986769259
1403636920351666432.000000 3.534225702 5.769895554 7.461085796 0.159417748 -0.018687982 -0.026924618 -0.986667037
1403636920401666560.000000 3.521865129 5.780898094 7.452272892 0.160849422 -0.017717853 -0.022373512 -0.986566246
1403636920451666432.000000 3.510078669 5.791699886 7.442097664 0.161953554 -0.015133226 -0.018305473 -0.986512601
1403636920501666560.000000 3.511973619 5.806455612 7.436494827 -0.162255779 0.012036854 0.016243603 0.986541629
1403636920551666432.000000 3.504103184 5.816417217 7.424052715 -0.162616372 0.008872838 0.015195783 0.986532509
1403636920601666560.000000 3.497368574 5.825108051 7.409906387 -0.162593707 0.005498431 0.015160471 0.986561358
1403636920651666432.000000 3.492607355 5.833374500 7.395864010 -0.162612885 0.001766089 0.015819512 0.986561537
1403636920701666560.000000 3.484922647 5.838153362 7.379214287 0.163005710 0.002129635 -0.016026163 -0.986492693
1403636920751666432.000000 3.482568979 5.844583035 7.363224030 0.163132489 0.005160241 -0.016580196 -0.986451387
1403636920801666560.000000 3.481770277 5.850422382 7.346215725 0.163429171 0.008589781 -0.017620185 -0.986360371
1403636920851666432.000000 3.482866764 5.852082253 7.331451893 -0.163688764 -0.010471019 0.018739676 0.986278474
1403636920901666560.000000 3.486485958 5.856977940 7.313939095 -0.163623750 -0.011612991 0.019559950 0.986260533
1403636920951666432.000000 3.491508484 5.861768723 7.296812534 -0.164178655 -0.012197067 0.019614836 0.986160159
1403636921001666560.000000 3.496378183 5.866181850 7.280503750 -0.164310649 -0.012259538 0.019865818 0.986132443
1403636921051666432.000000 3.500646353 5.870845318 7.265311718 -0.164558724 -0.012433287 0.020085208 0.986084402
1403636921101666560.000000 3.501992226 5.873557568 7.249812603 0.164876938 0.011606574 -0.020520635 -0.986032367
1403636921151666432.000000 3.503334284 5.877516747 7.236276627 0.165293247 0.011240054 -0.020250939 -0.985972524
1403636921201666560.000000 3.503657103 5.881359100 7.223651886 0.165573686 0.008913159 -0.019833187 -0.985957682
1403636921251666432.000000 3.502848864 5.885055542 7.211755753 0.165606678 0.003938159 -0.019180993 -0.985997558
1403636921301666560.000000 3.500873566 5.888695717 7.200533390 0.165927604 -0.001327165 -0.018384917 -0.985965729
1403636921351666432.000000 3.499222994 5.891514778 7.197344780 -0.165560901 0.005458521 0.020010721 0.985981464
1403636921401666560.000000 3.494327307 5.894207001 7.187000275 -0.164540276 0.008980943 0.022964414 0.986062169
1403636921451666432.000000 3.488105774 5.896492004 7.176879406 -0.163649634 0.011862032 0.025687244 0.986112714
1403636921501666560.000000 3.480091810 5.898691177 7.166666985 -0.162036493 0.012118164 0.030468622 0.986239791
1403636921551666432.000000 3.470495462 5.900731087 7.156242371 -0.161084652 0.010966967 0.033976991 0.986294687
1403636921601666560.000000 3.459255457 5.901342869 7.144042492 0.160185009 -0.007514697 -0.038191583 -0.986319363
1403636921651666432.000000 3.446607351 5.904355526 7.132976532 0.159780920 -0.001687648 -0.040980019 -0.986300111
1403636921701666560.000000 3.432490349 5.908174992 7.122383595 0.160328984 0.008273896 -0.041897479 -0.986139357
1403636921751666432.000000 3.418142319 5.912731647 7.112360954 0.160568953 0.017461279 -0.043480854 -0.985911906
1403636921801666560.000000 3.405921698 5.916795254 7.099551678 0.162174404 0.024337573 -0.041069392 -0.985606730
1403636921851666432.000000 3.386771917 5.923874378 7.090409756 -0.163378060 -0.026181268 0.039441422 0.985427141
1403636921901666560.000000 3.374647379 5.931252003 7.083388329 -0.164738253 -0.025682408 0.037396587 0.985293508
1403636921951666432.000000 3.363038063 5.939102650 7.077388287 -0.166459545 -0.020913582 0.035044368 0.985203445
1403636922001666560.000000 3.351495743 5.947440624 7.072017193 -0.168828592 -0.015552565 0.031875052 0.985007107
1403636922051666432.000000 3.340919733 5.955431938 7.065961361 0.172198609 0.009962793 -0.028657349 -0.984595001
1403636922101666560.000000 3.329825401 5.964015007 7.061278820 0.174945921 0.005383859 -0.027705019 -0.984173536
1403636922151666432.000000 3.319747210 5.971949577 7.056084633 0.178008825 0.001936351 -0.026335679 -0.983674586
1403636922201666560.000000 3.311283588 5.979404926 7.050599098 0.181056097 0.001105621 -0.026084824 -0.983126223
1403636922251666432.000000 3.299071312 5.982070446 7.036809444 -0.184021994 -0.004782962 0.026274886 0.982559323
1403636922301666560.000000 3.293546915 5.988479137 7.030326366 -0.186914280 -0.008495386 0.026089046 0.981993079
1403636922351666432.000000 3.289750576 5.994534969 7.024015903 -0.188910544 -0.011589954 0.027550375 0.981539309
1403636922401666560.000000 3.285527468 5.999786854 7.017883301 -0.191189066 -0.015154180 0.028336635 0.981027126
1403636922451666432.000000 3.280220509 6.005157948 7.012235641 -0.193768650 -0.018932501 0.029762097 0.980412900
1403636922501666560.000000 3.278898716 6.015639305 7.019442558 0.197935641 0.021483848 -0.031343263 -0.979478240
1403636922551666432.000000 3.271975040 6.021419525 7.017192364 0.202747464 0.024077538 -0.033714999 -0.978354275
1403636922601666560.000000 3.259589911 6.017745495 6.995581150 -0.208083510 -0.024001841 0.035436779 0.977174282
1403636922651666432.000000 3.252252817 6.023294926 6.995714664 -0.212996900 -0.020743184 0.037533026 0.976111352
1403636922701666560.000000 3.244678259 6.028633595 6.996742249 -0.218346581 -0.015482241 0.035828434 0.975090504
1403636922751666432.000000 3.237028122 6.033284664 6.998291492 -0.222106263 -0.006680334 0.036437184 0.974318564
1403636922801666560.000000 3.229394674 6.037542343 6.999757290 -0.224681124 0.000527108 0.039752662 0.973621070
1403636922851666432.000000 3.220776796 6.044551849 7.008642197 0.225632250 -0.007060562 -0.044432700 -0.973173201
1403636922901666560.000000 3.215470791 6.043782711 7.001989365 0.226695165 -0.012594711 -0.048435107 -0.972679138
1403636922951666432.000000 3.210715294 6.045964241 7.000789642 0.226966426 -0.016851351 -0.053122386 -0.972306669
1403636923001666560.000000 3.207013369 6.047894955 6.998301506 0.226985767 -0.020276841 -0.057885543 -0.971964896
1403636923051666432.000000 3.203394175 6.050374508 6.994626999 0.228395700 -0.020355323 -0.060685545 -0.971462011
1403636923101666560.000000 3.208994865 6.053703308 6.981941700 -0.231066346 0.020793265 0.061295696 0.970782578
1403636923151666432.000000 3.203053713 6.057082176 6.975995064 -0.235283196 0.019525668 0.063328706 0.969664991
1403636923201666560.000000 3.195600033 6.060944080 6.969368458 -0.240724906 0.017108031 0.064211138 0.968315959
1403636923251666432.000000 3.186292887 6.065288067 6.961464405 -0.247017369 0.012438245 0.064686209 0.966769636
1403636923301666560.000000 3.173697472 6.070771217 6.956006050 0.253535688 -0.007177932 -0.063659102 -0.965202451
1403636923351666432.000000 3.169533730 6.074246407 6.947056770 -0.259285897 0.001075780 0.063087754 0.963737369
1403636923401666560.000000 3.155709982 6.078774929 6.939826965 -0.263807327 -0.005072251 0.063752733 0.962452948
1403636923451666432.000000 3.141114235 6.083261967 6.933135509 -0.267717481 -0.010796701 0.064962544 0.961244345
1403636923501666560.000000 3.125932932 6.087722778 6.927155495 -0.270734906 -0.017310144 0.066365093 0.960207641
1403636923551666432.000000 3.104743242 6.092914581 6.922165871 0.272682309 0.024002483 -0.068803027 -0.959340572
1403636923601666560.000000 3.099583149 6.096862316 6.916761398 0.274462491 0.029221935 -0.070223451 -0.958584964
1403636923651666432.000000 3.090777159 6.102080345 6.912518501 0.275757074 0.031923186 -0.071672313 -0.958019912
1403636923701666560.000000 3.105619431 6.107711792 6.915491104 -0.277490854 -0.036281742 0.071249880 0.957395434
1403636923751666432.000000 3.103759289 6.114089012 6.912982464 -0.278290838 -0.035900541 0.071476482 0.957160652
1403636923801666560.000000 3.104588270 6.120945930 6.911520481 -0.279274195 -0.035533909 0.070462927 0.956963122
1403636923851666432.000000 3.107211590 6.128096104 6.911257267 -0.280163080 -0.035152338 0.068400905 0.956866980
1403636923901666560.000000 3.110350370 6.135732174 6.913156033 0.279782236 0.036098793 -0.069791660 -0.956842661
1403636923951666432.000000 3.112628460 6.143856049 6.916306973 0.280396283 0.036421042 -0.068398140 -0.956751406
1403636924001666560.000000 3.114209175 6.152240753 6.921309471 0.280003071 0.036335055 -0.067703672 -0.956919193
1403636924051666432.000000 3.115193367 6.161342621 6.928233624 0.280196398 0.036144972 -0.066991642 -0.956919849
1403636924101666560.000000 3.115813494 6.170971870 6.937141418 0.280186146 0.035350487 -0.066127710 -0.957012713
1403636924151666432.000000 3.115951538 6.181190014 6.947815895 0.279840112 0.034001786 -0.064942837 -0.957243919
1403636924201666560.000000 3.116002083 6.194450378 6.964621544 -0.279794008 -0.033736262 0.063805923 0.957343161
1403636924251666432.000000 3.115400314 6.205435753 6.978672504 -0.279479921 -0.034003921 0.062834874 0.957489729
1403636924301666560.000000 3.116497517 6.216530323 6.994058609 -0.278693259 -0.031264227 0.063348398 0.957778454
1403636924351666432.000000 3.119290352 6.227682590 7.010271549 -0.277390271 -0.030337911 0.065676682 0.958029687
1403636924401666560.000000 3.124144077 6.239313126 7.027555943 -0.275283188 -0.026612589 0.069802567 0.958456337
1403636924451666432.000000 3.132873058 6.248976707 7.041694641 0.273534596 0.021452129 -0.073211193 -0.958831966
1403636924501666560.000000 3.143031597 6.261307240 7.058709145 0.271857768 0.015663231 -0.075781822 -0.959221184
1403636924551666432.000000 3.155399323 6.274499416 7.075889587 0.270143390 0.009769879 -0.078604594 -0.959556460
1403636924601666560.000000 3.168384790 6.288711071 7.093513012 0.267685443 0.003866652 -0.082490884 -0.959960878
1403636924651666432.000000 3.180521488 6.303899288 7.111334801 0.266035825 -0.000675736 -0.085486926 -0.960164845
1403636924701666560.000000 3.186786413 6.319030285 7.132002831 -0.264600724 0.005060852 0.086864881 0.960424542
1403636924751666432.000000 3.195865631 6.335832596 7.149253845 -0.262568921 0.009745188 0.088849552 0.960764527
1403636924801666560.000000 3.203069925 6.353806496 7.166361332 -0.260598361 0.014295610 0.090584479 0.961081982
1403636924851666432.000000 3.208123207 6.372780800 7.182700157 -0.259481400 0.018536553 0.091149762 0.961258292
1403636924901666560.000000 3.210669756 6.392590046 7.197976112 -0.260152698 0.021215847 0.091182433 0.961018324
1403636924951666432.000000 3.213000774 6.415159225 7.211431980 0.262568861 -0.022668641 -0.092250928 -0.960225821
1403636925001666560.000000 3.211007357 6.437795639 7.224459171 0.266926259 -0.021895833 -0.093000300 -0.958969235
1403636925051666432.000000 3.201305628 6.455496788 7.234702110 -0.272268951 0.019773513 0.090928011 0.957711279
1403636925101666560.000000 3.195258617 6.479476452 7.245324612 -0.277601212 0.017686732 0.087538920 0.956536353
1403636925151666432.000000 3.187171698 6.503805161 7.255326271 -0.283246994 0.012519746 0.082425058 0.955416441
1403636925201666560.000000 3.178202629 6.528104782 7.264746189 -0.288678825 0.007892971 0.076795943 0.954308510
1403636925251666432.000000 3.167870283 6.552069187 7.273999214 -0.293008715 0.001588149 0.073341876 0.953291357
1403636925301666560.000000 3.155690193 6.576328278 7.284815311 0.296291918 0.005645401 -0.071471557 -0.952402830
1403636925351666432.000000 3.140939951 6.597208023 7.299783707 -0.299353600 -0.013077633 0.071126498 0.951397657
1403636925401666560.000000 3.128039360 6.620949745 7.310783386 -0.301277488 -0.021155048 0.071788594 0.950594962
1403636925451666432.000000 3.115890026 6.644643784 7.322633743 -0.302764118 -0.026940025 0.073052697 0.949879706
1403636925501666560.000000 3.105300903 6.668309689 7.335272789 -0.303996384 -0.032177415 0.074143134 0.949238479
1403636925551666432.000000 3.097000599 6.691967964 7.348983765 -0.304881036 -0.037152469 0.075529270 0.948663592
1403636925601666560.000000 3.091326237 6.715898037 7.363071442 0.305480063 0.041984264 -0.076990075 -0.948151827
1403636925651666432.000000 3.088671207 6.739549160 7.378469467 0.305609971 0.045326941 -0.079525016 -0.947746694
1403636925701666560.000000 3.089222908 6.763993263 7.395686150 0.306266367 0.047973599 -0.079536766 -0.947403491
1403636925751666432.000000 3.093242407 6.788941860 7.414265633 0.307083338 0.049686205 -0.078969777 -0.947098196
1403636925801666560.000000 3.095999479 6.815508366 7.441822529 -0.307834953 -0.049330395 0.078292549 0.946929038
1403636925851666432.000000 3.106515884 6.841612816 7.463896275 -0.308455676 -0.046030480 0.076509207 0.947038889
1403636925901666560.000000 3.119893074 6.867583275 7.487099171 -0.308913440 -0.038457427 0.074784547 0.947365224
1403636925951666432.000000 3.134714603 6.893709183 7.511700630 -0.309710622 -0.029989403 0.071191929 0.947687566
1403636926001666560.000000 3.150374174 6.920143604 7.537795067 -0.310586393 -0.019958438 0.067420222 0.947941124
1403636926051666432.000000 3.166281939 6.945739269 7.564262867 0.310216725 0.008359309 -0.066399567 -0.948307395
1403636926101666560.000000 3.179449320 6.971071720 7.591950417 0.309368044 -0.001026972 -0.066882782 -0.948586881
1403636926151666432.000000 3.190503597 6.995858192 7.620245934 0.307933837 -0.009438336 -0.068543606 -0.948888540
1403636926201666560.000000 3.199250460 7.019885540 7.648719311 0.305771768 -0.016078470 -0.071853057 -0.949253559
1403636926251666432.000000 3.205885410 7.043710232 7.677003860 0.304134756 -0.020727227 -0.074454106 -0.949488819
1403636926301666560.000000 3.202547312 7.067427158 7.710656166 -0.302374810 0.024722558 0.077202573 0.949735880
1403636926351666432.000000 3.204985380 7.090202332 7.737681389 -0.300221235 0.028025772 0.080568872 0.950047612
1403636926401666560.000000 3.205354452 7.112489700 7.763898849 -0.298230410 0.029958295 0.083101764 0.950397432
1403636926451666432.000000 3.204360962 7.134518623 7.788666248 -0.296963781 0.030678321 0.084149942 0.950678825
1403636926501666560.000000 3.201781988 7.156357765 7.812044144 -0.295537621 0.030162444 0.085832790 0.950989246
1403636926551666432.000000 3.199249029 7.176839352 7.831887722 0.295416981 -0.027599124 -0.084225476 -0.951248229
1403636926601666560.000000 3.198052883 7.198362350 7.851199150 0.295442760 -0.024341153 -0.082179487 -0.951508164
1403636926651666432.000000 3.198819637 7.219511032 7.868319511 0.296006680 -0.021931166 -0.079154767 -0.951647878
1403636926701666560.000000 3.200844288 7.240348816 7.883820057 0.295921803 -0.018911529 -0.078143246 -0.951822639
1403636926751666432.000000 3.204221487 7.260501862 7.896798134 0.296694487 -0.014695502 -0.078968801 -0.951588333
1403636926801666560.000000 3.198023796 7.278057098 7.911151886 -0.298235655 0.012736150 0.082544141 0.950831175
1403636926851666432.000000 3.204321623 7.298578262 7.921827316 -0.300915986 0.009509090 0.086582735 0.949664474
1403636926901666560.000000 3.211515665 7.319289684 7.931222916 -0.304632664 0.008657003 0.091909073 0.947985649
1403636926951666432.000000 3.217745304 7.340827465 7.940322876 -0.309744298 0.007908481 0.097133808 0.945812345
1403636927001666560.000000 3.223204136 7.362985611 7.948793411 -0.316655070 0.008730206 0.101123154 0.943094671
1403636927051666432.000000 3.229824066 7.386566639 7.954571724 0.324639678 -0.009493380 -0.104844496 -0.939960957
1403636927101666560.000000 3.227043629 7.406766415 7.962088108 -0.333743155 0.009756013 0.107482113 0.936465681
1403636927151666432.000000 3.228462458 7.431512356 7.969152927 -0.343289554 0.010524005 0.111640826 0.932511628
1403636927201666560.000000 3.228178024 7.456928730 7.975752831 -0.353865713 0.010972930 0.114787020 0.928160906
1403636927251666432.000000 3.225900888 7.482758999 7.981904030 -0.365070343 0.011385921 0.117912903 0.923412502
1403636927301666560.000000 3.221866131 7.508550644 7.987801552 -0.376144916 0.010668357 0.119914494 0.918706596
1403636927351666432.000000 3.214737892 7.533071518 7.992419720 -0.385813564 0.008712853 0.121293500 0.914527178
1403636927401666560.000000 3.207763195 7.559633255 7.998780251 -0.394320905 0.002081874 0.121881850 0.910852075
1403636927451666432.000000 3.199838638 7.586198807 8.005517006 -0.400806934 -0.005429471 0.124033131 0.907711506
1403636927501666560.000000 3.191423416 7.612987995 8.012727737 -0.406107455 -0.013023507 0.126346841 0.904955089
1403636927551666432.000000 3.181078911 7.640062809 8.021018028 0.410367668 0.020626534 -0.128988370 -0.902515948
1403636927601666560.000000 3.173558712 7.667851925 8.029670715 0.413925380 0.026349628 -0.131625891 -0.900358915
1403636927651666432.000000 3.168674707 7.696652412 8.038925171 0.417339832 0.029884448 -0.131986588 -0.898617864
1403636927701666560.000000 3.166375637 7.726397038 8.048937798 0.419901818 0.032910876 -0.133034810 -0.897162855
1403636927751666432.000000 3.171410799 7.759656906 8.057599068 -0.421577692 -0.034077235 0.134212017 0.896157503
1403636927801666560.000000 3.174484730 7.790870190 8.069035530 -0.422700882 -0.033540785 0.135624126 0.895435691
1403636927851666432.000000 3.179710865 7.823024750 8.081312180 -0.423530251 -0.033040103 0.135884792 0.895022810
1403636927901666560.000000 3.185463905 7.856308937 8.094846725 -0.424038857 -0.031637650 0.136255309 0.894776344
1403636927951666432.000000 3.190876722 7.890567303 8.109776497 -0.424693227 -0.030383807 0.135507405 0.894623041
1403636928001666560.000000 3.196029186 7.926651478 8.127567291 0.424816191 0.028975395 -0.135655954 -0.894588828
1403636928051666432.000000 3.200659275 7.962863445 8.145106316 0.425264657 0.027162796 -0.134194195 -0.894653082
1403636928101666560.000000 3.205181599 8.000000000 8.163911819 0.425646931 0.022980275 -0.131889060 -0.894931257
1403636928151666432.000000 3.209353447 8.037858963 8.183917999 0.425925434 0.018177096 -0.129475862 -0.895261526
1403636928201666560.000000 3.213363647 8.076350212 8.204889297 0.425917089 0.010775619 -0.127539441 -0.895663083
1403636928251666432.000000 3.221920967 8.112213135 8.213151932 -0.424844086 -0.003624917 0.126495838 0.896377861
1403636928301666560.000000 3.223573685 8.151014328 8.235283852 -0.424180806 0.002845802 0.125731394 0.896802247
1403636928351666432.000000 3.224279165 8.189400673 8.257547379 -0.423729092 0.009543471 0.124138542 0.897191346
1403636928401666560.000000 3.223537922 8.227737427 8.279792786 -0.423333913 0.013117610 0.122591175 0.897545397
1403636928451666432.000000 3.221791983 8.265973091 8.301817894 -0.423043728 0.016013604 0.121409044 0.897795916
1403636928501666560.000000 3.221478939 8.299675941 8.320856094 0.423554331 -0.017023403 -0.118650287 -0.897905409
1403636928551666432.000000 3.223735809 8.344801903 8.341790199 -0.423457831 0.016202010 0.117531307 0.898113251
1403636928601666560.000000 3.224403858 8.379635811 8.360445023 -0.423249096 0.013387165 0.117030986 0.898323357
1403636928651666432.000000 3.226417542 8.413840294 8.378158569 -0.423154950 0.008860648 0.116916388 0.898438632
1403636928701666560.000000 3.230206728 8.447746277 8.395421982 -0.422671527 0.003527472 0.117801346 0.898587346
1403636928751666432.000000 3.235671520 8.481183052 8.412040710 -0.422331512 -0.001996939 0.118684106 0.898635805
1403636928801666560.000000 3.244607449 8.520453453 8.428741455 -0.422089010 -0.006035287 0.118696913 0.898729980
1403636928851666432.000000 3.253931761 8.552471161 8.444272995 -0.421948195 -0.009224326 0.119264051 0.898693919
1403636928901666560.000000 3.265486240 8.584338188 8.459470749 -0.422102988 -0.009864654 0.118826330 0.898672402
1403636928951666432.000000 3.280115128 8.616356850 8.474590302 -0.422829151 -0.007629053 0.116418898 0.898667932
1403636929001666560.000000 3.298528433 8.649672508 8.490657806 0.422478080 -0.000424267 -0.116535291 -0.898850203
1403636929051666432.000000 3.317956448 8.681288719 8.505393982 0.421798676 -0.009335741 -0.117826648 -0.898952603
1403636929101666560.000000 3.338434696 8.712153435 8.519422531 0.420623064 -0.016636452 -0.119851023 -0.899130285
1403636929151666432.000000 3.358781338 8.748744011 8.532444954 -0.419411182 0.022180703 0.122128449 0.899270236
1403636929201666560.000000 3.380331516 8.778718948 8.544450760 -0.418236554 0.025210576 0.124899104 0.899356902
1403636929251666432.000000 3.401189327 8.808238983 8.555637360 -0.416928500 0.026030216 0.128040940 0.899499118
1403636929301666560.000000 3.420804977 8.837770462 8.566143036 -0.415469766 0.026744645 0.131390333 0.899670064
1403636929351666432.000000 3.438492298 8.867393494 8.575954437 -0.414308757 0.026885871 0.133243293 0.899928749
1403636929401666560.000000 3.455098629 8.897627831 8.585035324 0.414280295 -0.025902005 -0.132008970 -0.900152504
1403636929451666432.000000 3.465997696 8.927411079 8.591915131 -0.413856655 0.024984943 0.131515548 0.900445521
1403636929501666560.000000 3.478538513 8.957425117 8.598979950 -0.414728254 0.021774856 0.128049046 0.900627494
1403636929551666432.000000 3.489342213 8.987360954 8.605585098 -0.415807903 0.018634990 0.124212809 0.900737405
1403636929601666560.000000 3.498692513 9.017546654 8.612123489 -0.416770279 0.016477905 0.120230988 0.900874913
1403636929651666432.000000 3.506476879 9.047564507 8.618547440 -0.418134600 0.013203153 0.115667030 0.900894165
1403636929701666560.000000 3.513824701 9.079017639 8.624315262 0.418554425 -0.012432995 -0.112782180 -0.901075959
1403636929751666432.000000 3.519037247 9.108108521 8.630807877 0.419159502 -0.011201987 -0.110080183 -0.901144981
1403636929801666560.000000 3.522593021 9.136528015 8.637681961 0.419316560 -0.009586887 -0.109093025 -0.901210546
1403636929851666432.000000 3.525019646 9.164091110 8.645028114 0.419086605 -0.010459635 -0.109241612 -0.901289821
1403636929901666560.000000 3.522455692 9.184754372 8.652112007 -0.418640137 0.011882576 0.109898023 0.901399851
1403636929951666432.000000 3.525161028 9.210384369 8.659042358 -0.417700171 0.013412309 0.111475840 0.901620686
1403636930001666560.000000 3.529054165 9.235140800 8.665409088 -0.416782349 0.015380483 0.114052437 0.901691794
1403636930051666432.000000 3.534823418 9.259786606 8.671146393 -0.415973544 0.016604595 0.115948468 0.901801705
1403636930101666560.000000 3.542849779 9.283670425 8.675214767 -0.415569782 0.015498960 0.117096663 0.901859224
1403636930151666432.000000 3.552529335 9.305316925 8.677610397 0.414796948 -0.016704202 -0.120229036 -0.901781321
1403636930201666560.000000 3.563118219 9.328273773 8.680039406 0.414400548 -0.016357429 -0.121175990 -0.901843131
1403636930251666432.000000 3.574397564 9.350538254 8.681316376 0.413636804 -0.015540210 -0.123020478 -0.901958466
1403636930301666560.000000 3.586338997 9.372769356 8.681533813 0.413294196 -0.014577569 -0.124934658 -0.901868522
1403636930351666432.000000 3.600381851 9.394810677 8.680348396 0.413413703 -0.014216584 -0.124770388 -0.901842296
1403636930401666560.000000 3.615822077 9.413763046 8.677309036 -0.414603233 0.014316585 0.122207887 0.901645482
1403636930451666432.000000 3.628190994 9.435452461 8.675316811 -0.416222006 0.012249642 0.118280567 0.901453793
1403636930501666560.000000 3.638856411 9.456777573 8.673254013 -0.417159528 0.012167425 0.116095759 0.901305556
1403636930551666432.000000 3.647856236 9.477606773 8.671360016 -0.418010354 0.012344764 0.113600016 0.901226997
1403636930601666560.000000 3.654631615 9.497817993 8.669929504 -0.417949259 0.012170181 0.113286979 0.901297092
1403636930651666432.000000 3.657962322 9.518323898 8.667194366 0.417482346 -0.013946754 -0.114273086 -0.901363313
1403636930701666560.000000 3.660951853 9.537438393 8.665905952 0.416036010 -0.015429066 -0.117574871 -0.901583135
1403636930751666432.000000 3.662651777 9.556061745 8.664546013 0.414535463 -0.017305836 -0.121137641 -0.901768625
1403636930801666560.000000 3.662792921 9.574616432 8.663112640 0.412603319 -0.019606758 -0.126012310 -0.901939571
1403636930851666432.000000 3.661652088 9.593427658 8.661097527 0.411918879 -0.021382324 -0.128046095 -0.901925683
1403636930901666560.000000 3.668617249 9.614939690 8.662538528 -0.411869168 0.023078222 0.132004604 0.901335657
1403636930951666432.000000 3.664222002 9.634066582 8.659137726 -0.412716776 0.025280220 0.137018502 0.900139868
1403636931001666560.000000 3.658664703 9.653387070 8.654326439 -0.414782226 0.027690550 0.142427817 0.898277938
1403636931051666432.000000 3.651853323 9.673194885 8.648208618 -0.418859839 0.028628739 0.145423740 0.895873189
1403636931101666560.000000 3.646087646 9.693795204 8.640233040 -0.424575657 0.029840490 0.143960103 0.893375933
1403636931151666432.000000 3.638345003 9.715543747 8.629121780 0.430718899 -0.031275209 -0.139209405 -0.891136289
1403636931201666560.000000 3.630794525 9.724803925 8.618722916 -0.436857194 0.031634890 0.134375930 0.888874710
1403636931251666432.000000 3.627583981 9.744014740 8.604366302 -0.442380637 0.033570893 0.129132792 0.886846781
1403636931301666560.000000 3.625840425 9.762358665 8.588511467 -0.446522802 0.035842959 0.125416204 0.885213792
1403636931351666432.000000 3.624763489 9.779595375 8.571411133 -0.450469643 0.035391953 0.121507905 0.883776188
1403636931401666560.000000 3.624746799 9.795163155 8.553027153 -0.453779876 0.034755927 0.118743084 0.882482886
1403636931451666432.000000 3.632713795 9.814100266 8.540100098 -0.457366616 0.030987918 0.114873007 0.881283045
1403636931501666560.000000 3.634176970 9.826574326 8.519220352 -0.460623503 0.027640648 0.110173248 0.880297601
1403636931551666432.000000 3.636705875 9.837096214 8.497741699 -0.463791162 0.023894036 0.105218083 0.879349768
1403636931601666560.000000 3.639167309 9.845955849 8.476646423 -0.466375709 0.020272261 0.101006426 0.878567278
1403636931651666432.000000 3.640912056 9.852865219 8.455665588 0.468935817 -0.018139979 -0.096585989 -0.877747893
1403636931701666560.000000 3.641135693 9.857921600 8.436307907 0.469674766 -0.017821627 -0.096126959 -0.877409697
1403636931751666432.000000 3.639016628 9.860823631 8.418361664 0.468067318 -0.017823579 -0.101793244 -0.877629519
1403636931801666560.000000 3.635320902 9.862169266 8.401327133 0.466123074 -0.017337650 -0.108822361 -0.877830505
1403636931851666432.000000 3.630379915 9.862547874 8.385265350 0.464223653 -0.016814712 -0.115068205 -0.878050745
1403636931901666560.000000 3.624131680 9.862163544 8.370042801 0.462840348 -0.015383753 -0.120173000 -0.878123403
1403636931951666432.000000 3.627524137 9.869401932 8.365715981 -0.462225556 0.013405308 0.124078512 0.877936482
1403636932001666560.000000 3.619047165 9.868349075 8.351751328 -0.461539656 0.014323451 0.126804784 0.877893269
1403636932051666432.000000 3.609898090 9.867094994 8.338321686 -0.461959034 0.016238198 0.126352280 0.877704561
1403636932101666560.000000 3.599690437 9.866030693 8.325870514 -0.461729318 0.018840671 0.127021581 0.877676904
1403636932151666432.000000 3.588713169 9.864378929 8.313835144 -0.462044805 0.021350164 0.127070829 0.877446175
1403636932201666560.000000 3.575942516 9.858431816 8.298070908 0.463313848 -0.023026699 -0.124417327 -0.877114832
1403636932251666432.000000 3.566194057 9.854732513 8.283769608 0.465757549 -0.024136290 -0.119414479 -0.876485944
1403636932301666560.000000 3.558013439 9.849992752 8.268873215 0.468611062 -0.024167953 -0.113598153 -0.875736952
1403636932351666432.000000 3.551504612 9.843902588 8.253655434 0.471388340 -0.023229200 -0.108526260 -0.874914646
1403636932401666560.000000 3.546718359 9.836236000 8.238099098 0.473876029 -0.022349903 -0.104497530 -0.874083638
1403636932451666432.000000 3.542958260 9.828082085 8.221048355 -0.476186216 0.022293312 0.102720901 0.873039603
1403636932501666560.000000 3.541084766 9.816542625 8.204681396 -0.478997290 0.022123836 0.103570215 0.871404231
1403636932551666432.000000 3.540575504 9.802964211 8.187870026 -0.482538074 0.021418629 0.106904142 0.869062603
1403636932601666560.000000 3.541928291 9.786854744 8.170164108 -0.487312466 0.021580091 0.111247405 0.865843475
1403636932651666432.000000 3.545716286 9.768792152 8.152166367 0.492225051 -0.022343433 -0.118037663 -0.862138331
1403636932701666560.000000 3.551125288 9.750447273 8.134274483 0.497170269 -0.024634480 -0.123605222 -0.858450174
1403636932751666432.000000 3.557788372 9.730983734 8.116189957 0.502441227 -0.025430420 -0.127210066 -0.854823887
1403636932801666560.000000 3.565948963 9.709736824 8.097469330 0.506969094 -0.026734460 -0.130651757 -0.851585507
1403636932851666432.000000 3.569895267 9.683654785 8.069969177 -0.511503100 0.026530776 0.133418337 0.848445773
1403636932901666560.000000 3.577653408 9.660058975 8.051282883 -0.515300691 0.025110476 0.136718020 0.845661223
1403636932951666432.000000 3.583215714 9.635909081 8.033399582 -0.518615425 0.023572199 0.139225125 0.843266726
1403636933001666560.000000 3.585188389 9.611594200 8.016946793 -0.521988392 0.021911561 0.142123401 0.840743124
1403636933051666432.000000 3.583367109 9.587234497 8.002227783 0.526681364 -0.020669166 -0.144367233 -0.837459028
1403636933101666560.000000 3.578339100 9.562224388 7.988518238 0.531024992 -0.020151136 -0.146989465 -0.834266424
1403636933151666432.000000 3.571063519 9.536857605 7.975828171 0.534655392 -0.018564619 -0.149516195 -0.831531107
1403636933201666560.000000 3.561244249 9.510584831 7.964029789 0.536323130 -0.013560680 -0.155774787 -0.829402149
1403636933251666432.000000 3.549802542 9.483854294 7.952693462 0.537596881 -0.004884331 -0.161898121 -0.827499151
1403636933301666560.000000 3.533554792 9.451747894 7.932631493 -0.537883937 -0.004064886 0.168297231 0.826039076
1403636933351666432.000000 3.521171808 9.425687790 7.922904968 -0.537543654 -0.010137402 0.174295262 0.824963868
1403636933401666560.000000 3.508960247 9.400711060 7.913887501 -0.537528634 -0.013124763 0.177759856 0.824191868
1403636933451666432.000000 3.497127533 9.377015114 7.905195236 -0.538188577 -0.011525178 0.177958041 0.823742211
1403636933501666560.000000 3.485159397 9.354646683 7.897159576 -0.538931727 -0.008966985 0.176619947 0.823576152
1403636933551666432.000000 3.473857164 9.334403038 7.892459393 0.540077448 0.005387019 -0.173622802 -0.823494136
1403636933601666560.000000 3.463962793 9.313952446 7.885766506 0.540529907 0.001242499 -0.171451181 -0.823668897
1403636933651666432.000000 3.455484629 9.293642044 7.878706932 0.541138291 -0.002345932 -0.168398872 -0.823896706
1403636933701666560.000000 3.448415756 9.274184227 7.871632576 0.541474342 -0.005825189 -0.165811241 -0.824183464
1403636933751666432.000000 3.443620443 9.255188942 7.864159584 0.541922092 -0.008859840 -0.162312806 -0.824558437
1403636933801666560.000000 3.452670813 9.252173424 7.844957352 -0.540374279 0.010788732 0.160097241 0.825983167
1403636933851666432.000000 3.451149702 9.232981682 7.836710930 -0.539740443 0.014787060 0.159633860 0.826425195
1403636933901666560.000000 3.450890064 9.213611603 7.827686787 -0.539993227 0.017630028 0.159417465 0.826246142
1403636933951666432.000000 3.451205492 9.193929672 7.818201542 -0.541169822 0.018889710 0.160826191 0.825174809
1403636934001666560.000000 3.451872826 9.173997879 7.808114529 -0.543687999 0.020202538 0.163324863 0.822994769
1403636934051666432.000000 3.450335264 9.154938698 7.798838139 0.547811091 -0.021451278 -0.165985912 -0.819689989
1403636934101666560.000000 3.446005821 9.135276794 7.788958073 0.554084957 -0.021394912 -0.168344617 -0.814979911
1403636934151666432.000000 3.437828541 9.115760803 7.779604912 0.562118173 -0.021386914 -0.170355529 -0.809039414
1403636934201666560.000000 3.426230907 9.096073151 7.770936489 0.570886731 -0.021647593 -0.172723785 -0.802362919
1403636934251666432.000000 3.413815975 9.070889473 7.762398720 0.580324650 -0.021673204 -0.175634786 -0.794925213
1403636934301666560.000000 3.398311853 9.050483704 7.754198074 0.589997053 -0.022530710 -0.178885505 -0.787017047
1403636934351666432.000000 3.382354736 9.029761314 7.746253014 0.599736035 -0.024955967 -0.183572486 -0.778456807
1403636934401666560.000000 3.366410017 9.008387566 7.738371849 0.608739555 -0.027861720 -0.190494850 -0.769656837
1403636934451666432.000000 3.351416111 8.986614227 7.729680061 0.617412984 -0.030025389 -0.198571846 -0.760571539
1403636934501666560.000000 3.336447477 8.964134216 7.719005585 0.626982450 -0.032638058 -0.204026759 -0.751133084
1403636934551666432.000000 3.324397326 8.941513062 7.707307816 0.636493325 -0.033706412 -0.209481984 -0.741523802
1403636934601666560.000000 3.313580513 8.922007561 7.695826530 0.646636128 -0.033791419 -0.212859809 -0.731717646
1403636934651666432.000000 3.306209564 8.898249626 7.681007385 0.655532897 -0.034794573 -0.217080742 -0.722455502
1403636934701666560.000000 3.300813437 8.873587608 7.664758682 0.663108826 -0.031580802 -0.220878065 -0.714494348
1403636934751666432.000000 3.297369719 8.848769188 7.647311211 0.669862330 -0.027199339 -0.223166808 -0.707630754
1403636934801666560.000000 3.295661926 8.823640823 7.628864288 0.675211966 -0.021823101 -0.224835455 -0.702183485
1403636934851666432.000000 3.292283773 8.804977417 7.611392975 0.679745853 -0.016111046 -0.225970209 -0.697584093
1403636934901666560.000000 3.294650793 8.779808044 7.591922760 0.682917714 -0.011900845 -0.227653936 -0.694014013
1403636934951666432.000000 3.298813820 8.755088806 7.572239876 0.685191274 -0.009281959 -0.228992924 -0.691367567
1403636935001666560.000000 3.305272102 8.731196404 7.552454948 0.686886370 -0.006871112 -0.229131550 -0.689665675
1403636935051666432.000000 3.313641310 8.707505226 7.531765938 0.688565433 -0.006979930 -0.226910457 -0.688723981
1403636935101666560.000000 3.324249506 8.684810638 7.511274338 0.689417541 -0.010052918 -0.224531144 -0.688613236
1403636935151666432.000000 3.336107731 8.662776947 7.490741730 0.689796507 -0.014222264 -0.222041696 -0.688967407
1403636935201666560.000000 3.347623110 8.641168594 7.470767021 0.689162433 -0.019454530 -0.221288502 -0.689716041
1403636935251666432.000000 3.357638597 8.619849205 7.451301575 0.688338935 -0.022088356 -0.220700860 -0.690646708
1403636935301666560.000000 3.362306356 8.617219925 7.434607506 0.686957300 -0.025143277 -0.220786601 -0.691889346
1403636935351666432.000000 3.368632078 8.596215248 7.416000366 0.685606658 -0.027282014 -0.220933169 -0.693100154
1403636935401666560.000000 3.372862577 8.575644493 7.397727013 0.684057415 -0.028054301 -0.221908703 -0.694287360
1403636935451666432.000000 3.375310898 8.555377960 7.379774094 0.682764649 -0.028694265 -0.222041547 -0.695490181
1403636935501666560.000000 3.376144648 8.535475731 7.361980438 0.681817174 -0.029164037 -0.221535191 -0.696560800
1403636935551666432.000000 3.374355555 8.509486198 7.341684341 0.680672288 -0.029178139 -0.221318766 -0.697747707
1403636935601666560.000000 3.370834827 8.487570763 7.323727608 0.679788888 -0.029725758 -0.221246764 -0.698608220
1403636935651666432.000000 3.365209341 8.465400696 7.306042671 0.678881228 -0.029953854 -0.221151799 -0.699510515
1403636935701666560.000000 3.357983828 8.443235397 7.288209915 0.678454459 -0.029672157 -0.220163748 -0.700247884
1403636935751666432.000000 3.348640680 8.421616554 7.270662308 0.677411735 -0.026551673 -0.221853688 -0.700849056
1403636935801666560.000000 3.344835520 8.428023338 7.264609337 0.676289797 -0.021556497 -0.223444238 -0.701598287
1403636935851666432.000000 3.331666946 8.407492638 7.247341156 0.675305665 -0.017198900 -0.225541592 -0.701995373
1403636935901666560.000000 3.317111492 8.387579918 7.230292320 0.674030483 -0.012662941 -0.228342488 -0.702411830
1403636935951666432.000000 3.300297737 8.368262291 7.213372231 0.671609759 -0.007787871 -0.234361455 -0.702818930
1403636936001666560.000000 3.282639027 8.350130081 7.196879387 0.669809341 -0.002390945 -0.239391610 -0.702880859
1403636936051666432.000000 3.239206791 8.320616722 7.179544926 0.668372810 -0.000762291 -0.242436036 -0.703208327
1403636936101666560.000000 3.220365524 8.305018425 7.162224293 0.667577446 0.001590489 -0.244108960 -0.703383684
1403636936151666432.000000 3.201427460 8.291860580 7.144750118 0.667897761 0.002670376 -0.243307069 -0.703354299
1403636936201666560.000000 3.182883739 8.280459404 7.126979351 0.668898582 0.002781537 -0.241189450 -0.703132093
1403636936251666432.000000 3.166007996 8.272170067 7.108667850 0.670206904 0.002027901 -0.238279641 -0.702880800
1403636936301666560.000000 3.150581360 8.263566017 7.089413166 0.671889126 -0.001496217 -0.234102547 -0.702679753
1403636936351666432.000000 3.136245012 8.255334854 7.069743156 0.673362851 -0.005786871 -0.230898574 -0.702306867
1403636936401666560.000000 3.123544931 8.248230934 7.049707890 0.675008893 -0.008677381 -0.227242514 -0.701889277
1403636936451666432.000000 3.122101784 8.259809494 7.040568829 0.676256239 -0.013784438 -0.225283191 -0.701238215
1403636936501666560.000000 3.113643646 8.253315926 7.019794464 0.678202808 -0.016159127 -0.220954821 -0.700684547
1403636936551666432.000000 3.106536865 8.248072624 6.998704910 0.679215491 -0.018972019 -0.219592750 -0.700061083
1403636936601666560.000000 3.100097418 8.243766785 6.977922916 0.680472672 -0.020436630 -0.218294114 -0.699204564
1403636936651666432.000000 3.092787027 8.241190910 6.958187103 0.681278884 -0.021260640 -0.218683004 -0.698272765
1403636936701666560.000000 3.082785368 8.236237526 6.937901974 0.681983829 -0.021377640 -0.218847767 -0.697529137
1403636936751666432.000000 3.072391510 8.232517242 6.918722153 0.682872295 -0.021066215 -0.218056783 -0.696916819
1403636936801666560.000000 3.060770273 8.229061127 6.899960995 0.683711886 -0.020801039 -0.217594057 -0.696245849
1403636936851666432.000000 3.050607443 8.238460541 6.890438557 0.684823573 -0.018339772 -0.217212528 -0.695340991
1403636936901666560.000000 3.040304661 8.235792160 6.871844769 0.685770452 -0.017753275 -0.216091603 -0.694772005
1403636936951666432.000000 3.031614542 8.233504295 6.853300095 0.686368465 -0.016586576 -0.215764925 -0.694311738
1403636937001666560.000000 3.025180101 8.231176376 6.834331036 0.687039733 -0.015338928 -0.214686677 -0.694010735
1403636937051666432.000000 3.020616293 8.228744507 6.815346241 0.687693179 -0.014222792 -0.214076489 -0.693575621
1403636937101666560.000000 3.020483732 8.226886749 6.797004700 0.687790632 -0.014300413 -0.215235144 -0.693118632
1403636937151666432.000000 3.019933701 8.224179268 6.778119564 0.687610626 -0.015737873 -0.216563553 -0.692852259
1403636937201666560.000000 3.020740747 8.222034454 6.759348869 0.687283516 -0.017883044 -0.218797758 -0.692422628
1403636937251666432.000000 3.020799398 8.220043182 6.740866184 0.687235415 -0.018417411 -0.220165223 -0.692022860
1403636937301666560.000000 3.019505501 8.218563080 6.722697258 0.687555671 -0.018381115 -0.220203131 -0.691693485
1403636937351666432.000000 3.009778976 8.216720581 6.711538315 0.687932670 -0.019725980 -0.219964668 -0.691357493
1403636937401666560.000000 3.005280495 8.215961456 6.694732189 0.688381732 -0.019436697 -0.220049188 -0.690891683
1403636937451666432.000000 2.999339342 8.215457916 6.678590298 0.688551366 -0.019638786 -0.220525667 -0.690564930
1403636937501666560.000000 2.991705418 8.215163231 6.663307190 0.688988745 -0.019692197 -0.220226228 -0.690222561
1403636937551666432.000000 2.983886242 8.214214325 6.647406578 0.689607680 -0.019823382 -0.219588801 -0.689803660
1403636937601666560.000000 2.974286318 8.214077950 6.632830620 0.690095127 -0.019340282 -0.219361499 -0.689402103
1403636937651666432.000000 2.963563204 8.213927269 6.618632317 0.691283822 -0.016837789 -0.217398822 -0.688898385
1403636937701666560.000000 2.951665640 8.214168549 6.605272293 0.692746401 -0.013611209 -0.214668915 -0.688356340
1403636937751666432.000000 2.935107946 8.204467773 6.598040104 0.694671869 -0.010377033 -0.210554183 -0.687742889
1403636937801666560.000000 2.921196938 8.205430031 6.587082386 0.695825398 -0.008693619 -0.208608553 -0.687192857
1403636937851666432.000000 2.906747103 8.206675529 6.577321529 0.697160125 -0.010492212 -0.205885187 -0.686635971
1403636937901666560.000000 2.891770124 8.207819939 6.568434715 0.699379802 -0.012355930 -0.200595111 -0.685913146
1403636937951666432.000000 2.875961781 8.208579063 6.560986519 0.701453626 -0.013960936 -0.195972443 -0.685100615
1403636938001666560.000000 2.858890295 8.199660301 6.557430267 0.703551769 -0.016060375 -0.191113830 -0.684275210
1403636938051666432.000000 2.842298746 8.199339867 6.553364754 0.705263019 -0.018784288 -0.187745050 -0.683376193
1403636938101666560.000000 2.824956179 8.197852135 6.550870895 0.707167745 -0.022462653 -0.186083853 -0.681749225
1403636938151666432.000000 2.807074785 8.194799423 6.549846649 0.709137321 -0.027193077 -0.186501667 -0.679413021
1403636938201666560.000000 2.790082455 8.189614296 6.550674438 0.709878922 -0.032657415 -0.189764529 -0.677491665
1403636938251666432.000000 2.774344921 8.184106827 6.551535606 0.710600674 -0.037331317 -0.193133965 -0.675538599
1403636938301666560.000000 2.760250807 8.176836014 6.552616119 0.710429668 -0.043316372 -0.198462620 -0.673814535
1403636938351666432.000000 2.747332096 8.167462349 6.553840637 0.708342433 -0.050704028 -0.208338231 -0.672514200
1403636938401666560.000000 2.735569239 8.155427933 6.554182053 0.705799639 -0.057208464 -0.218881860 -0.671315789
1403636938451666432.000000 2.721893311 8.121497154 6.553885937 0.702903271 -0.062431622 -0.230118573 -0.670130491
1403636938501666560.000000 2.712650299 8.106469154 6.550454140 0.701168299 -0.064537719 -0.238288745 -0.668891907
1403636938551666432.000000 2.704192400 8.089911461 6.544428349 0.700069129 -0.062889986 -0.244781420 -0.667854846
1403636938601666560.000000 2.696786404 8.072751045 6.535739422 0.699799001 -0.061526489 -0.248769090 -0.666790724
1403636938651666432.000000 2.689919710 8.054327011 6.524417400 0.699322939 -0.060906410 -0.252037108 -0.666119516
1403636938701666560.000000 2.683903456 8.038082123 6.510598183 0.700158298 -0.059366543 -0.251987427 -0.665399373
1403636938751666432.000000 2.678680897 8.019906998 6.494102955 0.701297224 -0.056635212 -0.251149386 -0.664754689
1403636938801666560.000000 2.673668146 8.001171112 6.475609303 0.702740848 -0.052785370 -0.249222547 -0.664271891
1403636938851666432.000000 2.670300007 7.963031769 6.455695629 0.704694271 -0.048155643 -0.245749146 -0.663848162
1403636938901666560.000000 2.664880514 7.943428040 6.434071064 0.706320226 -0.040776189 -0.242644817 -0.663756371
1403636938951666432.000000 2.658779621 7.923356056 6.411569118 0.707377076 -0.034489959 -0.241133660 -0.663538039
1403636939001666560.000000 2.651737928 7.903190613 6.388942242 0.708836257 -0.028919222 -0.238217667 -0.663300276
1403636939051666432.000000 2.643036842 7.883040428 6.366407871 0.709173143 -0.025211884 -0.237393990 -0.663386762
1403636939101666560.000000 2.633241415 7.864172935 6.344772339 0.709724784 -0.024358748 -0.235545665 -0.663487554
1403636939151666432.000000 2.626089334 7.853873253 6.321463108 0.709846735 -0.025073458 -0.234235555 -0.663794160
1403636939201666560.000000 2.613785982 7.835875988 6.299936771 0.709982336 -0.026096690 -0.232716978 -0.664143741
1403636939251666432.000000 2.600322247 7.818023205 6.278971195 0.709777594 -0.026923154 -0.231805816 -0.664648056
1403636939301666560.000000 2.585984468 7.800168037 6.258270264 0.709613979 -0.028311228 -0.230349422 -0.665271103
1403636939351666432.000000 2.570135117 7.781552315 6.237948418 0.709165215 -0.028656835 -0.229204804 -0.666129708
1403636939401666560.000000 2.555074930 7.763620377 6.217259884 0.708499670 -0.028774802 -0.228376448 -0.667116582
1403636939451666432.000000 2.543793440 7.737841129 6.190777779 0.707928300 -0.029201334 -0.226729691 -0.668265402
1403636939501666560.000000 2.532149553 7.719163418 6.168883324 0.707796037 -0.030986039 -0.224007919 -0.669242263
1403636939551666432.000000 2.522419214 7.699750423 6.146385193 0.708081543 -0.033002909 -0.220304206 -0.670072794
1403636939601666560.000000 2.514900208 7.679367542 6.123162270 0.708500743 -0.035460658 -0.216215953 -0.670835257
1403636939651666432.000000 2.509280920 7.658182621 6.099484444 0.708482862 -0.039200053 -0.213730931 -0.671442211
1403636939701666560.000000 2.505266666 7.631978035 6.073909760 0.708176970 -0.041882481 -0.213378176 -0.671715021
1403636939751666432.000000 2.499767780 7.607971668 6.049830437 0.708411813 -0.042454291 -0.212096304 -0.671837449
1403636939801666560.000000 2.493135452 7.583168507 6.026247978 0.708587110 -0.042397767 -0.211357623 -0.671888888
1403636939851666432.000000 2.484500647 7.557374001 6.003220081 0.708493412 -0.041192960 -0.212099791 -0.671828866
1403636939901666560.000000 2.475139141 7.530188560 5.981018066 0.707714081 -0.042014144 -0.214632422 -0.671795011
1403636939951666432.000000 2.463248491 7.502366066 5.959068775 0.707926631 -0.043290310 -0.217511058 -0.670563042
1403636940001666560.000000 2.451159239 7.472270012 5.936573982 0.709574342 -0.043740887 -0.220041931 -0.667961538
1403636940051666432.000000 2.436010838 7.442884922 5.914841652 0.711662710 -0.042856924 -0.222816199 -0.664870322
1403636940101666560.000000 2.419323444 7.412850857 5.893342495 0.713844180 -0.042178415 -0.225459844 -0.661676168
1403636940151666432.000000 2.401110649 7.382272243 5.872348785 0.715296090 -0.041677415 -0.229484901 -0.658749819
1403636940201666560.000000 2.381446838 7.351862907 5.851127625 0.716425478 -0.041481581 -0.232720256 -0.656395555
1403636940251666432.000000 2.361311436 7.320687294 5.829929829 0.717759848 -0.041495956 -0.234978780 -0.654128313
1403636940301666560.000000 2.342374802 7.288126945 5.806907177 0.719409645 -0.041531079 -0.235910147 -0.651974976
1403636940351666432.000000 2.320557594 7.256622791 5.785343170 0.721253514 -0.041485514 -0.235919312 -0.649934173
1403636940401666560.000000 2.297799587 7.224700928 5.763737202 0.722505212 -0.042511538 -0.237076521 -0.648053765
1403636940451666432.000000 2.274807930 7.191926956 5.741754055 0.723865271 -0.042927917 -0.237487733 -0.646355867
1403636940501666560.000000 2.252010345 7.159359455 5.719655037 0.724875808 -0.042701058 -0.238524303 -0.644854963
1403636940551666432.000000 2.235583067 7.126912117 5.696429253 0.725403130 -0.041340481 -0.241103441 -0.643389881
1403636940601666560.000000 2.215693712 7.092750072 5.672034740 0.725325048 -0.037578203 -0.244596153 -0.642389476
1403636940651666432.000000 2.197675943 7.058460712 5.646262646 0.725893736 -0.033202197 -0.246507838 -0.641256452
1403636940701666560.000000 2.181850910 7.024436951 5.619368076 0.726384997 -0.028308669 -0.247827515 -0.640425682
1403636940751666432.000000 2.167780399 6.988920212 5.591478348 0.726342440 -0.024206489 -0.249669969 -0.639926255
1403636940801666560.000000 2.155985355 6.957732677 5.560959339 0.726437807 -0.020822853 -0.250779688 -0.639503002
1403636940851666432.000000 2.145693779 6.923984528 5.531347752 0.726815283 -0.018307801 -0.251195490 -0.638987720
1403636940901666560.000000 2.137105465 6.890456676 5.501245975 0.727173328 -0.015056671 -0.250750005 -0.638840199
1403636940951666432.000000 2.130153656 6.858067036 5.470624924 0.727621615 -0.013044680 -0.250066400 -0.638641953
1403636941001666560.000000 2.125139952 6.825693607 5.437997818 0.727994680 -0.014964645 -0.248386577 -0.638830185
1403636941051666432.000000 2.121891499 6.795401573 5.405826569 0.728463650 -0.015360839 -0.246778309 -0.638909459
1403636941101666560.000000 2.119984388 6.765538692 5.373290539 0.729346931 -0.016834259 -0.244419217 -0.638771534
1403636941151666432.000000 2.118772984 6.736441612 5.340819359 0.729600906 -0.018365927 -0.242877096 -0.639027357
1403636941201666560.000000 2.118081570 6.707732201 5.308546543 0.729821682 -0.019171907 -0.241281778 -0.639355958
1403636941251666432.000000 2.115839958 6.691287041 5.273286343 0.729548216 -0.021273114 -0.239562988 -0.640247226
1403636941301666560.000000 2.114659786 6.663483143 5.241670609 0.729857504 -0.022885706 -0.236844823 -0.640850127
1403636941351666432.000000 2.112253428 6.636259556 5.210740566 0.729664922 -0.023720644 -0.234711930 -0.641823053
1403636941401666560.000000 2.108563423 6.609045029 5.180735111 0.729271173 -0.024289219 -0.233075649 -0.642844796
1403636941451666432.000000 2.103793621 6.582206726 5.151151657 0.728972316 -0.024868727 -0.231125206 -0.643864930
1403636941501666560.000000 2.098466873 6.555027485 5.121754646 0.728056908 -0.025399325 -0.230250984 -0.645191848
1403636941551666432.000000 2.091199636 6.527878284 5.093606949 0.727491736 -0.024568489 -0.229199141 -0.646235228
1403636941601666560.000000 2.082916260 6.500904560 5.066353798 0.726477921 -0.023923973 -0.229435787 -0.647314966
1403636941651666432.000000 2.073798656 6.474092007 5.039718628 0.725879550 -0.023597939 -0.229059756 -0.648130953
1403636941701666560.000000 2.063629866 6.447194576 5.013895988 0.725106657 -0.022549188 -0.229152918 -0.648999929
1403636941751666432.000000 2.044023037 6.428887844 4.983965397 0.724337995 -0.022179907 -0.228488356 -0.650104403
1403636941801666560.000000 2.034258842 6.402515888 4.958506107 0.723314583 -0.022122886 -0.229426429 -0.650914907
1403636941851666432.000000 2.026624918 6.375562191 4.932663441 0.722607017 -0.022060875 -0.229687750 -0.651610255
1403636941901666560.000000 2.020025492 6.348759651 4.906703949 0.721665561 -0.021308813 -0.231354386 -0.652088940
1403636941951666432.000000 2.015360355 6.322328568 4.880298615 0.720969141 -0.020779843 -0.232054576 -0.652627349
1403636942001666560.000000 2.014691591 6.295253277 4.851242065 0.719938874 -0.022109563 -0.233976096 -0.653034806
1403636942051666432.000000 2.012549400 6.268601418 4.823900223 0.719063103 -0.024154183 -0.235451311 -0.653397024
1403636942101666560.000000 2.010969639 6.241669655 4.796140194 0.718973517 -0.024737123 -0.235818073 -0.653341472
1403636942151666432.000000 2.009184361 6.214920998 4.768404007 0.718721807 -0.026316550 -0.236401603 -0.653345764
1403636942201666560.000000 2.006160736 6.188012123 4.741011620 0.718811154 -0.027707191 -0.236472294 -0.653164446
1403636942251666432.000000 1.998813868 6.165971756 4.717435837 0.718768954 -0.029204955 -0.237278476 -0.652853131
1403636942301666560.000000 1.992467761 6.139508724 4.690802574 0.718888819 -0.030878199 -0.237893149 -0.652420402
1403636942351666432.000000 1.984440923 6.112995148 4.664505482 0.718982458 -0.033134349 -0.238797933 -0.651875675
1403636942401666560.000000 1.974678636 6.084761620 4.636703968 0.718698263 -0.035353869 -0.240756109 -0.651351988
1403636942451666432.000000 1.963052988 6.057851315 4.610062599 0.718584895 -0.036543675 -0.242495954 -0.650765777
1403636942501666560.000000 1.949961782 6.031045914 4.583489895 0.718570232 -0.037182320 -0.244653463 -0.649937749
1403636942551666432.000000 1.935289741 6.004259109 4.556773663 0.718086302 -0.036419231 -0.247444138 -0.649459124
1403636942601666560.000000 1.919434428 5.977691650 4.529718399 0.718367398 -0.035140444 -0.248890057 -0.648665667
1403636942651666432.000000 1.902327895 5.951416492 4.502532482 0.718361974 -0.032876819 -0.250707805 -0.648090184
1403636942701666560.000000 1.884178877 5.925386429 4.475029945 0.719045699 -0.028890945 -0.250837594 -0.647471428
1403636942751666432.000000 1.869406819 5.910978317 4.453025341 0.719694316 -0.026440315 -0.251231283 -0.646702290
1403636942801666560.000000 1.851018786 5.885958195 4.424776554 0.720514178 -0.024630489 -0.250604957 -0.646103621
1403636942851666432.000000 1.834558487 5.861866474 4.395395756 0.722040832 -0.023995129 -0.247940749 -0.645450771
1403636942901666560.000000 1.820241928 5.837923527 4.365169048 0.723891318 -0.024315191 -0.244374156 -0.644725919
1403636942951666432.000000 1.805934668 5.813013554 4.331815720 0.725309312 -0.023484007 -0.241626650 -0.644198418
1403636943001666560.000000 1.795188785 5.789265156 4.299578190 0.726219177 -0.024451202 -0.239942819 -0.643766522
1403636943051666432.000000 1.786576271 5.765331745 4.266798973 0.727508068 -0.024789849 -0.236948475 -0.643407345
1403636943101666560.000000 1.783534288 5.750924587 4.236756325 0.728762865 -0.025506049 -0.235530257 -0.642479300
1403636943151666432.000000 1.777112603 5.727405071 4.204005241 0.729405046 -0.027630324 -0.235126674 -0.641810179
1403636943201666560.000000 1.769964337 5.703509331 4.171975136 0.730078042 -0.028467426 -0.234270409 -0.641321361
1403636943251666432.000000 1.761801481 5.679634094 4.140458107 0.730605483 -0.028435126 -0.234264374 -0.640724123
1403636943301666560.000000 1.751480341 5.655344963 4.108348846 0.731697619 -0.028069595 -0.233220786 -0.639874160
1403636943351666432.000000 1.740280151 5.630756378 4.078135490 0.732778132 -0.027618365 -0.232364193 -0.638968170
1403636943401666560.000000 1.728087306 5.606021881 4.048995018 0.733667135 -0.028545819 -0.231793821 -0.638113916
1403636943451666432.000000 1.717432737 5.590646744 4.021240711 0.734376192 -0.028278038 -0.231978148 -0.637242615
1403636943501666560.000000 1.702962995 5.565935612 3.993926525 0.735225201 -0.028194556 -0.231101513 -0.636585474
1403636943551666432.000000 1.686868191 5.540848732 3.967599869 0.735924959 -0.027902355 -0.230729461 -0.635924399
1403636943601666560.000000 1.669868588 5.515539646 3.942117214 0.736857891 -0.027508184 -0.229351342 -0.635359526
1403636943651666432.000000 1.652197957 5.489504814 3.918200493 0.737644911 -0.026558822 -0.228186578 -0.634905934
1403636943701666560.000000 1.633146048 5.463576794 3.894395351 0.738121331 -0.027874790 -0.227701649 -0.634469807
1403636943751666432.000000 1.612714171 5.437196255 3.871634007 0.738669813 -0.027420608 -0.227551341 -0.633904934
1403636943801666560.000000 1.593318105 5.422918797 3.848182678 0.739008963 -0.026357640 -0.227158383 -0.633695602
1403636943851666432.000000 1.570783019 5.396304607 3.828179836 0.737515152 -0.026300488 -0.228565857 -0.634931087
1403636943901666560.000000 1.547150493 5.369724274 3.809576988 0.734482467 -0.023879370 -0.231182396 -0.637589276
1403636943951666432.000000 1.522345901 5.343095779 3.792143822 0.729621768 -0.019670825 -0.236055985 -0.641515970
1403636944001666560.000000 1.496298790 5.319542885 3.774697304 0.724593222 -0.014012966 -0.241452187 -0.645344317
1403636944051666432.000000 1.472380757 5.299701214 3.758332253 0.719762206 -0.008229776 -0.246615559 -0.648887932
1403636944101666560.000000 1.448351145 5.275468826 3.741090298 0.715220451 -0.001563521 -0.251949906 -0.651903808
1403636944151666432.000000 1.426654220 5.252680779 3.723268032 0.711447358 0.002666189 -0.255310714 -0.654715240
1403636944201666560.000000 1.407333374 5.231869698 3.704700470 0.708964884 0.006272930 -0.256428897 -0.656942725
1403636944251666432.000000 1.389424801 5.212646961 3.684993267 0.706490636 0.006677818 -0.257725060 -0.659093440
1403636944301666560.000000 1.375280380 5.195480824 3.664746761 0.705564499 0.006364780 -0.255928636 -0.660786569
1403636944351666432.000000 1.362819076 5.180808544 3.643944740 0.705122590 0.003251571 -0.252945900 -0.662427306
1403636944401666560.000000 1.352541924 5.168295860 3.622552395 0.705258608 -0.000431118 -0.249110997 -0.663742423
1403636944451666432.000000 1.343949199 5.156901836 3.600572109 0.706706643 -0.002722756 -0.242062494 -0.664803803
1403636944501666560.000000 1.337186217 5.146776199 3.578176022 0.708357096 -0.005862957 -0.234541088 -0.665722549
1403636944551666432.000000 1.323706031 5.123888493 3.555388927 0.711066008 -0.007139506 -0.224702641 -0.666215420
1403636944601666560.000000 1.320110440 5.114505291 3.533874035 0.713228285 -0.006749907 -0.216313809 -0.666684568
1403636944651666432.000000 1.317683816 5.105003834 3.513436794 0.714514673 -0.004899460 -0.209475383 -0.667506516
1403636944701666560.000000 1.316822648 5.095833302 3.494463921 0.714220881 -0.003972996 -0.204119548 -0.669483423
1403636944751666432.000000 1.316268563 5.085269451 3.474145889 0.711778760 -0.006514278 -0.204215974 -0.672030091
1403636944801666560.000000 1.318158746 5.075195312 3.456883430 0.709213316 -0.009696981 -0.205175474 -0.674407542
1403636944851666432.000000 1.322191119 5.064898491 3.440355301 0.706955612 -0.012800266 -0.205772206 -0.676541030
1403636944901666560.000000 1.327596307 5.054352283 3.424732208 0.704629362 -0.015169917 -0.207641110 -0.678345442
1403636944951666432.000000 1.333404064 5.043638229 3.410287857 0.702778697 -0.017968057 -0.208690330 -0.679873347
1403636945001666560.000000 1.337668896 5.032586575 3.397369862 0.701572835 -0.018856797 -0.208680540 -0.681096554
1403636945051666432.000000 1.337428093 5.016676426 3.392707348 0.700923502 -0.019497735 -0.208572343 -0.681779861
1403636945101666560.000000 1.335800767 5.005717278 3.383422375 0.700195193 -0.019977536 -0.208013386 -0.682684422
1403636945151666432.000000 1.331165791 4.993591309 3.375833035 0.699449897 -0.020017628 -0.208201289 -0.683389664
1403636945201666560.000000 1.325160027 4.980771065 3.369032860 0.698950052 -0.019826468 -0.207800776 -0.684028208
1403636945251666432.000000 1.319605947 4.970292091 3.359226704 0.698342919 -0.020173991 -0.207450897 -0.684744000
1403636945301666560.000000 1.314362049 4.957756996 3.352690220 0.697905600 -0.020310104 -0.207780421 -0.685085893
1403636945351666432.000000 1.310986876 4.944519043 3.346212387 0.697796762 -0.020183066 -0.207586974 -0.685259163
1403636945401666560.000000 1.309535384 4.930525780 3.340010643 0.697807729 -0.019113569 -0.207718030 -0.685238838
1403636945451666432.000000 1.309990525 4.915876865 3.334183216 0.698013604 -0.019368112 -0.207603127 -0.685056865
1403636945501666560.000000 1.311088204 4.900443554 3.329081535 0.698213518 -0.019381966 -0.208060637 -0.684713900
1403636945551666432.000000 1.309602737 4.874266624 3.330917835 0.698343933 -0.019458948 -0.210069478 -0.683964849
1403636945601666560.000000 1.308443546 4.857659817 3.327937603 0.697827578 -0.017066650 -0.213729411 -0.683421612
1403636945651666432.000000 1.305587292 4.840662956 3.326279640 0.697128534 -0.011910116 -0.218278334 -0.682806313
1403636945701666560.000000 1.301167846 4.823710442 3.325695515 0.695918620 -0.006047556 -0.224407271 -0.682130516
1403636945751666432.000000 1.295360208 4.809467793 3.323474884 0.695029795 0.000315295 -0.229233578 -0.681458414
1403636945801666560.000000 1.288451791 4.795316219 3.324255466 0.693833649 0.006149441 -0.234577700 -0.680830657
1403636945851666432.000000 1.281241655 4.782722473 3.325714588 0.693610847 0.009168029 -0.237256885 -0.680095017
1403636945901666560.000000 1.273885489 4.771822929 3.328093052 0.693659186 0.008428726 -0.239030108 -0.679434061
1403636945951666432.000000 1.265414715 4.755942345 3.331690311 0.695463777 0.006145850 -0.235514775 -0.678841114
1403636946001666560.000000 1.257293940 4.748056889 3.335538864 0.697642267 0.000973777 -0.230206192 -0.678453684
1403636946051666432.000000 1.248584151 4.740871906 3.340393066 0.699979246 -0.003777808 -0.224984527 -0.677788198
1403636946101666560.000000 1.237898350 4.734184265 3.346654892 0.701220632 -0.005922243 -0.223003507 -0.677144051
1403636946151666432.000000 1.226157784 4.729788780 3.353804111 0.702329934 -0.007765934 -0.221681446 -0.676409423
1403636946201666560.000000 1.212918758 4.724693298 3.361904144 0.703103483 -0.009408342 -0.221640259 -0.675597966
1403636946251666432.000000 1.198712707 4.719942570 3.370749950 0.704626083 -0.010483684 -0.219210833 -0.674787998
1403636946301666560.000000 1.183107495 4.714958668 3.380434036 0.705881655 -0.012693160 -0.217158422 -0.674101055
1403636946351666432.000000 1.165883660 4.709971905 3.390997410 0.707556307 -0.013402578 -0.215034693 -0.673011541
1403636946401666560.000000 1.144572735 4.697470665 3.401040077 0.707964242 -0.016339896 -0.214645252 -0.672641873
1403636946451666432.000000 1.124513865 4.691734791 3.413842201 0.708682597 -0.016862487 -0.215206891 -0.671692431
1403636946501666560.000000 1.103658319 4.685207844 3.427424908 0.709401488 -0.017593278 -0.215072766 -0.670957327
1403636946551666432.000000 1.082884312 4.678499699 3.441800594 0.710289180 -0.018189095 -0.214626521 -0.670144737
1403636946601666560.000000 1.064057112 4.673879623 3.456248283 0.710994542 -0.018147198 -0.214714110 -0.669369400
1403636946651666432.000000 1.045359969 4.666512012 3.471117496 0.711083293 -0.017525423 -0.216489986 -0.668719411
1403636946701666560.000000 1.028190970 4.658801556 3.486386299 0.709230900 -0.021906156 -0.222727165 -0.668509007
1403636946751666432.000000 1.012929797 4.648437500 3.500465393 0.706632316 -0.028530831 -0.230890334 -0.668241322
1403636946801666560.000000 0.999429464 4.639720440 3.514352322 0.703933597 -0.036244750 -0.238844186 -0.667920232
1403636946851666432.000000 0.986628652 4.630395889 3.526816845 0.701695502 -0.041336138 -0.245259687 -0.667654455
1403636946901666560.000000 0.973676562 4.620869637 3.537949562 0.700303197 -0.044272210 -0.249669433 -0.667293429
1403636946951666432.000000 0.958848953 4.612461090 3.548862457 0.697410583 -0.049719606 -0.257117897 -0.667110860
1403636947001666560.000000 0.942532420 4.602973461 3.557572365 0.695489109 -0.054844968 -0.262202919 -0.666735768
1403636947051666432.000000 0.924668550 4.593626976 3.564119339 0.694398582 -0.056643464 -0.265514493 -0.666411459
1403636947101666560.000000 0.905773640 4.584551334 3.568190098 0.694680989 -0.054034885 -0.265253335 -0.666437745
1403636947151666432.000000 0.886714101 4.578219891 3.567797661 0.696908832 -0.046165258 -0.260792553 -0.666463912
1403636947201666560.000000 0.868301749 4.569019794 3.566369534 0.698501825 -0.033967812 -0.258728862 -0.666333854
1403636947251666432.000000 0.850968838 4.559692860 3.562976360 0.700118005 -0.019691112 -0.256586164 -0.666041017
1403636947301666560.000000 0.835662246 4.551376820 3.558132172 0.700710356 -0.007080066 -0.256545097 -0.665687263
1403636947351666432.000000 0.821244597 4.545611858 3.551542759 0.700647831 0.003194010 -0.257387042 -0.665457964
1403636947401666560.000000 0.809741020 4.540854931 3.544724941 0.700170636 0.010155846 -0.259136915 -0.665211201
1403636947451666432.000000 0.800661325 4.538665295 3.537052155 0.700374365 0.014236010 -0.259220600 -0.664889276
1403636947501666560.000000 0.794235110 4.539079189 3.528717041 0.700426757 0.010961265 -0.259705275 -0.664707065
1403636947551666432.000000 0.789842486 4.541676044 3.519409657 0.700829744 0.004984005 -0.259277940 -0.664520800
1403636947601666560.000000 0.787780285 4.546201706 3.508783817 0.702650189 -0.000857618 -0.254967779 -0.664284229
1403636947651666432.000000 0.794417620 4.555112839 3.497082710 0.704495788 -0.002759539 -0.250196606 -0.664138377
1403636947701666560.000000 0.793931603 4.562629700 3.485786915 0.705701232 -0.003585601 -0.247179940 -0.663984239
1403636947751666432.000000 0.792933583 4.570907593 3.474481106 0.707128227 -0.001858409 -0.243274868 -0.663915336
1403636947801666560.000000 0.790789604 4.580578804 3.463827133 0.708352745 0.001029902 -0.239324108 -0.664047718
1403636947851666432.000000 0.785784960 4.592738152 3.453700066 0.710111320 0.005565303 -0.233785883 -0.664119780
1403636947901666560.000000 0.781432152 4.605177402 3.444611549 0.711867571 0.009420727 -0.228082612 -0.664179385
1403636947951666432.000000 0.776250124 4.618613243 3.436986923 0.712754130 0.011286280 -0.224345475 -0.664472222
1403636948001666560.000000 0.769910455 4.632829189 3.431255817 0.711582899 0.010871459 -0.227034196 -0.664821148
1403636948051666432.000000 0.762790680 4.647751331 3.427163124 0.709762931 0.010450189 -0.231268898 -0.665313542
1403636948101666560.000000 0.755114555 4.663421154 3.424345493 0.708021700 0.010456413 -0.234874874 -0.665905178
1403636948151666432.000000 0.749005914 4.679229736 3.424176693 0.707525790 0.012128841 -0.235014990 -0.666354358
1403636948201666560.000000 0.741191149 4.696318626 3.422979832 0.707554519 0.012445094 -0.233162642 -0.666968465
1403636948251666432.000000 0.732960105 4.714597225 3.422959805 0.707270145 0.012849797 -0.231920347 -0.667695165
1403636948301666560.000000 0.724893451 4.733921051 3.423997402 0.707467139 0.013258425 -0.229657769 -0.668260276
1403636948351666432.000000 0.715045333 4.756433964 3.425816059 0.707321584 0.013758169 -0.227579653 -0.669114709
1403636948401666560.000000 0.706100583 4.778326988 3.428892136 0.707351685 0.015350753 -0.225282133 -0.669825375
1403636948451666432.000000 0.697019458 4.801198006 3.433379650 0.707185447 0.016816620 -0.222857311 -0.670776188
1403636948501666560.000000 0.688178182 4.825116158 3.439040184 0.708466589 0.020838361 -0.216403589 -0.671424091
1403636948551666432.000000 0.678196430 4.849327564 3.447741985 0.710270107 0.025237219 -0.208457544 -0.671881616
1403636948601666560.000000 0.670251131 4.874624729 3.457758427 0.712017298 0.028942095 -0.200675875 -0.672252119
1403636948651666432.000000 0.663910270 4.900385857 3.470004082 0.713290215 0.031513870 -0.194023550 -0.672739863
1403636948701666560.000000 0.660118937 4.926724911 3.485121727 0.713360310 0.028866220 -0.191102475 -0.673619807
1403636948751666432.000000 0.658642054 4.953177452 3.502578735 0.711957037 0.022979466 -0.193251818 -0.674716949
1403636948801666560.000000 0.662337184 4.974028587 3.523155689 0.709377289 0.013172731 -0.199008092 -0.676022410
1403636948851666432.000000 0.666589260 5.000373840 3.543771267 0.707061648 0.004050016 -0.203509033 -0.677223504
1403636948901666560.000000 0.672997236 5.026382923 3.565494061 0.704535306 -0.005449428 -0.207930595 -0.678502202
1403636948951666432.000000 0.680868864 5.052132607 3.587784767 0.701877117 -0.015968714 -0.212841928 -0.679567456
1403636949001666560.000000 0.688489676 5.077968121 3.611458778 0.699800134 -0.025429187 -0.215853885 -0.680470586
1403636949051666432.000000 0.694813728 5.096804619 3.635009766 0.698271275 -0.030385252 -0.217916921 -0.681180000
1403636949101666560.000000 0.699793458 5.121379375 3.657438278 0.697995126 -0.031470146 -0.216714367 -0.681797206
1403636949151666432.000000 0.703402877 5.145044804 3.679656506 0.697922170 -0.030457953 -0.215522364 -0.682295442
1403636949201666560.000000 0.705695033 5.167692184 3.701807976 0.697649479 -0.029544046 -0.214755565 -0.682856143
1403636949251666432.000000 0.706969142 5.191288948 3.724354744 0.697711229 -0.027024304 -0.213461742 -0.683302879
1403636949301666560.000000 0.707472086 5.207810402 3.749103069 0.697234869 -0.027438842 -0.213863105 -0.683647037
1403636949351666432.000000 0.706260681 5.228708744 3.772416115 0.696208537 -0.030018264 -0.215019166 -0.684221685
1403636949401666560.000000 0.703891158 5.248602867 3.795902252 0.695348561 -0.031713232 -0.216361731 -0.684596479
1403636949451666432.000000 0.700101137 5.267716885 3.819460869 0.694752574 -0.033211388 -0.216941804 -0.684946835
1403636949501666560.000000 0.697679520 5.276863098 3.844658852 0.694047153 -0.036024157 -0.218392521 -0.685058832
1403636949551666432.000000 0.693579078 5.294341087 3.867702961 0.692920923 -0.037985545 -0.220530882 -0.685407817
1403636949601666560.000000 0.690973163 5.311018467 3.889431953 0.692173898 -0.039929438 -0.221650064 -0.685691118
1403636949651666432.000000 0.689439058 5.326885223 3.909780979 0.691196561 -0.038767464 -0.224485993 -0.685821116
1403636949701666560.000000 0.689361453 5.337227821 3.929533958 0.690816224 -0.035325143 -0.226188511 -0.685830832
1403636949751666432.000000 0.690891027 5.351680756 3.947142601 0.690341473 -0.030475577 -0.228106096 -0.685906351
1403636949801666560.000000 0.694101810 5.365127563 3.963636875 0.689847589 -0.025888374 -0.229481503 -0.686132967
1403636949851666432.000000 0.697203159 5.377487183 3.979477882 0.688162982 -0.022584006 -0.234546661 -0.686228514
1403636949901666560.000000 0.703320503 5.384912014 3.992557526 0.687760234 -0.018520879 -0.236319020 -0.686145902
1403636949951666432.000000 0.708213329 5.397291183 4.006611824 0.686691344 -0.015853206 -0.239550903 -0.686162591
1403636950001666560.000000 0.714025617 5.410910130 4.019552708 0.686004877 -0.014453922 -0.242039800 -0.686006725
1403636950051666432.000000 0.720863819 5.425550938 4.031458378 0.685438216 -0.012438918 -0.244632438 -0.685692906
1403636950101666560.000000 0.726554632 5.439676285 4.043878078 0.684725463 -0.011410402 -0.247023478 -0.685565710
1403636950151666432.000000 0.732374191 5.455854416 4.054863453 0.685131609 -0.009527301 -0.246852711 -0.685250163
1403636950201666560.000000 0.741828561 5.477566719 4.058751583 0.685608327 -0.006385526 -0.246145308 -0.685064197
1403636950251666432.000000 0.744845510 5.495460033 4.069213867 0.686530471 -0.005148768 -0.244043171 -0.684903204
1403636950301666560.000000 0.746883273 5.514053345 4.079394817 0.687863648 -0.004118816 -0.241382882 -0.684515238
1403636950351666432.000000 0.748434424 5.533440113 4.089635849 0.689396441 -0.004470940 -0.237806991 -0.684222519
1403636950401666560.000000 0.749344945 5.553576946 4.100221634 0.690872669 -0.004659295 -0.233836547 -0.684100688
1403636950451666432.000000 0.745328426 5.576228142 4.109188557 0.692377508 -0.006401900 -0.229282930 -0.684106529
1403636950501666560.000000 0.744446635 5.597580910 4.120866299 0.694732487 -0.004706815 -0.223038584 -0.683797181
1403636950551666432.000000 0.742968559 5.619043350 4.132964611 0.696875155 -0.003539935 -0.216860250 -0.683611095
1403636950601666560.000000 0.742199898 5.640431881 4.145601273 0.698541760 -0.002400608 -0.211931020 -0.683461070
1403636950651666432.000000 0.743821859 5.661806583 4.160553455 0.699235439 -0.001929337 -0.209819019 -0.683404863
1403636950701666560.000000 0.738938689 5.688573360 4.171067238 0.698796690 -0.004836256 -0.209633961 -0.683895826
1403636950751666432.000000 0.743302822 5.709076405 4.185832024 0.698403895 -0.008053544 -0.209985182 -0.684158981
1403636950801666560.000000 0.749701023 5.729283333 4.200764656 0.697506905 -0.012875264 -0.211254522 -0.684609354
1403636950851666432.000000 0.757583261 5.748510838 4.215888500 0.696298003 -0.015978659 -0.213262185 -0.685151815
1403636950901666560.000000 0.767601609 5.767583847 4.230542183 0.695906162 -0.017819082 -0.213530526 -0.685420990
1403636950951666432.000000 0.772120833 5.790429115 4.243571758 0.695331573 -0.018627694 -0.213868707 -0.685876966
1403636951001666560.000000 0.785906196 5.808387756 4.257811546 0.694893658 -0.020390699 -0.214260980 -0.686148167
1403636951051666432.000000 0.800565720 5.826749802 4.271539211 0.694106460 -0.023352325 -0.216108590 -0.686271131
1403636951101666560.000000 0.815671921 5.843389034 4.284775734 0.692440271 -0.026142990 -0.220378935 -0.686495543
1403636951151666432.000000 0.823849440 5.865251541 4.296216011 0.689869165 -0.028059717 -0.226019084 -0.687174380
1403636951201666560.000000 0.837725878 5.879773617 4.309288979 0.688768983 -0.025328910 -0.229927436 -0.687087417
1403636951251666432.000000 0.848628283 5.894816875 4.322886944 0.688204944 -0.021265067 -0.232626528 -0.686881900
1403636951301666560.000000 0.857132316 5.910664558 4.336827755 0.687571287 -0.015498758 -0.235772580 -0.686598063
1403636951351666432.000000 0.859564304 5.931309223 4.348407745 0.686631918 -0.011286288 -0.238236174 -0.686769843
1403636951401666560.000000 0.865462542 5.947867870 4.361797810 0.686130524 -0.006298833 -0.240335464 -0.686603308
1403636951451666432.000000 0.870340347 5.965389252 4.375122070 0.686376810 -0.002644640 -0.240583792 -0.686293900
1403636951501666560.000000 0.872411013 5.984768867 4.388656616 0.686207831 -0.001076905 -0.241254717 -0.686231673
1403636951551666432.000000 0.875009298 6.004297256 4.402052402 0.686676025 0.000008201 -0.240719035 -0.685952246
1403636951601666560.000000 0.874970913 6.031640530 4.414672852 0.687209308 0.001854129 -0.239293262 -0.685914576
1403636951651666432.000000 0.876640558 6.053499222 4.428379059 0.688213289 0.002057776 -0.237171724 -0.685644090
1403636951701666560.000000 0.878672719 6.076481819 4.442149162 0.689459980 0.001358113 -0.234145999 -0.685433328
1403636951751666432.000000 0.882188559 6.101466656 4.455619335 0.690530121 -0.000570931 -0.231185630 -0.685361981
1403636951801666560.000000 0.886562943 6.129157543 4.466148376 0.691450059 -0.002785065 -0.228359044 -0.685376763
1403636951851666432.000000 0.894487381 6.156626225 4.477609634 0.693019450 -0.002577553 -0.223607093 -0.685359299
1403636951901666560.000000 0.903815389 6.187687397 4.490940571 0.694147706 -0.002950555 -0.220387682 -0.685258806
1403636951951666432.000000 0.913315177 6.215204716 4.502985001 0.695719242 -0.001212668 -0.216366127 -0.684951901
1403636952001666560.000000 0.922680855 6.243760586 4.515951633 0.696483970 -0.000468587 -0.214030206 -0.684909463
1403636952051666432.000000 0.931363821 6.272493362 4.530278683 0.697242856 -0.000542622 -0.212539136 -0.684601545
1403636952101666560.000000 0.937628150 6.300858498 4.544703960 0.697529137 -0.002745030 -0.211508051 -0.684623957
1403636952151666432.000000 0.946478844 6.331984520 4.562046051 0.697181702 -0.005407705 -0.212253779 -0.684731185
1403636952201666560.000000 0.951068759 6.360679150 4.579651833 0.697201312 -0.009473987 -0.211924553 -0.684769034
1403636952251666432.000000 0.954133987 6.389067173 4.598177910 0.696756721 -0.014069588 -0.212576926 -0.684940338
1403636952301666560.000000 0.956028461 6.417083263 4.617602348 0.695672333 -0.019916730 -0.214684144 -0.685240209
1403636952351666432.000000 0.956335783 6.444072247 4.637899876 0.694949090 -0.025110643 -0.216043070 -0.685376227
1403636952401666560.000000 0.955309629 6.470828056 4.657949448 0.694528341 -0.028613953 -0.216864944 -0.685405910
1403636952451666432.000000 0.953095436 6.496956825 4.678118706 0.694777846 -0.029626761 -0.215007812 -0.685695052
1403636952501666560.000000 0.954664469 6.528590202 4.700482368 0.695252657 -0.028706288 -0.213537052 -0.685712516
1403636952551666432.000000 0.950098276 6.553338051 4.721076012 0.695686996 -0.026774194 -0.211961418 -0.685838997
1403636952601666560.000000 0.946119308 6.577230930 4.741664410 0.696320117 -0.025491329 -0.209522143 -0.685994864
1403636952651666432.000000 0.943433762 6.599198818 4.761717319 0.696738005 -0.025328424 -0.208137006 -0.685998380
1403636952701666560.000000 0.942018628 6.620511055 4.781610966 0.696684122 -0.024325674 -0.207658738 -0.686234295
1403636952751666432.000000 0.941464663 6.639891148 4.800960064 0.696334183 -0.022495085 -0.209005430 -0.686243057
1403636952801666560.000000 0.944860935 6.668187618 4.822362423 0.695372462 -0.018516544 -0.212045416 -0.686404467
1403636952851666432.000000 0.945505142 6.686461926 4.842028618 0.694454610 -0.016147034 -0.215083942 -0.686448097
1403636952901666560.000000 0.946323156 6.704679012 4.862123013 0.693259478 -0.014607555 -0.218975380 -0.686460376
1403636952951666432.000000 0.945819497 6.723217010 4.882685661 0.691514790 -0.013442443 -0.224613085 -0.686422348
1403636953001666560.000000 0.944226980 6.741985321 4.903457165 0.689753830 -0.014777783 -0.230518445 -0.686208904
1403636953051666432.000000 0.945678234 6.769398689 4.925540447 0.688070655 -0.016110495 -0.235519171 -0.686170518
1403636953101666560.000000 0.941081762 6.788618088 4.946693897 0.686734498 -0.018882900 -0.239403069 -0.686094344
1403636953151666432.000000 0.934999228 6.808468342 4.967458248 0.685921192 -0.019614564 -0.241799712 -0.686046958
1403636953201666560.000000 0.927629232 6.828978062 4.987637043 0.685779929 -0.019920221 -0.242660239 -0.685875416
1403636953251666432.000000 0.919636965 6.850613594 5.007360935 0.685706973 -0.018825809 -0.242736280 -0.685952425
1403636953301666560.000000 0.905710697 6.870575905 5.022588253 0.685890615 -0.019070173 -0.241736233 -0.686115146
1403636953351666432.000000 0.899432182 6.892820835 5.039393425 0.686021149 -0.018004898 -0.240808070 -0.686339796
1403636953401666560.000000 0.895498037 6.915691376 5.054678440 0.687310934 -0.017151944 -0.236842439 -0.686451137
1403636953451666432.000000 0.892665148 6.938365936 5.068922520 0.688593328 -0.016075373 -0.232899487 -0.686541080
1403636953501666560.000000 0.891737938 6.960493088 5.082003117 0.689933121 -0.014091170 -0.228198409 -0.686818302
1403636953551666432.000000 0.893163681 6.983349800 5.094426632 0.690597415 -0.013735986 -0.225201219 -0.687146962
1403636953601666560.000000 0.890494108 7.010628700 5.106916904 0.691138208 -0.010724179 -0.223011106 -0.687371135
1403636953651666432.000000 0.893462896 7.033514977 5.118647099 0.691233695 -0.006787592 -0.221548080 -0.687798262
1403636953701666560.000000 0.898475409 7.056100845 5.130246162 0.691016793 -0.002144486 -0.221090585 -0.688193500
1403636953751666432.000000 0.906025648 7.079429626 5.141573906 0.691048920 0.001677513 -0.219884709 -0.688548803
1403636953801666560.000000 0.916545153 7.103567123 5.152965546 0.691774547 0.006098676 -0.216762349 -0.688785195
1403636953851666432.000000 0.928013802 7.127819061 5.163778305 0.691935778 0.007612948 -0.214434683 -0.689336479
1403636953901666560.000000 0.942339182 7.152691841 5.175947666 0.691112757 0.006047014 -0.215178654 -0.689945519
1403636953951666432.000000 0.958549976 7.178357601 5.188800812 0.690419912 0.004350326 -0.216185004 -0.690337300
1403636954001666560.000000 0.966445208 7.204004765 5.203301430 0.689428687 0.002065378 -0.217839271 -0.690818310
1403636954051666432.000000 0.981756926 7.230395317 5.218031406 0.688910186 0.000224423 -0.218697026 -0.691067576
1403636954101666560.000000 0.996108294 7.257351875 5.233965397 0.688888431 -0.000534402 -0.218832746 -0.691046059
1403636954151666432.000000 1.009371758 7.284604549 5.251080990 0.688663125 -0.002069359 -0.219156697 -0.691165149
1403636954201666560.000000 1.021729708 7.312290192 5.268691063 0.688543618 -0.002497650 -0.219490275 -0.691176951
1403636954251666432.000000 1.034686327 7.341234207 5.285258293 0.688113153 -0.001304198 -0.220887288 -0.691163898
1403636954301666560.000000 1.041725397 7.362709522 5.302467346 0.688165069 -0.000982908 -0.221287027 -0.690984845
1403636954351666432.000000 1.056048870 7.392991066 5.321249008 0.687988520 -0.001200295 -0.223002121 -0.690608799
1403636954401666560.000000 1.071723938 7.424013615 5.340330124 0.687781692 0.001049938 -0.224902183 -0.690198779
1403636954451666432.000000 1.089135170 7.455572128 5.359513283 0.687824547 0.000818185 -0.226259321 -0.689712644
1403636954501666560.000000 1.107472181 7.487493515 5.378626347 0.688039422 0.001500737 -0.227899522 -0.688956738
1403636954551666432.000000 1.129523754 7.535563946 5.400049686 0.688722610 0.002356139 -0.228187248 -0.688176036
1403636954601666560.000000 1.147554398 7.569607735 5.419704914 0.689932883 0.003713222 -0.227604955 -0.687149763
1403636954651666432.000000 1.162741899 7.604767799 5.440637112 0.691476941 0.003238885 -0.226217389 -0.686057508
1403636954701666560.000000 1.173788548 7.640995026 5.463336945 0.693113446 0.001424185 -0.225117102 -0.684772968
1403636954751666432.000000 1.180671930 7.678072453 5.487584591 0.695003927 -0.002039050 -0.223111644 -0.683510542
1403636954801666560.000000 1.185640097 7.702651978 5.512019634 0.696819246 -0.005493165 -0.221846551 -0.682053447
1403636954851666432.000000 1.189038038 7.740776062 5.538560867 0.698894799 -0.008015917 -0.219707400 -0.680595756
1403636954901666560.000000 1.190686464 7.778948784 5.566233158 0.700209320 -0.011576556 -0.219356537 -0.679305315
1403636954951666432.000000 1.190618753 7.816595078 5.594685078 0.701746762 -0.014468624 -0.218856186 -0.677823126
1403636955001666560.000000 1.189479113 7.853711128 5.623882294 0.703626633 -0.015014948 -0.217532277 -0.676286876
1403636955051666432.000000 1.191124678 7.876702785 5.650302887 0.705137193 -0.014602686 -0.217715502 -0.674661696
1403636955101666560.000000 1.190372467 7.912648678 5.679924965 0.706737399 -0.012716355 -0.217746496 -0.673013449
1403636955151666432.000000 1.191373110 7.948360920 5.709212303 0.708451092 -0.011204289 -0.217055649 -0.671459973
1403636955201666560.000000 1.194021702 7.983930588 5.738396645 0.709889889 -0.010476085 -0.217639282 -0.669761002
1403636955251666432.000000 1.199745655 8.017834663 5.768379211 0.711267829 -0.011863496 -0.218604252 -0.667959213
1403636955301666560.000000 1.211848974 8.040993690 5.791061878 0.712864161 -0.012064252 -0.218715534 -0.666215241
1403636955351666432.000000 1.220442533 8.075357437 5.820009232 0.714764297 -0.011454005 -0.218051642 -0.664405286
1403636955401666560.000000 1.230061054 8.109180450 5.849096298 0.715975702 -0.012388053 -0.218779713 -0.662842989
1403636955451666432.000000 1.239650011 8.142658234 5.878649235 0.717441976 -0.011526064 -0.218438193 -0.661384165
1403636955501666560.000000 1.247979641 8.174580574 5.909287930 0.718284726 -0.011265203 -0.219143838 -0.660239458
1403636955551666432.000000 1.261378527 8.198288918 5.933994293 0.719053626 -0.010863022 -0.219507620 -0.659287691
1403636955601666560.000000 1.266861916 8.231127739 5.966440678 0.719836414 -0.011399394 -0.219928265 -0.658283532
1403636955651666432.000000 1.271374702 8.263408661 5.999594688 0.720726550 -0.010764300 -0.220013574 -0.657290995
1403636955701666560.000000 1.275887012 8.295154572 6.033122063 0.721318543 -0.011026334 -0.220171288 -0.656584144
1403636955751666432.000000 1.281310320 8.326329231 6.066950798 0.721587241 -0.011107479 -0.220951393 -0.656025171
1403636955801666560.000000 1.295588017 8.349723816 6.094061852 0.722145438 -0.010391233 -0.220326960 -0.655632555
1403636955851666432.000000 1.304599762 8.380733490 6.127749443 0.722028971 -0.011324788 -0.222155690 -0.655128062
1403636955901666560.000000 1.315876007 8.411533356 6.161205292 0.721508265 -0.014223593 -0.224398062 -0.654881060
1403636955951666432.000000 1.328970909 8.441514969 6.194364548 0.720465660 -0.018001087 -0.228718445 -0.654441059
1403636956001666560.000000 1.344671965 8.469039917 6.225979805 0.719181120 -0.023859138 -0.233197808 -0.654085755
1403636956051666432.000000 1.365714788 8.495640755 6.252045631 0.717928290 -0.030007053 -0.237684101 -0.653593779
1403636956101666560.000000 1.384006500 8.523515701 6.281771660 0.716692209 -0.035812665 -0.241803348 -0.653146923
1403636956151666432.000000 1.402248144 8.550313950 6.310035706 0.716090083 -0.037940167 -0.244734570 -0.652595341
1403636956201666560.000000 1.419385672 8.576301575 6.337352753 0.715834916 -0.040945206 -0.246793285 -0.651917934
1403636956251666432.000000 1.436128378 8.602005005 6.363850594 0.716048062 -0.041551337 -0.247941643 -0.651209354
1403636956301666560.000000 1.448850155 8.627700806 6.385752678 0.717401326 -0.038225818 -0.246334344 -0.650533378
1403636956351666432.000000 1.460017204 8.651976585 6.410718918 0.720299363 -0.032329675 -0.241115883 -0.649605095
1403636956401666560.000000 1.469190598 8.675806046 6.435499191 0.722161472 -0.026229046 -0.237405345 -0.649179161
1403636956451666432.000000 1.477262020 8.699482918 6.459985733 0.724301636 -0.021684526 -0.232339457 -0.648795366
1403636956501666560.000000 1.484040022 8.720603943 6.483734131 0.725101054 -0.018659504 -0.228284076 -0.649435639
1403636956551666432.000000 1.490338564 8.743298531 6.509414673 0.724351466 -0.020669725 -0.223753542 -0.651783764
1403636956601666560.000000 1.494181395 8.772204399 6.536090851 0.721609414 -0.024850460 -0.221403390 -0.655471504
1403636956651666432.000000 1.497988701 8.793247223 6.563617706 0.716952920 -0.030719142 -0.220694557 -0.660551846
1403636956701666560.000000 1.500452995 8.813430786 6.591748238 0.710062981 -0.037392665 -0.222345665 -0.667064369
1403636956751666432.000000 1.502524614 8.832424164 6.619547844 0.701832175 -0.041189156 -0.224603981 -0.674750447
1403636956801666560.000000 1.505689859 8.850481033 6.645824432 0.692613721 -0.044197392 -0.226285264 -0.683467507
1403636956851666432.000000 1.510432243 8.867189407 6.670542717 0.682461202 -0.044875447 -0.227122322 -0.693288088
1403636956901666560.000000 1.514335155 8.891693115 6.694720268 0.672595501 -0.042501248 -0.225319892 -0.703590810
1403636956951666432.000000 1.522219419 8.905835152 6.715071678 0.663464606 -0.039786603 -0.220032200 -0.714015186
1403636957001666560.000000 1.531320095 8.919274330 6.733936310 0.653887987 -0.035832360 -0.213789105 -0.724873006
1403636957051666432.000000 1.541935682 8.931650162 6.751113892 0.644558012 -0.031483617 -0.205748856 -0.735677361
1403636957101666560.000000 1.553690672 8.944478989 6.766860962 0.634654284 -0.027323715 -0.198406875 -0.746392787
1403636957151666432.000000 1.565659761 8.965143204 6.784322739 0.624700248 -0.022633625 -0.191473633 -0.756687045
1403636957201666560.000000 1.579872608 8.975168228 6.798472404 0.615244746 -0.019207129 -0.185515672 -0.765956283
1403636957251666432.000000 1.594949007 8.984724045 6.811979294 0.606405616 -0.017874308 -0.181325540 -0.773998618
1403636957301666560.000000 1.608992577 8.993979454 6.825413704 0.598713040 -0.015906120 -0.178709045 -0.780610502
1403636957351666432.000000 1.622560024 9.005201340 6.839177132 0.592036724 -0.014783439 -0.175911978 -0.786338925
1403636957401666560.000000 1.630438328 9.020462036 6.855713844 0.586145043 -0.014950192 -0.174593568 -0.791029513
1403636957451666432.000000 1.639572620 9.029478073 6.870416641 0.581432104 -0.014718581 -0.173307434 -0.794785917
1403636957501666560.000000 1.646864176 9.038501740 6.885964394 0.577631295 -0.015499847 -0.172949716 -0.797615290
1403636957551666432.000000 1.652225733 9.047436714 6.902210712 0.573826015 -0.015981002 -0.173046678 -0.800326943
1403636957601666560.000000 1.655883789 9.056529999 6.919099331 0.569701374 -0.017087223 -0.172363818 -0.803392351
1403636957651666432.000000 1.657670021 9.065851212 6.935216904 0.564749599 -0.017638015 -0.171730474 -0.807004035
1403636957701666560.000000 1.657819986 9.074641228 6.952940464 0.558998585 -0.018425852 -0.170726582 -0.811192691
1403636957751666432.000000 1.656517744 9.083335876 6.971271992 0.551672161 -0.018614255 -0.170162410 -0.816306353
1403636957801666560.000000 1.654052019 9.092218399 6.990032673 0.542097569 -0.018501978 -0.169184402 -0.822900176
1403636957851666432.000000 1.650525570 9.100830078 7.008893967 0.530846000 -0.018542552 -0.167443380 -0.830554962
1403636957901666560.000000 1.640192747 9.109838486 7.036991119 -0.518787861 0.018532880 0.163974658 0.838825464
1403636957951666432.000000 1.636526227 9.117887497 7.054983616 -0.505556703 0.017582830 0.159617692 0.847717881
1403636958001666560.000000 1.633969069 9.125909805 7.072163105 -0.491204113 0.017279144 0.155311838 0.856912076
1403636958051666432.000000 1.633524776 9.134122849 7.087896824 -0.476797402 0.016334709 0.151502475 0.865704596
1403636958101666560.000000 1.634698629 9.142669678 7.102432728 -0.463501364 0.014538191 0.145525947 0.873943627
1403636958151666432.000000 1.637449384 9.150914192 7.114276886 0.451466113 -0.012644415 -0.140708968 -0.881033242
1403636958201666560.000000 1.642375946 9.160225868 7.125750542 0.440045744 -0.011437754 -0.137567505 -0.887301624
1403636958251666432.000000 1.650465727 9.168997765 7.134959221 0.429688245 -0.010744093 -0.133399084 -0.893004596
1403636958301666560.000000 1.659740925 9.177187920 7.142485619 0.419912696 -0.010439828 -0.128526315 -0.898357034
1403636958351666432.000000 1.660606742 9.188502312 7.160627365 -0.411042929 0.008640034 0.124029659 0.903097928
1403636958401666560.000000 1.672703505 9.196887970 7.165478706 -0.403939068 0.006381612 0.118866213 0.907007933
1403636958451666432.000000 1.686009526 9.205183029 7.169461250 -0.397868246 0.005067493 0.115588419 0.910117865
1403636958501666560.000000 1.698037624 9.213632584 7.173274040 -0.393044680 0.002744867 0.112762354 0.912575006
1403636958551666432.000000 1.708957553 9.222443581 7.177774906 -0.389629424 0.001498765 0.110256456 0.914346814
1403636958601666560.000000 1.719856381 9.231579781 7.180133820 0.386920840 -0.001710711 -0.109055541 -0.915639877
1403636958651666432.000000 1.728820801 9.241153717 7.184466839 0.385118067 -0.001105414 -0.107709885 -0.916559637
1403636958701666560.000000 1.736977100 9.251127243 7.189250469 0.384432644 -0.001134989 -0.106164090 -0.917027533
1403636958751666432.000000 1.743721962 9.261215210 7.194169998 0.384246796 -0.000723304 -0.105236545 -0.917212725
1403636958801666560.000000 1.749673128 9.271629333 7.200139523 0.383973837 -0.000793600 -0.105369508 -0.917311728
1403636958851666432.000000 1.747568488 9.281261444 7.221213341 -0.384674758 0.001214110 0.105708964 0.916978478
1403636958901666560.000000 1.751069784 9.292498589 7.229019165 -0.385932863 -0.000413237 0.105128810 0.916517138
1403636958951666432.000000 1.753587127 9.303800583 7.237637043 -0.387571126 -0.000819974 0.104175843 0.915934205
1403636959001666560.000000 1.754618764 9.315042496 7.247403145 -0.388747215 -0.001064187 0.104548864 0.915392876
1403636959051666432.000000 1.754034996 9.326332092 7.258067131 -0.389997900 -0.001432912 0.104967244 0.914812267
1403636959101666560.000000 1.750321269 9.338463783 7.265472412 0.390795439 0.002154676 -0.106559247 -0.914286315
1403636959151666432.000000 1.747003317 9.350250244 7.276983261 0.391523480 0.001948168 -0.107882343 -0.913820028
1403636959201666560.000000 1.742737770 9.362210274 7.289319992 0.392743766 0.001959807 -0.107823081 -0.913303196
1403636959251666432.000000 1.737465024 9.374088287 7.302379608 0.394193769 0.001970304 -0.106844164 -0.912793398
1403636959301666560.000000 1.731226921 9.385775566 7.316132545 0.396548897 0.003066905 -0.103954397 -0.912103653
1403636959351666432.000000 1.728969574 9.386929512 7.328302383 -0.399108440 -0.005058497 0.100708000 0.911342323
1403636959401666560.000000 1.720372200 9.397953987 7.344120502 -0.400723815 -0.005395103 0.099249020 0.910791457
1403636959451666432.000000 1.710851073 9.408190727 7.360876560 -0.402099818 -0.004916335 0.097127363 0.910416305
1403636959501666560.000000 1.700644732 9.417446136 7.378669739 -0.403372288 -0.003382632 0.095547050 0.910027623
1403636959551666432.000000 1.691826582 9.430871964 7.399591923 0.403092295 -0.001432017 -0.097497776 -0.909949899
1403636959601666560.000000 1.683228970 9.440342903 7.418854237 0.402753413 -0.006512695 -0.099735796 -0.909835219
1403636959651666432.000000 1.675724268 9.449205399 7.437596798 0.402741700 -0.007768902 -0.101096690 -0.909680367
1403636959701666560.000000 1.669691205 9.457271576 7.455491543 0.402944237 -0.006952168 -0.103554733 -0.909320652
1403636959751666432.000000 1.666588783 9.465641975 7.473496437 0.403130263 -0.006358107 -0.105775043 -0.908986926
1403636959801666560.000000 1.665583014 9.473313332 7.490595818 0.403349340 -0.004715557 -0.106961355 -0.908760965
1403636959851666432.000000 1.669998050 9.467974663 7.488943100 -0.403434873 0.004082951 0.108456157 0.908548772
1403636959901666560.000000 1.671322703 9.473266602 7.503678799 -0.404082090 0.002551214 0.109373875 0.908156693
1403636959951666432.000000 1.674236894 9.477643013 7.516662121 -0.404295594 0.001772964 0.109895505 0.908000529
1403636960001666560.000000 1.679193974 9.481795311 7.528846264 -0.404382080 0.002058804 0.110731609 0.907859862
1403636960051666432.000000 1.685147882 9.486187935 7.540787697 -0.404692382 0.001879016 0.110441126 0.907757401
1403636960101666560.000000 1.691144347 9.495192528 7.559253693 0.404733270 -0.002458790 -0.110553429 -0.907724023
1403636960151666432.000000 1.698692441 9.500800133 7.572719574 0.405670941 -0.001693269 -0.108914770 -0.907505274
1403636960201666560.000000 1.705641270 9.506188393 7.586552143 0.406091303 -0.001017231 -0.107557081 -0.907480180
1403636960251666432.000000 1.711743116 9.511493683 7.600687981 0.408332705 0.001665612 -0.101576425 -0.907162547
1403636960301666560.000000 1.716859460 9.516232491 7.615250587 0.409715474 0.003735692 -0.098139010 -0.906911314
1403636960351666432.000000 1.735314369 9.511493683 7.615752220 -0.410658836 -0.005666967 0.094876036 0.906821787
1403636960401666560.000000 1.738946915 9.515173912 7.632276535 -0.411316723 -0.004057423 0.092272177 0.906800985
1403636960451666432.000000 1.742044926 9.517779350 7.649827957 -0.410725415 -0.001874388 0.089416817 0.907361984
1403636960501666560.000000 1.745538354 9.517631531 7.665256500 -0.409153759 0.000045426 0.086027153 0.908401072
1403636960551666432.000000 1.747661829 9.517308235 7.683296204 -0.407158852 0.001335360 0.082529977 0.909620106
1403636960601666560.000000 1.746894240 9.525177956 7.714991570 0.405110925 -0.002256116 -0.079092048 -0.910837352
1403636960651666432.000000 1.746910214 9.524323463 7.737664700 0.402451932 -0.004080328 -0.078027301 -0.912100673
1403636960701666560.000000 1.746314645 9.514853477 7.748051643 -0.398470789 0.006024001 0.081709884 0.913514256
1403636960751666432.000000 1.744022012 9.511092186 7.771757126 -0.393982112 0.007110516 0.087248892 0.914940059
1403636960801666560.000000 1.740792274 9.506109238 7.795517921 -0.388604164 0.007018010 0.091545828 0.916818917
1403636960851666432.000000 1.736872196 9.500325203 7.819486618 -0.381735861 0.006995445 0.094029069 0.919449508
1403636960901666560.000000 1.732753992 9.493928909 7.843217850 -0.373480856 0.006081157 0.094250932 0.922817409
1403636960951666432.000000 1.731106281 9.489578247 7.866925240 0.363925636 -0.005016376 -0.092647955 -0.926795244
1403636961001666560.000000 1.727592349 9.478794098 7.887412071 -0.353526950 0.004883421 0.088212594 0.931243002
1403636961051666432.000000 1.727541447 9.471508980 7.910053253 -0.341932297 0.004727092 0.083969884 0.935953617
1403636961101666560.000000 1.728686333 9.463266373 7.931696415 -0.329513580 0.004647410 0.080530919 0.940698683
1403636961151666432.000000 1.731415868 9.454403877 7.952283859 -0.316495359 0.004998982 0.076623321 0.945481181
1403636961201666560.000000 1.735035896 9.445258141 7.971716881 -0.303323567 0.003795420 0.072260976 0.950136244
1403636961251666432.000000 1.739914894 9.435696602 7.988028526 0.289865613 -0.003632228 -0.068878196 -0.954578757
1403636961301666560.000000 1.745904207 9.425010681 8.010856628 -0.278640419 0.002546928 0.063080646 0.958318293
1403636961351666432.000000 1.754985571 9.415930748 8.027156830 -0.268456042 0.002577393 0.057974119 0.961542368
1403636961401666560.000000 1.766165495 9.406461716 8.042025566 -0.259110600 0.002202502 0.054278057 0.964318871
1403636961451666432.000000 1.778787374 9.395986557 8.054708481 0.251207918 -0.002123405 -0.051306777 -0.966570079
1403636961501666560.000000 1.792716026 9.385612488 8.066468239 0.244010597 -0.001509021 -0.049694672 -0.968497336
1403636961551666432.000000 1.808590651 9.375125885 8.077798843 0.236636147 -0.001427980 -0.047294073 -0.970445573
1403636961601666560.000000 1.826005697 9.364137650 8.088032722 0.228535414 -0.001238400 -0.045174453 -0.972486138
1403636961651666432.000000 1.844510078 9.352863312 8.097453117 0.219827816 -0.001356101 -0.043229833 -0.974579453
1403636961701666560.000000 1.865304589 9.341491699 8.106573105 0.211439848 -0.001721339 -0.039931625 -0.976573527
1403636961751666432.000000 1.883168221 9.330594063 8.124368668 -0.202826306 0.002111376 0.036590572 0.978528559
1403636961801666560.000000 1.903770208 9.319120407 8.132793427 -0.194040149 0.002018774 0.032830879 0.980441988
1403636961851666432.000000 1.922853589 9.307498932 8.141640663 -0.185056910 -0.000155492 0.028740531 0.982307494
1403636961901666560.000000 1.940446019 9.295875549 8.150754929 -0.175793409 -0.000052803 0.024094393 0.984132230
1403636961951666432.000000 1.956356406 9.283887863 8.160465240 -0.165135577 0.000521516 0.020930011 0.986048698
1403636962001666560.000000 1.970416427 9.269802094 8.165832520 0.154741615 0.000583326 -0.017231286 -0.987804532
1403636962051666432.000000 1.983087420 9.257256508 8.175040245 0.143938392 0.002105557 -0.013770209 -0.989488602
1403636962101666560.000000 1.995045424 9.246706009 8.192303658 -0.133166149 -0.003065727 0.009719306 0.991041362
1403636962151666432.000000 2.007126093 9.234071732 8.201223373 -0.121926561 -0.003719636 0.005679036 0.992515981
1403636962201666560.000000 2.020303726 9.221254349 8.209590912 -0.110561624 -0.003897118 0.001868790 0.993859887
1403636962251666432.000000 2.034760237 9.208199501 8.217104912 -0.099128686 -0.002690487 -0.003322437 0.995065451
1403636962301666560.000000 2.050364971 9.194740295 8.224091530 -0.087566413 -0.003324881 -0.008587589 0.996116161
1403636962351666432.000000 2.067294836 9.179211617 8.230230331 0.075284176 0.003511742 0.012148274 -0.997081935
1403636962401666560.000000 2.087118149 9.163119316 8.239656448 -0.063286334 -0.003411017 -0.017346986 0.997838855
1403636962451666432.000000 2.106702328 9.148013115 8.244422913 -0.051323842 -0.003946553 -0.022357052 0.998423994
1403636962501666560.000000 2.127716303 9.132501602 8.248455048 -0.040071275 -0.004339557 -0.029658806 0.998747170
1403636962551666432.000000 2.149256229 9.116367340 8.251851082 -0.028617540 -0.005054449 -0.037554029 0.998871982
1403636962601666560.000000 2.170635223 9.099611282 8.255027771 -0.017283089 -0.005893993 -0.045568027 0.998794377
1403636962651666432.000000 2.192986727 9.079989433 8.261000633 -0.007198992 -0.006354387 -0.053756386 0.998507977
1403636962701666560.000000 2.211608171 9.062174797 8.263848305 0.001632716 -0.006488309 -0.062160097 0.998043835
1403636962751666432.000000 2.228601456 9.043549538 8.266982079 0.009282429 -0.006032804 -0.068878591 0.997563660
1403636962801666560.000000 2.243305445 9.024013519 8.270221710 0.015715059 -0.006636888 -0.072841175 0.997197628
1403636962851666432.000000 2.255883217 9.003417969 8.273066521 -0.020933971 0.005921053 0.076112226 -0.996861994
1403636962901666560.000000 2.266583681 8.981680870 8.276350975 -0.025911486 0.005587469 0.075214565 -0.996815026
1403636962951666432.000000 2.279190540 8.955638885 8.285587311 0.030219277 -0.004494445 -0.072140798 0.996926486
1403636963001666560.000000 2.287232637 8.931889534 8.288575172 0.034034509 0.000134133 -0.068643555 0.997060537
1403636963051666432.000000 2.294022560 8.907602310 8.291408539 0.036670584 0.005607008 -0.065651536 0.997152865
1403636963101666560.000000 2.299054623 8.882756233 8.293954849 0.038284436 0.009768399 -0.062996157 0.997231424
1403636963151666432.000000 2.301842451 8.857257843 8.296288490 -0.038836133 -0.011524198 0.060983796 -0.997316420
1403636963201666560.000000 2.303273916 8.831737518 8.297635078 -0.038135573 -0.010926924 0.059619479 -0.997432590
1403636963251666432.000000 2.302884817 8.805994987 8.298606873 -0.037844546 -0.007579826 0.056161646 -0.997675419
1403636963301666560.000000 2.301941633 8.773454666 8.306355476 0.036986876 0.004455163 -0.051562972 0.997974694
1403636963351666432.000000 2.299516678 8.747506142 8.306415558 0.036432061 0.001789563 -0.047090635 0.998224437
1403636963401666560.000000 2.296536922 8.721955299 8.306277275 0.035221342 0.000118624 -0.044548623 0.998386204
1403636963451666432.000000 2.292710543 8.696749687 8.305610657 0.033359557 -0.001275138 -0.044115812 0.998468578
1403636963501666560.000000 2.288793087 8.672033310 8.303731918 0.030800549 -0.001764589 -0.045185234 0.998502135
1403636963551666432.000000 2.285780430 8.645889282 8.300746918 -0.028789299 0.001670172 0.045235746 -0.998560071
1403636963601666560.000000 2.283278942 8.621246338 8.295890808 -0.026343554 0.001929738 0.046134006 -0.998586059
1403636963651666432.000000 2.281972170 8.596531868 8.290491104 -0.023988748 0.002231635 0.046527326 -0.998626411
1403636963701666560.000000 2.283132553 8.571475029 8.285025597 -0.021598281 0.002334479 0.046926580 -0.998662114
1403636963751666432.000000 2.286345720 8.546205521 8.278446198 -0.019799892 0.002287481 0.046660367 -0.998712003
1403636963801666560.000000 2.289865255 8.520365715 8.277283669 0.017924454 -0.002613483 -0.046404421 0.998758554
1403636963851666432.000000 2.295539379 8.494429588 8.268305779 0.016635578 -0.001985225 -0.046246987 0.998789549
1403636963901666560.000000 2.303112268 8.468862534 8.258321762 0.015052472 -0.001304130 -0.046551261 0.998801649
1403636963951666432.000000 2.311500788 8.442797661 8.247017860 0.014364199 -0.000782245 -0.045735944 0.998849988
1403636964001666560.000000 2.321436405 8.416287422 8.235170364 0.013643231 -0.000561530 -0.046080898 0.998844445
1403636964051666432.000000 2.330765247 8.388243675 8.222503662 -0.013060603 0.000090896 0.045707658 -0.998869538
1403636964101666560.000000 2.342218399 8.360987663 8.208445549 -0.012924550 -0.000261516 0.046557717 -0.998831987
1403636964151666432.000000 2.351094007 8.334242821 8.194431305 0.013023778 0.001524602 -0.047187109 0.998800039
1403636964201666560.000000 2.360930204 8.306674004 8.179572105 0.013198770 0.003157326 -0.047559991 0.998776197
1403636964251666432.000000 2.368700504 8.278985023 8.164664268 0.013588609 0.003216246 -0.047816552 0.998758554
1403636964301666560.000000 2.374690294 8.251376152 8.149783134 0.013228759 0.002659444 -0.049846061 0.998665750
1403636964351666432.000000 2.379208088 8.223255157 8.135398865 0.013751958 0.003334913 -0.050326608 0.998632550
1403636964401666560.000000 2.381967545 8.194174767 8.119449615 -0.013954004 -0.003306877 0.051408146 -0.998574793
1403636964451666432.000000 2.384472847 8.165663719 8.110722542 0.014546953 0.003277029 -0.052388381 0.998515487
1403636964501666560.000000 2.384568930 8.136320114 8.095786095 0.014881704 0.003584294 -0.054731071 0.998383820
1403636964551666432.000000 2.383243799 8.106172562 8.080675125 0.016276820 0.002736085 -0.057598647 0.998203397
1403636964601666560.000000 2.381072760 8.075223923 8.065298080 0.018346019 0.004287532 -0.063705437 0.997790933
1403636964651666432.000000 2.377232075 8.043123245 8.050230980 0.022575397 0.004119692 -0.067340329 0.997466147
1403636964701666560.000000 2.372637749 8.011022568 8.034142494 -0.027944898 -0.003558569 0.072337486 -0.996982336
1403636964751666432.000000 2.364128351 7.978140354 8.023850441 0.034093551 0.003562758 -0.078053199 0.996359766
1403636964801666560.000000 2.356146574 7.942999363 8.007685661 0.041506272 0.004050389 -0.083423987 0.995641172
1403636964851666432.000000 2.347513437 7.906166553 7.990658760 0.051885266 0.004517084 -0.085275292 0.994995356
1403636964901666560.000000 2.339635372 7.867846966 7.972151279 0.064064570 0.006418119 -0.085787162 0.994230986
1403636964951666432.000000 2.333045006 7.828475475 7.951850414 0.075735509 0.008663993 -0.089469954 0.993068159
1403636965001666560.000000 2.326538086 7.789273739 7.932976246 0.088954888 0.009790751 -0.092220828 0.991708875
1403636965051666432.000000 2.321660757 7.747434139 7.909454346 0.102185391 0.009872044 -0.092591353 0.990397751
1403636965101666560.000000 2.318402290 7.705050468 7.884611607 0.112526029 0.007501683 -0.096591152 0.988914430
1403636965151666432.000000 2.316291809 7.661999702 7.858448505 0.122489408 0.005002195 -0.097946294 0.987612188
1403636965201666560.000000 2.315018892 7.619243622 7.832156658 -0.130274534 0.000710793 0.100582592 -0.986362636
1403636965251666432.000000 2.314595222 7.576108456 7.802301407 0.136802614 -0.007498973 -0.103326701 0.985166252
1403636965301666560.000000 2.315348625 7.531907082 7.773979187 0.141180903 -0.018355483 -0.105678290 0.984156072
1403636965351666432.000000 2.317442417 7.487088680 7.745161057 0.144360960 -0.029910259 -0.108446829 0.983109653
1403636965401666560.000000 2.321206570 7.441371918 7.716535568 0.146465942 -0.041688085 -0.110447519 0.982146263
1403636965451666432.000000 2.327457190 7.394670963 7.688222408 0.148297578 -0.051412482 -0.110362530 0.981419742
1403636965501666560.000000 2.333457470 7.347640038 7.657691479 0.150702044 -0.057150438 -0.107078113 0.981099963
1403636965551666432.000000 2.346581221 7.298447132 7.633237362 0.152898401 -0.056088757 -0.102752268 0.981283963
1403636965601666560.000000 2.363977432 7.248163700 7.610319614 0.155835688 -0.048220690 -0.095190547 0.982002497
1403636965651666432.000000 2.384346724 7.197448254 7.588748455 0.158658773 -0.037396669 -0.087842554 0.982706785
1403636965701666560.000000 2.404667854 7.145831108 7.569380283 -0.161195025 0.028073382 0.079509951 -0.983313978
1403636965751666432.000000 2.423981905 7.095745087 7.550871372 -0.162676558 0.020832615 0.073250443 -0.983736098
1403636965801666560.000000 2.436148167 7.051756382 7.521290302 0.162239060 -0.014328259 -0.072294146 0.983995378
1403636965851666432.000000 2.451465845 7.004224777 7.504413605 0.159898236 -0.009460956 -0.076040380 0.984154940
1403636965901666560.000000 2.464762688 6.958026409 7.487699032 0.157000065 -0.006423058 -0.080810808 0.984265924
1403636965951666432.000000 2.475998640 6.912824631 7.471156597 0.154573813 -0.004877423 -0.084995337 0.984306335
1403636966001666560.000000 2.485627413 6.868063450 7.454560757 0.152019948 -0.002845965 -0.089197963 0.984340250
1403636966051666432.000000 2.493144035 6.822684288 7.440236568 -0.149927780 0.001203277 0.092453465 -0.984364033
1403636966101666560.000000 2.499235868 6.777976990 7.424269676 -0.148665667 0.000192811 0.093296111 -0.984476686
1403636966151666432.000000 2.503653526 6.733391762 7.408011436 -0.146877035 -0.000934250 0.094990276 -0.984582722
1403636966201666560.000000 2.505735159 6.689093590 7.391415596 -0.146110162 -0.000833511 0.094809555 -0.984714329
1403636966251666432.000000 2.506005764 6.645122051 7.374448776 -0.145591080 -0.002410512 0.094049901 -0.984861434
1403636966301666560.000000 2.494635344 6.609576225 7.340425014 0.144609228 0.003020711 -0.094168201 0.984993160
1403636966351666432.000000 2.491191626 6.565788746 7.323143482 0.144946232 0.003642069 -0.090587981 0.985277176
1403636966401666560.000000 2.485411406 6.522302628 7.305203915 0.147299170 0.002861527 -0.081628613 0.985713780
1403636966451666432.000000 2.477997065 6.479494095 7.286750317 0.149943992 0.001958436 -0.071277283 0.986119986
1403636966501666560.000000 2.468981743 6.438090324 7.267929077 0.152218238 0.001327586 -0.061927482 0.986404061
1403636966551666432.000000 2.460242271 6.395800591 7.251598835 -0.153173611 -0.001011647 0.056194872 -0.986599684
1403636966601666560.000000 2.449435949 6.357442379 7.234011173 -0.152047396 -0.001480289 0.055786625 -0.986796498
1403636966651666432.000000 2.437409163 6.321136951 7.216378212 -0.148980722 -0.002078035 0.060352184 -0.986994445
1403636966701666560.000000 2.424267292 6.286376953 7.198445320 -0.145452663 -0.001859791 0.066337809 -0.987136960
1403636966751666432.000000 2.411802530 6.252788544 7.179622650 -0.142255738 -0.003097827 0.071942516 -0.987207174
1403636966801666560.000000 2.409743309 6.224312782 7.160679340 0.141044229 0.003186528 -0.073880434 0.987237632
1403636966851666432.000000 2.399380207 6.192138672 7.139714241 0.140391529 0.003018192 -0.073398083 0.987367153
1403636966901666560.000000 2.391026258 6.160845757 7.117601395 0.140158251 0.003013894 -0.071631737 0.987530053
1403636966951666432.000000 2.383879185 6.130528450 7.093956947 0.140707046 0.002523171 -0.068371646 0.987684429
1403636967001666560.000000 2.377391815 6.101166725 7.069785595 0.140160948 0.002762435 -0.068058126 0.987783134
1403636967051666432.000000 2.369462490 6.073209286 7.045600891 -0.138848156 -0.003329121 0.069709748 -0.987851560
1403636967101666560.000000 2.360666513 6.046090126 7.021226406 -0.137326807 -0.003573084 0.072970599 -0.987827897
1403636967151666432.000000 2.349953890 6.019786835 6.996745586 -0.135714859 -0.003812616 0.075759575 -0.987839818
1403636967201666560.000000 2.337359190 5.994094849 6.972162724 -0.134855986 -0.003965090 0.077356830 -0.987833083
1403636967251666432.000000 2.323103666 5.969111919 6.947249413 -0.134434685 -0.004083813 0.077206708 -0.987901747
1403636967301666560.000000 2.310263395 5.943312168 6.918298244 0.133396938 0.003891264 -0.078709528 0.987924576
1403636967351666432.000000 2.294556379 5.919042587 6.891778946 0.132539272 0.005011506 -0.080229007 0.987912774
1403636967401666560.000000 2.279696941 5.895016193 6.864133835 0.131791830 0.005560846 -0.081200689 0.987930417
1403636967451666432.000000 2.266816139 5.870636463 6.835342407 0.131140530 0.005772915 -0.081672400 0.987976968
1403636967501666560.000000 2.255347252 5.846230507 6.804720402 0.131390661 0.006263437 -0.080343641 0.988049686
1403636967551666432.000000 2.246100187 5.823223591 6.775942326 -0.130397990 -0.006733496 0.081446588 -0.988087833
1403636967601666560.000000 2.237299442 5.799718857 6.742603779 -0.129786164 -0.007194068 0.081824854 -0.988133848
1403636967651666432.000000 2.227855206 5.776272774 6.708481312 -0.129048124 -0.007221698 0.082384683 -0.988183856
1403636967701666560.000000 2.215410471 5.753006935 6.674376011 -0.128098413 -0.007027399 0.083369672 -0.988226116
1403636967751666432.000000 2.199513912 5.729563236 6.641299725 -0.127868757 -0.007497599 0.083094530 -0.988275647
1403636967801666560.000000 2.183966398 5.704796314 6.616233349 0.127570465 0.007347472 -0.082689911 0.988349259
1403636967851666432.000000 2.159443378 5.682333469 6.584094048 0.127636626 0.007664811 -0.082556993 0.988349378
1403636967901666560.000000 2.132243395 5.659842491 6.551711082 0.127377316 0.008564789 -0.082848802 0.988351047
1403636967951666432.000000 2.103141785 5.637448311 6.519682407 0.127430201 0.009308570 -0.083255187 0.988303363
1403636968001666560.000000 2.072101831 5.615293980 6.487603664 0.127561584 0.009157171 -0.082652532 0.988338411
1403636968051666432.000000 2.038743258 5.592599392 6.452755451 -0.127880424 -0.009094534 0.082833640 -0.988282621
1403636968101666560.000000 2.005435467 5.570647240 6.418915749 -0.129008636 -0.010293406 0.080805771 -0.988292098
1403636968151666432.000000 1.971564889 5.549118042 6.384120941 -0.129815668 -0.009557450 0.078678958 -0.988365412
1403636968201666560.000000 1.933071256 5.531583786 6.343428135 0.130473226 0.009168821 -0.077387832 0.988384426
1403636968251666432.000000 1.902040362 5.510974884 6.305773735 0.129984915 0.008581923 -0.078477062 0.988368154
1403636968301666560.000000 1.872358918 5.490609646 6.266149521 0.130416155 0.007830401 -0.077704325 0.988378704
1403636968351666432.000000 1.844703317 5.470734119 6.225363731 0.130128890 0.006742290 -0.078339793 0.988374352
1403636968401666560.000000 1.818567276 5.451183319 6.183206081 0.130245656 0.006163761 -0.077993341 0.988390207
1403636968451666432.000000 1.795082092 5.431275845 6.137293816 -0.130261540 -0.005219641 0.077480681 -0.988433897
1403636968501666560.000000 1.772575736 5.412043571 6.091647148 -0.130265325 -0.004653306 0.077005893 -0.988473296
1403636968551666432.000000 1.751645565 5.392984867 6.044719219 -0.130449146 -0.004838925 0.076629192 -0.988477409
1403636968601666560.000000 1.733217120 5.367329597 6.009780407 0.129499570 0.005221753 -0.078915350 0.988420486
1403636968651666432.000000 1.715520144 5.348453522 5.961869717 0.127698392 0.005453212 -0.083257012 0.988297343
1403636968701666560.000000 1.697789669 5.329539776 5.913074493 0.126891762 0.005819013 -0.085541353 0.988204122
1403636968751666432.000000 1.679288745 5.310143471 5.864273071 0.125791848 0.005896815 -0.089026250 0.988036454
1403636968801666560.000000 1.659514189 5.290310860 5.815837383 0.125180125 0.006157810 -0.090198010 0.988006294
1403636968851666432.000000 1.637185097 5.270596981 5.765388966 -0.124858104 -0.006382339 0.090746686 -0.987995327
1403636968901666560.000000 1.617292643 5.249889374 5.714565277 -0.125894412 -0.005709512 0.086874038 -0.988216043
1403636968951666432.000000 1.599310994 5.228385925 5.663170815 -0.126295239 -0.005497377 0.085651375 -0.988272846
1403636969001666560.000000 1.583139777 5.206511974 5.611227036 -0.126759261 -0.004927446 0.084196620 -0.988341451
1403636969051666432.000000 1.575185657 5.183062553 5.562460899 0.127384081 0.005339226 -0.081926368 0.988449752
1403636969101666560.000000 1.561428905 5.160916328 5.508358955 0.128487989 0.003540247 -0.078645170 0.988581479
1403636969151666432.000000 1.548362494 5.138774872 5.453622818 0.128612638 0.000064885 -0.077771030 0.988640785
1403636969201666560.000000 1.536717296 5.116947174 5.398261547 0.128307566 -0.004656446 -0.077687211 0.988676012
1403636969251666432.000000 1.526230812 5.095430374 5.342121124 0.128381222 -0.010610964 -0.076648720 0.988701522
1403636969301666560.000000 1.516930461 5.071331024 5.285426617 -0.127622142 0.016107978 0.077041075 -0.988695085
1403636969351666432.000000 1.509412289 5.049325466 5.228565693 -0.126836091 0.020201620 0.078031406 -0.988643348
1403636969401666560.000000 1.503934741 5.027007103 5.172118187 -0.125704736 0.023381630 0.079407334 -0.988608241
1403636969451666432.000000 1.498763084 5.004725933 5.116522312 -0.124922112 0.025655540 0.079986215 -0.988604307
1403636969501666560.000000 1.498850346 4.986412525 5.059254169 0.124218948 -0.027782360 -0.080799431 0.988569319
1403636969551666432.000000 1.492142797 4.963971138 5.006708145 0.123470664 -0.029094223 -0.081142463 0.988597214
1403636969601666560.000000 1.484455705 4.941657543 4.955567837 0.122771293 -0.030338002 -0.081023403 0.988656700
1403636969651666432.000000 1.475477934 4.919027328 4.905714512 0.122312397 -0.029986292 -0.080827080 0.988740385
1403636969701666560.000000 1.465796590 4.895926476 4.857278347 0.121907115 -0.029842202 -0.080619112 0.988811791
1403636969751666432.000000 1.452720046 4.872598648 4.811387539 -0.121707402 0.029283416 0.080167063 -0.988889873
1403636969801666560.000000 1.440680742 4.849099636 4.766044617 -0.121143214 0.029895842 0.081240565 -0.988853157
1403636969851666432.000000 1.429733276 4.826362610 4.717325687 0.120971657 -0.030856168 -0.080738962 0.988885760
1403636969901666560.000000 1.416496754 4.802755833 4.675115108 0.121081091 -0.030320702 -0.080101155 0.988940775
1403636969951666432.000000 1.402004480 4.778890133 4.634297371 0.121145897 -0.028751647 -0.080294967 0.988964021
1403636970001666560.000000 1.386862755 4.754800797 4.595044613 0.122121938 -0.025755094 -0.078180388 0.989095926
1403636970051666432.000000 1.371589184 4.730695724 4.556779861 0.122715488 -0.019682553 -0.077818789 0.989190459
1403636970101666560.000000 1.356927633 4.706745148 4.523058414 -0.123153776 0.015156406 0.078259617 -0.989180923
1403636970151666432.000000 1.340127707 4.682630062 4.487150192 -0.123397902 0.010104842 0.078595281 -0.989188433
1403636970201666560.000000 1.322577357 4.658638954 4.451366425 -0.123888858 0.007297511 0.077927209 -0.989204586
1403636970251666432.000000 1.302878857 4.635089397 4.405567169 0.124682218 -0.003281384 -0.077953704 0.989124298
1403636970301666560.000000 1.284934998 4.611591816 4.369639397 0.124743417 -0.004816632 -0.078099646 0.989098787
1403636970351666432.000000 1.266804457 4.588136196 4.333266735 0.125055656 -0.007220027 -0.077616870 0.989082754
1403636970401666560.000000 1.248776913 4.565004826 4.297264099 0.124442145 -0.012651916 -0.078789659 0.989012837
1403636970451666432.000000 1.231049299 4.541459084 4.261569500 0.124497347 -0.018024128 -0.079403497 0.988873422
1403636970501666560.000000 1.213402867 4.517702579 4.224658966 -0.124608599 0.022762634 0.078958891 -0.988797247
1403636970551666432.000000 1.197884202 4.493257046 4.183625698 0.124513142 -0.027268082 -0.079769671 0.988630295
1403636970601666560.000000 1.183096409 4.468873978 4.148914814 0.124694146 -0.031162390 -0.080435485 0.988438427
1403636970651666432.000000 1.170503139 4.443945885 4.114164829 0.124696374 -0.034443405 -0.081575453 0.988235831
1403636970701666560.000000 1.159383059 4.418501854 4.080115795 -0.124798588 0.038264703 0.082699381 -0.987988889
1403636970751666432.000000 1.151473999 4.392341137 4.046935081 -0.125217244 0.042093251 0.082418971 -0.987803578
1403636970801666560.000000 1.146204233 4.367279530 4.010786533 0.125320107 -0.045413885 -0.083719023 0.987534106
1403636970851666432.000000 1.139742255 4.340093136 3.980538845 0.125147969 -0.050467286 -0.085095763 0.987192869
1403636970901666560.000000 1.132910490 4.312199593 3.952507257 0.125314206 -0.054828707 -0.085106440 0.986938298
1403636970951666432.000000 1.125684500 4.283699512 3.926906586 0.125833228 -0.058108635 -0.083986767 0.986780465
1403636971001666560.000000 1.118037820 4.254529476 3.903850794 0.127197281 -0.058522139 -0.080824770 0.986845255
1403636971051666432.000000 1.110415220 4.225118160 3.881571531 -0.129097864 0.057172239 0.075894065 -0.987069070
1403636971101666560.000000 1.101780772 4.195709705 3.863310575 -0.131283164 0.053451035 0.069726028 -0.987444162
1403636971151666432.000000 1.094506741 4.169709206 3.844094753 0.133803979 -0.048593313 -0.064029567 0.987742662
1403636971201666560.000000 1.084278345 4.141277790 3.830412388 0.136673436 -0.044278145 -0.056078281 0.988036036
1403636971251666432.000000 1.073481441 4.114178658 3.818350315 0.139007762 -0.039468195 -0.049287803 0.988276184
1403636971301666560.000000 1.061943412 4.088626862 3.808064222 0.141431138 -0.035250541 -0.042489704 0.988407433
1403636971351666432.000000 1.049370408 4.064952850 3.799084663 0.143586725 -0.033061910 -0.036744542 0.988402545
1403636971401666560.000000 1.036098361 4.043337822 3.791945934 -0.145001546 0.031226743 0.033754200 -0.988362372
1403636971451666432.000000 1.023118019 4.023653984 3.777545452 0.145114750 -0.029885240 -0.034402918 0.988364875
1403636971501666560.000000 1.009031415 4.006338596 3.772781372 0.144327983 -0.029911846 -0.037612408 0.988362372
1403636971551666432.000000 0.994594216 3.990891933 3.769121647 0.143520728 -0.028088223 -0.041324396 0.988385141
1403636971601666560.000000 0.979993284 3.977355957 3.766677141 0.141922668 -0.024162009 -0.047029544 0.988464653
1403636971651666432.000000 0.964816689 3.965176821 3.765195608 0.140223175 -0.019095119 -0.053278279 0.988501072
1403636971701666560.000000 0.947077811 3.955105305 3.762654543 -0.138644516 0.014524000 0.059935372 -0.988420248
1403636971751666432.000000 0.934573412 3.945387840 3.763172865 0.138239086 -0.010276456 -0.063420624 0.988312781
1403636971801666560.000000 0.916807473 3.936402082 3.762871027 0.138594985 -0.006638917 -0.063709117 0.988275528
1403636971851666432.000000 0.898933530 3.928235769 3.762751818 0.139199689 -0.004073653 -0.063987687 0.988186538
1403636971901666560.000000 0.881977975 3.920768738 3.761588812 0.139565989 -0.002952333 -0.064258397 0.988121271
1403636971951666432.000000 0.866346061 3.914116144 3.759643555 0.139887154 -0.003032596 -0.064251833 0.988076031
1403636972001666560.000000 0.850996852 3.908320904 3.758370399 -0.140143439 0.003393300 0.065054372 -0.987986028
1403636972051666432.000000 0.844780028 3.901666403 3.750892639 0.140071675 -0.002835155 -0.065479144 0.987969816
1403636972101666560.000000 0.833544672 3.896950960 3.745875835 0.139596060 -0.003191997 -0.066735379 0.987951994
1403636972151666432.000000 0.823446572 3.892788410 3.740219116 0.139185473 -0.004781934 -0.066939630 0.987989664
1403636972201666560.000000 0.814952850 3.889094830 3.733368397 0.140022919 -0.008942095 -0.064385869 0.988012195
1403636972251666432.000000 0.804702044 3.886636019 3.725073099 -0.140442833 0.013741437 0.062396158 -0.988025188
1403636972301666560.000000 0.800263405 3.884077072 3.717057943 -0.140460879 0.017978972 0.061334703 -0.988021076
1403636972351666432.000000 0.805119157 3.882979155 3.705070734 0.139645576 -0.021120643 -0.063069947 0.987965226
1403636972401666560.000000 0.804935813 3.881313086 3.698118925 0.139045179 -0.022346454 -0.063837603 0.987973630
1403636972451666432.000000 0.807513416 3.880145073 3.690557003 0.138048813 -0.022391859 -0.066054605 0.987966597
1403636972501666560.000000 0.811727226 3.879468441 3.682626724 0.137476236 -0.020422364 -0.067433782 0.987995923
1403636972551666432.000000 0.818372011 3.878664970 3.675101757 0.136932597 -0.018846689 -0.068137839 0.988054454
1403636972601666560.000000 0.823974073 3.877598047 3.670452595 -0.135888353 0.017280957 0.069934092 -0.988101721
1403636972651666432.000000 0.832691669 3.877475500 3.662772179 -0.134618700 0.014181185 0.072732031 -0.988122880
1403636972701666560.000000 0.840333998 3.877519369 3.655162334 -0.133990586 0.013368444 0.073191337 -0.988185704
1403636972751666432.000000 0.846940517 3.878033638 3.646962404 -0.133260772 0.013167477 0.074033052 -0.988224387
1403636972801666560.000000 0.852271080 3.878864050 3.638218880 -0.133147374 0.013196660 0.073473729 -0.988281012
1403636972851666432.000000 0.855682909 3.882516146 3.625935078 0.133294463 -0.014049830 -0.073497459 0.988247633
1403636972901666560.000000 0.857666850 3.884093285 3.618504524 0.132131010 -0.014086805 -0.073870093 0.988375545
1403636972951666432.000000 0.857699990 3.886070013 3.611688137 0.129583657 -0.015639096 -0.072972789 0.988756120
1403636973001666560.000000 0.856120527 3.888756275 3.605381966 0.124465533 -0.017370263 -0.072275974 0.989435613
1403636973051666432.000000 0.853897095 3.889400482 3.605201006 -0.118819617 0.019412570 0.070174202 -0.990242779
1403636973101666560.000000 0.850263119 3.891826153 3.601027012 -0.113052092 0.020926369 0.067762442 -0.991054833
1403636973151666432.000000 0.845451117 3.894410610 3.597328901 -0.107656427 0.021495339 0.066393942 -0.991735816
1403636973201666560.000000 0.838981092 3.897032499 3.593986511 -0.103200987 0.022432894 0.064278632 -0.992327869
1403636973251666432.000000 0.831673265 3.899930000 3.591138840 -0.098885946 0.021123778 0.063855633 -0.992823184
1403636973301666560.000000 0.822950542 3.902857304 3.588723898 -0.095141642 0.020658953 0.062934101 -0.993257582
1403636973351666432.000000 0.808190465 3.908912420 3.591020107 0.092770718 -0.019902222 -0.061413411 0.993592501
1403636973401666560.000000 0.797381520 3.911371231 3.590363741 0.089699678 -0.019522779 -0.061816081 0.993856966
1403636973451666432.000000 0.785694063 3.913680315 3.590430260 0.087850034 -0.020051297 -0.060020238 0.994121671
1403636973501666560.000000 0.773482084 3.915772438 3.591243982 0.085720316 -0.019462496 -0.060247555 0.994305611
1403636973551666432.000000 0.760938704 3.917905331 3.592463255 0.083650857 -0.018122997 -0.061269745 0.994444668
1403636973601666560.000000 0.752130032 3.917261362 3.591022968 -0.082349509 0.015979163 0.060422696 -0.994641840
1403636973651666432.000000 0.738529563 3.918974161 3.592843294 -0.081250228 0.013990390 0.060467251 -0.994759440
1403636973701666560.000000 0.725671649 3.920123577 3.594374657 -0.080635086 0.012958968 0.060597409 -0.994815648
1403636973751666432.000000 0.713642597 3.922117949 3.596500397 -0.079857491 0.009856048 0.061588559 -0.994853079
1403636973801666560.000000 0.700592399 3.926641464 3.600359440 0.080202326 -0.007541957 -0.062214557 0.994806588
1403636973851666432.000000 0.691919148 3.927233458 3.600530863 0.079955615 -0.006429530 -0.063306414 0.994765341
1403636973901666560.000000 0.684967101 3.927658796 3.599691153 0.080457963 -0.005762693 -0.062692285 0.994767845
1403636973951666432.000000 0.680131912 3.927280426 3.598423004 0.081197821 -0.005604368 -0.060991485 0.994814336
1403636974001666560.000000 0.677643239 3.925148010 3.591395140 -0.080565654 0.008219908 0.059334058 -0.994947791
1403636974051666432.000000 0.674234986 3.924968719 3.587477684 -0.078740105 0.010543494 0.056321535 -0.995247126
1403636974101666560.000000 0.671656132 3.925269365 3.583832979 -0.074920282 0.013292747 0.053069003 -0.995687723
1403636974151666432.000000 0.668476999 3.926235199 3.580886364 -0.068571843 0.016434295 0.049682166 -0.996272862
1403636974201666560.000000 0.664160252 3.927957773 3.577804327 0.059351258 -0.017599260 -0.046888802 0.996980071
1403636974251666432.000000 0.659584999 3.930247545 3.576655149 0.048022989 -0.017320797 -0.044910733 0.997685730
1403636974301666560.000000 0.653493047 3.932494402 3.576649666 0.035442565 -0.017661884 -0.042417593 0.998314917
1403636974351666432.000000 0.646642327 3.935260296 3.576424599 0.021783261 -0.016012967 -0.039579839 0.998850584
1403636974401666560.000000 0.638130546 3.937846899 3.576854944 0.008091644 -0.015271993 -0.035249472 0.999229133
1403636974451666432.000000 0.628062725 3.940816164 3.577953577 0.006870586 0.012389667 0.031319555 -0.999409080
1403636974501666560.000000 0.617229521 3.943391562 3.579164028 0.021398768 0.010238349 0.025809139 -0.999385417
1403636974551666432.000000 0.605396450 3.945854902 3.580407143 0.036698166 0.008257820 0.021581912 -0.999059200
1403636974601666560.000000 0.592989862 3.948195934 3.581902981 0.052182164 0.005646024 0.016405096 -0.998486936
1403636974651666432.000000 0.580761850 3.951985836 3.581958294 -0.067277260 -0.005908891 -0.011567882 0.997649729
1403636974701666560.000000 0.568278134 3.953419685 3.581940651 -0.081242941 -0.006822716 -0.005362778 0.996656597
1403636974751666432.000000 0.556663513 3.954849005 3.580650568 -0.094656803 -0.008700715 0.001199266 0.995471299
1403636974801666560.000000 0.547269583 3.955572844 3.578487635 -0.107211530 -0.011218616 0.008069559 0.994140208
1403636974851666432.000000 0.539649785 3.956102610 3.575335026 -0.118105114 -0.013568200 0.017202169 0.992759407
1403636974901666560.000000 0.534170628 3.956745863 3.574321747 0.128829777 0.017032243 -0.025954686 -0.991180718
1403636974951666432.000000 0.530742526 3.957533598 3.570906162 0.139163479 0.018819980 -0.034427453 -0.989491820
1403636975001666560.000000 0.529251993 3.959073305 3.567224264 0.149317190 0.021223210 -0.040970292 -0.987712204
1403636975051666432.000000 0.529898405 3.961506128 3.563751221 0.159275189 0.021189723 -0.046471700 -0.985912144
1403636975101666560.000000 0.532355487 3.964937210 3.560776949 0.169675991 0.019206440 -0.047950841 -0.984145343
1403636975151666432.000000 0.539191067 3.969631672 3.566794872 -0.178335935 -0.016030954 0.048103631 0.982662439
1403636975201666560.000000 0.541337311 3.974069834 3.565235138 -0.186371177 -0.011922924 0.046727870 0.981295168
1403636975251666432.000000 0.543056190 3.979080439 3.564415216 -0.193036452 -0.007653140 0.044315748 0.980160415
1403636975301666560.000000 0.543535709 3.984093189 3.564644337 -0.197957173 -0.003844056 0.042765446 0.979269803
1403636975351666432.000000 0.539664268 3.988184452 3.562129259 0.201455861 -0.000388197 -0.041739643 -0.978607774
1403636975401666560.000000 0.535706460 3.992844820 3.562284708 0.204345137 -0.000714844 -0.039990690 -0.978081465
1403636975451666432.000000 0.530566514 3.997208118 3.562715054 0.205805331 -0.000658317 -0.039879113 -0.977779925
1403636975501666560.000000 0.524338663 4.001339912 3.563424826 0.206515968 0.001296400 -0.039597306 -0.977640808
1403636975551666432.000000 0.518548608 4.005213261 3.564189196 0.206767857 0.004765342 -0.039514128 -0.977580249
1403636975601666560.000000 0.514678359 4.009014130 3.565057278 0.206683174 0.008267724 -0.039127685 -0.977590322
1403636975651666432.000000 0.514423490 4.011669636 3.579297066 -0.206132054 -0.011152026 0.038892016 0.977687418
1403636975701666560.000000 0.515528917 4.015111923 3.580385208 -0.205124542 -0.013690982 0.038403831 0.977886379
1403636975751666432.000000 0.519394636 4.018470287 3.583559513 -0.203617200 -0.016105123 0.037953474 0.978182077
1403636975801666560.000000 0.524752438 4.021211147 3.585461140 -0.202745855 -0.017470296 0.038014892 0.978337288
1403636975851666432.000000 0.531945527 4.024341106 3.588577986 -0.204012051 -0.018898973 0.038122822 0.978043318
1403636975901666560.000000 0.533715725 4.025110245 3.583286762 0.207592204 0.019948270 -0.039303318 -0.977221966
1403636975951666432.000000 0.539910972 4.028445244 3.586361408 0.212083250 0.019277519 -0.042570572 -0.976133645
1403636976001666560.000000 0.545303881 4.032010078 3.590165377 0.217948943 0.016953081 -0.046924114 -0.974684119
1403636976051666432.000000 0.548676133 4.036526203 3.590755463 0.224799693 0.011977787 -0.052946143 -0.972891748
1403636976101666560.000000 0.553217173 4.039954185 3.599861383 0.231923327 0.005557977 -0.060800780 -0.970816135
1403636976151666432.000000 0.552433848 4.041619778 3.607329369 -0.239746526 0.001043812 0.070192032 0.968294203
1403636976201666560.000000 0.553191185 4.046934128 3.613132954 -0.248253375 0.006602792 0.079584464 0.965397894
1403636976251666432.000000 0.551939070 4.053051949 3.618508339 -0.257554293 0.011462207 0.088973910 0.962090492
1403636976301666560.000000 0.549353659 4.060464859 3.623200417 -0.268690109 0.014272213 0.096001223 0.958324432
1403636976351666432.000000 0.545460701 4.068980694 3.627331257 -0.280541897 0.017055077 0.102645919 0.954185069
1403636976401666560.000000 0.540811300 4.079341412 3.628895998 0.293053180 -0.018440241 -0.107922040 -0.949806690
1403636976451666432.000000 0.534381330 4.090707302 3.630891800 0.306064337 -0.019444874 -0.111791380 -0.945224464
1403636976501666560.000000 0.528357565 4.102388859 3.615279198 -0.319416910 0.017332580 0.112269938 0.940780461
1403636976551666432.000000 0.519436955 4.115395069 3.615993977 -0.332134157 0.014743162 0.110071406 0.936671674
1403636976601666560.000000 0.508991838 4.128689289 3.616582870 -0.342983514 0.012322159 0.107415043 0.933098316
1403636976651666432.000000 0.496933490 4.141736984 3.616979599 -0.352168053 0.010078014 0.104882091 0.929987013
1403636976701666560.000000 0.483411908 4.154591560 3.617776871 -0.359543353 0.008675114 0.103345670 0.927347362
1403636976751666432.000000 0.468783379 4.168339729 3.617931128 0.365253448 -0.007877975 -0.103697635 -0.925080955
1403636976801666560.000000 0.452438951 4.181452751 3.619720936 0.369218290 -0.006054725 -0.105419457 -0.923324466
1403636976851666432.000000 0.434934050 4.194377899 3.621801138 0.371373326 -0.002108366 -0.109250724 -0.922031343
1403636976901666560.000000 0.418415874 4.207188606 3.623532057 0.372642279 0.000305206 -0.112522237 -0.921127796
1403636976951666432.000000 0.399328887 4.216502666 3.623812914 -0.373279721 -0.002193522 0.116363645 0.920389593
1403636977001666560.000000 0.387544811 4.229584694 3.624520302 -0.373442590 -0.002314144 0.118219167 0.920086682
1403636977051666432.000000 0.377939701 4.243211269 3.624819279 -0.373112023 -0.003903233 0.119917892 0.919995606
1403636977101666560.000000 0.371311426 4.257715702 3.624706268 -0.372679591 -0.004352157 0.121398062 0.919974804
1403636977151666432.000000 0.366420746 4.272610664 3.623757839 -0.371761978 -0.005038853 0.122405961 0.920208931
1403636977201666560.000000 0.364447415 4.288184166 3.619602919 0.370369792 0.005844125 -0.123598866 -0.920606017
1403636977251666432.000000 0.363453686 4.304358959 3.617244482 0.369011730 0.005997866 -0.123869240 -0.921113908
1403636977301666560.000000 0.362892687 4.321319580 3.614902973 0.367766291 0.006179815 -0.122986712 -0.921728909
1403636977351666432.000000 0.361871123 4.339007378 3.612835407 0.366499871 0.003420678 -0.121219873 -0.922481477
1403636977401666560.000000 0.359624147 4.357306004 3.611084461 0.365735769 0.001481518 -0.118259765 -0.923173845
1403636977451666432.000000 0.350254834 4.383919716 3.615682364 -0.365228146 0.002520549 0.114186436 0.923884988
1403636977501666560.000000 0.345502764 4.403406143 3.614535093 -0.364525467 0.005138105 0.111056320 0.924533010
1403636977551666432.000000 0.340041190 4.422918797 3.613748074 -0.364178270 0.008483696 0.107976437 0.925009906
1403636977601666560.000000 0.332482487 4.442957401 3.613099575 -0.363092542 0.010765793 0.107302412 0.925491333
1403636977651666432.000000 0.323645025 4.463469028 3.612471104 -0.362950832 0.011965278 0.104950912 0.925801754
1403636977701666560.000000 0.312234610 4.480784893 3.610516071 0.363200247 -0.012422815 -0.106222831 -0.925552785
1403636977751666432.000000 0.300205082 4.500862598 3.609789610 0.363825232 -0.011645226 -0.109687045 -0.924913228
1403636977801666560.000000 0.287135661 4.521170139 3.608968258 0.364202410 -0.011264760 -0.114646547 -0.924167693
1403636977851666432.000000 0.266896307 4.553813457 3.616327286 -0.364414185 0.010112918 0.119150646 0.923527658
1403636977901666560.000000 0.253314674 4.574843407 3.615042925 -0.365527451 0.010492556 0.120890692 0.922857046
1403636977951666432.000000 0.241329372 4.596771240 3.613190651 -0.367617339 0.011361138 0.120118953 0.922117114
1403636978001666560.000000 0.230910301 4.618249416 3.609616756 -0.369514853 0.012177761 0.118411154 0.921568990
1403636978051666432.000000 0.222805083 4.639605522 3.604522705 -0.372104585 0.011908636 0.115206547 0.920936406
1403636978101666560.000000 0.216188610 4.659214497 3.597142220 0.374180585 -0.010925432 -0.112928070 -0.920389473
1403636978151666432.000000 0.204734027 4.690418720 3.597462177 -0.375122875 0.009790857 0.112490661 0.920072198
1403636978201666560.000000 0.201839447 4.712096214 3.589979410 -0.376692921 0.007454064 0.110895544 0.919646204
1403636978251666432.000000 0.199971676 4.733457088 3.581383705 -0.377645165 0.004339558 0.110740237 0.919294298
1403636978301666560.000000 0.199409604 4.754248142 3.572098732 -0.378560901 0.002439699 0.109784521 0.919039190
1403636978351666432.000000 0.200606465 4.775074005 3.562797546 -0.379245430 -0.000315504 0.110395156 0.918686986
1403636978401666560.000000 0.200815678 4.799660683 3.558768034 -0.379601687 -0.003161006 0.110470399 0.918525398
1403636978451666432.000000 0.205567658 4.819559097 3.548549652 -0.380244315 -0.008192253 0.110449091 0.918231070
1403636978501666560.000000 0.210289478 4.839643478 3.539054632 -0.380312711 -0.013261994 0.112522580 0.917891681
1403636978551666432.000000 0.214689136 4.860105991 3.530517578 -0.380622447 -0.018363554 0.113601789 0.917542338
1403636978601666560.000000 0.217786670 4.881170273 3.523382902 -0.380621284 -0.022997104 0.116172217 0.917116463
1403636978651666432.000000 0.220647037 4.903581619 3.518072605 0.380926371 0.026463691 -0.117358968 -0.916745126
1403636978701666560.000000 0.213685572 4.934278488 3.521669149 -0.381026208 -0.028840423 0.118184976 0.916525841
1403636978751666432.000000 0.214148581 4.957841396 3.519236565 -0.381172568 -0.031357266 0.119018830 0.916274369
1403636978801666560.000000 0.213947892 4.982565880 3.518847466 -0.381431609 -0.032908048 0.119334288 0.916071177
1403636978851666432.000000 0.213738084 5.008497238 3.520220995 -0.381559968 -0.031345326 0.118625723 0.916164577
1403636978901666560.000000 0.213061750 5.035875320 3.523746967 -0.382067502 -0.027297400 0.117427744 0.916236877
1403636978951666432.000000 0.211690962 5.063521862 3.527472019 0.382884949 0.021994118 -0.114613563 -0.916394651
1403636979001666560.000000 0.210132182 5.092121124 3.533233881 0.384127229 0.013788573 -0.110627763 -0.916524827
1403636979051666432.000000 0.206896782 5.120879650 3.540402174 0.385096937 0.006383454 -0.107297137 -0.916595340
1403636979101666560.000000 0.201492250 5.149631023 3.548734188 0.385639966 0.000583507 -0.104595818 -0.916701317
1403636979151666432.000000 0.197005630 5.188063622 3.564794302 -0.386012733 0.003775629 0.102697715 0.916751385
1403636979201666560.000000 0.188294828 5.215952396 3.575046539 -0.385993153 0.004461180 0.102494851 0.916779280
1403636979251666432.000000 0.178420961 5.243398666 3.585917234 -0.385276347 0.000828807 0.104160234 0.916903555
1403636979301666560.000000 0.169242203 5.270359039 3.597251892 -0.384980470 -0.004275380 0.105573349 0.916856647
1403636979351666432.000000 0.161474645 5.297241688 3.606679440 0.384382755 0.009493339 -0.107551970 -0.916838288
1403636979401666560.000000 0.155475199 5.323981762 3.618251801 0.384014755 0.014670928 -0.108557887 -0.916805685
1403636979451666432.000000 0.151452243 5.350505829 3.629943609 0.383485913 0.018688111 -0.110718757 -0.916695535
1403636979501666560.000000 0.147861004 5.377484798 3.641307831 -0.382637560 -0.020859798 0.112680599 0.916764200
1403636979551666432.000000 0.148085833 5.403755665 3.653139114 -0.382709384 -0.023789672 0.113363929 0.916578591
1403636979601666560.000000 0.150579214 5.430495739 3.665584803 -0.382611483 -0.024268182 0.114241920 0.916497886
1403636979651666432.000000 0.155284643 5.458182335 3.678792000 -0.382821828 -0.025120702 0.115305193 0.916253924
1403636979701666560.000000 0.162420273 5.486489773 3.692519188 -0.384402901 -0.026849691 0.113351829 0.915786505
1403636979751666432.000000 0.164814413 5.512975216 3.706865311 0.384971410 0.027656490 -0.114070818 -0.915434301
1403636979801666560.000000 0.186167538 5.544869423 3.722021103 -0.386124432 -0.025364554 0.112930693 0.915156424
1403636979851666432.000000 0.197244883 5.574207306 3.738177299 -0.387981743 -0.021000514 0.110446893 0.914784491
1403636979901666560.000000 0.208988607 5.603857517 3.755625010 -0.389015943 -0.016593866 0.109958135 0.914494693
1403636979951666432.000000 0.223193288 5.634469032 3.774159193 -0.390839010 -0.012590787 0.107617192 0.914059579
1403636980001666560.000000 0.233586371 5.664397717 3.793752432 -0.392191678 -0.010695968 0.106490247 0.913636267
1403636980051666432.000000 0.239351034 5.694257736 3.814631224 0.393489510 0.009650069 -0.105576068 -0.913195848
1403636980101666560.000000 0.261413217 5.729673386 3.838741302 -0.394391984 -0.008319260 0.105329081 0.912848055
1403636980151666432.000000 0.268232882 5.759160995 3.860968590 -0.395125061 -0.006735706 0.105481282 0.912526488
1403636980201666560.000000 0.274120450 5.788510799 3.884327173 -0.395743340 -0.006037762 0.105928689 0.912211537
1403636980251666432.000000 0.279244542 5.817730427 3.908612013 -0.395936370 -0.004925290 0.106820635 0.912030399
1403636980301666560.000000 0.283855498 5.846760273 3.933444262 -0.396351755 -0.001521820 0.107380770 0.911796272
1403636980351666432.000000 0.287476420 5.875355721 3.958674431 0.396846950 -0.001452349 -0.106571466 -0.911675990
1403636980401666560.000000 0.289768875 5.903440952 3.984677076 0.396432966 -0.006186183 -0.107511096 -0.911725819
1403636980451666432.000000 0.290479243 5.925855637 4.007065296 -0.396673530 0.009090974 0.106951647 0.911662638
1403636980501666560.000000 0.290549338 5.953269482 4.033880234 -0.395977408 0.012670626 0.108465686 0.911743760
1403636980551666432.000000 0.289714992 5.980119228 4.060515881 -0.394933581 0.014949623 0.109778032 0.912004828
1403636980601666560.000000 0.288660109 6.006311893 4.087072849 -0.393729091 0.017731231 0.111775875 0.912233114
1403636980651666432.000000 0.287816465 6.031777859 4.112535954 -0.392621785 0.019608272 0.113258347 0.912488997
1403636980701666560.000000 0.290053546 6.057754040 4.137406349 0.392500937 -0.019526167 -0.111745827 -0.912729263
1403636980751666432.000000 0.292734742 6.083615780 4.161342621 0.392115444 -0.017641090 -0.111538865 -0.912958562
1403636980801666560.000000 0.297183454 6.109309196 4.184315681 0.392733783 -0.013311145 -0.108456887 -0.913137555
1403636980851666432.000000 0.302669883 6.134241581 4.206450462 0.392322630 -0.008472683 -0.107306734 -0.913507819
1403636980901666560.000000 0.310637653 6.159583569 4.228388786 0.392223448 -0.003676853 -0.106421657 -0.913685799
1403636980951666432.000000 0.311746776 6.170816898 4.241158009 -0.392472923 0.000258837 0.104335971 0.913826585
1403636981001666560.000000 0.320959151 6.195071697 4.262923717 -0.392177582 -0.001728489 0.103789106 0.914013982
1403636981051666432.000000 0.329014182 6.218284607 4.285330772 -0.392064929 -0.002257088 0.103271954 0.914119780
1403636981101666560.000000 0.336224496 6.240899563 4.308914185 -0.391635150 -0.000164714 0.104042768 0.914219379
1403636981151666432.000000 0.341612458 6.262498856 4.332780838 -0.390712947 0.002026621 0.106591590 0.914318085
1403636981201666560.000000 0.349934757 6.290529251 4.358363628 0.389679968 -0.005089062 -0.110437199 -0.914290547
1403636981251666432.000000 0.354470968 6.313407898 4.383682728 0.388134927 -0.009788994 -0.116269737 -0.914186418
1403636981301666560.000000 0.358060539 6.336180687 4.408932686 0.386532247 -0.015127115 -0.121924065 -0.914056122
1403636981351666432.000000 0.360541582 6.359147549 4.433720112 0.385171860 -0.019702984 -0.127162546 -0.913829446
1403636981401666560.000000 0.361348629 6.382096291 4.457983971 0.385038853 -0.021275213 -0.129482582 -0.913524330
1403636981451666432.000000 0.350178838 6.378395557 4.458942413 -0.386982352 0.019858679 0.127805948 0.912971020
1403636981501666560.000000 0.348583221 6.401349068 4.480914116 -0.389596909 0.016249377 0.124157101 0.912433743
1403636981551666432.000000 0.346307993 6.423028469 4.500279427 -0.392915338 0.011191901 0.118769571 0.911803782
1403636981601666560.000000 0.343830585 6.442124367 4.516886711 -0.395971090 0.004916423 0.113862619 0.911163032
1403636981651666432.000000 0.344950497 6.463422775 4.535688400 -0.398711234 -0.000177608 0.110035896 0.910451293
1403636981701666560.000000 0.354771078 6.492592812 4.558495998 0.400559962 0.004104226 -0.108031347 -0.909870446
1403636981751666432.000000 0.360756099 6.514298916 4.576742649 0.402499378 0.006924373 -0.106550649 -0.909171820
1403636981801666560.000000 0.368527055 6.535713196 4.595009804 0.403571516 0.010966261 -0.107090898 -0.908592999
1403636981851666432.000000 0.369495809 6.541182518 4.600827694 -0.404708385 -0.014762445 0.107895672 0.907938242
1403636981901666560.000000 0.381544530 6.561465263 4.619167328 -0.405478150 -0.018955614 0.109282255 0.907350898
1403636981951666432.000000 0.394367337 6.581592560 4.638123035 -0.405600458 -0.023740817 0.112791434 0.906754017
1403636982001666560.000000 0.407259583 6.601972103 4.657974243 -0.405424446 -0.028196830 0.115968414 0.906304181
1403636982051666432.000000 0.419486463 6.622385979 4.678754807 -0.404930502 -0.032251738 0.120113365 0.905849874
1403636982101666560.000000 0.433591962 6.644332409 4.701318264 0.404413760 0.035987921 -0.123505481 -0.905483782
1403636982151666432.000000 0.445330858 6.666698456 4.725641251 0.403675467 0.037872598 -0.126963705 -0.905258000
1403636982201666560.000000 0.456664264 6.689849377 4.751376629 0.403051168 0.038101144 -0.129925296 -0.905106425
1403636982251666432.000000 0.461744428 6.706678391 4.770882607 -0.401990563 -0.035729047 0.133194000 0.905199707
1403636982301666560.000000 0.471931458 6.732293129 4.799557686 -0.400919020 -0.032110360 0.136219591 0.905360281
1403636982351666432.000000 0.481704414 6.759459496 4.829037666 -0.400408417 -0.026939791 0.136850312 0.905659616
1403636982401666560.000000 0.491542518 6.788333893 4.859254837 -0.400189102 -0.019913478 0.136504620 0.905990422
1403636982451666432.000000 0.502455175 6.818713188 4.889117241 -0.400275797 -0.011811776 0.134398028 0.906408846
1403636982501666560.000000 0.514559627 6.849911213 4.917705059 -0.399852872 -0.003832672 0.132685125 0.906916618
1403636982551666432.000000 0.531927705 6.880056381 4.947017670 0.400307208 -0.001568233 -0.129070297 -0.907244563
1403636982601666560.000000 0.547026455 6.913049698 4.975199699 0.400187701 -0.003529880 -0.127217412 -0.907553434
1403636982651666432.000000 0.562969565 6.946754456 5.002944946 0.399024993 -0.003482716 -0.127935722 -0.907964468
1403636982701666560.000000 0.580126762 6.978708267 5.026261806 -0.397836298 0.003091988 0.128719851 0.908376575
1403636982751666432.000000 0.596010625 7.013017654 5.052906036 -0.397222936 -0.000503162 0.128070101 0.908741951
1403636982801666560.000000 0.611612260 7.047686100 5.078909874 -0.396258652 -0.003223878 0.127658024 0.909215152
1403636982851666432.000000 0.626124322 7.082936287 5.104572296 -0.396099925 -0.006068590 0.127217576 0.909331501
1403636982901666560.000000 0.639413655 7.118644238 5.130525589 -0.396336347 -0.009102027 0.125635028 0.909423172
1403636982951666432.000000 0.648566246 7.153987408 5.155794621 0.396597058 0.009082569 -0.123694800 -0.909575701
1403636983001666560.000000 0.658517659 7.190701962 5.182954311 0.396993399 0.008471482 -0.121922798 -0.909647942
1403636983051666432.000000 0.667155266 7.227704525 5.210770130 0.397419184 0.005075772 -0.119498819 -0.909808934
1403636983101666560.000000 0.689701021 7.264472008 5.242186546 -0.398131579 -0.002793968 0.117868423 0.909720063
1403636983151666432.000000 0.695633411 7.301767826 5.270884514 -0.398882359 -0.000714831 0.115330979 0.909720361
1403636983201666560.000000 0.700238287 7.339001179 5.299477577 -0.399969369 -0.000204659 0.112305902 0.909621835
1403636983251666432.000000 0.704109907 7.376195908 5.328381538 -0.400626987 0.000929601 0.110099569 0.909601748
1403636983301666560.000000 0.706700146 7.412800312 5.357939720 -0.401788265 0.001276990 0.107922368 0.909350038
1403636983351666432.000000 0.708489597 7.449046135 5.387419701 -0.402149528 0.002019938 0.107512295 0.909237504
1403636983401666560.000000 0.708971739 7.485828400 5.416464806 0.403116941 -0.002073808 -0.105540305 -0.909040034
1403636983451666432.000000 0.709844589 7.521256924 5.446089745 0.403389037 -0.002939527 -0.105874419 -0.908878088
1403636983501666560.000000 0.711381078 7.555719852 5.475255966 0.403686285 -0.002200466 -0.106472805 -0.908678293
1403636983551666432.000000 0.714482903 7.589280605 5.503827572 0.404132992 -0.000647950 -0.106929310 -0.908428490
1403636983601666560.000000 0.730082035 7.628560066 5.540313244 -0.405091733 -0.002385962 0.107274540 0.907957733
1403636983651666432.000000 0.735893548 7.660573483 5.568388939 -0.405345470 -0.006192842 0.108915932 0.907631040
1403636983701666560.000000 0.744689524 7.692511082 5.596335411 -0.405946344 -0.008966310 0.109943770 0.907215297
1403636983751666432.000000 0.755917430 7.723956108 5.623986721 -0.406518489 -0.012119661 0.110890001 0.906807244
1403636983801666560.000000 0.769321263 7.755104542 5.651996136 -0.407364249 -0.014528463 0.110689744 0.906416655
1403636983851666432.000000 0.784335315 7.786021709 5.679878235 -0.407965094 -0.017307632 0.111807957 0.905960262
1403636983901666560.000000 0.799043357 7.811135292 5.705054283 0.408348620 0.019076455 -0.112453066 -0.905672073
1403636983951666432.000000 0.816718400 7.840437889 5.732681274 0.408956468 0.020205662 -0.113856331 -0.905197859
1403636984001666560.000000 0.836623311 7.869722843 5.760734558 0.409425020 0.021308482 -0.114896171 -0.904829323
1403636984051666432.000000 0.857710123 7.899086475 5.789662838 0.409723252 0.022708766 -0.116314597 -0.904478908
1403636984101666560.000000 0.888462901 7.948616982 5.834180832 -0.410509139 -0.023755565 0.116973884 0.904010594
1403636984151666432.000000 0.909043133 7.979114532 5.865244865 -0.411326021 -0.022239638 0.116329327 0.903760970
1403636984201666560.000000 0.928505480 8.010150909 5.897517204 -0.412559539 -0.019854827 0.115186200 0.903400540
1403636984251666432.000000 0.946667135 8.041705132 5.931584358 -0.413522333 -0.015746305 0.114475295 0.903131664
1403636984301666560.000000 0.963160455 8.074211121 5.967650414 -0.414819241 -0.013272142 0.112379454 0.902839839
1403636984351666432.000000 0.978193223 8.108803749 6.006714821 -0.415533364 -0.010175690 0.112237446 0.902569294
1403636984401666560.000000 0.991017401 8.130763054 6.036717892 0.416348726 0.008802375 -0.111565761 -0.902291238
1403636984451666432.000000 1.002783537 8.160912514 6.074493885 0.417276442 0.006990370 -0.110170119 -0.902049959
1403636984501666560.000000 1.013350725 8.190772057 6.113186836 0.418062776 0.005093570 -0.109539047 -0.901775420
1403636984551666432.000000 1.028249502 8.244157791 6.168828011 -0.418365568 -0.004750136 0.109093390 0.901690781
1403636984601666560.000000 1.038148165 8.273104668 6.208668709 -0.418574631 -0.003984073 0.108703800 0.901644588
1403636984651666432.000000 1.049505353 8.301803589 6.248260975 -0.418624997 -0.003834474 0.108557574 0.901639462
1403636984701666560.000000 1.061989307 8.329695702 6.287711143 -0.418647289 -0.003457406 0.107732587 0.901729524
1403636984751666432.000000 1.075818300 8.357260704 6.327085018 -0.417852938 -0.001995888 0.108662538 0.901990831
1403636984801666560.000000 1.090681076 8.385444641 6.367182732 -0.417151988 -0.000569308 0.110179260 0.902133346
1403636984851666432.000000 1.105404973 8.406269073 6.402886391 0.415862858 -0.000645524 -0.112629429 -0.902425766
1403636984901666560.000000 1.121611476 8.430675507 6.440196514 0.414839387 -0.002088650 -0.115484037 -0.902533948
1403636984951666432.000000 1.138975859 8.454432487 6.476428509 0.414571375 -0.003524846 -0.116325513 -0.902544498
1403636985001666560.000000 1.157101035 8.477385521 6.511766434 0.414375275 -0.003670429 -0.116893917 -0.902560592
1403636985051666432.000000 1.187601686 8.528028488 6.567297935 -0.414176583 0.003089596 0.117148809 0.902620852
1403636985101666560.000000 1.206178546 8.551663399 6.602928162 -0.414884746 0.002227228 0.115832031 0.902468085
1403636985151666432.000000 1.222322702 8.574541092 6.638608932 -0.415550083 -0.000044830 0.114834704 0.902292192
1403636985201666560.000000 1.237262368 8.599703789 6.676583290 -0.416285068 -0.000256764 0.113453940 0.902127981
1403636985251666432.000000 1.248692513 8.623604774 6.715462685 -0.417143345 -0.000489730 0.112080701 0.901903093
1403636985301666560.000000 1.259517670 8.654360771 6.763291836 -0.417717606 -0.000537503 0.111242428 0.901741028
1403636985351666432.000000 1.255968571 8.661656380 6.786678791 0.417095751 0.000965240 -0.110272780 -0.902147532
1403636985401666560.000000 1.268044591 8.697311401 6.843457699 -0.415415049 -0.001651661 0.108667888 0.903116226
1403636985451666432.000000 1.276263118 8.718241692 6.882882118 -0.412436277 -0.003636888 0.105778277 0.904817164
1403636985501666560.000000 1.286919594 8.738314629 6.922276974 -0.408434033 -0.004507506 0.102653667 0.906985998
1403636985551666432.000000 1.299939513 8.758575439 6.962520123 -0.404413044 -0.004507098 0.099911109 0.909091651
1403636985601666560.000000 1.316308856 8.782877922 7.006815910 -0.401319623 -0.004495437 0.096618973 0.910816729
1403636985651666432.000000 1.331334114 8.796665192 7.041070938 0.398597062 0.005318325 -0.092868306 -0.912396669
1403636985701666560.000000 1.349529386 8.813923836 7.079903603 0.396580696 0.004630588 -0.089451596 -0.913619637
1403636985751666432.000000 1.369375944 8.830264091 7.118674278 0.394674182 0.003234889 -0.086506218 -0.914734125
1403636985801666560.000000 1.390518904 8.845517159 7.157731056 0.392727554 0.001004637 -0.083965100 -0.915813327
1403636985851666432.000000 1.397634506 8.854522705 7.210158348 -0.392092079 0.007305114 0.079679705 0.916439712
1403636985901666560.000000 1.419389725 8.868062973 7.250114918 -0.391013563 0.017286103 0.075083695 0.917154312
1403636985951666432.000000 1.439601779 8.880287170 7.290674686 -0.390161753 0.028969077 0.070513383 0.917585135
1403636986001666560.000000 1.457051516 8.890992165 7.331626892 -0.389745086 0.035893202 0.066707082 0.917802095
1403636986051666432.000000 1.471607447 8.899677277 7.372565269 -0.389953375 0.037968569 0.063624114 0.917849004
1403636986101666560.000000 1.483154297 8.906465530 7.413866043 -0.388835549 0.036979750 0.064656645 0.918291330
1403636986151666432.000000 1.495225430 8.908433914 7.450581074 0.387742281 -0.031141212 -0.067372672 -0.918774843
1403636986201666560.000000 1.503354549 8.910418510 7.490393639 0.386618912 -0.024288630 -0.071273923 -0.919160485
1403636986251666432.000000 1.497618914 8.897120476 7.530408382 -0.386372089 0.015248500 0.074248828 0.919223189
1403636986301666560.000000 1.503537297 8.895986557 7.570033073 -0.385460973 0.009250041 0.077545710 0.919413447
1403636986351666432.000000 1.509076595 8.893785477 7.610238075 -0.385132849 0.003935859 0.078927092 0.919471502
1403636986401666560.000000 1.513781309 8.890189171 7.650963306 -0.383636355 0.001566467 0.083148777 0.919732034
1403636986451666432.000000 1.518317461 8.885629654 7.692353249 -0.381993622 0.001226014 0.087682374 0.919995248
1403636986501666560.000000 1.523157120 8.879657745 7.733643055 -0.380422682 0.000815470 0.091794610 0.920245469
1403636986551666432.000000 1.532665491 8.876761436 7.772224903 0.378625035 -0.002758143 -0.096002080 -0.920553744
1403636986601666560.000000 1.541587353 8.869826317 7.811404228 0.377088785 -0.003363114 -0.099110961 -0.920852780
1403636986651666432.000000 1.546789050 8.845507622 7.843299866 -0.376723230 0.004287465 0.100845203 0.920810282
1403636986701666560.000000 1.559800982 8.837931633 7.880087376 -0.375342488 0.005583184 0.104271784 0.920985520
1403636986751666432.000000 1.574971199 8.830740929 7.916058540 -0.374200970 0.006962292 0.106562607 0.921178401
1403636986801666560.000000 1.591924071 8.823410034 7.950932503 -0.372926086 0.008089525 0.110112660 0.921268702
1403636986851666432.000000 1.610850692 8.815863609 7.984009743 -0.372746110 0.009766906 0.110297985 0.921303093
1403636986901666560.000000 1.630827308 8.809070587 8.015279770 0.372663110 -0.010361734 -0.111336976 -0.921205223
1403636986951666432.000000 1.653587699 8.802564621 8.045705795 0.373157978 -0.010822681 -0.109937698 -0.921167612
1403636987001666560.000000 1.677758098 8.796154022 8.074768066 0.374064028 -0.010796853 -0.108710602 -0.920946062
1403636987051666432.000000 1.703125000 8.789315224 8.101964951 0.375950962 -0.010297149 -0.105509751 -0.920555592
1403636987101666560.000000 1.730007529 8.768203735 8.119529724 -0.377497613 0.010492896 0.103552639 0.920142591
1403636987151666432.000000 1.754075289 8.760517120 8.145638466 -0.378489196 0.010772045 0.102564313 0.919842601
1403636987201666560.000000 1.776800156 8.752529144 8.171467781 -0.379628301 0.011521419 0.101483427 0.919484019
1403636987251666432.000000 1.797397494 8.743981361 8.196962357 -0.379933298 0.013170261 0.102553584 0.919217050
1403636987301666560.000000 1.816028833 8.735340118 8.222305298 -0.381211728 0.013832474 0.101128310 0.918835938
1403636987351666432.000000 1.833217859 8.726147652 8.247783661 -0.381311238 0.014468375 0.101075836 0.918790579
1403636987401666560.000000 1.849775195 8.723397255 8.277870178 0.380543232 -0.016210683 -0.100573421 -0.919134974
1403636987451666432.000000 1.863979816 8.714679718 8.304354668 0.379442781 -0.016909527 -0.097986780 -0.919856489
1403636987501666560.000000 1.877932191 8.699415207 8.319908142 -0.378510058 0.020494658 0.094945826 0.920486510
1403636987551666432.000000 1.889986753 8.689125061 8.345542908 -0.378270090 0.022361185 0.090820946 0.920957863
1403636987601666560.000000 1.900646091 8.677849770 8.370506287 -0.377428532 0.024826488 0.088076599 0.921506345
1403636987651666432.000000 1.909658432 8.665172577 8.394801140 -0.376519233 0.026281685 0.086631224 0.921974838
1403636987701666560.000000 1.917857647 8.651573181 8.418212891 -0.375652939 0.026975684 0.085079372 0.922452509
1403636987751666432.000000 1.927501082 8.636389732 8.441212654 0.374314815 -0.027289923 -0.084660426 -0.923025608
1403636987801666560.000000 1.935765386 8.621827126 8.456492424 -0.372468114 0.027866825 0.085190542 0.923706472
1403636987851666432.000000 1.947142601 8.604713440 8.476189613 -0.371209741 0.027780686 0.085695855 0.924168706
1403636987901666560.000000 1.959412813 8.586201668 8.494167328 -0.369080544 0.027849240 0.088955447 0.924711287
1403636987951666432.000000 1.972288966 8.566903114 8.510723114 -0.366840452 0.027114354 0.092660606 0.925260544
1403636988001666560.000000 1.985478163 8.547039986 8.526096344 -0.364391208 0.025803329 0.098042011 0.925711095
1403636988051666432.000000 1.997948766 8.527339935 8.539650917 0.362256259 -0.023821056 -0.103387609 -0.926020563
1403636988101666560.000000 2.008696556 8.507300377 8.553473473 0.360383362 -0.022546008 -0.108432822 -0.926206172
1403636988151666432.000000 2.017797709 8.487513542 8.566450119 0.359332114 -0.021122100 -0.112174436 -0.926202536
1403636988201666560.000000 2.025553703 8.468283653 8.578636169 0.358360112 -0.021490207 -0.115679510 -0.926139593
1403636988251666432.000000 2.032115459 8.449813843 8.589687347 0.357940942 -0.023158921 -0.117660344 -0.926011920
1403636988301666560.000000 2.031539917 8.434947014 8.596418381 -0.357429653 0.027993165 0.118868425 0.925921619
1403636988351666432.000000 2.037394047 8.417069435 8.604206085 -0.358029664 0.033309668 0.117863849 0.925642192
1403636988401666560.000000 2.044064760 8.400186539 8.609829903 -0.358323544 0.038566321 0.117067039 0.925425410
1403636988451666432.000000 2.051575661 8.383531570 8.612718582 -0.359044075 0.042108379 0.114635073 0.925296187
1403636988501666560.000000 2.061807632 8.367362976 8.611627579 0.359619230 -0.045204837 -0.112531222 -0.925185025
1403636988551666432.000000 2.071466923 8.349965096 8.607940674 0.359655589 -0.047282923 -0.111902647 -0.925143242
1403636988601666560.000000 2.081344128 8.331991196 8.601125717 0.359679073 -0.048853680 -0.111281008 -0.925127506
1403636988651666432.000000 2.090444088 8.314211845 8.592336655 0.359619796 -0.049585614 -0.111242235 -0.925116301
1403636988701666560.000000 2.097977638 8.296472549 8.581892014 0.359483957 -0.050558232 -0.111402780 -0.925097108
1403636988751666432.000000 2.103761673 8.278742790 8.569750786 0.360068291 -0.051208358 -0.109582491 -0.925051451
1403636988801666560.000000 2.113832474 8.268325806 8.564096451 -0.359878868 0.052576300 0.109782577 0.925024807
1403636988851666432.000000 2.114972115 8.250737190 8.549023628 -0.359651446 0.054456092 0.109753609 0.925007939
1403636988901666560.000000 2.114111900 8.232988358 8.532161713 -0.359531462 0.056749150 0.109789036 0.924912512
1403636988951666432.000000 2.111142397 8.215153694 8.513524055 -0.359171450 0.059276223 0.110444218 0.924815774
1403636989001666560.000000 2.106008768 8.197250366 8.492864609 -0.359316647 0.060931381 0.110391818 0.924658060
1403636989051666432.000000 2.102316856 8.177979469 8.466316223 0.358962417 -0.063385114 -0.111526318 -0.924494624
1403636989101666560.000000 2.094264269 8.159329414 8.439959526 0.359269500 -0.063588403 -0.111244015 -0.924395382
1403636989151666432.000000 2.084608555 8.140431404 8.411458015 0.359226972 -0.063988350 -0.112030402 -0.924289346
1403636989201666560.000000 2.073855162 8.121286392 8.380516052 0.359697670 -0.063173398 -0.112005830 -0.924165249
1403636989251666432.000000 2.062832594 8.101780891 8.346789360 0.360821992 -0.059293360 -0.110622577 -0.924150705
1403636989301666560.000000 2.042354584 8.070101738 8.311758041 -0.363500684 0.052537654 0.107874662 0.923834443
1403636989351666432.000000 2.032845497 8.050979614 8.273794174 -0.365604579 0.044265267 0.104884043 0.923781991
1403636989401666560.000000 2.024152756 8.030900002 8.233406067 -0.367164880 0.035096116 0.103846751 0.923674285
1403636989451666432.000000 2.016637087 8.009621620 8.191680908 -0.367973179 0.026880106 0.104093924 0.923600376
1403636989501666560.000000 2.010565042 7.988224983 8.148697853 -0.368562013 0.021660209 0.104393356 0.923468947
1403636989551666432.000000 2.007984161 7.971510410 8.100614548 0.369330168 -0.017116196 -0.104207084 -0.923278511
1403636989601666560.000000 2.004630327 7.951323509 8.055259705 0.370020956 -0.014552131 -0.102636494 -0.923221827
1403636989651666432.000000 2.000161171 7.931207657 8.009994507 0.370794445 -0.010975794 -0.100905932 -0.923151672
1403636989701666560.000000 1.994763732 7.910954475 7.965299606 0.371847153 -0.008479801 -0.098430902 -0.923021793
1403636989751666432.000000 1.987651825 7.890395641 7.921260357 0.372536033 -0.006504112 -0.096743785 -0.922938406
1403636989801666560.000000 1.975596309 7.854808807 7.875088692 -0.373098761 0.005840297 0.096736088 0.922716260
1403636989851666432.000000 1.965867996 7.833459377 7.832894802 -0.372908473 0.006357740 0.096776642 0.922785580
1403636989901666560.000000 1.955168009 7.811787128 7.791342735 -0.372728169 0.008583382 0.096819423 0.922835886
1403636989951666432.000000 1.943235278 7.789438725 7.749956131 -0.372759819 0.012933878 0.096242376 0.922832787
1403636990001666560.000000 1.930784583 7.766828537 7.708561420 -0.372553915 0.016629567 0.095861845 0.922896326
1403636990051666432.000000 1.918585181 7.746529102 7.669119835 0.373043984 -0.020471996 -0.094394617 -0.922772348
1403636990101666560.000000 1.907562137 7.723628521 7.627595901 0.372965217 -0.023353202 -0.093704276 -0.922806144
1403636990151666432.000000 1.897955537 7.699718475 7.585042953 0.373033255 -0.024427783 -0.092765719 -0.922845602
1403636990201666560.000000 1.889321804 7.674909115 7.541469574 0.373315036 -0.023609960 -0.091808587 -0.922848642
1403636990251666432.000000 1.882229805 7.649439335 7.497301102 0.373060465 -0.021117911 -0.091484055 -0.923044205
1403636990301666560.000000 1.877090573 7.625645161 7.449104309 -0.372785330 0.017949283 0.091241382 0.923246503
1403636990351666432.000000 1.872404456 7.598196983 7.402600765 -0.372349679 0.016111303 0.091018476 0.923478186
1403636990401666560.000000 1.868065834 7.569909573 7.355969429 -0.371973813 0.012475570 0.090624936 0.923724532
1403636990451666432.000000 1.862931728 7.540835857 7.309769630 -0.370828569 0.011114194 0.091617987 0.924104393
1403636990501666560.000000 1.856435537 7.511730194 7.264256477 -0.369567037 0.008518581 0.093185991 0.924480438
1403636990551666432.000000 1.851048350 7.485344410 7.222115517 0.368708163 -0.007931214 -0.093342036 -0.924812853
1403636990601666560.000000 1.842258811 7.456562519 7.178702354 0.367917180 -0.006071762 -0.093695767 -0.925106049
1403636990651666432.000000 1.831958771 7.427906513 7.135875225 0.366889894 -0.004398689 -0.094767973 -0.925414264
1403636990701666560.000000 1.820359707 7.407298565 7.096166611 -0.366449386 0.002798034 0.093523830 0.925721586
1403636990751666432.000000 1.806960940 7.378843307 7.055005074 -0.365901589 0.001541436 0.093430363 0.925950587
1403636990801666560.000000 1.792204380 7.350382805 7.015182018 -0.365673214 0.000843296 0.092537746 0.926131308
1403636990851666432.000000 1.775943756 7.321633339 6.976283073 -0.365278959 0.000641591 0.091933720 0.926347196
1403636990901666560.000000 1.758437872 7.293247700 6.938524246 -0.364797324 0.000591326 0.092758290 0.926454842
1403636990951666432.000000 1.738003492 7.262637138 6.900899410 0.365005016 -0.000088676 -0.092035018 -0.926445365
1403636991001666560.000000 1.718434453 7.234180450 6.864510059 0.364948273 -0.000652811 -0.091704190 -0.926500320
1403636991051666432.000000 1.698381305 7.205859184 6.828726292 0.365235955 -0.002082435 -0.090807147 -0.926473141
1403636991101666560.000000 1.677240729 7.177610874 6.793876648 0.365560681 -0.001329131 -0.090831816 -0.926344037
1403636991151666432.000000 1.655998945 7.149491787 6.759731770 0.365829676 -0.001836790 -0.091168985 -0.926203787
1403636991201666560.000000 1.636394024 7.137347698 6.738120556 -0.366335750 0.000675735 0.090276480 0.926092803
1403636991251666432.000000 1.618251562 7.108697891 6.703723907 -0.366421312 0.000240913 0.091179229 0.925970733
1403636991301666560.000000 1.600971341 7.079477310 6.668363571 -0.366706789 -0.000053127 0.091127656 0.925862789
1403636991351666432.000000 1.586161613 7.049756527 6.632716179 -0.366954863 0.000058128 0.092464447 0.925631940
1403636991401666560.000000 1.573841810 7.020670891 6.597452164 -0.367436916 -0.001150438 0.092285283 0.925457895
1403636991451666432.000000 1.561177135 6.985888481 6.558804512 0.368128598 0.001452145 -0.092127450 -0.925198317
1403636991501666560.000000 1.553999305 6.955121040 6.521672726 0.368983239 0.001978179 -0.092366666 -0.924832880
1403636991551666432.000000 1.549494028 6.925043106 6.485625744 0.368882328 0.000760965 -0.094263725 -0.924683571
1403636991601666560.000000 1.547050953 6.895180702 6.449607849 0.369261980 0.000731049 -0.096121110 -0.924340785
1403636991651666432.000000 1.546931982 6.866189003 6.414139271 0.368926078 -0.000659897 -0.099928565 -0.924071133
1403636991701666560.000000 1.538165092 6.848911762 6.391474724 -0.368233025 0.002111301 0.105104282 0.923771083
1403636991751666432.000000 1.540193319 6.821034908 6.356028080 -0.367994517 0.003012396 0.109357506 0.923369944
1403636991801666560.000000 1.543262720 6.793751717 6.320427418 -0.368009329 0.004409476 0.112907261 0.922931075
1403636991851666432.000000 1.545064926 6.770649910 6.288184166 -0.368012458 0.004973100 0.116540715 0.922475159
1403636991901666560.000000 1.546135902 6.747020245 6.254840851 -0.368556738 0.004972708 0.118539773 0.922003090
1403636991951666432.000000 1.548938870 6.715586662 6.214045525 0.369762033 -0.005317579 -0.118807748 -0.921483934
1403636992001666560.000000 1.547551632 6.692054272 6.179469585 0.371350646 -0.004459205 -0.117825761 -0.920975506
1403636992051666432.000000 1.544649959 6.669711113 6.145044327 0.374041796 -0.004547958 -0.113579407 -0.920419395
1403636992101666560.000000 1.540147543 6.648239136 6.111194611 0.376568854 -0.005052811 -0.109115630 -0.919926226
1403636992151666432.000000 1.534200311 6.627372265 6.078126907 0.378385752 -0.006897593 -0.105934359 -0.919540465
1403636992201666560.000000 1.514978766 6.608177185 6.059375286 -0.380754679 0.009391559 0.102291286 0.918952823
1403636992251666432.000000 1.506173372 6.587610245 6.027498245 -0.382026702 0.010221898 0.100627989 0.918599606
1403636992301666560.000000 1.496031404 6.567073822 5.996450424 -0.383165896 0.010280347 0.099649176 0.918231070
1403636992351666432.000000 1.484715700 6.546566486 5.966113091 -0.384154648 0.008978526 0.099565327 0.917840600
1403636992401666560.000000 1.472295523 6.526350021 5.936964035 -0.385027021 0.005941907 0.100024700 0.917449713
1403636992451666432.000000 1.460236788 6.506268501 5.908148289 -0.385680586 0.002553361 0.101290718 0.917051911
1403636992501666560.000000 1.450607061 6.482751369 5.875385284 0.386682153 -0.000379920 -0.101961501 -0.916559160
1403636992551666432.000000 1.442417145 6.461697578 5.845448494 0.387872428 0.001961250 -0.101543114 -0.916100502
1403636992601666560.000000 1.436518431 6.440687656 5.815466881 0.388642818 0.003374289 -0.102145515 -0.915702879
1403636992651666432.000000 1.432636976 6.419898510 5.785711765 0.389412105 0.003947956 -0.102767162 -0.915304065
1403636992701666560.000000 1.429661155 6.395392895 5.760338783 -0.390862226 -0.004965866 0.102319129 0.914731026
1403636992751666432.000000 1.427142739 6.374724865 5.731734276 -0.391398132 -0.006106802 0.102933444 0.914426029
1403636992801666560.000000 1.424305677 6.354184628 5.704542160 -0.392679453 -0.006891018 0.102195360 0.913953781
1403636992851666432.000000 1.420245409 6.333659649 5.678742409 -0.393602639 -0.006976072 0.101755686 0.913605034
1403636992901666560.000000 1.414932728 6.313632965 5.654578209 -0.395030200 -0.007442032 0.100440942 0.913130581
1403636992951666432.000000 1.407412052 6.294095516 5.631066799 0.395965815 0.007224026 -0.099432662 -0.912837327
1403636993001666560.000000 1.399699926 6.274184227 5.609562874 0.396673560 0.004974405 -0.099482767 -0.912539661
1403636993051666432.000000 1.391279936 6.254090786 5.589220047 0.397061676 0.001715000 -0.100463040 -0.912275314
1403636993101666560.000000 1.382334590 6.233837128 5.570034981 0.395688534 -0.002143133 -0.101863682 -0.912715673
1403636993151666432.000000 1.374086142 6.213021278 5.551490307 0.392847121 -0.006056906 -0.103130795 -0.913782597
1403636993201666560.000000 1.373791218 6.185761452 5.522391319 -0.388913065 0.008245242 0.103299573 0.915427744
1403636993251666432.000000 1.368556738 6.164238930 5.503385544 -0.383791834 0.009813789 0.102424532 0.917669177
1403636993301666560.000000 1.365262866 6.142427921 5.484071732 -0.377590120 0.010971693 0.101051174 0.920377135
1403636993351666432.000000 1.364327669 6.120175362 5.464260101 -0.370347679 0.011848413 0.098804928 0.923547387
1403636993401666560.000000 1.365073442 6.097358704 5.443114758 -0.362496108 0.012403791 0.096133955 0.926931024
1403636993451666432.000000 1.367341995 6.074134350 5.421174526 -0.353607327 0.012853175 0.093439460 0.930626512
1403636993501666560.000000 1.368948698 6.050749779 5.405124187 0.344526917 -0.012215604 -0.090174869 -0.934355617
1403636993551666432.000000 1.373091221 6.026737213 5.382875443 0.335497022 -0.012240526 -0.085929871 -0.938034117
1403636993601666560.000000 1.385380149 5.999528408 5.351195335 -0.326121479 0.010420737 0.083182380 0.941603422
1403636993651666432.000000 1.389548779 5.975292206 5.328223705 -0.317891151 0.008635135 0.080910839 0.944629133
1403636993701666560.000000 1.393058658 5.950982571 5.305038452 -0.310827881 0.007125242 0.078726575 0.947173417
1403636993751666432.000000 1.395145655 5.927063465 5.282110214 -0.305086553 0.005544160 0.076442987 0.949235499
1403636993801666560.000000 1.395990729 5.903867722 5.259663105 -0.300315738 0.004283634 0.074946955 0.950881183
1403636993851666432.000000 1.393359900 5.882679462 5.237487793 0.296669990 -0.003397976 -0.071708910 -0.952277899
1403636993901666560.000000 1.390779734 5.860106468 5.216032505 0.293344676 -0.002521380 -0.069673538 -0.953461170
1403636993951666432.000000 1.387043118 5.837616444 5.195087910 0.290438592 -0.004594688 -0.068758070 -0.954409122
1403636994001666560.000000 1.382256031 5.815135479 5.174696445 0.288852036 -0.007297567 -0.066110104 -0.955060661
1403636994051666432.000000 1.376427770 5.792313576 5.154395103 0.288092881 -0.010554947 -0.062906675 -0.955475748
1403636994101666560.000000 1.378213525 5.761930943 5.124817848 -0.287596434 0.015037134 0.059985805 0.955753088
1403636994151666432.000000 1.370391846 5.737933636 5.104556561 -0.287177622 0.019083457 0.057942420 0.955932856
1403636994201666560.000000 1.361653090 5.713334560 5.083966255 -0.286958486 0.023581669 0.055716112 0.956030607
1403636994251666432.000000 1.351547956 5.687653065 5.063104630 -0.286842287 0.027710723 0.054493181 0.956025183
1403636994301666560.000000 1.339989901 5.661283970 5.041707993 -0.286888868 0.031192964 0.053447910 0.955962956
1403636994351666432.000000 1.326119900 5.635981083 5.019706726 0.286992729 -0.032991558 -0.052495036 -0.955924213
1403636994401666560.000000 1.312075496 5.608052731 4.996951580 0.287396908 -0.035330471 -0.051754344 -0.955759525
1403636994451666432.000000 1.297253609 5.578868866 4.972955704 0.287830472 -0.035437822 -0.051570490 -0.955635071
1403636994501666560.000000 1.282877445 5.548463821 4.947576046 0.287910312 -0.034327324 -0.052332468 -0.955610096
1403636994551666432.000000 1.269240141 5.516593456 4.920752525 0.286656946 -0.032907858 -0.056466669 -0.955801487
1403636994601666560.000000 1.261097312 5.479231358 4.891012192 -0.286621124 0.029476548 0.058379110 0.955809295
1403636994651666432.000000 1.249891281 5.445323467 4.861253262 -0.286050409 0.025132222 0.061966538 0.955878556
1403636994701666560.000000 1.240179181 5.410411358 4.830408573 -0.284417063 0.021248272 0.068187878 0.956036508
1403636994751666432.000000 1.231542945 5.375150204 4.798190594 -0.282725036 0.016785301 0.074759245 0.956135988
1403636994801666560.000000 1.224513412 5.339808464 4.764896393 -0.281208098 0.013132051 0.081201859 0.956115007
1403636994851666432.000000 1.216594696 5.307224274 4.733299732 0.279702127 -0.012201259 -0.086938076 -0.956064641
1403636994901666560.000000 1.208572626 5.273532391 4.699753284 0.278921992 -0.010557809 -0.090687491 -0.955963910
1403636994951666432.000000 1.199735880 5.240786076 4.665926456 0.278802931 -0.011485235 -0.092079237 -0.955854833
1403636995001666560.000000 1.189555168 5.208821297 4.631886959 0.279359758 -0.013315171 -0.091032200 -0.955768883
1403636995051666432.000000 1.178194761 5.177158356 4.599613190 -0.280849338 0.014891133 0.086926803 0.955691278
1403636995101666560.000000 1.166142225 5.146489620 4.565434456 -0.282198817 0.017816441 0.082061678 0.955673754
1403636995151666432.000000 1.154073000 5.115755558 4.530579567 -0.283490688 0.020461222 0.077337004 0.955632508
1403636995201666560.000000 1.142792821 5.085007191 4.494766235 -0.284214437 0.021748928 0.073777162 0.955670536
1403636995251666432.000000 1.133142233 5.053993225 4.457897186 -0.284604341 0.023484450 0.070952863 0.955727279
1403636995301666560.000000 1.124699593 5.023504257 4.420592785 0.284893215 -0.023799438 -0.068514138 -0.955811322
1403636995351666432.000000 1.118128419 4.991312504 4.380506516 0.284952134 -0.022746913 -0.066624738 -0.955953002
1403636995401666560.000000 1.112666488 4.958797932 4.339883327 0.284664690 -0.019720290 -0.065349355 -0.956193864
1403636995451666432.000000 1.108670115 4.925639629 4.298024654 0.284327805 -0.015905648 -0.065470949 -0.956356823
1403636995501666560.000000 1.105729461 4.891810417 4.254837513 0.283704698 -0.012091633 -0.066298075 -0.956540704
1403636995551666432.000000 1.105225801 4.866257668 4.219879150 -0.282883048 0.011312122 0.067143857 0.956734538
1403636995601666560.000000 1.104929686 4.831948280 4.175688744 -0.282836229 0.009294952 0.066903882 0.956786931
1403636995651666432.000000 1.104319811 4.797719002 4.131659508 -0.282018095 0.009231846 0.069274746 0.956860304
1403636995701666560.000000 1.102885962 4.763466358 4.087618351 -0.281967461 0.009550509 0.069590822 0.956849217
1403636995751666432.000000 1.099828243 4.729541779 4.044685364 -0.281421095 0.009593377 0.071105935 0.956898153
1403636995801666560.000000 1.092410088 4.693607807 3.998515606 0.280373514 -0.010058143 -0.075284190 -0.956881285
1403636995851666432.000000 1.085136175 4.659643173 3.955342293 0.278855145 -0.009586817 -0.080283277 -0.956923485
1403636995901666560.000000 1.076746225 4.626680851 3.912597418 0.277735382 -0.008906909 -0.084362373 -0.956904829
1403636995951666432.000000 1.067180753 4.594732285 3.870348930 0.276955426 -0.008109856 -0.087819695 -0.956826925
1403636996001666560.000000 1.056484938 4.563725471 3.828368425 0.276750147 -0.007305831 -0.089318313 -0.956754088
1403636996051666432.000000 1.048186183 4.543678284 3.801311016 -0.278098762 0.005038369 0.086409532 0.956644773
1403636996101666560.000000 1.035503507 4.515339851 3.760309935 -0.279197007 0.003359785 0.084177971 0.956531167
1403636996151666432.000000 1.023052931 4.488113880 3.719624043 -0.280487239 0.002115617 0.080982342 0.956433177
1403636996201666560.000000 1.011545420 4.461379051 3.678604126 -0.281491309 0.000678835 0.078420363 0.956353784
1403636996251666432.000000 1.001662731 4.435565472 3.638208389 -0.282585621 -0.000442658 0.075835072 0.956239700
1403636996301666560.000000 0.995148122 4.410309792 3.598416328 -0.282575101 -0.000930543 0.073479466 0.956426263
1403636996351666432.000000 0.984881461 4.382143497 3.552968740 0.280942857 0.001573321 -0.072427981 -0.956986368
1403636996401666560.000000 0.981788099 4.356225491 3.511440754 0.278244048 0.001504389 -0.071110524 -0.957873344
1403636996451666432.000000 0.980568826 4.330159187 3.469627142 0.274422973 0.002583696 -0.069310330 -0.959104478
1403636996501666560.000000 0.980905950 4.304268360 3.428216219 0.269660741 0.002505829 -0.066132121 -0.960678697
1403636996551666432.000000 0.983144879 4.276348114 3.387811422 -0.264174491 -0.003213524 0.062169429 0.962463737
1403636996601666560.000000 0.986533165 4.250272274 3.346346378 -0.256981552 -0.004411634 0.059702802 0.964560330
1403636996651666432.000000 0.989724278 4.224533558 3.305942297 -0.248607174 -0.004941646 0.056745660 0.966928124
1403636996701666560.000000 0.990353644 4.199152946 3.267108202 -0.239918604 -0.006804968 0.052675404 0.969339013
1403636996751666432.000000 0.983298123 4.172820568 3.229573727 0.229986191 0.007875246 -0.049923114 -0.971880674
1403636996801666560.000000 0.975229383 4.147431374 3.193488121 0.219806969 0.009114081 -0.045685824 -0.974430442
1403636996851666432.000000 0.964459121 4.122473240 3.158895731 0.208659425 0.010004481 -0.043221090 -0.976981640
1403636996901666560.000000 0.952113390 4.097735882 3.125371456 0.197105780 0.010894513 -0.040114250 -0.979500651
1403636996951666432.000000 0.942833960 4.073936939 3.096520901 -0.185015157 -0.011893598 0.037669159 0.981941521
1403636997001666560.000000 0.928875685 4.050268173 3.065435410 -0.173638031 -0.012824698 0.033192098 0.984166503
1403636997051666432.000000 0.914348304 4.027568340 3.035415649 -0.162660509 -0.013267948 0.029715560 0.986145377
1403636997101666560.000000 0.898647785 4.005325317 3.006294250 -0.152539030 -0.014900172 0.026578851 0.987827599
1403636997151666432.000000 0.879740179 3.982839108 2.977080822 0.144125074 0.016033981 -0.024056103 -0.989137113
1403636997201666560.000000 0.861825407 3.962064028 2.949621439 0.136961669 0.016827738 -0.022059778 -0.990187764
1403636997251666432.000000 0.843857706 3.942278624 2.923515320 0.131158367 0.017462304 -0.019510321 -0.991015613
1403636997301666560.000000 0.826276839 3.923285007 2.898144960 0.126539439 0.018104387 -0.017587380 -0.991640449
1403636997351666432.000000 0.810038328 3.904783964 2.872940779 0.123014264 0.018802192 -0.016212555 -0.992094338
1403636997401666560.000000 0.796509564 3.886958122 2.848063469 0.120530434 0.019483890 -0.014391458 -0.992414117
1403636997451666432.000000 0.786851943 3.863547564 2.823205233 -0.118712090 -0.019092208 0.013995728 0.992646515
1403636997501666560.000000 0.777827978 3.846442938 2.799110174 -0.118034676 -0.019329123 0.012512203 0.992742479
1403636997551666432.000000 0.770809352 3.829348087 2.775333166 -0.117598549 -0.019748701 0.012146033 0.992790580
1403636997601666560.000000 0.766476154 3.812590361 2.752209902 -0.117621489 -0.020610452 0.012555141 0.992765248
1403636997651666432.000000 0.764546454 3.795825243 2.729411602 -0.118116021 -0.020954333 0.012467051 0.992700458
1403636997701666560.000000 0.762132943 3.781307459 2.706302643 0.119079620 0.021300174 -0.011868156 -0.992585301
1403636997751666432.000000 0.764233172 3.765695095 2.684962988 0.120544448 0.022061730 -0.011153596 -0.992400110
1403636997801666560.000000 0.768198073 3.750050545 2.664226055 0.121850766 0.023355613 -0.011092343 -0.992211640
1403636997851666432.000000 0.774815679 3.734019279 2.643861771 0.122803353 0.023314698 -0.011152024 -0.992094457
1403636997901666560.000000 0.782629490 3.718344450 2.624202490 0.124468669 0.023781778 -0.011188188 -0.991875410
1403636997951666432.000000 0.795648277 3.699040174 2.601422310 -0.125476331 -0.023628645 0.012084784 0.991741657
1403636998001666560.000000 0.807681918 3.683569908 2.582053423 -0.126880601 -0.023835551 0.012260809 0.991555810
1403636998051666432.000000 0.821112394 3.667971134 2.563184261 -0.128151685 -0.024109662 0.012697688 0.991380155
1403636998101666560.000000 0.835312426 3.652379036 2.544755936 -0.128929019 -0.024145257 0.013533917 0.991267502
1403636998151666432.000000 0.850130439 3.636857986 2.527535677 -0.129819095 -0.022855710 0.014059406 0.991174519
1403636998201666560.000000 0.862711847 3.625225544 2.512486458 0.129814252 0.021476872 -0.016412813 -0.991169810
1403636998251666432.000000 0.874621093 3.611231327 2.498220921 0.130088314 0.021621138 -0.017324233 -0.991115272
1403636998301666560.000000 0.885219038 3.597795248 2.485031366 0.131484210 0.022260165 -0.017041594 -0.990921795
1403636998351666432.000000 0.894724429 3.584678173 2.473159790 0.131946087 0.021672344 -0.017561773 -0.990864396
1403636998401666560.000000 0.903196394 3.571840525 2.462651014 0.132291242 0.021469885 -0.018393759 -0.990807652
1403636998451666432.000000 0.916223526 3.561205387 2.458202362 -0.132762834 -0.021605229 0.019357780 0.990723312
1403636998501666560.000000 0.925436974 3.548854828 2.449073076 -0.133087575 -0.021007059 0.020256622 0.990674555
1403636998551666432.000000 0.936862111 3.536894798 2.439713001 -0.134161398 -0.018701164 0.018667718 0.990607142
1403636998601666560.000000 0.949215889 3.525310040 2.430177927 -0.134336337 -0.015437826 0.018510299 0.990642667
1403636998651666432.000000 0.964463353 3.514402866 2.420600176 -0.135905877 -0.008337560 0.014711401 0.990577459
1403636998701666560.000000 0.979102075 3.504347563 2.410702229 0.136166483 0.001565389 -0.013775365 -0.990588963
1403636998751666432.000000 0.995958209 3.493290901 2.399779558 0.136686027 -0.003889876 -0.012384291 -0.990529358
1403636998801666560.000000 1.015321851 3.485739946 2.397111416 -0.138240859 0.006977695 0.010058001 0.990323067
1403636998851666432.000000 1.031731963 3.474452734 2.385235786 -0.139671087 0.007937442 0.005941267 0.990148365
1403636998901666560.000000 1.046646953 3.462803602 2.373414516 -0.140788630 0.009094832 0.003807063 0.989990652
1403636998951666432.000000 1.059821010 3.450680971 2.361812353 -0.142052367 0.008802425 0.001599204 0.989818752
1403636999001666560.000000 1.071563721 3.438186169 2.350368977 -0.142792627 0.008107766 0.000246453 0.989719391
1403636999051666432.000000 1.080788374 3.424063683 2.338929653 0.143953443 -0.008324519 0.002052365 -0.989547372
1403636999101666560.000000 1.088713408 3.409875870 2.327507257 0.144343942 -0.007382439 0.002581672 -0.989496708
1403636999151666432.000000 1.095315576 3.395252705 2.316545486 0.145107061 -0.006301547 0.003507796 -0.989389718
1403636999201666560.000000 1.100412011 3.379935503 2.306080103 0.145415664 -0.004419511 0.003458253 -0.989354789
1403636999251666432.000000 1.104274392 3.364307642 2.296118498 0.145598412 -0.003247834 0.003344813 -0.989332855
1403636999301666560.000000 1.103947878 3.351060152 2.292530775 -0.145339668 0.001726214 -0.001357706 0.989379466
1403636999351666432.000000 1.105109572 3.334311008 2.283471823 -0.144664288 0.000661844 0.001600749 0.989479303
1403636999401666560.000000 1.105484724 3.316925287 2.275140762 -0.143675417 0.001445341 0.004472157 0.989613712
1403636999451666432.000000 1.104608655 3.299388409 2.267210007 -0.142999321 0.001566986 0.007003684 0.989696801
1403636999501666560.000000 1.102889538 3.281654596 2.259553909 -0.142664701 0.002353739 0.007915626 0.989736676
1403636999551666432.000000 1.100596905 3.260367393 2.252572298 0.142846942 -0.004598108 -0.008623345 -0.989696622
1403636999601666560.000000 1.097142577 3.241473198 2.245229244 0.142462105 -0.006315396 -0.009649821 -0.989733100
1403636999651666432.000000 1.092692137 3.222406387 2.237612724 0.142510071 -0.008143809 -0.010007043 -0.989709318
1403636999701666560.000000 1.086886287 3.203178167 2.229657888 0.142701939 -0.009417847 -0.010369789 -0.989666641
1403636999751666432.000000 1.080060720 3.183842897 2.221322536 0.142798647 -0.009593615 -0.010769847 -0.989646673
1403636999801666560.000000 1.071366668 3.165162802 2.215606213 -0.143318400 0.010467662 0.011038961 0.989559770
1403636999851666432.000000 1.062848330 3.145820618 2.206085920 -0.143682033 0.010045779 0.010590227 0.989516318
1403636999901666560.000000 1.053361773 3.126003981 2.196151495 -0.144318342 0.009992261 0.009527225 0.989435017
1403636999951666432.000000 1.043658376 3.106126785 2.185575008 -0.145121753 0.009919838 0.007974762 0.989332020
1403637000001666560.000000 1.034850240 3.085966587 2.174058914 -0.146241680 0.009555984 0.005058547 0.989189863
1403637000051666432.000000 1.025727630 3.065382242 2.162478209 0.146745726 -0.008834394 -0.002973599 -0.989130378
1403637000101666560.000000 1.018634915 3.043508768 2.148256302 0.147008896 -0.007709503 -0.002605757 -0.989101768
1403637000151666432.000000 1.013254404 3.020485163 2.132617235 0.146718904 -0.006928072 -0.003093287 -0.989149153
1403637000201666560.000000 1.011058688 2.996408224 2.117810726 -0.146282017 0.005300981 0.003935917 0.989220917
1403637000251666432.000000 1.008165002 2.972286701 2.101366997 -0.146009266 0.004085144 0.005024218 0.989262044
1403637000301666560.000000 1.005379796 2.947444439 2.084974527 -0.145724893 0.003117908 0.005656654 0.989304066
1403637000351666432.000000 1.002102137 2.922606230 2.068747282 -0.145466179 0.003321928 0.006305406 0.989337564
1403637000401666560.000000 0.997813165 2.897424936 2.052618027 -0.144745871 0.004489533 0.007964626 0.989426613
1403637000451666432.000000 0.992098808 2.872351170 2.036844492 -0.145458132 0.004187303 0.006373319 0.989335060
1403637000501666560.000000 0.982753098 2.849255562 2.019733191 0.145568907 -0.004228873 -0.005761466 -0.989322364
1403637000551666432.000000 0.975461423 2.823721886 2.003265381 0.145986959 -0.004171317 -0.004966991 -0.989265263
1403637000601666560.000000 0.968626320 2.797526598 1.986507773 0.145757303 -0.004035676 -0.005087729 -0.989299119
1403637000651666432.000000 0.963108480 2.770498276 1.969217181 0.145268172 -0.005381401 -0.006485073 -0.989356399
1403637000701666560.000000 0.963184595 2.737169266 1.954510570 -0.145230383 0.005732529 0.007521350 0.989352763
1403637000751666432.000000 0.961822271 2.709312916 1.935909986 -0.145285174 0.005999492 0.007138771 0.989345968
1403637000801666560.000000 0.962754548 2.680842638 1.917117715 -0.145492867 0.006880060 0.007966983 0.989303350
1403637000851666432.000000 0.963430107 2.651881456 1.897547603 -0.145302132 0.007604748 0.008969167 0.989317477
1403637000901666560.000000 0.962989569 2.622601032 1.878314614 -0.145616248 0.006879597 0.009101534 0.989275396
1403637000951666432.000000 0.961053491 2.593611717 1.859335065 -0.146127313 0.006585668 0.009173618 0.989201367
1403637001001666560.000000 0.959369957 2.566671610 1.842958212 0.146327630 -0.007274416 -0.009660988 -0.989162266
1403637001051666432.000000 0.954364359 2.537346840 1.824376345 0.146369845 -0.007454630 -0.009731930 -0.989154041
1403637001101666560.000000 0.948044658 2.507732630 1.805880666 0.146547273 -0.007544906 -0.010422896 -0.989120007
1403637001151666432.000000 0.931880832 2.476108074 1.780782580 -0.146702513 0.008104516 0.010562429 0.989091039
1403637001201666560.000000 0.924414098 2.446074963 1.761780262 -0.146535844 0.009143923 0.011927176 0.989091277
1403637001251666432.000000 0.917715907 2.415739059 1.741577625 -0.146546721 0.008790757 0.012804452 0.989081860
1403637001301666560.000000 0.912354767 2.385336161 1.719844341 -0.146474198 0.009004048 0.013172634 0.989085793
1403637001351666432.000000 0.908329129 2.354540348 1.697094083 -0.146249741 0.008412441 0.014785956 0.989101470
1403637001401666560.000000 0.906089067 2.323760271 1.673329830 -0.145818919 0.007086871 0.016470093 0.989148855
1403637001451666432.000000 0.911454260 2.294063568 1.648372173 0.145973846 -0.004090979 -0.016832005 -0.989136815
1403637001501666560.000000 0.912898064 2.263566494 1.623783708 0.146496519 -0.001746560 -0.017877188 -0.989048183
1403637001551666432.000000 0.913739443 2.233301401 1.599085689 0.147037148 -0.000169043 -0.018468248 -0.988958597
1403637001601666560.000000 0.913131833 2.203019857 1.574549913 0.147561029 0.001039295 -0.018751325 -0.988874674
1403637001651666432.000000 0.900002241 2.175967693 1.540253997 -0.147046208 -0.000641702 0.020601321 0.988914847
1403637001701666560.000000 0.897025645 2.146519899 1.516271949 -0.148085415 -0.000757798 0.019204509 0.988787830
1403637001751666432.000000 0.891404092 2.117063046 1.492548227 -0.148690194 -0.000513194 0.019266455 0.988696039
1403637001801666560.000000 0.885063887 2.087802172 1.468874574 -0.148570791 0.000850374 0.020494567 0.988689065
1403637001851666432.000000 0.876125455 2.058880329 1.445832968 -0.149200663 -0.000988793 0.020089600 0.988602400
1403637001901666560.000000 0.866117001 2.030413151 1.422993660 -0.149436101 -0.001863226 0.020142030 0.988564491
1403637001951666432.000000 0.864137053 2.003912449 1.400675058 0.149715036 0.002279596 -0.019904725 -0.988526165
1403637002001666560.000000 0.853459179 1.975974560 1.378903389 0.149899870 0.003660565 -0.019968377 -0.988492727
1403637002051666432.000000 0.841964543 1.948361754 1.357563138 0.150530770 0.004312097 -0.019160083 -0.988410294
1403637002101666560.000000 0.829293609 1.920833588 1.336573482 0.150576115 0.004959146 -0.019956572 -0.988384545
1403637002151666432.000000 0.808909833 1.898961782 1.307023525 -0.150130525 -0.004191313 0.020149596 0.988452017
1403637002201666560.000000 0.794006705 1.871791959 1.286919713 -0.150144428 -0.004765905 0.020373845 0.988442719
1403637002251666432.000000 0.778265834 1.845180035 1.267318249 -0.150383353 -0.005178267 0.020227974 0.988407254
1403637002301666560.000000 0.762376904 1.818939567 1.247479200 -0.150955498 -0.004932086 0.018902324 0.988347590
1403637002351666432.000000 0.746592999 1.792675018 1.227146983 -0.151189327 -0.005095852 0.018034561 0.988327205
1403637002401666560.000000 0.732757032 1.766589642 1.207237720 -0.151697934 -0.005985511 0.016497541 0.988271117
1403637002451666432.000000 0.726457119 1.739958405 1.185523987 0.151998296 0.005461777 -0.015449209 -0.988244951
1403637002501666560.000000 0.717795849 1.713596463 1.165387034 0.152400687 0.005471722 -0.014440960 -0.988198161
1403637002551666432.000000 0.711047947 1.687128186 1.145008683 0.153543219 0.005897418 -0.011246054 -0.988060355
1403637002601666560.000000 0.707193851 1.660219908 1.124007225 0.153631017 0.005309302 -0.011223590 -0.988050342
1403637002651666432.000000 0.702457309 1.637060761 1.098130345 -0.153647944 -0.005332446 0.010945952 0.988050699
1403637002701666560.000000 0.700568557 1.609260798 1.075450182 -0.154416487 -0.005760716 0.010521377 0.987933099
1403637002751666432.000000 0.698497713 1.581677914 1.053306580 -0.154748291 -0.006061195 0.011068736 0.987873375
1403637002801666560.000000 0.695654154 1.554174423 1.031500578 -0.155243471 -0.005370897 0.011166875 0.987798572
1403637002851666432.000000 0.691185832 1.526418209 1.010487199 -0.155080974 -0.004967761 0.013079246 0.987802684
1403637002901666560.000000 0.684797883 1.498903990 0.990137100 -0.154853240 -0.003942688 0.015618013 0.987806141
1403637002951666432.000000 0.679364562 1.469465971 0.969763458 0.155336052 0.003972359 -0.016335919 -0.987718582
1403637003001666560.000000 0.670316219 1.441649914 0.950793505 0.155671477 0.004387479 -0.017127464 -0.987650633
1403637003051666432.000000 0.659988046 1.414088726 0.932589233 0.156077102 0.004405364 -0.018165443 -0.987568021
1403637003101666560.000000 0.648425937 1.386782646 0.914904475 0.156759784 0.004909477 -0.018698210 -0.987447619
1403637003151666432.000000 0.634313464 1.360313058 0.896717787 -0.157207936 -0.004338096 0.018385455 0.987384915
1403637003201666560.000000 0.620785952 1.333542109 0.880201817 -0.157863393 -0.004005207 0.019059377 0.987268925
1403637003251666432.000000 0.606696546 1.307142735 0.864079833 -0.158686802 -0.003581606 0.018833537 0.987142920
1403637003301666560.000000 0.593341589 1.280666947 0.848017514 -0.158720538 -0.001996401 0.020114323 0.987116635
1403637003351666432.000000 0.580990195 1.253816843 0.831454992 -0.158740550 -0.001040931 0.021294499 0.987090170
1403637003401666560.000000 0.569988966 1.227002144 0.814666569 -0.159282282 0.000345584 0.020816607 0.987013578
1403637003451666432.000000 0.561452687 1.198966861 0.796460509 0.159582689 -0.001827505 -0.021140523 -0.986956537
1403637003501666560.000000 0.554784656 1.172081470 0.778425217 0.159891754 -0.002536289 -0.022220990 -0.986881256
1403637003551666432.000000 0.548756778 1.144302249 0.758363485 -0.160000414 0.002176217 0.023020055 0.986846089
1403637003601666560.000000 0.545064628 1.117095709 0.738523245 -0.160230249 0.002224367 0.023690028 0.986792862
1403637003651666432.000000 0.542944372 1.090052009 0.718106627 -0.160434350 0.002283656 0.024256434 0.986745834
1403637003701666560.000000 0.540709615 1.063274145 0.697407126 -0.160631701 0.001887706 0.024481935 0.986708999
1403637003751666432.000000 0.537634134 1.036839724 0.676819801 -0.160588622 0.001534530 0.024469232 0.986716926
1403637003801666560.000000 0.533236027 1.010463595 0.656544805 -0.159595355 0.001265825 0.025823765 0.986843884
1403637003851666432.000000 0.528382778 0.983364940 0.636127412 0.159538686 0.000711225 -0.025187448 -0.986870110
1403637003901666560.000000 0.521835744 0.957494974 0.616441071 -0.159523696 -0.002116646 0.023630006 0.986909032
1403637003951666432.000000 0.513152301 0.932123005 0.597520828 -0.158966184 -0.004801644 0.022850562 0.987007856
1403637004001666560.000000 0.502896130 0.906954408 0.579194665 -0.158510029 -0.006830437 0.021624234 0.987096965
1403637004051666432.000000 0.490969628 0.882313669 0.561662436 -0.158502370 -0.009628450 0.019775599 0.987113595
1403637004101666560.000000 0.477960497 0.858242154 0.544946074 -0.157742411 -0.010620276 0.019784469 0.987224996
1403637004151666432.000000 0.463358313 0.832543910 0.527342319 0.157641783 0.011479125 -0.018117161 -0.987263441
1403637004201666560.000000 0.452429235 0.807760596 0.512934089 -0.156973198 -0.012806537 0.018336963 0.987349629
1403637004251666432.000000 0.440439671 0.783393443 0.497546434 -0.156374052 -0.013272640 0.017560601 0.987452626
1403637004301666560.000000 0.431003988 0.759168208 0.482435733 -0.154988810 -0.012816430 0.019382350 0.987642944
1403637004351666432.000000 0.423430204 0.735346794 0.467471719 -0.154617459 -0.012880639 0.020335287 0.987681150
1403637004401666560.000000 0.418561310 0.711917043 0.452601433 -0.154117405 -0.010509542 0.021935206 0.987753153
1403637004451666432.000000 0.416720420 0.689252377 0.439847946 0.154172853 0.007875277 -0.022541113 -0.987755418
1403637004501666560.000000 0.418233901 0.666051805 0.424498081 0.154957935 0.002916588 -0.022236040 -0.987666547
1403637004551666432.000000 0.425069362 0.639215231 0.405908644 -0.156022578 0.000019112 0.021990463 0.987508655
1403637004601666560.000000 0.430885822 0.615728080 0.387852192 -0.156426609 0.001275061 0.024475342 0.987385511
1403637004651666432.000000 0.437600642 0.591881752 0.368718058 -0.155869856 0.002603753 0.030045604 0.987317085
1403637004701666560.000000 0.444084018 0.568834722 0.349672943 -0.154979497 0.003298043 0.036579579 0.987234771
1403637004751666432.000000 0.448733062 0.546708465 0.330916196 -0.154766440 0.004427874 0.041532028 0.987067819
1403637004801666560.000000 0.450466484 0.525362790 0.313386172 -0.154175535 0.004811179 0.046767488 0.986924350
1403637004851666432.000000 0.444547713 0.505281508 0.295698076 0.154684305 -0.003379901 -0.049351696 -0.986724794
1403637004901666560.000000 0.437794745 0.486664832 0.279815674 0.155168727 -0.000274878 -0.051214635 -0.986559570
1403637004951666432.000000 0.428071469 0.469758302 0.264957875 0.156233132 0.003684588 -0.051929098 -0.986347318
1403637005001666560.000000 0.415796638 0.454270363 0.251303077 0.157880321 0.007309618 -0.049962576 -0.986166418
1403637005051666432.000000 0.403427064 0.436013252 0.236637503 -0.160230696 -0.009141454 0.046069618 0.985961616
1403637005101666560.000000 0.389637351 0.422908336 0.223881483 -0.162441418 -0.008220333 0.041983936 0.985790312
1403637005151666432.000000 0.375677586 0.410513967 0.211613864 -0.165052071 -0.007788152 0.036370810 0.985583305
1403637005201666560.000000 0.361073315 0.398642391 0.200098187 -0.166006491 -0.007037024 0.034525305 0.985495031
1403637005251666432.000000 0.345834702 0.386804551 0.189025894 -0.167204872 -0.008512282 0.032048158 0.985364377
1403637005301666560.000000 0.329994470 0.375461668 0.178452522 -0.167625830 -0.010917508 0.030917892 0.985305250
1403637005351666432.000000 0.311272085 0.368364364 0.170888841 0.167678878 0.012769911 -0.030281493 -0.985293806
1403637005401666560.000000 0.295746028 0.356599987 0.158530340 -0.167358130 -0.012750087 0.029064814 0.985385239
1403637005451666432.000000 0.279750675 0.346073747 0.149759576 -0.166724280 -0.010273841 0.027128458 0.985576749
1403637005501666560.000000 0.264307737 0.335559070 0.140931070 -0.166401938 -0.007757327 0.024430253 0.985724866
1403637005551666432.000000 0.250545740 0.324854732 0.132291734 -0.165600151 -0.006273646 0.023505922 0.985892892
1403637005601666560.000000 0.238747522 0.313643277 0.122852333 -0.164136901 -0.006045786 0.024546297 0.986113608
1403637005651666432.000000 0.228917465 0.302099049 0.112899601 -0.162365168 -0.009368753 0.026779031 0.986322880
1403637005701666560.000000 0.221733257 0.290733814 0.103948861 0.160289556 0.012597347 -0.030823542 -0.986508250
1403637005751666432.000000 0.217942774 0.279517204 0.093030423 0.158780783 0.014859777 -0.033759408 -0.986624658
1403637005801666560.000000 0.217617258 0.268977225 0.081927620 0.158249661 0.015124146 -0.033717047 -0.986707449
1403637005851666432.000000 0.219036058 0.258767456 0.070800893 0.158656523 0.013988953 -0.031109398 -0.986744523
1403637005901666560.000000 0.224745512 0.248162344 0.060032688 -0.158992827 -0.012875903 0.028759243 0.986776769
1403637005951666432.000000 0.226394370 0.238835782 0.049963847 -0.159444585 -0.010956133 0.026629869 0.986786842
1403637006001666560.000000 0.227038667 0.229495823 0.040377926 -0.159899741 -0.008851887 0.025263498 0.986770213
1403637006051666432.000000 0.226815715 0.220297828 0.031617966 -0.159689829 -0.006820520 0.025782468 0.986806929
1403637006101666560.000000 0.225854278 0.210984990 0.023197679 -0.159100741 -0.005189037 0.027014440 0.986879051
1403637006151666432.000000 0.224686310 0.201673523 0.014723007 -0.158958450 -0.004512453 0.027147647 0.986901700
1403637006201666560.000000 0.219240561 0.193041697 0.006396353 0.158543438 0.004948982 -0.027776767 -0.986948788
1403637006251666432.000000 0.220925391 0.183834553 -0.000098005 0.158094436 0.007607215 -0.029290322 -0.986960173
1403637006301666560.000000 0.218714684 0.175130695 -0.007726234 0.157372177 0.011886026 -0.031743661 -0.986957490
1403637006351666432.000000 0.215940922 0.167021349 -0.014558185 0.156754985 0.018173007 -0.033817258 -0.986891091
1403637006401666560.000000 0.212768316 0.160106882 -0.017512778 -0.156250820 -0.023249855 0.035656318 0.986799836
1403637006451666432.000000 0.209695086 0.153237358 -0.022648623 -0.155187413 -0.026483705 0.038779717 0.986768365
1403637006501666560.000000 0.206698611 0.147215635 -0.026300211 -0.153561562 -0.027318889 0.043100979 0.986820579
1403637006551666432.000000 0.204420924 0.142327666 -0.029037863 -0.151332572 -0.023648100 0.044874240 0.987180650
1403637006601666560.000000 0.202733383 0.138526425 -0.030921927 -0.149345547 -0.019095469 0.042586088 0.987683058
1403637006651666432.000000 0.200906649 0.135597706 -0.032044347 -0.146109939 -0.014612638 0.038884554 0.988395870
1403637006701666560.000000 0.197885379 0.131247446 -0.036430683 0.142002463 0.010648998 -0.034055624 -0.989222944
1403637006751666432.000000 0.195973843 0.130215704 -0.034669567 0.136354461 0.006905444 -0.029145513 -0.990207195
1403637006801666560.000000 0.192452520 0.128712326 -0.033692975 0.129241213 0.003879993 -0.025223246 -0.991284728
1403637006851666432.000000 0.188130051 0.127773628 -0.032213785 0.120457046 0.003953443 -0.022524949 -0.992455125
1403637006901666560.000000 0.180541888 0.127066076 -0.032480169 -0.110647760 -0.004196691 0.019054048 0.993668199
1403637006951666432.000000 0.175009787 0.126553014 -0.031325620 -0.100191608 -0.006493920 0.013594033 0.994854152
1403637007001666560.000000 0.170311838 0.126108423 -0.030593934 -0.090046346 -0.007891067 0.007163208 0.995880604
1403637007051666432.000000 0.165669337 0.125851840 -0.030148769 -0.080620520 -0.007666701 0.001695150 0.996713996
1403637007101666560.000000 0.160712600 0.126209304 -0.029515233 -0.072702348 -0.007482905 -0.003834487 0.997318327
1403637007151666432.000000 0.155655339 0.126723900 -0.029121349 -0.065386906 -0.006761063 -0.008292303 0.997802615
1403637007201666560.000000 0.157511234 0.125852108 -0.027287556 0.059085686 0.005782479 0.012011484 -0.998163939
1403637007251666432.000000 0.148029372 0.126796439 -0.029847829 -0.054452673 -0.002685416 -0.016653735 0.998373926
1403637007301666560.000000 0.142886072 0.127393201 -0.030051183 -0.051104859 0.001468656 -0.021642173 0.998457730
1403637007351666432.000000 0.137821257 0.127670854 -0.030721992 -0.048216768 0.005200305 -0.024659315 0.998518884
1403637007401666560.000000 0.131985098 0.127400815 -0.031585798 -0.046390325 0.006140501 -0.027197765 0.998534203
1403637007451666432.000000 0.125326499 0.126692265 -0.032998178 -0.044408474 0.004774468 -0.027390057 0.998626530
1403637007501666560.000000 0.120651834 0.126236781 -0.033423275 0.043299034 -0.003180865 0.027980061 -0.998665214
1403637007551666432.000000 0.112037130 0.124451071 -0.036424138 0.042699654 -0.000889916 0.028185805 -0.998689890
1403637007601666560.000000 0.103151485 0.122418977 -0.039174467 0.042084277 0.004672810 0.026755428 -0.998744905
1403637007651666432.000000 0.094223246 0.119591527 -0.044639211 -0.042199530 -0.012102201 -0.025998913 0.998697579
1403637007701666560.000000 0.085178196 0.116469763 -0.047430631 -0.042647008 -0.018788230 -0.024880888 0.998603702
1403637007751666432.000000 0.076731451 0.113123201 -0.050157953 -0.043531150 -0.024342800 -0.024831381 0.998446763
1403637007801666560.000000 0.069756933 0.109450825 -0.052400086 -0.044587065 -0.025129071 -0.025100967 0.998373985
1403637007851666432.000000 0.063609481 0.105242349 -0.053727560 -0.045208674 -0.022619829 -0.024593946 0.998418629
1403637007901666560.000000 0.058292888 0.100603558 -0.054704648 -0.044569746 -0.015836429 -0.020339219 0.998673677
1403637007951666432.000000 0.054753356 0.096218690 -0.052710660 0.043749154 0.008819741 0.015304836 -0.998886406
1403637008001666560.000000 0.049373914 0.091673888 -0.054655291 0.043824859 0.003634021 0.012649174 -0.998952568
1403637008051666432.000000 0.044488881 0.087435402 -0.056394655 0.045177389 0.001806500 0.012846424 -0.998894811
1403637008101666560.000000 0.038775448 0.083315186 -0.058559559 0.047201134 0.006583925 0.013584157 -0.998771369
1403637008151666432.000000 0.033654146 0.078445822 -0.060497526 -0.049327008 -0.014781964 -0.014295978 0.998571038
1403637008201666560.000000 0.028742807 0.074309103 -0.062500805 -0.051019121 -0.022703346 -0.014393146 0.998335838
1403637008251666432.000000 0.025177006 0.070155196 -0.064295337 -0.052749153 -0.029169593 -0.014970716 0.998069406
1403637008301666560.000000 0.022791719 0.066068828 -0.065622546 -0.054791596 -0.033877604 -0.016728047 0.997782826
1403637008351666432.000000 0.021801632 0.061666567 -0.066145331 -0.056325581 -0.035891432 -0.017637273 0.997611225
1403637008401666560.000000 0.022258464 0.057312965 -0.065698437 0.057478912 0.034100235 0.017680360 -0.997607529
1403637008451666432.000000 0.024849743 0.052096359 -0.064540870 0.057419151 0.027105106 0.015794778 -0.997857213
1403637008501666560.000000 0.028261269 0.046950161 -0.062570371 0.057488434 0.020315195 0.013790312 -0.998044193
1403637008551666432.000000 0.032023538 0.041552775 -0.060451549 0.057506353 0.013918627 0.011827967 -0.998178065
1403637008601666560.000000 0.035091300 0.036558989 -0.057926122 0.057789605 0.009074583 0.009849749 -0.998238921
1403637008651666432.000000 0.035174932 0.033071123 -0.052783016 -0.057984918 -0.005661355 -0.007973556 0.998269558
1403637008701666560.000000 0.035838947 0.028214734 -0.049928635 -0.057076052 -0.004453401 -0.003050291 0.998355269
1403637008751666432.000000 0.035399072 0.023735531 -0.046760507 -0.055382308 -0.005953655 0.004343901 0.998438001
1403637008801666560.000000 0.033430588 0.020255409 -0.043010551 -0.053204190 -0.009414438 0.012907663 0.998455882
1403637008851666432.000000 0.030550793 0.017952098 -0.038888931 -0.051306032 -0.012845784 0.019767033 0.998404741
1403637008901666560.000000 0.026713304 0.017038597 -0.034515619 -0.050625768 -0.016221887 0.023501115 0.998309374
1403637008951666432.000000 0.027396960 0.013854376 -0.034622610 0.051231585 0.017275786 -0.024319559 -0.998241186
1403637009001666560.000000 0.019495353 0.019320378 -0.026627118 -0.052961849 -0.016776644 0.020845255 0.998238027
1403637009051666432.000000 0.014307028 0.024341220 -0.020519318 -0.055841357 -0.016024984 0.014572473 0.998204768
1403637009101666560.000000 0.008709426 0.030261369 -0.014408790 -0.058693863 -0.015381481 0.007810695 0.998127043
1403637009151666432.000000 0.002988295 0.036842424 -0.008378603 -0.061231993 -0.014921246 0.001830193 0.998010457
1403637009201666560.000000 -0.002826847 0.044234041 -0.001404968 -0.064032391 -0.014657546 -0.005178204 0.997826755
1403637009251666432.000000 -0.009691617 0.051775027 0.001538345 0.067444041 0.015237916 0.013568561 -0.997514427
1403637009301666560.000000 -0.015873564 0.058431976 0.009999741 -0.071003720 -0.016513128 -0.023002857 0.997074068
1403637009351666432.000000 -0.022305362 0.065482013 0.019954406 -0.074189760 -0.015918920 -0.031518508 0.996618867
1403637009401666560.000000 -0.025171315 0.070652865 0.025030261 -0.059140597 -0.009321862 -0.016761433 0.998065412
1403637009451666432.000000 -0.027635282 0.076676592 0.027886052 -0.052790042 -0.007641620 -0.024403241 0.998278201
1403637009501666560.000000 -0.027908903 0.079982713 0.030646536 -0.039953697 0.004681667 -0.021844910 0.998951733
1403637009551666432.000000 -0.031541210 0.082567587 0.037247010 0.024207773 -0.018001806 0.008953629 -0.999504805
1403637009601666560.000000 -0.034613095 0.086005084 0.035926655 -0.011601827 0.041960333 0.007736668 0.999022007
1403637009651666432.000000 -0.035198178 0.088151991 0.032647770 -0.018657405 0.045763593 0.006113721 0.998759329
1403637009701666560.000000 -0.041361276 0.091085374 0.033030916 -0.028232880 0.034970343 0.012792465 0.998907566
1403637009751666432.000000 -0.043283045 0.091576308 0.034482580 0.030188000 -0.034036566 -0.015904907 -0.998838007
1403637009801666560.000000 -0.041726399 0.091983140 0.035687793 -0.030394834 0.036384705 0.015129799 0.998760939
1403637009851666432.000000 -0.042865094 0.091047727 0.037802592 -0.029121073 0.036379177 0.016599648 0.998775721
1403637009901666560.000000 -0.043772794 0.090807617 0.040123131 -0.029812582 0.036608532 0.014654053 0.998777449
1403637009951666432.000000 -0.044854689 0.089351572 0.042111885 -0.028904160 0.036785532 0.016985970 0.998760700
1403637010001666560.000000 -0.046222288 0.088891409 0.043968465 -0.029734019 0.036842555 0.014863095 0.998768091
1403637010051666432.000000 -0.047304899 0.088105991 0.044706270 0.028879998 -0.036812544 -0.016530646 -0.998768091
1403637010101666560.000000 -0.048709668 0.087549590 0.046012301 0.029338498 -0.036815986 -0.015543020 -0.998770416
1403637010151666432.000000 -0.050160915 0.086785227 0.047027830 0.029127195 -0.036864445 -0.016122658 -0.998765647
1403637010201666560.000000 -0.051647790 0.086104535 0.047714870 0.029289853 -0.037043527 -0.015807724 -0.998759270
1403637010251666432.000000 -0.053174533 0.085683294 0.048114523 0.029265489 -0.037048973 -0.016089240 -0.998755276
1403637010301666560.000000 -0.051725611 0.086682983 0.047132563 -0.029013356 0.036697391 0.016064754 0.998776019
1403637010351666432.000000 -0.052691218 0.086667322 0.046683732 -0.029157173 0.036903974 0.015995426 0.998765349
1403637010401666560.000000 -0.053339209 0.086562462 0.046197135 -0.029056447 0.036944877 0.016116964 0.998764813
1403637010451666432.000000 -0.053564522 0.086482868 0.045598466 -0.029083198 0.036926381 0.016254470 0.998762429
1403637010501666560.000000 -0.054137565 0.086501248 0.044906691 -0.029066311 0.036978196 0.016282409 0.998760581
1403637010551666432.000000 -0.060179852 0.085635662 0.046721626 0.029199287 -0.036935102 -0.016115181 -0.998760998
1403637010601666560.000000 -0.062028907 0.085548684 0.045925036 0.029058225 -0.037030019 -0.016322151 -0.998758256
