#Frame Timestamp[ns],Image Rect[ms],Image Resize[ms],ORB ext[ms],Stereo match[ms],IMU preint[ms],Pose pred[ms],LM track[ms],KF dec[ms],Total[ms]
1403638127295097088.000000,0.000000,0.000000,23.550164,2.881514,0.004896,11.287555,2.810088,0.002976,30.284053
1403638127345096960.000000,0.000000,0.000000,21.595672,2.886569,0.071393,2.505636,3.220143,0.001120,28.385434
1403638127395097088.000000,0.000000,0.000000,20.019489,4.979976,0.077633,2.260385,2.693159,0.001120,29.093284
1403638127445096960.000000,0.000000,0.000000,20.979823,6.070520,0.097249,2.401346,2.702759,0.001632,31.404614
1403638127495097088.000000,0.000000,0.000000,18.478123,5.954326,0.115330,2.522789,2.727335,1.681976,28.691039
1403638127545096960.000000,0.000000,0.000000,23.165710,6.460894,0.127554,3.108524,2.775113,0.001376,34.029228
1403638127595097088.000000,0.000000,0.000000,19.843134,6.359452,0.121441,2.717863,2.721991,0.001089,30.504089
1403638127645096960.000000,0.000000,0.000000,19.720701,6.518622,0.122114,2.598630,3.135725,0.001216,30.352726
1403638127695097088.000000,0.000000,0.000000,23.702518,6.482429,0.122786,2.204128,3.222639,0.001088,34.427858
1403638127745096960.000000,0.000000,0.000000,21.668570,6.501374,0.128226,2.315169,3.026508,3.100141,32.572727
1403638127795097088.000000,0.000000,0.000000,19.413464,6.098488,0.123106,3.622197,3.919704,0.001024,29.652780
1403638127845096960.000000,0.000000,0.000000,19.100212,6.411389,0.126114,3.132301,3.535636,0.001248,29.694669
1403638127895097088.000000,0.000000,0.000000,18.182663,6.410013,0.121186,2.871497,3.180078,0.001568,28.859681
1403638127945096960.000000,0.000000,0.000000,20.921135,6.269498,0.123137,2.966379,3.225071,0.001184,31.514152
1403638127995097088.000000,0.000000,0.000000,18.254183,6.620671,0.122274,2.835465,3.239631,2.969259,29.206758
1403638128045096960.000000,0.000000,0.000000,19.544507,6.470365,0.117505,2.366178,3.793335,0.001120,30.165236
1403638128095097088.000000,0.000000,0.000000,21.516854,6.461085,0.119618,3.000267,3.587028,0.001312,32.423381
1403638128145096960.000000,0.000000,0.000000,19.352151,6.737250,0.122914,3.386449,3.994970,0.001152,30.332534
1403638128195097088.000000,0.000000,0.000000,20.021729,6.440445,0.123746,3.127757,4.269214,0.001280,30.809629
1403638128245096960.000000,0.000000,0.000000,19.811454,6.281243,0.122466,2.698471,4.109691,3.322224,30.425815
1403638128295097088.000000,0.000000,0.000000,19.353688,6.545406,0.121026,4.811686,4.696196,0.001344,30.581274
1403638128345096960.000000,0.000000,0.000000,19.172373,6.512286,0.125441,3.815607,4.346431,0.001248,30.058258
1403638128395097088.000000,0.000000,0.000000,21.814491,6.404445,0.125122,3.320400,4.215933,0.001536,32.589271
1403638128445096960.000000,0.000000,0.000000,20.737900,6.719969,0.154818,2.935595,4.790341,0.001376,31.864236
1403638128495097088.000000,0.000000,0.000000,18.982835,6.291547,0.099649,3.382449,4.094587,6.075352,29.664877
1403638128545096960.000000,0.000000,0.000000,19.698845,6.123353,0.128482,5.608018,6.421308,0.001536,30.055922
1403638128595097088.000000,0.000000,0.000000,18.772847,3.782742,0.127778,5.177995,6.763073,0.001632,26.942149
1403638128645096960.000000,0.000000,0.000000,19.700509,6.533406,0.126818,4.988104,6.566879,0.001344,30.646586
1403638128695097088.000000,0.000000,0.000000,19.507034,6.237018,0.127362,4.709924,6.701889,0.001408,30.101747
1403638128745096960.000000,0.000000,0.000000,19.348088,6.494461,0.124738,3.838519,5.639122,5.169387,30.271606
1403638128795097088.000000,0.000000,0.000000,20.594986,6.583999,0.159202,5.648018,7.316329,0.001344,31.425862
1403638128845096960.000000,0.000000,0.000000,18.160678,6.327355,0.128449,5.598001,7.443532,0.001376,28.740831
1403638128895097088.000000,0.000000,0.000000,19.232790,6.311355,0.129409,5.594737,6.858051,0.001184,36.197355
1403638128945096960.000000,0.000000,0.000000,19.977632,6.303675,0.138466,5.750291,7.401099,0.001216,45.306702
1403638128995097088.000000,0.000000,0.000000,18.411754,6.360700,0.199331,6.755650,8.043444,3.971129,35.232125
1403638129045096960.000000,0.000000,0.000000,20.920622,6.410716,0.125921,7.057606,10.588121,0.001568,36.472271
1403638129095097088.000000,0.000000,0.000000,18.305257,6.390812,0.140290,6.864579,8.056245,0.001696,33.981419
1403638129145096960.000000,0.000000,0.000000,21.561496,6.562783,0.127425,6.524382,8.101909,0.001664,39.264759
1403638129195097088.000000,0.000000,0.000000,19.293591,7.328874,0.140642,5.817492,7.420427,0.001440,36.891125
1403638129245096960.000000,0.000000,0.000000,21.380853,8.062037,0.150691,4.649091,7.667631,1.969181,39.115573
1403638129295097088.000000,0.000000,0.000000,22.074047,9.157508,0.099361,5.910486,9.135716,0.001472,41.282868
1403638129345096960.000000,0.000000,0.000000,17.976195,11.381445,0.099361,4.930631,7.945619,0.001280,39.299576
1403638129395097088.000000,0.000000,0.000000,18.397482,11.487814,0.128258,5.270284,7.462444,0.001280,42.691241
1403638129445096960.000000,0.000000,0.000000,19.589563,11.774058,0.141218,4.318046,6.415485,0.000832,43.606166
1403638129495097088.000000,0.000000,0.000000,19.361944,11.674921,0.130722,4.550786,6.646304,1.859675,42.052672
1403638129545096960.000000,0.000000,0.000000,18.087013,11.169121,0.127330,5.696242,8.640189,0.001344,39.693438
1403638129595097088.000000,0.000000,0.000000,19.504858,10.581305,0.135490,0.137090,11.800298,0.102465,40.856623
1403638129645096960.000000,0.000000,0.000000,19.547866,10.462584,0.129122,0.106913,12.125103,0.089793,43.369747
1403638129695097088.000000,0.000000,0.000000,19.218389,4.848742,0.059521,0.124258,13.589188,0.105730,34.567732
1403638129745096960.000000,0.000000,0.000000,22.079103,10.936670,0.138498,0.126370,14.470961,2.252320,44.042140
1403638129795097088.000000,0.000000,0.000000,18.504715,10.254644,0.134306,0.177090,16.525775,0.206083,40.524745
1403638129845096960.000000,0.000000,0.000000,20.312166,10.810684,0.142274,0.143810,14.652276,0.153123,43.150095
1403638129895097088.000000,0.000000,0.000000,21.213362,10.961887,0.112034,0.126402,14.567346,0.106689,46.687010
1403638129945096960.000000,0.000000,0.000000,18.958450,6.210266,0.145506,0.120481,14.567667,3.113069,39.023316
1403638129995097088.000000,0.000000,0.000000,21.050353,12.170256,0.138786,0.167747,16.938484,0.246148,45.627411
1403638130045096960.000000,0.000000,0.000000,17.704448,12.422836,0.140546,0.180162,15.701955,0.152738,41.978495
1403638130095097088.000000,0.000000,0.000000,17.672447,9.643147,0.143394,0.151650,14.736149,2.630438,39.561787
1403638130145096960.000000,0.000000,0.000000,18.942802,13.862312,0.112130,0.084834,16.367628,0.123266,50.595195
1403638130195097088.000000,0.000000,0.000000,18.539596,8.727102,0.111585,0.130018,15.211420,0.129442,43.511349
1403638130245096960.000000,0.000000,0.000000,19.457401,12.604182,0.127746,0.125090,13.195678,2.869897,48.312986
1403638130295097088.000000,0.000000,0.000000,19.080691,12.168751,0.125922,0.069249,14.351311,0.115522,46.870501
1403638130345096960.000000,0.000000,0.000000,19.265750,6.707649,0.137698,0.120834,11.914444,0.120481,41.760059
1403638130395097088.000000,0.000000,0.000000,20.186340,13.267680,0.133858,0.122626,14.135692,1.535639,52.644409
1403638130445096960.000000,0.000000,0.000000,18.868656,8.872000,0.075521,0.118210,16.372844,0.211459,45.002442
1403638130495097088.000000,0.000000,0.000000,18.051013,7.828241,0.070625,0.120130,14.413328,0.116129,42.924108
1403638130545096960.000000,0.000000,0.000000,19.486074,10.384342,0.107842,0.097089,14.295951,0.102690,46.356478
1403638130595097088.000000,0.000000,0.000000,19.539162,10.919165,0.109217,0.135394,16.746674,0.106530,47.800627
1403638130645096960.000000,0.000000,0.000000,19.299479,11.796107,0.119809,0.133890,17.310234,1.956765,54.021708
1403638130695097088.000000,0.000000,0.000000,17.338362,7.243080,0.103458,0.151171,18.151558,0.230083,46.368638
1403638130745096960.000000,0.000000,0.000000,18.004452,8.476475,0.116129,0.147330,16.808563,0.142114,45.520274
1403638130795097088.000000,0.000000,0.000000,21.045233,10.120338,0.119426,0.168995,15.772676,2.234625,49.879313
1403638130845096960.000000,0.000000,0.000000,22.102336,8.793023,0.131426,0.072577,16.052872,0.132674,48.316218
1403638130895097088.000000,0.000000,0.000000,25.866005,10.314005,0.125538,0.166402,17.289370,0.162370,54.845336
1403638130945096960.000000,0.000000,0.000000,22.063743,8.870208,0.129218,0.148323,14.169324,1.964188,50.154965
1403638130995097088.000000,0.000000,0.000000,22.089663,8.577052,0.133570,0.206947,16.346796,0.248707,47.822611
1403638131045096960.000000,0.000000,0.000000,22.897355,10.950750,0.124482,0.130082,15.184187,0.163970,50.882175
1403638131095097088.000000,0.000000,0.000000,24.287359,9.157764,0.109634,0.177634,15.153851,2.127551,48.291833
1403638131145096960.000000,0.000000,0.000000,22.658951,8.994658,0.122690,0.078017,13.276640,0.101218,48.813089
1403638131195097088.000000,0.000000,0.000000,21.742010,8.516763,0.117570,0.109090,10.320725,0.130754,48.830849
1403638131245096960.000000,0.000000,0.000000,22.691944,11.379429,0.112642,0.076353,11.759050,0.087137,50.364024
1403638131295097088.000000,0.000000,0.000000,20.524137,7.279273,0.120546,0.186979,15.045817,1.574166,42.950380
1403638131345096960.000000,0.000000,0.000000,22.272353,10.625497,0.146690,0.114626,16.752146,0.212771,50.931456
1403638131395097088.000000,0.000000,0.000000,21.525911,11.364772,0.144226,0.122978,14.657651,0.115650,53.787529
1403638131445096960.000000,0.000000,0.000000,19.584507,7.457228,0.080706,0.133570,15.941958,0.145122,48.232249
1403638131495097088.000000,0.000000,0.000000,21.447702,7.170312,0.149794,0.120386,12.563317,0.077505,47.807858
1403638131545096960.000000,0.000000,0.000000,21.841435,11.110657,0.095266,0.149378,16.131881,0.092514,51.502664
1403638131595097088.000000,0.000000,0.000000,20.608330,9.266982,0.141090,0.127777,15.739428,1.931004,51.718764
1403638131645096960.000000,0.000000,0.000000,19.507130,7.633326,0.130914,0.189091,18.252456,0.247684,48.916195
1403638131695097088.000000,0.000000,0.000000,21.103025,8.610652,0.144867,0.137346,16.188298,0.137282,50.297879
1403638131745096960.000000,0.000000,0.000000,21.540663,7.832977,0.170274,0.147970,16.817235,0.124865,51.150851
1403638131795097088.000000,0.000000,0.000000,18.869073,9.369096,0.151362,0.142466,14.110188,2.148671,49.247464
1403638131845096960.000000,0.000000,0.000000,19.217173,5.591985,0.121089,0.114146,17.927587,0.265412,44.616613
1403638131895097088.000000,0.000000,0.000000,18.477418,7.763568,0.140322,0.163490,17.077399,0.142434,46.535840
1403638131945096960.000000,0.000000,0.000000,19.988641,7.486316,0.143874,0.167202,17.250650,0.158147,46.355454
1403638131995097088.000000,0.000000,0.000000,20.066562,4.824486,0.118946,0.154083,15.692546,2.070334,41.176979
1403638132045096960.000000,0.000000,0.000000,19.820511,7.134503,0.174467,0.146754,18.879121,0.286404,47.110953
1403638132095097088.000000,0.000000,0.000000,19.753149,6.619936,0.160802,0.163810,16.974102,0.172739,47.754801
1403638132145096960.000000,0.000000,0.000000,20.756748,8.438970,0.160386,0.154530,15.752868,2.409123,48.040918
1403638132195097088.000000,0.000000,0.000000,18.593357,5.733779,0.166306,0.187234,17.055607,0.170050,42.050400
1403638132245096960.000000,0.000000,0.000000,17.831970,8.799039,0.173251,0.139938,17.162136,0.164866,47.914996
1403638132295097088.000000,0.000000,0.000000,17.920675,8.703678,0.191811,0.161314,15.509216,2.250209,50.407224
1403638132345096960.000000,0.000000,0.000000,19.541210,7.472556,0.135810,0.174626,17.960644,0.158371,49.877169
1403638132395097088.000000,0.000000,0.000000,19.411192,8.014900,0.158402,0.135682,15.586113,0.146051,48.583102
1403638132445096960.000000,0.000000,0.000000,19.889120,7.760112,0.164194,0.116610,15.037689,0.123009,50.398328
1403638132495097088.000000,0.000000,0.000000,18.911441,7.937459,0.139778,0.150914,15.435583,0.125346,47.630896
1403638132545096960.000000,0.000000,0.000000,18.865969,10.457047,0.159874,0.129602,16.422765,0.115426,51.454823
1403638132595097088.000000,0.000000,0.000000,18.645325,7.124263,0.152834,0.144866,16.465614,0.129537,44.812583
1403638132645096960.000000,0.000000,0.000000,19.305783,8.141878,0.152355,0.147491,17.070198,0.120002,48.516541
1403638132695097088.000000,0.000000,0.000000,18.963378,8.253591,0.153955,0.180387,19.793374,0.128642,46.953767
1403638132745096960.000000,0.000000,0.000000,22.969227,8.224503,0.170723,0.156258,18.070245,0.117922,52.878716
1403638132795097088.000000,0.000000,0.000000,23.669750,8.991138,0.143650,0.153442,17.779009,3.032652,50.619452
1403638132845096960.000000,0.000000,0.000000,24.210301,5.770292,0.116705,0.167491,20.366566,0.264196,44.846408
1403638132895097088.000000,0.000000,0.000000,20.938830,5.942134,0.114817,0.133378,16.266379,0.146594,43.120047
1403638132945096960.000000,0.000000,0.000000,28.320281,10.443639,0.169922,0.138946,11.736970,0.160066,60.151301
1403638132995097088.000000,0.000000,0.000000,22.225281,7.408620,0.160354,0.101441,12.180208,0.106081,51.111618
1403638133045096960.000000,0.000000,0.000000,21.961021,7.793009,0.169859,0.149794,15.737379,0.103778,48.993092
1403638133095097088.000000,0.000000,0.000000,21.859996,8.765983,0.162082,0.160482,16.723890,0.112258,51.174723
1403638133145096960.000000,0.000000,0.000000,19.807263,9.856334,0.157250,0.168898,17.159384,0.120161,46.529984
1403638133195097088.000000,0.000000,0.000000,21.066896,9.673612,0.198275,0.145603,17.132343,3.040012,51.413959
1403638133245096960.000000,0.000000,0.000000,22.644295,8.884608,0.170083,0.170883,19.698396,0.223844,53.503461
1403638133295097088.000000,0.000000,0.000000,25.748436,6.697089,0.170018,0.099393,16.066121,0.147458,55.557603
1403638133345096960.000000,0.000000,0.000000,19.951169,8.163062,0.156546,0.170306,15.740772,0.129314,48.839586
1403638133395097088.000000,0.000000,0.000000,20.464487,8.933473,0.172195,0.170850,15.474592,0.104514,50.427705
1403638133445096960.000000,0.000000,0.000000,19.638396,7.600270,0.185443,0.159842,18.299720,0.111330,47.932404
1403638133495097088.000000,0.000000,0.000000,19.894463,7.641807,0.148546,0.187074,18.607213,0.118370,50.230006
1403638133545096960.000000,0.000000,0.000000,19.159157,7.022982,0.182083,0.187075,18.169510,0.118402,47.978037
1403638133595097088.000000,0.000000,0.000000,20.307749,7.641614,0.155298,0.170306,17.928867,0.117953,49.989042
1403638133645096960.000000,0.000000,0.000000,20.250437,6.666817,0.163266,0.170242,18.497388,0.123362,49.302920
1403638133695097088.000000,0.000000,0.000000,20.048226,8.089589,0.068545,0.168739,18.204103,3.139181,51.761003
1403638133745096960.000000,0.000000,0.000000,22.618087,6.708193,0.166274,0.198531,20.795149,0.291300,51.082850
1403638133795097088.000000,0.000000,0.000000,19.913631,8.328633,0.183075,0.159138,17.520893,0.146626,53.397860
1403638133845096960.000000,0.000000,0.000000,18.905105,7.100230,0.088514,0.175491,18.347785,0.208835,47.768946
1403638133895097088.000000,0.000000,0.000000,18.928978,7.488844,0.093346,0.168098,15.935942,2.438147,48.263993
1403638133945096960.000000,0.000000,0.000000,20.764908,6.120120,0.176386,0.143362,19.862399,0.276196,49.065573
1403638133995097088.000000,0.000000,0.000000,21.206963,6.415997,0.174179,0.171939,16.199850,0.129506,49.589004
1403638134045096960.000000,0.000000,0.000000,18.251592,7.339466,0.159363,0.155523,18.950961,0.153730,51.084130
1403638134095097088.000000,0.000000,0.000000,21.446134,6.495294,0.151714,0.159170,15.308573,0.110849,47.574927
1403638134145096960.000000,0.000000,0.000000,19.785982,7.139399,0.157986,0.188995,17.685824,0.120418,47.185258
1403638134195097088.000000,0.000000,0.000000,20.549961,8.246775,0.153922,0.149859,16.434669,0.112801,49.722831
1403638134245096960.000000,0.000000,0.000000,20.662826,6.620159,0.177539,0.157026,17.460700,0.128546,48.441404
1403638134295097088.000000,0.000000,0.000000,21.586456,9.221542,0.176482,0.154178,17.302618,3.231150,52.525335
1403638134345096960.000000,0.000000,0.000000,22.118911,11.466469,0.181506,0.271044,18.683534,0.226755,58.640847
1403638134395097088.000000,0.000000,0.000000,21.340276,7.853745,0.176482,0.193987,17.945667,0.161154,52.148914
1403638134445096960.000000,0.000000,0.000000,24.407040,9.811950,0.177059,0.165986,16.835572,0.175491,59.739231
1403638134495097088.000000,0.000000,0.000000,22.756041,7.575245,0.159522,0.170658,15.010969,2.082142,55.669700
1403638134545096960.000000,0.000000,0.000000,21.685274,7.823089,0.165955,0.179555,18.977906,0.229795,50.605659
1403638134595097088.000000,0.000000,0.000000,24.039867,5.781140,0.127489,0.159682,17.846818,0.164322,46.272572
1403638134645096960.000000,0.000000,0.000000,21.829147,6.437117,0.159554,0.161251,16.886068,0.187298,44.939177
1403638134695097088.000000,0.000000,0.000000,21.683578,7.938163,0.154626,0.169666,18.175719,1.769370,49.834864
1403638134745096960.000000,0.000000,0.000000,22.099743,8.516635,0.155906,0.121058,15.720067,0.253284,52.842492
1403638134795097088.000000,0.000000,0.000000,23.880793,8.345304,0.162979,0.123714,16.906516,0.177666,54.502739
1403638134845096960.000000,0.000000,0.000000,25.357422,8.575612,0.167522,0.141186,16.532431,0.162690,58.702800
1403638134895097088.000000,0.000000,0.000000,19.784030,7.171176,0.091681,0.115618,15.813061,3.101101,51.511944
1403638134945096960.000000,0.000000,0.000000,21.816763,7.585165,0.164770,0.210468,18.769839,0.218275,50.971584
1403638134995097088.000000,0.000000,0.000000,24.289791,6.915204,0.147074,0.149442,18.090630,0.142082,51.827213
1403638135045096960.000000,0.000000,0.000000,21.666937,7.183784,0.151171,0.157474,15.959430,0.170691,48.907811
1403638135095097088.000000,0.000000,0.000000,22.349986,9.574954,0.194275,0.144546,16.217866,0.105761,54.828632
1403638135145096960.000000,0.000000,0.000000,21.762586,7.987092,0.101250,0.183875,20.062498,0.119906,53.286465
1403638135195097088.000000,0.000000,0.000000,22.047838,8.622109,0.199619,0.158787,18.612333,0.116514,53.717544
1403638135245096960.000000,0.000000,0.000000,24.011035,8.144150,0.179843,0.167970,19.088916,2.436099,54.768632
1403638135295097088.000000,0.000000,0.000000,22.131647,9.134148,0.178787,0.193347,20.697099,0.285637,54.713591
1403638135345096960.000000,0.000000,0.000000,22.086527,8.813823,0.165666,0.209891,18.402378,0.155395,56.978327
1403638135395097088.000000,0.000000,0.000000,21.497623,8.700318,0.160802,0.167682,18.497131,0.182179,56.101035
1403638135445096960.000000,0.000000,0.000000,20.625066,7.658095,0.163714,0.177571,16.670065,1.812282,49.149958
1403638135495097088.000000,0.000000,0.000000,21.750810,6.477534,0.161890,0.206883,18.786800,0.230883,51.343558
1403638135545096960.000000,0.000000,0.000000,20.803181,6.098328,0.169635,0.167107,18.505451,0.184579,49.887345
1403638135595097088.000000,0.000000,0.000000,18.644205,6.480221,0.161027,0.170915,18.367977,0.164642,50.000402
1403638135645096960.000000,0.000000,0.000000,19.202293,7.576174,0.077409,0.172930,15.730691,2.368450,47.723122
1403638135695097088.000000,0.000000,0.000000,18.750351,8.205366,0.168002,0.201346,17.946148,0.199939,50.466713
1403638135745096960.000000,0.000000,0.000000,17.784897,6.699201,0.153891,0.156098,16.816467,0.167170,44.440610
1403638135795097088.000000,0.000000,0.000000,19.825630,8.334649,0.179458,0.126818,15.674370,0.197507,50.860479
1403638135845096960.000000,0.000000,0.000000,19.208758,8.400633,0.173250,0.112546,14.345487,1.692632,48.616927
1403638135895097088.000000,0.000000,0.000000,17.968836,8.866848,0.184387,0.181059,16.152777,0.183970,48.982755
1403638135945096960.000000,0.000000,0.000000,18.264936,8.957986,0.192931,0.131650,15.200091,0.139586,52.239923
1403638135995097088.000000,0.000000,0.000000,17.721952,7.052582,0.174275,0.101826,14.571186,0.127713,48.347258
1403638136045096960.000000,0.000000,0.000000,19.676380,8.155990,0.168738,0.100610,12.431891,1.906747,50.664700
1403638136095097088.000000,0.000000,0.000000,18.379497,7.646255,0.159554,0.094785,14.786294,0.115201,47.823827
1403638136145096960.000000,0.000000,0.000000,19.742398,7.622542,0.176707,0.086402,14.161036,0.117697,48.887491
1403638136195097088.000000,0.000000,0.000000,21.348500,6.685824,0.164866,0.104897,13.525060,1.655000,51.867950
1403638136245096960.000000,0.000000,0.000000,19.393880,9.190693,0.187011,0.072065,14.308175,0.103233,51.172644
1403638136295097088.000000,0.000000,0.000000,21.302836,8.306872,0.155074,0.059808,12.573334,0.095713,53.188609
1403638136345096960.000000,0.000000,0.000000,21.043408,7.994772,0.178275,0.057665,11.298627,1.531959,53.512389
1403638136395097088.000000,0.000000,0.000000,26.707010,7.687856,0.146978,0.055201,12.381139,0.086529,54.899417
1403638136445096960.000000,0.000000,0.000000,21.870012,6.179513,0.174467,0.050977,10.460247,0.039808,49.024069
1403638136495097088.000000,0.000000,0.000000,20.335718,6.719521,0.168547,0.062208,14.187661,0.043713,48.307642
1403638136545096960.000000,0.000000,0.000000,21.582648,6.830083,0.174402,0.071201,14.958584,0.043072,51.750796
1403638136595097088.000000,0.000000,0.000000,19.844959,6.640128,0.162914,0.061985,15.346846,2.052510,50.286167
1403638136645096960.000000,0.000000,0.000000,20.324838,7.385195,0.167746,0.052225,14.325743,0.143554,51.625514
1403638136695097088.000000,0.000000,0.000000,19.269783,6.392796,0.139330,0.063361,13.768839,0.080321,45.509074
1403638136745096960.000000,0.000000,0.000000,20.526409,7.708975,0.162210,0.046273,14.140460,0.081666,49.105158
1403638136795097088.000000,0.000000,0.000000,20.383239,6.998437,0.186626,0.063009,13.788039,0.046624,52.340820
1403638136845096960.000000,0.000000,0.000000,20.701835,9.320614,0.173986,0.069857,15.384703,0.044961,53.382179
1403638136895097088.000000,0.000000,0.000000,19.793662,8.731518,0.188835,0.067137,15.446111,0.047040,54.542420
1403638136945096960.000000,0.000000,0.000000,25.578866,6.892964,0.093505,0.065153,14.384976,0.046720,58.534702
1403638136995097088.000000,0.000000,0.000000,21.613912,7.509837,0.097282,0.064065,14.602323,0.044641,52.543960
1403638137045096960.000000,0.000000,0.000000,21.538519,6.958597,0.164803,0.067265,14.745109,0.072961,51.816685
1403638137095097088.000000,0.000000,0.000000,25.051914,7.462444,0.149634,0.065377,14.324559,1.853243,55.707973
1403638137145096960.000000,0.000000,0.000000,20.377190,9.106819,0.169762,0.056225,15.126747,0.154594,52.912444
1403638137195097088.000000,0.000000,0.000000,20.141603,7.852401,0.219779,12.507093,3.717558,0.001312,51.464040
1403638137245096960.000000,0.000000,0.000000,18.356105,7.659599,0.190050,3.869816,3.694294,0.001280,49.055876
1403638137295097088.000000,0.000000,0.000000,18.917521,6.981957,0.183235,4.090779,3.734422,0.001280,48.443484
1403638137345096960.000000,0.000000,0.000000,18.183174,7.923410,0.175299,3.909881,3.566227,0.001440,48.813569
1403638137395097088.000000,0.000000,0.000000,18.578860,7.362667,0.164098,3.937689,3.057964,0.897517,47.675313
1403638137445096960.000000,0.000000,0.000000,17.617887,7.690415,0.155394,3.748534,3.538292,0.001408,45.737236
1403638137495097088.000000,0.000000,0.000000,17.247737,7.413195,0.188515,4.143804,3.331664,0.001216,45.239886
1403638137545096960.000000,0.000000,0.000000,19.827326,6.235290,0.167843,3.476370,3.503475,0.001280,46.827269
1403638137595097088.000000,0.000000,0.000000,18.682126,6.319516,0.171587,3.764471,3.703381,0.001248,44.945353
1403638137645096960.000000,0.000000,0.000000,19.096308,6.300667,0.190179,3.674421,3.501459,0.001536,44.579396
1403638137695097088.000000,0.000000,0.000000,20.254244,7.974035,0.171554,3.849143,3.544980,0.929613,46.959271
1403638137745096960.000000,0.000000,0.000000,19.701757,4.844742,0.068929,4.059546,3.772663,0.001344,43.808473
1403638137795097088.000000,0.000000,0.000000,20.474696,7.040933,0.170082,4.062138,3.243631,0.001184,46.422687
1403638137845096960.000000,0.000000,0.000000,18.820496,5.115882,0.151426,4.276669,3.353777,0.001312,43.690519
1403638137895097088.000000,0.000000,0.000000,19.711645,5.027080,0.112609,4.089051,3.190446,0.001408,43.774872
1403638137945096960.000000,0.000000,0.000000,18.549580,3.717045,0.069025,3.681909,3.643797,1.136337,39.245559
1403638137995097088.000000,0.000000,0.000000,19.265302,3.736630,0.143746,4.360799,3.079756,0.001536,40.317895
1403638138045096960.000000,0.000000,0.000000,20.539945,2.920522,0.130914,3.518579,4.107707,0.001280,40.445481
1403638138095097088.000000,0.000000,0.000000,19.594235,2.909162,0.130498,3.645684,3.617236,0.001472,37.523646
1403638138145096960.000000,0.000000,0.000000,19.636956,6.250875,0.208643,3.473138,3.334353,0.001472,45.226126
1403638138195097088.000000,0.000000,0.000000,19.059635,6.725473,0.238307,3.600468,3.625205,2.501220,45.597555
1403638138245096960.000000,0.000000,0.000000,19.122036,7.218856,0.284740,3.717110,3.654453,0.001216,48.866338
1403638138295097088.000000,0.000000,0.000000,20.199652,3.212366,0.137026,3.717941,3.507571,0.001376,42.374085
1403638138345096960.000000,0.000000,0.000000,18.771824,4.702276,0.210211,3.982905,3.325744,0.001376,41.863900
1403638138395097088.000000,0.000000,0.000000,19.105972,3.908312,0.143298,3.637428,3.649044,0.001600,41.676698
1403638138445096960.000000,0.000000,0.000000,21.378836,4.711588,0.271908,3.579284,3.529363,1.236114,45.929047
1403638138495097088.000000,0.000000,0.000000,20.112035,7.637934,0.274468,3.767222,3.220207,0.001312,48.158968
1403638138545096960.000000,0.000000,0.000000,18.851664,6.704896,0.138210,3.463282,3.295855,0.001281,46.200988
1403638138595097088.000000,0.000000,0.000000,19.704028,6.933733,0.137506,3.682805,2.893386,0.001216,46.216923
1403638138645096960.000000,0.000000,0.000000,18.372841,6.055832,0.129666,3.633620,2.793032,0.001184,43.997339
1403638138695097088.000000,0.000000,0.000000,21.180722,6.580095,0.128738,3.718550,3.415633,1.401908,47.474062
1403638138745096960.000000,0.000000,0.000000,19.509722,7.135208,0.132866,4.087451,3.396561,0.001440,47.735570
1403638138795097088.000000,0.000000,0.000000,18.589037,3.352208,0.142242,3.555539,3.140813,0.001344,41.753531
1403638138845096960.000000,0.000000,0.000000,19.355896,3.834039,0.183682,3.595892,3.572948,0.001248,27.695088
1403638138895097088.000000,0.000000,0.000000,21.260051,7.875250,0.172866,3.564211,3.904697,0.001280,112.168372
1403638138945096960.000000,0.000000,0.000000,18.051941,7.593870,0.185730,3.983482,3.014059,1.075120,30.197685
1403638138995097088.000000,0.000000,0.000000,18.664590,4.546402,0.166146,2.333474,3.569108,0.001440,27.653712
1403638139045096960.000000,0.000000,0.000000,20.646059,7.374026,0.115233,3.251023,3.135565,0.001728,39.801919
1403638139095097088.000000,0.000000,0.000000,21.121521,7.566957,0.159362,3.755254,3.755383,0.001184,49.860241
1403638139145096960.000000,0.000000,0.000000,19.933504,7.703664,0.125730,3.953049,3.763927,0.001184,40.259974
1403638139195097088.000000,0.000000,0.000000,19.325271,7.043686,0.154018,4.071995,3.296368,1.003119,38.642574
1403638139245096960.000000,0.000000,0.000000,17.850370,7.526284,0.113025,3.044364,3.195886,0.001280,37.496190
1403638139295097088.000000,0.000000,0.000000,21.140145,7.213929,0.153378,3.649045,3.700565,0.001472,40.793070
1403638139345096960.000000,0.000000,0.000000,19.226422,7.367018,0.148674,3.863416,3.839351,0.001344,38.294633
1403638139395097088.000000,0.000000,0.000000,18.647917,7.184808,0.114530,3.918745,3.709621,0.001568,37.767970
1403638139445096960.000000,0.000000,0.000000,20.030466,7.502956,0.153890,3.367312,3.737878,1.078096,40.907887
1403638139495097088.000000,0.000000,0.000000,18.184678,6.859011,0.125314,0.040160,7.176936,0.057889,37.099032
1403638139545096960.000000,0.000000,0.000000,18.323465,7.475884,0.155235,0.059073,6.832514,0.055425,37.400637
1403638139595097088.000000,0.000000,0.000000,21.620696,7.329258,0.111778,0.061440,9.047715,0.055617,41.538072
1403638139645096960.000000,0.000000,0.000000,19.018707,7.372362,0.106626,0.056961,8.929089,0.057377,38.663950
1403638139695097088.000000,0.000000,0.000000,18.282472,7.157384,0.145410,0.058209,8.912384,0.056737,37.299323
1403638139745096960.000000,0.000000,0.000000,19.637691,7.488397,0.150338,0.059841,8.901120,0.055937,39.093908
1403638139795097088.000000,0.000000,0.000000,20.396807,7.504812,0.149602,0.055137,9.139972,0.054305,39.938561
1403638139845096960.000000,0.000000,0.000000,19.599291,7.500557,0.112770,0.052737,8.255287,0.050016,39.933793
1403638139895097088.000000,0.000000,0.000000,19.558459,7.373643,0.103778,0.056833,8.938977,0.048737,40.225477
1403638139945096960.000000,0.000000,0.000000,19.959136,7.334986,0.136930,0.053089,9.115300,1.299091,39.371257
1403638139995097088.000000,0.000000,0.000000,19.328279,7.493389,0.136194,11.772970,3.416561,0.001440,38.748431
1403638140045096960.000000,0.000000,0.000000,19.480410,7.516620,0.096193,3.848375,3.703382,0.001760,38.239241
1403638140095097088.000000,0.000000,0.000000,17.596574,7.374282,0.107074,3.360880,3.441073,0.001120,39.041108
1403638140145096960.000000,0.000000,0.000000,19.261590,7.480652,0.125602,3.093741,3.721750,0.001344,38.553421
1403638140195097088.000000,0.000000,0.000000,20.621898,2.867562,0.103682,3.083372,3.401137,1.463861,35.437792
1403638140245096960.000000,0.000000,0.000000,18.921650,7.493292,0.138082,3.494994,2.990635,0.001152,38.017605
1403638140295097088.000000,0.000000,0.000000,18.722990,7.455692,0.132321,3.191054,3.273167,0.001568,37.866083
1403638140345096960.000000,0.000000,0.000000,19.541530,7.645807,0.138306,2.429539,2.567461,0.001280,39.913313
1403638140395097088.000000,0.000000,0.000000,18.934226,4.120731,0.139426,3.084941,2.899881,0.001280,34.333936
1403638140445096960.000000,0.000000,0.000000,17.188664,3.956857,0.127394,3.189486,3.496851,1.679832,32.378932
1403638140495097088.000000,0.000000,0.000000,19.370167,7.634126,0.130658,3.617748,3.211407,0.001280,37.936164
1403638140545096960.000000,0.000000,0.000000,18.579596,7.167656,0.134914,3.040204,3.493299,0.001408,36.472463
1403638140595097088.000000,0.000000,0.000000,18.973522,7.486860,0.143587,1.662296,2.794057,0.001600,40.594890
1403638140645096960.000000,0.000000,0.000000,21.220018,7.394379,0.133090,3.027308,3.311920,0.001216,40.426824
1403638140695097088.000000,0.000000,0.000000,20.471751,7.239784,0.130722,3.372529,3.172142,1.239346,38.607022
1403638140745096960.000000,0.000000,0.000000,19.104500,7.342411,0.127970,3.418001,2.744072,0.001536,38.025413
1403638140795097088.000000,0.000000,0.000000,17.958596,7.248744,0.132962,3.432754,3.151149,0.001376,36.977782
1403638140845096960.000000,0.000000,0.000000,19.266583,7.591086,0.067553,3.505522,3.469970,0.001472,39.104277
1403638140895097088.000000,0.000000,0.000000,18.637710,3.267919,0.127362,2.663110,3.517459,0.001824,32.110703
1403638140945096960.000000,0.000000,0.000000,19.558779,7.063622,0.135522,3.639252,3.038220,0.923565,37.305787
1403638140995097088.000000,0.000000,0.000000,20.291269,7.532621,0.128866,3.687349,2.793512,0.001312,39.510522
1403638141045096960.000000,0.000000,0.000000,19.626876,7.638318,0.145186,3.319536,3.275503,0.001664,39.869536
1403638141095097088.000000,0.000000,0.000000,19.432089,7.455212,0.071073,3.434834,2.783752,0.001184,39.562107
1403638141145096960.000000,0.000000,0.000000,20.341062,3.371984,0.132098,3.526419,2.926955,0.001792,33.897705
1403638141195097088.000000,0.000000,0.000000,18.505323,7.282185,0.126210,3.212399,3.333072,1.190066,37.517534
1403638141245096960.000000,0.000000,0.000000,18.706478,7.647823,0.126530,2.089310,1.806651,0.001120,38.471883
1403638141295097088.000000,0.000000,0.000000,19.062547,7.497933,0.130210,3.746966,2.786249,0.001696,38.505996
1403638141345096960.000000,0.000000,0.000000,19.014451,4.587778,0.063361,3.267407,3.125421,0.001120,35.890343
1403638141395097088.000000,0.000000,0.000000,19.551867,3.360400,0.135010,3.762486,3.279567,0.001376,34.294479
1403638141445096960.000000,0.000000,0.000000,20.386983,7.378826,0.138146,1.858907,2.075582,1.110224,39.086101
1403638141495097088.000000,0.000000,0.000000,18.483883,7.394027,0.107650,3.369424,2.541989,0.001216,39.766206
1403638141545096960.000000,0.000000,0.000000,20.061762,7.612430,0.101090,3.601717,3.581715,0.001632,41.901246
1403638141595097088.000000,0.000000,0.000000,20.175620,7.371370,0.099073,3.041516,3.341809,0.001216,41.182387
1403638141645096960.000000,0.000000,0.000000,18.564429,7.370282,0.141698,3.495155,3.154669,0.001312,39.457402
1403638141695097088.000000,0.000000,0.000000,20.680715,6.303355,0.129538,3.529011,3.005740,1.348595,40.729516
1403638141745096960.000000,0.000000,0.000000,20.219748,7.734704,0.130370,3.850232,3.225774,0.001120,40.663883
1403638141795097088.000000,0.000000,0.000000,20.277669,7.584270,0.138498,3.245327,3.483570,0.001120,41.785084
1403638141845096960.000000,0.000000,0.000000,18.241064,7.540845,0.145666,3.838936,3.058444,0.001248,40.475593
1403638141895097088.000000,0.000000,0.000000,19.324599,3.335120,0.146530,3.720054,3.280687,0.001344,26.547264
1403638141945096960.000000,0.000000,0.000000,20.100162,7.547309,0.115521,3.766486,2.779976,1.216241,47.063944
1403638141995097088.000000,0.000000,0.000000,19.384568,7.315466,0.063617,2.481124,3.601364,0.002080,30.945631
1403638142045096960.000000,0.000000,0.000000,19.038899,7.293065,0.109570,3.625716,3.245487,0.001696,30.623482
1403638142095097088.000000,0.000000,0.000000,17.574142,3.750007,0.147298,3.204462,3.582964,0.001664,25.326158
1403638142145096960.000000,0.000000,0.000000,18.131750,7.674670,0.114753,3.482962,3.445522,0.001504,30.095379
1403638142195097088.000000,0.000000,0.000000,20.276292,7.728591,0.105441,3.628532,3.400113,1.280371,32.290579
1403638142245096960.000000,0.000000,0.000000,20.251397,7.902898,0.108898,0.062785,3.659701,0.053345,32.407444
1403638142295097088.000000,0.000000,0.000000,19.395128,7.371563,0.139106,0.049248,3.339793,0.051201,30.949183
1403638142345096960.000000,0.000000,0.000000,18.225511,7.541133,0.108321,0.057953,8.498619,0.054529,30.072979
1403638142395097088.000000,0.000000,0.000000,19.715101,7.368106,0.122722,0.054529,8.478203,0.053857,31.392389
1403638142445096960.000000,0.000000,0.000000,20.729420,7.917042,0.205283,0.052864,8.572156,0.053568,40.367880
1403638142495097088.000000,0.000000,0.000000,18.978482,7.585069,0.132066,0.054465,8.559132,0.053825,46.617249
1403638142545096960.000000,0.000000,0.000000,18.812944,7.696783,0.134658,0.058881,8.505723,0.053825,38.808977
1403638142595097088.000000,0.000000,0.000000,22.681863,7.797872,0.130754,0.061025,8.568156,0.080865,43.247569
1403638142645096960.000000,0.000000,0.000000,22.225057,7.585934,0.131298,0.063521,8.390521,0.055105,41.042961
1403638142695097088.000000,0.000000,0.000000,20.122467,7.528045,0.150530,0.052033,8.528571,1.695800,39.823936
1403638142745096960.000000,0.000000,0.000000,18.572236,7.341802,0.076225,11.211138,4.391040,0.002016,36.860148
1403638142795097088.000000,0.000000,0.000000,19.489690,7.506892,0.151074,2.823529,2.813065,0.001024,38.105351
1403638142845096960.000000,0.000000,0.000000,24.719078,3.788182,0.103618,2.648295,2.486500,0.001088,37.664832
1403638142895097088.000000,0.000000,0.000000,19.956512,7.537868,0.099425,2.640102,3.443346,0.001312,37.800130
1403638142945096960.000000,0.000000,0.000000,18.889809,7.637294,0.142434,3.055500,3.658645,0.001600,39.098645
1403638142995097088.000000,0.000000,0.000000,19.538842,7.840401,0.054784,2.906314,3.795702,3.733590,39.005491
1403638143045096960.000000,0.000000,0.000000,22.519525,7.747184,0.135298,3.875800,3.409457,0.000928,41.155667
1403638143095097088.000000,0.000000,0.000000,19.171381,3.506291,0.134402,3.568787,5.101482,0.001152,31.111330
1403638143145096960.000000,0.000000,0.000000,19.390904,7.531853,0.134402,3.157102,4.485185,0.001376,37.628959
1403638143195097088.000000,0.000000,0.000000,19.063475,7.888050,0.133794,2.993675,4.542338,0.001408,39.046836
1403638143245096960.000000,0.000000,0.000000,20.835565,7.499501,0.130498,3.009867,4.763781,7.432492,38.926899
1403638143295097088.000000,0.000000,0.000000,18.707663,7.540141,0.076929,6.980997,5.340206,0.001184,37.335451
1403638143345096960.000000,0.000000,0.000000,19.834718,7.660463,0.130498,4.629955,7.019142,0.001280,38.690287
1403638143395097088.000000,0.000000,0.000000,18.418890,3.797975,0.106434,4.907431,6.154905,0.001088,32.534614
1403638143445096960.000000,0.000000,0.000000,20.035873,7.690511,0.131042,4.515362,5.818836,0.001280,39.442394
1403638143495097088.000000,0.000000,0.000000,18.688302,7.733423,0.131394,4.223517,6.018103,4.705156,37.083896
1403638143545096960.000000,0.000000,0.000000,18.669582,7.368459,0.132418,6.061976,7.014277,0.001280,37.014871
1403638143595097088.000000,0.000000,0.000000,20.628234,7.515789,0.128449,5.620721,7.907315,0.001600,38.513805
1403638143645096960.000000,0.000000,0.000000,18.638573,7.717391,0.071105,4.624386,6.878212,0.001152,37.039127
1403638143695097088.000000,0.000000,0.000000,21.751642,7.492364,0.131106,4.801445,6.980997,0.001504,41.271028
1403638143745096960.000000,0.000000,0.000000,18.886481,3.308240,0.127586,5.768147,6.608640,3.595380,30.131059
1403638143795097088.000000,0.000000,0.000000,20.754092,7.594126,0.134178,5.599921,6.328763,0.001024,39.057364
1403638143845096960.000000,0.000000,0.000000,19.515706,7.635374,0.074369,6.512478,7.301929,0.001248,37.906564
1403638143895097088.000000,0.000000,0.000000,19.138324,7.459948,0.129506,6.301947,7.444843,0.001280,38.216040
1403638143945096960.000000,0.000000,0.000000,18.454379,3.753270,0.132577,5.988534,7.559309,0.001088,31.300004
1403638143995097088.000000,0.000000,0.000000,20.770284,7.664879,0.122113,6.044311,6.745761,4.018362,38.902418
1403638144045096960.000000,0.000000,0.000000,19.211958,7.575661,0.126818,6.187769,8.370713,0.001728,38.340650
1403638144095097088.000000,0.000000,0.000000,20.959375,7.360554,0.129346,6.637472,8.686366,0.001312,39.007699
1403638144145096960.000000,0.000000,0.000000,20.647755,7.675311,0.076129,5.834004,7.671695,0.001216,39.327833
1403638144195097088.000000,0.000000,0.000000,19.281783,7.437484,0.129794,5.928566,8.093301,0.001281,39.097365
1403638144245096960.000000,0.000000,0.000000,19.958401,4.194268,0.104737,4.362847,6.735170,3.037484,35.614883
1403638144295097088.000000,0.000000,0.000000,19.266198,7.623630,0.129154,5.189195,10.295348,0.001472,37.965125
1403638144345096960.000000,0.000000,0.000000,18.967954,7.513453,0.131042,5.617681,8.264952,0.001600,37.901795
1403638144395097088.000000,0.000000,0.000000,19.390136,7.549390,0.065057,6.327963,8.173815,0.001824,38.429771
1403638144445096960.000000,0.000000,0.000000,19.000242,7.440076,0.128898,6.963877,8.926017,0.001952,38.994227
1403638144495097088.000000,0.000000,0.000000,18.526956,3.281424,0.127266,5.732018,7.737744,2.051997,31.784684
1403638144545096960.000000,0.000000,0.000000,21.310996,7.720816,0.130338,6.478109,10.702459,0.001952,40.351687
1403638144595097088.000000,0.000000,0.000000,17.459356,7.588622,0.128130,6.391420,9.128772,0.001440,36.104746
1403638144645096960.000000,0.000000,0.000000,18.830512,7.561101,0.073953,6.798851,10.988062,0.001184,37.559198
1403638144695097088.000000,0.000000,0.000000,17.390619,7.450539,0.075041,5.723091,8.084277,0.001216,37.322396
1403638144745096960.000000,0.000000,0.000000,17.961763,3.516627,0.142242,5.916726,9.154884,2.011453,29.318311
1403638144795097088.000000,0.000000,0.000000,19.811550,3.513235,0.141378,5.865077,9.437224,0.001856,30.740380
1403638144845096960.000000,0.000000,0.000000,19.598203,7.396779,0.138530,4.447105,8.837535,0.001280,40.198756
1403638144895097088.000000,0.000000,0.000000,19.170804,7.525644,0.137890,6.704288,9.366760,0.001216,39.536507
1403638144945096960.000000,0.000000,0.000000,19.949152,7.600942,0.143202,7.115079,10.672442,0.001504,40.659052
1403638144995097088.000000,0.000000,0.000000,20.297253,7.497484,0.141506,5.580272,8.846080,1.320627,40.846894
1403638145045096960.000000,0.000000,0.000000,19.553146,7.507501,0.134882,7.424811,11.591912,0.001504,39.958626
1403638145095097088.000000,0.000000,0.000000,20.262373,5.046057,0.132930,6.830819,9.400680,0.001824,38.518316
1403638145145096960.000000,0.000000,0.000000,19.478105,7.418540,0.090049,0.128866,13.461282,0.107969,39.648605
1403638145195097088.000000,0.000000,0.000000,20.736395,7.590062,0.106306,0.151138,16.807827,0.118402,42.823946
1403638145245096960.000000,0.000000,0.000000,20.714859,3.510803,0.106689,0.170498,15.185916,0.114946,27.837170
1403638145295097088.000000,0.000000,0.000000,20.496168,3.700534,0.112161,0.162851,17.170808,2.000540,43.941979
1403638145345096960.000000,0.000000,0.000000,17.825122,7.556781,0.142786,0.164995,18.617101,0.273924,29.786894
1403638145395097088.000000,0.000000,0.000000,19.415481,7.648270,0.111233,0.154946,13.912745,0.266500,31.655977
1403638145445096960.000000,0.000000,0.000000,18.691054,7.694672,0.116578,0.133186,13.431906,2.304002,30.803997
1403638145495097088.000000,0.000000,0.000000,19.722013,5.838292,0.110242,0.146690,19.743581,0.364165,29.979057
1403638145545096960.000000,0.000000,0.000000,18.143431,7.809617,0.137474,0.180066,16.976117,0.166371,30.304374
1403638145595097088.000000,0.000000,0.000000,21.404662,7.494924,0.137730,0.137666,16.883924,0.125730,33.182719
1403638145645096960.000000,0.000000,0.000000,18.972658,7.774065,0.083585,0.169443,15.412414,0.102945,31.304709
1403638145695097088.000000,0.000000,0.000000,19.651548,5.502959,0.135554,0.159586,17.191320,0.114946,29.528395
1403638145745096960.000000,0.000000,0.000000,20.853646,7.608462,0.163842,0.141090,14.451313,0.098978,32.737913
1403638145795097088.000000,0.000000,0.000000,19.410328,3.691766,0.143651,0.142978,16.030631,2.294561,27.091783
1403638145845096960.000000,0.000000,0.000000,20.893133,7.452811,0.139778,0.146178,19.297975,0.280516,32.739449
1403638145895097088.000000,0.000000,0.000000,18.595117,6.344380,0.136226,0.132930,15.871589,0.140354,29.325672
1403638145945096960.000000,0.000000,0.000000,19.975873,7.599374,0.137986,0.156994,14.917944,2.299169,32.025646
1403638145995097088.000000,0.000000,0.000000,19.071828,7.460652,0.108194,0.190723,17.845377,0.163779,30.830206
1403638146045096960.000000,0.000000,0.000000,20.225956,7.651055,0.111137,0.135746,16.944052,0.151682,32.379316
1403638146095097088.000000,0.000000,0.000000,19.417176,7.323434,0.110657,0.141314,14.529778,2.863401,31.155010
1403638146145096960.000000,0.000000,0.000000,21.451926,7.791537,0.106754,0.209667,18.611149,0.200867,33.587749
1403638146195097088.000000,0.000000,0.000000,18.289640,7.709520,0.139490,0.158658,17.239641,0.155970,30.510201
1403638146245096960.000000,0.000000,0.000000,18.491628,7.729007,0.126882,0.114689,15.550849,2.818728,30.585626
1403638146295097088.000000,0.000000,0.000000,19.349751,7.603565,0.112353,0.199043,18.400234,0.314948,31.384486
1403638146345096960.000000,0.000000,0.000000,19.766622,7.515949,0.139362,0.140898,17.031510,0.160258,31.492103
1403638146395097088.000000,0.000000,0.000000,19.192341,7.692911,0.109762,0.117794,16.640848,3.739318,31.409542
1403638146445096960.000000,0.000000,0.000000,20.890414,7.890386,0.104162,0.197251,17.442684,0.181858,33.414306
1403638146495097088.000000,0.000000,0.000000,18.321033,7.598894,0.140642,0.138178,16.169065,0.161346,30.416663
1403638146545096960.000000,0.000000,0.000000,19.995329,7.519917,0.112994,0.127554,14.922423,3.384817,31.965518
1403638146595097088.000000,0.000000,0.000000,19.027506,7.212712,0.103041,0.207299,17.331291,0.179395,30.857982
1403638146645096960.000000,0.000000,0.000000,19.145781,3.914329,0.109762,0.136578,17.722560,0.173571,27.488558
1403638146695097088.000000,0.000000,0.000000,18.953074,7.584846,0.143426,0.147651,15.196507,0.109185,30.892927
1403638146745096960.000000,0.000000,0.000000,19.743645,7.586445,0.109858,0.161219,16.585199,3.965081,31.783659
1403638146795097088.000000,0.000000,0.000000,19.281718,7.650863,0.145730,0.141858,20.807628,0.256739,31.407590
1403638146845096960.000000,0.000000,0.000000,20.124002,7.390314,0.109026,0.150018,15.550432,0.135522,31.924941
1403638146895097088.000000,0.000000,0.000000,19.657212,7.620462,0.135938,0.146050,17.774016,0.181731,31.919597
1403638146945096960.000000,0.000000,0.000000,19.317208,7.537645,0.115681,0.142210,17.187608,0.126754,31.124354
1403638146995097088.000000,0.000000,0.000000,20.616009,7.660526,0.141378,0.146627,16.019687,3.180718,32.728889
1403638147045096960.000000,0.000000,0.000000,20.469736,7.733071,0.054337,0.165347,19.566778,0.271044,32.447125
1403638147095097088.000000,0.000000,0.000000,21.073936,7.683151,0.137986,0.103106,15.358238,0.129794,32.989500
1403638147145096960.000000,0.000000,0.000000,19.164501,8.032852,0.108866,0.117090,15.623874,0.166050,31.401798
1403638147195097088.000000,0.000000,0.000000,19.454073,3.345104,0.139362,0.126210,17.814497,3.348240,26.725570
1403638147245096960.000000,0.000000,0.000000,20.157027,7.927699,0.110113,0.199747,20.760908,0.198019,32.483478
1403638147295097088.000000,0.000000,0.000000,20.433863,7.721232,0.106529,0.140098,18.012132,0.162435,32.382164
1403638147345096960.000000,0.000000,0.000000,18.859761,7.567693,0.134498,0.120226,16.454893,0.137186,30.629274
1403638147395097088.000000,0.000000,0.000000,21.418773,7.893458,0.140770,0.144834,19.314135,0.121249,33.976139
1403638147445096960.000000,0.000000,0.000000,17.814209,7.753808,0.134689,0.134082,18.390090,0.119842,29.843792
1403638147495097088.000000,0.000000,0.000000,20.161635,7.659791,0.136098,0.130178,17.137015,3.152782,32.386324
1403638147545096960.000000,0.000000,0.000000,19.282935,7.640878,0.140930,0.155715,19.003314,0.288676,31.238275
1403638147595097088.000000,0.000000,0.000000,22.153504,7.637454,0.137378,0.120418,17.744416,0.139362,34.268112
1403638147645096960.000000,0.000000,0.000000,20.797196,7.412843,0.136738,0.135394,16.394029,0.159266,32.639032
1403638147695097088.000000,0.000000,0.000000,19.491450,7.529901,0.118977,0.107970,17.533501,3.233455,31.256100
1403638147745096960.000000,0.000000,0.000000,19.196181,7.740688,0.150562,0.180483,17.470908,0.322116,31.420070
1403638147795097088.000000,0.000000,0.000000,20.527240,8.343928,0.107265,0.124290,16.867828,0.171938,40.728428
1403638147845096960.000000,0.000000,0.000000,20.786861,8.970081,0.117505,0.121602,15.986343,0.179810,50.112756
1403638147895097088.000000,0.000000,0.000000,19.099540,7.443116,0.123202,0.113665,15.799140,4.952936,36.647730
1403638147945096960.000000,0.000000,0.000000,17.639615,9.175492,0.129826,0.204003,19.108660,0.272484,35.958215
1403638147995097088.000000,0.000000,0.000000,18.712878,11.240835,0.126178,0.133762,17.899298,0.185635,40.237573
1403638148045096960.000000,0.000000,0.000000,18.969202,12.901146,0.134242,0.123777,17.143192,0.196867,42.956493
1403638148095097088.000000,0.000000,0.000000,18.924113,13.052412,0.139170,0.104353,15.425247,0.149154,46.586817
1403638148145096960.000000,0.000000,0.000000,18.161735,7.038598,0.093218,0.119394,16.414413,0.146563,36.804276
1403638148195097088.000000,0.000000,0.000000,17.366523,13.573412,0.137858,0.106850,15.162459,0.132802,43.967515
1403638148245096960.000000,0.000000,0.000000,18.708942,13.989867,0.096961,0.106433,16.189674,0.167202,44.598917
1403638148295097088.000000,0.000000,0.000000,19.137172,13.183071,0.125313,0.092834,14.570706,4.740164,43.943611
1403638148345096960.000000,0.000000,0.000000,23.965211,14.659700,0.121185,0.167842,16.379597,0.160642,58.218857
1403638148395097088.000000,0.000000,0.000000,17.783905,12.170544,0.131170,0.117346,15.758596,0.149826,46.616322
1403638148445096960.000000,0.000000,0.000000,19.250615,13.956457,0.129057,0.102370,14.625619,0.138082,48.984996
1403638148495097088.000000,0.000000,0.000000,19.375000,10.153362,0.109057,0.131330,14.960504,0.110817,44.712038
1403638148545096960.000000,0.000000,0.000000,21.015312,13.099741,0.118306,0.108674,14.777301,5.322956,48.602942
1403638148595097088.000000,0.000000,0.000000,18.528204,13.768263,0.108993,0.162979,15.922534,0.293764,51.340550
1403638148645096960.000000,0.000000,0.000000,22.399172,9.153220,0.123874,0.120929,15.777476,0.166402,48.921187
1403638148695097088.000000,0.000000,0.000000,21.130770,12.129103,0.135458,0.112322,14.361615,0.148066,50.899072
1403638148745096960.000000,0.000000,0.000000,20.326566,9.304679,0.084354,0.120001,13.472195,4.299615,45.124556
1403638148795097088.000000,0.000000,0.000000,22.389443,11.196354,0.123298,0.195395,17.102231,0.231204,49.459019
1403638148845096960.000000,0.000000,0.000000,21.599704,12.493940,0.136642,0.114241,14.695189,0.138274,54.106733
1403638148895097088.000000,0.000000,0.000000,20.518153,7.994420,0.097218,0.119938,15.345022,0.173795,44.627621
1403638148945096960.000000,0.000000,0.000000,19.750622,9.436872,0.092578,0.109730,12.968219,3.374800,47.581840
1403638148995097088.000000,0.000000,0.000000,20.682603,9.992816,0.074817,0.183139,16.441262,0.209859,48.635742
1403638149045096960.000000,0.000000,0.000000,19.234390,12.402259,0.084225,0.128098,15.591809,0.147874,49.600108
1403638149095097088.000000,0.000000,0.000000,19.349559,10.819324,0.114178,0.118338,15.698499,3.424465,51.013025
1403638149145096960.000000,0.000000,0.000000,21.950590,8.515963,0.123841,0.157506,17.005622,0.134626,49.266920
1403638149195097088.000000,0.000000,0.000000,22.176609,8.425818,0.104161,0.140770,17.992740,0.171395,50.001779
1403638149245096960.000000,0.000000,0.000000,22.265762,9.057667,0.116322,0.146210,14.414257,0.104866,49.056645
1403638149295097088.000000,0.000000,0.000000,21.195091,11.107648,0.107234,0.130562,15.480448,0.099170,50.355095
1403638149345096960.000000,0.000000,0.000000,22.075007,8.560571,0.121378,0.139714,17.674015,3.407985,48.635391
1403638149395097088.000000,0.000000,0.000000,23.532564,7.620590,0.125762,0.172514,20.135395,0.340965,50.885567
1403638149445096960.000000,0.000000,0.000000,23.500116,7.884818,0.118146,0.136770,18.373322,0.183970,49.426378
1403638149495097088.000000,0.000000,0.000000,21.397974,11.017983,0.112930,0.132898,18.499499,0.186787,51.170084
1403638149545096960.000000,0.000000,0.000000,23.180815,10.961982,0.101410,0.116194,16.442542,3.919513,54.443538
1403638149595097088.000000,0.000000,0.000000,22.152928,8.072981,0.126369,0.184387,19.223062,0.242467,49.879888
1403638149645096960.000000,0.000000,0.000000,24.555427,10.331445,0.109441,0.139042,17.086647,0.172706,56.372590
1403638149695097088.000000,0.000000,0.000000,21.848475,8.422009,0.121089,0.132962,17.082711,0.163875,49.776975
1403638149745096960.000000,0.000000,0.000000,25.487376,10.541337,0.070561,0.134050,16.235339,3.857176,58.030471
1403638149795097088.000000,0.000000,0.000000,24.927240,9.514826,0.090529,0.070657,15.032154,0.126754,52.253715
1403638149845096960.000000,0.000000,0.000000,22.355171,9.676300,0.122850,0.122658,12.097039,0.185666,53.224449
1403638149895097088.000000,0.000000,0.000000,23.373170,9.678315,0.126722,0.117730,11.828491,0.121569,52.424821
1403638149945096960.000000,0.000000,0.000000,21.433782,6.417180,0.111042,0.108578,11.182721,3.579732,45.206733
1403638149995097088.000000,0.000000,0.000000,23.688662,9.214981,0.119266,0.059296,11.936717,0.122241,53.263233
1403638150045096960.000000,0.000000,0.000000,21.871804,9.235909,0.117986,0.117858,11.414821,0.145122,53.071263
1403638150095097088.000000,0.000000,0.000000,25.183084,11.132769,0.104930,0.053185,10.017681,0.128033,55.941736
1403638150145096960.000000,0.000000,0.000000,21.422837,7.601997,0.140642,0.127682,14.097771,3.146477,52.293843
1403638150195097088.000000,0.000000,0.000000,23.716182,7.467532,0.142626,0.064128,14.358960,0.124161,51.425831
1403638150245096960.000000,0.000000,0.000000,20.357926,7.204584,0.158882,0.109953,10.813181,0.151651,45.192973
1403638150295097088.000000,0.000000,0.000000,19.786110,8.096917,0.141250,0.097025,10.349526,0.112961,49.079717
1403638150345096960.000000,0.000000,0.000000,21.479127,8.293240,0.136482,0.096898,12.797753,3.055116,49.466987
1403638150395097088.000000,0.000000,0.000000,21.389109,9.796429,0.144834,0.057153,12.471093,0.114146,54.861337
1403638150445096960.000000,0.000000,0.000000,21.176690,7.675375,0.153411,0.123938,15.335421,0.165090,52.364149
1403638150495097088.000000,0.000000,0.000000,23.197327,8.609917,0.164899,0.108193,15.922119,0.127298,50.337720
1403638150545096960.000000,0.000000,0.000000,21.153330,9.187269,0.165827,0.112578,12.872538,3.283312,50.224821
1403638150595097088.000000,0.000000,0.000000,20.197316,7.514733,0.146178,0.163170,15.425407,0.138434,52.332084
1403638150645096960.000000,0.000000,0.000000,23.502772,7.840145,0.156579,0.116770,14.346671,0.132641,53.131264
1403638150695097088.000000,0.000000,0.000000,23.462003,9.915408,0.137954,0.074945,12.834105,0.182851,54.779063
1403638150745096960.000000,0.000000,0.000000,21.585336,8.725662,0.147842,0.103105,14.332367,3.537843,50.197877
1403638150795097088.000000,0.000000,0.000000,21.109265,8.528891,0.132194,0.162402,14.881623,0.215363,51.276965
1403638150845096960.000000,0.000000,0.000000,21.510295,7.832881,0.160258,0.128962,14.656468,0.148802,48.120183
1403638150895097088.000000,0.000000,0.000000,26.358589,9.126212,0.152066,0.104258,12.765336,0.119393,58.131496
1403638150945096960.000000,0.000000,0.000000,20.769676,6.972516,0.086434,0.118017,13.155102,3.443154,51.866605
1403638150995097088.000000,0.000000,0.000000,21.802171,9.790509,0.158947,0.179779,17.272505,0.211875,52.095825
1403638151045096960.000000,0.000000,0.000000,23.236400,10.612282,0.146242,0.117633,15.464480,0.129314,55.462850
1403638151095097088.000000,0.000000,0.000000,20.910766,10.212019,0.133505,0.123266,14.427024,0.126626,53.833642
1403638151145096960.000000,0.000000,0.000000,19.837214,7.720208,0.158978,0.108609,14.542130,3.609940,48.542302
1403638151195097088.000000,0.000000,0.000000,20.503560,7.580973,0.153186,0.167778,15.092059,0.161123,49.942322
1403638151245096960.000000,0.000000,0.000000,20.381766,7.190728,0.149794,0.170307,15.343933,0.166050,49.812336
1403638151295097088.000000,0.000000,0.000000,21.052592,7.659503,0.157410,0.106561,13.342657,0.127202,51.132546
1403638151345096960.000000,0.000000,0.000000,22.464836,7.883154,0.149634,0.107554,13.875048,2.494756,53.055134
1403638151395097088.000000,0.000000,0.000000,21.287732,7.143847,0.147970,0.088098,16.747186,0.130210,51.963694
1403638151445096960.000000,0.000000,0.000000,20.214756,7.378955,0.151587,0.116194,15.012537,0.134786,48.549789
1403638151495097088.000000,0.000000,0.000000,18.701422,7.931954,0.152450,0.103298,14.693300,2.259553,51.328422
1403638151545096960.000000,0.000000,0.000000,19.307511,7.034310,0.141282,0.137506,15.695107,0.126210,47.829363
1403638151595097088.000000,0.000000,0.000000,19.001330,7.421579,0.158562,0.138690,17.199512,0.159522,46.683938
1403638151645096960.000000,0.000000,0.000000,18.858480,7.536525,0.160642,0.126593,16.697234,0.141026,47.784914
1403638151695097088.000000,0.000000,0.000000,20.234660,7.116550,0.176034,0.141570,15.464927,2.251232,49.436298
1403638151745096960.000000,0.000000,0.000000,19.591195,7.028390,0.168579,0.111458,19.517146,0.143778,49.138822
1403638151795097088.000000,0.000000,0.000000,21.298164,8.408954,0.154851,0.150242,17.628831,0.149090,49.505803
1403638151845096960.000000,0.000000,0.000000,23.507476,8.503771,0.161122,0.144834,18.206087,0.154338,56.924599
1403638151895097088.000000,0.000000,0.000000,20.862125,7.704719,0.188643,0.122498,14.277646,3.249839,54.268656
1403638151945096960.000000,0.000000,0.000000,21.033295,9.156900,0.167714,0.183971,19.858207,0.186915,49.221703
1403638151995097088.000000,0.000000,0.000000,20.541353,7.362794,0.167970,0.161571,19.661724,0.179779,48.864962
1403638152045096960.000000,0.000000,0.000000,21.321844,7.006149,0.174466,0.074337,12.122160,0.092673,50.096724
1403638152095097088.000000,0.000000,0.000000,21.672473,8.072021,0.168834,0.124802,13.478787,2.366211,53.365892
1403638152145096960.000000,0.000000,0.000000,19.721597,7.132615,0.183139,0.062689,13.893544,0.105857,51.332870
1403638152195097088.000000,0.000000,0.000000,21.938973,8.626204,0.165954,0.136674,12.705240,0.148290,50.626715
1403638152245096960.000000,0.000000,0.000000,24.821126,9.045538,0.153346,0.126498,12.162767,0.176546,53.462820
1403638152295097088.000000,0.000000,0.000000,20.636170,8.145686,0.172899,0.128642,11.724745,1.943964,54.552212
1403638152345096960.000000,0.000000,0.000000,21.627640,7.918738,0.186307,0.053153,11.529286,0.110657,55.247870
1403638152395097088.000000,0.000000,0.000000,20.673162,7.740784,0.170755,0.126978,11.699177,0.189219,57.156985
1403638152445096960.000000,0.000000,0.000000,19.359800,7.302346,0.161890,0.118498,11.472933,0.167427,47.680337
1403638152495097088.000000,0.000000,0.000000,21.010512,9.103908,0.158850,0.111105,10.475352,0.151011,54.139790
1403638152545096960.000000,0.000000,0.000000,20.017793,9.140356,0.169666,0.136513,15.690755,2.518308,52.119793
1403638152595097088.000000,0.000000,0.000000,21.243443,8.849216,0.173602,0.070561,13.781575,0.107554,54.853721
1403638152645096960.000000,0.000000,0.000000,19.947937,7.593838,0.175650,0.123554,11.957964,0.186211,51.396935
1403638152695097088.000000,0.000000,0.000000,20.067906,7.451820,0.084065,0.110722,11.009087,0.160834,49.788304
1403638152745096960.000000,0.000000,0.000000,19.017075,6.545183,0.056673,0.099650,11.844459,2.677063,46.035129
1403638152795097088.000000,0.000000,0.000000,18.410506,7.521612,0.155554,0.131266,14.757365,0.117025,51.267109
1403638152845096960.000000,0.000000,0.000000,20.253477,7.364555,0.173219,0.149283,16.414893,0.154083,50.080084
1403638152895097088.000000,0.000000,0.000000,18.282632,7.949299,0.165506,0.126690,16.299500,0.171203,50.642588
1403638152945096960.000000,0.000000,0.000000,18.213736,8.125813,0.162274,0.119842,15.511296,3.181678,46.969415
1403638152995097088.000000,0.000000,0.000000,19.210614,7.526125,0.156419,0.168419,15.689923,0.159107,51.946414
1403638153045096960.000000,0.000000,0.000000,20.565578,7.789040,0.163139,0.127938,16.022183,0.136930,52.448598
1403638153095097088.000000,0.000000,0.000000,17.963235,7.690607,0.168899,0.124514,15.689282,0.141602,48.485469
1403638153145096960.000000,0.000000,0.000000,18.967122,8.060468,0.156546,0.123458,19.624763,2.968555,48.840898
1403638153195097088.000000,0.000000,0.000000,19.148853,7.529805,0.162563,0.136642,17.191992,0.131234,46.687203
1403638153245096960.000000,0.000000,0.000000,17.582750,8.584380,0.171074,0.160002,17.886339,0.161955,47.211562
1403638153295097088.000000,0.000000,0.000000,17.827809,7.830962,0.081601,0.145219,17.973859,0.156674,45.256238
1403638153345096960.000000,0.000000,0.000000,18.817136,7.472620,0.156642,0.140418,14.560179,0.103234,47.108585
1403638153395097088.000000,0.000000,0.000000,18.986643,8.625116,0.159298,0.146050,18.538284,3.049836,51.611498
1403638153445096960.000000,0.000000,0.000000,18.262600,7.782481,0.166690,0.147907,19.456377,0.229763,47.150409
1403638153495097088.000000,0.000000,0.000000,18.140615,8.098869,0.159298,0.161506,17.375739,0.150818,45.921847
1403638153545096960.000000,0.000000,0.000000,17.435836,7.964563,0.133314,0.147970,16.401357,0.132609,44.944521
1403638153595097088.000000,0.000000,0.000000,17.201465,8.842112,0.165507,0.138818,17.318490,2.784937,45.549522
1403638153645096960.000000,0.000000,0.000000,18.459658,9.940271,0.145090,0.181058,19.298679,0.171298,52.956893
1403638153695097088.000000,0.000000,0.000000,18.389770,7.740976,0.159043,0.146050,18.386697,0.170179,46.959943
1403638153745096960.000000,0.000000,0.000000,19.850495,7.263273,0.099297,0.158083,19.336727,0.175842,47.742386
1403638153795097088.000000,0.000000,0.000000,17.487005,8.383545,0.085217,0.160898,17.023510,3.061868,44.786279
1403638153845096960.000000,0.000000,0.000000,17.112023,9.275206,0.160290,0.167458,19.589403,0.152450,48.480637
1403638153895097088.000000,0.000000,0.000000,18.273256,7.243304,0.157858,0.144546,19.339672,0.160642,47.570767
1403638153945096960.000000,0.000000,0.000000,17.377979,8.542684,0.156354,0.147778,18.481675,0.139810,44.520420
1403638153995097088.000000,0.000000,0.000000,18.043108,7.968276,0.152866,0.128706,15.660002,3.314864,46.270653
1403638154045096960.000000,0.000000,0.000000,18.437419,6.935492,0.158594,0.208547,19.903135,0.176323,45.997368
1403638154095097088.000000,0.000000,0.000000,18.494060,7.474124,0.138818,0.132898,16.759986,0.143714,47.173225
1403638154145096960.000000,0.000000,0.000000,18.099813,8.111157,0.159586,0.140482,16.368588,0.167939,46.528577
1403638154195097088.000000,0.000000,0.000000,21.214290,7.545677,0.147874,0.107618,14.315887,0.094882,55.712421
1403638154245096960.000000,0.000000,0.000000,18.890545,7.009829,0.154658,0.130146,16.146634,3.369137,46.911910
1403638154295097088.000000,0.000000,0.000000,20.029313,8.525051,0.171395,0.145154,17.500253,0.268547,51.348006
1403638154345096960.000000,0.000000,0.000000,23.761271,7.701296,0.165506,0.143298,14.857046,0.133122,50.366488
1403638154395097088.000000,0.000000,0.000000,17.631007,7.773040,0.190242,0.120002,16.553103,0.179491,43.871258
1403638154445096960.000000,0.000000,0.000000,22.168480,10.418839,0.169474,0.093634,13.094749,0.132353,58.244649
1403638154495097088.000000,0.000000,0.000000,22.144512,6.882499,0.167266,0.106050,14.694484,4.549890,54.321905
1403638154545096960.000000,0.000000,0.000000,21.255187,9.923472,0.094369,0.167650,15.903974,0.181699,54.494803
1403638154595097088.000000,0.000000,0.000000,22.320099,8.475131,0.168194,0.115842,15.888998,0.142306,54.138894
1403638154645096960.000000,0.000000,0.000000,21.331188,7.219432,0.189123,0.111362,14.260142,0.132514,53.339267
1403638154695097088.000000,0.000000,0.000000,21.177074,7.043078,0.177987,0.100642,13.718822,4.700036,52.322356
1403638154745096960.000000,0.000000,0.000000,21.806491,7.067398,0.154690,0.184034,17.420668,0.174530,50.699933
1403638154795097088.000000,0.000000,0.000000,24.070268,7.163400,0.117538,0.122818,15.948966,0.143490,52.989022
1403638154845096960.000000,0.000000,0.000000,22.467972,6.715009,0.125057,0.112450,14.826294,0.126049,53.678663
1403638154895097088.000000,0.000000,0.000000,25.544466,7.298921,0.136738,0.118658,14.191597,0.096002,52.419637
1403638154945096960.000000,0.000000,0.000000,21.984542,5.342733,0.066145,0.119138,16.951093,4.608674,44.219391
1403638154995097088.000000,0.000000,0.000000,21.174194,5.301260,0.118305,0.133378,19.902144,0.319301,42.857963
1403638155045096960.000000,0.000000,0.000000,21.367732,5.566320,0.115074,0.120386,16.191530,0.146786,46.018105
1403638155095097088.000000,0.000000,0.000000,22.627495,6.049304,0.158402,0.121122,16.773106,0.157250,45.251758
1403638155145096960.000000,0.000000,0.000000,20.793772,5.462831,0.145891,0.126370,17.679999,0.167234,47.912372
1403638155195097088.000000,0.000000,0.000000,21.034352,5.435727,0.125346,0.103969,14.811894,4.058747,45.878743
1403638155245096960.000000,0.000000,0.000000,21.830972,7.319146,0.128258,0.170147,17.813633,0.221667,50.766366
1403638155295097088.000000,0.000000,0.000000,22.268354,7.768272,0.141698,0.128418,17.927843,0.160034,49.140358
1403638155345096960.000000,0.000000,0.000000,21.560728,5.216011,0.136513,0.111778,18.242792,0.154307,42.183874
1403638155395097088.000000,0.000000,0.000000,23.973242,5.395502,0.158594,0.129538,16.991222,0.103714,44.216990
1403638155445096960.000000,0.000000,0.000000,21.090865,5.995863,0.163939,0.127042,16.273227,3.742870,47.366509
1403638155495097088.000000,0.000000,0.000000,23.417394,6.596160,0.174370,0.184962,21.396790,0.291172,47.043207
1403638155545096960.000000,0.000000,0.000000,20.361830,7.651727,0.146914,0.133250,20.249957,0.199810,48.257753
1403638155595097088.000000,0.000000,0.000000,23.671286,8.315192,0.140898,0.137442,18.904145,0.170722,52.613848
1403638155645096960.000000,0.000000,0.000000,21.358773,7.330762,0.156963,0.113538,19.794782,3.776567,49.192167
1403638155695097088.000000,0.000000,0.000000,21.670841,7.468268,0.157667,0.169538,19.294999,0.179811,47.909365
1403638155745096960.000000,0.000000,0.000000,21.892732,7.979059,0.138466,0.123138,16.149705,0.165122,48.456284
1403638155795097088.000000,0.000000,0.000000,22.514277,7.574286,0.146434,0.112066,16.511311,0.173635,47.483406
1403638155845096960.000000,0.000000,0.000000,22.250049,9.606922,0.131810,0.124866,13.620229,3.887353,54.032236
1403638155895097088.000000,0.000000,0.000000,21.431830,7.467980,0.188835,0.156258,17.365307,0.174402,48.447004
1403638155945096960.000000,0.000000,0.000000,22.968588,8.022388,0.090465,0.116354,16.795218,0.167298,50.438840
1403638155995097088.000000,0.000000,0.000000,21.800219,7.003909,0.146947,0.109217,15.399519,0.153891,45.933208
1403638156045096960.000000,0.000000,0.000000,23.165359,8.370649,0.080353,0.096738,16.260331,0.161603,52.700090
1403638156095097088.000000,0.000000,0.000000,22.178049,8.255959,0.162531,0.108610,15.535328,3.098701,52.570488
1403638156145096960.000000,0.000000,0.000000,24.182078,8.031860,0.136930,0.138882,17.176024,0.181891,52.337076
1403638156195097088.000000,0.000000,0.000000,23.487604,7.366026,0.150114,0.119746,18.442634,0.166307,49.899697
1403638156245096960.000000,0.000000,0.000000,23.913849,8.501243,0.130914,0.104642,16.116233,0.119842,54.915738
1403638156295097088.000000,0.000000,0.000000,27.982869,8.570364,0.149378,0.095649,15.079482,3.007883,56.161196
1403638156345096960.000000,0.000000,0.000000,22.152672,8.749054,0.091393,0.153474,18.445738,0.229635,51.123907
1403638156395097088.000000,0.000000,0.000000,22.524997,7.277673,0.138594,0.121762,17.789761,0.175170,47.500879
1403638156445096960.000000,0.000000,0.000000,22.410052,6.796002,0.150690,0.113890,16.882356,0.217763,49.871344
1403638156495097088.000000,0.000000,0.000000,23.512436,9.174597,0.082593,0.098050,16.432205,3.179694,53.973451
1403638156545096960.000000,0.000000,0.000000,26.080952,7.076902,0.173091,0.150690,17.863714,0.194531,52.616024
1403638156595097088.000000,0.000000,0.000000,23.367442,8.410457,0.156419,0.130786,18.818287,0.183651,53.090368
1403638156645096960.000000,0.000000,0.000000,22.047903,6.379900,0.168643,0.120193,17.304346,0.161346,48.671648
1403638156695097088.000000,0.000000,0.000000,21.814043,7.337610,0.093409,0.114754,17.093399,3.158446,51.042946
1403638156745096960.000000,0.000000,0.000000,25.223980,6.726113,0.146562,0.184995,19.380248,0.240516,53.215617
1403638156795097088.000000,0.000000,0.000000,24.538306,8.756702,0.160546,0.138178,18.343081,0.181858,55.338016
1403638156845096960.000000,0.000000,0.000000,25.113899,7.044358,0.156962,0.114209,16.996758,0.172930,56.628755
1403638156895097088.000000,0.000000,0.000000,23.031885,7.672175,0.182050,0.105730,15.837861,3.310384,53.230081
1403638156945096960.000000,0.000000,0.000000,24.893864,6.121273,0.178786,0.163266,19.426553,0.178594,53.908043
1403638156995097088.000000,0.000000,0.000000,22.694920,7.048805,0.119425,0.142882,18.693359,0.156482,51.632234
1403638157045096960.000000,0.000000,0.000000,25.535025,7.969395,0.131906,0.139394,18.875344,0.142082,58.232169
1403638157095097088.000000,0.000000,0.000000,25.859093,7.634159,0.136962,0.132450,17.746209,3.390000,58.082663
1403638157145096960.000000,0.000000,0.000000,25.616850,5.330989,0.125218,0.198371,20.753643,0.218915,47.582736
1403638157195097088.000000,0.000000,0.000000,23.785528,6.036695,0.121954,0.154434,19.903648,0.172770,50.106900
1403638157245096960.000000,0.000000,0.000000,23.511411,7.127431,0.143298,0.138178,19.840223,0.207715,49.271080
1403638157295097088.000000,0.000000,0.000000,23.253040,5.432846,0.114338,0.114145,17.036374,0.106402,46.064954
1403638157345096960.000000,0.000000,0.000000,21.552599,5.440847,0.124002,0.151458,20.797996,0.122146,43.783128
1403638157395097088.000000,0.000000,0.000000,24.062107,5.620209,0.121026,0.145059,20.704299,4.217789,47.947829
1403638157445096960.000000,0.000000,0.000000,22.623047,5.190347,0.117794,0.146499,21.793306,0.324933,43.596758
1403638157495097088.000000,0.000000,0.000000,22.865771,5.514127,0.149090,0.157762,18.266344,0.170083,45.144429
1403638157545096960.000000,0.000000,0.000000,23.150318,5.703635,0.138594,0.150658,17.480733,0.182019,44.843944
1403638157595097088.000000,0.000000,0.000000,23.412402,5.402574,0.116418,0.092193,17.425628,3.246511,43.983324
1403638157645096960.000000,0.000000,0.000000,22.104608,6.837891,0.116418,0.183874,19.418777,0.182979,51.631882
1403638157695097088.000000,0.000000,0.000000,23.347377,7.017669,0.122785,0.139618,18.588364,0.170243,48.847841
1403638157745096960.000000,0.000000,0.000000,21.965790,5.538416,0.132994,0.135426,19.042996,0.187427,44.626052
1403638157795097088.000000,0.000000,0.000000,22.168224,5.587281,0.168930,0.128098,18.536044,4.025658,43.325330
1403638157845096960.000000,0.000000,0.000000,23.142094,5.408910,0.153282,0.198211,20.185700,0.212963,47.448205
1403638157895097088.000000,0.000000,0.000000,24.623812,8.186486,0.158658,0.139042,19.212310,0.205827,52.097265
1403638157945096960.000000,0.000000,0.000000,21.835260,6.786530,0.153186,0.127074,19.310807,0.222275,49.879089
1403638157995097088.000000,0.000000,0.000000,22.250209,6.979109,0.142594,0.092354,12.440403,0.133858,50.138453
1403638158045096960.000000,0.000000,0.000000,24.808903,7.349450,0.145346,0.125954,15.132250,0.172003,55.180573
1403638158095097088.000000,0.000000,0.000000,22.477189,6.830979,0.153602,0.127810,15.534145,0.142242,49.739599
1403638158145096960.000000,0.000000,0.000000,22.706376,7.435052,0.147426,0.113889,14.588915,0.142018,50.742269
1403638158195097088.000000,0.000000,0.000000,22.467909,7.146695,0.157058,0.114882,14.301647,0.168323,49.777039
1403638158245096960.000000,0.000000,0.000000,22.870762,6.833123,0.154434,0.107906,13.924649,0.165954,56.621970
1403638158295097088.000000,0.000000,0.000000,22.417028,6.741281,0.149026,0.100290,13.735654,5.818036,50.882815
1403638158345096960.000000,0.000000,0.000000,23.155535,6.972325,0.193763,0.194563,15.020409,0.141922,52.949501
1403638158395097088.000000,0.000000,0.000000,22.559654,8.204439,0.172226,0.141762,16.384908,0.134114,53.408996
1403638158445096960.000000,0.000000,0.000000,22.957228,7.743824,0.162690,0.126274,14.724949,0.123970,49.691118
1403638158495097088.000000,0.000000,0.000000,23.357745,8.735454,0.146050,0.141666,15.624514,0.145698,58.443340
1403638158545096960.000000,0.000000,0.000000,23.650070,7.025350,0.185475,0.116994,15.342845,0.135170,55.352992
1403638158595097088.000000,0.000000,0.000000,22.946027,7.735984,0.165763,0.126882,15.117658,5.967830,52.807163
1403638158645096960.000000,0.000000,0.000000,21.409910,6.811170,0.154723,0.169922,17.731104,0.290149,48.688960
1403638158695097088.000000,0.000000,0.000000,22.958411,6.859780,0.164546,0.131138,14.838774,0.137346,54.595988
1403638158745096960.000000,0.000000,0.000000,23.887449,7.081895,0.173123,0.125954,14.525042,0.172194,55.263871
1403638158795097088.000000,0.000000,0.000000,24.440994,7.594029,0.149059,0.115554,15.802788,0.217155,55.089628
1403638158845096960.000000,0.000000,0.000000,23.809496,8.480635,0.157026,0.068545,14.744725,7.101895,56.622802
1403638158895097088.000000,0.000000,0.000000,22.305250,7.546381,0.159747,0.164162,19.469881,0.334917,54.545748
1403638158945096960.000000,0.000000,0.000000,23.543445,7.431371,0.155394,0.144194,16.497294,0.145506,55.477313
1403638158995097088.000000,0.000000,0.000000,24.331200,6.743457,0.182274,0.136642,14.703988,0.153954,55.178206
1403638159045096960.000000,0.000000,0.000000,23.162382,7.736336,0.144482,0.116930,14.808086,0.172355,54.053517
1403638159095097088.000000,0.000000,0.000000,27.439213,8.062549,0.163202,0.094401,17.239002,6.076952,59.063157
1403638159145096960.000000,0.000000,0.000000,22.731368,8.272920,0.161538,0.153058,16.952853,0.289828,55.818630
1403638159195097088.000000,0.000000,0.000000,23.367154,7.348970,0.162594,0.142147,15.953766,0.167010,51.494536
1403638159245096960.000000,0.000000,0.000000,24.243198,7.731247,0.152482,0.128034,16.299051,0.207971,53.013182
1403638159295097088.000000,0.000000,0.000000,23.505075,7.130023,0.151139,0.113058,13.660261,0.202307,49.376714
1403638159345096960.000000,0.000000,0.000000,23.874489,9.263206,0.150402,0.083489,15.458976,7.542029,57.020536
1403638159395097088.000000,0.000000,0.000000,23.848057,7.239753,0.145122,0.197059,18.506635,0.329989,53.464645
1403638159445096960.000000,0.000000,0.000000,23.092174,7.400011,0.153282,0.137090,15.013881,0.155234,50.279415
1403638159495097088.000000,0.000000,0.000000,21.650329,7.715952,0.084481,0.128258,15.406942,0.157570,50.792926
1403638159545096960.000000,0.000000,0.000000,22.592679,7.425067,0.157122,0.114209,13.618277,0.165602,49.255272
1403638159595097088.000000,0.000000,0.000000,21.342036,8.323064,0.148770,0.086529,15.806085,7.074183,53.220865
1403638159645096960.000000,0.000000,0.000000,25.967159,8.246775,0.149634,0.180418,17.817282,0.279332,54.830809
1403638159695097088.000000,0.000000,0.000000,23.566389,8.411641,0.149667,0.136226,14.503154,0.159427,52.599992
1403638159745096960.000000,0.000000,0.000000,20.658474,6.995909,0.146818,0.106657,14.844183,0.174883,46.422079
1403638159795097088.000000,0.000000,0.000000,22.876683,7.995156,0.160194,0.077953,13.284832,0.186978,53.731977
1403638159845096960.000000,0.000000,0.000000,22.792361,8.078197,0.165730,0.079969,15.610562,7.196008,53.050207
1403638159895097088.000000,0.000000,0.000000,22.477317,8.166102,0.174242,0.224516,17.062678,0.284549,51.394599
1403638159945096960.000000,0.000000,0.000000,20.884750,7.203176,0.173058,0.124962,14.937911,0.166306,47.336524
1403638159995097088.000000,0.000000,0.000000,22.407300,7.531565,0.155266,0.101249,14.159437,0.175074,48.526333
1403638160045096960.000000,0.000000,0.000000,22.426852,8.467035,0.165442,0.099362,14.976792,8.574940,56.882134
1403638160095097088.000000,0.000000,0.000000,21.555639,7.027653,0.149218,0.224067,17.259321,0.213539,53.573926
1403638160145096960.000000,0.000000,0.000000,20.792268,7.024838,0.164771,0.133698,16.085704,0.170978,48.546653
1403638160195097088.000000,0.000000,0.000000,22.334435,8.116854,0.171394,0.110305,15.585922,0.175555,51.824525
1403638160245096960.000000,0.000000,0.000000,21.311443,7.761488,0.180162,0.103106,15.437983,7.006181,56.148107
1403638160295097088.000000,0.000000,0.000000,20.813965,6.928484,0.176578,0.221411,16.774450,0.208547,50.922112
1403638160345096960.000000,0.000000,0.000000,24.150909,7.306601,0.176546,0.135682,17.130935,0.187171,54.210800
1403638160395097088.000000,0.000000,0.000000,22.490885,9.103651,0.172259,0.128898,15.719715,0.200194,54.228880
1403638160445096960.000000,0.000000,0.000000,21.292628,6.931300,0.196707,0.097250,14.265198,7.036901,51.149699
1403638160495097088.000000,0.000000,0.000000,21.894268,7.092966,0.179459,0.199043,16.618577,0.170147,50.848286
1403638160545096960.000000,0.000000,0.000000,22.364644,9.209509,0.176771,0.121602,16.579823,0.214435,55.949832
1403638160595097088.000000,0.000000,0.000000,24.950248,7.339050,0.166691,0.111522,15.288861,0.204451,58.815346
1403638160645096960.000000,0.000000,0.000000,25.106123,8.974369,0.183235,0.111970,14.436176,6.977253,59.455611
1403638160695097088.000000,0.000000,0.000000,20.662442,6.808899,0.168547,0.172451,15.770755,0.186819,51.255429
1403638160745096960.000000,0.000000,0.000000,20.860430,7.278729,0.173282,0.114882,15.083354,0.203267,56.112362
1403638160795097088.000000,0.000000,0.000000,22.101535,7.052134,0.153826,0.093026,15.588353,0.183906,53.201793
1403638160845096960.000000,0.000000,0.000000,20.321573,7.415403,0.148194,0.090625,14.802390,6.715873,48.657759
1403638160895097088.000000,0.000000,0.000000,22.195072,7.444396,0.169923,0.184419,16.887380,0.180163,50.732637
1403638160945096960.000000,0.000000,0.000000,20.241957,6.886851,0.173218,0.121602,16.746546,0.194915,49.135014
1403638160995097088.000000,0.000000,0.000000,20.508520,6.945412,0.170338,0.122466,16.665617,0.250531,49.449450
1403638161045096960.000000,0.000000,0.000000,22.120991,8.331065,0.191011,0.060513,14.756053,6.914916,52.005520
1403638161095097088.000000,0.000000,0.000000,21.740026,7.545133,0.150370,0.187554,19.335608,0.192834,48.578302
1403638161145096960.000000,0.000000,0.000000,19.600284,9.494921,0.160994,0.143042,18.214663,0.213923,49.822768
1403638161195097088.000000,0.000000,0.000000,19.576283,7.591790,0.149730,0.145282,16.205386,0.213444,50.179541
1403638161245096960.000000,0.000000,0.000000,21.160146,8.509403,0.178339,0.075137,16.091945,5.651921,51.589385
1403638161295097088.000000,0.000000,0.000000,20.334726,7.621902,0.156579,0.190850,17.728641,0.186883,51.494472
1403638161345096960.000000,0.000000,0.000000,21.754778,7.173256,0.162018,0.134626,17.022293,0.185059,49.640717
1403638161395097088.000000,0.000000,0.000000,20.353542,7.382123,0.167010,0.124578,16.496718,0.239076,50.266390
1403638161445096960.000000,0.000000,0.000000,20.357190,7.153895,0.169954,0.134050,15.879526,6.652544,50.675645
1403638161495097088.000000,0.000000,0.000000,20.367014,7.176232,0.149315,0.211907,17.642175,0.188674,50.257239
1403638161545096960.000000,0.000000,0.000000,21.576888,7.785136,0.187683,0.135746,17.209560,0.186435,51.006689
1403638161595097088.000000,0.000000,0.000000,21.548919,6.741442,0.181283,0.118850,16.975221,0.189507,52.459894
1403638161645096960.000000,0.000000,0.000000,24.574851,6.752161,0.170851,0.110050,15.784356,5.813908,53.878155
1403638161695097088.000000,0.000000,0.000000,20.617610,7.686063,0.155810,0.191970,18.563373,0.176931,52.037968
1403638161745096960.000000,0.000000,0.000000,24.827015,9.167717,0.176259,0.137474,17.980612,0.180451,55.911912
1403638161795097088.000000,0.000000,0.000000,22.312131,7.386666,0.172067,0.129634,18.730991,0.207811,54.361297
1403638161845096960.000000,0.000000,0.000000,21.169298,7.247464,0.180482,0.109442,16.909780,5.320845,52.854363
1403638161895097088.000000,0.000000,0.000000,19.494010,8.046612,0.175490,0.201251,17.598014,0.176195,50.998529
1403638161945096960.000000,0.000000,0.000000,21.190738,7.553261,0.157858,0.132066,17.509629,0.201091,50.347576
1403638161995097088.000000,0.000000,0.000000,19.986240,7.644910,0.151650,0.129122,18.105798,0.242179,51.277989
1403638162045096960.000000,0.000000,0.000000,21.744890,9.274278,0.169346,0.127169,17.478557,6.422717,55.290175
1403638162095097088.000000,0.000000,0.000000,20.950383,7.625806,0.179235,0.179139,18.465067,0.192515,52.110513
1403638162145096960.000000,0.000000,0.000000,20.983599,7.354602,0.207811,0.136482,18.179270,0.216099,51.815021
1403638162195097088.000000,0.000000,0.000000,21.192178,7.725008,0.179459,0.133698,18.022212,0.255460,54.735095
1403638162245096960.000000,0.000000,0.000000,21.613881,7.111399,0.172355,0.106017,16.097513,6.868836,54.470451
1403638162295097088.000000,0.000000,0.000000,20.714508,7.567789,0.192579,0.184547,18.676110,0.189891,53.079391
1403638162345096960.000000,0.000000,0.000000,21.081040,7.829617,0.194914,0.136770,17.491965,0.182882,53.695112
1403638162395097088.000000,0.000000,0.000000,19.714461,7.405291,0.229251,0.121442,15.764900,0.174051,48.702144
1403638162445096960.000000,0.000000,0.000000,24.672900,9.039042,0.171458,0.100193,16.029864,6.092248,59.319609
1403638162495097088.000000,0.000000,0.000000,19.881823,9.405576,0.171523,0.199811,18.817552,0.182754,58.818866
1403638162545096960.000000,0.000000,0.000000,23.667318,7.592878,0.172291,0.124450,16.870068,0.198530,58.088359
1403638162595097088.000000,0.000000,0.000000,21.443286,7.086086,0.160227,0.114978,17.526909,0.199555,52.361749
1403638162645096960.000000,0.000000,0.000000,22.815690,8.335640,0.163171,0.098050,14.537298,5.192011,53.438404
1403638162695097088.000000,0.000000,0.000000,20.204452,7.512269,0.185730,0.191171,18.465259,0.185891,53.014654
1403638162745096960.000000,0.000000,0.000000,23.281680,8.921024,0.202019,0.128770,15.591970,0.153058,56.514256
1403638162795097088.000000,0.000000,0.000000,21.398517,8.932418,0.188739,0.117729,15.684931,0.173378,52.934429
1403638162845096960.000000,0.000000,0.000000,23.346034,8.855648,0.172771,0.102785,14.454801,5.460143,56.155211
1403638162895097088.000000,0.000000,0.000000,20.576681,8.629885,0.171811,0.165027,17.349946,0.155138,56.375759
1403638162945096960.000000,0.000000,0.000000,21.215155,7.517389,0.166914,0.132002,16.984181,0.186819,53.970828
1403638162995097088.000000,0.000000,0.000000,21.030319,7.258921,0.178595,0.118146,14.707445,0.179107,52.403510
1403638163045096960.000000,0.000000,0.000000,21.899132,8.897153,0.199235,0.097729,14.643252,6.014359,54.968826
1403638163095097088.000000,0.000000,0.000000,22.703240,7.436203,0.203683,0.181058,15.640482,0.167138,47.399661
1403638163145096960.000000,0.000000,0.000000,19.740221,8.118133,0.195682,0.116769,15.909862,0.171362,47.877908
1403638163195097088.000000,0.000000,0.000000,20.201028,7.336202,0.217475,0.113153,15.781572,0.231332,47.886548
1403638163245096960.000000,0.000000,0.000000,23.793368,7.879794,0.199427,0.095521,14.155724,5.594609,51.010913
1403638163295097088.000000,0.000000,0.000000,22.035327,7.894066,0.151138,0.177411,16.053511,0.158786,49.095301
1403638163345096960.000000,0.000000,0.000000,20.038465,7.629871,0.183107,0.119106,15.394622,0.195619,46.449568
1403638163395097088.000000,0.000000,0.000000,21.554359,8.209047,0.173282,0.103874,14.379504,0.189507,53.877771
1403638163445096960.000000,0.000000,0.000000,24.448289,8.910880,0.171522,0.094722,11.908332,5.801076,64.370434
1403638163495097088.000000,0.000000,0.000000,21.271795,9.187589,0.180675,0.158914,14.848407,0.129698,51.664042
1403638163545096960.000000,0.000000,0.000000,22.605351,8.421050,0.166243,0.114145,14.144269,0.165027,50.383704
1403638163595097088.000000,0.000000,0.000000,22.851947,7.585069,0.096994,0.108706,14.051915,0.169730,50.949056
1403638163645096960.000000,0.000000,0.000000,20.923535,10.174355,0.176962,0.076033,12.923163,4.656612,51.193252
1403638163695097088.000000,0.000000,0.000000,21.974589,8.989665,0.206403,0.151554,17.657215,0.163298,56.571793
1403638163745096960.000000,0.000000,0.000000,22.537222,7.360874,0.210243,0.128066,16.252267,0.155970,52.810875
1403638163795097088.000000,0.000000,0.000000,23.051853,7.507052,0.215140,0.132482,16.542863,0.187395,49.764079
1403638163845096960.000000,0.000000,0.000000,20.785036,7.737552,0.225700,0.060449,14.015466,3.676725,46.559360
1403638163895097088.000000,0.000000,0.000000,22.230977,8.353913,0.185187,0.168483,17.379483,0.155490,54.444626
1403638163945096960.000000,0.000000,0.000000,22.959660,8.382137,0.188323,0.144130,16.077128,0.172034,57.697793
1403638163995097088.000000,0.000000,0.000000,21.745787,8.430745,0.198050,0.139522,16.070728,0.173826,54.934586
1403638164045096960.000000,0.000000,0.000000,23.821112,6.900196,0.202883,0.099969,14.269230,3.816823,52.119697
1403638164095097088.000000,0.000000,0.000000,21.977693,7.477868,0.194659,0.186595,16.712465,0.152290,48.744928
1403638164145096960.000000,0.000000,0.000000,20.669290,7.392682,0.184130,0.125217,15.055610,0.154466,48.250969
1403638164195097088.000000,0.000000,0.000000,20.824877,9.421448,0.195235,0.112098,14.063627,0.185218,59.134006
1403638164245096960.000000,0.000000,0.000000,21.783323,7.195080,0.183810,0.071233,13.050237,4.242846,50.938592
1403638164295097088.000000,0.000000,0.000000,20.302661,6.988229,0.206371,0.189058,17.369563,0.163811,48.203737
1403638164345096960.000000,0.000000,0.000000,20.285509,7.132711,0.211363,0.134210,14.931160,0.169635,48.626942
1403638164395097088.000000,0.000000,0.000000,21.384885,6.961924,0.183107,0.124001,14.749333,0.172003,46.765476
1403638164445096960.000000,0.000000,0.000000,23.671990,8.712509,0.198723,0.134178,14.506833,4.167708,60.017252
1403638164495097088.000000,0.000000,0.000000,23.203536,7.982068,0.211204,0.165091,14.748053,0.145922,55.320895
1403638164545096960.000000,0.000000,0.000000,23.885817,8.013172,0.257732,0.124738,14.947352,0.134818,51.844365
1403638164595097088.000000,0.000000,0.000000,22.296675,7.318794,0.236676,0.121666,14.681332,0.152898,49.780208
1403638164645096960.000000,0.000000,0.000000,21.666745,9.225957,0.179202,0.119394,13.582884,4.729156,49.336361
1403638164695097088.000000,0.000000,0.000000,21.629561,9.627307,0.189667,0.171427,16.194474,0.147235,58.553646
1403638164745096960.000000,0.000000,0.000000,26.567072,6.763202,0.181283,0.118785,14.740629,0.147938,56.566961
1403638164795097088.000000,0.000000,0.000000,21.966397,7.392715,0.221891,0.119458,14.640436,0.154883,49.071557
1403638164845096960.000000,0.000000,0.000000,20.019425,7.418156,0.197858,0.109698,13.350369,0.205667,47.161001
1403638164895097088.000000,0.000000,0.000000,19.221654,7.350218,0.223331,0.120290,13.759782,4.777349,44.892617
1403638164945096960.000000,0.000000,0.000000,21.418357,9.194820,0.183747,0.174115,14.450193,0.187714,58.134952
1403638164995097088.000000,0.000000,0.000000,20.882254,9.424072,0.231491,0.123682,14.377488,0.149986,52.666361
1403638165045096960.000000,0.000000,0.000000,19.960544,7.491852,0.212996,0.103042,13.378177,0.144995,47.604399
1403638165095097088.000000,0.000000,0.000000,19.149685,7.224873,0.185763,0.102241,16.535599,5.451695,45.423281
1403638165145096960.000000,0.000000,0.000000,23.706742,8.466298,0.214115,0.149154,15.434335,0.136226,60.381704
1403638165195097088.000000,0.000000,0.000000,19.419353,7.181447,0.219875,0.124834,14.820022,0.145187,49.007749
1403638165245096960.000000,0.000000,0.000000,19.160053,7.014949,0.227396,0.130626,15.013785,0.137890,47.597488
1403638165295097088.000000,0.000000,0.000000,20.431464,8.585820,0.208323,0.136450,13.968393,4.040250,49.557612
1403638165345096960.000000,0.000000,0.000000,19.458841,7.290825,0.217891,0.167458,16.494926,0.158338,53.823274
1403638165395097088.000000,0.000000,0.000000,21.260660,6.712257,0.216835,0.146178,16.778035,0.175842,49.918353
1403638165445096960.000000,0.000000,0.000000,20.380806,7.554605,0.225347,0.138658,15.259804,0.161794,50.232086
1403638165495097088.000000,0.000000,0.000000,20.136867,6.636032,0.235524,0.152130,14.733077,0.242019,47.557360
1403638165545096960.000000,0.000000,0.000000,19.598908,6.583679,0.232963,0.143330,14.941560,5.352685,52.130097
1403638165595097088.000000,0.000000,0.000000,20.998735,7.407179,0.190755,0.142818,16.696850,0.313637,50.296951
1403638165645096960.000000,0.000000,0.000000,20.432039,7.431467,0.222179,0.159939,15.477663,0.155714,49.719215
1403638165695097088.000000,0.000000,0.000000,19.960192,7.142951,0.195234,0.139746,15.572833,0.178723,47.629617
1403638165745096960.000000,0.000000,0.000000,18.354825,7.155144,0.185122,0.109889,14.000042,0.236004,51.902734
1403638165795097088.000000,0.000000,0.000000,22.678663,6.512638,0.203747,0.154211,16.890708,6.183290,50.114868
1403638165845096960.000000,0.000000,0.000000,18.493739,6.970085,0.231299,0.153826,18.447626,0.276228,46.053721
1403638165895097088.000000,0.000000,0.000000,19.159509,6.558399,0.207139,0.140738,16.063624,0.132610,46.481311
1403638165945096960.000000,0.000000,0.000000,20.033410,8.949122,0.210467,0.146082,15.050297,0.166306,55.305087
1403638165995097088.000000,0.000000,0.000000,19.206422,7.338378,0.210627,0.130050,13.808712,0.125058,48.614463
1403638166045096960.000000,0.000000,0.000000,21.000015,7.765841,0.116162,0.062432,13.380418,6.002839,50.721980
1403638166095097088.000000,0.000000,0.000000,18.378026,8.266551,0.233987,0.218788,16.034535,0.178627,48.540061
1403638166145096960.000000,0.000000,0.000000,18.818288,6.697505,0.190307,0.148322,17.159704,0.178754,52.107569
1403638166195097088.000000,0.000000,0.000000,21.521143,7.173127,0.222403,0.141026,15.293245,0.185507,53.542118
1403638166245096960.000000,0.000000,0.000000,20.179460,7.972275,0.102370,0.069633,13.716262,0.119746,52.044976
1403638166295097088.000000,0.000000,0.000000,18.593741,6.874531,0.105250,0.143906,16.532303,5.293133,47.128297
1403638166345096960.000000,0.000000,0.000000,18.311529,7.403083,0.251523,0.182499,17.621087,0.264356,52.236594
1403638166395097088.000000,0.000000,0.000000,20.909582,7.202792,0.215619,0.156066,16.406893,0.153474,51.060993
1403638166445096960.000000,0.000000,0.000000,20.604298,7.712815,0.236388,0.147810,15.746468,0.167970,50.600028
1403638166495097088.000000,0.000000,0.000000,20.066530,7.339434,0.258852,0.126594,15.192411,0.131682,49.393290
1403638166545096960.000000,0.000000,0.000000,22.424836,7.241289,0.250628,0.144674,14.768278,5.311692,57.407710
1403638166595097088.000000,0.000000,0.000000,20.965711,6.500510,0.259844,0.206979,16.851923,0.200867,50.515514
1403638166645096960.000000,0.000000,0.000000,18.617933,7.354378,0.271972,0.144546,14.413424,0.133442,48.577822
1403638166695097088.000000,0.000000,0.000000,18.278824,7.562734,0.253603,0.129378,16.129545,0.183395,47.987542
1403638166745096960.000000,0.000000,0.000000,19.709501,7.439820,0.263908,0.136226,15.043066,5.284749,53.874795
1403638166795097088.000000,0.000000,0.000000,20.301701,9.420296,0.275684,0.201666,17.744097,0.187650,56.991127
1403638166845096960.000000,0.000000,0.000000,18.697294,6.808995,0.259940,0.146338,16.242571,0.199875,48.021494
1403638166895097088.000000,0.000000,0.000000,19.121493,7.080934,0.267780,0.127138,13.955881,0.178659,50.150197
1403638166945096960.000000,0.000000,0.000000,17.697024,7.302730,0.280388,0.071489,15.714403,5.483503,52.105713
1403638166995097088.000000,0.000000,0.000000,19.297847,6.724161,0.280805,0.187426,17.132696,0.174210,48.980644
1403638167045096960.000000,0.000000,0.000000,26.377342,8.086325,0.233027,0.136162,14.922807,0.166498,57.220282
1403638167095097088.000000,0.000000,0.000000,19.009715,6.907748,0.244932,0.121473,16.952693,0.196259,49.496491
1403638167145096960.000000,0.000000,0.000000,19.074291,6.762146,0.250660,0.123714,13.047484,4.983048,54.709367
1403638167195097088.000000,0.000000,0.000000,21.045424,8.149430,0.238532,0.195683,16.695249,0.170819,53.134688
1403638167245096960.000000,0.000000,0.000000,18.471403,7.171752,0.224579,0.144450,14.979544,0.148034,49.345289
1403638167295097088.000000,0.000000,0.000000,19.728573,9.210149,0.217827,0.131202,16.646609,0.190499,52.602297
1403638167345096960.000000,0.000000,0.000000,19.484185,7.956050,0.217699,0.144354,14.187469,3.774998,55.426305
1403638167395097088.000000,0.000000,0.000000,19.401753,6.872739,0.232068,0.174051,15.439903,0.159875,50.272983
1403638167445096960.000000,0.000000,0.000000,20.840781,7.419051,0.210531,0.133154,15.586145,0.185283,51.083266
1403638167495097088.000000,0.000000,0.000000,20.847021,7.789521,0.221635,0.149219,15.786692,0.204259,49.387690
1403638167545096960.000000,0.000000,0.000000,20.670795,8.351257,0.239427,0.146371,14.529970,3.748598,56.012938
1403638167595097088.000000,0.000000,0.000000,18.663630,7.375851,0.247459,0.188675,15.763396,0.204995,50.402360
1403638167645096960.000000,0.000000,0.000000,18.253768,7.541421,0.203299,0.133378,16.178538,0.175714,48.023862
1403638167695097088.000000,0.000000,0.000000,20.376582,7.034022,0.212931,0.117249,15.327006,0.149635,50.084116
1403638167745096960.000000,0.000000,0.000000,20.419847,8.574908,0.206883,0.118722,13.507363,3.299600,53.410756
1403638167795097088.000000,0.000000,0.000000,19.670652,7.001734,0.198819,0.131490,16.326827,0.138978,50.745821
1403638167845096960.000000,0.000000,0.000000,20.557289,7.084614,0.187874,0.123265,15.532961,0.155842,48.123511
1403638167895097088.000000,0.000000,0.000000,20.279109,8.812416,0.214499,0.102305,14.111084,0.171490,49.846544
1403638167945096960.000000,0.000000,0.000000,18.336745,7.014566,0.209795,0.056801,12.944699,3.578836,49.896177
1403638167995097088.000000,0.000000,0.000000,19.926271,8.662205,0.212483,0.130113,14.437009,0.151906,51.096130
1403638168045096960.000000,0.000000,0.000000,20.572585,7.347946,0.197379,0.109890,14.077579,0.165026,49.931025
1403638168095097088.000000,0.000000,0.000000,19.665948,7.723056,0.201122,0.092450,13.520611,0.148834,46.857861
1403638168145096960.000000,0.000000,0.000000,17.385851,7.871538,0.213507,0.055073,12.698807,3.566515,50.455225
1403638168195097088.000000,0.000000,0.000000,20.754124,8.270743,0.213956,0.119234,15.591105,0.126401,49.668366
1403638168245096960.000000,0.000000,0.000000,19.176469,7.424972,0.098465,0.094817,13.993675,0.158691,46.791461
1403638168295097088.000000,0.000000,0.000000,19.043027,7.575950,0.102145,0.078081,13.422946,0.162690,47.482927
1403638168345096960.000000,0.000000,0.000000,19.017107,7.233576,0.168610,0.075521,12.033038,3.514867,50.577723
1403638168395097088.000000,0.000000,0.000000,19.388376,7.390027,0.190818,0.080706,12.817113,0.103906,47.892628
1403638168445096960.000000,0.000000,0.000000,19.060627,7.882066,0.189283,0.077153,12.700343,0.119586,47.428174
1403638168495097088.000000,0.000000,0.000000,20.650922,9.073476,0.180675,0.058401,11.281891,0.133666,49.045348
1403638168545096960.000000,0.000000,0.000000,20.274565,8.475931,0.170562,0.050625,10.883901,3.623700,50.329239
1403638168595097088.000000,0.000000,0.000000,21.083025,7.798288,0.185379,0.099329,13.810152,0.114114,48.835394
1403638168645096960.000000,0.000000,0.000000,18.471691,7.220584,0.181827,0.075553,12.753944,4.202460,44.629253
1403638168695097088.000000,0.000000,0.000000,20.823725,8.864704,0.176067,0.121345,14.630676,0.134466,48.434620
1403638168745096960.000000,0.000000,0.000000,20.525480,7.675534,0.179043,0.087489,13.196767,0.132513,50.340759
1403638168795097088.000000,0.000000,0.000000,19.887039,7.028517,0.187907,0.079521,12.810138,0.127618,49.346921
1403638168845096960.000000,0.000000,0.000000,19.598428,7.476076,0.170018,0.062305,10.842205,4.892038,48.305754
1403638168895097088.000000,0.000000,0.000000,20.139747,7.391915,0.091106,0.106178,13.346400,0.116002,49.232967
1403638168945096960.000000,0.000000,0.000000,23.486963,8.676061,0.190819,0.075361,12.687255,0.127361,54.277392
1403638168995097088.000000,0.000000,0.000000,19.513402,6.737666,0.187747,0.058721,11.687688,0.127362,48.434396
1403638169045096960.000000,0.000000,0.000000,19.641692,7.244584,0.102433,0.069985,12.335442,4.894119,47.769042
1403638169095097088.000000,0.000000,0.000000,20.438279,6.814274,0.169699,0.127810,12.301970,0.146242,48.315866
1403638169145096960.000000,0.000000,0.000000,21.426421,7.484620,0.169090,0.085761,12.282098,0.120866,51.525352
1403638169195097088.000000,0.000000,0.000000,19.964544,7.860625,0.166338,0.070305,12.493205,0.148962,49.426890
1403638169245096960.000000,0.000000,0.000000,22.137152,10.014672,0.165411,0.069537,11.696201,5.217483,51.914990
1403638169295097088.000000,0.000000,0.000000,18.200743,7.397355,0.155554,0.134210,14.425168,0.121922,44.068701
1403638169345096960.000000,0.000000,0.000000,21.063728,8.870208,0.178691,0.090849,13.926410,0.129922,52.582968
1403638169395097088.000000,0.000000,0.000000,20.656235,8.164438,0.178211,0.061697,12.446548,0.135426,51.136258
1403638169445096960.000000,0.000000,0.000000,26.602337,7.719407,0.143202,0.086050,13.749894,5.563152,54.022605
1403638169495097088.000000,0.000000,0.000000,20.362598,8.061140,0.148066,0.153058,15.346302,0.189346,47.525263
1403638169545096960.000000,0.000000,0.000000,20.700651,7.874033,0.159490,0.090402,13.193022,0.118593,51.795917
1403638169595097088.000000,0.000000,0.000000,19.707260,6.726113,0.157570,0.084033,12.853818,0.130242,46.044793
1403638169645096960.000000,0.000000,0.000000,19.156436,7.037958,0.150050,0.089410,10.923133,7.137831,45.765718
1403638169695097088.000000,0.000000,0.000000,20.834605,7.477964,0.145795,0.165635,14.241486,0.188899,47.833683
1403638169745096960.000000,0.000000,0.000000,24.132124,7.972276,0.154690,0.101025,13.999595,0.150050,54.961434
1403638169795097088.000000,0.000000,0.000000,19.165045,7.557678,0.152386,0.092705,13.540196,0.151075,47.811186
1403638169845096960.000000,0.000000,0.000000,20.553897,7.991892,0.171043,0.094978,12.781496,0.117793,47.873972
1403638169895097088.000000,0.000000,0.000000,18.794960,8.447482,0.154562,0.089442,13.627140,0.115362,46.566305
1403638169945096960.000000,0.000000,0.000000,19.089844,6.907268,0.164674,0.089601,14.479409,8.429401,44.224191
1403638169995097088.000000,0.000000,0.000000,21.392949,9.366311,0.152898,0.223620,18.946801,0.335845,53.912651
1403638170045096960.000000,0.000000,0.000000,19.429561,7.894386,0.167267,0.114817,14.299919,0.138338,46.591650
1403638170095097088.000000,0.000000,0.000000,18.843344,8.483131,0.143906,0.106625,15.325438,0.161827,46.621058
1403638170145096960.000000,0.000000,0.000000,18.550444,8.415610,0.146338,0.098914,14.133292,0.248355,44.909289
1403638170195097088.000000,0.000000,0.000000,18.946514,7.835249,0.150050,0.108066,15.329533,0.132002,53.279042
1403638170245096960.000000,0.000000,0.000000,19.415417,7.960243,0.159043,0.098306,14.775477,0.129377,47.542479
1403638170295097088.000000,0.000000,0.000000,19.458681,8.943458,0.159971,0.096641,14.653172,8.066708,48.158328
1403638170345096960.000000,0.000000,0.000000,19.859871,7.878930,0.172546,0.200482,17.125176,0.376646,47.504591
1403638170395097088.000000,0.000000,0.000000,19.772670,7.622734,0.155426,0.105442,14.623283,0.130050,49.810736
1403638170445096960.000000,0.000000,0.000000,19.123508,7.328682,0.143682,0.101378,15.688707,0.193795,47.720177
1403638170495097088.000000,0.000000,0.000000,20.070082,7.671982,0.157794,0.092705,14.753653,0.156098,49.622797
1403638170545096960.000000,0.000000,0.000000,21.904092,10.459768,0.082881,0.121666,15.762659,0.136642,52.504439
1403638170595097088.000000,0.000000,0.000000,19.662108,7.746736,0.076161,0.111970,14.718580,0.131650,46.983175
1403638170645096960.000000,0.000000,0.000000,19.617340,9.981776,0.084930,0.103777,13.362081,0.120034,54.630165
1403638170695097088.000000,0.000000,0.000000,18.150694,7.042629,0.158307,0.091841,14.213550,0.132194,47.110025
1403638170745096960.000000,0.000000,0.000000,19.360760,7.095463,0.181122,0.107394,15.195707,10.112658,46.701218
1403638170795097088.000000,0.000000,0.000000,18.990195,7.453804,0.173763,0.136546,17.775617,0.152483,46.710307
1403638170845096960.000000,0.000000,0.000000,19.317431,8.681821,0.173475,0.136002,12.227761,0.189251,46.804453
1403638170895097088.000000,0.000000,0.000000,21.476887,7.818257,0.154210,0.113698,11.600199,0.182755,56.989975
1403638170945096960.000000,0.000000,0.000000,22.641160,8.744702,0.152482,0.091489,12.144624,0.112290,54.895801
1403638170995097088.000000,0.000000,0.000000,20.010914,8.218646,0.155171,0.090529,15.705795,0.134690,48.937539
1403638171045096960.000000,0.000000,0.000000,22.238882,8.757726,0.165730,0.132386,14.874871,0.131778,51.013985
1403638171095097088.000000,0.000000,0.000000,18.320681,7.872434,0.139106,0.115362,14.988313,0.147426,43.372307
1403638171145096960.000000,0.000000,0.000000,18.971986,7.455884,0.191395,0.097857,14.499345,0.136546,50.181397
1403638171195097088.000000,0.000000,0.000000,20.396263,7.591726,0.155491,0.100450,14.856950,6.900548,48.871618
1403638171245096960.000000,0.000000,0.000000,19.606523,6.185434,0.201763,0.084481,17.641887,0.142466,47.983606
1403638171295097088.000000,0.000000,0.000000,25.696979,8.893793,0.161730,0.108257,11.864364,0.169794,54.851864
1403638171345096960.000000,0.000000,0.000000,20.028929,7.832497,0.167490,0.103330,11.346339,0.134178,46.058170
1403638171395097088.000000,0.000000,0.000000,17.890690,9.249382,0.169282,0.078817,10.334133,0.087169,53.475077
1403638171445096960.000000,0.000000,0.000000,19.909952,7.385067,0.164802,0.087297,13.586277,5.349101,49.850929
1403638171495097088.000000,0.000000,0.000000,20.543529,7.829298,0.162210,0.081121,16.438414,0.130658,48.363259
1403638171545096960.000000,0.000000,0.000000,20.063618,7.153767,0.152067,0.127106,12.416755,0.164963,47.847124
1403638171595097088.000000,0.000000,0.000000,18.458219,6.738913,0.159234,0.136482,12.469716,0.146082,45.112108
1403638171645096960.000000,0.000000,0.000000,20.087523,7.182215,0.171875,0.162882,13.287680,0.233348,52.030832
1403638171695097088.000000,0.000000,0.000000,20.727404,8.797759,0.183843,0.124450,16.528846,0.115202,51.399686
1403638171745096960.000000,0.000000,0.000000,25.458607,8.758110,0.093122,0.121538,15.022009,0.111746,52.405237
1403638171795097088.000000,0.000000,0.000000,18.880273,7.751248,0.175971,0.127266,16.781842,0.131906,47.576847
1403638171845096960.000000,0.000000,0.000000,18.262439,7.496396,0.170339,0.133890,14.714804,4.910375,50.580923
1403638171895097088.000000,0.000000,0.000000,18.942482,7.093863,0.203235,0.079329,17.098487,0.146082,49.151655
1403638171945096960.000000,0.000000,0.000000,20.271909,8.238103,0.178435,0.140354,15.336125,0.140642,49.965394
1403638171995097088.000000,0.000000,0.000000,18.365481,9.524329,0.187107,0.134978,17.321338,0.181507,46.634178
1403638172045096960.000000,0.000000,0.000000,20.058498,8.206711,0.206722,0.152066,15.530656,0.252260,54.241744
1403638172095097088.000000,0.000000,0.000000,20.685707,8.538427,0.187907,0.179683,16.318956,0.133282,51.260069
1403638172145096960.000000,0.000000,0.000000,19.922720,7.355210,0.208771,0.148066,17.895939,0.132034,47.362156
1403638172195097088.000000,0.000000,0.000000,19.056787,7.272906,0.174179,0.149731,17.176152,0.124930,48.142743
1403638172245096960.000000,0.000000,0.000000,19.411672,7.361706,0.175682,0.138274,16.988982,0.125825,48.672511
1403638172295097088.000000,0.000000,0.000000,19.110164,7.642063,0.194275,0.129378,15.559169,5.170283,47.815763
1403638172345096960.000000,0.000000,0.000000,20.433160,8.578684,0.176803,0.174498,20.824717,0.309797,48.722720
1403638172395097088.000000,0.000000,0.000000,19.518522,7.795152,0.201475,0.132482,18.597261,0.149635,48.927907
1403638172445096960.000000,0.000000,0.000000,19.197781,7.177607,0.205411,0.154914,17.867522,0.184963,48.828193
1403638172495097088.000000,0.000000,0.000000,21.114065,7.220776,0.196546,0.124641,16.689201,0.187875,48.584926
1403638172545096960.000000,0.000000,0.000000,19.540603,7.296105,0.193699,0.190723,18.744815,0.183106,47.411533
1403638172595097088.000000,0.000000,0.000000,21.245587,7.442699,0.194275,0.134946,15.833765,0.122369,49.466091
1403638172645096960.000000,0.000000,0.000000,21.370549,9.428041,0.170979,0.138946,16.057640,0.118465,53.638216
1403638172695097088.000000,0.000000,0.000000,19.140724,6.841347,0.198019,0.147298,17.484541,5.044489,46.671075
1403638172745096960.000000,0.000000,0.000000,21.237715,9.704525,0.188707,0.176291,17.931843,0.257124,50.800350
1403638172795097088.000000,0.000000,0.000000,20.692875,8.794719,0.188227,0.108610,15.871205,0.126018,49.536364
1403638172845096960.000000,0.000000,0.000000,18.320873,7.814961,0.190243,0.150658,17.239641,0.183459,47.441549
1403638172895097088.000000,0.000000,0.000000,17.909730,7.902866,0.208867,0.115042,16.798450,0.244548,46.985479
1403638172945096960.000000,0.000000,0.000000,19.460409,7.621806,0.176963,0.164642,16.622769,5.023305,47.547279
1403638172995097088.000000,0.000000,0.000000,20.835341,8.564091,0.199075,0.150306,19.249078,0.292261,48.232249
1403638173045096960.000000,0.000000,0.000000,20.780428,9.891855,0.185698,0.114977,17.901187,0.143522,51.703019
1403638173095097088.000000,0.000000,0.000000,18.705262,7.795377,0.186307,0.145826,18.222695,0.215715,45.588115
1403638173145096960.000000,0.000000,0.000000,20.682539,7.643822,0.205475,0.113890,15.835941,0.184866,47.184586
1403638173195097088.000000,0.000000,0.000000,20.972495,8.895552,0.203683,0.168547,18.009348,4.812357,48.151800
1403638173245096960.000000,0.000000,0.000000,19.472377,7.663247,0.228035,0.159554,19.253622,0.317989,47.850164
1403638173295097088.000000,0.000000,0.000000,20.343302,8.998178,0.241827,0.161058,16.306572,0.160610,49.905329
1403638173345096960.000000,0.000000,0.000000,18.477035,8.570908,0.222019,0.126402,14.306222,0.146562,45.960376
1403638173395097088.000000,0.000000,0.000000,17.923459,7.316458,0.209443,0.101217,13.488835,0.182851,43.592310
1403638173445096960.000000,0.000000,0.000000,19.663996,8.241687,0.203171,0.179011,15.669698,6.147416,48.144376
1403638173495097088.000000,0.000000,0.000000,21.062833,8.151894,0.206531,0.148258,16.663665,0.266851,46.689059
1403638173545096960.000000,0.000000,0.000000,17.293562,8.521755,0.115042,0.138050,14.430481,0.137794,43.604694
1403638173595097088.000000,0.000000,0.000000,16.285771,8.672990,0.202851,0.119938,13.990346,0.148098,41.051345
1403638173645096960.000000,0.000000,0.000000,18.246984,9.223717,0.110242,0.117825,12.958204,5.942262,46.708803
1403638173695097088.000000,0.000000,0.000000,18.192551,7.683312,0.191619,0.201283,15.895973,0.165794,44.637093
1403638173745096960.000000,0.000000,0.000000,17.009782,7.844241,0.109217,0.123714,14.438288,0.141922,48.393755
1403638173795097088.000000,0.000000,0.000000,15.719203,9.345511,0.107265,0.123169,14.712917,0.162626,44.740070
1403638173845096960.000000,0.000000,0.000000,17.846530,7.987155,0.110530,0.159106,13.953482,6.061495,43.733208
1403638173895097088.000000,0.000000,0.000000,18.470795,8.388857,0.214243,0.207747,15.736612,0.191554,44.109117
1403638173945096960.000000,0.000000,0.000000,17.759873,8.478491,0.204899,0.145538,15.701475,0.159267,46.536064
1403638173995097088.000000,0.000000,0.000000,19.431065,7.218152,0.230020,0.141922,15.464799,0.166050,44.996330
1403638174045096960.000000,0.000000,0.000000,20.004801,11.384356,0.198755,0.137698,13.101469,5.849364,48.898211
1403638174095097088.000000,0.000000,0.000000,20.691147,10.363542,0.201667,0.212099,18.620685,0.155362,50.675837
1403638174145096960.000000,0.000000,0.000000,20.251045,10.860573,0.195362,0.141090,14.750710,0.159043,53.069023
1403638174195097088.000000,0.000000,0.000000,18.361098,7.113382,0.216835,0.151234,16.483439,0.150178,42.620968
1403638174245096960.000000,0.000000,0.000000,18.544268,7.822001,0.197379,0.159618,15.755236,0.245220,43.626391
1403638174295097088.000000,0.000000,0.000000,20.571593,10.434135,0.228963,0.181187,17.200153,6.439325,48.286009
1403638174345096960.000000,0.000000,0.000000,18.343337,7.926034,0.230755,0.098273,17.912323,0.131906,46.757540
1403638174395097088.000000,0.000000,0.000000,20.800717,9.260710,0.252803,0.151202,12.230737,0.191203,49.480235
1403638174445096960.000000,0.000000,0.000000,19.630236,7.409963,0.111938,0.119714,11.075936,0.189026,45.998297
1403638174495097088.000000,0.000000,0.000000,20.884750,10.378678,0.187842,0.065633,9.992881,3.992729,49.752367
1403638174545096960.000000,0.000000,0.000000,18.262247,9.892431,0.197507,0.287397,11.748553,0.268452,52.261363
1403638174595097088.000000,0.000000,0.000000,19.290647,10.429303,0.209091,0.129794,11.285411,0.187523,50.493529
1403638174645096960.000000,0.000000,0.000000,18.699503,8.032532,0.096865,0.114561,10.425111,0.125889,44.718790
1403638174695097088.000000,0.000000,0.000000,18.494155,7.803312,0.207267,0.123202,9.787789,4.289342,43.946139
1403638174745096960.000000,0.000000,0.000000,19.408408,11.003327,0.211043,0.061473,10.231411,0.101121,53.065311
1403638174795097088.000000,0.000000,0.000000,18.773391,8.421625,0.213059,0.124257,10.365622,0.177443,46.288605
1403638174845096960.000000,0.000000,0.000000,20.645514,8.392506,0.222275,0.111522,10.134770,0.117218,48.273274
1403638174895097088.000000,0.000000,0.000000,17.523901,7.351882,0.241956,0.142306,9.976880,4.600098,42.045183
1403638174945096960.000000,0.000000,0.000000,20.994511,7.680527,0.226947,0.069761,10.793660,0.114210,46.319677
1403638174995097088.000000,0.000000,0.000000,20.983504,8.660189,0.190659,0.126082,11.243138,0.174883,48.443868
1403638175045096960.000000,0.000000,0.000000,22.921355,11.764458,0.205219,0.124449,10.881982,0.116418,62.515623
1403638175095097088.000000,0.000000,0.000000,21.309107,7.941779,0.228931,0.134722,10.599065,0.200035,53.846698
1403638175145096960.000000,0.000000,0.000000,21.693850,8.902368,0.227395,0.143395,13.441026,0.112098,49.711022
1403638175195097088.000000,0.000000,0.000000,19.297175,7.836081,0.225731,0.135138,14.247726,0.118178,47.352364
1403638175245096960.000000,0.000000,0.000000,22.313474,8.564188,0.240707,0.133570,14.166829,5.438703,50.001747
1403638175295097088.000000,0.000000,0.000000,24.532579,9.433512,0.224996,0.084865,15.605538,0.132706,54.202191
1403638175345096960.000000,0.000000,0.000000,22.709576,9.733740,0.221539,0.142370,12.052814,0.170435,52.074193
1403638175395097088.000000,0.000000,0.000000,19.739581,10.028433,0.206883,0.125537,10.899774,0.197059,57.656097
1403638175445096960.000000,0.000000,0.000000,22.984524,7.005989,0.186402,0.067649,9.615723,0.187843,52.636409
1403638175495097088.000000,0.000000,0.000000,20.556617,8.225271,0.206915,0.176867,15.380606,0.202883,48.644767
1403638175545096960.000000,0.000000,0.000000,21.111793,8.967394,0.202307,0.146114,15.393567,0.131969,50.906431
1403638175595097088.000000,0.000000,0.000000,18.743727,8.372089,0.171011,0.139522,14.514449,0.121346,46.960423
1403638175645096960.000000,0.000000,0.000000,21.689017,9.412712,0.202499,0.178883,16.795058,5.339181,51.708748
1403638175695097088.000000,0.000000,0.000000,20.612298,10.643098,0.193059,0.076289,15.453696,0.136034,50.847519
1403638175745096960.000000,0.000000,0.000000,24.050140,9.443145,0.195075,0.140770,12.371603,0.148706,51.790092
1403638175795097088.000000,0.000000,0.000000,22.493701,10.721147,0.185698,0.152738,11.493670,0.166370,52.275988
1403638175845096960.000000,0.000000,0.000000,22.743561,10.107410,0.167491,0.078882,10.234675,0.195395,63.157937
1403638175895097088.000000,0.000000,0.000000,22.446405,9.506890,0.146658,0.173283,14.847062,0.115298,55.071932
1403638175945096960.000000,0.000000,0.000000,21.496247,6.234554,0.188195,0.146530,15.458751,4.686596,45.108876
1403638175995097088.000000,0.000000,0.000000,19.841631,5.669522,0.198627,0.095906,15.659426,0.124769,42.187201
1403638176045096960.000000,0.000000,0.000000,20.755660,5.592433,0.224611,0.144546,11.941773,0.169955,43.040174
1403638176095097088.000000,0.000000,0.000000,21.182866,7.417291,0.215268,0.132258,10.907581,0.186051,49.292137
1403638176145096960.000000,0.000000,0.000000,21.308532,8.083669,0.208995,0.059841,10.720091,3.815735,49.353641
1403638176195097088.000000,0.000000,0.000000,21.538999,9.509162,0.226820,0.198787,16.341836,0.149826,50.910304
1403638176245096960.000000,0.000000,0.000000,21.334260,8.631837,0.206307,0.169730,14.897943,0.138882,49.281224
1403638176295097088.000000,0.000000,0.000000,21.131185,9.451689,0.220675,0.147266,15.274589,0.162530,57.064600
1403638176345096960.000000,0.000000,0.000000,21.654489,10.107538,0.164099,0.176802,14.604787,4.101083,54.678646
1403638176395097088.000000,0.000000,0.000000,21.028176,6.170937,0.194883,0.226147,15.828357,0.189666,44.056349
1403638176445096960.000000,0.000000,0.000000,27.926932,5.568528,0.206819,0.143010,15.238940,0.151586,49.849200
1403638176495097088.000000,0.000000,0.000000,20.013281,5.409582,0.170371,0.142498,14.811510,0.164098,40.544106
1403638176545096960.000000,0.000000,0.000000,21.886972,7.453516,0.159682,0.161826,14.530130,4.808101,52.864764
1403638176595097088.000000,0.000000,0.000000,19.840543,7.709743,0.153090,0.201731,15.899462,0.158082,49.133798
1403638176645096960.000000,0.000000,0.000000,20.165092,5.835604,0.199459,0.150818,16.029704,0.190723,43.461237
1403638176695097088.000000,0.000000,0.000000,21.255508,5.296428,0.195203,0.139010,15.178812,0.172067,44.170495
1403638176745096960.000000,0.000000,0.000000,22.304706,5.159242,0.205219,0.159906,13.534724,5.651282,45.652276
1403638176795097088.000000,0.000000,0.000000,20.914638,7.086823,0.205411,0.212163,15.262781,0.143522,49.687374
1403638176845096960.000000,0.000000,0.000000,21.012783,7.623343,0.190435,0.163138,14.794134,0.164642,48.744289
1403638176895097088.000000,0.000000,0.000000,21.009936,8.302296,0.206819,0.149218,14.902136,0.166979,51.007265
1403638176945096960.000000,0.000000,0.000000,21.945085,7.462380,0.196707,0.153506,12.360371,5.723026,53.994156
1403638176995097088.000000,0.000000,0.000000,21.407413,7.715856,0.189987,0.232100,15.919174,0.183394,51.206916
1403638177045096960.000000,0.000000,0.000000,18.967986,6.321756,0.251523,0.144258,14.291791,0.144226,45.803317
1403638177095097088.000000,0.000000,0.000000,18.771855,7.025030,0.240067,0.148386,14.232878,0.147810,48.162296
1403638177145096960.000000,0.000000,0.000000,25.668563,8.115189,0.196578,0.167331,13.215103,0.216835,54.163630
1403638177195097088.000000,0.000000,0.000000,26.189946,8.235703,0.228323,0.126274,14.316207,6.768097,55.779238
1403638177245096960.000000,0.000000,0.000000,21.670361,9.835470,0.189251,0.215235,16.931061,0.315045,54.320753
1403638177295097088.000000,0.000000,0.000000,20.963599,9.280646,0.204643,0.180675,15.388510,0.165443,52.862428
1403638177345096960.000000,0.000000,0.000000,20.409735,8.734046,0.190243,0.154722,14.491313,0.156322,51.139235
1403638177395097088.000000,0.000000,0.000000,20.159811,7.481804,0.219619,0.134850,14.001867,0.164899,53.213985
1403638177445096960.000000,0.000000,0.000000,22.092416,7.523533,0.221059,0.102177,13.371073,5.591409,55.825735
1403638177495097088.000000,0.000000,0.000000,20.808396,7.356650,0.208515,0.146882,16.010055,0.312612,52.214322
1403638177545096960.000000,0.000000,0.000000,19.296183,9.073123,0.209923,0.170179,14.798261,0.166627,51.500776
1403638177595097088.000000,0.000000,0.000000,20.800109,7.731056,0.220739,0.140450,13.732487,0.141251,50.244950
1403638177645096960.000000,0.000000,0.000000,20.677291,6.859907,0.246755,0.112706,13.253151,0.167043,51.804877
1403638177695097088.000000,0.000000,0.000000,20.081666,8.993666,0.196994,0.170978,16.457934,6.246970,50.072723
1403638177745096960.000000,0.000000,0.000000,24.187134,7.895346,0.209475,0.213827,16.831091,0.209763,52.993854
1403638177795097088.000000,0.000000,0.000000,20.142307,9.261861,0.189347,0.154306,13.823144,0.155331,56.959256
1403638177845096960.000000,0.000000,0.000000,19.732957,6.706881,0.228291,0.141954,13.054621,0.158978,49.384650
1403638177895097088.000000,0.000000,0.000000,19.298551,6.730305,0.223075,0.105346,13.404097,0.158850,47.866100
1403638177945096960.000000,0.000000,0.000000,19.878367,6.951493,0.348677,0.155938,14.079596,5.030601,49.165319
1403638177995097088.000000,0.000000,0.000000,19.114612,8.281560,0.202883,0.219172,15.492447,0.217892,50.767806
1403638178045096960.000000,0.000000,0.000000,18.541228,7.743344,0.226787,0.136674,13.822280,0.146434,52.766554
1403638178095097088.000000,0.000000,0.000000,18.766959,7.934418,0.221155,0.148226,13.770599,0.136450,51.589770
1403638178145096960.000000,0.000000,0.000000,17.780577,7.233609,0.220099,0.128898,12.513109,4.316671,48.155352
1403638178195097088.000000,0.000000,0.000000,18.684014,7.207048,0.231044,0.193410,15.578530,0.142082,49.461131
1403638178245096960.000000,0.000000,0.000000,19.376024,7.261065,0.211779,0.147907,14.341199,0.136258,47.384365
1403638178295097088.000000,0.000000,0.000000,18.707342,8.196695,0.172003,0.148098,11.009600,0.165155,54.513716
1403638178345096960.000000,0.000000,0.000000,20.385894,7.272073,0.057569,0.062625,8.927521,0.083745,52.415958
1403638178395097088.000000,0.000000,0.000000,22.558342,7.681711,0.168835,0.143522,14.070700,0.113986,51.621066
1403638178445096960.000000,0.000000,0.000000,18.116550,7.382667,0.189251,0.143554,13.864489,5.960054,44.538532
1403638178495097088.000000,0.000000,0.000000,16.318828,7.782289,0.169538,0.086337,15.884870,0.168419,41.022416
1403638178545096960.000000,0.000000,0.000000,20.449064,8.956609,0.161538,0.135714,11.202466,0.131906,56.049193
1403638178595097088.000000,0.000000,0.000000,19.526714,7.587630,0.162435,0.134050,10.568857,0.164771,48.900803
1403638178645096960.000000,0.000000,0.000000,19.932928,8.473114,0.155491,0.094465,11.769130,0.129698,47.779698
1403638178695097088.000000,0.000000,0.000000,22.553766,9.510538,0.166914,0.062049,10.623258,3.753398,50.958976
1403638178745096960.000000,0.000000,0.000000,19.276567,7.784624,0.180867,0.068961,11.890252,0.090402,50.755934
1403638178795097088.000000,0.000000,0.000000,19.067956,7.613390,0.186851,0.139426,10.728060,0.156483,47.414509
1403638178845096960.000000,0.000000,0.000000,18.315017,8.251127,0.172706,0.130210,10.457047,0.119746,45.751349
1403638178895097088.000000,0.000000,0.000000,16.854419,7.892690,0.161827,0.115585,9.186501,0.132194,44.163070
1403638178945096960.000000,0.000000,0.000000,17.760416,7.876945,0.173795,0.073889,13.319873,4.721252,50.236822
1403638178995097088.000000,0.000000,0.000000,19.203157,7.629070,0.161283,0.082658,13.364833,0.112258,46.911878
1403638179045096960.000000,0.000000,0.000000,18.733551,8.387001,0.153154,0.132833,10.829789,0.188323,47.836403
1403638179095097088.000000,0.000000,0.000000,16.750898,7.558157,0.144322,0.129538,10.378166,0.174466,44.810472
1403638179145096960.000000,0.000000,0.000000,18.118118,8.244343,0.158818,0.072642,9.247621,0.103425,49.822608
1403638179195097088.000000,0.000000,0.000000,19.553115,8.445530,0.162019,0.099649,14.224238,4.044379,51.915630
1403638179245096960.000000,0.000000,0.000000,18.376874,7.610478,0.175906,0.087778,14.148012,0.110433,44.086493
1403638179295097088.000000,0.000000,0.000000,18.042085,10.473240,0.161955,0.165474,15.550273,0.160930,50.047476
1403638179345096960.000000,0.000000,0.000000,17.789697,9.562059,0.144706,0.156482,14.409744,0.153410,48.163384
1403638179395097088.000000,0.000000,0.000000,18.175783,9.576618,0.130402,0.099393,13.050877,0.156355,56.249485
1403638179445096960.000000,0.000000,0.000000,18.734127,9.197957,0.128322,0.158210,14.668660,3.673173,51.255141
1403638179495097088.000000,0.000000,0.000000,16.952821,6.714721,0.280100,0.128066,17.213881,0.243843,41.297812
1403638179545096960.000000,0.000000,0.000000,18.408266,5.864629,0.125602,0.130434,15.428447,0.124162,40.357159
1403638179595097088.000000,0.000000,0.000000,18.190694,5.958998,0.130274,0.160963,14.182797,0.131906,42.529767
1403638179645096960.000000,0.000000,0.000000,22.667048,6.837315,0.127394,0.151874,15.413215,0.145026,46.482272
1403638179695097088.000000,0.000000,0.000000,19.965633,5.942422,0.062401,0.141186,14.579859,2.968555,42.240675
1403638179745096960.000000,0.000000,0.000000,17.519806,5.826356,0.060097,0.212419,17.914883,0.158882,38.381963
1403638179795097088.000000,0.000000,0.000000,17.824993,5.597329,0.121890,0.165859,15.636002,0.160451,41.822556
1403638179845096960.000000,0.000000,0.000000,21.536888,6.500798,0.068961,0.159586,14.570899,0.125890,42.791659
1403638179895097088.000000,0.000000,0.000000,16.990102,5.967510,0.119745,0.119682,13.623813,0.215683,38.215048
1403638179945096960.000000,0.000000,0.000000,17.283450,6.008791,0.119746,0.177059,16.658897,3.331664,38.170183
1403638179995097088.000000,0.000000,0.000000,17.621823,5.864277,0.129442,0.165474,17.695840,0.218371,42.943661
1403638180045096960.000000,0.000000,0.000000,21.921469,6.268634,0.138818,0.155138,15.008889,0.152995,43.664728
1403638180095097088.000000,0.000000,0.000000,17.386556,5.873717,0.143682,0.148259,14.659507,0.143490,39.380442
1403638180145096960.000000,0.000000,0.000000,17.684415,6.259803,0.163234,0.144674,14.296014,0.136418,39.406906
1403638180195097088.000000,0.000000,0.000000,18.485355,5.988471,0.159106,0.139074,12.951100,2.237024,39.701854
1403638180245096960.000000,0.000000,0.000000,18.075205,7.772400,0.145954,0.170498,16.771731,0.142146,44.141502
1403638180295097088.000000,0.000000,0.000000,19.159604,9.525833,0.149442,0.135074,15.892486,0.141826,47.699057
1403638180345096960.000000,0.000000,0.000000,17.806497,9.864079,0.134178,0.128898,14.136140,0.158562,51.708012
1403638180395097088.000000,0.000000,0.000000,17.718752,8.164790,0.138914,0.120833,14.227438,2.463364,46.294813
1403638180445096960.000000,0.000000,0.000000,18.237288,6.779362,0.179011,0.162978,15.036665,0.159426,42.048320
1403638180495097088.000000,0.000000,0.000000,17.683807,6.185146,0.177602,0.134050,15.718691,0.144482,39.551771
1403638180545096960.000000,0.000000,0.000000,17.595487,6.075960,0.182915,0.154211,14.272302,0.152802,37.621696
1403638180595097088.000000,0.000000,0.000000,17.779777,8.781119,0.171234,0.131618,12.968315,0.183427,46.978055
1403638180645096960.000000,0.000000,0.000000,18.954354,9.964976,0.151938,0.117122,14.850839,2.015453,48.986628
1403638180695097088.000000,0.000000,0.000000,18.190151,9.111043,0.140418,0.146562,16.189546,0.211459,46.468799
1403638180745096960.000000,0.000000,0.000000,17.637471,7.744912,0.134658,0.139202,13.348929,0.116418,52.471734
1403638180795097088.000000,0.000000,0.000000,18.484139,8.032308,0.136034,0.123586,13.437186,0.113665,46.838245
1403638180845096960.000000,0.000000,0.000000,23.573108,6.568670,0.166562,0.116417,13.508676,0.154307,47.291308
1403638180895097088.000000,0.000000,0.000000,19.301207,6.044055,0.172675,0.131074,12.988379,2.356834,41.933502
1403638180945096960.000000,0.000000,0.000000,17.724865,5.920117,0.164354,0.153346,15.172955,0.152962,38.310762
1403638180995097088.000000,0.000000,0.000000,20.287397,8.330457,0.144258,0.126178,13.993002,0.135842,48.305338
1403638181045096960.000000,0.000000,0.000000,17.934851,8.898049,0.125858,0.122785,14.642676,0.140226,51.432935
1403638181095097088.000000,0.000000,0.000000,18.068869,9.363847,0.127874,0.130625,13.340193,1.711641,47.883732
1403638181145096960.000000,0.000000,0.000000,18.725007,6.528350,0.155971,0.061473,10.595353,0.132354,42.066592
1403638181195097088.000000,0.000000,0.000000,17.108119,6.089144,0.156259,0.126146,11.109985,0.144419,38.890386
1403638181245096960.000000,0.000000,0.000000,18.848144,6.031543,0.167522,0.128194,10.928318,0.153986,44.035420
1403638181295097088.000000,0.000000,0.000000,19.727389,9.313766,0.170243,0.068769,10.184083,0.073985,50.572827
1403638181345096960.000000,0.000000,0.000000,16.954133,8.219255,0.087553,0.141922,12.021294,1.409909,44.301345
1403638181395097088.000000,0.000000,0.000000,19.201366,9.859918,0.084481,0.180066,17.150936,0.150146,49.061989
1403638181445096960.000000,0.000000,0.000000,16.837043,8.818656,0.089377,0.153666,15.348478,0.143906,48.750913
1403638181495097088.000000,0.000000,0.000000,17.038774,8.524571,0.096066,0.149666,14.893847,0.138626,45.276206
1403638181545096960.000000,0.000000,0.000000,15.578465,9.070883,0.089473,0.134786,13.321920,0.184483,44.720518
1403638181595097088.000000,0.000000,0.000000,17.366587,10.078642,0.090338,0.188355,15.511424,1.673848,46.905926
1403638181645096960.000000,0.000000,0.000000,16.050760,9.045282,0.164610,0.120994,18.331593,0.218084,48.801665
1403638181695097088.000000,0.000000,0.000000,16.555567,9.287622,0.164515,0.167714,14.789942,0.120930,45.081803
1403638181745096960.000000,0.000000,0.000000,16.471886,9.554954,0.081569,0.133409,13.773352,0.108194,46.901285
1403638181795097088.000000,0.000000,0.000000,15.525664,8.908609,0.151138,0.137186,14.742613,0.149283,44.544067
1403638181845096960.000000,0.000000,0.000000,16.941269,8.470651,0.163266,0.143490,13.032508,1.738233,49.041316
1403638181895097088.000000,0.000000,0.000000,21.131346,10.020592,0.164898,0.159362,14.315631,0.169346,50.928320
1403638181945096960.000000,0.000000,0.000000,17.458364,8.551068,0.169826,0.121538,12.750232,0.126178,45.900408
1403638181995097088.000000,0.000000,0.000000,16.535631,8.390906,0.166243,0.108002,12.778936,0.134658,44.593764
1403638182045096960.000000,0.000000,0.000000,17.919779,8.922337,0.153026,0.109377,13.595781,0.116642,49.259368
1403638182095097088.000000,0.000000,0.000000,16.687185,7.848305,0.171618,0.106018,11.608360,1.572119,45.259086
1403638182145096960.000000,0.000000,0.000000,16.016296,7.951731,0.182082,0.130402,15.124826,0.131042,43.017582
1403638182195097088.000000,0.000000,0.000000,19.044244,9.028930,0.145794,0.122050,14.394224,0.111746,47.222282
1403638182245096960.000000,0.000000,0.000000,16.891476,8.500443,0.182370,0.107202,13.208991,0.123778,43.339250
1403638182295097088.000000,0.000000,0.000000,17.235161,9.293382,0.163363,0.118018,12.385747,1.535670,52.025232
1403638182345096960.000000,0.000000,0.000000,15.626433,8.456314,0.169058,0.135586,14.827766,0.116609,46.068697
1403638182395097088.000000,0.000000,0.000000,17.097015,9.847310,0.157827,0.126369,14.415889,0.122178,47.305643
1403638182445096960.000000,0.000000,0.000000,17.343035,8.553947,0.158595,0.121634,13.869897,0.122306,44.986762
1403638182495097088.000000,0.000000,0.000000,18.525804,8.802272,0.166018,0.117889,12.756185,1.443605,50.774238
1403638182545096960.000000,0.000000,0.000000,18.177959,8.795231,0.154178,0.150018,16.761779,0.126210,55.276991
1403638182595097088.000000,0.000000,0.000000,18.776303,8.459323,0.168674,0.136546,15.321886,0.131810,48.200216
1403638182645096960.000000,0.000000,0.000000,17.877922,7.569229,0.214147,0.121090,14.004138,0.129794,46.169468
1403638182695097088.000000,0.000000,0.000000,18.211240,9.553322,0.170147,0.110273,12.570198,1.314547,46.080730
1403638182745096960.000000,0.000000,0.000000,15.718819,7.888146,0.155810,0.143074,15.684258,0.121922,42.033087
1403638182795097088.000000,0.000000,0.000000,17.650495,8.913569,0.162146,0.127266,14.585523,0.105409,53.814825
1403638182845096960.000000,0.000000,0.000000,18.571053,9.480553,0.173122,0.128034,15.193211,0.118722,50.607003
1403638182895097088.000000,0.000000,0.000000,24.205790,7.878866,0.178563,0.134018,14.318510,0.079585,50.899967
1403638182945096960.000000,0.000000,0.000000,16.439630,9.104900,0.164258,0.088226,15.658402,1.519318,43.507829
1403638182995097088.000000,0.000000,0.000000,16.800211,8.843648,0.157922,0.108833,19.388281,0.218659,47.512015
1403638183045096960.000000,0.000000,0.000000,17.579326,9.254022,0.146818,0.142562,15.402399,0.113441,50.448569
1403638183095097088.000000,0.000000,0.000000,18.663949,10.500600,0.144738,0.144930,15.819140,0.134434,49.556493
1403638183145096960.000000,0.000000,0.000000,17.936195,10.592089,0.154467,0.133697,15.329886,0.122785,45.675476
1403638183195097088.000000,0.000000,0.000000,17.425659,10.335765,0.160802,0.141026,11.971597,1.458645,46.284508
1403638183245096960.000000,0.000000,0.000000,19.306583,9.884015,0.119105,0.168642,15.991335,0.158370,50.524443
1403638183295097088.000000,0.000000,0.000000,16.557104,8.460698,0.117729,0.126338,14.803798,0.128002,45.359088
1403638183345096960.000000,0.000000,0.000000,16.300907,8.620189,0.159426,0.135874,15.560353,0.115234,43.835418
1403638183395097088.000000,0.000000,0.000000,15.788484,5.968598,0.158306,0.099937,14.773013,1.509942,37.784098
1403638183445096960.000000,0.000000,0.000000,16.523567,6.068472,0.162786,0.079841,15.907206,1.427732,35.794565
1403638183495097088.000000,0.000000,0.000000,23.547828,6.872707,0.131746,0.113025,20.156067,0.218083,49.066214
1403638183545096960.000000,0.000000,0.000000,17.273018,9.240581,0.123650,0.162243,16.318603,0.132034,50.777853
1403638183595097088.000000,0.000000,0.000000,18.918033,9.530346,0.066337,0.141506,15.743651,0.122466,49.090213
1403638183645096960.000000,0.000000,0.000000,16.522894,6.926501,0.065985,0.149634,15.471456,0.148930,39.311737
1403638183695097088.000000,0.000000,0.000000,19.196341,6.270395,0.140642,0.168931,14.645331,1.419733,40.653132
1403638183745096960.000000,0.000000,0.000000,17.483773,6.326555,0.127681,0.174115,16.883156,0.285156,40.039651
1403638183795097088.000000,0.000000,0.000000,18.930290,7.728528,0.125601,0.154882,15.960199,0.147586,45.264014
1403638183845096960.000000,0.000000,0.000000,16.670289,8.099157,0.116802,0.158947,15.851909,0.120610,41.266452
1403638183895097088.000000,0.000000,0.000000,16.967253,6.313020,0.194883,0.103682,14.076523,0.659465,38.818641
1403638183945096960.000000,0.000000,0.000000,16.067848,6.341787,0.141314,0.154211,16.129321,1.582807,37.590847
1403638183995097088.000000,0.000000,0.000000,17.850242,6.330843,0.123682,0.114402,20.384102,0.229795,37.860067
1403638184045096960.000000,0.000000,0.000000,18.215048,8.239287,0.115202,0.167010,14.885847,0.117282,48.837602
1403638184095097088.000000,0.000000,0.000000,17.540894,8.764927,0.118562,0.143747,14.354639,0.108001,44.307840
1403638184145096960.000000,0.000000,0.000000,17.546974,6.076440,0.155235,0.125505,14.213742,0.143298,39.198807
1403638184195097088.000000,0.000000,0.000000,17.014134,6.078328,0.155106,0.123394,13.040924,1.639799,38.222281
1403638184245096960.000000,0.000000,0.000000,16.467950,6.255739,0.150434,0.137346,16.231787,0.192611,41.107122
1403638184295097088.000000,0.000000,0.000000,18.829457,8.996770,0.144674,0.126978,14.394384,0.143810,50.390521
1403638184345096960.000000,0.000000,0.000000,18.691598,9.453769,0.151010,0.114753,14.835959,0.135330,46.804933
1403638184395097088.000000,0.000000,0.000000,16.366956,8.558972,0.156226,0.066177,11.248354,0.133698,45.673332
1403638184445096960.000000,0.000000,0.000000,15.932359,9.346631,0.139362,0.101089,13.574693,1.782682,44.774311
1403638184495097088.000000,0.000000,0.000000,16.311180,9.333831,0.168547,0.114721,13.796360,0.166563,42.509574
1403638184545096960.000000,0.000000,0.000000,17.255129,10.049714,0.136098,0.084994,13.292320,0.121026,49.519500
1403638184595097088.000000,0.000000,0.000000,15.783844,9.125252,0.170306,0.086305,12.661079,0.100482,46.894438
1403638184645096960.000000,0.000000,0.000000,16.534959,9.166660,0.154146,0.071329,11.784906,0.145186,45.386416
1403638184695097088.000000,0.000000,0.000000,16.209962,9.043907,0.157474,0.094529,13.125118,1.905852,44.077245
1403638184745096960.000000,0.000000,0.000000,16.291115,9.600683,0.153154,0.105825,14.809014,0.114562,44.579524
1403638184795097088.000000,0.000000,0.000000,16.276011,9.615243,0.146434,0.081665,14.342799,0.092353,48.025014
1403638184845096960.000000,0.000000,0.000000,18.438090,12.082383,0.151234,0.083393,13.355617,0.099617,53.538726
1403638184895097088.000000,0.000000,0.000000,20.911695,9.535242,0.161442,0.075649,12.694103,0.121762,49.829808
1403638184945096960.000000,0.000000,0.000000,15.457791,9.306535,0.160195,0.108226,16.031496,0.073441,43.867386
1403638184995097088.000000,0.000000,0.000000,17.860834,9.839150,0.155459,0.094689,14.258350,1.900827,45.950072
1403638185045096960.000000,0.000000,0.000000,16.378925,9.735436,0.147170,0.132162,17.095639,0.147522,49.284745
1403638185095097088.000000,0.000000,0.000000,17.378812,9.853262,0.158723,0.095329,14.778166,0.104354,49.327400
1403638185145096960.000000,0.000000,0.000000,15.784420,9.477801,0.148482,0.091426,14.891095,0.083618,45.068075
1403638185195097088.000000,0.000000,0.000000,16.432782,8.649789,0.160099,0.084417,15.220348,1.445108,44.547396
1403638185245096960.000000,0.000000,0.000000,16.861236,9.904527,0.092769,0.137890,17.944739,1.975101,45.675380
1403638185295097088.000000,0.000000,0.000000,15.577985,8.806079,0.140546,0.098306,18.491467,0.246212,42.557127
1403638185345096960.000000,0.000000,0.000000,16.521455,10.889118,0.162339,0.103361,14.657684,0.100802,49.364169
1403638185395097088.000000,0.000000,0.000000,18.512492,9.564266,0.083938,0.104993,15.657666,0.115106,48.897155
1403638185445096960.000000,0.000000,0.000000,15.516576,10.889086,0.156066,0.097153,13.872777,0.136706,45.105835
1403638185495097088.000000,0.000000,0.000000,16.176298,9.774349,0.144322,0.107105,13.180831,1.908636,45.749205
1403638185545096960.000000,0.000000,0.000000,15.316221,9.309895,0.144226,0.128097,15.295101,0.202467,44.288416
1403638185595097088.000000,0.000000,0.000000,15.877062,9.518569,0.164258,0.113313,14.981497,0.116930,45.866071
1403638185645096960.000000,0.000000,0.000000,19.107348,10.821276,0.158402,0.105058,14.109388,0.134146,49.482667
1403638185695097088.000000,0.000000,0.000000,16.711537,9.260806,0.152642,0.102689,13.838408,1.541142,43.714743
1403638185745096960.000000,0.000000,0.000000,15.467935,9.383944,0.139810,0.115586,15.628962,0.109314,45.085036
1403638185795097088.000000,0.000000,0.000000,17.339387,9.235749,0.141186,0.109857,16.206378,0.120226,47.715474
1403638185845096960.000000,0.000000,0.000000,15.347166,9.052226,0.162915,0.092865,13.742407,0.130562,42.206274
1403638185895097088.000000,0.000000,0.000000,14.858327,8.871584,0.153443,0.089281,13.527108,1.667000,41.002481
1403638185945096960.000000,0.000000,0.000000,15.601282,9.176549,0.147170,0.116802,14.953592,0.102465,42.817387
1403638185995097088.000000,0.000000,0.000000,16.157066,9.170469,0.155171,0.103650,14.962264,0.115074,45.399728
1403638186045096960.000000,0.000000,0.000000,17.326235,9.801805,0.142659,0.099266,13.469410,0.122978,47.192426
1403638186095097088.000000,0.000000,0.000000,15.814149,9.053475,0.058977,0.095553,11.444390,1.547287,43.516245
1403638186145096960.000000,0.000000,0.000000,16.091080,9.377320,0.123618,0.099330,14.981592,0.126498,44.643013
1403638186195097088.000000,0.000000,0.000000,17.069334,11.925196,0.118402,0.093729,13.473091,0.113858,48.591967
1403638186245096960.000000,0.000000,0.000000,17.763105,6.152857,0.124546,0.089953,14.796662,0.126946,39.009843
1403638186295097088.000000,0.000000,0.000000,15.411839,6.300187,0.117666,0.088513,12.314962,1.839930,37.546302
1403638186345096960.000000,0.000000,0.000000,16.041544,6.347004,0.151907,0.104834,14.808630,0.095682,37.956325
1403638186395097088.000000,0.000000,0.000000,17.691296,6.498462,0.150626,0.094177,14.452049,0.113473,38.569454
1403638186445096960.000000,0.000000,0.000000,16.291275,6.264443,0.147586,0.092609,16.093833,0.109858,40.269222
1403638186495097088.000000,0.000000,0.000000,16.676113,9.793389,0.162594,0.107681,12.860922,1.953276,48.318906
1403638186545096960.000000,0.000000,0.000000,17.248793,10.710842,0.161634,0.112897,14.951064,0.119778,48.077910
1403638186595097088.000000,0.000000,0.000000,17.560862,9.270598,0.158018,0.106466,14.113868,0.087649,46.361758
1403638186645096960.000000,0.000000,0.000000,16.495822,9.156037,0.174339,0.099009,14.662644,0.112225,43.577526
1403638186695097088.000000,0.000000,0.000000,16.107689,10.107218,0.136386,0.058976,13.761767,1.479285,47.900821
1403638186745096960.000000,0.000000,0.000000,16.715282,9.356743,0.166371,0.085953,13.603173,0.091265,49.302697
1403638186795097088.000000,0.000000,0.000000,15.521441,9.743021,0.082177,0.093953,14.355792,0.114178,44.860488
1403638186845096960.000000,0.000000,0.000000,16.651728,9.169413,0.133506,0.100066,15.926374,0.104322,43.882618
1403638186895097088.000000,0.000000,0.000000,15.327166,10.531064,0.149698,0.055393,12.473044,1.419508,45.112844
1403638186945096960.000000,0.000000,0.000000,15.651618,9.042147,0.140258,0.073409,15.066074,0.104290,43.644567
1403638186995097088.000000,0.000000,0.000000,14.390064,8.747263,0.152418,0.092641,15.941030,0.106049,41.840989
1403638187045096960.000000,0.000000,0.000000,15.157275,7.579245,0.143490,0.072033,13.095165,0.125793,39.831360
1403638187095097088.000000,0.000000,0.000000,15.907014,10.018321,0.159554,0.060768,14.848119,1.539191,43.093519
1403638187145096960.000000,0.000000,0.000000,14.465329,8.166870,0.140354,0.117410,15.957191,0.142626,40.662251
1403638187195097088.000000,0.000000,0.000000,15.563745,8.428314,0.138850,0.086146,15.246908,0.110370,41.326933
1403638187245096960.000000,0.000000,0.000000,15.685987,9.940208,0.125282,0.080738,14.305838,0.124418,45.214606
1403638187295097088.000000,0.000000,0.000000,15.774660,9.879151,0.128450,0.064481,12.833177,1.877980,44.577860
1403638187345096960.000000,0.000000,0.000000,14.942776,8.407642,0.087202,0.110722,15.890822,0.098113,41.324149
1403638187395097088.000000,0.000000,0.000000,16.019111,9.484042,0.127329,0.096833,15.548417,0.106017,43.874523
1403638187445096960.000000,0.000000,0.000000,15.164507,10.285749,0.134626,0.056961,12.305234,0.097921,44.593252
1403638187495097088.000000,0.000000,0.000000,16.155146,10.001424,0.129442,0.053441,13.904265,1.949948,45.033483
1403638187545096960.000000,0.000000,0.000000,14.776021,9.778030,0.144898,0.095457,13.936777,0.158243,42.846635
1403638187595097088.000000,0.000000,0.000000,15.174683,9.805358,0.134050,0.089154,14.824630,0.109346,43.420723
1403638187645096960.000000,0.000000,0.000000,16.080296,10.805116,0.136001,0.085473,13.507747,0.126978,48.200024
1403638187695097088.000000,0.000000,0.000000,14.554706,10.251668,0.146082,0.098306,12.258193,2.574438,44.697862
1403638187745096960.000000,0.000000,0.000000,15.891974,9.035298,0.133442,0.112290,14.682420,0.148386,43.283346
1403638187795097088.000000,0.000000,0.000000,17.067735,9.985808,0.142082,0.090594,14.337999,0.122338,45.056715
1403638187845096960.000000,0.000000,0.000000,15.944806,10.703034,0.148163,0.078433,13.156638,0.125665,46.746020
1403638187895097088.000000,0.000000,0.000000,15.160827,8.934849,0.089601,0.094370,12.237681,3.580884,43.084335
1403638187945096960.000000,0.000000,0.000000,14.767957,9.518698,0.157314,0.127746,15.761348,0.153474,44.220191
1403638187995097088.000000,0.000000,0.000000,14.279407,9.523465,0.175298,0.100770,14.887479,0.136130,42.712521
1403638188045096960.000000,0.000000,0.000000,16.033864,10.336309,0.140451,0.105217,15.029593,0.133730,48.119544
1403638188095097088.000000,0.000000,0.000000,17.367515,10.770972,0.141122,0.106241,9.709804,2.554917,52.392437
1403638188145096960.000000,0.000000,0.000000,16.886900,9.172933,0.130593,0.048993,10.488056,0.105026,46.263900
1403638188195097088.000000,0.000000,0.000000,15.272893,10.544280,0.081153,0.098241,11.222242,0.129154,46.303741
1403638188245096960.000000,0.000000,0.000000,18.781392,11.964749,0.132546,0.057856,10.144595,0.088609,50.776606
1403638188295097088.000000,0.000000,0.000000,14.185229,8.539707,0.151618,0.042080,11.665705,2.977035,40.445321
1403638188345096960.000000,0.000000,0.000000,14.663796,8.740319,0.180643,0.048096,11.914861,0.092001,44.269344
1403638188395097088.000000,0.000000,0.000000,14.913336,8.799327,0.145442,0.088449,10.345238,0.129922,42.987981
1403638188445096960.000000,0.000000,0.000000,17.031318,11.014976,0.143683,0.084673,10.035473,0.117122,48.273369
1403638188495097088.000000,0.000000,0.000000,15.666530,9.577418,0.163458,0.094690,9.693708,1.443188,46.013337
1403638188545096960.000000,0.000000,0.000000,14.471665,11.870284,0.140962,0.040097,9.994704,0.082337,48.093783
1403638188595097088.000000,0.000000,0.000000,17.947620,9.482793,0.145634,0.099202,13.145822,0.127682,52.191763
1403638188645096960.000000,0.000000,0.000000,16.509199,9.489161,0.153634,0.085729,12.760856,0.122466,46.898406
1403638188695097088.000000,0.000000,0.000000,16.205162,9.593674,0.134978,0.048705,14.157324,2.051325,46.069401
1403638188745096960.000000,0.000000,0.000000,14.472498,9.559658,0.152994,0.139906,16.671825,0.188291,43.952475
1403638188795097088.000000,0.000000,0.000000,16.444046,8.253847,0.159138,0.109633,15.550305,0.137186,45.045451
1403638188845096960.000000,0.000000,0.000000,14.754933,9.720812,0.089377,0.120962,15.323070,0.262084,44.846088
1403638188895097088.000000,0.000000,0.000000,16.200426,9.596202,0.152482,0.128929,14.779862,2.393122,46.206012
1403638188945096960.000000,0.000000,0.000000,16.527503,10.118579,0.148706,0.152322,16.248267,0.156322,47.303724
1403638188995097088.000000,0.000000,0.000000,14.556658,8.640829,0.157954,0.134306,15.740548,0.164739,42.260802
1403638189045096960.000000,0.000000,0.000000,17.740801,10.709243,0.073505,0.131938,16.586575,0.143714,49.076902
1403638189095097088.000000,0.000000,0.000000,17.234810,10.973022,0.135650,0.143906,15.781732,2.322369,53.331426
1403638189145096960.000000,0.000000,0.000000,16.613552,10.204020,0.133570,0.160226,17.349723,0.169443,46.295165
1403638189195097088.000000,0.000000,0.000000,15.743652,9.918447,0.134177,0.136738,16.172458,0.162723,44.514436
1403638189245096960.000000,0.000000,0.000000,13.809160,8.991650,0.146658,0.131010,17.102199,0.158818,41.465879
1403638189295097088.000000,0.000000,0.000000,15.980903,9.631307,0.147587,0.139938,15.586113,1.901979,44.437827
1403638189345096960.000000,0.000000,0.000000,15.457280,9.214405,0.133186,0.165954,17.673472,0.200163,45.372688
1403638189395097088.000000,0.000000,0.000000,14.314575,9.232454,0.156002,0.151171,17.478460,0.177795,42.488806
1403638189445096960.000000,0.000000,0.000000,16.531119,7.955955,0.157635,0.137314,16.759250,0.171906,43.705880
1403638189495097088.000000,0.000000,0.000000,17.053910,6.915204,0.154626,0.142274,16.587824,2.011165,39.517211
1403638189545096960.000000,0.000000,0.000000,15.620738,8.320952,0.165059,0.182274,18.032005,0.197091,43.527061
1403638189595097088.000000,0.000000,0.000000,14.282734,6.721730,0.146050,0.139458,15.985127,0.122850,39.340024
1403638189645096960.000000,0.000000,0.000000,12.136175,7.914802,0.190563,0.119586,15.637986,0.172834,37.776098
1403638189695097088.000000,0.000000,0.000000,14.028746,5.384078,0.170467,0.128386,15.639234,2.042685,36.417934
1403638189745096960.000000,0.000000,0.000000,12.910171,4.823813,0.131074,0.153634,17.840514,0.208835,33.448227
1403638189795097088.000000,0.000000,0.000000,13.166302,6.845059,0.159330,0.129026,16.726706,0.161986,39.337145
1403638189845096960.000000,0.000000,0.000000,13.930697,5.096874,0.137538,0.126402,16.235562,0.169859,38.229897
1403638189895097088.000000,0.000000,0.000000,13.763975,4.677987,0.195715,0.068193,15.383038,2.077790,37.205145
1403638189945096960.000000,0.000000,0.000000,12.595990,4.667044,0.218659,0.167971,17.237625,0.157027,34.977818
1403638189995097088.000000,0.000000,0.000000,12.528181,4.706116,0.192515,0.136546,16.878356,0.162082,34.345713
1403638190045096960.000000,0.000000,0.000000,15.326334,7.834225,0.163843,0.130562,16.832595,0.125698,43.078479
1403638190095097088.000000,0.000000,0.000000,14.722485,7.479180,0.147522,0.159523,16.955669,2.012798,42.782986
1403638190145096960.000000,0.000000,0.000000,13.125789,4.861735,0.181602,0.179874,17.241786,0.199778,39.958369
1403638190195097088.000000,0.000000,0.000000,15.444671,7.523629,0.203939,0.123906,15.819045,0.149186,42.424741
1403638190245096960.000000,0.000000,0.000000,12.801049,5.255084,0.176898,0.133346,16.750386,0.160163,37.587679
1403638190295097088.000000,0.000000,0.000000,14.777814,7.321866,0.191586,0.137026,15.610530,4.110172,47.724626
1403638190345096960.000000,0.000000,0.000000,14.799126,9.359976,0.164803,0.194819,17.502877,0.160194,48.968547
1403638190395097088.000000,0.000000,0.000000,14.236686,7.682191,0.159555,0.139554,17.307162,0.187555,45.436817
1403638190445096960.000000,0.000000,0.000000,15.158971,6.998917,0.154307,0.143778,17.834338,0.161186,41.327605
1403638190495097088.000000,0.000000,0.000000,15.745476,8.550363,0.147299,0.155298,17.250298,2.402083,44.809864
1403638190545096960.000000,0.000000,0.000000,16.042408,9.713516,0.179555,0.176547,18.645933,0.209795,44.262431
1403638190595097088.000000,0.000000,0.000000,15.050713,8.850847,0.147394,0.143906,18.450475,0.171490,43.315474
1403638190645096960.000000,0.000000,0.000000,14.697909,6.716257,0.093442,0.147714,17.388668,0.159107,41.394358
1403638190695097088.000000,0.000000,0.000000,14.121996,6.996069,0.154498,0.076065,16.554991,0.104130,40.731309
1403638190745096960.000000,0.000000,0.000000,14.349168,7.076998,0.149090,0.119298,18.894673,2.684423,40.162213
1403638190795097088.000000,0.000000,0.000000,14.326447,6.404093,0.150850,0.133314,19.382072,0.217283,40.541418
1403638190845096960.000000,0.000000,0.000000,13.797191,7.679791,0.150786,0.116034,17.323802,0.144322,41.781340
1403638190895097088.000000,0.000000,0.000000,14.861495,6.972549,0.163010,0.146082,17.864035,0.171235,42.796459
1403638190945096960.000000,0.000000,0.000000,12.916027,5.656498,0.163650,0.135138,18.261256,0.148642,36.940950
1403638190995097088.000000,0.000000,0.000000,14.318767,6.486014,0.159874,0.161698,17.801665,3.488562,40.254853
1403638191045096960.000000,0.000000,0.000000,14.749685,8.898241,0.133954,0.072417,17.111288,0.119426,43.055279
1403638191095097088.000000,0.000000,0.000000,14.541074,8.489979,0.137314,0.134274,14.971865,0.201155,41.548600
1403638191145096960.000000,0.000000,0.000000,14.631156,7.883698,0.147522,0.127458,14.303118,0.193827,40.530089
1403638191195097088.000000,0.000000,0.000000,16.835187,5.745747,0.165346,0.091489,13.336097,0.201667,40.769038
1403638191245096960.000000,0.000000,0.000000,14.516466,5.597233,0.131266,0.163106,17.787233,2.834345,39.468795
1403638191295097088.000000,0.000000,0.000000,13.405665,6.182650,0.151394,0.067265,17.940964,0.138306,37.675201
1403638191345096960.000000,0.000000,0.000000,12.984443,5.785876,0.179651,0.131266,16.443150,0.201123,38.184328
1403638191395097088.000000,0.000000,0.000000,14.049003,4.832806,0.140322,0.131393,14.852247,0.197475,37.189465
1403638191445096960.000000,0.000000,0.000000,15.621473,5.303308,0.156771,0.088257,13.074781,0.139554,39.997058
1403638191495097088.000000,0.000000,0.000000,13.733766,5.158187,0.154947,0.167522,17.366619,2.627238,37.933540
1403638191545096960.000000,0.000000,0.000000,12.938747,4.920295,0.157762,0.071009,17.610431,0.142594,38.286185
1403638191595097088.000000,0.000000,0.000000,14.045803,6.725953,0.174211,0.151331,15.698402,0.198626,39.548540
1403638191645096960.000000,0.000000,0.000000,12.178736,5.902806,0.152451,0.158051,17.892450,0.177698,37.468350
1403638191695097088.000000,0.000000,0.000000,19.435929,7.510317,0.212067,0.133474,15.519616,3.004907,45.088747
1403638191745096960.000000,0.000000,0.000000,12.352435,6.089560,0.165475,0.200994,18.957298,0.245603,37.596992
1403638191795097088.000000,0.000000,0.000000,13.845448,5.343278,0.168098,0.173091,18.076645,0.154402,38.732751
1403638191845096960.000000,0.000000,0.000000,19.323959,6.799267,0.159458,0.148642,18.512875,0.168003,44.333281
1403638191895097088.000000,0.000000,0.000000,13.228735,5.993879,0.133634,0.125186,18.669262,2.923626,38.434571
1403638191945096960.000000,0.000000,0.000000,13.708390,5.858933,0.167747,0.215651,19.943776,0.192483,39.875456
1403638191995097088.000000,0.000000,0.000000,14.147852,5.013416,0.171522,0.174626,18.770768,0.186754,37.649280
1403638192045096960.000000,0.000000,0.000000,15.464992,4.744676,0.189059,0.173922,19.024819,0.195267,39.595196
1403638192095097088.000000,0.000000,0.000000,13.406594,6.358172,0.169858,0.133026,18.017765,0.212611,40.359624
1403638192145096960.000000,0.000000,0.000000,18.168871,5.491504,0.135106,0.179779,19.478841,0.122754,41.279413
1403638192195097088.000000,0.000000,0.000000,13.892200,7.656142,0.164770,0.157282,19.063923,0.120194,42.293475
1403638192245096960.000000,0.000000,0.000000,14.983800,8.250968,0.182403,0.176579,18.461419,2.959243,44.150974
1403638192295097088.000000,0.000000,0.000000,15.165915,5.340269,0.175810,0.161315,20.036161,0.264964,40.198949
1403638192345096960.000000,0.000000,0.000000,14.107564,8.430682,0.187011,0.169635,19.330423,0.157410,40.939632
1403638192395097088.000000,0.000000,0.000000,13.572836,6.033943,0.181218,0.162115,18.544332,0.182338,37.776002
1403638192445096960.000000,0.000000,0.000000,14.794677,6.288090,0.176963,0.148290,17.698272,0.178114,41.681115
1403638192495097088.000000,0.000000,0.000000,14.099212,5.669458,0.146690,0.128226,17.314714,0.232515,40.279846
1403638192545096960.000000,0.000000,0.000000,13.617477,6.887396,0.167650,0.149474,18.262920,3.031308,37.488126
1403638192595097088.000000,0.000000,0.000000,13.329792,9.366727,0.162754,0.138050,19.569979,0.276388,42.881196
1403638192645096960.000000,0.000000,0.000000,14.608179,6.105113,0.195874,0.120641,18.713775,0.143042,39.193078
1403638192695097088.000000,0.000000,0.000000,13.727206,6.908932,0.167810,0.138754,18.757967,0.161122,40.403592
1403638192745096960.000000,0.000000,0.000000,14.777557,8.874881,0.096193,0.146754,19.447738,0.162339,42.080160
1403638192795097088.000000,0.000000,0.000000,15.227132,9.363272,0.162179,0.075809,17.517149,2.898698,44.019164
1403638192845096960.000000,0.000000,0.000000,16.062728,8.104149,0.187330,0.201027,19.541339,0.245796,43.425203
1403638192895097088.000000,0.000000,0.000000,15.389054,8.775455,0.183106,0.138882,17.339002,0.146018,43.240945
1403638192945096960.000000,0.000000,0.000000,14.367888,8.421882,0.164866,0.141378,18.411722,0.174530,40.114019
1403638192995097088.000000,0.000000,0.000000,16.495950,10.729563,0.170435,0.072097,18.380874,2.635783,47.657233
1403638193045096960.000000,0.000000,0.000000,16.483023,9.121636,0.141954,0.197923,20.083042,0.172835,46.310589
1403638193095097088.000000,0.000000,0.000000,17.215545,8.748350,0.131554,0.139970,17.411836,0.148866,45.661204
1403638193145096960.000000,0.000000,0.000000,17.679264,9.084995,0.136642,0.137346,18.495243,0.162466,46.836005
1403638193195097088.000000,0.000000,0.000000,15.004825,6.029239,0.124034,0.125730,17.667167,2.609734,37.804419
1403638193245096960.000000,0.000000,0.000000,23.469299,6.111737,0.072993,0.202947,20.390503,0.193026,44.610565
1403638193295097088.000000,0.000000,0.000000,15.895782,6.124248,0.141410,0.148323,18.762063,0.149827,37.977893
1403638193345096960.000000,0.000000,0.000000,17.207641,5.920310,0.138658,0.160226,19.923552,0.176515,42.527527
1403638193395097088.000000,0.000000,0.000000,15.839781,6.374012,0.147330,0.132162,18.274920,0.234244,41.091314
1403638193445096960.000000,0.000000,0.000000,17.731584,7.063463,0.131457,0.168995,19.548602,0.111394,41.153011
1403638193495097088.000000,0.000000,0.000000,16.608784,5.880725,0.124865,0.161890,18.589773,2.800264,37.541535
1403638193545096960.000000,0.000000,0.000000,15.291869,6.038391,0.138786,0.176003,19.880991,0.270468,36.099946
1403638193595097088.000000,0.000000,0.000000,14.842294,5.846965,0.151234,0.157346,18.595181,0.149890,36.130474
1403638193645096960.000000,0.000000,0.000000,14.022635,6.302683,0.163970,0.143298,16.948949,0.168611,35.260094
1403638193695097088.000000,0.000000,0.000000,17.461789,6.368252,0.199395,0.132578,17.716032,0.180514,41.963327
1403638193745096960.000000,0.000000,0.000000,14.240302,8.271992,0.169795,0.137154,18.026180,2.522341,43.313298
1403638193795097088.000000,0.000000,0.000000,14.684628,9.915600,0.176514,0.186050,20.024226,0.212483,45.423921
1403638193845096960.000000,0.000000,0.000000,15.702211,9.410824,0.162243,0.134722,18.186119,0.172035,47.143497
1403638193895097088.000000,0.000000,0.000000,16.364236,9.683468,0.165570,0.150658,18.612877,0.190403,46.453311
1403638193945096960.000000,0.000000,0.000000,22.599591,9.053955,0.169186,0.134370,18.465003,2.815593,52.445910
1403638193995097088.000000,0.000000,0.000000,14.175181,8.631389,0.186435,0.172898,18.769232,0.326981,44.539491
1403638194045096960.000000,0.000000,0.000000,19.659869,9.881743,0.197059,0.144130,19.544059,0.167938,50.685372
1403638194095097088.000000,0.000000,0.000000,16.141865,8.630493,0.168290,0.136514,19.192149,0.168610,45.675444
1403638194145096960.000000,0.000000,0.000000,14.907832,8.861792,0.176323,0.095265,18.279624,3.532723,45.356688
1403638194195097088.000000,0.000000,0.000000,15.819397,8.800640,0.202019,0.051873,14.469649,0.106753,47.543407
1403638194245096960.000000,0.000000,0.000000,15.617442,10.516728,0.162659,0.121154,15.513568,0.177826,48.310778
1403638194295097088.000000,0.000000,0.000000,16.207594,10.432951,0.079009,0.114049,15.497344,0.209443,47.718994
1403638194345096960.000000,0.000000,0.000000,15.273596,9.517993,0.187298,0.055073,12.704216,2.764744,46.664451
1403638194395097088.000000,0.000000,0.000000,14.139116,8.859744,0.187139,0.054529,14.485585,0.113057,45.206125
1403638194445096960.000000,0.000000,0.000000,16.755506,8.600828,0.198275,0.110753,15.364062,0.196067,48.040438
1403638194495097088.000000,0.000000,0.000000,15.191451,9.279494,0.192419,0.113442,14.835510,0.192739,47.246315
1403638194545096960.000000,0.000000,0.000000,14.610067,8.646845,0.186402,0.090114,13.075837,3.113709,44.944074
1403638194595097088.000000,0.000000,0.000000,17.301626,8.874560,0.175234,0.055968,14.053516,0.119074,49.435531
1403638194645096960.000000,0.000000,0.000000,18.394538,9.399368,0.189442,0.106498,14.513841,0.201859,51.388647
1403638194695097088.000000,0.000000,0.000000,16.754578,8.545307,0.192547,0.102913,14.188429,0.170914,44.892009
1403638194745096960.000000,0.000000,0.000000,16.185770,8.407386,0.199971,0.072449,12.701976,4.196540,45.147564
1403638194795097088.000000,0.000000,0.000000,16.160297,8.401114,0.211843,0.059233,13.608740,0.111266,46.730403
1403638194845096960.000000,0.000000,0.000000,15.749763,7.760689,0.197667,0.108034,15.369182,0.207907,45.829719
1403638194895097088.000000,0.000000,0.000000,16.032200,7.983667,0.097089,0.100898,15.138874,0.191171,45.730965
1403638194945096960.000000,0.000000,0.000000,15.580129,7.705871,0.199555,0.078337,11.986573,0.084322,44.599140
1403638194995097088.000000,0.000000,0.000000,15.719203,8.157942,0.189187,0.100705,17.454524,4.471137,46.012089
1403638195045096960.000000,0.000000,0.000000,14.219630,8.268919,0.183426,0.059681,18.588141,0.117826,44.596292
1403638195095097088.000000,0.000000,0.000000,15.795332,7.817585,0.197699,0.112706,17.125208,0.175843,45.631124
1403638195145096960.000000,0.000000,0.000000,17.211545,7.913074,0.236099,0.094305,17.491421,0.180546,46.731108
1403638195195097088.000000,0.000000,0.000000,15.503744,7.536237,0.232580,0.091233,14.475026,4.551810,46.842757
1403638195245096960.000000,0.000000,0.000000,15.663618,8.215062,0.202755,0.156386,17.591519,0.164771,46.083610
1403638195295097088.000000,0.000000,0.000000,16.515631,7.641999,0.233763,0.112609,16.838420,0.189538,44.776007
1403638195345096960.000000,0.000000,0.000000,17.607006,8.154166,0.191267,0.088065,16.234634,0.175619,47.491950
1403638195395097088.000000,0.000000,0.000000,17.522205,9.812654,0.193827,0.082849,16.152553,4.140572,51.799309
1403638195445096960.000000,0.000000,0.000000,16.845107,7.679439,0.101889,0.141602,18.574797,0.159938,47.090633
1403638195495097088.000000,0.000000,0.000000,15.554208,7.706128,0.202531,0.108065,19.248118,0.197795,44.917993
1403638195545096960.000000,0.000000,0.000000,17.055158,8.254968,0.203203,0.091361,18.477451,0.171394,48.133656
1403638195595097088.000000,0.000000,0.000000,16.647825,7.727343,0.217411,0.048224,16.645713,3.848024,48.967204
1403638195645096960.000000,0.000000,0.000000,17.168600,8.492666,0.246531,0.148802,20.548137,0.168514,49.226888
1403638195695097088.000000,0.000000,0.000000,17.300314,7.958483,0.253283,0.098401,17.860322,0.178691,49.018436
1403638195745096960.000000,0.000000,0.000000,17.097976,7.518476,0.236739,0.086049,17.464540,0.190147,47.341452
1403638195795097088.000000,0.000000,0.000000,17.847745,8.350040,0.212163,0.071329,15.759012,4.032282,47.582576
1403638195845096960.000000,0.000000,0.000000,17.114775,9.292902,0.194786,0.137282,18.379082,0.170722,52.099185
1403638195895097088.000000,0.000000,0.000000,16.671313,7.603150,0.287364,0.092769,16.973077,0.174275,48.700768
1403638195945096960.000000,0.000000,0.000000,19.118100,7.900274,0.210595,0.086946,18.050564,0.167491,49.528524
1403638195995097088.000000,0.000000,0.000000,17.616574,8.540444,0.203395,0.069921,14.992505,3.312784,48.389563
1403638196045096960.000000,0.000000,0.000000,18.960818,7.811088,0.188418,0.116673,17.334587,0.152162,50.171573
1403638196095097088.000000,0.000000,0.000000,18.411370,8.409850,0.081313,0.093729,17.212185,0.160194,52.872668
1403638196145096960.000000,0.000000,0.000000,16.478382,8.258072,0.192067,0.087426,15.670210,0.173634,46.795428
1403638196195097088.000000,0.000000,0.000000,16.253611,5.757428,0.225027,0.071681,16.163370,5.063273,42.486534
1403638196245096960.000000,0.000000,0.000000,16.854068,5.704562,0.212707,0.139106,20.385191,0.172290,42.050975
1403638196295097088.000000,0.000000,0.000000,16.639057,5.570416,0.186146,0.113538,19.095316,0.184259,40.335207
1403638196345096960.000000,0.000000,0.000000,18.427531,7.297193,0.194531,0.093537,15.993159,0.145314,51.506920
1403638196395097088.000000,0.000000,0.000000,17.181240,8.085365,0.187235,0.095873,17.325787,3.555188,48.438172
1403638196445096960.000000,0.000000,0.000000,16.665073,6.229754,0.217091,0.149955,18.879953,0.225443,44.810599
1403638196495097088.000000,0.000000,0.000000,17.407740,5.826484,0.206979,0.115266,18.113062,0.167394,43.358387
1403638196545096960.000000,0.000000,0.000000,21.054097,5.643377,0.199779,0.103554,17.806561,0.169698,44.460355
1403638196595097088.000000,0.000000,0.000000,17.625182,7.219433,0.192867,0.079553,16.642225,2.720648,49.712078
1403638196645096960.000000,0.000000,0.000000,16.317547,7.249481,0.205891,0.141186,18.140614,0.220451,46.046361
1403638196695097088.000000,0.000000,0.000000,17.683999,5.624529,0.106018,0.108225,17.859426,0.153186,44.352193
1403638196745096960.000000,0.000000,0.000000,18.498828,7.171015,0.230051,0.099554,16.376781,0.173699,49.010852
1403638196795097088.000000,0.000000,0.000000,22.361027,7.158984,0.207491,0.103361,17.423451,3.147789,52.898972
1403638196845096960.000000,0.000000,0.000000,18.127654,6.437501,0.226947,0.148834,19.623068,0.203427,48.812418
1403638196895097088.000000,0.000000,0.000000,16.681233,6.997094,0.250500,0.115265,19.111221,0.162914,47.244554
1403638196945096960.000000,0.000000,0.000000,17.735840,7.798832,0.206243,0.109762,18.340617,0.170722,48.836065
1403638196995097088.000000,0.000000,0.000000,17.051959,7.642030,0.242692,0.103937,17.475293,2.432900,51.199491
1403638197045096960.000000,0.000000,0.000000,17.105239,7.569550,0.243459,0.132321,19.028851,0.237379,49.882385
1403638197095097088.000000,0.000000,0.000000,17.087415,7.219593,0.217539,0.105858,17.947011,0.171011,48.877762
1403638197145096960.000000,0.000000,0.000000,16.924821,7.805233,0.263588,0.100386,18.697774,0.192931,49.048229
1403638197195097088.000000,0.000000,0.000000,17.237722,7.501516,0.227875,0.101314,17.817729,0.116321,48.119224
1403638197245096960.000000,0.000000,0.000000,18.802767,8.032468,0.235875,0.109793,18.183271,2.831401,51.432903
1403638197295097088.000000,0.000000,0.000000,18.821296,9.086372,0.255524,0.134722,18.787439,0.275684,52.059056
1403638197345096960.000000,0.000000,0.000000,19.871872,7.386026,0.228963,0.116642,18.249224,0.172642,53.856042
1403638197395097088.000000,0.000000,0.000000,20.167139,7.617039,0.202243,0.108130,16.770930,0.161794,53.072767
1403638197445096960.000000,0.000000,0.000000,16.629904,7.098790,0.204579,0.082529,17.023958,0.153922,48.497533
1403638197495097088.000000,0.000000,0.000000,18.313993,7.847473,0.226916,0.062465,17.103927,2.921738,50.492922
1403638197545096960.000000,0.000000,0.000000,18.710190,8.772447,0.268100,0.153698,19.984481,0.252100,50.218038
1403638197595097088.000000,0.000000,0.000000,18.043205,7.703087,0.237764,0.109922,19.160981,0.185698,48.051926
1403638197645096960.000000,0.000000,0.000000,18.257192,7.887730,0.216771,0.108385,19.189494,0.202627,52.291060
1403638197695097088.000000,0.000000,0.000000,17.569117,7.488268,0.272900,0.105089,18.028101,0.137666,50.075155
1403638197745096960.000000,0.000000,0.000000,16.887156,7.315658,0.253316,0.068129,17.680255,3.200142,48.265242
1403638197795097088.000000,0.000000,0.000000,17.213977,7.573742,0.252131,0.159522,19.109717,0.222563,48.913378
1403638197845096960.000000,0.000000,0.000000,17.403868,7.158823,0.231876,0.117410,17.805089,0.157186,49.193191
1403638197895097088.000000,0.000000,0.000000,16.338477,8.029844,0.225923,0.128994,18.992819,0.174339,49.546380
1403638197945096960.000000,0.000000,0.000000,17.294842,8.609084,0.295492,0.079105,17.309690,0.152450,50.738270
1403638197995097088.000000,0.000000,0.000000,16.527823,6.929476,0.219203,0.108514,18.138374,3.155822,44.162270
1403638198045096960.000000,0.000000,0.000000,16.978614,7.692815,0.089249,0.145890,18.679310,0.205251,48.770945
1403638198095097088.000000,0.000000,0.000000,18.158855,7.418923,0.208867,0.106754,17.922051,0.168674,52.000272
1403638198145096960.000000,0.000000,0.000000,17.843298,7.320777,0.222915,0.097890,18.049541,0.138882,51.102051
1403638198195097088.000000,0.000000,0.000000,16.742802,7.119015,0.103873,0.094306,17.562813,0.134466,46.123322
1403638198245096960.000000,0.000000,0.000000,18.011332,7.479756,0.199778,0.110401,16.983894,3.450930,49.370601
1403638198295097088.000000,0.000000,0.000000,16.180649,7.856209,0.236547,0.058913,16.530895,0.098050,49.253576
1403638198345096960.000000,0.000000,0.000000,18.569580,8.280088,0.237091,0.116034,15.715683,0.187907,52.581400
1403638198395097088.000000,0.000000,0.000000,15.778564,7.114279,0.248643,0.098977,14.753589,0.190722,45.079948
1403638198445096960.000000,0.000000,0.000000,24.885128,8.248439,0.231779,0.087009,13.434946,0.097249,58.773042
1403638198495097088.000000,0.000000,0.000000,17.277914,7.135943,0.126722,0.110402,15.965575,2.550277,48.242073
1403638198545096960.000000,0.000000,0.000000,18.822576,7.345771,0.228708,0.054336,16.582384,0.105985,50.994017
1403638198595097088.000000,0.000000,0.000000,17.515197,7.497261,0.205411,0.099841,15.784644,0.187491,51.259397
1403638198645096960.000000,0.000000,0.000000,21.887036,7.269193,0.207619,0.104385,15.704227,0.156738,54.908217
1403638198695097088.000000,0.000000,0.000000,19.141717,6.720065,0.234691,0.091489,12.808953,0.146499,49.692431
1403638198745096960.000000,0.000000,0.000000,17.800353,6.118264,0.251364,0.109634,17.050806,2.674054,46.475872
1403638198795097088.000000,0.000000,0.000000,17.592254,7.225449,0.215267,0.050497,15.850789,0.087713,47.661873
1403638198845096960.000000,0.000000,0.000000,17.818370,6.820771,0.245059,0.109666,16.901620,0.160322,50.223382
1403638198895097088.000000,0.000000,0.000000,17.584318,6.527551,0.267108,0.106242,17.862050,0.139746,50.036435
1403638198945096960.000000,0.000000,0.000000,16.342444,6.872579,0.228739,0.112641,18.165287,3.325744,46.605473
1403638198995097088.000000,0.000000,0.000000,17.409564,6.491070,0.264420,0.161218,19.174421,0.181699,48.157976
1403638199045096960.000000,0.000000,0.000000,17.620927,7.131399,0.243300,0.132162,18.750351,0.165987,51.147299
1403638199095097088.000000,0.000000,0.000000,16.318636,6.408445,0.282116,0.126242,17.827201,0.156610,46.848325
1403638199145096960.000000,0.000000,0.000000,16.957749,7.274345,0.239363,0.101697,16.550543,3.168846,49.080645
1403638199195097088.000000,0.000000,0.000000,17.827650,7.060262,0.203203,0.159779,20.059266,0.202114,49.352105
1403638199245096960.000000,0.000000,0.000000,17.986884,7.419627,0.227076,0.128578,18.292968,0.155554,52.348212
1403638199295097088.000000,0.000000,0.000000,16.584175,5.321485,0.196259,0.124578,17.797185,0.165602,41.348565
1403638199345096960.000000,0.000000,0.000000,17.311867,5.283948,0.197347,0.125761,17.219193,3.727574,43.435827
1403638199395097088.000000,0.000000,0.000000,17.265850,5.246476,0.213251,0.159970,17.957700,0.158371,43.376467
1403638199445096960.000000,0.000000,0.000000,17.729472,5.229900,0.208323,0.139394,19.294007,0.168227,43.194097
1403638199495097088.000000,0.000000,0.000000,18.094214,5.062793,0.210275,0.139298,18.619469,0.175235,42.671049
1403638199545096960.000000,0.000000,0.000000,19.056755,5.434575,0.207811,0.122114,16.775154,0.219363,45.238414
1403638199595097088.000000,0.000000,0.000000,17.445693,5.350477,0.222275,0.134626,17.833025,0.110210,43.042894
1403638199645096960.000000,0.000000,0.000000,17.044086,5.329901,0.247588,0.137218,18.606861,3.225327,43.224753
1403638199695097088.000000,0.000000,0.000000,16.517774,5.309261,0.209219,0.122018,19.516634,0.248868,40.927631
1403638199745096960.000000,0.000000,0.000000,18.643950,5.521744,0.221603,0.101601,18.239464,0.130817,44.479651
1403638199795097088.000000,0.000000,0.000000,17.755361,5.377390,0.221955,0.130242,18.632301,0.187043,42.835851
1403638199845096960.000000,0.000000,0.000000,19.022707,5.239084,0.219043,0.122370,18.104902,0.173827,45.848886
1403638199895097088.000000,0.000000,0.000000,16.268331,5.234380,0.215460,0.102497,17.913891,3.342704,40.223814
1403638199945096960.000000,0.000000,0.000000,19.211093,5.614706,0.258436,0.160386,16.701298,0.239491,46.084154
1403638199995097088.000000,0.000000,0.000000,18.745423,5.584657,0.268964,0.114690,17.985732,0.178210,45.035115
1403638200045096960.000000,0.000000,0.000000,16.519278,5.383629,0.271843,0.116354,17.541086,0.196643,38.721200
1403638200095097088.000000,0.000000,0.000000,17.823714,6.836003,0.246820,0.097729,18.123878,0.210244,51.837869
1403638200145096960.000000,0.000000,0.000000,18.996818,7.085190,0.254916,0.115650,18.789488,3.638101,49.917841
1403638200195097088.000000,0.000000,0.000000,20.517672,5.233484,0.248547,0.147202,17.838338,0.223812,48.756960
1403638200245096960.000000,0.000000,0.000000,20.408775,7.815505,0.278244,0.113985,16.273420,0.165091,51.010945
1403638200295097088.000000,0.000000,0.000000,18.068069,6.829411,0.278821,0.105057,17.396508,0.171330,48.862914
1403638200345096960.000000,0.000000,0.000000,17.669919,6.699105,0.316389,0.094914,15.836037,0.146723,47.429486
1403638200395097088.000000,0.000000,0.000000,17.468476,6.543359,0.261059,0.070209,15.787140,3.682869,46.801861
1403638200445096960.000000,0.000000,0.000000,18.926258,7.241352,0.301861,0.160194,17.961188,0.258980,48.009493
1403638200495097088.000000,0.000000,0.000000,18.112870,6.741345,0.270404,0.121858,19.499705,0.182115,50.235734
1403638200545096960.000000,0.000000,0.000000,17.691359,6.278875,0.340324,0.134722,18.352522,0.183875,48.066646
1403638200595097088.000000,0.000000,0.000000,19.399801,6.949476,0.297572,0.113314,22.287618,3.706741,51.332485
1403638200645096960.000000,0.000000,0.000000,20.210020,7.781777,0.154018,0.164194,21.044049,0.190274,51.942383
1403638200695097088.000000,0.000000,0.000000,27.057639,8.062581,0.287301,0.138050,20.729547,0.192643,60.721198
1403638200745096960.000000,0.000000,0.000000,19.430009,7.049990,0.288900,0.135618,20.666186,0.202210,52.811643
1403638200795097088.000000,0.000000,0.000000,19.923456,7.666927,0.290340,0.130914,19.658044,3.481938,52.815035
1403638200845096960.000000,0.000000,0.000000,19.325175,7.642767,0.268164,0.190338,21.446774,0.224900,50.057620
1403638200895097088.000000,0.000000,0.000000,19.535131,7.527757,0.280036,0.131842,19.587355,0.192387,51.981071
1403638200945096960.000000,0.000000,0.000000,18.453899,7.296777,0.268387,0.136482,19.328087,0.209987,49.891889
1403638200995097088.000000,0.000000,0.000000,19.061620,7.343754,0.264388,0.124194,18.054469,0.190242,49.202055
1403638201045096960.000000,0.000000,0.000000,20.797101,8.371385,0.257220,0.117122,17.330266,5.064489,52.706649
1403638201095097088.000000,0.000000,0.000000,18.967378,6.821251,0.328164,0.206979,20.314342,0.308613,47.686865
1403638201145096960.000000,0.000000,0.000000,19.390104,6.736065,0.266916,0.140322,18.811952,0.215107,48.831714
1403638201195097088.000000,0.000000,0.000000,18.691502,6.936292,0.254467,0.131042,17.795745,0.195107,48.318202
1403638201245096960.000000,0.000000,0.000000,17.705632,7.643759,0.325188,0.126658,17.549886,0.198499,46.447711
1403638201295097088.000000,0.000000,0.000000,20.131395,7.267113,0.286436,0.105346,16.961109,4.472448,53.812681
1403638201345096960.000000,0.000000,0.000000,19.795518,7.582317,0.300068,0.178722,17.981412,0.207843,53.527334
1403638201395097088.000000,0.000000,0.000000,20.326438,8.343353,0.137890,0.152898,18.561164,0.189731,53.500454
1403638201445096960.000000,0.000000,0.000000,19.366968,6.963557,0.129153,0.122722,15.079706,0.164258,46.096155
1403638201495097088.000000,0.000000,0.000000,19.802814,6.971205,0.297156,0.112770,13.960137,0.187075,52.799611
1403638201545096960.000000,0.000000,0.000000,18.289993,8.107957,0.291396,0.070113,14.633972,4.656996,50.835679
1403638201595097088.000000,0.000000,0.000000,25.517617,8.177942,0.259459,0.065985,16.645168,0.129186,57.482111
1403638201645096960.000000,0.000000,0.000000,18.356106,7.753424,0.244388,0.144866,16.864051,0.153826,49.333641
1403638201695097088.000000,0.000000,0.000000,19.341144,7.504428,0.247491,0.134562,17.787745,0.205379,51.537897
1403638201745096960.000000,0.000000,0.000000,18.438474,7.344106,0.272196,0.125122,18.149702,0.199683,49.212807
1403638201795097088.000000,0.000000,0.000000,18.765167,7.525421,0.104385,0.125954,15.970375,4.820998,49.596396
1403638201845096960.000000,0.000000,0.000000,19.377560,7.177864,0.279556,0.176547,18.032548,0.196355,46.881381
1403638201895097088.000000,0.000000,0.000000,19.614332,7.213832,0.265892,0.122625,17.750145,0.196483,52.562584
1403638201945096960.000000,0.000000,0.000000,18.516972,8.344441,0.300548,0.109698,17.180920,0.187331,52.378005
1403638201995097088.000000,0.000000,0.000000,19.708797,6.999525,0.258051,0.091777,14.375408,0.170338,51.742956
1403638202045096960.000000,0.000000,0.000000,18.447562,7.521549,0.247331,0.103041,15.749028,6.822306,49.853201
1403638202095097088.000000,0.000000,0.000000,19.200502,7.209256,0.271716,0.201731,17.818082,0.234563,51.451432
1403638202145096960.000000,0.000000,0.000000,18.893649,7.424940,0.318533,0.134914,18.255944,0.209507,50.932064
1403638202195097088.000000,0.000000,0.000000,18.492780,7.111526,0.274628,0.116770,16.629328,0.181219,49.033957
1403638202245096960.000000,0.000000,0.000000,19.832767,7.393227,0.129058,0.093090,18.049189,0.175427,51.572650
1403638202295097088.000000,0.000000,0.000000,18.559404,7.014406,0.309348,0.108162,16.517422,7.447660,48.664767
1403638202345096960.000000,0.000000,0.000000,19.817151,7.363690,0.263459,0.206115,18.707151,0.271684,53.356419
1403638202395097088.000000,0.000000,0.000000,20.278853,7.367786,0.307237,0.127457,18.707951,0.204707,51.935983
1403638202445096960.000000,0.000000,0.000000,20.096771,8.267703,0.270692,0.120578,18.097350,0.198691,52.231155
1403638202495097088.000000,0.000000,0.000000,17.366203,6.995109,0.272580,0.098466,17.503421,0.188835,46.492672
1403638202545096960.000000,0.000000,0.000000,18.919697,7.407564,0.260547,0.117090,18.572557,6.207130,48.825058
1403638202595097088.000000,0.000000,0.000000,17.639071,7.136519,0.270308,0.202371,19.552731,0.282052,49.823248
1403638202645096960.000000,0.000000,0.000000,19.671516,7.860049,0.315173,0.128514,17.381755,0.174594,53.187681
1403638202695097088.000000,0.000000,0.000000,18.640334,7.988435,0.271204,0.121442,18.319881,0.214179,51.621515
1403638202745096960.000000,0.000000,0.000000,18.085029,8.679677,0.125122,0.117538,17.577246,0.149762,51.763340
1403638202795097088.000000,0.000000,0.000000,16.634257,7.457996,0.114465,0.119233,17.723808,5.550481,47.696497
1403638202845096960.000000,0.000000,0.000000,15.843013,8.122101,0.271556,0.215043,20.543241,0.216899,49.887761
1403638202895097088.000000,0.000000,0.000000,19.412249,8.284055,0.123490,0.149474,20.675179,0.229315,52.332884
1403638202945096960.000000,0.000000,0.000000,17.077207,7.818961,0.318244,0.141602,19.581051,0.215427,48.266393
1403638202995097088.000000,0.000000,0.000000,19.154069,7.361354,0.129442,0.116513,17.946980,0.186051,51.340006
1403638203045096960.000000,0.000000,0.000000,16.199434,7.508653,0.239011,0.150466,19.255190,5.097930,46.473248
1403638203095097088.000000,0.000000,0.000000,18.821680,7.385738,0.241571,0.217155,19.970624,0.240227,52.732890
1403638203145096960.000000,0.000000,0.000000,17.665503,8.002131,0.303524,0.148930,18.765327,0.161602,49.867985
1403638203195097088.000000,0.000000,0.000000,15.972198,7.585485,0.312133,0.142499,18.774447,0.166658,45.873623
1403638203245096960.000000,0.000000,0.000000,16.064457,7.147783,0.245156,0.146370,18.694062,0.188547,44.989866
1403638203295097088.000000,0.000000,0.000000,17.760705,7.844338,0.254883,0.141890,17.907715,5.033737,48.559294
1403638203345096960.000000,0.000000,0.000000,16.939157,6.541727,0.255171,0.216387,19.450714,0.229667,48.917027
1403638203395097088.000000,0.000000,0.000000,18.389738,7.286858,0.270980,0.153219,18.993330,0.212163,47.598832
1403638203445096960.000000,0.000000,0.000000,16.460718,5.934358,0.296644,0.146274,18.896081,0.209923,44.450178
1403638203495097088.000000,0.000000,0.000000,21.766171,5.989142,0.278980,0.144483,18.052997,0.140226,48.021942
1403638203545096960.000000,0.000000,0.000000,18.204935,5.688178,0.242020,0.142914,18.577901,4.862886,42.527398
1403638203595097088.000000,0.000000,0.000000,16.434094,6.551646,0.283460,0.205475,20.298789,0.215139,46.507584
1403638203645096960.000000,0.000000,0.000000,18.083333,7.668943,0.247204,0.141890,17.434300,0.180899,47.697073
1403638203695097088.000000,0.000000,0.000000,20.070530,5.747155,0.250468,0.147810,18.693166,0.193603,47.225866
1403638203745096960.000000,0.000000,0.000000,18.386122,5.703154,0.232515,0.115586,17.933123,0.169570,45.142701
1403638203795097088.000000,0.000000,0.000000,17.278233,5.437646,0.283876,0.159650,18.068133,5.303117,40.979120
1403638203845096960.000000,0.000000,0.000000,18.542156,5.758740,0.262660,0.228772,20.148195,0.250020,48.996004
1403638203895097088.000000,0.000000,0.000000,17.932259,6.748098,0.283173,0.146210,17.955620,0.175042,45.651988
1403638203945096960.000000,0.000000,0.000000,19.134165,5.540528,0.237156,0.157570,20.072418,0.197763,47.207466
1403638203995097088.000000,0.000000,0.000000,18.359498,8.413241,0.279076,0.155010,19.833087,0.195491,49.923826
1403638204045096960.000000,0.000000,0.000000,18.404650,7.306186,0.273892,0.158754,18.501516,0.141730,52.324596
1403638204095097088.000000,0.000000,0.000000,16.979957,7.832850,0.293893,0.159458,18.807248,4.940391,49.663438
1403638204145096960.000000,0.000000,0.000000,24.091548,8.239319,0.238883,0.146306,19.771390,0.305380,56.645778
1403638204195097088.000000,0.000000,0.000000,18.571564,7.635119,0.284964,0.126241,17.709919,0.154146,49.512364
1403638204245096960.000000,0.000000,0.000000,19.498841,7.317161,0.280612,0.153538,17.469437,0.173059,51.520201
1403638204295097088.000000,0.000000,0.000000,16.515567,8.340249,0.279588,0.146242,18.014852,0.178082,50.409656
1403638204345096960.000000,0.000000,0.000000,18.128614,7.312106,0.230788,0.145474,23.340209,5.080810,49.337577
1403638204395097088.000000,0.000000,0.000000,18.697038,7.060518,0.276196,0.221699,19.880576,0.207139,48.960291
1403638204445096960.000000,0.000000,0.000000,19.202358,6.742594,0.297028,0.148387,19.504474,0.180963,51.922510
1403638204495097088.000000,0.000000,0.000000,18.829488,7.633454,0.285764,0.156163,18.144102,0.165251,49.668878
1403638204545096960.000000,0.000000,0.000000,19.401208,7.052966,0.264676,0.131138,18.519468,0.171906,51.286182
1403638204595097088.000000,0.000000,0.000000,19.683484,7.678479,0.283812,0.140546,15.836389,0.119650,51.576553
1403638204645096960.000000,0.000000,0.000000,19.346167,6.969733,0.093633,0.167842,19.021523,0.133314,48.308378
1403638204695097088.000000,0.000000,0.000000,22.273922,6.401501,0.278500,0.151811,19.072051,4.482113,52.044880
1403638204745096960.000000,0.000000,0.000000,18.327817,7.227656,0.278980,0.085793,21.221907,0.154626,52.464438
1403638204795097088.000000,0.000000,0.000000,22.370435,6.750145,0.310084,0.126530,14.336783,0.167874,53.901707
1403638204845096960.000000,0.000000,0.000000,18.716494,7.622030,0.124994,0.150178,15.244956,0.195554,49.311721
1403638204895097088.000000,0.000000,0.000000,18.728654,7.249929,0.104322,0.136386,17.091543,0.188899,48.713504
1403638204945096960.000000,0.000000,0.000000,19.215798,6.957029,0.253571,0.133666,15.656546,0.183555,49.091910
1403638204995097088.000000,0.000000,0.000000,18.657678,7.493324,0.240835,0.152322,16.485679,5.583153,52.662650
1403638205045096960.000000,0.000000,0.000000,17.740000,6.364732,0.286532,0.212419,19.676348,0.247172,46.170555
1403638205095097088.000000,0.000000,0.000000,18.191879,6.431773,0.299588,0.147554,17.055255,0.143778,46.510016
1403638205145096960.000000,0.000000,0.000000,18.804528,7.342762,0.227587,0.139586,19.349656,0.221283,49.171174
1403638205195097088.000000,0.000000,0.000000,19.098932,6.376412,0.250308,0.139810,18.052421,0.186563,49.158215
1403638205245096960.000000,0.000000,0.000000,19.231126,7.288105,0.255012,0.124962,17.721888,0.230883,53.893579
1403638205295097088.000000,0.000000,0.000000,20.289957,8.054580,0.220963,0.141986,18.235943,4.328254,51.872461
1403638205345096960.000000,0.000000,0.000000,19.084724,6.411485,0.209059,0.141378,19.873728,0.284996,46.905189
1403638205395097088.000000,0.000000,0.000000,20.980719,7.752752,0.195715,0.126369,19.238742,0.165187,51.364294
1403638205445096960.000000,0.000000,0.000000,21.191186,7.253225,0.216291,0.144834,17.999012,0.167651,50.036179
1403638205495097088.000000,0.000000,0.000000,20.421544,6.319579,0.241411,0.140386,18.736623,0.217539,51.343270
1403638205545096960.000000,0.000000,0.000000,20.475272,6.495166,0.235555,0.132097,23.096526,4.114108,50.190069
1403638205595097088.000000,0.000000,0.000000,24.744454,7.484268,0.117794,0.191843,21.001679,0.233188,57.161626
1403638205645096960.000000,0.000000,0.000000,28.153367,6.170841,0.265540,0.163170,20.220261,0.204867,57.951110
1403638205695097088.000000,0.000000,0.000000,21.650777,8.172342,0.263492,0.153282,20.308966,0.200419,59.384634
1403638205745096960.000000,0.000000,0.000000,19.848287,7.179624,0.222148,0.119265,18.713487,6.979909,52.115665
1403638205795097088.000000,0.000000,0.000000,20.057986,7.120903,0.253636,0.132802,20.622314,0.142691,53.449604
1403638205845096960.000000,0.000000,0.000000,21.761851,7.784177,0.247331,0.143682,17.922659,3.369105,55.639524
1403638205895097088.000000,0.000000,0.000000,19.291159,7.670031,0.249315,0.136386,20.882638,0.319909,55.390144
1403638205945096960.000000,0.000000,0.000000,20.054273,6.897956,0.240932,0.122402,18.465163,0.151554,53.890059
1403638205995097088.000000,0.000000,0.000000,21.020912,8.467131,0.241507,0.155523,18.562284,0.176834,53.332770
1403638206045096960.000000,0.000000,0.000000,19.047828,7.318697,0.268580,0.153858,19.234134,0.201699,51.125955
1403638206095097088.000000,0.000000,0.000000,19.196117,6.894692,0.259267,0.134466,17.452668,0.181987,49.328104
1403638206145096960.000000,0.000000,0.000000,17.307002,7.059494,0.242243,0.086849,18.460907,3.454706,51.539721
1403638206195097088.000000,0.000000,0.000000,18.884657,7.140583,0.263940,0.205731,19.731389,0.275268,51.874414
1403638206245096960.000000,0.000000,0.000000,19.871520,6.843619,0.226723,0.158338,18.153670,0.171683,50.946880
1403638206295097088.000000,0.000000,0.000000,19.117012,7.133287,0.248548,0.151842,19.067252,0.193859,48.821346
1403638206345096960.000000,0.000000,0.000000,19.080724,6.563679,0.245156,0.167778,19.444345,0.204003,48.365083
1403638206395097088.000000,0.000000,0.000000,19.346232,7.407115,0.193731,0.137570,20.834765,3.260399,53.082719
1403638206445096960.000000,0.000000,0.000000,18.991762,6.903588,0.173123,0.195714,20.706540,0.229027,48.386651
1403638206495097088.000000,0.000000,0.000000,19.657436,6.822242,0.196387,0.166531,20.746188,0.225859,50.800638
1403638206545096960.000000,0.000000,0.000000,19.249238,5.270348,0.179171,0.154210,20.981680,0.205827,45.188109
1403638206595097088.000000,0.000000,0.000000,25.105611,5.525584,0.097186,0.114050,20.126371,0.184483,50.076916
1403638206645096960.000000,0.000000,0.000000,20.623818,5.162123,0.232899,0.101441,19.926817,3.859384,50.144949
1403638206695097088.000000,0.000000,0.000000,19.953248,6.797955,0.103649,0.221219,21.292692,0.246019,49.008484
1403638206745096960.000000,0.000000,0.000000,16.960725,6.686113,0.118721,0.143906,20.031234,0.190531,45.613619
1403638206795097088.000000,0.000000,0.000000,19.325431,7.215272,0.262596,0.141794,20.307014,0.213091,49.523788
1403638206845096960.000000,0.000000,0.000000,18.630861,7.454636,0.246244,0.151651,19.878239,0.180098,48.676767
1403638206895097088.000000,0.000000,0.000000,18.258728,7.441804,0.272675,0.130882,17.708992,3.685846,49.931217
1403638206945096960.000000,0.000000,0.000000,17.496637,6.375068,0.254500,0.194307,19.844223,0.200707,47.046088
1403638206995097088.000000,0.000000,0.000000,19.240246,7.071206,0.216131,0.160354,19.000563,0.165122,49.342153
1403638207045096960.000000,0.000000,0.000000,19.092724,8.763423,0.125154,0.143490,15.042266,0.192963,50.250199
1403638207095097088.000000,0.000000,0.000000,19.036500,6.989669,0.229251,0.136866,15.300573,0.103041,45.578162
1403638207145096960.000000,0.000000,0.000000,16.892084,8.808991,0.212035,0.072098,13.646405,2.621478,53.038591
1403638207195097088.000000,0.000000,0.000000,18.434283,7.960083,0.237508,0.049057,15.251004,0.101569,49.760751
1403638207245096960.000000,0.000000,0.000000,19.220470,7.201896,0.244003,0.132226,16.763570,0.187715,50.542842
1403638207295097088.000000,0.000000,0.000000,17.390716,7.142183,0.250787,0.140834,17.851778,0.128418,45.630931
1403638207345096960.000000,0.000000,0.000000,19.643868,7.626542,0.281029,0.131873,18.395626,0.160642,58.474477
1403638207395097088.000000,0.000000,0.000000,17.238906,8.674749,0.257699,0.135138,17.719456,3.262191,53.938284
1403638207445096960.000000,0.000000,0.000000,17.395355,7.707983,0.287492,0.173250,20.082626,0.209315,49.185511
1403638207495097088.000000,0.000000,0.000000,17.041558,7.903827,0.283460,0.134402,18.380393,0.154306,49.354186
1403638207545096960.000000,0.000000,0.000000,18.829040,7.604590,0.234147,0.122274,16.249675,0.201219,48.562269
1403638207595097088.000000,0.000000,0.000000,19.293431,7.189416,0.226820,0.113410,15.837637,0.140610,55.123901
1403638207645096960.000000,0.000000,0.000000,18.453547,7.686767,0.253699,0.056321,13.298784,0.111778,55.876232
1403638207695097088.000000,0.000000,0.000000,18.819024,7.093606,0.281892,0.065312,17.248986,3.501939,51.111843
1403638207745096960.000000,0.000000,0.000000,18.806416,7.480813,0.240739,0.052384,17.230649,0.105697,49.088902
1403638207795097088.000000,0.000000,0.000000,18.430058,6.973989,0.214788,0.109346,17.357531,0.140706,49.246376
1403638207845096960.000000,0.000000,0.000000,22.498661,7.600622,0.278564,0.095970,17.518525,0.140835,52.797083
1403638207895097088.000000,0.000000,0.000000,18.383722,8.138389,0.311525,0.087137,18.171719,0.152131,54.909114
1403638207945096960.000000,0.000000,0.000000,19.074004,6.986629,0.275652,0.109058,17.785153,4.121820,52.656665
1403638207995097088.000000,0.000000,0.000000,18.849584,7.423244,0.257284,0.125794,20.582505,0.162083,53.004542
1403638208045096960.000000,0.000000,0.000000,21.232627,7.206120,0.210339,0.093889,18.935986,0.180130,53.450244
1403638208095097088.000000,0.000000,0.000000,24.695525,7.591758,0.282596,0.080353,18.052293,0.159682,55.716485
1403638208145096960.000000,0.000000,0.000000,19.878143,7.738224,0.227651,0.055841,16.822387,0.144322,57.412734
1403638208195097088.000000,0.000000,0.000000,21.903837,7.270057,0.264484,0.073729,16.435438,6.752802,55.015675
1403638208245096960.000000,0.000000,0.000000,18.528812,7.402443,0.234755,0.163522,17.991940,0.179299,50.081012
1403638208295097088.000000,0.000000,0.000000,19.368920,8.662685,0.098529,0.092546,17.262937,0.186019,52.145330
1403638208345096960.000000,0.000000,0.000000,18.037573,7.053670,0.115617,0.072129,16.343596,0.196259,49.103270
1403638208395097088.000000,0.000000,0.000000,20.102467,7.988115,0.105249,0.067585,16.698226,0.156546,56.172588
1403638208445096960.000000,0.000000,0.000000,19.062003,7.211304,0.263203,0.059265,15.251901,4.611107,51.057634
1403638208495097088.000000,0.000000,0.000000,19.015091,6.844515,0.235075,0.133858,18.861521,0.181890,49.581421
1403638208545096960.000000,0.000000,0.000000,19.578331,6.910276,0.243812,0.081409,17.063223,0.168770,50.968705
1403638208595097088.000000,0.000000,0.000000,19.248247,6.964292,0.217252,0.074817,16.537903,0.159842,49.582733
1403638208645096960.000000,0.000000,0.000000,18.662381,7.119367,0.267780,0.064353,17.818850,0.132834,54.292593
1403638208695097088.000000,0.000000,0.000000,23.677046,8.407706,0.097505,0.062529,17.795297,6.018679,57.269724
1403638208745096960.000000,0.000000,0.000000,20.648555,6.722977,0.271972,0.138050,21.460055,0.155555,48.653919
1403638208795097088.000000,0.000000,0.000000,19.879200,7.684911,0.104929,0.103969,20.693996,0.174819,51.633386
1403638208845096960.000000,0.000000,0.000000,17.563134,7.183080,0.208931,0.105217,19.452953,0.176643,54.402066
1403638208895097088.000000,0.000000,0.000000,19.198741,8.704318,0.285444,0.104930,19.597819,0.131521,56.338446
1403638208945096960.000000,0.000000,0.000000,20.599690,6.797410,0.263716,0.093506,19.709756,3.807127,52.288212
1403638208995097088.000000,0.000000,0.000000,19.499322,7.023814,0.277156,0.158595,22.157984,0.181730,49.902001
1403638209045096960.000000,0.000000,0.000000,21.018351,6.998213,0.243492,0.132770,21.294516,0.187523,53.533765
1403638209095097088.000000,0.000000,0.000000,22.119136,7.734832,0.112418,0.124482,18.135398,0.172962,54.900698
1403638209145096960.000000,0.000000,0.000000,18.624877,7.171080,0.094722,0.117794,17.791809,0.156962,49.483115
1403638209195097088.000000,0.000000,0.000000,19.224182,7.690224,0.242628,0.108289,18.533452,3.836695,55.659460
1403638209245096960.000000,0.000000,0.000000,20.331430,7.012229,0.255492,0.173603,18.459659,0.208259,52.604537
1403638209295097088.000000,0.000000,0.000000,20.060802,6.789506,0.119842,0.162882,20.324805,0.165090,50.161717
1403638209345096960.000000,0.000000,0.000000,21.736603,8.112789,0.108321,0.153410,21.089649,0.196931,52.879869
1403638209395097088.000000,0.000000,0.000000,22.409604,7.459179,0.107393,0.139874,18.804848,0.127714,53.117120
1403638209445096960.000000,0.000000,0.000000,19.917920,6.968677,0.099457,0.146755,20.977743,0.127714,60.320776
1403638209495097088.000000,0.000000,0.000000,20.771756,8.985282,0.117634,0.147170,21.209266,0.117698,55.108828
1403638209545096960.000000,0.000000,0.000000,19.937408,7.183464,0.230787,0.151331,23.075917,0.123522,52.186578
1403638209595097088.000000,0.000000,0.000000,20.683466,6.788834,0.279588,0.142306,21.087793,0.125377,50.996289
1403638209645096960.000000,0.000000,0.000000,19.987296,7.094630,0.253347,0.143362,21.684730,3.475410,56.797045
1403638209695097088.000000,0.000000,0.000000,20.820557,5.298956,0.262852,0.149506,20.776044,0.284420,46.985319
1403638209745096960.000000,0.000000,0.000000,22.024862,8.214646,0.194627,0.140130,20.102243,0.166306,54.849881
1403638209795097088.000000,0.000000,0.000000,21.147378,8.637084,0.192035,0.145954,20.907566,0.195651,58.389804
1403638209845096960.000000,0.000000,0.000000,21.540343,8.091029,0.190594,0.130786,20.045890,0.153987,56.336430
1403638209895097088.000000,0.000000,0.000000,21.607065,5.782675,0.207587,0.110850,20.046658,0.152419,47.557071
1403638209945096960.000000,0.000000,0.000000,21.442582,5.362318,0.215843,0.075457,21.308884,2.565317,47.715314
1403638209995097088.000000,0.000000,0.000000,21.693114,5.441999,0.110466,0.172706,22.565031,0.258531,49.751983
1403638210045096960.000000,0.000000,0.000000,22.499397,6.377372,0.201891,0.148226,22.025919,0.187298,49.749263
1403638210095097088.000000,0.000000,0.000000,22.186593,8.081045,0.256772,0.134338,21.283859,0.160770,57.332157
1403638210145096960.000000,0.000000,0.000000,21.915228,7.642479,0.234243,0.141026,22.417316,0.173826,54.843192
1403638210195097088.000000,0.000000,0.000000,22.855851,7.272169,0.230275,0.134818,21.965950,0.128354,51.905774
1403638210245096960.000000,0.000000,0.000000,22.078719,6.842691,0.232644,0.098785,21.906045,2.455427,53.835690
1403638210295097088.000000,0.000000,0.000000,20.437095,6.947941,0.102721,0.135522,22.632231,0.269252,50.788702
1403638210345096960.000000,0.000000,0.000000,23.060493,7.568717,0.236740,0.128674,21.208851,0.153379,53.471525
1403638210395097088.000000,0.000000,0.000000,20.706827,7.616014,0.216675,0.138594,20.564617,0.157506,56.209869
1403638210445096960.000000,0.000000,0.000000,20.767372,6.756322,0.255396,0.142050,21.067152,0.188387,52.834268
1403638210495097088.000000,0.000000,0.000000,19.094804,7.230792,0.237892,0.137026,19.965792,0.136322,50.904832
1403638210545096960.000000,0.000000,0.000000,20.833934,7.017989,0.236227,0.077762,21.139281,0.104225,51.073122
1403638210595097088.000000,0.000000,0.000000,21.993406,9.279494,0.254820,0.163522,20.669931,0.102497,55.400321
1403638210645096960.000000,0.000000,0.000000,20.535273,7.638318,0.279556,0.154786,20.481192,2.045725,60.522635
1403638210695097088.000000,0.000000,0.000000,20.706315,7.069126,0.253220,0.143874,21.389557,0.275204,54.168815
1403638210745096960.000000,0.000000,0.000000,21.040593,7.004869,0.254244,0.165090,21.333301,0.165091,54.218096
1403638210795097088.000000,0.000000,0.000000,20.880206,6.944196,0.281028,0.144418,20.754476,0.170787,54.080109
1403638210845096960.000000,0.000000,0.000000,20.270885,7.079526,0.240324,0.148930,20.513353,0.184162,63.998493
1403638210895097088.000000,0.000000,0.000000,21.986462,7.240392,0.239587,0.144610,21.574808,0.151330,54.727991
1403638210945096960.000000,0.000000,0.000000,20.306213,9.417192,0.255747,0.145442,20.634378,2.046333,56.043050
1403638210995097088.000000,0.000000,0.000000,21.896508,7.496140,0.278180,0.176931,21.566167,0.163107,55.771846
1403638211045096960.000000,0.000000,0.000000,20.553513,7.094694,0.297924,0.168546,22.008094,0.177859,51.552073
1403638211095097088.000000,0.000000,0.000000,20.704331,6.905444,0.304260,0.155234,21.517239,0.160035,51.633706
1403638211145096960.000000,0.000000,0.000000,22.189313,7.745296,0.247652,0.157346,21.792123,0.164098,54.762167
1403638211195097088.000000,0.000000,0.000000,23.097806,7.468364,0.219972,0.149858,22.483205,0.139394,53.309187
1403638211245096960.000000,0.000000,0.000000,22.458597,7.642831,0.289380,0.108897,20.899982,1.773914,57.061753
1403638211295097088.000000,0.000000,0.000000,21.551736,7.122439,0.287717,0.139010,21.632345,0.247076,53.886315
1403638211345096960.000000,0.000000,0.000000,22.992941,6.889027,0.299493,0.114209,20.507497,0.143010,53.285474
1403638211395097088.000000,0.000000,0.000000,19.242358,7.638351,0.094114,0.150018,21.526231,0.169634,51.673995
1403638211445096960.000000,0.000000,0.000000,18.940146,7.354410,0.269764,0.152802,21.160050,0.172354,51.359558
1403638211495097088.000000,0.000000,0.000000,18.950226,7.328362,0.296228,0.124834,20.521865,0.128577,55.553699
1403638211545096960.000000,0.000000,0.000000,21.179986,9.087076,0.312676,0.084065,21.457974,1.978172,56.900598
1403638211595097088.000000,0.000000,0.000000,21.928221,7.228841,0.316389,0.188963,23.483667,0.384326,55.790759
1403638211645096960.000000,0.000000,0.000000,19.981601,8.034036,0.259684,0.169795,24.192893,0.205507,54.606422
1403638211695097088.000000,0.000000,0.000000,20.396391,7.468780,0.273764,0.154274,23.334994,0.179459,60.454826
1403638211745096960.000000,0.000000,0.000000,20.045666,7.532141,0.262180,0.168227,22.299970,0.180035,56.711476
1403638211795097088.000000,0.000000,0.000000,21.635769,7.207048,0.327364,0.157826,25.940919,0.219587,56.104363
1403638211845096960.000000,0.000000,0.000000,23.186735,7.862065,0.251652,0.132770,22.328130,1.911067,56.916278
1403638211895097088.000000,0.000000,0.000000,20.898607,7.510988,0.254883,0.174050,23.762744,0.295524,54.430450
1403638211945096960.000000,0.000000,0.000000,21.713626,7.676431,0.217603,0.138754,23.821976,0.189635,54.702838
1403638211995097088.000000,0.000000,0.000000,22.395555,7.154663,0.196483,0.165379,24.105980,0.251140,56.146924
1403638212045096960.000000,0.000000,0.000000,20.122883,8.147030,0.213571,0.161570,23.980090,0.223523,53.783145
1403638212095097088.000000,0.000000,0.000000,18.725294,6.942628,0.243139,0.153314,21.983902,0.186275,50.454297
1403638212145096960.000000,0.000000,0.000000,21.171058,5.204811,0.207459,0.170562,22.029311,2.136479,47.391245
1403638212195097088.000000,0.000000,0.000000,22.399620,5.214028,0.223843,0.199843,22.633575,0.242596,48.255449
1403638212245096960.000000,0.000000,0.000000,21.144946,5.503887,0.237539,0.157442,23.361586,0.173762,47.774163
1403638212295097088.000000,0.000000,0.000000,20.610058,5.071689,0.240420,0.162018,22.743689,0.182306,46.025017
1403638212345096960.000000,0.000000,0.000000,20.711276,5.137546,0.212451,0.169474,23.198735,0.258052,48.680000
1403638212395097088.000000,0.000000,0.000000,22.226081,6.858627,0.242404,0.164258,23.393458,2.324866,51.827373
1403638212445096960.000000,0.000000,0.000000,24.441314,6.061623,0.240516,0.188803,22.538181,0.208899,54.447923
1403638212495097088.000000,0.000000,0.000000,20.573129,6.039095,0.236035,0.169667,23.557332,0.185347,53.301027
1403638212545096960.000000,0.000000,0.000000,21.228499,7.369994,0.238595,0.157442,22.664264,0.189891,54.328594
1403638212595097088.000000,0.000000,0.000000,20.159171,6.033847,0.231460,0.168258,19.802078,0.152866,48.523069
1403638212645096960.000000,0.000000,0.000000,21.044144,5.334285,0.324741,0.132162,21.714746,1.347219,48.991332
1403638212695097088.000000,0.000000,0.000000,21.317588,5.181291,0.234628,0.052513,18.540396,0.105025,47.798899
1403638212745096960.000000,0.000000,0.000000,20.190340,4.955592,0.227491,0.156834,19.978305,0.184930,43.458133
1403638212795097088.000000,0.000000,0.000000,20.608970,5.906678,0.282276,0.155778,20.131619,0.223940,52.271348
1403638212845096960.000000,0.000000,0.000000,19.967488,5.838036,0.318149,0.162178,20.004417,0.187043,48.728064
1403638212895097088.000000,0.000000,0.000000,22.333666,6.275610,0.275076,0.145442,21.632825,0.131170,51.852750
1403638212945096960.000000,0.000000,0.000000,19.260567,5.954262,0.300676,0.154594,19.896480,1.553911,48.044918
1403638212995097088.000000,0.000000,0.000000,23.498803,6.725474,0.343397,0.194242,22.998797,0.210627,53.741289
1403638213045096960.000000,0.000000,0.000000,18.596013,6.553311,0.276356,0.167522,23.523444,0.164802,52.331732
1403638213095097088.000000,0.000000,0.000000,20.351110,7.913331,0.343461,0.187843,22.847626,0.171938,54.925626
1403638213145096960.000000,0.000000,0.000000,17.504957,6.903940,0.292548,0.163779,23.213199,0.161250,49.860977
1403638213195097088.000000,0.000000,0.000000,18.236968,6.046263,0.316197,0.164674,21.963006,0.138882,47.874420
1403638213245096960.000000,0.000000,0.000000,19.294967,6.947876,0.308004,0.100034,22.194944,1.499094,52.121233
1403638213295097088.000000,0.000000,0.000000,17.204889,6.717761,0.279236,0.194819,21.524631,0.259460,52.387157
1403638213345096960.000000,0.000000,0.000000,17.230137,6.740546,0.322724,0.164418,21.996222,0.132738,47.793363
1403638213395097088.000000,0.000000,0.000000,18.616909,6.512062,0.318884,0.168354,21.733402,0.149730,48.319259
1403638213445096960.000000,0.000000,0.000000,17.617855,7.935027,0.126306,0.155618,21.847900,0.163490,47.541807
1403638213495097088.000000,0.000000,0.000000,16.898581,7.398667,0.339461,0.156642,21.466903,0.126561,46.140059
1403638213545096960.000000,0.000000,0.000000,17.111864,8.061588,0.305957,0.173538,21.503063,0.097953,50.130325
1403638213595097088.000000,0.000000,0.000000,16.259435,7.690160,0.135842,0.200835,22.175648,1.365940,48.386875
1403638213645096960.000000,0.000000,0.000000,17.188889,8.355865,0.375941,0.138658,23.386162,0.287172,48.879747
1403638213695097088.000000,0.000000,0.000000,17.238393,8.221879,0.375429,0.136770,22.926220,0.175171,47.758547
1403638213745096960.000000,0.000000,0.000000,18.914738,7.884754,0.355333,0.201347,23.128558,0.190019,50.167414
1403638213795097088.000000,0.000000,0.000000,17.296890,8.097941,0.351301,0.180963,22.602215,0.187011,54.806744
1403638213845096960.000000,0.000000,0.000000,18.586221,7.804017,0.424198,0.140002,23.188111,0.147298,53.742665
1403638213895097088.000000,0.000000,0.000000,16.929332,6.906659,0.397286,0.115810,25.927318,1.904572,50.474201
1403638213945096960.000000,0.000000,0.000000,17.137176,6.722337,0.364165,0.227395,25.561170,0.204643,49.077797
1403638213995097088.000000,0.000000,0.000000,19.398457,7.730576,0.321732,0.194883,25.604114,0.171458,52.221363
1403638214045096960.000000,0.000000,0.000000,19.064691,7.282889,0.302660,0.185059,25.778965,0.180707,55.433505
1403638214095097088.000000,0.000000,0.000000,19.331960,6.891971,0.306852,0.174051,24.396448,0.161506,54.396370
1403638214145096960.000000,0.000000,0.000000,17.720256,7.086630,0.350565,0.191618,23.525812,1.508406,52.051344
1403638214195097088.000000,0.000000,0.000000,19.325367,6.887972,0.295780,0.227747,24.591044,0.236515,49.306984
1403638214245096960.000000,0.000000,0.000000,18.112549,7.573133,0.273252,0.193315,24.145565,0.195171,49.021189
1403638214295097088.000000,0.000000,0.000000,20.166212,7.562189,0.273252,0.188547,24.531554,0.205955,55.539939
1403638214345096960.000000,0.000000,0.000000,19.363031,7.615342,0.321764,0.188578,26.406782,0.190147,51.072066
1403638214395097088.000000,0.000000,0.000000,19.453273,7.924275,0.253827,0.209412,25.416175,0.126337,53.850986
1403638214445096960.000000,0.000000,0.000000,20.670571,7.929299,0.307077,0.137634,24.015323,0.120578,55.659076
1403638214495097088.000000,0.000000,0.000000,16.936629,7.108615,0.401477,0.186562,24.183966,0.127297,47.581296
1403638214545096960.000000,0.000000,0.000000,18.989747,7.290441,0.339589,0.214787,23.838808,1.660024,53.205697
1403638214595097088.000000,0.000000,0.000000,19.052755,8.581628,0.340773,0.181762,27.414956,0.272676,54.663958
1403638214645096960.000000,0.000000,0.000000,19.010675,7.653775,0.323493,0.234339,26.572512,0.178083,55.552515
1403638214695097088.000000,0.000000,0.000000,18.652685,8.112629,0.303940,0.181698,26.028089,0.203747,53.707816
1403638214745096960.000000,0.000000,0.000000,19.095924,8.329784,0.393382,0.179010,26.115706,0.188098,58.259242
1403638214795097088.000000,0.000000,0.000000,18.830417,6.716513,0.356133,0.145699,22.897963,0.149347,52.350965
1403638214845096960.000000,0.000000,0.000000,18.565420,6.631072,0.381734,0.102561,23.505396,1.536663,51.172803
1403638214895097088.000000,0.000000,0.000000,18.243015,6.999206,0.338725,0.243075,27.772114,0.251651,51.945743
1403638214945096960.000000,0.000000,0.000000,24.570724,7.528557,0.336005,0.209795,26.555424,0.213955,56.264077
1403638214995097088.000000,0.000000,0.000000,18.507660,7.268745,0.131010,0.222212,25.074218,0.208515,57.155898
1403638215045096960.000000,0.000000,0.000000,19.132117,8.466906,0.150755,0.183650,24.195582,0.149730,57.710435
1403638215095097088.000000,0.000000,0.000000,17.746721,7.035301,0.328133,0.205795,23.578197,1.324211,53.576295
1403638215145096960.000000,0.000000,0.000000,19.055092,7.948339,0.424454,0.210755,24.287999,0.288356,55.249022
1403638215195097088.000000,0.000000,0.000000,17.950435,7.727407,0.333253,0.179875,23.352817,0.206275,52.925437
1403638215245096960.000000,0.000000,0.000000,19.250870,7.102663,0.288037,0.177250,23.591221,0.203555,54.765592
1403638215295097088.000000,0.000000,0.000000,18.820944,7.363595,0.293636,0.173091,23.277520,0.161634,53.985420
1403638215345096960.000000,0.000000,0.000000,18.863920,7.101735,0.297188,0.151490,23.905593,1.693177,55.889960
1403638215395097088.000000,0.000000,0.000000,18.727246,6.729985,0.345157,0.205187,24.283295,0.277892,54.529140
1403638215445096960.000000,0.000000,0.000000,18.898514,7.623694,0.335397,0.175075,24.846695,0.190531,53.673544
1403638215495097088.000000,0.000000,0.000000,18.260007,7.271273,0.382085,0.171202,23.372690,0.176578,50.812830
1403638215545096960.000000,0.000000,0.000000,18.345257,7.143431,0.341093,0.198691,25.379567,0.160962,51.744012
1403638215595097088.000000,0.000000,0.000000,18.410730,6.463197,0.347973,0.197507,25.751092,1.497910,50.602971
1403638215645096960.000000,0.000000,0.000000,17.331739,6.779298,0.298405,0.215139,24.431521,0.239556,51.200580
1403638215695097088.000000,0.000000,0.000000,20.129027,6.748130,0.325925,0.177571,25.534481,0.180738,53.300802
1403638215745096960.000000,0.000000,0.000000,17.459164,6.594207,0.295493,0.218051,23.471091,0.172451,52.052272
1403638215795097088.000000,0.000000,0.000000,18.440459,6.627872,0.315909,0.228452,24.270654,0.170179,52.371125
1403638215845096960.000000,0.000000,0.000000,18.991283,6.940772,0.408710,0.194339,22.571302,1.608919,53.072319
1403638215895097088.000000,0.000000,0.000000,17.530205,6.691745,0.373382,0.227491,25.254029,0.164835,49.395690
1403638215945096960.000000,0.000000,0.000000,16.686129,6.772258,0.370181,0.189219,25.707603,0.184099,50.155893
1403638215995097088.000000,0.000000,0.000000,21.210674,7.337482,0.395462,0.184194,25.462224,0.206787,56.019050
1403638216045096960.000000,0.000000,0.000000,17.126648,6.627808,0.386661,0.183011,23.572597,0.136578,52.030480
1403638216095097088.000000,0.000000,0.000000,19.588731,6.765057,0.412806,0.187171,24.480066,1.946396,53.873099
1403638216145096960.000000,0.000000,0.000000,17.412283,6.709345,0.448839,0.229987,26.491295,0.314884,52.314004
1403638216195097088.000000,0.000000,0.000000,17.467324,6.594496,0.396486,0.180963,24.286943,0.188226,51.523945
1403638216245096960.000000,0.000000,0.000000,17.120855,6.622496,0.365733,0.184706,25.144524,0.201411,51.677835
1403638216295097088.000000,0.000000,0.000000,20.585577,6.947300,0.321541,0.179331,24.829895,0.179042,55.915016
1403638216345096960.000000,0.000000,0.000000,18.233928,6.443197,0.309189,0.185507,23.494036,0.230020,53.097343
1403638216395097088.000000,0.000000,0.000000,17.297754,6.463038,0.332421,0.160002,23.604629,0.116066,50.765342
1403638216445096960.000000,0.000000,0.000000,19.330551,6.430429,0.323044,0.210883,25.198604,0.124290,52.295828
1403638216495097088.000000,0.000000,0.000000,18.736335,7.637710,0.314949,0.169122,24.442753,0.132098,53.914763
1403638216545096960.000000,0.000000,0.000000,18.657550,6.583935,0.459430,0.184451,25.880182,0.120834,52.640089
1403638216595097088.000000,0.000000,0.000000,19.613371,7.064006,0.430150,0.210019,27.010567,2.242016,53.563462
1403638216645096960.000000,0.000000,0.000000,18.171975,6.537503,0.325957,0.180290,26.817764,0.294980,53.985996
1403638216695097088.000000,0.000000,0.000000,21.378997,7.627630,0.456486,0.181026,27.704081,0.205795,59.164471
1403638216745096960.000000,0.000000,0.000000,20.434151,7.227272,0.356261,0.177250,26.952870,0.198275,58.740305
1403638216795097088.000000,0.000000,0.000000,20.120738,7.083206,0.340581,0.180195,24.846055,0.162754,56.798965
1403638216845096960.000000,0.000000,0.000000,19.623963,6.371996,0.318053,0.165474,24.781894,0.149251,55.082813
1403638216895097088.000000,0.000000,0.000000,19.666876,7.594158,0.392454,0.196387,25.882486,0.145986,58.872819
1403638216945096960.000000,0.000000,0.000000,19.757470,6.803490,0.414694,0.171427,26.124281,0.161058,56.644019
1403638216995097088.000000,0.000000,0.000000,20.830989,7.311146,0.465351,0.204771,26.300732,0.116257,57.941893
1403638217045096960.000000,0.000000,0.000000,20.123203,7.199112,0.368294,0.179331,26.473598,0.121890,57.603041
1403638217095097088.000000,0.000000,0.000000,19.739838,6.876067,0.319205,0.178307,26.281660,1.790170,57.363166
1403638217145096960.000000,0.000000,0.000000,19.736701,7.444780,0.371589,0.187779,26.398973,0.311332,57.877157
1403638217195097088.000000,0.000000,0.000000,21.351893,6.680512,0.326437,0.202435,26.824163,0.190819,56.244620
1403638217245096960.000000,0.000000,0.000000,22.127295,6.597344,0.305605,0.195619,26.083769,0.226723,59.143062
1403638217295097088.000000,0.000000,0.000000,22.305443,7.642479,0.478119,0.165826,23.015853,0.186659,58.743825
1403638217345096960.000000,0.000000,0.000000,20.867437,6.641984,0.377414,0.157539,23.240944,0.176067,57.132025
1403638217395097088.000000,0.000000,0.000000,22.460484,7.295305,0.376582,0.178723,23.063469,0.145250,58.601263
1403638217445096960.000000,0.000000,0.000000,20.702827,6.987333,0.385317,0.201283,24.881160,0.131490,57.972070
1403638217495097088.000000,0.000000,0.000000,28.682462,8.814208,0.364134,0.164290,24.916680,0.127010,69.810705
1403638217545096960.000000,0.000000,0.000000,22.167296,8.194775,0.321989,0.164674,24.964553,0.121089,57.528096
1403638217595097088.000000,0.000000,0.000000,23.067150,8.234647,0.301604,0.165603,24.844007,1.964701,61.283702
1403638217645096960.000000,0.000000,0.000000,21.071824,6.838211,0.111553,0.179587,23.618965,0.187683,55.132477
1403638217695097088.000000,0.000000,0.000000,21.890908,5.366797,0.322245,0.231907,26.371997,0.213348,52.103217
1403638217745096960.000000,0.000000,0.000000,22.096447,5.514864,0.306309,0.164099,25.020841,0.176643,56.709140
1403638217795097088.000000,0.000000,0.000000,21.068817,5.183947,0.295204,0.181602,25.021674,0.183459,51.053186
1403638217845096960.000000,0.000000,0.000000,24.372800,5.505040,0.315141,0.169955,24.706245,0.160546,56.172972
1403638217895097088.000000,0.000000,0.000000,24.447553,5.493392,0.312549,0.199394,26.372638,0.139139,56.517137
1403638217945096960.000000,0.000000,0.000000,24.536067,5.475919,0.344069,0.201443,24.597155,0.110594,56.399247
1403638217995097088.000000,0.000000,0.000000,23.414706,6.758081,0.322757,0.184163,23.602293,0.110497,58.132905
1403638218045096960.000000,0.000000,0.000000,22.141088,6.240026,0.420102,0.170563,23.189231,0.105890,54.228816
1403638218095097088.000000,0.000000,0.000000,24.651524,6.598431,0.304740,0.179843,25.149515,2.327650,60.271559
1403638218145096960.000000,0.000000,0.000000,22.212161,6.564991,0.315492,0.172226,24.223358,0.265827,58.696209
1403638218195097088.000000,0.000000,0.000000,21.973694,6.501278,0.301668,0.134530,21.956862,0.167523,58.221962
1403638218245096960.000000,0.000000,0.000000,24.761381,6.948068,0.316453,0.159330,23.063758,0.211075,61.141524
1403638218295097088.000000,0.000000,0.000000,21.924061,6.127577,0.408070,0.165731,23.895289,0.203843,54.578677
1403638218345096960.000000,0.000000,0.000000,21.848156,7.060326,0.329509,0.166818,23.537652,0.153026,58.298154
1403638218395097088.000000,0.000000,0.000000,23.701271,6.178393,0.364165,0.092226,22.300066,2.046461,57.014712
1403638218445096960.000000,0.000000,0.000000,21.920220,6.546655,0.336325,0.129890,23.412434,0.273572,56.149612
1403638218495097088.000000,0.000000,0.000000,21.777690,6.167865,0.396806,0.122178,21.316788,0.151267,54.231855
1403638218545096960.000000,0.000000,0.000000,22.313026,6.922180,0.361989,0.150434,22.430501,0.173987,55.530978
1403638218595097088.000000,0.000000,0.000000,23.155022,7.213833,0.346501,0.156354,21.206162,0.179875,58.133896
1403638218645096960.000000,0.000000,0.000000,20.677099,5.947798,0.393253,0.104257,20.466984,0.140962,52.265044
1403638218695097088.000000,0.000000,0.000000,23.092942,7.297578,0.353221,0.148962,21.437110,3.142126,60.244295
1403638218745096960.000000,0.000000,0.000000,22.724296,6.500093,0.365925,0.203075,22.662312,0.241315,58.726865
1403638218795097088.000000,0.000000,0.000000,21.382197,6.850851,0.390085,0.152195,21.381909,0.157635,57.342397
1403638218845096960.000000,0.000000,0.000000,20.445992,6.706753,0.362693,0.153378,22.573958,0.195715,56.149900
1403638218895097088.000000,0.000000,0.000000,20.883598,6.509086,0.336773,0.139298,21.415702,0.157442,56.262413
1403638218945096960.000000,0.000000,0.000000,26.166842,7.435788,0.329988,0.138914,20.750924,0.162179,65.812119
1403638218995097088.000000,0.000000,0.000000,27.067975,8.777695,0.326181,0.149570,21.110161,2.919050,69.163912
1403638219045096960.000000,0.000000,0.000000,22.226529,7.110215,0.330597,0.187042,20.045154,0.215171,60.964402
1403638219095097088.000000,0.000000,0.000000,25.083755,6.697409,0.314341,0.129057,19.382009,0.134082,63.831483
1403638219145096960.000000,0.000000,0.000000,23.935130,7.095142,0.327237,0.142146,19.639484,0.173314,62.906669
1403638219195097088.000000,0.000000,0.000000,22.091040,6.884835,0.304804,0.128514,19.422808,0.177219,58.985556
1403638219245096960.000000,0.000000,0.000000,22.072255,6.692993,0.445063,0.086625,19.061012,0.136610,59.836705
1403638219295097088.000000,0.000000,0.000000,22.485925,7.744688,0.413413,0.064897,20.471624,2.248129,61.414711
1403638219345096960.000000,0.000000,0.000000,21.576312,6.615168,0.447910,0.222755,20.537737,0.180610,58.798002
1403638219395097088.000000,0.000000,0.000000,23.935898,7.006533,0.325669,0.134817,19.677309,0.125986,62.073474
1403638219445096960.000000,0.000000,0.000000,22.964940,7.171208,0.416902,0.133442,21.031664,0.151779,63.032367
1403638219495097088.000000,0.000000,0.000000,21.767515,7.128263,0.355877,0.133122,21.020400,0.138658,60.368521
1403638219545096960.000000,0.000000,0.000000,22.478213,7.431339,0.440295,0.119873,20.190948,0.133122,59.342106
1403638219595097088.000000,0.000000,0.000000,25.637842,7.674639,0.346117,0.074337,19.519707,2.609798,63.529942
1403638219645096960.000000,0.000000,0.000000,24.810023,6.723009,0.375206,0.132770,18.870609,0.217988,63.411989
1403638219695097088.000000,0.000000,0.000000,22.579654,6.925572,0.333477,0.105218,17.791873,0.132578,63.801658
1403638219745096960.000000,0.000000,0.000000,22.002846,7.380427,0.459430,0.109410,17.755648,0.151010,62.945294
1403638219795097088.000000,0.000000,0.000000,22.801706,7.292009,0.310853,0.116194,17.353243,0.155490,62.672906
1403638219845096960.000000,0.000000,0.000000,22.763433,7.586094,0.388550,0.093249,18.483659,0.109601,62.774603
1403638219895097088.000000,0.000000,0.000000,25.406351,6.982629,0.390086,0.065313,19.343928,1.966236,62.037217
1403638219945096960.000000,0.000000,0.000000,23.162351,8.056340,0.311076,0.152098,19.866079,0.179587,62.046209
1403638219995097088.000000,0.000000,0.000000,23.923482,6.059480,0.336773,0.122081,19.978817,0.128482,65.300080
1403638220045096960.000000,0.000000,0.000000,23.102734,7.589390,0.322564,0.130722,20.548169,0.114018,64.465220
1403638220095097088.000000,0.000000,0.000000,22.766601,6.952452,0.308677,0.127266,19.710236,0.113762,61.809245
1403638220145096960.000000,0.000000,0.000000,20.238181,6.709345,0.302052,0.134626,19.571483,2.118462,57.419774
1403638220195097088.000000,0.000000,0.000000,21.226034,7.194664,0.380006,0.154946,19.416025,0.172707,59.027542
1403638220245096960.000000,0.000000,0.000000,21.326484,6.559327,0.401286,0.130338,19.847199,0.133218,58.083848
1403638220295097088.000000,0.000000,0.000000,22.661799,6.367516,0.345253,0.125538,19.151925,0.117378,58.911508
1403638220345096960.000000,0.000000,0.000000,20.373510,6.594719,0.381477,0.133154,19.725405,0.142210,56.923830
1403638220395097088.000000,0.000000,0.000000,21.972894,6.524574,0.319076,0.132962,18.798128,1.782713,57.704194
1403638220445096960.000000,0.000000,0.000000,27.484653,7.032262,0.308485,0.164675,19.557626,0.227460,65.776822
1403638220495097088.000000,0.000000,0.000000,22.578438,6.618208,0.352869,0.126145,19.430489,0.139810,59.666878
1403638220545096960.000000,0.000000,0.000000,21.855388,6.793570,0.313540,0.123361,20.844046,0.129986,60.069604
1403638220595097088.000000,0.000000,0.000000,21.416278,6.710337,0.332709,0.128897,19.432601,0.137762,57.783460
1403638220645096960.000000,0.000000,0.000000,21.997566,6.717537,0.323429,0.131522,19.172021,2.288098,60.102085
1403638220695097088.000000,0.000000,0.000000,21.001615,6.735041,0.292772,0.150306,19.473466,0.154178,60.836751
1403638220745096960.000000,0.000000,0.000000,22.893899,6.983525,0.409798,0.109346,18.232423,0.157954,60.423434
1403638220795097088.000000,0.000000,0.000000,20.225669,6.898979,0.397958,0.098466,17.117175,0.177090,58.952852
1403638220845096960.000000,0.000000,0.000000,23.842456,6.753154,0.346725,0.079809,15.714499,0.205507,59.142327
1403638220895097088.000000,0.000000,0.000000,21.370997,6.856772,0.316549,0.063265,14.510258,2.010717,58.226857
1403638220945096960.000000,0.000000,0.000000,22.885899,6.536831,0.324325,0.076065,13.866888,0.076065,59.555773
1403638220995097088.000000,0.000000,0.000000,28.752704,6.764482,0.383045,0.032864,15.495168,0.084514,67.145611
1403638221045096960.000000,0.000000,0.000000,20.311845,7.296874,0.327492,0.050017,17.172216,0.087073,59.748895
1403638221095097088.000000,0.000000,0.000000,21.044944,6.884068,0.139970,0.054401,15.663810,0.166883,60.240550
1403638221145096960.000000,0.000000,0.000000,21.421269,6.914627,0.104289,0.041472,15.168315,1.890139,56.151116
1403638221195097088.000000,0.000000,0.000000,22.562214,7.180808,0.119202,0.060609,18.517995,0.059649,62.128034
1403638221245096960.000000,0.000000,0.000000,23.501012,8.319673,0.393285,0.057664,17.931524,0.051041,64.778888
1403638221295097088.000000,0.000000,0.000000,21.296692,6.970373,0.302884,0.044385,15.038329,1.855899,58.171593
1403638221345096960.000000,0.000000,0.000000,21.954366,6.984325,0.326021,0.063617,17.128856,0.060129,60.570027
1403638221395097088.000000,0.000000,0.000000,27.077223,6.702305,0.383846,0.059841,19.070420,0.077249,64.146239
1403638221445096960.000000,0.000000,0.000000,24.417025,7.585870,0.322244,0.053281,16.537903,0.061153,61.280086
1403638221495097088.000000,0.000000,0.000000,21.787995,6.517183,0.348677,0.049473,16.060808,2.033918,57.667169
1403638221545096960.000000,0.000000,0.000000,22.115360,6.547487,0.393637,0.082977,18.987186,0.082657,60.348361
1403638221595097088.000000,0.000000,0.000000,22.470821,7.530445,0.362246,0.059520,18.483308,0.066017,60.711725
1403638221645096960.000000,0.000000,0.000000,20.751020,7.821969,0.455527,0.066721,14.876055,0.038465,60.489482
1403638221695097088.000000,0.000000,0.000000,21.211282,7.036966,0.306693,0.058945,17.315322,0.040704,64.183807
1403638221745096960.000000,0.000000,0.000000,21.853724,9.119268,0.299876,0.050081,17.496797,0.043617,63.933340
1403638221795097088.000000,0.000000,0.000000,27.501197,7.628430,0.356901,0.056865,16.827667,1.870171,69.299338
1403638221845096960.000000,0.000000,0.000000,22.192321,6.969573,0.321221,0.067777,19.279799,0.100194,62.843244
1403638221895097088.000000,0.000000,0.000000,22.328227,7.484524,0.420518,0.053921,17.864290,0.060001,59.332985
1403638221945096960.000000,0.000000,0.000000,23.214031,6.427421,0.351077,0.065057,17.135863,0.061793,68.449565
1403638221995097088.000000,0.000000,0.000000,21.605849,6.591935,0.346405,0.058593,17.775905,0.061281,59.474172
1403638222045096960.000000,0.000000,0.000000,20.876622,7.799121,0.411750,0.057249,15.560513,0.060481,61.146036
1403638222095097088.000000,0.000000,0.000000,22.468517,7.608942,0.437606,0.062368,18.152231,0.040897,62.767883
1403638222145096960.000000,0.000000,0.000000,21.874044,7.211400,0.511464,0.062817,18.215207,0.041792,61.712252
1403638222195097088.000000,0.000000,0.000000,23.348242,8.147510,0.306564,0.067297,17.866018,0.042880,65.463154
1403638222245096960.000000,0.000000,0.000000,21.549367,6.973925,0.309252,0.054561,16.534159,0.040448,61.280246
1403638222295097088.000000,0.000000,0.000000,21.909373,6.877347,0.306212,0.060769,18.537036,1.899580,62.349125
1403638222345096960.000000,0.000000,0.000000,22.536614,7.029926,0.325829,0.078401,15.246012,0.079233,62.726155
1403638222395097088.000000,0.000000,0.000000,19.782686,6.631808,0.329669,0.059009,17.432316,0.054240,54.295921
1403638222445096960.000000,0.000000,0.000000,20.319045,6.655265,0.333829,0.054497,17.156664,0.060385,56.367598
1403638222495097088.000000,0.000000,0.000000,20.743308,6.592095,0.314789,0.065472,19.041492,0.057761,56.468880
1403638222545096960.000000,0.000000,0.000000,22.463653,6.702401,0.356645,0.054113,15.168667,0.071586,60.059204
1403638222595097088.000000,0.000000,0.000000,23.994011,7.801681,0.316900,0.061025,17.879842,0.041377,62.613257
1403638222645096960.000000,0.000000,0.000000,22.501093,7.884530,0.349381,0.059521,16.640752,0.040128,61.110196
1403638222695097088.000000,0.000000,0.000000,21.409942,8.372601,0.306084,0.061696,17.910691,0.040576,62.232452
1403638222745096960.000000,0.000000,0.000000,23.422835,6.742913,0.329349,0.064193,18.411274,0.042785,59.738880
1403638222795097088.000000,0.000000,0.000000,21.048432,6.445246,0.302052,0.060961,17.073654,1.605815,60.975858
1403638222845096960.000000,0.000000,0.000000,24.260191,6.620160,0.377574,0.080033,17.448380,0.078081,62.258852
1403638222895097088.000000,0.000000,0.000000,22.206305,6.900771,0.348997,0.062145,17.432348,0.058656,60.617804
1403638222945096960.000000,0.000000,0.000000,22.660519,7.648143,0.301988,0.061889,17.420668,0.060961,61.177492
1403638222995097088.000000,0.000000,0.000000,21.383189,6.780706,0.328133,0.059392,15.475712,0.044225,60.820143
1403638223045096960.000000,0.000000,0.000000,21.085552,8.139509,0.340741,0.053377,16.934101,0.041953,60.254119
1403638223095097088.000000,0.000000,0.000000,20.803789,7.589934,0.320389,0.065761,16.465966,0.052417,57.894789
1403638223145096960.000000,0.000000,0.000000,23.820248,7.450924,0.331268,0.065345,17.262234,0.040705,60.172613
1403638223195097088.000000,0.000000,0.000000,22.952620,7.723792,0.370982,0.067137,18.236776,0.042145,63.844218
1403638223245096960.000000,0.000000,0.000000,22.520325,8.665534,0.428454,0.066017,16.385869,0.040480,61.598106
1403638223295097088.000000,0.000000,0.000000,28.157623,7.649327,0.306533,0.063169,18.652045,1.798202,63.633624
1403638223345096960.000000,0.000000,0.000000,21.551095,6.504862,0.303236,0.068897,18.028804,0.115394,57.662178
1403638223395097088.000000,0.000000,0.000000,20.635434,7.061958,0.300100,0.058529,17.672703,0.056161,57.807396
1403638223445096960.000000,0.000000,0.000000,21.618168,6.808931,0.318341,0.071649,17.706112,0.061601,59.151062
1403638223495097088.000000,0.000000,0.000000,23.103822,6.591007,0.313316,0.066945,16.715281,0.048864,59.618750
1403638223545096960.000000,0.000000,0.000000,21.536663,7.192648,0.333061,0.057024,18.768336,0.043233,58.106248
1403638223595097088.000000,0.000000,0.000000,19.283542,6.544830,0.337029,0.072801,18.007524,0.040129,53.381251
1403638223645096960.000000,0.000000,0.000000,18.606605,6.735841,0.320997,0.056065,16.407373,0.042209,54.061293
1403638223695097088.000000,0.000000,0.000000,18.107430,6.712673,0.320644,0.068129,18.400522,0.045601,52.090449
1403638223745096960.000000,0.000000,0.000000,18.394282,7.148423,0.378533,0.072994,18.161446,0.044897,52.098769
1403638223795097088.000000,0.000000,0.000000,17.277082,6.410621,0.435814,-4801033434234874497098246899213533673691648130975411225629550991944656771563346642360386122852224330934931217098391113892028203990677998199520704497993115737854462864280013744511252541072678522054580821245327936924382691594387988117287979758751862457233242580561340362973822426481033995823076372715143168.000000,268435522.766333,0.000000,53.207521
1403638223845096960.000000,0.000000,0.000000,19.442297,6.578335,0.489191,0.000000,-nan,0.000000,55.292991
1403638223895097088.000000,0.000000,0.000000,18.765455,7.042950,0.543752,-nan,105553201214586.890625,0.000000,53.532870
1403638223945096960.000000,0.000000,0.000000,20.704555,7.680111,0.285956,0.000000,487795106196226048.000000,0.000000,57.521439
1403638223995097088.000000,0.000000,0.000000,17.542686,6.845507,0.295141,0.000000,0.000000,0.000000,51.870830
1403638224045096960.000000,0.000000,0.000000,17.688735,7.015142,0.295877,-4822757936919354725965186045623419768730817718454403965335703687424985634546541363992453571017947952650719514210620628645686748283770304110946713667599244311888661932221892434396570941589579480455318533308979645165602280397491735574062244154986171150353160554218641623032545673216.000000,64655892865972428800.000000,0.000000,51.478952
1403638224095097088.000000,0.000000,0.000000,18.300904,6.937412,0.294820,0.000000,68719493850.880005,0.000000,55.091164
1403638224145096960.000000,0.000000,0.000000,20.315398,7.643023,0.299973,0.000000,12094630121018.703125,131941395333120.000000,53.834314
1403638224195097088.000000,0.000000,0.000000,17.036566,6.662816,0.309956,0.000000,-nan,0.000000,48.847362
1403638224245096960.000000,0.000000,0.000000,18.359145,6.811330,0.328325,-1077908483553505049630437204153429257899907643850395629855097003620607521292943297976423740313126681503534734817122729707552751008319323502353414591726411252604482924485988546763238278044517413912497161813078825421846626206082093582366971066752207624979337208733830174271336164065222634403528704.000000,3606399451590.400391,0.000000,50.828670
1403638224295097088.000000,0.000000,0.000000,16.627088,6.955141,0.290981,0.000000,140417127989248.000000,0.000000,49.065605
1403638224345096960.000000,0.000000,0.000000,18.465931,6.987109,0.323428,0.000000,0.000000,0.000000,50.448473
1403638224395097088.000000,0.000000,0.000000,18.037637,6.610752,0.347013,-70631869377636703777372979749003257188065829767092370765434722958478123872900407840958723246722568308278692993665997880221544531407997586584956505999171762111241052304536102376123252020319433016145858312833133964154688796246906612109918233156218316547841831178319346490257769534976102775249128390656.000000,64655892865972428800.000000,0.000000,53.248577
1403638224445096960.000000,0.000000,0.000000,17.452509,6.592671,0.327813,-5487473959379039832775360162154528646839835432347333590063984157033337481857021725581447396274569801244629069613904897437278955890838936310104351079126297626502425138423052843760322772838379163100422929969072146950462765806534505683154599588865718340639973594197533722703517855279389879121626784000376832.000000,68719493770.240005,0.000000,50.562139
1403638224495097088.000000,0.000000,0.000000,18.079046,6.504190,0.337573,0.000000,134217761.425535,0.000000,50.378936
1403638224545096960.000000,0.000000,0.000000,20.690667,6.939909,0.320676,-73319268977532863903174999991360942554134170965312438346431021416262654339605092682147627350110036782446914897709050716077671613731373759719156944716908933986509432884288165310366369663571827322282688869538877605887022528161225202305579507889078540196235686141017817803708128238772347480598328115200.000000,-nan,0.000000,54.980763
1403638224595097088.000000,0.000000,0.000000,18.733710,7.536045,0.336069,-19500238014221382454956526647219210705466599537282134151802349585591478816044175378947034267901038354378536331342829132849298164308870308350352807490018061218298959507634763051097190465019148966045752453155676071973085379161712708847725178264032639752208171158025099642448965633207976329216.000000,3242593505176453.500000,0.000000,51.872654
1403638224645096960.000000,0.000000,0.000000,19.002931,7.215432,0.295748,-99468370951346496854546705594041387168751565459834028321668680205352199324108903598212739621125820538161144505822514181455917102468522404330196883865706575820395428614888246393013396002354508788565172057620272656501400541877055695008970455521877568439333005912028194282143766684740788569281916829696.000000,13376351446761472.000000,0.000000,52.580504
1403638224695097088.000000,0.000000,0.000000,17.138423,6.909667,0.277572,0.000000,0.000000,0.000000,51.789260
1403638224745096960.000000,0.000000,0.000000,19.230230,7.695023,0.294244,0.000000,65485997756664242176.000000,0.000000,51.629034
1403638224795097088.000000,0.000000,0.000000,19.505210,7.269193,0.295748,-288037767537967650889509309030123246570427511236652362121598435840844755796976674264812094346172219304115433246159659896827548102748590259855210613909635943695284635644574454561301228738090182699243143210335047347293926353159061486919428520659966830367575704397572309750361354326245376.000000,68719493921.279999,0.000000,50.824671
1403638224845096960.000000,0.000000,0.000000,19.730205,7.416683,0.329989,0.000000,8796095221482.082031,0.000000,51.494504
1403638224895097088.000000,0.000000,0.000000,17.792257,7.178024,0.386790,0.000000,-nan,660.000000,48.054551
1403638224945096960.000000,0.000000,0.000000,16.297900,7.120967,0.348485,-nan,4002224309070.080078,79.200005,50.454041
1403638224995097088.000000,0.000000,0.000000,17.725153,7.296489,0.321445,-99367143476702089378131477396892393793376449826438647233817050020906424182307106823723380350719568419542158126854456431220471428528723355800350729908795734706210974263107597989785392723973476396476497602087009669743977676608209352174470060267960914860038030780297162122465145428238801657681957355520.000000,7863893265408.000000,658.833923,51.866094
1403638225045096960.000000,0.000000,0.000000,16.606512,6.659232,0.339909,-6241995785564819144206357311401874018690147464541315706915652544813881433691195287048698866219460065218099637842165667511635027740576066867220844984393859249988156976076509663548217136484072180607398347838168650094781391659699136983467703034405907284618243624808544395094000664576.000000,0.000000,0.694444,49.201799
1403638225095097088.000000,0.000000,0.000000,17.061782,6.777026,0.335044,-4803039906666554204257836638923935749694574512320764937868406062646716605000783315396529468644397076837323329097156419214360497547884023675105634183858738025508656179233688173184264636309806758481169837500613955719759552074505090763572646243951479864883522720517724753648749923477904863610457144422301696.000000,98690193384336769024.000000,0.000000,50.236311
1403638225145096960.000000,0.000000,0.000000,18.753968,7.650446,0.129858,0.000000,68719493773.120010,0.000000,52.229523
1403638225195097088.000000,0.000000,0.000000,18.482892,7.209224,0.308389,-21922272929515974731747122489432341900564392667005971612302948375666936931559358119550070490018882547727121209130911191141929802268129766113045111123529286542026513545389157977046001322933918095944540015127213584618315462658857820758236381466129833885916691237366276752093848141956808441856.000000,402653250.594254,0.000000,54.040301
1403638225245096960.000000,0.000000,0.000000,21.020560,6.975461,0.316612,-109892006219156692702434332212836820956281519929727913935298699307437704884545278169963063446007572351115619705024221919444680045456289983321944213161774576186097788488904499824613840093090241966006474024008571580376212871865134740882183504746853393350660001392325119031000477010859011938883335094272.000000,-nan,0.694444,55.580899
1403638225295097088.000000,0.000000,0.000000,16.651985,6.591327,0.318949,-24348991294882700647254366288358874030277386384598912437672449435870620639731975550629793017506565243524434223293268764159822974082952156867594367953167781258515120666055894456456539517666938657944771024746598097663921691845014057365533479903046948252919284167257271066084815195511256514560.000000,5189697342120.959961,0.000000,48.483612
1403638225345096960.000000,0.000000,0.000000,18.172998,6.595680,0.301092,0.000000,493324404928.000000,0.000000,51.061954
1403638225395097088.000000,0.000000,0.000000,17.567902,6.333563,0.113377,-115001594415170799794932121632759978964581652017867228551879873340975484996585042353783103579915401397737588267785243326954430913725811628403799814551297919550394057880118272753894147918218000481097996755473924063426707443330553883689328617212491230339337317903645525138323880016068400703401847947264.000000,0.000000,0.000000,48.336379
1403638225445096960.000000,0.000000,0.000000,17.931523,7.253192,0.129250,0.000000,225788389530684850176.000000,0.694444,50.995297
1403638225495097088.000000,0.000000,0.000000,18.663374,7.009669,0.365414,-5317342946513567184650975486593077751840342053355599646470572067184659937875072452175996421395891982489247199519790590745494078019296107867749241375479618047541365464056068141177315492986930587237021935648266423308011084360028985823612751184221062928776824673937268014408021905098085714508890184385298432.000000,68719493778.880005,0.772272,51.866478
1403638225545096960.000000,0.000000,0.000000,18.192103,6.307867,0.306469,-83165453892716436998751583663527926499058524202618877104286950349911734480479497350832837181235107654180921274225161174362500671614934446052251869231201032540348805467636143375497545383936.000000,30064775329.427460,-0.852699,49.992178
1403638225595097088.000000,0.000000,0.000000,16.400397,6.794978,0.321157,-6854960824273182707397036681957103394595451893520070010723371223011772796236331227823584918580833542885173090242901901635539683355910843212072335439547765574085164458899263443234185218458134771714146849757284441968520609496728710928604275426762096231955543748049697332916145188989999021970970626324692992.000000,-nan,0.824985,47.210250
1403638225645096960.000000,0.000000,0.000000,17.320666,6.862979,0.308420,0.000000,29906734166579.203125,0.000000,51.093059
1403638225695097088.000000,0.000000,0.000000,16.190634,6.742017,0.278628,-278852972135494873294803317900568129097738170790168919901731400416635133141449783504545127506444449980849898705007783390713330611672167749995866232620693311127008816379496956168227033484800253355350281187199589171289057878459605456567183393972710849581493043896574512138952132010180608.000000,127537594153041920.000000,38464897083216.054688,48.390843
1403638225745096960.000000,0.000000,0.000000,18.467979,7.578893,0.417414,0.000000,0.000000,52.816349,53.294402
1403638225795097088.000000,0.000000,0.000000,19.440857,8.328728,0.337669,0.000000,349012927047540867072.000000,-9.567586,53.555271
1403638225845096960.000000,0.000000,0.000000,16.096137,7.393483,0.335237,0.000000,68719493796.160004,15.840199,46.847525
1403638225895097088.000000,0.000000,0.000000,18.329480,7.687567,0.140610,0.000000,402653250.866186,0.000000,49.458283
1403638225945096960.000000,0.000000,0.000000,19.059411,6.247355,0.286436,0.000000,-nan,0.000000,45.559282
1403638225995097088.000000,0.000000,0.000000,18.690510,6.008759,0.291972,0.000000,62628215291658.242188,0.000000,46.827268
1403638226045096960.000000,0.000000,0.000000,20.428328,5.286284,0.366597,0.000000,848819270488948736.000000,0.000000,45.140716
1403638226095097088.000000,0.000000,0.000000,18.971538,4.210621,0.329925,0.000000,0.000000,0.000000,44.312704
1403638226145096960.000000,0.000000,0.000000,17.871298,4.473505,0.166371,0.000000,6440153136496639.000000,0.000000,45.292239
1403638226195097088.000000,0.000000,0.000000,19.850655,3.359441,0.374054,0.000000,68719493833.600006,0.000000,44.874696
1403638226245096960.000000,0.000000,0.000000,20.049601,3.486354,0.338949,-17070926336811554510868483198554965998408519093503195030039064832766216966813354665939369154098636009948049998955215201041420550139225003956783689842244706544525031444122347194350314077823469443539608551465678204327155180306548131848470191058979136199964735153546979104534125064786032984064.000000,114349227033350.125000,0.000000,46.166395
1403638226295097088.000000,0.000000,0.000000,18.708014,5.015432,0.330628,0.000000,-nan,0.000000,48.252634
1403638226345096960.000000,0.000000,0.000000,21.294451,5.534768,0.359973,0.000000,23573536388833.281250,0.000000,50.958913
1403638226395097088.000000,0.000000,0.000000,17.217432,4.126363,0.368869,-21936510464356292874096627822869327321612785620219553601098264796394886316022773260112290565528668822194388255699758294042076841508642582238641685649531687280057217146603507795322974000722941709187191469936286789488719715459756588672405614018998329350010267004659751628581260045784769888256.000000,46648860952.000000,0.000000,43.763289
1403638226445096960.000000,0.000000,0.000000,19.649596,4.909479,0.449542,-1756648881351816344230501608324203143883044347753437719240798177930057388600420341993471869055725583155671756441895550248875303542638975711273441495139676101707910385979977061375822035774356641288258794786344266549032912933037053452684380289532934451931338048508749065179441682337277063670530048.000000,0.000000,0.000000,47.423597
1403638226495097088.000000,0.000000,0.000000,17.523453,3.628437,0.340613,0.000000,17654128062758910.000000,0.000000,46.186652
1403638226545096960.000000,0.000000,0.000000,17.357371,3.637845,0.248420,0.000000,68719493830.720001,0.000000,43.421908
1403638226595097088.000000,0.000000,0.000000,20.450056,5.703538,0.398470,0.000000,1548112654507193.750000,0.000000,49.631118
1403638226645096960.000000,0.000000,0.000000,18.879889,4.263710,0.451942,-1237263848741752494219270203410927855537264472912718963026776008403810517346439976228126753373606362260537684074419733780473550374894338880210214417406790212568427539614906660242229205661584582492297526231049178523656437864001059895604359097581191068708999393802330155470770738833462177615052800.000000,-nan,0.000000,48.279098
1403638226695097088.000000,0.000000,0.000000,16.590096,3.556435,0.186595,0.000000,23573536397312.003906,0.000000,44.956906
1403638226745096960.000000,0.000000,0.000000,17.906211,3.995770,0.496007,0.000000,28315213770752.000000,0.000000,42.461766
1403638226795097088.000000,0.000000,0.000000,16.976278,6.189721,0.176707,0.000000,0.000000,0.000000,46.154972
1403638226845096960.000000,0.000000,0.000000,20.785325,5.751699,0.320101,0.000000,18915139050799100.000000,0.000000,49.769871
1403638226895097088.000000,0.000000,0.000000,18.286504,6.472030,0.405894,-5829022580173641158500302326394323335655082238039488889320560293783607047718249930852439913078224221201477601222701288190073065865034344257765110637383032589181933092946321822041345580023535525225250344059150559156489936303149473341353519950976872281299969590600286953418640751852866410969397476427038720.000000,68719493790.400009,0.000000,49.245480
1403638226945096960.000000,0.000000,0.000000,19.148340,4.680451,0.338213,-5829032860506329770832929441088888318246064368246122803129043906212589797654330566666821672567919535584191201484307856301264405680425293005608546170303814600677295449382797391603365601248668165187184909091095677344830184923053317079207419475529378327009783450522185017980823955187752619441379866742620160.000000,1048576.259174,0.000000,48.932612
1403638226995097088.000000,0.000000,0.000000,19.211830,3.677141,0.371013,0.000000,-nan,0.000000,47.463246
1403638227045096960.000000,0.000000,0.000000,17.012310,3.451794,0.432903,0.000000,560608340835817280.000000,0.000000,43.405716
1403638227095097088.000000,0.000000,0.000000,18.536332,3.495347,0.444998,-99469247873687182775325657129449991626565703532995995620461204979592870855440738737369199160808576145162973528164454214513454030723572486708935037592294988334531204260452015634429925394093787867743643473810033543954719518629098527149824238884938837660396808876238140759536743849330025262530045149184.000000,630044997582848.000000,0.000000,44.982155
1403638227145096960.000000,0.000000,0.000000,18.325449,3.518611,0.517639,-24368062143774297205014413370438518200050346828668234449442335351551440569696124024654650653155479819095420736068647705529327994585760492337293442259806610303317374990566606576365026991083497272712779319823892687070234705772764967284217325311797667111092990142691312869393045281914866368512.000000,0.000000,0.000000,43.175888
1403638227195097088.000000,0.000000,0.000000,19.909503,5.754420,0.351653,-1596982870032446298487921005325895623586756695667589915409035396920018848203947277087905439547079507517449385709048561508831600863778215582203918771840341378340190202028006071032176532294429442844633063437266266658206516355421966096019741341384010528996769859693907184539918826193294685775069184.000000,16032829448126462.000000,0.000000,49.775983
1403638227245096960.000000,0.000000,0.000000,18.784208,5.207339,0.441766,-81126517425095969182189951028191763474226209187488530832047607988812799008277913455191559468822366197392854919355248446695004696875338085944269351811795920111734529918848450450753893194850489741970389450621839751906928932665725238489805466147701307559999231277933706911202193431948587455194830209024.000000,68719494045.680008,110424777411264512.000000,48.056727
1403638227295097088.000000,0.000000,0.000000,17.854594,6.243834,0.157346,-4629586937237002425329734054119955117462176699621411652465259978128707556218627353750080878950138204017699066918669846825134680260466106356350807078714407877349346372636902412854073501603738164023365504126047274814042110196769854252062715438325030282079046210127364454620383155102638156800917017964052480.000000,281475046800824.687500,0.000000,47.880692
1403638227345096960.000000,0.000000,0.000000,19.424921,5.004008,0.290180,0.000000,-nan,0.000000,46.903846
1403638227395097088.000000,0.000000,0.000000,18.578413,6.480446,0.297508,0.000000,391993559731551616.000000,0.000000,51.430568
1403638227445096960.000000,0.000000,0.000000,19.924832,5.298925,0.252612,-1237420991939552924942894680304031688150298537191962920432406677771555996708344652779707145235006541364291345413628353969347974290930247832142101256065174585839592267714913513095550963584411822555522655342708297567567172421451861413561440295401121997241363895445089401472788778772556630429007872.000000,127840725549056.000000,0.000000,46.285501
1403638227495097088.000000,0.000000,0.000000,19.789566,3.637524,0.348741,0.000000,0.000000,0.000000,47.262955
1403638227545096960.000000,0.000000,0.000000,20.960079,3.606260,0.441063,-6171910546011146235558800039243840711899989549493887415396420951768855629166062117456782063133156257683009415713890672319799012635569997622047764941342272879672513840103375656924489904606558836622173582488921711722270815211805099532931001490394478509281649219097951435246849553971972977393292044289441792.000000,43955176343601144.000000,0.000000,47.402509
1403638227595097088.000000,0.000000,0.000000,20.690795,3.627188,0.187363,-108177616703129558204808410053895806658632455562592246489213524209628361825469308558800494829100907875210540878773688018884658246221548017846368680940494175983330269111386307813417313466407608431902077260135819195352185801129756399608427759327903964592008324194583413895725056.000000,68719493970.240005,0.000000,49.293288
1403638227645096960.000000,0.000000,0.000000,18.776015,4.031994,0.493832,0.000000,4398047596580.573242,0.000000,43.568598
1403638227695097088.000000,0.000000,0.000000,22.767305,6.440701,0.496967,0.000000,-nan,0.000000,53.040062
1403638227745096960.000000,0.000000,0.000000,20.591241,5.477648,0.435911,0.000000,29906734154321.921875,0.000000,48.501181
1403638227795097088.000000,0.000000,0.000000,18.028261,6.269562,0.335525,-1915384210481348071583514376217098536719007023604984737301471988705318912246379982226725805744347912530829468566027752857331645106427244070873581069671425671719320173066028992932621049829984746327751712286835285887758218260091703912601876178507128395520634323133338252162152418326019687743225856.000000,288037309956227072.000000,0.000000,48.136600
1403638227845096960.000000,0.000000,0.000000,20.925743,5.697970,0.349573,-5823654512672278951526935999793746676681535105469565513297547849744717558038553384079144044111786014664035654460510017065876333471847534529409573190172221912861850211777247541406959517863264487819138609940352005102935993614659483285766330528653336504275989552532568660923702799605409816839639729608589312.000000,0.000000,0.000000,51.186308
1403638227895097088.000000,0.000000,0.000000,17.584222,5.656978,0.281412,-1676815302187031353376080669644009658661504761362711277932509003539041288779970125141209080806241509232487501927055572420007047775320724692021318925093128736830857282195437789824998053647959850756157865625814749221453268812725707288528177718115488303854614018678671569580533532341394329414139904.000000,42243096001665556480.000000,0.000000,47.472046
1403638227945096960.000000,0.000000,0.000000,19.129877,3.433138,0.350309,0.000000,68719493807.680008,0.000000,45.754773
1403638227995097088.000000,0.000000,0.000000,19.415065,4.179292,0.394885,0.000000,805306503.197792,645.600037,46.753796
1403638228045096960.000000,0.000000,0.000000,18.656494,3.610036,0.424614,0.000000,-nan,79.200005,45.544146
1403638228095097088.000000,0.000000,0.000000,17.985892,4.062523,0.395141,-nan,15832971345940.480469,644.208008,44.056829
1403638228145096960.000000,0.000000,0.000000,18.724047,5.530320,0.226019,-4801692693461225332466162331232021898828727475673756873438049984970696756251755134058036251650449321420214423449712451508292385962169682345756769558380952754167802728887467613988275914212678885857402421106689541074839268129289177245371135143433808614924563207532620442835214075061993165394531339588337664.000000,475657047581392896.000000,0.694444,47.078632
1403638228195097088.000000,0.000000,0.000000,18.116486,5.962998,0.383717,0.000000,0.000000,0.000000,46.373886
1403638228245096960.000000,0.000000,0.000000,18.149446,6.004055,0.426087,-3969657759131319056219709126724367785955779152598430753943069288336467521523393140522215981743579258194395602435317297161949330137995695908972350264528487784345175299109651637046943011811097376077611032941391658157717579258482215508234286654257884547248966522785189870087755005952.000000,92049354258802262016.000000,0.000000,47.297356
1403638228295097088.000000,0.000000,0.000000,18.719534,6.526431,0.159618,0.000000,68719493816.320007,0.000000,49.447019
1403638228345096960.000000,0.000000,0.000000,19.310263,5.312108,0.145378,0.000000,17179873435.033897,0.694444,46.794597
1403638228395097088.000000,0.000000,0.000000,19.072179,5.725266,0.339525,-19141320522999448896064454321979755880619839934659225422778013106099685079281438294027436665576940757191312024023364645791668372196147685196919034876077805909259300377782471404701608404789690155066512009649034698483854063179096100945944116909640174280034495632506880.000000,-nan,0.000000,51.045410
1403638228445096960.000000,0.000000,0.000000,19.131029,4.204669,0.176386,-5388906216556379227599063900740385420949091613966539622064580742608338849461569248925449113998743007105022079754999010390710630787684786086227033782067529648482759531706106795039482125652748422741175410165694607181604736748674262679163684022099214506792627287458148141343547850752.000000,62628215398400.000000,0.000000,47.176586
1403638228495097088.000000,0.000000,0.000000,18.199879,3.946361,0.150563,0.000000,62212369647927296.000000,0.000000,45.799254
1403638228545096960.000000,0.000000,0.000000,18.014788,3.927449,0.328005,-26794910621994921976735255491898522830133931912128745971386082367243740207705240259011610671524780900689551866525637213373603152857225099200903537897626985203026470543446978394715572074784505330505223820785816739876880645866460510929663922348615395710527410831685127211246023584598521282560.000000,0.000000,0.694444,45.255502
1403638228595097088.000000,0.000000,0.000000,18.657390,4.415776,0.145474,0.000000,77107466226349621248.000000,0.040136,47.294316
1403638228645096960.000000,0.000000,0.000000,20.094114,3.679478,0.137058,-99469007436077007984438929804531161323003673121589019928095857576338768114765693450172111582459462911572081342625275227721832662206565982876893728588747929409611955804390331663414352608137790880852550712179800266047364683885686546964650880793157522569007981499249359977203250646146608953293623263232.000000,68719493801.920013,-0.039216,48.209465
1403638228695097088.000000,0.000000,0.000000,18.794704,4.255870,0.150530,-5837011868418513734108287596973277656230498978649786332083250494293227609265277411708336716365835595686582616675130780022840710955341601582074670647923364060774255250316438247602278986137262795406053307324577726002875389462297754404322876514070641305900268998592187806869311041292683743227933681059364864.000000,10737420379.884438,-0.066811,47.134633
1403638228745096960.000000,0.000000,0.000000,17.988132,4.789541,0.000000,-7884958832866843031938062613061697470772833370080641542774055609631444958490860698164080647880007570346852628327997939524705029116037926974643476258804425287896560874569353659000637346413814535572487566772463034959106664362751791332974409856999615737607997141551722619702024352639149869545343509552168960.000000,-nan,0.000000,44.767239
1403638228795097088.000000,0.000000,0.000000,18.933873,6.189561,0.000000,-1318683765338699968063135063956573051311781997446497369551296848361175753744884165563783588117192656204504858104983048035065901316098253975963010451842589421065628201171549938660609645453723440908199270363491002332454547561838072736091354630979517252105048202290548178944.000000,43628655820718.085938,83958304397227491328.000000,49.774959
1403638228845096960.000000,0.000000,0.000000,19.656796,6.989509,0.000000,0.000000,125311770301562880.000000,49.931080,51.139139
