#Frame Timestamp[ns],Image Rect[ms],Image Resize[ms],ORB ext[ms],Stereo match[ms],IMU preint[ms],Pose pred[ms],LM track[ms],KF dec[ms],Total[ms]
1413394881605760512.000000,0.000000,0.000000,18.210849,4.573336,0.004256,13.894572,8.211749,0.003296,26.684074
1413394881655760384.000000,0.000000,0.000000,18.733128,5.891785,0.087841,8.423112,9.053232,1.018156,28.711619
1413394881705760512.000000,0.000000,0.000000,18.741320,8.880046,0.075809,8.820941,7.209049,0.001184,31.379652
1413394881755760384.000000,0.000000,0.000000,19.001387,5.260737,0.052993,9.533174,9.888379,0.001056,27.786072
1413394881805760512.000000,0.000000,0.000000,18.923146,11.243083,0.103970,5.946634,8.402632,0.782762,34.415722
1413394881855760384.000000,0.000000,0.000000,18.765896,11.943187,0.114018,10.449505,10.055133,0.001888,34.893776
1413394881905760512.000000,0.000000,0.000000,16.195752,12.565852,0.116866,5.846345,8.478985,0.001248,33.283964
1413394881955760384.000000,0.000000,0.000000,18.774441,12.513595,0.120962,6.601329,11.258572,1.091886,35.668954
1413394882005760512.000000,0.000000,0.000000,18.399108,12.409402,0.114978,8.319719,16.081927,0.001472,35.117811
1413394882055760384.000000,0.000000,0.000000,18.990603,12.319065,0.118626,5.746503,14.021102,0.873739,35.472183
1413394882105760512.000000,0.000000,0.000000,19.357424,12.767742,0.121538,12.017973,15.637122,0.001728,36.509444
1413394882155760384.000000,0.000000,0.000000,17.417368,12.980161,0.121281,5.780008,12.042517,0.001216,34.672078
1413394882205760512.000000,0.000000,0.000000,21.190630,12.558780,0.120002,6.569169,15.670594,1.098029,37.990390
1413394882255760384.000000,0.000000,0.000000,20.914883,12.760830,0.121473,7.868482,13.571240,0.001664,37.803924
1413394882305760512.000000,0.000000,0.000000,18.859562,12.720061,0.122049,5.458884,13.119362,0.000960,36.076927
1413394882355760384.000000,0.000000,0.000000,17.874621,12.705469,0.121762,7.463868,15.896261,0.923020,34.887408
1413394882405760512.000000,0.000000,0.000000,19.557266,12.974529,0.123266,7.231866,14.715094,0.001216,36.642534
1413394882455760384.000000,0.000000,0.000000,19.192590,12.361977,0.122401,3.532971,14.450867,1.144590,36.037055
1413394882505760512.000000,0.000000,0.000000,16.753647,9.785529,0.121346,5.597733,11.654641,0.002144,30.705180
1413394882555760384.000000,0.000000,0.000000,20.818338,11.591504,0.123298,3.338506,10.723876,0.001184,36.743814
1413394882605760512.000000,0.000000,0.000000,19.939895,12.669757,0.129890,2.769666,9.576663,0.001120,37.904086
1413394882655760384.000000,0.000000,0.000000,18.723880,12.558204,0.119394,2.806082,8.670380,0.001184,35.423990
1413394882705760512.000000,0.000000,0.000000,17.882621,12.318905,0.119042,3.235304,9.581879,0.001248,34.586412
1413394882755760384.000000,0.000000,0.000000,18.594567,12.842623,0.137410,1.536691,9.325779,1.209743,35.901596
1413394882805760512.000000,0.000000,0.000000,17.886558,12.722173,0.104641,13.518759,8.080548,0.000992,34.897168
1413394882855760384.000000,0.000000,0.000000,18.037759,12.752510,0.104801,4.601785,5.453891,0.000992,34.901456
1413394882905760512.000000,0.000000,0.000000,18.209058,12.636060,0.104417,5.361218,6.433776,0.000992,35.253653
1413394882955760384.000000,0.000000,0.000000,17.389847,13.158562,0.103105,4.466423,5.876553,0.001056,35.056274
1413394883005760512.000000,0.000000,0.000000,17.421368,9.140049,0.098690,3.986865,5.839432,1.229903,30.896894
1413394883055760384.000000,0.000000,0.000000,19.472593,12.251256,0.118658,8.245734,8.445929,0.001184,36.096415
1413394883105760512.000000,0.000000,0.000000,20.986564,12.655548,0.102977,4.439991,6.345934,0.000864,38.057047
1413394883155760384.000000,0.000000,0.000000,20.059320,13.154627,0.131649,4.777852,8.362151,0.000896,37.689779
1413394883205760512.000000,0.000000,0.000000,19.645812,12.457402,0.121569,4.829468,7.709471,0.001120,36.434595
1413394883255760384.000000,0.000000,0.000000,17.697819,12.551196,0.105697,3.798671,6.949750,0.000832,34.606284
1413394883305760512.000000,0.000000,0.000000,18.635047,12.533595,0.100289,3.448523,7.972387,0.972140,35.547960
1413394883355760384.000000,0.000000,0.000000,18.536997,13.088514,0.099522,7.419611,7.304059,0.001280,35.936349
1413394883405760512.000000,0.000000,0.000000,19.059084,12.653021,0.099041,4.562521,8.055236,0.001184,36.031166
1413394883455760384.000000,0.000000,0.000000,17.717979,12.547163,0.121665,3.896209,6.422191,0.001120,34.702382
1413394883505760512.000000,0.000000,0.000000,17.438616,12.442458,0.102433,3.789903,6.162316,0.001184,34.434154
1413394883555760384.000000,0.000000,0.000000,17.669530,12.738205,0.123841,3.096806,5.853641,0.001312,34.904272
1413394883605760512.000000,0.000000,0.000000,19.044204,12.515483,0.106785,2.307804,5.181056,1.112621,35.851996
1413394883655760384.000000,0.000000,0.000000,17.769597,12.518363,0.125409,8.387944,8.616587,0.001184,34.661421
1413394883705760512.000000,0.000000,0.000000,17.796637,12.635196,0.100001,5.673639,6.996982,0.001056,35.054834
1413394883755760384.000000,0.000000,0.000000,20.863682,12.665437,0.123265,4.428055,7.916354,0.001280,38.107256
1413394883805760512.000000,0.000000,0.000000,19.581714,12.752766,0.106017,3.650925,7.438300,0.001376,40.601238
1413394883855760384.000000,0.000000,0.000000,19.784437,12.501050,0.102721,2.971012,8.450057,0.741833,36.663398
1413394883905760512.000000,0.000000,0.000000,17.947742,12.605148,0.104129,5.618853,8.629066,0.001440,35.095123
1413394883955760384.000000,0.000000,0.000000,20.475773,12.791262,0.102305,4.915197,8.744140,0.001440,37.794708
1413394884005760512.000000,0.000000,0.000000,19.275726,12.624573,0.104673,4.650554,7.682527,0.001056,36.219968
1413394884055760384.000000,0.000000,0.000000,20.329020,12.585532,0.118017,4.344278,7.694399,0.001248,37.218156
1413394884105760512.000000,0.000000,0.000000,18.121536,12.517691,0.122626,4.048914,7.361915,0.871211,35.281365
1413394884155760384.000000,0.000000,0.000000,18.162849,13.118882,0.114817,5.994154,8.283623,0.001632,35.652762
1413394884205760512.000000,0.000000,0.000000,20.018360,12.920736,0.126274,4.457431,8.440329,0.001376,37.313038
1413394884255760384.000000,0.000000,0.000000,17.817021,12.775262,0.121889,2.145403,9.559382,1.042925,35.053906
1413394884305760512.000000,0.000000,0.000000,18.130656,12.597820,0.101249,5.283649,11.813490,0.001376,35.332725
1413394884355760384.000000,0.000000,0.000000,18.406884,13.261860,0.127394,3.061222,10.485250,0.001376,36.182496
1413394884405760512.000000,0.000000,0.000000,17.992799,12.644285,0.100674,2.939204,9.819610,0.000960,35.146611
1413394884455760384.000000,0.000000,0.000000,17.736860,6.000906,0.115905,2.906052,10.024509,0.001409,27.989723
1413394884505760512.000000,0.000000,0.000000,19.016587,12.752190,0.102849,2.736130,9.019632,0.787466,36.252384
1413394884555760384.000000,0.000000,0.000000,19.466225,12.850271,0.116673,4.284533,8.435369,0.001376,36.938890
1413394884605760512.000000,0.000000,0.000000,16.693710,12.531355,0.097474,3.002277,8.063428,0.000864,33.708161
1413394884655760384.000000,0.000000,0.000000,17.962398,12.745534,0.143682,3.207112,7.475261,0.001024,35.123763
1413394884705760512.000000,0.000000,0.000000,18.490213,12.728702,0.120801,2.922372,8.437353,0.001152,35.875708
1413394884755760384.000000,0.000000,0.000000,22.175762,9.635191,0.125634,2.698049,7.538494,0.765258,36.353474
1413394884805760512.000000,0.000000,0.000000,20.624735,12.482875,0.093826,6.187021,9.466581,0.001632,37.402031
1413394884855760384.000000,0.000000,0.000000,18.446533,12.582075,0.125346,4.714298,7.784865,0.000992,35.377334
1413394884905760512.000000,0.000000,0.000000,18.101921,12.540539,0.120514,3.963570,6.733491,0.001120,35.207860
1413394884955760384.000000,0.000000,0.000000,20.076025,12.725118,0.128609,3.059846,6.823700,0.001184,37.175917
1413394885005760512.000000,0.000000,0.000000,20.033720,12.666589,0.121281,2.506495,6.667058,0.719817,36.980618
1413394885055760384.000000,0.000000,0.000000,19.892471,13.082082,0.121761,5.011678,8.685067,0.001408,37.206732
1413394885105760512.000000,0.000000,0.000000,17.683931,12.625212,0.124833,0.070849,9.582807,0.088481,34.708334
1413394885155760384.000000,0.000000,0.000000,17.496441,12.880831,0.117473,0.047105,8.866637,0.935531,34.790222
1413394885205760512.000000,0.000000,0.000000,19.469265,12.406553,0.126370,0.055745,10.039868,0.101378,36.730823
1413394885255760384.000000,0.000000,0.000000,17.628666,12.897664,0.124194,0.025024,4.750779,0.396805,34.661005
1413394885305760512.000000,0.000000,0.000000,20.088664,12.292281,0.122722,0.059265,6.106380,0.050656,36.856776
1413394885355760384.000000,0.000000,0.000000,18.749064,12.650621,0.120290,0.079041,13.140323,1.058030,35.554616
1413394885405760512.000000,0.000000,0.000000,18.939531,12.916800,0.116513,0.066721,13.423846,0.121345,36.916457
1413394885455760384.000000,0.000000,0.000000,18.078592,12.761502,0.120962,0.070817,12.703357,1.051341,35.107091
1413394885505760512.000000,0.000000,0.000000,19.527697,12.388409,0.125729,0.077313,13.510855,0.144738,36.418819
1413394885555760384.000000,0.000000,0.000000,17.845949,12.710238,0.123426,0.035521,8.323559,1.182863,35.053714
1413394885605760512.000000,0.000000,0.000000,17.049971,12.728637,0.124482,0.169506,14.164144,0.165762,33.954148
1413394885655760384.000000,0.000000,0.000000,19.850006,12.616668,0.121154,0.118817,13.652265,0.862890,36.869449
1413394885705760512.000000,0.000000,0.000000,19.203470,12.798398,0.127682,0.074593,14.824119,0.182147,36.316674
1413394885755760384.000000,0.000000,0.000000,19.704596,12.521851,0.121506,0.061185,13.624169,0.117250,36.547621
1413394885805760512.000000,0.000000,0.000000,16.716847,12.854943,0.118850,0.113377,15.837348,0.901419,34.018629
1413394885855760384.000000,0.000000,0.000000,18.020863,12.658653,0.125698,0.081281,16.758255,0.158882,35.043826
1413394885905760512.000000,0.000000,0.000000,19.696244,12.859808,0.123713,0.042561,10.350784,0.109794,36.831304
1413394885955760384.000000,0.000000,0.000000,17.711995,12.657149,0.124834,0.115681,16.493357,0.884683,34.962417
1413394886005760512.000000,0.000000,0.000000,18.488613,12.648573,0.125634,0.078945,17.252437,0.167778,35.411927
1413394886055760384.000000,0.000000,0.000000,17.204565,12.646525,0.125986,0.101378,15.582528,0.132354,34.173895
1413394886105760512.000000,0.000000,0.000000,17.502361,12.716158,0.126978,0.099873,13.734442,0.996652,34.505707
1413394886155760384.000000,0.000000,0.000000,18.261570,12.610461,0.125666,0.074048,16.734960,0.155298,35.208020
1413394886205760512.000000,0.000000,0.000000,19.432113,12.679037,0.122850,0.107457,17.016083,0.151554,36.453251
1413394886255760384.000000,0.000000,0.000000,19.957431,12.759230,0.128066,0.109025,17.100180,1.007692,37.056011
1413394886305760512.000000,0.000000,0.000000,17.325495,12.721085,0.123266,0.228866,21.070693,0.275716,34.534508
1413394886355760384.000000,0.000000,0.000000,18.851466,12.756670,0.122690,0.125218,16.900593,0.144066,35.957757
1413394886405760512.000000,0.000000,0.000000,18.084160,12.643805,0.121409,0.112033,14.916153,0.811114,35.145428
1413394886455760384.000000,0.000000,0.000000,17.746619,12.677756,0.120866,0.187779,19.437552,0.251811,34.825551
1413394886505760512.000000,0.000000,0.000000,20.979428,12.754718,0.123362,0.101954,17.234261,0.162370,39.314343
1413394886555760384.000000,0.000000,0.000000,21.046948,12.318713,0.125410,0.086146,16.656878,0.855339,37.797300
1413394886605760512.000000,0.000000,0.000000,20.242011,12.745182,0.126177,0.176162,19.053932,0.158530,37.602705
1413394886655760384.000000,0.000000,0.000000,18.732328,12.608284,0.128353,0.122593,17.889502,0.161602,35.643834
1413394886705760512.000000,0.000000,0.000000,18.318147,9.928763,0.130946,0.136162,20.799650,1.141774,32.805494
1413394886755760384.000000,0.000000,0.000000,22.168466,12.889568,0.128929,0.184003,21.576203,0.251043,39.255654
1413394886805760512.000000,0.000000,0.000000,17.606522,12.577980,0.128673,0.090081,14.669974,0.121858,34.529547
1413394886855760384.000000,0.000000,0.000000,19.762549,13.156035,0.127329,0.081217,13.373350,1.041805,37.244141
1413394886905760512.000000,0.000000,0.000000,18.245698,12.588988,0.123842,0.178562,16.901937,0.140610,35.121939
1413394886955760384.000000,0.000000,0.000000,19.265007,12.380793,0.127297,0.088961,16.628110,0.143906,35.783580
1413394887005760512.000000,0.000000,0.000000,18.388835,12.421017,0.126658,0.074497,12.438138,1.069165,35.437815
1413394887055760384.000000,0.000000,0.000000,21.254823,12.709246,0.124066,0.176258,15.742723,0.170978,40.611543
1413394887105760512.000000,0.000000,0.000000,18.331491,12.736862,0.124002,0.075521,12.100566,0.204130,57.869933
1413394887305760512.000000,0.000000,0.000000,18.257794,12.759646,0.422309,0.053952,9.455605,0.964684,3.301417
1413394887355760384.000000,0.000000,0.000000,16.825937,8.547338,0.113506,0.099265,12.631357,0.131682,3.305417
1413394887555760384.000000,0.000000,0.000000,18.719752,12.833535,0.387524,0.063392,11.751570,1.132942,3.184424
1413394887605760512.000000,0.000000,0.000000,20.053624,10.317024,0.116161,0.153154,16.365354,0.154722,54.495778
1413394887805760512.000000,0.000000,0.000000,18.962731,12.364025,0.377221,0.070241,12.950496,0.824203,45.660662
1413394887855760384.000000,0.000000,0.000000,17.584666,10.022332,0.145057,0.133986,15.211932,0.147233,3.310665
1413394888055760384.000000,0.000000,0.000000,18.049823,12.729534,0.371429,0.079393,12.774750,0.914156,3.417995
1413394888255760384.000000,0.000000,0.000000,18.972203,13.155683,0.384613,0.095361,16.342730,0.144673,3.480235
1413394888305760512.000000,0.000000,0.000000,18.567782,10.958727,0.146786,0.104961,14.746838,0.937163,56.031734
1413394888505760512.000000,0.000000,0.000000,20.911619,12.890848,0.430661,0.141218,18.452292,0.178242,49.596934
1413394888555760384.000000,0.000000,0.000000,17.200629,8.731564,0.125985,0.190018,15.484896,0.160322,3.489035
1413394888755760384.000000,0.000000,0.000000,16.547661,12.850751,0.416358,0.106210,16.991666,0.158114,3.506860
1413394888805760512.000000,0.000000,0.000000,17.800060,5.367907,0.093281,0.108610,16.342730,1.594483,3.521643
1413394888855760384.000000,0.000000,0.000000,19.136621,9.987580,0.094561,0.195010,22.032145,0.195650,56.537564
1413394889055760384.000000,0.000000,0.000000,19.706740,12.519483,0.346245,0.101090,15.876356,0.185890,46.263709
1413394889105760512.000000,0.000000,0.000000,18.278658,7.774848,0.151266,0.098977,16.166824,0.133921,3.220968
1413394889305760512.000000,0.000000,0.000000,17.258997,11.800850,0.384421,0.107937,15.556577,0.111681,3.403370
1413394889355760384.000000,0.000000,0.000000,18.351107,7.437116,0.072225,0.109025,17.251894,0.312228,3.318090
1413394889405760512.000000,0.000000,0.000000,17.390135,9.366132,0.155586,0.094625,13.911789,0.103777,54.773894
1413394889455760384.000000,0.000000,0.000000,19.969304,8.922926,0.154818,0.126081,20.685536,1.323120,3.575757
1413394889505760512.000000,0.000000,0.000000,16.783216,8.726412,0.154498,0.188226,19.848086,0.286660,3.472715
1413394889555760384.000000,0.000000,0.000000,17.475704,9.189042,0.158466,0.121793,21.660557,1.450418,3.457643
1413394889755760384.000000,0.000000,0.000000,19.039307,10.858758,0.388133,0.230275,23.104030,0.223139,61.619931
1413394889805760512.000000,0.000000,0.000000,20.769857,12.968577,0.160066,0.140930,24.229068,1.289328,54.450370
1413394889855760384.000000,0.000000,0.000000,17.598266,6.746900,0.152994,0.213858,22.513687,0.275076,3.296265
1413394889905760512.000000,0.000000,0.000000,19.306799,7.958178,0.106625,0.122145,21.043301,0.254595,3.430987
1413394889955760384.000000,0.000000,0.000000,20.698401,8.700972,0.182083,0.105857,20.125689,0.990252,4.421815
1413394890005760512.000000,0.000000,0.000000,19.781845,8.557290,0.135394,0.211203,20.712448,0.184483,66.839451
1413394890055760384.000000,0.000000,0.000000,18.970027,9.790937,0.130114,0.126370,21.323144,0.223010,48.060435
1413394890105760512.000000,0.000000,0.000000,20.429341,10.211454,0.094978,0.123265,17.664955,0.919787,3.148487
1413394890155760384.000000,0.000000,0.000000,20.389308,10.024125,0.141858,0.243811,20.997988,0.184707,3.287785
1413394890205760512.000000,0.000000,0.000000,19.512529,8.188582,0.110658,0.137890,17.711419,0.151170,3.987889
1413394890255760384.000000,0.000000,0.000000,18.541861,10.102973,0.140577,0.120098,18.351139,0.830794,57.716523
1413394890305760512.000000,0.000000,0.000000,18.622215,10.105757,0.129474,0.240131,19.764821,0.199138,49.216897
1413394890355760384.000000,0.000000,0.000000,17.453432,8.707564,0.124353,0.137794,17.512089,0.139618,51.879107
1413394890405760512.000000,0.000000,0.000000,16.133095,9.833977,0.140929,0.147362,16.140839,0.853258,3.358793
1413394890455760384.000000,0.000000,0.000000,18.797737,9.374260,0.140290,0.220995,18.944075,0.155874,3.293640
1413394890505760512.000000,0.000000,0.000000,16.872977,9.655288,0.124961,0.130497,18.196225,0.183939,3.334857
1413394890555760384.000000,0.000000,0.000000,18.298018,9.902203,0.134689,0.122242,17.935486,0.850891,61.410649
1413394890605760512.000000,0.000000,0.000000,16.131463,9.426516,0.149218,0.217027,19.826773,0.180930,52.401577
1413394890655760384.000000,0.000000,0.000000,17.712347,9.646232,0.162338,0.162242,28.989639,1.397554,3.282729
1413394890705760512.000000,0.000000,0.000000,15.511424,9.256147,0.138562,0.234307,24.691313,0.366021,3.095846
1413394890755760384.000000,0.000000,0.000000,17.116340,9.282099,0.158978,0.135553,22.658297,0.255651,3.222248
1413394890805760512.000000,0.000000,0.000000,17.511640,9.137393,0.134945,0.179842,19.464081,0.919820,52.946415
1413394890855760384.000000,0.000000,0.000000,17.478169,8.442824,0.145281,0.231331,21.971408,0.273220,47.533036
1413394890905760512.000000,0.000000,0.000000,17.376823,10.294336,0.109890,0.120417,17.806077,0.205090,45.247248
1413394890955760384.000000,0.000000,0.000000,17.735260,10.045180,0.152226,0.136162,15.995718,0.825962,45.575701
1413394891005760512.000000,0.000000,0.000000,17.728507,9.436789,0.152674,0.205571,17.773244,0.185442,41.309408
1413394891055760384.000000,0.000000,0.000000,19.666452,9.739384,0.104257,0.116801,15.848773,0.168354,43.733886
1413394891105760512.000000,0.000000,0.000000,18.934026,11.225835,0.152290,0.139458,18.262722,1.338480,3.523020
1413394891155760384.000000,0.000000,0.000000,18.263874,11.469486,0.162274,0.189506,21.217863,0.330308,3.505003
1413394891205760512.000000,0.000000,0.000000,20.979396,8.501449,0.156258,0.085217,15.213149,0.160706,3.496907
1413394891255760384.000000,0.000000,0.000000,19.486321,10.200543,0.158242,0.116898,17.991647,1.177679,46.941125
1413394891305760512.000000,0.000000,0.000000,19.897238,9.724025,0.154754,0.174338,18.243906,0.279236,126.014968
1413394891505760512.000000,0.000000,0.000000,16.974835,12.163606,0.412069,0.088865,13.503815,0.124385,30.867391
1413394891555760384.000000,0.000000,0.000000,19.101645,12.197911,0.116226,0.072929,14.237680,0.172994,53.960316
1413394891605760512.000000,0.000000,0.000000,16.612110,10.643620,0.167906,0.071265,11.759089,0.859146,44.201188
1413394891655760384.000000,0.000000,0.000000,18.505061,10.023996,0.154818,0.129921,13.375174,0.107202,44.428230
1413394891705760512.000000,0.000000,0.000000,18.026335,10.515330,0.152289,0.075713,14.053742,0.118305,43.530843
1413394891755760384.000000,0.000000,0.000000,19.308015,10.217759,0.158306,0.080449,12.866112,0.871659,45.882776
1413394891805760512.000000,0.000000,0.000000,21.987408,8.096516,0.136386,0.171906,16.346474,0.141474,51.524158
1413394891855760384.000000,0.000000,0.000000,20.072824,7.883778,0.130114,0.085153,15.049243,0.141218,42.469165
1413394891905760512.000000,0.000000,0.000000,13.830059,7.203418,0.134625,0.074785,13.540776,0.743914,45.917784
1413394891955760384.000000,0.000000,0.000000,18.896490,8.927406,0.141249,0.138370,15.988966,0.124129,45.524276
1413394892005760512.000000,0.000000,0.000000,19.141325,8.639691,0.132674,0.091873,14.451059,0.132545,41.032412
1413394892055760384.000000,0.000000,0.000000,15.796451,5.663239,0.148385,0.079393,12.754558,0.732618,42.644112
1413394892105760512.000000,0.000000,0.000000,15.904933,8.447240,0.144546,0.140321,16.312810,0.148514,47.196873
1413394892155760384.000000,0.000000,0.000000,14.618485,8.617418,0.150145,0.089153,13.897580,0.132322,43.363129
1413394892205760512.000000,0.000000,0.000000,16.325707,7.563389,0.153442,0.086369,12.602332,0.633287,42.915763
1413394892255760384.000000,0.000000,0.000000,16.401035,7.198489,0.153314,0.109025,15.007802,0.118049,39.789164
1413394892305760512.000000,0.000000,0.000000,15.975398,8.073828,0.156130,0.109761,16.567437,0.835082,40.486646
1413394892355760384.000000,0.000000,0.000000,14.567733,5.273953,0.152129,0.120897,17.563738,0.258083,37.438384
1413394892405760512.000000,0.000000,0.000000,14.016909,7.646239,0.149858,0.120417,19.350640,1.061453,47.735503
1413394892455760384.000000,0.000000,0.000000,17.357207,6.835093,0.115489,0.177602,20.849058,0.433893,43.508058
1413394892505760512.000000,0.000000,0.000000,16.155304,3.950256,0.094657,0.090369,17.659579,0.174754,42.493806
1413394892555760384.000000,0.000000,0.000000,16.393899,4.835451,0.099201,0.077217,14.454579,0.163298,43.164279
1413394892605760512.000000,0.000000,0.000000,16.036454,10.597924,0.169378,0.072001,15.519648,0.829866,44.241092
1413394892655760384.000000,0.000000,0.000000,15.904293,10.559235,0.136449,0.065569,15.637250,0.118402,45.745782
1413394892705760512.000000,0.000000,0.000000,17.321430,10.321952,0.149954,0.102401,12.213975,0.167042,47.617710
1413394892755760384.000000,0.000000,0.000000,18.146081,11.679024,0.084513,0.069441,11.313580,0.089537,46.863364
1413394892805760512.000000,0.000000,0.000000,16.729487,6.704179,0.122913,0.132162,15.799171,0.101729,47.138120
1413394892855760384.000000,0.000000,0.000000,17.711387,8.384392,0.123969,0.127138,16.635662,0.885962,46.143035
1413394892905760512.000000,0.000000,0.000000,16.555149,9.098641,0.164642,0.072257,18.663495,0.148002,48.578297
1413394892955760384.000000,0.000000,0.000000,16.650670,8.979855,0.144994,0.131554,17.829661,0.161698,46.919653
1413394893005760512.000000,0.000000,0.000000,16.344906,6.121452,0.143714,0.084193,19.163341,0.198018,3.493420
1413394893055760384.000000,0.000000,0.000000,18.371683,8.821294,0.158338,0.133601,17.618234,0.891019,3.507435
1413394893105760512.000000,0.000000,0.000000,17.471065,9.623959,0.155554,0.224355,20.021848,0.284804,3.622061
1413394893155760384.000000,0.000000,0.000000,16.261545,6.450096,0.136162,0.134722,16.736719,0.158850,47.023334
1413394893205760512.000000,0.000000,0.000000,17.327510,9.284851,0.170402,0.126786,16.518413,0.205667,53.222227
1413394893255760384.000000,0.000000,0.000000,18.711272,8.666956,0.091937,0.116546,15.652225,1.051149,45.219376
1413394893305760512.000000,0.000000,0.000000,17.183925,6.412912,0.147842,0.269475,21.445417,0.210051,45.791062
1413394893355760384.000000,0.000000,0.000000,16.798224,7.864641,0.157794,0.147362,18.678695,0.160034,45.881592
1413394893405760512.000000,0.000000,0.000000,16.956594,8.858829,0.097857,0.095554,17.286294,0.171043,46.384670
1413394893455760384.000000,0.000000,0.000000,14.683926,7.276538,0.166498,0.148642,19.886582,0.133089,47.180328
1413394893505760512.000000,0.000000,0.000000,16.807536,9.650903,0.167522,0.140642,16.766608,0.134146,43.063061
1413394893555760384.000000,0.000000,0.000000,15.821700,8.350439,0.092514,0.137666,19.122701,0.142242,36.031934
1413394893605760512.000000,0.000000,0.000000,14.378610,7.358235,0.156481,0.131777,16.354507,0.121826,43.403737
1413394893655760384.000000,0.000000,0.000000,16.790640,8.515497,0.166626,0.131426,17.582970,0.133250,42.932500
1413394893705760512.000000,0.000000,0.000000,18.118112,8.381352,0.160322,0.131233,17.017651,1.076494,41.672772
1413394893755760384.000000,0.000000,0.000000,17.902717,8.612523,0.156705,0.259395,20.530910,0.356004,41.006171
1413394893805760512.000000,0.000000,0.000000,15.423583,7.650591,0.169154,0.137538,16.216937,0.150722,38.229850
1413394893855760384.000000,0.000000,0.000000,23.376897,9.101136,0.092705,0.122210,15.782531,0.154626,37.932118
1413394893905760512.000000,0.000000,0.000000,17.226102,7.170841,0.164322,0.106786,15.396894,1.122574,37.813780
1413394894105760512.000000,0.000000,0.000000,15.993414,11.425902,0.466182,0.235043,17.492121,0.368773,42.114889
1413394894155760384.000000,0.000000,0.000000,16.460460,9.716760,0.204706,0.100641,13.385926,0.162082,33.775874
1413394894205760512.000000,0.000000,0.000000,15.538496,5.968362,0.150050,0.071617,10.601796,0.204643,36.132255
1413394894255760384.000000,0.000000,0.000000,14.432499,8.409480,0.149890,0.053633,8.526121,2.094745,38.601502
1413394894305760512.000000,0.000000,0.000000,16.502284,6.946262,0.169986,0.147490,19.446321,0.169890,29.282923
1413394894355760384.000000,0.000000,0.000000,17.010994,8.801997,0.166306,0.143426,16.196008,0.147297,31.572295
1413394894405760512.000000,0.000000,0.000000,17.478457,9.414068,0.166722,0.118370,15.482880,0.132034,45.340369
1413394894455760384.000000,0.000000,0.000000,15.040378,8.010307,0.161890,0.117122,17.684442,0.155138,44.444038
1413394894505760512.000000,0.000000,0.000000,17.006515,8.783149,0.144833,0.105473,16.372363,0.155522,45.735638
1413394894555760384.000000,0.000000,0.000000,16.372651,8.788749,0.168546,0.076161,14.567892,0.146337,47.937970
1413394894605760512.000000,0.000000,0.000000,16.484620,7.990723,0.142562,0.072193,14.713334,1.298801,36.984842
1413394894655760384.000000,0.000000,0.000000,15.519616,7.058616,0.153314,0.222563,19.632019,0.153154,45.172015
1413394894705760512.000000,0.000000,0.000000,16.135688,7.805664,0.144482,0.104546,16.798416,0.135970,44.733290
1413394894755760384.000000,0.000000,0.000000,15.038106,7.406075,0.152834,0.093985,15.781763,0.171554,45.131663
1413394894805760512.000000,0.000000,0.000000,18.585158,8.399368,0.154786,0.087745,14.930841,0.122529,40.980571
1413394894855760384.000000,0.000000,0.000000,16.567021,11.299628,0.154690,0.085153,15.281757,1.518770,48.464856
1413394894905760512.000000,0.000000,0.000000,15.539872,8.851918,0.087233,0.283012,21.067237,0.195106,49.136160
1413394894955760384.000000,0.000000,0.000000,16.236137,9.723033,0.106850,0.111202,16.315626,0.136130,38.585566
1413394895005760512.000000,0.000000,0.000000,16.799152,10.374785,0.107681,0.099618,17.031059,0.194115,48.328855
1413394895055760384.000000,0.000000,0.000000,16.260489,8.472776,0.138561,0.090561,13.982573,1.342737,49.450661
1413394895105760512.000000,0.000000,0.000000,15.760675,10.680356,0.164642,0.178499,18.800200,0.152386,43.571867
1413394895305760512.000000,0.000000,0.000000,18.969643,13.876588,0.403845,0.079297,16.332842,0.189603,43.990337
1413394895355760384.000000,0.000000,0.000000,19.473873,12.260984,0.190275,0.056129,12.543739,1.056493,47.184904
1413394895405760512.000000,0.000000,0.000000,17.555577,8.242374,0.170210,0.154370,14.777111,0.160578,43.576828
1413394895455760384.000000,0.000000,0.000000,19.038731,12.485274,0.167906,0.071393,14.929049,0.165218,49.164193
1413394895505760512.000000,0.000000,0.000000,17.502424,9.634583,0.179523,0.086849,13.372838,1.097582,50.453425
1413394895555760384.000000,0.000000,0.000000,17.432184,10.729093,0.172995,0.176066,17.829565,0.183362,43.395897
1413394895605760512.000000,0.000000,0.000000,17.711611,9.893499,0.143906,0.091778,16.818672,0.152482,45.632149
1413394895805760512.000000,0.000000,0.000000,17.998494,14.037229,0.433382,0.102562,15.105979,0.986540,50.844054
1413394895855760384.000000,0.000000,0.000000,17.275414,8.592939,0.172994,0.094946,17.161012,0.138657,48.432983
1413394896055760384.000000,0.000000,0.000000,19.495505,13.167427,0.429221,0.081857,16.738991,0.173602,44.774954
1413394896105760512.000000,0.000000,0.000000,20.124761,10.685220,0.097633,0.084609,14.527092,0.867179,56.511196
1413394896305760512.000000,0.000000,0.000000,18.696903,13.176739,0.451526,0.094945,16.313738,0.144706,46.771235
1413394896355760384.000000,0.000000,0.000000,19.110189,8.944719,0.093570,0.086369,15.014234,0.158466,3.381002
1413394896405760512.000000,0.000000,0.000000,20.402845,7.875233,0.093409,0.069217,13.057058,0.829483,3.283977
1413394896455760384.000000,0.000000,0.000000,20.180218,7.622366,0.208227,0.088609,14.724951,0.141378,3.227976
1413394896505760512.000000,0.000000,0.000000,18.606630,9.329012,0.187522,0.058721,14.160719,0.174082,54.616388
1413394896555760384.000000,0.000000,0.000000,18.814729,8.335079,0.177570,0.052417,13.616969,0.990764,53.397461
1413394896605760512.000000,0.000000,0.000000,18.445924,7.745536,0.165154,0.120674,16.844913,0.161698,40.576630
1413394896655760384.000000,0.000000,0.000000,19.020907,7.206201,0.085633,0.080801,15.188732,0.925355,40.388084
1413394896705760512.000000,0.000000,0.000000,20.035224,7.549757,0.171298,0.128226,18.561094,0.183235,45.108047
1413394896755760384.000000,0.000000,0.000000,19.236366,7.472156,0.188994,0.080545,16.139016,0.147906,47.166888
1413394896805760512.000000,0.000000,0.000000,19.370832,6.814484,0.054432,0.070657,16.746704,1.188495,44.801227
1413394896855760384.000000,0.000000,0.000000,20.622912,6.943414,0.144258,0.112930,20.252762,0.164802,43.553083
1413394896905760512.000000,0.000000,0.000000,18.451589,6.711891,0.150786,0.078785,18.112993,1.404050,42.598511
1413394896955760384.000000,0.000000,0.000000,20.844834,6.947382,0.148577,0.141058,21.953616,0.171394,39.912526
1413394897005760512.000000,0.000000,0.000000,21.279271,7.120984,0.144866,0.077249,16.393131,0.148162,41.657220
1413394897055760384.000000,0.000000,0.000000,19.059820,6.993398,0.166530,0.074721,14.794615,0.126049,40.196241
1413394897105760512.000000,0.000000,0.000000,19.059948,7.320986,0.085441,0.086881,16.122888,0.983468,45.098958
1413394897305760512.000000,0.000000,0.000000,19.400624,14.512500,0.476229,0.204803,19.611891,0.245155,40.414420
1413394897355760384.000000,0.000000,0.000000,20.058073,7.923970,0.204291,0.104129,16.497932,0.150818,46.854180
1413394897405760512.000000,0.000000,0.000000,19.003147,8.867886,0.214851,0.096162,16.220584,0.171586,46.247133
1413394897455760384.000000,0.000000,0.000000,20.558846,10.186527,0.193795,0.090881,14.207664,0.116770,45.300017
1413394897505760512.000000,0.000000,0.000000,17.665211,7.948771,0.180770,0.111617,16.221961,0.867211,46.072315
1413394897555760384.000000,0.000000,0.000000,18.720968,8.273382,0.180546,0.191203,17.198613,0.246755,50.437904
1413394897605760512.000000,0.000000,0.000000,15.743459,7.362171,0.190914,0.091425,14.795447,0.142882,46.634817
1413394897655760384.000000,0.000000,0.000000,16.388331,7.813856,0.174914,0.081505,14.817368,0.210082,48.036787
1413394897705760512.000000,0.000000,0.000000,16.071975,8.120005,0.174242,0.076385,13.092898,1.011180,3.069062
1413394897905760512.000000,0.000000,0.000000,17.279477,7.660638,0.446085,0.178466,15.872964,0.146274,3.135335
1413394897955760384.000000,0.000000,0.000000,16.630318,7.551293,0.187138,0.092257,14.490996,0.164898,3.335593
1413394898005760512.000000,0.000000,0.000000,15.202716,7.254042,0.176898,0.070817,12.962497,1.159182,55.906548
1413394898205760512.000000,0.000000,0.000000,17.695163,14.239664,0.460005,0.162146,20.850402,0.194147,59.055035
1413394898255760384.000000,0.000000,0.000000,17.381335,9.689304,0.191586,0.095169,15.397855,0.145025,46.534112
1413394898305760512.000000,0.000000,0.000000,15.913477,5.963882,0.155778,0.079425,15.927973,0.961036,52.366216
1413394898355760384.000000,0.000000,0.000000,14.504691,4.925821,0.168130,0.096193,19.023180,0.162082,47.297866
1413394898405760512.000000,0.000000,0.000000,14.674614,8.112804,0.188738,0.100705,19.027115,0.197411,50.236014
1413394898455760384.000000,0.000000,0.000000,16.486892,5.313729,0.167330,0.089569,15.515264,0.845387,45.908792
1413394898505760512.000000,0.000000,0.000000,15.857829,8.956175,0.158594,0.172002,20.026840,0.199810,3.455050
1413394898555760384.000000,0.000000,0.000000,14.914809,7.864065,0.188738,0.106369,19.502097,0.207619,3.380105
1413394898605760512.000000,0.000000,0.000000,15.479391,7.302010,0.170371,0.087649,15.566913,0.851179,3.323081
1413394898655760384.000000,0.000000,0.000000,15.279069,6.506929,0.168578,0.156737,18.269667,0.176386,59.578978
1413394898705760512.000000,0.000000,0.000000,15.256124,5.680135,0.155458,0.099713,17.901598,0.208610,51.008343
1413394898755760384.000000,0.000000,0.000000,16.127015,7.965346,0.153185,0.087873,17.417048,0.803370,3.206087
1413394898805760512.000000,0.000000,0.000000,16.505165,9.350227,0.164962,0.140673,19.754453,0.157186,3.177767
1413394898855760384.000000,0.000000,0.000000,14.311345,6.093356,0.190434,0.115105,17.033075,0.163618,3.489739
1413394898905760512.000000,0.000000,0.000000,16.768784,7.153849,0.178051,0.073441,15.474367,0.184931,60.884882
1413394898955760384.000000,0.000000,0.000000,15.600097,7.114968,0.167426,0.103617,12.334489,0.120034,59.202781
1413394899005760512.000000,0.000000,0.000000,16.016710,9.655479,0.173282,0.105921,13.686090,0.128162,3.262089
1413394899055760384.000000,0.000000,0.000000,17.280822,10.058205,0.166466,0.089986,13.979597,0.151522,3.149415
1413394899255760384.000000,0.000000,0.000000,16.951058,12.642877,0.376101,0.085121,13.768394,0.160706,3.322569
1413394899305760512.000000,0.000000,0.000000,16.519948,7.162328,0.171650,0.074881,14.185328,0.141506,62.773545
1413394899505760512.000000,0.000000,0.000000,18.894154,14.282288,0.458630,0.082273,13.743210,0.160546,55.751282
1413394899555760384.000000,0.000000,0.000000,17.780156,12.032629,0.182370,0.090849,12.687261,1.780566,54.503778
1413394899605760512.000000,0.000000,0.000000,18.100864,9.721368,0.187682,0.162306,16.975250,0.169602,53.545047
1413394899655760384.000000,0.000000,0.000000,16.447755,8.185574,0.160802,0.122433,16.434124,0.216771,53.756121
1413394899705760512.000000,0.000000,0.000000,18.214465,7.640255,0.181346,0.123042,13.380837,0.182722,53.448470
1413394899755760384.000000,0.000000,0.000000,18.165921,9.488277,0.168418,0.106945,14.422131,0.161186,48.360759
1413394899805760512.000000,0.000000,0.000000,24.322861,5.922666,0.140418,0.107841,15.395839,1.376049,52.063589
1413394899855760384.000000,0.000000,0.000000,18.605094,5.857416,0.125633,0.272611,18.730184,0.269667,49.198849
1413394899905760512.000000,0.000000,0.000000,16.424651,8.426569,0.151938,0.116450,16.148392,0.197315,50.148077
1413394899955760384.000000,0.000000,0.000000,17.849213,8.910606,0.154562,0.119553,16.090631,0.212707,50.911031
1413394900005760512.000000,0.000000,0.000000,18.565958,9.199634,0.161858,0.119585,13.666186,1.355377,48.873501
1413394900055760384.000000,0.000000,0.000000,16.754608,8.116068,0.081313,0.250819,15.750883,0.235682,46.585313
1413394900105760512.000000,0.000000,0.000000,17.021683,8.964175,0.171171,0.104578,14.443762,0.178882,51.569695
1413394900155760384.000000,0.000000,0.000000,17.722203,9.072176,0.170690,0.084161,15.836164,0.160642,51.319579
1413394900205760512.000000,0.000000,0.000000,17.553753,8.135717,0.162402,0.099713,14.040398,1.229007,49.352067
1413394900255760384.000000,0.000000,0.000000,17.057811,7.746880,0.174882,0.198723,16.232713,0.146433,50.924247
1413394900305760512.000000,0.000000,0.000000,16.596877,7.923266,0.161314,0.112193,15.423295,0.163202,3.438059
1413394900355760384.000000,0.000000,0.000000,18.958251,9.046576,0.161730,0.109634,14.775351,0.237027,3.419530
1413394900405760512.000000,0.000000,0.000000,18.054560,10.377249,0.094530,0.122818,16.855120,0.133729,3.909681
1413394900455760384.000000,0.000000,0.000000,21.391848,8.384839,0.171298,0.125666,17.217877,0.119489,69.667358
1413394900505760512.000000,0.000000,0.000000,16.881713,7.838753,0.172738,0.126018,18.443140,0.127745,58.453364
1413394900555760384.000000,0.000000,0.000000,16.545357,9.179506,0.188962,0.130145,18.673767,0.119745,55.917140
1413394900605760512.000000,0.000000,0.000000,17.905342,8.163493,0.161602,0.123905,16.040391,1.104941,55.837012
1413394900655760384.000000,0.000000,0.000000,17.623962,9.273747,0.175394,0.090113,17.198037,0.160194,52.888111
1413394900705760512.000000,0.000000,0.000000,17.411928,7.794304,0.153314,0.099329,11.977749,0.228195,49.496517
1413394900755760384.000000,0.000000,0.000000,17.919454,9.985243,0.171170,0.110882,11.033544,0.144066,44.619177
1413394900805760512.000000,0.000000,0.000000,18.145921,8.785613,0.159234,0.086625,11.673073,1.157103,46.894244
1413394900855760384.000000,0.000000,0.000000,17.836413,7.758880,0.177602,0.072385,13.328005,0.170274,44.588136
1413394900905760512.000000,0.000000,0.000000,16.876913,8.326023,0.180898,0.110369,11.625520,0.203651,3.083686
1413394900955760384.000000,0.000000,0.000000,16.349675,8.087300,0.154274,0.053633,8.977391,0.165186,3.090534
1413394901005760512.000000,0.000000,0.000000,16.586414,8.760940,0.167394,0.079585,13.134754,1.205743,3.299241
1413394901055760384.000000,0.000000,0.000000,17.148821,7.568062,0.088705,0.103585,14.633685,0.143489,50.053196
1413394901105760512.000000,0.000000,0.000000,17.608602,8.283974,0.169954,0.120417,10.971464,0.219363,50.841813
1413394901155760384.000000,0.000000,0.000000,16.503180,8.289255,0.147201,0.094945,13.396838,0.140994,42.319692
1413394901205760512.000000,0.000000,0.000000,14.962617,9.089585,0.165890,0.151042,13.046273,0.310020,3.108902
1413394901255760384.000000,0.000000,0.000000,15.857700,9.939227,0.144065,0.119073,14.558516,0.127425,3.290985
1413394901305760512.000000,0.000000,0.000000,18.060736,9.344948,0.159586,0.123681,15.556961,0.135522,3.308873
1413394901355760384.000000,0.000000,0.000000,16.445772,9.541718,0.143329,0.131394,15.687554,0.139554,56.467483
1413394901405760512.000000,0.000000,0.000000,16.699951,9.573847,0.153538,0.114945,14.664310,0.905132,50.712084
1413394901455760384.000000,0.000000,0.000000,15.780963,8.734604,0.167746,0.258083,19.169069,0.260100,40.147121
1413394901505760512.000000,0.000000,0.000000,15.449184,7.865185,0.151906,0.135266,16.284137,0.197603,38.426908
1413394901555760384.000000,0.000000,0.000000,16.406891,8.669516,0.161506,0.122050,14.600757,0.161730,39.691724
1413394901605760512.000000,0.000000,0.000000,14.106095,6.081259,0.165858,0.122049,11.817618,1.362833,39.774637
1413394901655760384.000000,0.000000,0.000000,14.848568,7.024087,0.180098,0.239619,18.472389,0.220195,43.369209
1413394901705760512.000000,0.000000,0.000000,15.255005,8.295366,0.153282,0.135362,13.075458,0.185634,40.873242
1413394901755760384.000000,0.000000,0.000000,15.788004,8.810061,0.194594,0.092577,12.038933,1.616084,44.016129
1413394901805760512.000000,0.000000,0.000000,17.996766,10.760165,0.173250,0.257027,15.922053,0.339332,41.349760
1413394901855760384.000000,0.000000,0.000000,17.038163,7.856641,0.175682,0.107521,15.192668,0.216259,39.590826
1413394901905760512.000000,0.000000,0.000000,16.567213,7.444540,0.152834,0.063168,9.213394,0.588615,44.768586
1413394901955760384.000000,0.000000,0.000000,17.211189,8.109477,0.170914,0.135970,11.278892,0.196930,44.335941
1413394902005760512.000000,0.000000,0.000000,15.163515,8.106469,0.191843,0.098593,12.525339,0.221506,38.383324
1413394902055760384.000000,0.000000,0.000000,18.305955,7.207098,0.180610,0.056608,9.367700,0.595335,45.000813
1413394902105760512.000000,0.000000,0.000000,15.449952,7.426748,0.175170,0.125634,12.215127,0.173090,41.102077
1413394902155760384.000000,0.000000,0.000000,16.675534,7.126808,0.174210,0.130690,12.585596,0.182370,43.297528
1413394902205760512.000000,0.000000,0.000000,17.917342,8.296935,0.153218,0.057185,10.815845,0.101377,46.926885
1413394902255760384.000000,0.000000,0.000000,17.585242,7.384028,0.167778,0.165346,21.512042,1.888759,3.383946
1413394902305760512.000000,0.000000,0.000000,16.769295,7.531070,0.167522,0.262692,20.413532,0.361476,3.262120
1413394902355760384.000000,0.000000,0.000000,17.542361,8.862542,0.179682,0.119489,16.395083,0.208739,3.329994
1413394902405760512.000000,0.000000,0.000000,18.113952,6.614738,0.164194,0.112097,14.932633,0.257763,52.421737
1413394902455760384.000000,0.000000,0.000000,16.834641,6.705235,0.179074,0.051553,12.837055,1.244240,46.258525
1413394902505760512.000000,0.000000,0.000000,18.692584,6.519985,0.166434,0.244451,19.799157,0.391333,3.339626
1413394902555760384.000000,0.000000,0.000000,17.787740,5.559973,0.143394,0.141634,16.612462,0.189858,3.141191
1413394902605760512.000000,0.000000,0.000000,17.544857,7.298298,0.184002,0.113185,16.173992,0.208995,3.329161
1413394902655760384.000000,0.000000,0.000000,17.775740,6.448559,0.088801,0.100034,15.145947,0.748937,58.806168
1413394902705760512.000000,0.000000,0.000000,19.204270,7.114968,0.175138,0.147394,17.089011,0.206563,56.082935
1413394902755760384.000000,0.000000,0.000000,20.401437,7.591518,0.195266,0.105602,15.540096,0.213091,50.247950
1413394902805760512.000000,0.000000,0.000000,18.846089,5.528229,0.094657,0.079553,14.183375,0.162626,43.604444
1413394902855760384.000000,0.000000,0.000000,19.152973,6.326542,0.099649,0.134082,15.678754,1.023148,45.433171
1413394902905760512.000000,0.000000,0.000000,17.783484,5.005310,0.213090,0.228035,17.882621,0.282723,48.164693
1413394902955760384.000000,0.000000,0.000000,17.571834,5.230785,0.188418,0.118370,15.789571,0.189698,47.538924
1413394903055760384.000000,0.000000,0.000000,18.505030,4.407894,0.190178,0.105954,15.123195,0.208162,40.157617
1413394903155760384.000000,0.000000,0.000000,18.361988,3.980497,0.191970,0.058016,14.593269,1.182606,45.394034
1413394903255760384.000000,0.000000,0.000000,20.056920,8.901646,0.327364,0.242947,18.065344,0.182051,48.887613
1413394903355760384.000000,0.000000,0.000000,18.995915,8.766220,0.302179,0.141666,17.786492,0.208547,51.102552
1413394903455760384.000000,0.000000,0.000000,19.863958,8.718028,0.283875,0.112193,14.783543,0.235299,47.616686
1413394903555760384.000000,0.000000,0.000000,21.312936,10.312959,0.302851,0.091137,17.498073,1.096269,49.826985
1413394903605760512.000000,0.000000,0.000000,20.400541,9.962492,0.203874,0.247075,18.687848,0.280707,49.666151
1413394903655760384.000000,0.000000,0.000000,16.073511,5.600966,0.167458,0.127105,16.120392,0.212706,50.769045
1413394903705760512.000000,0.000000,0.000000,18.956267,5.434883,0.140130,0.113089,16.173129,0.227458,46.202812
1413394903755760384.000000,0.000000,0.000000,16.327114,8.269318,0.215874,0.056768,14.883705,1.059053,44.936108
1413394903805760512.000000,0.000000,0.000000,17.136564,5.999306,0.118817,0.212803,18.290819,0.192547,49.007103
1413394903855760384.000000,0.000000,0.000000,19.749364,6.615570,0.168355,0.147234,14.311281,0.163298,54.922664
1413394903905760512.000000,0.000000,0.000000,17.571545,5.428836,0.174594,0.123202,14.280881,0.225379,53.380853
1413394903955760384.000000,0.000000,0.000000,16.174025,5.506308,0.181635,0.154562,15.763395,1.218927,46.755618
1413394904005760512.000000,0.000000,0.000000,16.328298,7.660287,0.189603,0.297412,17.979231,0.248611,50.266991
1413394904055760384.000000,0.000000,0.000000,17.930270,5.703878,0.097409,0.183618,15.899557,0.172386,47.423787
1413394904105760512.000000,0.000000,0.000000,17.018003,5.053726,0.159810,0.150082,15.230748,0.167362,50.605906
1413394904155760384.000000,0.000000,0.000000,18.766121,5.231552,0.138817,0.159778,14.565332,0.123041,45.998874
1413394904205760512.000000,0.000000,0.000000,18.283778,5.866505,0.192834,0.147522,15.861221,0.126178,50.081100
1413394904255760384.000000,0.000000,0.000000,17.460664,6.874742,0.097793,0.156898,16.522125,0.126946,49.326371
1413394904305760512.000000,0.000000,0.000000,18.137760,7.458013,0.161634,0.149954,16.434155,1.046381,51.421373
1413394904355760384.000000,0.000000,0.000000,17.267446,6.819381,0.096097,0.258723,18.367332,0.290691,46.137435
1413394904405760512.000000,0.000000,0.000000,19.652948,5.959722,0.178754,0.143586,16.441516,0.141826,44.665353
1413394904455760384.000000,0.000000,0.000000,16.432491,6.577266,0.152546,0.143874,16.740111,0.161890,46.272125
1413394904505760512.000000,0.000000,0.000000,17.188181,5.904138,0.175971,0.147682,13.514919,1.284016,47.323914
1413394904555760384.000000,0.000000,0.000000,17.565145,7.249242,0.173730,0.241827,17.703387,0.184163,44.074465
1413394904605760512.000000,0.000000,0.000000,17.742268,7.257754,0.197283,0.148321,16.311818,0.176546,39.785932
1413394904655760384.000000,0.000000,0.000000,21.491050,7.550813,0.189347,0.141410,16.197033,0.153506,38.906498
1413394904705760512.000000,0.000000,0.000000,17.488473,6.759635,0.194019,0.118017,14.227857,0.943980,50.305167
1413394904755760384.000000,0.000000,0.000000,17.944190,6.711891,0.189443,0.206083,18.765928,0.200451,46.891397
1413394904805760512.000000,0.000000,0.000000,21.576875,7.551837,0.186915,0.141762,18.039615,0.193410,44.633417
1413394904855760384.000000,0.000000,0.000000,17.417815,8.078884,0.097025,0.164738,17.245654,0.154594,48.408471
1413394904905760512.000000,0.000000,0.000000,17.389367,8.387976,0.186403,0.110210,13.515175,0.807146,45.292049
1413394904955760384.000000,0.000000,0.000000,18.475397,6.681235,0.111265,0.203522,16.075624,0.202659,42.166251
1413394905005760512.000000,0.000000,0.000000,17.846685,7.425244,0.089569,0.146786,14.809911,0.184002,45.297232
1413394905055760384.000000,0.000000,0.000000,17.170996,7.594654,0.157090,0.123778,15.048602,0.167011,44.607113
1413394905105760512.000000,0.000000,0.000000,15.572481,7.861665,0.149570,0.117441,14.189104,0.978220,43.209719
1413394905155760384.000000,0.000000,0.000000,17.220533,9.170194,0.157154,0.141186,16.305066,0.128225,43.713982
1413394905205760512.000000,0.000000,0.000000,20.790209,8.499529,0.163298,0.157986,16.036134,0.150690,44.067202
1413394905255760384.000000,0.000000,0.000000,15.471711,7.852578,0.100225,0.090338,14.196111,0.190979,49.794536
1413394905305760512.000000,0.000000,0.000000,15.747491,8.022788,0.094529,0.162466,16.687854,0.110529,51.060824
1413394905355760384.000000,0.000000,0.000000,18.947403,10.286335,0.155522,0.145698,15.756451,0.121953,44.915948
1413394905405760512.000000,0.000000,0.000000,17.447096,9.336052,0.232739,0.132322,15.856036,0.098561,46.923653
1413394905455760384.000000,0.000000,0.000000,17.270454,9.141361,0.180834,0.151362,17.949886,0.108738,42.914036
1413394905505760512.000000,0.000000,0.000000,17.312759,10.552739,0.178786,0.125410,15.886500,1.206447,49.162816
1413394905555760384.000000,0.000000,0.000000,17.037075,8.525769,0.190115,0.261155,19.598227,0.288516,44.001921
1413394905605760512.000000,0.000000,0.000000,20.378044,7.842401,0.182754,0.117506,15.689954,0.154753,41.685380
1413394905655760384.000000,0.000000,0.000000,16.528653,9.286323,0.182851,0.141314,14.354706,0.172899,45.515508
1413394905705760512.000000,0.000000,0.000000,18.970411,8.534473,0.195235,0.103073,13.320773,0.222499,44.384486
1413394905755760384.000000,0.000000,0.000000,21.920815,7.259065,0.201730,0.123777,13.278277,1.181871,43.137014
1413394905805760512.000000,0.000000,0.000000,18.569830,9.516054,0.207106,0.268643,19.794741,0.327780,49.272834
1413394905855760384.000000,0.000000,0.000000,18.277282,8.428264,0.186947,0.141250,16.290090,0.179715,46.100635
1413394905905760512.000000,0.000000,0.000000,15.677730,8.844334,0.185954,0.150978,16.549901,0.204675,43.984416
1413394905955760384.000000,0.000000,0.000000,15.912902,8.409640,0.172674,0.122433,13.289765,0.167234,47.019494
1413394906005760512.000000,0.000000,0.000000,14.264177,7.043703,0.091521,0.129154,16.291946,0.727849,44.747338
1413394906055760384.000000,0.000000,0.000000,14.548948,7.573854,0.175459,0.152290,17.309782,0.293636,45.142351
1413394906105760512.000000,0.000000,0.000000,14.993114,7.146680,0.103937,0.106977,15.607490,0.161730,45.316529
1413394906155760384.000000,0.000000,0.000000,15.208924,7.991619,0.167682,0.135362,14.781527,0.187299,46.001466
1413394906205760512.000000,0.000000,0.000000,14.642133,8.032164,0.163650,0.091617,13.675721,0.209635,46.343934
1413394906255760384.000000,0.000000,0.000000,14.095663,7.093112,0.155394,0.163554,21.791662,1.538803,43.817470
1413394906305760512.000000,0.000000,0.000000,17.474264,8.443241,0.171586,0.300868,22.356501,0.324900,44.556808
1413394906355760384.000000,0.000000,0.000000,15.957318,8.405352,0.170050,0.123810,15.138075,0.140450,41.970568
1413394906405760512.000000,0.000000,0.000000,15.670338,8.967439,0.173698,0.135682,15.656706,0.182403,44.526311
1413394906455760384.000000,0.000000,0.000000,18.508101,9.446613,0.204067,0.102689,14.374066,0.216226,43.811518
1413394906505760512.000000,0.000000,0.000000,17.027539,9.517430,0.183170,0.143361,14.527188,1.259471,46.428639
1413394906555760384.000000,0.000000,0.000000,19.014348,9.057936,0.206979,0.265923,20.410045,0.358437,50.720148
1413394906605760512.000000,0.000000,0.000000,25.260505,6.227661,0.171362,0.140130,16.936785,0.173026,51.121305
1413394906655760384.000000,0.000000,0.000000,18.892073,5.724198,0.162370,0.145794,16.220361,0.179011,54.574563
1413394906705760512.000000,0.000000,0.000000,17.935742,6.566001,0.189698,0.133282,15.311389,0.183715,56.392027
1413394906755760384.000000,0.000000,0.000000,20.682752,6.812500,0.178178,0.147745,16.535821,0.135841,58.050703
1413394906805760512.000000,0.000000,0.000000,18.758568,5.450660,0.173730,0.138561,16.974323,0.139554,42.379373
1413394906855760384.000000,0.000000,0.000000,15.184028,5.738119,0.180578,0.143778,16.670606,0.143810,44.008897
1413394906905760512.000000,0.000000,0.000000,17.410392,7.597790,0.186147,0.127266,15.697250,0.136450,46.261500
1413394906955760384.000000,0.000000,0.000000,17.586074,8.877838,0.174562,0.124193,15.596161,0.136034,47.936177
1413394907005760512.000000,0.000000,0.000000,17.191381,5.671526,0.133634,0.127714,15.711746,1.112366,47.718831
1413394907055760384.000000,0.000000,0.000000,17.095444,5.744391,0.131009,0.266148,20.310427,0.372965,43.397658
1413394907105760512.000000,0.000000,0.000000,17.710459,6.015915,0.155106,0.134466,15.784067,0.146466,43.791295
1413394907155760384.000000,0.000000,0.000000,20.063193,9.136465,0.167714,0.140226,16.727887,0.197250,45.489139
1413394907205760512.000000,0.000000,0.000000,17.691163,9.739128,0.173634,0.130338,15.902373,0.194530,46.283325
1413394907255760384.000000,0.000000,0.000000,18.058623,9.119281,0.181666,0.090081,14.811896,1.138798,41.746500
1413394907305760512.000000,0.000000,0.000000,14.630069,8.361480,0.166594,0.189603,16.291689,0.163778,43.487419
1413394907355760384.000000,0.000000,0.000000,16.553421,8.265990,0.183298,0.166530,21.079365,1.431826,42.765010
1413394907405760512.000000,0.000000,0.000000,15.543616,7.599103,0.209891,0.259747,22.895739,0.431749,45.242161
1413394907455760384.000000,0.000000,0.000000,19.783925,10.118877,0.214434,0.146498,18.380804,0.186211,45.043373
1413394907505760512.000000,0.000000,0.000000,17.409752,8.165893,0.204835,0.138978,14.973497,0.172866,42.563407
1413394907555760384.000000,0.000000,0.000000,18.999979,8.457896,0.206562,0.086657,12.725054,0.163938,51.740033
1413394907605760512.000000,0.000000,0.000000,18.392068,7.972835,0.204803,0.097889,13.167011,0.890635,42.956436
1413394907655760384.000000,0.000000,0.000000,18.154689,8.093348,0.177442,0.192963,15.472223,0.158498,44.603688
1413394907705760512.000000,0.000000,0.000000,17.308630,8.254854,0.089537,0.103649,14.197264,0.145986,48.971294
1413394907755760384.000000,0.000000,0.000000,18.242018,9.790777,0.182946,0.107265,15.107771,0.159970,48.995039
1413394907805760512.000000,0.000000,0.000000,16.708175,4.862556,0.155201,0.093218,12.721821,0.101378,49.919114
1413394907855760384.000000,0.000000,0.000000,20.437437,4.860252,0.163010,0.130081,15.649666,1.016652,49.144160
1413394907905760512.000000,0.000000,0.000000,16.429356,6.158764,0.164610,0.160418,19.987224,0.277252,49.370563
1413394907955760384.000000,0.000000,0.000000,15.496800,5.400835,0.074369,0.132098,17.493081,0.143330,50.021516
1413394908005760512.000000,0.000000,0.000000,19.050988,5.471395,0.147618,0.170530,17.246646,0.188643,48.633819
1413394908055760384.000000,0.000000,0.000000,16.345354,6.058987,0.155970,0.142850,16.845584,0.128833,48.745724
1413394908105760512.000000,0.000000,0.000000,16.039366,6.048363,0.149538,0.119234,15.042554,0.115041,47.948722
1413394908305760512.000000,0.000000,0.000000,21.842126,14.431635,0.435365,0.162658,16.962930,0.120002,50.077036
1413394908355760384.000000,0.000000,0.000000,18.103136,11.941588,0.215682,0.160994,17.441624,0.125345,46.667458
1413394908405760512.000000,0.000000,0.000000,18.296322,10.501410,0.196099,0.143362,17.154036,0.149634,43.704541
1413394908455760384.000000,0.000000,0.000000,19.772309,10.150685,0.188579,0.148322,17.292598,0.127490,42.509679
1413394908505760512.000000,0.000000,0.000000,18.870569,10.495298,0.178818,0.142402,16.256617,1.087789,47.594254
1413394908555760384.000000,0.000000,0.000000,18.301315,9.446677,0.183490,0.205794,19.499666,0.317188,41.767781
1413394908605760512.000000,0.000000,0.000000,15.718531,9.029711,0.176418,0.180066,17.204149,0.182339,42.124266
1413394908655760384.000000,0.000000,0.000000,17.085492,8.277542,0.179746,0.145602,16.573165,0.202690,48.096884
1413394908705760512.000000,0.000000,0.000000,19.241966,7.948387,0.239939,0.139426,16.445228,0.206978,45.305521
1413394908755760384.000000,0.000000,0.000000,21.396969,8.200741,0.238563,0.073825,14.984537,0.131649,44.161539
1413394908805760512.000000,0.000000,0.000000,15.841188,8.762092,0.198722,0.138786,16.345131,1.059629,49.737992
1413394908855760384.000000,0.000000,0.000000,16.523756,10.012604,0.222211,0.255555,18.949994,0.308964,47.035974
1413394908905760512.000000,0.000000,0.000000,17.038098,9.737592,0.209442,0.122529,15.836133,0.163906,46.296606
1413394908955760384.000000,0.000000,0.000000,16.356842,9.776857,0.101986,0.137633,16.427948,0.205954,44.367397
1413394909005760512.000000,0.000000,0.000000,15.587009,9.317715,0.095521,0.102369,15.166140,0.222850,48.348119
1413394909055760384.000000,0.000000,0.000000,16.922386,8.751628,0.090721,0.140002,16.879697,1.089997,53.236883
1413394909105760512.000000,0.000000,0.000000,16.153736,8.993007,0.184963,0.279011,19.168046,0.265443,49.298786
1413394909155760384.000000,0.000000,0.000000,18.737864,9.284531,0.211619,0.141762,16.216457,0.142754,52.113093
1413394909205760512.000000,0.000000,0.000000,17.139957,10.051036,0.187170,0.142209,16.258282,0.171138,44.525735
1413394909255760384.000000,0.000000,0.000000,15.288702,7.881121,0.198754,0.106081,15.976742,0.193602,44.959373
1413394909305760512.000000,0.000000,0.000000,16.332874,9.337780,0.204450,0.148193,17.100147,1.130126,40.452501
1413394909355760384.000000,0.000000,0.000000,17.822301,8.199654,0.097505,0.266499,20.224827,0.447270,42.577904
1413394909405760512.000000,0.000000,0.000000,17.427672,8.143620,0.101378,0.126690,15.597665,0.154018,41.734021
1413394909455760384.000000,0.000000,0.000000,18.491141,7.565213,0.218083,0.138274,17.026643,0.226467,44.190851
1413394909505760512.000000,0.000000,0.000000,17.129652,8.010627,0.226307,0.092898,14.274928,0.208547,41.633572
1413394909555760384.000000,0.000000,0.000000,19.735028,8.641291,0.218978,0.115074,15.706530,1.209679,40.642232
1413394909605760512.000000,0.000000,0.000000,18.353219,7.452796,0.173570,0.279908,20.921027,0.231747,46.331869
1413394909655760384.000000,0.000000,0.000000,16.653486,8.319367,0.173570,0.169730,17.132788,0.201155,46.298397
1413394909705760512.000000,0.000000,0.000000,16.736783,10.204030,0.161794,0.122402,15.795875,0.172386,47.849680
1413394909755760384.000000,0.000000,0.000000,17.723580,8.526026,0.184130,0.102625,14.163599,1.187182,51.703713
1413394909805760512.000000,0.000000,0.000000,15.272605,7.256730,0.163330,0.089985,12.123894,0.131617,48.211093
1413394909855760384.000000,0.000000,0.000000,17.583418,8.419368,0.141666,0.115938,12.706109,0.237283,50.423889
1413394909905760512.000000,0.000000,0.000000,16.126280,8.332519,0.158658,0.117345,12.182231,0.180194,48.561977
1413394909955760384.000000,0.000000,0.000000,16.620782,10.596387,0.162370,0.069824,9.908443,0.841994,40.312819
1413394910005760512.000000,0.000000,0.000000,15.871333,9.832986,0.186498,0.093409,12.649276,0.148034,41.900967
1413394910055760384.000000,0.000000,0.000000,16.487820,9.443252,0.188578,0.146178,13.249444,0.240995,45.738070
1413394910105760512.000000,0.000000,0.000000,15.601665,8.001379,0.192866,0.132418,12.380345,0.201315,40.879162
1413394910155760384.000000,0.000000,0.000000,16.737008,8.497417,0.166050,0.080193,10.160830,0.736297,35.874460
1413394910205760512.000000,0.000000,0.000000,18.984907,9.055280,0.168930,0.094914,11.682192,0.140770,44.092738
1413394910255760384.000000,0.000000,0.000000,15.648065,8.158501,0.166434,0.115937,10.763781,0.232259,45.991961
1413394910305760512.000000,0.000000,0.000000,19.107116,8.010371,0.187650,0.095970,10.166141,0.176578,38.818144
1413394910355760384.000000,0.000000,0.000000,19.649716,8.423592,0.169346,0.059873,7.761696,0.744938,40.827641
1413394910405760512.000000,0.000000,0.000000,20.126650,8.961071,0.096737,0.145826,9.363092,0.142562,41.807141
1413394910455760384.000000,0.000000,0.000000,17.458904,7.753088,0.172194,0.094242,9.467893,0.163490,48.360599
1413394910505760512.000000,0.000000,0.000000,19.013259,8.577866,0.088609,0.095681,9.652664,0.122562,47.663502
1413394910555760384.000000,0.000000,0.000000,17.040403,8.320679,0.199555,0.048288,7.333467,0.585384,47.523340
1413394910605760512.000000,0.000000,0.000000,16.109991,9.132722,0.195586,0.106914,8.430760,0.114178,42.956499
1413394910655760384.000000,0.000000,0.000000,15.997126,7.525982,0.186050,0.084545,8.489033,0.156449,49.253058
1413394910705760512.000000,0.000000,0.000000,18.580134,7.080120,0.176418,0.085249,7.787553,0.099681,44.581704
1413394910755760384.000000,0.000000,0.000000,13.952940,6.226894,0.156642,0.038144,6.531633,0.502758,49.421252
1413394910805760512.000000,0.000000,0.000000,15.754339,7.110040,0.057089,0.091329,6.545777,0.086241,42.806002
1413394910855760384.000000,0.000000,0.000000,15.426559,7.248538,0.173987,0.064001,6.050027,0.114113,51.187386
1413394910905760512.000000,0.000000,0.000000,19.903671,10.204446,0.152130,0.038849,4.064146,0.403909,44.390502
1413394910955760384.000000,0.000000,0.000000,16.322762,10.194334,0.156546,0.044128,5.071967,0.050977,44.532999
1413394911005760512.000000,0.000000,0.000000,14.523571,8.323560,0.153922,0.080129,9.243219,1.114414,46.758595
1413394911055760384.000000,0.000000,0.000000,14.883321,6.745811,0.153602,0.086913,6.502864,0.111841,48.567930
1413394911105760512.000000,0.000000,0.000000,17.092244,8.275558,0.166210,0.082817,8.904462,1.060493,34.570220
1413394911155760384.000000,0.000000,0.000000,15.863525,8.765644,0.166594,0.107138,13.962668,0.153922,41.667556
1413394911205760512.000000,0.000000,0.000000,17.995614,11.087625,0.180739,0.072449,10.775397,1.354992,40.517941
1413394911255760384.000000,0.000000,0.000000,17.598649,9.737944,0.170434,0.142530,14.999066,0.172995,35.296149
1413394911305760512.000000,0.000000,0.000000,17.689307,11.208363,0.105825,0.071233,12.548059,0.180706,41.759461
1413394911355760384.000000,0.000000,0.000000,18.118688,10.628452,0.178146,0.086625,13.511943,1.375633,40.213746
1413394911405760512.000000,0.000000,0.000000,24.667857,9.485398,0.164706,0.138305,15.750467,0.174562,37.406863
1413394911455760384.000000,0.000000,0.000000,17.265878,8.344903,0.190018,0.085985,15.142428,1.278448,3.310569
1413394911505760512.000000,0.000000,0.000000,17.760316,9.857274,0.183171,0.143714,13.939724,0.163330,3.754863
1413394911555760384.000000,0.000000,0.000000,17.501240,9.959483,0.100770,0.091265,9.879930,1.328433,3.304073
1413394911605760512.000000,0.000000,0.000000,16.077959,8.582954,0.096353,0.143201,11.499471,1.065357,65.827727
1413394911655760384.000000,0.000000,0.000000,18.674343,9.243442,0.174466,0.129602,14.278513,0.166402,56.575228
1413394911705760512.000000,0.000000,0.000000,14.619445,7.154681,0.180898,0.092993,10.847398,1.099310,49.419076
1413394911755760384.000000,0.000000,0.000000,18.933386,8.732524,0.185890,0.129569,11.220459,0.979596,49.881737
1413394911805760512.000000,0.000000,0.000000,17.080788,8.228133,0.189762,0.115809,12.847295,0.144034,47.825361
1413394911855760384.000000,0.000000,0.000000,16.556621,6.856788,0.191810,0.081889,9.611799,1.374034,53.328948
1413394911905760512.000000,0.000000,0.000000,16.091559,8.373960,0.160898,0.132226,7.510045,0.866538,45.953081
1413394911955760384.000000,0.000000,0.000000,15.300573,6.948118,0.157314,0.096097,6.218925,0.126306,46.464479
1413394912155760384.000000,0.000000,0.000000,16.503469,13.293444,0.414309,0.056768,5.585766,0.727369,48.054611
1413394912205760512.000000,0.000000,0.000000,16.226633,8.551050,0.211970,0.114561,6.366479,0.680905,52.091173
1413394912255760384.000000,0.000000,0.000000,15.916805,8.719500,0.212162,0.085825,5.111840,0.084865,45.381298
1413394912305760512.000000,0.000000,0.000000,14.635446,9.307923,0.200002,0.021792,3.236168,0.516071,45.625332
1413394912355760384.000000,0.000000,0.000000,14.826712,9.307635,0.203427,0.093281,7.967650,0.960332,47.112168
1413394912405760512.000000,0.000000,0.000000,16.694031,9.887451,0.188675,0.100993,5.101119,0.100257,49.239425
1413394912455760384.000000,0.000000,0.000000,16.707471,9.000368,0.119266,0.022368,4.724506,0.328612,45.505811
1413394912505760512.000000,0.000000,0.000000,16.374059,8.627211,0.183234,0.034720,4.673082,0.430917,44.274596
1413394912555760384.000000,0.000000,0.000000,16.346026,8.320135,0.099681,0.038208,6.152813,0.619656,45.504467
1413394912605760512.000000,0.000000,0.000000,17.200340,7.556477,0.104065,0.044033,5.845544,0.593320,51.490877
1413394912655760384.000000,0.000000,0.000000,23.145055,10.065917,0.102818,0.052737,7.938082,0.720521,50.292014
1413394912705760512.000000,0.000000,0.000000,18.717672,10.632483,0.216611,0.064897,8.456072,0.705032,43.133686
1413394912755760384.000000,0.000000,0.000000,17.652954,10.133182,0.114913,0.087233,11.179595,0.108545,49.710408
1413394912805760512.000000,0.000000,0.000000,17.766300,9.614455,0.108641,0.074497,8.098693,0.984876,50.264590
1413394912855760384.000000,0.000000,0.000000,18.899658,9.255219,0.187107,0.095361,11.331628,0.896939,46.875493
1413394912905760512.000000,0.000000,0.000000,17.676859,10.066493,0.222274,0.117154,13.352773,0.160418,47.601806
1413394912955760384.000000,0.000000,0.000000,16.915217,8.381384,0.119649,0.089889,9.502934,0.916844,45.628181
1413394913005760512.000000,0.000000,0.000000,17.431352,7.474493,0.212706,0.115682,14.401234,0.953804,51.808801
1413394913055760384.000000,0.000000,0.000000,18.834249,7.235897,0.205538,0.141826,16.614670,0.200419,43.459962
1413394913105760512.000000,0.000000,0.000000,16.854833,8.307815,0.204034,0.121218,13.067490,0.858955,45.443698
1413394913155760384.000000,0.000000,0.000000,16.499244,6.947670,0.164482,0.131714,15.581761,0.181539,48.492921
1413394913205760512.000000,0.000000,0.000000,18.340483,8.473929,0.180130,0.107938,10.933735,0.820714,49.258529
1413394913405760512.000000,0.000000,0.000000,17.507129,14.396563,0.468966,0.096097,13.822219,0.147970,43.429434
1413394913455760384.000000,0.000000,0.000000,17.925502,9.820122,0.125954,0.094977,10.214559,0.729385,45.992697
1413394913505760512.000000,0.000000,0.000000,17.121044,8.162213,0.116289,0.097250,13.745482,0.155618,43.655356
1413394913555760384.000000,0.000000,0.000000,17.272790,8.557802,0.202562,0.091329,11.040232,0.977420,47.705550
1413394913605760512.000000,0.000000,0.000000,15.764419,7.570686,0.174882,0.126562,13.929324,0.174562,47.118408
1413394913655760384.000000,0.000000,0.000000,15.749763,7.042391,0.177890,0.116962,10.111517,0.902763,47.855569
1413394913705760512.000000,0.000000,0.000000,16.323498,7.186201,0.180642,0.109602,12.175798,0.148930,47.233641
1413394913755760384.000000,0.000000,0.000000,14.096815,5.682950,0.142434,0.078529,7.995907,0.659240,46.380414
1413394913805760512.000000,0.000000,0.000000,15.534464,8.131877,0.178690,0.075201,11.673072,0.114050,49.751368
1413394913855760384.000000,0.000000,0.000000,14.636021,7.792353,0.170818,0.077697,8.529770,0.621832,43.280504
1413394913905760512.000000,0.000000,0.000000,18.730728,11.560687,0.195331,0.079713,12.109046,0.153858,49.634759
1413394913955760384.000000,0.000000,0.000000,18.589415,8.594411,0.094689,0.066561,10.237183,0.844682,49.440773
1413394914005760512.000000,0.000000,0.000000,17.742076,8.657835,0.195970,0.111265,14.154607,0.146562,50.108876
1413394914055760384.000000,0.000000,0.000000,17.154260,10.077885,0.165282,0.120865,10.031133,0.979180,45.101934
1413394914105760512.000000,0.000000,0.000000,16.239625,8.268455,0.159714,0.114690,15.020570,0.203459,51.744481
1413394914155760384.000000,0.000000,0.000000,16.691375,8.253766,0.163330,0.099458,12.630844,1.102925,48.502905
1413394914205760512.000000,0.000000,0.000000,18.159072,8.850509,0.201603,0.138658,18.761320,0.185794,47.562893
1413394914255760384.000000,0.000000,0.000000,17.631290,10.468354,0.207586,0.130274,15.869956,0.905643,42.208650
1413394914305760512.000000,0.000000,0.000000,17.192949,9.388788,0.112033,0.118274,9.837178,0.122306,46.820516
1413394914355760384.000000,0.000000,0.000000,17.377911,9.994716,0.225315,0.124674,10.179806,0.738601,39.710636
1413394914405760512.000000,0.000000,0.000000,19.109292,8.709515,0.106433,0.095809,6.340079,0.145442,42.452909
1413394914455760384.000000,0.000000,0.000000,18.725512,8.321319,0.205571,0.110402,11.567791,0.801322,42.154410
1413394914505760512.000000,0.000000,0.000000,17.397240,7.645118,0.107233,0.086657,7.587518,0.095233,51.054392
1413394914555760384.000000,0.000000,0.000000,17.805980,8.592779,0.193730,0.100674,11.797746,0.762858,47.529996
1413394914605760512.000000,0.000000,0.000000,17.600346,8.205862,0.193282,0.085953,7.296538,0.107393,41.887398
1413394914655760384.000000,0.000000,0.000000,19.008268,10.039580,0.186115,0.092961,11.369485,0.832842,42.985844
1413394914705760512.000000,0.000000,0.000000,19.093484,8.822573,0.189378,0.113121,14.925369,0.155266,45.710133
1413394914755760384.000000,0.000000,0.000000,16.380683,8.603498,0.190915,0.092098,11.561167,0.702281,45.121518
1413394914805760512.000000,0.000000,0.000000,17.201141,8.334887,0.195810,0.103073,14.902265,0.155458,51.954787
1413394914855760384.000000,0.000000,0.000000,16.932466,8.874862,0.190115,0.093953,10.557091,0.675337,49.133729
1413394914905760512.000000,0.000000,0.000000,16.871761,8.367112,0.204611,0.089665,14.653877,0.127681,53.794906
1413394914955760384.000000,0.000000,0.000000,16.030534,8.562186,0.207554,0.088481,11.806611,0.679592,49.375939
1413394915005760512.000000,0.000000,0.000000,23.429954,8.376359,0.142690,0.095585,14.238609,0.150530,53.231155
1413394915055760384.000000,0.000000,0.000000,17.843485,8.005443,0.092225,0.080065,10.123069,0.936716,43.743230
1413394915105760512.000000,0.000000,0.000000,17.631706,9.092625,0.183683,0.099201,14.601493,0.156322,46.526112
1413394915155760384.000000,0.000000,0.000000,16.750927,8.377416,0.199171,0.069889,10.750373,0.785481,52.459114
1413394915205760512.000000,0.000000,0.000000,17.224149,9.560439,0.190915,0.085569,13.741931,0.161794,45.927705
1413394915255760384.000000,0.000000,0.000000,18.679143,7.722975,0.179746,0.068896,9.769625,1.260399,49.712903
1413394915305760512.000000,0.000000,0.000000,17.593658,8.101061,0.183682,0.102753,16.345163,0.153986,39.951790
1413394915355760384.000000,0.000000,0.000000,19.743508,8.394152,0.198530,0.134177,12.397050,1.184015,49.263618
1413394915405760512.000000,0.000000,0.000000,19.652595,8.874990,0.176706,0.180738,15.016922,0.180130,47.805360
1413394915455760384.000000,0.000000,0.000000,15.891749,10.085149,0.186210,0.090305,12.551196,0.153922,43.918624
1413394915505760512.000000,0.000000,0.000000,17.695579,7.506685,0.165922,0.095265,12.441146,1.056941,43.367993
1413394915555760384.000000,0.000000,0.000000,14.974490,8.748524,0.196642,0.163202,14.416979,0.131906,40.523318
1413394915605760512.000000,0.000000,0.000000,15.985382,9.095184,0.169762,0.091809,13.852363,0.142562,3.165319
1413394915655760384.000000,0.000000,0.000000,17.494360,9.761049,0.178211,0.108065,13.316421,1.128302,3.139143
1413394915705760512.000000,0.000000,0.000000,17.292342,6.107051,0.066593,0.176674,16.020263,0.133666,3.310921
1413394915755760384.000000,0.000000,0.000000,17.747835,6.291949,0.168386,0.114722,14.605973,0.141186,58.427859
1413394915805760512.000000,0.000000,0.000000,17.028915,5.843144,0.205539,0.065089,13.431591,1.111758,52.911151
1413394915855760384.000000,0.000000,0.000000,17.268214,5.635334,0.168515,0.182434,16.180329,0.130658,44.676426
1413394915905760512.000000,0.000000,0.000000,16.546189,5.792200,0.153346,0.125506,14.742230,0.143841,44.896972
1413394915955760384.000000,0.000000,0.000000,19.584210,5.642662,0.158850,0.076545,12.254904,1.154447,43.424569
1413394916005760512.000000,0.000000,0.000000,16.132296,5.372482,0.150594,0.165954,15.337886,0.144610,47.004518
1413394916055760384.000000,0.000000,0.000000,17.080339,5.152608,0.151681,0.120290,13.873868,0.166914,51.438653
1413394916105760512.000000,0.000000,0.000000,15.783236,5.019742,0.073568,0.142914,14.944345,0.121922,46.840228
1413394916155760384.000000,0.000000,0.000000,18.125473,4.586937,0.160962,0.127425,15.995174,0.126625,45.777431
1413394916205760512.000000,0.000000,0.000000,18.314019,4.428246,0.177506,0.117249,14.607125,1.115246,45.127055
1413394916255760384.000000,0.000000,0.000000,16.339786,4.509016,0.163202,0.269092,15.547168,0.256419,54.198559
1413394916305760512.000000,0.000000,0.000000,17.914494,3.925169,0.169666,0.109282,13.350757,0.138370,51.222010
1413394916355760384.000000,0.000000,0.000000,20.654240,4.277237,0.148194,0.134466,16.092775,1.489938,49.520869
1413394916405760512.000000,0.000000,0.000000,17.699387,4.092723,0.133410,0.249124,17.983326,0.276228,47.976402
1413394916455760384.000000,0.000000,0.000000,16.638126,4.005458,0.132194,0.117217,15.611393,0.150178,48.499064
1413394916505760512.000000,0.000000,0.000000,20.309947,3.932401,0.130241,0.130338,15.842564,1.698998,49.154400
1413394916555760384.000000,0.000000,0.000000,16.992786,4.195092,0.141826,0.256675,18.404772,0.226051,51.239291
1413394916605760512.000000,0.000000,0.000000,17.595290,3.816400,0.158530,0.104962,12.583611,0.132417,44.746954
1413394916655760384.000000,0.000000,0.000000,18.361443,3.586285,0.149538,0.086497,12.753086,0.173570,47.655086
1413394916705760512.000000,0.000000,0.000000,21.640236,3.581868,0.062081,0.111521,10.269183,1.359472,45.894008
1413394916755760384.000000,0.000000,0.000000,19.187758,3.069894,0.058336,0.101889,11.606831,0.120865,43.818590
1413394916855760384.000000,0.000000,0.000000,20.788802,2.960260,0.139361,0.087425,8.751756,0.131714,48.244150
1413394916955760384.000000,0.000000,0.000000,20.814114,3.495627,0.084385,0.142913,11.710513,0.226979,3.052774
1413394917055760384.000000,0.000000,0.000000,19.958071,8.683020,0.206082,0.090466,12.786270,1.165551,3.361002
1413394917155760384.000000,0.000000,0.000000,19.125773,4.267253,0.093858,0.208547,16.192329,0.156194,3.295817
1413394917255760384.000000,0.000000,0.000000,22.160530,9.276050,0.281860,0.126753,14.762679,0.162882,59.656131
1413394917355760384.000000,0.000000,0.000000,20.803106,10.457473,0.264259,0.124578,12.706301,0.248707,56.285593
1413394917455760384.000000,0.000000,0.000000,21.862926,11.041001,0.287364,0.104194,14.082958,1.189966,49.016543
1413394917555760384.000000,0.000000,0.000000,20.158361,10.808869,0.204034,0.252259,18.181378,0.220739,45.690998
1413394917655760384.000000,0.000000,0.000000,20.513694,11.050441,0.286532,0.120705,14.836344,0.141986,40.802329
1413394917755760384.000000,0.000000,0.000000,18.635431,10.440898,0.205571,0.101089,13.043554,0.176802,41.881127
1413394917855760384.000000,0.000000,0.000000,19.678100,10.177982,0.206371,0.150178,15.890916,1.126318,43.862335
1413394917955760384.000000,0.000000,0.000000,21.233703,10.273151,0.219331,0.255267,16.945586,0.204611,38.774304
1413394918055760384.000000,0.000000,0.000000,19.709396,9.365012,0.265763,0.121185,14.925625,0.142210,43.771294
1413394918155760384.000000,0.000000,0.000000,17.551257,9.876155,0.187458,0.117921,15.355710,0.134273,44.650824
1413394918255760384.000000,0.000000,0.000000,17.377015,11.642416,0.214787,0.071553,13.980141,1.870167,51.514461
1413394918355760384.000000,0.000000,0.000000,17.087092,11.317260,0.188290,0.237699,20.690112,1.424850,52.952623
1413394918455760384.000000,0.000000,0.000000,17.783260,10.538530,0.258563,0.256515,19.758293,0.312708,48.896381
1413394918555760384.000000,0.000000,0.000000,18.288738,10.207870,0.193699,0.169666,17.967518,1.901816,49.635975
1413394918655760384.000000,0.000000,0.000000,21.234407,11.528431,0.255267,0.267812,20.772001,0.256163,45.398290
1413394918755760384.000000,0.000000,0.000000,17.003891,11.488206,0.258691,0.143458,14.719158,1.448082,44.657801
1413394918855760384.000000,0.000000,0.000000,18.022944,5.867176,0.130081,0.229827,19.250062,0.178818,48.894910
1413394918955760384.000000,0.000000,0.000000,17.018611,3.960241,0.083009,0.104961,13.188483,0.121921,50.506610
1413394919055760384.000000,0.000000,0.000000,17.795196,3.978929,0.119842,0.107233,13.800619,0.125186,48.640666
1413394919155760384.000000,0.000000,0.000000,15.762403,4.060403,0.142594,0.080097,11.258380,1.284400,49.892521
1413394919255760384.000000,0.000000,0.000000,15.244829,3.580300,0.114977,0.166850,13.648777,0.119681,49.867946
1413394919355760384.000000,0.000000,0.000000,14.980857,3.237704,0.084129,0.131042,14.868216,1.394354,52.040741
1413394919455760384.000000,0.000000,0.000000,17.923678,5.773256,0.170723,0.227459,16.928082,0.197379,47.638350
1413394919555760384.000000,0.000000,0.000000,14.592821,2.561056,0.121761,0.108642,15.018138,0.123170,48.021523
1413394919655760384.000000,0.000000,0.000000,20.351292,3.264424,0.121794,0.126913,13.391046,1.452882,47.413771
1413394919755760384.000000,0.000000,0.000000,17.182005,4.442231,0.144097,0.213507,18.292898,0.186818,48.807356
1413394919855760384.000000,0.000000,0.000000,17.600986,5.247809,0.166722,0.125634,13.354245,1.327824,49.871497
1413394919955760384.000000,0.000000,0.000000,16.620430,6.174988,0.180770,0.191234,16.922034,0.117889,49.248226
1413394920055760384.000000,0.000000,0.000000,16.416140,9.583574,0.240195,0.104674,14.831127,0.115617,46.414751
1413394920155760384.000000,0.000000,0.000000,17.983710,9.921883,0.238979,0.099233,12.099830,1.003468,47.317514
1413394920255760384.000000,0.000000,0.000000,19.313647,10.258047,0.235395,0.123521,14.169296,0.101217,45.376818
1413394920355760384.000000,0.000000,0.000000,19.447729,10.440354,0.242147,0.092161,14.168080,0.159490,47.161864
1413394920455760384.000000,0.000000,0.000000,19.300078,10.088349,0.239939,0.099073,11.333229,1.121038,56.522364
1413394920555760384.000000,0.000000,0.000000,19.629171,10.416449,0.236387,0.110433,16.336138,0.100865,45.908280
1413394920655760384.000000,0.000000,0.000000,17.285654,10.768134,0.258819,0.082881,12.795647,0.088289,47.117448
1413394920755760384.000000,0.000000,0.000000,19.117709,8.295078,0.256035,0.078465,10.959176,0.090913,46.064155
1413394920855760384.000000,0.000000,0.000000,18.870090,10.240543,0.255523,0.092897,13.648745,0.080993,49.598598
1413394920955760384.000000,0.000000,0.000000,17.832797,10.642628,0.261155,0.103490,13.183523,1.360945,52.186310
1413394921055760384.000000,0.000000,0.000000,17.700251,10.094621,0.194210,0.193891,16.680622,0.115841,46.176508
1413394921155760384.000000,0.000000,0.000000,18.017343,8.992687,0.278851,0.094529,14.355058,0.103969,50.120364
1413394921255760384.000000,0.000000,0.000000,18.099968,9.775641,0.248868,0.104449,12.149942,0.111009,47.719503
1413394921355760384.000000,0.000000,0.000000,19.431953,9.631415,0.267939,0.086881,14.706934,0.139618,47.462252
1413394921455760384.000000,0.000000,0.000000,17.160501,10.269311,0.198146,0.085793,14.415411,0.109665,51.371452
1413394921555760384.000000,0.000000,0.000000,17.432952,10.641348,0.263172,0.084897,12.595004,0.801258,46.426815
1413394921655760384.000000,0.000000,0.000000,18.642215,8.832942,0.242563,0.111713,13.176067,0.086817,45.612213
1413394921755760384.000000,0.000000,0.000000,19.956631,8.252710,0.266563,0.068705,11.397357,0.087393,46.980677
1413394921855760384.000000,0.000000,0.000000,16.918162,6.658258,0.255267,0.050048,9.775193,0.724073,40.466421
1413394921955760384.000000,0.000000,0.000000,16.497036,6.839572,0.241571,0.076417,13.642441,0.078337,41.857607
1413394922055760384.000000,0.000000,0.000000,15.775876,8.121988,0.243491,0.083137,10.956200,1.137967,39.960398
1413394922155760384.000000,0.000000,0.000000,16.437131,8.010564,0.248291,0.109761,15.019610,0.118977,37.933334
1413394922255760384.000000,0.000000,0.000000,18.588486,8.491657,0.239011,0.067617,9.617911,0.138145,39.918670
1413394922355760384.000000,0.000000,0.000000,17.047475,10.159358,0.261315,0.078305,12.369049,1.285552,43.950048
1413394922455760384.000000,0.000000,0.000000,17.493208,10.654404,0.254564,0.199362,16.244169,0.112545,39.130788
1413394922555760384.000000,0.000000,0.000000,18.445989,9.743129,0.200675,0.111969,14.507220,0.122050,37.652947
1413394922655760384.000000,0.000000,0.000000,18.536677,10.739301,0.239139,0.061313,12.296824,0.114594,37.264110
1413394922755760384.000000,0.000000,0.000000,18.772552,11.401741,0.264067,0.097185,13.323013,0.140098,38.719008
1413394922855760384.000000,0.000000,0.000000,18.976747,11.806418,0.265539,0.084001,13.998350,0.119169,37.561073
1413394922955760384.000000,0.000000,0.000000,16.386187,9.626999,0.277827,0.088321,12.731870,0.112065,33.640800
1413394923055760384.000000,0.000000,0.000000,17.517177,5.341026,0.153090,0.090177,12.470202,0.745450,35.788923
1413394923155760384.000000,0.000000,0.000000,17.565497,5.418787,0.197090,0.112673,13.866444,0.113153,39.402216
1413394923255760384.000000,0.000000,0.000000,16.755279,2.816163,0.122434,0.068609,12.509307,0.103233,36.397475
1413394923355760384.000000,0.000000,0.000000,16.009286,7.621758,0.270307,0.085921,11.034184,1.088109,33.013560
1413394923455760384.000000,0.000000,0.000000,16.110375,3.640205,0.139298,0.140226,14.672022,0.097217,37.402543
1413394923555760384.000000,0.000000,0.000000,15.175260,7.262842,0.256419,0.087073,14.362898,0.096673,34.299945
1413394923655760384.000000,0.000000,0.000000,17.141300,3.675534,0.139010,0.079649,12.296632,0.088417,33.938788
1413394923755760384.000000,0.000000,0.000000,16.188265,7.697503,0.253987,0.091490,15.707074,0.092738,33.220316
1413394923855760384.000000,0.000000,0.000000,16.718351,8.464137,0.254020,0.109153,16.867185,0.111074,36.276865
1413394923955760384.000000,0.000000,0.000000,15.816452,7.354747,0.256643,0.094466,17.104627,0.104161,33.093818
1413394924055760384.000000,0.000000,0.000000,17.119636,9.397428,0.237219,0.110593,15.549185,1.037005,32.807831
1413394924155760384.000000,0.000000,0.000000,17.379991,8.723916,0.247875,0.207363,16.746575,0.147681,33.739458
1413394924255760384.000000,0.000000,0.000000,16.330826,9.928987,0.224355,0.098914,13.755786,0.110914,44.067713
1413394924355760384.000000,0.000000,0.000000,16.173544,9.507094,0.235811,0.094625,13.533095,0.122177,34.806766
1413394924455760384.000000,0.000000,0.000000,16.291337,10.224350,0.223107,0.058881,9.864026,0.728073,46.653058
1413394924555760384.000000,0.000000,0.000000,14.970233,10.145278,0.239395,0.101921,10.031036,0.088897,50.585490
1413394924655760384.000000,0.000000,0.000000,15.259165,4.958622,0.220739,0.046816,9.215058,0.099010,50.891959
1413394924755760384.000000,0.000000,0.000000,15.919653,10.869319,0.243363,0.044992,7.589758,0.905548,51.662560
1413394924855760384.000000,0.000000,0.000000,15.309086,7.206137,0.240707,0.058401,10.826854,0.102818,51.065528
1413394924905760512.000000,0.000000,0.000000,14.981338,6.393327,0.189282,0.047488,3.516492,0.744681,49.169504
1413394924955760384.000000,0.000000,0.000000,16.759023,11.272236,0.164194,0.078049,10.695140,0.105666,51.389533
1413394925005760512.000000,0.000000,0.000000,16.844912,8.979791,0.177378,0.073313,7.500381,1.070190,53.033936
1413394925055760384.000000,0.000000,0.000000,15.066395,6.071147,0.174818,0.097889,8.191622,0.075809,49.078688
1413394925105760512.000000,0.000000,0.000000,14.729815,8.098244,0.159394,0.089409,8.619594,0.148770,43.961248
1413394925155760384.000000,0.000000,0.000000,16.367306,9.181073,0.168451,0.077761,10.801926,1.336849,46.998758
1413394925205760512.000000,0.000000,0.000000,15.316829,7.630110,0.166050,0.086273,15.523777,0.147362,48.130548
1413394925255760384.000000,0.000000,0.000000,17.324438,8.979599,0.154946,0.122082,14.756503,0.132738,46.063194
1413394925305760512.000000,0.000000,0.000000,15.209596,7.373595,0.162146,0.109985,12.437178,0.219971,45.576532
1413394925355760384.000000,0.000000,0.000000,15.381214,7.055256,0.162530,0.122241,14.752279,0.123970,51.066585
1413394925405760512.000000,0.000000,0.000000,17.715964,9.641847,0.185698,0.105057,11.423310,0.105185,44.376101
1413394925455760384.000000,0.000000,0.000000,16.573421,8.106948,0.164098,0.103489,12.724669,0.121697,37.057323
1413394925505760512.000000,0.000000,0.000000,17.528345,8.627275,0.179746,0.087713,11.720305,0.117634,31.805258
1413394925555760384.000000,0.000000,0.000000,15.208285,9.297427,0.145474,0.089921,11.977108,1.585556,32.491667
1413394925605760512.000000,0.000000,0.000000,13.727338,6.606642,0.147233,0.099105,17.069203,0.212419,31.405989
1413394925655760384.000000,0.000000,0.000000,19.101004,8.125349,0.147586,0.132546,11.312876,0.155106,28.337982
1413394925705760512.000000,0.000000,0.000000,15.747683,6.498160,0.151042,0.108642,9.104528,0.105633,26.191845
1413394925755760384.000000,0.000000,0.000000,16.341195,10.306751,0.162818,0.133538,14.941625,0.146210,37.493712
1413394925805760512.000000,0.000000,0.000000,17.323351,9.896347,0.167842,0.138018,14.309201,0.145730,26.846668
1413394925855760384.000000,0.000000,0.000000,15.883492,10.466817,0.146786,0.111170,13.749930,0.158082,32.890071
1413394925905760512.000000,0.000000,0.000000,17.024818,7.523773,0.164258,0.102721,13.394278,0.155842,31.577895
1413394925955760384.000000,0.000000,0.000000,15.490976,6.762676,0.161122,0.104674,14.961305,0.170530,34.358409
1413394926155760384.000000,0.000000,0.000000,15.983590,12.707774,0.424517,0.112674,13.961677,1.465618,34.294089
1413394926205760512.000000,0.000000,0.000000,15.851812,8.629482,0.171074,0.217891,17.523065,0.175107,39.604234
1413394926255760384.000000,0.000000,0.000000,16.567502,9.847930,0.169506,0.130017,14.980634,0.165314,42.514702
1413394926455760384.000000,0.000000,0.000000,16.713679,13.856716,0.491686,0.119009,14.784887,0.352325,46.027162
1413394926505760512.000000,0.000000,0.000000,16.215401,10.456258,0.189698,0.139682,14.922841,0.151330,43.978144
1413394926555760384.000000,0.000000,0.000000,16.533037,6.726548,0.166082,0.125666,15.545408,0.159138,46.737219
1413394926605760512.000000,0.000000,0.000000,15.610209,7.883298,0.154018,0.121761,14.101615,0.152449,48.766907
1413394926655760384.000000,0.000000,0.000000,16.161129,7.177849,0.191587,0.105697,13.822315,1.256272,43.628380
1413394926705760512.000000,0.000000,0.000000,16.791600,7.099096,0.137282,0.242147,16.890513,0.254371,48.203957
1413394926755760384.000000,0.000000,0.000000,17.440984,5.446180,0.057057,0.130145,15.598498,0.198563,51.310395
1413394926805760512.000000,0.000000,0.000000,17.259158,6.537521,0.163074,0.111297,12.873600,0.177187,47.753007
1413394926855760384.000000,0.000000,0.000000,14.920729,8.509193,0.167586,0.151106,13.023073,1.132174,48.740828
1413394926905760512.000000,0.000000,0.000000,18.081280,8.028836,0.172002,0.237155,17.294806,0.173986,44.119363
1413394926955760384.000000,0.000000,0.000000,17.133172,7.287898,0.224323,0.148097,15.658466,0.186178,46.949541
1413394927005760512.000000,0.000000,0.000000,16.794608,7.740096,0.157602,0.148866,14.650773,0.300964,45.140303
1413394927055760384.000000,0.000000,0.000000,16.771920,8.018531,0.095553,0.123969,13.821003,1.207087,46.596417
1413394927105760512.000000,0.000000,0.000000,16.395051,8.462856,0.178818,0.299460,18.008191,0.248899,45.026510
1413394927155760384.000000,0.000000,0.000000,20.021720,9.357140,0.169059,0.140417,14.498196,0.182370,47.035975
1413394927205760512.000000,0.000000,0.000000,15.398015,8.884718,0.157666,0.133473,13.382982,0.219299,44.667017
1413394927255760384.000000,0.000000,0.000000,16.668558,9.222099,0.177058,0.137857,14.740567,1.362928,41.050716
1413394927305760512.000000,0.000000,0.000000,17.056371,10.509026,0.176354,0.265252,17.807132,0.186722,37.010794
1413394927355760384.000000,0.000000,0.000000,19.316207,8.839917,0.180482,0.131618,13.667657,0.149922,40.823578
1413394927405760512.000000,0.000000,0.000000,16.153928,8.680331,0.186051,0.100737,12.875200,0.183394,38.436284
1413394927455760384.000000,0.000000,0.000000,17.277590,9.607671,0.184034,0.158178,14.686454,1.350480,44.425894
1413394927655760384.000000,0.000000,0.000000,19.562803,15.780323,0.339140,0.272964,14.175439,0.258787,43.357753
1413394927705760512.000000,0.000000,0.000000,18.397412,13.024354,0.130946,0.105473,13.233284,0.179683,47.661262
1413394927905760512.000000,0.000000,0.000000,15.844069,13.609192,0.503558,0.104961,14.054670,0.231779,44.694442
1413394927955760384.000000,0.000000,0.000000,16.435915,8.528713,0.228098,0.116066,11.347020,1.372625,49.805897
1413394928155760384.000000,0.000000,0.000000,16.110631,11.291500,0.432933,0.209539,16.028614,0.158113,49.087264
1413394928205760512.000000,0.000000,0.000000,17.427992,11.413870,0.224867,0.127298,14.176335,0.160674,54.929032
1413394928255760384.000000,0.000000,0.000000,16.043206,6.583889,0.160514,0.101505,14.567796,0.317380,48.805916
1413394928305760512.000000,0.000000,0.000000,16.089511,7.735552,0.156002,0.136514,13.879787,1.006860,37.692211
1413394928355760384.000000,0.000000,0.000000,16.159144,6.602097,0.170850,0.229347,17.894718,1.304048,38.778912
1413394928405760512.000000,0.000000,0.000000,15.459007,4.929501,0.153154,0.251267,21.189958,0.231011,30.672060
1413394928605760512.000000,0.000000,0.000000,14.965498,10.400865,0.439141,0.153730,19.826517,0.192067,41.207774
1413394928655760384.000000,0.000000,0.000000,15.080123,4.874397,0.196162,0.128642,17.490744,0.158914,31.915083
1413394928705760512.000000,0.000000,0.000000,14.193840,6.754803,0.176354,0.115649,14.582133,0.921579,39.964367
1413394928905760512.000000,0.000000,0.000000,15.780739,9.901691,0.452102,0.209571,17.834877,0.237474,32.882967
1413394928955760384.000000,0.000000,0.000000,14.662102,4.778939,0.127137,0.139874,16.219144,0.155938,41.208670
1413394929155760384.000000,0.000000,0.000000,16.678158,8.748077,0.456741,0.123586,14.417170,0.174498,45.476083
1413394929205760512.000000,0.000000,0.000000,15.431423,5.858120,0.186371,0.136481,13.705514,0.233699,40.388628
1413394929255760384.000000,0.000000,0.000000,13.945933,5.350274,0.186722,0.127393,16.420140,1.126318,46.490784
1413394929305760512.000000,0.000000,0.000000,18.395108,7.780800,0.189314,0.232643,19.078636,0.296868,42.326188
1413394929355760384.000000,0.000000,0.000000,14.558708,5.629381,0.180514,0.130818,13.614088,0.139361,45.856504
1413394929405760512.000000,0.000000,0.000000,14.901624,7.331355,0.176226,0.154658,17.586618,0.177634,43.053845
1413394929605760512.000000,0.000000,0.000000,15.284829,6.965014,0.403685,0.121858,17.117364,1.073038,45.987962
1413394929655760384.000000,0.000000,0.000000,16.863569,8.631787,0.213218,0.203971,15.127675,1.142734,41.072572
1413394929705760512.000000,0.000000,0.000000,14.754711,5.147680,0.158594,0.181186,16.428588,0.296643,40.047824
1413394929755760384.000000,0.000000,0.000000,15.447807,4.864636,0.116577,0.091393,12.170326,0.165954,44.125826
1413394929805760512.000000,0.000000,0.000000,15.974181,10.271104,0.190690,0.056225,11.593679,0.910475,41.517058
1413394930005760512.000000,0.000000,0.000000,15.977765,8.379752,0.422149,0.090817,11.841651,0.810634,36.870569
1413394930055760384.000000,0.000000,0.000000,16.274089,5.901929,0.173538,0.086113,12.088597,0.117697,49.475621
1413394930105760512.000000,0.000000,0.000000,15.341214,4.758651,0.176994,0.062625,7.502621,0.794730,43.962561
1413394930155760384.000000,0.000000,0.000000,14.107022,3.845295,0.163170,0.063809,9.011727,0.909611,41.162590
1413394930205760512.000000,0.000000,0.000000,14.995194,7.015255,0.181187,0.104449,8.043076,0.807978,39.825101
1413394930255760384.000000,0.000000,0.000000,14.293585,6.571154,0.171970,0.068737,7.151865,0.658312,43.320792
1413394930305760512.000000,0.000000,0.000000,14.976441,5.933770,0.153378,0.080257,7.297979,0.736521,42.243115
1413394930355760384.000000,0.000000,0.000000,13.965197,5.412611,0.167714,0.097665,7.338075,0.708553,44.849772
1413394930405760512.000000,0.000000,0.000000,13.951565,4.626361,0.163330,0.064448,9.249811,0.090017,41.448737
1413394930455760384.000000,0.000000,0.000000,11.962132,2.519583,0.095265,0.060673,7.309882,1.011021,43.129654
1413394930505760512.000000,0.000000,0.000000,13.073282,3.207367,0.094817,0.077633,10.596963,0.107810,46.654017
1413394930555760384.000000,0.000000,0.000000,16.579757,7.577597,0.114817,0.071553,8.092772,0.938924,43.478234
1413394930605760512.000000,0.000000,0.000000,13.786666,3.962833,0.092161,0.119554,13.806539,0.183299,46.972229
1413394930655760384.000000,0.000000,0.000000,13.999245,3.566732,0.063009,0.088097,10.360608,1.040301,43.968032
1413394930705760512.000000,0.000000,0.000000,15.277501,10.721445,0.185826,0.107105,14.108111,0.197251,37.952694
1413394930755760384.000000,0.000000,0.000000,15.503839,7.515997,0.134306,0.078657,10.525731,1.177615,47.187592
1413394930805760512.000000,0.000000,0.000000,15.382238,4.920349,0.172962,0.132673,15.583329,0.164962,40.734136
1413394930855760384.000000,0.000000,0.000000,15.187132,5.482243,0.172866,0.105698,12.820798,1.237551,45.766967
1413394930905760512.000000,0.000000,0.000000,15.334462,9.050032,0.160642,0.144194,16.668718,0.213730,47.835184
1413394930955760384.000000,0.000000,0.000000,16.730447,9.738521,0.170626,0.155170,13.479431,0.998956,46.421823
1413394931005760512.000000,0.000000,0.000000,15.706018,7.569950,0.153730,0.100801,6.917494,0.160962,45.104399
1413394931055760384.000000,0.000000,0.000000,16.628878,6.226574,0.157954,0.057792,10.717477,1.122606,40.223410
1413394931105760512.000000,0.000000,0.000000,13.461030,3.127974,0.105025,0.083713,6.479665,0.114145,3.203944
1413394931155760384.000000,0.000000,0.000000,13.497128,3.566828,0.100289,0.070017,9.477301,1.290160,3.246248
1413394931205760512.000000,0.000000,0.000000,13.180611,5.688839,0.146818,0.107810,7.978434,0.113505,3.216232
1413394931255760384.000000,0.000000,0.000000,14.371634,3.782351,0.152321,0.082785,11.809170,1.096398,51.746081
1413394931305760512.000000,0.000000,0.000000,14.117071,5.819592,0.170050,0.098593,8.634219,0.119233,48.433751
1413394931355760384.000000,0.000000,0.000000,12.691837,6.093292,0.165826,0.081569,12.144982,0.959820,46.880709
1413394931405760512.000000,0.000000,0.000000,15.309566,7.541789,0.174498,0.087105,9.120017,0.142274,3.074214
1413394931605760512.000000,0.000000,0.000000,14.549652,8.086949,0.399333,0.095041,13.008321,0.780842,3.754927
1413394931655760384.000000,0.000000,0.000000,15.978886,10.422177,0.189954,0.085537,9.161970,0.138434,3.503532
1413394931705760512.000000,0.000000,0.000000,14.976825,9.245235,0.187746,0.112353,13.641737,0.899915,53.523799
1413394931755760384.000000,0.000000,0.000000,15.440767,9.237683,0.182754,0.091393,8.659403,0.141474,50.218574
1413394931805760512.000000,0.000000,0.000000,17.152949,8.906894,0.153153,0.069345,14.015726,1.064525,40.690456
1413394931855760384.000000,0.000000,0.000000,15.316478,7.306587,0.145250,0.096738,9.193041,0.128610,40.978011
1413394931905760512.000000,0.000000,0.000000,15.875428,7.103480,0.172770,0.077441,14.094031,0.976204,39.351624
1413394931955760384.000000,0.000000,0.000000,14.498323,5.761831,0.164642,0.135809,17.707355,0.190050,40.294323
1413394932005760512.000000,0.000000,0.000000,15.191836,4.608921,0.099042,0.070241,16.786895,0.878603,36.115999
1413394932055760384.000000,0.000000,0.000000,15.671490,7.888642,0.147298,0.122337,19.292815,0.208898,40.383220
1413394932105760512.000000,0.000000,0.000000,14.242705,3.790959,0.086977,0.132417,16.076359,0.949036,41.799942
1413394932155760384.000000,0.000000,0.000000,15.500736,10.023932,0.076033,0.095873,9.676056,0.155650,47.436748
1413394932205760512.000000,0.000000,0.000000,14.536916,5.063006,0.140130,0.092993,15.603234,0.880715,43.792542
1413394932255760384.000000,0.000000,0.000000,14.519252,3.769199,0.141090,0.094081,9.238834,0.146722,41.987400
1413394932305760512.000000,0.000000,0.000000,16.812912,5.875336,0.107201,0.091201,13.790123,0.804554,44.631817
1413394932355760384.000000,0.000000,0.000000,16.012038,8.964367,0.129666,0.076129,9.091569,0.118658,48.313622
1413394932405760512.000000,0.000000,0.000000,16.293482,11.363533,0.149826,0.097890,14.130798,1.017965,48.943358
1413394932455760384.000000,0.000000,0.000000,15.414015,10.702437,0.139777,0.096865,9.565622,0.135170,42.493134
1413394932505760512.000000,0.000000,0.000000,16.457356,8.822093,0.146177,0.040609,6.584401,0.075041,47.395307
1413394932555760384.000000,0.000000,0.000000,16.372331,10.719269,0.134946,0.078881,11.922579,0.979404,50.242318
1413394932605760512.000000,0.000000,0.000000,21.164294,12.646813,0.155906,0.073921,13.782282,0.115361,47.973746
1413394932655760384.000000,0.000000,0.000000,18.448036,11.173994,0.126498,0.072065,7.415804,0.478342,44.880396
1413394932705760512.000000,0.000000,0.000000,16.940082,10.719557,0.142754,0.110849,8.471273,0.074593,47.595629
1413394932755760384.000000,0.000000,0.000000,18.441701,10.868166,0.146466,0.100097,13.517544,1.004429,3.509516
1413394932805760512.000000,0.000000,0.000000,16.982962,11.883795,0.149986,0.136930,17.331415,0.188259,3.736430
1413394932855760384.000000,0.000000,0.000000,18.823177,10.801669,0.091074,0.074561,15.259677,0.861611,3.207464
1413394932905760512.000000,0.000000,0.000000,18.086720,6.928950,0.136289,0.091585,9.410132,0.141954,62.958860
1413394932955760384.000000,0.000000,0.000000,19.258414,5.853353,0.135841,0.035904,6.547281,0.073889,56.718206
1413394933005760512.000000,0.000000,0.000000,21.533226,10.244414,0.159394,0.078657,11.683537,1.103534,3.102502
1413394933055760384.000000,0.000000,0.000000,20.335164,10.236126,0.156034,0.077216,13.235428,0.103521,4.899357
1413394933105760512.000000,0.000000,0.000000,19.603795,9.446421,0.157250,0.083265,9.192914,0.135234,3.815727
1413394933155760384.000000,0.000000,0.000000,19.159149,9.190737,0.159266,0.054112,8.141349,0.189346,54.568228
1413394933205760512.000000,0.000000,0.000000,19.153517,10.396417,0.190114,0.080385,11.933780,0.111618,51.667808
1413394933255760384.000000,0.000000,0.000000,19.940919,11.046377,0.172834,0.080193,12.901279,1.496050,3.163943
1413394933305760512.000000,0.000000,0.000000,19.947223,9.312627,0.178818,0.116642,18.342467,0.164706,3.212455
1413394933355760384.000000,0.000000,0.000000,19.294063,9.394229,0.163394,0.114050,12.899295,0.163746,3.305833
1413394933405760512.000000,0.000000,0.000000,17.760412,8.409256,0.174210,0.087969,13.138563,0.230499,48.513721
1413394933455760384.000000,0.000000,0.000000,19.166445,7.581886,0.158177,0.117985,14.878361,0.202211,53.497558
1413394933505760512.000000,0.000000,0.000000,19.699860,9.163313,0.177058,0.096961,13.397670,1.078894,40.525654
1413394933555760384.000000,0.000000,0.000000,18.347652,9.410132,0.168002,0.205891,15.757827,0.310916,47.360170
1413394933605760512.000000,0.000000,0.000000,18.495653,10.750053,0.169699,0.100290,14.529299,0.166114,39.676555
1413394933655760384.000000,0.000000,0.000000,18.225954,7.914690,0.163074,0.066753,12.517531,1.361265,38.852705
1413394933705760512.000000,0.000000,0.000000,19.782869,10.732997,0.172930,0.216547,18.770344,0.202082,3.333129
1413394933755760384.000000,0.000000,0.000000,17.228117,7.176761,0.149922,0.117026,15.949925,0.235395,3.264840
1413394933805760512.000000,0.000000,0.000000,20.285979,8.686859,0.173154,0.116673,14.166320,1.293040,3.183560
1413394933855760384.000000,0.000000,0.000000,18.211778,6.662483,0.187107,0.211170,16.168937,0.290691,46.791331
1413394933905760512.000000,0.000000,0.000000,18.437284,8.180038,0.166211,0.107714,15.265629,0.248228,42.207466
1413394933955760384.000000,0.000000,0.000000,17.803228,7.680095,0.163618,0.087041,13.768523,1.409618,40.546070
1413394934005760512.000000,0.000000,0.000000,17.654043,8.237798,0.176898,0.196994,18.807241,0.194978,3.239368
1413394934055760384.000000,0.000000,0.000000,18.004543,7.176569,0.182946,0.126946,16.828816,0.213474,3.149671
1413394934105760512.000000,0.000000,0.000000,18.386787,7.875105,0.163010,0.056225,15.187516,1.215247,3.176519
1413394934155760384.000000,0.000000,0.000000,16.457068,7.612318,0.156290,0.214787,18.730248,0.204067,45.757655
1413394934205760512.000000,0.000000,0.000000,19.359856,7.615038,0.191619,0.132417,16.710927,0.215235,43.524187
1413394934255760384.000000,0.000000,0.000000,19.400880,7.525469,0.183778,0.126690,14.637813,1.067309,3.270536
1413394934305760512.000000,0.000000,0.000000,19.230990,7.383867,0.152865,0.194819,17.502680,0.231107,3.119175
1413394934355760384.000000,0.000000,0.000000,18.038655,7.639742,0.168386,0.119521,16.346730,0.208035,3.463819
1413394934405760512.000000,0.000000,0.000000,21.021188,9.024560,0.181794,0.100225,14.790711,0.969964,45.484787
1413394934455760384.000000,0.000000,0.000000,18.624743,6.802548,0.158274,0.183298,15.908709,0.136866,43.262392
1413394934505760512.000000,0.000000,0.000000,19.055468,7.788576,0.176578,0.124098,15.765315,0.158882,38.698431
1413394934555760384.000000,0.000000,0.000000,18.996075,7.004823,0.180931,0.106113,13.532775,0.819242,43.588315
1413394934605760512.000000,0.000000,0.000000,17.106195,6.075532,0.175842,0.157634,17.036979,0.144610,38.833185
1413394934655760384.000000,0.000000,0.000000,18.333219,5.977418,0.196451,0.121858,16.140391,0.144994,40.946523
1413394934705760512.000000,0.000000,0.000000,20.253947,8.978191,0.190210,0.087873,13.905964,0.112257,2.749730
1413394934755760384.000000,0.000000,0.000000,17.414072,7.332763,0.172643,0.120033,15.669442,1.210895,3.209736
1413394934805760512.000000,0.000000,0.000000,18.480708,6.682803,0.197347,0.104897,17.210005,0.129442,3.536780
1413394935005760512.000000,0.000000,0.000000,20.398396,11.669264,0.470726,0.138722,13.895180,0.186242,39.520809
1413394935055760384.000000,0.000000,0.000000,19.248910,8.906639,0.118690,0.128994,14.940345,0.128162,46.596833
1413394935255760384.000000,0.000000,0.000000,20.442013,11.065321,0.455078,0.151362,13.776106,1.062925,37.188716
1413394935305760512.000000,0.000000,0.000000,22.310868,8.927407,0.117185,0.077121,15.295742,0.129282,35.916061
1413394935355760384.000000,0.000000,0.000000,20.383133,9.285011,0.205763,0.139778,14.408242,0.215331,44.520647
1413394935405760512.000000,0.000000,0.000000,18.793897,6.238349,0.110721,0.074977,12.895039,0.189315,3.190184
1413394935455760384.000000,0.000000,0.000000,19.359120,6.454288,0.201411,0.153730,16.882001,0.929579,3.138919
1413394935505760512.000000,0.000000,0.000000,20.043832,6.836309,0.179362,0.076320,16.091528,0.001216,3.258825
1413394935555760384.000000,0.000000,0.000000,18.939818,5.719879,0.169827,0.086721,20.031608,0.002208,44.073634
1413394935605760512.000000,0.000000,0.000000,19.520305,6.221709,0.246307,0.120193,18.805769,0.001632,43.930752
1413394935655760384.000000,0.000000,0.000000,21.174919,7.483037,0.204867,0.151330,27.707031,1.330481,38.989379
1413394935705760512.000000,0.000000,0.000000,22.256339,7.069784,0.169922,0.181123,23.708901,0.251620,34.561100
1413394935905760512.000000,0.000000,0.000000,20.115897,10.282848,0.445574,0.113825,19.803253,0.202115,41.273727
1413394935955760384.000000,0.000000,0.000000,20.001208,9.339348,0.227970,0.104737,20.738977,0.227331,39.740844
1413394936205760512.000000,0.000000,0.000000,21.267815,11.331436,0.524134,0.099841,19.598291,0.197058,38.585214
1413394936255760384.000000,0.000000,0.000000,19.566514,7.922402,0.226403,0.128994,17.545945,1.071437,38.210777
1413394936305760512.000000,0.000000,0.000000,19.141133,8.704684,0.120641,0.233027,21.322472,0.232739,34.592876
1413394936405760512.000000,0.000000,0.000000,18.062208,5.032446,0.208163,0.136546,18.012511,0.181154,29.154889
1413394936505760512.000000,0.000000,0.000000,16.886321,9.405364,0.306372,0.126465,16.932050,0.212866,34.302537
1413394936605760512.000000,0.000000,0.000000,18.955787,10.734149,0.203363,0.119553,16.063431,1.204367,40.762009
1413394936705760512.000000,0.000000,0.000000,17.439800,9.814426,0.287683,0.194370,19.458513,0.215170,37.218509
1413394936805760512.000000,0.000000,0.000000,17.626555,10.831878,0.255843,0.138209,17.105588,0.212354,32.681813
1413394936905760512.000000,0.000000,0.000000,15.832132,5.093503,0.183234,0.113345,17.094676,0.205059,44.056322
1413394937005760512.000000,0.000000,0.000000,19.730868,8.033380,0.188546,0.110561,14.921529,1.155918,44.130851
1413394937105760512.000000,0.000000,0.000000,16.320522,7.977795,0.239427,0.111329,14.814359,0.146306,39.463817
1413394937205760512.000000,0.000000,0.000000,16.578413,5.507684,0.228419,0.121953,14.537812,0.216963,37.351534
1413394937255760384.000000,0.000000,0.000000,15.474848,6.024106,0.156098,0.117217,11.652336,0.002368,42.383565
1413394937305760512.000000,0.000000,0.000000,15.943973,10.094685,0.175074,0.112769,14.333138,1.034125,44.984589
1413394937355760384.000000,0.000000,0.000000,15.774276,11.615408,0.113186,0.071553,15.350846,0.136386,40.486709
1413394937455760384.000000,0.000000,0.000000,18.958282,11.159818,0.236771,0.110754,14.829911,0.216483,40.366004
1413394937555760384.000000,0.000000,0.000000,15.821380,9.326420,0.239235,0.126146,16.910545,0.191394,34.928560
1413394937655760384.000000,0.000000,0.000000,18.851434,11.400301,0.269380,0.094049,16.194632,0.914091,33.820867
1413394937755760384.000000,0.000000,0.000000,17.148341,7.034103,0.258916,0.213122,19.463857,0.193763,34.703438
1413394937855760384.000000,0.000000,0.000000,19.306863,13.371429,0.277315,0.133953,18.615527,0.216867,37.436783
1413394937955760384.000000,0.000000,0.000000,18.375876,8.234790,0.198147,0.123873,16.899346,0.154626,38.845057
1413394938055760384.000000,0.000000,0.000000,19.671188,9.933307,0.273987,0.088129,16.917585,1.097806,35.421590
1413394938155760384.000000,0.000000,0.000000,17.610586,13.316581,0.195842,0.185122,20.775842,0.198882,43.020053
1413394938255760384.000000,0.000000,0.000000,18.211874,10.411105,0.201058,0.127586,18.442212,0.188514,3.177127
1413394938355760384.000000,0.000000,0.000000,18.793289,4.674458,0.155682,0.121921,17.985119,0.177539,3.208679
1413394938455760384.000000,0.000000,0.000000,20.065817,8.359975,0.277604,0.094082,15.462015,1.086605,3.516844
1413394938555760384.000000,0.000000,0.000000,17.971455,5.291617,0.099233,0.210947,18.916298,0.181026,44.763531
1413394938655760384.000000,0.000000,0.000000,18.723560,12.819839,0.198114,0.142722,18.588902,0.196898,48.300822
1413394938755760384.000000,0.000000,0.000000,18.682439,6.898742,0.168450,0.135810,18.093216,0.188322,45.398674
1413394938855760384.000000,0.000000,0.000000,18.759016,11.945812,0.272964,0.101249,17.323799,1.100173,46.500896
1413394938955760384.000000,0.000000,0.000000,19.072748,6.396015,0.163490,0.207554,19.131053,0.176802,43.647197
1413394939055760384.000000,0.000000,0.000000,19.253327,11.646160,0.292900,0.130754,14.670933,0.193090,39.857774
1413394939155760384.000000,0.000000,0.000000,18.183041,5.991754,0.164963,0.086273,19.153773,1.074253,37.852661
1413394939255760384.000000,0.000000,0.000000,20.189370,9.958620,0.276579,0.100769,14.803287,0.117313,34.696078
1413394939355760384.000000,0.000000,0.000000,19.393616,5.610918,0.169890,0.082785,12.961312,0.131522,33.350877
1413394939455760384.000000,0.000000,0.000000,19.998135,9.177361,0.280836,0.064065,13.173187,0.852171,36.165056
1413394939555760384.000000,0.000000,0.000000,18.232386,5.313954,0.163842,0.115554,16.077831,0.135202,33.168059
1413394939655760384.000000,0.000000,0.000000,20.913635,12.194615,0.290403,0.066176,13.536232,0.830059,33.891299
1413394939755760384.000000,0.000000,0.000000,19.966391,5.937962,0.202978,0.075137,16.756592,0.119394,35.083667
1413394939855760384.000000,0.000000,0.000000,19.288335,10.886215,0.279299,0.058689,11.993556,0.813802,31.321156
1413394939955760384.000000,0.000000,0.000000,18.933707,10.566627,0.198691,0.074273,14.012686,0.130338,35.218804
1413394940055760384.000000,0.000000,0.000000,18.665095,11.932436,0.306980,0.056289,12.344729,0.854475,37.874613
1413394940155760384.000000,0.000000,0.000000,19.643731,11.778193,0.207555,0.052961,14.924536,0.137282,44.153026
1413394940255760384.000000,0.000000,0.000000,18.215394,9.659511,0.329380,0.070944,12.530620,0.823850,46.368542
1413394940355760384.000000,0.000000,0.000000,18.518405,5.197185,0.103073,0.082561,15.772835,0.143490,44.637993
1413394940455760384.000000,0.000000,0.000000,18.567654,4.837244,0.181282,0.069249,13.263460,0.843242,44.207459
1413394940555760384.000000,0.000000,0.000000,18.048256,4.729946,0.102146,0.094849,15.901861,0.144961,53.102994
1413394940655760384.000000,0.000000,0.000000,19.916087,9.014704,0.290148,0.085057,13.025825,1.101421,45.366865
1413394940755760384.000000,0.000000,0.000000,19.391152,4.902685,0.105921,0.116769,16.781456,0.187682,45.000110
1413394940855760384.000000,0.000000,0.000000,20.913059,9.882907,0.324580,0.090369,14.976377,1.054509,45.748631
1413394940955760384.000000,0.000000,0.000000,19.205838,5.668550,0.217187,0.127681,18.099745,0.165282,46.830276
1413394941005760512.000000,0.000000,0.000000,20.227674,4.575673,0.127650,0.081857,15.358942,0.150177,51.694336
1413394941055760384.000000,0.000000,0.000000,20.690016,7.896418,0.208963,0.094881,16.353450,0.940427,41.470945
1413394941105760512.000000,0.000000,0.000000,19.836854,7.740896,0.173443,0.084545,17.128244,0.160546,38.543005
1413394941205760512.000000,0.000000,0.000000,19.235694,4.208724,0.146146,0.081857,15.777412,0.206723,51.482237
1413394941305760512.000000,0.000000,0.000000,19.477489,4.193332,0.088961,0.068768,12.838303,0.911915,49.644551
1413394941405760512.000000,0.000000,0.000000,20.589247,8.062340,0.183202,0.086657,13.760714,0.177986,47.361514
1413394941505760512.000000,0.000000,0.000000,20.761217,9.148625,0.289379,0.044000,10.449345,0.829354,46.357246
1413394941605760512.000000,0.000000,0.000000,20.032696,4.018610,0.193987,0.068032,13.407814,0.150818,49.347267
1413394941705760512.000000,0.000000,0.000000,20.293340,5.287745,0.110338,0.055841,12.008468,1.252303,51.113337
1413394941755760384.000000,0.000000,0.000000,19.761173,4.278773,0.060449,0.113665,16.426828,0.182307,51.922915
1413394941805760512.000000,0.000000,0.000000,19.707156,7.044695,0.187746,0.070784,15.647042,0.897355,48.571353
1413394941855760384.000000,0.000000,0.000000,20.025432,9.409461,0.190882,0.092257,17.884286,0.157218,45.854680
1413394941905760512.000000,0.000000,0.000000,18.262370,5.399555,0.135650,0.068449,16.073671,0.205859,46.571008
1413394941955760384.000000,0.000000,0.000000,17.591834,5.212416,0.132546,0.115553,17.737756,1.174990,49.428324
1413394942005760512.000000,0.000000,0.000000,20.678304,8.512393,0.188674,0.100385,19.792597,0.185506,46.475424
1413394942055760384.000000,0.000000,0.000000,20.308411,9.738201,0.200451,0.080993,18.577862,1.005868,48.802493
1413394942105760512.000000,0.000000,0.000000,20.353724,10.024604,0.208898,0.139201,11.881555,1.206383,48.206133
1413394942155760384.000000,0.000000,0.000000,20.135225,8.940078,0.169826,0.102209,15.558177,0.158050,51.049368
1413394942205760512.000000,0.000000,0.000000,17.566649,5.728135,0.161762,0.053761,11.486030,0.742537,41.755397
1413394942255760384.000000,0.000000,0.000000,18.602982,5.630150,0.175426,0.069761,14.585205,0.151010,47.771919
1413394942305760512.000000,0.000000,0.000000,19.626707,7.557374,0.185826,0.051553,12.367065,0.996652,47.199881
1413394942355760384.000000,0.000000,0.000000,19.234190,6.136780,0.192162,0.086305,16.583181,0.144322,46.787267
1413394942405760512.000000,0.000000,0.000000,18.958378,6.907542,0.199650,0.058561,14.542196,1.155950,45.241168
1413394942455760384.000000,0.000000,0.000000,18.654535,8.114180,0.199395,0.089858,19.741396,0.158210,45.470195
1413394942505760512.000000,0.000000,0.000000,20.020216,11.321069,0.112769,0.086849,18.352643,0.738826,48.606330
1413394942555760384.000000,0.000000,0.000000,16.504653,8.657035,0.190946,0.125954,16.823504,0.174306,45.680406
1413394942605760512.000000,0.000000,0.000000,19.942359,10.248511,0.191619,0.058145,11.598768,0.795306,42.427149
1413394942655760384.000000,0.000000,0.000000,17.840861,7.195417,0.092065,0.053953,8.266630,0.147682,47.850833
1413394942705760512.000000,0.000000,0.000000,16.740079,8.623467,0.202114,0.042497,5.378786,0.316324,50.833333
1413394942755760384.000000,0.000000,0.000000,16.961554,9.266099,0.208963,0.025536,5.871113,0.032992,44.882412
1413394942805760512.000000,0.000000,0.000000,26.151396,11.032201,0.206019,0.033856,7.964803,0.036256,43.572763
1413394942855760384.000000,0.000000,0.000000,14.815671,9.157777,0.216835,0.036737,9.232658,0.032256,50.642035
1413394942905760512.000000,0.000000,0.000000,16.558221,9.795449,0.109185,0.031680,11.692657,0.693065,44.736394
1413394942955760384.000000,0.000000,0.000000,19.800245,10.726245,0.100833,0.054881,8.172101,0.068737,44.384389
1413394943005760512.000000,0.000000,0.000000,17.450392,8.632875,0.096673,0.049985,13.172323,0.988972,44.788811
1413394943055760384.000000,0.000000,0.000000,21.237895,9.699864,0.177314,0.052321,9.659479,0.105089,40.396693
1413394943105760512.000000,0.000000,0.000000,15.249149,7.893122,0.180706,0.074177,14.240048,0.853130,45.267024
1413394943155760384.000000,0.000000,0.000000,18.010879,7.778912,0.188227,0.033760,7.736064,0.092513,48.303094
1413394943205760512.000000,0.000000,0.000000,17.682011,8.521034,0.209283,0.052353,8.310343,0.607271,44.629224
1413394943255760384.000000,0.000000,0.000000,16.235849,8.362663,0.095137,0.041888,6.477808,0.098497,44.649385
1413394943305760512.000000,0.000000,0.000000,16.906577,8.250214,0.173378,0.040097,6.504208,0.888459,3.309993
1413394943355760384.000000,0.000000,0.000000,16.110664,8.590346,0.162818,0.063425,10.887303,0.561095,3.298952
1413394943405760512.000000,0.000000,0.000000,18.994283,10.469090,0.191682,0.059105,10.871463,0.525446,3.260168
1413394943455760384.000000,0.000000,0.000000,15.696675,8.837421,0.173986,0.103521,12.859647,0.750985,56.565916
1413394943505760512.000000,0.000000,0.000000,19.809141,9.801945,0.178818,0.082305,15.042490,0.760810,55.033801
1413394943555760384.000000,0.000000,0.000000,17.444024,8.982831,0.175491,0.117409,15.359102,0.171554,3.077350
1413394943605760512.000000,0.000000,0.000000,17.697595,9.906010,0.178211,0.082241,10.302688,0.612136,3.047078
1413394943655760384.000000,0.000000,0.000000,16.342570,6.932822,0.158754,0.063649,9.080368,0.633032,3.230152
1413394943705760512.000000,0.000000,0.000000,16.778576,6.693427,0.168258,0.075073,8.293799,0.798154,57.320389
1413394943755760384.000000,0.000000,0.000000,19.747572,7.993923,0.187714,0.134401,10.090909,0.802794,53.850875
1413394943805760512.000000,0.000000,0.000000,18.385475,8.865646,0.087457,0.097089,11.570384,0.160610,49.884041
1413394943855760384.000000,0.000000,0.000000,16.766032,6.492912,0.146754,0.083585,11.830387,0.850506,48.383479
1413394943905760512.000000,0.000000,0.000000,21.277255,6.524721,0.139586,0.105442,11.861491,0.119521,47.300874
1413394943955760384.000000,0.000000,0.000000,18.100736,8.112005,0.176322,0.064449,7.645438,0.602951,46.154427
1413394944005760512.000000,0.000000,0.000000,16.637358,8.534858,0.198498,0.077729,8.287527,0.451174,43.167095
1413394944055760384.000000,0.000000,0.000000,16.791536,9.345684,0.193154,0.072353,11.728593,0.690409,48.382615
1413394944105760512.000000,0.000000,0.000000,17.734332,6.166124,0.209091,0.079873,13.790410,0.881867,53.149906
1413394944305760512.000000,0.000000,0.000000,19.297230,16.458827,0.385221,0.078465,14.901369,1.074158,47.064518
1413394944355760384.000000,0.000000,0.000000,19.341968,10.081213,0.253187,0.131905,15.678915,1.170863,2.069242
1413394944405760512.000000,0.000000,0.000000,18.599110,8.870958,0.253891,0.087777,17.011027,1.030924,3.412810
1413394944455760384.000000,0.000000,0.000000,17.991999,8.238406,0.132545,0.123009,15.187484,0.661608,3.186951
1413394944505760512.000000,0.000000,0.000000,18.059104,9.638807,0.252035,0.056321,7.109592,0.568167,53.584151
1413394944555760384.000000,0.000000,0.000000,15.836132,7.422940,0.256195,0.077921,9.714104,0.430533,52.460489
1413394944605760512.000000,0.000000,0.000000,16.827472,7.609278,0.224450,0.068737,7.115032,0.079713,3.490347
1413394944655760384.000000,0.000000,0.000000,16.448588,7.148280,0.225762,0.041248,10.441793,0.723337,3.305033
1413394944705760512.000000,0.000000,0.000000,15.472287,7.272762,0.215203,0.066433,13.450759,0.098561,3.234056
1413394944755760384.000000,0.000000,0.000000,17.463768,7.462973,0.263811,0.048545,11.567631,0.893803,54.717765
1413394944805760512.000000,0.000000,0.000000,16.738576,7.439932,0.227650,0.094305,15.056346,0.142946,49.546662
1413394944855760384.000000,0.000000,0.000000,16.651566,7.109368,0.215779,0.049793,11.648592,0.996077,45.221456
1413394944905760512.000000,0.000000,0.000000,18.016319,6.855733,0.217635,0.098145,15.438783,0.138465,40.230834
1413394944955760384.000000,0.000000,0.000000,20.624063,5.378434,0.181315,0.077249,11.379085,0.755977,44.357990
1413394945005760512.000000,0.000000,0.000000,19.999959,6.428560,0.191779,0.076385,15.404350,0.131745,47.303850
1413394945055760384.000000,0.000000,0.000000,19.702100,5.301409,0.228579,0.043808,12.635805,0.692745,40.489078
1413394945105760512.000000,0.000000,0.000000,19.448688,5.287170,0.202083,0.050497,9.222674,0.072641,43.606972
1413394945155760384.000000,0.000000,0.000000,16.871985,5.038879,0.181602,0.050305,13.254884,0.779338,34.688302
1413394945205760512.000000,0.000000,0.000000,18.739560,5.734567,0.210851,0.051137,10.004668,0.079489,40.802425
1413394945255760384.000000,0.000000,0.000000,16.460460,5.344194,0.215362,0.064897,15.029626,0.930860,37.245613
1413394945305760512.000000,0.000000,0.000000,15.878020,6.473456,0.212867,0.067201,15.020218,0.157538,34.887952
1413394945355760384.000000,0.000000,0.000000,18.032735,6.925526,0.231139,0.054657,10.362432,0.113857,35.238388
1413394945405760512.000000,0.000000,0.000000,17.245589,6.869557,0.114818,0.030912,6.719156,0.327876,38.873793
1413394945455760384.000000,0.000000,0.000000,17.721500,7.325658,0.251300,0.049025,8.788620,0.573287,42.721201
1413394945505760512.000000,0.000000,0.000000,23.809095,6.634706,0.287076,0.062209,7.977539,0.445894,44.098498
1413394945555760384.000000,0.000000,0.000000,19.285839,7.077176,0.245411,0.081953,7.587582,0.057376,44.032225
1413394945605760512.000000,0.000000,0.000000,17.848989,7.801632,0.258819,0.077217,14.115951,0.664489,46.742019
1413394945655760384.000000,0.000000,0.000000,16.343083,7.466268,0.250723,0.060289,10.381888,0.093889,43.698461
1413394945705760512.000000,0.000000,0.000000,18.279874,8.101220,0.258596,0.058977,15.391806,0.738153,49.354339
1413394945755760384.000000,0.000000,0.000000,18.313251,7.327643,0.055776,0.054976,17.158517,0.133922,47.741519
1413394945805760512.000000,0.000000,0.000000,17.426968,7.512061,0.234435,0.060257,11.434669,0.109729,48.892702
1413394945855760384.000000,0.000000,0.000000,18.847177,7.310842,0.257187,0.030817,7.557565,0.444517,53.084721
1413394945905760512.000000,0.000000,0.000000,18.644007,7.354235,0.264067,0.081153,10.424161,0.123425,48.230389
1413394945955760384.000000,0.000000,0.000000,19.006347,7.794465,0.248035,0.053537,8.739500,0.061505,35.213396
1413394946005760512.000000,0.000000,0.000000,24.155755,6.413423,0.238627,0.091265,16.858448,0.092289,45.597044
1413394946055760384.000000,0.000000,0.000000,17.696219,6.216045,0.292676,0.095233,16.344746,0.091265,34.599501
1413394946155760384.000000,0.000000,0.000000,19.319759,6.825972,0.341285,0.091009,15.530848,0.089249,47.686319
1413394946205760512.000000,0.000000,0.000000,20.004312,7.690016,0.245091,0.091297,16.474604,0.666248,38.801665
1413394946255760384.000000,0.000000,0.000000,19.117389,5.353570,0.227395,0.106945,17.547801,0.256131,48.813917
1413394946355760384.000000,0.000000,0.000000,17.203381,5.324162,0.291075,0.080673,15.616546,0.132770,39.110468
1413394946455760384.000000,0.000000,0.000000,19.273743,8.847182,0.179010,0.085825,15.458848,0.148770,49.362371
1413394946555760384.000000,0.000000,0.000000,19.083980,4.185492,0.213571,0.073473,14.023949,0.636616,38.473468
1413394946655760384.000000,0.000000,0.000000,19.215630,3.551308,0.199586,0.147330,17.340343,0.238818,49.088448
1413394946755760384.000000,0.000000,0.000000,20.911107,8.092517,0.367332,0.080961,15.450400,0.156194,39.409096
1413394946855760384.000000,0.000000,0.000000,22.222099,4.219252,0.218370,0.067457,14.001518,0.757898,49.232257
1413394946955760384.000000,0.000000,0.000000,20.151706,8.528073,0.233923,0.114530,15.859588,0.139746,37.155724
1413394947055760384.000000,0.000000,0.000000,18.623527,4.521656,0.198402,0.077313,16.186281,0.705417,53.557111
1413394947155760384.000000,0.000000,0.000000,18.115712,6.361774,0.346693,0.141186,16.560845,0.160834,40.043152
1413394947255760384.000000,0.000000,0.000000,19.508626,10.091549,0.303844,0.096769,16.781872,0.134818,50.345615
1413394947355760384.000000,0.000000,0.000000,19.092812,10.395649,0.334852,0.085793,15.751811,0.694473,52.793838
1413394947455760384.000000,0.000000,0.000000,19.188174,10.075933,0.226467,0.129634,17.548729,0.212995,53.769562
1413394947555760384.000000,0.000000,0.000000,21.525611,10.456033,0.205059,0.088225,16.853617,0.165282,56.469307
1413394947655760384.000000,0.000000,0.000000,21.163558,9.976411,0.317604,0.078465,15.374046,0.684073,50.091564
1413394947755760384.000000,0.000000,0.000000,19.658836,9.484437,0.208067,0.136546,16.888817,0.155554,39.874958
1413394947855760384.000000,0.000000,0.000000,19.440433,10.824262,0.333796,0.085057,14.859192,0.140577,44.871820
1413394947955760384.000000,0.000000,0.000000,18.893738,11.223275,0.330917,0.049793,14.255089,0.697065,37.566129
1413394948055760384.000000,0.000000,0.000000,17.906654,11.490350,0.323812,0.145570,15.744867,0.145282,49.020287
1413394948155760384.000000,0.000000,0.000000,19.371280,11.106282,0.333380,0.087553,14.798711,0.162306,38.323642
1413394948255760384.000000,0.000000,0.000000,17.619034,10.256991,0.318660,0.057505,13.218468,0.696905,51.578015
1413394948355760384.000000,0.000000,0.000000,20.791553,9.524566,0.340453,0.111425,15.672866,0.122786,39.539082
1413394948455760384.000000,0.000000,0.000000,19.627603,9.537814,0.204898,0.078337,15.591489,0.148130,37.837620
1413394948555760384.000000,0.000000,0.000000,18.098529,8.748940,0.209443,0.067137,12.633148,0.590375,46.097467
1413394948655760384.000000,0.000000,0.000000,16.000742,5.398691,0.197187,0.112481,15.376031,0.111042,46.073371
1413394948755760384.000000,0.000000,0.000000,16.789072,12.414042,0.284836,0.073089,15.773795,0.118369,35.790651
1413394948855760384.000000,0.000000,0.000000,17.723323,6.885078,0.210595,0.074817,15.182428,0.973932,36.784519
1413394948955760384.000000,0.000000,0.000000,17.786045,10.096861,0.312867,0.171426,15.698274,0.213283,48.438168
1413394949055760384.000000,0.000000,0.000000,20.057465,9.414740,0.310532,0.075009,15.481664,0.170818,53.046929
1413394949155760384.000000,0.000000,0.000000,16.439180,4.803419,0.319172,0.046305,13.917964,0.741801,45.276945
1413394949255760384.000000,0.000000,0.000000,18.991787,12.221271,0.329124,0.134850,20.077593,0.163298,40.277042
1413394949355760384.000000,0.000000,0.000000,18.489637,13.638729,0.217219,0.070017,16.775855,0.128257,36.347202
1413394949455760384.000000,0.000000,0.000000,20.598431,12.225335,0.318723,0.057217,16.150856,0.623079,44.388038
1413394949855760384.000000,0.000000,0.000000,15.850340,8.867790,0.728393,0.136705,18.194370,0.205955,47.374411
1413394949955760384.000000,0.000000,0.000000,15.736835,7.989187,0.280260,0.085217,17.017106,0.202659,37.354126
1413394950055760384.000000,0.000000,0.000000,14.998970,6.693811,0.286595,0.059072,13.687882,0.893803,35.388855
1413394950155760384.000000,0.000000,0.000000,15.462592,8.890158,0.298435,0.152225,18.984875,0.175490,46.004314
1413394950255760384.000000,0.000000,0.000000,17.048787,5.833768,0.211298,0.093889,17.341719,0.169538,49.067456
1413394950355760384.000000,0.000000,0.000000,18.881450,7.282650,0.325380,0.061761,16.405899,0.773193,53.868091
1413394950455760384.000000,0.000000,0.000000,19.999128,12.044885,0.345028,0.159682,19.469777,0.247139,46.719746
1413394950555760384.000000,0.000000,0.000000,19.491185,12.551388,0.331428,0.113218,17.518425,0.170818,40.974043
1413394950655760384.000000,0.000000,0.000000,20.704416,11.082089,0.340420,0.100321,16.964722,0.891627,43.832991
1413394950755760384.000000,0.000000,0.000000,18.867209,9.654328,0.354756,0.175682,19.623315,0.304708,46.182300
1413394950855760384.000000,0.000000,0.000000,15.150012,8.528905,0.291075,0.107873,17.675611,0.212386,46.258845
1413394950955760384.000000,0.000000,0.000000,12.921792,1.309456,0.152706,0.098529,16.675023,1.290064,45.270608
1413394951055760384.000000,0.000000,0.000000,13.454599,2.058330,0.228163,0.254211,19.898455,0.279651,45.175791
1413394951155760384.000000,0.000000,0.000000,13.636265,4.180020,0.212387,0.122146,19.977399,0.195490,55.865843
1413394951255760384.000000,0.000000,0.000000,14.782455,4.110067,0.179875,0.096481,18.029055,0.176866,46.148603
1413394951355760384.000000,0.000000,0.000000,15.070874,1.779926,0.212226,0.083265,19.213358,0.995597,50.361231
1413394951455760384.000000,0.000000,0.000000,23.059038,4.311381,0.248035,0.215523,19.600723,0.324388,46.259165
1413394951555760384.000000,0.000000,0.000000,19.506001,3.834736,0.163426,0.104097,19.035372,0.221826,45.690997
1413394951655760384.000000,0.000000,0.000000,20.851810,9.471510,0.310179,0.128130,19.773364,0.217187,45.422194
1413394951755760384.000000,0.000000,0.000000,20.487774,5.455907,0.179202,0.185154,18.211106,0.961420,61.131476
1413394951855760384.000000,0.000000,0.000000,18.745640,8.061572,0.351876,0.208066,18.766217,0.274595,46.141019
1413394951955760384.000000,0.000000,0.000000,18.532102,2.776706,0.192931,0.108769,18.342403,0.189474,46.317054
1413394952055760384.000000,0.000000,0.000000,14.809144,3.201767,0.281699,0.106753,18.467653,0.192450,53.712473
1413394952155760384.000000,0.000000,0.000000,16.962034,2.391006,0.132706,0.068801,17.863357,0.864650,47.913202
1413394952255760384.000000,0.000000,0.000000,14.439571,3.292457,0.136386,0.220226,19.279599,0.278916,50.486417
1413394952355760384.000000,0.000000,0.000000,14.985593,4.532440,0.231491,0.125697,16.798672,0.213123,45.231504
1413394952455760384.000000,0.000000,0.000000,15.133916,5.895529,0.262819,0.100577,16.426956,0.205859,47.340522
1413394952555760384.000000,0.000000,0.000000,15.094587,7.728032,0.294404,0.060545,14.871224,0.823050,46.548960
1413394952655760384.000000,0.000000,0.000000,16.733904,8.859246,0.198243,0.184035,17.392695,0.238467,45.481427
1413394952755760384.000000,0.000000,0.000000,16.154696,7.232730,0.267811,0.118594,15.660130,0.147490,46.105819
1413394952855760384.000000,0.000000,0.000000,15.349758,4.870045,0.263971,0.084993,14.296497,0.149730,43.504763
1413394952955760384.000000,0.000000,0.000000,14.712438,4.702139,0.239075,0.094785,14.943353,0.872075,51.808610
1413394953055760384.000000,0.000000,0.000000,15.991237,6.642514,0.241987,0.191746,17.982751,0.210947,45.368466
1413394953155760384.000000,0.000000,0.000000,13.405894,5.589349,0.219683,0.105473,18.288707,0.159618,48.189620
1413394953255760384.000000,0.000000,0.000000,16.331531,8.491881,0.216675,0.103297,18.167169,0.222947,48.192181
1413394953355760384.000000,0.000000,0.000000,16.216584,9.540662,0.230275,0.121889,19.619571,1.124942,49.719911
1413394953455760384.000000,0.000000,0.000000,15.144764,7.752320,0.241635,0.232803,22.126770,0.314884,42.638480
1413394953555760384.000000,0.000000,0.000000,14.606516,3.562860,0.230339,0.103554,17.550937,0.136993,43.119478
1413394953655760384.000000,0.000000,0.000000,15.368319,2.685985,0.233763,0.133186,19.146477,0.172578,47.222537
1413394953755760384.000000,0.000000,0.000000,15.520320,4.467383,0.252611,0.114145,17.506745,0.203234,47.598157
1413394953855760384.000000,0.000000,0.000000,18.248354,7.224634,0.194179,0.142242,19.895862,0.118081,42.748786
1413394953955760384.000000,0.000000,0.000000,17.779516,9.236147,0.201442,0.142242,19.288078,0.120418,48.684026
1413394954055760384.000000,0.000000,0.000000,17.710428,8.424040,0.278116,0.139778,18.346723,0.116481,48.633819
1413394954155760384.000000,0.000000,0.000000,16.474956,7.628671,0.293028,0.137985,17.221046,0.805226,45.831351
1413394954255760384.000000,0.000000,0.000000,15.101627,6.564465,0.291267,0.180770,19.359088,0.286179,51.345116
1413394954355760384.000000,0.000000,0.000000,15.318110,3.346314,0.141954,0.142370,17.129300,0.198531,47.625421
1413394954455760384.000000,0.000000,0.000000,16.848816,4.236725,0.183138,0.128034,16.824176,0.201571,3.153511
1413394954555760384.000000,0.000000,0.000000,16.648974,1.618900,0.125633,0.113826,17.328886,1.055853,1.772438
1413394954655760384.000000,0.000000,0.000000,17.383704,4.729146,0.317316,0.215747,17.831581,0.164866,3.300040
1413394954755760384.000000,0.000000,0.000000,19.018699,5.614437,0.298755,0.156962,21.968816,1.674452,70.936911
1413394954855760384.000000,0.000000,0.000000,20.108921,7.421052,0.329028,0.277636,22.847195,0.336740,59.178236
1413394954955760384.000000,0.000000,0.000000,20.045241,7.183737,0.206339,0.104577,19.584242,0.166050,51.991747
1413394955055760384.000000,0.000000,0.000000,20.214618,7.512957,0.335620,0.144354,19.378864,0.197186,52.729293
1413394955155760384.000000,0.000000,0.000000,18.064800,3.715022,0.312036,0.098593,15.719715,1.234191,52.726701
1413394955255760384.000000,0.000000,0.000000,17.151508,6.710739,0.316484,0.250851,20.851714,0.237507,45.645301
1413394955355760384.000000,0.000000,0.000000,17.754428,7.028663,0.312964,0.144866,15.483488,0.171586,50.239246
1413394955455760384.000000,0.000000,0.000000,19.156334,7.552637,0.352997,0.116865,14.630389,0.208962,45.407186
1413394955555760384.000000,0.000000,0.000000,17.773596,4.245300,0.199299,0.055712,11.532463,0.853003,43.672285
1413394955655760384.000000,0.000000,0.000000,18.026976,9.974587,0.328164,0.153922,15.979398,0.118337,45.924120
1413394955755760384.000000,0.000000,0.000000,19.973111,5.249665,0.138881,0.098753,13.605449,0.105057,47.622221
1413394955855760384.000000,0.000000,0.000000,20.055544,12.116662,0.323300,0.094370,13.961388,1.021420,44.771211
1413394955905760512.000000,0.000000,0.000000,19.214670,8.180997,0.129281,0.161186,15.406750,0.106337,45.661366
1413394955955760384.000000,0.000000,0.000000,17.732540,4.961885,0.165250,0.104001,15.845252,0.120385,47.197129
1413394956005760512.000000,0.000000,0.000000,17.816541,2.949797,0.125698,0.081025,14.055374,0.153057,46.818692
1413394956105760512.000000,0.000000,0.000000,18.035551,3.843632,0.165122,0.119842,16.227145,0.098721,45.097647
1413394956205760512.000000,0.000000,0.000000,15.864228,3.290441,0.143138,0.103138,16.335210,0.101313,41.481761
1413394956305760512.000000,0.000000,0.000000,16.259369,3.341034,0.165410,0.111521,15.251709,0.100450,43.982785
1413394956405760512.000000,0.000000,0.000000,17.159412,8.365640,0.288579,0.111361,15.318206,1.056941,45.293937
1413394956505760512.000000,0.000000,0.000000,16.290986,4.340630,0.104769,0.233379,17.245814,0.212098,42.101961
1413394956605760512.000000,0.000000,0.000000,17.169844,7.262650,0.302244,0.118433,14.178224,0.129826,44.887627
1413394956655760384.000000,0.000000,0.000000,16.350218,8.650380,0.246723,0.132546,15.523072,0.897355,46.856868
1413394956705760512.000000,0.000000,0.000000,17.239862,4.546808,0.148450,0.131202,17.252853,0.108193,49.401411
1413394956755760384.000000,0.000000,0.000000,16.664014,3.971409,0.117665,0.090081,12.965120,0.094145,49.417732
1413394956805760512.000000,0.000000,0.000000,17.112404,4.309589,0.132385,0.055360,11.616848,0.126977,51.187449
1413394956855760384.000000,0.000000,0.000000,18.092352,4.228917,0.134177,0.075329,17.835101,0.943180,49.154976
1413394956905760512.000000,0.000000,0.000000,19.961527,7.616511,0.194499,0.182595,18.120832,0.175938,51.983075
1413394956955760384.000000,0.000000,0.000000,19.073005,7.781856,0.189155,0.110050,15.634721,0.125985,47.887793
1413394957005760512.000000,0.000000,0.000000,17.197557,7.010167,0.184323,0.115618,16.655598,0.120001,49.647943
1413394957055760384.000000,0.000000,0.000000,18.629639,7.701120,0.200579,0.115810,14.337681,0.091681,47.138439
1413394957105760512.000000,0.000000,0.000000,18.607270,7.043319,0.191363,0.131586,17.093396,0.091393,49.289283
1413394957155760384.000000,0.000000,0.000000,16.750416,6.736403,0.191618,0.114177,14.142895,0.077249,48.880861
1413394957205760512.000000,0.000000,0.000000,17.257685,7.289914,0.195938,0.118498,14.267728,0.081025,49.301762
1413394957255760384.000000,0.000000,0.000000,16.575469,8.150213,0.214499,0.106817,14.729015,0.900043,50.418448
1413394957305760512.000000,0.000000,0.000000,17.950814,8.210534,0.214595,0.205859,19.251374,0.244963,55.218572
1413394957355760384.000000,0.000000,0.000000,15.658818,5.732327,0.185474,0.104289,16.636110,0.127073,43.422234
1413394957405760512.000000,0.000000,0.000000,16.600333,8.147717,0.167266,0.127778,15.806275,0.153890,52.073605
1413394957455760384.000000,0.000000,0.000000,15.337182,8.291046,0.167298,0.089953,16.288106,0.108418,53.301139
1413394957505760512.000000,0.000000,0.000000,14.116271,5.539557,0.152066,0.152418,19.105453,0.124930,42.533678
1413394957555760384.000000,0.000000,0.000000,15.173756,5.526821,0.163074,0.117153,15.507040,0.103521,41.661412
1413394957605760512.000000,0.000000,0.000000,15.999462,7.894882,0.173154,0.153186,17.554169,0.120833,49.856425
1413394957655760384.000000,0.000000,0.000000,15.037370,8.394408,0.185186,0.137826,16.361418,1.232623,43.021748
1413394957705760512.000000,0.000000,0.000000,17.311575,8.305607,0.186466,0.254435,21.479242,0.297252,45.420466
1413394957755760384.000000,0.000000,0.000000,16.020614,6.907542,0.186594,0.105537,18.312387,0.179107,47.787087
1413394957805760512.000000,0.000000,0.000000,15.598497,6.405999,0.185763,0.138657,18.305763,0.186242,46.291581
1413394957855760384.000000,0.000000,0.000000,20.527134,8.433224,0.194499,0.123778,18.013919,0.178466,47.825776
1413394957905760512.000000,0.000000,0.000000,16.947794,6.591410,0.175714,0.089633,17.903741,0.129570,43.296568
1413394957955760384.000000,0.000000,0.000000,20.520094,6.327855,0.184962,0.159138,17.572505,0.158018,43.595612
1413394958005760512.000000,0.000000,0.000000,15.765571,6.413743,0.108610,0.168034,16.825873,0.140610,51.034456
1413394958055760384.000000,0.000000,0.000000,18.029695,6.509617,0.191267,0.161442,18.937099,0.143490,49.233441
1413394958105760512.000000,0.000000,0.000000,16.704815,6.439439,0.191906,0.144706,17.620186,0.132450,51.536030
1413394958155760384.000000,0.000000,0.000000,15.532608,5.405475,0.182115,0.144930,17.379959,1.024396,51.701344
1413394958205760512.000000,0.000000,0.000000,14.014414,4.501272,0.159810,0.238947,20.359324,0.347684,53.877339
1413394958255760384.000000,0.000000,0.000000,16.457579,3.942897,0.177986,0.153762,17.362679,0.193026,51.027736
1413394958305760512.000000,0.000000,0.000000,14.920856,5.519748,0.188674,0.143778,17.414679,0.217475,54.415010
1413394958355760384.000000,0.000000,0.000000,15.727555,6.376367,0.215555,0.094305,15.992134,0.243363,52.355272
1413394958405760512.000000,0.000000,0.000000,16.590702,9.114033,0.232099,0.062464,16.743088,0.886059,52.720333
1413394958455760384.000000,0.000000,0.000000,15.668994,5.884840,0.240195,0.145698,20.361948,0.327524,53.569559
1413394958505760512.000000,0.000000,0.000000,16.912849,7.441212,0.220386,0.135970,19.938103,0.197090,49.333539
1413394958555760384.000000,0.000000,0.000000,16.004134,5.723431,0.194050,0.145858,17.368311,0.183394,49.583014
1413394958605760512.000000,0.000000,0.000000,17.108915,8.149189,0.279203,0.101602,18.483908,0.198786,48.187284
1413394958655760384.000000,0.000000,0.000000,17.223829,7.215769,0.194723,0.113442,18.528805,0.115489,43.490395
1413394958705760512.000000,0.000000,0.000000,17.810429,6.173517,0.213282,0.156770,19.289583,0.115553,40.091729
1413394958755760384.000000,0.000000,0.000000,18.371364,6.423280,0.227171,0.158754,20.233626,0.893195,47.914801
1413394958805760512.000000,0.000000,0.000000,18.469188,8.130405,0.248515,0.190851,20.601087,0.330020,46.540576
1413394958855760384.000000,0.000000,0.000000,18.621286,6.762228,0.216739,0.134530,20.491325,0.240963,49.657415
1413394958905760512.000000,0.000000,0.000000,18.444644,7.104184,0.227043,0.156450,18.862569,0.237603,52.824974
1413394958955760384.000000,0.000000,0.000000,17.143188,7.189561,0.223331,0.134914,16.984498,0.210595,46.584929
1413394959005760512.000000,0.000000,0.000000,16.762320,6.680435,0.222147,0.099169,16.356139,0.908971,55.730930
1413394959055760384.000000,0.000000,0.000000,18.287715,7.529117,0.226755,0.212898,19.401072,0.223555,57.989038
1413394959105760512.000000,0.000000,0.000000,17.312950,6.493328,0.189410,0.136321,19.518802,0.215715,57.666858
1413394959155760384.000000,0.000000,0.000000,18.040896,9.289747,0.259204,0.132226,17.138644,0.195170,3.629805
1413394959205760512.000000,0.000000,0.000000,16.534668,7.335483,0.218883,0.097921,16.698191,0.612839,3.388938
1413394959255760384.000000,0.000000,0.000000,16.534860,7.144537,0.218947,0.176483,19.787637,0.223491,3.586444
1413394959305760512.000000,0.000000,0.000000,17.572537,9.177426,0.225763,0.155426,19.542097,0.193698,43.723677
1413394959355760384.000000,0.000000,0.000000,17.022323,8.310566,0.110593,0.144642,18.176129,0.205186,44.660169
1413394959405760512.000000,0.000000,0.000000,16.403051,7.473724,0.222370,0.133377,17.500505,1.068589,39.257158
1413394959455760384.000000,0.000000,0.000000,16.346154,7.070712,0.220131,0.260931,20.398013,0.244451,44.724778
1413394959505760512.000000,0.000000,0.000000,16.611118,8.336839,0.254499,0.169026,19.447665,0.215330,41.816710
1413394959555760384.000000,0.000000,0.000000,18.036896,7.483580,0.235170,0.168770,18.950667,0.183650,48.710299
1413394959605760512.000000,0.000000,0.000000,18.054656,7.796192,0.234243,0.136705,18.616103,0.141474,52.912879
1413394959655760384.000000,0.000000,0.000000,16.586253,7.959395,0.204003,0.120034,19.101676,0.123009,57.725355
1413394959705760512.000000,0.000000,0.000000,18.887594,6.975030,0.225635,0.196067,18.490565,0.898764,56.774719
1413394959755760384.000000,0.000000,0.000000,18.316835,6.927637,0.228643,0.219586,20.107577,0.326660,50.925430
1413394959805760512.000000,0.000000,0.000000,18.231777,7.349819,0.211267,0.180162,16.348714,0.255299,41.148253
1413394959855760384.000000,0.000000,0.000000,19.231086,8.085444,0.224323,0.151586,15.997958,0.217154,27.705783
1413394959905760512.000000,0.000000,0.000000,16.337835,8.761708,0.212195,0.148194,13.948332,0.251843,25.480731
1413394959955760384.000000,0.000000,0.000000,17.114740,7.841825,0.195299,0.126594,13.638537,0.120098,28.298526
1413394960005760512.000000,0.000000,0.000000,19.885079,7.785760,0.214659,0.096033,16.717999,0.979372,31.635592
1413394960055760384.000000,0.000000,0.000000,14.594805,7.355387,0.186242,0.081889,16.914897,0.117793,30.861246
1413394960105760512.000000,0.000000,0.000000,15.224828,6.501136,0.258883,0.157506,15.059994,0.186562,44.805962
1413394960155760384.000000,0.000000,0.000000,16.511085,7.868162,0.105249,0.158050,15.524288,0.239139,36.980682
1413394960205760512.000000,0.000000,0.000000,14.707958,5.875080,0.090209,0.109570,15.417566,0.172642,50.174157
1413394960255760384.000000,0.000000,0.000000,16.444107,6.199245,0.183394,0.160130,17.036851,0.119169,41.072124
1413394960305760512.000000,0.000000,0.000000,15.903685,7.567390,0.178371,0.192130,19.729940,0.141858,47.712270
1413394960355760384.000000,0.000000,0.000000,14.248912,7.023607,0.203587,0.166051,19.953271,0.852587,33.950501
1413394960405760512.000000,0.000000,0.000000,16.822801,6.795316,0.229347,0.090273,21.305576,0.175298,32.068717
1413394960455760384.000000,0.000000,0.000000,15.415263,6.651858,0.212803,0.106050,15.938053,0.203298,30.747357
1413394960505760512.000000,0.000000,0.000000,15.938533,10.894823,0.278116,0.136130,15.369406,0.290052,29.849297
1413394960555760384.000000,0.000000,0.000000,17.048339,8.485577,0.259235,0.113953,14.645749,0.259683,35.526680
1413394960605760512.000000,0.000000,0.000000,17.220405,8.350247,0.232579,0.077505,11.468430,0.124898,37.342958
1413394960655760384.000000,0.000000,0.000000,22.220531,9.213042,0.241731,0.064705,15.432095,0.862507,41.596131
1413394960705760512.000000,0.000000,0.000000,15.746563,7.703168,0.247235,0.065857,16.176552,0.124130,46.370942
1413394960755760384.000000,0.000000,0.000000,19.056012,9.802362,0.259619,0.098465,14.438419,0.171362,44.186915
1413394960805760512.000000,0.000000,0.000000,17.125332,8.933902,0.245923,0.124481,15.908165,0.219875,36.069598
1413394960855760384.000000,0.000000,0.000000,17.508889,9.174577,0.239363,0.108129,15.162556,0.155874,33.888260
1413394960905760512.000000,0.000000,0.000000,16.919570,7.038743,0.231331,0.058944,12.892768,0.717257,36.351106
1413394960955760384.000000,0.000000,0.000000,18.386340,9.073680,0.239107,0.069825,14.011214,0.119234,34.884080
1413394961005760512.000000,0.000000,0.000000,16.992818,7.083384,0.249411,0.133986,15.564800,0.238403,42.397261
1413394961055760384.000000,0.000000,0.000000,15.566817,7.028855,0.213699,0.130722,17.985663,0.196995,43.957921
1413394961105760512.000000,0.000000,0.000000,16.310922,6.997047,0.213954,0.104193,17.821853,0.161282,40.005359
1413394961155760384.000000,0.000000,0.000000,16.117127,7.039031,0.189602,0.079745,18.791657,0.130114,31.136993
1413394961355760384.000000,0.000000,0.000000,19.047596,12.512123,0.404933,0.142914,18.521957,0.877834,31.714409
1413394961405760512.000000,0.000000,0.000000,19.269134,9.433941,0.235298,0.192386,19.938263,0.316708,37.473808
1413394961455760384.000000,0.000000,0.000000,17.185461,8.968943,0.244867,0.147970,18.790377,0.196195,45.671125
1413394961505760512.000000,0.000000,0.000000,17.790236,9.216499,0.235203,0.131842,17.292534,0.215970,48.290838
1413394961555760384.000000,0.000000,0.000000,17.813692,7.962051,0.179938,0.116641,16.698127,0.196802,48.525689
1413394961605760512.000000,0.000000,0.000000,17.543897,8.065156,0.131490,0.101793,16.469548,0.227395,47.371435
1413394961655760384.000000,0.000000,0.000000,17.453913,8.086980,0.204226,0.084481,14.770775,0.890507,45.321329
1413394961705760512.000000,0.000000,0.000000,14.212176,5.046718,0.202659,0.075073,15.732643,0.123617,30.940031
1413394961755760384.000000,0.000000,0.000000,16.723823,7.164313,0.166722,0.140834,14.787735,0.209282,36.728871
1413394961805760512.000000,0.000000,0.000000,15.698306,5.567333,0.188706,0.130913,15.160092,0.199010,30.298551
1413394961855760384.000000,0.000000,0.000000,15.644418,7.453468,0.152354,0.130337,15.204477,0.162242,38.501405
1413394961905760512.000000,0.000000,0.000000,16.252010,5.418435,0.160034,0.058369,12.696861,0.623048,43.577915
1413394961955760384.000000,0.000000,0.000000,14.235600,5.800424,0.152802,0.060961,12.973216,0.113633,45.711350
1413394962005760512.000000,0.000000,0.000000,13.431142,4.833916,0.139714,0.108674,13.033889,0.194114,48.102291
1413394962055760384.000000,0.000000,0.000000,14.420499,4.917692,0.142658,0.111650,16.571277,0.192130,46.005050
1413394962105760512.000000,0.000000,0.000000,18.246946,7.620030,0.226243,0.121090,16.341514,0.183330,42.877171
1413394962155760384.000000,0.000000,0.000000,16.674414,8.778477,0.198594,0.113633,16.742223,0.975404,41.436481
1413394962205760512.000000,0.000000,0.000000,16.017990,9.297331,0.201731,0.210178,19.291631,0.215011,45.974426
1413394962255760384.000000,0.000000,0.000000,16.648878,9.623799,0.208099,0.131810,17.732379,0.227555,45.985305
1413394962305760512.000000,0.000000,0.000000,17.173269,10.241246,0.226658,0.139298,16.457740,0.209954,36.438115
1413394962355760384.000000,0.000000,0.000000,17.970431,6.121612,0.164642,0.095777,16.118920,0.193315,47.609901
1413394962555760384.000000,0.000000,0.000000,14.558900,7.069560,0.492742,0.069281,14.853591,1.035981,40.091856
1413394962605760512.000000,0.000000,0.000000,13.723018,7.672639,0.212131,0.207267,18.628806,0.188450,53.594007
1413394962655760384.000000,0.000000,0.000000,12.443546,5.038559,0.148514,0.123938,16.219209,0.202211,47.558317
1413394962705760512.000000,0.000000,0.000000,14.770454,3.356361,0.122178,0.114657,15.479456,0.195619,37.912598
1413394962755760384.000000,0.000000,0.000000,15.246269,9.110609,0.207298,0.098498,16.099175,0.190658,31.903659
1413394962805760512.000000,0.000000,0.000000,15.046971,6.085803,0.207682,0.112450,15.933029,1.058382,36.019102
1413394962855760384.000000,0.000000,0.000000,14.708438,5.307458,0.181474,0.214883,17.849469,0.215267,32.161390
1413394962905760512.000000,0.000000,0.000000,15.050491,5.988394,0.175810,0.143202,17.004178,0.172066,32.295920
1413394962955760384.000000,0.000000,0.000000,17.198133,8.622955,0.182946,0.129602,16.276041,0.177826,45.688246
1413394963005760512.000000,0.000000,0.000000,18.170337,10.770085,0.182722,0.106017,15.974405,0.162786,35.973182
1413394963055760384.000000,0.000000,0.000000,17.085140,9.918299,0.165730,0.121569,11.013096,0.729193,45.953593
1413394963105760512.000000,0.000000,0.000000,15.958309,7.836513,0.169538,0.062625,11.148746,0.097985,47.470476
1413394963155760384.000000,0.000000,0.000000,15.420607,7.270202,0.174722,0.120450,12.039125,0.163810,37.934933
1413394963205760512.000000,0.000000,0.000000,14.369458,5.729607,0.164386,0.127010,16.807440,0.162658,32.710997
1413394963255760384.000000,0.000000,0.000000,15.905573,6.282830,0.194754,0.118273,15.918213,0.166146,36.744199
1413394963305760512.000000,0.000000,0.000000,14.344849,5.903081,0.162338,0.131298,15.854884,0.801258,35.445207
1413394963355760384.000000,0.000000,0.000000,15.198908,6.874581,0.179874,0.164706,16.972754,0.183362,49.102752
1413394963405760512.000000,0.000000,0.000000,18.482597,8.932719,0.195906,0.104961,15.407103,0.176739,47.803088
1413394963455760384.000000,0.000000,0.000000,15.687938,8.047332,0.179906,0.108865,14.512596,0.198563,44.314372
1413394963505760512.000000,0.000000,0.000000,17.239285,9.761657,0.212643,0.058561,14.032685,0.942732,48.318263
1413394963555760384.000000,0.000000,0.000000,18.287202,9.001520,0.191138,0.146306,19.353775,0.186978,48.227221
1413394963605760512.000000,0.000000,0.000000,17.584570,7.811937,0.115137,0.085377,17.037971,0.195523,44.049633
1413394963655760384.000000,0.000000,0.000000,18.778953,9.578263,0.119426,0.119489,19.813173,1.227855,44.654473
1413394963705760512.000000,0.000000,0.000000,17.424151,7.944483,0.206851,0.144194,21.654316,0.192546,43.808478
1413394963755760384.000000,0.000000,0.000000,16.066983,8.342824,0.103969,0.099266,20.042360,0.220770,48.411959
1413394963805760512.000000,0.000000,0.000000,19.237646,8.146277,0.187523,0.071521,19.668692,1.207279,41.634116
1413394963855760384.000000,0.000000,0.000000,17.339127,8.418248,0.224419,0.123010,22.334196,0.454917,44.167715
1413394963905760512.000000,0.000000,0.000000,17.354647,8.279878,0.182818,0.113025,20.862115,0.231267,44.487367
1413394963955760384.000000,0.000000,0.000000,17.509369,9.363636,0.225827,0.097409,19.461425,1.081998,42.736081
1413394964005760512.000000,0.000000,0.000000,17.669723,8.869613,0.208802,0.058145,11.202282,0.109569,42.867251
1413394964055760384.000000,0.000000,0.000000,16.962834,8.660843,0.225603,0.100193,17.174325,0.208803,45.893944
1413394964105760512.000000,0.000000,0.000000,17.804573,8.781645,0.254083,0.062784,15.464576,0.978636,44.467847
1413394964155760384.000000,0.000000,0.000000,17.649178,8.723404,0.226115,0.088161,16.001638,0.147394,48.013490
1413394964205760512.000000,0.000000,0.000000,16.649102,8.362472,0.097537,0.093697,13.605256,1.125006,44.734825
1413394964255760384.000000,0.000000,0.000000,17.900894,9.198898,0.234306,0.116545,18.670407,0.166082,42.506670
1413394964305760512.000000,0.000000,0.000000,22.322516,8.548874,0.205859,0.095874,15.767363,1.369233,50.917079
1413394964355760384.000000,0.000000,0.000000,19.315087,7.940802,0.242787,0.148546,20.031768,0.187043,43.315033
1413394964405760512.000000,0.000000,0.000000,17.363671,8.196933,0.225283,0.105282,20.404540,0.210883,44.984717
1413394964455760384.000000,0.000000,0.000000,16.426283,7.061944,0.200738,0.117346,20.210586,1.230448,42.845971
1413394964505760512.000000,0.000000,0.000000,16.305930,7.744863,0.213538,0.135074,22.863547,0.179202,44.061698
1413394964555760384.000000,0.000000,0.000000,16.672015,8.199941,0.124737,0.142018,20.554110,0.213283,41.794214
1413394964605760512.000000,0.000000,0.000000,18.648647,9.489430,0.246083,0.099874,19.440560,1.220175,41.264287
1413394964655760384.000000,0.000000,0.000000,18.994155,8.354471,0.287428,0.156578,22.915227,0.192866,39.008035
1413394964705760512.000000,0.000000,0.000000,18.890122,8.066148,0.090337,0.128673,21.712685,0.235907,38.080312
1413394964755760384.000000,0.000000,0.000000,18.191362,7.709631,0.086081,0.112481,16.837777,0.988557,40.442325
1413394964805760512.000000,0.000000,0.000000,15.494400,7.771168,0.200387,0.105217,19.431729,0.175682,45.172751
1413394964855760384.000000,0.000000,0.000000,16.406315,8.451273,0.186882,0.083649,16.475628,0.184162,45.703734
1413394964905760512.000000,0.000000,0.000000,15.957861,8.494250,0.257347,0.052321,9.413877,0.800362,42.378380
1413394964955760384.000000,0.000000,0.000000,20.233754,9.522614,0.196707,0.078753,7.675199,0.094369,45.179952
1413394965005760512.000000,0.000000,0.000000,17.509401,8.004451,0.203939,0.057217,12.322040,0.929643,41.038876
1413394965055760384.000000,0.000000,0.000000,18.077151,7.641374,0.188834,0.060417,8.948495,0.092066,50.572786
1413394965105760512.000000,0.000000,0.000000,18.861546,6.231245,0.096673,0.062337,13.375205,0.995948,46.196828
1413394965155760384.000000,0.000000,0.000000,16.128520,8.022339,0.228002,0.056768,8.840110,0.109602,45.427858
1413394965205760512.000000,0.000000,0.000000,19.918999,8.662091,0.209603,0.054881,14.562164,0.884363,48.213493
1413394965255760384.000000,0.000000,0.000000,16.477292,7.050615,0.098081,0.045601,8.895822,0.094306,48.909021
1413394965305760512.000000,0.000000,0.000000,18.146688,9.155858,0.112866,0.051809,16.735727,0.771145,44.957868
1413394965355760384.000000,0.000000,0.000000,18.943883,8.052260,0.197347,0.031904,10.718725,0.090081,49.908521
1413394965405760512.000000,0.000000,0.000000,17.826044,8.027588,0.193794,0.076833,18.641927,0.837418,45.664118
1413394965455760384.000000,0.000000,0.000000,17.962847,7.252569,0.196546,0.084673,16.858545,0.313252,45.486771
1413394965505760512.000000,0.000000,0.000000,18.494053,8.648907,0.256484,0.078241,18.052927,0.170434,50.548946
1413394965555760384.000000,0.000000,0.000000,18.509573,7.982851,0.224963,0.074337,18.010559,0.176610,45.332498
1413394965605760512.000000,0.000000,0.000000,17.431896,7.666175,0.205858,0.071457,17.416119,0.173090,49.939946
1413394965655760384.000000,0.000000,0.000000,16.882193,8.002915,0.226371,0.059297,15.911557,0.742025,48.827356
1413394965705760512.000000,0.000000,0.000000,14.597525,7.307866,0.190179,0.143938,19.763125,0.228066,46.520128
1413394965755760384.000000,0.000000,0.000000,14.817688,7.368251,0.187042,0.094241,18.563366,0.181954,49.021406
1413394965805760512.000000,0.000000,0.000000,15.642369,5.817544,0.148994,0.092257,16.896785,0.166914,50.730644
1413394965855760384.000000,0.000000,0.000000,16.136071,5.960554,0.144993,0.084641,16.825936,0.107489,49.319490
1413394965905760512.000000,0.000000,0.000000,18.203042,6.312910,0.151010,0.108129,17.452088,0.102273,46.720706
1413394965955760384.000000,0.000000,0.000000,18.418244,7.730271,0.171778,0.118721,18.914026,0.973164,50.043148
1413394966005760512.000000,0.000000,0.000000,15.817380,6.030443,0.168834,0.228739,22.875515,0.331812,50.595219
1413394966055760384.000000,0.000000,0.000000,16.733103,6.233005,0.178498,0.119522,20.122905,0.203490,50.403408
1413394966105760512.000000,0.000000,0.000000,16.538093,5.808776,0.165378,0.142945,20.005176,0.225923,49.857610
1413394966155760384.000000,0.000000,0.000000,16.960434,5.745736,0.163906,0.103970,18.935242,0.204131,49.995275
1413394966205760512.000000,0.000000,0.000000,16.544973,8.030884,0.216867,0.145730,19.682835,0.289124,49.444036
1413394966255760384.000000,0.000000,0.000000,17.596730,8.207557,0.231970,0.157762,18.246113,0.140002,48.840797
1413394966305760512.000000,0.000000,0.000000,15.979078,7.667198,0.242595,0.148194,18.040991,0.148706,52.654860
1413394966355760384.000000,0.000000,0.000000,16.813072,6.547057,0.247459,0.148290,19.935095,0.146082,47.070438
1413394966405760512.000000,0.000000,0.000000,18.956618,6.026603,0.076673,0.145346,19.556530,0.170274,49.744392
1413394966455760384.000000,0.000000,0.000000,21.272456,5.454755,0.263364,0.170018,20.600287,0.947020,49.505541
1413394966505760512.000000,0.000000,0.000000,18.561605,5.595142,0.189987,0.093473,22.438486,0.247747,43.199223
1413394966555760384.000000,0.000000,0.000000,18.944683,5.874184,0.216451,0.166914,18.908458,0.178498,42.100105
1413394966605760512.000000,0.000000,0.000000,18.819145,7.628446,0.106018,0.157826,19.592595,0.233315,46.989093
1413394966655760384.000000,0.000000,0.000000,18.032992,5.006270,0.196354,0.112545,18.568710,0.178434,41.321024
1413394966705760512.000000,0.000000,0.000000,18.416996,5.184032,0.072545,0.092802,20.501885,0.786410,42.007656
1413394966755760384.000000,0.000000,0.000000,18.544102,5.287201,0.190211,0.230434,20.869379,0.293604,43.949440
1413394966805760512.000000,0.000000,0.000000,16.268426,5.259393,0.183907,0.173154,18.584166,0.182946,44.409286
1413394966855760384.000000,0.000000,0.000000,17.322071,5.082975,0.195682,0.156226,19.509873,0.206019,46.960901
1413394966905760512.000000,0.000000,0.000000,18.636359,5.538821,0.191843,0.151810,23.064382,0.172195,44.297477
1413394966955760384.000000,0.000000,0.000000,15.538273,7.237689,0.215170,0.135426,19.535218,0.885451,52.628651
1413394967005760512.000000,0.000000,0.000000,17.594554,8.008195,0.208162,0.245891,21.492650,0.240195,53.210515
1413394967055760384.000000,0.000000,0.000000,15.844101,7.637726,0.212131,0.149890,19.268942,0.198979,47.212137
1413394967105760512.000000,0.000000,0.000000,18.477220,7.310715,0.221603,0.161794,17.824989,0.197282,55.746930
1413394967155760384.000000,0.000000,0.000000,20.992388,6.786132,0.201891,0.142977,18.309091,0.826186,46.096443
1413394967205760512.000000,0.000000,0.000000,18.624999,7.069272,0.234371,0.221507,20.480029,0.207395,54.269184
1413394967255760384.000000,0.000000,0.000000,22.189171,7.657631,0.219267,0.162274,19.553490,0.208163,50.611539
1413394967305760512.000000,0.000000,0.000000,18.027615,6.978262,0.207971,0.149378,18.646759,0.189314,50.021195
1413394967355760384.000000,0.000000,0.000000,18.907562,6.434096,0.227651,0.142594,17.839677,0.825258,46.839107
1413394967405760512.000000,0.000000,0.000000,15.049371,5.305986,0.194275,0.228771,21.957936,0.213187,52.132933
1413394967455760384.000000,0.000000,0.000000,17.739324,5.995338,0.216930,0.165634,19.379824,0.193218,45.484659
1413394967505760512.000000,0.000000,0.000000,16.687438,5.438532,0.185506,0.138274,17.982238,0.184130,42.967348
1413394967555760384.000000,0.000000,0.000000,18.166913,5.366819,0.199587,0.121730,18.986315,0.986924,46.423583
1413394967605760512.000000,0.000000,0.000000,18.011967,5.309154,0.197923,0.214338,19.776821,0.231203,45.997561
1413394967655760384.000000,0.000000,0.000000,21.489642,5.201377,0.233027,0.147650,18.591238,0.215747,3.136679
1413394967705760512.000000,0.000000,0.000000,19.467857,4.919708,0.234115,0.144034,18.711432,0.208130,1.858551
1413394967755760384.000000,0.000000,0.000000,19.204334,4.685850,0.185634,0.133538,22.485366,0.142146,2.611009
1413394967805760512.000000,0.000000,0.000000,19.000683,6.485648,0.213698,0.150562,18.512325,0.864939,60.777073
1413394967855760384.000000,0.000000,0.000000,19.534642,6.435599,0.214978,0.219075,19.741492,0.260515,57.523817
1413394967905760512.000000,0.000000,0.000000,18.461060,6.435759,0.234723,0.127201,17.850461,0.183650,51.286651
1413394967955760384.000000,0.000000,0.000000,18.775081,6.950358,0.230147,0.111713,16.622318,0.162210,51.598143
1413394968005760512.000000,0.000000,0.000000,17.741116,6.389551,0.266467,0.102273,17.495577,0.189218,45.868215
1413394968055760384.000000,0.000000,0.000000,21.985232,6.465456,0.213346,0.098913,18.823401,0.760105,52.029668
1413394968105760512.000000,0.000000,0.000000,18.150624,6.332526,0.231811,0.176514,19.092812,0.228195,44.673161
1413394968155760384.000000,0.000000,0.000000,18.175745,7.663166,0.218659,0.142210,23.936648,0.212451,38.799649
1413394968205760512.000000,0.000000,0.000000,18.890698,5.802504,0.255683,0.104546,18.366339,0.155522,40.642135
1413394968255760384.000000,0.000000,0.000000,18.224322,6.200556,0.233282,0.078400,19.210350,0.702825,41.373825
1413394968305760512.000000,0.000000,0.000000,18.110816,6.548338,0.200579,0.177666,26.871276,1.098830,41.192222
1413394968355760384.000000,0.000000,0.000000,17.523161,5.835880,0.222307,0.128417,28.966055,0.225571,40.399925
1413394968405760512.000000,0.000000,0.000000,18.881930,6.283726,0.206818,0.148674,26.691146,1.471250,40.357331
1413394968455760384.000000,0.000000,0.000000,18.564262,7.894818,0.101345,0.218115,28.845093,0.433030,38.875745
1413394968505760512.000000,0.000000,0.000000,20.493150,6.790420,0.096577,0.106946,21.126405,0.193698,37.874965
1413394968555760384.000000,0.000000,0.000000,17.514713,6.772628,0.101185,0.111746,17.004242,0.185090,47.029319
1413394968605760512.000000,0.000000,0.000000,19.181805,6.493617,0.095009,0.074689,17.478392,0.160610,46.622657
1413394968655760384.000000,0.000000,0.000000,20.186906,3.969681,0.155266,0.065761,16.595373,0.739529,45.330769
1413394968705760512.000000,0.000000,0.000000,18.388611,4.060307,0.143969,0.116322,18.452900,0.212355,47.310506
1413394968755760384.000000,0.000000,0.000000,19.164910,4.090898,0.183938,0.097697,20.397501,0.210882,50.454096
1413394968805760512.000000,0.000000,0.000000,20.301468,4.966461,0.193506,0.092289,18.124065,0.907052,43.311640
1413394968855760384.000000,0.000000,0.000000,17.584058,5.705863,0.201251,0.135009,16.861521,0.164866,2.634529
1413394968905760512.000000,0.000000,0.000000,16.122279,4.987166,0.180034,0.120866,18.286274,0.188546,3.161607
1413394968955760384.000000,0.000000,0.000000,18.108928,5.473859,0.238851,0.119266,18.401444,0.866987,3.159815
1413394969005760512.000000,0.000000,0.000000,17.096788,4.778075,0.208643,0.157442,22.957564,0.203331,43.308856
1413394969055760384.000000,0.000000,0.000000,18.444324,4.352310,0.211939,0.109985,22.617656,0.903371,51.568319
1413394969155760384.000000,0.000000,0.000000,20.027544,7.268314,0.177090,0.150306,25.093462,0.253283,34.015973
1413394969255760384.000000,0.000000,0.000000,19.300782,8.350503,0.292484,0.101601,20.658048,0.920332,34.059077
1413394969355760384.000000,0.000000,0.000000,20.200506,9.168433,0.321188,0.105473,22.025841,0.209250,47.694862
1413394969455760384.000000,0.000000,0.000000,21.661836,9.675960,0.353669,0.063936,18.047136,0.820683,44.589000
1413394969555760384.000000,0.000000,0.000000,20.714113,8.779085,0.235523,0.074017,17.823804,1.216783,40.550646
1413394969655760384.000000,0.000000,0.000000,19.804181,7.819873,0.343908,0.134945,18.795337,0.173186,42.605807
1413394969755760384.000000,0.000000,0.000000,19.243631,9.395796,0.232227,0.081665,16.927218,0.134946,44.729322
1413394969855760384.000000,0.000000,0.000000,21.635532,9.608759,0.224067,0.073313,13.993869,0.773610,50.627603
1413394969955760384.000000,0.000000,0.000000,21.105957,9.758297,0.381221,0.162338,22.274452,1.361585,45.603989
1413394970055760384.000000,0.000000,0.000000,19.239950,8.743213,0.348997,0.161634,23.349089,1.365713,42.509359
1413394970155760384.000000,0.000000,0.000000,20.284411,5.222945,0.203107,0.174082,21.397673,0.221058,42.712273
1413394970255760384.000000,0.000000,0.000000,19.775380,7.777792,0.301348,0.104642,16.637326,0.160258,44.607240
1413394970355760384.000000,0.000000,0.000000,16.678351,3.584108,0.176867,0.098977,16.387787,0.176834,43.510363
1413394970455760384.000000,0.000000,0.000000,18.557894,5.815624,0.221507,0.090529,17.886686,0.910955,40.692120
1413394970555760384.000000,0.000000,0.000000,19.216845,8.971695,0.226403,0.175586,18.852490,0.209283,42.904692
1413394970655760384.000000,0.000000,0.000000,19.787989,5.034111,0.484358,0.137218,18.101696,1.346704,51.495805
1413394970755760384.000000,0.000000,0.000000,19.577906,10.568611,0.327332,0.167394,19.168845,0.293764,43.869727
1413394970855760384.000000,0.000000,0.000000,19.994391,8.770669,0.301092,0.072705,16.231081,0.147714,49.443749
1413394970955760384.000000,0.000000,0.000000,19.301487,8.934767,0.302147,0.083041,15.251805,0.160226,49.539077
1413394971055760384.000000,0.000000,0.000000,20.440573,10.344960,0.327044,0.057088,12.698814,0.151234,52.290439
1413394971155760384.000000,0.000000,0.000000,18.289922,6.770963,0.224067,0.054048,9.925339,0.899595,52.132198
1413394971255760384.000000,0.000000,0.000000,19.751060,9.218770,0.335652,0.086593,12.145910,0.096898,48.750267
1413394971355760384.000000,0.000000,0.000000,19.638228,9.976891,0.344420,0.043648,9.161426,0.784618,47.467084
1413394971455760384.000000,0.000000,0.000000,20.292668,10.976648,0.208611,0.073697,10.084540,0.071969,50.087180
1413394971555760384.000000,0.000000,0.000000,17.795708,8.051460,0.337508,0.063168,10.146142,0.742089,48.363063
1413394971655760384.000000,0.000000,0.000000,19.414928,8.005924,0.350276,0.089185,13.162499,0.082273,47.689582
1413394971755760384.000000,0.000000,0.000000,18.944234,7.805152,0.318820,0.057665,10.814534,0.985100,50.847894
1413394971855760384.000000,0.000000,0.000000,22.770074,4.350742,0.336453,0.085953,15.540705,0.092961,49.165281
1413394971955760384.000000,0.000000,0.000000,19.310223,4.738555,0.235651,0.077153,12.629917,0.102305,48.771931
1413394972055760384.000000,0.000000,0.000000,16.831472,2.554208,0.166274,0.051553,9.433845,0.118977,52.615276
1413394972155760384.000000,0.000000,0.000000,19.923478,6.836917,0.280451,0.029025,4.625849,0.539847,49.021055
1413394972255760384.000000,0.000000,0.000000,19.706068,3.730446,0.107553,0.053505,11.552911,0.866763,47.899346
1413394972355760384.000000,0.000000,0.000000,21.181254,7.180697,0.295332,0.092481,16.600973,0.092801,51.596030
1413394972455760384.000000,0.000000,0.000000,20.049208,3.417290,0.172034,0.073985,13.427462,0.978828,53.074513
1413394972555760384.000000,0.000000,0.000000,20.339739,7.248762,0.320900,0.134306,18.350467,0.132866,53.409525
1413394972655760384.000000,0.000000,0.000000,21.585611,3.576781,0.107937,0.080641,15.918501,0.128962,50.958103
1413394972755760384.000000,0.000000,0.000000,19.318799,7.644991,0.329860,0.098242,19.587730,1.380881,46.300861
1413394972855760384.000000,0.000000,0.000000,19.757173,3.550924,0.197443,0.196034,21.043749,0.234755,52.081700
1413394972955760384.000000,0.000000,0.000000,20.715553,10.150877,0.386148,0.104705,17.145173,0.133186,48.314007
1413394973005760512.000000,0.000000,0.000000,20.843330,7.517885,0.212419,0.126786,21.410377,1.149902,52.372328
1413394973055760384.000000,0.000000,0.000000,18.969962,4.602009,0.173986,0.195331,22.136690,0.288772,53.460245
1413394973105760512.000000,0.000000,0.000000,17.849981,5.629157,0.225666,0.103681,16.534029,0.132610,53.424469
1413394973155760384.000000,0.000000,0.000000,16.675790,6.105580,0.247619,0.107457,16.345259,0.143138,52.045124
1413394973205760512.000000,0.000000,0.000000,18.271074,5.195648,0.272867,0.136770,21.853071,1.204175,47.710735
1413394973255760384.000000,0.000000,0.000000,16.823568,9.009136,0.269699,0.163554,21.967952,0.305700,47.653454
1413394973305760512.000000,0.000000,0.000000,18.230498,7.651870,0.222243,0.153090,24.059658,0.155042,46.437151
1413394973355760384.000000,0.000000,0.000000,18.441860,7.932611,0.201122,0.114401,20.480542,0.132321,54.498979
1413394973405760512.000000,0.000000,0.000000,16.472651,8.177221,0.196835,0.125921,24.860436,1.311408,50.154413
1413394973455760384.000000,0.000000,0.000000,16.687470,8.123172,0.238082,0.186691,22.321972,0.310148,47.891633
1413394973505760512.000000,0.000000,0.000000,18.457188,9.725272,0.258084,0.095201,16.806800,0.140514,47.049606
1413394973555760384.000000,0.000000,0.000000,21.038020,8.110244,0.227043,0.162722,26.227333,1.136142,49.260610
1413394973605760512.000000,0.000000,0.000000,17.961726,8.019299,0.220674,0.190211,21.059684,0.350949,53.553559
1413394973655760384.000000,0.000000,0.000000,17.387992,8.380167,0.216355,0.113217,19.040172,0.157122,47.058631
1413394973705760512.000000,0.000000,0.000000,18.051392,7.900002,0.203107,0.120001,18.695688,0.177923,50.752884
1413394973755760384.000000,0.000000,0.000000,16.818481,9.129937,0.247491,0.106721,16.466060,0.721929,52.648459
1413394973805760512.000000,0.000000,0.000000,17.767132,8.328711,0.240099,0.176546,18.942955,0.209219,50.669907
1413394973855760384.000000,0.000000,0.000000,18.882153,9.551959,0.223715,0.123490,16.881617,0.157057,49.350627
1413394973905760512.000000,0.000000,0.000000,16.438060,9.012432,0.235715,0.136642,17.694939,0.163554,50.910999
1413394973955760384.000000,0.000000,0.000000,15.883621,9.073360,0.241187,0.097826,16.392683,0.654984,50.618323
1413394974005760512.000000,0.000000,0.000000,18.129728,9.070897,0.236227,0.152930,17.694555,0.152354,49.624166
1413394974055760384.000000,0.000000,0.000000,17.806332,8.287974,0.232547,0.130978,16.667566,0.153025,50.379888
1413394974105760512.000000,0.000000,0.000000,16.233673,7.740191,0.233219,0.108610,16.453515,0.134561,43.815359
1413394974155760384.000000,0.000000,0.000000,18.099392,7.265818,0.222722,0.080481,14.463603,0.611719,43.300280
1413394974205760512.000000,0.000000,0.000000,16.934577,7.439068,0.241411,0.139426,17.605945,0.143458,40.634391
1413394974255760384.000000,0.000000,0.000000,17.146133,7.153849,0.228610,0.097537,16.485868,0.144194,40.541494
1413394974305760512.000000,0.000000,0.000000,18.853002,7.689055,0.103234,0.063937,14.459955,0.111202,46.963942
1413394974355760384.000000,0.000000,0.000000,21.964016,7.379003,0.084577,0.064577,15.084379,0.627304,48.216821
1413394974405760512.000000,0.000000,0.000000,17.492121,7.585150,0.230083,0.122113,16.836593,0.185283,42.216554
1413394974455760384.000000,0.000000,0.000000,26.302502,6.943702,0.217667,0.086209,14.335025,0.132001,43.875007
1413394974505760512.000000,0.000000,0.000000,15.906277,7.421052,0.255043,0.077568,14.104910,0.139649,44.082210
1413394974555760384.000000,0.000000,0.000000,18.942442,7.971363,0.242819,0.060545,13.277124,0.652904,45.074766
1413394974605760512.000000,0.000000,0.000000,18.678887,7.237722,0.261251,0.087169,15.574849,0.125089,49.401700
1413394974655760384.000000,0.000000,0.000000,18.187809,7.114360,0.222307,0.071329,14.472531,0.157794,51.766209
1413394974705760512.000000,0.000000,0.000000,16.511756,7.143225,0.224227,0.067041,13.224388,0.559175,50.257550
1413394974755760384.000000,0.000000,0.000000,17.734779,7.808481,0.224515,0.092833,16.099527,0.154754,45.077262
1413394974805760512.000000,0.000000,0.000000,18.788137,8.149189,0.227715,0.071905,15.448416,0.958636,46.216092
1413394974855760384.000000,0.000000,0.000000,16.554701,7.398108,0.212674,0.103585,18.866698,0.171810,46.898916
1413394974905760512.000000,0.000000,0.000000,16.463787,7.368636,0.243779,0.068865,17.366423,1.007341,40.318195
1413394974955760384.000000,0.000000,0.000000,17.925854,8.221702,0.299555,0.102561,19.102733,0.174339,45.998618
1413394975005760512.000000,0.000000,0.000000,15.296285,6.665203,0.232099,0.071905,17.026739,0.853675,47.643214
1413394975055760384.000000,0.000000,0.000000,17.727100,6.280654,0.222723,0.099906,20.814817,0.162946,42.566831
1413394975105760512.000000,0.000000,0.000000,18.086112,7.929762,0.249699,0.102177,18.313059,0.922444,45.226128
1413394975155760384.000000,0.000000,0.000000,17.189013,6.792436,0.116482,0.132866,21.429513,0.182498,44.089505
1413394975205760512.000000,0.000000,0.000000,16.331402,6.379791,0.237091,0.084609,19.220238,0.854411,39.770413
1413394975255760384.000000,0.000000,0.000000,17.807164,6.672019,0.258467,0.145954,18.880938,0.977549,41.341376
1413394975305760512.000000,0.000000,0.000000,18.321763,6.337679,0.245987,0.150786,21.377288,0.167778,45.198511
1413394975355760384.000000,0.000000,0.000000,17.795389,6.256941,0.269155,0.112833,21.746701,0.149730,45.898008
1413394975405760512.000000,0.000000,0.000000,22.196787,6.407279,0.104385,0.118018,21.986512,0.779241,50.077900
1413394975455760384.000000,0.000000,0.000000,21.028453,6.890453,0.303364,0.160514,22.591223,0.221763,47.157896
1413394975505760512.000000,0.000000,0.000000,19.043084,7.067384,0.252195,0.128769,21.011172,0.173698,50.077004
1413394975555760384.000000,0.000000,0.000000,20.354012,5.184608,0.258659,0.123074,18.901610,0.700905,53.623768
1413394975605760512.000000,0.000000,0.000000,17.122196,5.393219,0.269028,0.103649,21.528971,0.162626,49.923114
1413394975655760384.000000,0.000000,0.000000,18.797385,5.353538,0.285828,0.123490,21.370056,0.864491,52.348841
1413394975755760384.000000,0.000000,0.000000,18.359203,7.317531,0.417733,0.147330,22.545911,0.200451,45.135343
1413394975805760512.000000,0.000000,0.000000,17.330902,5.708870,0.316324,0.118113,20.741921,0.730313,47.075335
1413394975855760384.000000,0.000000,0.000000,18.422884,7.630175,0.132866,0.179651,22.726617,0.212098,44.313381
1413394976255760384.000000,0.000000,0.000000,20.520670,10.903815,0.967596,0.093377,20.269499,0.799946,44.601416
1413394976355760384.000000,0.000000,0.000000,20.169881,10.915560,0.309604,0.163458,23.189215,0.185442,42.073608
1413394976705760512.000000,0.000000,0.000000,20.909987,12.456282,0.601160,0.119713,20.277595,0.856747,45.320657
1413394976755760384.000000,0.000000,0.000000,18.652679,8.100068,0.185218,0.141377,22.411638,0.192418,43.773534
1413394976805760512.000000,0.000000,0.000000,19.703444,7.709248,0.124225,0.072065,19.366383,1.025901,44.727401
1413394976855760384.000000,0.000000,0.000000,18.067872,5.560485,0.104577,0.108193,22.197043,0.205442,42.359885
1413394976905760512.000000,0.000000,0.000000,18.590599,5.863656,0.253923,0.133602,15.461504,0.870027,42.134506
1413394976955760384.000000,0.000000,0.000000,18.417668,7.110264,0.274564,0.112961,18.215842,0.140258,47.248201
1413394977005760512.000000,0.000000,0.000000,19.506770,6.702963,0.283299,0.094465,11.631920,0.816938,47.451371
1413394977105760512.000000,0.000000,0.000000,20.191194,8.033603,0.327172,0.089345,14.866904,0.115265,47.581197
1413394977155760384.000000,0.000000,0.000000,18.357251,6.700179,0.295300,0.063937,11.074249,0.628232,50.686836
1413394977205760512.000000,0.000000,0.000000,19.258894,5.557157,0.267876,0.065281,7.848417,0.060769,47.418059
1413394977305760512.000000,0.000000,0.000000,19.144077,7.502300,0.158370,0.059457,9.128305,0.371333,50.510802
1413394977405760512.000000,0.000000,0.000000,20.673408,8.324743,0.344900,0.051425,8.560362,0.086657,52.958479
1413394977505760512.000000,0.000000,0.000000,22.355700,8.835214,0.368004,0.051713,8.868653,0.246723,46.762563
1413394977605760512.000000,0.000000,0.000000,21.401801,8.538922,0.390725,0.037728,6.120556,0.212099,48.668827
1413394977705760512.000000,0.000000,0.000000,18.539782,4.973053,0.418309,0.036896,4.903517,0.148898,45.828695
1413394977805760512.000000,0.000000,0.000000,19.107757,5.900041,0.401765,0.034689,4.706298,0.143746,45.306161
1413394977905760512.000000,0.000000,0.000000,18.461189,3.834192,0.407141,0.037953,5.110687,0.022048,50.574674
1413394978005760512.000000,0.000000,0.000000,18.736200,4.009681,0.399877,0.036224,6.456048,0.212354,47.352874
1413394978105760512.000000,0.000000,0.000000,16.008422,8.603595,0.229315,0.032896,4.926461,0.020320,48.805053
1413394978155760384.000000,0.000000,0.000000,17.006291,6.074315,0.133346,0.034273,6.244845,0.197283,49.721671
1413394978205760512.000000,0.000000,0.000000,18.623238,9.802841,0.125313,0.030368,4.594041,0.016128,45.678646
1413394978255760384.000000,0.000000,0.000000,18.269314,7.964451,0.108417,0.030529,6.503728,0.190403,54.758822
1413394978455760384.000000,0.000000,0.000000,16.970962,6.905333,0.393861,0.032512,4.432343,0.016961,40.624023
1413394978655760384.000000,0.000000,0.000000,16.430635,8.775693,0.359268,0.023681,3.753070,0.102337,38.535869
1413394978705760512.000000,0.000000,0.000000,16.230665,11.567056,0.113378,0.033697,5.241185,0.183586,40.425781
1413394978755760384.000000,0.000000,0.000000,15.696834,6.958198,0.191874,0.029280,5.214497,0.021152,47.675918
1413394978805760512.000000,0.000000,0.000000,17.146388,8.365416,0.200098,0.036096,7.684319,0.021825,44.412902
1413394978855760384.000000,0.000000,0.000000,15.794723,6.785908,0.199650,0.037729,7.616318,0.021728,41.564419
1413394978905760512.000000,0.000000,0.000000,17.129716,7.262393,0.119682,0.040736,8.460873,0.022657,46.168252
1413394979105760512.000000,0.000000,0.000000,15.838117,11.626224,0.497126,0.037312,8.907311,0.387013,41.988264
1413394979155760384.000000,0.000000,0.000000,15.154396,8.028195,0.208419,0.047809,8.151557,0.040961,42.495150
1413394979205760512.000000,0.000000,0.000000,15.119675,5.908842,0.197763,0.053281,10.617635,0.639240,47.398762
1413394979255760384.000000,0.000000,0.000000,14.818008,5.134975,0.161858,0.071745,10.763589,0.723273,52.618923
1413394979305760512.000000,0.000000,0.000000,13.324069,3.851760,0.150690,0.084833,12.173943,0.643528,52.429673
1413394979355760384.000000,0.000000,0.000000,12.744574,3.393770,0.169218,0.095489,14.717558,0.127074,58.140048
1413394979405760512.000000,0.000000,0.000000,13.728938,5.685382,0.174402,0.077409,11.788370,0.665609,57.464072
1413394979455760384.000000,0.000000,0.000000,12.904160,2.233564,0.102434,0.073409,14.463955,0.574855,53.826426
1413394979505760512.000000,0.000000,0.000000,18.015743,1.987673,0.093346,0.074497,13.781290,0.560775,55.083594
1413394979555760384.000000,0.000000,0.000000,13.290501,4.827259,0.162946,0.075553,13.613736,0.558854,60.249482
1413394979605760512.000000,0.000000,0.000000,14.415410,7.351899,0.155682,0.065857,16.502157,0.115458,58.224081
1413394979655760384.000000,0.000000,0.000000,15.940645,8.713548,0.160898,0.050817,12.523995,0.606440,54.085502
1413394979705760512.000000,0.000000,0.000000,15.040731,7.589758,0.160418,0.063744,14.979130,0.122626,41.925255
1413394979755760384.000000,0.000000,0.000000,12.826143,4.790587,0.161506,0.064128,15.349278,0.771945,50.609299
1413394979805760512.000000,0.000000,0.000000,13.184099,1.338449,0.090465,0.079905,15.858756,0.264131,41.823205
1413394979855760384.000000,0.000000,0.000000,12.936641,1.487570,0.109313,0.060608,14.927801,0.135073,46.168635
1413394979905760512.000000,0.000000,0.000000,13.290244,5.177728,0.113729,0.050368,13.515304,0.740841,48.635578
1413394979955760384.000000,0.000000,0.000000,14.548245,6.326318,0.184611,0.106433,16.614734,0.135490,49.631335
1413394980005760512.000000,0.000000,0.000000,12.685085,4.690778,0.201027,0.079361,14.619125,0.750569,53.516567
1413394980055760384.000000,0.000000,0.000000,15.628033,8.821934,0.121858,0.124129,15.585729,0.116577,54.830215
1413394980105760512.000000,0.000000,0.000000,15.196124,8.300135,0.214435,0.085345,14.785911,0.128385,54.805639
1413394980305760512.000000,0.000000,0.000000,16.801456,13.393509,0.503878,0.079201,13.623785,0.725097,57.913581
1413394980355760384.000000,0.000000,0.000000,16.975955,9.962396,0.216675,0.171971,21.671820,0.910379,53.613080
1413394980405760512.000000,0.000000,0.000000,16.288458,7.958883,0.187010,0.116193,22.192915,0.875178,55.561392
1413394980605760512.000000,0.000000,0.000000,18.038976,13.082306,0.468198,0.154434,19.425776,0.299460,55.874259
1413394980655760384.000000,0.000000,0.000000,19.097837,10.134910,0.217955,0.141218,18.791976,0.887979,60.062408
1413394980705760512.000000,0.000000,0.000000,20.999972,7.806977,0.174818,0.062625,17.366071,0.133634,53.260307
1413394980755760384.000000,0.000000,0.000000,16.823121,7.084055,0.171682,0.085889,12.724990,0.141794,50.652403
1413394980955760384.000000,0.000000,0.000000,17.529049,13.041953,0.500518,0.043617,9.482869,0.082785,52.280872
1413394981005760512.000000,0.000000,0.000000,17.206421,8.545354,0.245315,0.116322,15.243676,0.585031,49.400388
1413394981205760512.000000,0.000000,0.000000,19.165613,12.391034,0.543111,0.068545,16.297290,0.101249,39.449384
1413394981255760384.000000,0.000000,0.000000,18.885577,9.897210,0.258115,0.103937,11.564015,0.139809,32.083310
1413394981455760384.000000,0.000000,0.000000,19.564083,12.670973,0.516103,0.076225,10.715301,0.075297,45.355089
1413394981505760512.000000,0.000000,0.000000,18.983147,9.875003,0.247075,0.104129,14.728118,0.097185,37.280941
1413394981555760384.000000,0.000000,0.000000,19.708468,6.577873,0.184034,0.110274,14.776471,0.657160,48.130996
1413394981755760384.000000,0.000000,0.000000,18.324003,12.865823,0.534214,0.066593,17.357975,0.119905,37.391407
1413394981805760512.000000,0.000000,0.000000,19.803157,8.056835,0.233379,0.108866,12.507451,0.136898,48.696090
1413394981855760384.000000,0.000000,0.000000,18.421188,7.300730,0.204611,0.091553,11.418957,0.068865,39.200358
1413394981905760512.000000,0.000000,0.000000,19.899094,8.622219,0.210915,0.076000,15.233501,0.091362,50.495121
1413394981955760384.000000,0.000000,0.000000,24.441390,7.874433,0.207235,0.111329,14.563381,0.095809,39.295623
1413394982005760512.000000,0.000000,0.000000,19.564498,7.312410,0.118690,0.109025,14.803800,0.698185,56.336218
1413394982055760384.000000,0.000000,0.000000,17.251734,6.023083,0.189666,0.179010,19.086636,0.243779,51.137977
1413394982105760512.000000,0.000000,0.000000,19.989976,6.438480,0.211618,0.118465,16.360203,0.152705,46.876036
1413394982155760384.000000,0.000000,0.000000,19.654739,7.384283,0.219394,0.091393,16.847281,0.133346,47.204329
1413394982205760512.000000,0.000000,0.000000,19.272975,7.463740,0.208642,0.094978,17.234933,0.111585,45.506836
1413394982255760384.000000,0.000000,0.000000,19.181453,7.729407,0.200739,0.121633,16.842609,0.908459,45.087470
1413394982305760512.000000,0.000000,0.000000,18.550502,7.165017,0.221315,0.143745,17.283030,0.226627,49.933194
1413394982355760384.000000,0.000000,0.000000,16.868080,5.906089,0.230051,0.107330,15.839300,0.122274,49.799752
1413394982405760512.000000,0.000000,0.000000,16.131880,5.774759,0.216227,0.116289,17.995039,0.148418,48.432887
1413394982455760384.000000,0.000000,0.000000,17.714779,6.219757,0.219011,0.101186,15.174619,0.091009,46.357470
1413394982505760512.000000,0.000000,0.000000,17.275094,6.790484,0.200451,0.128897,17.988383,0.105313,47.283177
1413394982555760384.000000,0.000000,0.000000,18.375396,7.547902,0.212674,0.135042,17.598970,0.103874,53.122929
1413394982605760512.000000,0.000000,0.000000,21.044805,8.067587,0.205443,0.128930,17.160372,0.107361,57.561929
1413394982655760384.000000,0.000000,0.000000,19.184589,6.437904,0.195491,0.135521,17.178005,0.100418,51.944963
1413394982705760512.000000,0.000000,0.000000,18.145025,6.002026,0.198787,0.133698,16.464812,0.101633,51.249946
1413394982755760384.000000,0.000000,0.000000,16.196936,6.190061,0.219939,0.124738,16.121095,0.708840,52.657868
1413394982805760512.000000,0.000000,0.000000,19.455473,8.227877,0.111425,0.165282,18.658247,0.227299,51.172313
1413394982855760384.000000,0.000000,0.000000,16.561165,7.506845,0.221922,0.163522,17.479288,0.135074,49.458148
1413394982905760512.000000,0.000000,0.000000,18.258786,7.783392,0.219714,0.179330,22.473046,0.148002,51.542494
1413394983005760512.000000,0.000000,0.000000,17.861341,6.687027,0.268100,0.169154,20.135737,0.122913,50.495985
1413394983105760512.000000,0.000000,0.000000,17.560345,8.853294,0.197826,0.143906,18.200385,0.111937,49.735560
1413394983205760512.000000,0.000000,0.000000,17.889981,8.865422,0.324420,0.147458,17.547097,0.111874,54.146398
1413394983305760512.000000,0.000000,0.000000,18.142336,9.144722,0.386373,0.139553,17.333751,0.650536,54.103262
1413394983405760512.000000,0.000000,0.000000,18.124928,5.111071,0.229571,0.126433,18.402596,0.266820,48.808637
1413394983505760512.000000,0.000000,0.000000,17.893789,9.074737,0.409061,0.188994,21.720141,0.776138,50.889942
1413394983605760512.000000,0.000000,0.000000,18.228994,5.349794,0.353220,0.212514,23.156895,0.790921,48.382039
1413394983705760512.000000,0.000000,0.000000,17.330231,6.257229,0.375237,0.144546,18.719240,0.270851,50.904919
1413394983805760512.000000,0.000000,0.000000,18.221633,6.030347,0.356612,0.090369,15.963654,0.136066,53.355892
1413394983905760512.000000,0.000000,0.000000,17.610522,10.721061,0.360133,0.072289,15.665826,0.540103,53.833946
1413394984305760512.000000,0.000000,0.000000,19.405776,11.159082,0.686664,0.116546,15.900964,0.114593,50.103948
1413394984405760512.000000,0.000000,0.000000,20.755329,6.222093,0.348676,0.085058,15.457503,0.109730,62.037984
1413394984505760512.000000,0.000000,0.000000,17.020882,11.536622,0.333156,0.084289,13.136835,0.530951,48.682299
1413394984605760512.000000,0.000000,0.000000,17.792380,10.930248,0.369380,0.082017,16.849808,0.141826,55.318765
1413394984705760512.000000,0.000000,0.000000,17.236629,5.966666,0.303108,0.077569,15.435039,0.648328,57.147428
1413394984805760512.000000,0.000000,0.000000,18.212225,9.812090,0.295172,0.105313,18.667303,0.166242,48.591193
1413394984905760512.000000,0.000000,0.000000,16.537965,9.098801,0.331236,0.082689,18.032511,0.659688,48.135060
1413394985005760512.000000,0.000000,0.000000,18.485221,9.932603,0.317348,0.086305,19.662580,0.127874,51.592767
1413394985105760512.000000,0.000000,0.000000,17.571033,10.142333,0.319492,0.090913,17.780156,0.798985,52.088069
1413394985205760512.000000,0.000000,0.000000,17.854205,9.859290,0.321124,0.107393,18.727848,0.133729,47.855696
1413394985305760512.000000,0.000000,0.000000,16.384106,10.348448,0.338821,0.105666,21.803918,0.861067,47.468428
1413394985405760512.000000,0.000000,0.000000,17.901470,10.044956,0.205762,0.120002,23.107454,0.177154,53.789114
1413394985505760512.000000,0.000000,0.000000,24.719634,10.506786,0.333988,0.136130,20.481758,0.789258,47.038535
1413394985605760512.000000,0.000000,0.000000,17.057075,4.800988,0.341284,0.131937,19.446481,0.192418,47.349034
1413394985705760512.000000,0.000000,0.000000,16.216137,7.177913,0.355908,0.100834,16.731631,0.682473,51.148953
1413394985805760512.000000,0.000000,0.000000,17.374807,9.082129,0.324740,0.088993,17.897854,0.143714,49.282050
1413394985905760512.000000,0.000000,0.000000,17.240726,9.654487,0.353061,0.065153,14.066734,0.615016,46.901957
1413394986005760512.000000,0.000000,0.000000,16.151208,10.240159,0.331044,0.067713,13.838219,0.096545,48.835644
1413394986405760512.000000,0.000000,0.000000,16.040870,7.580125,0.815114,0.050208,11.197803,0.583655,52.507818
1413394986505760512.000000,0.000000,0.000000,15.805284,8.204198,0.320036,0.031904,9.770233,0.053057,48.531961
1413394986905760512.000000,0.000000,0.000000,16.620398,6.101260,0.723209,0.042049,10.536226,0.620936,54.469346
1413394987005760512.000000,0.000000,0.000000,19.677044,5.830120,0.244675,0.038336,5.774024,0.046625,51.566975
1413394987105760512.000000,0.000000,0.000000,14.337329,5.856841,0.247171,0.025408,8.672396,0.039552,48.346071
1413394987205760512.000000,0.000000,0.000000,14.873432,1.943672,0.139362,0.047392,13.583848,0.519622,48.585786
1413394987305760512.000000,0.000000,0.000000,13.929932,3.130535,0.266851,0.051104,11.310765,0.032896,47.224809
1413394987405760512.000000,0.000000,0.000000,13.965325,2.459806,0.235139,0.037824,12.706845,0.525990,48.879741
1413394987505760512.000000,0.000000,0.000000,12.658780,1.932280,0.211395,0.012992,48.201493,0.027873,56.700638
1413394987605760512.000000,0.000000,0.000000,12.372921,1.414834,0.216835,-nan,0.000000,0.000000,47.216041
1413394987705760512.000000,0.000000,0.000000,11.529551,0.962604,0.199203,17789224246234318.000000,3.940058,0.000000,51.241083
1413394987805760512.000000,0.000000,0.000000,12.902816,0.809450,0.337668,231479712980992.000000,0.064547,0.000000,3.331625
1413394987905760512.000000,0.000000,0.000000,14.443058,1.007660,0.200962,0.000000,1.345116,0.000000,3.158087
1413394988005760512.000000,0.000000,0.000000,12.782687,0.855594,0.183330,3084068543260524032.000000,0.000000,0.000000,3.388522
1413394988105760512.000000,0.000000,0.000000,13.104291,0.669448,0.186114,21474840793.000004,0.000000,0.000000,67.038398
1413394988205760512.000000,0.000000,0.000000,13.901036,0.645704,0.185890,32768.008125,0.000000,0.000000,67.147423
1413394988305760512.000000,0.000000,0.000000,12.291992,0.575399,0.195459,-nan,0.000000,0.000000,3.315721
1413394988405760512.000000,0.000000,0.000000,13.475591,0.456293,0.188866,934585442403.200073,0.000000,0.000000,3.338569
1413394988505760512.000000,0.000000,0.000000,12.007732,0.660905,0.180898,278223618863792128.000000,0.000000,0.000000,3.496492
1413394988605760512.000000,0.000000,0.000000,10.470945,0.327908,0.098625,0.000000,0.000000,0.000000,68.581457
1413394988705760512.000000,0.000000,0.000000,12.128438,0.934412,0.210530,133277838522542178304.000000,0.000000,0.000000,63.223823
1413394988805760512.000000,0.000000,0.000000,12.703421,1.135118,0.182242,21474840732.000004,0.000000,0.000000,54.776710
1413394988905760512.000000,0.000000,0.000000,12.832575,2.068666,0.184579,32768.008242,0.000000,0.000000,46.474911
1413394989005760512.000000,0.000000,0.000000,14.376594,1.572915,0.185858,-nan,0.000000,0.000000,47.275369
1413394989105760512.000000,0.000000,0.000000,13.168995,1.987641,0.191618,2911129141768513536.000000,0.000000,0.000000,47.979122
1413394989205760512.000000,0.000000,0.000000,14.729814,3.638573,0.201763,667797759885312.000000,0.000000,0.000000,50.506961
1413394989305760512.000000,0.000000,0.000000,15.075067,5.047070,0.225122,0.000000,0.000000,0.000000,55.189803
1413394989405760512.000000,0.000000,0.000000,15.508256,6.188557,0.196707,30898317434086748160.000000,0.000000,0.000000,50.074476
1413394989505760512.000000,0.000000,0.000000,15.290749,7.020631,0.228387,21474840811.800003,0.000000,0.000000,47.150151
1413394989605760512.000000,0.000000,0.000000,16.246889,7.413084,0.251683,262144.065394,0.000000,0.000000,50.574706
1413394989705760512.000000,0.000000,0.000000,14.849400,8.118085,0.245923,-nan,0.000000,0.000000,54.275360
1413394989805760512.000000,0.000000,0.000000,16.088647,8.119589,0.275971,7609285736712582144.000000,0.000000,0.000000,61.134324
1413394989905760512.000000,0.000000,0.000000,16.817712,7.139064,0.189826,19128242582585344.000000,0.000000,0.000000,59.809540
1413394990005760512.000000,0.000000,0.000000,14.658742,3.387210,0.202211,0.000000,0.000000,0.000000,55.781490
1413394990105760512.000000,0.000000,0.000000,13.826283,2.836003,0.159682,53726184335925567488.000000,0.000000,0.000000,52.751533
1413394990155760384.000000,0.000000,0.000000,15.728099,7.532413,0.198178,21474840801.450001,0.000000,677.818481,50.839701
1413394990205760512.000000,0.000000,0.000000,14.170287,6.620594,0.213827,32768.008236,0.000000,56.733707,47.796240
1413394990255760384.000000,0.000000,0.000000,14.329905,6.913014,0.190467,-nan,0.000000,0.112157,51.267035
1413394990355760384.000000,0.000000,0.000000,14.136847,9.186962,0.279524,180144021618609376.000000,0.000000,0.000000,47.164808
1413394990405760512.000000,0.000000,0.000000,13.973197,3.939633,0.127106,63003330810478592.000000,0.000000,0.000000,50.460465
1413394990455760384.000000,0.000000,0.000000,16.795696,7.994307,0.198851,0.000000,0.000000,0.112157,45.880760
1413394990505760512.000000,0.000000,0.000000,14.908985,8.859342,0.185347,50267419822105026560.000000,0.000000,-10.177927,3.280361
1413394990555760384.000000,0.000000,0.000000,14.573332,9.368852,0.111778,21474840810.600002,0.000000,11.807423,3.126823
1413394990605760512.000000,0.000000,0.000000,17.731228,8.419848,0.201859,32768.008188,0.000000,0.000000,3.379146
1413394990655760384.000000,0.000000,0.000000,16.172040,8.989392,0.180291,-nan,0.000000,0.000000,53.231667
1413394990705760512.000000,0.000000,0.000000,15.735490,7.114840,0.178402,605284045907034112.000000,0.000000,5.613074,3.212392
1413394990755760384.000000,0.000000,0.000000,16.597197,7.590366,0.179266,221255409115136.000000,0.000000,-0.378333,3.308713
1413394990955760384.000000,0.000000,0.000000,18.354596,11.927635,0.472261,0.000000,0.000000,3.056760,3.084070
1413394991155760384.000000,0.000000,0.000000,17.719931,12.928256,0.496391,6225782282142088192.000000,0.000000,0.000000,55.809299
1413394991205760512.000000,0.000000,0.000000,18.251010,8.971951,0.113698,21474840807.000000,0.000000,0.000000,54.569348
1413394991405760512.000000,0.000000,0.000000,19.796053,11.598512,0.334564,131072.032556,0.000000,0.000000,44.420614
1413394991455760384.000000,0.000000,0.000000,18.967626,8.321127,0.173026,-nan,0.000000,0.000000,46.915013
1413394991505760512.000000,0.000000,0.000000,18.723368,5.664678,0.137506,77461986753485216.000000,0.000000,0.000000,46.645890
1413394991555760384.000000,0.000000,0.000000,19.503474,4.500791,0.124418,5883246445824.000000,0.000000,0.000000,48.597338
1413394991605760512.000000,0.000000,0.000000,24.045866,7.577182,0.179938,0.000000,0.000000,0.000000,3.256328
1413394991655760384.000000,0.000000,0.000000,19.043948,8.074436,0.089729,13604486068891023360.000000,268.738586,0.000000,3.123175
1413394991705760512.000000,0.000000,0.000000,17.912670,4.738203,0.130081,21474840820.650002,291.133484,0.000000,3.234697
1413394991755760384.000000,0.000000,0.000000,18.684295,4.326005,0.121441,131072.032794,257.292938,0.000000,52.409961
1413394991805760512.000000,0.000000,0.000000,15.892101,6.171277,0.160322,-nan,0.161506,0.000000,47.719566
1413394991855760384.000000,0.000000,0.000000,20.183450,5.889609,0.101729,396316839412708160.000000,0.000000,0.000000,42.292812
1413394991905760512.000000,0.000000,0.000000,18.695783,8.201414,0.171970,570000917563179008.000000,0.000000,0.000000,39.935566
1413394991955760384.000000,0.000000,0.000000,16.278602,5.456996,0.153057,0.000000,0.000000,0.000000,34.578476
1413394992005760512.000000,0.000000,0.000000,17.566682,4.625465,0.118306,492581746114559.937500,0.161506,0.000000,31.241730
1413394992055760384.000000,0.000000,0.000000,18.242306,7.065432,0.156578,21474840779.500000,0.000000,0.000000,36.097535
1413394992105760512.000000,0.000000,0.000000,17.072787,6.900374,0.164770,131072.032827,0.000000,0.000000,29.089032
1413394992155760384.000000,0.000000,0.000000,15.641474,7.410492,0.160674,-nan,0.000000,0.000000,33.931492
1413394992205760512.000000,0.000000,0.000000,17.240053,7.328763,0.159650,66653297120903168.000000,0.161506,0.000000,33.214652
1413394992255760384.000000,0.000000,0.000000,17.245110,7.322971,0.154722,974283442587959296.000000,0.842332,0.000000,39.547082
1413394992305760512.000000,0.000000,0.000000,16.022342,7.310203,0.166434,0.000000,1.599788,0.000000,40.903035
1413394992355760384.000000,0.000000,0.000000,19.659091,8.158085,0.170338,185548497062199264.000000,-0.342530,0.000000,42.765937
1413394992405760512.000000,0.000000,0.000000,19.187629,8.673388,0.166594,21474840823.350002,0.000000,0.000000,34.814383
1413394992455760384.000000,0.000000,0.000000,16.921682,7.512701,0.163586,32768.008063,0.000000,0.000000,28.352863
1413394992505760512.000000,0.000000,0.000000,18.625702,8.078500,0.176834,-nan,3.577136,0.000000,23.432386
1413394992555760384.000000,0.000000,0.000000,19.309999,8.043364,0.089185,25670525878324432.000000,2.258465,0.000000,35.434007
1413394992605760512.000000,0.000000,0.000000,16.944498,8.031075,0.155234,998336295501824.000000,0.747709,0.000000,42.377388
1413394992655760384.000000,0.000000,0.000000,16.636686,7.175128,0.167970,0.000000,0.000000,0.000000,36.721447
1413394992705760512.000000,0.000000,0.000000,17.496184,8.102277,0.176546,246264286711501520896.000000,0.000000,0.000000,48.254261
1413394992755760384.000000,0.000000,0.000000,18.638758,7.585309,0.176962,21474840722.400002,0.000000,0.000000,44.243972
1413394992805760512.000000,0.000000,0.000000,17.843356,8.068547,0.184483,4194305.048864,0.000000,0.000000,3.130023
1413394992855760384.000000,0.000000,0.000000,17.947935,8.794957,0.198210,-nan,0.000000,0.000000,3.226344
1413394992905760512.000000,0.000000,0.000000,17.284374,8.381000,0.190274,1441152166835592960.000000,0.000000,0.000000,3.351050
1413394992955760384.000000,0.000000,0.000000,16.413836,6.832244,0.166146,10276080843751424.000000,0.000000,0.000000,56.600893
1413394993005760512.000000,0.000000,0.000000,19.011916,7.069335,0.173602,0.000000,0.000000,0.000000,53.570488
1413394993205760512.000000,0.000000,0.000000,17.759196,11.233291,0.429637,6772995653631.999023,0.000000,0.000000,46.446495
1413394993255760384.000000,0.000000,0.000000,17.451480,9.266739,0.217667,68719494068.000000,0.000000,0.000000,3.098246
1413394993305760512.000000,0.000000,0.000000,18.230210,8.450505,0.201283,268435523.254728,0.000000,0.000000,3.108934
1413394993355760384.000000,0.000000,0.000000,18.897066,7.701599,0.181090,-nan,0.000000,0.000000,3.294921
1413394993405760512.000000,0.000000,0.000000,20.503870,7.367387,0.194339,404963948606332608.000000,0.000000,0.000000,59.162236
1413394993455760384.000000,0.000000,0.000000,18.893834,7.532669,0.168130,528241740935593984.000000,0.000000,0.000000,56.967490
1413394993655760384.000000,0.000000,0.000000,19.316272,10.405441,0.497510,0.000000,0.000000,0.000000,50.721492
1413394993855760384.000000,0.000000,0.000000,17.426808,9.100112,0.555751,8466772109819903.000000,0.000000,0.000000,44.967757
1413394993905760512.000000,0.000000,0.000000,19.515602,8.190213,0.196130,68719494037.760010,0.000000,426.995789,1.867415
1413394993955760384.000000,0.000000,0.000000,19.487313,6.970358,0.179682,262144.066023,0.000000,313.528381,3.086342
1413394994005760512.000000,0.000000,0.000000,18.668551,7.895777,0.185442,-nan,0.000000,415.844421,3.326281
1413394994055760384.000000,0.000000,0.000000,19.163341,5.806472,0.187394,8466768947844219.000000,0.000000,0.112157,59.451776
1413394994105760512.000000,0.000000,0.000000,18.726184,7.523389,0.192034,2985739412832256.000000,0.000000,0.000000,53.565720
1413394994155760384.000000,0.000000,0.000000,18.375491,7.764320,0.213506,0.000000,0.000000,0.000000,3.244456
1413394994205760512.000000,0.000000,0.000000,22.947484,4.184916,0.143362,223378706444320736.000000,0.000000,0.000000,3.085318
1413394994305760512.000000,0.000000,0.000000,17.656122,6.219885,0.278627,68719493947.200012,0.000000,0.112157,3.081799
1413394994405760512.000000,0.000000,0.000000,18.415524,9.405237,0.182530,524288.131136,0.000000,0.000000,61.718076
1413394994505760512.000000,0.000000,0.000000,19.536721,9.875706,0.321348,-nan,0.000000,0.000000,54.435874
1413394994605760512.000000,0.000000,0.000000,17.936318,5.778280,0.303044,100160098605266384.000000,0.000000,0.000000,3.349257
1413394994705760512.000000,0.000000,0.000000,20.468190,10.017244,0.324420,15237498215071744.000000,0.000000,0.112157,3.094150
1413394994805760512.000000,0.000000,0.000000,20.527486,10.969096,0.314084,0.000000,0.000000,6.574795,3.138887
1413394994905760512.000000,0.000000,0.000000,18.017247,11.409741,0.331140,573578932327022528.000000,0.000000,-3.377185,64.136922
1413394995005760512.000000,0.000000,0.000000,17.949054,6.024939,0.228963,68719494004.800003,0.000000,6.569065,57.300069
1413394995105760512.000000,0.000000,0.000000,17.083699,6.190092,0.316516,32768.008212,0.000000,0.000000,47.446059
1413394995205760512.000000,0.000000,0.000000,16.966002,6.597746,0.325412,-nan,0.000000,0.000000,3.072486
1413394995305760512.000000,0.000000,0.000000,19.885142,8.711084,0.207458,69895894537275968.000000,0.000000,4.720820,1.729078
1413394995405760512.000000,0.000000,0.000000,18.822601,4.512760,0.201954,2512996657528832.000000,0.000000,1.067106,3.465323
1413394995505760512.000000,0.000000,0.000000,20.677440,5.921225,0.220675,0.000000,0.000000,0.664984,64.548703
1413394995605760512.000000,0.000000,0.000000,26.137796,5.177344,0.329796,726341229599522688.000000,0.000000,0.000000,54.526531
1413394996005760512.000000,0.000000,0.000000,22.873532,3.388426,0.727881,68719493997.600006,0.000000,0.000000,49.806409
1413394996105760512.000000,0.000000,0.000000,21.983760,1.447154,0.170498,1048576.262160,0.000000,0.000000,52.607883
1413394996205760512.000000,0.000000,0.000000,23.808391,3.531756,0.325572,-nan,0.000000,0.000000,54.648741
1413394996305760512.000000,0.000000,0.000000,20.942659,1.510355,0.211203,8162687506247477248.000000,0.000000,0.000000,51.171514
1413394996405760512.000000,0.000000,0.000000,22.752250,1.399729,0.170818,5002199196237824.000000,0.000000,0.000000,43.835391
1413394996805760512.000000,0.000000,0.000000,26.141700,2.942020,0.786762,0.000000,318.505005,0.000000,49.414723
1413394997205760512.000000,0.000000,0.000000,26.586025,2.676034,0.837771,2814753374207.999512,201.553955,0.000000,48.762555
1413394997605760512.000000,0.000000,0.000000,26.776076,2.799971,0.716073,68719494106.880005,309.966644,0.000000,49.683463
1413394998005760512.000000,0.000000,0.000000,24.730866,2.791523,0.807978,1073742092.759620,0.161506,0.000000,48.804508
1.000000,0.000000,0.000000,-1436380109288338042273063405391141164341235498705504357901159488665211858820579728524273743137277202951932179366965656612148577111905888161257422756736807743743989524699662447338591981651050684960261457593758279504394336492389944601909853618542709991147603912118567417704952693310227444471431168.000000,-nan,536871046.843020,-nan,0.000000,0.000000,47.348299
1.000000,0.000000,0.000000,0.000000,20536424997752672.000000,-nan,700400045096425216.000000,0.000000,0.000000,41.653828
1.000000,0.000000,0.000000,0.000000,1501954635988992.000000,27631877887881.910156,8322354944933888.000000,0.000000,0.000000,44.515592
1.000000,0.000000,0.000000,0.000000,0.000000,26596807456768.000000,0.000000,0.161506,0.000000,45.524788
1.000000,0.000000,0.000000,-94175641629706922982895851233356020760719024486673377627013925414844394839925456487733348194115918510448525799863397362479879286251143788929608390495819652182254649229307418143024878768974340868294690773608727939974368895228834294806197342072235468577582763887600697091201886891632215881483678646272.000000,12790232218861566.000000,0.000000,12666387038207.998047,0.000000,0.000000,43.484410
1.000000,0.000000,0.000000,-23145139363938803957507796888674996135723367848333130734908463114320625613587223815430714741603937162820868064336941666961714575823341818270069050035565464433117362738344821705087025679858562769393215624052463650382164858694863148690193089520417069627061349625730906310703065337972289175552.000000,68719493734.400009,63629248072792399872.000000,68719494049.279999,0.000000,0.000000,46.328605
1.000000,0.000000,0.000000,-1516525567070945687348398015234745310469856249118200187129201898685924312993727224352935670773026802906260881558129313738303717415231527498061996949187246934165994016897830572069031591625267151923917104686300224136348325662704187625316779841625413783741888932130728653958073278943446283619139584.000000,268435523.486266,26388283439393.546875,131072.032832,0.000000,0.000000,50.988952
1.000000,0.000000,0.000000,0.000000,-nan,10737420389.179996,-nan,0.161506,0.000000,44.817963
1.000000,0.000000,0.000000,0.000000,129192641349.280014,-nan,37469990892842520.000000,1.039204,0.000000,43.107765
1.000000,0.000000,0.000000,0.000000,34995552588398592.000000,1165394654704827392.000000,223591222600531968.000000,1.233649,0.000000,40.874266
1.000000,0.000000,0.000000,0.000000,0.000000,282507.565155,0.000000,4.584490,0.000000,48.333335
1.000000,0.000000,0.000000,0.000000,10358292886847486.000000,0.000000,2139211540987903.750000,0.000000,0.000000,42.665872
1.000000,0.000000,0.000000,0.000000,68719494042.080002,248548033935043428352.000000,68719493981.760010,0.000000,0.000000,44.527655
1.000000,0.000000,0.000000,0.000000,262144.065486,26388283510280.429688,30064775394.609478,3.909887,0.000000,46.188283
1.000000,0.000000,0.000000,-81116138557204941162011390832359945436753687042698554562198707216794597500573237712516754985117121582274875940014713378247742596315724901227344421551516390769438710644716260969919590131985772490202371315678899999145374339516389134660923505013923815861776071961781933285622750414679147650995760136192.000000,-nan,1073742093.224359,-nan,1.627557,0.000000,48.336566
1.000000,0.000000,0.000000,0.000000,495756396057245824.000000,-nan,467248757631549.437500,1.822521,0.000000,51.745633
1.000000,0.000000,0.000000,-nan,652444294744899584.000000,1488138703425731840.000000,5122518410067968.000000,0.000000,0.000000,51.698976
1.000000,0.000000,0.000000,-1675880960707722375441477206565725008873541062033625095188711017774664553056589068779701040974426403209240234213376244503264824156918252300950057836168087143186944409085325245669272312425848953272683087980586522751785549262974202997349106648089086489130073571310018020647396926867663089557307392.000000,0.000000,8356341030060032.000000,0.000000,0.000000,0.000000,48.657306
1.000000,0.000000,0.000000,0.000000,177982482673565664.000000,0.000000,190952871590625248.000000,0.000000,0.000000,50.494609
1.000000,0.000000,0.000000,-1392689279667148870339870664105883034452424287607679864809823740200301931072841277372452395181712731380212767349906118317339320103124603778379597087906755848356772182403882715032059904.000000,68719494060.800003,207236796028150579200.000000,68719493873.920013,0.000000,0.000000,51.166010
1.000000,0.000000,0.000000,0.000000,131072.032082,26388283445508.843750,4194305.049886,0.000000,0.000000,49.042464
1.000000,0.000000,0.000000,0.000000,-nan,201326625.522193,-nan,0.000000,0.000000,51.766273
1.000000,0.000000,0.000000,-4980555658045796988614442160266849136153928855319918242593291179162661157281401942550076649348385531817316388629588368219616540059568499999082935166281465360744720314868422401092806241980015720563366706836951118040629776327167147856187822833078567147640240568243836999797881257886732324658678448867246080.000000,534667563212419904.000000,-nan,469815618612022528.000000,0.000000,0.000000,54.099581
1.000000,0.000000,0.000000,-6167902750975240753090431505469908038542380598182597767254910480911231648728629296895545049020919341974838741427632014833441277014873411952782430048539949507190672326074082279349474849401059781221754672298529461817448411032550333625809118811049138877485501884596232412154141198581942396114610673133027328.000000,7337085.034180,16045781947291.537109,476091079796457472.000000,0.000000,0.000000,3.493356
1.000000,0.000000,0.000000,-6171926119234994485645394423937386137211074427349072548639716250468019899967023725716771235175683320968996200991889445088046222422995513752858870699419509390860441589494140790119444491258416692631367217650829010667348047285681982924797757271902976900961303209559690392237918870158560374590265434992279552.000000,0.000000,98559316385792.000000,0.000000,0.000000,0.000000,3.560012
1.000000,0.000000,0.000000,-5494129155152766127998907008987497617106620282793072851848800140329130465354341327094550759626042125057658828086933673293197832229563736472209009433858424137591167229809239255809178871938445676618938171564362850697037914277563977764246411728791984717836196310336209741455724381222450728669551457252409344.000000,353082595614916544.000000,0.000000,190952871590625248.000000,0.000000,0.000000,3.705518
1.000000,0.000000,0.000000,0.000000,68719493990.400009,186581177074704154624.000000,68719494039.200012,0.000000,0.000000,56.731839
1.000000,0.000000,0.000000,0.000000,32768.008250,26388283436335.898438,8388610.113113,0.000000,0.000000,54.366529
1.000000,0.000000,0.000000,-288145408586510814337702633269089726650460170529492768928877156428411125256153154219397227369488560359883216479489195433197444078148430076752318377869359127155758337012491622248740365097330770251632895254203101138555884252499355052930682927549605295538171475796057439442639800057724928.000000,-nan,402653250.915194,-nan,0.000000,0.000000,60.229290
1.000000,0.000000,0.000000,0.000000,18915126409313652.000000,-nan,281745217988172192.000000,0.000000,0.000000,57.198084
1.000000,0.000000,0.000000,-6173218601626852166531512186168156985158056927876752970793552522417722414466830918498162921957010721805813002380002115790184897976179287633204589758772228987475500338750856168241250723757340833299643997243609826008521579205756471422885019555750558305598057282518231715334279863041998723078383444066041856.000000,7145774423998464.000000,675041460991725952.000000,12540026824949760.000000,0.000000,0.000000,51.326651
1.000000,0.000000,0.000000,0.000000,0.000000,61704635865366528.000000,0.000000,0.000000,0.000000,54.882632
1.000000,0.000000,0.000000,-6505391480675863159238215316154208016022560343585501942594869203023509116165782348953373178352874330221369363719623946131666105470319164341843684761347611829340499236274433735194974773010723385448572696405956461193231073464289354717861498027211682875838039859233309054369752081627243317921795410195644416.000000,1596797647274901248.000000,0.000000,456845432073486272.000000,0.000000,155.271194,50.916150
1.000000,0.000000,0.000000,-23149804808012068331589365761312889986179298974856977336633072688960126665272084377576532032619221441465285924832338387597955032381291528483377470644682018311180650332137567474798473943703475718551029873315545866448057439462685257180991831046628227177932393589864083742377207253826300542976.000000,68719494024.800003,1165395464023965440.000000,68719494031.279999,0.000000,226.934830,55.693554
1.000000,0.000000,0.000000,0.000000,536871044.946960,26388283488214.199219,262144.065722,0.000000,0.112157,55.755859
1.000000,0.000000,0.000000,-5387798336172828224269593261966670009114564510550461144192083449067472742176996685004391642174697435216778312657953092691499734821336240595641972772810585348851615802952354291007888490796469021059611630887938725677951638392570409871710486194255209700267634245790808723322384154624.000000,-nan,6442452008.266218,-nan,0.000000,0.000000,56.543196
1.000000,0.000000,0.000000,-297331625429567346643595540179156359118492134211515151334183128606559284303302668293303098851576087756951146960746475286726686930597198889092322227162070993659908265279637035005391959476326345460367378947417310755453459717852028696534156922438256946271201287341212216853544402417614848.000000,119615681996710224.000000,-nan,340112004449189248.000000,0.000000,0.000000,53.709945
1.000000,0.000000,0.000000,-1993663435742424907590402913391102504522552270109825831469844420818997096073064278390090951226709656049316827699644293633521905827837654700114610670868762622247270494931459693773317623693565041624925562038522736972614742995542056772961438029612507142627612449998923484475480451527757668187897856.000000,9006162712576.000000,2391737440365166592.000000,5470823077904384.000000,0.000000,0.112157,56.646269
1.000000,0.000000,0.000000,0.000000,0.000000,753424543292325888.000000,0.000000,0.000000,-5.675568,62.241346
1.000000,0.000000,0.000000,-25187156076338639342546598819160683938724524876532481712146224915599999658813557401662567889857408664669105849173228210438397842125409873320077170633489642080522454402383972209929196888837107355580322920425678799373708589488380645567870405929559746959975000704024576.000000,1233627857108860672.000000,0.000000,778222785267761024.000000,0.000000,-2.535812,50.902582
1.000000,0.000000,0.000000,0.000000,68719493853.760010,3037227148894010880.000000,68719494032.720001,0.000000,0.000000,50.421808
1.000000,0.000000,0.000000,-316206087065279280479570763915004776481050899847373777092376264817571912215870170824518873475484673401386618837151881207567489537091019407210672874585183072160447477836391702473229388571285001184363193805739550485122641929572775373037372386534886953923499205747387571306749204696662016.000000,402653250.973751,26388283511427.050781,262144.065588,0.000000,0.000000,54.827527
1.000000,0.000000,0.000000,-1358104524392920902997785716149239012748748627943723420471412076909635136684988591659755364730696351057566174977072021727729531579923387781255350491264042042532518393629997025384197388328125940420156766482653174612863552349294278721193762643902810763366080490301139433822667439770247231967330304.000000,-nan,1610613002.171965,-nan,0.000000,2.556071,55.518799
1.000000,0.000000,0.000000,0.000000,80220410265272.328125,-nan,353082393372288640.000000,0.000000,1.459429,54.217567
1.000000,0.000000,0.000000,0.000000,40715828879360.000000,2133626793924124416.000000,3245484002508800.000000,0.000000,1.806940,3.411242
1.000000,0.000000,0.000000,0.000000,0.000000,264449762168668160.000000,0.000000,0.000000,0.000000,3.716398
1.000000,0.000000,0.000000,0.000000,4104404338720374272.000000,0.000000,752282007433641856.000000,0.000000,0.000000,3.404554
1.000000,0.000000,0.000000,-23173578707810243079843847452302832364662785197614022392630739774763318242616621625116059519410680933513212756769790086672632319989579987037290317665770726529431160995064561514760984214111242715098902845309432355764760418386577548578610577988079986368929891891508538214785849870021531009024.000000,68719493889.600006,36088399345282445312.000000,68719494037.040009,0.000000,0.000000,46.142907
1.000000,0.000000,0.000000,0.000000,4194305.057587,26388283445508.843750,1048576.262334,0.000000,0.000000,47.834161
1.000000,0.000000,0.000000,0.000000,-nan,2473901713536.585938,-nan,0.000000,0.000000,3.404074
1.000000,0.000000,0.000000,0.000000,216893411003392352.000000,-nan,8872093603720070.000000,0.000000,0.000000,3.514732
1.000000,0.000000,0.000000,0.000000,86573807353856.000000,3897877057235291648.000000,530418061475840.000000,0.000000,0.000000,3.608845
1.000000,0.000000,0.000000,-115021871839628537641833200133697918688633515351146794714195806625835667434530658992957674065483560318199112819871004700011876002720080840798493969365319013224435990063700071369321176089972836841864657621543087895408258841009180866276874349325794932237021133265861945496015146197085515130988807585792.000000,0.000000,4919808847511552.000000,0.000000,0.000000,0.000000,40.640983
1.000000,0.000000,0.000000,0.000000,5464854265023429632.000000,0.000000,959807680350781312.000000,0.000000,0.000000,45.426290
1.000000,0.000000,0.000000,-28013074875390905075592863435148478895895052952019468700268895951805675130453254027112788020241342217116231344191030948192210964262102789737376880823758727323738919287757745952998963308348967001927670875591289651178134628890767946810456722800775643239361926577277754407049498428440190124032.000000,68719494025.520004,122323676853893578752.000000,68719493947.200012,0.000000,0.000000,36.702758
1.000000,0.000000,0.000000,-nan,32768.008138,26388283504929.546875,32768.008169,0.000000,0.000000,29.576750
1.000000,0.000000,0.000000,0.000000,-nan,4294968367.717143,-nan,0.000000,0.000000,31.521126
1.000000,0.000000,0.000000,0.000000,29906734156533.761719,-nan,1752441505441980160.000000,0.000000,0.000000,29.781777
1.000000,0.000000,0.000000,-4454111676226350239495335239937266610848592310846594016515364902022791398880455105053081566308701007998832547578772953166289261667382301195757336072210035008127673899780289354236674020059856265444871860859871373577141678784413235451859518525915617914443078555878754786811880949644192421199025398796517376.000000,3464009791045632.000000,1703301033865148416.000000,313450105024.000000,156.764175,0.000000,28.271966
1.000000,0.000000,0.000000,0.000000,0.000000,4719096435834880.000000,0.000000,226.437149,0.000000,24.465583
1.000000,0.000000,0.000000,0.000000,141855577331566886912.000000,0.000000,1011689236019019648.000000,0.161506,0.000000,21.983504
1.000000,0.000000,0.000000,-17040061551018437338715168742880730434837813761961640136333664991150070375592644733992011853248580252753431028767543182270731559909588893365377778664811819053813617478462572751874637740726573697315339771612245245150415828182869915407105039595827258268282595470203596488587210039055578300416.000000,68719494041.360001,234777574386916360192.000000,68719494070.160004,0.000000,0.000000,22.710810
1.000000,0.000000,0.000000,0.000000,15032387700.197725,26388283494609.984375,1048576.259087,0.000000,0.000000,24.721138
1.000000,0.000000,0.000000,0.000000,-nan,21474840759.889809,-nan,0.161506,0.000000,24.693041
1.000000,0.000000,0.000000,0.000000,456845230317900928.000000,-nan,1700559951172290560.000000,-5.547839,0.000000,23.290656
1.000000,0.000000,0.000000,-nan,4761410444722176.000000,464378809132545472.000000,16912715849138176.000000,0.513877,0.000000,25.427931
1.000000,0.000000,0.000000,0.000000,0.000000,20395612878848.000000,0.000000,0.000000,0.000000,21.976432
1.000000,0.000000,0.000000,0.000000,116952430610812485632.000000,0.000000,38922676438898302976.000000,0.000000,0.000000,24.682865
1.000000,0.000000,0.000000,0.000000,68719494103.280014,227892414981597003776.000000,68719494070.160004,2.561185,0.000000,21.176518
1.000000,0.000000,0.000000,-7195180338130592163111233097160655232568690174866982268646239909127193116441431304781038489416811204212210916448537885973964925337812372940271975712574819765218585670784832405929061263260297289254186338303099365879836467139878552115455606975515767208359598913270946031464761588720852487621481431453138944.000000,268435523.505195,26388283475983.605469,268435523.298083,1.375926,0.000000,18.484997
1.000000,0.000000,0.000000,0.000000,-nan,201326625.634089,-nan,1.856160,0.000000,24.059274
1.000000,0.000000,0.000000,0.000000,3689350279353944064.000000,-nan,391993559707392448.000000,0.000000,0.000000,23.341696
1.000000,0.000000,0.000000,-4539114793479704688186571854820911710194670063635389451748289175508256749754002782602610995930599496605073385736117949833863227565489456847697382227807480812909832672045164146157149622673379320987917508076796747088456605138947543593982512705408504027650010787955189099717992644608.000000,35958106299039744.000000,15226082257760700.000000,469581421204209664.000000,0.000000,0.000000,26.868172
1.000000,0.000000,0.000000,0.000000,0.000000,27217229412040704.000000,0.000000,0.000000,0.000000,28.268318
1.000000,0.000000,0.000000,0.000000,239070067781753864192.000000,0.000000,7332585871033498624.000000,0.000000,0.000000,27.963930
1.000000,0.000000,0.000000,-6852323682077859718160475139891201075989524817875580849019270723181861213603917050387857622205661992763092655038770219050891968289777111260257746127587948503986607822123173104661489021080629890730511787491515210481754112088178556841634768537792961864439601060882650581196971171933487017123849487482093568.000000,68719494093.200012,214121955433469935616.000000,68719494018.320007,0.000000,0.000000,32.084557
1.000000,0.000000,0.000000,-6512098771713380818385406457723616946125423954919546686353368636629828369761060113026177122008451679706898993055299272063271795615472378212589000091554195331878414353648767034447086322654194761383617085238159749798298111069219136484666584746163107943430390689328030615120551228511091838832923699954319360.000000,50331656.405425,26388283469103.898438,32768.008242,0.000000,0.000000,33.162651
1.000000,0.000000,0.000000,-1435762514306671234456967373677448572113118886905910859127132525848670403650485316845767381429824450609542691275379463597019417036551496131145466661776388940601860866429247358514492972982392292783729048207882496355104125148667023509318730841183154581287864330575931125878944395463428137669361664.000000,-nan,10737420385.001699,-nan,0.000000,0.000000,37.710931
1.000000,0.000000,0.000000,0.000000,700400048326710400.000000,-nan,139071196697366368.000000,0.000000,0.000000,39.011395
1.000000,0.000000,0.000000,-1435762504863968081876142920573532263799748054817604450373491175056563876440732710913298004222387555011271675873777265759269135977263372700502780230244486636489051494088750692027586351789685614258924482269128750737988819569091149889506471175740336909428564761747428220805028271282275669455667200.000000,46823742344527872.000000,2847001248193647.000000,155663943992344576.000000,0.000000,0.000000,41.504546
1.000000,0.000000,0.000000,-88964023271632483054012459711541220710044970857356385602618163761490103798735384191931840498055840185020366188139454953484641840597564267815582776154993048964180573017320246055114922629366703548068464602556691901212524586229438908617013612943264650834256618006226081750431283454237672320540331737088.000000,0.000000,677939789627392.000000,0.000000,0.000000,0.000000,42.879539
1.000000,0.000000,0.000000,-88943505722623284711946722502723237268714569109740793123638400491900094815329318385484008892910432259818684829438042688221368990864554604845240790498534224328926591934446870853530659606310178973585867851396723078980449005319396021452739697911218461522643018525606750222020351925797723236041637232640.000000,275594542234705297408.000000,0.000000,6917537823734103040.000000,0.000000,0.000000,41.800006
1.000000,0.000000,0.000000,0.000000,68719493950.080002,7073763891871743.000000,68719494016.160004,0.000000,0.000000,44.343333
1.000000,0.000000,0.000000,0.000000,4194305.046075,26388283479805.667969,32768.008241,0.000000,0.000000,37.254990
1.000000,0.000000,0.000000,-83731728011615105800967361884559220225236771549331692608208496983940941329365854164328106468396529049212069418930029413301285929373276910975414427856440694975987907885095140286239235589123863388905629407881653863896297796772793720402618568049421885468847002644763573861833912192840107541531772059648.000000,-nan,57174613450832.148438,-nan,0.000000,0.000000,35.663513
1.000000,0.000000,0.000000,-83711849130277407523581588824381323004243541599974082538419663661087234386751635964637197734383873009214228380445346070663639474155110143152530989761854643456706138660520444716146574458950089095680595395287749961611621690915522469512482571464786812392369233837081961690240092242283703574602872520704.000000,4634746147667643392.000000,-nan,177982380786204032.000000,0.000000,0.000000,44.632456
1.000000,0.000000,0.000000,0.000000,4905807245213696.000000,2426760165070376.000000,11331373126.000000,0.000000,0.000000,38.640895
1.000000,0.000000,0.000000,0.000000,0.000000,16683441922768896.000000,0.000000,0.000000,0.000000,40.794105
1.000000,0.000000,0.000000,0.000000,49478074367.999992,0.000000,269380616191.999969,0.000000,250.822708,44.705801
1.000000,0.000000,0.000000,-1756031272076560843153336806717721506104094007673857398451258021396825182808757837282778165126310223963613614814095787164352231631969883149810592568698659461025349685503316930167661683754912141431904672808103945374885634899318992716532080084203022280347824248931835038519230473549482658757607424.000000,68719494035.600006,134246452741275632.000000,68719494016.880005,0.000000,247.239532,38.536317
1.000000,0.000000,0.000000,0.000000,412316929477.726929,26388283467575.074219,8388610.024592,0.000000,0.077887,44.719274
1.000000,0.000000,0.000000,0.000000,-nan,34359746835.895302,-nan,0.000000,0.000000,41.895271
1.000000,0.000000,0.000000,-78500032271146065729295968659307945703951418968332554392420262950453649788273449719977626508083094719159998228001240722542517948879096554532787947935374063286094065489296825060607615354380016959450024306860978918756685191020982364221565212684647106826940619664664862883455523595381710084247675469824.000000,1752441503596486400.000000,-nan,8785266173987164160.000000,0.000000,0.000000,45.270896
1.000000,0.000000,0.000000,0.000000,1005875710423728128.000000,5392800723686045.000000,5054060926337024.000000,0.000000,0.077887,46.118939
1.000000,0.000000,0.000000,-5827662246074453943388854574824775857979483578834862823904385356693605139456774434838625373140831466386741544061089850865448509343085663195427163496669242507402135471040468173457371126807636381983505640169883615727251864865288475975520187821482346479242120188537822269668519618943557121029713634420326400.000000,0.000000,26412339374.000000,0.000000,0.000000,-12.288268,50.555602
1.000000,0.000000,0.000000,0.000000,3445257408610303.500000,0.000000,1627278802943.999756,0.000000,3.112256,43.846527
1.000000,0.000000,0.000000,0.000000,68719494066.560013,1595721225391308544.000000,68719494111.920013,0.000000,0.000000,42.850163
1.000000,0.000000,0.000000,0.000000,131072.033011,26388283475219.195312,134217761.601806,0.000000,0.000000,3.307593
1.000000,0.000000,0.000000,0.000000,-nan,3221226001.592637,-nan,0.000000,3.323361,3.268777
1.000000,0.000000,0.000000,0.000000,517914070865674.250000,-nan,1037629606990887040.000000,0.000000,1.470653,3.221352
1.000000,0.000000,0.000000,0.000000,308241819172864.000000,10183197930188326.000000,4135145675685888.000000,0.000000,1.551672,58.241713
1.000000,0.000000,0.000000,0.000000,0.000000,2114314969153536.000000,0.000000,0.000000,0.000000,3.577901
1.000000,0.000000,0.000000,0.000000,113130538088267760.000000,0.000000,4398050705407.999023,0.000000,0.000000,3.308425
1.000000,0.000000,0.000000,0.000000,68719493839.360016,1488139510171565824.000000,68719494058.639999,0.000000,0.000000,3.303081
1.000000,0.000000,0.000000,0.000000,28587306744887.851562,26388283468339.488281,131072.032813,0.000000,0.000000,59.454400
1.000000,0.000000,0.000000,0.000000,-nan,3221226000.174688,-nan,0.000000,0.000000,52.229191
1.000000,0.000000,0.000000,-6170539748119457168822989310730914709187510084567721037883618700033177761488337549093954269535144976444677661121790113132603878265362479456243545832977398019136984023315246947597322245746927246008181186031336467936818320890880688716895741306930337164978969353348075944629308004103878734861409971538493440.000000,1089511164782449792.000000,-nan,1285508599487460864.000000,0.000000,0.000000,2.198235
1.000000,0.000000,0.000000,-25619721958757653954519580963020571238900493432835892016547133270016547752572899040927029636517544516108607763268717987576839796553595654567629355041507835570836990541979020994640044224287308671620602711208935852920653711707986660393238817503514471716023579482818606630970774172849938628608.000000,42405832.273438,4107720173920950.500000,11586269207330816.000000,0.000000,0.000000,2.115770
1.000000,0.000000,0.000000,-120294561299481519695151685054813779277303249593304629817940583432239572097228264374561968442933134830148325981035896133230556344221156686627415148398930342447946148238063458600261710458473543787441575316948339622104172008606079548300998005541004736016258041574668240380211759538606504619011880255488.000000,0.000000,306759250706432.000000,0.000000,0.000000,0.000000,3.135878
1.000000,0.000000,0.000000,0.000000,139071247202910192.000000,0.000000,8356295081983.999023,0.000000,0.000000,56.763199
1.000000,0.000000,0.000000,0.000000,68719494070.160004,1703301841099423488.000000,68719494065.120010,0.000000,0.000000,49.996907
1.000000,0.000000,0.000000,-5482775655409911736831787946345610875897179721177614783611570828361558839152504205380985494770983554351229364705521304243361445858787658803772462231826941892521178310282234855096964745604809294550654037354115832708628059195243660924369577419446500119074835663989295330360096195914475456870216192520880128.000000,268435523.646339,26388283509516.019531,131072.032841,0.000000,0.000000,42.127625
1.000000,0.000000,0.000000,0.000000,-nan,35184380861147.937500,-nan,0.000000,0.000000,41.222046
1.000000,0.000000,0.000000,-326005951043335620626449078921454282368507001891314657639623691312275452684809193033861997104109525375042727424044106251816381080822713205865486667959921361249026796623787772629402474018149489325785142152491171840.000000,139071196619603968.000000,-nan,573578729028772224.000000,0.000000,0.000000,51.946659
1.000000,0.000000,0.000000,0.000000,231023508887437312.000000,3897877053341096448.000000,8133754341031936.000000,268.738586,0.000000,48.115507
1.000000,0.000000,0.000000,0.000000,0.000000,23188034692317184.000000,0.000000,126.904335,0.000000,39.026819
1.000000,0.000000,0.000000,-373065128533139668713543298082307274152935446329008028938533016160733102213728874278457039568226119173168480691071367620983542050514112686914225741807049456670001122786349938821857472024001159199601948219727176242445601036705177356541440699842139101554993068086114934607638874191560704.000000,1752442314279616256.000000,0.000000,17416276934655.998047,0.161506,0.000000,38.286490
1.000000,0.000000,0.000000,0.000000,68719494090.320007,1918465271538908928.000000,68719494045.680008,0.000000,0.000000,41.313471
1.000000,0.000000,0.000000,0.000000,16492676607316.343750,26388283502254.105469,131072.032832,0.000000,0.000000,45.920537
1.000000,0.000000,0.000000,0.000000,-nan,4294968376.417127,-nan,0.161506,0.000000,49.010398
1.000000,0.000000,0.000000,0.000000,3793113386939035136.000000,-nan,236348994007869696.000000,-0.383913,0.000000,39.416200
1.000000,0.000000,0.000000,-7546120212500091786594611724032913974086911876752421662587866900927760172820827887610804261649770899389764913972537073246631811108008716052085538888950806524408083981543138304485178137372235551281109035523833372094055133813199812837556332108296886221162767846948594321153454719567534862723312063464079360.000000,289601392672768.000000,1918464462520349952.000000,424437397913075712.000000,-8.205248,0.000000,38.253530
1.000000,0.000000,0.000000,0.000000,0.000000,35881054621401088.000000,0.000000,0.000000,0.000000,45.498643
1.000000,0.000000,0.000000,-1358420028897081529120620174336444861796817172582476316611084660943286774247568455819362634105209986485424947530256447928430201558507523784908838764411876573887317947348533455457460667569627452954774981643732508703934643781425880826645570650685152271731278494639321514101235718249350419110166528.000000,10422420253270079488.000000,0.000000,7250802443812863.000000,0.000000,0.000000,43.143638
1.000000,0.000000,0.000000,-3973529008309770767852945278010372141679163828548711682222492590415471301564754798698274946979598229145968288021894556537041994111322827390554506060406790442583067031226914217112747372189669932137776260993252976674929691663181318200409028721452815535517837626526697104605536321536.000000,68719493980.320007,91340178054979764224.000000,68719494024.080002,3.130708,0.000000,43.064469
1.000000,0.000000,0.000000,0.000000,131072.032810,26388283497285.425781,50331656.447793,0.554122,0.000000,49.066528
1.000000,0.000000,0.000000,-28036737249205621609531224666823588128805426217948174393342565522771837616557009497280695586130178635831744125339593246129427353563578142716796233961367600705172154078173816274360952267371131068331417448307984673423963033792109846597009327552846141332479141517973647713963729207670777839616.000000,-nan,274877975579.831909,-nan,2.543433,0.000000,46.054234
1.000000,0.000000,0.000000,-23135492780220844998604725352391302252021854128485804195655556098884313638598858619439426557503422134243128540383703377207224256804541297959958535810025868038697631203596877157823363458030334839984604732631483976202617291284240202246682733994202899985601228232770988114319046579126938894336.000000,11168935881820080.000000,-nan,314171226512393536.000000,0.000000,0.000000,44.949292
1.000000,0.000000,0.000000,-120335122757023562841815690947437979096912668855012647410782344340654710152560995166680533400043516400393111112526228625387385730068345814909270440440868137866461500415857266937424769125864156106732999458198930367919723185320728502185134520456933999740588026337684649544246116790493112570009400377344.000000,5458964673200128.000000,782622627178721024.000000,552620387624550400.000000,0.000000,0.000000,49.761256
1.000000,0.000000,0.000000,0.000000,0.000000,7505615382904832.000000,0.000000,0.000000,0.000000,50.112365
1.000000,0.000000,0.000000,0.000000,28131312859904733184.000000,0.000000,249319484278439904.000000,0.000000,0.000000,46.718083
1.000000,0.000000,0.000000,-482625888739882084138627165943385716743571396511662606855384399381615421533329243685452578841456775798174348885245452234381301826453091627672494487353508600169660195291609013376888862792725739869188285057507941617902475928168470888821763626491249655358372333183355639769550681886687232.000000,68719493948.640015,122323676853893578752.000000,68719494029.840012,0.000000,0.000000,48.003474
1.000000,0.000000,0.000000,0.000000,6442452026.086129,26388283494227.777344,262144.062427,0.000000,0.000000,50.596819
1.000000,0.000000,0.000000,-307268084030540468471835603826650637841965266610641951031213577496324522608584410581619453185130115438818183925545785226067715109912930144292073111708930027945429283724231362376417423895904267426470590765845186110092288308214562099099173991332311983107994550272.000000,-nan,4294968364.230945,-nan,0.000000,0.000000,44.930509
1.000000,0.000000,0.000000,0.000000,80220410345635.843750,-nan,281745217997231904.000000,0.000000,0.000000,46.467903
1.000000,0.000000,0.000000,0.000000,9242634402922496.000000,214932569519797408.000000,6293824711163904.000000,0.000000,0.000000,47.874577
1.000000,0.000000,0.000000,0.000000,0.000000,1223313266180096.000000,0.000000,0.000000,0.000000,48.012179
1.000000,0.000000,0.000000,0.000000,25640998187829293056.000000,0.000000,508726987741724608.000000,0.000000,0.000000,47.823024
1.000000,0.000000,0.000000,-nan,68719494101.120010,2133627602466766592.000000,68719494031.279999,0.000000,0.000000,47.978162
1.000000,0.000000,0.000000,0.000000,3298535437051.797852,26388283476748.019531,131072.032837,0.000000,0.000000,46.974277
1.000000,0.000000,0.000000,0.000000,-nan,240518202113.563721,-nan,0.000000,0.000000,46.882276
1.000000,0.000000,0.000000,0.000000,6294955924858308608.000000,-nan,17654121741827442.000000,0.000000,0.000000,48.497880
1.000000,0.000000,0.000000,0.000000,877517623485530112.000000,3267240173500787.500000,488857234428657664.000000,0.000000,0.000000,2.446814
1.000000,0.000000,0.000000,-83752485056583809797067097744665703383888705068783984191620177824328252713863761499879131862613612243903314245337934697823586575247396573383821579756105220860409307636887257815810945211193858459728716355849516933353772510628608096150473671372931780456574852168899770728314430648650610358397171662848.000000,0.000000,65578490207928320.000000,0.000000,0.000000,0.000000,3.070918
1.000000,0.000000,0.000000,-1440439018372641001824063886846490954265995878357232631982641811418938993486267589344039187833096869472598683533349429615660368674059751118650342043216566399816385296085902427241775438041629344103688316208849514707871597175630956227322761727493761741247227314856112848562704089007185233933500416.000000,258992444420869029888.000000,0.000000,508726987741724608.000000,0.000000,265.155426,3.423978
1.000000,0.000000,0.000000,0.000000,68719494050.720001,2606900288015040000.000000,68719493963.040009,0.000000,308.153625,56.917088
1.000000,0.000000,0.000000,0.000000,1073742088.542482,26388283466046.250000,131072.033040,0.000000,0.077887,51.980323
1.000000,0.000000,0.000000,0.000000,-nan,3848291234174.739258,-nan,0.000000,0.000000,49.717095
1.000000,0.000000,0.000000,-316065115001485092388864263178083134014583386036631422639759547284256164612878193989603922185039342232665103159677116427334948506278923865698752795950499144846016775727454945327829243568531240583092230792734114791218559623692072050053155721950196407434088657958553976925807662759673856.000000,443874841480868672.000000,-nan,22157723642353420.000000,0.000000,0.000000,48.830044
1.000000,0.000000,0.000000,-1357485687362228943616353059158551643576486601173017283385916539967971007629473440211343014742899333796787611235682145632200243968630838128041671405578023503341472100539693816352358275164637670128990278346525518145285102913274361371994758329822538811139535458802387012489131289933225444641865728.000000,3920466822656.000000,1843242742912.975342,39343627301814272.000000,0.000000,0.077887,50.407664
1.000000,0.000000,0.000000,-408784154133388066550737487847583103033147649480602385135407700952544005237260860996520933281580494662828449485771879943725681237957169349339711269120322356073682742325740849278940385209218830766582303799719135072483020980434173157088838147525032696334042026594000607356557861823971328.000000,0.000000,170986188566429696.000000,0.000000,0.000000,1.692060,49.853385
1.000000,0.000000,0.000000,0.000000,272274122671938043904.000000,0.000000,1011689236019019648.000000,0.000000,7.302402,3.592429
1.000000,0.000000,0.000000,-3284078593325195109795815027188226975153217996170624745509820099021333818706096001878802558684529494835463237307808670870751100934185994846988715949854070188799515184327772950124001247078026813643903440184286864159462386217759499024614295684379232016793600.000000,68719493945.760010,51580148744739348480.000000,68719493965.920013,0.000000,0.000000,1.817366
1.000000,0.000000,0.000000,0.000000,131072.032579,26388283495374.394531,1048576.263020,0.000000,0.000000,3.188839
1.000000,0.000000,0.000000,-5488802759041341488367372833133623442940350837329695461288080118428614169421004955213778387535615728869286776482742349895134976912281936900004253594029224879260156677642441672141860358431247062389255255906764395159807489980134219624595876240665843520647720707180368764240866174260565223521187766521036800.000000,-nan,6597070865848.063477,-nan,0.000000,3.613420,57.844012
1.000000,0.000000,0.000000,-997772150208662128321403973118344460487343433505343939048227160741988369562238019757024063173972081969132390887174475549423428064572291548414822832994946803571454337084986619858442388646032677367645570873337485512293034857328583966076603435889423571883965999345586717895356413946210042433765376.000000,80704583802101440.000000,-nan,60168137243948488.000000,0.000000,2.578741,3.379657
1.000000,0.000000,0.000000,-1122107923137133528855366173639007352104362396480397650491596291897359783589843839911531079647156056121018569022784562135690492381280299556795354180921680092708852708498328601389165056551695361273042600138992076848102816835303431467200667261301427667621401212679157186560.000000,70668438699245568.000000,621250603832723072.000000,626110991259664384.000000,0.000000,0.464335,3.083910
1.000000,0.000000,0.000000,-5491460602576386446200287454420182220249668502001797154649187115898940347220321484736369202955330345902969831153217548186839497117962057451433432518171125054911873782640328801586343992716749878763380297516242675365028649560045989713691310008006520837626229575884091365641637751102543405132672016438001664.000000,0.000000,254773200011264.000000,0.000000,0.000000,0.000000,3.107974
1.000000,0.000000,0.000000,0.000000,275260262112559072.000000,0.000000,13742839816037332992.000000,0.000000,0.000000,55.942005
1.000000,0.000000,0.000000,0.000000,68719494028.400009,14357801067498960896.000000,68719493990.400009,0.000000,0.000000,51.641663
1.000000,0.000000,0.000000,0.000000,32768.008082,26388283491552.335938,524288.132138,0.000000,0.000000,47.404299
1.000000,0.000000,0.000000,-7201882478385447010623716733224425114165350673357376389110935420674123379406012648282767276708382169284803525991889740446780722707744958211642688593915535839610454243895558096274105071547908590376889143851114420845021270317172134823560332597137339333359211328240678152759841348599283490874144605559848960.000000,-nan,536871045.740758,-nan,0.000000,0.000000,46.791907
1.000000,0.000000,0.000000,0.000000,216893410765155872.000000,-nan,132586002273565424.000000,0.000000,0.000000,46.267292
1.000000,0.000000,0.000000,-5315357606360596749229728921716497402847338227143195033464333516587495136276134308653508980596520807958762945320442917295592682255596335239943722898009295756444343383072086346132704098124614793720487846137999981481996505961995500795709556933813934895090102631582301167227002896070165800916317889020035072.000000,44057680326688768.000000,3467550195317626368.000000,284318486753181696.000000,0.000000,0.000000,46.468703
1.000000,0.000000,0.000000,-1438558191820698307248348965558597747750094431958340786318333923015099038321570240058891578293211455120194741628280589426916376839758060259847696772135114265247741826875306324435455127267141522763526708462959941968862247141669694575863752609181746540027921531065279140571824744130434111849365504.000000,0.000000,930549819213086720.000000,0.000000,0.000000,0.000000,44.653449
1.000000,0.000000,0.000000,-nan,275260262112559072.000000,0.000000,34772134393253195776.000000,0.000000,0.000000,48.820540
1.000000,0.000000,0.000000,0.000000,68719494000.480011,41252339268016136192.000000,68719494006.240005,0.000000,0.000000,45.091150
1.000000,0.000000,0.000000,0.000000,131072.032997,26388283503782.929688,32768.008248,0.000000,0.000000,52.244167
1.000000,0.000000,0.000000,0.000000,-nan,25769808098.807049,-nan,0.000000,0.000000,53.718777
1.000000,0.000000,0.000000,-81126238938743990871502894116515424021815562694849421440688795594428254381697634245579179043154885472256592311884352231751861077647842781780886620819100022975146550854713701438242324918066077005802089795706857750026800641157348503879649021887384353499284453900062228697192067120485901332852229799936.000000,4053240661286584.500000,-nan,985748054498575744.000000,0.000000,0.000000,48.949854
1.000000,0.000000,0.000000,0.000000,92531866517504.000000,46344383691678.046875,1640501691023360.000000,318.505005,0.000000,54.546052
1.000000,0.000000,0.000000,-6165208262935205019770974455932439674160010802921934395679798731887142930932813897625816485007846072483955698279091757542731346990413709742578002543157629080143624809449066572335637018712642916168051204760515562365538966121957193202211500709520110690387324986896387565022114413657701144288156735760236544.000000,0.000000,19648071107346432.000000,0.000000,241.367081,0.000000,56.002805
1.000000,0.000000,0.000000,-94196078414435731580260755880542802334852005463629724571154388406336120216622386689114253193357818386495096825585326326807977045769479842010248813911095925171347943712456221394446759294557980194820370449014613578057242050881673057158451490716855196195888569753613899680459917146861976912092872048640.000000,648518896097165184.000000,0.000000,48053830236508250112.000000,301.547729,0.000000,57.755243
1.000000,0.000000,0.000000,0.000000,68719493918.400009,91340178054979764224.000000,68719494057.200012,0.161506,0.000000,53.194386
1.000000,0.000000,0.000000,-4972472236112006633281824680612524789342337363897508518684261703765273361183473802360411808209248017373882064662288799059368626181705537397682219113446626527336913603204126635213694621526146258536764594125085317704305625775460303525273666922102629043395140542374673270796152875750075649937841275277410304.000000,4503600749720517.000000,26388283467575.074219,262144.065464,0.000000,0.000000,49.891049
1.000000,0.000000,0.000000,0.000000,-nan,3221226005.871097,-nan,0.000000,0.000000,48.671546
1.000000,0.000000,0.000000,0.000000,2547958250262799360.000000,-nan,3606399451878.400391,0.000000,0.000000,51.779393
1.000000,0.000000,0.000000,0.000000,8364467099271168.000000,3687481250130403.500000,274199131486945280.000000,0.161506,0.000000,46.952773
1.000000,0.000000,0.000000,-1676190355468117324190710698696260515264510930492214140926864131974057219567044747428046600411836951697812982905112821557507327201322888953883114057026400996343313753685776369484359881219825885570463253836208196453532566744579502578053000314461165366963071998460698135893499957650497616929095680.000000,0.000000,38596094816256.000000,0.000000,0.000000,0.000000,47.347210
1.000000,0.000000,0.000000,0.000000,1089511569521377152.000000,0.000000,102010612947104022528.000000,0.000000,0.000000,50.956887
1.000000,0.000000,0.000000,0.000000,68719494081.680008,17800407158437705728.000000,68719493770.240005,0.000000,0.000000,3.655085
1.000000,0.000000,0.000000,0.000000,19791213716549.277344,26388283462224.191406,524288.131957,0.161506,0.000000,3.409386
1.000000,0.000000,0.000000,-nan,-nan,4398047617331.550781,-nan,-3.379374,0.000000,3.406890
1.000000,0.000000,0.000000,-83732047653046836932478394757990660064813534437197933250560746777399977746870972315598611098497234928625748185503663818758168762492569751424030060223363993196870060803839032376672327487431058082172107094455037584915861027001517518728257868194060699651003999368726197776614225494194711921635442556928.000000,1089511165217315328.000000,-nan,1089511162634966144.000000,-3.261363,0.000000,44.025057
1.000000,0.000000,0.000000,-nan,758483944906686464.000000,74850023424177.250000,3574414072872960.000000,-4.368156,0.000000,38.500189
1.000000,0.000000,0.000000,-5486150187798544745870465275725862008885250476696370091848491921251485653190743729983703662841126272011191242150216528525481097374721195773008801232214234649899365694563449032809240323627092065209089509076139063184360815774009117136057498034302162553122816496283578060612092428134136864711183360747110400.000000,0.000000,27701385803776.000000,0.000000,0.000000,0.000000,43.887263
1.000000,0.000000,0.000000,0.000000,2651722979032956416.000000,0.000000,6440153136496639.000000,0.000000,0.000000,33.447966
1.000000,0.000000,0.000000,0.000000,68719493927.040009,27631890202623.996094,68719494019.040009,3.470712,0.000000,38.251386
1.000000,0.000000,0.000000,0.000000,17179873245.833332,26388283506458.371094,262144.066035,0.610309,0.000000,3.660749
1.000000,0.000000,0.000000,-6853626484961513598831808702078472446092397030127852600636197707879830660494649714517197073771235029824011205304304360369676989033096507793866017913085222042687114953431315993050184077774504744998552888398422067494667733755601620833311652922824351177204812836799348986634269017756157138609520292938121216.000000,-nan,32768.008263,-nan,1.786292,0.000000,3.398506
1.000000,0.000000,0.000000,-nan,1632556008319222.000000,-nan,139071196527664832.000000,0.000000,0.000000,3.330953
1.000000,0.000000,0.000000,-1437315669006103506884539061445907978373730810314706621887381520082729118574814730583163204652615861403591478616869147874459070126325815843560149766239674791412096071890004198430283028762354863115143229369712798266293307792098907671654465805627179285864958125403157124505387601903478197517811712.000000,15422130246.000000,518169665919157504.000000,647549268978040832.000000,0.000000,0.000000,49.215106
1.000000,0.000000,0.000000,-83752325389378341063869664470088465297716914632450852456133388263655106376787036312780525312723121391927814726591089800865144811277687150139889665773919944100685485606702955775611629600040549266857341756716868723405129054061520415520314300758654142971793275437854301953074366777239880286277247959040.000000,0.000000,376493743710142464.000000,0.000000,0.000000,0.000000,3.775534
1.000000,0.000000,0.000000,-297692963812005393016222362944249006065843521644078662701278279166792242011790349932947434761643516931764086804077116981761699557406042922467363316690812473410644461624324571984913513204489093476222636911159757986108537119375431730864158988000101648893429513909361896858314984782823424.000000,2547959867696479744.000000,0.000000,6034828482838527.000000,0.000000,0.000000,3.457739
1.000000,0.000000,0.000000,0.000000,68719493918.400009,107864729512732246016.000000,68719494017.600006,0.000000,0.000000,3.355754
1.000000,0.000000,0.000000,0.000000,21474840708.066166,131941412982177.500000,131072.033024,0.000000,0.000000,46.781283
1.000000,0.000000,0.000000,-81095661731476650313528020133436915204585502901693355241884923242723708727397770501610803150166457181494567374390419424586839779519379717220997561175925099893592510667528704568821540926504419341732012951460783343165333764703127530443893202263957765179234996354891367595318696166700207807995190444032.000000,-nan,201326625.742739,-nan,0.000000,0.000000,3.795151
1.000000,0.000000,0.000000,0.000000,907926270508762496.000000,-nan,327141615091895552.000000,0.000000,0.000000,3.604396
1.000000,0.000000,0.000000,0.000000,843151837803577344.000000,17915625135553754.000000,391479536870490112.000000,0.000000,0.000000,3.621773
1.000000,0.000000,0.000000,0.000000,0.000000,34625395172573184.000000,0.000000,0.000000,0.000000,48.829597
1.000000,0.000000,0.000000,0.000000,13327787370691426304.000000,0.000000,6845477790154751.000000,0.000000,268.738617,3.516940
1.000000,0.000000,0.000000,-764955867620616355479805928580838217629558747665720634232972105979190883695377622443206985212364925746265794696452392221643027718837529811461725146951637073900206364660165690239088764652375982420055826188047212679565323726090071379548767151718400.000000,68719494043.520004,120798807058284528.000000,68719494032.000000,0.000000,261.572266,3.680557
1.000000,0.000000,0.000000,0.000000,103079232152.178055,131941412949154.906250,524288.132002,0.000000,0.077887,3.355434
1.000000,0.000000,0.000000,-83732128419777756191505189917959929025837083835925489034724646154299220589139812326633026091784503101654799376437605926563392362645739995069127349825700444099158438627122651123350101484167793399215455125684431451754589503202460990021777037072765652543059364071232026447300283228542824082104102420480.000000,-nan,7146826663981.039062,-nan,0.000000,0.000000,81.712788
1.000000,0.000000,0.000000,0.000000,469815618935151680.000000,-nan,268774966294478848.000000,0.000000,0.000000,3.501420
1.000000,0.000000,0.000000,0.000000,106822296453120.000000,8418532168099876.000000,448672833212514304.000000,0.000000,0.077887,3.382058
1.000000,0.000000,0.000000,-1916319751238996464257664728755525570728848547119831331855571140498450915894634042225708556826621743327668837694430291736807801128510817152769551501967439623334521240887310986109476601943787391607203072704882167450114280745779473199958292767528051369504073184844057403223974360610217438065197056.000000,0.000000,82797609694.000000,0.000000,0.000000,-6.037550,3.770799
