#Frame Timestamp[ns],Image Rect[ms],Image Resize[ms],ORB ext[ms],Stereo match[ms],IMU preint[ms],Pose pred[ms],LM track[ms],KF dec[ms],Total[ms]
1403638127295097088.000000,0.000000,0.000000,20.143957,2.427273,0.004768,10.973210,2.044515,0.003264,27.737046
1403638127345096960.000000,0.000000,0.000000,16.869150,2.477866,0.095073,2.090915,1.941793,0.001121,23.314666
1403638127395097088.000000,0.000000,0.000000,16.261044,4.081765,0.086657,2.131300,2.266182,0.001120,24.319579
1403638127445096960.000000,0.000000,0.000000,16.332500,2.606924,0.110274,2.106467,1.828863,0.000992,22.816002
1403638127495097088.000000,0.000000,0.000000,17.042496,5.610911,0.121890,1.768478,1.766238,1.685885,27.175980
1403638127545096960.000000,0.000000,0.000000,16.501399,5.121878,0.122850,2.258246,2.686477,0.000928,25.876981
1403638127595097088.000000,0.000000,0.000000,14.373683,5.507357,0.120386,2.892721,2.614220,0.001088,24.216058
1403638127645096960.000000,0.000000,0.000000,16.348405,5.223672,0.142274,2.379753,1.945088,0.001152,26.022296
1403638127695097088.000000,0.000000,0.000000,16.689979,2.628716,0.065345,2.162020,2.573227,0.001024,23.142407
1403638127745096960.000000,0.000000,0.000000,16.944735,5.489981,0.125442,1.975169,2.666349,3.342713,26.905351
1403638127795097088.000000,0.000000,0.000000,16.390806,5.326778,0.120802,3.739039,3.445306,0.001472,25.925111
1403638127845096960.000000,0.000000,0.000000,16.479895,5.522174,0.123266,3.226423,3.597021,0.001152,26.312733
1403638127895097088.000000,0.000000,0.000000,15.174976,5.486908,0.120578,3.053204,3.654974,0.001376,25.113801
1403638127945096960.000000,0.000000,0.000000,15.587624,2.465898,0.064001,2.974707,3.565020,0.001152,21.859602
1403638127995097088.000000,0.000000,0.000000,17.630538,5.568510,0.123362,3.027059,3.230230,2.432297,27.539154
1403638128045096960.000000,0.000000,0.000000,16.698874,2.625389,0.064865,4.226248,4.279176,0.001152,24.103736
1403638128095097088.000000,0.000000,0.000000,16.668090,5.696352,0.119778,3.513659,3.884514,0.001024,26.852486
1403638128145096960.000000,0.000000,0.000000,16.910174,5.424028,0.122850,3.235511,4.221991,0.001152,26.684771
1403638128195097088.000000,0.000000,0.000000,15.165120,5.351578,0.122691,3.096980,4.203304,0.001344,24.926598
1403638128245096960.000000,0.000000,0.000000,16.239411,5.507229,0.116769,2.768399,3.797536,3.650237,26.016217
1403638128295097088.000000,0.000000,0.000000,15.223394,5.247737,0.116386,4.902515,3.865601,0.001120,24.901605
1403638128345096960.000000,0.000000,0.000000,15.985487,5.444252,0.124322,4.474796,4.674287,0.001120,25.581873
1403638128395097088.000000,0.000000,0.000000,17.287173,5.760257,0.122882,3.895842,4.112806,0.001248,27.609075
1403638128445096960.000000,0.000000,0.000000,15.365604,5.694176,0.121154,3.289719,4.555117,0.001312,25.439342
1403638128495097088.000000,0.000000,0.000000,16.511223,5.659040,0.121602,3.920450,5.047221,7.371452,26.736932
1403638128545096960.000000,0.000000,0.000000,14.538166,5.586686,0.129346,8.420495,8.229771,0.001472,24.524702
1403638128595097088.000000,0.000000,0.000000,15.177665,2.430985,0.067969,4.609198,5.731777,0.000928,21.614414
1403638128645096960.000000,0.000000,0.000000,13.820586,5.666848,0.123106,5.481373,7.379580,0.001504,23.959350
1403638128695097088.000000,0.000000,0.000000,14.585687,5.227385,0.124226,6.859348,7.286427,7.431998,24.335100
1403638128745096960.000000,0.000000,0.000000,17.662026,5.784066,0.126274,10.013641,12.112205,0.001472,27.704564
1403638128795097088.000000,0.000000,0.000000,15.653288,5.534493,0.125634,7.230843,8.117577,0.001056,25.611058
1403638128845096960.000000,0.000000,0.000000,14.417908,5.505149,0.126178,7.275515,8.773685,0.001088,24.238938
1403638128895097088.000000,0.000000,0.000000,15.997551,5.524062,0.149891,7.460222,8.115401,0.001248,30.529284
1403638128945096960.000000,0.000000,0.000000,16.975936,5.402555,0.108129,6.956822,9.428287,3.493787,40.138535
1403638128995097088.000000,0.000000,0.000000,16.001071,5.567454,0.194883,7.366301,10.009513,0.001153,30.319936
1403638129045096960.000000,0.000000,0.000000,22.610399,5.877027,0.121058,7.702371,10.081898,0.001344,37.232118
1403638129095097088.000000,0.000000,0.000000,13.811306,5.462780,0.135171,5.705088,8.571793,0.000992,27.524497
1403638129145096960.000000,0.000000,0.000000,16.403126,5.890180,0.126658,5.526397,8.721428,2.086660,31.856539
1403638129195097088.000000,0.000000,0.000000,16.282323,6.739762,0.133123,5.903620,9.664707,0.001472,32.515174
1403638129245096960.000000,0.000000,0.000000,15.884077,7.281147,0.100098,5.728737,8.785909,0.001376,33.028879
1403638129295097088.000000,0.000000,0.000000,16.082608,7.725923,0.123554,5.502493,9.797286,0.001184,32.300610
1403638129345096960.000000,0.000000,0.000000,15.124031,5.593822,0.122850,6.409772,9.793798,0.001120,29.926010
1403638129395097088.000000,0.000000,0.000000,18.317686,11.295199,0.100802,8.019080,10.405584,2.912753,41.845828
1403638129445096960.000000,0.000000,0.000000,18.766557,11.948330,0.124994,9.273405,11.712358,0.000960,42.252107
1403638129495097088.000000,0.000000,0.000000,13.991500,11.293023,0.099009,0.162307,14.475669,0.119330,36.744717
1403638129545096960.000000,0.000000,0.000000,15.190945,11.147709,0.129154,0.150915,17.358181,0.115394,37.487642
1403638129595097088.000000,0.000000,0.000000,16.849789,10.456593,0.105761,0.170306,17.793645,0.111394,38.130565
1403638129645096960.000000,0.000000,0.000000,14.759002,5.018293,0.132035,0.147714,16.272883,0.114818,33.425365
1403638129695097088.000000,0.000000,0.000000,16.794172,10.343343,0.106977,0.142402,16.631833,0.109058,39.986468
1403638129745096960.000000,0.000000,0.000000,16.717051,10.227661,0.132354,0.140130,17.172259,2.822224,38.746415
1403638129795097088.000000,0.000000,0.000000,15.820683,10.212268,0.130562,0.173731,19.371496,0.256645,37.849728
1403638129845096960.000000,0.000000,0.000000,19.802575,10.724725,0.132610,0.213475,19.224902,4.903123,41.997126
1403638129895097088.000000,0.000000,0.000000,17.985904,9.405855,0.141410,0.197315,19.654413,0.259685,42.037735
1403638129945096960.000000,0.000000,0.000000,15.726186,9.523521,0.101890,0.161571,19.136451,2.141380,38.317800
1403638129995097088.000000,0.000000,0.000000,17.811373,13.175871,0.134690,0.140770,18.562906,0.212420,44.467984
1403638130045096960.000000,0.000000,0.000000,16.772572,13.803114,0.133442,0.129250,16.239219,2.075203,42.860629
1403638130095097088.000000,0.000000,0.000000,15.769259,11.364640,0.135267,0.175203,18.148979,0.236004,39.213335
1403638130145096960.000000,0.000000,0.000000,15.987758,14.089967,0.138370,0.131074,17.249476,0.132675,50.577720
1403638130245096960.000000,0.000000,0.000000,16.050256,14.289586,0.131202,0.144066,17.037120,0.104930,0.000000
1403638130295097088.000000,0.000000,0.000000,15.017150,10.501233,0.103906,0.146178,20.563164,0.121858,0.071649
1403638130345096960.000000,0.000000,0.000000,14.786138,8.786165,0.117954,0.168099,19.644364,0.121794,51.522983
1403638130445096960.000000,0.000000,0.000000,16.297716,15.313539,0.149058,0.160643,16.880637,0.110946,39.994309
1403638130495097088.000000,0.000000,0.000000,16.716923,9.049753,0.118562,0.155714,17.603786,2.352296,40.542702
1403638130545096960.000000,0.000000,0.000000,16.141393,8.679891,0.097249,0.136194,19.456681,0.157987,0.000000
1403638130595097088.000000,0.000000,0.000000,15.772779,9.500801,0.062689,0.092353,17.643018,0.122754,0.138370
1403638130645096960.000000,0.000000,0.000000,16.867453,9.072602,0.100866,0.152770,17.957136,2.692717,57.363466
1403638130745096960.000000,0.000000,0.000000,16.953022,11.188317,0.113218,0.163619,18.610330,0.147267,52.173075
1403638130845096960.000000,0.000000,0.000000,17.770156,8.686931,0.122018,0.141634,18.340662,2.123012,44.435568
1403638130895097088.000000,0.000000,0.000000,18.507801,11.866440,0.149250,0.181795,19.723437,0.247940,45.268606
1403638130945096960.000000,0.000000,0.000000,18.444376,9.028280,0.113729,0.153347,16.562136,0.122594,45.463201
1403638130995097088.000000,0.000000,0.000000,19.775758,9.368958,0.123938,0.156931,20.828672,2.367304,0.000000
1403638131045096960.000000,0.000000,0.000000,16.993343,7.832036,0.125506,0.152834,19.388072,0.249413,0.072898
1403638131095097088.000000,0.000000,0.000000,17.640267,7.271387,0.122082,0.170915,18.959041,0.151874,52.320949
1403638131195097088.000000,0.000000,0.000000,19.534666,11.495523,0.134563,0.177571,22.099190,0.147522,0.000000
1403638131245096960.000000,0.000000,0.000000,18.672188,10.167628,0.138243,0.158754,18.122963,3.269239,0.060673
1403638131295097088.000000,0.000000,0.000000,17.154562,10.925241,0.143522,0.179395,19.803183,0.293189,48.312945
1403638131345096960.000000,0.000000,0.000000,18.515129,7.943238,0.081505,0.201220,18.140018,0.159875,52.608377
1403638131445096960.000000,0.000000,0.000000,15.962190,11.555875,0.110722,0.156226,15.960238,0.161251,45.757414
1403638131495097088.000000,0.000000,0.000000,16.617465,10.612883,0.090625,0.135042,15.451142,2.615053,49.509094
1403638131545096960.000000,0.000000,0.000000,16.619706,10.904920,0.163491,0.134370,19.028706,0.287685,44.564434
1403638131595097088.000000,0.000000,0.000000,16.067824,9.378495,0.082402,0.159715,18.323062,0.190307,43.555073
1403638131645096960.000000,0.000000,0.000000,15.486982,9.671364,0.153731,0.167651,19.711181,3.946051,0.000000
1403638131695097088.000000,0.000000,0.000000,17.537257,11.180957,0.160803,0.174691,22.718592,0.311397,0.075650
1403638131745096960.000000,0.000000,0.000000,18.176275,8.466223,0.141058,0.180643,18.666619,0.155747,50.824156
1403638131845096960.000000,0.000000,0.000000,15.598504,9.687428,0.181859,0.138498,16.001423,0.140834,49.389219
1403638131895097088.000000,0.000000,0.000000,16.020911,11.271295,0.146562,0.174051,21.330601,2.996978,53.755181
1403638131995097088.000000,0.000000,0.000000,15.740554,10.396528,0.198852,0.183331,22.017621,0.296165,51.921838
1403638132095097088.000000,0.000000,0.000000,17.564009,9.333758,0.163907,0.187715,17.114241,0.155427,0.000000
1403638132145096960.000000,0.000000,0.000000,17.146466,8.153962,0.169571,0.141731,18.073873,0.149955,0.064578
1403638132195097088.000000,0.000000,0.000000,17.164707,8.734580,0.187011,0.125731,17.269764,0.123714,46.358736
1403638132245096960.000000,0.000000,0.000000,15.401124,7.841029,0.172899,0.153827,17.539112,0.133218,49.105854
1403638132295097088.000000,0.000000,0.000000,15.562856,5.533085,0.164515,0.137410,19.280038,0.147171,50.070639
1403638132395097088.000000,0.000000,0.000000,16.603289,11.866217,0.187044,0.137346,17.549577,1.938593,46.196429
1403638132445096960.000000,0.000000,0.000000,15.145632,11.472834,0.174659,0.176163,23.904756,0.186340,46.226382
1403638132495097088.000000,0.000000,0.000000,16.165618,10.479345,0.159778,0.137442,17.804269,0.130658,52.972736
1403638132595097088.000000,0.000000,0.000000,15.702282,9.593826,0.168739,0.178755,19.031458,0.122242,50.930877
1403638132695097088.000000,0.000000,0.000000,15.563527,9.440224,0.163107,0.164643,20.833216,0.131074,0.000000
1403638132745096960.000000,0.000000,0.000000,14.712952,7.314811,0.144674,0.186819,22.261177,0.141154,0.061153
1403638132795097088.000000,0.000000,0.000000,18.010416,10.384719,0.179395,0.164931,21.645294,0.140354,54.464057
1403638132895097088.000000,0.000000,0.000000,18.459480,9.049241,0.180131,0.173219,21.430282,2.971826,51.874990
1403638132995097088.000000,0.000000,0.000000,18.514809,11.417601,0.199812,0.180643,22.221720,0.302149,0.000000
1403638133045096960.000000,0.000000,0.000000,17.578058,8.696659,0.197572,0.195139,24.749282,0.237732,0.068097
1403638133095097088.000000,0.000000,0.000000,18.301974,9.667267,0.164131,0.158050,21.013860,0.143107,52.375958
1403638133195097088.000000,0.000000,0.000000,19.680621,12.608405,0.197443,0.180355,24.152248,0.151235,0.000000
1403638133245096960.000000,0.000000,0.000000,17.291589,5.135223,0.110626,0.166499,19.415752,0.126722,0.066081
1403638133295097088.000000,0.000000,0.000000,18.917920,9.990377,0.159298,0.189636,20.124980,0.133250,50.240562
1403638133395097088.000000,0.000000,0.000000,16.340629,13.797993,0.202499,0.184515,25.961079,4.047364,47.489379
1403638133445096960.000000,0.000000,0.000000,17.271621,9.723428,0.173603,0.210275,27.105483,0.238436,49.154880
1403638133495097088.000000,0.000000,0.000000,16.147825,8.401551,0.162083,0.175651,21.393578,0.177091,44.555441
1403638133545096960.000000,0.000000,0.000000,18.021744,8.053640,0.159746,0.165635,18.078226,0.125570,42.764307
1403638133595097088.000000,0.000000,0.000000,17.865262,8.221387,0.152643,0.186211,18.917952,0.118978,0.000000
1403638133645096960.000000,0.000000,0.000000,17.432999,7.646146,0.175267,0.173219,19.575371,0.123170,0.074945
1403638133695097088.000000,0.000000,0.000000,16.119088,8.148522,0.160771,0.166787,18.567610,0.121442,53.893423
1403638133795097088.000000,0.000000,0.000000,19.514762,8.091177,0.182755,0.161699,17.777164,0.126274,51.476551
1403638133895097088.000000,0.000000,0.000000,16.943326,8.718355,0.199043,0.176066,17.794572,2.847856,48.222256
1403638133945096960.000000,0.000000,0.000000,16.736091,10.933145,0.100578,0.202596,22.771361,0.200963,0.000000
1403638133995097088.000000,0.000000,0.000000,16.837372,10.269389,0.201156,0.156803,18.815582,0.177475,0.073793
1403638134045096960.000000,0.000000,0.000000,15.675370,7.922982,0.172323,0.188931,17.771692,2.335016,50.041071
1403638134145096960.000000,0.000000,0.000000,17.438343,10.563922,0.208100,0.172195,22.636415,0.186436,0.000000
1403638134195097088.000000,0.000000,0.000000,15.865868,8.906871,0.209603,0.190723,21.041988,2.667661,0.067521
1403638134245096960.000000,0.000000,0.000000,16.985184,8.661906,0.181571,0.125698,21.982612,0.193187,49.469637
1403638134295097088.000000,0.000000,0.000000,17.762509,10.174476,0.179459,0.130722,17.354949,0.146339,43.676003
1403638134345096960.000000,0.000000,0.000000,16.425142,8.231243,0.185539,0.137379,16.904861,2.527787,53.426215
1403638134445096960.000000,0.000000,0.000000,15.429637,7.866725,0.191427,0.124258,19.581195,0.232868,0.000000
1403638134495097088.000000,0.000000,0.000000,17.187714,11.723559,0.203875,0.176899,22.472252,0.182947,0.054113
1403638134545096960.000000,0.000000,0.000000,17.246532,9.350558,0.190179,0.171459,22.571326,0.137826,51.323044
1403638134645096960.000000,0.000000,0.000000,16.705435,9.656515,0.208515,0.164707,22.307481,3.003475,0.000000
1403638134695097088.000000,0.000000,0.000000,18.180723,7.725763,0.166467,0.209092,24.037206,0.194787,0.074081
1403638134745096960.000000,0.000000,0.000000,14.909404,9.075418,0.062177,0.190755,21.074148,0.178403,55.404809
1403638134845096960.000000,0.000000,0.000000,18.121554,7.639073,0.191939,0.143395,20.481818,0.150946,51.326244
1403638134945096960.000000,0.000000,0.000000,17.148738,9.220476,0.188483,0.174147,19.270278,1.921696,49.523653
1403638134995097088.000000,0.000000,0.000000,16.642554,11.151164,0.189763,0.192611,17.220003,0.169987,0.000000
1403638135045096960.000000,0.000000,0.000000,17.698955,10.514162,0.199491,0.173603,21.089605,0.178787,0.081921
1403638135095097088.000000,0.000000,0.000000,18.782526,10.310031,0.190819,0.210916,22.543485,3.060148,60.230139
1403638135195097088.000000,0.000000,0.000000,16.115473,9.003448,0.219172,0.120322,20.836032,0.298245,46.745526
1403638135245096960.000000,0.000000,0.000000,16.257843,7.506623,0.198756,0.108930,15.621128,0.137570,52.620442
1403638135345096960.000000,0.000000,0.000000,16.905502,10.549203,0.227076,0.134402,20.036595,1.563898,0.000000
1403638135395097088.000000,0.000000,0.000000,18.193779,8.620753,0.175843,0.141506,17.684235,0.218628,0.074657
1403638135445096960.000000,0.000000,0.000000,16.889021,9.769285,0.171682,0.091233,16.083919,0.136802,57.668944
1403638135545096960.000000,0.000000,0.000000,18.074193,11.866056,0.224036,0.072481,15.738410,0.213188,53.176483
1403638135645096960.000000,0.000000,0.000000,16.535800,13.125118,0.211588,0.056449,13.405795,1.808319,49.579143
1403638135695097088.000000,0.000000,0.000000,20.170293,11.213821,0.193219,0.081858,14.578646,0.098977,49.480549
1403638135745096960.000000,0.000000,0.000000,16.099984,9.488129,0.174211,0.058657,14.110894,0.104546,46.801239
1403638135795097088.000000,0.000000,0.000000,15.886861,9.897191,0.204835,0.047552,14.960541,1.924960,47.464931
1403638135845096960.000000,0.000000,0.000000,15.930285,9.687364,0.187971,0.050624,16.415094,0.113474,48.176495
1403638135895097088.000000,0.000000,0.000000,13.914379,8.524496,0.180067,0.048288,15.068159,0.046624,0.000000
1403638135945096960.000000,0.000000,0.000000,16.267859,8.984536,0.200292,0.053377,18.111186,0.046401,0.065794
1403638135995097088.000000,0.000000,0.000000,17.991089,8.433326,0.184323,0.064193,18.201524,0.047969,50.546679
1403638136095097088.000000,0.000000,0.000000,14.880475,8.486575,0.196611,0.054081,17.137922,1.796991,0.000000
1403638136145096960.000000,0.000000,0.000000,16.284755,10.559506,0.192067,0.050849,16.646201,0.160483,0.070433
1403638136195097088.000000,0.000000,0.000000,14.464020,8.016231,0.216484,0.056769,18.122706,0.089825,54.676988
1403638136295097088.000000,0.000000,0.000000,15.610632,7.928582,0.209252,0.048577,16.039151,0.039136,55.745070
1403638136395097088.000000,0.000000,0.000000,16.738171,6.962518,0.176195,0.069505,18.027025,0.070721,50.966717
1403638136495097088.000000,0.000000,0.000000,15.997487,8.906870,0.214659,0.073953,16.898302,0.040481,44.176011
1403638136545096960.000000,0.000000,0.000000,14.870459,8.503151,0.173731,0.061793,17.591497,0.042624,0.000000
1403638136595097088.000000,0.000000,0.000000,15.694122,7.873669,0.201027,0.052321,17.130466,1.703133,0.072289
1403638136645096960.000000,0.000000,0.000000,14.725689,7.896294,0.195780,11.872937,2.895665,0.001760,57.739824
1403638136745096960.000000,0.000000,0.000000,15.558343,8.333037,0.221732,3.111477,2.631244,0.001344,51.950927
1403638136845096960.000000,0.000000,0.000000,17.002751,11.308607,0.246948,2.766062,2.677486,0.001024,47.382753
1403638136895097088.000000,0.000000,0.000000,17.205859,11.610020,0.239812,2.963250,2.553643,1.391287,50.953310
1403638136995097088.000000,0.000000,0.000000,15.562567,8.458031,0.172995,3.429690,2.579884,0.001344,46.473938
1403638137045096960.000000,0.000000,0.000000,15.469509,8.325773,0.180035,1.541178,1.382935,0.000768,0.000000
1403638137095097088.000000,0.000000,0.000000,16.976607,9.513185,0.166371,3.285271,2.928402,0.001216,0.066754
1403638137145096960.000000,0.000000,0.000000,16.823996,8.672882,0.189955,3.297784,2.298471,0.937488,44.222956
1403638137195097088.000000,0.000000,0.000000,14.879548,7.249787,0.155011,3.113908,2.915314,0.001440,52.944671
1403638137295097088.000000,0.000000,0.000000,15.132512,8.805173,0.195939,2.934642,2.758126,0.001440,51.549832
1403638137395097088.000000,0.000000,0.000000,15.636808,9.741988,0.266596,3.079124,3.012435,0.001280,0.000000
1403638137445096960.000000,0.000000,0.000000,16.466903,10.442641,0.196131,3.191478,2.551083,1.204916,0.053344
1403638137495097088.000000,0.000000,0.000000,14.459797,6.823763,0.186435,3.397178,2.775727,0.001120,54.759390
1403638137595097088.000000,0.000000,0.000000,17.612394,8.546385,0.239684,2.950194,2.794223,0.001344,48.387282
1403638137645096960.000000,0.000000,0.000000,14.798746,5.505565,0.193284,2.899057,2.713294,0.001120,47.604197
1403638137695097088.000000,0.000000,0.000000,16.904286,8.655347,0.205028,3.211446,2.610956,1.001873,0.000000
1403638137745096960.000000,0.000000,0.000000,16.009583,8.274092,0.210916,3.319896,2.996179,0.001184,0.072194
1403638137795097088.000000,0.000000,0.000000,15.250945,4.653486,0.175907,3.188278,3.142165,0.001248,51.431781
1403638137895097088.000000,0.000000,0.000000,15.254242,5.042230,0.228356,3.048052,2.805199,0.001568,0.000000
1403638137945096960.000000,0.000000,0.000000,17.067169,6.455277,0.248516,3.178133,2.807472,0.992849,0.068865
1403638137995097088.000000,0.000000,0.000000,13.954092,5.887523,0.256676,3.216822,2.607788,0.001120,54.051250
1403638138095097088.000000,0.000000,0.000000,16.282996,2.674381,0.079298,2.793488,2.588683,0.001280,54.434681
1403638138195097088.000000,0.000000,0.000000,16.843997,6.495886,0.285829,3.005170,2.286887,0.001376,57.663951
1403638138295097088.000000,0.000000,0.000000,14.838459,6.362956,0.269252,3.080564,2.348968,1.218581,56.385529
1403638138395097088.000000,0.000000,0.000000,15.319811,5.152311,0.261988,3.096469,2.635180,0.001312,0.000000
1403638138445096960.000000,0.000000,0.000000,15.900397,6.590447,0.264068,3.378425,2.826768,0.001312,0.104353
1403638138495097088.000000,0.000000,0.000000,15.357348,3.402266,0.146371,3.087188,2.572172,0.001600,55.336808
1403638138595097088.000000,0.000000,0.000000,15.813900,3.371257,0.145186,2.967410,2.570251,1.006610,49.552582
1403638138645096960.000000,0.000000,0.000000,16.998656,3.512187,0.155299,3.222102,3.177558,0.001440,0.000000
1403638138695097088.000000,0.000000,0.000000,15.629096,2.736686,0.270629,3.069204,2.758159,0.001216,0.092834
1403638138745096960.000000,0.000000,0.000000,21.156133,6.784530,0.289221,3.217942,2.698958,0.001056,56.638174
1403638138845096960.000000,0.000000,0.000000,16.890078,7.031159,0.157827,3.301016,3.129493,0.941616,50.924477
1403638138945096960.000000,0.000000,0.000000,16.373685,3.170965,0.080833,1.645980,1.380343,0.000800,51.662794
1403638139045096960.000000,0.000000,0.000000,16.938846,3.139637,0.183267,3.272184,2.593100,0.001472,0.000000
1403638139095097088.000000,0.000000,0.000000,16.318164,3.077717,0.099266,3.038932,2.735534,0.998577,0.070305
1403638139145096960.000000,0.000000,0.000000,14.413044,3.078868,0.142371,0.040417,3.814016,0.045472,65.416530
1403638139245096960.000000,0.000000,0.000000,16.243411,6.665456,0.175299,0.043328,5.591615,0.047681,0.000000
1403638139295097088.000000,0.000000,0.000000,17.496232,6.683057,0.147875,0.042657,7.716579,0.043073,0.059553
1403638139345096960.000000,0.000000,0.000000,13.786825,6.732434,0.151842,0.054049,7.896710,0.048225,62.772421
1403638139445096960.000000,0.000000,0.000000,15.627080,6.767218,0.119458,0.058273,8.019943,0.045729,57.769681
1403638139545096960.000000,0.000000,0.000000,16.593752,6.725842,0.085985,0.057057,8.008967,0.044129,48.279760
1403638139595097088.000000,0.000000,0.000000,15.184320,3.217591,0.113601,0.051937,7.922438,1.314743,49.438404
1403638139645096960.000000,0.000000,0.000000,14.065805,6.378251,0.145282,11.391329,3.236375,0.001568,49.895883
1403638139695097088.000000,0.000000,0.000000,16.148753,6.609647,0.114722,3.258583,2.466698,0.001504,45.584834
1403638139745096960.000000,0.000000,0.000000,14.406964,6.602512,0.117026,3.017427,2.756238,0.001216,47.814472
1403638139795097088.000000,0.000000,0.000000,16.626201,6.470285,0.145763,2.909969,3.108661,1.393496,51.673290
1403638139895097088.000000,0.000000,0.000000,15.696777,3.339288,0.145474,2.866448,2.623468,0.001344,0.000000
1403638139945096960.000000,0.000000,0.000000,14.096591,6.434893,0.107618,2.912689,3.024019,0.001088,0.045792
1403638139995097088.000000,0.000000,0.000000,16.162737,6.670801,0.108642,2.979602,2.583980,0.001408,51.294243
1403638140095097088.000000,0.000000,0.000000,16.506583,6.588399,0.134755,2.913617,2.624396,1.109298,49.981613
1403638140145096960.000000,0.000000,0.000000,14.217584,6.543790,0.167203,3.327832,2.896209,0.001344,47.113692
1403638140195097088.000000,0.000000,0.000000,15.556263,6.502158,0.108258,2.828624,2.445129,0.001088,0.000000
1403638140245096960.000000,0.000000,0.000000,17.211299,6.580111,0.129443,3.150869,2.655533,0.001312,0.056705
1403638140295097088.000000,0.000000,0.000000,14.793946,6.364588,0.131906,2.870321,2.358151,0.001216,51.281891
1403638140395097088.000000,0.000000,0.000000,15.578184,6.605327,0.137027,2.572331,2.684141,1.248405,0.000000
1403638140445096960.000000,0.000000,0.000000,15.374020,6.856147,0.129314,2.926353,3.014419,0.001057,0.072673
1403638140495097088.000000,0.000000,0.000000,16.675418,6.674033,0.129698,2.972050,3.036692,0.001408,52.198963
1403638140595097088.000000,0.000000,0.000000,16.385653,6.510670,0.132835,3.399961,2.233670,0.001120,0.000000
1403638140645096960.000000,0.000000,0.000000,16.264979,6.607472,0.128034,3.085973,2.981714,0.001344,0.057761
1403638140695097088.000000,0.000000,0.000000,15.805836,6.629584,0.107554,3.060052,2.509962,0.901551,52.079025
1403638140795097088.000000,0.000000,0.000000,15.602952,6.297066,0.132322,3.010546,2.658829,0.001376,45.491393
1403638140845096960.000000,0.000000,0.000000,15.191745,6.691889,0.128610,2.837648,2.385864,0.001504,47.522436
1403638140895097088.000000,0.000000,0.000000,14.591191,6.447021,0.127907,2.988818,2.539947,0.001056,47.223263
1403638140945096960.000000,0.000000,0.000000,15.811659,6.417485,0.131202,2.740526,2.449706,0.001472,0.000000
1403638140995097088.000000,0.000000,0.000000,14.735353,6.799123,0.105121,3.123157,2.709837,1.175028,0.066786
1403638141045096960.000000,0.000000,0.000000,16.174257,6.512494,0.124322,3.130101,2.818128,0.001184,50.262962
1403638141145096960.000000,0.000000,0.000000,17.655850,6.727250,0.126306,3.334968,2.406473,0.001184,0.000000
1403638141195097088.000000,0.000000,0.000000,15.829771,6.568239,0.068193,3.536507,3.079221,0.001152,0.070625
1403638141245096960.000000,0.000000,0.000000,15.499046,3.067060,0.121666,3.611069,2.910481,0.001344,55.923986
1403638141345096960.000000,0.000000,0.000000,15.737482,6.523471,0.124450,2.935698,2.655340,0.988240,59.042311
1403638141445096960.000000,0.000000,0.000000,15.623721,6.801395,0.067617,3.465370,3.044244,0.001184,0.000000
1403638141495097088.000000,0.000000,0.000000,15.279363,3.332408,0.066465,3.152693,2.427753,0.001152,0.057825
1403638141545096960.000000,0.000000,0.000000,15.349796,2.975698,0.070177,3.442170,2.669869,0.001344,53.361607
1403638141645096960.000000,0.000000,0.000000,15.873837,3.020275,0.130818,3.081460,2.929809,0.001504,49.853323
1403638141695097088.000000,0.000000,0.000000,17.516488,6.717234,0.129219,3.635262,2.301767,0.836526,51.164481
1403638141795097088.000000,0.000000,0.000000,14.437876,6.636241,0.140579,3.569789,2.619852,0.001216,51.478950
1403638141895097088.000000,0.000000,0.000000,19.214917,6.946966,0.131778,3.262135,2.633581,0.001472,44.101450
1403638141945096960.000000,0.000000,0.000000,15.860556,6.701937,0.145603,3.257623,3.119861,0.001312,0.000000
1403638141995097088.000000,0.000000,0.000000,16.556344,6.530735,0.128994,2.836880,2.587212,1.273525,0.043840
1403638142045096960.000000,0.000000,0.000000,14.896508,6.503406,0.137090,3.713695,3.246071,0.001408,50.161104
1403638142145096960.000000,0.000000,0.000000,16.827292,6.470701,0.162146,3.294296,3.113173,0.001056,0.000000
1403638142195097088.000000,0.000000,0.000000,16.205810,7.205562,0.135906,3.153621,2.901937,0.001376,0.070113
1403638142245096960.000000,0.000000,0.000000,15.467941,3.754272,0.118274,2.729326,2.681293,0.001568,56.125909
1403638142345096960.000000,0.000000,0.000000,15.774506,6.813651,0.201475,2.777615,3.257751,1.152596,52.868958
1403638142445096960.000000,0.000000,0.000000,15.628808,6.728018,0.128803,0.038304,3.222839,0.046753,40.431723
1403638142495097088.000000,0.000000,0.000000,16.054256,6.795795,0.127490,0.064641,5.659903,1.358487,0.000000
1403638142545096960.000000,0.000000,0.000000,14.297553,7.011958,0.131650,0.074849,6.048294,0.038753,0.086690
1403638142595097088.000000,0.000000,0.000000,16.100976,6.984567,0.128834,0.055265,7.862085,0.043521,52.978240
1403638142695097088.000000,0.000000,0.000000,16.049903,6.639889,0.100834,0.041665,4.068517,0.045985,42.945910
1403638142745096960.000000,0.000000,0.000000,17.181506,6.526702,0.131875,0.061633,7.602784,1.519993,46.464306
1403638142795097088.000000,0.000000,0.000000,15.801675,7.085975,0.130243,11.149276,3.197718,0.001537,45.016761
1403638142845096960.000000,0.000000,0.000000,15.557095,6.424493,0.134818,3.116789,3.006386,0.001312,39.692639
1403638142895097088.000000,0.000000,0.000000,14.974813,6.442349,0.126722,2.895793,3.048979,0.001312,0.000000
1403638142945096960.000000,0.000000,0.000000,14.959196,6.601552,0.133378,2.749006,3.093429,0.001216,0.047777
1403638142995097088.000000,0.000000,0.000000,16.506103,6.989366,0.128163,2.765231,2.968082,0.001024,39.716544
1403638143045096960.000000,0.000000,0.000000,14.617719,6.643216,0.132642,2.840528,2.991634,3.676734,42.161321
1403638143095097088.000000,0.000000,0.000000,16.363765,6.759602,0.105250,4.067013,4.053636,0.001568,41.657024
1403638143145096960.000000,0.000000,0.000000,16.844509,6.786963,0.128386,3.396633,4.212104,0.001504,0.000000
1403638143195097088.000000,0.000000,0.000000,16.034415,6.890740,0.105729,2.989363,4.281576,0.001344,0.064449
1403638143245096960.000000,0.000000,0.000000,14.623127,6.684241,0.102946,2.814064,4.456619,0.001120,40.498125
1403638143295097088.000000,0.000000,0.000000,17.786253,6.938837,0.153154,2.435209,3.702239,5.468668,0.000000
1403638143345096960.000000,0.000000,0.000000,15.381892,6.573647,0.128803,5.740385,4.538189,0.001152,0.093761
1403638143395097088.000000,0.000000,0.000000,15.250434,6.802835,0.107650,4.376458,4.589614,0.000992,44.550353
1403638143445096960.000000,0.000000,0.000000,15.732394,6.726898,0.132898,3.953475,4.834321,0.001120,0.000000
1403638143495097088.000000,0.000000,0.000000,16.391189,6.807891,0.134019,3.497883,5.215736,0.001056,0.088225
1403638143545096960.000000,0.000000,0.000000,16.494327,6.808371,0.099810,4.006115,5.368219,4.761745,45.056089
1403638143595097088.000000,0.000000,0.000000,15.586791,6.850612,0.128194,5.405116,7.051159,0.001152,0.000000
1403638143645096960.000000,0.000000,0.000000,15.482661,6.818067,0.133027,6.189704,7.225178,0.001504,0.089537
1403638143695097088.000000,0.000000,0.000000,16.405973,6.789523,0.101122,5.487613,6.510094,0.001088,44.540849
1403638143745096960.000000,0.000000,0.000000,15.827724,6.282474,0.125826,6.111687,7.028663,0.001472,46.666453
1403638143795097088.000000,0.000000,0.000000,17.002815,6.838163,0.133315,5.213016,7.666690,3.113909,41.429340
1403638143845096960.000000,0.000000,0.000000,17.883150,7.046007,0.130914,6.745874,6.577871,0.001409,0.000000
1403638143895097088.000000,0.000000,0.000000,16.609177,6.770547,0.124002,6.025830,6.530190,0.001120,0.081921
1403638143945096960.000000,0.000000,0.000000,16.029103,6.737170,0.132259,5.559550,7.362844,0.001376,42.319660
1403638143995097088.000000,0.000000,0.000000,16.315156,7.288731,0.121026,6.546254,7.225914,0.002144,41.660640
1403638144045096960.000000,0.000000,0.000000,19.456616,6.767410,0.131490,5.548318,6.818995,3.800192,41.867075
1403638144095097088.000000,0.000000,0.000000,16.268499,6.964758,0.126786,7.743842,9.028761,0.001248,50.324179
1403638144195097088.000000,0.000000,0.000000,17.300036,6.844436,0.123714,6.512622,8.605329,0.000992,0.000000
1403638144245096960.000000,0.000000,0.000000,16.540887,6.713810,0.128034,6.739314,8.499407,0.001280,0.079041
1403638144295097088.000000,0.000000,0.000000,15.175937,6.781331,0.120322,5.769793,8.228043,0.001216,46.735830
1403638144345096960.000000,0.000000,0.000000,13.820265,6.722385,0.135042,5.310105,8.482160,2.807184,0.000000
1403638144395097088.000000,0.000000,0.000000,16.141361,6.839604,0.130178,6.581135,10.749814,0.001568,0.096546
1403638144445096960.000000,0.000000,0.000000,14.158960,6.626960,0.131266,7.085496,9.750116,0.001440,43.464063
1403638144495097088.000000,0.000000,0.000000,14.405459,6.604911,0.124130,6.075559,9.044217,0.000960,0.000000
1403638144545096960.000000,0.000000,0.000000,16.941182,6.836627,0.066754,5.847875,8.760052,0.000928,0.070881
1403638144595097088.000000,0.000000,0.000000,14.633687,6.750610,0.137859,5.978629,9.366655,1.990402,24.057654
1403638144645096960.000000,0.000000,0.000000,13.995596,3.197110,0.141379,6.856147,10.180428,0.001408,53.071073
1403638144745096960.000000,0.000000,0.000000,16.565848,6.780402,0.136994,6.527567,8.706419,0.001504,24.333979
1403638144795097088.000000,0.000000,0.000000,20.721695,6.951061,0.074945,6.495725,9.528161,0.001376,0.000000
1403638144845096960.000000,0.000000,0.000000,13.836490,6.649264,0.155555,6.349995,9.651843,0.001632,0.055137
1403638144895097088.000000,0.000000,0.000000,14.855067,3.076852,0.148642,6.437645,10.521393,1.629212,42.631793
1403638144945096960.000000,0.000000,0.000000,17.616042,6.792051,0.143074,7.532704,12.225582,0.001536,35.164915
1403638144995097088.000000,0.000000,0.000000,16.396597,3.416666,0.110242,7.462110,10.301390,0.001216,30.247584
1403638145045096960.000000,0.000000,0.000000,18.614842,6.790642,0.110338,7.122968,10.607476,0.001216,0.000000
1403638145095097088.000000,0.000000,0.000000,15.269890,6.971606,0.108354,6.835924,9.373502,0.000896,0.090177
1403638145145096960.000000,0.000000,0.000000,15.877677,6.686257,0.109634,6.808051,10.577107,1.688924,34.276579
1403638145195097088.000000,0.000000,0.000000,15.679529,6.747218,0.109281,7.143864,9.708324,0.001856,0.000000
1403638145245096960.000000,0.000000,0.000000,15.026046,6.695473,0.108290,5.401627,9.741509,0.001696,0.058945
1403638145295097088.000000,0.000000,0.000000,14.678104,6.770066,0.110722,0.148226,11.412129,0.104098,33.992223
1403638145345096960.000000,0.000000,0.000000,16.250099,6.646384,0.111042,0.195908,15.578855,0.110786,25.350956
1403638145395097088.000000,0.000000,0.000000,16.066352,7.026071,0.112002,0.155106,16.964607,0.111202,31.120366
1403638145445096960.000000,0.000000,0.000000,13.838601,6.666832,0.062785,0.162467,17.641130,1.949825,33.715258
1403638145495097088.000000,0.000000,0.000000,14.512117,6.662288,0.142274,0.162339,20.861280,0.290053,31.501908
1403638145545096960.000000,0.000000,0.000000,15.016701,7.025206,0.104001,0.176867,17.473959,0.150402,33.368468
1403638145595097088.000000,0.000000,0.000000,16.563608,3.528380,0.106785,0.139746,15.829772,2.483722,0.000000
1403638145645096960.000000,0.000000,0.000000,14.596375,6.627632,0.144770,0.135523,19.144451,0.245029,0.096546
1403638145695097088.000000,0.000000,0.000000,16.086864,6.716626,0.106210,0.162819,15.748490,0.142050,29.658837
1403638145745096960.000000,0.000000,0.000000,16.490519,7.053687,0.159427,0.130754,15.516742,0.104257,31.834554
1403638145795097088.000000,0.000000,0.000000,15.131008,6.747858,0.114498,0.147427,16.813084,0.108769,33.563223
1403638145845096960.000000,0.000000,0.000000,15.013566,6.880404,0.109602,0.151651,17.730091,0.112322,0.000000
1403638145895097088.000000,0.000000,0.000000,15.356932,6.427980,0.141922,0.149986,17.374822,2.424457,0.091905
1403638145945096960.000000,0.000000,0.000000,16.973951,7.103992,0.063393,0.163106,19.948465,0.271781,33.447989
1403638145995097088.000000,0.000000,0.000000,15.836331,6.899861,0.140514,0.129218,16.051663,0.140866,30.795240
1403638146045096960.000000,0.000000,0.000000,15.237730,5.558814,0.110626,0.182755,16.244370,2.531819,33.204433
1403638146095097088.000000,0.000000,0.000000,16.383061,3.278583,0.134146,0.206307,19.565771,0.242244,34.476071
1403638146145096960.000000,0.000000,0.000000,15.575943,6.680465,0.119106,0.142595,15.916492,0.132354,31.793529
1403638146195097088.000000,0.000000,0.000000,17.975664,6.693969,0.136738,0.170851,15.682825,3.020179,0.000000
1403638146245096960.000000,0.000000,0.000000,13.994541,7.042775,0.109986,0.210084,18.446679,0.285605,0.115714
1403638146295097088.000000,0.000000,0.000000,15.921389,3.519196,0.141186,0.148354,17.730636,0.159107,32.475717
1403638146345096960.000000,0.000000,0.000000,15.236418,6.669105,0.111106,0.097826,16.204401,0.143586,33.631064
1403638146395097088.000000,0.000000,0.000000,15.290658,6.805267,0.110594,0.147331,17.282020,3.000018,33.757883
1403638146445096960.000000,0.000000,0.000000,15.425028,6.723345,0.108610,0.139171,17.805900,0.253604,0.000000
1403638146495097088.000000,0.000000,0.000000,15.014686,6.736978,0.129794,0.100417,16.211474,0.154051,0.089698
1403638146545096960.000000,0.000000,0.000000,16.314132,7.335772,0.107009,0.129378,16.728315,0.199395,32.832811
1403638146595097088.000000,0.000000,0.000000,15.160832,6.684145,0.130050,0.112578,14.076014,3.774304,32.554695
1403638146645096960.000000,0.000000,0.000000,14.385427,6.863124,0.136706,0.147651,18.358166,0.248036,33.324628
1403638146695097088.000000,0.000000,0.000000,15.387492,6.646384,0.138210,0.127202,16.223058,0.143746,0.000000
1403638146745096960.000000,0.000000,0.000000,17.298756,6.780402,0.136770,0.126786,16.165586,0.163107,0.063265
1403638146795097088.000000,0.000000,0.000000,15.900813,6.960054,0.140962,0.113474,14.914684,3.644286,32.180064
1403638146845096960.000000,0.000000,0.000000,15.802795,7.079704,0.145027,0.180995,18.435831,0.238660,32.217953
1403638146895097088.000000,0.000000,0.000000,22.133174,6.945846,0.132835,0.129058,16.878142,0.135971,31.092462
1403638146945096960.000000,0.000000,0.000000,17.588233,6.703217,0.136035,0.129826,17.372326,0.214851,33.190161
1403638146995097088.000000,0.000000,0.000000,14.228688,6.965942,0.141570,0.132194,16.520695,3.406778,32.302146
1403638147045096960.000000,0.000000,0.000000,15.541830,7.074007,0.143267,0.209347,19.425640,0.279301,33.612280
1403638147095097088.000000,0.000000,0.000000,15.687881,6.661777,0.139587,0.140290,17.262340,0.163139,0.000000
1403638147145096960.000000,0.000000,0.000000,15.181920,6.949429,0.137314,0.142146,17.539496,0.159907,0.089441
1403638147195097088.000000,0.000000,0.000000,16.139281,6.867316,0.135554,0.123618,16.675705,4.150118,34.866605
1403638147245096960.000000,0.000000,0.000000,14.644343,4.947956,0.140930,0.158499,19.582571,0.288933,33.859836
1403638147295097088.000000,0.000000,0.000000,16.602616,6.520526,0.135459,0.142242,17.831950,0.152163,25.592176
1403638147345096960.000000,0.000000,0.000000,14.925596,6.517263,0.130531,0.118946,18.202420,0.180163,0.000000
1403638147395097088.000000,0.000000,0.000000,16.365396,6.644304,0.140898,0.134434,16.978239,0.108930,0.088257
1403638147445096960.000000,0.000000,0.000000,15.286243,6.899636,0.136450,0.128163,17.805996,3.900482,32.552646
1403638147495097088.000000,0.000000,0.000000,17.490248,6.933461,0.140066,0.157122,21.042852,0.268485,0.000000
1403638147545096960.000000,0.000000,0.000000,14.358483,7.106360,0.108737,0.155843,18.296821,0.140098,0.084770
1403638147595097088.000000,0.000000,0.000000,17.364133,6.800659,0.103361,0.145026,18.118162,0.195875,33.887644
1403638147645096960.000000,0.000000,0.000000,13.547077,6.876084,0.103265,0.133410,17.995056,0.187299,26.464000
1403638147695097088.000000,0.000000,0.000000,14.432083,4.767473,0.119138,0.123042,17.523976,3.659070,28.241470
1403638147745096960.000000,0.000000,0.000000,15.053375,6.880276,0.204068,0.136162,20.828352,0.266404,0.000000
1403638147795097088.000000,0.000000,0.000000,15.562535,7.634657,0.128002,0.119106,16.531447,0.155138,0.088994
1403638147845096960.000000,0.000000,0.000000,15.838124,8.440526,0.125762,0.116770,17.944623,0.171235,30.729672
1403638147895097088.000000,0.000000,0.000000,15.011582,8.520240,0.118530,0.099394,16.861917,3.160534,36.697964
1403638147945096960.000000,0.000000,0.000000,16.572024,6.606352,0.124482,0.165090,17.094465,0.147650,0.000000
1403638147995097088.000000,0.000000,0.000000,15.505926,10.870871,0.130562,0.117090,16.165137,0.137954,0.099394
1403638148045096960.000000,0.000000,0.000000,15.119999,11.848776,0.108194,0.109250,15.420708,0.227492,34.210850
1403638148095097088.000000,0.000000,0.000000,15.287938,13.583589,0.142882,0.110466,14.677080,0.125634,0.000000
1403638148145096960.000000,0.000000,0.000000,16.353204,14.015437,0.121122,0.093698,15.200897,0.119106,0.089377
1403638148195097088.000000,0.000000,0.000000,15.348675,12.456275,0.121090,0.094913,15.075679,0.140834,38.936754
1403638148245096960.000000,0.000000,0.000000,15.106111,13.039229,0.090177,0.086466,13.419650,7.261371,36.445416
1403638148295097088.000000,0.000000,0.000000,16.776411,13.716360,0.109185,0.206467,18.906784,0.249636,26.852038
1403638148345096960.000000,0.000000,0.000000,14.509941,8.989560,0.131363,0.134018,17.495816,0.176291,40.753329
1403638148395097088.000000,0.000000,0.000000,15.415205,8.731187,0.099970,0.124418,16.190321,0.167107,0.000000
1403638148445096960.000000,0.000000,0.000000,15.480614,12.038316,0.129314,0.105153,14.750585,0.109986,0.073537
1403638148495097088.000000,0.000000,0.000000,16.488182,12.441651,0.108770,0.118370,15.139296,0.112257,28.247229
1403638148545096960.000000,0.000000,0.000000,14.619031,12.704887,0.120994,0.112865,15.283747,5.449500,27.888920
1403638148595097088.000000,0.000000,0.000000,16.918270,14.433748,0.116962,0.172899,17.562345,0.272005,23.555502
1403638148645096960.000000,0.000000,0.000000,16.738907,11.675078,0.126019,0.109890,15.874060,0.137154,0.000000
1403638148695097088.000000,0.000000,0.000000,16.173746,6.143687,0.119554,0.112322,14.603510,0.141954,0.070113
1403638148745096960.000000,0.000000,0.000000,14.735705,11.452833,0.118306,0.115618,14.876220,4.955764,32.902508
1403638148795097088.000000,0.000000,0.000000,17.358150,11.274942,0.107714,0.190755,16.811836,0.213700,0.000000
1403638148845096960.000000,0.000000,0.000000,16.533176,12.326704,0.110754,0.132771,15.462629,0.153282,0.081185
1403638148895097088.000000,0.000000,0.000000,14.777689,8.193290,0.117058,0.121634,15.800619,0.152067,42.179369
1403638148945096960.000000,0.000000,0.000000,15.069375,8.222827,0.123906,0.115586,16.049647,0.153411,33.460150
1403638148995097088.000000,0.000000,0.000000,18.187699,11.833064,0.076034,0.122498,13.924395,7.677441,31.240048
1403638149045096960.000000,0.000000,0.000000,16.320052,14.055246,0.111938,0.244612,19.040481,0.212068,34.619401
1403638149095097088.000000,0.000000,0.000000,16.731355,11.920425,0.116226,0.147682,16.191954,0.171907,0.000000
1403638149145096960.000000,0.000000,0.000000,16.175282,10.175756,0.118050,0.142210,16.517975,0.147906,0.063425
1403638149195097088.000000,0.000000,0.000000,17.154658,9.446112,0.118498,0.120674,15.413093,0.122050,32.612968
1403638149245096960.000000,0.000000,0.000000,18.418167,10.342031,0.133314,0.126338,16.409685,5.688000,34.341381
1403638149295097088.000000,0.000000,0.000000,19.216132,10.644788,0.116994,0.322885,18.800318,0.326789,32.819595
1403638149345096960.000000,0.000000,0.000000,19.260422,9.910439,0.111842,0.114946,16.953342,0.145090,33.092624
1403638149395097088.000000,0.000000,0.000000,18.374774,8.157929,0.109922,0.134275,16.324915,0.171843,31.990205
1403638149445096960.000000,0.000000,0.000000,18.711228,7.650658,0.117026,0.127586,15.957773,0.130498,31.179759
1403638149495097088.000000,0.000000,0.000000,17.679243,10.390032,0.114018,0.135778,16.436118,5.430204,33.817788
1403638149545096960.000000,0.000000,0.000000,19.131747,9.229692,0.115073,0.163235,18.869631,0.242692,30.614054
1403638149595097088.000000,0.000000,0.000000,19.860559,9.429184,0.120610,0.133794,17.489063,0.161027,33.739322
1403638149645096960.000000,0.000000,0.000000,18.506936,8.328716,0.121538,0.137890,16.722586,0.160931,34.586504
1403638149695097088.000000,0.000000,0.000000,17.068800,8.157481,0.123810,0.102466,15.893101,5.073366,33.104752
1403638149745096960.000000,0.000000,0.000000,17.442343,10.175468,0.126370,0.200995,19.999794,0.278213,31.065037
1403638149795097088.000000,0.000000,0.000000,17.922991,10.298926,0.117506,0.153251,18.175859,0.162498,35.153427
1403638149845096960.000000,0.000000,0.000000,17.082208,9.853159,0.120386,0.133667,17.715691,0.182179,32.586278
1403638149895097088.000000,0.000000,0.000000,19.354343,8.173066,0.114690,0.113633,17.140898,4.878418,32.048253
1403638149945096960.000000,0.000000,0.000000,19.897200,7.905478,0.116578,0.215332,19.886832,0.252388,32.098431
1403638149995097088.000000,0.000000,0.000000,19.583338,9.237020,0.114722,0.131618,18.834590,0.178595,32.905708
1403638150045096960.000000,0.000000,0.000000,17.371750,9.182523,0.093186,0.120802,16.918430,0.160131,33.735418
1403638150095097088.000000,0.000000,0.000000,20.181973,8.886167,0.093026,0.118850,16.195249,4.867666,33.689721
1403638150145096960.000000,0.000000,0.000000,16.636377,8.279724,0.133314,0.211812,17.691883,0.177155,32.407779
1403638150195097088.000000,0.000000,0.000000,18.878399,6.338187,0.140195,0.126403,17.860909,0.166403,33.260914
1403638150245096960.000000,0.000000,0.000000,17.690411,5.793314,0.152642,0.115138,16.785659,0.176515,33.262706
1403638150295097088.000000,0.000000,0.000000,19.567083,9.723972,0.145187,0.095617,14.742617,4.800401,34.913678
1403638150345096960.000000,0.000000,0.000000,16.553175,8.692914,0.161827,0.188579,17.920334,0.170467,36.044577
1403638150395097088.000000,0.000000,0.000000,18.177236,9.756581,0.153091,0.111618,16.208818,0.151906,34.391397
1403638150445096960.000000,0.000000,0.000000,20.926209,8.598898,0.141730,0.102082,17.482215,0.149155,32.507045
1403638150495097088.000000,0.000000,0.000000,24.447229,7.270075,0.145346,0.099489,14.488373,4.042692,34.031103
1403638150545096960.000000,0.000000,0.000000,18.807070,7.804292,0.153219,0.161251,16.248210,0.204772,36.569866
1403638150595097088.000000,0.000000,0.000000,16.007278,7.659554,0.149666,0.117250,15.713129,0.151970,34.274691
1403638150645096960.000000,0.000000,0.000000,16.137200,7.342525,0.155458,0.100961,14.973981,0.159139,0.000000
1403638150695097088.000000,0.000000,0.000000,18.317653,8.387822,0.159619,0.103554,13.836874,3.659358,0.062145
1403638150745096960.000000,0.000000,0.000000,17.947407,8.766996,0.159971,0.178211,17.915023,0.161922,34.678026
1403638150795097088.000000,0.000000,0.000000,17.075168,9.103929,0.160675,0.100897,15.358500,0.145283,33.444757
1403638150845096960.000000,0.000000,0.000000,19.772558,8.807061,0.171363,0.095330,13.299264,0.153859,32.468997
1403638150895097088.000000,0.000000,0.000000,17.277572,8.060648,0.077921,0.084098,11.726726,2.906193,31.343601
1403638150945096960.000000,0.000000,0.000000,18.335318,8.395470,0.153314,0.124642,16.256339,0.131075,34.133953
1403638150995097088.000000,0.000000,0.000000,16.590744,7.876774,0.166755,0.109633,15.295587,0.130659,31.319858
1403638151045096960.000000,0.000000,0.000000,17.666058,8.141610,0.082465,0.103490,14.956957,0.137219,31.276049
1403638151095097088.000000,0.000000,0.000000,16.704026,7.568832,0.078562,0.086466,11.962570,3.107957,33.696058
1403638151145096960.000000,0.000000,0.000000,17.486632,8.823381,0.151907,0.129634,15.991374,0.133986,32.679176
1403638151195097088.000000,0.000000,0.000000,18.089170,8.068776,0.158434,0.110914,14.239824,0.138946,25.039303
1403638151245096960.000000,0.000000,0.000000,17.190306,8.460463,0.151170,0.102754,14.014605,0.103362,0.000000
1403638151295097088.000000,0.000000,0.000000,17.235715,8.025639,0.161603,0.131266,15.347844,4.125702,0.096193
1403638151345096960.000000,0.000000,0.000000,17.784684,8.751092,0.167107,0.098658,16.948254,0.263428,36.477928
1403638151395097088.000000,0.000000,0.000000,16.926174,7.725634,0.147554,0.127427,16.492950,0.144834,38.749519
1403638151445096960.000000,0.000000,0.000000,19.454632,8.696595,0.173635,0.113602,15.781675,0.141379,32.877803
1403638151495097088.000000,0.000000,0.000000,15.503366,8.476496,0.176931,0.092866,12.849145,2.191013,26.269436
1403638151545096960.000000,0.000000,0.000000,20.651037,8.225643,0.165635,0.138435,15.305218,0.130722,37.783038
1403638151595097088.000000,0.000000,0.000000,14.524725,7.941606,0.164419,0.133890,16.922174,0.145826,23.623791
1403638151645096960.000000,0.000000,0.000000,17.055809,7.778691,0.171587,0.138818,16.112752,2.234246,42.425901
1403638151695097088.000000,0.000000,0.000000,18.588922,8.190218,0.164611,0.159747,21.216486,0.175523,26.642722
1403638151745096960.000000,0.000000,0.000000,15.075359,7.778979,0.169507,0.141090,17.108289,0.121954,26.932455
1403638151795097088.000000,0.000000,0.000000,15.131487,8.119593,0.160611,0.162499,19.183428,2.650157,26.815557
1403638151845096960.000000,0.000000,0.000000,16.276019,9.517184,0.181443,0.170083,23.671952,0.288453,26.325469
1403638151895097088.000000,0.000000,0.000000,16.320052,7.851333,0.160579,0.161891,19.786830,0.169027,25.921846
1403638151945096960.000000,0.000000,0.000000,16.300660,8.496976,0.158947,0.143298,19.250917,0.169315,27.501905
1403638151995097088.000000,0.000000,0.000000,16.053583,9.027577,0.164195,0.120130,17.685003,2.780143,27.724820
1403638152045096960.000000,0.000000,0.000000,15.983726,8.077513,0.195683,0.185667,17.347525,0.143619,25.066472
1403638152095097088.000000,0.000000,0.000000,15.303682,8.071016,0.174691,0.164483,23.903892,0.198691,25.599345
1403638152145096960.000000,0.000000,0.000000,16.470263,7.758019,0.167587,0.178819,19.876175,3.420314,26.472256
1403638152195097088.000000,0.000000,0.000000,16.670041,7.169721,0.172867,0.161699,22.533053,0.184387,24.325339
1403638152245096960.000000,0.000000,0.000000,15.640424,7.662305,0.176163,0.133314,18.402743,0.158786,25.773012
1403638152295097088.000000,0.000000,0.000000,14.605303,7.468030,0.185955,0.142722,17.209059,0.143843,27.212364
1403638152345096960.000000,0.000000,0.000000,16.746490,8.455855,0.181347,0.139522,17.250915,2.513675,29.352208
1403638152395097088.000000,0.000000,0.000000,14.570198,9.227964,0.150755,0.165667,16.629369,0.158979,26.909511
1403638152445096960.000000,0.000000,0.000000,15.643465,8.025320,0.172707,0.115170,16.612728,0.187300,26.458559
1403638152495097088.000000,0.000000,0.000000,16.052143,7.754307,0.188291,0.116130,15.472389,0.157347,26.374878
1403638152545096960.000000,0.000000,0.000000,16.081263,7.526911,0.165827,0.114178,17.133089,3.552988,28.505441
1403638152595097088.000000,0.000000,0.000000,16.304276,9.267420,0.170915,0.139554,18.922112,0.158498,27.144554
1403638152645096960.000000,0.000000,0.000000,15.399108,7.951430,0.182467,0.123266,18.367767,0.171074,25.443309
1403638152695097088.000000,0.000000,0.000000,15.021789,7.788067,0.191555,0.104866,15.592135,3.159637,23.603855
1403638152745096960.000000,0.000000,0.000000,13.953516,6.528110,0.179171,0.155779,22.564701,0.199459,26.628898
1403638152795097088.000000,0.000000,0.000000,15.890348,6.907861,0.174787,0.120738,19.119939,0.142402,29.166317
1403638152845096960.000000,0.000000,0.000000,14.084046,7.888646,0.151555,0.112514,14.849659,2.717710,25.484751
1403638152895097088.000000,0.000000,0.000000,15.436901,9.872935,0.176803,0.139106,17.465863,0.133154,23.819570
1403638152945096960.000000,0.000000,0.000000,14.514197,8.295884,0.159234,0.131778,17.424327,0.155490,26.191931
1403638152995097088.000000,0.000000,0.000000,15.041022,8.946999,0.170371,0.154242,18.057489,0.166819,26.875942
1403638153045096960.000000,0.000000,0.000000,13.736104,8.722547,0.163555,0.161443,19.758126,3.794112,26.734884
1403638153095097088.000000,0.000000,0.000000,14.799354,8.467055,0.185667,0.138083,22.891714,0.276357,26.152730
1403638153145096960.000000,0.000000,0.000000,14.720632,8.038344,0.189091,0.139970,17.773740,0.157507,28.087770
1403638153195097088.000000,0.000000,0.000000,15.324259,9.272797,0.164899,0.134467,18.045200,0.167555,26.407454
1403638153245096960.000000,0.000000,0.000000,14.339698,8.089640,0.175267,0.137282,20.148564,3.654174,25.833556
1403638153295097088.000000,0.000000,0.000000,13.970700,8.386158,0.178595,0.164738,24.268858,0.362950,26.481504
1403638153345096960.000000,0.000000,0.000000,15.733418,7.700194,0.180419,0.156131,19.461641,0.176867,28.285054
1403638153395097088.000000,0.000000,0.000000,13.536292,7.288731,0.172707,0.138658,17.540584,0.165251,27.275469
1403638153445096960.000000,0.000000,0.000000,14.831642,8.419439,0.194915,0.113474,17.087617,0.182051,27.332270
1403638153495097088.000000,0.000000,0.000000,15.956397,8.740051,0.168131,0.156291,18.364566,2.349415,33.494358
1403638153545096960.000000,0.000000,0.000000,14.904252,8.575505,0.177379,0.120546,20.259702,0.295461,28.701477
1403638153595097088.000000,0.000000,0.000000,12.733783,7.455806,0.167491,0.152194,19.067746,0.170595,25.962198
1403638153645096960.000000,0.000000,0.000000,16.276371,8.978903,0.169090,0.120067,17.204578,0.156611,27.038729
1403638153695097088.000000,0.000000,0.000000,15.566407,8.078376,0.175235,0.109473,17.281476,3.227350,26.964583
1403638153745096960.000000,0.000000,0.000000,14.956893,8.733428,0.168547,0.179107,18.960289,0.162722,26.531328
1403638153795097088.000000,0.000000,0.000000,12.718807,7.634529,0.182371,0.135682,17.031360,0.159427,27.882391
1403638153845096960.000000,0.000000,0.000000,14.770970,7.637889,0.173155,0.130626,17.277668,0.191683,24.277082
1403638153895097088.000000,0.000000,0.000000,13.080221,8.363693,0.150147,0.103586,14.755673,3.096116,27.930968
1403638153945096960.000000,0.000000,0.000000,14.424116,8.309357,0.153379,0.155107,18.166610,0.164643,25.903862
1403638153995097088.000000,0.000000,0.000000,15.669064,8.176970,0.161698,0.126754,16.398165,0.154786,27.541585
1403638154045096960.000000,0.000000,0.000000,13.831978,7.720674,0.164835,0.115650,16.880509,0.179747,26.544417
1403638154095097088.000000,0.000000,0.000000,16.150353,9.133851,0.156099,0.105474,15.475590,4.063397,28.931209
1403638154145096960.000000,0.000000,0.000000,15.816907,9.225883,0.187396,0.180995,19.839791,0.175971,25.958166
1403638154195097088.000000,0.000000,0.000000,16.143633,9.368350,0.146434,0.120802,16.886141,0.148099,28.588579
1403638154245096960.000000,0.000000,0.000000,16.670074,8.899703,0.154115,0.122946,16.697434,0.170531,24.853252
1403638154295097088.000000,0.000000,0.000000,13.870314,7.943942,0.173251,0.123491,14.782649,2.907409,23.446476
1403638154345096960.000000,0.000000,0.000000,16.516183,8.633330,0.176867,0.165763,19.404904,0.164131,26.520256
1403638154395097088.000000,0.000000,0.000000,16.441334,8.861878,0.180995,0.133858,17.199266,0.158947,34.110336
1403638154445096960.000000,0.000000,0.000000,13.759336,9.655555,0.151459,0.129442,17.626954,0.171746,43.618625
1403638154495097088.000000,0.000000,0.000000,15.878092,7.297179,0.161250,0.107202,16.406325,2.874320,34.597576
1403638154545096960.000000,0.000000,0.000000,17.579465,8.259596,0.084354,0.169539,18.759036,0.187044,33.320595
1403638154595097088.000000,0.000000,0.000000,16.953438,8.405197,0.156387,0.134882,17.838926,0.148866,36.344038
1403638154645096960.000000,0.000000,0.000000,16.775708,7.727298,0.174370,0.130946,18.467896,0.156386,36.917200
1403638154695097088.000000,0.000000,0.000000,17.380998,7.737635,0.168418,0.116258,16.010606,3.296119,42.650001
1403638154745096960.000000,0.000000,0.000000,16.030895,7.597601,0.085217,0.173699,18.483705,0.162306,42.833651
1403638154795097088.000000,0.000000,0.000000,15.855468,7.597536,0.181219,0.126914,17.779084,0.162755,39.512219
1403638154845096960.000000,0.000000,0.000000,16.920830,7.844805,0.085058,0.127042,18.908383,0.170435,39.540924
1403638154895097088.000000,0.000000,0.000000,16.070000,7.390205,0.195651,0.113089,15.927533,2.694542,41.860803
1403638154945096960.000000,0.000000,0.000000,19.394151,7.048727,0.083169,0.166211,19.824143,0.161282,39.924547
1403638154995097088.000000,0.000000,0.000000,16.693914,7.295163,0.088929,0.141762,18.056913,0.154115,38.670254
1403638155045096960.000000,0.000000,0.000000,15.861580,7.566336,0.186083,0.129955,18.104881,0.175235,40.676079
1403638155095097088.000000,0.000000,0.000000,16.038223,7.036502,0.191075,0.104001,17.426631,3.502012,42.296939
1403638155145096960.000000,0.000000,0.000000,16.919230,7.528767,0.095458,0.182403,20.748894,0.211524,40.375658
1403638155195097088.000000,0.000000,0.000000,17.188899,7.784483,0.088033,0.131586,17.954224,0.157474,49.605670
1403638155245096960.000000,0.000000,0.000000,17.329092,7.791940,0.097954,0.133218,18.392855,0.194179,45.355487
1403638155295097088.000000,0.000000,0.000000,18.097969,7.269787,0.183267,0.115490,16.573208,3.448987,39.913379
1403638155345096960.000000,0.000000,0.000000,18.599611,7.716290,0.179459,0.175427,17.749388,0.202211,42.308619
1403638155395097088.000000,0.000000,0.000000,15.962637,7.674594,0.173443,0.137955,17.672010,0.166531,45.912584
1403638155445096960.000000,0.000000,0.000000,18.951937,8.895126,0.174275,0.119490,18.121746,0.221956,48.810585
1403638155495097088.000000,0.000000,0.000000,17.528872,7.172249,0.180291,0.114818,16.625560,3.543772,40.331849
1403638155545096960.000000,0.000000,0.000000,20.529019,8.914678,0.179043,0.181443,19.202340,0.198243,39.979844
1403638155595097088.000000,0.000000,0.000000,16.344052,7.706786,0.174307,0.124290,17.972784,0.186691,47.063419
1403638155645096960.000000,0.000000,0.000000,16.031663,9.277565,0.179811,0.107809,17.968208,0.175875,48.346353
1403638155695097088.000000,0.000000,0.000000,18.196563,9.057977,0.172803,0.105633,16.525047,2.124260,48.959419
1403638155745096960.000000,0.000000,0.000000,17.394086,7.937766,0.152675,0.149506,18.674843,0.163650,47.120572
1403638155795097088.000000,0.000000,0.000000,15.634760,8.147722,0.167715,0.120226,17.786573,0.174019,46.563250
1403638155845096960.000000,0.000000,0.000000,16.651097,7.919014,0.181475,0.115074,17.596297,0.184163,48.079340
1403638155895097088.000000,0.000000,0.000000,15.927917,8.258540,0.168738,0.136931,23.231560,2.417577,48.096013
1403638155945096960.000000,0.000000,0.000000,17.604265,7.783875,0.166947,0.100514,20.146420,0.288389,49.875499
1403638155995097088.000000,0.000000,0.000000,17.585705,8.405902,0.150211,0.100002,19.949968,0.186212,48.281968
1403638156045096960.000000,0.000000,0.000000,16.156785,8.743860,0.062913,0.112225,18.757245,0.180931,48.676407
1403638156095097088.000000,0.000000,0.000000,16.657241,8.060136,0.207875,0.093025,17.576841,0.157442,47.378337
1403638156145096960.000000,0.000000,0.000000,16.218834,7.709667,0.151267,0.111777,19.037634,1.894400,46.979162
1403638156195097088.000000,0.000000,0.000000,18.684412,10.526226,0.177187,0.110881,19.990706,0.273092,50.730905
1403638156295097088.000000,0.000000,0.000000,18.676316,11.945225,0.165347,0.116962,19.091810,0.149987,48.060076
1403638156345096960.000000,0.000000,0.000000,19.070659,8.648306,0.156002,0.132547,17.992719,0.186563,44.069833
1403638156395097088.000000,0.000000,0.000000,18.663131,9.306749,0.132066,0.120130,18.562297,0.194180,47.727238
1403638156445096960.000000,0.000000,0.000000,17.042368,8.580785,0.148002,0.149442,23.146791,2.699886,48.274992
1403638156495097088.000000,0.000000,0.000000,23.131622,8.802164,0.158563,0.107713,23.452556,0.300485,49.471204
1403638156545096960.000000,0.000000,0.000000,17.964304,7.380093,0.166819,0.093250,19.325862,0.134882,51.510246
1403638156645096960.000000,0.000000,0.000000,18.497849,7.546399,0.145571,0.148290,24.929253,0.185379,49.801034
1403638156695097088.000000,0.000000,0.000000,17.495847,8.161738,0.188035,0.127586,22.412251,2.119491,50.773594
1403638156795097088.000000,0.000000,0.000000,17.275107,8.412110,0.173411,0.182147,27.920440,0.214980,46.944026
1403638156845096960.000000,0.000000,0.000000,18.203315,6.868596,0.173219,0.161698,23.300906,0.204260,52.357621
1403638156945096960.000000,0.000000,0.000000,19.173508,9.849958,0.166179,0.142275,20.441849,2.276294,46.176588
1403638156995097088.000000,0.000000,0.000000,19.290181,7.674145,0.157507,0.181187,22.042132,0.181923,44.577713
1403638157045096960.000000,0.000000,0.000000,16.677850,7.393117,0.135938,0.152931,20.473369,0.201892,39.330937
1403638157095097088.000000,0.000000,0.000000,17.219330,6.860083,0.193923,0.157059,20.720797,0.198467,49.582246
1403638157145096960.000000,0.000000,0.000000,17.113665,9.557506,0.190691,0.132418,20.598684,1.826398,46.573299
1403638157195097088.000000,0.000000,0.000000,16.972383,7.050455,0.171363,0.189571,21.817264,0.211587,52.211026
1403638157295097088.000000,0.000000,0.000000,20.128020,7.930470,0.154499,0.140066,19.347527,0.180707,55.217989
1403638157395097088.000000,0.000000,0.000000,18.921760,10.194636,0.153379,0.135747,18.214163,0.151235,53.896814
1403638157495097088.000000,0.000000,0.000000,18.045361,8.974616,0.159779,0.157922,22.907683,3.233495,49.170783
1403638157545096960.000000,0.000000,0.000000,18.457912,10.481937,0.138882,0.210051,25.150793,0.283077,47.706918
1403638157595097088.000000,0.000000,0.000000,18.079409,7.634721,0.147171,0.156995,24.838275,0.228740,48.800792
1403638157645096960.000000,0.000000,0.000000,19.323558,10.867639,0.146722,0.137858,22.077109,0.129698,46.609459
1403638157695097088.000000,0.000000,0.000000,18.099025,7.423997,0.180419,0.117858,14.472404,0.134018,47.851625
1403638157745096960.000000,0.000000,0.000000,20.039218,8.973464,0.090562,0.141987,20.075538,0.185699,48.583925
1403638157795097088.000000,0.000000,0.000000,16.514199,7.667425,0.162210,0.124323,15.453732,0.126882,52.932158
1403638157895097088.000000,0.000000,0.000000,16.458070,10.441328,0.178755,0.112386,15.290018,0.152930,50.292498
1403638157995097088.000000,0.000000,0.000000,18.573593,8.113353,0.178147,0.108386,14.218960,5.509789,46.765782
1403638158045096960.000000,0.000000,0.000000,18.080657,7.620673,0.161314,0.165826,16.186322,0.162851,47.989066
1403638158095097088.000000,0.000000,0.000000,17.073984,7.215513,0.145570,0.127939,16.093807,0.167875,50.390099
1403638158195097088.000000,0.000000,0.000000,17.427271,8.251211,0.165667,0.121634,15.412517,0.157923,43.613121
1403638158245096960.000000,0.000000,0.000000,19.077314,8.249548,0.155106,0.116386,13.964140,0.149954,49.604198
1403638158295097088.000000,0.000000,0.000000,17.628490,7.920262,0.159651,0.126402,13.366210,5.101526,49.732329
1403638158345096960.000000,0.000000,0.000000,24.576575,8.696499,0.198115,0.194948,15.733833,0.222051,48.148045
1403638158395097088.000000,0.000000,0.000000,18.470296,8.931127,0.200515,0.137634,16.194450,0.153314,45.992937
1403638158445096960.000000,0.000000,0.000000,18.173491,7.592576,0.162851,0.121634,15.275202,0.159107,51.310371
1403638158545096960.000000,0.000000,0.000000,19.508201,10.671252,0.162754,0.129570,14.825370,0.243684,47.238206
1403638158595097088.000000,0.000000,0.000000,18.230356,7.867237,0.219748,0.153923,19.961841,7.522175,49.106749
1403638158645096960.000000,0.000000,0.000000,17.641802,7.883045,0.103042,0.180451,20.634972,0.312518,45.413055
1403638158695097088.000000,0.000000,0.000000,17.627178,7.481023,0.178339,0.141123,16.598424,0.169667,50.934941
1403638158795097088.000000,0.000000,0.000000,19.073154,10.355791,0.151299,0.135202,16.462934,0.184195,45.659747
1403638158845096960.000000,0.000000,0.000000,18.438808,7.798436,0.165890,0.166403,17.819341,7.254330,45.647139
1403638158895097088.000000,0.000000,0.000000,19.878736,9.356606,0.087649,0.158307,21.246311,0.303205,47.574660
1403638158945096960.000000,0.000000,0.000000,17.422246,6.881749,0.090850,0.131554,17.223971,0.152290,46.008393
1403638158995097088.000000,0.000000,0.000000,16.823516,8.194667,0.172067,0.143458,15.729930,0.191684,46.700437
1403638159045096960.000000,0.000000,0.000000,16.818812,9.500256,0.166306,0.097794,16.231506,0.235428,47.318623
1403638159095097088.000000,0.000000,0.000000,18.758333,8.009287,0.173123,0.075106,16.186993,6.933109,46.640244
1403638159145096960.000000,0.000000,0.000000,19.136580,7.723650,0.186211,0.155810,18.557082,0.319909,49.402466
1403638159195097088.000000,0.000000,0.000000,19.202116,7.149752,0.163843,0.126946,17.226019,0.161251,49.638886
1403638159245096960.000000,0.000000,0.000000,17.958992,9.597122,0.165091,0.123234,17.754540,0.242244,46.069931
1403638159295097088.000000,0.000000,0.000000,18.149426,7.756099,0.177219,0.113314,19.604619,6.726354,45.576034
1403638159345096960.000000,0.000000,0.000000,16.785755,7.831685,0.173859,0.155427,19.622475,0.330789,49.550245
1403638159395097088.000000,0.000000,0.000000,18.934272,8.459247,0.163779,0.108802,15.427268,0.149826,48.425554
1403638159445096960.000000,0.000000,0.000000,17.206050,7.830820,0.179843,0.129666,18.256404,0.255525,46.001257
1403638159495097088.000000,0.000000,0.000000,17.009087,7.274874,0.178947,0.114754,19.235812,11.288607,44.891095
1403638159545096960.000000,0.000000,0.000000,15.753130,7.989991,0.160675,0.202723,18.829566,0.352390,46.949626
1403638159595097088.000000,0.000000,0.000000,16.246386,8.673331,0.157571,0.108354,17.066496,0.172003,49.877131
1403638159645096960.000000,0.000000,0.000000,17.133538,8.693331,0.173731,0.135586,21.086308,0.196291,49.700679
1403638159695097088.000000,0.000000,0.000000,16.590872,8.695858,0.168866,0.107170,15.604231,10.455249,46.848919
1403638159745096960.000000,0.000000,0.000000,17.972048,8.290092,0.152322,0.253188,19.770766,0.315397,46.606931
1403638159795097088.000000,0.000000,0.000000,22.250200,8.140553,0.161603,0.125634,17.145538,0.210915,46.762326
1403638159845096960.000000,0.000000,0.000000,16.003054,7.819236,0.176515,0.136835,18.953440,9.316509,49.151903
1403638159895097088.000000,0.000000,0.000000,16.866493,7.864933,0.174435,0.219812,20.075955,0.202659,48.378833
1403638159945096960.000000,0.000000,0.000000,15.766730,7.905637,0.163811,0.111522,16.450486,0.194627,40.178983
1403638159995097088.000000,0.000000,0.000000,18.069745,8.062664,0.160099,0.107810,17.527272,8.197579,45.496640
1403638160045096960.000000,0.000000,0.000000,16.983614,8.323533,0.172643,0.163523,18.245140,0.205155,46.515538
1403638160095097088.000000,0.000000,0.000000,15.540710,7.252634,0.170947,0.112578,15.536678,0.205284,47.532899
1403638160145096960.000000,0.000000,0.000000,16.575992,7.407869,0.152194,0.061793,18.123314,8.834709,43.152185
1403638160195097088.000000,0.000000,0.000000,14.748825,7.875589,0.165763,0.177987,22.250775,0.246084,43.866213
1403638160245096960.000000,0.000000,0.000000,18.615803,8.502000,0.176643,0.093697,18.207284,0.223907,40.510892
1403638160295097088.000000,0.000000,0.000000,17.185506,7.725314,0.176323,0.088513,17.971599,12.464883,42.949685
1403638160345096960.000000,0.000000,0.000000,17.023615,7.529056,0.156611,0.256612,23.506893,0.249637,42.795475
1403638160395097088.000000,0.000000,0.000000,16.554744,7.476894,0.158659,0.146594,24.058838,0.256676,49.934668
1403638160445096960.000000,0.000000,0.000000,17.783276,7.631617,0.170658,0.121282,21.307272,0.237124,45.272125
1403638160495097088.000000,0.000000,0.000000,18.077649,8.865141,0.168579,0.072385,18.550937,0.146178,44.848245
1403638160545096960.000000,0.000000,0.000000,15.994414,7.283451,0.191076,0.104482,15.111423,9.555681,44.602097
1403638160595097088.000000,0.000000,0.000000,16.167441,7.455294,0.168067,0.191459,19.379815,0.189315,40.118566
1403638160645096960.000000,0.000000,0.000000,18.831550,8.861237,0.169667,0.123554,18.257780,0.190243,42.948502
1403638160695097088.000000,0.000000,0.000000,17.480552,7.506399,0.176451,0.115138,17.932750,0.169059,49.801289
1403638160745096960.000000,0.000000,0.000000,16.868989,7.677890,0.164547,0.119522,18.597338,9.450464,46.019114
1403638160795097088.000000,0.000000,0.000000,16.923614,7.816516,0.178819,0.216676,18.268692,0.392775,40.832274
1403638160845096960.000000,0.000000,0.000000,18.704604,8.123274,0.185859,0.131587,17.342852,0.183651,44.496047
1403638160895097088.000000,0.000000,0.000000,16.625625,7.020503,0.191492,0.117282,16.506487,0.209476,48.189390
1403638160945096960.000000,0.000000,0.000000,15.829899,7.768707,0.181795,0.105986,15.802859,0.148003,45.283197
1403638160995097088.000000,0.000000,0.000000,18.111058,7.587104,0.158051,0.114402,20.783487,9.562273,39.907107
1403638161045096960.000000,0.000000,0.000000,16.449174,8.365645,0.158435,0.185859,21.929266,0.248932,42.764594
1403638161095097088.000000,0.000000,0.000000,15.805259,8.204074,0.166499,0.123170,16.724091,0.190755,41.516093
1403638161145096960.000000,0.000000,0.000000,17.290468,8.926839,0.159491,0.113506,17.690122,10.246349,48.672950
1403638161195097088.000000,0.000000,0.000000,17.877486,8.067496,0.158626,0.111426,21.240230,0.261508,48.096908
1403638161245096960.000000,0.000000,0.000000,15.123231,7.802884,0.158691,0.131682,19.240677,0.193923,42.694961
1403638161295097088.000000,0.000000,0.000000,15.222913,7.866405,0.134114,0.113730,16.708410,0.192675,46.453105
1403638161345096960.000000,0.000000,0.000000,15.594343,8.540497,0.171971,0.119714,15.913549,6.448333,44.911127
1403638161395097088.000000,0.000000,0.000000,16.343284,8.205291,0.187939,0.194755,20.452121,0.230180,52.223698
1403638161495097088.000000,0.000000,0.000000,16.709722,7.060984,0.171011,0.144899,19.394503,8.690099,49.755049
1403638161545096960.000000,0.000000,0.000000,16.689433,7.844900,0.174211,0.188675,20.226261,0.210500,43.816516
1403638161595097088.000000,0.000000,0.000000,16.305011,8.157258,0.187108,0.134658,17.541641,0.184227,45.520737
1403638161645096960.000000,0.000000,0.000000,14.856443,7.937990,0.186659,0.122562,17.214658,0.194020,46.105067
1403638161695097088.000000,0.000000,0.000000,16.734491,7.673953,0.181667,0.124194,15.584551,7.796772,49.863242
1403638161745096960.000000,0.000000,0.000000,18.148787,8.875638,0.172578,0.201476,19.370695,0.202787,46.890680
1403638161795097088.000000,0.000000,0.000000,15.961326,7.759107,0.169603,0.124930,16.878621,7.750179,48.219311
1403638161845096960.000000,0.000000,0.000000,16.193073,8.058152,0.222052,0.183843,19.364551,0.193860,46.888984
1403638161895097088.000000,0.000000,0.000000,16.302515,8.446799,0.178595,0.119330,16.546359,0.206115,49.326721
1403638161945096960.000000,0.000000,0.000000,15.328067,7.482111,0.175267,0.105314,14.296753,6.861012,50.155791
1403638162045096960.000000,0.000000,0.000000,17.484487,10.145515,0.189763,0.172291,19.001665,0.192419,46.783062
1403638162095097088.000000,0.000000,0.000000,18.964640,9.870791,0.216996,0.135362,17.518472,7.913638,45.960040
1403638162145096960.000000,0.000000,0.000000,17.110337,9.886535,0.204835,0.164579,19.923473,0.225220,51.605800
1403638162245096960.000000,0.000000,0.000000,17.874414,9.819526,0.176867,0.101250,16.296659,0.185987,48.369265
1403638162295097088.000000,0.000000,0.000000,17.141889,9.943560,0.199075,0.106210,14.230576,7.520127,50.230960
1403638162395097088.000000,0.000000,0.000000,18.523128,10.278541,0.169027,0.116866,17.664970,0.332389,45.700516
1403638162445096960.000000,0.000000,0.000000,16.699994,8.915991,0.179651,0.118018,15.324803,0.150147,49.169278
1403638162495097088.000000,0.000000,0.000000,15.221345,8.840982,0.179715,0.104577,14.119791,0.164322,45.808966
1403638162545096960.000000,0.000000,0.000000,17.459206,9.421503,0.195748,0.090561,12.171598,0.172483,47.490850
1403638162595097088.000000,0.000000,0.000000,16.221809,8.187658,0.183299,0.119042,13.831785,3.994147,46.660244
1403638162645096960.000000,0.000000,0.000000,15.692873,7.762115,0.207876,0.109922,15.239617,0.260068,49.335137
1403638162695097088.000000,0.000000,0.000000,17.328453,7.842244,0.171618,0.110050,11.574692,0.123426,48.258159
1403638162745096960.000000,0.000000,0.000000,16.702842,8.047976,0.214244,0.111234,12.315856,0.155586,47.311999
1403638162795097088.000000,0.000000,0.000000,23.173255,7.183194,0.236164,0.129251,15.125727,5.557086,45.814182
1403638162845096960.000000,0.000000,0.000000,19.046434,7.115384,0.200611,0.126466,15.574599,0.332069,50.848155
1403638162945096960.000000,0.000000,0.000000,18.043313,11.871624,0.181955,0.136354,17.218083,0.174467,45.708164
1403638162995097088.000000,0.000000,0.000000,18.803710,10.707189,0.187843,0.111682,13.800681,0.180803,50.372531
1403638163095097088.000000,0.000000,0.000000,17.114977,9.100889,0.230404,0.139714,14.781370,6.072166,43.748547
1403638163145096960.000000,0.000000,0.000000,16.273939,8.098697,0.202115,0.130050,15.706729,0.265573,47.439842
1403638163195097088.000000,0.000000,0.000000,16.087632,7.732355,0.184355,0.136419,13.979308,0.142211,50.097070
1403638163295097088.000000,0.000000,0.000000,16.883165,8.312556,0.172610,0.112866,12.641493,0.146979,45.330558
1403638163345096960.000000,0.000000,0.000000,17.651178,10.449328,0.161090,0.099362,12.362097,0.136482,41.793186
1403638163395097088.000000,0.000000,0.000000,16.104912,8.811765,0.169027,0.048064,10.623380,5.441980,43.605057
1403638163445096960.000000,0.000000,0.000000,15.987982,8.180683,0.174083,0.162915,13.863786,0.170403,45.131162
1403638163495097088.000000,0.000000,0.000000,18.044945,10.055882,0.171203,0.113698,14.076174,0.333765,45.262461
1403638163545096960.000000,0.000000,0.000000,15.517830,7.701570,0.167683,0.063457,12.261647,3.707935,45.615459
1403638163595097088.000000,0.000000,0.000000,17.656106,9.095642,0.160738,0.130498,15.317026,0.147811,44.279308
1403638163645096960.000000,0.000000,0.000000,18.105841,9.922792,0.191235,0.106658,13.672135,0.139523,45.280605
1403638163695097088.000000,0.000000,0.000000,16.778651,8.316589,0.179364,0.095554,12.508083,0.251492,42.984054
1403638163745096960.000000,0.000000,0.000000,17.213922,7.845125,0.177315,0.109954,11.767687,5.535710,47.676806
1403638163795097088.000000,0.000000,0.000000,17.355589,7.836837,0.229764,0.105666,14.551349,0.244772,0.000000
1403638163845096960.000000,0.000000,0.000000,16.504119,7.663585,0.239940,0.121282,13.798089,0.125282,0.077729
1403638163895097088.000000,0.000000,0.000000,18.981281,9.098650,0.193411,0.112865,14.780506,4.677263,55.290662
1403638163995097088.000000,0.000000,0.000000,15.920269,11.058331,0.221316,0.127330,9.793574,0.129634,49.618726
1403638164045096960.000000,0.000000,0.000000,16.764507,8.616978,0.249668,0.088834,9.002264,0.078338,49.390690
1403638164095097088.000000,0.000000,0.000000,19.986353,9.190619,0.219747,0.124770,9.530593,3.358393,46.008777
1403638164145096960.000000,0.000000,0.000000,16.759963,7.721218,0.219332,0.146755,10.212428,0.162499,51.301827
1403638164245096960.000000,0.000000,0.000000,17.128129,8.071944,0.212932,0.123554,9.631683,0.113858,44.247787
1403638164295097088.000000,0.000000,0.000000,17.420198,8.567504,0.222244,0.132098,10.148491,3.905442,0.000000
1403638164345096960.000000,0.000000,0.000000,17.322885,7.417181,0.232324,0.058177,10.534098,0.112642,0.075201
1403638164395097088.000000,0.000000,0.000000,17.219171,8.217771,0.097378,0.117794,10.043658,0.173314,47.719206
1403638164445096960.000000,0.000000,0.000000,15.927245,8.466575,0.223364,0.127906,9.851430,0.174435,48.748823
1403638164495097088.000000,0.000000,0.000000,20.448602,9.455167,0.237124,0.126402,8.858838,4.064837,0.000000
1403638164545096960.000000,0.000000,0.000000,16.382837,8.054408,0.258820,0.067393,10.123627,0.108705,0.063233
1403638164595097088.000000,0.000000,0.000000,17.135714,8.335916,0.243460,0.143043,10.781398,0.174563,52.087599
1403638164695097088.000000,0.000000,0.000000,17.635081,11.321056,0.203044,0.131362,10.606323,0.104322,46.856663
1403638164745096960.000000,0.000000,0.000000,16.568247,9.824709,0.236132,0.139491,10.135403,3.761087,0.000000
1403638164795097088.000000,0.000000,0.000000,18.782781,8.566064,0.269445,0.076385,11.137948,0.114978,0.074497
1403638164845096960.000000,0.000000,0.000000,16.263090,7.878277,0.220100,0.138595,11.137212,0.188067,55.738030
1403638164945096960.000000,0.000000,0.000000,15.025822,9.313821,0.222499,0.116450,10.708660,0.110082,55.826959
1403638165045096960.000000,0.000000,0.000000,18.350550,12.358289,0.279717,0.180611,17.984079,6.098567,48.689303
1403638165095097088.000000,0.000000,0.000000,15.671528,7.988647,0.246692,0.246724,20.302071,0.282916,48.068812
1403638165145096960.000000,0.000000,0.000000,15.011422,8.448622,0.250405,0.154434,15.340995,0.223811,51.679977
1403638165245096960.000000,0.000000,0.000000,16.503191,10.748853,0.217412,0.131235,10.885047,0.188324,44.619154
1403638165295097088.000000,0.000000,0.000000,15.359587,7.816164,0.262980,0.073057,9.415231,0.132195,0.000000
1403638165345096960.000000,0.000000,0.000000,14.518549,7.731778,0.115394,0.165731,18.831262,7.458365,0.068801
1403638165395097088.000000,0.000000,0.000000,14.661911,7.038839,0.229828,0.111138,18.526904,0.198499,56.761310
1403638165495097088.000000,0.000000,0.000000,15.696329,10.305294,0.279525,0.121474,11.577380,0.187267,0.000000
1403638165545096960.000000,0.000000,0.000000,16.759643,8.617906,0.112257,0.106625,9.999913,0.138626,0.070785
1403638165595097088.000000,0.000000,0.000000,14.452436,8.020263,0.223588,0.109505,9.594306,4.612110,57.417962
1403638165695097088.000000,0.000000,0.000000,17.016032,11.140892,0.284741,0.144611,11.839496,0.168770,0.000000
1403638165745096960.000000,0.000000,0.000000,17.909038,7.046039,0.344838,0.148003,15.182464,0.158051,0.063905
1403638165795097088.000000,0.000000,0.000000,15.263457,8.538257,0.318566,0.172483,17.778060,6.639536,54.600826
1403638165895097088.000000,0.000000,0.000000,17.079841,9.407615,0.366951,0.196003,21.100996,0.208964,52.084464
1403638165995097088.000000,0.000000,0.000000,16.787868,9.789573,0.352646,0.209731,21.626925,5.556926,47.311743
1403638166045096960.000000,0.000000,0.000000,14.163503,9.583490,0.351270,0.225187,19.141923,0.212355,53.221571
1403638166145096960.000000,0.000000,0.000000,16.253682,12.018699,0.346054,0.143330,16.261363,0.166882,46.935417
1403638166195097088.000000,0.000000,0.000000,16.629561,8.459567,0.341222,0.166979,18.304245,4.736848,50.426484
1403638166295097088.000000,0.000000,0.000000,16.285299,9.897639,0.281445,0.178595,19.050146,0.189124,44.142345
1403638166345096960.000000,0.000000,0.000000,16.507127,8.530672,0.318726,0.134563,17.262979,0.191939,0.000000
1403638166395097088.000000,0.000000,0.000000,17.533096,10.694741,0.276549,0.128738,15.426373,4.534476,0.069377
1403638166445096960.000000,0.000000,0.000000,18.634714,9.314494,0.280997,0.145827,16.836348,0.167042,52.589881
1403638166545096960.000000,0.000000,0.000000,17.341125,8.128650,0.353414,0.138051,17.941551,5.559262,0.000000
1403638166595097088.000000,0.000000,0.000000,16.617625,7.653537,0.312549,0.141794,17.045216,0.179107,0.072609
1403638166645096960.000000,0.000000,0.000000,15.402724,7.561440,0.320037,0.112802,15.978606,5.157687,50.744985
1403638166745096960.000000,0.000000,0.000000,17.427238,10.912536,0.255492,0.131139,15.744457,0.147075,49.263968
1403638166795097088.000000,0.000000,0.000000,18.624506,7.983367,0.291173,0.090466,14.145550,0.137603,47.488098
1403638166845096960.000000,0.000000,0.000000,17.691211,7.691906,0.383366,0.090562,13.238015,5.706817,0.000000
1403638166895097088.000000,0.000000,0.000000,17.050848,8.071016,0.301125,0.130178,17.501159,0.195652,0.045408
1403638166945096960.000000,0.000000,0.000000,16.092464,7.415613,0.237380,0.088417,14.947420,5.438140,53.592649
1403638167045096960.000000,0.000000,0.000000,17.775116,12.166382,0.304613,0.118978,14.093869,0.154147,51.014302
1403638167145096960.000000,0.000000,0.000000,17.497864,9.798021,0.283877,0.066721,12.451410,0.141506,47.513218
1403638167195097088.000000,0.000000,0.000000,14.503509,8.198827,0.321222,0.045921,10.927608,0.131138,55.509001
1403638167295097088.000000,0.000000,0.000000,15.904429,9.266620,0.246788,0.058017,9.619043,4.411019,49.728616
1403638167345096960.000000,0.000000,0.000000,16.152049,9.616194,0.340837,0.071425,12.498579,0.100418,48.703095
1403638167395097088.000000,0.000000,0.000000,18.124658,9.199995,0.317990,0.048161,9.512928,7.040983,0.000000
1403638167445096960.000000,0.000000,0.000000,15.439781,7.848229,0.288357,0.132931,14.233488,0.196099,0.070401
1403638167495097088.000000,0.000000,0.000000,15.682825,8.345773,0.291397,0.097025,10.435632,5.665151,58.370969
1403638167595097088.000000,0.000000,0.000000,16.119632,8.234891,0.227588,0.095330,14.181231,0.168131,54.209396
1403638167695097088.000000,0.000000,0.000000,15.254657,8.830069,0.280261,0.068353,10.415024,6.587119,48.133516
1403638167745096960.000000,0.000000,0.000000,18.026096,9.175675,0.249541,0.089346,11.616772,0.238756,47.950793
1403638167795097088.000000,0.000000,0.000000,18.405399,10.590419,0.251588,0.083745,12.497267,0.131906,0.000000
1403638167845096960.000000,0.000000,0.000000,14.521749,7.544959,0.287141,0.097729,12.333905,10.096362,0.072001
1403638167895097088.000000,0.000000,0.000000,17.741323,8.570992,0.116034,0.171907,16.354228,0.196868,58.145686
1403638167995097088.000000,0.000000,0.000000,16.289331,8.721299,0.120899,0.084258,14.851226,0.131330,56.447226
1403638168095097088.000000,0.000000,0.000000,17.383621,12.186381,0.107842,0.077889,11.475618,7.164441,53.406694
1403638168195097088.000000,0.000000,0.000000,16.214417,8.850198,0.250148,0.118562,14.919260,0.307045,46.770133
1403638168245096960.000000,0.000000,0.000000,14.584982,10.497873,0.141379,0.093057,12.857337,0.174787,48.168877
1403638168295097088.000000,0.000000,0.000000,15.458213,8.346733,0.129634,0.087618,12.672630,0.143907,51.671273
1403638168395097088.000000,0.000000,0.000000,17.290372,9.564802,0.202403,0.085473,11.437889,8.268108,52.090960
1403638168495097088.000000,0.000000,0.000000,16.239090,9.109370,0.271364,0.167170,16.896670,0.188516,50.873083
1403638168595097088.000000,0.000000,0.000000,16.820476,9.649699,0.108546,0.118210,15.836396,0.172771,48.155854
1403638168645096960.000000,0.000000,0.000000,16.322387,8.413838,0.197987,0.120802,12.959035,0.244292,52.995135
1403638168745096960.000000,0.000000,0.000000,16.890333,11.952714,0.203652,0.096322,14.379730,10.302254,49.791145
1403638168795097088.000000,0.000000,0.000000,15.933133,8.183850,0.214724,0.242436,16.956191,0.272741,45.592706
1403638168845096960.000000,0.000000,0.000000,19.246405,10.623091,0.206948,0.133058,16.256210,0.349958,49.547749
1403638168895097088.000000,0.000000,0.000000,14.943484,8.398926,0.105602,0.119170,13.804969,0.147810,47.283167
1403638168945096960.000000,0.000000,0.000000,19.887440,7.254139,0.172963,0.137859,16.586967,0.184483,47.137596
1403638168995097088.000000,0.000000,0.000000,18.108594,9.043513,0.178211,0.116642,15.031869,12.332976,45.107034
1403638169045096960.000000,0.000000,0.000000,17.527240,8.406894,0.230980,0.199204,19.015681,0.192964,47.003226
1403638169095097088.000000,0.000000,0.000000,17.572200,8.789141,0.098754,0.118722,15.322530,0.182083,49.726504
1403638169145096960.000000,0.000000,0.000000,16.221298,7.636513,0.214756,0.156515,14.640535,0.309541,50.045613
1403638169245096960.000000,0.000000,0.000000,25.014247,12.369521,0.204772,0.132258,14.118926,0.142146,47.920458
1403638169295097088.000000,0.000000,0.000000,18.511800,10.373711,0.207587,0.118082,16.754523,13.111453,50.534389
1403638169395097088.000000,0.000000,0.000000,16.654233,9.334910,0.171779,0.218212,20.808639,0.212132,46.051338
1403638169445096960.000000,0.000000,0.000000,15.299170,7.478846,0.182211,0.133698,15.601448,0.181187,48.825145
1403638169495097088.000000,0.000000,0.000000,18.576505,11.466274,0.152546,0.160930,15.508134,0.331398,45.643235
1403638169545096960.000000,0.000000,0.000000,16.925310,8.061064,0.156642,0.146050,16.612920,0.203172,48.477011
1403638169595097088.000000,0.000000,0.000000,19.119650,8.801876,0.154914,0.142306,18.811166,10.407791,49.000059
1403638169645096960.000000,0.000000,0.000000,16.111600,8.491119,0.090305,0.234180,18.675867,0.275909,46.211276
1403638169695097088.000000,0.000000,0.000000,15.107807,7.930438,0.088769,0.134850,16.266867,0.207811,46.413840
1403638169745096960.000000,0.000000,0.000000,14.871547,8.648722,0.173635,0.122978,14.669015,0.188195,45.755973
1403638169795097088.000000,0.000000,0.000000,17.513448,9.584258,0.100930,0.121986,13.750024,0.323174,51.134080
1403638169895097088.000000,0.000000,0.000000,14.783289,9.518272,0.095681,0.128451,15.883852,8.322285,48.087564
1403638169945096960.000000,0.000000,0.000000,15.866827,7.609409,0.158531,0.187907,17.649674,0.162979,47.102715
1403638169995097088.000000,0.000000,0.000000,17.013503,10.900184,0.196835,0.167427,20.272118,0.315110,47.701157
1403638170045096960.000000,0.000000,0.000000,14.550646,9.205883,0.160835,0.159171,15.936205,0.136035,48.451538
1403638170095097088.000000,0.000000,0.000000,16.108912,9.392958,0.178851,0.129058,17.179970,0.149858,51.842379
1403638170195097088.000000,0.000000,0.000000,18.018640,11.584484,0.184324,0.111906,12.919450,5.501437,46.193004
1403638170245096960.000000,0.000000,0.000000,17.012799,11.297791,0.113058,0.187811,19.278597,0.204643,46.573331
1403638170295097088.000000,0.000000,0.000000,15.550183,8.294732,0.115042,0.137922,17.258404,0.166627,53.237411
1403638170395097088.000000,0.000000,0.000000,15.006525,8.651602,0.107234,0.150434,16.000174,0.272004,50.537685
1403638170495097088.000000,0.000000,0.000000,17.920942,5.806338,0.057601,0.171555,19.811694,5.783362,47.310399
1403638170545096960.000000,0.000000,0.000000,15.113727,5.799138,0.119746,0.187203,19.162051,0.400775,47.888457
1403638170595097088.000000,0.000000,0.000000,15.684009,5.836610,0.114114,0.145506,18.327061,0.190244,51.245537
1403638170695097088.000000,0.000000,0.000000,17.275460,5.819938,0.127554,0.132610,14.535126,0.162019,46.262573
1403638170745096960.000000,0.000000,0.000000,17.941007,5.796898,0.121570,0.157698,16.089872,0.252164,44.536400
1403638170795097088.000000,0.000000,0.000000,16.443158,5.951556,0.123938,0.166499,22.525948,6.162152,48.842009
1403638170845096960.000000,0.000000,0.000000,15.816171,7.026358,0.119074,0.199684,20.570331,0.195427,49.426883
1403638170895097088.000000,0.000000,0.000000,16.275571,6.123047,0.125314,0.156067,17.911630,0.168387,48.133293
1403638170945096960.000000,0.000000,0.000000,15.778475,6.044102,0.129954,0.153826,17.079328,0.262276,48.966395
1403638170995097088.000000,0.000000,0.000000,17.692426,5.816963,0.116994,0.136834,18.034064,0.134530,48.678326
1403638171045096960.000000,0.000000,0.000000,15.595719,6.111815,0.136706,0.151138,17.323428,0.136642,46.005929
1403638171095097088.000000,0.000000,0.000000,14.691224,5.979205,0.063041,0.155971,20.400728,6.169864,46.608499
1403638171145096960.000000,0.000000,0.000000,16.958334,5.946788,0.139682,0.196003,14.132846,0.194820,46.974201
1403638171195097088.000000,0.000000,0.000000,15.064414,5.980357,0.131011,0.136034,11.595844,0.160482,46.943289
1403638171245096960.000000,0.000000,0.000000,16.846908,6.127911,0.212996,0.136770,12.136365,3.899362,0.000000
1403638171295097088.000000,0.000000,0.000000,16.838140,5.752001,0.199620,0.074657,13.178430,0.138594,0.071329
1403638171345096960.000000,0.000000,0.000000,18.014449,5.799170,0.163619,0.067521,10.553234,0.118882,54.753436
1403638171445096960.000000,0.000000,0.000000,15.997550,9.810534,0.132674,0.097410,17.515719,0.135074,49.674727
1403638171495097088.000000,0.000000,0.000000,17.072512,8.696434,0.133186,0.148195,16.085871,5.405435,49.365153
1403638171545096960.000000,0.000000,0.000000,15.487398,8.031687,0.229892,0.095682,16.515926,0.121538,46.298797
1403638171595097088.000000,0.000000,0.000000,16.878940,5.662335,0.101218,0.152834,11.816872,0.169570,47.348704
1403638171645096960.000000,0.000000,0.000000,15.216513,5.573950,0.070721,0.056001,13.505156,6.794899,52.486710
1403638171745096960.000000,0.000000,0.000000,18.052113,12.633557,0.134531,0.077857,13.555813,0.118786,48.827000
1403638171795097088.000000,0.000000,0.000000,17.760748,9.916071,0.135939,0.128674,11.257406,0.133379,48.035499
1403638171845096960.000000,0.000000,0.000000,16.734042,6.679760,0.136834,0.067137,11.136380,6.949269,47.574243
1403638171895097088.000000,0.000000,0.000000,17.527784,5.969317,0.169827,0.079553,14.409203,0.197412,46.274542
1403638171945096960.000000,0.000000,0.000000,17.757804,5.554846,0.202691,0.145410,15.052222,0.166883,0.000000
1403638171995097088.000000,0.000000,0.000000,15.066591,6.014309,0.206948,0.134018,14.847866,0.180419,0.068034
1403638172045096960.000000,0.000000,0.000000,16.975134,9.643810,0.256676,0.152578,14.232849,6.442989,58.787969
1403638172145096960.000000,0.000000,0.000000,15.931372,8.626449,0.224004,0.158307,19.468424,0.205604,58.254359
1403638172245096960.000000,0.000000,0.000000,18.076018,11.775334,0.209604,0.134658,17.047104,0.189475,51.011261
1403638172345096960.000000,0.000000,0.000000,16.440309,10.382799,0.257285,0.124194,14.590934,4.987861,0.000000
1403638172395097088.000000,0.000000,0.000000,19.564363,8.314925,0.142146,0.188739,18.084881,0.175203,0.069538
1403638172445096960.000000,0.000000,0.000000,15.926637,8.097289,0.244356,0.131394,16.892541,6.139720,58.279192
1403638172545096960.000000,0.000000,0.000000,15.857996,9.569634,0.239844,0.192900,18.708155,0.169731,56.675293
1403638172645096960.000000,0.000000,0.000000,16.449654,9.457728,0.209539,0.194819,19.176068,4.827345,0.000000
1403638172695097088.000000,0.000000,0.000000,14.762201,8.563793,0.275812,0.180995,16.138736,0.243460,0.051713
1403638172745096960.000000,0.000000,0.000000,17.033535,7.820740,0.227076,0.134850,15.397412,0.173955,62.533984
1403638172845096960.000000,0.000000,0.000000,17.482375,10.924504,0.303141,0.167395,16.529655,6.012102,54.135506
1403638172945096960.000000,0.000000,0.000000,17.385990,9.282716,0.111873,0.168835,15.172480,0.288997,51.432324
1403638173045096960.000000,0.000000,0.000000,16.279570,8.353485,0.114242,0.126114,14.383539,0.135266,54.126546
1403638173145096960.000000,0.000000,0.000000,16.953182,9.850790,0.262980,0.114114,13.411874,0.165603,49.974540
1403638173195097088.000000,0.000000,0.000000,19.000416,9.285533,0.334278,0.135971,12.612628,5.195864,49.230560
1403638173245096960.000000,0.000000,0.000000,14.443764,8.829461,0.364071,0.159459,16.478262,0.141987,52.312627
1403638173345096960.000000,0.000000,0.000000,13.813545,9.853702,0.261925,0.163235,16.831772,0.151234,51.546566
1403638173445096960.000000,0.000000,0.000000,14.564309,9.771621,0.265285,0.134083,16.789339,0.130755,54.758204
1403638173545096960.000000,0.000000,0.000000,13.683559,11.345055,0.239108,0.123202,15.940461,0.130018,49.224767
1403638173595097088.000000,0.000000,0.000000,17.336165,10.879416,0.310469,0.124706,14.437619,6.250153,0.000000
1403638173645096960.000000,0.000000,0.000000,14.590198,8.827445,0.309445,0.207939,16.247378,0.216867,0.071905
1403638173695097088.000000,0.000000,0.000000,13.356449,9.375902,0.290277,0.141506,15.915693,0.153027,61.009286
1403638173795097088.000000,0.000000,0.000000,16.388469,10.820023,0.138530,0.206916,18.531384,0.278693,60.005525
1403638173895097088.000000,0.000000,0.000000,17.003007,14.093806,0.284260,0.192996,17.336164,0.125154,0.000000
1403638173945096960.000000,0.000000,0.000000,14.556022,9.248892,0.257604,0.147330,16.058319,0.122850,0.090497
1403638173995097088.000000,0.000000,0.000000,16.963102,9.087129,0.297573,0.160131,19.190276,0.171011,56.799967
1403638174095097088.000000,0.000000,0.000000,15.900236,10.592051,0.108578,0.127682,13.992044,0.116482,51.437509
1403638174195097088.000000,0.000000,0.000000,16.588280,9.745317,0.238948,0.132162,14.579254,6.331147,43.116344
1403638174245096960.000000,0.000000,0.000000,15.824747,13.820170,0.288485,0.249316,17.569001,0.173122,0.000000
1403638174295097088.000000,0.000000,0.000000,14.473780,7.685730,0.251588,0.153218,19.537258,0.184195,0.070850
1403638174345096960.000000,0.000000,0.000000,16.698617,10.908504,0.262532,0.155971,18.219859,0.159906,51.110815
1403638174445096960.000000,0.000000,0.000000,16.745082,13.118045,0.255589,0.149698,18.495544,6.940277,48.673398
1403638174495097088.000000,0.000000,0.000000,15.416132,8.530992,0.227204,0.238788,18.620026,0.277317,45.065177
1403638174545096960.000000,0.000000,0.000000,14.424467,9.500769,0.224676,0.149795,19.260869,0.178723,47.360864
1403638174595097088.000000,0.000000,0.000000,16.734266,9.063897,0.187971,0.086530,15.815403,0.154691,47.758630
1403638174645096960.000000,0.000000,0.000000,15.202881,10.453136,0.195811,0.097442,15.270754,5.373595,43.554367
1403638174695097088.000000,0.000000,0.000000,15.547942,9.027801,0.126787,0.171715,16.864828,0.145282,46.443216
1403638174745096960.000000,0.000000,0.000000,15.792203,8.784788,0.236324,0.125474,14.259345,0.147107,46.482417
1403638174795097088.000000,0.000000,0.000000,15.354787,9.313629,0.211524,0.066913,12.047211,5.858435,53.491623
1403638174895097088.000000,0.000000,0.000000,15.813931,8.122249,0.246564,0.188547,18.626235,0.169219,44.204330
1403638174945096960.000000,0.000000,0.000000,17.059904,12.704150,0.209411,0.157763,16.695578,7.583456,46.326574
1403638174995097088.000000,0.000000,0.000000,26.826437,11.500930,0.205156,0.162018,10.330351,0.158818,44.132617
1403638175045096960.000000,0.000000,0.000000,17.114593,11.510370,0.196131,0.110178,9.689252,0.164771,47.685093
1403638175095097088.000000,0.000000,0.000000,16.037359,9.524000,0.273860,0.169379,13.734696,8.765396,0.000000
1403638175145096960.000000,0.000000,0.000000,15.603111,9.613475,0.259173,0.191267,16.648153,0.264900,0.068001
1403638175195097088.000000,0.000000,0.000000,15.546087,8.626705,0.255428,0.129603,14.950812,0.166306,60.135896
1403638175295097088.000000,0.000000,0.000000,23.571693,10.124938,0.189571,0.122658,16.962110,0.263748,51.585511
1403638175395097088.000000,0.000000,0.000000,17.150849,12.313424,0.235588,0.184995,16.886525,0.247268,51.053214
1403638175495097088.000000,0.000000,0.000000,18.529721,11.276638,0.234564,0.129858,15.256770,0.136867,44.426383
1403638175545096960.000000,0.000000,0.000000,16.467734,8.291308,0.278980,0.125154,15.220641,9.394271,0.000000
1403638175595097088.000000,0.000000,0.000000,17.998992,9.206427,0.230724,0.162915,15.209856,0.406759,0.072993
1403638175645096960.000000,0.000000,0.000000,16.877565,8.541744,0.200483,0.125570,13.631974,0.158659,55.260261
1403638175745096960.000000,0.000000,0.000000,18.704411,15.118431,0.223140,0.120546,13.689511,0.161250,52.877980
1403638175845096960.000000,0.000000,0.000000,16.997471,10.729461,0.272549,0.113602,12.321072,0.178531,45.652738
1403638175895097088.000000,0.000000,0.000000,16.376852,8.916791,0.271301,0.111266,13.965387,7.149529,46.119019
1403638175945096960.000000,0.000000,0.000000,18.306133,9.126810,0.221572,0.206660,16.011854,0.229220,50.376850
1403638176045096960.000000,0.000000,0.000000,17.309765,13.910506,0.221188,0.122530,13.923499,0.135523,57.905618
1403638176145096960.000000,0.000000,0.000000,17.077376,13.737064,0.221860,0.098594,13.367713,6.467501,48.474547
1403638176195097088.000000,0.000000,0.000000,16.388053,8.468687,0.239268,0.205284,16.625944,0.191555,48.085548
1403638176245096960.000000,0.000000,0.000000,16.012494,7.820420,0.232196,0.131234,14.446804,0.133474,0.000000
1403638176295097088.000000,0.000000,0.000000,15.277473,7.792420,0.251332,0.127682,12.687222,4.754576,0.073953
1403638176345096960.000000,0.000000,0.000000,16.434133,8.061480,0.266308,0.068545,11.988043,0.098978,55.091138
1403638176445096960.000000,0.000000,0.000000,14.301618,11.287070,0.236900,0.136418,13.169439,0.121762,58.159382
1403638176545096960.000000,0.000000,0.000000,16.339444,8.101417,0.262501,0.086113,13.745448,6.722929,52.717498
1403638176645096960.000000,0.000000,0.000000,14.511029,11.097883,0.197636,0.234084,17.211778,0.182467,44.709203
1403638176695097088.000000,0.000000,0.000000,14.691640,7.905478,0.221540,0.143043,15.709897,0.123138,0.000000
1403638176745096960.000000,0.000000,0.000000,16.702649,11.260030,0.214436,0.127139,15.106206,0.121666,0.073761
1403638176795097088.000000,0.000000,0.000000,18.546904,9.647138,0.209380,0.154371,15.073534,7.431677,52.220754
1403638176895097088.000000,0.000000,0.000000,15.547462,9.885767,0.266180,0.212739,19.355111,0.245860,0.000000
1403638176945096960.000000,0.000000,0.000000,17.104161,9.891079,0.237764,0.141826,17.230755,0.162371,0.077665
1403638176995097088.000000,0.000000,0.000000,14.725528,8.413454,0.220355,0.110177,15.090207,0.228228,66.765447
1403638177095097088.000000,0.000000,0.000000,17.539304,12.330000,0.199651,0.146722,15.655464,4.373706,47.847335
1403638177145096960.000000,0.000000,0.000000,15.529926,8.089832,0.223972,0.157891,15.177280,0.213060,44.605873
1403638177195097088.000000,0.000000,0.000000,17.961135,10.037226,0.289541,0.101537,13.581862,0.116930,0.000000
1403638177245096960.000000,0.000000,0.000000,14.659063,7.279451,0.238788,0.113570,13.591077,0.105538,0.075682
1403638177295097088.000000,0.000000,0.000000,15.576519,9.142810,0.199715,0.130275,12.437169,3.905090,53.792076
1403638177395097088.000000,0.000000,0.000000,17.262819,12.838200,0.211044,0.162722,14.287217,0.109058,54.028689
1403638177495097088.000000,0.000000,0.000000,16.387637,10.888024,0.236260,0.113954,14.177999,0.123554,47.790983
1403638177545096960.000000,0.000000,0.000000,15.865228,7.858724,0.226532,0.082978,13.583973,5.087573,43.565407
1403638177595097088.000000,0.000000,0.000000,16.325459,9.619426,0.248932,0.181219,16.785467,0.143106,0.000000
1403638177645096960.000000,0.000000,0.000000,14.736985,8.385325,0.191812,0.133986,15.099103,0.112449,0.082018
1403638177695097088.000000,0.000000,0.000000,15.208320,9.278237,0.170755,0.095937,14.507253,0.126338,59.920436
1403638177795097088.000000,0.000000,0.000000,17.754284,11.106235,0.173155,0.069441,12.457395,3.018483,51.187840
1403638177895097088.000000,0.000000,0.000000,17.779436,7.221946,0.087585,0.149731,14.922459,0.108098,42.664945
1403638177945096960.000000,0.000000,0.000000,20.859935,5.584350,0.158563,0.128962,15.038269,0.127202,0.000000
1403638177995097088.000000,0.000000,0.000000,16.262354,5.443100,0.254468,0.106882,13.092701,3.246199,0.070817
1403638178045096960.000000,0.000000,0.000000,16.428181,7.273883,0.232036,0.158787,15.020189,0.120066,59.897267
1403638178145096960.000000,0.000000,0.000000,14.731353,5.780001,0.105794,0.122882,14.177967,0.117122,47.307198
1403638178195097088.000000,0.000000,0.000000,14.527061,8.451439,0.075682,0.103234,14.370130,0.109729,44.813397
1403638178245096960.000000,0.000000,0.000000,15.116639,8.346828,0.160675,0.131619,13.091036,2.363176,0.000000
1403638178295097088.000000,0.000000,0.000000,14.759001,8.991415,0.092130,0.116706,14.760249,0.096290,0.070785
1403638178345096960.000000,0.000000,0.000000,14.597462,6.183849,0.064161,0.110561,14.379731,0.100322,59.033796
1403638178445096960.000000,0.000000,0.000000,15.393988,5.828098,0.061953,0.091522,12.601877,0.113602,0.000000
1403638178495097088.000000,0.000000,0.000000,17.507847,8.430350,0.078530,0.120098,15.297602,3.687742,0.050689
1403638178545096960.000000,0.000000,0.000000,16.926461,6.067559,0.176355,0.167043,15.355203,0.124994,54.824702
1403638178645096960.000000,0.000000,0.000000,15.311555,7.364988,0.165763,0.109954,14.268913,0.098786,47.487681
1403638178695097088.000000,0.000000,0.000000,16.040911,7.985767,0.190243,0.121442,13.774025,0.117634,0.000000
1403638178745096960.000000,0.000000,0.000000,14.593398,8.709715,0.115618,0.129987,12.198573,2.765742,0.073762
1403638178795097088.000000,0.000000,0.000000,15.262913,9.294173,0.112898,0.127970,13.789417,0.086306,64.240957
1403638178895097088.000000,0.000000,0.000000,17.248803,10.246733,0.181987,0.103746,14.234832,0.096770,54.902303
1403638178995097088.000000,0.000000,0.000000,14.082061,9.673891,0.106850,0.133666,13.791497,2.767439,0.000000
1403638179045096960.000000,0.000000,0.000000,16.239186,12.116685,0.213795,0.158371,17.009407,0.125891,0.072321
1403638179095097088.000000,0.000000,0.000000,13.808457,8.238955,0.204579,0.324805,14.754969,0.099554,55.837614
1403638179195097088.000000,0.000000,0.000000,14.981501,10.014729,0.261157,0.105826,14.646103,0.146883,55.843247
1403638179295097088.000000,0.000000,0.000000,17.236259,12.100972,0.192388,0.133026,12.629429,2.029923,52.115792
1403638179395097088.000000,0.000000,0.000000,13.790024,9.202875,0.198915,0.135394,13.392034,0.124546,57.782032
1403638179495097088.000000,0.000000,0.000000,13.504356,8.413198,0.219779,0.095042,13.542852,0.109250,0.000000
1403638179545096960.000000,0.000000,0.000000,14.798810,8.160074,0.167843,0.084449,13.099869,0.113153,0.053441
1403638179595097088.000000,0.000000,0.000000,13.162302,6.810739,0.178883,0.065089,11.677093,2.413737,50.950940
1403638179695097088.000000,0.000000,0.000000,13.478179,9.721252,0.176195,0.133539,12.828472,0.112770,47.092187
1403638179745096960.000000,0.000000,0.000000,13.716872,6.001381,0.194403,0.085826,11.780870,0.096673,46.592787
1403638179795097088.000000,0.000000,0.000000,11.625348,6.205449,0.186371,0.082145,12.057132,0.121570,0.000000
1403638179845096960.000000,0.000000,0.000000,12.885849,6.822227,0.213283,0.060481,11.220029,1.766366,0.076865
1403638179895097088.000000,0.000000,0.000000,13.769960,10.190924,0.218563,0.113602,13.774665,0.090530,62.383358
1403638179995097088.000000,0.000000,0.000000,12.972411,6.509998,0.206692,0.094978,12.403729,0.086370,50.826586
1403638180095097088.000000,0.000000,0.000000,15.178208,11.920649,0.195140,0.076418,10.978873,0.098626,48.342544
1403638180145096960.000000,0.000000,0.000000,13.848073,11.719878,0.152483,0.092609,13.813704,2.313607,47.296862
1403638180195097088.000000,0.000000,0.000000,14.359442,11.593828,0.178083,0.112898,15.618727,0.143330,44.384173
1403638180245096960.000000,0.000000,0.000000,14.490229,10.233293,0.212804,0.104513,13.729448,0.087426,0.000000
1403638180295097088.000000,0.000000,0.000000,13.580965,7.312347,0.206915,0.095393,13.526948,0.098050,0.073377
1403638180345096960.000000,0.000000,0.000000,15.038910,9.591202,0.203332,0.109922,11.849448,2.439401,66.030234
1403638180445096960.000000,0.000000,0.000000,14.861147,6.992406,0.215747,0.140547,15.084318,0.102818,0.000000
1403638180495097088.000000,0.000000,0.000000,12.954907,9.019832,0.173571,0.107138,13.805033,0.106945,0.053793
1403638180545096960.000000,0.000000,0.000000,15.142815,10.337231,0.165443,0.113730,14.196592,0.088834,55.632107
1403638180645096960.000000,0.000000,0.000000,14.446452,12.138541,0.181699,0.128578,11.847879,1.852159,45.230971
1403638180695097088.000000,0.000000,0.000000,15.255105,8.446351,0.208420,0.122082,14.870555,0.097794,0.000000
1403638180745096960.000000,0.000000,0.000000,13.668743,9.549921,0.233860,0.129282,14.891035,0.101858,0.073313
1403638180795097088.000000,0.000000,0.000000,14.353011,8.247499,0.204932,0.104769,12.973019,0.112194,58.900610
1403638180895097088.000000,0.000000,0.000000,15.004797,9.703268,0.177859,0.086689,14.311409,2.284422,52.818332
1403638180995097088.000000,0.000000,0.000000,14.946460,12.311440,0.200675,0.118690,15.651112,0.117730,53.706571
1403638181095097088.000000,0.000000,0.000000,14.973725,11.423745,0.189315,0.088002,13.625830,1.907456,45.373470
1403638181145096960.000000,0.000000,0.000000,14.948124,7.377948,0.183107,0.129314,14.373938,0.098658,51.709641
1403638181245096960.000000,0.000000,0.000000,14.602646,7.218969,0.188004,0.099010,12.124812,0.106434,0.000000
1403638181295097088.000000,0.000000,0.000000,14.996861,7.533599,0.163299,0.074785,11.331807,0.845902,0.049601
1403638181345096960.000000,0.000000,0.000000,12.655157,9.834918,0.158946,0.086338,13.215198,2.243398,50.839002
1403638181445096960.000000,0.000000,0.000000,15.491525,11.031610,0.199971,0.118018,13.298560,0.103842,0.000000
1403638181495097088.000000,0.000000,0.000000,14.520949,9.823557,0.186147,0.079009,11.740710,0.129922,0.073825
1403638181545096960.000000,0.000000,0.000000,13.673574,8.985432,0.122914,0.090433,13.552068,2.878161,57.908946
1403638181645096960.000000,0.000000,0.000000,14.204880,8.247179,0.114625,0.122018,15.495269,0.112322,53.175809
1403638181745096960.000000,0.000000,0.000000,14.458068,7.943750,0.206339,0.082274,12.403985,0.079554,52.025518
1403638181845096960.000000,0.000000,0.000000,13.787688,5.975589,0.157666,0.074497,12.409681,0.075073,43.148632
1403638181895097088.000000,0.000000,0.000000,14.524533,5.451100,0.177059,0.100514,10.228364,0.069985,54.783197
1403638181995097088.000000,0.000000,0.000000,14.606391,9.605442,0.194307,0.093505,12.506003,1.935616,0.000000
1403638182045096960.000000,0.000000,0.000000,14.390259,8.118537,0.227236,0.119170,14.355026,0.141218,0.052225
1403638182095097088.000000,0.000000,0.000000,14.286033,8.263083,0.203939,0.103265,13.719880,0.107042,50.311922
1403638182195097088.000000,0.000000,0.000000,14.314834,8.814869,0.209188,0.068289,14.184720,1.787230,0.000000
1403638182245096960.000000,0.000000,0.000000,14.451827,8.837653,0.164323,0.105249,17.093985,0.243012,0.075874
1403638182295097088.000000,0.000000,0.000000,15.993390,11.270334,0.173731,0.089154,15.309090,0.094497,58.155989
1403638182395097088.000000,0.000000,0.000000,15.110271,12.268783,0.180387,0.123650,15.857675,0.093057,0.000000
1403638182445096960.000000,0.000000,0.000000,13.790793,7.454877,0.177219,0.137858,16.369172,1.983777,0.050721
1403638182495097088.000000,0.000000,0.000000,14.915931,7.746978,0.206308,0.096994,16.221330,0.175715,48.656533
1403638182545096960.000000,0.000000,0.000000,14.533046,8.201610,0.188707,0.141346,15.285442,0.116802,47.221757
1403638182595097088.000000,0.000000,0.000000,14.060653,8.486160,0.184963,0.119266,14.865882,2.227941,49.634502
1403638182645096960.000000,0.000000,0.000000,14.073870,7.154457,0.189347,0.148483,17.742347,0.151235,0.000000
1403638182695097088.000000,0.000000,0.000000,13.676998,7.102295,0.203491,0.129602,15.313026,0.099041,0.060865
1403638182745096960.000000,0.000000,0.000000,15.966957,9.303901,0.199075,0.107394,14.226416,0.105601,51.291906
1403638182845096960.000000,0.000000,0.000000,16.128016,8.764276,0.157507,0.139458,14.094638,0.091266,0.000000
1403638182895097088.000000,0.000000,0.000000,14.525141,6.812275,0.154114,0.116194,15.029406,1.504089,0.073505
1403638182945096960.000000,0.000000,0.000000,14.725432,7.856581,0.153699,0.119618,17.603657,0.193219,56.152275
1403638183045096960.000000,0.000000,0.000000,13.867754,6.160871,0.168099,0.142115,16.180593,0.127394,0.000000
1403638183095097088.000000,0.000000,0.000000,15.023582,7.415293,0.176227,0.130626,14.942684,1.703741,0.056769
1403638183145096960.000000,0.000000,0.000000,13.643782,6.025830,0.169347,0.164611,15.617831,0.161155,52.151568
1403638183245096960.000000,0.000000,0.000000,13.362849,9.780741,0.170434,0.128578,14.654616,0.090178,46.192427
1403638183295097088.000000,0.000000,0.000000,13.112765,8.747987,0.193763,0.109826,13.921515,0.108353,0.000000
1403638183345096960.000000,0.000000,0.000000,14.433684,9.734788,0.146499,0.153155,15.845099,1.825310,0.071809
1403638183395097088.000000,0.000000,0.000000,14.609686,10.073962,0.182435,0.103170,17.875821,0.193892,55.827406
1403638183495097088.000000,0.000000,0.000000,17.797516,10.802231,0.172579,0.140610,15.826859,0.131874,47.534242
1403638183545096960.000000,0.000000,0.000000,13.136382,6.971414,0.210916,0.161379,14.714840,1.669884,50.243216
1403638183645096960.000000,0.000000,0.000000,14.109870,9.959752,0.145090,0.113410,15.686345,0.172771,42.577710
1403638183695097088.000000,0.000000,0.000000,11.350271,6.280650,0.136195,0.112866,13.516484,0.115617,44.114761
1403638183745096960.000000,0.000000,0.000000,13.385314,7.433597,0.143971,0.092577,13.211295,0.097890,49.608197
1403638183795097088.000000,0.000000,0.000000,12.522419,5.432700,0.144194,0.091041,9.775557,1.815198,46.490833
1403638183845096960.000000,0.000000,0.000000,13.794473,5.580926,0.155107,0.045793,8.584176,0.049121,43.707746
1403638183895097088.000000,0.000000,0.000000,13.892106,9.672707,0.156995,0.030720,5.522558,0.031776,41.438715
1403638183945096960.000000,0.000000,0.000000,12.032779,7.067383,0.160514,0.095170,13.013403,1.733437,0.000000
1403638183995097088.000000,0.000000,0.000000,13.379778,7.408861,0.105954,0.093697,13.806217,0.084161,0.074433
1403638184045096960.000000,0.000000,0.000000,13.172574,7.997319,0.167075,0.081762,12.891705,0.079169,62.701155
1403638184145096960.000000,0.000000,0.000000,11.742310,8.971991,0.125954,0.062241,13.320225,2.136036,49.852650
1403638184195097088.000000,0.000000,0.000000,13.112286,8.441774,0.170307,0.093922,14.708568,0.086978,0.000000
1403638184245096960.000000,0.000000,0.000000,13.442370,9.154586,0.150370,0.077186,13.939019,0.083361,0.066945
1403638184295097088.000000,0.000000,0.000000,12.782424,5.453692,0.148163,0.065185,11.925321,0.060801,48.656118
1403638184345096960.000000,0.000000,0.000000,13.602693,8.169354,0.162531,0.091138,15.241761,1.473273,41.484892
1403638184395097088.000000,0.000000,0.000000,11.915049,6.691057,0.170627,0.119490,14.467988,0.100098,55.520393
1403638184495097088.000000,0.000000,0.000000,12.093100,6.227561,0.149987,0.056545,12.179374,0.081154,45.698596
1403638184545096960.000000,0.000000,0.000000,15.288290,9.512673,0.155011,0.092033,12.567636,1.869535,46.808023
1403638184595097088.000000,0.000000,0.000000,13.493892,5.532926,0.160514,0.080833,16.181361,0.087234,41.905091
1403638184645096960.000000,0.000000,0.000000,14.008365,5.674240,0.115522,0.067265,13.531141,0.081889,38.738189
1403638184695097088.000000,0.000000,0.000000,13.029596,9.198587,0.113633,0.057185,13.497508,0.087810,44.116265
1403638184745096960.000000,0.000000,0.000000,11.597892,7.005110,0.152962,0.096001,13.957036,0.060769,45.696515
1403638184795097088.000000,0.000000,0.000000,11.953673,5.427580,0.173123,0.098786,14.507764,0.057441,0.000000
1403638184845096960.000000,0.000000,0.000000,11.506210,4.994420,0.166979,0.096322,13.793641,1.779934,0.073953
1403638184895097088.000000,0.000000,0.000000,12.152141,7.653857,0.150658,0.132898,13.849034,0.137346,43.417405
1403638184945096960.000000,0.000000,0.000000,12.082860,5.892707,0.139362,0.079457,12.896442,0.093122,43.977446
1403638184995097088.000000,0.000000,0.000000,12.858393,6.713714,0.152450,0.077698,12.192589,0.081409,48.067659
1403638185045096960.000000,0.000000,0.000000,12.833433,6.245769,0.150179,0.092930,10.559762,1.534234,41.626270
1403638185095097088.000000,0.000000,0.000000,12.020651,6.870228,0.137186,0.053537,12.693302,0.072642,42.841683
1403638185145096960.000000,0.000000,0.000000,13.307424,7.459486,0.181507,0.072962,12.680821,0.083937,0.000000
1403638185195097088.000000,0.000000,0.000000,13.437218,7.488350,0.177859,0.078913,9.446303,2.006850,0.073409
1403638185245096960.000000,0.000000,0.000000,15.104862,8.670034,0.149699,0.058241,8.015879,0.049249,51.772746
1403638185345096960.000000,0.000000,0.000000,13.023132,8.435118,0.168131,0.059329,6.352748,0.041089,47.997770
1403638185395097088.000000,0.000000,0.000000,11.227486,4.783761,0.152003,0.071809,7.253594,0.071489,42.267978
1403638185445096960.000000,0.000000,0.000000,11.442177,5.173784,0.144099,0.080449,11.274878,2.044962,0.000000
1403638185495097088.000000,0.000000,0.000000,11.091931,7.149625,0.159074,0.068962,6.886932,0.054337,0.075873
1403638185545096960.000000,0.000000,0.000000,11.927113,8.680563,0.111746,0.051745,6.482830,0.960240,47.972106
1403638185595097088.000000,0.000000,0.000000,11.720453,5.913091,0.155299,0.066977,7.353820,0.058881,0.000000
1403638185645096960.000000,0.000000,0.000000,12.206094,8.164362,0.147234,0.053985,6.259882,0.038048,0.050497
1403638185695097088.000000,0.000000,0.000000,11.288190,5.331994,0.112866,0.053505,7.335643,1.090579,38.035618
1403638185745096960.000000,0.000000,0.000000,19.155203,8.898902,0.138018,0.074817,12.474643,0.069121,34.250818
1403638185795097088.000000,0.000000,0.000000,16.373108,7.730402,0.160995,0.064993,11.413185,1.895616,38.852144
1403638185845096960.000000,0.000000,0.000000,10.835894,4.791121,0.153538,0.079393,14.401811,0.078338,0.000000
1403638185895097088.000000,0.000000,0.000000,13.115869,8.446287,0.141090,0.062082,13.776520,0.068961,0.028641
1403638185945096960.000000,0.000000,0.000000,11.751110,6.143816,0.111330,0.081889,11.327199,2.028738,38.252518
1403638185995097088.000000,0.000000,0.000000,11.728389,5.479388,0.177603,0.070913,13.866602,0.078497,38.138404
1403638186045096960.000000,0.000000,0.000000,11.477313,8.466895,0.119458,0.056417,12.959034,0.112162,40.884626
1403638186095097088.000000,0.000000,0.000000,11.446209,4.859570,0.108802,0.062529,11.994219,1.717501,38.014881
1403638186145096960.000000,0.000000,0.000000,13.550628,8.415342,0.106690,0.058753,13.146430,0.065153,37.215284
1403638186195097088.000000,0.000000,0.000000,12.219246,5.199512,0.159010,0.062113,13.015835,0.067841,36.587082
1403638186245096960.000000,0.000000,0.000000,11.703782,5.392411,0.172802,0.064737,11.597476,1.707421,40.919155
1403638186295097088.000000,0.000000,0.000000,11.248894,4.970548,0.157858,0.062689,6.479213,0.034369,36.503592
1403638186345096960.000000,0.000000,0.000000,11.345568,8.038408,0.157474,0.070722,10.780661,1.978689,36.431783
1403638186395097088.000000,0.000000,0.000000,13.001467,5.073909,0.157890,0.048865,9.332125,0.038528,38.133572
1403638186445096960.000000,0.000000,0.000000,12.406386,5.066229,0.155683,0.072866,13.556292,2.083075,39.335576
1403638186495097088.000000,0.000000,0.000000,11.588964,5.496732,0.144418,0.086946,13.687399,0.078273,39.064916
1403638186545096960.000000,0.000000,0.000000,10.672372,8.356140,0.102370,0.069505,12.078443,0.078817,38.744974
1403638186595097088.000000,0.000000,0.000000,12.908826,7.298555,0.170339,0.073186,13.475651,2.280839,39.101908
1403638186645096960.000000,0.000000,0.000000,11.333023,6.100615,0.160290,0.072193,13.586853,0.068129,0.000000
1403638186695097088.000000,0.000000,0.000000,12.014026,4.632399,0.177763,0.071137,11.715813,2.398984,0.074145
1403638186745096960.000000,0.000000,0.000000,12.696662,8.209418,0.184227,0.089217,14.183215,0.091745,54.914943
1403638186845096960.000000,0.000000,0.000000,11.767174,8.243883,0.140610,0.075617,11.594596,2.374952,51.847019
1403638186945096960.000000,0.000000,0.000000,12.262702,8.379246,0.096321,0.082721,15.542118,0.095265,44.233739
1403638186995097088.000000,0.000000,0.000000,12.328623,8.172618,0.155459,0.068417,11.621956,2.606956,38.397800
1403638187045096960.000000,0.000000,0.000000,10.749461,3.951938,0.157539,0.078689,14.908092,0.086178,35.046959
1403638187095097088.000000,0.000000,0.000000,10.158348,3.529243,0.095042,0.094625,13.071325,2.489962,0.000000
1403638187145096960.000000,0.000000,0.000000,11.776295,7.326331,0.161187,0.100577,15.435301,0.086626,0.069665
1403638187195097088.000000,0.000000,0.000000,13.203999,7.000535,0.148930,0.082529,13.757384,0.095361,62.312539
1403638187295097088.000000,0.000000,0.000000,11.926729,4.051588,0.097697,0.055521,11.999178,2.241606,51.362467
1403638187395097088.000000,0.000000,0.000000,11.691173,9.580225,0.127426,0.081314,14.511765,0.089058,39.926561
1403638187445096960.000000,0.000000,0.000000,13.419970,10.485841,0.142562,0.073249,11.714470,0.101058,38.097923
1403638187495097088.000000,0.000000,0.000000,11.366528,5.923012,0.149923,0.076833,13.178238,2.843024,42.088102
1403638187545096960.000000,0.000000,0.000000,11.622852,6.769874,0.142243,0.100513,15.554823,0.137890,37.675260
1403638187595097088.000000,0.000000,0.000000,12.593813,9.220795,0.116386,0.068993,12.682006,0.093473,47.039322
1403638187645096960.000000,0.000000,0.000000,12.634069,9.095994,0.173699,0.083745,13.590885,2.585131,0.000000
1403638187695097088.000000,0.000000,0.000000,11.716101,7.374525,0.111138,0.107938,16.400916,0.095297,0.071937
1403638187745096960.000000,0.000000,0.000000,11.578595,4.646574,0.103841,0.062721,14.487028,0.099201,52.685145
1403638187845096960.000000,0.000000,0.000000,14.007405,10.176459,0.182403,0.072481,12.427313,1.722173,0.000000
1403638187895097088.000000,0.000000,0.000000,12.280975,5.012629,0.163139,0.120514,14.314193,0.086625,0.061569
1403638187945096960.000000,0.000000,0.000000,11.158204,4.838962,0.056417,0.109026,12.684918,2.516363,56.577242
1403638188045096960.000000,0.000000,0.000000,12.463218,10.400752,0.093058,0.043041,11.284382,0.068449,0.000000
1403638188095097088.000000,0.000000,0.000000,14.602230,10.158123,0.186340,0.068417,7.971174,0.071937,0.079874
1403638188145096960.000000,0.000000,0.000000,11.243774,5.524381,0.174435,0.079681,11.820744,2.133668,59.429451
1403638188245096960.000000,0.000000,0.000000,14.375026,8.903734,0.152227,0.086145,16.681498,0.095970,52.264210
1403638188345096960.000000,0.000000,0.000000,13.702663,11.434081,0.131298,0.081537,14.540917,0.091681,45.233052
1403638188395097088.000000,0.000000,0.000000,13.408162,10.095498,0.152035,0.085890,13.158077,0.065921,0.000000
1403638188445096960.000000,0.000000,0.000000,13.685863,11.228317,0.166083,0.087969,14.862107,2.243334,0.071233
1403638188495097088.000000,0.000000,0.000000,12.848345,10.687412,0.142627,0.131330,15.683017,0.133858,53.686986
1403638188595097088.000000,0.000000,0.000000,13.770056,11.209821,0.156514,0.094146,14.143374,0.097601,0.000000
1403638188645096960.000000,0.000000,0.000000,14.163407,12.127149,0.149538,0.102754,14.566069,2.473193,0.049153
1403638188695097088.000000,0.000000,0.000000,11.728389,6.932116,0.142371,0.140707,18.074352,0.153923,50.495509
1403638188795097088.000000,0.000000,0.000000,12.931195,9.911879,0.157410,0.100770,15.474245,0.107425,45.743492
1403638188845096960.000000,0.000000,0.000000,12.604596,7.862021,0.142850,0.076417,12.324304,1.951393,49.755816
1403638188895097088.000000,0.000000,0.000000,12.869337,6.829555,0.162531,0.092993,14.759641,0.091361,0.000000
1403638188945096960.000000,0.000000,0.000000,12.670678,6.755570,0.153699,0.097633,13.648486,0.120290,0.060801
1403638188995097088.000000,0.000000,0.000000,11.771271,6.954677,0.156163,0.103522,16.179920,2.470698,50.404658
1403638189095097088.000000,0.000000,0.000000,14.118830,11.168925,0.155778,0.096738,19.347110,0.135682,0.000000
1403638189145096960.000000,0.000000,0.000000,13.518628,10.171979,0.113122,0.095713,17.441926,0.159171,0.074914
1403638189195097088.000000,0.000000,0.000000,11.529602,6.164424,0.157059,0.103201,18.332918,2.200709,55.342246
1403638189295097088.000000,0.000000,0.000000,11.403521,7.568479,0.133987,0.117154,17.850925,0.373990,0.000000
1403638189345096960.000000,0.000000,0.000000,11.986922,4.859986,0.127778,0.086562,15.136031,0.110562,0.063425
1403638189395097088.000000,0.000000,0.000000,12.454002,5.597375,0.105314,0.100610,15.360387,2.682669,46.945336
1403638189445096960.000000,0.000000,0.000000,10.580434,4.196359,0.088930,0.056641,14.440499,0.086561,0.000000
1403638189495097088.000000,0.000000,0.000000,10.693780,3.962627,0.170179,0.095554,15.592358,0.097154,0.074209
1403638189545096960.000000,0.000000,0.000000,10.990521,3.545788,0.173891,0.083361,11.893193,2.008802,53.581288
1403638189645096960.000000,0.000000,0.000000,11.806119,2.407849,0.158850,0.103042,14.701560,0.091010,48.270702
1403638189695097088.000000,0.000000,0.000000,12.583572,5.849475,0.108834,0.065825,17.640234,2.877201,41.469980
1403638189745096960.000000,0.000000,0.000000,11.702309,6.079526,0.175107,0.137570,17.715339,0.168323,0.000000
1403638189795097088.000000,0.000000,0.000000,9.946535,3.605308,0.158978,0.101474,18.737756,3.400345,0.075137
1403638189845096960.000000,0.000000,0.000000,11.765446,3.367448,0.167235,0.178275,18.523832,0.146690,47.689733
1403638189895097088.000000,0.000000,0.000000,10.828918,4.157863,0.186531,0.112802,15.058686,0.113442,0.000000
1403638189945096960.000000,0.000000,0.000000,11.000698,5.608190,0.162371,0.088258,14.697176,2.652077,0.045345
1403638189995097088.000000,0.000000,0.000000,10.102122,3.429722,0.110113,0.149762,15.731818,0.130242,47.322526
1403638190045096960.000000,0.000000,0.000000,12.016875,6.496621,0.196484,0.139522,15.464325,3.480155,0.000000
1403638190095097088.000000,0.000000,0.000000,11.308511,5.329978,0.116482,0.183780,16.941693,0.126786,0.082018
1403638190145096960.000000,0.000000,0.000000,10.961657,2.944146,0.115330,0.114946,15.912108,0.120194,50.819897
1403638190245096960.000000,0.000000,0.000000,10.316846,5.951972,0.110562,0.131170,16.113328,2.929970,47.553923
1403638190295097088.000000,0.000000,0.000000,11.155612,3.284919,0.182787,0.177539,18.871678,0.195107,41.021140
1403638190345096960.000000,0.000000,0.000000,11.131931,3.579005,0.184579,0.127458,17.357828,0.139139,38.371719
1403638190395097088.000000,0.000000,0.000000,10.403119,3.794400,0.173058,0.088162,14.783609,2.071523,0.000000
1403638190445096960.000000,0.000000,0.000000,11.128507,7.078231,0.169347,0.105185,16.154961,0.119938,0.075969
1403638190495097088.000000,0.000000,0.000000,10.964729,7.390556,0.153827,0.128418,15.589607,0.130306,46.410671
1403638190545096960.000000,0.000000,0.000000,11.004730,6.736081,0.151650,0.069857,14.166863,2.483657,0.000000
1403638190595097088.000000,0.000000,0.000000,11.539875,5.025653,0.169603,0.155779,19.355814,0.147938,0.064641
1403638190645096960.000000,0.000000,0.000000,12.518003,5.516861,0.115138,0.119810,16.263602,2.846512,48.727350
1403638190695097088.000000,0.000000,0.000000,14.861243,5.870275,0.150530,0.172163,18.729820,0.136002,45.272764
1403638190745096960.000000,0.000000,0.000000,9.960360,3.439354,0.105122,0.128450,17.739947,0.159042,45.637058
1403638190795097088.000000,0.000000,0.000000,10.028777,3.102453,0.106978,0.077281,15.018877,0.102722,0.000000
1403638190845096960.000000,0.000000,0.000000,10.376239,3.633245,0.086657,0.143266,16.840764,3.456922,0.079457
1403638190895097088.000000,0.000000,0.000000,10.051210,3.625789,0.115938,0.146083,18.134322,0.221604,48.118988
1403638190945096960.000000,0.000000,0.000000,13.355297,2.965362,0.160643,0.129122,15.478149,0.132130,0.000000
1403638190995097088.000000,0.000000,0.000000,11.244158,2.186949,0.089441,0.137890,15.594503,0.142275,0.075617
1403638191045096960.000000,0.000000,0.000000,9.789253,3.119348,0.082305,0.138883,15.797482,3.062739,46.404015
1403638191095097088.000000,0.000000,0.000000,11.169917,4.788176,0.105634,0.175171,17.619401,0.231972,51.518821
1403638191195097088.000000,0.000000,0.000000,11.933481,2.299846,0.083329,0.134243,16.266098,0.141986,38.858639
1403638191245096960.000000,0.000000,0.000000,13.028603,1.996321,0.117666,0.109698,15.743017,1.851391,45.210459
1403638191295097088.000000,0.000000,0.000000,10.333294,2.301319,0.100130,0.154947,16.932285,0.128098,0.000000
1403638191345096960.000000,0.000000,0.000000,9.996200,1.952864,0.175331,0.133794,17.492263,0.149923,0.073953
1403638191395097088.000000,0.000000,0.000000,11.343488,2.994482,0.173027,0.144226,15.770282,2.175268,58.119092
1403638191495097088.000000,0.000000,0.000000,11.747782,2.635309,0.160706,0.177955,16.298035,0.149250,45.341949
1403638191545096960.000000,0.000000,0.000000,10.834647,5.649471,0.168355,0.124098,15.893804,0.130338,44.044551
1403638191595097088.000000,0.000000,0.000000,10.795574,4.308009,0.174755,0.150563,14.341426,1.733309,49.393345
1403638191645096960.000000,0.000000,0.000000,10.131211,5.595678,0.110210,0.172931,16.031375,0.176195,45.690531
1403638191695097088.000000,0.000000,0.000000,12.855609,5.391163,0.107522,0.136355,15.875723,0.133122,42.554382
1403638191745096960.000000,0.000000,0.000000,11.561795,5.907044,0.113890,0.109665,14.007884,2.050627,42.453516
1403638191795097088.000000,0.000000,0.000000,9.867463,2.789519,0.105506,0.169091,16.258610,0.128514,49.281759
1403638191845096960.000000,0.000000,0.000000,11.835080,2.624748,0.118274,0.127682,15.826379,0.130338,0.000000
1403638191895097088.000000,0.000000,0.000000,12.123757,2.686157,0.095842,0.112290,14.002092,1.680572,0.058401
1403638191945096960.000000,0.000000,0.000000,9.196795,2.674829,0.190659,0.134594,15.613223,0.114850,46.591922
1403638191995097088.000000,0.000000,0.000000,10.875192,2.812815,0.133378,0.118050,15.361731,0.138338,51.136479
1403638192095097088.000000,0.000000,0.000000,10.766422,2.033826,0.165218,0.131586,15.361315,2.548747,56.617755
1403638192195097088.000000,0.000000,0.000000,10.606355,4.180358,0.179555,0.102370,19.369414,0.237636,57.992851
1403638192295097088.000000,0.000000,0.000000,10.905560,3.253495,0.176227,0.129506,16.855197,0.117986,48.046282
1403638192345096960.000000,0.000000,0.000000,10.391567,5.285081,0.171331,0.113314,16.169681,0.107714,47.150076
1403638192395097088.000000,0.000000,0.000000,11.093787,6.012069,0.170371,0.178723,18.490456,2.600588,42.873588
1403638192445096960.000000,0.000000,0.000000,11.970314,6.075527,0.184483,0.130114,19.362726,0.241956,0.000000
1403638192495097088.000000,0.000000,0.000000,10.574418,5.728769,0.452232,0.143650,17.646153,0.145315,0.075393
1403638192545096960.000000,0.000000,0.000000,12.438289,5.367002,0.196420,0.136578,16.593688,0.139011,56.464409
1403638192645096960.000000,0.000000,0.000000,12.599924,6.376235,0.182723,0.134786,15.171744,1.809022,0.000000
1403638192695097088.000000,0.000000,0.000000,12.978202,3.245623,0.105602,0.172322,17.666666,0.200387,0.082529
1403638192745096960.000000,0.000000,0.000000,10.664532,4.496428,0.170051,0.145571,16.889308,0.152195,62.371292
1403638192845096960.000000,0.000000,0.000000,11.691621,7.213722,0.191075,0.139298,18.163635,2.185701,0.000000
1403638192895097088.000000,0.000000,0.000000,9.795974,3.474938,0.199556,0.137411,19.433127,0.230851,0.056097
1403638192945096960.000000,0.000000,0.000000,12.286351,3.743071,0.186275,0.115266,16.639385,0.152963,54.882686
1403638193045096960.000000,0.000000,0.000000,12.452594,8.271787,0.190787,0.130338,16.999391,0.165251,44.394957
1403638193095097088.000000,0.000000,0.000000,12.038763,6.778099,0.136866,0.122562,16.043119,2.245734,47.289150
1403638193145096960.000000,0.000000,0.000000,10.027785,5.197240,0.170051,0.163843,17.244706,0.204355,44.585265
1403638193195097088.000000,0.000000,0.000000,11.410112,6.783539,0.217892,0.146850,19.766605,2.522411,0.000000
1403638193245096960.000000,0.000000,0.000000,10.719509,3.828576,0.220164,0.158595,18.616570,0.198435,0.075009
1403638193295097088.000000,0.000000,0.000000,17.587113,6.032294,0.179395,0.113858,17.276995,0.153410,69.401747
1403638193395097088.000000,0.000000,0.000000,11.830536,8.264235,0.200516,0.127426,15.500134,2.205317,0.000000
1403638193445096960.000000,0.000000,0.000000,10.859863,3.613245,0.223012,0.143810,16.248210,0.141154,0.055937
1403638193495097088.000000,0.000000,0.000000,9.713956,4.071748,0.120034,0.134851,17.668810,3.223702,54.671355
1403638193595097088.000000,0.000000,0.000000,11.323103,6.293067,0.132354,0.169027,18.118705,0.196323,46.133003
1403638193645096960.000000,0.000000,0.000000,11.719813,6.021894,0.192547,0.110690,16.339796,0.158851,48.186510
1403638193695097088.000000,0.000000,0.000000,11.523043,3.932802,0.206563,0.089090,14.551989,3.303128,0.000000
1403638193745096960.000000,0.000000,0.000000,10.211372,4.193447,0.156899,0.145603,16.978206,0.151650,0.074625
1403638193795097088.000000,0.000000,0.000000,11.954153,6.702225,0.116834,0.108801,16.839740,0.151715,53.579592
1403638193895097088.000000,0.000000,0.000000,11.754886,4.452939,0.194627,0.075201,9.508992,2.913585,0.000000
1403638193945096960.000000,0.000000,0.000000,12.054571,5.049461,0.101506,0.048001,10.635219,0.097154,0.078497
1403638193995097088.000000,0.000000,0.000000,11.267166,3.049363,0.125186,0.086945,11.260030,0.134018,65.485585
1403638194095097088.000000,0.000000,0.000000,11.949097,6.481710,0.177155,0.073153,9.029016,3.226614,48.964954
1403638194145096960.000000,0.000000,0.000000,12.040299,3.225718,0.193700,0.082690,11.564515,0.122082,45.721284
1403638194195097088.000000,0.000000,0.000000,11.324831,4.179591,0.196387,0.098722,12.193230,0.147395,43.025366
1403638194245096960.000000,0.000000,0.000000,11.832904,5.549597,0.172035,0.077346,10.486384,4.778928,43.367228
1403638194295097088.000000,0.000000,0.000000,12.244110,7.699586,0.183587,0.056865,12.439761,0.115906,0.000000
1403638194345096960.000000,0.000000,0.000000,10.960473,6.136264,0.220356,0.098018,12.073067,0.196196,0.074337
1403638194395097088.000000,0.000000,0.000000,12.112301,8.151721,0.191171,0.061569,10.566578,3.678911,55.113634
1403638194495097088.000000,0.000000,0.000000,13.469411,7.998951,0.139458,0.059873,12.459282,0.143074,0.000000
1403638194545096960.000000,0.000000,0.000000,12.932026,4.685167,0.131203,0.110338,12.451922,0.190308,0.055777
1403638194595097088.000000,0.000000,0.000000,11.881736,4.816145,0.165763,0.043969,10.651508,4.283496,47.789863
1403638194645096960.000000,0.000000,0.000000,11.205405,4.548877,0.220644,0.075489,12.349617,0.126659,0.000000
1403638194695097088.000000,0.000000,0.000000,11.944010,4.218695,0.138754,0.122531,12.704406,0.162307,0.074145
1403638194745096960.000000,0.000000,0.000000,11.568131,5.035637,0.139523,0.073153,10.163756,2.849872,51.751434
1403638194845096960.000000,0.000000,0.000000,13.029052,9.045592,0.247108,0.057345,12.057387,0.118690,43.926629
1403638194895097088.000000,0.000000,0.000000,12.843449,4.472907,0.208611,0.078914,10.123626,2.812943,50.399410
1403638194995097088.000000,0.000000,0.000000,11.042074,4.611118,0.197219,0.050913,12.294991,0.133346,51.264897
1403638195095097088.000000,0.000000,0.000000,11.880617,8.491407,0.221795,0.093537,13.131358,0.160354,0.000000
1403638195145096960.000000,0.000000,0.000000,12.561812,4.901394,0.232644,0.051137,9.915463,2.747087,0.044449
1403638195195097088.000000,0.000000,0.000000,12.077196,7.702338,0.205123,0.042497,11.089755,0.113857,50.340209
1403638195295097088.000000,0.000000,0.000000,13.274112,8.086152,0.209540,0.083201,11.965770,0.183939,49.659014
1403638195345096960.000000,0.000000,0.000000,12.769815,9.080569,0.182915,0.065506,10.148907,3.210774,44.598865
1403638195395097088.000000,0.000000,0.000000,11.718693,6.758322,0.245060,0.092930,12.996379,0.120898,0.000000
1403638195445096960.000000,0.000000,0.000000,10.893720,4.363306,0.215428,0.098370,13.230591,0.189571,0.074465
1403638195495097088.000000,0.000000,0.000000,13.293952,7.028343,0.242788,0.116450,16.913533,4.688207,60.931844
1403638195595097088.000000,0.000000,0.000000,14.871930,10.121611,0.218180,0.055393,17.440710,0.116898,48.579956
1403638195645096960.000000,0.000000,0.000000,12.372785,6.768050,0.208291,0.079009,12.547028,0.151330,51.595942
1403638195745096960.000000,0.000000,0.000000,12.560660,6.356268,0.210755,0.063233,11.500225,4.868370,40.124869
1403638195795097088.000000,0.000000,0.000000,13.496003,9.406303,0.187875,0.133987,18.663098,0.234979,46.206988
1403638195845096960.000000,0.000000,0.000000,14.837338,6.107110,0.211620,0.098818,17.086560,0.177891,0.000000
1403638195895097088.000000,0.000000,0.000000,12.846905,7.230394,0.239716,0.087618,16.666968,0.167363,0.066433
1403638195945096960.000000,0.000000,0.000000,13.763912,8.384046,0.188163,0.091681,15.321442,4.383626,64.454175
1403638196045096960.000000,0.000000,0.000000,12.655958,7.132792,0.211364,0.151554,18.380726,0.208004,0.000000
1403638196095097088.000000,0.000000,0.000000,12.351600,8.330092,0.224100,0.101122,15.691912,0.171363,0.055073
1403638196145096960.000000,0.000000,0.000000,12.519507,7.498142,0.213252,0.074817,15.822603,0.164323,52.536502
1403638196245096960.000000,0.000000,0.000000,15.143936,8.546288,0.191939,0.043425,13.799592,3.187126,46.855766
1403638196295097088.000000,0.000000,0.000000,13.719591,9.333693,0.182339,0.131074,17.527335,0.222595,48.328495
1403638196345096960.000000,0.000000,0.000000,13.361505,7.448638,0.192035,0.091361,16.557719,0.165891,47.267837
1403638196395097088.000000,0.000000,0.000000,12.221774,7.011158,0.191715,0.078561,15.904588,0.162051,46.894007
1403638196445096960.000000,0.000000,0.000000,13.533476,7.878245,0.216356,0.048033,14.162959,3.538011,0.000000
1403638196495097088.000000,0.000000,0.000000,11.925225,7.088984,0.211716,0.140387,17.808460,0.309573,0.067681
1403638196545096960.000000,0.000000,0.000000,14.012684,8.513103,0.211907,0.101473,16.894365,0.181859,60.860195
1403638196645096960.000000,0.000000,0.000000,12.453938,5.805730,0.203492,0.083522,16.820859,0.161923,0.000000
1403638196695097088.000000,0.000000,0.000000,12.947163,8.539888,0.187939,0.045569,15.093662,3.418073,0.064609
1403638196745096960.000000,0.000000,0.000000,14.019981,7.427037,0.229188,0.128227,19.367398,0.187683,45.018520
1403638196795097088.000000,0.000000,0.000000,13.869354,8.604305,0.175107,0.091778,18.057008,0.139042,43.158072
1403638196845096960.000000,0.000000,0.000000,14.006156,7.574976,0.180419,0.072737,14.683256,3.110676,42.520557
1403638196895097088.000000,0.000000,0.000000,14.544021,8.095752,0.164482,0.132194,17.879277,0.207491,42.164199
1403638196945096960.000000,0.000000,0.000000,13.201631,6.982678,0.214083,0.097889,17.399942,0.174594,0.000000
1403638196995097088.000000,0.000000,0.000000,13.610885,7.066967,0.184003,0.087521,16.606648,0.238564,0.069377
1403638197045096960.000000,0.000000,0.000000,12.262382,6.674897,0.200547,0.081122,15.687880,2.662701,41.337050
1403638197095097088.000000,0.000000,0.000000,13.823433,9.562850,0.214371,0.120482,20.496698,0.207139,45.530496
1403638197145096960.000000,0.000000,0.000000,14.873882,7.834596,0.187075,0.083265,16.312691,0.122530,49.734695
1403638197195097088.000000,0.000000,0.000000,13.555492,7.161336,0.171459,0.091553,16.274899,3.358264,45.286652
1403638197245096960.000000,0.000000,0.000000,12.467762,7.838500,0.177283,0.151971,18.355701,0.254532,38.031137
1403638197295097088.000000,0.000000,0.000000,12.491891,6.319755,0.188611,0.106658,16.928477,0.154339,0.000000
1403638197345096960.000000,0.000000,0.000000,12.776951,7.895206,0.177219,0.090145,15.797803,0.164195,0.071650
1403638197395097088.000000,0.000000,0.000000,14.994493,6.312427,0.178339,0.076481,13.775337,3.179478,46.481072
1403638197445096960.000000,0.000000,0.000000,14.461012,6.248362,0.172099,0.134627,17.070591,0.207363,44.532047
1403638197495097088.000000,0.000000,0.000000,14.097485,7.535135,0.201475,0.111778,16.438837,0.164258,39.190261
1403638197545096960.000000,0.000000,0.000000,12.552307,7.261339,0.220867,0.096865,15.083455,0.154499,0.000000
1403638197595097088.000000,0.000000,0.000000,13.473635,6.946133,0.198307,0.074561,16.821820,4.100870,0.082369
1403638197645096960.000000,0.000000,0.000000,14.519797,8.438638,0.200100,0.096418,20.792894,0.229892,45.685091
1403638197695097088.000000,0.000000,0.000000,13.847689,9.091482,0.187427,0.078049,17.896270,0.124898,43.291674
1403638197745096960.000000,0.000000,0.000000,12.090828,6.796530,0.173315,0.094754,17.000830,0.146850,41.747041
1403638197795097088.000000,0.000000,0.000000,13.516708,6.566862,0.176675,0.083777,15.769386,3.506939,44.340748
1403638197845096960.000000,0.000000,0.000000,13.138749,6.338667,0.220932,0.150563,18.466615,0.182051,0.000000
1403638197895097088.000000,0.000000,0.000000,13.409602,6.843443,0.162723,0.106242,17.238434,0.158467,0.067297
1403638197945096960.000000,0.000000,0.000000,12.881657,7.054039,0.210755,0.097441,16.918077,0.165251,53.076863
1403638198045096960.000000,0.000000,0.000000,14.234096,8.942679,0.165923,0.080993,15.777130,4.220903,0.000000
1403638198095097088.000000,0.000000,0.000000,12.612053,6.102343,0.217060,0.159331,17.945422,0.193444,0.057761
1403638198145096960.000000,0.000000,0.000000,13.157118,7.334556,0.183524,0.110721,17.725611,0.171395,47.854376
1403638198195097088.000000,0.000000,0.000000,11.407680,6.329194,0.228131,0.103041,16.596568,0.135842,50.697143
1403638198295097088.000000,0.000000,0.000000,16.041358,10.766742,0.198884,0.069889,13.803945,3.692927,45.198171
1403638198345096960.000000,0.000000,0.000000,13.630437,7.018102,0.202467,0.158563,18.343221,0.183715,0.000000
1403638198395097088.000000,0.000000,0.000000,13.064604,7.301531,0.189923,0.105186,16.674009,0.165059,0.045633
1403638198445096960.000000,0.000000,0.000000,12.879769,6.636496,0.171747,0.102210,16.176049,0.155619,48.272494
1403638198495097088.000000,0.000000,0.000000,13.078141,7.285787,0.208803,0.053409,15.023069,4.956979,0.000000
1403638198545096960.000000,0.000000,0.000000,14.950780,8.698643,0.194211,0.185635,19.034177,0.196068,0.076161
1403638198595097088.000000,0.000000,0.000000,12.663670,8.725235,0.196835,0.121474,18.165170,0.167171,56.726270
1403638198695097088.000000,0.000000,0.000000,15.537094,9.991016,0.189155,0.117890,17.673417,0.175939,0.000000
1403638198745096960.000000,0.000000,0.000000,13.644998,6.460045,0.197571,0.103489,15.746666,4.437738,0.056641
1403638198795097088.000000,0.000000,0.000000,13.501379,6.380364,0.197667,0.176547,19.718572,0.198499,47.015065
1403638198845096960.000000,0.000000,0.000000,14.000940,9.016600,0.260453,0.116578,16.631288,0.137698,0.000000
1403638198895097088.000000,0.000000,0.000000,13.848650,8.698451,0.233156,0.110434,16.477430,0.164739,0.078017
1403638198945096960.000000,0.000000,0.000000,13.879914,6.942261,0.216708,0.108865,15.299106,3.847553,51.322242
1403638199045096960.000000,0.000000,0.000000,12.941210,7.178553,0.219971,0.164995,17.038591,0.228963,43.631008
1403638199095097088.000000,0.000000,0.000000,13.013787,6.740050,0.238596,0.135395,21.501706,0.200451,39.074451
1403638199145096960.000000,0.000000,0.000000,12.574740,7.247034,0.262596,0.117890,17.915502,5.060085,0.000000
1403638199195097088.000000,0.000000,0.000000,12.026795,7.265627,0.246948,0.196643,21.182661,0.195811,0.073346
1403638199245096960.000000,0.000000,0.000000,17.744747,6.446893,0.204355,0.140003,19.692652,0.186179,51.016604
1403638199345096960.000000,0.000000,0.000000,12.650133,6.306954,0.213188,0.128770,18.670587,0.173443,40.044100
1403638199395097088.000000,0.000000,0.000000,12.580340,7.004598,0.184227,0.116674,16.833499,0.112482,37.302006
1403638199445096960.000000,0.000000,0.000000,13.766696,8.338477,0.219268,0.100001,17.691435,3.295704,37.280149
1403638199495097088.000000,0.000000,0.000000,13.705607,7.241722,0.068257,0.134210,20.881472,0.271076,46.451375
1403638199545096960.000000,0.000000,0.000000,13.480483,6.165320,0.146787,0.104418,16.695769,0.124770,0.000000
1403638199595097088.000000,0.000000,0.000000,14.436659,6.872628,0.177795,0.118594,17.575144,0.153923,0.055808
1403638199645096960.000000,0.000000,0.000000,14.391731,4.859506,0.155459,0.113250,17.596169,0.185091,39.911745
1403638199695097088.000000,0.000000,0.000000,15.062718,4.537292,0.177795,0.108898,17.216578,2.830287,0.000000
1403638199745096960.000000,0.000000,0.000000,14.395571,4.765008,0.181955,0.157667,20.098291,0.233892,0.081666
1403638199795097088.000000,0.000000,0.000000,15.162656,4.582894,0.182819,0.113954,17.437126,0.196643,49.669254
1403638199845096960.000000,0.000000,0.000000,15.043774,4.909523,0.084866,0.104802,16.634456,0.189347,47.293982
1403638199895097088.000000,0.000000,0.000000,14.508404,5.165655,0.199267,0.101474,16.845500,4.125061,46.679891
1403638199945096960.000000,0.000000,0.000000,16.524726,5.155223,0.200708,0.170563,17.831468,0.209571,49.869097
1403638199995097088.000000,0.000000,0.000000,14.563062,6.249161,0.198883,0.099745,15.412868,0.153506,42.311722
1403638200045096960.000000,0.000000,0.000000,15.942764,5.481181,0.202947,0.096865,16.447062,0.191939,46.110954
1403638200095097088.000000,0.000000,0.000000,15.363907,5.559966,0.204643,0.088865,14.777785,3.090164,0.000000
1403638200145096960.000000,0.000000,0.000000,13.826569,5.137590,0.204963,0.144995,17.815084,0.206244,0.075329
1403638200195097088.000000,0.000000,0.000000,14.327282,5.272185,0.083585,0.113218,17.446246,0.184483,45.776485
1403638200245096960.000000,0.000000,0.000000,15.486661,5.347386,0.208996,0.112482,16.486422,0.181315,44.512623
1403638200295097088.000000,0.000000,0.000000,15.320226,5.400635,0.223652,0.113026,16.478966,3.363705,46.378190
1403638200345096960.000000,0.000000,0.000000,15.333251,5.958628,0.219139,0.161666,18.344502,0.184355,0.000000
1403638200395097088.000000,0.000000,0.000000,15.774506,5.595966,0.195716,0.131299,18.251411,0.192132,0.114338
1403638200445096960.000000,0.000000,0.000000,15.694537,5.350394,0.177923,0.125794,17.391973,0.186947,51.108190
1403638200545096960.000000,0.000000,0.000000,17.785643,5.445180,0.183715,0.118690,17.480199,3.758784,42.519630
1403638200595097088.000000,0.000000,0.000000,16.198545,5.730593,0.193283,0.180131,19.460328,0.203267,48.733334
1403638200645096960.000000,0.000000,0.000000,16.025710,5.619135,0.239332,0.131715,19.126018,0.190691,45.542272
1403638200695097088.000000,0.000000,0.000000,14.892987,5.572446,0.198147,0.128130,18.785052,0.204611,0.000000
1403638200745096960.000000,0.000000,0.000000,18.049808,5.480156,0.077441,0.108578,24.512861,4.729135,0.079010
1403638200795097088.000000,0.000000,0.000000,15.837387,5.762913,0.078881,0.186372,21.304071,0.206499,49.209854
1403638200845096960.000000,0.000000,0.000000,18.264820,5.879939,0.320421,0.127490,18.136658,0.187267,0.000000
1403638200895097088.000000,0.000000,0.000000,16.267346,5.570974,0.325061,0.112866,18.260372,0.221028,0.076481
1403638200945096960.000000,0.000000,0.000000,17.702090,5.932132,0.240068,0.102274,16.945341,0.223491,51.157695
1403638201045096960.000000,0.000000,0.000000,16.797947,7.163417,0.239845,0.115554,18.122545,5.364442,0.000000
1403638201095097088.000000,0.000000,0.000000,14.477460,8.875573,0.274756,0.183971,18.409142,0.397926,0.078433
1403638201145096960.000000,0.000000,0.000000,15.942156,5.939908,0.286949,0.124322,17.862221,0.176963,56.643324
1403638201245096960.000000,0.000000,0.000000,15.777418,5.593278,0.256676,0.123331,17.742859,0.218659,46.287949
1403638201295097088.000000,0.000000,0.000000,16.894045,6.881876,0.306598,0.109090,17.595401,0.177411,0.000000
1403638201345096960.000000,0.000000,0.000000,15.218113,8.167146,0.250501,0.123266,16.191825,5.574334,0.074177
1403638201395097088.000000,0.000000,0.000000,16.275859,9.376510,0.295909,0.194467,18.075761,0.218787,46.131242
1403638201445096960.000000,0.000000,0.000000,14.281649,8.227947,0.311749,0.132066,16.176369,0.180163,43.186968
1403638201495097088.000000,0.000000,0.000000,21.861137,7.792547,0.300101,0.121186,18.722428,0.182819,47.822119
1403638201545096960.000000,0.000000,0.000000,16.483157,8.654961,0.279781,0.098433,16.069807,0.166915,0.000000
1403638201595097088.000000,0.000000,0.000000,15.041437,8.206635,0.295397,0.103394,17.034271,5.581278,0.054657
1403638201645096960.000000,0.000000,0.000000,14.813050,7.407517,0.285189,0.219332,20.055250,0.312965,47.144795
1403638201695097088.000000,0.000000,0.000000,15.484325,8.981688,0.295813,0.126019,16.915933,0.149411,48.290895
1403638201745096960.000000,0.000000,0.000000,15.581799,7.596224,0.120418,0.112898,15.482405,0.172643,44.848501
1403638201795097088.000000,0.000000,0.000000,15.329794,7.755778,0.325606,0.077506,16.404116,0.158594,0.000000
1403638201845096960.000000,0.000000,0.000000,15.936877,8.064711,0.293413,0.049665,10.731636,6.467341,0.098210
1403638201895097088.000000,0.000000,0.000000,16.499702,8.105992,0.290021,0.070561,13.868362,0.104546,46.241356
1403638201945096960.000000,0.000000,0.000000,15.714249,8.524975,0.355206,0.104002,13.139230,0.200739,0.000000
1403638201995097088.000000,0.000000,0.000000,15.740297,8.282316,0.350502,0.090946,13.388001,0.207107,0.074977
1403638202045096960.000000,0.000000,0.000000,16.432853,7.626049,0.290021,0.068225,11.291198,0.128994,51.407651
1403638202145096960.000000,0.000000,0.000000,21.853776,11.257598,0.327334,0.093793,14.044621,6.213513,0.000000
1403638202195097088.000000,0.000000,0.000000,17.175489,10.122090,0.316582,0.065313,14.633238,0.116930,0.066113
1403638202245096960.000000,0.000000,0.000000,15.432549,7.862628,0.309381,0.100065,12.968891,0.176995,34.957422
1403638202295097088.000000,0.000000,0.000000,14.747769,7.968838,0.307781,0.092706,11.688517,0.210724,34.476006
1403638202345096960.000000,0.000000,0.000000,14.588342,7.216346,0.350597,0.056609,11.203164,0.096833,0.000000
1403638202395097088.000000,0.000000,0.000000,15.773386,9.075641,0.332006,0.053345,9.150330,5.225240,0.066881
1403638202445096960.000000,0.000000,0.000000,13.483363,7.283707,0.333606,0.056929,11.679301,0.129187,51.538661
1403638202545096960.000000,0.000000,0.000000,17.761227,11.596292,0.314213,0.093602,13.074492,0.144290,44.210314
1403638202595097088.000000,0.000000,0.000000,14.944988,7.868932,0.304965,0.082849,11.945801,0.187364,42.590287
1403638202645096960.000000,0.000000,0.000000,16.106896,7.449853,0.311365,0.080993,11.534530,0.121570,0.000000
1403638202695097088.000000,0.000000,0.000000,16.662809,9.647907,0.326885,0.078049,15.247137,7.221017,0.071553
1403638202745096960.000000,0.000000,0.000000,15.608487,9.769156,0.311653,0.075202,17.276867,0.136226,45.096057
1403638202795097088.000000,0.000000,0.000000,17.239107,10.093610,0.326470,0.100866,14.772665,0.162275,45.334941
1403638202845096960.000000,0.000000,0.000000,18.231540,8.118409,0.291749,0.093473,14.451700,0.184579,47.501633
1403638202895097088.000000,0.000000,0.000000,13.447234,8.971608,0.376262,0.092801,14.737593,0.133219,0.000000
1403638202945096960.000000,0.000000,0.000000,15.202816,8.254443,0.381991,0.081634,16.001869,6.246857,0.081633
1403638202995097088.000000,0.000000,0.000000,15.194144,7.725635,0.328997,0.188643,18.123185,0.246084,56.595419
1403638203095097088.000000,0.000000,0.000000,16.387733,10.467088,0.276229,0.111426,18.120881,0.199748,41.491836
1403638203145096960.000000,0.000000,0.000000,15.191168,10.053513,0.312006,0.116321,17.465223,0.213188,41.085685
1403638203195097088.000000,0.000000,0.000000,14.359250,8.894998,0.310117,0.104929,18.330645,0.172867,40.971892
1403638203245096960.000000,0.000000,0.000000,15.252769,8.652882,0.304773,0.083553,16.796219,5.964324,39.707006
1403638203295097088.000000,0.000000,0.000000,14.224304,9.000152,0.299077,0.205540,20.467801,0.219844,46.891863
1403638203345096960.000000,0.000000,0.000000,13.027004,8.867957,0.310693,0.139107,18.410838,0.170306,42.093222
1403638203395097088.000000,0.000000,0.000000,13.425059,8.767251,0.285125,0.125763,18.983839,0.206019,43.828963
1403638203445096960.000000,0.000000,0.000000,13.445987,8.728819,0.303526,0.120866,19.128802,0.146275,0.000000
1403638203495097088.000000,0.000000,0.000000,12.716534,8.572177,0.249381,0.078754,13.933194,4.858002,0.075585
1403638203545096960.000000,0.000000,0.000000,13.353217,8.085545,0.137602,0.068961,15.420260,0.112546,48.648180
1403638203595097088.000000,0.000000,0.000000,14.090093,8.710003,0.228420,0.129890,16.777979,0.236196,43.007317
1403638203645096960.000000,0.000000,0.000000,18.233300,8.771412,0.286885,0.140451,17.956014,0.181667,41.633310
1403638203695097088.000000,0.000000,0.000000,16.145936,8.528304,0.285381,0.097282,17.745227,0.138563,0.000000
1403638203745096960.000000,0.000000,0.000000,14.727513,7.878244,0.250500,0.135458,17.282019,4.788337,0.073665
1403638203795097088.000000,0.000000,0.000000,15.771690,8.880598,0.104578,0.194051,18.633946,0.270981,42.113543
1403638203845096960.000000,0.000000,0.000000,17.393957,8.451822,0.280549,0.147555,18.364917,0.168995,38.987986
1403638203895097088.000000,0.000000,0.000000,15.558278,9.383294,0.254117,0.132962,18.219283,0.186948,37.123154
1403638203945096960.000000,0.000000,0.000000,15.340739,7.463518,0.258565,0.128546,18.711483,0.159299,0.000000
1403638203995097088.000000,0.000000,0.000000,14.799353,7.842820,0.312998,0.128610,17.582280,4.830482,0.074306
1403638204045096960.000000,0.000000,0.000000,14.982204,8.913687,0.235556,0.227652,20.475577,0.230756,48.434385
1403638204095097088.000000,0.000000,0.000000,14.788377,8.468751,0.314085,0.153251,17.878637,0.174947,44.445229
1403638204145096960.000000,0.000000,0.000000,15.360835,9.788293,0.288549,0.144642,18.403671,0.197187,43.636800
1403638204195097088.000000,0.000000,0.000000,17.622921,8.449966,0.288836,0.161411,18.841437,0.133282,43.866180
1403638204245096960.000000,0.000000,0.000000,21.559563,8.205290,0.338021,0.137122,17.993871,3.333624,0.000000
1403638204295097088.000000,0.000000,0.000000,21.244166,7.833700,0.327493,0.190627,18.910687,0.255044,0.077953
1403638204345096960.000000,0.000000,0.000000,12.890201,7.401117,0.315430,0.144162,19.093026,0.181443,55.945872
1403638204445096960.000000,0.000000,0.000000,13.818697,9.369406,0.316293,0.143554,19.153379,0.180707,44.604496
1403638204495097088.000000,0.000000,0.000000,16.481078,9.740517,0.309253,0.159042,19.699596,0.180932,0.000000
1403638204545096960.000000,0.000000,0.000000,15.219361,7.802948,0.324966,0.143778,17.716010,3.711359,0.071202
1403638204595097088.000000,0.000000,0.000000,14.586774,7.506975,0.316134,0.190051,18.517976,0.245988,46.208971
1403638204645096960.000000,0.000000,0.000000,15.520421,7.546560,0.250724,0.152642,19.110530,0.183203,40.297448
1403638204695097088.000000,0.000000,0.000000,16.243122,7.854852,0.281381,0.147011,18.564216,0.181475,45.333245
1403638204745096960.000000,0.000000,0.000000,14.539861,8.282124,0.270084,0.140386,18.802237,0.195203,37.953984
1403638204795097088.000000,0.000000,0.000000,17.411334,8.071336,0.318021,0.143042,18.357814,3.882113,37.376087
1403638204845096960.000000,0.000000,0.000000,14.557781,7.052631,0.323557,0.206467,19.586346,0.244548,41.698784
1403638204895097088.000000,0.000000,0.000000,15.803818,8.131401,0.254372,0.157410,19.131811,0.189347,38.808686
1403638204945096960.000000,0.000000,0.000000,14.491060,7.497855,0.290821,0.160034,19.703340,0.176067,39.515803
1403638204995097088.000000,0.000000,0.000000,14.462356,7.585600,0.256293,0.145923,18.084049,0.224547,39.829216
1403638205045096960.000000,0.000000,0.000000,16.338132,9.014840,0.263972,0.145411,18.129009,3.048179,0.000000
1403638205095097088.000000,0.000000,0.000000,14.927643,6.906389,0.259652,0.194019,18.435447,0.238212,0.074529
1403638205145096960.000000,0.000000,0.000000,14.657943,7.551007,0.254501,0.151458,18.680059,0.180035,44.106760
1403638205195097088.000000,0.000000,0.000000,17.879278,7.299899,0.312133,0.145826,19.001120,0.216099,42.995925
1403638205245096960.000000,0.000000,0.000000,19.840334,8.763636,0.246917,0.142082,18.515608,0.170275,42.333994
1403638205295097088.000000,0.000000,0.000000,18.508344,8.438158,0.256676,0.161826,18.254900,3.304664,37.052497
1403638205345096960.000000,0.000000,0.000000,17.151617,7.799107,0.242116,0.187939,18.151698,0.223748,41.644799
1403638205395097088.000000,0.000000,0.000000,15.761642,7.173849,0.235364,0.154819,17.945870,0.162723,38.052802
1403638205445096960.000000,0.000000,0.000000,15.406243,7.973351,0.219459,0.139971,17.150240,0.161987,0.000000
1403638205495097088.000000,0.000000,0.000000,15.909036,8.393773,0.271301,0.164291,18.661787,0.181891,0.077153
1403638205545096960.000000,0.000000,0.000000,16.812668,7.105335,0.246148,0.137474,18.530520,3.035411,37.851615
1403638205595097088.000000,0.000000,0.000000,15.150239,7.718274,0.243172,0.185379,18.967327,0.262501,45.652802
1403638205645096960.000000,0.000000,0.000000,17.291524,8.506735,0.256196,0.152962,19.453992,0.172739,38.830351
1403638205695097088.000000,0.000000,0.000000,15.346083,7.310171,0.224868,0.153411,18.673019,0.164930,38.583786
1403638205745096960.000000,0.000000,0.000000,15.219009,8.141833,0.221635,0.160291,19.157987,0.178947,40.932883
1403638205795097088.000000,0.000000,0.000000,15.124671,6.894676,0.221540,0.149155,18.175218,2.404393,38.486409
1403638205845096960.000000,0.000000,0.000000,14.270545,7.594624,0.231492,0.178819,18.776253,0.242980,36.446663
1403638205895097088.000000,0.000000,0.000000,15.029470,7.985446,0.116578,0.153379,18.473495,0.175171,35.059376
1403638205945096960.000000,0.000000,0.000000,15.470405,7.856453,0.236708,0.165186,18.972992,0.163555,36.438631
1403638205995097088.000000,0.000000,0.000000,15.816842,7.520798,0.233412,0.142882,18.395510,0.175875,41.238583
1403638206045096960.000000,0.000000,0.000000,17.357668,8.304620,0.246628,0.145859,18.331796,2.109123,39.428505
1403638206095097088.000000,0.000000,0.000000,16.229010,7.183705,0.250405,0.177187,20.599483,0.243428,37.694620
1403638206145096960.000000,0.000000,0.000000,14.945756,8.073256,0.287429,0.144867,18.772028,0.172611,37.168659
1403638206195097088.000000,0.000000,0.000000,17.312612,8.396910,0.237700,0.145954,19.718924,0.184516,39.967746
1403638206245096960.000000,0.000000,0.000000,15.107359,7.745347,0.232675,0.139714,18.096977,0.158083,39.152852
1403638206295097088.000000,0.000000,0.000000,16.198161,7.097560,0.234276,0.133122,18.003120,2.225445,42.311114
1403638206345096960.000000,0.000000,0.000000,15.516453,8.012423,0.239012,0.169506,19.077538,0.226308,0.000000
1403638206395097088.000000,0.000000,0.000000,17.522503,7.888837,0.219204,0.150562,20.110227,0.164675,0.082018
1403638206445096960.000000,0.000000,0.000000,16.919965,8.007463,0.216004,0.160099,20.271829,0.186883,42.660112
1403638206495097088.000000,0.000000,0.000000,15.861003,7.736866,0.242020,0.153475,19.128578,0.156323,37.753053
1403638206545096960.000000,0.000000,0.000000,15.082686,7.425789,0.240004,0.160675,18.412758,1.909632,36.317285
1403638206595097088.000000,0.000000,0.000000,13.625990,7.690817,0.236516,0.183395,19.038817,0.298917,37.528985
1403638206645096960.000000,0.000000,0.000000,14.969660,8.249099,0.114850,0.157091,18.789181,0.162562,39.535003
1403638206695097088.000000,0.000000,0.000000,14.632470,7.003638,0.231523,0.149154,19.718988,0.177347,35.012462
1403638206745096960.000000,0.000000,0.000000,18.794141,8.344333,0.225412,0.143234,18.031856,0.167427,38.568011
1403638206795097088.000000,0.000000,0.000000,15.044989,7.830916,0.224676,0.136034,17.609097,2.635404,33.998333
1403638206845096960.000000,0.000000,0.000000,14.633687,7.737570,0.181827,0.164483,19.458920,0.244836,46.291789
1403638206895097088.000000,0.000000,0.000000,14.531573,6.798130,0.094434,0.134626,18.225939,0.171907,41.218775
1403638206945096960.000000,0.000000,0.000000,16.059567,7.368828,0.226051,0.135522,18.016495,0.161283,31.720567
1403638206995097088.000000,0.000000,0.000000,17.206274,5.569150,0.205123,0.123202,17.227458,0.176931,37.872607
1403638207045096960.000000,0.000000,0.000000,17.620073,5.891075,0.195108,0.110657,16.253330,3.635773,34.289219
1403638207095097088.000000,0.000000,0.000000,16.242738,5.270232,0.204068,0.178819,19.187843,0.220740,35.331572
1403638207145096960.000000,0.000000,0.000000,15.628808,5.539037,0.262597,0.138723,18.443158,0.151427,36.298564
1403638207195097088.000000,0.000000,0.000000,14.601110,5.596638,0.207172,0.135170,18.101745,0.154914,36.879022
1403638207245096960.000000,0.000000,0.000000,14.807577,5.603871,0.241508,0.119202,17.286147,0.161443,42.249608
1403638207295097088.000000,0.000000,0.000000,15.237345,7.269531,0.218756,0.110114,16.383283,4.089349,37.638395
1403638207345096960.000000,0.000000,0.000000,16.317683,5.442427,0.211396,0.164770,19.094210,0.214724,35.190385
1403638207395097088.000000,0.000000,0.000000,15.272449,5.718817,0.249380,0.134786,17.738347,0.161634,34.155584
1403638207445096960.000000,0.000000,0.000000,15.647048,5.637375,0.237892,0.128834,18.792637,0.192739,37.857183
1403638207495097088.000000,0.000000,0.000000,13.474787,5.178712,0.217508,0.110978,19.187043,0.142691,37.729853
1403638207545096960.000000,0.000000,0.000000,15.830475,5.425819,0.232452,0.108354,18.216818,3.776096,35.642233
1403638207595097088.000000,0.000000,0.000000,15.404132,5.918180,0.282821,0.157410,18.833725,0.168643,35.905598
1403638207645096960.000000,0.000000,0.000000,13.304000,5.694016,0.237124,0.119938,18.299252,0.175171,36.898062
1403638207695097088.000000,0.000000,0.000000,13.815112,5.884323,0.230852,0.112513,17.769324,0.158723,39.738335
1403638207745096960.000000,0.000000,0.000000,19.269157,6.330603,0.236772,0.095010,18.722907,0.142370,36.964975
1403638207795097088.000000,0.000000,0.000000,15.610471,8.987927,0.239172,0.086209,16.996958,4.327241,34.072318
1403638207845096960.000000,0.000000,0.000000,15.335362,6.699505,0.254340,0.162403,20.105939,0.176099,41.769857
1403638207895097088.000000,0.000000,0.000000,15.846827,5.805698,0.228068,0.112450,18.709307,0.169219,0.000000
1403638207945096960.000000,0.000000,0.000000,17.567688,5.673216,0.249796,0.091489,18.158898,0.164803,0.058785
1403638207995097088.000000,0.000000,0.000000,16.653561,7.471102,0.271973,0.082369,17.635657,0.110498,40.293064
1403638208045096960.000000,0.000000,0.000000,15.458500,7.048631,0.255141,0.060961,17.529607,6.357739,0.000000
1403638208095097088.000000,0.000000,0.000000,15.825259,7.993031,0.245732,0.167267,18.574361,0.203587,0.080609
1403638208145096960.000000,0.000000,0.000000,14.917691,7.409725,0.306853,0.088705,18.718460,0.187587,40.770896
1403638208195097088.000000,0.000000,0.000000,14.625846,7.714754,0.273316,0.075297,17.727243,0.177571,39.327255
1403638208245096960.000000,0.000000,0.000000,17.103584,8.366381,0.251972,0.070273,16.627224,0.123810,31.243215
1403638208295097088.000000,0.000000,0.000000,16.626616,8.611121,0.268996,0.049920,16.026862,7.235354,33.565206
1403638208345096960.000000,0.000000,0.000000,16.154832,7.318779,0.238436,0.127299,17.652297,0.152866,39.100468
1403638208395097088.000000,0.000000,0.000000,15.620871,7.942118,0.213092,0.079810,14.125646,0.180580,37.844670
1403638208445096960.000000,0.000000,0.000000,14.747449,7.629697,0.278629,0.055681,16.807931,0.161154,0.000000
1403638208495097088.000000,0.000000,0.000000,15.402052,5.881827,0.246884,0.048289,13.796520,0.155874,0.082305
1403638208545096960.000000,0.000000,0.000000,16.104784,5.315930,0.251716,0.042368,14.886907,7.546783,35.855613
1403638208595097088.000000,0.000000,0.000000,14.685688,5.778817,0.231588,0.153122,18.391830,0.175683,0.000000
1403638208645096960.000000,0.000000,0.000000,14.973084,7.532991,0.263653,0.086146,16.175248,0.158435,0.086625
1403638208695097088.000000,0.000000,0.000000,14.258000,7.582304,0.235972,0.061153,17.564904,5.352410,42.359690
1403638208745096960.000000,0.000000,0.000000,15.480261,7.228122,0.232804,0.115394,16.812987,0.130754,44.066087
1403638208795097088.000000,0.000000,0.000000,15.324674,6.968533,0.251204,0.092354,14.251920,0.169187,34.077599
1403638208845096960.000000,0.000000,0.000000,16.085711,7.188089,0.244996,0.077025,13.479011,0.137154,34.922445
1403638208895097088.000000,0.000000,0.000000,15.902091,7.400348,0.222403,0.061345,12.009802,0.126946,36.377574
1403638208945096960.000000,0.000000,0.000000,17.075807,7.305436,0.207491,0.061569,13.620678,4.413578,40.310408
1403638208995097088.000000,0.000000,0.000000,16.250290,7.695170,0.221668,0.136354,15.941261,0.182051,37.882239
1403638209045096960.000000,0.000000,0.000000,18.613657,7.634369,0.221476,0.098434,15.430244,0.155107,34.278563
1403638209095097088.000000,0.000000,0.000000,16.988734,6.839187,0.238372,0.087554,14.904635,0.155043,0.000000
1403638209145096960.000000,0.000000,0.000000,16.824763,7.320828,0.100098,0.074433,14.336818,0.132898,0.077697
1403638209195097088.000000,0.000000,0.000000,16.662457,7.638369,0.237412,0.110338,15.843659,3.751679,44.621489
1403638209245096960.000000,0.000000,0.000000,16.663448,7.980486,0.233540,0.148802,16.687609,0.224260,38.765454
1403638209295097088.000000,0.000000,0.000000,17.970159,6.860020,0.102978,0.123426,16.302419,0.141378,35.577304
1403638209345096960.000000,0.000000,0.000000,17.128544,7.893061,0.238852,0.129666,16.903037,0.142371,0.000000
1403638209395097088.000000,0.000000,0.000000,14.772857,7.761635,0.237060,0.111298,16.530423,0.164418,0.075714
1403638209445096960.000000,0.000000,0.000000,15.939244,8.056616,0.184419,0.119330,15.073854,3.445882,43.719553
1403638209495097088.000000,0.000000,0.000000,16.818652,7.426845,0.257572,0.184899,18.724988,0.190467,47.802086
1403638209545096960.000000,0.000000,0.000000,16.576920,6.602703,0.224900,0.145987,17.662281,0.181763,37.294069
1403638209595097088.000000,0.000000,0.000000,17.949102,7.669634,0.230436,0.137826,17.846733,0.164579,0.000000
1403638209645096960.000000,0.000000,0.000000,15.970253,7.123608,0.228452,0.113090,17.812428,0.161027,0.062785
1403638209695097088.000000,0.000000,0.000000,17.424133,7.468670,0.237028,0.150051,17.748619,3.169909,43.284986
1403638209745096960.000000,0.000000,0.000000,16.791771,7.844004,0.213923,0.175395,17.769451,0.227523,0.000000
1403638209795097088.000000,0.000000,0.000000,17.792652,6.169256,0.217731,0.139554,15.950989,0.149602,0.075617
1403638209845096960.000000,0.000000,0.000000,16.110319,7.084183,0.225316,0.130594,16.960702,0.157731,46.872790
1403638209895097088.000000,0.000000,0.000000,17.733546,7.327003,0.085858,0.130210,16.265714,0.182787,45.743651
1403638209945096960.000000,0.000000,0.000000,17.110688,6.783571,0.096194,0.120002,16.383188,2.879825,44.788659
1403638209995097088.000000,0.000000,0.000000,16.945565,6.965366,0.112610,0.193251,20.005073,0.191556,42.188776
1403638210045096960.000000,0.000000,0.000000,15.701352,6.516910,0.222948,0.136770,17.170146,0.179971,0.000000
1403638210095097088.000000,0.000000,0.000000,16.022478,7.082231,0.095522,0.135618,18.039376,0.181155,0.078594
1403638210145096960.000000,0.000000,0.000000,16.676985,7.432317,0.096290,0.134658,16.717146,0.124354,43.960902
1403638210195097088.000000,0.000000,0.000000,18.284564,7.703042,0.220676,0.130754,16.339188,2.441129,47.249821
1403638210245096960.000000,0.000000,0.000000,15.949325,7.465886,0.220580,0.185187,18.715612,0.196355,40.821072
1403638210295097088.000000,0.000000,0.000000,16.036079,7.369660,0.216547,0.149667,17.265186,0.166723,0.000000
1403638210345096960.000000,0.000000,0.000000,16.743354,6.967637,0.238212,0.143298,18.013775,0.184067,0.060225
1403638210395097088.000000,0.000000,0.000000,16.369300,6.801650,0.094242,0.138146,16.936414,0.170307,43.500382
1403638210445096960.000000,0.000000,0.000000,16.156016,7.383932,0.102114,0.132674,16.890173,2.295975,41.604446
1403638210495097088.000000,0.000000,0.000000,15.806474,7.623809,0.102273,0.234020,22.629181,0.200772,39.797727
1403638210545096960.000000,0.000000,0.000000,16.085935,6.891412,0.225059,0.156035,18.687451,0.182979,38.587851
1403638210595097088.000000,0.000000,0.000000,18.105905,8.295820,0.240004,0.152162,18.017328,0.179331,36.892719
1403638210645096960.000000,0.000000,0.000000,14.534805,7.291227,0.223011,0.149122,19.446408,0.193731,0.000000
1403638210695097088.000000,0.000000,0.000000,15.832907,7.382556,0.248836,0.158530,17.934094,2.408937,0.072129
1403638210745096960.000000,0.000000,0.000000,17.100256,7.535455,0.231876,0.197667,21.005282,0.196931,47.416032
1403638210795097088.000000,0.000000,0.000000,16.196465,7.227418,0.244292,0.168803,19.280772,0.191075,46.237452
1403638210845096960.000000,0.000000,0.000000,16.479093,8.300140,0.252324,0.167459,18.487927,0.187652,37.719228
1403638210895097088.000000,0.000000,0.000000,16.544247,7.074199,0.234788,0.156195,18.495607,0.189443,0.000000
1403638210945096960.000000,0.000000,0.000000,16.005261,7.168633,0.281860,0.155715,18.382229,0.125538,0.080066
1403638210995097088.000000,0.000000,0.000000,15.986797,7.565663,0.265765,0.116802,18.842013,2.036642,40.031459
1403638211045096960.000000,0.000000,0.000000,15.558054,5.420188,0.244004,0.123746,18.634714,0.281860,37.020529
1403638211095097088.000000,0.000000,0.000000,15.540486,7.647777,0.253060,0.120642,18.215699,0.145186,36.138657
1403638211145096960.000000,0.000000,0.000000,17.083488,7.147832,0.235396,0.150915,17.987439,0.209348,32.382210
1403638211195097088.000000,0.000000,0.000000,17.334884,7.003958,0.259365,0.157571,17.741003,0.192579,30.419457
1403638211245096960.000000,0.000000,0.000000,18.168530,8.607121,0.295333,0.134563,17.073247,0.170915,28.440736
1403638211295097088.000000,0.000000,0.000000,17.449958,6.694865,0.271236,0.083106,17.977327,2.268839,0.000000
1403638211345096960.000000,0.000000,0.000000,15.442949,7.404989,0.250628,0.130179,20.602651,0.288293,0.070209
1403638211395097088.000000,0.000000,0.000000,17.097792,7.458942,0.281637,0.119746,17.121857,0.145442,23.786161
1403638211445096960.000000,0.000000,0.000000,21.094052,8.024711,0.286852,0.157027,18.559672,0.182724,37.334901
1403638211495097088.000000,0.000000,0.000000,17.470375,7.442685,0.321894,0.156706,17.299780,0.176067,36.094784
1403638211545096960.000000,0.000000,0.000000,18.304181,7.328219,0.298757,0.108546,17.719275,0.168866,30.711014
1403638211595097088.000000,0.000000,0.000000,17.233187,7.443229,0.339174,0.080354,18.196754,2.513194,34.637288
1403638211645096960.000000,0.000000,0.000000,17.385573,7.419709,0.257636,0.197123,19.410567,0.257253,33.940733
1403638211695097088.000000,0.000000,0.000000,16.522102,7.031734,0.312037,0.152834,18.310677,0.150786,35.109392
1403638211745096960.000000,0.000000,0.000000,16.949661,7.081784,0.321190,0.160195,18.488375,0.191779,29.758165
1403638211795097088.000000,0.000000,0.000000,17.291971,7.417469,0.322309,0.160163,18.406966,0.184259,39.466042
1403638211845096960.000000,0.000000,0.000000,15.659016,7.042422,0.302597,0.148610,17.257379,0.172099,35.569015
1403638211895097088.000000,0.000000,0.000000,17.057087,8.139337,0.324453,0.084770,17.825868,2.443657,29.725525
1403638211945096960.000000,0.000000,0.000000,16.029934,7.688065,0.326533,0.160835,19.985649,0.293605,0.000000
1403638211995097088.000000,0.000000,0.000000,16.732794,8.655026,0.321990,0.164706,18.121490,0.171138,0.082369
1403638212045096960.000000,0.000000,0.000000,15.860395,7.724386,0.315301,0.160867,17.306531,0.156387,35.174929
1403638212095097088.000000,0.000000,0.000000,15.780970,7.419805,0.328422,0.162275,17.483526,0.179971,35.615288
1403638212145096960.000000,0.000000,0.000000,16.537847,7.201145,0.299302,0.151203,16.217489,0.167843,32.440483
1403638212195097088.000000,0.000000,0.000000,16.393716,7.340348,0.287781,0.101729,16.584760,1.909985,31.788184
1403638212245096960.000000,0.000000,0.000000,16.459989,7.440094,0.307653,0.124834,17.348228,0.258500,36.540072
1403638212295097088.000000,0.000000,0.000000,16.699449,7.246810,0.349222,0.150883,16.291346,0.142722,37.152531
1403638212345096960.000000,0.000000,0.000000,16.225425,7.114423,0.354118,0.142466,15.545190,0.144771,37.563385
1403638212395097088.000000,0.000000,0.000000,22.132309,7.409725,0.128803,0.134562,17.894574,0.174403,34.815147
1403638212445096960.000000,0.000000,0.000000,17.219298,7.680289,0.352838,0.122402,16.308658,0.200995,35.193298
1403638212495097088.000000,0.000000,0.000000,15.464805,6.492973,0.343846,0.075329,17.262275,2.285287,36.700010
1403638212545096960.000000,0.000000,0.000000,19.131203,7.019510,0.362534,0.121282,18.749564,0.251716,29.599155
1403638212595097088.000000,0.000000,0.000000,17.307843,7.031063,0.385383,0.110754,17.396037,0.138755,30.051674
1403638212645096960.000000,0.000000,0.000000,15.119710,6.743921,0.176739,0.154179,13.573284,0.184164,31.001131
1403638212695097088.000000,0.000000,0.000000,15.854859,7.055159,0.367270,0.148899,13.974795,0.164835,29.392784
1403638212745096960.000000,0.000000,0.000000,15.211840,6.649968,0.358182,0.085794,12.418769,0.085090,28.529985
1403638212795097088.000000,0.000000,0.000000,14.382514,6.449261,0.331334,0.069089,11.548067,1.397911,23.838194
1403638212845096960.000000,0.000000,0.000000,16.859036,7.407452,0.404743,0.120450,12.590740,0.104610,24.167543
1403638212895097088.000000,0.000000,0.000000,15.784906,6.459917,0.321349,0.137314,13.269599,0.175459,33.434132
1403638212945096960.000000,0.000000,0.000000,15.844491,6.268809,0.411879,0.140515,13.116509,0.140322,0.000000
1403638212995097088.000000,0.000000,0.000000,17.272195,7.375996,0.414855,0.133026,12.716598,0.173123,0.045537
1403638213045096960.000000,0.000000,0.000000,14.944700,6.126855,0.189507,0.058401,11.527618,0.192963,25.506254
1403638213095097088.000000,0.000000,0.000000,14.626487,6.469229,0.184196,0.180163,17.284035,0.102434,26.474398
1403638213145096960.000000,0.000000,0.000000,15.803978,7.534623,0.404902,0.193796,16.971325,1.190644,23.934868
1403638213195097088.000000,0.000000,0.000000,13.662022,6.666320,0.367494,0.144322,19.138946,0.230820,22.192247
1403638213245096960.000000,0.000000,0.000000,14.645334,6.915508,0.320869,0.202531,18.386486,0.162850,26.617953
1403638213295097088.000000,0.000000,0.000000,13.719079,7.090776,0.390823,0.156610,16.646297,0.163298,0.000000
1403638213345096960.000000,0.000000,0.000000,14.724984,7.220953,0.350662,0.156259,17.923918,0.159906,0.042880
1403638213395097088.000000,0.000000,0.000000,14.479316,7.888133,0.307430,0.173923,20.317526,0.225444,31.024716
1403638213445096960.000000,0.000000,0.000000,15.340739,8.705970,0.407655,0.204548,20.488729,0.120290,34.211329
1403638213495097088.000000,0.000000,0.000000,14.226960,7.631233,0.377767,0.188579,20.339734,0.130530,33.886395
1403638213545096960.000000,0.000000,0.000000,14.529908,7.471838,0.131906,0.161635,18.105073,0.110242,33.760634
1403638213595097088.000000,0.000000,0.000000,13.192190,7.978439,0.310309,0.175811,19.290596,1.178580,35.487830
1403638213645096960.000000,0.000000,0.000000,17.294404,8.808660,0.250948,0.158978,18.925471,0.203332,35.797180
1403638213695097088.000000,0.000000,0.000000,14.654071,9.243260,0.245092,0.219012,20.044274,0.163330,29.635636
1403638213745096960.000000,0.000000,0.000000,14.320114,7.754466,0.265700,0.172387,19.122562,0.175171,32.437091
1403638213795097088.000000,0.000000,0.000000,14.284977,8.819764,0.125890,0.188772,18.776572,0.166018,32.656647
1403638213845096960.000000,0.000000,0.000000,16.107312,10.404687,0.303013,0.169635,19.012576,0.172323,29.019369
1403638213895097088.000000,0.000000,0.000000,14.235984,8.052904,0.298309,0.199172,18.634489,0.112226,30.917097
1403638213945096960.000000,0.000000,0.000000,14.707671,8.060999,0.321893,0.167395,18.680987,1.803486,0.000000
1403638213995097088.000000,0.000000,0.000000,15.860331,9.216955,0.319909,0.136066,20.207156,0.270084,0.051200
1403638214045096960.000000,0.000000,0.000000,14.488404,8.596369,0.244805,0.220324,20.728541,0.193795,23.390026
1403638214095097088.000000,0.000000,0.000000,18.144306,8.976919,0.271493,0.166915,18.487160,0.157411,0.000000
1403638214145096960.000000,0.000000,0.000000,16.595672,10.219468,0.263589,0.204163,18.464599,0.170403,0.067265
1403638214195097088.000000,0.000000,0.000000,15.836746,8.297676,0.286980,0.204931,18.997920,0.124418,32.160639
1403638214245096960.000000,0.000000,0.000000,13.912650,8.238635,0.301957,0.204067,18.169138,0.119458,0.000000
1403638214295097088.000000,0.000000,0.000000,14.758361,8.376589,0.251748,0.176355,19.036737,0.127106,0.059841
1403638214345096960.000000,0.000000,0.000000,15.283522,8.511023,0.283204,0.210628,18.145585,0.109442,28.038809
1403638214395097088.000000,0.000000,0.000000,15.100127,8.805364,0.293413,0.179267,19.221923,0.127266,36.060000
1403638214445096960.000000,0.000000,0.000000,15.439332,8.627313,0.301893,0.176707,17.705770,1.289718,35.445590
1403638214495097088.000000,0.000000,0.000000,13.846601,8.383437,0.263108,0.167875,17.703018,0.184515,34.578151
1403638214545096960.000000,0.000000,0.000000,16.465686,9.432991,0.112002,0.225732,19.069921,0.256613,36.493320
1403638214595097088.000000,0.000000,0.000000,14.067693,8.845141,0.119746,0.171203,19.038016,0.136034,36.067520
1403638214645096960.000000,0.000000,0.000000,14.467572,8.457199,0.121410,0.180771,19.141699,0.185475,0.000000
1403638214695097088.000000,0.000000,0.000000,17.142529,9.045176,0.259045,0.211236,19.779757,0.189283,0.088930
1403638214745096960.000000,0.000000,0.000000,13.490020,7.918469,0.286565,0.183203,14.813785,0.157763,37.640891
1403638214795097088.000000,0.000000,0.000000,15.910476,8.790869,0.239652,0.216868,16.346771,0.192996,36.463046
1403638214845096960.000000,0.000000,0.000000,18.177714,8.038152,0.231748,0.188516,18.967295,1.547354,33.370707
1403638214895097088.000000,0.000000,0.000000,14.990269,8.656626,0.266948,0.185379,20.797118,0.247908,0.000000
1403638214945096960.000000,0.000000,0.000000,15.663464,9.188123,0.260740,0.221507,18.984192,0.177347,0.067202
1403638214995097088.000000,0.000000,0.000000,14.879099,8.735507,0.274981,0.187075,18.892446,0.180675,39.673629
1403638215045096960.000000,0.000000,0.000000,14.236624,8.756243,0.118786,0.197283,18.820797,0.197636,32.065501
1403638215095097088.000000,0.000000,0.000000,13.684934,7.927974,0.212163,0.184355,19.164131,0.132514,35.312371
1403638215145096960.000000,0.000000,0.000000,14.807098,8.157737,0.256101,0.203843,17.415366,0.239012,0.000000
1403638215195097088.000000,0.000000,0.000000,17.313092,9.267356,0.217220,0.193891,19.153250,1.634940,0.087169
1403638215245096960.000000,0.000000,0.000000,15.002621,8.386509,0.254692,0.178339,20.874911,0.273253,40.905010
1403638215295097088.000000,0.000000,0.000000,15.072286,8.795028,0.263844,0.234756,21.078211,0.191459,43.849347
1403638215345096960.000000,0.000000,0.000000,14.416179,7.765955,0.310469,0.196803,19.115266,0.192803,33.109743
1403638215395097088.000000,0.000000,0.000000,14.547701,7.938246,0.220708,0.199204,19.369414,0.165826,36.728268
1403638215445096960.000000,0.000000,0.000000,16.273330,8.542320,0.136259,0.185027,18.508568,0.134722,33.342674
1403638215495097088.000000,0.000000,0.000000,16.012814,8.128585,0.227492,0.178851,18.662138,1.437497,39.808831
1403638215545096960.000000,0.000000,0.000000,15.053598,7.921158,0.272004,0.200772,20.287317,0.205923,0.000000
1403638215595097088.000000,0.000000,0.000000,14.335857,8.221578,0.261125,0.180035,18.776669,0.153250,0.088834
1403638215645096960.000000,0.000000,0.000000,15.776138,8.168617,0.221540,0.186659,21.252998,0.200612,40.576428
1403638215695097088.000000,0.000000,0.000000,16.810843,9.047096,0.236452,0.210788,19.125762,0.162947,34.598600
1403638215745096960.000000,0.000000,0.000000,15.030781,8.136393,0.221860,0.209540,18.943615,0.248740,37.325526
1403638215795097088.000000,0.000000,0.000000,17.478919,8.006247,0.255461,0.202147,19.095330,1.647515,0.000000
1403638215845096960.000000,0.000000,0.000000,15.318850,8.559536,0.244292,0.116354,16.449781,0.099457,0.085921
1403638215895097088.000000,0.000000,0.000000,15.173536,7.589600,0.216451,0.169026,16.272658,0.169762,38.408328
1403638215945096960.000000,0.000000,0.000000,14.894043,9.271260,0.213859,0.203523,17.450598,0.208643,39.182100
1403638215995097088.000000,0.000000,0.000000,15.833227,7.612961,0.217059,0.202019,16.021838,0.181731,34.283298
1403638216045096960.000000,0.000000,0.000000,16.093135,7.807939,0.227524,0.191587,16.962142,1.801310,32.848970
1403638216095097088.000000,0.000000,0.000000,14.920827,8.037191,0.262436,0.078913,16.810619,0.112994,37.510168
1403638216145096960.000000,0.000000,0.000000,14.860250,7.606912,0.268644,0.173059,16.353428,0.169506,0.000000
1403638216195097088.000000,0.000000,0.000000,16.008366,8.061544,0.218595,0.206659,17.309860,0.175363,0.081089
1403638216245096960.000000,0.000000,0.000000,15.416548,8.060200,0.218148,0.186563,16.195313,0.149314,35.660729
1403638216295097088.000000,0.000000,0.000000,16.194929,7.989671,0.216868,0.083105,14.951868,1.707005,32.839849
1403638216345096960.000000,0.000000,0.000000,14.864027,7.413149,0.224195,0.069442,15.626919,0.110818,26.843396
1403638216395097088.000000,0.000000,0.000000,17.442405,8.425582,0.230628,0.242788,17.046783,0.147139,0.000000
1403638216445096960.000000,0.000000,0.000000,15.369763,7.539903,0.102241,0.180387,16.233137,0.180099,0.072225
1403638216495097088.000000,0.000000,0.000000,15.737257,7.973446,0.211492,0.065921,14.811385,1.598043,37.041744
1403638216545096960.000000,0.000000,0.000000,15.523813,8.665714,0.221475,0.099938,16.402164,0.101505,36.632425
1403638216595097088.000000,0.000000,0.000000,19.380455,8.230667,0.100449,0.203012,17.098111,0.158594,34.566022
1403638216645096960.000000,0.000000,0.000000,15.775306,7.655393,0.270917,0.184899,17.401445,0.204963,35.079791
1403638216695097088.000000,0.000000,0.000000,16.044334,8.149961,0.219043,0.211619,17.269539,0.217699,41.339289
1403638216745096960.000000,0.000000,0.000000,16.878141,8.155657,0.107362,0.174691,16.776282,0.109986,37.413591
1403638216795097088.000000,0.000000,0.000000,15.735881,8.211531,0.212612,0.219748,18.659930,0.381254,38.812719
1403638216845096960.000000,0.000000,0.000000,14.748697,8.713107,0.201123,0.248164,24.387419,0.161923,0.000000
1403638216895097088.000000,0.000000,0.000000,16.968798,7.643201,0.242212,0.255044,21.711597,1.509882,0.069889
1403638216945096960.000000,0.000000,0.000000,17.186561,8.204842,0.244868,0.189668,23.118597,0.236612,43.143256
1403638216995097088.000000,0.000000,0.000000,16.301331,8.083240,0.267621,0.201507,21.408392,0.184324,40.828145
1403638217045096960.000000,0.000000,0.000000,17.188450,7.793219,0.254148,0.193123,19.998929,0.193283,36.700330
1403638217095097088.000000,0.000000,0.000000,17.895341,8.019143,0.229732,0.182339,19.448903,0.184483,34.221057
1403638217145096960.000000,0.000000,0.000000,19.135010,8.707347,0.203683,0.182499,19.477800,0.195683,35.400949
1403638217195097088.000000,0.000000,0.000000,17.113952,7.286747,0.224740,0.191876,19.348518,1.875423,35.005358
1403638217245096960.000000,0.000000,0.000000,23.198791,8.005287,0.271301,0.208900,19.492008,0.226180,0.000000
1403638217295097088.000000,0.000000,0.000000,15.320226,7.517919,0.269797,0.178179,19.209060,0.174115,0.076577
1403638217345096960.000000,0.000000,0.000000,22.029299,7.746243,0.259109,0.191972,19.552105,0.169763,45.843685
1403638217395097088.000000,0.000000,0.000000,16.867836,8.151113,0.217476,0.167427,18.548824,0.278469,41.809921
1403638217445096960.000000,0.000000,0.000000,16.824091,8.316204,0.184131,0.142338,18.379798,0.236804,0.000000
1403638217495097088.000000,0.000000,0.000000,17.542919,7.735202,0.197603,0.204707,19.161891,1.860448,0.081025
1403638217545096960.000000,0.000000,0.000000,17.201825,7.741378,0.184963,0.139202,20.067954,0.306405,37.797661
1403638217595097088.000000,0.000000,0.000000,18.017136,5.535453,0.203811,0.165666,19.340806,0.130242,0.000000
1403638217645096960.000000,0.000000,0.000000,18.049424,5.352250,0.207683,0.177667,18.867230,0.121090,0.087106
1403638217695097088.000000,0.000000,0.000000,16.626520,5.567870,0.217124,0.182083,19.040736,0.155683,45.746179
1403638217745096960.000000,0.000000,0.000000,17.501575,5.632511,0.248708,0.153890,19.276901,0.159683,40.612365
1403638217795097088.000000,0.000000,0.000000,20.093427,5.394714,0.234820,0.210307,20.028017,0.140802,40.689230
1403638217845096960.000000,0.000000,0.000000,19.355942,5.637631,0.188131,0.198915,20.207156,0.134850,0.000000
1403638217895097088.000000,0.000000,0.000000,17.000030,5.635838,0.269860,0.188547,19.159427,0.124131,0.084641
1403638217945096960.000000,0.000000,0.000000,16.636152,5.510140,0.250308,0.184931,18.723675,0.121730,44.255755
1403638217995097088.000000,0.000000,0.000000,17.159457,5.540798,0.273445,0.212611,19.132546,1.333686,40.926674
1403638218045096960.000000,0.000000,0.000000,17.995247,7.569728,0.253573,0.199108,18.531640,0.171523,38.930448
1403638218095097088.000000,0.000000,0.000000,17.942767,7.414269,0.234724,0.206884,19.445351,0.217572,33.653400
1403638218145096960.000000,0.000000,0.000000,18.724092,7.321403,0.237412,0.189956,18.422710,0.155042,39.569947
1403638218195097088.000000,0.000000,0.000000,17.459718,7.656033,0.250244,0.167747,17.864045,0.180483,0.000000
1403638218245096960.000000,0.000000,0.000000,17.913422,7.297883,0.307845,0.179971,18.721467,0.185219,0.081985
1403638218295097088.000000,0.000000,0.000000,17.538567,7.272250,0.282181,0.171907,17.777835,2.601836,50.946683
1403638218395097088.000000,0.000000,0.000000,17.753099,7.664674,0.262724,0.211331,19.570378,0.225380,41.687903
1403638218445096960.000000,0.000000,0.000000,18.648890,7.329851,0.278853,0.164483,19.147426,0.209156,0.000000
1403638218495097088.000000,0.000000,0.000000,18.258099,9.798053,0.256261,0.181155,18.588441,0.151522,0.081473
1403638218545096960.000000,0.000000,0.000000,18.199475,8.940470,0.283428,0.180099,18.015375,0.183235,45.787844
1403638218595097088.000000,0.000000,0.000000,15.903500,8.680595,0.220484,0.172195,17.950318,2.065379,46.530929
1403638218645096960.000000,0.000000,0.000000,17.776460,7.274202,0.222819,0.212196,19.189123,0.363430,39.910528
1403638218695097088.000000,0.000000,0.000000,17.736683,7.534335,0.239684,0.164099,17.879533,0.177475,42.042245
1403638218745096960.000000,0.000000,0.000000,17.982639,7.813571,0.256388,0.197379,18.143506,0.152899,42.610382
1403638218795097088.000000,0.000000,0.000000,16.638009,6.922516,0.238116,0.165731,18.172626,0.174723,0.000000
1403638218845096960.000000,0.000000,0.000000,16.742682,7.059607,0.252037,0.191747,16.747226,2.600812,0.077857
1403638218895097088.000000,0.000000,0.000000,15.541094,7.895813,0.280997,0.204100,18.965471,0.249029,43.280505
1403638218945096960.000000,0.000000,0.000000,22.264279,7.847876,0.222179,0.159874,18.072401,0.154338,42.613806
1403638218995097088.000000,0.000000,0.000000,17.840460,7.527679,0.221636,0.178147,17.814988,0.163523,40.634765
1403638219045096960.000000,0.000000,0.000000,16.730842,7.607552,0.248549,0.152866,16.751130,0.145954,0.000000
1403638219095097088.000000,0.000000,0.000000,17.137409,6.853331,0.252709,0.169379,16.640569,3.099029,0.074593
1403638219145096960.000000,0.000000,0.000000,16.910140,7.438589,0.227523,0.194468,17.748843,0.217699,47.430592
1403638219195097088.000000,0.000000,0.000000,18.542136,7.471454,0.247972,0.152515,16.908413,0.173827,47.211004
1403638219245096960.000000,0.000000,0.000000,17.205346,7.501727,0.271589,0.141027,16.721049,0.156035,42.947380
1403638219295097088.000000,0.000000,0.000000,18.799644,8.306572,0.261125,0.153955,18.007663,0.166979,40.638669
1403638219345096960.000000,0.000000,0.000000,17.530919,8.313612,0.245508,0.144610,17.197250,1.772702,42.192999
1403638219395097088.000000,0.000000,0.000000,17.804396,8.159946,0.271749,0.175971,17.459366,0.172355,39.414232
1403638219445096960.000000,0.000000,0.000000,17.990511,8.228426,0.256741,0.171907,23.661870,0.160995,43.664832
1403638219495097088.000000,0.000000,0.000000,17.223170,7.387164,0.310533,0.145859,18.351061,0.130082,0.000000
1403638219545096960.000000,0.000000,0.000000,18.680123,7.132632,0.231267,0.120290,16.576087,1.884352,0.053889
1403638219595097088.000000,0.000000,0.000000,17.003903,7.351580,0.187972,0.157635,17.729866,0.188131,42.556557
1403638219645096960.000000,0.000000,0.000000,18.882014,7.736706,0.241412,0.113794,16.643384,0.151043,45.325148
1403638219695097088.000000,0.000000,0.000000,17.675561,8.037767,0.259300,0.113314,16.185937,0.150435,45.033527
1403638219745096960.000000,0.000000,0.000000,16.727546,5.443772,0.250885,0.126370,16.298674,0.154883,45.177401
1403638219795097088.000000,0.000000,0.000000,16.809659,6.438093,0.243076,0.089153,13.835049,2.004066,41.276888
1403638219845096960.000000,0.000000,0.000000,20.726205,8.156618,0.252612,0.125154,16.746938,0.109890,47.532673
1403638219895097088.000000,0.000000,0.000000,18.346133,8.564464,0.243588,0.112769,17.311716,0.119522,43.310970
1403638219945096960.000000,0.000000,0.000000,17.581704,7.721186,0.223300,0.126754,19.320261,0.116162,39.790815
1403638219995097088.000000,0.000000,0.000000,19.560585,7.727202,0.216164,0.087521,18.746684,0.092258,39.416281
1403638220045096960.000000,0.000000,0.000000,17.943854,6.790610,0.226884,0.147458,18.589273,0.091137,47.171323
1403638220095097088.000000,0.000000,0.000000,18.760636,7.850468,0.261861,0.131170,17.373764,1.543962,45.502111
1403638220145096960.000000,0.000000,0.000000,19.129890,6.531470,0.265284,0.137378,18.122033,0.180419,40.513579
1403638220195097088.000000,0.000000,0.000000,19.351366,7.369629,0.248196,0.136387,17.544615,0.126530,42.596526
1403638220245096960.000000,0.000000,0.000000,18.229811,7.495423,0.253604,0.113474,15.943052,0.123906,40.495595
1403638220295097088.000000,0.000000,0.000000,17.976271,7.328987,0.223299,0.131650,16.487733,0.138306,43.309018
1403638220345096960.000000,0.000000,0.000000,16.354868,7.230074,0.231460,0.124930,17.036735,0.122946,44.440653
1403638220395097088.000000,0.000000,0.000000,17.706314,6.949877,0.239876,0.111554,15.888811,2.193029,41.663582
1403638220445096960.000000,0.000000,0.000000,17.237507,7.149112,0.231715,0.164451,17.387940,0.227940,42.369706
1403638220495097088.000000,0.000000,0.000000,16.441365,7.361468,0.277413,0.140034,16.750234,0.134370,44.644145
1403638220545096960.000000,0.000000,0.000000,16.723065,6.854227,0.264100,0.121154,16.400276,0.141026,41.204566
1403638220595097088.000000,0.000000,0.000000,15.033950,6.908884,0.251876,0.119650,15.470885,0.136643,43.776994
1403638220645096960.000000,0.000000,0.000000,18.483415,7.398492,0.242116,0.131330,15.406884,2.843536,42.931188
1403638220695097088.000000,0.000000,0.000000,18.226354,6.766098,0.223812,0.100481,14.142158,0.096097,40.139396
1403638220745096960.000000,0.000000,0.000000,16.839100,7.133880,0.243525,0.054657,13.989324,0.102370,40.490443
1403638220795097088.000000,0.000000,0.000000,15.841450,6.791507,0.233860,0.052737,12.162764,0.179523,39.476889
1403638220845096960.000000,0.000000,0.000000,16.091791,5.511741,0.284389,0.035265,9.777124,2.002785,40.386665
1403638220895097088.000000,0.000000,0.000000,14.282864,5.528573,0.209540,0.060481,13.530756,0.072193,40.273447
1403638220945096960.000000,0.000000,0.000000,16.481173,5.391578,0.222852,0.049313,12.472370,0.062113,0.000000
1403638220995097088.000000,0.000000,0.000000,58.579579,5.581502,0.214307,0.046688,11.089051,2.521803,0.081121
1403638221045096960.000000,0.000000,0.000000,14.262160,5.682719,0.204100,0.061921,14.154318,0.065570,45.860293
1403638221095097088.000000,0.000000,0.000000,16.338419,6.430860,0.208228,0.043489,13.711718,3.250551,43.781474
1403638221145096960.000000,0.000000,0.000000,18.809436,5.476284,0.218212,0.074593,15.815723,0.083586,42.134822
1403638221195097088.000000,0.000000,0.000000,15.933389,5.445851,0.075105,0.039393,14.568181,0.086657,38.475592
1403638221245096960.000000,0.000000,0.000000,18.336085,5.713344,0.225315,0.042753,12.956954,0.047232,0.000000
1403638221295097088.000000,0.000000,0.000000,18.047600,5.540157,0.201923,0.039232,13.014652,0.042689,0.072834
1403638221345096960.000000,0.000000,0.000000,18.653146,5.368219,0.205860,0.039073,14.942235,0.041537,53.019741
1403638221445096960.000000,0.000000,0.000000,17.657418,5.733056,0.203043,0.028640,14.098317,0.038593,45.204409
1403638221495097088.000000,0.000000,0.000000,17.762667,5.775554,0.210147,0.042849,15.605735,0.039809,42.970772
1403638221545096960.000000,0.000000,0.000000,18.524120,5.689952,0.218532,0.043520,14.935996,0.043905,40.785936
1403638221595097088.000000,0.000000,0.000000,16.993278,5.476316,0.248069,0.034080,13.883754,2.288230,41.831169
1403638221645096960.000000,0.000000,0.000000,20.441592,5.535101,0.290533,0.052321,14.465171,0.170339,46.236587
1403638221695097088.000000,0.000000,0.000000,16.936670,5.590206,0.235556,0.045345,15.661640,0.082977,43.296282
1403638221745096960.000000,0.000000,0.000000,13.160190,5.657407,0.305189,0.078465,16.842876,0.076866,0.000000
1403638221795097088.000000,0.000000,0.000000,17.984687,5.782209,0.280965,0.068993,19.152546,0.077441,0.076354
1403638221845096960.000000,0.000000,0.000000,15.451236,6.493901,0.296965,0.063809,17.712715,0.066273,50.957915
1403638221945096960.000000,0.000000,0.000000,17.337764,8.762803,0.232004,0.050273,15.430628,0.063169,44.611984
1403638221995097088.000000,0.000000,0.000000,12.276174,8.061544,0.223108,0.051585,16.235345,0.063457,41.634525
1403638222045096960.000000,0.000000,0.000000,17.814700,8.238475,0.239749,0.047809,15.831242,2.245542,45.082296
1403638222095097088.000000,0.000000,0.000000,15.773738,8.319724,0.255492,0.043904,16.002798,0.071489,45.343869
1403638222145096960.000000,0.000000,0.000000,17.641577,7.801796,0.233091,0.043905,9.578401,0.052321,42.853010
1403638222195097088.000000,0.000000,0.000000,17.887278,7.665505,0.231684,0.047969,8.371917,0.041985,0.000000
1403638222245096960.000000,0.000000,0.000000,17.156161,7.342876,0.218723,0.032705,7.497502,0.033281,0.076898
1403638222295097088.000000,0.000000,0.000000,16.066126,7.390525,0.237124,0.070498,13.915594,0.052193,47.423360
1403638222345096960.000000,0.000000,0.000000,15.071134,7.199641,0.219236,0.067937,14.152462,0.054337,43.279161
1403638222395097088.000000,0.000000,0.000000,18.943839,7.934662,0.226116,0.067521,14.708344,0.057569,41.600446
1403638222445096960.000000,0.000000,0.000000,16.127184,7.590432,0.258917,0.058145,14.615190,2.474890,41.566909
1403638222495097088.000000,0.000000,0.000000,15.548998,7.463614,0.216260,0.092962,17.242882,0.116418,45.248954
1403638222545096960.000000,0.000000,0.000000,18.693594,8.416077,0.274533,0.047553,15.665864,0.082530,0.000000
1403638222595097088.000000,0.000000,0.000000,17.460710,7.069720,0.283685,0.063745,13.754696,0.079457,0.072481
1403638222645096960.000000,0.000000,0.000000,15.472676,7.123768,0.281221,0.069057,14.321969,0.052961,44.713202
1403638222695097088.000000,0.000000,0.000000,20.177812,7.064631,0.266981,0.064898,16.813787,0.060545,42.732208
1403638222745096960.000000,0.000000,0.000000,18.032048,7.514943,0.257509,0.067681,16.080367,0.055969,43.557054
1403638222795097088.000000,0.000000,0.000000,17.335812,7.233178,0.247717,0.066497,15.461253,2.661069,43.310490
1403638222845096960.000000,0.000000,0.000000,16.955422,7.261722,0.271973,0.069537,15.758537,0.083649,41.425722
1403638222895097088.000000,0.000000,0.000000,16.148495,8.042215,0.290789,0.048641,13.636005,0.094337,43.337242
1403638222945096960.000000,0.000000,0.000000,18.454519,8.188042,0.254885,0.076033,16.874620,0.065153,36.178050
1403638222995097088.000000,0.000000,0.000000,16.687609,7.806531,0.265028,0.063617,17.910765,0.071873,35.036623
1403638223045096960.000000,0.000000,0.000000,16.952605,7.787587,0.309093,0.060001,17.785195,0.090209,35.543127
1403638223095097088.000000,0.000000,0.000000,16.468661,7.868325,0.247812,0.069089,15.936268,2.460202,36.274083
1403638223145096960.000000,0.000000,0.000000,16.776250,7.022198,0.254500,0.077665,15.303522,0.128130,36.216482
1403638223195097088.000000,0.000000,0.000000,17.405189,7.239482,0.215588,0.071073,16.372340,0.084194,37.377686
1403638223245096960.000000,0.000000,0.000000,17.514727,7.020151,0.226308,0.067202,15.816906,0.067137,41.396282
1403638223295097088.000000,0.000000,0.000000,17.689962,7.321212,0.225700,0.000000,0.000000,0.000000,38.288358
1403638223345096960.000000,0.000000,0.000000,16.993342,7.002070,0.287525,78946834830409580544.000000,0.000000,0.000000,38.664843
1403638223395097088.000000,0.000000,0.000000,16.327699,7.113624,0.293413,131941413018869.281250,0.000000,0.000000,39.660829
1403638223445096960.000000,0.000000,0.000000,17.245570,7.832516,0.269509,1099511904988.949219,0.000000,0.000000,36.360773
1403638223495097088.000000,0.000000,0.000000,16.582359,7.950182,0.280997,-nan,0.000000,0.000000,37.632858
1403638223545096960.000000,0.000000,0.000000,17.678058,7.628000,0.230084,8152876633978.152344,0.000000,0.000000,40.419082
1403638223595097088.000000,0.000000,0.000000,15.406019,7.872229,0.250500,224793264052502528.000000,0.000000,0.000000,38.316006
1403638223645096960.000000,0.000000,0.000000,14.441235,7.498206,0.274437,0.000000,0.000000,0.000000,39.184084
1403638223695097088.000000,0.000000,0.000000,15.119806,7.956742,0.283717,9847019979931646.000000,0.000000,0.000000,39.056882
1403638223745096960.000000,0.000000,0.000000,20.679293,7.672289,0.285029,131941412781391.125000,0.000000,0.000000,38.131651
1403638223795097088.000000,0.000000,0.000000,15.353603,7.565215,0.109345,962072812593.122070,0.000000,0.000000,0.000000
1403638223845096960.000000,0.000000,0.000000,15.742249,7.726978,0.259173,-nan,0.000000,0.000000,0.072065
1403638223895097088.000000,0.000000,0.000000,15.946669,7.995494,0.255941,3320649904905.126953,0.000000,4073118037802965466429072590407799896176017752662736896.000000,41.331097
1403638223945096960.000000,0.000000,0.000000,14.212847,8.254123,0.266149,153433447581351936.000000,226926280711340032.000000,0.000000,39.406488
1403638223995097088.000000,0.000000,0.000000,14.677175,7.713890,0.267076,0.000000,0.000000,0.000000,40.383081
1403638224045096960.000000,0.000000,0.000000,14.221968,7.842692,0.129442,372935102688133056.000000,0.000000,0.000000,37.905279
1403638224095097088.000000,0.000000,0.000000,14.272465,7.796611,0.256484,131941412774052.765625,0.000000,0.000000,39.581819
1403638224145096960.000000,0.000000,0.000000,14.350161,8.687251,0.273284,1924145625369.582031,0.000000,0.000000,38.858767
1403638224195097088.000000,0.000000,0.000000,14.755672,7.929893,0.270820,-nan,0.000000,0.000000,42.223016
1403638224245096960.000000,0.000000,0.000000,15.893292,7.818756,0.301637,943995196932389504.000000,0.000000,0.000000,40.053795
1403638224295097088.000000,0.000000,0.000000,14.071181,7.476670,0.279173,100236542686.000000,0.000000,0.000000,42.516684
1403638224345096960.000000,0.000000,0.000000,15.461541,7.471933,0.345766,0.000000,0.000000,0.000000,0.000000
1403638224395097088.000000,0.000000,0.000000,13.963883,7.298811,0.266948,15389169811455.998047,0.000000,0.000000,0.071617
1403638224445096960.000000,0.000000,0.000000,14.648439,7.003478,0.258788,131941413069219.359375,0.000000,0.000000,51.014556
1403638224545096960.000000,0.000000,0.000000,15.414371,10.348367,0.300581,1337006419498216.500000,0.000000,0.000000,46.375470
1403638224595097088.000000,0.000000,0.000000,12.987802,7.515742,0.280292,-nan,0.000000,0.000000,40.076900
1403638224645096960.000000,0.000000,0.000000,14.944764,8.479599,0.261060,120798756614126480.000000,0.000000,0.000000,0.000000
1403638224695097088.000000,0.000000,0.000000,14.527956,7.805443,0.277093,632980741369626624.000000,0.000000,0.000000,0.067489
1403638224745096960.000000,0.000000,0.000000,14.005292,7.965446,0.231396,0.000000,279.936035,0.000000,42.995700
1403638224795097088.000000,0.000000,0.000000,13.141213,8.684979,0.297221,95471386288162062336.000000,39.398407,0.000000,48.207053
1403638224845096960.000000,0.000000,0.000000,13.867498,8.101992,0.313158,131941413015200.109375,273.207001,0.000000,46.676755
1403638224895097088.000000,0.000000,0.000000,15.334179,7.461533,0.334341,96757040985659.421875,0.232568,0.000000,47.832454
1403638224945096960.000000,0.000000,0.000000,15.069406,10.485425,0.277893,-nan,0.000000,0.000000,47.639746
1403638224995097088.000000,0.000000,0.000000,15.915660,8.071624,0.292005,169210478011338144.000000,0.000000,0.000000,54.016206
1403638225095097088.000000,0.000000,0.000000,15.544582,8.694674,0.297925,560618785690615808.000000,0.000000,0.000000,46.281644
1403638225145096960.000000,0.000000,0.000000,14.292081,9.998088,0.283941,0.000000,0.232568,0.000000,44.371820
1403638225195097088.000000,0.000000,0.000000,15.499237,8.890902,0.296805,183827085165078740992.000000,0.000000,0.000000,44.336907
1403638225245096960.000000,0.000000,0.000000,15.395556,8.574256,0.244996,131941413000523.390625,0.000000,0.000000,47.317374
1403638225295097088.000000,0.000000,0.000000,15.765801,8.684786,0.272100,57174613449536.476562,0.000000,0.000000,45.203962
1403638225345096960.000000,0.000000,0.000000,15.632327,7.626976,0.289381,-nan,0.232568,0.000000,44.394668
1403638225395097088.000000,0.000000,0.000000,14.963004,7.713602,0.290661,39947946643277560.000000,-0.372050,0.000000,46.885270
1403638225445096960.000000,0.000000,0.000000,13.511203,6.965237,0.291173,3731547604582400.000000,-2.302457,0.000000,47.841798
1403638225495097088.000000,0.000000,0.000000,13.818441,7.750051,0.237892,0.000000,-0.780051,0.000000,46.810805
1403638225545096960.000000,0.000000,0.000000,15.446372,8.950199,0.264517,136782624195054911488.000000,0.000000,0.000000,46.008743
1403638225595097088.000000,0.000000,0.000000,17.700842,8.060648,0.270468,131941412978508.328125,131941413000523.390625,0.000000,47.634723
1403638225645096960.000000,0.000000,0.000000,16.270418,8.736787,0.326469,268435522.808362,9.014220,0.000000,0.000000
1403638225695097088.000000,0.000000,0.000000,13.892457,7.851140,0.333350,-nan,15.624694,0.000000,0.053057
1403638225745096960.000000,0.000000,0.000000,13.449891,7.957702,0.360390,15898467976475130.000000,3.609557,0.000000,58.624540
1403638225845096960.000000,0.000000,0.000000,14.120493,11.483201,0.345734,11488301510400.000000,0.000000,0.000000,51.018044
1403638225945096960.000000,0.000000,0.000000,16.868508,9.501056,0.246660,0.000000,0.000000,0.000000,46.058793
1403638225995097088.000000,0.000000,0.000000,16.755642,8.696755,0.129762,4305589370879.999512,0.000000,0.000000,45.955847
1403638226045096960.000000,0.000000,0.000000,14.905627,5.987333,0.343078,131941413065550.187500,0.000000,0.000000,44.563535
1403638226095097088.000000,0.000000,0.000000,15.672296,3.953570,0.327686,4294968353.183768,0.000000,0.000000,46.869622
1403638226145096960.000000,0.000000,0.000000,14.175215,4.219847,0.296997,-nan,0.000000,0.000000,44.302955
1403638226195097088.000000,0.000000,0.000000,14.443635,3.377081,0.248068,566581436948125568.000000,0.000000,0.000000,0.000000
1403638226245096960.000000,0.000000,0.000000,16.089007,3.065523,0.179331,1539928501728.000000,0.000000,0.000000,0.056609
1403638226295097088.000000,0.000000,0.000000,14.076557,4.539564,0.388422,0.000000,0.000000,0.000000,55.930319
1403638226395097088.000000,0.000000,0.000000,16.718746,3.501371,0.392198,38464921796607.992188,0.000000,0.000000,44.637840
1403638226445096960.000000,0.000000,0.000000,14.747225,3.301943,0.405287,131941413063715.593750,0.000000,0.000000,48.034153
1403638226495097088.000000,0.000000,0.000000,14.887643,4.496971,0.337542,527765651623794.937500,0.000000,0.000000,50.437810
1403638226595097088.000000,0.000000,0.000000,16.510582,6.902100,0.245829,-nan,0.000000,0.000000,47.916200
1403638226645096960.000000,0.000000,0.000000,16.215057,7.205498,0.420167,534306922502434432.000000,0.000000,0.000000,48.574835
1403638226695097088.000000,0.000000,0.000000,15.444836,6.730194,0.412999,210078025576448.000000,0.000000,0.000000,48.292142
1403638226745096960.000000,0.000000,0.000000,17.628585,3.226262,0.382951,0.000000,0.000000,0.000000,44.947509
1403638226795097088.000000,0.000000,0.000000,15.452708,6.896436,0.351238,38464921796607.992188,0.000000,0.000000,45.640002
1403638226845096960.000000,0.000000,0.000000,15.962445,6.854995,0.415303,131941413069219.359375,0.000000,0.000000,43.186232
1403638226895097088.000000,0.000000,0.000000,15.342914,5.776193,0.491560,240518202907.312561,0.000000,0.000000,0.000000
1403638226945096960.000000,0.000000,0.000000,16.032590,3.217143,0.416455,-nan,0.000000,0.000000,0.074561
1403638226995097088.000000,0.000000,0.000000,14.523764,4.169095,0.483656,8152876640106.239258,0.000000,0.000000,53.551879
1403638227095097088.000000,0.000000,0.000000,16.064783,6.440652,0.456840,89713775864709120.000000,0.000000,0.000000,51.933867
1403638227195097088.000000,0.000000,0.000000,16.314579,6.986070,0.451336,0.000000,0.000000,0.000000,46.674707
1403638227245096960.000000,0.000000,0.000000,15.417891,7.052854,0.258148,534307125761933248.000000,0.000000,0.000000,46.487952
1403638227295097088.000000,0.000000,0.000000,14.565557,5.589246,0.171523,131941412774052.765625,0.000000,0.000000,47.675620
1403638227345096960.000000,0.000000,0.000000,16.197200,5.984901,0.239780,34359746987.528374,0.000000,0.000000,46.292044
1403638227395097088.000000,0.000000,0.000000,15.164351,3.338136,0.212484,-nan,0.000000,0.000000,44.989398
1403638227445096960.000000,0.000000,0.000000,16.177393,6.204136,0.218436,21065644613032.957031,0.000000,0.000000,44.578480
1403638227495097088.000000,0.000000,0.000000,15.025117,3.136021,0.318629,136260638553931776.000000,0.000000,0.000000,46.395470
1403638227545096960.000000,0.000000,0.000000,14.520372,2.556139,0.394311,0.000000,0.000000,0.000000,44.855284
1403638227595097088.000000,0.000000,0.000000,18.005071,2.550507,0.340262,405209342376148928.000000,0.000000,0.000000,45.979431
1403638227645096960.000000,0.000000,0.000000,16.197265,4.612526,0.344582,131941412818082.906250,0.000000,0.000000,48.789398
1403638227695097088.000000,0.000000,0.000000,15.874444,5.761729,0.346758,879609443861414.625000,0.000000,0.000000,47.157307
1403638227745096960.000000,0.000000,0.000000,15.981229,5.103926,0.240164,-nan,0.000000,0.000000,46.487376
1403638227795097088.000000,0.000000,0.000000,15.654856,5.822146,0.401639,8152876633290.181641,0.000000,0.000000,46.861173
1403638227845096960.000000,0.000000,0.000000,17.416933,4.116389,0.375974,343018562606071808.000000,0.000000,0.000000,47.286653
1403638227895097088.000000,0.000000,0.000000,15.036605,3.471771,0.260580,0.000000,0.000000,0.000000,49.775302
1403638227945096960.000000,0.000000,0.000000,14.797945,4.122981,0.178275,13881325710737406.000000,0.000000,0.000000,46.943095
1403638227995097088.000000,0.000000,0.000000,17.551784,6.354283,0.167075,131941412774052.765625,0.000000,0.000000,46.300492
1403638228045096960.000000,0.000000,0.000000,16.832443,2.437769,0.093698,65970706510120.898438,0.000000,0.000000,47.320733
1403638228095097088.000000,0.000000,0.000000,16.239986,3.230486,0.110306,-nan,0.000000,0.000000,48.411056
1403638228145096960.000000,0.000000,0.000000,14.682007,5.870243,0.392519,4070007792308926976.000000,0.000000,0.000000,50.216942
1403638228245096960.000000,0.000000,0.000000,18.010096,3.215062,0.415335,918719414648832.000000,138.931213,0.000000,46.326189
1403638228295097088.000000,0.000000,0.000000,16.162832,3.159317,0.448968,0.000000,362.880066,0.000000,51.656582
1403638228395097088.000000,0.000000,0.000000,16.804347,6.357323,0.414663,724014448246783.875000,134.654724,0.000000,53.709609
1403638228495097088.000000,0.000000,0.000000,14.495732,6.888564,0.343462,131941413091234.437500,0.232568,0.000000,42.626766
1403638228545096960.000000,0.000000,0.000000,17.469542,6.918772,0.363046,268435523.096321,0.000000,0.000000,0.000000
1403638228595097088.000000,0.000000,0.000000,14.558453,6.989717,0.436295,-nan,0.000000,0.000000,0.068609
1403638228645096960.000000,0.000000,0.000000,17.295971,5.523997,0.000000,437483653532283392.000000,0.000000,0.000000,50.589428
1403638228745096960.000000,0.000000,0.000000,15.765290,3.621309,0.000000,1449412275680.000000,0.232568,0.000000,54.406389
1403638228845096960.000000,0.000000,0.000000,15.844011,7.157689,0.000000,0.000000,0.000000,0.000000,50.148845
57317805038753537443906977792.000000,0.000000,0.000000,7056999878601210880.000000,0.000000,0.000000,208613912351707463680.000000,0.000000,0.000000,47.486208
7146826673035674648576.000000,0.000000,0.000000,7146826682342.442383,0.000000,0.000000,131941412974839.140625,0.000000,0.000000,47.687107
8796095233792968491008.000000,0.000000,0.000000,9895606856564.222656,340143149800155067188198162010084035965962724460807255838128976042982360991008608990119998010428311651056182780736125798359237402222205735062059599420982900852880362700800.000000,0.000000,17179873474.517273,0.232568,0.000000,46.402766
-nan,0.000000,0.000000,-nan,-0.000000,0.000000,-nan,-0.287236,0.000000,49.350400
7222655517557392408576.000000,0.000000,0.000000,7222655517318.513672,-0.000000,0.000000,48016540915157144.000000,-2.113071,0.000000,52.378483
8836247788847103932891136.000000,0.000000,0.000000,78059571014270976.000000,0.000000,0.000000,5315675181.875000,-0.666790,0.000000,42.397067
1.000000,0.000000,0.000000,0.000000,0.000000,0.000000,0.000000,0.000000,20725017484652275278635561160726038508816158038278301001321460678818464840327550754346781503477600799303499562812770914348878694059937668844454594740224.000000,47.224443
71661980958161100195906977792.000000,0.000000,0.000000,57317805038753538048.000000,702220537190654639123118967070830054342656.000000,0.000000,95471386288162062336.000000,6442452021.625000,-0.000000,43.637023
7146826670806140977152.000000,0.000000,0.000000,7146826671761.655273,-532355888307901851117038499678076423463705158289506942332948648842670547327710694283257380070839240251298218597632808331883228192849279116435636003514500742131240818743542022144.000000,0.000000,131941412982177.500000,5.811714,0.000000,47.367327
7881300474445050746503168.000000,0.000000,0.000000,12094630116516.462891,0.000000,0.000000,481036405212.890869,19.989023,0.000000,51.319553
-nan,0.000000,0.000000,-nan,-0.000000,0.000000,-nan,-4.474998,0.000000,44.787795
198132271010037825536.000000,0.000000,0.000000,2390428778839.163574,0.000000,0.000000,185347597857224704.000000,0.000000,0.000000,44.330283
127071263895060478926258176.000000,0.000000,0.000000,7755350549331968.000000,256857716098304418005943113394496428068127674493517295179472928580107230881986333806428160.000000,0.000000,472564671858081792.000000,0.000000,0.000000,51.174719
1.000000,0.000000,0.000000,0.000000,0.000000,0.000000,0.000000,0.000000,0.000000,51.865802
7415603396977097652488372224.000000,0.000000,0.000000,58752236704443129856.000000,0.000000,0.000000,72235802882557861888.000000,0.000000,0.000000,46.330796
7146826682820200497152.000000,0.000000,0.000000,7146826670169.129883,0.000000,0.000000,131941413030693.000000,0.000000,0.000000,46.826549
1196268933406370752888832.000000,0.000000,0.000000,10737420392.094168,1160.693137,0.000000,1548112655594355.750000,0.000000,0.000000,45.963783
-nan,0.000000,0.000000,-nan,547743233973956883693756935041947545233598258671393913700352.000000,0.000000,-nan,0.000000,0.000000,46.790036
12984796513892286171447296.000000,0.000000,0.000000,198132271010.037811,0.000000,0.000000,340660385013000896.000000,0.000000,0.000000,47.518688
22708115038797823731564544.000000,0.000000,0.000000,116715032592515072.000000,0.000000,0.000000,1161477548900352.000000,0.000000,0.000000,45.848965
1.000000,0.000000,0.000000,0.000000,0.000000,0.000000,0.000000,0.000000,0.000000,48.033513
7415603396977097652488372224.000000,0.000000,0.000000,22891726537180049408.000000,0.000000,0.000000,21065656958975.996094,0.000000,0.000000,49.607012
7146826682342442008576.000000,0.000000,0.000000,7146826671443.150391,0.000000,0.000000,131941413096738.203125,0.000000,0.000000,46.625041
134217761591327488.000000,0.000000,0.000000,140737523807645.937500,0.000000,0.000000,3221225996.103131,0.000000,0.000000,46.331277
-nan,0.000000,0.000000,-nan,0.000000,0.000000,-nan,0.000000,0.000000,48.432080
8894796803898335085723648.000000,0.000000,0.000000,5854687460439.493164,0.000000,0.000000,1767851158130995456.000000,0.000000,0.000000,46.548080
3873446879363071966445568.000000,0.000000,0.000000,565359879544373248.000000,0.000000,0.000000,2034695939784704.000000,0.000000,0.000000,47.614979
1.000000,0.000000,0.000000,0.000000,0.000000,0.000000,0.000000,0.000000,0.000000,46.028776
78214446836613102820130816.000000,0.000000,0.000000,24326140610683596800.000000,0.000000,0.000000,1251460836199759616.000000,0.000000,0.000000,57.602987
7146826686632756772864.000000,0.000000,0.000000,7146826670806.140625,0.000000,0.000000,131941412818082.906250,0.000000,0.000000,52.541077
43980473959649894203392.000000,0.000000,0.000000,9895606866387.544922,3493378913621111373351028477734027689223870743230832876903518261450620884450722533003961805312551693790408523396633478545106257314630724773327425558759644205048125234161442799956398149877226726402821231221132119809018393302614933504.000000,0.000000,201326625.652872,0.000000,0.000000,45.460734
-nan,0.000000,0.000000,-nan,0.000000,0.000000,-nan,0.000000,0.000000,46.775988
179071997460618942124916736.000000,0.000000,0.000000,21963195971637780.000000,0.000000,0.000000,3320649901554.428711,0.000000,0.000000,48.269613
194212272128655357852516352.000000,0.000000,0.000000,28721692187136.000000,0.000000,0.000000,530483096118624256.000000,0.000000,0.000000,51.391522
1.000000,0.000000,0.000000,0.000000,3517447492444620899079046104081041583818307330654394945948276514481542328663511823111874593144734079373869453791962536930992950511115414889015099445958158609916163049341453534576134928597345501121181631721327675415874276060236349440.000000,0.000000,0.000000,0.000000,0.000000,47.364478
268723253168570333640261632.000000,0.000000,0.000000,167865738747445216.000000,0.000000,0.000000,340660588122210240.000000,0.000000,0.000000,46.778676
7146826682183190577152.000000,0.000000,0.000000,7146826682979.453125,0.000000,0.000000,131941412796067.828125,0.000000,0.000000,48.655092
30064775356992667648.000000,0.000000,0.000000,962072810707.133667,0.000000,0.000000,805306503.127721,0.000000,0.000000,47.677604
-nan,0.000000,0.000000,-nan,0.000000,0.000000,-nan,169335373476921344.000000,0.000000,50.522579
8194399301933581480230912.000000,0.000000,0.000000,6093198222004502.000000,0.000000,0.000000,1638753102916525056.000000,0.000000,0.000000,45.761091
89654842517503998951424.000000,0.000000,0.000000,681518570881024.000000,0.000000,0.000000,15800641613568.000000,0.000000,0.000000,43.018581
1.000000,0.000000,0.000000,0.000000,0.000000,0.000000,0.000000,0.000000,0.000000,47.300669
1201254936252251885122093056.000000,0.000000,0.000000,235104035881877472.000000,1593026500377249266558909006388327388803609297128439784650711806448014849349365729853440.000000,0.000000,3811815498476158464.000000,0.000000,0.000000,43.046165
7146826683297957937152.000000,0.000000,0.000000,7146826681864.685547,-0.000000,0.000000,131941413030693.000000,0.000000,0.000000,53.247233
1073742094645113984.000000,0.000000,0.000000,1374389808586.961426,574589627980682218536825724393734820679659082279639865736925441369333755583512998776334153832018163662155116036457326056505113313280.000000,0.000000,8388610.102592,0.000000,0.000000,48.658068
-nan,0.000000,0.000000,-nan,0.000000,0.000000,-nan,0.000000,0.000000,44.742130
17187198668858210748727296.000000,0.000000,0.000000,41516777859093672.000000,56194836345035041886728974454168171836313793461092822914346395197474813681854721652290172584678763610841151471068982991335475610520452927388029829052473011211033147713244025236532786557525486459355660288.000000,0.000000,6183000801458.312500,0.000000,0.000000,42.094886
1034999025553637367410065408.000000,0.000000,0.000000,12561810912968704.000000,0.000000,0.000000,136671924622196736.000000,0.000000,0.000000,45.026295
1.000000,0.000000,0.000000,0.000000,-0.000000,14009240706786262.000000,0.000000,0.000000,0.000000,44.978421
1739162412839337709122093056.000000,0.000000,0.000000,235104035881877472.000000,-1104.129932,0.000000,0.000000,0.000000,0.000000,42.464427
7146826679953654808576.000000,0.000000,0.000000,7146826684571.977539,0.000000,0.000000,0.000000,0.000000,0.000000,40.257638
8589936733285110784.000000,0.000000,0.000000,3221226009.974732,-0.000000,0.000000,0.000000,0.000000,0.000000,39.854591
-nan,0.000000,0.000000,-nan,0.000000,0.000000,0.000000,0.000000,0.000000,38.397639
1673899363060269979795456.000000,0.000000,0.000000,15786395081843244.000000,0.000000,0.000000,0.000000,238.464035,0.000000,45.462366
468838845031999995904.000000,0.000000,0.000000,4496303036628992.000000,302191103056524127755505684893521899719528982055785750916169855426858845597009335261309758599779497430968497480482538898680816273070758987410374294100255136644438455760841931362329836323728636473823976938938866895614150967671157049799051575296.000000,0.000000,0.000000,427.161652,0.000000,42.295817
1.000000,0.000000,0.000000,0.000000,0.000000,0.000000,-202724992480933110096139654176571789093635995472368924311803329627438988284414217929267615717124373049365489364671967775427867024201987670142101243917229417634430154502736745085689767362529626520637407232.000000,228.159790,0.000000,40.217925
4399924476964240858244186112.000000,0.000000,0.000000,316454564758814656.000000,578046697428573.750000,231692046460518.468750,-19495149880782051646898906027293440475166586516676289334618362126619261088056239546119344289385544561315246416559197124929175398240657475323273112152991352821253369410108771246219119366400317710761784638422982732940505868244896321793687552.000000,0.232568,0.000000,38.229380
7146826667710220337152.000000,0.000000,0.000000,7146826682820.200195,0.000000,0.000000,60342726745652839507969078881884511761317061090902756986733920870157364580319232.000000,0.000000,0.000000,37.343381
3221226012247785472.000000,0.000000,0.000000,1759218886093472.500000,0.000000,0.000000,0.000000,0.000000,0.000000,37.799901
-nan,0.000000,0.000000,-nan,121659563673732293156694351269162742931631892537483158888964737055546590621629917579443192263184004523783932916306804736.000000,0.000000,1168.750981,0.000000,0.000000,38.455080
198132270997596209152.000000,0.000000,0.000000,6793600018447327.000000,-0.000000,0.000000,0.000000,0.232568,0.000000,39.838847
340848401245536251705032704.000000,0.000000,0.000000,3821928746647552.000000,55468185769951672534497577725983380977248789962642189812767691390996448272187392.000000,0.000000,-0.000000,0.000000,0.000000,36.759563
1.000000,0.000000,0.000000,0.000000,-0.000000,0.000000,-0.000000,0.000000,0.000000,36.815436
53014545226056850851906977792.000000,0.000000,0.000000,5263977888675265536.000000,0.000000,0.000000,283404030648130249294933805649140268553398981797423179477583429144625966993056419067565843555564275484296405348119878767674541939839242161183649292495868913259834133804797502146118788901746895899166231934904103269969750908910610247843840.000000,0.000000,0.000000,53.356195
7146826668984240177152.000000,0.000000,0.000000,7146826681386.927734,-0.000000,7806387662116880.000000,-0.000000,0.232568,0.000000,47.569441
7318350513908972949340160.000000,0.000000,0.000000,134217761.347539,851197756943549815043340259214376826269207349091238468383656662441858052514143738527744.000000,0.000000,0.000000,-2.491329,0.000000,42.587149
-nan,0.000000,0.000000,-nan,-0.000000,0.000000,0.000000,-1.435166,0.000000,41.585949
292382642194012209152.000000,0.000000,0.000000,5854687461544.756836,0.000000,0.000000,0.000000,-2.602517,0.000000,43.848578
20145665907199999737856.000000,0.000000,0.000000,348642289419026432.000000,-87867647831785446727301298137259753132306229104424661255912686192793511014210434909627668104216576.000000,0.000000,158591994270227463082390129187889659874781748618302561869780473781002706016797845742449566926665267055357456169658004649383312293391014039758388700048826654181556224.000000,0.000000,0.000000,51.474851
1.000000,0.000000,0.000000,0.000000,-0.000000,0.000000,0.000000,3862289679260843520.000000,0.000000,46.112169
67358721145464413603906977792.000000,0.000000,0.000000,35801505975270109184.000000,18334607289447890740761712825628350650009149663897193171039195253881969404157350467038067975825662814282085195825678229396512169004566295930946058139970932913350497699677339648.000000,0.000000,0.000000,7.307473,0.000000,47.751173
7146826669621250097152.000000,0.000000,0.000000,7146826670806.140625,-0.000000,0.000000,0.000000,11.358892,0.000000,45.841540
206158464541740400640.000000,0.000000,0.000000,9570151476389654.000000,4362361717576383212078673469439266633751826684370604031147657734738552342401814113911046144.000000,34269204989647212.000000,0.000000,-0.799864,0.000000,44.495662
-nan,0.000000,0.000000,-nan,0.000000,0.000000,-0.000000,0.000000,0.000000,53.714089
1706444472491581898752.000000,0.000000,0.000000,718994022426.071167,0.000000,0.000000,95883509075714923736237971227866856132963067104007422178276280091136314250331998168274940604236416764911200504084070889852452238000128.000000,0.000000,0.000000,51.696871
967247175827455991611392.000000,0.000000,0.000000,13931522131.250000,0.000000,0.000000,437716006620275184161471068143202950854482782716722207803082159079094593596465815273347956073986164944300949357110393739432476339597927561971630619300301642391360205066237937017740160510362289842902011955708395430595729415889582343865378134919479296.000000,0.000000,0.000000,46.760340
1.000000,0.000000,0.000000,0.000000,0.000000,0.000000,0.000000,0.000000,0.000000,46.653938
78214446836613102820130816.000000,0.000000,0.000000,51580113560367259648.000000,7738988482471549045701207929544360889740012417692800368275295066652672.000000,0.000000,0.000000,0.000000,0.000000,46.804084
7146826685208987697152.000000,0.000000,0.000000,7146826665799.190430,-58926371966098507779347464775177034227110498945209105131736330472625441251836666053470297908013462728926800120285785588875217216401969160713366883199488393137830387642417987111686620538333809708831653136234212304074436876376148541440.000000,0.000000,0.000000,0.000000,0.000000,45.261243
79164854677724773482496.000000,0.000000,0.000000,5066550700372528.000000,0.000000,0.000000,0.000000,0.000000,0.000000,42.619118
-nan,0.000000,0.000000,-nan,0.000000,69243781045795176.000000,2638557118693689220929625152843636324231179695279622714281947720769034001866283741999637029726701976068499584998893784731875820273354062064181457460105037550400307200.000000,0.000000,0.000000,43.274905
63929566459529135531229184.000000,0.000000,0.000000,111833544793620448.000000,0.000000,0.000000,-0.000000,0.000000,0.000000,46.539536
3089554232127999967232.000000,0.000000,0.000000,68369325581402112.000000,8787509277423399229022947990552974795864511344957614999427952367872483242423750724743761323093245257386300523011398541338003178914883689632564174942614270418767273139643435705894619005620026891208612511646277364834507236779475060930039899120107464417083392.000000,0.000000,0.000000,0.000000,0.000000,45.166425
1.000000,0.000000,0.000000,0.000000,216037068497038136583784653526134733246388185473330401685820842512243946411481192104291723127116428155451049741030927904832488957677848500270792704.000000,0.000000,0.000000,0.000000,0.000000,50.247630
100627235454582766820130816.000000,0.000000,0.000000,78214446836613104.000000,0.000000,0.000000,2638529438115000135269844741711585981408155091365068632166284739115966146140247707304780051907691153205641140724303430415459310844574669442095937529722764907836866560.000000,0.000000,0.000000,46.481551
7146826684571977777152.000000,0.000000,0.000000,7146826685049.735352,0.000000,0.000000,22527953059801757659820001861241271222272.000000,0.000000,0.000000,47.196251
30786329951926306734080.000000,0.000000,0.000000,32985353209090.355469,587658339931036539044726303370662664884594039598313633850693792873135335996129738775257688987707684510461068798773363811338971891001808307358662884300572965694509517386198287769061567323783908026319001250275028860377282459095055796790796222464.000000,0.000000,0.000000,0.000000,0.000000,45.479710
-nan,0.000000,0.000000,-nan,0.000000,0.000000,0.000000,0.000000,0.000000,48.589715
1060986036136796356608.000000,0.000000,0.000000,52723172150544304.000000,-0.000000,2000486530758939.750000,0.000000,0.000000,0.000000,51.774600
1510309260162354.000000,0.000000,0.000000,4394267988800.000000,-0.000000,0.000000,23165980875185748986680195334395733737472.000000,0.000000,0.000000,52.594070
1.000000,0.000000,0.000000,0.000000,0.000000,0.000000,0.000000,0.000000,0.000000,45.883877
27194986349876735697953488896.000000,0.000000,0.000000,89420806785859568.000000,68367591155560810338078350251778623780749138472679897847019150821182991189707939257139205108637012502329007083835798880862716609691648.000000,0.000000,0.000000,0.000000,0.000000,48.172492
7146826666436200497152.000000,0.000000,0.000000,7146826684412.725586,0.000004,0.000000,0.000000,0.000000,0.000000,48.879480
4222125205189651234553856.000000,0.000000,0.000000,105553133758366.937500,-0.000000,0.000000,0.000000,0.000000,0.000000,53.568358
-nan,0.000000,0.000000,-nan,-127530085844010011379783516951295387176267635197921626759339983437284900226422612744604904006992036669555479485578817162690824396787643393045884475467559404325979172278828445358753869403651471679699902248825090900025019283987007057976555392235537514976883968355336192.000000,0.000000,1008084882644376740138152963961962939018508498639946479345157364916414697221442664136704.000000,0.000000,0.000000,49.193501
292382642127421571072.000000,0.000000,0.000000,2390428778147.185547,0.000000,0.000000,0.000000,0.000000,0.000000,49.657957
819829381203124992.000000,0.000000,0.000000,901415509604433920.000000,-1716313131993168550828179456.000000,1154461725552788.000000,18858386115128854634811008860259038182617146795562090101378996080673680392315878512884759440420152201928309887862642727266228770980922955577639353184584183689762173086620104137298866352677745075709169031131025935923349166224203611654049497088.000000,0.000000,0.000000,47.227548
1.000000,0.000000,0.000000,0.000000,-147032998229102768168578339304136310849577140340424981459202689990656.000000,0.000000,0.000000,0.000000,0.000000,49.518659
45842457266353069475906977792.000000,0.000000,0.000000,25760572276373188608.000000,-448663676701122736052080120482344188288011942042693025681096998272240461044457438730663634742479421440.000000,0.000000,1008084882644602896562444597156149601098603592209972397283957444143054262815208119468032.000000,0.000000,0.000000,51.019228
7146826670487634968576.000000,0.000000,0.000000,7146826666436.200195,0.000000,0.000000,0.000000,0.000000,0.000000,46.999288
8589936694746005504.000000,0.000000,0.000000,32985353131060.765625,0.000000,0.000000,301734177842061674156976141764144610921874348728993441622063937290778886277054056206156151046722435230852958205802283636259660335694767289242229650953346939036194769385921666196781861642843921211346704498096414974773586659587257786464791953408.000000,-nan,-0.000000,50.743895
-nan,0.000000,0.000000,-nan,0.000000,0.000000,-0.000000,0.000000,-6023260212613288884725096719731116663249882044675656381082537234356377892291555279194797836396231347543607432704878318957008949780758911260810152930385310772104444790273536715857878283537614476695173416600523108637808305082948392978875416576.000000,47.045464
5854687462022513164288.000000,0.000000,0.000000,198132271077.222473,0.000000,0.000000,5343781107365245974295093884879628113189740013545785302294440238391569880479559792828766779207854862617271947598545648163246393684527143499580599880288050531045932378553052087914639173444353117680546539143364301070768674752533517364098125900801759875475777861882802540850849240171151360.000000,0.000000,0.000000,48.247693
11126501562122239865782272.000000,0.000000,0.000000,6916357.040649,0.000000,0.000000,0.000000,0.000000,0.000000,52.291153
1.000000,0.000000,0.000000,0.000000,0.000000,100638080892051.656250,0.000000,0.000000,0.000000,48.978202
25760572276373188305953488896.000000,0.000000,0.000000,42973629119345975296.000000,0.000000,0.000000,-0.000000,0.000000,0.000000,47.903943
7146826672398664728576.000000,0.000000,0.000000,7146826670169.129883,0.000000,0.000000,0.000000,0.000000,0.000000,50.689974
70368761905843422625792.000000,0.000000,0.000000,17179873512.062534,-0.000000,0.000000,0.000000,0.000000,0.000000,46.910231
-nan,0.000000,0.000000,-nan,2647080559589188092592095364914785610203655001390718998858478603816713535977134801883618336546065590960660126866127437538419234782356159290470542538002695827120667661915280808844648134916017779046830672582562237313883537084882296034447481146179584.000000,0.000000,42279905831615655520549391891597349906691846789047643184412821356980801664639560953029956589024669110226325583909285031720269102140295166350771458626266450785170620416.000000,0.000000,0.000000,50.683477
11121090230606238842880.000000,0.000000,0.000000,125036610561.392654,0.000000,0.000000,0.000000,0.000000,0.000000,46.355725
622114817137704951410065408.000000,0.000000,0.000000,5277962249856.000000,0.000000,0.000000,0.000000,0.000000,0.000000,47.559937
1.000000,0.000000,0.000000,0.000000,0.000000,0.000000,0.000000,0.000000,0.000000,48.722965
25760572276373188305953488896.000000,0.000000,0.000000,37235937640959696896.000000,0.000000,134552887497318.000000,170075259953447142409771465605985500749647889329843677906287338476005131261790704530134221207652232234731207369623691174771932399877223619070315680767320619503094041935872.000000,0.000000,0.000000,49.657381
7146826671443150897152.000000,0.000000,0.000000,7146826665799.190430,0.000000,0.000000,0.000000,0.000000,0.000000,50.417585
240518203216359391232.000000,0.000000,0.000000,1649267713925.562744,0.000000,0.000000,-7643440515456048513273847006642691295249822331010008777415957165923848382403275940231585078800452512801597384827918845196856116794910436590080872308500895257349041684480.000000,0.000000,0.000000,47.025688
-nan,0.000000,0.000000,-nan,0.000000,0.000000,0.000000,219.801636,0.000000,50.926522
7222655515894745137152.000000,0.000000,0.000000,463378911282.360413,-0.000000,0.000000,-0.000000,429.235260,0.000000,44.059174
790093805582811127410065408.000000,0.000000,0.000000,1347509761245184.000000,0.000000,0.000000,0.000000,209.242432,0.000000,48.053449
1.000000,0.000000,0.000000,0.000000,0.000000,0.000000,2492245537225837829266103627483097890825371387932180528597090940297862668997193220751360.000000,0.232568,0.000000,50.265167
5981184925427039156488372224.000000,0.000000,0.000000,60186633185760632832.000000,-119194181558041882019224921976391350137147849010870721093589647563448909824.000000,0.000000,-1627118132552267487497745841535873960746284531569395975929565346548800698301022208.000000,0.000000,0.000000,47.523553
7146826682979452977152.000000,0.000000,0.000000,7146826667073.209961,0.000000,35083847470556.523438,-0.000000,0.000000,0.000000,51.561317
805306502773000448.000000,0.000000,0.000000,40532405642860088.000000,0.000000,-0.000000,0.000000,0.000000,0.000000,46.274699
-nan,0.000000,0.000000,-nan,65978800679827.710938,0.000000,52298891326030771115048335618843908690819502853118678166365001681588941298734284508660085766020771280275605850050535781833616415851321224449051297380416529055767404479674395592973779453030523201072876700547911518110165039903473139712.000000,0.232568,0.000000,48.134955
6093198224613694804852736.000000,0.000000,0.000000,11121090234011.158203,280442806296906610750479333893605310711454152553383494973578114424708995753387263224950148099091400851449302145442653099685754976457644151551566298804114568685485444795667394812245450861802415980544.000000,0.000000,0.000000,0.000000,0.000000,50.456242
12361631091967999868928.000000,0.000000,0.000000,62129734532726784.000000,0.000000,0.000000,0.000000,0.000000,0.000000,48.085194
1.000000,0.000000,0.000000,0.000000,-135476002105068504537171880147594785843715505828009350960294848421352107616676060483257250669330548434995339937049983852313322518349943651203809280.000000,0.000000,-0.000000,0.000000,0.000000,47.511169
1042611351282777974561046528.000000,0.000000,0.000000,1828813292433309440.000000,-0.000000,0.000000,332975628128214087799236725144325303768336314341874858771718881957536648613497669261519449774694141625672827392161734740712589698817284252512180361598419544519472810537094071286206863164461447090159037315796939680417173545532680539928078057472.000000,0.232568,0.000000,47.996041
7146826682023937048576.000000,0.000000,0.000000,7146826681227.674805,2601215014653547646834435070583542275480807363267711205376.000000,0.000000,0.000000,-3.796303,0.000000,47.002936
60129550597364604928.000000,0.000000,0.000000,15032387670.001610,0.000000,17237501344210508.000000,0.000000,0.785978,0.000000,49.413152
-nan,0.000000,0.000000,-nan,-1680697731668541207470377623843707063662906804553302724640249896608880499617200814369251637649943141016329185619786165123895343365778726206383484668215296.000000,0.000000,34361494631581653440824858241153570700698234461529478131773079552.000000,-3.965395,0.000000,47.351294
58326386503744695243374592.000000,0.000000,0.000000,5392796431921585.000000,0.000000,0.000000,-0.000000,0.000000,0.000000,47.692579
16962245425889279865782272.000000,0.000000,0.000000,40438047053.000000,-53852690369973985631959401879332680892416.000000,0.000000,-0.000000,0.000000,0.000000,50.021643
1.000000,0.000000,0.000000,0.000000,0.000000,0.000000,0.000000,7.129686,0.000000,47.628386
338867284657307579280523264.000000,0.000000,0.000000,1290905815846223616.000000,218044717052065405453465537959225597115699591207930964102074163029976924699594130280522337746944.000000,0.000000,-0.000000,11.354676,0.000000,51.376994
7146826683457210417152.000000,0.000000,0.000000,7146826679316.645508,-279563019169743636942881300593954657178745342612160658956852829053191770588409482231631072652103123852398264121016919972462179801667689998950152411604888869504089772780596958051413444404422675282063577149329109244361719634534256869376.000000,0.000000,0.000000,-0.739726,0.000000,48.624243
3377700284188944767123456.000000,0.000000,0.000000,21990236902316.691406,-1812019234931837143201572250229196225092620761827281545920685577076736.000000,0.000000,0.000000,0.000000,0.000000,48.623795
-nan,0.000000,0.000000,-nan,-0.000000,40834152975286400.000000,0.000000,0.000000,0.000000,50.564275
8194399301770508014452736.000000,0.000000,0.000000,12984796509326198.000000,0.000000,0.000000,-0.000000,0.000000,0.000000,53.503110
29161439795711999737856.000000,0.000000,0.000000,589328479909052416.000000,1263641216781521651995724675731259458836607096848384.000000,0.000000,0.000000,0.000000,0.000000,50.367697
1.000000,0.000000,0.000000,0.000000,336093443699890079676978762501045500013843113063473400132308782579139464681991085265132224466750430582282380946440192.000000,0.000000,-81636394999293429994708006743053304010139245229519884935868962058580770741905906473777210860765072104036884045988597337024698184062048562034522485623855611926825285402932177571940771280518727765297653922710166515151751779086294744634801723589580760849498744765603387692721730031036790914556866823675910815744.000000,0.000000,0.000000,50.183501
235104035881877469640261632.000000,0.000000,0.000000,316454564758814656.000000,59365879542022859052095299221611135680716273023109471374033031529735459975877313720259089028460610355308460959723014808534069229799920859300823192460646515295313365394011367346158498728097453627189325778238194860929155700148681069219681613639413923840.000000,0.000000,13525036456963677368542423433602775127686281961897931745226409160922783458755596249092135208153785059377920497244011554884453914880480160986963180919319687901416345210157373621472802589672210432.000000,0.000000,0.000000,48.927576
7146826679475897368576.000000,0.000000,0.000000,7146826679316.645508,0.000000,0.000000,0.000000,0.000000,0.000000,50.535315
67108880673117880.000000,0.000000,0.000000,134217761.416023,-315256073868820874964216013063369473979220512874902283822154676826436001953727264668953160855336895858407807285307090678911838380147710487580217117681098037379508991514408505793795063808.000000,0.000000,-0.000000,0.000000,0.000000,46.968119
-nan,0.000000,0.000000,-nan,0.000000,0.000000,-236782635453019943506194276483161986918030966056401818360353679998976.000000,0.000000,0.000000,49.516194
21963195973594674989367296.000000,0.000000,0.000000,15786395078601216.000000,0.000000,122548491826409920.000000,-554950397739365065260907323588580275997331805764426526679871025323495930994675708975417069477761646592.000000,0.000000,0.000000,49.642468
993063687372799991611392.000000,0.000000,0.000000,2136203340192.000000,0.000000,0.000000,0.000000,0.000000,0.000000,46.634482
1.000000,0.000000,0.000000,0.000000,0.000000,0.000000,-0.000000,0.000000,0.000000,48.904632
24326140610683596497953488896.000000,0.000000,0.000000,1739162412839337728.000000,0.000000,0.000000,-1476737516140089195874248703166718992541840471598166721648854610647135936583956778468516552356926642809254727089060327945456709492503887477827698688.000000,0.000000,0.000000,46.521328
7146826682660946968576.000000,0.000000,0.000000,7146826678838.887695,-0.000000,0.000000,-554950397739492380009428228968972053852857391899492243454475146339160689772760357806652278021898108928.000000,0.000000,0.000000,50.388817
9007201514529756240936960.000000,0.000000,0.000000,201326625.520529,0.000000,0.000000,-461126918883754378313580065133260570195709820878645859713024.000000,0.000000,0.000000,48.427568
-nan,0.000000,0.000000,-nan,0.000000,0.000000,-0.000000,0.000000,0.000000,47.270013
11583992932911078803767296.000000,0.000000,0.000000,874599901687206.625000,1510350847055090530595101372862603198464.000000,0.000000,-0.000000,0.000000,0.000000,47.365086
11950559757336575865782272.000000,0.000000,0.000000,2925539860.812500,0.000000,26343203664036560.000000,0.000000,0.000000,0.000000,46.906423
1.000000,0.000000,0.000000,0.000000,136258341197556227115866371246687184945536948981289834874093291541994563694493696.000000,0.000000,-0.000000,0.000000,0.000000,49.628260
3862017000377155034244186112.000000,0.000000,0.000000,294041844860321728.000000,0.000000,0.000000,0.000000,0.000000,0.000000,48.716213
7146826681864685617152.000000,0.000000,0.000000,7146826686164.502930,0.000000,0.000000,0.000000,0.000000,0.000000,46.845621
134217761321166224.000000,0.000000,0.000000,402653251.283691,0.000000,0.000000,0.000000,0.000000,0.000000,54.325812
-nan,0.000000,0.000000,-nan,0.000000,0.000000,0.000000,0.000000,0.000000,49.669445
6793600017061192962932736.000000,0.000000,0.000000,145452780200018016.000000,0.000000,0.000000,-0.000000,0.000000,0.000000,49.425569
16625979968767999868928.000000,0.000000,0.000000,71125457634852864.000000,0.000000,0.000000,-5184.773191,0.000000,0.000000,50.630869
1.000000,0.000000,0.000000,0.000000,0.000000,16585774416368988.000000,26380346161336913602130421450465927307481662916561446688593082220054785832317868683103229303646498142983310599118556337283854769841316329280728892576096441603033367998162551829741078790588549806199294749528215520648635203259094111617627979776.000000,0.000000,0.000000,48.511793
3324109523790069210244186112.000000,0.000000,0.000000,24326140610683596800.000000,0.000000,0.000000,-0.000000,0.000000,0.000000,45.585856
7146826682979452977152.000000,0.000000,0.000000,7146826682183.190430,2577765928215110032074230940710166481918203182886980206690260538784297044124372803290242791659602340344751050911943914350602160654141306431104928223590793726773952512.000000,0.000000,435817990473942443420651301667267187140769226577440952398864717943269482238727219912169408694402898599231077762359291651068318170299780521345010334775948872095257391121078874946017921321993649994201376404070955310089959255407250094543438766569528179173287127327689375799362520361205760.000000,16777216.000000,0.000000,45.745378
43980473953858248245248.000000,0.000000,0.000000,15199651002456856.000000,-0.000000,0.000000,0.000000,0.000000,0.000000,48.895512
-nan,0.000000,0.000000,-nan,0.000000,0.000000,0.000000,0.000000,0.000000,47.013848
14385600094058119767785472.000000,0.000000,0.000000,8194399308375027.000000,0.000000,0.000000,0.000000,0.000000,0.000000,49.286846
20789364169113599731564544.000000,0.000000,0.000000,11883944814575616.000000,0.000000,0.000000,-0.000000,0.000000,0.000000,46.400878
1.000000,0.000000,0.000000,0.000000,-0.000000,0.000000,0.000000,0.000000,0.000000,45.270842
9911094569796106088976744448.000000,0.000000,0.000000,2786202047202983424.000000,0.000000,1993618867447156.000000,-0.000000,0.000000,0.000000,54.193105
7146826682820200497152.000000,0.000000,0.000000,7146826681546.179688,0.000000,0.000000,0.000000,0.000000,0.000000,45.677729
23643902560996329879764992.000000,0.000000,0.000000,268435522.687940,12390261145668498.000000,0.000000,0.000000,0.000000,0.000000,45.964807
-nan,0.000000,0.000000,-nan,0.000000,0.000000,0.000000,0.000000,0.000000,47.035352
292382642184058961920.000000,0.000000,0.000000,1323699541047184.250000,0.000000,0.000000,1284099599938537393498865650310045922315856015326282911713204123743086306146034719260909542939512030942249696280047113457147834221297345365860041338318415436950938498314152474158315554132587294573128719972637668265421643018948252141101313005977600.000000,0.000000,0.000000,42.611310
7465761547903999934464.000000,0.000000,0.000000,1461374712971264.000000,0.000000,0.000000,0.000000,0.000000,0.000000,50.533427
1.000000,0.000000,0.000000,0.000000,0.000000,0.000000,-17229402189.633224,0.000000,0.000000,44.321962
3144807764602125786244186112.000000,0.000000,0.000000,3324109523790069248.000000,-0.000000,0.000000,-556.064470,0.000000,0.000000,41.945634
7146826665799190577152.000000,0.000000,0.000000,7146826682501.695312,18772844817722369491400326645649100630862737838723702421379607339008626834569786984235008.000000,3367540542886034.000000,0.000000,0.000000,0.000000,43.580062
7318350528998325857812480.000000,0.000000,0.000000,43980473953534.281250,0.000000,0.000000,0.000000,593.049683,0.000000,42.912979
-nan,0.000000,0.000000,-nan,3692190920973596104008828323280371766388502576419125690108048414874770211818486339308964732294907368717016333763817143242176762424281682990639276510882885249831024020601902230748255119376971845975813524553728.000000,0.000000,-0.000000,211.507233,0.000000,49.661829
271612425370473645211648.000000,0.000000,0.000000,11583992926877320.000000,0.000000,0.000000,-59195684574263694020392977792183974188109381869348355114773784821760.000000,588.858093,0.000000,46.155497
2056165406441471983222784.000000,0.000000,0.000000,41501144048992256.000000,0.000000,0.000000,-9533975237051029241174236174719046862987831090840550536294001252912110013665293664597640043641193972241950310400.000000,0.232568,0.000000,43.314234
1.000000,0.000000,0.000000,0.000000,0.000000,0.000000,4303083069647821673163253519607187989965713651259529381127538829774648148848234077351112572601563525405028686472675328.000000,0.000000,0.000000,54.699289
278383818516419540623627911168.000000,0.000000,0.000000,9911094569796106240.000000,603377620701938958550301641875690632705945484226400324493346429492503577372089560846148975820529891491690213134622758702475548999567539226515464170344808448.000000,0.000000,0.000000,0.000000,0.000000,46.447182
7146826675583714328576.000000,0.000000,0.000000,7146826682342.442383,0.000000,0.000000,0.000000,0.000000,0.000000,42.213223
262144065190181.000000,0.000000,0.000000,17451450814736514.000000,-0.000000,158946948923234144.000000,-1209294902239946005004739449784287339841831586666007961106683372389502955807146566336459479466721033914967341807231061626275859514581617725824714632348910383467505777081669929198717180211353127298671128074555818642860657902099527082551803904000.000000,0.232568,0.000000,41.978788
-nan,0.000000,0.000000,-nan,0.000000,0.000000,3118320797562363916160625218337130637762467439007099337777902001714999081554550039990067143422083130944067579018215424.000000,0.000000,0.000000,43.796930
96737445326534771474432.000000,0.000000,0.000000,125036610508.042267,407187215037893745238228102014931612058020464258571742292008299792300761322552560552771201735942100936908585520571824990051370166680694003716920878412818086674181185572552248765154345398381490909212988132984568811445306546278874815641677725696.000000,0.000000,55405064608945844389203060842950591019707961826237352211554662945987883956151405730489815823897943645979451694693348260794423891532389682250514382226417162387055010526737527145430583896163586722252914759005620083804038649985093337088.000000,0.000000,0.000000,45.765443
1498070395295999983616.000000,0.000000,0.000000,214637899637850112.000000,0.000000,0.000000,0.000000,0.000000,0.000000,44.248362
1.000000,0.000000,0.000000,0.000000,0.000000,0.000000,0.000000,0.232568,0.000000,46.217226
10628301606547879784976744448.000000,0.000000,0.000000,3144807764602125824.000000,0.000000,0.000000,43111331934799901410115920061621459474302965563306654539800179798829323969078397343944665199000155959760714203136.000000,3.420298,0.000000,43.679967
7146826688623413297152.000000,0.000000,0.000000,7146826665799.190430,0.000000,0.000000,0.000000,-2.859659,0.000000,47.941224
3221226002143913472.000000,0.000000,0.000000,316659419666444.437500,0.000000,0.000000,0.000000,2.726189,0.000000,51.679495
-nan,0.000000,0.000000,-nan,0.000000,37281390391838864.000000,0.000000,0.000000,0.000000,46.306348
562995106257188968015593472.000000,0.000000,0.000000,3074412806586.696289,0.000000,0.000000,-10603620695899119072251626870033892722096188441827811448287027777270105535893755600481069990573077514412437592688971493032244574285151411752438595584.000000,1075819493357256704.000000,0.000000,43.984709
1541649668128.000000,0.000000,0.000000,7991109894144000.000000,0.000000,0.000000,0.000000,19.108458,-nan,45.763555
1.000000,0.000000,0.000000,0.000000,-0.000000,0.000000,281016697763128304108522283207467058048504946860494656221078827263404435914729349985692396798230993466337325527675701660662196310601997046008474117340448241042358669024948594925491703092595682918555002207733093046560051135267282202819177285593071616.000000,16.918022,-nan,45.656609
68793152811154005411906977792.000000,0.000000,0.000000,0.000000,156414079387580053149751333907417092589687909182886837286691911483474495130381759666570717657192419961863501502605746859175786517713653482546637628353199657199479730150130245624025492648175709146624342897522573990810631490941321187922278125155083253345738292859944888656848538828800.000000,0.000000,-0.000000,-0.460619,0.000000,46.094633
7146826673672685617152.000000,0.000000,0.000000,0.000000,30403426544905021816832.000000,0.000000,-1988198078764237597876885198889117057189675008.000000,0.000000,0.000000,46.967543
2251800379239284921597952.000000,0.000000,0.000000,0.000000,0.000000,0.000000,0.000914,0.000000,0.000000,45.524638
-nan,0.000000,0.000000,0.000000,0.000000,0.000000,0.000000,0.000000,0.000000,49.133084
10183197947226459522203648.000000,0.000000,0.000000,0.000000,77710556033339045122567822542835963907293750932184851110923805954894714839207597373103372648641944969897321667461663298400444914954408048174369608308463534293516375444816829916750669400103113228639796097667219423815686541426963167389029571035230592939136239163232324185257832087552.000000,1420940822096789.750000,-0.000000,0.000000,0.000000,53.346339
428512188450209787705032704.000000,0.000000,0.000000,390784420456.000000,4544.516914,0.000000,0.000000,0.000000,0.000000,49.184701
1.000000,0.000000,0.000000,0.000000,966602457565865333108767257483095433271895004321299369852975151129924298113460533649320116795657491351909945467577962404777353821277086919328103935677587125100706203244402954362631915313726527550591319203386193293970054136912245812893104453189632.000000,0.000000,0.000000,0.000000,0.000000,49.610180
255433193340362782351627911168.000000,0.000000,0.000000,7056999878601210880.000000,0.000000,0.000000,0.000000,0.000000,0.000000,42.797169
7146826681864685617152.000000,0.000000,0.000000,7146826688145.655273,0.000000,0.000000,0.000000,0.000000,0.000000,47.029880
6442451992879873024.000000,0.000000,0.000000,3221225998.159871,0.000000,0.000000,0.000000,0.000000,0.000000,47.820069
-nan,0.000000,0.000000,-nan,0.000000,0.000000,0.000000,0.000000,0.000000,48.178892
6793600018039641273794560.000000,0.000000,0.000000,190278357542622816.000000,0.000000,0.000000,0.000000,0.000000,0.000000,50.724343
31975381572095999737856.000000,0.000000,0.000000,17446604966.500000,0.000000,2768399052295023.000000,0.000000,0.000000,0.000000,45.554655
1.000000,0.000000,0.000000,0.000000,0.000000,0.000000,0.000000,0.000000,0.000000,49.503266
123040024072552430820130816.000000,0.000000,0.000000,238220154089576038400.000000,0.000000,0.000000,0.000000,0.000000,0.000000,46.480207
7146826686632756772864.000000,0.000000,0.000000,7146826681864.685547,0.000000,0.000000,0.000000,0.000000,0.000000,46.767732
140737523714134313533440.000000,0.000000,0.000000,8589936754.869577,0.000000,0.000000,0.000000,0.000000,0.000000,50.911066
-nan,0.000000,0.000000,-nan,0.000000,0.000000,0.000000,0.000000,0.000000,45.923557
7493997510709142905421824.000000,0.000000,0.000000,436849785103083.187500,0.000000,0.000000,0.000000,0.000000,0.000000,47.204827
692858895155199991611392.000000,0.000000,0.000000,226325295924248576.000000,0.000000,0.000000,0.000000,0.000000,0.000000,42.823921
1.000000,0.000000,0.000000,0.000000,0.000000,25507128153229032.000000,0.000000,0.000000,0.000000,46.708594
1739162412839337709122093056.000000,0.000000,0.000000,15786401404551166.000000,0.000000,0.000000,0.000000,0.000000,0.000000,53.088990
7146826678679634968576.000000,0.000000,0.000000,7146826685208.987305,0.000000,0.000000,0.000000,0.000000,0.000000,48.492881
51539616112158777344.000000,0.000000,0.000000,13510801070318150.000000,0.000000,0.000000,0.000000,0.000000,0.000000,46.358189
-nan,0.000000,0.000000,-nan,2.007702,0.000000,0.000000,0.000000,0.000000,47.322589
223897574831924884696727552.000000,0.000000,0.000000,7073760740520829.000000,0.000000,0.000000,0.000000,0.000000,0.000000,49.591363
11889698899249999872.000000,0.000000,0.000000,443.040103,0.000000,0.000000,0.000000,0.000000,0.000000,52.350545
1.000000,0.000000,0.000000,0.000000,0.000000,0.000000,0.000000,0.000000,0.000000,48.056394
17187204988141565852516352.000000,0.000000,0.000000,241662874529724071936.000000,233836885844771604427861306347833477624217692007739705507533794658674796396544.000000,3397880171542992.000000,0.000000,68719476736.000000,0.000000,49.048762
7146826685527492657152.000000,0.000000,0.000000,26388283471397.136719,0.000000,0.000000,0.000000,0.000000,0.000000,47.780389
7881300441404714520674304.000000,0.000000,0.000000,100663312.208114,0.000000,0.000000,0.000000,0.000000,0.000000,45.193210
-nan,0.000000,0.000000,-nan,0.000000,0.000000,0.000000,0.000000,0.000000,50.097548
7073760740618673374363648.000000,0.000000,0.000000,42637455082834248.000000,0.000000,0.000000,0.000000,0.000000,0.000000,47.436383
11438394084960938.000000,0.000000,0.000000,6777532526886912.000000,0.000000,0.000000,0.000000,0.000000,0.000000,47.489664
1.000000,0.000000,0.000000,0.000000,386060580119.403992,0.000000,0.000000,0.000000,0.000000,46.356045
255433193340362782351627911168.000000,0.000000,0.000000,228380247400120288.000000,-0.000000,0.000000,0.000000,0.000000,0.000000,45.614592
26388283471397138726912.000000,0.000000,0.000000,26388283482863.316406,0.000000,16456504490640944.000000,0.000000,0.000000,0.000000,46.777428
2097152511693086.000000,0.000000,0.000000,1073742092.812526,0.000000,0.000000,0.000000,0.000000,0.000000,47.411423
-nan,0.000000,0.000000,-nan,299683061397703697070372206362857095506757880410836018370485811585031555122936513825951305044265183300862510082872914410835360334855874740704161366425932452467761437587338668033086582715684772534899649838419843870745993586628099988666619789312.000000,0.000000,0.000000,0.000000,0.000000,50.154125
7914242880036032005275648.000000,0.000000,0.000000,7073760729881792.000000,11034779175439832172224455839390820821889772208198367012822896839922886205824161580593668547172487496829269976453959880972173312.000000,0.000000,0.000000,0.000000,0.000000,43.153943
43932222582784002097152.000000,0.000000,0.000000,65409474981888.000000,0.000000,0.000000,0.000000,0.000000,0.000000,49.732230
1.000000,0.000000,0.000000,0.000000,0.000000,0.000000,0.000000,0.000000,0.000000,45.419741
214932670436605917640261632.000000,0.000000,0.000000,214932670436605920.000000,0.000000,0.000000,0.000000,0.000000,0.000000,48.793078
26388283471397138726912.000000,0.000000,0.000000,26388283471397.136719,0.000000,0.000000,0.000000,568.166504,0.000000,49.680357
15032387671546370048.000000,0.000000,0.000000,481036405543.059082,0.000000,1251242325058899200.000000,0.000000,259.200043,0.000000,52.467315
-nan,0.000000,0.000000,-nan,0.000000,0.000000,0.000000,563.428650,0.000000,47.047993
650595934154637705216.000000,0.000000,0.000000,7073760730371015.000000,0.000000,0.000000,0.000000,0.232568,0.000000,48.062826
355168834718750016.000000,0.000000,0.000000,758875763965952.000000,-0.000000,0.000000,0.000000,0.000000,0.000000,48.904536
1.000000,0.000000,0.000000,0.000000,0.000000,0.000000,0.000000,0.000000,0.000000,46.504016
27481879719889071825953488896.000000,0.000000,0.000000,282170967571038176.000000,0.000000,0.000000,0.000000,0.000000,0.000000,48.503793
26388283417327317286912.000000,0.000000,0.000000,26388283471397.136719,0.000000,0.000000,0.000000,0.232568,0.000000,49.997674
316659417617877094629376.000000,0.000000,0.000000,24189260202418.023438,-0.000000,0.000000,0.000000,0.000000,0.000000,49.256574
-nan,0.000000,0.000000,-nan,0.000000,25447565543811856.000000,0.000000,0.000000,0.000000,47.388702
675041461367449756857532416.000000,0.000000,0.000000,7073760730077481.000000,0.000000,0.000000,0.000000,0.000000,0.000000,48.311182
2058082570875000064.000000,0.000000,0.000000,221551359541248.000000,1039391600383108734390640105566266427359207839231289152472510991512514885284125004347842658258716348655208882064941927967613099752484424918907871121737982294721700718141846329722491674820573624703119562056908497613182156278711878590029365248.000000,0.000000,0.000000,0.232568,0.000000,47.464671
1.000000,0.000000,0.000000,0.000000,0.000000,0.000000,0.000000,0.709921,0.000000,51.240223
7917653600359152564488372224.000000,0.000000,0.000000,241827961802588128.000000,286912265842224324619354505654043475927158672642975110798249019865603175282339496564097024.000000,0.000000,0.000000,-2.294157,0.000000,46.941462
26388283498049839300608.000000,0.000000,0.000000,26388283471397.136719,1396.000507,0.000000,0.000000,0.339519,0.000000,52.942140
805306500755393920.000000,0.000000,0.000000,34359746929.701675,0.000000,0.000000,0.000000,0.000000,0.000000,41.890273
-nan,0.000000,0.000000,-nan,0.000000,0.000000,0.000000,12666380865884.160156,0.000000,52.934972
1843242746029572620288.000000,0.000000,0.000000,8754720740604436.000000,0.000000,37647699607945848.000000,0.000000,16.006765,0.000000,46.681107
1471148985286656067108864.000000,0.000000,0.000000,16178388128497664.000000,1140.000004,0.000000,0.000000,14.850402,0.000000,49.743910
1.000000,0.000000,0.000000,0.000000,0.000000,0.000000,0.000000,-1.014141,0.000000,49.401664
53301438596069186979906977792.000000,0.000000,0.000000,7057004276647721984.000000,-0.000000,0.000000,0.000000,0.000000,0.000000,47.563201
26388283420384964902912.000000,0.000000,0.000000,26388283472161.546875,-0.000000,0.000000,0.000000,0.000000,0.000000,42.786480
24769802429379888271065088.000000,0.000000,0.000000,536871046.369204,0.000000,0.000000,0.000000,0.000000,0.000000,43.265624
-nan,0.000000,0.000000,-nan,0.000000,0.000000,0.000000,0.000000,0.000000,39.457688
3484804481514471948288.000000,0.000000,0.000000,5854687461688.083984,-207476086243875049601055691835818420451726545441925973715745409841697605687628230031880415399274245765404532616448780470892141367332205264206036992.000000,0.000000,0.000000,0.000000,0.000000,41.047411
3496735298813952134217728.000000,0.000000,0.000000,322564622513078272.000000,-0.000000,16678545710329414.000000,0.000000,0.000000,0.000000,43.086037
1.000000,0.000000,0.000000,0.000000,0.000000,0.000000,0.000000,0.000000,0.000000,43.696352
67071862959824166307906977792.000000,0.000000,0.000000,42973629119345975296.000000,0.000000,0.000000,0.000000,0.000000,0.000000,40.926417
26388283423442612518912.000000,0.000000,0.000000,26388283430220.601562,-23636605519109549690357273126190461222912.000000,0.000000,0.000000,0.000000,0.000000,40.493706
1.000000,0.000000,0.000000,0.000000,0.000000,0.000000,0.000000,0.000000,0.000000,39.095634
1.000000,0.000000,0.000000,0.000000,0.000000,-0.000004,0.000000,0.000000,2533275357806592.000000,48.370318
1.000000,0.000000,0.000000,0.000000,0.000000,0.000000,0.000000,0.000000,989165466353664.000000,48.861719
1.000000,0.000000,0.000000,0.000000,0.000000,0.000000,0.000000,0.000000,0.000000,50.981147
1.000000,0.000000,0.000000,-0.000000,1403638188.345097,177209.029121,0.000000,0.000000,684547693116129152.000000,49.052794
-0.000000,0.000000,0.000000,0.000000,0.000000,-41.835060,0.000000,0.000000,6442452018.062500,45.892325
0.000000,0.000000,0.000000,0.000000,0.000000,0.000000,0.000000,0.000000,262144.065460,48.182379
0.000000,0.000000,0.000000,0.000000,0.000000,0.000000,0.000000,0.000000,-nan,0.000000
0.000000,0.000000,0.000000,0.000000,0.000000,0.000950,0.000000,0.000000,2533275359232000.000000,0.074113
1.000000,0.000000,0.000000,0.000000,0.000000,0.000000,0.000000,0.000000,11046666688790528.000000,51.469059
-0.000000,0.000000,0.000000,-0.000000,0.000000,0.000000,0.000000,0.000000,0.000000,52.412338
-0.000000,0.000000,0.000000,-0.000000,0.000000,400764.558242,0.000000,0.000000,4467573029374787072.000000,54.163504
-0.000000,0.000000,0.000000,-0.000000,0.000000,-7.553491,0.000000,0.000000,6442452018.125000,50.533843
1.000000,0.000000,0.000000,0.000000,0.000000,0.000000,0.000000,0.000000,1048576.262743,50.217550
0.000000,0.000000,0.000000,0.000000,0.000000,0.000000,0.000000,0.000000,-nan,49.308863
0.000000,0.000000,0.000000,0.000000,0.000000,0.000042,0.000000,0.000000,2251800382504960.000000,51.029787
1.000000,0.000000,0.000000,0.000000,0.000000,0.000000,0.000000,0.000000,8489837190971392.000000,50.521299
1.000000,0.000000,0.000000,0.000000,0.000000,0.000000,0.000000,0.000000,0.000000,48.097674
1.000000,0.000000,0.000000,0.000000,0.000000,351491.558242,0.000000,0.000000,4755805604549753856.000000,48.229068
1.000000,0.000000,0.000000,-0.000000,0.000000,-859.589475,0.000000,0.000000,6442452021.875000,46.174346
-0.000000,0.000000,0.000000,0.000000,0.000000,0.000000,0.000000,0.000000,262144.065960,55.545864
0.000000,0.000000,0.000000,0.000000,0.000000,0.000000,0.000000,0.000000,-nan,50.924345
0.000000,0.000000,0.000000,0.000000,0.007812,0.000000,0.000000,0.000000,31525201942544384.000000,50.192557
0.000000,0.000000,0.000000,0.000000,0.000000,0.000000,0.000000,0.000000,338972083973259264.000000,47.780357
-0.000000,0.000000,0.000000,-0.000000,0.334898,0.000000,0.000000,0.000000,0.000000,47.901446
1.000000,0.000000,0.000000,0.000000,0.000000,246833.529121,0.000000,0.000000,4323457841298931200.000000,49.227037
1.000000,0.000000,0.000000,0.000000,0.007812,-35.035805,0.000000,0.000000,6442452018.000000,48.400783
1.000000,0.000000,0.000000,-0.000000,0.000000,0.000000,0.000000,0.000000,32768.008196,51.476451
1.000000,0.000000,0.000000,0.000000,0.334898,0.000000,0.000000,0.000000,-nan,49.516482
0.000000,0.000000,0.000000,0.000000,0.000000,0.000000,0.000000,0.000000,58546804242513920.000000,50.532691
0.000000,0.000000,0.000000,0.000000,0.000000,0.000000,0.000000,0.000000,26492840177565696.000000,50.335663
1.000000,0.000000,0.000000,0.000000,0.000000,0.000000,0.000000,0.000000,0.000000,47.432446
1.000000,0.000000,0.000000,0.000000,0.000000,395408.558242,0.000000,0.000000,1297037792194330368.000000,50.560628
1.000000,0.000000,0.000000,0.000000,0.000000,-82.432693,0.000000,0.000000,6442452022.687500,48.626291
1.000000,0.000000,0.000000,-0.000000,0.000000,0.000000,0.000000,0.000000,524288.132095,51.478339
-0.000000,0.000000,0.000000,0.000000,0.000000,0.000000,0.000000,0.000000,-nan,50.844472
0.000000,0.000000,0.000000,0.000000,0.000000,0.000000,0.000000,0.000000,1055531304497152.000000,42.346057
0.000000,0.000000,0.000000,0.000000,0.000000,0.000000,0.000000,0.000000,31305668622336.000000,43.863427
0.000000,0.000000,0.000000,0.000000,0.007812,156927403205890.656250,0.000000,0.000000,0.000000,54.720058
-0.000000,0.000000,0.000000,-0.000000,0.000000,0.000000,0.000000,0.000000,594475700568719232.000000,53.191808
1.000000,0.000000,0.000000,0.000000,-3.034094,0.000000,0.000000,0.000000,6442452017.062500,49.985929
1.000000,0.000000,0.000000,0.000000,0.000000,0.000000,0.000000,0.000000,33554440.320109,51.596069
-0.000000,0.000000,0.000000,0.000000,0.007812,0.000000,0.000000,0.000000,-nan,49.524738
1.000000,0.000000,0.000000,0.000000,0.000000,0.000000,0.000000,0.000000,2251800380981248.000000,51.181854
0.000000,0.000000,0.000000,0.000000,0.000000,0.000000,0.000000,0.000000,278604228313088.000000,47.237371
0.000000,0.000000,0.000000,0.000000,0.000000,0.000000,0.000000,0.000000,0.000000,52.155727
1.000000,0.000000,0.000000,-0.000000,0.007812,12225832834159652.000000,0.000000,0.000000,738590888644575104.000000,52.576086
1.000000,0.000000,0.000000,-0.000000,0.000000,0.000000,0.000000,0.000000,6442452016.875000,52.278865
1.000000,0.000000,0.000000,-0.000000,0.000000,0.000000,0.000000,0.000000,2097152.524431,48.347054
1.000000,0.000000,0.000000,0.000000,0.000000,0.000000,0.000000,0.000000,-nan,49.789062
1.000000,0.000000,0.000000,0.000000,0.000000,0.000000,0.000000,0.000000,2674012847538176.000000,46.711794
0.000000,0.000000,0.000000,0.000000,0.000000,0.000000,0.000000,0.000000,10110801904926720.000000,49.437601
0.000000,0.000000,0.000000,0.000000,0.000000,0.000000,0.000000,0.000000,0.000000,48.797078
0.000000,0.000000,0.000000,0.000000,0.000000,0.000000,0.000000,0.000000,4467573029374787072.000000,46.156457
-0.000000,0.000000,0.000000,-0.000000,0.000000,110984034679298784.000000,0.000000,0.000000,6442452016.937500,53.068701
1.000000,0.000000,0.000000,-0.000000,0.000000,0.000000,0.000000,0.000000,131072.032569,49.399552
-0.000000,0.000000,0.000000,0.000000,0.000000,0.000000,0.000000,0.000000,-nan,48.678868
1.000000,0.000000,0.000000,0.000000,0.000000,0.000000,0.000000,0.000000,774056328163328.000000,49.187740
1.000000,0.000000,0.000000,0.000000,0.000000,0.000000,0.000000,0.000000,28044597262336.000000,42.106501
0.000000,0.000000,0.000000,0.000000,11735298889091317760.000000,0.000000,0.000000,0.000000,0.000000,41.790912
0.000000,0.000000,0.000000,0.000000,1604224040402912512.000000,0.000000,0.000000,0.000000,1585268168346042112.000000,45.369244
-0.000000,0.000000,0.000000,0.000000,0.000000,0.000000,0.000000,0.000000,6442452021.250000,84.821972
-0.000000,0.000000,0.000000,0.000000,215579915806.988617,0.000000,0.000000,0.000000,32768.008145,43.516989
-0.000000,0.000000,0.000000,0.000000,19813.847527,0.000000,0.000000,0.000000,-nan,44.275401
1.000000,0.000000,0.000000,0.000000,0.000000,0.000000,0.000000,0.000000,985162560311296.000000,46.407181
1.000000,0.000000,0.000000,0.000000,0.000000,0.000000,0.000000,0.000000,3992401231616.000000,45.449725
0.000000,0.000000,0.000000,0.000000,0.000000,0.000000,0.000000,0.000000,0.000000,45.919782
0.000000,0.000000,0.000000,0.000000,0.000000,0.000000,0.000000,0.000000,432345839105474496.000000,45.462877
0.000000,0.000000,0.000000,0.000000,0.000000,0.000000,0.000000,0.000000,6442452018.125000,44.973461
0.000000,0.000000,0.000000,0.000000,0.000000,0.000000,0.000000,0.000000,4194305.039960,0.000000
0.000000,0.000000,0.000000,0.000000,0.000000,0.000000,0.000000,0.000000,-nan,0.064129
0.000000,0.000000,0.000000,0.000000,0.000000,0.000000,0.000000,0.000000,2814750334566400.000000,47.657442
0.000000,0.000000,0.000000,0.000000,0.000000,0.000000,0.000000,0.000000,1085402798555136.000000,45.927461
1.000000,0.000000,0.000000,0.000000,0.000000,0.000000,0.000000,0.000000,0.000000,46.087656
0.000000,0.000000,0.000000,0.000000,0.000000,0.000000,0.000000,0.000000,846677279701467008.000000,43.963013
0.000000,0.000000,0.000000,0.000000,0.000000,0.000000,0.000000,0.000000,6442452016.937500,49.376159
0.000000,0.000000,0.000000,0.000000,0.000000,0.000000,0.000000,0.000000,32768.008203,45.793987
0.000000,0.000000,0.000000,0.000000,0.000000,0.000000,0.000000,0.000000,-nan,41.530107
0.000000,0.000000,0.000000,0.000000,0.000000,0.000000,0.000000,0.000000,60798604046761984.000000,46.200042
0.000000,0.000000,0.000000,0.000000,0.000000,0.000000,0.000000,0.000000,15133722687.000000,46.093928
0.000000,0.000000,0.000000,0.000000,0.000000,0.000000,0.000000,0.000000,0.000000,0.000000
1.000000,0.000000,0.000000,0.000000,0.000000,0.000000,0.000000,0.000000,459367436869697472.000000,0.068450
0.000000,0.000000,0.000000,0.000000,0.000000,0.000000,0.000000,0.000000,6442452022.312500,56.055728
0.000000,0.000000,0.000000,0.000000,0.000000,0.000000,0.000000,0.000000,2097152.527602,47.978664
0.000000,0.000000,0.000000,0.000000,0.000000,0.000000,0.000000,0.000000,-nan,55.054047
0.000000,0.000000,0.000000,0.000000,0.000000,0.000000,0.000000,0.000000,20266202859569152.000000,51.349760
0.000000,0.000000,0.000000,0.000000,0.000000,0.000000,0.000000,0.000000,38501068566528.000000,50.356432
0.000000,0.000000,0.000000,0.000000,0.000000,0.000000,0.000000,0.000000,0.000000,50.538387
0.000000,0.000000,0.000000,0.000000,0.000000,0.000000,0.000000,0.000000,27093672950446944256.000000,49.515585
1.000000,0.000000,0.000000,0.000000,0.000000,0.000000,0.000000,0.000000,6442452018.062500,49.828039
0.000000,0.000000,0.000000,0.000000,0.000000,0.000000,0.000000,0.000000,2097152.527649,47.209691
0.000000,0.000000,0.000000,0.000000,0.000000,0.000000,0.000000,0.000000,-nan,51.536964
0.000000,0.000000,0.000000,0.000000,0.000000,0.000000,0.000000,0.000000,1090715677298688.000000,48.714293
0.000000,0.000000,0.000000,0.000000,0.000000,0.000000,0.000000,0.000000,105285369192448.000000,47.334365
0.000000,0.000000,0.000000,0.000000,0.000000,0.000000,0.000000,0.000000,0.000000,50.880793
0.000000,0.000000,0.000000,0.000000,0.000000,0.000000,0.000000,0.000000,2810248366502444544.000000,51.087324
0.000000,0.000000,0.000000,0.000000,0.000000,0.000000,0.000000,0.000000,6442452022.437500,48.473264
1.000000,0.000000,0.000000,0.000000,0.000000,0.000000,0.000000,0.000000,32768.008183,52.299825
0.000000,0.000000,0.000000,0.000000,0.000000,0.000000,0.000000,0.000000,-nan,49.847272
0.000000,0.000000,0.000000,0.000000,0.000000,0.000000,0.000000,0.000000,6629299820408340480.000000,49.230557
0.000000,0.000000,0.000000,0.000000,0.000000,0.000000,0.000000,0.000000,70260472672256.000000,50.697333
0.000000,0.000000,0.000000,0.000000,0.000000,0.000000,0.000000,0.000000,0.000000,49.872360
0.000000,0.000000,0.000000,0.000000,0.000000,0.000000,0.000000,0.000000,46693356120949383168.000000,52.408690
0.000000,0.000000,0.000000,0.000000,0.000000,0.000000,0.000000,0.000000,6442452028.750000,48.896631
0.000000,0.000000,0.000000,0.000000,0.000000,0.000000,0.000000,0.000000,32768.008182,48.722356
1.000000,0.000000,0.000000,0.000000,0.000000,0.000000,0.000000,0.000000,-nan,50.277519
0.000000,0.000000,0.000000,0.000000,0.000000,0.000000,0.000000,0.000000,2017612924230565888.000000,48.074569
0.000000,0.000000,0.000000,0.000000,0.000000,0.000000,0.000000,0.000000,143643309137461248.000000,49.852936
0.000000,0.000000,0.000000,0.000000,0.000000,0.000000,0.000000,0.000000,0.000000,48.681716
0.000000,0.000000,0.000000,0.000000,0.000000,0.000000,0.000000,0.000000,2594075584388660736.000000,48.242285
0.000000,0.000000,0.000000,0.000000,0.000000,0.000000,0.000000,0.000000,6442452027.750000,48.823894
0.000000,0.000000,0.000000,0.000000,0.000000,0.000000,0.000000,0.000000,2097152.528533,49.543554
0.000000,0.000000,0.000000,0.000000,0.000000,0.000000,0.000000,0.000000,-nan,50.115948
1.000000,0.000000,0.000000,0.000000,0.000000,0.000000,0.000000,0.000000,702561687370203136.000000,49.485793
0.000000,0.000000,0.000000,0.000000,0.006724,0.000000,0.000000,0.000000,47080467066880.000000,49.643140
0.000000,0.000000,0.000000,0.000000,0.000119,0.000000,0.000000,0.000000,0.000000,47.172954
0.000000,0.000000,0.000000,0.000000,0.000000,0.000000,0.000000,0.000000,3963169871109291520.000000,47.194906
0.000000,0.000000,0.000000,0.000000,0.025000,0.000000,0.000000,0.000000,6442452024.593750,48.193580
0.000000,0.000000,0.000000,0.000000,0.000000,0.000000,0.000000,0.000000,21474840791.029484,52.131086
0.000000,0.000000,0.000000,0.000000,0.000000,0.000000,0.000000,0.000000,-nan,46.788435
0.000000,0.000000,0.000000,0.000000,0.000000,0.000000,0.000000,0.000000,1981584127756861440.000000,47.090265
0.000000,0.000000,0.000000,0.000000,0.000000,0.000000,0.000000,0.000000,146275076646371328.000000,48.365551
0.000000,0.000000,0.000000,0.000000,0.000000,0.000000,0.000000,0.000000,0.000000,46.934678
0.000000,0.000000,0.000000,0.000000,0.000000,0.000000,0.000000,0.000000,738590888644575104.000000,45.699873
0.000000,0.000000,0.000000,0.000000,0.000000,0.000000,0.000000,0.000000,6442452025.687500,45.698497
0.000000,0.000000,0.000000,0.000000,0.000000,0.000000,0.000000,0.000000,32768.008148,44.071654
0.000000,0.000000,0.000000,0.000000,0.000000,0.000000,0.000000,0.000000,-nan,48.202476
0.000000,0.000000,0.000000,0.000000,0.000000,0.000000,0.000000,0.000000,7090470170876550144.000000,46.056104
0.000000,0.000000,0.000000,0.000000,0.000000,0.000000,0.000000,0.000000,11753369201278976.000000,46.575728
0.000000,0.000000,0.000000,0.000000,0.000000,0.000000,0.000000,0.000000,0.000000,43.723712
0.000000,0.000000,0.000000,0.000000,0.000000,0.000000,0.000000,0.000000,55844676611080184.000000,46.880022
0.000000,0.000000,0.000000,0.000000,0.000000,0.000000,0.000000,0.000000,21474840822.300003,45.277883
0.000000,0.000000,0.000000,0.000000,0.000000,0.000000,0.000000,0.000000,2097152.525172,44.829395
0.000000,0.000000,0.000000,0.000000,-0.000000,0.000000,0.000000,0.000000,-nan,0.000000
0.000000,0.000000,0.000000,0.000000,0.000343,0.000000,0.000000,0.000000,2533275357741056.000000,0.066178
0.000000,0.000000,0.000000,0.000000,-0.000000,0.000000,0.000000,0.000000,600943372697600.000000,55.803372
0.000000,0.000000,0.000000,0.000000,0.000000,0.000000,0.000000,0.000000,0.000000,44.611663
0.000000,0.000000,0.000000,0.000000,0.000000,0.000000,0.000000,0.000000,583667501267681152.000000,45.670209
0.000000,0.000000,0.000000,0.000000,0.000343,0.000000,0.000000,0.000000,21474840775.900002,45.835236
0.000000,0.000000,0.000000,0.000000,-0.000000,0.000000,0.000000,0.000000,1048576.261272,43.595166
0.000000,0.000000,0.000000,0.000000,0.000000,0.000000,0.000000,0.000000,-nan,43.615263
0.000000,0.000000,0.000000,0.000000,0.000000,0.000000,0.000000,0.000000,2364390801250714.000000,44.137607
0.000000,0.000000,0.000000,0.000000,0.000000,0.000000,0.000000,0.000000,704808566816768.000000,43.632543
0.000000,0.000000,0.000000,0.000000,0.000000,0.000000,0.000000,0.000000,0.000000,47.838661
0.000000,0.000000,0.000000,0.000000,0.000000,0.000000,0.000000,0.000000,66653322588717048.000000,46.941046
0.000000,0.000000,0.000000,0.000000,0.000000,0.000000,0.000000,0.000000,21474840824.250004,0.000000
0.000000,0.000000,0.000000,0.000000,0.000000,0.000000,0.000000,0.000000,262144.065567,0.071362
0.000000,0.000000,0.000000,0.000000,0.000000,0.000000,0.000000,0.000000,-nan,51.479491
0.000000,0.000000,0.000000,0.000000,0.334898,0.000000,0.000000,0.000000,10145715075307014144.000000,48.920119
0.000000,0.000000,0.000000,0.000000,0.000000,0.000000,0.000000,0.000000,1940606087921664.000000,48.909304
0.000000,0.000000,0.000000,0.000000,0.000000,0.000000,0.000000,0.000000,0.000000,48.183467
0.000000,0.000000,0.000000,0.000000,0.000000,0.000000,0.000000,0.000000,27439552920266207232.000000,48.401871
0.000000,0.000000,0.000000,0.000000,0.334898,0.000000,0.000000,0.000000,21474840776.200001,46.523631
0.000000,0.000000,0.000000,0.000000,-0.115909,0.000000,0.000000,0.000000,262144.065949,43.363482
0.000000,0.000000,0.000000,0.000000,-2.914722,0.000000,0.000000,0.000000,-nan,42.618317
0.000000,0.000000,0.000000,0.000000,0.000000,0.000000,0.000000,0.000000,2533275360513229.000000,44.107398
0.000000,0.000000,0.000000,0.000000,0.000000,0.000000,0.000000,0.000000,291376699625439232.000000,47.217147
0.000000,0.000000,0.000000,0.000000,0.000000,0.000000,0.000000,0.000000,0.000000,48.475664
0.000000,0.000000,0.000000,0.000000,0.000000,0.000000,0.000000,0.000000,4467575228398042624.000000,47.625602
0.000000,0.000000,0.000000,0.000000,0.000000,0.000000,0.000000,0.000000,21474840771.700001,43.782433
0.000000,0.000000,0.000000,0.000000,0.000000,0.000000,0.000000,0.000000,262144.065149,42.385898
0.000000,0.000000,0.000000,0.000000,-0.000000,0.000000,0.000000,0.000000,-nan,0.000000
0.000000,0.000000,0.000000,0.000000,0.000058,0.000000,0.000000,0.000000,788130399122227.250000,0.074657
0.000000,0.000000,0.000000,0.000000,869.654175,0.000000,0.000000,0.000000,34812559758336.000000,50.083403
0.000000,0.000000,0.000000,0.000000,0.000000,0.000000,0.000000,0.000000,0.000000,0.000000
0.000000,0.000000,0.000000,0.000000,-0.000000,0.000000,0.000000,0.000000,734988338796167040.000000,0.055713
0.000000,0.000000,0.000000,0.000000,-0.000445,0.000000,0.000000,0.000000,21474840823.950001,44.730737
0.000000,0.000000,0.000000,0.000000,0.000158,0.000000,0.000000,0.000000,524288.131151,44.378380
0.000000,0.000000,0.000000,0.000000,-0.006013,0.000000,0.000000,0.000000,-nan,38.902670
0.000000,0.000000,0.000000,0.000000,0.000000,0.000000,0.000000,0.000000,9799843908291657728.000000,37.080048
0.000000,0.000000,0.000000,0.000000,0.000000,0.000000,0.000000,0.000000,3815267247980544.000000,37.881053
0.000000,0.000000,0.000000,0.000000,0.000000,0.000000,0.000000,0.000000,0.000000,35.850300
0.000000,0.000000,0.000000,0.000000,0.000058,0.000000,0.000000,0.000000,1614091865668189952.000000,38.618218
0.000000,0.000000,0.000000,0.000000,27527.535231,0.000000,0.000000,0.000000,21474840760.400002,38.307365
0.000000,0.000000,0.000000,0.000000,0.000000,0.000000,0.000000,0.000000,262144.065799,0.000000
0.000000,0.000000,0.000000,0.000000,-0.000445,0.000000,0.000000,0.000000,-nan,0.088930
0.000000,0.000000,0.000000,0.000000,-0.000000,0.000000,0.000000,0.000000,137219122581504.000000,42.995796
0.000000,0.000000,0.000000,0.000000,-0.006013,0.000000,0.000000,0.000000,65132500717928448.000000,40.167780
0.000000,0.000000,0.000000,0.000000,0.000158,0.000000,0.000000,0.000000,0.000000,40.240837
0.000000,0.000000,0.000000,0.000000,1636715.743819,0.000000,0.000000,0.000000,88270648903729136.000000,0.000000
0.000000,0.000000,0.000000,0.000000,0.194870,0.000000,0.000000,0.000000,21474840793.900002,0.084353
0.000000,0.000000,0.000000,0.000000,0.000475,0.000000,0.000000,0.000000,2097152.527211,43.030805
0.000000,0.000000,0.000000,0.000000,0.000000,0.000000,0.000000,0.000000,-nan,42.484107
0.000000,0.000000,0.000000,0.000000,0.000000,0.000000,0.000000,0.000000,24319449386031516.000000,43.452252
0.000000,0.000000,0.000000,0.000000,0.007812,0.000000,0.000000,0.000000,68545304340480.000000,40.816335
0.000000,0.000000,0.000000,0.000000,0.000000,0.000000,0.000000,0.000000,0.000000,45.346332
0.000000,0.000000,0.000000,0.000000,0.000000,0.000000,0.000000,0.000000,1397919083554406144.000000,43.712064
0.000000,0.000000,0.000000,0.000000,0.000000,0.000000,0.000000,0.000000,21474840794.500004,43.007988
0.000000,0.000000,0.000000,0.000000,0.007812,0.000000,0.000000,0.000000,131072.032900,40.755662
0.000000,0.000000,0.000000,0.000000,0.000000,0.000000,0.000000,0.000000,-nan,40.429097
0.000000,0.000000,0.000000,0.000000,0.000000,0.000000,0.000000,0.000000,36929546648184424.000000,0.000000
0.000000,0.000000,0.000000,0.000000,0.000000,0.000000,0.000000,0.000000,184075487846400.000000,0.080865
0.000000,0.000000,0.000000,0.000000,-0.000000,0.000000,0.000000,0.000000,0.000000,45.881317
0.000000,0.000000,0.000000,0.000000,0.000000,0.000000,0.000000,0.000000,428743014379159488.000000,0.000000
0.000000,0.000000,0.000000,0.000000,0.000000,0.000000,0.000000,0.000000,21474840776.500000,0.087874
0.000000,0.000000,0.000000,0.000000,0.000000,0.000000,0.000000,0.000000,524288.130078,49.473377
0.000000,0.000000,0.000000,0.000000,0.000000,0.000000,0.000000,0.000000,-nan,46.887670
0.000000,0.000000,0.000000,0.000000,0.000000,0.000000,0.000000,0.000000,61248991497237304.000000,41.501210
0.000000,0.000000,0.000000,0.000000,0.000000,0.000000,0.000000,0.000000,5793641505.250000,45.165784
0.000000,0.000000,0.000000,0.000000,0.000000,0.000000,0.000000,0.000000,0.000000,42.484171
0.000000,0.000000,0.000000,0.000000,0.000000,0.000000,0.000000,0.000000,450360237614956480.000000,44.445068
0.000000,0.000000,0.000000,0.000000,0.000000,0.000000,0.000000,0.000000,21474840793.300003,33.026380
0.000000,0.000000,0.000000,0.000000,0.000000,0.000000,0.000000,0.000000,1048576.264038,30.149563
0.000000,0.000000,0.000000,0.000000,0.000000,0.000000,0.000000,0.000000,-nan,35.737306
0.000000,0.000000,0.000000,0.000000,0.000000,0.000000,0.000000,0.000000,137219122561228.812500,40.216549
0.000000,0.000000,0.000000,0.000000,355.890533,0.000000,0.000000,0.000000,53400539850866688.000000,41.434554
0.000000,0.000000,0.000000,0.000000,0.334898,0.000000,0.000000,0.000000,0.000000,42.121861
0.000000,0.000000,0.000000,0.000000,0.000000,0.000000,0.000000,0.000000,450360237614956480.000000,44.289289
0.000000,0.000000,0.000000,0.000000,0.000000,0.000000,0.000000,0.000000,21474840759.800003,44.931733
0.000000,0.000000,0.000000,0.000000,0.000000,0.000000,0.000000,0.000000,35184380950018.492188,39.994401
0.000000,0.000000,0.000000,0.000000,0.000000,0.000000,0.000000,0.000000,-nan,38.629482
0.000000,0.000000,0.000000,0.000000,0.000000,0.000000,0.000000,0.000000,137219122577203.203125,44.048806
0.000000,0.000000,0.000000,0.000000,0.000000,0.000000,0.000000,0.000000,170855208899837952.000000,42.268775
0.000000,0.000000,0.000000,0.000000,0.000000,0.000000,0.000000,0.000000,0.000000,41.690526
0.000000,0.000000,0.000000,0.000000,0.000000,0.000000,0.000000,0.000000,4467575228398042624.000000,44.796850
0.000000,0.000000,0.000000,0.000000,0.000000,0.000000,0.000000,0.000000,21474840776.500000,0.000000
0.000000,0.000000,0.000000,0.000000,0.000000,0.000000,0.000000,0.000000,4194305.050154,0.064289
0.000000,0.000000,0.000000,0.000000,-2.685070,0.000000,0.000000,0.000000,-nan,42.873010
0.000000,0.000000,0.000000,0.000000,0.000000,0.000000,0.000000,0.000000,6744594609700287488.000000,38.439303
0.000000,0.000000,0.000000,0.000000,0.000000,0.000000,0.000000,0.000000,88935301140480.000000,0.000000
0.000000,0.000000,0.000000,0.000000,0.000000,0.000000,0.000000,0.000000,0.000000,0.083458
0.000000,0.000000,0.000000,0.000000,0.000000,0.000000,0.000000,0.000000,46808655308284485632.000000,46.534288
0.000000,0.000000,0.000000,0.000000,0.000000,0.000000,0.000000,0.000000,21474840819.000004,0.000000
0.000000,0.000000,0.000000,0.000000,0.000000,0.000000,0.000000,0.000000,131072.032723,0.085186
0.000000,0.000000,0.000000,0.000000,0.000000,0.000000,0.000000,0.000000,-nan,45.721505
0.000000,0.000000,0.000000,0.000000,0.000000,0.000000,0.000000,0.000000,691753488070842880.000000,48.295533
1.000000,0.000000,0.000000,0.000000,0.000000,0.000000,0.000000,0.000000,43592047667200.000000,46.247243
1.000000,0.000000,0.000000,0.000000,0.000000,0.000000,0.000000,0.000000,0.000000,44.334506
1.000000,0.000000,0.000000,0.000000,0.000000,0.000000,0.000000,0.000000,4035229664170475008.000000,0.000000
1.000000,0.000000,0.000000,0.000000,0.000000,0.000000,0.000000,0.000000,21474840802.350002,0.078817
1.000000,0.000000,0.000000,0.000000,0.000000,0.000000,0.000000,0.000000,34359746979.302330,41.407705
1.000000,0.000000,0.000000,0.000000,0.000000,0.000000,0.000000,0.000000,-nan,0.000000
-0.000000,0.000000,0.000000,-0.000000,0.000000,0.000000,0.000000,0.000000,6744594600231227392.000000,0.086882
1.000000,0.000000,0.000000,0.000000,0.000000,0.000000,0.000000,0.000000,217579505277992960.000000,45.454877
