num_seq = 1
file name: dataset-MH01_stereo_imu
Loading images for sequence 0...LOADED!
Loading IMU for sequence 0...LOADED!

-------

ORB-SLAM3 Copyright (C) 2017-2020 Carlos Campos, Richard Elvira, Juan J. Gómez, José M.M. Montiel and Juan D. Tardós, University of Zaragoza.
ORB-SLAM2 Copyright (C) 2014-2016 Raúl Mur-Artal, José M.M. Montiel and Juan D. Tardós, University of Zaragoza.
This program comes with ABSOLUTELY NO WARRANTY;
This is free software, and you are welcome to redistribute it
under certain conditions. See LICENSE.txt.

Built with REGISTER_TIMES
Git Commit Hash: 48ed9a3

Build Type: Release

Compiled with C++ version: 201703

Input sensor was set to: Stereo-Inertial
Loading settings from ./Examples/Stereo-Inertial/EuRoC_pid.yaml
	-Loaded camera 1
	-Loaded camera 2
	-Loaded image info
	-Loaded IMU calibration
	-Loaded ORB settings
	-Loaded viewer settings
	-Loaded Atlas settings
PID SLAM enabled!
	-Loaded misc parameters
	-Computed rectification maps
----------------------------------
SLAM settings: 
	-Camera 1 parameters (Pinhole): [ 458.65399169921875 457.29598999023438 367.21499633789062 248.375 ]
	-Camera 1 distortion parameters: [  -0.28340810537338257 0.073959067463874817 0.00019359000725671649 1.7618711353861727e-05 ]
	-Camera 2 parameters (Pinhole: [ 457.58700561523438 456.13400268554688 379.99899291992188 255.23800659179688 ]
	-Camera 1 distortion parameters: [  -0.2836836576461792 0.074512839317321777 -0.00010473000293131918 -3.555907096597366e-05 ]
	-Original image size: [ 752 , 480 ]
	-Current image size: [ 752 , 480 ]
	-Camera 1 parameters after rectification: [  456.71499633789062 456.71499633789062 364.52615356445312 257.268798828125 ]
	-Sequence FPS: 20
	-Stereo baseline: 0.11007784307003021
	-Stereo depth threshold : 60
	-Gyro noise: 0.00016999999934341758
	-Accelerometer noise: 0.0020000000949949026
	-Gyro walk: 1.9392999092815444e-05
	-Accelerometer walk: 0.0030000000260770321
	-IMU frequency: 200
	-Features per image: 1200
	-ORB scale factor: 1.2000000476837158
	-ORB number of scales: 8
	-Initial FAST threshold: 20
	-Min FAST threshold: 7


Loading ORB Vocabulary. This could take a while...
Vocabulary loaded!

Initialization of Atlas from scratch 
Creation of new map with id: 0
Creation of new map with last KF id: 0
Seq. Name: 
There are 1 cameras in the atlas
Camera 0 is pinhole
SLAM Started at System Time: 1749940742.161
not IMU meas
not IMU meas
[MF-SEL] tPrev=(  d=0.000000  dMin=0.000000  dAvg=0.000000  dMax=0.000000  Dlo=0.000000  Dhi=0.000000  err=0.000000  inc=0.000000  bucket 0->0  (mf=1000)
not enough acceleration
[MF-SEL] tPrev=(  d=0.000000  dMin=0.000000  dAvg=0.000000  dMax=0.000000  Dlo=0.000000  Dhi=0.000000  err=0.000000  inc=0.000000  bucket 0->0  (mf=1000)
not enough acceleration
[MF-SEL] tPrev=(  d=0.000000  dMin=0.000000  dAvg=0.000000  dMax=0.000000  Dlo=0.000000  Dhi=0.000000  err=0.000000  inc=0.000000  bucket 0->0  (mf=1000)
First KF:0; Map init KF:0
New Map created with 447 points
Active map: 0
[MF-SEL] tPrev=(  d=0.000000  dMin=0.000000  dAvg=0.000000  dMax=0.000000  Dlo=0.000000  Dhi=0.000000  err=1.000000  inc=0.901213  bucket 0->1  (mf=900)
[MF-SEL] tPrev=(  d=0.026409  dMin=0.000000  dAvg=0.004402  dMax=0.026409  Dlo=0.002201  Dhi=0.015405  err=1.000000  inc=0.605695  bucket 1->2  (mf=800)
[MF-SEL] tPrev=(  d=0.027210  dMin=0.000000  dAvg=0.007660  dMax=0.027210  Dlo=0.003830  Dhi=0.017435  err=1.000000  inc=0.607823  bucket 2->3  (mf=700)
[MF-SEL] tPrev=(  d=0.025973  dMin=0.000000  dAvg=0.009949  dMax=0.027210  Dlo=0.004975  Dhi=0.018580  err=1.000000  inc=0.610172  bucket 3->4  (mf=600)
[MF-SEL] tPrev=(  d=0.024742  dMin=0.000000  dAvg=0.011593  dMax=0.027210  Dlo=0.005796  Dhi=0.019401  err=1.000000  inc=0.612570  bucket 4->5  (mf=510)
[MF-SEL] tPrev=(  d=0.024074  dMin=0.000000  dAvg=0.012841  dMax=0.027210  Dlo=0.006420  Dhi=0.020026  err=1.000000  inc=0.615015  bucket 5->5  (mf=510)
[MF-SEL] tPrev=(  d=0.022433  dMin=0.000000  dAvg=0.013713  dMax=0.027210  Dlo=0.006856  Dhi=0.020462  err=1.000000  inc=0.617539  bucket 5->5  (mf=510)
[MF-SEL] tPrev=(  d=0.020589  dMin=0.000000  dAvg=0.014286  dMax=0.027210  Dlo=0.007143  Dhi=0.020748  err=0.000000  inc=-0.311167  bucket 5->5  (mf=510)
[MF-SEL] tPrev=(  d=0.017990  dMin=0.000000  dAvg=0.014571  dMax=0.027210  Dlo=0.007285  Dhi=0.020890  err=0.000000  inc=0.017539  bucket 5->5  (mf=510)
[MF-SEL] tPrev=(  d=0.016322  dMin=0.000000  dAvg=0.014696  dMax=0.027210  Dlo=0.007348  Dhi=0.020953  err=0.000000  inc=0.017539  bucket 5->5  (mf=510)
[MF-SEL] tPrev=(  d=0.011944  dMin=0.000000  dAvg=0.014512  dMax=0.027210  Dlo=0.007256  Dhi=0.020861  err=0.000000  inc=0.017539  bucket 5->5  (mf=510)
[MF-SEL] tPrev=(  d=0.007825  dMin=0.000000  dAvg=0.014094  dMax=0.027210  Dlo=0.007047  Dhi=0.020652  err=0.000000  inc=0.017539  bucket 5->5  (mf=510)
[MF-SEL] tPrev=(  d=0.002818  dMin=0.000000  dAvg=0.013431  dMax=0.027210  Dlo=0.006716  Dhi=0.020321  err=-1.000000  inc=-0.919708  bucket 5->4  (mf=600)
[MF-SEL] tPrev=(  d=0.010821  dMin=0.000000  dAvg=0.013286  dMax=0.027210  Dlo=0.006643  Dhi=0.020248  err=0.000000  inc=0.322660  bucket 4->4  (mf=600)
[MF-SEL] tPrev=(  d=0.019450  dMin=0.000000  dAvg=0.013611  dMax=0.027210  Dlo=0.006805  Dhi=0.020410  err=0.000000  inc=0.015150  bucket 4->4  (mf=600)
[MF-SEL] tPrev=(  d=0.024557  dMin=0.000000  dAvg=0.014158  dMax=0.027210  Dlo=0.007079  Dhi=0.020684  err=1.000000  inc=0.932349  bucket 4->5  (mf=510)
[MF-SEL] tPrev=(  d=0.032062  dMin=0.000000  dAvg=0.015010  dMax=0.032062  Dlo=0.007505  Dhi=0.023536  err=1.000000  inc=0.620187  bucket 5->5  (mf=510)
[MF-SEL] tPrev=(  d=0.035201  dMin=0.000000  dAvg=0.015928  dMax=0.035201  Dlo=0.007964  Dhi=0.025564  err=1.000000  inc=0.622731  bucket 5->5  (mf=510)
[MF-SEL] tPrev=(  d=0.038180  dMin=0.000000  dAvg=0.016896  dMax=0.038180  Dlo=0.008448  Dhi=0.027538  err=1.000000  inc=0.625289  bucket 5->5  (mf=510)
[MF-SEL] tPrev=(  d=0.036220  dMin=0.000000  dAvg=0.017701  dMax=0.038180  Dlo=0.008850  Dhi=0.027940  err=1.000000  inc=0.627799  bucket 5->5  (mf=510)
[MF-SEL] tPrev=(  d=0.048681  dMin=0.000000  dAvg=0.018940  dMax=0.048681  Dlo=0.009470  Dhi=0.033810  err=1.000000  inc=0.630351  bucket 5->5  (mf=510)
[MF-SEL] tPrev=(  d=0.035421  dMin=0.000000  dAvg=0.019574  dMax=0.048681  Dlo=0.009787  Dhi=0.034127  err=1.000000  inc=0.632925  bucket 5->5  (mf=510)
[MF-SEL] tPrev=(  d=0.034842  dMin=0.000000  dAvg=0.020139  dMax=0.048681  Dlo=0.010070  Dhi=0.034410  err=1.000000  inc=0.635380  bucket 5->5  (mf=510)
[MF-SEL] tPrev=(  d=0.029703  dMin=0.000000  dAvg=0.020481  dMax=0.048681  Dlo=0.010240  Dhi=0.034581  err=0.000000  inc=-0.285954  bucket 5->5  (mf=510)
[MF-SEL] tPrev=(  d=0.028523  dMin=0.000000  dAvg=0.020758  dMax=0.048681  Dlo=0.010379  Dhi=0.034719  err=0.000000  inc=0.035380  bucket 5->5  (mf=510)
[MF-SEL] tPrev=(  d=0.027757  dMin=0.000000  dAvg=0.020992  dMax=0.048681  Dlo=0.010496  Dhi=0.034836  err=0.000000  inc=0.035380  bucket 5->5  (mf=510)
[MF-SEL] tPrev=(  d=0.025629  dMin=0.000000  dAvg=0.021141  dMax=0.048681  Dlo=0.010571  Dhi=0.034911  err=0.000000  inc=0.035380  bucket 5->5  (mf=510)
[MF-SEL] tPrev=(  d=0.017563  dMin=0.000000  dAvg=0.021029  dMax=0.048681  Dlo=0.010515  Dhi=0.034855  err=0.000000  inc=0.035380  bucket 5->5  (mf=510)
[MF-SEL] tPrev=(  d=0.011768  dMin=0.000000  dAvg=0.020749  dMax=0.048681  Dlo=0.010374  Dhi=0.034715  err=0.000000  inc=0.035380  bucket 5->5  (mf=510)
[MF-SEL] tPrev=(  d=0.003304  dMin=0.000000  dAvg=0.020236  dMax=0.048681  Dlo=0.010118  Dhi=0.034458  err=-1.000000  inc=-0.875518  bucket 5->4  (mf=600)
[MF-SEL] tPrev=(  d=0.007938  dMin=0.000000  dAvg=0.019884  dMax=0.048681  Dlo=0.009942  Dhi=0.034282  err=-1.000000  inc=-0.569723  bucket 4->3  (mf=700)
[MF-SEL] tPrev=(  d=0.025461  dMin=0.000000  dAvg=0.020039  dMax=0.048681  Dlo=0.010020  Dhi=0.034360  err=0.000000  inc=0.334145  bucket 3->3  (mf=700)
[MF-SEL] tPrev=(  d=0.020807  dMin=0.000000  dAvg=0.020060  dMax=0.048681  Dlo=0.010030  Dhi=0.034370  err=0.000000  inc=0.030277  bucket 3->3  (mf=700)
[MF-SEL] tPrev=(  d=0.029289  dMin=0.000000  dAvg=0.020303  dMax=0.048681  Dlo=0.010151  Dhi=0.034492  err=0.000000  inc=0.030277  bucket 3->3  (mf=700)
[MF-SEL] tPrev=(  d=0.030547  dMin=0.000000  dAvg=0.020565  dMax=0.048681  Dlo=0.010283  Dhi=0.034623  err=0.000000  inc=0.030277  bucket 3->3  (mf=700)
[MF-SEL] tPrev=(  d=0.031590  dMin=0.000000  dAvg=0.020841  dMax=0.048681  Dlo=0.010421  Dhi=0.034761  err=0.000000  inc=0.030277  bucket 3->3  (mf=700)
[MF-SEL] tPrev=(  d=0.033398  dMin=0.000000  dAvg=0.021147  dMax=0.048681  Dlo=0.010574  Dhi=0.034914  err=0.000000  inc=0.030277  bucket 3->3  (mf=700)
[MF-SEL] tPrev=(  d=0.034440  dMin=0.000000  dAvg=0.021464  dMax=0.048681  Dlo=0.010732  Dhi=0.035072  err=0.000000  inc=0.030277  bucket 3->3  (mf=700)
[MF-SEL] tPrev=(  d=0.033188  dMin=0.000000  dAvg=0.021736  dMax=0.048681  Dlo=0.010868  Dhi=0.035208  err=0.000000  inc=0.030277  bucket 3->3  (mf=700)
[MF-SEL] tPrev=(  d=0.033169  dMin=0.000000  dAvg=0.021996  dMax=0.048681  Dlo=0.010998  Dhi=0.035338  err=0.000000  inc=0.030277  bucket 3->3  (mf=700)
[MF-SEL] tPrev=(  d=0.032304  dMin=0.000000  dAvg=0.022225  dMax=0.048681  Dlo=0.011113  Dhi=0.035453  err=0.000000  inc=0.030277  bucket 3->3  (mf=700)
[MF-SEL] tPrev=(  d=0.030606  dMin=0.000000  dAvg=0.022408  dMax=0.048681  Dlo=0.011204  Dhi=0.035544  err=0.000000  inc=0.030277  bucket 3->3  (mf=700)
[MF-SEL] tPrev=(  d=0.027350  dMin=0.000000  dAvg=0.022513  dMax=0.048681  Dlo=0.011256  Dhi=0.035597  err=0.000000  inc=0.030277  bucket 3->3  (mf=700)
[MF-SEL] tPrev=(  d=0.021937  dMin=0.000000  dAvg=0.022501  dMax=0.048681  Dlo=0.011250  Dhi=0.035591  err=0.000000  inc=0.030277  bucket 3->3  (mf=700)
[MF-SEL] tPrev=(  d=0.015011  dMin=0.000000  dAvg=0.022348  dMax=0.048681  Dlo=0.011174  Dhi=0.035514  err=0.000000  inc=0.030277  bucket 3->3  (mf=700)
[MF-SEL] tPrev=(  d=0.009281  dMin=0.000000  dAvg=0.022087  dMax=0.048681  Dlo=0.011043  Dhi=0.035384  err=-1.000000  inc=-0.880788  bucket 3->2  (mf=800)
[MF-SEL] tPrev=(  d=0.001123  dMin=0.000000  dAvg=0.021675  dMax=0.048681  Dlo=0.010838  Dhi=0.035178  err=-1.000000  inc=-0.574645  bucket 2->1  (mf=900)
[MF-SEL] tPrev=(  d=5.671441  dMin=0.000000  dAvg=0.130325  dMax=5.671441  Dlo=0.065162  Dhi=2.900883  err=1.000000  inc=1.242238  bucket 1->2  (mf=800)
[MF-SEL] tPrev=(  d=0.017320  dMin=0.000000  dAvg=0.128193  dMax=5.671441  Dlo=0.064096  Dhi=2.899817  err=-1.000000  inc=-1.209827  bucket 2->1  (mf=900)
[MF-SEL] tPrev=(  d=0.024675  dMin=0.000000  dAvg=0.126276  dMax=5.671441  Dlo=0.063138  Dhi=2.898858  err=-1.000000  inc=-0.577121  bucket 1->0  (mf=1000)
[MF-SEL] tPrev=(  d=0.028717  dMin=0.000000  dAvg=0.124502  dMax=5.671441  Dlo=0.062251  Dhi=2.897971  err=-1.000000  inc=-0.579745  bucket 0->0  (mf=1000)
[MF-SEL] tPrev=(  d=0.030465  dMin=0.000000  dAvg=0.122823  dMax=5.671441  Dlo=0.061411  Dhi=2.897132  err=-1.000000  inc=-0.582338  bucket 0->0  (mf=1000)
[MF-SEL] tPrev=(  d=0.032678  dMin=0.000000  dAvg=0.121241  dMax=5.671441  Dlo=0.060621  Dhi=2.896341  err=-1.000000  inc=-0.584982  bucket 0->0  (mf=1000)
[MF-SEL] tPrev=(  d=0.033007  dMin=0.000000  dAvg=0.119720  dMax=5.671441  Dlo=0.059860  Dhi=2.895580  err=-1.000000  inc=-0.587253  bucket 0->0  (mf=1000)
[MF-SEL] tPrev=(  d=0.033593  dMin=0.000000  dAvg=0.118260  dMax=5.671441  Dlo=0.059130  Dhi=2.894850  err=-1.000000  inc=-0.589844  bucket 0->0  (mf=1000)
[MF-SEL] tPrev=(  d=0.033143  dMin=0.000000  dAvg=0.116841  dMax=5.671441  Dlo=0.058421  Dhi=2.894141  err=-1.000000  inc=-0.592141  bucket 0->0  (mf=1000)
[MF-SEL] tPrev=(  d=0.033494  dMin=0.000000  dAvg=0.115475  dMax=5.671441  Dlo=0.057738  Dhi=2.893458  err=-1.000000  inc=-0.594589  bucket 0->0  (mf=1000)
[MF-SEL] tPrev=(  d=0.032141  dMin=0.000000  dAvg=0.114131  dMax=5.671441  Dlo=0.057065  Dhi=2.892786  err=-1.000000  inc=-0.596737  bucket 0->0  (mf=1000)
[MF-SEL] tPrev=(  d=0.033045  dMin=0.000000  dAvg=0.112844  dMax=5.671441  Dlo=0.056422  Dhi=2.892142  err=-1.000000  inc=-0.599372  bucket 0->0  (mf=1000)
[MF-SEL] tPrev=(  d=0.030541  dMin=0.000000  dAvg=0.111558  dMax=5.671441  Dlo=0.055779  Dhi=2.891499  err=-1.000000  inc=-0.601693  bucket 0->0  (mf=1000)
[MF-SEL] tPrev=(  d=0.027831  dMin=0.000000  dAvg=0.110270  dMax=5.671441  Dlo=0.055135  Dhi=2.890855  err=-1.000000  inc=-0.603907  bucket 0->0  (mf=1000)
[MF-SEL] tPrev=(  d=0.021151  dMin=0.000000  dAvg=0.108920  dMax=5.671441  Dlo=0.054460  Dhi=2.890180  err=-1.000000  inc=-0.606687  bucket 0->0  (mf=1000)
[MF-SEL] tPrev=(  d=0.013727  dMin=0.000000  dAvg=0.107499  dMax=5.671441  Dlo=0.053749  Dhi=2.889470  err=-1.000000  inc=-0.608913  bucket 0->0  (mf=1000)
[MF-SEL] tPrev=(  d=0.005508  dMin=0.000000  dAvg=0.105999  dMax=5.671441  Dlo=0.052999  Dhi=2.888720  err=-1.000000  inc=-0.611216  bucket 0->0  (mf=1000)
[MF-SEL] tPrev=(  d=0.003440  dMin=0.000000  dAvg=0.104513  dMax=5.671441  Dlo=0.052256  Dhi=2.887977  err=-1.000000  inc=-0.613791  bucket 0->0  (mf=1000)
[MF-SEL] tPrev=(  d=0.011384  dMin=0.000000  dAvg=0.103182  dMax=5.671441  Dlo=0.051591  Dhi=2.887311  err=-1.000000  inc=-0.616190  bucket 0->0  (mf=1000)
[MF-SEL] tPrev=(  d=0.018369  dMin=0.000000  dAvg=0.101988  dMax=5.671441  Dlo=0.050994  Dhi=2.886714  err=-1.000000  inc=-0.618412  bucket 0->0  (mf=1000)
[MF-SEL] tPrev=(  d=0.023091  dMin=0.000000  dAvg=0.100892  dMax=5.671441  Dlo=0.050446  Dhi=2.886166  err=-1.000000  inc=-0.620955  bucket 0->0  (mf=1000)
[MF-SEL] tPrev=(  d=0.027774  dMin=0.000000  dAvg=0.099890  dMax=5.671441  Dlo=0.049945  Dhi=2.885665  err=-1.000000  inc=-0.623361  bucket 0->0  (mf=1000)
[MF-SEL] tPrev=(  d=0.030570  dMin=0.000000  dAvg=0.098953  dMax=5.671441  Dlo=0.049477  Dhi=2.885197  err=-1.000000  inc=-0.625666  bucket 0->0  (mf=1000)
[MF-SEL] tPrev=(  d=0.033281  dMin=0.000000  dAvg=0.098078  dMax=5.671441  Dlo=0.049039  Dhi=2.884759  err=-1.000000  inc=-0.628099  bucket 0->0  (mf=1000)
[MF-SEL] tPrev=(  d=0.034205  dMin=0.000000  dAvg=0.097237  dMax=5.671441  Dlo=0.048619  Dhi=2.884339  err=-1.000000  inc=-0.630377  bucket 0->0  (mf=1000)
[MF-SEL] tPrev=(  d=0.035146  dMin=0.000000  dAvg=0.096431  dMax=5.671441  Dlo=0.048215  Dhi=2.883936  err=-1.000000  inc=-0.632787  bucket 0->0  (mf=1000)
[MF-SEL] tPrev=(  d=0.036213  dMin=0.000000  dAvg=0.095659  dMax=5.671441  Dlo=0.047829  Dhi=2.883550  err=-1.000000  inc=-0.634954  bucket 0->0  (mf=1000)
[MF-SEL] tPrev=(  d=0.034927  dMin=0.000000  dAvg=0.094890  dMax=5.671441  Dlo=0.047445  Dhi=2.883165  err=-1.000000  inc=-0.637291  bucket 0->0  (mf=1000)
[MF-SEL] tPrev=(  d=0.032687  dMin=0.000000  dAvg=0.094113  dMax=5.671441  Dlo=0.047056  Dhi=2.882777  err=-1.000000  inc=-0.639761  bucket 0->0  (mf=1000)
[MF-SEL] tPrev=(  d=0.030265  dMin=0.000000  dAvg=0.093324  dMax=5.671441  Dlo=0.046662  Dhi=2.882383  err=-1.000000  inc=-0.641992  bucket 0->0  (mf=1000)
[MF-SEL] tPrev=(  d=0.027355  dMin=0.000000  dAvg=0.092520  dMax=5.671441  Dlo=0.046260  Dhi=2.881980  err=-1.000000  inc=-0.644492  bucket 0->0  (mf=1000)
[MF-SEL] tPrev=(  d=0.024983  dMin=0.000000  dAvg=0.091706  dMax=5.671441  Dlo=0.045853  Dhi=2.881573  err=-1.000000  inc=-0.646780  bucket 0->0  (mf=1000)
[MF-SEL] tPrev=(  d=0.021817  dMin=0.000000  dAvg=0.090874  dMax=5.671441  Dlo=0.045437  Dhi=2.881157  err=-1.000000  inc=-0.649091  bucket 0->0  (mf=1000)
[MF-SEL] tPrev=(  d=0.017152  dMin=0.000000  dAvg=0.090007  dMax=5.671441  Dlo=0.045003  Dhi=2.880724  err=-1.000000  inc=-0.651520  bucket 0->0  (mf=1000)
[MF-SEL] tPrev=(  d=0.012182  dMin=0.000000  dAvg=0.089102  dMax=5.671441  Dlo=0.044551  Dhi=2.880271  err=-1.000000  inc=-0.654072  bucket 0->0  (mf=1000)
[MF-SEL] tPrev=(  d=0.005418  dMin=0.000000  dAvg=0.088140  dMax=5.671441  Dlo=0.044070  Dhi=2.879790  err=-1.000000  inc=-0.656567  bucket 0->0  (mf=1000)
[MF-SEL] tPrev=(  d=0.002322  dMin=0.000000  dAvg=0.087165  dMax=5.671441  Dlo=0.043582  Dhi=2.879303  err=-1.000000  inc=-0.658854  bucket 0->0  (mf=1000)
[MF-SEL] tPrev=(  d=0.010046  dMin=0.000000  dAvg=0.086298  dMax=5.671441  Dlo=0.043149  Dhi=2.878869  err=-1.000000  inc=-0.661505  bucket 0->0  (mf=1000)
[MF-SEL] tPrev=(  d=0.017346  dMin=0.000000  dAvg=0.085532  dMax=5.671441  Dlo=0.042766  Dhi=2.878486  err=-1.000000  inc=-0.663614  bucket 0->0  (mf=1000)
[MF-SEL] tPrev=(  d=0.022620  dMin=0.000000  dAvg=0.084841  dMax=5.671441  Dlo=0.042420  Dhi=2.878141  err=-1.000000  inc=-0.666372  bucket 0->0  (mf=1000)
[MF-SEL] tPrev=(  d=0.027216  dMin=0.000000  dAvg=0.084215  dMax=5.671441  Dlo=0.042107  Dhi=2.877828  err=-1.000000  inc=-0.668660  bucket 0->0  (mf=1000)
[MF-SEL] tPrev=(  d=0.029828  dMin=0.000000  dAvg=0.083630  dMax=5.671441  Dlo=0.041815  Dhi=2.877535  err=-1.000000  inc=-0.671485  bucket 0->0  (mf=1000)
[MF-SEL] tPrev=(  d=0.032796  dMin=0.000000  dAvg=0.083089  dMax=5.671441  Dlo=0.041544  Dhi=2.877265  err=-1.000000  inc=-0.673769  bucket 0->0  (mf=1000)
[MF-SEL] tPrev=(  d=0.034933  dMin=0.000000  dAvg=0.082582  dMax=5.671441  Dlo=0.041291  Dhi=2.877011  err=-1.000000  inc=-0.676253  bucket 0->0  (mf=1000)
[MF-SEL] tPrev=(  d=0.036482  dMin=0.000000  dAvg=0.082102  dMax=5.671441  Dlo=0.041051  Dhi=2.876771  err=-1.000000  inc=-0.678673  bucket 0->0  (mf=1000)
[MF-SEL] tPrev=(  d=0.037364  dMin=0.000000  dAvg=0.081641  dMax=5.671441  Dlo=0.040820  Dhi=2.876541  err=-1.000000  inc=-0.680990  bucket 0->0  (mf=1000)
[MF-SEL] tPrev=(  d=0.037759  dMin=0.000000  dAvg=0.081193  dMax=5.671441  Dlo=0.040596  Dhi=2.876317  err=-1.000000  inc=-0.683101  bucket 0->0  (mf=1000)
[MF-SEL] tPrev=(  d=0.037057  dMin=0.000000  dAvg=0.080747  dMax=5.671441  Dlo=0.040374  Dhi=2.876094  err=-1.000000  inc=-0.685462  bucket 0->0  (mf=1000)
[MF-SEL] tPrev=(  d=0.034678  dMin=0.000000  dAvg=0.080286  dMax=5.671441  Dlo=0.040143  Dhi=2.875863  err=-1.000000  inc=-0.688015  bucket 0->0  (mf=1000)
[MF-SEL] tPrev=(  d=0.031534  dMin=0.000000  dAvg=0.079804  dMax=5.671441  Dlo=0.039902  Dhi=2.875622  err=-1.000000  inc=-0.690263  bucket 0->0  (mf=1000)
[MF-SEL] tPrev=(  d=0.029406  dMin=0.000000  dAvg=0.079310  dMax=5.671441  Dlo=0.039655  Dhi=2.875375  err=-1.000000  inc=-0.692584  bucket 0->0  (mf=1000)
[MF-SEL] tPrev=(  d=0.024511  dMin=0.000000  dAvg=0.078778  dMax=5.671441  Dlo=0.039389  Dhi=2.875109  err=-1.000000  inc=-0.695285  bucket 0->0  (mf=1000)
[MF-SEL] tPrev=(  d=0.019083  dMin=0.000000  dAvg=0.078204  dMax=5.671441  Dlo=0.039102  Dhi=2.874822  err=-1.000000  inc=-0.697666  bucket 0->0  (mf=1000)
[MF-SEL] tPrev=(  d=0.011731  dMin=0.000000  dAvg=0.077570  dMax=5.671441  Dlo=0.038785  Dhi=2.874506  err=-1.000000  inc=-0.700201  bucket 0->0  (mf=1000)
[MF-SEL] tPrev=(  d=0.004053  dMin=0.000000  dAvg=0.076877  dMax=5.671441  Dlo=0.038438  Dhi=2.874159  err=-1.000000  inc=-0.702506  bucket 0->0  (mf=1000)
[MF-SEL] tPrev=(  d=0.003754  dMin=0.000000  dAvg=0.076194  dMax=5.671441  Dlo=0.038097  Dhi=2.873817  err=-1.000000  inc=-0.704749  bucket 0->0  (mf=1000)
[MF-SEL] tPrev=(  d=0.011926  dMin=0.000000  dAvg=0.075598  dMax=5.671441  Dlo=0.037799  Dhi=2.873520  err=-1.000000  inc=-0.707051  bucket 0->0  (mf=1000)
[MF-SEL] tPrev=(  d=0.016703  dMin=0.000000  dAvg=0.075058  dMax=5.671441  Dlo=0.037529  Dhi=2.873249  err=-1.000000  inc=-0.709748  bucket 0->0  (mf=1000)
[MF-SEL] tPrev=(  d=0.021328  dMin=0.000000  dAvg=0.074570  dMax=5.671441  Dlo=0.037285  Dhi=2.873005  err=-1.000000  inc=-0.712177  bucket 0->0  (mf=1000)
[MF-SEL] tPrev=(  d=0.024951  dMin=0.000000  dAvg=0.074123  dMax=5.671441  Dlo=0.037061  Dhi=2.872782  err=-1.000000  inc=-0.714565  bucket 0->0  (mf=1000)
[MF-SEL] tPrev=(  d=0.026499  dMin=0.000000  dAvg=0.073697  dMax=5.671441  Dlo=0.036849  Dhi=2.872569  err=-1.000000  inc=-0.716740  bucket 0->0  (mf=1000)
[MF-SEL] tPrev=(  d=0.027583  dMin=0.000000  dAvg=0.073289  dMax=5.671441  Dlo=0.036645  Dhi=2.872365  err=-1.000000  inc=-0.719396  bucket 0->0  (mf=1000)
[MF-SEL] tPrev=(  d=0.026351  dMin=0.000000  dAvg=0.072878  dMax=5.671441  Dlo=0.036439  Dhi=2.872159  err=-1.000000  inc=-0.721713  bucket 0->0  (mf=1000)
[MF-SEL] tPrev=(  d=0.026745  dMin=0.000000  dAvg=0.072476  dMax=5.671441  Dlo=0.036238  Dhi=2.871959  err=-1.000000  inc=-0.724220  bucket 0->0  (mf=1000)
[MF-SEL] tPrev=(  d=0.026208  dMin=0.000000  dAvg=0.072078  dMax=5.671441  Dlo=0.036039  Dhi=2.871759  err=-1.000000  inc=-0.726346  bucket 0->0  (mf=1000)
[MF-SEL] tPrev=(  d=0.024396  dMin=0.000000  dAvg=0.071670  dMax=5.671441  Dlo=0.035835  Dhi=2.871555  err=-1.000000  inc=-0.728842  bucket 0->0  (mf=1000)
start VIBA 1
[MF-SEL] tPrev=(  d=0.033928  dMin=0.000000  dAvg=0.071350  dMax=5.671441  Dlo=0.035675  Dhi=2.871395  err=-1.000000  inc=-0.730828  bucket 0->0  (mf=1000)
[MF-SEL] tPrev=(  d=0.018246  dMin=0.000000  dAvg=0.070904  dMax=5.671441  Dlo=0.035452  Dhi=2.871172  err=-1.000000  inc=-0.733216  bucket 0->0  (mf=1000)
end VIBA 1
[MF-SEL] tPrev=(  d=0.017572  dMin=0.000000  dAvg=0.070460  dMax=5.671441  Dlo=0.035230  Dhi=2.870950  err=-1.000000  inc=-0.735700  bucket 0->0  (mf=1000)
[MF-SEL] tPrev=(  d=0.011499  dMin=0.000000  dAvg=0.069972  dMax=5.671441  Dlo=0.034986  Dhi=2.870706  err=-1.000000  inc=-0.738087  bucket 0->0  (mf=1000)
[MF-SEL] tPrev=(  d=0.008856  dMin=0.000000  dAvg=0.069471  dMax=5.671441  Dlo=0.034736  Dhi=2.870456  err=-1.000000  inc=-0.740352  bucket 0->0  (mf=1000)
[MF-SEL] tPrev=(  d=0.007775  dMin=0.000000  dAvg=0.068970  dMax=5.671441  Dlo=0.034485  Dhi=2.870205  err=-1.000000  inc=-0.742821  bucket 0->0  (mf=1000)
[MF-SEL] tPrev=(  d=0.005617  dMin=0.000000  dAvg=0.068459  dMax=5.671441  Dlo=0.034229  Dhi=2.869950  err=-1.000000  inc=-0.745178  bucket 0->0  (mf=1000)
[MF-SEL] tPrev=(  d=0.004304  dMin=0.000000  dAvg=0.067946  dMax=5.671441  Dlo=0.033973  Dhi=2.869693  err=-1.000000  inc=-0.747541  bucket 0->0  (mf=1000)
[MF-SEL] tPrev=(  d=0.001494  dMin=0.000000  dAvg=0.067418  dMax=5.671441  Dlo=0.033709  Dhi=2.869429  err=-1.000000  inc=-0.749951  bucket 0->0  (mf=1000)
[MF-SEL] tPrev=(  d=0.002551  dMin=0.000000  dAvg=0.066907  dMax=5.671441  Dlo=0.033454  Dhi=2.869174  err=-1.000000  inc=-0.752507  bucket 0->0  (mf=1000)
[MF-SEL] tPrev=(  d=0.003110  dMin=0.000000  dAvg=0.066409  dMax=5.671441  Dlo=0.033204  Dhi=2.868925  err=-1.000000  inc=-0.755003  bucket 0->0  (mf=1000)
[MF-SEL] tPrev=(  d=0.003924  dMin=0.000000  dAvg=0.065925  dMax=5.671441  Dlo=0.032962  Dhi=2.868683  err=-1.000000  inc=-0.757046  bucket 0->0  (mf=1000)
[MF-SEL] tPrev=(  d=0.006286  dMin=0.000000  dAvg=0.065466  dMax=5.671441  Dlo=0.032733  Dhi=2.868453  err=-1.000000  inc=-0.759612  bucket 0->0  (mf=1000)
[MF-SEL] tPrev=(  d=0.005268  dMin=0.000000  dAvg=0.065006  dMax=5.671441  Dlo=0.032503  Dhi=2.868223  err=-1.000000  inc=-0.762149  bucket 0->0  (mf=1000)
[MF-SEL] tPrev=(  d=0.005115  dMin=0.000000  dAvg=0.064553  dMax=5.671441  Dlo=0.032276  Dhi=2.867997  err=-1.000000  inc=-0.764686  bucket 0->0  (mf=1000)
[MF-SEL] tPrev=(  d=0.005452  dMin=0.000000  dAvg=0.064108  dMax=5.671441  Dlo=0.032054  Dhi=2.867774  err=-1.000000  inc=-0.766913  bucket 0->0  (mf=1000)
[MF-SEL] tPrev=(  d=0.005794  dMin=0.000000  dAvg=0.063673  dMax=5.671441  Dlo=0.031837  Dhi=2.867557  err=-1.000000  inc=-0.769201  bucket 0->0  (mf=1000)
[MF-SEL] tPrev=(  d=0.006093  dMin=0.000000  dAvg=0.063247  dMax=5.671441  Dlo=0.031623  Dhi=2.867344  err=-1.000000  inc=-0.771546  bucket 0->0  (mf=1000)
[MF-SEL] tPrev=(  d=0.004941  dMin=0.000000  dAvg=0.062818  dMax=5.671441  Dlo=0.031409  Dhi=2.867129  err=-1.000000  inc=-0.774149  bucket 0->0  (mf=1000)
[MF-SEL] tPrev=(  d=0.005482  dMin=0.000000  dAvg=0.062399  dMax=5.671441  Dlo=0.031200  Dhi=2.866920  err=-1.000000  inc=-0.776650  bucket 0->0  (mf=1000)
[MF-SEL] tPrev=(  d=0.005045  dMin=0.000000  dAvg=0.061984  dMax=5.671441  Dlo=0.030992  Dhi=2.866712  err=-1.000000  inc=-0.779001  bucket 0->0  (mf=1000)
[MF-SEL] tPrev=(  d=0.005174  dMin=0.000000  dAvg=0.061575  dMax=5.671441  Dlo=0.030787  Dhi=2.866508  err=-1.000000  inc=-0.781507  bucket 0->0  (mf=1000)
[MF-SEL] tPrev=(  d=0.005269  dMin=0.000000  dAvg=0.061173  dMax=5.671441  Dlo=0.030586  Dhi=2.866307  err=-1.000000  inc=-0.784129  bucket 0->0  (mf=1000)
[MF-SEL] tPrev=(  d=0.004701  dMin=0.000000  dAvg=0.060772  dMax=5.671441  Dlo=0.030386  Dhi=2.866106  err=-1.000000  inc=-0.786485  bucket 0->0  (mf=1000)
[MF-SEL] tPrev=(  d=0.005125  dMin=0.000000  dAvg=0.060380  dMax=5.671441  Dlo=0.030190  Dhi=2.865911  err=-1.000000  inc=-0.788874  bucket 0->0  (mf=1000)
[MF-SEL] tPrev=(  d=0.004259  dMin=0.000000  dAvg=0.059988  dMax=5.671441  Dlo=0.029994  Dhi=2.865714  err=-1.000000  inc=-0.791314  bucket 0->0  (mf=1000)
[MF-SEL] tPrev=(  d=0.002914  dMin=0.000000  dAvg=0.059592  dMax=5.671441  Dlo=0.029796  Dhi=2.865516  err=-1.000000  inc=-0.793859  bucket 0->0  (mf=1000)
[MF-SEL] tPrev=(  d=0.002420  dMin=0.000000  dAvg=0.059197  dMax=5.671441  Dlo=0.029599  Dhi=2.865319  err=-1.000000  inc=-0.796243  bucket 0->0  (mf=1000)
[MF-SEL] tPrev=(  d=0.002653  dMin=0.000000  dAvg=0.058810  dMax=5.671441  Dlo=0.029405  Dhi=2.865125  err=-1.000000  inc=-0.798754  bucket 0->0  (mf=1000)
[MF-SEL] tPrev=(  d=0.002639  dMin=0.000000  dAvg=0.058428  dMax=5.671441  Dlo=0.029214  Dhi=2.864934  err=-1.000000  inc=-0.800988  bucket 0->0  (mf=1000)
[MF-SEL] tPrev=(  d=0.002845  dMin=0.000000  dAvg=0.058052  dMax=5.671441  Dlo=0.029026  Dhi=2.864746  err=-1.000000  inc=-0.803514  bucket 0->0  (mf=1000)
[MF-SEL] tPrev=(  d=0.003675  dMin=0.000000  dAvg=0.057687  dMax=5.671441  Dlo=0.028844  Dhi=2.864564  err=-1.000000  inc=-0.805897  bucket 0->0  (mf=1000)
[MF-SEL] tPrev=(  d=0.004941  dMin=0.000000  dAvg=0.057336  dMax=5.671441  Dlo=0.028668  Dhi=2.864388  err=-1.000000  inc=-0.808335  bucket 0->0  (mf=1000)
[MF-SEL] tPrev=(  d=0.006370  dMin=0.000000  dAvg=0.056998  dMax=5.671441  Dlo=0.028499  Dhi=2.864219  err=-1.000000  inc=-0.810589  bucket 0->0  (mf=1000)
[MF-SEL] tPrev=(  d=0.008257  dMin=0.000000  dAvg=0.056678  dMax=5.671441  Dlo=0.028339  Dhi=2.864059  err=-1.000000  inc=-0.813197  bucket 0->0  (mf=1000)
[MF-SEL] tPrev=(  d=0.011354  dMin=0.000000  dAvg=0.056381  dMax=5.671441  Dlo=0.028191  Dhi=2.863911  err=-1.000000  inc=-0.815262  bucket 0->0  (mf=1000)
[MF-SEL] tPrev=(  d=0.011514  dMin=0.000000  dAvg=0.056090  dMax=5.671441  Dlo=0.028045  Dhi=2.863765  err=-1.000000  inc=-0.817973  bucket 0->0  (mf=1000)
[MF-SEL] tPrev=(  d=0.013054  dMin=0.000000  dAvg=0.055812  dMax=5.671441  Dlo=0.027906  Dhi=2.863626  err=-1.000000  inc=-0.820288  bucket 0->0  (mf=1000)
[MF-SEL] tPrev=(  d=0.014376  dMin=0.000000  dAvg=0.055547  dMax=5.671441  Dlo=0.027773  Dhi=2.863494  err=-1.000000  inc=-0.822732  bucket 0->0  (mf=1000)
[MF-SEL] tPrev=(  d=0.016026  dMin=0.000000  dAvg=0.055295  dMax=5.671441  Dlo=0.027647  Dhi=2.863368  err=-1.000000  inc=-0.825178  bucket 0->0  (mf=1000)
[MF-SEL] tPrev=(  d=0.017381  dMin=0.000000  dAvg=0.055055  dMax=5.671441  Dlo=0.027528  Dhi=2.863248  err=-1.000000  inc=-0.827444  bucket 0->0  (mf=1000)
[MF-SEL] tPrev=(  d=0.018428  dMin=0.000000  dAvg=0.054825  dMax=5.671441  Dlo=0.027412  Dhi=2.863133  err=-1.000000  inc=-0.829779  bucket 0->0  (mf=1000)
[MF-SEL] tPrev=(  d=0.019185  dMin=0.000000  dAvg=0.054602  dMax=5.671441  Dlo=0.027301  Dhi=2.863021  err=-1.000000  inc=-0.832087  bucket 0->0  (mf=1000)
[MF-SEL] tPrev=(  d=0.019139  dMin=0.000000  dAvg=0.054382  dMax=5.671441  Dlo=0.027191  Dhi=2.862911  err=-1.000000  inc=-0.834382  bucket 0->0  (mf=1000)
[MF-SEL] tPrev=(  d=0.019219  dMin=0.000000  dAvg=0.054165  dMax=5.671441  Dlo=0.027082  Dhi=2.862803  err=-1.000000  inc=-0.836984  bucket 0->0  (mf=1000)
[MF-SEL] tPrev=(  d=0.018711  dMin=0.000000  dAvg=0.053947  dMax=5.671441  Dlo=0.026974  Dhi=2.862694  err=-1.000000  inc=-0.839430  bucket 0->0  (mf=1000)
[MF-SEL] tPrev=(  d=0.018107  dMin=0.000000  dAvg=0.053729  dMax=5.671441  Dlo=0.026864  Dhi=2.862585  err=-1.000000  inc=-0.841790  bucket 0->0  (mf=1000)
[MF-SEL] tPrev=(  d=0.017448  dMin=0.000000  dAvg=0.053509  dMax=5.671441  Dlo=0.026754  Dhi=2.862475  err=-1.000000  inc=-0.843997  bucket 0->0  (mf=1000)
[MF-SEL] tPrev=(  d=0.016257  dMin=0.000000  dAvg=0.053284  dMax=5.671441  Dlo=0.026642  Dhi=2.862362  err=-1.000000  inc=-0.846264  bucket 0->0  (mf=1000)
[MF-SEL] tPrev=(  d=0.014754  dMin=0.000000  dAvg=0.053054  dMax=5.671441  Dlo=0.026527  Dhi=2.862247  err=-1.000000  inc=-0.848870  bucket 0->0  (mf=1000)
[MF-SEL] tPrev=(  d=0.012655  dMin=0.000000  dAvg=0.052813  dMax=5.671441  Dlo=0.026407  Dhi=2.862127  err=-1.000000  inc=-0.851382  bucket 0->0  (mf=1000)
[MF-SEL] tPrev=(  d=0.011364  dMin=0.000000  dAvg=0.052568  dMax=5.671441  Dlo=0.026284  Dhi=2.862004  err=-1.000000  inc=-0.853938  bucket 0->0  (mf=1000)
[MF-SEL] tPrev=(  d=0.009453  dMin=0.000000  dAvg=0.052314  dMax=5.671441  Dlo=0.026157  Dhi=2.861877  err=-1.000000  inc=-0.856141  bucket 0->0  (mf=1000)
[MF-SEL] tPrev=(  d=0.007249  dMin=0.000000  dAvg=0.052051  dMax=5.671441  Dlo=0.026025  Dhi=2.861746  err=-1.000000  inc=-0.858205  bucket 0->0  (mf=1000)
[MF-SEL] tPrev=(  d=0.005119  dMin=0.000000  dAvg=0.051778  dMax=5.671441  Dlo=0.025889  Dhi=2.861609  err=-1.000000  inc=-0.860666  bucket 0->0  (mf=1000)
[MF-SEL] tPrev=(  d=0.002725  dMin=0.000000  dAvg=0.051494  dMax=5.671441  Dlo=0.025747  Dhi=2.861467  err=-1.000000  inc=-0.863059  bucket 0->0  (mf=1000)
[MF-SEL] tPrev=(  d=0.000951  dMin=0.000000  dAvg=0.051204  dMax=5.671441  Dlo=0.025602  Dhi=2.861322  err=-1.000000  inc=-0.865392  bucket 0->0  (mf=1000)
[MF-SEL] tPrev=(  d=0.001800  dMin=0.000000  dAvg=0.050921  dMax=5.671441  Dlo=0.025461  Dhi=2.861181  err=-1.000000  inc=-0.867996  bucket 0->0  (mf=1000)
[MF-SEL] tPrev=(  d=0.003391  dMin=0.000000  dAvg=0.050651  dMax=5.671441  Dlo=0.025326  Dhi=2.861046  err=-1.000000  inc=-0.870291  bucket 0->0  (mf=1000)
[MF-SEL] tPrev=(  d=0.005777  dMin=0.000000  dAvg=0.050398  dMax=5.671441  Dlo=0.025199  Dhi=2.860919  err=-1.000000  inc=-0.872658  bucket 0->0  (mf=1000)
[MF-SEL] tPrev=(  d=0.008458  dMin=0.000000  dAvg=0.050162  dMax=5.671441  Dlo=0.025081  Dhi=2.860801  err=-1.000000  inc=-0.875132  bucket 0->0  (mf=1000)
[MF-SEL] tPrev=(  d=0.010348  dMin=0.000000  dAvg=0.049940  dMax=5.671441  Dlo=0.024970  Dhi=2.860690  err=-1.000000  inc=-0.877375  bucket 0->0  (mf=1000)
[MF-SEL] tPrev=(  d=0.012268  dMin=0.000000  dAvg=0.049731  dMax=5.671441  Dlo=0.024865  Dhi=2.860586  err=-1.000000  inc=-0.879792  bucket 0->0  (mf=1000)
[MF-SEL] tPrev=(  d=0.013623  dMin=0.000000  dAvg=0.049531  dMax=5.671441  Dlo=0.024766  Dhi=2.860486  err=-1.000000  inc=-0.881771  bucket 0->0  (mf=1000)
[MF-SEL] tPrev=(  d=0.014661  dMin=0.000000  dAvg=0.049339  dMax=5.671441  Dlo=0.024670  Dhi=2.860390  err=-1.000000  inc=-0.884235  bucket 0->0  (mf=1000)
[MF-SEL] tPrev=(  d=0.016514  dMin=0.000000  dAvg=0.049160  dMax=5.671441  Dlo=0.024580  Dhi=2.860300  err=-1.000000  inc=-0.886467  bucket 0->0  (mf=1000)
[MF-SEL] tPrev=(  d=0.018271  dMin=0.000000  dAvg=0.048992  dMax=5.671441  Dlo=0.024496  Dhi=2.860216  err=-1.000000  inc=-0.888542  bucket 0->0  (mf=1000)
[MF-SEL] tPrev=(  d=0.019808  dMin=0.000000  dAvg=0.048834  dMax=5.671441  Dlo=0.024417  Dhi=2.860138  err=-1.000000  inc=-0.890971  bucket 0->0  (mf=1000)
[MF-SEL] tPrev=(  d=0.020581  dMin=0.000000  dAvg=0.048683  dMax=5.671441  Dlo=0.024341  Dhi=2.860062  err=-1.000000  inc=-0.893469  bucket 0->0  (mf=1000)
[MF-SEL] tPrev=(  d=0.021518  dMin=0.000000  dAvg=0.048537  dMax=5.671441  Dlo=0.024269  Dhi=2.859989  err=-1.000000  inc=-0.895903  bucket 0->0  (mf=1000)
[MF-SEL] tPrev=(  d=0.022015  dMin=0.000000  dAvg=0.048396  dMax=5.671441  Dlo=0.024198  Dhi=2.859918  err=-1.000000  inc=-0.897802  bucket 0->0  (mf=1000)
[MF-SEL] tPrev=(  d=0.023001  dMin=0.000000  dAvg=0.048262  dMax=5.671441  Dlo=0.024131  Dhi=2.859851  err=-1.000000  inc=-0.899986  bucket 0->0  (mf=1000)
[MF-SEL] tPrev=(  d=0.023454  dMin=0.000000  dAvg=0.048131  dMax=5.671441  Dlo=0.024066  Dhi=2.859786  err=-1.000000  inc=-0.902578  bucket 0->0  (mf=1000)
[MF-SEL] tPrev=(  d=0.023903  dMin=0.000000  dAvg=0.048004  dMax=5.671441  Dlo=0.024002  Dhi=2.859723  err=-1.000000  inc=-0.905127  bucket 0->0  (mf=1000)
[MF-SEL] tPrev=(  d=0.024099  dMin=0.000000  dAvg=0.047880  dMax=5.671441  Dlo=0.023940  Dhi=2.859660  err=0.000000  inc=0.060761  bucket 0->0  (mf=1000)
[MF-SEL] tPrev=(  d=0.024664  dMin=0.000000  dAvg=0.047760  dMax=5.671441  Dlo=0.023880  Dhi=2.859600  err=0.000000  inc=-0.305127  bucket 0->0  (mf=1000)
[MF-SEL] tPrev=(  d=0.023933  dMin=0.000000  dAvg=0.047637  dMax=5.671441  Dlo=0.023818  Dhi=2.859539  err=0.000000  inc=-0.305127  bucket 0->0  (mf=1000)
[MF-SEL] tPrev=(  d=0.022843  dMin=0.000000  dAvg=0.047510  dMax=5.671441  Dlo=0.023755  Dhi=2.859475  err=-1.000000  inc=-1.255157  bucket 0->0  (mf=1000)
[MF-SEL] tPrev=(  d=0.024005  dMin=0.000000  dAvg=0.047390  dMax=5.671441  Dlo=0.023695  Dhi=2.859415  err=0.000000  inc=0.018856  bucket 0->0  (mf=1000)
[MF-SEL] tPrev=(  d=0.024153  dMin=0.000000  dAvg=0.047272  dMax=5.671441  Dlo=0.023636  Dhi=2.859356  err=0.000000  inc=-0.307427  bucket 0->0  (mf=1000)
[MF-SEL] tPrev=(  d=0.023469  dMin=0.000000  dAvg=0.047152  dMax=5.671441  Dlo=0.023576  Dhi=2.859296  err=-1.000000  inc=-1.224596  bucket 0->0  (mf=1000)
[MF-SEL] tPrev=(  d=0.023448  dMin=0.000000  dAvg=0.047032  dMax=5.671441  Dlo=0.023516  Dhi=2.859237  err=-1.000000  inc=-0.912320  bucket 0->0  (mf=1000)
[MF-SEL] tPrev=(  d=0.023179  dMin=0.000000  dAvg=0.046913  dMax=5.671441  Dlo=0.023457  Dhi=2.859177  err=-1.000000  inc=-0.914705  bucket 0->0  (mf=1000)
[MF-SEL] tPrev=(  d=0.023784  dMin=0.000000  dAvg=0.046798  dMax=5.671441  Dlo=0.023399  Dhi=2.859119  err=0.000000  inc=0.034901  bucket 0->0  (mf=1000)
[MF-SEL] tPrev=(  d=0.021554  dMin=0.000000  dAvg=0.046673  dMax=5.671441  Dlo=0.023337  Dhi=2.859057  err=-1.000000  inc=-1.192802  bucket 0->0  (mf=1000)
[MF-SEL] tPrev=(  d=0.019908  dMin=0.000000  dAvg=0.046541  dMax=5.671441  Dlo=0.023271  Dhi=2.858991  err=-1.000000  inc=-0.919779  bucket 0->0  (mf=1000)
[MF-SEL] tPrev=(  d=0.018647  dMin=0.000000  dAvg=0.046405  dMax=5.671441  Dlo=0.023202  Dhi=2.858923  err=-1.000000  inc=-0.922477  bucket 0->0  (mf=1000)
[MF-SEL] tPrev=(  d=0.016771  dMin=0.000000  dAvg=0.046260  dMax=5.671441  Dlo=0.023130  Dhi=2.858850  err=-1.000000  inc=-0.924708  bucket 0->0  (mf=1000)
[MF-SEL] tPrev=(  d=0.015057  dMin=0.000000  dAvg=0.046109  dMax=5.671441  Dlo=0.023054  Dhi=2.858775  err=-1.000000  inc=-0.927183  bucket 0->0  (mf=1000)
[MF-SEL] tPrev=(  d=0.013182  dMin=0.000000  dAvg=0.045950  dMax=5.671441  Dlo=0.022975  Dhi=2.858695  err=-1.000000  inc=-0.929413  bucket 0->0  (mf=1000)
[MF-SEL] tPrev=(  d=0.009924  dMin=0.000000  dAvg=0.045776  dMax=5.671441  Dlo=0.022888  Dhi=2.858608  err=-1.000000  inc=-0.932018  bucket 0->0  (mf=1000)
[MF-SEL] tPrev=(  d=0.007229  dMin=0.000000  dAvg=0.045592  dMax=5.671441  Dlo=0.022796  Dhi=2.858516  err=-1.000000  inc=-0.934562  bucket 0->0  (mf=1000)
[MF-SEL] tPrev=(  d=0.003176  dMin=0.000000  dAvg=0.045390  dMax=5.671441  Dlo=0.022695  Dhi=2.858415  err=-1.000000  inc=-0.936679  bucket 0->0  (mf=1000)
[MF-SEL] tPrev=(  d=0.001226  dMin=0.000000  dAvg=0.045181  dMax=5.671441  Dlo=0.022590  Dhi=2.858311  err=-1.000000  inc=-0.939268  bucket 0->0  (mf=1000)
[MF-SEL] tPrev=(  d=0.003044  dMin=0.000000  dAvg=0.044982  dMax=5.671441  Dlo=0.022491  Dhi=2.858211  err=-1.000000  inc=-0.941566  bucket 0->0  (mf=1000)
[MF-SEL] tPrev=(  d=0.006643  dMin=0.000000  dAvg=0.044802  dMax=5.671441  Dlo=0.022401  Dhi=2.858121  err=-1.000000  inc=-0.944058  bucket 0->0  (mf=1000)
[MF-SEL] tPrev=(  d=0.008833  dMin=0.000000  dAvg=0.044634  dMax=5.671441  Dlo=0.022317  Dhi=2.858037  err=-1.000000  inc=-0.946676  bucket 0->0  (mf=1000)
[MF-SEL] tPrev=(  d=0.011716  dMin=0.000000  dAvg=0.044481  dMax=5.671441  Dlo=0.022240  Dhi=2.857961  err=-1.000000  inc=-0.949081  bucket 0->0  (mf=1000)
[MF-SEL] tPrev=(  d=0.014222  dMin=0.000000  dAvg=0.044341  dMax=5.671441  Dlo=0.022170  Dhi=2.857891  err=-1.000000  inc=-0.951547  bucket 0->0  (mf=1000)
[MF-SEL] tPrev=(  d=0.016224  dMin=0.000000  dAvg=0.044211  dMax=5.671441  Dlo=0.022105  Dhi=2.857826  err=-1.000000  inc=-0.953890  bucket 0->0  (mf=1000)
[MF-SEL] tPrev=(  d=0.017932  dMin=0.000000  dAvg=0.044090  dMax=5.671441  Dlo=0.022045  Dhi=2.857766  err=-1.000000  inc=-0.956287  bucket 0->0  (mf=1000)
[MF-SEL] tPrev=(  d=0.019236  dMin=0.000000  dAvg=0.043977  dMax=5.671441  Dlo=0.021988  Dhi=2.857709  err=-1.000000  inc=-0.958856  bucket 0->0  (mf=1000)
[MF-SEL] tPrev=(  d=0.020186  dMin=0.000000  dAvg=0.043869  dMax=5.671441  Dlo=0.021934  Dhi=2.857655  err=-1.000000  inc=-0.961271  bucket 0->0  (mf=1000)
[MF-SEL] tPrev=(  d=0.021195  dMin=0.000000  dAvg=0.043766  dMax=5.671441  Dlo=0.021883  Dhi=2.857603  err=-1.000000  inc=-0.963602  bucket 0->0  (mf=1000)
[MF-SEL] tPrev=(  d=0.020811  dMin=0.000000  dAvg=0.043663  dMax=5.671441  Dlo=0.021831  Dhi=2.857552  err=-1.000000  inc=-0.965892  bucket 0->0  (mf=1000)
[MF-SEL] tPrev=(  d=0.022748  dMin=0.000000  dAvg=0.043569  dMax=5.671441  Dlo=0.021785  Dhi=2.857505  err=0.000000  inc=-0.056959  bucket 0->0  (mf=1000)
[MF-SEL] tPrev=(  d=0.023767  dMin=0.000000  dAvg=0.043481  dMax=5.671441  Dlo=0.021740  Dhi=2.857461  err=0.000000  inc=-0.365892  bucket 0->0  (mf=1000)
[MF-SEL] tPrev=(  d=0.024116  dMin=0.000000  dAvg=0.043395  dMax=5.671441  Dlo=0.021697  Dhi=2.857418  err=0.000000  inc=-0.365892  bucket 0->0  (mf=1000)
[MF-SEL] tPrev=(  d=0.024014  dMin=0.000000  dAvg=0.043309  dMax=5.671441  Dlo=0.021654  Dhi=2.857375  err=0.000000  inc=-0.365892  bucket 0->0  (mf=1000)
[MF-SEL] tPrev=(  d=0.023110  dMin=0.000000  dAvg=0.043220  dMax=5.671441  Dlo=0.021610  Dhi=2.857330  err=0.000000  inc=-0.365892  bucket 0->0  (mf=1000)
[MF-SEL] tPrev=(  d=0.022775  dMin=0.000000  dAvg=0.043130  dMax=5.671441  Dlo=0.021565  Dhi=2.857285  err=0.000000  inc=-0.365892  bucket 0->0  (mf=1000)
[MF-SEL] tPrev=(  d=0.021890  dMin=0.000000  dAvg=0.043037  dMax=5.671441  Dlo=0.021519  Dhi=2.857239  err=0.000000  inc=-0.365892  bucket 0->0  (mf=1000)
[MF-SEL] tPrev=(  d=0.021086  dMin=0.000000  dAvg=0.042942  dMax=5.671441  Dlo=0.021471  Dhi=2.857191  err=-1.000000  inc=-1.316657  bucket 0->0  (mf=1000)
[MF-SEL] tPrev=(  d=0.019844  dMin=0.000000  dAvg=0.042842  dMax=5.671441  Dlo=0.021421  Dhi=2.857141  err=-1.000000  inc=-0.970397  bucket 0->0  (mf=1000)
[MF-SEL] tPrev=(  d=0.018088  dMin=0.000000  dAvg=0.042735  dMax=5.671441  Dlo=0.021368  Dhi=2.857088  err=-1.000000  inc=-0.972677  bucket 0->0  (mf=1000)
[MF-SEL] tPrev=(  d=0.015993  dMin=0.000000  dAvg=0.042620  dMax=5.671441  Dlo=0.021310  Dhi=2.857031  err=-1.000000  inc=-0.975132  bucket 0->0  (mf=1000)
[MF-SEL] tPrev=(  d=0.013850  dMin=0.000000  dAvg=0.042498  dMax=5.671441  Dlo=0.021249  Dhi=2.856969  err=-1.000000  inc=-0.977648  bucket 0->0  (mf=1000)
[MF-SEL] tPrev=(  d=0.012026  dMin=0.000000  dAvg=0.042368  dMax=5.671441  Dlo=0.021184  Dhi=2.856904  err=-1.000000  inc=-0.979819  bucket 0->0  (mf=1000)
[MF-SEL] tPrev=(  d=0.011519  dMin=0.000000  dAvg=0.042237  dMax=5.671441  Dlo=0.021119  Dhi=2.856839  err=-1.000000  inc=-0.982352  bucket 0->0  (mf=1000)
[MF-SEL] tPrev=(  d=0.011041  dMin=0.000000  dAvg=0.042106  dMax=5.671441  Dlo=0.021053  Dhi=2.856773  err=-1.000000  inc=-0.984649  bucket 0->0  (mf=1000)
[MF-SEL] tPrev=(  d=0.010541  dMin=0.000000  dAvg=0.041973  dMax=5.671441  Dlo=0.020986  Dhi=2.856707  err=-1.000000  inc=-0.987032  bucket 0->0  (mf=1000)
[MF-SEL] tPrev=(  d=0.008948  dMin=0.000000  dAvg=0.041835  dMax=5.671441  Dlo=0.020917  Dhi=2.856638  err=-1.000000  inc=-0.989189  bucket 0->0  (mf=1000)
[MF-SEL] tPrev=(  d=0.006665  dMin=0.000000  dAvg=0.041688  dMax=5.671441  Dlo=0.020844  Dhi=2.856564  err=-1.000000  inc=-0.991627  bucket 0->0  (mf=1000)
[MF-SEL] tPrev=(  d=0.006004  dMin=0.000000  dAvg=0.041540  dMax=5.671441  Dlo=0.020770  Dhi=2.856490  err=-1.000000  inc=-0.994021  bucket 0->0  (mf=1000)
[MF-SEL] tPrev=(  d=0.005678  dMin=0.000000  dAvg=0.041392  dMax=5.671441  Dlo=0.020696  Dhi=2.856416  err=-1.000000  inc=-0.996256  bucket 0->0  (mf=1000)
[MF-SEL] tPrev=(  d=0.005128  dMin=0.000000  dAvg=0.041243  dMax=5.671441  Dlo=0.020621  Dhi=2.856342  err=-1.000000  inc=-0.998822  bucket 0->0  (mf=1000)
[MF-SEL] tPrev=(  d=0.005124  dMin=0.000000  dAvg=0.041095  dMax=5.671441  Dlo=0.020547  Dhi=2.856268  err=-1.000000  inc=-1.000992  bucket 0->0  (mf=1000)
[MF-SEL] tPrev=(  d=0.005252  dMin=0.000000  dAvg=0.040948  dMax=5.671441  Dlo=0.020474  Dhi=2.856194  err=-1.000000  inc=-1.003494  bucket 0->0  (mf=1000)
[MF-SEL] tPrev=(  d=0.007085  dMin=0.000000  dAvg=0.040811  dMax=5.671441  Dlo=0.020405  Dhi=2.856126  err=-1.000000  inc=-1.005787  bucket 0->0  (mf=1000)
[MF-SEL] tPrev=(  d=0.009579  dMin=0.000000  dAvg=0.040684  dMax=5.671441  Dlo=0.020342  Dhi=2.856062  err=-1.000000  inc=-1.008258  bucket 0->0  (mf=1000)
[MF-SEL] tPrev=(  d=0.011336  dMin=0.000000  dAvg=0.040566  dMax=5.671441  Dlo=0.020283  Dhi=2.856003  err=-1.000000  inc=-1.010437  bucket 0->0  (mf=1000)
[MF-SEL] tPrev=(  d=0.012396  dMin=0.000000  dAvg=0.040453  dMax=5.671441  Dlo=0.020226  Dhi=2.855947  err=-1.000000  inc=-1.012544  bucket 0->0  (mf=1000)
[MF-SEL] tPrev=(  d=0.011696  dMin=0.000000  dAvg=0.040338  dMax=5.671441  Dlo=0.020169  Dhi=2.855889  err=-1.000000  inc=-1.014684  bucket 0->0  (mf=1000)
[MF-SEL] tPrev=(  d=0.013233  dMin=0.000000  dAvg=0.040230  dMax=5.671441  Dlo=0.020115  Dhi=2.855835  err=-1.000000  inc=-1.017317  bucket 0->0  (mf=1000)
[MF-SEL] tPrev=(  d=0.013401  dMin=0.000000  dAvg=0.040123  dMax=5.671441  Dlo=0.020062  Dhi=2.855782  err=-1.000000  inc=-1.019772  bucket 0->0  (mf=1000)
[MF-SEL] tPrev=(  d=0.014213  dMin=0.000000  dAvg=0.040021  dMax=5.671441  Dlo=0.020010  Dhi=2.855731  err=-1.000000  inc=-1.022169  bucket 0->0  (mf=1000)
[MF-SEL] tPrev=(  d=0.014527  dMin=0.000000  dAvg=0.039921  dMax=5.671441  Dlo=0.019960  Dhi=2.855681  err=-1.000000  inc=-1.024058  bucket 0->0  (mf=1000)
[MF-SEL] tPrev=(  d=0.014762  dMin=0.000000  dAvg=0.039822  dMax=5.671441  Dlo=0.019911  Dhi=2.855631  err=-1.000000  inc=-1.026294  bucket 0->0  (mf=1000)
[MF-SEL] tPrev=(  d=0.016512  dMin=0.000000  dAvg=0.039731  dMax=5.671441  Dlo=0.019865  Dhi=2.855586  err=-1.000000  inc=-1.028721  bucket 0->0  (mf=1000)
[MF-SEL] tPrev=(  d=0.017332  dMin=0.000000  dAvg=0.039644  dMax=5.671441  Dlo=0.019822  Dhi=2.855542  err=-1.000000  inc=-1.031041  bucket 0->0  (mf=1000)
[MF-SEL] tPrev=(  d=0.018549  dMin=0.000000  dAvg=0.039562  dMax=5.671441  Dlo=0.019781  Dhi=2.855501  err=-1.000000  inc=-1.033412  bucket 0->0  (mf=1000)
[MF-SEL] tPrev=(  d=0.018748  dMin=0.000000  dAvg=0.039482  dMax=5.671441  Dlo=0.019741  Dhi=2.855461  err=-1.000000  inc=-1.035856  bucket 0->0  (mf=1000)
[MF-SEL] tPrev=(  d=0.019454  dMin=0.000000  dAvg=0.039405  dMax=5.671441  Dlo=0.019702  Dhi=2.855423  err=-1.000000  inc=-1.038164  bucket 0->0  (mf=1000)
[MF-SEL] tPrev=(  d=0.020245  dMin=0.000000  dAvg=0.039331  dMax=5.671441  Dlo=0.019666  Dhi=2.855386  err=0.000000  inc=-0.116570  bucket 0->0  (mf=1000)
[MF-SEL] tPrev=(  d=0.021819  dMin=0.000000  dAvg=0.039264  dMax=5.671441  Dlo=0.019632  Dhi=2.855352  err=0.000000  inc=-0.438164  bucket 0->0  (mf=1000)
[MF-SEL] tPrev=(  d=0.023802  dMin=0.000000  dAvg=0.039205  dMax=5.671441  Dlo=0.019603  Dhi=2.855323  err=0.000000  inc=-0.438164  bucket 0->0  (mf=1000)
[MF-SEL] tPrev=(  d=0.025638  dMin=0.000000  dAvg=0.039154  dMax=5.671441  Dlo=0.019577  Dhi=2.855297  err=0.000000  inc=-0.438164  bucket 0->0  (mf=1000)
[MF-SEL] tPrev=(  d=0.027429  dMin=0.000000  dAvg=0.039110  dMax=5.671441  Dlo=0.019555  Dhi=2.855275  err=0.000000  inc=-0.438164  bucket 0->0  (mf=1000)
[MF-SEL] tPrev=(  d=0.029808  dMin=0.000000  dAvg=0.039075  dMax=5.671441  Dlo=0.019537  Dhi=2.855258  err=0.000000  inc=-0.438164  bucket 0->0  (mf=1000)
[MF-SEL] tPrev=(  d=0.031002  dMin=0.000000  dAvg=0.039045  dMax=5.671441  Dlo=0.019522  Dhi=2.855243  err=0.000000  inc=-0.438164  bucket 0->0  (mf=1000)
[MF-SEL] tPrev=(  d=0.032753  dMin=0.000000  dAvg=0.039021  dMax=5.671441  Dlo=0.019511  Dhi=2.855231  err=0.000000  inc=-0.438164  bucket 0->0  (mf=1000)
[MF-SEL] tPrev=(  d=0.034596  dMin=0.000000  dAvg=0.039005  dMax=5.671441  Dlo=0.019502  Dhi=2.855223  err=0.000000  inc=-0.438164  bucket 0->0  (mf=1000)
[MF-SEL] tPrev=(  d=0.034214  dMin=0.000000  dAvg=0.038987  dMax=5.671441  Dlo=0.019493  Dhi=2.855214  err=0.000000  inc=-0.438164  bucket 0->0  (mf=1000)
[MF-SEL] tPrev=(  d=0.035201  dMin=0.000000  dAvg=0.038973  dMax=5.671441  Dlo=0.019486  Dhi=2.855207  err=0.000000  inc=-0.438164  bucket 0->0  (mf=1000)
[MF-SEL] tPrev=(  d=0.033304  dMin=0.000000  dAvg=0.038952  dMax=5.671441  Dlo=0.019476  Dhi=2.855196  err=0.000000  inc=-0.438164  bucket 0->0  (mf=1000)
[MF-SEL] tPrev=(  d=0.030524  dMin=0.000000  dAvg=0.038921  dMax=5.671441  Dlo=0.019461  Dhi=2.855181  err=0.000000  inc=-0.438164  bucket 0->0  (mf=1000)
[MF-SEL] tPrev=(  d=0.029181  dMin=0.000000  dAvg=0.038886  dMax=5.671441  Dlo=0.019443  Dhi=2.855163  err=0.000000  inc=-0.438164  bucket 0->0  (mf=1000)
[MF-SEL] tPrev=(  d=0.026700  dMin=0.000000  dAvg=0.038841  dMax=5.671441  Dlo=0.019421  Dhi=2.855141  err=0.000000  inc=-0.438164  bucket 0->0  (mf=1000)
[MF-SEL] tPrev=(  d=0.023155  dMin=0.000000  dAvg=0.038785  dMax=5.671441  Dlo=0.019392  Dhi=2.855113  err=0.000000  inc=-0.438164  bucket 0->0  (mf=1000)
[MF-SEL] tPrev=(  d=0.023812  dMin=0.000000  dAvg=0.038731  dMax=5.671441  Dlo=0.019365  Dhi=2.855086  err=0.000000  inc=-0.438164  bucket 0->0  (mf=1000)
[MF-SEL] tPrev=(  d=0.023159  dMin=0.000000  dAvg=0.038675  dMax=5.671441  Dlo=0.019337  Dhi=2.855058  err=0.000000  inc=-0.438164  bucket 0->0  (mf=1000)
[MF-SEL] tPrev=(  d=0.022679  dMin=0.000000  dAvg=0.038617  dMax=5.671441  Dlo=0.019309  Dhi=2.855029  err=0.000000  inc=-0.438164  bucket 0->0  (mf=1000)
[MF-SEL] tPrev=(  d=0.023138  dMin=0.000000  dAvg=0.038562  dMax=5.671441  Dlo=0.019281  Dhi=2.855001  err=0.000000  inc=-0.438164  bucket 0->0  (mf=1000)
[MF-SEL] tPrev=(  d=0.023175  dMin=0.000000  dAvg=0.038507  dMax=5.671441  Dlo=0.019254  Dhi=2.854974  err=0.000000  inc=-0.438164  bucket 0->0  (mf=1000)
[MF-SEL] tPrev=(  d=0.026064  dMin=0.000000  dAvg=0.038463  dMax=5.671441  Dlo=0.019232  Dhi=2.854952  err=0.000000  inc=-0.438164  bucket 0->0  (mf=1000)
[MF-SEL] tPrev=(  d=0.025089  dMin=0.000000  dAvg=0.038416  dMax=5.671441  Dlo=0.019208  Dhi=2.854928  err=0.000000  inc=-0.438164  bucket 0->0  (mf=1000)
[MF-SEL] tPrev=(  d=0.025988  dMin=0.000000  dAvg=0.038372  dMax=5.671441  Dlo=0.019186  Dhi=2.854906  err=0.000000  inc=-0.438164  bucket 0->0  (mf=1000)
[MF-SEL] tPrev=(  d=0.028493  dMin=0.000000  dAvg=0.038337  dMax=5.671441  Dlo=0.019169  Dhi=2.854889  err=0.000000  inc=-0.438164  bucket 0->0  (mf=1000)
[MF-SEL] tPrev=(  d=0.027734  dMin=0.000000  dAvg=0.038300  dMax=5.671441  Dlo=0.019150  Dhi=2.854870  err=0.000000  inc=-0.438164  bucket 0->0  (mf=1000)
[MF-SEL] tPrev=(  d=0.028267  dMin=0.000000  dAvg=0.038265  dMax=5.671441  Dlo=0.019133  Dhi=2.854853  err=0.000000  inc=-0.438164  bucket 0->0  (mf=1000)
[MF-SEL] tPrev=(  d=0.028465  dMin=0.000000  dAvg=0.038231  dMax=5.671441  Dlo=0.019116  Dhi=2.854836  err=0.000000  inc=-0.438164  bucket 0->0  (mf=1000)
[MF-SEL] tPrev=(  d=0.029007  dMin=0.000000  dAvg=0.038199  dMax=5.671441  Dlo=0.019100  Dhi=2.854820  err=0.000000  inc=-0.438164  bucket 0->0  (mf=1000)
[MF-SEL] tPrev=(  d=0.029998  dMin=0.000000  dAvg=0.038171  dMax=5.671441  Dlo=0.019086  Dhi=2.854806  err=0.000000  inc=-0.438164  bucket 0->0  (mf=1000)
[MF-SEL] tPrev=(  d=0.030876  dMin=0.000000  dAvg=0.038146  dMax=5.671441  Dlo=0.019073  Dhi=2.854793  err=0.000000  inc=-0.438164  bucket 0->0  (mf=1000)
[MF-SEL] tPrev=(  d=0.032178  dMin=0.000000  dAvg=0.038126  dMax=5.671441  Dlo=0.019063  Dhi=2.854783  err=0.000000  inc=-0.438164  bucket 0->0  (mf=1000)
[MF-SEL] tPrev=(  d=0.032830  dMin=0.000000  dAvg=0.038107  dMax=5.671441  Dlo=0.019054  Dhi=2.854774  err=0.000000  inc=-0.438164  bucket 0->0  (mf=1000)
[MF-SEL] tPrev=(  d=0.033994  dMin=0.000000  dAvg=0.038094  dMax=5.671441  Dlo=0.019047  Dhi=2.854767  err=0.000000  inc=-0.438164  bucket 0->0  (mf=1000)
[MF-SEL] tPrev=(  d=0.034216  dMin=0.000000  dAvg=0.038080  dMax=5.671441  Dlo=0.019040  Dhi=2.854760  err=0.000000  inc=-0.438164  bucket 0->0  (mf=1000)
[MF-SEL] tPrev=(  d=0.032643  dMin=0.000000  dAvg=0.038062  dMax=5.671441  Dlo=0.019031  Dhi=2.854751  err=0.000000  inc=-0.438164  bucket 0->0  (mf=1000)
[MF-SEL] tPrev=(  d=0.029072  dMin=0.000000  dAvg=0.038032  dMax=5.671441  Dlo=0.019016  Dhi=2.854736  err=0.000000  inc=-0.438164  bucket 0->0  (mf=1000)
[MF-SEL] tPrev=(  d=0.028710  dMin=0.000000  dAvg=0.038000  dMax=5.671441  Dlo=0.019000  Dhi=2.854721  err=0.000000  inc=-0.438164  bucket 0->0  (mf=1000)
[MF-SEL] tPrev=(  d=0.025684  dMin=0.000000  dAvg=0.037959  dMax=5.671441  Dlo=0.018980  Dhi=2.854700  err=0.000000  inc=-0.438164  bucket 0->0  (mf=1000)
[MF-SEL] tPrev=(  d=0.021480  dMin=0.000000  dAvg=0.037904  dMax=5.671441  Dlo=0.018952  Dhi=2.854672  err=0.000000  inc=-0.438164  bucket 0->0  (mf=1000)
[MF-SEL] tPrev=(  d=0.022005  dMin=0.000000  dAvg=0.037851  dMax=5.671441  Dlo=0.018926  Dhi=2.854646  err=0.000000  inc=-0.438164  bucket 0->0  (mf=1000)
[MF-SEL] tPrev=(  d=0.023137  dMin=0.000000  dAvg=0.037803  dMax=5.671441  Dlo=0.018901  Dhi=2.854622  err=0.000000  inc=-0.438164  bucket 0->0  (mf=1000)
[MF-SEL] tPrev=(  d=0.026667  dMin=0.000000  dAvg=0.037766  dMax=5.671441  Dlo=0.018883  Dhi=2.854603  err=0.000000  inc=-0.438164  bucket 0->0  (mf=1000)
[MF-SEL] tPrev=(  d=0.029359  dMin=0.000000  dAvg=0.037738  dMax=5.671441  Dlo=0.018869  Dhi=2.854589  err=0.000000  inc=-0.438164  bucket 0->0  (mf=1000)
[MF-SEL] tPrev=(  d=0.032874  dMin=0.000000  dAvg=0.037722  dMax=5.671441  Dlo=0.018861  Dhi=2.854582  err=0.000000  inc=-0.438164  bucket 0->0  (mf=1000)
[MF-SEL] tPrev=(  d=0.036594  dMin=0.000000  dAvg=0.037719  dMax=5.671441  Dlo=0.018859  Dhi=2.854580  err=0.000000  inc=-0.438164  bucket 0->0  (mf=1000)
[MF-SEL] tPrev=(  d=0.038888  dMin=0.000000  dAvg=0.037723  dMax=5.671441  Dlo=0.018861  Dhi=2.854582  err=0.000000  inc=-0.438164  bucket 0->0  (mf=1000)
[MF-SEL] tPrev=(  d=0.039848  dMin=0.000000  dAvg=0.037729  dMax=5.671441  Dlo=0.018865  Dhi=2.854585  err=0.000000  inc=-0.438164  bucket 0->0  (mf=1000)
[MF-SEL] tPrev=(  d=0.040440  dMin=0.000000  dAvg=0.037738  dMax=5.671441  Dlo=0.018869  Dhi=2.854589  err=0.000000  inc=-0.438164  bucket 0->0  (mf=1000)
[MF-SEL] tPrev=(  d=0.038181  dMin=0.000000  dAvg=0.037740  dMax=5.671441  Dlo=0.018870  Dhi=2.854590  err=0.000000  inc=-0.438164  bucket 0->0  (mf=1000)
[MF-SEL] tPrev=(  d=0.035500  dMin=0.000000  dAvg=0.037732  dMax=5.671441  Dlo=0.018866  Dhi=2.854587  err=0.000000  inc=-0.438164  bucket 0->0  (mf=1000)
[MF-SEL] tPrev=(  d=0.031673  dMin=0.000000  dAvg=0.037713  dMax=5.671441  Dlo=0.018857  Dhi=2.854577  err=0.000000  inc=-0.438164  bucket 0->0  (mf=1000)
[MF-SEL] tPrev=(  d=0.027952  dMin=0.000000  dAvg=0.037682  dMax=5.671441  Dlo=0.018841  Dhi=2.854561  err=0.000000  inc=-0.438164  bucket 0->0  (mf=1000)
[MF-SEL] tPrev=(  d=0.023325  dMin=0.000000  dAvg=0.037636  dMax=5.671441  Dlo=0.018818  Dhi=2.854538  err=0.000000  inc=-0.438164  bucket 0->0  (mf=1000)
[MF-SEL] tPrev=(  d=0.015563  dMin=0.000000  dAvg=0.037566  dMax=5.671441  Dlo=0.018783  Dhi=2.854503  err=-1.000000  inc=-1.373557  bucket 0->0  (mf=1000)
[MF-SEL] tPrev=(  d=0.016398  dMin=0.000000  dAvg=0.037499  dMax=5.671441  Dlo=0.018750  Dhi=2.854470  err=-1.000000  inc=-1.042971  bucket 0->0  (mf=1000)
[MF-SEL] tPrev=(  d=0.016089  dMin=0.000000  dAvg=0.037432  dMax=5.671441  Dlo=0.018716  Dhi=2.854436  err=-1.000000  inc=-1.045572  bucket 0->0  (mf=1000)
[MF-SEL] tPrev=(  d=0.019037  dMin=0.000000  dAvg=0.037374  dMax=5.671441  Dlo=0.018687  Dhi=2.854407  err=0.000000  inc=-0.092255  bucket 0->0  (mf=1000)
[MF-SEL] tPrev=(  d=0.022364  dMin=0.000000  dAvg=0.037327  dMax=5.671441  Dlo=0.018663  Dhi=2.854384  err=0.000000  inc=-0.445572  bucket 0->0  (mf=1000)
[MF-SEL] tPrev=(  d=0.025244  dMin=0.000000  dAvg=0.037289  dMax=5.671441  Dlo=0.018644  Dhi=2.854365  err=0.000000  inc=-0.445572  bucket 0->0  (mf=1000)
[MF-SEL] tPrev=(  d=0.026774  dMin=0.000000  dAvg=0.037256  dMax=5.671441  Dlo=0.018628  Dhi=2.854348  err=0.000000  inc=-0.445572  bucket 0->0  (mf=1000)
[MF-SEL] tPrev=(  d=0.030429  dMin=0.000000  dAvg=0.037235  dMax=5.671441  Dlo=0.018617  Dhi=2.854338  err=0.000000  inc=-0.445572  bucket 0->0  (mf=1000)
[MF-SEL] tPrev=(  d=0.030160  dMin=0.000000  dAvg=0.037213  dMax=5.671441  Dlo=0.018606  Dhi=2.854327  err=0.000000  inc=-0.445572  bucket 0->0  (mf=1000)
[MF-SEL] tPrev=(  d=0.031153  dMin=0.000000  dAvg=0.037194  dMax=5.671441  Dlo=0.018597  Dhi=2.854317  err=0.000000  inc=-0.445572  bucket 0->0  (mf=1000)
[MF-SEL] tPrev=(  d=0.030598  dMin=0.000000  dAvg=0.037174  dMax=5.671441  Dlo=0.018587  Dhi=2.854307  err=0.000000  inc=-0.445572  bucket 0->0  (mf=1000)
[MF-SEL] tPrev=(  d=0.028402  dMin=0.000000  dAvg=0.037147  dMax=5.671441  Dlo=0.018574  Dhi=2.854294  err=0.000000  inc=-0.445572  bucket 0->0  (mf=1000)
start VIBA 2
[MF-SEL] tPrev=(  d=0.049514  dMin=0.000000  dAvg=0.037185  dMax=5.671441  Dlo=0.018592  Dhi=2.854313  err=0.000000  inc=-0.445572  bucket 0->0  (mf=1000)
[MF-SEL] tPrev=(  d=0.021452  dMin=0.000000  dAvg=0.037137  dMax=5.671441  Dlo=0.018568  Dhi=2.854289  err=0.000000  inc=-0.445572  bucket 0->0  (mf=1000)
[MF-SEL] tPrev=(  d=0.017751  dMin=0.000000  dAvg=0.037078  dMax=5.671441  Dlo=0.018539  Dhi=2.854259  err=-1.000000  inc=-1.374676  bucket 0->0  (mf=1000)
end VIBA 2
[MF-SEL] tPrev=(  d=1.446679  dMin=0.000000  dAvg=0.041350  dMax=5.671441  Dlo=0.020675  Dhi=2.856395  err=0.000000  inc=-0.114753  bucket 0->0  (mf=1000)
[MF-SEL] tPrev=(  d=0.018448  dMin=0.000000  dAvg=0.041280  dMax=5.671441  Dlo=0.020640  Dhi=2.856360  err=-1.000000  inc=-1.350471  bucket 0->0  (mf=1000)
[MF-SEL] tPrev=(  d=0.021511  dMin=0.000000  dAvg=0.041221  dMax=5.671441  Dlo=0.020610  Dhi=2.856331  err=0.000000  inc=-0.055305  bucket 0->0  (mf=1000)
[MF-SEL] tPrev=(  d=0.024603  dMin=0.000000  dAvg=0.041171  dMax=5.671441  Dlo=0.020585  Dhi=2.856306  err=0.000000  inc=-0.450690  bucket 0->0  (mf=1000)
[MF-SEL] tPrev=(  d=0.027617  dMin=0.000000  dAvg=0.041130  dMax=5.671441  Dlo=0.020565  Dhi=2.856285  err=0.000000  inc=-0.450690  bucket 0->0  (mf=1000)
[MF-SEL] tPrev=(  d=0.028375  dMin=0.000000  dAvg=0.041092  dMax=5.671441  Dlo=0.020546  Dhi=2.856266  err=0.000000  inc=-0.450690  bucket 0->0  (mf=1000)
[MF-SEL] tPrev=(  d=0.027368  dMin=0.000000  dAvg=0.041051  dMax=5.671441  Dlo=0.020526  Dhi=2.856246  err=0.000000  inc=-0.450690  bucket 0->0  (mf=1000)
[MF-SEL] tPrev=(  d=0.024874  dMin=0.000000  dAvg=0.041003  dMax=5.671441  Dlo=0.020502  Dhi=2.856222  err=0.000000  inc=-0.450690  bucket 0->0  (mf=1000)
[MF-SEL] tPrev=(  d=0.021835  dMin=0.000000  dAvg=0.040947  dMax=5.671441  Dlo=0.020473  Dhi=2.856194  err=0.000000  inc=-0.450690  bucket 0->0  (mf=1000)
[MF-SEL] tPrev=(  d=0.017682  dMin=0.000000  dAvg=0.040878  dMax=5.671441  Dlo=0.020439  Dhi=2.856159  err=-1.000000  inc=-1.398861  bucket 0->0  (mf=1000)
[MF-SEL] tPrev=(  d=0.013074  dMin=0.000000  dAvg=0.040796  dMax=5.671441  Dlo=0.020398  Dhi=2.856118  err=-1.000000  inc=-1.055733  bucket 0->0  (mf=1000)
[MF-SEL] tPrev=(  d=0.007407  dMin=0.000000  dAvg=0.040698  dMax=5.671441  Dlo=0.020349  Dhi=2.856069  err=-1.000000  inc=-1.058133  bucket 0->0  (mf=1000)
[MF-SEL] tPrev=(  d=0.004632  dMin=0.000000  dAvg=0.040593  dMax=5.671441  Dlo=0.020296  Dhi=2.856017  err=-1.000000  inc=-1.060608  bucket 0->0  (mf=1000)
[MF-SEL] tPrev=(  d=0.008736  dMin=0.000000  dAvg=0.040500  dMax=5.671441  Dlo=0.020250  Dhi=2.855970  err=-1.000000  inc=-1.062821  bucket 0->0  (mf=1000)
[MF-SEL] tPrev=(  d=0.014619  dMin=0.000000  dAvg=0.040425  dMax=5.671441  Dlo=0.020212  Dhi=2.855933  err=-1.000000  inc=-1.065310  bucket 0->0  (mf=1000)
[MF-SEL] tPrev=(  d=0.019818  dMin=0.000000  dAvg=0.040365  dMax=5.671441  Dlo=0.020183  Dhi=2.855903  err=-1.000000  inc=-1.067770  bucket 0->0  (mf=1000)
[MF-SEL] tPrev=(  d=0.024667  dMin=0.000000  dAvg=0.040320  dMax=5.671441  Dlo=0.020160  Dhi=2.855880  err=0.000000  inc=-0.134963  bucket 0->0  (mf=1000)
[MF-SEL] tPrev=(  d=0.027818  dMin=0.000000  dAvg=0.040284  dMax=5.671441  Dlo=0.020142  Dhi=2.855862  err=0.000000  inc=-0.467770  bucket 0->0  (mf=1000)
[MF-SEL] tPrev=(  d=0.030217  dMin=0.000000  dAvg=0.040255  dMax=5.671441  Dlo=0.020127  Dhi=2.855848  err=0.000000  inc=-0.467770  bucket 0->0  (mf=1000)
[MF-SEL] tPrev=(  d=0.032359  dMin=0.000000  dAvg=0.040232  dMax=5.671441  Dlo=0.020116  Dhi=2.855836  err=0.000000  inc=-0.467770  bucket 0->0  (mf=1000)
[MF-SEL] tPrev=(  d=0.033545  dMin=0.000000  dAvg=0.040213  dMax=5.671441  Dlo=0.020107  Dhi=2.855827  err=0.000000  inc=-0.467770  bucket 0->0  (mf=1000)
[MF-SEL] tPrev=(  d=0.034534  dMin=0.000000  dAvg=0.040197  dMax=5.671441  Dlo=0.020098  Dhi=2.855819  err=0.000000  inc=-0.467770  bucket 0->0  (mf=1000)
[MF-SEL] tPrev=(  d=0.033617  dMin=0.000000  dAvg=0.040178  dMax=5.671441  Dlo=0.020089  Dhi=2.855809  err=0.000000  inc=-0.467770  bucket 0->0  (mf=1000)
[MF-SEL] tPrev=(  d=0.034470  dMin=0.000000  dAvg=0.040162  dMax=5.671441  Dlo=0.020081  Dhi=2.855801  err=0.000000  inc=-0.467770  bucket 0->0  (mf=1000)
[MF-SEL] tPrev=(  d=0.033044  dMin=0.000000  dAvg=0.040142  dMax=5.671441  Dlo=0.020071  Dhi=2.855791  err=0.000000  inc=-0.467770  bucket 0->0  (mf=1000)
[MF-SEL] tPrev=(  d=0.030175  dMin=0.000000  dAvg=0.040114  dMax=5.671441  Dlo=0.020057  Dhi=2.855777  err=0.000000  inc=-0.467770  bucket 0->0  (mf=1000)
[MF-SEL] tPrev=(  d=0.026817  dMin=0.000000  dAvg=0.040076  dMax=5.671441  Dlo=0.020038  Dhi=2.855759  err=0.000000  inc=-0.467770  bucket 0->0  (mf=1000)
[MF-SEL] tPrev=(  d=0.022625  dMin=0.000000  dAvg=0.040028  dMax=5.671441  Dlo=0.020014  Dhi=2.855734  err=0.000000  inc=-0.467770  bucket 0->0  (mf=1000)
[MF-SEL] tPrev=(  d=0.017569  dMin=0.000000  dAvg=0.039965  dMax=5.671441  Dlo=0.019982  Dhi=2.855703  err=-1.000000  inc=-1.371371  bucket 0->0  (mf=1000)
[MF-SEL] tPrev=(  d=0.013704  dMin=0.000000  dAvg=0.039892  dMax=5.671441  Dlo=0.019946  Dhi=2.855666  err=-1.000000  inc=-1.072696  bucket 0->0  (mf=1000)
[MF-SEL] tPrev=(  d=0.011644  dMin=0.000000  dAvg=0.039813  dMax=5.671441  Dlo=0.019907  Dhi=2.855627  err=-1.000000  inc=-1.075055  bucket 0->0  (mf=1000)
[MF-SEL] tPrev=(  d=0.012244  dMin=0.000000  dAvg=0.039737  dMax=5.671441  Dlo=0.019868  Dhi=2.855589  err=-1.000000  inc=-1.077433  bucket 0->0  (mf=1000)
[MF-SEL] tPrev=(  d=0.013593  dMin=0.000000  dAvg=0.039665  dMax=5.671441  Dlo=0.019832  Dhi=2.855553  err=-1.000000  inc=-1.080119  bucket 0->0  (mf=1000)
[MF-SEL] tPrev=(  d=0.015440  dMin=0.000000  dAvg=0.039598  dMax=5.671441  Dlo=0.019799  Dhi=2.855519  err=-1.000000  inc=-1.082642  bucket 0->0  (mf=1000)
[MF-SEL] tPrev=(  d=0.017826  dMin=0.000000  dAvg=0.039538  dMax=5.671441  Dlo=0.019769  Dhi=2.855489  err=-1.000000  inc=-1.085053  bucket 0->0  (mf=1000)
[MF-SEL] tPrev=(  d=0.019742  dMin=0.000000  dAvg=0.039484  dMax=5.671441  Dlo=0.019742  Dhi=2.855462  err=-1.000000  inc=-1.087599  bucket 0->0  (mf=1000)
[MF-SEL] tPrev=(  d=0.021316  dMin=0.000000  dAvg=0.039434  dMax=5.671441  Dlo=0.019717  Dhi=2.855437  err=0.000000  inc=-0.130499  bucket 0->0  (mf=1000)
[MF-SEL] tPrev=(  d=0.022783  dMin=0.000000  dAvg=0.039389  dMax=5.671441  Dlo=0.019694  Dhi=2.855415  err=0.000000  inc=-0.487599  bucket 0->0  (mf=1000)
[MF-SEL] tPrev=(  d=0.023300  dMin=0.000000  dAvg=0.039345  dMax=5.671441  Dlo=0.019673  Dhi=2.855393  err=0.000000  inc=-0.487599  bucket 0->0  (mf=1000)
[MF-SEL] tPrev=(  d=0.023311  dMin=0.000000  dAvg=0.039302  dMax=5.671441  Dlo=0.019651  Dhi=2.855371  err=0.000000  inc=-0.487599  bucket 0->0  (mf=1000)
[MF-SEL] tPrev=(  d=0.021348  dMin=0.000000  dAvg=0.039253  dMax=5.671441  Dlo=0.019627  Dhi=2.855347  err=0.000000  inc=-0.487599  bucket 0->0  (mf=1000)
[MF-SEL] tPrev=(  d=0.019077  dMin=0.000000  dAvg=0.039199  dMax=5.671441  Dlo=0.019599  Dhi=2.855320  err=-1.000000  inc=-1.404535  bucket 0->0  (mf=1000)
[MF-SEL] tPrev=(  d=0.015203  dMin=0.000000  dAvg=0.039134  dMax=5.671441  Dlo=0.019567  Dhi=2.855287  err=-1.000000  inc=-1.092522  bucket 0->0  (mf=1000)
[MF-SEL] tPrev=(  d=0.012372  dMin=0.000000  dAvg=0.039062  dMax=5.671441  Dlo=0.019531  Dhi=2.855252  err=-1.000000  inc=-1.095005  bucket 0->0  (mf=1000)
[MF-SEL] tPrev=(  d=0.009948  dMin=0.000000  dAvg=0.038985  dMax=5.671441  Dlo=0.019492  Dhi=2.855213  err=-1.000000  inc=-1.097441  bucket 0->0  (mf=1000)
[MF-SEL] tPrev=(  d=0.010270  dMin=0.000000  dAvg=0.038908  dMax=5.671441  Dlo=0.019454  Dhi=2.855174  err=-1.000000  inc=-1.099822  bucket 0->0  (mf=1000)
[MF-SEL] tPrev=(  d=0.011510  dMin=0.000000  dAvg=0.038835  dMax=5.671441  Dlo=0.019418  Dhi=2.855138  err=-1.000000  inc=-1.102401  bucket 0->0  (mf=1000)
[MF-SEL] tPrev=(  d=0.013931  dMin=0.000000  dAvg=0.038769  dMax=5.671441  Dlo=0.019385  Dhi=2.855105  err=-1.000000  inc=-1.104770  bucket 0->0  (mf=1000)
[MF-SEL] tPrev=(  d=0.016612  dMin=0.000000  dAvg=0.038711  dMax=5.671441  Dlo=0.019355  Dhi=2.855076  err=-1.000000  inc=-1.107099  bucket 0->0  (mf=1000)
[MF-SEL] tPrev=(  d=0.018378  dMin=0.000000  dAvg=0.038657  dMax=5.671441  Dlo=0.019328  Dhi=2.855049  err=-1.000000  inc=-1.109618  bucket 0->0  (mf=1000)
[MF-SEL] tPrev=(  d=0.019327  dMin=0.000000  dAvg=0.038606  dMax=5.671441  Dlo=0.019303  Dhi=2.855023  err=0.000000  inc=-0.094915  bucket 0->0  (mf=1000)
[MF-SEL] tPrev=(  d=0.019395  dMin=0.000000  dAvg=0.038556  dMax=5.671441  Dlo=0.019278  Dhi=2.854998  err=0.000000  inc=-0.509618  bucket 0->0  (mf=1000)
[MF-SEL] tPrev=(  d=0.019891  dMin=0.000000  dAvg=0.038507  dMax=5.671441  Dlo=0.019253  Dhi=2.854974  err=0.000000  inc=-0.509618  bucket 0->0  (mf=1000)
[MF-SEL] tPrev=(  d=0.019841  dMin=0.000000  dAvg=0.038458  dMax=5.671441  Dlo=0.019229  Dhi=2.854949  err=0.000000  inc=-0.509618  bucket 0->0  (mf=1000)
[MF-SEL] tPrev=(  d=0.020364  dMin=0.000000  dAvg=0.038411  dMax=5.671441  Dlo=0.019205  Dhi=2.854926  err=0.000000  inc=-0.509618  bucket 0->0  (mf=1000)
[MF-SEL] tPrev=(  d=0.019026  dMin=0.000000  dAvg=0.038361  dMax=5.671441  Dlo=0.019180  Dhi=2.854901  err=-1.000000  inc=-1.467068  bucket 0->0  (mf=1000)
[MF-SEL] tPrev=(  d=0.017080  dMin=0.000000  dAvg=0.038305  dMax=5.671441  Dlo=0.019153  Dhi=2.854873  err=-1.000000  inc=-1.113945  bucket 0->0  (mf=1000)
[MF-SEL] tPrev=(  d=0.014717  dMin=0.000000  dAvg=0.038244  dMax=5.671441  Dlo=0.019122  Dhi=2.854843  err=-1.000000  inc=-1.116334  bucket 0->0  (mf=1000)
[MF-SEL] tPrev=(  d=0.011964  dMin=0.000000  dAvg=0.038177  dMax=5.671441  Dlo=0.019088  Dhi=2.854809  err=-1.000000  inc=-1.118622  bucket 0->0  (mf=1000)
[MF-SEL] tPrev=(  d=0.009621  dMin=0.000000  dAvg=0.038103  dMax=5.671441  Dlo=0.019052  Dhi=2.854772  err=-1.000000  inc=-1.120736  bucket 0->0  (mf=1000)
[MF-SEL] tPrev=(  d=0.007847  dMin=0.000000  dAvg=0.038026  dMax=5.671441  Dlo=0.019013  Dhi=2.854733  err=-1.000000  inc=-1.123076  bucket 0->0  (mf=1000)
[MF-SEL] tPrev=(  d=0.008831  dMin=0.000000  dAvg=0.037951  dMax=5.671441  Dlo=0.018976  Dhi=2.854696  err=-1.000000  inc=-1.125705  bucket 0->0  (mf=1000)
[MF-SEL] tPrev=(  d=0.007852  dMin=0.000000  dAvg=0.037874  dMax=5.671441  Dlo=0.018937  Dhi=2.854657  err=-1.000000  inc=-1.128144  bucket 0->0  (mf=1000)
[MF-SEL] tPrev=(  d=0.008800  dMin=0.000000  dAvg=0.037800  dMax=5.671441  Dlo=0.018900  Dhi=2.854620  err=-1.000000  inc=-1.130693  bucket 0->0  (mf=1000)
[MF-SEL] tPrev=(  d=0.007676  dMin=0.000000  dAvg=0.037724  dMax=5.671441  Dlo=0.018862  Dhi=2.854582  err=-1.000000  inc=-1.133193  bucket 0->0  (mf=1000)
[MF-SEL] tPrev=(  d=0.007105  dMin=0.000000  dAvg=0.037646  dMax=5.671441  Dlo=0.018823  Dhi=2.854543  err=-1.000000  inc=-1.135689  bucket 0->0  (mf=1000)
[MF-SEL] tPrev=(  d=0.006082  dMin=0.000000  dAvg=0.037567  dMax=5.671441  Dlo=0.018783  Dhi=2.854504  err=-1.000000  inc=-1.138246  bucket 0->0  (mf=1000)
[MF-SEL] tPrev=(  d=0.005964  dMin=0.000000  dAvg=0.037487  dMax=5.671441  Dlo=0.018744  Dhi=2.854464  err=-1.000000  inc=-1.140494  bucket 0->0  (mf=1000)
[MF-SEL] tPrev=(  d=0.004595  dMin=0.000000  dAvg=0.037404  dMax=5.671441  Dlo=0.018702  Dhi=2.854422  err=-1.000000  inc=-1.143437  bucket 0->0  (mf=1000)
[MF-SEL] tPrev=(  d=0.004424  dMin=0.000000  dAvg=0.037322  dMax=5.671441  Dlo=0.018661  Dhi=2.854381  err=-1.000000  inc=-1.145614  bucket 0->0  (mf=1000)
[MF-SEL] tPrev=(  d=0.002969  dMin=0.000000  dAvg=0.037236  dMax=5.671441  Dlo=0.018618  Dhi=2.854338  err=-1.000000  inc=-1.148264  bucket 0->0  (mf=1000)
[MF-SEL] tPrev=(  d=0.000929  dMin=0.000000  dAvg=0.037145  dMax=5.671441  Dlo=0.018573  Dhi=2.854293  err=-1.000000  inc=-1.150650  bucket 0->0  (mf=1000)
[MF-SEL] tPrev=(  d=0.000978  dMin=0.000000  dAvg=0.037055  dMax=5.671441  Dlo=0.018528  Dhi=2.854248  err=-1.000000  inc=-1.153437  bucket 0->0  (mf=1000)
[MF-SEL] tPrev=(  d=0.000737  dMin=0.000000  dAvg=0.036965  dMax=5.671441  Dlo=0.018483  Dhi=2.854203  err=-1.000000  inc=-1.155592  bucket 0->0  (mf=1000)
[MF-SEL] tPrev=(  d=0.001111  dMin=0.000000  dAvg=0.036876  dMax=5.671441  Dlo=0.018438  Dhi=2.854159  err=-1.000000  inc=-1.158196  bucket 0->0  (mf=1000)
[MF-SEL] tPrev=(  d=0.002892  dMin=0.000000  dAvg=0.036793  dMax=5.671441  Dlo=0.018396  Dhi=2.854117  err=-1.000000  inc=-1.160314  bucket 0->0  (mf=1000)
[MF-SEL] tPrev=(  d=0.000631  dMin=0.000000  dAvg=0.036703  dMax=5.671441  Dlo=0.018352  Dhi=2.854072  err=-1.000000  inc=-1.163210  bucket 0->0  (mf=1000)
[MF-SEL] tPrev=(  d=0.001096  dMin=0.000000  dAvg=0.036616  dMax=5.671441  Dlo=0.018308  Dhi=2.854028  err=-1.000000  inc=-1.165820  bucket 0->0  (mf=1000)
[MF-SEL] tPrev=(  d=0.000827  dMin=0.000000  dAvg=0.036528  dMax=5.671441  Dlo=0.018264  Dhi=2.853984  err=-1.000000  inc=-1.168158  bucket 0->0  (mf=1000)
[MF-SEL] tPrev=(  d=0.000653  dMin=0.000000  dAvg=0.036441  dMax=5.671441  Dlo=0.018220  Dhi=2.853941  err=-1.000000  inc=-1.170205  bucket 0->0  (mf=1000)
[MF-SEL] tPrev=(  d=0.000723  dMin=0.000000  dAvg=0.036353  dMax=5.671441  Dlo=0.018177  Dhi=2.853897  err=-1.000000  inc=-1.172523  bucket 0->0  (mf=1000)
[MF-SEL] tPrev=(  d=0.000329  dMin=0.000000  dAvg=0.036266  dMax=5.671441  Dlo=0.018133  Dhi=2.853853  err=-1.000000  inc=-1.175086  bucket 0->0  (mf=1000)
[MF-SEL] tPrev=(  d=0.000330  dMin=0.000000  dAvg=0.036179  dMax=5.671441  Dlo=0.018089  Dhi=2.853810  err=-1.000000  inc=-1.177705  bucket 0->0  (mf=1000)
[MF-SEL] tPrev=(  d=0.000177  dMin=0.000000  dAvg=0.036091  dMax=5.671441  Dlo=0.018046  Dhi=2.853766  err=-1.000000  inc=-1.180073  bucket 0->0  (mf=1000)
[MF-SEL] tPrev=(  d=0.000363  dMin=0.000000  dAvg=0.036005  dMax=5.671441  Dlo=0.018003  Dhi=2.853723  err=-1.000000  inc=-1.182520  bucket 0->0  (mf=1000)
[MF-SEL] tPrev=(  d=0.000176  dMin=0.000000  dAvg=0.035919  dMax=5.671441  Dlo=0.017959  Dhi=2.853680  err=-1.000000  inc=-1.184958  bucket 0->0  (mf=1000)
[MF-SEL] tPrev=(  d=0.000330  dMin=0.000000  dAvg=0.035833  dMax=5.671441  Dlo=0.017917  Dhi=2.853637  err=-1.000000  inc=-1.187528  bucket 0->0  (mf=1000)
[MF-SEL] tPrev=(  d=0.000430  dMin=0.000000  dAvg=0.035748  dMax=5.671441  Dlo=0.017874  Dhi=2.853594  err=-1.000000  inc=-1.190067  bucket 0->0  (mf=1000)
[MF-SEL] tPrev=(  d=0.000219  dMin=0.000000  dAvg=0.035663  dMax=5.671441  Dlo=0.017832  Dhi=2.853552  err=-1.000000  inc=-1.192399  bucket 0->0  (mf=1000)
[MF-SEL] tPrev=(  d=0.000239  dMin=0.000000  dAvg=0.035579  dMax=5.671441  Dlo=0.017789  Dhi=2.853510  err=-1.000000  inc=-1.194844  bucket 0->0  (mf=1000)
[MF-SEL] tPrev=(  d=0.000923  dMin=0.000000  dAvg=0.035496  dMax=5.671441  Dlo=0.017748  Dhi=2.853468  err=-1.000000  inc=-1.197406  bucket 0->0  (mf=1000)
[MF-SEL] tPrev=(  d=0.000209  dMin=0.000000  dAvg=0.035412  dMax=5.671441  Dlo=0.017706  Dhi=2.853427  err=-1.000000  inc=-1.199905  bucket 0->0  (mf=1000)
[MF-SEL] tPrev=(  d=0.000068  dMin=0.000000  dAvg=0.035329  dMax=5.671441  Dlo=0.017664  Dhi=2.853385  err=-1.000000  inc=-1.202374  bucket 0->0  (mf=1000)
[MF-SEL] tPrev=(  d=0.000213  dMin=0.000000  dAvg=0.035246  dMax=5.671441  Dlo=0.017623  Dhi=2.853343  err=-1.000000  inc=-1.204867  bucket 0->0  (mf=1000)
[MF-SEL] tPrev=(  d=0.000132  dMin=0.000000  dAvg=0.035163  dMax=5.671441  Dlo=0.017581  Dhi=2.853302  err=-1.000000  inc=-1.207293  bucket 0->0  (mf=1000)
[MF-SEL] tPrev=(  d=0.000129  dMin=0.000000  dAvg=0.035080  dMax=5.671441  Dlo=0.017540  Dhi=2.853261  err=-1.000000  inc=-1.209936  bucket 0->0  (mf=1000)
[MF-SEL] tPrev=(  d=0.000112  dMin=0.000000  dAvg=0.034998  dMax=5.671441  Dlo=0.017499  Dhi=2.853219  err=-1.000000  inc=-1.212381  bucket 0->0  (mf=1000)
[MF-SEL] tPrev=(  d=0.000140  dMin=0.000000  dAvg=0.034917  dMax=5.671441  Dlo=0.017458  Dhi=2.853179  err=-1.000000  inc=-1.214799  bucket 0->0  (mf=1000)
[MF-SEL] tPrev=(  d=0.000118  dMin=0.000000  dAvg=0.034835  dMax=5.671441  Dlo=0.017418  Dhi=2.853138  err=-1.000000  inc=-1.217302  bucket 0->0  (mf=1000)
[MF-SEL] tPrev=(  d=0.000099  dMin=0.000000  dAvg=0.034754  dMax=5.671441  Dlo=0.017377  Dhi=2.853098  err=-1.000000  inc=-1.219303  bucket 0->0  (mf=1000)
[MF-SEL] tPrev=(  d=0.000369  dMin=0.000000  dAvg=0.034674  dMax=5.671441  Dlo=0.017337  Dhi=2.853058  err=-1.000000  inc=-1.221655  bucket 0->0  (mf=1000)
[MF-SEL] tPrev=(  d=0.000096  dMin=0.000000  dAvg=0.034594  dMax=5.671441  Dlo=0.017297  Dhi=2.853017  err=-1.000000  inc=-1.224138  bucket 0->0  (mf=1000)
[MF-SEL] tPrev=(  d=0.000170  dMin=0.000000  dAvg=0.034515  dMax=5.671441  Dlo=0.017257  Dhi=2.852978  err=-1.000000  inc=-1.226630  bucket 0->0  (mf=1000)
[MF-SEL] tPrev=(  d=0.000103  dMin=0.000000  dAvg=0.034435  dMax=5.671441  Dlo=0.017218  Dhi=2.852938  err=-1.000000  inc=-1.228991  bucket 0->0  (mf=1000)
[MF-SEL] tPrev=(  d=0.000079  dMin=0.000000  dAvg=0.034356  dMax=5.671441  Dlo=0.017178  Dhi=2.852898  err=-1.000000  inc=-1.231594  bucket 0->0  (mf=1000)
[MF-SEL] tPrev=(  d=0.000050  dMin=0.000000  dAvg=0.034277  dMax=5.671441  Dlo=0.017139  Dhi=2.852859  err=-1.000000  inc=-1.233953  bucket 0->0  (mf=1000)
[MF-SEL] tPrev=(  d=0.000102  dMin=0.000000  dAvg=0.034199  dMax=5.671441  Dlo=0.017099  Dhi=2.852820  err=-1.000000  inc=-1.236494  bucket 0->0  (mf=1000)
[MF-SEL] tPrev=(  d=0.000062  dMin=0.000000  dAvg=0.034121  dMax=5.671441  Dlo=0.017060  Dhi=2.852781  err=-1.000000  inc=-1.239117  bucket 0->0  (mf=1000)
[MF-SEL] tPrev=(  d=0.000059  dMin=0.000000  dAvg=0.034043  dMax=5.671441  Dlo=0.017021  Dhi=2.852742  err=-1.000000  inc=-1.241384  bucket 0->0  (mf=1000)
[MF-SEL] tPrev=(  d=0.000028  dMin=0.000000  dAvg=0.033965  dMax=5.671441  Dlo=0.016983  Dhi=2.852703  err=-1.000000  inc=-1.243397  bucket 0->0  (mf=1000)
[MF-SEL] tPrev=(  d=0.000238  dMin=0.000000  dAvg=0.033889  dMax=5.671441  Dlo=0.016944  Dhi=2.852665  err=-1.000000  inc=-1.245821  bucket 0->0  (mf=1000)
[MF-SEL] tPrev=(  d=0.000144  dMin=0.000000  dAvg=0.033812  dMax=5.671441  Dlo=0.016906  Dhi=2.852626  err=-1.000000  inc=-1.248376  bucket 0->0  (mf=1000)
[MF-SEL] tPrev=(  d=0.000066  dMin=0.000000  dAvg=0.033736  dMax=5.671441  Dlo=0.016868  Dhi=2.852588  err=-1.000000  inc=-1.250638  bucket 0->0  (mf=1000)
[MF-SEL] tPrev=(  d=0.000088  dMin=0.000000  dAvg=0.033660  dMax=5.671441  Dlo=0.016830  Dhi=2.852550  err=-1.000000  inc=-1.253297  bucket 0->0  (mf=1000)
[MF-SEL] tPrev=(  d=0.000037  dMin=0.000000  dAvg=0.033584  dMax=5.671441  Dlo=0.016792  Dhi=2.852512  err=-1.000000  inc=-1.255759  bucket 0->0  (mf=1000)
[MF-SEL] tPrev=(  d=0.000063  dMin=0.000000  dAvg=0.033509  dMax=5.671441  Dlo=0.016754  Dhi=2.852475  err=-1.000000  inc=-1.258282  bucket 0->0  (mf=1000)
[MF-SEL] tPrev=(  d=0.000103  dMin=0.000000  dAvg=0.033434  dMax=5.671441  Dlo=0.016717  Dhi=2.852437  err=-1.000000  inc=-1.260701  bucket 0->0  (mf=1000)
[MF-SEL] tPrev=(  d=0.000099  dMin=0.000000  dAvg=0.033359  dMax=5.671441  Dlo=0.016680  Dhi=2.852400  err=-1.000000  inc=-1.263303  bucket 0->0  (mf=1000)
[MF-SEL] tPrev=(  d=0.000067  dMin=0.000000  dAvg=0.033285  dMax=5.671441  Dlo=0.016642  Dhi=2.852363  err=-1.000000  inc=-1.265514  bucket 0->0  (mf=1000)
[MF-SEL] tPrev=(  d=0.000066  dMin=0.000000  dAvg=0.033211  dMax=5.671441  Dlo=0.016605  Dhi=2.852326  err=-1.000000  inc=-1.267568  bucket 0->0  (mf=1000)
[MF-SEL] tPrev=(  d=0.000433  dMin=0.000000  dAvg=0.033138  dMax=5.671441  Dlo=0.016569  Dhi=2.852289  err=-1.000000  inc=-1.269953  bucket 0->0  (mf=1000)
[MF-SEL] tPrev=(  d=0.000072  dMin=0.000000  dAvg=0.033065  dMax=5.671441  Dlo=0.016532  Dhi=2.852253  err=-1.000000  inc=-1.272626  bucket 0->0  (mf=1000)
[MF-SEL] tPrev=(  d=0.000195  dMin=0.000000  dAvg=0.032992  dMax=5.671441  Dlo=0.016496  Dhi=2.852216  err=-1.000000  inc=-1.275046  bucket 0->0  (mf=1000)
[MF-SEL] tPrev=(  d=0.000071  dMin=0.000000  dAvg=0.032919  dMax=5.671441  Dlo=0.016460  Dhi=2.852180  err=-1.000000  inc=-1.277592  bucket 0->0  (mf=1000)
[MF-SEL] tPrev=(  d=0.000115  dMin=0.000000  dAvg=0.032847  dMax=5.671441  Dlo=0.016424  Dhi=2.852144  err=-1.000000  inc=-1.279963  bucket 0->0  (mf=1000)
[MF-SEL] tPrev=(  d=0.000063  dMin=0.000000  dAvg=0.032775  dMax=5.671441  Dlo=0.016388  Dhi=2.852108  err=-1.000000  inc=-1.282411  bucket 0->0  (mf=1000)
[MF-SEL] tPrev=(  d=0.000129  dMin=0.000000  dAvg=0.032704  dMax=5.671441  Dlo=0.016352  Dhi=2.852072  err=-1.000000  inc=-1.284950  bucket 0->0  (mf=1000)
[MF-SEL] tPrev=(  d=0.000067  dMin=0.000000  dAvg=0.032632  dMax=5.671441  Dlo=0.016316  Dhi=2.852036  err=-1.000000  inc=-1.287444  bucket 0->0  (mf=1000)
[MF-SEL] tPrev=(  d=0.000050  dMin=0.000000  dAvg=0.032561  dMax=5.671441  Dlo=0.016280  Dhi=2.852001  err=-1.000000  inc=-1.289746  bucket 0->0  (mf=1000)
[MF-SEL] tPrev=(  d=0.000032  dMin=0.000000  dAvg=0.032490  dMax=5.671441  Dlo=0.016245  Dhi=2.851965  err=-1.000000  inc=-1.292157  bucket 0->0  (mf=1000)
[MF-SEL] tPrev=(  d=0.000175  dMin=0.000000  dAvg=0.032420  dMax=5.671441  Dlo=0.016210  Dhi=2.851930  err=-1.000000  inc=-1.294660  bucket 0->0  (mf=1000)
[MF-SEL] tPrev=(  d=0.000120  dMin=0.000000  dAvg=0.032350  dMax=5.671441  Dlo=0.016175  Dhi=2.851895  err=-1.000000  inc=-1.297276  bucket 0->0  (mf=1000)
[MF-SEL] tPrev=(  d=0.000066  dMin=0.000000  dAvg=0.032280  dMax=5.671441  Dlo=0.016140  Dhi=2.851860  err=-1.000000  inc=-1.299778  bucket 0->0  (mf=1000)
[MF-SEL] tPrev=(  d=0.000064  dMin=0.000000  dAvg=0.032210  dMax=5.671441  Dlo=0.016105  Dhi=2.851825  err=-1.000000  inc=-1.302167  bucket 0->0  (mf=1000)
[MF-SEL] tPrev=(  d=0.000037  dMin=0.000000  dAvg=0.032141  dMax=5.671441  Dlo=0.016070  Dhi=2.851791  err=-1.000000  inc=-1.304566  bucket 0->0  (mf=1000)
[MF-SEL] tPrev=(  d=0.000067  dMin=0.000000  dAvg=0.032072  dMax=5.671441  Dlo=0.016036  Dhi=2.851756  err=-1.000000  inc=-1.307051  bucket 0->0  (mf=1000)
[MF-SEL] tPrev=(  d=0.000052  dMin=0.000000  dAvg=0.032003  dMax=5.671441  Dlo=0.016002  Dhi=2.851722  err=-1.000000  inc=-1.309630  bucket 0->0  (mf=1000)
[MF-SEL] tPrev=(  d=0.000055  dMin=0.000000  dAvg=0.031935  dMax=5.671441  Dlo=0.015967  Dhi=2.851688  err=-1.000000  inc=-1.311810  bucket 0->0  (mf=1000)
[MF-SEL] tPrev=(  d=0.000030  dMin=0.000000  dAvg=0.031867  dMax=5.671441  Dlo=0.015933  Dhi=2.851654  err=-1.000000  inc=-1.314203  bucket 0->0  (mf=1000)
[MF-SEL] tPrev=(  d=0.000113  dMin=0.000000  dAvg=0.031799  dMax=5.671441  Dlo=0.015900  Dhi=2.851620  err=-1.000000  inc=-1.316823  bucket 0->0  (mf=1000)
[MF-SEL] tPrev=(  d=0.000308  dMin=0.000000  dAvg=0.031732  dMax=5.671441  Dlo=0.015866  Dhi=2.851586  err=-1.000000  inc=-1.318990  bucket 0->0  (mf=1000)
[MF-SEL] tPrev=(  d=0.000059  dMin=0.000000  dAvg=0.031665  dMax=5.671441  Dlo=0.015832  Dhi=2.851553  err=-1.000000  inc=-1.321683  bucket 0->0  (mf=1000)
[MF-SEL] tPrev=(  d=0.000085  dMin=0.000000  dAvg=0.031598  dMax=5.671441  Dlo=0.015799  Dhi=2.851519  err=-1.000000  inc=-1.324120  bucket 0->0  (mf=1000)
[MF-SEL] tPrev=(  d=0.000062  dMin=0.000000  dAvg=0.031531  dMax=5.671441  Dlo=0.015766  Dhi=2.851486  err=-1.000000  inc=-1.326461  bucket 0->0  (mf=1000)
[MF-SEL] tPrev=(  d=0.000063  dMin=0.000000  dAvg=0.031465  dMax=5.671441  Dlo=0.015732  Dhi=2.851453  err=-1.000000  inc=-1.329099  bucket 0->0  (mf=1000)
[MF-SEL] tPrev=(  d=0.000055  dMin=0.000000  dAvg=0.031399  dMax=5.671441  Dlo=0.015699  Dhi=2.851420  err=-1.000000  inc=-1.331585  bucket 0->0  (mf=1000)
[MF-SEL] tPrev=(  d=0.000020  dMin=0.000000  dAvg=0.031333  dMax=5.671441  Dlo=0.015666  Dhi=2.851387  err=-1.000000  inc=-1.334131  bucket 0->0  (mf=1000)
[MF-SEL] tPrev=(  d=0.000061  dMin=0.000000  dAvg=0.031267  dMax=5.671441  Dlo=0.015634  Dhi=2.851354  err=-1.000000  inc=-1.336484  bucket 0->0  (mf=1000)
[MF-SEL] tPrev=(  d=0.000064  dMin=0.000000  dAvg=0.031202  dMax=5.671441  Dlo=0.015601  Dhi=2.851321  err=-1.000000  inc=-1.338815  bucket 0->0  (mf=1000)
[MF-SEL] tPrev=(  d=0.000056  dMin=0.000000  dAvg=0.031137  dMax=5.671441  Dlo=0.015568  Dhi=2.851289  err=-1.000000  inc=-1.341309  bucket 0->0  (mf=1000)
[MF-SEL] tPrev=(  d=0.000324  dMin=0.000000  dAvg=0.031073  dMax=5.671441  Dlo=0.015536  Dhi=2.851257  err=-1.000000  inc=-1.343725  bucket 0->0  (mf=1000)
[MF-SEL] tPrev=(  d=0.000083  dMin=0.000000  dAvg=0.031008  dMax=5.671441  Dlo=0.015504  Dhi=2.851224  err=-1.000000  inc=-1.346582  bucket 0->0  (mf=1000)
[MF-SEL] tPrev=(  d=0.000043  dMin=0.000000  dAvg=0.030944  dMax=5.671441  Dlo=0.015472  Dhi=2.851192  err=-1.000000  inc=-1.348783  bucket 0->0  (mf=1000)
[MF-SEL] tPrev=(  d=0.000044  dMin=0.000000  dAvg=0.030880  dMax=5.671441  Dlo=0.015440  Dhi=2.851160  err=-1.000000  inc=-1.351336  bucket 0->0  (mf=1000)
[MF-SEL] tPrev=(  d=0.000054  dMin=0.000000  dAvg=0.030816  dMax=5.671441  Dlo=0.015408  Dhi=2.851128  err=-1.000000  inc=-1.353754  bucket 0->0  (mf=1000)
[MF-SEL] tPrev=(  d=0.000097  dMin=0.000000  dAvg=0.030753  dMax=5.671441  Dlo=0.015377  Dhi=2.851097  err=-1.000000  inc=-1.356094  bucket 0->0  (mf=1000)
[MF-SEL] tPrev=(  d=0.000057  dMin=0.000000  dAvg=0.030690  dMax=5.671441  Dlo=0.015345  Dhi=2.851065  err=-1.000000  inc=-1.358760  bucket 0->0  (mf=1000)
[MF-SEL] tPrev=(  d=0.000074  dMin=0.000000  dAvg=0.030627  dMax=5.671441  Dlo=0.015314  Dhi=2.851034  err=-1.000000  inc=-1.361241  bucket 0->0  (mf=1000)
[MF-SEL] tPrev=(  d=0.000015  dMin=0.000000  dAvg=0.030564  dMax=5.671441  Dlo=0.015282  Dhi=2.851002  err=-1.000000  inc=-1.363477  bucket 0->0  (mf=1000)
[MF-SEL] tPrev=(  d=0.000072  dMin=0.000000  dAvg=0.030502  dMax=5.671441  Dlo=0.015251  Dhi=2.850971  err=-1.000000  inc=-1.365902  bucket 0->0  (mf=1000)
[MF-SEL] tPrev=(  d=0.000972  dMin=0.000000  dAvg=0.030442  dMax=5.671441  Dlo=0.015221  Dhi=2.850941  err=-1.000000  inc=-1.368544  bucket 0->0  (mf=1000)
[MF-SEL] tPrev=(  d=0.000077  dMin=0.000000  dAvg=0.030380  dMax=5.671441  Dlo=0.015190  Dhi=2.850910  err=-1.000000  inc=-1.371175  bucket 0->0  (mf=1000)
[MF-SEL] tPrev=(  d=0.000105  dMin=0.000000  dAvg=0.030318  dMax=5.671441  Dlo=0.015159  Dhi=2.850879  err=-1.000000  inc=-1.373520  bucket 0->0  (mf=1000)
[MF-SEL] tPrev=(  d=0.000112  dMin=0.000000  dAvg=0.030257  dMax=5.671441  Dlo=0.015129  Dhi=2.850849  err=-1.000000  inc=-1.376056  bucket 0->0  (mf=1000)
[MF-SEL] tPrev=(  d=0.000078  dMin=0.000000  dAvg=0.030196  dMax=5.671441  Dlo=0.015098  Dhi=2.850818  err=-1.000000  inc=-1.378483  bucket 0->0  (mf=1000)
[MF-SEL] tPrev=(  d=0.000049  dMin=0.000000  dAvg=0.030135  dMax=5.671441  Dlo=0.015068  Dhi=2.850788  err=-1.000000  inc=-1.380943  bucket 0->0  (mf=1000)
[MF-SEL] tPrev=(  d=0.000028  dMin=0.000000  dAvg=0.030074  dMax=5.671441  Dlo=0.015037  Dhi=2.850757  err=-1.000000  inc=-1.383511  bucket 0->0  (mf=1000)
[MF-SEL] tPrev=(  d=0.000069  dMin=0.000000  dAvg=0.030014  dMax=5.671441  Dlo=0.015007  Dhi=2.850727  err=-1.000000  inc=-1.385694  bucket 0->0  (mf=1000)
[MF-SEL] tPrev=(  d=0.000047  dMin=0.000000  dAvg=0.029954  dMax=5.671441  Dlo=0.014977  Dhi=2.850697  err=-1.000000  inc=-1.387997  bucket 0->0  (mf=1000)
[MF-SEL] tPrev=(  d=0.000063  dMin=0.000000  dAvg=0.029894  dMax=5.671441  Dlo=0.014947  Dhi=2.850667  err=-1.000000  inc=-1.390412  bucket 0->0  (mf=1000)
[MF-SEL] tPrev=(  d=0.000366  dMin=0.000000  dAvg=0.029835  dMax=5.671441  Dlo=0.014917  Dhi=2.850638  err=-1.000000  inc=-1.392847  bucket 0->0  (mf=1000)
[MF-SEL] tPrev=(  d=0.000098  dMin=0.000000  dAvg=0.029775  dMax=5.671441  Dlo=0.014888  Dhi=2.850608  err=-1.000000  inc=-1.395711  bucket 0->0  (mf=1000)
[MF-SEL] tPrev=(  d=0.000138  dMin=0.000000  dAvg=0.029716  dMax=5.671441  Dlo=0.014858  Dhi=2.850579  err=-1.000000  inc=-1.397991  bucket 0->0  (mf=1000)
[MF-SEL] tPrev=(  d=0.000137  dMin=0.000000  dAvg=0.029658  dMax=5.671441  Dlo=0.014829  Dhi=2.850549  err=-1.000000  inc=-1.400508  bucket 0->0  (mf=1000)
[MF-SEL] tPrev=(  d=0.000082  dMin=0.000000  dAvg=0.029599  dMax=5.671441  Dlo=0.014799  Dhi=2.850520  err=-1.000000  inc=-1.402915  bucket 0->0  (mf=1000)
[MF-SEL] tPrev=(  d=0.000079  dMin=0.000000  dAvg=0.029540  dMax=5.671441  Dlo=0.014770  Dhi=2.850491  err=-1.000000  inc=-1.405436  bucket 0->0  (mf=1000)
[MF-SEL] tPrev=(  d=0.000079  dMin=0.000000  dAvg=0.029482  dMax=5.671441  Dlo=0.014741  Dhi=2.850461  err=-1.000000  inc=-1.407864  bucket 0->0  (mf=1000)
[MF-SEL] tPrev=(  d=0.000067  dMin=0.000000  dAvg=0.029424  dMax=5.671441  Dlo=0.014712  Dhi=2.850432  err=-1.000000  inc=-1.410345  bucket 0->0  (mf=1000)
[MF-SEL] tPrev=(  d=0.000121  dMin=0.000000  dAvg=0.029367  dMax=5.671441  Dlo=0.014683  Dhi=2.850404  err=-1.000000  inc=-1.412667  bucket 0->0  (mf=1000)
[MF-SEL] tPrev=(  d=0.000071  dMin=0.000000  dAvg=0.029309  dMax=5.671441  Dlo=0.014654  Dhi=2.850375  err=-1.000000  inc=-1.415061  bucket 0->0  (mf=1000)
[MF-SEL] tPrev=(  d=0.000120  dMin=0.000000  dAvg=0.029252  dMax=5.671441  Dlo=0.014626  Dhi=2.850346  err=-1.000000  inc=-1.417425  bucket 0->0  (mf=1000)
[MF-SEL] tPrev=(  d=0.000096  dMin=0.000000  dAvg=0.029195  dMax=5.671441  Dlo=0.014597  Dhi=2.850318  err=-1.000000  inc=-1.420169  bucket 0->0  (mf=1000)
[MF-SEL] tPrev=(  d=0.000040  dMin=0.000000  dAvg=0.029138  dMax=5.671441  Dlo=0.014569  Dhi=2.850289  err=-1.000000  inc=-1.422802  bucket 0->0  (mf=1000)
[MF-SEL] tPrev=(  d=0.000105  dMin=0.000000  dAvg=0.029081  dMax=5.671441  Dlo=0.014541  Dhi=2.850261  err=-1.000000  inc=-1.425091  bucket 0->0  (mf=1000)
[MF-SEL] tPrev=(  d=0.000045  dMin=0.000000  dAvg=0.029025  dMax=5.671441  Dlo=0.014512  Dhi=2.850233  err=-1.000000  inc=-1.427561  bucket 0->0  (mf=1000)
[MF-SEL] tPrev=(  d=0.000035  dMin=0.000000  dAvg=0.028968  dMax=5.671441  Dlo=0.014484  Dhi=2.850204  err=-1.000000  inc=-1.430182  bucket 0->0  (mf=1000)
[MF-SEL] tPrev=(  d=0.000021  dMin=0.000000  dAvg=0.028912  dMax=5.671441  Dlo=0.014456  Dhi=2.850176  err=-1.000000  inc=-1.432515  bucket 0->0  (mf=1000)
[MF-SEL] tPrev=(  d=0.000022  dMin=0.000000  dAvg=0.028856  dMax=5.671441  Dlo=0.014428  Dhi=2.850149  err=-1.000000  inc=-1.435162  bucket 0->0  (mf=1000)
[MF-SEL] tPrev=(  d=0.000029  dMin=0.000000  dAvg=0.028801  dMax=5.671441  Dlo=0.014400  Dhi=2.850121  err=-1.000000  inc=-1.437254  bucket 0->0  (mf=1000)
[MF-SEL] tPrev=(  d=0.000030  dMin=0.000000  dAvg=0.028745  dMax=5.671441  Dlo=0.014373  Dhi=2.850093  err=-1.000000  inc=-1.439708  bucket 0->0  (mf=1000)
[MF-SEL] tPrev=(  d=0.000011  dMin=0.000000  dAvg=0.028690  dMax=5.671441  Dlo=0.014345  Dhi=2.850065  err=-1.000000  inc=-1.442355  bucket 0->0  (mf=1000)
[MF-SEL] tPrev=(  d=0.000190  dMin=0.000000  dAvg=0.028635  dMax=5.671441  Dlo=0.014318  Dhi=2.850038  err=-1.000000  inc=-1.444689  bucket 0->0  (mf=1000)
[MF-SEL] tPrev=(  d=0.000084  dMin=0.000000  dAvg=0.028581  dMax=5.671441  Dlo=0.014290  Dhi=2.850011  err=-1.000000  inc=-1.447337  bucket 0->0  (mf=1000)
[MF-SEL] tPrev=(  d=0.000040  dMin=0.000000  dAvg=0.028526  dMax=5.671441  Dlo=0.014263  Dhi=2.849983  err=-1.000000  inc=-1.449845  bucket 0->0  (mf=1000)
[MF-SEL] tPrev=(  d=0.000036  dMin=0.000000  dAvg=0.028472  dMax=5.671441  Dlo=0.014236  Dhi=2.849956  err=-1.000000  inc=-1.452179  bucket 0->0  (mf=1000)
[MF-SEL] tPrev=(  d=0.000084  dMin=0.000000  dAvg=0.028418  dMax=5.671441  Dlo=0.014209  Dhi=2.849929  err=-1.000000  inc=-1.454745  bucket 0->0  (mf=1000)
[MF-SEL] tPrev=(  d=0.000020  dMin=0.000000  dAvg=0.028364  dMax=5.671441  Dlo=0.014182  Dhi=2.849902  err=-1.000000  inc=-1.457128  bucket 0->0  (mf=1000)
[MF-SEL] tPrev=(  d=0.000022  dMin=0.000000  dAvg=0.028310  dMax=5.671441  Dlo=0.014155  Dhi=2.849875  err=-1.000000  inc=-1.459749  bucket 0->0  (mf=1000)
[MF-SEL] tPrev=(  d=0.000030  dMin=0.000000  dAvg=0.028256  dMax=5.671441  Dlo=0.014128  Dhi=2.849848  err=-1.000000  inc=-1.461833  bucket 0->0  (mf=1000)
[MF-SEL] tPrev=(  d=0.000038  dMin=0.000000  dAvg=0.028203  dMax=5.671441  Dlo=0.014101  Dhi=2.849822  err=-1.000000  inc=-1.464305  bucket 0->0  (mf=1000)
[MF-SEL] tPrev=(  d=0.000126  dMin=0.000000  dAvg=0.028150  dMax=5.671441  Dlo=0.014075  Dhi=2.849795  err=-1.000000  inc=-1.466800  bucket 0->0  (mf=1000)
[MF-SEL] tPrev=(  d=0.000085  dMin=0.000000  dAvg=0.028097  dMax=5.671441  Dlo=0.014049  Dhi=2.849769  err=-1.000000  inc=-1.469366  bucket 0->0  (mf=1000)
[MF-SEL] tPrev=(  d=0.000088  dMin=0.000000  dAvg=0.028044  dMax=5.671441  Dlo=0.014022  Dhi=2.849743  err=-1.000000  inc=-1.471790  bucket 0->0  (mf=1000)
[MF-SEL] tPrev=(  d=0.000071  dMin=0.000000  dAvg=0.027992  dMax=5.671441  Dlo=0.013996  Dhi=2.849716  err=-1.000000  inc=-1.474305  bucket 0->0  (mf=1000)
[MF-SEL] tPrev=(  d=0.000048  dMin=0.000000  dAvg=0.027940  dMax=5.671441  Dlo=0.013970  Dhi=2.849690  err=-1.000000  inc=-1.476817  bucket 0->0  (mf=1000)
[MF-SEL] tPrev=(  d=0.000077  dMin=0.000000  dAvg=0.027888  dMax=5.671441  Dlo=0.013944  Dhi=2.849664  err=-1.000000  inc=-1.479225  bucket 0->0  (mf=1000)
[MF-SEL] tPrev=(  d=0.000008  dMin=0.000000  dAvg=0.027836  dMax=5.671441  Dlo=0.013918  Dhi=2.849638  err=-1.000000  inc=-1.481754  bucket 0->0  (mf=1000)
[MF-SEL] tPrev=(  d=0.000053  dMin=0.000000  dAvg=0.027784  dMax=5.671441  Dlo=0.013892  Dhi=2.849612  err=-1.000000  inc=-1.484257  bucket 0->0  (mf=1000)
[MF-SEL] tPrev=(  d=0.000043  dMin=0.000000  dAvg=0.027732  dMax=5.671441  Dlo=0.013866  Dhi=2.849586  err=-1.000000  inc=-1.486455  bucket 0->0  (mf=1000)
[MF-SEL] tPrev=(  d=0.000043  dMin=0.000000  dAvg=0.027681  dMax=5.671441  Dlo=0.013840  Dhi=2.849561  err=-1.000000  inc=-1.488813  bucket 0->0  (mf=1000)
[MF-SEL] tPrev=(  d=0.000165  dMin=0.000000  dAvg=0.027630  dMax=5.671441  Dlo=0.013815  Dhi=2.849535  err=-1.000000  inc=-1.491100  bucket 0->0  (mf=1000)
[MF-SEL] tPrev=(  d=0.000083  dMin=0.000000  dAvg=0.027579  dMax=5.671441  Dlo=0.013790  Dhi=2.849510  err=-1.000000  inc=-1.493909  bucket 0->0  (mf=1000)
[MF-SEL] tPrev=(  d=0.000061  dMin=0.000000  dAvg=0.027528  dMax=5.671441  Dlo=0.013764  Dhi=2.849484  err=-1.000000  inc=-1.496386  bucket 0->0  (mf=1000)
[MF-SEL] tPrev=(  d=0.000055  dMin=0.000000  dAvg=0.027478  dMax=5.671441  Dlo=0.013739  Dhi=2.849459  err=-1.000000  inc=-1.498809  bucket 0->0  (mf=1000)
[MF-SEL] tPrev=(  d=0.000072  dMin=0.000000  dAvg=0.027427  dMax=5.671441  Dlo=0.013714  Dhi=2.849434  err=-1.000000  inc=-1.501332  bucket 0->0  (mf=1000)
[MF-SEL] tPrev=(  d=0.000064  dMin=0.000000  dAvg=0.027377  dMax=5.671441  Dlo=0.013689  Dhi=2.849409  err=-1.000000  inc=-1.503731  bucket 0->0  (mf=1000)
[MF-SEL] tPrev=(  d=0.000019  dMin=0.000000  dAvg=0.027327  dMax=5.671441  Dlo=0.013663  Dhi=2.849384  err=-1.000000  inc=-1.506161  bucket 0->0  (mf=1000)
[MF-SEL] tPrev=(  d=0.000033  dMin=0.000000  dAvg=0.027277  dMax=5.671441  Dlo=0.013639  Dhi=2.849359  err=-1.000000  inc=-1.508679  bucket 0->0  (mf=1000)
[MF-SEL] tPrev=(  d=0.000020  dMin=0.000000  dAvg=0.027227  dMax=5.671441  Dlo=0.013614  Dhi=2.849334  err=-1.000000  inc=-1.511149  bucket 0->0  (mf=1000)
[MF-SEL] tPrev=(  d=0.000063  dMin=0.000000  dAvg=0.027178  dMax=5.671441  Dlo=0.013589  Dhi=2.849309  err=-1.000000  inc=-1.513557  bucket 0->0  (mf=1000)
[MF-SEL] tPrev=(  d=0.000307  dMin=0.000000  dAvg=0.027129  dMax=5.671441  Dlo=0.013565  Dhi=2.849285  err=-1.000000  inc=-1.515840  bucket 0->0  (mf=1000)
[MF-SEL] tPrev=(  d=0.000037  dMin=0.000000  dAvg=0.027080  dMax=5.671441  Dlo=0.013540  Dhi=2.849260  err=-1.000000  inc=-1.518499  bucket 0->0  (mf=1000)
[MF-SEL] tPrev=(  d=0.000085  dMin=0.000000  dAvg=0.027031  dMax=5.671441  Dlo=0.013515  Dhi=2.849236  err=-1.000000  inc=-1.520975  bucket 0->0  (mf=1000)
[MF-SEL] tPrev=(  d=0.000073  dMin=0.000000  dAvg=0.026982  dMax=5.671441  Dlo=0.013491  Dhi=2.849211  err=-1.000000  inc=-1.523341  bucket 0->0  (mf=1000)
[MF-SEL] tPrev=(  d=0.000054  dMin=0.000000  dAvg=0.026934  dMax=5.671441  Dlo=0.013467  Dhi=2.849187  err=-1.000000  inc=-1.525881  bucket 0->0  (mf=1000)
[MF-SEL] tPrev=(  d=0.000053  dMin=0.000000  dAvg=0.026885  dMax=5.671441  Dlo=0.013443  Dhi=2.849163  err=-1.000000  inc=-1.528459  bucket 0->0  (mf=1000)
[MF-SEL] tPrev=(  d=0.000059  dMin=0.000000  dAvg=0.026837  dMax=5.671441  Dlo=0.013418  Dhi=2.849139  err=-1.000000  inc=-1.530783  bucket 0->0  (mf=1000)
[MF-SEL] tPrev=(  d=0.000097  dMin=0.000000  dAvg=0.026789  dMax=5.671441  Dlo=0.013394  Dhi=2.849115  err=-1.000000  inc=-1.533397  bucket 0->0  (mf=1000)
[MF-SEL] tPrev=(  d=0.000014  dMin=0.000000  dAvg=0.026741  dMax=5.671441  Dlo=0.013370  Dhi=2.849091  err=-1.000000  inc=-1.535635  bucket 0->0  (mf=1000)
[MF-SEL] tPrev=(  d=0.000029  dMin=0.000000  dAvg=0.026693  dMax=5.671441  Dlo=0.013347  Dhi=2.849067  err=-1.000000  inc=-1.537657  bucket 0->0  (mf=1000)
[MF-SEL] tPrev=(  d=0.000305  dMin=0.000000  dAvg=0.026646  dMax=5.671441  Dlo=0.013323  Dhi=2.849043  err=-1.000000  inc=-1.539869  bucket 0->0  (mf=1000)
[MF-SEL] tPrev=(  d=0.000128  dMin=0.000000  dAvg=0.026599  dMax=5.671441  Dlo=0.013299  Dhi=2.849020  err=-1.000000  inc=-1.542749  bucket 0->0  (mf=1000)
[MF-SEL] tPrev=(  d=0.000086  dMin=0.000000  dAvg=0.026552  dMax=5.671441  Dlo=0.013276  Dhi=2.848996  err=-1.000000  inc=-1.545184  bucket 0->0  (mf=1000)
[MF-SEL] tPrev=(  d=0.000100  dMin=0.000000  dAvg=0.026505  dMax=5.671441  Dlo=0.013252  Dhi=2.848973  err=-1.000000  inc=-1.547560  bucket 0->0  (mf=1000)
[MF-SEL] tPrev=(  d=0.000040  dMin=0.000000  dAvg=0.026458  dMax=5.671441  Dlo=0.013229  Dhi=2.848949  err=-1.000000  inc=-1.549961  bucket 0->0  (mf=1000)
[MF-SEL] tPrev=(  d=0.000007  dMin=0.000000  dAvg=0.026411  dMax=5.671441  Dlo=0.013205  Dhi=2.848926  err=-1.000000  inc=-1.552343  bucket 0->0  (mf=1000)
[MF-SEL] tPrev=(  d=0.000046  dMin=0.000000  dAvg=0.026364  dMax=5.671441  Dlo=0.013182  Dhi=2.848902  err=-1.000000  inc=-1.555102  bucket 0->0  (mf=1000)
[MF-SEL] tPrev=(  d=0.000032  dMin=0.000000  dAvg=0.026318  dMax=5.671441  Dlo=0.013159  Dhi=2.848879  err=-1.000000  inc=-1.557285  bucket 0->0  (mf=1000)
[MF-SEL] tPrev=(  d=0.000020  dMin=0.000000  dAvg=0.026272  dMax=5.671441  Dlo=0.013136  Dhi=2.848856  err=-1.000000  inc=-1.559731  bucket 0->0  (mf=1000)
[MF-SEL] tPrev=(  d=0.000028  dMin=0.000000  dAvg=0.026225  dMax=5.671441  Dlo=0.013113  Dhi=2.848833  err=-1.000000  inc=-1.562280  bucket 0->0  (mf=1000)
[MF-SEL] tPrev=(  d=0.000272  dMin=0.000000  dAvg=0.026180  dMax=5.671441  Dlo=0.013090  Dhi=2.848810  err=-1.000000  inc=-1.564540  bucket 0->0  (mf=1000)
[MF-SEL] tPrev=(  d=0.000069  dMin=0.000000  dAvg=0.026134  dMax=5.671441  Dlo=0.013067  Dhi=2.848787  err=-1.000000  inc=-1.567166  bucket 0->0  (mf=1000)
[MF-SEL] tPrev=(  d=0.000011  dMin=0.000000  dAvg=0.026088  dMax=5.671441  Dlo=0.013044  Dhi=2.848765  err=-1.000000  inc=-1.569585  bucket 0->0  (mf=1000)
[MF-SEL] tPrev=(  d=0.000033  dMin=0.000000  dAvg=0.026043  dMax=5.671441  Dlo=0.013021  Dhi=2.848742  err=-1.000000  inc=-1.572133  bucket 0->0  (mf=1000)
[MF-SEL] tPrev=(  d=0.000084  dMin=0.000000  dAvg=0.025998  dMax=5.671441  Dlo=0.012999  Dhi=2.848719  err=-1.000000  inc=-1.574504  bucket 0->0  (mf=1000)
[MF-SEL] tPrev=(  d=0.000061  dMin=0.000000  dAvg=0.025953  dMax=5.671441  Dlo=0.012976  Dhi=2.848697  err=-1.000000  inc=-1.576949  bucket 0->0  (mf=1000)
[MF-SEL] tPrev=(  d=0.000052  dMin=0.000000  dAvg=0.025908  dMax=5.671441  Dlo=0.012954  Dhi=2.848674  err=-1.000000  inc=-1.579287  bucket 0->0  (mf=1000)
[MF-SEL] tPrev=(  d=0.000034  dMin=0.000000  dAvg=0.025863  dMax=5.671441  Dlo=0.012931  Dhi=2.848652  err=-1.000000  inc=-1.582049  bucket 0->0  (mf=1000)
[MF-SEL] tPrev=(  d=0.000036  dMin=0.000000  dAvg=0.025818  dMax=5.671441  Dlo=0.012909  Dhi=2.848629  err=-1.000000  inc=-1.584013  bucket 0->0  (mf=1000)
[MF-SEL] tPrev=(  d=0.000042  dMin=0.000000  dAvg=0.025774  dMax=5.671441  Dlo=0.012887  Dhi=2.848607  err=-1.000000  inc=-1.586541  bucket 0->0  (mf=1000)
[MF-SEL] tPrev=(  d=0.000245  dMin=0.000000  dAvg=0.025730  dMax=5.671441  Dlo=0.012865  Dhi=2.848585  err=-1.000000  inc=-1.588866  bucket 0->0  (mf=1000)
[MF-SEL] tPrev=(  d=0.000045  dMin=0.000000  dAvg=0.025685  dMax=5.671441  Dlo=0.012843  Dhi=2.848563  err=-1.000000  inc=-1.591916  bucket 0->0  (mf=1000)
[MF-SEL] tPrev=(  d=0.000030  dMin=0.000000  dAvg=0.025641  dMax=5.671441  Dlo=0.012821  Dhi=2.848541  err=-1.000000  inc=-1.594098  bucket 0->0  (mf=1000)
[MF-SEL] tPrev=(  d=0.000054  dMin=0.000000  dAvg=0.025597  dMax=5.671441  Dlo=0.012799  Dhi=2.848519  err=-1.000000  inc=-1.596637  bucket 0->0  (mf=1000)
[MF-SEL] tPrev=(  d=0.000088  dMin=0.000000  dAvg=0.025554  dMax=5.671441  Dlo=0.012777  Dhi=2.848497  err=-1.000000  inc=-1.599251  bucket 0->0  (mf=1000)
[MF-SEL] tPrev=(  d=0.000087  dMin=0.000000  dAvg=0.025510  dMax=5.671441  Dlo=0.012755  Dhi=2.848475  err=-1.000000  inc=-1.601519  bucket 0->0  (mf=1000)
[MF-SEL] tPrev=(  d=0.000034  dMin=0.000000  dAvg=0.025467  dMax=5.671441  Dlo=0.012733  Dhi=2.848454  err=-1.000000  inc=-1.603860  bucket 0->0  (mf=1000)
[MF-SEL] tPrev=(  d=0.000045  dMin=0.000000  dAvg=0.025423  dMax=5.671441  Dlo=0.012712  Dhi=2.848432  err=-1.000000  inc=-1.606302  bucket 0->0  (mf=1000)
[MF-SEL] tPrev=(  d=0.000058  dMin=0.000000  dAvg=0.025380  dMax=5.671441  Dlo=0.012690  Dhi=2.848410  err=-1.000000  inc=-1.608744  bucket 0->0  (mf=1000)
[MF-SEL] tPrev=(  d=0.000011  dMin=0.000000  dAvg=0.025337  dMax=5.671441  Dlo=0.012669  Dhi=2.848389  err=-1.000000  inc=-1.611016  bucket 0->0  (mf=1000)
[MF-SEL] tPrev=(  d=0.000242  dMin=0.000000  dAvg=0.025295  dMax=5.671441  Dlo=0.012647  Dhi=2.848368  err=-1.000000  inc=-1.613400  bucket 0->0  (mf=1000)
[MF-SEL] tPrev=(  d=0.000067  dMin=0.000000  dAvg=0.025252  dMax=5.671441  Dlo=0.012626  Dhi=2.848346  err=-1.000000  inc=-1.616090  bucket 0->0  (mf=1000)
[MF-SEL] tPrev=(  d=0.000096  dMin=0.000000  dAvg=0.025210  dMax=5.671441  Dlo=0.012605  Dhi=2.848325  err=-1.000000  inc=-1.618650  bucket 0->0  (mf=1000)
[MF-SEL] tPrev=(  d=0.000070  dMin=0.000000  dAvg=0.025167  dMax=5.671441  Dlo=0.012584  Dhi=2.848304  err=-1.000000  inc=-1.621049  bucket 0->0  (mf=1000)
[MF-SEL] tPrev=(  d=0.000059  dMin=0.000000  dAvg=0.025125  dMax=5.671441  Dlo=0.012562  Dhi=2.848283  err=-1.000000  inc=-1.623542  bucket 0->0  (mf=1000)
[MF-SEL] tPrev=(  d=0.000039  dMin=0.000000  dAvg=0.025083  dMax=5.671441  Dlo=0.012541  Dhi=2.848262  err=-1.000000  inc=-1.626017  bucket 0->0  (mf=1000)
[MF-SEL] tPrev=(  d=0.000031  dMin=0.000000  dAvg=0.025041  dMax=5.671441  Dlo=0.012520  Dhi=2.848241  err=-1.000000  inc=-1.628352  bucket 0->0  (mf=1000)
[MF-SEL] tPrev=(  d=0.000074  dMin=0.000000  dAvg=0.024999  dMax=5.671441  Dlo=0.012499  Dhi=2.848220  err=-1.000000  inc=-1.630824  bucket 0->0  (mf=1000)
[MF-SEL] tPrev=(  d=0.000026  dMin=0.000000  dAvg=0.024957  dMax=5.671441  Dlo=0.012479  Dhi=2.848199  err=-1.000000  inc=-1.633189  bucket 0->0  (mf=1000)
[MF-SEL] tPrev=(  d=0.000025  dMin=0.000000  dAvg=0.024915  dMax=5.671441  Dlo=0.012458  Dhi=2.848178  err=-1.000000  inc=-1.635561  bucket 0->0  (mf=1000)
[MF-SEL] tPrev=(  d=0.000338  dMin=0.000000  dAvg=0.024875  dMax=5.671441  Dlo=0.012437  Dhi=2.848158  err=-1.000000  inc=-1.637840  bucket 0->0  (mf=1000)
[MF-SEL] tPrev=(  d=0.000061  dMin=0.000000  dAvg=0.024833  dMax=5.671441  Dlo=0.012417  Dhi=2.848137  err=-1.000000  inc=-1.640670  bucket 0->0  (mf=1000)
[MF-SEL] tPrev=(  d=0.000078  dMin=0.000000  dAvg=0.024792  dMax=5.671441  Dlo=0.012396  Dhi=2.848116  err=-1.000000  inc=-1.643138  bucket 0->0  (mf=1000)
[MF-SEL] tPrev=(  d=0.000053  dMin=0.000000  dAvg=0.024751  dMax=5.671441  Dlo=0.012376  Dhi=2.848096  err=-1.000000  inc=-1.645598  bucket 0->0  (mf=1000)
[MF-SEL] tPrev=(  d=0.000045  dMin=0.000000  dAvg=0.024710  dMax=5.671441  Dlo=0.012355  Dhi=2.848075  err=-1.000000  inc=-1.648089  bucket 0->0  (mf=1000)
[MF-SEL] tPrev=(  d=0.000057  dMin=0.000000  dAvg=0.024669  dMax=5.671441  Dlo=0.012335  Dhi=2.848055  err=-1.000000  inc=-1.650588  bucket 0->0  (mf=1000)
[MF-SEL] tPrev=(  d=0.000090  dMin=0.000000  dAvg=0.024629  dMax=5.671441  Dlo=0.012314  Dhi=2.848035  err=-1.000000  inc=-1.652907  bucket 0->0  (mf=1000)
[MF-SEL] tPrev=(  d=0.000052  dMin=0.000000  dAvg=0.024588  dMax=5.671441  Dlo=0.012294  Dhi=2.848014  err=-1.000000  inc=-1.655396  bucket 0->0  (mf=1000)
[MF-SEL] tPrev=(  d=0.000029  dMin=0.000000  dAvg=0.024548  dMax=5.671441  Dlo=0.012274  Dhi=2.847994  err=-1.000000  inc=-1.657775  bucket 0->0  (mf=1000)
[MF-SEL] tPrev=(  d=0.000129  dMin=0.000000  dAvg=0.024508  dMax=5.671441  Dlo=0.012254  Dhi=2.847974  err=-1.000000  inc=-1.660368  bucket 0->0  (mf=1000)
[MF-SEL] tPrev=(  d=0.000258  dMin=0.000000  dAvg=0.024468  dMax=5.671441  Dlo=0.012234  Dhi=2.847954  err=-1.000000  inc=-1.662448  bucket 0->0  (mf=1000)
[MF-SEL] tPrev=(  d=0.000095  dMin=0.000000  dAvg=0.024428  dMax=5.671441  Dlo=0.012214  Dhi=2.847934  err=-1.000000  inc=-1.665354  bucket 0->0  (mf=1000)
[MF-SEL] tPrev=(  d=0.000099  dMin=0.000000  dAvg=0.024388  dMax=5.671441  Dlo=0.012194  Dhi=2.847915  err=-1.000000  inc=-1.667482  bucket 0->0  (mf=1000)
[MF-SEL] tPrev=(  d=0.000073  dMin=0.000000  dAvg=0.024349  dMax=5.671441  Dlo=0.012174  Dhi=2.847895  err=-1.000000  inc=-1.670043  bucket 0->0  (mf=1000)
[MF-SEL] tPrev=(  d=0.000055  dMin=0.000000  dAvg=0.024309  dMax=5.671441  Dlo=0.012155  Dhi=2.847875  err=-1.000000  inc=-1.672641  bucket 0->0  (mf=1000)
[MF-SEL] tPrev=(  d=0.000082  dMin=0.000000  dAvg=0.024270  dMax=5.671441  Dlo=0.012135  Dhi=2.847855  err=-1.000000  inc=-1.674988  bucket 0->0  (mf=1000)
[MF-SEL] tPrev=(  d=0.000073  dMin=0.000000  dAvg=0.024231  dMax=5.671441  Dlo=0.012115  Dhi=2.847836  err=-1.000000  inc=-1.677440  bucket 0->0  (mf=1000)
[MF-SEL] tPrev=(  d=0.000037  dMin=0.000000  dAvg=0.024191  dMax=5.671441  Dlo=0.012096  Dhi=2.847816  err=-1.000000  inc=-1.679875  bucket 0->0  (mf=1000)
[MF-SEL] tPrev=(  d=0.000084  dMin=0.000000  dAvg=0.024152  dMax=5.671441  Dlo=0.012076  Dhi=2.847796  err=-1.000000  inc=-1.682483  bucket 0->0  (mf=1000)
[MF-SEL] tPrev=(  d=0.000062  dMin=0.000000  dAvg=0.024113  dMax=5.671441  Dlo=0.012057  Dhi=2.847777  err=-1.000000  inc=-1.684666  bucket 0->0  (mf=1000)
[MF-SEL] tPrev=(  d=0.000416  dMin=0.000000  dAvg=0.024075  dMax=5.671441  Dlo=0.012038  Dhi=2.847758  err=-1.000000  inc=-1.687099  bucket 0->0  (mf=1000)
[MF-SEL] tPrev=(  d=0.000032  dMin=0.000000  dAvg=0.024036  dMax=5.671441  Dlo=0.012018  Dhi=2.847739  err=-1.000000  inc=-1.689937  bucket 0->0  (mf=1000)
[MF-SEL] tPrev=(  d=0.000189  dMin=0.000000  dAvg=0.023998  dMax=5.671441  Dlo=0.011999  Dhi=2.847719  err=-1.000000  inc=-1.692106  bucket 0->0  (mf=1000)
[MF-SEL] tPrev=(  d=0.000260  dMin=0.000000  dAvg=0.023960  dMax=5.671441  Dlo=0.011980  Dhi=2.847700  err=-1.000000  inc=-1.694555  bucket 0->0  (mf=1000)
[MF-SEL] tPrev=(  d=0.000104  dMin=0.000000  dAvg=0.023922  dMax=5.671441  Dlo=0.011961  Dhi=2.847681  err=-1.000000  inc=-1.697164  bucket 0->0  (mf=1000)
[MF-SEL] tPrev=(  d=0.000180  dMin=0.000000  dAvg=0.023884  dMax=5.671441  Dlo=0.011942  Dhi=2.847662  err=-1.000000  inc=-1.699371  bucket 0->0  (mf=1000)
[MF-SEL] tPrev=(  d=0.000121  dMin=0.000000  dAvg=0.023846  dMax=5.671441  Dlo=0.011923  Dhi=2.847643  err=-1.000000  inc=-1.702008  bucket 0->0  (mf=1000)
[MF-SEL] tPrev=(  d=0.000130  dMin=0.000000  dAvg=0.023808  dMax=5.671441  Dlo=0.011904  Dhi=2.847624  err=-1.000000  inc=-1.704477  bucket 0->0  (mf=1000)
[MF-SEL] tPrev=(  d=0.000074  dMin=0.000000  dAvg=0.023770  dMax=5.671441  Dlo=0.011885  Dhi=2.847605  err=-1.000000  inc=-1.706907  bucket 0->0  (mf=1000)
[MF-SEL] tPrev=(  d=0.000076  dMin=0.000000  dAvg=0.023733  dMax=5.671441  Dlo=0.011866  Dhi=2.847587  err=-1.000000  inc=-1.708877  bucket 0->0  (mf=1000)
[MF-SEL] tPrev=(  d=0.000077  dMin=0.000000  dAvg=0.023695  dMax=5.671441  Dlo=0.011848  Dhi=2.847568  err=-1.000000  inc=-1.710872  bucket 0->0  (mf=1000)
[MF-SEL] tPrev=(  d=0.000509  dMin=0.000000  dAvg=0.023658  dMax=5.671441  Dlo=0.011829  Dhi=2.847549  err=-1.000000  inc=-1.713451  bucket 0->0  (mf=1000)
[MF-SEL] tPrev=(  d=0.000133  dMin=0.000000  dAvg=0.023621  dMax=5.671441  Dlo=0.011811  Dhi=2.847531  err=-1.000000  inc=-1.715890  bucket 0->0  (mf=1000)
[MF-SEL] tPrev=(  d=0.000423  dMin=0.000000  dAvg=0.023584  dMax=5.671441  Dlo=0.011792  Dhi=2.847513  err=-1.000000  inc=-1.718359  bucket 0->0  (mf=1000)
[MF-SEL] tPrev=(  d=0.000254  dMin=0.000000  dAvg=0.023548  dMax=5.671441  Dlo=0.011774  Dhi=2.847494  err=-1.000000  inc=-1.720837  bucket 0->0  (mf=1000)
[MF-SEL] tPrev=(  d=0.000504  dMin=0.000000  dAvg=0.023511  dMax=5.671441  Dlo=0.011756  Dhi=2.847476  err=-1.000000  inc=-1.723322  bucket 0->0  (mf=1000)
[MF-SEL] tPrev=(  d=0.000607  dMin=0.000000  dAvg=0.023475  dMax=5.671441  Dlo=0.011738  Dhi=2.847458  err=-1.000000  inc=-1.725785  bucket 0->0  (mf=1000)
[MF-SEL] tPrev=(  d=0.000281  dMin=0.000000  dAvg=0.023439  dMax=5.671441  Dlo=0.011719  Dhi=2.847440  err=-1.000000  inc=-1.728230  bucket 0->0  (mf=1000)
[MF-SEL] tPrev=(  d=0.000260  dMin=0.000000  dAvg=0.023403  dMax=5.671441  Dlo=0.011701  Dhi=2.847422  err=-1.000000  inc=-1.730583  bucket 0->0  (mf=1000)
[MF-SEL] tPrev=(  d=0.000349  dMin=0.000000  dAvg=0.023367  dMax=5.671441  Dlo=0.011683  Dhi=2.847404  err=-1.000000  inc=-1.733059  bucket 0->0  (mf=1000)
[MF-SEL] tPrev=(  d=0.000253  dMin=0.000000  dAvg=0.023330  dMax=5.671441  Dlo=0.011665  Dhi=2.847385  err=-1.000000  inc=-1.735484  bucket 0->0  (mf=1000)
[MF-SEL] tPrev=(  d=0.002071  dMin=0.000000  dAvg=0.023297  dMax=5.671441  Dlo=0.011649  Dhi=2.847369  err=-1.000000  inc=-1.737879  bucket 0->0  (mf=1000)
[MF-SEL] tPrev=(  d=0.000348  dMin=0.000000  dAvg=0.023261  dMax=5.671441  Dlo=0.011631  Dhi=2.847351  err=-1.000000  inc=-1.740588  bucket 0->0  (mf=1000)
[MF-SEL] tPrev=(  d=0.000508  dMin=0.000000  dAvg=0.023226  dMax=5.671441  Dlo=0.011613  Dhi=2.847333  err=-1.000000  inc=-1.743084  bucket 0->0  (mf=1000)
[MF-SEL] tPrev=(  d=0.000208  dMin=0.000000  dAvg=0.023190  dMax=5.671441  Dlo=0.011595  Dhi=2.847315  err=-1.000000  inc=-1.745504  bucket 0->0  (mf=1000)
[MF-SEL] tPrev=(  d=0.000432  dMin=0.000000  dAvg=0.023155  dMax=5.671441  Dlo=0.011578  Dhi=2.847298  err=-1.000000  inc=-1.747965  bucket 0->0  (mf=1000)
[MF-SEL] tPrev=(  d=0.000254  dMin=0.000000  dAvg=0.023120  dMax=5.671441  Dlo=0.011560  Dhi=2.847280  err=-1.000000  inc=-1.750494  bucket 0->0  (mf=1000)
[MF-SEL] tPrev=(  d=0.000268  dMin=0.000000  dAvg=0.023084  dMax=5.671441  Dlo=0.011542  Dhi=2.847262  err=-1.000000  inc=-1.752916  bucket 0->0  (mf=1000)
[MF-SEL] tPrev=(  d=0.000534  dMin=0.000000  dAvg=0.023049  dMax=5.671441  Dlo=0.011525  Dhi=2.847245  err=-1.000000  inc=-1.755223  bucket 0->0  (mf=1000)
[MF-SEL] tPrev=(  d=0.000127  dMin=0.000000  dAvg=0.023014  dMax=5.671441  Dlo=0.011507  Dhi=2.847227  err=-1.000000  inc=-1.757620  bucket 0->0  (mf=1000)
[MF-SEL] tPrev=(  d=0.000263  dMin=0.000000  dAvg=0.022979  dMax=5.671441  Dlo=0.011490  Dhi=2.847210  err=-1.000000  inc=-1.760288  bucket 0->0  (mf=1000)
[MF-SEL] tPrev=(  d=0.001265  dMin=0.000000  dAvg=0.022946  dMax=5.671441  Dlo=0.011473  Dhi=2.847193  err=-1.000000  inc=-1.762708  bucket 0->0  (mf=1000)
[MF-SEL] tPrev=(  d=0.001032  dMin=0.000000  dAvg=0.022912  dMax=5.671441  Dlo=0.011456  Dhi=2.847176  err=-1.000000  inc=-1.765173  bucket 0->0  (mf=1000)
[MF-SEL] tPrev=(  d=0.000779  dMin=0.000000  dAvg=0.022878  dMax=5.671441  Dlo=0.011439  Dhi=2.847159  err=-1.000000  inc=-1.767710  bucket 0->0  (mf=1000)
[MF-SEL] tPrev=(  d=0.000809  dMin=0.000000  dAvg=0.022845  dMax=5.671441  Dlo=0.011422  Dhi=2.847143  err=-1.000000  inc=-1.770166  bucket 0->0  (mf=1000)
[MF-SEL] tPrev=(  d=0.000526  dMin=0.000000  dAvg=0.022810  dMax=5.671441  Dlo=0.011405  Dhi=2.847126  err=-1.000000  inc=-1.772621  bucket 0->0  (mf=1000)
[MF-SEL] tPrev=(  d=0.000604  dMin=0.000000  dAvg=0.022777  dMax=5.671441  Dlo=0.011388  Dhi=2.847109  err=-1.000000  inc=-1.775193  bucket 0->0  (mf=1000)
[MF-SEL] tPrev=(  d=0.000462  dMin=0.000000  dAvg=0.022743  dMax=5.671441  Dlo=0.011371  Dhi=2.847092  err=-1.000000  inc=-1.777308  bucket 0->0  (mf=1000)
[MF-SEL] tPrev=(  d=0.000363  dMin=0.000000  dAvg=0.022709  dMax=5.671441  Dlo=0.011354  Dhi=2.847075  err=-1.000000  inc=-1.779869  bucket 0->0  (mf=1000)
[MF-SEL] tPrev=(  d=0.000340  dMin=0.000000  dAvg=0.022675  dMax=5.671441  Dlo=0.011337  Dhi=2.847058  err=-1.000000  inc=-1.781817  bucket 0->0  (mf=1000)
[MF-SEL] tPrev=(  d=0.000835  dMin=0.000000  dAvg=0.022642  dMax=5.671441  Dlo=0.011321  Dhi=2.847041  err=-1.000000  inc=-1.783781  bucket 0->0  (mf=1000)
[MF-SEL] tPrev=(  d=0.000272  dMin=0.000000  dAvg=0.022608  dMax=5.671441  Dlo=0.011304  Dhi=2.847024  err=-1.000000  inc=-1.786790  bucket 0->0  (mf=1000)
[MF-SEL] tPrev=(  d=0.000258  dMin=0.000000  dAvg=0.022574  dMax=5.671441  Dlo=0.011287  Dhi=2.847007  err=-1.000000  inc=-1.789172  bucket 0->0  (mf=1000)
[MF-SEL] tPrev=(  d=0.000111  dMin=0.000000  dAvg=0.022540  dMax=5.671441  Dlo=0.011270  Dhi=2.846990  err=-1.000000  inc=-1.791619  bucket 0->0  (mf=1000)
[MF-SEL] tPrev=(  d=0.000084  dMin=0.000000  dAvg=0.022506  dMax=5.671441  Dlo=0.011253  Dhi=2.846973  err=-1.000000  inc=-1.794072  bucket 0->0  (mf=1000)
[MF-SEL] tPrev=(  d=0.000042  dMin=0.000000  dAvg=0.022473  dMax=5.671441  Dlo=0.011236  Dhi=2.846957  err=-1.000000  inc=-1.796550  bucket 0->0  (mf=1000)
[MF-SEL] tPrev=(  d=0.000111  dMin=0.000000  dAvg=0.022439  dMax=5.671441  Dlo=0.011219  Dhi=2.846940  err=-1.000000  inc=-1.798926  bucket 0->0  (mf=1000)
[MF-SEL] tPrev=(  d=0.000154  dMin=0.000000  dAvg=0.022406  dMax=5.671441  Dlo=0.011203  Dhi=2.846923  err=-1.000000  inc=-1.801432  bucket 0->0  (mf=1000)
[MF-SEL] tPrev=(  d=0.000278  dMin=0.000000  dAvg=0.022372  dMax=5.671441  Dlo=0.011186  Dhi=2.846907  err=-1.000000  inc=-1.803773  bucket 0->0  (mf=1000)
[MF-SEL] tPrev=(  d=0.000291  dMin=0.000000  dAvg=0.022339  dMax=5.671441  Dlo=0.011170  Dhi=2.846890  err=-1.000000  inc=-1.806393  bucket 0->0  (mf=1000)
[MF-SEL] tPrev=(  d=0.000266  dMin=0.000000  dAvg=0.022306  dMax=5.671441  Dlo=0.011153  Dhi=2.846874  err=-1.000000  inc=-1.808862  bucket 0->0  (mf=1000)
[MF-SEL] tPrev=(  d=0.000621  dMin=0.000000  dAvg=0.022274  dMax=5.671441  Dlo=0.011137  Dhi=2.846857  err=-1.000000  inc=-1.810959  bucket 0->0  (mf=1000)
[MF-SEL] tPrev=(  d=0.000187  dMin=0.000000  dAvg=0.022241  dMax=5.671441  Dlo=0.011121  Dhi=2.846841  err=-1.000000  inc=-1.813738  bucket 0->0  (mf=1000)
[MF-SEL] tPrev=(  d=0.000182  dMin=0.000000  dAvg=0.022209  dMax=5.671441  Dlo=0.011104  Dhi=2.846825  err=-1.000000  inc=-1.816267  bucket 0->0  (mf=1000)
[MF-SEL] tPrev=(  d=0.000319  dMin=0.000000  dAvg=0.022176  dMax=5.671441  Dlo=0.011088  Dhi=2.846808  err=-1.000000  inc=-1.818774  bucket 0->0  (mf=1000)
[MF-SEL] tPrev=(  d=0.000256  dMin=0.000000  dAvg=0.022144  dMax=5.671441  Dlo=0.011072  Dhi=2.846792  err=-1.000000  inc=-1.821216  bucket 0->0  (mf=1000)
[MF-SEL] tPrev=(  d=0.000188  dMin=0.000000  dAvg=0.022111  dMax=5.671441  Dlo=0.011056  Dhi=2.846776  err=-1.000000  inc=-1.823581  bucket 0->0  (mf=1000)
[MF-SEL] tPrev=(  d=0.000128  dMin=0.000000  dAvg=0.022079  dMax=5.671441  Dlo=0.011039  Dhi=2.846760  err=-1.000000  inc=-1.826057  bucket 0->0  (mf=1000)
[MF-SEL] tPrev=(  d=0.000111  dMin=0.000000  dAvg=0.022046  dMax=5.671441  Dlo=0.011023  Dhi=2.846743  err=-1.000000  inc=-1.828733  bucket 0->0  (mf=1000)
[MF-SEL] tPrev=(  d=0.000172  dMin=0.000000  dAvg=0.022014  dMax=5.671441  Dlo=0.011007  Dhi=2.846727  err=-1.000000  inc=-1.830876  bucket 0->0  (mf=1000)
[MF-SEL] tPrev=(  d=0.000308  dMin=0.000000  dAvg=0.021982  dMax=5.671441  Dlo=0.010991  Dhi=2.846711  err=-1.000000  inc=-1.833179  bucket 0->0  (mf=1000)
[MF-SEL] tPrev=(  d=0.000042  dMin=0.000000  dAvg=0.021950  dMax=5.671441  Dlo=0.010975  Dhi=2.846695  err=-1.000000  inc=-1.836020  bucket 0->0  (mf=1000)
[MF-SEL] tPrev=(  d=0.000052  dMin=0.000000  dAvg=0.021918  dMax=5.671441  Dlo=0.010959  Dhi=2.846679  err=-1.000000  inc=-1.838552  bucket 0->0  (mf=1000)
[MF-SEL] tPrev=(  d=0.000091  dMin=0.000000  dAvg=0.021886  dMax=5.671441  Dlo=0.010943  Dhi=2.846663  err=-1.000000  inc=-1.840829  bucket 0->0  (mf=1000)
[MF-SEL] tPrev=(  d=0.000031  dMin=0.000000  dAvg=0.021854  dMax=5.671441  Dlo=0.010927  Dhi=2.846647  err=-1.000000  inc=-1.843364  bucket 0->0  (mf=1000)
[MF-SEL] tPrev=(  d=0.000060  dMin=0.000000  dAvg=0.021822  dMax=5.671441  Dlo=0.010911  Dhi=2.846631  err=-1.000000  inc=-1.845977  bucket 0->0  (mf=1000)
[MF-SEL] tPrev=(  d=0.000037  dMin=0.000000  dAvg=0.021790  dMax=5.671441  Dlo=0.010895  Dhi=2.846615  err=-1.000000  inc=-1.848249  bucket 0->0  (mf=1000)
[MF-SEL] tPrev=(  d=0.000034  dMin=0.000000  dAvg=0.021759  dMax=5.671441  Dlo=0.010879  Dhi=2.846600  err=-1.000000  inc=-1.850630  bucket 0->0  (mf=1000)
[MF-SEL] tPrev=(  d=0.000067  dMin=0.000000  dAvg=0.021727  dMax=5.671441  Dlo=0.010864  Dhi=2.846584  err=-1.000000  inc=-1.853042  bucket 0->0  (mf=1000)
[MF-SEL] tPrev=(  d=0.000106  dMin=0.000000  dAvg=0.021696  dMax=5.671441  Dlo=0.010848  Dhi=2.846568  err=-1.000000  inc=-1.855534  bucket 0->0  (mf=1000)
[MF-SEL] tPrev=(  d=0.000006  dMin=0.000000  dAvg=0.021664  dMax=5.671441  Dlo=0.010832  Dhi=2.846552  err=-1.000000  inc=-1.857831  bucket 0->0  (mf=1000)
[MF-SEL] tPrev=(  d=0.000477  dMin=0.000000  dAvg=0.021634  dMax=5.671441  Dlo=0.010817  Dhi=2.846537  err=-1.000000  inc=-1.860269  bucket 0->0  (mf=1000)
[MF-SEL] tPrev=(  d=0.000184  dMin=0.000000  dAvg=0.021603  dMax=5.671441  Dlo=0.010801  Dhi=2.846522  err=-1.000000  inc=-1.862915  bucket 0->0  (mf=1000)
[MF-SEL] tPrev=(  d=0.000121  dMin=0.000000  dAvg=0.021572  dMax=5.671441  Dlo=0.010786  Dhi=2.846506  err=-1.000000  inc=-1.865405  bucket 0->0  (mf=1000)
[MF-SEL] tPrev=(  d=0.000115  dMin=0.000000  dAvg=0.021541  dMax=5.671441  Dlo=0.010770  Dhi=2.846491  err=-1.000000  inc=-1.867905  bucket 0->0  (mf=1000)
[MF-SEL] tPrev=(  d=0.000052  dMin=0.000000  dAvg=0.021510  dMax=5.671441  Dlo=0.010755  Dhi=2.846475  err=-1.000000  inc=-1.870301  bucket 0->0  (mf=1000)
[MF-SEL] tPrev=(  d=0.000090  dMin=0.000000  dAvg=0.021479  dMax=5.671441  Dlo=0.010739  Dhi=2.846460  err=-1.000000  inc=-1.872839  bucket 0->0  (mf=1000)
[MF-SEL] tPrev=(  d=0.000091  dMin=0.000000  dAvg=0.021448  dMax=5.671441  Dlo=0.010724  Dhi=2.846444  err=-1.000000  inc=-1.875234  bucket 0->0  (mf=1000)
[MF-SEL] tPrev=(  d=0.000097  dMin=0.000000  dAvg=0.021418  dMax=5.671441  Dlo=0.010709  Dhi=2.846429  err=-1.000000  inc=-1.877568  bucket 0->0  (mf=1000)
[MF-SEL] tPrev=(  d=0.000095  dMin=0.000000  dAvg=0.021387  dMax=5.671441  Dlo=0.010694  Dhi=2.846414  err=-1.000000  inc=-1.879993  bucket 0->0  (mf=1000)
[MF-SEL] tPrev=(  d=0.000229  dMin=0.000000  dAvg=0.021357  dMax=5.671441  Dlo=0.010678  Dhi=2.846399  err=-1.000000  inc=-1.882431  bucket 0->0  (mf=1000)
[MF-SEL] tPrev=(  d=0.000062  dMin=0.000000  dAvg=0.021327  dMax=5.671441  Dlo=0.010663  Dhi=2.846384  err=-1.000000  inc=-1.885113  bucket 0->0  (mf=1000)
[MF-SEL] tPrev=(  d=0.000084  dMin=0.000000  dAvg=0.021296  dMax=5.671441  Dlo=0.010648  Dhi=2.846368  err=-1.000000  inc=-1.887546  bucket 0->0  (mf=1000)
[MF-SEL] tPrev=(  d=0.000062  dMin=0.000000  dAvg=0.021266  dMax=5.671441  Dlo=0.010633  Dhi=2.846353  err=-1.000000  inc=-1.890112  bucket 0->0  (mf=1000)
[MF-SEL] tPrev=(  d=0.000070  dMin=0.000000  dAvg=0.021236  dMax=5.671441  Dlo=0.010618  Dhi=2.846338  err=-1.000000  inc=-1.892462  bucket 0->0  (mf=1000)
[MF-SEL] tPrev=(  d=0.000088  dMin=0.000000  dAvg=0.021206  dMax=5.671441  Dlo=0.010603  Dhi=2.846323  err=-1.000000  inc=-1.894991  bucket 0->0  (mf=1000)
[MF-SEL] tPrev=(  d=0.000106  dMin=0.000000  dAvg=0.021176  dMax=5.671441  Dlo=0.010588  Dhi=2.846308  err=-1.000000  inc=-1.897408  bucket 0->0  (mf=1000)
[MF-SEL] tPrev=(  d=0.000063  dMin=0.000000  dAvg=0.021146  dMax=5.671441  Dlo=0.010573  Dhi=2.846293  err=-1.000000  inc=-1.899944  bucket 0->0  (mf=1000)
[MF-SEL] tPrev=(  d=0.000044  dMin=0.000000  dAvg=0.021116  dMax=5.671441  Dlo=0.010558  Dhi=2.846279  err=-1.000000  inc=-1.902321  bucket 0->0  (mf=1000)
[MF-SEL] tPrev=(  d=0.000045  dMin=0.000000  dAvg=0.021087  dMax=5.671441  Dlo=0.010543  Dhi=2.846264  err=-1.000000  inc=-1.904784  bucket 0->0  (mf=1000)
[MF-SEL] tPrev=(  d=0.000761  dMin=0.000000  dAvg=0.021058  dMax=5.671441  Dlo=0.010529  Dhi=2.846249  err=-1.000000  inc=-1.907219  bucket 0->0  (mf=1000)
[MF-SEL] tPrev=(  d=0.000110  dMin=0.000000  dAvg=0.021029  dMax=5.671441  Dlo=0.010514  Dhi=2.846235  err=-1.000000  inc=-1.909827  bucket 0->0  (mf=1000)
[MF-SEL] tPrev=(  d=0.000071  dMin=0.000000  dAvg=0.020999  dMax=5.671441  Dlo=0.010500  Dhi=2.846220  err=-1.000000  inc=-1.912314  bucket 0->0  (mf=1000)
[MF-SEL] tPrev=(  d=0.000141  dMin=0.000000  dAvg=0.020970  dMax=5.671441  Dlo=0.010485  Dhi=2.846205  err=-1.000000  inc=-1.914769  bucket 0->0  (mf=1000)
[MF-SEL] tPrev=(  d=0.000213  dMin=0.000000  dAvg=0.020941  dMax=5.671441  Dlo=0.010470  Dhi=2.846191  err=-1.000000  inc=-1.917282  bucket 0->0  (mf=1000)
[MF-SEL] tPrev=(  d=0.000108  dMin=0.000000  dAvg=0.020912  dMax=5.671441  Dlo=0.010456  Dhi=2.846176  err=-1.000000  inc=-1.919741  bucket 0->0  (mf=1000)
[MF-SEL] tPrev=(  d=0.000078  dMin=0.000000  dAvg=0.020883  dMax=5.671441  Dlo=0.010441  Dhi=2.846162  err=-1.000000  inc=-1.922194  bucket 0->0  (mf=1000)
[MF-SEL] tPrev=(  d=0.000050  dMin=0.000000  dAvg=0.020854  dMax=5.671441  Dlo=0.010427  Dhi=2.846147  err=-1.000000  inc=-1.924653  bucket 0->0  (mf=1000)
[MF-SEL] tPrev=(  d=0.000078  dMin=0.000000  dAvg=0.020825  dMax=5.671441  Dlo=0.010412  Dhi=2.846133  err=-1.000000  inc=-1.927135  bucket 0->0  (mf=1000)
[MF-SEL] tPrev=(  d=0.000113  dMin=0.000000  dAvg=0.020796  dMax=5.671441  Dlo=0.010398  Dhi=2.846118  err=-1.000000  inc=-1.929455  bucket 0->0  (mf=1000)
[MF-SEL] tPrev=(  d=0.000398  dMin=0.000000  dAvg=0.020768  dMax=5.671441  Dlo=0.010384  Dhi=2.846104  err=-1.000000  inc=-1.932030  bucket 0->0  (mf=1000)
[MF-SEL] tPrev=(  d=0.000122  dMin=0.000000  dAvg=0.020739  dMax=5.671441  Dlo=0.010369  Dhi=2.846090  err=-1.000000  inc=-1.934689  bucket 0->0  (mf=1000)
[MF-SEL] tPrev=(  d=0.000108  dMin=0.000000  dAvg=0.020710  dMax=5.671441  Dlo=0.010355  Dhi=2.846075  err=-1.000000  inc=-1.936932  bucket 0->0  (mf=1000)
[MF-SEL] tPrev=(  d=0.000121  dMin=0.000000  dAvg=0.020682  dMax=5.671441  Dlo=0.010341  Dhi=2.846061  err=-1.000000  inc=-1.939374  bucket 0->0  (mf=1000)
[MF-SEL] tPrev=(  d=0.000036  dMin=0.000000  dAvg=0.020653  dMax=5.671441  Dlo=0.010327  Dhi=2.846047  err=-1.000000  inc=-1.941966  bucket 0->0  (mf=1000)
[MF-SEL] tPrev=(  d=0.000059  dMin=0.000000  dAvg=0.020625  dMax=5.671441  Dlo=0.010312  Dhi=2.846033  err=-1.000000  inc=-1.944420  bucket 0->0  (mf=1000)
[MF-SEL] tPrev=(  d=0.000017  dMin=0.000000  dAvg=0.020597  dMax=5.671441  Dlo=0.010298  Dhi=2.846019  err=-1.000000  inc=-1.946949  bucket 0->0  (mf=1000)
[MF-SEL] tPrev=(  d=0.000047  dMin=0.000000  dAvg=0.020568  dMax=5.671441  Dlo=0.010284  Dhi=2.846004  err=-1.000000  inc=-1.949205  bucket 0->0  (mf=1000)
[MF-SEL] tPrev=(  d=0.000019  dMin=0.000000  dAvg=0.020540  dMax=5.671441  Dlo=0.010270  Dhi=2.845990  err=-1.000000  inc=-1.951699  bucket 0->0  (mf=1000)
[MF-SEL] tPrev=(  d=0.000047  dMin=0.000000  dAvg=0.020512  dMax=5.671441  Dlo=0.010256  Dhi=2.845976  err=-1.000000  inc=-1.954251  bucket 0->0  (mf=1000)
[MF-SEL] tPrev=(  d=0.000553  dMin=0.000000  dAvg=0.020485  dMax=5.671441  Dlo=0.010242  Dhi=2.845963  err=-1.000000  inc=-1.956468  bucket 0->0  (mf=1000)
[MF-SEL] tPrev=(  d=0.000048  dMin=0.000000  dAvg=0.020457  dMax=5.671441  Dlo=0.010228  Dhi=2.845949  err=-1.000000  inc=-1.959057  bucket 0->0  (mf=1000)
[MF-SEL] tPrev=(  d=0.000036  dMin=0.000000  dAvg=0.020429  dMax=5.671441  Dlo=0.010214  Dhi=2.845935  err=-1.000000  inc=-1.961513  bucket 0->0  (mf=1000)
[MF-SEL] tPrev=(  d=0.000092  dMin=0.000000  dAvg=0.020401  dMax=5.671441  Dlo=0.010201  Dhi=2.845921  err=-1.000000  inc=-1.963972  bucket 0->0  (mf=1000)
[MF-SEL] tPrev=(  d=0.000129  dMin=0.000000  dAvg=0.020373  dMax=5.671441  Dlo=0.010187  Dhi=2.845907  err=-1.000000  inc=-1.966545  bucket 0->0  (mf=1000)
[MF-SEL] tPrev=(  d=0.000112  dMin=0.000000  dAvg=0.020346  dMax=5.671441  Dlo=0.010173  Dhi=2.845893  err=-1.000000  inc=-1.969053  bucket 0->0  (mf=1000)
[MF-SEL] tPrev=(  d=0.000184  dMin=0.000000  dAvg=0.020318  dMax=5.671441  Dlo=0.010159  Dhi=2.845880  err=-1.000000  inc=-1.971264  bucket 0->0  (mf=1000)
[MF-SEL] tPrev=(  d=0.000067  dMin=0.000000  dAvg=0.020291  dMax=5.671441  Dlo=0.010145  Dhi=2.845866  err=-1.000000  inc=-1.973730  bucket 0->0  (mf=1000)
[MF-SEL] tPrev=(  d=0.000172  dMin=0.000000  dAvg=0.020264  dMax=5.671441  Dlo=0.010132  Dhi=2.845852  err=-1.000000  inc=-1.976040  bucket 0->0  (mf=1000)
[MF-SEL] tPrev=(  d=0.000065  dMin=0.000000  dAvg=0.020236  dMax=5.671441  Dlo=0.010118  Dhi=2.845838  err=-1.000000  inc=-1.978570  bucket 0->0  (mf=1000)
[MF-SEL] tPrev=(  d=0.000506  dMin=0.000000  dAvg=0.020210  dMax=5.671441  Dlo=0.010105  Dhi=2.845825  err=-1.000000  inc=-1.980904  bucket 0->0  (mf=1000)
[MF-SEL] tPrev=(  d=0.000086  dMin=0.000000  dAvg=0.020183  dMax=5.671441  Dlo=0.010091  Dhi=2.845812  err=-1.000000  inc=-1.983543  bucket 0->0  (mf=1000)
[MF-SEL] tPrev=(  d=0.000092  dMin=0.000000  dAvg=0.020155  dMax=5.671441  Dlo=0.010078  Dhi=2.845798  err=-1.000000  inc=-1.986135  bucket 0->0  (mf=1000)
[MF-SEL] tPrev=(  d=0.000127  dMin=0.000000  dAvg=0.020129  dMax=5.671441  Dlo=0.010064  Dhi=2.845785  err=-1.000000  inc=-1.988561  bucket 0->0  (mf=1000)
[MF-SEL] tPrev=(  d=0.000119  dMin=0.000000  dAvg=0.020102  dMax=5.671441  Dlo=0.010051  Dhi=2.845771  err=-1.000000  inc=-1.991029  bucket 0->0  (mf=1000)
[MF-SEL] tPrev=(  d=0.000050  dMin=0.000000  dAvg=0.020075  dMax=5.671441  Dlo=0.010037  Dhi=2.845758  err=-1.000000  inc=-1.993595  bucket 0->0  (mf=1000)
[MF-SEL] tPrev=(  d=0.000052  dMin=0.000000  dAvg=0.020048  dMax=5.671441  Dlo=0.010024  Dhi=2.845744  err=-1.000000  inc=-1.995931  bucket 0->0  (mf=1000)
[MF-SEL] tPrev=(  d=0.000043  dMin=0.000000  dAvg=0.020021  dMax=5.671441  Dlo=0.010011  Dhi=2.845731  err=-1.000000  inc=-1.998395  bucket 0->0  (mf=1000)
[MF-SEL] tPrev=(  d=0.000048  dMin=0.000000  dAvg=0.019994  dMax=5.671441  Dlo=0.009997  Dhi=2.845717  err=-1.000000  inc=-2.000773  bucket 0->0  (mf=1000)
[MF-SEL] tPrev=(  d=0.000033  dMin=0.000000  dAvg=0.019968  dMax=5.671441  Dlo=0.009984  Dhi=2.845704  err=-1.000000  inc=-2.003306  bucket 0->0  (mf=1000)
[MF-SEL] tPrev=(  d=0.000032  dMin=0.000000  dAvg=0.019941  dMax=5.671441  Dlo=0.009971  Dhi=2.845691  err=-1.000000  inc=-2.005539  bucket 0->0  (mf=1000)
[MF-SEL] tPrev=(  d=0.000038  dMin=0.000000  dAvg=0.019915  dMax=5.671441  Dlo=0.009957  Dhi=2.845678  err=-1.000000  inc=-2.008118  bucket 0->0  (mf=1000)
[MF-SEL] tPrev=(  d=0.000503  dMin=0.000000  dAvg=0.019889  dMax=5.671441  Dlo=0.009944  Dhi=2.845665  err=-1.000000  inc=-2.010759  bucket 0->0  (mf=1000)
[MF-SEL] tPrev=(  d=0.000141  dMin=0.000000  dAvg=0.019863  dMax=5.671441  Dlo=0.009931  Dhi=2.845652  err=-1.000000  inc=-2.013196  bucket 0->0  (mf=1000)
[MF-SEL] tPrev=(  d=0.000127  dMin=0.000000  dAvg=0.019836  dMax=5.671441  Dlo=0.009918  Dhi=2.845639  err=-1.000000  inc=-2.015728  bucket 0->0  (mf=1000)
[MF-SEL] tPrev=(  d=0.000102  dMin=0.000000  dAvg=0.019810  dMax=5.671441  Dlo=0.009905  Dhi=2.845625  err=-1.000000  inc=-2.018111  bucket 0->0  (mf=1000)
[MF-SEL] tPrev=(  d=0.000091  dMin=0.000000  dAvg=0.019784  dMax=5.671441  Dlo=0.009892  Dhi=2.845612  err=-1.000000  inc=-2.020436  bucket 0->0  (mf=1000)
[MF-SEL] tPrev=(  d=0.000047  dMin=0.000000  dAvg=0.019758  dMax=5.671441  Dlo=0.009879  Dhi=2.845599  err=-1.000000  inc=-2.023113  bucket 0->0  (mf=1000)
[MF-SEL] tPrev=(  d=0.000045  dMin=0.000000  dAvg=0.019732  dMax=5.671441  Dlo=0.009866  Dhi=2.845586  err=-1.000000  inc=-2.025466  bucket 0->0  (mf=1000)
[MF-SEL] tPrev=(  d=0.000044  dMin=0.000000  dAvg=0.019706  dMax=5.671441  Dlo=0.009853  Dhi=2.845573  err=-1.000000  inc=-2.027883  bucket 0->0  (mf=1000)
[MF-SEL] tPrev=(  d=0.000146  dMin=0.000000  dAvg=0.019680  dMax=5.671441  Dlo=0.009840  Dhi=2.845561  err=-1.000000  inc=-2.030059  bucket 0->0  (mf=1000)
[MF-SEL] tPrev=(  d=0.000039  dMin=0.000000  dAvg=0.019655  dMax=5.671441  Dlo=0.009827  Dhi=2.845548  err=-1.000000  inc=-2.032885  bucket 0->0  (mf=1000)
[MF-SEL] tPrev=(  d=0.000071  dMin=0.000000  dAvg=0.019629  dMax=5.671441  Dlo=0.009814  Dhi=2.845535  err=-1.000000  inc=-2.035264  bucket 0->0  (mf=1000)
[MF-SEL] tPrev=(  d=0.000068  dMin=0.000000  dAvg=0.019603  dMax=5.671441  Dlo=0.009802  Dhi=2.845522  err=-1.000000  inc=-2.037688  bucket 0->0  (mf=1000)
[MF-SEL] tPrev=(  d=0.000018  dMin=0.000000  dAvg=0.019578  dMax=5.671441  Dlo=0.009789  Dhi=2.845509  err=-1.000000  inc=-2.040192  bucket 0->0  (mf=1000)
[MF-SEL] tPrev=(  d=0.000050  dMin=0.000000  dAvg=0.019552  dMax=5.671441  Dlo=0.009776  Dhi=2.845496  err=-1.000000  inc=-2.042645  bucket 0->0  (mf=1000)
[MF-SEL] tPrev=(  d=0.000042  dMin=0.000000  dAvg=0.019527  dMax=5.671441  Dlo=0.009763  Dhi=2.845484  err=-1.000000  inc=-2.045174  bucket 0->0  (mf=1000)
[MF-SEL] tPrev=(  d=0.000041  dMin=0.000000  dAvg=0.019501  dMax=5.671441  Dlo=0.009751  Dhi=2.845471  err=-1.000000  inc=-2.047496  bucket 0->0  (mf=1000)
[MF-SEL] tPrev=(  d=0.000022  dMin=0.000000  dAvg=0.019476  dMax=5.671441  Dlo=0.009738  Dhi=2.845458  err=-1.000000  inc=-2.049842  bucket 0->0  (mf=1000)
[MF-SEL] tPrev=(  d=0.000047  dMin=0.000000  dAvg=0.019451  dMax=5.671441  Dlo=0.009725  Dhi=2.845446  err=-1.000000  inc=-2.052004  bucket 0->0  (mf=1000)
[MF-SEL] tPrev=(  d=0.000286  dMin=0.000000  dAvg=0.019426  dMax=5.671441  Dlo=0.009713  Dhi=2.845433  err=-1.000000  inc=-2.054473  bucket 0->0  (mf=1000)
[MF-SEL] tPrev=(  d=0.000074  dMin=0.000000  dAvg=0.019401  dMax=5.671441  Dlo=0.009700  Dhi=2.845421  err=-1.000000  inc=-2.057243  bucket 0->0  (mf=1000)
[MF-SEL] tPrev=(  d=0.000035  dMin=0.000000  dAvg=0.019376  dMax=5.671441  Dlo=0.009688  Dhi=2.845408  err=-1.000000  inc=-2.059729  bucket 0->0  (mf=1000)
[MF-SEL] tPrev=(  d=0.000039  dMin=0.000000  dAvg=0.019351  dMax=5.671441  Dlo=0.009675  Dhi=2.845396  err=-1.000000  inc=-2.062107  bucket 0->0  (mf=1000)
[MF-SEL] tPrev=(  d=0.000123  dMin=0.000000  dAvg=0.019326  dMax=5.671441  Dlo=0.009663  Dhi=2.845383  err=-1.000000  inc=-2.064644  bucket 0->0  (mf=1000)
[MF-SEL] tPrev=(  d=0.000122  dMin=0.000000  dAvg=0.019301  dMax=5.671441  Dlo=0.009650  Dhi=2.845371  err=-1.000000  inc=-2.067128  bucket 0->0  (mf=1000)
[MF-SEL] tPrev=(  d=0.000269  dMin=0.000000  dAvg=0.019276  dMax=5.671441  Dlo=0.009638  Dhi=2.845358  err=-1.000000  inc=-2.069525  bucket 0->0  (mf=1000)
[MF-SEL] tPrev=(  d=0.000044  dMin=0.000000  dAvg=0.019252  dMax=5.671441  Dlo=0.009626  Dhi=2.845346  err=-1.000000  inc=-2.072012  bucket 0->0  (mf=1000)
[MF-SEL] tPrev=(  d=0.000090  dMin=0.000000  dAvg=0.019227  dMax=5.671441  Dlo=0.009614  Dhi=2.845334  err=-1.000000  inc=-2.074264  bucket 0->0  (mf=1000)
[MF-SEL] tPrev=(  d=0.000034  dMin=0.000000  dAvg=0.019202  dMax=5.671441  Dlo=0.009601  Dhi=2.845321  err=-1.000000  inc=-2.076895  bucket 0->0  (mf=1000)
[MF-SEL] tPrev=(  d=0.000580  dMin=0.000000  dAvg=0.019179  dMax=5.671441  Dlo=0.009589  Dhi=2.845310  err=-1.000000  inc=-2.079156  bucket 0->0  (mf=1000)
[MF-SEL] tPrev=(  d=0.000142  dMin=0.000000  dAvg=0.019154  dMax=5.671441  Dlo=0.009577  Dhi=2.845297  err=-1.000000  inc=-2.081803  bucket 0->0  (mf=1000)
[MF-SEL] tPrev=(  d=0.000199  dMin=0.000000  dAvg=0.019130  dMax=5.671441  Dlo=0.009565  Dhi=2.845285  err=-1.000000  inc=-2.084324  bucket 0->0  (mf=1000)
[MF-SEL] tPrev=(  d=0.000231  dMin=0.000000  dAvg=0.019106  dMax=5.671441  Dlo=0.009553  Dhi=2.845273  err=-1.000000  inc=-2.086795  bucket 0->0  (mf=1000)
[MF-SEL] tPrev=(  d=0.000183  dMin=0.000000  dAvg=0.019082  dMax=5.671441  Dlo=0.009541  Dhi=2.845261  err=-1.000000  inc=-2.089211  bucket 0->0  (mf=1000)
[MF-SEL] tPrev=(  d=0.000134  dMin=0.000000  dAvg=0.019057  dMax=5.671441  Dlo=0.009529  Dhi=2.845249  err=-1.000000  inc=-2.091694  bucket 0->0  (mf=1000)
[MF-SEL] tPrev=(  d=0.000014  dMin=0.000000  dAvg=0.019033  dMax=5.671441  Dlo=0.009517  Dhi=2.845237  err=-1.000000  inc=-2.094232  bucket 0->0  (mf=1000)
[MF-SEL] tPrev=(  d=0.000100  dMin=0.000000  dAvg=0.019009  dMax=5.671441  Dlo=0.009505  Dhi=2.845225  err=-1.000000  inc=-2.096756  bucket 0->0  (mf=1000)
[MF-SEL] tPrev=(  d=0.000100  dMin=0.000000  dAvg=0.018985  dMax=5.671441  Dlo=0.009493  Dhi=2.845213  err=-1.000000  inc=-2.099105  bucket 0->0  (mf=1000)
[MF-SEL] tPrev=(  d=0.000105  dMin=0.000000  dAvg=0.018961  dMax=5.671441  Dlo=0.009481  Dhi=2.845201  err=-1.000000  inc=-2.101601  bucket 0->0  (mf=1000)
[MF-SEL] tPrev=(  d=0.000127  dMin=0.000000  dAvg=0.018937  dMax=5.671441  Dlo=0.009469  Dhi=2.845189  err=-1.000000  inc=-2.104046  bucket 0->0  (mf=1000)
[MF-SEL] tPrev=(  d=0.000421  dMin=0.000000  dAvg=0.018914  dMax=5.671441  Dlo=0.009457  Dhi=2.845177  err=-1.000000  inc=-2.106276  bucket 0->0  (mf=1000)
[MF-SEL] tPrev=(  d=0.000187  dMin=0.000000  dAvg=0.018890  dMax=5.671441  Dlo=0.009445  Dhi=2.845165  err=-1.000000  inc=-2.108806  bucket 0->0  (mf=1000)
[MF-SEL] tPrev=(  d=0.000190  dMin=0.000000  dAvg=0.018867  dMax=5.671441  Dlo=0.009433  Dhi=2.845154  err=-1.000000  inc=-2.111308  bucket 0->0  (mf=1000)
[MF-SEL] tPrev=(  d=0.000128  dMin=0.000000  dAvg=0.018843  dMax=5.671441  Dlo=0.009422  Dhi=2.845142  err=-1.000000  inc=-2.113722  bucket 0->0  (mf=1000)
[MF-SEL] tPrev=(  d=0.000157  dMin=0.000000  dAvg=0.018820  dMax=5.671441  Dlo=0.009410  Dhi=2.845130  err=-1.000000  inc=-2.116273  bucket 0->0  (mf=1000)
[MF-SEL] tPrev=(  d=0.000117  dMin=0.000000  dAvg=0.018796  dMax=5.671441  Dlo=0.009398  Dhi=2.845118  err=-1.000000  inc=-2.118713  bucket 0->0  (mf=1000)
[MF-SEL] tPrev=(  d=0.000071  dMin=0.000000  dAvg=0.018773  dMax=5.671441  Dlo=0.009386  Dhi=2.845107  err=-1.000000  inc=-2.121298  bucket 0->0  (mf=1000)
[MF-SEL] tPrev=(  d=0.000096  dMin=0.000000  dAvg=0.018749  dMax=5.671441  Dlo=0.009375  Dhi=2.845095  err=-1.000000  inc=-2.123482  bucket 0->0  (mf=1000)
[MF-SEL] tPrev=(  d=0.000059  dMin=0.000000  dAvg=0.018726  dMax=5.671441  Dlo=0.009363  Dhi=2.845083  err=-1.000000  inc=-2.125801  bucket 0->0  (mf=1000)
[MF-SEL] tPrev=(  d=0.000469  dMin=0.000000  dAvg=0.018703  dMax=5.671441  Dlo=0.009352  Dhi=2.845072  err=-1.000000  inc=-2.128364  bucket 0->0  (mf=1000)
[MF-SEL] tPrev=(  d=0.000071  dMin=0.000000  dAvg=0.018680  dMax=5.671441  Dlo=0.009340  Dhi=2.845060  err=-1.000000  inc=-2.130967  bucket 0->0  (mf=1000)
[MF-SEL] tPrev=(  d=0.000171  dMin=0.000000  dAvg=0.018657  dMax=5.671441  Dlo=0.009328  Dhi=2.845049  err=-1.000000  inc=-2.133472  bucket 0->0  (mf=1000)
[MF-SEL] tPrev=(  d=0.000175  dMin=0.000000  dAvg=0.018634  dMax=5.671441  Dlo=0.009317  Dhi=2.845037  err=-1.000000  inc=-2.135657  bucket 0->0  (mf=1000)
[MF-SEL] tPrev=(  d=0.000180  dMin=0.000000  dAvg=0.018611  dMax=5.671441  Dlo=0.009305  Dhi=2.845026  err=-1.000000  inc=-2.138273  bucket 0->0  (mf=1000)
[MF-SEL] tPrev=(  d=0.000040  dMin=0.000000  dAvg=0.018588  dMax=5.671441  Dlo=0.009294  Dhi=2.845014  err=-1.000000  inc=-2.140529  bucket 0->0  (mf=1000)
[MF-SEL] tPrev=(  d=0.000064  dMin=0.000000  dAvg=0.018565  dMax=5.671441  Dlo=0.009282  Dhi=2.845003  err=-1.000000  inc=-2.142994  bucket 0->0  (mf=1000)
[MF-SEL] tPrev=(  d=0.000056  dMin=0.000000  dAvg=0.018542  dMax=5.671441  Dlo=0.009271  Dhi=2.844991  err=-1.000000  inc=-2.145635  bucket 0->0  (mf=1000)
[MF-SEL] tPrev=(  d=0.000044  dMin=0.000000  dAvg=0.018519  dMax=5.671441  Dlo=0.009259  Dhi=2.844980  err=-1.000000  inc=-2.147873  bucket 0->0  (mf=1000)
[MF-SEL] tPrev=(  d=0.000133  dMin=0.000000  dAvg=0.018496  dMax=5.671441  Dlo=0.009248  Dhi=2.844968  err=-1.000000  inc=-2.149874  bucket 0->0  (mf=1000)
[MF-SEL] tPrev=(  d=0.000334  dMin=0.000000  dAvg=0.018474  dMax=5.671441  Dlo=0.009237  Dhi=2.844957  err=-1.000000  inc=-2.151968  bucket 0->0  (mf=1000)
[MF-SEL] tPrev=(  d=0.000156  dMin=0.000000  dAvg=0.018451  dMax=5.671441  Dlo=0.009226  Dhi=2.844946  err=-1.000000  inc=-2.154806  bucket 0->0  (mf=1000)
[MF-SEL] tPrev=(  d=0.000144  dMin=0.000000  dAvg=0.018429  dMax=5.671441  Dlo=0.009214  Dhi=2.844935  err=-1.000000  inc=-2.157271  bucket 0->0  (mf=1000)
[MF-SEL] tPrev=(  d=0.000125  dMin=0.000000  dAvg=0.018406  dMax=5.671441  Dlo=0.009203  Dhi=2.844923  err=-1.000000  inc=-2.159630  bucket 0->0  (mf=1000)
[MF-SEL] tPrev=(  d=0.000075  dMin=0.000000  dAvg=0.018384  dMax=5.671441  Dlo=0.009192  Dhi=2.844912  err=-1.000000  inc=-2.162267  bucket 0->0  (mf=1000)
[MF-SEL] tPrev=(  d=0.000086  dMin=0.000000  dAvg=0.018361  dMax=5.671441  Dlo=0.009181  Dhi=2.844901  err=-1.000000  inc=-2.164523  bucket 0->0  (mf=1000)
[MF-SEL] tPrev=(  d=0.000045  dMin=0.000000  dAvg=0.018339  dMax=5.671441  Dlo=0.009169  Dhi=2.844890  err=-1.000000  inc=-2.166882  bucket 0->0  (mf=1000)
[MF-SEL] tPrev=(  d=0.000048  dMin=0.000000  dAvg=0.018316  dMax=5.671441  Dlo=0.009158  Dhi=2.844878  err=-1.000000  inc=-2.169357  bucket 0->0  (mf=1000)
[MF-SEL] tPrev=(  d=0.000110  dMin=0.000000  dAvg=0.018294  dMax=5.671441  Dlo=0.009147  Dhi=2.844867  err=-1.000000  inc=-2.171627  bucket 0->0  (mf=1000)
[MF-SEL] tPrev=(  d=0.000041  dMin=0.000000  dAvg=0.018272  dMax=5.671441  Dlo=0.009136  Dhi=2.844856  err=-1.000000  inc=-2.174075  bucket 0->0  (mf=1000)
[MF-SEL] tPrev=(  d=0.000045  dMin=0.000000  dAvg=0.018250  dMax=5.671441  Dlo=0.009125  Dhi=2.844845  err=-1.000000  inc=-2.176767  bucket 0->0  (mf=1000)
[MF-SEL] tPrev=(  d=0.000083  dMin=0.000000  dAvg=0.018227  dMax=5.671441  Dlo=0.009114  Dhi=2.844834  err=-1.000000  inc=-2.179087  bucket 0->0  (mf=1000)
[MF-SEL] tPrev=(  d=0.000810  dMin=0.000000  dAvg=0.018206  dMax=5.671441  Dlo=0.009103  Dhi=2.844823  err=-1.000000  inc=-2.181597  bucket 0->0  (mf=1000)
[MF-SEL] tPrev=(  d=0.000092  dMin=0.000000  dAvg=0.018184  dMax=5.671441  Dlo=0.009092  Dhi=2.844812  err=-1.000000  inc=-2.184207  bucket 0->0  (mf=1000)
[MF-SEL] tPrev=(  d=0.000079  dMin=0.000000  dAvg=0.018162  dMax=5.671441  Dlo=0.009081  Dhi=2.844801  err=-1.000000  inc=-2.186619  bucket 0->0  (mf=1000)
[MF-SEL] tPrev=(  d=0.000129  dMin=0.000000  dAvg=0.018140  dMax=5.671441  Dlo=0.009070  Dhi=2.844790  err=-1.000000  inc=-2.189118  bucket 0->0  (mf=1000)
[MF-SEL] tPrev=(  d=0.000139  dMin=0.000000  dAvg=0.018119  dMax=5.671441  Dlo=0.009059  Dhi=2.844780  err=-1.000000  inc=-2.191636  bucket 0->0  (mf=1000)
[MF-SEL] tPrev=(  d=0.000173  dMin=0.000000  dAvg=0.018097  dMax=5.671441  Dlo=0.009048  Dhi=2.844769  err=-1.000000  inc=-2.194171  bucket 0->0  (mf=1000)
[MF-SEL] tPrev=(  d=0.000323  dMin=0.000000  dAvg=0.018075  dMax=5.671441  Dlo=0.009038  Dhi=2.844758  err=-1.000000  inc=-2.196356  bucket 0->0  (mf=1000)
[MF-SEL] tPrev=(  d=0.000108  dMin=0.000000  dAvg=0.018054  dMax=5.671441  Dlo=0.009027  Dhi=2.844747  err=-1.000000  inc=-2.198754  bucket 0->0  (mf=1000)
[MF-SEL] tPrev=(  d=0.000759  dMin=0.000000  dAvg=0.018033  dMax=5.671441  Dlo=0.009016  Dhi=2.844737  err=-1.000000  inc=-2.201044  bucket 0->0  (mf=1000)
[MF-SEL] tPrev=(  d=0.000383  dMin=0.000000  dAvg=0.018012  dMax=5.671441  Dlo=0.009006  Dhi=2.844726  err=-1.000000  inc=-2.203686  bucket 0->0  (mf=1000)
[MF-SEL] tPrev=(  d=0.000183  dMin=0.000000  dAvg=0.017990  dMax=5.671441  Dlo=0.008995  Dhi=2.844715  err=-1.000000  inc=-2.206177  bucket 0->0  (mf=1000)
[MF-SEL] tPrev=(  d=0.000258  dMin=0.000000  dAvg=0.017969  dMax=5.671441  Dlo=0.008984  Dhi=2.844705  err=-1.000000  inc=-2.208763  bucket 0->0  (mf=1000)
[MF-SEL] tPrev=(  d=0.000229  dMin=0.000000  dAvg=0.017948  dMax=5.671441  Dlo=0.008974  Dhi=2.844694  err=-1.000000  inc=-2.211045  bucket 0->0  (mf=1000)
[MF-SEL] tPrev=(  d=0.000358  dMin=0.000000  dAvg=0.017927  dMax=5.671441  Dlo=0.008963  Dhi=2.844684  err=-1.000000  inc=-2.213522  bucket 0->0  (mf=1000)
[MF-SEL] tPrev=(  d=0.000297  dMin=0.000000  dAvg=0.017906  dMax=5.671441  Dlo=0.008953  Dhi=2.844673  err=-1.000000  inc=-2.216111  bucket 0->0  (mf=1000)
[MF-SEL] tPrev=(  d=0.000279  dMin=0.000000  dAvg=0.017884  dMax=5.671441  Dlo=0.008942  Dhi=2.844663  err=-1.000000  inc=-2.218435  bucket 0->0  (mf=1000)
[MF-SEL] tPrev=(  d=0.000227  dMin=0.000000  dAvg=0.017863  dMax=5.671441  Dlo=0.008932  Dhi=2.844652  err=-1.000000  inc=-2.220612  bucket 0->0  (mf=1000)
[MF-SEL] tPrev=(  d=0.000175  dMin=0.000000  dAvg=0.017842  dMax=5.671441  Dlo=0.008921  Dhi=2.844641  err=-1.000000  inc=-2.223252  bucket 0->0  (mf=1000)
[MF-SEL] tPrev=(  d=0.000671  dMin=0.000000  dAvg=0.017822  dMax=5.671441  Dlo=0.008911  Dhi=2.844631  err=-1.000000  inc=-2.225623  bucket 0->0  (mf=1000)
[MF-SEL] tPrev=(  d=0.000035  dMin=0.000000  dAvg=0.017801  dMax=5.671441  Dlo=0.008900  Dhi=2.844621  err=-1.000000  inc=-2.228373  bucket 0->0  (mf=1000)
[MF-SEL] tPrev=(  d=0.000155  dMin=0.000000  dAvg=0.017780  dMax=5.671441  Dlo=0.008890  Dhi=2.844610  err=-1.000000  inc=-2.230592  bucket 0->0  (mf=1000)
[MF-SEL] tPrev=(  d=0.000157  dMin=0.000000  dAvg=0.017759  dMax=5.671441  Dlo=0.008879  Dhi=2.844600  err=-1.000000  inc=-2.233129  bucket 0->0  (mf=1000)
[MF-SEL] tPrev=(  d=0.000158  dMin=0.000000  dAvg=0.017738  dMax=5.671441  Dlo=0.008869  Dhi=2.844589  err=-1.000000  inc=-2.235531  bucket 0->0  (mf=1000)
[MF-SEL] tPrev=(  d=0.000140  dMin=0.000000  dAvg=0.017717  dMax=5.671441  Dlo=0.008859  Dhi=2.844579  err=-1.000000  inc=-2.237927  bucket 0->0  (mf=1000)
[MF-SEL] tPrev=(  d=0.000169  dMin=0.000000  dAvg=0.017696  dMax=5.671441  Dlo=0.008848  Dhi=2.844569  err=-1.000000  inc=-2.240382  bucket 0->0  (mf=1000)
[MF-SEL] tPrev=(  d=0.000162  dMin=0.000000  dAvg=0.017676  dMax=5.671441  Dlo=0.008838  Dhi=2.844558  err=-1.000000  inc=-2.242939  bucket 0->0  (mf=1000)
[MF-SEL] tPrev=(  d=0.000077  dMin=0.000000  dAvg=0.017655  dMax=5.671441  Dlo=0.008827  Dhi=2.844548  err=-1.000000  inc=-2.245110  bucket 0->0  (mf=1000)
[MF-SEL] tPrev=(  d=0.000033  dMin=0.000000  dAvg=0.017634  dMax=5.671441  Dlo=0.008817  Dhi=2.844537  err=-1.000000  inc=-2.247550  bucket 0->0  (mf=1000)
[MF-SEL] tPrev=(  d=0.000470  dMin=0.000000  dAvg=0.017614  dMax=5.671441  Dlo=0.008807  Dhi=2.844527  err=-1.000000  inc=-2.249869  bucket 0->0  (mf=1000)
[MF-SEL] tPrev=(  d=0.000191  dMin=0.000000  dAvg=0.017594  dMax=5.671441  Dlo=0.008797  Dhi=2.844517  err=-1.000000  inc=-2.252523  bucket 0->0  (mf=1000)
[MF-SEL] tPrev=(  d=0.000191  dMin=0.000000  dAvg=0.017573  dMax=5.671441  Dlo=0.008787  Dhi=2.844507  err=-1.000000  inc=-2.254915  bucket 0->0  (mf=1000)
[MF-SEL] tPrev=(  d=0.000205  dMin=0.000000  dAvg=0.017553  dMax=5.671441  Dlo=0.008776  Dhi=2.844497  err=-1.000000  inc=-2.257626  bucket 0->0  (mf=1000)
[MF-SEL] tPrev=(  d=0.000126  dMin=0.000000  dAvg=0.017532  dMax=5.671441  Dlo=0.008766  Dhi=2.844486  err=-1.000000  inc=-2.259852  bucket 0->0  (mf=1000)
[MF-SEL] tPrev=(  d=0.000070  dMin=0.000000  dAvg=0.017512  dMax=5.671441  Dlo=0.008756  Dhi=2.844476  err=-1.000000  inc=-2.262303  bucket 0->0  (mf=1000)
[MF-SEL] tPrev=(  d=0.000056  dMin=0.000000  dAvg=0.017492  dMax=5.671441  Dlo=0.008746  Dhi=2.844466  err=-1.000000  inc=-2.264799  bucket 0->0  (mf=1000)
[MF-SEL] tPrev=(  d=0.000132  dMin=0.000000  dAvg=0.017471  dMax=5.671441  Dlo=0.008736  Dhi=2.844456  err=-1.000000  inc=-2.267185  bucket 0->0  (mf=1000)
[MF-SEL] tPrev=(  d=0.000102  dMin=0.000000  dAvg=0.017451  dMax=5.671441  Dlo=0.008726  Dhi=2.844446  err=-1.000000  inc=-2.269611  bucket 0->0  (mf=1000)
[MF-SEL] tPrev=(  d=0.000136  dMin=0.000000  dAvg=0.017431  dMax=5.671441  Dlo=0.008715  Dhi=2.844436  err=-1.000000  inc=-2.271746  bucket 0->0  (mf=1000)
[MF-SEL] tPrev=(  d=0.000647  dMin=0.000000  dAvg=0.017411  dMax=5.671441  Dlo=0.008706  Dhi=2.844426  err=-1.000000  inc=-2.273609  bucket 0->0  (mf=1000)
[MF-SEL] tPrev=(  d=0.000166  dMin=0.000000  dAvg=0.017391  dMax=5.671441  Dlo=0.008696  Dhi=2.844416  err=-1.000000  inc=-2.276418  bucket 0->0  (mf=1000)
[MF-SEL] tPrev=(  d=0.000135  dMin=0.000000  dAvg=0.017371  dMax=5.671441  Dlo=0.008686  Dhi=2.844406  err=-1.000000  inc=-2.278908  bucket 0->0  (mf=1000)
[MF-SEL] tPrev=(  d=0.000191  dMin=0.000000  dAvg=0.017351  dMax=5.671441  Dlo=0.008676  Dhi=2.844396  err=-1.000000  inc=-2.281273  bucket 0->0  (mf=1000)
[MF-SEL] tPrev=(  d=0.000216  dMin=0.000000  dAvg=0.017332  dMax=5.671441  Dlo=0.008666  Dhi=2.844386  err=-1.000000  inc=-2.283964  bucket 0->0  (mf=1000)
[MF-SEL] tPrev=(  d=0.000037  dMin=0.000000  dAvg=0.017312  dMax=5.671441  Dlo=0.008656  Dhi=2.844376  err=-1.000000  inc=-2.286198  bucket 0->0  (mf=1000)
[MF-SEL] tPrev=(  d=0.000080  dMin=0.000000  dAvg=0.017292  dMax=5.671441  Dlo=0.008646  Dhi=2.844366  err=-1.000000  inc=-2.288706  bucket 0->0  (mf=1000)
[MF-SEL] tPrev=(  d=0.000132  dMin=0.000000  dAvg=0.017272  dMax=5.671441  Dlo=0.008636  Dhi=2.844356  err=-1.000000  inc=-2.291139  bucket 0->0  (mf=1000)
[MF-SEL] tPrev=(  d=0.000111  dMin=0.000000  dAvg=0.017252  dMax=5.671441  Dlo=0.008626  Dhi=2.844346  err=-1.000000  inc=-2.293589  bucket 0->0  (mf=1000)
[MF-SEL] tPrev=(  d=0.000065  dMin=0.000000  dAvg=0.017232  dMax=5.671441  Dlo=0.008616  Dhi=2.844336  err=-1.000000  inc=-2.295477  bucket 0->0  (mf=1000)
[MF-SEL] tPrev=(  d=0.000071  dMin=0.000000  dAvg=0.017213  dMax=5.671441  Dlo=0.008606  Dhi=2.844327  err=-1.000000  inc=-2.297562  bucket 0->0  (mf=1000)
[MF-SEL] tPrev=(  d=0.001190  dMin=0.000000  dAvg=0.017194  dMax=5.671441  Dlo=0.008597  Dhi=2.844317  err=-1.000000  inc=-2.300144  bucket 0->0  (mf=1000)
[MF-SEL] tPrev=(  d=0.000301  dMin=0.000000  dAvg=0.017175  dMax=5.671441  Dlo=0.008587  Dhi=2.844308  err=-1.000000  inc=-2.302777  bucket 0->0  (mf=1000)
[MF-SEL] tPrev=(  d=0.000372  dMin=0.000000  dAvg=0.017156  dMax=5.671441  Dlo=0.008578  Dhi=2.844298  err=-1.000000  inc=-2.305133  bucket 0->0  (mf=1000)
[MF-SEL] tPrev=(  d=0.000308  dMin=0.000000  dAvg=0.017136  dMax=5.671441  Dlo=0.008568  Dhi=2.844288  err=-1.000000  inc=-2.307691  bucket 0->0  (mf=1000)
[MF-SEL] tPrev=(  d=0.000568  dMin=0.000000  dAvg=0.017117  dMax=5.671441  Dlo=0.008559  Dhi=2.844279  err=-1.000000  inc=-2.310097  bucket 0->0  (mf=1000)
[MF-SEL] tPrev=(  d=0.000656  dMin=0.000000  dAvg=0.017099  dMax=5.671441  Dlo=0.008549  Dhi=2.844270  err=-1.000000  inc=-2.312760  bucket 0->0  (mf=1000)
[MF-SEL] tPrev=(  d=0.000335  dMin=0.000000  dAvg=0.017079  dMax=5.671441  Dlo=0.008540  Dhi=2.844260  err=-1.000000  inc=-2.315034  bucket 0->0  (mf=1000)
[MF-SEL] tPrev=(  d=0.000196  dMin=0.000000  dAvg=0.017060  dMax=5.671441  Dlo=0.008530  Dhi=2.844250  err=-1.000000  inc=-2.317272  bucket 0->0  (mf=1000)
[MF-SEL] tPrev=(  d=0.000589  dMin=0.000000  dAvg=0.017042  dMax=5.671441  Dlo=0.008521  Dhi=2.844241  err=-1.000000  inc=-2.319903  bucket 0->0  (mf=1000)
[MF-SEL] tPrev=(  d=0.000584  dMin=0.000000  dAvg=0.017023  dMax=5.671441  Dlo=0.008511  Dhi=2.844232  err=-1.000000  inc=-2.322212  bucket 0->0  (mf=1000)
[MF-SEL] tPrev=(  d=0.001469  dMin=0.000000  dAvg=0.017005  dMax=5.671441  Dlo=0.008503  Dhi=2.844223  err=-1.000000  inc=-2.324753  bucket 0->0  (mf=1000)
[MF-SEL] tPrev=(  d=0.000411  dMin=0.000000  dAvg=0.016986  dMax=5.671441  Dlo=0.008493  Dhi=2.844213  err=-1.000000  inc=-2.327253  bucket 0->0  (mf=1000)
[MF-SEL] tPrev=(  d=0.000232  dMin=0.000000  dAvg=0.016967  dMax=5.671441  Dlo=0.008484  Dhi=2.844204  err=-1.000000  inc=-2.329726  bucket 0->0  (mf=1000)
[MF-SEL] tPrev=(  d=0.000186  dMin=0.000000  dAvg=0.016948  dMax=5.671441  Dlo=0.008474  Dhi=2.844194  err=-1.000000  inc=-2.332304  bucket 0->0  (mf=1000)
[MF-SEL] tPrev=(  d=0.000531  dMin=0.000000  dAvg=0.016930  dMax=5.671441  Dlo=0.008465  Dhi=2.844185  err=-1.000000  inc=-2.334479  bucket 0->0  (mf=1000)
[MF-SEL] tPrev=(  d=0.000715  dMin=0.000000  dAvg=0.016912  dMax=5.671441  Dlo=0.008456  Dhi=2.844176  err=-1.000000  inc=-2.336951  bucket 0->0  (mf=1000)
[MF-SEL] tPrev=(  d=0.000386  dMin=0.000000  dAvg=0.016893  dMax=5.671441  Dlo=0.008446  Dhi=2.844167  err=-1.000000  inc=-2.339488  bucket 0->0  (mf=1000)
[MF-SEL] tPrev=(  d=0.000345  dMin=0.000000  dAvg=0.016874  dMax=5.671441  Dlo=0.008437  Dhi=2.844157  err=-1.000000  inc=-2.341819  bucket 0->0  (mf=1000)
[MF-SEL] tPrev=(  d=0.000707  dMin=0.000000  dAvg=0.016856  dMax=5.671441  Dlo=0.008428  Dhi=2.844148  err=-1.000000  inc=-2.344530  bucket 0->0  (mf=1000)
[MF-SEL] tPrev=(  d=0.000283  dMin=0.000000  dAvg=0.016837  dMax=5.671441  Dlo=0.008419  Dhi=2.844139  err=-1.000000  inc=-2.346975  bucket 0->0  (mf=1000)
[MF-SEL] tPrev=(  d=0.000640  dMin=0.000000  dAvg=0.016819  dMax=5.671441  Dlo=0.008410  Dhi=2.844130  err=-1.000000  inc=-2.348929  bucket 0->0  (mf=1000)
[MF-SEL] tPrev=(  d=0.000475  dMin=0.000000  dAvg=0.016801  dMax=5.671441  Dlo=0.008400  Dhi=2.844121  err=-1.000000  inc=-2.351824  bucket 0->0  (mf=1000)
[MF-SEL] tPrev=(  d=0.001268  dMin=0.000000  dAvg=0.016784  dMax=5.671441  Dlo=0.008392  Dhi=2.844112  err=-1.000000  inc=-2.354270  bucket 0->0  (mf=1000)
[MF-SEL] tPrev=(  d=0.002452  dMin=0.000000  dAvg=0.016768  dMax=5.671441  Dlo=0.008384  Dhi=2.844104  err=-1.000000  inc=-2.356776  bucket 0->0  (mf=1000)
[MF-SEL] tPrev=(  d=0.003278  dMin=0.000000  dAvg=0.016752  dMax=5.671441  Dlo=0.008376  Dhi=2.844097  err=-1.000000  inc=-2.358907  bucket 0->0  (mf=1000)
[MF-SEL] tPrev=(  d=0.004484  dMin=0.000000  dAvg=0.016739  dMax=5.671441  Dlo=0.008369  Dhi=2.844090  err=-1.000000  inc=-2.361352  bucket 0->0  (mf=1000)
[MF-SEL] tPrev=(  d=0.004460  dMin=0.000000  dAvg=0.016725  dMax=5.671441  Dlo=0.008363  Dhi=2.844083  err=-1.000000  inc=-2.363868  bucket 0->0  (mf=1000)
[MF-SEL] tPrev=(  d=0.005152  dMin=0.000000  dAvg=0.016712  dMax=5.671441  Dlo=0.008356  Dhi=2.844076  err=-1.000000  inc=-2.366120  bucket 0->0  (mf=1000)
[MF-SEL] tPrev=(  d=0.005313  dMin=0.000000  dAvg=0.016700  dMax=5.671441  Dlo=0.008350  Dhi=2.844070  err=-1.000000  inc=-2.368866  bucket 0->0  (mf=1000)
[MF-SEL] tPrev=(  d=0.006824  dMin=0.000000  dAvg=0.016689  dMax=5.671441  Dlo=0.008344  Dhi=2.844065  err=-1.000000  inc=-2.371317  bucket 0->0  (mf=1000)
[MF-SEL] tPrev=(  d=0.007598  dMin=0.000000  dAvg=0.016678  dMax=5.671441  Dlo=0.008339  Dhi=2.844060  err=-1.000000  inc=-2.373641  bucket 0->0  (mf=1000)
[MF-SEL] tPrev=(  d=0.009493  dMin=0.000000  dAvg=0.016670  dMax=5.671441  Dlo=0.008335  Dhi=2.844056  err=0.000000  inc=-1.454178  bucket 0->0  (mf=1000)
[MF-SEL] tPrev=(  d=0.009751  dMin=0.000000  dAvg=0.016663  dMax=5.671441  Dlo=0.008331  Dhi=2.844052  err=0.000000  inc=-1.773641  bucket 0->0  (mf=1000)
[MF-SEL] tPrev=(  d=0.011278  dMin=0.000000  dAvg=0.016657  dMax=5.671441  Dlo=0.008328  Dhi=2.844049  err=0.000000  inc=-1.773641  bucket 0->0  (mf=1000)
[MF-SEL] tPrev=(  d=0.011953  dMin=0.000000  dAvg=0.016652  dMax=5.671441  Dlo=0.008326  Dhi=2.844046  err=0.000000  inc=-1.773641  bucket 0->0  (mf=1000)
[MF-SEL] tPrev=(  d=0.012870  dMin=0.000000  dAvg=0.016647  dMax=5.671441  Dlo=0.008324  Dhi=2.844044  err=0.000000  inc=-1.773641  bucket 0->0  (mf=1000)
[MF-SEL] tPrev=(  d=0.013577  dMin=0.000000  dAvg=0.016644  dMax=5.671441  Dlo=0.008322  Dhi=2.844042  err=0.000000  inc=-1.773641  bucket 0->0  (mf=1000)
[MF-SEL] tPrev=(  d=0.014850  dMin=0.000000  dAvg=0.016642  dMax=5.671441  Dlo=0.008321  Dhi=2.844041  err=0.000000  inc=-1.773641  bucket 0->0  (mf=1000)
[MF-SEL] tPrev=(  d=0.015001  dMin=0.000000  dAvg=0.016640  dMax=5.671441  Dlo=0.008320  Dhi=2.844040  err=0.000000  inc=-1.773641  bucket 0->0  (mf=1000)
[MF-SEL] tPrev=(  d=0.015576  dMin=0.000000  dAvg=0.016639  dMax=5.671441  Dlo=0.008320  Dhi=2.844040  err=0.000000  inc=-1.773641  bucket 0->0  (mf=1000)
[MF-SEL] tPrev=(  d=0.014882  dMin=0.000000  dAvg=0.016637  dMax=5.671441  Dlo=0.008319  Dhi=2.844039  err=0.000000  inc=-1.773641  bucket 0->0  (mf=1000)
[MF-SEL] tPrev=(  d=0.011752  dMin=0.000000  dAvg=0.016632  dMax=5.671441  Dlo=0.008316  Dhi=2.844036  err=0.000000  inc=-1.773641  bucket 0->0  (mf=1000)
[MF-SEL] tPrev=(  d=0.006518  dMin=0.000000  dAvg=0.016621  dMax=5.671441  Dlo=0.008310  Dhi=2.844031  err=-1.000000  inc=-2.697002  bucket 0->0  (mf=1000)
[MF-SEL] tPrev=(  d=0.001446  dMin=0.000000  dAvg=0.016604  dMax=5.671441  Dlo=0.008302  Dhi=2.844022  err=-1.000000  inc=-2.378508  bucket 0->0  (mf=1000)
[MF-SEL] tPrev=(  d=0.002851  dMin=0.000000  dAvg=0.016589  dMax=5.671441  Dlo=0.008295  Dhi=2.844015  err=-1.000000  inc=-2.381073  bucket 0->0  (mf=1000)
[MF-SEL] tPrev=(  d=0.005107  dMin=0.000000  dAvg=0.016577  dMax=5.671441  Dlo=0.008288  Dhi=2.844009  err=-1.000000  inc=-2.383524  bucket 0->0  (mf=1000)
[MF-SEL] tPrev=(  d=0.005429  dMin=0.000000  dAvg=0.016564  dMax=5.671441  Dlo=0.008282  Dhi=2.844003  err=-1.000000  inc=-2.385931  bucket 0->0  (mf=1000)
[MF-SEL] tPrev=(  d=0.002494  dMin=0.000000  dAvg=0.016549  dMax=5.671441  Dlo=0.008275  Dhi=2.843995  err=-1.000000  inc=-2.388516  bucket 0->0  (mf=1000)
[MF-SEL] tPrev=(  d=0.004945  dMin=0.000000  dAvg=0.016537  dMax=5.671441  Dlo=0.008268  Dhi=2.843989  err=-1.000000  inc=-2.390669  bucket 0->0  (mf=1000)
[MF-SEL] tPrev=(  d=0.009353  dMin=0.000000  dAvg=0.016529  dMax=5.671441  Dlo=0.008264  Dhi=2.843985  err=0.000000  inc=-1.476767  bucket 0->0  (mf=1000)
[MF-SEL] tPrev=(  d=0.013095  dMin=0.000000  dAvg=0.016525  dMax=5.671441  Dlo=0.008262  Dhi=2.843983  err=0.000000  inc=-1.790669  bucket 0->0  (mf=1000)
[MF-SEL] tPrev=(  d=0.017265  dMin=0.000000  dAvg=0.016526  dMax=5.671441  Dlo=0.008263  Dhi=2.843983  err=0.000000  inc=-1.790669  bucket 0->0  (mf=1000)
[MF-SEL] tPrev=(  d=0.021443  dMin=0.000000  dAvg=0.016531  dMax=5.671441  Dlo=0.008266  Dhi=2.843986  err=0.000000  inc=-1.790669  bucket 0->0  (mf=1000)
[MF-SEL] tPrev=(  d=0.024738  dMin=0.000000  dAvg=0.016540  dMax=5.671441  Dlo=0.008270  Dhi=2.843990  err=0.000000  inc=-1.790669  bucket 0->0  (mf=1000)
[MF-SEL] tPrev=(  d=0.025848  dMin=0.000000  dAvg=0.016550  dMax=5.671441  Dlo=0.008275  Dhi=2.843995  err=0.000000  inc=-1.790669  bucket 0->0  (mf=1000)
[MF-SEL] tPrev=(  d=0.025921  dMin=0.000000  dAvg=0.016560  dMax=5.671441  Dlo=0.008280  Dhi=2.844000  err=0.000000  inc=-1.790669  bucket 0->0  (mf=1000)
[MF-SEL] tPrev=(  d=0.025323  dMin=0.000000  dAvg=0.016570  dMax=5.671441  Dlo=0.008285  Dhi=2.844005  err=0.000000  inc=-1.790669  bucket 0->0  (mf=1000)
[MF-SEL] tPrev=(  d=0.024704  dMin=0.000000  dAvg=0.016578  dMax=5.671441  Dlo=0.008289  Dhi=2.844009  err=0.000000  inc=-1.790669  bucket 0->0  (mf=1000)
[MF-SEL] tPrev=(  d=0.023606  dMin=0.000000  dAvg=0.016586  dMax=5.671441  Dlo=0.008293  Dhi=2.844013  err=0.000000  inc=-1.790669  bucket 0->0  (mf=1000)
[MF-SEL] tPrev=(  d=0.021513  dMin=0.000000  dAvg=0.016591  dMax=5.671441  Dlo=0.008296  Dhi=2.844016  err=0.000000  inc=-1.790669  bucket 0->0  (mf=1000)
[MF-SEL] tPrev=(  d=0.018036  dMin=0.000000  dAvg=0.016593  dMax=5.671441  Dlo=0.008296  Dhi=2.844017  err=0.000000  inc=-1.790669  bucket 0->0  (mf=1000)
[MF-SEL] tPrev=(  d=0.014213  dMin=0.000000  dAvg=0.016590  dMax=5.671441  Dlo=0.008295  Dhi=2.844015  err=0.000000  inc=-1.790669  bucket 0->0  (mf=1000)
[MF-SEL] tPrev=(  d=0.010308  dMin=0.000000  dAvg=0.016584  dMax=5.671441  Dlo=0.008292  Dhi=2.844012  err=0.000000  inc=-1.790669  bucket 0->0  (mf=1000)
[MF-SEL] tPrev=(  d=0.007355  dMin=0.000000  dAvg=0.016574  dMax=5.671441  Dlo=0.008287  Dhi=2.844007  err=-1.000000  inc=-2.737645  bucket 0->0  (mf=1000)
[MF-SEL] tPrev=(  d=0.005429  dMin=0.000000  dAvg=0.016562  dMax=5.671441  Dlo=0.008281  Dhi=2.844001  err=-1.000000  inc=-2.395448  bucket 0->0  (mf=1000)
[MF-SEL] tPrev=(  d=0.005432  dMin=0.000000  dAvg=0.016550  dMax=5.671441  Dlo=0.008275  Dhi=2.843995  err=-1.000000  inc=-2.397865  bucket 0->0  (mf=1000)
[MF-SEL] tPrev=(  d=0.005029  dMin=0.000000  dAvg=0.016538  dMax=5.671441  Dlo=0.008269  Dhi=2.843989  err=-1.000000  inc=-2.400327  bucket 0->0  (mf=1000)
[MF-SEL] tPrev=(  d=0.004958  dMin=0.000000  dAvg=0.016525  dMax=5.671441  Dlo=0.008263  Dhi=2.843983  err=-1.000000  inc=-2.402390  bucket 0->0  (mf=1000)
[MF-SEL] tPrev=(  d=0.004861  dMin=0.000000  dAvg=0.016513  dMax=5.671441  Dlo=0.008256  Dhi=2.843977  err=-1.000000  inc=-2.404928  bucket 0->0  (mf=1000)
[MF-SEL] tPrev=(  d=0.005256  dMin=0.000000  dAvg=0.016501  dMax=5.671441  Dlo=0.008250  Dhi=2.843971  err=-1.000000  inc=-2.407481  bucket 0->0  (mf=1000)
[MF-SEL] tPrev=(  d=0.005529  dMin=0.000000  dAvg=0.016489  dMax=5.671441  Dlo=0.008245  Dhi=2.843965  err=-1.000000  inc=-2.409633  bucket 0->0  (mf=1000)
[MF-SEL] tPrev=(  d=0.006582  dMin=0.000000  dAvg=0.016479  dMax=5.671441  Dlo=0.008239  Dhi=2.843960  err=-1.000000  inc=-2.412414  bucket 0->0  (mf=1000)
[MF-SEL] tPrev=(  d=0.007590  dMin=0.000000  dAvg=0.016469  dMax=5.671441  Dlo=0.008235  Dhi=2.843955  err=-1.000000  inc=-2.414732  bucket 0->0  (mf=1000)
[MF-SEL] tPrev=(  d=0.008292  dMin=0.000000  dAvg=0.016461  dMax=5.671441  Dlo=0.008230  Dhi=2.843951  err=0.000000  inc=-1.468343  bucket 0->0  (mf=1000)
[MF-SEL] tPrev=(  d=0.012378  dMin=0.000000  dAvg=0.016456  dMax=5.671441  Dlo=0.008228  Dhi=2.843948  err=0.000000  inc=-1.814732  bucket 0->0  (mf=1000)
[MF-SEL] tPrev=(  d=0.009573  dMin=0.000000  dAvg=0.016449  dMax=5.671441  Dlo=0.008224  Dhi=2.843945  err=0.000000  inc=-1.814732  bucket 0->0  (mf=1000)
[MF-SEL] tPrev=(  d=0.009185  dMin=0.000000  dAvg=0.016441  dMax=5.671441  Dlo=0.008221  Dhi=2.843941  err=0.000000  inc=-1.814732  bucket 0->0  (mf=1000)
[MF-SEL] tPrev=(  d=0.007970  dMin=0.000000  dAvg=0.016432  dMax=5.671441  Dlo=0.008216  Dhi=2.843936  err=-1.000000  inc=-2.737371  bucket 0->0  (mf=1000)
[MF-SEL] tPrev=(  d=0.005816  dMin=0.000000  dAvg=0.016421  dMax=5.671441  Dlo=0.008211  Dhi=2.843931  err=-1.000000  inc=-2.419398  bucket 0->0  (mf=1000)
[MF-SEL] tPrev=(  d=0.005892  dMin=0.000000  dAvg=0.016410  dMax=5.671441  Dlo=0.008205  Dhi=2.843925  err=-1.000000  inc=-2.421831  bucket 0->0  (mf=1000)
[MF-SEL] tPrev=(  d=0.006871  dMin=0.000000  dAvg=0.016400  dMax=5.671441  Dlo=0.008200  Dhi=2.843920  err=-1.000000  inc=-2.424327  bucket 0->0  (mf=1000)
[MF-SEL] tPrev=(  d=0.008786  dMin=0.000000  dAvg=0.016392  dMax=5.671441  Dlo=0.008196  Dhi=2.843916  err=0.000000  inc=-1.487308  bucket 0->0  (mf=1000)
[MF-SEL] tPrev=(  d=0.010453  dMin=0.000000  dAvg=0.016386  dMax=5.671441  Dlo=0.008193  Dhi=2.843913  err=0.000000  inc=-1.824327  bucket 0->0  (mf=1000)
[MF-SEL] tPrev=(  d=0.012452  dMin=0.000000  dAvg=0.016382  dMax=5.671441  Dlo=0.008191  Dhi=2.843911  err=0.000000  inc=-1.824327  bucket 0->0  (mf=1000)
[MF-SEL] tPrev=(  d=0.015194  dMin=0.000000  dAvg=0.016380  dMax=5.671441  Dlo=0.008190  Dhi=2.843911  err=0.000000  inc=-1.824327  bucket 0->0  (mf=1000)
[MF-SEL] tPrev=(  d=0.014121  dMin=0.000000  dAvg=0.016378  dMax=5.671441  Dlo=0.008189  Dhi=2.843909  err=0.000000  inc=-1.824327  bucket 0->0  (mf=1000)
[MF-SEL] tPrev=(  d=0.011345  dMin=0.000000  dAvg=0.016373  dMax=5.671441  Dlo=0.008186  Dhi=2.843907  err=0.000000  inc=-1.824327  bucket 0->0  (mf=1000)
[MF-SEL] tPrev=(  d=0.008379  dMin=0.000000  dAvg=0.016364  dMax=5.671441  Dlo=0.008182  Dhi=2.843903  err=0.000000  inc=-1.824327  bucket 0->0  (mf=1000)
[MF-SEL] tPrev=(  d=0.007101  dMin=0.000000  dAvg=0.016355  dMax=5.671441  Dlo=0.008177  Dhi=2.843898  err=-1.000000  inc=-2.760161  bucket 0->0  (mf=1000)
[MF-SEL] tPrev=(  d=0.008117  dMin=0.000000  dAvg=0.016346  dMax=5.671441  Dlo=0.008173  Dhi=2.843893  err=-1.000000  inc=-2.428952  bucket 0->0  (mf=1000)
[MF-SEL] tPrev=(  d=0.009066  dMin=0.000000  dAvg=0.016339  dMax=5.671441  Dlo=0.008169  Dhi=2.843890  err=0.000000  inc=-1.520118  bucket 0->0  (mf=1000)
[MF-SEL] tPrev=(  d=0.009619  dMin=0.000000  dAvg=0.016332  dMax=5.671441  Dlo=0.008166  Dhi=2.843886  err=0.000000  inc=-1.828952  bucket 0->0  (mf=1000)
[MF-SEL] tPrev=(  d=0.009946  dMin=0.000000  dAvg=0.016325  dMax=5.671441  Dlo=0.008163  Dhi=2.843883  err=0.000000  inc=-1.828952  bucket 0->0  (mf=1000)
[MF-SEL] tPrev=(  d=0.009060  dMin=0.000000  dAvg=0.016317  dMax=5.671441  Dlo=0.008159  Dhi=2.843879  err=0.000000  inc=-1.828952  bucket 0->0  (mf=1000)
[MF-SEL] tPrev=(  d=0.007983  dMin=0.000000  dAvg=0.016309  dMax=5.671441  Dlo=0.008154  Dhi=2.843875  err=-1.000000  inc=-2.762370  bucket 0->0  (mf=1000)
[MF-SEL] tPrev=(  d=0.007143  dMin=0.000000  dAvg=0.016299  dMax=5.671441  Dlo=0.008150  Dhi=2.843870  err=-1.000000  inc=-2.433888  bucket 0->0  (mf=1000)
[MF-SEL] tPrev=(  d=0.008118  dMin=0.000000  dAvg=0.016291  dMax=5.671441  Dlo=0.008145  Dhi=2.843866  err=-1.000000  inc=-2.436072  bucket 0->0  (mf=1000)
[MF-SEL] tPrev=(  d=0.010151  dMin=0.000000  dAvg=0.016285  dMax=5.671441  Dlo=0.008142  Dhi=2.843863  err=0.000000  inc=-1.520234  bucket 0->0  (mf=1000)
[MF-SEL] tPrev=(  d=0.012304  dMin=0.000000  dAvg=0.016280  dMax=5.671441  Dlo=0.008140  Dhi=2.843861  err=0.000000  inc=-1.836072  bucket 0->0  (mf=1000)
[MF-SEL] tPrev=(  d=0.013435  dMin=0.000000  dAvg=0.016278  dMax=5.671441  Dlo=0.008139  Dhi=2.843859  err=0.000000  inc=-1.836072  bucket 0->0  (mf=1000)
[MF-SEL] tPrev=(  d=0.014474  dMin=0.000000  dAvg=0.016276  dMax=5.671441  Dlo=0.008138  Dhi=2.843858  err=0.000000  inc=-1.836072  bucket 0->0  (mf=1000)
[MF-SEL] tPrev=(  d=0.015094  dMin=0.000000  dAvg=0.016274  dMax=5.671441  Dlo=0.008137  Dhi=2.843858  err=0.000000  inc=-1.836072  bucket 0->0  (mf=1000)
[MF-SEL] tPrev=(  d=0.015406  dMin=0.000000  dAvg=0.016274  dMax=5.671441  Dlo=0.008137  Dhi=2.843857  err=0.000000  inc=-1.836072  bucket 0->0  (mf=1000)
[MF-SEL] tPrev=(  d=0.015014  dMin=0.000000  dAvg=0.016272  dMax=5.671441  Dlo=0.008136  Dhi=2.843856  err=0.000000  inc=-1.836072  bucket 0->0  (mf=1000)
[MF-SEL] tPrev=(  d=0.014583  dMin=0.000000  dAvg=0.016271  dMax=5.671441  Dlo=0.008135  Dhi=2.843856  err=0.000000  inc=-1.836072  bucket 0->0  (mf=1000)
[MF-SEL] tPrev=(  d=0.012789  dMin=0.000000  dAvg=0.016267  dMax=5.671441  Dlo=0.008133  Dhi=2.843854  err=0.000000  inc=-1.836072  bucket 0->0  (mf=1000)
[MF-SEL] tPrev=(  d=0.012104  dMin=0.000000  dAvg=0.016263  dMax=5.671441  Dlo=0.008131  Dhi=2.843852  err=0.000000  inc=-1.836072  bucket 0->0  (mf=1000)
[MF-SEL] tPrev=(  d=0.011573  dMin=0.000000  dAvg=0.016258  dMax=5.671441  Dlo=0.008129  Dhi=2.843849  err=0.000000  inc=-1.836072  bucket 0->0  (mf=1000)
[MF-SEL] tPrev=(  d=0.011410  dMin=0.000000  dAvg=0.016253  dMax=5.671441  Dlo=0.008126  Dhi=2.843847  err=0.000000  inc=-1.836072  bucket 0->0  (mf=1000)
[MF-SEL] tPrev=(  d=0.012154  dMin=0.000000  dAvg=0.016249  dMax=5.671441  Dlo=0.008124  Dhi=2.843845  err=0.000000  inc=-1.836072  bucket 0->0  (mf=1000)
[MF-SEL] tPrev=(  d=0.012937  dMin=0.000000  dAvg=0.016245  dMax=5.671441  Dlo=0.008123  Dhi=2.843843  err=0.000000  inc=-1.836072  bucket 0->0  (mf=1000)
[MF-SEL] tPrev=(  d=0.014297  dMin=0.000000  dAvg=0.016243  dMax=5.671441  Dlo=0.008122  Dhi=2.843842  err=0.000000  inc=-1.836072  bucket 0->0  (mf=1000)
[MF-SEL] tPrev=(  d=0.014412  dMin=0.000000  dAvg=0.016242  dMax=5.671441  Dlo=0.008121  Dhi=2.843841  err=0.000000  inc=-1.836072  bucket 0->0  (mf=1000)
[MF-SEL] tPrev=(  d=0.014389  dMin=0.000000  dAvg=0.016240  dMax=5.671441  Dlo=0.008120  Dhi=2.843840  err=0.000000  inc=-1.836072  bucket 0->0  (mf=1000)
[MF-SEL] tPrev=(  d=0.014174  dMin=0.000000  dAvg=0.016238  dMax=5.671441  Dlo=0.008119  Dhi=2.843839  err=0.000000  inc=-1.836072  bucket 0->0  (mf=1000)
[MF-SEL] tPrev=(  d=0.014735  dMin=0.000000  dAvg=0.016236  dMax=5.671441  Dlo=0.008118  Dhi=2.843838  err=0.000000  inc=-1.836072  bucket 0->0  (mf=1000)
[MF-SEL] tPrev=(  d=0.015643  dMin=0.000000  dAvg=0.016235  dMax=5.671441  Dlo=0.008118  Dhi=2.843838  err=0.000000  inc=-1.836072  bucket 0->0  (mf=1000)
[MF-SEL] tPrev=(  d=0.015216  dMin=0.000000  dAvg=0.016234  dMax=5.671441  Dlo=0.008117  Dhi=2.843838  err=0.000000  inc=-1.836072  bucket 0->0  (mf=1000)
[MF-SEL] tPrev=(  d=0.016647  dMin=0.000000  dAvg=0.016235  dMax=5.671441  Dlo=0.008117  Dhi=2.843838  err=0.000000  inc=-1.836072  bucket 0->0  (mf=1000)
[MF-SEL] tPrev=(  d=0.016558  dMin=0.000000  dAvg=0.016235  dMax=5.671441  Dlo=0.008118  Dhi=2.843838  err=0.000000  inc=-1.836072  bucket 0->0  (mf=1000)
[MF-SEL] tPrev=(  d=0.016182  dMin=0.000000  dAvg=0.016235  dMax=5.671441  Dlo=0.008118  Dhi=2.843838  err=0.000000  inc=-1.836072  bucket 0->0  (mf=1000)
[MF-SEL] tPrev=(  d=0.015831  dMin=0.000000  dAvg=0.016235  dMax=5.671441  Dlo=0.008117  Dhi=2.843838  err=0.000000  inc=-1.836072  bucket 0->0  (mf=1000)
[MF-SEL] tPrev=(  d=0.028448  dMin=0.000000  dAvg=0.016247  dMax=5.671441  Dlo=0.008123  Dhi=2.843844  err=0.000000  inc=-1.836072  bucket 0->0  (mf=1000)
[MF-SEL] tPrev=(  d=0.015717  dMin=0.000000  dAvg=0.016246  dMax=5.671441  Dlo=0.008123  Dhi=2.843844  err=0.000000  inc=-1.836072  bucket 0->0  (mf=1000)
[MF-SEL] tPrev=(  d=0.016408  dMin=0.000000  dAvg=0.016247  dMax=5.671441  Dlo=0.008123  Dhi=2.843844  err=0.000000  inc=-1.836072  bucket 0->0  (mf=1000)
[MF-SEL] tPrev=(  d=0.016991  dMin=0.000000  dAvg=0.016247  dMax=5.671441  Dlo=0.008124  Dhi=2.843844  err=0.000000  inc=-1.836072  bucket 0->0  (mf=1000)
[MF-SEL] tPrev=(  d=0.022312  dMin=0.000000  dAvg=0.016253  dMax=5.671441  Dlo=0.008127  Dhi=2.843847  err=0.000000  inc=-1.836072  bucket 0->0  (mf=1000)
[MF-SEL] tPrev=(  d=0.019929  dMin=0.000000  dAvg=0.016257  dMax=5.671441  Dlo=0.008129  Dhi=2.843849  err=0.000000  inc=-1.836072  bucket 0->0  (mf=1000)
[MF-SEL] tPrev=(  d=0.021336  dMin=0.000000  dAvg=0.016262  dMax=5.671441  Dlo=0.008131  Dhi=2.843851  err=0.000000  inc=-1.836072  bucket 0->0  (mf=1000)
[MF-SEL] tPrev=(  d=0.022778  dMin=0.000000  dAvg=0.016269  dMax=5.671441  Dlo=0.008134  Dhi=2.843855  err=0.000000  inc=-1.836072  bucket 0->0  (mf=1000)
[MF-SEL] tPrev=(  d=0.031930  dMin=0.000000  dAvg=0.016284  dMax=5.671441  Dlo=0.008142  Dhi=2.843862  err=0.000000  inc=-1.836072  bucket 0->0  (mf=1000)
[MF-SEL] tPrev=(  d=0.025839  dMin=0.000000  dAvg=0.016294  dMax=5.671441  Dlo=0.008147  Dhi=2.843867  err=0.000000  inc=-1.836072  bucket 0->0  (mf=1000)
[MF-SEL] tPrev=(  d=0.027015  dMin=0.000000  dAvg=0.016305  dMax=5.671441  Dlo=0.008152  Dhi=2.843873  err=0.000000  inc=-1.836072  bucket 0->0  (mf=1000)
[MF-SEL] tPrev=(  d=0.027454  dMin=0.000000  dAvg=0.016316  dMax=5.671441  Dlo=0.008158  Dhi=2.843878  err=0.000000  inc=-1.836072  bucket 0->0  (mf=1000)
[MF-SEL] tPrev=(  d=0.033495  dMin=0.000000  dAvg=0.016333  dMax=5.671441  Dlo=0.008166  Dhi=2.843887  err=0.000000  inc=-1.836072  bucket 0->0  (mf=1000)
[MF-SEL] tPrev=(  d=0.025903  dMin=0.000000  dAvg=0.016342  dMax=5.671441  Dlo=0.008171  Dhi=2.843891  err=0.000000  inc=-1.836072  bucket 0->0  (mf=1000)
[MF-SEL] tPrev=(  d=0.025599  dMin=0.000000  dAvg=0.016352  dMax=5.671441  Dlo=0.008176  Dhi=2.843896  err=0.000000  inc=-1.836072  bucket 0->0  (mf=1000)
[MF-SEL] tPrev=(  d=0.027984  dMin=0.000000  dAvg=0.016363  dMax=5.671441  Dlo=0.008182  Dhi=2.843902  err=0.000000  inc=-1.836072  bucket 0->0  (mf=1000)
[MF-SEL] tPrev=(  d=0.026599  dMin=0.000000  dAvg=0.016373  dMax=5.671441  Dlo=0.008187  Dhi=2.843907  err=0.000000  inc=-1.836072  bucket 0->0  (mf=1000)
[MF-SEL] tPrev=(  d=0.026913  dMin=0.000000  dAvg=0.016384  dMax=5.671441  Dlo=0.008192  Dhi=2.843912  err=0.000000  inc=-1.836072  bucket 0->0  (mf=1000)
[MF-SEL] tPrev=(  d=0.037579  dMin=0.000000  dAvg=0.016405  dMax=5.671441  Dlo=0.008202  Dhi=2.843923  err=0.000000  inc=-1.836072  bucket 0->0  (mf=1000)
[MF-SEL] tPrev=(  d=0.027729  dMin=0.000000  dAvg=0.016416  dMax=5.671441  Dlo=0.008208  Dhi=2.843928  err=0.000000  inc=-1.836072  bucket 0->0  (mf=1000)
[MF-SEL] tPrev=(  d=0.027227  dMin=0.000000  dAvg=0.016426  dMax=5.671441  Dlo=0.008213  Dhi=2.843934  err=0.000000  inc=-1.836072  bucket 0->0  (mf=1000)
[MF-SEL] tPrev=(  d=0.035819  dMin=0.000000  dAvg=0.016446  dMax=5.671441  Dlo=0.008223  Dhi=2.843943  err=0.000000  inc=-1.836072  bucket 0->0  (mf=1000)
[MF-SEL] tPrev=(  d=0.027680  dMin=0.000000  dAvg=0.016457  dMax=5.671441  Dlo=0.008228  Dhi=2.843949  err=0.000000  inc=-1.836072  bucket 0->0  (mf=1000)
[MF-SEL] tPrev=(  d=0.028337  dMin=0.000000  dAvg=0.016468  dMax=5.671441  Dlo=0.008234  Dhi=2.843954  err=0.000000  inc=-1.836072  bucket 0->0  (mf=1000)
[MF-SEL] tPrev=(  d=0.034796  dMin=0.000000  dAvg=0.016486  dMax=5.671441  Dlo=0.008243  Dhi=2.843963  err=0.000000  inc=-1.836072  bucket 0->0  (mf=1000)
[MF-SEL] tPrev=(  d=0.029165  dMin=0.000000  dAvg=0.016499  dMax=5.671441  Dlo=0.008249  Dhi=2.843970  err=0.000000  inc=-1.836072  bucket 0->0  (mf=1000)
[MF-SEL] tPrev=(  d=0.028726  dMin=0.000000  dAvg=0.016511  dMax=5.671441  Dlo=0.008255  Dhi=2.843976  err=0.000000  inc=-1.836072  bucket 0->0  (mf=1000)
[MF-SEL] tPrev=(  d=0.028593  dMin=0.000000  dAvg=0.016523  dMax=5.671441  Dlo=0.008261  Dhi=2.843982  err=0.000000  inc=-1.836072  bucket 0->0  (mf=1000)
[MF-SEL] tPrev=(  d=0.028518  dMin=0.000000  dAvg=0.016534  dMax=5.671441  Dlo=0.008267  Dhi=2.843988  err=0.000000  inc=-1.836072  bucket 0->0  (mf=1000)
[MF-SEL] tPrev=(  d=0.028361  dMin=0.000000  dAvg=0.016546  dMax=5.671441  Dlo=0.008273  Dhi=2.843993  err=0.000000  inc=-1.836072  bucket 0->0  (mf=1000)
[MF-SEL] tPrev=(  d=0.033845  dMin=0.000000  dAvg=0.016563  dMax=5.671441  Dlo=0.008281  Dhi=2.844002  err=0.000000  inc=-1.836072  bucket 0->0  (mf=1000)
[MF-SEL] tPrev=(  d=0.028286  dMin=0.000000  dAvg=0.016574  dMax=5.671441  Dlo=0.008287  Dhi=2.844007  err=0.000000  inc=-1.836072  bucket 0->0  (mf=1000)
[MF-SEL] tPrev=(  d=0.028598  dMin=0.000000  dAvg=0.016586  dMax=5.671441  Dlo=0.008293  Dhi=2.844013  err=0.000000  inc=-1.836072  bucket 0->0  (mf=1000)
[MF-SEL] tPrev=(  d=0.029167  dMin=0.000000  dAvg=0.016598  dMax=5.671441  Dlo=0.008299  Dhi=2.844019  err=0.000000  inc=-1.836072  bucket 0->0  (mf=1000)
[MF-SEL] tPrev=(  d=0.029533  dMin=0.000000  dAvg=0.016611  dMax=5.671441  Dlo=0.008305  Dhi=2.844026  err=0.000000  inc=-1.836072  bucket 0->0  (mf=1000)
[MF-SEL] tPrev=(  d=0.029806  dMin=0.000000  dAvg=0.016624  dMax=5.671441  Dlo=0.008312  Dhi=2.844032  err=0.000000  inc=-1.836072  bucket 0->0  (mf=1000)
[MF-SEL] tPrev=(  d=0.029795  dMin=0.000000  dAvg=0.016637  dMax=5.671441  Dlo=0.008318  Dhi=2.844039  err=0.000000  inc=-1.836072  bucket 0->0  (mf=1000)
[MF-SEL] tPrev=(  d=0.029796  dMin=0.000000  dAvg=0.016649  dMax=5.671441  Dlo=0.008325  Dhi=2.844045  err=0.000000  inc=-1.836072  bucket 0->0  (mf=1000)
[MF-SEL] tPrev=(  d=0.029842  dMin=0.000000  dAvg=0.016662  dMax=5.671441  Dlo=0.008331  Dhi=2.844051  err=0.000000  inc=-1.836072  bucket 0->0  (mf=1000)
[MF-SEL] tPrev=(  d=0.029301  dMin=0.000000  dAvg=0.016674  dMax=5.671441  Dlo=0.008337  Dhi=2.844057  err=0.000000  inc=-1.836072  bucket 0->0  (mf=1000)
[MF-SEL] tPrev=(  d=0.029442  dMin=0.000000  dAvg=0.016687  dMax=5.671441  Dlo=0.008343  Dhi=2.844064  err=0.000000  inc=-1.836072  bucket 0->0  (mf=1000)
[MF-SEL] tPrev=(  d=0.032345  dMin=0.000000  dAvg=0.016702  dMax=5.671441  Dlo=0.008351  Dhi=2.844071  err=0.000000  inc=-1.836072  bucket 0->0  (mf=1000)
[MF-SEL] tPrev=(  d=0.030762  dMin=0.000000  dAvg=0.016715  dMax=5.671441  Dlo=0.008358  Dhi=2.844078  err=0.000000  inc=-1.836072  bucket 0->0  (mf=1000)
[MF-SEL] tPrev=(  d=0.030855  dMin=0.000000  dAvg=0.016729  dMax=5.671441  Dlo=0.008365  Dhi=2.844085  err=0.000000  inc=-1.836072  bucket 0->0  (mf=1000)
[MF-SEL] tPrev=(  d=0.030739  dMin=0.000000  dAvg=0.016743  dMax=5.671441  Dlo=0.008371  Dhi=2.844092  err=0.000000  inc=-1.836072  bucket 0->0  (mf=1000)
[MF-SEL] tPrev=(  d=0.029981  dMin=0.000000  dAvg=0.016755  dMax=5.671441  Dlo=0.008378  Dhi=2.844098  err=0.000000  inc=-1.836072  bucket 0->0  (mf=1000)
[MF-SEL] tPrev=(  d=0.029724  dMin=0.000000  dAvg=0.016768  dMax=5.671441  Dlo=0.008384  Dhi=2.844104  err=0.000000  inc=-1.836072  bucket 0->0  (mf=1000)
[MF-SEL] tPrev=(  d=0.029306  dMin=0.000000  dAvg=0.016780  dMax=5.671441  Dlo=0.008390  Dhi=2.844110  err=0.000000  inc=-1.836072  bucket 0->0  (mf=1000)
[MF-SEL] tPrev=(  d=0.026947  dMin=0.000000  dAvg=0.016790  dMax=5.671441  Dlo=0.008395  Dhi=2.844115  err=0.000000  inc=-1.836072  bucket 0->0  (mf=1000)
[MF-SEL] tPrev=(  d=0.027459  dMin=0.000000  dAvg=0.016800  dMax=5.671441  Dlo=0.008400  Dhi=2.844120  err=0.000000  inc=-1.836072  bucket 0->0  (mf=1000)
[MF-SEL] tPrev=(  d=0.027615  dMin=0.000000  dAvg=0.016810  dMax=5.671441  Dlo=0.008405  Dhi=2.844125  err=0.000000  inc=-1.836072  bucket 0->0  (mf=1000)
[MF-SEL] tPrev=(  d=0.024405  dMin=0.000000  dAvg=0.016818  dMax=5.671441  Dlo=0.008409  Dhi=2.844129  err=0.000000  inc=-1.836072  bucket 0->0  (mf=1000)
[MF-SEL] tPrev=(  d=0.029620  dMin=0.000000  dAvg=0.016830  dMax=5.671441  Dlo=0.008415  Dhi=2.844135  err=0.000000  inc=-1.836072  bucket 0->0  (mf=1000)
[MF-SEL] tPrev=(  d=0.029333  dMin=0.000000  dAvg=0.016842  dMax=5.671441  Dlo=0.008421  Dhi=2.844141  err=0.000000  inc=-1.836072  bucket 0->0  (mf=1000)
[MF-SEL] tPrev=(  d=0.029345  dMin=0.000000  dAvg=0.016854  dMax=5.671441  Dlo=0.008427  Dhi=2.844147  err=0.000000  inc=-1.836072  bucket 0->0  (mf=1000)
[MF-SEL] tPrev=(  d=0.028294  dMin=0.000000  dAvg=0.016865  dMax=5.671441  Dlo=0.008432  Dhi=2.844153  err=0.000000  inc=-1.836072  bucket 0->0  (mf=1000)
[MF-SEL] tPrev=(  d=0.027316  dMin=0.000000  dAvg=0.016875  dMax=5.671441  Dlo=0.008437  Dhi=2.844158  err=0.000000  inc=-1.836072  bucket 0->0  (mf=1000)
[MF-SEL] tPrev=(  d=0.026656  dMin=0.000000  dAvg=0.016884  dMax=5.671441  Dlo=0.008442  Dhi=2.844162  err=0.000000  inc=-1.836072  bucket 0->0  (mf=1000)
[MF-SEL] tPrev=(  d=0.023200  dMin=0.000000  dAvg=0.016890  dMax=5.671441  Dlo=0.008445  Dhi=2.844165  err=0.000000  inc=-1.836072  bucket 0->0  (mf=1000)
[MF-SEL] tPrev=(  d=0.022509  dMin=0.000000  dAvg=0.016895  dMax=5.671441  Dlo=0.008448  Dhi=2.844168  err=0.000000  inc=-1.836072  bucket 0->0  (mf=1000)
[MF-SEL] tPrev=(  d=0.012568  dMin=0.000000  dAvg=0.016891  dMax=5.671441  Dlo=0.008446  Dhi=2.844166  err=0.000000  inc=-1.836072  bucket 0->0  (mf=1000)
[MF-SEL] tPrev=(  d=0.025000  dMin=0.000000  dAvg=0.016899  dMax=5.671441  Dlo=0.008449  Dhi=2.844170  err=0.000000  inc=-1.836072  bucket 0->0  (mf=1000)
[MF-SEL] tPrev=(  d=0.024545  dMin=0.000000  dAvg=0.016906  dMax=5.671441  Dlo=0.008453  Dhi=2.844173  err=0.000000  inc=-1.836072  bucket 0->0  (mf=1000)
[MF-SEL] tPrev=(  d=0.024212  dMin=0.000000  dAvg=0.016913  dMax=5.671441  Dlo=0.008457  Dhi=2.844177  err=0.000000  inc=-1.836072  bucket 0->0  (mf=1000)
[MF-SEL] tPrev=(  d=0.024115  dMin=0.000000  dAvg=0.016920  dMax=5.671441  Dlo=0.008460  Dhi=2.844180  err=0.000000  inc=-1.836072  bucket 0->0  (mf=1000)
[MF-SEL] tPrev=(  d=0.024188  dMin=0.000000  dAvg=0.016927  dMax=5.671441  Dlo=0.008463  Dhi=2.844184  err=0.000000  inc=-1.836072  bucket 0->0  (mf=1000)
[MF-SEL] tPrev=(  d=0.024246  dMin=0.000000  dAvg=0.016934  dMax=5.671441  Dlo=0.008467  Dhi=2.844187  err=0.000000  inc=-1.836072  bucket 0->0  (mf=1000)
[MF-SEL] tPrev=(  d=0.024303  dMin=0.000000  dAvg=0.016941  dMax=5.671441  Dlo=0.008470  Dhi=2.844191  err=0.000000  inc=-1.836072  bucket 0->0  (mf=1000)
[MF-SEL] tPrev=(  d=0.023997  dMin=0.000000  dAvg=0.016947  dMax=5.671441  Dlo=0.008474  Dhi=2.844194  err=0.000000  inc=-1.836072  bucket 0->0  (mf=1000)
[MF-SEL] tPrev=(  d=0.023719  dMin=0.000000  dAvg=0.016954  dMax=5.671441  Dlo=0.008477  Dhi=2.844197  err=0.000000  inc=-1.836072  bucket 0->0  (mf=1000)
[MF-SEL] tPrev=(  d=0.005519  dMin=0.000000  dAvg=0.016943  dMax=5.671441  Dlo=0.008471  Dhi=2.844192  err=-1.000000  inc=-2.801620  bucket 0->0  (mf=1000)
[MF-SEL] tPrev=(  d=0.025519  dMin=0.000000  dAvg=0.016951  dMax=5.671441  Dlo=0.008475  Dhi=2.844196  err=0.000000  inc=-1.505082  bucket 0->0  (mf=1000)
[MF-SEL] tPrev=(  d=0.026064  dMin=0.000000  dAvg=0.016959  dMax=5.671441  Dlo=0.008480  Dhi=2.844200  err=0.000000  inc=-1.838274  bucket 0->0  (mf=1000)
[MF-SEL] tPrev=(  d=0.026600  dMin=0.000000  dAvg=0.016968  dMax=5.671441  Dlo=0.008484  Dhi=2.844205  err=0.000000  inc=-1.838274  bucket 0->0  (mf=1000)
[MF-SEL] tPrev=(  d=0.026456  dMin=0.000000  dAvg=0.016977  dMax=5.671441  Dlo=0.008489  Dhi=2.844209  err=0.000000  inc=-1.838274  bucket 0->0  (mf=1000)
[MF-SEL] tPrev=(  d=0.026351  dMin=0.000000  dAvg=0.016986  dMax=5.671441  Dlo=0.008493  Dhi=2.844213  err=0.000000  inc=-1.838274  bucket 0->0  (mf=1000)
[MF-SEL] tPrev=(  d=0.015635  dMin=0.000000  dAvg=0.016985  dMax=5.671441  Dlo=0.008492  Dhi=2.844213  err=0.000000  inc=-1.838274  bucket 0->0  (mf=1000)
[MF-SEL] tPrev=(  d=0.026077  dMin=0.000000  dAvg=0.016993  dMax=5.671441  Dlo=0.008497  Dhi=2.844217  err=0.000000  inc=-1.838274  bucket 0->0  (mf=1000)
[MF-SEL] tPrev=(  d=0.026122  dMin=0.000000  dAvg=0.017002  dMax=5.671441  Dlo=0.008501  Dhi=2.844221  err=0.000000  inc=-1.838274  bucket 0->0  (mf=1000)
[MF-SEL] tPrev=(  d=0.026426  dMin=0.000000  dAvg=0.017011  dMax=5.671441  Dlo=0.008505  Dhi=2.844226  err=0.000000  inc=-1.838274  bucket 0->0  (mf=1000)
[MF-SEL] tPrev=(  d=0.027012  dMin=0.000000  dAvg=0.017020  dMax=5.671441  Dlo=0.008510  Dhi=2.844230  err=0.000000  inc=-1.838274  bucket 0->0  (mf=1000)
[MF-SEL] tPrev=(  d=0.027852  dMin=0.000000  dAvg=0.017030  dMax=5.671441  Dlo=0.008515  Dhi=2.844235  err=0.000000  inc=-1.838274  bucket 0->0  (mf=1000)
[MF-SEL] tPrev=(  d=0.028478  dMin=0.000000  dAvg=0.017041  dMax=5.671441  Dlo=0.008520  Dhi=2.844241  err=0.000000  inc=-1.838274  bucket 0->0  (mf=1000)
[MF-SEL] tPrev=(  d=0.029689  dMin=0.000000  dAvg=0.017053  dMax=5.671441  Dlo=0.008526  Dhi=2.844247  err=0.000000  inc=-1.838274  bucket 0->0  (mf=1000)
[MF-SEL] tPrev=(  d=0.030598  dMin=0.000000  dAvg=0.017065  dMax=5.671441  Dlo=0.008533  Dhi=2.844253  err=0.000000  inc=-1.838274  bucket 0->0  (mf=1000)
[MF-SEL] tPrev=(  d=0.039448  dMin=0.000000  dAvg=0.017086  dMax=5.671441  Dlo=0.008543  Dhi=2.844263  err=0.000000  inc=-1.838274  bucket 0->0  (mf=1000)
[MF-SEL] tPrev=(  d=0.032105  dMin=0.000000  dAvg=0.017100  dMax=5.671441  Dlo=0.008550  Dhi=2.844270  err=0.000000  inc=-1.838274  bucket 0->0  (mf=1000)
[MF-SEL] tPrev=(  d=0.032445  dMin=0.000000  dAvg=0.017114  dMax=5.671441  Dlo=0.008557  Dhi=2.844277  err=0.000000  inc=-1.838274  bucket 0->0  (mf=1000)
[MF-SEL] tPrev=(  d=0.033011  dMin=0.000000  dAvg=0.017129  dMax=5.671441  Dlo=0.008564  Dhi=2.844285  err=0.000000  inc=-1.838274  bucket 0->0  (mf=1000)
[MF-SEL] tPrev=(  d=0.034006  dMin=0.000000  dAvg=0.017144  dMax=5.671441  Dlo=0.008572  Dhi=2.844292  err=0.000000  inc=-1.838274  bucket 0->0  (mf=1000)
[MF-SEL] tPrev=(  d=0.034851  dMin=0.000000  dAvg=0.017161  dMax=5.671441  Dlo=0.008580  Dhi=2.844301  err=0.000000  inc=-1.838274  bucket 0->0  (mf=1000)
[MF-SEL] tPrev=(  d=0.035208  dMin=0.000000  dAvg=0.017177  dMax=5.671441  Dlo=0.008589  Dhi=2.844309  err=0.000000  inc=-1.838274  bucket 0->0  (mf=1000)
[MF-SEL] tPrev=(  d=0.035937  dMin=0.000000  dAvg=0.017195  dMax=5.671441  Dlo=0.008597  Dhi=2.844318  err=0.000000  inc=-1.838274  bucket 0->0  (mf=1000)
[MF-SEL] tPrev=(  d=0.036484  dMin=0.000000  dAvg=0.017212  dMax=5.671441  Dlo=0.008606  Dhi=2.844326  err=0.000000  inc=-1.838274  bucket 0->0  (mf=1000)
[MF-SEL] tPrev=(  d=0.037024  dMin=0.000000  dAvg=0.017231  dMax=5.671441  Dlo=0.008615  Dhi=2.844336  err=0.000000  inc=-1.838274  bucket 0->0  (mf=1000)
[MF-SEL] tPrev=(  d=0.038633  dMin=0.000000  dAvg=0.017250  dMax=5.671441  Dlo=0.008625  Dhi=2.844345  err=0.000000  inc=-1.838274  bucket 0->0  (mf=1000)
[MF-SEL] tPrev=(  d=0.038175  dMin=0.000000  dAvg=0.017269  dMax=5.671441  Dlo=0.008635  Dhi=2.844355  err=0.000000  inc=-1.838274  bucket 0->0  (mf=1000)
[MF-SEL] tPrev=(  d=0.039411  dMin=0.000000  dAvg=0.017290  dMax=5.671441  Dlo=0.008645  Dhi=2.844365  err=0.000000  inc=-1.838274  bucket 0->0  (mf=1000)
[MF-SEL] tPrev=(  d=0.041007  dMin=0.000000  dAvg=0.017311  dMax=5.671441  Dlo=0.008656  Dhi=2.844376  err=0.000000  inc=-1.838274  bucket 0->0  (mf=1000)
[MF-SEL] tPrev=(  d=0.042202  dMin=0.000000  dAvg=0.017334  dMax=5.671441  Dlo=0.008667  Dhi=2.844387  err=0.000000  inc=-1.838274  bucket 0->0  (mf=1000)
[MF-SEL] tPrev=(  d=0.042720  dMin=0.000000  dAvg=0.017358  dMax=5.671441  Dlo=0.008679  Dhi=2.844399  err=0.000000  inc=-1.838274  bucket 0->0  (mf=1000)
[MF-SEL] tPrev=(  d=0.042773  dMin=0.000000  dAvg=0.017381  dMax=5.671441  Dlo=0.008690  Dhi=2.844411  err=0.000000  inc=-1.838274  bucket 0->0  (mf=1000)
[MF-SEL] tPrev=(  d=0.042443  dMin=0.000000  dAvg=0.017404  dMax=5.671441  Dlo=0.008702  Dhi=2.844422  err=0.000000  inc=-1.838274  bucket 0->0  (mf=1000)
[MF-SEL] tPrev=(  d=0.037856  dMin=0.000000  dAvg=0.017422  dMax=5.671441  Dlo=0.008711  Dhi=2.844431  err=0.000000  inc=-1.838274  bucket 0->0  (mf=1000)
[MF-SEL] tPrev=(  d=0.041688  dMin=0.000000  dAvg=0.017444  dMax=5.671441  Dlo=0.008722  Dhi=2.844443  err=0.000000  inc=-1.838274  bucket 0->0  (mf=1000)
[MF-SEL] tPrev=(  d=0.040792  dMin=0.000000  dAvg=0.017466  dMax=5.671441  Dlo=0.008733  Dhi=2.844453  err=0.000000  inc=-1.838274  bucket 0->0  (mf=1000)
[MF-SEL] tPrev=(  d=0.039726  dMin=0.000000  dAvg=0.017486  dMax=5.671441  Dlo=0.008743  Dhi=2.844463  err=0.000000  inc=-1.838274  bucket 0->0  (mf=1000)
[MF-SEL] tPrev=(  d=0.038951  dMin=0.000000  dAvg=0.017505  dMax=5.671441  Dlo=0.008753  Dhi=2.844473  err=0.000000  inc=-1.838274  bucket 0->0  (mf=1000)
[MF-SEL] tPrev=(  d=0.037809  dMin=0.000000  dAvg=0.017524  dMax=5.671441  Dlo=0.008762  Dhi=2.844482  err=0.000000  inc=-1.838274  bucket 0->0  (mf=1000)
[MF-SEL] tPrev=(  d=0.032775  dMin=0.000000  dAvg=0.017538  dMax=5.671441  Dlo=0.008769  Dhi=2.844489  err=0.000000  inc=-1.838274  bucket 0->0  (mf=1000)
[MF-SEL] tPrev=(  d=0.036467  dMin=0.000000  dAvg=0.017555  dMax=5.671441  Dlo=0.008777  Dhi=2.844498  err=0.000000  inc=-1.838274  bucket 0->0  (mf=1000)
[MF-SEL] tPrev=(  d=0.035984  dMin=0.000000  dAvg=0.017572  dMax=5.671441  Dlo=0.008786  Dhi=2.844506  err=0.000000  inc=-1.838274  bucket 0->0  (mf=1000)
[MF-SEL] tPrev=(  d=0.035836  dMin=0.000000  dAvg=0.017588  dMax=5.671441  Dlo=0.008794  Dhi=2.844514  err=0.000000  inc=-1.838274  bucket 0->0  (mf=1000)
[MF-SEL] tPrev=(  d=0.036147  dMin=0.000000  dAvg=0.017605  dMax=5.671441  Dlo=0.008802  Dhi=2.844523  err=0.000000  inc=-1.838274  bucket 0->0  (mf=1000)
[MF-SEL] tPrev=(  d=0.035693  dMin=0.000000  dAvg=0.017621  dMax=5.671441  Dlo=0.008811  Dhi=2.844531  err=0.000000  inc=-1.838274  bucket 0->0  (mf=1000)
[MF-SEL] tPrev=(  d=0.035245  dMin=0.000000  dAvg=0.017637  dMax=5.671441  Dlo=0.008819  Dhi=2.844539  err=0.000000  inc=-1.838274  bucket 0->0  (mf=1000)
[MF-SEL] tPrev=(  d=0.035108  dMin=0.000000  dAvg=0.017653  dMax=5.671441  Dlo=0.008826  Dhi=2.844547  err=0.000000  inc=-1.838274  bucket 0->0  (mf=1000)
[MF-SEL] tPrev=(  d=0.032000  dMin=0.000000  dAvg=0.017666  dMax=5.671441  Dlo=0.008833  Dhi=2.844553  err=0.000000  inc=-1.838274  bucket 0->0  (mf=1000)
[MF-SEL] tPrev=(  d=0.035216  dMin=0.000000  dAvg=0.017682  dMax=5.671441  Dlo=0.008841  Dhi=2.844561  err=0.000000  inc=-1.838274  bucket 0->0  (mf=1000)
[MF-SEL] tPrev=(  d=0.035328  dMin=0.000000  dAvg=0.017697  dMax=5.671441  Dlo=0.008849  Dhi=2.844569  err=0.000000  inc=-1.838274  bucket 0->0  (mf=1000)
[MF-SEL] tPrev=(  d=0.035591  dMin=0.000000  dAvg=0.017714  dMax=5.671441  Dlo=0.008857  Dhi=2.844577  err=0.000000  inc=-1.838274  bucket 0->0  (mf=1000)
[MF-SEL] tPrev=(  d=0.035624  dMin=0.000000  dAvg=0.017730  dMax=5.671441  Dlo=0.008865  Dhi=2.844585  err=0.000000  inc=-1.838274  bucket 0->0  (mf=1000)
[MF-SEL] tPrev=(  d=0.036832  dMin=0.000000  dAvg=0.017747  dMax=5.671441  Dlo=0.008873  Dhi=2.844594  err=0.000000  inc=-1.838274  bucket 0->0  (mf=1000)
[MF-SEL] tPrev=(  d=0.037975  dMin=0.000000  dAvg=0.017765  dMax=5.671441  Dlo=0.008882  Dhi=2.844603  err=0.000000  inc=-1.838274  bucket 0->0  (mf=1000)
[MF-SEL] tPrev=(  d=0.037268  dMin=0.000000  dAvg=0.017782  dMax=5.671441  Dlo=0.008891  Dhi=2.844611  err=0.000000  inc=-1.838274  bucket 0->0  (mf=1000)
[MF-SEL] tPrev=(  d=0.037077  dMin=0.000000  dAvg=0.017800  dMax=5.671441  Dlo=0.008900  Dhi=2.844620  err=0.000000  inc=-1.838274  bucket 0->0  (mf=1000)
[MF-SEL] tPrev=(  d=0.039515  dMin=0.000000  dAvg=0.017819  dMax=5.671441  Dlo=0.008910  Dhi=2.844630  err=0.000000  inc=-1.838274  bucket 0->0  (mf=1000)
[MF-SEL] tPrev=(  d=0.038860  dMin=0.000000  dAvg=0.017838  dMax=5.671441  Dlo=0.008919  Dhi=2.844639  err=0.000000  inc=-1.838274  bucket 0->0  (mf=1000)
[MF-SEL] tPrev=(  d=0.041057  dMin=0.000000  dAvg=0.017859  dMax=5.671441  Dlo=0.008929  Dhi=2.844650  err=0.000000  inc=-1.838274  bucket 0->0  (mf=1000)
[MF-SEL] tPrev=(  d=0.041899  dMin=0.000000  dAvg=0.017880  dMax=5.671441  Dlo=0.008940  Dhi=2.844660  err=0.000000  inc=-1.838274  bucket 0->0  (mf=1000)
[MF-SEL] tPrev=(  d=0.043663  dMin=0.000000  dAvg=0.017903  dMax=5.671441  Dlo=0.008951  Dhi=2.844672  err=0.000000  inc=-1.838274  bucket 0->0  (mf=1000)
[MF-SEL] tPrev=(  d=0.043605  dMin=0.000000  dAvg=0.017926  dMax=5.671441  Dlo=0.008963  Dhi=2.844683  err=0.000000  inc=-1.838274  bucket 0->0  (mf=1000)
[MF-SEL] tPrev=(  d=0.046635  dMin=0.000000  dAvg=0.017951  dMax=5.671441  Dlo=0.008976  Dhi=2.844696  err=0.000000  inc=-1.838274  bucket 0->0  (mf=1000)
[MF-SEL] tPrev=(  d=0.044120  dMin=0.000000  dAvg=0.017975  dMax=5.671441  Dlo=0.008987  Dhi=2.844708  err=0.000000  inc=-1.838274  bucket 0->0  (mf=1000)
[MF-SEL] tPrev=(  d=0.044582  dMin=0.000000  dAvg=0.017998  dMax=5.671441  Dlo=0.008999  Dhi=2.844719  err=0.000000  inc=-1.838274  bucket 0->0  (mf=1000)
[MF-SEL] tPrev=(  d=0.044935  dMin=0.000000  dAvg=0.018022  dMax=5.671441  Dlo=0.009011  Dhi=2.844731  err=0.000000  inc=-1.838274  bucket 0->0  (mf=1000)
[MF-SEL] tPrev=(  d=0.046138  dMin=0.000000  dAvg=0.018047  dMax=5.671441  Dlo=0.009023  Dhi=2.844744  err=0.000000  inc=-1.838274  bucket 0->0  (mf=1000)
[MF-SEL] tPrev=(  d=0.048832  dMin=0.000000  dAvg=0.018074  dMax=5.671441  Dlo=0.009037  Dhi=2.844757  err=0.000000  inc=-1.838274  bucket 0->0  (mf=1000)
[MF-SEL] tPrev=(  d=0.048213  dMin=0.000000  dAvg=0.018101  dMax=5.671441  Dlo=0.009050  Dhi=2.844771  err=0.000000  inc=-1.838274  bucket 0->0  (mf=1000)
[MF-SEL] tPrev=(  d=0.048639  dMin=0.000000  dAvg=0.018128  dMax=5.671441  Dlo=0.009064  Dhi=2.844784  err=0.000000  inc=-1.838274  bucket 0->0  (mf=1000)
[MF-SEL] tPrev=(  d=0.048664  dMin=0.000000  dAvg=0.018155  dMax=5.671441  Dlo=0.009077  Dhi=2.844798  err=0.000000  inc=-1.838274  bucket 0->0  (mf=1000)
[MF-SEL] tPrev=(  d=0.047800  dMin=0.000000  dAvg=0.018181  dMax=5.671441  Dlo=0.009090  Dhi=2.844811  err=0.000000  inc=-1.838274  bucket 0->0  (mf=1000)
[MF-SEL] tPrev=(  d=0.044180  dMin=0.000000  dAvg=0.018204  dMax=5.671441  Dlo=0.009102  Dhi=2.844822  err=0.000000  inc=-1.838274  bucket 0->0  (mf=1000)
[MF-SEL] tPrev=(  d=0.043741  dMin=0.000000  dAvg=0.018226  dMax=5.671441  Dlo=0.009113  Dhi=2.844833  err=0.000000  inc=-1.838274  bucket 0->0  (mf=1000)
[MF-SEL] tPrev=(  d=0.041616  dMin=0.000000  dAvg=0.018247  dMax=5.671441  Dlo=0.009123  Dhi=2.844844  err=0.000000  inc=-1.838274  bucket 0->0  (mf=1000)
[MF-SEL] tPrev=(  d=0.039580  dMin=0.000000  dAvg=0.018266  dMax=5.671441  Dlo=0.009133  Dhi=2.844853  err=0.000000  inc=-1.838274  bucket 0->0  (mf=1000)
[MF-SEL] tPrev=(  d=0.037485  dMin=0.000000  dAvg=0.018282  dMax=5.671441  Dlo=0.009141  Dhi=2.844862  err=0.000000  inc=-1.838274  bucket 0->0  (mf=1000)
[MF-SEL] tPrev=(  d=0.040254  dMin=0.000000  dAvg=0.018302  dMax=5.671441  Dlo=0.009151  Dhi=2.844871  err=0.000000  inc=-1.838274  bucket 0->0  (mf=1000)
[MF-SEL] tPrev=(  d=0.033121  dMin=0.000000  dAvg=0.018315  dMax=5.671441  Dlo=0.009157  Dhi=2.844878  err=0.000000  inc=-1.838274  bucket 0->0  (mf=1000)
[MF-SEL] tPrev=(  d=0.031072  dMin=0.000000  dAvg=0.018326  dMax=5.671441  Dlo=0.009163  Dhi=2.844883  err=0.000000  inc=-1.838274  bucket 0->0  (mf=1000)
[MF-SEL] tPrev=(  d=0.029121  dMin=0.000000  dAvg=0.018335  dMax=5.671441  Dlo=0.009168  Dhi=2.844888  err=0.000000  inc=-1.838274  bucket 0->0  (mf=1000)
[MF-SEL] tPrev=(  d=0.027141  dMin=0.000000  dAvg=0.018343  dMax=5.671441  Dlo=0.009172  Dhi=2.844892  err=0.000000  inc=-1.838274  bucket 0->0  (mf=1000)
[MF-SEL] tPrev=(  d=0.025778  dMin=0.000000  dAvg=0.018350  dMax=5.671441  Dlo=0.009175  Dhi=2.844895  err=0.000000  inc=-1.838274  bucket 0->0  (mf=1000)
[MF-SEL] tPrev=(  d=0.030118  dMin=0.000000  dAvg=0.018360  dMax=5.671441  Dlo=0.009180  Dhi=2.844900  err=0.000000  inc=-1.838274  bucket 0->0  (mf=1000)
[MF-SEL] tPrev=(  d=0.023626  dMin=0.000000  dAvg=0.018364  dMax=5.671441  Dlo=0.009182  Dhi=2.844902  err=0.000000  inc=-1.838274  bucket 0->0  (mf=1000)
[MF-SEL] tPrev=(  d=0.023039  dMin=0.000000  dAvg=0.018368  dMax=5.671441  Dlo=0.009184  Dhi=2.844905  err=0.000000  inc=-1.838274  bucket 0->0  (mf=1000)
[MF-SEL] tPrev=(  d=0.022894  dMin=0.000000  dAvg=0.018372  dMax=5.671441  Dlo=0.009186  Dhi=2.844907  err=0.000000  inc=-1.838274  bucket 0->0  (mf=1000)
[MF-SEL] tPrev=(  d=0.022980  dMin=0.000000  dAvg=0.018376  dMax=5.671441  Dlo=0.009188  Dhi=2.844909  err=0.000000  inc=-1.838274  bucket 0->0  (mf=1000)
[MF-SEL] tPrev=(  d=0.022217  dMin=0.000000  dAvg=0.018380  dMax=5.671441  Dlo=0.009190  Dhi=2.844910  err=0.000000  inc=-1.838274  bucket 0->0  (mf=1000)
[MF-SEL] tPrev=(  d=0.023276  dMin=0.000000  dAvg=0.018384  dMax=5.671441  Dlo=0.009192  Dhi=2.844912  err=0.000000  inc=-1.838274  bucket 0->0  (mf=1000)
[MF-SEL] tPrev=(  d=0.024172  dMin=0.000000  dAvg=0.018389  dMax=5.671441  Dlo=0.009195  Dhi=2.844915  err=0.000000  inc=-1.838274  bucket 0->0  (mf=1000)
[MF-SEL] tPrev=(  d=0.024783  dMin=0.000000  dAvg=0.018395  dMax=5.671441  Dlo=0.009197  Dhi=2.844918  err=0.000000  inc=-1.838274  bucket 0->0  (mf=1000)
[MF-SEL] tPrev=(  d=0.044683  dMin=0.000000  dAvg=0.018417  dMax=5.671441  Dlo=0.009209  Dhi=2.844929  err=0.000000  inc=-1.838274  bucket 0->0  (mf=1000)
[MF-SEL] tPrev=(  d=0.025913  dMin=0.000000  dAvg=0.018424  dMax=5.671441  Dlo=0.009212  Dhi=2.844932  err=0.000000  inc=-1.838274  bucket 0->0  (mf=1000)
[MF-SEL] tPrev=(  d=0.025193  dMin=0.000000  dAvg=0.018430  dMax=5.671441  Dlo=0.009215  Dhi=2.844935  err=0.000000  inc=-1.838274  bucket 0->0  (mf=1000)
[MF-SEL] tPrev=(  d=0.024951  dMin=0.000000  dAvg=0.018435  dMax=5.671441  Dlo=0.009218  Dhi=2.844938  err=0.000000  inc=-1.838274  bucket 0->0  (mf=1000)
[MF-SEL] tPrev=(  d=0.025217  dMin=0.000000  dAvg=0.018441  dMax=5.671441  Dlo=0.009221  Dhi=2.844941  err=0.000000  inc=-1.838274  bucket 0->0  (mf=1000)
[MF-SEL] tPrev=(  d=0.028061  dMin=0.000000  dAvg=0.018449  dMax=5.671441  Dlo=0.009225  Dhi=2.844945  err=0.000000  inc=-1.838274  bucket 0->0  (mf=1000)
[MF-SEL] tPrev=(  d=0.014722  dMin=0.000000  dAvg=0.018446  dMax=5.671441  Dlo=0.009223  Dhi=2.844943  err=0.000000  inc=-1.838274  bucket 0->0  (mf=1000)
[MF-SEL] tPrev=(  d=0.030259  dMin=0.000000  dAvg=0.018456  dMax=5.671441  Dlo=0.009228  Dhi=2.844948  err=0.000000  inc=-1.838274  bucket 0->0  (mf=1000)
[MF-SEL] tPrev=(  d=0.031055  dMin=0.000000  dAvg=0.018467  dMax=5.671441  Dlo=0.009234  Dhi=2.844954  err=0.000000  inc=-1.838274  bucket 0->0  (mf=1000)
[MF-SEL] tPrev=(  d=0.032306  dMin=0.000000  dAvg=0.018479  dMax=5.671441  Dlo=0.009240  Dhi=2.844960  err=0.000000  inc=-1.838274  bucket 0->0  (mf=1000)
[MF-SEL] tPrev=(  d=0.031148  dMin=0.000000  dAvg=0.018490  dMax=5.671441  Dlo=0.009245  Dhi=2.844965  err=0.000000  inc=-1.838274  bucket 0->0  (mf=1000)
[MF-SEL] tPrev=(  d=0.023570  dMin=0.000000  dAvg=0.018494  dMax=5.671441  Dlo=0.009247  Dhi=2.844967  err=0.000000  inc=-1.838274  bucket 0->0  (mf=1000)
[MF-SEL] tPrev=(  d=0.027738  dMin=0.000000  dAvg=0.018502  dMax=5.671441  Dlo=0.009251  Dhi=2.844971  err=0.000000  inc=-1.838274  bucket 0->0  (mf=1000)
[MF-SEL] tPrev=(  d=0.027072  dMin=0.000000  dAvg=0.018510  dMax=5.671441  Dlo=0.009255  Dhi=2.844975  err=0.000000  inc=-1.838274  bucket 0->0  (mf=1000)
[MF-SEL] tPrev=(  d=0.018315  dMin=0.000000  dAvg=0.018509  dMax=5.671441  Dlo=0.009255  Dhi=2.844975  err=0.000000  inc=-1.838274  bucket 0->0  (mf=1000)
[MF-SEL] tPrev=(  d=0.025298  dMin=0.000000  dAvg=0.018515  dMax=5.671441  Dlo=0.009258  Dhi=2.844978  err=0.000000  inc=-1.838274  bucket 0->0  (mf=1000)
[MF-SEL] tPrev=(  d=0.024815  dMin=0.000000  dAvg=0.018521  dMax=5.671441  Dlo=0.009260  Dhi=2.844981  err=0.000000  inc=-1.838274  bucket 0->0  (mf=1000)
[MF-SEL] tPrev=(  d=0.024108  dMin=0.000000  dAvg=0.018525  dMax=5.671441  Dlo=0.009263  Dhi=2.844983  err=0.000000  inc=-1.838274  bucket 0->0  (mf=1000)
[MF-SEL] tPrev=(  d=0.023431  dMin=0.000000  dAvg=0.018530  dMax=5.671441  Dlo=0.009265  Dhi=2.844985  err=0.000000  inc=-1.838274  bucket 0->0  (mf=1000)
[MF-SEL] tPrev=(  d=0.023105  dMin=0.000000  dAvg=0.018533  dMax=5.671441  Dlo=0.009267  Dhi=2.844987  err=0.000000  inc=-1.838274  bucket 0->0  (mf=1000)
[MF-SEL] tPrev=(  d=0.018456  dMin=0.000000  dAvg=0.018533  dMax=5.671441  Dlo=0.009267  Dhi=2.844987  err=0.000000  inc=-1.838274  bucket 0->0  (mf=1000)
[MF-SEL] tPrev=(  d=0.024090  dMin=0.000000  dAvg=0.018538  dMax=5.671441  Dlo=0.009269  Dhi=2.844989  err=0.000000  inc=-1.838274  bucket 0->0  (mf=1000)
[MF-SEL] tPrev=(  d=0.023549  dMin=0.000000  dAvg=0.018542  dMax=5.671441  Dlo=0.009271  Dhi=2.844991  err=0.000000  inc=-1.838274  bucket 0->0  (mf=1000)
[MF-SEL] tPrev=(  d=0.024062  dMin=0.000000  dAvg=0.018547  dMax=5.671441  Dlo=0.009274  Dhi=2.844994  err=0.000000  inc=-1.838274  bucket 0->0  (mf=1000)
[MF-SEL] tPrev=(  d=0.025971  dMin=0.000000  dAvg=0.018553  dMax=5.671441  Dlo=0.009277  Dhi=2.844997  err=0.000000  inc=-1.838274  bucket 0->0  (mf=1000)
[MF-SEL] tPrev=(  d=0.027858  dMin=0.000000  dAvg=0.018561  dMax=5.671441  Dlo=0.009281  Dhi=2.845001  err=0.000000  inc=-1.838274  bucket 0->0  (mf=1000)
[MF-SEL] tPrev=(  d=0.015171  dMin=0.000000  dAvg=0.018558  dMax=5.671441  Dlo=0.009279  Dhi=2.844999  err=0.000000  inc=-1.838274  bucket 0->0  (mf=1000)
[MF-SEL] tPrev=(  d=0.029307  dMin=0.000000  dAvg=0.018567  dMax=5.671441  Dlo=0.009284  Dhi=2.845004  err=0.000000  inc=-1.838274  bucket 0->0  (mf=1000)
[MF-SEL] tPrev=(  d=0.030384  dMin=0.000000  dAvg=0.018577  dMax=5.671441  Dlo=0.009289  Dhi=2.845009  err=0.000000  inc=-1.838274  bucket 0->0  (mf=1000)
[MF-SEL] tPrev=(  d=0.029869  dMin=0.000000  dAvg=0.018587  dMax=5.671441  Dlo=0.009293  Dhi=2.845014  err=0.000000  inc=-1.838274  bucket 0->0  (mf=1000)
[MF-SEL] tPrev=(  d=0.031538  dMin=0.000000  dAvg=0.018598  dMax=5.671441  Dlo=0.009299  Dhi=2.845019  err=0.000000  inc=-1.838274  bucket 0->0  (mf=1000)
[MF-SEL] tPrev=(  d=0.032906  dMin=0.000000  dAvg=0.018610  dMax=5.671441  Dlo=0.009305  Dhi=2.845025  err=0.000000  inc=-1.838274  bucket 0->0  (mf=1000)
[MF-SEL] tPrev=(  d=0.033386  dMin=0.000000  dAvg=0.018622  dMax=5.671441  Dlo=0.009311  Dhi=2.845032  err=0.000000  inc=-1.838274  bucket 0->0  (mf=1000)
[MF-SEL] tPrev=(  d=0.043177  dMin=0.000000  dAvg=0.018643  dMax=5.671441  Dlo=0.009322  Dhi=2.845042  err=0.000000  inc=-1.838274  bucket 0->0  (mf=1000)
[MF-SEL] tPrev=(  d=0.032933  dMin=0.000000  dAvg=0.018655  dMax=5.671441  Dlo=0.009328  Dhi=2.845048  err=0.000000  inc=-1.838274  bucket 0->0  (mf=1000)
[MF-SEL] tPrev=(  d=0.033768  dMin=0.000000  dAvg=0.018668  dMax=5.671441  Dlo=0.009334  Dhi=2.845054  err=0.000000  inc=-1.838274  bucket 0->0  (mf=1000)
[MF-SEL] tPrev=(  d=0.035505  dMin=0.000000  dAvg=0.018682  dMax=5.671441  Dlo=0.009341  Dhi=2.845061  err=0.000000  inc=-1.838274  bucket 0->0  (mf=1000)
[MF-SEL] tPrev=(  d=0.048093  dMin=0.000000  dAvg=0.018707  dMax=5.671441  Dlo=0.009353  Dhi=2.845074  err=0.000000  inc=-1.838274  bucket 0->0  (mf=1000)
[MF-SEL] tPrev=(  d=0.038847  dMin=0.000000  dAvg=0.018724  dMax=5.671441  Dlo=0.009362  Dhi=2.845082  err=0.000000  inc=-1.838274  bucket 0->0  (mf=1000)
[MF-SEL] tPrev=(  d=0.040160  dMin=0.000000  dAvg=0.018741  dMax=5.671441  Dlo=0.009371  Dhi=2.845091  err=0.000000  inc=-1.838274  bucket 0->0  (mf=1000)
[MF-SEL] tPrev=(  d=0.041024  dMin=0.000000  dAvg=0.018760  dMax=5.671441  Dlo=0.009380  Dhi=2.845100  err=0.000000  inc=-1.838274  bucket 0->0  (mf=1000)
[MF-SEL] tPrev=(  d=0.041729  dMin=0.000000  dAvg=0.018779  dMax=5.671441  Dlo=0.009390  Dhi=2.845110  err=0.000000  inc=-1.838274  bucket 0->0  (mf=1000)
[MF-SEL] tPrev=(  d=0.041308  dMin=0.000000  dAvg=0.018798  dMax=5.671441  Dlo=0.009399  Dhi=2.845119  err=0.000000  inc=-1.838274  bucket 0->0  (mf=1000)
[MF-SEL] tPrev=(  d=0.042269  dMin=0.000000  dAvg=0.018818  dMax=5.671441  Dlo=0.009409  Dhi=2.845129  err=0.000000  inc=-1.838274  bucket 0->0  (mf=1000)
[MF-SEL] tPrev=(  d=0.041706  dMin=0.000000  dAvg=0.018837  dMax=5.671441  Dlo=0.009418  Dhi=2.845139  err=0.000000  inc=-1.838274  bucket 0->0  (mf=1000)
[MF-SEL] tPrev=(  d=0.040484  dMin=0.000000  dAvg=0.018855  dMax=5.671441  Dlo=0.009427  Dhi=2.845148  err=0.000000  inc=-1.838274  bucket 0->0  (mf=1000)
[MF-SEL] tPrev=(  d=0.039391  dMin=0.000000  dAvg=0.018872  dMax=5.671441  Dlo=0.009436  Dhi=2.845156  err=0.000000  inc=-1.838274  bucket 0->0  (mf=1000)
[MF-SEL] tPrev=(  d=0.049106  dMin=0.000000  dAvg=0.018897  dMax=5.671441  Dlo=0.009449  Dhi=2.845169  err=0.000000  inc=-1.838274  bucket 0->0  (mf=1000)
[MF-SEL] tPrev=(  d=0.036866  dMin=0.000000  dAvg=0.018912  dMax=5.671441  Dlo=0.009456  Dhi=2.845176  err=0.000000  inc=-1.838274  bucket 0->0  (mf=1000)
[MF-SEL] tPrev=(  d=0.034949  dMin=0.000000  dAvg=0.018925  dMax=5.671441  Dlo=0.009463  Dhi=2.845183  err=0.000000  inc=-1.838274  bucket 0->0  (mf=1000)
[MF-SEL] tPrev=(  d=0.034419  dMin=0.000000  dAvg=0.018938  dMax=5.671441  Dlo=0.009469  Dhi=2.845189  err=0.000000  inc=-1.838274  bucket 0->0  (mf=1000)
[MF-SEL] tPrev=(  d=0.033877  dMin=0.000000  dAvg=0.018951  dMax=5.671441  Dlo=0.009475  Dhi=2.845196  err=0.000000  inc=-1.838274  bucket 0->0  (mf=1000)
[MF-SEL] tPrev=(  d=0.033937  dMin=0.000000  dAvg=0.018963  dMax=5.671441  Dlo=0.009482  Dhi=2.845202  err=0.000000  inc=-1.838274  bucket 0->0  (mf=1000)
[MF-SEL] tPrev=(  d=0.033589  dMin=0.000000  dAvg=0.018975  dMax=5.671441  Dlo=0.009488  Dhi=2.845208  err=0.000000  inc=-1.838274  bucket 0->0  (mf=1000)
[MF-SEL] tPrev=(  d=0.044891  dMin=0.000000  dAvg=0.018997  dMax=5.671441  Dlo=0.009498  Dhi=2.845219  err=0.000000  inc=-1.838274  bucket 0->0  (mf=1000)
[MF-SEL] tPrev=(  d=0.033024  dMin=0.000000  dAvg=0.019008  dMax=5.671441  Dlo=0.009504  Dhi=2.845224  err=0.000000  inc=-1.838274  bucket 0->0  (mf=1000)
[MF-SEL] tPrev=(  d=0.032131  dMin=0.000000  dAvg=0.019019  dMax=5.671441  Dlo=0.009510  Dhi=2.845230  err=0.000000  inc=-1.838274  bucket 0->0  (mf=1000)
[MF-SEL] tPrev=(  d=0.031351  dMin=0.000000  dAvg=0.019029  dMax=5.671441  Dlo=0.009515  Dhi=2.845235  err=0.000000  inc=-1.838274  bucket 0->0  (mf=1000)
[MF-SEL] tPrev=(  d=0.030606  dMin=0.000000  dAvg=0.019039  dMax=5.671441  Dlo=0.009519  Dhi=2.845240  err=0.000000  inc=-1.838274  bucket 0->0  (mf=1000)
[MF-SEL] tPrev=(  d=0.029808  dMin=0.000000  dAvg=0.019048  dMax=5.671441  Dlo=0.009524  Dhi=2.845244  err=0.000000  inc=-1.838274  bucket 0->0  (mf=1000)
[MF-SEL] tPrev=(  d=0.029235  dMin=0.000000  dAvg=0.019056  dMax=5.671441  Dlo=0.009528  Dhi=2.845248  err=0.000000  inc=-1.838274  bucket 0->0  (mf=1000)
[MF-SEL] tPrev=(  d=0.028405  dMin=0.000000  dAvg=0.019064  dMax=5.671441  Dlo=0.009532  Dhi=2.845252  err=0.000000  inc=-1.838274  bucket 0->0  (mf=1000)
[MF-SEL] tPrev=(  d=0.051285  dMin=0.000000  dAvg=0.019090  dMax=5.671441  Dlo=0.009545  Dhi=2.845265  err=0.000000  inc=-1.838274  bucket 0->0  (mf=1000)
[MF-SEL] tPrev=(  d=0.027733  dMin=0.000000  dAvg=0.019097  dMax=5.671441  Dlo=0.009549  Dhi=2.845269  err=0.000000  inc=-1.838274  bucket 0->0  (mf=1000)
[MF-SEL] tPrev=(  d=0.027075  dMin=0.000000  dAvg=0.019104  dMax=5.671441  Dlo=0.009552  Dhi=2.845272  err=0.000000  inc=-1.838274  bucket 0->0  (mf=1000)
[MF-SEL] tPrev=(  d=0.026738  dMin=0.000000  dAvg=0.019110  dMax=5.671441  Dlo=0.009555  Dhi=2.845275  err=0.000000  inc=-1.838274  bucket 0->0  (mf=1000)
[MF-SEL] tPrev=(  d=0.026152  dMin=0.000000  dAvg=0.019116  dMax=5.671441  Dlo=0.009558  Dhi=2.845278  err=0.000000  inc=-1.838274  bucket 0->0  (mf=1000)
[MF-SEL] tPrev=(  d=0.026236  dMin=0.000000  dAvg=0.019122  dMax=5.671441  Dlo=0.009561  Dhi=2.845281  err=0.000000  inc=-1.838274  bucket 0->0  (mf=1000)
[MF-SEL] tPrev=(  d=0.025175  dMin=0.000000  dAvg=0.019127  dMax=5.671441  Dlo=0.009563  Dhi=2.845284  err=0.000000  inc=-1.838274  bucket 0->0  (mf=1000)
[MF-SEL] tPrev=(  d=0.025238  dMin=0.000000  dAvg=0.019132  dMax=5.671441  Dlo=0.009566  Dhi=2.845286  err=0.000000  inc=-1.838274  bucket 0->0  (mf=1000)
[MF-SEL] tPrev=(  d=0.024830  dMin=0.000000  dAvg=0.019136  dMax=5.671441  Dlo=0.009568  Dhi=2.845288  err=0.000000  inc=-1.838274  bucket 0->0  (mf=1000)
[MF-SEL] tPrev=(  d=0.023168  dMin=0.000000  dAvg=0.019140  dMax=5.671441  Dlo=0.009570  Dhi=2.845290  err=0.000000  inc=-1.838274  bucket 0->0  (mf=1000)
[MF-SEL] tPrev=(  d=0.024689  dMin=0.000000  dAvg=0.019144  dMax=5.671441  Dlo=0.009572  Dhi=2.845292  err=0.000000  inc=-1.838274  bucket 0->0  (mf=1000)
[MF-SEL] tPrev=(  d=0.021771  dMin=0.000000  dAvg=0.019146  dMax=5.671441  Dlo=0.009573  Dhi=2.845293  err=0.000000  inc=-1.838274  bucket 0->0  (mf=1000)
[MF-SEL] tPrev=(  d=0.021711  dMin=0.000000  dAvg=0.019148  dMax=5.671441  Dlo=0.009574  Dhi=2.845294  err=0.000000  inc=-1.838274  bucket 0->0  (mf=1000)
[MF-SEL] tPrev=(  d=0.021417  dMin=0.000000  dAvg=0.019150  dMax=5.671441  Dlo=0.009575  Dhi=2.845295  err=0.000000  inc=-1.838274  bucket 0->0  (mf=1000)
[MF-SEL] tPrev=(  d=0.021086  dMin=0.000000  dAvg=0.019152  dMax=5.671441  Dlo=0.009576  Dhi=2.845296  err=0.000000  inc=-1.838274  bucket 0->0  (mf=1000)
[MF-SEL] tPrev=(  d=0.020850  dMin=0.000000  dAvg=0.019153  dMax=5.671441  Dlo=0.009577  Dhi=2.845297  err=0.000000  inc=-1.838274  bucket 0->0  (mf=1000)
[MF-SEL] tPrev=(  d=0.020815  dMin=0.000000  dAvg=0.019154  dMax=5.671441  Dlo=0.009577  Dhi=2.845298  err=0.000000  inc=-1.838274  bucket 0->0  (mf=1000)
[MF-SEL] tPrev=(  d=0.021065  dMin=0.000000  dAvg=0.019156  dMax=5.671441  Dlo=0.009578  Dhi=2.845298  err=0.000000  inc=-1.838274  bucket 0->0  (mf=1000)
[MF-SEL] tPrev=(  d=0.021522  dMin=0.000000  dAvg=0.019158  dMax=5.671441  Dlo=0.009579  Dhi=2.845299  err=0.000000  inc=-1.838274  bucket 0->0  (mf=1000)
[MF-SEL] tPrev=(  d=0.021013  dMin=0.000000  dAvg=0.019159  dMax=5.671441  Dlo=0.009580  Dhi=2.845300  err=0.000000  inc=-1.838274  bucket 0->0  (mf=1000)
[MF-SEL] tPrev=(  d=0.026098  dMin=0.000000  dAvg=0.019165  dMax=5.671441  Dlo=0.009582  Dhi=2.845303  err=0.000000  inc=-1.838274  bucket 0->0  (mf=1000)
[MF-SEL] tPrev=(  d=0.018984  dMin=0.000000  dAvg=0.019165  dMax=5.671441  Dlo=0.009582  Dhi=2.845303  err=0.000000  inc=-1.838274  bucket 0->0  (mf=1000)
[MF-SEL] tPrev=(  d=0.018182  dMin=0.000000  dAvg=0.019164  dMax=5.671441  Dlo=0.009582  Dhi=2.845302  err=0.000000  inc=-1.838274  bucket 0->0  (mf=1000)
[MF-SEL] tPrev=(  d=0.016680  dMin=0.000000  dAvg=0.019162  dMax=5.671441  Dlo=0.009581  Dhi=2.845301  err=0.000000  inc=-1.838274  bucket 0->0  (mf=1000)
[MF-SEL] tPrev=(  d=0.015976  dMin=0.000000  dAvg=0.019159  dMax=5.671441  Dlo=0.009580  Dhi=2.845300  err=0.000000  inc=-1.838274  bucket 0->0  (mf=1000)
[MF-SEL] tPrev=(  d=0.015708  dMin=0.000000  dAvg=0.019157  dMax=5.671441  Dlo=0.009578  Dhi=2.845299  err=0.000000  inc=-1.838274  bucket 0->0  (mf=1000)
[MF-SEL] tPrev=(  d=0.016845  dMin=0.000000  dAvg=0.019155  dMax=5.671441  Dlo=0.009577  Dhi=2.845298  err=0.000000  inc=-1.838274  bucket 0->0  (mf=1000)
[MF-SEL] tPrev=(  d=0.017259  dMin=0.000000  dAvg=0.019153  dMax=5.671441  Dlo=0.009577  Dhi=2.845297  err=0.000000  inc=-1.838274  bucket 0->0  (mf=1000)
[MF-SEL] tPrev=(  d=0.017910  dMin=0.000000  dAvg=0.019152  dMax=5.671441  Dlo=0.009576  Dhi=2.845296  err=0.000000  inc=-1.838274  bucket 0->0  (mf=1000)
[MF-SEL] tPrev=(  d=0.018068  dMin=0.000000  dAvg=0.019151  dMax=5.671441  Dlo=0.009576  Dhi=2.845296  err=0.000000  inc=-1.838274  bucket 0->0  (mf=1000)
[MF-SEL] tPrev=(  d=0.018607  dMin=0.000000  dAvg=0.019151  dMax=5.671441  Dlo=0.009576  Dhi=2.845296  err=0.000000  inc=-1.838274  bucket 0->0  (mf=1000)
[MF-SEL] tPrev=(  d=0.042046  dMin=0.000000  dAvg=0.019169  dMax=5.671441  Dlo=0.009585  Dhi=2.845305  err=0.000000  inc=-1.838274  bucket 0->0  (mf=1000)
[MF-SEL] tPrev=(  d=0.017329  dMin=0.000000  dAvg=0.019168  dMax=5.671441  Dlo=0.009584  Dhi=2.845304  err=0.000000  inc=-1.838274  bucket 0->0  (mf=1000)
[MF-SEL] tPrev=(  d=0.015910  dMin=0.000000  dAvg=0.019165  dMax=5.671441  Dlo=0.009583  Dhi=2.845303  err=0.000000  inc=-1.838274  bucket 0->0  (mf=1000)
[MF-SEL] tPrev=(  d=0.014750  dMin=0.000000  dAvg=0.019162  dMax=5.671441  Dlo=0.009581  Dhi=2.845301  err=0.000000  inc=-1.838274  bucket 0->0  (mf=1000)
[MF-SEL] tPrev=(  d=0.013471  dMin=0.000000  dAvg=0.019157  dMax=5.671441  Dlo=0.009579  Dhi=2.845299  err=0.000000  inc=-1.838274  bucket 0->0  (mf=1000)
[MF-SEL] tPrev=(  d=0.016114  dMin=0.000000  dAvg=0.019155  dMax=5.671441  Dlo=0.009577  Dhi=2.845298  err=0.000000  inc=-1.838274  bucket 0->0  (mf=1000)
[MF-SEL] tPrev=(  d=0.013470  dMin=0.000000  dAvg=0.019150  dMax=5.671441  Dlo=0.009575  Dhi=2.845295  err=0.000000  inc=-1.838274  bucket 0->0  (mf=1000)
[MF-SEL] tPrev=(  d=0.013240  dMin=0.000000  dAvg=0.019146  dMax=5.671441  Dlo=0.009573  Dhi=2.845293  err=0.000000  inc=-1.838274  bucket 0->0  (mf=1000)
[MF-SEL] tPrev=(  d=0.012675  dMin=0.000000  dAvg=0.019140  dMax=5.671441  Dlo=0.009570  Dhi=2.845290  err=0.000000  inc=-1.838274  bucket 0->0  (mf=1000)
[MF-SEL] tPrev=(  d=0.012562  dMin=0.000000  dAvg=0.019135  dMax=5.671441  Dlo=0.009568  Dhi=2.845288  err=0.000000  inc=-1.838274  bucket 0->0  (mf=1000)
[MF-SEL] tPrev=(  d=0.010629  dMin=0.000000  dAvg=0.019128  dMax=5.671441  Dlo=0.009564  Dhi=2.845284  err=0.000000  inc=-1.838274  bucket 0->0  (mf=1000)
[MF-SEL] tPrev=(  d=0.012304  dMin=0.000000  dAvg=0.019123  dMax=5.671441  Dlo=0.009561  Dhi=2.845282  err=0.000000  inc=-1.838274  bucket 0->0  (mf=1000)
[MF-SEL] tPrev=(  d=0.012739  dMin=0.000000  dAvg=0.019118  dMax=5.671441  Dlo=0.009559  Dhi=2.845279  err=0.000000  inc=-1.838274  bucket 0->0  (mf=1000)
[MF-SEL] tPrev=(  d=0.012101  dMin=0.000000  dAvg=0.019112  dMax=5.671441  Dlo=0.009556  Dhi=2.845276  err=0.000000  inc=-1.838274  bucket 0->0  (mf=1000)
[MF-SEL] tPrev=(  d=0.010180  dMin=0.000000  dAvg=0.019105  dMax=5.671441  Dlo=0.009553  Dhi=2.845273  err=0.000000  inc=-1.838274  bucket 0->0  (mf=1000)
[MF-SEL] tPrev=(  d=0.006849  dMin=0.000000  dAvg=0.019096  dMax=5.671441  Dlo=0.009548  Dhi=2.845268  err=-1.000000  inc=-2.758161  bucket 0->0  (mf=1000)
[MF-SEL] tPrev=(  d=0.010031  dMin=0.000000  dAvg=0.019088  dMax=5.671441  Dlo=0.009544  Dhi=2.845264  err=0.000000  inc=-1.472556  bucket 0->0  (mf=1000)
[MF-SEL] tPrev=(  d=0.009365  dMin=0.000000  dAvg=0.019081  dMax=5.671441  Dlo=0.009540  Dhi=2.845261  err=-1.000000  inc=-2.775929  bucket 0->0  (mf=1000)
[MF-SEL] tPrev=(  d=0.009861  dMin=0.000000  dAvg=0.019073  dMax=5.671441  Dlo=0.009537  Dhi=2.845257  err=0.000000  inc=-1.507058  bucket 0->0  (mf=1000)
[MF-SEL] tPrev=(  d=0.011647  dMin=0.000000  dAvg=0.019068  dMax=5.671441  Dlo=0.009534  Dhi=2.845254  err=0.000000  inc=-1.843199  bucket 0->0  (mf=1000)
[MF-SEL] tPrev=(  d=0.012196  dMin=0.000000  dAvg=0.019062  dMax=5.671441  Dlo=0.009531  Dhi=2.845251  err=0.000000  inc=-1.843199  bucket 0->0  (mf=1000)
[MF-SEL] tPrev=(  d=0.011828  dMin=0.000000  dAvg=0.019056  dMax=5.671441  Dlo=0.009528  Dhi=2.845249  err=0.000000  inc=-1.843199  bucket 0->0  (mf=1000)
[MF-SEL] tPrev=(  d=0.011770  dMin=0.000000  dAvg=0.019051  dMax=5.671441  Dlo=0.009525  Dhi=2.845246  err=0.000000  inc=-1.843199  bucket 0->0  (mf=1000)
[MF-SEL] tPrev=(  d=0.012016  dMin=0.000000  dAvg=0.019045  dMax=5.671441  Dlo=0.009523  Dhi=2.845243  err=0.000000  inc=-1.843199  bucket 0->0  (mf=1000)
[MF-SEL] tPrev=(  d=0.012009  dMin=0.000000  dAvg=0.019040  dMax=5.671441  Dlo=0.009520  Dhi=2.845240  err=0.000000  inc=-1.843199  bucket 0->0  (mf=1000)
[MF-SEL] tPrev=(  d=0.012415  dMin=0.000000  dAvg=0.019034  dMax=5.671441  Dlo=0.009517  Dhi=2.845238  err=0.000000  inc=-1.843199  bucket 0->0  (mf=1000)
[MF-SEL] tPrev=(  d=0.012260  dMin=0.000000  dAvg=0.019029  dMax=5.671441  Dlo=0.009515  Dhi=2.845235  err=0.000000  inc=-1.843199  bucket 0->0  (mf=1000)
[MF-SEL] tPrev=(  d=0.012930  dMin=0.000000  dAvg=0.019024  dMax=5.671441  Dlo=0.009512  Dhi=2.845232  err=0.000000  inc=-1.843199  bucket 0->0  (mf=1000)
[MF-SEL] tPrev=(  d=0.014403  dMin=0.000000  dAvg=0.019021  dMax=5.671441  Dlo=0.009510  Dhi=2.845231  err=0.000000  inc=-1.843199  bucket 0->0  (mf=1000)
[MF-SEL] tPrev=(  d=0.016496  dMin=0.000000  dAvg=0.019019  dMax=5.671441  Dlo=0.009509  Dhi=2.845230  err=0.000000  inc=-1.843199  bucket 0->0  (mf=1000)
[MF-SEL] tPrev=(  d=0.017097  dMin=0.000000  dAvg=0.019017  dMax=5.671441  Dlo=0.009509  Dhi=2.845229  err=0.000000  inc=-1.843199  bucket 0->0  (mf=1000)
[MF-SEL] tPrev=(  d=0.018075  dMin=0.000000  dAvg=0.019016  dMax=5.671441  Dlo=0.009508  Dhi=2.845229  err=0.000000  inc=-1.843199  bucket 0->0  (mf=1000)
[MF-SEL] tPrev=(  d=0.019133  dMin=0.000000  dAvg=0.019017  dMax=5.671441  Dlo=0.009508  Dhi=2.845229  err=0.000000  inc=-1.843199  bucket 0->0  (mf=1000)
[MF-SEL] tPrev=(  d=0.019980  dMin=0.000000  dAvg=0.019017  dMax=5.671441  Dlo=0.009509  Dhi=2.845229  err=0.000000  inc=-1.843199  bucket 0->0  (mf=1000)
[MF-SEL] tPrev=(  d=0.020365  dMin=0.000000  dAvg=0.019018  dMax=5.671441  Dlo=0.009509  Dhi=2.845229  err=0.000000  inc=-1.843199  bucket 0->0  (mf=1000)
[MF-SEL] tPrev=(  d=0.020607  dMin=0.000000  dAvg=0.019020  dMax=5.671441  Dlo=0.009510  Dhi=2.845230  err=0.000000  inc=-1.843199  bucket 0->0  (mf=1000)
[MF-SEL] tPrev=(  d=0.021490  dMin=0.000000  dAvg=0.019022  dMax=5.671441  Dlo=0.009511  Dhi=2.845231  err=0.000000  inc=-1.843199  bucket 0->0  (mf=1000)
[MF-SEL] tPrev=(  d=0.023097  dMin=0.000000  dAvg=0.019025  dMax=5.671441  Dlo=0.009512  Dhi=2.845233  err=0.000000  inc=-1.843199  bucket 0->0  (mf=1000)
[MF-SEL] tPrev=(  d=0.024060  dMin=0.000000  dAvg=0.019029  dMax=5.671441  Dlo=0.009514  Dhi=2.845235  err=0.000000  inc=-1.843199  bucket 0->0  (mf=1000)
[MF-SEL] tPrev=(  d=0.024707  dMin=0.000000  dAvg=0.019033  dMax=5.671441  Dlo=0.009517  Dhi=2.845237  err=0.000000  inc=-1.843199  bucket 0->0  (mf=1000)
[MF-SEL] tPrev=(  d=0.025782  dMin=0.000000  dAvg=0.019038  dMax=5.671441  Dlo=0.009519  Dhi=2.845239  err=0.000000  inc=-1.843199  bucket 0->0  (mf=1000)
[MF-SEL] tPrev=(  d=0.027209  dMin=0.000000  dAvg=0.019045  dMax=5.671441  Dlo=0.009522  Dhi=2.845243  err=0.000000  inc=-1.843199  bucket 0->0  (mf=1000)
[MF-SEL] tPrev=(  d=0.028406  dMin=0.000000  dAvg=0.019052  dMax=5.671441  Dlo=0.009526  Dhi=2.845246  err=0.000000  inc=-1.843199  bucket 0->0  (mf=1000)
[MF-SEL] tPrev=(  d=0.021838  dMin=0.000000  dAvg=0.019054  dMax=5.671441  Dlo=0.009527  Dhi=2.845247  err=0.000000  inc=-1.843199  bucket 0->0  (mf=1000)
[MF-SEL] tPrev=(  d=0.031113  dMin=0.000000  dAvg=0.019063  dMax=5.671441  Dlo=0.009532  Dhi=2.845252  err=0.000000  inc=-1.843199  bucket 0->0  (mf=1000)
[MF-SEL] tPrev=(  d=0.031845  dMin=0.000000  dAvg=0.019073  dMax=5.671441  Dlo=0.009537  Dhi=2.845257  err=0.000000  inc=-1.843199  bucket 0->0  (mf=1000)
[MF-SEL] tPrev=(  d=0.032573  dMin=0.000000  dAvg=0.019084  dMax=5.671441  Dlo=0.009542  Dhi=2.845262  err=0.000000  inc=-1.843199  bucket 0->0  (mf=1000)
[MF-SEL] tPrev=(  d=0.033289  dMin=0.000000  dAvg=0.019095  dMax=5.671441  Dlo=0.009547  Dhi=2.845268  err=0.000000  inc=-1.843199  bucket 0->0  (mf=1000)
[MF-SEL] tPrev=(  d=0.030704  dMin=0.000000  dAvg=0.019104  dMax=5.671441  Dlo=0.009552  Dhi=2.845272  err=0.000000  inc=-1.843199  bucket 0->0  (mf=1000)
[MF-SEL] tPrev=(  d=0.034093  dMin=0.000000  dAvg=0.019115  dMax=5.671441  Dlo=0.009558  Dhi=2.845278  err=0.000000  inc=-1.843199  bucket 0->0  (mf=1000)
[MF-SEL] tPrev=(  d=0.035106  dMin=0.000000  dAvg=0.019127  dMax=5.671441  Dlo=0.009564  Dhi=2.845284  err=0.000000  inc=-1.843199  bucket 0->0  (mf=1000)
[MF-SEL] tPrev=(  d=0.036210  dMin=0.000000  dAvg=0.019141  dMax=5.671441  Dlo=0.009570  Dhi=2.845291  err=0.000000  inc=-1.843199  bucket 0->0  (mf=1000)
[MF-SEL] tPrev=(  d=0.037430  dMin=0.000000  dAvg=0.019155  dMax=5.671441  Dlo=0.009577  Dhi=2.845298  err=0.000000  inc=-1.843199  bucket 0->0  (mf=1000)
[MF-SEL] tPrev=(  d=0.038369  dMin=0.000000  dAvg=0.019169  dMax=5.671441  Dlo=0.009585  Dhi=2.845305  err=0.000000  inc=-1.843199  bucket 0->0  (mf=1000)
[MF-SEL] tPrev=(  d=0.039154  dMin=0.000000  dAvg=0.019185  dMax=5.671441  Dlo=0.009592  Dhi=2.845313  err=0.000000  inc=-1.843199  bucket 0->0  (mf=1000)
[MF-SEL] tPrev=(  d=0.038855  dMin=0.000000  dAvg=0.019200  dMax=5.671441  Dlo=0.009600  Dhi=2.845320  err=0.000000  inc=-1.843199  bucket 0->0  (mf=1000)
[MF-SEL] tPrev=(  d=0.037678  dMin=0.000000  dAvg=0.019214  dMax=5.671441  Dlo=0.009607  Dhi=2.845327  err=0.000000  inc=-1.843199  bucket 0->0  (mf=1000)
[MF-SEL] tPrev=(  d=0.033463  dMin=0.000000  dAvg=0.019225  dMax=5.671441  Dlo=0.009613  Dhi=2.845333  err=0.000000  inc=-1.843199  bucket 0->0  (mf=1000)
[MF-SEL] tPrev=(  d=0.033681  dMin=0.000000  dAvg=0.019236  dMax=5.671441  Dlo=0.009618  Dhi=2.845338  err=0.000000  inc=-1.843199  bucket 0->0  (mf=1000)
[MF-SEL] tPrev=(  d=0.032246  dMin=0.000000  dAvg=0.019246  dMax=5.671441  Dlo=0.009623  Dhi=2.845343  err=0.000000  inc=-1.843199  bucket 0->0  (mf=1000)
[MF-SEL] tPrev=(  d=0.030647  dMin=0.000000  dAvg=0.019255  dMax=5.671441  Dlo=0.009627  Dhi=2.845348  err=0.000000  inc=-1.843199  bucket 0->0  (mf=1000)
[MF-SEL] tPrev=(  d=0.030361  dMin=0.000000  dAvg=0.019263  dMax=5.671441  Dlo=0.009632  Dhi=2.845352  err=0.000000  inc=-1.843199  bucket 0->0  (mf=1000)
[MF-SEL] tPrev=(  d=0.031570  dMin=0.000000  dAvg=0.019273  dMax=5.671441  Dlo=0.009636  Dhi=2.845357  err=0.000000  inc=-1.843199  bucket 0->0  (mf=1000)
[MF-SEL] tPrev=(  d=0.022673  dMin=0.000000  dAvg=0.019275  dMax=5.671441  Dlo=0.009638  Dhi=2.845358  err=0.000000  inc=-1.843199  bucket 0->0  (mf=1000)
[MF-SEL] tPrev=(  d=0.033178  dMin=0.000000  dAvg=0.019286  dMax=5.671441  Dlo=0.009643  Dhi=2.845363  err=0.000000  inc=-1.843199  bucket 0->0  (mf=1000)
[MF-SEL] tPrev=(  d=0.035182  dMin=0.000000  dAvg=0.019298  dMax=5.671441  Dlo=0.009649  Dhi=2.845369  err=0.000000  inc=-1.843199  bucket 0->0  (mf=1000)
[MF-SEL] tPrev=(  d=0.037000  dMin=0.000000  dAvg=0.019311  dMax=5.671441  Dlo=0.009656  Dhi=2.845376  err=0.000000  inc=-1.843199  bucket 0->0  (mf=1000)
[MF-SEL] tPrev=(  d=0.038563  dMin=0.000000  dAvg=0.019326  dMax=5.671441  Dlo=0.009663  Dhi=2.845383  err=0.000000  inc=-1.843199  bucket 0->0  (mf=1000)
[MF-SEL] tPrev=(  d=0.040285  dMin=0.000000  dAvg=0.019342  dMax=5.671441  Dlo=0.009671  Dhi=2.845391  err=0.000000  inc=-1.843199  bucket 0->0  (mf=1000)
[MF-SEL] tPrev=(  d=0.042131  dMin=0.000000  dAvg=0.019359  dMax=5.671441  Dlo=0.009680  Dhi=2.845400  err=0.000000  inc=-1.843199  bucket 0->0  (mf=1000)
[MF-SEL] tPrev=(  d=0.044296  dMin=0.000000  dAvg=0.019378  dMax=5.671441  Dlo=0.009689  Dhi=2.845409  err=0.000000  inc=-1.843199  bucket 0->0  (mf=1000)
[MF-SEL] tPrev=(  d=0.041355  dMin=0.000000  dAvg=0.019395  dMax=5.671441  Dlo=0.009697  Dhi=2.845418  err=0.000000  inc=-1.843199  bucket 0->0  (mf=1000)
[MF-SEL] tPrev=(  d=0.044704  dMin=0.000000  dAvg=0.019414  dMax=5.671441  Dlo=0.009707  Dhi=2.845427  err=0.000000  inc=-1.843199  bucket 0->0  (mf=1000)
[MF-SEL] tPrev=(  d=0.045742  dMin=0.000000  dAvg=0.019434  dMax=5.671441  Dlo=0.009717  Dhi=2.845437  err=0.000000  inc=-1.843199  bucket 0->0  (mf=1000)
[MF-SEL] tPrev=(  d=0.046535  dMin=0.000000  dAvg=0.019454  dMax=5.671441  Dlo=0.009727  Dhi=2.845448  err=0.000000  inc=-1.843199  bucket 0->0  (mf=1000)
[MF-SEL] tPrev=(  d=0.047350  dMin=0.000000  dAvg=0.019476  dMax=5.671441  Dlo=0.009738  Dhi=2.845458  err=0.000000  inc=-1.843199  bucket 0->0  (mf=1000)
[MF-SEL] tPrev=(  d=0.047625  dMin=0.000000  dAvg=0.019497  dMax=5.671441  Dlo=0.009748  Dhi=2.845469  err=0.000000  inc=-1.843199  bucket 0->0  (mf=1000)
[MF-SEL] tPrev=(  d=0.050063  dMin=0.000000  dAvg=0.019520  dMax=5.671441  Dlo=0.009760  Dhi=2.845480  err=0.000000  inc=-1.843199  bucket 0->0  (mf=1000)
[MF-SEL] tPrev=(  d=0.060130  dMin=0.000000  dAvg=0.019550  dMax=5.671441  Dlo=0.009775  Dhi=2.845496  err=0.000000  inc=-1.843199  bucket 0->0  (mf=1000)
[MF-SEL] tPrev=(  d=0.050287  dMin=0.000000  dAvg=0.019574  dMax=5.671441  Dlo=0.009787  Dhi=2.845507  err=0.000000  inc=-1.843199  bucket 0->0  (mf=1000)
[MF-SEL] tPrev=(  d=0.051186  dMin=0.000000  dAvg=0.019597  dMax=5.671441  Dlo=0.009799  Dhi=2.845519  err=0.000000  inc=-1.843199  bucket 0->0  (mf=1000)
[MF-SEL] tPrev=(  d=0.052359  dMin=0.000000  dAvg=0.019622  dMax=5.671441  Dlo=0.009811  Dhi=2.845531  err=0.000000  inc=-1.843199  bucket 0->0  (mf=1000)
[MF-SEL] tPrev=(  d=0.053505  dMin=0.000000  dAvg=0.019648  dMax=5.671441  Dlo=0.009824  Dhi=2.845544  err=0.000000  inc=-1.843199  bucket 0->0  (mf=1000)
[MF-SEL] tPrev=(  d=0.061812  dMin=0.000000  dAvg=0.019679  dMax=5.671441  Dlo=0.009840  Dhi=2.845560  err=0.000000  inc=-1.843199  bucket 0->0  (mf=1000)
[MF-SEL] tPrev=(  d=0.052893  dMin=0.000000  dAvg=0.019704  dMax=5.671441  Dlo=0.009852  Dhi=2.845572  err=0.000000  inc=-1.843199  bucket 0->0  (mf=1000)
[MF-SEL] tPrev=(  d=0.052162  dMin=0.000000  dAvg=0.019729  dMax=5.671441  Dlo=0.009864  Dhi=2.845585  err=0.000000  inc=-1.843199  bucket 0->0  (mf=1000)
[MF-SEL] tPrev=(  d=0.051076  dMin=0.000000  dAvg=0.019752  dMax=5.671441  Dlo=0.009876  Dhi=2.845596  err=0.000000  inc=-1.843199  bucket 0->0  (mf=1000)
[MF-SEL] tPrev=(  d=0.050242  dMin=0.000000  dAvg=0.019775  dMax=5.671441  Dlo=0.009887  Dhi=2.845608  err=0.000000  inc=-1.843199  bucket 0->0  (mf=1000)
[MF-SEL] tPrev=(  d=0.073160  dMin=0.000000  dAvg=0.019815  dMax=5.671441  Dlo=0.009907  Dhi=2.845628  err=0.000000  inc=-1.843199  bucket 0->0  (mf=1000)
[MF-SEL] tPrev=(  d=0.047809  dMin=0.000000  dAvg=0.019836  dMax=5.671441  Dlo=0.009918  Dhi=2.845638  err=0.000000  inc=-1.843199  bucket 0->0  (mf=1000)
[MF-SEL] tPrev=(  d=0.046391  dMin=0.000000  dAvg=0.019856  dMax=5.671441  Dlo=0.009928  Dhi=2.845648  err=0.000000  inc=-1.843199  bucket 0->0  (mf=1000)
[MF-SEL] tPrev=(  d=0.045359  dMin=0.000000  dAvg=0.019875  dMax=5.671441  Dlo=0.009937  Dhi=2.845658  err=0.000000  inc=-1.843199  bucket 0->0  (mf=1000)
[MF-SEL] tPrev=(  d=0.044271  dMin=0.000000  dAvg=0.019893  dMax=5.671441  Dlo=0.009946  Dhi=2.845667  err=0.000000  inc=-1.843199  bucket 0->0  (mf=1000)
[MF-SEL] tPrev=(  d=0.058238  dMin=0.000000  dAvg=0.019921  dMax=5.671441  Dlo=0.009961  Dhi=2.845681  err=0.000000  inc=-1.843199  bucket 0->0  (mf=1000)
[MF-SEL] tPrev=(  d=0.043285  dMin=0.000000  dAvg=0.019939  dMax=5.671441  Dlo=0.009969  Dhi=2.845690  err=0.000000  inc=-1.843199  bucket 0->0  (mf=1000)
[MF-SEL] tPrev=(  d=0.042670  dMin=0.000000  dAvg=0.019956  dMax=5.671441  Dlo=0.009978  Dhi=2.845698  err=0.000000  inc=-1.843199  bucket 0->0  (mf=1000)
[MF-SEL] tPrev=(  d=0.041069  dMin=0.000000  dAvg=0.019972  dMax=5.671441  Dlo=0.009986  Dhi=2.845706  err=0.000000  inc=-1.843199  bucket 0->0  (mf=1000)
[MF-SEL] tPrev=(  d=0.039949  dMin=0.000000  dAvg=0.019986  dMax=5.671441  Dlo=0.009993  Dhi=2.845713  err=0.000000  inc=-1.843199  bucket 0->0  (mf=1000)
[MF-SEL] tPrev=(  d=0.038838  dMin=0.000000  dAvg=0.020000  dMax=5.671441  Dlo=0.010000  Dhi=2.845720  err=0.000000  inc=-1.843199  bucket 0->0  (mf=1000)
[MF-SEL] tPrev=(  d=0.037724  dMin=0.000000  dAvg=0.020014  dMax=5.671441  Dlo=0.010007  Dhi=2.845727  err=0.000000  inc=-1.843199  bucket 0->0  (mf=1000)
[MF-SEL] tPrev=(  d=0.072839  dMin=0.000000  dAvg=0.020053  dMax=5.671441  Dlo=0.010026  Dhi=2.845747  err=0.000000  inc=-1.843199  bucket 0->0  (mf=1000)
[MF-SEL] tPrev=(  d=0.036347  dMin=0.000000  dAvg=0.020065  dMax=5.671441  Dlo=0.010032  Dhi=2.845753  err=0.000000  inc=-1.843199  bucket 0->0  (mf=1000)
[MF-SEL] tPrev=(  d=0.035989  dMin=0.000000  dAvg=0.020077  dMax=5.671441  Dlo=0.010038  Dhi=2.845759  err=0.000000  inc=-1.843199  bucket 0->0  (mf=1000)
[MF-SEL] tPrev=(  d=0.035743  dMin=0.000000  dAvg=0.020088  dMax=5.671441  Dlo=0.010044  Dhi=2.845764  err=0.000000  inc=-1.843199  bucket 0->0  (mf=1000)
[MF-SEL] tPrev=(  d=0.035429  dMin=0.000000  dAvg=0.020100  dMax=5.671441  Dlo=0.010050  Dhi=2.845770  err=0.000000  inc=-1.843199  bucket 0->0  (mf=1000)
[MF-SEL] tPrev=(  d=0.035186  dMin=0.000000  dAvg=0.020111  dMax=5.671441  Dlo=0.010055  Dhi=2.845776  err=0.000000  inc=-1.843199  bucket 0->0  (mf=1000)
[MF-SEL] tPrev=(  d=0.044154  dMin=0.000000  dAvg=0.020128  dMax=5.671441  Dlo=0.010064  Dhi=2.845785  err=0.000000  inc=-1.843199  bucket 0->0  (mf=1000)
[MF-SEL] tPrev=(  d=0.034463  dMin=0.000000  dAvg=0.020139  dMax=5.671441  Dlo=0.010070  Dhi=2.845790  err=0.000000  inc=-1.843199  bucket 0->0  (mf=1000)
[MF-SEL] tPrev=(  d=0.033994  dMin=0.000000  dAvg=0.020149  dMax=5.671441  Dlo=0.010075  Dhi=2.845795  err=0.000000  inc=-1.843199  bucket 0->0  (mf=1000)
[MF-SEL] tPrev=(  d=0.033380  dMin=0.000000  dAvg=0.020159  dMax=5.671441  Dlo=0.010079  Dhi=2.845800  err=0.000000  inc=-1.843199  bucket 0->0  (mf=1000)
[MF-SEL] tPrev=(  d=0.032792  dMin=0.000000  dAvg=0.020168  dMax=5.671441  Dlo=0.010084  Dhi=2.845804  err=0.000000  inc=-1.843199  bucket 0->0  (mf=1000)
[MF-SEL] tPrev=(  d=0.032829  dMin=0.000000  dAvg=0.020178  dMax=5.671441  Dlo=0.010089  Dhi=2.845809  err=0.000000  inc=-1.843199  bucket 0->0  (mf=1000)
[MF-SEL] tPrev=(  d=0.032855  dMin=0.000000  dAvg=0.020187  dMax=5.671441  Dlo=0.010093  Dhi=2.845814  err=0.000000  inc=-1.843199  bucket 0->0  (mf=1000)
[MF-SEL] tPrev=(  d=0.041115  dMin=0.000000  dAvg=0.020202  dMax=5.671441  Dlo=0.010101  Dhi=2.845821  err=0.000000  inc=-1.843199  bucket 0->0  (mf=1000)
[MF-SEL] tPrev=(  d=0.033710  dMin=0.000000  dAvg=0.020212  dMax=5.671441  Dlo=0.010106  Dhi=2.845826  err=0.000000  inc=-1.843199  bucket 0->0  (mf=1000)
[MF-SEL] tPrev=(  d=0.033109  dMin=0.000000  dAvg=0.020222  dMax=5.671441  Dlo=0.010111  Dhi=2.845831  err=0.000000  inc=-1.843199  bucket 0->0  (mf=1000)
[MF-SEL] tPrev=(  d=0.032536  dMin=0.000000  dAvg=0.020231  dMax=5.671441  Dlo=0.010115  Dhi=2.845836  err=0.000000  inc=-1.843199  bucket 0->0  (mf=1000)
[MF-SEL] tPrev=(  d=0.031924  dMin=0.000000  dAvg=0.020239  dMax=5.671441  Dlo=0.010120  Dhi=2.845840  err=0.000000  inc=-1.843199  bucket 0->0  (mf=1000)
[MF-SEL] tPrev=(  d=0.031712  dMin=0.000000  dAvg=0.020248  dMax=5.671441  Dlo=0.010124  Dhi=2.845844  err=0.000000  inc=-1.843199  bucket 0->0  (mf=1000)
[MF-SEL] tPrev=(  d=0.031376  dMin=0.000000  dAvg=0.020256  dMax=5.671441  Dlo=0.010128  Dhi=2.845848  err=0.000000  inc=-1.843199  bucket 0->0  (mf=1000)
[MF-SEL] tPrev=(  d=0.031560  dMin=0.000000  dAvg=0.020264  dMax=5.671441  Dlo=0.010132  Dhi=2.845852  err=0.000000  inc=-1.843199  bucket 0->0  (mf=1000)
[MF-SEL] tPrev=(  d=0.030601  dMin=0.000000  dAvg=0.020272  dMax=5.671441  Dlo=0.010136  Dhi=2.845856  err=0.000000  inc=-1.843199  bucket 0->0  (mf=1000)
[MF-SEL] tPrev=(  d=0.032165  dMin=0.000000  dAvg=0.020280  dMax=5.671441  Dlo=0.010140  Dhi=2.845860  err=0.000000  inc=-1.843199  bucket 0->0  (mf=1000)
[MF-SEL] tPrev=(  d=0.032240  dMin=0.000000  dAvg=0.020289  dMax=5.671441  Dlo=0.010145  Dhi=2.845865  err=0.000000  inc=-1.843199  bucket 0->0  (mf=1000)
[MF-SEL] tPrev=(  d=0.032025  dMin=0.000000  dAvg=0.020298  dMax=5.671441  Dlo=0.010149  Dhi=2.845869  err=0.000000  inc=-1.843199  bucket 0->0  (mf=1000)
[MF-SEL] tPrev=(  d=0.031818  dMin=0.000000  dAvg=0.020306  dMax=5.671441  Dlo=0.010153  Dhi=2.845873  err=0.000000  inc=-1.843199  bucket 0->0  (mf=1000)
[MF-SEL] tPrev=(  d=0.030270  dMin=0.000000  dAvg=0.020313  dMax=5.671441  Dlo=0.010157  Dhi=2.845877  err=0.000000  inc=-1.843199  bucket 0->0  (mf=1000)
[MF-SEL] tPrev=(  d=0.031514  dMin=0.000000  dAvg=0.020321  dMax=5.671441  Dlo=0.010161  Dhi=2.845881  err=0.000000  inc=-1.843199  bucket 0->0  (mf=1000)
[MF-SEL] tPrev=(  d=0.031242  dMin=0.000000  dAvg=0.020329  dMax=5.671441  Dlo=0.010165  Dhi=2.845885  err=0.000000  inc=-1.843199  bucket 0->0  (mf=1000)
[MF-SEL] tPrev=(  d=0.030069  dMin=0.000000  dAvg=0.020336  dMax=5.671441  Dlo=0.010168  Dhi=2.845888  err=0.000000  inc=-1.843199  bucket 0->0  (mf=1000)
[MF-SEL] tPrev=(  d=0.028460  dMin=0.000000  dAvg=0.020342  dMax=5.671441  Dlo=0.010171  Dhi=2.845891  err=0.000000  inc=-1.843199  bucket 0->0  (mf=1000)
[MF-SEL] tPrev=(  d=0.026990  dMin=0.000000  dAvg=0.020347  dMax=5.671441  Dlo=0.010174  Dhi=2.845894  err=0.000000  inc=-1.843199  bucket 0->0  (mf=1000)
[MF-SEL] tPrev=(  d=0.026072  dMin=0.000000  dAvg=0.020351  dMax=5.671441  Dlo=0.010176  Dhi=2.845896  err=0.000000  inc=-1.843199  bucket 0->0  (mf=1000)
[MF-SEL] tPrev=(  d=0.022715  dMin=0.000000  dAvg=0.020353  dMax=5.671441  Dlo=0.010176  Dhi=2.845897  err=0.000000  inc=-1.843199  bucket 0->0  (mf=1000)
[MF-SEL] tPrev=(  d=0.023919  dMin=0.000000  dAvg=0.020356  dMax=5.671441  Dlo=0.010178  Dhi=2.845898  err=0.000000  inc=-1.843199  bucket 0->0  (mf=1000)
[MF-SEL] tPrev=(  d=0.023432  dMin=0.000000  dAvg=0.020358  dMax=5.671441  Dlo=0.010179  Dhi=2.845899  err=0.000000  inc=-1.843199  bucket 0->0  (mf=1000)
[MF-SEL] tPrev=(  d=0.023404  dMin=0.000000  dAvg=0.020360  dMax=5.671441  Dlo=0.010180  Dhi=2.845900  err=0.000000  inc=-1.843199  bucket 0->0  (mf=1000)
[MF-SEL] tPrev=(  d=0.023850  dMin=0.000000  dAvg=0.020363  dMax=5.671441  Dlo=0.010181  Dhi=2.845902  err=0.000000  inc=-1.843199  bucket 0->0  (mf=1000)
[MF-SEL] tPrev=(  d=0.025179  dMin=0.000000  dAvg=0.020366  dMax=5.671441  Dlo=0.010183  Dhi=2.845903  err=0.000000  inc=-1.843199  bucket 0->0  (mf=1000)
[MF-SEL] tPrev=(  d=0.026552  dMin=0.000000  dAvg=0.020370  dMax=5.671441  Dlo=0.010185  Dhi=2.845906  err=0.000000  inc=-1.843199  bucket 0->0  (mf=1000)
[MF-SEL] tPrev=(  d=0.028016  dMin=0.000000  dAvg=0.020376  dMax=5.671441  Dlo=0.010188  Dhi=2.845908  err=0.000000  inc=-1.843199  bucket 0->0  (mf=1000)
[MF-SEL] tPrev=(  d=0.027176  dMin=0.000000  dAvg=0.020381  dMax=5.671441  Dlo=0.010190  Dhi=2.845911  err=0.000000  inc=-1.843199  bucket 0->0  (mf=1000)
[MF-SEL] tPrev=(  d=0.028731  dMin=0.000000  dAvg=0.020387  dMax=5.671441  Dlo=0.010193  Dhi=2.845914  err=0.000000  inc=-1.843199  bucket 0->0  (mf=1000)
[MF-SEL] tPrev=(  d=0.029079  dMin=0.000000  dAvg=0.020393  dMax=5.671441  Dlo=0.010197  Dhi=2.845917  err=0.000000  inc=-1.843199  bucket 0->0  (mf=1000)
[MF-SEL] tPrev=(  d=0.028847  dMin=0.000000  dAvg=0.020399  dMax=5.671441  Dlo=0.010200  Dhi=2.845920  err=0.000000  inc=-1.843199  bucket 0->0  (mf=1000)
[MF-SEL] tPrev=(  d=0.028846  dMin=0.000000  dAvg=0.020405  dMax=5.671441  Dlo=0.010203  Dhi=2.845923  err=0.000000  inc=-1.843199  bucket 0->0  (mf=1000)
[MF-SEL] tPrev=(  d=0.029431  dMin=0.000000  dAvg=0.020412  dMax=5.671441  Dlo=0.010206  Dhi=2.845926  err=0.000000  inc=-1.843199  bucket 0->0  (mf=1000)
[MF-SEL] tPrev=(  d=0.029806  dMin=0.000000  dAvg=0.020418  dMax=5.671441  Dlo=0.010209  Dhi=2.845930  err=0.000000  inc=-1.843199  bucket 0->0  (mf=1000)
[MF-SEL] tPrev=(  d=0.031176  dMin=0.000000  dAvg=0.020426  dMax=5.671441  Dlo=0.010213  Dhi=2.845933  err=0.000000  inc=-1.843199  bucket 0->0  (mf=1000)
[MF-SEL] tPrev=(  d=0.032808  dMin=0.000000  dAvg=0.020435  dMax=5.671441  Dlo=0.010218  Dhi=2.845938  err=0.000000  inc=-1.843199  bucket 0->0  (mf=1000)
[MF-SEL] tPrev=(  d=0.033466  dMin=0.000000  dAvg=0.020444  dMax=5.671441  Dlo=0.010222  Dhi=2.845942  err=0.000000  inc=-1.843199  bucket 0->0  (mf=1000)
[MF-SEL] tPrev=(  d=0.039486  dMin=0.000000  dAvg=0.020458  dMax=5.671441  Dlo=0.010229  Dhi=2.845949  err=0.000000  inc=-1.843199  bucket 0->0  (mf=1000)
[MF-SEL] tPrev=(  d=0.031452  dMin=0.000000  dAvg=0.020466  dMax=5.671441  Dlo=0.010233  Dhi=2.845953  err=0.000000  inc=-1.843199  bucket 0->0  (mf=1000)
[MF-SEL] tPrev=(  d=0.030088  dMin=0.000000  dAvg=0.020473  dMax=5.671441  Dlo=0.010236  Dhi=2.845957  err=0.000000  inc=-1.843199  bucket 0->0  (mf=1000)
[MF-SEL] tPrev=(  d=0.028503  dMin=0.000000  dAvg=0.020478  dMax=5.671441  Dlo=0.010239  Dhi=2.845959  err=0.000000  inc=-1.843199  bucket 0->0  (mf=1000)
[MF-SEL] tPrev=(  d=0.027140  dMin=0.000000  dAvg=0.020483  dMax=5.671441  Dlo=0.010242  Dhi=2.845962  err=0.000000  inc=-1.843199  bucket 0->0  (mf=1000)
[MF-SEL] tPrev=(  d=0.025391  dMin=0.000000  dAvg=0.020487  dMax=5.671441  Dlo=0.010243  Dhi=2.845964  err=0.000000  inc=-1.843199  bucket 0->0  (mf=1000)
[MF-SEL] tPrev=(  d=0.024011  dMin=0.000000  dAvg=0.020489  dMax=5.671441  Dlo=0.010245  Dhi=2.845965  err=0.000000  inc=-1.843199  bucket 0->0  (mf=1000)
[MF-SEL] tPrev=(  d=0.022409  dMin=0.000000  dAvg=0.020491  dMax=5.671441  Dlo=0.010245  Dhi=2.845966  err=0.000000  inc=-1.843199  bucket 0->0  (mf=1000)
[MF-SEL] tPrev=(  d=0.020642  dMin=0.000000  dAvg=0.020491  dMax=5.671441  Dlo=0.010245  Dhi=2.845966  err=0.000000  inc=-1.843199  bucket 0->0  (mf=1000)
[MF-SEL] tPrev=(  d=0.037067  dMin=0.000000  dAvg=0.020502  dMax=5.671441  Dlo=0.010251  Dhi=2.845971  err=0.000000  inc=-1.843199  bucket 0->0  (mf=1000)
[MF-SEL] tPrev=(  d=0.019740  dMin=0.000000  dAvg=0.020502  dMax=5.671441  Dlo=0.010251  Dhi=2.845971  err=0.000000  inc=-1.843199  bucket 0->0  (mf=1000)
[MF-SEL] tPrev=(  d=0.019866  dMin=0.000000  dAvg=0.020501  dMax=5.671441  Dlo=0.010251  Dhi=2.845971  err=0.000000  inc=-1.843199  bucket 0->0  (mf=1000)
[MF-SEL] tPrev=(  d=0.020033  dMin=0.000000  dAvg=0.020501  dMax=5.671441  Dlo=0.010251  Dhi=2.845971  err=0.000000  inc=-1.843199  bucket 0->0  (mf=1000)
[MF-SEL] tPrev=(  d=0.020152  dMin=0.000000  dAvg=0.020501  dMax=5.671441  Dlo=0.010250  Dhi=2.845971  err=0.000000  inc=-1.843199  bucket 0->0  (mf=1000)
[MF-SEL] tPrev=(  d=0.020634  dMin=0.000000  dAvg=0.020501  dMax=5.671441  Dlo=0.010250  Dhi=2.845971  err=0.000000  inc=-1.843199  bucket 0->0  (mf=1000)
[MF-SEL] tPrev=(  d=0.020971  dMin=0.000000  dAvg=0.020501  dMax=5.671441  Dlo=0.010251  Dhi=2.845971  err=0.000000  inc=-1.843199  bucket 0->0  (mf=1000)
[MF-SEL] tPrev=(  d=0.021261  dMin=0.000000  dAvg=0.020502  dMax=5.671441  Dlo=0.010251  Dhi=2.845971  err=0.000000  inc=-1.843199  bucket 0->0  (mf=1000)
[MF-SEL] tPrev=(  d=0.021406  dMin=0.000000  dAvg=0.020502  dMax=5.671441  Dlo=0.010251  Dhi=2.845972  err=0.000000  inc=-1.843199  bucket 0->0  (mf=1000)
[MF-SEL] tPrev=(  d=0.020897  dMin=0.000000  dAvg=0.020503  dMax=5.671441  Dlo=0.010251  Dhi=2.845972  err=0.000000  inc=-1.843199  bucket 0->0  (mf=1000)
[MF-SEL] tPrev=(  d=0.010726  dMin=0.000000  dAvg=0.020496  dMax=5.671441  Dlo=0.010248  Dhi=2.845968  err=0.000000  inc=-1.843199  bucket 0->0  (mf=1000)
[MF-SEL] tPrev=(  d=0.020843  dMin=0.000000  dAvg=0.020496  dMax=5.671441  Dlo=0.010248  Dhi=2.845968  err=0.000000  inc=-1.843199  bucket 0->0  (mf=1000)
[MF-SEL] tPrev=(  d=0.020822  dMin=0.000000  dAvg=0.020496  dMax=5.671441  Dlo=0.010248  Dhi=2.845968  err=0.000000  inc=-1.843199  bucket 0->0  (mf=1000)
[MF-SEL] tPrev=(  d=0.019798  dMin=0.000000  dAvg=0.020496  dMax=5.671441  Dlo=0.010248  Dhi=2.845968  err=0.000000  inc=-1.843199  bucket 0->0  (mf=1000)
[MF-SEL] tPrev=(  d=0.018887  dMin=0.000000  dAvg=0.020495  dMax=5.671441  Dlo=0.010247  Dhi=2.845968  err=0.000000  inc=-1.843199  bucket 0->0  (mf=1000)
[MF-SEL] tPrev=(  d=0.017947  dMin=0.000000  dAvg=0.020493  dMax=5.671441  Dlo=0.010246  Dhi=2.845967  err=0.000000  inc=-1.843199  bucket 0->0  (mf=1000)
[MF-SEL] tPrev=(  d=0.017742  dMin=0.000000  dAvg=0.020491  dMax=5.671441  Dlo=0.010245  Dhi=2.845966  err=0.000000  inc=-1.843199  bucket 0->0  (mf=1000)
[MF-SEL] tPrev=(  d=0.017442  dMin=0.000000  dAvg=0.020489  dMax=5.671441  Dlo=0.010244  Dhi=2.845965  err=0.000000  inc=-1.843199  bucket 0->0  (mf=1000)
[MF-SEL] tPrev=(  d=0.013253  dMin=0.000000  dAvg=0.020484  dMax=5.671441  Dlo=0.010242  Dhi=2.845962  err=0.000000  inc=-1.843199  bucket 0->0  (mf=1000)
[MF-SEL] tPrev=(  d=0.017645  dMin=0.000000  dAvg=0.020482  dMax=5.671441  Dlo=0.010241  Dhi=2.845961  err=0.000000  inc=-1.843199  bucket 0->0  (mf=1000)
[MF-SEL] tPrev=(  d=0.017910  dMin=0.000000  dAvg=0.020480  dMax=5.671441  Dlo=0.010240  Dhi=2.845960  err=0.000000  inc=-1.843199  bucket 0->0  (mf=1000)
[MF-SEL] tPrev=(  d=0.018335  dMin=0.000000  dAvg=0.020478  dMax=5.671441  Dlo=0.010239  Dhi=2.845960  err=0.000000  inc=-1.843199  bucket 0->0  (mf=1000)
[MF-SEL] tPrev=(  d=0.018917  dMin=0.000000  dAvg=0.020477  dMax=5.671441  Dlo=0.010239  Dhi=2.845959  err=0.000000  inc=-1.843199  bucket 0->0  (mf=1000)
[MF-SEL] tPrev=(  d=0.019672  dMin=0.000000  dAvg=0.020477  dMax=5.671441  Dlo=0.010238  Dhi=2.845959  err=0.000000  inc=-1.843199  bucket 0->0  (mf=1000)
[MF-SEL] tPrev=(  d=0.020121  dMin=0.000000  dAvg=0.020477  dMax=5.671441  Dlo=0.010238  Dhi=2.845959  err=0.000000  inc=-1.843199  bucket 0->0  (mf=1000)
[MF-SEL] tPrev=(  d=0.019891  dMin=0.000000  dAvg=0.020476  dMax=5.671441  Dlo=0.010238  Dhi=2.845958  err=0.000000  inc=-1.843199  bucket 0->0  (mf=1000)
[MF-SEL] tPrev=(  d=0.018870  dMin=0.000000  dAvg=0.020475  dMax=5.671441  Dlo=0.010237  Dhi=2.845958  err=0.000000  inc=-1.843199  bucket 0->0  (mf=1000)
[MF-SEL] tPrev=(  d=0.018167  dMin=0.000000  dAvg=0.020473  dMax=5.671441  Dlo=0.010237  Dhi=2.845957  err=0.000000  inc=-1.843199  bucket 0->0  (mf=1000)
[MF-SEL] tPrev=(  d=0.013369  dMin=0.000000  dAvg=0.020468  dMax=5.671441  Dlo=0.010234  Dhi=2.845955  err=0.000000  inc=-1.843199  bucket 0->0  (mf=1000)
[MF-SEL] tPrev=(  d=0.017080  dMin=0.000000  dAvg=0.020466  dMax=5.671441  Dlo=0.010233  Dhi=2.845953  err=0.000000  inc=-1.843199  bucket 0->0  (mf=1000)
[MF-SEL] tPrev=(  d=0.016836  dMin=0.000000  dAvg=0.020464  dMax=5.671441  Dlo=0.010232  Dhi=2.845952  err=0.000000  inc=-1.843199  bucket 0->0  (mf=1000)
[MF-SEL] tPrev=(  d=0.016801  dMin=0.000000  dAvg=0.020461  dMax=5.671441  Dlo=0.010231  Dhi=2.845951  err=0.000000  inc=-1.843199  bucket 0->0  (mf=1000)
[MF-SEL] tPrev=(  d=0.017126  dMin=0.000000  dAvg=0.020459  dMax=5.671441  Dlo=0.010229  Dhi=2.845950  err=0.000000  inc=-1.843199  bucket 0->0  (mf=1000)
[MF-SEL] tPrev=(  d=0.017541  dMin=0.000000  dAvg=0.020457  dMax=5.671441  Dlo=0.010228  Dhi=2.845949  err=0.000000  inc=-1.843199  bucket 0->0  (mf=1000)
[MF-SEL] tPrev=(  d=0.018271  dMin=0.000000  dAvg=0.020455  dMax=5.671441  Dlo=0.010228  Dhi=2.845948  err=0.000000  inc=-1.843199  bucket 0->0  (mf=1000)
[MF-SEL] tPrev=(  d=0.019624  dMin=0.000000  dAvg=0.020455  dMax=5.671441  Dlo=0.010227  Dhi=2.845948  err=0.000000  inc=-1.843199  bucket 0->0  (mf=1000)
[MF-SEL] tPrev=(  d=0.021459  dMin=0.000000  dAvg=0.020455  dMax=5.671441  Dlo=0.010228  Dhi=2.845948  err=0.000000  inc=-1.843199  bucket 0->0  (mf=1000)
[MF-SEL] tPrev=(  d=0.023109  dMin=0.000000  dAvg=0.020457  dMax=5.671441  Dlo=0.010229  Dhi=2.845949  err=0.000000  inc=-1.843199  bucket 0->0  (mf=1000)
[MF-SEL] tPrev=(  d=0.028272  dMin=0.000000  dAvg=0.020463  dMax=5.671441  Dlo=0.010231  Dhi=2.845952  err=0.000000  inc=-1.843199  bucket 0->0  (mf=1000)
[MF-SEL] tPrev=(  d=0.027140  dMin=0.000000  dAvg=0.020467  dMax=5.671441  Dlo=0.010234  Dhi=2.845954  err=0.000000  inc=-1.843199  bucket 0->0  (mf=1000)
[MF-SEL] tPrev=(  d=0.029179  dMin=0.000000  dAvg=0.020473  dMax=5.671441  Dlo=0.010237  Dhi=2.845957  err=0.000000  inc=-1.843199  bucket 0->0  (mf=1000)
[MF-SEL] tPrev=(  d=0.030535  dMin=0.000000  dAvg=0.020480  dMax=5.671441  Dlo=0.010240  Dhi=2.845960  err=0.000000  inc=-1.843199  bucket 0->0  (mf=1000)
[MF-SEL] tPrev=(  d=0.031834  dMin=0.000000  dAvg=0.020488  dMax=5.671441  Dlo=0.010244  Dhi=2.845964  err=0.000000  inc=-1.843199  bucket 0->0  (mf=1000)
[MF-SEL] tPrev=(  d=0.024549  dMin=0.000000  dAvg=0.020491  dMax=5.671441  Dlo=0.010245  Dhi=2.845966  err=0.000000  inc=-1.843199  bucket 0->0  (mf=1000)
[MF-SEL] tPrev=(  d=0.036125  dMin=0.000000  dAvg=0.020501  dMax=5.671441  Dlo=0.010251  Dhi=2.845971  err=0.000000  inc=-1.843199  bucket 0->0  (mf=1000)
[MF-SEL] tPrev=(  d=0.036843  dMin=0.000000  dAvg=0.020513  dMax=5.671441  Dlo=0.010256  Dhi=2.845977  err=0.000000  inc=-1.843199  bucket 0->0  (mf=1000)
[MF-SEL] tPrev=(  d=0.036188  dMin=0.000000  dAvg=0.020524  dMax=5.671441  Dlo=0.010262  Dhi=2.845982  err=0.000000  inc=-1.843199  bucket 0->0  (mf=1000)
[MF-SEL] tPrev=(  d=0.035265  dMin=0.000000  dAvg=0.020534  dMax=5.671441  Dlo=0.010267  Dhi=2.845987  err=0.000000  inc=-1.843199  bucket 0->0  (mf=1000)
[MF-SEL] tPrev=(  d=0.028737  dMin=0.000000  dAvg=0.020539  dMax=5.671441  Dlo=0.010270  Dhi=2.845990  err=0.000000  inc=-1.843199  bucket 0->0  (mf=1000)
[MF-SEL] tPrev=(  d=0.033074  dMin=0.000000  dAvg=0.020548  dMax=5.671441  Dlo=0.010274  Dhi=2.845994  err=0.000000  inc=-1.843199  bucket 0->0  (mf=1000)
[MF-SEL] tPrev=(  d=0.031895  dMin=0.000000  dAvg=0.020556  dMax=5.671441  Dlo=0.010278  Dhi=2.845998  err=0.000000  inc=-1.843199  bucket 0->0  (mf=1000)
[MF-SEL] tPrev=(  d=0.027749  dMin=0.000000  dAvg=0.020561  dMax=5.671441  Dlo=0.010280  Dhi=2.846001  err=0.000000  inc=-1.843199  bucket 0->0  (mf=1000)
[MF-SEL] tPrev=(  d=0.030025  dMin=0.000000  dAvg=0.020567  dMax=5.671441  Dlo=0.010284  Dhi=2.846004  err=0.000000  inc=-1.843199  bucket 0->0  (mf=1000)
[MF-SEL] tPrev=(  d=0.028809  dMin=0.000000  dAvg=0.020573  dMax=5.671441  Dlo=0.010286  Dhi=2.846007  err=0.000000  inc=-1.843199  bucket 0->0  (mf=1000)
[MF-SEL] tPrev=(  d=0.028656  dMin=0.000000  dAvg=0.020578  dMax=5.671441  Dlo=0.010289  Dhi=2.846009  err=0.000000  inc=-1.843199  bucket 0->0  (mf=1000)
[MF-SEL] tPrev=(  d=0.028298  dMin=0.000000  dAvg=0.020584  dMax=5.671441  Dlo=0.010292  Dhi=2.846012  err=0.000000  inc=-1.843199  bucket 0->0  (mf=1000)
[MF-SEL] tPrev=(  d=0.028366  dMin=0.000000  dAvg=0.020589  dMax=5.671441  Dlo=0.010294  Dhi=2.846015  err=0.000000  inc=-1.843199  bucket 0->0  (mf=1000)
[MF-SEL] tPrev=(  d=0.035789  dMin=0.000000  dAvg=0.020599  dMax=5.671441  Dlo=0.010300  Dhi=2.846020  err=0.000000  inc=-1.843199  bucket 0->0  (mf=1000)
[MF-SEL] tPrev=(  d=0.028702  dMin=0.000000  dAvg=0.020605  dMax=5.671441  Dlo=0.010302  Dhi=2.846023  err=0.000000  inc=-1.843199  bucket 0->0  (mf=1000)
[MF-SEL] tPrev=(  d=0.028098  dMin=0.000000  dAvg=0.020610  dMax=5.671441  Dlo=0.010305  Dhi=2.846025  err=0.000000  inc=-1.843199  bucket 0->0  (mf=1000)
[MF-SEL] tPrev=(  d=0.027787  dMin=0.000000  dAvg=0.020615  dMax=5.671441  Dlo=0.010307  Dhi=2.846028  err=0.000000  inc=-1.843199  bucket 0->0  (mf=1000)
[MF-SEL] tPrev=(  d=0.028166  dMin=0.000000  dAvg=0.020620  dMax=5.671441  Dlo=0.010310  Dhi=2.846030  err=0.000000  inc=-1.843199  bucket 0->0  (mf=1000)
[MF-SEL] tPrev=(  d=0.028188  dMin=0.000000  dAvg=0.020625  dMax=5.671441  Dlo=0.010313  Dhi=2.846033  err=0.000000  inc=-1.843199  bucket 0->0  (mf=1000)
[MF-SEL] tPrev=(  d=0.027631  dMin=0.000000  dAvg=0.020630  dMax=5.671441  Dlo=0.010315  Dhi=2.846035  err=0.000000  inc=-1.843199  bucket 0->0  (mf=1000)
[MF-SEL] tPrev=(  d=0.030249  dMin=0.000000  dAvg=0.020636  dMax=5.671441  Dlo=0.010318  Dhi=2.846038  err=0.000000  inc=-1.843199  bucket 0->0  (mf=1000)
[MF-SEL] tPrev=(  d=0.026496  dMin=0.000000  dAvg=0.020640  dMax=5.671441  Dlo=0.010320  Dhi=2.846040  err=0.000000  inc=-1.843199  bucket 0->0  (mf=1000)
[MF-SEL] tPrev=(  d=0.025771  dMin=0.000000  dAvg=0.020644  dMax=5.671441  Dlo=0.010322  Dhi=2.846042  err=0.000000  inc=-1.843199  bucket 0->0  (mf=1000)
[MF-SEL] tPrev=(  d=0.025338  dMin=0.000000  dAvg=0.020647  dMax=5.671441  Dlo=0.010323  Dhi=2.846044  err=0.000000  inc=-1.843199  bucket 0->0  (mf=1000)
[MF-SEL] tPrev=(  d=0.025230  dMin=0.000000  dAvg=0.020650  dMax=5.671441  Dlo=0.010325  Dhi=2.846045  err=0.000000  inc=-1.843199  bucket 0->0  (mf=1000)
[MF-SEL] tPrev=(  d=0.024923  dMin=0.000000  dAvg=0.020653  dMax=5.671441  Dlo=0.010326  Dhi=2.846047  err=0.000000  inc=-1.843199  bucket 0->0  (mf=1000)
[MF-SEL] tPrev=(  d=0.025405  dMin=0.000000  dAvg=0.020656  dMax=5.671441  Dlo=0.010328  Dhi=2.846048  err=0.000000  inc=-1.843199  bucket 0->0  (mf=1000)
[MF-SEL] tPrev=(  d=0.024972  dMin=0.000000  dAvg=0.020659  dMax=5.671441  Dlo=0.010330  Dhi=2.846050  err=0.000000  inc=-1.843199  bucket 0->0  (mf=1000)
[MF-SEL] tPrev=(  d=0.024194  dMin=0.000000  dAvg=0.020661  dMax=5.671441  Dlo=0.010331  Dhi=2.846051  err=0.000000  inc=-1.843199  bucket 0->0  (mf=1000)
[MF-SEL] tPrev=(  d=0.022971  dMin=0.000000  dAvg=0.020663  dMax=5.671441  Dlo=0.010332  Dhi=2.846052  err=0.000000  inc=-1.843199  bucket 0->0  (mf=1000)
[MF-SEL] tPrev=(  d=0.019380  dMin=0.000000  dAvg=0.020662  dMax=5.671441  Dlo=0.010331  Dhi=2.846051  err=0.000000  inc=-1.843199  bucket 0->0  (mf=1000)
[MF-SEL] tPrev=(  d=0.021519  dMin=0.000000  dAvg=0.020663  dMax=5.671441  Dlo=0.010331  Dhi=2.846052  err=0.000000  inc=-1.843199  bucket 0->0  (mf=1000)
[MF-SEL] tPrev=(  d=0.020690  dMin=0.000000  dAvg=0.020663  dMax=5.671441  Dlo=0.010331  Dhi=2.846052  err=0.000000  inc=-1.843199  bucket 0->0  (mf=1000)
[MF-SEL] tPrev=(  d=0.019932  dMin=0.000000  dAvg=0.020662  dMax=5.671441  Dlo=0.010331  Dhi=2.846051  err=0.000000  inc=-1.843199  bucket 0->0  (mf=1000)
[MF-SEL] tPrev=(  d=0.019503  dMin=0.000000  dAvg=0.020662  dMax=5.671441  Dlo=0.010331  Dhi=2.846051  err=0.000000  inc=-1.843199  bucket 0->0  (mf=1000)
[MF-SEL] tPrev=(  d=0.019538  dMin=0.000000  dAvg=0.020661  dMax=5.671441  Dlo=0.010330  Dhi=2.846051  err=0.000000  inc=-1.843199  bucket 0->0  (mf=1000)
[MF-SEL] tPrev=(  d=0.019820  dMin=0.000000  dAvg=0.020660  dMax=5.671441  Dlo=0.010330  Dhi=2.846050  err=0.000000  inc=-1.843199  bucket 0->0  (mf=1000)
[MF-SEL] tPrev=(  d=0.019834  dMin=0.000000  dAvg=0.020660  dMax=5.671441  Dlo=0.010330  Dhi=2.846050  err=0.000000  inc=-1.843199  bucket 0->0  (mf=1000)
[MF-SEL] tPrev=(  d=0.020049  dMin=0.000000  dAvg=0.020659  dMax=5.671441  Dlo=0.010330  Dhi=2.846050  err=0.000000  inc=-1.843199  bucket 0->0  (mf=1000)
[MF-SEL] tPrev=(  d=0.020697  dMin=0.000000  dAvg=0.020659  dMax=5.671441  Dlo=0.010330  Dhi=2.846050  err=0.000000  inc=-1.843199  bucket 0->0  (mf=1000)
[MF-SEL] tPrev=(  d=0.027150  dMin=0.000000  dAvg=0.020664  dMax=5.671441  Dlo=0.010332  Dhi=2.846052  err=0.000000  inc=-1.843199  bucket 0->0  (mf=1000)
[MF-SEL] tPrev=(  d=0.021745  dMin=0.000000  dAvg=0.020664  dMax=5.671441  Dlo=0.010332  Dhi=2.846052  err=0.000000  inc=-1.843199  bucket 0->0  (mf=1000)
[MF-SEL] tPrev=(  d=0.022255  dMin=0.000000  dAvg=0.020665  dMax=5.671441  Dlo=0.010333  Dhi=2.846053  err=0.000000  inc=-1.843199  bucket 0->0  (mf=1000)
[MF-SEL] tPrev=(  d=0.022712  dMin=0.000000  dAvg=0.020667  dMax=5.671441  Dlo=0.010333  Dhi=2.846054  err=0.000000  inc=-1.843199  bucket 0->0  (mf=1000)
[MF-SEL] tPrev=(  d=0.023411  dMin=0.000000  dAvg=0.020669  dMax=5.671441  Dlo=0.010334  Dhi=2.846055  err=0.000000  inc=-1.843199  bucket 0->0  (mf=1000)
[MF-SEL] tPrev=(  d=0.016798  dMin=0.000000  dAvg=0.020666  dMax=5.671441  Dlo=0.010333  Dhi=2.846053  err=0.000000  inc=-1.843199  bucket 0->0  (mf=1000)
[MF-SEL] tPrev=(  d=0.023354  dMin=0.000000  dAvg=0.020668  dMax=5.671441  Dlo=0.010334  Dhi=2.846054  err=0.000000  inc=-1.843199  bucket 0->0  (mf=1000)
[MF-SEL] tPrev=(  d=0.022457  dMin=0.000000  dAvg=0.020669  dMax=5.671441  Dlo=0.010334  Dhi=2.846055  err=0.000000  inc=-1.843199  bucket 0->0  (mf=1000)
[MF-SEL] tPrev=(  d=0.019280  dMin=0.000000  dAvg=0.020668  dMax=5.671441  Dlo=0.010334  Dhi=2.846054  err=0.000000  inc=-1.843199  bucket 0->0  (mf=1000)
[MF-SEL] tPrev=(  d=0.020612  dMin=0.000000  dAvg=0.020668  dMax=5.671441  Dlo=0.010334  Dhi=2.846054  err=0.000000  inc=-1.843199  bucket 0->0  (mf=1000)
[MF-SEL] tPrev=(  d=0.019975  dMin=0.000000  dAvg=0.020668  dMax=5.671441  Dlo=0.010334  Dhi=2.846054  err=0.000000  inc=-1.843199  bucket 0->0  (mf=1000)
[MF-SEL] tPrev=(  d=0.019343  dMin=0.000000  dAvg=0.020667  dMax=5.671441  Dlo=0.010333  Dhi=2.846054  err=0.000000  inc=-1.843199  bucket 0->0  (mf=1000)
[MF-SEL] tPrev=(  d=0.019006  dMin=0.000000  dAvg=0.020666  dMax=5.671441  Dlo=0.010333  Dhi=2.846053  err=0.000000  inc=-1.843199  bucket 0->0  (mf=1000)
[MF-SEL] tPrev=(  d=0.019852  dMin=0.000000  dAvg=0.020665  dMax=5.671441  Dlo=0.010333  Dhi=2.846053  err=0.000000  inc=-1.843199  bucket 0->0  (mf=1000)
[MF-SEL] tPrev=(  d=0.018625  dMin=0.000000  dAvg=0.020664  dMax=5.671441  Dlo=0.010332  Dhi=2.846052  err=0.000000  inc=-1.843199  bucket 0->0  (mf=1000)
[MF-SEL] tPrev=(  d=0.018542  dMin=0.000000  dAvg=0.020662  dMax=5.671441  Dlo=0.010331  Dhi=2.846051  err=0.000000  inc=-1.843199  bucket 0->0  (mf=1000)
[MF-SEL] tPrev=(  d=0.018580  dMin=0.000000  dAvg=0.020661  dMax=5.671441  Dlo=0.010330  Dhi=2.846051  err=0.000000  inc=-1.843199  bucket 0->0  (mf=1000)
[MF-SEL] tPrev=(  d=0.018778  dMin=0.000000  dAvg=0.020660  dMax=5.671441  Dlo=0.010330  Dhi=2.846050  err=0.000000  inc=-1.843199  bucket 0->0  (mf=1000)
[MF-SEL] tPrev=(  d=0.018821  dMin=0.000000  dAvg=0.020658  dMax=5.671441  Dlo=0.010329  Dhi=2.846050  err=0.000000  inc=-1.843199  bucket 0->0  (mf=1000)
[MF-SEL] tPrev=(  d=0.025559  dMin=0.000000  dAvg=0.020662  dMax=5.671441  Dlo=0.010331  Dhi=2.846051  err=0.000000  inc=-1.843199  bucket 0->0  (mf=1000)
[MF-SEL] tPrev=(  d=0.020581  dMin=0.000000  dAvg=0.020662  dMax=5.671441  Dlo=0.010331  Dhi=2.846051  err=0.000000  inc=-1.843199  bucket 0->0  (mf=1000)
[MF-SEL] tPrev=(  d=0.021313  dMin=0.000000  dAvg=0.020662  dMax=5.671441  Dlo=0.010331  Dhi=2.846051  err=0.000000  inc=-1.843199  bucket 0->0  (mf=1000)
[MF-SEL] tPrev=(  d=0.021811  dMin=0.000000  dAvg=0.020663  dMax=5.671441  Dlo=0.010331  Dhi=2.846052  err=0.000000  inc=-1.843199  bucket 0->0  (mf=1000)
[MF-SEL] tPrev=(  d=0.022220  dMin=0.000000  dAvg=0.020664  dMax=5.671441  Dlo=0.010332  Dhi=2.846052  err=0.000000  inc=-1.843199  bucket 0->0  (mf=1000)
[MF-SEL] tPrev=(  d=0.023354  dMin=0.000000  dAvg=0.020666  dMax=5.671441  Dlo=0.010333  Dhi=2.846053  err=0.000000  inc=-1.843199  bucket 0->0  (mf=1000)
[MF-SEL] tPrev=(  d=0.025182  dMin=0.000000  dAvg=0.020669  dMax=5.671441  Dlo=0.010334  Dhi=2.846055  err=0.000000  inc=-1.843199  bucket 0->0  (mf=1000)
[MF-SEL] tPrev=(  d=0.030019  dMin=0.000000  dAvg=0.020675  dMax=5.671441  Dlo=0.010337  Dhi=2.846058  err=0.000000  inc=-1.843199  bucket 0->0  (mf=1000)
[MF-SEL] tPrev=(  d=0.027476  dMin=0.000000  dAvg=0.020679  dMax=5.671441  Dlo=0.010340  Dhi=2.846060  err=0.000000  inc=-1.843199  bucket 0->0  (mf=1000)
[MF-SEL] tPrev=(  d=0.028157  dMin=0.000000  dAvg=0.020684  dMax=5.671441  Dlo=0.010342  Dhi=2.846062  err=0.000000  inc=-1.843199  bucket 0->0  (mf=1000)
[MF-SEL] tPrev=(  d=0.029100  dMin=0.000000  dAvg=0.020690  dMax=5.671441  Dlo=0.010345  Dhi=2.846065  err=0.000000  inc=-1.843199  bucket 0->0  (mf=1000)
[MF-SEL] tPrev=(  d=0.030305  dMin=0.000000  dAvg=0.020696  dMax=5.671441  Dlo=0.010348  Dhi=2.846068  err=0.000000  inc=-1.843199  bucket 0->0  (mf=1000)
[MF-SEL] tPrev=(  d=0.032103  dMin=0.000000  dAvg=0.020703  dMax=5.671441  Dlo=0.010352  Dhi=2.846072  err=0.000000  inc=-1.843199  bucket 0->0  (mf=1000)
[MF-SEL] tPrev=(  d=0.032968  dMin=0.000000  dAvg=0.020712  dMax=5.671441  Dlo=0.010356  Dhi=2.846076  err=0.000000  inc=-1.843199  bucket 0->0  (mf=1000)
[MF-SEL] tPrev=(  d=0.033496  dMin=0.000000  dAvg=0.020720  dMax=5.671441  Dlo=0.010360  Dhi=2.846080  err=0.000000  inc=-1.843199  bucket 0->0  (mf=1000)
[MF-SEL] tPrev=(  d=0.033162  dMin=0.000000  dAvg=0.020728  dMax=5.671441  Dlo=0.010364  Dhi=2.846084  err=0.000000  inc=-1.843199  bucket 0->0  (mf=1000)
[MF-SEL] tPrev=(  d=0.031186  dMin=0.000000  dAvg=0.020735  dMax=5.671441  Dlo=0.010367  Dhi=2.846088  err=0.000000  inc=-1.843199  bucket 0->0  (mf=1000)
[MF-SEL] tPrev=(  d=0.033060  dMin=0.000000  dAvg=0.020743  dMax=5.671441  Dlo=0.010371  Dhi=2.846092  err=0.000000  inc=-1.843199  bucket 0->0  (mf=1000)
[MF-SEL] tPrev=(  d=0.032389  dMin=0.000000  dAvg=0.020751  dMax=5.671441  Dlo=0.010375  Dhi=2.846096  err=0.000000  inc=-1.843199  bucket 0->0  (mf=1000)
[MF-SEL] tPrev=(  d=0.032592  dMin=0.000000  dAvg=0.020758  dMax=5.671441  Dlo=0.010379  Dhi=2.846099  err=0.000000  inc=-1.843199  bucket 0->0  (mf=1000)
[MF-SEL] tPrev=(  d=0.032070  dMin=0.000000  dAvg=0.020766  dMax=5.671441  Dlo=0.010383  Dhi=2.846103  err=0.000000  inc=-1.843199  bucket 0->0  (mf=1000)
[MF-SEL] tPrev=(  d=0.031934  dMin=0.000000  dAvg=0.020773  dMax=5.671441  Dlo=0.010387  Dhi=2.846107  err=0.000000  inc=-1.843199  bucket 0->0  (mf=1000)
[MF-SEL] tPrev=(  d=0.036168  dMin=0.000000  dAvg=0.020783  dMax=5.671441  Dlo=0.010392  Dhi=2.846112  err=0.000000  inc=-1.843199  bucket 0->0  (mf=1000)
[MF-SEL] tPrev=(  d=0.032154  dMin=0.000000  dAvg=0.020790  dMax=5.671441  Dlo=0.010395  Dhi=2.846116  err=0.000000  inc=-1.843199  bucket 0->0  (mf=1000)
[MF-SEL] tPrev=(  d=0.032340  dMin=0.000000  dAvg=0.020798  dMax=5.671441  Dlo=0.010399  Dhi=2.846119  err=0.000000  inc=-1.843199  bucket 0->0  (mf=1000)
[MF-SEL] tPrev=(  d=0.032539  dMin=0.000000  dAvg=0.020806  dMax=5.671441  Dlo=0.010403  Dhi=2.846123  err=0.000000  inc=-1.843199  bucket 0->0  (mf=1000)
[MF-SEL] tPrev=(  d=0.032376  dMin=0.000000  dAvg=0.020813  dMax=5.671441  Dlo=0.010407  Dhi=2.846127  err=0.000000  inc=-1.843199  bucket 0->0  (mf=1000)
[MF-SEL] tPrev=(  d=0.027451  dMin=0.000000  dAvg=0.020817  dMax=5.671441  Dlo=0.010409  Dhi=2.846129  err=0.000000  inc=-1.843199  bucket 0->0  (mf=1000)
[MF-SEL] tPrev=(  d=0.031387  dMin=0.000000  dAvg=0.020824  dMax=5.671441  Dlo=0.010412  Dhi=2.846132  err=0.000000  inc=-1.843199  bucket 0->0  (mf=1000)
[MF-SEL] tPrev=(  d=0.031231  dMin=0.000000  dAvg=0.020831  dMax=5.671441  Dlo=0.010416  Dhi=2.846136  err=0.000000  inc=-1.843199  bucket 0->0  (mf=1000)
[MF-SEL] tPrev=(  d=0.031027  dMin=0.000000  dAvg=0.020838  dMax=5.671441  Dlo=0.010419  Dhi=2.846139  err=0.000000  inc=-1.843199  bucket 0->0  (mf=1000)
[MF-SEL] tPrev=(  d=0.030971  dMin=0.000000  dAvg=0.020844  dMax=5.671441  Dlo=0.010422  Dhi=2.846142  err=0.000000  inc=-1.843199  bucket 0->0  (mf=1000)
[MF-SEL] tPrev=(  d=0.030698  dMin=0.000000  dAvg=0.020851  dMax=5.671441  Dlo=0.010425  Dhi=2.846146  err=0.000000  inc=-1.843199  bucket 0->0  (mf=1000)
[MF-SEL] tPrev=(  d=0.030444  dMin=0.000000  dAvg=0.020857  dMax=5.671441  Dlo=0.010428  Dhi=2.846149  err=0.000000  inc=-1.843199  bucket 0->0  (mf=1000)
[MF-SEL] tPrev=(  d=0.030070  dMin=0.000000  dAvg=0.020863  dMax=5.671441  Dlo=0.010431  Dhi=2.846152  err=0.000000  inc=-1.843199  bucket 0->0  (mf=1000)
[MF-SEL] tPrev=(  d=0.032111  dMin=0.000000  dAvg=0.020870  dMax=5.671441  Dlo=0.010435  Dhi=2.846155  err=0.000000  inc=-1.843199  bucket 0->0  (mf=1000)
[MF-SEL] tPrev=(  d=0.030904  dMin=0.000000  dAvg=0.020877  dMax=5.671441  Dlo=0.010438  Dhi=2.846159  err=0.000000  inc=-1.843199  bucket 0->0  (mf=1000)
[MF-SEL] tPrev=(  d=0.031261  dMin=0.000000  dAvg=0.020883  dMax=5.671441  Dlo=0.010442  Dhi=2.846162  err=0.000000  inc=-1.843199  bucket 0->0  (mf=1000)
[MF-SEL] tPrev=(  d=0.031409  dMin=0.000000  dAvg=0.020890  dMax=5.671441  Dlo=0.010445  Dhi=2.846165  err=0.000000  inc=-1.843199  bucket 0->0  (mf=1000)
[MF-SEL] tPrev=(  d=0.031721  dMin=0.000000  dAvg=0.020897  dMax=5.671441  Dlo=0.010449  Dhi=2.846169  err=0.000000  inc=-1.843199  bucket 0->0  (mf=1000)
[MF-SEL] tPrev=(  d=0.032263  dMin=0.000000  dAvg=0.020904  dMax=5.671441  Dlo=0.010452  Dhi=2.846173  err=0.000000  inc=-1.843199  bucket 0->0  (mf=1000)
[MF-SEL] tPrev=(  d=0.032763  dMin=0.000000  dAvg=0.020912  dMax=5.671441  Dlo=0.010456  Dhi=2.846176  err=0.000000  inc=-1.843199  bucket 0->0  (mf=1000)
[MF-SEL] tPrev=(  d=0.033439  dMin=0.000000  dAvg=0.020920  dMax=5.671441  Dlo=0.010460  Dhi=2.846180  err=0.000000  inc=-1.843199  bucket 0->0  (mf=1000)
[MF-SEL] tPrev=(  d=0.034003  dMin=0.000000  dAvg=0.020929  dMax=5.671441  Dlo=0.010464  Dhi=2.846185  err=0.000000  inc=-1.843199  bucket 0->0  (mf=1000)
[MF-SEL] tPrev=(  d=0.035013  dMin=0.000000  dAvg=0.020938  dMax=5.671441  Dlo=0.010469  Dhi=2.846189  err=0.000000  inc=-1.843199  bucket 0->0  (mf=1000)
[MF-SEL] tPrev=(  d=0.030603  dMin=0.000000  dAvg=0.020944  dMax=5.671441  Dlo=0.010472  Dhi=2.846192  err=0.000000  inc=-1.843199  bucket 0->0  (mf=1000)
[MF-SEL] tPrev=(  d=0.036342  dMin=0.000000  dAvg=0.020954  dMax=5.671441  Dlo=0.010477  Dhi=2.846197  err=0.000000  inc=-1.843199  bucket 0->0  (mf=1000)
[MF-SEL] tPrev=(  d=0.037030  dMin=0.000000  dAvg=0.020964  dMax=5.671441  Dlo=0.010482  Dhi=2.846202  err=0.000000  inc=-1.843199  bucket 0->0  (mf=1000)
[MF-SEL] tPrev=(  d=0.037613  dMin=0.000000  dAvg=0.020975  dMax=5.671441  Dlo=0.010487  Dhi=2.846208  err=0.000000  inc=-1.843199  bucket 0->0  (mf=1000)
[MF-SEL] tPrev=(  d=0.038472  dMin=0.000000  dAvg=0.020986  dMax=5.671441  Dlo=0.010493  Dhi=2.846213  err=0.000000  inc=-1.843199  bucket 0->0  (mf=1000)
[MF-SEL] tPrev=(  d=0.039328  dMin=0.000000  dAvg=0.020998  dMax=5.671441  Dlo=0.010499  Dhi=2.846219  err=0.000000  inc=-1.843199  bucket 0->0  (mf=1000)
[MF-SEL] tPrev=(  d=0.040068  dMin=0.000000  dAvg=0.021010  dMax=5.671441  Dlo=0.010505  Dhi=2.846225  err=0.000000  inc=-1.843199  bucket 0->0  (mf=1000)
[MF-SEL] tPrev=(  d=0.036864  dMin=0.000000  dAvg=0.021020  dMax=5.671441  Dlo=0.010510  Dhi=2.846230  err=0.000000  inc=-1.843199  bucket 0->0  (mf=1000)
[MF-SEL] tPrev=(  d=0.041104  dMin=0.000000  dAvg=0.021033  dMax=5.671441  Dlo=0.010516  Dhi=2.846237  err=0.000000  inc=-1.843199  bucket 0->0  (mf=1000)
[MF-SEL] tPrev=(  d=0.042199  dMin=0.000000  dAvg=0.021046  dMax=5.671441  Dlo=0.010523  Dhi=2.846244  err=0.000000  inc=-1.843199  bucket 0->0  (mf=1000)
[MF-SEL] tPrev=(  d=0.042994  dMin=0.000000  dAvg=0.021060  dMax=5.671441  Dlo=0.010530  Dhi=2.846251  err=0.000000  inc=-1.843199  bucket 0->0  (mf=1000)
[MF-SEL] tPrev=(  d=0.044268  dMin=0.000000  dAvg=0.021075  dMax=5.671441  Dlo=0.010538  Dhi=2.846258  err=0.000000  inc=-1.843199  bucket 0->0  (mf=1000)
[MF-SEL] tPrev=(  d=0.045623  dMin=0.000000  dAvg=0.021091  dMax=5.671441  Dlo=0.010545  Dhi=2.846266  err=0.000000  inc=-1.843199  bucket 0->0  (mf=1000)
[MF-SEL] tPrev=(  d=0.045630  dMin=0.000000  dAvg=0.021107  dMax=5.671441  Dlo=0.010553  Dhi=2.846274  err=0.000000  inc=-1.843199  bucket 0->0  (mf=1000)
[MF-SEL] tPrev=(  d=0.045932  dMin=0.000000  dAvg=0.021122  dMax=5.671441  Dlo=0.010561  Dhi=2.846281  err=0.000000  inc=-1.843199  bucket 0->0  (mf=1000)
[MF-SEL] tPrev=(  d=0.046236  dMin=0.000000  dAvg=0.021138  dMax=5.671441  Dlo=0.010569  Dhi=2.846289  err=0.000000  inc=-1.843199  bucket 0->0  (mf=1000)
[MF-SEL] tPrev=(  d=0.045915  dMin=0.000000  dAvg=0.021154  dMax=5.671441  Dlo=0.010577  Dhi=2.846297  err=0.000000  inc=-1.843199  bucket 0->0  (mf=1000)
[MF-SEL] tPrev=(  d=0.054203  dMin=0.000000  dAvg=0.021175  dMax=5.671441  Dlo=0.010588  Dhi=2.846308  err=0.000000  inc=-1.843199  bucket 0->0  (mf=1000)
[MF-SEL] tPrev=(  d=0.045927  dMin=0.000000  dAvg=0.021191  dMax=5.671441  Dlo=0.010595  Dhi=2.846316  err=0.000000  inc=-1.843199  bucket 0->0  (mf=1000)
[MF-SEL] tPrev=(  d=0.045604  dMin=0.000000  dAvg=0.021206  dMax=5.671441  Dlo=0.010603  Dhi=2.846323  err=0.000000  inc=-1.843199  bucket 0->0  (mf=1000)
[MF-SEL] tPrev=(  d=0.037768  dMin=0.000000  dAvg=0.021217  dMax=5.671441  Dlo=0.010608  Dhi=2.846329  err=0.000000  inc=-1.843199  bucket 0->0  (mf=1000)
[MF-SEL] tPrev=(  d=0.044476  dMin=0.000000  dAvg=0.021232  dMax=5.671441  Dlo=0.010616  Dhi=2.846336  err=0.000000  inc=-1.843199  bucket 0->0  (mf=1000)
[MF-SEL] tPrev=(  d=0.043421  dMin=0.000000  dAvg=0.021246  dMax=5.671441  Dlo=0.010623  Dhi=2.846343  err=0.000000  inc=-1.843199  bucket 0->0  (mf=1000)
[MF-SEL] tPrev=(  d=0.042277  dMin=0.000000  dAvg=0.021259  dMax=5.671441  Dlo=0.010629  Dhi=2.846350  err=0.000000  inc=-1.843199  bucket 0->0  (mf=1000)
[MF-SEL] tPrev=(  d=0.041140  dMin=0.000000  dAvg=0.021272  dMax=5.671441  Dlo=0.010636  Dhi=2.846356  err=0.000000  inc=-1.843199  bucket 0->0  (mf=1000)
[MF-SEL] tPrev=(  d=0.040050  dMin=0.000000  dAvg=0.021283  dMax=5.671441  Dlo=0.010642  Dhi=2.846362  err=0.000000  inc=-1.843199  bucket 0->0  (mf=1000)
[MF-SEL] tPrev=(  d=0.039008  dMin=0.000000  dAvg=0.021295  dMax=5.671441  Dlo=0.010647  Dhi=2.846368  err=0.000000  inc=-1.843199  bucket 0->0  (mf=1000)
[MF-SEL] tPrev=(  d=0.033468  dMin=0.000000  dAvg=0.021302  dMax=5.671441  Dlo=0.010651  Dhi=2.846371  err=0.000000  inc=-1.843199  bucket 0->0  (mf=1000)
[MF-SEL] tPrev=(  d=0.035670  dMin=0.000000  dAvg=0.021311  dMax=5.671441  Dlo=0.010656  Dhi=2.846376  err=0.000000  inc=-1.843199  bucket 0->0  (mf=1000)
[MF-SEL] tPrev=(  d=0.034272  dMin=0.000000  dAvg=0.021320  dMax=5.671441  Dlo=0.010660  Dhi=2.846380  err=0.000000  inc=-1.843199  bucket 0->0  (mf=1000)
[MF-SEL] tPrev=(  d=0.033321  dMin=0.000000  dAvg=0.021327  dMax=5.671441  Dlo=0.010664  Dhi=2.846384  err=0.000000  inc=-1.843199  bucket 0->0  (mf=1000)
[MF-SEL] tPrev=(  d=0.033102  dMin=0.000000  dAvg=0.021335  dMax=5.671441  Dlo=0.010667  Dhi=2.846388  err=0.000000  inc=-1.843199  bucket 0->0  (mf=1000)
[MF-SEL] tPrev=(  d=0.033035  dMin=0.000000  dAvg=0.021342  dMax=5.671441  Dlo=0.010671  Dhi=2.846391  err=0.000000  inc=-1.843199  bucket 0->0  (mf=1000)
[MF-SEL] tPrev=(  d=0.039678  dMin=0.000000  dAvg=0.021353  dMax=5.671441  Dlo=0.010677  Dhi=2.846397  err=0.000000  inc=-1.843199  bucket 0->0  (mf=1000)
[MF-SEL] tPrev=(  d=0.032247  dMin=0.000000  dAvg=0.021360  dMax=5.671441  Dlo=0.010680  Dhi=2.846400  err=0.000000  inc=-1.843199  bucket 0->0  (mf=1000)
[MF-SEL] tPrev=(  d=0.031177  dMin=0.000000  dAvg=0.021366  dMax=5.671441  Dlo=0.010683  Dhi=2.846404  err=0.000000  inc=-1.843199  bucket 0->0  (mf=1000)
[MF-SEL] tPrev=(  d=0.030416  dMin=0.000000  dAvg=0.021372  dMax=5.671441  Dlo=0.010686  Dhi=2.846406  err=0.000000  inc=-1.843199  bucket 0->0  (mf=1000)
[MF-SEL] tPrev=(  d=0.029261  dMin=0.000000  dAvg=0.021377  dMax=5.671441  Dlo=0.010689  Dhi=2.846409  err=0.000000  inc=-1.843199  bucket 0->0  (mf=1000)
[MF-SEL] tPrev=(  d=0.028346  dMin=0.000000  dAvg=0.021381  dMax=5.671441  Dlo=0.010691  Dhi=2.846411  err=0.000000  inc=-1.843199  bucket 0->0  (mf=1000)
[MF-SEL] tPrev=(  d=0.027183  dMin=0.000000  dAvg=0.021385  dMax=5.671441  Dlo=0.010693  Dhi=2.846413  err=0.000000  inc=-1.843199  bucket 0->0  (mf=1000)
[MF-SEL] tPrev=(  d=0.025713  dMin=0.000000  dAvg=0.021388  dMax=5.671441  Dlo=0.010694  Dhi=2.846414  err=0.000000  inc=-1.843199  bucket 0->0  (mf=1000)
[MF-SEL] tPrev=(  d=0.025578  dMin=0.000000  dAvg=0.021390  dMax=5.671441  Dlo=0.010695  Dhi=2.846416  err=0.000000  inc=-1.843199  bucket 0->0  (mf=1000)
[MF-SEL] tPrev=(  d=0.024267  dMin=0.000000  dAvg=0.021392  dMax=5.671441  Dlo=0.010696  Dhi=2.846416  err=0.000000  inc=-1.843199  bucket 0->0  (mf=1000)
[MF-SEL] tPrev=(  d=0.023660  dMin=0.000000  dAvg=0.021394  dMax=5.671441  Dlo=0.010697  Dhi=2.846417  err=0.000000  inc=-1.843199  bucket 0->0  (mf=1000)
[MF-SEL] tPrev=(  d=0.023242  dMin=0.000000  dAvg=0.021395  dMax=5.671441  Dlo=0.010697  Dhi=2.846418  err=0.000000  inc=-1.843199  bucket 0->0  (mf=1000)
[MF-SEL] tPrev=(  d=0.023062  dMin=0.000000  dAvg=0.021396  dMax=5.671441  Dlo=0.010698  Dhi=2.846418  err=0.000000  inc=-1.843199  bucket 0->0  (mf=1000)
[MF-SEL] tPrev=(  d=0.023139  dMin=0.000000  dAvg=0.021397  dMax=5.671441  Dlo=0.010698  Dhi=2.846419  err=0.000000  inc=-1.843199  bucket 0->0  (mf=1000)
[MF-SEL] tPrev=(  d=0.022730  dMin=0.000000  dAvg=0.021398  dMax=5.671441  Dlo=0.010699  Dhi=2.846419  err=0.000000  inc=-1.843199  bucket 0->0  (mf=1000)
[MF-SEL] tPrev=(  d=0.023462  dMin=0.000000  dAvg=0.021399  dMax=5.671441  Dlo=0.010700  Dhi=2.846420  err=0.000000  inc=-1.843199  bucket 0->0  (mf=1000)
[MF-SEL] tPrev=(  d=0.024489  dMin=0.000000  dAvg=0.021401  dMax=5.671441  Dlo=0.010701  Dhi=2.846421  err=0.000000  inc=-1.843199  bucket 0->0  (mf=1000)
[MF-SEL] tPrev=(  d=0.027901  dMin=0.000000  dAvg=0.021405  dMax=5.671441  Dlo=0.010703  Dhi=2.846423  err=0.000000  inc=-1.843199  bucket 0->0  (mf=1000)
[MF-SEL] tPrev=(  d=0.024286  dMin=0.000000  dAvg=0.021407  dMax=5.671441  Dlo=0.010703  Dhi=2.846424  err=0.000000  inc=-1.843199  bucket 0->0  (mf=1000)
[MF-SEL] tPrev=(  d=0.024445  dMin=0.000000  dAvg=0.021409  dMax=5.671441  Dlo=0.010704  Dhi=2.846425  err=0.000000  inc=-1.843199  bucket 0->0  (mf=1000)
[MF-SEL] tPrev=(  d=0.024401  dMin=0.000000  dAvg=0.021411  dMax=5.671441  Dlo=0.010705  Dhi=2.846426  err=0.000000  inc=-1.843199  bucket 0->0  (mf=1000)
[MF-SEL] tPrev=(  d=0.024074  dMin=0.000000  dAvg=0.021412  dMax=5.671441  Dlo=0.010706  Dhi=2.846426  err=0.000000  inc=-1.843199  bucket 0->0  (mf=1000)
[MF-SEL] tPrev=(  d=0.023884  dMin=0.000000  dAvg=0.021414  dMax=5.671441  Dlo=0.010707  Dhi=2.846427  err=0.000000  inc=-1.843199  bucket 0->0  (mf=1000)
[MF-SEL] tPrev=(  d=0.022301  dMin=0.000000  dAvg=0.021414  dMax=5.671441  Dlo=0.010707  Dhi=2.846427  err=0.000000  inc=-1.843199  bucket 0->0  (mf=1000)
[MF-SEL] tPrev=(  d=0.021319  dMin=0.000000  dAvg=0.021414  dMax=5.671441  Dlo=0.010707  Dhi=2.846427  err=0.000000  inc=-1.843199  bucket 0->0  (mf=1000)
[MF-SEL] tPrev=(  d=0.018351  dMin=0.000000  dAvg=0.021412  dMax=5.671441  Dlo=0.010706  Dhi=2.846426  err=0.000000  inc=-1.843199  bucket 0->0  (mf=1000)
[MF-SEL] tPrev=(  d=0.015305  dMin=0.000000  dAvg=0.021409  dMax=5.671441  Dlo=0.010704  Dhi=2.846425  err=0.000000  inc=-1.843199  bucket 0->0  (mf=1000)
[MF-SEL] tPrev=(  d=0.014224  dMin=0.000000  dAvg=0.021404  dMax=5.671441  Dlo=0.010702  Dhi=2.846422  err=0.000000  inc=-1.843199  bucket 0->0  (mf=1000)
[MF-SEL] tPrev=(  d=0.014176  dMin=0.000000  dAvg=0.021400  dMax=5.671441  Dlo=0.010700  Dhi=2.846420  err=0.000000  inc=-1.843199  bucket 0->0  (mf=1000)
[MF-SEL] tPrev=(  d=0.015168  dMin=0.000000  dAvg=0.021396  dMax=5.671441  Dlo=0.010698  Dhi=2.846418  err=0.000000  inc=-1.843199  bucket 0->0  (mf=1000)
[MF-SEL] tPrev=(  d=0.016630  dMin=0.000000  dAvg=0.021393  dMax=5.671441  Dlo=0.010696  Dhi=2.846417  err=0.000000  inc=-1.843199  bucket 0->0  (mf=1000)
[MF-SEL] tPrev=(  d=0.007137  dMin=0.000000  dAvg=0.021384  dMax=5.671441  Dlo=0.010692  Dhi=2.846412  err=-1.000000  inc=-2.803630  bucket 0->0  (mf=1000)
[MF-SEL] tPrev=(  d=0.018777  dMin=0.000000  dAvg=0.021382  dMax=5.671441  Dlo=0.010691  Dhi=2.846412  err=0.000000  inc=-1.505129  bucket 0->0  (mf=1000)
[MF-SEL] tPrev=(  d=0.019943  dMin=0.000000  dAvg=0.021382  dMax=5.671441  Dlo=0.010691  Dhi=2.846411  err=0.000000  inc=-1.845433  bucket 0->0  (mf=1000)
[MF-SEL] tPrev=(  d=0.021059  dMin=0.000000  dAvg=0.021381  dMax=5.671441  Dlo=0.010691  Dhi=2.846411  err=0.000000  inc=-1.845433  bucket 0->0  (mf=1000)
[MF-SEL] tPrev=(  d=0.022195  dMin=0.000000  dAvg=0.021382  dMax=5.671441  Dlo=0.010691  Dhi=2.846411  err=0.000000  inc=-1.845433  bucket 0->0  (mf=1000)
[MF-SEL] tPrev=(  d=0.023065  dMin=0.000000  dAvg=0.021383  dMax=5.671441  Dlo=0.010691  Dhi=2.846412  err=0.000000  inc=-1.845433  bucket 0->0  (mf=1000)
[MF-SEL] tPrev=(  d=0.024088  dMin=0.000000  dAvg=0.021385  dMax=5.671441  Dlo=0.010692  Dhi=2.846413  err=0.000000  inc=-1.845433  bucket 0->0  (mf=1000)
[MF-SEL] tPrev=(  d=0.025052  dMin=0.000000  dAvg=0.021387  dMax=5.671441  Dlo=0.010693  Dhi=2.846414  err=0.000000  inc=-1.845433  bucket 0->0  (mf=1000)
[MF-SEL] tPrev=(  d=0.025996  dMin=0.000000  dAvg=0.021390  dMax=5.671441  Dlo=0.010695  Dhi=2.846415  err=0.000000  inc=-1.845433  bucket 0->0  (mf=1000)
[MF-SEL] tPrev=(  d=0.026906  dMin=0.000000  dAvg=0.021393  dMax=5.671441  Dlo=0.010697  Dhi=2.846417  err=0.000000  inc=-1.845433  bucket 0->0  (mf=1000)
[MF-SEL] tPrev=(  d=0.028917  dMin=0.000000  dAvg=0.021398  dMax=5.671441  Dlo=0.010699  Dhi=2.846419  err=0.000000  inc=-1.845433  bucket 0->0  (mf=1000)
[MF-SEL] tPrev=(  d=0.024536  dMin=0.000000  dAvg=0.021400  dMax=5.671441  Dlo=0.010700  Dhi=2.846420  err=0.000000  inc=-1.845433  bucket 0->0  (mf=1000)
[MF-SEL] tPrev=(  d=0.022704  dMin=0.000000  dAvg=0.021400  dMax=5.671441  Dlo=0.010700  Dhi=2.846421  err=0.000000  inc=-1.845433  bucket 0->0  (mf=1000)
[MF-SEL] tPrev=(  d=0.021385  dMin=0.000000  dAvg=0.021400  dMax=5.671441  Dlo=0.010700  Dhi=2.846420  err=0.000000  inc=-1.845433  bucket 0->0  (mf=1000)
[MF-SEL] tPrev=(  d=0.019999  dMin=0.000000  dAvg=0.021400  dMax=5.671441  Dlo=0.010700  Dhi=2.846420  err=0.000000  inc=-1.845433  bucket 0->0  (mf=1000)
[MF-SEL] tPrev=(  d=0.018829  dMin=0.000000  dAvg=0.021398  dMax=5.671441  Dlo=0.010699  Dhi=2.846419  err=0.000000  inc=-1.845433  bucket 0->0  (mf=1000)
[MF-SEL] tPrev=(  d=0.017624  dMin=0.000000  dAvg=0.021396  dMax=5.671441  Dlo=0.010698  Dhi=2.846418  err=0.000000  inc=-1.845433  bucket 0->0  (mf=1000)
[MF-SEL] tPrev=(  d=0.012349  dMin=0.000000  dAvg=0.021390  dMax=5.671441  Dlo=0.010695  Dhi=2.846415  err=0.000000  inc=-1.845433  bucket 0->0  (mf=1000)
[MF-SEL] tPrev=(  d=0.016806  dMin=0.000000  dAvg=0.021387  dMax=5.671441  Dlo=0.010694  Dhi=2.846414  err=0.000000  inc=-1.845433  bucket 0->0  (mf=1000)
[MF-SEL] tPrev=(  d=0.016197  dMin=0.000000  dAvg=0.021384  dMax=5.671441  Dlo=0.010692  Dhi=2.846412  err=0.000000  inc=-1.845433  bucket 0->0  (mf=1000)
[MF-SEL] tPrev=(  d=0.015692  dMin=0.000000  dAvg=0.021381  dMax=5.671441  Dlo=0.010690  Dhi=2.846411  err=0.000000  inc=-1.845433  bucket 0->0  (mf=1000)
[MF-SEL] tPrev=(  d=0.015643  dMin=0.000000  dAvg=0.021377  dMax=5.671441  Dlo=0.010689  Dhi=2.846409  err=0.000000  inc=-1.845433  bucket 0->0  (mf=1000)
[MF-SEL] tPrev=(  d=0.015561  dMin=0.000000  dAvg=0.021374  dMax=5.671441  Dlo=0.010687  Dhi=2.846407  err=0.000000  inc=-1.845433  bucket 0->0  (mf=1000)
[MF-SEL] tPrev=(  d=0.015316  dMin=0.000000  dAvg=0.021370  dMax=5.671441  Dlo=0.010685  Dhi=2.846405  err=0.000000  inc=-1.845433  bucket 0->0  (mf=1000)
[MF-SEL] tPrev=(  d=0.014812  dMin=0.000000  dAvg=0.021366  dMax=5.671441  Dlo=0.010683  Dhi=2.846403  err=0.000000  inc=-1.845433  bucket 0->0  (mf=1000)
[MF-SEL] tPrev=(  d=0.014808  dMin=0.000000  dAvg=0.021362  dMax=5.671441  Dlo=0.010681  Dhi=2.846401  err=0.000000  inc=-1.845433  bucket 0->0  (mf=1000)
[MF-SEL] tPrev=(  d=0.015176  dMin=0.000000  dAvg=0.021358  dMax=5.671441  Dlo=0.010679  Dhi=2.846399  err=0.000000  inc=-1.845433  bucket 0->0  (mf=1000)
[MF-SEL] tPrev=(  d=0.016309  dMin=0.000000  dAvg=0.021355  dMax=5.671441  Dlo=0.010678  Dhi=2.846398  err=0.000000  inc=-1.845433  bucket 0->0  (mf=1000)
[MF-SEL] tPrev=(  d=0.016418  dMin=0.000000  dAvg=0.021352  dMax=5.671441  Dlo=0.010676  Dhi=2.846396  err=0.000000  inc=-1.845433  bucket 0->0  (mf=1000)
[MF-SEL] tPrev=(  d=0.015860  dMin=0.000000  dAvg=0.021349  dMax=5.671441  Dlo=0.010674  Dhi=2.846395  err=0.000000  inc=-1.845433  bucket 0->0  (mf=1000)
[MF-SEL] tPrev=(  d=0.015426  dMin=0.000000  dAvg=0.021345  dMax=5.671441  Dlo=0.010673  Dhi=2.846393  err=0.000000  inc=-1.845433  bucket 0->0  (mf=1000)
[MF-SEL] tPrev=(  d=0.015309  dMin=0.000000  dAvg=0.021342  dMax=5.671441  Dlo=0.010671  Dhi=2.846391  err=0.000000  inc=-1.845433  bucket 0->0  (mf=1000)
[MF-SEL] tPrev=(  d=0.015602  dMin=0.000000  dAvg=0.021338  dMax=5.671441  Dlo=0.010669  Dhi=2.846389  err=0.000000  inc=-1.845433  bucket 0->0  (mf=1000)
[MF-SEL] tPrev=(  d=0.016276  dMin=0.000000  dAvg=0.021335  dMax=5.671441  Dlo=0.010668  Dhi=2.846388  err=0.000000  inc=-1.845433  bucket 0->0  (mf=1000)
[MF-SEL] tPrev=(  d=0.016982  dMin=0.000000  dAvg=0.021332  dMax=5.671441  Dlo=0.010666  Dhi=2.846387  err=0.000000  inc=-1.845433  bucket 0->0  (mf=1000)
[MF-SEL] tPrev=(  d=0.018033  dMin=0.000000  dAvg=0.021330  dMax=5.671441  Dlo=0.010665  Dhi=2.846386  err=0.000000  inc=-1.845433  bucket 0->0  (mf=1000)
[MF-SEL] tPrev=(  d=0.014417  dMin=0.000000  dAvg=0.021326  dMax=5.671441  Dlo=0.010663  Dhi=2.846383  err=0.000000  inc=-1.845433  bucket 0->0  (mf=1000)
[MF-SEL] tPrev=(  d=0.019322  dMin=0.000000  dAvg=0.021325  dMax=5.671441  Dlo=0.010663  Dhi=2.846383  err=0.000000  inc=-1.845433  bucket 0->0  (mf=1000)
[MF-SEL] tPrev=(  d=0.019869  dMin=0.000000  dAvg=0.021324  dMax=5.671441  Dlo=0.010662  Dhi=2.846382  err=0.000000  inc=-1.845433  bucket 0->0  (mf=1000)
[MF-SEL] tPrev=(  d=0.019994  dMin=0.000000  dAvg=0.021323  dMax=5.671441  Dlo=0.010662  Dhi=2.846382  err=0.000000  inc=-1.845433  bucket 0->0  (mf=1000)
[MF-SEL] tPrev=(  d=0.019465  dMin=0.000000  dAvg=0.021322  dMax=5.671441  Dlo=0.010661  Dhi=2.846381  err=0.000000  inc=-1.845433  bucket 0->0  (mf=1000)
[MF-SEL] tPrev=(  d=0.018879  dMin=0.000000  dAvg=0.021321  dMax=5.671441  Dlo=0.010660  Dhi=2.846381  err=0.000000  inc=-1.845433  bucket 0->0  (mf=1000)
[MF-SEL] tPrev=(  d=0.023644  dMin=0.000000  dAvg=0.021322  dMax=5.671441  Dlo=0.010661  Dhi=2.846381  err=0.000000  inc=-1.845433  bucket 0->0  (mf=1000)
[MF-SEL] tPrev=(  d=0.018484  dMin=0.000000  dAvg=0.021320  dMax=5.671441  Dlo=0.010660  Dhi=2.846381  err=0.000000  inc=-1.845433  bucket 0->0  (mf=1000)
[MF-SEL] tPrev=(  d=0.018536  dMin=0.000000  dAvg=0.021319  dMax=5.671441  Dlo=0.010659  Dhi=2.846380  err=0.000000  inc=-1.845433  bucket 0->0  (mf=1000)
[MF-SEL] tPrev=(  d=0.018194  dMin=0.000000  dAvg=0.021317  dMax=5.671441  Dlo=0.010658  Dhi=2.846379  err=0.000000  inc=-1.845433  bucket 0->0  (mf=1000)
[MF-SEL] tPrev=(  d=0.016844  dMin=0.000000  dAvg=0.021314  dMax=5.671441  Dlo=0.010657  Dhi=2.846377  err=0.000000  inc=-1.845433  bucket 0->0  (mf=1000)
[MF-SEL] tPrev=(  d=0.014702  dMin=0.000000  dAvg=0.021310  dMax=5.671441  Dlo=0.010655  Dhi=2.846375  err=0.000000  inc=-1.845433  bucket 0->0  (mf=1000)
[MF-SEL] tPrev=(  d=0.012333  dMin=0.000000  dAvg=0.021305  dMax=5.671441  Dlo=0.010652  Dhi=2.846373  err=0.000000  inc=-1.845433  bucket 0->0  (mf=1000)
[MF-SEL] tPrev=(  d=0.009463  dMin=0.000000  dAvg=0.021298  dMax=5.671441  Dlo=0.010649  Dhi=2.846369  err=-1.000000  inc=-2.813970  bucket 0->0  (mf=1000)
[MF-SEL] tPrev=(  d=0.007590  dMin=0.000000  dAvg=0.021290  dMax=5.671441  Dlo=0.010645  Dhi=2.846365  err=-1.000000  inc=-2.449954  bucket 0->0  (mf=1000)
[MF-SEL] tPrev=(  d=0.013000  dMin=0.000000  dAvg=0.021285  dMax=5.671441  Dlo=0.010642  Dhi=2.846363  err=0.000000  inc=-1.490446  bucket 0->0  (mf=1000)
[MF-SEL] tPrev=(  d=0.008926  dMin=0.000000  dAvg=0.021277  dMax=5.671441  Dlo=0.010639  Dhi=2.846359  err=-1.000000  inc=-2.759377  bucket 0->0  (mf=1000)
[MF-SEL] tPrev=(  d=0.010516  dMin=0.000000  dAvg=0.021271  dMax=5.671441  Dlo=0.010635  Dhi=2.846356  err=-1.000000  inc=-2.454787  bucket 0->0  (mf=1000)
[MF-SEL] tPrev=(  d=0.012383  dMin=0.000000  dAvg=0.021265  dMax=5.671441  Dlo=0.010633  Dhi=2.846353  err=0.000000  inc=-1.514191  bucket 0->0  (mf=1000)
[MF-SEL] tPrev=(  d=0.013333  dMin=0.000000  dAvg=0.021261  dMax=5.671441  Dlo=0.010630  Dhi=2.846351  err=0.000000  inc=-1.854787  bucket 0->0  (mf=1000)
[MF-SEL] tPrev=(  d=0.014669  dMin=0.000000  dAvg=0.021257  dMax=5.671441  Dlo=0.010628  Dhi=2.846349  err=0.000000  inc=-1.854787  bucket 0->0  (mf=1000)
[MF-SEL] tPrev=(  d=0.015890  dMin=0.000000  dAvg=0.021254  dMax=5.671441  Dlo=0.010627  Dhi=2.846347  err=0.000000  inc=-1.854787  bucket 0->0  (mf=1000)
[MF-SEL] tPrev=(  d=0.017713  dMin=0.000000  dAvg=0.021252  dMax=5.671441  Dlo=0.010626  Dhi=2.846346  err=0.000000  inc=-1.854787  bucket 0->0  (mf=1000)
[MF-SEL] tPrev=(  d=0.019550  dMin=0.000000  dAvg=0.021251  dMax=5.671441  Dlo=0.010625  Dhi=2.846346  err=0.000000  inc=-1.854787  bucket 0->0  (mf=1000)
[MF-SEL] tPrev=(  d=0.020378  dMin=0.000000  dAvg=0.021250  dMax=5.671441  Dlo=0.010625  Dhi=2.846345  err=0.000000  inc=-1.854787  bucket 0->0  (mf=1000)
[MF-SEL] tPrev=(  d=0.021040  dMin=0.000000  dAvg=0.021250  dMax=5.671441  Dlo=0.010625  Dhi=2.846345  err=0.000000  inc=-1.854787  bucket 0->0  (mf=1000)
[MF-SEL] tPrev=(  d=0.021943  dMin=0.000000  dAvg=0.021250  dMax=5.671441  Dlo=0.010625  Dhi=2.846345  err=0.000000  inc=-1.854787  bucket 0->0  (mf=1000)
[MF-SEL] tPrev=(  d=0.023507  dMin=0.000000  dAvg=0.021252  dMax=5.671441  Dlo=0.010626  Dhi=2.846346  err=0.000000  inc=-1.854787  bucket 0->0  (mf=1000)
[MF-SEL] tPrev=(  d=0.025569  dMin=0.000000  dAvg=0.021254  dMax=5.671441  Dlo=0.010627  Dhi=2.846347  err=0.000000  inc=-1.854787  bucket 0->0  (mf=1000)
[MF-SEL] tPrev=(  d=0.027423  dMin=0.000000  dAvg=0.021258  dMax=5.671441  Dlo=0.010629  Dhi=2.846349  err=0.000000  inc=-1.854787  bucket 0->0  (mf=1000)
[MF-SEL] tPrev=(  d=0.029252  dMin=0.000000  dAvg=0.021263  dMax=5.671441  Dlo=0.010631  Dhi=2.846352  err=0.000000  inc=-1.854787  bucket 0->0  (mf=1000)
[MF-SEL] tPrev=(  d=0.031637  dMin=0.000000  dAvg=0.021269  dMax=5.671441  Dlo=0.010634  Dhi=2.846355  err=0.000000  inc=-1.854787  bucket 0->0  (mf=1000)
[MF-SEL] tPrev=(  d=0.049888  dMin=0.000000  dAvg=0.021286  dMax=5.671441  Dlo=0.010643  Dhi=2.846363  err=0.000000  inc=-1.854787  bucket 0->0  (mf=1000)
[MF-SEL] tPrev=(  d=0.035827  dMin=0.000000  dAvg=0.021294  dMax=5.671441  Dlo=0.010647  Dhi=2.846367  err=0.000000  inc=-1.854787  bucket 0->0  (mf=1000)
[MF-SEL] tPrev=(  d=0.037697  dMin=0.000000  dAvg=0.021304  dMax=5.671441  Dlo=0.010652  Dhi=2.846372  err=0.000000  inc=-1.854787  bucket 0->0  (mf=1000)
[MF-SEL] tPrev=(  d=0.037578  dMin=0.000000  dAvg=0.021314  dMax=5.671441  Dlo=0.010657  Dhi=2.846377  err=0.000000  inc=-1.854787  bucket 0->0  (mf=1000)
[MF-SEL] tPrev=(  d=0.039476  dMin=0.000000  dAvg=0.021324  dMax=5.671441  Dlo=0.010662  Dhi=2.846382  err=0.000000  inc=-1.854787  bucket 0->0  (mf=1000)
[MF-SEL] tPrev=(  d=0.040146  dMin=0.000000  dAvg=0.021335  dMax=5.671441  Dlo=0.010668  Dhi=2.846388  err=0.000000  inc=-1.854787  bucket 0->0  (mf=1000)
[MF-SEL] tPrev=(  d=0.042398  dMin=0.000000  dAvg=0.021348  dMax=5.671441  Dlo=0.010674  Dhi=2.846394  err=0.000000  inc=-1.854787  bucket 0->0  (mf=1000)
[MF-SEL] tPrev=(  d=0.042711  dMin=0.000000  dAvg=0.021361  dMax=5.671441  Dlo=0.010680  Dhi=2.846401  err=0.000000  inc=-1.854787  bucket 0->0  (mf=1000)
[MF-SEL] tPrev=(  d=0.043425  dMin=0.000000  dAvg=0.021374  dMax=5.671441  Dlo=0.010687  Dhi=2.846407  err=0.000000  inc=-1.854787  bucket 0->0  (mf=1000)
[MF-SEL] tPrev=(  d=0.043805  dMin=0.000000  dAvg=0.021387  dMax=5.671441  Dlo=0.010693  Dhi=2.846414  err=0.000000  inc=-1.854787  bucket 0->0  (mf=1000)
[MF-SEL] tPrev=(  d=0.046534  dMin=0.000000  dAvg=0.021402  dMax=5.671441  Dlo=0.010701  Dhi=2.846421  err=0.000000  inc=-1.854787  bucket 0->0  (mf=1000)
[MF-SEL] tPrev=(  d=0.043031  dMin=0.000000  dAvg=0.021414  dMax=5.671441  Dlo=0.010707  Dhi=2.846427  err=0.000000  inc=-1.854787  bucket 0->0  (mf=1000)
[MF-SEL] tPrev=(  d=0.042324  dMin=0.000000  dAvg=0.021427  dMax=5.671441  Dlo=0.010713  Dhi=2.846434  err=0.000000  inc=-1.854787  bucket 0->0  (mf=1000)
[MF-SEL] tPrev=(  d=0.041082  dMin=0.000000  dAvg=0.021438  dMax=5.671441  Dlo=0.010719  Dhi=2.846439  err=0.000000  inc=-1.854787  bucket 0->0  (mf=1000)
[MF-SEL] tPrev=(  d=0.035288  dMin=0.000000  dAvg=0.021446  dMax=5.671441  Dlo=0.010723  Dhi=2.846443  err=0.000000  inc=-1.854787  bucket 0->0  (mf=1000)
[MF-SEL] tPrev=(  d=0.040417  dMin=0.000000  dAvg=0.021457  dMax=5.671441  Dlo=0.010729  Dhi=2.846449  err=0.000000  inc=-1.854787  bucket 0->0  (mf=1000)
[MF-SEL] tPrev=(  d=0.040473  dMin=0.000000  dAvg=0.021469  dMax=5.671441  Dlo=0.010734  Dhi=2.846455  err=0.000000  inc=-1.854787  bucket 0->0  (mf=1000)
[MF-SEL] tPrev=(  d=0.040451  dMin=0.000000  dAvg=0.021480  dMax=5.671441  Dlo=0.010740  Dhi=2.846460  err=0.000000  inc=-1.854787  bucket 0->0  (mf=1000)
[MF-SEL] tPrev=(  d=0.040704  dMin=0.000000  dAvg=0.021491  dMax=5.671441  Dlo=0.010745  Dhi=2.846466  err=0.000000  inc=-1.854787  bucket 0->0  (mf=1000)
[MF-SEL] tPrev=(  d=0.042882  dMin=0.000000  dAvg=0.021504  dMax=5.671441  Dlo=0.010752  Dhi=2.846472  err=0.000000  inc=-1.854787  bucket 0->0  (mf=1000)
[MF-SEL] tPrev=(  d=0.039916  dMin=0.000000  dAvg=0.021514  dMax=5.671441  Dlo=0.010757  Dhi=2.846477  err=0.000000  inc=-1.854787  bucket 0->0  (mf=1000)
[MF-SEL] tPrev=(  d=0.040345  dMin=0.000000  dAvg=0.021525  dMax=5.671441  Dlo=0.010763  Dhi=2.846483  err=0.000000  inc=-1.854787  bucket 0->0  (mf=1000)
[MF-SEL] tPrev=(  d=0.040876  dMin=0.000000  dAvg=0.021537  dMax=5.671441  Dlo=0.010768  Dhi=2.846489  err=0.000000  inc=-1.854787  bucket 0->0  (mf=1000)
[MF-SEL] tPrev=(  d=0.041253  dMin=0.000000  dAvg=0.021548  dMax=5.671441  Dlo=0.010774  Dhi=2.846494  err=0.000000  inc=-1.854787  bucket 0->0  (mf=1000)
[MF-SEL] tPrev=(  d=0.035122  dMin=0.000000  dAvg=0.021556  dMax=5.671441  Dlo=0.010778  Dhi=2.846498  err=0.000000  inc=-1.854787  bucket 0->0  (mf=1000)
[MF-SEL] tPrev=(  d=0.039859  dMin=0.000000  dAvg=0.021567  dMax=5.671441  Dlo=0.010783  Dhi=2.846504  err=0.000000  inc=-1.854787  bucket 0->0  (mf=1000)
[MF-SEL] tPrev=(  d=0.039111  dMin=0.000000  dAvg=0.021577  dMax=5.671441  Dlo=0.010788  Dhi=2.846509  err=0.000000  inc=-1.854787  bucket 0->0  (mf=1000)
[MF-SEL] tPrev=(  d=0.043725  dMin=0.000000  dAvg=0.021590  dMax=5.671441  Dlo=0.010795  Dhi=2.846515  err=0.000000  inc=-1.854787  bucket 0->0  (mf=1000)
[MF-SEL] tPrev=(  d=0.036759  dMin=0.000000  dAvg=0.021599  dMax=5.671441  Dlo=0.010799  Dhi=2.846520  err=0.000000  inc=-1.854787  bucket 0->0  (mf=1000)
[MF-SEL] tPrev=(  d=0.036971  dMin=0.000000  dAvg=0.021608  dMax=5.671441  Dlo=0.010804  Dhi=2.846524  err=0.000000  inc=-1.854787  bucket 0->0  (mf=1000)
[MF-SEL] tPrev=(  d=0.037408  dMin=0.000000  dAvg=0.021617  dMax=5.671441  Dlo=0.010808  Dhi=2.846529  err=0.000000  inc=-1.854787  bucket 0->0  (mf=1000)
[MF-SEL] tPrev=(  d=0.038450  dMin=0.000000  dAvg=0.021627  dMax=5.671441  Dlo=0.010813  Dhi=2.846534  err=0.000000  inc=-1.854787  bucket 0->0  (mf=1000)
[MF-SEL] tPrev=(  d=0.043201  dMin=0.000000  dAvg=0.021639  dMax=5.671441  Dlo=0.010820  Dhi=2.846540  err=0.000000  inc=-1.854787  bucket 0->0  (mf=1000)
[MF-SEL] tPrev=(  d=0.040004  dMin=0.000000  dAvg=0.021650  dMax=5.671441  Dlo=0.010825  Dhi=2.846545  err=0.000000  inc=-1.854787  bucket 0->0  (mf=1000)
[MF-SEL] tPrev=(  d=0.040922  dMin=0.000000  dAvg=0.021661  dMax=5.671441  Dlo=0.010831  Dhi=2.846551  err=0.000000  inc=-1.854787  bucket 0->0  (mf=1000)
[MF-SEL] tPrev=(  d=0.044511  dMin=0.000000  dAvg=0.021674  dMax=5.671441  Dlo=0.010837  Dhi=2.846557  err=0.000000  inc=-1.854787  bucket 0->0  (mf=1000)
[MF-SEL] tPrev=(  d=0.042951  dMin=0.000000  dAvg=0.021687  dMax=5.671441  Dlo=0.010843  Dhi=2.846564  err=0.000000  inc=-1.854787  bucket 0->0  (mf=1000)
[MF-SEL] tPrev=(  d=0.042538  dMin=0.000000  dAvg=0.021699  dMax=5.671441  Dlo=0.010849  Dhi=2.846570  err=0.000000  inc=-1.854787  bucket 0->0  (mf=1000)
[MF-SEL] tPrev=(  d=0.041862  dMin=0.000000  dAvg=0.021710  dMax=5.671441  Dlo=0.010855  Dhi=2.846576  err=0.000000  inc=-1.854787  bucket 0->0  (mf=1000)
[MF-SEL] tPrev=(  d=0.040539  dMin=0.000000  dAvg=0.021721  dMax=5.671441  Dlo=0.010861  Dhi=2.846581  err=0.000000  inc=-1.854787  bucket 0->0  (mf=1000)
[MF-SEL] tPrev=(  d=0.038949  dMin=0.000000  dAvg=0.021731  dMax=5.671441  Dlo=0.010866  Dhi=2.846586  err=0.000000  inc=-1.854787  bucket 0->0  (mf=1000)
[MF-SEL] tPrev=(  d=0.034932  dMin=0.000000  dAvg=0.021739  dMax=5.671441  Dlo=0.010869  Dhi=2.846590  err=0.000000  inc=-1.854787  bucket 0->0  (mf=1000)
[MF-SEL] tPrev=(  d=0.037237  dMin=0.000000  dAvg=0.021748  dMax=5.671441  Dlo=0.010874  Dhi=2.846594  err=0.000000  inc=-1.854787  bucket 0->0  (mf=1000)
[MF-SEL] tPrev=(  d=0.036865  dMin=0.000000  dAvg=0.021757  dMax=5.671441  Dlo=0.010878  Dhi=2.846599  err=0.000000  inc=-1.854787  bucket 0->0  (mf=1000)
[MF-SEL] tPrev=(  d=0.036256  dMin=0.000000  dAvg=0.021765  dMax=5.671441  Dlo=0.010883  Dhi=2.846603  err=0.000000  inc=-1.854787  bucket 0->0  (mf=1000)
[MF-SEL] tPrev=(  d=0.035583  dMin=0.000000  dAvg=0.021773  dMax=5.671441  Dlo=0.010887  Dhi=2.846607  err=0.000000  inc=-1.854787  bucket 0->0  (mf=1000)
[MF-SEL] tPrev=(  d=0.034737  dMin=0.000000  dAvg=0.021780  dMax=5.671441  Dlo=0.010890  Dhi=2.846611  err=0.000000  inc=-1.854787  bucket 0->0  (mf=1000)
[MF-SEL] tPrev=(  d=0.033392  dMin=0.000000  dAvg=0.021787  dMax=5.671441  Dlo=0.010894  Dhi=2.846614  err=0.000000  inc=-1.854787  bucket 0->0  (mf=1000)
[MF-SEL] tPrev=(  d=0.034935  dMin=0.000000  dAvg=0.021795  dMax=5.671441  Dlo=0.010897  Dhi=2.846618  err=0.000000  inc=-1.854787  bucket 0->0  (mf=1000)
[MF-SEL] tPrev=(  d=0.030491  dMin=0.000000  dAvg=0.021800  dMax=5.671441  Dlo=0.010900  Dhi=2.846620  err=0.000000  inc=-1.854787  bucket 0->0  (mf=1000)
[MF-SEL] tPrev=(  d=0.029776  dMin=0.000000  dAvg=0.021804  dMax=5.671441  Dlo=0.010902  Dhi=2.846622  err=0.000000  inc=-1.854787  bucket 0->0  (mf=1000)
[MF-SEL] tPrev=(  d=0.029102  dMin=0.000000  dAvg=0.021809  dMax=5.671441  Dlo=0.010904  Dhi=2.846625  err=0.000000  inc=-1.854787  bucket 0->0  (mf=1000)
[MF-SEL] tPrev=(  d=0.029021  dMin=0.000000  dAvg=0.021813  dMax=5.671441  Dlo=0.010906  Dhi=2.846627  err=0.000000  inc=-1.854787  bucket 0->0  (mf=1000)
[MF-SEL] tPrev=(  d=0.029154  dMin=0.000000  dAvg=0.021817  dMax=5.671441  Dlo=0.010908  Dhi=2.846629  err=0.000000  inc=-1.854787  bucket 0->0  (mf=1000)
[MF-SEL] tPrev=(  d=0.029723  dMin=0.000000  dAvg=0.021821  dMax=5.671441  Dlo=0.010911  Dhi=2.846631  err=0.000000  inc=-1.854787  bucket 0->0  (mf=1000)
[MF-SEL] tPrev=(  d=0.029231  dMin=0.000000  dAvg=0.021826  dMax=5.671441  Dlo=0.010913  Dhi=2.846633  err=0.000000  inc=-1.854787  bucket 0->0  (mf=1000)
[MF-SEL] tPrev=(  d=0.029423  dMin=0.000000  dAvg=0.021830  dMax=5.671441  Dlo=0.010915  Dhi=2.846635  err=0.000000  inc=-1.854787  bucket 0->0  (mf=1000)
[MF-SEL] tPrev=(  d=0.028434  dMin=0.000000  dAvg=0.021834  dMax=5.671441  Dlo=0.010917  Dhi=2.846637  err=0.000000  inc=-1.854787  bucket 0->0  (mf=1000)
[MF-SEL] tPrev=(  d=0.027256  dMin=0.000000  dAvg=0.021837  dMax=5.671441  Dlo=0.010918  Dhi=2.846639  err=0.000000  inc=-1.854787  bucket 0->0  (mf=1000)
[MF-SEL] tPrev=(  d=0.032401  dMin=0.000000  dAvg=0.021843  dMax=5.671441  Dlo=0.010921  Dhi=2.846642  err=0.000000  inc=-1.854787  bucket 0->0  (mf=1000)
[MF-SEL] tPrev=(  d=0.024729  dMin=0.000000  dAvg=0.021845  dMax=5.671441  Dlo=0.010922  Dhi=2.846643  err=0.000000  inc=-1.854787  bucket 0->0  (mf=1000)
[MF-SEL] tPrev=(  d=0.024380  dMin=0.000000  dAvg=0.021846  dMax=5.671441  Dlo=0.010923  Dhi=2.846643  err=0.000000  inc=-1.854787  bucket 0->0  (mf=1000)
[MF-SEL] tPrev=(  d=0.023925  dMin=0.000000  dAvg=0.021847  dMax=5.671441  Dlo=0.010924  Dhi=2.846644  err=0.000000  inc=-1.854787  bucket 0->0  (mf=1000)
[MF-SEL] tPrev=(  d=0.023909  dMin=0.000000  dAvg=0.021848  dMax=5.671441  Dlo=0.010924  Dhi=2.846645  err=0.000000  inc=-1.854787  bucket 0->0  (mf=1000)
[MF-SEL] tPrev=(  d=0.024209  dMin=0.000000  dAvg=0.021850  dMax=5.671441  Dlo=0.010925  Dhi=2.846645  err=0.000000  inc=-1.854787  bucket 0->0  (mf=1000)
[MF-SEL] tPrev=(  d=0.031995  dMin=0.000000  dAvg=0.021856  dMax=5.671441  Dlo=0.010928  Dhi=2.846648  err=0.000000  inc=-1.854787  bucket 0->0  (mf=1000)
[MF-SEL] tPrev=(  d=0.024696  dMin=0.000000  dAvg=0.021857  dMax=5.671441  Dlo=0.010929  Dhi=2.846649  err=0.000000  inc=-1.854787  bucket 0->0  (mf=1000)
[MF-SEL] tPrev=(  d=0.025027  dMin=0.000000  dAvg=0.021859  dMax=5.671441  Dlo=0.010930  Dhi=2.846650  err=0.000000  inc=-1.854787  bucket 0->0  (mf=1000)
[MF-SEL] tPrev=(  d=0.025399  dMin=0.000000  dAvg=0.021861  dMax=5.671441  Dlo=0.010931  Dhi=2.846651  err=0.000000  inc=-1.854787  bucket 0->0  (mf=1000)
[MF-SEL] tPrev=(  d=0.026036  dMin=0.000000  dAvg=0.021863  dMax=5.671441  Dlo=0.010932  Dhi=2.846652  err=0.000000  inc=-1.854787  bucket 0->0  (mf=1000)
[MF-SEL] tPrev=(  d=0.028028  dMin=0.000000  dAvg=0.021867  dMax=5.671441  Dlo=0.010933  Dhi=2.846654  err=0.000000  inc=-1.854787  bucket 0->0  (mf=1000)
[MF-SEL] tPrev=(  d=0.025698  dMin=0.000000  dAvg=0.021869  dMax=5.671441  Dlo=0.010935  Dhi=2.846655  err=0.000000  inc=-1.854787  bucket 0->0  (mf=1000)
[MF-SEL] tPrev=(  d=0.025391  dMin=0.000000  dAvg=0.021871  dMax=5.671441  Dlo=0.010936  Dhi=2.846656  err=0.000000  inc=-1.854787  bucket 0->0  (mf=1000)
[MF-SEL] tPrev=(  d=0.024998  dMin=0.000000  dAvg=0.021873  dMax=5.671441  Dlo=0.010936  Dhi=2.846657  err=0.000000  inc=-1.854787  bucket 0->0  (mf=1000)
[MF-SEL] tPrev=(  d=0.027723  dMin=0.000000  dAvg=0.021876  dMax=5.671441  Dlo=0.010938  Dhi=2.846658  err=0.000000  inc=-1.854787  bucket 0->0  (mf=1000)
[MF-SEL] tPrev=(  d=0.024583  dMin=0.000000  dAvg=0.021878  dMax=5.671441  Dlo=0.010939  Dhi=2.846659  err=0.000000  inc=-1.854787  bucket 0->0  (mf=1000)
[MF-SEL] tPrev=(  d=0.023829  dMin=0.000000  dAvg=0.021879  dMax=5.671441  Dlo=0.010939  Dhi=2.846660  err=0.000000  inc=-1.854787  bucket 0->0  (mf=1000)
[MF-SEL] tPrev=(  d=0.021069  dMin=0.000000  dAvg=0.021878  dMax=5.671441  Dlo=0.010939  Dhi=2.846659  err=0.000000  inc=-1.854787  bucket 0->0  (mf=1000)
[MF-SEL] tPrev=(  d=0.023031  dMin=0.000000  dAvg=0.021879  dMax=5.671441  Dlo=0.010940  Dhi=2.846660  err=0.000000  inc=-1.854787  bucket 0->0  (mf=1000)
[MF-SEL] tPrev=(  d=0.022890  dMin=0.000000  dAvg=0.021880  dMax=5.671441  Dlo=0.010940  Dhi=2.846660  err=0.000000  inc=-1.854787  bucket 0->0  (mf=1000)
[MF-SEL] tPrev=(  d=0.023258  dMin=0.000000  dAvg=0.021880  dMax=5.671441  Dlo=0.010940  Dhi=2.846660  err=0.000000  inc=-1.854787  bucket 0->0  (mf=1000)
[MF-SEL] tPrev=(  d=0.023635  dMin=0.000000  dAvg=0.021881  dMax=5.671441  Dlo=0.010941  Dhi=2.846661  err=0.000000  inc=-1.854787  bucket 0->0  (mf=1000)
[MF-SEL] tPrev=(  d=0.024384  dMin=0.000000  dAvg=0.021883  dMax=5.671441  Dlo=0.010941  Dhi=2.846662  err=0.000000  inc=-1.854787  bucket 0->0  (mf=1000)
[MF-SEL] tPrev=(  d=0.024911  dMin=0.000000  dAvg=0.021884  dMax=5.671441  Dlo=0.010942  Dhi=2.846663  err=0.000000  inc=-1.854787  bucket 0->0  (mf=1000)
[MF-SEL] tPrev=(  d=0.025851  dMin=0.000000  dAvg=0.021887  dMax=5.671441  Dlo=0.010943  Dhi=2.846664  err=0.000000  inc=-1.854787  bucket 0->0  (mf=1000)
[MF-SEL] tPrev=(  d=0.022767  dMin=0.000000  dAvg=0.021887  dMax=5.671441  Dlo=0.010944  Dhi=2.846664  err=0.000000  inc=-1.854787  bucket 0->0  (mf=1000)
[MF-SEL] tPrev=(  d=0.027256  dMin=0.000000  dAvg=0.021890  dMax=5.671441  Dlo=0.010945  Dhi=2.846665  err=0.000000  inc=-1.854787  bucket 0->0  (mf=1000)
[MF-SEL] tPrev=(  d=0.028078  dMin=0.000000  dAvg=0.021894  dMax=5.671441  Dlo=0.010947  Dhi=2.846667  err=0.000000  inc=-1.854787  bucket 0->0  (mf=1000)
[MF-SEL] tPrev=(  d=0.028927  dMin=0.000000  dAvg=0.021898  dMax=5.671441  Dlo=0.010949  Dhi=2.846669  err=0.000000  inc=-1.854787  bucket 0->0  (mf=1000)
[MF-SEL] tPrev=(  d=0.035861  dMin=0.000000  dAvg=0.021906  dMax=5.671441  Dlo=0.010953  Dhi=2.846673  err=0.000000  inc=-1.854787  bucket 0->0  (mf=1000)
[MF-SEL] tPrev=(  d=0.030178  dMin=0.000000  dAvg=0.021910  dMax=5.671441  Dlo=0.010955  Dhi=2.846675  err=0.000000  inc=-1.854787  bucket 0->0  (mf=1000)
[MF-SEL] tPrev=(  d=0.030637  dMin=0.000000  dAvg=0.021915  dMax=5.671441  Dlo=0.010958  Dhi=2.846678  err=0.000000  inc=-1.854787  bucket 0->0  (mf=1000)
[MF-SEL] tPrev=(  d=0.031362  dMin=0.000000  dAvg=0.021920  dMax=5.671441  Dlo=0.010960  Dhi=2.846681  err=0.000000  inc=-1.854787  bucket 0->0  (mf=1000)
[MF-SEL] tPrev=(  d=0.027127  dMin=0.000000  dAvg=0.021923  dMax=5.671441  Dlo=0.010962  Dhi=2.846682  err=0.000000  inc=-1.854787  bucket 0->0  (mf=1000)
[MF-SEL] tPrev=(  d=0.032193  dMin=0.000000  dAvg=0.021929  dMax=5.671441  Dlo=0.010965  Dhi=2.846685  err=0.000000  inc=-1.854787  bucket 0->0  (mf=1000)
[MF-SEL] tPrev=(  d=0.032570  dMin=0.000000  dAvg=0.021935  dMax=5.671441  Dlo=0.010968  Dhi=2.846688  err=0.000000  inc=-1.854787  bucket 0->0  (mf=1000)
[MF-SEL] tPrev=(  d=0.031032  dMin=0.000000  dAvg=0.021940  dMax=5.671441  Dlo=0.010970  Dhi=2.846690  err=0.000000  inc=-1.854787  bucket 0->0  (mf=1000)
[MF-SEL] tPrev=(  d=0.034448  dMin=0.000000  dAvg=0.021947  dMax=5.671441  Dlo=0.010974  Dhi=2.846694  err=0.000000  inc=-1.854787  bucket 0->0  (mf=1000)
[MF-SEL] tPrev=(  d=0.034934  dMin=0.000000  dAvg=0.021954  dMax=5.671441  Dlo=0.010977  Dhi=2.846698  err=0.000000  inc=-1.854787  bucket 0->0  (mf=1000)
[MF-SEL] tPrev=(  d=0.038648  dMin=0.000000  dAvg=0.021964  dMax=5.671441  Dlo=0.010982  Dhi=2.846702  err=0.000000  inc=-1.854787  bucket 0->0  (mf=1000)
[MF-SEL] tPrev=(  d=0.036135  dMin=0.000000  dAvg=0.021972  dMax=5.671441  Dlo=0.010986  Dhi=2.846706  err=0.000000  inc=-1.854787  bucket 0->0  (mf=1000)
[MF-SEL] tPrev=(  d=0.036304  dMin=0.000000  dAvg=0.021980  dMax=5.671441  Dlo=0.010990  Dhi=2.846710  err=0.000000  inc=-1.854787  bucket 0->0  (mf=1000)
[MF-SEL] tPrev=(  d=0.036328  dMin=0.000000  dAvg=0.021988  dMax=5.671441  Dlo=0.010994  Dhi=2.846714  err=0.000000  inc=-1.854787  bucket 0->0  (mf=1000)
[MF-SEL] tPrev=(  d=0.036520  dMin=0.000000  dAvg=0.021996  dMax=5.671441  Dlo=0.010998  Dhi=2.846718  err=0.000000  inc=-1.854787  bucket 0->0  (mf=1000)
[MF-SEL] tPrev=(  d=0.034417  dMin=0.000000  dAvg=0.022003  dMax=5.671441  Dlo=0.011001  Dhi=2.846722  err=0.000000  inc=-1.854787  bucket 0->0  (mf=1000)
[MF-SEL] tPrev=(  d=0.037226  dMin=0.000000  dAvg=0.022011  dMax=5.671441  Dlo=0.011006  Dhi=2.846726  err=0.000000  inc=-1.854787  bucket 0->0  (mf=1000)
[MF-SEL] tPrev=(  d=0.037501  dMin=0.000000  dAvg=0.022020  dMax=5.671441  Dlo=0.011010  Dhi=2.846730  err=0.000000  inc=-1.854787  bucket 0->0  (mf=1000)
[MF-SEL] tPrev=(  d=0.041832  dMin=0.000000  dAvg=0.022031  dMax=5.671441  Dlo=0.011015  Dhi=2.846736  err=0.000000  inc=-1.854787  bucket 0->0  (mf=1000)
[MF-SEL] tPrev=(  d=0.038343  dMin=0.000000  dAvg=0.022040  dMax=5.671441  Dlo=0.011020  Dhi=2.846740  err=0.000000  inc=-1.854787  bucket 0->0  (mf=1000)
[MF-SEL] tPrev=(  d=0.038559  dMin=0.000000  dAvg=0.022049  dMax=5.671441  Dlo=0.011025  Dhi=2.846745  err=0.000000  inc=-1.854787  bucket 0->0  (mf=1000)
[MF-SEL] tPrev=(  d=0.038571  dMin=0.000000  dAvg=0.022058  dMax=5.671441  Dlo=0.011029  Dhi=2.846750  err=0.000000  inc=-1.854787  bucket 0->0  (mf=1000)
[MF-SEL] tPrev=(  d=0.038499  dMin=0.000000  dAvg=0.022068  dMax=5.671441  Dlo=0.011034  Dhi=2.846754  err=0.000000  inc=-1.854787  bucket 0->0  (mf=1000)
[MF-SEL] tPrev=(  d=0.042148  dMin=0.000000  dAvg=0.022079  dMax=5.671441  Dlo=0.011039  Dhi=2.846760  err=0.000000  inc=-1.854787  bucket 0->0  (mf=1000)
[MF-SEL] tPrev=(  d=0.038781  dMin=0.000000  dAvg=0.022088  dMax=5.671441  Dlo=0.011044  Dhi=2.846764  err=0.000000  inc=-1.854787  bucket 0->0  (mf=1000)
[MF-SEL] tPrev=(  d=0.039290  dMin=0.000000  dAvg=0.022098  dMax=5.671441  Dlo=0.011049  Dhi=2.846769  err=0.000000  inc=-1.854787  bucket 0->0  (mf=1000)
[MF-SEL] tPrev=(  d=0.040270  dMin=0.000000  dAvg=0.022108  dMax=5.671441  Dlo=0.011054  Dhi=2.846774  err=0.000000  inc=-1.854787  bucket 0->0  (mf=1000)
[MF-SEL] tPrev=(  d=0.038870  dMin=0.000000  dAvg=0.022117  dMax=5.671441  Dlo=0.011058  Dhi=2.846779  err=0.000000  inc=-1.854787  bucket 0->0  (mf=1000)
[MF-SEL] tPrev=(  d=0.036932  dMin=0.000000  dAvg=0.022125  dMax=5.671441  Dlo=0.011063  Dhi=2.846783  err=0.000000  inc=-1.854787  bucket 0->0  (mf=1000)
[MF-SEL] tPrev=(  d=0.034764  dMin=0.000000  dAvg=0.022132  dMax=5.671441  Dlo=0.011066  Dhi=2.846786  err=0.000000  inc=-1.854787  bucket 0->0  (mf=1000)
[MF-SEL] tPrev=(  d=0.032954  dMin=0.000000  dAvg=0.022138  dMax=5.671441  Dlo=0.011069  Dhi=2.846789  err=0.000000  inc=-1.854787  bucket 0->0  (mf=1000)
[MF-SEL] tPrev=(  d=0.033768  dMin=0.000000  dAvg=0.022145  dMax=5.671441  Dlo=0.011072  Dhi=2.846793  err=0.000000  inc=-1.854787  bucket 0->0  (mf=1000)
[MF-SEL] tPrev=(  d=0.029405  dMin=0.000000  dAvg=0.022149  dMax=5.671441  Dlo=0.011074  Dhi=2.846795  err=0.000000  inc=-1.854787  bucket 0->0  (mf=1000)
[MF-SEL] tPrev=(  d=0.027684  dMin=0.000000  dAvg=0.022152  dMax=5.671441  Dlo=0.011076  Dhi=2.846796  err=0.000000  inc=-1.854787  bucket 0->0  (mf=1000)
[MF-SEL] tPrev=(  d=0.032106  dMin=0.000000  dAvg=0.022157  dMax=5.671441  Dlo=0.011079  Dhi=2.846799  err=0.000000  inc=-1.854787  bucket 0->0  (mf=1000)
[MF-SEL] tPrev=(  d=0.023032  dMin=0.000000  dAvg=0.022158  dMax=5.671441  Dlo=0.011079  Dhi=2.846799  err=0.000000  inc=-1.854787  bucket 0->0  (mf=1000)
[MF-SEL] tPrev=(  d=0.021151  dMin=0.000000  dAvg=0.022157  dMax=5.671441  Dlo=0.011079  Dhi=2.846799  err=0.000000  inc=-1.854787  bucket 0->0  (mf=1000)
[MF-SEL] tPrev=(  d=0.020412  dMin=0.000000  dAvg=0.022156  dMax=5.671441  Dlo=0.011078  Dhi=2.846798  err=0.000000  inc=-1.854787  bucket 0->0  (mf=1000)
[MF-SEL] tPrev=(  d=0.020960  dMin=0.000000  dAvg=0.022155  dMax=5.671441  Dlo=0.011078  Dhi=2.846798  err=0.000000  inc=-1.854787  bucket 0->0  (mf=1000)
[MF-SEL] tPrev=(  d=0.032458  dMin=0.000000  dAvg=0.022161  dMax=5.671441  Dlo=0.011081  Dhi=2.846801  err=0.000000  inc=-1.854787  bucket 0->0  (mf=1000)
[MF-SEL] tPrev=(  d=0.025035  dMin=0.000000  dAvg=0.022163  dMax=5.671441  Dlo=0.011081  Dhi=2.846802  err=0.000000  inc=-1.854787  bucket 0->0  (mf=1000)
[MF-SEL] tPrev=(  d=0.028258  dMin=0.000000  dAvg=0.022166  dMax=5.671441  Dlo=0.011083  Dhi=2.846803  err=0.000000  inc=-1.854787  bucket 0->0  (mf=1000)
[MF-SEL] tPrev=(  d=0.031972  dMin=0.000000  dAvg=0.022171  dMax=5.671441  Dlo=0.011086  Dhi=2.846806  err=0.000000  inc=-1.854787  bucket 0->0  (mf=1000)
[MF-SEL] tPrev=(  d=0.036510  dMin=0.000000  dAvg=0.022179  dMax=5.671441  Dlo=0.011090  Dhi=2.846810  err=0.000000  inc=-1.854787  bucket 0->0  (mf=1000)
[MF-SEL] tPrev=(  d=0.040309  dMin=0.000000  dAvg=0.022189  dMax=5.671441  Dlo=0.011095  Dhi=2.846815  err=0.000000  inc=-1.854787  bucket 0->0  (mf=1000)
[MF-SEL] tPrev=(  d=0.053714  dMin=0.000000  dAvg=0.022207  dMax=5.671441  Dlo=0.011103  Dhi=2.846824  err=0.000000  inc=-1.854787  bucket 0->0  (mf=1000)
[MF-SEL] tPrev=(  d=0.047892  dMin=0.000000  dAvg=0.022221  dMax=5.671441  Dlo=0.011110  Dhi=2.846831  err=0.000000  inc=-1.854787  bucket 0->0  (mf=1000)
[MF-SEL] tPrev=(  d=0.051772  dMin=0.000000  dAvg=0.022237  dMax=5.671441  Dlo=0.011118  Dhi=2.846839  err=0.000000  inc=-1.854787  bucket 0->0  (mf=1000)
[MF-SEL] tPrev=(  d=0.056696  dMin=0.000000  dAvg=0.022256  dMax=5.671441  Dlo=0.011128  Dhi=2.846848  err=0.000000  inc=-1.854787  bucket 0->0  (mf=1000)
[MF-SEL] tPrev=(  d=0.062602  dMin=0.000000  dAvg=0.022278  dMax=5.671441  Dlo=0.011139  Dhi=2.846859  err=0.000000  inc=-1.854787  bucket 0->0  (mf=1000)
[MF-SEL] tPrev=(  d=0.069032  dMin=0.000000  dAvg=0.022303  dMax=5.671441  Dlo=0.011152  Dhi=2.846872  err=0.000000  inc=-1.854787  bucket 0->0  (mf=1000)
[MF-SEL] tPrev=(  d=0.075761  dMin=0.000000  dAvg=0.022333  dMax=5.671441  Dlo=0.011166  Dhi=2.846887  err=0.000000  inc=-1.854787  bucket 0->0  (mf=1000)
[MF-SEL] tPrev=(  d=0.081614  dMin=0.000000  dAvg=0.022365  dMax=5.671441  Dlo=0.011183  Dhi=2.846903  err=0.000000  inc=-1.854787  bucket 0->0  (mf=1000)
[MF-SEL] tPrev=(  d=0.091956  dMin=0.000000  dAvg=0.022403  dMax=5.671441  Dlo=0.011202  Dhi=2.846922  err=0.000000  inc=-1.854787  bucket 0->0  (mf=1000)
[MF-SEL] tPrev=(  d=0.092457  dMin=0.000000  dAvg=0.022441  dMax=5.671441  Dlo=0.011221  Dhi=2.846941  err=0.000000  inc=-1.854787  bucket 0->0  (mf=1000)
[MF-SEL] tPrev=(  d=0.096488  dMin=0.000000  dAvg=0.022482  dMax=5.671441  Dlo=0.011241  Dhi=2.846961  err=0.000000  inc=-1.854787  bucket 0->0  (mf=1000)
[MF-SEL] tPrev=(  d=0.099805  dMin=0.000000  dAvg=0.022524  dMax=5.671441  Dlo=0.011262  Dhi=2.846982  err=0.000000  inc=-1.854787  bucket 0->0  (mf=1000)
[MF-SEL] tPrev=(  d=0.104404  dMin=0.000000  dAvg=0.022569  dMax=5.671441  Dlo=0.011284  Dhi=2.847005  err=0.000000  inc=-1.854787  bucket 0->0  (mf=1000)
[MF-SEL] tPrev=(  d=0.102435  dMin=0.000000  dAvg=0.022612  dMax=5.671441  Dlo=0.011306  Dhi=2.847026  err=0.000000  inc=-1.854787  bucket 0->0  (mf=1000)
[MF-SEL] tPrev=(  d=0.102019  dMin=0.000000  dAvg=0.022655  dMax=5.671441  Dlo=0.011328  Dhi=2.847048  err=0.000000  inc=-1.854787  bucket 0->0  (mf=1000)
[MF-SEL] tPrev=(  d=0.101013  dMin=0.000000  dAvg=0.022698  dMax=5.671441  Dlo=0.011349  Dhi=2.847069  err=0.000000  inc=-1.854787  bucket 0->0  (mf=1000)
[MF-SEL] tPrev=(  d=0.099457  dMin=0.000000  dAvg=0.022740  dMax=5.671441  Dlo=0.011370  Dhi=2.847090  err=0.000000  inc=-1.854787  bucket 0->0  (mf=1000)
[MF-SEL] tPrev=(  d=0.097496  dMin=0.000000  dAvg=0.022780  dMax=5.671441  Dlo=0.011390  Dhi=2.847111  err=0.000000  inc=-1.854787  bucket 0->0  (mf=1000)
[MF-SEL] tPrev=(  d=0.094931  dMin=0.000000  dAvg=0.022820  dMax=5.671441  Dlo=0.011410  Dhi=2.847130  err=0.000000  inc=-1.854787  bucket 0->0  (mf=1000)
[MF-SEL] tPrev=(  d=0.092671  dMin=0.000000  dAvg=0.022858  dMax=5.671441  Dlo=0.011429  Dhi=2.847149  err=0.000000  inc=-1.854787  bucket 0->0  (mf=1000)
[MF-SEL] tPrev=(  d=0.089387  dMin=0.000000  dAvg=0.022894  dMax=5.671441  Dlo=0.011447  Dhi=2.847167  err=0.000000  inc=-1.854787  bucket 0->0  (mf=1000)
[MF-SEL] tPrev=(  d=0.087448  dMin=0.000000  dAvg=0.022929  dMax=5.671441  Dlo=0.011464  Dhi=2.847185  err=0.000000  inc=-1.854787  bucket 0->0  (mf=1000)
[MF-SEL] tPrev=(  d=0.084349  dMin=0.000000  dAvg=0.022962  dMax=5.671441  Dlo=0.011481  Dhi=2.847201  err=0.000000  inc=-1.854787  bucket 0->0  (mf=1000)
[MF-SEL] tPrev=(  d=0.081204  dMin=0.000000  dAvg=0.022994  dMax=5.671441  Dlo=0.011497  Dhi=2.847217  err=0.000000  inc=-1.854787  bucket 0->0  (mf=1000)
[MF-SEL] tPrev=(  d=0.077951  dMin=0.000000  dAvg=0.023023  dMax=5.671441  Dlo=0.011512  Dhi=2.847232  err=0.000000  inc=-1.854787  bucket 0->0  (mf=1000)
[MF-SEL] tPrev=(  d=0.074113  dMin=0.000000  dAvg=0.023051  dMax=5.671441  Dlo=0.011526  Dhi=2.847246  err=0.000000  inc=-1.854787  bucket 0->0  (mf=1000)
[MF-SEL] tPrev=(  d=0.070361  dMin=0.000000  dAvg=0.023077  dMax=5.671441  Dlo=0.011538  Dhi=2.847259  err=0.000000  inc=-1.854787  bucket 0->0  (mf=1000)
[MF-SEL] tPrev=(  d=0.057900  dMin=0.000000  dAvg=0.023095  dMax=5.671441  Dlo=0.011548  Dhi=2.847268  err=0.000000  inc=-1.854787  bucket 0->0  (mf=1000)
[MF-SEL] tPrev=(  d=0.062274  dMin=0.000000  dAvg=0.023117  dMax=5.671441  Dlo=0.011558  Dhi=2.847279  err=0.000000  inc=-1.854787  bucket 0->0  (mf=1000)
[MF-SEL] tPrev=(  d=0.057851  dMin=0.000000  dAvg=0.023135  dMax=5.671441  Dlo=0.011568  Dhi=2.847288  err=0.000000  inc=-1.854787  bucket 0->0  (mf=1000)
[MF-SEL] tPrev=(  d=0.053462  dMin=0.000000  dAvg=0.023152  dMax=5.671441  Dlo=0.011576  Dhi=2.847296  err=0.000000  inc=-1.854787  bucket 0->0  (mf=1000)
[MF-SEL] tPrev=(  d=0.049052  dMin=0.000000  dAvg=0.023166  dMax=5.671441  Dlo=0.011583  Dhi=2.847303  err=0.000000  inc=-1.854787  bucket 0->0  (mf=1000)
[MF-SEL] tPrev=(  d=0.044272  dMin=0.000000  dAvg=0.023177  dMax=5.671441  Dlo=0.011589  Dhi=2.847309  err=0.000000  inc=-1.854787  bucket 0->0  (mf=1000)
[MF-SEL] tPrev=(  d=0.039183  dMin=0.000000  dAvg=0.023186  dMax=5.671441  Dlo=0.011593  Dhi=2.847313  err=0.000000  inc=-1.854787  bucket 0->0  (mf=1000)
[MF-SEL] tPrev=(  d=0.032747  dMin=0.000000  dAvg=0.023191  dMax=5.671441  Dlo=0.011595  Dhi=2.847316  err=0.000000  inc=-1.854787  bucket 0->0  (mf=1000)
[MF-SEL] tPrev=(  d=0.029019  dMin=0.000000  dAvg=0.023194  dMax=5.671441  Dlo=0.011597  Dhi=2.847317  err=0.000000  inc=-1.854787  bucket 0->0  (mf=1000)
[MF-SEL] tPrev=(  d=0.025236  dMin=0.000000  dAvg=0.023195  dMax=5.671441  Dlo=0.011598  Dhi=2.847318  err=0.000000  inc=-1.854787  bucket 0->0  (mf=1000)
[MF-SEL] tPrev=(  d=0.023197  dMin=0.000000  dAvg=0.023195  dMax=5.671441  Dlo=0.011598  Dhi=2.847318  err=0.000000  inc=-1.854787  bucket 0->0  (mf=1000)
[MF-SEL] tPrev=(  d=0.023052  dMin=0.000000  dAvg=0.023195  dMax=5.671441  Dlo=0.011598  Dhi=2.847318  err=0.000000  inc=-1.854787  bucket 0->0  (mf=1000)
[MF-SEL] tPrev=(  d=0.031261  dMin=0.000000  dAvg=0.023199  dMax=5.671441  Dlo=0.011600  Dhi=2.847320  err=0.000000  inc=-1.854787  bucket 0->0  (mf=1000)
[MF-SEL] tPrev=(  d=0.024420  dMin=0.000000  dAvg=0.023200  dMax=5.671441  Dlo=0.011600  Dhi=2.847320  err=0.000000  inc=-1.854787  bucket 0->0  (mf=1000)
[MF-SEL] tPrev=(  d=0.022889  dMin=0.000000  dAvg=0.023200  dMax=5.671441  Dlo=0.011600  Dhi=2.847320  err=0.000000  inc=-1.854787  bucket 0->0  (mf=1000)
[MF-SEL] tPrev=(  d=0.020546  dMin=0.000000  dAvg=0.023198  dMax=5.671441  Dlo=0.011599  Dhi=2.847320  err=0.000000  inc=-1.854787  bucket 0->0  (mf=1000)
[MF-SEL] tPrev=(  d=0.018557  dMin=0.000000  dAvg=0.023196  dMax=5.671441  Dlo=0.011598  Dhi=2.847318  err=0.000000  inc=-1.854787  bucket 0->0  (mf=1000)
[MF-SEL] tPrev=(  d=0.016378  dMin=0.000000  dAvg=0.023192  dMax=5.671441  Dlo=0.011596  Dhi=2.847316  err=0.000000  inc=-1.854787  bucket 0->0  (mf=1000)
[MF-SEL] tPrev=(  d=0.014341  dMin=0.000000  dAvg=0.023188  dMax=5.671441  Dlo=0.011594  Dhi=2.847314  err=0.000000  inc=-1.854787  bucket 0->0  (mf=1000)
[MF-SEL] tPrev=(  d=0.012127  dMin=0.000000  dAvg=0.023182  dMax=5.671441  Dlo=0.011591  Dhi=2.847311  err=0.000000  inc=-1.854787  bucket 0->0  (mf=1000)
[MF-SEL] tPrev=(  d=0.009849  dMin=0.000000  dAvg=0.023175  dMax=5.671441  Dlo=0.011587  Dhi=2.847308  err=-1.000000  inc=-2.816570  bucket 0->0  (mf=1000)
[MF-SEL] tPrev=(  d=0.008475  dMin=0.000000  dAvg=0.023167  dMax=5.671441  Dlo=0.011583  Dhi=2.847304  err=-1.000000  inc=-2.459281  bucket 0->0  (mf=1000)
[MF-SEL] tPrev=(  d=0.017267  dMin=0.000000  dAvg=0.023164  dMax=5.671441  Dlo=0.011582  Dhi=2.847302  err=0.000000  inc=-1.520380  bucket 0->0  (mf=1000)
[MF-SEL] tPrev=(  d=0.005910  dMin=0.000000  dAvg=0.023154  dMax=5.671441  Dlo=0.011577  Dhi=2.847297  err=-1.000000  inc=-2.847481  bucket 0->0  (mf=1000)
[MF-SEL] tPrev=(  d=0.006793  dMin=0.000000  dAvg=0.023146  dMax=5.671441  Dlo=0.011573  Dhi=2.847293  err=-1.000000  inc=-2.463894  bucket 0->0  (mf=1000)
[MF-SEL] tPrev=(  d=0.008289  dMin=0.000000  dAvg=0.023138  dMax=5.671441  Dlo=0.011569  Dhi=2.847289  err=-1.000000  inc=-2.466097  bucket 0->0  (mf=1000)
[MF-SEL] tPrev=(  d=0.009815  dMin=0.000000  dAvg=0.023131  dMax=5.671441  Dlo=0.011565  Dhi=2.847286  err=-1.000000  inc=-2.468237  bucket 0->0  (mf=1000)
[MF-SEL] tPrev=(  d=0.011534  dMin=0.000000  dAvg=0.023124  dMax=5.671441  Dlo=0.011562  Dhi=2.847282  err=-1.000000  inc=-2.470372  bucket 0->0  (mf=1000)
[MF-SEL] tPrev=(  d=0.012451  dMin=0.000000  dAvg=0.023119  dMax=5.671441  Dlo=0.011559  Dhi=2.847280  err=0.000000  inc=-1.493827  bucket 0->0  (mf=1000)
[MF-SEL] tPrev=(  d=0.016472  dMin=0.000000  dAvg=0.023115  dMax=5.671441  Dlo=0.011558  Dhi=2.847278  err=0.000000  inc=-1.870372  bucket 0->0  (mf=1000)
[MF-SEL] tPrev=(  d=0.018548  dMin=0.000000  dAvg=0.023113  dMax=5.671441  Dlo=0.011556  Dhi=2.847277  err=0.000000  inc=-1.870372  bucket 0->0  (mf=1000)
[MF-SEL] tPrev=(  d=0.020343  dMin=0.000000  dAvg=0.023111  dMax=5.671441  Dlo=0.011556  Dhi=2.847276  err=0.000000  inc=-1.870372  bucket 0->0  (mf=1000)
[MF-SEL] tPrev=(  d=0.021122  dMin=0.000000  dAvg=0.023110  dMax=5.671441  Dlo=0.011555  Dhi=2.847275  err=0.000000  inc=-1.870372  bucket 0->0  (mf=1000)
[MF-SEL] tPrev=(  d=0.021103  dMin=0.000000  dAvg=0.023109  dMax=5.671441  Dlo=0.011555  Dhi=2.847275  err=0.000000  inc=-1.870372  bucket 0->0  (mf=1000)
[MF-SEL] tPrev=(  d=0.021318  dMin=0.000000  dAvg=0.023108  dMax=5.671441  Dlo=0.011554  Dhi=2.847274  err=0.000000  inc=-1.870372  bucket 0->0  (mf=1000)
[MF-SEL] tPrev=(  d=0.022385  dMin=0.000000  dAvg=0.023108  dMax=5.671441  Dlo=0.011554  Dhi=2.847274  err=0.000000  inc=-1.870372  bucket 0->0  (mf=1000)
[MF-SEL] tPrev=(  d=0.023929  dMin=0.000000  dAvg=0.023108  dMax=5.671441  Dlo=0.011554  Dhi=2.847274  err=0.000000  inc=-1.870372  bucket 0->0  (mf=1000)
[MF-SEL] tPrev=(  d=0.025051  dMin=0.000000  dAvg=0.023109  dMax=5.671441  Dlo=0.011555  Dhi=2.847275  err=0.000000  inc=-1.870372  bucket 0->0  (mf=1000)
[MF-SEL] tPrev=(  d=0.026050  dMin=0.000000  dAvg=0.023111  dMax=5.671441  Dlo=0.011555  Dhi=2.847276  err=0.000000  inc=-1.870372  bucket 0->0  (mf=1000)
[MF-SEL] tPrev=(  d=0.026798  dMin=0.000000  dAvg=0.023113  dMax=5.671441  Dlo=0.011556  Dhi=2.847277  err=0.000000  inc=-1.870372  bucket 0->0  (mf=1000)
[MF-SEL] tPrev=(  d=0.027770  dMin=0.000000  dAvg=0.023115  dMax=5.671441  Dlo=0.011558  Dhi=2.847278  err=0.000000  inc=-1.870372  bucket 0->0  (mf=1000)
[MF-SEL] tPrev=(  d=0.028851  dMin=0.000000  dAvg=0.023118  dMax=5.671441  Dlo=0.011559  Dhi=2.847279  err=0.000000  inc=-1.870372  bucket 0->0  (mf=1000)
[MF-SEL] tPrev=(  d=0.029843  dMin=0.000000  dAvg=0.023122  dMax=5.671441  Dlo=0.011561  Dhi=2.847281  err=0.000000  inc=-1.870372  bucket 0->0  (mf=1000)
[MF-SEL] tPrev=(  d=0.030903  dMin=0.000000  dAvg=0.023126  dMax=5.671441  Dlo=0.011563  Dhi=2.847283  err=0.000000  inc=-1.870372  bucket 0->0  (mf=1000)
[MF-SEL] tPrev=(  d=0.031341  dMin=0.000000  dAvg=0.023130  dMax=5.671441  Dlo=0.011565  Dhi=2.847285  err=0.000000  inc=-1.870372  bucket 0->0  (mf=1000)
[MF-SEL] tPrev=(  d=0.032302  dMin=0.000000  dAvg=0.023135  dMax=5.671441  Dlo=0.011568  Dhi=2.847288  err=0.000000  inc=-1.870372  bucket 0->0  (mf=1000)
[MF-SEL] tPrev=(  d=0.032813  dMin=0.000000  dAvg=0.023140  dMax=5.671441  Dlo=0.011570  Dhi=2.847290  err=0.000000  inc=-1.870372  bucket 0->0  (mf=1000)
[MF-SEL] tPrev=(  d=0.033087  dMin=0.000000  dAvg=0.023145  dMax=5.671441  Dlo=0.011573  Dhi=2.847293  err=0.000000  inc=-1.870372  bucket 0->0  (mf=1000)
[MF-SEL] tPrev=(  d=0.035247  dMin=0.000000  dAvg=0.023152  dMax=5.671441  Dlo=0.011576  Dhi=2.847296  err=0.000000  inc=-1.870372  bucket 0->0  (mf=1000)
[MF-SEL] tPrev=(  d=0.032555  dMin=0.000000  dAvg=0.023157  dMax=5.671441  Dlo=0.011578  Dhi=2.847299  err=0.000000  inc=-1.870372  bucket 0->0  (mf=1000)
[MF-SEL] tPrev=(  d=0.032542  dMin=0.000000  dAvg=0.023162  dMax=5.671441  Dlo=0.011581  Dhi=2.847301  err=0.000000  inc=-1.870372  bucket 0->0  (mf=1000)
[MF-SEL] tPrev=(  d=0.032615  dMin=0.000000  dAvg=0.023167  dMax=5.671441  Dlo=0.011583  Dhi=2.847304  err=0.000000  inc=-1.870372  bucket 0->0  (mf=1000)
[MF-SEL] tPrev=(  d=0.032885  dMin=0.000000  dAvg=0.023172  dMax=5.671441  Dlo=0.011586  Dhi=2.847306  err=0.000000  inc=-1.870372  bucket 0->0  (mf=1000)
[MF-SEL] tPrev=(  d=0.032048  dMin=0.000000  dAvg=0.023177  dMax=5.671441  Dlo=0.011588  Dhi=2.847309  err=0.000000  inc=-1.870372  bucket 0->0  (mf=1000)
[MF-SEL] tPrev=(  d=0.030843  dMin=0.000000  dAvg=0.023181  dMax=5.671441  Dlo=0.011590  Dhi=2.847311  err=0.000000  inc=-1.870372  bucket 0->0  (mf=1000)
[MF-SEL] tPrev=(  d=0.030171  dMin=0.000000  dAvg=0.023184  dMax=5.671441  Dlo=0.011592  Dhi=2.847312  err=0.000000  inc=-1.870372  bucket 0->0  (mf=1000)
[MF-SEL] tPrev=(  d=0.030077  dMin=0.000000  dAvg=0.023188  dMax=5.671441  Dlo=0.011594  Dhi=2.847314  err=0.000000  inc=-1.870372  bucket 0->0  (mf=1000)
[MF-SEL] tPrev=(  d=0.029838  dMin=0.000000  dAvg=0.023191  dMax=5.671441  Dlo=0.011596  Dhi=2.847316  err=0.000000  inc=-1.870372  bucket 0->0  (mf=1000)
[MF-SEL] tPrev=(  d=0.038118  dMin=0.000000  dAvg=0.023199  dMax=5.671441  Dlo=0.011600  Dhi=2.847320  err=0.000000  inc=-1.870372  bucket 0->0  (mf=1000)
[MF-SEL] tPrev=(  d=0.030329  dMin=0.000000  dAvg=0.023203  dMax=5.671441  Dlo=0.011601  Dhi=2.847322  err=0.000000  inc=-1.870372  bucket 0->0  (mf=1000)
[MF-SEL] tPrev=(  d=0.031792  dMin=0.000000  dAvg=0.023207  dMax=5.671441  Dlo=0.011604  Dhi=2.847324  err=0.000000  inc=-1.870372  bucket 0->0  (mf=1000)
[MF-SEL] tPrev=(  d=0.034828  dMin=0.000000  dAvg=0.023213  dMax=5.671441  Dlo=0.011607  Dhi=2.847327  err=0.000000  inc=-1.870372  bucket 0->0  (mf=1000)
[MF-SEL] tPrev=(  d=0.038344  dMin=0.000000  dAvg=0.023221  dMax=5.671441  Dlo=0.011611  Dhi=2.847331  err=0.000000  inc=-1.870372  bucket 0->0  (mf=1000)
[MF-SEL] tPrev=(  d=0.040993  dMin=0.000000  dAvg=0.023231  dMax=5.671441  Dlo=0.011615  Dhi=2.847336  err=0.000000  inc=-1.870372  bucket 0->0  (mf=1000)
[MF-SEL] tPrev=(  d=0.043269  dMin=0.000000  dAvg=0.023241  dMax=5.671441  Dlo=0.011621  Dhi=2.847341  err=0.000000  inc=-1.870372  bucket 0->0  (mf=1000)
[MF-SEL] tPrev=(  d=0.045404  dMin=0.000000  dAvg=0.023253  dMax=5.671441  Dlo=0.011626  Dhi=2.847347  err=0.000000  inc=-1.870372  bucket 0->0  (mf=1000)
[MF-SEL] tPrev=(  d=0.046929  dMin=0.000000  dAvg=0.023265  dMax=5.671441  Dlo=0.011633  Dhi=2.847353  err=0.000000  inc=-1.870372  bucket 0->0  (mf=1000)
[MF-SEL] tPrev=(  d=0.047676  dMin=0.000000  dAvg=0.023278  dMax=5.671441  Dlo=0.011639  Dhi=2.847359  err=0.000000  inc=-1.870372  bucket 0->0  (mf=1000)
[MF-SEL] tPrev=(  d=0.049961  dMin=0.000000  dAvg=0.023292  dMax=5.671441  Dlo=0.011646  Dhi=2.847366  err=0.000000  inc=-1.870372  bucket 0->0  (mf=1000)
[MF-SEL] tPrev=(  d=0.049015  dMin=0.000000  dAvg=0.023305  dMax=5.671441  Dlo=0.011653  Dhi=2.847373  err=0.000000  inc=-1.870372  bucket 0->0  (mf=1000)
[MF-SEL] tPrev=(  d=0.049370  dMin=0.000000  dAvg=0.023319  dMax=5.671441  Dlo=0.011659  Dhi=2.847380  err=0.000000  inc=-1.870372  bucket 0->0  (mf=1000)
[MF-SEL] tPrev=(  d=0.049493  dMin=0.000000  dAvg=0.023332  dMax=5.671441  Dlo=0.011666  Dhi=2.847386  err=0.000000  inc=-1.870372  bucket 0->0  (mf=1000)
[MF-SEL] tPrev=(  d=0.049656  dMin=0.000000  dAvg=0.023346  dMax=5.671441  Dlo=0.011673  Dhi=2.847393  err=0.000000  inc=-1.870372  bucket 0->0  (mf=1000)
[MF-SEL] tPrev=(  d=0.048921  dMin=0.000000  dAvg=0.023359  dMax=5.671441  Dlo=0.011680  Dhi=2.847400  err=0.000000  inc=-1.870372  bucket 0->0  (mf=1000)
[MF-SEL] tPrev=(  d=0.049675  dMin=0.000000  dAvg=0.023373  dMax=5.671441  Dlo=0.011687  Dhi=2.847407  err=0.000000  inc=-1.870372  bucket 0->0  (mf=1000)
[MF-SEL] tPrev=(  d=0.048850  dMin=0.000000  dAvg=0.023386  dMax=5.671441  Dlo=0.011693  Dhi=2.847413  err=0.000000  inc=-1.870372  bucket 0->0  (mf=1000)
[MF-SEL] tPrev=(  d=0.048034  dMin=0.000000  dAvg=0.023399  dMax=5.671441  Dlo=0.011700  Dhi=2.847420  err=0.000000  inc=-1.870372  bucket 0->0  (mf=1000)
[MF-SEL] tPrev=(  d=0.047125  dMin=0.000000  dAvg=0.023411  dMax=5.671441  Dlo=0.011706  Dhi=2.847426  err=0.000000  inc=-1.870372  bucket 0->0  (mf=1000)
[MF-SEL] tPrev=(  d=0.040887  dMin=0.000000  dAvg=0.023421  dMax=5.671441  Dlo=0.011710  Dhi=2.847431  err=0.000000  inc=-1.870372  bucket 0->0  (mf=1000)
[MF-SEL] tPrev=(  d=0.045810  dMin=0.000000  dAvg=0.023432  dMax=5.671441  Dlo=0.011716  Dhi=2.847436  err=0.000000  inc=-1.870372  bucket 0->0  (mf=1000)
[MF-SEL] tPrev=(  d=0.045729  dMin=0.000000  dAvg=0.023444  dMax=5.671441  Dlo=0.011722  Dhi=2.847442  err=0.000000  inc=-1.870372  bucket 0->0  (mf=1000)
[MF-SEL] tPrev=(  d=0.045607  dMin=0.000000  dAvg=0.023455  dMax=5.671441  Dlo=0.011728  Dhi=2.847448  err=0.000000  inc=-1.870372  bucket 0->0  (mf=1000)
[MF-SEL] tPrev=(  d=0.045690  dMin=0.000000  dAvg=0.023467  dMax=5.671441  Dlo=0.011733  Dhi=2.847454  err=0.000000  inc=-1.870372  bucket 0->0  (mf=1000)
[MF-SEL] tPrev=(  d=0.045552  dMin=0.000000  dAvg=0.023478  dMax=5.671441  Dlo=0.011739  Dhi=2.847459  err=0.000000  inc=-1.870372  bucket 0->0  (mf=1000)
[MF-SEL] tPrev=(  d=0.045324  dMin=0.000000  dAvg=0.023489  dMax=5.671441  Dlo=0.011745  Dhi=2.847465  err=0.000000  inc=-1.870372  bucket 0->0  (mf=1000)
[MF-SEL] tPrev=(  d=0.044657  dMin=0.000000  dAvg=0.023500  dMax=5.671441  Dlo=0.011750  Dhi=2.847470  err=0.000000  inc=-1.870372  bucket 0->0  (mf=1000)
[MF-SEL] tPrev=(  d=0.044472  dMin=0.000000  dAvg=0.023511  dMax=5.671441  Dlo=0.011756  Dhi=2.847476  err=0.000000  inc=-1.870372  bucket 0->0  (mf=1000)
[MF-SEL] tPrev=(  d=0.041359  dMin=0.000000  dAvg=0.023520  dMax=5.671441  Dlo=0.011760  Dhi=2.847481  err=0.000000  inc=-1.870372  bucket 0->0  (mf=1000)
[MF-SEL] tPrev=(  d=0.044859  dMin=0.000000  dAvg=0.023531  dMax=5.671441  Dlo=0.011766  Dhi=2.847486  err=0.000000  inc=-1.870372  bucket 0->0  (mf=1000)
[MF-SEL] tPrev=(  d=0.045878  dMin=0.000000  dAvg=0.023543  dMax=5.671441  Dlo=0.011771  Dhi=2.847492  err=0.000000  inc=-1.870372  bucket 0->0  (mf=1000)
[MF-SEL] tPrev=(  d=0.046785  dMin=0.000000  dAvg=0.023555  dMax=5.671441  Dlo=0.011777  Dhi=2.847498  err=0.000000  inc=-1.870372  bucket 0->0  (mf=1000)
[MF-SEL] tPrev=(  d=0.046759  dMin=0.000000  dAvg=0.023567  dMax=5.671441  Dlo=0.011783  Dhi=2.847504  err=0.000000  inc=-1.870372  bucket 0->0  (mf=1000)
[MF-SEL] tPrev=(  d=0.047000  dMin=0.000000  dAvg=0.023579  dMax=5.671441  Dlo=0.011789  Dhi=2.847510  err=0.000000  inc=-1.870372  bucket 0->0  (mf=1000)
[MF-SEL] tPrev=(  d=0.046899  dMin=0.000000  dAvg=0.023591  dMax=5.671441  Dlo=0.011795  Dhi=2.847516  err=0.000000  inc=-1.870372  bucket 0->0  (mf=1000)
[MF-SEL] tPrev=(  d=0.046561  dMin=0.000000  dAvg=0.023603  dMax=5.671441  Dlo=0.011801  Dhi=2.847522  err=0.000000  inc=-1.870372  bucket 0->0  (mf=1000)
[MF-SEL] tPrev=(  d=0.045538  dMin=0.000000  dAvg=0.023614  dMax=5.671441  Dlo=0.011807  Dhi=2.847527  err=0.000000  inc=-1.870372  bucket 0->0  (mf=1000)
[MF-SEL] tPrev=(  d=0.044972  dMin=0.000000  dAvg=0.023625  dMax=5.671441  Dlo=0.011813  Dhi=2.847533  err=0.000000  inc=-1.870372  bucket 0->0  (mf=1000)
[MF-SEL] tPrev=(  d=0.042463  dMin=0.000000  dAvg=0.023635  dMax=5.671441  Dlo=0.011817  Dhi=2.847538  err=0.000000  inc=-1.870372  bucket 0->0  (mf=1000)
[MF-SEL] tPrev=(  d=0.045250  dMin=0.000000  dAvg=0.023646  dMax=5.671441  Dlo=0.011823  Dhi=2.847543  err=0.000000  inc=-1.870372  bucket 0->0  (mf=1000)
[MF-SEL] tPrev=(  d=0.045835  dMin=0.000000  dAvg=0.023657  dMax=5.671441  Dlo=0.011829  Dhi=2.847549  err=0.000000  inc=-1.870372  bucket 0->0  (mf=1000)
[MF-SEL] tPrev=(  d=0.046236  dMin=0.000000  dAvg=0.023669  dMax=5.671441  Dlo=0.011834  Dhi=2.847555  err=0.000000  inc=-1.870372  bucket 0->0  (mf=1000)
[MF-SEL] tPrev=(  d=0.046294  dMin=0.000000  dAvg=0.023680  dMax=5.671441  Dlo=0.011840  Dhi=2.847561  err=0.000000  inc=-1.870372  bucket 0->0  (mf=1000)
[MF-SEL] tPrev=(  d=0.045983  dMin=0.000000  dAvg=0.023692  dMax=5.671441  Dlo=0.011846  Dhi=2.847566  err=0.000000  inc=-1.870372  bucket 0->0  (mf=1000)
[MF-SEL] tPrev=(  d=0.044798  dMin=0.000000  dAvg=0.023703  dMax=5.671441  Dlo=0.011851  Dhi=2.847572  err=0.000000  inc=-1.870372  bucket 0->0  (mf=1000)
[MF-SEL] tPrev=(  d=0.043769  dMin=0.000000  dAvg=0.023713  dMax=5.671441  Dlo=0.011856  Dhi=2.847577  err=0.000000  inc=-1.870372  bucket 0->0  (mf=1000)
[MF-SEL] tPrev=(  d=0.042775  dMin=0.000000  dAvg=0.023723  dMax=5.671441  Dlo=0.011861  Dhi=2.847582  err=0.000000  inc=-1.870372  bucket 0->0  (mf=1000)
[MF-SEL] tPrev=(  d=0.036019  dMin=0.000000  dAvg=0.023729  dMax=5.671441  Dlo=0.011864  Dhi=2.847585  err=0.000000  inc=-1.870372  bucket 0->0  (mf=1000)
[MF-SEL] tPrev=(  d=0.039366  dMin=0.000000  dAvg=0.023737  dMax=5.671441  Dlo=0.011868  Dhi=2.847589  err=0.000000  inc=-1.870372  bucket 0->0  (mf=1000)
[MF-SEL] tPrev=(  d=0.037435  dMin=0.000000  dAvg=0.023744  dMax=5.671441  Dlo=0.011872  Dhi=2.847592  err=0.000000  inc=-1.870372  bucket 0->0  (mf=1000)
[MF-SEL] tPrev=(  d=0.035651  dMin=0.000000  dAvg=0.023750  dMax=5.671441  Dlo=0.011875  Dhi=2.847595  err=0.000000  inc=-1.870372  bucket 0->0  (mf=1000)
[MF-SEL] tPrev=(  d=0.033998  dMin=0.000000  dAvg=0.023755  dMax=5.671441  Dlo=0.011878  Dhi=2.847598  err=0.000000  inc=-1.870372  bucket 0->0  (mf=1000)
[MF-SEL] tPrev=(  d=0.037399  dMin=0.000000  dAvg=0.023762  dMax=5.671441  Dlo=0.011881  Dhi=2.847601  err=0.000000  inc=-1.870372  bucket 0->0  (mf=1000)
[MF-SEL] tPrev=(  d=0.030263  dMin=0.000000  dAvg=0.023766  dMax=5.671441  Dlo=0.011883  Dhi=2.847603  err=0.000000  inc=-1.870372  bucket 0->0  (mf=1000)
[MF-SEL] tPrev=(  d=0.028329  dMin=0.000000  dAvg=0.023768  dMax=5.671441  Dlo=0.011884  Dhi=2.847604  err=0.000000  inc=-1.870372  bucket 0->0  (mf=1000)
[MF-SEL] tPrev=(  d=0.026411  dMin=0.000000  dAvg=0.023769  dMax=5.671441  Dlo=0.011885  Dhi=2.847605  err=0.000000  inc=-1.870372  bucket 0->0  (mf=1000)
[MF-SEL] tPrev=(  d=0.025299  dMin=0.000000  dAvg=0.023770  dMax=5.671441  Dlo=0.011885  Dhi=2.847605  err=0.000000  inc=-1.870372  bucket 0->0  (mf=1000)
[MF-SEL] tPrev=(  d=0.024591  dMin=0.000000  dAvg=0.023770  dMax=5.671441  Dlo=0.011885  Dhi=2.847606  err=0.000000  inc=-1.870372  bucket 0->0  (mf=1000)
[MF-SEL] tPrev=(  d=0.023869  dMin=0.000000  dAvg=0.023770  dMax=5.671441  Dlo=0.011885  Dhi=2.847606  err=0.000000  inc=-1.870372  bucket 0->0  (mf=1000)
[MF-SEL] tPrev=(  d=0.024637  dMin=0.000000  dAvg=0.023771  dMax=5.671441  Dlo=0.011885  Dhi=2.847606  err=0.000000  inc=-1.870372  bucket 0->0  (mf=1000)
[MF-SEL] tPrev=(  d=0.022923  dMin=0.000000  dAvg=0.023771  dMax=5.671441  Dlo=0.011885  Dhi=2.847606  err=0.000000  inc=-1.870372  bucket 0->0  (mf=1000)
[MF-SEL] tPrev=(  d=0.022936  dMin=0.000000  dAvg=0.023770  dMax=5.671441  Dlo=0.011885  Dhi=2.847605  err=0.000000  inc=-1.870372  bucket 0->0  (mf=1000)
[MF-SEL] tPrev=(  d=0.022857  dMin=0.000000  dAvg=0.023770  dMax=5.671441  Dlo=0.011885  Dhi=2.847605  err=0.000000  inc=-1.870372  bucket 0->0  (mf=1000)
[MF-SEL] tPrev=(  d=0.022686  dMin=0.000000  dAvg=0.023769  dMax=5.671441  Dlo=0.011885  Dhi=2.847605  err=0.000000  inc=-1.870372  bucket 0->0  (mf=1000)
[MF-SEL] tPrev=(  d=0.021937  dMin=0.000000  dAvg=0.023768  dMax=5.671441  Dlo=0.011884  Dhi=2.847604  err=0.000000  inc=-1.870372  bucket 0->0  (mf=1000)
[MF-SEL] tPrev=(  d=0.021746  dMin=0.000000  dAvg=0.023767  dMax=5.671441  Dlo=0.011884  Dhi=2.847604  err=0.000000  inc=-1.870372  bucket 0->0  (mf=1000)
[MF-SEL] tPrev=(  d=0.029342  dMin=0.000000  dAvg=0.023770  dMax=5.671441  Dlo=0.011885  Dhi=2.847605  err=0.000000  inc=-1.870372  bucket 0->0  (mf=1000)
[MF-SEL] tPrev=(  d=0.022063  dMin=0.000000  dAvg=0.023769  dMax=5.671441  Dlo=0.011885  Dhi=2.847605  err=0.000000  inc=-1.870372  bucket 0->0  (mf=1000)
[MF-SEL] tPrev=(  d=0.022077  dMin=0.000000  dAvg=0.023768  dMax=5.671441  Dlo=0.011884  Dhi=2.847604  err=0.000000  inc=-1.870372  bucket 0->0  (mf=1000)
[MF-SEL] tPrev=(  d=0.022498  dMin=0.000000  dAvg=0.023768  dMax=5.671441  Dlo=0.011884  Dhi=2.847604  err=0.000000  inc=-1.870372  bucket 0->0  (mf=1000)
[MF-SEL] tPrev=(  d=0.022198  dMin=0.000000  dAvg=0.023767  dMax=5.671441  Dlo=0.011883  Dhi=2.847604  err=0.000000  inc=-1.870372  bucket 0->0  (mf=1000)
[MF-SEL] tPrev=(  d=0.021483  dMin=0.000000  dAvg=0.023766  dMax=5.671441  Dlo=0.011883  Dhi=2.847603  err=0.000000  inc=-1.870372  bucket 0->0  (mf=1000)
[MF-SEL] tPrev=(  d=0.020726  dMin=0.000000  dAvg=0.023764  dMax=5.671441  Dlo=0.011882  Dhi=2.847602  err=0.000000  inc=-1.870372  bucket 0->0  (mf=1000)
[MF-SEL] tPrev=(  d=0.019718  dMin=0.000000  dAvg=0.023762  dMax=5.671441  Dlo=0.011881  Dhi=2.847601  err=0.000000  inc=-1.870372  bucket 0->0  (mf=1000)
[MF-SEL] tPrev=(  d=0.018697  dMin=0.000000  dAvg=0.023759  dMax=5.671441  Dlo=0.011880  Dhi=2.847600  err=0.000000  inc=-1.870372  bucket 0->0  (mf=1000)
[MF-SEL] tPrev=(  d=0.012424  dMin=0.000000  dAvg=0.023754  dMax=5.671441  Dlo=0.011877  Dhi=2.847597  err=0.000000  inc=-1.870372  bucket 0->0  (mf=1000)
[MF-SEL] tPrev=(  d=0.017619  dMin=0.000000  dAvg=0.023751  dMax=5.671441  Dlo=0.011875  Dhi=2.847596  err=0.000000  inc=-1.870372  bucket 0->0  (mf=1000)
[MF-SEL] tPrev=(  d=0.016629  dMin=0.000000  dAvg=0.023747  dMax=5.671441  Dlo=0.011874  Dhi=2.847594  err=0.000000  inc=-1.870372  bucket 0->0  (mf=1000)
[MF-SEL] tPrev=(  d=0.016397  dMin=0.000000  dAvg=0.023743  dMax=5.671441  Dlo=0.011872  Dhi=2.847592  err=0.000000  inc=-1.870372  bucket 0->0  (mf=1000)
[MF-SEL] tPrev=(  d=0.022695  dMin=0.000000  dAvg=0.023743  dMax=5.671441  Dlo=0.011871  Dhi=2.847592  err=0.000000  inc=-1.870372  bucket 0->0  (mf=1000)
[MF-SEL] tPrev=(  d=0.016585  dMin=0.000000  dAvg=0.023739  dMax=5.671441  Dlo=0.011870  Dhi=2.847590  err=0.000000  inc=-1.870372  bucket 0->0  (mf=1000)
[MF-SEL] tPrev=(  d=0.016889  dMin=0.000000  dAvg=0.023736  dMax=5.671441  Dlo=0.011868  Dhi=2.847588  err=0.000000  inc=-1.870372  bucket 0->0  (mf=1000)
[MF-SEL] tPrev=(  d=0.017053  dMin=0.000000  dAvg=0.023732  dMax=5.671441  Dlo=0.011866  Dhi=2.847587  err=0.000000  inc=-1.870372  bucket 0->0  (mf=1000)
[MF-SEL] tPrev=(  d=0.016775  dMin=0.000000  dAvg=0.023729  dMax=5.671441  Dlo=0.011864  Dhi=2.847585  err=0.000000  inc=-1.870372  bucket 0->0  (mf=1000)
[MF-SEL] tPrev=(  d=0.015982  dMin=0.000000  dAvg=0.023725  dMax=5.671441  Dlo=0.011863  Dhi=2.847583  err=0.000000  inc=-1.870372  bucket 0->0  (mf=1000)
[MF-SEL] tPrev=(  d=0.015141  dMin=0.000000  dAvg=0.023721  dMax=5.671441  Dlo=0.011860  Dhi=2.847581  err=0.000000  inc=-1.870372  bucket 0->0  (mf=1000)
[MF-SEL] tPrev=(  d=0.009786  dMin=0.000000  dAvg=0.023714  dMax=5.671441  Dlo=0.011857  Dhi=2.847577  err=-1.000000  inc=-2.817535  bucket 0->0  (mf=1000)
[MF-SEL] tPrev=(  d=0.013168  dMin=0.000000  dAvg=0.023708  dMax=5.671441  Dlo=0.011854  Dhi=2.847575  err=0.000000  inc=-1.542417  bucket 0->0  (mf=1000)
[MF-SEL] tPrev=(  d=0.012631  dMin=0.000000  dAvg=0.023703  dMax=5.671441  Dlo=0.011851  Dhi=2.847572  err=0.000000  inc=-1.872692  bucket 0->0  (mf=1000)
[MF-SEL] tPrev=(  d=0.012303  dMin=0.000000  dAvg=0.023697  dMax=5.671441  Dlo=0.011849  Dhi=2.847569  err=0.000000  inc=-1.872692  bucket 0->0  (mf=1000)
[MF-SEL] tPrev=(  d=0.012999  dMin=0.000000  dAvg=0.023692  dMax=5.671441  Dlo=0.011846  Dhi=2.847566  err=0.000000  inc=-1.872692  bucket 0->0  (mf=1000)
[MF-SEL] tPrev=(  d=0.012170  dMin=0.000000  dAvg=0.023686  dMax=5.671441  Dlo=0.011843  Dhi=2.847563  err=0.000000  inc=-1.872692  bucket 0->0  (mf=1000)
[MF-SEL] tPrev=(  d=0.012526  dMin=0.000000  dAvg=0.023681  dMax=5.671441  Dlo=0.011840  Dhi=2.847561  err=0.000000  inc=-1.872692  bucket 0->0  (mf=1000)
[MF-SEL] tPrev=(  d=0.013279  dMin=0.000000  dAvg=0.023675  dMax=5.671441  Dlo=0.011838  Dhi=2.847558  err=0.000000  inc=-1.872692  bucket 0->0  (mf=1000)
[MF-SEL] tPrev=(  d=0.015159  dMin=0.000000  dAvg=0.023671  dMax=5.671441  Dlo=0.011836  Dhi=2.847556  err=0.000000  inc=-1.872692  bucket 0->0  (mf=1000)
[MF-SEL] tPrev=(  d=0.016381  dMin=0.000000  dAvg=0.023667  dMax=5.671441  Dlo=0.011834  Dhi=2.847554  err=0.000000  inc=-1.872692  bucket 0->0  (mf=1000)
[MF-SEL] tPrev=(  d=0.018778  dMin=0.000000  dAvg=0.023665  dMax=5.671441  Dlo=0.011833  Dhi=2.847553  err=0.000000  inc=-1.872692  bucket 0->0  (mf=1000)
[MF-SEL] tPrev=(  d=0.019636  dMin=0.000000  dAvg=0.023663  dMax=5.671441  Dlo=0.011832  Dhi=2.847552  err=0.000000  inc=-1.872692  bucket 0->0  (mf=1000)
[MF-SEL] tPrev=(  d=0.020288  dMin=0.000000  dAvg=0.023661  dMax=5.671441  Dlo=0.011831  Dhi=2.847551  err=0.000000  inc=-1.872692  bucket 0->0  (mf=1000)
[MF-SEL] tPrev=(  d=0.021134  dMin=0.000000  dAvg=0.023660  dMax=5.671441  Dlo=0.011830  Dhi=2.847550  err=0.000000  inc=-1.872692  bucket 0->0  (mf=1000)
[MF-SEL] tPrev=(  d=0.021319  dMin=0.000000  dAvg=0.023659  dMax=5.671441  Dlo=0.011829  Dhi=2.847550  err=0.000000  inc=-1.872692  bucket 0->0  (mf=1000)
[MF-SEL] tPrev=(  d=0.020644  dMin=0.000000  dAvg=0.023657  dMax=5.671441  Dlo=0.011829  Dhi=2.847549  err=0.000000  inc=-1.872692  bucket 0->0  (mf=1000)
[MF-SEL] tPrev=(  d=0.020744  dMin=0.000000  dAvg=0.023656  dMax=5.671441  Dlo=0.011828  Dhi=2.847548  err=0.000000  inc=-1.872692  bucket 0->0  (mf=1000)
[MF-SEL] tPrev=(  d=0.018267  dMin=0.000000  dAvg=0.023653  dMax=5.671441  Dlo=0.011827  Dhi=2.847547  err=0.000000  inc=-1.872692  bucket 0->0  (mf=1000)
[MF-SEL] tPrev=(  d=0.019765  dMin=0.000000  dAvg=0.023651  dMax=5.671441  Dlo=0.011826  Dhi=2.847546  err=0.000000  inc=-1.872692  bucket 0->0  (mf=1000)
[MF-SEL] tPrev=(  d=0.019547  dMin=0.000000  dAvg=0.023649  dMax=5.671441  Dlo=0.011825  Dhi=2.847545  err=0.000000  inc=-1.872692  bucket 0->0  (mf=1000)
[MF-SEL] tPrev=(  d=0.020845  dMin=0.000000  dAvg=0.023648  dMax=5.671441  Dlo=0.011824  Dhi=2.847544  err=0.000000  inc=-1.872692  bucket 0->0  (mf=1000)
[MF-SEL] tPrev=(  d=0.022730  dMin=0.000000  dAvg=0.023647  dMax=5.671441  Dlo=0.011824  Dhi=2.847544  err=0.000000  inc=-1.872692  bucket 0->0  (mf=1000)
[MF-SEL] tPrev=(  d=0.024802  dMin=0.000000  dAvg=0.023648  dMax=5.671441  Dlo=0.011824  Dhi=2.847544  err=0.000000  inc=-1.872692  bucket 0->0  (mf=1000)
[MF-SEL] tPrev=(  d=0.027204  dMin=0.000000  dAvg=0.023650  dMax=5.671441  Dlo=0.011825  Dhi=2.847545  err=0.000000  inc=-1.872692  bucket 0->0  (mf=1000)
[MF-SEL] tPrev=(  d=0.030141  dMin=0.000000  dAvg=0.023653  dMax=5.671441  Dlo=0.011826  Dhi=2.847547  err=0.000000  inc=-1.872692  bucket 0->0  (mf=1000)
[MF-SEL] tPrev=(  d=0.031972  dMin=0.000000  dAvg=0.023657  dMax=5.671441  Dlo=0.011829  Dhi=2.847549  err=0.000000  inc=-1.872692  bucket 0->0  (mf=1000)
[MF-SEL] tPrev=(  d=0.034584  dMin=0.000000  dAvg=0.023663  dMax=5.671441  Dlo=0.011831  Dhi=2.847552  err=0.000000  inc=-1.872692  bucket 0->0  (mf=1000)
[MF-SEL] tPrev=(  d=0.040861  dMin=0.000000  dAvg=0.023671  dMax=5.671441  Dlo=0.011836  Dhi=2.847556  err=0.000000  inc=-1.872692  bucket 0->0  (mf=1000)
[MF-SEL] tPrev=(  d=0.038776  dMin=0.000000  dAvg=0.023679  dMax=5.671441  Dlo=0.011839  Dhi=2.847560  err=0.000000  inc=-1.872692  bucket 0->0  (mf=1000)
[MF-SEL] tPrev=(  d=0.039688  dMin=0.000000  dAvg=0.023686  dMax=5.671441  Dlo=0.011843  Dhi=2.847564  err=0.000000  inc=-1.872692  bucket 0->0  (mf=1000)
[MF-SEL] tPrev=(  d=0.040055  dMin=0.000000  dAvg=0.023695  dMax=5.671441  Dlo=0.011847  Dhi=2.847568  err=0.000000  inc=-1.872692  bucket 0->0  (mf=1000)
[MF-SEL] tPrev=(  d=0.039977  dMin=0.000000  dAvg=0.023703  dMax=5.671441  Dlo=0.011851  Dhi=2.847572  err=0.000000  inc=-1.872692  bucket 0->0  (mf=1000)
[MF-SEL] tPrev=(  d=0.039326  dMin=0.000000  dAvg=0.023710  dMax=5.671441  Dlo=0.011855  Dhi=2.847575  err=0.000000  inc=-1.872692  bucket 0->0  (mf=1000)
[MF-SEL] tPrev=(  d=0.038279  dMin=0.000000  dAvg=0.023717  dMax=5.671441  Dlo=0.011859  Dhi=2.847579  err=0.000000  inc=-1.872692  bucket 0->0  (mf=1000)
[MF-SEL] tPrev=(  d=0.037385  dMin=0.000000  dAvg=0.023724  dMax=5.671441  Dlo=0.011862  Dhi=2.847582  err=0.000000  inc=-1.872692  bucket 0->0  (mf=1000)
[MF-SEL] tPrev=(  d=0.036088  dMin=0.000000  dAvg=0.023730  dMax=5.671441  Dlo=0.011865  Dhi=2.847585  err=0.000000  inc=-1.872692  bucket 0->0  (mf=1000)
[MF-SEL] tPrev=(  d=0.030070  dMin=0.000000  dAvg=0.023733  dMax=5.671441  Dlo=0.011867  Dhi=2.847587  err=0.000000  inc=-1.872692  bucket 0->0  (mf=1000)
[MF-SEL] tPrev=(  d=0.034724  dMin=0.000000  dAvg=0.023739  dMax=5.671441  Dlo=0.011869  Dhi=2.847590  err=0.000000  inc=-1.872692  bucket 0->0  (mf=1000)
[MF-SEL] tPrev=(  d=0.035006  dMin=0.000000  dAvg=0.023744  dMax=5.671441  Dlo=0.011872  Dhi=2.847592  err=0.000000  inc=-1.872692  bucket 0->0  (mf=1000)
[MF-SEL] tPrev=(  d=0.035046  dMin=0.000000  dAvg=0.023750  dMax=5.671441  Dlo=0.011875  Dhi=2.847595  err=0.000000  inc=-1.872692  bucket 0->0  (mf=1000)
[MF-SEL] tPrev=(  d=0.035413  dMin=0.000000  dAvg=0.023756  dMax=5.671441  Dlo=0.011878  Dhi=2.847598  err=0.000000  inc=-1.872692  bucket 0->0  (mf=1000)
[MF-SEL] tPrev=(  d=0.036084  dMin=0.000000  dAvg=0.023762  dMax=5.671441  Dlo=0.011881  Dhi=2.847601  err=0.000000  inc=-1.872692  bucket 0->0  (mf=1000)
[MF-SEL] tPrev=(  d=0.036164  dMin=0.000000  dAvg=0.023768  dMax=5.671441  Dlo=0.011884  Dhi=2.847604  err=0.000000  inc=-1.872692  bucket 0->0  (mf=1000)
[MF-SEL] tPrev=(  d=0.036146  dMin=0.000000  dAvg=0.023774  dMax=5.671441  Dlo=0.011887  Dhi=2.847607  err=0.000000  inc=-1.872692  bucket 0->0  (mf=1000)
[MF-SEL] tPrev=(  d=0.036017  dMin=0.000000  dAvg=0.023780  dMax=5.671441  Dlo=0.011890  Dhi=2.847610  err=0.000000  inc=-1.872692  bucket 0->0  (mf=1000)
[MF-SEL] tPrev=(  d=0.036306  dMin=0.000000  dAvg=0.023786  dMax=5.671441  Dlo=0.011893  Dhi=2.847613  err=0.000000  inc=-1.872692  bucket 0->0  (mf=1000)
[MF-SEL] tPrev=(  d=0.028249  dMin=0.000000  dAvg=0.023788  dMax=5.671441  Dlo=0.011894  Dhi=2.847614  err=0.000000  inc=-1.872692  bucket 0->0  (mf=1000)
[MF-SEL] tPrev=(  d=0.036365  dMin=0.000000  dAvg=0.023794  dMax=5.671441  Dlo=0.011897  Dhi=2.847617  err=0.000000  inc=-1.872692  bucket 0->0  (mf=1000)
[MF-SEL] tPrev=(  d=0.037121  dMin=0.000000  dAvg=0.023801  dMax=5.671441  Dlo=0.011900  Dhi=2.847621  err=0.000000  inc=-1.872692  bucket 0->0  (mf=1000)
[MF-SEL] tPrev=(  d=0.037717  dMin=0.000000  dAvg=0.023808  dMax=5.671441  Dlo=0.011904  Dhi=2.847624  err=0.000000  inc=-1.872692  bucket 0->0  (mf=1000)
[MF-SEL] tPrev=(  d=0.038131  dMin=0.000000  dAvg=0.023815  dMax=5.671441  Dlo=0.011907  Dhi=2.847628  err=0.000000  inc=-1.872692  bucket 0->0  (mf=1000)
[MF-SEL] tPrev=(  d=0.038851  dMin=0.000000  dAvg=0.023822  dMax=5.671441  Dlo=0.011911  Dhi=2.847631  err=0.000000  inc=-1.872692  bucket 0->0  (mf=1000)
[MF-SEL] tPrev=(  d=0.039330  dMin=0.000000  dAvg=0.023830  dMax=5.671441  Dlo=0.011915  Dhi=2.847635  err=0.000000  inc=-1.872692  bucket 0->0  (mf=1000)
[MF-SEL] tPrev=(  d=0.039836  dMin=0.000000  dAvg=0.023837  dMax=5.671441  Dlo=0.011919  Dhi=2.847639  err=0.000000  inc=-1.872692  bucket 0->0  (mf=1000)
[MF-SEL] tPrev=(  d=0.040299  dMin=0.000000  dAvg=0.023846  dMax=5.671441  Dlo=0.011923  Dhi=2.847643  err=0.000000  inc=-1.872692  bucket 0->0  (mf=1000)
[MF-SEL] tPrev=(  d=0.040226  dMin=0.000000  dAvg=0.023854  dMax=5.671441  Dlo=0.011927  Dhi=2.847647  err=0.000000  inc=-1.872692  bucket 0->0  (mf=1000)
[MF-SEL] tPrev=(  d=0.040791  dMin=0.000000  dAvg=0.023862  dMax=5.671441  Dlo=0.011931  Dhi=2.847651  err=0.000000  inc=-1.872692  bucket 0->0  (mf=1000)
[MF-SEL] tPrev=(  d=0.040416  dMin=0.000000  dAvg=0.023870  dMax=5.671441  Dlo=0.011935  Dhi=2.847655  err=0.000000  inc=-1.872692  bucket 0->0  (mf=1000)
[MF-SEL] tPrev=(  d=0.039909  dMin=0.000000  dAvg=0.023878  dMax=5.671441  Dlo=0.011939  Dhi=2.847659  err=0.000000  inc=-1.872692  bucket 0->0  (mf=1000)
[MF-SEL] tPrev=(  d=0.039562  dMin=0.000000  dAvg=0.023885  dMax=5.671441  Dlo=0.011943  Dhi=2.847663  err=0.000000  inc=-1.872692  bucket 0->0  (mf=1000)
[MF-SEL] tPrev=(  d=0.038555  dMin=0.000000  dAvg=0.023892  dMax=5.671441  Dlo=0.011946  Dhi=2.847667  err=0.000000  inc=-1.872692  bucket 0->0  (mf=1000)
[MF-SEL] tPrev=(  d=0.037845  dMin=0.000000  dAvg=0.023899  dMax=5.671441  Dlo=0.011950  Dhi=2.847670  err=0.000000  inc=-1.872692  bucket 0->0  (mf=1000)
[MF-SEL] tPrev=(  d=0.036975  dMin=0.000000  dAvg=0.023906  dMax=5.671441  Dlo=0.011953  Dhi=2.847673  err=0.000000  inc=-1.872692  bucket 0->0  (mf=1000)
[MF-SEL] tPrev=(  d=0.033533  dMin=0.000000  dAvg=0.023910  dMax=5.671441  Dlo=0.011955  Dhi=2.847675  err=0.000000  inc=-1.872692  bucket 0->0  (mf=1000)
[MF-SEL] tPrev=(  d=0.036887  dMin=0.000000  dAvg=0.023917  dMax=5.671441  Dlo=0.011958  Dhi=2.847679  err=0.000000  inc=-1.872692  bucket 0->0  (mf=1000)
[MF-SEL] tPrev=(  d=0.037068  dMin=0.000000  dAvg=0.023923  dMax=5.671441  Dlo=0.011961  Dhi=2.847682  err=0.000000  inc=-1.872692  bucket 0->0  (mf=1000)
[MF-SEL] tPrev=(  d=0.037599  dMin=0.000000  dAvg=0.023930  dMax=5.671441  Dlo=0.011965  Dhi=2.847685  err=0.000000  inc=-1.872692  bucket 0->0  (mf=1000)
[MF-SEL] tPrev=(  d=0.037477  dMin=0.000000  dAvg=0.023936  dMax=5.671441  Dlo=0.011968  Dhi=2.847688  err=0.000000  inc=-1.872692  bucket 0->0  (mf=1000)
[MF-SEL] tPrev=(  d=0.037433  dMin=0.000000  dAvg=0.023943  dMax=5.671441  Dlo=0.011971  Dhi=2.847692  err=0.000000  inc=-1.872692  bucket 0->0  (mf=1000)
[MF-SEL] tPrev=(  d=0.037561  dMin=0.000000  dAvg=0.023949  dMax=5.671441  Dlo=0.011975  Dhi=2.847695  err=0.000000  inc=-1.872692  bucket 0->0  (mf=1000)
[MF-SEL] tPrev=(  d=0.037788  dMin=0.000000  dAvg=0.023956  dMax=5.671441  Dlo=0.011978  Dhi=2.847698  err=0.000000  inc=-1.872692  bucket 0->0  (mf=1000)
[MF-SEL] tPrev=(  d=0.038816  dMin=0.000000  dAvg=0.023963  dMax=5.671441  Dlo=0.011982  Dhi=2.847702  err=0.000000  inc=-1.872692  bucket 0->0  (mf=1000)
[MF-SEL] tPrev=(  d=0.039678  dMin=0.000000  dAvg=0.023971  dMax=5.671441  Dlo=0.011985  Dhi=2.847706  err=0.000000  inc=-1.872692  bucket 0->0  (mf=1000)
[MF-SEL] tPrev=(  d=0.045824  dMin=0.000000  dAvg=0.023981  dMax=5.671441  Dlo=0.011991  Dhi=2.847711  err=0.000000  inc=-1.872692  bucket 0->0  (mf=1000)
[MF-SEL] tPrev=(  d=0.040935  dMin=0.000000  dAvg=0.023990  dMax=5.671441  Dlo=0.011995  Dhi=2.847715  err=0.000000  inc=-1.872692  bucket 0->0  (mf=1000)
[MF-SEL] tPrev=(  d=0.041569  dMin=0.000000  dAvg=0.023998  dMax=5.671441  Dlo=0.011999  Dhi=2.847719  err=0.000000  inc=-1.872692  bucket 0->0  (mf=1000)
[MF-SEL] tPrev=(  d=0.042170  dMin=0.000000  dAvg=0.024007  dMax=5.671441  Dlo=0.012003  Dhi=2.847724  err=0.000000  inc=-1.872692  bucket 0->0  (mf=1000)
[MF-SEL] tPrev=(  d=0.042471  dMin=0.000000  dAvg=0.024016  dMax=5.671441  Dlo=0.012008  Dhi=2.847728  err=0.000000  inc=-1.872692  bucket 0->0  (mf=1000)
[MF-SEL] tPrev=(  d=0.042959  dMin=0.000000  dAvg=0.024025  dMax=5.671441  Dlo=0.012012  Dhi=2.847733  err=0.000000  inc=-1.872692  bucket 0->0  (mf=1000)
[MF-SEL] tPrev=(  d=0.042932  dMin=0.000000  dAvg=0.024034  dMax=5.671441  Dlo=0.012017  Dhi=2.847737  err=0.000000  inc=-1.872692  bucket 0->0  (mf=1000)
[MF-SEL] tPrev=(  d=0.043332  dMin=0.000000  dAvg=0.024043  dMax=5.671441  Dlo=0.012022  Dhi=2.847742  err=0.000000  inc=-1.872692  bucket 0->0  (mf=1000)
[MF-SEL] tPrev=(  d=0.043027  dMin=0.000000  dAvg=0.024053  dMax=5.671441  Dlo=0.012026  Dhi=2.847747  err=0.000000  inc=-1.872692  bucket 0->0  (mf=1000)
[MF-SEL] tPrev=(  d=0.043254  dMin=0.000000  dAvg=0.024062  dMax=5.671441  Dlo=0.012031  Dhi=2.847751  err=0.000000  inc=-1.872692  bucket 0->0  (mf=1000)
[MF-SEL] tPrev=(  d=0.043476  dMin=0.000000  dAvg=0.024071  dMax=5.671441  Dlo=0.012036  Dhi=2.847756  err=0.000000  inc=-1.872692  bucket 0->0  (mf=1000)
[MF-SEL] tPrev=(  d=0.043347  dMin=0.000000  dAvg=0.024080  dMax=5.671441  Dlo=0.012040  Dhi=2.847760  err=0.000000  inc=-1.872692  bucket 0->0  (mf=1000)
[MF-SEL] tPrev=(  d=0.043488  dMin=0.000000  dAvg=0.024090  dMax=5.671441  Dlo=0.012045  Dhi=2.847765  err=0.000000  inc=-1.872692  bucket 0->0  (mf=1000)
[MF-SEL] tPrev=(  d=0.043482  dMin=0.000000  dAvg=0.024099  dMax=5.671441  Dlo=0.012050  Dhi=2.847770  err=0.000000  inc=-1.872692  bucket 0->0  (mf=1000)
[MF-SEL] tPrev=(  d=0.043222  dMin=0.000000  dAvg=0.024108  dMax=5.671441  Dlo=0.012054  Dhi=2.847774  err=0.000000  inc=-1.872692  bucket 0->0  (mf=1000)
[MF-SEL] tPrev=(  d=0.042747  dMin=0.000000  dAvg=0.024117  dMax=5.671441  Dlo=0.012059  Dhi=2.847779  err=0.000000  inc=-1.872692  bucket 0->0  (mf=1000)
[MF-SEL] tPrev=(  d=0.042139  dMin=0.000000  dAvg=0.024126  dMax=5.671441  Dlo=0.012063  Dhi=2.847783  err=0.000000  inc=-1.872692  bucket 0->0  (mf=1000)
[MF-SEL] tPrev=(  d=0.041154  dMin=0.000000  dAvg=0.024134  dMax=5.671441  Dlo=0.012067  Dhi=2.847787  err=0.000000  inc=-1.872692  bucket 0->0  (mf=1000)
[MF-SEL] tPrev=(  d=0.040670  dMin=0.000000  dAvg=0.024142  dMax=5.671441  Dlo=0.012071  Dhi=2.847791  err=0.000000  inc=-1.872692  bucket 0->0  (mf=1000)
[MF-SEL] tPrev=(  d=0.038861  dMin=0.000000  dAvg=0.024149  dMax=5.671441  Dlo=0.012074  Dhi=2.847795  err=0.000000  inc=-1.872692  bucket 0->0  (mf=1000)
[MF-SEL] tPrev=(  d=0.039322  dMin=0.000000  dAvg=0.024156  dMax=5.671441  Dlo=0.012078  Dhi=2.847798  err=0.000000  inc=-1.872692  bucket 0->0  (mf=1000)
[MF-SEL] tPrev=(  d=0.039569  dMin=0.000000  dAvg=0.024164  dMax=5.671441  Dlo=0.012082  Dhi=2.847802  err=0.000000  inc=-1.872692  bucket 0->0  (mf=1000)
[MF-SEL] tPrev=(  d=0.039702  dMin=0.000000  dAvg=0.024171  dMax=5.671441  Dlo=0.012086  Dhi=2.847806  err=0.000000  inc=-1.872692  bucket 0->0  (mf=1000)
[MF-SEL] tPrev=(  d=0.039786  dMin=0.000000  dAvg=0.024179  dMax=5.671441  Dlo=0.012089  Dhi=2.847810  err=0.000000  inc=-1.872692  bucket 0->0  (mf=1000)
[MF-SEL] tPrev=(  d=0.039956  dMin=0.000000  dAvg=0.024186  dMax=5.671441  Dlo=0.012093  Dhi=2.847813  err=0.000000  inc=-1.872692  bucket 0->0  (mf=1000)
[MF-SEL] tPrev=(  d=0.039861  dMin=0.000000  dAvg=0.024194  dMax=5.671441  Dlo=0.012097  Dhi=2.847817  err=0.000000  inc=-1.872692  bucket 0->0  (mf=1000)
[MF-SEL] tPrev=(  d=0.039584  dMin=0.000000  dAvg=0.024201  dMax=5.671441  Dlo=0.012100  Dhi=2.847821  err=0.000000  inc=-1.872692  bucket 0->0  (mf=1000)
[MF-SEL] tPrev=(  d=0.039081  dMin=0.000000  dAvg=0.024208  dMax=5.671441  Dlo=0.012104  Dhi=2.847824  err=0.000000  inc=-1.872692  bucket 0->0  (mf=1000)
[MF-SEL] tPrev=(  d=0.038980  dMin=0.000000  dAvg=0.024215  dMax=5.671441  Dlo=0.012108  Dhi=2.847828  err=0.000000  inc=-1.872692  bucket 0->0  (mf=1000)
[MF-SEL] tPrev=(  d=0.041848  dMin=0.000000  dAvg=0.024224  dMax=5.671441  Dlo=0.012112  Dhi=2.847832  err=0.000000  inc=-1.872692  bucket 0->0  (mf=1000)
[MF-SEL] tPrev=(  d=0.037612  dMin=0.000000  dAvg=0.024230  dMax=5.671441  Dlo=0.012115  Dhi=2.847835  err=0.000000  inc=-1.872692  bucket 0->0  (mf=1000)
[MF-SEL] tPrev=(  d=0.037295  dMin=0.000000  dAvg=0.024236  dMax=5.671441  Dlo=0.012118  Dhi=2.847838  err=0.000000  inc=-1.872692  bucket 0->0  (mf=1000)
[MF-SEL] tPrev=(  d=0.036759  dMin=0.000000  dAvg=0.024242  dMax=5.671441  Dlo=0.012121  Dhi=2.847841  err=0.000000  inc=-1.872692  bucket 0->0  (mf=1000)
[MF-SEL] tPrev=(  d=0.036396  dMin=0.000000  dAvg=0.024248  dMax=5.671441  Dlo=0.012124  Dhi=2.847844  err=0.000000  inc=-1.872692  bucket 0->0  (mf=1000)
[MF-SEL] tPrev=(  d=0.036362  dMin=0.000000  dAvg=0.024254  dMax=5.671441  Dlo=0.012127  Dhi=2.847847  err=0.000000  inc=-1.872692  bucket 0->0  (mf=1000)
[MF-SEL] tPrev=(  d=0.036212  dMin=0.000000  dAvg=0.024259  dMax=5.671441  Dlo=0.012130  Dhi=2.847850  err=0.000000  inc=-1.872692  bucket 0->0  (mf=1000)
[MF-SEL] tPrev=(  d=0.036503  dMin=0.000000  dAvg=0.024265  dMax=5.671441  Dlo=0.012133  Dhi=2.847853  err=0.000000  inc=-1.872692  bucket 0->0  (mf=1000)
[MF-SEL] tPrev=(  d=0.036587  dMin=0.000000  dAvg=0.024271  dMax=5.671441  Dlo=0.012136  Dhi=2.847856  err=0.000000  inc=-1.872692  bucket 0->0  (mf=1000)
[MF-SEL] tPrev=(  d=0.036299  dMin=0.000000  dAvg=0.024277  dMax=5.671441  Dlo=0.012138  Dhi=2.847859  err=0.000000  inc=-1.872692  bucket 0->0  (mf=1000)
[MF-SEL] tPrev=(  d=0.049244  dMin=0.000000  dAvg=0.024289  dMax=5.671441  Dlo=0.012144  Dhi=2.847865  err=0.000000  inc=-1.872692  bucket 0->0  (mf=1000)
[MF-SEL] tPrev=(  d=0.036144  dMin=0.000000  dAvg=0.024294  dMax=5.671441  Dlo=0.012147  Dhi=2.847867  err=0.000000  inc=-1.872692  bucket 0->0  (mf=1000)
[MF-SEL] tPrev=(  d=0.036375  dMin=0.000000  dAvg=0.024300  dMax=5.671441  Dlo=0.012150  Dhi=2.847870  err=0.000000  inc=-1.872692  bucket 0->0  (mf=1000)
[MF-SEL] tPrev=(  d=0.036958  dMin=0.000000  dAvg=0.024306  dMax=5.671441  Dlo=0.012153  Dhi=2.847873  err=0.000000  inc=-1.872692  bucket 0->0  (mf=1000)
[MF-SEL] tPrev=(  d=0.037359  dMin=0.000000  dAvg=0.024312  dMax=5.671441  Dlo=0.012156  Dhi=2.847876  err=0.000000  inc=-1.872692  bucket 0->0  (mf=1000)
[MF-SEL] tPrev=(  d=0.037697  dMin=0.000000  dAvg=0.024318  dMax=5.671441  Dlo=0.012159  Dhi=2.847880  err=0.000000  inc=-1.872692  bucket 0->0  (mf=1000)
[MF-SEL] tPrev=(  d=0.038010  dMin=0.000000  dAvg=0.024325  dMax=5.671441  Dlo=0.012162  Dhi=2.847883  err=0.000000  inc=-1.872692  bucket 0->0  (mf=1000)
[MF-SEL] tPrev=(  d=0.038255  dMin=0.000000  dAvg=0.024332  dMax=5.671441  Dlo=0.012166  Dhi=2.847886  err=0.000000  inc=-1.872692  bucket 0->0  (mf=1000)
[MF-SEL] tPrev=(  d=0.038552  dMin=0.000000  dAvg=0.024338  dMax=5.671441  Dlo=0.012169  Dhi=2.847889  err=0.000000  inc=-1.872692  bucket 0->0  (mf=1000)
[MF-SEL] tPrev=(  d=0.038991  dMin=0.000000  dAvg=0.024345  dMax=5.671441  Dlo=0.012173  Dhi=2.847893  err=0.000000  inc=-1.872692  bucket 0->0  (mf=1000)
[MF-SEL] tPrev=(  d=0.034184  dMin=0.000000  dAvg=0.024350  dMax=5.671441  Dlo=0.012175  Dhi=2.847895  err=0.000000  inc=-1.872692  bucket 0->0  (mf=1000)
[MF-SEL] tPrev=(  d=0.039374  dMin=0.000000  dAvg=0.024357  dMax=5.671441  Dlo=0.012178  Dhi=2.847899  err=0.000000  inc=-1.872692  bucket 0->0  (mf=1000)
[MF-SEL] tPrev=(  d=0.039604  dMin=0.000000  dAvg=0.024364  dMax=5.671441  Dlo=0.012182  Dhi=2.847902  err=0.000000  inc=-1.872692  bucket 0->0  (mf=1000)
[MF-SEL] tPrev=(  d=0.039582  dMin=0.000000  dAvg=0.024371  dMax=5.671441  Dlo=0.012186  Dhi=2.847906  err=0.000000  inc=-1.872692  bucket 0->0  (mf=1000)
[MF-SEL] tPrev=(  d=0.039943  dMin=0.000000  dAvg=0.024379  dMax=5.671441  Dlo=0.012189  Dhi=2.847910  err=0.000000  inc=-1.872692  bucket 0->0  (mf=1000)
[MF-SEL] tPrev=(  d=0.040162  dMin=0.000000  dAvg=0.024386  dMax=5.671441  Dlo=0.012193  Dhi=2.847913  err=0.000000  inc=-1.872692  bucket 0->0  (mf=1000)
[MF-SEL] tPrev=(  d=0.040282  dMin=0.000000  dAvg=0.024394  dMax=5.671441  Dlo=0.012197  Dhi=2.847917  err=0.000000  inc=-1.872692  bucket 0->0  (mf=1000)
[MF-SEL] tPrev=(  d=0.040615  dMin=0.000000  dAvg=0.024401  dMax=5.671441  Dlo=0.012201  Dhi=2.847921  err=0.000000  inc=-1.872692  bucket 0->0  (mf=1000)
[MF-SEL] tPrev=(  d=0.041667  dMin=0.000000  dAvg=0.024409  dMax=5.671441  Dlo=0.012205  Dhi=2.847925  err=0.000000  inc=-1.872692  bucket 0->0  (mf=1000)
[MF-SEL] tPrev=(  d=0.042096  dMin=0.000000  dAvg=0.024418  dMax=5.671441  Dlo=0.012209  Dhi=2.847929  err=0.000000  inc=-1.872692  bucket 0->0  (mf=1000)
[MF-SEL] tPrev=(  d=0.050238  dMin=0.000000  dAvg=0.024430  dMax=5.671441  Dlo=0.012215  Dhi=2.847935  err=0.000000  inc=-1.872692  bucket 0->0  (mf=1000)
[MF-SEL] tPrev=(  d=0.042953  dMin=0.000000  dAvg=0.024439  dMax=5.671441  Dlo=0.012219  Dhi=2.847940  err=0.000000  inc=-1.872692  bucket 0->0  (mf=1000)
[MF-SEL] tPrev=(  d=0.042208  dMin=0.000000  dAvg=0.024447  dMax=5.671441  Dlo=0.012223  Dhi=2.847944  err=0.000000  inc=-1.872692  bucket 0->0  (mf=1000)
[MF-SEL] tPrev=(  d=0.041201  dMin=0.000000  dAvg=0.024455  dMax=5.671441  Dlo=0.012227  Dhi=2.847948  err=0.000000  inc=-1.872692  bucket 0->0  (mf=1000)
[MF-SEL] tPrev=(  d=0.040845  dMin=0.000000  dAvg=0.024462  dMax=5.671441  Dlo=0.012231  Dhi=2.847952  err=0.000000  inc=-1.872692  bucket 0->0  (mf=1000)
[MF-SEL] tPrev=(  d=0.040368  dMin=0.000000  dAvg=0.024470  dMax=5.671441  Dlo=0.012235  Dhi=2.847955  err=0.000000  inc=-1.872692  bucket 0->0  (mf=1000)
[MF-SEL] tPrev=(  d=0.032526  dMin=0.000000  dAvg=0.024474  dMax=5.671441  Dlo=0.012237  Dhi=2.847957  err=0.000000  inc=-1.872692  bucket 0->0  (mf=1000)
[MF-SEL] tPrev=(  d=0.039144  dMin=0.000000  dAvg=0.024481  dMax=5.671441  Dlo=0.012240  Dhi=2.847961  err=0.000000  inc=-1.872692  bucket 0->0  (mf=1000)
[MF-SEL] tPrev=(  d=0.038314  dMin=0.000000  dAvg=0.024487  dMax=5.671441  Dlo=0.012244  Dhi=2.847964  err=0.000000  inc=-1.872692  bucket 0->0  (mf=1000)
[MF-SEL] tPrev=(  d=0.037864  dMin=0.000000  dAvg=0.024493  dMax=5.671441  Dlo=0.012247  Dhi=2.847967  err=0.000000  inc=-1.872692  bucket 0->0  (mf=1000)
[MF-SEL] tPrev=(  d=0.037043  dMin=0.000000  dAvg=0.024499  dMax=5.671441  Dlo=0.012250  Dhi=2.847970  err=0.000000  inc=-1.872692  bucket 0->0  (mf=1000)
[MF-SEL] tPrev=(  d=0.036093  dMin=0.000000  dAvg=0.024505  dMax=5.671441  Dlo=0.012252  Dhi=2.847973  err=0.000000  inc=-1.872692  bucket 0->0  (mf=1000)
[MF-SEL] tPrev=(  d=0.035578  dMin=0.000000  dAvg=0.024510  dMax=5.671441  Dlo=0.012255  Dhi=2.847975  err=0.000000  inc=-1.872692  bucket 0->0  (mf=1000)
[MF-SEL] tPrev=(  d=0.028183  dMin=0.000000  dAvg=0.024512  dMax=5.671441  Dlo=0.012256  Dhi=2.847976  err=0.000000  inc=-1.872692  bucket 0->0  (mf=1000)
[MF-SEL] tPrev=(  d=0.034749  dMin=0.000000  dAvg=0.024516  dMax=5.671441  Dlo=0.012258  Dhi=2.847978  err=0.000000  inc=-1.872692  bucket 0->0  (mf=1000)
[MF-SEL] tPrev=(  d=0.034024  dMin=0.000000  dAvg=0.024521  dMax=5.671441  Dlo=0.012260  Dhi=2.847981  err=0.000000  inc=-1.872692  bucket 0->0  (mf=1000)
[MF-SEL] tPrev=(  d=0.033145  dMin=0.000000  dAvg=0.024525  dMax=5.671441  Dlo=0.012262  Dhi=2.847983  err=0.000000  inc=-1.872692  bucket 0->0  (mf=1000)
[MF-SEL] tPrev=(  d=0.032647  dMin=0.000000  dAvg=0.024529  dMax=5.671441  Dlo=0.012264  Dhi=2.847985  err=0.000000  inc=-1.872692  bucket 0->0  (mf=1000)
[MF-SEL] tPrev=(  d=0.032084  dMin=0.000000  dAvg=0.024532  dMax=5.671441  Dlo=0.012266  Dhi=2.847986  err=0.000000  inc=-1.872692  bucket 0->0  (mf=1000)
[MF-SEL] tPrev=(  d=0.031600  dMin=0.000000  dAvg=0.024535  dMax=5.671441  Dlo=0.012268  Dhi=2.847988  err=0.000000  inc=-1.872692  bucket 0->0  (mf=1000)
[MF-SEL] tPrev=(  d=0.028386  dMin=0.000000  dAvg=0.024537  dMax=5.671441  Dlo=0.012269  Dhi=2.847989  err=0.000000  inc=-1.872692  bucket 0->0  (mf=1000)
[MF-SEL] tPrev=(  d=0.030846  dMin=0.000000  dAvg=0.024540  dMax=5.671441  Dlo=0.012270  Dhi=2.847990  err=0.000000  inc=-1.872692  bucket 0->0  (mf=1000)
[MF-SEL] tPrev=(  d=0.030705  dMin=0.000000  dAvg=0.024543  dMax=5.671441  Dlo=0.012271  Dhi=2.847992  err=0.000000  inc=-1.872692  bucket 0->0  (mf=1000)
[MF-SEL] tPrev=(  d=0.030481  dMin=0.000000  dAvg=0.024546  dMax=5.671441  Dlo=0.012273  Dhi=2.847993  err=0.000000  inc=-1.872692  bucket 0->0  (mf=1000)
[MF-SEL] tPrev=(  d=0.029635  dMin=0.000000  dAvg=0.024548  dMax=5.671441  Dlo=0.012274  Dhi=2.847994  err=0.000000  inc=-1.872692  bucket 0->0  (mf=1000)
[MF-SEL] tPrev=(  d=0.029046  dMin=0.000000  dAvg=0.024550  dMax=5.671441  Dlo=0.012275  Dhi=2.847995  err=0.000000  inc=-1.872692  bucket 0->0  (mf=1000)
[MF-SEL] tPrev=(  d=0.028311  dMin=0.000000  dAvg=0.024552  dMax=5.671441  Dlo=0.012276  Dhi=2.847996  err=0.000000  inc=-1.872692  bucket 0->0  (mf=1000)
[MF-SEL] tPrev=(  d=0.027694  dMin=0.000000  dAvg=0.024553  dMax=5.671441  Dlo=0.012277  Dhi=2.847997  err=0.000000  inc=-1.872692  bucket 0->0  (mf=1000)
[MF-SEL] tPrev=(  d=0.031164  dMin=0.000000  dAvg=0.024556  dMax=5.671441  Dlo=0.012278  Dhi=2.847999  err=0.000000  inc=-1.872692  bucket 0->0  (mf=1000)
[MF-SEL] tPrev=(  d=0.027029  dMin=0.000000  dAvg=0.024558  dMax=5.671441  Dlo=0.012279  Dhi=2.847999  err=0.000000  inc=-1.872692  bucket 0->0  (mf=1000)
[MF-SEL] tPrev=(  d=0.027103  dMin=0.000000  dAvg=0.024559  dMax=5.671441  Dlo=0.012279  Dhi=2.848000  err=0.000000  inc=-1.872692  bucket 0->0  (mf=1000)
[MF-SEL] tPrev=(  d=0.027318  dMin=0.000000  dAvg=0.024560  dMax=5.671441  Dlo=0.012280  Dhi=2.848000  err=0.000000  inc=-1.872692  bucket 0->0  (mf=1000)
[MF-SEL] tPrev=(  d=0.027599  dMin=0.000000  dAvg=0.024562  dMax=5.671441  Dlo=0.012281  Dhi=2.848001  err=0.000000  inc=-1.872692  bucket 0->0  (mf=1000)
[MF-SEL] tPrev=(  d=0.019404  dMin=0.000000  dAvg=0.024559  dMax=5.671441  Dlo=0.012280  Dhi=2.848000  err=0.000000  inc=-1.872692  bucket 0->0  (mf=1000)
[MF-SEL] tPrev=(  d=0.027872  dMin=0.000000  dAvg=0.024561  dMax=5.671441  Dlo=0.012280  Dhi=2.848001  err=0.000000  inc=-1.872692  bucket 0->0  (mf=1000)
[MF-SEL] tPrev=(  d=0.028645  dMin=0.000000  dAvg=0.024563  dMax=5.671441  Dlo=0.012281  Dhi=2.848002  err=0.000000  inc=-1.872692  bucket 0->0  (mf=1000)
[MF-SEL] tPrev=(  d=0.028765  dMin=0.000000  dAvg=0.024564  dMax=5.671441  Dlo=0.012282  Dhi=2.848003  err=0.000000  inc=-1.872692  bucket 0->0  (mf=1000)
[MF-SEL] tPrev=(  d=0.029012  dMin=0.000000  dAvg=0.024567  dMax=5.671441  Dlo=0.012283  Dhi=2.848004  err=0.000000  inc=-1.872692  bucket 0->0  (mf=1000)
[MF-SEL] tPrev=(  d=0.029733  dMin=0.000000  dAvg=0.024569  dMax=5.671441  Dlo=0.012284  Dhi=2.848005  err=0.000000  inc=-1.872692  bucket 0->0  (mf=1000)
[MF-SEL] tPrev=(  d=0.030216  dMin=0.000000  dAvg=0.024572  dMax=5.671441  Dlo=0.012286  Dhi=2.848006  err=0.000000  inc=-1.872692  bucket 0->0  (mf=1000)
[MF-SEL] tPrev=(  d=0.039115  dMin=0.000000  dAvg=0.024578  dMax=5.671441  Dlo=0.012289  Dhi=2.848009  err=0.000000  inc=-1.872692  bucket 0->0  (mf=1000)
[MF-SEL] tPrev=(  d=0.030906  dMin=0.000000  dAvg=0.024581  dMax=5.671441  Dlo=0.012291  Dhi=2.848011  err=0.000000  inc=-1.872692  bucket 0->0  (mf=1000)
[MF-SEL] tPrev=(  d=0.030581  dMin=0.000000  dAvg=0.024584  dMax=5.671441  Dlo=0.012292  Dhi=2.848012  err=0.000000  inc=-1.872692  bucket 0->0  (mf=1000)
[MF-SEL] tPrev=(  d=0.030065  dMin=0.000000  dAvg=0.024586  dMax=5.671441  Dlo=0.012293  Dhi=2.848014  err=0.000000  inc=-1.872692  bucket 0->0  (mf=1000)
[MF-SEL] tPrev=(  d=0.029242  dMin=0.000000  dAvg=0.024589  dMax=5.671441  Dlo=0.012294  Dhi=2.848015  err=0.000000  inc=-1.872692  bucket 0->0  (mf=1000)
[MF-SEL] tPrev=(  d=0.031629  dMin=0.000000  dAvg=0.024592  dMax=5.671441  Dlo=0.012296  Dhi=2.848016  err=0.000000  inc=-1.872692  bucket 0->0  (mf=1000)
[MF-SEL] tPrev=(  d=0.028597  dMin=0.000000  dAvg=0.024594  dMax=5.671441  Dlo=0.012297  Dhi=2.848017  err=0.000000  inc=-1.872692  bucket 0->0  (mf=1000)
[MF-SEL] tPrev=(  d=0.028481  dMin=0.000000  dAvg=0.024595  dMax=5.671441  Dlo=0.012298  Dhi=2.848018  err=0.000000  inc=-1.872692  bucket 0->0  (mf=1000)
[MF-SEL] tPrev=(  d=0.028749  dMin=0.000000  dAvg=0.024597  dMax=5.671441  Dlo=0.012299  Dhi=2.848019  err=0.000000  inc=-1.872692  bucket 0->0  (mf=1000)
[MF-SEL] tPrev=(  d=0.028735  dMin=0.000000  dAvg=0.024599  dMax=5.671441  Dlo=0.012300  Dhi=2.848020  err=0.000000  inc=-1.872692  bucket 0->0  (mf=1000)
[MF-SEL] tPrev=(  d=0.029202  dMin=0.000000  dAvg=0.024601  dMax=5.671441  Dlo=0.012301  Dhi=2.848021  err=0.000000  inc=-1.872692  bucket 0->0  (mf=1000)
[MF-SEL] tPrev=(  d=0.029764  dMin=0.000000  dAvg=0.024604  dMax=5.671441  Dlo=0.012302  Dhi=2.848022  err=0.000000  inc=-1.872692  bucket 0->0  (mf=1000)
[MF-SEL] tPrev=(  d=0.025478  dMin=0.000000  dAvg=0.024604  dMax=5.671441  Dlo=0.012302  Dhi=2.848022  err=0.000000  inc=-1.872692  bucket 0->0  (mf=1000)
[MF-SEL] tPrev=(  d=0.031192  dMin=0.000000  dAvg=0.024607  dMax=5.671441  Dlo=0.012304  Dhi=2.848024  err=0.000000  inc=-1.872692  bucket 0->0  (mf=1000)
[MF-SEL] tPrev=(  d=0.031882  dMin=0.000000  dAvg=0.024611  dMax=5.671441  Dlo=0.012305  Dhi=2.848026  err=0.000000  inc=-1.872692  bucket 0->0  (mf=1000)
[MF-SEL] tPrev=(  d=0.032868  dMin=0.000000  dAvg=0.024614  dMax=5.671441  Dlo=0.012307  Dhi=2.848027  err=0.000000  inc=-1.872692  bucket 0->0  (mf=1000)
[MF-SEL] tPrev=(  d=0.032793  dMin=0.000000  dAvg=0.024618  dMax=5.671441  Dlo=0.012309  Dhi=2.848029  err=0.000000  inc=-1.872692  bucket 0->0  (mf=1000)
[MF-SEL] tPrev=(  d=0.032746  dMin=0.000000  dAvg=0.024622  dMax=5.671441  Dlo=0.012311  Dhi=2.848031  err=0.000000  inc=-1.872692  bucket 0->0  (mf=1000)
[MF-SEL] tPrev=(  d=0.032705  dMin=0.000000  dAvg=0.024626  dMax=5.671441  Dlo=0.012313  Dhi=2.848033  err=0.000000  inc=-1.872692  bucket 0->0  (mf=1000)
[MF-SEL] tPrev=(  d=0.037239  dMin=0.000000  dAvg=0.024631  dMax=5.671441  Dlo=0.012316  Dhi=2.848036  err=0.000000  inc=-1.872692  bucket 0->0  (mf=1000)
[MF-SEL] tPrev=(  d=0.032183  dMin=0.000000  dAvg=0.024635  dMax=5.671441  Dlo=0.012317  Dhi=2.848038  err=0.000000  inc=-1.872692  bucket 0->0  (mf=1000)
[MF-SEL] tPrev=(  d=0.031964  dMin=0.000000  dAvg=0.024638  dMax=5.671441  Dlo=0.012319  Dhi=2.848039  err=0.000000  inc=-1.872692  bucket 0->0  (mf=1000)
[MF-SEL] tPrev=(  d=0.031613  dMin=0.000000  dAvg=0.024641  dMax=5.671441  Dlo=0.012321  Dhi=2.848041  err=0.000000  inc=-1.872692  bucket 0->0  (mf=1000)
[MF-SEL] tPrev=(  d=0.031480  dMin=0.000000  dAvg=0.024644  dMax=5.671441  Dlo=0.012322  Dhi=2.848042  err=0.000000  inc=-1.872692  bucket 0->0  (mf=1000)
[MF-SEL] tPrev=(  d=0.030809  dMin=0.000000  dAvg=0.024647  dMax=5.671441  Dlo=0.012324  Dhi=2.848044  err=0.000000  inc=-1.872692  bucket 0->0  (mf=1000)
[MF-SEL] tPrev=(  d=0.032046  dMin=0.000000  dAvg=0.024651  dMax=5.671441  Dlo=0.012325  Dhi=2.848046  err=0.000000  inc=-1.872692  bucket 0->0  (mf=1000)
[MF-SEL] tPrev=(  d=0.029890  dMin=0.000000  dAvg=0.024653  dMax=5.671441  Dlo=0.012326  Dhi=2.848047  err=0.000000  inc=-1.872692  bucket 0->0  (mf=1000)
[MF-SEL] tPrev=(  d=0.029380  dMin=0.000000  dAvg=0.024655  dMax=5.671441  Dlo=0.012328  Dhi=2.848048  err=0.000000  inc=-1.872692  bucket 0->0  (mf=1000)
[MF-SEL] tPrev=(  d=0.029077  dMin=0.000000  dAvg=0.024657  dMax=5.671441  Dlo=0.012329  Dhi=2.848049  err=0.000000  inc=-1.872692  bucket 0->0  (mf=1000)
[MF-SEL] tPrev=(  d=0.029649  dMin=0.000000  dAvg=0.024659  dMax=5.671441  Dlo=0.012330  Dhi=2.848050  err=0.000000  inc=-1.872692  bucket 0->0  (mf=1000)
[MF-SEL] tPrev=(  d=0.029791  dMin=0.000000  dAvg=0.024662  dMax=5.671441  Dlo=0.012331  Dhi=2.848051  err=0.000000  inc=-1.872692  bucket 0->0  (mf=1000)
[MF-SEL] tPrev=(  d=0.029879  dMin=0.000000  dAvg=0.024664  dMax=5.671441  Dlo=0.012332  Dhi=2.848052  err=0.000000  inc=-1.872692  bucket 0->0  (mf=1000)
[MF-SEL] tPrev=(  d=0.028661  dMin=0.000000  dAvg=0.024666  dMax=5.671441  Dlo=0.012333  Dhi=2.848053  err=0.000000  inc=-1.872692  bucket 0->0  (mf=1000)
[MF-SEL] tPrev=(  d=0.029941  dMin=0.000000  dAvg=0.024668  dMax=5.671441  Dlo=0.012334  Dhi=2.848054  err=0.000000  inc=-1.872692  bucket 0->0  (mf=1000)
[MF-SEL] tPrev=(  d=0.028613  dMin=0.000000  dAvg=0.024670  dMax=5.671441  Dlo=0.012335  Dhi=2.848055  err=0.000000  inc=-1.872692  bucket 0->0  (mf=1000)
[MF-SEL] tPrev=(  d=0.026954  dMin=0.000000  dAvg=0.024671  dMax=5.671441  Dlo=0.012336  Dhi=2.848056  err=0.000000  inc=-1.872692  bucket 0->0  (mf=1000)
[MF-SEL] tPrev=(  d=0.025303  dMin=0.000000  dAvg=0.024671  dMax=5.671441  Dlo=0.012336  Dhi=2.848056  err=0.000000  inc=-1.872692  bucket 0->0  (mf=1000)
[MF-SEL] tPrev=(  d=0.023901  dMin=0.000000  dAvg=0.024671  dMax=5.671441  Dlo=0.012336  Dhi=2.848056  err=0.000000  inc=-1.872692  bucket 0->0  (mf=1000)
[MF-SEL] tPrev=(  d=0.021907  dMin=0.000000  dAvg=0.024670  dMax=5.671441  Dlo=0.012335  Dhi=2.848055  err=0.000000  inc=-1.872692  bucket 0->0  (mf=1000)
[MF-SEL] tPrev=(  d=0.020483  dMin=0.000000  dAvg=0.024668  dMax=5.671441  Dlo=0.012334  Dhi=2.848054  err=0.000000  inc=-1.872692  bucket 0->0  (mf=1000)
[MF-SEL] tPrev=(  d=0.018192  dMin=0.000000  dAvg=0.024665  dMax=5.671441  Dlo=0.012333  Dhi=2.848053  err=0.000000  inc=-1.872692  bucket 0->0  (mf=1000)
[MF-SEL] tPrev=(  d=0.016111  dMin=0.000000  dAvg=0.024661  dMax=5.671441  Dlo=0.012331  Dhi=2.848051  err=0.000000  inc=-1.872692  bucket 0->0  (mf=1000)
[MF-SEL] tPrev=(  d=0.014436  dMin=0.000000  dAvg=0.024657  dMax=5.671441  Dlo=0.012328  Dhi=2.848049  err=0.000000  inc=-1.872692  bucket 0->0  (mf=1000)
[MF-SEL] tPrev=(  d=0.013945  dMin=0.000000  dAvg=0.024652  dMax=5.671441  Dlo=0.012326  Dhi=2.848046  err=0.000000  inc=-1.872692  bucket 0->0  (mf=1000)
[MF-SEL] tPrev=(  d=0.014517  dMin=0.000000  dAvg=0.024647  dMax=5.671441  Dlo=0.012324  Dhi=2.848044  err=0.000000  inc=-1.872692  bucket 0->0  (mf=1000)
[MF-SEL] tPrev=(  d=0.025404  dMin=0.000000  dAvg=0.024647  dMax=5.671441  Dlo=0.012324  Dhi=2.848044  err=0.000000  inc=-1.872692  bucket 0->0  (mf=1000)
[MF-SEL] tPrev=(  d=0.017209  dMin=0.000000  dAvg=0.024644  dMax=5.671441  Dlo=0.012322  Dhi=2.848042  err=0.000000  inc=-1.872692  bucket 0->0  (mf=1000)
[MF-SEL] tPrev=(  d=0.019023  dMin=0.000000  dAvg=0.024642  dMax=5.671441  Dlo=0.012321  Dhi=2.848041  err=0.000000  inc=-1.872692  bucket 0->0  (mf=1000)
[MF-SEL] tPrev=(  d=0.020063  dMin=0.000000  dAvg=0.024639  dMax=5.671441  Dlo=0.012320  Dhi=2.848040  err=0.000000  inc=-1.872692  bucket 0->0  (mf=1000)
[MF-SEL] tPrev=(  d=0.021101  dMin=0.000000  dAvg=0.024638  dMax=5.671441  Dlo=0.012319  Dhi=2.848039  err=0.000000  inc=-1.872692  bucket 0->0  (mf=1000)
[MF-SEL] tPrev=(  d=0.021521  dMin=0.000000  dAvg=0.024636  dMax=5.671441  Dlo=0.012318  Dhi=2.848039  err=0.000000  inc=-1.872692  bucket 0->0  (mf=1000)
[MF-SEL] tPrev=(  d=0.021562  dMin=0.000000  dAvg=0.024635  dMax=5.671441  Dlo=0.012318  Dhi=2.848038  err=0.000000  inc=-1.872692  bucket 0->0  (mf=1000)
[MF-SEL] tPrev=(  d=0.021520  dMin=0.000000  dAvg=0.024634  dMax=5.671441  Dlo=0.012317  Dhi=2.848037  err=0.000000  inc=-1.872692  bucket 0->0  (mf=1000)
[MF-SEL] tPrev=(  d=0.022584  dMin=0.000000  dAvg=0.024633  dMax=5.671441  Dlo=0.012316  Dhi=2.848037  err=0.000000  inc=-1.872692  bucket 0->0  (mf=1000)
[MF-SEL] tPrev=(  d=0.022506  dMin=0.000000  dAvg=0.024632  dMax=5.671441  Dlo=0.012316  Dhi=2.848036  err=0.000000  inc=-1.872692  bucket 0->0  (mf=1000)
[MF-SEL] tPrev=(  d=0.022258  dMin=0.000000  dAvg=0.024631  dMax=5.671441  Dlo=0.012315  Dhi=2.848036  err=0.000000  inc=-1.872692  bucket 0->0  (mf=1000)
[MF-SEL] tPrev=(  d=0.022761  dMin=0.000000  dAvg=0.024630  dMax=5.671441  Dlo=0.012315  Dhi=2.848035  err=0.000000  inc=-1.872692  bucket 0->0  (mf=1000)
[MF-SEL] tPrev=(  d=0.023843  dMin=0.000000  dAvg=0.024630  dMax=5.671441  Dlo=0.012315  Dhi=2.848035  err=0.000000  inc=-1.872692  bucket 0->0  (mf=1000)
[MF-SEL] tPrev=(  d=0.022301  dMin=0.000000  dAvg=0.024628  dMax=5.671441  Dlo=0.012314  Dhi=2.848035  err=0.000000  inc=-1.872692  bucket 0->0  (mf=1000)
[MF-SEL] tPrev=(  d=0.025835  dMin=0.000000  dAvg=0.024629  dMax=5.671441  Dlo=0.012315  Dhi=2.848035  err=0.000000  inc=-1.872692  bucket 0->0  (mf=1000)
[MF-SEL] tPrev=(  d=0.026734  dMin=0.000000  dAvg=0.024630  dMax=5.671441  Dlo=0.012315  Dhi=2.848035  err=0.000000  inc=-1.872692  bucket 0->0  (mf=1000)
[MF-SEL] tPrev=(  d=0.026172  dMin=0.000000  dAvg=0.024631  dMax=5.671441  Dlo=0.012315  Dhi=2.848036  err=0.000000  inc=-1.872692  bucket 0->0  (mf=1000)
[MF-SEL] tPrev=(  d=0.027969  dMin=0.000000  dAvg=0.024632  dMax=5.671441  Dlo=0.012316  Dhi=2.848036  err=0.000000  inc=-1.872692  bucket 0->0  (mf=1000)
[MF-SEL] tPrev=(  d=0.029385  dMin=0.000000  dAvg=0.024634  dMax=5.671441  Dlo=0.012317  Dhi=2.848037  err=0.000000  inc=-1.872692  bucket 0->0  (mf=1000)
[MF-SEL] tPrev=(  d=0.031265  dMin=0.000000  dAvg=0.024637  dMax=5.671441  Dlo=0.012319  Dhi=2.848039  err=0.000000  inc=-1.872692  bucket 0->0  (mf=1000)
[MF-SEL] tPrev=(  d=0.035839  dMin=0.000000  dAvg=0.024642  dMax=5.671441  Dlo=0.012321  Dhi=2.848041  err=0.000000  inc=-1.872692  bucket 0->0  (mf=1000)
[MF-SEL] tPrev=(  d=0.034137  dMin=0.000000  dAvg=0.024647  dMax=5.671441  Dlo=0.012323  Dhi=2.848044  err=0.000000  inc=-1.872692  bucket 0->0  (mf=1000)
[MF-SEL] tPrev=(  d=0.034979  dMin=0.000000  dAvg=0.024651  dMax=5.671441  Dlo=0.012326  Dhi=2.848046  err=0.000000  inc=-1.872692  bucket 0->0  (mf=1000)
[MF-SEL] tPrev=(  d=0.032304  dMin=0.000000  dAvg=0.024655  dMax=5.671441  Dlo=0.012327  Dhi=2.848048  err=0.000000  inc=-1.872692  bucket 0->0  (mf=1000)
[MF-SEL] tPrev=(  d=0.036733  dMin=0.000000  dAvg=0.024660  dMax=5.671441  Dlo=0.012330  Dhi=2.848050  err=0.000000  inc=-1.872692  bucket 0->0  (mf=1000)
[MF-SEL] tPrev=(  d=0.037908  dMin=0.000000  dAvg=0.024666  dMax=5.671441  Dlo=0.012333  Dhi=2.848053  err=0.000000  inc=-1.872692  bucket 0->0  (mf=1000)
[MF-SEL] tPrev=(  d=0.039172  dMin=0.000000  dAvg=0.024672  dMax=5.671441  Dlo=0.012336  Dhi=2.848056  err=0.000000  inc=-1.872692  bucket 0->0  (mf=1000)
[MF-SEL] tPrev=(  d=0.040525  dMin=0.000000  dAvg=0.024679  dMax=5.671441  Dlo=0.012340  Dhi=2.848060  err=0.000000  inc=-1.872692  bucket 0->0  (mf=1000)
[MF-SEL] tPrev=(  d=0.037040  dMin=0.000000  dAvg=0.024685  dMax=5.671441  Dlo=0.012343  Dhi=2.848063  err=0.000000  inc=-1.872692  bucket 0->0  (mf=1000)
[MF-SEL] tPrev=(  d=0.041654  dMin=0.000000  dAvg=0.024693  dMax=5.671441  Dlo=0.012346  Dhi=2.848067  err=0.000000  inc=-1.872692  bucket 0->0  (mf=1000)
[MF-SEL] tPrev=(  d=0.040895  dMin=0.000000  dAvg=0.024700  dMax=5.671441  Dlo=0.012350  Dhi=2.848070  err=0.000000  inc=-1.872692  bucket 0->0  (mf=1000)
[MF-SEL] tPrev=(  d=0.039823  dMin=0.000000  dAvg=0.024707  dMax=5.671441  Dlo=0.012353  Dhi=2.848074  err=0.000000  inc=-1.872692  bucket 0->0  (mf=1000)
[MF-SEL] tPrev=(  d=0.038522  dMin=0.000000  dAvg=0.024713  dMax=5.671441  Dlo=0.012356  Dhi=2.848077  err=0.000000  inc=-1.872692  bucket 0->0  (mf=1000)
[MF-SEL] tPrev=(  d=0.037625  dMin=0.000000  dAvg=0.024718  dMax=5.671441  Dlo=0.012359  Dhi=2.848080  err=0.000000  inc=-1.872692  bucket 0->0  (mf=1000)
[MF-SEL] tPrev=(  d=0.037232  dMin=0.000000  dAvg=0.024724  dMax=5.671441  Dlo=0.012362  Dhi=2.848082  err=0.000000  inc=-1.872692  bucket 0->0  (mf=1000)
[MF-SEL] tPrev=(  d=0.036734  dMin=0.000000  dAvg=0.024729  dMax=5.671441  Dlo=0.012365  Dhi=2.848085  err=0.000000  inc=-1.872692  bucket 0->0  (mf=1000)
[MF-SEL] tPrev=(  d=0.044021  dMin=0.000000  dAvg=0.024738  dMax=5.671441  Dlo=0.012369  Dhi=2.848089  err=0.000000  inc=-1.872692  bucket 0->0  (mf=1000)
[MF-SEL] tPrev=(  d=0.037318  dMin=0.000000  dAvg=0.024744  dMax=5.671441  Dlo=0.012372  Dhi=2.848092  err=0.000000  inc=-1.872692  bucket 0->0  (mf=1000)
[MF-SEL] tPrev=(  d=0.037768  dMin=0.000000  dAvg=0.024749  dMax=5.671441  Dlo=0.012375  Dhi=2.848095  err=0.000000  inc=-1.872692  bucket 0->0  (mf=1000)
[MF-SEL] tPrev=(  d=0.042620  dMin=0.000000  dAvg=0.024757  dMax=5.671441  Dlo=0.012379  Dhi=2.848099  err=0.000000  inc=-1.872692  bucket 0->0  (mf=1000)
[MF-SEL] tPrev=(  d=0.037817  dMin=0.000000  dAvg=0.024763  dMax=5.671441  Dlo=0.012382  Dhi=2.848102  err=0.000000  inc=-1.872692  bucket 0->0  (mf=1000)
[MF-SEL] tPrev=(  d=0.038499  dMin=0.000000  dAvg=0.024769  dMax=5.671441  Dlo=0.012385  Dhi=2.848105  err=0.000000  inc=-1.872692  bucket 0->0  (mf=1000)
[MF-SEL] tPrev=(  d=0.039381  dMin=0.000000  dAvg=0.024776  dMax=5.671441  Dlo=0.012388  Dhi=2.848108  err=0.000000  inc=-1.872692  bucket 0->0  (mf=1000)
[MF-SEL] tPrev=(  d=0.039652  dMin=0.000000  dAvg=0.024782  dMax=5.671441  Dlo=0.012391  Dhi=2.848111  err=0.000000  inc=-1.872692  bucket 0->0  (mf=1000)
[MF-SEL] tPrev=(  d=0.045365  dMin=0.000000  dAvg=0.024791  dMax=5.671441  Dlo=0.012396  Dhi=2.848116  err=0.000000  inc=-1.872692  bucket 0->0  (mf=1000)
[MF-SEL] tPrev=(  d=0.040615  dMin=0.000000  dAvg=0.024798  dMax=5.671441  Dlo=0.012399  Dhi=2.848120  err=0.000000  inc=-1.872692  bucket 0->0  (mf=1000)
[MF-SEL] tPrev=(  d=0.040926  dMin=0.000000  dAvg=0.024806  dMax=5.671441  Dlo=0.012403  Dhi=2.848123  err=0.000000  inc=-1.872692  bucket 0->0  (mf=1000)
[MF-SEL] tPrev=(  d=0.041652  dMin=0.000000  dAvg=0.024813  dMax=5.671441  Dlo=0.012407  Dhi=2.848127  err=0.000000  inc=-1.872692  bucket 0->0  (mf=1000)
[MF-SEL] tPrev=(  d=0.041906  dMin=0.000000  dAvg=0.024821  dMax=5.671441  Dlo=0.012410  Dhi=2.848131  err=0.000000  inc=-1.872692  bucket 0->0  (mf=1000)
[MF-SEL] tPrev=(  d=0.041435  dMin=0.000000  dAvg=0.024828  dMax=5.671441  Dlo=0.012414  Dhi=2.848134  err=0.000000  inc=-1.872692  bucket 0->0  (mf=1000)
[MF-SEL] tPrev=(  d=0.043850  dMin=0.000000  dAvg=0.024836  dMax=5.671441  Dlo=0.012418  Dhi=2.848138  err=0.000000  inc=-1.872692  bucket 0->0  (mf=1000)
[MF-SEL] tPrev=(  d=0.038691  dMin=0.000000  dAvg=0.024842  dMax=5.671441  Dlo=0.012421  Dhi=2.848142  err=0.000000  inc=-1.872692  bucket 0->0  (mf=1000)
[MF-SEL] tPrev=(  d=0.036893  dMin=0.000000  dAvg=0.024848  dMax=5.671441  Dlo=0.012424  Dhi=2.848144  err=0.000000  inc=-1.872692  bucket 0->0  (mf=1000)
[MF-SEL] tPrev=(  d=0.034666  dMin=0.000000  dAvg=0.024852  dMax=5.671441  Dlo=0.012426  Dhi=2.848146  err=0.000000  inc=-1.872692  bucket 0->0  (mf=1000)
[MF-SEL] tPrev=(  d=0.032440  dMin=0.000000  dAvg=0.024856  dMax=5.671441  Dlo=0.012428  Dhi=2.848148  err=0.000000  inc=-1.872692  bucket 0->0  (mf=1000)
[MF-SEL] tPrev=(  d=0.030147  dMin=0.000000  dAvg=0.024858  dMax=5.671441  Dlo=0.012429  Dhi=2.848149  err=0.000000  inc=-1.872692  bucket 0->0  (mf=1000)
[MF-SEL] tPrev=(  d=0.028394  dMin=0.000000  dAvg=0.024859  dMax=5.671441  Dlo=0.012430  Dhi=2.848150  err=0.000000  inc=-1.872692  bucket 0->0  (mf=1000)
[MF-SEL] tPrev=(  d=0.025444  dMin=0.000000  dAvg=0.024860  dMax=5.671441  Dlo=0.012430  Dhi=2.848150  err=0.000000  inc=-1.872692  bucket 0->0  (mf=1000)
[MF-SEL] tPrev=(  d=0.023129  dMin=0.000000  dAvg=0.024859  dMax=5.671441  Dlo=0.012429  Dhi=2.848150  err=0.000000  inc=-1.872692  bucket 0->0  (mf=1000)
[MF-SEL] tPrev=(  d=0.020877  dMin=0.000000  dAvg=0.024857  dMax=5.671441  Dlo=0.012429  Dhi=2.848149  err=0.000000  inc=-1.872692  bucket 0->0  (mf=1000)
[MF-SEL] tPrev=(  d=0.019248  dMin=0.000000  dAvg=0.024855  dMax=5.671441  Dlo=0.012427  Dhi=2.848148  err=0.000000  inc=-1.872692  bucket 0->0  (mf=1000)
[MF-SEL] tPrev=(  d=0.017622  dMin=0.000000  dAvg=0.024851  dMax=5.671441  Dlo=0.012426  Dhi=2.848146  err=0.000000  inc=-1.872692  bucket 0->0  (mf=1000)
[MF-SEL] tPrev=(  d=0.016219  dMin=0.000000  dAvg=0.024848  dMax=5.671441  Dlo=0.012424  Dhi=2.848144  err=0.000000  inc=-1.872692  bucket 0->0  (mf=1000)
[MF-SEL] tPrev=(  d=0.019987  dMin=0.000000  dAvg=0.024846  dMax=5.671441  Dlo=0.012423  Dhi=2.848143  err=0.000000  inc=-1.872692  bucket 0->0  (mf=1000)
[MF-SEL] tPrev=(  d=0.013516  dMin=0.000000  dAvg=0.024841  dMax=5.671441  Dlo=0.012420  Dhi=2.848141  err=0.000000  inc=-1.872692  bucket 0->0  (mf=1000)
[MF-SEL] tPrev=(  d=0.012588  dMin=0.000000  dAvg=0.024835  dMax=5.671441  Dlo=0.012418  Dhi=2.848138  err=0.000000  inc=-1.872692  bucket 0->0  (mf=1000)
[MF-SEL] tPrev=(  d=0.011598  dMin=0.000000  dAvg=0.024829  dMax=5.671441  Dlo=0.012415  Dhi=2.848135  err=-1.000000  inc=-2.801239  bucket 0->0  (mf=1000)
[MF-SEL] tPrev=(  d=0.011062  dMin=0.000000  dAvg=0.024823  dMax=5.671441  Dlo=0.012412  Dhi=2.848132  err=-1.000000  inc=-2.477477  bucket 0->0  (mf=1000)
[MF-SEL] tPrev=(  d=0.011104  dMin=0.000000  dAvg=0.024817  dMax=5.671441  Dlo=0.012409  Dhi=2.848129  err=-1.000000  inc=-2.479831  bucket 0->0  (mf=1000)
[MF-SEL] tPrev=(  d=0.011593  dMin=0.000000  dAvg=0.024812  dMax=5.671441  Dlo=0.012406  Dhi=2.848126  err=-1.000000  inc=-2.482089  bucket 0->0  (mf=1000)
[MF-SEL] tPrev=(  d=0.012713  dMin=0.000000  dAvg=0.024806  dMax=5.671441  Dlo=0.012403  Dhi=2.848123  err=0.000000  inc=-1.502899  bucket 0->0  (mf=1000)
[MF-SEL] tPrev=(  d=0.013295  dMin=0.000000  dAvg=0.024801  dMax=5.671441  Dlo=0.012401  Dhi=2.848121  err=0.000000  inc=-1.882089  bucket 0->0  (mf=1000)
[MF-SEL] tPrev=(  d=0.020760  dMin=0.000000  dAvg=0.024799  dMax=5.671441  Dlo=0.012400  Dhi=2.848120  err=0.000000  inc=-1.882089  bucket 0->0  (mf=1000)
[MF-SEL] tPrev=(  d=0.015684  dMin=0.000000  dAvg=0.024795  dMax=5.671441  Dlo=0.012398  Dhi=2.848118  err=0.000000  inc=-1.882089  bucket 0->0  (mf=1000)
[MF-SEL] tPrev=(  d=0.016326  dMin=0.000000  dAvg=0.024792  dMax=5.671441  Dlo=0.012396  Dhi=2.848116  err=0.000000  inc=-1.882089  bucket 0->0  (mf=1000)
[MF-SEL] tPrev=(  d=0.016497  dMin=0.000000  dAvg=0.024788  dMax=5.671441  Dlo=0.012394  Dhi=2.848114  err=0.000000  inc=-1.882089  bucket 0->0  (mf=1000)
[MF-SEL] tPrev=(  d=0.016330  dMin=0.000000  dAvg=0.024784  dMax=5.671441  Dlo=0.012392  Dhi=2.848112  err=0.000000  inc=-1.882089  bucket 0->0  (mf=1000)
[MF-SEL] tPrev=(  d=0.015381  dMin=0.000000  dAvg=0.024780  dMax=5.671441  Dlo=0.012390  Dhi=2.848110  err=0.000000  inc=-1.882089  bucket 0->0  (mf=1000)
[MF-SEL] tPrev=(  d=0.011820  dMin=0.000000  dAvg=0.024775  dMax=5.671441  Dlo=0.012387  Dhi=2.848108  err=-1.000000  inc=-2.862425  bucket 0->0  (mf=1000)
[MF-SEL] tPrev=(  d=0.014907  dMin=0.000000  dAvg=0.024770  dMax=5.671441  Dlo=0.012385  Dhi=2.848105  err=0.000000  inc=-1.553651  bucket 0->0  (mf=1000)
[MF-SEL] tPrev=(  d=0.014402  dMin=0.000000  dAvg=0.024766  dMax=5.671441  Dlo=0.012383  Dhi=2.848103  err=0.000000  inc=-1.884204  bucket 0->0  (mf=1000)
[MF-SEL] tPrev=(  d=0.014589  dMin=0.000000  dAvg=0.024761  dMax=5.671441  Dlo=0.012381  Dhi=2.848101  err=0.000000  inc=-1.884204  bucket 0->0  (mf=1000)
[MF-SEL] tPrev=(  d=0.014213  dMin=0.000000  dAvg=0.024757  dMax=5.671441  Dlo=0.012378  Dhi=2.848099  err=0.000000  inc=-1.884204  bucket 0->0  (mf=1000)
[MF-SEL] tPrev=(  d=0.014077  dMin=0.000000  dAvg=0.024752  dMax=5.671441  Dlo=0.012376  Dhi=2.848096  err=0.000000  inc=-1.884204  bucket 0->0  (mf=1000)
[MF-SEL] tPrev=(  d=0.013916  dMin=0.000000  dAvg=0.024747  dMax=5.671441  Dlo=0.012374  Dhi=2.848094  err=0.000000  inc=-1.884204  bucket 0->0  (mf=1000)
[MF-SEL] tPrev=(  d=0.013598  dMin=0.000000  dAvg=0.024742  dMax=5.671441  Dlo=0.012371  Dhi=2.848092  err=0.000000  inc=-1.884204  bucket 0->0  (mf=1000)
[MF-SEL] tPrev=(  d=0.013073  dMin=0.000000  dAvg=0.024737  dMax=5.671441  Dlo=0.012369  Dhi=2.848089  err=0.000000  inc=-1.884204  bucket 0->0  (mf=1000)
[MF-SEL] tPrev=(  d=0.012600  dMin=0.000000  dAvg=0.024732  dMax=5.671441  Dlo=0.012366  Dhi=2.848086  err=0.000000  inc=-1.884204  bucket 0->0  (mf=1000)
[MF-SEL] tPrev=(  d=0.012518  dMin=0.000000  dAvg=0.024727  dMax=5.671441  Dlo=0.012363  Dhi=2.848084  err=0.000000  inc=-1.884204  bucket 0->0  (mf=1000)
[MF-SEL] tPrev=(  d=0.012457  dMin=0.000000  dAvg=0.024721  dMax=5.671441  Dlo=0.012361  Dhi=2.848081  err=0.000000  inc=-1.884204  bucket 0->0  (mf=1000)
[MF-SEL] tPrev=(  d=0.012008  dMin=0.000000  dAvg=0.024716  dMax=5.671441  Dlo=0.012358  Dhi=2.848078  err=-1.000000  inc=-2.813490  bucket 0->0  (mf=1000)
[MF-SEL] tPrev=(  d=0.012242  dMin=0.000000  dAvg=0.024711  dMax=5.671441  Dlo=0.012355  Dhi=2.848076  err=-1.000000  inc=-2.488953  bucket 0->0  (mf=1000)
[MF-SEL] tPrev=(  d=0.011936  dMin=0.000000  dAvg=0.024705  dMax=5.671441  Dlo=0.012352  Dhi=2.848073  err=-1.000000  inc=-2.491157  bucket 0->0  (mf=1000)
[MF-SEL] tPrev=(  d=0.016801  dMin=0.000000  dAvg=0.024702  dMax=5.671441  Dlo=0.012351  Dhi=2.848071  err=0.000000  inc=-1.533842  bucket 0->0  (mf=1000)
[MF-SEL] tPrev=(  d=0.013257  dMin=0.000000  dAvg=0.024697  dMax=5.671441  Dlo=0.012348  Dhi=2.848069  err=0.000000  inc=-1.891157  bucket 0->0  (mf=1000)
[MF-SEL] tPrev=(  d=0.013880  dMin=0.000000  dAvg=0.024692  dMax=5.671441  Dlo=0.012346  Dhi=2.848066  err=0.000000  inc=-1.891157  bucket 0->0  (mf=1000)
[MF-SEL] tPrev=(  d=0.014683  dMin=0.000000  dAvg=0.024688  dMax=5.671441  Dlo=0.012344  Dhi=2.848064  err=0.000000  inc=-1.891157  bucket 0->0  (mf=1000)
[MF-SEL] tPrev=(  d=0.014328  dMin=0.000000  dAvg=0.024683  dMax=5.671441  Dlo=0.012342  Dhi=2.848062  err=0.000000  inc=-1.891157  bucket 0->0  (mf=1000)
[MF-SEL] tPrev=(  d=0.013919  dMin=0.000000  dAvg=0.024678  dMax=5.671441  Dlo=0.012339  Dhi=2.848060  err=0.000000  inc=-1.891157  bucket 0->0  (mf=1000)
[MF-SEL] tPrev=(  d=0.014369  dMin=0.000000  dAvg=0.024674  dMax=5.671441  Dlo=0.012337  Dhi=2.848057  err=0.000000  inc=-1.891157  bucket 0->0  (mf=1000)
[MF-SEL] tPrev=(  d=0.014402  dMin=0.000000  dAvg=0.024670  dMax=5.671441  Dlo=0.012335  Dhi=2.848055  err=0.000000  inc=-1.891157  bucket 0->0  (mf=1000)
[MF-SEL] tPrev=(  d=0.014627  dMin=0.000000  dAvg=0.024665  dMax=5.671441  Dlo=0.012333  Dhi=2.848053  err=0.000000  inc=-1.891157  bucket 0->0  (mf=1000)
[MF-SEL] tPrev=(  d=0.014840  dMin=0.000000  dAvg=0.024661  dMax=5.671441  Dlo=0.012330  Dhi=2.848051  err=0.000000  inc=-1.891157  bucket 0->0  (mf=1000)
[MF-SEL] tPrev=(  d=0.010206  dMin=0.000000  dAvg=0.024655  dMax=5.671441  Dlo=0.012327  Dhi=2.848048  err=-1.000000  inc=-2.849104  bucket 0->0  (mf=1000)
[MF-SEL] tPrev=(  d=0.014577  dMin=0.000000  dAvg=0.024650  dMax=5.671441  Dlo=0.012325  Dhi=2.848045  err=0.000000  inc=-1.534814  bucket 0->0  (mf=1000)
[MF-SEL] tPrev=(  d=0.014333  dMin=0.000000  dAvg=0.024646  dMax=5.671441  Dlo=0.012323  Dhi=2.848043  err=0.000000  inc=-1.893406  bucket 0->0  (mf=1000)
[MF-SEL] tPrev=(  d=0.013698  dMin=0.000000  dAvg=0.024641  dMax=5.671441  Dlo=0.012321  Dhi=2.848041  err=0.000000  inc=-1.893406  bucket 0->0  (mf=1000)
[MF-SEL] tPrev=(  d=0.012763  dMin=0.000000  dAvg=0.024636  dMax=5.671441  Dlo=0.012318  Dhi=2.848038  err=0.000000  inc=-1.893406  bucket 0->0  (mf=1000)
[MF-SEL] tPrev=(  d=0.012276  dMin=0.000000  dAvg=0.024631  dMax=5.671441  Dlo=0.012315  Dhi=2.848036  err=-1.000000  inc=-2.850002  bucket 0->0  (mf=1000)
[MF-SEL] tPrev=(  d=0.010425  dMin=0.000000  dAvg=0.024625  dMax=5.671441  Dlo=0.012312  Dhi=2.848033  err=-1.000000  inc=-2.497893  bucket 0->0  (mf=1000)
[MF-SEL] tPrev=(  d=0.009371  dMin=0.000000  dAvg=0.024618  dMax=5.671441  Dlo=0.012309  Dhi=2.848029  err=-1.000000  inc=-2.500294  bucket 0->0  (mf=1000)
[MF-SEL] tPrev=(  d=0.009031  dMin=0.000000  dAvg=0.024611  dMax=5.671441  Dlo=0.012306  Dhi=2.848026  err=-1.000000  inc=-2.502459  bucket 0->0  (mf=1000)
[MF-SEL] tPrev=(  d=0.008874  dMin=0.000000  dAvg=0.024604  dMax=5.671441  Dlo=0.012302  Dhi=2.848023  err=-1.000000  inc=-2.505033  bucket 0->0  (mf=1000)
[MF-SEL] tPrev=(  d=0.009018  dMin=0.000000  dAvg=0.024598  dMax=5.671441  Dlo=0.012299  Dhi=2.848019  err=-1.000000  inc=-2.507272  bucket 0->0  (mf=1000)
[MF-SEL] tPrev=(  d=0.008973  dMin=0.000000  dAvg=0.024591  dMax=5.671441  Dlo=0.012296  Dhi=2.848016  err=-1.000000  inc=-2.509511  bucket 0->0  (mf=1000)
[MF-SEL] tPrev=(  d=0.015365  dMin=0.000000  dAvg=0.024587  dMax=5.671441  Dlo=0.012294  Dhi=2.848014  err=0.000000  inc=-1.540662  bucket 0->0  (mf=1000)
[MF-SEL] tPrev=(  d=0.009597  dMin=0.000000  dAvg=0.024581  dMax=5.671441  Dlo=0.012290  Dhi=2.848011  err=-1.000000  inc=-2.840429  bucket 0->0  (mf=1000)
[MF-SEL] tPrev=(  d=0.010343  dMin=0.000000  dAvg=0.024575  dMax=5.671441  Dlo=0.012287  Dhi=2.848008  err=-1.000000  inc=-2.514346  bucket 0->0  (mf=1000)
[MF-SEL] tPrev=(  d=0.010568  dMin=0.000000  dAvg=0.024569  dMax=5.671441  Dlo=0.012284  Dhi=2.848005  err=-1.000000  inc=-2.516690  bucket 0->0  (mf=1000)
[MF-SEL] tPrev=(  d=0.011028  dMin=0.000000  dAvg=0.024563  dMax=5.671441  Dlo=0.012281  Dhi=2.848002  err=-1.000000  inc=-2.518929  bucket 0->0  (mf=1000)
[MF-SEL] tPrev=(  d=0.010975  dMin=0.000000  dAvg=0.024557  dMax=5.671441  Dlo=0.012278  Dhi=2.847999  err=-1.000000  inc=-2.521293  bucket 0->0  (mf=1000)
[MF-SEL] tPrev=(  d=0.010962  dMin=0.000000  dAvg=0.024551  dMax=5.671441  Dlo=0.012276  Dhi=2.847996  err=-1.000000  inc=-2.523695  bucket 0->0  (mf=1000)
[MF-SEL] tPrev=(  d=0.010843  dMin=0.000000  dAvg=0.024545  dMax=5.671441  Dlo=0.012273  Dhi=2.847993  err=-1.000000  inc=-2.526037  bucket 0->0  (mf=1000)
[MF-SEL] tPrev=(  d=0.010296  dMin=0.000000  dAvg=0.024539  dMax=5.671441  Dlo=0.012270  Dhi=2.847990  err=-1.000000  inc=-2.528288  bucket 0->0  (mf=1000)
[MF-SEL] tPrev=(  d=0.009053  dMin=0.000000  dAvg=0.024532  dMax=5.671441  Dlo=0.012266  Dhi=2.847987  err=-1.000000  inc=-2.530596  bucket 0->0  (mf=1000)
[MF-SEL] tPrev=(  d=0.009823  dMin=0.000000  dAvg=0.024526  dMax=5.671441  Dlo=0.012263  Dhi=2.847983  err=-1.000000  inc=-2.532817  bucket 0->0  (mf=1000)
[MF-SEL] tPrev=(  d=0.004360  dMin=0.000000  dAvg=0.024518  dMax=5.671441  Dlo=0.012259  Dhi=2.847979  err=-1.000000  inc=-2.535187  bucket 0->0  (mf=1000)
[MF-SEL] tPrev=(  d=0.001989  dMin=0.000000  dAvg=0.024508  dMax=5.671441  Dlo=0.012254  Dhi=2.847974  err=-1.000000  inc=-2.537553  bucket 0->0  (mf=1000)
[MF-SEL] tPrev=(  d=0.000584  dMin=0.000000  dAvg=0.024498  dMax=5.671441  Dlo=0.012249  Dhi=2.847969  err=-1.000000  inc=-2.539922  bucket 0->0  (mf=1000)
[MF-SEL] tPrev=(  d=0.001055  dMin=0.000000  dAvg=0.024488  dMax=5.671441  Dlo=0.012244  Dhi=2.847964  err=-1.000000  inc=-2.542185  bucket 0->0  (mf=1000)
[MF-SEL] tPrev=(  d=0.001164  dMin=0.000000  dAvg=0.024478  dMax=5.671441  Dlo=0.012239  Dhi=2.847959  err=-1.000000  inc=-2.544535  bucket 0->0  (mf=1000)
[MF-SEL] tPrev=(  d=0.001880  dMin=0.000000  dAvg=0.024468  dMax=5.671441  Dlo=0.012234  Dhi=2.847954  err=-1.000000  inc=-2.546889  bucket 0->0  (mf=1000)
[MF-SEL] tPrev=(  d=0.003221  dMin=0.000000  dAvg=0.024459  dMax=5.671441  Dlo=0.012229  Dhi=2.847950  err=-1.000000  inc=-2.549344  bucket 0->0  (mf=1000)
[MF-SEL] tPrev=(  d=0.004236  dMin=0.000000  dAvg=0.024450  dMax=5.671441  Dlo=0.012225  Dhi=2.847945  err=-1.000000  inc=-2.551624  bucket 0->0  (mf=1000)
[MF-SEL] tPrev=(  d=0.005460  dMin=0.000000  dAvg=0.024442  dMax=5.671441  Dlo=0.012221  Dhi=2.847941  err=-1.000000  inc=-2.553831  bucket 0->0  (mf=1000)
[MF-SEL] tPrev=(  d=0.012030  dMin=0.000000  dAvg=0.024437  dMax=5.671441  Dlo=0.012218  Dhi=2.847939  err=-1.000000  inc=-2.556121  bucket 0->0  (mf=1000)
[MF-SEL] tPrev=(  d=0.006474  dMin=0.000000  dAvg=0.024429  dMax=5.671441  Dlo=0.012215  Dhi=2.847935  err=-1.000000  inc=-2.558487  bucket 0->0  (mf=1000)
[MF-SEL] tPrev=(  d=0.005944  dMin=0.000000  dAvg=0.024421  dMax=5.671441  Dlo=0.012211  Dhi=2.847931  err=-1.000000  inc=-2.560883  bucket 0->0  (mf=1000)
[MF-SEL] tPrev=(  d=0.005940  dMin=0.000000  dAvg=0.024414  dMax=5.671441  Dlo=0.012207  Dhi=2.847927  err=-1.000000  inc=-2.563307  bucket 0->0  (mf=1000)
[MF-SEL] tPrev=(  d=0.007431  dMin=0.000000  dAvg=0.024406  dMax=5.671441  Dlo=0.012203  Dhi=2.847923  err=-1.000000  inc=-2.565601  bucket 0->0  (mf=1000)
[MF-SEL] tPrev=(  d=0.010180  dMin=0.000000  dAvg=0.024400  dMax=5.671441  Dlo=0.012200  Dhi=2.847920  err=-1.000000  inc=-2.567924  bucket 0->0  (mf=1000)
[MF-SEL] tPrev=(  d=0.013170  dMin=0.000000  dAvg=0.024395  dMax=5.671441  Dlo=0.012198  Dhi=2.847918  err=0.000000  inc=-1.605513  bucket 0->0  (mf=1000)
[MF-SEL] tPrev=(  d=0.016228  dMin=0.000000  dAvg=0.024392  dMax=5.671441  Dlo=0.012196  Dhi=2.847916  err=0.000000  inc=-1.967924  bucket 0->0  (mf=1000)
[MF-SEL] tPrev=(  d=0.018292  dMin=0.000000  dAvg=0.024389  dMax=5.671441  Dlo=0.012195  Dhi=2.847915  err=0.000000  inc=-1.967924  bucket 0->0  (mf=1000)
[MF-SEL] tPrev=(  d=0.020077  dMin=0.000000  dAvg=0.024388  dMax=5.671441  Dlo=0.012194  Dhi=2.847914  err=0.000000  inc=-1.967924  bucket 0->0  (mf=1000)
[MF-SEL] tPrev=(  d=0.026865  dMin=0.000000  dAvg=0.024389  dMax=5.671441  Dlo=0.012194  Dhi=2.847915  err=0.000000  inc=-1.967924  bucket 0->0  (mf=1000)
[MF-SEL] tPrev=(  d=0.023878  dMin=0.000000  dAvg=0.024388  dMax=5.671441  Dlo=0.012194  Dhi=2.847915  err=0.000000  inc=-1.967924  bucket 0->0  (mf=1000)
[MF-SEL] tPrev=(  d=0.023718  dMin=0.000000  dAvg=0.024388  dMax=5.671441  Dlo=0.012194  Dhi=2.847914  err=0.000000  inc=-1.967924  bucket 0->0  (mf=1000)
[MF-SEL] tPrev=(  d=0.022628  dMin=0.000000  dAvg=0.024387  dMax=5.671441  Dlo=0.012194  Dhi=2.847914  err=0.000000  inc=-1.967924  bucket 0->0  (mf=1000)
[MF-SEL] tPrev=(  d=0.021922  dMin=0.000000  dAvg=0.024386  dMax=5.671441  Dlo=0.012193  Dhi=2.847913  err=0.000000  inc=-1.967924  bucket 0->0  (mf=1000)
[MF-SEL] tPrev=(  d=0.020928  dMin=0.000000  dAvg=0.024385  dMax=5.671441  Dlo=0.012192  Dhi=2.847913  err=0.000000  inc=-1.967924  bucket 0->0  (mf=1000)
[MF-SEL] tPrev=(  d=0.020832  dMin=0.000000  dAvg=0.024383  dMax=5.671441  Dlo=0.012192  Dhi=2.847912  err=0.000000  inc=-1.967924  bucket 0->0  (mf=1000)
[MF-SEL] tPrev=(  d=0.020793  dMin=0.000000  dAvg=0.024382  dMax=5.671441  Dlo=0.012191  Dhi=2.847911  err=0.000000  inc=-1.967924  bucket 0->0  (mf=1000)
[MF-SEL] tPrev=(  d=0.021333  dMin=0.000000  dAvg=0.024381  dMax=5.671441  Dlo=0.012190  Dhi=2.847911  err=0.000000  inc=-1.967924  bucket 0->0  (mf=1000)
[MF-SEL] tPrev=(  d=0.021536  dMin=0.000000  dAvg=0.024379  dMax=5.671441  Dlo=0.012190  Dhi=2.847910  err=0.000000  inc=-1.967924  bucket 0->0  (mf=1000)
[MF-SEL] tPrev=(  d=0.022042  dMin=0.000000  dAvg=0.024378  dMax=5.671441  Dlo=0.012189  Dhi=2.847909  err=0.000000  inc=-1.967924  bucket 0->0  (mf=1000)
[MF-SEL] tPrev=(  d=0.022113  dMin=0.000000  dAvg=0.024377  dMax=5.671441  Dlo=0.012189  Dhi=2.847909  err=0.000000  inc=-1.967924  bucket 0->0  (mf=1000)
[MF-SEL] tPrev=(  d=0.022838  dMin=0.000000  dAvg=0.024377  dMax=5.671441  Dlo=0.012188  Dhi=2.847909  err=0.000000  inc=-1.967924  bucket 0->0  (mf=1000)
[MF-SEL] tPrev=(  d=0.023147  dMin=0.000000  dAvg=0.024376  dMax=5.671441  Dlo=0.012188  Dhi=2.847908  err=0.000000  inc=-1.967924  bucket 0->0  (mf=1000)
[MF-SEL] tPrev=(  d=0.023152  dMin=0.000000  dAvg=0.024376  dMax=5.671441  Dlo=0.012188  Dhi=2.847908  err=0.000000  inc=-1.967924  bucket 0->0  (mf=1000)
[MF-SEL] tPrev=(  d=0.023462  dMin=0.000000  dAvg=0.024375  dMax=5.671441  Dlo=0.012188  Dhi=2.847908  err=0.000000  inc=-1.967924  bucket 0->0  (mf=1000)
[MF-SEL] tPrev=(  d=0.023361  dMin=0.000000  dAvg=0.024375  dMax=5.671441  Dlo=0.012187  Dhi=2.847908  err=0.000000  inc=-1.967924  bucket 0->0  (mf=1000)
[MF-SEL] tPrev=(  d=0.023583  dMin=0.000000  dAvg=0.024375  dMax=5.671441  Dlo=0.012187  Dhi=2.847908  err=0.000000  inc=-1.967924  bucket 0->0  (mf=1000)
[MF-SEL] tPrev=(  d=0.023955  dMin=0.000000  dAvg=0.024374  dMax=5.671441  Dlo=0.012187  Dhi=2.847908  err=0.000000  inc=-1.967924  bucket 0->0  (mf=1000)
[MF-SEL] tPrev=(  d=0.024368  dMin=0.000000  dAvg=0.024374  dMax=5.671441  Dlo=0.012187  Dhi=2.847908  err=0.000000  inc=-1.967924  bucket 0->0  (mf=1000)
[MF-SEL] tPrev=(  d=0.024854  dMin=0.000000  dAvg=0.024375  dMax=5.671441  Dlo=0.012187  Dhi=2.847908  err=0.000000  inc=-1.967924  bucket 0->0  (mf=1000)
[MF-SEL] tPrev=(  d=0.026620  dMin=0.000000  dAvg=0.024376  dMax=5.671441  Dlo=0.012188  Dhi=2.847908  err=0.000000  inc=-1.967924  bucket 0->0  (mf=1000)
[MF-SEL] tPrev=(  d=0.024197  dMin=0.000000  dAvg=0.024375  dMax=5.671441  Dlo=0.012188  Dhi=2.847908  err=0.000000  inc=-1.967924  bucket 0->0  (mf=1000)
[MF-SEL] tPrev=(  d=0.024593  dMin=0.000000  dAvg=0.024376  dMax=5.671441  Dlo=0.012188  Dhi=2.847908  err=0.000000  inc=-1.967924  bucket 0->0  (mf=1000)
[MF-SEL] tPrev=(  d=0.025251  dMin=0.000000  dAvg=0.024376  dMax=5.671441  Dlo=0.012188  Dhi=2.847908  err=0.000000  inc=-1.967924  bucket 0->0  (mf=1000)
[MF-SEL] tPrev=(  d=0.025774  dMin=0.000000  dAvg=0.024377  dMax=5.671441  Dlo=0.012188  Dhi=2.847909  err=0.000000  inc=-1.967924  bucket 0->0  (mf=1000)
[MF-SEL] tPrev=(  d=0.026498  dMin=0.000000  dAvg=0.024377  dMax=5.671441  Dlo=0.012189  Dhi=2.847909  err=0.000000  inc=-1.967924  bucket 0->0  (mf=1000)
[MF-SEL] tPrev=(  d=0.026917  dMin=0.000000  dAvg=0.024378  dMax=5.671441  Dlo=0.012189  Dhi=2.847910  err=0.000000  inc=-1.967924  bucket 0->0  (mf=1000)
[MF-SEL] tPrev=(  d=0.026458  dMin=0.000000  dAvg=0.024379  dMax=5.671441  Dlo=0.012190  Dhi=2.847910  err=0.000000  inc=-1.967924  bucket 0->0  (mf=1000)
[MF-SEL] tPrev=(  d=0.036872  dMin=0.000000  dAvg=0.024385  dMax=5.671441  Dlo=0.012192  Dhi=2.847913  err=0.000000  inc=-1.967924  bucket 0->0  (mf=1000)
[MF-SEL] tPrev=(  d=0.025002  dMin=0.000000  dAvg=0.024385  dMax=5.671441  Dlo=0.012192  Dhi=2.847913  err=0.000000  inc=-1.967924  bucket 0->0  (mf=1000)
[MF-SEL] tPrev=(  d=0.023903  dMin=0.000000  dAvg=0.024385  dMax=5.671441  Dlo=0.012192  Dhi=2.847913  err=0.000000  inc=-1.967924  bucket 0->0  (mf=1000)
[MF-SEL] tPrev=(  d=0.023244  dMin=0.000000  dAvg=0.024384  dMax=5.671441  Dlo=0.012192  Dhi=2.847912  err=0.000000  inc=-1.967924  bucket 0->0  (mf=1000)
[MF-SEL] tPrev=(  d=0.022600  dMin=0.000000  dAvg=0.024383  dMax=5.671441  Dlo=0.012192  Dhi=2.847912  err=0.000000  inc=-1.967924  bucket 0->0  (mf=1000)
[MF-SEL] tPrev=(  d=0.021737  dMin=0.000000  dAvg=0.024382  dMax=5.671441  Dlo=0.012191  Dhi=2.847911  err=0.000000  inc=-1.967924  bucket 0->0  (mf=1000)
[MF-SEL] tPrev=(  d=0.020683  dMin=0.000000  dAvg=0.024381  dMax=5.671441  Dlo=0.012190  Dhi=2.847911  err=0.000000  inc=-1.967924  bucket 0->0  (mf=1000)
[MF-SEL] tPrev=(  d=0.019861  dMin=0.000000  dAvg=0.024379  dMax=5.671441  Dlo=0.012189  Dhi=2.847910  err=0.000000  inc=-1.967924  bucket 0->0  (mf=1000)
[MF-SEL] tPrev=(  d=0.018249  dMin=0.000000  dAvg=0.024376  dMax=5.671441  Dlo=0.012188  Dhi=2.847908  err=0.000000  inc=-1.967924  bucket 0->0  (mf=1000)
[MF-SEL] tPrev=(  d=0.017745  dMin=0.000000  dAvg=0.024374  dMax=5.671441  Dlo=0.012187  Dhi=2.847907  err=0.000000  inc=-1.967924  bucket 0->0  (mf=1000)
[MF-SEL] tPrev=(  d=0.016803  dMin=0.000000  dAvg=0.024370  dMax=5.671441  Dlo=0.012185  Dhi=2.847906  err=0.000000  inc=-1.967924  bucket 0->0  (mf=1000)
[MF-SEL] tPrev=(  d=0.014283  dMin=0.000000  dAvg=0.024366  dMax=5.671441  Dlo=0.012183  Dhi=2.847903  err=0.000000  inc=-1.967924  bucket 0->0  (mf=1000)
[MF-SEL] tPrev=(  d=0.012900  dMin=0.000000  dAvg=0.024361  dMax=5.671441  Dlo=0.012181  Dhi=2.847901  err=0.000000  inc=-1.967924  bucket 0->0  (mf=1000)
[MF-SEL] tPrev=(  d=0.011508  dMin=0.000000  dAvg=0.024356  dMax=5.671441  Dlo=0.012178  Dhi=2.847898  err=-1.000000  inc=-2.897144  bucket 0->0  (mf=1000)
[MF-SEL] tPrev=(  d=0.010066  dMin=0.000000  dAvg=0.024350  dMax=5.671441  Dlo=0.012175  Dhi=2.847895  err=-1.000000  inc=-2.572832  bucket 0->0  (mf=1000)
[MF-SEL] tPrev=(  d=0.008906  dMin=0.000000  dAvg=0.024344  dMax=5.671441  Dlo=0.012172  Dhi=2.847892  err=-1.000000  inc=-2.575287  bucket 0->0  (mf=1000)
[MF-SEL] tPrev=(  d=0.008773  dMin=0.000000  dAvg=0.024337  dMax=5.671441  Dlo=0.012169  Dhi=2.847889  err=-1.000000  inc=-2.577797  bucket 0->0  (mf=1000)
[MF-SEL] tPrev=(  d=0.009139  dMin=0.000000  dAvg=0.024331  dMax=5.671441  Dlo=0.012165  Dhi=2.847886  err=-1.000000  inc=-2.580081  bucket 0->0  (mf=1000)
[MF-SEL] tPrev=(  d=0.009596  dMin=0.000000  dAvg=0.024325  dMax=5.671441  Dlo=0.012162  Dhi=2.847883  err=-1.000000  inc=-2.582287  bucket 0->0  (mf=1000)
[MF-SEL] tPrev=(  d=0.016460  dMin=0.000000  dAvg=0.024321  dMax=5.671441  Dlo=0.012161  Dhi=2.847881  err=0.000000  inc=-1.625927  bucket 0->0  (mf=1000)
[MF-SEL] tPrev=(  d=0.009452  dMin=0.000000  dAvg=0.024315  dMax=5.671441  Dlo=0.012158  Dhi=2.847878  err=-1.000000  inc=-2.957220  bucket 0->0  (mf=1000)
[MF-SEL] tPrev=(  d=0.010233  dMin=0.000000  dAvg=0.024309  dMax=5.671441  Dlo=0.012155  Dhi=2.847875  err=-1.000000  inc=-2.586963  bucket 0->0  (mf=1000)
[MF-SEL] tPrev=(  d=0.011458  dMin=0.000000  dAvg=0.024304  dMax=5.671441  Dlo=0.012152  Dhi=2.847872  err=-1.000000  inc=-2.589454  bucket 0->0  (mf=1000)
[MF-SEL] tPrev=(  d=0.012258  dMin=0.000000  dAvg=0.024299  dMax=5.671441  Dlo=0.012150  Dhi=2.847870  err=0.000000  inc=-1.668838  bucket 0->0  (mf=1000)
[MF-SEL] tPrev=(  d=0.013189  dMin=0.000000  dAvg=0.024294  dMax=5.671441  Dlo=0.012147  Dhi=2.847868  err=0.000000  inc=-1.989454  bucket 0->0  (mf=1000)
[MF-SEL] tPrev=(  d=0.013558  dMin=0.000000  dAvg=0.024290  dMax=5.671441  Dlo=0.012145  Dhi=2.847865  err=0.000000  inc=-1.989454  bucket 0->0  (mf=1000)
[MF-SEL] tPrev=(  d=0.014912  dMin=0.000000  dAvg=0.024286  dMax=5.671441  Dlo=0.012143  Dhi=2.847863  err=0.000000  inc=-1.989454  bucket 0->0  (mf=1000)
[MF-SEL] tPrev=(  d=0.016476  dMin=0.000000  dAvg=0.024283  dMax=5.671441  Dlo=0.012141  Dhi=2.847862  err=0.000000  inc=-1.989454  bucket 0->0  (mf=1000)
[MF-SEL] tPrev=(  d=0.017851  dMin=0.000000  dAvg=0.024280  dMax=5.671441  Dlo=0.012140  Dhi=2.847860  err=0.000000  inc=-1.989454  bucket 0->0  (mf=1000)
[MF-SEL] tPrev=(  d=0.020453  dMin=0.000000  dAvg=0.024279  dMax=5.671441  Dlo=0.012139  Dhi=2.847860  err=0.000000  inc=-1.989454  bucket 0->0  (mf=1000)
[MF-SEL] tPrev=(  d=0.021453  dMin=0.000000  dAvg=0.024277  dMax=5.671441  Dlo=0.012139  Dhi=2.847859  err=0.000000  inc=-1.989454  bucket 0->0  (mf=1000)
[MF-SEL] tPrev=(  d=0.022660  dMin=0.000000  dAvg=0.024277  dMax=5.671441  Dlo=0.012138  Dhi=2.847859  err=0.000000  inc=-1.989454  bucket 0->0  (mf=1000)
[MF-SEL] tPrev=(  d=0.023779  dMin=0.000000  dAvg=0.024277  dMax=5.671441  Dlo=0.012138  Dhi=2.847859  err=0.000000  inc=-1.989454  bucket 0->0  (mf=1000)
[MF-SEL] tPrev=(  d=0.024422  dMin=0.000000  dAvg=0.024277  dMax=5.671441  Dlo=0.012138  Dhi=2.847859  err=0.000000  inc=-1.989454  bucket 0->0  (mf=1000)
[MF-SEL] tPrev=(  d=0.025737  dMin=0.000000  dAvg=0.024277  dMax=5.671441  Dlo=0.012139  Dhi=2.847859  err=0.000000  inc=-1.989454  bucket 0->0  (mf=1000)
[MF-SEL] tPrev=(  d=0.025734  dMin=0.000000  dAvg=0.024278  dMax=5.671441  Dlo=0.012139  Dhi=2.847859  err=0.000000  inc=-1.989454  bucket 0->0  (mf=1000)
[MF-SEL] tPrev=(  d=0.024595  dMin=0.000000  dAvg=0.024278  dMax=5.671441  Dlo=0.012139  Dhi=2.847859  err=0.000000  inc=-1.989454  bucket 0->0  (mf=1000)
[MF-SEL] tPrev=(  d=0.023401  dMin=0.000000  dAvg=0.024278  dMax=5.671441  Dlo=0.012139  Dhi=2.847859  err=0.000000  inc=-1.989454  bucket 0->0  (mf=1000)
[MF-SEL] tPrev=(  d=0.022300  dMin=0.000000  dAvg=0.024277  dMax=5.671441  Dlo=0.012138  Dhi=2.847859  err=0.000000  inc=-1.989454  bucket 0->0  (mf=1000)
[MF-SEL] tPrev=(  d=0.020693  dMin=0.000000  dAvg=0.024275  dMax=5.671441  Dlo=0.012138  Dhi=2.847858  err=0.000000  inc=-1.989454  bucket 0->0  (mf=1000)
[MF-SEL] tPrev=(  d=0.021984  dMin=0.000000  dAvg=0.024274  dMax=5.671441  Dlo=0.012137  Dhi=2.847857  err=0.000000  inc=-1.989454  bucket 0->0  (mf=1000)
[MF-SEL] tPrev=(  d=0.019355  dMin=0.000000  dAvg=0.024272  dMax=5.671441  Dlo=0.012136  Dhi=2.847856  err=0.000000  inc=-1.989454  bucket 0->0  (mf=1000)
[MF-SEL] tPrev=(  d=0.018505  dMin=0.000000  dAvg=0.024270  dMax=5.671441  Dlo=0.012135  Dhi=2.847855  err=0.000000  inc=-1.989454  bucket 0->0  (mf=1000)
[MF-SEL] tPrev=(  d=0.017476  dMin=0.000000  dAvg=0.024267  dMax=5.671441  Dlo=0.012134  Dhi=2.847854  err=0.000000  inc=-1.989454  bucket 0->0  (mf=1000)
[MF-SEL] tPrev=(  d=0.014069  dMin=0.000000  dAvg=0.024263  dMax=5.671441  Dlo=0.012131  Dhi=2.847852  err=0.000000  inc=-1.989454  bucket 0->0  (mf=1000)
[MF-SEL] tPrev=(  d=0.015869  dMin=0.000000  dAvg=0.024260  dMax=5.671441  Dlo=0.012130  Dhi=2.847850  err=0.000000  inc=-1.989454  bucket 0->0  (mf=1000)
[MF-SEL] tPrev=(  d=0.015791  dMin=0.000000  dAvg=0.024256  dMax=5.671441  Dlo=0.012128  Dhi=2.847848  err=0.000000  inc=-1.989454  bucket 0->0  (mf=1000)
[MF-SEL] tPrev=(  d=0.015931  dMin=0.000000  dAvg=0.024253  dMax=5.671441  Dlo=0.012126  Dhi=2.847847  err=0.000000  inc=-1.989454  bucket 0->0  (mf=1000)
[MF-SEL] tPrev=(  d=0.016113  dMin=0.000000  dAvg=0.024249  dMax=5.671441  Dlo=0.012125  Dhi=2.847845  err=0.000000  inc=-1.989454  bucket 0->0  (mf=1000)
[MF-SEL] tPrev=(  d=0.016500  dMin=0.000000  dAvg=0.024246  dMax=5.671441  Dlo=0.012123  Dhi=2.847843  err=0.000000  inc=-1.989454  bucket 0->0  (mf=1000)
[MF-SEL] tPrev=(  d=0.016386  dMin=0.000000  dAvg=0.024243  dMax=5.671441  Dlo=0.012121  Dhi=2.847842  err=0.000000  inc=-1.989454  bucket 0->0  (mf=1000)
[MF-SEL] tPrev=(  d=0.016564  dMin=0.000000  dAvg=0.024240  dMax=5.671441  Dlo=0.012120  Dhi=2.847840  err=0.000000  inc=-1.989454  bucket 0->0  (mf=1000)
[MF-SEL] tPrev=(  d=0.016747  dMin=0.000000  dAvg=0.024237  dMax=5.671441  Dlo=0.012118  Dhi=2.847839  err=0.000000  inc=-1.989454  bucket 0->0  (mf=1000)
[MF-SEL] tPrev=(  d=0.016534  dMin=0.000000  dAvg=0.024233  dMax=5.671441  Dlo=0.012117  Dhi=2.847837  err=0.000000  inc=-1.989454  bucket 0->0  (mf=1000)
[MF-SEL] tPrev=(  d=0.015788  dMin=0.000000  dAvg=0.024230  dMax=5.671441  Dlo=0.012115  Dhi=2.847835  err=0.000000  inc=-1.989454  bucket 0->0  (mf=1000)
[MF-SEL] tPrev=(  d=0.016120  dMin=0.000000  dAvg=0.024227  dMax=5.671441  Dlo=0.012113  Dhi=2.847834  err=0.000000  inc=-1.989454  bucket 0->0  (mf=1000)
[MF-SEL] tPrev=(  d=0.016043  dMin=0.000000  dAvg=0.024223  dMax=5.671441  Dlo=0.012112  Dhi=2.847832  err=0.000000  inc=-1.989454  bucket 0->0  (mf=1000)
[MF-SEL] tPrev=(  d=0.015948  dMin=0.000000  dAvg=0.024220  dMax=5.671441  Dlo=0.012110  Dhi=2.847830  err=0.000000  inc=-1.989454  bucket 0->0  (mf=1000)
[MF-SEL] tPrev=(  d=0.016541  dMin=0.000000  dAvg=0.024217  dMax=5.671441  Dlo=0.012108  Dhi=2.847829  err=0.000000  inc=-1.989454  bucket 0->0  (mf=1000)
[MF-SEL] tPrev=(  d=0.016604  dMin=0.000000  dAvg=0.024214  dMax=5.671441  Dlo=0.012107  Dhi=2.847827  err=0.000000  inc=-1.989454  bucket 0->0  (mf=1000)
[MF-SEL] tPrev=(  d=0.017059  dMin=0.000000  dAvg=0.024211  dMax=5.671441  Dlo=0.012105  Dhi=2.847826  err=0.000000  inc=-1.989454  bucket 0->0  (mf=1000)
[MF-SEL] tPrev=(  d=0.017139  dMin=0.000000  dAvg=0.024208  dMax=5.671441  Dlo=0.012104  Dhi=2.847824  err=0.000000  inc=-1.989454  bucket 0->0  (mf=1000)
[MF-SEL] tPrev=(  d=0.017450  dMin=0.000000  dAvg=0.024205  dMax=5.671441  Dlo=0.012103  Dhi=2.847823  err=0.000000  inc=-1.989454  bucket 0->0  (mf=1000)
[MF-SEL] tPrev=(  d=0.018433  dMin=0.000000  dAvg=0.024203  dMax=5.671441  Dlo=0.012101  Dhi=2.847822  err=0.000000  inc=-1.989454  bucket 0->0  (mf=1000)
[MF-SEL] tPrev=(  d=0.019373  dMin=0.000000  dAvg=0.024201  dMax=5.671441  Dlo=0.012100  Dhi=2.847821  err=0.000000  inc=-1.989454  bucket 0->0  (mf=1000)
[MF-SEL] tPrev=(  d=0.022563  dMin=0.000000  dAvg=0.024200  dMax=5.671441  Dlo=0.012100  Dhi=2.847820  err=0.000000  inc=-1.989454  bucket 0->0  (mf=1000)
[MF-SEL] tPrev=(  d=0.020673  dMin=0.000000  dAvg=0.024199  dMax=5.671441  Dlo=0.012099  Dhi=2.847820  err=0.000000  inc=-1.989454  bucket 0->0  (mf=1000)
[MF-SEL] tPrev=(  d=0.021323  dMin=0.000000  dAvg=0.024197  dMax=5.671441  Dlo=0.012099  Dhi=2.847819  err=0.000000  inc=-1.989454  bucket 0->0  (mf=1000)
[MF-SEL] tPrev=(  d=0.021870  dMin=0.000000  dAvg=0.024197  dMax=5.671441  Dlo=0.012098  Dhi=2.847819  err=0.000000  inc=-1.989454  bucket 0->0  (mf=1000)
[MF-SEL] tPrev=(  d=0.022860  dMin=0.000000  dAvg=0.024196  dMax=5.671441  Dlo=0.012098  Dhi=2.847818  err=0.000000  inc=-1.989454  bucket 0->0  (mf=1000)
[MF-SEL] tPrev=(  d=0.023232  dMin=0.000000  dAvg=0.024196  dMax=5.671441  Dlo=0.012098  Dhi=2.847818  err=0.000000  inc=-1.989454  bucket 0->0  (mf=1000)
[MF-SEL] tPrev=(  d=0.024046  dMin=0.000000  dAvg=0.024196  dMax=5.671441  Dlo=0.012098  Dhi=2.847818  err=0.000000  inc=-1.989454  bucket 0->0  (mf=1000)
[MF-SEL] tPrev=(  d=0.030013  dMin=0.000000  dAvg=0.024198  dMax=5.671441  Dlo=0.012099  Dhi=2.847819  err=0.000000  inc=-1.989454  bucket 0->0  (mf=1000)
[MF-SEL] tPrev=(  d=0.025083  dMin=0.000000  dAvg=0.024198  dMax=5.671441  Dlo=0.012099  Dhi=2.847819  err=0.000000  inc=-1.989454  bucket 0->0  (mf=1000)
[MF-SEL] tPrev=(  d=0.025985  dMin=0.000000  dAvg=0.024199  dMax=5.671441  Dlo=0.012099  Dhi=2.847820  err=0.000000  inc=-1.989454  bucket 0->0  (mf=1000)
[MF-SEL] tPrev=(  d=0.026731  dMin=0.000000  dAvg=0.024200  dMax=5.671441  Dlo=0.012100  Dhi=2.847820  err=0.000000  inc=-1.989454  bucket 0->0  (mf=1000)
[MF-SEL] tPrev=(  d=0.031347  dMin=0.000000  dAvg=0.024203  dMax=5.671441  Dlo=0.012101  Dhi=2.847822  err=0.000000  inc=-1.989454  bucket 0->0  (mf=1000)
[MF-SEL] tPrev=(  d=0.028487  dMin=0.000000  dAvg=0.024205  dMax=5.671441  Dlo=0.012102  Dhi=2.847823  err=0.000000  inc=-1.989454  bucket 0->0  (mf=1000)
[MF-SEL] tPrev=(  d=0.029168  dMin=0.000000  dAvg=0.024207  dMax=5.671441  Dlo=0.012103  Dhi=2.847824  err=0.000000  inc=-1.989454  bucket 0->0  (mf=1000)
[MF-SEL] tPrev=(  d=0.028809  dMin=0.000000  dAvg=0.024209  dMax=5.671441  Dlo=0.012104  Dhi=2.847825  err=0.000000  inc=-1.989454  bucket 0->0  (mf=1000)
[MF-SEL] tPrev=(  d=0.027911  dMin=0.000000  dAvg=0.024210  dMax=5.671441  Dlo=0.012105  Dhi=2.847825  err=0.000000  inc=-1.989454  bucket 0->0  (mf=1000)
[MF-SEL] tPrev=(  d=0.027010  dMin=0.000000  dAvg=0.024211  dMax=5.671441  Dlo=0.012106  Dhi=2.847826  err=0.000000  inc=-1.989454  bucket 0->0  (mf=1000)
[MF-SEL] tPrev=(  d=0.026535  dMin=0.000000  dAvg=0.024212  dMax=5.671441  Dlo=0.012106  Dhi=2.847826  err=0.000000  inc=-1.989454  bucket 0->0  (mf=1000)
[MF-SEL] tPrev=(  d=0.027768  dMin=0.000000  dAvg=0.024214  dMax=5.671441  Dlo=0.012107  Dhi=2.847827  err=0.000000  inc=-1.989454  bucket 0->0  (mf=1000)
[MF-SEL] tPrev=(  d=0.023908  dMin=0.000000  dAvg=0.024213  dMax=5.671441  Dlo=0.012107  Dhi=2.847827  err=0.000000  inc=-1.989454  bucket 0->0  (mf=1000)
[MF-SEL] tPrev=(  d=0.023404  dMin=0.000000  dAvg=0.024213  dMax=5.671441  Dlo=0.012107  Dhi=2.847827  err=0.000000  inc=-1.989454  bucket 0->0  (mf=1000)
[MF-SEL] tPrev=(  d=0.023485  dMin=0.000000  dAvg=0.024213  dMax=5.671441  Dlo=0.012106  Dhi=2.847827  err=0.000000  inc=-1.989454  bucket 0->0  (mf=1000)
[MF-SEL] tPrev=(  d=0.022994  dMin=0.000000  dAvg=0.024212  dMax=5.671441  Dlo=0.012106  Dhi=2.847826  err=0.000000  inc=-1.989454  bucket 0->0  (mf=1000)
[MF-SEL] tPrev=(  d=0.022479  dMin=0.000000  dAvg=0.024212  dMax=5.671441  Dlo=0.012106  Dhi=2.847826  err=0.000000  inc=-1.989454  bucket 0->0  (mf=1000)
[MF-SEL] tPrev=(  d=0.022816  dMin=0.000000  dAvg=0.024211  dMax=5.671441  Dlo=0.012106  Dhi=2.847826  err=0.000000  inc=-1.989454  bucket 0->0  (mf=1000)
[MF-SEL] tPrev=(  d=0.022569  dMin=0.000000  dAvg=0.024210  dMax=5.671441  Dlo=0.012105  Dhi=2.847826  err=0.000000  inc=-1.989454  bucket 0->0  (mf=1000)
[MF-SEL] tPrev=(  d=0.022313  dMin=0.000000  dAvg=0.024210  dMax=5.671441  Dlo=0.012105  Dhi=2.847825  err=0.000000  inc=-1.989454  bucket 0->0  (mf=1000)
[MF-SEL] tPrev=(  d=0.016113  dMin=0.000000  dAvg=0.024206  dMax=5.671441  Dlo=0.012103  Dhi=2.847823  err=0.000000  inc=-1.989454  bucket 0->0  (mf=1000)
[MF-SEL] tPrev=(  d=0.021561  dMin=0.000000  dAvg=0.024205  dMax=5.671441  Dlo=0.012103  Dhi=2.847823  err=0.000000  inc=-1.989454  bucket 0->0  (mf=1000)
[MF-SEL] tPrev=(  d=0.021538  dMin=0.000000  dAvg=0.024204  dMax=5.671441  Dlo=0.012102  Dhi=2.847822  err=0.000000  inc=-1.989454  bucket 0->0  (mf=1000)
[MF-SEL] tPrev=(  d=0.021240  dMin=0.000000  dAvg=0.024203  dMax=5.671441  Dlo=0.012102  Dhi=2.847822  err=0.000000  inc=-1.989454  bucket 0->0  (mf=1000)
[MF-SEL] tPrev=(  d=0.021148  dMin=0.000000  dAvg=0.024202  dMax=5.671441  Dlo=0.012101  Dhi=2.847821  err=0.000000  inc=-1.989454  bucket 0->0  (mf=1000)
[MF-SEL] tPrev=(  d=0.020786  dMin=0.000000  dAvg=0.024200  dMax=5.671441  Dlo=0.012100  Dhi=2.847821  err=0.000000  inc=-1.989454  bucket 0->0  (mf=1000)
[MF-SEL] tPrev=(  d=0.020623  dMin=0.000000  dAvg=0.024199  dMax=5.671441  Dlo=0.012099  Dhi=2.847820  err=0.000000  inc=-1.989454  bucket 0->0  (mf=1000)
[MF-SEL] tPrev=(  d=0.020433  dMin=0.000000  dAvg=0.024197  dMax=5.671441  Dlo=0.012099  Dhi=2.847819  err=0.000000  inc=-1.989454  bucket 0->0  (mf=1000)
[MF-SEL] tPrev=(  d=0.020874  dMin=0.000000  dAvg=0.024196  dMax=5.671441  Dlo=0.012098  Dhi=2.847818  err=0.000000  inc=-1.989454  bucket 0->0  (mf=1000)
[MF-SEL] tPrev=(  d=0.020242  dMin=0.000000  dAvg=0.024195  dMax=5.671441  Dlo=0.012097  Dhi=2.847818  err=0.000000  inc=-1.989454  bucket 0->0  (mf=1000)
[MF-SEL] tPrev=(  d=0.018698  dMin=0.000000  dAvg=0.024192  dMax=5.671441  Dlo=0.012096  Dhi=2.847816  err=0.000000  inc=-1.989454  bucket 0->0  (mf=1000)
[MF-SEL] tPrev=(  d=0.020881  dMin=0.000000  dAvg=0.024191  dMax=5.671441  Dlo=0.012095  Dhi=2.847816  err=0.000000  inc=-1.989454  bucket 0->0  (mf=1000)
[MF-SEL] tPrev=(  d=0.021464  dMin=0.000000  dAvg=0.024190  dMax=5.671441  Dlo=0.012095  Dhi=2.847815  err=0.000000  inc=-1.989454  bucket 0->0  (mf=1000)
[MF-SEL] tPrev=(  d=0.022148  dMin=0.000000  dAvg=0.024189  dMax=5.671441  Dlo=0.012095  Dhi=2.847815  err=0.000000  inc=-1.989454  bucket 0->0  (mf=1000)
[MF-SEL] tPrev=(  d=0.022814  dMin=0.000000  dAvg=0.024189  dMax=5.671441  Dlo=0.012094  Dhi=2.847815  err=0.000000  inc=-1.989454  bucket 0->0  (mf=1000)
[MF-SEL] tPrev=(  d=0.022790  dMin=0.000000  dAvg=0.024188  dMax=5.671441  Dlo=0.012094  Dhi=2.847814  err=0.000000  inc=-1.989454  bucket 0->0  (mf=1000)
[MF-SEL] tPrev=(  d=0.022597  dMin=0.000000  dAvg=0.024187  dMax=5.671441  Dlo=0.012094  Dhi=2.847814  err=0.000000  inc=-1.989454  bucket 0->0  (mf=1000)
[MF-SEL] tPrev=(  d=0.022409  dMin=0.000000  dAvg=0.024187  dMax=5.671441  Dlo=0.012093  Dhi=2.847814  err=0.000000  inc=-1.989454  bucket 0->0  (mf=1000)
[MF-SEL] tPrev=(  d=0.022112  dMin=0.000000  dAvg=0.024186  dMax=5.671441  Dlo=0.012093  Dhi=2.847813  err=0.000000  inc=-1.989454  bucket 0->0  (mf=1000)
[MF-SEL] tPrev=(  d=0.029538  dMin=0.000000  dAvg=0.024188  dMax=5.671441  Dlo=0.012094  Dhi=2.847814  err=0.000000  inc=-1.989454  bucket 0->0  (mf=1000)
[MF-SEL] tPrev=(  d=0.022849  dMin=0.000000  dAvg=0.024187  dMax=5.671441  Dlo=0.012094  Dhi=2.847814  err=0.000000  inc=-1.989454  bucket 0->0  (mf=1000)
[MF-SEL] tPrev=(  d=0.023601  dMin=0.000000  dAvg=0.024187  dMax=5.671441  Dlo=0.012094  Dhi=2.847814  err=0.000000  inc=-1.989454  bucket 0->0  (mf=1000)
[MF-SEL] tPrev=(  d=0.024222  dMin=0.000000  dAvg=0.024187  dMax=5.671441  Dlo=0.012094  Dhi=2.847814  err=0.000000  inc=-1.989454  bucket 0->0  (mf=1000)
[MF-SEL] tPrev=(  d=0.024731  dMin=0.000000  dAvg=0.024187  dMax=5.671441  Dlo=0.012094  Dhi=2.847814  err=0.000000  inc=-1.989454  bucket 0->0  (mf=1000)
[MF-SEL] tPrev=(  d=0.025740  dMin=0.000000  dAvg=0.024188  dMax=5.671441  Dlo=0.012094  Dhi=2.847814  err=0.000000  inc=-1.989454  bucket 0->0  (mf=1000)
[MF-SEL] tPrev=(  d=0.020832  dMin=0.000000  dAvg=0.024187  dMax=5.671441  Dlo=0.012093  Dhi=2.847814  err=0.000000  inc=-1.989454  bucket 0->0  (mf=1000)
[MF-SEL] tPrev=(  d=0.028225  dMin=0.000000  dAvg=0.024188  dMax=5.671441  Dlo=0.012094  Dhi=2.847814  err=0.000000  inc=-1.989454  bucket 0->0  (mf=1000)
[MF-SEL] tPrev=(  d=0.029923  dMin=0.000000  dAvg=0.024191  dMax=5.671441  Dlo=0.012095  Dhi=2.847816  err=0.000000  inc=-1.989454  bucket 0->0  (mf=1000)
[MF-SEL] tPrev=(  d=0.031968  dMin=0.000000  dAvg=0.024194  dMax=5.671441  Dlo=0.012097  Dhi=2.847817  err=0.000000  inc=-1.989454  bucket 0->0  (mf=1000)
[MF-SEL] tPrev=(  d=0.033712  dMin=0.000000  dAvg=0.024197  dMax=5.671441  Dlo=0.012099  Dhi=2.847819  err=0.000000  inc=-1.989454  bucket 0->0  (mf=1000)
[MF-SEL] tPrev=(  d=0.035960  dMin=0.000000  dAvg=0.024202  dMax=5.671441  Dlo=0.012101  Dhi=2.847821  err=0.000000  inc=-1.989454  bucket 0->0  (mf=1000)
[MF-SEL] tPrev=(  d=0.038276  dMin=0.000000  dAvg=0.024208  dMax=5.671441  Dlo=0.012104  Dhi=2.847824  err=0.000000  inc=-1.989454  bucket 0->0  (mf=1000)
[MF-SEL] tPrev=(  d=0.039845  dMin=0.000000  dAvg=0.024214  dMax=5.671441  Dlo=0.012107  Dhi=2.847827  err=0.000000  inc=-1.989454  bucket 0->0  (mf=1000)
[MF-SEL] tPrev=(  d=0.041210  dMin=0.000000  dAvg=0.024221  dMax=5.671441  Dlo=0.012110  Dhi=2.847831  err=0.000000  inc=-1.989454  bucket 0->0  (mf=1000)
[MF-SEL] tPrev=(  d=0.041989  dMin=0.000000  dAvg=0.024228  dMax=5.671441  Dlo=0.012114  Dhi=2.847834  err=0.000000  inc=-1.989454  bucket 0->0  (mf=1000)
[MF-SEL] tPrev=(  d=0.041803  dMin=0.000000  dAvg=0.024235  dMax=5.671441  Dlo=0.012117  Dhi=2.847838  err=0.000000  inc=-1.989454  bucket 0->0  (mf=1000)
[MF-SEL] tPrev=(  d=0.041618  dMin=0.000000  dAvg=0.024242  dMax=5.671441  Dlo=0.012121  Dhi=2.847841  err=0.000000  inc=-1.989454  bucket 0->0  (mf=1000)
[MF-SEL] tPrev=(  d=0.041253  dMin=0.000000  dAvg=0.024249  dMax=5.671441  Dlo=0.012124  Dhi=2.847845  err=0.000000  inc=-1.989454  bucket 0->0  (mf=1000)
[MF-SEL] tPrev=(  d=0.041640  dMin=0.000000  dAvg=0.024255  dMax=5.671441  Dlo=0.012128  Dhi=2.847848  err=0.000000  inc=-1.989454  bucket 0->0  (mf=1000)
[MF-SEL] tPrev=(  d=0.041871  dMin=0.000000  dAvg=0.024262  dMax=5.671441  Dlo=0.012131  Dhi=2.847852  err=0.000000  inc=-1.989454  bucket 0->0  (mf=1000)
[MF-SEL] tPrev=(  d=0.041858  dMin=0.000000  dAvg=0.024269  dMax=5.671441  Dlo=0.012135  Dhi=2.847855  err=0.000000  inc=-1.989454  bucket 0->0  (mf=1000)
[MF-SEL] tPrev=(  d=0.043784  dMin=0.000000  dAvg=0.024277  dMax=5.671441  Dlo=0.012139  Dhi=2.847859  err=0.000000  inc=-1.989454  bucket 0->0  (mf=1000)
[MF-SEL] tPrev=(  d=0.044842  dMin=0.000000  dAvg=0.024285  dMax=5.671441  Dlo=0.012143  Dhi=2.847863  err=0.000000  inc=-1.989454  bucket 0->0  (mf=1000)
[MF-SEL] tPrev=(  d=0.046440  dMin=0.000000  dAvg=0.024294  dMax=5.671441  Dlo=0.012147  Dhi=2.847867  err=0.000000  inc=-1.989454  bucket 0->0  (mf=1000)
[MF-SEL] tPrev=(  d=0.047168  dMin=0.000000  dAvg=0.024303  dMax=5.671441  Dlo=0.012152  Dhi=2.847872  err=0.000000  inc=-1.989454  bucket 0->0  (mf=1000)
[MF-SEL] tPrev=(  d=0.047754  dMin=0.000000  dAvg=0.024313  dMax=5.671441  Dlo=0.012156  Dhi=2.847877  err=0.000000  inc=-1.989454  bucket 0->0  (mf=1000)
[MF-SEL] tPrev=(  d=0.048121  dMin=0.000000  dAvg=0.024322  dMax=5.671441  Dlo=0.012161  Dhi=2.847881  err=0.000000  inc=-1.989454  bucket 0->0  (mf=1000)
[MF-SEL] tPrev=(  d=0.039441  dMin=0.000000  dAvg=0.024328  dMax=5.671441  Dlo=0.012164  Dhi=2.847884  err=0.000000  inc=-1.989454  bucket 0->0  (mf=1000)
[MF-SEL] tPrev=(  d=0.048198  dMin=0.000000  dAvg=0.024337  dMax=5.671441  Dlo=0.012169  Dhi=2.847889  err=0.000000  inc=-1.989454  bucket 0->0  (mf=1000)
[MF-SEL] tPrev=(  d=0.047424  dMin=0.000000  dAvg=0.024347  dMax=5.671441  Dlo=0.012173  Dhi=2.847894  err=0.000000  inc=-1.989454  bucket 0->0  (mf=1000)
[MF-SEL] tPrev=(  d=0.046281  dMin=0.000000  dAvg=0.024355  dMax=5.671441  Dlo=0.012178  Dhi=2.847898  err=0.000000  inc=-1.989454  bucket 0->0  (mf=1000)
[MF-SEL] tPrev=(  d=0.046765  dMin=0.000000  dAvg=0.024364  dMax=5.671441  Dlo=0.012182  Dhi=2.847902  err=0.000000  inc=-1.989454  bucket 0->0  (mf=1000)
[MF-SEL] tPrev=(  d=0.048009  dMin=0.000000  dAvg=0.024373  dMax=5.671441  Dlo=0.012187  Dhi=2.847907  err=0.000000  inc=-1.989454  bucket 0->0  (mf=1000)
[MF-SEL] tPrev=(  d=0.045713  dMin=0.000000  dAvg=0.024382  dMax=5.671441  Dlo=0.012191  Dhi=2.847911  err=0.000000  inc=-1.989454  bucket 0->0  (mf=1000)
[MF-SEL] tPrev=(  d=0.045148  dMin=0.000000  dAvg=0.024390  dMax=5.671441  Dlo=0.012195  Dhi=2.847915  err=0.000000  inc=-1.989454  bucket 0->0  (mf=1000)
[MF-SEL] tPrev=(  d=0.044694  dMin=0.000000  dAvg=0.024398  dMax=5.671441  Dlo=0.012199  Dhi=2.847919  err=0.000000  inc=-1.989454  bucket 0->0  (mf=1000)
[MF-SEL] tPrev=(  d=0.044179  dMin=0.000000  dAvg=0.024406  dMax=5.671441  Dlo=0.012203  Dhi=2.847923  err=0.000000  inc=-1.989454  bucket 0->0  (mf=1000)
[MF-SEL] tPrev=(  d=0.032290  dMin=0.000000  dAvg=0.024409  dMax=5.671441  Dlo=0.012205  Dhi=2.847925  err=0.000000  inc=-1.989454  bucket 0->0  (mf=1000)
[MF-SEL] tPrev=(  d=0.043323  dMin=0.000000  dAvg=0.024416  dMax=5.671441  Dlo=0.012208  Dhi=2.847929  err=0.000000  inc=-1.989454  bucket 0->0  (mf=1000)
[MF-SEL] tPrev=(  d=0.043324  dMin=0.000000  dAvg=0.024424  dMax=5.671441  Dlo=0.012212  Dhi=2.847932  err=0.000000  inc=-1.989454  bucket 0->0  (mf=1000)
[MF-SEL] tPrev=(  d=0.042338  dMin=0.000000  dAvg=0.024431  dMax=5.671441  Dlo=0.012215  Dhi=2.847936  err=0.000000  inc=-1.989454  bucket 0->0  (mf=1000)
[MF-SEL] tPrev=(  d=0.041761  dMin=0.000000  dAvg=0.024438  dMax=5.671441  Dlo=0.012219  Dhi=2.847939  err=0.000000  inc=-1.989454  bucket 0->0  (mf=1000)
[MF-SEL] tPrev=(  d=0.041803  dMin=0.000000  dAvg=0.024445  dMax=5.671441  Dlo=0.012222  Dhi=2.847943  err=0.000000  inc=-1.989454  bucket 0->0  (mf=1000)
[MF-SEL] tPrev=(  d=0.036952  dMin=0.000000  dAvg=0.024450  dMax=5.671441  Dlo=0.012225  Dhi=2.847945  err=0.000000  inc=-1.989454  bucket 0->0  (mf=1000)
[MF-SEL] tPrev=(  d=0.043231  dMin=0.000000  dAvg=0.024457  dMax=5.671441  Dlo=0.012228  Dhi=2.847949  err=0.000000  inc=-1.989454  bucket 0->0  (mf=1000)
[MF-SEL] tPrev=(  d=0.043080  dMin=0.000000  dAvg=0.024464  dMax=5.671441  Dlo=0.012232  Dhi=2.847952  err=0.000000  inc=-1.989454  bucket 0->0  (mf=1000)
[MF-SEL] tPrev=(  d=0.043560  dMin=0.000000  dAvg=0.024472  dMax=5.671441  Dlo=0.012236  Dhi=2.847956  err=0.000000  inc=-1.989454  bucket 0->0  (mf=1000)
[MF-SEL] tPrev=(  d=0.044412  dMin=0.000000  dAvg=0.024480  dMax=5.671441  Dlo=0.012240  Dhi=2.847960  err=0.000000  inc=-1.989454  bucket 0->0  (mf=1000)
[MF-SEL] tPrev=(  d=0.045143  dMin=0.000000  dAvg=0.024488  dMax=5.671441  Dlo=0.012244  Dhi=2.847964  err=0.000000  inc=-1.989454  bucket 0->0  (mf=1000)
[MF-SEL] tPrev=(  d=0.038111  dMin=0.000000  dAvg=0.024493  dMax=5.671441  Dlo=0.012247  Dhi=2.847967  err=0.000000  inc=-1.989454  bucket 0->0  (mf=1000)
[MF-SEL] tPrev=(  d=0.046529  dMin=0.000000  dAvg=0.024502  dMax=5.671441  Dlo=0.012251  Dhi=2.847971  err=0.000000  inc=-1.989454  bucket 0->0  (mf=1000)
[MF-SEL] tPrev=(  d=0.046663  dMin=0.000000  dAvg=0.024510  dMax=5.671441  Dlo=0.012255  Dhi=2.847976  err=0.000000  inc=-1.989454  bucket 0->0  (mf=1000)
[MF-SEL] tPrev=(  d=0.046691  dMin=0.000000  dAvg=0.024519  dMax=5.671441  Dlo=0.012260  Dhi=2.847980  err=0.000000  inc=-1.989454  bucket 0->0  (mf=1000)
[MF-SEL] tPrev=(  d=0.046725  dMin=0.000000  dAvg=0.024528  dMax=5.671441  Dlo=0.012264  Dhi=2.847984  err=0.000000  inc=-1.989454  bucket 0->0  (mf=1000)
[MF-SEL] tPrev=(  d=0.047103  dMin=0.000000  dAvg=0.024537  dMax=5.671441  Dlo=0.012268  Dhi=2.847989  err=0.000000  inc=-1.989454  bucket 0->0  (mf=1000)
[MF-SEL] tPrev=(  d=0.047294  dMin=0.000000  dAvg=0.024546  dMax=5.671441  Dlo=0.012273  Dhi=2.847993  err=0.000000  inc=-1.989454  bucket 0->0  (mf=1000)
[MF-SEL] tPrev=(  d=0.047879  dMin=0.000000  dAvg=0.024555  dMax=5.671441  Dlo=0.012277  Dhi=2.847998  err=0.000000  inc=-1.989454  bucket 0->0  (mf=1000)
[MF-SEL] tPrev=(  d=0.048936  dMin=0.000000  dAvg=0.024564  dMax=5.671441  Dlo=0.012282  Dhi=2.848002  err=0.000000  inc=-1.989454  bucket 0->0  (mf=1000)
[MF-SEL] tPrev=(  d=0.037217  dMin=0.000000  dAvg=0.024569  dMax=5.671441  Dlo=0.012285  Dhi=2.848005  err=0.000000  inc=-1.989454  bucket 0->0  (mf=1000)
[MF-SEL] tPrev=(  d=0.051178  dMin=0.000000  dAvg=0.024580  dMax=5.671441  Dlo=0.012290  Dhi=2.848010  err=0.000000  inc=-1.989454  bucket 0->0  (mf=1000)
[MF-SEL] tPrev=(  d=0.052343  dMin=0.000000  dAvg=0.024591  dMax=5.671441  Dlo=0.012295  Dhi=2.848016  err=0.000000  inc=-1.989454  bucket 0->0  (mf=1000)
[MF-SEL] tPrev=(  d=0.052333  dMin=0.000000  dAvg=0.024601  dMax=5.671441  Dlo=0.012301  Dhi=2.848021  err=0.000000  inc=-1.989454  bucket 0->0  (mf=1000)
[MF-SEL] tPrev=(  d=0.052416  dMin=0.000000  dAvg=0.024612  dMax=5.671441  Dlo=0.012306  Dhi=2.848026  err=0.000000  inc=-1.989454  bucket 0->0  (mf=1000)
[MF-SEL] tPrev=(  d=0.051976  dMin=0.000000  dAvg=0.024623  dMax=5.671441  Dlo=0.012311  Dhi=2.848032  err=0.000000  inc=-1.989454  bucket 0->0  (mf=1000)
[MF-SEL] tPrev=(  d=0.051004  dMin=0.000000  dAvg=0.024633  dMax=5.671441  Dlo=0.012317  Dhi=2.848037  err=0.000000  inc=-1.989454  bucket 0->0  (mf=1000)
[MF-SEL] tPrev=(  d=0.052250  dMin=0.000000  dAvg=0.024644  dMax=5.671441  Dlo=0.012322  Dhi=2.848042  err=0.000000  inc=-1.989454  bucket 0->0  (mf=1000)
[MF-SEL] tPrev=(  d=0.052213  dMin=0.000000  dAvg=0.024655  dMax=5.671441  Dlo=0.012327  Dhi=2.848048  err=0.000000  inc=-1.989454  bucket 0->0  (mf=1000)
[MF-SEL] tPrev=(  d=0.052125  dMin=0.000000  dAvg=0.024666  dMax=5.671441  Dlo=0.012333  Dhi=2.848053  err=0.000000  inc=-1.989454  bucket 0->0  (mf=1000)
[MF-SEL] tPrev=(  d=0.052490  dMin=0.000000  dAvg=0.024676  dMax=5.671441  Dlo=0.012338  Dhi=2.848058  err=0.000000  inc=-1.989454  bucket 0->0  (mf=1000)
[MF-SEL] tPrev=(  d=0.053113  dMin=0.000000  dAvg=0.024687  dMax=5.671441  Dlo=0.012344  Dhi=2.848064  err=0.000000  inc=-1.989454  bucket 0->0  (mf=1000)
[MF-SEL] tPrev=(  d=0.053229  dMin=0.000000  dAvg=0.024699  dMax=5.671441  Dlo=0.012349  Dhi=2.848070  err=0.000000  inc=-1.989454  bucket 0->0  (mf=1000)
[MF-SEL] tPrev=(  d=0.052014  dMin=0.000000  dAvg=0.024709  dMax=5.671441  Dlo=0.012355  Dhi=2.848075  err=0.000000  inc=-1.989454  bucket 0->0  (mf=1000)
[MF-SEL] tPrev=(  d=0.054354  dMin=0.000000  dAvg=0.024721  dMax=5.671441  Dlo=0.012360  Dhi=2.848081  err=0.000000  inc=-1.989454  bucket 0->0  (mf=1000)
[MF-SEL] tPrev=(  d=0.054403  dMin=0.000000  dAvg=0.024732  dMax=5.671441  Dlo=0.012366  Dhi=2.848086  err=0.000000  inc=-1.989454  bucket 0->0  (mf=1000)
[MF-SEL] tPrev=(  d=0.054472  dMin=0.000000  dAvg=0.024744  dMax=5.671441  Dlo=0.012372  Dhi=2.848092  err=0.000000  inc=-1.989454  bucket 0->0  (mf=1000)
[MF-SEL] tPrev=(  d=0.054325  dMin=0.000000  dAvg=0.024755  dMax=5.671441  Dlo=0.012378  Dhi=2.848098  err=0.000000  inc=-1.989454  bucket 0->0  (mf=1000)
[MF-SEL] tPrev=(  d=0.053887  dMin=0.000000  dAvg=0.024767  dMax=5.671441  Dlo=0.012383  Dhi=2.848104  err=0.000000  inc=-1.989454  bucket 0->0  (mf=1000)
[MF-SEL] tPrev=(  d=0.052688  dMin=0.000000  dAvg=0.024778  dMax=5.671441  Dlo=0.012389  Dhi=2.848109  err=0.000000  inc=-1.989454  bucket 0->0  (mf=1000)
[MF-SEL] tPrev=(  d=0.052482  dMin=0.000000  dAvg=0.024788  dMax=5.671441  Dlo=0.012394  Dhi=2.848114  err=0.000000  inc=-1.989454  bucket 0->0  (mf=1000)
[MF-SEL] tPrev=(  d=0.052065  dMin=0.000000  dAvg=0.024799  dMax=5.671441  Dlo=0.012399  Dhi=2.848120  err=0.000000  inc=-1.989454  bucket 0->0  (mf=1000)
[MF-SEL] tPrev=(  d=0.051372  dMin=0.000000  dAvg=0.024809  dMax=5.671441  Dlo=0.012405  Dhi=2.848125  err=0.000000  inc=-1.989454  bucket 0->0  (mf=1000)
[MF-SEL] tPrev=(  d=0.049698  dMin=0.000000  dAvg=0.024819  dMax=5.671441  Dlo=0.012409  Dhi=2.848130  err=0.000000  inc=-1.989454  bucket 0->0  (mf=1000)
[MF-SEL] tPrev=(  d=0.049750  dMin=0.000000  dAvg=0.024829  dMax=5.671441  Dlo=0.012414  Dhi=2.848135  err=0.000000  inc=-1.989454  bucket 0->0  (mf=1000)
[MF-SEL] tPrev=(  d=0.049335  dMin=0.000000  dAvg=0.024838  dMax=5.671441  Dlo=0.012419  Dhi=2.848139  err=0.000000  inc=-1.989454  bucket 0->0  (mf=1000)
[MF-SEL] tPrev=(  d=0.048412  dMin=0.000000  dAvg=0.024847  dMax=5.671441  Dlo=0.012424  Dhi=2.848144  err=0.000000  inc=-1.989454  bucket 0->0  (mf=1000)
[MF-SEL] tPrev=(  d=0.047654  dMin=0.000000  dAvg=0.024856  dMax=5.671441  Dlo=0.012428  Dhi=2.848148  err=0.000000  inc=-1.989454  bucket 0->0  (mf=1000)
[MF-SEL] tPrev=(  d=0.046356  dMin=0.000000  dAvg=0.024864  dMax=5.671441  Dlo=0.012432  Dhi=2.848152  err=0.000000  inc=-1.989454  bucket 0->0  (mf=1000)
[MF-SEL] tPrev=(  d=0.045507  dMin=0.000000  dAvg=0.024872  dMax=5.671441  Dlo=0.012436  Dhi=2.848156  err=0.000000  inc=-1.989454  bucket 0->0  (mf=1000)
[MF-SEL] tPrev=(  d=0.037042  dMin=0.000000  dAvg=0.024877  dMax=5.671441  Dlo=0.012438  Dhi=2.848159  err=0.000000  inc=-1.989454  bucket 0->0  (mf=1000)
[MF-SEL] tPrev=(  d=0.042610  dMin=0.000000  dAvg=0.024884  dMax=5.671441  Dlo=0.012442  Dhi=2.848162  err=0.000000  inc=-1.989454  bucket 0->0  (mf=1000)
[MF-SEL] tPrev=(  d=0.040685  dMin=0.000000  dAvg=0.024890  dMax=5.671441  Dlo=0.012445  Dhi=2.848165  err=0.000000  inc=-1.989454  bucket 0->0  (mf=1000)
[MF-SEL] tPrev=(  d=0.038798  dMin=0.000000  dAvg=0.024895  dMax=5.671441  Dlo=0.012448  Dhi=2.848168  err=0.000000  inc=-1.989454  bucket 0->0  (mf=1000)
[MF-SEL] tPrev=(  d=0.037236  dMin=0.000000  dAvg=0.024900  dMax=5.671441  Dlo=0.012450  Dhi=2.848170  err=0.000000  inc=-1.989454  bucket 0->0  (mf=1000)
[MF-SEL] tPrev=(  d=0.035519  dMin=0.000000  dAvg=0.024904  dMax=5.671441  Dlo=0.012452  Dhi=2.848172  err=0.000000  inc=-1.989454  bucket 0->0  (mf=1000)
[MF-SEL] tPrev=(  d=0.025344  dMin=0.000000  dAvg=0.024904  dMax=5.671441  Dlo=0.012452  Dhi=2.848172  err=0.000000  inc=-1.989454  bucket 0->0  (mf=1000)
[MF-SEL] tPrev=(  d=0.033602  dMin=0.000000  dAvg=0.024908  dMax=5.671441  Dlo=0.012454  Dhi=2.848174  err=0.000000  inc=-1.989454  bucket 0->0  (mf=1000)
[MF-SEL] tPrev=(  d=0.032964  dMin=0.000000  dAvg=0.024911  dMax=5.671441  Dlo=0.012455  Dhi=2.848176  err=0.000000  inc=-1.989454  bucket 0->0  (mf=1000)
[MF-SEL] tPrev=(  d=0.032313  dMin=0.000000  dAvg=0.024914  dMax=5.671441  Dlo=0.012457  Dhi=2.848177  err=0.000000  inc=-1.989454  bucket 0->0  (mf=1000)
[MF-SEL] tPrev=(  d=0.032268  dMin=0.000000  dAvg=0.024917  dMax=5.671441  Dlo=0.012458  Dhi=2.848179  err=0.000000  inc=-1.989454  bucket 0->0  (mf=1000)
[MF-SEL] tPrev=(  d=0.032347  dMin=0.000000  dAvg=0.024919  dMax=5.671441  Dlo=0.012460  Dhi=2.848180  err=0.000000  inc=-1.989454  bucket 0->0  (mf=1000)
[MF-SEL] tPrev=(  d=0.032182  dMin=0.000000  dAvg=0.024922  dMax=5.671441  Dlo=0.012461  Dhi=2.848181  err=0.000000  inc=-1.989454  bucket 0->0  (mf=1000)
[MF-SEL] tPrev=(  d=0.032516  dMin=0.000000  dAvg=0.024925  dMax=5.671441  Dlo=0.012463  Dhi=2.848183  err=0.000000  inc=-1.989454  bucket 0->0  (mf=1000)
[MF-SEL] tPrev=(  d=0.032735  dMin=0.000000  dAvg=0.024928  dMax=5.671441  Dlo=0.012464  Dhi=2.848184  err=0.000000  inc=-1.989454  bucket 0->0  (mf=1000)
[MF-SEL] tPrev=(  d=0.033169  dMin=0.000000  dAvg=0.024931  dMax=5.671441  Dlo=0.012466  Dhi=2.848186  err=0.000000  inc=-1.989454  bucket 0->0  (mf=1000)
[MF-SEL] tPrev=(  d=0.030752  dMin=0.000000  dAvg=0.024934  dMax=5.671441  Dlo=0.012467  Dhi=2.848187  err=0.000000  inc=-1.989454  bucket 0->0  (mf=1000)
[MF-SEL] tPrev=(  d=0.033813  dMin=0.000000  dAvg=0.024937  dMax=5.671441  Dlo=0.012468  Dhi=2.848189  err=0.000000  inc=-1.989454  bucket 0->0  (mf=1000)
[MF-SEL] tPrev=(  d=0.033960  dMin=0.000000  dAvg=0.024940  dMax=5.671441  Dlo=0.012470  Dhi=2.848190  err=0.000000  inc=-1.989454  bucket 0->0  (mf=1000)
[MF-SEL] tPrev=(  d=0.034235  dMin=0.000000  dAvg=0.024944  dMax=5.671441  Dlo=0.012472  Dhi=2.848192  err=0.000000  inc=-1.989454  bucket 0->0  (mf=1000)
[MF-SEL] tPrev=(  d=0.034250  dMin=0.000000  dAvg=0.024948  dMax=5.671441  Dlo=0.012474  Dhi=2.848194  err=0.000000  inc=-1.989454  bucket 0->0  (mf=1000)
[MF-SEL] tPrev=(  d=0.034733  dMin=0.000000  dAvg=0.024951  dMax=5.671441  Dlo=0.012476  Dhi=2.848196  err=0.000000  inc=-1.989454  bucket 0->0  (mf=1000)
[MF-SEL] tPrev=(  d=0.035033  dMin=0.000000  dAvg=0.024955  dMax=5.671441  Dlo=0.012478  Dhi=2.848198  err=0.000000  inc=-1.989454  bucket 0->0  (mf=1000)
[MF-SEL] tPrev=(  d=0.035724  dMin=0.000000  dAvg=0.024959  dMax=5.671441  Dlo=0.012480  Dhi=2.848200  err=0.000000  inc=-1.989454  bucket 0->0  (mf=1000)
[MF-SEL] tPrev=(  d=0.040225  dMin=0.000000  dAvg=0.024965  dMax=5.671441  Dlo=0.012483  Dhi=2.848203  err=0.000000  inc=-1.989454  bucket 0->0  (mf=1000)
[MF-SEL] tPrev=(  d=0.036068  dMin=0.000000  dAvg=0.024969  dMax=5.671441  Dlo=0.012485  Dhi=2.848205  err=0.000000  inc=-1.989454  bucket 0->0  (mf=1000)
[MF-SEL] tPrev=(  d=0.036824  dMin=0.000000  dAvg=0.024974  dMax=5.671441  Dlo=0.012487  Dhi=2.848207  err=0.000000  inc=-1.989454  bucket 0->0  (mf=1000)
[MF-SEL] tPrev=(  d=0.037750  dMin=0.000000  dAvg=0.024979  dMax=5.671441  Dlo=0.012489  Dhi=2.848210  err=0.000000  inc=-1.989454  bucket 0->0  (mf=1000)
[MF-SEL] tPrev=(  d=0.038309  dMin=0.000000  dAvg=0.024984  dMax=5.671441  Dlo=0.012492  Dhi=2.848212  err=0.000000  inc=-1.989454  bucket 0->0  (mf=1000)
[MF-SEL] tPrev=(  d=0.038767  dMin=0.000000  dAvg=0.024989  dMax=5.671441  Dlo=0.012495  Dhi=2.848215  err=0.000000  inc=-1.989454  bucket 0->0  (mf=1000)
[MF-SEL] tPrev=(  d=0.038776  dMin=0.000000  dAvg=0.024994  dMax=5.671441  Dlo=0.012497  Dhi=2.848218  err=0.000000  inc=-1.989454  bucket 0->0  (mf=1000)
[MF-SEL] tPrev=(  d=0.037904  dMin=0.000000  dAvg=0.024999  dMax=5.671441  Dlo=0.012500  Dhi=2.848220  err=0.000000  inc=-1.989454  bucket 0->0  (mf=1000)
[MF-SEL] tPrev=(  d=0.037258  dMin=0.000000  dAvg=0.025004  dMax=5.671441  Dlo=0.012502  Dhi=2.848222  err=0.000000  inc=-1.989454  bucket 0->0  (mf=1000)
[MF-SEL] tPrev=(  d=0.036674  dMin=0.000000  dAvg=0.025009  dMax=5.671441  Dlo=0.012504  Dhi=2.848225  err=0.000000  inc=-1.989454  bucket 0->0  (mf=1000)
[MF-SEL] tPrev=(  d=0.036144  dMin=0.000000  dAvg=0.025013  dMax=5.671441  Dlo=0.012506  Dhi=2.848227  err=0.000000  inc=-1.989454  bucket 0->0  (mf=1000)
[MF-SEL] tPrev=(  d=0.035521  dMin=0.000000  dAvg=0.025017  dMax=5.671441  Dlo=0.012508  Dhi=2.848229  err=0.000000  inc=-1.989454  bucket 0->0  (mf=1000)
[MF-SEL] tPrev=(  d=0.034386  dMin=0.000000  dAvg=0.025020  dMax=5.671441  Dlo=0.012510  Dhi=2.848230  err=0.000000  inc=-1.989454  bucket 0->0  (mf=1000)
[MF-SEL] tPrev=(  d=0.032803  dMin=0.000000  dAvg=0.025023  dMax=5.671441  Dlo=0.012512  Dhi=2.848232  err=0.000000  inc=-1.989454  bucket 0->0  (mf=1000)
[MF-SEL] tPrev=(  d=0.052724  dMin=0.000000  dAvg=0.025034  dMax=5.671441  Dlo=0.012517  Dhi=2.848237  err=0.000000  inc=-1.989454  bucket 0->0  (mf=1000)
[MF-SEL] tPrev=(  d=0.030056  dMin=0.000000  dAvg=0.025036  dMax=5.671441  Dlo=0.012518  Dhi=2.848238  err=0.000000  inc=-1.989454  bucket 0->0  (mf=1000)
[MF-SEL] tPrev=(  d=0.028971  dMin=0.000000  dAvg=0.025037  dMax=5.671441  Dlo=0.012519  Dhi=2.848239  err=0.000000  inc=-1.989454  bucket 0->0  (mf=1000)
[MF-SEL] tPrev=(  d=0.028217  dMin=0.000000  dAvg=0.025039  dMax=5.671441  Dlo=0.012519  Dhi=2.848240  err=0.000000  inc=-1.989454  bucket 0->0  (mf=1000)
[MF-SEL] tPrev=(  d=0.027570  dMin=0.000000  dAvg=0.025039  dMax=5.671441  Dlo=0.012520  Dhi=2.848240  err=0.000000  inc=-1.989454  bucket 0->0  (mf=1000)
[MF-SEL] tPrev=(  d=0.027281  dMin=0.000000  dAvg=0.025040  dMax=5.671441  Dlo=0.012520  Dhi=2.848240  err=0.000000  inc=-1.989454  bucket 0->0  (mf=1000)
[MF-SEL] tPrev=(  d=0.029329  dMin=0.000000  dAvg=0.025042  dMax=5.671441  Dlo=0.012521  Dhi=2.848241  err=0.000000  inc=-1.989454  bucket 0->0  (mf=1000)
[MF-SEL] tPrev=(  d=0.027375  dMin=0.000000  dAvg=0.025043  dMax=5.671441  Dlo=0.012521  Dhi=2.848242  err=0.000000  inc=-1.989454  bucket 0->0  (mf=1000)
[MF-SEL] tPrev=(  d=0.026963  dMin=0.000000  dAvg=0.025044  dMax=5.671441  Dlo=0.012522  Dhi=2.848242  err=0.000000  inc=-1.989454  bucket 0->0  (mf=1000)
[MF-SEL] tPrev=(  d=0.027192  dMin=0.000000  dAvg=0.025044  dMax=5.671441  Dlo=0.012522  Dhi=2.848243  err=0.000000  inc=-1.989454  bucket 0->0  (mf=1000)
[MF-SEL] tPrev=(  d=0.027278  dMin=0.000000  dAvg=0.025045  dMax=5.671441  Dlo=0.012523  Dhi=2.848243  err=0.000000  inc=-1.989454  bucket 0->0  (mf=1000)
[MF-SEL] tPrev=(  d=0.028200  dMin=0.000000  dAvg=0.025046  dMax=5.671441  Dlo=0.012523  Dhi=2.848244  err=0.000000  inc=-1.989454  bucket 0->0  (mf=1000)
[MF-SEL] tPrev=(  d=0.027536  dMin=0.000000  dAvg=0.025047  dMax=5.671441  Dlo=0.012524  Dhi=2.848244  err=0.000000  inc=-1.989454  bucket 0->0  (mf=1000)
[MF-SEL] tPrev=(  d=0.027189  dMin=0.000000  dAvg=0.025048  dMax=5.671441  Dlo=0.012524  Dhi=2.848244  err=0.000000  inc=-1.989454  bucket 0->0  (mf=1000)
[MF-SEL] tPrev=(  d=0.027403  dMin=0.000000  dAvg=0.025049  dMax=5.671441  Dlo=0.012525  Dhi=2.848245  err=0.000000  inc=-1.989454  bucket 0->0  (mf=1000)
[MF-SEL] tPrev=(  d=0.026973  dMin=0.000000  dAvg=0.025050  dMax=5.671441  Dlo=0.012525  Dhi=2.848245  err=0.000000  inc=-1.989454  bucket 0->0  (mf=1000)
[MF-SEL] tPrev=(  d=0.024897  dMin=0.000000  dAvg=0.025050  dMax=5.671441  Dlo=0.012525  Dhi=2.848245  err=0.000000  inc=-1.989454  bucket 0->0  (mf=1000)
[MF-SEL] tPrev=(  d=0.025841  dMin=0.000000  dAvg=0.025050  dMax=5.671441  Dlo=0.012525  Dhi=2.848245  err=0.000000  inc=-1.989454  bucket 0->0  (mf=1000)
[MF-SEL] tPrev=(  d=0.026309  dMin=0.000000  dAvg=0.025051  dMax=5.671441  Dlo=0.012525  Dhi=2.848246  err=0.000000  inc=-1.989454  bucket 0->0  (mf=1000)
[MF-SEL] tPrev=(  d=0.026755  dMin=0.000000  dAvg=0.025051  dMax=5.671441  Dlo=0.012526  Dhi=2.848246  err=0.000000  inc=-1.989454  bucket 0->0  (mf=1000)
[MF-SEL] tPrev=(  d=0.027527  dMin=0.000000  dAvg=0.025052  dMax=5.671441  Dlo=0.012526  Dhi=2.848246  err=0.000000  inc=-1.989454  bucket 0->0  (mf=1000)
[MF-SEL] tPrev=(  d=0.028357  dMin=0.000000  dAvg=0.025053  dMax=5.671441  Dlo=0.012527  Dhi=2.848247  err=0.000000  inc=-1.989454  bucket 0->0  (mf=1000)
[MF-SEL] tPrev=(  d=0.028196  dMin=0.000000  dAvg=0.025055  dMax=5.671441  Dlo=0.012527  Dhi=2.848248  err=0.000000  inc=-1.989454  bucket 0->0  (mf=1000)
[MF-SEL] tPrev=(  d=0.028799  dMin=0.000000  dAvg=0.025056  dMax=5.671441  Dlo=0.012528  Dhi=2.848248  err=0.000000  inc=-1.989454  bucket 0->0  (mf=1000)
[MF-SEL] tPrev=(  d=0.028843  dMin=0.000000  dAvg=0.025057  dMax=5.671441  Dlo=0.012529  Dhi=2.848249  err=0.000000  inc=-1.989454  bucket 0->0  (mf=1000)
[MF-SEL] tPrev=(  d=0.028667  dMin=0.000000  dAvg=0.025059  dMax=5.671441  Dlo=0.012529  Dhi=2.848250  err=0.000000  inc=-1.989454  bucket 0->0  (mf=1000)
[MF-SEL] tPrev=(  d=0.030245  dMin=0.000000  dAvg=0.025061  dMax=5.671441  Dlo=0.012530  Dhi=2.848251  err=0.000000  inc=-1.989454  bucket 0->0  (mf=1000)
[MF-SEL] tPrev=(  d=0.026686  dMin=0.000000  dAvg=0.025061  dMax=5.671441  Dlo=0.012531  Dhi=2.848251  err=0.000000  inc=-1.989454  bucket 0->0  (mf=1000)
[MF-SEL] tPrev=(  d=0.027172  dMin=0.000000  dAvg=0.025062  dMax=5.671441  Dlo=0.012531  Dhi=2.848251  err=0.000000  inc=-1.989454  bucket 0->0  (mf=1000)
[MF-SEL] tPrev=(  d=0.028053  dMin=0.000000  dAvg=0.025063  dMax=5.671441  Dlo=0.012532  Dhi=2.848252  err=0.000000  inc=-1.989454  bucket 0->0  (mf=1000)
[MF-SEL] tPrev=(  d=0.028953  dMin=0.000000  dAvg=0.025065  dMax=5.671441  Dlo=0.012532  Dhi=2.848253  err=0.000000  inc=-1.989454  bucket 0->0  (mf=1000)
[MF-SEL] tPrev=(  d=0.030057  dMin=0.000000  dAvg=0.025067  dMax=5.671441  Dlo=0.012533  Dhi=2.848254  err=0.000000  inc=-1.989454  bucket 0->0  (mf=1000)
[MF-SEL] tPrev=(  d=0.031312  dMin=0.000000  dAvg=0.025069  dMax=5.671441  Dlo=0.012534  Dhi=2.848255  err=0.000000  inc=-1.989454  bucket 0->0  (mf=1000)
[MF-SEL] tPrev=(  d=0.032823  dMin=0.000000  dAvg=0.025072  dMax=5.671441  Dlo=0.012536  Dhi=2.848256  err=0.000000  inc=-1.989454  bucket 0->0  (mf=1000)
[MF-SEL] tPrev=(  d=0.034495  dMin=0.000000  dAvg=0.025075  dMax=5.671441  Dlo=0.012538  Dhi=2.848258  err=0.000000  inc=-1.989454  bucket 0->0  (mf=1000)
[MF-SEL] tPrev=(  d=0.034919  dMin=0.000000  dAvg=0.025079  dMax=5.671441  Dlo=0.012540  Dhi=2.848260  err=0.000000  inc=-1.989454  bucket 0->0  (mf=1000)
[MF-SEL] tPrev=(  d=0.039629  dMin=0.000000  dAvg=0.025085  dMax=5.671441  Dlo=0.012542  Dhi=2.848263  err=0.000000  inc=-1.989454  bucket 0->0  (mf=1000)
[MF-SEL] tPrev=(  d=0.034432  dMin=0.000000  dAvg=0.025088  dMax=5.671441  Dlo=0.012544  Dhi=2.848264  err=0.000000  inc=-1.989454  bucket 0->0  (mf=1000)
[MF-SEL] tPrev=(  d=0.034311  dMin=0.000000  dAvg=0.025092  dMax=5.671441  Dlo=0.012546  Dhi=2.848266  err=0.000000  inc=-1.989454  bucket 0->0  (mf=1000)
[MF-SEL] tPrev=(  d=0.034358  dMin=0.000000  dAvg=0.025095  dMax=5.671441  Dlo=0.012548  Dhi=2.848268  err=0.000000  inc=-1.989454  bucket 0->0  (mf=1000)
[MF-SEL] tPrev=(  d=0.034759  dMin=0.000000  dAvg=0.025099  dMax=5.671441  Dlo=0.012549  Dhi=2.848270  err=0.000000  inc=-1.989454  bucket 0->0  (mf=1000)
[MF-SEL] tPrev=(  d=0.035269  dMin=0.000000  dAvg=0.025103  dMax=5.671441  Dlo=0.012551  Dhi=2.848272  err=0.000000  inc=-1.989454  bucket 0->0  (mf=1000)
[MF-SEL] tPrev=(  d=0.038458  dMin=0.000000  dAvg=0.025108  dMax=5.671441  Dlo=0.012554  Dhi=2.848274  err=0.000000  inc=-1.989454  bucket 0->0  (mf=1000)
[MF-SEL] tPrev=(  d=0.035615  dMin=0.000000  dAvg=0.025111  dMax=5.671441  Dlo=0.012556  Dhi=2.848276  err=0.000000  inc=-1.989454  bucket 0->0  (mf=1000)
[MF-SEL] tPrev=(  d=0.037161  dMin=0.000000  dAvg=0.025116  dMax=5.671441  Dlo=0.012558  Dhi=2.848278  err=0.000000  inc=-1.989454  bucket 0->0  (mf=1000)
[MF-SEL] tPrev=(  d=0.039201  dMin=0.000000  dAvg=0.025121  dMax=5.671441  Dlo=0.012561  Dhi=2.848281  err=0.000000  inc=-1.989454  bucket 0->0  (mf=1000)
[MF-SEL] tPrev=(  d=0.040231  dMin=0.000000  dAvg=0.025127  dMax=5.671441  Dlo=0.012563  Dhi=2.848284  err=0.000000  inc=-1.989454  bucket 0->0  (mf=1000)
[MF-SEL] tPrev=(  d=0.041308  dMin=0.000000  dAvg=0.025133  dMax=5.671441  Dlo=0.012566  Dhi=2.848287  err=0.000000  inc=-1.989454  bucket 0->0  (mf=1000)
[MF-SEL] tPrev=(  d=0.042319  dMin=0.000000  dAvg=0.025139  dMax=5.671441  Dlo=0.012570  Dhi=2.848290  err=0.000000  inc=-1.989454  bucket 0->0  (mf=1000)
[MF-SEL] tPrev=(  d=0.047017  dMin=0.000000  dAvg=0.025148  dMax=5.671441  Dlo=0.012574  Dhi=2.848294  err=0.000000  inc=-1.989454  bucket 0->0  (mf=1000)
[MF-SEL] tPrev=(  d=0.044523  dMin=0.000000  dAvg=0.025155  dMax=5.671441  Dlo=0.012577  Dhi=2.848298  err=0.000000  inc=-1.989454  bucket 0->0  (mf=1000)
[MF-SEL] tPrev=(  d=0.045369  dMin=0.000000  dAvg=0.025162  dMax=5.671441  Dlo=0.012581  Dhi=2.848302  err=0.000000  inc=-1.989454  bucket 0->0  (mf=1000)
[MF-SEL] tPrev=(  d=0.045477  dMin=0.000000  dAvg=0.025170  dMax=5.671441  Dlo=0.012585  Dhi=2.848305  err=0.000000  inc=-1.989454  bucket 0->0  (mf=1000)
[MF-SEL] tPrev=(  d=0.046377  dMin=0.000000  dAvg=0.025178  dMax=5.671441  Dlo=0.012589  Dhi=2.848309  err=0.000000  inc=-1.989454  bucket 0->0  (mf=1000)
[MF-SEL] tPrev=(  d=0.046346  dMin=0.000000  dAvg=0.025186  dMax=5.671441  Dlo=0.012593  Dhi=2.848313  err=0.000000  inc=-1.989454  bucket 0->0  (mf=1000)
[MF-SEL] tPrev=(  d=0.045620  dMin=0.000000  dAvg=0.025193  dMax=5.671441  Dlo=0.012597  Dhi=2.848317  err=0.000000  inc=-1.989454  bucket 0->0  (mf=1000)
[MF-SEL] tPrev=(  d=0.036557  dMin=0.000000  dAvg=0.025198  dMax=5.671441  Dlo=0.012599  Dhi=2.848319  err=0.000000  inc=-1.989454  bucket 0->0  (mf=1000)
[MF-SEL] tPrev=(  d=0.043941  dMin=0.000000  dAvg=0.025205  dMax=5.671441  Dlo=0.012602  Dhi=2.848323  err=0.000000  inc=-1.989454  bucket 0->0  (mf=1000)
[MF-SEL] tPrev=(  d=0.042726  dMin=0.000000  dAvg=0.025211  dMax=5.671441  Dlo=0.012606  Dhi=2.848326  err=0.000000  inc=-1.989454  bucket 0->0  (mf=1000)
[MF-SEL] tPrev=(  d=0.041634  dMin=0.000000  dAvg=0.025217  dMax=5.671441  Dlo=0.012609  Dhi=2.848329  err=0.000000  inc=-1.989454  bucket 0->0  (mf=1000)
[MF-SEL] tPrev=(  d=0.040608  dMin=0.000000  dAvg=0.025223  dMax=5.671441  Dlo=0.012612  Dhi=2.848332  err=0.000000  inc=-1.989454  bucket 0->0  (mf=1000)
[MF-SEL] tPrev=(  d=0.039556  dMin=0.000000  dAvg=0.025228  dMax=5.671441  Dlo=0.012614  Dhi=2.848335  err=0.000000  inc=-1.989454  bucket 0->0  (mf=1000)
[MF-SEL] tPrev=(  d=0.037175  dMin=0.000000  dAvg=0.025233  dMax=5.671441  Dlo=0.012616  Dhi=2.848337  err=0.000000  inc=-1.989454  bucket 0->0  (mf=1000)
[MF-SEL] tPrev=(  d=0.038088  dMin=0.000000  dAvg=0.025238  dMax=5.671441  Dlo=0.012619  Dhi=2.848339  err=0.000000  inc=-1.989454  bucket 0->0  (mf=1000)
[MF-SEL] tPrev=(  d=0.037220  dMin=0.000000  dAvg=0.025242  dMax=5.671441  Dlo=0.012621  Dhi=2.848341  err=0.000000  inc=-1.989454  bucket 0->0  (mf=1000)
[MF-SEL] tPrev=(  d=0.037062  dMin=0.000000  dAvg=0.025247  dMax=5.671441  Dlo=0.012623  Dhi=2.848344  err=0.000000  inc=-1.989454  bucket 0->0  (mf=1000)
[MF-SEL] tPrev=(  d=0.036769  dMin=0.000000  dAvg=0.025251  dMax=5.671441  Dlo=0.012625  Dhi=2.848346  err=0.000000  inc=-1.989454  bucket 0->0  (mf=1000)
[MF-SEL] tPrev=(  d=0.036609  dMin=0.000000  dAvg=0.025255  dMax=5.671441  Dlo=0.012628  Dhi=2.848348  err=0.000000  inc=-1.989454  bucket 0->0  (mf=1000)
[MF-SEL] tPrev=(  d=0.036281  dMin=0.000000  dAvg=0.025259  dMax=5.671441  Dlo=0.012630  Dhi=2.848350  err=0.000000  inc=-1.989454  bucket 0->0  (mf=1000)
[MF-SEL] tPrev=(  d=0.036157  dMin=0.000000  dAvg=0.025263  dMax=5.671441  Dlo=0.012632  Dhi=2.848352  err=0.000000  inc=-1.989454  bucket 0->0  (mf=1000)
[MF-SEL] tPrev=(  d=0.035970  dMin=0.000000  dAvg=0.025267  dMax=5.671441  Dlo=0.012634  Dhi=2.848354  err=0.000000  inc=-1.989454  bucket 0->0  (mf=1000)
[MF-SEL] tPrev=(  d=0.042160  dMin=0.000000  dAvg=0.025273  dMax=5.671441  Dlo=0.012637  Dhi=2.848357  err=0.000000  inc=-1.989454  bucket 0->0  (mf=1000)
[MF-SEL] tPrev=(  d=0.036437  dMin=0.000000  dAvg=0.025278  dMax=5.671441  Dlo=0.012639  Dhi=2.848359  err=0.000000  inc=-1.989454  bucket 0->0  (mf=1000)
[MF-SEL] tPrev=(  d=0.036170  dMin=0.000000  dAvg=0.025282  dMax=5.671441  Dlo=0.012641  Dhi=2.848361  err=0.000000  inc=-1.989454  bucket 0->0  (mf=1000)
[MF-SEL] tPrev=(  d=0.035634  dMin=0.000000  dAvg=0.025285  dMax=5.671441  Dlo=0.012643  Dhi=2.848363  err=0.000000  inc=-1.989454  bucket 0->0  (mf=1000)
[MF-SEL] tPrev=(  d=0.034730  dMin=0.000000  dAvg=0.025289  dMax=5.671441  Dlo=0.012644  Dhi=2.848365  err=0.000000  inc=-1.989454  bucket 0->0  (mf=1000)
[MF-SEL] tPrev=(  d=0.033443  dMin=0.000000  dAvg=0.025292  dMax=5.671441  Dlo=0.012646  Dhi=2.848366  err=0.000000  inc=-1.989454  bucket 0->0  (mf=1000)
[MF-SEL] tPrev=(  d=0.032345  dMin=0.000000  dAvg=0.025295  dMax=5.671441  Dlo=0.012647  Dhi=2.848368  err=0.000000  inc=-1.989454  bucket 0->0  (mf=1000)
[MF-SEL] tPrev=(  d=0.031186  dMin=0.000000  dAvg=0.025297  dMax=5.671441  Dlo=0.012648  Dhi=2.848369  err=0.000000  inc=-1.989454  bucket 0->0  (mf=1000)
[MF-SEL] tPrev=(  d=0.029887  dMin=0.000000  dAvg=0.025298  dMax=5.671441  Dlo=0.012649  Dhi=2.848370  err=0.000000  inc=-1.989454  bucket 0->0  (mf=1000)
[MF-SEL] tPrev=(  d=0.018494  dMin=0.000000  dAvg=0.025296  dMax=5.671441  Dlo=0.012648  Dhi=2.848368  err=0.000000  inc=-1.989454  bucket 0->0  (mf=1000)
[MF-SEL] tPrev=(  d=0.028699  dMin=0.000000  dAvg=0.025297  dMax=5.671441  Dlo=0.012649  Dhi=2.848369  err=0.000000  inc=-1.989454  bucket 0->0  (mf=1000)
[MF-SEL] tPrev=(  d=0.028066  dMin=0.000000  dAvg=0.025298  dMax=5.671441  Dlo=0.012649  Dhi=2.848369  err=0.000000  inc=-1.989454  bucket 0->0  (mf=1000)
[MF-SEL] tPrev=(  d=0.027549  dMin=0.000000  dAvg=0.025299  dMax=5.671441  Dlo=0.012650  Dhi=2.848370  err=0.000000  inc=-1.989454  bucket 0->0  (mf=1000)
[MF-SEL] tPrev=(  d=0.027032  dMin=0.000000  dAvg=0.025300  dMax=5.671441  Dlo=0.012650  Dhi=2.848370  err=0.000000  inc=-1.989454  bucket 0->0  (mf=1000)
[MF-SEL] tPrev=(  d=0.026971  dMin=0.000000  dAvg=0.025300  dMax=5.671441  Dlo=0.012650  Dhi=2.848370  err=0.000000  inc=-1.989454  bucket 0->0  (mf=1000)
[MF-SEL] tPrev=(  d=0.020978  dMin=0.000000  dAvg=0.025299  dMax=5.671441  Dlo=0.012649  Dhi=2.848370  err=0.000000  inc=-1.989454  bucket 0->0  (mf=1000)
[MF-SEL] tPrev=(  d=0.025269  dMin=0.000000  dAvg=0.025299  dMax=5.671441  Dlo=0.012649  Dhi=2.848370  err=0.000000  inc=-1.989454  bucket 0->0  (mf=1000)
[MF-SEL] tPrev=(  d=0.023797  dMin=0.000000  dAvg=0.025298  dMax=5.671441  Dlo=0.012649  Dhi=2.848369  err=0.000000  inc=-1.989454  bucket 0->0  (mf=1000)
[MF-SEL] tPrev=(  d=0.021835  dMin=0.000000  dAvg=0.025297  dMax=5.671441  Dlo=0.012648  Dhi=2.848369  err=0.000000  inc=-1.989454  bucket 0->0  (mf=1000)
[MF-SEL] tPrev=(  d=0.020138  dMin=0.000000  dAvg=0.025295  dMax=5.671441  Dlo=0.012647  Dhi=2.848368  err=0.000000  inc=-1.989454  bucket 0->0  (mf=1000)
[MF-SEL] tPrev=(  d=0.018659  dMin=0.000000  dAvg=0.025293  dMax=5.671441  Dlo=0.012646  Dhi=2.848367  err=0.000000  inc=-1.989454  bucket 0->0  (mf=1000)
[MF-SEL] tPrev=(  d=0.017063  dMin=0.000000  dAvg=0.025290  dMax=5.671441  Dlo=0.012645  Dhi=2.848365  err=0.000000  inc=-1.989454  bucket 0->0  (mf=1000)
[MF-SEL] tPrev=(  d=0.015909  dMin=0.000000  dAvg=0.025286  dMax=5.671441  Dlo=0.012643  Dhi=2.848363  err=0.000000  inc=-1.989454  bucket 0->0  (mf=1000)
[MF-SEL] tPrev=(  d=0.015005  dMin=0.000000  dAvg=0.025282  dMax=5.671441  Dlo=0.012641  Dhi=2.848361  err=0.000000  inc=-1.989454  bucket 0->0  (mf=1000)
[MF-SEL] tPrev=(  d=0.013257  dMin=0.000000  dAvg=0.025278  dMax=5.671441  Dlo=0.012639  Dhi=2.848359  err=0.000000  inc=-1.989454  bucket 0->0  (mf=1000)
[MF-SEL] tPrev=(  d=0.005926  dMin=0.000000  dAvg=0.025271  dMax=5.671441  Dlo=0.012635  Dhi=2.848356  err=-1.000000  inc=-2.940517  bucket 0->0  (mf=1000)
[MF-SEL] tPrev=(  d=0.010978  dMin=0.000000  dAvg=0.025265  dMax=5.671441  Dlo=0.012633  Dhi=2.848353  err=-1.000000  inc=-2.594191  bucket 0->0  (mf=1000)
[MF-SEL] tPrev=(  d=0.010937  dMin=0.000000  dAvg=0.025260  dMax=5.671441  Dlo=0.012630  Dhi=2.848350  err=-1.000000  inc=-2.596568  bucket 0->0  (mf=1000)
[MF-SEL] tPrev=(  d=0.011084  dMin=0.000000  dAvg=0.025255  dMax=5.671441  Dlo=0.012628  Dhi=2.848348  err=-1.000000  inc=-2.599124  bucket 0->0  (mf=1000)
[MF-SEL] tPrev=(  d=0.011138  dMin=0.000000  dAvg=0.025250  dMax=5.671441  Dlo=0.012625  Dhi=2.848345  err=-1.000000  inc=-2.601617  bucket 0->0  (mf=1000)
[MF-SEL] tPrev=(  d=0.012632  dMin=0.000000  dAvg=0.025245  dMax=5.671441  Dlo=0.012623  Dhi=2.848343  err=0.000000  inc=-1.691160  bucket 0->0  (mf=1000)
[MF-SEL] tPrev=(  d=0.014594  dMin=0.000000  dAvg=0.025241  dMax=5.671441  Dlo=0.012621  Dhi=2.848341  err=0.000000  inc=-2.001617  bucket 0->0  (mf=1000)
[MF-SEL] tPrev=(  d=0.016571  dMin=0.000000  dAvg=0.025238  dMax=5.671441  Dlo=0.012619  Dhi=2.848339  err=0.000000  inc=-2.001617  bucket 0->0  (mf=1000)
[MF-SEL] tPrev=(  d=0.017681  dMin=0.000000  dAvg=0.025235  dMax=5.671441  Dlo=0.012618  Dhi=2.848338  err=0.000000  inc=-2.001617  bucket 0->0  (mf=1000)
[MF-SEL] tPrev=(  d=0.019376  dMin=0.000000  dAvg=0.025233  dMax=5.671441  Dlo=0.012617  Dhi=2.848337  err=0.000000  inc=-2.001617  bucket 0->0  (mf=1000)
[MF-SEL] tPrev=(  d=0.017539  dMin=0.000000  dAvg=0.025230  dMax=5.671441  Dlo=0.012615  Dhi=2.848335  err=0.000000  inc=-2.001617  bucket 0->0  (mf=1000)
[MF-SEL] tPrev=(  d=0.023445  dMin=0.000000  dAvg=0.025230  dMax=5.671441  Dlo=0.012615  Dhi=2.848335  err=0.000000  inc=-2.001617  bucket 0->0  (mf=1000)
[MF-SEL] tPrev=(  d=0.023978  dMin=0.000000  dAvg=0.025229  dMax=5.671441  Dlo=0.012615  Dhi=2.848335  err=0.000000  inc=-2.001617  bucket 0->0  (mf=1000)
[MF-SEL] tPrev=(  d=0.024072  dMin=0.000000  dAvg=0.025229  dMax=5.671441  Dlo=0.012614  Dhi=2.848335  err=0.000000  inc=-2.001617  bucket 0->0  (mf=1000)
[MF-SEL] tPrev=(  d=0.023736  dMin=0.000000  dAvg=0.025228  dMax=5.671441  Dlo=0.012614  Dhi=2.848334  err=0.000000  inc=-2.001617  bucket 0->0  (mf=1000)
[MF-SEL] tPrev=(  d=0.023287  dMin=0.000000  dAvg=0.025228  dMax=5.671441  Dlo=0.012614  Dhi=2.848334  err=0.000000  inc=-2.001617  bucket 0->0  (mf=1000)
[MF-SEL] tPrev=(  d=0.022863  dMin=0.000000  dAvg=0.025227  dMax=5.671441  Dlo=0.012613  Dhi=2.848334  err=0.000000  inc=-2.001617  bucket 0->0  (mf=1000)
[MF-SEL] tPrev=(  d=0.022358  dMin=0.000000  dAvg=0.025226  dMax=5.671441  Dlo=0.012613  Dhi=2.848333  err=0.000000  inc=-2.001617  bucket 0->0  (mf=1000)
[MF-SEL] tPrev=(  d=0.022411  dMin=0.000000  dAvg=0.025225  dMax=5.671441  Dlo=0.012612  Dhi=2.848333  err=0.000000  inc=-2.001617  bucket 0->0  (mf=1000)
[MF-SEL] tPrev=(  d=0.023054  dMin=0.000000  dAvg=0.025224  dMax=5.671441  Dlo=0.012612  Dhi=2.848332  err=0.000000  inc=-2.001617  bucket 0->0  (mf=1000)
[MF-SEL] tPrev=(  d=0.027539  dMin=0.000000  dAvg=0.025225  dMax=5.671441  Dlo=0.012612  Dhi=2.848333  err=0.000000  inc=-2.001617  bucket 0->0  (mf=1000)
[MF-SEL] tPrev=(  d=0.024336  dMin=0.000000  dAvg=0.025224  dMax=5.671441  Dlo=0.012612  Dhi=2.848332  err=0.000000  inc=-2.001617  bucket 0->0  (mf=1000)
[MF-SEL] tPrev=(  d=0.024985  dMin=0.000000  dAvg=0.025224  dMax=5.671441  Dlo=0.012612  Dhi=2.848332  err=0.000000  inc=-2.001617  bucket 0->0  (mf=1000)
[MF-SEL] tPrev=(  d=0.025817  dMin=0.000000  dAvg=0.025224  dMax=5.671441  Dlo=0.012612  Dhi=2.848333  err=0.000000  inc=-2.001617  bucket 0->0  (mf=1000)
[MF-SEL] tPrev=(  d=0.025862  dMin=0.000000  dAvg=0.025225  dMax=5.671441  Dlo=0.012612  Dhi=2.848333  err=0.000000  inc=-2.001617  bucket 0->0  (mf=1000)
[MF-SEL] tPrev=(  d=0.025951  dMin=0.000000  dAvg=0.025225  dMax=5.671441  Dlo=0.012612  Dhi=2.848333  err=0.000000  inc=-2.001617  bucket 0->0  (mf=1000)
[MF-SEL] tPrev=(  d=0.026280  dMin=0.000000  dAvg=0.025225  dMax=5.671441  Dlo=0.012613  Dhi=2.848333  err=0.000000  inc=-2.001617  bucket 0->0  (mf=1000)
[MF-SEL] tPrev=(  d=0.025778  dMin=0.000000  dAvg=0.025226  dMax=5.671441  Dlo=0.012613  Dhi=2.848333  err=0.000000  inc=-2.001617  bucket 0->0  (mf=1000)
[MF-SEL] tPrev=(  d=0.025504  dMin=0.000000  dAvg=0.025226  dMax=5.671441  Dlo=0.012613  Dhi=2.848333  err=0.000000  inc=-2.001617  bucket 0->0  (mf=1000)
[MF-SEL] tPrev=(  d=0.024760  dMin=0.000000  dAvg=0.025226  dMax=5.671441  Dlo=0.012613  Dhi=2.848333  err=0.000000  inc=-2.001617  bucket 0->0  (mf=1000)
[MF-SEL] tPrev=(  d=0.025594  dMin=0.000000  dAvg=0.025226  dMax=5.671441  Dlo=0.012613  Dhi=2.848333  err=0.000000  inc=-2.001617  bucket 0->0  (mf=1000)
[MF-SEL] tPrev=(  d=0.025224  dMin=0.000000  dAvg=0.025226  dMax=5.671441  Dlo=0.012613  Dhi=2.848333  err=0.000000  inc=-2.001617  bucket 0->0  (mf=1000)
[MF-SEL] tPrev=(  d=0.025259  dMin=0.000000  dAvg=0.025226  dMax=5.671441  Dlo=0.012613  Dhi=2.848333  err=0.000000  inc=-2.001617  bucket 0->0  (mf=1000)
[MF-SEL] tPrev=(  d=0.025217  dMin=0.000000  dAvg=0.025226  dMax=5.671441  Dlo=0.012613  Dhi=2.848333  err=0.000000  inc=-2.001617  bucket 0->0  (mf=1000)
[MF-SEL] tPrev=(  d=0.025217  dMin=0.000000  dAvg=0.025226  dMax=5.671441  Dlo=0.012613  Dhi=2.848333  err=0.000000  inc=-2.001617  bucket 0->0  (mf=1000)
[MF-SEL] tPrev=(  d=0.025366  dMin=0.000000  dAvg=0.025226  dMax=5.671441  Dlo=0.012613  Dhi=2.848333  err=0.000000  inc=-2.001617  bucket 0->0  (mf=1000)
[MF-SEL] tPrev=(  d=0.019905  dMin=0.000000  dAvg=0.025224  dMax=5.671441  Dlo=0.012612  Dhi=2.848332  err=0.000000  inc=-2.001617  bucket 0->0  (mf=1000)
[MF-SEL] tPrev=(  d=0.025841  dMin=0.000000  dAvg=0.025224  dMax=5.671441  Dlo=0.012612  Dhi=2.848332  err=0.000000  inc=-2.001617  bucket 0->0  (mf=1000)
[MF-SEL] tPrev=(  d=0.026148  dMin=0.000000  dAvg=0.025224  dMax=5.671441  Dlo=0.012612  Dhi=2.848332  err=0.000000  inc=-2.001617  bucket 0->0  (mf=1000)
[MF-SEL] tPrev=(  d=0.026699  dMin=0.000000  dAvg=0.025225  dMax=5.671441  Dlo=0.012612  Dhi=2.848333  err=0.000000  inc=-2.001617  bucket 0->0  (mf=1000)
[MF-SEL] tPrev=(  d=0.027163  dMin=0.000000  dAvg=0.025226  dMax=5.671441  Dlo=0.012613  Dhi=2.848333  err=0.000000  inc=-2.001617  bucket 0->0  (mf=1000)
[MF-SEL] tPrev=(  d=0.027860  dMin=0.000000  dAvg=0.025227  dMax=5.671441  Dlo=0.012613  Dhi=2.848334  err=0.000000  inc=-2.001617  bucket 0->0  (mf=1000)
[MF-SEL] tPrev=(  d=0.028778  dMin=0.000000  dAvg=0.025228  dMax=5.671441  Dlo=0.012614  Dhi=2.848334  err=0.000000  inc=-2.001617  bucket 0->0  (mf=1000)
[MF-SEL] tPrev=(  d=0.029924  dMin=0.000000  dAvg=0.025230  dMax=5.671441  Dlo=0.012615  Dhi=2.848335  err=0.000000  inc=-2.001617  bucket 0->0  (mf=1000)
[MF-SEL] tPrev=(  d=0.030476  dMin=0.000000  dAvg=0.025231  dMax=5.671441  Dlo=0.012616  Dhi=2.848336  err=0.000000  inc=-2.001617  bucket 0->0  (mf=1000)
[MF-SEL] tPrev=(  d=0.031040  dMin=0.000000  dAvg=0.025234  dMax=5.671441  Dlo=0.012617  Dhi=2.848337  err=0.000000  inc=-2.001617  bucket 0->0  (mf=1000)
[MF-SEL] tPrev=(  d=0.032362  dMin=0.000000  dAvg=0.025236  dMax=5.671441  Dlo=0.012618  Dhi=2.848338  err=0.000000  inc=-2.001617  bucket 0->0  (mf=1000)
[MF-SEL] tPrev=(  d=0.033343  dMin=0.000000  dAvg=0.025239  dMax=5.671441  Dlo=0.012620  Dhi=2.848340  err=0.000000  inc=-2.001617  bucket 0->0  (mf=1000)
[MF-SEL] tPrev=(  d=0.034563  dMin=0.000000  dAvg=0.025242  dMax=5.671441  Dlo=0.012621  Dhi=2.848341  err=0.000000  inc=-2.001617  bucket 0->0  (mf=1000)
[MF-SEL] tPrev=(  d=0.036123  dMin=0.000000  dAvg=0.025246  dMax=5.671441  Dlo=0.012623  Dhi=2.848343  err=0.000000  inc=-2.001617  bucket 0->0  (mf=1000)
[MF-SEL] tPrev=(  d=0.036570  dMin=0.000000  dAvg=0.025250  dMax=5.671441  Dlo=0.012625  Dhi=2.848346  err=0.000000  inc=-2.001617  bucket 0->0  (mf=1000)
[MF-SEL] tPrev=(  d=0.036756  dMin=0.000000  dAvg=0.025255  dMax=5.671441  Dlo=0.012627  Dhi=2.848348  err=0.000000  inc=-2.001617  bucket 0->0  (mf=1000)
[MF-SEL] tPrev=(  d=0.036930  dMin=0.000000  dAvg=0.025259  dMax=5.671441  Dlo=0.012629  Dhi=2.848350  err=0.000000  inc=-2.001617  bucket 0->0  (mf=1000)
[MF-SEL] tPrev=(  d=0.037402  dMin=0.000000  dAvg=0.025263  dMax=5.671441  Dlo=0.012632  Dhi=2.848352  err=0.000000  inc=-2.001617  bucket 0->0  (mf=1000)
[MF-SEL] tPrev=(  d=0.037677  dMin=0.000000  dAvg=0.025268  dMax=5.671441  Dlo=0.012634  Dhi=2.848354  err=0.000000  inc=-2.001617  bucket 0->0  (mf=1000)
[MF-SEL] tPrev=(  d=0.038299  dMin=0.000000  dAvg=0.025272  dMax=5.671441  Dlo=0.012636  Dhi=2.848356  err=0.000000  inc=-2.001617  bucket 0->0  (mf=1000)
[MF-SEL] tPrev=(  d=0.036172  dMin=0.000000  dAvg=0.025276  dMax=5.671441  Dlo=0.012638  Dhi=2.848358  err=0.000000  inc=-2.001617  bucket 0->0  (mf=1000)
[MF-SEL] tPrev=(  d=0.038809  dMin=0.000000  dAvg=0.025281  dMax=5.671441  Dlo=0.012641  Dhi=2.848361  err=0.000000  inc=-2.001617  bucket 0->0  (mf=1000)
[MF-SEL] tPrev=(  d=0.038549  dMin=0.000000  dAvg=0.025286  dMax=5.671441  Dlo=0.012643  Dhi=2.848363  err=0.000000  inc=-2.001617  bucket 0->0  (mf=1000)
[MF-SEL] tPrev=(  d=0.038070  dMin=0.000000  dAvg=0.025291  dMax=5.671441  Dlo=0.012645  Dhi=2.848366  err=0.000000  inc=-2.001617  bucket 0->0  (mf=1000)
[MF-SEL] tPrev=(  d=0.037350  dMin=0.000000  dAvg=0.025295  dMax=5.671441  Dlo=0.012647  Dhi=2.848368  err=0.000000  inc=-2.001617  bucket 0->0  (mf=1000)
[MF-SEL] tPrev=(  d=0.036526  dMin=0.000000  dAvg=0.025299  dMax=5.671441  Dlo=0.012649  Dhi=2.848370  err=0.000000  inc=-2.001617  bucket 0->0  (mf=1000)
[MF-SEL] tPrev=(  d=0.035037  dMin=0.000000  dAvg=0.025302  dMax=5.671441  Dlo=0.012651  Dhi=2.848371  err=0.000000  inc=-2.001617  bucket 0->0  (mf=1000)
[MF-SEL] tPrev=(  d=0.033981  dMin=0.000000  dAvg=0.025306  dMax=5.671441  Dlo=0.012653  Dhi=2.848373  err=0.000000  inc=-2.001617  bucket 0->0  (mf=1000)
[MF-SEL] tPrev=(  d=0.032829  dMin=0.000000  dAvg=0.025308  dMax=5.671441  Dlo=0.012654  Dhi=2.848374  err=0.000000  inc=-2.001617  bucket 0->0  (mf=1000)
[MF-SEL] tPrev=(  d=0.031657  dMin=0.000000  dAvg=0.025310  dMax=5.671441  Dlo=0.012655  Dhi=2.848376  err=0.000000  inc=-2.001617  bucket 0->0  (mf=1000)
[MF-SEL] tPrev=(  d=0.018108  dMin=0.000000  dAvg=0.025308  dMax=5.671441  Dlo=0.012654  Dhi=2.848374  err=0.000000  inc=-2.001617  bucket 0->0  (mf=1000)
[MF-SEL] tPrev=(  d=0.028044  dMin=0.000000  dAvg=0.025309  dMax=5.671441  Dlo=0.012654  Dhi=2.848375  err=0.000000  inc=-2.001617  bucket 0->0  (mf=1000)
[MF-SEL] tPrev=(  d=0.027584  dMin=0.000000  dAvg=0.025310  dMax=5.671441  Dlo=0.012655  Dhi=2.848375  err=0.000000  inc=-2.001617  bucket 0->0  (mf=1000)
[MF-SEL] tPrev=(  d=0.027368  dMin=0.000000  dAvg=0.025310  dMax=5.671441  Dlo=0.012655  Dhi=2.848376  err=0.000000  inc=-2.001617  bucket 0->0  (mf=1000)
[MF-SEL] tPrev=(  d=0.027114  dMin=0.000000  dAvg=0.025311  dMax=5.671441  Dlo=0.012656  Dhi=2.848376  err=0.000000  inc=-2.001617  bucket 0->0  (mf=1000)
[MF-SEL] tPrev=(  d=0.027192  dMin=0.000000  dAvg=0.025312  dMax=5.671441  Dlo=0.012656  Dhi=2.848376  err=0.000000  inc=-2.001617  bucket 0->0  (mf=1000)
[MF-SEL] tPrev=(  d=0.027719  dMin=0.000000  dAvg=0.025313  dMax=5.671441  Dlo=0.012656  Dhi=2.848377  err=0.000000  inc=-2.001617  bucket 0->0  (mf=1000)
[MF-SEL] tPrev=(  d=0.028275  dMin=0.000000  dAvg=0.025314  dMax=5.671441  Dlo=0.012657  Dhi=2.848377  err=0.000000  inc=-2.001617  bucket 0->0  (mf=1000)
[MF-SEL] tPrev=(  d=0.028478  dMin=0.000000  dAvg=0.025315  dMax=5.671441  Dlo=0.012657  Dhi=2.848378  err=0.000000  inc=-2.001617  bucket 0->0  (mf=1000)
[MF-SEL] tPrev=(  d=0.029002  dMin=0.000000  dAvg=0.025316  dMax=5.671441  Dlo=0.012658  Dhi=2.848378  err=0.000000  inc=-2.001617  bucket 0->0  (mf=1000)
[MF-SEL] tPrev=(  d=0.032613  dMin=0.000000  dAvg=0.025319  dMax=5.671441  Dlo=0.012659  Dhi=2.848380  err=0.000000  inc=-2.001617  bucket 0->0  (mf=1000)
[MF-SEL] tPrev=(  d=0.029480  dMin=0.000000  dAvg=0.025320  dMax=5.671441  Dlo=0.012660  Dhi=2.848380  err=0.000000  inc=-2.001617  bucket 0->0  (mf=1000)
[MF-SEL] tPrev=(  d=0.030176  dMin=0.000000  dAvg=0.025322  dMax=5.671441  Dlo=0.012661  Dhi=2.848381  err=0.000000  inc=-2.001617  bucket 0->0  (mf=1000)
[MF-SEL] tPrev=(  d=0.030644  dMin=0.000000  dAvg=0.025324  dMax=5.671441  Dlo=0.012662  Dhi=2.848382  err=0.000000  inc=-2.001617  bucket 0->0  (mf=1000)
[MF-SEL] tPrev=(  d=0.029958  dMin=0.000000  dAvg=0.025326  dMax=5.671441  Dlo=0.012663  Dhi=2.848383  err=0.000000  inc=-2.001617  bucket 0->0  (mf=1000)
[MF-SEL] tPrev=(  d=0.029587  dMin=0.000000  dAvg=0.025327  dMax=5.671441  Dlo=0.012664  Dhi=2.848384  err=0.000000  inc=-2.001617  bucket 0->0  (mf=1000)
[MF-SEL] tPrev=(  d=0.029555  dMin=0.000000  dAvg=0.025329  dMax=5.671441  Dlo=0.012664  Dhi=2.848385  err=0.000000  inc=-2.001617  bucket 0->0  (mf=1000)
[MF-SEL] tPrev=(  d=0.028600  dMin=0.000000  dAvg=0.025330  dMax=5.671441  Dlo=0.012665  Dhi=2.848385  err=0.000000  inc=-2.001617  bucket 0->0  (mf=1000)
[MF-SEL] tPrev=(  d=0.028686  dMin=0.000000  dAvg=0.025331  dMax=5.671441  Dlo=0.012665  Dhi=2.848386  err=0.000000  inc=-2.001617  bucket 0->0  (mf=1000)
[MF-SEL] tPrev=(  d=0.028492  dMin=0.000000  dAvg=0.025332  dMax=5.671441  Dlo=0.012666  Dhi=2.848386  err=0.000000  inc=-2.001617  bucket 0->0  (mf=1000)
[MF-SEL] tPrev=(  d=0.043314  dMin=0.000000  dAvg=0.025338  dMax=5.671441  Dlo=0.012669  Dhi=2.848390  err=0.000000  inc=-2.001617  bucket 0->0  (mf=1000)
[MF-SEL] tPrev=(  d=0.027337  dMin=0.000000  dAvg=0.025339  dMax=5.671441  Dlo=0.012670  Dhi=2.848390  err=0.000000  inc=-2.001617  bucket 0->0  (mf=1000)
[MF-SEL] tPrev=(  d=0.026835  dMin=0.000000  dAvg=0.025340  dMax=5.671441  Dlo=0.012670  Dhi=2.848390  err=0.000000  inc=-2.001617  bucket 0->0  (mf=1000)
[MF-SEL] tPrev=(  d=0.026177  dMin=0.000000  dAvg=0.025340  dMax=5.671441  Dlo=0.012670  Dhi=2.848390  err=0.000000  inc=-2.001617  bucket 0->0  (mf=1000)
[MF-SEL] tPrev=(  d=0.026260  dMin=0.000000  dAvg=0.025340  dMax=5.671441  Dlo=0.012670  Dhi=2.848390  err=0.000000  inc=-2.001617  bucket 0->0  (mf=1000)
[MF-SEL] tPrev=(  d=0.025987  dMin=0.000000  dAvg=0.025341  dMax=5.671441  Dlo=0.012670  Dhi=2.848391  err=0.000000  inc=-2.001617  bucket 0->0  (mf=1000)
[MF-SEL] tPrev=(  d=0.025676  dMin=0.000000  dAvg=0.025341  dMax=5.671441  Dlo=0.012670  Dhi=2.848391  err=0.000000  inc=-2.001617  bucket 0->0  (mf=1000)
[MF-SEL] tPrev=(  d=0.025077  dMin=0.000000  dAvg=0.025341  dMax=5.671441  Dlo=0.012670  Dhi=2.848391  err=0.000000  inc=-2.001617  bucket 0->0  (mf=1000)
[MF-SEL] tPrev=(  d=0.025202  dMin=0.000000  dAvg=0.025341  dMax=5.671441  Dlo=0.012670  Dhi=2.848391  err=0.000000  inc=-2.001617  bucket 0->0  (mf=1000)
[MF-SEL] tPrev=(  d=0.024995  dMin=0.000000  dAvg=0.025340  dMax=5.671441  Dlo=0.012670  Dhi=2.848391  err=0.000000  inc=-2.001617  bucket 0->0  (mf=1000)
[MF-SEL] tPrev=(  d=0.028792  dMin=0.000000  dAvg=0.025342  dMax=5.671441  Dlo=0.012671  Dhi=2.848391  err=0.000000  inc=-2.001617  bucket 0->0  (mf=1000)
[MF-SEL] tPrev=(  d=0.023645  dMin=0.000000  dAvg=0.025341  dMax=5.671441  Dlo=0.012671  Dhi=2.848391  err=0.000000  inc=-2.001617  bucket 0->0  (mf=1000)
[MF-SEL] tPrev=(  d=0.022594  dMin=0.000000  dAvg=0.025340  dMax=5.671441  Dlo=0.012670  Dhi=2.848390  err=0.000000  inc=-2.001617  bucket 0->0  (mf=1000)
[MF-SEL] tPrev=(  d=0.021669  dMin=0.000000  dAvg=0.025339  dMax=5.671441  Dlo=0.012669  Dhi=2.848390  err=0.000000  inc=-2.001617  bucket 0->0  (mf=1000)
[MF-SEL] tPrev=(  d=0.020713  dMin=0.000000  dAvg=0.025337  dMax=5.671441  Dlo=0.012669  Dhi=2.848389  err=0.000000  inc=-2.001617  bucket 0->0  (mf=1000)
[MF-SEL] tPrev=(  d=0.020320  dMin=0.000000  dAvg=0.025335  dMax=5.671441  Dlo=0.012668  Dhi=2.848388  err=0.000000  inc=-2.001617  bucket 0->0  (mf=1000)
[MF-SEL] tPrev=(  d=0.019099  dMin=0.000000  dAvg=0.025333  dMax=5.671441  Dlo=0.012667  Dhi=2.848387  err=0.000000  inc=-2.001617  bucket 0->0  (mf=1000)
[MF-SEL] tPrev=(  d=0.018030  dMin=0.000000  dAvg=0.025331  dMax=5.671441  Dlo=0.012665  Dhi=2.848386  err=0.000000  inc=-2.001617  bucket 0->0  (mf=1000)
[MF-SEL] tPrev=(  d=0.016615  dMin=0.000000  dAvg=0.025327  dMax=5.671441  Dlo=0.012664  Dhi=2.848384  err=0.000000  inc=-2.001617  bucket 0->0  (mf=1000)
[MF-SEL] tPrev=(  d=0.016088  dMin=0.000000  dAvg=0.025324  dMax=5.671441  Dlo=0.012662  Dhi=2.848382  err=0.000000  inc=-2.001617  bucket 0->0  (mf=1000)
[MF-SEL] tPrev=(  d=0.019400  dMin=0.000000  dAvg=0.025322  dMax=5.671441  Dlo=0.012661  Dhi=2.848381  err=0.000000  inc=-2.001617  bucket 0->0  (mf=1000)
[MF-SEL] tPrev=(  d=0.015532  dMin=0.000000  dAvg=0.025319  dMax=5.671441  Dlo=0.012659  Dhi=2.848380  err=0.000000  inc=-2.001617  bucket 0->0  (mf=1000)
[MF-SEL] tPrev=(  d=0.015098  dMin=0.000000  dAvg=0.025315  dMax=5.671441  Dlo=0.012658  Dhi=2.848378  err=0.000000  inc=-2.001617  bucket 0->0  (mf=1000)
[MF-SEL] tPrev=(  d=0.014922  dMin=0.000000  dAvg=0.025311  dMax=5.671441  Dlo=0.012656  Dhi=2.848376  err=0.000000  inc=-2.001617  bucket 0->0  (mf=1000)
[MF-SEL] tPrev=(  d=0.014599  dMin=0.000000  dAvg=0.025308  dMax=5.671441  Dlo=0.012654  Dhi=2.848374  err=0.000000  inc=-2.001617  bucket 0->0  (mf=1000)
[MF-SEL] tPrev=(  d=0.014513  dMin=0.000000  dAvg=0.025304  dMax=5.671441  Dlo=0.012652  Dhi=2.848372  err=0.000000  inc=-2.001617  bucket 0->0  (mf=1000)
[MF-SEL] tPrev=(  d=0.014236  dMin=0.000000  dAvg=0.025300  dMax=5.671441  Dlo=0.012650  Dhi=2.848370  err=0.000000  inc=-2.001617  bucket 0->0  (mf=1000)
[MF-SEL] tPrev=(  d=0.013704  dMin=0.000000  dAvg=0.025296  dMax=5.671441  Dlo=0.012648  Dhi=2.848368  err=0.000000  inc=-2.001617  bucket 0->0  (mf=1000)
[MF-SEL] tPrev=(  d=0.014244  dMin=0.000000  dAvg=0.025292  dMax=5.671441  Dlo=0.012646  Dhi=2.848366  err=0.000000  inc=-2.001617  bucket 0->0  (mf=1000)
[MF-SEL] tPrev=(  d=0.014898  dMin=0.000000  dAvg=0.025288  dMax=5.671441  Dlo=0.012644  Dhi=2.848364  err=0.000000  inc=-2.001617  bucket 0->0  (mf=1000)
[MF-SEL] tPrev=(  d=0.019180  dMin=0.000000  dAvg=0.025286  dMax=5.671441  Dlo=0.012643  Dhi=2.848363  err=0.000000  inc=-2.001617  bucket 0->0  (mf=1000)
[MF-SEL] tPrev=(  d=0.016882  dMin=0.000000  dAvg=0.025283  dMax=5.671441  Dlo=0.012642  Dhi=2.848362  err=0.000000  inc=-2.001617  bucket 0->0  (mf=1000)
[MF-SEL] tPrev=(  d=0.016990  dMin=0.000000  dAvg=0.025280  dMax=5.671441  Dlo=0.012640  Dhi=2.848360  err=0.000000  inc=-2.001617  bucket 0->0  (mf=1000)
[MF-SEL] tPrev=(  d=0.016834  dMin=0.000000  dAvg=0.025277  dMax=5.671441  Dlo=0.012639  Dhi=2.848359  err=0.000000  inc=-2.001617  bucket 0->0  (mf=1000)
[MF-SEL] tPrev=(  d=0.016864  dMin=0.000000  dAvg=0.025274  dMax=5.671441  Dlo=0.012637  Dhi=2.848357  err=0.000000  inc=-2.001617  bucket 0->0  (mf=1000)
[MF-SEL] tPrev=(  d=0.017002  dMin=0.000000  dAvg=0.025271  dMax=5.671441  Dlo=0.012636  Dhi=2.848356  err=0.000000  inc=-2.001617  bucket 0->0  (mf=1000)
[MF-SEL] tPrev=(  d=0.017314  dMin=0.000000  dAvg=0.025268  dMax=5.671441  Dlo=0.012634  Dhi=2.848355  err=0.000000  inc=-2.001617  bucket 0->0  (mf=1000)
[MF-SEL] tPrev=(  d=0.017636  dMin=0.000000  dAvg=0.025266  dMax=5.671441  Dlo=0.012633  Dhi=2.848353  err=0.000000  inc=-2.001617  bucket 0->0  (mf=1000)
[MF-SEL] tPrev=(  d=0.018063  dMin=0.000000  dAvg=0.025263  dMax=5.671441  Dlo=0.012632  Dhi=2.848352  err=0.000000  inc=-2.001617  bucket 0->0  (mf=1000)
[MF-SEL] tPrev=(  d=0.017899  dMin=0.000000  dAvg=0.025261  dMax=5.671441  Dlo=0.012630  Dhi=2.848351  err=0.000000  inc=-2.001617  bucket 0->0  (mf=1000)
[MF-SEL] tPrev=(  d=0.018708  dMin=0.000000  dAvg=0.025258  dMax=5.671441  Dlo=0.012629  Dhi=2.848349  err=0.000000  inc=-2.001617  bucket 0->0  (mf=1000)
[MF-SEL] tPrev=(  d=0.019226  dMin=0.000000  dAvg=0.025256  dMax=5.671441  Dlo=0.012628  Dhi=2.848348  err=0.000000  inc=-2.001617  bucket 0->0  (mf=1000)
[MF-SEL] tPrev=(  d=0.018521  dMin=0.000000  dAvg=0.025254  dMax=5.671441  Dlo=0.012627  Dhi=2.848347  err=0.000000  inc=-2.001617  bucket 0->0  (mf=1000)
[MF-SEL] tPrev=(  d=0.018098  dMin=0.000000  dAvg=0.025251  dMax=5.671441  Dlo=0.012626  Dhi=2.848346  err=0.000000  inc=-2.001617  bucket 0->0  (mf=1000)
[MF-SEL] tPrev=(  d=0.017905  dMin=0.000000  dAvg=0.025249  dMax=5.671441  Dlo=0.012624  Dhi=2.848345  err=0.000000  inc=-2.001617  bucket 0->0  (mf=1000)
[MF-SEL] tPrev=(  d=0.018134  dMin=0.000000  dAvg=0.025246  dMax=5.671441  Dlo=0.012623  Dhi=2.848343  err=0.000000  inc=-2.001617  bucket 0->0  (mf=1000)
[MF-SEL] tPrev=(  d=0.018112  dMin=0.000000  dAvg=0.025244  dMax=5.671441  Dlo=0.012622  Dhi=2.848342  err=0.000000  inc=-2.001617  bucket 0->0  (mf=1000)
[MF-SEL] tPrev=(  d=0.018150  dMin=0.000000  dAvg=0.025241  dMax=5.671441  Dlo=0.012621  Dhi=2.848341  err=0.000000  inc=-2.001617  bucket 0->0  (mf=1000)
[MF-SEL] tPrev=(  d=0.017899  dMin=0.000000  dAvg=0.025239  dMax=5.671441  Dlo=0.012619  Dhi=2.848340  err=0.000000  inc=-2.001617  bucket 0->0  (mf=1000)
[MF-SEL] tPrev=(  d=0.017037  dMin=0.000000  dAvg=0.025236  dMax=5.671441  Dlo=0.012618  Dhi=2.848338  err=0.000000  inc=-2.001617  bucket 0->0  (mf=1000)
[MF-SEL] tPrev=(  d=0.018568  dMin=0.000000  dAvg=0.025234  dMax=5.671441  Dlo=0.012617  Dhi=2.848337  err=0.000000  inc=-2.001617  bucket 0->0  (mf=1000)
[MF-SEL] tPrev=(  d=0.018671  dMin=0.000000  dAvg=0.025231  dMax=5.671441  Dlo=0.012616  Dhi=2.848336  err=0.000000  inc=-2.001617  bucket 0->0  (mf=1000)
[MF-SEL] tPrev=(  d=0.018772  dMin=0.000000  dAvg=0.025229  dMax=5.671441  Dlo=0.012614  Dhi=2.848335  err=0.000000  inc=-2.001617  bucket 0->0  (mf=1000)
[MF-SEL] tPrev=(  d=0.018824  dMin=0.000000  dAvg=0.025227  dMax=5.671441  Dlo=0.012613  Dhi=2.848334  err=0.000000  inc=-2.001617  bucket 0->0  (mf=1000)
[MF-SEL] tPrev=(  d=0.018723  dMin=0.000000  dAvg=0.025224  dMax=5.671441  Dlo=0.012612  Dhi=2.848333  err=0.000000  inc=-2.001617  bucket 0->0  (mf=1000)
[MF-SEL] tPrev=(  d=0.018655  dMin=0.000000  dAvg=0.025222  dMax=5.671441  Dlo=0.012611  Dhi=2.848331  err=0.000000  inc=-2.001617  bucket 0->0  (mf=1000)
[MF-SEL] tPrev=(  d=0.018635  dMin=0.000000  dAvg=0.025220  dMax=5.671441  Dlo=0.012610  Dhi=2.848330  err=0.000000  inc=-2.001617  bucket 0->0  (mf=1000)
[MF-SEL] tPrev=(  d=0.018463  dMin=0.000000  dAvg=0.025217  dMax=5.671441  Dlo=0.012609  Dhi=2.848329  err=0.000000  inc=-2.001617  bucket 0->0  (mf=1000)
[MF-SEL] tPrev=(  d=0.018855  dMin=0.000000  dAvg=0.025215  dMax=5.671441  Dlo=0.012608  Dhi=2.848328  err=0.000000  inc=-2.001617  bucket 0->0  (mf=1000)
[MF-SEL] tPrev=(  d=0.019014  dMin=0.000000  dAvg=0.025213  dMax=5.671441  Dlo=0.012607  Dhi=2.848327  err=0.000000  inc=-2.001617  bucket 0->0  (mf=1000)
[MF-SEL] tPrev=(  d=0.020500  dMin=0.000000  dAvg=0.025211  dMax=5.671441  Dlo=0.012606  Dhi=2.848326  err=0.000000  inc=-2.001617  bucket 0->0  (mf=1000)
[MF-SEL] tPrev=(  d=0.020980  dMin=0.000000  dAvg=0.025210  dMax=5.671441  Dlo=0.012605  Dhi=2.848325  err=0.000000  inc=-2.001617  bucket 0->0  (mf=1000)
[MF-SEL] tPrev=(  d=0.020262  dMin=0.000000  dAvg=0.025208  dMax=5.671441  Dlo=0.012604  Dhi=2.848324  err=0.000000  inc=-2.001617  bucket 0->0  (mf=1000)
[MF-SEL] tPrev=(  d=0.019725  dMin=0.000000  dAvg=0.025206  dMax=5.671441  Dlo=0.012603  Dhi=2.848323  err=0.000000  inc=-2.001617  bucket 0->0  (mf=1000)
[MF-SEL] tPrev=(  d=0.019358  dMin=0.000000  dAvg=0.025204  dMax=5.671441  Dlo=0.012602  Dhi=2.848322  err=0.000000  inc=-2.001617  bucket 0->0  (mf=1000)
[MF-SEL] tPrev=(  d=0.019089  dMin=0.000000  dAvg=0.025202  dMax=5.671441  Dlo=0.012601  Dhi=2.848321  err=0.000000  inc=-2.001617  bucket 0->0  (mf=1000)
[MF-SEL] tPrev=(  d=0.017784  dMin=0.000000  dAvg=0.025200  dMax=5.671441  Dlo=0.012600  Dhi=2.848320  err=0.000000  inc=-2.001617  bucket 0->0  (mf=1000)
[MF-SEL] tPrev=(  d=0.018306  dMin=0.000000  dAvg=0.025197  dMax=5.671441  Dlo=0.012599  Dhi=2.848319  err=0.000000  inc=-2.001617  bucket 0->0  (mf=1000)
[MF-SEL] tPrev=(  d=0.017959  dMin=0.000000  dAvg=0.025195  dMax=5.671441  Dlo=0.012597  Dhi=2.848318  err=0.000000  inc=-2.001617  bucket 0->0  (mf=1000)
[MF-SEL] tPrev=(  d=0.017822  dMin=0.000000  dAvg=0.025192  dMax=5.671441  Dlo=0.012596  Dhi=2.848316  err=0.000000  inc=-2.001617  bucket 0->0  (mf=1000)
[MF-SEL] tPrev=(  d=0.012272  dMin=0.000000  dAvg=0.025188  dMax=5.671441  Dlo=0.012594  Dhi=2.848314  err=-1.000000  inc=-2.932216  bucket 0->0  (mf=1000)
[MF-SEL] tPrev=(  d=0.017548  dMin=0.000000  dAvg=0.025185  dMax=5.671441  Dlo=0.012592  Dhi=2.848313  err=0.000000  inc=-1.671854  bucket 0->0  (mf=1000)
[MF-SEL] tPrev=(  d=0.016674  dMin=0.000000  dAvg=0.025182  dMax=5.671441  Dlo=0.012591  Dhi=2.848311  err=0.000000  inc=-2.004054  bucket 0->0  (mf=1000)
[MF-SEL] tPrev=(  d=0.017869  dMin=0.000000  dAvg=0.025179  dMax=5.671441  Dlo=0.012590  Dhi=2.848310  err=0.000000  inc=-2.004054  bucket 0->0  (mf=1000)
[MF-SEL] tPrev=(  d=0.019144  dMin=0.000000  dAvg=0.025177  dMax=5.671441  Dlo=0.012589  Dhi=2.848309  err=0.000000  inc=-2.004054  bucket 0->0  (mf=1000)
[MF-SEL] tPrev=(  d=0.020324  dMin=0.000000  dAvg=0.025176  dMax=5.671441  Dlo=0.012588  Dhi=2.848308  err=0.000000  inc=-2.004054  bucket 0->0  (mf=1000)
[MF-SEL] tPrev=(  d=0.022138  dMin=0.000000  dAvg=0.025175  dMax=5.671441  Dlo=0.012587  Dhi=2.848308  err=0.000000  inc=-2.004054  bucket 0->0  (mf=1000)
[MF-SEL] tPrev=(  d=0.022877  dMin=0.000000  dAvg=0.025174  dMax=5.671441  Dlo=0.012587  Dhi=2.848307  err=0.000000  inc=-2.004054  bucket 0->0  (mf=1000)
[MF-SEL] tPrev=(  d=0.023122  dMin=0.000000  dAvg=0.025173  dMax=5.671441  Dlo=0.012587  Dhi=2.848307  err=0.000000  inc=-2.004054  bucket 0->0  (mf=1000)
[MF-SEL] tPrev=(  d=0.023143  dMin=0.000000  dAvg=0.025172  dMax=5.671441  Dlo=0.012586  Dhi=2.848306  err=0.000000  inc=-2.004054  bucket 0->0  (mf=1000)
[MF-SEL] tPrev=(  d=0.027316  dMin=0.000000  dAvg=0.025173  dMax=5.671441  Dlo=0.012587  Dhi=2.848307  err=0.000000  inc=-2.004054  bucket 0->0  (mf=1000)
[MF-SEL] tPrev=(  d=0.021833  dMin=0.000000  dAvg=0.025172  dMax=5.671441  Dlo=0.012586  Dhi=2.848306  err=0.000000  inc=-2.004054  bucket 0->0  (mf=1000)
[MF-SEL] tPrev=(  d=0.021053  dMin=0.000000  dAvg=0.025171  dMax=5.671441  Dlo=0.012585  Dhi=2.848306  err=0.000000  inc=-2.004054  bucket 0->0  (mf=1000)
[MF-SEL] tPrev=(  d=0.020821  dMin=0.000000  dAvg=0.025169  dMax=5.671441  Dlo=0.012585  Dhi=2.848305  err=0.000000  inc=-2.004054  bucket 0->0  (mf=1000)
[MF-SEL] tPrev=(  d=0.019989  dMin=0.000000  dAvg=0.025167  dMax=5.671441  Dlo=0.012584  Dhi=2.848304  err=0.000000  inc=-2.004054  bucket 0->0  (mf=1000)
[MF-SEL] tPrev=(  d=0.019561  dMin=0.000000  dAvg=0.025165  dMax=5.671441  Dlo=0.012583  Dhi=2.848303  err=0.000000  inc=-2.004054  bucket 0->0  (mf=1000)
[MF-SEL] tPrev=(  d=0.018836  dMin=0.000000  dAvg=0.025163  dMax=5.671441  Dlo=0.012582  Dhi=2.848302  err=0.000000  inc=-2.004054  bucket 0->0  (mf=1000)
[MF-SEL] tPrev=(  d=0.018135  dMin=0.000000  dAvg=0.025161  dMax=5.671441  Dlo=0.012580  Dhi=2.848301  err=0.000000  inc=-2.004054  bucket 0->0  (mf=1000)
[MF-SEL] tPrev=(  d=0.017419  dMin=0.000000  dAvg=0.025158  dMax=5.671441  Dlo=0.012579  Dhi=2.848299  err=0.000000  inc=-2.004054  bucket 0->0  (mf=1000)
[MF-SEL] tPrev=(  d=0.017863  dMin=0.000000  dAvg=0.025155  dMax=5.671441  Dlo=0.012578  Dhi=2.848298  err=0.000000  inc=-2.004054  bucket 0->0  (mf=1000)
[MF-SEL] tPrev=(  d=0.026466  dMin=0.000000  dAvg=0.025156  dMax=5.671441  Dlo=0.012578  Dhi=2.848298  err=0.000000  inc=-2.004054  bucket 0->0  (mf=1000)
[MF-SEL] tPrev=(  d=0.016256  dMin=0.000000  dAvg=0.025153  dMax=5.671441  Dlo=0.012576  Dhi=2.848297  err=0.000000  inc=-2.004054  bucket 0->0  (mf=1000)
[MF-SEL] tPrev=(  d=0.017014  dMin=0.000000  dAvg=0.025150  dMax=5.671441  Dlo=0.012575  Dhi=2.848295  err=0.000000  inc=-2.004054  bucket 0->0  (mf=1000)
[MF-SEL] tPrev=(  d=0.016761  dMin=0.000000  dAvg=0.025147  dMax=5.671441  Dlo=0.012574  Dhi=2.848294  err=0.000000  inc=-2.004054  bucket 0->0  (mf=1000)
[MF-SEL] tPrev=(  d=0.017332  dMin=0.000000  dAvg=0.025144  dMax=5.671441  Dlo=0.012572  Dhi=2.848293  err=0.000000  inc=-2.004054  bucket 0->0  (mf=1000)
[MF-SEL] tPrev=(  d=0.018121  dMin=0.000000  dAvg=0.025142  dMax=5.671441  Dlo=0.012571  Dhi=2.848291  err=0.000000  inc=-2.004054  bucket 0->0  (mf=1000)
[MF-SEL] tPrev=(  d=0.018885  dMin=0.000000  dAvg=0.025140  dMax=5.671441  Dlo=0.012570  Dhi=2.848290  err=0.000000  inc=-2.004054  bucket 0->0  (mf=1000)
[MF-SEL] tPrev=(  d=0.020382  dMin=0.000000  dAvg=0.025138  dMax=5.671441  Dlo=0.012569  Dhi=2.848289  err=0.000000  inc=-2.004054  bucket 0->0  (mf=1000)
[MF-SEL] tPrev=(  d=0.021349  dMin=0.000000  dAvg=0.025137  dMax=5.671441  Dlo=0.012568  Dhi=2.848289  err=0.000000  inc=-2.004054  bucket 0->0  (mf=1000)
[MF-SEL] tPrev=(  d=0.022106  dMin=0.000000  dAvg=0.025136  dMax=5.671441  Dlo=0.012568  Dhi=2.848288  err=0.000000  inc=-2.004054  bucket 0->0  (mf=1000)
[MF-SEL] tPrev=(  d=0.028220  dMin=0.000000  dAvg=0.025137  dMax=5.671441  Dlo=0.012568  Dhi=2.848289  err=0.000000  inc=-2.004054  bucket 0->0  (mf=1000)
[MF-SEL] tPrev=(  d=0.024894  dMin=0.000000  dAvg=0.025137  dMax=5.671441  Dlo=0.012568  Dhi=2.848289  err=0.000000  inc=-2.004054  bucket 0->0  (mf=1000)
[MF-SEL] tPrev=(  d=0.026375  dMin=0.000000  dAvg=0.025137  dMax=5.671441  Dlo=0.012569  Dhi=2.848289  err=0.000000  inc=-2.004054  bucket 0->0  (mf=1000)
[MF-SEL] tPrev=(  d=0.027128  dMin=0.000000  dAvg=0.025138  dMax=5.671441  Dlo=0.012569  Dhi=2.848289  err=0.000000  inc=-2.004054  bucket 0->0  (mf=1000)
[MF-SEL] tPrev=(  d=0.027247  dMin=0.000000  dAvg=0.025139  dMax=5.671441  Dlo=0.012569  Dhi=2.848290  err=0.000000  inc=-2.004054  bucket 0->0  (mf=1000)
[MF-SEL] tPrev=(  d=0.026476  dMin=0.000000  dAvg=0.025139  dMax=5.671441  Dlo=0.012570  Dhi=2.848290  err=0.000000  inc=-2.004054  bucket 0->0  (mf=1000)
[MF-SEL] tPrev=(  d=0.025374  dMin=0.000000  dAvg=0.025139  dMax=5.671441  Dlo=0.012570  Dhi=2.848290  err=0.000000  inc=-2.004054  bucket 0->0  (mf=1000)
[MF-SEL] tPrev=(  d=0.023539  dMin=0.000000  dAvg=0.025139  dMax=5.671441  Dlo=0.012569  Dhi=2.848290  err=0.000000  inc=-2.004054  bucket 0->0  (mf=1000)
[MF-SEL] tPrev=(  d=0.022123  dMin=0.000000  dAvg=0.025138  dMax=5.671441  Dlo=0.012569  Dhi=2.848289  err=0.000000  inc=-2.004054  bucket 0->0  (mf=1000)
[MF-SEL] tPrev=(  d=0.020576  dMin=0.000000  dAvg=0.025136  dMax=5.671441  Dlo=0.012568  Dhi=2.848288  err=0.000000  inc=-2.004054  bucket 0->0  (mf=1000)
[MF-SEL] tPrev=(  d=0.020031  dMin=0.000000  dAvg=0.025134  dMax=5.671441  Dlo=0.012567  Dhi=2.848287  err=0.000000  inc=-2.004054  bucket 0->0  (mf=1000)
[MF-SEL] tPrev=(  d=0.018315  dMin=0.000000  dAvg=0.025132  dMax=5.671441  Dlo=0.012566  Dhi=2.848286  err=0.000000  inc=-2.004054  bucket 0->0  (mf=1000)
[MF-SEL] tPrev=(  d=0.016998  dMin=0.000000  dAvg=0.025129  dMax=5.671441  Dlo=0.012565  Dhi=2.848285  err=0.000000  inc=-2.004054  bucket 0->0  (mf=1000)
[MF-SEL] tPrev=(  d=0.015694  dMin=0.000000  dAvg=0.025126  dMax=5.671441  Dlo=0.012563  Dhi=2.848283  err=0.000000  inc=-2.004054  bucket 0->0  (mf=1000)
[MF-SEL] tPrev=(  d=0.014290  dMin=0.000000  dAvg=0.025122  dMax=5.671441  Dlo=0.012561  Dhi=2.848281  err=0.000000  inc=-2.004054  bucket 0->0  (mf=1000)
[MF-SEL] tPrev=(  d=0.012950  dMin=0.000000  dAvg=0.025118  dMax=5.671441  Dlo=0.012559  Dhi=2.848279  err=0.000000  inc=-2.004054  bucket 0->0  (mf=1000)
[MF-SEL] tPrev=(  d=0.011737  dMin=0.000000  dAvg=0.025114  dMax=5.671441  Dlo=0.012557  Dhi=2.848277  err=-1.000000  inc=-2.911000  bucket 0->0  (mf=1000)
[MF-SEL] tPrev=(  d=0.010831  dMin=0.000000  dAvg=0.025109  dMax=5.671441  Dlo=0.012554  Dhi=2.848275  err=-1.000000  inc=-2.609296  bucket 0->0  (mf=1000)
[MF-SEL] tPrev=(  d=0.009726  dMin=0.000000  dAvg=0.025103  dMax=5.671441  Dlo=0.012552  Dhi=2.848272  err=-1.000000  inc=-2.611790  bucket 0->0  (mf=1000)
[MF-SEL] tPrev=(  d=0.008935  dMin=0.000000  dAvg=0.025098  dMax=5.671441  Dlo=0.012549  Dhi=2.848269  err=-1.000000  inc=-2.614193  bucket 0->0  (mf=1000)
[MF-SEL] tPrev=(  d=0.006599  dMin=0.000000  dAvg=0.025092  dMax=5.671441  Dlo=0.012546  Dhi=2.848266  err=-1.000000  inc=-2.616721  bucket 0->0  (mf=1000)
[MF-SEL] tPrev=(  d=0.008566  dMin=0.000000  dAvg=0.025086  dMax=5.671441  Dlo=0.012543  Dhi=2.848263  err=-1.000000  inc=-2.619183  bucket 0->0  (mf=1000)
[MF-SEL] tPrev=(  d=0.008114  dMin=0.000000  dAvg=0.025080  dMax=5.671441  Dlo=0.012540  Dhi=2.848260  err=-1.000000  inc=-2.621831  bucket 0->0  (mf=1000)
[MF-SEL] tPrev=(  d=0.007997  dMin=0.000000  dAvg=0.025074  dMax=5.671441  Dlo=0.012537  Dhi=2.848257  err=-1.000000  inc=-2.624425  bucket 0->0  (mf=1000)
[MF-SEL] tPrev=(  d=0.007985  dMin=0.000000  dAvg=0.025068  dMax=5.671441  Dlo=0.012534  Dhi=2.848255  err=-1.000000  inc=-2.627052  bucket 0->0  (mf=1000)
[MF-SEL] tPrev=(  d=0.008693  dMin=0.000000  dAvg=0.025063  dMax=5.671441  Dlo=0.012531  Dhi=2.848252  err=-1.000000  inc=-2.629636  bucket 0->0  (mf=1000)
[MF-SEL] tPrev=(  d=0.009147  dMin=0.000000  dAvg=0.025057  dMax=5.671441  Dlo=0.012529  Dhi=2.848249  err=-1.000000  inc=-2.632256  bucket 0->0  (mf=1000)
[MF-SEL] tPrev=(  d=0.008639  dMin=0.000000  dAvg=0.025052  dMax=5.671441  Dlo=0.012526  Dhi=2.848246  err=-1.000000  inc=-2.634882  bucket 0->0  (mf=1000)
[MF-SEL] tPrev=(  d=0.007428  dMin=0.000000  dAvg=0.025046  dMax=5.671441  Dlo=0.012523  Dhi=2.848243  err=-1.000000  inc=-2.637461  bucket 0->0  (mf=1000)
[MF-SEL] tPrev=(  d=0.006438  dMin=0.000000  dAvg=0.025039  dMax=5.671441  Dlo=0.012520  Dhi=2.848240  err=-1.000000  inc=-2.639814  bucket 0->0  (mf=1000)
[MF-SEL] tPrev=(  d=0.003149  dMin=0.000000  dAvg=0.025032  dMax=5.671441  Dlo=0.012516  Dhi=2.848236  err=-1.000000  inc=-2.642575  bucket 0->0  (mf=1000)
[MF-SEL] tPrev=(  d=0.006220  dMin=0.000000  dAvg=0.025026  dMax=5.671441  Dlo=0.012513  Dhi=2.848233  err=-1.000000  inc=-2.645066  bucket 0->0  (mf=1000)
[MF-SEL] tPrev=(  d=0.008079  dMin=0.000000  dAvg=0.025020  dMax=5.671441  Dlo=0.012510  Dhi=2.848230  err=-1.000000  inc=-2.647680  bucket 0->0  (mf=1000)
[MF-SEL] tPrev=(  d=0.009174  dMin=0.000000  dAvg=0.025014  dMax=5.671441  Dlo=0.012507  Dhi=2.848228  err=-1.000000  inc=-2.650380  bucket 0->0  (mf=1000)
[MF-SEL] tPrev=(  d=0.010049  dMin=0.000000  dAvg=0.025009  dMax=5.671441  Dlo=0.012505  Dhi=2.848225  err=-1.000000  inc=-2.653149  bucket 0->0  (mf=1000)
[MF-SEL] tPrev=(  d=0.010386  dMin=0.000000  dAvg=0.025004  dMax=5.671441  Dlo=0.012502  Dhi=2.848222  err=-1.000000  inc=-2.655638  bucket 0->0  (mf=1000)
[MF-SEL] tPrev=(  d=0.012229  dMin=0.000000  dAvg=0.025000  dMax=5.671441  Dlo=0.012500  Dhi=2.848220  err=-1.000000  inc=-2.658247  bucket 0->0  (mf=1000)
[MF-SEL] tPrev=(  d=0.015658  dMin=0.000000  dAvg=0.024997  dMax=5.671441  Dlo=0.012498  Dhi=2.848219  err=0.000000  inc=-1.744606  bucket 0->0  (mf=1000)
[MF-SEL] tPrev=(  d=0.016989  dMin=0.000000  dAvg=0.024994  dMax=5.671441  Dlo=0.012497  Dhi=2.848217  err=0.000000  inc=-2.058247  bucket 0->0  (mf=1000)
[MF-SEL] tPrev=(  d=0.017821  dMin=0.000000  dAvg=0.024992  dMax=5.671441  Dlo=0.012496  Dhi=2.848216  err=0.000000  inc=-2.058247  bucket 0->0  (mf=1000)
[MF-SEL] tPrev=(  d=0.012836  dMin=0.000000  dAvg=0.024988  dMax=5.671441  Dlo=0.012494  Dhi=2.848214  err=0.000000  inc=-2.058247  bucket 0->0  (mf=1000)
[MF-SEL] tPrev=(  d=0.020244  dMin=0.000000  dAvg=0.024986  dMax=5.671441  Dlo=0.012493  Dhi=2.848213  err=0.000000  inc=-2.058247  bucket 0->0  (mf=1000)
[MF-SEL] tPrev=(  d=0.020539  dMin=0.000000  dAvg=0.024984  dMax=5.671441  Dlo=0.012492  Dhi=2.848213  err=0.000000  inc=-2.058247  bucket 0->0  (mf=1000)
[MF-SEL] tPrev=(  d=0.019773  dMin=0.000000  dAvg=0.024983  dMax=5.671441  Dlo=0.012491  Dhi=2.848212  err=0.000000  inc=-2.058247  bucket 0->0  (mf=1000)
[MF-SEL] tPrev=(  d=0.018857  dMin=0.000000  dAvg=0.024981  dMax=5.671441  Dlo=0.012490  Dhi=2.848211  err=0.000000  inc=-2.058247  bucket 0->0  (mf=1000)
[MF-SEL] tPrev=(  d=0.021498  dMin=0.000000  dAvg=0.024979  dMax=5.671441  Dlo=0.012490  Dhi=2.848210  err=0.000000  inc=-2.058247  bucket 0->0  (mf=1000)
[MF-SEL] tPrev=(  d=0.018670  dMin=0.000000  dAvg=0.024977  dMax=5.671441  Dlo=0.012489  Dhi=2.848209  err=0.000000  inc=-2.058247  bucket 0->0  (mf=1000)
[MF-SEL] tPrev=(  d=0.021109  dMin=0.000000  dAvg=0.024976  dMax=5.671441  Dlo=0.012488  Dhi=2.848208  err=0.000000  inc=-2.058247  bucket 0->0  (mf=1000)
[MF-SEL] tPrev=(  d=0.021466  dMin=0.000000  dAvg=0.024975  dMax=5.671441  Dlo=0.012487  Dhi=2.848208  err=0.000000  inc=-2.058247  bucket 0->0  (mf=1000)
[MF-SEL] tPrev=(  d=0.018249  dMin=0.000000  dAvg=0.024972  dMax=5.671441  Dlo=0.012486  Dhi=2.848207  err=0.000000  inc=-2.058247  bucket 0->0  (mf=1000)
[MF-SEL] tPrev=(  d=0.030328  dMin=0.000000  dAvg=0.024974  dMax=5.671441  Dlo=0.012487  Dhi=2.848207  err=0.000000  inc=-2.058247  bucket 0->0  (mf=1000)
[MF-SEL] tPrev=(  d=0.016068  dMin=0.000000  dAvg=0.024971  dMax=5.671441  Dlo=0.012486  Dhi=2.848206  err=0.000000  inc=-2.058247  bucket 0->0  (mf=1000)
[MF-SEL] tPrev=(  d=0.017175  dMin=0.000000  dAvg=0.024969  dMax=5.671441  Dlo=0.012484  Dhi=2.848205  err=0.000000  inc=-2.058247  bucket 0->0  (mf=1000)
[MF-SEL] tPrev=(  d=0.018605  dMin=0.000000  dAvg=0.024967  dMax=5.671441  Dlo=0.012483  Dhi=2.848204  err=0.000000  inc=-2.058247  bucket 0->0  (mf=1000)
[MF-SEL] tPrev=(  d=0.019949  dMin=0.000000  dAvg=0.024965  dMax=5.671441  Dlo=0.012482  Dhi=2.848203  err=0.000000  inc=-2.058247  bucket 0->0  (mf=1000)
[MF-SEL] tPrev=(  d=0.021145  dMin=0.000000  dAvg=0.024964  dMax=5.671441  Dlo=0.012482  Dhi=2.848202  err=0.000000  inc=-2.058247  bucket 0->0  (mf=1000)
[MF-SEL] tPrev=(  d=0.022872  dMin=0.000000  dAvg=0.024963  dMax=5.671441  Dlo=0.012481  Dhi=2.848202  err=0.000000  inc=-2.058247  bucket 0->0  (mf=1000)
[MF-SEL] tPrev=(  d=0.024771  dMin=0.000000  dAvg=0.024963  dMax=5.671441  Dlo=0.012481  Dhi=2.848202  err=0.000000  inc=-2.058247  bucket 0->0  (mf=1000)
[MF-SEL] tPrev=(  d=0.026422  dMin=0.000000  dAvg=0.024963  dMax=5.671441  Dlo=0.012482  Dhi=2.848202  err=0.000000  inc=-2.058247  bucket 0->0  (mf=1000)
[MF-SEL] tPrev=(  d=0.027306  dMin=0.000000  dAvg=0.024964  dMax=5.671441  Dlo=0.012482  Dhi=2.848202  err=0.000000  inc=-2.058247  bucket 0->0  (mf=1000)
[MF-SEL] tPrev=(  d=0.036012  dMin=0.000000  dAvg=0.024968  dMax=5.671441  Dlo=0.012484  Dhi=2.848204  err=0.000000  inc=-2.058247  bucket 0->0  (mf=1000)
[MF-SEL] tPrev=(  d=0.025386  dMin=0.000000  dAvg=0.024968  dMax=5.671441  Dlo=0.012484  Dhi=2.848204  err=0.000000  inc=-2.058247  bucket 0->0  (mf=1000)
[MF-SEL] tPrev=(  d=0.024807  dMin=0.000000  dAvg=0.024968  dMax=5.671441  Dlo=0.012484  Dhi=2.848204  err=0.000000  inc=-2.058247  bucket 0->0  (mf=1000)
[MF-SEL] tPrev=(  d=0.024578  dMin=0.000000  dAvg=0.024968  dMax=5.671441  Dlo=0.012484  Dhi=2.848204  err=0.000000  inc=-2.058247  bucket 0->0  (mf=1000)
[MF-SEL] tPrev=(  d=0.023969  dMin=0.000000  dAvg=0.024967  dMax=5.671441  Dlo=0.012484  Dhi=2.848204  err=0.000000  inc=-2.058247  bucket 0->0  (mf=1000)
[MF-SEL] tPrev=(  d=0.023689  dMin=0.000000  dAvg=0.024967  dMax=5.671441  Dlo=0.012483  Dhi=2.848204  err=0.000000  inc=-2.058247  bucket 0->0  (mf=1000)
[MF-SEL] tPrev=(  d=0.023271  dMin=0.000000  dAvg=0.024966  dMax=5.671441  Dlo=0.012483  Dhi=2.848203  err=0.000000  inc=-2.058247  bucket 0->0  (mf=1000)
[MF-SEL] tPrev=(  d=0.023288  dMin=0.000000  dAvg=0.024966  dMax=5.671441  Dlo=0.012483  Dhi=2.848203  err=0.000000  inc=-2.058247  bucket 0->0  (mf=1000)
[MF-SEL] tPrev=(  d=0.023056  dMin=0.000000  dAvg=0.024965  dMax=5.671441  Dlo=0.012483  Dhi=2.848203  err=0.000000  inc=-2.058247  bucket 0->0  (mf=1000)
[MF-SEL] tPrev=(  d=0.023099  dMin=0.000000  dAvg=0.024965  dMax=5.671441  Dlo=0.012482  Dhi=2.848203  err=0.000000  inc=-2.058247  bucket 0->0  (mf=1000)
[MF-SEL] tPrev=(  d=0.023552  dMin=0.000000  dAvg=0.024964  dMax=5.671441  Dlo=0.012482  Dhi=2.848202  err=0.000000  inc=-2.058247  bucket 0->0  (mf=1000)
[MF-SEL] tPrev=(  d=0.023415  dMin=0.000000  dAvg=0.024964  dMax=5.671441  Dlo=0.012482  Dhi=2.848202  err=0.000000  inc=-2.058247  bucket 0->0  (mf=1000)
[MF-SEL] tPrev=(  d=0.023257  dMin=0.000000  dAvg=0.024963  dMax=5.671441  Dlo=0.012481  Dhi=2.848202  err=0.000000  inc=-2.058247  bucket 0->0  (mf=1000)
[MF-SEL] tPrev=(  d=0.022886  dMin=0.000000  dAvg=0.024962  dMax=5.671441  Dlo=0.012481  Dhi=2.848201  err=0.000000  inc=-2.058247  bucket 0->0  (mf=1000)
[MF-SEL] tPrev=(  d=0.022935  dMin=0.000000  dAvg=0.024962  dMax=5.671441  Dlo=0.012481  Dhi=2.848201  err=0.000000  inc=-2.058247  bucket 0->0  (mf=1000)
[MF-SEL] tPrev=(  d=0.022822  dMin=0.000000  dAvg=0.024961  dMax=5.671441  Dlo=0.012480  Dhi=2.848201  err=0.000000  inc=-2.058247  bucket 0->0  (mf=1000)
[MF-SEL] tPrev=(  d=0.023103  dMin=0.000000  dAvg=0.024960  dMax=5.671441  Dlo=0.012480  Dhi=2.848200  err=0.000000  inc=-2.058247  bucket 0->0  (mf=1000)
[MF-SEL] tPrev=(  d=0.023599  dMin=0.000000  dAvg=0.024960  dMax=5.671441  Dlo=0.012480  Dhi=2.848200  err=0.000000  inc=-2.058247  bucket 0->0  (mf=1000)
[MF-SEL] tPrev=(  d=0.024542  dMin=0.000000  dAvg=0.024960  dMax=5.671441  Dlo=0.012480  Dhi=2.848200  err=0.000000  inc=-2.058247  bucket 0->0  (mf=1000)
[MF-SEL] tPrev=(  d=0.024517  dMin=0.000000  dAvg=0.024960  dMax=5.671441  Dlo=0.012480  Dhi=2.848200  err=0.000000  inc=-2.058247  bucket 0->0  (mf=1000)
[MF-SEL] tPrev=(  d=0.021507  dMin=0.000000  dAvg=0.024958  dMax=5.671441  Dlo=0.012479  Dhi=2.848199  err=0.000000  inc=-2.058247  bucket 0->0  (mf=1000)
[MF-SEL] tPrev=(  d=0.026146  dMin=0.000000  dAvg=0.024959  dMax=5.671441  Dlo=0.012479  Dhi=2.848200  err=0.000000  inc=-2.058247  bucket 0->0  (mf=1000)
[MF-SEL] tPrev=(  d=0.026002  dMin=0.000000  dAvg=0.024959  dMax=5.671441  Dlo=0.012480  Dhi=2.848200  err=0.000000  inc=-2.058247  bucket 0->0  (mf=1000)
[MF-SEL] tPrev=(  d=0.025895  dMin=0.000000  dAvg=0.024959  dMax=5.671441  Dlo=0.012480  Dhi=2.848200  err=0.000000  inc=-2.058247  bucket 0->0  (mf=1000)
[MF-SEL] tPrev=(  d=0.026194  dMin=0.000000  dAvg=0.024960  dMax=5.671441  Dlo=0.012480  Dhi=2.848200  err=0.000000  inc=-2.058247  bucket 0->0  (mf=1000)
[MF-SEL] tPrev=(  d=0.026388  dMin=0.000000  dAvg=0.024960  dMax=5.671441  Dlo=0.012480  Dhi=2.848200  err=0.000000  inc=-2.058247  bucket 0->0  (mf=1000)
[MF-SEL] tPrev=(  d=0.026595  dMin=0.000000  dAvg=0.024961  dMax=5.671441  Dlo=0.012480  Dhi=2.848201  err=0.000000  inc=-2.058247  bucket 0->0  (mf=1000)
[MF-SEL] tPrev=(  d=0.026640  dMin=0.000000  dAvg=0.024961  dMax=5.671441  Dlo=0.012481  Dhi=2.848201  err=0.000000  inc=-2.058247  bucket 0->0  (mf=1000)
[MF-SEL] tPrev=(  d=0.026933  dMin=0.000000  dAvg=0.024962  dMax=5.671441  Dlo=0.012481  Dhi=2.848201  err=0.000000  inc=-2.058247  bucket 0->0  (mf=1000)
[MF-SEL] tPrev=(  d=0.026632  dMin=0.000000  dAvg=0.024963  dMax=5.671441  Dlo=0.012481  Dhi=2.848202  err=0.000000  inc=-2.058247  bucket 0->0  (mf=1000)
[MF-SEL] tPrev=(  d=0.019904  dMin=0.000000  dAvg=0.024961  dMax=5.671441  Dlo=0.012480  Dhi=2.848201  err=0.000000  inc=-2.058247  bucket 0->0  (mf=1000)
[MF-SEL] tPrev=(  d=0.030138  dMin=0.000000  dAvg=0.024963  dMax=5.671441  Dlo=0.012481  Dhi=2.848202  err=0.000000  inc=-2.058247  bucket 0->0  (mf=1000)
[MF-SEL] tPrev=(  d=0.030497  dMin=0.000000  dAvg=0.024965  dMax=5.671441  Dlo=0.012482  Dhi=2.848203  err=0.000000  inc=-2.058247  bucket 0->0  (mf=1000)
[MF-SEL] tPrev=(  d=0.030301  dMin=0.000000  dAvg=0.024966  dMax=5.671441  Dlo=0.012483  Dhi=2.848203  err=0.000000  inc=-2.058247  bucket 0->0  (mf=1000)
[MF-SEL] tPrev=(  d=0.031075  dMin=0.000000  dAvg=0.024968  dMax=5.671441  Dlo=0.012484  Dhi=2.848204  err=0.000000  inc=-2.058247  bucket 0->0  (mf=1000)
[MF-SEL] tPrev=(  d=0.031021  dMin=0.000000  dAvg=0.024970  dMax=5.671441  Dlo=0.012485  Dhi=2.848205  err=0.000000  inc=-2.058247  bucket 0->0  (mf=1000)
[MF-SEL] tPrev=(  d=0.030438  dMin=0.000000  dAvg=0.024972  dMax=5.671441  Dlo=0.012486  Dhi=2.848206  err=0.000000  inc=-2.058247  bucket 0->0  (mf=1000)
[MF-SEL] tPrev=(  d=0.030221  dMin=0.000000  dAvg=0.024974  dMax=5.671441  Dlo=0.012487  Dhi=2.848207  err=0.000000  inc=-2.058247  bucket 0->0  (mf=1000)
[MF-SEL] tPrev=(  d=0.030042  dMin=0.000000  dAvg=0.024976  dMax=5.671441  Dlo=0.012488  Dhi=2.848208  err=0.000000  inc=-2.058247  bucket 0->0  (mf=1000)
[MF-SEL] tPrev=(  d=0.030235  dMin=0.000000  dAvg=0.024977  dMax=5.671441  Dlo=0.012489  Dhi=2.848209  err=0.000000  inc=-2.058247  bucket 0->0  (mf=1000)
[MF-SEL] tPrev=(  d=0.019707  dMin=0.000000  dAvg=0.024976  dMax=5.671441  Dlo=0.012488  Dhi=2.848208  err=0.000000  inc=-2.058247  bucket 0->0  (mf=1000)
[MF-SEL] tPrev=(  d=0.030704  dMin=0.000000  dAvg=0.024978  dMax=5.671441  Dlo=0.012489  Dhi=2.848209  err=0.000000  inc=-2.058247  bucket 0->0  (mf=1000)
[MF-SEL] tPrev=(  d=0.030523  dMin=0.000000  dAvg=0.024979  dMax=5.671441  Dlo=0.012490  Dhi=2.848210  err=0.000000  inc=-2.058247  bucket 0->0  (mf=1000)
[MF-SEL] tPrev=(  d=0.030101  dMin=0.000000  dAvg=0.024981  dMax=5.671441  Dlo=0.012491  Dhi=2.848211  err=0.000000  inc=-2.058247  bucket 0->0  (mf=1000)
[MF-SEL] tPrev=(  d=0.029816  dMin=0.000000  dAvg=0.024983  dMax=5.671441  Dlo=0.012491  Dhi=2.848212  err=0.000000  inc=-2.058247  bucket 0->0  (mf=1000)
[MF-SEL] tPrev=(  d=0.029464  dMin=0.000000  dAvg=0.024984  dMax=5.671441  Dlo=0.012492  Dhi=2.848212  err=0.000000  inc=-2.058247  bucket 0->0  (mf=1000)
[MF-SEL] tPrev=(  d=0.028866  dMin=0.000000  dAvg=0.024985  dMax=5.671441  Dlo=0.012493  Dhi=2.848213  err=0.000000  inc=-2.058247  bucket 0->0  (mf=1000)
[MF-SEL] tPrev=(  d=0.028286  dMin=0.000000  dAvg=0.024987  dMax=5.671441  Dlo=0.012493  Dhi=2.848214  err=0.000000  inc=-2.058247  bucket 0->0  (mf=1000)
[MF-SEL] tPrev=(  d=0.027962  dMin=0.000000  dAvg=0.024988  dMax=5.671441  Dlo=0.012494  Dhi=2.848214  err=0.000000  inc=-2.058247  bucket 0->0  (mf=1000)
[MF-SEL] tPrev=(  d=0.027929  dMin=0.000000  dAvg=0.024988  dMax=5.671441  Dlo=0.012494  Dhi=2.848215  err=0.000000  inc=-2.058247  bucket 0->0  (mf=1000)
[MF-SEL] tPrev=(  d=0.032214  dMin=0.000000  dAvg=0.024991  dMax=5.671441  Dlo=0.012495  Dhi=2.848216  err=0.000000  inc=-2.058247  bucket 0->0  (mf=1000)
[MF-SEL] tPrev=(  d=0.027511  dMin=0.000000  dAvg=0.024992  dMax=5.671441  Dlo=0.012496  Dhi=2.848216  err=0.000000  inc=-2.058247  bucket 0->0  (mf=1000)
[MF-SEL] tPrev=(  d=0.026428  dMin=0.000000  dAvg=0.024992  dMax=5.671441  Dlo=0.012496  Dhi=2.848216  err=0.000000  inc=-2.058247  bucket 0->0  (mf=1000)
[MF-SEL] tPrev=(  d=0.024404  dMin=0.000000  dAvg=0.024992  dMax=5.671441  Dlo=0.012496  Dhi=2.848216  err=0.000000  inc=-2.058247  bucket 0->0  (mf=1000)
[MF-SEL] tPrev=(  d=0.023040  dMin=0.000000  dAvg=0.024991  dMax=5.671441  Dlo=0.012496  Dhi=2.848216  err=0.000000  inc=-2.058247  bucket 0->0  (mf=1000)
[MF-SEL] tPrev=(  d=0.022332  dMin=0.000000  dAvg=0.024990  dMax=5.671441  Dlo=0.012495  Dhi=2.848216  err=0.000000  inc=-2.058247  bucket 0->0  (mf=1000)
[MF-SEL] tPrev=(  d=0.021916  dMin=0.000000  dAvg=0.024989  dMax=5.671441  Dlo=0.012495  Dhi=2.848215  err=0.000000  inc=-2.058247  bucket 0->0  (mf=1000)
[MF-SEL] tPrev=(  d=0.019096  dMin=0.000000  dAvg=0.024988  dMax=5.671441  Dlo=0.012494  Dhi=2.848214  err=0.000000  inc=-2.058247  bucket 0->0  (mf=1000)
[MF-SEL] tPrev=(  d=0.022407  dMin=0.000000  dAvg=0.024987  dMax=5.671441  Dlo=0.012493  Dhi=2.848214  err=0.000000  inc=-2.058247  bucket 0->0  (mf=1000)
[MF-SEL] tPrev=(  d=0.021809  dMin=0.000000  dAvg=0.024986  dMax=5.671441  Dlo=0.012493  Dhi=2.848213  err=0.000000  inc=-2.058247  bucket 0->0  (mf=1000)
[MF-SEL] tPrev=(  d=0.020733  dMin=0.000000  dAvg=0.024984  dMax=5.671441  Dlo=0.012492  Dhi=2.848212  err=0.000000  inc=-2.058247  bucket 0->0  (mf=1000)
[MF-SEL] tPrev=(  d=0.019153  dMin=0.000000  dAvg=0.024982  dMax=5.671441  Dlo=0.012491  Dhi=2.848211  err=0.000000  inc=-2.058247  bucket 0->0  (mf=1000)
[MF-SEL] tPrev=(  d=0.017979  dMin=0.000000  dAvg=0.024980  dMax=5.671441  Dlo=0.012490  Dhi=2.848210  err=0.000000  inc=-2.058247  bucket 0->0  (mf=1000)
[MF-SEL] tPrev=(  d=0.015728  dMin=0.000000  dAvg=0.024977  dMax=5.671441  Dlo=0.012488  Dhi=2.848209  err=0.000000  inc=-2.058247  bucket 0->0  (mf=1000)
[MF-SEL] tPrev=(  d=0.013441  dMin=0.000000  dAvg=0.024973  dMax=5.671441  Dlo=0.012487  Dhi=2.848207  err=0.000000  inc=-2.058247  bucket 0->0  (mf=1000)
[MF-SEL] tPrev=(  d=0.011250  dMin=0.000000  dAvg=0.024969  dMax=5.671441  Dlo=0.012484  Dhi=2.848205  err=-1.000000  inc=-3.024847  bucket 0->0  (mf=1000)
[MF-SEL] tPrev=(  d=0.009325  dMin=0.000000  dAvg=0.024963  dMax=5.671441  Dlo=0.012482  Dhi=2.848202  err=-1.000000  inc=-2.662695  bucket 0->0  (mf=1000)
[MF-SEL] tPrev=(  d=0.014666  dMin=0.000000  dAvg=0.024960  dMax=5.671441  Dlo=0.012480  Dhi=2.848200  err=0.000000  inc=-1.723145  bucket 0->0  (mf=1000)
[MF-SEL] tPrev=(  d=0.007579  dMin=0.000000  dAvg=0.024954  dMax=5.671441  Dlo=0.012477  Dhi=2.848197  err=-1.000000  inc=-3.028006  bucket 0->0  (mf=1000)
[MF-SEL] tPrev=(  d=0.007521  dMin=0.000000  dAvg=0.024949  dMax=5.671441  Dlo=0.012474  Dhi=2.848195  err=-1.000000  inc=-2.667325  bucket 0->0  (mf=1000)
[MF-SEL] tPrev=(  d=0.007499  dMin=0.000000  dAvg=0.024943  dMax=5.671441  Dlo=0.012471  Dhi=2.848192  err=-1.000000  inc=-2.669840  bucket 0->0  (mf=1000)
[MF-SEL] tPrev=(  d=0.007978  dMin=0.000000  dAvg=0.024937  dMax=5.671441  Dlo=0.012469  Dhi=2.848189  err=-1.000000  inc=-2.672380  bucket 0->0  (mf=1000)
[MF-SEL] tPrev=(  d=0.008194  dMin=0.000000  dAvg=0.024932  dMax=5.671441  Dlo=0.012466  Dhi=2.848186  err=-1.000000  inc=-2.674987  bucket 0->0  (mf=1000)
[MF-SEL] tPrev=(  d=0.008265  dMin=0.000000  dAvg=0.024926  dMax=5.671441  Dlo=0.012463  Dhi=2.848183  err=-1.000000  inc=-2.677776  bucket 0->0  (mf=1000)
[MF-SEL] tPrev=(  d=0.009005  dMin=0.000000  dAvg=0.024921  dMax=5.671441  Dlo=0.012460  Dhi=2.848181  err=-1.000000  inc=-2.680344  bucket 0->0  (mf=1000)
[MF-SEL] tPrev=(  d=0.009454  dMin=0.000000  dAvg=0.024916  dMax=5.671441  Dlo=0.012458  Dhi=2.848178  err=-1.000000  inc=-2.683019  bucket 0->0  (mf=1000)
[MF-SEL] tPrev=(  d=0.010852  dMin=0.000000  dAvg=0.024911  dMax=5.671441  Dlo=0.012456  Dhi=2.848176  err=-1.000000  inc=-2.685726  bucket 0->0  (mf=1000)
[MF-SEL] tPrev=(  d=0.014372  dMin=0.000000  dAvg=0.024908  dMax=5.671441  Dlo=0.012454  Dhi=2.848174  err=0.000000  inc=-1.764168  bucket 0->0  (mf=1000)
[MF-SEL] tPrev=(  d=0.011782  dMin=0.000000  dAvg=0.024903  dMax=5.671441  Dlo=0.012452  Dhi=2.848172  err=-1.000000  inc=-2.995422  bucket 0->0  (mf=1000)
[MF-SEL] tPrev=(  d=0.012364  dMin=0.000000  dAvg=0.024899  dMax=5.671441  Dlo=0.012450  Dhi=2.848170  err=-1.000000  inc=-2.691017  bucket 0->0  (mf=1000)
[MF-SEL] tPrev=(  d=0.012989  dMin=0.000000  dAvg=0.024895  dMax=5.671441  Dlo=0.012448  Dhi=2.848168  err=0.000000  inc=-1.775300  bucket 0->0  (mf=1000)
[MF-SEL] tPrev=(  d=0.013864  dMin=0.000000  dAvg=0.024892  dMax=5.671441  Dlo=0.012446  Dhi=2.848166  err=0.000000  inc=-2.091017  bucket 0->0  (mf=1000)
[MF-SEL] tPrev=(  d=0.014752  dMin=0.000000  dAvg=0.024888  dMax=5.671441  Dlo=0.012444  Dhi=2.848165  err=0.000000  inc=-2.091017  bucket 0->0  (mf=1000)
[MF-SEL] tPrev=(  d=0.015818  dMin=0.000000  dAvg=0.024886  dMax=5.671441  Dlo=0.012443  Dhi=2.848163  err=0.000000  inc=-2.091017  bucket 0->0  (mf=1000)
[MF-SEL] tPrev=(  d=0.016915  dMin=0.000000  dAvg=0.024883  dMax=5.671441  Dlo=0.012441  Dhi=2.848162  err=0.000000  inc=-2.091017  bucket 0->0  (mf=1000)
[MF-SEL] tPrev=(  d=0.016275  dMin=0.000000  dAvg=0.024880  dMax=5.671441  Dlo=0.012440  Dhi=2.848160  err=0.000000  inc=-2.091017  bucket 0->0  (mf=1000)
[MF-SEL] tPrev=(  d=0.015706  dMin=0.000000  dAvg=0.024877  dMax=5.671441  Dlo=0.012439  Dhi=2.848159  err=0.000000  inc=-2.091017  bucket 0->0  (mf=1000)
[MF-SEL] tPrev=(  d=0.019928  dMin=0.000000  dAvg=0.024875  dMax=5.671441  Dlo=0.012438  Dhi=2.848158  err=0.000000  inc=-2.091017  bucket 0->0  (mf=1000)
[MF-SEL] tPrev=(  d=0.014923  dMin=0.000000  dAvg=0.024872  dMax=5.671441  Dlo=0.012436  Dhi=2.848156  err=0.000000  inc=-2.091017  bucket 0->0  (mf=1000)
[MF-SEL] tPrev=(  d=0.013406  dMin=0.000000  dAvg=0.024868  dMax=5.671441  Dlo=0.012434  Dhi=2.848155  err=0.000000  inc=-2.091017  bucket 0->0  (mf=1000)
[MF-SEL] tPrev=(  d=0.012614  dMin=0.000000  dAvg=0.024864  dMax=5.671441  Dlo=0.012432  Dhi=2.848153  err=0.000000  inc=-2.091017  bucket 0->0  (mf=1000)
[MF-SEL] tPrev=(  d=0.013338  dMin=0.000000  dAvg=0.024861  dMax=5.671441  Dlo=0.012430  Dhi=2.848151  err=0.000000  inc=-2.091017  bucket 0->0  (mf=1000)
[MF-SEL] tPrev=(  d=0.013459  dMin=0.000000  dAvg=0.024857  dMax=5.671441  Dlo=0.012428  Dhi=2.848149  err=0.000000  inc=-2.091017  bucket 0->0  (mf=1000)
[MF-SEL] tPrev=(  d=0.013801  dMin=0.000000  dAvg=0.024853  dMax=5.671441  Dlo=0.012427  Dhi=2.848147  err=0.000000  inc=-2.091017  bucket 0->0  (mf=1000)
[MF-SEL] tPrev=(  d=0.014994  dMin=0.000000  dAvg=0.024850  dMax=5.671441  Dlo=0.012425  Dhi=2.848145  err=0.000000  inc=-2.091017  bucket 0->0  (mf=1000)
[MF-SEL] tPrev=(  d=0.016373  dMin=0.000000  dAvg=0.024847  dMax=5.671441  Dlo=0.012424  Dhi=2.848144  err=0.000000  inc=-2.091017  bucket 0->0  (mf=1000)
[MF-SEL] tPrev=(  d=0.015643  dMin=0.000000  dAvg=0.024844  dMax=5.671441  Dlo=0.012422  Dhi=2.848142  err=0.000000  inc=-2.091017  bucket 0->0  (mf=1000)
[MF-SEL] tPrev=(  d=0.020678  dMin=0.000000  dAvg=0.024843  dMax=5.671441  Dlo=0.012421  Dhi=2.848142  err=0.000000  inc=-2.091017  bucket 0->0  (mf=1000)
[MF-SEL] tPrev=(  d=0.021981  dMin=0.000000  dAvg=0.024842  dMax=5.671441  Dlo=0.012421  Dhi=2.848141  err=0.000000  inc=-2.091017  bucket 0->0  (mf=1000)
[MF-SEL] tPrev=(  d=0.023050  dMin=0.000000  dAvg=0.024841  dMax=5.671441  Dlo=0.012421  Dhi=2.848141  err=0.000000  inc=-2.091017  bucket 0->0  (mf=1000)
[MF-SEL] tPrev=(  d=0.023839  dMin=0.000000  dAvg=0.024841  dMax=5.671441  Dlo=0.012421  Dhi=2.848141  err=0.000000  inc=-2.091017  bucket 0->0  (mf=1000)
[MF-SEL] tPrev=(  d=0.024322  dMin=0.000000  dAvg=0.024841  dMax=5.671441  Dlo=0.012420  Dhi=2.848141  err=0.000000  inc=-2.091017  bucket 0->0  (mf=1000)
[MF-SEL] tPrev=(  d=0.024449  dMin=0.000000  dAvg=0.024841  dMax=5.671441  Dlo=0.012420  Dhi=2.848141  err=0.000000  inc=-2.091017  bucket 0->0  (mf=1000)
[MF-SEL] tPrev=(  d=0.025258  dMin=0.000000  dAvg=0.024841  dMax=5.671441  Dlo=0.012420  Dhi=2.848141  err=0.000000  inc=-2.091017  bucket 0->0  (mf=1000)
[MF-SEL] tPrev=(  d=0.025614  dMin=0.000000  dAvg=0.024841  dMax=5.671441  Dlo=0.012421  Dhi=2.848141  err=0.000000  inc=-2.091017  bucket 0->0  (mf=1000)
[MF-SEL] tPrev=(  d=0.026840  dMin=0.000000  dAvg=0.024842  dMax=5.671441  Dlo=0.012421  Dhi=2.848141  err=0.000000  inc=-2.091017  bucket 0->0  (mf=1000)
[MF-SEL] tPrev=(  d=0.027531  dMin=0.000000  dAvg=0.024843  dMax=5.671441  Dlo=0.012421  Dhi=2.848142  err=0.000000  inc=-2.091017  bucket 0->0  (mf=1000)
[MF-SEL] tPrev=(  d=0.025688  dMin=0.000000  dAvg=0.024843  dMax=5.671441  Dlo=0.012421  Dhi=2.848142  err=0.000000  inc=-2.091017  bucket 0->0  (mf=1000)
[MF-SEL] tPrev=(  d=0.031139  dMin=0.000000  dAvg=0.024845  dMax=5.671441  Dlo=0.012423  Dhi=2.848143  err=0.000000  inc=-2.091017  bucket 0->0  (mf=1000)
[MF-SEL] tPrev=(  d=0.031379  dMin=0.000000  dAvg=0.024847  dMax=5.671441  Dlo=0.012424  Dhi=2.848144  err=0.000000  inc=-2.091017  bucket 0->0  (mf=1000)
[MF-SEL] tPrev=(  d=0.032025  dMin=0.000000  dAvg=0.024849  dMax=5.671441  Dlo=0.012425  Dhi=2.848145  err=0.000000  inc=-2.091017  bucket 0->0  (mf=1000)
[MF-SEL] tPrev=(  d=0.031923  dMin=0.000000  dAvg=0.024852  dMax=5.671441  Dlo=0.012426  Dhi=2.848146  err=0.000000  inc=-2.091017  bucket 0->0  (mf=1000)
[MF-SEL] tPrev=(  d=0.031726  dMin=0.000000  dAvg=0.024854  dMax=5.671441  Dlo=0.012427  Dhi=2.848147  err=0.000000  inc=-2.091017  bucket 0->0  (mf=1000)
[MF-SEL] tPrev=(  d=0.031258  dMin=0.000000  dAvg=0.024856  dMax=5.671441  Dlo=0.012428  Dhi=2.848148  err=0.000000  inc=-2.091017  bucket 0->0  (mf=1000)
[MF-SEL] tPrev=(  d=0.031025  dMin=0.000000  dAvg=0.024858  dMax=5.671441  Dlo=0.012429  Dhi=2.848149  err=0.000000  inc=-2.091017  bucket 0->0  (mf=1000)
[MF-SEL] tPrev=(  d=0.030444  dMin=0.000000  dAvg=0.024860  dMax=5.671441  Dlo=0.012430  Dhi=2.848150  err=0.000000  inc=-2.091017  bucket 0->0  (mf=1000)
[MF-SEL] tPrev=(  d=0.029707  dMin=0.000000  dAvg=0.024862  dMax=5.671441  Dlo=0.012431  Dhi=2.848151  err=0.000000  inc=-2.091017  bucket 0->0  (mf=1000)
[MF-SEL] tPrev=(  d=0.021300  dMin=0.000000  dAvg=0.024860  dMax=5.671441  Dlo=0.012430  Dhi=2.848150  err=0.000000  inc=-2.091017  bucket 0->0  (mf=1000)
[MF-SEL] tPrev=(  d=0.028653  dMin=0.000000  dAvg=0.024862  dMax=5.671441  Dlo=0.012431  Dhi=2.848151  err=0.000000  inc=-2.091017  bucket 0->0  (mf=1000)
[MF-SEL] tPrev=(  d=0.028185  dMin=0.000000  dAvg=0.024863  dMax=5.671441  Dlo=0.012431  Dhi=2.848152  err=0.000000  inc=-2.091017  bucket 0->0  (mf=1000)
[MF-SEL] tPrev=(  d=0.027785  dMin=0.000000  dAvg=0.024864  dMax=5.671441  Dlo=0.012432  Dhi=2.848152  err=0.000000  inc=-2.091017  bucket 0->0  (mf=1000)
[MF-SEL] tPrev=(  d=0.027755  dMin=0.000000  dAvg=0.024865  dMax=5.671441  Dlo=0.012432  Dhi=2.848153  err=0.000000  inc=-2.091017  bucket 0->0  (mf=1000)
[MF-SEL] tPrev=(  d=0.027828  dMin=0.000000  dAvg=0.024865  dMax=5.671441  Dlo=0.012433  Dhi=2.848153  err=0.000000  inc=-2.091017  bucket 0->0  (mf=1000)
[MF-SEL] tPrev=(  d=0.028305  dMin=0.000000  dAvg=0.024867  dMax=5.671441  Dlo=0.012433  Dhi=2.848154  err=0.000000  inc=-2.091017  bucket 0->0  (mf=1000)
[MF-SEL] tPrev=(  d=0.028697  dMin=0.000000  dAvg=0.024868  dMax=5.671441  Dlo=0.012434  Dhi=2.848154  err=0.000000  inc=-2.091017  bucket 0->0  (mf=1000)
[MF-SEL] tPrev=(  d=0.028945  dMin=0.000000  dAvg=0.024869  dMax=5.671441  Dlo=0.012435  Dhi=2.848155  err=0.000000  inc=-2.091017  bucket 0->0  (mf=1000)
[MF-SEL] tPrev=(  d=0.031764  dMin=0.000000  dAvg=0.024871  dMax=5.671441  Dlo=0.012436  Dhi=2.848156  err=0.000000  inc=-2.091017  bucket 0->0  (mf=1000)
[MF-SEL] tPrev=(  d=0.029906  dMin=0.000000  dAvg=0.024873  dMax=5.671441  Dlo=0.012437  Dhi=2.848157  err=0.000000  inc=-2.091017  bucket 0->0  (mf=1000)
[MF-SEL] tPrev=(  d=0.030156  dMin=0.000000  dAvg=0.024875  dMax=5.671441  Dlo=0.012437  Dhi=2.848158  err=0.000000  inc=-2.091017  bucket 0->0  (mf=1000)
[MF-SEL] tPrev=(  d=0.030858  dMin=0.000000  dAvg=0.024877  dMax=5.671441  Dlo=0.012438  Dhi=2.848159  err=0.000000  inc=-2.091017  bucket 0->0  (mf=1000)
[MF-SEL] tPrev=(  d=0.031048  dMin=0.000000  dAvg=0.024879  dMax=5.671441  Dlo=0.012439  Dhi=2.848160  err=0.000000  inc=-2.091017  bucket 0->0  (mf=1000)
[MF-SEL] tPrev=(  d=0.030697  dMin=0.000000  dAvg=0.024881  dMax=5.671441  Dlo=0.012440  Dhi=2.848161  err=0.000000  inc=-2.091017  bucket 0->0  (mf=1000)
[MF-SEL] tPrev=(  d=0.030490  dMin=0.000000  dAvg=0.024882  dMax=5.671441  Dlo=0.012441  Dhi=2.848161  err=0.000000  inc=-2.091017  bucket 0->0  (mf=1000)
[MF-SEL] tPrev=(  d=0.029981  dMin=0.000000  dAvg=0.024884  dMax=5.671441  Dlo=0.012442  Dhi=2.848162  err=0.000000  inc=-2.091017  bucket 0->0  (mf=1000)
[MF-SEL] tPrev=(  d=0.029022  dMin=0.000000  dAvg=0.024885  dMax=5.671441  Dlo=0.012443  Dhi=2.848163  err=0.000000  inc=-2.091017  bucket 0->0  (mf=1000)
[MF-SEL] tPrev=(  d=0.028394  dMin=0.000000  dAvg=0.024886  dMax=5.671441  Dlo=0.012443  Dhi=2.848164  err=0.000000  inc=-2.091017  bucket 0->0  (mf=1000)
[MF-SEL] tPrev=(  d=0.028291  dMin=0.000000  dAvg=0.024888  dMax=5.671441  Dlo=0.012444  Dhi=2.848164  err=0.000000  inc=-2.091017  bucket 0->0  (mf=1000)
[MF-SEL] tPrev=(  d=0.026675  dMin=0.000000  dAvg=0.024888  dMax=5.671441  Dlo=0.012444  Dhi=2.848164  err=0.000000  inc=-2.091017  bucket 0->0  (mf=1000)
[MF-SEL] tPrev=(  d=0.026158  dMin=0.000000  dAvg=0.024889  dMax=5.671441  Dlo=0.012444  Dhi=2.848165  err=0.000000  inc=-2.091017  bucket 0->0  (mf=1000)
[MF-SEL] tPrev=(  d=0.025647  dMin=0.000000  dAvg=0.024889  dMax=5.671441  Dlo=0.012444  Dhi=2.848165  err=0.000000  inc=-2.091017  bucket 0->0  (mf=1000)
[MF-SEL] tPrev=(  d=0.025016  dMin=0.000000  dAvg=0.024889  dMax=5.671441  Dlo=0.012444  Dhi=2.848165  err=0.000000  inc=-2.091017  bucket 0->0  (mf=1000)
[MF-SEL] tPrev=(  d=0.024782  dMin=0.000000  dAvg=0.024889  dMax=5.671441  Dlo=0.012444  Dhi=2.848165  err=0.000000  inc=-2.091017  bucket 0->0  (mf=1000)
[MF-SEL] tPrev=(  d=0.024597  dMin=0.000000  dAvg=0.024889  dMax=5.671441  Dlo=0.012444  Dhi=2.848165  err=0.000000  inc=-2.091017  bucket 0->0  (mf=1000)
[MF-SEL] tPrev=(  d=0.024506  dMin=0.000000  dAvg=0.024889  dMax=5.671441  Dlo=0.012444  Dhi=2.848165  err=0.000000  inc=-2.091017  bucket 0->0  (mf=1000)
[MF-SEL] tPrev=(  d=0.024028  dMin=0.000000  dAvg=0.024888  dMax=5.671441  Dlo=0.012444  Dhi=2.848164  err=0.000000  inc=-2.091017  bucket 0->0  (mf=1000)
[MF-SEL] tPrev=(  d=0.023421  dMin=0.000000  dAvg=0.024888  dMax=5.671441  Dlo=0.012444  Dhi=2.848164  err=0.000000  inc=-2.091017  bucket 0->0  (mf=1000)
[MF-SEL] tPrev=(  d=0.027692  dMin=0.000000  dAvg=0.024889  dMax=5.671441  Dlo=0.012444  Dhi=2.848165  err=0.000000  inc=-2.091017  bucket 0->0  (mf=1000)
[MF-SEL] tPrev=(  d=0.021029  dMin=0.000000  dAvg=0.024887  dMax=5.671441  Dlo=0.012444  Dhi=2.848164  err=0.000000  inc=-2.091017  bucket 0->0  (mf=1000)
[MF-SEL] tPrev=(  d=0.020830  dMin=0.000000  dAvg=0.024886  dMax=5.671441  Dlo=0.012443  Dhi=2.848163  err=0.000000  inc=-2.091017  bucket 0->0  (mf=1000)
[MF-SEL] tPrev=(  d=0.021399  dMin=0.000000  dAvg=0.024885  dMax=5.671441  Dlo=0.012443  Dhi=2.848163  err=0.000000  inc=-2.091017  bucket 0->0  (mf=1000)
[MF-SEL] tPrev=(  d=0.022584  dMin=0.000000  dAvg=0.024884  dMax=5.671441  Dlo=0.012442  Dhi=2.848162  err=0.000000  inc=-2.091017  bucket 0->0  (mf=1000)
[MF-SEL] tPrev=(  d=0.022405  dMin=0.000000  dAvg=0.024884  dMax=5.671441  Dlo=0.012442  Dhi=2.848162  err=0.000000  inc=-2.091017  bucket 0->0  (mf=1000)
[MF-SEL] tPrev=(  d=0.023007  dMin=0.000000  dAvg=0.024883  dMax=5.671441  Dlo=0.012441  Dhi=2.848162  err=0.000000  inc=-2.091017  bucket 0->0  (mf=1000)
[MF-SEL] tPrev=(  d=0.023303  dMin=0.000000  dAvg=0.024882  dMax=5.671441  Dlo=0.012441  Dhi=2.848162  err=0.000000  inc=-2.091017  bucket 0->0  (mf=1000)
[MF-SEL] tPrev=(  d=0.021959  dMin=0.000000  dAvg=0.024881  dMax=5.671441  Dlo=0.012441  Dhi=2.848161  err=0.000000  inc=-2.091017  bucket 0->0  (mf=1000)
[MF-SEL] tPrev=(  d=0.021011  dMin=0.000000  dAvg=0.024880  dMax=5.671441  Dlo=0.012440  Dhi=2.848160  err=0.000000  inc=-2.091017  bucket 0->0  (mf=1000)
[MF-SEL] tPrev=(  d=0.019968  dMin=0.000000  dAvg=0.024879  dMax=5.671441  Dlo=0.012439  Dhi=2.848160  err=0.000000  inc=-2.091017  bucket 0->0  (mf=1000)
[MF-SEL] tPrev=(  d=0.018428  dMin=0.000000  dAvg=0.024877  dMax=5.671441  Dlo=0.012438  Dhi=2.848159  err=0.000000  inc=-2.091017  bucket 0->0  (mf=1000)
[MF-SEL] tPrev=(  d=0.017345  dMin=0.000000  dAvg=0.024874  dMax=5.671441  Dlo=0.012437  Dhi=2.848157  err=0.000000  inc=-2.091017  bucket 0->0  (mf=1000)
[MF-SEL] tPrev=(  d=0.016149  dMin=0.000000  dAvg=0.024871  dMax=5.671441  Dlo=0.012436  Dhi=2.848156  err=0.000000  inc=-2.091017  bucket 0->0  (mf=1000)
[MF-SEL] tPrev=(  d=0.015201  dMin=0.000000  dAvg=0.024868  dMax=5.671441  Dlo=0.012434  Dhi=2.848154  err=0.000000  inc=-2.091017  bucket 0->0  (mf=1000)
[MF-SEL] tPrev=(  d=0.015432  dMin=0.000000  dAvg=0.024865  dMax=5.671441  Dlo=0.012433  Dhi=2.848153  err=0.000000  inc=-2.091017  bucket 0->0  (mf=1000)
[MF-SEL] tPrev=(  d=0.016024  dMin=0.000000  dAvg=0.024862  dMax=5.671441  Dlo=0.012431  Dhi=2.848152  err=0.000000  inc=-2.091017  bucket 0->0  (mf=1000)
[MF-SEL] tPrev=(  d=0.017511  dMin=0.000000  dAvg=0.024860  dMax=5.671441  Dlo=0.012430  Dhi=2.848150  err=0.000000  inc=-2.091017  bucket 0->0  (mf=1000)
[MF-SEL] tPrev=(  d=0.018366  dMin=0.000000  dAvg=0.024858  dMax=5.671441  Dlo=0.012429  Dhi=2.848149  err=0.000000  inc=-2.091017  bucket 0->0  (mf=1000)
[MF-SEL] tPrev=(  d=0.019499  dMin=0.000000  dAvg=0.024856  dMax=5.671441  Dlo=0.012428  Dhi=2.848148  err=0.000000  inc=-2.091017  bucket 0->0  (mf=1000)
[MF-SEL] tPrev=(  d=0.023850  dMin=0.000000  dAvg=0.024856  dMax=5.671441  Dlo=0.012428  Dhi=2.848148  err=0.000000  inc=-2.091017  bucket 0->0  (mf=1000)
[MF-SEL] tPrev=(  d=0.018993  dMin=0.000000  dAvg=0.024854  dMax=5.671441  Dlo=0.012427  Dhi=2.848147  err=0.000000  inc=-2.091017  bucket 0->0  (mf=1000)
[MF-SEL] tPrev=(  d=0.017772  dMin=0.000000  dAvg=0.024852  dMax=5.671441  Dlo=0.012426  Dhi=2.848146  err=0.000000  inc=-2.091017  bucket 0->0  (mf=1000)
[MF-SEL] tPrev=(  d=0.016739  dMin=0.000000  dAvg=0.024849  dMax=5.671441  Dlo=0.012425  Dhi=2.848145  err=0.000000  inc=-2.091017  bucket 0->0  (mf=1000)
[MF-SEL] tPrev=(  d=0.015298  dMin=0.000000  dAvg=0.024846  dMax=5.671441  Dlo=0.012423  Dhi=2.848143  err=0.000000  inc=-2.091017  bucket 0->0  (mf=1000)
[MF-SEL] tPrev=(  d=0.014259  dMin=0.000000  dAvg=0.024843  dMax=5.671441  Dlo=0.012421  Dhi=2.848142  err=0.000000  inc=-2.091017  bucket 0->0  (mf=1000)
[MF-SEL] tPrev=(  d=0.013434  dMin=0.000000  dAvg=0.024839  dMax=5.671441  Dlo=0.012420  Dhi=2.848140  err=0.000000  inc=-2.091017  bucket 0->0  (mf=1000)
[MF-SEL] tPrev=(  d=0.013270  dMin=0.000000  dAvg=0.024836  dMax=5.671441  Dlo=0.012418  Dhi=2.848138  err=0.000000  inc=-2.091017  bucket 0->0  (mf=1000)
[MF-SEL] tPrev=(  d=0.013990  dMin=0.000000  dAvg=0.024832  dMax=5.671441  Dlo=0.012416  Dhi=2.848136  err=0.000000  inc=-2.091017  bucket 0->0  (mf=1000)
[MF-SEL] tPrev=(  d=0.014362  dMin=0.000000  dAvg=0.024829  dMax=5.671441  Dlo=0.012414  Dhi=2.848135  err=0.000000  inc=-2.091017  bucket 0->0  (mf=1000)
[MF-SEL] tPrev=(  d=0.017551  dMin=0.000000  dAvg=0.024826  dMax=5.671441  Dlo=0.012413  Dhi=2.848134  err=0.000000  inc=-2.091017  bucket 0->0  (mf=1000)
[MF-SEL] tPrev=(  d=0.017314  dMin=0.000000  dAvg=0.024824  dMax=5.671441  Dlo=0.012412  Dhi=2.848132  err=0.000000  inc=-2.091017  bucket 0->0  (mf=1000)
[MF-SEL] tPrev=(  d=0.017756  dMin=0.000000  dAvg=0.024822  dMax=5.671441  Dlo=0.012411  Dhi=2.848131  err=0.000000  inc=-2.091017  bucket 0->0  (mf=1000)
[MF-SEL] tPrev=(  d=0.018136  dMin=0.000000  dAvg=0.024820  dMax=5.671441  Dlo=0.012410  Dhi=2.848130  err=0.000000  inc=-2.091017  bucket 0->0  (mf=1000)
[MF-SEL] tPrev=(  d=0.018983  dMin=0.000000  dAvg=0.024818  dMax=5.671441  Dlo=0.012409  Dhi=2.848129  err=0.000000  inc=-2.091017  bucket 0->0  (mf=1000)
[MF-SEL] tPrev=(  d=0.019416  dMin=0.000000  dAvg=0.024816  dMax=5.671441  Dlo=0.012408  Dhi=2.848128  err=0.000000  inc=-2.091017  bucket 0->0  (mf=1000)
[MF-SEL] tPrev=(  d=0.020687  dMin=0.000000  dAvg=0.024815  dMax=5.671441  Dlo=0.012407  Dhi=2.848128  err=0.000000  inc=-2.091017  bucket 0->0  (mf=1000)
[MF-SEL] tPrev=(  d=0.021353  dMin=0.000000  dAvg=0.024814  dMax=5.671441  Dlo=0.012407  Dhi=2.848127  err=0.000000  inc=-2.091017  bucket 0->0  (mf=1000)
[MF-SEL] tPrev=(  d=0.021273  dMin=0.000000  dAvg=0.024813  dMax=5.671441  Dlo=0.012406  Dhi=2.848127  err=0.000000  inc=-2.091017  bucket 0->0  (mf=1000)
[MF-SEL] tPrev=(  d=0.021047  dMin=0.000000  dAvg=0.024811  dMax=5.671441  Dlo=0.012406  Dhi=2.848126  err=0.000000  inc=-2.091017  bucket 0->0  (mf=1000)
[MF-SEL] tPrev=(  d=0.024678  dMin=0.000000  dAvg=0.024811  dMax=5.671441  Dlo=0.012406  Dhi=2.848126  err=0.000000  inc=-2.091017  bucket 0->0  (mf=1000)
[MF-SEL] tPrev=(  d=0.023304  dMin=0.000000  dAvg=0.024811  dMax=5.671441  Dlo=0.012405  Dhi=2.848126  err=0.000000  inc=-2.091017  bucket 0->0  (mf=1000)
[MF-SEL] tPrev=(  d=0.022762  dMin=0.000000  dAvg=0.024810  dMax=5.671441  Dlo=0.012405  Dhi=2.848125  err=0.000000  inc=-2.091017  bucket 0->0  (mf=1000)
[MF-SEL] tPrev=(  d=0.022536  dMin=0.000000  dAvg=0.024809  dMax=5.671441  Dlo=0.012405  Dhi=2.848125  err=0.000000  inc=-2.091017  bucket 0->0  (mf=1000)
[MF-SEL] tPrev=(  d=0.021421  dMin=0.000000  dAvg=0.024808  dMax=5.671441  Dlo=0.012404  Dhi=2.848125  err=0.000000  inc=-2.091017  bucket 0->0  (mf=1000)
[MF-SEL] tPrev=(  d=0.019473  dMin=0.000000  dAvg=0.024807  dMax=5.671441  Dlo=0.012403  Dhi=2.848124  err=0.000000  inc=-2.091017  bucket 0->0  (mf=1000)
[MF-SEL] tPrev=(  d=0.020126  dMin=0.000000  dAvg=0.024805  dMax=5.671441  Dlo=0.012403  Dhi=2.848123  err=0.000000  inc=-2.091017  bucket 0->0  (mf=1000)
[MF-SEL] tPrev=(  d=0.019236  dMin=0.000000  dAvg=0.024803  dMax=5.671441  Dlo=0.012402  Dhi=2.848122  err=0.000000  inc=-2.091017  bucket 0->0  (mf=1000)
[MF-SEL] tPrev=(  d=0.019284  dMin=0.000000  dAvg=0.024802  dMax=5.671441  Dlo=0.012401  Dhi=2.848121  err=0.000000  inc=-2.091017  bucket 0->0  (mf=1000)
[MF-SEL] tPrev=(  d=0.021822  dMin=0.000000  dAvg=0.024801  dMax=5.671441  Dlo=0.012400  Dhi=2.848121  err=0.000000  inc=-2.091017  bucket 0->0  (mf=1000)
[MF-SEL] tPrev=(  d=0.019122  dMin=0.000000  dAvg=0.024799  dMax=5.671441  Dlo=0.012399  Dhi=2.848120  err=0.000000  inc=-2.091017  bucket 0->0  (mf=1000)
[MF-SEL] tPrev=(  d=0.018766  dMin=0.000000  dAvg=0.024797  dMax=5.671441  Dlo=0.012399  Dhi=2.848119  err=0.000000  inc=-2.091017  bucket 0->0  (mf=1000)
[MF-SEL] tPrev=(  d=0.019041  dMin=0.000000  dAvg=0.024795  dMax=5.671441  Dlo=0.012398  Dhi=2.848118  err=0.000000  inc=-2.091017  bucket 0->0  (mf=1000)
[MF-SEL] tPrev=(  d=0.019240  dMin=0.000000  dAvg=0.024793  dMax=5.671441  Dlo=0.012397  Dhi=2.848117  err=0.000000  inc=-2.091017  bucket 0->0  (mf=1000)
[MF-SEL] tPrev=(  d=0.020593  dMin=0.000000  dAvg=0.024792  dMax=5.671441  Dlo=0.012396  Dhi=2.848116  err=0.000000  inc=-2.091017  bucket 0->0  (mf=1000)
[MF-SEL] tPrev=(  d=0.020620  dMin=0.000000  dAvg=0.024791  dMax=5.671441  Dlo=0.012395  Dhi=2.848116  err=0.000000  inc=-2.091017  bucket 0->0  (mf=1000)
[MF-SEL] tPrev=(  d=0.021173  dMin=0.000000  dAvg=0.024790  dMax=5.671441  Dlo=0.012395  Dhi=2.848115  err=0.000000  inc=-2.091017  bucket 0->0  (mf=1000)
[MF-SEL] tPrev=(  d=0.020525  dMin=0.000000  dAvg=0.024788  dMax=5.671441  Dlo=0.012394  Dhi=2.848114  err=0.000000  inc=-2.091017  bucket 0->0  (mf=1000)
[MF-SEL] tPrev=(  d=0.019913  dMin=0.000000  dAvg=0.024787  dMax=5.671441  Dlo=0.012393  Dhi=2.848114  err=0.000000  inc=-2.091017  bucket 0->0  (mf=1000)
[MF-SEL] tPrev=(  d=0.042551  dMin=0.000000  dAvg=0.024792  dMax=5.671441  Dlo=0.012396  Dhi=2.848117  err=0.000000  inc=-2.091017  bucket 0->0  (mf=1000)
[MF-SEL] tPrev=(  d=0.016882  dMin=0.000000  dAvg=0.024790  dMax=5.671441  Dlo=0.012395  Dhi=2.848115  err=0.000000  inc=-2.091017  bucket 0->0  (mf=1000)
[MF-SEL] tPrev=(  d=0.015126  dMin=0.000000  dAvg=0.024787  dMax=5.671441  Dlo=0.012393  Dhi=2.848114  err=0.000000  inc=-2.091017  bucket 0->0  (mf=1000)
[MF-SEL] tPrev=(  d=0.013382  dMin=0.000000  dAvg=0.024783  dMax=5.671441  Dlo=0.012392  Dhi=2.848112  err=0.000000  inc=-2.091017  bucket 0->0  (mf=1000)
[MF-SEL] tPrev=(  d=0.011572  dMin=0.000000  dAvg=0.024779  dMax=5.671441  Dlo=0.012390  Dhi=2.848110  err=-1.000000  inc=-2.999010  bucket 0->0  (mf=1000)
[MF-SEL] tPrev=(  d=0.009625  dMin=0.000000  dAvg=0.024774  dMax=5.671441  Dlo=0.012387  Dhi=2.848107  err=-1.000000  inc=-2.696362  bucket 0->0  (mf=1000)
[MF-SEL] tPrev=(  d=0.007725  dMin=0.000000  dAvg=0.024769  dMax=5.671441  Dlo=0.012384  Dhi=2.848105  err=-1.000000  inc=-2.699077  bucket 0->0  (mf=1000)
[MF-SEL] tPrev=(  d=0.005923  dMin=0.000000  dAvg=0.024763  dMax=5.671441  Dlo=0.012382  Dhi=2.848102  err=-1.000000  inc=-2.701911  bucket 0->0  (mf=1000)
[MF-SEL] tPrev=(  d=0.005090  dMin=0.000000  dAvg=0.024757  dMax=5.671441  Dlo=0.012378  Dhi=2.848099  err=-1.000000  inc=-2.704532  bucket 0->0  (mf=1000)
[MF-SEL] tPrev=(  d=0.004525  dMin=0.000000  dAvg=0.024750  dMax=5.671441  Dlo=0.012375  Dhi=2.848096  err=-1.000000  inc=-2.706996  bucket 0->0  (mf=1000)
[MF-SEL] tPrev=(  d=0.023929  dMin=0.000000  dAvg=0.024750  dMax=5.671441  Dlo=0.012375  Dhi=2.848095  err=0.000000  inc=-1.798253  bucket 0->0  (mf=1000)
[MF-SEL] tPrev=(  d=0.004224  dMin=0.000000  dAvg=0.024744  dMax=5.671441  Dlo=0.012372  Dhi=2.848092  err=-1.000000  inc=-3.008381  bucket 0->0  (mf=1000)
[MF-SEL] tPrev=(  d=0.005014  dMin=0.000000  dAvg=0.024738  dMax=5.671441  Dlo=0.012369  Dhi=2.848089  err=-1.000000  inc=-2.712302  bucket 0->0  (mf=1000)
[MF-SEL] tPrev=(  d=0.006373  dMin=0.000000  dAvg=0.024732  dMax=5.671441  Dlo=0.012366  Dhi=2.848086  err=-1.000000  inc=-2.714939  bucket 0->0  (mf=1000)
[MF-SEL] tPrev=(  d=0.007803  dMin=0.000000  dAvg=0.024727  dMax=5.671441  Dlo=0.012363  Dhi=2.848084  err=-1.000000  inc=-2.717435  bucket 0->0  (mf=1000)
[MF-SEL] tPrev=(  d=0.009324  dMin=0.000000  dAvg=0.024722  dMax=5.671441  Dlo=0.012361  Dhi=2.848081  err=-1.000000  inc=-2.720172  bucket 0->0  (mf=1000)
[MF-SEL] tPrev=(  d=0.010883  dMin=0.000000  dAvg=0.024717  dMax=5.671441  Dlo=0.012359  Dhi=2.848079  err=-1.000000  inc=-2.722805  bucket 0->0  (mf=1000)
[MF-SEL] tPrev=(  d=0.012702  dMin=0.000000  dAvg=0.024714  dMax=5.671441  Dlo=0.012357  Dhi=2.848077  err=0.000000  inc=-1.819943  bucket 0->0  (mf=1000)
[MF-SEL] tPrev=(  d=0.014259  dMin=0.000000  dAvg=0.024710  dMax=5.671441  Dlo=0.012355  Dhi=2.848075  err=0.000000  inc=-2.122805  bucket 0->0  (mf=1000)
[MF-SEL] tPrev=(  d=0.016410  dMin=0.000000  dAvg=0.024708  dMax=5.671441  Dlo=0.012354  Dhi=2.848074  err=0.000000  inc=-2.122805  bucket 0->0  (mf=1000)
[MF-SEL] tPrev=(  d=0.022780  dMin=0.000000  dAvg=0.024707  dMax=5.671441  Dlo=0.012354  Dhi=2.848074  err=0.000000  inc=-2.122805  bucket 0->0  (mf=1000)
[MF-SEL] tPrev=(  d=0.018940  dMin=0.000000  dAvg=0.024705  dMax=5.671441  Dlo=0.012353  Dhi=2.848073  err=0.000000  inc=-2.122805  bucket 0->0  (mf=1000)
[MF-SEL] tPrev=(  d=0.019723  dMin=0.000000  dAvg=0.024704  dMax=5.671441  Dlo=0.012352  Dhi=2.848072  err=0.000000  inc=-2.122805  bucket 0->0  (mf=1000)
[MF-SEL] tPrev=(  d=0.019972  dMin=0.000000  dAvg=0.024702  dMax=5.671441  Dlo=0.012351  Dhi=2.848071  err=0.000000  inc=-2.122805  bucket 0->0  (mf=1000)
[MF-SEL] tPrev=(  d=0.018627  dMin=0.000000  dAvg=0.024700  dMax=5.671441  Dlo=0.012350  Dhi=2.848070  err=0.000000  inc=-2.122805  bucket 0->0  (mf=1000)
[MF-SEL] tPrev=(  d=0.017241  dMin=0.000000  dAvg=0.024698  dMax=5.671441  Dlo=0.012349  Dhi=2.848069  err=0.000000  inc=-2.122805  bucket 0->0  (mf=1000)
[MF-SEL] tPrev=(  d=0.015452  dMin=0.000000  dAvg=0.024695  dMax=5.671441  Dlo=0.012348  Dhi=2.848068  err=0.000000  inc=-2.122805  bucket 0->0  (mf=1000)
[MF-SEL] tPrev=(  d=0.013610  dMin=0.000000  dAvg=0.024692  dMax=5.671441  Dlo=0.012346  Dhi=2.848066  err=0.000000  inc=-2.122805  bucket 0->0  (mf=1000)
[MF-SEL] tPrev=(  d=0.016406  dMin=0.000000  dAvg=0.024689  dMax=5.671441  Dlo=0.012345  Dhi=2.848065  err=0.000000  inc=-2.122805  bucket 0->0  (mf=1000)
[MF-SEL] tPrev=(  d=0.012119  dMin=0.000000  dAvg=0.024685  dMax=5.671441  Dlo=0.012343  Dhi=2.848063  err=-1.000000  inc=-3.043147  bucket 0->0  (mf=1000)
[MF-SEL] tPrev=(  d=0.011568  dMin=0.000000  dAvg=0.024681  dMax=5.671441  Dlo=0.012340  Dhi=2.848061  err=-1.000000  inc=-2.727991  bucket 0->0  (mf=1000)
[MF-SEL] tPrev=(  d=0.011477  dMin=0.000000  dAvg=0.024677  dMax=5.671441  Dlo=0.012338  Dhi=2.848059  err=-1.000000  inc=-2.730540  bucket 0->0  (mf=1000)
[MF-SEL] tPrev=(  d=0.011730  dMin=0.000000  dAvg=0.024673  dMax=5.671441  Dlo=0.012336  Dhi=2.848057  err=-1.000000  inc=-2.733174  bucket 0->0  (mf=1000)
[MF-SEL] tPrev=(  d=0.012491  dMin=0.000000  dAvg=0.024669  dMax=5.671441  Dlo=0.012335  Dhi=2.848055  err=0.000000  inc=-1.831632  bucket 0->0  (mf=1000)
[MF-SEL] tPrev=(  d=0.013194  dMin=0.000000  dAvg=0.024665  dMax=5.671441  Dlo=0.012333  Dhi=2.848053  err=0.000000  inc=-2.133174  bucket 0->0  (mf=1000)
[MF-SEL] tPrev=(  d=0.014234  dMin=0.000000  dAvg=0.024662  dMax=5.671441  Dlo=0.012331  Dhi=2.848051  err=0.000000  inc=-2.133174  bucket 0->0  (mf=1000)
[MF-SEL] tPrev=(  d=0.014693  dMin=0.000000  dAvg=0.024659  dMax=5.671441  Dlo=0.012330  Dhi=2.848050  err=0.000000  inc=-2.133174  bucket 0->0  (mf=1000)
[MF-SEL] tPrev=(  d=0.015288  dMin=0.000000  dAvg=0.024656  dMax=5.671441  Dlo=0.012328  Dhi=2.848048  err=0.000000  inc=-2.133174  bucket 0->0  (mf=1000)
[MF-SEL] tPrev=(  d=0.014844  dMin=0.000000  dAvg=0.024653  dMax=5.671441  Dlo=0.012327  Dhi=2.848047  err=0.000000  inc=-2.133174  bucket 0->0  (mf=1000)
[MF-SEL] tPrev=(  d=0.017116  dMin=0.000000  dAvg=0.024651  dMax=5.671441  Dlo=0.012325  Dhi=2.848046  err=0.000000  inc=-2.133174  bucket 0->0  (mf=1000)
[MF-SEL] tPrev=(  d=0.017541  dMin=0.000000  dAvg=0.024649  dMax=5.671441  Dlo=0.012324  Dhi=2.848045  err=0.000000  inc=-2.133174  bucket 0->0  (mf=1000)
[MF-SEL] tPrev=(  d=0.017675  dMin=0.000000  dAvg=0.024646  dMax=5.671441  Dlo=0.012323  Dhi=2.848043  err=0.000000  inc=-2.133174  bucket 0->0  (mf=1000)
[MF-SEL] tPrev=(  d=0.017045  dMin=0.000000  dAvg=0.024644  dMax=5.671441  Dlo=0.012322  Dhi=2.848042  err=0.000000  inc=-2.133174  bucket 0->0  (mf=1000)
[MF-SEL] tPrev=(  d=0.017471  dMin=0.000000  dAvg=0.024642  dMax=5.671441  Dlo=0.012321  Dhi=2.848041  err=0.000000  inc=-2.133174  bucket 0->0  (mf=1000)
[MF-SEL] tPrev=(  d=0.017995  dMin=0.000000  dAvg=0.024640  dMax=5.671441  Dlo=0.012320  Dhi=2.848040  err=0.000000  inc=-2.133174  bucket 0->0  (mf=1000)
[MF-SEL] tPrev=(  d=0.019324  dMin=0.000000  dAvg=0.024638  dMax=5.671441  Dlo=0.012319  Dhi=2.848039  err=0.000000  inc=-2.133174  bucket 0->0  (mf=1000)
[MF-SEL] tPrev=(  d=0.018965  dMin=0.000000  dAvg=0.024636  dMax=5.671441  Dlo=0.012318  Dhi=2.848038  err=0.000000  inc=-2.133174  bucket 0->0  (mf=1000)
[MF-SEL] tPrev=(  d=0.018210  dMin=0.000000  dAvg=0.024634  dMax=5.671441  Dlo=0.012317  Dhi=2.848037  err=0.000000  inc=-2.133174  bucket 0->0  (mf=1000)
[MF-SEL] tPrev=(  d=0.031338  dMin=0.000000  dAvg=0.024636  dMax=5.671441  Dlo=0.012318  Dhi=2.848038  err=0.000000  inc=-2.133174  bucket 0->0  (mf=1000)
[MF-SEL] tPrev=(  d=0.015106  dMin=0.000000  dAvg=0.024633  dMax=5.671441  Dlo=0.012317  Dhi=2.848037  err=0.000000  inc=-2.133174  bucket 0->0  (mf=1000)
[MF-SEL] tPrev=(  d=0.013928  dMin=0.000000  dAvg=0.024630  dMax=5.671441  Dlo=0.012315  Dhi=2.848035  err=0.000000  inc=-2.133174  bucket 0->0  (mf=1000)
[MF-SEL] tPrev=(  d=0.013473  dMin=0.000000  dAvg=0.024627  dMax=5.671441  Dlo=0.012313  Dhi=2.848034  err=0.000000  inc=-2.133174  bucket 0->0  (mf=1000)
[MF-SEL] tPrev=(  d=0.013356  dMin=0.000000  dAvg=0.024623  dMax=5.671441  Dlo=0.012312  Dhi=2.848032  err=0.000000  inc=-2.133174  bucket 0->0  (mf=1000)
[MF-SEL] tPrev=(  d=0.014271  dMin=0.000000  dAvg=0.024620  dMax=5.671441  Dlo=0.012310  Dhi=2.848030  err=0.000000  inc=-2.133174  bucket 0->0  (mf=1000)
[MF-SEL] tPrev=(  d=0.015973  dMin=0.000000  dAvg=0.024617  dMax=5.671441  Dlo=0.012309  Dhi=2.848029  err=0.000000  inc=-2.133174  bucket 0->0  (mf=1000)
[MF-SEL] tPrev=(  d=0.017454  dMin=0.000000  dAvg=0.024615  dMax=5.671441  Dlo=0.012308  Dhi=2.848028  err=0.000000  inc=-2.133174  bucket 0->0  (mf=1000)
[MF-SEL] tPrev=(  d=0.019242  dMin=0.000000  dAvg=0.024613  dMax=5.671441  Dlo=0.012307  Dhi=2.848027  err=0.000000  inc=-2.133174  bucket 0->0  (mf=1000)
[MF-SEL] tPrev=(  d=0.026874  dMin=0.000000  dAvg=0.024614  dMax=5.671441  Dlo=0.012307  Dhi=2.848027  err=0.000000  inc=-2.133174  bucket 0->0  (mf=1000)
[MF-SEL] tPrev=(  d=0.021547  dMin=0.000000  dAvg=0.024613  dMax=5.671441  Dlo=0.012307  Dhi=2.848027  err=0.000000  inc=-2.133174  bucket 0->0  (mf=1000)
[MF-SEL] tPrev=(  d=0.022683  dMin=0.000000  dAvg=0.024612  dMax=5.671441  Dlo=0.012306  Dhi=2.848027  err=0.000000  inc=-2.133174  bucket 0->0  (mf=1000)
[MF-SEL] tPrev=(  d=0.023506  dMin=0.000000  dAvg=0.024612  dMax=5.671441  Dlo=0.012306  Dhi=2.848026  err=0.000000  inc=-2.133174  bucket 0->0  (mf=1000)
[MF-SEL] tPrev=(  d=0.024568  dMin=0.000000  dAvg=0.024612  dMax=5.671441  Dlo=0.012306  Dhi=2.848026  err=0.000000  inc=-2.133174  bucket 0->0  (mf=1000)
[MF-SEL] tPrev=(  d=0.025799  dMin=0.000000  dAvg=0.024613  dMax=5.671441  Dlo=0.012306  Dhi=2.848027  err=0.000000  inc=-2.133174  bucket 0->0  (mf=1000)
[MF-SEL] tPrev=(  d=0.026152  dMin=0.000000  dAvg=0.024613  dMax=5.671441  Dlo=0.012306  Dhi=2.848027  err=0.000000  inc=-2.133174  bucket 0->0  (mf=1000)
[MF-SEL] tPrev=(  d=0.032523  dMin=0.000000  dAvg=0.024615  dMax=5.671441  Dlo=0.012308  Dhi=2.848028  err=0.000000  inc=-2.133174  bucket 0->0  (mf=1000)
[MF-SEL] tPrev=(  d=0.024207  dMin=0.000000  dAvg=0.024615  dMax=5.671441  Dlo=0.012308  Dhi=2.848028  err=0.000000  inc=-2.133174  bucket 0->0  (mf=1000)
[MF-SEL] tPrev=(  d=0.023075  dMin=0.000000  dAvg=0.024615  dMax=5.671441  Dlo=0.012307  Dhi=2.848028  err=0.000000  inc=-2.133174  bucket 0->0  (mf=1000)
[MF-SEL] tPrev=(  d=0.020446  dMin=0.000000  dAvg=0.024614  dMax=5.671441  Dlo=0.012307  Dhi=2.848027  err=0.000000  inc=-2.133174  bucket 0->0  (mf=1000)
[MF-SEL] tPrev=(  d=0.019585  dMin=0.000000  dAvg=0.024612  dMax=5.671441  Dlo=0.012306  Dhi=2.848026  err=0.000000  inc=-2.133174  bucket 0->0  (mf=1000)
[MF-SEL] tPrev=(  d=0.017339  dMin=0.000000  dAvg=0.024610  dMax=5.671441  Dlo=0.012305  Dhi=2.848025  err=0.000000  inc=-2.133174  bucket 0->0  (mf=1000)
[MF-SEL] tPrev=(  d=0.011171  dMin=0.000000  dAvg=0.024606  dMax=5.671441  Dlo=0.012303  Dhi=2.848023  err=-1.000000  inc=-3.040021  bucket 0->0  (mf=1000)
[MF-SEL] tPrev=(  d=0.013003  dMin=0.000000  dAvg=0.024602  dMax=5.671441  Dlo=0.012301  Dhi=2.848021  err=0.000000  inc=-1.837237  bucket 0->0  (mf=1000)
[MF-SEL] tPrev=(  d=0.012346  dMin=0.000000  dAvg=0.024598  dMax=5.671441  Dlo=0.012299  Dhi=2.848019  err=0.000000  inc=-2.135804  bucket 0->0  (mf=1000)
[MF-SEL] tPrev=(  d=0.013152  dMin=0.000000  dAvg=0.024595  dMax=5.671441  Dlo=0.012297  Dhi=2.848018  err=0.000000  inc=-2.135804  bucket 0->0  (mf=1000)
[MF-SEL] tPrev=(  d=0.014814  dMin=0.000000  dAvg=0.024592  dMax=5.671441  Dlo=0.012296  Dhi=2.848016  err=0.000000  inc=-2.135804  bucket 0->0  (mf=1000)
[MF-SEL] tPrev=(  d=0.016429  dMin=0.000000  dAvg=0.024589  dMax=5.671441  Dlo=0.012295  Dhi=2.848015  err=0.000000  inc=-2.135804  bucket 0->0  (mf=1000)
[MF-SEL] tPrev=(  d=0.017984  dMin=0.000000  dAvg=0.024587  dMax=5.671441  Dlo=0.012294  Dhi=2.848014  err=0.000000  inc=-2.135804  bucket 0->0  (mf=1000)
[MF-SEL] tPrev=(  d=0.017879  dMin=0.000000  dAvg=0.024585  dMax=5.671441  Dlo=0.012293  Dhi=2.848013  err=0.000000  inc=-2.135804  bucket 0->0  (mf=1000)
[MF-SEL] tPrev=(  d=0.016717  dMin=0.000000  dAvg=0.024583  dMax=5.671441  Dlo=0.012291  Dhi=2.848012  err=0.000000  inc=-2.135804  bucket 0->0  (mf=1000)
[MF-SEL] tPrev=(  d=0.015085  dMin=0.000000  dAvg=0.024580  dMax=5.671441  Dlo=0.012290  Dhi=2.848010  err=0.000000  inc=-2.135804  bucket 0->0  (mf=1000)
[MF-SEL] tPrev=(  d=0.014257  dMin=0.000000  dAvg=0.024577  dMax=5.671441  Dlo=0.012288  Dhi=2.848009  err=0.000000  inc=-2.135804  bucket 0->0  (mf=1000)
[MF-SEL] tPrev=(  d=0.011579  dMin=0.000000  dAvg=0.024573  dMax=5.671441  Dlo=0.012286  Dhi=2.848007  err=-1.000000  inc=-3.067270  bucket 0->0  (mf=1000)
[MF-SEL] tPrev=(  d=0.010524  dMin=0.000000  dAvg=0.024568  dMax=5.671441  Dlo=0.012284  Dhi=2.848004  err=-1.000000  inc=-2.740828  bucket 0->0  (mf=1000)
[MF-SEL] tPrev=(  d=0.009561  dMin=0.000000  dAvg=0.024564  dMax=5.671441  Dlo=0.012282  Dhi=2.848002  err=-1.000000  inc=-2.743432  bucket 0->0  (mf=1000)
[MF-SEL] tPrev=(  d=0.008698  dMin=0.000000  dAvg=0.024559  dMax=5.671441  Dlo=0.012279  Dhi=2.848000  err=-1.000000  inc=-2.746093  bucket 0->0  (mf=1000)
[MF-SEL] tPrev=(  d=0.008407  dMin=0.000000  dAvg=0.024554  dMax=5.671441  Dlo=0.012277  Dhi=2.847997  err=-1.000000  inc=-2.748813  bucket 0->0  (mf=1000)
[MF-SEL] tPrev=(  d=0.008689  dMin=0.000000  dAvg=0.024549  dMax=5.671441  Dlo=0.012274  Dhi=2.847995  err=-1.000000  inc=-2.751742  bucket 0->0  (mf=1000)
[MF-SEL] tPrev=(  d=0.009407  dMin=0.000000  dAvg=0.024544  dMax=5.671441  Dlo=0.012272  Dhi=2.847992  err=-1.000000  inc=-2.754581  bucket 0->0  (mf=1000)
[MF-SEL] tPrev=(  d=0.009630  dMin=0.000000  dAvg=0.024540  dMax=5.671441  Dlo=0.012270  Dhi=2.847990  err=-1.000000  inc=-2.757183  bucket 0->0  (mf=1000)
[MF-SEL] tPrev=(  d=0.009728  dMin=0.000000  dAvg=0.024535  dMax=5.671441  Dlo=0.012268  Dhi=2.847988  err=-1.000000  inc=-2.759822  bucket 0->0  (mf=1000)
[MF-SEL] tPrev=(  d=0.018088  dMin=0.000000  dAvg=0.024533  dMax=5.671441  Dlo=0.012267  Dhi=2.847987  err=0.000000  inc=-1.869732  bucket 0->0  (mf=1000)
[MF-SEL] tPrev=(  d=0.012572  dMin=0.000000  dAvg=0.024529  dMax=5.671441  Dlo=0.012265  Dhi=2.847985  err=0.000000  inc=-2.159822  bucket 0->0  (mf=1000)
[MF-SEL] tPrev=(  d=0.013530  dMin=0.000000  dAvg=0.024526  dMax=5.671441  Dlo=0.012263  Dhi=2.847983  err=0.000000  inc=-2.159822  bucket 0->0  (mf=1000)
[MF-SEL] tPrev=(  d=0.014346  dMin=0.000000  dAvg=0.024523  dMax=5.671441  Dlo=0.012261  Dhi=2.847982  err=0.000000  inc=-2.159822  bucket 0->0  (mf=1000)
[MF-SEL] tPrev=(  d=0.015148  dMin=0.000000  dAvg=0.024520  dMax=5.671441  Dlo=0.012260  Dhi=2.847980  err=0.000000  inc=-2.159822  bucket 0->0  (mf=1000)
[MF-SEL] tPrev=(  d=0.016114  dMin=0.000000  dAvg=0.024518  dMax=5.671441  Dlo=0.012259  Dhi=2.847979  err=0.000000  inc=-2.159822  bucket 0->0  (mf=1000)
[MF-SEL] tPrev=(  d=0.018221  dMin=0.000000  dAvg=0.024516  dMax=5.671441  Dlo=0.012258  Dhi=2.847978  err=0.000000  inc=-2.159822  bucket 0->0  (mf=1000)
[MF-SEL] tPrev=(  d=0.019362  dMin=0.000000  dAvg=0.024514  dMax=5.671441  Dlo=0.012257  Dhi=2.847977  err=0.000000  inc=-2.159822  bucket 0->0  (mf=1000)
[MF-SEL] tPrev=(  d=0.019496  dMin=0.000000  dAvg=0.024513  dMax=5.671441  Dlo=0.012256  Dhi=2.847977  err=0.000000  inc=-2.159822  bucket 0->0  (mf=1000)
[MF-SEL] tPrev=(  d=0.018616  dMin=0.000000  dAvg=0.024511  dMax=5.671441  Dlo=0.012255  Dhi=2.847976  err=0.000000  inc=-2.159822  bucket 0->0  (mf=1000)
[MF-SEL] tPrev=(  d=0.011795  dMin=0.000000  dAvg=0.024507  dMax=5.671441  Dlo=0.012253  Dhi=2.847974  err=-1.000000  inc=-3.078568  bucket 0->0  (mf=1000)
[MF-SEL] tPrev=(  d=0.018476  dMin=0.000000  dAvg=0.024505  dMax=5.671441  Dlo=0.012252  Dhi=2.847973  err=0.000000  inc=-1.842868  bucket 0->0  (mf=1000)
[MF-SEL] tPrev=(  d=0.016229  dMin=0.000000  dAvg=0.024502  dMax=5.671441  Dlo=0.012251  Dhi=2.847972  err=0.000000  inc=-2.162351  bucket 0->0  (mf=1000)
[MF-SEL] tPrev=(  d=0.015692  dMin=0.000000  dAvg=0.024500  dMax=5.671441  Dlo=0.012250  Dhi=2.847970  err=0.000000  inc=-2.162351  bucket 0->0  (mf=1000)
[MF-SEL] tPrev=(  d=0.016166  dMin=0.000000  dAvg=0.024497  dMax=5.671441  Dlo=0.012249  Dhi=2.847969  err=0.000000  inc=-2.162351  bucket 0->0  (mf=1000)
[MF-SEL] tPrev=(  d=0.017715  dMin=0.000000  dAvg=0.024495  dMax=5.671441  Dlo=0.012248  Dhi=2.847968  err=0.000000  inc=-2.162351  bucket 0->0  (mf=1000)
[MF-SEL] tPrev=(  d=0.015821  dMin=0.000000  dAvg=0.024492  dMax=5.671441  Dlo=0.012246  Dhi=2.847967  err=0.000000  inc=-2.162351  bucket 0->0  (mf=1000)
[MF-SEL] tPrev=(  d=0.020931  dMin=0.000000  dAvg=0.024491  dMax=5.671441  Dlo=0.012246  Dhi=2.847966  err=0.000000  inc=-2.162351  bucket 0->0  (mf=1000)
[MF-SEL] tPrev=(  d=0.022912  dMin=0.000000  dAvg=0.024491  dMax=5.671441  Dlo=0.012245  Dhi=2.847966  err=0.000000  inc=-2.162351  bucket 0->0  (mf=1000)
[MF-SEL] tPrev=(  d=0.024629  dMin=0.000000  dAvg=0.024491  dMax=5.671441  Dlo=0.012245  Dhi=2.847966  err=0.000000  inc=-2.162351  bucket 0->0  (mf=1000)
[MF-SEL] tPrev=(  d=0.026207  dMin=0.000000  dAvg=0.024491  dMax=5.671441  Dlo=0.012246  Dhi=2.847966  err=0.000000  inc=-2.162351  bucket 0->0  (mf=1000)
[MF-SEL] tPrev=(  d=0.027821  dMin=0.000000  dAvg=0.024492  dMax=5.671441  Dlo=0.012246  Dhi=2.847967  err=0.000000  inc=-2.162351  bucket 0->0  (mf=1000)
[MF-SEL] tPrev=(  d=0.028660  dMin=0.000000  dAvg=0.024494  dMax=5.671441  Dlo=0.012247  Dhi=2.847967  err=0.000000  inc=-2.162351  bucket 0->0  (mf=1000)
[MF-SEL] tPrev=(  d=0.029761  dMin=0.000000  dAvg=0.024495  dMax=5.671441  Dlo=0.012248  Dhi=2.847968  err=0.000000  inc=-2.162351  bucket 0->0  (mf=1000)
[MF-SEL] tPrev=(  d=0.030843  dMin=0.000000  dAvg=0.024497  dMax=5.671441  Dlo=0.012249  Dhi=2.847969  err=0.000000  inc=-2.162351  bucket 0->0  (mf=1000)
[MF-SEL] tPrev=(  d=0.031849  dMin=0.000000  dAvg=0.024500  dMax=5.671441  Dlo=0.012250  Dhi=2.847970  err=0.000000  inc=-2.162351  bucket 0->0  (mf=1000)
[MF-SEL] tPrev=(  d=0.030818  dMin=0.000000  dAvg=0.024501  dMax=5.671441  Dlo=0.012251  Dhi=2.847971  err=0.000000  inc=-2.162351  bucket 0->0  (mf=1000)
[MF-SEL] tPrev=(  d=0.033342  dMin=0.000000  dAvg=0.024504  dMax=5.671441  Dlo=0.012252  Dhi=2.847972  err=0.000000  inc=-2.162351  bucket 0->0  (mf=1000)
[MF-SEL] tPrev=(  d=0.034453  dMin=0.000000  dAvg=0.024507  dMax=5.671441  Dlo=0.012254  Dhi=2.847974  err=0.000000  inc=-2.162351  bucket 0->0  (mf=1000)
[MF-SEL] tPrev=(  d=0.034628  dMin=0.000000  dAvg=0.024510  dMax=5.671441  Dlo=0.012255  Dhi=2.847975  err=0.000000  inc=-2.162351  bucket 0->0  (mf=1000)
[MF-SEL] tPrev=(  d=0.034897  dMin=0.000000  dAvg=0.024513  dMax=5.671441  Dlo=0.012257  Dhi=2.847977  err=0.000000  inc=-2.162351  bucket 0->0  (mf=1000)
[MF-SEL] tPrev=(  d=0.035362  dMin=0.000000  dAvg=0.024517  dMax=5.671441  Dlo=0.012258  Dhi=2.847979  err=0.000000  inc=-2.162351  bucket 0->0  (mf=1000)
[MF-SEL] tPrev=(  d=0.036236  dMin=0.000000  dAvg=0.024520  dMax=5.671441  Dlo=0.012260  Dhi=2.847980  err=0.000000  inc=-2.162351  bucket 0->0  (mf=1000)
[MF-SEL] tPrev=(  d=0.037222  dMin=0.000000  dAvg=0.024524  dMax=5.671441  Dlo=0.012262  Dhi=2.847982  err=0.000000  inc=-2.162351  bucket 0->0  (mf=1000)
[MF-SEL] tPrev=(  d=0.045115  dMin=0.000000  dAvg=0.024530  dMax=5.671441  Dlo=0.012265  Dhi=2.847985  err=0.000000  inc=-2.162351  bucket 0->0  (mf=1000)
[MF-SEL] tPrev=(  d=0.038250  dMin=0.000000  dAvg=0.024535  dMax=5.671441  Dlo=0.012267  Dhi=2.847988  err=0.000000  inc=-2.162351  bucket 0->0  (mf=1000)
[MF-SEL] tPrev=(  d=0.038587  dMin=0.000000  dAvg=0.024539  dMax=5.671441  Dlo=0.012269  Dhi=2.847990  err=0.000000  inc=-2.162351  bucket 0->0  (mf=1000)
[MF-SEL] tPrev=(  d=0.040034  dMin=0.000000  dAvg=0.024544  dMax=5.671441  Dlo=0.012272  Dhi=2.847992  err=0.000000  inc=-2.162351  bucket 0->0  (mf=1000)
[MF-SEL] tPrev=(  d=0.040672  dMin=0.000000  dAvg=0.024548  dMax=5.671441  Dlo=0.012274  Dhi=2.847994  err=0.000000  inc=-2.162351  bucket 0->0  (mf=1000)
[MF-SEL] tPrev=(  d=0.041652  dMin=0.000000  dAvg=0.024554  dMax=5.671441  Dlo=0.012277  Dhi=2.847997  err=0.000000  inc=-2.162351  bucket 0->0  (mf=1000)
[MF-SEL] tPrev=(  d=0.042515  dMin=0.000000  dAvg=0.024559  dMax=5.671441  Dlo=0.012280  Dhi=2.848000  err=0.000000  inc=-2.162351  bucket 0->0  (mf=1000)
[MF-SEL] tPrev=(  d=0.047082  dMin=0.000000  dAvg=0.024566  dMax=5.671441  Dlo=0.012283  Dhi=2.848003  err=0.000000  inc=-2.162351  bucket 0->0  (mf=1000)
[MF-SEL] tPrev=(  d=0.040851  dMin=0.000000  dAvg=0.024571  dMax=5.671441  Dlo=0.012285  Dhi=2.848006  err=0.000000  inc=-2.162351  bucket 0->0  (mf=1000)
[MF-SEL] tPrev=(  d=0.038678  dMin=0.000000  dAvg=0.024575  dMax=5.671441  Dlo=0.012288  Dhi=2.848008  err=0.000000  inc=-2.162351  bucket 0->0  (mf=1000)
[MF-SEL] tPrev=(  d=0.036671  dMin=0.000000  dAvg=0.024579  dMax=5.671441  Dlo=0.012289  Dhi=2.848010  err=0.000000  inc=-2.162351  bucket 0->0  (mf=1000)
[MF-SEL] tPrev=(  d=0.033797  dMin=0.000000  dAvg=0.024581  dMax=5.671441  Dlo=0.012291  Dhi=2.848011  err=0.000000  inc=-2.162351  bucket 0->0  (mf=1000)
[MF-SEL] tPrev=(  d=0.031696  dMin=0.000000  dAvg=0.024584  dMax=5.671441  Dlo=0.012292  Dhi=2.848012  err=0.000000  inc=-2.162351  bucket 0->0  (mf=1000)
[MF-SEL] tPrev=(  d=0.025378  dMin=0.000000  dAvg=0.024584  dMax=5.671441  Dlo=0.012292  Dhi=2.848012  err=0.000000  inc=-2.162351  bucket 0->0  (mf=1000)
[MF-SEL] tPrev=(  d=0.027727  dMin=0.000000  dAvg=0.024585  dMax=5.671441  Dlo=0.012292  Dhi=2.848013  err=0.000000  inc=-2.162351  bucket 0->0  (mf=1000)
[MF-SEL] tPrev=(  d=0.025747  dMin=0.000000  dAvg=0.024585  dMax=5.671441  Dlo=0.012293  Dhi=2.848013  err=0.000000  inc=-2.162351  bucket 0->0  (mf=1000)
[MF-SEL] tPrev=(  d=0.025485  dMin=0.000000  dAvg=0.024585  dMax=5.671441  Dlo=0.012293  Dhi=2.848013  err=0.000000  inc=-2.162351  bucket 0->0  (mf=1000)
[MF-SEL] tPrev=(  d=0.025241  dMin=0.000000  dAvg=0.024586  dMax=5.671441  Dlo=0.012293  Dhi=2.848013  err=0.000000  inc=-2.162351  bucket 0->0  (mf=1000)
[MF-SEL] tPrev=(  d=0.024485  dMin=0.000000  dAvg=0.024586  dMax=5.671441  Dlo=0.012293  Dhi=2.848013  err=0.000000  inc=-2.162351  bucket 0->0  (mf=1000)
[MF-SEL] tPrev=(  d=0.026156  dMin=0.000000  dAvg=0.024586  dMax=5.671441  Dlo=0.012293  Dhi=2.848013  err=0.000000  inc=-2.162351  bucket 0->0  (mf=1000)
[MF-SEL] tPrev=(  d=0.020244  dMin=0.000000  dAvg=0.024585  dMax=5.671441  Dlo=0.012292  Dhi=2.848013  err=0.000000  inc=-2.162351  bucket 0->0  (mf=1000)
[MF-SEL] tPrev=(  d=0.018301  dMin=0.000000  dAvg=0.024583  dMax=5.671441  Dlo=0.012291  Dhi=2.848012  err=0.000000  inc=-2.162351  bucket 0->0  (mf=1000)
[MF-SEL] tPrev=(  d=0.016830  dMin=0.000000  dAvg=0.024581  dMax=5.671441  Dlo=0.012290  Dhi=2.848011  err=0.000000  inc=-2.162351  bucket 0->0  (mf=1000)
[MF-SEL] tPrev=(  d=0.015447  dMin=0.000000  dAvg=0.024578  dMax=5.671441  Dlo=0.012289  Dhi=2.848009  err=0.000000  inc=-2.162351  bucket 0->0  (mf=1000)
[MF-SEL] tPrev=(  d=0.014277  dMin=0.000000  dAvg=0.024575  dMax=5.671441  Dlo=0.012287  Dhi=2.848008  err=0.000000  inc=-2.162351  bucket 0->0  (mf=1000)
[MF-SEL] tPrev=(  d=0.012813  dMin=0.000000  dAvg=0.024571  dMax=5.671441  Dlo=0.012286  Dhi=2.848006  err=0.000000  inc=-2.162351  bucket 0->0  (mf=1000)
[MF-SEL] tPrev=(  d=0.011723  dMin=0.000000  dAvg=0.024567  dMax=5.671441  Dlo=0.012284  Dhi=2.848004  err=-1.000000  inc=-3.096392  bucket 0->0  (mf=1000)
[MF-SEL] tPrev=(  d=0.011211  dMin=0.000000  dAvg=0.024563  dMax=5.671441  Dlo=0.012282  Dhi=2.848002  err=-1.000000  inc=-2.767078  bucket 0->0  (mf=1000)
[MF-SEL] tPrev=(  d=0.010482  dMin=0.000000  dAvg=0.024559  dMax=5.671441  Dlo=0.012280  Dhi=2.848000  err=-1.000000  inc=-2.769485  bucket 0->0  (mf=1000)
[MF-SEL] tPrev=(  d=0.014526  dMin=0.000000  dAvg=0.024556  dMax=5.671441  Dlo=0.012278  Dhi=2.847998  err=0.000000  inc=-1.816322  bucket 0->0  (mf=1000)
[MF-SEL] tPrev=(  d=0.008998  dMin=0.000000  dAvg=0.024551  dMax=5.671441  Dlo=0.012276  Dhi=2.847996  err=-1.000000  inc=-3.131251  bucket 0->0  (mf=1000)
[MF-SEL] tPrev=(  d=0.008823  dMin=0.000000  dAvg=0.024547  dMax=5.671441  Dlo=0.012273  Dhi=2.847994  err=-1.000000  inc=-2.774219  bucket 0->0  (mf=1000)
[MF-SEL] tPrev=(  d=0.009931  dMin=0.000000  dAvg=0.024542  dMax=5.671441  Dlo=0.012271  Dhi=2.847991  err=-1.000000  inc=-2.776660  bucket 0->0  (mf=1000)
[MF-SEL] tPrev=(  d=0.010542  dMin=0.000000  dAvg=0.024538  dMax=5.671441  Dlo=0.012269  Dhi=2.847989  err=-1.000000  inc=-2.779026  bucket 0->0  (mf=1000)
[MF-SEL] tPrev=(  d=0.011670  dMin=0.000000  dAvg=0.024534  dMax=5.671441  Dlo=0.012267  Dhi=2.847987  err=-1.000000  inc=-2.781435  bucket 0->0  (mf=1000)
[MF-SEL] tPrev=(  d=0.013695  dMin=0.000000  dAvg=0.024531  dMax=5.671441  Dlo=0.012265  Dhi=2.847986  err=0.000000  inc=-1.858380  bucket 0->0  (mf=1000)
[MF-SEL] tPrev=(  d=0.015441  dMin=0.000000  dAvg=0.024528  dMax=5.671441  Dlo=0.012264  Dhi=2.847984  err=0.000000  inc=-2.181435  bucket 0->0  (mf=1000)
[MF-SEL] tPrev=(  d=0.017086  dMin=0.000000  dAvg=0.024526  dMax=5.671441  Dlo=0.012263  Dhi=2.847983  err=0.000000  inc=-2.181435  bucket 0->0  (mf=1000)
[MF-SEL] tPrev=(  d=0.017706  dMin=0.000000  dAvg=0.024524  dMax=5.671441  Dlo=0.012262  Dhi=2.847982  err=0.000000  inc=-2.181435  bucket 0->0  (mf=1000)
[MF-SEL] tPrev=(  d=0.022756  dMin=0.000000  dAvg=0.024523  dMax=5.671441  Dlo=0.012262  Dhi=2.847982  err=0.000000  inc=-2.181435  bucket 0->0  (mf=1000)
[MF-SEL] tPrev=(  d=0.015373  dMin=0.000000  dAvg=0.024521  dMax=5.671441  Dlo=0.012260  Dhi=2.847981  err=0.000000  inc=-2.181435  bucket 0->0  (mf=1000)
[MF-SEL] tPrev=(  d=0.014160  dMin=0.000000  dAvg=0.024517  dMax=5.671441  Dlo=0.012259  Dhi=2.847979  err=0.000000  inc=-2.181435  bucket 0->0  (mf=1000)
[MF-SEL] tPrev=(  d=0.013560  dMin=0.000000  dAvg=0.024514  dMax=5.671441  Dlo=0.012257  Dhi=2.847977  err=0.000000  inc=-2.181435  bucket 0->0  (mf=1000)
[MF-SEL] tPrev=(  d=0.013552  dMin=0.000000  dAvg=0.024511  dMax=5.671441  Dlo=0.012255  Dhi=2.847976  err=0.000000  inc=-2.181435  bucket 0->0  (mf=1000)
[MF-SEL] tPrev=(  d=0.013623  dMin=0.000000  dAvg=0.024508  dMax=5.671441  Dlo=0.012254  Dhi=2.847974  err=0.000000  inc=-2.181435  bucket 0->0  (mf=1000)
[MF-SEL] tPrev=(  d=0.013563  dMin=0.000000  dAvg=0.024504  dMax=5.671441  Dlo=0.012252  Dhi=2.847972  err=0.000000  inc=-2.181435  bucket 0->0  (mf=1000)
[MF-SEL] tPrev=(  d=0.013608  dMin=0.000000  dAvg=0.024501  dMax=5.671441  Dlo=0.012251  Dhi=2.847971  err=0.000000  inc=-2.181435  bucket 0->0  (mf=1000)
[MF-SEL] tPrev=(  d=0.013161  dMin=0.000000  dAvg=0.024498  dMax=5.671441  Dlo=0.012249  Dhi=2.847969  err=0.000000  inc=-2.181435  bucket 0->0  (mf=1000)
[MF-SEL] tPrev=(  d=0.012236  dMin=0.000000  dAvg=0.024494  dMax=5.671441  Dlo=0.012247  Dhi=2.847967  err=-1.000000  inc=-3.122668  bucket 0->0  (mf=1000)
[MF-SEL] tPrev=(  d=0.013450  dMin=0.000000  dAvg=0.024491  dMax=5.671441  Dlo=0.012245  Dhi=2.847966  err=0.000000  inc=-1.873567  bucket 0->0  (mf=1000)
[MF-SEL] tPrev=(  d=0.011271  dMin=0.000000  dAvg=0.024487  dMax=5.671441  Dlo=0.012243  Dhi=2.847964  err=-1.000000  inc=-3.125139  bucket 0->0  (mf=1000)
[MF-SEL] tPrev=(  d=0.010124  dMin=0.000000  dAvg=0.024482  dMax=5.671441  Dlo=0.012241  Dhi=2.847962  err=-1.000000  inc=-2.788643  bucket 0->0  (mf=1000)
[MF-SEL] tPrev=(  d=0.009657  dMin=0.000000  dAvg=0.024478  dMax=5.671441  Dlo=0.012239  Dhi=2.847959  err=-1.000000  inc=-2.791130  bucket 0->0  (mf=1000)
[MF-SEL] tPrev=(  d=0.010111  dMin=0.000000  dAvg=0.024474  dMax=5.671441  Dlo=0.012237  Dhi=2.847957  err=-1.000000  inc=-2.793578  bucket 0->0  (mf=1000)
[MF-SEL] tPrev=(  d=0.011430  dMin=0.000000  dAvg=0.024470  dMax=5.671441  Dlo=0.012235  Dhi=2.847955  err=-1.000000  inc=-2.795980  bucket 0->0  (mf=1000)
[MF-SEL] tPrev=(  d=0.013640  dMin=0.000000  dAvg=0.024467  dMax=5.671441  Dlo=0.012233  Dhi=2.847954  err=0.000000  inc=-1.868067  bucket 0->0  (mf=1000)
[MF-SEL] tPrev=(  d=0.015426  dMin=0.000000  dAvg=0.024464  dMax=5.671441  Dlo=0.012232  Dhi=2.847952  err=0.000000  inc=-2.195980  bucket 0->0  (mf=1000)
[MF-SEL] tPrev=(  d=0.017360  dMin=0.000000  dAvg=0.024462  dMax=5.671441  Dlo=0.012231  Dhi=2.847951  err=0.000000  inc=-2.195980  bucket 0->0  (mf=1000)
[MF-SEL] tPrev=(  d=0.017673  dMin=0.000000  dAvg=0.024460  dMax=5.671441  Dlo=0.012230  Dhi=2.847950  err=0.000000  inc=-2.195980  bucket 0->0  (mf=1000)
[MF-SEL] tPrev=(  d=0.021508  dMin=0.000000  dAvg=0.024459  dMax=5.671441  Dlo=0.012229  Dhi=2.847950  err=0.000000  inc=-2.195980  bucket 0->0  (mf=1000)
[MF-SEL] tPrev=(  d=0.020879  dMin=0.000000  dAvg=0.024458  dMax=5.671441  Dlo=0.012229  Dhi=2.847949  err=0.000000  inc=-2.195980  bucket 0->0  (mf=1000)
[MF-SEL] tPrev=(  d=0.019672  dMin=0.000000  dAvg=0.024456  dMax=5.671441  Dlo=0.012228  Dhi=2.847949  err=0.000000  inc=-2.195980  bucket 0->0  (mf=1000)
[MF-SEL] tPrev=(  d=0.018060  dMin=0.000000  dAvg=0.024455  dMax=5.671441  Dlo=0.012227  Dhi=2.847948  err=0.000000  inc=-2.195980  bucket 0->0  (mf=1000)
[MF-SEL] tPrev=(  d=0.014491  dMin=0.000000  dAvg=0.024452  dMax=5.671441  Dlo=0.012226  Dhi=2.847946  err=0.000000  inc=-2.195980  bucket 0->0  (mf=1000)
[MF-SEL] tPrev=(  d=0.013435  dMin=0.000000  dAvg=0.024448  dMax=5.671441  Dlo=0.012224  Dhi=2.847944  err=0.000000  inc=-2.195980  bucket 0->0  (mf=1000)
[MF-SEL] tPrev=(  d=0.016525  dMin=0.000000  dAvg=0.024446  dMax=5.671441  Dlo=0.012223  Dhi=2.847943  err=0.000000  inc=-2.195980  bucket 0->0  (mf=1000)
[MF-SEL] tPrev=(  d=0.018156  dMin=0.000000  dAvg=0.024444  dMax=5.671441  Dlo=0.012222  Dhi=2.847942  err=0.000000  inc=-2.195980  bucket 0->0  (mf=1000)
[MF-SEL] tPrev=(  d=0.019255  dMin=0.000000  dAvg=0.024442  dMax=5.671441  Dlo=0.012221  Dhi=2.847942  err=0.000000  inc=-2.195980  bucket 0->0  (mf=1000)
[MF-SEL] tPrev=(  d=0.021455  dMin=0.000000  dAvg=0.024442  dMax=5.671441  Dlo=0.012221  Dhi=2.847941  err=0.000000  inc=-2.195980  bucket 0->0  (mf=1000)
[MF-SEL] tPrev=(  d=0.026749  dMin=0.000000  dAvg=0.024442  dMax=5.671441  Dlo=0.012221  Dhi=2.847941  err=0.000000  inc=-2.195980  bucket 0->0  (mf=1000)
[MF-SEL] tPrev=(  d=0.028310  dMin=0.000000  dAvg=0.024443  dMax=5.671441  Dlo=0.012222  Dhi=2.847942  err=0.000000  inc=-2.195980  bucket 0->0  (mf=1000)
[MF-SEL] tPrev=(  d=0.029290  dMin=0.000000  dAvg=0.024445  dMax=5.671441  Dlo=0.012222  Dhi=2.847943  err=0.000000  inc=-2.195980  bucket 0->0  (mf=1000)
[MF-SEL] tPrev=(  d=0.027278  dMin=0.000000  dAvg=0.024446  dMax=5.671441  Dlo=0.012223  Dhi=2.847943  err=0.000000  inc=-2.195980  bucket 0->0  (mf=1000)
[MF-SEL] tPrev=(  d=0.024914  dMin=0.000000  dAvg=0.024446  dMax=5.671441  Dlo=0.012223  Dhi=2.847943  err=0.000000  inc=-2.195980  bucket 0->0  (mf=1000)
[MF-SEL] tPrev=(  d=0.022348  dMin=0.000000  dAvg=0.024445  dMax=5.671441  Dlo=0.012223  Dhi=2.847943  err=0.000000  inc=-2.195980  bucket 0->0  (mf=1000)
[MF-SEL] tPrev=(  d=0.018874  dMin=0.000000  dAvg=0.024444  dMax=5.671441  Dlo=0.012222  Dhi=2.847942  err=0.000000  inc=-2.195980  bucket 0->0  (mf=1000)
[MF-SEL] tPrev=(  d=0.007302  dMin=0.000000  dAvg=0.024439  dMax=5.671441  Dlo=0.012219  Dhi=2.847940  err=-1.000000  inc=-3.137165  bucket 0->0  (mf=1000)
[MF-SEL] tPrev=(  d=0.016031  dMin=0.000000  dAvg=0.024436  dMax=5.671441  Dlo=0.012218  Dhi=2.847938  err=0.000000  inc=-1.824043  bucket 0->0  (mf=1000)
[MF-SEL] tPrev=(  d=0.014217  dMin=0.000000  dAvg=0.024433  dMax=5.671441  Dlo=0.012216  Dhi=2.847937  err=0.000000  inc=-2.198341  bucket 0->0  (mf=1000)
[MF-SEL] tPrev=(  d=0.013286  dMin=0.000000  dAvg=0.024430  dMax=5.671441  Dlo=0.012215  Dhi=2.847935  err=0.000000  inc=-2.198341  bucket 0->0  (mf=1000)
[MF-SEL] tPrev=(  d=0.013028  dMin=0.000000  dAvg=0.024426  dMax=5.671441  Dlo=0.012213  Dhi=2.847933  err=0.000000  inc=-2.198341  bucket 0->0  (mf=1000)
[MF-SEL] tPrev=(  d=0.013863  dMin=0.000000  dAvg=0.024423  dMax=5.671441  Dlo=0.012212  Dhi=2.847932  err=0.000000  inc=-2.198341  bucket 0->0  (mf=1000)
[MF-SEL] tPrev=(  d=0.014071  dMin=0.000000  dAvg=0.024420  dMax=5.671441  Dlo=0.012210  Dhi=2.847930  err=0.000000  inc=-2.198341  bucket 0->0  (mf=1000)
[MF-SEL] tPrev=(  d=0.015141  dMin=0.000000  dAvg=0.024417  dMax=5.671441  Dlo=0.012209  Dhi=2.847929  err=0.000000  inc=-2.198341  bucket 0->0  (mf=1000)
[MF-SEL] tPrev=(  d=0.017157  dMin=0.000000  dAvg=0.024415  dMax=5.671441  Dlo=0.012208  Dhi=2.847928  err=0.000000  inc=-2.198341  bucket 0->0  (mf=1000)
[MF-SEL] tPrev=(  d=0.017917  dMin=0.000000  dAvg=0.024413  dMax=5.671441  Dlo=0.012207  Dhi=2.847927  err=0.000000  inc=-2.198341  bucket 0->0  (mf=1000)
[MF-SEL] tPrev=(  d=0.008703  dMin=0.000000  dAvg=0.024409  dMax=5.671441  Dlo=0.012204  Dhi=2.847925  err=-1.000000  inc=-3.172798  bucket 0->0  (mf=1000)
[MF-SEL] tPrev=(  d=0.017145  dMin=0.000000  dAvg=0.024406  dMax=5.671441  Dlo=0.012203  Dhi=2.847924  err=0.000000  inc=-1.849135  bucket 0->0  (mf=1000)
[MF-SEL] tPrev=(  d=0.015680  dMin=0.000000  dAvg=0.024404  dMax=5.671441  Dlo=0.012202  Dhi=2.847922  err=0.000000  inc=-2.200490  bucket 0->0  (mf=1000)
[MF-SEL] tPrev=(  d=0.014402  dMin=0.000000  dAvg=0.024401  dMax=5.671441  Dlo=0.012200  Dhi=2.847921  err=0.000000  inc=-2.200490  bucket 0->0  (mf=1000)
[MF-SEL] tPrev=(  d=0.013207  dMin=0.000000  dAvg=0.024398  dMax=5.671441  Dlo=0.012199  Dhi=2.847919  err=0.000000  inc=-2.200490  bucket 0->0  (mf=1000)
[MF-SEL] tPrev=(  d=0.012173  dMin=0.000000  dAvg=0.024394  dMax=5.671441  Dlo=0.012197  Dhi=2.847917  err=-1.000000  inc=-3.140357  bucket 0->0  (mf=1000)
[MF-SEL] tPrev=(  d=0.011449  dMin=0.000000  dAvg=0.024390  dMax=5.671441  Dlo=0.012195  Dhi=2.847915  err=-1.000000  inc=-2.805354  bucket 0->0  (mf=1000)
[MF-SEL] tPrev=(  d=0.010950  dMin=0.000000  dAvg=0.024386  dMax=5.671441  Dlo=0.012193  Dhi=2.847913  err=-1.000000  inc=-2.807696  bucket 0->0  (mf=1000)
[MF-SEL] tPrev=(  d=0.010678  dMin=0.000000  dAvg=0.024382  dMax=5.671441  Dlo=0.012191  Dhi=2.847911  err=-1.000000  inc=-2.809918  bucket 0->0  (mf=1000)
[MF-SEL] tPrev=(  d=0.010316  dMin=0.000000  dAvg=0.024378  dMax=5.671441  Dlo=0.012189  Dhi=2.847909  err=-1.000000  inc=-2.812240  bucket 0->0  (mf=1000)
[MF-SEL] tPrev=(  d=0.018957  dMin=0.000000  dAvg=0.024376  dMax=5.671441  Dlo=0.012188  Dhi=2.847909  err=0.000000  inc=-1.842901  bucket 0->0  (mf=1000)
[MF-SEL] tPrev=(  d=0.009451  dMin=0.000000  dAvg=0.024372  dMax=5.671441  Dlo=0.012186  Dhi=2.847906  err=-1.000000  inc=-3.168347  bucket 0->0  (mf=1000)
[MF-SEL] tPrev=(  d=0.011081  dMin=0.000000  dAvg=0.024368  dMax=5.671441  Dlo=0.012184  Dhi=2.847904  err=-1.000000  inc=-2.816751  bucket 0->0  (mf=1000)
[MF-SEL] tPrev=(  d=0.012792  dMin=0.000000  dAvg=0.024365  dMax=5.671441  Dlo=0.012182  Dhi=2.847903  err=0.000000  inc=-1.877184  bucket 0->0  (mf=1000)
[MF-SEL] tPrev=(  d=0.014403  dMin=0.000000  dAvg=0.024362  dMax=5.671441  Dlo=0.012181  Dhi=2.847901  err=0.000000  inc=-2.216751  bucket 0->0  (mf=1000)
[MF-SEL] tPrev=(  d=0.015192  dMin=0.000000  dAvg=0.024359  dMax=5.671441  Dlo=0.012180  Dhi=2.847900  err=0.000000  inc=-2.216751  bucket 0->0  (mf=1000)
[MF-SEL] tPrev=(  d=0.016848  dMin=0.000000  dAvg=0.024357  dMax=5.671441  Dlo=0.012178  Dhi=2.847899  err=0.000000  inc=-2.216751  bucket 0->0  (mf=1000)
[MF-SEL] tPrev=(  d=0.018124  dMin=0.000000  dAvg=0.024355  dMax=5.671441  Dlo=0.012178  Dhi=2.847898  err=0.000000  inc=-2.216751  bucket 0->0  (mf=1000)
[MF-SEL] tPrev=(  d=0.016410  dMin=0.000000  dAvg=0.024353  dMax=5.671441  Dlo=0.012176  Dhi=2.847897  err=0.000000  inc=-2.216751  bucket 0->0  (mf=1000)
[MF-SEL] tPrev=(  d=0.015255  dMin=0.000000  dAvg=0.024350  dMax=5.671441  Dlo=0.012175  Dhi=2.847895  err=0.000000  inc=-2.216751  bucket 0->0  (mf=1000)
[MF-SEL] tPrev=(  d=0.016582  dMin=0.000000  dAvg=0.024348  dMax=5.671441  Dlo=0.012174  Dhi=2.847894  err=0.000000  inc=-2.216751  bucket 0->0  (mf=1000)
[MF-SEL] tPrev=(  d=0.010353  dMin=0.000000  dAvg=0.024344  dMax=5.671441  Dlo=0.012172  Dhi=2.847892  err=-1.000000  inc=-3.177034  bucket 0->0  (mf=1000)
[MF-SEL] tPrev=(  d=0.008903  dMin=0.000000  dAvg=0.024339  dMax=5.671441  Dlo=0.012170  Dhi=2.847890  err=-1.000000  inc=-2.821278  bucket 0->0  (mf=1000)
[MF-SEL] tPrev=(  d=0.007361  dMin=0.000000  dAvg=0.024334  dMax=5.671441  Dlo=0.012167  Dhi=2.847887  err=-1.000000  inc=-2.823640  bucket 0->0  (mf=1000)
[MF-SEL] tPrev=(  d=0.006781  dMin=0.000000  dAvg=0.024329  dMax=5.671441  Dlo=0.012164  Dhi=2.847885  err=-1.000000  inc=-2.825956  bucket 0->0  (mf=1000)
[MF-SEL] tPrev=(  d=0.005186  dMin=0.000000  dAvg=0.024323  dMax=5.671441  Dlo=0.012162  Dhi=2.847882  err=-1.000000  inc=-2.828356  bucket 0->0  (mf=1000)
[MF-SEL] tPrev=(  d=0.004725  dMin=0.000000  dAvg=0.024318  dMax=5.671441  Dlo=0.012159  Dhi=2.847879  err=-1.000000  inc=-2.830939  bucket 0->0  (mf=1000)
[MF-SEL] tPrev=(  d=0.002981  dMin=0.000000  dAvg=0.024311  dMax=5.671441  Dlo=0.012156  Dhi=2.847876  err=-1.000000  inc=-2.833394  bucket 0->0  (mf=1000)
[MF-SEL] tPrev=(  d=0.003392  dMin=0.000000  dAvg=0.024305  dMax=5.671441  Dlo=0.012153  Dhi=2.847873  err=-1.000000  inc=-2.835797  bucket 0->0  (mf=1000)
[MF-SEL] tPrev=(  d=0.005047  dMin=0.000000  dAvg=0.024299  dMax=5.671441  Dlo=0.012150  Dhi=2.847870  err=-1.000000  inc=-2.838136  bucket 0->0  (mf=1000)
[MF-SEL] tPrev=(  d=0.013465  dMin=0.000000  dAvg=0.024296  dMax=5.671441  Dlo=0.012148  Dhi=2.847868  err=0.000000  inc=-1.919291  bucket 0->0  (mf=1000)
[MF-SEL] tPrev=(  d=0.008997  dMin=0.000000  dAvg=0.024292  dMax=5.671441  Dlo=0.012146  Dhi=2.847866  err=-1.000000  inc=-3.161598  bucket 0->0  (mf=1000)
[MF-SEL] tPrev=(  d=0.010853  dMin=0.000000  dAvg=0.024288  dMax=5.671441  Dlo=0.012144  Dhi=2.847864  err=-1.000000  inc=-2.843184  bucket 0->0  (mf=1000)
[MF-SEL] tPrev=(  d=0.013342  dMin=0.000000  dAvg=0.024285  dMax=5.671441  Dlo=0.012142  Dhi=2.847863  err=0.000000  inc=-1.920971  bucket 0->0  (mf=1000)
[MF-SEL] tPrev=(  d=0.015941  dMin=0.000000  dAvg=0.024282  dMax=5.671441  Dlo=0.012141  Dhi=2.847861  err=0.000000  inc=-2.243184  bucket 0->0  (mf=1000)
[MF-SEL] tPrev=(  d=0.018172  dMin=0.000000  dAvg=0.024280  dMax=5.671441  Dlo=0.012140  Dhi=2.847861  err=0.000000  inc=-2.243184  bucket 0->0  (mf=1000)
[MF-SEL] tPrev=(  d=0.021313  dMin=0.000000  dAvg=0.024280  dMax=5.671441  Dlo=0.012140  Dhi=2.847860  err=0.000000  inc=-2.243184  bucket 0->0  (mf=1000)
[MF-SEL] tPrev=(  d=0.023350  dMin=0.000000  dAvg=0.024279  dMax=5.671441  Dlo=0.012140  Dhi=2.847860  err=0.000000  inc=-2.243184  bucket 0->0  (mf=1000)
[MF-SEL] tPrev=(  d=0.024863  dMin=0.000000  dAvg=0.024279  dMax=5.671441  Dlo=0.012140  Dhi=2.847860  err=0.000000  inc=-2.243184  bucket 0->0  (mf=1000)
[MF-SEL] tPrev=(  d=0.025578  dMin=0.000000  dAvg=0.024280  dMax=5.671441  Dlo=0.012140  Dhi=2.847860  err=0.000000  inc=-2.243184  bucket 0->0  (mf=1000)
[MF-SEL] tPrev=(  d=0.036989  dMin=0.000000  dAvg=0.024284  dMax=5.671441  Dlo=0.012142  Dhi=2.847862  err=0.000000  inc=-2.243184  bucket 0->0  (mf=1000)
[MF-SEL] tPrev=(  d=0.029231  dMin=0.000000  dAvg=0.024285  dMax=5.671441  Dlo=0.012143  Dhi=2.847863  err=0.000000  inc=-2.243184  bucket 0->0  (mf=1000)
[MF-SEL] tPrev=(  d=0.030410  dMin=0.000000  dAvg=0.024287  dMax=5.671441  Dlo=0.012143  Dhi=2.847864  err=0.000000  inc=-2.243184  bucket 0->0  (mf=1000)
[MF-SEL] tPrev=(  d=0.032555  dMin=0.000000  dAvg=0.024289  dMax=5.671441  Dlo=0.012145  Dhi=2.847865  err=0.000000  inc=-2.243184  bucket 0->0  (mf=1000)
[MF-SEL] tPrev=(  d=0.034029  dMin=0.000000  dAvg=0.024292  dMax=5.671441  Dlo=0.012146  Dhi=2.847866  err=0.000000  inc=-2.243184  bucket 0->0  (mf=1000)
[MF-SEL] tPrev=(  d=0.033902  dMin=0.000000  dAvg=0.024295  dMax=5.671441  Dlo=0.012147  Dhi=2.847868  err=0.000000  inc=-2.243184  bucket 0->0  (mf=1000)
[MF-SEL] tPrev=(  d=0.033088  dMin=0.000000  dAvg=0.024297  dMax=5.671441  Dlo=0.012149  Dhi=2.847869  err=0.000000  inc=-2.243184  bucket 0->0  (mf=1000)
[MF-SEL] tPrev=(  d=0.032366  dMin=0.000000  dAvg=0.024300  dMax=5.671441  Dlo=0.012150  Dhi=2.847870  err=0.000000  inc=-2.243184  bucket 0->0  (mf=1000)
[MF-SEL] tPrev=(  d=0.030202  dMin=0.000000  dAvg=0.024302  dMax=5.671441  Dlo=0.012151  Dhi=2.847871  err=0.000000  inc=-2.243184  bucket 0->0  (mf=1000)
[MF-SEL] tPrev=(  d=0.028890  dMin=0.000000  dAvg=0.024303  dMax=5.671441  Dlo=0.012151  Dhi=2.847872  err=0.000000  inc=-2.243184  bucket 0->0  (mf=1000)
[MF-SEL] tPrev=(  d=0.030544  dMin=0.000000  dAvg=0.024305  dMax=5.671441  Dlo=0.012152  Dhi=2.847873  err=0.000000  inc=-2.243184  bucket 0->0  (mf=1000)
[MF-SEL] tPrev=(  d=0.026878  dMin=0.000000  dAvg=0.024305  dMax=5.671441  Dlo=0.012153  Dhi=2.847873  err=0.000000  inc=-2.243184  bucket 0->0  (mf=1000)
[MF-SEL] tPrev=(  d=0.026750  dMin=0.000000  dAvg=0.024306  dMax=5.671441  Dlo=0.012153  Dhi=2.847873  err=0.000000  inc=-2.243184  bucket 0->0  (mf=1000)
[MF-SEL] tPrev=(  d=0.026633  dMin=0.000000  dAvg=0.024307  dMax=5.671441  Dlo=0.012153  Dhi=2.847874  err=0.000000  inc=-2.243184  bucket 0->0  (mf=1000)
[MF-SEL] tPrev=(  d=0.026460  dMin=0.000000  dAvg=0.024307  dMax=5.671441  Dlo=0.012154  Dhi=2.847874  err=0.000000  inc=-2.243184  bucket 0->0  (mf=1000)
[MF-SEL] tPrev=(  d=0.026094  dMin=0.000000  dAvg=0.024308  dMax=5.671441  Dlo=0.012154  Dhi=2.847874  err=0.000000  inc=-2.243184  bucket 0->0  (mf=1000)
[MF-SEL] tPrev=(  d=0.025417  dMin=0.000000  dAvg=0.024308  dMax=5.671441  Dlo=0.012154  Dhi=2.847874  err=0.000000  inc=-2.243184  bucket 0->0  (mf=1000)
[MF-SEL] tPrev=(  d=0.024835  dMin=0.000000  dAvg=0.024308  dMax=5.671441  Dlo=0.012154  Dhi=2.847875  err=0.000000  inc=-2.243184  bucket 0->0  (mf=1000)
[MF-SEL] tPrev=(  d=0.023591  dMin=0.000000  dAvg=0.024308  dMax=5.671441  Dlo=0.012154  Dhi=2.847874  err=0.000000  inc=-2.243184  bucket 0->0  (mf=1000)
[MF-SEL] tPrev=(  d=0.022665  dMin=0.000000  dAvg=0.024308  dMax=5.671441  Dlo=0.012154  Dhi=2.847874  err=0.000000  inc=-2.243184  bucket 0->0  (mf=1000)
[MF-SEL] tPrev=(  d=0.018969  dMin=0.000000  dAvg=0.024306  dMax=5.671441  Dlo=0.012153  Dhi=2.847873  err=0.000000  inc=-2.243184  bucket 0->0  (mf=1000)
[MF-SEL] tPrev=(  d=0.019917  dMin=0.000000  dAvg=0.024305  dMax=5.671441  Dlo=0.012152  Dhi=2.847873  err=0.000000  inc=-2.243184  bucket 0->0  (mf=1000)
[MF-SEL] tPrev=(  d=0.018876  dMin=0.000000  dAvg=0.024303  dMax=5.671441  Dlo=0.012152  Dhi=2.847872  err=0.000000  inc=-2.243184  bucket 0->0  (mf=1000)
[MF-SEL] tPrev=(  d=0.017763  dMin=0.000000  dAvg=0.024301  dMax=5.671441  Dlo=0.012151  Dhi=2.847871  err=0.000000  inc=-2.243184  bucket 0->0  (mf=1000)
[MF-SEL] tPrev=(  d=0.017747  dMin=0.000000  dAvg=0.024300  dMax=5.671441  Dlo=0.012150  Dhi=2.847870  err=0.000000  inc=-2.243184  bucket 0->0  (mf=1000)
[MF-SEL] tPrev=(  d=0.017296  dMin=0.000000  dAvg=0.024298  dMax=5.671441  Dlo=0.012149  Dhi=2.847869  err=0.000000  inc=-2.243184  bucket 0->0  (mf=1000)
[MF-SEL] tPrev=(  d=0.016923  dMin=0.000000  dAvg=0.024295  dMax=5.671441  Dlo=0.012148  Dhi=2.847868  err=0.000000  inc=-2.243184  bucket 0->0  (mf=1000)
[MF-SEL] tPrev=(  d=0.016921  dMin=0.000000  dAvg=0.024293  dMax=5.671441  Dlo=0.012147  Dhi=2.847867  err=0.000000  inc=-2.243184  bucket 0->0  (mf=1000)
[MF-SEL] tPrev=(  d=0.016927  dMin=0.000000  dAvg=0.024291  dMax=5.671441  Dlo=0.012146  Dhi=2.847866  err=0.000000  inc=-2.243184  bucket 0->0  (mf=1000)
[MF-SEL] tPrev=(  d=0.016637  dMin=0.000000  dAvg=0.024289  dMax=5.671441  Dlo=0.012144  Dhi=2.847865  err=0.000000  inc=-2.243184  bucket 0->0  (mf=1000)
[MF-SEL] tPrev=(  d=0.018715  dMin=0.000000  dAvg=0.024287  dMax=5.671441  Dlo=0.012144  Dhi=2.847864  err=0.000000  inc=-2.243184  bucket 0->0  (mf=1000)
[MF-SEL] tPrev=(  d=0.016220  dMin=0.000000  dAvg=0.024285  dMax=5.671441  Dlo=0.012142  Dhi=2.847863  err=0.000000  inc=-2.243184  bucket 0->0  (mf=1000)
[MF-SEL] tPrev=(  d=0.017576  dMin=0.000000  dAvg=0.024283  dMax=5.671441  Dlo=0.012141  Dhi=2.847862  err=0.000000  inc=-2.243184  bucket 0->0  (mf=1000)
[MF-SEL] tPrev=(  d=0.018644  dMin=0.000000  dAvg=0.024281  dMax=5.671441  Dlo=0.012141  Dhi=2.847861  err=0.000000  inc=-2.243184  bucket 0->0  (mf=1000)
[MF-SEL] tPrev=(  d=0.019752  dMin=0.000000  dAvg=0.024280  dMax=5.671441  Dlo=0.012140  Dhi=2.847860  err=0.000000  inc=-2.243184  bucket 0->0  (mf=1000)
[MF-SEL] tPrev=(  d=0.021025  dMin=0.000000  dAvg=0.024279  dMax=5.671441  Dlo=0.012140  Dhi=2.847860  err=0.000000  inc=-2.243184  bucket 0->0  (mf=1000)
[MF-SEL] tPrev=(  d=0.021636  dMin=0.000000  dAvg=0.024278  dMax=5.671441  Dlo=0.012139  Dhi=2.847859  err=0.000000  inc=-2.243184  bucket 0->0  (mf=1000)
[MF-SEL] tPrev=(  d=0.025387  dMin=0.000000  dAvg=0.024279  dMax=5.671441  Dlo=0.012139  Dhi=2.847860  err=0.000000  inc=-2.243184  bucket 0->0  (mf=1000)
[MF-SEL] tPrev=(  d=0.019031  dMin=0.000000  dAvg=0.024277  dMax=5.671441  Dlo=0.012139  Dhi=2.847859  err=0.000000  inc=-2.243184  bucket 0->0  (mf=1000)
[MF-SEL] tPrev=(  d=0.017025  dMin=0.000000  dAvg=0.024275  dMax=5.671441  Dlo=0.012138  Dhi=2.847858  err=0.000000  inc=-2.243184  bucket 0->0  (mf=1000)
[MF-SEL] tPrev=(  d=0.015753  dMin=0.000000  dAvg=0.024273  dMax=5.671441  Dlo=0.012136  Dhi=2.847857  err=0.000000  inc=-2.243184  bucket 0->0  (mf=1000)
[MF-SEL] tPrev=(  d=0.014022  dMin=0.000000  dAvg=0.024270  dMax=5.671441  Dlo=0.012135  Dhi=2.847855  err=0.000000  inc=-2.243184  bucket 0->0  (mf=1000)
[MF-SEL] tPrev=(  d=0.011903  dMin=0.000000  dAvg=0.024266  dMax=5.671441  Dlo=0.012133  Dhi=2.847853  err=-1.000000  inc=-3.159627  bucket 0->0  (mf=1000)
[MF-SEL] tPrev=(  d=0.010152  dMin=0.000000  dAvg=0.024262  dMax=5.671441  Dlo=0.012131  Dhi=2.847851  err=-1.000000  inc=-2.848423  bucket 0->0  (mf=1000)
[MF-SEL] tPrev=(  d=0.008951  dMin=0.000000  dAvg=0.024258  dMax=5.671441  Dlo=0.012129  Dhi=2.847849  err=-1.000000  inc=-2.850983  bucket 0->0  (mf=1000)
[MF-SEL] tPrev=(  d=0.006666  dMin=0.000000  dAvg=0.024252  dMax=5.671441  Dlo=0.012126  Dhi=2.847847  err=-1.000000  inc=-2.853447  bucket 0->0  (mf=1000)
[MF-SEL] tPrev=(  d=0.005560  dMin=0.000000  dAvg=0.024247  dMax=5.671441  Dlo=0.012124  Dhi=2.847844  err=-1.000000  inc=-2.855892  bucket 0->0  (mf=1000)
[MF-SEL] tPrev=(  d=0.009367  dMin=0.000000  dAvg=0.024243  dMax=5.671441  Dlo=0.012121  Dhi=2.847842  err=-1.000000  inc=-2.858588  bucket 0->0  (mf=1000)
[MF-SEL] tPrev=(  d=0.002648  dMin=0.000000  dAvg=0.024237  dMax=5.671441  Dlo=0.012118  Dhi=2.847839  err=-1.000000  inc=-2.861156  bucket 0->0  (mf=1000)
[MF-SEL] tPrev=(  d=0.002685  dMin=0.000000  dAvg=0.024230  dMax=5.671441  Dlo=0.012115  Dhi=2.847835  err=-1.000000  inc=-2.863905  bucket 0->0  (mf=1000)
[MF-SEL] tPrev=(  d=0.003644  dMin=0.000000  dAvg=0.024224  dMax=5.671441  Dlo=0.012112  Dhi=2.847833  err=-1.000000  inc=-2.866459  bucket 0->0  (mf=1000)
[MF-SEL] tPrev=(  d=0.004996  dMin=0.000000  dAvg=0.024219  dMax=5.671441  Dlo=0.012109  Dhi=2.847830  err=-1.000000  inc=-2.869046  bucket 0->0  (mf=1000)
[MF-SEL] tPrev=(  d=0.006593  dMin=0.000000  dAvg=0.024214  dMax=5.671441  Dlo=0.012107  Dhi=2.847827  err=-1.000000  inc=-2.871727  bucket 0->0  (mf=1000)
[MF-SEL] tPrev=(  d=0.007658  dMin=0.000000  dAvg=0.024209  dMax=5.671441  Dlo=0.012105  Dhi=2.847825  err=-1.000000  inc=-2.874458  bucket 0->0  (mf=1000)
[MF-SEL] tPrev=(  d=0.008329  dMin=0.000000  dAvg=0.024204  dMax=5.671441  Dlo=0.012102  Dhi=2.847823  err=-1.000000  inc=-2.877042  bucket 0->0  (mf=1000)
[MF-SEL] tPrev=(  d=0.008861  dMin=0.000000  dAvg=0.024200  dMax=5.671441  Dlo=0.012100  Dhi=2.847820  err=-1.000000  inc=-2.879578  bucket 0->0  (mf=1000)
[MF-SEL] tPrev=(  d=0.009602  dMin=0.000000  dAvg=0.024196  dMax=5.671441  Dlo=0.012098  Dhi=2.847818  err=-1.000000  inc=-2.882136  bucket 0->0  (mf=1000)
[MF-SEL] tPrev=(  d=0.020526  dMin=0.000000  dAvg=0.024195  dMax=5.671441  Dlo=0.012097  Dhi=2.847818  err=0.000000  inc=-1.957637  bucket 0->0  (mf=1000)
[MF-SEL] tPrev=(  d=0.010149  dMin=0.000000  dAvg=0.024191  dMax=5.671441  Dlo=0.012095  Dhi=2.847816  err=-1.000000  inc=-3.219689  bucket 0->0  (mf=1000)
[MF-SEL] tPrev=(  d=0.010736  dMin=0.000000  dAvg=0.024187  dMax=5.671441  Dlo=0.012093  Dhi=2.847814  err=-1.000000  inc=-2.887051  bucket 0->0  (mf=1000)
[MF-SEL] tPrev=(  d=0.010895  dMin=0.000000  dAvg=0.024183  dMax=5.671441  Dlo=0.012092  Dhi=2.847812  err=-1.000000  inc=-2.889650  bucket 0->0  (mf=1000)
[MF-SEL] tPrev=(  d=0.010922  dMin=0.000000  dAvg=0.024179  dMax=5.671441  Dlo=0.012090  Dhi=2.847810  err=-1.000000  inc=-2.892221  bucket 0->0  (mf=1000)
[MF-SEL] tPrev=(  d=0.011227  dMin=0.000000  dAvg=0.024176  dMax=5.671441  Dlo=0.012088  Dhi=2.847808  err=-1.000000  inc=-2.894729  bucket 0->0  (mf=1000)
[MF-SEL] tPrev=(  d=0.011505  dMin=0.000000  dAvg=0.024172  dMax=5.671441  Dlo=0.012086  Dhi=2.847806  err=-1.000000  inc=-2.897470  bucket 0->0  (mf=1000)
[MF-SEL] tPrev=(  d=0.012177  dMin=0.000000  dAvg=0.024168  dMax=5.671441  Dlo=0.012084  Dhi=2.847805  err=0.000000  inc=-1.958671  bucket 0->0  (mf=1000)
[MF-SEL] tPrev=(  d=0.012651  dMin=0.000000  dAvg=0.024165  dMax=5.671441  Dlo=0.012083  Dhi=2.847803  err=0.000000  inc=-2.297470  bucket 0->0  (mf=1000)
[MF-SEL] tPrev=(  d=0.013094  dMin=0.000000  dAvg=0.024162  dMax=5.671441  Dlo=0.012081  Dhi=2.847801  err=0.000000  inc=-2.297470  bucket 0->0  (mf=1000)
[MF-SEL] tPrev=(  d=0.016768  dMin=0.000000  dAvg=0.024160  dMax=5.671441  Dlo=0.012080  Dhi=2.847800  err=0.000000  inc=-2.297470  bucket 0->0  (mf=1000)
[MF-SEL] tPrev=(  d=0.013066  dMin=0.000000  dAvg=0.024157  dMax=5.671441  Dlo=0.012078  Dhi=2.847799  err=0.000000  inc=-2.297470  bucket 0->0  (mf=1000)
[MF-SEL] tPrev=(  d=0.013926  dMin=0.000000  dAvg=0.024154  dMax=5.671441  Dlo=0.012077  Dhi=2.847797  err=0.000000  inc=-2.297470  bucket 0->0  (mf=1000)
[MF-SEL] tPrev=(  d=0.014695  dMin=0.000000  dAvg=0.024151  dMax=5.671441  Dlo=0.012076  Dhi=2.847796  err=0.000000  inc=-2.297470  bucket 0->0  (mf=1000)
[MF-SEL] tPrev=(  d=0.016212  dMin=0.000000  dAvg=0.024149  dMax=5.671441  Dlo=0.012074  Dhi=2.847795  err=0.000000  inc=-2.297470  bucket 0->0  (mf=1000)
[MF-SEL] tPrev=(  d=0.017356  dMin=0.000000  dAvg=0.024147  dMax=5.671441  Dlo=0.012073  Dhi=2.847794  err=0.000000  inc=-2.297470  bucket 0->0  (mf=1000)
[MF-SEL] tPrev=(  d=0.018534  dMin=0.000000  dAvg=0.024145  dMax=5.671441  Dlo=0.012073  Dhi=2.847793  err=0.000000  inc=-2.297470  bucket 0->0  (mf=1000)
[MF-SEL] tPrev=(  d=0.020752  dMin=0.000000  dAvg=0.024144  dMax=5.671441  Dlo=0.012072  Dhi=2.847792  err=0.000000  inc=-2.297470  bucket 0->0  (mf=1000)
[MF-SEL] tPrev=(  d=0.022085  dMin=0.000000  dAvg=0.024144  dMax=5.671441  Dlo=0.012072  Dhi=2.847792  err=0.000000  inc=-2.297470  bucket 0->0  (mf=1000)
[MF-SEL] tPrev=(  d=0.023028  dMin=0.000000  dAvg=0.024143  dMax=5.671441  Dlo=0.012072  Dhi=2.847792  err=0.000000  inc=-2.297470  bucket 0->0  (mf=1000)
[MF-SEL] tPrev=(  d=0.019965  dMin=0.000000  dAvg=0.024142  dMax=5.671441  Dlo=0.012071  Dhi=2.847791  err=0.000000  inc=-2.297470  bucket 0->0  (mf=1000)
[MF-SEL] tPrev=(  d=0.023464  dMin=0.000000  dAvg=0.024142  dMax=5.671441  Dlo=0.012071  Dhi=2.847791  err=0.000000  inc=-2.297470  bucket 0->0  (mf=1000)
[MF-SEL] tPrev=(  d=0.024597  dMin=0.000000  dAvg=0.024142  dMax=5.671441  Dlo=0.012071  Dhi=2.847791  err=0.000000  inc=-2.297470  bucket 0->0  (mf=1000)
[MF-SEL] tPrev=(  d=0.025637  dMin=0.000000  dAvg=0.024142  dMax=5.671441  Dlo=0.012071  Dhi=2.847792  err=0.000000  inc=-2.297470  bucket 0->0  (mf=1000)
[MF-SEL] tPrev=(  d=0.026660  dMin=0.000000  dAvg=0.024143  dMax=5.671441  Dlo=0.012072  Dhi=2.847792  err=0.000000  inc=-2.297470  bucket 0->0  (mf=1000)
[MF-SEL] tPrev=(  d=0.027192  dMin=0.000000  dAvg=0.024144  dMax=5.671441  Dlo=0.012072  Dhi=2.847792  err=0.000000  inc=-2.297470  bucket 0->0  (mf=1000)
[MF-SEL] tPrev=(  d=0.027957  dMin=0.000000  dAvg=0.024145  dMax=5.671441  Dlo=0.012073  Dhi=2.847793  err=0.000000  inc=-2.297470  bucket 0->0  (mf=1000)
[MF-SEL] tPrev=(  d=0.028501  dMin=0.000000  dAvg=0.024146  dMax=5.671441  Dlo=0.012073  Dhi=2.847794  err=0.000000  inc=-2.297470  bucket 0->0  (mf=1000)
[MF-SEL] tPrev=(  d=0.029254  dMin=0.000000  dAvg=0.024148  dMax=5.671441  Dlo=0.012074  Dhi=2.847794  err=0.000000  inc=-2.297470  bucket 0->0  (mf=1000)
[MF-SEL] tPrev=(  d=0.030868  dMin=0.000000  dAvg=0.024150  dMax=5.671441  Dlo=0.012075  Dhi=2.847795  err=0.000000  inc=-2.297470  bucket 0->0  (mf=1000)
[MF-SEL] tPrev=(  d=0.029789  dMin=0.000000  dAvg=0.024151  dMax=5.671441  Dlo=0.012076  Dhi=2.847796  err=0.000000  inc=-2.297470  bucket 0->0  (mf=1000)
[MF-SEL] tPrev=(  d=0.030605  dMin=0.000000  dAvg=0.024153  dMax=5.671441  Dlo=0.012077  Dhi=2.847797  err=0.000000  inc=-2.297470  bucket 0->0  (mf=1000)
[MF-SEL] tPrev=(  d=0.031818  dMin=0.000000  dAvg=0.024155  dMax=5.671441  Dlo=0.012078  Dhi=2.847798  err=0.000000  inc=-2.297470  bucket 0->0  (mf=1000)
[MF-SEL] tPrev=(  d=0.032832  dMin=0.000000  dAvg=0.024158  dMax=5.671441  Dlo=0.012079  Dhi=2.847799  err=0.000000  inc=-2.297470  bucket 0->0  (mf=1000)
[MF-SEL] tPrev=(  d=0.032814  dMin=0.000000  dAvg=0.024160  dMax=5.671441  Dlo=0.012080  Dhi=2.847800  err=0.000000  inc=-2.297470  bucket 0->0  (mf=1000)
[MF-SEL] tPrev=(  d=0.033357  dMin=0.000000  dAvg=0.024163  dMax=5.671441  Dlo=0.012081  Dhi=2.847802  err=0.000000  inc=-2.297470  bucket 0->0  (mf=1000)
[MF-SEL] tPrev=(  d=0.034189  dMin=0.000000  dAvg=0.024166  dMax=5.671441  Dlo=0.012083  Dhi=2.847803  err=0.000000  inc=-2.297470  bucket 0->0  (mf=1000)
[MF-SEL] tPrev=(  d=0.034103  dMin=0.000000  dAvg=0.024169  dMax=5.671441  Dlo=0.012084  Dhi=2.847805  err=0.000000  inc=-2.297470  bucket 0->0  (mf=1000)
[MF-SEL] tPrev=(  d=0.034134  dMin=0.000000  dAvg=0.024171  dMax=5.671441  Dlo=0.012086  Dhi=2.847806  err=0.000000  inc=-2.297470  bucket 0->0  (mf=1000)
[MF-SEL] tPrev=(  d=0.033938  dMin=0.000000  dAvg=0.024174  dMax=5.671441  Dlo=0.012087  Dhi=2.847807  err=0.000000  inc=-2.297470  bucket 0->0  (mf=1000)
[MF-SEL] tPrev=(  d=0.033675  dMin=0.000000  dAvg=0.024177  dMax=5.671441  Dlo=0.012088  Dhi=2.847809  err=0.000000  inc=-2.297470  bucket 0->0  (mf=1000)
[MF-SEL] tPrev=(  d=0.033640  dMin=0.000000  dAvg=0.024180  dMax=5.671441  Dlo=0.012090  Dhi=2.847810  err=0.000000  inc=-2.297470  bucket 0->0  (mf=1000)
[MF-SEL] tPrev=(  d=0.033687  dMin=0.000000  dAvg=0.024182  dMax=5.671441  Dlo=0.012091  Dhi=2.847811  err=0.000000  inc=-2.297470  bucket 0->0  (mf=1000)
[MF-SEL] tPrev=(  d=0.033218  dMin=0.000000  dAvg=0.024185  dMax=5.671441  Dlo=0.012092  Dhi=2.847813  err=0.000000  inc=-2.297470  bucket 0->0  (mf=1000)
[MF-SEL] tPrev=(  d=0.030256  dMin=0.000000  dAvg=0.024187  dMax=5.671441  Dlo=0.012093  Dhi=2.847814  err=0.000000  inc=-2.297470  bucket 0->0  (mf=1000)
[MF-SEL] tPrev=(  d=0.033408  dMin=0.000000  dAvg=0.024189  dMax=5.671441  Dlo=0.012095  Dhi=2.847815  err=0.000000  inc=-2.297470  bucket 0->0  (mf=1000)
[MF-SEL] tPrev=(  d=0.033738  dMin=0.000000  dAvg=0.024192  dMax=5.671441  Dlo=0.012096  Dhi=2.847816  err=0.000000  inc=-2.297470  bucket 0->0  (mf=1000)
[MF-SEL] tPrev=(  d=0.033737  dMin=0.000000  dAvg=0.024195  dMax=5.671441  Dlo=0.012097  Dhi=2.847818  err=0.000000  inc=-2.297470  bucket 0->0  (mf=1000)
[MF-SEL] tPrev=(  d=0.034033  dMin=0.000000  dAvg=0.024197  dMax=5.671441  Dlo=0.012099  Dhi=2.847819  err=0.000000  inc=-2.297470  bucket 0->0  (mf=1000)
[MF-SEL] tPrev=(  d=0.034275  dMin=0.000000  dAvg=0.024200  dMax=5.671441  Dlo=0.012100  Dhi=2.847820  err=0.000000  inc=-2.297470  bucket 0->0  (mf=1000)
[MF-SEL] tPrev=(  d=0.034220  dMin=0.000000  dAvg=0.024203  dMax=5.671441  Dlo=0.012102  Dhi=2.847822  err=0.000000  inc=-2.297470  bucket 0->0  (mf=1000)
[MF-SEL] tPrev=(  d=0.034291  dMin=0.000000  dAvg=0.024206  dMax=5.671441  Dlo=0.012103  Dhi=2.847823  err=0.000000  inc=-2.297470  bucket 0->0  (mf=1000)
[MF-SEL] tPrev=(  d=0.034710  dMin=0.000000  dAvg=0.024209  dMax=5.671441  Dlo=0.012105  Dhi=2.847825  err=0.000000  inc=-2.297470  bucket 0->0  (mf=1000)
[MF-SEL] tPrev=(  d=0.035204  dMin=0.000000  dAvg=0.024212  dMax=5.671441  Dlo=0.012106  Dhi=2.847826  err=0.000000  inc=-2.297470  bucket 0->0  (mf=1000)
[MF-SEL] tPrev=(  d=0.040000  dMin=0.000000  dAvg=0.024217  dMax=5.671441  Dlo=0.012108  Dhi=2.847829  err=0.000000  inc=-2.297470  bucket 0->0  (mf=1000)
[MF-SEL] tPrev=(  d=0.035596  dMin=0.000000  dAvg=0.024220  dMax=5.671441  Dlo=0.012110  Dhi=2.847830  err=0.000000  inc=-2.297470  bucket 0->0  (mf=1000)
[MF-SEL] tPrev=(  d=0.035553  dMin=0.000000  dAvg=0.024223  dMax=5.671441  Dlo=0.012112  Dhi=2.847832  err=0.000000  inc=-2.297470  bucket 0->0  (mf=1000)
[MF-SEL] tPrev=(  d=0.035557  dMin=0.000000  dAvg=0.024226  dMax=5.671441  Dlo=0.012113  Dhi=2.847833  err=0.000000  inc=-2.297470  bucket 0->0  (mf=1000)
[MF-SEL] tPrev=(  d=0.035944  dMin=0.000000  dAvg=0.024230  dMax=5.671441  Dlo=0.012115  Dhi=2.847835  err=0.000000  inc=-2.297470  bucket 0->0  (mf=1000)
[MF-SEL] tPrev=(  d=0.035952  dMin=0.000000  dAvg=0.024233  dMax=5.671441  Dlo=0.012116  Dhi=2.847837  err=0.000000  inc=-2.297470  bucket 0->0  (mf=1000)
[MF-SEL] tPrev=(  d=0.037360  dMin=0.000000  dAvg=0.024237  dMax=5.671441  Dlo=0.012118  Dhi=2.847839  err=0.000000  inc=-2.297470  bucket 0->0  (mf=1000)
[MF-SEL] tPrev=(  d=0.035963  dMin=0.000000  dAvg=0.024240  dMax=5.671441  Dlo=0.012120  Dhi=2.847840  err=0.000000  inc=-2.297470  bucket 0->0  (mf=1000)
[MF-SEL] tPrev=(  d=0.036503  dMin=0.000000  dAvg=0.024243  dMax=5.671441  Dlo=0.012122  Dhi=2.847842  err=0.000000  inc=-2.297470  bucket 0->0  (mf=1000)
[MF-SEL] tPrev=(  d=0.036760  dMin=0.000000  dAvg=0.024247  dMax=5.671441  Dlo=0.012123  Dhi=2.847844  err=0.000000  inc=-2.297470  bucket 0->0  (mf=1000)
[MF-SEL] tPrev=(  d=0.037456  dMin=0.000000  dAvg=0.024251  dMax=5.671441  Dlo=0.012125  Dhi=2.847846  err=0.000000  inc=-2.297470  bucket 0->0  (mf=1000)
[MF-SEL] tPrev=(  d=0.038136  dMin=0.000000  dAvg=0.024255  dMax=5.671441  Dlo=0.012127  Dhi=2.847848  err=0.000000  inc=-2.297470  bucket 0->0  (mf=1000)
[MF-SEL] tPrev=(  d=0.038407  dMin=0.000000  dAvg=0.024259  dMax=5.671441  Dlo=0.012129  Dhi=2.847850  err=0.000000  inc=-2.297470  bucket 0->0  (mf=1000)
[MF-SEL] tPrev=(  d=0.045097  dMin=0.000000  dAvg=0.024264  dMax=5.671441  Dlo=0.012132  Dhi=2.847853  err=0.000000  inc=-2.297470  bucket 0->0  (mf=1000)
[MF-SEL] tPrev=(  d=0.039441  dMin=0.000000  dAvg=0.024269  dMax=5.671441  Dlo=0.012134  Dhi=2.847855  err=0.000000  inc=-2.297470  bucket 0->0  (mf=1000)
[MF-SEL] tPrev=(  d=0.039744  dMin=0.000000  dAvg=0.024273  dMax=5.671441  Dlo=0.012137  Dhi=2.847857  err=0.000000  inc=-2.297470  bucket 0->0  (mf=1000)
[MF-SEL] tPrev=(  d=0.040319  dMin=0.000000  dAvg=0.024278  dMax=5.671441  Dlo=0.012139  Dhi=2.847859  err=0.000000  inc=-2.297470  bucket 0->0  (mf=1000)
[MF-SEL] tPrev=(  d=0.040087  dMin=0.000000  dAvg=0.024282  dMax=5.671441  Dlo=0.012141  Dhi=2.847861  err=0.000000  inc=-2.297470  bucket 0->0  (mf=1000)
[MF-SEL] tPrev=(  d=0.040203  dMin=0.000000  dAvg=0.024287  dMax=5.671441  Dlo=0.012143  Dhi=2.847864  err=0.000000  inc=-2.297470  bucket 0->0  (mf=1000)
[MF-SEL] tPrev=(  d=0.043865  dMin=0.000000  dAvg=0.024292  dMax=5.671441  Dlo=0.012146  Dhi=2.847866  err=0.000000  inc=-2.297470  bucket 0->0  (mf=1000)
[MF-SEL] tPrev=(  d=0.040226  dMin=0.000000  dAvg=0.024297  dMax=5.671441  Dlo=0.012148  Dhi=2.847869  err=0.000000  inc=-2.297470  bucket 0->0  (mf=1000)
[MF-SEL] tPrev=(  d=0.040174  dMin=0.000000  dAvg=0.024301  dMax=5.671441  Dlo=0.012151  Dhi=2.847871  err=0.000000  inc=-2.297470  bucket 0->0  (mf=1000)
[MF-SEL] tPrev=(  d=0.040585  dMin=0.000000  dAvg=0.024306  dMax=5.671441  Dlo=0.012153  Dhi=2.847873  err=0.000000  inc=-2.297470  bucket 0->0  (mf=1000)
[MF-SEL] tPrev=(  d=0.040817  dMin=0.000000  dAvg=0.024310  dMax=5.671441  Dlo=0.012155  Dhi=2.847875  err=0.000000  inc=-2.297470  bucket 0->0  (mf=1000)
[MF-SEL] tPrev=(  d=0.040961  dMin=0.000000  dAvg=0.024315  dMax=5.671441  Dlo=0.012157  Dhi=2.847878  err=0.000000  inc=-2.297470  bucket 0->0  (mf=1000)
[MF-SEL] tPrev=(  d=0.041642  dMin=0.000000  dAvg=0.024320  dMax=5.671441  Dlo=0.012160  Dhi=2.847880  err=0.000000  inc=-2.297470  bucket 0->0  (mf=1000)
[MF-SEL] tPrev=(  d=0.039243  dMin=0.000000  dAvg=0.024324  dMax=5.671441  Dlo=0.012162  Dhi=2.847882  err=0.000000  inc=-2.297470  bucket 0->0  (mf=1000)
[MF-SEL] tPrev=(  d=0.043085  dMin=0.000000  dAvg=0.024329  dMax=5.671441  Dlo=0.012165  Dhi=2.847885  err=0.000000  inc=-2.297470  bucket 0->0  (mf=1000)
[MF-SEL] tPrev=(  d=0.043214  dMin=0.000000  dAvg=0.024335  dMax=5.671441  Dlo=0.012167  Dhi=2.847888  err=0.000000  inc=-2.297470  bucket 0->0  (mf=1000)
[MF-SEL] tPrev=(  d=0.043185  dMin=0.000000  dAvg=0.024340  dMax=5.671441  Dlo=0.012170  Dhi=2.847890  err=0.000000  inc=-2.297470  bucket 0->0  (mf=1000)
[MF-SEL] tPrev=(  d=0.042717  dMin=0.000000  dAvg=0.024345  dMax=5.671441  Dlo=0.012173  Dhi=2.847893  err=0.000000  inc=-2.297470  bucket 0->0  (mf=1000)
[MF-SEL] tPrev=(  d=0.042635  dMin=0.000000  dAvg=0.024350  dMax=5.671441  Dlo=0.012175  Dhi=2.847895  err=0.000000  inc=-2.297470  bucket 0->0  (mf=1000)
[MF-SEL] tPrev=(  d=0.041879  dMin=0.000000  dAvg=0.024355  dMax=5.671441  Dlo=0.012178  Dhi=2.847898  err=0.000000  inc=-2.297470  bucket 0->0  (mf=1000)
[MF-SEL] tPrev=(  d=0.043380  dMin=0.000000  dAvg=0.024360  dMax=5.671441  Dlo=0.012180  Dhi=2.847901  err=0.000000  inc=-2.297470  bucket 0->0  (mf=1000)
[MF-SEL] tPrev=(  d=0.043497  dMin=0.000000  dAvg=0.024366  dMax=5.671441  Dlo=0.012183  Dhi=2.847903  err=0.000000  inc=-2.297470  bucket 0->0  (mf=1000)
[MF-SEL] tPrev=(  d=0.042656  dMin=0.000000  dAvg=0.024371  dMax=5.671441  Dlo=0.012185  Dhi=2.847906  err=0.000000  inc=-2.297470  bucket 0->0  (mf=1000)
[MF-SEL] tPrev=(  d=0.041438  dMin=0.000000  dAvg=0.024376  dMax=5.671441  Dlo=0.012188  Dhi=2.847908  err=0.000000  inc=-2.297470  bucket 0->0  (mf=1000)
[MF-SEL] tPrev=(  d=0.040100  dMin=0.000000  dAvg=0.024380  dMax=5.671441  Dlo=0.012190  Dhi=2.847910  err=0.000000  inc=-2.297470  bucket 0->0  (mf=1000)
[MF-SEL] tPrev=(  d=0.037627  dMin=0.000000  dAvg=0.024384  dMax=5.671441  Dlo=0.012192  Dhi=2.847912  err=0.000000  inc=-2.297470  bucket 0->0  (mf=1000)
[MF-SEL] tPrev=(  d=0.038530  dMin=0.000000  dAvg=0.024388  dMax=5.671441  Dlo=0.012194  Dhi=2.847914  err=0.000000  inc=-2.297470  bucket 0->0  (mf=1000)
[MF-SEL] tPrev=(  d=0.038088  dMin=0.000000  dAvg=0.024392  dMax=5.671441  Dlo=0.012196  Dhi=2.847916  err=0.000000  inc=-2.297470  bucket 0->0  (mf=1000)
[MF-SEL] tPrev=(  d=0.037346  dMin=0.000000  dAvg=0.024395  dMax=5.671441  Dlo=0.012198  Dhi=2.847918  err=0.000000  inc=-2.297470  bucket 0->0  (mf=1000)
[MF-SEL] tPrev=(  d=0.036740  dMin=0.000000  dAvg=0.024399  dMax=5.671441  Dlo=0.012199  Dhi=2.847920  err=0.000000  inc=-2.297470  bucket 0->0  (mf=1000)
[MF-SEL] tPrev=(  d=0.036638  dMin=0.000000  dAvg=0.024402  dMax=5.671441  Dlo=0.012201  Dhi=2.847921  err=0.000000  inc=-2.297470  bucket 0->0  (mf=1000)
[MF-SEL] tPrev=(  d=0.036329  dMin=0.000000  dAvg=0.024405  dMax=5.671441  Dlo=0.012203  Dhi=2.847923  err=0.000000  inc=-2.297470  bucket 0->0  (mf=1000)
[MF-SEL] tPrev=(  d=0.035951  dMin=0.000000  dAvg=0.024409  dMax=5.671441  Dlo=0.012204  Dhi=2.847925  err=0.000000  inc=-2.297470  bucket 0->0  (mf=1000)
[MF-SEL] tPrev=(  d=0.034889  dMin=0.000000  dAvg=0.024412  dMax=5.671441  Dlo=0.012206  Dhi=2.847926  err=0.000000  inc=-2.297470  bucket 0->0  (mf=1000)
[MF-SEL] tPrev=(  d=0.035944  dMin=0.000000  dAvg=0.024415  dMax=5.671441  Dlo=0.012207  Dhi=2.847928  err=0.000000  inc=-2.297470  bucket 0->0  (mf=1000)
[MF-SEL] tPrev=(  d=0.030328  dMin=0.000000  dAvg=0.024416  dMax=5.671441  Dlo=0.012208  Dhi=2.847929  err=0.000000  inc=-2.297470  bucket 0->0  (mf=1000)
[MF-SEL] tPrev=(  d=0.027930  dMin=0.000000  dAvg=0.024417  dMax=5.671441  Dlo=0.012209  Dhi=2.847929  err=0.000000  inc=-2.297470  bucket 0->0  (mf=1000)
[MF-SEL] tPrev=(  d=0.025852  dMin=0.000000  dAvg=0.024418  dMax=5.671441  Dlo=0.012209  Dhi=2.847929  err=0.000000  inc=-2.297470  bucket 0->0  (mf=1000)
[MF-SEL] tPrev=(  d=0.024981  dMin=0.000000  dAvg=0.024418  dMax=5.671441  Dlo=0.012209  Dhi=2.847929  err=0.000000  inc=-2.297470  bucket 0->0  (mf=1000)
[MF-SEL] tPrev=(  d=0.023749  dMin=0.000000  dAvg=0.024418  dMax=5.671441  Dlo=0.012209  Dhi=2.847929  err=0.000000  inc=-2.297470  bucket 0->0  (mf=1000)
[MF-SEL] tPrev=(  d=0.021845  dMin=0.000000  dAvg=0.024417  dMax=5.671441  Dlo=0.012209  Dhi=2.847929  err=0.000000  inc=-2.297470  bucket 0->0  (mf=1000)
[MF-SEL] tPrev=(  d=0.021974  dMin=0.000000  dAvg=0.024416  dMax=5.671441  Dlo=0.012208  Dhi=2.847929  err=0.000000  inc=-2.297470  bucket 0->0  (mf=1000)
[MF-SEL] tPrev=(  d=0.021718  dMin=0.000000  dAvg=0.024416  dMax=5.671441  Dlo=0.012208  Dhi=2.847928  err=0.000000  inc=-2.297470  bucket 0->0  (mf=1000)
[MF-SEL] tPrev=(  d=0.021813  dMin=0.000000  dAvg=0.024415  dMax=5.671441  Dlo=0.012207  Dhi=2.847928  err=0.000000  inc=-2.297470  bucket 0->0  (mf=1000)
[MF-SEL] tPrev=(  d=0.021413  dMin=0.000000  dAvg=0.024414  dMax=5.671441  Dlo=0.012207  Dhi=2.847927  err=0.000000  inc=-2.297470  bucket 0->0  (mf=1000)
[MF-SEL] tPrev=(  d=0.021161  dMin=0.000000  dAvg=0.024413  dMax=5.671441  Dlo=0.012207  Dhi=2.847927  err=0.000000  inc=-2.297470  bucket 0->0  (mf=1000)
[MF-SEL] tPrev=(  d=0.019912  dMin=0.000000  dAvg=0.024412  dMax=5.671441  Dlo=0.012206  Dhi=2.847926  err=0.000000  inc=-2.297470  bucket 0->0  (mf=1000)
[MF-SEL] tPrev=(  d=0.018205  dMin=0.000000  dAvg=0.024410  dMax=5.671441  Dlo=0.012205  Dhi=2.847925  err=0.000000  inc=-2.297470  bucket 0->0  (mf=1000)
[MF-SEL] tPrev=(  d=0.017087  dMin=0.000000  dAvg=0.024408  dMax=5.671441  Dlo=0.012204  Dhi=2.847924  err=0.000000  inc=-2.297470  bucket 0->0  (mf=1000)
[MF-SEL] tPrev=(  d=0.015910  dMin=0.000000  dAvg=0.024406  dMax=5.671441  Dlo=0.012203  Dhi=2.847923  err=0.000000  inc=-2.297470  bucket 0->0  (mf=1000)
[MF-SEL] tPrev=(  d=0.015893  dMin=0.000000  dAvg=0.024403  dMax=5.671441  Dlo=0.012202  Dhi=2.847922  err=0.000000  inc=-2.297470  bucket 0->0  (mf=1000)
[MF-SEL] tPrev=(  d=0.023535  dMin=0.000000  dAvg=0.024403  dMax=5.671441  Dlo=0.012202  Dhi=2.847922  err=0.000000  inc=-2.297470  bucket 0->0  (mf=1000)
[MF-SEL] tPrev=(  d=0.014029  dMin=0.000000  dAvg=0.024400  dMax=5.671441  Dlo=0.012200  Dhi=2.847920  err=0.000000  inc=-2.297470  bucket 0->0  (mf=1000)
[MF-SEL] tPrev=(  d=0.016057  dMin=0.000000  dAvg=0.024398  dMax=5.671441  Dlo=0.012199  Dhi=2.847919  err=0.000000  inc=-2.297470  bucket 0->0  (mf=1000)
[MF-SEL] tPrev=(  d=0.014790  dMin=0.000000  dAvg=0.024395  dMax=5.671441  Dlo=0.012198  Dhi=2.847918  err=0.000000  inc=-2.297470  bucket 0->0  (mf=1000)
[MF-SEL] tPrev=(  d=0.012422  dMin=0.000000  dAvg=0.024392  dMax=5.671441  Dlo=0.012196  Dhi=2.847916  err=0.000000  inc=-2.297470  bucket 0->0  (mf=1000)
[MF-SEL] tPrev=(  d=0.010498  dMin=0.000000  dAvg=0.024388  dMax=5.671441  Dlo=0.012194  Dhi=2.847914  err=-1.000000  inc=-3.257711  bucket 0->0  (mf=1000)
[MF-SEL] tPrev=(  d=0.008392  dMin=0.000000  dAvg=0.024384  dMax=5.671441  Dlo=0.012192  Dhi=2.847912  err=-1.000000  inc=-2.901957  bucket 0->0  (mf=1000)
[MF-SEL] tPrev=(  d=0.006613  dMin=0.000000  dAvg=0.024379  dMax=5.671441  Dlo=0.012189  Dhi=2.847910  err=-1.000000  inc=-2.904251  bucket 0->0  (mf=1000)
[MF-SEL] tPrev=(  d=0.010591  dMin=0.000000  dAvg=0.024375  dMax=5.671441  Dlo=0.012187  Dhi=2.847908  err=-1.000000  inc=-2.906503  bucket 0->0  (mf=1000)
[MF-SEL] tPrev=(  d=0.007480  dMin=0.000000  dAvg=0.024370  dMax=5.671441  Dlo=0.012185  Dhi=2.847905  err=-1.000000  inc=-2.908959  bucket 0->0  (mf=1000)
[MF-SEL] tPrev=(  d=0.008536  dMin=0.000000  dAvg=0.024366  dMax=5.671441  Dlo=0.012183  Dhi=2.847903  err=-1.000000  inc=-2.911406  bucket 0->0  (mf=1000)
[MF-SEL] tPrev=(  d=0.008745  dMin=0.000000  dAvg=0.024362  dMax=5.671441  Dlo=0.012181  Dhi=2.847901  err=-1.000000  inc=-2.913694  bucket 0->0  (mf=1000)
[MF-SEL] tPrev=(  d=0.009023  dMin=0.000000  dAvg=0.024357  dMax=5.671441  Dlo=0.012179  Dhi=2.847899  err=-1.000000  inc=-2.915910  bucket 0->0  (mf=1000)
[MF-SEL] tPrev=(  d=0.009048  dMin=0.000000  dAvg=0.024353  dMax=5.671441  Dlo=0.012177  Dhi=2.847897  err=-1.000000  inc=-2.918277  bucket 0->0  (mf=1000)
[MF-SEL] tPrev=(  d=0.008456  dMin=0.000000  dAvg=0.024349  dMax=5.671441  Dlo=0.012174  Dhi=2.847895  err=-1.000000  inc=-2.920712  bucket 0->0  (mf=1000)
[MF-SEL] tPrev=(  d=0.008281  dMin=0.000000  dAvg=0.024344  dMax=5.671441  Dlo=0.012172  Dhi=2.847892  err=-1.000000  inc=-2.923200  bucket 0->0  (mf=1000)
[MF-SEL] tPrev=(  d=0.006079  dMin=0.000000  dAvg=0.024339  dMax=5.671441  Dlo=0.012170  Dhi=2.847890  err=-1.000000  inc=-2.925458  bucket 0->0  (mf=1000)
[MF-SEL] tPrev=(  d=0.006281  dMin=0.000000  dAvg=0.024334  dMax=5.671441  Dlo=0.012167  Dhi=2.847887  err=-1.000000  inc=-2.928026  bucket 0->0  (mf=1000)
[MF-SEL] tPrev=(  d=0.007722  dMin=0.000000  dAvg=0.024330  dMax=5.671441  Dlo=0.012165  Dhi=2.847885  err=-1.000000  inc=-2.930381  bucket 0->0  (mf=1000)
[MF-SEL] tPrev=(  d=0.008452  dMin=0.000000  dAvg=0.024325  dMax=5.671441  Dlo=0.012163  Dhi=2.847883  err=-1.000000  inc=-2.932703  bucket 0->0  (mf=1000)
[MF-SEL] tPrev=(  d=0.009756  dMin=0.000000  dAvg=0.024321  dMax=5.671441  Dlo=0.012161  Dhi=2.847881  err=-1.000000  inc=-2.935110  bucket 0->0  (mf=1000)
[MF-SEL] tPrev=(  d=0.010355  dMin=0.000000  dAvg=0.024317  dMax=5.671441  Dlo=0.012159  Dhi=2.847879  err=-1.000000  inc=-2.937769  bucket 0->0  (mf=1000)
[MF-SEL] tPrev=(  d=0.010939  dMin=0.000000  dAvg=0.024314  dMax=5.671441  Dlo=0.012157  Dhi=2.847877  err=-1.000000  inc=-2.939783  bucket 0->0  (mf=1000)
[MF-SEL] tPrev=(  d=0.011209  dMin=0.000000  dAvg=0.024310  dMax=5.671441  Dlo=0.012155  Dhi=2.847875  err=-1.000000  inc=-2.941930  bucket 0->0  (mf=1000)
[MF-SEL] tPrev=(  d=0.010972  dMin=0.000000  dAvg=0.024306  dMax=5.671441  Dlo=0.012153  Dhi=2.847873  err=-1.000000  inc=-2.944212  bucket 0->0  (mf=1000)
[MF-SEL] tPrev=(  d=0.010676  dMin=0.000000  dAvg=0.024302  dMax=5.671441  Dlo=0.012151  Dhi=2.847872  err=-1.000000  inc=-2.946465  bucket 0->0  (mf=1000)
[MF-SEL] tPrev=(  d=0.009559  dMin=0.000000  dAvg=0.024298  dMax=5.671441  Dlo=0.012149  Dhi=2.847870  err=-1.000000  inc=-2.948701  bucket 0->0  (mf=1000)
[MF-SEL] tPrev=(  d=0.008737  dMin=0.000000  dAvg=0.024294  dMax=5.671441  Dlo=0.012147  Dhi=2.847867  err=-1.000000  inc=-2.950970  bucket 0->0  (mf=1000)
[MF-SEL] tPrev=(  d=0.008493  dMin=0.000000  dAvg=0.024290  dMax=5.671441  Dlo=0.012145  Dhi=2.847865  err=-1.000000  inc=-2.953007  bucket 0->0  (mf=1000)
[MF-SEL] tPrev=(  d=0.008741  dMin=0.000000  dAvg=0.024285  dMax=5.671441  Dlo=0.012143  Dhi=2.847863  err=-1.000000  inc=-2.955246  bucket 0->0  (mf=1000)
[MF-SEL] tPrev=(  d=0.009225  dMin=0.000000  dAvg=0.024281  dMax=5.671441  Dlo=0.012141  Dhi=2.847861  err=-1.000000  inc=-2.957694  bucket 0->0  (mf=1000)
[MF-SEL] tPrev=(  d=0.009856  dMin=0.000000  dAvg=0.024277  dMax=5.671441  Dlo=0.012139  Dhi=2.847859  err=-1.000000  inc=-2.959625  bucket 0->0  (mf=1000)
[MF-SEL] tPrev=(  d=0.010550  dMin=0.000000  dAvg=0.024274  dMax=5.671441  Dlo=0.012137  Dhi=2.847857  err=-1.000000  inc=-2.962023  bucket 0->0  (mf=1000)
[MF-SEL] tPrev=(  d=0.010612  dMin=0.000000  dAvg=0.024270  dMax=5.671441  Dlo=0.012135  Dhi=2.847855  err=-1.000000  inc=-2.964313  bucket 0->0  (mf=1000)
[MF-SEL] tPrev=(  d=0.010923  dMin=0.000000  dAvg=0.024266  dMax=5.671441  Dlo=0.012133  Dhi=2.847853  err=-1.000000  inc=-2.966610  bucket 0->0  (mf=1000)
[MF-SEL] tPrev=(  d=0.010381  dMin=0.000000  dAvg=0.024262  dMax=5.671441  Dlo=0.012131  Dhi=2.847851  err=-1.000000  inc=-2.968922  bucket 0->0  (mf=1000)
[MF-SEL] tPrev=(  d=0.009499  dMin=0.000000  dAvg=0.024258  dMax=5.671441  Dlo=0.012129  Dhi=2.847849  err=-1.000000  inc=-2.970894  bucket 0->0  (mf=1000)
[MF-SEL] tPrev=(  d=0.008724  dMin=0.000000  dAvg=0.024254  dMax=5.671441  Dlo=0.012127  Dhi=2.847847  err=-1.000000  inc=-2.973086  bucket 0->0  (mf=1000)
[MF-SEL] tPrev=(  d=0.008390  dMin=0.000000  dAvg=0.024250  dMax=5.671441  Dlo=0.012125  Dhi=2.847845  err=-1.000000  inc=-2.975209  bucket 0->0  (mf=1000)
[MF-SEL] tPrev=(  d=0.008706  dMin=0.000000  dAvg=0.024245  dMax=5.671441  Dlo=0.012123  Dhi=2.847843  err=-1.000000  inc=-2.977418  bucket 0->0  (mf=1000)
[MF-SEL] tPrev=(  d=0.008625  dMin=0.000000  dAvg=0.024241  dMax=5.671441  Dlo=0.012120  Dhi=2.847841  err=-1.000000  inc=-2.979666  bucket 0->0  (mf=1000)
[MF-SEL] tPrev=(  d=0.009289  dMin=0.000000  dAvg=0.024237  dMax=5.671441  Dlo=0.012118  Dhi=2.847839  err=-1.000000  inc=-2.981929  bucket 0->0  (mf=1000)
[MF-SEL] tPrev=(  d=0.009341  dMin=0.000000  dAvg=0.024233  dMax=5.671441  Dlo=0.012116  Dhi=2.847837  err=-1.000000  inc=-2.984122  bucket 0->0  (mf=1000)
[MF-SEL] tPrev=(  d=0.009240  dMin=0.000000  dAvg=0.024229  dMax=5.671441  Dlo=0.012114  Dhi=2.847835  err=-1.000000  inc=-2.986357  bucket 0->0  (mf=1000)
[MF-SEL] tPrev=(  d=0.009499  dMin=0.000000  dAvg=0.024225  dMax=5.671441  Dlo=0.012112  Dhi=2.847833  err=-1.000000  inc=-2.988374  bucket 0->0  (mf=1000)
[MF-SEL] tPrev=(  d=0.009641  dMin=0.000000  dAvg=0.024221  dMax=5.671441  Dlo=0.012110  Dhi=2.847831  err=-1.000000  inc=-2.990566  bucket 0->0  (mf=1000)
[MF-SEL] tPrev=(  d=0.008951  dMin=0.000000  dAvg=0.024216  dMax=5.671441  Dlo=0.012108  Dhi=2.847829  err=-1.000000  inc=-2.992994  bucket 0->0  (mf=1000)
[MF-SEL] tPrev=(  d=0.008114  dMin=0.000000  dAvg=0.024212  dMax=5.671441  Dlo=0.012106  Dhi=2.847826  err=-1.000000  inc=-2.995199  bucket 0->0  (mf=1000)
[MF-SEL] tPrev=(  d=0.007323  dMin=0.000000  dAvg=0.024207  dMax=5.671441  Dlo=0.012104  Dhi=2.847824  err=-1.000000  inc=-2.997355  bucket 0->0  (mf=1000)
[MF-SEL] tPrev=(  d=0.005749  dMin=0.000000  dAvg=0.024202  dMax=5.671441  Dlo=0.012101  Dhi=2.847821  err=-1.000000  inc=-2.999446  bucket 0->0  (mf=1000)
[MF-SEL] tPrev=(  d=0.004807  dMin=0.000000  dAvg=0.024197  dMax=5.671441  Dlo=0.012098  Dhi=2.847819  err=-1.000000  inc=-3.001724  bucket 0->0  (mf=1000)
[MF-SEL] tPrev=(  d=0.003410  dMin=0.000000  dAvg=0.024191  dMax=5.671441  Dlo=0.012096  Dhi=2.847816  err=-1.000000  inc=-3.004290  bucket 0->0  (mf=1000)
[MF-SEL] tPrev=(  d=0.005040  dMin=0.000000  dAvg=0.024186  dMax=5.671441  Dlo=0.012093  Dhi=2.847813  err=-1.000000  inc=-3.006347  bucket 0->0  (mf=1000)
[MF-SEL] tPrev=(  d=0.004107  dMin=0.000000  dAvg=0.024181  dMax=5.671441  Dlo=0.012090  Dhi=2.847811  err=-1.000000  inc=-3.008677  bucket 0->0  (mf=1000)
[MF-SEL] tPrev=(  d=0.004584  dMin=0.000000  dAvg=0.024175  dMax=5.671441  Dlo=0.012088  Dhi=2.847808  err=-1.000000  inc=-3.011201  bucket 0->0  (mf=1000)
[MF-SEL] tPrev=(  d=0.005684  dMin=0.000000  dAvg=0.024170  dMax=5.671441  Dlo=0.012085  Dhi=2.847805  err=-1.000000  inc=-3.013568  bucket 0->0  (mf=1000)
[MF-SEL] tPrev=(  d=0.006540  dMin=0.000000  dAvg=0.024165  dMax=5.671441  Dlo=0.012083  Dhi=2.847803  err=-1.000000  inc=-3.015987  bucket 0->0  (mf=1000)
[MF-SEL] tPrev=(  d=0.007033  dMin=0.000000  dAvg=0.024161  dMax=5.671441  Dlo=0.012080  Dhi=2.847801  err=-1.000000  inc=-3.018419  bucket 0->0  (mf=1000)
[MF-SEL] tPrev=(  d=0.007972  dMin=0.000000  dAvg=0.024156  dMax=5.671441  Dlo=0.012078  Dhi=2.847798  err=-1.000000  inc=-3.020553  bucket 0->0  (mf=1000)
[MF-SEL] tPrev=(  d=0.009396  dMin=0.000000  dAvg=0.024152  dMax=5.671441  Dlo=0.012076  Dhi=2.847796  err=-1.000000  inc=-3.022864  bucket 0->0  (mf=1000)
[MF-SEL] tPrev=(  d=0.011169  dMin=0.000000  dAvg=0.024149  dMax=5.671441  Dlo=0.012074  Dhi=2.847795  err=-1.000000  inc=-3.025054  bucket 0->0  (mf=1000)
[MF-SEL] tPrev=(  d=0.014517  dMin=0.000000  dAvg=0.024146  dMax=5.671441  Dlo=0.012073  Dhi=2.847793  err=0.000000  inc=-2.105564  bucket 0->0  (mf=1000)
[MF-SEL] tPrev=(  d=0.013920  dMin=0.000000  dAvg=0.024143  dMax=5.671441  Dlo=0.012072  Dhi=2.847792  err=0.000000  inc=-2.425054  bucket 0->0  (mf=1000)
[MF-SEL] tPrev=(  d=0.014435  dMin=0.000000  dAvg=0.024140  dMax=5.671441  Dlo=0.012070  Dhi=2.847791  err=0.000000  inc=-2.425054  bucket 0->0  (mf=1000)
[MF-SEL] tPrev=(  d=0.015305  dMin=0.000000  dAvg=0.024138  dMax=5.671441  Dlo=0.012069  Dhi=2.847789  err=0.000000  inc=-2.425054  bucket 0->0  (mf=1000)
[MF-SEL] tPrev=(  d=0.017210  dMin=0.000000  dAvg=0.024136  dMax=5.671441  Dlo=0.012068  Dhi=2.847788  err=0.000000  inc=-2.425054  bucket 0->0  (mf=1000)
[MF-SEL] tPrev=(  d=0.016762  dMin=0.000000  dAvg=0.024134  dMax=5.671441  Dlo=0.012067  Dhi=2.847787  err=0.000000  inc=-2.425054  bucket 0->0  (mf=1000)
[MF-SEL] tPrev=(  d=0.020523  dMin=0.000000  dAvg=0.024133  dMax=5.671441  Dlo=0.012067  Dhi=2.847787  err=0.000000  inc=-2.425054  bucket 0->0  (mf=1000)
[MF-SEL] tPrev=(  d=0.002630  dMin=0.000000  dAvg=0.024127  dMax=5.671441  Dlo=0.012064  Dhi=2.847784  err=-1.000000  inc=-3.360027  bucket 0->0  (mf=1000)
[MF-SEL] tPrev=(  d=0.006931  dMin=0.000000  dAvg=0.024123  dMax=5.671441  Dlo=0.012061  Dhi=2.847782  err=-1.000000  inc=-3.029953  bucket 0->0  (mf=1000)
[MF-SEL] tPrev=(  d=0.013629  dMin=0.000000  dAvg=0.024120  dMax=5.671441  Dlo=0.012060  Dhi=2.847780  err=0.000000  inc=-2.055549  bucket 0->0  (mf=1000)
[MF-SEL] tPrev=(  d=0.013926  dMin=0.000000  dAvg=0.024117  dMax=5.671441  Dlo=0.012058  Dhi=2.847779  err=0.000000  inc=-2.429953  bucket 0->0  (mf=1000)
[MF-SEL] tPrev=(  d=0.012033  dMin=0.000000  dAvg=0.024114  dMax=5.671441  Dlo=0.012057  Dhi=2.847777  err=-1.000000  inc=-3.396214  bucket 0->0  (mf=1000)
[MF-SEL] tPrev=(  d=0.007653  dMin=0.000000  dAvg=0.024109  dMax=5.671441  Dlo=0.012055  Dhi=2.847775  err=-1.000000  inc=-3.034614  bucket 0->0  (mf=1000)
[MF-SEL] tPrev=(  d=0.003447  dMin=0.000000  dAvg=0.024104  dMax=5.671441  Dlo=0.012052  Dhi=2.847772  err=-1.000000  inc=-3.036856  bucket 0->0  (mf=1000)
[MF-SEL] tPrev=(  d=0.004769  dMin=0.000000  dAvg=0.024098  dMax=5.671441  Dlo=0.012049  Dhi=2.847769  err=-1.000000  inc=-3.039238  bucket 0->0  (mf=1000)
[MF-SEL] tPrev=(  d=0.006054  dMin=0.000000  dAvg=0.024093  dMax=5.671441  Dlo=0.012047  Dhi=2.847767  err=-1.000000  inc=-3.041670  bucket 0->0  (mf=1000)
[MF-SEL] tPrev=(  d=0.004916  dMin=0.000000  dAvg=0.024088  dMax=5.671441  Dlo=0.012044  Dhi=2.847764  err=-1.000000  inc=-3.044063  bucket 0->0  (mf=1000)
[MF-SEL] tPrev=(  d=0.004485  dMin=0.000000  dAvg=0.024083  dMax=5.671441  Dlo=0.012041  Dhi=2.847762  err=-1.000000  inc=-3.046628  bucket 0->0  (mf=1000)
[MF-SEL] tPrev=(  d=0.004174  dMin=0.000000  dAvg=0.024077  dMax=5.671441  Dlo=0.012039  Dhi=2.847759  err=-1.000000  inc=-3.049266  bucket 0->0  (mf=1000)
[MF-SEL] tPrev=(  d=0.004424  dMin=0.000000  dAvg=0.024072  dMax=5.671441  Dlo=0.012036  Dhi=2.847756  err=-1.000000  inc=-3.051552  bucket 0->0  (mf=1000)
[MF-SEL] tPrev=(  d=0.004496  dMin=0.000000  dAvg=0.024067  dMax=5.671441  Dlo=0.012033  Dhi=2.847754  err=-1.000000  inc=-3.054013  bucket 0->0  (mf=1000)
[MF-SEL] tPrev=(  d=0.004512  dMin=0.000000  dAvg=0.024061  dMax=5.671441  Dlo=0.012031  Dhi=2.847751  err=-1.000000  inc=-3.056558  bucket 0->0  (mf=1000)
[MF-SEL] tPrev=(  d=0.002187  dMin=0.000000  dAvg=0.024055  dMax=5.671441  Dlo=0.012028  Dhi=2.847748  err=-1.000000  inc=-3.058766  bucket 0->0  (mf=1000)
[MF-SEL] tPrev=(  d=0.002254  dMin=0.000000  dAvg=0.024049  dMax=5.671441  Dlo=0.012025  Dhi=2.847745  err=-1.000000  inc=-3.061218  bucket 0->0  (mf=1000)
[MF-SEL] tPrev=(  d=0.002676  dMin=0.000000  dAvg=0.024044  dMax=5.671441  Dlo=0.012022  Dhi=2.847742  err=-1.000000  inc=-3.063703  bucket 0->0  (mf=1000)
[MF-SEL] tPrev=(  d=0.011126  dMin=0.000000  dAvg=0.024040  dMax=5.671441  Dlo=0.012020  Dhi=2.847740  err=-1.000000  inc=-3.065871  bucket 0->0  (mf=1000)
[MF-SEL] tPrev=(  d=0.004923  dMin=0.000000  dAvg=0.024035  dMax=5.671441  Dlo=0.012017  Dhi=2.847738  err=-1.000000  inc=-3.068524  bucket 0->0  (mf=1000)
Shutdown
SLAM Finished at System Time: 1749940962.686987876892090

 TIME STATS in ms (mean$\pm$std)
OpenCV version: 4.8.1
---------------------------
Tracking

ORB Extraction: 21.98033$\pm$2.06250
Stereo Matching: 5.75739$\pm$1.47508
IMU Preintegration: 0.22301$\pm$0.07206
Pose Prediction: 0.16332$\pm$0.37045
LM Track: 16.92656$\pm$3.94228
New KF decision: 0.21714$\pm$0.22692
Total Tracking: 50.07721$\pm$5.58798



Local Mapping

KF Insertion: 16.27005$\pm$6.23013
MP Culling: 0.44100$\pm$0.19375
MP Creation: 42.88547$\pm$14.55003
LBA: 142.68216$\pm$48.42425
KF Culling: 15.16431$\pm$10.09475
Total Local Mapping: 217.39559$\pm$72.11779
---------------------------

LBA complexity (mean$\pm$std)
LBA Edges: 1014.87500$\pm$444.86555
LBA KF optimized: 6.50000$\pm$2.29129
LBA KF fixed: 1.00000$\pm$0.00000
LBA MP: nan$\pm$nan

LBA executions: 521
LBA aborts: 0
---------------------------

Map complexity
KFs in map: 129
MPs in map: 8017
---------------------------

Place Recognition (mean$\pm$std)
Database Query: 1.21474$\pm$0.62550
SE3 estimation: 8.56833$\pm$12.96578
Total Place Recognition: 8.59928$\pm$12.81420


Loop Closing (mean$\pm$std)
Loop Fusion: nan$\pm$nan
Essential Graph: nan$\pm$nan
Total Loop Closing: nan$\pm$nan

Num exec: 0
Number of KFs: nan$\pm$nan

Map Merging (mean$\pm$std)
Merge Maps: nan$\pm$nan
Welding BA: nan$\pm$nan
Optimization Ess.: nan$\pm$nan
Total Map Merging: nan$\pm$nan

Num exec: 0
Number of KFs: nan$\pm$nan
Number of MPs: nan$\pm$nan

Full GBA (mean$\pm$std)
GBA: nan$\pm$nan
Map Update: nan$\pm$nan
Total Full GBA: nan$\pm$nan

Num exec: 0
Num abort: 0
Number of KFs: nan$\pm$nan
Number of MPs: nan$\pm$nan

Saving trajectory to f_dataset-MH01_stereo_imu.txt ...
There are 1 maps in the atlas
  Map 0 has 129 KFs

End of saving trajectory to f_dataset-MH01_stereo_imu.txt ...

Saving keyframe trajectory to kf_dataset-MH01_stereo_imu.txt ...
