#Frame Timestamp[ns],Image Rect[ms],Image Resize[ms],ORB ext[ms],Stereo match[ms],IMU preint[ms],Pose pred[ms],LM track[ms],KF dec[ms],Total[ms]
1403715886584058112.000000,0.000000,0.000000,23.996117,2.735111,0.004896,11.693926,4.697891,0.003904,31.437790
1403715886634057984.000000,0.000000,0.000000,18.550023,3.783414,0.098914,3.630675,4.525761,0.001888,25.632236
1403715886684058112.000000,0.000000,0.000000,21.537490,3.554419,0.081601,3.319887,4.346782,0.001152,28.982012
1403715886734057984.000000,0.000000,0.000000,22.298461,5.282827,0.110018,3.227886,3.946328,1.733369,31.668674
1403715886784058112.000000,0.000000,0.000000,24.705279,5.432814,0.122978,11.558308,8.632795,0.001504,34.687405
1403715886834057984.000000,0.000000,0.000000,20.510148,2.938249,0.065857,6.509533,9.622216,0.001376,27.625480
1403715886884058112.000000,0.000000,0.000000,22.829732,5.343852,0.120994,6.576765,8.688060,0.001152,32.662224
1403715886934057984.000000,0.000000,0.000000,21.352815,2.072702,0.054528,6.757856,9.837771,1.310227,27.049792
1403715886984058112.000000,0.000000,0.000000,23.258571,5.528110,0.121057,11.365313,10.173873,0.001696,33.216248
1403715887034057984.000000,0.000000,0.000000,27.143682,5.313899,0.120738,6.285818,9.530759,0.001344,36.957933
1403715887084058112.000000,0.000000,0.000000,22.148570,5.415181,0.122434,6.060311,9.499686,0.001280,31.766083
1403715887134057984.000000,0.000000,0.000000,21.780277,5.137897,0.123042,6.289626,9.625224,1.007598,31.346014
1403715887184058112.000000,0.000000,0.000000,21.541234,5.575407,0.119874,9.197827,8.360503,0.001120,31.610497
1403715887234057984.000000,0.000000,0.000000,20.686822,5.336588,0.123682,7.690349,10.755705,0.001120,30.574802
1403715887284058112.000000,0.000000,0.000000,23.282763,5.401485,0.122690,6.244697,9.965229,0.001152,32.853523
1403715887334057984.000000,0.000000,0.000000,20.831432,5.433677,0.122402,8.067986,12.770742,1.383412,30.886518
1403715887384058112.000000,0.000000,0.000000,21.324943,5.468398,0.120322,10.587447,11.034556,0.001216,31.173019
1403715887434057984.000000,0.000000,0.000000,20.360129,5.535119,0.119650,7.073509,11.312128,0.001024,30.151116
1403715887484058112.000000,0.000000,0.000000,22.545377,5.076552,0.119586,8.394231,16.046372,0.001792,31.987206
1403715887534057984.000000,0.000000,0.000000,20.659205,5.494190,0.124481,6.923139,14.388236,0.962349,30.538866
1403715887584058112.000000,0.000000,0.000000,22.601281,5.734673,0.118594,9.249699,11.891273,0.001600,32.873619
1403715887634057984.000000,0.000000,0.000000,20.431906,5.358860,0.119233,7.991377,15.352378,0.001248,30.350351
1403715887684058112.000000,0.000000,0.000000,20.663781,5.349611,0.121538,7.996529,17.620507,0.001248,30.188941
1403715887734057984.000000,0.000000,0.000000,20.197695,5.491438,0.123746,5.386029,13.683906,1.139728,30.295918
1403715887784058112.000000,0.000000,0.000000,21.612371,5.737777,0.127874,10.117328,14.598159,0.001504,31.754531
1403715887834057984.000000,0.000000,0.000000,20.474499,5.569968,0.123810,7.791567,14.534734,0.001344,30.394608
1403715887884058112.000000,0.000000,0.000000,21.471121,5.293195,0.129090,7.624717,16.146533,0.001312,31.155034
1403715887934057984.000000,0.000000,0.000000,19.598934,5.233706,0.124354,8.102963,18.198019,1.193617,29.325729
1403715887984058112.000000,0.000000,0.000000,21.283662,5.512462,0.126241,15.260633,18.810923,0.001952,31.724227
1403715888034057984.000000,0.000000,0.000000,20.675589,5.400141,0.118818,8.596602,17.418647,0.001344,30.616243
1403715888084058112.000000,0.000000,0.000000,21.051563,5.294603,0.136866,7.289832,16.009315,0.000800,30.544337
1403715888134057984.000000,0.000000,0.000000,23.072040,5.362989,0.125378,9.783051,18.643945,1.004847,32.984021
1403715888184058112.000000,0.000000,0.000000,20.543396,3.908312,0.127841,14.000391,19.590870,0.001280,28.932635
1403715888234057984.000000,0.000000,0.000000,20.950314,5.377036,0.119842,7.670957,18.043168,0.001248,30.779989
1403715888284058112.000000,0.000000,0.000000,20.452386,5.416845,0.119842,6.395195,15.355066,0.572648,30.230733
1403715888334057984.000000,0.000000,0.000000,22.709667,5.389164,0.123553,7.354280,14.838227,0.001824,32.623023
1403715888384058112.000000,0.000000,0.000000,21.694420,5.793874,0.124290,0.124034,9.262339,0.112225,31.728578
1403715888434057984.000000,0.000000,0.000000,22.439007,5.481038,0.164354,0.031329,10.997916,0.844396,32.226858
1403715888484058112.000000,0.000000,0.000000,20.001980,5.083944,0.122977,0.073025,13.156090,0.156707,29.248448
1403715888534057984.000000,0.000000,0.000000,20.031292,2.454882,0.125889,0.093633,20.869577,0.112642,26.938974
1403715888584058112.000000,0.000000,0.000000,19.513301,5.517359,0.127586,0.114593,23.849459,0.130913,29.347169
1403715888634057984.000000,0.000000,0.000000,20.437666,5.524879,0.119650,0.105313,22.549664,0.128674,30.272270
1403715888684058112.000000,0.000000,0.000000,20.914121,5.406541,0.124386,0.109377,25.372713,0.894285,30.594579
1403715888734057984.000000,0.000000,0.000000,19.954267,5.471021,0.129442,0.190691,23.330027,0.343589,29.824583
1403715888784058112.000000,0.000000,0.000000,22.084922,5.839859,0.120929,0.093473,16.820687,0.127042,32.477325
1403715888834057984.000000,0.000000,0.000000,19.993916,5.380396,0.125410,0.094754,20.401410,1.010638,29.854664
1403715888884058112.000000,0.000000,0.000000,22.514592,5.329068,0.123809,0.178370,22.499264,0.264932,32.023206
1403715888934057984.000000,0.000000,0.000000,23.881171,5.348332,0.127778,0.104513,19.657752,0.132418,33.900417
1403715888984058112.000000,0.000000,0.000000,19.970812,5.910644,0.126370,0.106594,20.447938,0.925069,30.243853
1403715889034057984.000000,0.000000,0.000000,21.519314,5.411181,0.121858,0.179715,24.907874,0.185411,31.172155
1403715889084058112.000000,0.000000,0.000000,21.101548,5.346988,0.122882,0.120929,25.029700,1.043310,30.822390
1403715889134057984.000000,0.000000,0.000000,24.713215,5.479470,0.121602,0.173058,25.335304,0.191938,34.603019
1403715889184058112.000000,0.000000,0.000000,22.430174,5.663505,0.128866,0.103906,22.908485,0.801291,32.606959
1403715889234057984.000000,0.000000,0.000000,20.855496,2.316545,0.065153,0.197475,24.227032,0.266436,27.012768
1403715889284058112.000000,0.000000,0.000000,21.047339,5.421933,0.126050,0.147267,26.904766,0.931021,30.669812
1403715889334057984.000000,0.000000,0.000000,22.277596,5.637808,0.124770,0.185667,24.418011,0.244739,32.286538
1403715889384058112.000000,0.000000,0.000000,21.101995,5.888307,0.130274,0.103714,22.769091,0.167938,31.559009
1403715889434057984.000000,0.000000,0.000000,20.232224,5.332523,0.125218,0.122882,26.666555,0.984334,30.226382
1403715889484058112.000000,0.000000,0.000000,21.142732,4.302365,0.077089,0.222467,27.604008,0.272228,29.245855
1403715889534057984.000000,0.000000,0.000000,21.975448,5.525198,0.124642,0.098722,21.828982,0.129602,32.325035
1403715889584058112.000000,0.000000,0.000000,20.816648,2.176703,0.056961,0.124930,25.820015,1.132657,26.804412
1403715889634057984.000000,0.000000,0.000000,21.495666,2.613509,0.123490,0.151618,28.136720,0.211427,28.658839
1403715889684058112.000000,0.000000,0.000000,20.692166,5.537359,0.123938,0.069601,21.873303,0.920205,31.448510
1403715889734057984.000000,0.000000,0.000000,22.899749,5.514958,0.124706,0.067457,21.351279,0.114402,33.002836
1403715889784058112.000000,0.000000,0.000000,19.591766,5.241546,0.093537,0.090338,16.007587,0.175970,29.033437
1403715889834057984.000000,0.000000,0.000000,22.132986,5.264843,0.123329,0.071489,15.126999,0.597192,31.905030
1403715889884058112.000000,0.000000,0.000000,19.984700,2.388450,0.066593,0.053473,15.296633,0.126434,26.471352
1403715889934057984.000000,0.000000,0.000000,23.353868,5.399981,0.123105,0.091393,15.115703,0.195459,33.337914
1403715889984058112.000000,0.000000,0.000000,21.550482,5.546190,0.122977,0.045984,13.070490,0.654601,31.259004
1403715890034057984.000000,0.000000,0.000000,21.367087,2.612453,0.072257,0.056609,14.233386,0.126145,28.082031
1403715890084058112.000000,0.000000,0.000000,20.880713,5.274955,0.126658,0.055297,12.307535,0.541672,30.518706
1403715890134057984.000000,0.000000,0.000000,20.457155,2.039421,0.128546,0.050561,13.062745,0.105889,26.720699
1403715890184058112.000000,0.000000,0.000000,22.737955,5.693009,0.126658,0.083265,11.776104,0.191267,32.782450
1403715890234057984.000000,0.000000,0.000000,20.558564,5.840243,0.125121,0.062177,16.337192,1.097840,30.922936
1403715890284058112.000000,0.000000,0.000000,20.049020,3.794294,0.156002,0.185827,21.093612,0.238531,28.367347
1403715890334057984.000000,0.000000,0.000000,20.776903,5.252970,0.133186,0.075425,18.295940,0.149378,30.259214
1403715890384058112.000000,0.000000,0.000000,19.770936,5.541582,0.126977,0.074049,15.976803,0.123874,29.479939
1403715890434057984.000000,0.000000,0.000000,22.458526,5.467629,0.121954,0.043328,16.369641,0.130562,32.219145
1403715890484058112.000000,0.000000,0.000000,20.937962,5.536431,0.126018,0.038017,14.979605,0.129730,30.789077
1403715890534057984.000000,0.000000,0.000000,19.189137,5.545935,0.128098,0.042496,9.305125,2.541028,29.064349
1403715890584058112.000000,0.000000,0.000000,22.267804,5.470158,0.126626,0.201891,12.936408,0.186978,31.939622
1403715890634057984.000000,0.000000,0.000000,20.693830,2.638245,0.074593,0.123713,16.560108,0.151650,27.380933
1403715890684058112.000000,0.000000,0.000000,23.201738,5.404173,0.124834,0.113634,16.835759,0.147970,32.828882
1403715890734057984.000000,0.000000,0.000000,20.779015,5.469102,0.127746,0.102273,16.421225,0.147138,30.606546
1403715890784058112.000000,0.000000,0.000000,21.766934,5.253098,0.130722,0.103266,16.192966,0.166179,31.335389
1403715890834057984.000000,0.000000,0.000000,20.242271,5.493966,0.125026,0.084001,18.827755,0.222883,30.078923
1403715890884058112.000000,0.000000,0.000000,22.628802,5.606128,0.134658,0.067841,15.607230,1.897819,32.618224
1403715890934057984.000000,0.000000,0.000000,19.902203,5.617648,0.131682,0.097026,20.935657,0.182723,30.152844
1403715890984058112.000000,0.000000,0.000000,21.336879,5.383628,0.129730,0.120641,16.188134,0.149378,31.161978
1403715891034057984.000000,0.000000,0.000000,20.574212,5.257835,0.127426,0.108194,15.383834,1.284242,29.973449
1403715891084058112.000000,0.000000,0.000000,19.694136,5.346028,0.128130,0.213091,22.295644,0.230020,29.404130
1403715891134057984.000000,0.000000,0.000000,19.492597,2.570116,0.100034,0.107810,17.764060,0.171682,26.110547
1403715891184058112.000000,0.000000,0.000000,21.274030,5.159337,0.132738,0.106786,15.898114,1.208145,30.600819
1403715891234057984.000000,0.000000,0.000000,21.605075,5.607504,0.126722,0.231652,18.475366,0.486887,31.703331
1403715891284058112.000000,0.000000,0.000000,20.484578,5.354700,0.122786,0.114658,15.219512,0.140450,30.368111
1403715891334057984.000000,0.000000,0.000000,21.163884,5.196649,0.127554,0.118337,18.181795,1.512566,30.537010
1403715891384058112.000000,0.000000,0.000000,22.609761,2.420962,0.135553,0.226979,19.435764,0.192194,30.185677
1403715891434057984.000000,0.000000,0.000000,22.136346,5.526351,0.129826,0.125058,16.971025,0.163426,32.262154
1403715891484058112.000000,0.000000,0.000000,22.227036,5.319051,0.121122,0.130050,14.916564,1.466709,31.838788
1403715891534057984.000000,0.000000,0.000000,23.939476,5.481486,0.128802,0.178018,23.296715,0.241412,33.667583
1403715891584058112.000000,0.000000,0.000000,20.207071,5.583759,0.122690,0.114113,16.191302,1.198513,30.209614
1403715891634057984.000000,0.000000,0.000000,20.094333,5.155626,0.124801,0.223363,17.744380,0.219715,29.595588
1403715891684058112.000000,0.000000,0.000000,19.838778,5.565199,0.121569,0.101601,14.673041,0.184227,29.736614
1403715891734057984.000000,0.000000,0.000000,22.081369,5.184842,0.135074,0.095361,11.222175,1.282450,32.071432
1403715891784058112.000000,0.000000,0.000000,22.766307,5.477454,0.128514,0.115810,8.526489,0.162242,32.639408
1403715891834057984.000000,0.000000,0.000000,21.764981,5.398509,0.124066,0.059553,11.812936,2.119935,32.281419
1403715891884058112.000000,0.000000,0.000000,20.562788,5.546031,0.123106,0.115105,19.367699,0.176643,30.230798
1403715891934057984.000000,0.000000,0.000000,20.358241,5.128393,0.120834,0.089409,11.496259,0.183778,29.940809
1403715891984058112.000000,0.000000,0.000000,22.051161,5.459629,0.127329,0.110881,13.594145,1.347379,31.933734
1403715892034057984.000000,0.000000,0.000000,20.849289,5.658448,0.123394,0.136226,21.446289,0.206019,30.838902
1403715892084058112.000000,0.000000,0.000000,19.699575,2.366402,0.069057,0.062817,16.393097,0.123458,25.690765
1403715892134057984.000000,0.000000,0.000000,20.274048,5.503279,0.121954,0.099905,17.036178,0.120065,30.371504
1403715892184058112.000000,0.000000,0.000000,21.773269,5.612528,0.129346,0.096481,14.817203,0.778347,31.763491
1403715892234057984.000000,0.000000,0.000000,21.362575,5.545678,0.134402,0.123041,15.209304,0.133378,31.226108
1403715892284058112.000000,0.000000,0.000000,23.211210,5.847379,0.132450,0.075169,13.038521,0.158979,33.470876
1403715892334057984.000000,0.000000,0.000000,21.626995,5.453294,0.131298,0.055841,10.963068,0.843180,31.646945
1403715892384058112.000000,0.000000,0.000000,19.944187,5.576912,0.130786,0.086465,12.178829,2.125214,29.889384
1403715892434057984.000000,0.000000,0.000000,21.903319,5.629552,0.125922,0.176003,21.974456,0.152450,31.849380
1403715892484058112.000000,0.000000,0.000000,22.281372,5.522447,0.130498,0.106881,19.580055,0.147074,31.968134
1403715892534057984.000000,0.000000,0.000000,23.788594,5.590479,0.127490,0.095905,15.266201,0.125474,33.492732
1403715892584058112.000000,0.000000,0.000000,20.042172,5.688881,0.121921,0.095873,15.989188,0.125090,30.105548
1403715892634057984.000000,0.000000,0.000000,20.341377,5.623024,0.126561,0.080737,16.276455,0.129730,30.247245
1403715892684058112.000000,0.000000,0.000000,19.831738,6.032661,0.133506,0.068001,15.428411,0.122241,30.315054
1403715892734057984.000000,0.000000,0.000000,20.789671,5.927381,0.131714,0.073537,15.263097,1.148464,31.035193
1403715892784058112.000000,0.000000,0.000000,21.391920,5.794738,0.129826,0.207907,18.091137,0.316933,31.409086
1403715892834057984.000000,0.000000,0.000000,21.416656,5.621584,0.130178,0.083362,14.526734,0.147683,31.336733
1403715892884058112.000000,0.000000,0.000000,21.251246,5.725777,0.132290,0.077313,15.041782,0.154082,31.333693
1403715892934057984.000000,0.000000,0.000000,19.307602,5.516303,0.129538,0.064833,12.651348,1.051151,29.000315
1403715892984058112.000000,0.000000,0.000000,24.415835,5.616848,0.093473,0.156259,16.798606,0.141666,34.219398
1403715893034057984.000000,0.000000,0.000000,19.868794,5.689233,0.126178,0.081794,14.437165,0.122690,29.729638
1403715893084058112.000000,0.000000,0.000000,21.093867,6.061686,0.126498,0.042081,11.401346,1.105007,32.749745
1403715893134057984.000000,0.000000,0.000000,21.166284,6.060214,0.128770,0.118113,14.310956,0.126722,31.503743
1403715893184058112.000000,0.000000,0.000000,21.554866,6.168408,0.127778,0.062689,13.976518,0.132578,32.117448
1403715893234057984.000000,0.000000,0.000000,21.203277,5.921044,0.135778,0.064577,11.624165,0.865740,31.201755
1403715893284058112.000000,0.000000,0.000000,21.239149,2.589061,0.069057,0.103202,15.931202,0.130562,27.704905
1403715893334057984.000000,0.000000,0.000000,21.636243,6.096151,0.134146,0.065121,14.598896,0.188354,32.062311
1403715893384058112.000000,0.000000,0.000000,21.953751,2.987690,0.071425,0.055136,13.193756,0.833324,29.504963
1403715893434057984.000000,0.000000,0.000000,24.494268,6.170616,0.121570,0.110946,13.883301,0.107745,51.903297
1403715893534057984.000000,0.000000,0.000000,19.676632,8.385847,0.193443,0.067041,13.296797,0.149858,0.000000
1403715893584058112.000000,0.000000,0.000000,19.189008,9.586825,0.126466,0.059809,11.937609,0.543368,0.116354
1403715893634057984.000000,0.000000,0.000000,20.859848,10.709496,0.132450,0.069409,13.748387,0.101122,41.068039
1403715893684058112.000000,0.000000,0.000000,22.056569,10.799546,0.134850,0.048513,13.628833,0.085441,40.724131
1403715893734057984.000000,0.000000,0.000000,20.880681,8.932351,0.121218,0.058272,13.406655,0.508200,44.655770
1403715893784058112.000000,0.000000,0.000000,17.175892,9.097345,0.119906,0.087649,16.592140,0.115777,57.644178
1403715893884058112.000000,0.000000,0.000000,18.516519,11.063293,0.139266,0.076833,15.371355,0.123234,50.088040
1403715893984058112.000000,0.000000,0.000000,19.772377,12.462353,0.115202,0.067360,13.607554,1.577975,45.766794
1403715894034057984.000000,0.000000,0.000000,20.035133,9.380997,0.120225,0.211907,18.424774,0.164514,0.000000
1403715894084058112.000000,0.000000,0.000000,19.423540,9.779851,0.126625,0.090497,18.592456,1.110351,0.085186
1403715894134057984.000000,0.000000,0.000000,20.345280,10.166096,0.131874,0.195811,23.793138,0.186179,51.871457
1403715894234057984.000000,0.000000,0.000000,19.361843,9.862220,0.091297,0.087905,17.674331,0.150178,0.000000
1403715894284058112.000000,0.000000,0.000000,17.716188,10.135856,0.133506,0.081986,16.226406,0.948365,0.080033
1403715894334057984.000000,0.000000,0.000000,18.803723,7.294248,0.127426,0.173026,22.021369,0.229860,59.798513
1403715894434057984.000000,0.000000,0.000000,21.517330,13.025849,0.164323,0.088193,17.581498,1.085903,49.779619
1403715894484058112.000000,0.000000,0.000000,22.420382,9.993454,0.129794,0.178146,24.045558,0.217411,49.226363
1403715894534057984.000000,0.000000,0.000000,18.395205,7.385289,0.115073,0.114210,18.370149,1.120528,51.537340
1403715894634057984.000000,0.000000,0.000000,21.222989,10.995676,0.150754,0.147618,23.263466,0.206147,0.000000
1403715894684058112.000000,0.000000,0.000000,18.107649,10.239409,0.142274,0.078753,23.040359,1.393652,0.076033
1403715894734057984.000000,0.000000,0.000000,19.693752,7.334729,0.134658,0.189123,25.639884,0.313668,51.266552
1403715894834057984.000000,0.000000,0.000000,22.024793,10.710137,0.158659,0.091073,20.616357,0.167779,50.645167
1403715894934057984.000000,0.000000,0.000000,18.644201,12.270734,0.171139,0.083681,18.414981,0.161538,46.479156
1403715894984058112.000000,0.000000,0.000000,17.938879,9.220099,0.128834,0.098369,26.005201,1.348275,0.000000
1403715895034057984.000000,0.000000,0.000000,17.280853,8.651419,0.083297,0.188803,30.422672,0.215011,0.076641
1403715895084058112.000000,0.000000,0.000000,17.290837,7.844784,0.085761,0.127874,27.497255,1.261841,61.437129
1403715895184058112.000000,0.000000,0.000000,17.139828,11.501955,0.150114,0.244163,30.540274,0.329637,58.567840
1403715895284058112.000000,0.000000,0.000000,16.524107,10.081839,0.154146,0.097634,20.959593,0.161058,48.334862
1403715895334057984.000000,0.000000,0.000000,17.246261,9.733802,0.108450,0.090497,17.469208,1.113040,0.000000
1403715895384058112.000000,0.000000,0.000000,17.679612,8.743484,0.089153,0.179843,16.892816,0.198243,0.075809
1403715895434057984.000000,0.000000,0.000000,18.253123,10.957756,0.130690,0.068097,14.434157,1.579159,61.088996
1403715895534057984.000000,0.000000,0.000000,16.947761,12.873975,0.165250,0.140290,15.191704,0.169667,54.732425
1403715895634057984.000000,0.000000,0.000000,16.271687,12.139756,0.180131,0.069441,12.737685,0.176771,52.513002
1403715895734057984.000000,0.000000,0.000000,17.680443,8.474744,0.098721,0.077537,11.592101,1.763609,0.000000
1403715895784058112.000000,0.000000,0.000000,17.797757,7.209990,0.137698,0.153858,19.053039,0.183075,0.070657
1403715895834057984.000000,0.000000,0.000000,15.462620,7.124262,0.138914,0.087745,14.905492,0.123170,60.965570
1403715895934057984.000000,0.000000,0.000000,15.448828,4.130459,0.102594,0.075009,14.827667,0.107522,0.000000
1403715895984058112.000000,0.000000,0.000000,18.312836,4.476352,0.107457,0.080578,14.802674,0.107298,0.080225
1403715896034057984.000000,0.000000,0.000000,16.741358,5.814322,0.135138,0.080417,14.829139,2.553221,60.935265
1403715896134057984.000000,0.000000,0.000000,14.672912,10.345299,0.204739,0.352037,23.005063,0.210627,51.493307
1403715896234057984.000000,0.000000,0.000000,16.259303,10.329810,0.201667,0.114530,14.922611,0.157410,55.201744
1403715896334057984.000000,0.000000,0.000000,17.589242,11.266592,0.191331,0.120097,15.808001,0.190306,51.721855
1403715896434057984.000000,0.000000,0.000000,17.255253,12.056363,0.227844,0.103681,14.545295,0.166595,0.000000
1403715896484058112.000000,0.000000,0.000000,16.743438,8.486008,0.179171,0.117954,13.865029,0.177698,0.080577
1403715896534057984.000000,0.000000,0.000000,18.462246,7.096261,0.149666,0.087713,14.737554,2.064093,57.016234
1403715896634057984.000000,0.000000,0.000000,16.345865,10.930715,0.186434,0.278724,20.783815,0.193027,0.000000
1403715896684058112.000000,0.000000,0.000000,18.082241,10.255377,0.174435,0.132194,18.455782,0.245315,0.073761
1403715896734057984.000000,0.000000,0.000000,16.325992,8.100691,0.154850,0.087458,15.304569,1.302098,58.348893
1403715896834057984.000000,0.000000,0.000000,16.664717,10.699160,0.172194,0.209667,17.304758,0.196163,65.725317
1403715896934057984.000000,0.000000,0.000000,15.372347,8.320022,0.126753,0.088609,14.557295,0.137922,56.326880
1403715897034057984.000000,0.000000,0.000000,17.750652,13.385342,0.215075,0.073441,13.540225,1.168977,56.844967
1403715897134057984.000000,0.000000,0.000000,17.525049,12.453009,0.189731,0.179682,16.394665,0.158338,0.000000
1403715897184058112.000000,0.000000,0.000000,18.619433,8.078770,0.190082,0.111106,12.974872,0.191938,0.072353
1403715897234057984.000000,0.000000,0.000000,17.807805,8.465688,0.093217,0.072897,10.963644,1.723288,63.670792
1403715897334057984.000000,0.000000,0.000000,16.724877,7.904208,0.191394,0.193058,18.387142,0.172291,0.000000
1403715897384058112.000000,0.000000,0.000000,18.573256,7.853840,0.092897,0.120802,15.059350,0.164675,0.074337
1403715897434057984.000000,0.000000,0.000000,16.681805,8.310486,0.159170,0.118465,15.430555,1.787641,66.975799
1403715897534057984.000000,0.000000,0.000000,17.819613,10.341683,0.213027,0.245283,19.846458,0.203395,0.000000
1403715897584058112.000000,0.000000,0.000000,18.646056,6.888514,0.202563,0.118658,17.590297,0.170659,0.078817
1403715897634057984.000000,0.000000,0.000000,16.074404,6.965603,0.171682,0.100897,17.030770,0.209091,56.552739
1403715897734057984.000000,0.000000,0.000000,19.038190,9.481735,0.199299,0.115266,15.740991,0.125922,51.428474
1403715897834057984.000000,0.000000,0.000000,16.625580,8.332983,0.183331,0.106786,14.278347,1.285875,49.274556
1403715897884058112.000000,0.000000,0.000000,18.357636,8.026546,0.157218,0.261124,19.082703,0.242691,0.000000
1403715897934057984.000000,0.000000,0.000000,16.119493,6.727936,0.161891,0.118082,16.272743,0.193027,0.083649
1403715897984058112.000000,0.000000,0.000000,18.084864,5.126024,0.132257,0.118594,13.885253,1.556982,33.381370
1403715898034057984.000000,0.000000,0.000000,16.249255,5.005703,0.141602,0.258980,18.973389,0.231748,38.750439
1403715898084058112.000000,0.000000,0.000000,15.154839,4.606146,0.126946,0.117985,15.516861,0.202754,40.319452
1403715898134057984.000000,0.000000,0.000000,14.751762,4.916582,0.127394,0.091937,13.922982,1.070096,0.000000
1403715898184058112.000000,0.000000,0.000000,16.787566,4.768228,0.117698,0.144130,17.277046,0.172579,0.068833
1403715898234057984.000000,0.000000,0.000000,16.894576,4.938246,0.119746,0.146114,15.942306,0.142274,51.017812
1403715898334057984.000000,0.000000,0.000000,15.806816,4.793829,0.116194,0.124866,14.177801,0.121986,0.000000
1403715898384058112.000000,0.000000,0.000000,14.929044,4.490752,0.126114,0.129314,15.544445,0.136514,0.076225
1403715898434057984.000000,0.000000,0.000000,14.798098,3.891384,0.133410,0.122242,14.791634,1.474997,55.752376
1403715898534057984.000000,0.000000,0.000000,15.783008,8.378583,0.172322,0.302693,18.493190,0.258211,0.000000
1403715898584058112.000000,0.000000,0.000000,15.868545,7.200838,0.155906,0.138082,15.420411,0.144834,0.080769
1403715898634057984.000000,0.000000,0.000000,15.155543,5.876788,0.146626,0.133377,15.056854,0.197635,56.407169
1403715898734057984.000000,0.000000,0.000000,17.562361,8.541049,0.186467,0.119554,14.260491,1.432948,0.000000
1403715898784058112.000000,0.000000,0.000000,16.469898,10.770745,0.179811,0.239427,18.848396,0.180483,0.076641
1403715898834057984.000000,0.000000,0.000000,18.716906,8.491417,0.199074,0.155778,18.806923,0.193699,60.529947
1403715898934057984.000000,0.000000,0.000000,19.412820,12.146188,0.204803,0.126753,15.503389,1.505462,53.738971
1403715899034057984.000000,0.000000,0.000000,18.699082,7.118309,0.065249,0.319492,20.737287,0.281700,46.902907
1403715899084058112.000000,0.000000,0.000000,17.813053,6.545725,0.135202,0.142466,16.249319,0.165187,0.000000
1403715899134057984.000000,0.000000,0.000000,19.107983,9.673866,0.186530,0.135713,16.061093,0.199235,0.074209
1403715899184058112.000000,0.000000,0.000000,20.858216,6.718399,0.184995,0.109857,12.727893,1.290643,53.296117
1403715899284058112.000000,0.000000,0.000000,19.354931,10.876890,0.184002,0.112161,15.956387,0.169090,56.031228
1403715899384058112.000000,0.000000,0.000000,21.981048,12.749461,0.216291,0.111170,12.207277,0.186819,48.619571
1403715899434057984.000000,0.000000,0.000000,20.846408,11.817799,0.202403,0.110914,14.541646,0.145794,0.000000
1403715899484058112.000000,0.000000,0.000000,20.570276,10.559317,0.196674,0.108129,13.648706,0.133954,0.070978
1403715899534057984.000000,0.000000,0.000000,19.243986,8.534457,0.176611,0.111585,15.035542,1.200145,53.193843
1403715899634057984.000000,0.000000,0.000000,20.649573,10.161200,0.194115,0.272676,16.852464,0.226723,0.000000
1403715899684058112.000000,0.000000,0.000000,19.835225,8.411287,0.186371,0.127457,15.906050,0.185635,0.078369
1403715899734057984.000000,0.000000,0.000000,20.086621,7.475242,0.169506,0.113825,15.038934,0.254724,53.813148
1403715899834057984.000000,0.000000,0.000000,19.603318,10.941212,0.200739,0.110402,13.783043,1.357203,0.000000
1403715899884058112.000000,0.000000,0.000000,19.773336,7.886704,0.172002,0.265668,17.835901,0.175107,0.072129
1403715899934057984.000000,0.000000,0.000000,19.935771,7.679981,0.159650,0.124322,14.926452,0.143874,61.976560
1403715900034057984.000000,0.000000,0.000000,19.539894,7.888944,0.204867,0.117314,15.184472,0.171011,0.000000
1403715900084058112.000000,0.000000,0.000000,20.824168,10.734040,0.105762,0.116610,12.438897,1.210673,0.080129
1403715900134057984.000000,0.000000,0.000000,18.788170,6.621406,0.178594,0.236003,16.876048,0.163682,60.655133
1403715900234057984.000000,0.000000,0.000000,19.744601,10.478581,0.220003,0.131361,15.317178,0.183170,54.744553
1403715900334057984.000000,0.000000,0.000000,19.102095,6.891682,0.232803,0.110913,13.396222,0.173410,55.607318
1403715900434057984.000000,0.000000,0.000000,18.309412,10.141872,0.214883,0.092577,10.648439,0.213155,0.000000
1403715900484058112.000000,0.000000,0.000000,18.024191,6.903458,0.098241,0.097890,11.058205,0.149378,0.074977
1403715900534057984.000000,0.000000,0.000000,19.843225,11.230559,0.179683,0.088961,11.748007,0.190275,56.731718
1403715900634057984.000000,0.000000,0.000000,16.936176,8.804381,0.197603,0.075394,11.097661,0.176226,55.819065
1403715900734057984.000000,0.000000,0.000000,15.998787,6.951139,0.107009,0.074753,9.136674,0.190147,52.553291
1403715900834057984.000000,0.000000,0.000000,16.445290,13.312445,0.186114,0.065857,8.070514,2.084893,0.000000
1403715900884058112.000000,0.000000,0.000000,17.008113,13.334269,0.132834,0.238724,16.777582,0.195619,0.070209
1403715900934057984.000000,0.000000,0.000000,17.102130,7.295495,0.132450,0.119105,13.177628,0.313445,60.720222
1403715901034057984.000000,0.000000,0.000000,16.399209,8.837981,0.181347,0.119074,14.856595,0.167554,58.417086
1403715901134057984.000000,0.000000,0.000000,16.299688,7.645132,0.201379,0.112514,13.145114,0.171042,49.544128
1403715901184058112.000000,0.000000,0.000000,14.355084,7.565835,0.179842,0.113026,12.950072,0.186371,0.000000
1403715901234057984.000000,0.000000,0.000000,14.248970,9.946573,0.176067,0.073953,10.922491,0.160130,0.069313
1403715901284058112.000000,0.000000,0.000000,16.087365,6.549213,0.184195,0.091042,12.203789,0.178435,60.522619
1403715901384058112.000000,0.000000,0.000000,15.895874,9.150274,0.215747,0.082625,10.743385,2.298497,0.000000
1403715901434057984.000000,0.000000,0.000000,21.467505,4.068250,0.183491,0.294212,18.950637,0.198787,0.074401
1403715901484058112.000000,0.000000,0.000000,15.880770,4.114522,0.187011,0.150626,15.568061,0.190563,56.995881
1403715901584058112.000000,0.000000,0.000000,16.244423,8.239669,0.219171,0.184770,15.823521,0.260867,53.704986
1403715901684058112.000000,0.000000,0.000000,15.809121,7.390601,0.198467,0.145634,15.472924,0.194754,49.090649
1403715901734057984.000000,0.000000,0.000000,17.086355,11.816039,0.220995,0.098978,13.160059,0.173122,43.830959
1403715901784058112.000000,0.000000,0.000000,16.053604,9.261219,0.065249,0.105633,13.207068,1.703193,41.330987
1403715901834057984.000000,0.000000,0.000000,15.554813,10.053007,0.219171,0.190531,13.382846,0.170562,39.699444
1403715901884058112.000000,0.000000,0.000000,15.907425,9.168546,0.208419,0.095489,12.596691,0.184899,39.550898
1403715901934057984.000000,0.000000,0.000000,15.704319,9.659722,0.176835,0.077345,8.671804,1.791482,39.231341
1403715901984058112.000000,0.000000,0.000000,16.473130,9.257507,0.191619,0.133857,9.814412,1.355636,40.416126
1403715902034057984.000000,0.000000,0.000000,14.730865,5.333291,0.203587,0.123234,11.929193,0.137378,0.000000
1403715902084058112.000000,0.000000,0.000000,16.682605,5.957556,0.176226,0.061505,8.735036,0.118306,0.069153
1403715902134057984.000000,0.000000,0.000000,15.456699,5.759730,0.183010,0.076481,5.948725,2.805768,42.045749
1403715902184058112.000000,0.000000,0.000000,14.654960,6.140823,0.207395,0.214915,19.456853,0.303492,36.759658
1403715902234057984.000000,0.000000,0.000000,14.424589,5.352684,0.167074,0.141890,18.476070,0.227011,34.871727
1403715902284058112.000000,0.000000,0.000000,14.125992,6.151064,0.185314,0.118210,16.799086,0.168898,0.000000
1403715902334057984.000000,0.000000,0.000000,13.849637,4.664226,0.133537,0.091649,13.329789,0.145250,0.070721
1403715902384058112.000000,0.000000,0.000000,12.609940,3.974168,0.123586,0.090113,13.000601,0.137922,45.912588
1403715902434057984.000000,0.000000,0.000000,15.979427,7.435274,0.161250,0.086561,14.376780,2.114494,49.164730
1403715902484058112.000000,0.000000,0.000000,13.932262,7.480810,0.173282,0.300580,22.070970,0.198595,42.553916
1403715902534057984.000000,0.000000,0.000000,13.537824,3.908567,0.178242,0.153635,14.987508,0.140994,0.000000
1403715902584058112.000000,0.000000,0.000000,14.679089,6.382715,0.187746,0.148738,17.687452,0.419494,0.080257
1403715902634057984.000000,0.000000,0.000000,12.565970,7.480042,0.190307,0.102626,16.154597,0.178978,46.785976
1403715902684058112.000000,0.000000,0.000000,12.478865,3.227182,0.193218,0.087969,12.086411,1.155376,48.308750
1403715902734057984.000000,0.000000,0.000000,12.634323,5.583951,0.170370,0.180802,15.754048,0.169826,46.844985
1403715902784058112.000000,0.000000,0.000000,12.085324,5.923316,0.189475,0.094209,9.124546,1.273714,0.000000
1403715902834057984.000000,0.000000,0.000000,11.855592,3.376048,0.121186,0.077953,3.993497,0.111266,0.074562
1403715902884058112.000000,0.000000,0.000000,12.907800,3.115116,0.123586,0.036480,6.667935,1.037295,48.302862
1403715902934057984.000000,0.000000,0.000000,15.284505,4.897030,0.216035,0.075073,4.995047,0.065537,0.000000
1403715902984058112.000000,0.000000,0.000000,15.321402,4.680899,0.222339,0.039873,4.631202,1.419956,0.083522
1403715903034057984.000000,0.000000,0.000000,13.886533,5.187146,0.195715,0.118946,8.781340,0.105665,43.678189
1403715903084058112.000000,0.000000,0.000000,16.536587,8.685563,0.218947,0.051425,6.746944,1.412628,46.022445
1403715903134057984.000000,0.000000,0.000000,15.659742,6.579101,0.196866,0.113249,8.922463,0.116993,50.242538
1403715903234057984.000000,0.000000,0.000000,16.753422,6.563390,0.223716,0.061249,7.308456,1.098640,49.029241
1403715903284058112.000000,0.000000,0.000000,17.923199,6.745952,0.235555,0.089729,8.940063,0.092066,0.000000
1403715903334057984.000000,0.000000,0.000000,19.076783,7.257703,0.190755,0.059329,7.031203,1.002414,0.079585
1403715903384058112.000000,0.000000,0.000000,17.122643,7.102405,0.192002,0.111745,7.664333,0.113857,51.142774
1403715903484058112.000000,0.000000,0.000000,18.389957,9.554024,0.202787,0.033600,5.046248,0.122338,0.000000
1403715903534057984.000000,0.000000,0.000000,16.987089,7.335241,0.203971,0.022528,4.531649,0.713610,0.078369
1403715903584058112.000000,0.000000,0.000000,19.493173,9.544648,0.105410,0.117090,6.604509,0.098401,59.222153
1403715903684058112.000000,0.000000,0.000000,20.105694,9.711466,0.220451,0.053697,5.629840,0.093665,54.966669
1403715903784058112.000000,0.000000,0.000000,18.325700,11.089021,0.112578,0.047585,5.779218,0.606185,57.246413
1403715903884058112.000000,0.000000,0.000000,17.281558,10.583126,0.262532,0.092098,6.720991,0.073345,49.209883
1403715903934057984.000000,0.000000,0.000000,19.484853,11.446787,0.203043,0.061217,10.067983,0.932269,0.000000
1403715903984058112.000000,0.000000,0.000000,17.501336,8.649850,0.179235,0.117633,9.040513,0.104610,0.080865
1403715904034057984.000000,0.000000,0.000000,16.541995,7.207494,0.159299,0.066529,5.575984,0.092161,52.160805
1403715904134057984.000000,0.000000,0.000000,19.533717,11.242656,0.224260,0.026240,6.038422,1.017198,56.411330
1403715904234057984.000000,0.000000,0.000000,16.165701,10.295602,0.192483,0.128898,6.409403,0.087105,50.169513
1403715904334057984.000000,0.000000,0.000000,15.936706,12.341327,0.224931,0.096577,11.948010,1.976700,0.000000
1403715904384058112.000000,0.000000,0.000000,19.241873,9.589897,0.214083,0.116706,15.101367,0.155874,0.074689
1403715904434057984.000000,0.000000,0.000000,18.840716,8.197940,0.166274,0.098721,8.473176,0.161858,52.239206
1403715904534057984.000000,0.000000,0.000000,15.478428,10.187825,0.103586,0.046880,5.403789,0.083553,51.778944
1403715904634057984.000000,0.000000,0.000000,13.341405,4.660675,0.205827,0.076641,11.527844,1.366228,47.461058
1403715904684058112.000000,0.000000,0.000000,15.117879,9.775371,0.207683,0.153059,7.394985,0.128418,0.000000
1403715904734057984.000000,0.000000,0.000000,14.267627,4.102010,0.132226,0.063521,5.425101,0.144834,0.072449
1403715904784058112.000000,0.000000,0.000000,16.522379,7.615980,0.186851,0.086881,12.458449,1.424373,51.340537
1403715904884058112.000000,0.000000,0.000000,16.126277,8.879774,0.225667,0.237924,15.531644,0.170018,56.062812
1403715904984058112.000000,0.000000,0.000000,16.925040,5.414349,0.123202,0.120993,17.788285,0.169378,46.099790
1403715905034057984.000000,0.000000,0.000000,15.722303,13.431103,0.244196,0.111074,15.568509,1.814681,0.000000
1403715905084058112.000000,0.000000,0.000000,15.946947,12.773205,0.232547,0.271940,17.996928,0.200195,0.078113
1403715905134057984.000000,0.000000,0.000000,16.739661,11.248832,0.229795,0.107650,12.439697,0.147906,51.395034
1403715905234057984.000000,0.000000,0.000000,18.882124,15.212504,0.128386,0.079745,11.228096,1.975132,0.000000
1403715905284058112.000000,0.000000,0.000000,18.985646,9.710666,0.208547,0.355941,19.468789,0.213795,0.091010
1403715905334057984.000000,0.000000,0.000000,19.180080,10.564022,0.167234,0.123810,13.257244,0.142658,54.291811
1403715905434057984.000000,0.000000,0.000000,16.875407,12.109099,0.221763,0.105633,14.656016,0.179395,0.000000
1403715905484058112.000000,0.000000,0.000000,17.569210,13.284093,0.210691,0.108865,14.410125,0.162786,0.084993
1403715905534057984.000000,0.000000,0.000000,17.137715,11.106046,0.194754,0.102658,14.629007,0.157602,50.943923
1403715905634057984.000000,0.000000,0.000000,17.880574,13.256637,0.222819,0.098882,12.733492,1.705560,48.139724
1403715905684058112.000000,0.000000,0.000000,19.123056,6.208664,0.168770,0.273699,18.943438,0.201315,50.538734
1403715905784058112.000000,0.000000,0.000000,16.937041,7.963377,0.190787,0.165538,15.437819,0.160578,0.000000
1403715905834057984.000000,0.000000,0.000000,17.332566,10.733177,0.182946,0.125602,14.858291,0.158307,0.075617
1403715905884058112.000000,0.000000,0.000000,14.863027,7.085477,0.213763,0.133570,12.167052,0.138178,42.727999
1403715905934057984.000000,0.000000,0.000000,16.262983,7.824207,0.173219,0.120514,14.185577,0.151298,0.000000
1403715905984058112.000000,0.000000,0.000000,16.772398,8.311894,0.178914,0.123010,15.225464,1.533333,0.082657
1403715906034057984.000000,0.000000,0.000000,15.951683,8.929375,0.174979,0.193634,13.174716,0.211523,36.068608
1403715906084058112.000000,0.000000,0.000000,15.409883,9.076097,0.175234,0.114081,14.488526,0.158370,0.000000
1403715906134057984.000000,0.000000,0.000000,16.187526,11.787496,0.102561,0.144642,9.320133,1.843834,0.068225
1403715906184058112.000000,0.000000,0.000000,15.856801,9.224579,0.160771,0.270180,19.802393,0.239780,48.479312
1403715906234057984.000000,0.000000,0.000000,17.529977,9.997326,0.167714,0.115170,14.785554,0.210595,54.724841
1403715906334057984.000000,0.000000,0.000000,18.006144,10.938363,0.226500,0.122306,14.889939,1.390100,40.545919
1403715906384058112.000000,0.000000,0.000000,18.363237,9.495527,0.164386,0.179875,20.211199,0.207011,0.000000
1403715906434057984.000000,0.000000,0.000000,16.910576,9.101505,0.168450,0.116066,16.801359,0.483783,0.067969
1403715906484058112.000000,0.000000,0.000000,17.711996,11.426306,0.174178,0.050785,15.207608,1.001678,44.869693
1403715906534057984.000000,0.000000,0.000000,15.701375,10.427220,0.192547,0.231331,20.098717,0.198786,0.000000
1403715906584058112.000000,0.000000,0.000000,18.043168,9.030689,0.158370,0.161858,18.901805,1.322611,0.087522
1403715906634057984.000000,0.000000,0.000000,17.553337,8.624827,0.171106,0.293604,21.678068,0.199651,50.870419
1403715906734057984.000000,0.000000,0.000000,17.075027,9.314948,0.169507,0.148194,17.869246,0.204835,43.833935
1403715906784058112.000000,0.000000,0.000000,18.193250,11.196863,0.181250,0.150690,16.972881,1.225490,45.927212
1403715906834057984.000000,0.000000,0.000000,18.039232,9.393957,0.087105,0.252516,18.857964,0.192322,42.630942
1403715906884058112.000000,0.000000,0.000000,16.401257,7.973617,0.083681,0.145442,17.980448,0.203811,0.000000
1403715906934057984.000000,0.000000,0.000000,19.156656,9.481319,0.155491,0.169059,16.722093,0.254435,0.080321
1403715906984058112.000000,0.000000,0.000000,16.637453,8.670043,0.175906,0.181859,25.466890,1.263218,44.638970
1403715907034057984.000000,0.000000,0.000000,15.032278,8.602906,0.169635,0.305700,21.302031,0.339749,43.253607
1403715907084058112.000000,0.000000,0.000000,17.286678,9.188674,0.151042,0.176899,18.771626,0.195651,36.086401
1403715907134057984.000000,0.000000,0.000000,17.812861,10.199153,0.164482,0.155874,18.753163,0.172323,0.000000
1403715907184058112.000000,0.000000,0.000000,19.364371,10.452405,0.172930,0.089441,16.324584,0.973806,0.085313
1403715907234057984.000000,0.000000,0.000000,15.319642,8.603194,0.081601,0.287332,19.075311,0.193219,44.029809
1403715907284058112.000000,0.000000,0.000000,17.043794,8.837981,0.152450,0.166690,17.589146,0.179171,0.000000
1403715907334057984.000000,0.000000,0.000000,15.535645,8.959167,0.164866,0.206339,19.621367,0.165283,0.087361
1403715907384058112.000000,0.000000,0.000000,16.758414,8.768445,0.107841,0.162530,18.793035,0.147395,50.384364
1403715907484058112.000000,0.000000,0.000000,18.412389,11.612901,0.155427,0.165058,19.265362,1.110575,53.618458
1403715907584058112.000000,0.000000,0.000000,16.864144,13.491904,0.213379,0.257891,22.001401,0.251107,45.105953
1403715907634057984.000000,0.000000,0.000000,17.941566,10.202641,0.165987,0.160099,19.977723,0.173250,47.175486
1403715907684058112.000000,0.000000,0.000000,17.652283,9.695786,0.181443,0.175779,18.259267,1.424980,46.028077
1403715907734057984.000000,0.000000,0.000000,17.608538,10.325618,0.160418,0.309956,19.786713,0.311076,45.265283
1403715907784058112.000000,0.000000,0.000000,16.428618,8.725628,0.160099,0.168322,17.400535,0.169346,46.565397
1403715907834057984.000000,0.000000,0.000000,17.605946,6.836321,0.149827,0.143298,16.618348,0.158050,43.260710
1403715907884058112.000000,0.000000,0.000000,19.181873,9.955853,0.163171,0.176770,14.859955,1.668632,42.027989
1403715907934057984.000000,0.000000,0.000000,18.642856,6.450875,0.143554,0.237763,17.728444,0.298884,40.834756
1403715907984058112.000000,0.000000,0.000000,16.481386,8.143476,0.152514,0.115265,15.460060,0.195426,38.839496
1403715908034057984.000000,0.000000,0.000000,16.546347,9.342789,0.166435,0.081825,14.731922,0.164674,41.215049
1403715908084058112.000000,0.000000,0.000000,17.984063,9.880813,0.161027,0.123906,12.901239,1.167281,39.469681
1403715908134057984.000000,0.000000,0.000000,16.776494,8.686235,0.162530,0.178306,13.941959,0.128322,35.142035
1403715908184058112.000000,0.000000,0.000000,17.233365,8.459064,0.161187,0.087841,12.711061,0.139362,35.531449
1403715908234057984.000000,0.000000,0.000000,17.333335,8.875134,0.156642,0.088226,8.790077,0.903821,41.714609
1403715908284058112.000000,0.000000,0.000000,17.617850,9.233059,0.172642,0.140002,9.172450,0.124258,38.160542
1403715908334057984.000000,0.000000,0.000000,18.664329,9.581704,0.084321,0.112834,8.590618,1.206737,38.094173
1403715908384058112.000000,0.000000,0.000000,15.377754,8.672251,0.140930,0.094785,9.269348,0.103201,40.262299
1403715908434057984.000000,0.000000,0.000000,16.824335,9.065568,0.077921,0.045664,5.681969,0.088610,38.382049
1403715908484058112.000000,0.000000,0.000000,23.016903,7.721262,0.087905,0.085537,12.597395,0.958862,34.017251
1403715908534057984.000000,0.000000,0.000000,17.987551,8.653595,0.162242,0.153314,14.857139,0.122785,35.766588
1403715908584058112.000000,0.000000,0.000000,17.353142,8.430904,0.083074,0.086722,13.917957,0.126210,34.898000
1403715908634057984.000000,0.000000,0.000000,20.013116,7.776591,0.156579,0.063073,10.981564,1.086287,33.532796
1403715908684058112.000000,0.000000,0.000000,18.000512,7.738158,0.181475,0.138882,14.226794,0.132450,33.731807
1403715908734057984.000000,0.000000,0.000000,19.085871,8.641851,0.158754,0.079905,11.354338,0.125762,38.717862
1403715908784058112.000000,0.000000,0.000000,20.255136,7.495467,0.178915,0.030529,9.700969,0.885292,41.574158
1403715908834057984.000000,0.000000,0.000000,18.035360,7.860496,0.192194,0.111714,15.093238,0.122241,39.463313
1403715908884058112.000000,0.000000,0.000000,21.792374,8.489016,0.188579,0.068865,14.228298,0.096993,45.102432
1403715908934057984.000000,0.000000,0.000000,17.407063,6.644606,0.191907,0.058689,12.097452,0.095842,45.725994
1403715908984058112.000000,0.000000,0.000000,17.959359,9.627049,0.118273,0.069345,13.456447,1.446772,0.000000
1403715909034057984.000000,0.000000,0.000000,17.824478,8.804573,0.179395,0.216611,17.498521,0.205155,0.083105
1403715909084058112.000000,0.000000,0.000000,22.699362,11.451587,0.186914,0.115330,16.413289,1.190193,47.897609
1403715909134057984.000000,0.000000,0.000000,19.242065,10.064815,0.175458,0.132738,19.046287,0.168899,53.812380
1403715909234057984.000000,0.000000,0.000000,21.063691,11.748327,0.187682,0.114945,16.512747,0.154754,48.964888
1403715909284058112.000000,0.000000,0.000000,20.213791,9.634857,0.164866,0.062145,10.890266,0.905517,46.139536
1403715909334057984.000000,0.000000,0.000000,19.755480,11.107101,0.190946,0.117890,15.468507,0.159298,0.000000
1403715909384058112.000000,0.000000,0.000000,25.284039,7.097669,0.175523,0.086625,12.767029,1.186673,0.072257
1403715909434057984.000000,0.000000,0.000000,22.103065,8.493528,0.104705,0.082081,15.812705,0.153507,55.369939
1403715909534057984.000000,0.000000,0.000000,19.576662,7.511882,0.175010,0.091169,12.543122,1.341907,47.727493
1403715909584058112.000000,0.000000,0.000000,18.027072,6.746912,0.207587,0.123361,17.585274,0.198595,58.601537
1403715909684058112.000000,0.000000,0.000000,20.968394,11.216095,0.209507,0.070337,15.530269,0.129089,0.000000
1403715909734057984.000000,0.000000,0.000000,21.157997,8.976991,0.171586,0.112994,18.946093,0.131938,0.075681
1403715909784058112.000000,0.000000,0.000000,20.412418,10.869275,0.191907,0.103201,16.100741,0.124769,52.653868
1403715909884058112.000000,0.000000,0.000000,19.381780,8.418871,0.150754,0.085345,15.528413,0.120738,0.000000
1403715909934057984.000000,0.000000,0.000000,17.100115,6.895906,0.184675,0.099874,14.189641,0.855980,0.075169
1403715909984058112.000000,0.000000,0.000000,16.156773,7.317192,0.156098,0.132578,15.038261,0.187203,58.082073
1403715910084058112.000000,0.000000,0.000000,17.933439,8.876766,0.167267,0.049569,14.478413,0.944461,0.000000
1403715910134057984.000000,0.000000,0.000000,17.101779,6.590174,0.074465,0.114114,14.830931,0.126370,0.074849
1403715910184058112.000000,0.000000,0.000000,17.828701,12.104268,0.169443,0.091874,14.013511,1.647448,57.405488
1403715910284058112.000000,0.000000,0.000000,18.015552,15.808033,0.193283,0.230308,18.221475,0.227396,61.829422
1403715910384058112.000000,0.000000,0.000000,18.014720,9.205891,0.114273,0.092673,13.460575,0.143938,50.317259
1403715910484058112.000000,0.000000,0.000000,18.476231,13.276252,0.120321,0.083489,12.135532,1.828378,50.801362
1403715910584058112.000000,0.000000,0.000000,16.754541,14.939060,0.170883,0.176994,17.295894,0.219907,0.000000
1403715910634057984.000000,0.000000,0.000000,16.515179,13.213948,0.151619,0.125121,14.426349,0.177442,0.076481
1403715910684058112.000000,0.000000,0.000000,19.498613,14.264491,0.100033,0.121538,13.666754,0.254372,63.269058
1403715910784058112.000000,0.000000,0.000000,16.273575,15.076150,0.148450,0.088674,13.785123,0.131522,0.000000
1403715910834057984.000000,0.000000,0.000000,16.708878,10.003086,0.152226,0.096321,13.067706,1.390836,0.080705
1403715910884058112.000000,0.000000,0.000000,14.176106,7.148389,0.146530,0.225379,17.246197,0.236868,62.672186
1403715910984058112.000000,0.000000,0.000000,14.080488,7.474538,0.191714,0.122561,14.100553,0.140994,0.000000
1403715911034057984.000000,0.000000,0.000000,16.964209,12.802421,0.203266,0.109345,15.384891,0.177986,0.069409
1403715911084058112.000000,0.000000,0.000000,15.290489,8.403703,0.153699,0.124449,13.685827,0.126594,61.971440
1403715911184058112.000000,0.000000,0.000000,15.469723,6.290841,0.192899,0.103969,15.020854,0.132994,65.225567
1403715911284058112.000000,0.000000,0.000000,13.706370,4.126779,0.183011,0.106433,16.463210,0.145954,51.438427
1403715911384058112.000000,0.000000,0.000000,14.371372,1.995900,0.123522,0.092802,15.966595,1.202321,0.000000
1403715911434057984.000000,0.000000,0.000000,13.417823,3.739829,0.149890,0.163330,16.874160,0.157154,0.068481
1403715911484058112.000000,0.000000,0.000000,12.761462,3.999128,0.088833,0.128610,19.063182,0.200003,47.404770
1403715911534057984.000000,0.000000,0.000000,14.537423,6.682847,0.173154,0.070177,14.572751,0.125634,0.000000
1403715911584058112.000000,0.000000,0.000000,16.203558,5.457742,0.111234,0.125346,18.778507,0.146018,0.072865
1403715911634057984.000000,0.000000,0.000000,14.300587,4.574529,0.113665,0.128642,18.769387,0.151234,38.623397
1403715911684058112.000000,0.000000,0.000000,16.700558,6.370714,0.124034,0.113602,14.421900,0.115490,45.842763
1403715911734057984.000000,0.000000,0.000000,16.268263,8.325910,0.180579,0.121025,20.233376,1.149809,38.066588
1403715911784058112.000000,0.000000,0.000000,22.115130,6.406107,0.128194,0.114242,18.212355,0.157987,41.595055
1403715911834057984.000000,0.000000,0.000000,14.543823,8.494840,0.172931,0.140034,17.544089,1.382899,0.000000
1403715911884058112.000000,0.000000,0.000000,17.915678,6.265049,0.123970,0.111650,16.935920,0.157314,0.086369
1403715911934057984.000000,0.000000,0.000000,16.052324,4.089402,0.094593,0.109633,15.873282,0.158147,43.460714
1403715911984058112.000000,0.000000,0.000000,15.215160,4.037689,0.092353,0.115682,10.732728,1.201361,0.000000
1403715912034057984.000000,0.000000,0.000000,20.206143,4.169435,0.089697,0.142850,17.705244,0.164355,0.094113
1403715912084058112.000000,0.000000,0.000000,13.401438,3.807254,0.098721,0.081921,15.277048,1.175793,46.775736
1403715912134057984.000000,0.000000,0.000000,14.178281,4.336766,0.105761,0.201346,19.731385,0.233187,49.135386
1403715912184058112.000000,0.000000,0.000000,14.453869,4.055930,0.110817,0.106977,13.956967,0.146722,48.241421
1403715912234057984.000000,0.000000,0.000000,15.234265,5.245130,0.178691,0.072065,13.905318,0.138242,47.611140
1403715912284058112.000000,0.000000,0.000000,15.040374,6.075638,0.131202,0.095874,15.491132,1.272370,0.000000
1403715912334057984.000000,0.000000,0.000000,15.651743,3.603827,0.102305,0.216291,18.318564,0.261668,0.080737
1403715912384058112.000000,0.000000,0.000000,15.466235,4.240764,0.091553,0.109121,14.620880,0.166083,56.509122
1403715912484058112.000000,0.000000,0.000000,16.666701,4.356286,0.053313,0.098690,13.890309,0.248100,57.426480
1403715912584058112.000000,0.000000,0.000000,16.677420,12.000362,0.208323,0.108129,11.019709,1.206545,49.373885
1403715912634057984.000000,0.000000,0.000000,16.981297,12.457009,0.181474,0.152291,15.900321,0.191619,0.000000
1403715912684058112.000000,0.000000,0.000000,15.809152,5.881300,0.124130,0.073409,14.012295,0.152066,0.079777
1403715912734057984.000000,0.000000,0.000000,16.633900,4.175195,0.104386,0.079969,12.237230,1.007342,49.985637
1403715912784058112.000000,0.000000,0.000000,17.902462,9.017728,0.177923,0.061633,11.934474,0.109410,50.196457
1403715912884058112.000000,0.000000,0.000000,16.752750,5.031047,0.124257,0.072129,9.170946,0.130978,47.048124
1403715912934057984.000000,0.000000,0.000000,14.146857,4.460671,0.112066,0.051233,7.763182,0.100866,0.000000
1403715912984058112.000000,0.000000,0.000000,19.162384,9.997710,0.192643,0.091138,14.175209,1.079983,0.080769
1403715913034057984.000000,0.000000,0.000000,17.317718,7.400521,0.175106,0.218051,16.729165,0.274852,52.718797
1403715913134057984.000000,0.000000,0.000000,17.185236,9.012608,0.207875,0.108930,14.978869,0.155139,51.619933
1403715913234057984.000000,0.000000,0.000000,17.419191,13.926694,0.134530,0.100705,13.834629,0.156258,0.000000
1403715913284058112.000000,0.000000,0.000000,17.421847,10.419156,0.116929,0.062689,11.705798,0.936302,0.076353
1403715913334057984.000000,0.000000,0.000000,15.465628,7.175398,0.094081,0.149666,14.988725,0.144258,50.183657
1403715913434057984.000000,0.000000,0.000000,19.222129,11.572741,0.189539,0.101121,14.134793,0.142530,49.829380
1403715913484058112.000000,0.000000,0.000000,17.685883,13.805028,0.202627,0.105314,15.199703,0.119330,44.428919
1403715913534057984.000000,0.000000,0.000000,19.749560,8.894655,0.158658,0.117346,16.021796,0.899053,43.458217
1403715913584058112.000000,0.000000,0.000000,17.086483,10.407668,0.175075,0.165219,17.068722,0.220355,44.372470
1403715913634057984.000000,0.000000,0.000000,17.218740,11.861897,0.202659,0.108610,13.212411,0.129538,44.956767
1403715913684058112.000000,0.000000,0.000000,18.430022,10.684632,0.205603,0.086913,14.189674,0.154338,41.149833
1403715913734057984.000000,0.000000,0.000000,17.476632,10.104975,0.178082,0.058273,12.846359,1.105008,44.308469
1403715913784058112.000000,0.000000,0.000000,16.786255,8.113299,0.194947,0.166594,16.249895,0.141282,47.976137
1403715913834057984.000000,0.000000,0.000000,18.848236,8.471704,0.173859,0.085729,14.997973,0.155619,46.655638
1403715913884058112.000000,0.000000,0.000000,19.366451,9.638760,0.173762,0.080417,13.817092,1.203281,0.000000
1403715913934057984.000000,0.000000,0.000000,22.305757,8.553498,0.185251,0.127170,16.464714,0.145026,0.071201
1403715913984058112.000000,0.000000,0.000000,19.051087,10.649239,0.201059,0.090049,13.624929,0.159330,51.051541
1403715914084058112.000000,0.000000,0.000000,19.117999,10.716697,0.195203,0.072001,12.276430,1.084624,52.963537
1403715914184058112.000000,0.000000,0.000000,18.143682,8.146260,0.141858,0.135042,14.640368,0.141506,48.629523
1403715914234057984.000000,0.000000,0.000000,18.145025,6.006325,0.134530,0.081953,14.028039,0.154018,51.640222
1403715914334057984.000000,0.000000,0.000000,16.942896,11.625125,0.184355,0.070913,12.125452,0.991534,46.621174
1403715914384058112.000000,0.000000,0.000000,17.785084,9.944653,0.111425,0.074689,8.032018,0.086977,46.867002
1403715914434057984.000000,0.000000,0.000000,16.688685,8.882622,0.174370,0.079553,8.345687,0.106978,50.910931
1403715914534057984.000000,0.000000,0.000000,16.808175,9.252931,0.212995,0.048417,6.294137,0.537352,0.000000
1403715914584058112.000000,0.000000,0.000000,17.557305,9.458086,0.215203,0.117057,8.387351,0.106017,0.071873
1403715914634057984.000000,0.000000,0.000000,17.564505,9.626472,0.097985,0.070753,7.955249,0.134914,46.074575
1403715914684058112.000000,0.000000,0.000000,15.670687,8.770045,0.186819,0.054273,5.941108,0.675209,48.630226
1403715914734057984.000000,0.000000,0.000000,18.176642,9.458406,0.102530,0.124482,8.386103,0.132674,51.660061
1403715914834057984.000000,0.000000,0.000000,24.513340,11.069918,0.106242,0.078465,7.808975,0.103842,44.832413
1403715914884058112.000000,0.000000,0.000000,17.041042,8.453112,0.213731,0.054081,6.679454,0.555528,48.089003
1403715914934057984.000000,0.000000,0.000000,17.185301,8.952063,0.187715,0.116801,8.904575,0.106722,46.203888
1403715914984058112.000000,0.000000,0.000000,18.707402,10.614679,0.197027,0.108609,8.448600,0.136162,43.734541
1403715915034057984.000000,0.000000,0.000000,17.336726,9.932333,0.105217,0.079457,7.322792,0.515687,45.385092
1403715915084058112.000000,0.000000,0.000000,17.037938,8.550809,0.099169,0.120130,9.428454,0.121410,48.229325
1403715915134057984.000000,0.000000,0.000000,16.908656,8.593338,0.177474,0.098241,9.479559,0.140482,50.396652
1403715915234057984.000000,0.000000,0.000000,18.567080,11.361122,0.253059,0.102050,7.439305,0.633641,47.889577
1403715915284058112.000000,0.000000,0.000000,18.447494,8.912254,0.099233,0.124418,9.718858,0.117122,45.972237
1403715915334057984.000000,0.000000,0.000000,18.230211,8.847358,0.213187,0.098753,9.815563,0.146114,44.303862
1403715915384058112.000000,0.000000,0.000000,18.314852,8.815645,0.174306,0.120769,11.161343,0.938317,45.609096
1403715915434057984.000000,0.000000,0.000000,17.770589,8.058739,0.198275,0.140962,16.973266,0.146242,0.000000
1403715915484058112.000000,0.000000,0.000000,17.788092,8.724476,0.103297,0.142722,17.484025,0.235139,0.077857
1403715915534057984.000000,0.000000,0.000000,16.823599,8.047858,0.173187,0.132546,19.689495,1.493365,53.230740
1403715915634057984.000000,0.000000,0.000000,19.269714,11.091358,0.111778,0.301860,23.304363,0.322789,0.000000
1403715915684058112.000000,0.000000,0.000000,17.891230,9.879437,0.188707,0.119778,18.298435,0.185987,0.073665
1403715915734057984.000000,0.000000,0.000000,17.717180,10.223569,0.107874,0.113122,16.995857,0.188483,54.269058
1403715915834057984.000000,0.000000,0.000000,17.647835,10.230257,0.109442,0.141218,15.282649,1.076304,49.731299
1403715915884058112.000000,0.000000,0.000000,15.654078,8.398007,0.101889,0.166275,17.485880,0.166850,53.340502
1403715915984058112.000000,0.000000,0.000000,18.025056,10.865050,0.208867,0.084001,16.851440,0.157251,48.956407
1403715916034057984.000000,0.000000,0.000000,19.772793,7.708877,0.200771,0.163010,19.025774,0.140290,44.772156
1403715916084058112.000000,0.000000,0.000000,15.237976,8.113427,0.214339,0.104001,17.308854,0.131874,42.083510
1403715916134057984.000000,0.000000,0.000000,14.598416,9.868908,0.175971,0.110690,17.155251,0.123074,50.061415
1403715916234057984.000000,0.000000,0.000000,23.017094,11.462242,0.236164,0.112161,16.604684,0.124770,45.195586
1403715916284058112.000000,0.000000,0.000000,14.894483,7.834319,0.178691,0.108962,16.084292,1.013102,43.948752
1403715916334057984.000000,0.000000,0.000000,18.018272,10.758297,0.188802,0.260387,19.984924,0.243171,44.115123
1403715916384058112.000000,0.000000,0.000000,16.084421,7.738190,0.167650,0.126946,15.800992,0.154626,48.524465
1403715916434057984.000000,0.000000,0.000000,13.804740,6.330713,0.199171,0.120834,16.173510,0.174146,47.277759
1403715916484058112.000000,0.000000,0.000000,15.262552,5.283339,0.140002,0.124674,14.508686,1.065967,46.256689
1403715916534057984.000000,0.000000,0.000000,15.727263,4.632610,0.121858,0.212387,18.552936,0.313828,45.886508
1403715916584058112.000000,0.000000,0.000000,15.474459,4.147739,0.105793,0.111458,14.058216,0.148898,46.445747
1403715916634057984.000000,0.000000,0.000000,15.346778,4.501792,0.104642,0.279268,17.103123,1.304947,50.863251
1403715916734057984.000000,0.000000,0.000000,13.788868,4.593506,0.116769,0.192707,21.477073,0.338885,43.729933
1403715916784058112.000000,0.000000,0.000000,15.559165,4.321949,0.111362,0.091170,16.174853,0.182371,45.514279
1403715916834057984.000000,0.000000,0.000000,14.667440,2.733831,0.093794,0.082721,17.379127,0.202339,48.606706
1403715916884058112.000000,0.000000,0.000000,16.004804,7.065604,0.169283,0.088481,15.375386,1.216626,48.521393
1403715916934057984.000000,0.000000,0.000000,14.992277,4.376926,0.167939,0.164290,18.092897,0.205411,46.073582
1403715916984058112.000000,0.000000,0.000000,15.112438,4.061690,0.130914,0.093089,17.515961,0.196547,45.672872
1403715917034057984.000000,0.000000,0.000000,17.650619,7.175430,0.193090,0.073793,15.800352,0.180931,41.006695
1403715917084058112.000000,0.000000,0.000000,14.860115,3.774837,0.118690,0.089313,18.326373,1.426293,43.475114
1403715917134057984.000000,0.000000,0.000000,17.389175,5.105321,0.084801,0.199075,19.322706,0.305348,45.776906
1403715917184058112.000000,0.000000,0.000000,17.189108,3.539123,0.124834,0.079905,17.020850,0.192706,41.761489
1403715917234057984.000000,0.000000,0.000000,15.333466,4.640642,0.202819,0.090818,15.969666,0.209091,44.436791
1403715917284058112.000000,0.000000,0.000000,14.797427,6.629118,0.180994,0.071105,14.658768,1.359411,38.532292
1403715917334057984.000000,0.000000,0.000000,16.411497,9.890060,0.185922,0.177314,20.912841,0.242724,49.680898
1403715917384058112.000000,0.000000,0.000000,15.723104,10.497269,0.191427,0.061729,15.255225,0.167554,44.712603
1403715917434057984.000000,0.000000,0.000000,15.765536,7.370729,0.177987,0.104770,18.143713,1.148976,53.816988
1403715917534057984.000000,0.000000,0.000000,15.274936,5.273675,0.201859,0.161026,21.235598,0.239779,47.151902
1403715917584058112.000000,0.000000,0.000000,15.149495,6.791488,0.208451,0.097729,19.500149,0.230852,0.000000
1403715917634057984.000000,0.000000,0.000000,14.073480,6.317850,0.183043,0.107202,15.686526,1.146673,0.074658
1403715917684058112.000000,0.000000,0.000000,15.672286,7.764431,0.166435,0.173827,21.078699,0.208099,50.653999
1403715917784058112.000000,0.000000,0.000000,16.018532,8.728508,0.190179,0.139426,17.987328,1.197937,45.422053
1403715917834057984.000000,0.000000,0.000000,15.239032,5.607920,0.204259,0.153218,19.749657,0.225635,48.085195
1403715917884058112.000000,0.000000,0.000000,15.119511,4.719299,0.128162,0.074817,17.120468,1.462421,50.080039
1403715917984058112.000000,0.000000,0.000000,14.915348,9.898733,0.204259,0.166466,21.673620,0.242403,55.066286
1403715918084058112.000000,0.000000,0.000000,16.225798,6.020854,0.202467,0.084129,16.538859,0.220739,0.000000
1403715918134057984.000000,0.000000,0.000000,14.127848,3.916312,0.131201,0.088162,13.002552,1.167505,0.083201
1403715918184058112.000000,0.000000,0.000000,16.583435,8.462328,0.232291,0.129122,16.676973,0.151170,48.016938
1403715918234057984.000000,0.000000,0.000000,16.180422,7.313128,0.219843,0.069953,14.651344,0.194946,45.606088
1403715918284058112.000000,0.000000,0.000000,15.654494,7.583660,0.215011,0.081953,10.920571,1.088368,0.000000
1403715918334057984.000000,0.000000,0.000000,15.969059,7.441130,0.183138,0.117985,18.149922,0.182082,0.078977
1403715918384058112.000000,0.000000,0.000000,16.983697,4.075514,0.143714,0.072385,12.438385,1.584022,52.824654
1403715918484058112.000000,0.000000,0.000000,14.992981,3.674740,0.120290,0.100962,9.257859,0.091010,48.260333
1403715918534057984.000000,0.000000,0.000000,15.568670,4.982086,0.129665,0.088737,11.802344,1.469460,51.020725
1403715918634057984.000000,0.000000,0.000000,18.521447,11.143006,0.218019,0.158210,10.418356,0.181923,0.000000
1403715918684058112.000000,0.000000,0.000000,18.076320,6.263641,0.196866,0.095330,12.882839,0.147810,0.113570
1403715918734057984.000000,0.000000,0.000000,16.884848,7.612300,0.205859,0.047584,11.940906,1.548886,45.892332
1403715918784058112.000000,0.000000,0.000000,17.226741,6.925442,0.194467,0.075681,12.945015,0.165603,41.516846
1403715918834057984.000000,0.000000,0.000000,17.512057,7.398761,0.124130,0.072225,9.776619,0.146531,38.396673
1403715918884058112.000000,0.000000,0.000000,22.966310,10.396979,0.095906,0.104674,17.808349,1.753561,0.000000
1403715918934057984.000000,0.000000,0.000000,18.014528,7.251303,0.194370,0.174083,16.465482,0.265540,0.078593
1403715918984058112.000000,0.000000,0.000000,17.170356,9.248195,0.196674,0.126690,19.113583,0.217411,42.786592
1403715919034057984.000000,0.000000,0.000000,19.211633,9.153154,0.202659,0.116578,12.270862,1.266994,40.226620
1403715919084058112.000000,0.000000,0.000000,18.276676,7.634381,0.195075,0.193826,19.607415,0.214179,43.338216
1403715919134057984.000000,0.000000,0.000000,20.290112,8.512920,0.191747,0.106978,15.584029,1.284882,0.000000
1403715919184058112.000000,0.000000,0.000000,17.879870,6.600286,0.197603,0.201923,17.270933,0.176290,0.080065
1403715919234057984.000000,0.000000,0.000000,17.611258,9.228227,0.198211,0.128514,16.649484,0.202371,47.369537
1403715919284058112.000000,0.000000,0.000000,19.336275,9.783659,0.207747,0.130338,16.390633,1.342355,0.000000
1403715919334057984.000000,0.000000,0.000000,19.070895,8.724220,0.271524,0.194018,21.881847,0.245252,0.088578
1403715919384058112.000000,0.000000,0.000000,18.621673,9.717898,0.243683,0.102658,18.340612,0.230084,54.710857
1403715919484058112.000000,0.000000,0.000000,18.459302,7.603180,0.206947,0.124865,16.417929,1.248530,0.000000
1403715919534057984.000000,0.000000,0.000000,18.547432,5.914388,0.223107,0.244995,17.471033,0.357797,0.079777
1403715919584058112.000000,0.000000,0.000000,20.443522,5.727378,0.178146,0.120513,13.903782,0.151458,55.727032
1403715919684058112.000000,0.000000,0.000000,21.090251,9.092098,0.241731,0.140386,15.247736,1.061647,0.000000
1403715919734057984.000000,0.000000,0.000000,19.792441,10.141296,0.251171,0.230883,18.385509,0.221092,0.079617
1403715919784058112.000000,0.000000,0.000000,21.052171,7.542124,0.199587,0.106913,14.983157,0.182179,53.485592
1403715919884058112.000000,0.000000,0.000000,19.979836,10.650167,0.259908,0.083553,13.629057,0.180611,47.857255
1403715919934057984.000000,0.000000,0.000000,20.102045,9.652361,0.237699,0.092226,12.117612,1.274610,51.220599
1403715920034057984.000000,0.000000,0.000000,18.843788,8.572761,0.236612,0.195971,17.803229,0.196802,0.000000
1403715920084058112.000000,0.000000,0.000000,18.833580,6.882562,0.110306,0.089729,13.569921,0.149410,0.076641
1403715920134057984.000000,0.000000,0.000000,18.970829,5.853395,0.192707,0.064609,12.096299,0.201443,52.250598
1403715920234057984.000000,0.000000,0.000000,20.123486,9.674185,0.223971,0.055777,12.641236,1.385044,53.976958
1403715920334057984.000000,0.000000,0.000000,18.328772,8.457817,0.231939,0.234307,16.811983,0.292004,39.968791
1403715920384058112.000000,0.000000,0.000000,18.437094,7.256711,0.240259,0.092770,13.049337,0.153826,0.000000
1403715920434057984.000000,0.000000,0.000000,18.627209,7.964146,0.243235,0.088577,13.337502,0.172323,0.073025
1403715920484058112.000000,0.000000,0.000000,19.877243,9.299940,0.172483,0.092097,11.656006,1.765465,44.418487
1403715920534057984.000000,0.000000,0.000000,18.472806,7.684878,0.177314,0.220804,17.855613,0.189955,51.653982
1403715920634057984.000000,0.000000,0.000000,17.743900,10.771961,0.244995,0.113602,13.908550,0.161667,41.293546
1403715920684058112.000000,0.000000,0.000000,17.517401,6.538077,0.218947,0.097153,13.815428,0.187011,0.000000
1403715920734057984.000000,0.000000,0.000000,18.327396,7.921713,0.205283,0.101890,12.200877,1.401364,0.079553
1403715920784058112.000000,0.000000,0.000000,18.169378,6.446460,0.196450,0.202339,16.144837,0.177603,42.777536
1403715920834057984.000000,0.000000,0.000000,18.379461,6.592798,0.209699,0.113250,16.161925,0.198819,0.000000
1403715920884058112.000000,0.000000,0.000000,16.847567,6.190008,0.110465,0.087297,13.840005,0.177923,0.087393
1403715920934057984.000000,0.000000,0.000000,14.564143,5.786738,0.110465,0.078465,14.807667,1.462901,32.945652
1403715920984058112.000000,0.000000,0.000000,16.346376,5.389837,0.100193,0.244771,17.573914,0.238595,0.000000
1403715921034057984.000000,0.000000,0.000000,16.494858,6.900386,0.094945,0.124322,14.721553,0.152834,0.085345
1403715921084058112.000000,0.000000,0.000000,18.885516,4.725667,0.063425,0.119777,15.219544,0.211459,24.712351
1403715921134057984.000000,0.000000,0.000000,18.348964,4.616929,0.067297,0.120866,10.502965,1.116752,29.074557
1403715921184058112.000000,0.000000,0.000000,17.448599,9.177123,0.180930,0.183586,16.008164,0.167971,25.972561
1403715921234057984.000000,0.000000,0.000000,16.967121,7.310184,0.187906,0.105121,15.321306,0.178274,33.354074
1403715921284058112.000000,0.000000,0.000000,16.062148,6.322970,0.175106,0.083425,15.511100,0.173666,34.934897
1403715921334057984.000000,0.000000,0.000000,15.510108,7.479754,0.166819,0.108610,13.873829,1.133904,31.504607
1403715921384058112.000000,0.000000,0.000000,16.264647,8.461945,0.179715,0.191331,16.582379,0.182467,36.553575
1403715921434057984.000000,0.000000,0.000000,15.867234,5.461582,0.146754,0.108514,15.438299,0.178115,37.273265
1403715921484058112.000000,0.000000,0.000000,14.921779,5.814130,0.170819,0.113154,15.539516,0.153890,41.892083
1403715921534057984.000000,0.000000,0.000000,17.012114,6.814945,0.182403,0.112194,13.955846,1.236497,35.467991
1403715921584058112.000000,0.000000,0.000000,16.464169,8.761372,0.204226,0.226883,18.061057,0.192610,36.341957
1403715921634057984.000000,0.000000,0.000000,15.825089,5.723313,0.169410,0.136802,17.673371,0.190083,29.473507
1403715921684058112.000000,0.000000,0.000000,15.327322,4.926374,0.194691,0.085249,14.156553,0.155010,28.353650
1403715921734057984.000000,0.000000,0.000000,15.611742,6.700223,0.183395,0.092994,17.142291,0.134434,35.364214
1403715921784058112.000000,0.000000,0.000000,15.038229,7.309543,0.207235,0.128194,17.272694,0.135362,26.976127
1403715921834057984.000000,0.000000,0.000000,16.307272,5.550831,0.186051,0.115874,15.386202,1.027823,28.969276
1403715921884058112.000000,0.000000,0.000000,16.141893,5.066632,0.141730,0.248131,20.688550,0.282948,29.432642
1403715921934057984.000000,0.000000,0.000000,15.135383,5.542511,0.150563,0.133346,17.723259,0.172739,35.887742
1403715921984058112.000000,0.000000,0.000000,16.365321,6.262297,0.184803,0.126882,17.280181,0.185507,34.970097
1403715922034057984.000000,0.000000,0.000000,23.226633,5.061607,0.157955,0.121538,19.109455,0.308005,28.987580
1403715922084058112.000000,0.000000,0.000000,15.106294,4.897221,0.160610,0.157282,17.244469,0.153026,30.706644
1403715922134057984.000000,0.000000,0.000000,15.940386,5.513006,0.177154,0.131970,16.597100,0.906285,0.000000
1403715922184058112.000000,0.000000,0.000000,15.479068,4.402143,0.141698,0.098945,19.121776,0.149891,0.072225
1403715922234057984.000000,0.000000,0.000000,15.430459,4.387966,0.159458,0.140962,16.489514,0.162370,31.881956
1403715922284058112.000000,0.000000,0.000000,15.822465,3.474737,0.131938,0.128290,16.256742,0.214915,0.000000
1403715922334057984.000000,0.000000,0.000000,17.149332,3.282447,0.130178,0.079169,16.402089,0.135426,0.063297
1403715922384058112.000000,0.000000,0.000000,15.604798,3.196942,0.120898,0.139842,17.012466,0.124962,47.617509
1403715922434057984.000000,0.000000,0.000000,15.453308,3.263022,0.114818,0.132322,18.580776,0.128354,49.716578
1403715922484058112.000000,0.000000,0.000000,16.886000,2.980586,0.121505,0.152066,18.842636,0.137090,35.017553
1403715922534057984.000000,0.000000,0.000000,16.934385,3.009674,0.128226,0.135106,18.389925,0.152642,33.386938
1403715922584058112.000000,0.000000,0.000000,15.952323,2.962058,0.114370,0.138434,18.445830,0.127426,45.007871
1403715922634057984.000000,0.000000,0.000000,18.851755,2.908522,0.120738,0.153539,19.039662,0.958541,0.000000
1403715922684058112.000000,0.000000,0.000000,16.995346,3.066476,0.111874,0.205891,23.223722,0.225379,0.078145
1403715922734057984.000000,0.000000,0.000000,15.219032,3.423441,0.117762,0.142307,18.693769,0.179426,33.965378
1403715922784058112.000000,0.000000,0.000000,16.509035,3.365424,0.121954,0.159011,18.458118,0.301157,28.449812
1403715922834057984.000000,0.000000,0.000000,18.279907,3.428721,0.116578,0.123522,19.453364,0.140482,47.525603
1403715922884058112.000000,0.000000,0.000000,16.434569,3.398864,0.062913,0.161186,18.796267,0.128994,45.169826
1403715922934057984.000000,0.000000,0.000000,17.960479,3.512977,0.120354,0.190178,25.606892,0.193155,0.000000
1403715922984058112.000000,0.000000,0.000000,17.740956,3.646260,0.121730,0.152354,18.370469,0.142722,0.087746
1403715923034057984.000000,0.000000,0.000000,15.445147,3.700693,0.117602,0.146658,19.968860,1.056111,49.266268
1403715923084058112.000000,0.000000,0.000000,16.314152,3.826358,0.144226,0.249891,21.224014,0.333701,0.000000
1403715923134057984.000000,0.000000,0.000000,19.266834,3.773205,0.121218,0.143042,18.585256,0.195394,0.083713
1403715923184058112.000000,0.000000,0.000000,17.560057,6.341786,0.105633,0.136386,17.753436,0.180194,53.792860
1403715923284058112.000000,0.000000,0.000000,17.674395,5.043784,0.074273,0.130754,19.232753,1.223378,51.112470
1403715923384058112.000000,0.000000,0.000000,17.948863,10.805209,0.235204,0.237059,17.949375,0.210339,39.620499
1403715923434057984.000000,0.000000,0.000000,17.638011,9.929453,0.208259,0.132578,17.536057,0.196547,0.000000
1403715923484058112.000000,0.000000,0.000000,18.654665,6.797857,0.202659,0.130242,17.107859,0.199363,0.073345
1403715923534057984.000000,0.000000,0.000000,18.014016,6.488028,0.194082,0.139650,20.571876,1.490326,48.936631
1403715923584058112.000000,0.000000,0.000000,16.925136,5.904147,0.204451,0.222627,19.142160,0.314852,56.402081
1403715923684058112.000000,0.000000,0.000000,17.520761,5.877395,0.195939,0.114465,16.233575,0.161411,46.584086
1403715923734057984.000000,0.000000,0.000000,17.136883,6.469212,0.210019,0.122658,16.277159,0.179906,46.908570
1403715923784058112.000000,0.000000,0.000000,15.700127,6.620062,0.223011,0.138882,16.176774,1.394931,48.359759
1403715923834057984.000000,0.000000,0.000000,18.125473,7.628364,0.185859,0.260035,18.662089,0.179779,48.556786
1403715923884058112.000000,0.000000,0.000000,18.713258,7.824816,0.191331,0.134594,15.744288,0.185634,46.480021
1403715923934057984.000000,0.000000,0.000000,17.605114,7.981265,0.109218,0.115650,14.555503,0.188995,49.264251
1403715923984058112.000000,0.000000,0.000000,17.703484,7.777518,0.197667,0.130978,17.438776,2.025693,47.509058
1403715924034057984.000000,0.000000,0.000000,23.350316,7.311272,0.237764,0.243043,21.625364,0.207875,48.498673
1403715924084058112.000000,0.000000,0.000000,18.912461,6.520957,0.113762,0.128001,16.312328,0.170466,47.869480
1403715924134057984.000000,0.000000,0.000000,17.702555,8.780541,0.175266,0.076065,14.966420,1.421236,48.735124
1403715924184058112.000000,0.000000,0.000000,19.505141,7.621452,0.203395,0.239235,18.782891,0.191266,0.000000
1403715924234057984.000000,0.000000,0.000000,19.007086,9.223331,0.199267,0.142562,18.331045,0.293924,0.080481
1403715924284058112.000000,0.000000,0.000000,17.890462,8.670107,0.173186,0.117474,18.677385,2.101182,51.370778
1403715924384058112.000000,0.000000,0.000000,19.390579,8.336087,0.239939,0.308260,21.736821,0.284868,0.000000
1403715924434057984.000000,0.000000,0.000000,19.099855,3.834903,0.210723,0.135010,17.048370,0.174883,0.086913
1403715924484058112.000000,0.000000,0.000000,17.865982,5.822163,0.249667,0.149122,18.851436,0.222563,44.881054
1403715924534057984.000000,0.000000,0.000000,18.590952,5.996821,0.218659,0.085633,18.561384,0.176130,43.410440
1403715924584058112.000000,0.000000,0.000000,19.581142,5.305547,0.280708,0.124162,18.107937,0.172194,0.000000
1403715924634057984.000000,0.000000,0.000000,17.622266,6.638143,0.224772,0.116257,16.605388,0.183746,0.070305
1403715924684058112.000000,0.000000,0.000000,17.756860,7.142085,0.225315,0.119202,15.524892,1.349651,44.752668
1403715924734057984.000000,0.000000,0.000000,16.953489,6.338074,0.191235,0.263844,17.574329,0.257924,52.860942
1403715924834057984.000000,0.000000,0.000000,20.365089,11.546148,0.145922,0.104546,15.431419,0.153283,45.265155
1403715924884058112.000000,0.000000,0.000000,17.732764,7.415786,0.211715,0.098113,16.170534,0.184547,0.000000
1403715924934057984.000000,0.000000,0.000000,17.257269,7.461194,0.224163,0.117442,16.133477,1.429844,0.071009
1403715924984058112.000000,0.000000,0.000000,18.123873,8.320791,0.233123,0.252675,18.512295,0.269348,47.034588
1403715925034057984.000000,0.000000,0.000000,17.223956,7.287720,0.233988,0.114850,17.871870,0.235811,52.768781
1403715925134057984.000000,0.000000,0.000000,18.527975,8.631322,0.255908,0.069569,15.803457,1.493493,49.702978
1403715925184058112.000000,0.000000,0.000000,16.471050,6.655935,0.234499,0.213283,18.803371,0.206627,45.131617
1403715925234057984.000000,0.000000,0.000000,17.812093,7.397801,0.279012,0.110594,15.661886,0.202083,53.319990
1403715925334057984.000000,0.000000,0.000000,23.244491,8.059954,0.137954,0.091073,15.924002,0.195075,0.000000
1403715925384058112.000000,0.000000,0.000000,16.085221,8.160180,0.246980,0.099457,16.941617,1.764377,0.069729
1403715925434057984.000000,0.000000,0.000000,18.095937,7.731950,0.311524,0.229539,23.361420,0.395621,61.122436
1403715925534057984.000000,0.000000,0.000000,16.642892,9.947501,0.135106,0.101857,19.156560,0.214083,52.351016
1403715925634057984.000000,0.000000,0.000000,16.860751,7.352617,0.303364,0.092673,15.434075,0.170082,49.045849
1403715925684058112.000000,0.000000,0.000000,19.730585,10.416596,0.285700,0.089505,14.653008,0.165890,52.389096
1403715925784058112.000000,0.000000,0.000000,19.395539,11.759015,0.290372,0.083425,18.044416,0.231811,50.100935
1403715925884058112.000000,0.000000,0.000000,16.425289,6.551069,0.176163,0.109058,19.458484,0.148674,48.785109
1403715925934057984.000000,0.000000,0.000000,14.394252,8.056819,0.124258,0.124033,17.939391,0.134850,45.705065
1403715925984058112.000000,0.000000,0.000000,14.731953,6.379835,0.267075,0.122977,17.168948,0.130850,0.000000
1403715926034057984.000000,0.000000,0.000000,15.320762,7.745166,0.129153,0.099745,16.428745,1.012558,0.069665
1403715926084058112.000000,0.000000,0.000000,13.580609,4.718723,0.155746,0.173442,16.367785,0.332581,61.963120
1403715926184058112.000000,0.000000,0.000000,16.327496,7.337320,0.237188,0.096961,14.793970,0.185571,54.285538
1403715926284058112.000000,0.000000,0.000000,15.903938,8.479320,0.233316,0.072417,13.304445,0.212451,51.300025
1403715926384058112.000000,0.000000,0.000000,16.773806,10.740409,0.243012,0.063105,13.001145,0.225795,50.788018
1403715926484058112.000000,0.000000,0.000000,16.457418,6.581886,0.141826,0.063361,12.275694,1.325363,47.711526
1403715926534057984.000000,0.000000,0.000000,18.159970,12.251054,0.232323,0.174211,16.758094,0.177955,50.901971
1403715926634057984.000000,0.000000,0.000000,18.222915,6.999012,0.135938,0.102178,14.683568,0.193379,47.738662
1403715926684058112.000000,0.000000,0.000000,17.866814,6.101879,0.156514,0.072545,12.944792,0.177379,0.000000
1403715926734057984.000000,0.000000,0.000000,18.240867,8.132563,0.189251,0.083041,13.149723,1.568054,0.075713
1403715926784058112.000000,0.000000,0.000000,19.594583,8.339670,0.190019,0.138690,16.849999,0.146914,55.506165
1403715926884058112.000000,0.000000,0.000000,17.582394,5.795827,0.188355,0.102498,15.394330,0.196451,51.526140
1403715926984058112.000000,0.000000,0.000000,19.852186,11.265664,0.308164,0.080481,13.001433,0.148098,53.248980
1403715927084058112.000000,0.000000,0.000000,19.152528,6.826177,0.092833,0.103586,14.614160,0.136482,0.000000
1403715927134057984.000000,0.000000,0.000000,20.608613,7.181318,0.142274,0.075521,13.429118,1.763737,0.070401
1403715927184058112.000000,0.000000,0.000000,20.721190,8.796349,0.206531,0.126242,18.804299,0.186658,55.500788
1403715927284058112.000000,0.000000,0.000000,20.171230,10.166000,0.262308,0.125378,18.446374,0.234052,49.140954
1403715927334057984.000000,0.000000,0.000000,20.042717,10.576246,0.225923,0.121378,15.576381,0.178979,0.000000
1403715927384058112.000000,0.000000,0.000000,19.505813,8.069106,0.215619,0.153058,12.546098,1.282931,0.071873
1403715927434057984.000000,0.000000,0.000000,19.687224,6.968195,0.222115,0.155714,13.373854,0.131490,53.866301
1403715927534057984.000000,0.000000,0.000000,20.976778,6.779488,0.246275,0.076098,12.892919,0.162338,52.787566
1403715927634057984.000000,0.000000,0.000000,18.920204,7.411562,0.267748,0.047393,10.660600,0.172835,45.808203
1403715927684058112.000000,0.000000,0.000000,23.096104,8.578329,0.239556,0.055808,14.994901,1.578198,45.846411
1403715927734057984.000000,0.000000,0.000000,20.724486,7.560299,0.216388,0.257827,19.593751,0.308228,0.000000
1403715927784058112.000000,0.000000,0.000000,22.499103,7.799759,0.210563,0.094593,15.987171,0.163554,0.072001
1403715927834057984.000000,0.000000,0.000000,19.173680,5.564559,0.192419,0.094274,17.105522,0.175651,56.102909
1403715927934057984.000000,0.000000,0.000000,21.113708,6.736352,0.244804,0.084577,16.264647,0.276548,45.672777
1403715927984058112.000000,0.000000,0.000000,23.125480,5.690161,0.127202,0.095553,17.316214,1.179377,49.269916
1403715928034057984.000000,0.000000,0.000000,19.122607,7.912881,0.219171,0.079074,18.800779,0.153603,43.415625
1403715928084058112.000000,0.000000,0.000000,16.521003,7.102117,0.205443,0.116578,15.258745,0.234980,38.810728
1403715928134057984.000000,0.000000,0.000000,19.148880,7.450250,0.231491,0.126722,17.838269,0.224963,39.334895
1403715928184058112.000000,0.000000,0.000000,20.996522,6.848546,0.116130,0.122338,18.656649,0.302212,37.497717
1403715928234057984.000000,0.000000,0.000000,17.632539,8.663803,0.191811,0.121506,18.788139,0.152323,33.333561
1403715928284058112.000000,0.000000,0.000000,20.730279,8.539673,0.192707,0.135682,18.719530,0.156066,34.017636
1403715928334057984.000000,0.000000,0.000000,17.159924,8.680412,0.222147,0.121986,16.808239,0.959918,0.000000
1403715928384058112.000000,0.000000,0.000000,20.031197,8.085267,0.117410,0.234947,20.345121,0.321573,0.070273
1403715928434057984.000000,0.000000,0.000000,18.963822,7.288455,0.188770,0.114402,18.604232,0.157538,32.536558
1403715928484058112.000000,0.000000,0.000000,17.311990,7.726030,0.190307,0.132546,18.132034,0.183555,33.778368
1403715928534057984.000000,0.000000,0.000000,16.923024,7.973585,0.203907,0.120354,18.533959,0.233348,27.368069
1403715928584058112.000000,0.000000,0.000000,18.001856,10.166768,0.101473,0.130657,17.852798,0.125601,41.014087
1403715928634057984.000000,0.000000,0.000000,17.351382,7.805295,0.085601,0.132322,18.909805,0.134498,39.012042
1403715928684058112.000000,0.000000,0.000000,17.018866,7.483722,0.179907,0.131009,18.526984,0.125026,37.577398
1403715928734057984.000000,0.000000,0.000000,21.084395,6.763392,0.208707,0.139266,18.569928,0.806860,41.296843
1403715928784058112.000000,0.000000,0.000000,19.368275,7.514986,0.201955,0.214307,18.738666,0.322117,37.607190
1403715928834057984.000000,0.000000,0.000000,19.843834,7.830703,0.207843,0.088930,17.452887,0.180259,38.421922
1403715928884058112.000000,0.000000,0.000000,18.690058,7.611148,0.216579,0.129378,17.812253,0.240356,35.423671
1403715928934057984.000000,0.000000,0.000000,18.611497,8.114611,0.213155,0.095714,16.549035,0.250115,40.123546
1403715928984058112.000000,0.000000,0.000000,18.312132,6.714719,0.201123,0.103617,17.087379,1.225073,40.162458
1403715929034057984.000000,0.000000,0.000000,19.406292,6.645694,0.183875,0.236963,24.990947,0.264804,43.113156
1403715929084058112.000000,0.000000,0.000000,19.730328,5.644016,0.193059,0.201891,25.770766,0.194947,45.653545
1403715929134057984.000000,0.000000,0.000000,27.223298,5.523823,0.211203,0.156226,22.576449,0.169634,46.032590
1403715929184058112.000000,0.000000,0.000000,20.972650,7.135301,0.109186,0.145090,18.063329,0.141570,0.000000
1403715929234057984.000000,0.000000,0.000000,19.038927,5.752498,0.087969,0.139618,19.710360,0.156802,0.095106
1403715929284058112.000000,0.000000,0.000000,18.192355,7.165733,0.205859,0.143394,17.763804,0.145154,43.182341
1403715929334057984.000000,0.000000,0.000000,23.689552,7.708013,0.200835,0.151394,19.493269,0.143170,46.498996
1403715929384058112.000000,0.000000,0.000000,18.636521,6.631934,0.191523,0.155138,19.420980,1.160080,41.936371
1403715929434057984.000000,0.000000,0.000000,20.340257,8.491033,0.194050,0.242691,22.747812,0.262883,39.730580
1403715929484058112.000000,0.000000,0.000000,18.359877,9.072865,0.215427,0.152002,19.471541,0.156931,0.000000
1403715929534057984.000000,0.000000,0.000000,18.372645,7.867760,0.193410,0.182754,20.661414,0.199586,0.083041
1403715929584058112.000000,0.000000,0.000000,17.734907,8.559993,0.115618,0.149442,17.441880,0.151266,45.362468
1403715929634057984.000000,0.000000,0.000000,18.371109,8.825757,0.191298,0.144642,16.860976,0.247843,39.945751
1403715929684058112.000000,0.000000,0.000000,18.207202,8.524569,0.208739,0.139554,17.989727,0.130434,40.299324
1403715929734057984.000000,0.000000,0.000000,17.288406,7.858575,0.222243,0.151266,21.940056,1.163120,0.000000
1403715929784058112.000000,0.000000,0.000000,20.152734,8.001522,0.205891,0.273668,25.743246,0.337701,0.090210
1403715929834057984.000000,0.000000,0.000000,18.077153,8.989024,0.200451,0.124354,19.421076,0.169794,43.971505
1403715929884058112.000000,0.000000,0.000000,19.394004,8.044978,0.213155,0.154690,20.344641,0.255140,0.000000
1403715929934057984.000000,0.000000,0.000000,18.564296,6.973827,0.220163,0.171683,19.181424,1.327923,0.088897
1403715929984058112.000000,0.000000,0.000000,19.085391,7.429482,0.218723,0.072769,20.405026,0.153922,45.303395
1403715930034057984.000000,0.000000,0.000000,18.544231,7.464138,0.228899,0.100993,15.183960,0.224355,38.218687
1403715930084058112.000000,0.000000,0.000000,18.145346,6.245273,0.216387,0.119170,18.472454,0.193155,49.910564
1403715930134057984.000000,0.000000,0.000000,18.633353,7.756878,0.206531,0.084321,16.845903,1.274066,44.309525
1403715930184058112.000000,0.000000,0.000000,18.929389,7.634348,0.258436,0.120258,20.965641,0.253348,43.420488
1403715930234057984.000000,0.000000,0.000000,18.489575,6.610398,0.189827,0.080481,19.331987,0.259428,43.134468
1403715930284058112.000000,0.000000,0.000000,17.746492,6.239129,0.191011,0.094977,16.666925,1.418356,40.954693
1403715930334057984.000000,0.000000,0.000000,17.410200,6.152952,0.213315,0.188675,20.731879,0.313285,0.000000
1403715930384058112.000000,0.000000,0.000000,20.000508,7.113093,0.216387,0.104386,19.542741,0.211459,0.085345
1403715930434057984.000000,0.000000,0.000000,19.168592,7.983026,0.228003,0.108257,18.123618,0.208963,38.721189
1403715930484058112.000000,0.000000,0.000000,18.041792,7.486698,0.224291,0.096481,15.860289,1.160208,40.304892
1403715930534057984.000000,0.000000,0.000000,17.293366,8.428215,0.228579,0.149186,18.334309,0.181122,0.000000
1403715930584058112.000000,0.000000,0.000000,18.099009,8.192276,0.233443,0.111969,18.295940,0.181923,0.081089
1403715930634057984.000000,0.000000,0.000000,18.159138,8.582906,0.234435,0.126498,21.379152,0.174563,50.248842
1403715930734057984.000000,0.000000,0.000000,21.424208,8.656763,0.122434,0.156994,28.145360,1.357075,47.932873
1403715930784058112.000000,0.000000,0.000000,19.244369,6.612990,0.204162,0.259364,21.728469,0.367365,43.011619
1403715930834057984.000000,0.000000,0.000000,19.333331,7.347977,0.216227,0.118082,20.901897,0.228419,42.673342
1403715930884058112.000000,0.000000,0.000000,20.207423,6.325626,0.228003,0.128450,19.473109,0.218595,47.516931
1403715930934057984.000000,0.000000,0.000000,21.585555,7.763278,0.211683,0.126658,13.273981,0.181954,51.744255
1403715931034057984.000000,0.000000,0.000000,19.469333,9.286980,0.285188,0.030849,16.233958,1.379987,43.980177
1403715931084058112.000000,0.000000,0.000000,19.875418,7.869072,0.212931,0.175779,24.854625,0.239171,45.077601
1403715931134057984.000000,0.000000,0.000000,18.696490,7.380809,0.232196,0.137122,21.510417,0.228003,47.756646
1403715931184058112.000000,0.000000,0.000000,20.352161,6.662303,0.215171,0.113730,12.782261,0.161986,48.544498
1403715931234057984.000000,0.000000,0.000000,18.818699,6.181176,0.203651,0.030976,16.057284,1.522966,47.149694
1403715931284058112.000000,0.000000,0.000000,18.542632,8.454072,0.193219,0.243972,21.074507,0.363878,45.019360
1403715931334057984.000000,0.000000,0.000000,18.268324,6.808801,0.194018,0.145634,22.993158,0.227492,45.552711
1403715931384058112.000000,0.000000,0.000000,19.777081,8.126612,0.195203,0.103073,15.131095,1.381652,49.129498
1403715931434057984.000000,0.000000,0.000000,18.755243,6.444539,0.204130,0.206339,18.531847,0.307237,49.932293
1403715931484058112.000000,0.000000,0.000000,18.302244,7.033604,0.186562,0.102786,16.673261,0.198851,50.328139
1403715931584058112.000000,0.000000,0.000000,20.077373,10.655543,0.277188,0.084641,16.895984,0.250820,0.000000
1403715931634057984.000000,0.000000,0.000000,18.811435,6.817057,0.119521,0.094530,15.287577,1.491926,0.085729
1403715931684058112.000000,0.000000,0.000000,19.626839,6.792320,0.192387,0.211171,19.890939,0.476103,48.207277
1403715931734057984.000000,0.000000,0.000000,18.682889,8.143988,0.190467,0.111489,16.874416,0.210723,49.339549
1403715931784058112.000000,0.000000,0.000000,17.673596,7.092837,0.191171,0.096898,15.269017,0.194851,45.669992
1403715931834057984.000000,0.000000,0.000000,17.617978,7.809263,0.184547,0.071810,15.715711,1.806586,0.000000
1403715931884058112.000000,0.000000,0.000000,21.629843,8.344247,0.178722,0.262980,20.844456,0.248196,0.080225
1403715931934057984.000000,0.000000,0.000000,17.120403,7.354249,0.170594,0.114465,15.365691,0.160610,54.663624
1403715932034057984.000000,0.000000,0.000000,17.475001,9.030944,0.237155,0.123618,15.930370,1.950044,54.160097
1403715932134057984.000000,0.000000,0.000000,17.781693,9.553800,0.191331,0.141538,20.844360,0.192803,47.799559
1403715932184058112.000000,0.000000,0.000000,16.721165,7.331752,0.174819,0.118145,16.489227,0.164323,0.000000
1403715932234057984.000000,0.000000,0.000000,16.577740,8.004882,0.197411,0.112033,17.457752,1.249169,0.081025
1403715932284058112.000000,0.000000,0.000000,18.177314,9.805740,0.099138,0.176610,19.832794,0.196354,57.166572
1403715932384058112.000000,0.000000,0.000000,17.794940,8.632571,0.108641,0.117314,16.653037,0.169539,53.711803
1403715932484058112.000000,0.000000,0.000000,18.718250,11.490915,0.236259,0.116482,17.683195,0.203651,0.000000
1403715932534057984.000000,0.000000,0.000000,16.884496,7.557612,0.182019,0.113090,15.476060,1.156432,0.077441
1403715932584058112.000000,0.000000,0.000000,17.219988,6.508412,0.181347,0.204963,19.124176,0.189378,52.896527
1403715932684058112.000000,0.000000,0.000000,16.196070,9.181923,0.214339,0.107522,16.621324,0.205059,47.811047
1403715932734057984.000000,0.000000,0.000000,14.841394,10.390867,0.208195,0.108865,16.188902,0.196515,45.766154
1403715932784058112.000000,0.000000,0.000000,17.602810,9.411238,0.208835,0.060033,14.744146,1.176561,0.000000
1403715932834057984.000000,0.000000,0.000000,15.646590,9.612713,0.171683,0.197955,18.017568,0.208131,0.076065
1403715932884058112.000000,0.000000,0.000000,17.075122,8.625691,0.182402,0.109602,16.911440,0.185891,47.020188
1403715932934057984.000000,0.000000,0.000000,16.052964,6.450876,0.174083,0.122210,16.592940,0.204867,0.000000
1403715932984058112.000000,0.000000,0.000000,16.487594,7.819471,0.185922,0.132609,15.059637,1.271730,0.085857
1403715933034057984.000000,0.000000,0.000000,19.665784,7.405609,0.194211,0.223843,18.481735,0.209635,49.931813
1403715933084058112.000000,0.000000,0.000000,17.707131,9.189186,0.222499,0.127137,16.772079,0.234083,46.927099
1403715933134057984.000000,0.000000,0.000000,16.647148,6.300826,0.216451,0.107873,15.064726,0.224099,51.781440
1403715933234057984.000000,0.000000,0.000000,16.751214,7.664941,0.214115,0.101121,15.125239,1.383987,48.116588
1403715933284058112.000000,0.000000,0.000000,17.609914,7.743214,0.227779,0.219267,18.489766,0.196515,44.759899
1403715933334057984.000000,0.000000,0.000000,17.289910,6.577149,0.115297,0.122945,16.731918,0.198371,0.000000
1403715933384058112.000000,0.000000,0.000000,17.793469,6.310777,0.184738,0.110850,16.099492,0.280260,0.071617
1403715933434057984.000000,0.000000,0.000000,17.834077,7.426377,0.189123,0.073409,13.383006,1.162608,50.277098
1403715933534057984.000000,0.000000,0.000000,22.934886,11.442755,0.276164,0.185315,16.741646,0.207587,47.764102
1403715933584058112.000000,0.000000,0.000000,19.323923,8.028306,0.279876,0.086402,14.793746,0.197987,46.067023
1403715933634057984.000000,0.000000,0.000000,20.407138,7.772910,0.276804,0.081186,14.105512,0.366917,42.992578
1403715933684058112.000000,0.000000,0.000000,19.644375,6.890466,0.208131,0.061697,12.770390,1.250002,42.265304
1403715933734057984.000000,0.000000,0.000000,18.131170,6.199992,0.228004,0.171363,16.453129,0.160002,43.955728
1403715933784058112.000000,0.000000,0.000000,18.379941,6.043542,0.252100,0.101441,13.194172,0.184227,39.439345
1403715933834057984.000000,0.000000,0.000000,22.496544,8.734492,0.262691,0.063681,12.293423,0.158626,39.384495
1403715933884058112.000000,0.000000,0.000000,22.421310,8.491449,0.215011,0.062721,10.973020,1.412756,40.157754
1403715933934057984.000000,0.000000,0.000000,19.921499,7.237222,0.234212,0.189570,17.059923,0.209795,37.507829
1403715933984058112.000000,0.000000,0.000000,20.898761,7.337640,0.249668,0.078721,14.682993,0.239492,35.341718
1403715934034057984.000000,0.000000,0.000000,19.774937,6.103223,0.236611,0.070977,12.172333,1.440405,46.347058
1403715934084058112.000000,0.000000,0.000000,19.846010,7.764622,0.233892,0.107265,16.497355,0.130690,46.152239
1403715934134057984.000000,0.000000,0.000000,23.664016,7.354920,0.194499,0.099585,16.620301,0.145794,41.777521
1403715934184058112.000000,0.000000,0.000000,17.179636,6.732192,0.212067,0.126242,15.504540,0.201059,41.176041
1403715934234057984.000000,0.000000,0.000000,16.138310,6.611166,0.235811,0.116866,16.378152,0.132034,41.714992
1403715934284058112.000000,0.000000,0.000000,16.150501,5.020519,0.189443,0.103138,14.799762,0.129185,41.136296
1403715934334057984.000000,0.000000,0.000000,15.754688,5.251083,0.173410,0.121057,18.070369,0.147458,39.636691
1403715934384058112.000000,0.000000,0.000000,16.037348,4.884005,0.169699,0.102849,18.263972,1.683320,44.034289
1403715934434057984.000000,0.000000,0.000000,15.274425,6.813312,0.180066,0.166659,21.296590,0.233027,47.004027
1403715934484058112.000000,0.000000,0.000000,16.564267,10.559382,0.173571,0.091074,16.175205,0.199523,43.898799
1403715934534057984.000000,0.000000,0.000000,15.834241,10.798681,0.102017,0.080833,15.426875,1.738873,38.137533
1403715934584058112.000000,0.000000,0.000000,15.631102,9.098625,0.105666,0.267843,17.666747,0.346789,41.322315
1403715934634057984.000000,0.000000,0.000000,16.509706,8.429528,0.200226,0.105761,19.962620,0.244739,39.980952
1403715934684058112.000000,0.000000,0.000000,15.316953,9.982638,0.169123,0.085698,17.761276,1.234258,42.932130
1403715934734057984.000000,0.000000,0.000000,18.618024,10.499765,0.177699,0.187395,18.857932,0.252772,41.052135
1403715934784058112.000000,0.000000,0.000000,18.070817,6.474332,0.139394,0.092002,18.688265,0.240292,40.246172
1403715934834057984.000000,0.000000,0.000000,14.961077,7.606028,0.148738,0.100289,18.190275,1.591479,43.888655
1403715934884058112.000000,0.000000,0.000000,15.630270,7.387721,0.163875,0.181155,25.494058,0.285605,46.528693
1403715934934057984.000000,0.000000,0.000000,14.938356,6.069398,0.160610,0.118050,22.529856,0.305956,37.598230
1403715934984058112.000000,0.000000,0.000000,13.517408,5.410797,0.174274,0.142082,22.920262,0.177347,39.780277
1403715935034057984.000000,0.000000,0.000000,13.976071,4.942214,0.162658,0.150370,19.217745,0.136386,38.123421
1403715935084058112.000000,0.000000,0.000000,16.226535,7.593804,0.236740,0.133666,18.451078,0.126082,37.293394
1403715935134057984.000000,0.000000,0.000000,17.061395,8.642010,0.196195,0.143746,19.204401,0.133570,31.505824
1403715935184058112.000000,0.000000,0.000000,17.079475,7.467882,0.192771,0.135362,20.534435,1.143568,33.097782
1403715935234057984.000000,0.000000,0.000000,16.517739,7.754798,0.206435,0.172355,19.960251,0.352773,29.757991
1403715935284058112.000000,0.000000,0.000000,18.281348,7.910832,0.232292,0.094657,16.470474,0.171266,31.878597
1403715935334057984.000000,0.000000,0.000000,18.950190,7.792654,0.244867,0.112641,17.051762,0.216323,32.294027
1403715935384058112.000000,0.000000,0.000000,19.174993,7.654669,0.128993,0.085889,17.103443,1.426805,30.535538
1403715935434057984.000000,0.000000,0.000000,18.815244,6.253657,0.215235,0.234179,20.690502,0.359429,31.948646
1403715935484058112.000000,0.000000,0.000000,18.901580,7.059269,0.245028,0.110210,16.307944,0.180995,33.959490
1403715935534057984.000000,0.000000,0.000000,19.615414,7.354761,0.253476,0.112865,15.840481,0.213827,31.292444
1403715935584058112.000000,0.000000,0.000000,18.796363,7.053988,0.242019,0.086625,16.619916,1.299218,32.126536
1403715935634057984.000000,0.000000,0.000000,18.433126,7.948401,0.259652,0.234307,20.119518,0.332612,33.131639
1403715935684058112.000000,0.000000,0.000000,18.728234,8.186933,0.242947,0.116802,17.275669,0.170498,33.579069
1403715935734057984.000000,0.000000,0.000000,19.320979,6.938530,0.227684,0.130689,18.041089,0.188643,33.878625
1403715935784058112.000000,0.000000,0.000000,21.284494,7.607404,0.231779,0.108961,21.749077,0.002176,35.816381
1403715935834057984.000000,0.000000,0.000000,20.806152,7.427049,0.216387,0.075137,21.385200,0.002304,33.517980
1403715935884058112.000000,0.000000,0.000000,17.733308,7.544908,0.212707,0.068097,17.794045,0.002368,33.377562
1403715935934057984.000000,0.000000,0.000000,20.000220,8.016242,0.227364,0.085154,12.559922,0.001792,34.583084
1403715935984058112.000000,0.000000,0.000000,21.428976,7.842511,0.234883,0.086402,12.348207,0.958669,39.362415
1403715936034057984.000000,0.000000,0.000000,19.249330,6.908546,0.230724,0.161794,13.971623,0.292036,45.677641
1403715936084058112.000000,0.000000,0.000000,18.210371,7.778414,0.244708,0.092354,13.716643,0.220675,0.000000
1403715936134057984.000000,0.000000,0.000000,19.193329,7.869040,0.228196,0.093985,13.170107,0.223619,0.084546
1403715936184058112.000000,0.000000,0.000000,21.077387,7.157957,0.238083,0.079841,12.785398,0.233828,44.963166
1403715936234057984.000000,0.000000,0.000000,19.530357,7.030468,0.228867,0.067937,11.511299,0.154338,0.000000
1403715936284058112.000000,0.000000,0.000000,18.398150,7.487466,0.238147,0.070145,11.680166,0.921869,0.081377
1403715936334057984.000000,0.000000,0.000000,17.195636,7.526763,0.228260,0.199299,14.418957,0.249348,55.020814
1403715936434057984.000000,0.000000,0.000000,17.723388,8.260278,0.235971,0.106146,15.149687,0.238500,56.642053
1403715936534057984.000000,0.000000,0.000000,17.285557,7.845072,0.275139,0.108130,14.621360,0.231235,48.747284
1403715936584058112.000000,0.000000,0.000000,15.930914,10.687799,0.258979,0.107010,13.842756,0.174275,46.709463
1403715936634057984.000000,0.000000,0.000000,16.795535,9.709898,0.212675,0.101441,13.548032,0.122562,44.179668
1403715936684058112.000000,0.000000,0.000000,16.832495,8.893598,0.233508,0.104353,14.396237,1.020174,0.000000
1403715936734057984.000000,0.000000,0.000000,16.566859,9.251940,0.236067,0.199298,16.588044,0.340613,0.085953
1403715936784058112.000000,0.000000,0.000000,17.019922,8.757788,0.213987,0.096193,14.836403,0.258339,46.055374
1403715936834057984.000000,0.000000,0.000000,16.639757,8.475608,0.203171,0.090497,17.390775,0.002208,45.305252
1403715936884058112.000000,0.000000,0.000000,16.226694,7.346024,0.098081,0.085730,16.923984,0.001920,46.289841
1403715936934057984.000000,0.000000,0.000000,17.226229,7.565260,0.212995,0.081345,19.374644,1.308371,48.206925
1403715936984058112.000000,0.000000,0.000000,16.076324,7.648941,0.197698,0.229571,24.490588,0.348389,48.434768
1403715937034057984.000000,0.000000,0.000000,16.837007,6.187640,0.198211,0.117474,18.853099,0.214691,46.950971
1403715937084058112.000000,0.000000,0.000000,17.537401,6.694879,0.188771,0.118274,22.656385,0.265540,47.045468
1403715937134057984.000000,0.000000,0.000000,17.205428,7.543051,0.209859,0.079041,13.293853,1.543446,56.277919
1403715937234057984.000000,0.000000,0.000000,17.896190,8.848862,0.256484,0.178627,20.983914,0.186370,45.916588
1403715937284058112.000000,0.000000,0.000000,16.989105,7.319848,0.279428,0.081761,17.426840,0.121698,47.671621
1403715937334057984.000000,0.000000,0.000000,19.112752,8.296406,0.223683,0.109601,20.647110,0.125506,47.361633
1403715937384058112.000000,0.000000,0.000000,17.623290,7.136486,0.239460,0.113378,22.165050,0.139714,52.028995
1403715937484058112.000000,0.000000,0.000000,18.482183,8.073522,0.306084,0.122370,24.156631,0.134786,45.324292
1403715937534057984.000000,0.000000,0.000000,18.714217,9.842508,0.128769,0.129378,23.201386,0.137761,0.000000
1403715937584058112.000000,0.000000,0.000000,17.309974,5.678480,0.221891,0.129249,27.246147,1.445493,0.072193
1403715937634057984.000000,0.000000,0.000000,18.665673,6.957954,0.280804,0.208579,28.020814,0.370534,51.409722
1403715937734057984.000000,0.000000,0.000000,20.898921,9.796716,0.302053,0.157250,20.881769,0.207555,50.253546
1403715937834057984.000000,0.000000,0.000000,18.273763,8.696988,0.302148,0.126210,20.331424,0.232067,43.908783
1403715937884058112.000000,0.000000,0.000000,19.960636,8.714012,0.255940,0.120194,19.801913,0.203075,46.160783
1403715937934057984.000000,0.000000,0.000000,18.176546,7.826159,0.266916,0.112514,18.487398,1.575223,46.262897
1403715937984058112.000000,0.000000,0.000000,19.609430,8.219701,0.131201,0.193602,22.196124,0.429158,47.760102
1403715938034057984.000000,0.000000,0.000000,19.791641,6.422811,0.269732,0.075522,19.632438,0.200771,48.118956
1403715938084058112.000000,0.000000,0.000000,19.074575,6.846785,0.227908,0.084673,18.981070,0.223459,46.506612
1403715938134057984.000000,0.000000,0.000000,19.568022,7.721518,0.234852,0.051777,19.877499,1.260498,0.000000
1403715938184058112.000000,0.000000,0.000000,24.728864,8.048530,0.109825,0.103905,21.325391,0.373861,0.077185
1403715938234057984.000000,0.000000,0.000000,19.294642,7.381705,0.231716,0.066049,16.106341,0.175843,56.962025
1403715938334057984.000000,0.000000,0.000000,18.672201,6.939842,0.280196,0.061377,22.918309,0.255012,50.225034
1403715938434057984.000000,0.000000,0.000000,20.489059,13.018329,0.428774,0.096065,16.746574,1.472660,47.245983
1403715938484058112.000000,0.000000,0.000000,21.416752,8.328855,0.137186,0.196515,24.856065,0.270276,46.449140
1403715938534057984.000000,0.000000,0.000000,20.278912,8.588762,0.247363,0.104514,17.598202,0.208643,45.435718
1403715938584058112.000000,0.000000,0.000000,17.563321,6.958146,0.249251,0.085953,16.731342,2.734150,0.000000
1403715938634057984.000000,0.000000,0.000000,24.302970,7.376233,0.236547,0.347429,26.364278,0.412582,0.075585
1403715938684058112.000000,0.000000,0.000000,21.345135,8.865630,0.277380,0.122497,17.756061,0.165539,53.804092
1403715938784058112.000000,0.000000,0.000000,21.637107,9.709930,0.160034,0.111074,18.515591,0.234083,43.741357
1403715938834057984.000000,0.000000,0.000000,20.785575,7.476810,0.264228,0.121090,22.227100,0.216932,49.575520
1403715938884058112.000000,0.000000,0.000000,20.519907,7.207111,0.231683,0.129922,24.103574,0.214307,0.000000
1403715938934057984.000000,0.000000,0.000000,21.094284,9.972493,0.268228,0.122338,25.775822,1.594551,0.076290
1403715938984058112.000000,0.000000,0.000000,21.885687,6.905058,0.244771,0.254468,22.323069,0.317764,58.381149
1403715939084058112.000000,0.000000,0.000000,20.067133,9.275236,0.267844,0.135938,19.447028,0.216515,49.116186
1403715939134057984.000000,0.000000,0.000000,21.226349,9.616457,0.238148,0.110914,21.891447,0.256740,47.570724
1403715939184058112.000000,0.000000,0.000000,18.394374,7.038788,0.111554,0.103649,23.855251,1.293650,0.000000
1403715939234057984.000000,0.000000,0.000000,20.077981,6.924259,0.103905,0.224356,23.197097,0.317093,0.074785
1403715939284058112.000000,0.000000,0.000000,20.843816,6.910146,0.213635,0.121186,18.360516,0.181603,53.221588
1403715939384058112.000000,0.000000,0.000000,20.388610,10.437716,0.248451,0.094529,19.321363,0.227683,0.000000
1403715939434057984.000000,0.000000,0.000000,19.667287,7.851887,0.227747,0.084993,18.111650,0.204387,0.076129
1403715939484058112.000000,0.000000,0.000000,20.404546,6.592030,0.215875,0.096513,17.991104,1.654040,48.857557
1403715939534057984.000000,0.000000,0.000000,18.744298,8.569242,0.209859,0.155778,23.248074,0.240004,55.471604
1403715939634057984.000000,0.000000,0.000000,17.150931,11.467811,0.280996,0.101634,22.407998,0.237636,0.000000
1403715939684058112.000000,0.000000,0.000000,19.157840,10.540981,0.235683,0.099745,18.710602,1.224658,0.075425
1403715939734057984.000000,0.000000,0.000000,17.866877,8.129652,0.185667,0.185667,20.801191,0.305124,55.840249
1403715939834057984.000000,0.000000,0.000000,18.050881,9.271428,0.218243,0.082273,17.818429,0.212099,0.000000
1403715939884058112.000000,0.000000,0.000000,18.832812,11.080669,0.117889,0.064385,21.553618,1.502518,0.078881
1403715939934057984.000000,0.000000,0.000000,18.949965,9.950189,0.181443,0.147010,19.876922,0.292580,50.244298
1403715940034057984.000000,0.000000,0.000000,17.528153,7.401545,0.201474,0.060449,18.596264,0.227747,44.243796
1403715940084058112.000000,0.000000,0.000000,18.959309,7.125957,0.231812,0.045377,17.290646,0.168770,40.184571
1403715940134057984.000000,0.000000,0.000000,18.656361,7.397033,0.182722,0.079009,22.737411,1.638007,44.841501
1403715940184058112.000000,0.000000,0.000000,19.063215,7.844336,0.225507,0.215939,25.161125,0.385541,37.738520
1403715940234057984.000000,0.000000,0.000000,18.880076,7.805391,0.208386,0.107266,19.499829,0.186946,0.000000
1403715940284058112.000000,0.000000,0.000000,18.412293,6.111766,0.102145,0.109762,23.699057,0.238884,0.075137
1403715940334057984.000000,0.000000,0.000000,18.280068,7.621452,0.216547,0.073441,15.680638,1.153104,40.471071
1403715940384058112.000000,0.000000,0.000000,17.879198,7.110181,0.225251,0.141186,20.179422,0.196419,0.000000
1403715940434057984.000000,0.000000,0.000000,21.625363,7.414185,0.195394,0.075713,19.606903,1.284786,0.080449
1403715940484058112.000000,0.000000,0.000000,20.023324,7.422089,0.194882,0.162723,21.097067,0.181859,47.685477
1403715940534057984.000000,0.000000,0.000000,18.502247,6.714784,0.189282,0.085537,18.307620,0.205378,0.000000
1403715940584058112.000000,0.000000,0.000000,20.652293,7.558859,0.216707,0.069057,15.756128,0.601129,0.090241
1403715940634057984.000000,0.000000,0.000000,19.450869,7.311496,0.242692,0.081793,19.042191,0.127713,47.188255
1403715940684058112.000000,0.000000,0.000000,18.915437,6.861538,0.093217,0.066177,20.671877,0.098818,0.000000
1403715940734057984.000000,0.000000,0.000000,19.410452,7.686733,0.203779,0.120962,21.891190,0.121282,0.091937
1403715940784058112.000000,0.000000,0.000000,20.287681,7.607436,0.198339,0.102849,20.171423,1.742329,37.697303
1403715940834057984.000000,0.000000,0.000000,21.868246,8.455544,0.200227,0.230499,22.484544,0.323332,48.436304
1403715940884058112.000000,0.000000,0.000000,20.552452,7.310728,0.211203,0.135234,19.281714,0.157347,0.000000
1403715940934057984.000000,0.000000,0.000000,19.783769,7.863856,0.204195,0.115458,17.266549,0.165186,0.086562
1403715940984058112.000000,0.000000,0.000000,19.709240,6.967298,0.210883,0.118466,18.175266,0.149570,40.908389
1403715941034057984.000000,0.000000,0.000000,20.828680,8.183252,0.216035,0.091233,17.037906,0.139618,42.084085
1403715941084058112.000000,0.000000,0.000000,18.849548,7.287560,0.211523,0.106594,18.018208,0.129954,44.560921
1403715941134057984.000000,0.000000,0.000000,19.534070,8.386103,0.214307,0.098369,17.776797,1.127280,45.904876
1403715941184058112.000000,0.000000,0.000000,18.361797,6.881889,0.216067,0.210595,20.784007,0.316133,0.000000
1403715941234057984.000000,0.000000,0.000000,18.555559,6.777984,0.210371,0.089729,17.284822,0.159714,0.080001
1403715941284058112.000000,0.000000,0.000000,18.966445,6.337242,0.186467,0.094305,16.765326,0.220483,38.270239
1403715941334057984.000000,0.000000,0.000000,17.430327,9.385830,0.177059,0.070913,16.116805,0.193667,0.000000
1403715941384058112.000000,0.000000,0.000000,15.955554,7.805743,0.183170,0.088321,17.860126,1.269170,0.071233
1403715941434057984.000000,0.000000,0.000000,16.946033,8.321750,0.170626,0.262275,22.278621,0.308548,55.930683
1403715941534057984.000000,0.000000,0.000000,15.838433,7.290727,0.111138,0.089153,16.879152,0.154883,0.000000
1403715941584058112.000000,0.000000,0.000000,14.873652,7.540299,0.208451,0.091234,15.105686,0.208099,0.080577
1403715941634057984.000000,0.000000,0.000000,16.210918,7.749870,0.181411,0.062657,13.100122,0.159970,48.875766
1403715941684058112.000000,0.000000,0.000000,20.949994,10.163921,0.165827,0.046080,9.293540,1.277138,52.851567
1403715941784058112.000000,0.000000,0.000000,14.526350,6.342683,0.143682,0.129921,15.604830,0.159906,48.058891
1403715941834057984.000000,0.000000,0.000000,14.042663,6.860833,0.212195,0.077057,11.862056,0.132513,0.000000
1403715941884058112.000000,0.000000,0.000000,18.208323,10.259410,0.207715,0.046209,10.480468,0.970253,0.082146
1403715941934057984.000000,0.000000,0.000000,17.795133,9.785291,0.183010,0.096673,14.949461,0.117474,56.061501
1403715942034057984.000000,0.000000,0.000000,16.778574,5.992501,0.190979,0.052193,11.372385,0.114594,52.341863
1403715942134057984.000000,0.000000,0.000000,16.286248,12.059051,0.235363,0.059681,16.844943,1.671576,50.126728
1403715942234057984.000000,0.000000,0.000000,17.143443,6.768000,0.177954,0.154050,18.230627,0.176995,48.555441
1403715942284058112.000000,0.000000,0.000000,14.304747,8.013490,0.230179,0.060673,17.496665,1.611927,0.000000
1403715942334057984.000000,0.000000,0.000000,17.073138,11.844041,0.236195,0.201123,23.923764,0.230500,0.072257
1403715942384058112.000000,0.000000,0.000000,19.078863,6.662207,0.217443,0.093378,17.586169,0.137986,50.939155
1403715942484058112.000000,0.000000,0.000000,18.634921,8.676923,0.241508,0.083393,18.404454,0.180771,0.000000
1403715942534057984.000000,0.000000,0.000000,24.153175,7.233990,0.243715,0.108642,17.159252,1.657688,0.081761
1403715942584058112.000000,0.000000,0.000000,19.482197,7.656013,0.120770,0.105794,18.817099,0.191938,54.295012
1403715942684058112.000000,0.000000,0.000000,19.907067,9.276644,0.246019,0.045632,16.465258,0.205827,57.381807
1403715942784058112.000000,0.000000,0.000000,20.813064,10.827930,0.140450,0.052545,16.400104,1.996892,51.027093
1403715942884058112.000000,0.000000,0.000000,20.670982,8.088659,0.274820,0.106306,19.975836,0.152290,53.238549
1403715942984058112.000000,0.000000,0.000000,20.718118,8.239445,0.253604,0.089826,17.375126,0.197187,43.596011
1403715943034057984.000000,0.000000,0.000000,23.201834,10.891995,0.277732,0.089729,16.116837,0.202851,0.000000
1403715943084058112.000000,0.000000,0.000000,20.225183,8.485112,0.222947,0.082210,12.194893,0.120610,0.082017
1403715943134057984.000000,0.000000,0.000000,20.850089,7.611660,0.223908,0.049952,14.787890,1.487701,48.208076
1403715943184058112.000000,0.000000,0.000000,19.257457,8.314166,0.249827,0.201891,17.178132,0.208163,52.966736
1403715943284058112.000000,0.000000,0.000000,21.997880,9.741963,0.257604,0.061857,12.834806,0.169250,47.578371
1403715943334057984.000000,0.000000,0.000000,19.758777,6.867457,0.248259,0.044353,10.290578,0.157186,42.489212
1403715943384058112.000000,0.000000,0.000000,20.727654,6.875362,0.231748,0.032993,8.747932,1.089231,44.741596
1403715943434057984.000000,0.000000,0.000000,20.057053,7.820911,0.217763,0.076001,13.137883,0.119906,51.064693
1403715943534057984.000000,0.000000,0.000000,20.618309,8.040274,0.225315,0.042625,7.189734,0.105121,43.843599
1403715943584058112.000000,0.000000,0.000000,19.673368,7.723182,0.219427,0.035745,7.584939,1.043566,45.359205
1403715943634057984.000000,0.000000,0.000000,18.627048,7.193062,0.194498,0.066913,13.794532,0.114818,44.546904
1403715943684058112.000000,0.000000,0.000000,19.769369,9.352165,0.189987,0.057921,9.431750,0.820652,50.479949
1403715943784058112.000000,0.000000,0.000000,21.046443,8.879038,0.217347,0.113378,12.143724,1.186000,44.229140
1403715943834057984.000000,0.000000,0.000000,20.828552,9.185122,0.210147,0.125442,14.764337,1.275890,43.328391
1403715943884058112.000000,0.000000,0.000000,17.240148,6.634014,0.174626,0.157026,17.142419,0.159106,43.023428
1403715943934057984.000000,0.000000,0.000000,17.666907,6.753696,0.181091,0.062433,9.577448,1.549494,51.447515
1403715944034057984.000000,0.000000,0.000000,19.010894,11.721766,0.282628,0.185955,19.149807,0.199267,42.879745
1403715944084058112.000000,0.000000,0.000000,18.815851,8.229141,0.225315,0.105218,12.310191,1.441076,43.289063
1403715944134057984.000000,0.000000,0.000000,17.826973,8.658267,0.323076,0.113186,13.329725,0.161634,46.320402
1403715944184058112.000000,0.000000,0.000000,19.819834,5.070440,0.236515,0.067297,10.791610,1.888859,48.123692
1403715944234057984.000000,0.000000,0.000000,18.854252,5.761810,0.234915,0.294692,21.709845,1.108272,48.984823
1403715944284058112.000000,0.000000,0.000000,19.473653,5.253611,0.222723,0.184866,20.361537,0.395653,45.715722
1403715944334057984.000000,0.000000,0.000000,18.413062,5.114280,0.223139,0.103682,15.985155,0.182178,47.581316
1403715944384058112.000000,0.000000,0.000000,23.280395,5.358988,0.190403,0.069441,12.054027,0.260452,48.008042
1403715944434057984.000000,0.000000,0.000000,17.217429,5.560047,0.223555,0.061953,11.656517,2.026588,45.977901
1403715944484058112.000000,0.000000,0.000000,19.620951,5.581616,0.190787,0.140610,16.577292,0.182146,45.953516
1403715944534057984.000000,0.000000,0.000000,18.908940,5.455374,0.192386,0.071393,9.183362,2.109534,48.915478
1403715944584058112.000000,0.000000,0.000000,19.767192,5.398381,0.192931,0.176931,19.848954,0.174242,49.447326
1403715944634057984.000000,0.000000,0.000000,20.566564,5.755186,0.204899,0.089250,16.032003,1.598551,45.183554
1403715944684058112.000000,0.000000,0.000000,19.156016,5.665776,0.198530,0.192579,23.551631,0.190338,45.779210
1403715944734057984.000000,0.000000,0.000000,22.290109,5.621648,0.193411,0.107809,12.307759,1.585399,51.132886
1403715944834057984.000000,0.000000,0.000000,19.447924,5.583247,0.180707,0.249284,21.757397,0.173027,47.198430
1403715944884058112.000000,0.000000,0.000000,20.799944,5.479438,0.215779,0.114689,14.665297,1.779897,48.823797
1403715944934057984.000000,0.000000,0.000000,18.774603,5.551055,0.219396,0.210883,28.345875,0.176834,48.063883
1403715944984058112.000000,0.000000,0.000000,21.030827,5.567183,0.258788,0.132802,16.931856,0.153122,46.056686
1403715945034057984.000000,0.000000,0.000000,16.402793,6.722303,0.315557,0.111522,17.707067,2.083870,49.868133
1403715945084058112.000000,0.000000,0.000000,16.507114,6.548157,0.243939,0.090913,11.598885,0.145026,50.345739
1403715945184058112.000000,0.000000,0.000000,19.913051,8.048467,0.315812,0.074849,7.487850,1.006127,45.739754
1403715945234057984.000000,0.000000,0.000000,17.812893,8.597050,0.328549,0.118817,21.396400,0.234851,46.421523
1403715945284058112.000000,0.000000,0.000000,17.117811,7.398153,0.297156,0.132737,18.909421,0.166178,50.283146
1403715945384058112.000000,0.000000,0.000000,19.050286,7.341833,0.291076,0.083809,18.337444,1.946876,48.448881
1403715945434057984.000000,0.000000,0.000000,18.935917,8.871934,0.228419,0.217539,25.441801,0.261699,53.638522
1403715945534057984.000000,0.000000,0.000000,17.594233,8.383575,0.216259,0.141666,19.064847,1.734008,48.495057
1403715945584058112.000000,0.000000,0.000000,16.977841,7.125573,0.220771,0.202114,21.392016,0.372773,48.909270
1403715945634057984.000000,0.000000,0.000000,17.780701,8.896094,0.255844,0.103778,17.086866,0.217796,50.435021
1403715945734057984.000000,0.000000,0.000000,19.680056,10.052303,0.269348,0.092386,17.608762,0.157475,46.916923
1403715945784058112.000000,0.000000,0.000000,17.248597,10.310354,0.301892,0.077730,14.382636,1.286867,49.002808
1403715945834057984.000000,0.000000,0.000000,18.172738,8.602970,0.343525,0.184642,22.619970,0.251044,50.981844
1403715945934057984.000000,0.000000,0.000000,19.646935,12.374736,0.397286,0.078977,16.453738,1.180465,47.122589
1403715945984058112.000000,0.000000,0.000000,18.818795,7.232423,0.166594,0.207683,20.197151,0.211011,45.548711
1403715946034057984.000000,0.000000,0.000000,25.585771,8.256533,0.330021,0.096994,17.985887,1.515797,44.974207
1403715946084058112.000000,0.000000,0.000000,19.461588,7.947793,0.265508,0.106466,21.450960,1.474645,49.083033
1403715946134057984.000000,0.000000,0.000000,26.142516,7.175334,0.261219,0.170851,21.635859,0.199715,50.785746
1403715946234057984.000000,0.000000,0.000000,19.950971,10.022990,0.325348,0.110753,17.028914,1.961788,49.698658
1403715946284058112.000000,0.000000,0.000000,21.288078,7.359241,0.331685,0.135074,17.876861,0.167811,49.160250
1403715946334057984.000000,0.000000,0.000000,20.620068,7.489002,0.289124,0.091169,20.049981,1.167504,49.981510
1403715946384058112.000000,0.000000,0.000000,21.198670,8.856766,0.283588,0.144994,20.851624,0.184834,51.988130
1403715946484058112.000000,0.000000,0.000000,21.274958,10.098768,0.387429,0.121698,21.210317,1.458004,0.000000
1403715946534057984.000000,0.000000,0.000000,18.147713,7.068421,0.284612,0.209827,23.055144,0.355013,0.075521
1403715946584058112.000000,0.000000,0.000000,18.576584,9.036384,0.271460,0.109090,23.672560,1.807834,59.013062
1403715946684058112.000000,0.000000,0.000000,18.139010,10.377427,0.315908,0.215459,26.495096,0.286756,49.863269
1403715946734057984.000000,0.000000,0.000000,18.614632,12.070764,0.236004,0.081377,15.630910,1.294194,50.530573
1403715946834057984.000000,0.000000,0.000000,17.342486,10.509621,0.144578,0.202307,20.829416,0.218435,51.512411
1403715946934057984.000000,0.000000,0.000000,16.672493,12.399824,0.266275,0.112417,19.945724,0.230627,53.678683
1403715947034057984.000000,0.000000,0.000000,19.300786,14.767953,0.077953,0.109346,19.714424,0.956302,0.000000
1403715947084058112.000000,0.000000,0.000000,17.144948,9.807883,0.133602,0.180802,21.677364,0.234724,0.072225
1403715947134057984.000000,0.000000,0.000000,16.780078,8.368247,0.229700,0.071745,18.193538,2.051421,60.466650
1403715947234057984.000000,0.000000,0.000000,17.414519,11.303393,0.213955,0.223011,23.908948,0.278500,51.416251
1403715947334057984.000000,0.000000,0.000000,17.015890,13.116666,0.256675,0.089185,18.438662,1.983676,52.131877
1403715947434057984.000000,0.000000,0.000000,20.551332,13.565505,0.277060,0.253475,25.301928,0.289028,53.924030
1403715947534057984.000000,0.000000,0.000000,16.289031,14.080808,0.313316,0.130594,21.527633,0.232035,48.812341
1403715947584058112.000000,0.000000,0.000000,15.025141,8.366294,0.308260,0.078945,24.881889,0.205283,49.779491
1403715947634057984.000000,0.000000,0.000000,16.465738,6.163960,0.320997,0.134786,26.141171,1.343251,50.289066
1403715947734057984.000000,0.000000,0.000000,16.961073,5.935765,0.303524,0.228579,24.945507,0.334181,51.340665
1403715947834057984.000000,0.000000,0.000000,20.711878,11.032829,0.454535,0.144226,28.684183,0.275939,48.017770
1403715947884058112.000000,0.000000,0.000000,17.011026,9.267300,0.273987,0.111490,21.865494,1.389812,47.680741
1403715947934057984.000000,0.000000,0.000000,18.673961,5.661808,0.293124,0.219523,23.673617,0.291076,0.000000
1403715947984058112.000000,0.000000,0.000000,18.558567,6.671038,0.266052,0.128930,25.671277,0.199106,0.075169
1403715948034057984.000000,0.000000,0.000000,21.059595,5.930292,0.257924,0.084801,18.815468,1.376532,58.847139
1403715948134057984.000000,0.000000,0.000000,21.487154,8.959199,0.352549,0.225251,22.887653,0.241892,50.362251
1403715948234057984.000000,0.000000,0.000000,20.617668,8.976927,0.128066,0.103137,19.282002,0.227908,47.642085
1403715948284058112.000000,0.000000,0.000000,20.362625,7.106981,0.294308,0.061313,15.830081,1.494229,48.171532
1403715948334057984.000000,0.000000,0.000000,19.795225,6.784928,0.309957,0.148386,14.742705,0.263524,47.347873
1403715948384058112.000000,0.000000,0.000000,19.668695,7.421737,0.305604,0.062753,21.267150,0.167874,49.624544
1403715948434057984.000000,0.000000,0.000000,19.396531,7.045604,0.275684,0.076097,21.721108,1.548886,50.753136
1403715948534057984.000000,0.000000,0.000000,19.960188,10.320403,0.301604,0.182691,19.724344,0.350405,43.932688
1403715948584058112.000000,0.000000,0.000000,16.682029,7.919569,0.286724,0.055425,19.444564,0.167298,0.000000
1403715948634057984.000000,0.000000,0.000000,17.038898,8.444503,0.266244,0.065089,18.180962,1.478165,0.069761
1403715948684058112.000000,0.000000,0.000000,15.420475,7.449290,0.275076,0.158658,21.028203,0.242340,51.056534
1403715948784058112.000000,0.000000,0.000000,17.834334,11.180895,0.321444,0.087041,20.116222,0.167330,0.000000
1403715948834057984.000000,0.000000,0.000000,16.720845,9.044416,0.127458,0.077858,17.374902,0.119714,0.082241
1403715948884058112.000000,0.000000,0.000000,16.919217,8.109267,0.251619,0.082049,21.740725,2.003549,54.357668
1403715948984058112.000000,0.000000,0.000000,18.026592,8.765500,0.156130,0.233411,22.729635,0.312581,45.399397
1403715949034057984.000000,0.000000,0.000000,17.331958,7.270823,0.135330,0.107138,16.969681,0.198050,45.734825
1403715949084058112.000000,0.000000,0.000000,17.115027,10.640887,0.264548,0.108545,16.888880,0.373158,52.008579
1403715949184058112.000000,0.000000,0.000000,16.569099,8.896958,0.324996,0.097697,19.645495,0.179874,0.000000
1403715949234057984.000000,0.000000,0.000000,15.369946,7.041252,0.248227,0.101025,22.467807,0.207906,0.073921
1403715949284058112.000000,0.000000,0.000000,15.916066,7.650797,0.245444,0.080097,15.078518,0.159266,53.647866
1403715949384058112.000000,0.000000,0.000000,14.240842,6.864834,0.254115,0.079457,19.034574,1.907547,0.000000
1403715949434057984.000000,0.000000,0.000000,14.065351,4.824964,0.317156,0.170178,22.862629,0.254020,0.087873
1403715949484058112.000000,0.000000,0.000000,15.795456,6.084310,0.272228,0.107362,20.268128,0.260643,56.340672
1403715949584058112.000000,0.000000,0.000000,20.120894,11.349697,0.171395,0.095137,12.648564,1.714104,51.633245
1403715949684058112.000000,0.000000,0.000000,21.647155,10.331474,0.319653,0.193827,21.636595,0.299813,45.929773
1403715949734057984.000000,0.000000,0.000000,19.893146,7.678829,0.131202,0.081025,17.781213,2.118654,0.000000
1403715949784058112.000000,0.000000,0.000000,20.111997,7.192583,0.139234,0.258531,21.164013,0.323173,0.078177
1403715949834057984.000000,0.000000,0.000000,21.047947,7.309512,0.259043,0.089441,16.436745,0.240099,49.568928
1403715949884058112.000000,0.000000,0.000000,21.418928,7.157414,0.115169,0.108769,9.308740,2.214111,48.659220
1403715949934057984.000000,0.000000,0.000000,20.025468,6.941026,0.250244,0.253508,19.231985,0.196227,49.971558
1403715949984058112.000000,0.000000,0.000000,21.892727,7.613964,0.231043,0.070177,13.532160,0.191555,46.759768
1403715950034057984.000000,0.000000,0.000000,19.750809,7.347272,0.255268,0.066561,11.538020,2.074014,46.961435
1403715950084058112.000000,0.000000,0.000000,21.632116,8.145331,0.117922,0.156611,13.436639,0.208067,45.479206
1403715950134057984.000000,0.000000,0.000000,19.139856,6.773184,0.253700,0.027809,13.105338,1.502326,44.746747
1403715950184058112.000000,0.000000,0.000000,18.949965,7.377288,0.117122,0.085473,15.682367,0.126850,48.266669
1403715950234057984.000000,0.000000,0.000000,17.581786,7.704525,0.249988,0.088897,13.785924,2.084125,49.431038
1403715950284058112.000000,0.000000,0.000000,16.942705,7.757998,0.232676,0.081921,16.993937,0.133218,46.578101
1403715950334057984.000000,0.000000,0.000000,20.339585,8.880255,0.121058,0.089025,12.996313,0.251940,0.000000
1403715950384058112.000000,0.000000,0.000000,19.441588,8.836829,0.211075,0.101538,11.854504,2.226432,0.072097
1403715950434057984.000000,0.000000,0.000000,15.486588,7.788751,0.105025,0.221667,15.981507,0.245284,47.832679
1403715950484058112.000000,0.000000,0.000000,16.048036,9.016065,0.195203,0.103521,13.376734,1.970268,47.393665
1403715950534057984.000000,0.000000,0.000000,14.010023,5.899156,0.165443,0.257123,20.442531,0.320516,47.922920
1403715950584058112.000000,0.000000,0.000000,14.664624,4.647106,0.105474,0.116418,17.170932,0.219331,45.033632
1403715950634057984.000000,0.000000,0.000000,13.036249,4.047866,0.189187,0.127426,12.159052,1.853435,46.171984
1403715950684058112.000000,0.000000,0.000000,13.492639,4.660291,0.171363,0.234179,16.766959,0.258372,0.000000
1403715950734057984.000000,0.000000,0.000000,13.266141,5.374700,0.169859,0.062400,14.596880,2.742855,0.073281
1403715950784058112.000000,0.000000,0.000000,13.131834,5.371597,0.190691,0.299396,22.520160,0.408741,58.701218
1403715950884058112.000000,0.000000,0.000000,15.173848,10.029550,0.231299,0.094401,16.696493,0.175906,56.774790
1403715950984058112.000000,0.000000,0.000000,16.659821,8.214933,0.233252,0.085857,14.363052,0.204546,52.828174
1403715951084058112.000000,0.000000,0.000000,15.099446,9.735882,0.266819,0.094529,7.154886,0.194659,46.936123
1403715951134057984.000000,0.000000,0.000000,15.599101,8.341143,0.257348,0.011488,24.262488,2.402754,43.373032
1403715951184058112.000000,0.000000,0.000000,15.013205,4.954247,0.187970,0.179938,8.310262,0.207651,48.061803
1403715951234057984.000000,0.000000,0.000000,14.654320,7.261223,0.252515,0.044929,2.728359,0.079617,56.029756
1403715951334057984.000000,0.000000,0.000000,17.479129,10.635639,0.337284,0.036352,6.010485,2.505763,54.355588
1403715951434057984.000000,0.000000,0.000000,19.053742,8.128403,0.318340,0.109377,12.536946,0.160738,49.698722
1403715951484058112.000000,0.000000,0.000000,19.364147,7.609037,0.283076,0.104321,8.094867,3.201422,50.628912
1403715951584058112.000000,0.000000,0.000000,23.814802,11.853416,0.399078,0.124130,18.294436,0.188355,47.741062
1403715951634057984.000000,0.000000,0.000000,24.074646,8.943167,0.326628,0.110114,10.499765,0.110050,47.586884
1403715951684058112.000000,0.000000,0.000000,21.346927,6.576542,0.304644,0.103266,6.570909,2.365314,48.658387
1403715951734057984.000000,0.000000,0.000000,17.841214,6.483036,0.281668,0.116994,16.515979,0.209539,41.918451
1403715951784058112.000000,0.000000,0.000000,21.497681,8.371287,0.270275,0.124289,9.761803,0.155395,41.018695
1403715951834057984.000000,0.000000,0.000000,19.977308,8.311350,0.307941,0.100321,8.108851,2.302304,42.673439
1403715951884058112.000000,0.000000,0.000000,19.506293,8.256309,0.338404,0.125442,17.730364,0.224835,41.328203
1403715951934057984.000000,0.000000,0.000000,17.516921,7.578924,0.270436,0.216259,9.142370,2.918569,41.361835
1403715951984058112.000000,0.000000,0.000000,15.838657,6.772192,0.264196,0.193475,21.918199,0.216739,41.344203
1403715952034057984.000000,0.000000,0.000000,17.991648,8.518329,0.229603,0.118913,10.743577,0.144354,48.857558
1403715952084058112.000000,0.000000,0.000000,17.137043,9.767307,0.124962,0.061441,9.351141,2.034269,45.928908
1403715952134057984.000000,0.000000,0.000000,13.154075,5.628752,0.229923,0.272771,16.733934,0.187874,42.409019
1403715952184058112.000000,0.000000,0.000000,16.377513,7.126341,0.156802,0.088833,6.261753,0.143682,43.240135
1403715952234057984.000000,0.000000,0.000000,14.634320,3.711253,0.137122,0.049441,7.475338,2.398402,44.917598
1403715952284058112.000000,0.000000,0.000000,17.887038,9.177698,0.233827,0.221411,13.465248,0.192131,52.955632
1403715952384058112.000000,0.000000,0.000000,14.275306,6.610782,0.160610,0.081569,10.183249,2.364898,52.838575
1403715952484058112.000000,0.000000,0.000000,16.130437,9.024001,0.162882,0.233411,15.087542,0.150850,43.002275
1403715952534057984.000000,0.000000,0.000000,17.880030,13.468735,0.267268,0.062497,6.374874,1.730936,41.315531
1403715952584058112.000000,0.000000,0.000000,18.464166,10.851098,0.200771,0.137954,13.992455,0.145794,39.163277
1403715952634057984.000000,0.000000,0.000000,15.985187,8.301622,0.203939,0.063073,7.910160,0.134146,36.787307
1403715952684058112.000000,0.000000,0.000000,17.322998,8.110900,0.209283,0.062369,7.956081,2.516164,36.076896
1403715952734057984.000000,0.000000,0.000000,16.951441,9.529096,0.108321,0.326693,18.270851,0.230692,45.054912
1403715952784058112.000000,0.000000,0.000000,18.283940,9.998830,0.209283,0.108066,8.542937,1.947292,50.965491
1403715952884058112.000000,0.000000,0.000000,16.506378,11.862632,0.251908,0.224995,15.138583,0.176834,45.415205
1403715952934057984.000000,0.000000,0.000000,16.366248,8.046578,0.240036,0.047713,10.347091,1.634424,46.324370
1403715952984058112.000000,0.000000,0.000000,16.816303,7.997074,0.231715,0.216771,14.728977,0.297252,47.578308
1403715953034057984.000000,0.000000,0.000000,16.578635,8.594682,0.248259,0.063681,10.774393,1.834330,50.157033
1403715953134057984.000000,0.000000,0.000000,18.113442,10.605494,0.322725,0.270692,15.069046,0.216003,51.035957
1403715953234057984.000000,0.000000,0.000000,16.323111,5.290636,0.167490,0.101537,12.498642,0.259460,45.866411
1403715953284058112.000000,0.000000,0.000000,15.760768,6.565309,0.301316,0.037089,7.086980,2.057277,49.364477
1403715953334057984.000000,0.000000,0.000000,15.362394,5.147945,0.131362,0.167874,14.825395,0.184803,51.225271
1403715953434057984.000000,0.000000,0.000000,16.103813,12.120556,0.348036,0.058561,9.046880,1.521366,50.211721
1403715953534057984.000000,0.000000,0.000000,16.404041,6.989572,0.283556,0.186115,9.730698,1.737688,50.415725
1403715953634057984.000000,0.000000,0.000000,16.981169,10.554998,0.333573,0.161826,14.542479,0.196866,49.463102
1403715953684058112.000000,0.000000,0.000000,15.492924,7.941169,0.258916,0.041153,12.698932,1.397364,52.266407
1403715953784058112.000000,0.000000,0.000000,18.983021,5.787058,0.328261,0.175715,17.116115,0.169378,53.055601
1403715953884058112.000000,0.000000,0.000000,18.696489,6.450236,0.352805,0.079554,12.732276,1.304915,51.411098
1403715953984058112.000000,0.000000,0.000000,20.394114,10.285266,0.397350,0.153954,10.967036,0.170147,50.366283
1403715954084058112.000000,0.000000,0.000000,19.154960,11.956010,0.325188,0.063905,8.731004,0.091073,50.474413
1403715954184058112.000000,0.000000,0.000000,18.206978,6.558557,0.087073,0.127426,15.058966,0.144642,53.309270
1403715954284058112.000000,0.000000,0.000000,18.248643,4.729347,0.076321,0.108833,12.046796,1.434676,49.852100
1403715954334057984.000000,0.000000,0.000000,18.910988,6.116183,0.268036,0.120002,17.889822,0.206435,50.363147
1403715954434057984.000000,0.000000,0.000000,17.139956,11.552420,0.307908,0.124738,15.744608,0.218755,51.354105
1403715954534057984.000000,0.000000,0.000000,24.026421,11.416675,0.352389,0.102050,14.576399,0.137634,50.953332
1403715954634057984.000000,0.000000,0.000000,17.614234,11.353153,0.175299,0.160643,20.718150,0.187010,50.254314
1403715954734057984.000000,0.000000,0.000000,17.230037,9.976878,0.147010,0.129346,16.131909,0.147970,47.895912
1403715954784058112.000000,0.000000,0.000000,16.159237,8.327671,0.252803,0.123777,16.616588,0.164802,47.781703
1403715954834057984.000000,0.000000,0.000000,16.680204,9.216802,0.259268,0.127810,17.647578,0.166050,0.000000
1403715954884058112.000000,0.000000,0.000000,15.692223,10.236977,0.272004,0.119202,15.363962,1.344467,0.082337
1403715954934057984.000000,0.000000,0.000000,15.794784,8.867358,0.322436,0.224771,19.547318,0.209891,57.098251
1403715955034057984.000000,0.000000,0.000000,17.357687,13.029145,0.421030,0.170051,15.483900,1.146865,0.000000
1403715955084058112.000000,0.000000,0.000000,15.671135,8.454200,0.272644,0.258627,20.933162,0.313508,0.076257
1403715955134057984.000000,0.000000,0.000000,17.903646,8.579770,0.146498,0.182723,16.803183,0.159683,57.084267
1403715955234057984.000000,0.000000,0.000000,16.467434,7.090564,0.377221,0.180834,19.811226,1.293202,54.476518
1403715955334057984.000000,0.000000,0.000000,16.676525,7.892240,0.161698,0.214723,13.955334,0.203459,49.501919
1403715955384058112.000000,0.000000,0.000000,16.620140,10.917467,0.335941,0.140706,22.365822,1.547510,50.535757
1403715955484058112.000000,0.000000,0.000000,16.391977,6.860706,0.366566,0.130242,20.821608,0.174979,48.515345
1403715955534057984.000000,0.000000,0.000000,23.035016,9.031392,0.127906,0.147330,13.247644,0.199043,50.449740
1403715955634057984.000000,0.000000,0.000000,17.452984,8.791005,0.333765,0.149346,16.450250,1.579414,50.721008
1403715955734057984.000000,0.000000,0.000000,18.578056,7.209094,0.337573,0.121569,19.675896,0.174722,52.633356
1403715955834057984.000000,0.000000,0.000000,17.815901,6.990179,0.403462,0.161347,17.790972,0.255044,49.595136
1403715955884058112.000000,0.000000,0.000000,18.608872,11.269792,0.309028,0.152930,16.168454,1.338387,50.107368
1403715955984058112.000000,0.000000,0.000000,19.125231,10.594935,0.426790,0.267268,22.479519,0.281604,50.243593
1403715956084058112.000000,0.000000,0.000000,16.763086,10.275826,0.417766,0.174883,21.000522,0.197955,46.336338
1403715956134057984.000000,0.000000,0.000000,19.010958,10.758105,0.314533,0.165218,23.065288,1.437589,47.742566
1403715956184058112.000000,0.000000,0.000000,21.943000,8.490328,0.112098,0.258083,22.421823,0.340005,0.000000
1403715956234057984.000000,0.000000,0.000000,16.243015,8.457048,0.327749,0.139522,21.526737,0.258307,0.078785
1403715956284058112.000000,0.000000,0.000000,17.225973,8.685756,0.346213,0.187907,17.256341,1.553142,55.089295
1403715956384058112.000000,0.000000,0.000000,17.791869,10.525462,0.333605,0.264356,28.503253,0.232227,55.959547
1403715956484058112.000000,0.000000,0.000000,16.684237,13.100314,0.376005,0.178915,23.364268,1.636599,52.492489
1403715956584058112.000000,0.000000,0.000000,17.869310,8.457816,0.314757,0.194595,23.533070,0.254724,50.604943
1403715956684058112.000000,0.000000,0.000000,17.716763,14.267242,0.344901,0.112450,19.868762,1.433172,0.000000
1403715956734057984.000000,0.000000,0.000000,17.987456,8.344886,0.244228,0.207651,22.267196,0.405477,0.070145
1403715956784058112.000000,0.000000,0.000000,17.700059,9.359301,0.287684,0.084865,18.652009,0.191075,52.635052
1403715956884058112.000000,0.000000,0.000000,19.707224,13.379870,0.386630,0.151682,19.156496,1.275890,55.017901
1403715956984058112.000000,0.000000,0.000000,16.446474,10.865498,0.359877,0.144866,25.928304,0.266852,44.149235
1403715957034057984.000000,0.000000,0.000000,19.711384,11.210303,0.156546,0.073281,19.724600,0.161955,50.064711
1403715957134057984.000000,0.000000,0.000000,18.567336,8.869950,0.458727,0.113473,18.824364,0.124834,0.000000
1403715957184058112.000000,0.000000,0.000000,17.525177,7.988881,0.401958,0.126658,19.182640,0.129570,0.064929
1403715957234057984.000000,0.000000,0.000000,17.501816,8.637979,0.157090,0.126529,18.207267,0.122785,54.852651
1403715957334057984.000000,0.000000,0.000000,16.271208,9.257347,0.469510,0.131618,21.938743,1.337235,0.000000
1403715957384058112.000000,0.000000,0.000000,15.919682,8.518073,0.392389,0.138594,22.078842,0.270212,0.078625
1403715957434057984.000000,0.000000,0.000000,17.699643,8.048786,0.387334,0.118018,20.097341,1.298355,53.477431
1403715957534057984.000000,0.000000,0.000000,17.507129,7.575019,0.340229,0.213891,23.094568,0.233444,53.504472
1403715957634057984.000000,0.000000,0.000000,20.372609,8.855997,0.442566,0.147650,20.640229,0.233763,49.742370
1403715957684058112.000000,0.000000,0.000000,20.758631,4.969574,0.324357,0.125505,15.795201,0.881645,54.629480
1403715957784058112.000000,0.000000,0.000000,17.973376,5.671472,0.201251,0.192291,23.695504,0.244259,51.536124
1403715957884058112.000000,0.000000,0.000000,18.937805,10.748185,0.325125,0.137794,22.880069,1.407284,49.055353
1403715957934057984.000000,0.000000,0.000000,19.489652,7.079588,0.198850,0.207331,24.184248,0.378214,47.921896
1403715957984058112.000000,0.000000,0.000000,18.310372,8.094067,0.123010,0.069569,20.361153,0.239396,56.702373
1403715958084058112.000000,0.000000,0.000000,18.451302,7.470954,0.349925,0.092513,18.190595,0.226787,49.908965
1403715958134057984.000000,0.000000,0.000000,23.651856,9.899405,0.169538,0.078497,15.875777,1.262642,0.000000
1403715958184058112.000000,0.000000,0.000000,18.916301,9.297508,0.363301,0.125602,21.048523,0.252324,0.073985
1403715958234057984.000000,0.000000,0.000000,17.984959,7.888592,0.363621,0.085857,18.749610,1.892443,53.002097
1403715958334057984.000000,0.000000,0.000000,17.928703,13.280029,0.535144,0.188579,26.826813,0.276740,0.000000
1403715958384058112.000000,0.000000,0.000000,19.363219,10.674263,0.169795,0.101921,19.027695,0.183523,0.075457
1403715958434057984.000000,0.000000,0.000000,16.548428,10.574646,0.132546,0.104418,18.807435,1.194481,69.844256
1403715958534057984.000000,0.000000,0.000000,18.983533,12.509394,0.322853,0.198595,18.072545,0.369029,57.718035
1403715958634057984.000000,0.000000,0.000000,20.331073,11.447202,0.324453,0.071457,16.719630,0.167650,55.419923
1403715958734057984.000000,0.000000,0.000000,18.375141,15.181464,0.356805,0.069985,16.708045,0.196611,49.451967
1403715958784058112.000000,0.000000,0.000000,18.343748,11.524836,0.295204,0.066817,16.836399,0.983438,50.191113
1403715958884058112.000000,0.000000,0.000000,18.331461,13.190107,0.279588,0.176995,19.484052,0.268612,52.808718
1403715958984058112.000000,0.000000,0.000000,16.857423,10.128143,0.315140,0.085185,15.895010,0.168514,0.000000
1403715959034057984.000000,0.000000,0.000000,15.275449,8.148244,0.307876,0.064577,15.715647,0.163011,0.072929
1403715959084058112.000000,0.000000,0.000000,16.345064,10.062127,0.298276,0.052705,16.070756,1.170960,61.695116
1403715959184058112.000000,0.000000,0.000000,18.643753,13.419487,0.301380,0.197155,19.700088,0.319589,55.238385
1403715959284058112.000000,0.000000,0.000000,19.226833,12.375151,0.454087,0.102626,17.448376,0.225123,45.734409
1403715959334057984.000000,0.000000,0.000000,18.148833,10.188848,0.142562,0.078881,14.178474,0.201858,53.978495
1403715959434057984.000000,0.000000,0.000000,15.909186,10.146224,0.331621,0.039264,15.408123,1.267058,55.748216
1403715959534057984.000000,0.000000,0.000000,21.158668,6.552861,0.341061,0.217539,21.252782,0.210467,0.000000
1403715959584058112.000000,0.000000,0.000000,20.494436,5.313547,0.208739,0.133698,19.515477,0.227299,0.084930
1403715959634057984.000000,0.000000,0.000000,21.767157,5.367725,0.250084,0.112129,19.015823,1.269970,58.563552
1403715959734057984.000000,0.000000,0.000000,23.044104,11.122110,0.151682,0.162850,20.845480,0.201762,52.344456
1403715959834057984.000000,0.000000,0.000000,18.728778,6.229305,0.092801,0.112993,18.286052,0.213667,49.177178
1403715959884058112.000000,0.000000,0.000000,18.091105,5.258891,0.216451,0.080289,17.535513,0.154146,49.233756
1403715959934057984.000000,0.000000,0.000000,18.321796,8.269942,0.124706,0.082881,18.993774,0.945549,50.231081
1403715960034057984.000000,0.000000,0.000000,17.345974,8.615963,0.276932,0.199875,19.604375,0.255364,0.000000
1403715960084058112.000000,0.000000,0.000000,20.363938,8.718908,0.265444,0.122690,21.361871,0.219043,0.073505
1403715960134057984.000000,0.000000,0.000000,17.384215,6.285849,0.269060,0.092161,21.777014,1.425812,52.952944
1403715960234057984.000000,0.000000,0.000000,17.962655,10.282482,0.298180,0.163042,21.770966,0.363525,53.279540
1403715960334057984.000000,0.000000,0.000000,17.605626,7.081669,0.217795,0.072545,20.033181,0.189218,47.992714
1403715960384058112.000000,0.000000,0.000000,18.141986,10.878746,0.323397,0.095777,20.003900,0.238307,47.748423
1403715960434057984.000000,0.000000,0.000000,17.765085,8.950207,0.325477,0.115105,22.023513,1.319379,0.000000
1403715960484058112.000000,0.000000,0.000000,17.686140,8.377975,0.307172,0.172194,21.095244,0.367685,0.076354
1403715960534057984.000000,0.000000,0.000000,17.962207,8.447800,0.342213,0.064993,18.271556,0.178818,51.488795
1403715960634057984.000000,0.000000,0.000000,18.544679,10.246418,0.379973,0.074401,16.602892,0.232835,58.127450
1403715960734057984.000000,0.000000,0.000000,17.077779,11.532228,0.485159,0.058465,14.864851,2.086430,45.335620
1403715960784058112.000000,0.000000,0.000000,16.995698,8.228149,0.197251,0.241059,21.807254,0.385190,0.000000
1403715960834057984.000000,0.000000,0.000000,19.149744,7.758702,0.314661,0.092290,18.389765,0.284932,0.073793
1403715960884058112.000000,0.000000,0.000000,17.485368,8.419512,0.282308,0.042752,13.170395,1.596215,50.330730
1403715960984058112.000000,0.000000,0.000000,17.415703,9.465191,0.421734,0.148418,20.728647,0.225667,56.259519
1403715961084058112.000000,0.000000,0.000000,18.669257,17.087155,0.280132,0.103905,21.319343,0.180803,50.439148
1403715961184058112.000000,0.000000,0.000000,18.954478,7.453546,0.144323,0.120929,28.401044,0.186050,0.000000
1403715961234057984.000000,0.000000,0.000000,17.954975,5.297867,0.142018,0.117313,29.872297,0.190211,0.068801
1403715961284058112.000000,0.000000,0.000000,22.438462,10.294130,0.219460,0.113634,22.796227,1.067951,47.469858
1403715961334057984.000000,0.000000,0.000000,21.494386,10.030126,0.189859,0.171811,21.439152,0.369861,51.464187
1403715961434057984.000000,0.000000,0.000000,17.518649,14.511566,0.283780,0.107650,20.093629,0.232420,47.143038
1403715961484058112.000000,0.000000,0.000000,17.479000,13.388830,0.134914,0.104577,24.580765,1.294195,49.166715
1403715961534057984.000000,0.000000,0.000000,18.732330,6.854081,0.079297,0.100546,23.372524,0.239748,48.268718
1403715961584058112.000000,0.000000,0.000000,19.374419,11.225600,0.273924,0.091874,24.436795,1.655127,49.274588
1403715961634057984.000000,0.000000,0.000000,20.368193,10.203633,0.261379,0.181603,27.091040,0.290084,47.839144
1403715961684058112.000000,0.000000,0.000000,16.671277,6.532029,0.230148,0.102913,21.761237,0.204931,46.233425
1403715961734057984.000000,0.000000,0.000000,16.958609,9.769899,0.239524,0.095394,19.589398,1.001230,49.867556
1403715961784058112.000000,0.000000,0.000000,17.325462,10.321842,0.291428,0.160418,23.460462,0.258692,50.666671
1403715961884058112.000000,0.000000,0.000000,16.117317,7.294407,0.373509,0.085633,19.630263,1.660215,47.274752
1403715961934057984.000000,0.000000,0.000000,14.775122,9.472870,0.313765,0.184579,23.068391,0.279460,49.941093
1403715961984058112.000000,0.000000,0.000000,14.848114,6.644606,0.273891,0.085505,18.301956,1.821082,48.064266
1403715962034057984.000000,0.000000,0.000000,15.351482,9.312900,0.193795,0.256228,24.942210,0.237700,49.789123
1403715962084058112.000000,0.000000,0.000000,14.443181,6.428667,0.301957,0.115490,19.170896,0.244260,48.656083
1403715962134057984.000000,0.000000,0.000000,14.819250,7.817872,0.272260,0.124098,21.288814,1.690360,47.935081
1403715962184058112.000000,0.000000,0.000000,19.329298,12.905783,0.267524,0.200515,23.997172,0.261603,51.454267
1403715962284058112.000000,0.000000,0.000000,15.109271,6.158584,0.247587,0.118978,21.609395,0.176226,50.945044
1403715962384058112.000000,0.000000,0.000000,15.830177,11.005500,0.324900,0.094306,17.056978,0.933422,49.561120
1403715962434057984.000000,0.000000,0.000000,15.266265,5.476206,0.275492,0.199619,22.434910,0.315524,48.092523
1403715962484058112.000000,0.000000,0.000000,20.868808,4.939014,0.169890,0.144194,25.177446,0.283716,47.627909
1403715962534057984.000000,0.000000,0.000000,16.568300,6.054166,0.247331,0.119329,23.401485,1.220177,46.889082
1403715962584058112.000000,0.000000,0.000000,17.068082,7.882000,0.232612,0.196995,24.921090,0.430535,47.923689
1403715962634057984.000000,0.000000,0.000000,16.935536,12.108620,0.139394,0.086913,17.148147,0.173763,44.647450
1403715962684058112.000000,0.000000,0.000000,15.448028,6.861825,0.241027,0.067361,18.284515,0.217955,42.935714
1403715962734057984.000000,0.000000,0.000000,15.354842,8.189044,0.223971,0.096322,18.817707,1.255345,46.843417
1403715962784058112.000000,0.000000,0.000000,15.709599,8.893054,0.276132,0.205219,19.278290,0.265732,45.122625
1403715962834057984.000000,0.000000,0.000000,17.022930,11.049117,0.241699,0.119362,20.095037,0.214819,40.585120
1403715962884058112.000000,0.000000,0.000000,15.652575,8.126835,0.118210,0.103649,16.047332,1.292915,42.056630
1403715962934057984.000000,0.000000,0.000000,18.941293,9.058497,0.232259,0.208771,19.138927,0.306980,0.000000
1403715962984058112.000000,0.000000,0.000000,18.276643,10.605206,0.110241,0.122946,19.653559,0.219075,0.077569
1403715963034057984.000000,0.000000,0.000000,16.553803,9.474951,0.197347,0.141730,20.416898,1.645655,45.405765
1403715963084058112.000000,0.000000,0.000000,17.554618,8.410039,0.206627,0.203619,21.417456,0.388421,45.372901
1403715963134057984.000000,0.000000,0.000000,19.450292,10.456629,0.099938,0.101858,19.479285,0.184642,41.987732
1403715963184058112.000000,0.000000,0.000000,18.593800,7.385768,0.200739,0.125026,19.134192,0.199587,52.470121
1403715963284058112.000000,0.000000,0.000000,20.588869,7.422666,0.111650,0.160066,21.939127,1.406548,0.000000
1403715963334057984.000000,0.000000,0.000000,21.816886,9.901260,0.145538,0.192803,21.095052,0.219875,0.080193
1403715963384058112.000000,0.000000,0.000000,21.374064,5.639504,0.090145,0.132993,18.447174,0.188163,42.183927
1403715963434057984.000000,0.000000,0.000000,22.042713,7.263880,0.232803,0.134338,20.802311,0.280836,41.272874
1403715963484058112.000000,0.000000,0.000000,20.015260,7.357801,0.209923,0.161698,22.438399,0.148610,49.578592
1403715963534057984.000000,0.000000,0.000000,20.633541,6.023606,0.076162,0.156994,19.974780,1.193777,47.112157
1403715963584058112.000000,0.000000,0.000000,20.237504,5.304908,0.065857,0.187298,24.791328,0.233924,0.000000
1403715963634057984.000000,0.000000,0.000000,20.527396,8.601370,0.221635,0.152546,21.619891,0.199715,0.080578
1403715963684058112.000000,0.000000,0.000000,18.699017,9.463271,0.193859,0.158594,22.890310,0.195075,45.880459
1403715963734057984.000000,0.000000,0.000000,18.637160,9.996398,0.204387,0.193474,22.198748,1.346131,0.000000
1403715963784058112.000000,0.000000,0.000000,18.063521,7.219495,0.108577,0.164931,27.998637,0.243716,0.086274
1403715963834057984.000000,0.000000,0.000000,16.459594,10.007598,0.229795,0.195138,24.948675,0.245763,53.445592
1403715963934057984.000000,0.000000,0.000000,18.148642,11.323681,0.252451,0.199778,24.394843,0.171011,0.000000
1403715963984058112.000000,0.000000,0.000000,17.908671,9.497799,0.106850,0.156514,23.385516,0.166627,0.081761
1403715964034057984.000000,0.000000,0.000000,16.108068,9.574888,0.211299,0.225539,29.606372,0.191267,50.856786
1403715964134057984.000000,0.000000,0.000000,17.187124,11.746183,0.224739,0.192611,24.872097,0.163330,42.778560
1403715964184058112.000000,0.000000,0.000000,17.208213,10.544694,0.200099,0.164322,23.934004,0.162050,51.065654
1403715964284058112.000000,0.000000,0.000000,19.974268,8.275606,0.115298,0.193538,26.330358,1.279442,48.978487
1403715964334057984.000000,0.000000,0.000000,20.340737,10.916923,0.227971,0.271652,30.331119,0.293669,0.000000
1403715964384058112.000000,0.000000,0.000000,18.449574,6.911554,0.126818,0.155234,22.968262,0.236643,0.069857
1403715964434057984.000000,0.000000,0.000000,18.699273,7.531979,0.188482,0.166434,24.720287,1.140368,53.312757
1403715964534057984.000000,0.000000,0.000000,22.149307,8.304022,0.121090,0.189603,29.975626,0.298340,55.626134
1403715964634057984.000000,0.000000,0.000000,20.483747,6.521500,0.080641,0.155586,24.289209,0.251588,51.485979
1403715964734057984.000000,0.000000,0.000000,20.918217,13.226300,0.294148,0.151523,18.619848,1.042350,0.000000
1403715964784058112.000000,0.000000,0.000000,18.552520,11.253504,0.122594,0.134754,23.677105,0.293892,0.070049
1403715964834057984.000000,0.000000,0.000000,17.675195,6.618078,0.179554,0.080833,22.500383,0.258339,53.465624
1403715964934057984.000000,0.000000,0.000000,16.951569,11.696423,0.251779,0.142306,19.273265,1.093776,0.000000
1403715964984058112.000000,0.000000,0.000000,17.942655,11.235775,0.224900,0.120705,20.717415,0.237795,0.076897
1403715965034057984.000000,0.000000,0.000000,20.107677,10.637624,0.195938,0.073378,25.706893,0.162882,57.207309
1403715965134057984.000000,0.000000,0.000000,19.622262,10.020719,0.213411,0.177571,31.311388,0.166435,0.000000
1403715965184058112.000000,0.000000,0.000000,17.690107,8.976704,0.105857,0.184130,32.481518,0.169890,0.080193
1403715965234057984.000000,0.000000,0.000000,17.411031,7.641389,0.234851,0.165474,28.876347,0.163938,60.620893
1403715965334057984.000000,0.000000,0.000000,19.465621,13.462559,0.373254,0.170018,27.146466,0.928397,0.000000
1403715965384058112.000000,0.000000,0.000000,17.747068,8.353559,0.307557,0.273540,27.882348,0.357542,0.080129
1403715965434057984.000000,0.000000,0.000000,18.721258,8.451833,0.294692,0.184227,27.381701,0.256867,57.719571
1403715965534057984.000000,0.000000,0.000000,19.011182,6.959330,0.305668,0.156611,22.832772,0.179330,62.969215
1403715965634057984.000000,0.000000,0.000000,20.345409,9.929261,0.142274,0.143522,23.723537,1.028239,53.450967
1403715965734057984.000000,0.000000,0.000000,18.950509,9.253700,0.325860,0.245155,23.858323,0.320836,51.984034
1403715965834057984.000000,0.000000,0.000000,19.537302,9.368805,0.287716,0.174243,21.077963,0.207363,51.924801
1403715965934057984.000000,0.000000,0.000000,18.382405,8.092883,0.345477,0.174147,21.761589,0.243844,0.000000
1403715965984058112.000000,0.000000,0.000000,17.994111,8.346486,0.304005,0.175363,26.686875,1.082639,0.068513
1403715966034057984.000000,0.000000,0.000000,19.073487,9.651210,0.283972,0.203587,26.297846,0.258275,58.664705
1403715966134057984.000000,0.000000,0.000000,19.060879,8.630170,0.322885,0.176834,23.797490,0.232964,52.264647
1403715966234057984.000000,0.000000,0.000000,18.190626,7.871440,0.351941,0.166658,22.173371,0.207971,49.331548
1403715966284058112.000000,0.000000,0.000000,17.958303,9.427238,0.291268,0.103137,21.888503,0.784331,48.738100
1403715966334057984.000000,0.000000,0.000000,18.251939,8.417368,0.316453,0.230372,26.413015,0.278372,0.000000
1403715966384058112.000000,0.000000,0.000000,17.006705,9.223491,0.298308,0.189795,23.246794,0.215107,0.071425
1403715966434057984.000000,0.000000,0.000000,17.319318,8.541018,0.287396,0.115778,25.425737,0.169891,52.370471
1403715966534057984.000000,0.000000,0.000000,18.445606,9.957358,0.376518,0.175106,24.111638,0.154050,53.771131
1403715966634057984.000000,0.000000,0.000000,17.987167,9.364197,0.320868,0.175331,22.981862,0.150018,46.566902
1403715966684058112.000000,0.000000,0.000000,18.574887,9.385221,0.272420,0.176355,25.929264,0.993582,49.951557
1403715966734057984.000000,0.000000,0.000000,20.314945,10.418484,0.128994,0.273604,26.682363,0.368390,0.000000
1403715966784058112.000000,0.000000,0.000000,15.792512,8.565434,0.259204,0.152290,21.985720,0.198179,0.075873
1403715966834057984.000000,0.000000,0.000000,18.302212,6.825473,0.248388,0.170211,21.308046,0.233284,52.871471
1403715966934057984.000000,0.000000,0.000000,19.411924,9.221123,0.286660,0.177827,22.750211,0.193731,55.735736
1403715967034057984.000000,0.000000,0.000000,20.117374,11.289472,0.386310,0.174466,19.254066,0.153986,46.219760
1403715967084058112.000000,0.000000,0.000000,19.480853,6.683871,0.368485,0.208387,22.505216,0.928046,47.485059
1403715967134057984.000000,0.000000,0.000000,17.387831,7.430409,0.310340,0.211139,21.965624,0.318341,0.000000
1403715967184058112.000000,0.000000,0.000000,18.143426,7.499883,0.320068,0.173474,20.594917,0.173282,0.115713
1403715967234057984.000000,0.000000,0.000000,16.591275,7.729678,0.292965,0.195459,20.913481,0.208163,58.110297
1403715967334057984.000000,0.000000,0.000000,17.560825,8.097459,0.337316,0.195939,26.731580,0.264004,53.559321
1403715967434057984.000000,0.000000,0.000000,20.376065,10.945948,0.397446,0.233987,25.307976,0.145731,50.663504
1403715967534057984.000000,0.000000,0.000000,18.287300,8.779293,0.154914,0.183523,24.320537,0.144610,42.354521
1403715967584058112.000000,0.000000,0.000000,16.047620,8.805181,0.297156,0.187011,26.483448,0.172898,43.158053
1403715967634057984.000000,0.000000,0.000000,19.699448,7.615468,0.306884,0.200675,29.776519,1.175121,44.929310
1403715967684058112.000000,0.000000,0.000000,16.994129,6.502812,0.290500,0.271844,28.481044,0.274084,43.073252
1403715967734057984.000000,0.000000,0.000000,15.215961,7.196454,0.320004,0.174818,22.023289,0.203779,47.638628
1403715967784058112.000000,0.000000,0.000000,17.217300,7.098053,0.273540,0.164706,24.820896,1.334931,39.580499
1403715967834057984.000000,0.000000,0.000000,16.198822,7.561323,0.351269,0.219075,22.917285,0.241700,41.916979
1403715967884058112.000000,0.000000,0.000000,16.925584,8.101395,0.143426,0.178787,25.452522,0.271620,41.698288
1403715967934057984.000000,0.000000,0.000000,16.925424,7.047812,0.127586,0.234756,27.496518,1.410868,45.438982
1403715967984058112.000000,0.000000,0.000000,16.770702,8.151316,0.303013,0.214147,25.841295,0.247907,47.197694
1403715968034057984.000000,0.000000,0.000000,18.674057,9.026272,0.151458,0.157666,21.107884,0.221443,44.926942
1403715968084058112.000000,0.000000,0.000000,18.345125,7.336296,0.242563,0.126946,20.257631,0.213955,47.265856
1403715968134057984.000000,0.000000,0.000000,18.964238,7.600524,0.256355,0.140130,22.691170,1.268658,0.000000
1403715968184058112.000000,0.000000,0.000000,19.753913,6.688831,0.244355,0.195811,24.415675,0.364741,0.064609
1403715968234057984.000000,0.000000,0.000000,18.912365,7.504010,0.270948,0.186595,25.778990,0.264580,43.897519
1403715968284058112.000000,0.000000,0.000000,21.447632,7.920657,0.284388,0.132290,21.694708,1.667704,46.959003
1403715968334057984.000000,0.000000,0.000000,24.783808,7.901456,0.274692,0.222755,22.627649,0.254244,47.312512
1403715968384058112.000000,0.000000,0.000000,18.154658,6.943171,0.282788,0.134530,18.323684,0.211395,47.567332
1403715968434057984.000000,0.000000,0.000000,21.464528,8.035442,0.115746,0.120609,17.429976,0.205155,44.286421
1403715968484058112.000000,0.000000,0.000000,20.158206,7.445482,0.295717,0.090465,14.298795,0.171138,44.722939
1403715968534057984.000000,0.000000,0.000000,18.119746,7.589100,0.281828,0.078529,15.522012,1.281426,0.000000
1403715968584058112.000000,0.000000,0.000000,17.474136,7.463114,0.258980,0.241795,17.606106,0.259044,0.066945
1403715968634057984.000000,0.000000,0.000000,17.886334,7.063589,0.297508,0.103489,13.920710,0.164834,54.405605
1403715968734057984.000000,0.000000,0.000000,18.105441,8.044146,0.317764,0.090753,13.188667,0.176706,57.040810
1403715968834057984.000000,0.000000,0.000000,20.625445,10.941723,0.382725,0.074625,12.900119,0.200898,48.911703
1403715968884058112.000000,0.000000,0.000000,19.063119,7.725998,0.308740,0.066145,11.499651,1.297874,0.000000
1403715968934057984.000000,0.000000,0.000000,15.835521,8.700764,0.309604,0.160418,18.196963,0.132994,0.072289
1403715968984058112.000000,0.000000,0.000000,17.949407,8.341398,0.305381,0.088289,17.057458,0.145474,55.334674
1403715969084058112.000000,0.000000,0.000000,19.144784,11.163806,0.370470,0.077281,16.511594,0.151714,47.592964
1403715969134057984.000000,0.000000,0.000000,18.029472,9.483047,0.323173,0.084545,15.141207,0.136354,0.000000
1403715969184058112.000000,0.000000,0.000000,18.022816,9.804684,0.292740,0.103681,15.940739,1.200273,0.075809
1403715969234057984.000000,0.000000,0.000000,18.698953,7.763054,0.328325,0.227364,19.229169,0.329989,52.764878
1403715969334057984.000000,0.000000,0.000000,20.344481,10.930044,0.471623,0.123810,16.950321,0.181699,46.543477
1403715969384058112.000000,0.000000,0.000000,19.339987,8.020306,0.148834,0.128738,21.861495,0.240067,52.607691
1403715969484058112.000000,0.000000,0.000000,19.991548,7.546603,0.161762,0.105697,16.166822,0.139874,0.000000
1403715969534057984.000000,0.000000,0.000000,21.017483,8.129395,0.117570,0.099298,16.385928,1.261906,0.064065
1403715969584058112.000000,0.000000,0.000000,19.069935,7.501707,0.121858,0.284804,23.494766,0.346148,57.262062
1403715969684058112.000000,0.000000,0.000000,21.891830,7.551755,0.121986,0.111649,16.012580,0.151298,57.155372
1403715969784058112.000000,0.000000,0.000000,20.551844,8.354294,0.462502,0.109793,15.389627,0.214947,55.612533
1403715969884058112.000000,0.000000,0.000000,21.335983,12.431697,0.409254,0.076129,14.754610,0.251619,0.000000
1403715969934057984.000000,0.000000,0.000000,20.986122,8.627483,0.309188,0.064065,16.412298,0.983406,0.073313
1403715969984058112.000000,0.000000,0.000000,19.494997,9.274948,0.144002,0.121762,16.479082,0.149667,66.784180
1403715970084058112.000000,0.000000,0.000000,17.231925,6.592766,0.347013,0.048800,14.170506,0.161314,60.617789
1403715970184058112.000000,0.000000,0.000000,18.857228,7.228679,0.466054,0.051264,13.042010,0.125890,63.504390
1403715970284058112.000000,0.000000,0.000000,16.911120,8.536089,0.374789,0.052704,14.416141,0.660714,53.491960
1403715970384058112.000000,0.000000,0.000000,18.634504,8.683003,0.348997,0.077921,16.854319,0.096897,58.619840
1403715970484058112.000000,0.000000,0.000000,17.959711,7.752846,0.329125,0.060865,14.783250,1.269746,0.000000
1403715970534057984.000000,0.000000,0.000000,15.234456,8.030034,0.298372,0.134946,21.089739,0.152770,0.068545
1403715970584058112.000000,0.000000,0.000000,15.791456,9.303492,0.310628,0.055713,17.047922,0.148802,55.951739
1403715970684058112.000000,0.000000,0.000000,17.967103,10.295890,0.349349,0.054688,17.126356,0.138690,57.137739
1403715970784058112.000000,0.000000,0.000000,17.308918,8.175412,0.340165,0.055425,12.264654,0.105473,53.274932
1403715970884058112.000000,0.000000,0.000000,20.552068,11.475043,0.162274,0.044096,14.416589,1.495157,54.697193
1403715970984058112.000000,0.000000,0.000000,18.414598,10.594870,0.157378,0.189283,17.973439,0.237763,0.000000
1403715971034057984.000000,0.000000,0.000000,19.955963,7.865648,0.156994,0.056705,16.369385,0.124418,0.071457
1403715971084058112.000000,0.000000,0.000000,22.141947,9.080641,0.125410,0.053121,16.518154,0.136802,58.129369
1403715971184058112.000000,0.000000,0.000000,19.517685,7.717518,0.290628,0.056033,15.727327,0.150818,52.415560
1403715971284058112.000000,0.000000,0.000000,19.973532,7.496363,0.141858,0.044673,14.655088,0.122145,48.702580
1403715971334057984.000000,0.000000,0.000000,20.947786,10.420564,0.280516,0.047104,16.448746,0.996015,0.000000
1403715971384058112.000000,0.000000,0.000000,21.803318,6.994468,0.276356,0.145570,20.475907,0.192738,0.067137
1403715971434057984.000000,0.000000,0.000000,19.733753,6.663678,0.306821,0.074241,17.267414,0.167203,57.327567
1403715971534057984.000000,0.000000,0.000000,21.304495,8.701467,0.330724,0.057505,18.558535,0.150146,53.813724
1403715971634057984.000000,0.000000,0.000000,17.385559,6.858977,0.360165,0.086145,18.836140,0.100833,0.000000
1403715971684058112.000000,0.000000,0.000000,19.481429,7.521355,0.365477,0.070305,17.504121,1.235634,0.073441
1403715971734057984.000000,0.000000,0.000000,19.035278,6.670110,0.272964,0.225411,22.159675,0.404966,58.713090
1403715971834057984.000000,0.000000,0.000000,18.271555,7.334984,0.306565,0.079073,19.981244,0.257027,0.000000
1403715971884058112.000000,0.000000,0.000000,17.751548,7.226023,0.268612,0.090177,20.338881,0.241444,0.072129
1403715971934057984.000000,0.000000,0.000000,17.313878,6.859937,0.237507,0.084642,21.856566,0.248771,51.696254
1403715972034057984.000000,0.000000,0.000000,18.129378,7.506826,0.245475,0.079009,22.661506,1.191953,0.000000
1403715972084058112.000000,0.000000,0.000000,24.646846,7.257351,0.243844,0.189379,23.801266,0.301605,0.074945
1403715972134057984.000000,0.000000,0.000000,17.891742,6.832097,0.262756,0.105410,19.065454,0.214019,59.140200
1403715972234057984.000000,0.000000,0.000000,19.060910,8.109844,0.246211,0.089153,19.264722,0.270308,59.509293
1403715972334057984.000000,0.000000,0.000000,16.383209,7.415210,0.279812,0.089154,18.150977,0.244804,47.848103
1403715972384058112.000000,0.000000,0.000000,17.459736,8.114547,0.240963,0.072673,14.491438,0.148034,0.000000
1403715972434057984.000000,0.000000,0.000000,18.299619,8.031634,0.244515,0.064033,15.186680,1.131792,0.069857
1403715972484058112.000000,0.000000,0.000000,21.354863,7.196135,0.229347,0.185091,24.351290,0.231459,55.285201
1403715972584058112.000000,0.000000,0.000000,18.375909,8.130676,0.273444,0.115873,23.891572,0.236931,0.000000
1403715972634057984.000000,0.000000,0.000000,19.828506,9.351716,0.124802,0.092290,25.905424,1.452021,0.093633
1403715972684058112.000000,0.000000,0.000000,18.025952,6.359162,0.103458,0.168802,19.736921,0.213188,57.676883
1403715972784058112.000000,0.000000,0.000000,20.212575,10.052463,0.238404,0.118465,18.085985,0.188802,0.000000
1403715972834057984.000000,0.000000,0.000000,16.893584,7.515339,0.144962,0.083585,15.178872,0.191203,0.072609
1403715972884058112.000000,0.000000,0.000000,18.705898,9.226019,0.252515,0.079073,23.434445,1.939772,63.769129
1403715972984058112.000000,0.000000,0.000000,18.956461,7.246567,0.254692,0.200739,19.821145,0.193699,0.000000
1403715973034057984.000000,0.000000,0.000000,18.391942,7.618860,0.235011,0.101089,17.080691,0.197379,0.076513
1403715973084058112.000000,0.000000,0.000000,19.770649,7.051780,0.237635,0.086529,15.418107,0.183554,63.176961
1403715973184058112.000000,0.000000,0.000000,19.500053,7.590284,0.315333,0.072001,16.022275,0.218883,51.744191
1403715973284058112.000000,0.000000,0.000000,19.859002,9.138626,0.305380,0.072705,15.274905,1.284402,47.480834
1403715973334057984.000000,0.000000,0.000000,19.898651,8.057363,0.257220,0.122658,18.648617,0.235908,0.000000
1403715973384058112.000000,0.000000,0.000000,20.094877,7.449834,0.273156,0.087970,17.253589,0.183554,0.073761
1403715973434057984.000000,0.000000,0.000000,19.146608,8.839262,0.294212,0.089089,20.907369,0.239620,50.676783
1403715973534057984.000000,0.000000,0.000000,20.387425,10.331699,0.373766,0.079489,25.454858,1.479669,0.000000
1403715973584058112.000000,0.000000,0.000000,19.521622,8.487448,0.347461,0.259747,20.623077,0.243043,0.077249
1403715973634057984.000000,0.000000,0.000000,20.471715,8.962239,0.301988,0.141058,24.780000,0.269475,63.046111
1403715973734057984.000000,0.000000,0.000000,21.742805,9.271748,0.325445,0.129314,19.471765,0.229027,55.581653
1403715973834057984.000000,0.000000,0.000000,21.674964,10.931740,0.360997,0.108450,18.077984,0.234499,48.455536
1403715973884058112.000000,0.000000,0.000000,19.917115,10.770361,0.279588,0.118210,16.460042,1.334579,50.774065
1403715973984058112.000000,0.000000,0.000000,21.959832,11.634245,0.333445,0.219203,23.845043,0.260356,50.610927
1403715974084058112.000000,0.000000,0.000000,20.037148,7.274376,0.364837,0.124738,18.967885,0.248644,0.000000
1403715974134057984.000000,0.000000,0.000000,18.326212,8.840030,0.293188,0.096705,17.289046,0.195971,0.074498
1403715974184058112.000000,0.000000,0.000000,21.690420,8.513176,0.295684,0.092897,16.925360,0.188163,55.881594
1403715974284058112.000000,0.000000,0.000000,20.203039,8.449304,0.407589,0.088417,17.474713,1.429844,0.000000
1403715974334057984.000000,0.000000,0.000000,19.349683,9.007680,0.307813,0.243779,19.225970,0.306692,0.079809
1403715974384058112.000000,0.000000,0.000000,19.177713,6.677375,0.327301,0.132354,20.934441,0.281316,58.755459
1403715974484058112.000000,0.000000,0.000000,21.738229,9.113666,0.159619,0.073089,16.743310,0.228067,54.561062
1403715974584058112.000000,0.000000,0.000000,18.775979,7.532427,0.158402,0.081825,14.386124,0.235940,52.165444
1403715974684058112.000000,0.000000,0.000000,19.995004,8.341238,0.505799,0.069729,19.045775,1.897307,54.143777
1403715974784058112.000000,0.000000,0.000000,21.531122,12.383248,0.195587,0.218371,20.116606,0.336645,49.974406
1403715974834057984.000000,0.000000,0.000000,19.378131,10.811226,0.387429,0.083841,15.824224,0.165282,0.000000
1403715974884058112.000000,0.000000,0.000000,19.754520,9.898349,0.437479,0.089921,19.323602,0.247716,0.072801
1403715974934057984.000000,0.000000,0.000000,19.587799,7.497899,0.148418,0.082433,15.858081,0.206467,59.148840
1403715975034057984.000000,0.000000,0.000000,19.523189,11.282241,0.148546,0.061185,15.253881,1.194897,49.604449
1403715975084058112.000000,0.000000,0.000000,19.510485,7.076900,0.288868,0.202883,18.949581,0.295172,48.698292
1403715975134057984.000000,0.000000,0.000000,18.690665,7.187334,0.136386,0.091297,15.347866,0.176962,45.646888
1403715975184058112.000000,0.000000,0.000000,19.138896,8.682588,0.139714,0.091297,15.861057,0.220963,0.000000
1403715975234057984.000000,0.000000,0.000000,19.859418,7.362248,0.105665,0.094465,15.142519,0.243108,0.074369
1403715975284058112.000000,0.000000,0.000000,18.551431,6.741279,0.264548,0.065761,13.814437,2.019677,58.996934
1403715975384058112.000000,0.000000,0.000000,20.485411,10.438612,0.411013,0.289348,20.075965,0.247811,57.391791
1403715975484058112.000000,0.000000,0.000000,22.165531,10.051471,0.131298,0.124002,13.280860,0.195234,49.844804
1403715975534057984.000000,0.000000,0.000000,17.411096,6.853377,0.131298,0.070049,13.776835,0.265124,0.000000
1403715975584058112.000000,0.000000,0.000000,20.080125,7.340680,0.122850,0.028961,9.337636,1.402548,0.075297
1403715975634057984.000000,0.000000,0.000000,17.001521,7.196167,0.286404,0.106530,15.480060,0.122466,56.316512
1403715975734057984.000000,0.000000,0.000000,20.108317,8.716380,0.286244,0.059105,6.584029,0.615721,46.399636
1403715975784058112.000000,0.000000,0.000000,22.108602,7.310087,0.285028,0.093826,9.317348,0.124001,53.619385
1403715975884058112.000000,0.000000,0.000000,19.963548,7.774159,0.304580,0.057088,8.067347,0.074273,0.000000
1403715975934057984.000000,0.000000,0.000000,18.241571,8.362359,0.308036,0.066305,10.647959,0.825483,0.076033
1403715975984058112.000000,0.000000,0.000000,19.046766,8.422328,0.274564,0.075681,14.941908,0.149442,51.508668
1403715976084058112.000000,0.000000,0.000000,19.419475,9.146498,0.348741,0.059809,10.751224,0.113345,49.005816
1403715976134057984.000000,0.000000,0.000000,20.431906,9.067073,0.305444,0.043713,7.969937,0.967438,47.131229
1403715976184058112.000000,0.000000,0.000000,19.080367,7.129925,0.277828,0.094369,10.527862,0.091426,0.000000
1403715976234057984.000000,0.000000,0.000000,18.212099,7.141221,0.246499,0.040769,6.776672,0.760842,0.074145
1403715976284058112.000000,0.000000,0.000000,18.821804,7.189350,0.266596,0.063809,11.968618,0.080193,42.414554
1403715976334057984.000000,0.000000,0.000000,18.245763,6.570142,0.253284,0.033345,8.532441,0.900013,43.056291
1403715976384058112.000000,0.000000,0.000000,18.277732,6.912706,0.363333,0.071745,12.995801,0.099969,48.146764
1403715976434057984.000000,0.000000,0.000000,20.252896,6.809505,0.288516,0.038561,8.607450,0.604937,0.000000
1403715976484058112.000000,0.000000,0.000000,17.516537,6.645182,0.259652,0.061504,10.399764,0.849805,0.072161
1403715976534057984.000000,0.000000,0.000000,17.379255,6.790144,0.235395,0.076865,12.403408,0.101602,59.281898
1403715976634057984.000000,0.000000,0.000000,18.368133,7.113285,0.290948,0.040160,10.447381,1.135184,0.000000
1403715976684058112.000000,0.000000,0.000000,17.884382,7.418537,0.290276,0.087745,15.095030,0.129698,0.074369
1403715976734057984.000000,0.000000,0.000000,18.805452,8.973887,0.294244,0.056321,12.784534,1.161681,59.557102
1403715976834057984.000000,0.000000,0.000000,19.578966,8.994144,0.320644,0.151714,17.420088,0.122786,56.265823
1403715976934057984.000000,0.000000,0.000000,20.431874,10.030382,0.338084,0.057121,13.650498,0.797644,55.767256
1403715977034057984.000000,0.000000,0.000000,22.350654,8.526873,0.298692,0.084609,17.187125,0.112418,49.530143
1403715977084058112.000000,0.000000,0.000000,19.597782,8.406135,0.297349,0.066689,19.338546,0.125762,50.735024
1403715977184058112.000000,0.000000,0.000000,19.291282,7.992722,0.345029,0.076801,15.934850,1.573942,49.495679
1403715977234057984.000000,0.000000,0.000000,18.820427,6.053141,0.142146,0.172451,19.197233,0.377381,53.071857
1403715977334057984.000000,0.000000,0.000000,19.912859,7.526411,0.280964,0.054433,16.110757,0.158274,51.072853
1403715977434057984.000000,0.000000,0.000000,18.942446,7.571147,0.147138,0.066881,15.613950,0.204643,56.309216
1403715977534057984.000000,0.000000,0.000000,20.264895,8.885023,0.119426,0.064577,13.376446,1.403892,48.456753
1403715977584058112.000000,0.000000,0.000000,18.803115,6.811489,0.106305,0.116066,18.546887,0.172387,48.405967
1403715977634057984.000000,0.000000,0.000000,21.321103,9.449286,0.106658,0.070433,14.444589,0.854669,51.678590
1403715977734057984.000000,0.000000,0.000000,20.993770,7.306728,0.296260,0.133058,18.835883,0.866892,48.897687
1403715977784058112.000000,0.000000,0.000000,19.910139,7.347753,0.122498,0.150403,21.826710,0.169730,57.242413
1403715977884058112.000000,0.000000,0.000000,21.987288,9.746859,0.284260,0.094465,17.483288,0.179427,50.282762
1403715977984058112.000000,0.000000,0.000000,20.025148,6.570110,0.211171,0.107106,17.325974,0.999470,43.352232
1403715978034057984.000000,0.000000,0.000000,19.264530,6.451900,0.100290,0.126434,20.520580,0.200995,43.197638
1403715978084058112.000000,0.000000,0.000000,17.320246,7.564939,0.098369,0.056161,16.900592,0.735211,34.785262
1403715978134057984.000000,0.000000,0.000000,18.909389,7.398729,0.117410,0.127874,19.853722,0.195843,39.827574
1403715978184058112.000000,0.000000,0.000000,17.568378,7.525739,0.228675,0.071265,19.609335,1.284691,36.896460
1403715978234057984.000000,0.000000,0.000000,21.918616,9.316229,0.101506,0.171778,22.515584,0.207587,33.924098
1403715978284058112.000000,0.000000,0.000000,16.908400,7.807183,0.117762,0.099650,18.216355,0.198146,38.358529
1403715978334057984.000000,0.000000,0.000000,16.021091,7.643084,0.208995,0.094082,22.634401,0.139906,34.486121
1403715978384058112.000000,0.000000,0.000000,15.409371,7.366153,0.189827,0.129601,21.369104,0.129122,0.000000
1403715978434057984.000000,0.000000,0.000000,16.546860,6.196216,0.179683,0.120034,19.826138,0.131618,0.088929
1403715978484058112.000000,0.000000,0.000000,16.322920,6.248025,0.193123,0.130882,21.614419,0.133954,48.637939
1403715978534057984.000000,0.000000,0.000000,18.261795,6.504797,0.133538,0.135074,26.579386,1.425716,0.000000
1403715978584058112.000000,0.000000,0.000000,17.347767,10.009582,0.122082,0.218307,22.211291,0.242916,0.089121
1403715978634057984.000000,0.000000,0.000000,15.815712,8.203252,0.236067,0.120994,19.807225,0.211139,48.775924
1403715978684058112.000000,0.000000,0.000000,16.205414,7.816015,0.105474,0.119553,19.881243,1.006447,0.000000
1403715978734057984.000000,0.000000,0.000000,17.251381,9.345637,0.237604,0.214371,21.671476,0.295876,0.086913
1403715978784058112.000000,0.000000,0.000000,16.614316,7.064132,0.104641,0.102081,18.961102,0.160419,49.047928
1403715978834057984.000000,0.000000,0.000000,16.633324,8.369783,0.212995,0.116098,21.919063,0.201411,53.716283
1403715978934057984.000000,0.000000,0.000000,15.717119,9.349381,0.287748,0.118017,20.919338,0.970382,42.432987
1403715978984058112.000000,0.000000,0.000000,16.640940,12.075820,0.217732,0.250660,22.464063,0.298212,45.421029
1403715979034057984.000000,0.000000,0.000000,19.354419,10.680504,0.184162,0.157474,22.196315,0.232804,0.000000
1403715979084058112.000000,0.000000,0.000000,16.746222,9.566344,0.184994,0.134018,22.569121,0.255204,0.076385
1403715979134057984.000000,0.000000,0.000000,13.761475,5.102345,0.180483,0.104193,22.319549,1.063631,52.419880
1403715979234057984.000000,0.000000,0.000000,14.181097,5.349612,0.198627,0.185186,25.672557,0.206819,0.000000
1403715979284058112.000000,0.000000,0.000000,13.607649,5.095368,0.229923,0.165922,20.477987,0.211011,0.080929
1403715979334057984.000000,0.000000,0.000000,13.689187,7.486858,0.220739,0.129602,19.068559,0.205187,51.691934
1403715979434057984.000000,0.000000,0.000000,12.844086,2.727271,0.145826,0.184323,20.550660,1.129201,48.933655
1403715979484058112.000000,0.000000,0.000000,12.927064,2.147198,0.137922,0.155043,25.874095,0.224675,0.000000
1403715979534057984.000000,0.000000,0.000000,13.164507,2.279424,0.139490,0.164066,24.180823,1.191281,0.076577
1403715979584058112.000000,0.000000,0.000000,13.440703,4.794212,0.243332,0.220003,23.432493,0.379366,59.833617
1403715979684058112.000000,0.000000,0.000000,14.277835,3.903543,0.234596,0.170850,22.484608,0.220931,59.020198
1403715979784058112.000000,0.000000,0.000000,16.315816,7.943057,0.259844,0.166083,27.727145,0.156835,51.160118
1403715979884058112.000000,0.000000,0.000000,15.970755,7.879344,0.256612,0.162722,23.708017,0.148002,45.973965
1403715979934057984.000000,0.000000,0.000000,14.759953,6.801504,0.322724,0.154339,20.695973,0.142466,47.220799
1403715979984058112.000000,0.000000,0.000000,15.260057,6.236888,0.255812,0.166786,24.963907,0.174211,49.817732
1403715980034057984.000000,0.000000,0.000000,15.175864,4.529504,0.205283,0.194339,26.947423,0.973422,50.385292
1403715980134057984.000000,0.000000,0.000000,16.554955,9.271012,0.327333,0.119842,24.237720,0.169251,43.514570
1403715980184058112.000000,0.000000,0.000000,15.229241,6.838689,0.263044,0.113154,18.688745,0.140354,38.072733
1403715980234057984.000000,0.000000,0.000000,19.982588,6.376570,0.292932,0.144034,17.528377,1.089680,41.269450
1403715980284058112.000000,0.000000,0.000000,14.494574,5.854579,0.220419,0.090433,16.704750,0.148706,45.329700
1403715980334057984.000000,0.000000,0.000000,16.644268,6.277050,0.295172,0.048801,15.106743,1.617175,30.895735
1403715980384058112.000000,0.000000,0.000000,15.742687,5.770098,0.298084,0.076065,15.795073,0.117666,36.532327
1403715980434057984.000000,0.000000,0.000000,14.565391,7.808431,0.304357,0.061089,15.964707,0.154979,36.869611
1403715980484058112.000000,0.000000,0.000000,20.936585,8.460409,0.314949,0.073569,12.723893,1.445845,42.206008
1403715980534057984.000000,0.000000,0.000000,16.145830,8.242165,0.306020,0.161282,19.084175,0.149410,0.000000
1403715980584058112.000000,0.000000,0.000000,16.871248,8.918015,0.289412,0.074465,13.591618,1.393780,0.087425
1403715980634057984.000000,0.000000,0.000000,17.503929,8.875838,0.331077,0.186018,20.500708,0.159714,39.361615
1403715980684058112.000000,0.000000,0.000000,17.098195,8.347127,0.308900,0.071489,13.945030,0.124769,0.000000
1403715980734057984.000000,0.000000,0.000000,16.826063,7.621645,0.321381,0.080065,15.557757,1.264690,0.087233
1403715980784058112.000000,0.000000,0.000000,16.355529,7.123109,0.333157,0.187907,19.772216,0.295236,46.825465
1403715980834057984.000000,0.000000,0.000000,15.682622,8.175381,0.357317,0.078721,15.352154,0.138818,54.129569
1403715980934057984.000000,0.000000,0.000000,16.245159,8.619195,0.353797,0.105313,16.346280,0.984974,44.398487
1403715980984058112.000000,0.000000,0.000000,18.603721,10.814457,0.379333,0.151970,20.772711,0.239555,48.036586
1403715981034057984.000000,0.000000,0.000000,15.926658,8.684636,0.144834,0.074689,15.965891,0.126850,44.501016
1403715981084058112.000000,0.000000,0.000000,17.378423,8.774077,0.345253,0.052353,13.335709,0.128962,45.208930
1403715981134057984.000000,0.000000,0.000000,15.198968,8.838814,0.317188,0.053697,16.371369,0.898125,45.888940
1403715981184058112.000000,0.000000,0.000000,18.039040,9.225699,0.281380,0.100833,17.738588,0.240548,0.000000
1403715981234057984.000000,0.000000,0.000000,16.828207,6.951810,0.120225,0.045025,14.002407,0.132322,0.078817
1403715981284058112.000000,0.000000,0.000000,15.321273,7.326408,0.272900,0.043265,15.290137,1.156337,56.318336
1403715981384058112.000000,0.000000,0.000000,18.162178,11.259200,0.334340,0.099586,18.710153,0.133666,50.951060
1403715981484058112.000000,0.000000,0.000000,18.628616,10.510614,0.387782,0.045217,13.956934,0.776267,46.190384
1403715981534057984.000000,0.000000,0.000000,15.523004,8.346774,0.268611,0.096961,17.787613,0.152226,42.620829
1403715981584058112.000000,0.000000,0.000000,15.577437,8.026482,0.123490,0.043840,14.715793,0.118145,0.000000
1403715981634057984.000000,0.000000,0.000000,15.439739,8.777340,0.281508,0.040097,14.066888,0.727914,0.092705
1403715981684058112.000000,0.000000,0.000000,15.380603,7.619948,0.280196,0.068193,16.658509,0.102786,51.685662
1403715981784058112.000000,0.000000,0.000000,17.262645,8.209077,0.313381,0.041216,13.983207,0.686634,0.000000
1403715981834057984.000000,0.000000,0.000000,15.580382,7.885712,0.126594,0.058529,17.010738,0.128226,0.088610
1403715981884058112.000000,0.000000,0.000000,15.607645,8.915199,0.226564,0.041376,12.735989,0.050208,44.260500
1403715981934057984.000000,0.000000,0.000000,14.644944,7.922481,0.225699,0.035553,15.072022,0.516680,38.726278
1403715981984058112.000000,0.000000,0.000000,15.467707,7.414858,0.221827,0.035936,9.715626,0.523015,46.487893
1403715982034057984.000000,0.000000,0.000000,14.937461,7.501194,0.223779,0.055105,13.755299,0.492199,0.000000
1403715982084058112.000000,0.000000,0.000000,15.241369,7.586892,0.220771,0.051521,16.118341,0.099874,0.077953
1403715982134057984.000000,0.000000,0.000000,17.648891,7.640748,0.232003,0.026913,10.670871,0.430598,52.141541
1403715982234057984.000000,0.000000,0.000000,17.362679,11.628325,0.260548,0.039808,15.099767,0.057313,0.000000
1403715982284058112.000000,0.000000,0.000000,15.551740,8.439863,0.236355,0.037824,13.235164,0.496519,0.088993
1403715982334057984.000000,0.000000,0.000000,15.957475,8.594522,0.126594,0.042177,11.716614,0.093505,53.441400
1403715982434057984.000000,0.000000,0.000000,17.847934,9.102657,0.139554,0.026432,10.473813,0.478695,0.000000
1403715982484058112.000000,0.000000,0.000000,17.620826,8.954432,0.099425,0.049249,13.468575,0.444486,0.084129
1403715982534057984.000000,0.000000,0.000000,19.100559,10.051919,0.260292,0.036961,14.533998,0.092257,47.148638
1403715982584058112.000000,0.000000,0.000000,16.473162,8.118963,0.251971,0.023392,10.373524,0.507623,51.343705
1403715982684058112.000000,0.000000,0.000000,18.156514,10.412692,0.132290,0.034624,12.406897,0.033024,0.000000
1403715982734057984.000000,0.000000,0.000000,24.634430,10.215537,0.242627,0.035937,15.061942,0.512807,0.079937
1403715982784058112.000000,0.000000,0.000000,16.059940,7.166469,0.299557,0.047553,15.788704,0.128098,46.107950
1403715982834057984.000000,0.000000,0.000000,16.142501,7.616620,0.265284,0.030944,14.269771,0.033889,0.000000
1403715982884058112.000000,0.000000,0.000000,16.245127,8.532794,0.275076,0.033600,15.603838,0.030817,0.078913
1403715982934057984.000000,0.000000,0.000000,17.570489,8.088915,0.265700,0.037728,14.155305,0.599976,60.267608
1403715983034057984.000000,0.000000,0.000000,16.791182,7.392841,0.285700,0.034304,12.927256,0.100034,0.000000
1403715983084058112.000000,0.000000,0.000000,17.014194,7.382121,0.233603,0.040256,10.577271,0.503719,0.071297
1403715983134057984.000000,0.000000,0.000000,17.947007,8.113491,0.255172,0.032353,10.837274,0.099361,54.059968
1403715983234057984.000000,0.000000,0.000000,20.267552,11.455331,0.354277,0.034593,11.873224,0.031680,0.000000
1403715983284058112.000000,0.000000,0.000000,19.755896,7.649517,0.109250,0.036193,14.342572,0.031616,0.078306
1403715983334057984.000000,0.000000,0.000000,17.584954,5.954644,0.206978,0.028832,12.593427,0.465415,57.095018
1403715983434057984.000000,0.000000,0.000000,18.671466,9.549767,0.263140,0.036096,10.866011,0.034912,0.000000
1403715983484058112.000000,0.000000,0.000000,20.246687,9.525544,0.214787,0.041377,14.287563,0.515751,0.085825
1403715983534057984.000000,0.000000,0.000000,18.287268,8.836605,0.232611,0.035424,11.177439,0.110530,42.069269
1403715983584058112.000000,0.000000,0.000000,18.949581,7.891376,0.107681,0.029249,6.034869,0.035776,0.000000
1403715983634057984.000000,0.000000,0.000000,18.295908,7.078596,0.230947,0.007904,48.757301,0.027841,0.070881
1403715983684058112.000000,0.000000,0.000000,18.758378,7.803471,0.206978,0.009600,40.641921,0.016480,36.559208
1403715983734057984.000000,0.000000,0.000000,18.223363,7.046596,0.202723,0.009792,30.408272,0.015712,52.692748
1403715983834057984.000000,0.000000,0.000000,17.994496,11.164542,0.249091,0.010048,29.701254,0.014080,0.000000
1403715983884058112.000000,0.000000,0.000000,15.867810,7.383561,0.275748,0.008832,30.913975,0.015264,0.068289
1403715983934057984.000000,0.000000,0.000000,14.713041,3.982489,0.226467,0.008480,24.653150,0.269571,54.042144
1403715984034057984.000000,0.000000,0.000000,14.073800,8.207892,0.260388,0.007968,28.115344,0.157090,0.000000
1403715984084058112.000000,0.000000,0.000000,14.072968,4.112122,0.176962,0.010240,27.106113,0.014656,0.084897
1403715984134057984.000000,0.000000,0.000000,14.385165,4.095130,0.156258,0.008960,19.047950,0.013568,61.496458
1403715984234057984.000000,0.000000,0.000000,13.152955,3.823542,0.140418,0.009952,5.623568,0.014369,0.000000
1403715984284058112.000000,0.000000,0.000000,18.472198,3.535186,0.130146,0.009569,32.226345,0.017600,0.078113
1403715984334057984.000000,0.000000,0.000000,14.903060,3.515890,0.152771,0.009537,43.581995,0.015904,60.832032
1403715984434057984.000000,0.000000,0.000000,14.718481,6.133367,0.203235,0.009792,22.655490,0.012833,0.000000
1403715984484058112.000000,0.000000,0.000000,13.717667,3.457553,0.146882,0.009280,22.159643,0.264323,0.078145
1403715984534057984.000000,0.000000,0.000000,13.280956,3.811735,0.189539,0.007488,20.795399,0.166563,55.106991
1403715984634057984.000000,0.000000,0.000000,14.667345,5.554671,0.202883,0.000000,0.000000,0.000000,51.884481
1403715984734057984.000000,0.000000,0.000000,12.465681,1.986045,0.188675,870898017525645696.000000,0.694444,303652399733682640220061492117972440330159483713756533801737163087978905439996201998293370280832703308768795808785292867245325857444066174370316288.000000,48.503665
1403715984784058112.000000,0.000000,0.000000,15.700383,3.862455,0.181410,0.000000,0.000000,817589917792023442503236645376884984253441169248510137146330478725242423243348951928442091804802757062138211314226100704403527271739113496409784670511750874198858744224330971755693676780878561280.000000,48.601586
1403715984834057984.000000,0.000000,0.000000,14.735633,4.805060,0.166498,0.000000,0.000000,524862901047915949377527649086319923562253994694683326846590102514179006503488581007459710569337720984373899500927164260745688655350440790312237929195266169588714089480192.000000,45.337444
1403715984884058112.000000,0.000000,0.000000,15.127735,4.768868,0.173058,0.000000,0.000000,5977618705941186260088152509731851938462397157993961078741514086406368788726653389545113976157797813603656590443757362337386135589141534998528.000000,0.000000
1403715984934057984.000000,0.000000,0.000000,13.151291,2.800040,0.101857,0.000000,0.694444,25670442668937635963007290500571331213628785897699082236884268798931966615410627628095431144654637990037184277267899814609012389712748776167321123160064.000000,0.077633
1403715984984058112.000000,0.000000,0.000000,12.408305,1.577622,0.093505,0.000000,6.513192,85373577087985796213521430770663339323006544596919057138339862058099519721535643359758842190594307573223538708055337447386945650824314880.000000,58.788803
1403715985084058112.000000,0.000000,0.000000,13.128282,5.201642,0.157187,0.000000,-11.196247,17841511741354187303707469273858801827524095041337072653316507654618003732996314804593110208904238850478666358169244501899476992.000000,46.933242
1403715985134057984.000000,0.000000,0.000000,14.578223,3.373776,0.159682,0.000000,3.137748,3317930.682384,52.551178
1403715985234057984.000000,0.000000,0.000000,14.702513,6.476636,0.200195,2927744486360431.000000,0.000000,25.203860,0.000000
1403715985284058112.000000,0.000000,0.000000,13.733667,3.697173,0.124226,0.000000,0.000000,3678749514260986984313685689807259486934509136445827902346645258992033120377255956268649434696729358039327785768452096.000000,0.069377
1403715985334057984.000000,0.000000,0.000000,17.738300,8.827454,0.232867,0.000000,-1.277766,12507437305469408639428119585867686294170256909367425801594448412336666283038129590172972038111415500800.000000,49.030232
1403715985384058112.000000,0.000000,0.000000,15.380666,8.056946,0.229379,0.000000,-1.383989,32452839744077068984530991493642729350501097038717907785819992942507721572716328855273472.000000,0.000000
1403715985434057984.000000,0.000000,0.000000,14.393773,7.217255,0.214979,0.000000,0.760792,115240110184517323182241435772153286173502500907094732776840658724604346368.000000,0.073537
1403715985484058112.000000,0.000000,0.000000,15.595166,4.135643,0.072577,0.000000,0.000000,1633876841365463813272307184346059324994775303666188322473306430111744.000000,53.621754
1403715985584058112.000000,0.000000,0.000000,16.159590,10.921083,0.217027,0.000000,0.000000,38428459019995835332080224678242830379692556245552109263125432601650900268618260699676672.000000,55.250577
1403715985684058112.000000,0.000000,0.000000,15.632254,12.478513,0.241860,0.000000,0.000000,20801113394369397104604671947366589629495016642217019434894098432.000000,0.000000
1403715985734057984.000000,0.000000,0.000000,17.103603,8.145812,0.201411,1017861490618164864.000000,0.000000,851507977317237779546892994017371639153484737231644111853437743833397108077723976159016541775756889738209007948601673826279469609355477768118903260263708575893076133879878454288835877718509090228958870441135649485147715357722632932200662868984214254557589757659430751966003657179136.000000,0.078209
1403715985784058112.000000,0.000000,0.000000,15.650111,8.271061,0.243683,0.000000,0.000000,-0.000000,48.012970
1403715985834057984.000000,0.000000,0.000000,14.949429,6.689343,0.196227,0.000000,0.000000,-580212607695269498560412732977148337020447192226690426386349598188353784431275429711657057467675202069593272307586957312.000000,55.665207
1403715985934057984.000000,0.000000,0.000000,15.130615,5.547631,0.229539,0.000000,0.000000,-0.000000,0.000000
1403715985984058112.000000,0.000000,0.000000,16.943121,8.964864,0.263619,0.000000,0.000000,-27264533195502677420014768890083812757982408252907918126275301739843372848224351310153206400324877886597472528603382634516453355948123866178973857172769254367265852960792422905930387426045442747217796769679147008.000000,0.068033
1403715986034057984.000000,0.000000,0.000000,14.995541,5.436334,0.250468,0.000000,0.000000,-nan,53.375222
1403715986134057984.000000,0.000000,0.000000,16.733326,7.734285,0.246116,0.000000,0.000000,-798072755259669918677772587904563963014872964589646697119495517818305465316620187449190804440884723440277254645710643149645307947228140359644863015543979099134828049523242893988199208988021407343356659367936.000000,0.000000
1403715986184058112.000000,0.000000,0.000000,16.556267,9.185730,0.140930,0.000000,0.000000,-5122694626142338331171154598680268597170243724291759025031506614077052012052006240657328938481976337594032082518153058766543828810939857171641265658520786615092200957243816046710637150689296384.000000,0.074689
1403715986234057984.000000,0.000000,0.000000,15.078391,4.967270,0.251492,799046031674375296.000000,0.000000,-0.000000,52.977840
1403715986334057984.000000,0.000000,0.000000,15.751904,8.927359,0.232547,0.000000,0.000000,-3397383273315235563811766256704409348052729391884812924828971595514428214243077876353108002831537670100104325527676137042363711836376320726518820309902310897261739568938708371664670280084343722801608223199758188276820698843790836138983048741329416670554401801827949703279830630400.000000,0.000000
1403715986384058112.000000,0.000000,0.000000,16.078564,5.096872,0.286884,0.000000,0.000000,-101905038485871543626259308505519250495382266997725170532512831825661189125178756437382749536264395714559019279586071717623944761542650938351178219520.000000,0.074305
1403715986434057984.000000,0.000000,0.000000,15.265817,7.165830,0.214979,0.000000,0.000000,-0.000000,53.573177
1403715986534057984.000000,0.000000,0.000000,17.472537,10.288690,0.226883,0.000000,0.000000,-0.000000,59.099975
1403715986634057984.000000,0.000000,0.000000,14.378381,8.055858,0.270532,0.000000,0.000000,-0.000000,0.000000
1403715986684058112.000000,0.000000,0.000000,17.247893,11.533380,0.134466,0.000000,0.000000,19810796191829195787186852648968344067805275176661106896839049142140658717198860071879092112113305664085524570616013878403338700058086278666911223888875272342926610011867959528971224789514450118410791496275296518144.000000,0.070433
1403715986734057984.000000,0.000000,0.000000,16.985137,9.682057,0.205059,0.000000,0.000000,85075425349699479638090711762441542609130877346405789245221481725716727700387873393385372238344775404734630236159114077744808288889978237923788006045644345836413178339702432097025617816269125735609669829048906318008599707648.000000,61.993328
1403715986834057984.000000,0.000000,0.000000,17.178036,8.071251,0.276100,181893619522283392.000000,0.000000,114859207236872361331779019885172537057681242571205416191285337710451263577819229117879678590330892388685004921221843950674766276509912227881793050387598562572427958101229823631469950892146170141512752968672133339370302593954151953044562539117019136.000000,0.000000
1403715986884058112.000000,0.000000,0.000000,17.258901,10.220945,0.257667,-5827688406111295624143058802253536243454841742933731024703409618982209106808796654473977361311887942462021986397800506193357471230331139356287354134519522532420516544642859894743291388425109254841500979495155713991758678815171301197600343486039910725197067712257517495072472658490468169182803854188609536.000000,0.000000,46191302596148666018789913833889061119595891063897685773459529946493205755518139120245301926265302760656065367966162718437853315754961199665645561444343302959055737222337496559031234877050376056488067457313482450259442147053641234306380966768539229519033457967104.000000,0.073057
1403715986934057984.000000,0.000000,0.000000,16.390281,11.855560,0.241379,0.000000,0.000000,24819610970930004801309430496293249201419912545210780628867182757218877494641193180638873378439634786436332270642456000201464713353157136404261940713404867413755123740004961254963278904207118127225291748721584766976.000000,60.343545
1403715987034057984.000000,0.000000,0.000000,17.038962,9.032993,0.271844,0.000000,0.000000,302328732065258692190236810577725786715214796536039078883089394505537306675997416647443612962433858269831701279435067531398841388594714650771483863476397281349398201144163539481453814088828048015929167321235456.000000,52.717165
1403715987134057984.000000,0.000000,0.000000,17.718555,11.931050,0.288292,0.000000,0.000000,2080052178873187719867356835112030537055328715633741556639228640906423400513012774158003030361019505894592208302959634388783215928030818560712069623901585408.000000,55.824569
1403715987234057984.000000,0.000000,0.000000,16.308551,7.977425,0.245380,0.000000,0.000000,2774988536658616044909901577917887098434326406435742165156631738285632708495967870898734026105870802631587873014030273485054768500309939238558095708815963073101077536220466865242112.000000,49.331196
1403715987284058112.000000,0.000000,0.000000,18.013760,8.247573,0.215459,0.000000,0.000000,2774990538580338448132730528907366801426283629346406074650693180292421827374298424031903600776222606251315421240635277035646640109171850373720671801140464546837160820368971288018944.000000,52.054724
1403715987384058112.000000,0.000000,0.000000,17.150451,8.323734,0.226340,0.000000,0.000000,63376462755708892067391147696369529825461425203902678870807492773121799990297599132492331655079928475166764433408.000000,0.000000
1403715987434057984.000000,0.000000,0.000000,15.818337,6.721280,0.210563,138105496513489.312500,32768.000000,79536108524880540687143782780575550522860160796323553265286588217031661833648703286011488631247287049382588685815152340605604296531116032.000000,0.075873
1403715987484058112.000000,0.000000,0.000000,16.789966,6.785089,0.225027,0.000000,0.000000,3837608147735185670431341110908676483770616781687829472800123199129248398671393111290602298052145799632114097554718720.000000,56.188990
1403715987584058112.000000,0.000000,0.000000,14.554734,9.345157,0.226819,0.000000,0.000000,251500853429449837351344554191077793621169561284049129099201257875279019153382982306038607967215288306463933571298957983744.000000,0.000000
1403715987634057984.000000,0.000000,0.000000,18.601288,8.943327,0.228739,0.000000,0.000000,1756159914954220674180599727793997527535195075032560033644791460310976941070517189342350493749406888340968598170924876489276589494142605040070676240117268480.000000,0.071489
1403715987684058112.000000,0.000000,0.000000,18.346757,8.916830,0.240323,0.000000,0.000000,1258510019784693233603203454476960184406606211602958505372047158519142599738560521413199590308167802130267800849385000585783509254144.000000,55.985691
1403715987784058112.000000,0.000000,0.000000,17.534393,10.964892,0.121538,0.000000,0.000000,273135336416263869176040166176849920.000000,0.000000
1403715987834057984.000000,0.000000,0.000000,15.787872,8.742044,0.248260,0.000000,0.000000,21623865721682217508114775301505533607875607840398039664339976192.000000,0.077953
1403715987884058112.000000,0.000000,0.000000,17.855998,10.991164,0.246820,0.000000,0.000000,8020986106747311629821152385318623840916905055339294770486227232078817627471872.000000,56.551587
1403715987984058112.000000,0.000000,0.000000,15.181080,8.977152,0.229252,56038612103885200.000000,0.000000,367863162405239577203154518100242389278321020798728715370496.000000,0.000000
1403715988034057984.000000,0.000000,0.000000,14.301675,7.298088,0.194627,0.000000,0.000000,0.000477,0.077025
1403715988084058112.000000,0.000000,0.000000,16.949137,8.930815,0.213379,0.000000,0.000000,2047291.235309,58.467231
1403715988184058112.000000,0.000000,0.000000,19.269362,8.752316,0.256803,0.000000,0.000000,107077752248686301876230655834878142076853311606670098048579423743235850240.000000,58.044696
1403715988284058112.000000,0.000000,0.000000,18.495558,11.358881,0.279588,0.000000,0.000000,24117947046333552977987364656158228146038420446001605913694175232.000000,54.761226
1403715988384058112.000000,0.000000,0.000000,19.658583,11.571108,0.244932,0.000000,0.000000,-nan,0.000000
1403715988434057984.000000,0.000000,0.000000,16.463946,8.125107,0.244228,0.000000,0.000000,-50303314895567338148244589483108216865244921781491654611920707557705188436744994412321449998357774994540879809837515446746447783604457830329675648264022935214227456.000000,0.070561
1403715988484058112.000000,0.000000,0.000000,15.496380,8.433144,0.234051,0.000000,447.600006,-nan,64.160784
1403715988584058112.000000,0.000000,0.000000,15.520605,8.149108,0.231075,0.000000,349.200012,-nan,0.000000
1403715988634057984.000000,0.000000,0.000000,17.822141,9.385286,0.276580,0.000000,432.256805,-nan,0.091937
1403715988684058112.000000,0.000000,0.000000,16.946096,8.188597,0.226083,0.000000,0.694444,-nan,61.032931
1403715988784058112.000000,0.000000,0.000000,18.673194,10.089103,0.267652,0.000000,0.000000,-nan,62.787196
1403715988884058112.000000,0.000000,0.000000,19.527125,9.322660,0.294244,0.000000,0.000000,-nan,0.000000
1403715988934057984.000000,0.000000,0.000000,17.864093,9.228548,0.311364,0.000000,0.000000,-4496431172257884325927561168213312211419717745798654229084201231703392121119571968.000000,0.088673
1403715988984058112.000000,0.000000,0.000000,17.578297,5.738130,0.232611,0.000000,0.694444,-nan,63.278498
1403715989084058112.000000,0.000000,0.000000,19.637655,7.118246,0.247236,0.000000,0.000000,-nan,54.467397
1403715989184058112.000000,0.000000,0.000000,17.784989,4.612417,0.095233,81962425378401024.000000,0.000000,-nan,56.175838
1403715989284058112.000000,0.000000,0.000000,22.222107,9.903341,0.380741,0.000000,0.000000,-10265916919795254571154535760945169159241658524790898092761068297010821829667384076226710202066237088741532377168709339003162685583775976225222344833514257743841032334433507940695686166310110899370363834014593551542464567525860822336684172085245015116043132903093144899992273420023121313792.000000,0.000000
1403715989334057984.000000,0.000000,0.000000,19.569302,8.051378,0.312484,0.000000,0.694444,-7076179546540389197464919217940685447092664900415442835745023025935959196762688865051235730111424139023109567751217978560078709525730807826435013474775683429739553357824.000000,0.069025
1403715989384058112.000000,0.000000,0.000000,18.883404,6.458940,0.295428,0.000000,1.603232,1343485160330383053617405169024329652909741043102538530066805881968912453895647518676388953376215306516863926839649000605013751238311879411196436226153193500054699414049206101537310453901172857326099078840204288212336640.000000,57.983096
1403715989484058112.000000,0.000000,0.000000,19.759449,7.883120,0.293988,0.000000,-0.173044,4472984812545309182319145060463314778078875972240153429803796859365337836915329823006059986681425393810665344033882112.000000,49.884037
1403715989534057984.000000,0.000000,0.000000,21.168781,8.560506,0.154018,0.000000,1.741097,635055717859064948582733803262546987632643789830660107924207491689288986432694526287892475505307090050613248.000000,55.248945
1403715989634057984.000000,0.000000,0.000000,18.927629,4.661891,0.351205,0.000000,0.000000,2512596664230050670788623061559834305449768668770150550821977361920678865775223442551917278579273346967287592159438939585747855840645159686642750549942271390573307114008242991136768.000000,0.000000
1403715989684058112.000000,0.000000,0.000000,20.119197,8.639834,0.145346,0.000000,6110756023304192.000000,1209896171146147610839224857484729169955106137002204608980796255465681939419603345164261983047530711798789888353714741376147248873565344058279551360384020691594807263230342058646543313142164828036217711952575343575957504.000000,0.069185
1403715989734057984.000000,0.000000,0.000000,18.494343,5.490222,0.246947,170312326065506944.000000,-2.227085,28396212665951139226569450555744942847301964372240878723594234544980027466079786756167335963832182778404381267833989052717574449824992401225114373075300670732211980238244693665113668177770818550429114582723286027211721071085457663959498752.000000,55.392658
1403715989834057984.000000,0.000000,0.000000,18.688106,9.202179,0.308165,-6173234195127196652118657782407589162841766034866145050665110278699031868844877848807340628849909156777961789668951325281722883763254905614333026865855268098105447494363566142122203828075202147351197536597816291629945663610865353335744071316173611781644319553757385152952985154962388883899001755576303616.000000,-1.198106,3027191215737054911525194817665029235547059359822145717283642620405115337300884299607072712642864370947168389961279984359027228737330194650060411454621787643767996018414093682002133512649845012761413947499651242033309806850673743297034487817854007285385633338071449600.000000,0.000000
1403715989884058112.000000,0.000000,0.000000,18.016192,7.394569,0.127618,0.000000,0.576545,3286161106612533438647644534279398937490344788011431428175014099660655203719969649153314379773898131298259002543763192896771125193798932694747154759188581126432717501024241354315360990157046678243955374564129973025844269155488899756177196998968859037782387299704635392.000000,0.072577
1403715989934057984.000000,0.000000,0.000000,19.752825,7.323912,0.114273,0.000000,0.000000,961418064210806575053246760777846896350530007224622878656245701039257608557671900803329699245829450276613835058328643179253790994718085378176333237699651525229567844290221904862881192940727180759254020167230814634965601627461628574138295379974586893771900033220681809567431973142528.000000,52.879695
1403715990034057984.000000,0.000000,0.000000,17.861982,3.969592,0.341797,0.000000,0.000000,852505690795087745562721038068470330012676539049542385149719224635999699640233882452118792179118443140562354361653453286237285764889661906871795667229089894418881896728060854400374873032596574162039390069727487068489257937382479610967690908916594968886603359670328288935816512667648.000000,46.755000
1403715990084058112.000000,0.000000,0.000000,19.170640,7.524331,0.156707,0.000000,0.000000,14663600664507225657615291928961059987196723836399002820413403252393271010367731982489701616580507368824279834532493874217752502876131312675610196348543882374898856737135273429005561376744953279793246599354263599648363693931795981532616649176839804816978152960544851874050736128.000000,0.000000
1403715990134057984.000000,0.000000,0.000000,19.527798,5.778034,0.257123,0.000000,0.000000,888240346792790333720984410302443676581345435611695752415795422140988700720737032508939393257750395847127362095045991185257685285782004893307598944982022420929459362563399107222555200213554197381061727672294909136642408825228166228844357579038490140417447162032941025526823105069056.000000,0.084417
1403715990184058112.000000,0.000000,0.000000,18.852268,6.329402,0.270436,0.000000,0.000000,3545125047150527417881541935117145759201688836963135734618319377124624584159051429980695714812707317575591585623451163517515864125689778757320502402563519012227346785677169196895013222260758772286362991876578488101910854597766018416324762303541278913972653523497648128.000000,50.817458
1403715990284058112.000000,0.000000,0.000000,23.300811,6.861921,0.334724,178308824226939.625000,0.000000,2898215049925656619617101978914628113796531733900392956956825606557044366278639334193322877969458425133104165377987787473679689274663969225744484373375733509321861031896463430277517146054439418690431361847460978532501611745245301908634605460882616622472610353407590400.000000,0.000000
1403715990334057984.000000,0.000000,0.000000,19.191536,4.409310,0.341509,0.000000,0.000000,206842716520494424600291591573942196887163094641156082279488098806863333652538356510476676850452554411053781836347715619924515544860082721472620856118435406792940539869214224243395853977981202984059825579278332630562778930433334044800813674320905899346624751067496127135744.000000,0.081665
1403715990384058112.000000,0.000000,0.000000,24.539644,4.061690,0.237635,0.000000,0.000000,9836501873944381985776510666086148518216219129799588569091413714191142975341130283195351143002039942405379781428729147895795147773769631422306394436496038394525216097981158696832058639786136988116036960265923796939764385214466053924896480444638625267712.000000,59.296971
1403715990484058112.000000,0.000000,0.000000,18.474663,8.640410,0.416038,0.000000,0.000000,0.000000,52.882351
1403715990584058112.000000,0.000000,0.000000,20.803719,5.565807,0.163874,0.000000,0.000000,0.000000,51.767776
1403715990684058112.000000,0.000000,0.000000,19.061967,6.402107,0.343109,0.000000,0.000000,0.000000,0.000000
1403715990734057984.000000,0.000000,0.000000,19.848378,4.928166,0.393222,0.000000,0.000000,0.000000,0.068385
1403715990784058112.000000,0.000000,0.000000,19.850554,3.693716,0.381542,0.000000,0.000000,0.000000,51.615614
1403715990884058112.000000,0.000000,0.000000,23.050824,5.851443,0.403845,55589873919103800.000000,0.000000,0.000000,61.532714
1403715990984058112.000000,0.000000,0.000000,21.799734,2.937130,0.364645,0.000000,0.000000,0.000000,54.291492
1403715991084058112.000000,0.000000,0.000000,19.842682,6.221049,0.398502,0.000000,0.000000,0.000000,48.763893
1403715991134057984.000000,0.000000,0.000000,21.034923,2.914345,0.093057,0.000000,0.000000,0.000000,0.000000
1403715991184058112.000000,0.000000,0.000000,21.458705,1.963580,0.207907,0.000000,0.000000,0.000000,0.070529
1403715991234057984.000000,0.000000,0.000000,22.229851,4.388254,0.392101,0.000000,0.000000,0.000000,61.489417
1403715991334057984.000000,0.000000,0.000000,20.487715,1.958076,0.216259,0.000000,0.000000,0.000000,59.235817
1403715991434057984.000000,0.000000,0.000000,22.222044,4.149211,0.164482,0.000000,0.000000,0.000000,49.162106
1403715991484058112.000000,0.000000,0.000000,21.912824,2.558276,0.342085,587469527567829.750000,0.000000,0.000000,0.000000
1403715991534057984.000000,0.000000,0.000000,20.748199,1.839706,0.202819,0.000000,0.000000,0.000000,0.068993
1403715991584058112.000000,0.000000,0.000000,21.806261,2.029340,0.207875,0.000000,0.000000,0.000000,54.609928
1403715991684058112.000000,0.000000,0.000000,21.563858,4.484640,0.371493,0.000000,0.000000,0.000000,0.000000
1403715991734057984.000000,0.000000,0.000000,22.098458,1.893659,0.210211,0.000000,0.000000,0.000000,0.071649
1403715991784058112.000000,0.000000,0.000000,20.985002,1.776186,0.187395,0.000000,0.000000,0.000000,57.701780
1403715991884058112.000000,0.000000,0.000000,22.542944,4.111451,0.185666,0.000000,68719476736.000015,0.000000,0.000000
1403715991934057984.000000,0.000000,0.000000,21.769014,2.122462,0.206243,0.000000,0.000000,0.000000,0.070785
1403715991984058112.000000,0.000000,0.000000,22.726339,1.965756,0.220099,1269803071616168.500000,0.000000,0.000000,63.332963
1403715992084058112.000000,0.000000,0.000000,21.966328,1.977276,0.090753,0.000000,0.000000,0.000000,50.383628
1403715992184058112.000000,0.000000,0.000000,22.085946,4.162203,0.358469,0.000000,0.000000,0.000000,0.000000
1403715992234057984.000000,0.000000,0.000000,21.346000,4.270716,0.333893,0.000000,0.000000,0.000000,0.072993
1403715992284058112.000000,0.000000,0.000000,20.800039,2.169663,0.181827,0.000000,0.000000,0.000000,57.996408
1403715992384058112.000000,0.000000,0.000000,22.884677,4.478527,0.347557,0.000000,0.000000,0.000000,0.000000
1403715992434057984.000000,0.000000,0.000000,22.620001,4.476032,0.356901,0.000000,0.000000,0.000000,0.076193
1403715992484058112.000000,0.000000,0.000000,21.367663,1.979292,0.191811,0.000000,0.000000,0.000000,56.075069
1403715992584058112.000000,0.000000,0.000000,22.587329,4.043385,0.349477,141468205368612.562500,0.000000,0.000000,49.876388
1403715992634057984.000000,0.000000,0.000000,20.632069,1.996765,0.176930,0.000000,0.000000,0.000000,46.327474
1403715992684058112.000000,0.000000,0.000000,21.493393,1.877210,0.291300,0.000000,0.000000,0.000000,0.000000
1403715992734057984.000000,0.000000,0.000000,21.969912,4.125179,0.324676,0.000000,0.000000,0.000000,0.078433
1403715992784058112.000000,0.000000,0.000000,20.629477,1.913851,0.183811,0.000000,0.000000,0.000000,60.213495
1403715992884058112.000000,0.000000,0.000000,21.870551,1.789786,0.176067,0.000000,698.400024,0.000000,0.000000
1403715992934057984.000000,0.000000,0.000000,22.077529,4.163067,0.307652,0.000000,378.000000,0.000000,0.072961
1403715992984058112.000000,0.000000,0.000000,20.664325,1.977916,0.188387,0.000000,681.516541,0.000000,57.969047
1403715993084058112.000000,0.000000,0.000000,22.482943,1.650392,0.163266,52121155247663576.000000,0.694444,0.000000,56.176638
1403715993184058112.000000,0.000000,0.000000,21.094092,1.877243,0.081569,0.000000,0.000000,0.000000,0.000000
1403715993234057984.000000,0.000000,0.000000,22.596481,3.516370,0.238180,0.000000,0.000000,0.000000,0.076514
1403715993284058112.000000,0.000000,0.000000,21.194989,3.093740,0.209891,0.000000,0.000000,0.000000,48.878391
1403715993334057984.000000,0.000000,0.000000,20.053756,2.752615,0.194563,0.000000,0.694444,0.000000,0.000000
1403715993384058112.000000,0.000000,0.000000,20.153695,2.954698,0.187235,0.000000,0.000000,31652128964421535634804663642979578466716768465779157185711446984563224315320019223115832395815908681085775133823485802196769941448820511702296574836823274730057458818019471815987431034507849352288013548159129392581356050197142631673233408.000000,0.081025
1403715993434057984.000000,0.000000,0.000000,21.317583,1.941436,0.177251,0.000000,0.000000,40240783872226826605750091757899893401649908041943952509973485454883895980409051723410114429766072065274782777184760933364912840243483537106555156688520102905361013636747634943910462932006070803087839057547263898942849475714017643099455760220238494085839358787584.000000,44.837981
1403715993484058112.000000,0.000000,0.000000,21.783605,2.001661,0.158210,0.000000,0.000000,4598264304420948592282872999705121042623274225683250034490275956469141011547536074351200622755197848276764464989911605993504070563765563999077624681595584668271395555360842724272874993203746154986536556901764317366356528852704066706941282208481767936320926756248386371804010628800804934385664.000000,51.818784
1403715993584058112.000000,0.000000,0.000000,19.910139,3.120588,0.208195,421305224587724.812500,0.694444,644526760031774797475160566058858202774506685017241979691926849171088085222324048885979321893235491348429916122819600303521947768250580226664235052079248768640366601512474829143078968114306355650413308479354547680036322235877636322757016590929138334256070656.000000,46.263025
1403715993634057984.000000,0.000000,0.000000,24.334682,3.282350,0.180995,0.000000,-7.696417,28396237409966318094616072330634554114611996609904395327210171006871935414030716107431250565439156129707856736487060014694997826480375297112920117390035504814594763701169927189480404572876118573780586308660145460658215295906830861606060032.000000,0.000000
1403715993684058112.000000,0.000000,0.000000,21.763669,3.727861,0.190051,0.000000,-7.520942,42350784975260640758983731930967639790185003260779175518558162140922388808495619801400129793664442299799742674472260700610231331415959659426474146073518646737834908712347631616.000000,0.075169
1403715993734057984.000000,0.000000,0.000000,22.566817,3.676116,0.150786,0.000000,-7.535906,1253846329267150211301637351443742718069025903491513201093052540987534420552950449126580411443796390251038562206375699786553330946050530105315056866273864552260612018947147702184098177534315565357740269465148717468221440.000000,53.786396
1403715993834057984.000000,0.000000,0.000000,20.308000,2.786024,0.108417,0.000000,0.000000,60785813159964403364874121820686092748693134405835665985160810017043425297205623722804885685300765886932465070123887329585889665980511494024507601068437022545843661995414948052592374717886145402765312.000000,0.000000
1403715993884058112.000000,0.000000,0.000000,22.435359,4.015129,0.207139,0.000000,9200318637758480384.000000,261992351772016906510355913731043696505709953180909857900638087920023775188130364181225286848792499732365800019792377151488.000000,0.091010
1403715993934057984.000000,0.000000,0.000000,22.600930,4.231932,0.094433,0.000000,-2.515164,5403762031839852041853466775080046391717153484050950448055756730171928370998490536692918626769388675126937213698939737971894630120227113795584.000000,44.630586
1403715993984058112.000000,0.000000,0.000000,20.349409,1.894107,0.076545,0.000000,0.439524,261911340001459459872778240213990508209124584013245185867787527408932450047092135710152391606275539663661858687402102489088.000000,43.079972
1.000000,0.000000,0.000000,106991242291254902784.000000,0.000000,8.539673,273556192861993824.000000,0.588610,17161946245785463684185242290169624902299424451370328540149575998935419421287050986115917649301374075829721862390355646935465984.000000,47.774247
1.000000,0.000000,0.000000,68719493937.120010,8152879726591.999023,8.680412,0.000000,0.000000,524505852803256380400034798217518625598002628148875993902577433294604856412516917770121345879598794104372902562139269995155498804105406769057385797284706994734285677658112.000000,0.000000
1.000000,0.000000,0.000000,536871045.302111,131941412869451.390625,8.085267,0.000000,0.000000,1258336730583444567872561620805996596200683536366668315808480851693621306121847554449034538252078784310038448001365872077676692373504.000000,0.074337
1.000000,0.000000,0.000000,-nan,7696582496395.905273,7.288455,0.000000,0.000000,1173108020523426152600550611666713629958340608.000000,47.325025
1.000000,0.000000,0.000000,146367152441344.000000,-nan,7.726030,0.000000,0.000000,99982757006673242828888409941888538603308462614645968541935223574768910336.000000,51.637021
1.000000,0.000000,0.000000,23257621344256.000000,250600639185225.531250,7.973585,0.000000,0.000000,556137047994509633769171235437523170091500721849410098533470150784430437403908374528.000000,42.498620
1.000000,0.000000,0.000000,0.000000,13263290750468096.000000,10.166768,0.000000,0.000000,85672652842443212562142836249253314951786111434752.000000,0.000000
1.000000,0.000000,0.000000,111971801266661605376.000000,0.000000,7.805295,0.000000,0.000000,34.517709,0.073089
1.000000,0.000000,0.000000,68719493842.240005,57776855541396529152.000000,7.483722,50760372138494216.000000,0.000000,2047548.235294,48.103659
1.000000,0.000000,0.000000,805306501.468817,131941412930809.015625,6.763392,0.000000,0.000000,7017454652669919145466653617382569425320177327391613641968004014345921658617856.000000,0.000000
1.000000,0.000000,0.000000,-nan,268435521.352328,7.514986,0.000000,0.000000,7250855219432214612267566114431923136990914477769991798895335565328422235275264.000000,0.077185
1.000000,0.000000,0.000000,4458565319068221.500000,-nan,7.830703,0.000000,0.000000,-nan,47.630276
1.000000,0.000000,0.000000,3365669455360.000000,185347597845952992.000000,7.611148,0.000000,0.000000,-67356695979005113986981737716339697724509488685848073198544295396512176404342960845722454140186448008910279556027217720012869702845937085553574995884827372837101704819074516078240263569408.000000,50.398891
1.000000,0.000000,0.000000,0.000000,184455206086377472.000000,8.114611,0.000000,0.000000,-nan,53.611417
1.000000,0.000000,0.000000,113632011048045232128.000000,0.000000,6.714719,0.000000,0.000000,-nan,47.566979
1.000000,0.000000,0.000000,68719493937.120010,53645717676958408704.000000,6.645694,0.000000,0.000000,-nan,44.164595
1.000000,0.000000,0.000000,15032387666.396387,131941413036196.765625,5.644016,6189401197129376.000000,0.000000,-nan,0.000000
1.000000,0.000000,0.000000,-nan,206158464782.034088,5.523823,0.000000,0.000000,-nan,0.075009
1.000000,0.000000,0.000000,146367152459776.000000,-nan,7.135301,0.000000,0.000000,-nan,52.383976
1.000000,0.000000,0.000000,47920602963968.000000,169210477998187808.000000,5.752498,0.000000,0.000000,-325882469528667238409200733071757699318381565537864189849244601561476704336890432585728.000000,0.000000
1.000000,0.000000,0.000000,0.000000,182231993575014400.000000,7.165733,0.000000,0.000000,-nan,0.072417
1.000000,0.000000,0.000000,156059719450060881920.000000,0.000000,7.708013,0.000000,0.000000,-nan,52.336071
1.000000,0.000000,0.000000,68719493853.760010,103733591648294125568.000000,6.631934,0.000000,0.000000,-nan,54.719754
1.000000,0.000000,0.000000,536871045.457335,131941412934478.187500,8.491033,0.000000,0.000000,-3578731072457193725918287086300436987890584258210087331742571265754893652276995573364967332358614143817949421751618308687673535844329607018092764080147466794903768978896086330369356959613068492874124143447447554791237546720743092227989551876846967295887869527264365509543127216905906036177171218828361728.000000,49.340925
1.000000,0.000000,0.000000,-nan,10737420377.410927,9.072865,57809031936790416.000000,0.000000,-2568425733177916466429975989862861659902526500579045055256363269166533711015839126467990787874454579331124570426093284202540921303759603561998833220017488805475866575529799073211106171762895071612986642661376.000000,46.248752
1.000000,0.000000,0.000000,4415692058975031808.000000,-nan,7.867760,0.000000,0.000000,433683386909914520514752926800018280637635135887747026748395069954464892624362872486032978138845734528691776496574413961716453548670551478220618193898547390572870676176694056256103378954449626919745177655615080142012813093157709283328.000000,0.000000
1.000000,0.000000,0.000000,654376686430715904.000000,1102230485026415.625000,8.559993,0.000000,0.000000,1454402544889202425949038256780742438043785160271396445427649618784436445255328512034611568742051916543281628894720226949208991596544.000000,0.075777
1.000000,0.000000,0.000000,0.000000,3015563671437312.000000,8.825757,0.000000,0.000000,156437884860612930190326301049084980704240625584861222820760376946445083275815026548606999617077248.000000,42.101366
1.000000,0.000000,0.000000,169341256963641540608.000000,0.000000,8.524569,0.000000,2963010114019131904.000000,2514122205814673235748435565692620952746670533932440239201405469672161100066028895467741211344071763240001869616330016079842227168432256354224621306833607168667319728241999043624960.000000,0.000000
1.000000,0.000000,0.000000,68719494092.480011,241662874529724071936.000000,7.858575,0.000000,0.000000,79314391881488463669721300232708884329552507667862476384072926406770420634244863408494774261082632012902121140383575388450933548858496210370996223932630881533847805784742235169236264389884522347128403674012923169130365845504.000000,0.072385
1.000000,0.000000,0.000000,16777220.227956,131941412876789.750000,8.001522,0.000000,0.000000,28396262443180473903830227140229920695336494238299983687054413030471833575397042730412727061794026126469277593795636183256338587656181188036496663781864264592362116607752651944270856637037845876805819254498418706481426870784092995621748736.000000,67.733762
1.000000,0.000000,0.000000,-nan,12884904033.605846,8.989024,0.000000,0.000000,40248562130268494951712845069513132998092841075596642229081881105819118991993814987069253716108694017111099463481769968729968747830449725970569620185507928489334915337100749787308554234668694631832585774125142643128067695829247751059337496600304482885781648572416.000000,0.000000
1.000000,0.000000,0.000000,4311928947771430912.000000,-nan,8.044978,70128372540865992.000000,0.000000,924971564838851449586740195927713857533233161342537806718599890987312227981666749538122456757556883207049850096558714509653630525631308225667467042871844910384653096850611141543061052125644204334146268914934743073176535593361551985179825136095045264199017790969403465582863693381632.000000,0.080737
1.000000,0.000000,0.000000,69575695939928064.000000,4443913037231092.500000,6.973827,0.000000,0.000000,997722737539754813942350587577381247076579583110924319499519189218976641659902109718703609811975783147529352821984208926671162336708801653397313702780063681374529220756214306589295327983113468048380597550635028319941217014610286625793860546036557979526282109311660443695618226913280.000000,40.538047
1.000000,0.000000,0.000000,0.000000,5798673.044800,7.429482,0.000000,0.000000,232267150303119031994084060645579887805075774216517739143245088397311383235964668315785446706910790584617427252412003235077723520852673693132662632765313417549077541506778045908882372297942509653890575845954291300389788217220238024001472577248486557067689620105391689957376.000000,31.051513
1.000000,0.000000,0.000000,205865872154081329152.000000,0.000000,7.464138,0.000000,0.000000,960992625243665435016689666409398776158543761064964837969947450130873947029343416574083703626903497462622884154928223264970888610546947426763583692031188251851383338171265057207596730720215950010852959517655144650187633211640381734977946159754549463591686346965256486951603960545280.000000,46.131824
1.000000,0.000000,0.000000,68719494092.480011,45383477132454256640.000000,6.245273,0.000000,0.000000,215328448944235784437936275150369029503622533675215386671946812675947588062515274021427909074060221501729795155959929590283850945497692576935921876411221036165147317451147853182916833314239054547183156091313254135968524763210052028049990988765895226891070790538423227645952.000000,49.800548
1.000000,0.000000,0.000000,4194305.053529,131941412930809.015625,7.756878,0.000000,0.000000,14672222332201142768350212355007775672659668670734932367354074589992174258280141747406048797752304716135335671310759364954620475077404164726782744803448236019553680965680349950703032376293672461529576767542385146846977472156786049724744713041814561934961865435386993678569439232.000000,0.000000
1.000000,0.000000,0.000000,-nan,68719493268.230881,7.634348,0.000000,0.000000,206875995408037507290539212638362359240379184433447818589625085063303636362331704372120280674752835663901467084999667006908999739956710311313679272388751716374478713018454719504144993869776498678888976115464905355301693735657583635477379862287831688054350448864440755421184.000000,0.081346
1.000000,0.000000,0.000000,6845474638832599.000000,-nan,6.610398,0.000000,0.000000,12997359614122144335569410785235342624938115610496335774573227605403512912940548374755014729177302828011793084379777684959580329936622642922709667760140059663497088796232273332942199266216177702080733835723749024871958929001394496893732915862873627972457448323364413768049098752.000000,49.322813
1.000000,0.000000,0.000000,493943857020928.000000,1330704633898233.250000,6.239129,49257889482732576.000000,0.000000,704823801059176823148431929744305311207450798882007409047877864600903691138264295052080249099429917674054704378990341681912222233013608038874962481899188647854737661462039857648088955875692335555011054776885180503343117666737653290486487810711249436700311552.000000,55.199984
1.000000,0.000000,0.000000,0.000000,175253.907650,6.152952,0.000000,0.000000,115106089234058801186895858477661987018076493781538631246778790346197451081276258813738987137529476722313207226873486995053101641371024918180062836700557244988212466122615340822276012747222812369611827825593112701186447714545736032575304952822366208.000000,41.268682
1.000000,0.000000,0.000000,239070067781753864192.000000,0.000000,7.113093,0.000000,0.000000,9831118013255708071296405812229790656987580068138506613031764544518142562416897657742602475094294371776823213326743285666549048268550208319697599897979077184819654454465584972480772546438752539319558884465817419886642022873657646554630003623897373605888.000000,44.934910
1.000000,0.000000,0.000000,68719493944.320007,47449010880301228032.000000,7.983026,0.000000,597.600037,8911086205536754497047315135265552198391240299678739312180505625978340091467944487306488552239867731879362353879214799707309506295081908287225664301752689144895426443676718392493352352313883028707771740630767937289324830211778806013252420886016852754432.000000,53.220948
1.000000,0.000000,0.000000,2097152.523106,131941412847436.328125,7.486698,0.000000,366.000000,33299238974942275094514808739404060040087002859277863172315773619923287178017497219211605849365261961650940147962136301717695773480414537813425051378590533817591018589437748306094279186103676269137709901760017984623168836003686673048141824.000000,38.703206
1.000000,0.000000,0.000000,-nan,15032387665.586399,8.428215,0.000000,581.073425,25593626342759839442644507994303861212932425780765024656511505687379790116548607381414454097576384471354155519364163238777969609509271092026691390402416422627956308645857618235077638287218561977482840772619938710424161158145974956522995712.000000,42.853632
1.000000,0.000000,0.000000,1493033729266391552.000000,-nan,8.192276,0.000000,0.694444,408354497386059425120706997030393651802890365526459778485786624849398049378084269007377561132687760346778049321132108722210717197560027150208921166636461844738254533306722678137509776999281193287963152939809222986436005353006441693184.000000,51.395290
1.000000,0.000000,0.000000,167436414990942208.000000,69982910677042.554688,8.582906,0.000000,0.000000,95054759758509175261319751334428789901093668003957386258760916362538261380320777393388175821983022627616746621789370544698605142597912231911774858856308540502909163435605028518696363440204518781813378532469363541141348155392.000000,0.000000
1.000000,0.000000,0.000000,0.000000,249981339068.000000,8.656763,65819145947460968.000000,0.000000,88035124179020073698513768234149219814778798787395376531944373630716691093960544753617390618005905313889864093309041848605204023382979106166391446490713289049897918819117855594306152965738923120059381636397289752797093298176.000000,0.073953
1.000000,0.000000,0.000000,288876220485774311424.000000,0.000000,6.612990,0.000000,0.000000,390382006875011849608148606068198254555648133365290182078820292061414138560413059489331158050787627312719424676975377107302877774824178251712762080966728641500277498678233434370523801287242409353064543529265407398028036033324808929280.000000,41.424397
1.000000,0.000000,0.000000,68719494064.400009,91340248423723941888.000000,7.347977,0.000000,0.694444,1342790277657042357914773972484420961739421147927798582211481596987409368810488518373286664549765142607048001642105980485734400437156035690877421460747134693211061479657326748147735690689240260488572473806906250879827968.000000,51.905281
1.000000,0.000000,0.000000,6442452024.798448,131941412908793.937500,6.325626,0.000000,0.000000,0.000000,37.971707
1.000000,0.000000,0.000000,-nan,134217761.435052,7.763278,0.000000,0.000000,20721745550164714143042039393654967434030196967809923769168910981677046208129811050912471261966067932945881737677433340241534921694602819888007188840448.000000,41.439852
1.000000,0.000000,0.000000,2063730841689490944.000000,-nan,9.286980,0.000000,0.000000,2904662884649718925328437334642998423868330009863730560692832563100050492407504598996484487150686612825365036308960190419686530998278493091393741934118603063717545236344566435545088.000000,43.827279
1.000000,0.000000,0.000000,498472900034560.000000,217622112378267744.000000,7.869072,0.000000,0.694444,2080050516504133634349788342877900536926314186684246348158789480657043640040514639318716022095409604467430411714673601781946357405919601383413483827403685888.000000,34.428457
1.000000,0.000000,0.000000,0.000000,333040219706097664.000000,7.380809,0.000000,-2.372007,391700250907862100676350119841388207658988077094469663296309926425829737009694876486315007268255903368104292592295724797118241900724661688842846208.000000,47.397025
1.000000,0.000000,0.000000,329090409670937346048.000000,0.000000,6.662303,60261320826488152.000000,-4.246153,25673651777288961068540482656898653597892422703924419097244259670378789817942088471893374927340575736291451147611551274817291495464532007040260381868032.000000,0.000000
1.000000,0.000000,0.000000,68719494077.360001,18531116197978566656.000000,6.181176,0.000000,-1.452185,79558867121680262948784155024897414181500290227957459979432052694929151120480661347403756601022928376204666705244082288984717560878465024.000000,0.087809
1.000000,0.000000,0.000000,2147484165.455974,131941413034362.171875,8.454072,0.000000,0.000000,18518433053397256052797500821713111028797469005432957832739081335150198152273486187872268044219055666376620527712986945594327040.000000,40.668321
1.000000,0.000000,0.000000,-nan,103079232410.123291,6.808801,0.000000,-nan,217410087600.698059,0.000000
1.000000,0.000000,0.000000,4519455170830931456.000000,-nan,8.126612,0.000000,-2.207108,1651503.192172,0.091233
1.000000,0.000000,0.000000,746584480315080704.000000,2426762320541468.500000,6.444539,0.000000,-0.222291,58538280401237419717562008271381473456615308273152913061026730311861936445395770503120759688504101827881987997696.000000,45.161953
1.000000,0.000000,0.000000,0.000000,2875000129257472.000000,7.033604,0.000000,0.653052,2782255631895513751829101547492483244879201833725026107966077182944675065235777933361608130560.000000,41.479662
1.000000,0.000000,0.000000,335731248796471853056.000000,0.000000,10.655543,0.000000,0.000000,525544778025106013702124486579388289867268618301435685183369684955116636698425950208.000000,38.827976
1.000000,0.000000,0.000000,68719494090.320007,20596685130197626880.000000,6.817057,57273157457310216.000000,0.000000,1974528620597065887629544213847851345987966691491330923669329339744256.000000,41.995029
1.000000,0.000000,0.000000,4294968378.152815,131941412956493.250000,6.792320,0.000000,0.000000,107091718351001681819144137621963084842418443526852903583828311141638995968.000000,38.293696
1.000000,0.000000,0.000000,-nan,536871043.236420,8.143988,0.000000,0.000000,1868373862758931455844779658950361620516865531648295117654876967927808.000000,44.348054
1.000000,0.000000,0.000000,596637486872883456.000000,-nan,7.092837,0.000000,0.000000,44004946303602090000872293134040475854833653376616376012455103127380440105419584128985164784632125887815746584576.000000,46.476084
1.000000,0.000000,0.000000,6471623472316416.000000,3811813871197851648.000000,7.809263,0.000000,0.000000,-0.000000,39.320239
1.000000,0.000000,0.000000,0.000000,68539475041452032.000000,8.344247,0.000000,0.000000,-0.000000,45.509350
1.000000,0.000000,0.000000,309167892294333825024.000000,0.000000,7.354249,0.000000,0.000000,-69463432099837820129447806720036521391815954023425403479753890930847144345112840132450697710256282315509784472956237562023808427671983484150250542765035152931853871564755612342908418873296667056604220153556982336375815984672254208245760.000000,45.392613
1.000000,0.000000,0.000000,68719494045.680008,4305589370879.999512,9.030944,0.000000,0.000000,-0.000000,44.284213
1.000000,0.000000,0.000000,1610612994.684428,131941413087565.250000,9.553800,64010861635599336.000000,0.000000,-3743393921342811749335425385717297390001088589372247378673495986423315974675058892360899930468598405995955209208349961565289631675959664925272439126683471990838448354990753473969040273054410398846930258984522662652663376876216880746870060229372863625571648764086114891938615939395693554318148577026637824.000000,45.798154
1.000000,0.000000,0.000000,-nan,1073742093.264894,7.331752,0.000000,0.000000,-nan,49.754883
1.000000,0.000000,0.000000,222365389973749.781250,-nan,8.004882,0.000000,0.000000,-nan,44.007089
1.000000,0.000000,0.000000,60929720614649856.000000,282171003410300128.000000,9.805740,0.000000,0.000000,-nan,40.162875
1.000000,0.000000,0.000000,0.000000,5931892123500544.000000,8.632571,0.000000,0.000000,-214224603248937882723545913944356081444518095711400226304050330434666697629505869115389996020918801889870263161499946246751894403809280.000000,50.047495
1.000000,0.000000,0.000000,131894318643265126400.000000,0.000000,11.490915,0.000000,0.000000,-nan,41.755217
1.000000,0.000000,0.000000,68719493856.640015,1896948928494960384.000000,7.557612,0.000000,0.000000,-nan,0.000000
1.000000,0.000000,0.000000,15032387668.668535,131941413015200.109375,6.508412,0.000000,0.000000,-303885531303359919365278464808017566935768803213586125740014786498948969535732947033274032015178511686913926306843501172292482621751525285236306634487898912871164486267317838158801974407902907377886048511330678747028258816.000000,0.096290
1.000000,0.000000,0.000000,-nan,33554440.451429,9.181923,4521275958273492992.000000,0.000000,-0.000000,44.933534
1.000000,0.000000,0.000000,11168935891802522.000000,-nan,10.390867,0.000000,0.000000,-0.000000,52.044899
1.000000,0.000000,0.000000,1743095574822912.000000,249896489422577856.000000,9.411238,0.000000,0.000000,8451080967782347795384941739159342852722008689442849043308363425434297496686124847106995859110696366775343657541573547690500831429726582958130238466763718674332097867090518387008121056421917723546554959470144186773920230535508513983718765531409978228736.000000,46.370066
1.000000,0.000000,0.000000,0.000000,402801483709415424.000000,9.612713,0.000000,0.000000,44200159100118019890030600540333284412061582027825498296948605069215888201813522196014763866353377569330506774574827745286068675121466992792141571207972376964585647115843777714400958884002935567288906034233374601069577668786762408620491120072039385727248092889088.000000,52.333767
1.000000,0.000000,0.000000,268953703109170790400.000000,0.000000,8.625691,0.000000,0.000000,3970888217811677164112313173055350159713353806490878616473981056806590068207602087254333786456537173134903682438648578605823367112227229960062631036726014302355075030535562893604289929475262743908505904528039958425934389285674459328597378659095059112250267286338088965043188757238058389078016.000000,46.452180
1.000000,0.000000,0.000000,68719493951.520004,208613912351707463680.000000,6.450876,0.000000,0.000000,-0.000000,43.101317
1.000000,0.000000,0.000000,8388610.096122,131941413105911.140625,7.819471,0.000000,0.000000,50135151808178081757458473460183327935079237969927620241637479681854066962811741865354674370779074380009999646034064832301744117634069780094410984568749897148763427376171514992428447799433734148739504429064876379552803976409844220997339112567003388709126222643200.000000,39.281678
1.000000,0.000000,0.000000,-nan,240518203151.161407,7.405609,0.000000,0.000000,2896189872125684224323642655502504116413587434409098312043290216221936388595785281623512197930189030753820409912540319022388311337139672814712075494294784612459955347610015771388641012926302427844204620072656602180290659190750821443800866198299615890118256389372510208.000000,49.531392
1.000000,0.000000,0.000000,8872093612226642.000000,-nan,9.189186,38430380009361680.000000,0.000000,13041141098035217126515509312889480889135955789975738515466266911986782393667073319434559413714884717241977313919920740909160575613621785818896179373245328610776380144464242102437715860520960.000000,46.376307
1.000000,0.000000,0.000000,883628993544192.000000,266033746866893408.000000,6.300826,0.000000,0.000000,1753030787514552945436531326490634978990166156085207656059757019322462116459829392066594350445320729524584339572207501834355842466345844474698226616746805484121475710469971331826680547491005070199312734231403782125757820923554737756836508729344.000000,52.095492
1.000000,0.000000,0.000000,0.000000,447941658709852160.000000,7.664941,0.000000,0.000000,85097972816362872615327727683409275073394914034697075573881103020953806326247736693148015449467495865942143893957508410559007127565214362456615675565900126370176247364918929854468032651983172149829049002066281379786309763072.000000,46.673911
1.000000,0.000000,0.000000,329090409670937346048.000000,0.000000,7.743214,0.000000,0.000000,79593249792320451185658370662963066366563216037473689402008799362289050356128611211220247870732049029960092417103245132264864856183668736.000000,45.947117
1.000000,0.000000,0.000000,68719494034.880005,0.000000,6.577149,0.000000,0.000000,1756156647981831004991854534557924794125122926534819742611067806902793582995363882852417780565376000453737399100090696165341908805125407236032797068647989248.000000,0.000000
1.000000,0.000000,0.000000,1649267714779.678467,0.000000,6.310777,0.000000,0.000000,18523773348515082131859406105517023008178706164676826400023141516848975332728591259623920290942055492804744898278698866855378944.000000,0.080513
1.000000,0.000000,0.000000,-nan,0.000000,7.426377,0.000000,0.000000,5403759101860492061731639100054822030034806154311209848527671382699768377988492535877124470751769036445295010350389344114388353898866114822144.000000,55.981691
1.000000,0.000000,0.000000,262289772369045120.000000,0.000000,11.442755,0.000000,0.000000,2643280096950818533719731818848401653292742474635585320265662351178608520224942601920755316861975220376682617146645077670628780569050861534216933698165294688477426509522730349494272.000000,48.731732
1.000000,0.000000,0.000000,9606795433984.000000,0.000000,8.028306,251729512693295104.000000,0.000000,19203349335106219357445755745797827134902370496413974888414204425824023570071984786034543769727298485478034675094096529040867328.000000,47.453698
1.000000,0.000000,0.000000,0.000000,0.000000,7.772910,-5317358847094363379501401379238447298862658522529270418189005722529473480710951528888210349399027296672071116650999470504895845029626226121288363120472086674423637762060601249593346224202935851378193524217109071525704392349715505216570636561283942742215443861467951898056348829260546953099688730330923008.000000,0.000000,79803854934270301867933533263573793447070509563904.000000,0.000000
1.000000,0.000000,0.000000,329090409670937346048.000000,0.000000,6.890466,0.000000,0.000000,7249031763919321609545354403439466918599114766743724314826666437688137860775936.000000,0.072833
1.000000,0.000000,0.000000,68719494032.000000,0.000000,6.199992,0.000000,0.000000,2650351561054034168242808095071269488929923789121458740048250181205578048938079120806866059264.000000,51.915777
1.000000,0.000000,0.000000,30064775336.606670,0.000000,6.043542,0.000000,0.000000,85695533407016904981486051896201052170691247341568.000000,49.457887
1.000000,0.000000,0.000000,-nan,0.000000,8.734492,0.000000,0.000000,2393736.549142,0.000000
1.000000,0.000000,0.000000,60168137085194080.000000,0.000000,8.491449,0.000000,0.000000,2047549.239216,0.073345
1.000000,0.000000,0.000000,10948543873286144.000000,0.000000,7.237222,0.000000,0.000000,34434239999827109147734940873170448406673620594388342042510455869278761640802524717907968.000000,53.585561
1.000000,0.000000,0.000000,0.000000,0.000000,7.337640,264414853156247136.000000,0.000000,475192047660723474242154128304264973551591299305300432024637897463618766866667798528.000000,53.106386
1.000000,0.000000,0.000000,26740147617791.996094,0.000000,6.103223,0.000000,711.600037,-nan,52.320391
1.000000,0.000000,0.000000,68719493990.400009,0.000000,7.764622,0.000000,314.400024,-1242826488020111172139847936259089603367308870910960176254436585834716354013231557190264141174933751647877732865975079574972889243244252489020652569464754732363010857643883787645495859513615845703819678711808.000000,48.250125
1.000000,0.000000,0.000000,6442452020.358556,0.000000,7.354920,0.000000,693.768311,-nan,0.000000
1.000000,0.000000,0.000000,-nan,0.000000,6.732192,0.000000,0.694444,-nan,0.076705
1.000000,0.000000,0.000000,273030837145436.187500,0.000000,6.611166,0.000000,0.000000,-nan,57.234957
1.000000,0.000000,0.000000,166864531505545216.000000,0.000000,5.020519,0.000000,0.000000,-nan,0.000000
1.000000,0.000000,0.000000,0.000000,0.000000,5.251083,0.000000,0.000000,-nan,0.082817
1.000000,0.000000,0.000000,23364648959.999996,0.000000,4.884005,240169934568265728.000000,0.694444,-nan,46.568469
1.000000,0.000000,0.000000,68719493865.280014,0.000000,6.813312,0.000000,0.000000,-1599904352100915810901728633218664655241734390339540375242701202814650755075390707524000263700480.000000,0.000000
1.000000,0.000000,0.000000,240518203152.266357,0.000000,10.559382,0.000000,0.000000,-nan,0.069921
1.000000,0.000000,0.000000,-nan,0.000000,10.798681,0.000000,0.000000,-nan,63.917004
1.000000,0.000000,0.000000,521697174603390016.000000,0.000000,9.098625,0.000000,0.694444,-nan,56.480771
1.000000,0.000000,0.000000,3150210890465280.000000,0.000000,8.429528,0.000000,-3.119704,-nan,43.408649
1.000000,0.000000,0.000000,0.000000,0.000000,9.982638,0.000000,-9.280987,-203491651394038498955735369846017159329759826398496751404386533915530353003293344343610251912400351910934959876094388260096397353270244326929010694687070113265381614721435987373915639656575906779080291888690583202058151392147135409422336.000000,0.000000
1.000000,0.000000,0.000000,5257328042350476288.000000,0.000000,10.499765,0.000000,-4.502014,2077289215424359155916129611365593387940744051564174726196897870597499250844171103640182982391321816965238099875395195740548358224008585451198466410389358763989975066420628558552995506598141249549786859445400131757050123021939387250670364000256.000000,0.067105
1.000000,0.000000,0.000000,68719494040.639999,0.000000,6.474332,0.000000,0.000000,7392812775071437705483277661789844166904251418872095023486862519898093686035694088269488306883941999509937445759386484937915299623055707340800.000000,52.155012
1.000000,0.000000,0.000000,262144.065577,0.000000,7.606028,0.000000,3298535433516.445801,745431460838941313698388931812783523656322403841513063146755726202821627158541026256333940722697160146026496.000000,54.253891
1.000000,0.000000,0.000000,-nan,0.000000,7.387721,0.000000,-2.708884,12473230825956613907490805155574494823208659370336349399486170441309611686770952046370926942221073172217007387221961578163705021467035577872704590609094153320945531898990706312234567014023168.000000,54.744490
1.000000,0.000000,0.000000,22157723659529096.000000,0.000000,6.069398,0.000000,0.479197,1298492014190028284497949155410613172698659561110621797766025531864973709804108833587366122972427072003447431430988758322926950403113493173487193674276324126400711405636610382961651064364066380605932566714834647366238208.000000,0.000000
1.000000,0.000000,0.000000,4803293.034180,0.000000,5.410797,0.000000,0.960801,9371098572092501362327212338136001378149097169918684503253130177107673423196454207272311972137050363811173379577887044263476509573325342341473469864407590496416409574218353125935875953729837367300517007709973313293818000989897623743604264379267254583296.000000,0.072161
1.000000,0.000000,0.000000,0.000000,0.000000,4.942214,0.000000,0.000000,2896695683984224308462374113314147850598839966707832972975793775652007500823118086584236698124409984365558845263485328763767460913303264181413008971966705829001211731958621537713006282804186465275563934769733332010705161320606229312633843492616866399423711850931421184.000000,52.431464
1.000000,0.000000,0.000000,22320596217248083968.000000,0.000000,7.593804,0.000000,0.000000,924686833130596492235652027905309428986819397117090463693575606986659496558700371226194829409955833256626523775811135585361879547066280028800000440651702556149685423464964767285236482392970823990230406516647307935942783441143232312595262836981243391811673850682732773372277068660736.000000,54.902252
1.000000,0.000000,0.000000,68719493957.280014,0.000000,8.642010,0.000000,0.000000,62988906259473437433035243577654312832091138728156107365661997572141355061183451718920419295374345612716729685247884967828696205783463283414811799838060510869754236655269577308740405475818878734802494105594541145636676884576791158764650842903321468697554679168021481683491615764627062784.000000,52.357063
1.000000,0.000000,0.000000,1048576.256673,0.000000,7.467882,57588786007577752.000000,0.000000,997722183608212708141933118407045290604369747692790101412846350622856322428196743958919745427633603931099401143317009736134700066643540076610390536239085988957728391606454854815992310346913793260026766410373773568193788388636995387120927590507289308735405368248312484474802524913664.000000,0.000000
1.000000,0.000000,0.000000,-nan,0.000000,7.754798,0.000000,0.000000,62979576525664624677635303389549260388550026111141843907196591987346343760269022615572632780822288901309966610488947215551052015586809242491849216817090754915086303578334314563265319691564122965501599370300498874821070544563224196083909377120586918998043371418117758725728383295943606272.000000,0.074561
1.000000,0.000000,0.000000,4458565317941002.500000,0.000000,7.910832,0.000000,0.000000,3158188638833873111844407956210797669778862938841956745034466153202826492948446771673806891655287333344457570010248562505626903048818643264671037143569794927828713644511914519767256952901356301782190178401448014936080082884416877977146423810006649422038087757490814976.000000,63.147553
1.000000,0.000000,0.000000,7310292003.000000,0.000000,7.792654,0.000000,0.000000,206908754352423589588198205678714520586005474521353194892324185005746671604391971862898129171679425306460510860300695621064742727058740183788793842536339893067159195581330016384911711421639143162146021375923182407750019917458986502425161284670499109489387329046251095195648.000000,55.321714
1.000000,0.000000,0.000000,0.000000,0.000000,7.654669,0.000000,0.000000,704940191361597394633844260995239914648869733963824057380649503388894040375804874754104488475602912397147615896228648682221577247622756249505000796882291040406246482845266124558381578025251710156757910469293752883686032305419743610853645819824607871788646400.000000,54.861036
1.000000,0.000000,0.000000,34772134393253195776.000000,0.000000,6.253657,0.000000,0.000000,189837979356812637040089280550067924341579163408212408984887242305266867270543096842249353377891671980362579126763992085175193568834475298608443887425309340237213052995269283358743917343810722533438378808218459234383230192025229036974728731375060887343312507304897205501952.000000,0.000000
1.000000,0.000000,0.000000,68719493932.800003,0.000000,7.059269,0.000000,0.000000,644645903255880969954193323829240862249323811345884870575296861098746135345989413015054136661702954985060832527091903649058826697965642593898202644627883543822104154008615100517601514572821964823788912020494294575622780936801547752144498951828267388930883584.000000,0.069121
1.000000,0.000000,0.000000,2147484175.403958,0.000000,7.354761,0.000000,0.000000,115078668698225258124583093189122106626389340577077313797532666020071442270761007159196114865502821290752747728032329629965221978798042228732942043393640480119291905546796740815954292863405316483339768944384774873114360629707367433942872040413331456.000000,50.202026
1.000000,0.000000,0.000000,-nan,0.000000,7.053988,4277628579596476928.000000,0.000000,9829314043190356985059612456985644622964146429478344785712439194620957754981618992238956426610311917654688623779290491134094789835657745236152171625844934419280244656961364058348571563520735142792082247346003886461916207055127666818399407187806409195520.000000,0.000000
1.000000,0.000000,0.000000,416583176387297.312500,0.000000,7.948401,0.000000,0.000000,121961339846844556193707722240198971822585796321121198026399654499000781281030242814256511039870789887921012352173707597373428942003135993519678543921008426216493813117544891516995682100211889904468921784101705808451407547031357669842610324225654784.000000,0.076481
1.000000,0.000000,0.000000,612675.129272,0.000000,8.186933,0.000000,0.000000,1967668948702800130911202676968508122044055297933308324284290602075537055481077779151232212476665899976360269749116053167606022027983081355673346073231913836626881608730582691557534979127368383565646227685884298160010842979368202233501865476096.000000,65.317952
1.000000,0.000000,0.000000,0.000000,0.000000,6.938530,0.000000,0.000000,5958983409159515922350492811931232527418329299676123734620530284892197601553099655820580612167561619628177300401674454317523180421796504510742829818596961511653636104662336958228784227560789919239195094455915738167882719518785536.000000,0.000000
1.000000,0.000000,0.000000,30621627531980173312.000000,0.000000,7.607404,0.000000,0.000000,433292198270593271656434211354594469943880604930820187891934450947968710498737932017787376633849072981368527241514599645751985231135140985755506313834302530832584874103662113477985423932662974830715686310319209854551838509776702013440.000000,0.072225
1.000000,0.000000,0.000000,68719493845.120010,0.000000,7.427049,0.000000,0.000000,433098133520600163852303572414267834411754693989440205877381573002323554866708487826330397512907582702093185401857083395199901940266101605191259581419102618886134937697682775699395125437981177042710435059769474014089968750476025397248.000000,59.637007
1.000000,0.000000,0.000000,85899362885.634079,0.000000,7.544908,0.000000,0.000000,5958248860492789371450016217266333032630968585434660121825233661421852605145307451923858125218033441305685538821409682131793988956164556521994864664873859988221708860749037332938042705543598449816442756662848822294665770949410816.000000,0.000000
1.000000,0.000000,0.000000,-nan,0.000000,8.016242,0.000000,0.000000,5957502789893065491588536827907719749558300509290926686818647841466287836007696394816849242172248322933929147724797664425485994127800286575159865077539624318543452478150471902862950958580722178923899463460255017232221285994463232.000000,0.088161
1.000000,0.000000,0.000000,92886805783715.843750,0.000000,7.842511,4318842673469158912.000000,0.000000,88001147761750032784201016890564671595865069215501080564710481118322030123955274933838275877213423936364200505896205947800536200225971484387201249516416226862813038112011495184049390172386182409871706327118149914449942675456.000000,58.843076
1.000000,0.000000,0.000000,17800613736448.000000,0.000000,6.908546,0.000000,0.000000,0.000000,0.000000
1.000000,0.000000,0.000000,0.000000,0.000000,7.778414,0.000000,0.000000,1411651548107851898141552620873349003023752821994694476616847024457204989823824197885580733098771853755528602568977392953439410697966120378188717533536714752.000000,0.076705
1.000000,0.000000,0.000000,52204319505595228160.000000,0.000000,7.869040,0.000000,0.000000,2644811628841510579473839360820373059000030880710547053683566453168053988113266019967733891436811163471698499395797384229621127199881488768219104167353766445100917122068155170029568.000000,53.746619
1.000000,0.000000,0.000000,68719493842.240005,0.000000,7.157957,0.000000,0.000000,28452849905050899173265892415176199371295105284653695288958900279157695341603505822609782630529317503831911133164884821238032542584671912582449150820352.000000,54.708425
1.000000,0.000000,0.000000,6442452011.442148,0.000000,7.030468,0.000000,0.000000,0.000000,53.163859
1.000000,0.000000,0.000000,-nan,0.000000,7.487466,0.000000,0.000000,0.000000,0.000000
1.000000,0.000000,0.000000,1125900192476692.500000,0.000000,7.526763,0.000000,0.000000,0.000000,0.109730
1.000000,0.000000,0.000000,389135103202164736.000000,0.000000,8.260278,3750296205769917952.000000,248002406787317792.000000,0.000000,54.377380
1.000000,0.000000,0.000000,0.000000,0.000000,7.845072,0.000000,0.000000,0.000000,0.000000
1.000000,0.000000,0.000000,100350403165720395776.000000,0.000000,10.687799,0.000000,0.000000,0.000000,0.077537
1.000000,0.000000,0.000000,68719493905.440002,0.000000,9.709898,0.000000,0.000000,0.000000,58.652993
1.000000,0.000000,0.000000,34359747008.072357,0.000000,8.893598,0.000000,0.000000,0.000000,52.705228
1.000000,0.000000,0.000000,-nan,0.000000,9.251940,0.000000,0.000000,0.000000,50.995061
1.000000,0.000000,0.000000,3896876488791687168.000000,0.000000,8.757788,0.000000,0.000000,0.000000,50.838770
1.000000,0.000000,0.000000,100685733496356864.000000,0.000000,8.475608,0.000000,0.000000,0.000000,49.412446
1.000000,0.000000,0.000000,0.000000,0.000000,7.346024,281111486979565472.000000,0.000000,0.000000,0.000000
1.000000,0.000000,0.000000,62628240031743.992188,0.000000,7.565260,0.000000,0.000000,0.000000,0.067617
1.000000,0.000000,0.000000,68719493929.920013,0.000000,7.648941,0.000000,0.000000,0.000000,57.538321
1.000000,0.000000,0.000000,131072.032721,0.000000,6.187640,0.000000,0.000000,0.000000,0.000000
1.000000,0.000000,0.000000,-nan,0.000000,6.694879,0.000000,0.000000,0.000000,0.075393
1.000000,0.000000,0.000000,152041603784570336.000000,0.000000,7.543051,0.000000,0.000000,0.000000,55.646486
1.000000,0.000000,0.000000,610663402645225472.000000,0.000000,8.848862,0.000000,0.000000,0.000000,59.288042
1.000000,0.000000,0.000000,0.000000,0.000000,7.319848,0.000000,728.400024,0.000000,59.761872
1.000000,0.000000,0.000000,58845158631129735168.000000,0.000000,8.296406,4827886352968173568.000000,262.800018,0.000000,50.714928
1.000000,0.000000,0.000000,68719493908.320007,0.000000,7.136486,-1516841085831809733384326998332244853311347248472694632082330297666250207469802754458271422282074838905576592476122903607681363889729391980187450929335910602224703449681657154307745124673950412528268572207536275899283658838005538625050597828794962609232967890679176961289013497271545923119349760.000000,710.508301,0.000000,46.882074
1.000000,0.000000,0.000000,805306503.105534,0.000000,8.073522,0.000000,0.694444,0.000000,0.000000
1.000000,0.000000,0.000000,-nan,0.000000,9.842508,0.000000,0.000000,0.000000,0.069249
1.000000,0.000000,0.000000,1429893682407669.750000,0.000000,5.678480,0.000000,0.000000,0.000000,58.357277
1.000000,0.000000,0.000000,247517420254658560.000000,0.000000,6.957954,0.000000,0.000000,0.000000,0.000000
1.000000,0.000000,0.000000,0.000000,0.000000,9.796716,0.000000,0.694444,0.000000,0.073281
1.000000,0.000000,0.000000,48053830236508250112.000000,0.000000,8.696988,0.000000,0.000000,0.000000,61.132228
1.000000,0.000000,0.000000,68719493899.680008,0.000000,8.714012,3149103038696219648.000000,0.000000,0.000000,56.667237
1.000000,0.000000,0.000000,1610613006.118109,0.000000,7.826159,0.000000,0.000000,0.000000,51.385049
1.000000,0.000000,0.000000,-nan,0.000000,8.219701,0.000000,0.694444,0.000000,49.627105
1.000000,0.000000,0.000000,130885924966727.687500,0.000000,6.422811,0.000000,7.217567,0.000000,46.764216
1.000000,0.000000,0.000000,58718452736000.000000,0.000000,6.846785,0.000000,-2.165497,0.000000,0.000000
1.000000,0.000000,0.000000,0.000000,0.000000,7.721518,0.000000,6.836030,0.000000,0.071233
1.000000,0.000000,0.000000,175982096089176047616.000000,0.000000,8.048530,0.000000,0.000000,0.000000,52.835630
1.000000,0.000000,0.000000,68719493938.560013,0.000000,7.381705,0.000000,68719494081.680008,0.000000,0.000000
1.000000,0.000000,0.000000,262144.065255,0.000000,6.939842,213500317962625408.000000,-2.548198,0.000000,0.075426
1.000000,0.000000,0.000000,-nan,0.000000,13.018329,0.000000,0.395507,0.000000,58.112698
1.000000,0.000000,0.000000,4818855664943104.000000,0.000000,8.328855,0.000000,1.371378,0.000000,0.000000
1.000000,0.000000,0.000000,74624067485696.000000,0.000000,8.588762,0.000000,0.000000,0.000000,0.077729
1.000000,0.000000,0.000000,0.000000,0.000000,6.958146,0.000000,0.000000,0.000000,60.938530
1.000000,0.000000,0.000000,179302515651943301120.000000,0.000000,7.376233,0.000000,0.000000,0.000000,53.060882
1.000000,0.000000,0.000000,68719493931.360001,0.000000,8.865630,0.000000,0.000000,0.000000,53.093010
1.000000,0.000000,0.000000,262144.065304,0.000000,9.709930,0.000000,0.000000,0.000000,47.902761
1.000000,0.000000,0.000000,-nan,0.000000,7.476810,3970891223664390144.000000,0.000000,0.000000,44.815933
1.000000,0.000000,0.000000,171699809102315.531250,0.000000,7.207111,0.000000,0.000000,0.000000,46.634711
1.000000,0.000000,0.000000,65451954823168.000000,0.000000,9.972493,0.000000,0.000000,5808455643319618408976416235240107950265861520184311808.000000,46.935130
1.000000,0.000000,0.000000,0.000000,0.000000,6.905058,0.000000,0.000000,2393224.556924,50.690992
1.000000,0.000000,0.000000,209186291716848582656.000000,0.000000,9.275236,0.000000,0.000000,9144073361063038.000000,45.749129
1.000000,0.000000,0.000000,68719493906.880005,0.000000,9.616457,0.000000,0.000000,122362495034986747170597449065806588150377389920938871983366636897728200704.000000,48.650420
1.000000,0.000000,0.000000,131072.032955,0.000000,7.038788,0.000000,0.000000,495190574774854993941756165842005547877560863178666910101909604158062308386465120256.000000,50.323723
1.000000,0.000000,0.000000,-nan,0.000000,6.924259,0.000000,0.000000,-nan,51.633982
1.000000,0.000000,0.000000,6502482151168562176.000000,0.000000,6.910146,122074799571437.140625,0.000000,-406216757872935080313469213210973452265365337693437074073932570015878706812738265423042670092798390730259514315542665174181992927120870807707980326757654152656957763335351438618648976921814855541847995194581985957806866432.000000,50.313387
1.000000,0.000000,0.000000,69008794616594432.000000,0.000000,10.437716,0.000000,0.000000,-nan,46.125136
1.000000,0.000000,0.000000,0.000000,0.000000,7.851887,0.000000,0.000000,-nan,48.299470
1.000000,0.000000,0.000000,262312863983636283392.000000,0.000000,6.592030,0.000000,0.000000,-nan,57.190796
1.000000,0.000000,0.000000,68719494070.880005,0.000000,8.569242,0.000000,0.000000,-nan,58.860036
1.000000,0.000000,0.000000,1073742093.220826,0.000000,11.467811,0.000000,0.000000,-nan,49.601248
1.000000,0.000000,0.000000,-nan,0.000000,10.540981,0.000000,0.000000,-nan,56.266016
1.000000,0.000000,0.000000,5049798593206823936.000000,0.000000,8.129652,0.000000,0.000000,-104834243722998251302596527532969050429005483369113264809746089694798374126814560283892697585179164672.000000,52.252454
1.000000,0.000000,0.000000,764062317150208000.000000,0.000000,9.271428,804384160882677760.000000,0.000000,-nan,48.872886
1.000000,0.000000,0.000000,0.000000,0.000000,11.080669,0.000000,0.000000,-nan,50.705329
1.000000,0.000000,0.000000,322449570545402839040.000000,0.000000,9.950189,0.000000,0.000000,-nan,50.589710
1.000000,0.000000,0.000000,68719494036.320007,0.000000,7.401545,0.000000,0.000000,-nan,0.000000
1.000000,0.000000,0.000000,17179873440.429325,0.000000,7.125957,0.000000,0.000000,-246006311446272389823507778290564222200390803567158194784931319030550086060834987620524211286059333735859123330758053716064464617050839040840867975715857043115875381452378826848401192079763885406132437940343587963984390457224703816758758906353481687714691547136.000000,0.067393
1.000000,0.000000,0.000000,-nan,0.000000,7.397033,0.000000,0.000000,143156779851026527105576152535962950405019290911694227798174240119054257429627645195123986552837120991907840208876597426414235376582199876526926779304483169022833076865298133238507845675028752873107626193788483154106029936557229429704719245582008320.000000,54.100096
1.000000,0.000000,0.000000,222365390015037.437500,0.000000,7.844336,0.000000,1285508313265471488.000000,35031748258327685300542506745144122547855768312590795514067470586732495314745916714118768852280953508714675239802593983446143121445532777298422256369664.000000,0.000000
1.000000,0.000000,0.000000,34048546659368960.000000,0.000000,7.805391,0.000000,0.000000,745575368838759661986294502620164282090993133846484012728054951213384303613025745385597380002490955729993728.000000,0.076098
1.000000,0.000000,0.000000,0.000000,0.000000,6.111766,1128469611746711296.000000,0.000000,12473222327749239329165866609921490860914006648646698278079944151440983106461770012607662997394876461600227090637548327813512073233362596646819569191271866070812031105188952822320777421389824.000000,60.744222
1.000000,0.000000,0.000000,15832977506303.998047,0.000000,7.621452,0.000000,0.000000,87989718637427283687757986562977095328457112149333800004819191912107833297586212150868332720894038061174201635696270003622560056317837058926653849439917740522067398136347735035459599959290878235747604156976046623865366904832.000000,54.607367
1.000000,0.000000,0.000000,68719493937.120010,0.000000,7.110181,0.000000,0.000000,142909359352665878702534939693381965330106922740859775129942310143526446273221698278574772421539576072093392360757708891069206169253730434395912536497721949319250716789701236509155700042665331379381438037070807436684334664102805629305595655922647040.000000,50.560430
1.000000,0.000000,0.000000,131072.032755,0.000000,7.414185,0.000000,0.000000,13551299608550469782676908582626195779786019877450741403885824945140170504554917771071772607523395691240680183604853594436078098789600950350819603840889958080739244900695509128476331449905133457877042290942204950241952654045790249599362788770163466438649226966369219162388037632.000000,52.341319
1.000000,0.000000,0.000000,-nan,0.000000,7.422089,0.000000,0.000000,13008212996283476229183652316462475356580455027495261942129035217206933357429965664275985338018456571080389663845597998066752758016974136899353456632230708735431481771547911786111500669476314474189074409571362645570019458159530766905022762996538111050123366335715774494440161280.000000,0.000000
1.000000,0.000000,0.000000,2837268839949926.500000,0.000000,6.714784,0.000000,0.000000,65377390865700048276839297514703183953612574231870956347951599902236122718021608266837085547944486719053752860985669593591756942643397664845882490826697540611998350697769352320569398353022415519248877318953059237676459202357953435475709366507061574120525634913142731780911270220888276992.000000,0.067457
1.000000,0.000000,0.000000,690365665771520.000000,0.000000,7.558859,0.000000,0.000000,65386721167316940721890368292718938859559231020737158999029564391138573927176698305340401534766917637966338427323493741123079826008726880634046842632255351677967247237507010870427250030090581888012468315375161738022703638905888175563464136672458008321368074642986794565065925242585612288.000000,60.013972
1.000000,0.000000,0.000000,0.000000,0.000000,7.311496,0.000000,0.000000,65377427594708800452485233931782625417004885680178088849041276229742811197893969299881558600630895736129264326373544733393361041023206861374397389784161696202966292995150608505998174190370702361068734454896713195767966234495475408105259722959810299927160904209503646994334370958673969152.000000,55.292113
1.000000,0.000000,0.000000,42243096001665556480.000000,0.000000,6.861538,13272990037692993536.000000,0.000000,13555661274496835358023669801168921351818801974962102352673761684245574918414517417787661409805661261511417785560980780929347214021795145391880010096846195985501051132357713082304049237730358946861799444241518976177154645112355091922465659352755660439698118263931092785698963456.000000,52.451913
1.000000,0.000000,0.000000,68719493908.320007,0.000000,7.686733,0.000000,0.000000,206876251856855702713460640617779365718477382162345214694153514746076560058312705161327809055714731312080441424903001047403114790200660319514823320288630161603876622569571811504461364592267406741289947761925517913382508263110073787334850647974766098952121353658356058816512.000000,49.435326
1.000000,0.000000,0.000000,134217761.808754,0.000000,7.607436,0.000000,0.000000,674675972360976641404528878121238623403378666846317373122497829832237301846913869188348085373174643549904782295415928743895458560174922643199183986193518955447268593821295743544757405556790695778186815026990325913311995077182511810434733376166252759266361344.000000,0.000000
1.000000,0.000000,0.000000,-nan,0.000000,8.455544,0.000000,0.000000,48143947780951114939107321281726921059544322406023856629709347183133201781745252421714457563094960346815796321144765708616202677403872691533558831952481531083154810920568123629782550276081881437311152255736510997349066694702304146939385731938866193148122362806272.000000,0.069921
1.000000,0.000000,0.000000,1328562518892871.750000,0.000000,7.310728,0.000000,0.000000,644409456878247605399569137682995494773890170358976557481746980525740860229202969712801989524424875861528452118231607646393577922233275676409493610839697305087471873041374578880498965896504720326247375668468051869545151350207117548589928977055014570470408192.000000,54.822026
1.000000,0.000000,0.000000,736422244095361024.000000,0.000000,7.863856,0.000000,718.800049,644175305206720030769151082053863045469264328679467683222849218014164915845007546764902935702287151289592508982860990568992727904443067924749308354997339768787555533694559661977588979423918519257271203564394683155602955622809599496956581611106749010168250368.000000,55.489652
1.000000,0.000000,0.000000,0.000000,0.000000,6.967298,0.000000,446.400024,9369308668231942009215594144236736771834816329992386348389960929427089514668245177141860790699581580235152881603975152340955876914403868968041551271307045678325282896471167506132644354703774433559739331702842944220355153808182562487999166961969790976000.000000,0.000000
1.000000,0.000000,0.000000,47223725345816436736.000000,0.000000,8.183252,0.000000,702.146118,9371112638511084680273386674835395671121934202716422608374027800559713616450578461378630903406389993010573264691563873721189385144180423520051465348594723224207576218746760187707432493363803715354291359551558037379963191252310564896963569851182014791680.000000,0.078945
1.000000,0.000000,0.000000,68719493899.680008,0.000000,7.287560,881950307651630080.000000,0.694444,114969099043429114988093105269085914484967521078873106369210386057178377998051482621305203465379412875695084167219146010614003274252183755261754305558761530527924176380185852174938628268725164450675561884093766779932691701522594712805255393459568640.000000,52.783821
1.000000,0.000000,0.000000,30064775393.732864,0.000000,8.386103,0.000000,0.000000,6231000922094521431122022888094989317427994732526268120895905729382708772372293627695647188582046468350395265342625439323144442672730321781384939106574542643955520991747364736744137820294907000967976026692381831637144407677861888.000000,49.809699
1.000000,0.000000,0.000000,-nan,0.000000,6.881889,0.000000,0.000000,6990541187042966270756446728052529244392512033975168625051826844501569566065467652895814369490655041474489309053747430685118272761292276336694742528621946963776735899062847326228375968147683092907971283939646752105428681391865856.000000,53.532920
1.000000,0.000000,0.000000,1227231355451474.000000,0.000000,6.777984,0.000000,0.000000,90904234284331589963438874979288751751615558425076255195029628657480747549821330422914372786556582178568555819019601757219068190295767772211796641346312949918892519324543477199543978759894297590817751162489526169404681748480.000000,0.000000
1.000000,0.000000,0.000000,725854288084992000.000000,0.000000,6.337242,0.000000,0.694444,5958986323497447996372712899856512677188347492513924401289063232986485938446361521058996024847934612693278999972252972573249935148770316809764349747238637591904146749463795542580742623183411424035695459812688866481034400351911936.000000,0.076225
1.000000,0.000000,0.000000,0.000000,0.000000,9.385830,0.000000,0.000000,95077440121966926107195921279512692878638131632610981376096440394209449247394307544729872366166189249863166711566875866444383091724275253309527449484108140027910417004062811703612187998758695078983235132737014637648708370432.000000,57.396559
1.000000,0.000000,0.000000,368935162949167677440.000000,0.000000,7.805743,0.000000,0.000000,5956765383324041710433522180025204524624469884736129907579226851364668798445027294767444343786623537912252994640166716306068813535177624629698942949913599234808242092321333952831499689069096939513080734124556384492259173577261056.000000,0.000000
1.000000,0.000000,0.000000,68719494030.560013,0.000000,8.321750,0.000000,0.000000,0.000000,0.074466
1.000000,0.000000,0.000000,30064775364.851620,0.000000,7.290727,970629218965472128.000000,0.694444,6062997246200799400589616468357603368284606882539534727958752267614061431879982250930283602043561660254108095046989766429108999584065586644171917813025442683116584960.000000,64.528116
1.000000,0.000000,0.000000,-nan,0.000000,7.540299,0.000000,0.005908,13032362149093335593333322857736746398883512495787126155411725480391699417379361374610200820074741755073165656151650237516825751853383357574876703184198880944904015461564451532541873220485120.000000,0.000000
1.000000,0.000000,0.000000,249319383454250464.000000,0.000000,7.749870,0.000000,-1.638632,615556398064775925055754086259863927107695739291856514570602743446408391869609548035569990263391922548889099858869307896541599106012863893696010282671765829889033601286144.000000,0.081026
1.000000,0.000000,0.000000,45863212965888.000000,0.000000,10.163921,0.000000,-0.246866,494551413535391545268104731676969913648062453991062898371432412159364489994127533397795055211524452596692980095104337836593538321144728857382119771684182532860816738222080.000000,70.263174
1.000000,0.000000,0.000000,0.000000,0.000000,6.342683,0.000000,0.000000,341703497520164324624898708648430184173197541798301331520385650645631786838326886960911248093237800557514069452577281889874671786677004021006336000.000000,59.711088
1.000000,0.000000,0.000000,80220459630591.984375,0.000000,6.860833,0.000000,967570882559.999878,5402273489068541608883210137213131476128289577352588561560664690781900714903778802366946426002605794808013339589461882431277928714678394945536.000000,56.562340
1.000000,0.000000,0.000000,68719493987.520004,0.000000,10.259410,0.000000,-2.630089,82454865162444362924109836588059108734769908006989236385063953078177637323879169598279040610479114818015638714489246910696808853878603776.000000,0.000000
1.000000,0.000000,0.000000,402653251.372257,0.000000,9.785291,0.000000,0.620000,3317926.690319,0.068129
1.000000,0.000000,0.000000,-nan,0.000000,5.992501,754842915203410176.000000,0.139812,1585712.196094,48.912278
1.000000,0.000000,0.000000,40712553711114656.000000,0.000000,12.059051,0.000000,0.000000,58528923214689209432813981534116260652888479761680116520899631824831571079635037556513122363451347071002031947776.000000,0.000000
1.000000,0.000000,0.000000,13313370046332928.000000,0.000000,6.768000,0.000000,0.000000,13071748025968591465372906668260858667859834028229066347385013489862802505956524624234012530954381295616.000000,0.073249
1.000000,0.000000,0.000000,0.000000,0.000000,8.013490,0.000000,0.000000,34457704631732690629804838791839813373946303059424280584426382674241190639276678868631552.000000,58.071897
1.000000,0.000000,0.000000,23573548761087.996094,0.000000,11.844041,0.000000,0.000000,110653074230812052850780695002137740807765336897156449375231749345675051008.000000,0.000000
1.000000,0.000000,0.000000,68719493918.400009,0.000000,6.662207,0.000000,0.000000,494951570820936794067423975584813052427663609753909997663296550579351152900582670336.000000,0.074529
1.000000,0.000000,0.000000,1048576.261730,0.000000,8.676923,0.000000,0.000000,8950955513641521688395522042790705217283801382713925614358138607690764148277248.000000,55.268977
1.000000,0.000000,0.000000,-nan,0.000000,7.233990,0.000000,0.000000,61966430396415556416672729315263076069758594206780941223631683420230388321126626380589701024653206589772247641406428998468340788538376192.000000,0.000000
1.000000,0.000000,0.000000,27021619408760996.000000,0.000000,7.656013,758777517552494464.000000,0.000000,-0.000000,0.069057
1.000000,0.000000,0.000000,626802297274368.000000,0.000000,9.276644,0.000000,0.000000,-0.000000,59.595950
1.000000,0.000000,0.000000,0.000000,0.000000,10.827930,0.000000,0.000000,-nan,0.000000
1.000000,0.000000,0.000000,3606400991231.999512,0.000000,8.088659,0.000000,0.000000,-0.000000,0.076609
1.000000,0.000000,0.000000,68719493954.400009,0.000000,8.239445,0.000000,0.000000,-nan,59.583150
1.000000,0.000000,0.000000,2097152.524537,0.000000,10.891995,0.000000,0.000000,-nan,51.018773
1.000000,0.000000,0.000000,-nan,0.000000,8.485112,0.000000,0.000000,-nan,51.173079
1.000000,0.000000,0.000000,222365390068121.625000,0.000000,7.611660,0.000000,0.000000,-nan,0.000000
1.000000,0.000000,0.000000,14802486747463680.000000,0.000000,8.314166,848864903261461248.000000,0.000000,-67995245668577401915163222660497131463407028480241675723152440306811935495325844171284417495699214872546275762485243954127346435452745812417861474970770139853852574978854192205156450715648639399782420766823504344693337209677593732503022769949266272437279821294365538364289948459185615146814514659328.000000,0.075553
1.000000,0.000000,0.000000,0.000000,0.000000,9.741963,0.000000,0.000000,-nan,58.369949
1.000000,0.000000,0.000000,6772995653631.999023,0.000000,6.867457,0.000000,0.000000,-nan,0.000000
1.000000,0.000000,0.000000,68719494086.000015,0.000000,6.875362,0.000000,0.000000,-nan,0.109313
1.000000,0.000000,0.000000,134217761.684030,0.000000,7.820911,0.000000,0.000000,-108484354563422010656399812995646094319907152929990406487950229196830381441024.000000,52.010755
0.000000,0.000000,0.000000,-nan,0.000000,8.040274,0.000000,0.000000,-0.000000,0.000000
1.000000,0.000000,0.000000,1804323057238036992.000000,0.000000,7.723182,0.000000,0.000000,42239826338622427391801164851268716727459504579258907984184117754555748425947235150345808223772992892830194605534824617684710956463843890622143113966281124570840616581625323066777420516870948875511533201026334438915853621115169860904733092332861559373814017556480.000000,0.073505
1.000000,0.000000,0.000000,6549293660897280.000000,0.000000,7.193062,0.000000,0.000000,-0.000000,60.623229
1.000000,0.000000,0.000000,0.000000,0.000000,9.352165,1077998178709912576.000000,0.000000,-0.000000,0.000000
0.000000,0.000000,0.000000,43628680445951.992188,0.000000,8.879038,0.000000,0.000000,-0.000000,0.095841
0.000000,0.000000,0.000000,68719494095.360016,0.000000,9.185122,0.000000,0.000000,-0.000000,54.738665
0.000000,0.000000,0.000000,1610613005.727764,0.000000,6.634014,0.000000,0.000000,-0.000000,59.304459
0.000000,0.000000,0.000000,-nan,0.000000,6.753696,0.000000,-nan,2183552472463599144955059803667836302341310635939625325214690706155753163943059447262268424200258485814892693679170785060263102265391782999531290162074475090340902920001947162746030886552103809970724027833010614724596550803511352118386354028544.000000,55.628150
661200012208.000000,0.000000,0.000000,236348993772653120.000000,0.000000,11.721766,0.000000,0.000000,4284577408798362079935561013827919721467700856711629818120174969992685630087256092113834143453223809479583242046867878776631043549337926443871398215092228691322797732607935532934307356321924729683098256500012383875328049671643329630511389895659116954150210017210550714386088894972042923737088.000000,0.000000
409200012208.000000,0.000000,0.000000,6324709820989440.000000,0.000000,8.229141,0.000000,0.000000,2290242318529944062263655844645673173072986431173718439118201344762409252372879275564418218829168293075215215674987646710025102264891979216574315829260169830005370912835914645261063613248667299574811714216461034340171797585508331132872736899072.000000,0.069921
645899414063.000000,0.000000,0.000000,0.000000,0.000000,8.658267,0.000000,0.000000,555410721914960662605925364346707458179170512404877889165480890866757260408763101984004022233030303420337820851783711069701317682042735376581593350223421960918144231931904.000000,55.080558
694444418.000000,0.000000,0.000000,43628680445951.992188,0.000000,5.070440,6525277218669827072.000000,0.000000,190326399624731082490958739557629166200423140425900073063488475984194427483334915522191003331212151065751076504600788267590253578856190495383360976365985882846657488464966679305243328512.000000,0.000000
0.000000,0.000000,0.000000,68719494001.920013,0.000000,5.761810,0.000000,0.000000,379262419583727517023866044422218663078978513336762472411624923726464896397568722427222234062223973574637193928890600735248337650125154122326867968.000000,0.075169
0.000000,0.000000,0.000000,2147484186.034873,0.000000,5.253611,0.000000,0.000000,8008758151691835071457035973619298681650765089611232087003882101737878455621490485611875222731224009356597055025911789146179002142912183078896553801826880286833508352.000000,57.904886
0.000000,0.000000,0.000000,-nan,0.000000,5.114280,0.000000,0.000000,2773973484962014235570921381794795432681389796273101982654862268184870170862716326196157474695871460810799724158903886376723925258711426073328986902911951410370052597570528549535744.000000,58.822468
694444418.000000,0.000000,0.000000,771241514306764.875000,0.000000,5.358988,0.000000,0.000000,379311195407515718643396949631997470684219994272541858277460415184705435950146452773683348108026832695998816058094804376022556663603440690537693184.000000,52.055651
0.000000,0.000000,0.000000,891485269448982528.000000,0.000000,5.560047,0.000000,0.000000,1262660136342881104806988123907587603873923072.000000,54.287459
0.000000,0.000000,0.000000,0.000000,0.000000,5.581616,0.000000,0.000000,475132064626883641322714633552700653503967465493860930907303774826678082181563154432.000000,0.000000
0.000000,0.000000,0.000000,44733410673740996608.000000,0.000000,5.455374,0.000000,0.000000,11380986026905352277832079313976179355742398472441795916807193893151150416933584144965628227924302757888.000000,0.071297
694444418.000000,0.000000,0.000000,68719493932.800003,0.000000,5.398381,315522526936808512.000000,0.000000,380613909180352382351007493772371068781559538934486256320512.000000,61.890575
-3733846754.000000,0.000000,0.000000,12884904020.802513,0.000000,5.755186,0.000000,0.000000,2525324.556924,0.000000
-5279749283.000000,0.000000,0.000000,-nan,0.000000,5.665776,0.000000,0.000000,139527486592.501953,0.074593
-4143863478.000000,0.000000,0.000000,31885498168964548.000000,0.000000,5.621648,0.000000,576.000000,7555980090164903975055569441334427367929946639165980910270169478997060981096448.000000,55.354098
1.000000,0.000000,0.000000,14.068689,0.000000,5.583247,0.000000,117.600006,8485977849868275138990586709485851973367335992893498774379640359339828663287808.000000,58.513664
1.000000,0.000000,0.000000,0.000000,0.000000,5.479438,0.000000,557.950928,-nan,48.369519
3613241196.000000,0.000000,0.000000,17063250582711564288.000000,0.000000,5.551055,0.000000,0.694444,-10832267587007457098438363224075920765747093522958849225357835722017032841434692447422381819687404790187907992721777414022032727182191294833252740197440338512565920508904401331692156453372135489458681938216983484107075106686135819154350931968.000000,0.000000
3716525555.000000,0.000000,0.000000,68719493999.040009,0.000000,5.567183,0.000000,0.000000,-nan,0.070177
-116256140.000000,0.000000,0.000000,1073742083.173036,0.000000,6.722303,64521825346386680.000000,0.000000,-nan,48.490256
1.000000,0.000000,0.000000,-nan,0.000000,6.548157,0.000000,0.000000,-nan,50.285066
1.000000,0.000000,0.000000,92886805778554.890625,0.000000,8.048467,0.000000,0.694444,-nan,49.198043
1.000000,0.000000,0.000000,19304389160960.000000,0.000000,8.597050,0.000000,0.000000,-nan,0.000000
1.000000,0.000000,0.000000,0.000000,0.000000,7.398153,0.000000,0.000000,-nan,0.068801
1.000000,0.000000,0.000000,95369773821569515520.000000,0.000000,7.341833,0.000000,0.000000,-7444911522999020177374949973366465646253505428118894528273366938635518861732630305255386905966468961140736.000000,51.396858
1.000000,0.000000,0.000000,68719493940.000000,0.000000,8.871934,0.000000,0.694444,-nan,53.263477
1.000000,0.000000,0.000000,15032387673.268063,0.000000,8.383575,0.000000,-3.722381,-nan,48.379183
1.000000,0.000000,0.000000,-nan,0.000000,7.125573,8554113666478051328.000000,-4.913890,-nan,0.000000
1.000000,0.000000,0.000000,1125900192394117.250000,0.000000,8.896094,0.000000,-3.197359,-nan,0.069249
1.000000,0.000000,0.000000,114441860910415872.000000,0.000000,10.052303,0.000000,0.000000,-69244620785013907482196647592564629159172876516727494165114242258852580197746064640096098441613733993582718954296864381279151414180742276695427402691597316180800091045854710511483608751800327288994561969260154670849208016455243518198759176558145074919472180342080304857481216.000000,52.626124
1.000000,0.000000,0.000000,0.000000,0.000000,10.310354,0.000000,0.000000,705298104554959473122763000495048819846404032801608735007133988323387455093692531384818549874089765652195279757369208820675304608151676655688669545217681161344826741078590788834753274339337547520453809238711745442327660892954089425327654613527827391847596032.000000,0.000000
1.000000,0.000000,0.000000,140195367550183260160.000000,0.000000,8.602970,0.000000,-2.149416,2403946028215662365368229123337934249834168266157890461037284124478941794929856153049337537223149931817632018359763364378660461373123615633025486978642083840.000000,0.071969
1.000000,0.000000,0.000000,68719493935.680008,0.000000,12.374736,0.000000,-0.560200,10816658218642814596406023401710922679036557155219468045077997094773117875425016826693649672531125207040.000000,51.478875
1.000000,0.000000,0.000000,50331656.330453,0.000000,7.232423,0.000000,2.150294,53581535778108497298218202304288041413216033702471323333461527382641879567545291783781765489074703255077085256574650867714944973811698086244209003939763296570785332041711063462606048631760295433338880.000000,53.073906
1.000000,0.000000,0.000000,-nan,0.000000,8.256533,0.000000,0.000000,5576983638150209422167905067511595266907958094650339655872951429912607096263372850628776530548142581718046253046023132779438046986709044874137207452220896873072090468900631668997415025095350140753655644071056203567082599033602048.000000,51.253976
1010309348926160896000000000.000000,0.000000,0.000000,1429893682737971.250000,0.000000,7.947793,3604239278852668416.000000,0.000000,9369287582900911032910794808382611600846527380649924902235357996135478818022432949343421547968403006155601121734035627619268806753118094435334759623462627719753304279869510628849983857365744264375880939426757990419304376056144055717393798713032344338432.000000,53.123283
0.000000,0.000000,0.000000,442221448736538624.000000,0.000000,7.175334,0.000000,0.000000,198323709753430999530979941125819498199545550658687014335559497051293719682993279208316540259398056092197191652237818075233242848694075088036725096718378118151279583827044468677988789243896233276793027911766284293804224911242386374098631189504703859419398818423928529092608.000000,0.000000
1.000000,0.000000,0.000000,0.000000,0.000000,10.022990,0.000000,0.000000,961276800814253342953018275571993327657931623337478957339332676724175435869528379168254248728713058688252820723091746656571486526576460785083381241998180298294468442961285961480022989145827383469512949590817942425540797161438503270127350654558614615743182160148046702273727110840320.000000,0.070049
0.000000,0.000000,0.000000,249031185732567269376.000000,0.000000,7.359241,0.000000,0.000000,65395978718871176279944801419365725362816848903137058837781410846009785428330156200707716924048963895664277395574271098406194160438555077865985076668343911690573441868665042598639119157203271954004032928951628806053130117192895531934818094742924017664126289866054801755343407738249019392.000000,55.448915
0.000000,0.000000,0.000000,68719493873.920013,0.000000,7.489002,0.000000,0.000000,62988979294272138882408632092475976165170552725955634201900770409967374508423014738683939929537863420974688182453442924285884834174129551986928867420213216309480962279648497320567596091177385579716260503901321920834160793188334311166473228753338561021409890207153363627157376367891316736.000000,56.040220
0.000000,0.000000,0.000000,805306502.002257,0.000000,8.856766,0.000000,0.000000,15224040894551315739816843936470784730189706013358741531431689510670384260828612755622816559376787950901142243088452278610204133148416143334656645794696254021124794479054684743188457892843733107895320640014969885898951796530829156232451858511887266827423941185241957934888386560.000000,46.991964
0.000000,0.000000,0.000000,-nan,0.000000,10.098768,0.000000,0.000000,13553488861734415824592317898767621062609836124029989306677715694987562905480076113842664263166431603485272130793022556211570833391811753814014171732081342484786526721180766400664901611771798726390692612468582741466826463176620222567101665578344907992657114777828611469850181632.000000,0.000000
0.000000,0.000000,0.000000,80220410358374.406250,0.000000,7.068421,0.000000,0.000000,924689046777629156679186395118942115817766257198607671638614827553861370381704955280354531345753723862179578549412348746580115593041961472084309189751047745811939467828312936279892425957767971003369243824846899951093689849978079613751586193438887618350314411069809232832451181543424.000000,0.070401
0.000000,0.000000,0.000000,20774677262336.000000,0.000000,9.036384,3864656410024670208.000000,0.000000,44230939920030802122549384246055298467293385625790940401708594994779912073753545565836749352202115054860925759157408087242384849392489016883128157245529497623290022473266315995282941532702945648691009749013375143896594825831826385819926543145364088714707555319808.000000,56.659301
0.000000,0.000000,0.000000,0.000000,0.000000,10.377427,0.000000,0.000000,794796241621879263959415403210161749534930266155171288955565583098794956260943550236628554653538041772691630433614751073594741808320472030139769099528967892127991408955899728070110420782881422553218160692946453435927631267604814396698897301570915587787325440.000000,51.368025
0.000000,0.000000,0.000000,113632011048045232128.000000,0.000000,12.070764,0.000000,0.000000,42224330469654780064487162672326565583248080502452286726589207000466417989795620879925990050295718366052330865263232729529061422356406643395909393972657749328358272895196028411932365415104533521725663780660094691897788849054395311565559011762536673118643866828800.000000,54.357572
0.000000,0.000000,0.000000,68719493836.480011,0.000000,10.509621,0.000000,0.000000,143019036946003134511515330728633975588470169214445155994925665096173650738939886499857101992686250537644609129948459099362335172478950980503875819602455829308000941812173349274314225705328329631470394698304224766812521329445595263855345139317735424.000000,0.000000
1.000000,0.000000,0.000000,0.000000,0.000000,12.399824,0.000000,0.000000,0.000000,0.077761
4602.000000,0.000000,0.000000,2.735111,6473925604343808.000000,0.000000,0.000000,0.000000,1585267360950910976.000000,57.379375
1.000000,0.000000,0.000000,3.783414,9141741631.000000,0.000000,0.000000,-0.000000,382800840589312.000000,53.286485
1.000000,0.000000,0.000000,3.554419,0.000000,15326816192785551360.000000,0.000000,0.000000,0.000000,55.234160
1365418239765630.000000,0.000000,0.000000,5.282827,21905526179716132864.000000,29207343590301093888.000000,0.000000,0.000000,48422738377859653632.000000,0.000000
-53341575451.000000,0.000000,0.000000,5.432814,6442452019.312500,75182618307773513728.000000,0.000000,0.000000,6442452027.093750,0.078273
7487.000000,0.000000,0.000000,2.938249,524288.128974,100579049930669260800.000000,0.000000,0.000000,131072.033020,56.459650
1.000000,0.000000,0.000000,5.343852,-nan,59322021777126400000.000000,0.000000,0.000000,-nan,0.000000
-0.000000,0.000000,0.000000,2.072702,1407375168774144.000000,134725131206838648832.000000,0.000000,0.000000,1224979390752882688.000000,0.072258
1.000000,0.000000,0.000000,5.528110,857499914320478208.000000,189564072681145368576.000000,0.000000,0.000000,75245508272062464.000000,63.450437
1.000000,0.000000,0.000000,5.313899,0.000000,210378938660587307008.000000,0.000000,-0.000000,0.000000,59.292779
234515404121101.000000,0.000000,0.000000,5.415181,38622905588701454336.000000,221171533693871751168.000000,0.000000,-0.000000,123362671361676787712.000000,57.661811
-328199767000.000000,0.000000,0.000000,5.137897,6442452017.125000,233997222486203891712.000000,0.000000,0.000000,6442452029.500000,56.894952
41700.000000,0.000000,0.000000,5.575407,268435523.649172,244591236925182836736.000000,0.000000,0.000000,67108880.889047,0.000000
1.000000,0.000000,0.000000,5.336588,-nan,251760331647503826944.000000,0.000000,0.000000,-nan,0.070753
3850560.000000,0.000000,0.000000,5.401485,123145320157952.000000,296529740792771379200.000000,0.000000,0.000000,7205760573768728576.000000,67.343837
1.000000,0.000000,0.000000,5.433677,27679927695360.000000,310356073149665705984.000000,0.000000,-0.000000,798702430513528832.000000,59.107112
1.000000,0.000000,0.000000,5.468398,0.000000,-0.007813,0.000000,0.000000,0.000000,59.045927
342922558242172.000000,0.000000,0.000000,5.535119,93386712241898766336.000000,-0.007813,0.000000,0.000000,125668514370890481664.000000,0.000000
-131009307504.000000,0.000000,0.000000,5.076552,6442452013.750000,223889424128.000000,0.000000,0.000000,6442452029.281250,0.077377
28235.000000,0.000000,0.000000,5.494190,60129550682.113106,194025129100.600403,0.000000,0.000000,1048576.263109,64.947547
1.000000,0.000000,0.000000,5.734673,-nan,509995056640.000000,0.000000,0.000000,-nan,0.000000
25798.000000,0.000000,0.000000,5.358860,5629500676767744.000000,-0.007813,0.000000,0.000000,6341069445330370560.000000,0.073569
-0.000000,0.000000,0.000000,5.349611,4436144455168.000000,684722885405.554321,0.000000,0.000000,379019046235930624.000000,69.736383
1.000000,0.000000,0.000000,5.491438,0.000000,1899283883845.789062,0.000000,-0.000000,0.000000,59.576559
301147558242202.000000,0.000000,0.000000,5.737777,119903906847856246784.000000,-0.007813,0.000000,0.000000,63050429142925304.000000,0.000000
-32943748294.000000,0.000000,0.000000,5.569968,6442452019.125000,3187871808844114944.000000,0.000000,0.000000,6442452021.062500,0.070497
18690.000000,0.000000,0.000000,5.293195,268435522.556245,22566416490225000448.000000,0.000000,-0.000000,268435522.804889,65.324703
1.000000,0.000000,0.000000,5.233706,-nan,-0.007813,0.000000,0.000000,-nan,0.000000
-29787.000000,0.000000,0.000000,5.512462,1618481401806848.000000,42140578082409111552.000000,0.000000,0.000000,21392102753828864.000000,0.077345
-0.000000,0.000000,0.000000,5.400141,212376753635590144.000000,57719408808304443392.000000,0.000000,0.000000,30196426209280.000000,64.487956
1.000000,0.000000,0.000000,5.294603,0.000000,-0.007813,0.000000,0.000000,0.000000,57.611218
221126029121086.000000,0.000000,0.000000,5.362989,142962336939993186304.000000,56058125284416684032.000000,0.000000,0.000000,67554028770295800.000000,55.382451
-20703884021.000000,0.000000,0.000000,3.908312,6442452017.312500,121565787749475155968.000000,0.000000,0.000000,6442452020.437500,0.000000
9646.000000,0.000000,0.000000,5.377036,2097152.527578,129040462574403600384.000000,0.000000,-0.000000,402653250.798044,0.074113
1.000000,0.000000,0.000000,5.416845,-nan,134813266790873825280.000000,0.000000,0.000000,-nan,59.005894
1061102534133901471785156608.000000,0.000000,0.000000,5.389164,274719613850746880.000000,147509091329634418688.000000,0.000000,0.000000,13510801144152064.000000,56.369857
1.000000,0.000000,0.000000,5.793874,701422589490233344.000000,147015947173478432768.000000,0.000000,0.000000,29329530681344.000000,52.357512
1.000000,0.000000,0.000000,5.481038,0.000000,141848699919685648384.000000,0.000000,0.000000,0.000000,0.000000
1.000000,0.000000,0.000000,5.083944,179855895456156450816.000000,172141266742299262976.000000,0.000000,-0.000000,85568461639516144.000000,0.069921
1.000000,0.000000,0.000000,2.454882,6442452024.812500,173097296510183702528.000000,0.000000,0.000000,6442452018.937500,56.638052
0.000000,0.000000,0.000000,5.517359,32985353265130.742188,173171110775005118464.000000,0.000000,0.000000,171798725974.079926,0.000000
0.000000,0.000000,0.000000,5.524879,-nan,180468563200520781824.000000,0.000000,0.000000,-nan,0.071297
1.000000,0.000000,0.000000,5.406541,633318840541184.000000,191872381146665353216.000000,0.000000,0.000000,687194906284.000000,58.304188
1018776834055170588426633216.000000,0.000000,0.000000,5.471021,72589796433920.000000,207614995121788944384.000000,0.000000,0.000000,1362087382450438144.000000,0.000000
0.000000,0.000000,0.000000,5.839859,0.000000,210114070706184814592.000000,0.000000,0.000000,0.000000,0.074401
1.000000,0.000000,0.000000,5.380396,228278598649644023808.000000,200947415876596924416.000000,0.000000,0.000000,5476381544929033216.000000,66.557649
1.000000,0.000000,0.000000,5.329068,6442452016.000000,-0.007813,0.000000,0.000000,6442452006.250000,0.000000
1.000000,0.000000,0.000000,5.348332,262144.065189,227243438963540623360.000000,0.000000,-0.000000,8388610.115424,0.076257
1.000000,0.000000,0.000000,5.910644,-nan,-0.007813,0.000000,0.000000,-nan,73.266992
1.000000,0.000000,0.000000,5.411181,114349227158784.000000,265035395236620140544.000000,0.000000,0.000000,68719494103.000000,65.608292
1.000000,0.000000,0.000000,5.346988,120484654473216.000000,278886288829859495936.000000,0.000000,0.000000,113381425656.000000,63.619496
873198196019751281651351552.000000,0.000000,0.000000,5.479470,0.000000,283256187844846944256.000000,0.000000,0.000000,0.000000,62.205459
1.000000,0.000000,0.000000,5.663505,249031185732567269376.000000,328620139953298866176.000000,0.000000,0.000000,5908727109156600832.000000,0.000000
1.000000,0.000000,0.000000,2.316545,6442452013.375000,-0.007813,0.000000,0.000000,6442452004.000000,0.071777
1.000000,0.000000,0.000000,5.421933,32768.008159,27159744768823525376.000000,0.000000,-0.000000,85899362687.029449,65.026236
1.000000,0.000000,0.000000,5.637808,-nan,218729597530885914624.000000,0.000000,0.000000,-nan,54.538855
1.000000,0.000000,0.000000,5.888307,228698454318592.000000,241278276445777756160.000000,0.000000,0.000000,63050403924410368.000000,56.431521
1.000000,0.000000,0.000000,5.332523,364843582324736.000000,-0.007813,0.000000,0.000000,12120066111.000000,57.851510
1.000000,0.000000,0.000000,4.302365,0.000000,116431961984.000000,0.000000,0.000000,0.000000,52.568811
0.000000,0.000000,0.000000,5.525198,258254557769422045184.000000,-0.007813,0.000000,0.000000,126821435875497328640.000000,51.528348
1.000000,0.000000,0.000000,2.176703,6442452014.375000,4953803317248.000000,0.000000,0.000000,6442452022.312500,0.000000
1.000000,0.000000,0.000000,2.613509,2097152.523086,2969484610457336320.000000,0.000000,0.000000,4194305.034622,0.067265
-65120168.000000,0.000000,0.000000,5.537359,-nan,44422530876422430720.000000,0.000000,0.000000,-nan,64.198319
179743302.000000,0.000000,0.000000,5.514958,8444250445152256.000000,49187884052862992384.000000,0.000000,0.000000,51791404855328768.000000,0.000000
981555951.000000,0.000000,0.000000,5.241546,959934992678912.000000,-0.007813,0.000000,0.000000,54998999292.000000,0.073185
966886541.000000,0.000000,0.000000,5.264843,0.000000,-0.007813,0.000000,0.000000,0.000000,63.799850
254604343.000000,0.000000,0.000000,2.388450,272089615824704208896.000000,-0.007813,0.000000,0.000000,201326720.000000,54.142369
17523632.000000,0.000000,0.000000,5.399981,6442452019.750000,-0.007813,0.000000,0.000000,6442452025.156250,55.672311
-246758606.000000,0.000000,0.000000,5.546190,524288.130920,-0.007813,0.000000,0.000000,3023657524448.535645,52.134340
950194367.000000,0.000000,0.000000,2.612453,-nan,238492659307564924928.000000,0.000000,0.000000,-nan,0.000000
-190371211.000000,0.000000,0.000000,5.274955,1477180970619633664.000000,342173160055096999936.000000,0.000000,0.000000,207165618191859712.000000,0.067361
2284542251.000000,0.000000,0.000000,2.039421,283310784228884480.000000,-0.007813,0.000000,0.000000,307507084843286528.000000,62.024625
-11319558.000000,0.000000,0.000000,5.693009,0.000000,672357552722.550415,0.000000,0.000000,0.000000,57.420655
1398794477.000000,0.000000,0.000000,5.840243,281312987861558984704.000000,3563014191651935232.000000,0.000000,0.000000,30064787455.999996,0.000000
-471915148.000000,0.000000,0.000000,3.794294,6442452027.250000,30697067483416018944.000000,0.000000,0.000000,6442452017.937500,0.072897
729070102.000000,0.000000,0.000000,5.252970,402653251.560188,80863135181621886976.000000,0.000000,0.000000,32768.008185,59.208329
346105174.000000,0.000000,0.000000,5.541582,-nan,-0.007813,0.000000,0.000000,-nan,56.463074
-2543119.000000,0.000000,0.000000,5.467629,270216014248017920.000000,101737212646348816384.000000,0.000000,0.000000,687194902816.000000,56.008923
21790786.000000,0.000000,0.000000,5.536431,431772326133760.000000,140942631964609839104.000000,0.000000,0.000000,829870498054144.000000,0.000000
76783267.000000,0.000000,0.000000,5.545935,0.000000,-0.007813,0.000000,0.000000,0.000000,0.067969
-135253494.000000,0.000000,0.000000,5.470158,290536359898413760512.000000,-0.007813,0.000000,0.000000,527765849767935.937500,61.341160
129320298.000000,0.000000,0.000000,2.638245,6442452014.625000,-0.007813,0.000000,0.000000,6442452028.000000,62.768091
174341818.000000,0.000000,0.000000,5.404173,262144.065422,232756126382418821120.000000,0.000000,0.000000,805306503.146724,53.604441
103362640823918656.000000,0.000000,0.000000,5.469102,-nan,-0.007813,0.000000,0.000000,-nan,52.575818
-3219382692198913.000000,0.000000,0.000000,5.253098,175921896193024.000000,489068497361.851379,0.000000,0.000000,22518002633408512.000000,54.375652
3244757223415967.000000,0.000000,0.000000,5.493966,339794796183552.000000,906109516800.000000,0.000000,0.000000,110160790008.000000,48.744565
-408492839734228.000000,0.000000,0.000000,5.606128,0.000000,-0.007813,0.000000,0.000000,0.000000,54.067264
-19529753092581264.000000,0.000000,0.000000,5.617648,378158534986022453248.000000,221400935800378458112.000000,0.000000,0.000000,2674014426234879.500000,54.885644
2231819477685081.000000,0.000000,0.000000,5.383628,6442452024.875000,-0.007813,0.000000,0.000000,6442452025.125000,50.740017
-10477744707908.000000,0.000000,0.000000,5.257835,2147484184.817678,234830529154424012800.000000,0.000000,0.000000,524288.131374,51.227128
-5722434192344.000000,0.000000,0.000000,5.346028,-nan,10961614361405.714844,0.000000,0.000000,-nan,0.000000
4626561228764.000000,0.000000,0.000000,2.570116,274719613889544192.000000,12426286186496.000000,0.000000,0.000000,270216013660815360.000000,0.074369
2304950464193702.000000,0.000000,0.000000,5.159337,7622764898287616.000000,1507658331506382848.000000,0.000000,0.000000,15979445218181120.000000,58.453406
-26950839996989.000000,0.000000,0.000000,5.607504,0.000000,-0.007813,0.000000,0.000000,0.000000,56.869480
28276527329823.000000,0.000000,0.000000,5.354700,391993593041304616960.000000,114207294254415282176.000000,0.000000,0.000000,7318353689444351.000000,58.076057
107395122045.000000,0.000000,0.000000,5.196649,6442452024.875000,127931555454019174400.000000,0.000000,0.000000,6442451999.000000,0.000000
-5848312396394.000000,0.000000,0.000000,2.420962,1610613004.761251,98221615.875000,0.000000,0.000000,131072.032672,0.076033
-480349571914.000000,0.000000,0.000000,5.526351,-nan,-0.007813,0.000000,0.000000,-nan,61.318887
-3219382692198913.000000,0.000000,0.000000,5.319051,10133101450493952.000000,-0.007813,0.000000,0.000000,201326625.591797,0.000000
56253025500548048.000000,0.000000,0.000000,5.481486,1095314313152.000000,163089055488.000000,0.000000,0.000000,3126193431511040.000000,0.072417
-1991584366527440.000000,0.000000,0.000000,5.583759,0.000000,12379051906455064576.000000,0.000000,0.000000,0.000000,67.357884
8857311732512422.000000,0.000000,0.000000,5.155626,424275395170296332288.000000,50221161707172732928.000000,0.000000,0.000000,36028831378702328.000000,0.000000
622987901262940.000000,0.000000,0.000000,5.565199,6442452019.937500,-0.007813,0.000000,0.000000,6442452026.156250,0.076449
-1024702802520296.000000,0.000000,0.000000,5.184842,33554440.313398,-0.007813,0.000000,0.000000,16777220.201400,66.016714
-114419483210158.000000,0.000000,0.000000,5.477454,-nan,10387749677219.966797,0.000000,0.000000,-nan,60.718718
410485629481852.000000,0.000000,0.000000,5.398509,12884904006.000000,39234858507630018560.000000,0.000000,0.000000,3746995468618432512.000000,0.000000
-3290655431408.000000,0.000000,0.000000,5.546031,393656370429952.000000,175642393219858595840.000000,0.000000,0.000000,271345486378565632.000000,0.073441
-26258375913882.000000,0.000000,0.000000,5.128393,0.000000,-0.007813,0.000000,0.000000,0.000000,59.380140
2144560859435948.000000,0.000000,0.000000,5.459629,34359771135.999992,197749860120190124032.000000,0.000000,0.000000,31525214571462652.000000,53.669178
22351773382057.000000,0.000000,0.000000,5.658448,6442451999.500000,-0.007813,0.000000,0.000000,6442452028.218750,0.000000
9078076103663.000000,0.000000,0.000000,2.366402,42949681532.532799,38087601686929473536.000000,0.000000,0.000000,32768.008247,0.071073
-343343675845.000000,0.000000,0.000000,5.503279,-nan,59177255054463729664.000000,0.000000,0.000000,-nan,59.428461
27885453882679.000000,0.000000,0.000000,5.612528,3799912743829504.000000,189140452841195831296.000000,0.000000,0.000000,3659175262879744.000000,0.000000
3244757223415967.000000,0.000000,0.000000,5.545678,508547819339776.000000,-0.007813,0.000000,0.000000,28061374478336.000000,0.078145
-1991584366527439.000000,0.000000,0.000000,5.847379,0.000000,-0.007813,0.000000,0.000000,0.000000,61.943632
35346488029838504.000000,0.000000,0.000000,5.453294,3573414887423.999512,287645367893630681088.000000,0.000000,0.000000,31525214571462652.000000,0.000000
-650403293322989.000000,0.000000,0.000000,5.576912,6442452018.812500,252025976228436312064.000000,0.000000,0.000000,6442452018.625000,0.074369
704071886990387.000000,0.000000,0.000000,5.629552,32768.008179,7040717021184.000000,0.000000,0.000000,131072.032533,61.106404
-222126782601947.000000,0.000000,0.000000,5.522447,-nan,10855674629011.691406,0.000000,0.000000,-nan,52.749069
-410183909726256.000000,0.000000,0.000000,5.590479,29273402042744832.000000,47400817635890020352.000000,0.000000,0.000000,5764608684151799808.000000,62.185428
-104141493069129.000000,0.000000,0.000000,5.688881,29646351628288.000000,12117548307748749312.000000,0.000000,0.000000,296244787239976960.000000,0.000000
-477960981468.000000,0.000000,0.000000,5.623024,0.000000,59670821426125864960.000000,0.000000,0.000000,0.000000,0.069505
147668289700413.000000,0.000000,0.000000,6.032661,3298536980479.999512,61585238295851302912.000000,0.000000,0.000000,369295444322287552.000000,57.765908
-1115582250555.000000,0.000000,0.000000,5.927381,6442452021.312500,12158041277512087552.000000,0.000000,0.000000,6442452029.250000,57.746420
1992183456122861.000000,0.000000,0.000000,5.794738,131072.032593,49052301695617163264.000000,0.000000,0.000000,32768.008246,0.000000
647456769581.000000,0.000000,0.000000,5.621584,-nan,225886098606706950144.000000,0.000000,0.000000,-nan,0.071329
-28880591852097.000000,0.000000,0.000000,5.725777,2089670513050779648.000000,187291938873049546752.000000,0.000000,0.000000,30064775397.875000,64.166575
-220745725500.000000,0.000000,0.000000,5.516303,41695001607929856.000000,267139561425020649472.000000,0.000000,0.000000,580128887209984.000000,0.000000
-408492839734228.000000,0.000000,0.000000,5.616848,0.000000,-0.007813,0.000000,0.000000,0.000000,0.080961
8857311732512424.000000,0.000000,0.000000,5.689233,4947806519295.999023,-0.007813,0.000000,0.000000,4323457841298931200.000000,55.113967
-650403293322990.000000,0.000000,0.000000,6.061686,6442452027.687500,10089387769856.000000,0.000000,0.000000,6442452001.500000,54.279779
28124108284841504.000000,0.000000,0.000000,6.060214,4194305.054139,-0.007813,0.000000,0.000000,32768.008033,48.800245
31417859116268.000000,0.000000,0.000000,6.168408,-nan,35187176928500264.000000,0.000000,0.000000,-nan,49.131354
213766491406899.000000,0.000000,0.000000,5.921044,12094630087424.000000,-0.007813,0.000000,0.000000,8589936761.562500,50.059431
258208080275319.000000,0.000000,0.000000,2.589061,1450863851601920.000000,1106764363776.000000,0.000000,0.000000,30217523326.000000,52.825166
-715942515144981.000000,0.000000,0.000000,6.096151,0.000000,2220164950562686464.000000,0.000000,0.000000,0.000000,47.923112
-3833318264283268.000000,0.000000,0.000000,2.987690,4947806519295.999023,39867984274051645440.000000,0.000000,0.000000,10376302337554642944.000000,42.593437
-4157463113584.000000,0.000000,0.000000,6.170616,6442452009.875000,60024583314459803648.000000,0.000000,0.000000,6442452028.468750,40.965254
64561248620018.000000,0.000000,0.000000,8.385847,60129550729.039688,76050616759695704064.000000,0.000000,0.000000,131072.032942,40.421022
3211276653744.000000,0.000000,0.000000,9.586825,-nan,86146772337834295296.000000,0.000000,0.000000,-nan,39.967160
-210068398815042.000000,0.000000,0.000000,10.709496,3236962790735872.000000,95748094902026469376.000000,0.000000,0.000000,14636701067837440.000000,48.314830
-62150358563.000000,0.000000,0.000000,10.799546,337431490428928.000000,220295020576319700992.000000,0.000000,0.000000,43191230774902784.000000,49.719490
6407725528065.000000,0.000000,0.000000,8.932351,0.000000,251865535479677878272.000000,0.000000,0.000000,0.000000,45.845803
-19529753092581264.000000,0.000000,0.000000,9.097345,6047318147071.999023,-0.007813,0.000000,0.000000,15852679484437166080.000000,44.150451
622987901262940.000000,0.000000,0.000000,11.063293,6442452018.187500,744235072512.000000,0.000000,0.000000,6442452019.625000,48.625779
704071886990387.000000,0.000000,0.000000,12.462353,2147484183.426291,416674548031.794434,0.000000,0.000000,402653251.054727,48.381360
31417859116267.000000,0.000000,0.000000,9.380997,-nan,-0.007813,0.000000,0.000000,-nan,47.098653
30496549526021608.000000,0.000000,0.000000,9.779851,246290639548416.000000,7812288602112.000000,0.000000,0.000000,10376295875843457024.000000,0.000000
-375949416424154.000000,0.000000,0.000000,10.166096,62120319879479296.000000,22770670862336.000000,0.000000,0.000000,46582284414976.000000,0.071681
-3796122116784319.000000,0.000000,0.000000,9.862220,0.000000,1506552218346009088.000000,0.000000,0.000000,0.000000,52.588459
-1004251302491546.000000,0.000000,0.000000,10.135856,9895613038591.998047,-0.007813,0.000000,0.000000,43234591607128842240.000000,49.614752
-68047840196769.000000,0.000000,0.000000,7.294248,6442452014.625000,29024076684880510976.000000,0.000000,0.000000,6442452028.812500,52.225446
-127224311253874.000000,0.000000,0.000000,13.025849,1610613005.562681,80760396787536494592.000000,0.000000,0.000000,3221226011.583790,55.539861
7073453228587.000000,0.000000,0.000000,9.993454,-nan,93111166950203654144.000000,0.000000,0.000000,-nan,39.781909
24146471207277.000000,0.000000,0.000000,7.385289,15762600934244352.000000,105512391477322350592.000000,0.000000,0.000000,5188147939112910848.000000,0.000000
-10621376768.000000,0.000000,0.000000,10.995676,2689831196688384.000000,113897038454570893312.000000,0.000000,0.000000,890837021949952.000000,0.069441
-210746052328745.000000,0.000000,0.000000,10.239409,0.000000,134649203326313365504.000000,0.000000,0.000000,0.000000,39.785013
-1526462690414.000000,0.000000,0.000000,7.334729,28587319099391.996094,230104001318439288832.000000,0.000000,0.000000,46693356120949383168.000000,38.646469
2231819477685081.000000,0.000000,0.000000,10.710137,6442452020.437500,238614960213817524224.000000,0.000000,0.000000,6442452024.312500,43.225414
-1024702802520296.000000,0.000000,0.000000,12.270734,8388610.097711,235664258036287504384.000000,0.000000,0.000000,1048576.261202,0.000000
-222126782601947.000000,0.000000,0.000000,9.220099,-nan,278038767667603505152.000000,0.000000,0.000000,-nan,0.076737
213766491406899.000000,0.000000,0.000000,8.651419,4785075723304960.000000,275044014662056443904.000000,0.000000,0.000000,121597208197332992.000000,37.009550
-375949416424155.000000,0.000000,0.000000,7.844784,2061296815964160.000000,291719718182820806656.000000,0.000000,0.000000,70047970514436096.000000,34.065796
26843724125237580.000000,0.000000,0.000000,11.501955,0.000000,-0.007813,0.000000,0.000000,0.000000,41.520878
955572035323480.000000,0.000000,0.000000,10.081839,5188151168777321472.000000,10071054571052.974609,0.000000,0.000000,54187345900893888512.000000,38.001532
-3695350058822943.000000,0.000000,0.000000,9.733802,6442452025.843750,-0.007813,0.000000,0.000000,6442452024.562500,0.000000
731251468418852.000000,0.000000,0.000000,8.743484,32768.008198,-0.007813,0.000000,0.000000,50331656.158799,0.092897
-4352558816520.000000,0.000000,0.000000,10.957756,-nan,10184695043316.843750,0.000000,0.000000,-nan,40.000440
-26582214228393.000000,0.000000,0.000000,12.873975,513410430341742592.000000,35092336650102.675781,0.000000,0.000000,3940650244554752.000000,0.000000
-3370757003914.000000,0.000000,0.000000,12.139756,3239357229826048.000000,-0.007813,0.000000,0.000000,115967708113141760.000000,0.084481
-7229923477142.000000,0.000000,0.000000,8.474744,0.000000,3088698069345104384.000000,0.000000,0.000000,0.000000,45.906412
1247078510782.000000,0.000000,0.000000,7.209990,32281819721177755648.000000,251846817180963667968.000000,0.000000,0.000000,50152120634769924096.000000,0.000000
-209388141828747.000000,0.000000,0.000000,7.124262,6442452024.656250,440034724218.242554,0.000000,0.000000,6442452018.437500,0.101537
-10477744707908.000000,0.000000,0.000000,4.130459,481036406350.344971,5174635570203.927734,0.000000,0.000000,1610613004.867078,50.950163
-114419483210158.000000,0.000000,0.000000,4.476352,-nan,14352642038162.468750,0.000000,0.000000,-nan,43.983248
-410183909726257.000000,0.000000,0.000000,5.814322,234187217120002048.000000,21208510845885911040.000000,0.000000,0.000000,10376295881279275008.000000,43.941680
258208080275319.000000,0.000000,0.000000,10.345299,390702456792678400.000000,26663970885666656256.000000,0.000000,0.000000,1319689114571767808.000000,37.346803
-3796122116784319.000000,0.000000,0.000000,10.329810,0.000000,45981409700354203648.000000,0.000000,0.000000,0.000000,0.000000
955572035323480.000000,0.000000,0.000000,11.266592,38046444836398030848.000000,61732766368019775488.000000,0.000000,0.000000,127974357380104175616.000000,0.080769
771687350617662.000000,0.000000,0.000000,12.056363,6442452013.000000,130099723284452032512.000000,0.000000,0.000000,6442452029.656250,47.287776
937358728843.000000,0.000000,0.000000,8.486008,536871044.578823,-0.007813,0.000000,0.000000,32768.008048,45.831083
-315989545845.000000,0.000000,0.000000,7.096261,-nan,207305091176020639744.000000,0.000000,0.000000,-nan,48.433424
4326078472234.000000,0.000000,0.000000,10.930715,79164855025152.000000,268144567829366046720.000000,0.000000,0.000000,103582809717473280.000000,41.897876
-4749042842231.000000,0.000000,0.000000,10.255377,75966136824.000000,315075564085700788224.000000,0.000000,0.000000,3858831523584.000000,44.206388
-17438852411945.000000,0.000000,0.000000,8.100691,0.000000,-0.007813,0.000000,0.000000,0.000000,41.556303
-3401637478005.000000,0.000000,0.000000,10.699160,51881502891680194560.000000,-0.007813,0.000000,0.000000,130280200389317869568.000000,44.903742
44600107899476.000000,0.000000,0.000000,8.320022,6442452013.250000,115244107310567227392.000000,0.000000,0.000000,6442452023.187500,55.580022
-10909356624612.000000,0.000000,0.000000,13.385342,536871045.421020,241419013929027305472.000000,0.000000,0.000000,32768.008044,47.322016
-5722434192344.000000,0.000000,0.000000,12.453009,-nan,233192063315803045888.000000,0.000000,0.000000,-nan,50.349451
410485629481852.000000,0.000000,0.000000,8.078770,87960948053504.000000,248629839886005665792.000000,0.000000,0.000000,42784205607272448.000000,50.931859
-104141493069129.000000,0.000000,0.000000,8.465688,28881545459712.000000,248735252266198761472.000000,0.000000,0.000000,31101187913728.000000,49.596224
-715942515144981.000000,0.000000,0.000000,7.904208,0.000000,12921520347728.033203,0.000000,0.000000,0.000000,53.040241
-1004251302491546.000000,0.000000,0.000000,7.853840,67445943203872628736.000000,41950547295095250944.000000,0.000000,0.000000,202914325548293390336.000000,48.284270
-3695350058822942.000000,0.000000,0.000000,8.310486,6442452018.937500,10066029795948.373047,0.000000,0.000000,6442452021.875000,50.261802
937358728843.000000,0.000000,0.000000,10.341683,4194305.043929,293897771541774073856.000000,0.000000,0.000000,4294968363.168342,0.000000
769674505745198.000000,0.000000,0.000000,6.888514,-nan,-0.007813,0.000000,0.000000,-nan,0.071841
1090014470487.000000,0.000000,0.000000,6.965603,3799912756461568.000000,10584667963392.000000,0.000000,0.000000,720576086741614592.000000,53.634426
1286480346389.000000,0.000000,0.000000,9.481735,83320034025472.000000,12194223850623336448.000000,0.000000,0.000000,214515578629521408.000000,59.309226
16581224764280.000000,0.000000,0.000000,8.332983,0.000000,-0.007813,0.000000,0.000000,0.000000,53.223508
-4280328925373.000000,0.000000,0.000000,8.026546,93386712241898766336.000000,18428670437658720256.000000,0.000000,0.000000,258254557769422045184.000000,51.249656
9828381590809.000000,0.000000,0.000000,6.727936,6442452019.125000,105699853808915185664.000000,0.000000,0.000000,6442452025.125000,49.164346
11436015249437.000000,0.000000,0.000000,5.126024,50331656.357332,94709874454011592704.000000,0.000000,0.000000,32768.008104,51.185463
43433727507980.000000,0.000000,0.000000,5.005703,-nan,144594980899769090048.000000,0.000000,0.000000,-nan,42.776383
4626561228764.000000,0.000000,0.000000,4.606146,5629500676374528.000000,272330455148620251136.000000,0.000000,0.000000,207165619453820928.000000,44.150772
-3290655431408.000000,0.000000,0.000000,4.916582,130959945490432.000000,-0.007813,0.000000,0.000000,8866759225901056.000000,0.000000
-477960981468.000000,0.000000,0.000000,4.768228,0.000000,276199187966120230912.000000,0.000000,0.000000,0.000000,0.068608
-3833318264283268.000000,0.000000,0.000000,4.938246,137197729416958951424.000000,-0.007813,0.000000,0.000000,355100104893885513728.000000,60.712223
-68047840196769.000000,0.000000,0.000000,4.793829,6442452017.687500,351467967.500000,0.000000,0.000000,6442452023.875000,0.000000
731251468418852.000000,0.000000,0.000000,4.490752,32768.008247,-0.007813,0.000000,0.000000,32768.008150,0.071425
-315989545845.000000,0.000000,0.000000,3.891384,-nan,1742689543626.375488,0.000000,0.000000,-nan,59.417932
1090014470487.000000,0.000000,0.000000,8.378583,1618481401790464.000000,37780002895942754304.000000,0.000000,0.000000,4947803411968.000000,55.674551
771272174592415.000000,0.000000,0.000000,7.200838,271789689076187136.000000,21044322961472315392.000000,0.000000,0.000000,277464131148185600.000000,48.893367
398746330605.000000,0.000000,0.000000,5.876788,0.000000,-0.007813,0.000000,0.000000,0.000000,47.678277
-2955386612719.000000,0.000000,0.000000,8.541049,140656493930779492352.000000,-0.007813,0.000000,0.000000,120259149823.999985,43.498410
-149864495629.000000,0.000000,0.000000,10.770745,6442452018.875000,225950837986894282752.000000,0.000000,0.000000,6442452009.125000,0.000000
44892510927229.000000,0.000000,0.000000,8.491417,33554440.339876,11755948479944.035156,0.000000,0.000000,1610613005.607479,0.084609
887336143762.000000,0.000000,0.000000,12.146188,-nan,1311833360.659243,0.000000,0.000000,-nan,56.372545
-10325152105797.000000,0.000000,0.000000,7.118309,3799912757018624.000000,612673656000.071411,0.000000,0.000000,879609440960512.000000,48.701300
2304950464193702.000000,0.000000,0.000000,6.545725,23685490669568.000000,111506407296.000000,0.000000,0.000000,1404232762654720000.000000,47.657893
-26258375913882.000000,0.000000,0.000000,9.673866,0.000000,47492578478251638784.000000,0.000000,0.000000,0.000000,43.087972
147668289700413.000000,0.000000,0.000000,6.718399,168326680410087981056.000000,-0.007813,0.000000,0.000000,2199025352703.999512,44.169619
-4157463113584.000000,0.000000,0.000000,10.876890,6442452027.812500,59389610972130426880.000000,0.000000,0.000000,6442452024.812500,43.973361
-127224311253874.000000,0.000000,0.000000,12.749461,32768.007881,121028170543957803008.000000,0.000000,0.000000,10737420404.083643,45.693769
-4352558816520.000000,0.000000,0.000000,11.817799,-nan,12238780618927704064.000000,0.000000,0.000000,-nan,48.023786
4326078472234.000000,0.000000,0.000000,10.559317,1945555331656450048.000000,49526111421752934400.000000,0.000000,0.000000,243194415554756608.000000,0.000000
1286480346389.000000,0.000000,0.000000,8.534457,1215.719978,284214046968195219456.000000,0.000000,0.000000,397657967349989376.000000,0.072865
398746330605.000000,0.000000,0.000000,10.161200,0.000000,-0.007813,0.000000,0.000000,0.000000,56.011100
10635986778120595456.000000,0.000000,0.000000,8.411287,172938366428515368960.000000,267520329266381291520.000000,0.000000,0.000000,2748781166591.999512,55.989179
-2138986880530.000000,0.000000,0.000000,7.475242,6442452029.718750,3260412062118969344.000000,0.000000,0.000000,6442452007.000000,50.922291
6615775242379.000000,0.000000,0.000000,10.941212,402653251.588594,82400199581871292416.000000,0.000000,0.000000,6442451985.275372,0.000000
10140457133.000000,0.000000,0.000000,7.886704,-nan,591897169235.200073,0.000000,0.000000,-nan,0.069281
-147362740937.000000,0.000000,0.000000,7.679981,7926336514684878848.000000,81564992665420496896.000000,0.000000,0.000000,687194903616.000000,58.068472
-13784065081.000000,0.000000,0.000000,7.888944,491761044402733056.000000,1058928726853.352173,0.000000,0.000000,119178.828606,51.376410
-26950839996989.000000,0.000000,0.000000,10.734040,0.000000,274600001.834018,0.000000,0.000000,0.000000,52.849071
2144560859435948.000000,0.000000,0.000000,6.621406,184467581474583838720.000000,-0.007813,0.000000,0.007331,1266638468939775.750000,47.744039
-1115582250555.000000,0.000000,0.000000,10.478581,6442452019.187500,-0.007813,0.000000,-0.000000,6442452021.000000,0.000000
64561248620018.000000,0.000000,0.000000,6.891682,524288.130542,1433473182343018496.000000,0.000000,0.007162,1048576.259553,0.072769
7073453228587.000000,0.000000,0.000000,10.141872,-nan,104012411329790410752.000000,0.000000,0.000000,-nan,58.734018
-26582214228393.000000,0.000000,0.000000,6.903458,4785075747241984.000000,190160450343064469504.000000,0.000000,0.006721,15762600944205824.000000,59.996628
-4749042842231.000000,0.000000,0.000000,11.230559,115210770178048.000000,271296331520.000000,0.000000,0.000000,1678910955392.000000,45.980493
16581224764280.000000,0.000000,0.000000,8.804381,0.000000,273084744900.836517,0.000000,0.000000,0.000000,46.100975
-2955386612719.000000,0.000000,0.000000,6.951139,184467581474583838720.000000,1499826759786.737305,0.000000,-0.000000,1020347327447039.875000,48.969943
-2138986880374.000000,0.000000,0.000000,13.312445,6442452017.187500,11129482887168.000000,0.000000,-0.000000,6442452028.093750,50.606863
10635973290800371712.000000,0.000000,0.000000,13.334269,32768.008239,34038359076542616.000000,0.000000,0.000000,687194905577.972290,0.000000
907388069740.000000,0.000000,0.000000,7.295495,-nan,-0.007813,0.000000,0.000000,-nan,0.071425
339322716504.000000,0.000000,0.000000,8.837981,1407375169343488.000000,27378090493755113472.000000,0.000000,-0.000000,2305843584806420480.000000,51.699902
-14945491154.000000,0.000000,0.000000,7.645132,145647942701678592.000000,59211155821407338496.000000,0.000000,-0.000000,311909529400901632.000000,46.633174
1276293766953.000000,0.000000,0.000000,7.565835,0.000000,64532123598619901952.000000,0.000000,-0.000000,0.000000,44.775900
28276527329823.000000,0.000000,0.000000,9.946573,186773424483797532672.000000,88061576236937510912.000000,0.000000,-0.000000,1407375957295103.750000,0.000000
22351773382057.000000,0.000000,0.000000,6.549213,6442452029.718750,92387917001005662208.000000,0.000000,0.000000,6442452018.750000,0.074785
1992183456122861.000000,0.000000,0.000000,9.150274,134217761.764186,94543382005174501376.000000,0.000000,-0.000000,4194305.028877,58.433534
3211276653744.000000,0.000000,0.000000,4.068250,-nan,133591842583016701952.000000,0.000000,0.000000,-nan,53.927710
24146471207277.000000,0.000000,0.000000,4.114522,7926336514785542144.000000,-0.007813,0.000000,-0.000000,4081387724505088.000000,44.999871
-3370757003914.000000,0.000000,0.000000,8.239669,288861016903647232.000000,169321591172472635392.000000,0.000000,-0.000000,608020.128845,0.000000
-17438852411945.000000,0.000000,0.000000,7.390601,0.000000,202577437467622014976.000000,0.000000,0.000000,0.000000,0.069473
-4280328925373.000000,0.000000,0.000000,11.816039,209831854575934472192.000000,252329124772140941312.000000,0.000000,-0.000000,2181432143249407.750000,53.607226
-149864495629.000000,0.000000,0.000000,9.261219,6442452017.125000,272115830481030742016.000000,0.000000,-0.000000,6442452018.750000,51.447515
6615775242687.000000,0.000000,0.000000,10.053007,8388610.109707,275861699468819464192.000000,0.000000,-0.000000,1048576.261836,48.597458
907388069665.000000,0.000000,0.000000,9.168546,-nan,265240100484885741568.000000,0.000000,0.000000,-nan,50.610735
10635960961286537216.000000,0.000000,0.000000,9.659722,1266637681041408.000000,112317752239649144832.000000,0.000000,-0.000000,3236962795356160.000000,46.083566
30659553433.000000,0.000000,0.000000,9.257507,162960577914732544.000000,231371623902001987584.000000,0.000000,0.000000,672860452356096.000000,48.075723
-1339662173662.000000,0.000000,0.000000,5.333291,0.000000,274883996124597747712.000000,0.000000,-0.000000,0.000000,45.906060
-3944209704.000000,0.000000,0.000000,5.957556,209831854575934472192.000000,274776894909598728192.000000,0.000000,-0.000000,3940651821432831.500000,0.000000
107395122045.000000,0.000000,0.000000,5.759730,6442452015.000000,-0.007813,0.000000,0.000000,6442451999.500000,0.081601
9078076103663.000000,0.000000,0.000000,6.140823,2097152.522500,-0.007813,0.000000,421841.684218,524288.130606,50.957716
647456769581.000000,0.000000,0.000000,5.352684,-nan,3203471690170820096.000000,0.000000,-655.238400,-nan,49.212027
-210068398815042.000000,0.000000,0.000000,6.151064,193514082219520.000000,-0.007813,0.000000,0.000108,134217761.568359,37.697432
-10621376768.000000,0.000000,0.000000,4.664226,112600168259584.000000,24951054911747969024.000000,0.000000,0.000000,15776954690043904.000000,0.000000
-7229923477142.000000,0.000000,0.000000,3.974168,0.000000,20646624913971478528.000000,0.000000,0.000000,0.000000,0.074049
-3401637478005.000000,0.000000,0.000000,7.435274,209831854575934472192.000000,42445978439674216448.000000,0.000000,0.000000,1829588422361087.750000,43.376744
9828381590809.000000,0.000000,0.000000,7.480810,6442452028.875000,80774822412767920128.000000,0.000000,-0.000000,6442452021.125000,33.662846
44892510927229.000000,0.000000,0.000000,3.908567,16777220.213185,14660839484489.826172,0.000000,0.000000,131072.032624,39.076139
10140457133.000000,0.000000,0.000000,6.382715,-nan,49338632077068115968.000000,0.000000,-0.000000,-nan,0.000000
339322716504.000000,0.000000,0.000000,7.480042,4395513821721001984.000000,38265195424813023232.000000,0.000000,0.000000,11259001321029632.000000,0.080994
30659553433.000000,0.000000,0.000000,3.227182,64908647007780864.000000,143068190240414007296.000000,0.000000,0.000000,615996159098880.000000,29.133245
447289301691629.000000,0.000000,0.000000,5.583951,0.000000,144493438799535276032.000000,0.000000,0.000000,0.000000,36.515079
580305190.000000,0.000000,0.000000,5.923316,216749383603575554048.000000,-0.007813,0.000000,0.000000,81064862012145648.000000,31.258108
-1177827498.000000,0.000000,0.000000,3.376048,6442452014.875000,225569298719340101632.000000,0.000000,0.000000,6442452006.750000,0.000000
-5848312396394.000000,0.000000,0.000000,3.115116,1048576.261050,271713884212025982976.000000,0.000000,0.000000,30064775391.949661,0.065441
-343343675845.000000,0.000000,0.000000,4.897030,-nan,-0.007813,0.000000,0.000000,-nan,37.492725
-28880591852097.000000,0.000000,0.000000,4.680899,211106268265472.000000,32507127419925508096.000000,0.000000,0.000000,240518203112.000000,37.071119
-62150358563.000000,0.000000,0.000000,5.187146,80159407857664.000000,37426153698361769984.000000,0.000000,0.000000,34861326255783936.000000,32.886003
-210746052328745.000000,0.000000,0.000000,8.685563,0.000000,291776857483443437568.000000,0.000000,0.000000,0.000000,0.000000
1247078510782.000000,0.000000,0.000000,6.579101,230584441658857717760.000000,18786694737653.667969,0.000000,0.000000,162129724024291296.000000,0.098689
44600107899476.000000,0.000000,0.000000,6.563390,6442452015.750000,-0.007813,0.000000,0.000000,6442452024.906250,33.990499
11436015249437.000000,0.000000,0.000000,6.745952,1048576.260809,-0.007813,0.000000,0.000000,201326625.594421,0.000000
887336143762.000000,0.000000,0.000000,7.257703,-nan,926577988795.027100,0.000000,0.000000,-nan,0.088673
-147362740937.000000,0.000000,0.000000,7.102405,387028164448256.000000,9967958577776.263672,0.000000,0.000000,220676417985183744.000000,30.242349
-14945491154.000000,0.000000,0.000000,9.554024,41305111785472.000000,9443058209341.746094,0.000000,0.000000,6475995745353728.000000,31.997990
-1339662173662.000000,0.000000,0.000000,7.335241,0.000000,34936194687897174016.000000,0.000000,0.000000,0.000000,36.238435
580305190.000000,0.000000,0.000000,9.544648,246725342723353575424.000000,12190204036112187392.000000,0.000000,0.000000,162129724024291296.000000,34.036835
447285621205004.000000,0.000000,0.000000,9.711466,6442452014.875000,76301692428171083776.000000,0.000000,0.000000,6442452028.875000,33.356890
307963213.000000,0.000000,0.000000,11.089021,131072.032660,121184355226228637696.000000,0.000000,0.000000,268435523.520197,27.453734
-480349571914.000000,0.000000,0.000000,10.583126,-nan,211270229138944589824.000000,0.000000,0.000000,-nan,0.000000
27885453882679.000000,0.000000,0.000000,11.446787,228698454316544.000000,94124899066993115136.000000,0.000000,0.000000,4179341033751969792.000000,0.089633
-220745725500.000000,0.000000,0.000000,8.649850,129556632035328.000000,12177788503658760192.000000,0.000000,0.000000,147080056596856832.000000,34.244583
6407725528065.000000,0.000000,0.000000,7.207494,0.000000,45679157730676310016.000000,0.000000,0.000000,0.000000,35.475768
-1526462690414.000000,0.000000,0.000000,11.242656,246725342723353575424.000000,279274724212411105280.000000,0.000000,0.000000,202662120670625760.000000,0.000000
-209388141828746.000000,0.000000,0.000000,10.295602,6442452019.562500,127377930635034771456.000000,0.000000,0.000000,6442452020.562500,0.087714
-10909356624612.000000,0.000000,0.000000,12.341327,50331656.369331,248493324532561575936.000000,0.000000,0.000000,34359746953.895905,37.993851
43433727507980.000000,0.000000,0.000000,9.589897,-nan,-0.007813,0.000000,0.000000,-nan,38.781159
-10325152105797.000000,0.000000,0.000000,8.197940,6755400584675328.000000,76018669358239580160.000000,0.000000,0.000000,2199023808976.000000,45.154850
-13784065081.000000,0.000000,0.000000,10.187825,333534612914176.000000,132733414254922661888.000000,0.000000,0.000000,188684339641319424.000000,45.863180
1276293766953.000000,0.000000,0.000000,4.660675,0.000000,3366516070404243456.000000,0.000000,0.000000,0.000000,40.806596
-3944209704.000000,0.000000,0.000000,9.775371,239807813695712493568.000000,5036173232595.248047,0.000000,0.000000,216172919552737248.000000,41.950836
-1177827498.000000,0.000000,0.000000,4.102010,6442452017.187500,-0.007813,0.000000,0.000000,6442452008.125000,0.000000
307963213.000000,0.000000,0.000000,7.615980,16777220.215564,-0.007813,0.000000,0.000000,262144.065932,0.081025
447282230503113.000000,0.000000,0.000000,8.879774,-nan,471493839213.085266,0.000000,0.000000,-nan,51.731519
-52076624662.000000,0.000000,0.000000,5.414349,1125900192743424.000000,-0.007813,0.000000,0.000000,4785075736805376.000000,0.000000
1.000000,0.000000,0.000000,13.431103,74465679650062336.000000,181928573908198424576.000000,0.000000,0.000000,1691018021699584.000000,0.075553
23996117000.000000,0.000000,0.000000,12.773205,0.000000,229077462104639897600.000000,0.000000,0.000000,0.000000,50.891474
18550023000.000000,0.000000,0.000000,11.248832,255948714760208351232.000000,273794125027681468416.000000,0.000000,0.000000,234187318062219232.000000,50.462445
21537490000.000000,0.000000,0.000000,15.212504,6442452019.312500,-0.007813,0.000000,0.000000,6442452028.843750,45.532359
22298461000.000000,0.000000,0.000000,9.710666,524288.130815,3666007644836987392.000000,0.000000,0.000000,262144.065851,42.885441
24705279000.000000,0.000000,0.000000,10.564022,-nan,-0.007813,0.000000,0.000000,-nan,0.000000
20510148000.000000,0.000000,0.000000,12.109099,4785075747815424.000000,48669425359625052160.000000,0.000000,0.000000,4395513816301961216.000000,0.074817
22829732000.000000,0.000000,0.000000,13.284093,565742357381120.000000,133720335908745936896.000000,0.000000,0.000000,251754663072759808.000000,40.860164
21352815000.000000,0.000000,0.000000,11.106046,0.000000,-0.007813,0.000000,0.000000,0.000000,49.918533
23258571000.000000,0.000000,0.000000,13.256637,265172086797063127040.000000,285541060970986504192.000000,0.000000,0.000000,8502800494522006528.000000,40.765123
27143682000.000000,0.000000,0.000000,6.208664,6442452020.250000,1646664969.756265,0.000000,0.000000,6442452009.375000,0.000000
22148570000.000000,0.000000,0.000000,7.963377,2097152.524032,-0.007813,0.000000,0.000000,8388610.108578,0.078465
21780277000.000000,0.000000,0.000000,10.733177,-nan,33744851848969322496.000000,0.000000,0.000000,-nan,49.423070
21541234000.000000,0.000000,0.000000,7.085477,9007201542340608.000000,35789389630614827008.000000,0.000000,0.000000,4947803436512.000000,53.255924
20686822000.000000,0.000000,0.000000,7.824207,985195305959424.000000,39702160361200754688.000000,0.000000,0.000000,543593122047721472.000000,42.668830
23282763000.000000,0.000000,0.000000,8.311894,0.000000,39667890785519583232.000000,0.000000,0.000000,0.000000,0.000000
20831432000.000000,0.000000,0.000000,8.929375,281312987861558984704.000000,47931801969291689984.000000,0.000000,0.000000,10376302337554642944.000000,0.076161
21324943000.000000,0.000000,0.000000,9.076097,6442452025.656250,45681005530058473472.000000,0.000000,0.000000,6442452008.375000,48.374479
20360129000.000000,0.000000,0.000000,11.787496,131072.033052,74235243890556764160.000000,0.000000,0.000000,50331656.409219,47.189054
22545377000.000000,0.000000,0.000000,9.224579,-nan,87828937165218906112.000000,0.000000,0.000000,-nan,45.119425
20659205000.000000,0.000000,0.000000,9.997326,432345637437046784.000000,85343231648011223040.000000,0.000000,0.000000,171798726593.000000,0.000000
22601281000.000000,0.000000,0.000000,10.938363,1112888427906334720.000000,95267617115365392384.000000,0.000000,0.000000,2856216082251776.000000,0.075809
20431906000.000000,0.000000,0.000000,9.495527,0.000000,99739973022458101760.000000,0.000000,0.000000,0.000000,53.372054
20663781000.000000,0.000000,0.000000,9.101505,308983244709611634688.000000,91301001378020835328.000000,0.000000,0.000000,13835066851375183872.000000,0.000000
20197695000.000000,0.000000,0.000000,11.426306,6442452026.093750,138471422400458522624.000000,0.000000,0.000000,6442452025.531250,0.076193
21612371000.000000,0.000000,0.000000,10.427220,1610612996.085283,-0.007813,0.000000,0.000000,33554440.360150,48.566514
20474499000.000000,0.000000,0.000000,9.030689,-nan,256934899820439896064.000000,0.000000,0.000000,-nan,57.475152
21471121000.000000,0.000000,0.000000,8.624827,549439227759165440.000000,275012557261106053120.000000,0.000000,0.000000,1693353751739367424.000000,50.514766
19598934000.000000,0.000000,0.000000,9.314948,13528.220763,16136009815727.630859,0.000000,0.000000,263166639456256.000000,0.000000
21283662000.000000,0.000000,0.000000,11.196863,0.000000,6247337205198.904297,0.000000,0.000000,0.000000,0.075649
20675589000.000000,0.000000,0.000000,9.393957,336653360820175962112.000000,10123340756791.568359,0.000000,0.000000,21905526179716132864.000000,53.611961
21051563000.000000,0.000000,0.000000,7.973617,6442452025.187500,8459020918784.000000,0.000000,0.000000,6442452027.218750,53.509208
23072040000.000000,0.000000,0.000000,9.481319,4123169146129.249512,2010803643743347200.000000,0.000000,0.000000,1073742092.033008,53.353237
20543396000.000000,0.000000,0.000000,8.670043,-nan,31794943032751341568.000000,0.000000,0.000000,-nan,0.000000
20950314000.000000,0.000000,0.000000,8.602906,297237648629563392.000000,99648282520494309376.000000,0.000000,0.000000,3674937879529783296.000000,0.075553
20452386000.000000,0.000000,0.000000,9.188674,104851325432.000000,113248871946655809536.000000,0.000000,0.000000,112879592267579392.000000,54.041728
22709667000.000000,0.000000,0.000000,10.199153,0.000000,-0.007813,0.000000,0.000000,0.000000,0.000000
21694420000.000000,0.000000,0.000000,10.452405,350488418875458125824.000000,191341024209119739904.000000,0.000000,0.000000,17582061741347436544.000000,0.081121
22439007000.000000,0.000000,0.000000,8.603194,6442452027.843750,3333831990828901888.000000,0.000000,0.000000,6442452028.593750,63.441285
20001980000.000000,0.000000,0.000000,8.837981,42949681491.734329,95303786619970486272.000000,0.000000,0.000000,50331656.425391,0.000000
20031292000.000000,0.000000,0.000000,8.959167,-nan,177851971804244541440.000000,0.000000,0.000000,-nan,0.081889
19513301000.000000,0.000000,0.000000,8.768445,1981584128960626688.000000,264511502509212991488.000000,0.000000,0.000000,144115224537989120.000000,51.828481
20437666000.000000,0.000000,0.000000,11.612901,129919087009792.000000,245191550116007247872.000000,0.000000,0.000000,902222980251648.000000,51.615517
20914121000.000000,0.000000,0.000000,13.491904,0.000000,253239977792003014656.000000,0.000000,0.000000,0.000000,0.000000
19954267000.000000,0.000000,0.000000,10.202641,410440337115014168576.000000,3046705235226.434570,0.000000,0.000000,16140909860588877824.000000,0.072225
22084922000.000000,0.000000,0.000000,9.695786,6442452024.718750,-0.007813,0.000000,0.000000,6442452023.375000,50.893875
19993916000.000000,0.000000,0.000000,10.325618,201326625.630790,285475967307859623936.000000,0.000000,0.000000,8388610.111009,50.011175
22514592000.000000,0.000000,0.000000,8.725628,-nan,117177402370.950638,0.000000,0.000000,-nan,47.756038
23881171000.000000,0.000000,0.000000,6.836321,247698016124272640.000000,8320799773262.618164,0.000000,0.000000,1196268935913472.000000,0.000000
19970812000.000000,0.000000,0.000000,9.955853,2686736672751616.000000,-0.007813,0.000000,0.000000,4508720335159296.000000,0.074082
21519314000.000000,0.000000,0.000000,6.450875,0.000000,-0.007813,0.000000,0.000000,0.000000,51.624189
21101548000.000000,0.000000,0.000000,8.143476,26388295843839.996094,10380573130752.000000,0.000000,0.000000,18158522493650860032.000000,54.805291
24713215000.000000,0.000000,0.000000,9.342789,6442452022.437500,10061164393700.355469,0.000000,0.000000,6442452016.625000,55.520181
22430174000.000000,0.000000,0.000000,9.880813,402653251.278854,-0.007813,0.000000,0.000000,25769808072.295006,0.000000
20855496000.000000,0.000000,0.000000,8.686235,-nan,38726075505972666368.000000,0.000000,0.000000,-nan,0.072993
21047339000.000000,0.000000,0.000000,8.459064,42784205416955904.000000,212050759283827474432.000000,0.000000,0.000000,495396032029392896.000000,56.677381
22277596000.000000,0.000000,0.000000,8.875134,16902347790745600.000000,58816563088259629056.000000,0.000000,0.000000,26342062159872.000000,57.404559
21101995000.000000,0.000000,0.000000,9.233059,0.000000,64165361708250996736.000000,0.000000,0.000000,0.000000,57.733876
20232224000.000000,0.000000,0.000000,9.581704,36893523331791183872.000000,21835953763298525184.000000,0.000000,0.000000,46116895368645959680.000000,0.000000
21142732000.000000,0.000000,0.000000,8.672251,6442452017.125000,12231726144231671808.000000,0.000000,0.000000,6442452025.312500,0.095106
21975448000.000000,0.000000,0.000000,9.065568,201326625.832907,127119395880009367552.000000,0.000000,0.000000,402653251.508197,54.482534
20816648000.000000,0.000000,0.000000,7.721262,-nan,248669105632287129600.000000,0.000000,0.000000,-nan,47.815879
21495666000.000000,0.000000,0.000000,8.653595,131941413202688.000000,2930557510983943168.000000,0.000000,0.000000,49539605042692096.000000,50.220489
20692166000.000000,0.000000,0.000000,8.430904,86383151013888.000000,227424005161100509184.000000,0.000000,0.000000,147908363248.000000,0.000000
22899749000.000000,0.000000,0.000000,7.776591,0.000000,18027238589091282944.000000,0.000000,0.000000,0.000000,0.072097
19591766000.000000,0.000000,0.000000,7.738158,255948714760208351232.000000,-0.007813,0.000000,0.000000,142962336939993186304.000000,55.543253
22132986000.000000,0.000000,0.000000,8.641851,6442452015.000000,35237445248082140.000000,0.000000,0.000000,6442452021.937500,0.000000
19984700000.000000,0.000000,0.000000,7.495467,33554440.375360,-0.007813,0.000000,0.000000,134217761.392322,0.076545
23353868000.000000,0.000000,0.000000,7.860496,-nan,3310258458538672128.000000,0.000000,0.000000,-nan,62.058609
21550482000.000000,0.000000,0.000000,8.489016,7036875561582592.000000,-0.007813,0.000000,0.000000,1585267361533919232.000000,0.000000
21367087000.000000,0.000000,0.000000,6.644606,670782761926656.000000,192724124429041074176.000000,0.000000,0.000000,186658901784002560.000000,0.076193
20880713000.000000,0.000000,0.000000,9.627049,0.000000,211827971840355139584.000000,0.000000,0.000000,0.000000,61.162980
20457155000.000000,0.000000,0.000000,8.804573,279007144852345290752.000000,273173331965435052032.000000,0.000000,0.000000,239807813695712493568.000000,52.913936
22737955000.000000,0.000000,0.000000,11.451587,6442452015.000000,272865257604364795904.000000,0.000000,0.000000,6442452028.343750,51.240984
20558564000.000000,0.000000,0.000000,10.064815,524288.130967,257688241290.065369,0.000000,0.000000,262144.066009,0.000000
20049020000.000000,0.000000,0.000000,11.748327,-nan,855141126979.215698,0.000000,0.000000,-nan,0.070881
20776903000.000000,0.000000,0.000000,9.634857,228698454323712.000000,1335660652652.780029,0.000000,0.000000,3242592317223206912.000000,57.315055
19770936000.000000,0.000000,0.000000,11.107101,835650450292736.000000,4964054196224.000000,0.000000,0.000000,298381138332745728.000000,56.453538
22458526000.000000,0.000000,0.000000,7.097669,0.000000,35684892047182901248.000000,0.000000,0.000000,0.000000,50.933523
20937962000.000000,0.000000,0.000000,8.493528,805306880.000000,42934759736309899264.000000,0.000000,0.000000,281312987861558984704.000000,0.000000
19189137000.000000,0.000000,0.000000,7.511882,6442452015.250000,49993589203589758976.000000,0.000000,0.000000,6442452021.937500,0.072705
22267804000.000000,0.000000,0.000000,6.746912,8589936750.519360,63420790020468867072.000000,0.000000,0.000000,12884904019.662270,59.504301
20693830000.000000,0.000000,0.000000,11.216095,-nan,76706312726484467712.000000,0.000000,0.000000,-nan,0.000000
23201738000.000000,0.000000,0.000000,8.976991,281475045687296.000000,95561547362801909760.000000,0.000000,0.000000,990792059621212160.000000,0.069601
20779015000.000000,0.000000,0.000000,10.869275,92844703703105536.000000,98319861400012947456.000000,0.000000,0.000000,200832431299756032.000000,62.897374
21766934000.000000,0.000000,0.000000,8.418871,0.000000,-0.007813,0.000000,0.000000,0.000000,58.028088
20242271000.000000,0.000000,0.000000,6.895906,2473903259647.999512,155554858620080357376.000000,0.000000,0.000000,1073742848.000000,47.186815
22628802000.000000,0.000000,0.000000,7.317192,6442452023.687500,-0.007813,0.000000,0.000000,6442452026.750000,0.000000
19902203000.000000,0.000000,0.000000,8.876766,2097152.521502,131574826815073550336.000000,0.000000,0.000000,131072.032972,0.072545
21336879000.000000,0.000000,0.000000,6.590174,-nan,131656279904614006784.000000,0.000000,0.000000,-nan,50.571054
20574212000.000000,0.000000,0.000000,12.104268,76561211520450560.000000,63224684839.696190,0.000000,0.000000,846676871746682880.000000,0.000000
19694136000.000000,0.000000,0.000000,15.808033,45746644840448.000000,-0.007813,0.000000,0.000000,226366114953691136.000000,0.078593
19492597000.000000,0.000000,0.000000,9.205891,0.000000,1401494986139821312.000000,0.000000,0.000000,0.000000,45.035840
21274030000.000000,0.000000,0.000000,13.276252,3573414887423.999512,-0.007813,0.000000,0.000000,268435712.000000,0.000000
21605075000.000000,0.000000,0.000000,14.939060,6442452020.187500,3094014171394605056.000000,0.000000,0.000000,6442452026.437500,0.082146
20484578000.000000,0.000000,0.000000,13.213948,524288.131350,16879638720762871808.000000,0.000000,0.000000,67108880.884644,55.258321
21163884000.000000,0.000000,0.000000,14.264491,-nan,26117927023066726400.000000,0.000000,0.000000,-nan,49.165499
22609761000.000000,0.000000,0.000000,15.076150,6755400557264896.000000,27283497309411680256.000000,0.000000,0.000000,3848291247296.000000,46.939802
22136346000.000000,0.000000,0.000000,10.003086,1685781382823936.000000,35747608190721642496.000000,0.000000,0.000000,170904274547507200.000000,0.000000
22227036000.000000,0.000000,0.000000,7.148389,0.000000,81300125085514956800.000000,0.000000,0.000000,0.000000,0.079777
23939476000.000000,0.000000,0.000000,7.474538,24189272588287.996094,180063942924680953856.000000,0.000000,0.000000,2955489402945535.500000,47.752646
20207071000.000000,0.000000,0.000000,12.802421,6442452020.187500,206936640434768117760.000000,0.000000,0.000000,6442452004.000000,54.917004
20094333000.000000,0.000000,0.000000,8.403703,524288.131122,9598054517532.464844,0.000000,0.000000,16777220.225638,0.000000
19838778000.000000,0.000000,0.000000,6.290841,-nan,28481560267545112576.000000,0.000000,0.000000,-nan,0.081921
22081369000.000000,0.000000,0.000000,4.126779,7599825490673664.000000,26094951628340375552.000000,0.000000,0.000000,171798726198.000000,44.917694
22766307000.000000,0.000000,0.000000,1.995900,2578363910455296.000000,38075657212475146240.000000,0.000000,0.000000,993545786560086016.000000,55.291185
21764981000.000000,0.000000,0.000000,3.739829,0.000000,93652091476234780672.000000,0.000000,0.000000,0.000000,44.011569
20562788000.000000,0.000000,0.000000,3.999128,4755805604549753856.000000,160649347119770796032.000000,0.000000,0.000000,3096226891300863.500000,0.000000
20358241000.000000,0.000000,0.000000,6.682847,6442452025.625000,268548135143850180608.000000,0.000000,0.000000,6442452025.687500,0.075297
22051161000.000000,0.000000,0.000000,5.457742,16777220.197538,74475164883270762496.000000,0.000000,0.000000,32768.008256,50.682864
20849289000.000000,0.000000,0.000000,4.574529,-nan,250458160554906091520.000000,0.000000,0.000000,-nan,51.467707
19699575000.000000,0.000000,0.000000,6.370714,414331238537494528.000000,571575247197.317017,0.000000,0.000000,450360034824552448.000000,47.935497
20274048000.000000,0.000000,0.000000,8.325910,4484427446747136.000000,-0.007813,0.000000,0.000000,25356701068689408.000000,0.000000
21773269000.000000,0.000000,0.000000,6.406107,0.000000,47949816367801171968.000000,0.000000,0.000000,0.000000,0.072033
21362575000.000000,0.000000,0.000000,8.494840,54187345900893888512.000000,100882550306011906048.000000,0.000000,0.000000,2392539449524223.500000,44.884925
23211210000.000000,0.000000,0.000000,6.265049,6442452011.750000,49004837991855611904.000000,0.000000,0.000000,6442452025.593750,53.630330
21626995000.000000,0.000000,0.000000,4.089402,32768.008142,110021620602247331840.000000,0.000000,0.000000,134217761.652426,46.122607
19944187000.000000,0.000000,0.000000,4.037689,-nan,12658371842123692032.000000,0.000000,0.000000,-nan,43.859215
21903319000.000000,0.000000,0.000000,4.169435,30786330035648.000000,272477947880847671296.000000,0.000000,0.000000,558446426162462720.000000,0.000000
22281372000.000000,0.000000,0.000000,3.807254,30331935782912.000000,127740611147231576064.000000,0.000000,0.000000,48646595155066880.000000,0.078049
23788594000.000000,0.000000,0.000000,4.336766,0.000000,231580900556667387904.000000,0.000000,0.000000,0.000000,53.227188
20042172000.000000,0.000000,0.000000,4.055930,58799031919321276416.000000,46383848513670037504.000000,0.000000,0.000000,33777014385147900.000000,47.417153
20341377000.000000,0.000000,0.000000,5.245130,6442452013.375000,18039126668933869568.000000,0.000000,0.000000,6442452026.031250,48.037706
19831738000.000000,0.000000,0.000000,6.075638,201326625.351663,478432790887.557739,0.000000,0.000000,2097152.525392,0.000000
20789671000.000000,0.000000,0.000000,3.603827,-nan,-0.007813,0.000000,0.000000,-nan,0.083650
21391920000.000000,0.000000,0.000000,4.240764,87960948058624.000000,-0.007813,0.000000,0.000000,24769802475929600.000000,49.729410
21416656000.000000,0.000000,0.000000,4.356286,25762560342016.000000,38835656621910130688.000000,0.000000,0.000000,107875972669440.000000,0.000000
21251246000.000000,0.000000,0.000000,12.000362,0.000000,248302176256.432037,0.000000,0.000000,0.000000,0.088162
19307602000.000000,0.000000,0.000000,12.457009,67445943203872628736.000000,439205300405.356628,0.000000,0.000000,36028831378702328.000000,51.657758
24415835000.000000,0.000000,0.000000,5.881300,6442452024.250000,15693613219338203136.000000,0.000000,0.000000,6442452021.687500,0.000000
19868794000.000000,0.000000,0.000000,4.175195,262144.065927,31821577617575972864.000000,0.000000,0.000000,134217761.294617,0.081889
21093867000.000000,0.000000,0.000000,9.017728,-nan,36035750604196032512.000000,0.000000,0.000000,-nan,46.392819
21166284000.000000,0.000000,0.000000,5.031047,175640421999312896.000000,41821279910663356416.000000,0.000000,0.000000,157626023215628288.000000,48.868086
21554866000.000000,0.000000,0.000000,4.460671,100931749164351488.000000,46344934631148625920.000000,0.000000,0.000000,7183570132533248.000000,44.348182
21203277000.000000,0.000000,0.000000,9.997710,0.000000,78613164941612154880.000000,0.000000,0.000000,0.000000,0.000000
21239149000.000000,0.000000,0.000000,7.400521,73210550726906863616.000000,84258919669618769920.000000,0.000000,0.000000,229683718434848736.000000,0.121378
21636243000.000000,0.000000,0.000000,9.012608,6442452018.750000,90506116042838786048.000000,0.000000,0.000000,6442452023.250000,49.860164
21953751000.000000,0.000000,0.000000,13.926694,32768.008154,96022814478302265344.000000,0.000000,0.000000,131072.032809,0.000000
24494268000.000000,0.000000,0.000000,10.419156,-nan,-0.007813,0.000000,0.000000,-nan,0.090721
19676632000.000000,0.000000,0.000000,7.175398,4362862709907456.000000,34520069119202557952.000000,0.000000,0.000000,558446426315554816.000000,47.690053
19189008000.000000,0.000000,0.000000,11.572741,68221571166208.000000,104832559044183162880.000000,0.000000,0.000000,8722212101554176.000000,0.000000
20859848000.000000,0.000000,0.000000,13.805028,0.000000,-0.007813,0.000000,0.000000,0.000000,0.090209
22056569000.000000,0.000000,0.000000,8.894655,100304241269539848192.000000,-0.007813,0.000000,0.000000,225180118807478240.000000,46.772280
20880681000.000000,0.000000,0.000000,10.407668,6442452017.312500,25868979904876339200.000000,0.000000,0.000000,6442452025.968750,47.296192
17175892001.000000,0.000000,0.000000,11.861897,402653251.449012,30328088985318383616.000000,0.000000,0.000000,32768.008209,43.203814
18516519000.000000,0.000000,0.000000,10.684632,-nan,59254010374842277888.000000,0.000000,0.000000,-nan,47.839623
19772377000.000000,0.000000,0.000000,10.104975,1196268936593408.000000,69505927173592891392.000000,0.000000,0.000000,468374433770242048.000000,0.000000
20035133000.000000,0.000000,0.000000,8.113299,105579247376007168.000000,107361119114779525120.000000,0.000000,0.000000,6641966166573056.000000,0.091169
19423540000.000000,0.000000,0.000000,8.471704,0.000000,107278224744844754944.000000,0.000000,0.000000,0.000000,38.125534
20345280000.000000,0.000000,0.000000,9.638760,115292220829428858880.000000,206086726702571585536.000000,0.000000,0.000000,216172919552737248.000000,0.000000
19361843000.000000,0.000000,0.000000,8.553498,6442452014.125000,438927429782.792419,0.000000,0.000000,6442452025.343750,0.089153
17716188000.000000,0.000000,0.000000,10.649239,34359746908.117752,5588114253721.570312,0.000000,0.000000,1048576.262532,46.919546
18803723000.000000,0.000000,0.000000,10.716697,-nan,25811479630379483136.000000,0.000000,0.000000,-nan,46.395219
21517330000.000000,0.000000,0.000000,8.146260,123145320160256.000000,73446787949179019264.000000,0.000000,0.000000,211669218745122816.000000,39.054538
22420382000.000000,0.000000,0.000000,6.006325,48382412582912.000000,217604964219343241216.000000,0.000000,0.000000,6326810056327168.000000,44.136243
18395205000.000000,0.000000,0.000000,11.625125,0.000000,188526347368277049344.000000,0.000000,0.000000,0.000000,0.000000
21222989000.000000,0.000000,0.000000,9.944653,144115258444600033280.000000,-0.007813,0.000000,0.000000,211669319925366752.000000,0.089089
18107649000.000000,0.000000,0.000000,8.882622,6442452019.062500,-0.007813,0.000000,0.000000,6442452024.593750,45.505094
19693752000.000000,0.000000,0.000000,9.252931,1048576.260692,609387421872.909790,0.000000,0.000000,2097152.525063,41.238058
22024793000.000000,0.000000,0.000000,9.458086,-nan,-0.007813,0.000000,0.000000,-nan,38.904361
18644201000.000000,0.000000,0.000000,9.626472,3659175268671488.000000,442332678506.125671,0.000000,0.000000,824633859688.000000,0.000000
17938879000.000000,0.000000,0.000000,8.770045,26839506614272.000000,942617530968.442749,0.000000,0.000000,2.439456,0.093505
17280853000.000000,0.000000,0.000000,9.458406,0.000000,-0.007813,0.000000,0.000000,0.000000,46.409587
17290837000.000000,0.000000,0.000000,11.069918,276701301843131596800.000000,8740267927543.444336,0.000000,0.000000,5188151168777321472.000000,44.040337
17139828001.000000,0.000000,0.000000,8.453112,6442452017.375000,157127954368510459904.000000,0.000000,0.000000,6442452006.250000,40.973542
16524107000.000000,0.000000,0.000000,8.952063,32768.008225,47575296951087923200.000000,0.000000,0.000000,16777220.230828,0.000000
17246261000.000000,0.000000,0.000000,10.614679,-nan,12157196854203047936.000000,0.000000,0.000000,-nan,0.088001
17679612000.000000,0.000000,0.000000,9.932333,1266637681143808.000000,44566610897174142976.000000,0.000000,0.000000,30064775415.125000,41.783793
18253123000.000000,0.000000,0.000000,8.550809,33673630359486464.000000,218900874943264849920.000000,0.000000,0.000000,8177388125696.000000,0.000000
16947761000.000000,0.000000,0.000000,8.593338,0.000000,179411551746168717312.000000,0.000000,0.000000,0.000000,0.133538
16271687000.000000,0.000000,0.000000,11.361122,424275395170296332288.000000,-0.007813,0.000000,0.000000,5764611921080744960.000000,48.251086
17680443000.000000,0.000000,0.000000,8.912254,6442452021.687500,50304513501230661632.000000,0.000000,0.000000,6442452002.000000,47.101597
17797757000.000000,0.000000,0.000000,8.847358,536871047.332558,-0.007813,0.000000,0.000000,3023657519736.927734,42.815616
15462620000.000000,0.000000,0.000000,8.815645,-nan,3458279114761363456.000000,0.000000,0.000000,-nan,0.000000
15448828000.000000,0.000000,0.000000,8.058739,30399302062440448.000000,228817378974805327872.000000,0.000000,0.000000,85568411202224128.000000,0.088353
18312836000.000000,0.000000,0.000000,8.724476,1365479375822127104.000000,429973901244.042908,0.000000,0.000000,772596355.937500,48.939287
16741358001.000000,0.000000,0.000000,8.047858,0.000000,1029157034756.258423,0.000000,0.000000,0.000000,47.527075
14672912000.000000,0.000000,0.000000,11.091358,34359771135.999992,1021897997312.000000,0.000000,0.000000,136044807912352104448.000000,41.925875
16259303000.000000,0.000000,0.000000,9.879437,6442452002.000000,25938873636644519936.000000,0.000000,0.000000,6442452030.281250,0.000000
17589242000.000000,0.000000,0.000000,10.223569,402653250.955563,25969510237616472064.000000,0.000000,0.000000,131072.032328,0.092353
17255253000.000000,0.000000,0.000000,10.230257,-nan,53652658337444798464.000000,0.000000,0.000000,-nan,43.517098
16743438001.000000,0.000000,0.000000,8.398007,4785075720421376.000000,92875853857097383936.000000,0.000000,0.000000,8646912454778945536.000000,38.657797
18462246000.000000,0.000000,0.000000,10.865050,761873649565696.000000,-0.007813,0.000000,0.000000,46735925500.000000,40.630113
16345865000.000000,0.000000,0.000000,7.708877,0.000000,5722910819536.956055,0.000000,0.000000,0.000000,46.188752
18082241000.000000,0.000000,0.000000,8.113427,6047318147071.999023,1420070130761800960.000000,0.000000,0.000000,8589942783.999998,40.615553
16325992000.000000,0.000000,0.000000,9.868908,6442452014.750000,-0.007813,0.000000,0.000000,6442452022.375000,0.000000
16664717000.000000,0.000000,0.000000,11.462242,1610613005.832433,29593738360375906304.000000,0.000000,0.000000,4194305.011180,0.086817
15372347000.000000,0.000000,0.000000,7.834319,-nan,26067736514714267648.000000,0.000000,0.000000,-nan,40.227004
17750652000.000000,0.000000,0.000000,10.758297,247698015927664640.000000,38230996211250757632.000000,0.000000,0.000000,33777001634463744.000000,46.936507
17525049000.000000,0.000000,0.000000,7.738190,266391086983806976.000000,82468809164629557248.000000,0.000000,0.000000,1093952638652776448.000000,39.215502
18619433000.000000,0.000000,0.000000,6.330713,0.000000,81987135133494968320.000000,0.000000,0.000000,0.000000,0.000000
17807805000.000000,0.000000,0.000000,5.283339,5908727109156600832.000000,-0.007813,0.000000,0.000000,824634245119.999878,0.092546
16724877000.000000,0.000000,0.000000,4.632610,6442452024.593750,98973375922491768832.000000,0.000000,0.000000,6442452026.125000,35.695611
18573256000.000000,0.000000,0.000000,4.147739,262144.065952,211062922812856696832.000000,0.000000,0.000000,3221226000.923099,0.000000
16681805000.000000,0.000000,0.000000,4.501792,-nan,231483228721592631296.000000,0.000000,0.000000,-nan,0.072577
17819613000.000000,0.000000,0.000000,4.593506,220676418154004480.000000,389964173470.523865,0.000000,0.000000,864691270658818048.000000,77.364715
18646056000.000000,0.000000,0.000000,4.321949,228113101491273728.000000,637679571928.780273,0.000000,0.000000,166724206216609792.000000,71.644314
16074404001.000000,0.000000,0.000000,2.733831,0.000000,36539573103336411136.000000,0.000000,0.000000,0.000000,59.493997
19038190000.000000,0.000000,0.000000,7.065604,40352287845611724800.000000,36503685162533793792.000000,0.000000,0.000000,7599828666155007.000000,57.303086
16625580000.000000,0.000000,0.000000,4.376926,6442452013.125000,54226480270906392576.000000,0.000000,0.000000,6442452026.718750,58.619425
18357636000.000000,0.000000,0.000000,4.061690,1610613001.928750,99881273444768694272.000000,0.000000,0.000000,100663312.562210,52.796782
16119493000.000000,0.000000,0.000000,7.175430,-nan,1884702384729.673340,0.000000,0.000000,-nan,56.728582
18084864000.000000,0.000000,0.000000,3.774837,5066550723018752.000000,27383730325.729393,0.000000,0.000000,1026820859316142080.000000,0.000000
16249255001.000000,0.000000,0.000000,5.105321,50002655440896.000000,16132349045875146752.000000,0.000000,0.000000,327.968569,0.065857
15154839000.000000,0.000000,0.000000,3.539123,0.000000,113572286701508493312.000000,0.000000,0.000000,0.000000,54.424709
14751762000.000000,0.000000,0.000000,4.640642,100304241269539848192.000000,59379196397791313920.000000,0.000000,0.000000,8162778619576319.000000,51.361530
16787566001.000000,0.000000,0.000000,6.629118,6442452013.750000,204017744925513351168.000000,0.000000,0.000000,6442452026.187500,35.626810
16894576000.000000,0.000000,0.000000,9.890060,268435522.756533,12064741115665436672.000000,0.000000,0.000000,1048576.262140,63.153889
15806816000.000000,0.000000,0.000000,10.497269,-nan,225927756969709764608.000000,0.000000,0.000000,-nan,0.000000
14929044000.000000,0.000000,0.000000,7.370729,30786330040576.000000,57127659827172999168.000000,0.000000,0.000000,702561686145466368.000000,0.057760
14798098000.000000,0.000000,0.000000,5.273675,50863595057152.000000,171451934467543040000.000000,0.000000,0.000000,288658.064423,71.810268
15783008000.000000,0.000000,0.000000,6.791488,0.000000,3066669317211815936.000000,0.000000,0.000000,0.000000,53.813788
15868545000.000000,0.000000,0.000000,6.317850,108374691801787777024.000000,22881668464791498752.000000,0.000000,0.000000,166633323651661792.000000,53.810652
15155543000.000000,0.000000,0.000000,7.764431,6442452011.750000,10212578820455.964844,0.000000,0.000000,6442452020.625000,47.708870
