num_seq = 1
file name: dataset-MH02_stereo_imu
Loading images for sequence 0...LOADED!
Loading IMU for sequence 0...LOADED!

-------

ORB-SLAM3 Copyright (C) 2017-2020 Carlos Campos, Richard Elvira, Juan J. Gómez, José M.M. Montiel and Juan D. Tardós, University of Zaragoza.
ORB-SLAM2 Copyright (C) 2014-2016 Raúl Mur-Artal, José M.M. Montiel and Juan D. Tardós, University of Zaragoza.
This program comes with ABSOLUTELY NO WARRANTY;
This is free software, and you are welcome to redistribute it
under certain conditions. See LICENSE.txt.

Built with REGISTER_TIMES
Git Commit Hash: c2409e6

Build Type: Release

Compiled with C++ version: 201703

Input sensor was set to: Stereo-Inertial
Loading settings from ./Examples/Stereo-Inertial/EuRoC_pid_deadlines.yaml
	-Loaded camera 1
	-Loaded camera 2
	-Loaded image info
	-Loaded IMU calibration
	-Loaded ORB settings
	-Loaded viewer settings
	-Loaded Atlas settings
Deadlines enabled, will skip frames!
PID SLAM enabled!
	-Loaded misc parameters
	-Computed rectification maps
----------------------------------
SLAM settings: 
	-Camera 1 parameters (Pinhole): [ 458.65399169921875 457.29598999023438 367.21499633789062 248.375 ]
	-Camera 1 distortion parameters: [  -0.28340810537338257 0.073959067463874817 0.00019359000725671649 1.7618711353861727e-05 ]
	-Camera 2 parameters (Pinhole: [ 457.58700561523438 456.13400268554688 379.99899291992188 255.23800659179688 ]
	-Camera 1 distortion parameters: [  -0.2836836576461792 0.074512839317321777 -0.00010473000293131918 -3.555907096597366e-05 ]
	-Original image size: [ 752 , 480 ]
	-Current image size: [ 752 , 480 ]
	-Camera 1 parameters after rectification: [  456.71499633789062 456.71499633789062 364.52615356445312 257.268798828125 ]
	-Sequence FPS: 20
	-Stereo baseline: 0.11007784307003021
	-Stereo depth threshold : 60
	-Gyro noise: 0.00016999999934341758
	-Accelerometer noise: 0.0020000000949949026
	-Gyro walk: 1.9392999092815444e-05
	-Accelerometer walk: 0.0030000000260770321
	-IMU frequency: 200
	-Features per image: 1200
	-ORB scale factor: 1.2000000476837158
	-ORB number of scales: 8
	-Initial FAST threshold: 20
	-Min FAST threshold: 7


Loading ORB Vocabulary. This could take a while...
Vocabulary loaded!

Initialization of Atlas from scratch 
Creation of new map with id: 0
Creation of new map with last KF id: 0
Seq. Name: 
There are 1 cameras in the atlas
Camera 0 is pinhole
SLAM Started at System Time: 1748962700.08196
not IMU meas
not IMU meas
[MF-SEL] tPrev=(  d=0.000000  dMin=0.000000  dAvg=0.000000  dMax=0.000000  Dlo=0.000000  Dhi=0.000000  err=0.000000  inc=0.000000  bucket 0->0  (mf=1000)
not enough acceleration
[MF-SEL] tPrev=(  d=0.000000  dMin=0.000000  dAvg=0.000000  dMax=0.000000  Dlo=0.000000  Dhi=0.000000  err=0.000000  inc=0.000000  bucket 0->0  (mf=1000)
not enough acceleration
[MF-SEL] tPrev=(  d=0.000000  dMin=0.000000  dAvg=0.000000  dMax=0.000000  Dlo=0.000000  Dhi=0.000000  err=0.000000  inc=0.000000  bucket 0->0  (mf=1000)
not enough acceleration
[MF-SEL] tPrev=(  d=0.000000  dMin=0.000000  dAvg=0.000000  dMax=0.000000  Dlo=0.000000  Dhi=0.000000  err=0.000000  inc=0.000000  bucket 0->0  (mf=1000)
not enough acceleration
[MF-SEL] tPrev=(  d=0.000000  dMin=0.000000  dAvg=0.000000  dMax=0.000000  Dlo=0.000000  Dhi=0.000000  err=0.000000  inc=0.000000  bucket 0->0  (mf=1000)
not enough acceleration
[MF-SEL] tPrev=(  d=0.000000  dMin=0.000000  dAvg=0.000000  dMax=0.000000  Dlo=0.000000  Dhi=0.000000  err=0.000000  inc=0.000000  bucket 0->0  (mf=1000)
not enough acceleration
[MF-SEL] tPrev=(  d=0.000000  dMin=0.000000  dAvg=0.000000  dMax=0.000000  Dlo=0.000000  Dhi=0.000000  err=0.000000  inc=0.000000  bucket 0->0  (mf=1000)
First KF:0; Map init KF:0
New Map created with 150 points
Active map: 0
[MF-SEL] tPrev=(  d=0.000000  dMin=0.000000  dAvg=0.000000  dMax=0.000000  Dlo=0.000000  Dhi=0.000000  err=1.000000  inc=0.917008  bucket 0->1  (mf=900)
[MF-SEL] tPrev=(  d=0.010475  dMin=0.000000  dAvg=0.001047  dMax=0.010475  Dlo=0.000524  Dhi=0.005761  err=1.000000  inc=0.605370  bucket 1->2  (mf=800)
[MF-SEL] tPrev=(  d=0.009619  dMin=0.000000  dAvg=0.001827  dMax=0.010475  Dlo=0.000913  Dhi=0.006151  err=1.000000  inc=0.607720  bucket 2->3  (mf=700)
[MF-SEL] tPrev=(  d=0.009290  dMin=0.000000  dAvg=0.002449  dMax=0.010475  Dlo=0.001224  Dhi=0.006462  err=1.000000  inc=0.609954  bucket 3->4  (mf=600)
[MF-SEL] tPrev=(  d=0.009698  dMin=0.000000  dAvg=0.003006  dMax=0.010475  Dlo=0.001503  Dhi=0.006741  err=1.000000  inc=0.612625  bucket 4->5  (mf=510)
[MF-SEL] tPrev=(  d=0.010948  dMin=0.000000  dAvg=0.003574  dMax=0.010948  Dlo=0.001787  Dhi=0.007261  err=1.000000  inc=0.615174  bucket 5->5  (mf=510)
[MF-SEL] tPrev=(  d=0.012499  dMin=0.000000  dAvg=0.004169  dMax=0.012499  Dlo=0.002084  Dhi=0.008334  err=1.000000  inc=0.617698  bucket 5->5  (mf=510)
[MF-SEL] tPrev=(  d=0.015005  dMin=0.000000  dAvg=0.004846  dMax=0.015005  Dlo=0.002423  Dhi=0.009925  err=1.000000  inc=0.620167  bucket 5->5  (mf=510)
[MF-SEL] tPrev=(  d=0.017657  dMin=0.000000  dAvg=0.005600  dMax=0.017657  Dlo=0.002800  Dhi=0.011628  err=1.000000  inc=0.622667  bucket 5->5  (mf=510)
[MF-SEL] tPrev=(  d=0.019777  dMin=0.000000  dAvg=0.006387  dMax=0.019777  Dlo=0.003194  Dhi=0.013082  err=1.000000  inc=0.625273  bucket 5->5  (mf=510)
[MF-SEL] tPrev=(  d=0.019793  dMin=0.000000  dAvg=0.007093  dMax=0.019793  Dlo=0.003546  Dhi=0.013443  err=1.000000  inc=0.627690  bucket 5->5  (mf=510)
[MF-SEL] tPrev=(  d=0.024916  dMin=0.000000  dAvg=0.007984  dMax=0.024916  Dlo=0.003992  Dhi=0.016450  err=1.000000  inc=0.630389  bucket 5->5  (mf=510)
[MF-SEL] tPrev=(  d=0.021239  dMin=0.000000  dAvg=0.008615  dMax=0.024916  Dlo=0.004308  Dhi=0.016766  err=1.000000  inc=0.632765  bucket 5->5  (mf=510)
[MF-SEL] tPrev=(  d=0.025332  dMin=0.000000  dAvg=0.009375  dMax=0.025332  Dlo=0.004687  Dhi=0.017354  err=1.000000  inc=0.635260  bucket 5->5  (mf=510)
[MF-SEL] tPrev=(  d=0.023026  dMin=0.000000  dAvg=0.009968  dMax=0.025332  Dlo=0.004984  Dhi=0.017650  err=1.000000  inc=0.637722  bucket 5->5  (mf=510)
[MF-SEL] tPrev=(  d=0.015935  dMin=0.000000  dAvg=0.010217  dMax=0.025332  Dlo=0.005109  Dhi=0.017775  err=0.000000  inc=-0.269293  bucket 5->5  (mf=510)
[MF-SEL] tPrev=(  d=0.030853  dMin=0.000000  dAvg=0.011043  dMax=0.030853  Dlo=0.005521  Dhi=0.020948  err=1.000000  inc=0.955441  bucket 5->5  (mf=510)
[MF-SEL] tPrev=(  d=0.017612  dMin=0.000000  dAvg=0.011295  dMax=0.030853  Dlo=0.005648  Dhi=0.021074  err=0.000000  inc=-0.273655  bucket 5->5  (mf=510)
[MF-SEL] tPrev=(  d=0.022022  dMin=0.000000  dAvg=0.011693  dMax=0.030853  Dlo=0.005846  Dhi=0.021273  err=1.000000  inc=0.972309  bucket 5->5  (mf=510)
[MF-SEL] tPrev=(  d=0.017743  dMin=0.000000  dAvg=0.011909  dMax=0.030853  Dlo=0.005954  Dhi=0.021381  err=0.000000  inc=-0.271811  bucket 5->5  (mf=510)
[MF-SEL] tPrev=(  d=0.005034  dMin=0.000000  dAvg=0.011672  dMax=0.030853  Dlo=0.005836  Dhi=0.021263  err=-1.000000  inc=-0.876002  bucket 5->4  (mf=600)
[MF-SEL] tPrev=(  d=0.028835  dMin=0.000000  dAvg=0.012244  dMax=0.030853  Dlo=0.006122  Dhi=0.021549  err=1.000000  inc=1.237921  bucket 4->5  (mf=510)
[MF-SEL] tPrev=(  d=0.006695  dMin=0.000000  dAvg=0.012065  dMax=0.030853  Dlo=0.006032  Dhi=0.021459  err=0.000000  inc=-0.294589  bucket 5->5  (mf=510)
[MF-SEL] tPrev=(  d=0.012095  dMin=0.000000  dAvg=0.012066  dMax=0.030853  Dlo=0.006033  Dhi=0.021460  err=0.000000  inc=0.042846  bucket 5->5  (mf=510)
[MF-SEL] tPrev=(  d=0.035052  dMin=0.000000  dAvg=0.012762  dMax=0.035052  Dlo=0.006381  Dhi=0.023907  err=1.000000  inc=0.964488  bucket 5->5  (mf=510)
[MF-SEL] tPrev=(  d=0.036493  dMin=0.000000  dAvg=0.013460  dMax=0.036493  Dlo=0.006730  Dhi=0.024977  err=1.000000  inc=0.647850  bucket 5->5  (mf=510)
[MF-SEL] tPrev=(  d=0.026487  dMin=0.000000  dAvg=0.013832  dMax=0.036493  Dlo=0.006916  Dhi=0.025163  err=1.000000  inc=0.650340  bucket 5->5  (mf=510)
[MF-SEL] tPrev=(  d=0.029828  dMin=0.000000  dAvg=0.014277  dMax=0.036493  Dlo=0.007138  Dhi=0.025385  err=1.000000  inc=0.652911  bucket 5->5  (mf=510)
[MF-SEL] tPrev=(  d=0.031455  dMin=0.000000  dAvg=0.014741  dMax=0.036493  Dlo=0.007370  Dhi=0.025617  err=1.000000  inc=0.655335  bucket 5->5  (mf=510)
[MF-SEL] tPrev=(  d=0.030480  dMin=0.000000  dAvg=0.015155  dMax=0.036493  Dlo=0.007578  Dhi=0.025824  err=1.000000  inc=0.657846  bucket 5->5  (mf=510)
[MF-SEL] tPrev=(  d=0.024257  dMin=0.000000  dAvg=0.015389  dMax=0.036493  Dlo=0.007694  Dhi=0.025941  err=0.000000  inc=-0.272250  bucket 5->5  (mf=510)
[MF-SEL] tPrev=(  d=0.022179  dMin=0.000000  dAvg=0.015558  dMax=0.036493  Dlo=0.007779  Dhi=0.026026  err=0.000000  inc=0.057846  bucket 5->5  (mf=510)
[MF-SEL] tPrev=(  d=0.016219  dMin=0.000000  dAvg=0.015574  dMax=0.036493  Dlo=0.007787  Dhi=0.026034  err=0.000000  inc=0.057846  bucket 5->5  (mf=510)
[MF-SEL] tPrev=(  d=0.011678  dMin=0.000000  dAvg=0.015482  dMax=0.036493  Dlo=0.007741  Dhi=0.025987  err=0.000000  inc=0.057846  bucket 5->5  (mf=510)
[MF-SEL] tPrev=(  d=0.007659  dMin=0.000000  dAvg=0.015300  dMax=0.036493  Dlo=0.007650  Dhi=0.025896  err=0.000000  inc=0.057846  bucket 5->5  (mf=510)
[MF-SEL] tPrev=(  d=0.002091  dMin=0.000000  dAvg=0.014999  dMax=0.036493  Dlo=0.007500  Dhi=0.025746  err=-1.000000  inc=-0.854046  bucket 5->4  (mf=600)
[MF-SEL] tPrev=(  d=0.006858  dMin=0.000000  dAvg=0.014819  dMax=0.036493  Dlo=0.007409  Dhi=0.025656  err=-1.000000  inc=-0.547381  bucket 4->3  (mf=700)
[MF-SEL] tPrev=(  d=0.012184  dMin=0.000000  dAvg=0.014761  dMax=0.036493  Dlo=0.007381  Dhi=0.025627  err=0.000000  inc=0.364362  bucket 3->3  (mf=700)
[MF-SEL] tPrev=(  d=0.019199  dMin=0.000000  dAvg=0.014856  dMax=0.036493  Dlo=0.007428  Dhi=0.025674  err=0.000000  inc=0.052619  bucket 3->3  (mf=700)
[MF-SEL] tPrev=(  d=0.023523  dMin=0.000000  dAvg=0.015036  dMax=0.036493  Dlo=0.007518  Dhi=0.025765  err=0.000000  inc=0.052619  bucket 3->3  (mf=700)
[MF-SEL] tPrev=(  d=0.029058  dMin=0.000000  dAvg=0.015322  dMax=0.036493  Dlo=0.007661  Dhi=0.025908  err=1.000000  inc=0.967280  bucket 3->4  (mf=600)
[MF-SEL] tPrev=(  d=0.029284  dMin=0.000000  dAvg=0.015602  dMax=0.036493  Dlo=0.007801  Dhi=0.026047  err=1.000000  inc=0.657541  bucket 4->5  (mf=510)
[MF-SEL] tPrev=(  d=0.032541  dMin=0.000000  dAvg=0.015934  dMax=0.036493  Dlo=0.007967  Dhi=0.026213  err=1.000000  inc=0.660184  bucket 5->5  (mf=510)
[MF-SEL] tPrev=(  d=0.032584  dMin=0.000000  dAvg=0.016254  dMax=0.036493  Dlo=0.008127  Dhi=0.026374  err=1.000000  inc=0.662515  bucket 5->5  (mf=510)
[MF-SEL] tPrev=(  d=0.028808  dMin=0.000000  dAvg=0.016491  dMax=0.036493  Dlo=0.008245  Dhi=0.026492  err=1.000000  inc=0.665164  bucket 5->5  (mf=510)
[MF-SEL] tPrev=(  d=0.034565  dMin=0.000000  dAvg=0.016826  dMax=0.036493  Dlo=0.008413  Dhi=0.026659  err=1.000000  inc=0.667695  bucket 5->5  (mf=510)
[MF-SEL] tPrev=(  d=0.508523  dMin=0.000000  dAvg=0.025766  dMax=0.508523  Dlo=0.012883  Dhi=0.267144  err=1.000000  inc=0.670201  bucket 5->5  (mf=510)
[MF-SEL] tPrev=(  d=1.324692  dMin=0.000000  dAvg=0.048961  dMax=1.324692  Dlo=0.024480  Dhi=0.686826  err=1.000000  inc=0.672612  bucket 5->5  (mf=510)
[MF-SEL] tPrev=(  d=0.014503  dMin=0.000000  dAvg=0.048356  dMax=1.324692  Dlo=0.024178  Dhi=0.686524  err=-1.000000  inc=-1.139131  bucket 5->4  (mf=600)
[MF-SEL] tPrev=(  d=0.008160  dMin=0.000000  dAvg=0.047663  dMax=1.324692  Dlo=0.023832  Dhi=0.686178  err=-1.000000  inc=-0.532901  bucket 4->3  (mf=700)
[MF-SEL] tPrev=(  d=0.002288  dMin=0.000000  dAvg=0.046894  dMax=1.324692  Dlo=0.023447  Dhi=0.685793  err=-1.000000  inc=-0.535521  bucket 3->2  (mf=800)
[MF-SEL] tPrev=(  d=0.009344  dMin=0.000000  dAvg=0.046268  dMax=1.324692  Dlo=0.023134  Dhi=0.685480  err=-1.000000  inc=-0.538045  bucket 2->1  (mf=900)
[MF-SEL] tPrev=(  d=0.016655  dMin=0.000000  dAvg=0.045783  dMax=1.324692  Dlo=0.022891  Dhi=0.685237  err=-1.000000  inc=-0.540687  bucket 1->0  (mf=1000)
Dropping frame 1403636861.701667
[MF-SEL] tPrev=(  d=0.047676  dMin=0.000000  dAvg=0.045813  dMax=1.324692  Dlo=0.022907  Dhi=0.685253  err=0.000000  inc=0.220814  bucket 0->0  (mf=1000)
[MF-SEL] tPrev=(  d=0.027550  dMin=0.000000  dAvg=0.045523  dMax=1.324692  Dlo=0.022762  Dhi=0.685108  err=0.000000  inc=0.059313  bucket 0->0  (mf=1000)
[MF-SEL] tPrev=(  d=0.028035  dMin=0.000000  dAvg=0.045250  dMax=1.324692  Dlo=0.022625  Dhi=0.684971  err=0.000000  inc=0.059313  bucket 0->0  (mf=1000)
Dropping frame 1403636861.901667
[MF-SEL] tPrev=(  d=0.058080  dMin=0.000000  dAvg=0.045448  dMax=1.324692  Dlo=0.022724  Dhi=0.685070  err=0.000000  inc=0.059313  bucket 0->0  (mf=1000)
[MF-SEL] tPrev=(  d=0.028987  dMin=0.000000  dAvg=0.045198  dMax=1.324692  Dlo=0.022599  Dhi=0.684945  err=0.000000  inc=0.059313  bucket 0->0  (mf=1000)
[MF-SEL] tPrev=(  d=0.026356  dMin=0.000000  dAvg=0.044917  dMax=1.324692  Dlo=0.022458  Dhi=0.684804  err=0.000000  inc=0.059313  bucket 0->0  (mf=1000)
[MF-SEL] tPrev=(  d=0.025224  dMin=0.000000  dAvg=0.044627  dMax=1.324692  Dlo=0.022314  Dhi=0.684660  err=0.000000  inc=0.059313  bucket 0->0  (mf=1000)
[MF-SEL] tPrev=(  d=0.021313  dMin=0.000000  dAvg=0.044289  dMax=1.324692  Dlo=0.022145  Dhi=0.684491  err=-1.000000  inc=-0.877650  bucket 0->0  (mf=1000)
[MF-SEL] tPrev=(  d=0.016664  dMin=0.000000  dAvg=0.043895  dMax=1.324692  Dlo=0.021947  Dhi=0.684293  err=-1.000000  inc=-0.545284  bucket 0->0  (mf=1000)
[MF-SEL] tPrev=(  d=0.009515  dMin=0.000000  dAvg=0.043411  dMax=1.324692  Dlo=0.021705  Dhi=0.684051  err=-1.000000  inc=-0.547811  bucket 0->0  (mf=1000)
[MF-SEL] tPrev=(  d=0.003062  dMin=0.000000  dAvg=0.042850  dMax=1.324692  Dlo=0.021425  Dhi=0.683771  err=-1.000000  inc=-0.550507  bucket 0->0  (mf=1000)
[MF-SEL] tPrev=(  d=0.005059  dMin=0.000000  dAvg=0.042332  dMax=1.324692  Dlo=0.021166  Dhi=0.683512  err=-1.000000  inc=-0.553126  bucket 0->0  (mf=1000)
[MF-SEL] tPrev=(  d=0.014499  dMin=0.000000  dAvg=0.041956  dMax=1.324692  Dlo=0.020978  Dhi=0.683324  err=-1.000000  inc=-0.555691  bucket 0->0  (mf=1000)
[MF-SEL] tPrev=(  d=0.020830  dMin=0.000000  dAvg=0.041675  dMax=1.324692  Dlo=0.020837  Dhi=0.683183  err=-1.000000  inc=-0.558076  bucket 0->0  (mf=1000)
[MF-SEL] tPrev=(  d=0.025841  dMin=0.000000  dAvg=0.041466  dMax=1.324692  Dlo=0.020733  Dhi=0.683079  err=0.000000  inc=0.373311  bucket 0->0  (mf=1000)
[MF-SEL] tPrev=(  d=0.028653  dMin=0.000000  dAvg=0.041300  dMax=1.324692  Dlo=0.020650  Dhi=0.682996  err=0.000000  inc=0.041924  bucket 0->0  (mf=1000)
[MF-SEL] tPrev=(  d=0.031568  dMin=0.000000  dAvg=0.041175  dMax=1.324692  Dlo=0.020588  Dhi=0.682934  err=0.000000  inc=0.041924  bucket 0->0  (mf=1000)
[MF-SEL] tPrev=(  d=0.033313  dMin=0.000000  dAvg=0.041076  dMax=1.324692  Dlo=0.020538  Dhi=0.682884  err=0.000000  inc=0.041924  bucket 0->0  (mf=1000)
[MF-SEL] tPrev=(  d=0.034141  dMin=0.000000  dAvg=0.040989  dMax=1.324692  Dlo=0.020494  Dhi=0.682841  err=0.000000  inc=0.041924  bucket 0->0  (mf=1000)
[MF-SEL] tPrev=(  d=0.034565  dMin=0.000000  dAvg=0.040910  dMax=1.324692  Dlo=0.020455  Dhi=0.682801  err=0.000000  inc=0.041924  bucket 0->0  (mf=1000)
[MF-SEL] tPrev=(  d=0.034514  dMin=0.000000  dAvg=0.040832  dMax=1.324692  Dlo=0.020416  Dhi=0.682762  err=0.000000  inc=0.041924  bucket 0->0  (mf=1000)
Dropping frame 1403636862.851666
[MF-SEL] tPrev=(  d=0.063684  dMin=0.000000  dAvg=0.041107  dMax=1.324692  Dlo=0.020553  Dhi=0.682900  err=0.000000  inc=0.041924  bucket 0->0  (mf=1000)
[MF-SEL] tPrev=(  d=0.026108  dMin=0.000000  dAvg=0.040928  dMax=1.324692  Dlo=0.020464  Dhi=0.682810  err=0.000000  inc=0.041924  bucket 0->0  (mf=1000)
[MF-SEL] tPrev=(  d=0.017468  dMin=0.000000  dAvg=0.040652  dMax=1.324692  Dlo=0.020326  Dhi=0.682672  err=-1.000000  inc=-0.887423  bucket 0->0  (mf=1000)
[MF-SEL] tPrev=(  d=0.009063  dMin=0.000000  dAvg=0.040285  dMax=1.324692  Dlo=0.020143  Dhi=0.682489  err=-1.000000  inc=-0.563219  bucket 0->0  (mf=1000)
Dropping frame 1403636863.101666
[MF-SEL] tPrev=(  d=0.010641  dMin=0.000000  dAvg=0.039944  dMax=1.324692  Dlo=0.019972  Dhi=0.682318  err=-1.000000  inc=-0.568446  bucket 0->0  (mf=1000)
[MF-SEL] tPrev=(  d=0.017587  dMin=0.000000  dAvg=0.039690  dMax=1.324692  Dlo=0.019845  Dhi=0.682191  err=-1.000000  inc=-0.571015  bucket 0->0  (mf=1000)
[MF-SEL] tPrev=(  d=0.023879  dMin=0.000000  dAvg=0.039513  dMax=1.324692  Dlo=0.019756  Dhi=0.682102  err=0.000000  inc=0.363943  bucket 0->0  (mf=1000)
Dropping frame 1403636863.301666
[MF-SEL] tPrev=(  d=0.059568  dMin=0.000000  dAvg=0.039735  dMax=1.324692  Dlo=0.019868  Dhi=0.682214  err=0.000000  inc=0.028985  bucket 0->0  (mf=1000)
Dropping frame 1403636863.401667
[MF-SEL] tPrev=(  d=0.063519  dMin=0.000000  dAvg=0.039997  dMax=1.324692  Dlo=0.019998  Dhi=0.682344  err=0.000000  inc=0.028985  bucket 0->0  (mf=1000)
Dropping frame 1403636863.501667
[MF-SEL] tPrev=(  d=0.068932  dMin=0.000000  dAvg=0.040311  dMax=1.324692  Dlo=0.020156  Dhi=0.682502  err=0.000000  inc=0.028985  bucket 0->0  (mf=1000)
Dropping frame 1403636863.601666
[MF-SEL] tPrev=(  d=0.066459  dMin=0.000000  dAvg=0.040592  dMax=1.324692  Dlo=0.020296  Dhi=0.682642  err=0.000000  inc=0.028985  bucket 0->0  (mf=1000)
[MF-SEL] tPrev=(  d=0.026524  dMin=0.000000  dAvg=0.040443  dMax=1.324692  Dlo=0.020221  Dhi=0.682567  err=0.000000  inc=0.028985  bucket 0->0  (mf=1000)
[MF-SEL] tPrev=(  d=0.021460  dMin=0.000000  dAvg=0.040243  dMax=1.324692  Dlo=0.020121  Dhi=0.682468  err=0.000000  inc=0.028985  bucket 0->0  (mf=1000)
Dropping frame 1403636863.801666
[MF-SEL] tPrev=(  d=0.028471  dMin=0.000000  dAvg=0.040120  dMax=1.324692  Dlo=0.020060  Dhi=0.682406  err=0.000000  inc=0.028985  bucket 0->0  (mf=1000)
Dropping frame 1403636863.901667
[MF-SEL] tPrev=(  d=0.020301  dMin=0.000000  dAvg=0.039916  dMax=1.324692  Dlo=0.019958  Dhi=0.682304  err=0.000000  inc=0.028985  bucket 0->0  (mf=1000)
[MF-SEL] tPrev=(  d=0.020726  dMin=0.000000  dAvg=0.039720  dMax=1.324692  Dlo=0.019860  Dhi=0.682206  err=0.000000  inc=0.028985  bucket 0->0  (mf=1000)
[MF-SEL] tPrev=(  d=0.026038  dMin=0.000000  dAvg=0.039582  dMax=1.324692  Dlo=0.019791  Dhi=0.682137  err=0.000000  inc=0.028985  bucket 0->0  (mf=1000)
[MF-SEL] tPrev=(  d=0.031883  dMin=0.000000  dAvg=0.039505  dMax=1.324692  Dlo=0.019752  Dhi=0.682099  err=0.000000  inc=0.028985  bucket 0->0  (mf=1000)
Dropping frame 1403636864.151666
[MF-SEL] tPrev=(  d=0.071838  dMin=0.000000  dAvg=0.039825  dMax=1.324692  Dlo=0.019913  Dhi=0.682259  err=0.000000  inc=0.028985  bucket 0->0  (mf=1000)
[MF-SEL] tPrev=(  d=0.035935  dMin=0.000000  dAvg=0.039787  dMax=1.324692  Dlo=0.019893  Dhi=0.682240  err=0.000000  inc=0.028985  bucket 0->0  (mf=1000)
[MF-SEL] tPrev=(  d=0.034460  dMin=0.000000  dAvg=0.039735  dMax=1.324692  Dlo=0.019868  Dhi=0.682214  err=0.000000  inc=0.028985  bucket 0->0  (mf=1000)
Dropping frame 1403636864.351666
[MF-SEL] tPrev=(  d=0.061423  dMin=0.000000  dAvg=0.039944  dMax=1.324692  Dlo=0.019972  Dhi=0.682318  err=0.000000  inc=0.028985  bucket 0->0  (mf=1000)
[MF-SEL] tPrev=(  d=0.027212  dMin=0.000000  dAvg=0.039823  dMax=1.324692  Dlo=0.019911  Dhi=0.682257  err=0.000000  inc=0.028985  bucket 0->0  (mf=1000)
[MF-SEL] tPrev=(  d=0.023738  dMin=0.000000  dAvg=0.039671  dMax=1.324692  Dlo=0.019835  Dhi=0.682181  err=0.000000  inc=0.028985  bucket 0->0  (mf=1000)
Dropping frame 1403636864.551666
start VIBA 1
[MF-SEL] tPrev=(  d=0.027618  dMin=0.000000  dAvg=0.039558  dMax=1.324692  Dlo=0.019779  Dhi=0.682125  err=0.000000  inc=0.028985  bucket 0->0  (mf=1000)
end VIBA 1
[MF-SEL] tPrev=(  d=0.002135  dMin=0.000000  dAvg=0.039212  dMax=1.324692  Dlo=0.019606  Dhi=0.681952  err=-1.000000  inc=-0.899884  bucket 0->0  (mf=1000)
[MF-SEL] tPrev=(  d=0.007315  dMin=0.000000  dAvg=0.038919  dMax=1.324692  Dlo=0.019460  Dhi=0.681806  err=-1.000000  inc=-0.576097  bucket 0->0  (mf=1000)
[MF-SEL] tPrev=(  d=0.014833  dMin=0.000000  dAvg=0.038700  dMax=1.324692  Dlo=0.019350  Dhi=0.681696  err=-1.000000  inc=-0.578346  bucket 0->0  (mf=1000)
Dropping frame 1403636864.801666
[MF-SEL] tPrev=(  d=0.046611  dMin=0.000000  dAvg=0.038771  dMax=1.324692  Dlo=0.019386  Dhi=0.681732  err=0.000000  inc=0.183746  bucket 0->0  (mf=1000)
[MF-SEL] tPrev=(  d=0.028747  dMin=0.000000  dAvg=0.038682  dMax=1.324692  Dlo=0.019341  Dhi=0.681687  err=0.000000  inc=0.021654  bucket 0->0  (mf=1000)
[MF-SEL] tPrev=(  d=0.028665  dMin=0.000000  dAvg=0.038593  dMax=1.324692  Dlo=0.019297  Dhi=0.681643  err=0.000000  inc=0.021654  bucket 0->0  (mf=1000)
[MF-SEL] tPrev=(  d=0.030688  dMin=0.000000  dAvg=0.038524  dMax=1.324692  Dlo=0.019262  Dhi=0.681608  err=0.000000  inc=0.021654  bucket 0->0  (mf=1000)
[MF-SEL] tPrev=(  d=0.030670  dMin=0.000000  dAvg=0.038456  dMax=1.324692  Dlo=0.019228  Dhi=0.681574  err=0.000000  inc=0.021654  bucket 0->0  (mf=1000)
[MF-SEL] tPrev=(  d=0.030283  dMin=0.000000  dAvg=0.038385  dMax=1.324692  Dlo=0.019193  Dhi=0.681539  err=0.000000  inc=0.021654  bucket 0->0  (mf=1000)
[MF-SEL] tPrev=(  d=0.027925  dMin=0.000000  dAvg=0.038296  dMax=1.324692  Dlo=0.019148  Dhi=0.681494  err=0.000000  inc=0.021654  bucket 0->0  (mf=1000)
[MF-SEL] tPrev=(  d=0.026991  dMin=0.000000  dAvg=0.038200  dMax=1.324692  Dlo=0.019100  Dhi=0.681446  err=0.000000  inc=0.021654  bucket 0->0  (mf=1000)
Dropping frame 1403636865.251667
[MF-SEL] tPrev=(  d=0.040198  dMin=0.000000  dAvg=0.038217  dMax=1.324692  Dlo=0.019108  Dhi=0.681454  err=0.000000  inc=0.021654  bucket 0->0  (mf=1000)
[MF-SEL] tPrev=(  d=0.014936  dMin=0.000000  dAvg=0.038023  dMax=1.324692  Dlo=0.019011  Dhi=0.681357  err=-1.000000  inc=-0.881469  bucket 0->0  (mf=1000)
Dropping frame 1403636865.401667
[MF-SEL] tPrev=(  d=0.017989  dMin=0.000000  dAvg=0.037857  dMax=1.324692  Dlo=0.018929  Dhi=0.681275  err=-1.000000  inc=-0.585838  bucket 0->0  (mf=1000)
[MF-SEL] tPrev=(  d=0.001745  dMin=0.000000  dAvg=0.037561  dMax=1.324692  Dlo=0.018781  Dhi=0.681127  err=-1.000000  inc=-0.588150  bucket 0->0  (mf=1000)
[MF-SEL] tPrev=(  d=0.007197  dMin=0.000000  dAvg=0.037314  dMax=1.324692  Dlo=0.018657  Dhi=0.681003  err=-1.000000  inc=-0.590475  bucket 0->0  (mf=1000)
Dropping frame 1403636865.601666
[MF-SEL] tPrev=(  d=0.035136  dMin=0.000000  dAvg=0.037297  dMax=1.324692  Dlo=0.018648  Dhi=0.680994  err=0.000000  inc=0.169631  bucket 0->0  (mf=1000)
Dropping frame 1403636865.701667
[MF-SEL] tPrev=(  d=0.055513  dMin=0.000000  dAvg=0.037442  dMax=1.324692  Dlo=0.018721  Dhi=0.681067  err=0.000000  inc=0.009525  bucket 0->0  (mf=1000)
[MF-SEL] tPrev=(  d=0.032920  dMin=0.000000  dAvg=0.037406  dMax=1.324692  Dlo=0.018703  Dhi=0.681049  err=0.000000  inc=0.009525  bucket 0->0  (mf=1000)
[MF-SEL] tPrev=(  d=0.034227  dMin=0.000000  dAvg=0.037381  dMax=1.324692  Dlo=0.018691  Dhi=0.681037  err=0.000000  inc=0.009525  bucket 0->0  (mf=1000)
[MF-SEL] tPrev=(  d=0.035132  dMin=0.000000  dAvg=0.037364  dMax=1.324692  Dlo=0.018682  Dhi=0.681028  err=0.000000  inc=0.009525  bucket 0->0  (mf=1000)
Dropping frame 1403636865.951666
[MF-SEL] tPrev=(  d=0.069191  dMin=0.000000  dAvg=0.037611  dMax=1.324692  Dlo=0.018805  Dhi=0.681151  err=0.000000  inc=0.009525  bucket 0->0  (mf=1000)
[MF-SEL] tPrev=(  d=0.032277  dMin=0.000000  dAvg=0.037570  dMax=1.324692  Dlo=0.018785  Dhi=0.681131  err=0.000000  inc=0.009525  bucket 0->0  (mf=1000)
Dropping frame 1403636866.101666
[MF-SEL] tPrev=(  d=0.053728  dMin=0.000000  dAvg=0.037693  dMax=1.324692  Dlo=0.018846  Dhi=0.681193  err=0.000000  inc=0.009525  bucket 0->0  (mf=1000)
[MF-SEL] tPrev=(  d=0.017797  dMin=0.000000  dAvg=0.037542  dMax=1.324692  Dlo=0.018771  Dhi=0.681117  err=-1.000000  inc=-0.913668  bucket 0->0  (mf=1000)
[MF-SEL] tPrev=(  d=0.010258  dMin=0.000000  dAvg=0.037337  dMax=1.324692  Dlo=0.018669  Dhi=0.681015  err=-1.000000  inc=-0.595228  bucket 0->0  (mf=1000)
[MF-SEL] tPrev=(  d=0.002495  dMin=0.000000  dAvg=0.037077  dMax=1.324692  Dlo=0.018539  Dhi=0.680885  err=-1.000000  inc=-0.597522  bucket 0->0  (mf=1000)
[MF-SEL] tPrev=(  d=0.006106  dMin=0.000000  dAvg=0.036848  dMax=1.324692  Dlo=0.018424  Dhi=0.680770  err=-1.000000  inc=-0.600105  bucket 0->0  (mf=1000)
Dropping frame 1403636866.401667
[MF-SEL] tPrev=(  d=0.033574  dMin=0.000000  dAvg=0.036824  dMax=1.324692  Dlo=0.018412  Dhi=0.680758  err=0.000000  inc=0.166098  bucket 0->0  (mf=1000)
[MF-SEL] tPrev=(  d=0.025148  dMin=0.000000  dAvg=0.036738  dMax=1.324692  Dlo=0.018369  Dhi=0.680715  err=0.000000  inc=-0.000105  bucket 0->0  (mf=1000)
[MF-SEL] tPrev=(  d=0.028059  dMin=0.000000  dAvg=0.036675  dMax=1.324692  Dlo=0.018338  Dhi=0.680684  err=0.000000  inc=-0.000105  bucket 0->0  (mf=1000)
[MF-SEL] tPrev=(  d=0.028904  dMin=0.000000  dAvg=0.036620  dMax=1.324692  Dlo=0.018310  Dhi=0.680656  err=0.000000  inc=-0.000105  bucket 0->0  (mf=1000)
Dropping frame 1403636866.651666
[MF-SEL] tPrev=(  d=0.053059  dMin=0.000000  dAvg=0.036737  dMax=1.324692  Dlo=0.018368  Dhi=0.680715  err=0.000000  inc=-0.000105  bucket 0->0  (mf=1000)
[MF-SEL] tPrev=(  d=0.022120  dMin=0.000000  dAvg=0.036633  dMax=1.324692  Dlo=0.018317  Dhi=0.680663  err=0.000000  inc=-0.000105  bucket 0->0  (mf=1000)
Dropping frame 1403636866.801666
[MF-SEL] tPrev=(  d=0.038690  dMin=0.000000  dAvg=0.036648  dMax=1.324692  Dlo=0.018324  Dhi=0.680670  err=0.000000  inc=-0.000105  bucket 0->0  (mf=1000)
[MF-SEL] tPrev=(  d=0.015971  dMin=0.000000  dAvg=0.036503  dMax=1.324692  Dlo=0.018252  Dhi=0.680598  err=-1.000000  inc=-0.902173  bucket 0->0  (mf=1000)
[MF-SEL] tPrev=(  d=0.014623  dMin=0.000000  dAvg=0.036351  dMax=1.324692  Dlo=0.018176  Dhi=0.680522  err=-1.000000  inc=-0.605011  bucket 0->0  (mf=1000)
[MF-SEL] tPrev=(  d=0.012337  dMin=0.000000  dAvg=0.036186  dMax=1.324692  Dlo=0.018093  Dhi=0.680439  err=-1.000000  inc=-0.607640  bucket 0->0  (mf=1000)
Dropping frame 1403636867.051666
[MF-SEL] tPrev=(  d=0.017708  dMin=0.000000  dAvg=0.036059  dMax=1.324692  Dlo=0.018030  Dhi=0.680376  err=-1.000000  inc=-0.611904  bucket 0->0  (mf=1000)
[MF-SEL] tPrev=(  d=0.005710  dMin=0.000000  dAvg=0.035853  dMax=1.324692  Dlo=0.017926  Dhi=0.680272  err=-1.000000  inc=-0.614433  bucket 0->0  (mf=1000)
[MF-SEL] tPrev=(  d=0.005753  dMin=0.000000  dAvg=0.035649  dMax=1.324692  Dlo=0.017825  Dhi=0.680171  err=-1.000000  inc=-0.616694  bucket 0->0  (mf=1000)
[MF-SEL] tPrev=(  d=0.006196  dMin=0.000000  dAvg=0.035452  dMax=1.324692  Dlo=0.017726  Dhi=0.680072  err=-1.000000  inc=-0.619086  bucket 0->0  (mf=1000)
[MF-SEL] tPrev=(  d=0.006219  dMin=0.000000  dAvg=0.035257  dMax=1.324692  Dlo=0.017628  Dhi=0.679974  err=-1.000000  inc=-0.621507  bucket 0->0  (mf=1000)
Dropping frame 1403636867.351666
[MF-SEL] tPrev=(  d=0.009163  dMin=0.000000  dAvg=0.035084  dMax=1.324692  Dlo=0.017542  Dhi=0.679888  err=-1.000000  inc=-0.626391  bucket 0->0  (mf=1000)
[MF-SEL] tPrev=(  d=0.002849  dMin=0.000000  dAvg=0.034872  dMax=1.324692  Dlo=0.017436  Dhi=0.679782  err=-1.000000  inc=-0.628681  bucket 0->0  (mf=1000)
[MF-SEL] tPrev=(  d=0.004835  dMin=0.000000  dAvg=0.034675  dMax=1.324692  Dlo=0.017338  Dhi=0.679684  err=-1.000000  inc=-0.631278  bucket 0->0  (mf=1000)
Dropping frame 1403636867.551666
[MF-SEL] tPrev=(  d=0.011394  dMin=0.000000  dAvg=0.034524  dMax=1.324692  Dlo=0.017262  Dhi=0.679608  err=-1.000000  inc=-0.635965  bucket 0->0  (mf=1000)
[MF-SEL] tPrev=(  d=0.006699  dMin=0.000000  dAvg=0.034345  dMax=1.324692  Dlo=0.017172  Dhi=0.679518  err=-1.000000  inc=-0.638298  bucket 0->0  (mf=1000)
[MF-SEL] tPrev=(  d=0.007242  dMin=0.000000  dAvg=0.034171  dMax=1.324692  Dlo=0.017086  Dhi=0.679432  err=-1.000000  inc=-0.640846  bucket 0->0  (mf=1000)
[MF-SEL] tPrev=(  d=0.008743  dMin=0.000000  dAvg=0.034009  dMax=1.324692  Dlo=0.017005  Dhi=0.679351  err=-1.000000  inc=-0.643163  bucket 0->0  (mf=1000)
[MF-SEL] tPrev=(  d=0.006073  dMin=0.000000  dAvg=0.033832  dMax=1.324692  Dlo=0.016916  Dhi=0.679262  err=-1.000000  inc=-0.645725  bucket 0->0  (mf=1000)
[MF-SEL] tPrev=(  d=0.003614  dMin=0.000000  dAvg=0.033642  dMax=1.324692  Dlo=0.016821  Dhi=0.679167  err=-1.000000  inc=-0.647960  bucket 0->0  (mf=1000)
[MF-SEL] tPrev=(  d=0.001992  dMin=0.000000  dAvg=0.033444  dMax=1.324692  Dlo=0.016722  Dhi=0.679068  err=-1.000000  inc=-0.650760  bucket 0->0  (mf=1000)
[MF-SEL] tPrev=(  d=0.002985  dMin=0.000000  dAvg=0.033255  dMax=1.324692  Dlo=0.016628  Dhi=0.678974  err=-1.000000  inc=-0.652975  bucket 0->0  (mf=1000)
Not enough motion for initializing. Reseting...
TRACK: Reset map because local mapper set the bad imu flag 
[MF-SEL] tPrev=(  d=1.200850  dMin=0.000000  dAvg=0.040463  dMax=1.324692  Dlo=0.020231  Dhi=0.682577  err=1.000000  inc=1.336659  bucket 0->1  (mf=900)
LM: Active map reset recieved
LM: Active map reset, waiting...
LM: Reseting current map in Local Mapping...
LM: End reseting Local Mapping...
LM: Reset free the mutex
LM: Active map reset, Done!!!
mnFirstFrameId = 8
mnInitialFrameId = 0
153 Frames set to lost
not IMU meas
[MF-SEL] tPrev=(  d=0.000000  dMin=0.000000  dAvg=0.040214  dMax=1.324692  Dlo=0.020107  Dhi=0.682453  err=-1.000000  inc=-1.085173  bucket 1->0  (mf=1000)
not enough acceleration
[MF-SEL] tPrev=(  d=0.000000  dMin=0.000000  dAvg=0.039969  dMax=1.324692  Dlo=0.019985  Dhi=0.682331  err=-1.000000  inc=-0.656560  bucket 0->0  (mf=1000)
not enough acceleration
[MF-SEL] tPrev=(  d=0.000000  dMin=0.000000  dAvg=0.039727  dMax=1.324692  Dlo=0.019863  Dhi=0.682210  err=-1.000000  inc=-0.658943  bucket 0->0  (mf=1000)
not enough acceleration
[MF-SEL] tPrev=(  d=0.000000  dMin=0.000000  dAvg=0.039488  dMax=1.324692  Dlo=0.019744  Dhi=0.682090  err=-1.000000  inc=-0.661619  bucket 0->0  (mf=1000)
not enough acceleration
[MF-SEL] tPrev=(  d=0.000000  dMin=0.000000  dAvg=0.039251  dMax=1.324692  Dlo=0.019626  Dhi=0.681972  err=-1.000000  inc=-0.664058  bucket 0->0  (mf=1000)
Dropping frame 1403636868.301666
not enough acceleration
[MF-SEL] tPrev=(  d=0.000000  dMin=0.000000  dAvg=0.039017  dMax=1.324692  Dlo=0.019509  Dhi=0.681855  err=-1.000000  inc=-0.669097  bucket 0->0  (mf=1000)
not enough acceleration
[MF-SEL] tPrev=(  d=0.000000  dMin=0.000000  dAvg=0.038787  dMax=1.324692  Dlo=0.019393  Dhi=0.681739  err=-1.000000  inc=-0.671637  bucket 0->0  (mf=1000)
First KF:45; Map init KF:0
New Map created with 299 points
Active map: 0
[MF-SEL] tPrev=(  d=0.000000  dMin=0.000000  dAvg=0.038558  dMax=1.324692  Dlo=0.019279  Dhi=0.681625  err=-1.000000  inc=-0.674198  bucket 0->0  (mf=1000)
[MF-SEL] tPrev=(  d=0.004684  dMin=0.000000  dAvg=0.038360  dMax=1.324692  Dlo=0.019180  Dhi=0.681526  err=-1.000000  inc=-0.677381  bucket 0->0  (mf=1000)
Dropping frame 1403636868.551666
[MF-SEL] tPrev=(  d=0.009503  dMin=0.000000  dAvg=0.038193  dMax=1.324692  Dlo=0.019096  Dhi=0.681442  err=-1.000000  inc=-0.682097  bucket 0->0  (mf=1000)
Dropping frame 1403636868.651666
[MF-SEL] tPrev=(  d=0.009179  dMin=0.000000  dAvg=0.038025  dMax=1.324692  Dlo=0.019012  Dhi=0.681358  err=-1.000000  inc=-0.687087  bucket 0->0  (mf=1000)
[MF-SEL] tPrev=(  d=0.005013  dMin=0.000000  dAvg=0.037835  dMax=1.324692  Dlo=0.018918  Dhi=0.681264  err=-1.000000  inc=-0.689877  bucket 0->0  (mf=1000)
[MF-SEL] tPrev=(  d=0.004577  dMin=0.000000  dAvg=0.037645  dMax=1.324692  Dlo=0.018823  Dhi=0.681169  err=-1.000000  inc=-0.692113  bucket 0->0  (mf=1000)
Dropping frame 1403636868.851666
[MF-SEL] tPrev=(  d=0.006440  dMin=0.000000  dAvg=0.037468  dMax=1.324692  Dlo=0.018734  Dhi=0.681080  err=-1.000000  inc=-0.697199  bucket 0->0  (mf=1000)
[MF-SEL] tPrev=(  d=0.003167  dMin=0.000000  dAvg=0.037274  dMax=1.324692  Dlo=0.018637  Dhi=0.680983  err=-1.000000  inc=-0.699672  bucket 0->0  (mf=1000)
[MF-SEL] tPrev=(  d=0.002395  dMin=0.000000  dAvg=0.037078  dMax=1.324692  Dlo=0.018539  Dhi=0.680885  err=-1.000000  inc=-0.702167  bucket 0->0  (mf=1000)
Dropping frame 1403636869.051666
[MF-SEL] tPrev=(  d=0.004530  dMin=0.000000  dAvg=0.036896  dMax=1.324692  Dlo=0.018448  Dhi=0.680794  err=-1.000000  inc=-0.707224  bucket 0->0  (mf=1000)
Dropping frame 1403636869.151666
[MF-SEL] tPrev=(  d=0.003350  dMin=0.000000  dAvg=0.036710  dMax=1.324692  Dlo=0.018355  Dhi=0.680701  err=-1.000000  inc=-0.712176  bucket 0->0  (mf=1000)
[MF-SEL] tPrev=(  d=0.001175  dMin=0.000000  dAvg=0.036514  dMax=1.324692  Dlo=0.018257  Dhi=0.680603  err=-1.000000  inc=-0.714513  bucket 0->0  (mf=1000)
Dropping frame 1403636869.301666
[MF-SEL] tPrev=(  d=0.002173  dMin=0.000000  dAvg=0.036325  dMax=1.324692  Dlo=0.018162  Dhi=0.680508  err=-1.000000  inc=-0.719829  bucket 0->0  (mf=1000)
[MF-SEL] tPrev=(  d=0.001216  dMin=0.000000  dAvg=0.036133  dMax=1.324692  Dlo=0.018066  Dhi=0.680413  err=-1.000000  inc=-0.722077  bucket 0->0  (mf=1000)
[MF-SEL] tPrev=(  d=0.000659  dMin=0.000000  dAvg=0.035940  dMax=1.324692  Dlo=0.017970  Dhi=0.680316  err=-1.000000  inc=-0.724773  bucket 0->0  (mf=1000)
Dropping frame 1403636869.501667
[MF-SEL] tPrev=(  d=0.005072  dMin=0.000000  dAvg=0.035773  dMax=1.324692  Dlo=0.017887  Dhi=0.680233  err=-1.000000  inc=-0.729614  bucket 0->0  (mf=1000)
[MF-SEL] tPrev=(  d=0.005925  dMin=0.000000  dAvg=0.035613  dMax=1.324692  Dlo=0.017806  Dhi=0.680152  err=-1.000000  inc=-0.732259  bucket 0->0  (mf=1000)
[MF-SEL] tPrev=(  d=0.007852  dMin=0.000000  dAvg=0.035464  dMax=1.324692  Dlo=0.017732  Dhi=0.680078  err=-1.000000  inc=-0.734489  bucket 0->0  (mf=1000)
[MF-SEL] tPrev=(  d=0.011219  dMin=0.000000  dAvg=0.035335  dMax=1.324692  Dlo=0.017668  Dhi=0.680014  err=-1.000000  inc=-0.737053  bucket 0->0  (mf=1000)
Dropping frame 1403636869.751667
[MF-SEL] tPrev=(  d=0.027602  dMin=0.000000  dAvg=0.035295  dMax=1.324692  Dlo=0.017647  Dhi=0.679993  err=0.000000  inc=0.021431  bucket 0->0  (mf=1000)
Dropping frame 1403636869.851666
[MF-SEL] tPrev=(  d=0.037057  dMin=0.000000  dAvg=0.035304  dMax=1.324692  Dlo=0.017652  Dhi=0.679998  err=0.000000  inc=-0.137053  bucket 0->0  (mf=1000)
[MF-SEL] tPrev=(  d=0.021968  dMin=0.000000  dAvg=0.035234  dMax=1.324692  Dlo=0.017617  Dhi=0.679963  err=0.000000  inc=-0.137053  bucket 0->0  (mf=1000)
Dropping frame 1403636870.001667
[MF-SEL] tPrev=(  d=0.047544  dMin=0.000000  dAvg=0.035298  dMax=1.324692  Dlo=0.017649  Dhi=0.679995  err=0.000000  inc=-0.137053  bucket 0->0  (mf=1000)
[MF-SEL] tPrev=(  d=0.026195  dMin=0.000000  dAvg=0.035251  dMax=1.324692  Dlo=0.017625  Dhi=0.679972  err=0.000000  inc=-0.137053  bucket 0->0  (mf=1000)
[MF-SEL] tPrev=(  d=0.027172  dMin=0.000000  dAvg=0.035209  dMax=1.324692  Dlo=0.017605  Dhi=0.679951  err=0.000000  inc=-0.137053  bucket 0->0  (mf=1000)
[MF-SEL] tPrev=(  d=0.026610  dMin=0.000000  dAvg=0.035165  dMax=1.324692  Dlo=0.017583  Dhi=0.679929  err=0.000000  inc=-0.137053  bucket 0->0  (mf=1000)
[MF-SEL] tPrev=(  d=0.025983  dMin=0.000000  dAvg=0.035118  dMax=1.324692  Dlo=0.017559  Dhi=0.679905  err=0.000000  inc=-0.137053  bucket 0->0  (mf=1000)
[MF-SEL] tPrev=(  d=0.026162  dMin=0.000000  dAvg=0.035073  dMax=1.324692  Dlo=0.017536  Dhi=0.679883  err=0.000000  inc=-0.137053  bucket 0->0  (mf=1000)
[MF-SEL] tPrev=(  d=0.026320  dMin=0.000000  dAvg=0.035029  dMax=1.324692  Dlo=0.017514  Dhi=0.679860  err=0.000000  inc=-0.137053  bucket 0->0  (mf=1000)
[MF-SEL] tPrev=(  d=0.027411  dMin=0.000000  dAvg=0.034990  dMax=1.324692  Dlo=0.017495  Dhi=0.679841  err=0.000000  inc=-0.137053  bucket 0->0  (mf=1000)
[MF-SEL] tPrev=(  d=0.024769  dMin=0.000000  dAvg=0.034939  dMax=1.324692  Dlo=0.017470  Dhi=0.679816  err=0.000000  inc=-0.137053  bucket 0->0  (mf=1000)
[MF-SEL] tPrev=(  d=0.022090  dMin=0.000000  dAvg=0.034875  dMax=1.324692  Dlo=0.017438  Dhi=0.679784  err=0.000000  inc=-0.137053  bucket 0->0  (mf=1000)
Dropping frame 1403636870.551666
[MF-SEL] tPrev=(  d=0.037101  dMin=0.000000  dAvg=0.034886  dMax=1.324692  Dlo=0.017443  Dhi=0.679789  err=0.000000  inc=-0.137053  bucket 0->0  (mf=1000)
[MF-SEL] tPrev=(  d=0.017015  dMin=0.000000  dAvg=0.034798  dMax=1.324692  Dlo=0.017399  Dhi=0.679745  err=-1.000000  inc=-1.045361  bucket 0->0  (mf=1000)
Dropping frame 1403636870.701667
[MF-SEL] tPrev=(  d=0.023025  dMin=0.000000  dAvg=0.034741  dMax=1.324692  Dlo=0.017370  Dhi=0.679716  err=0.000000  inc=0.029551  bucket 0->0  (mf=1000)
[MF-SEL] tPrev=(  d=0.009692  dMin=0.000000  dAvg=0.034618  dMax=1.324692  Dlo=0.017309  Dhi=0.679655  err=-1.000000  inc=-1.070300  bucket 0->0  (mf=1000)
[MF-SEL] tPrev=(  d=0.007961  dMin=0.000000  dAvg=0.034489  dMax=1.324692  Dlo=0.017245  Dhi=0.679591  err=-1.000000  inc=-0.744774  bucket 0->0  (mf=1000)
[MF-SEL] tPrev=(  d=0.005801  dMin=0.000000  dAvg=0.034350  dMax=1.324692  Dlo=0.017175  Dhi=0.679521  err=-1.000000  inc=-0.747062  bucket 0->0  (mf=1000)
[MF-SEL] tPrev=(  d=0.179657  dMin=0.000000  dAvg=0.035049  dMax=1.324692  Dlo=0.017525  Dhi=0.679871  err=0.000000  inc=0.173735  bucket 0->0  (mf=1000)
[MF-SEL] tPrev=(  d=0.004285  dMin=0.000000  dAvg=0.034902  dMax=1.324692  Dlo=0.017451  Dhi=0.679797  err=-1.000000  inc=-1.100066  bucket 0->0  (mf=1000)
[MF-SEL] tPrev=(  d=0.002285  dMin=0.000000  dAvg=0.034747  dMax=1.324692  Dlo=0.017373  Dhi=0.679719  err=-1.000000  inc=-0.752063  bucket 0->0  (mf=1000)
[MF-SEL] tPrev=(  d=0.002463  dMin=0.000000  dAvg=0.034594  dMax=1.324692  Dlo=0.017297  Dhi=0.679643  err=-1.000000  inc=-0.754619  bucket 0->0  (mf=1000)
[MF-SEL] tPrev=(  d=0.001866  dMin=0.000000  dAvg=0.034439  dMax=1.324692  Dlo=0.017220  Dhi=0.679566  err=-1.000000  inc=-0.757044  bucket 0->0  (mf=1000)
[MF-SEL] tPrev=(  d=0.003038  dMin=0.000000  dAvg=0.034292  dMax=1.324692  Dlo=0.017146  Dhi=0.679492  err=-1.000000  inc=-0.759532  bucket 0->0  (mf=1000)
[MF-SEL] tPrev=(  d=0.005063  dMin=0.000000  dAvg=0.034155  dMax=1.324692  Dlo=0.017078  Dhi=0.679424  err=-1.000000  inc=-0.762005  bucket 0->0  (mf=1000)
[MF-SEL] tPrev=(  d=0.007368  dMin=0.000000  dAvg=0.034031  dMax=1.324692  Dlo=0.017015  Dhi=0.679361  err=-1.000000  inc=-0.764448  bucket 0->0  (mf=1000)
Dropping frame 1403636871.351666
[MF-SEL] tPrev=(  d=0.021308  dMin=0.000000  dAvg=0.033972  dMax=1.324692  Dlo=0.016986  Dhi=0.679332  err=0.000000  inc=-0.006324  bucket 0->0  (mf=1000)
[MF-SEL] tPrev=(  d=0.014746  dMin=0.000000  dAvg=0.033883  dMax=1.324692  Dlo=0.016942  Dhi=0.679288  err=-1.000000  inc=-1.105308  bucket 0->0  (mf=1000)
[MF-SEL] tPrev=(  d=0.017205  dMin=0.000000  dAvg=0.033807  dMax=1.324692  Dlo=0.016903  Dhi=0.679249  err=0.000000  inc=0.179445  bucket 0->0  (mf=1000)
[MF-SEL] tPrev=(  d=0.019665  dMin=0.000000  dAvg=0.033742  dMax=1.324692  Dlo=0.016871  Dhi=0.679217  err=0.000000  inc=-0.166811  bucket 0->0  (mf=1000)
[MF-SEL] tPrev=(  d=0.021650  dMin=0.000000  dAvg=0.033687  dMax=1.324692  Dlo=0.016843  Dhi=0.679190  err=0.000000  inc=-0.166811  bucket 0->0  (mf=1000)
[MF-SEL] tPrev=(  d=0.024509  dMin=0.000000  dAvg=0.033645  dMax=1.324692  Dlo=0.016823  Dhi=0.679169  err=0.000000  inc=-0.166811  bucket 0->0  (mf=1000)
[MF-SEL] tPrev=(  d=0.026028  dMin=0.000000  dAvg=0.033611  dMax=1.324692  Dlo=0.016806  Dhi=0.679152  err=0.000000  inc=-0.166811  bucket 0->0  (mf=1000)
[MF-SEL] tPrev=(  d=0.027347  dMin=0.000000  dAvg=0.033583  dMax=1.324692  Dlo=0.016792  Dhi=0.679138  err=0.000000  inc=-0.166811  bucket 0->0  (mf=1000)
[MF-SEL] tPrev=(  d=0.027349  dMin=0.000000  dAvg=0.033555  dMax=1.324692  Dlo=0.016778  Dhi=0.679124  err=0.000000  inc=-0.166811  bucket 0->0  (mf=1000)
[MF-SEL] tPrev=(  d=0.027610  dMin=0.000000  dAvg=0.033529  dMax=1.324692  Dlo=0.016764  Dhi=0.679110  err=0.000000  inc=-0.166811  bucket 0->0  (mf=1000)
Dropping frame 1403636871.901667
[MF-SEL] tPrev=(  d=0.058627  dMin=0.000000  dAvg=0.033640  dMax=1.324692  Dlo=0.016820  Dhi=0.679166  err=0.000000  inc=-0.166811  bucket 0->0  (mf=1000)
[MF-SEL] tPrev=(  d=0.030438  dMin=0.000000  dAvg=0.033626  dMax=1.324692  Dlo=0.016813  Dhi=0.679159  err=0.000000  inc=-0.166811  bucket 0->0  (mf=1000)
[MF-SEL] tPrev=(  d=0.031659  dMin=0.000000  dAvg=0.033617  dMax=1.324692  Dlo=0.016809  Dhi=0.679155  err=0.000000  inc=-0.166811  bucket 0->0  (mf=1000)
[MF-SEL] tPrev=(  d=0.028907  dMin=0.000000  dAvg=0.033597  dMax=1.324692  Dlo=0.016798  Dhi=0.679144  err=0.000000  inc=-0.166811  bucket 0->0  (mf=1000)
[MF-SEL] tPrev=(  d=0.026825  dMin=0.000000  dAvg=0.033567  dMax=1.324692  Dlo=0.016784  Dhi=0.679130  err=0.000000  inc=-0.166811  bucket 0->0  (mf=1000)
[MF-SEL] tPrev=(  d=0.026022  dMin=0.000000  dAvg=0.033534  dMax=1.324692  Dlo=0.016767  Dhi=0.679113  err=0.000000  inc=-0.166811  bucket 0->0  (mf=1000)
[MF-SEL] tPrev=(  d=0.024128  dMin=0.000000  dAvg=0.033494  dMax=1.324692  Dlo=0.016747  Dhi=0.679093  err=0.000000  inc=-0.166811  bucket 0->0  (mf=1000)
Dropping frame 1403636872.301666
[MF-SEL] tPrev=(  d=0.044758  dMin=0.000000  dAvg=0.033542  dMax=1.324692  Dlo=0.016771  Dhi=0.679117  err=0.000000  inc=-0.166811  bucket 0->0  (mf=1000)
[MF-SEL] tPrev=(  d=0.018054  dMin=0.000000  dAvg=0.033476  dMax=1.324692  Dlo=0.016738  Dhi=0.679084  err=0.000000  inc=-0.166811  bucket 0->0  (mf=1000)
[MF-SEL] tPrev=(  d=0.015361  dMin=0.000000  dAvg=0.033399  dMax=1.324692  Dlo=0.016699  Dhi=0.679046  err=-1.000000  inc=-1.097533  bucket 0->0  (mf=1000)
[MF-SEL] tPrev=(  d=0.010261  dMin=0.000000  dAvg=0.033301  dMax=1.324692  Dlo=0.016650  Dhi=0.678997  err=-1.000000  inc=-0.771829  bucket 0->0  (mf=1000)
[MF-SEL] tPrev=(  d=0.005988  dMin=0.000000  dAvg=0.033186  dMax=1.324692  Dlo=0.016593  Dhi=0.678939  err=-1.000000  inc=-0.774050  bucket 0->0  (mf=1000)
[MF-SEL] tPrev=(  d=0.002701  dMin=0.000000  dAvg=0.033058  dMax=1.324692  Dlo=0.016529  Dhi=0.678875  err=-1.000000  inc=-0.776904  bucket 0->0  (mf=1000)
[MF-SEL] tPrev=(  d=0.001415  dMin=0.000000  dAvg=0.032925  dMax=1.324692  Dlo=0.016463  Dhi=0.678809  err=-1.000000  inc=-0.778940  bucket 0->0  (mf=1000)
[MF-SEL] tPrev=(  d=0.003038  dMin=0.000000  dAvg=0.032801  dMax=1.324692  Dlo=0.016400  Dhi=0.678746  err=-1.000000  inc=-0.781726  bucket 0->0  (mf=1000)
[MF-SEL] tPrev=(  d=0.005303  dMin=0.000000  dAvg=0.032687  dMax=1.324692  Dlo=0.016343  Dhi=0.678689  err=-1.000000  inc=-0.784154  bucket 0->0  (mf=1000)
Dropping frame 1403636872.801666
[MF-SEL] tPrev=(  d=0.019906  dMin=0.000000  dAvg=0.032634  dMax=1.324692  Dlo=0.016317  Dhi=0.678663  err=0.000000  inc=-0.015400  bucket 0->0  (mf=1000)
[MF-SEL] tPrev=(  d=0.015061  dMin=0.000000  dAvg=0.032561  dMax=1.324692  Dlo=0.016281  Dhi=0.678627  err=-1.000000  inc=-1.092742  bucket 0->0  (mf=1000)
[MF-SEL] tPrev=(  d=0.018787  dMin=0.000000  dAvg=0.032505  dMax=1.324692  Dlo=0.016253  Dhi=0.678599  err=0.000000  inc=0.162945  bucket 0->0  (mf=1000)
Dropping frame 1403636873.001667
[MF-SEL] tPrev=(  d=0.045813  dMin=0.000000  dAvg=0.032559  dMax=1.324692  Dlo=0.016280  Dhi=0.678626  err=0.000000  inc=-0.186769  bucket 0->0  (mf=1000)
[MF-SEL] tPrev=(  d=0.025880  dMin=0.000000  dAvg=0.032532  dMax=1.324692  Dlo=0.016266  Dhi=0.678612  err=0.000000  inc=-0.186769  bucket 0->0  (mf=1000)
[MF-SEL] tPrev=(  d=0.027546  dMin=0.000000  dAvg=0.032512  dMax=1.324692  Dlo=0.016256  Dhi=0.678602  err=0.000000  inc=-0.186769  bucket 0->0  (mf=1000)
[MF-SEL] tPrev=(  d=0.030255  dMin=0.000000  dAvg=0.032503  dMax=1.324692  Dlo=0.016251  Dhi=0.678598  err=0.000000  inc=-0.186769  bucket 0->0  (mf=1000)
Dropping frame 1403636873.251667
[MF-SEL] tPrev=(  d=0.060530  dMin=0.000000  dAvg=0.032615  dMax=1.324692  Dlo=0.016308  Dhi=0.678654  err=0.000000  inc=-0.186769  bucket 0->0  (mf=1000)
[MF-SEL] tPrev=(  d=0.030595  dMin=0.000000  dAvg=0.032607  dMax=1.324692  Dlo=0.016304  Dhi=0.678650  err=0.000000  inc=-0.186769  bucket 0->0  (mf=1000)
Dropping frame 1403636873.401667
[MF-SEL] tPrev=(  d=0.060565  dMin=0.000000  dAvg=0.032719  dMax=1.324692  Dlo=0.016359  Dhi=0.678705  err=0.000000  inc=-0.186769  bucket 0->0  (mf=1000)
[MF-SEL] tPrev=(  d=0.028429  dMin=0.000000  dAvg=0.032702  dMax=1.324692  Dlo=0.016351  Dhi=0.678697  err=0.000000  inc=-0.186769  bucket 0->0  (mf=1000)
[MF-SEL] tPrev=(  d=0.028122  dMin=0.000000  dAvg=0.032684  dMax=1.324692  Dlo=0.016342  Dhi=0.678688  err=0.000000  inc=-0.186769  bucket 0->0  (mf=1000)
[MF-SEL] tPrev=(  d=0.026067  dMin=0.000000  dAvg=0.032658  dMax=1.324692  Dlo=0.016329  Dhi=0.678675  err=0.000000  inc=-0.186769  bucket 0->0  (mf=1000)
Dropping frame 1403636873.651666
[MF-SEL] tPrev=(  d=0.044990  dMin=0.000000  dAvg=0.032706  dMax=1.324692  Dlo=0.016353  Dhi=0.678699  err=0.000000  inc=-0.186769  bucket 0->0  (mf=1000)
[MF-SEL] tPrev=(  d=0.018351  dMin=0.000000  dAvg=0.032650  dMax=1.324692  Dlo=0.016325  Dhi=0.678671  err=0.000000  inc=-0.186769  bucket 0->0  (mf=1000)
[MF-SEL] tPrev=(  d=0.014660  dMin=0.000000  dAvg=0.032580  dMax=1.324692  Dlo=0.016290  Dhi=0.678636  err=-1.000000  inc=-1.110403  bucket 0->0  (mf=1000)
[MF-SEL] tPrev=(  d=0.011030  dMin=0.000000  dAvg=0.032496  dMax=1.324692  Dlo=0.016248  Dhi=0.678594  err=-1.000000  inc=-0.791299  bucket 0->0  (mf=1000)
start VIBA 1
[MF-SEL] tPrev=(  d=0.007716  dMin=0.000000  dAvg=0.032401  dMax=1.324692  Dlo=0.016200  Dhi=0.678546  err=-1.000000  inc=-0.793732  bucket 0->0  (mf=1000)
Dropping frame 1403636873.951666
end VIBA 1
[MF-SEL] tPrev=(  d=0.010329  dMin=0.000000  dAvg=0.032316  dMax=1.324692  Dlo=0.016158  Dhi=0.678504  err=-1.000000  inc=-0.798908  bucket 0->0  (mf=1000)
[MF-SEL] tPrev=(  d=0.001765  dMin=0.000000  dAvg=0.032199  dMax=1.324692  Dlo=0.016099  Dhi=0.678445  err=-1.000000  inc=-0.801398  bucket 0->0  (mf=1000)
[MF-SEL] tPrev=(  d=0.002196  dMin=0.000000  dAvg=0.032084  dMax=1.324692  Dlo=0.016042  Dhi=0.678388  err=-1.000000  inc=-0.803692  bucket 0->0  (mf=1000)
Dropping frame 1403636874.151666
[MF-SEL] tPrev=(  d=0.010306  dMin=0.000000  dAvg=0.032001  dMax=1.324692  Dlo=0.016001  Dhi=0.678347  err=-1.000000  inc=-0.808499  bucket 0->0  (mf=1000)
[MF-SEL] tPrev=(  d=0.008532  dMin=0.000000  dAvg=0.031912  dMax=1.324692  Dlo=0.015956  Dhi=0.678302  err=-1.000000  inc=-0.811091  bucket 0->0  (mf=1000)
[MF-SEL] tPrev=(  d=0.011790  dMin=0.000000  dAvg=0.031837  dMax=1.324692  Dlo=0.015918  Dhi=0.678264  err=-1.000000  inc=-0.813672  bucket 0->0  (mf=1000)
[MF-SEL] tPrev=(  d=0.015431  dMin=0.000000  dAvg=0.031775  dMax=1.324692  Dlo=0.015887  Dhi=0.678234  err=-1.000000  inc=-0.815998  bucket 0->0  (mf=1000)
[MF-SEL] tPrev=(  d=0.018885  dMin=0.000000  dAvg=0.031727  dMax=1.324692  Dlo=0.015863  Dhi=0.678209  err=0.000000  inc=0.115863  bucket 0->0  (mf=1000)
[MF-SEL] tPrev=(  d=0.022134  dMin=0.000000  dAvg=0.031691  dMax=1.324692  Dlo=0.015845  Dhi=0.678191  err=0.000000  inc=-0.215998  bucket 0->0  (mf=1000)
[MF-SEL] tPrev=(  d=0.024130  dMin=0.000000  dAvg=0.031663  dMax=1.324692  Dlo=0.015831  Dhi=0.678177  err=0.000000  inc=-0.215998  bucket 0->0  (mf=1000)
[MF-SEL] tPrev=(  d=0.024803  dMin=0.000000  dAvg=0.031637  dMax=1.324692  Dlo=0.015819  Dhi=0.678165  err=0.000000  inc=-0.215998  bucket 0->0  (mf=1000)
[MF-SEL] tPrev=(  d=0.028045  dMin=0.000000  dAvg=0.031624  dMax=1.324692  Dlo=0.015812  Dhi=0.678158  err=0.000000  inc=-0.215998  bucket 0->0  (mf=1000)
[MF-SEL] tPrev=(  d=0.030000  dMin=0.000000  dAvg=0.031618  dMax=1.324692  Dlo=0.015809  Dhi=0.678155  err=0.000000  inc=-0.215998  bucket 0->0  (mf=1000)
Dropping frame 1403636874.701667
[MF-SEL] tPrev=(  d=0.062343  dMin=0.000000  dAvg=0.031731  dMax=1.324692  Dlo=0.015865  Dhi=0.678211  err=0.000000  inc=-0.215998  bucket 0->0  (mf=1000)
[MF-SEL] tPrev=(  d=0.030147  dMin=0.000000  dAvg=0.031725  dMax=1.324692  Dlo=0.015862  Dhi=0.678208  err=0.000000  inc=-0.215998  bucket 0->0  (mf=1000)
[MF-SEL] tPrev=(  d=0.029205  dMin=0.000000  dAvg=0.031716  dMax=1.324692  Dlo=0.015858  Dhi=0.678204  err=0.000000  inc=-0.215998  bucket 0->0  (mf=1000)
[MF-SEL] tPrev=(  d=0.028025  dMin=0.000000  dAvg=0.031702  dMax=1.324692  Dlo=0.015851  Dhi=0.678197  err=0.000000  inc=-0.215998  bucket 0->0  (mf=1000)
[MF-SEL] tPrev=(  d=0.024636  dMin=0.000000  dAvg=0.031677  dMax=1.324692  Dlo=0.015838  Dhi=0.678184  err=0.000000  inc=-0.215998  bucket 0->0  (mf=1000)
[MF-SEL] tPrev=(  d=0.021297  dMin=0.000000  dAvg=0.031639  dMax=1.324692  Dlo=0.015820  Dhi=0.678166  err=0.000000  inc=-0.215998  bucket 0->0  (mf=1000)
[MF-SEL] tPrev=(  d=0.018590  dMin=0.000000  dAvg=0.031593  dMax=1.324692  Dlo=0.015796  Dhi=0.678142  err=0.000000  inc=-0.215998  bucket 0->0  (mf=1000)
Dropping frame 1403636875.101666
[MF-SEL] tPrev=(  d=0.031228  dMin=0.000000  dAvg=0.031591  dMax=1.324692  Dlo=0.015796  Dhi=0.678142  err=0.000000  inc=-0.215998  bucket 0->0  (mf=1000)
[MF-SEL] tPrev=(  d=0.012729  dMin=0.000000  dAvg=0.031524  dMax=1.324692  Dlo=0.015762  Dhi=0.678108  err=-1.000000  inc=-1.127563  bucket 0->0  (mf=1000)
[MF-SEL] tPrev=(  d=0.011870  dMin=0.000000  dAvg=0.031455  dMax=1.324692  Dlo=0.015727  Dhi=0.678073  err=-1.000000  inc=-0.820630  bucket 0->0  (mf=1000)
[MF-SEL] tPrev=(  d=0.010456  dMin=0.000000  dAvg=0.031380  dMax=1.324692  Dlo=0.015690  Dhi=0.678036  err=-1.000000  inc=-0.823309  bucket 0->0  (mf=1000)
[MF-SEL] tPrev=(  d=0.011022  dMin=0.000000  dAvg=0.031309  dMax=1.324692  Dlo=0.015654  Dhi=0.678000  err=-1.000000  inc=-0.825754  bucket 0->0  (mf=1000)
[MF-SEL] tPrev=(  d=0.010037  dMin=0.000000  dAvg=0.031234  dMax=1.324692  Dlo=0.015617  Dhi=0.677963  err=-1.000000  inc=-0.828199  bucket 0->0  (mf=1000)
[MF-SEL] tPrev=(  d=0.010237  dMin=0.000000  dAvg=0.031161  dMax=1.324692  Dlo=0.015580  Dhi=0.677926  err=-1.000000  inc=-0.830223  bucket 0->0  (mf=1000)
[MF-SEL] tPrev=(  d=0.012733  dMin=0.000000  dAvg=0.031096  dMax=1.324692  Dlo=0.015548  Dhi=0.677894  err=-1.000000  inc=-0.832725  bucket 0->0  (mf=1000)
[MF-SEL] tPrev=(  d=0.015437  dMin=0.000000  dAvg=0.031042  dMax=1.324692  Dlo=0.015521  Dhi=0.677867  err=-1.000000  inc=-0.835222  bucket 0->0  (mf=1000)
[MF-SEL] tPrev=(  d=0.017031  dMin=0.000000  dAvg=0.030994  dMax=1.324692  Dlo=0.015497  Dhi=0.677843  err=0.000000  inc=0.118593  bucket 0->0  (mf=1000)
[MF-SEL] tPrev=(  d=0.017600  dMin=0.000000  dAvg=0.030947  dMax=1.324692  Dlo=0.015474  Dhi=0.677820  err=0.000000  inc=-0.235222  bucket 0->0  (mf=1000)
[MF-SEL] tPrev=(  d=0.019932  dMin=0.000000  dAvg=0.030910  dMax=1.324692  Dlo=0.015455  Dhi=0.677801  err=0.000000  inc=-0.235222  bucket 0->0  (mf=1000)
[MF-SEL] tPrev=(  d=0.021722  dMin=0.000000  dAvg=0.030878  dMax=1.324692  Dlo=0.015439  Dhi=0.677785  err=0.000000  inc=-0.235222  bucket 0->0  (mf=1000)
[MF-SEL] tPrev=(  d=0.022735  dMin=0.000000  dAvg=0.030850  dMax=1.324692  Dlo=0.015425  Dhi=0.677771  err=0.000000  inc=-0.235222  bucket 0->0  (mf=1000)
[MF-SEL] tPrev=(  d=0.023093  dMin=0.000000  dAvg=0.030824  dMax=1.324692  Dlo=0.015412  Dhi=0.677758  err=0.000000  inc=-0.235222  bucket 0->0  (mf=1000)
[MF-SEL] tPrev=(  d=0.023981  dMin=0.000000  dAvg=0.030801  dMax=1.324692  Dlo=0.015400  Dhi=0.677746  err=0.000000  inc=-0.235222  bucket 0->0  (mf=1000)
[MF-SEL] tPrev=(  d=0.024256  dMin=0.000000  dAvg=0.030779  dMax=1.324692  Dlo=0.015389  Dhi=0.677735  err=0.000000  inc=-0.235222  bucket 0->0  (mf=1000)
Dropping frame 1403636876.001667
[MF-SEL] tPrev=(  d=0.049984  dMin=0.000000  dAvg=0.030843  dMax=1.324692  Dlo=0.015422  Dhi=0.677768  err=0.000000  inc=-0.235222  bucket 0->0  (mf=1000)
[MF-SEL] tPrev=(  d=0.025625  dMin=0.000000  dAvg=0.030826  dMax=1.324692  Dlo=0.015413  Dhi=0.677759  err=0.000000  inc=-0.235222  bucket 0->0  (mf=1000)
[MF-SEL] tPrev=(  d=0.025536  dMin=0.000000  dAvg=0.030808  dMax=1.324692  Dlo=0.015404  Dhi=0.677750  err=0.000000  inc=-0.235222  bucket 0->0  (mf=1000)
Dropping frame 1403636876.201667
[MF-SEL] tPrev=(  d=0.050076  dMin=0.000000  dAvg=0.030872  dMax=1.324692  Dlo=0.015436  Dhi=0.677782  err=0.000000  inc=-0.235222  bucket 0->0  (mf=1000)
[MF-SEL] tPrev=(  d=0.026829  dMin=0.000000  dAvg=0.030859  dMax=1.324692  Dlo=0.015429  Dhi=0.677775  err=0.000000  inc=-0.235222  bucket 0->0  (mf=1000)
[MF-SEL] tPrev=(  d=0.028173  dMin=0.000000  dAvg=0.030850  dMax=1.324692  Dlo=0.015425  Dhi=0.677771  err=0.000000  inc=-0.235222  bucket 0->0  (mf=1000)
[MF-SEL] tPrev=(  d=0.028611  dMin=0.000000  dAvg=0.030843  dMax=1.324692  Dlo=0.015421  Dhi=0.677767  err=0.000000  inc=-0.235222  bucket 0->0  (mf=1000)
[MF-SEL] tPrev=(  d=0.031786  dMin=0.000000  dAvg=0.030846  dMax=1.324692  Dlo=0.015423  Dhi=0.677769  err=0.000000  inc=-0.235222  bucket 0->0  (mf=1000)
[MF-SEL] tPrev=(  d=0.032938  dMin=0.000000  dAvg=0.030853  dMax=1.324692  Dlo=0.015426  Dhi=0.677772  err=0.000000  inc=-0.235222  bucket 0->0  (mf=1000)
Dropping frame 1403636876.551666
[MF-SEL] tPrev=(  d=0.069237  dMin=0.000000  dAvg=0.030978  dMax=1.324692  Dlo=0.015489  Dhi=0.677835  err=0.000000  inc=-0.235222  bucket 0->0  (mf=1000)
[MF-SEL] tPrev=(  d=0.034129  dMin=0.000000  dAvg=0.030988  dMax=1.324692  Dlo=0.015494  Dhi=0.677840  err=0.000000  inc=-0.235222  bucket 0->0  (mf=1000)
[MF-SEL] tPrev=(  d=0.032504  dMin=0.000000  dAvg=0.030993  dMax=1.324692  Dlo=0.015497  Dhi=0.677843  err=0.000000  inc=-0.235222  bucket 0->0  (mf=1000)
[MF-SEL] tPrev=(  d=0.029374  dMin=0.000000  dAvg=0.030988  dMax=1.324692  Dlo=0.015494  Dhi=0.677840  err=0.000000  inc=-0.235222  bucket 0->0  (mf=1000)
[MF-SEL] tPrev=(  d=0.028610  dMin=0.000000  dAvg=0.030980  dMax=1.324692  Dlo=0.015490  Dhi=0.677836  err=0.000000  inc=-0.235222  bucket 0->0  (mf=1000)
[MF-SEL] tPrev=(  d=0.027178  dMin=0.000000  dAvg=0.030968  dMax=1.324692  Dlo=0.015484  Dhi=0.677830  err=0.000000  inc=-0.235222  bucket 0->0  (mf=1000)
[MF-SEL] tPrev=(  d=0.031121  dMin=0.000000  dAvg=0.030968  dMax=1.324692  Dlo=0.015484  Dhi=0.677830  err=0.000000  inc=-0.235222  bucket 0->0  (mf=1000)
[MF-SEL] tPrev=(  d=0.028004  dMin=0.000000  dAvg=0.030959  dMax=1.324692  Dlo=0.015480  Dhi=0.677826  err=0.000000  inc=-0.235222  bucket 0->0  (mf=1000)
[MF-SEL] tPrev=(  d=0.028924  dMin=0.000000  dAvg=0.030953  dMax=1.324692  Dlo=0.015476  Dhi=0.677822  err=0.000000  inc=-0.235222  bucket 0->0  (mf=1000)
[MF-SEL] tPrev=(  d=0.032515  dMin=0.000000  dAvg=0.030958  dMax=1.324692  Dlo=0.015479  Dhi=0.677825  err=0.000000  inc=-0.235222  bucket 0->0  (mf=1000)
[MF-SEL] tPrev=(  d=0.031830  dMin=0.000000  dAvg=0.030960  dMax=1.324692  Dlo=0.015480  Dhi=0.677826  err=0.000000  inc=-0.235222  bucket 0->0  (mf=1000)
[MF-SEL] tPrev=(  d=0.032894  dMin=0.000000  dAvg=0.030966  dMax=1.324692  Dlo=0.015483  Dhi=0.677829  err=0.000000  inc=-0.235222  bucket 0->0  (mf=1000)
[MF-SEL] tPrev=(  d=0.034549  dMin=0.000000  dAvg=0.030978  dMax=1.324692  Dlo=0.015489  Dhi=0.677835  err=0.000000  inc=-0.235222  bucket 0->0  (mf=1000)
[MF-SEL] tPrev=(  d=0.035951  dMin=0.000000  dAvg=0.030993  dMax=1.324692  Dlo=0.015497  Dhi=0.677843  err=0.000000  inc=-0.235222  bucket 0->0  (mf=1000)
[MF-SEL] tPrev=(  d=0.035210  dMin=0.000000  dAvg=0.031006  dMax=1.324692  Dlo=0.015503  Dhi=0.677849  err=0.000000  inc=-0.235222  bucket 0->0  (mf=1000)
[MF-SEL] tPrev=(  d=0.036559  dMin=0.000000  dAvg=0.031024  dMax=1.324692  Dlo=0.015512  Dhi=0.677858  err=0.000000  inc=-0.235222  bucket 0->0  (mf=1000)
[MF-SEL] tPrev=(  d=0.033817  dMin=0.000000  dAvg=0.031032  dMax=1.324692  Dlo=0.015516  Dhi=0.677862  err=0.000000  inc=-0.235222  bucket 0->0  (mf=1000)
Dropping frame 1403636877.451666
[MF-SEL] tPrev=(  d=0.070252  dMin=0.000000  dAvg=0.031154  dMax=1.324692  Dlo=0.015577  Dhi=0.677923  err=0.000000  inc=-0.235222  bucket 0->0  (mf=1000)
[MF-SEL] tPrev=(  d=0.034159  dMin=0.000000  dAvg=0.031163  dMax=1.324692  Dlo=0.015582  Dhi=0.677928  err=0.000000  inc=-0.235222  bucket 0->0  (mf=1000)
Dropping frame 1403636877.601666
[MF-SEL] tPrev=(  d=0.064663  dMin=0.000000  dAvg=0.031266  dMax=1.324692  Dlo=0.015633  Dhi=0.677979  err=0.000000  inc=-0.235222  bucket 0->0  (mf=1000)
Dropping frame 1403636877.701667
[MF-SEL] tPrev=(  d=0.060044  dMin=0.000000  dAvg=0.031354  dMax=1.324692  Dlo=0.015677  Dhi=0.678023  err=0.000000  inc=-0.235222  bucket 0->0  (mf=1000)
[MF-SEL] tPrev=(  d=0.028535  dMin=0.000000  dAvg=0.031346  dMax=1.324692  Dlo=0.015673  Dhi=0.678019  err=0.000000  inc=-0.235222  bucket 0->0  (mf=1000)
[MF-SEL] tPrev=(  d=0.028042  dMin=0.000000  dAvg=0.031336  dMax=1.324692  Dlo=0.015668  Dhi=0.678014  err=0.000000  inc=-0.235222  bucket 0->0  (mf=1000)
[MF-SEL] tPrev=(  d=0.026572  dMin=0.000000  dAvg=0.031321  dMax=1.324692  Dlo=0.015661  Dhi=0.678007  err=0.000000  inc=-0.235222  bucket 0->0  (mf=1000)
Dropping frame 1403636877.951666
[MF-SEL] tPrev=(  d=0.053701  dMin=0.000000  dAvg=0.031389  dMax=1.324692  Dlo=0.015695  Dhi=0.678041  err=0.000000  inc=-0.235222  bucket 0->0  (mf=1000)
[MF-SEL] tPrev=(  d=0.024471  dMin=0.000000  dAvg=0.031368  dMax=1.324692  Dlo=0.015684  Dhi=0.678030  err=0.000000  inc=-0.235222  bucket 0->0  (mf=1000)
[MF-SEL] tPrev=(  d=0.023807  dMin=0.000000  dAvg=0.031345  dMax=1.324692  Dlo=0.015673  Dhi=0.678019  err=0.000000  inc=-0.235222  bucket 0->0  (mf=1000)
[MF-SEL] tPrev=(  d=0.023665  dMin=0.000000  dAvg=0.031322  dMax=1.324692  Dlo=0.015661  Dhi=0.678007  err=0.000000  inc=-0.235222  bucket 0->0  (mf=1000)
Dropping frame 1403636878.201667
[MF-SEL] tPrev=(  d=0.047088  dMin=0.000000  dAvg=0.031370  dMax=1.324692  Dlo=0.015685  Dhi=0.678031  err=0.000000  inc=-0.235222  bucket 0->0  (mf=1000)
Dropping frame 1403636878.301666
[MF-SEL] tPrev=(  d=0.052066  dMin=0.000000  dAvg=0.031431  dMax=1.324692  Dlo=0.015716  Dhi=0.678062  err=0.000000  inc=-0.235222  bucket 0->0  (mf=1000)
[MF-SEL] tPrev=(  d=0.028431  dMin=0.000000  dAvg=0.031422  dMax=1.324692  Dlo=0.015711  Dhi=0.678057  err=0.000000  inc=-0.235222  bucket 0->0  (mf=1000)
[MF-SEL] tPrev=(  d=0.028403  dMin=0.000000  dAvg=0.031413  dMax=1.324692  Dlo=0.015707  Dhi=0.678053  err=0.000000  inc=-0.235222  bucket 0->0  (mf=1000)
[MF-SEL] tPrev=(  d=0.030483  dMin=0.000000  dAvg=0.031411  dMax=1.324692  Dlo=0.015705  Dhi=0.678051  err=0.000000  inc=-0.235222  bucket 0->0  (mf=1000)
[MF-SEL] tPrev=(  d=0.030966  dMin=0.000000  dAvg=0.031409  dMax=1.324692  Dlo=0.015705  Dhi=0.678051  err=0.000000  inc=-0.235222  bucket 0->0  (mf=1000)
[MF-SEL] tPrev=(  d=0.033122  dMin=0.000000  dAvg=0.031414  dMax=1.324692  Dlo=0.015707  Dhi=0.678053  err=0.000000  inc=-0.235222  bucket 0->0  (mf=1000)
Dropping frame 1403636878.651666
[MF-SEL] tPrev=(  d=0.065419  dMin=0.000000  dAvg=0.031514  dMax=1.324692  Dlo=0.015757  Dhi=0.678103  err=0.000000  inc=-0.235222  bucket 0->0  (mf=1000)
[MF-SEL] tPrev=(  d=0.033445  dMin=0.000000  dAvg=0.031520  dMax=1.324692  Dlo=0.015760  Dhi=0.678106  err=0.000000  inc=-0.235222  bucket 0->0  (mf=1000)
[MF-SEL] tPrev=(  d=0.031876  dMin=0.000000  dAvg=0.031521  dMax=1.324692  Dlo=0.015760  Dhi=0.678106  err=0.000000  inc=-0.235222  bucket 0->0  (mf=1000)
[MF-SEL] tPrev=(  d=0.031661  dMin=0.000000  dAvg=0.031521  dMax=1.324692  Dlo=0.015761  Dhi=0.678107  err=0.000000  inc=-0.235222  bucket 0->0  (mf=1000)
Dropping frame 1403636878.901667
[MF-SEL] tPrev=(  d=0.056919  dMin=0.000000  dAvg=0.031595  dMax=1.324692  Dlo=0.015797  Dhi=0.678143  err=0.000000  inc=-0.235222  bucket 0->0  (mf=1000)
[MF-SEL] tPrev=(  d=0.028037  dMin=0.000000  dAvg=0.031585  dMax=1.324692  Dlo=0.015792  Dhi=0.678138  err=0.000000  inc=-0.235222  bucket 0->0  (mf=1000)
[MF-SEL] tPrev=(  d=0.026598  dMin=0.000000  dAvg=0.031570  dMax=1.324692  Dlo=0.015785  Dhi=0.678131  err=0.000000  inc=-0.235222  bucket 0->0  (mf=1000)
[MF-SEL] tPrev=(  d=0.024513  dMin=0.000000  dAvg=0.031550  dMax=1.324692  Dlo=0.015775  Dhi=0.678121  err=0.000000  inc=-0.235222  bucket 0->0  (mf=1000)
[MF-SEL] tPrev=(  d=0.024741  dMin=0.000000  dAvg=0.031530  dMax=1.324692  Dlo=0.015765  Dhi=0.678111  err=0.000000  inc=-0.235222  bucket 0->0  (mf=1000)
[MF-SEL] tPrev=(  d=0.024926  dMin=0.000000  dAvg=0.031512  dMax=1.324692  Dlo=0.015756  Dhi=0.678102  err=0.000000  inc=-0.235222  bucket 0->0  (mf=1000)
Dropping frame 1403636879.251667
[MF-SEL] tPrev=(  d=0.045146  dMin=0.000000  dAvg=0.031550  dMax=1.324692  Dlo=0.015775  Dhi=0.678121  err=0.000000  inc=-0.235222  bucket 0->0  (mf=1000)
Dropping frame 1403636879.351666
[MF-SEL] tPrev=(  d=0.044351  dMin=0.000000  dAvg=0.031587  dMax=1.324692  Dlo=0.015793  Dhi=0.678139  err=0.000000  inc=-0.235222  bucket 0->0  (mf=1000)
[MF-SEL] tPrev=(  d=0.021508  dMin=0.000000  dAvg=0.031558  dMax=1.324692  Dlo=0.015779  Dhi=0.678125  err=0.000000  inc=-0.235222  bucket 0->0  (mf=1000)
[MF-SEL] tPrev=(  d=0.022879  dMin=0.000000  dAvg=0.031534  dMax=1.324692  Dlo=0.015767  Dhi=0.678113  err=0.000000  inc=-0.235222  bucket 0->0  (mf=1000)
[MF-SEL] tPrev=(  d=0.023762  dMin=0.000000  dAvg=0.031512  dMax=1.324692  Dlo=0.015756  Dhi=0.678102  err=0.000000  inc=-0.235222  bucket 0->0  (mf=1000)
[MF-SEL] tPrev=(  d=0.025244  dMin=0.000000  dAvg=0.031494  dMax=1.324692  Dlo=0.015747  Dhi=0.678093  err=0.000000  inc=-0.235222  bucket 0->0  (mf=1000)
Dropping frame 1403636879.651666
[MF-SEL] tPrev=(  d=0.056037  dMin=0.000000  dAvg=0.031563  dMax=1.324692  Dlo=0.015781  Dhi=0.678128  err=0.000000  inc=-0.235222  bucket 0->0  (mf=1000)
Dropping frame 1403636879.751667
[MF-SEL] tPrev=(  d=0.059807  dMin=0.000000  dAvg=0.031642  dMax=1.324692  Dlo=0.015821  Dhi=0.678167  err=0.000000  inc=-0.235222  bucket 0->0  (mf=1000)
[MF-SEL] tPrev=(  d=0.030273  dMin=0.000000  dAvg=0.031638  dMax=1.324692  Dlo=0.015819  Dhi=0.678165  err=0.000000  inc=-0.235222  bucket 0->0  (mf=1000)
[MF-SEL] tPrev=(  d=0.029469  dMin=0.000000  dAvg=0.031632  dMax=1.324692  Dlo=0.015816  Dhi=0.678162  err=0.000000  inc=-0.235222  bucket 0->0  (mf=1000)
[MF-SEL] tPrev=(  d=0.029659  dMin=0.000000  dAvg=0.031626  dMax=1.324692  Dlo=0.015813  Dhi=0.678159  err=0.000000  inc=-0.235222  bucket 0->0  (mf=1000)
[MF-SEL] tPrev=(  d=0.027379  dMin=0.000000  dAvg=0.031615  dMax=1.324692  Dlo=0.015807  Dhi=0.678153  err=0.000000  inc=-0.235222  bucket 0->0  (mf=1000)
[MF-SEL] tPrev=(  d=0.025189  dMin=0.000000  dAvg=0.031597  dMax=1.324692  Dlo=0.015799  Dhi=0.678145  err=0.000000  inc=-0.235222  bucket 0->0  (mf=1000)
Dropping frame 1403636880.101666
[MF-SEL] tPrev=(  d=0.043572  dMin=0.000000  dAvg=0.031630  dMax=1.324692  Dlo=0.015815  Dhi=0.678161  err=0.000000  inc=-0.235222  bucket 0->0  (mf=1000)
[MF-SEL] tPrev=(  d=0.021692  dMin=0.000000  dAvg=0.031603  dMax=1.324692  Dlo=0.015801  Dhi=0.678147  err=0.000000  inc=-0.235222  bucket 0->0  (mf=1000)
[MF-SEL] tPrev=(  d=0.022226  dMin=0.000000  dAvg=0.031577  dMax=1.324692  Dlo=0.015789  Dhi=0.678135  err=0.000000  inc=-0.235222  bucket 0->0  (mf=1000)
[MF-SEL] tPrev=(  d=0.023439  dMin=0.000000  dAvg=0.031555  dMax=1.324692  Dlo=0.015777  Dhi=0.678124  err=0.000000  inc=-0.235222  bucket 0->0  (mf=1000)
[MF-SEL] tPrev=(  d=0.023521  dMin=0.000000  dAvg=0.031533  dMax=1.324692  Dlo=0.015767  Dhi=0.678113  err=0.000000  inc=-0.235222  bucket 0->0  (mf=1000)
[MF-SEL] tPrev=(  d=0.024023  dMin=0.000000  dAvg=0.031513  dMax=1.324692  Dlo=0.015756  Dhi=0.678102  err=0.000000  inc=-0.235222  bucket 0->0  (mf=1000)
[MF-SEL] tPrev=(  d=0.025506  dMin=0.000000  dAvg=0.031497  dMax=1.324692  Dlo=0.015748  Dhi=0.678094  err=0.000000  inc=-0.235222  bucket 0->0  (mf=1000)
[MF-SEL] tPrev=(  d=0.024114  dMin=0.000000  dAvg=0.031477  dMax=1.324692  Dlo=0.015738  Dhi=0.678084  err=0.000000  inc=-0.235222  bucket 0->0  (mf=1000)
[MF-SEL] tPrev=(  d=0.023219  dMin=0.000000  dAvg=0.031454  dMax=1.324692  Dlo=0.015727  Dhi=0.678073  err=0.000000  inc=-0.235222  bucket 0->0  (mf=1000)
[MF-SEL] tPrev=(  d=0.024088  dMin=0.000000  dAvg=0.031435  dMax=1.324692  Dlo=0.015717  Dhi=0.678063  err=0.000000  inc=-0.235222  bucket 0->0  (mf=1000)
Dropping frame 1403636880.651666
[MF-SEL] tPrev=(  d=0.045484  dMin=0.000000  dAvg=0.031472  dMax=1.324692  Dlo=0.015736  Dhi=0.678082  err=0.000000  inc=-0.235222  bucket 0->0  (mf=1000)
[MF-SEL] tPrev=(  d=0.022120  dMin=0.000000  dAvg=0.031447  dMax=1.324692  Dlo=0.015724  Dhi=0.678070  err=0.000000  inc=-0.235222  bucket 0->0  (mf=1000)
[MF-SEL] tPrev=(  d=0.021689  dMin=0.000000  dAvg=0.031421  dMax=1.324692  Dlo=0.015711  Dhi=0.678057  err=0.000000  inc=-0.235222  bucket 0->0  (mf=1000)
[MF-SEL] tPrev=(  d=0.022543  dMin=0.000000  dAvg=0.031398  dMax=1.324692  Dlo=0.015699  Dhi=0.678045  err=0.000000  inc=-0.235222  bucket 0->0  (mf=1000)
[MF-SEL] tPrev=(  d=0.019809  dMin=0.000000  dAvg=0.031367  dMax=1.324692  Dlo=0.015684  Dhi=0.678030  err=0.000000  inc=-0.235222  bucket 0->0  (mf=1000)
[MF-SEL] tPrev=(  d=0.019571  dMin=0.000000  dAvg=0.031336  dMax=1.324692  Dlo=0.015668  Dhi=0.678014  err=0.000000  inc=-0.235222  bucket 0->0  (mf=1000)
[MF-SEL] tPrev=(  d=0.018751  dMin=0.000000  dAvg=0.031303  dMax=1.324692  Dlo=0.015651  Dhi=0.677998  err=0.000000  inc=-0.235222  bucket 0->0  (mf=1000)
[MF-SEL] tPrev=(  d=0.018903  dMin=0.000000  dAvg=0.031270  dMax=1.324692  Dlo=0.015635  Dhi=0.677981  err=0.000000  inc=-0.235222  bucket 0->0  (mf=1000)
[MF-SEL] tPrev=(  d=0.019089  dMin=0.000000  dAvg=0.031238  dMax=1.324692  Dlo=0.015619  Dhi=0.677965  err=0.000000  inc=-0.235222  bucket 0->0  (mf=1000)
[MF-SEL] tPrev=(  d=0.019566  dMin=0.000000  dAvg=0.031208  dMax=1.324692  Dlo=0.015604  Dhi=0.677950  err=0.000000  inc=-0.235222  bucket 0->0  (mf=1000)
Dropping frame 1403636881.201667
[MF-SEL] tPrev=(  d=0.039801  dMin=0.000000  dAvg=0.031230  dMax=1.324692  Dlo=0.015615  Dhi=0.677961  err=0.000000  inc=-0.235222  bucket 0->0  (mf=1000)
[MF-SEL] tPrev=(  d=0.018516  dMin=0.000000  dAvg=0.031197  dMax=1.324692  Dlo=0.015599  Dhi=0.677945  err=0.000000  inc=-0.235222  bucket 0->0  (mf=1000)
[MF-SEL] tPrev=(  d=0.018427  dMin=0.000000  dAvg=0.031164  dMax=1.324692  Dlo=0.015582  Dhi=0.677928  err=0.000000  inc=-0.235222  bucket 0->0  (mf=1000)
[MF-SEL] tPrev=(  d=0.019518  dMin=0.000000  dAvg=0.031134  dMax=1.324692  Dlo=0.015567  Dhi=0.677913  err=0.000000  inc=-0.235222  bucket 0->0  (mf=1000)
Dropping frame 1403636881.451666
[MF-SEL] tPrev=(  d=0.045416  dMin=0.000000  dAvg=0.031171  dMax=1.324692  Dlo=0.015585  Dhi=0.677932  err=0.000000  inc=-0.235222  bucket 0->0  (mf=1000)
[MF-SEL] tPrev=(  d=0.026509  dMin=0.000000  dAvg=0.031159  dMax=1.324692  Dlo=0.015579  Dhi=0.677926  err=0.000000  inc=-0.235222  bucket 0->0  (mf=1000)
[MF-SEL] tPrev=(  d=0.026992  dMin=0.000000  dAvg=0.031148  dMax=1.324692  Dlo=0.015574  Dhi=0.677920  err=0.000000  inc=-0.235222  bucket 0->0  (mf=1000)
[MF-SEL] tPrev=(  d=0.028748  dMin=0.000000  dAvg=0.031142  dMax=1.324692  Dlo=0.015571  Dhi=0.677917  err=0.000000  inc=-0.235222  bucket 0->0  (mf=1000)
[MF-SEL] tPrev=(  d=0.030325  dMin=0.000000  dAvg=0.031140  dMax=1.324692  Dlo=0.015570  Dhi=0.677916  err=0.000000  inc=-0.235222  bucket 0->0  (mf=1000)
[MF-SEL] tPrev=(  d=0.032275  dMin=0.000000  dAvg=0.031143  dMax=1.324692  Dlo=0.015571  Dhi=0.677918  err=0.000000  inc=-0.235222  bucket 0->0  (mf=1000)
[MF-SEL] tPrev=(  d=0.033239  dMin=0.000000  dAvg=0.031148  dMax=1.324692  Dlo=0.015574  Dhi=0.677920  err=0.000000  inc=-0.235222  bucket 0->0  (mf=1000)
[MF-SEL] tPrev=(  d=0.032132  dMin=0.000000  dAvg=0.031151  dMax=1.324692  Dlo=0.015575  Dhi=0.677921  err=0.000000  inc=-0.235222  bucket 0->0  (mf=1000)
[MF-SEL] tPrev=(  d=0.031685  dMin=0.000000  dAvg=0.031152  dMax=1.324692  Dlo=0.015576  Dhi=0.677922  err=0.000000  inc=-0.235222  bucket 0->0  (mf=1000)
[MF-SEL] tPrev=(  d=0.030392  dMin=0.000000  dAvg=0.031150  dMax=1.324692  Dlo=0.015575  Dhi=0.677921  err=0.000000  inc=-0.235222  bucket 0->0  (mf=1000)
[MF-SEL] tPrev=(  d=0.025916  dMin=0.000000  dAvg=0.031137  dMax=1.324692  Dlo=0.015569  Dhi=0.677915  err=0.000000  inc=-0.235222  bucket 0->0  (mf=1000)
[MF-SEL] tPrev=(  d=0.027741  dMin=0.000000  dAvg=0.031129  dMax=1.324692  Dlo=0.015564  Dhi=0.677910  err=0.000000  inc=-0.235222  bucket 0->0  (mf=1000)
[MF-SEL] tPrev=(  d=0.025788  dMin=0.000000  dAvg=0.031115  dMax=1.324692  Dlo=0.015558  Dhi=0.677904  err=0.000000  inc=-0.235222  bucket 0->0  (mf=1000)
[MF-SEL] tPrev=(  d=0.023826  dMin=0.000000  dAvg=0.031097  dMax=1.324692  Dlo=0.015549  Dhi=0.677895  err=0.000000  inc=-0.235222  bucket 0->0  (mf=1000)
Dropping frame 1403636882.201667
[MF-SEL] tPrev=(  d=0.040068  dMin=0.000000  dAvg=0.031119  dMax=1.324692  Dlo=0.015560  Dhi=0.677906  err=0.000000  inc=-0.235222  bucket 0->0  (mf=1000)
[MF-SEL] tPrev=(  d=0.016617  dMin=0.000000  dAvg=0.031083  dMax=1.324692  Dlo=0.015542  Dhi=0.677888  err=0.000000  inc=-0.235222  bucket 0->0  (mf=1000)
[MF-SEL] tPrev=(  d=0.014461  dMin=0.000000  dAvg=0.031042  dMax=1.324692  Dlo=0.015521  Dhi=0.677867  err=-1.000000  inc=-1.144590  bucket 0->0  (mf=1000)
[MF-SEL] tPrev=(  d=0.013580  dMin=0.000000  dAvg=0.030999  dMax=1.324692  Dlo=0.015500  Dhi=0.677846  err=-1.000000  inc=-0.839978  bucket 0->0  (mf=1000)
[MF-SEL] tPrev=(  d=0.012590  dMin=0.000000  dAvg=0.030954  dMax=1.324692  Dlo=0.015477  Dhi=0.677823  err=-1.000000  inc=-0.842344  bucket 0->0  (mf=1000)
[MF-SEL] tPrev=(  d=0.012490  dMin=0.000000  dAvg=0.030908  dMax=1.324692  Dlo=0.015454  Dhi=0.677800  err=-1.000000  inc=-0.844794  bucket 0->0  (mf=1000)
Dropping frame 1403636882.551666
[MF-SEL] tPrev=(  d=0.020604  dMin=0.000000  dAvg=0.030883  dMax=1.324692  Dlo=0.015442  Dhi=0.677788  err=0.000000  inc=-0.080853  bucket 0->0  (mf=1000)
[MF-SEL] tPrev=(  d=0.010847  dMin=0.000000  dAvg=0.030834  dMax=1.324692  Dlo=0.015417  Dhi=0.677763  err=-1.000000  inc=-1.160922  bucket 0->0  (mf=1000)
[MF-SEL] tPrev=(  d=0.012066  dMin=0.000000  dAvg=0.030788  dMax=1.324692  Dlo=0.015394  Dhi=0.677740  err=-1.000000  inc=-0.849483  bucket 0->0  (mf=1000)
Dropping frame 1403636882.751667
[MF-SEL] tPrev=(  d=0.029747  dMin=0.000000  dAvg=0.030786  dMax=1.324692  Dlo=0.015393  Dhi=0.677739  err=0.000000  inc=-0.077549  bucket 0->0  (mf=1000)
[MF-SEL] tPrev=(  d=0.016227  dMin=0.000000  dAvg=0.030750  dMax=1.324692  Dlo=0.015375  Dhi=0.677721  err=0.000000  inc=-0.249483  bucket 0->0  (mf=1000)
[MF-SEL] tPrev=(  d=0.016556  dMin=0.000000  dAvg=0.030716  dMax=1.324692  Dlo=0.015358  Dhi=0.677704  err=0.000000  inc=-0.249483  bucket 0->0  (mf=1000)
[MF-SEL] tPrev=(  d=0.016930  dMin=0.000000  dAvg=0.030683  dMax=1.324692  Dlo=0.015341  Dhi=0.677687  err=0.000000  inc=-0.249483  bucket 0->0  (mf=1000)
[MF-SEL] tPrev=(  d=0.017667  dMin=0.000000  dAvg=0.030651  dMax=1.324692  Dlo=0.015326  Dhi=0.677672  err=0.000000  inc=-0.249483  bucket 0->0  (mf=1000)
[MF-SEL] tPrev=(  d=0.017236  dMin=0.000000  dAvg=0.030619  dMax=1.324692  Dlo=0.015310  Dhi=0.677656  err=0.000000  inc=-0.249483  bucket 0->0  (mf=1000)
[MF-SEL] tPrev=(  d=0.014733  dMin=0.000000  dAvg=0.030581  dMax=1.324692  Dlo=0.015291  Dhi=0.677637  err=-1.000000  inc=-1.167735  bucket 0->0  (mf=1000)
[MF-SEL] tPrev=(  d=0.016164  dMin=0.000000  dAvg=0.030547  dMax=1.324692  Dlo=0.015273  Dhi=0.677619  err=0.000000  inc=0.068740  bucket 0->0  (mf=1000)
[MF-SEL] tPrev=(  d=0.015626  dMin=0.000000  dAvg=0.030511  dMax=1.324692  Dlo=0.015256  Dhi=0.677602  err=0.000000  inc=-0.252017  bucket 0->0  (mf=1000)
[MF-SEL] tPrev=(  d=0.014747  dMin=0.000000  dAvg=0.030473  dMax=1.324692  Dlo=0.015237  Dhi=0.677583  err=-1.000000  inc=-1.223434  bucket 0->0  (mf=1000)
[MF-SEL] tPrev=(  d=0.009473  dMin=0.000000  dAvg=0.030424  dMax=1.324692  Dlo=0.015212  Dhi=0.677558  err=-1.000000  inc=-0.856642  bucket 0->0  (mf=1000)
[MF-SEL] tPrev=(  d=0.011589  dMin=0.000000  dAvg=0.030379  dMax=1.324692  Dlo=0.015189  Dhi=0.677536  err=-1.000000  inc=-0.859259  bucket 0->0  (mf=1000)
[MF-SEL] tPrev=(  d=0.009812  dMin=0.000000  dAvg=0.030330  dMax=1.324692  Dlo=0.015165  Dhi=0.677511  err=-1.000000  inc=-0.861537  bucket 0->0  (mf=1000)
[MF-SEL] tPrev=(  d=0.009680  dMin=0.000000  dAvg=0.030282  dMax=1.324692  Dlo=0.015141  Dhi=0.677487  err=-1.000000  inc=-0.863941  bucket 0->0  (mf=1000)
[MF-SEL] tPrev=(  d=0.006209  dMin=0.000000  dAvg=0.030225  dMax=1.324692  Dlo=0.015112  Dhi=0.677459  err=-1.000000  inc=-0.867077  bucket 0->0  (mf=1000)
Dropping frame 1403636883.551666
[MF-SEL] tPrev=(  d=0.007595  dMin=0.000000  dAvg=0.030172  dMax=1.324692  Dlo=0.015086  Dhi=0.677432  err=-1.000000  inc=-0.871569  bucket 0->0  (mf=1000)
[MF-SEL] tPrev=(  d=0.003729  dMin=0.000000  dAvg=0.030110  dMax=1.324692  Dlo=0.015055  Dhi=0.677401  err=-1.000000  inc=-0.874333  bucket 0->0  (mf=1000)
[MF-SEL] tPrev=(  d=0.002597  dMin=0.000000  dAvg=0.030046  dMax=1.324692  Dlo=0.015023  Dhi=0.677369  err=-1.000000  inc=-0.876827  bucket 0->0  (mf=1000)
[MF-SEL] tPrev=(  d=0.002144  dMin=0.000000  dAvg=0.029981  dMax=1.324692  Dlo=0.014990  Dhi=0.677336  err=-1.000000  inc=-0.879240  bucket 0->0  (mf=1000)
[MF-SEL] tPrev=(  d=0.002948  dMin=0.000000  dAvg=0.029918  dMax=1.324692  Dlo=0.014959  Dhi=0.677305  err=-1.000000  inc=-0.881587  bucket 0->0  (mf=1000)
[MF-SEL] tPrev=(  d=0.002160  dMin=0.000000  dAvg=0.029853  dMax=1.324692  Dlo=0.014927  Dhi=0.677273  err=-1.000000  inc=-0.884160  bucket 0->0  (mf=1000)
[MF-SEL] tPrev=(  d=0.002035  dMin=0.000000  dAvg=0.029789  dMax=1.324692  Dlo=0.014894  Dhi=0.677241  err=-1.000000  inc=-0.886837  bucket 0->0  (mf=1000)
[MF-SEL] tPrev=(  d=0.001910  dMin=0.000000  dAvg=0.029725  dMax=1.324692  Dlo=0.014862  Dhi=0.677208  err=-1.000000  inc=-0.889367  bucket 0->0  (mf=1000)
[MF-SEL] tPrev=(  d=0.000911  dMin=0.000000  dAvg=0.029658  dMax=1.324692  Dlo=0.014829  Dhi=0.677175  err=-1.000000  inc=-0.891859  bucket 0->0  (mf=1000)
[MF-SEL] tPrev=(  d=0.000482  dMin=0.000000  dAvg=0.029591  dMax=1.324692  Dlo=0.014796  Dhi=0.677142  err=-1.000000  inc=-0.894451  bucket 0->0  (mf=1000)
[MF-SEL] tPrev=(  d=0.000755  dMin=0.000000  dAvg=0.029525  dMax=1.324692  Dlo=0.014762  Dhi=0.677109  err=-1.000000  inc=-0.896814  bucket 0->0  (mf=1000)
[MF-SEL] tPrev=(  d=0.001011  dMin=0.000000  dAvg=0.029460  dMax=1.324692  Dlo=0.014730  Dhi=0.677076  err=-1.000000  inc=-0.899488  bucket 0->0  (mf=1000)
[MF-SEL] tPrev=(  d=0.000163  dMin=0.000000  dAvg=0.029393  dMax=1.324692  Dlo=0.014696  Dhi=0.677042  err=-1.000000  inc=-0.901646  bucket 0->0  (mf=1000)
[MF-SEL] tPrev=(  d=0.000675  dMin=0.000000  dAvg=0.029327  dMax=1.324692  Dlo=0.014664  Dhi=0.677010  err=-1.000000  inc=-0.904311  bucket 0->0  (mf=1000)
[MF-SEL] tPrev=(  d=0.000760  dMin=0.000000  dAvg=0.029262  dMax=1.324692  Dlo=0.014631  Dhi=0.676977  err=-1.000000  inc=-0.906751  bucket 0->0  (mf=1000)
[MF-SEL] tPrev=(  d=0.000585  dMin=0.000000  dAvg=0.029197  dMax=1.324692  Dlo=0.014599  Dhi=0.676945  err=-1.000000  inc=-0.909466  bucket 0->0  (mf=1000)
[MF-SEL] tPrev=(  d=0.000220  dMin=0.000000  dAvg=0.029132  dMax=1.324692  Dlo=0.014566  Dhi=0.676912  err=-1.000000  inc=-0.912051  bucket 0->0  (mf=1000)
[MF-SEL] tPrev=(  d=0.000192  dMin=0.000000  dAvg=0.029067  dMax=1.324692  Dlo=0.014533  Dhi=0.676879  err=-1.000000  inc=-0.914454  bucket 0->0  (mf=1000)
[MF-SEL] tPrev=(  d=0.000156  dMin=0.000000  dAvg=0.029001  dMax=1.324692  Dlo=0.014501  Dhi=0.676847  err=-1.000000  inc=-0.916680  bucket 0->0  (mf=1000)
[MF-SEL] tPrev=(  d=0.000255  dMin=0.000000  dAvg=0.028937  dMax=1.324692  Dlo=0.014468  Dhi=0.676814  err=-1.000000  inc=-0.919173  bucket 0->0  (mf=1000)
[MF-SEL] tPrev=(  d=0.000140  dMin=0.000000  dAvg=0.028872  dMax=1.324692  Dlo=0.014436  Dhi=0.676782  err=-1.000000  inc=-0.921671  bucket 0->0  (mf=1000)
[MF-SEL] tPrev=(  d=0.000194  dMin=0.000000  dAvg=0.028808  dMax=1.324692  Dlo=0.014404  Dhi=0.676750  err=-1.000000  inc=-0.924167  bucket 0->0  (mf=1000)
Dropping frame 1403636884.701667
[MF-SEL] tPrev=(  d=0.000685  dMin=0.000000  dAvg=0.028745  dMax=1.324692  Dlo=0.014373  Dhi=0.676719  err=-1.000000  inc=-0.929110  bucket 0->0  (mf=1000)
[MF-SEL] tPrev=(  d=0.000330  dMin=0.000000  dAvg=0.028682  dMax=1.324692  Dlo=0.014341  Dhi=0.676687  err=-1.000000  inc=-0.931427  bucket 0->0  (mf=1000)
[MF-SEL] tPrev=(  d=0.000375  dMin=0.000000  dAvg=0.028619  dMax=1.324692  Dlo=0.014310  Dhi=0.676656  err=-1.000000  inc=-0.933836  bucket 0->0  (mf=1000)
[MF-SEL] tPrev=(  d=0.000188  dMin=0.000000  dAvg=0.028556  dMax=1.324692  Dlo=0.014278  Dhi=0.676624  err=-1.000000  inc=-0.936460  bucket 0->0  (mf=1000)
[MF-SEL] tPrev=(  d=0.000228  dMin=0.000000  dAvg=0.028493  dMax=1.324692  Dlo=0.014247  Dhi=0.676593  err=-1.000000  inc=-0.938868  bucket 0->0  (mf=1000)
[MF-SEL] tPrev=(  d=0.000175  dMin=0.000000  dAvg=0.028431  dMax=1.324692  Dlo=0.014215  Dhi=0.676562  err=-1.000000  inc=-0.941405  bucket 0->0  (mf=1000)
[MF-SEL] tPrev=(  d=0.000121  dMin=0.000000  dAvg=0.028369  dMax=1.324692  Dlo=0.014184  Dhi=0.676530  err=-1.000000  inc=-0.943888  bucket 0->0  (mf=1000)
[MF-SEL] tPrev=(  d=0.000029  dMin=0.000000  dAvg=0.028306  dMax=1.324692  Dlo=0.014153  Dhi=0.676499  err=-1.000000  inc=-0.946194  bucket 0->0  (mf=1000)
[MF-SEL] tPrev=(  d=0.000144  dMin=0.000000  dAvg=0.028245  dMax=1.324692  Dlo=0.014122  Dhi=0.676468  err=-1.000000  inc=-0.948624  bucket 0->0  (mf=1000)
[MF-SEL] tPrev=(  d=0.000488  dMin=0.000000  dAvg=0.028184  dMax=1.324692  Dlo=0.014092  Dhi=0.676438  err=-1.000000  inc=-0.951234  bucket 0->0  (mf=1000)
[MF-SEL] tPrev=(  d=0.000125  dMin=0.000000  dAvg=0.028123  dMax=1.324692  Dlo=0.014061  Dhi=0.676407  err=-1.000000  inc=-0.953814  bucket 0->0  (mf=1000)
[MF-SEL] tPrev=(  d=0.000138  dMin=0.000000  dAvg=0.028062  dMax=1.324692  Dlo=0.014031  Dhi=0.676377  err=-1.000000  inc=-0.956244  bucket 0->0  (mf=1000)
[MF-SEL] tPrev=(  d=0.000083  dMin=0.000000  dAvg=0.028001  dMax=1.324692  Dlo=0.014000  Dhi=0.676346  err=-1.000000  inc=-0.958731  bucket 0->0  (mf=1000)
[MF-SEL] tPrev=(  d=0.000079  dMin=0.000000  dAvg=0.027940  dMax=1.324692  Dlo=0.013970  Dhi=0.676316  err=-1.000000  inc=-0.961246  bucket 0->0  (mf=1000)
[MF-SEL] tPrev=(  d=0.000171  dMin=0.000000  dAvg=0.027880  dMax=1.324692  Dlo=0.013940  Dhi=0.676286  err=-1.000000  inc=-0.963688  bucket 0->0  (mf=1000)
[MF-SEL] tPrev=(  d=0.000098  dMin=0.000000  dAvg=0.027820  dMax=1.324692  Dlo=0.013910  Dhi=0.676256  err=-1.000000  inc=-0.966076  bucket 0->0  (mf=1000)
[MF-SEL] tPrev=(  d=0.000054  dMin=0.000000  dAvg=0.027760  dMax=1.324692  Dlo=0.013880  Dhi=0.676226  err=-1.000000  inc=-0.968614  bucket 0->0  (mf=1000)
Dropping frame 1403636885.601666
[MF-SEL] tPrev=(  d=0.000142  dMin=0.000000  dAvg=0.027701  dMax=1.324692  Dlo=0.013850  Dhi=0.676196  err=-1.000000  inc=-0.973397  bucket 0->0  (mf=1000)
[MF-SEL] tPrev=(  d=0.000576  dMin=0.000000  dAvg=0.027643  dMax=1.324692  Dlo=0.013821  Dhi=0.676167  err=-1.000000  inc=-0.976115  bucket 0->0  (mf=1000)
[MF-SEL] tPrev=(  d=0.000216  dMin=0.000000  dAvg=0.027584  dMax=1.324692  Dlo=0.013792  Dhi=0.676138  err=-1.000000  inc=-0.978568  bucket 0->0  (mf=1000)
[MF-SEL] tPrev=(  d=0.000430  dMin=0.000000  dAvg=0.027526  dMax=1.324692  Dlo=0.013763  Dhi=0.676109  err=-1.000000  inc=-0.981074  bucket 0->0  (mf=1000)
[MF-SEL] tPrev=(  d=0.000080  dMin=0.000000  dAvg=0.027467  dMax=1.324692  Dlo=0.013734  Dhi=0.676080  err=-1.000000  inc=-0.983599  bucket 0->0  (mf=1000)
Dropping frame 1403636885.901667
[MF-SEL] tPrev=(  d=0.000239  dMin=0.000000  dAvg=0.027409  dMax=1.324692  Dlo=0.013705  Dhi=0.676051  err=-1.000000  inc=-0.988651  bucket 0->0  (mf=1000)
Dropping frame 1403636886.001667
[MF-SEL] tPrev=(  d=0.000133  dMin=0.000000  dAvg=0.027352  dMax=1.324692  Dlo=0.013676  Dhi=0.676022  err=-1.000000  inc=-0.993626  bucket 0->0  (mf=1000)
[MF-SEL] tPrev=(  d=0.000135  dMin=0.000000  dAvg=0.027294  dMax=1.324692  Dlo=0.013647  Dhi=0.675993  err=-1.000000  inc=-0.995998  bucket 0->0  (mf=1000)
[MF-SEL] tPrev=(  d=0.000146  dMin=0.000000  dAvg=0.027236  dMax=1.324692  Dlo=0.013618  Dhi=0.675964  err=-1.000000  inc=-0.998616  bucket 0->0  (mf=1000)
[MF-SEL] tPrev=(  d=0.001066  dMin=0.000000  dAvg=0.027181  dMax=1.324692  Dlo=0.013591  Dhi=0.675937  err=-1.000000  inc=-1.001136  bucket 0->0  (mf=1000)
[MF-SEL] tPrev=(  d=0.000092  dMin=0.000000  dAvg=0.027124  dMax=1.324692  Dlo=0.013562  Dhi=0.675908  err=-1.000000  inc=-1.003703  bucket 0->0  (mf=1000)
[MF-SEL] tPrev=(  d=0.000267  dMin=0.000000  dAvg=0.027068  dMax=1.324692  Dlo=0.013534  Dhi=0.675880  err=-1.000000  inc=-1.006133  bucket 0->0  (mf=1000)
[MF-SEL] tPrev=(  d=0.000210  dMin=0.000000  dAvg=0.027011  dMax=1.324692  Dlo=0.013506  Dhi=0.675852  err=-1.000000  inc=-1.008564  bucket 0->0  (mf=1000)
[MF-SEL] tPrev=(  d=0.000245  dMin=0.000000  dAvg=0.026956  dMax=1.324692  Dlo=0.013478  Dhi=0.675824  err=-1.000000  inc=-1.011044  bucket 0->0  (mf=1000)
[MF-SEL] tPrev=(  d=0.000214  dMin=0.000000  dAvg=0.026900  dMax=1.324692  Dlo=0.013450  Dhi=0.675796  err=-1.000000  inc=-1.013506  bucket 0->0  (mf=1000)
[MF-SEL] tPrev=(  d=0.000103  dMin=0.000000  dAvg=0.026844  dMax=1.324692  Dlo=0.013422  Dhi=0.675768  err=-1.000000  inc=-1.016075  bucket 0->0  (mf=1000)
[MF-SEL] tPrev=(  d=0.000155  dMin=0.000000  dAvg=0.026788  dMax=1.324692  Dlo=0.013394  Dhi=0.675740  err=-1.000000  inc=-1.018551  bucket 0->0  (mf=1000)
Dropping frame 1403636886.601666
[MF-SEL] tPrev=(  d=0.000105  dMin=0.000000  dAvg=0.026733  dMax=1.324692  Dlo=0.013367  Dhi=0.675713  err=-1.000000  inc=-1.023355  bucket 0->0  (mf=1000)
[MF-SEL] tPrev=(  d=0.001163  dMin=0.000000  dAvg=0.026680  dMax=1.324692  Dlo=0.013340  Dhi=0.675686  err=-1.000000  inc=-1.025957  bucket 0->0  (mf=1000)
[MF-SEL] tPrev=(  d=0.000136  dMin=0.000000  dAvg=0.026625  dMax=1.324692  Dlo=0.013313  Dhi=0.675659  err=-1.000000  inc=-1.028465  bucket 0->0  (mf=1000)
[MF-SEL] tPrev=(  d=0.000309  dMin=0.000000  dAvg=0.026571  dMax=1.324692  Dlo=0.013285  Dhi=0.675632  err=-1.000000  inc=-1.030918  bucket 0->0  (mf=1000)
[MF-SEL] tPrev=(  d=0.000069  dMin=0.000000  dAvg=0.026516  dMax=1.324692  Dlo=0.013258  Dhi=0.675604  err=-1.000000  inc=-1.033357  bucket 0->0  (mf=1000)
[MF-SEL] tPrev=(  d=0.000138  dMin=0.000000  dAvg=0.026462  dMax=1.324692  Dlo=0.013231  Dhi=0.675577  err=-1.000000  inc=-1.035937  bucket 0->0  (mf=1000)
[MF-SEL] tPrev=(  d=0.000084  dMin=0.000000  dAvg=0.026408  dMax=1.324692  Dlo=0.013204  Dhi=0.675550  err=-1.000000  inc=-1.038417  bucket 0->0  (mf=1000)
[MF-SEL] tPrev=(  d=0.000018  dMin=0.000000  dAvg=0.026354  dMax=1.324692  Dlo=0.013177  Dhi=0.675523  err=-1.000000  inc=-1.041011  bucket 0->0  (mf=1000)
[MF-SEL] tPrev=(  d=0.000070  dMin=0.000000  dAvg=0.026301  dMax=1.324692  Dlo=0.013150  Dhi=0.675496  err=-1.000000  inc=-1.043412  bucket 0->0  (mf=1000)
[MF-SEL] tPrev=(  d=0.000074  dMin=0.000000  dAvg=0.026247  dMax=1.324692  Dlo=0.013124  Dhi=0.675470  err=-1.000000  inc=-1.045688  bucket 0->0  (mf=1000)
[MF-SEL] tPrev=(  d=0.000056  dMin=0.000000  dAvg=0.026194  dMax=1.324692  Dlo=0.013097  Dhi=0.675443  err=-1.000000  inc=-1.048190  bucket 0->0  (mf=1000)
[MF-SEL] tPrev=(  d=0.000751  dMin=0.000000  dAvg=0.026142  dMax=1.324692  Dlo=0.013071  Dhi=0.675417  err=-1.000000  inc=-1.050684  bucket 0->0  (mf=1000)
[MF-SEL] tPrev=(  d=0.000057  dMin=0.000000  dAvg=0.026090  dMax=1.324692  Dlo=0.013045  Dhi=0.675391  err=-1.000000  inc=-1.053381  bucket 0->0  (mf=1000)
[MF-SEL] tPrev=(  d=0.000078  dMin=0.000000  dAvg=0.026037  dMax=1.324692  Dlo=0.013018  Dhi=0.675365  err=-1.000000  inc=-1.055734  bucket 0->0  (mf=1000)
[MF-SEL] tPrev=(  d=0.000037  dMin=0.000000  dAvg=0.025985  dMax=1.324692  Dlo=0.012992  Dhi=0.675338  err=-1.000000  inc=-1.058435  bucket 0->0  (mf=1000)
[MF-SEL] tPrev=(  d=0.000071  dMin=0.000000  dAvg=0.025932  dMax=1.324692  Dlo=0.012966  Dhi=0.675312  err=-1.000000  inc=-1.060863  bucket 0->0  (mf=1000)
[MF-SEL] tPrev=(  d=0.000054  dMin=0.000000  dAvg=0.025880  dMax=1.324692  Dlo=0.012940  Dhi=0.675286  err=-1.000000  inc=-1.063322  bucket 0->0  (mf=1000)
Dropping frame 1403636887.501667
[MF-SEL] tPrev=(  d=0.000144  dMin=0.000000  dAvg=0.025829  dMax=1.324692  Dlo=0.012914  Dhi=0.675261  err=-1.000000  inc=-1.068514  bucket 0->0  (mf=1000)
Dropping frame 1403636887.601666
[MF-SEL] tPrev=(  d=0.000026  dMin=0.000000  dAvg=0.025777  dMax=1.324692  Dlo=0.012889  Dhi=0.675235  err=-1.000000  inc=-1.073459  bucket 0->0  (mf=1000)
[MF-SEL] tPrev=(  d=0.001474  dMin=0.000000  dAvg=0.025729  dMax=1.324692  Dlo=0.012864  Dhi=0.675210  err=-1.000000  inc=-1.075818  bucket 0->0  (mf=1000)
[MF-SEL] tPrev=(  d=0.000278  dMin=0.000000  dAvg=0.025678  dMax=1.324692  Dlo=0.012839  Dhi=0.675185  err=-1.000000  inc=-1.078485  bucket 0->0  (mf=1000)
Dropping frame 1403636887.801666
[MF-SEL] tPrev=(  d=0.000414  dMin=0.000000  dAvg=0.025628  dMax=1.324692  Dlo=0.012814  Dhi=0.675160  err=-1.000000  inc=-1.083529  bucket 0->0  (mf=1000)
Dropping frame 1403636887.901667
[MF-SEL] tPrev=(  d=0.000339  dMin=0.000000  dAvg=0.025578  dMax=1.324692  Dlo=0.012789  Dhi=0.675135  err=-1.000000  inc=-1.088552  bucket 0->0  (mf=1000)
[MF-SEL] tPrev=(  d=0.000053  dMin=0.000000  dAvg=0.025527  dMax=1.324692  Dlo=0.012764  Dhi=0.675110  err=-1.000000  inc=-1.090953  bucket 0->0  (mf=1000)
[MF-SEL] tPrev=(  d=0.000096  dMin=0.000000  dAvg=0.025477  dMax=1.324692  Dlo=0.012738  Dhi=0.675085  err=-1.000000  inc=-1.093467  bucket 0->0  (mf=1000)
Dropping frame 1403636888.101666
[MF-SEL] tPrev=(  d=0.000108  dMin=0.000000  dAvg=0.025427  dMax=1.324692  Dlo=0.012713  Dhi=0.675059  err=-1.000000  inc=-1.098293  bucket 0->0  (mf=1000)
[MF-SEL] tPrev=(  d=0.001261  dMin=0.000000  dAvg=0.025379  dMax=1.324692  Dlo=0.012690  Dhi=0.675036  err=-1.000000  inc=-1.100824  bucket 0->0  (mf=1000)
[MF-SEL] tPrev=(  d=0.000200  dMin=0.000000  dAvg=0.025330  dMax=1.324692  Dlo=0.012665  Dhi=0.675011  err=-1.000000  inc=-1.103477  bucket 0->0  (mf=1000)
[MF-SEL] tPrev=(  d=0.000119  dMin=0.000000  dAvg=0.025280  dMax=1.324692  Dlo=0.012640  Dhi=0.674986  err=-1.000000  inc=-1.105800  bucket 0->0  (mf=1000)
Dropping frame 1403636888.351666
[MF-SEL] tPrev=(  d=0.000184  dMin=0.000000  dAvg=0.025231  dMax=1.324692  Dlo=0.012616  Dhi=0.674962  err=-1.000000  inc=-1.110914  bucket 0->0  (mf=1000)
Dropping frame 1403636888.451666
[MF-SEL] tPrev=(  d=0.000071  dMin=0.000000  dAvg=0.025182  dMax=1.324692  Dlo=0.012591  Dhi=0.674937  err=-1.000000  inc=-1.115823  bucket 0->0  (mf=1000)
[MF-SEL] tPrev=(  d=0.000162  dMin=0.000000  dAvg=0.025133  dMax=1.324692  Dlo=0.012567  Dhi=0.674913  err=-1.000000  inc=-1.118391  bucket 0->0  (mf=1000)
[MF-SEL] tPrev=(  d=0.000048  dMin=0.000000  dAvg=0.025085  dMax=1.324692  Dlo=0.012542  Dhi=0.674888  err=-1.000000  inc=-1.120468  bucket 0->0  (mf=1000)
Dropping frame 1403636888.651666
[MF-SEL] tPrev=(  d=0.003606  dMin=0.000000  dAvg=0.025043  dMax=1.324692  Dlo=0.012521  Dhi=0.674867  err=-1.000000  inc=-1.125716  bucket 0->0  (mf=1000)
Dropping frame 1403636888.751667
[MF-SEL] tPrev=(  d=0.003315  dMin=0.000000  dAvg=0.025001  dMax=1.324692  Dlo=0.012500  Dhi=0.674846  err=-1.000000  inc=-1.130622  bucket 0->0  (mf=1000)
[MF-SEL] tPrev=(  d=0.008284  dMin=0.000000  dAvg=0.024968  dMax=1.324692  Dlo=0.012484  Dhi=0.674830  err=-1.000000  inc=-1.133108  bucket 0->0  (mf=1000)
[MF-SEL] tPrev=(  d=0.008002  dMin=0.000000  dAvg=0.024936  dMax=1.324692  Dlo=0.012468  Dhi=0.674814  err=-1.000000  inc=-1.135885  bucket 0->0  (mf=1000)
Dropping frame 1403636888.951666
[MF-SEL] tPrev=(  d=0.002607  dMin=0.000000  dAvg=0.024893  dMax=1.324692  Dlo=0.012446  Dhi=0.674792  err=-1.000000  inc=-1.140594  bucket 0->0  (mf=1000)
[MF-SEL] tPrev=(  d=0.001056  dMin=0.000000  dAvg=0.024847  dMax=1.324692  Dlo=0.012423  Dhi=0.674769  err=-1.000000  inc=-1.143323  bucket 0->0  (mf=1000)
[MF-SEL] tPrev=(  d=0.000482  dMin=0.000000  dAvg=0.024800  dMax=1.324692  Dlo=0.012400  Dhi=0.674746  err=-1.000000  inc=-1.145625  bucket 0->0  (mf=1000)
[MF-SEL] tPrev=(  d=0.000354  dMin=0.000000  dAvg=0.024753  dMax=1.324692  Dlo=0.012377  Dhi=0.674723  err=-1.000000  inc=-1.148116  bucket 0->0  (mf=1000)
[MF-SEL] tPrev=(  d=0.000175  dMin=0.000000  dAvg=0.024706  dMax=1.324692  Dlo=0.012353  Dhi=0.674699  err=-1.000000  inc=-1.150475  bucket 0->0  (mf=1000)
Dropping frame 1403636889.251667
[MF-SEL] tPrev=(  d=0.000346  dMin=0.000000  dAvg=0.024660  dMax=1.324692  Dlo=0.012330  Dhi=0.674676  err=-1.000000  inc=-1.155583  bucket 0->0  (mf=1000)
[MF-SEL] tPrev=(  d=0.000322  dMin=0.000000  dAvg=0.024613  dMax=1.324692  Dlo=0.012307  Dhi=0.674653  err=-1.000000  inc=-1.157968  bucket 0->0  (mf=1000)
[MF-SEL] tPrev=(  d=0.000192  dMin=0.000000  dAvg=0.024567  dMax=1.324692  Dlo=0.012283  Dhi=0.674630  err=-1.000000  inc=-1.160301  bucket 0->0  (mf=1000)
[MF-SEL] tPrev=(  d=0.000142  dMin=0.000000  dAvg=0.024521  dMax=1.324692  Dlo=0.012260  Dhi=0.674606  err=-1.000000  inc=-1.162647  bucket 0->0  (mf=1000)
[MF-SEL] tPrev=(  d=0.005583  dMin=0.000000  dAvg=0.024485  dMax=1.324692  Dlo=0.012242  Dhi=0.674588  err=-1.000000  inc=-1.165079  bucket 0->0  (mf=1000)
[MF-SEL] tPrev=(  d=0.004809  dMin=0.000000  dAvg=0.024447  dMax=1.324692  Dlo=0.012224  Dhi=0.674570  err=-1.000000  inc=-1.167879  bucket 0->0  (mf=1000)
Dropping frame 1403636889.601666
[MF-SEL] tPrev=(  d=0.001153  dMin=0.000000  dAvg=0.024404  dMax=1.324692  Dlo=0.012202  Dhi=0.674548  err=-1.000000  inc=-1.172996  bucket 0->0  (mf=1000)
[MF-SEL] tPrev=(  d=0.000227  dMin=0.000000  dAvg=0.024358  dMax=1.324692  Dlo=0.012179  Dhi=0.674525  err=-1.000000  inc=-1.175391  bucket 0->0  (mf=1000)
[MF-SEL] tPrev=(  d=0.000208  dMin=0.000000  dAvg=0.024313  dMax=1.324692  Dlo=0.012156  Dhi=0.674502  err=-1.000000  inc=-1.177748  bucket 0->0  (mf=1000)
[MF-SEL] tPrev=(  d=0.000083  dMin=0.000000  dAvg=0.024267  dMax=1.324692  Dlo=0.012134  Dhi=0.674480  err=-1.000000  inc=-1.180258  bucket 0->0  (mf=1000)
[MF-SEL] tPrev=(  d=0.000088  dMin=0.000000  dAvg=0.024222  dMax=1.324692  Dlo=0.012111  Dhi=0.674457  err=-1.000000  inc=-1.182939  bucket 0->0  (mf=1000)
[MF-SEL] tPrev=(  d=0.000097  dMin=0.000000  dAvg=0.024177  dMax=1.324692  Dlo=0.012088  Dhi=0.674434  err=-1.000000  inc=-1.185123  bucket 0->0  (mf=1000)
Dropping frame 1403636889.951666
[MF-SEL] tPrev=(  d=0.001670  dMin=0.000000  dAvg=0.024135  dMax=1.324692  Dlo=0.012067  Dhi=0.674413  err=-1.000000  inc=-1.190085  bucket 0->0  (mf=1000)
[MF-SEL] tPrev=(  d=0.001219  dMin=0.000000  dAvg=0.024092  dMax=1.324692  Dlo=0.012046  Dhi=0.674392  err=-1.000000  inc=-1.192658  bucket 0->0  (mf=1000)
[MF-SEL] tPrev=(  d=0.000376  dMin=0.000000  dAvg=0.024048  dMax=1.324692  Dlo=0.012024  Dhi=0.674370  err=-1.000000  inc=-1.195133  bucket 0->0  (mf=1000)
Dropping frame 1403636890.151666
[MF-SEL] tPrev=(  d=0.000561  dMin=0.000000  dAvg=0.024004  dMax=1.324692  Dlo=0.012002  Dhi=0.674348  err=-1.000000  inc=-1.200135  bucket 0->0  (mf=1000)
[MF-SEL] tPrev=(  d=0.000334  dMin=0.000000  dAvg=0.023961  dMax=1.324692  Dlo=0.011980  Dhi=0.674326  err=-1.000000  inc=-1.202666  bucket 0->0  (mf=1000)
[MF-SEL] tPrev=(  d=0.000459  dMin=0.000000  dAvg=0.023917  dMax=1.324692  Dlo=0.011959  Dhi=0.674305  err=-1.000000  inc=-1.205159  bucket 0->0  (mf=1000)
[MF-SEL] tPrev=(  d=0.000302  dMin=0.000000  dAvg=0.023874  dMax=1.324692  Dlo=0.011937  Dhi=0.674283  err=-1.000000  inc=-1.207680  bucket 0->0  (mf=1000)
[MF-SEL] tPrev=(  d=0.000068  dMin=0.000000  dAvg=0.023830  dMax=1.324692  Dlo=0.011915  Dhi=0.674261  err=-1.000000  inc=-1.210010  bucket 0->0  (mf=1000)
[MF-SEL] tPrev=(  d=0.000300  dMin=0.000000  dAvg=0.023787  dMax=1.324692  Dlo=0.011893  Dhi=0.674239  err=-1.000000  inc=-1.212537  bucket 0->0  (mf=1000)
[MF-SEL] tPrev=(  d=0.004524  dMin=0.000000  dAvg=0.023751  dMax=1.324692  Dlo=0.011876  Dhi=0.674222  err=-1.000000  inc=-1.215026  bucket 0->0  (mf=1000)
[MF-SEL] tPrev=(  d=0.003804  dMin=0.000000  dAvg=0.023715  dMax=1.324692  Dlo=0.011857  Dhi=0.674203  err=-1.000000  inc=-1.217450  bucket 0->0  (mf=1000)
Dropping frame 1403636890.601666
[MF-SEL] tPrev=(  d=0.004795  dMin=0.000000  dAvg=0.023680  dMax=1.324692  Dlo=0.011840  Dhi=0.674186  err=-1.000000  inc=-1.222656  bucket 0->0  (mf=1000)
[MF-SEL] tPrev=(  d=0.004808  dMin=0.000000  dAvg=0.023646  dMax=1.324692  Dlo=0.011823  Dhi=0.674169  err=-1.000000  inc=-1.225177  bucket 0->0  (mf=1000)
[MF-SEL] tPrev=(  d=0.002769  dMin=0.000000  dAvg=0.023608  dMax=1.324692  Dlo=0.011804  Dhi=0.674150  err=-1.000000  inc=-1.227628  bucket 0->0  (mf=1000)
[MF-SEL] tPrev=(  d=0.002283  dMin=0.000000  dAvg=0.023569  dMax=1.324692  Dlo=0.011784  Dhi=0.674130  err=-1.000000  inc=-1.230285  bucket 0->0  (mf=1000)
[MF-SEL] tPrev=(  d=0.000630  dMin=0.000000  dAvg=0.023527  dMax=1.324692  Dlo=0.011764  Dhi=0.674110  err=-1.000000  inc=-1.232499  bucket 0->0  (mf=1000)
[MF-SEL] tPrev=(  d=0.000336  dMin=0.000000  dAvg=0.023485  dMax=1.324692  Dlo=0.011743  Dhi=0.674089  err=-1.000000  inc=-1.235120  bucket 0->0  (mf=1000)
[MF-SEL] tPrev=(  d=0.000402  dMin=0.000000  dAvg=0.023443  dMax=1.324692  Dlo=0.011722  Dhi=0.674068  err=-1.000000  inc=-1.237550  bucket 0->0  (mf=1000)
Dropping frame 1403636891.001667
[MF-SEL] tPrev=(  d=0.000244  dMin=0.000000  dAvg=0.023402  dMax=1.324692  Dlo=0.011701  Dhi=0.674047  err=-1.000000  inc=-1.242629  bucket 0->0  (mf=1000)
[MF-SEL] tPrev=(  d=0.000093  dMin=0.000000  dAvg=0.023360  dMax=1.324692  Dlo=0.011680  Dhi=0.674026  err=-1.000000  inc=-1.244986  bucket 0->0  (mf=1000)
[MF-SEL] tPrev=(  d=0.000231  dMin=0.000000  dAvg=0.023318  dMax=1.324692  Dlo=0.011659  Dhi=0.674005  err=-1.000000  inc=-1.247497  bucket 0->0  (mf=1000)
[MF-SEL] tPrev=(  d=0.000106  dMin=0.000000  dAvg=0.023276  dMax=1.324692  Dlo=0.011638  Dhi=0.673984  err=-1.000000  inc=-1.249703  bucket 0->0  (mf=1000)
[MF-SEL] tPrev=(  d=0.000107  dMin=0.000000  dAvg=0.023235  dMax=1.324692  Dlo=0.011617  Dhi=0.673963  err=-1.000000  inc=-1.252249  bucket 0->0  (mf=1000)
Dropping frame 1403636891.301666
[MF-SEL] tPrev=(  d=0.001707  dMin=0.000000  dAvg=0.023196  dMax=1.324692  Dlo=0.011598  Dhi=0.673944  err=-1.000000  inc=-1.257342  bucket 0->0  (mf=1000)
[MF-SEL] tPrev=(  d=0.000947  dMin=0.000000  dAvg=0.023157  dMax=1.324692  Dlo=0.011578  Dhi=0.673924  err=-1.000000  inc=-1.259884  bucket 0->0  (mf=1000)
[MF-SEL] tPrev=(  d=0.000293  dMin=0.000000  dAvg=0.023116  dMax=1.324692  Dlo=0.011558  Dhi=0.673904  err=-1.000000  inc=-1.262470  bucket 0->0  (mf=1000)
Dropping frame 1403636891.501667
[MF-SEL] tPrev=(  d=0.000437  dMin=0.000000  dAvg=0.023075  dMax=1.324692  Dlo=0.011538  Dhi=0.673884  err=-1.000000  inc=-1.267298  bucket 0->0  (mf=1000)
[MF-SEL] tPrev=(  d=0.000259  dMin=0.000000  dAvg=0.023035  dMax=1.324692  Dlo=0.011517  Dhi=0.673864  err=-1.000000  inc=-1.269742  bucket 0->0  (mf=1000)
[MF-SEL] tPrev=(  d=0.000048  dMin=0.000000  dAvg=0.022994  dMax=1.324692  Dlo=0.011497  Dhi=0.673843  err=-1.000000  inc=-1.272327  bucket 0->0  (mf=1000)
[MF-SEL] tPrev=(  d=0.000113  dMin=0.000000  dAvg=0.022954  dMax=1.324692  Dlo=0.011477  Dhi=0.673823  err=-1.000000  inc=-1.274710  bucket 0->0  (mf=1000)
[MF-SEL] tPrev=(  d=0.000034  dMin=0.000000  dAvg=0.022913  dMax=1.324692  Dlo=0.011457  Dhi=0.673803  err=-1.000000  inc=-1.277122  bucket 0->0  (mf=1000)
[MF-SEL] tPrev=(  d=0.000804  dMin=0.000000  dAvg=0.022874  dMax=1.324692  Dlo=0.011437  Dhi=0.673783  err=-1.000000  inc=-1.279571  bucket 0->0  (mf=1000)
[MF-SEL] tPrev=(  d=0.000277  dMin=0.000000  dAvg=0.022834  dMax=1.324692  Dlo=0.011417  Dhi=0.673763  err=-1.000000  inc=-1.282205  bucket 0->0  (mf=1000)
[MF-SEL] tPrev=(  d=0.000180  dMin=0.000000  dAvg=0.022795  dMax=1.324692  Dlo=0.011397  Dhi=0.673743  err=-1.000000  inc=-1.284674  bucket 0->0  (mf=1000)
[MF-SEL] tPrev=(  d=0.000150  dMin=0.000000  dAvg=0.022755  dMax=1.324692  Dlo=0.011377  Dhi=0.673723  err=-1.000000  inc=-1.287056  bucket 0->0  (mf=1000)
[MF-SEL] tPrev=(  d=0.000210  dMin=0.000000  dAvg=0.022715  dMax=1.324692  Dlo=0.011358  Dhi=0.673704  err=-1.000000  inc=-1.289551  bucket 0->0  (mf=1000)
Dropping frame 1403636892.051666
[MF-SEL] tPrev=(  d=0.000200  dMin=0.000000  dAvg=0.022676  dMax=1.324692  Dlo=0.011338  Dhi=0.673684  err=-1.000000  inc=-1.294532  bucket 0->0  (mf=1000)
[MF-SEL] tPrev=(  d=0.000283  dMin=0.000000  dAvg=0.022637  dMax=1.324692  Dlo=0.011318  Dhi=0.673665  err=-1.000000  inc=-1.297171  bucket 0->0  (mf=1000)
[MF-SEL] tPrev=(  d=0.000152  dMin=0.000000  dAvg=0.022598  dMax=1.324692  Dlo=0.011299  Dhi=0.673645  err=-1.000000  inc=-1.299510  bucket 0->0  (mf=1000)
[MF-SEL] tPrev=(  d=0.000147  dMin=0.000000  dAvg=0.022559  dMax=1.324692  Dlo=0.011279  Dhi=0.673625  err=-1.000000  inc=-1.301690  bucket 0->0  (mf=1000)
[MF-SEL] tPrev=(  d=0.000486  dMin=0.000000  dAvg=0.022520  dMax=1.324692  Dlo=0.011260  Dhi=0.673606  err=-1.000000  inc=-1.304217  bucket 0->0  (mf=1000)
[MF-SEL] tPrev=(  d=0.000200  dMin=0.000000  dAvg=0.022482  dMax=1.324692  Dlo=0.011241  Dhi=0.673587  err=-1.000000  inc=-1.306847  bucket 0->0  (mf=1000)
[MF-SEL] tPrev=(  d=0.000077  dMin=0.000000  dAvg=0.022443  dMax=1.324692  Dlo=0.011221  Dhi=0.673568  err=-1.000000  inc=-1.309058  bucket 0->0  (mf=1000)
[MF-SEL] tPrev=(  d=0.000029  dMin=0.000000  dAvg=0.022404  dMax=1.324692  Dlo=0.011202  Dhi=0.673548  err=-1.000000  inc=-1.311921  bucket 0->0  (mf=1000)
[MF-SEL] tPrev=(  d=0.000038  dMin=0.000000  dAvg=0.022366  dMax=1.324692  Dlo=0.011183  Dhi=0.673529  err=-1.000000  inc=-1.314095  bucket 0->0  (mf=1000)
[MF-SEL] tPrev=(  d=0.000056  dMin=0.000000  dAvg=0.022327  dMax=1.324692  Dlo=0.011164  Dhi=0.673510  err=-1.000000  inc=-1.316590  bucket 0->0  (mf=1000)
[MF-SEL] tPrev=(  d=0.000028  dMin=0.000000  dAvg=0.022289  dMax=1.324692  Dlo=0.011144  Dhi=0.673491  err=-1.000000  inc=-1.319058  bucket 0->0  (mf=1000)
[MF-SEL] tPrev=(  d=0.000081  dMin=0.000000  dAvg=0.022251  dMax=1.324692  Dlo=0.011125  Dhi=0.673471  err=-1.000000  inc=-1.321656  bucket 0->0  (mf=1000)
[MF-SEL] tPrev=(  d=0.000030  dMin=0.000000  dAvg=0.022213  dMax=1.324692  Dlo=0.011106  Dhi=0.673452  err=-1.000000  inc=-1.323693  bucket 0->0  (mf=1000)
[MF-SEL] tPrev=(  d=0.000087  dMin=0.000000  dAvg=0.022175  dMax=1.324692  Dlo=0.011087  Dhi=0.673434  err=-1.000000  inc=-1.326375  bucket 0->0  (mf=1000)
[MF-SEL] tPrev=(  d=0.000732  dMin=0.000000  dAvg=0.022138  dMax=1.324692  Dlo=0.011069  Dhi=0.673415  err=-1.000000  inc=-1.328616  bucket 0->0  (mf=1000)
[MF-SEL] tPrev=(  d=0.000324  dMin=0.000000  dAvg=0.022101  dMax=1.324692  Dlo=0.011051  Dhi=0.673397  err=-1.000000  inc=-1.331333  bucket 0->0  (mf=1000)
[MF-SEL] tPrev=(  d=0.000286  dMin=0.000000  dAvg=0.022064  dMax=1.324692  Dlo=0.011032  Dhi=0.673378  err=-1.000000  inc=-1.333710  bucket 0->0  (mf=1000)
[MF-SEL] tPrev=(  d=0.000209  dMin=0.000000  dAvg=0.022027  dMax=1.324692  Dlo=0.011014  Dhi=0.673360  err=-1.000000  inc=-1.336170  bucket 0->0  (mf=1000)
[MF-SEL] tPrev=(  d=0.000112  dMin=0.000000  dAvg=0.021990  dMax=1.324692  Dlo=0.010995  Dhi=0.673341  err=-1.000000  inc=-1.338666  bucket 0->0  (mf=1000)
Dropping frame 1403636893.051666
[MF-SEL] tPrev=(  d=0.000575  dMin=0.000000  dAvg=0.021954  dMax=1.324692  Dlo=0.010977  Dhi=0.673323  err=-1.000000  inc=-1.343709  bucket 0->0  (mf=1000)
[MF-SEL] tPrev=(  d=0.000118  dMin=0.000000  dAvg=0.021917  dMax=1.324692  Dlo=0.010958  Dhi=0.673304  err=-1.000000  inc=-1.345970  bucket 0->0  (mf=1000)
[MF-SEL] tPrev=(  d=0.000060  dMin=0.000000  dAvg=0.021880  dMax=1.324692  Dlo=0.010940  Dhi=0.673286  err=-1.000000  inc=-1.348697  bucket 0->0  (mf=1000)
[MF-SEL] tPrev=(  d=0.000073  dMin=0.000000  dAvg=0.021843  dMax=1.324692  Dlo=0.010922  Dhi=0.673268  err=-1.000000  inc=-1.350718  bucket 0->0  (mf=1000)
[MF-SEL] tPrev=(  d=0.000792  dMin=0.000000  dAvg=0.021808  dMax=1.324692  Dlo=0.010904  Dhi=0.673250  err=-1.000000  inc=-1.353299  bucket 0->0  (mf=1000)
[MF-SEL] tPrev=(  d=0.000150  dMin=0.000000  dAvg=0.021771  dMax=1.324692  Dlo=0.010886  Dhi=0.673232  err=-1.000000  inc=-1.355941  bucket 0->0  (mf=1000)
[MF-SEL] tPrev=(  d=0.000093  dMin=0.000000  dAvg=0.021735  dMax=1.324692  Dlo=0.010868  Dhi=0.673214  err=-1.000000  inc=-1.358178  bucket 0->0  (mf=1000)
[MF-SEL] tPrev=(  d=0.000189  dMin=0.000000  dAvg=0.021699  dMax=1.324692  Dlo=0.010850  Dhi=0.673196  err=-1.000000  inc=-1.360776  bucket 0->0  (mf=1000)
[MF-SEL] tPrev=(  d=0.000249  dMin=0.000000  dAvg=0.021663  dMax=1.324692  Dlo=0.010832  Dhi=0.673178  err=-1.000000  inc=-1.363065  bucket 0->0  (mf=1000)
[MF-SEL] tPrev=(  d=0.000212  dMin=0.000000  dAvg=0.021628  dMax=1.324692  Dlo=0.010814  Dhi=0.673160  err=-1.000000  inc=-1.365510  bucket 0->0  (mf=1000)
[MF-SEL] tPrev=(  d=0.000216  dMin=0.000000  dAvg=0.021592  dMax=1.324692  Dlo=0.010796  Dhi=0.673142  err=-1.000000  inc=-1.367860  bucket 0->0  (mf=1000)
[MF-SEL] tPrev=(  d=0.000138  dMin=0.000000  dAvg=0.021556  dMax=1.324692  Dlo=0.010778  Dhi=0.673124  err=-1.000000  inc=-1.370297  bucket 0->0  (mf=1000)
[MF-SEL] tPrev=(  d=0.000097  dMin=0.000000  dAvg=0.021521  dMax=1.324692  Dlo=0.010760  Dhi=0.673106  err=-1.000000  inc=-1.372581  bucket 0->0  (mf=1000)
[MF-SEL] tPrev=(  d=0.000081  dMin=0.000000  dAvg=0.021485  dMax=1.324692  Dlo=0.010743  Dhi=0.673089  err=-1.000000  inc=-1.374992  bucket 0->0  (mf=1000)
[MF-SEL] tPrev=(  d=0.000449  dMin=0.000000  dAvg=0.021450  dMax=1.324692  Dlo=0.010725  Dhi=0.673071  err=-1.000000  inc=-1.377623  bucket 0->0  (mf=1000)
[MF-SEL] tPrev=(  d=0.000195  dMin=0.000000  dAvg=0.021415  dMax=1.324692  Dlo=0.010708  Dhi=0.673054  err=-1.000000  inc=-1.380188  bucket 0->0  (mf=1000)
[MF-SEL] tPrev=(  d=0.000136  dMin=0.000000  dAvg=0.021380  dMax=1.324692  Dlo=0.010690  Dhi=0.673036  err=-1.000000  inc=-1.382618  bucket 0->0  (mf=1000)
[MF-SEL] tPrev=(  d=0.000059  dMin=0.000000  dAvg=0.021345  dMax=1.324692  Dlo=0.010673  Dhi=0.673019  err=-1.000000  inc=-1.385129  bucket 0->0  (mf=1000)
[MF-SEL] tPrev=(  d=0.000074  dMin=0.000000  dAvg=0.021310  dMax=1.324692  Dlo=0.010655  Dhi=0.673001  err=-1.000000  inc=-1.387613  bucket 0->0  (mf=1000)
[MF-SEL] tPrev=(  d=0.000069  dMin=0.000000  dAvg=0.021275  dMax=1.324692  Dlo=0.010638  Dhi=0.672984  err=-1.000000  inc=-1.390049  bucket 0->0  (mf=1000)
[MF-SEL] tPrev=(  d=0.000165  dMin=0.000000  dAvg=0.021241  dMax=1.324692  Dlo=0.010620  Dhi=0.672967  err=-1.000000  inc=-1.392498  bucket 0->0  (mf=1000)
[MF-SEL] tPrev=(  d=0.000099  dMin=0.000000  dAvg=0.021206  dMax=1.324692  Dlo=0.010603  Dhi=0.672949  err=-1.000000  inc=-1.394988  bucket 0->0  (mf=1000)
[MF-SEL] tPrev=(  d=0.000026  dMin=0.000000  dAvg=0.021172  dMax=1.324692  Dlo=0.010586  Dhi=0.672932  err=-1.000000  inc=-1.397391  bucket 0->0  (mf=1000)
[MF-SEL] tPrev=(  d=0.000061  dMin=0.000000  dAvg=0.021137  dMax=1.324692  Dlo=0.010569  Dhi=0.672915  err=-1.000000  inc=-1.399932  bucket 0->0  (mf=1000)
[MF-SEL] tPrev=(  d=0.000533  dMin=0.000000  dAvg=0.021104  dMax=1.324692  Dlo=0.010552  Dhi=0.672898  err=-1.000000  inc=-1.402221  bucket 0->0  (mf=1000)
[MF-SEL] tPrev=(  d=0.000118  dMin=0.000000  dAvg=0.021070  dMax=1.324692  Dlo=0.010535  Dhi=0.672881  err=-1.000000  inc=-1.404908  bucket 0->0  (mf=1000)
[MF-SEL] tPrev=(  d=0.000109  dMin=0.000000  dAvg=0.021036  dMax=1.324692  Dlo=0.010518  Dhi=0.672864  err=-1.000000  inc=-1.407232  bucket 0->0  (mf=1000)
[MF-SEL] tPrev=(  d=0.000143  dMin=0.000000  dAvg=0.021002  dMax=1.324692  Dlo=0.010501  Dhi=0.672847  err=-1.000000  inc=-1.409664  bucket 0->0  (mf=1000)
[MF-SEL] tPrev=(  d=0.000196  dMin=0.000000  dAvg=0.020968  dMax=1.324692  Dlo=0.010484  Dhi=0.672830  err=-1.000000  inc=-1.412075  bucket 0->0  (mf=1000)
[MF-SEL] tPrev=(  d=0.000100  dMin=0.000000  dAvg=0.020935  dMax=1.324692  Dlo=0.010467  Dhi=0.672813  err=-1.000000  inc=-1.414625  bucket 0->0  (mf=1000)
[MF-SEL] tPrev=(  d=0.000094  dMin=0.000000  dAvg=0.020901  dMax=1.324692  Dlo=0.010451  Dhi=0.672797  err=-1.000000  inc=-1.417033  bucket 0->0  (mf=1000)
[MF-SEL] tPrev=(  d=0.000038  dMin=0.000000  dAvg=0.020868  dMax=1.324692  Dlo=0.010434  Dhi=0.672780  err=-1.000000  inc=-1.419831  bucket 0->0  (mf=1000)
[MF-SEL] tPrev=(  d=0.000044  dMin=0.000000  dAvg=0.020834  dMax=1.324692  Dlo=0.010417  Dhi=0.672763  err=-1.000000  inc=-1.421958  bucket 0->0  (mf=1000)
[MF-SEL] tPrev=(  d=0.000058  dMin=0.000000  dAvg=0.020801  dMax=1.324692  Dlo=0.010401  Dhi=0.672747  err=-1.000000  inc=-1.424225  bucket 0->0  (mf=1000)
[MF-SEL] tPrev=(  d=0.000956  dMin=0.000000  dAvg=0.020769  dMax=1.324692  Dlo=0.010385  Dhi=0.672731  err=-1.000000  inc=-1.426738  bucket 0->0  (mf=1000)
[MF-SEL] tPrev=(  d=0.000106  dMin=0.000000  dAvg=0.020736  dMax=1.324692  Dlo=0.010368  Dhi=0.672714  err=-1.000000  inc=-1.429481  bucket 0->0  (mf=1000)
[MF-SEL] tPrev=(  d=0.000050  dMin=0.000000  dAvg=0.020703  dMax=1.324692  Dlo=0.010352  Dhi=0.672698  err=-1.000000  inc=-1.432057  bucket 0->0  (mf=1000)
[MF-SEL] tPrev=(  d=0.000141  dMin=0.000000  dAvg=0.020671  dMax=1.324692  Dlo=0.010335  Dhi=0.672681  err=-1.000000  inc=-1.434237  bucket 0->0  (mf=1000)
[MF-SEL] tPrev=(  d=0.000127  dMin=0.000000  dAvg=0.020638  dMax=1.324692  Dlo=0.010319  Dhi=0.672665  err=-1.000000  inc=-1.436773  bucket 0->0  (mf=1000)
[MF-SEL] tPrev=(  d=0.000146  dMin=0.000000  dAvg=0.020605  dMax=1.324692  Dlo=0.010303  Dhi=0.672649  err=-1.000000  inc=-1.439292  bucket 0->0  (mf=1000)
[MF-SEL] tPrev=(  d=0.000132  dMin=0.000000  dAvg=0.020573  dMax=1.324692  Dlo=0.010286  Dhi=0.672633  err=-1.000000  inc=-1.441916  bucket 0->0  (mf=1000)
[MF-SEL] tPrev=(  d=0.000093  dMin=0.000000  dAvg=0.020540  dMax=1.324692  Dlo=0.010270  Dhi=0.672616  err=-1.000000  inc=-1.444080  bucket 0->0  (mf=1000)
[MF-SEL] tPrev=(  d=0.000060  dMin=0.000000  dAvg=0.020508  dMax=1.324692  Dlo=0.010254  Dhi=0.672600  err=-1.000000  inc=-1.446597  bucket 0->0  (mf=1000)
[MF-SEL] tPrev=(  d=0.000029  dMin=0.000000  dAvg=0.020476  dMax=1.324692  Dlo=0.010238  Dhi=0.672584  err=-1.000000  inc=-1.449200  bucket 0->0  (mf=1000)
[MF-SEL] tPrev=(  d=0.000649  dMin=0.000000  dAvg=0.020445  dMax=1.324692  Dlo=0.010222  Dhi=0.672568  err=-1.000000  inc=-1.451324  bucket 0->0  (mf=1000)
[MF-SEL] tPrev=(  d=0.000086  dMin=0.000000  dAvg=0.020413  dMax=1.324692  Dlo=0.010206  Dhi=0.672552  err=-1.000000  inc=-1.454130  bucket 0->0  (mf=1000)
[MF-SEL] tPrev=(  d=0.000138  dMin=0.000000  dAvg=0.020381  dMax=1.324692  Dlo=0.010190  Dhi=0.672536  err=-1.000000  inc=-1.456755  bucket 0->0  (mf=1000)
[MF-SEL] tPrev=(  d=0.000052  dMin=0.000000  dAvg=0.020349  dMax=1.324692  Dlo=0.010174  Dhi=0.672521  err=-1.000000  inc=-1.458949  bucket 0->0  (mf=1000)
[MF-SEL] tPrev=(  d=0.000072  dMin=0.000000  dAvg=0.020317  dMax=1.324692  Dlo=0.010159  Dhi=0.672505  err=-1.000000  inc=-1.461335  bucket 0->0  (mf=1000)
[MF-SEL] tPrev=(  d=0.000039  dMin=0.000000  dAvg=0.020285  dMax=1.324692  Dlo=0.010143  Dhi=0.672489  err=-1.000000  inc=-1.463855  bucket 0->0  (mf=1000)
[MF-SEL] tPrev=(  d=0.000025  dMin=0.000000  dAvg=0.020254  dMax=1.324692  Dlo=0.010127  Dhi=0.672473  err=-1.000000  inc=-1.466448  bucket 0->0  (mf=1000)
[MF-SEL] tPrev=(  d=0.000049  dMin=0.000000  dAvg=0.020222  dMax=1.324692  Dlo=0.010111  Dhi=0.672457  err=-1.000000  inc=-1.468886  bucket 0->0  (mf=1000)
[MF-SEL] tPrev=(  d=0.000012  dMin=0.000000  dAvg=0.020191  dMax=1.324692  Dlo=0.010095  Dhi=0.672442  err=-1.000000  inc=-1.471282  bucket 0->0  (mf=1000)
[MF-SEL] tPrev=(  d=0.000080  dMin=0.000000  dAvg=0.020160  dMax=1.324692  Dlo=0.010080  Dhi=0.672426  err=-1.000000  inc=-1.473261  bucket 0->0  (mf=1000)
[MF-SEL] tPrev=(  d=0.000569  dMin=0.000000  dAvg=0.020129  dMax=1.324692  Dlo=0.010065  Dhi=0.672411  err=-1.000000  inc=-1.475735  bucket 0->0  (mf=1000)
[MF-SEL] tPrev=(  d=0.000057  dMin=0.000000  dAvg=0.020098  dMax=1.324692  Dlo=0.010049  Dhi=0.672395  err=-1.000000  inc=-1.478280  bucket 0->0  (mf=1000)
[MF-SEL] tPrev=(  d=0.000124  dMin=0.000000  dAvg=0.020067  dMax=1.324692  Dlo=0.010034  Dhi=0.672380  err=-1.000000  inc=-1.480726  bucket 0->0  (mf=1000)
[MF-SEL] tPrev=(  d=0.000135  dMin=0.000000  dAvg=0.020037  dMax=1.324692  Dlo=0.010018  Dhi=0.672364  err=-1.000000  inc=-1.483351  bucket 0->0  (mf=1000)
[MF-SEL] tPrev=(  d=0.000060  dMin=0.000000  dAvg=0.020006  dMax=1.324692  Dlo=0.010003  Dhi=0.672349  err=-1.000000  inc=-1.485716  bucket 0->0  (mf=1000)
[MF-SEL] tPrev=(  d=0.000205  dMin=0.000000  dAvg=0.019975  dMax=1.324692  Dlo=0.009988  Dhi=0.672334  err=-1.000000  inc=-1.488263  bucket 0->0  (mf=1000)
[MF-SEL] tPrev=(  d=0.000061  dMin=0.000000  dAvg=0.019945  dMax=1.324692  Dlo=0.009972  Dhi=0.672318  err=-1.000000  inc=-1.490678  bucket 0->0  (mf=1000)
[MF-SEL] tPrev=(  d=0.000068  dMin=0.000000  dAvg=0.019914  dMax=1.324692  Dlo=0.009957  Dhi=0.672303  err=-1.000000  inc=-1.493150  bucket 0->0  (mf=1000)
[MF-SEL] tPrev=(  d=0.000150  dMin=0.000000  dAvg=0.019884  dMax=1.324692  Dlo=0.009942  Dhi=0.672288  err=-1.000000  inc=-1.495435  bucket 0->0  (mf=1000)
[MF-SEL] tPrev=(  d=0.000079  dMin=0.000000  dAvg=0.019854  dMax=1.324692  Dlo=0.009927  Dhi=0.672273  err=-1.000000  inc=-1.497885  bucket 0->0  (mf=1000)
[MF-SEL] tPrev=(  d=0.000975  dMin=0.000000  dAvg=0.019825  dMax=1.324692  Dlo=0.009912  Dhi=0.672259  err=-1.000000  inc=-1.500463  bucket 0->0  (mf=1000)
[MF-SEL] tPrev=(  d=0.000312  dMin=0.000000  dAvg=0.019795  dMax=1.324692  Dlo=0.009898  Dhi=0.672244  err=-1.000000  inc=-1.503075  bucket 0->0  (mf=1000)
[MF-SEL] tPrev=(  d=0.000226  dMin=0.000000  dAvg=0.019765  dMax=1.324692  Dlo=0.009883  Dhi=0.672229  err=-1.000000  inc=-1.505518  bucket 0->0  (mf=1000)
[MF-SEL] tPrev=(  d=0.000666  dMin=0.000000  dAvg=0.019736  dMax=1.324692  Dlo=0.009868  Dhi=0.672214  err=-1.000000  inc=-1.508100  bucket 0->0  (mf=1000)
[MF-SEL] tPrev=(  d=0.000161  dMin=0.000000  dAvg=0.019707  dMax=1.324692  Dlo=0.009853  Dhi=0.672199  err=-1.000000  inc=-1.510266  bucket 0->0  (mf=1000)
Dropping frame 1403636896.551666
[MF-SEL] tPrev=(  d=0.000358  dMin=0.000000  dAvg=0.019677  dMax=1.324692  Dlo=0.009839  Dhi=0.672185  err=-1.000000  inc=-1.515396  bucket 0->0  (mf=1000)
[MF-SEL] tPrev=(  d=0.000116  dMin=0.000000  dAvg=0.019648  dMax=1.324692  Dlo=0.009824  Dhi=0.672170  err=-1.000000  inc=-1.517889  bucket 0->0  (mf=1000)
[MF-SEL] tPrev=(  d=0.000227  dMin=0.000000  dAvg=0.019618  dMax=1.324692  Dlo=0.009809  Dhi=0.672155  err=-1.000000  inc=-1.520026  bucket 0->0  (mf=1000)
Dropping frame 1403636896.751667
[MF-SEL] tPrev=(  d=0.012231  dMin=0.000000  dAvg=0.019607  dMax=1.324692  Dlo=0.009804  Dhi=0.672150  err=0.000000  inc=-0.764968  bucket 0->0  (mf=1000)
[MF-SEL] tPrev=(  d=0.007020  dMin=0.000000  dAvg=0.019588  dMax=1.324692  Dlo=0.009794  Dhi=0.672140  err=-1.000000  inc=-1.849283  bucket 0->0  (mf=1000)
[MF-SEL] tPrev=(  d=0.006481  dMin=0.000000  dAvg=0.019569  dMax=1.324692  Dlo=0.009784  Dhi=0.672130  err=-1.000000  inc=-1.524944  bucket 0->0  (mf=1000)
[MF-SEL] tPrev=(  d=0.014789  dMin=0.000000  dAvg=0.019561  dMax=1.324692  Dlo=0.009781  Dhi=0.672127  err=0.000000  inc=-0.596995  bucket 0->0  (mf=1000)
[MF-SEL] tPrev=(  d=0.008739  dMin=0.000000  dAvg=0.019545  dMax=1.324692  Dlo=0.009773  Dhi=0.672119  err=-1.000000  inc=-1.830980  bucket 0->0  (mf=1000)
[MF-SEL] tPrev=(  d=0.001167  dMin=0.000000  dAvg=0.019518  dMax=1.324692  Dlo=0.009759  Dhi=0.672105  err=-1.000000  inc=-1.529908  bucket 0->0  (mf=1000)
[MF-SEL] tPrev=(  d=0.000855  dMin=0.000000  dAvg=0.019490  dMax=1.324692  Dlo=0.009745  Dhi=0.672091  err=-1.000000  inc=-1.532684  bucket 0->0  (mf=1000)
[MF-SEL] tPrev=(  d=0.001432  dMin=0.000000  dAvg=0.019463  dMax=1.324692  Dlo=0.009731  Dhi=0.672078  err=-1.000000  inc=-1.535068  bucket 0->0  (mf=1000)
Dropping frame 1403636897.201667
[MF-SEL] tPrev=(  d=0.001497  dMin=0.000000  dAvg=0.019436  dMax=1.324692  Dlo=0.009718  Dhi=0.672064  err=-1.000000  inc=-1.540234  bucket 0->0  (mf=1000)
[MF-SEL] tPrev=(  d=0.001883  dMin=0.000000  dAvg=0.019410  dMax=1.324692  Dlo=0.009705  Dhi=0.672051  err=-1.000000  inc=-1.542702  bucket 0->0  (mf=1000)
[MF-SEL] tPrev=(  d=0.003636  dMin=0.000000  dAvg=0.019387  dMax=1.324692  Dlo=0.009693  Dhi=0.672039  err=-1.000000  inc=-1.545134  bucket 0->0  (mf=1000)
[MF-SEL] tPrev=(  d=0.005026  dMin=0.000000  dAvg=0.019365  dMax=1.324692  Dlo=0.009683  Dhi=0.672029  err=-1.000000  inc=-1.547524  bucket 0->0  (mf=1000)
[MF-SEL] tPrev=(  d=0.006489  dMin=0.000000  dAvg=0.019346  dMax=1.324692  Dlo=0.009673  Dhi=0.672019  err=-1.000000  inc=-1.549986  bucket 0->0  (mf=1000)
[MF-SEL] tPrev=(  d=0.007352  dMin=0.000000  dAvg=0.019328  dMax=1.324692  Dlo=0.009664  Dhi=0.672010  err=-1.000000  inc=-1.552517  bucket 0->0  (mf=1000)
[MF-SEL] tPrev=(  d=0.007949  dMin=0.000000  dAvg=0.019312  dMax=1.324692  Dlo=0.009656  Dhi=0.672002  err=-1.000000  inc=-1.554715  bucket 0->0  (mf=1000)
[MF-SEL] tPrev=(  d=0.008437  dMin=0.000000  dAvg=0.019296  dMax=1.324692  Dlo=0.009648  Dhi=0.671994  err=-1.000000  inc=-1.557261  bucket 0->0  (mf=1000)
[MF-SEL] tPrev=(  d=0.009571  dMin=0.000000  dAvg=0.019281  dMax=1.324692  Dlo=0.009641  Dhi=0.671987  err=-1.000000  inc=-1.559617  bucket 0->0  (mf=1000)
[MF-SEL] tPrev=(  d=0.010288  dMin=0.000000  dAvg=0.019268  dMax=1.324692  Dlo=0.009634  Dhi=0.671980  err=0.000000  inc=-0.659226  bucket 0->0  (mf=1000)
[MF-SEL] tPrev=(  d=0.013220  dMin=0.000000  dAvg=0.019259  dMax=1.324692  Dlo=0.009630  Dhi=0.671976  err=0.000000  inc=-0.959617  bucket 0->0  (mf=1000)
Dropping frame 1403636897.801666
[MF-SEL] tPrev=(  d=0.024628  dMin=0.000000  dAvg=0.019267  dMax=1.324692  Dlo=0.009634  Dhi=0.671980  err=0.000000  inc=-0.959617  bucket 0->0  (mf=1000)
[MF-SEL] tPrev=(  d=0.013553  dMin=0.000000  dAvg=0.019259  dMax=1.324692  Dlo=0.009629  Dhi=0.671975  err=0.000000  inc=-0.959617  bucket 0->0  (mf=1000)
[MF-SEL] tPrev=(  d=0.012604  dMin=0.000000  dAvg=0.019249  dMax=1.324692  Dlo=0.009624  Dhi=0.671971  err=0.000000  inc=-0.959617  bucket 0->0  (mf=1000)
[MF-SEL] tPrev=(  d=0.016621  dMin=0.000000  dAvg=0.019245  dMax=1.324692  Dlo=0.009623  Dhi=0.671969  err=0.000000  inc=-0.959617  bucket 0->0  (mf=1000)
Dropping frame 1403636898.051666
[MF-SEL] tPrev=(  d=0.018176  dMin=0.000000  dAvg=0.019244  dMax=1.324692  Dlo=0.009622  Dhi=0.671968  err=0.000000  inc=-0.959617  bucket 0->0  (mf=1000)
[MF-SEL] tPrev=(  d=0.006669  dMin=0.000000  dAvg=0.019225  dMax=1.324692  Dlo=0.009613  Dhi=0.671959  err=-1.000000  inc=-1.902964  bucket 0->0  (mf=1000)
[MF-SEL] tPrev=(  d=0.006274  dMin=0.000000  dAvg=0.019206  dMax=1.324692  Dlo=0.009603  Dhi=0.671949  err=-1.000000  inc=-1.564270  bucket 0->0  (mf=1000)
[MF-SEL] tPrev=(  d=0.007279  dMin=0.000000  dAvg=0.019189  dMax=1.324692  Dlo=0.009595  Dhi=0.671941  err=-1.000000  inc=-1.566949  bucket 0->0  (mf=1000)
[MF-SEL] tPrev=(  d=0.008097  dMin=0.000000  dAvg=0.019173  dMax=1.324692  Dlo=0.009587  Dhi=0.671933  err=-1.000000  inc=-1.569316  bucket 0->0  (mf=1000)
[MF-SEL] tPrev=(  d=0.008770  dMin=0.000000  dAvg=0.019158  dMax=1.324692  Dlo=0.009579  Dhi=0.671925  err=-1.000000  inc=-1.571674  bucket 0->0  (mf=1000)
[MF-SEL] tPrev=(  d=0.009927  dMin=0.000000  dAvg=0.019145  dMax=1.324692  Dlo=0.009572  Dhi=0.671918  err=0.000000  inc=-0.649889  bucket 0->0  (mf=1000)
[MF-SEL] tPrev=(  d=0.010575  dMin=0.000000  dAvg=0.019132  dMax=1.324692  Dlo=0.009566  Dhi=0.671912  err=0.000000  inc=-0.971674  bucket 0->0  (mf=1000)
[MF-SEL] tPrev=(  d=0.011228  dMin=0.000000  dAvg=0.019121  dMax=1.324692  Dlo=0.009560  Dhi=0.671907  err=0.000000  inc=-0.971674  bucket 0->0  (mf=1000)
Dropping frame 1403636898.551666
start VIBA 2
[MF-SEL] tPrev=(  d=0.024460  dMin=0.000000  dAvg=0.019129  dMax=1.324692  Dlo=0.009564  Dhi=0.671910  err=0.000000  inc=-0.971674  bucket 0->0  (mf=1000)
[MF-SEL] tPrev=(  d=0.011745  dMin=0.000000  dAvg=0.019118  dMax=1.324692  Dlo=0.009559  Dhi=0.671905  err=0.000000  inc=-0.971674  bucket 0->0  (mf=1000)
end VIBA 2
[MF-SEL] tPrev=(  d=0.478645  dMin=0.000000  dAvg=0.019777  dMax=1.324692  Dlo=0.009889  Dhi=0.672235  err=0.000000  inc=-0.971674  bucket 0->0  (mf=1000)
[MF-SEL] tPrev=(  d=0.010650  dMin=0.000000  dAvg=0.019764  dMax=1.324692  Dlo=0.009882  Dhi=0.672228  err=0.000000  inc=-0.971674  bucket 0->0  (mf=1000)
Dropping frame 1403636898.801666
[MF-SEL] tPrev=(  d=0.021371  dMin=0.000000  dAvg=0.019766  dMax=1.324692  Dlo=0.009883  Dhi=0.672229  err=0.000000  inc=-0.971674  bucket 0->0  (mf=1000)
[MF-SEL] tPrev=(  d=0.010674  dMin=0.000000  dAvg=0.019753  dMax=1.324692  Dlo=0.009877  Dhi=0.672223  err=0.000000  inc=-0.971674  bucket 0->0  (mf=1000)
[MF-SEL] tPrev=(  d=0.010946  dMin=0.000000  dAvg=0.019741  dMax=1.324692  Dlo=0.009870  Dhi=0.672217  err=0.000000  inc=-0.971674  bucket 0->0  (mf=1000)
[MF-SEL] tPrev=(  d=0.009921  dMin=0.000000  dAvg=0.019727  dMax=1.324692  Dlo=0.009863  Dhi=0.672210  err=0.000000  inc=-0.971674  bucket 0->0  (mf=1000)
[MF-SEL] tPrev=(  d=0.010669  dMin=0.000000  dAvg=0.019714  dMax=1.324692  Dlo=0.009857  Dhi=0.672203  err=0.000000  inc=-0.971674  bucket 0->0  (mf=1000)
[MF-SEL] tPrev=(  d=0.011390  dMin=0.000000  dAvg=0.019702  dMax=1.324692  Dlo=0.009851  Dhi=0.672197  err=0.000000  inc=-0.971674  bucket 0->0  (mf=1000)
Dropping frame 1403636899.151666
[MF-SEL] tPrev=(  d=0.028541  dMin=0.000000  dAvg=0.019715  dMax=1.324692  Dlo=0.009857  Dhi=0.672203  err=0.000000  inc=-0.971674  bucket 0->0  (mf=1000)
[MF-SEL] tPrev=(  d=0.014864  dMin=0.000000  dAvg=0.019708  dMax=1.324692  Dlo=0.009854  Dhi=0.672200  err=0.000000  inc=-0.971674  bucket 0->0  (mf=1000)
[MF-SEL] tPrev=(  d=0.015368  dMin=0.000000  dAvg=0.019702  dMax=1.324692  Dlo=0.009851  Dhi=0.672197  err=0.000000  inc=-0.971674  bucket 0->0  (mf=1000)
[MF-SEL] tPrev=(  d=0.015668  dMin=0.000000  dAvg=0.019696  dMax=1.324692  Dlo=0.009848  Dhi=0.672194  err=0.000000  inc=-0.971674  bucket 0->0  (mf=1000)
[MF-SEL] tPrev=(  d=0.015210  dMin=0.000000  dAvg=0.019690  dMax=1.324692  Dlo=0.009845  Dhi=0.672191  err=0.000000  inc=-0.971674  bucket 0->0  (mf=1000)
[MF-SEL] tPrev=(  d=0.014052  dMin=0.000000  dAvg=0.019682  dMax=1.324692  Dlo=0.009841  Dhi=0.672187  err=0.000000  inc=-0.971674  bucket 0->0  (mf=1000)
[MF-SEL] tPrev=(  d=0.012579  dMin=0.000000  dAvg=0.019672  dMax=1.324692  Dlo=0.009836  Dhi=0.672182  err=0.000000  inc=-0.971674  bucket 0->0  (mf=1000)
[MF-SEL] tPrev=(  d=0.011023  dMin=0.000000  dAvg=0.019660  dMax=1.324692  Dlo=0.009830  Dhi=0.672176  err=0.000000  inc=-0.971674  bucket 0->0  (mf=1000)
Dropping frame 1403636899.601666
[MF-SEL] tPrev=(  d=0.023175  dMin=0.000000  dAvg=0.019665  dMax=1.324692  Dlo=0.009832  Dhi=0.672178  err=0.000000  inc=-0.971674  bucket 0->0  (mf=1000)
[MF-SEL] tPrev=(  d=0.011999  dMin=0.000000  dAvg=0.019654  dMax=1.324692  Dlo=0.009827  Dhi=0.672173  err=0.000000  inc=-0.971674  bucket 0->0  (mf=1000)
[MF-SEL] tPrev=(  d=0.012613  dMin=0.000000  dAvg=0.019644  dMax=1.324692  Dlo=0.009822  Dhi=0.672168  err=0.000000  inc=-0.971674  bucket 0->0  (mf=1000)
[MF-SEL] tPrev=(  d=0.013177  dMin=0.000000  dAvg=0.019635  dMax=1.324692  Dlo=0.009817  Dhi=0.672164  err=0.000000  inc=-0.971674  bucket 0->0  (mf=1000)
Dropping frame 1403636899.851666
[MF-SEL] tPrev=(  d=0.030118  dMin=0.000000  dAvg=0.019650  dMax=1.324692  Dlo=0.009825  Dhi=0.672171  err=0.000000  inc=-0.971674  bucket 0->0  (mf=1000)
[MF-SEL] tPrev=(  d=0.015382  dMin=0.000000  dAvg=0.019644  dMax=1.324692  Dlo=0.009822  Dhi=0.672168  err=0.000000  inc=-0.971674  bucket 0->0  (mf=1000)
[MF-SEL] tPrev=(  d=0.015666  dMin=0.000000  dAvg=0.019638  dMax=1.324692  Dlo=0.009819  Dhi=0.672165  err=0.000000  inc=-0.971674  bucket 0->0  (mf=1000)
[MF-SEL] tPrev=(  d=0.020757  dMin=0.000000  dAvg=0.019640  dMax=1.324692  Dlo=0.009820  Dhi=0.672166  err=0.000000  inc=-0.971674  bucket 0->0  (mf=1000)
[MF-SEL] tPrev=(  d=0.016174  dMin=0.000000  dAvg=0.019635  dMax=1.324692  Dlo=0.009817  Dhi=0.672163  err=0.000000  inc=-0.971674  bucket 0->0  (mf=1000)
[MF-SEL] tPrev=(  d=0.016200  dMin=0.000000  dAvg=0.019630  dMax=1.324692  Dlo=0.009815  Dhi=0.672161  err=0.000000  inc=-0.971674  bucket 0->0  (mf=1000)
[MF-SEL] tPrev=(  d=0.016587  dMin=0.000000  dAvg=0.019626  dMax=1.324692  Dlo=0.009813  Dhi=0.672159  err=0.000000  inc=-0.971674  bucket 0->0  (mf=1000)
[MF-SEL] tPrev=(  d=0.016837  dMin=0.000000  dAvg=0.019622  dMax=1.324692  Dlo=0.009811  Dhi=0.672157  err=0.000000  inc=-0.971674  bucket 0->0  (mf=1000)
[MF-SEL] tPrev=(  d=0.016884  dMin=0.000000  dAvg=0.019618  dMax=1.324692  Dlo=0.009809  Dhi=0.672155  err=0.000000  inc=-0.971674  bucket 0->0  (mf=1000)
[MF-SEL] tPrev=(  d=0.017716  dMin=0.000000  dAvg=0.019616  dMax=1.324692  Dlo=0.009808  Dhi=0.672154  err=0.000000  inc=-0.971674  bucket 0->0  (mf=1000)
[MF-SEL] tPrev=(  d=0.018210  dMin=0.000000  dAvg=0.019614  dMax=1.324692  Dlo=0.009807  Dhi=0.672153  err=0.000000  inc=-0.971674  bucket 0->0  (mf=1000)
[MF-SEL] tPrev=(  d=0.018125  dMin=0.000000  dAvg=0.019612  dMax=1.324692  Dlo=0.009806  Dhi=0.672152  err=0.000000  inc=-0.971674  bucket 0->0  (mf=1000)
[MF-SEL] tPrev=(  d=0.007210  dMin=0.000000  dAvg=0.019595  dMax=1.324692  Dlo=0.009797  Dhi=0.672143  err=-1.000000  inc=-1.914665  bucket 0->0  (mf=1000)
[MF-SEL] tPrev=(  d=0.016514  dMin=0.000000  dAvg=0.019590  dMax=1.324692  Dlo=0.009795  Dhi=0.672141  err=0.000000  inc=-0.643944  bucket 0->0  (mf=1000)
[MF-SEL] tPrev=(  d=0.015721  dMin=0.000000  dAvg=0.019585  dMax=1.324692  Dlo=0.009793  Dhi=0.672139  err=0.000000  inc=-0.974022  bucket 0->0  (mf=1000)
[MF-SEL] tPrev=(  d=0.014736  dMin=0.000000  dAvg=0.019579  dMax=1.324692  Dlo=0.009789  Dhi=0.672135  err=0.000000  inc=-0.974022  bucket 0->0  (mf=1000)
[MF-SEL] tPrev=(  d=0.014093  dMin=0.000000  dAvg=0.019571  dMax=1.324692  Dlo=0.009786  Dhi=0.672132  err=0.000000  inc=-0.974022  bucket 0->0  (mf=1000)
[MF-SEL] tPrev=(  d=0.014128  dMin=0.000000  dAvg=0.019564  dMax=1.324692  Dlo=0.009782  Dhi=0.672128  err=0.000000  inc=-0.974022  bucket 0->0  (mf=1000)
[MF-SEL] tPrev=(  d=0.014241  dMin=0.000000  dAvg=0.019556  dMax=1.324692  Dlo=0.009778  Dhi=0.672124  err=0.000000  inc=-0.974022  bucket 0->0  (mf=1000)
[MF-SEL] tPrev=(  d=0.015100  dMin=0.000000  dAvg=0.019550  dMax=1.324692  Dlo=0.009775  Dhi=0.672121  err=0.000000  inc=-0.974022  bucket 0->0  (mf=1000)
[MF-SEL] tPrev=(  d=0.015510  dMin=0.000000  dAvg=0.019545  dMax=1.324692  Dlo=0.009772  Dhi=0.672118  err=0.000000  inc=-0.974022  bucket 0->0  (mf=1000)
[MF-SEL] tPrev=(  d=0.016907  dMin=0.000000  dAvg=0.019541  dMax=1.324692  Dlo=0.009771  Dhi=0.672117  err=0.000000  inc=-0.974022  bucket 0->0  (mf=1000)
Dropping frame 1403636901.001667
[MF-SEL] tPrev=(  d=0.039231  dMin=0.000000  dAvg=0.019568  dMax=1.324692  Dlo=0.009784  Dhi=0.672130  err=0.000000  inc=-0.974022  bucket 0->0  (mf=1000)
[MF-SEL] tPrev=(  d=0.020046  dMin=0.000000  dAvg=0.019569  dMax=1.324692  Dlo=0.009784  Dhi=0.672130  err=0.000000  inc=-0.974022  bucket 0->0  (mf=1000)
[MF-SEL] tPrev=(  d=0.021005  dMin=0.000000  dAvg=0.019570  dMax=1.324692  Dlo=0.009785  Dhi=0.672131  err=0.000000  inc=-0.974022  bucket 0->0  (mf=1000)
[MF-SEL] tPrev=(  d=0.022430  dMin=0.000000  dAvg=0.019574  dMax=1.324692  Dlo=0.009787  Dhi=0.672133  err=0.000000  inc=-0.974022  bucket 0->0  (mf=1000)
[MF-SEL] tPrev=(  d=0.023403  dMin=0.000000  dAvg=0.019579  dMax=1.324692  Dlo=0.009790  Dhi=0.672136  err=0.000000  inc=-0.974022  bucket 0->0  (mf=1000)
[MF-SEL] tPrev=(  d=0.023956  dMin=0.000000  dAvg=0.019585  dMax=1.324692  Dlo=0.009793  Dhi=0.672139  err=0.000000  inc=-0.974022  bucket 0->0  (mf=1000)
Dropping frame 1403636901.351666
[MF-SEL] tPrev=(  d=0.050555  dMin=0.000000  dAvg=0.019627  dMax=1.324692  Dlo=0.009813  Dhi=0.672160  err=0.000000  inc=-0.974022  bucket 0->0  (mf=1000)
[MF-SEL] tPrev=(  d=0.027787  dMin=0.000000  dAvg=0.019638  dMax=1.324692  Dlo=0.009819  Dhi=0.672165  err=0.000000  inc=-0.974022  bucket 0->0  (mf=1000)
[MF-SEL] tPrev=(  d=0.028446  dMin=0.000000  dAvg=0.019650  dMax=1.324692  Dlo=0.009825  Dhi=0.672171  err=0.000000  inc=-0.974022  bucket 0->0  (mf=1000)
[MF-SEL] tPrev=(  d=0.039728  dMin=0.000000  dAvg=0.019677  dMax=1.324692  Dlo=0.009838  Dhi=0.672184  err=0.000000  inc=-0.974022  bucket 0->0  (mf=1000)
[MF-SEL] tPrev=(  d=0.028797  dMin=0.000000  dAvg=0.019689  dMax=1.324692  Dlo=0.009844  Dhi=0.672190  err=0.000000  inc=-0.974022  bucket 0->0  (mf=1000)
[MF-SEL] tPrev=(  d=0.028627  dMin=0.000000  dAvg=0.019701  dMax=1.324692  Dlo=0.009850  Dhi=0.672196  err=0.000000  inc=-0.974022  bucket 0->0  (mf=1000)
[MF-SEL] tPrev=(  d=0.028467  dMin=0.000000  dAvg=0.019712  dMax=1.324692  Dlo=0.009856  Dhi=0.672202  err=0.000000  inc=-0.974022  bucket 0->0  (mf=1000)
[MF-SEL] tPrev=(  d=0.028394  dMin=0.000000  dAvg=0.019724  dMax=1.324692  Dlo=0.009862  Dhi=0.672208  err=0.000000  inc=-0.974022  bucket 0->0  (mf=1000)
[MF-SEL] tPrev=(  d=0.028808  dMin=0.000000  dAvg=0.019736  dMax=1.324692  Dlo=0.009868  Dhi=0.672214  err=0.000000  inc=-0.974022  bucket 0->0  (mf=1000)
Dropping frame 1403636901.851666
[MF-SEL] tPrev=(  d=0.053752  dMin=0.000000  dAvg=0.019781  dMax=1.324692  Dlo=0.009891  Dhi=0.672237  err=0.000000  inc=-0.974022  bucket 0->0  (mf=1000)
[MF-SEL] tPrev=(  d=0.030345  dMin=0.000000  dAvg=0.019795  dMax=1.324692  Dlo=0.009897  Dhi=0.672244  err=0.000000  inc=-0.974022  bucket 0->0  (mf=1000)
[MF-SEL] tPrev=(  d=0.030222  dMin=0.000000  dAvg=0.019809  dMax=1.324692  Dlo=0.009904  Dhi=0.672250  err=0.000000  inc=-0.974022  bucket 0->0  (mf=1000)
[MF-SEL] tPrev=(  d=0.029708  dMin=0.000000  dAvg=0.019822  dMax=1.324692  Dlo=0.009911  Dhi=0.672257  err=0.000000  inc=-0.974022  bucket 0->0  (mf=1000)
[MF-SEL] tPrev=(  d=0.028637  dMin=0.000000  dAvg=0.019833  dMax=1.324692  Dlo=0.009917  Dhi=0.672263  err=0.000000  inc=-0.974022  bucket 0->0  (mf=1000)
[MF-SEL] tPrev=(  d=0.028215  dMin=0.000000  dAvg=0.019845  dMax=1.324692  Dlo=0.009922  Dhi=0.672268  err=0.000000  inc=-0.974022  bucket 0->0  (mf=1000)
[MF-SEL] tPrev=(  d=0.027376  dMin=0.000000  dAvg=0.019854  dMax=1.324692  Dlo=0.009927  Dhi=0.672273  err=0.000000  inc=-0.974022  bucket 0->0  (mf=1000)
[MF-SEL] tPrev=(  d=0.027258  dMin=0.000000  dAvg=0.019864  dMax=1.324692  Dlo=0.009932  Dhi=0.672278  err=0.000000  inc=-0.974022  bucket 0->0  (mf=1000)
[MF-SEL] tPrev=(  d=0.026934  dMin=0.000000  dAvg=0.019873  dMax=1.324692  Dlo=0.009937  Dhi=0.672283  err=0.000000  inc=-0.974022  bucket 0->0  (mf=1000)
[MF-SEL] tPrev=(  d=0.027194  dMin=0.000000  dAvg=0.019883  dMax=1.324692  Dlo=0.009942  Dhi=0.672288  err=0.000000  inc=-0.974022  bucket 0->0  (mf=1000)
[MF-SEL] tPrev=(  d=0.031113  dMin=0.000000  dAvg=0.019898  dMax=1.324692  Dlo=0.009949  Dhi=0.672295  err=0.000000  inc=-0.974022  bucket 0->0  (mf=1000)
[MF-SEL] tPrev=(  d=0.031056  dMin=0.000000  dAvg=0.019912  dMax=1.324692  Dlo=0.009956  Dhi=0.672302  err=0.000000  inc=-0.974022  bucket 0->0  (mf=1000)
[MF-SEL] tPrev=(  d=0.032307  dMin=0.000000  dAvg=0.019929  dMax=1.324692  Dlo=0.009964  Dhi=0.672310  err=0.000000  inc=-0.974022  bucket 0->0  (mf=1000)
[MF-SEL] tPrev=(  d=0.033056  dMin=0.000000  dAvg=0.019946  dMax=1.324692  Dlo=0.009973  Dhi=0.672319  err=0.000000  inc=-0.974022  bucket 0->0  (mf=1000)
[MF-SEL] tPrev=(  d=0.032621  dMin=0.000000  dAvg=0.019962  dMax=1.324692  Dlo=0.009981  Dhi=0.672327  err=0.000000  inc=-0.974022  bucket 0->0  (mf=1000)
[MF-SEL] tPrev=(  d=0.031488  dMin=0.000000  dAvg=0.019977  dMax=1.324692  Dlo=0.009989  Dhi=0.672335  err=0.000000  inc=-0.974022  bucket 0->0  (mf=1000)
Dropping frame 1403636902.701667
[MF-SEL] tPrev=(  d=0.056421  dMin=0.000000  dAvg=0.020024  dMax=1.324692  Dlo=0.010012  Dhi=0.672358  err=0.000000  inc=-0.974022  bucket 0->0  (mf=1000)
[MF-SEL] tPrev=(  d=0.027261  dMin=0.000000  dAvg=0.020034  dMax=1.324692  Dlo=0.010017  Dhi=0.672363  err=0.000000  inc=-0.974022  bucket 0->0  (mf=1000)
[MF-SEL] tPrev=(  d=0.025790  dMin=0.000000  dAvg=0.020041  dMax=1.324692  Dlo=0.010021  Dhi=0.672367  err=0.000000  inc=-0.974022  bucket 0->0  (mf=1000)
[MF-SEL] tPrev=(  d=0.028319  dMin=0.000000  dAvg=0.020052  dMax=1.324692  Dlo=0.010026  Dhi=0.672372  err=0.000000  inc=-0.974022  bucket 0->0  (mf=1000)
[MF-SEL] tPrev=(  d=0.025194  dMin=0.000000  dAvg=0.020059  dMax=1.324692  Dlo=0.010029  Dhi=0.672375  err=0.000000  inc=-0.974022  bucket 0->0  (mf=1000)
[MF-SEL] tPrev=(  d=0.023822  dMin=0.000000  dAvg=0.020064  dMax=1.324692  Dlo=0.010032  Dhi=0.672378  err=0.000000  inc=-0.974022  bucket 0->0  (mf=1000)
Dropping frame 1403636903.051666
[MF-SEL] tPrev=(  d=0.043964  dMin=0.000000  dAvg=0.020094  dMax=1.324692  Dlo=0.010047  Dhi=0.672393  err=0.000000  inc=-0.974022  bucket 0->0  (mf=1000)
[MF-SEL] tPrev=(  d=0.022935  dMin=0.000000  dAvg=0.020098  dMax=1.324692  Dlo=0.010049  Dhi=0.672395  err=0.000000  inc=-0.974022  bucket 0->0  (mf=1000)
[MF-SEL] tPrev=(  d=0.023231  dMin=0.000000  dAvg=0.020102  dMax=1.324692  Dlo=0.010051  Dhi=0.672397  err=0.000000  inc=-0.974022  bucket 0->0  (mf=1000)
[MF-SEL] tPrev=(  d=0.023566  dMin=0.000000  dAvg=0.020106  dMax=1.324692  Dlo=0.010053  Dhi=0.672399  err=0.000000  inc=-0.974022  bucket 0->0  (mf=1000)
Dropping frame 1403636903.301666
[MF-SEL] tPrev=(  d=0.047924  dMin=0.000000  dAvg=0.020142  dMax=1.324692  Dlo=0.010071  Dhi=0.672417  err=0.000000  inc=-0.974022  bucket 0->0  (mf=1000)
[MF-SEL] tPrev=(  d=0.029491  dMin=0.000000  dAvg=0.020154  dMax=1.324692  Dlo=0.010077  Dhi=0.672423  err=0.000000  inc=-0.974022  bucket 0->0  (mf=1000)
[MF-SEL] tPrev=(  d=0.021381  dMin=0.000000  dAvg=0.020156  dMax=1.324692  Dlo=0.010078  Dhi=0.672424  err=0.000000  inc=-0.974022  bucket 0->0  (mf=1000)
[MF-SEL] tPrev=(  d=0.021029  dMin=0.000000  dAvg=0.020157  dMax=1.324692  Dlo=0.010078  Dhi=0.672424  err=0.000000  inc=-0.974022  bucket 0->0  (mf=1000)
[MF-SEL] tPrev=(  d=0.020427  dMin=0.000000  dAvg=0.020157  dMax=1.324692  Dlo=0.010079  Dhi=0.672425  err=0.000000  inc=-0.974022  bucket 0->0  (mf=1000)
[MF-SEL] tPrev=(  d=0.019611  dMin=0.000000  dAvg=0.020156  dMax=1.324692  Dlo=0.010078  Dhi=0.672424  err=0.000000  inc=-0.974022  bucket 0->0  (mf=1000)
[MF-SEL] tPrev=(  d=0.018866  dMin=0.000000  dAvg=0.020155  dMax=1.324692  Dlo=0.010077  Dhi=0.672423  err=0.000000  inc=-0.974022  bucket 0->0  (mf=1000)
[MF-SEL] tPrev=(  d=0.018935  dMin=0.000000  dAvg=0.020153  dMax=1.324692  Dlo=0.010077  Dhi=0.672423  err=0.000000  inc=-0.974022  bucket 0->0  (mf=1000)
[MF-SEL] tPrev=(  d=0.019015  dMin=0.000000  dAvg=0.020152  dMax=1.324692  Dlo=0.010076  Dhi=0.672422  err=0.000000  inc=-0.974022  bucket 0->0  (mf=1000)
[MF-SEL] tPrev=(  d=0.019641  dMin=0.000000  dAvg=0.020151  dMax=1.324692  Dlo=0.010076  Dhi=0.672422  err=0.000000  inc=-0.974022  bucket 0->0  (mf=1000)
Dropping frame 1403636903.851666
[MF-SEL] tPrev=(  d=0.043545  dMin=0.000000  dAvg=0.020181  dMax=1.324692  Dlo=0.010090  Dhi=0.672436  err=0.000000  inc=-0.974022  bucket 0->0  (mf=1000)
[MF-SEL] tPrev=(  d=0.022698  dMin=0.000000  dAvg=0.020184  dMax=1.324692  Dlo=0.010092  Dhi=0.672438  err=0.000000  inc=-0.974022  bucket 0->0  (mf=1000)
Dropping frame 1403636904.001667
[MF-SEL] tPrev=(  d=0.049142  dMin=0.000000  dAvg=0.020220  dMax=1.324692  Dlo=0.010110  Dhi=0.672456  err=0.000000  inc=-0.974022  bucket 0->0  (mf=1000)
[MF-SEL] tPrev=(  d=0.026519  dMin=0.000000  dAvg=0.020228  dMax=1.324692  Dlo=0.010114  Dhi=0.672460  err=0.000000  inc=-0.974022  bucket 0->0  (mf=1000)
[MF-SEL] tPrev=(  d=0.027764  dMin=0.000000  dAvg=0.020238  dMax=1.324692  Dlo=0.010119  Dhi=0.672465  err=0.000000  inc=-0.974022  bucket 0->0  (mf=1000)
Dropping frame 1403636904.201667
[MF-SEL] tPrev=(  d=0.060455  dMin=0.000000  dAvg=0.020288  dMax=1.324692  Dlo=0.010144  Dhi=0.672490  err=0.000000  inc=-0.974022  bucket 0->0  (mf=1000)
[MF-SEL] tPrev=(  d=0.029612  dMin=0.000000  dAvg=0.020300  dMax=1.324692  Dlo=0.010150  Dhi=0.672496  err=0.000000  inc=-0.974022  bucket 0->0  (mf=1000)
[MF-SEL] tPrev=(  d=0.029962  dMin=0.000000  dAvg=0.020312  dMax=1.324692  Dlo=0.010156  Dhi=0.672502  err=0.000000  inc=-0.974022  bucket 0->0  (mf=1000)
[MF-SEL] tPrev=(  d=0.026867  dMin=0.000000  dAvg=0.020321  dMax=1.324692  Dlo=0.010160  Dhi=0.672506  err=0.000000  inc=-0.974022  bucket 0->0  (mf=1000)
[MF-SEL] tPrev=(  d=0.030186  dMin=0.000000  dAvg=0.020333  dMax=1.324692  Dlo=0.010166  Dhi=0.672513  err=0.000000  inc=-0.974022  bucket 0->0  (mf=1000)
[MF-SEL] tPrev=(  d=0.029697  dMin=0.000000  dAvg=0.020345  dMax=1.324692  Dlo=0.010172  Dhi=0.672518  err=0.000000  inc=-0.974022  bucket 0->0  (mf=1000)
[MF-SEL] tPrev=(  d=0.029620  dMin=0.000000  dAvg=0.020356  dMax=1.324692  Dlo=0.010178  Dhi=0.672524  err=0.000000  inc=-0.974022  bucket 0->0  (mf=1000)
[MF-SEL] tPrev=(  d=0.029533  dMin=0.000000  dAvg=0.020368  dMax=1.324692  Dlo=0.010184  Dhi=0.672530  err=0.000000  inc=-0.974022  bucket 0->0  (mf=1000)
[MF-SEL] tPrev=(  d=0.029698  dMin=0.000000  dAvg=0.020379  dMax=1.324692  Dlo=0.010190  Dhi=0.672536  err=0.000000  inc=-0.974022  bucket 0->0  (mf=1000)
[MF-SEL] tPrev=(  d=0.029772  dMin=0.000000  dAvg=0.020391  dMax=1.324692  Dlo=0.010195  Dhi=0.672542  err=0.000000  inc=-0.974022  bucket 0->0  (mf=1000)
[MF-SEL] tPrev=(  d=0.030586  dMin=0.000000  dAvg=0.020404  dMax=1.324692  Dlo=0.010202  Dhi=0.672548  err=0.000000  inc=-0.974022  bucket 0->0  (mf=1000)
[MF-SEL] tPrev=(  d=0.029150  dMin=0.000000  dAvg=0.020414  dMax=1.324692  Dlo=0.010207  Dhi=0.672553  err=0.000000  inc=-0.974022  bucket 0->0  (mf=1000)
[MF-SEL] tPrev=(  d=0.028894  dMin=0.000000  dAvg=0.020425  dMax=1.324692  Dlo=0.010212  Dhi=0.672559  err=0.000000  inc=-0.974022  bucket 0->0  (mf=1000)
[MF-SEL] tPrev=(  d=0.028570  dMin=0.000000  dAvg=0.020435  dMax=1.324692  Dlo=0.010218  Dhi=0.672564  err=0.000000  inc=-0.974022  bucket 0->0  (mf=1000)
[MF-SEL] tPrev=(  d=0.028213  dMin=0.000000  dAvg=0.020445  dMax=1.324692  Dlo=0.010222  Dhi=0.672568  err=0.000000  inc=-0.974022  bucket 0->0  (mf=1000)
[MF-SEL] tPrev=(  d=0.028085  dMin=0.000000  dAvg=0.020454  dMax=1.324692  Dlo=0.010227  Dhi=0.672573  err=0.000000  inc=-0.974022  bucket 0->0  (mf=1000)
[MF-SEL] tPrev=(  d=0.027828  dMin=0.000000  dAvg=0.020463  dMax=1.324692  Dlo=0.010232  Dhi=0.672578  err=0.000000  inc=-0.974022  bucket 0->0  (mf=1000)
[MF-SEL] tPrev=(  d=0.027964  dMin=0.000000  dAvg=0.020472  dMax=1.324692  Dlo=0.010236  Dhi=0.672582  err=0.000000  inc=-0.974022  bucket 0->0  (mf=1000)
[MF-SEL] tPrev=(  d=0.027390  dMin=0.000000  dAvg=0.020481  dMax=1.324692  Dlo=0.010240  Dhi=0.672587  err=0.000000  inc=-0.974022  bucket 0->0  (mf=1000)
[MF-SEL] tPrev=(  d=0.027812  dMin=0.000000  dAvg=0.020490  dMax=1.324692  Dlo=0.010245  Dhi=0.672591  err=0.000000  inc=-0.974022  bucket 0->0  (mf=1000)
Dropping frame 1403636905.251667
[MF-SEL] tPrev=(  d=0.057329  dMin=0.000000  dAvg=0.020535  dMax=1.324692  Dlo=0.010268  Dhi=0.672614  err=0.000000  inc=-0.974022  bucket 0->0  (mf=1000)
[MF-SEL] tPrev=(  d=0.026696  dMin=0.000000  dAvg=0.020543  dMax=1.324692  Dlo=0.010271  Dhi=0.672617  err=0.000000  inc=-0.974022  bucket 0->0  (mf=1000)
[MF-SEL] tPrev=(  d=0.026328  dMin=0.000000  dAvg=0.020550  dMax=1.324692  Dlo=0.010275  Dhi=0.672621  err=0.000000  inc=-0.974022  bucket 0->0  (mf=1000)
[MF-SEL] tPrev=(  d=0.026281  dMin=0.000000  dAvg=0.020557  dMax=1.324692  Dlo=0.010278  Dhi=0.672624  err=0.000000  inc=-0.974022  bucket 0->0  (mf=1000)
[MF-SEL] tPrev=(  d=0.025641  dMin=0.000000  dAvg=0.020563  dMax=1.324692  Dlo=0.010281  Dhi=0.672628  err=0.000000  inc=-0.974022  bucket 0->0  (mf=1000)
[MF-SEL] tPrev=(  d=0.024805  dMin=0.000000  dAvg=0.020568  dMax=1.324692  Dlo=0.010284  Dhi=0.672630  err=0.000000  inc=-0.974022  bucket 0->0  (mf=1000)
Dropping frame 1403636905.601666
[MF-SEL] tPrev=(  d=0.045304  dMin=0.000000  dAvg=0.020598  dMax=1.324692  Dlo=0.010299  Dhi=0.672645  err=0.000000  inc=-0.974022  bucket 0->0  (mf=1000)
[MF-SEL] tPrev=(  d=0.021426  dMin=0.000000  dAvg=0.020599  dMax=1.324692  Dlo=0.010300  Dhi=0.672646  err=0.000000  inc=-0.974022  bucket 0->0  (mf=1000)
[MF-SEL] tPrev=(  d=0.021010  dMin=0.000000  dAvg=0.020600  dMax=1.324692  Dlo=0.010300  Dhi=0.672646  err=0.000000  inc=-0.974022  bucket 0->0  (mf=1000)
[MF-SEL] tPrev=(  d=0.015206  dMin=0.000000  dAvg=0.020593  dMax=1.324692  Dlo=0.010297  Dhi=0.672643  err=0.000000  inc=-0.974022  bucket 0->0  (mf=1000)
[MF-SEL] tPrev=(  d=0.019154  dMin=0.000000  dAvg=0.020591  dMax=1.324692  Dlo=0.010296  Dhi=0.672642  err=0.000000  inc=-0.974022  bucket 0->0  (mf=1000)
Dropping frame 1403636905.901667
[MF-SEL] tPrev=(  d=0.040888  dMin=0.000000  dAvg=0.020616  dMax=1.324692  Dlo=0.010308  Dhi=0.672654  err=0.000000  inc=-0.974022  bucket 0->0  (mf=1000)
[MF-SEL] tPrev=(  d=0.021762  dMin=0.000000  dAvg=0.020617  dMax=1.324692  Dlo=0.010309  Dhi=0.672655  err=0.000000  inc=-0.974022  bucket 0->0  (mf=1000)
[MF-SEL] tPrev=(  d=0.023319  dMin=0.000000  dAvg=0.020621  dMax=1.324692  Dlo=0.010310  Dhi=0.672656  err=0.000000  inc=-0.974022  bucket 0->0  (mf=1000)
[MF-SEL] tPrev=(  d=0.024435  dMin=0.000000  dAvg=0.020625  dMax=1.324692  Dlo=0.010313  Dhi=0.672659  err=0.000000  inc=-0.974022  bucket 0->0  (mf=1000)
Dropping frame 1403636906.151666
[MF-SEL] tPrev=(  d=0.047802  dMin=0.000000  dAvg=0.020658  dMax=1.324692  Dlo=0.010329  Dhi=0.672675  err=0.000000  inc=-0.974022  bucket 0->0  (mf=1000)
[MF-SEL] tPrev=(  d=0.025189  dMin=0.000000  dAvg=0.020663  dMax=1.324692  Dlo=0.010332  Dhi=0.672678  err=0.000000  inc=-0.974022  bucket 0->0  (mf=1000)
[MF-SEL] tPrev=(  d=0.025450  dMin=0.000000  dAvg=0.020669  dMax=1.324692  Dlo=0.010335  Dhi=0.672681  err=0.000000  inc=-0.974022  bucket 0->0  (mf=1000)
[MF-SEL] tPrev=(  d=0.040299  dMin=0.000000  dAvg=0.020693  dMax=1.324692  Dlo=0.010346  Dhi=0.672692  err=0.000000  inc=-0.974022  bucket 0->0  (mf=1000)
[MF-SEL] tPrev=(  d=0.023688  dMin=0.000000  dAvg=0.020696  dMax=1.324692  Dlo=0.010348  Dhi=0.672694  err=0.000000  inc=-0.974022  bucket 0->0  (mf=1000)
[MF-SEL] tPrev=(  d=0.023817  dMin=0.000000  dAvg=0.020700  dMax=1.324692  Dlo=0.010350  Dhi=0.672696  err=0.000000  inc=-0.974022  bucket 0->0  (mf=1000)
Dropping frame 1403636906.501667
[MF-SEL] tPrev=(  d=0.046402  dMin=0.000000  dAvg=0.020731  dMax=1.324692  Dlo=0.010365  Dhi=0.672712  err=0.000000  inc=-0.974022  bucket 0->0  (mf=1000)
[MF-SEL] tPrev=(  d=0.029587  dMin=0.000000  dAvg=0.020741  dMax=1.324692  Dlo=0.010371  Dhi=0.672717  err=0.000000  inc=-0.974022  bucket 0->0  (mf=1000)
[MF-SEL] tPrev=(  d=0.023979  dMin=0.000000  dAvg=0.020745  dMax=1.324692  Dlo=0.010373  Dhi=0.672719  err=0.000000  inc=-0.974022  bucket 0->0  (mf=1000)
[MF-SEL] tPrev=(  d=0.023620  dMin=0.000000  dAvg=0.020749  dMax=1.324692  Dlo=0.010374  Dhi=0.672720  err=0.000000  inc=-0.974022  bucket 0->0  (mf=1000)
[MF-SEL] tPrev=(  d=0.024332  dMin=0.000000  dAvg=0.020753  dMax=1.324692  Dlo=0.010377  Dhi=0.672723  err=0.000000  inc=-0.974022  bucket 0->0  (mf=1000)
[MF-SEL] tPrev=(  d=0.024937  dMin=0.000000  dAvg=0.020758  dMax=1.324692  Dlo=0.010379  Dhi=0.672725  err=0.000000  inc=-0.974022  bucket 0->0  (mf=1000)
[MF-SEL] tPrev=(  d=0.025228  dMin=0.000000  dAvg=0.020763  dMax=1.324692  Dlo=0.010382  Dhi=0.672728  err=0.000000  inc=-0.974022  bucket 0->0  (mf=1000)
[MF-SEL] tPrev=(  d=0.025741  dMin=0.000000  dAvg=0.020769  dMax=1.324692  Dlo=0.010385  Dhi=0.672731  err=0.000000  inc=-0.974022  bucket 0->0  (mf=1000)
[MF-SEL] tPrev=(  d=0.025211  dMin=0.000000  dAvg=0.020774  dMax=1.324692  Dlo=0.010387  Dhi=0.672733  err=0.000000  inc=-0.974022  bucket 0->0  (mf=1000)
[MF-SEL] tPrev=(  d=0.025168  dMin=0.000000  dAvg=0.020780  dMax=1.324692  Dlo=0.010390  Dhi=0.672736  err=0.000000  inc=-0.974022  bucket 0->0  (mf=1000)
[MF-SEL] tPrev=(  d=0.025435  dMin=0.000000  dAvg=0.020785  dMax=1.324692  Dlo=0.010393  Dhi=0.672739  err=0.000000  inc=-0.974022  bucket 0->0  (mf=1000)
[MF-SEL] tPrev=(  d=0.025245  dMin=0.000000  dAvg=0.020790  dMax=1.324692  Dlo=0.010395  Dhi=0.672741  err=0.000000  inc=-0.974022  bucket 0->0  (mf=1000)
[MF-SEL] tPrev=(  d=0.019223  dMin=0.000000  dAvg=0.020789  dMax=1.324692  Dlo=0.010394  Dhi=0.672740  err=0.000000  inc=-0.974022  bucket 0->0  (mf=1000)
[MF-SEL] tPrev=(  d=0.023082  dMin=0.000000  dAvg=0.020791  dMax=1.324692  Dlo=0.010396  Dhi=0.672742  err=0.000000  inc=-0.974022  bucket 0->0  (mf=1000)
[MF-SEL] tPrev=(  d=0.023804  dMin=0.000000  dAvg=0.020795  dMax=1.324692  Dlo=0.010397  Dhi=0.672743  err=0.000000  inc=-0.974022  bucket 0->0  (mf=1000)
[MF-SEL] tPrev=(  d=0.024659  dMin=0.000000  dAvg=0.020799  dMax=1.324692  Dlo=0.010400  Dhi=0.672746  err=0.000000  inc=-0.974022  bucket 0->0  (mf=1000)
[MF-SEL] tPrev=(  d=0.025390  dMin=0.000000  dAvg=0.020805  dMax=1.324692  Dlo=0.010402  Dhi=0.672748  err=0.000000  inc=-0.974022  bucket 0->0  (mf=1000)
[MF-SEL] tPrev=(  d=0.025713  dMin=0.000000  dAvg=0.020811  dMax=1.324692  Dlo=0.010405  Dhi=0.672751  err=0.000000  inc=-0.974022  bucket 0->0  (mf=1000)
[MF-SEL] tPrev=(  d=0.027129  dMin=0.000000  dAvg=0.020818  dMax=1.324692  Dlo=0.010409  Dhi=0.672755  err=0.000000  inc=-0.974022  bucket 0->0  (mf=1000)
[MF-SEL] tPrev=(  d=0.028082  dMin=0.000000  dAvg=0.020826  dMax=1.324692  Dlo=0.010413  Dhi=0.672759  err=0.000000  inc=-0.974022  bucket 0->0  (mf=1000)
[MF-SEL] tPrev=(  d=0.028818  dMin=0.000000  dAvg=0.020836  dMax=1.324692  Dlo=0.010418  Dhi=0.672764  err=0.000000  inc=-0.974022  bucket 0->0  (mf=1000)
Dropping frame 1403636907.601666
[MF-SEL] tPrev=(  d=0.072740  dMin=0.000000  dAvg=0.020896  dMax=1.324692  Dlo=0.010448  Dhi=0.672794  err=0.000000  inc=-0.974022  bucket 0->0  (mf=1000)
[MF-SEL] tPrev=(  d=0.033187  dMin=0.000000  dAvg=0.020911  dMax=1.324692  Dlo=0.010455  Dhi=0.672801  err=0.000000  inc=-0.974022  bucket 0->0  (mf=1000)
[MF-SEL] tPrev=(  d=0.034131  dMin=0.000000  dAvg=0.020926  dMax=1.324692  Dlo=0.010463  Dhi=0.672809  err=0.000000  inc=-0.974022  bucket 0->0  (mf=1000)
[MF-SEL] tPrev=(  d=0.035357  dMin=0.000000  dAvg=0.020943  dMax=1.324692  Dlo=0.010471  Dhi=0.672817  err=0.000000  inc=-0.974022  bucket 0->0  (mf=1000)
Dropping frame 1403636907.851666
[MF-SEL] tPrev=(  d=0.077652  dMin=0.000000  dAvg=0.021009  dMax=1.324692  Dlo=0.010504  Dhi=0.672850  err=0.000000  inc=-0.974022  bucket 0->0  (mf=1000)
Dropping frame 1403636907.951666
[MF-SEL] tPrev=(  d=0.075086  dMin=0.000000  dAvg=0.021071  dMax=1.324692  Dlo=0.010536  Dhi=0.672882  err=0.000000  inc=-0.974022  bucket 0->0  (mf=1000)
[MF-SEL] tPrev=(  d=0.038509  dMin=0.000000  dAvg=0.021092  dMax=1.324692  Dlo=0.010546  Dhi=0.672892  err=0.000000  inc=-0.974022  bucket 0->0  (mf=1000)
[MF-SEL] tPrev=(  d=0.038925  dMin=0.000000  dAvg=0.021112  dMax=1.324692  Dlo=0.010556  Dhi=0.672902  err=0.000000  inc=-0.974022  bucket 0->0  (mf=1000)
[MF-SEL] tPrev=(  d=0.038800  dMin=0.000000  dAvg=0.021133  dMax=1.324692  Dlo=0.010566  Dhi=0.672912  err=0.000000  inc=-0.974022  bucket 0->0  (mf=1000)
[MF-SEL] tPrev=(  d=0.043292  dMin=0.000000  dAvg=0.021158  dMax=1.324692  Dlo=0.010579  Dhi=0.672925  err=0.000000  inc=-0.974022  bucket 0->0  (mf=1000)
[MF-SEL] tPrev=(  d=0.036989  dMin=0.000000  dAvg=0.021177  dMax=1.324692  Dlo=0.010588  Dhi=0.672934  err=0.000000  inc=-0.974022  bucket 0->0  (mf=1000)
[MF-SEL] tPrev=(  d=0.036648  dMin=0.000000  dAvg=0.021194  dMax=1.324692  Dlo=0.010597  Dhi=0.672943  err=0.000000  inc=-0.974022  bucket 0->0  (mf=1000)
[MF-SEL] tPrev=(  d=0.036159  dMin=0.000000  dAvg=0.021212  dMax=1.324692  Dlo=0.010606  Dhi=0.672952  err=0.000000  inc=-0.974022  bucket 0->0  (mf=1000)
[MF-SEL] tPrev=(  d=0.035835  dMin=0.000000  dAvg=0.021228  dMax=1.324692  Dlo=0.010614  Dhi=0.672960  err=0.000000  inc=-0.974022  bucket 0->0  (mf=1000)
[MF-SEL] tPrev=(  d=0.035774  dMin=0.000000  dAvg=0.021245  dMax=1.324692  Dlo=0.010623  Dhi=0.672969  err=0.000000  inc=-0.974022  bucket 0->0  (mf=1000)
[MF-SEL] tPrev=(  d=0.036227  dMin=0.000000  dAvg=0.021262  dMax=1.324692  Dlo=0.010631  Dhi=0.672977  err=0.000000  inc=-0.974022  bucket 0->0  (mf=1000)
[MF-SEL] tPrev=(  d=0.036165  dMin=0.000000  dAvg=0.021279  dMax=1.324692  Dlo=0.010640  Dhi=0.672986  err=0.000000  inc=-0.974022  bucket 0->0  (mf=1000)
[MF-SEL] tPrev=(  d=0.036061  dMin=0.000000  dAvg=0.021296  dMax=1.324692  Dlo=0.010648  Dhi=0.672994  err=0.000000  inc=-0.974022  bucket 0->0  (mf=1000)
[MF-SEL] tPrev=(  d=0.035421  dMin=0.000000  dAvg=0.021312  dMax=1.324692  Dlo=0.010656  Dhi=0.673002  err=0.000000  inc=-0.974022  bucket 0->0  (mf=1000)
Dropping frame 1403636908.701667
[MF-SEL] tPrev=(  d=0.068766  dMin=0.000000  dAvg=0.021367  dMax=1.324692  Dlo=0.010683  Dhi=0.673029  err=0.000000  inc=-0.974022  bucket 0->0  (mf=1000)
[MF-SEL] tPrev=(  d=0.035314  dMin=0.000000  dAvg=0.021382  dMax=1.324692  Dlo=0.010691  Dhi=0.673037  err=0.000000  inc=-0.974022  bucket 0->0  (mf=1000)
[MF-SEL] tPrev=(  d=0.036216  dMin=0.000000  dAvg=0.021399  dMax=1.324692  Dlo=0.010700  Dhi=0.673046  err=0.000000  inc=-0.974022  bucket 0->0  (mf=1000)
[MF-SEL] tPrev=(  d=0.037270  dMin=0.000000  dAvg=0.021417  dMax=1.324692  Dlo=0.010709  Dhi=0.673055  err=0.000000  inc=-0.974022  bucket 0->0  (mf=1000)
[MF-SEL] tPrev=(  d=0.056137  dMin=0.000000  dAvg=0.021457  dMax=1.324692  Dlo=0.010728  Dhi=0.673075  err=0.000000  inc=-0.974022  bucket 0->0  (mf=1000)
[MF-SEL] tPrev=(  d=0.040339  dMin=0.000000  dAvg=0.021478  dMax=1.324692  Dlo=0.010739  Dhi=0.673085  err=0.000000  inc=-0.974022  bucket 0->0  (mf=1000)
[MF-SEL] tPrev=(  d=0.040926  dMin=0.000000  dAvg=0.021500  dMax=1.324692  Dlo=0.010750  Dhi=0.673096  err=0.000000  inc=-0.974022  bucket 0->0  (mf=1000)
[MF-SEL] tPrev=(  d=0.040996  dMin=0.000000  dAvg=0.021522  dMax=1.324692  Dlo=0.010761  Dhi=0.673107  err=0.000000  inc=-0.974022  bucket 0->0  (mf=1000)
[MF-SEL] tPrev=(  d=0.046950  dMin=0.000000  dAvg=0.021551  dMax=1.324692  Dlo=0.010776  Dhi=0.673122  err=0.000000  inc=-0.974022  bucket 0->0  (mf=1000)
[MF-SEL] tPrev=(  d=0.042575  dMin=0.000000  dAvg=0.021575  dMax=1.324692  Dlo=0.010787  Dhi=0.673134  err=0.000000  inc=-0.974022  bucket 0->0  (mf=1000)
[MF-SEL] tPrev=(  d=0.042948  dMin=0.000000  dAvg=0.021599  dMax=1.324692  Dlo=0.010800  Dhi=0.673146  err=0.000000  inc=-0.974022  bucket 0->0  (mf=1000)
[MF-SEL] tPrev=(  d=0.034881  dMin=0.000000  dAvg=0.021614  dMax=1.324692  Dlo=0.010807  Dhi=0.673153  err=0.000000  inc=-0.974022  bucket 0->0  (mf=1000)
[MF-SEL] tPrev=(  d=0.044348  dMin=0.000000  dAvg=0.021640  dMax=1.324692  Dlo=0.010820  Dhi=0.673166  err=0.000000  inc=-0.974022  bucket 0->0  (mf=1000)
[MF-SEL] tPrev=(  d=0.045127  dMin=0.000000  dAvg=0.021666  dMax=1.324692  Dlo=0.010833  Dhi=0.673179  err=0.000000  inc=-0.974022  bucket 0->0  (mf=1000)
[MF-SEL] tPrev=(  d=0.046205  dMin=0.000000  dAvg=0.021694  dMax=1.324692  Dlo=0.010847  Dhi=0.673193  err=0.000000  inc=-0.974022  bucket 0->0  (mf=1000)
[MF-SEL] tPrev=(  d=0.046561  dMin=0.000000  dAvg=0.021722  dMax=1.324692  Dlo=0.010861  Dhi=0.673207  err=0.000000  inc=-0.974022  bucket 0->0  (mf=1000)
[MF-SEL] tPrev=(  d=0.046262  dMin=0.000000  dAvg=0.021749  dMax=1.324692  Dlo=0.010875  Dhi=0.673221  err=0.000000  inc=-0.974022  bucket 0->0  (mf=1000)
[MF-SEL] tPrev=(  d=0.046282  dMin=0.000000  dAvg=0.021777  dMax=1.324692  Dlo=0.010888  Dhi=0.673234  err=0.000000  inc=-0.974022  bucket 0->0  (mf=1000)
[MF-SEL] tPrev=(  d=0.047539  dMin=0.000000  dAvg=0.021805  dMax=1.324692  Dlo=0.010903  Dhi=0.673249  err=0.000000  inc=-0.974022  bucket 0->0  (mf=1000)
Dropping frame 1403636909.701667
[MF-SEL] tPrev=(  d=0.094466  dMin=0.000000  dAvg=0.021887  dMax=1.324692  Dlo=0.010943  Dhi=0.673289  err=0.000000  inc=-0.974022  bucket 0->0  (mf=1000)
[MF-SEL] tPrev=(  d=0.047764  dMin=0.000000  dAvg=0.021915  dMax=1.324692  Dlo=0.010958  Dhi=0.673304  err=0.000000  inc=-0.974022  bucket 0->0  (mf=1000)
[MF-SEL] tPrev=(  d=0.047182  dMin=0.000000  dAvg=0.021944  dMax=1.324692  Dlo=0.010972  Dhi=0.673318  err=0.000000  inc=-0.974022  bucket 0->0  (mf=1000)
Dropping frame 1403636909.901667
[MF-SEL] tPrev=(  d=0.078189  dMin=0.000000  dAvg=0.022006  dMax=1.324692  Dlo=0.011003  Dhi=0.673349  err=0.000000  inc=-0.974022  bucket 0->0  (mf=1000)
[MF-SEL] tPrev=(  d=0.042787  dMin=0.000000  dAvg=0.022029  dMax=1.324692  Dlo=0.011015  Dhi=0.673361  err=0.000000  inc=-0.974022  bucket 0->0  (mf=1000)
[MF-SEL] tPrev=(  d=0.040942  dMin=0.000000  dAvg=0.022050  dMax=1.324692  Dlo=0.011025  Dhi=0.673371  err=0.000000  inc=-0.974022  bucket 0->0  (mf=1000)
[MF-SEL] tPrev=(  d=0.038836  dMin=0.000000  dAvg=0.022069  dMax=1.324692  Dlo=0.011035  Dhi=0.673381  err=0.000000  inc=-0.974022  bucket 0->0  (mf=1000)
[MF-SEL] tPrev=(  d=0.037257  dMin=0.000000  dAvg=0.022086  dMax=1.324692  Dlo=0.011043  Dhi=0.673389  err=0.000000  inc=-0.974022  bucket 0->0  (mf=1000)
[MF-SEL] tPrev=(  d=0.039931  dMin=0.000000  dAvg=0.022106  dMax=1.324692  Dlo=0.011053  Dhi=0.673399  err=0.000000  inc=-0.974022  bucket 0->0  (mf=1000)
[MF-SEL] tPrev=(  d=0.034732  dMin=0.000000  dAvg=0.022120  dMax=1.324692  Dlo=0.011060  Dhi=0.673406  err=0.000000  inc=-0.974022  bucket 0->0  (mf=1000)
[MF-SEL] tPrev=(  d=0.033519  dMin=0.000000  dAvg=0.022132  dMax=1.324692  Dlo=0.011066  Dhi=0.673412  err=0.000000  inc=-0.974022  bucket 0->0  (mf=1000)
Dropping frame 1403636910.351666
[MF-SEL] tPrev=(  d=0.063904  dMin=0.000000  dAvg=0.022178  dMax=1.324692  Dlo=0.011089  Dhi=0.673435  err=0.000000  inc=-0.974022  bucket 0->0  (mf=1000)
[MF-SEL] tPrev=(  d=0.032094  dMin=0.000000  dAvg=0.022189  dMax=1.324692  Dlo=0.011095  Dhi=0.673441  err=0.000000  inc=-0.974022  bucket 0->0  (mf=1000)
[MF-SEL] tPrev=(  d=0.055731  dMin=0.000000  dAvg=0.022226  dMax=1.324692  Dlo=0.011113  Dhi=0.673459  err=0.000000  inc=-0.974022  bucket 0->0  (mf=1000)
[MF-SEL] tPrev=(  d=0.033456  dMin=0.000000  dAvg=0.022238  dMax=1.324692  Dlo=0.011119  Dhi=0.673465  err=0.000000  inc=-0.974022  bucket 0->0  (mf=1000)
[MF-SEL] tPrev=(  d=0.033640  dMin=0.000000  dAvg=0.022251  dMax=1.324692  Dlo=0.011126  Dhi=0.673472  err=0.000000  inc=-0.974022  bucket 0->0  (mf=1000)
[MF-SEL] tPrev=(  d=0.033748  dMin=0.000000  dAvg=0.022264  dMax=1.324692  Dlo=0.011132  Dhi=0.673478  err=0.000000  inc=-0.974022  bucket 0->0  (mf=1000)
Dropping frame 1403636910.701667
[MF-SEL] tPrev=(  d=0.068999  dMin=0.000000  dAvg=0.022315  dMax=1.324692  Dlo=0.011157  Dhi=0.673504  err=0.000000  inc=-0.974022  bucket 0->0  (mf=1000)
[MF-SEL] tPrev=(  d=0.035433  dMin=0.000000  dAvg=0.022329  dMax=1.324692  Dlo=0.011165  Dhi=0.673511  err=0.000000  inc=-0.974022  bucket 0->0  (mf=1000)
Dropping frame 1403636910.851666
[MF-SEL] tPrev=(  d=0.071834  dMin=0.000000  dAvg=0.022383  dMax=1.324692  Dlo=0.011192  Dhi=0.673538  err=0.000000  inc=-0.974022  bucket 0->0  (mf=1000)
[MF-SEL] tPrev=(  d=0.034250  dMin=0.000000  dAvg=0.022396  dMax=1.324692  Dlo=0.011198  Dhi=0.673544  err=0.000000  inc=-0.974022  bucket 0->0  (mf=1000)
[MF-SEL] tPrev=(  d=0.033446  dMin=0.000000  dAvg=0.022408  dMax=1.324692  Dlo=0.011204  Dhi=0.673550  err=0.000000  inc=-0.974022  bucket 0->0  (mf=1000)
[MF-SEL] tPrev=(  d=0.033738  dMin=0.000000  dAvg=0.022421  dMax=1.324692  Dlo=0.011210  Dhi=0.673556  err=0.000000  inc=-0.974022  bucket 0->0  (mf=1000)
[MF-SEL] tPrev=(  d=0.030721  dMin=0.000000  dAvg=0.022430  dMax=1.324692  Dlo=0.011215  Dhi=0.673561  err=0.000000  inc=-0.974022  bucket 0->0  (mf=1000)
[MF-SEL] tPrev=(  d=0.032186  dMin=0.000000  dAvg=0.022440  dMax=1.324692  Dlo=0.011220  Dhi=0.673566  err=0.000000  inc=-0.974022  bucket 0->0  (mf=1000)
[MF-SEL] tPrev=(  d=0.030895  dMin=0.000000  dAvg=0.022450  dMax=1.324692  Dlo=0.011225  Dhi=0.673571  err=0.000000  inc=-0.974022  bucket 0->0  (mf=1000)
[MF-SEL] tPrev=(  d=0.029521  dMin=0.000000  dAvg=0.022457  dMax=1.324692  Dlo=0.011229  Dhi=0.673575  err=0.000000  inc=-0.974022  bucket 0->0  (mf=1000)
[MF-SEL] tPrev=(  d=0.028817  dMin=0.000000  dAvg=0.022464  dMax=1.324692  Dlo=0.011232  Dhi=0.673578  err=0.000000  inc=-0.974022  bucket 0->0  (mf=1000)
[MF-SEL] tPrev=(  d=0.031533  dMin=0.000000  dAvg=0.022474  dMax=1.324692  Dlo=0.011237  Dhi=0.673583  err=0.000000  inc=-0.974022  bucket 0->0  (mf=1000)
Dropping frame 1403636911.401667
[MF-SEL] tPrev=(  d=0.056702  dMin=0.000000  dAvg=0.022511  dMax=1.324692  Dlo=0.011256  Dhi=0.673602  err=0.000000  inc=-0.974022  bucket 0->0  (mf=1000)
Dropping frame 1403636911.501667
[MF-SEL] tPrev=(  d=0.058445  dMin=0.000000  dAvg=0.022550  dMax=1.324692  Dlo=0.011275  Dhi=0.673621  err=0.000000  inc=-0.974022  bucket 0->0  (mf=1000)
[MF-SEL] tPrev=(  d=0.029075  dMin=0.000000  dAvg=0.022557  dMax=1.324692  Dlo=0.011278  Dhi=0.673625  err=0.000000  inc=-0.974022  bucket 0->0  (mf=1000)
[MF-SEL] tPrev=(  d=0.040754  dMin=0.000000  dAvg=0.022577  dMax=1.324692  Dlo=0.011288  Dhi=0.673634  err=0.000000  inc=-0.974022  bucket 0->0  (mf=1000)
[MF-SEL] tPrev=(  d=0.027771  dMin=0.000000  dAvg=0.022582  dMax=1.324692  Dlo=0.011291  Dhi=0.673637  err=0.000000  inc=-0.974022  bucket 0->0  (mf=1000)
[MF-SEL] tPrev=(  d=0.028003  dMin=0.000000  dAvg=0.022588  dMax=1.324692  Dlo=0.011294  Dhi=0.673640  err=0.000000  inc=-0.974022  bucket 0->0  (mf=1000)
[MF-SEL] tPrev=(  d=0.027441  dMin=0.000000  dAvg=0.022593  dMax=1.324692  Dlo=0.011297  Dhi=0.673643  err=0.000000  inc=-0.974022  bucket 0->0  (mf=1000)
Dropping frame 1403636911.851666
[MF-SEL] tPrev=(  d=0.056152  dMin=0.000000  dAvg=0.022629  dMax=1.324692  Dlo=0.011315  Dhi=0.673661  err=0.000000  inc=-0.974022  bucket 0->0  (mf=1000)
Dropping frame 1403636911.951666
[MF-SEL] tPrev=(  d=0.058946  dMin=0.000000  dAvg=0.022668  dMax=1.324692  Dlo=0.011334  Dhi=0.673680  err=0.000000  inc=-0.974022  bucket 0->0  (mf=1000)
[MF-SEL] tPrev=(  d=0.030470  dMin=0.000000  dAvg=0.022677  dMax=1.324692  Dlo=0.011338  Dhi=0.673684  err=0.000000  inc=-0.974022  bucket 0->0  (mf=1000)
[MF-SEL] tPrev=(  d=0.028862  dMin=0.000000  dAvg=0.022683  dMax=1.324692  Dlo=0.011342  Dhi=0.673688  err=0.000000  inc=-0.974022  bucket 0->0  (mf=1000)
[MF-SEL] tPrev=(  d=0.030672  dMin=0.000000  dAvg=0.022692  dMax=1.324692  Dlo=0.011346  Dhi=0.673692  err=0.000000  inc=-0.974022  bucket 0->0  (mf=1000)
[MF-SEL] tPrev=(  d=0.024144  dMin=0.000000  dAvg=0.022693  dMax=1.324692  Dlo=0.011347  Dhi=0.673693  err=0.000000  inc=-0.974022  bucket 0->0  (mf=1000)
Dropping frame 1403636912.251667
[MF-SEL] tPrev=(  d=0.063719  dMin=0.000000  dAvg=0.022737  dMax=1.324692  Dlo=0.011369  Dhi=0.673715  err=0.000000  inc=-0.974022  bucket 0->0  (mf=1000)
[MF-SEL] tPrev=(  d=0.031545  dMin=0.000000  dAvg=0.022747  dMax=1.324692  Dlo=0.011373  Dhi=0.673719  err=0.000000  inc=-0.974022  bucket 0->0  (mf=1000)
[MF-SEL] tPrev=(  d=0.031498  dMin=0.000000  dAvg=0.022756  dMax=1.324692  Dlo=0.011378  Dhi=0.673724  err=0.000000  inc=-0.974022  bucket 0->0  (mf=1000)
Dropping frame 1403636912.451666
[MF-SEL] tPrev=(  d=0.061931  dMin=0.000000  dAvg=0.022798  dMax=1.324692  Dlo=0.011399  Dhi=0.673745  err=0.000000  inc=-0.974022  bucket 0->0  (mf=1000)
Dropping frame 1403636912.551666
[MF-SEL] tPrev=(  d=0.060609  dMin=0.000000  dAvg=0.022838  dMax=1.324692  Dlo=0.011419  Dhi=0.673765  err=0.000000  inc=-0.974022  bucket 0->0  (mf=1000)
Dropping frame 1403636912.651666
[MF-SEL] tPrev=(  d=0.060964  dMin=0.000000  dAvg=0.022878  dMax=1.324692  Dlo=0.011439  Dhi=0.673785  err=0.000000  inc=-0.974022  bucket 0->0  (mf=1000)
[MF-SEL] tPrev=(  d=0.031160  dMin=0.000000  dAvg=0.022887  dMax=1.324692  Dlo=0.011443  Dhi=0.673790  err=0.000000  inc=-0.974022  bucket 0->0  (mf=1000)
[MF-SEL] tPrev=(  d=0.031961  dMin=0.000000  dAvg=0.022897  dMax=1.324692  Dlo=0.011448  Dhi=0.673794  err=0.000000  inc=-0.974022  bucket 0->0  (mf=1000)
Dropping frame 1403636912.851666
[MF-SEL] tPrev=(  d=0.067812  dMin=0.000000  dAvg=0.022944  dMax=1.324692  Dlo=0.011472  Dhi=0.673818  err=0.000000  inc=-0.974022  bucket 0->0  (mf=1000)
Dropping frame 1403636912.951666
[MF-SEL] tPrev=(  d=0.074576  dMin=0.000000  dAvg=0.022999  dMax=1.324692  Dlo=0.011499  Dhi=0.673845  err=0.000000  inc=-0.974022  bucket 0->0  (mf=1000)
[MF-SEL] tPrev=(  d=0.035252  dMin=0.000000  dAvg=0.023012  dMax=1.324692  Dlo=0.011506  Dhi=0.673852  err=0.000000  inc=-0.974022  bucket 0->0  (mf=1000)
[MF-SEL] tPrev=(  d=0.035142  dMin=0.000000  dAvg=0.023024  dMax=1.324692  Dlo=0.011512  Dhi=0.673858  err=0.000000  inc=-0.974022  bucket 0->0  (mf=1000)
[MF-SEL] tPrev=(  d=0.034325  dMin=0.000000  dAvg=0.023036  dMax=1.324692  Dlo=0.011518  Dhi=0.673864  err=0.000000  inc=-0.974022  bucket 0->0  (mf=1000)
Dropping frame 1403636913.201667
[MF-SEL] tPrev=(  d=0.074350  dMin=0.000000  dAvg=0.023090  dMax=1.324692  Dlo=0.011545  Dhi=0.673891  err=0.000000  inc=-0.974022  bucket 0->0  (mf=1000)
[MF-SEL] tPrev=(  d=0.032597  dMin=0.000000  dAvg=0.023100  dMax=1.324692  Dlo=0.011550  Dhi=0.673896  err=0.000000  inc=-0.974022  bucket 0->0  (mf=1000)
[MF-SEL] tPrev=(  d=0.032635  dMin=0.000000  dAvg=0.023110  dMax=1.324692  Dlo=0.011555  Dhi=0.673901  err=0.000000  inc=-0.974022  bucket 0->0  (mf=1000)
Dropping frame 1403636913.401667
[MF-SEL] tPrev=(  d=0.065235  dMin=0.000000  dAvg=0.023155  dMax=1.324692  Dlo=0.011577  Dhi=0.673923  err=0.000000  inc=-0.974022  bucket 0->0  (mf=1000)
[MF-SEL] tPrev=(  d=0.033848  dMin=0.000000  dAvg=0.023166  dMax=1.324692  Dlo=0.011583  Dhi=0.673929  err=0.000000  inc=-0.974022  bucket 0->0  (mf=1000)
Dropping frame 1403636913.551666
[MF-SEL] tPrev=(  d=0.067980  dMin=0.000000  dAvg=0.023213  dMax=1.324692  Dlo=0.011606  Dhi=0.673952  err=0.000000  inc=-0.974022  bucket 0->0  (mf=1000)
Dropping frame 1403636913.651666
[MF-SEL] tPrev=(  d=0.068882  dMin=0.000000  dAvg=0.023260  dMax=1.324692  Dlo=0.011630  Dhi=0.673976  err=0.000000  inc=-0.974022  bucket 0->0  (mf=1000)
[MF-SEL] tPrev=(  d=0.032764  dMin=0.000000  dAvg=0.023270  dMax=1.324692  Dlo=0.011635  Dhi=0.673981  err=0.000000  inc=-0.974022  bucket 0->0  (mf=1000)
[MF-SEL] tPrev=(  d=0.036520  dMin=0.000000  dAvg=0.023284  dMax=1.324692  Dlo=0.011642  Dhi=0.673988  err=0.000000  inc=-0.974022  bucket 0->0  (mf=1000)
[MF-SEL] tPrev=(  d=0.034602  dMin=0.000000  dAvg=0.023296  dMax=1.324692  Dlo=0.011648  Dhi=0.673994  err=0.000000  inc=-0.974022  bucket 0->0  (mf=1000)
Dropping frame 1403636913.901667
[MF-SEL] tPrev=(  d=0.067356  dMin=0.000000  dAvg=0.023342  dMax=1.324692  Dlo=0.011671  Dhi=0.674017  err=0.000000  inc=-0.974022  bucket 0->0  (mf=1000)
[MF-SEL] tPrev=(  d=0.034594  dMin=0.000000  dAvg=0.023354  dMax=1.324692  Dlo=0.011677  Dhi=0.674023  err=0.000000  inc=-0.974022  bucket 0->0  (mf=1000)
Dropping frame 1403636914.051666
[MF-SEL] tPrev=(  d=0.066675  dMin=0.000000  dAvg=0.023399  dMax=1.324692  Dlo=0.011699  Dhi=0.674045  err=0.000000  inc=-0.974022  bucket 0->0  (mf=1000)
Dropping frame 1403636914.151666
[MF-SEL] tPrev=(  d=0.057869  dMin=0.000000  dAvg=0.023434  dMax=1.324692  Dlo=0.011717  Dhi=0.674063  err=0.000000  inc=-0.974022  bucket 0->0  (mf=1000)
[MF-SEL] tPrev=(  d=0.029170  dMin=0.000000  dAvg=0.023440  dMax=1.324692  Dlo=0.011720  Dhi=0.674066  err=0.000000  inc=-0.974022  bucket 0->0  (mf=1000)
Dropping frame 1403636914.301666
[MF-SEL] tPrev=(  d=0.075991  dMin=0.000000  dAvg=0.023495  dMax=1.324692  Dlo=0.011747  Dhi=0.674094  err=0.000000  inc=-0.974022  bucket 0->0  (mf=1000)
[MF-SEL] tPrev=(  d=0.032864  dMin=0.000000  dAvg=0.023505  dMax=1.324692  Dlo=0.011752  Dhi=0.674098  err=0.000000  inc=-0.974022  bucket 0->0  (mf=1000)
[MF-SEL] tPrev=(  d=0.031250  dMin=0.000000  dAvg=0.023513  dMax=1.324692  Dlo=0.011756  Dhi=0.674102  err=0.000000  inc=-0.974022  bucket 0->0  (mf=1000)
Dropping frame 1403636914.501667
[MF-SEL] tPrev=(  d=0.066706  dMin=0.000000  dAvg=0.023557  dMax=1.324692  Dlo=0.011779  Dhi=0.674125  err=0.000000  inc=-0.974022  bucket 0->0  (mf=1000)
Dropping frame 1403636914.601666
[MF-SEL] tPrev=(  d=0.053515  dMin=0.000000  dAvg=0.023588  dMax=1.324692  Dlo=0.011794  Dhi=0.674140  err=0.000000  inc=-0.974022  bucket 0->0  (mf=1000)
[MF-SEL] tPrev=(  d=0.025843  dMin=0.000000  dAvg=0.023590  dMax=1.324692  Dlo=0.011795  Dhi=0.674141  err=0.000000  inc=-0.974022  bucket 0->0  (mf=1000)
[MF-SEL] tPrev=(  d=0.027558  dMin=0.000000  dAvg=0.023595  dMax=1.324692  Dlo=0.011797  Dhi=0.674143  err=0.000000  inc=-0.974022  bucket 0->0  (mf=1000)
Dropping frame 1403636914.801666
[MF-SEL] tPrev=(  d=0.049066  dMin=0.000000  dAvg=0.023621  dMax=1.324692  Dlo=0.011810  Dhi=0.674156  err=0.000000  inc=-0.974022  bucket 0->0  (mf=1000)
Dropping frame 1403636914.901667
[MF-SEL] tPrev=(  d=0.049277  dMin=0.000000  dAvg=0.023647  dMax=1.324692  Dlo=0.011824  Dhi=0.674170  err=0.000000  inc=-0.974022  bucket 0->0  (mf=1000)
Dropping frame 1403636915.001667
[MF-SEL] tPrev=(  d=0.056037  dMin=0.000000  dAvg=0.023680  dMax=1.324692  Dlo=0.011840  Dhi=0.674186  err=0.000000  inc=-0.974022  bucket 0->0  (mf=1000)
Dropping frame 1403636915.101666
[MF-SEL] tPrev=(  d=0.043412  dMin=0.000000  dAvg=0.023701  dMax=1.324692  Dlo=0.011850  Dhi=0.674196  err=0.000000  inc=-0.974022  bucket 0->0  (mf=1000)
Dropping frame 1403636915.201667
[MF-SEL] tPrev=(  d=0.046968  dMin=0.000000  dAvg=0.023724  dMax=1.324692  Dlo=0.011862  Dhi=0.674208  err=0.000000  inc=-0.974022  bucket 0->0  (mf=1000)
[MF-SEL] tPrev=(  d=0.023708  dMin=0.000000  dAvg=0.023724  dMax=1.324692  Dlo=0.011862  Dhi=0.674208  err=0.000000  inc=-0.974022  bucket 0->0  (mf=1000)
[MF-SEL] tPrev=(  d=0.023987  dMin=0.000000  dAvg=0.023725  dMax=1.324692  Dlo=0.011862  Dhi=0.674208  err=0.000000  inc=-0.974022  bucket 0->0  (mf=1000)
Dropping frame 1403636915.401667
[MF-SEL] tPrev=(  d=0.048338  dMin=0.000000  dAvg=0.023750  dMax=1.324692  Dlo=0.011875  Dhi=0.674221  err=0.000000  inc=-0.974022  bucket 0->0  (mf=1000)
Dropping frame 1403636915.501667
[MF-SEL] tPrev=(  d=0.057558  dMin=0.000000  dAvg=0.023784  dMax=1.324692  Dlo=0.011892  Dhi=0.674238  err=0.000000  inc=-0.974022  bucket 0->0  (mf=1000)
Dropping frame 1403636915.601666
[MF-SEL] tPrev=(  d=0.048364  dMin=0.000000  dAvg=0.023809  dMax=1.324692  Dlo=0.011905  Dhi=0.674251  err=0.000000  inc=-0.974022  bucket 0->0  (mf=1000)
Dropping frame 1403636915.701667
[MF-SEL] tPrev=(  d=0.049813  dMin=0.000000  dAvg=0.023836  dMax=1.324692  Dlo=0.011918  Dhi=0.674264  err=0.000000  inc=-0.974022  bucket 0->0  (mf=1000)
Dropping frame 1403636915.801666
[MF-SEL] tPrev=(  d=0.052061  dMin=0.000000  dAvg=0.023865  dMax=1.324692  Dlo=0.011932  Dhi=0.674278  err=0.000000  inc=-0.974022  bucket 0->0  (mf=1000)
[MF-SEL] tPrev=(  d=0.027429  dMin=0.000000  dAvg=0.023868  dMax=1.324692  Dlo=0.011934  Dhi=0.674280  err=0.000000  inc=-0.974022  bucket 0->0  (mf=1000)
Dropping frame 1403636915.951666
[MF-SEL] tPrev=(  d=0.049528  dMin=0.000000  dAvg=0.023894  dMax=1.324692  Dlo=0.011947  Dhi=0.674293  err=0.000000  inc=-0.974022  bucket 0->0  (mf=1000)
Dropping frame 1403636916.051666
[MF-SEL] tPrev=(  d=0.056553  dMin=0.000000  dAvg=0.023927  dMax=1.324692  Dlo=0.011964  Dhi=0.674310  err=0.000000  inc=-0.974022  bucket 0->0  (mf=1000)
Dropping frame 1403636916.151666
[MF-SEL] tPrev=(  d=0.050813  dMin=0.000000  dAvg=0.023955  dMax=1.324692  Dlo=0.011977  Dhi=0.674323  err=0.000000  inc=-0.974022  bucket 0->0  (mf=1000)
Dropping frame 1403636916.251667
[MF-SEL] tPrev=(  d=0.048902  dMin=0.000000  dAvg=0.023980  dMax=1.324692  Dlo=0.011990  Dhi=0.674336  err=0.000000  inc=-0.974022  bucket 0->0  (mf=1000)
[MF-SEL] tPrev=(  d=0.035920  dMin=0.000000  dAvg=0.023992  dMax=1.324692  Dlo=0.011996  Dhi=0.674342  err=0.000000  inc=-0.974022  bucket 0->0  (mf=1000)
Dropping frame 1403636916.401667
[MF-SEL] tPrev=(  d=0.049319  dMin=0.000000  dAvg=0.024018  dMax=1.324692  Dlo=0.012009  Dhi=0.674355  err=0.000000  inc=-0.974022  bucket 0->0  (mf=1000)
Dropping frame 1403636916.501667
[MF-SEL] tPrev=(  d=0.044259  dMin=0.000000  dAvg=0.024038  dMax=1.324692  Dlo=0.012019  Dhi=0.674365  err=0.000000  inc=-0.974022  bucket 0->0  (mf=1000)
[MF-SEL] tPrev=(  d=0.023189  dMin=0.000000  dAvg=0.024037  dMax=1.324692  Dlo=0.012019  Dhi=0.674365  err=0.000000  inc=-0.974022  bucket 0->0  (mf=1000)
Dropping frame 1403636916.651666
[MF-SEL] tPrev=(  d=0.046443  dMin=0.000000  dAvg=0.024060  dMax=1.324692  Dlo=0.012030  Dhi=0.674376  err=0.000000  inc=-0.974022  bucket 0->0  (mf=1000)
[MF-SEL] tPrev=(  d=0.025252  dMin=0.000000  dAvg=0.024061  dMax=1.324692  Dlo=0.012030  Dhi=0.674376  err=0.000000  inc=-0.974022  bucket 0->0  (mf=1000)
[MF-SEL] tPrev=(  d=0.019579  dMin=0.000000  dAvg=0.024056  dMax=1.324692  Dlo=0.012028  Dhi=0.674374  err=0.000000  inc=-0.974022  bucket 0->0  (mf=1000)
[MF-SEL] tPrev=(  d=0.018994  dMin=0.000000  dAvg=0.024051  dMax=1.324692  Dlo=0.012026  Dhi=0.674372  err=0.000000  inc=-0.974022  bucket 0->0  (mf=1000)
Dropping frame 1403636916.901667
[MF-SEL] tPrev=(  d=0.040606  dMin=0.000000  dAvg=0.024068  dMax=1.324692  Dlo=0.012034  Dhi=0.674380  err=0.000000  inc=-0.974022  bucket 0->0  (mf=1000)
Dropping frame 1403636917.001667
[MF-SEL] tPrev=(  d=0.057532  dMin=0.000000  dAvg=0.024101  dMax=1.324692  Dlo=0.012051  Dhi=0.674397  err=0.000000  inc=-0.974022  bucket 0->0  (mf=1000)
Dropping frame 1403636917.101666
[MF-SEL] tPrev=(  d=0.040906  dMin=0.000000  dAvg=0.024118  dMax=1.324692  Dlo=0.012059  Dhi=0.674405  err=0.000000  inc=-0.974022  bucket 0->0  (mf=1000)
[MF-SEL] tPrev=(  d=0.018849  dMin=0.000000  dAvg=0.024113  dMax=1.324692  Dlo=0.012056  Dhi=0.674403  err=0.000000  inc=-0.974022  bucket 0->0  (mf=1000)
Dropping frame 1403636917.251667
[MF-SEL] tPrev=(  d=0.046737  dMin=0.000000  dAvg=0.024136  dMax=1.324692  Dlo=0.012068  Dhi=0.674414  err=0.000000  inc=-0.974022  bucket 0->0  (mf=1000)
Dropping frame 1403636917.351666
[MF-SEL] tPrev=(  d=0.046079  dMin=0.000000  dAvg=0.024157  dMax=1.324692  Dlo=0.012079  Dhi=0.674425  err=0.000000  inc=-0.974022  bucket 0->0  (mf=1000)
[MF-SEL] tPrev=(  d=0.022691  dMin=0.000000  dAvg=0.024156  dMax=1.324692  Dlo=0.012078  Dhi=0.674424  err=0.000000  inc=-0.974022  bucket 0->0  (mf=1000)
[MF-SEL] tPrev=(  d=0.013754  dMin=0.000000  dAvg=0.024146  dMax=1.324692  Dlo=0.012073  Dhi=0.674419  err=0.000000  inc=-0.974022  bucket 0->0  (mf=1000)
Dropping frame 1403636917.551666
[MF-SEL] tPrev=(  d=0.043076  dMin=0.000000  dAvg=0.024164  dMax=1.324692  Dlo=0.012082  Dhi=0.674428  err=0.000000  inc=-0.974022  bucket 0->0  (mf=1000)
Dropping frame 1403636917.651666
[MF-SEL] tPrev=(  d=0.025127  dMin=0.000000  dAvg=0.024165  dMax=1.324692  Dlo=0.012083  Dhi=0.674429  err=0.000000  inc=-0.974022  bucket 0->0  (mf=1000)
Dropping frame 1403636917.751667
[MF-SEL] tPrev=(  d=0.023515  dMin=0.000000  dAvg=0.024165  dMax=1.324692  Dlo=0.012082  Dhi=0.674428  err=0.000000  inc=-0.974022  bucket 0->0  (mf=1000)
Dropping frame 1403636917.851666
[MF-SEL] tPrev=(  d=0.024969  dMin=0.000000  dAvg=0.024166  dMax=1.324692  Dlo=0.012083  Dhi=0.674429  err=0.000000  inc=-0.974022  bucket 0->0  (mf=1000)
[MF-SEL] tPrev=(  d=0.008001  dMin=0.000000  dAvg=0.024150  dMax=1.324692  Dlo=0.012075  Dhi=0.674421  err=-1.000000  inc=-1.901102  bucket 0->0  (mf=1000)
[MF-SEL] tPrev=(  d=0.016090  dMin=0.000000  dAvg=0.024142  dMax=1.324692  Dlo=0.012071  Dhi=0.674417  err=0.000000  inc=-0.613337  bucket 0->0  (mf=1000)
Dropping frame 1403636918.051666
[MF-SEL] tPrev=(  d=0.014794  dMin=0.000000  dAvg=0.024132  dMax=1.324692  Dlo=0.012066  Dhi=0.674412  err=0.000000  inc=-0.976487  bucket 0->0  (mf=1000)
Dropping frame 1403636918.151666
[MF-SEL] tPrev=(  d=0.018836  dMin=0.000000  dAvg=0.024127  dMax=1.324692  Dlo=0.012064  Dhi=0.674410  err=0.000000  inc=-0.976487  bucket 0->0  (mf=1000)
Dropping frame 1403636918.251667
[MF-SEL] tPrev=(  d=0.020873  dMin=0.000000  dAvg=0.024124  dMax=1.324692  Dlo=0.012062  Dhi=0.674408  err=0.000000  inc=-0.976487  bucket 0->0  (mf=1000)
[MF-SEL] tPrev=(  d=0.006608  dMin=0.000000  dAvg=0.024107  dMax=1.324692  Dlo=0.012053  Dhi=0.674399  err=-1.000000  inc=-1.880829  bucket 0->0  (mf=1000)
Dropping frame 1403636918.401667
[MF-SEL] tPrev=(  d=0.013469  dMin=0.000000  dAvg=0.024096  dMax=1.324692  Dlo=0.012048  Dhi=0.674394  err=0.000000  inc=-0.807617  bucket 0->0  (mf=1000)
[MF-SEL] tPrev=(  d=0.026798  dMin=0.000000  dAvg=0.024099  dMax=1.324692  Dlo=0.012049  Dhi=0.674395  err=0.000000  inc=-0.979139  bucket 0->0  (mf=1000)
Dropping frame 1403636918.551666
[MF-SEL] tPrev=(  d=0.024457  dMin=0.000000  dAvg=0.024099  dMax=1.324692  Dlo=0.012050  Dhi=0.674396  err=0.000000  inc=-0.979139  bucket 0->0  (mf=1000)
[MF-SEL] tPrev=(  d=0.016614  dMin=0.000000  dAvg=0.024092  dMax=1.324692  Dlo=0.012046  Dhi=0.674392  err=0.000000  inc=-0.979139  bucket 0->0  (mf=1000)
Dropping frame 1403636918.701667
[MF-SEL] tPrev=(  d=0.041652  dMin=0.000000  dAvg=0.024109  dMax=1.324692  Dlo=0.012055  Dhi=0.674401  err=0.000000  inc=-0.979139  bucket 0->0  (mf=1000)
[MF-SEL] tPrev=(  d=0.025199  dMin=0.000000  dAvg=0.024110  dMax=1.324692  Dlo=0.012055  Dhi=0.674401  err=0.000000  inc=-0.979139  bucket 0->0  (mf=1000)
[MF-SEL] tPrev=(  d=0.026540  dMin=0.000000  dAvg=0.024112  dMax=1.324692  Dlo=0.012056  Dhi=0.674402  err=0.000000  inc=-0.979139  bucket 0->0  (mf=1000)
[MF-SEL] tPrev=(  d=0.026200  dMin=0.000000  dAvg=0.024115  dMax=1.324692  Dlo=0.012057  Dhi=0.674403  err=0.000000  inc=-0.979139  bucket 0->0  (mf=1000)
[MF-SEL] tPrev=(  d=0.025313  dMin=0.000000  dAvg=0.024116  dMax=1.324692  Dlo=0.012058  Dhi=0.674404  err=0.000000  inc=-0.979139  bucket 0->0  (mf=1000)
Dropping frame 1403636919.001667
[MF-SEL] tPrev=(  d=0.074836  dMin=0.000000  dAvg=0.024165  dMax=1.324692  Dlo=0.012083  Dhi=0.674429  err=0.000000  inc=-0.979139  bucket 0->0  (mf=1000)
[MF-SEL] tPrev=(  d=0.027969  dMin=0.000000  dAvg=0.024169  dMax=1.324692  Dlo=0.012084  Dhi=0.674431  err=0.000000  inc=-0.979139  bucket 0->0  (mf=1000)
[MF-SEL] tPrev=(  d=0.028364  dMin=0.000000  dAvg=0.024173  dMax=1.324692  Dlo=0.012087  Dhi=0.674433  err=0.000000  inc=-0.979139  bucket 0->0  (mf=1000)
Dropping frame 1403636919.201667
[MF-SEL] tPrev=(  d=0.052970  dMin=0.000000  dAvg=0.024201  dMax=1.324692  Dlo=0.012101  Dhi=0.674447  err=0.000000  inc=-0.979139  bucket 0->0  (mf=1000)
Dropping frame 1403636919.301666
[MF-SEL] tPrev=(  d=0.057598  dMin=0.000000  dAvg=0.024234  dMax=1.324692  Dlo=0.012117  Dhi=0.674463  err=0.000000  inc=-0.979139  bucket 0->0  (mf=1000)
[MF-SEL] tPrev=(  d=0.022026  dMin=0.000000  dAvg=0.024231  dMax=1.324692  Dlo=0.012116  Dhi=0.674462  err=0.000000  inc=-0.979139  bucket 0->0  (mf=1000)
[MF-SEL] tPrev=(  d=0.030360  dMin=0.000000  dAvg=0.024237  dMax=1.324692  Dlo=0.012119  Dhi=0.674465  err=0.000000  inc=-0.979139  bucket 0->0  (mf=1000)
[MF-SEL] tPrev=(  d=0.024084  dMin=0.000000  dAvg=0.024237  dMax=1.324692  Dlo=0.012119  Dhi=0.674465  err=0.000000  inc=-0.979139  bucket 0->0  (mf=1000)
Dropping frame 1403636919.551666
[MF-SEL] tPrev=(  d=0.042734  dMin=0.000000  dAvg=0.024255  dMax=1.324692  Dlo=0.012128  Dhi=0.674474  err=0.000000  inc=-0.979139  bucket 0->0  (mf=1000)
Dropping frame 1403636919.651666
[MF-SEL] tPrev=(  d=0.041889  dMin=0.000000  dAvg=0.024272  dMax=1.324692  Dlo=0.012136  Dhi=0.674482  err=0.000000  inc=-0.979139  bucket 0->0  (mf=1000)
[MF-SEL] tPrev=(  d=0.018013  dMin=0.000000  dAvg=0.024266  dMax=1.324692  Dlo=0.012133  Dhi=0.674479  err=0.000000  inc=-0.979139  bucket 0->0  (mf=1000)
[MF-SEL] tPrev=(  d=0.015195  dMin=0.000000  dAvg=0.024257  dMax=1.324692  Dlo=0.012129  Dhi=0.674475  err=0.000000  inc=-0.979139  bucket 0->0  (mf=1000)
Dropping frame 1403636919.851666
[MF-SEL] tPrev=(  d=0.032876  dMin=0.000000  dAvg=0.024266  dMax=1.324692  Dlo=0.012133  Dhi=0.674479  err=0.000000  inc=-0.979139  bucket 0->0  (mf=1000)
Dropping frame 1403636919.951666
[MF-SEL] tPrev=(  d=0.021735  dMin=0.000000  dAvg=0.024263  dMax=1.324692  Dlo=0.012132  Dhi=0.674478  err=0.000000  inc=-0.979139  bucket 0->0  (mf=1000)
[MF-SEL] tPrev=(  d=0.009549  dMin=0.000000  dAvg=0.024249  dMax=1.324692  Dlo=0.012125  Dhi=0.674471  err=-1.000000  inc=-1.890512  bucket 0->0  (mf=1000)
[MF-SEL] tPrev=(  d=0.012606  dMin=0.000000  dAvg=0.024238  dMax=1.324692  Dlo=0.012119  Dhi=0.674465  err=0.000000  inc=-0.666525  bucket 0->0  (mf=1000)
Dropping frame 1403636920.151666
[MF-SEL] tPrev=(  d=0.030271  dMin=0.000000  dAvg=0.024244  dMax=1.324692  Dlo=0.012122  Dhi=0.674468  err=0.000000  inc=-0.981729  bucket 0->0  (mf=1000)
[MF-SEL] tPrev=(  d=0.015177  dMin=0.000000  dAvg=0.024235  dMax=1.324692  Dlo=0.012117  Dhi=0.674464  err=0.000000  inc=-0.981729  bucket 0->0  (mf=1000)
[MF-SEL] tPrev=(  d=0.016705  dMin=0.000000  dAvg=0.024228  dMax=1.324692  Dlo=0.012114  Dhi=0.674460  err=0.000000  inc=-0.981729  bucket 0->0  (mf=1000)
Dropping frame 1403636920.351666
[MF-SEL] tPrev=(  d=0.067301  dMin=0.000000  dAvg=0.024269  dMax=1.324692  Dlo=0.012135  Dhi=0.674481  err=0.000000  inc=-0.981729  bucket 0->0  (mf=1000)
[MF-SEL] tPrev=(  d=0.019546  dMin=0.000000  dAvg=0.024265  dMax=1.324692  Dlo=0.012132  Dhi=0.674478  err=0.000000  inc=-0.981729  bucket 0->0  (mf=1000)
Dropping frame 1403636920.501667
[MF-SEL] tPrev=(  d=0.033255  dMin=0.000000  dAvg=0.024273  dMax=1.324692  Dlo=0.012137  Dhi=0.674483  err=0.000000  inc=-0.981729  bucket 0->0  (mf=1000)
[MF-SEL] tPrev=(  d=0.016701  dMin=0.000000  dAvg=0.024266  dMax=1.324692  Dlo=0.012133  Dhi=0.674479  err=0.000000  inc=-0.981729  bucket 0->0  (mf=1000)
[MF-SEL] tPrev=(  d=0.016015  dMin=0.000000  dAvg=0.024258  dMax=1.324692  Dlo=0.012129  Dhi=0.674475  err=0.000000  inc=-0.981729  bucket 0->0  (mf=1000)
[MF-SEL] tPrev=(  d=0.016101  dMin=0.000000  dAvg=0.024250  dMax=1.324692  Dlo=0.012125  Dhi=0.674471  err=0.000000  inc=-0.981729  bucket 0->0  (mf=1000)
Dropping frame 1403636920.751667
[MF-SEL] tPrev=(  d=0.034556  dMin=0.000000  dAvg=0.024260  dMax=1.324692  Dlo=0.012130  Dhi=0.674476  err=0.000000  inc=-0.981729  bucket 0->0  (mf=1000)
Dropping frame 1403636920.851666
[MF-SEL] tPrev=(  d=0.035698  dMin=0.000000  dAvg=0.024271  dMax=1.324692  Dlo=0.012135  Dhi=0.674482  err=0.000000  inc=-0.981729  bucket 0->0  (mf=1000)
[MF-SEL] tPrev=(  d=0.017133  dMin=0.000000  dAvg=0.024264  dMax=1.324692  Dlo=0.012132  Dhi=0.674478  err=0.000000  inc=-0.981729  bucket 0->0  (mf=1000)
[MF-SEL] tPrev=(  d=0.016001  dMin=0.000000  dAvg=0.024256  dMax=1.324692  Dlo=0.012128  Dhi=0.674474  err=0.000000  inc=-0.981729  bucket 0->0  (mf=1000)
[MF-SEL] tPrev=(  d=0.014659  dMin=0.000000  dAvg=0.024247  dMax=1.324692  Dlo=0.012124  Dhi=0.674470  err=0.000000  inc=-0.981729  bucket 0->0  (mf=1000)
Dropping frame 1403636921.101666
[MF-SEL] tPrev=(  d=0.031694  dMin=0.000000  dAvg=0.024254  dMax=1.324692  Dlo=0.012127  Dhi=0.674473  err=0.000000  inc=-0.981729  bucket 0->0  (mf=1000)
Dropping frame 1403636921.201667
[MF-SEL] tPrev=(  d=0.021819  dMin=0.000000  dAvg=0.024252  dMax=1.324692  Dlo=0.012126  Dhi=0.674472  err=0.000000  inc=-0.981729  bucket 0->0  (mf=1000)
Dropping frame 1403636921.301666
[MF-SEL] tPrev=(  d=0.022612  dMin=0.000000  dAvg=0.024250  dMax=1.324692  Dlo=0.012125  Dhi=0.674471  err=0.000000  inc=-0.981729  bucket 0->0  (mf=1000)
[MF-SEL] tPrev=(  d=0.013089  dMin=0.000000  dAvg=0.024240  dMax=1.324692  Dlo=0.012120  Dhi=0.674466  err=0.000000  inc=-0.981729  bucket 0->0  (mf=1000)
[MF-SEL] tPrev=(  d=0.024022  dMin=0.000000  dAvg=0.024240  dMax=1.324692  Dlo=0.012120  Dhi=0.674466  err=0.000000  inc=-0.981729  bucket 0->0  (mf=1000)
[MF-SEL] tPrev=(  d=0.016940  dMin=0.000000  dAvg=0.024233  dMax=1.324692  Dlo=0.012116  Dhi=0.674462  err=0.000000  inc=-0.981729  bucket 0->0  (mf=1000)
[MF-SEL] tPrev=(  d=0.018521  dMin=0.000000  dAvg=0.024227  dMax=1.324692  Dlo=0.012114  Dhi=0.674460  err=0.000000  inc=-0.981729  bucket 0->0  (mf=1000)
[MF-SEL] tPrev=(  d=0.017255  dMin=0.000000  dAvg=0.024221  dMax=1.324692  Dlo=0.012110  Dhi=0.674456  err=0.000000  inc=-0.981729  bucket 0->0  (mf=1000)
Dropping frame 1403636921.651666
[MF-SEL] tPrev=(  d=0.038429  dMin=0.000000  dAvg=0.024234  dMax=1.324692  Dlo=0.012117  Dhi=0.674463  err=0.000000  inc=-0.981729  bucket 0->0  (mf=1000)
Dropping frame 1403636921.751667
[MF-SEL] tPrev=(  d=0.038363  dMin=0.000000  dAvg=0.024247  dMax=1.324692  Dlo=0.012124  Dhi=0.674470  err=0.000000  inc=-0.981729  bucket 0->0  (mf=1000)
Dropping frame 1403636921.851666
[MF-SEL] tPrev=(  d=0.031806  dMin=0.000000  dAvg=0.024255  dMax=1.324692  Dlo=0.012127  Dhi=0.674473  err=0.000000  inc=-0.981729  bucket 0->0  (mf=1000)
Dropping frame 1403636921.951666
[MF-SEL] tPrev=(  d=0.048613  dMin=0.000000  dAvg=0.024277  dMax=1.324692  Dlo=0.012139  Dhi=0.674485  err=0.000000  inc=-0.981729  bucket 0->0  (mf=1000)
[MF-SEL] tPrev=(  d=0.016478  dMin=0.000000  dAvg=0.024270  dMax=1.324692  Dlo=0.012135  Dhi=0.674481  err=0.000000  inc=-0.981729  bucket 0->0  (mf=1000)
[MF-SEL] tPrev=(  d=0.015436  dMin=0.000000  dAvg=0.024262  dMax=1.324692  Dlo=0.012131  Dhi=0.674477  err=0.000000  inc=-0.981729  bucket 0->0  (mf=1000)
[MF-SEL] tPrev=(  d=0.015622  dMin=0.000000  dAvg=0.024254  dMax=1.324692  Dlo=0.012127  Dhi=0.674473  err=0.000000  inc=-0.981729  bucket 0->0  (mf=1000)
Dropping frame 1403636922.201667
[MF-SEL] tPrev=(  d=0.020678  dMin=0.000000  dAvg=0.024250  dMax=1.324692  Dlo=0.012125  Dhi=0.674471  err=0.000000  inc=-0.981729  bucket 0->0  (mf=1000)
Dropping frame 1403636922.301666
[MF-SEL] tPrev=(  d=0.016369  dMin=0.000000  dAvg=0.024243  dMax=1.324692  Dlo=0.012122  Dhi=0.674468  err=0.000000  inc=-0.981729  bucket 0->0  (mf=1000)
Dropping frame 1403636922.401667
[MF-SEL] tPrev=(  d=0.026550  dMin=0.000000  dAvg=0.024245  dMax=1.324692  Dlo=0.012123  Dhi=0.674469  err=0.000000  inc=-0.981729  bucket 0->0  (mf=1000)
Dropping frame 1403636922.501667
[MF-SEL] tPrev=(  d=0.027835  dMin=0.000000  dAvg=0.024249  dMax=1.324692  Dlo=0.012124  Dhi=0.674470  err=0.000000  inc=-0.981729  bucket 0->0  (mf=1000)
[MF-SEL] tPrev=(  d=0.012104  dMin=0.000000  dAvg=0.024237  dMax=1.324692  Dlo=0.012119  Dhi=0.674465  err=-1.000000  inc=-1.905613  bucket 0->0  (mf=1000)
[MF-SEL] tPrev=(  d=0.011370  dMin=0.000000  dAvg=0.024225  dMax=1.324692  Dlo=0.012113  Dhi=0.674459  err=-1.000000  inc=-1.586473  bucket 0->0  (mf=1000)
Dropping frame 1403636922.701667
[MF-SEL] tPrev=(  d=0.027477  dMin=0.000000  dAvg=0.024228  dMax=1.324692  Dlo=0.012114  Dhi=0.674460  err=0.000000  inc=-0.819164  bucket 0->0  (mf=1000)
Dropping frame 1403636922.801666
[MF-SEL] tPrev=(  d=0.023419  dMin=0.000000  dAvg=0.024227  dMax=1.324692  Dlo=0.012114  Dhi=0.674460  err=0.000000  inc=-0.986473  bucket 0->0  (mf=1000)
Dropping frame 1403636922.901667
[MF-SEL] tPrev=(  d=0.016522  dMin=0.000000  dAvg=0.024220  dMax=1.324692  Dlo=0.012110  Dhi=0.674456  err=0.000000  inc=-0.986473  bucket 0->0  (mf=1000)
[MF-SEL] tPrev=(  d=0.011690  dMin=0.000000  dAvg=0.024209  dMax=1.324692  Dlo=0.012104  Dhi=0.674450  err=-1.000000  inc=-1.912563  bucket 0->0  (mf=1000)
Dropping frame 1403636923.051666
[MF-SEL] tPrev=(  d=0.027518  dMin=0.000000  dAvg=0.024212  dMax=1.324692  Dlo=0.012106  Dhi=0.674452  err=0.000000  inc=-0.825968  bucket 0->0  (mf=1000)
[MF-SEL] tPrev=(  d=0.011917  dMin=0.000000  dAvg=0.024200  dMax=1.324692  Dlo=0.012100  Dhi=0.674446  err=-1.000000  inc=-1.916174  bucket 0->0  (mf=1000)
[MF-SEL] tPrev=(  d=0.012764  dMin=0.000000  dAvg=0.024190  dMax=1.324692  Dlo=0.012095  Dhi=0.674441  err=0.000000  inc=-0.653585  bucket 0->0  (mf=1000)
[MF-SEL] tPrev=(  d=0.014828  dMin=0.000000  dAvg=0.024181  dMax=1.324692  Dlo=0.012091  Dhi=0.674437  err=0.000000  inc=-0.991408  bucket 0->0  (mf=1000)
Dropping frame 1403636923.301666
[MF-SEL] tPrev=(  d=0.044150  dMin=0.000000  dAvg=0.024200  dMax=1.324692  Dlo=0.012100  Dhi=0.674446  err=0.000000  inc=-0.991408  bucket 0->0  (mf=1000)
[MF-SEL] tPrev=(  d=0.017553  dMin=0.000000  dAvg=0.024193  dMax=1.324692  Dlo=0.012097  Dhi=0.674443  err=0.000000  inc=-0.991408  bucket 0->0  (mf=1000)
Dropping frame 1403636923.451666
[MF-SEL] tPrev=(  d=0.038450  dMin=0.000000  dAvg=0.024207  dMax=1.324692  Dlo=0.012103  Dhi=0.674449  err=0.000000  inc=-0.991408  bucket 0->0  (mf=1000)
Dropping frame 1403636923.551666
[MF-SEL] tPrev=(  d=0.030604  dMin=0.000000  dAvg=0.024212  dMax=1.324692  Dlo=0.012106  Dhi=0.674452  err=0.000000  inc=-0.991408  bucket 0->0  (mf=1000)
Dropping frame 1403636923.651666
[MF-SEL] tPrev=(  d=0.030134  dMin=0.000000  dAvg=0.024218  dMax=1.324692  Dlo=0.012109  Dhi=0.674455  err=0.000000  inc=-0.991408  bucket 0->0  (mf=1000)
[MF-SEL] tPrev=(  d=0.008033  dMin=0.000000  dAvg=0.024203  dMax=1.324692  Dlo=0.012102  Dhi=0.674448  err=-1.000000  inc=-1.918017  bucket 0->0  (mf=1000)
Dropping frame 1403636923.801666
[MF-SEL] tPrev=(  d=0.006448  dMin=0.000000  dAvg=0.024187  dMax=1.324692  Dlo=0.012093  Dhi=0.674439  err=-1.000000  inc=-1.598670  bucket 0->0  (mf=1000)
[MF-SEL] tPrev=(  d=0.007829  dMin=0.000000  dAvg=0.024172  dMax=1.324692  Dlo=0.012086  Dhi=0.674432  err=-1.000000  inc=-1.601266  bucket 0->0  (mf=1000)
Dropping frame 1403636923.951666
[MF-SEL] tPrev=(  d=0.022939  dMin=0.000000  dAvg=0.024171  dMax=1.324692  Dlo=0.012085  Dhi=0.674431  err=0.000000  inc=-0.844066  bucket 0->0  (mf=1000)
[MF-SEL] tPrev=(  d=0.012381  dMin=0.000000  dAvg=0.024160  dMax=1.324692  Dlo=0.012080  Dhi=0.674426  err=0.000000  inc=-1.001266  bucket 0->0  (mf=1000)
Dropping frame 1403636924.101666
[MF-SEL] tPrev=(  d=0.028158  dMin=0.000000  dAvg=0.024163  dMax=1.324692  Dlo=0.012082  Dhi=0.674428  err=0.000000  inc=-1.001266  bucket 0->0  (mf=1000)
[MF-SEL] tPrev=(  d=0.016880  dMin=0.000000  dAvg=0.024157  dMax=1.324692  Dlo=0.012078  Dhi=0.674424  err=0.000000  inc=-1.001266  bucket 0->0  (mf=1000)
[MF-SEL] tPrev=(  d=0.018665  dMin=0.000000  dAvg=0.024152  dMax=1.324692  Dlo=0.012076  Dhi=0.674422  err=0.000000  inc=-1.001266  bucket 0->0  (mf=1000)
Dropping frame 1403636924.301666
[MF-SEL] tPrev=(  d=0.048128  dMin=0.000000  dAvg=0.024174  dMax=1.324692  Dlo=0.012087  Dhi=0.674433  err=0.000000  inc=-1.001266  bucket 0->0  (mf=1000)
[MF-SEL] tPrev=(  d=0.020062  dMin=0.000000  dAvg=0.024170  dMax=1.324692  Dlo=0.012085  Dhi=0.674431  err=0.000000  inc=-1.001266  bucket 0->0  (mf=1000)
[MF-SEL] tPrev=(  d=0.022253  dMin=0.000000  dAvg=0.024168  dMax=1.324692  Dlo=0.012084  Dhi=0.674430  err=0.000000  inc=-1.001266  bucket 0->0  (mf=1000)
Dropping frame 1403636924.501667
[MF-SEL] tPrev=(  d=0.051935  dMin=0.000000  dAvg=0.024193  dMax=1.324692  Dlo=0.012097  Dhi=0.674443  err=0.000000  inc=-1.001266  bucket 0->0  (mf=1000)
[MF-SEL] tPrev=(  d=0.032843  dMin=0.000000  dAvg=0.024201  dMax=1.324692  Dlo=0.012101  Dhi=0.674447  err=0.000000  inc=-1.001266  bucket 0->0  (mf=1000)
[MF-SEL] tPrev=(  d=0.032526  dMin=0.000000  dAvg=0.024209  dMax=1.324692  Dlo=0.012104  Dhi=0.674451  err=0.000000  inc=-1.001266  bucket 0->0  (mf=1000)
[MF-SEL] tPrev=(  d=0.029864  dMin=0.000000  dAvg=0.024214  dMax=1.324692  Dlo=0.012107  Dhi=0.674453  err=0.000000  inc=-1.001266  bucket 0->0  (mf=1000)
[MF-SEL] tPrev=(  d=0.027923  dMin=0.000000  dAvg=0.024217  dMax=1.324692  Dlo=0.012109  Dhi=0.674455  err=0.000000  inc=-1.001266  bucket 0->0  (mf=1000)
[MF-SEL] tPrev=(  d=0.026810  dMin=0.000000  dAvg=0.024220  dMax=1.324692  Dlo=0.012110  Dhi=0.674456  err=0.000000  inc=-1.001266  bucket 0->0  (mf=1000)
[MF-SEL] tPrev=(  d=0.043389  dMin=0.000000  dAvg=0.024237  dMax=1.324692  Dlo=0.012119  Dhi=0.674465  err=0.000000  inc=-1.001266  bucket 0->0  (mf=1000)
[MF-SEL] tPrev=(  d=0.027030  dMin=0.000000  dAvg=0.024240  dMax=1.324692  Dlo=0.012120  Dhi=0.674466  err=0.000000  inc=-1.001266  bucket 0->0  (mf=1000)
Dropping frame 1403636924.951666
[MF-SEL] tPrev=(  d=0.055903  dMin=0.000000  dAvg=0.024268  dMax=1.324692  Dlo=0.012134  Dhi=0.674480  err=0.000000  inc=-1.001266  bucket 0->0  (mf=1000)
[MF-SEL] tPrev=(  d=0.028641  dMin=0.000000  dAvg=0.024272  dMax=1.324692  Dlo=0.012136  Dhi=0.674482  err=0.000000  inc=-1.001266  bucket 0->0  (mf=1000)
Dropping frame 1403636925.101666
[MF-SEL] tPrev=(  d=0.055473  dMin=0.000000  dAvg=0.024300  dMax=1.324692  Dlo=0.012150  Dhi=0.674496  err=0.000000  inc=-1.001266  bucket 0->0  (mf=1000)
[MF-SEL] tPrev=(  d=0.048233  dMin=0.000000  dAvg=0.024322  dMax=1.324692  Dlo=0.012161  Dhi=0.674507  err=0.000000  inc=-1.001266  bucket 0->0  (mf=1000)
[MF-SEL] tPrev=(  d=0.027455  dMin=0.000000  dAvg=0.024325  dMax=1.324692  Dlo=0.012162  Dhi=0.674508  err=0.000000  inc=-1.001266  bucket 0->0  (mf=1000)
[MF-SEL] tPrev=(  d=0.027643  dMin=0.000000  dAvg=0.024328  dMax=1.324692  Dlo=0.012164  Dhi=0.674510  err=0.000000  inc=-1.001266  bucket 0->0  (mf=1000)
[MF-SEL] tPrev=(  d=0.028080  dMin=0.000000  dAvg=0.024331  dMax=1.324692  Dlo=0.012166  Dhi=0.674512  err=0.000000  inc=-1.001266  bucket 0->0  (mf=1000)
[MF-SEL] tPrev=(  d=0.028042  dMin=0.000000  dAvg=0.024334  dMax=1.324692  Dlo=0.012167  Dhi=0.674513  err=0.000000  inc=-1.001266  bucket 0->0  (mf=1000)
Dropping frame 1403636925.451666
[MF-SEL] tPrev=(  d=0.059606  dMin=0.000000  dAvg=0.024366  dMax=1.324692  Dlo=0.012183  Dhi=0.674529  err=0.000000  inc=-1.001266  bucket 0->0  (mf=1000)
Dropping frame 1403636925.551666
[MF-SEL] tPrev=(  d=0.058711  dMin=0.000000  dAvg=0.024397  dMax=1.324692  Dlo=0.012198  Dhi=0.674544  err=0.000000  inc=-1.001266  bucket 0->0  (mf=1000)
[MF-SEL] tPrev=(  d=0.030306  dMin=0.000000  dAvg=0.024402  dMax=1.324692  Dlo=0.012201  Dhi=0.674547  err=0.000000  inc=-1.001266  bucket 0->0  (mf=1000)
[MF-SEL] tPrev=(  d=0.032246  dMin=0.000000  dAvg=0.024409  dMax=1.324692  Dlo=0.012205  Dhi=0.674551  err=0.000000  inc=-1.001266  bucket 0->0  (mf=1000)
Dropping frame 1403636925.751667
[MF-SEL] tPrev=(  d=0.053518  dMin=0.000000  dAvg=0.024435  dMax=1.324692  Dlo=0.012218  Dhi=0.674564  err=0.000000  inc=-1.001266  bucket 0->0  (mf=1000)
Dropping frame 1403636925.851666
[MF-SEL] tPrev=(  d=0.084293  dMin=0.000000  dAvg=0.024489  dMax=1.324692  Dlo=0.012244  Dhi=0.674590  err=0.000000  inc=-1.001266  bucket 0->0  (mf=1000)
[MF-SEL] tPrev=(  d=0.043090  dMin=0.000000  dAvg=0.024505  dMax=1.324692  Dlo=0.012253  Dhi=0.674599  err=0.000000  inc=-1.001266  bucket 0->0  (mf=1000)
[MF-SEL] tPrev=(  d=0.044751  dMin=0.000000  dAvg=0.024523  dMax=1.324692  Dlo=0.012262  Dhi=0.674608  err=0.000000  inc=-1.001266  bucket 0->0  (mf=1000)
[MF-SEL] tPrev=(  d=0.041881  dMin=0.000000  dAvg=0.024539  dMax=1.324692  Dlo=0.012269  Dhi=0.674615  err=0.000000  inc=-1.001266  bucket 0->0  (mf=1000)
Dropping frame 1403636926.101666
[MF-SEL] tPrev=(  d=0.078825  dMin=0.000000  dAvg=0.024587  dMax=1.324692  Dlo=0.012293  Dhi=0.674640  err=0.000000  inc=-1.001266  bucket 0->0  (mf=1000)
[MF-SEL] tPrev=(  d=0.037328  dMin=0.000000  dAvg=0.024598  dMax=1.324692  Dlo=0.012299  Dhi=0.674645  err=0.000000  inc=-1.001266  bucket 0->0  (mf=1000)
[MF-SEL] tPrev=(  d=0.036814  dMin=0.000000  dAvg=0.024609  dMax=1.324692  Dlo=0.012305  Dhi=0.674651  err=0.000000  inc=-1.001266  bucket 0->0  (mf=1000)
[MF-SEL] tPrev=(  d=0.055079  dMin=0.000000  dAvg=0.024636  dMax=1.324692  Dlo=0.012318  Dhi=0.674664  err=0.000000  inc=-1.001266  bucket 0->0  (mf=1000)
[MF-SEL] tPrev=(  d=0.035391  dMin=0.000000  dAvg=0.024646  dMax=1.324692  Dlo=0.012323  Dhi=0.674669  err=0.000000  inc=-1.001266  bucket 0->0  (mf=1000)
[MF-SEL] tPrev=(  d=0.034144  dMin=0.000000  dAvg=0.024654  dMax=1.324692  Dlo=0.012327  Dhi=0.674673  err=0.000000  inc=-1.001266  bucket 0->0  (mf=1000)
[MF-SEL] tPrev=(  d=0.034822  dMin=0.000000  dAvg=0.024663  dMax=1.324692  Dlo=0.012332  Dhi=0.674678  err=0.000000  inc=-1.001266  bucket 0->0  (mf=1000)
Dropping frame 1403636926.501667
[MF-SEL] tPrev=(  d=0.062623  dMin=0.000000  dAvg=0.024697  dMax=1.324692  Dlo=0.012348  Dhi=0.674694  err=0.000000  inc=-1.001266  bucket 0->0  (mf=1000)
Dropping frame 1403636926.601666
[MF-SEL] tPrev=(  d=0.074795  dMin=0.000000  dAvg=0.024741  dMax=1.324692  Dlo=0.012370  Dhi=0.674717  err=0.000000  inc=-1.001266  bucket 0->0  (mf=1000)
[MF-SEL] tPrev=(  d=0.025344  dMin=0.000000  dAvg=0.024741  dMax=1.324692  Dlo=0.012371  Dhi=0.674717  err=0.000000  inc=-1.001266  bucket 0->0  (mf=1000)
[MF-SEL] tPrev=(  d=0.025171  dMin=0.000000  dAvg=0.024742  dMax=1.324692  Dlo=0.012371  Dhi=0.674717  err=0.000000  inc=-1.001266  bucket 0->0  (mf=1000)
[MF-SEL] tPrev=(  d=0.024142  dMin=0.000000  dAvg=0.024741  dMax=1.324692  Dlo=0.012371  Dhi=0.674717  err=0.000000  inc=-1.001266  bucket 0->0  (mf=1000)
Dropping frame 1403636926.851666
[MF-SEL] tPrev=(  d=0.047446  dMin=0.000000  dAvg=0.024761  dMax=1.324692  Dlo=0.012381  Dhi=0.674727  err=0.000000  inc=-1.001266  bucket 0->0  (mf=1000)
[MF-SEL] tPrev=(  d=0.023836  dMin=0.000000  dAvg=0.024760  dMax=1.324692  Dlo=0.012380  Dhi=0.674726  err=0.000000  inc=-1.001266  bucket 0->0  (mf=1000)
[MF-SEL] tPrev=(  d=0.019173  dMin=0.000000  dAvg=0.024756  dMax=1.324692  Dlo=0.012378  Dhi=0.674724  err=0.000000  inc=-1.001266  bucket 0->0  (mf=1000)
[MF-SEL] tPrev=(  d=0.027428  dMin=0.000000  dAvg=0.024758  dMax=1.324692  Dlo=0.012379  Dhi=0.674725  err=0.000000  inc=-1.001266  bucket 0->0  (mf=1000)
[MF-SEL] tPrev=(  d=0.027608  dMin=0.000000  dAvg=0.024760  dMax=1.324692  Dlo=0.012380  Dhi=0.674726  err=0.000000  inc=-1.001266  bucket 0->0  (mf=1000)
[MF-SEL] tPrev=(  d=0.027441  dMin=0.000000  dAvg=0.024763  dMax=1.324692  Dlo=0.012381  Dhi=0.674727  err=0.000000  inc=-1.001266  bucket 0->0  (mf=1000)
[MF-SEL] tPrev=(  d=0.028061  dMin=0.000000  dAvg=0.024766  dMax=1.324692  Dlo=0.012383  Dhi=0.674729  err=0.000000  inc=-1.001266  bucket 0->0  (mf=1000)
[MF-SEL] tPrev=(  d=0.027671  dMin=0.000000  dAvg=0.024768  dMax=1.324692  Dlo=0.012384  Dhi=0.674730  err=0.000000  inc=-1.001266  bucket 0->0  (mf=1000)
Dropping frame 1403636927.301666
[MF-SEL] tPrev=(  d=0.059860  dMin=0.000000  dAvg=0.024799  dMax=1.324692  Dlo=0.012399  Dhi=0.674745  err=0.000000  inc=-1.001266  bucket 0->0  (mf=1000)
[MF-SEL] tPrev=(  d=0.027997  dMin=0.000000  dAvg=0.024802  dMax=1.324692  Dlo=0.012401  Dhi=0.674747  err=0.000000  inc=-1.001266  bucket 0->0  (mf=1000)
[MF-SEL] tPrev=(  d=0.027875  dMin=0.000000  dAvg=0.024804  dMax=1.324692  Dlo=0.012402  Dhi=0.674748  err=0.000000  inc=-1.001266  bucket 0->0  (mf=1000)
[MF-SEL] tPrev=(  d=0.027871  dMin=0.000000  dAvg=0.024807  dMax=1.324692  Dlo=0.012403  Dhi=0.674750  err=0.000000  inc=-1.001266  bucket 0->0  (mf=1000)
[MF-SEL] tPrev=(  d=0.028415  dMin=0.000000  dAvg=0.024810  dMax=1.324692  Dlo=0.012405  Dhi=0.674751  err=0.000000  inc=-1.001266  bucket 0->0  (mf=1000)
[MF-SEL] tPrev=(  d=0.009307  dMin=0.000000  dAvg=0.024797  dMax=1.324692  Dlo=0.012398  Dhi=0.674744  err=-1.000000  inc=-1.968894  bucket 0->0  (mf=1000)
[MF-SEL] tPrev=(  d=0.029449  dMin=0.000000  dAvg=0.024801  dMax=1.324692  Dlo=0.012400  Dhi=0.674746  err=0.000000  inc=-0.692135  bucket 0->0  (mf=1000)
[MF-SEL] tPrev=(  d=0.030381  dMin=0.000000  dAvg=0.024806  dMax=1.324692  Dlo=0.012403  Dhi=0.674749  err=0.000000  inc=-1.003456  bucket 0->0  (mf=1000)
Dropping frame 1403636927.751667
[MF-SEL] tPrev=(  d=0.062566  dMin=0.000000  dAvg=0.024838  dMax=1.324692  Dlo=0.012419  Dhi=0.674765  err=0.000000  inc=-1.003456  bucket 0->0  (mf=1000)
Dropping frame 1403636927.851666
[MF-SEL] tPrev=(  d=0.071064  dMin=0.000000  dAvg=0.024878  dMax=1.324692  Dlo=0.012439  Dhi=0.674785  err=0.000000  inc=-1.003456  bucket 0->0  (mf=1000)
[MF-SEL] tPrev=(  d=0.037544  dMin=0.000000  dAvg=0.024889  dMax=1.324692  Dlo=0.012445  Dhi=0.674791  err=0.000000  inc=-1.003456  bucket 0->0  (mf=1000)
[MF-SEL] tPrev=(  d=0.038749  dMin=0.000000  dAvg=0.024901  dMax=1.324692  Dlo=0.012451  Dhi=0.674797  err=0.000000  inc=-1.003456  bucket 0->0  (mf=1000)
[MF-SEL] tPrev=(  d=0.040267  dMin=0.000000  dAvg=0.024915  dMax=1.324692  Dlo=0.012457  Dhi=0.674803  err=0.000000  inc=-1.003456  bucket 0->0  (mf=1000)
Dropping frame 1403636928.101666
[MF-SEL] tPrev=(  d=0.069483  dMin=0.000000  dAvg=0.024953  dMax=1.324692  Dlo=0.012477  Dhi=0.674823  err=0.000000  inc=-1.003456  bucket 0->0  (mf=1000)
Dropping frame 1403636928.201667
[MF-SEL] tPrev=(  d=0.085187  dMin=0.000000  dAvg=0.025005  dMax=1.324692  Dlo=0.012503  Dhi=0.674849  err=0.000000  inc=-1.003456  bucket 0->0  (mf=1000)
[MF-SEL] tPrev=(  d=0.043224  dMin=0.000000  dAvg=0.025021  dMax=1.324692  Dlo=0.012510  Dhi=0.674857  err=0.000000  inc=-1.003456  bucket 0->0  (mf=1000)
[MF-SEL] tPrev=(  d=0.043650  dMin=0.000000  dAvg=0.025037  dMax=1.324692  Dlo=0.012518  Dhi=0.674865  err=0.000000  inc=-1.003456  bucket 0->0  (mf=1000)
[MF-SEL] tPrev=(  d=0.043678  dMin=0.000000  dAvg=0.025053  dMax=1.324692  Dlo=0.012527  Dhi=0.674873  err=0.000000  inc=-1.003456  bucket 0->0  (mf=1000)
[MF-SEL] tPrev=(  d=0.039911  dMin=0.000000  dAvg=0.025066  dMax=1.324692  Dlo=0.012533  Dhi=0.674879  err=0.000000  inc=-1.003456  bucket 0->0  (mf=1000)
Dropping frame 1403636928.501667
[MF-SEL] tPrev=(  d=0.080802  dMin=0.000000  dAvg=0.025114  dMax=1.324692  Dlo=0.012557  Dhi=0.674903  err=0.000000  inc=-1.003456  bucket 0->0  (mf=1000)
[MF-SEL] tPrev=(  d=0.039457  dMin=0.000000  dAvg=0.025126  dMax=1.324692  Dlo=0.012563  Dhi=0.674909  err=0.000000  inc=-1.003456  bucket 0->0  (mf=1000)
[MF-SEL] tPrev=(  d=0.038437  dMin=0.000000  dAvg=0.025137  dMax=1.324692  Dlo=0.012569  Dhi=0.674915  err=0.000000  inc=-1.003456  bucket 0->0  (mf=1000)
[MF-SEL] tPrev=(  d=0.038139  dMin=0.000000  dAvg=0.025149  dMax=1.324692  Dlo=0.012574  Dhi=0.674920  err=0.000000  inc=-1.003456  bucket 0->0  (mf=1000)
Dropping frame 1403636928.751667
[MF-SEL] tPrev=(  d=0.081826  dMin=0.000000  dAvg=0.025197  dMax=1.324692  Dlo=0.012599  Dhi=0.674945  err=0.000000  inc=-1.003456  bucket 0->0  (mf=1000)
[MF-SEL] tPrev=(  d=0.037763  dMin=0.000000  dAvg=0.025208  dMax=1.324692  Dlo=0.012604  Dhi=0.674950  err=0.000000  inc=-1.003456  bucket 0->0  (mf=1000)
[MF-SEL] tPrev=(  d=0.038240  dMin=0.000000  dAvg=0.025219  dMax=1.324692  Dlo=0.012610  Dhi=0.674956  err=0.000000  inc=-1.003456  bucket 0->0  (mf=1000)
Dropping frame 1403636928.951666
[MF-SEL] tPrev=(  d=0.084147  dMin=0.000000  dAvg=0.025269  dMax=1.324692  Dlo=0.012635  Dhi=0.674981  err=0.000000  inc=-1.003456  bucket 0->0  (mf=1000)
[MF-SEL] tPrev=(  d=0.043925  dMin=0.000000  dAvg=0.025285  dMax=1.324692  Dlo=0.012643  Dhi=0.674989  err=0.000000  inc=-1.003456  bucket 0->0  (mf=1000)
Dropping frame 1403636929.101666
[MF-SEL] tPrev=(  d=0.084269  dMin=0.000000  dAvg=0.025336  dMax=1.324692  Dlo=0.012668  Dhi=0.675014  err=0.000000  inc=-1.003456  bucket 0->0  (mf=1000)
[MF-SEL] tPrev=(  d=0.062008  dMin=0.000000  dAvg=0.025367  dMax=1.324692  Dlo=0.012684  Dhi=0.675030  err=0.000000  inc=-1.003456  bucket 0->0  (mf=1000)
[MF-SEL] tPrev=(  d=0.039364  dMin=0.000000  dAvg=0.025379  dMax=1.324692  Dlo=0.012689  Dhi=0.675036  err=0.000000  inc=-1.003456  bucket 0->0  (mf=1000)
[MF-SEL] tPrev=(  d=0.038174  dMin=0.000000  dAvg=0.025390  dMax=1.324692  Dlo=0.012695  Dhi=0.675041  err=0.000000  inc=-1.003456  bucket 0->0  (mf=1000)
[MF-SEL] tPrev=(  d=0.036668  dMin=0.000000  dAvg=0.025399  dMax=1.324692  Dlo=0.012700  Dhi=0.675046  err=0.000000  inc=-1.003456  bucket 0->0  (mf=1000)
[MF-SEL] tPrev=(  d=0.035470  dMin=0.000000  dAvg=0.025408  dMax=1.324692  Dlo=0.012704  Dhi=0.675050  err=0.000000  inc=-1.003456  bucket 0->0  (mf=1000)
[MF-SEL] tPrev=(  d=0.034325  dMin=0.000000  dAvg=0.025416  dMax=1.324692  Dlo=0.012708  Dhi=0.675054  err=0.000000  inc=-1.003456  bucket 0->0  (mf=1000)
[MF-SEL] tPrev=(  d=0.049953  dMin=0.000000  dAvg=0.025436  dMax=1.324692  Dlo=0.012718  Dhi=0.675064  err=0.000000  inc=-1.003456  bucket 0->0  (mf=1000)
Dropping frame 1403636929.551666
[MF-SEL] tPrev=(  d=0.066776  dMin=0.000000  dAvg=0.025471  dMax=1.324692  Dlo=0.012736  Dhi=0.675082  err=0.000000  inc=-1.003456  bucket 0->0  (mf=1000)
[MF-SEL] tPrev=(  d=0.032689  dMin=0.000000  dAvg=0.025477  dMax=1.324692  Dlo=0.012739  Dhi=0.675085  err=0.000000  inc=-1.003456  bucket 0->0  (mf=1000)
[MF-SEL] tPrev=(  d=0.031563  dMin=0.000000  dAvg=0.025483  dMax=1.324692  Dlo=0.012741  Dhi=0.675087  err=0.000000  inc=-1.003456  bucket 0->0  (mf=1000)
[MF-SEL] tPrev=(  d=0.030189  dMin=0.000000  dAvg=0.025487  dMax=1.324692  Dlo=0.012743  Dhi=0.675089  err=0.000000  inc=-1.003456  bucket 0->0  (mf=1000)
[MF-SEL] tPrev=(  d=0.029131  dMin=0.000000  dAvg=0.025490  dMax=1.324692  Dlo=0.012745  Dhi=0.675091  err=0.000000  inc=-1.003456  bucket 0->0  (mf=1000)
[MF-SEL] tPrev=(  d=0.027792  dMin=0.000000  dAvg=0.025492  dMax=1.324692  Dlo=0.012746  Dhi=0.675092  err=0.000000  inc=-1.003456  bucket 0->0  (mf=1000)
[MF-SEL] tPrev=(  d=0.026848  dMin=0.000000  dAvg=0.025493  dMax=1.324692  Dlo=0.012746  Dhi=0.675092  err=0.000000  inc=-1.003456  bucket 0->0  (mf=1000)
[MF-SEL] tPrev=(  d=0.025803  dMin=0.000000  dAvg=0.025493  dMax=1.324692  Dlo=0.012747  Dhi=0.675093  err=0.000000  inc=-1.003456  bucket 0->0  (mf=1000)
[MF-SEL] tPrev=(  d=0.023314  dMin=0.000000  dAvg=0.025491  dMax=1.324692  Dlo=0.012746  Dhi=0.675092  err=0.000000  inc=-1.003456  bucket 0->0  (mf=1000)
[MF-SEL] tPrev=(  d=0.024719  dMin=0.000000  dAvg=0.025491  dMax=1.324692  Dlo=0.012745  Dhi=0.675091  err=0.000000  inc=-1.003456  bucket 0->0  (mf=1000)
[MF-SEL] tPrev=(  d=0.024164  dMin=0.000000  dAvg=0.025489  dMax=1.324692  Dlo=0.012745  Dhi=0.675091  err=0.000000  inc=-1.003456  bucket 0->0  (mf=1000)
Dropping frame 1403636930.151666
[MF-SEL] tPrev=(  d=0.049744  dMin=0.000000  dAvg=0.025510  dMax=1.324692  Dlo=0.012755  Dhi=0.675101  err=0.000000  inc=-1.003456  bucket 0->0  (mf=1000)
[MF-SEL] tPrev=(  d=0.024970  dMin=0.000000  dAvg=0.025509  dMax=1.324692  Dlo=0.012755  Dhi=0.675101  err=0.000000  inc=-1.003456  bucket 0->0  (mf=1000)
[MF-SEL] tPrev=(  d=0.025039  dMin=0.000000  dAvg=0.025509  dMax=1.324692  Dlo=0.012754  Dhi=0.675101  err=0.000000  inc=-1.003456  bucket 0->0  (mf=1000)
Dropping frame 1403636930.351666
[MF-SEL] tPrev=(  d=0.052313  dMin=0.000000  dAvg=0.025531  dMax=1.324692  Dlo=0.012766  Dhi=0.675112  err=0.000000  inc=-1.003456  bucket 0->0  (mf=1000)
[MF-SEL] tPrev=(  d=0.024670  dMin=0.000000  dAvg=0.025531  dMax=1.324692  Dlo=0.012765  Dhi=0.675111  err=0.000000  inc=-1.003456  bucket 0->0  (mf=1000)
[MF-SEL] tPrev=(  d=0.033040  dMin=0.000000  dAvg=0.025537  dMax=1.324692  Dlo=0.012768  Dhi=0.675115  err=0.000000  inc=-1.003456  bucket 0->0  (mf=1000)
Dropping frame 1403636930.551666
[MF-SEL] tPrev=(  d=0.043116  dMin=0.000000  dAvg=0.025552  dMax=1.324692  Dlo=0.012776  Dhi=0.675122  err=0.000000  inc=-1.003456  bucket 0->0  (mf=1000)
[MF-SEL] tPrev=(  d=0.020251  dMin=0.000000  dAvg=0.025547  dMax=1.324692  Dlo=0.012774  Dhi=0.675120  err=0.000000  inc=-1.003456  bucket 0->0  (mf=1000)
[MF-SEL] tPrev=(  d=0.017614  dMin=0.000000  dAvg=0.025541  dMax=1.324692  Dlo=0.012770  Dhi=0.675116  err=0.000000  inc=-1.003456  bucket 0->0  (mf=1000)
[MF-SEL] tPrev=(  d=0.018006  dMin=0.000000  dAvg=0.025534  dMax=1.324692  Dlo=0.012767  Dhi=0.675113  err=0.000000  inc=-1.003456  bucket 0->0  (mf=1000)
[MF-SEL] tPrev=(  d=0.017448  dMin=0.000000  dAvg=0.025528  dMax=1.324692  Dlo=0.012764  Dhi=0.675110  err=0.000000  inc=-1.003456  bucket 0->0  (mf=1000)
[MF-SEL] tPrev=(  d=0.017848  dMin=0.000000  dAvg=0.025521  dMax=1.324692  Dlo=0.012761  Dhi=0.675107  err=0.000000  inc=-1.003456  bucket 0->0  (mf=1000)
[MF-SEL] tPrev=(  d=0.018520  dMin=0.000000  dAvg=0.025515  dMax=1.324692  Dlo=0.012758  Dhi=0.675104  err=0.000000  inc=-1.003456  bucket 0->0  (mf=1000)
[MF-SEL] tPrev=(  d=0.019173  dMin=0.000000  dAvg=0.025510  dMax=1.324692  Dlo=0.012755  Dhi=0.675101  err=0.000000  inc=-1.003456  bucket 0->0  (mf=1000)
Dropping frame 1403636931.001667
[MF-SEL] tPrev=(  d=0.037154  dMin=0.000000  dAvg=0.025520  dMax=1.324692  Dlo=0.012760  Dhi=0.675106  err=0.000000  inc=-1.003456  bucket 0->0  (mf=1000)
[MF-SEL] tPrev=(  d=0.020803  dMin=0.000000  dAvg=0.025516  dMax=1.324692  Dlo=0.012758  Dhi=0.675104  err=0.000000  inc=-1.003456  bucket 0->0  (mf=1000)
[MF-SEL] tPrev=(  d=0.021578  dMin=0.000000  dAvg=0.025513  dMax=1.324692  Dlo=0.012756  Dhi=0.675102  err=0.000000  inc=-1.003456  bucket 0->0  (mf=1000)
[MF-SEL] tPrev=(  d=0.022261  dMin=0.000000  dAvg=0.025510  dMax=1.324692  Dlo=0.012755  Dhi=0.675101  err=0.000000  inc=-1.003456  bucket 0->0  (mf=1000)
[MF-SEL] tPrev=(  d=0.022713  dMin=0.000000  dAvg=0.025508  dMax=1.324692  Dlo=0.012754  Dhi=0.675100  err=0.000000  inc=-1.003456  bucket 0->0  (mf=1000)
[MF-SEL] tPrev=(  d=0.023437  dMin=0.000000  dAvg=0.025506  dMax=1.324692  Dlo=0.012753  Dhi=0.675099  err=0.000000  inc=-1.003456  bucket 0->0  (mf=1000)
[MF-SEL] tPrev=(  d=0.023579  dMin=0.000000  dAvg=0.025504  dMax=1.324692  Dlo=0.012752  Dhi=0.675098  err=0.000000  inc=-1.003456  bucket 0->0  (mf=1000)
Dropping frame 1403636931.401667
[MF-SEL] tPrev=(  d=0.057494  dMin=0.000000  dAvg=0.025531  dMax=1.324692  Dlo=0.012765  Dhi=0.675111  err=0.000000  inc=-1.003456  bucket 0->0  (mf=1000)
[MF-SEL] tPrev=(  d=0.025106  dMin=0.000000  dAvg=0.025530  dMax=1.324692  Dlo=0.012765  Dhi=0.675111  err=0.000000  inc=-1.003456  bucket 0->0  (mf=1000)
Dropping frame 1403636931.551666
[MF-SEL] tPrev=(  d=0.048809  dMin=0.000000  dAvg=0.025550  dMax=1.324692  Dlo=0.012775  Dhi=0.675121  err=0.000000  inc=-1.003456  bucket 0->0  (mf=1000)
[MF-SEL] tPrev=(  d=0.031149  dMin=0.000000  dAvg=0.025554  dMax=1.324692  Dlo=0.012777  Dhi=0.675123  err=0.000000  inc=-1.003456  bucket 0->0  (mf=1000)
[MF-SEL] tPrev=(  d=0.021968  dMin=0.000000  dAvg=0.025551  dMax=1.324692  Dlo=0.012776  Dhi=0.675122  err=0.000000  inc=-1.003456  bucket 0->0  (mf=1000)
Dropping frame 1403636931.751667
[MF-SEL] tPrev=(  d=0.030871  dMin=0.000000  dAvg=0.025556  dMax=1.324692  Dlo=0.012778  Dhi=0.675124  err=0.000000  inc=-1.003456  bucket 0->0  (mf=1000)
[MF-SEL] tPrev=(  d=0.015714  dMin=0.000000  dAvg=0.025547  dMax=1.324692  Dlo=0.012774  Dhi=0.675120  err=0.000000  inc=-1.003456  bucket 0->0  (mf=1000)
[MF-SEL] tPrev=(  d=0.013962  dMin=0.000000  dAvg=0.025538  dMax=1.324692  Dlo=0.012769  Dhi=0.675115  err=0.000000  inc=-1.003456  bucket 0->0  (mf=1000)
Dropping frame 1403636931.951666
[MF-SEL] tPrev=(  d=0.029556  dMin=0.000000  dAvg=0.025541  dMax=1.324692  Dlo=0.012771  Dhi=0.675117  err=0.000000  inc=-1.003456  bucket 0->0  (mf=1000)
[MF-SEL] tPrev=(  d=0.015259  dMin=0.000000  dAvg=0.025533  dMax=1.324692  Dlo=0.012766  Dhi=0.675112  err=0.000000  inc=-1.003456  bucket 0->0  (mf=1000)
[MF-SEL] tPrev=(  d=0.015623  dMin=0.000000  dAvg=0.025525  dMax=1.324692  Dlo=0.012762  Dhi=0.675108  err=0.000000  inc=-1.003456  bucket 0->0  (mf=1000)
Dropping frame 1403636932.151666
[MF-SEL] tPrev=(  d=0.035650  dMin=0.000000  dAvg=0.025533  dMax=1.324692  Dlo=0.012767  Dhi=0.675113  err=0.000000  inc=-1.003456  bucket 0->0  (mf=1000)
Dropping frame 1403636932.251667
[MF-SEL] tPrev=(  d=0.038063  dMin=0.000000  dAvg=0.025543  dMax=1.324692  Dlo=0.012772  Dhi=0.675118  err=0.000000  inc=-1.003456  bucket 0->0  (mf=1000)
[MF-SEL] tPrev=(  d=0.017217  dMin=0.000000  dAvg=0.025536  dMax=1.324692  Dlo=0.012768  Dhi=0.675114  err=0.000000  inc=-1.003456  bucket 0->0  (mf=1000)
[MF-SEL] tPrev=(  d=0.017451  dMin=0.000000  dAvg=0.025530  dMax=1.324692  Dlo=0.012765  Dhi=0.675111  err=0.000000  inc=-1.003456  bucket 0->0  (mf=1000)
[MF-SEL] tPrev=(  d=0.017543  dMin=0.000000  dAvg=0.025523  dMax=1.324692  Dlo=0.012762  Dhi=0.675108  err=0.000000  inc=-1.003456  bucket 0->0  (mf=1000)
Dropping frame 1403636932.501667
[MF-SEL] tPrev=(  d=0.041355  dMin=0.000000  dAvg=0.025536  dMax=1.324692  Dlo=0.012768  Dhi=0.675114  err=0.000000  inc=-1.003456  bucket 0->0  (mf=1000)
[MF-SEL] tPrev=(  d=0.022742  dMin=0.000000  dAvg=0.025534  dMax=1.324692  Dlo=0.012767  Dhi=0.675113  err=0.000000  inc=-1.003456  bucket 0->0  (mf=1000)
[MF-SEL] tPrev=(  d=0.023936  dMin=0.000000  dAvg=0.025533  dMax=1.324692  Dlo=0.012766  Dhi=0.675112  err=0.000000  inc=-1.003456  bucket 0->0  (mf=1000)
Dropping frame 1403636932.701667
[MF-SEL] tPrev=(  d=0.052374  dMin=0.000000  dAvg=0.025554  dMax=1.324692  Dlo=0.012777  Dhi=0.675123  err=0.000000  inc=-1.003456  bucket 0->0  (mf=1000)
Dropping frame 1403636932.801666
[MF-SEL] tPrev=(  d=0.059591  dMin=0.000000  dAvg=0.025582  dMax=1.324692  Dlo=0.012791  Dhi=0.675137  err=0.000000  inc=-1.003456  bucket 0->0  (mf=1000)
[MF-SEL] tPrev=(  d=0.031133  dMin=0.000000  dAvg=0.025587  dMax=1.324692  Dlo=0.012793  Dhi=0.675139  err=0.000000  inc=-1.003456  bucket 0->0  (mf=1000)
[MF-SEL] tPrev=(  d=0.030241  dMin=0.000000  dAvg=0.025590  dMax=1.324692  Dlo=0.012795  Dhi=0.675141  err=0.000000  inc=-1.003456  bucket 0->0  (mf=1000)
[MF-SEL] tPrev=(  d=0.029027  dMin=0.000000  dAvg=0.025593  dMax=1.324692  Dlo=0.012797  Dhi=0.675143  err=0.000000  inc=-1.003456  bucket 0->0  (mf=1000)
[MF-SEL] tPrev=(  d=0.028241  dMin=0.000000  dAvg=0.025595  dMax=1.324692  Dlo=0.012798  Dhi=0.675144  err=0.000000  inc=-1.003456  bucket 0->0  (mf=1000)
Dropping frame 1403636933.101666
[MF-SEL] tPrev=(  d=0.071236  dMin=0.000000  dAvg=0.025632  dMax=1.324692  Dlo=0.012816  Dhi=0.675162  err=0.000000  inc=-1.003456  bucket 0->0  (mf=1000)
Dropping frame 1403636933.201667
[MF-SEL] tPrev=(  d=0.063277  dMin=0.000000  dAvg=0.025663  dMax=1.324692  Dlo=0.012831  Dhi=0.675177  err=0.000000  inc=-1.003456  bucket 0->0  (mf=1000)
Dropping frame 1403636933.301666
[MF-SEL] tPrev=(  d=0.063336  dMin=0.000000  dAvg=0.025693  dMax=1.324692  Dlo=0.012847  Dhi=0.675193  err=0.000000  inc=-1.003456  bucket 0->0  (mf=1000)
[MF-SEL] tPrev=(  d=0.028362  dMin=0.000000  dAvg=0.025695  dMax=1.324692  Dlo=0.012848  Dhi=0.675194  err=0.000000  inc=-1.003456  bucket 0->0  (mf=1000)
[MF-SEL] tPrev=(  d=0.026788  dMin=0.000000  dAvg=0.025696  dMax=1.324692  Dlo=0.012848  Dhi=0.675194  err=0.000000  inc=-1.003456  bucket 0->0  (mf=1000)
Dropping frame 1403636933.501667
[MF-SEL] tPrev=(  d=0.061385  dMin=0.000000  dAvg=0.025725  dMax=1.324692  Dlo=0.012862  Dhi=0.675208  err=0.000000  inc=-1.003456  bucket 0->0  (mf=1000)
[MF-SEL] tPrev=(  d=0.057047  dMin=0.000000  dAvg=0.025750  dMax=1.324692  Dlo=0.012875  Dhi=0.675221  err=0.000000  inc=-1.003456  bucket 0->0  (mf=1000)
[MF-SEL] tPrev=(  d=0.017722  dMin=0.000000  dAvg=0.025744  dMax=1.324692  Dlo=0.012872  Dhi=0.675218  err=0.000000  inc=-1.003456  bucket 0->0  (mf=1000)
[MF-SEL] tPrev=(  d=0.018761  dMin=0.000000  dAvg=0.025738  dMax=1.324692  Dlo=0.012869  Dhi=0.675215  err=0.000000  inc=-1.003456  bucket 0->0  (mf=1000)
Dropping frame 1403636933.751667
[MF-SEL] tPrev=(  d=0.063343  dMin=0.000000  dAvg=0.025768  dMax=1.324692  Dlo=0.012884  Dhi=0.675230  err=0.000000  inc=-1.003456  bucket 0->0  (mf=1000)
[MF-SEL] tPrev=(  d=0.020470  dMin=0.000000  dAvg=0.025764  dMax=1.324692  Dlo=0.012882  Dhi=0.675228  err=0.000000  inc=-1.003456  bucket 0->0  (mf=1000)
[MF-SEL] tPrev=(  d=0.020773  dMin=0.000000  dAvg=0.025760  dMax=1.324692  Dlo=0.012880  Dhi=0.675226  err=0.000000  inc=-1.003456  bucket 0->0  (mf=1000)
Dropping frame 1403636933.951666
[MF-SEL] tPrev=(  d=0.038413  dMin=0.000000  dAvg=0.025770  dMax=1.324692  Dlo=0.012885  Dhi=0.675231  err=0.000000  inc=-1.003456  bucket 0->0  (mf=1000)
[MF-SEL] tPrev=(  d=0.019271  dMin=0.000000  dAvg=0.025765  dMax=1.324692  Dlo=0.012882  Dhi=0.675228  err=0.000000  inc=-1.003456  bucket 0->0  (mf=1000)
[MF-SEL] tPrev=(  d=0.019839  dMin=0.000000  dAvg=0.025760  dMax=1.324692  Dlo=0.012880  Dhi=0.675226  err=0.000000  inc=-1.003456  bucket 0->0  (mf=1000)
[MF-SEL] tPrev=(  d=0.020891  dMin=0.000000  dAvg=0.025756  dMax=1.324692  Dlo=0.012878  Dhi=0.675224  err=0.000000  inc=-1.003456  bucket 0->0  (mf=1000)
[MF-SEL] tPrev=(  d=0.022749  dMin=0.000000  dAvg=0.025754  dMax=1.324692  Dlo=0.012877  Dhi=0.675223  err=0.000000  inc=-1.003456  bucket 0->0  (mf=1000)
[MF-SEL] tPrev=(  d=0.024288  dMin=0.000000  dAvg=0.025753  dMax=1.324692  Dlo=0.012876  Dhi=0.675222  err=0.000000  inc=-1.003456  bucket 0->0  (mf=1000)
[MF-SEL] tPrev=(  d=0.025223  dMin=0.000000  dAvg=0.025752  dMax=1.324692  Dlo=0.012876  Dhi=0.675222  err=0.000000  inc=-1.003456  bucket 0->0  (mf=1000)
Dropping frame 1403636934.351666
[MF-SEL] tPrev=(  d=0.080702  dMin=0.000000  dAvg=0.025796  dMax=1.324692  Dlo=0.012898  Dhi=0.675244  err=0.000000  inc=-1.003456  bucket 0->0  (mf=1000)
[MF-SEL] tPrev=(  d=0.027316  dMin=0.000000  dAvg=0.025797  dMax=1.324692  Dlo=0.012899  Dhi=0.675245  err=0.000000  inc=-1.003456  bucket 0->0  (mf=1000)
[MF-SEL] tPrev=(  d=0.027358  dMin=0.000000  dAvg=0.025798  dMax=1.324692  Dlo=0.012899  Dhi=0.675245  err=0.000000  inc=-1.003456  bucket 0->0  (mf=1000)
Dropping frame 1403636934.551666
[MF-SEL] tPrev=(  d=0.055459  dMin=0.000000  dAvg=0.025822  dMax=1.324692  Dlo=0.012911  Dhi=0.675257  err=0.000000  inc=-1.003456  bucket 0->0  (mf=1000)
[MF-SEL] tPrev=(  d=0.032336  dMin=0.000000  dAvg=0.025827  dMax=1.324692  Dlo=0.012914  Dhi=0.675260  err=0.000000  inc=-1.003456  bucket 0->0  (mf=1000)
[MF-SEL] tPrev=(  d=0.029488  dMin=0.000000  dAvg=0.025830  dMax=1.324692  Dlo=0.012915  Dhi=0.675261  err=0.000000  inc=-1.003456  bucket 0->0  (mf=1000)
Dropping frame 1403636934.751667
[MF-SEL] tPrev=(  d=0.062591  dMin=0.000000  dAvg=0.025859  dMax=1.324692  Dlo=0.012930  Dhi=0.675276  err=0.000000  inc=-1.003456  bucket 0->0  (mf=1000)
Dropping frame 1403636934.851666
[MF-SEL] tPrev=(  d=0.062318  dMin=0.000000  dAvg=0.025888  dMax=1.324692  Dlo=0.012944  Dhi=0.675290  err=0.000000  inc=-1.003456  bucket 0->0  (mf=1000)
[MF-SEL] tPrev=(  d=0.030093  dMin=0.000000  dAvg=0.025891  dMax=1.324692  Dlo=0.012946  Dhi=0.675292  err=0.000000  inc=-1.003456  bucket 0->0  (mf=1000)
[MF-SEL] tPrev=(  d=0.040102  dMin=0.000000  dAvg=0.025903  dMax=1.324692  Dlo=0.012951  Dhi=0.675297  err=0.000000  inc=-1.003456  bucket 0->0  (mf=1000)
[MF-SEL] tPrev=(  d=0.031316  dMin=0.000000  dAvg=0.025907  dMax=1.324692  Dlo=0.012953  Dhi=0.675299  err=0.000000  inc=-1.003456  bucket 0->0  (mf=1000)
Dropping frame 1403636935.101666
[MF-SEL] tPrev=(  d=0.062728  dMin=0.000000  dAvg=0.025936  dMax=1.324692  Dlo=0.012968  Dhi=0.675314  err=0.000000  inc=-1.003456  bucket 0->0  (mf=1000)
Dropping frame 1403636935.201667
[MF-SEL] tPrev=(  d=0.056201  dMin=0.000000  dAvg=0.025960  dMax=1.324692  Dlo=0.012980  Dhi=0.675326  err=0.000000  inc=-1.003456  bucket 0->0  (mf=1000)
[MF-SEL] tPrev=(  d=0.027320  dMin=0.000000  dAvg=0.025961  dMax=1.324692  Dlo=0.012980  Dhi=0.675326  err=0.000000  inc=-1.003456  bucket 0->0  (mf=1000)
[MF-SEL] tPrev=(  d=0.026375  dMin=0.000000  dAvg=0.025961  dMax=1.324692  Dlo=0.012981  Dhi=0.675327  err=0.000000  inc=-1.003456  bucket 0->0  (mf=1000)
Dropping frame 1403636935.401667
[MF-SEL] tPrev=(  d=0.056698  dMin=0.000000  dAvg=0.025985  dMax=1.324692  Dlo=0.012993  Dhi=0.675339  err=0.000000  inc=-1.003456  bucket 0->0  (mf=1000)
[MF-SEL] tPrev=(  d=0.027667  dMin=0.000000  dAvg=0.025987  dMax=1.324692  Dlo=0.012993  Dhi=0.675339  err=0.000000  inc=-1.003456  bucket 0->0  (mf=1000)
[MF-SEL] tPrev=(  d=0.029083  dMin=0.000000  dAvg=0.025989  dMax=1.324692  Dlo=0.012995  Dhi=0.675341  err=0.000000  inc=-1.003456  bucket 0->0  (mf=1000)
Dropping frame 1403636935.601666
[MF-SEL] tPrev=(  d=0.058378  dMin=0.000000  dAvg=0.026015  dMax=1.324692  Dlo=0.013007  Dhi=0.675353  err=0.000000  inc=-1.003456  bucket 0->0  (mf=1000)
Dropping frame 1403636935.701667
[MF-SEL] tPrev=(  d=0.056723  dMin=0.000000  dAvg=0.026039  dMax=1.324692  Dlo=0.013019  Dhi=0.675365  err=0.000000  inc=-1.003456  bucket 0->0  (mf=1000)
Dropping frame 1403636935.801666
[MF-SEL] tPrev=(  d=0.056058  dMin=0.000000  dAvg=0.026062  dMax=1.324692  Dlo=0.013031  Dhi=0.675377  err=0.000000  inc=-1.003456  bucket 0->0  (mf=1000)
[MF-SEL] tPrev=(  d=0.028358  dMin=0.000000  dAvg=0.026064  dMax=1.324692  Dlo=0.013032  Dhi=0.675378  err=0.000000  inc=-1.003456  bucket 0->0  (mf=1000)
[MF-SEL] tPrev=(  d=0.029489  dMin=0.000000  dAvg=0.026067  dMax=1.324692  Dlo=0.013033  Dhi=0.675379  err=0.000000  inc=-1.003456  bucket 0->0  (mf=1000)
Dropping frame 1403636936.001667
[MF-SEL] tPrev=(  d=0.050670  dMin=0.000000  dAvg=0.026086  dMax=1.324692  Dlo=0.013043  Dhi=0.675389  err=0.000000  inc=-1.003456  bucket 0->0  (mf=1000)
[MF-SEL] tPrev=(  d=0.030063  dMin=0.000000  dAvg=0.026089  dMax=1.324692  Dlo=0.013044  Dhi=0.675391  err=0.000000  inc=-1.003456  bucket 0->0  (mf=1000)
[MF-SEL] tPrev=(  d=0.029525  dMin=0.000000  dAvg=0.026092  dMax=1.324692  Dlo=0.013046  Dhi=0.675392  err=0.000000  inc=-1.003456  bucket 0->0  (mf=1000)
Dropping frame 1403636936.201667
[MF-SEL] tPrev=(  d=0.029900  dMin=0.000000  dAvg=0.026095  dMax=1.324692  Dlo=0.013047  Dhi=0.675393  err=0.000000  inc=-1.003456  bucket 0->0  (mf=1000)
[MF-SEL] tPrev=(  d=0.025807  dMin=0.000000  dAvg=0.026094  dMax=1.324692  Dlo=0.013047  Dhi=0.675393  err=0.000000  inc=-1.003456  bucket 0->0  (mf=1000)
[MF-SEL] tPrev=(  d=0.025089  dMin=0.000000  dAvg=0.026094  dMax=1.324692  Dlo=0.013047  Dhi=0.675393  err=0.000000  inc=-1.003456  bucket 0->0  (mf=1000)
Dropping frame 1403636936.401667
[MF-SEL] tPrev=(  d=0.048094  dMin=0.000000  dAvg=0.026111  dMax=1.324692  Dlo=0.013055  Dhi=0.675401  err=0.000000  inc=-1.003456  bucket 0->0  (mf=1000)
[MF-SEL] tPrev=(  d=0.022867  dMin=0.000000  dAvg=0.026108  dMax=1.324692  Dlo=0.013054  Dhi=0.675400  err=0.000000  inc=-1.003456  bucket 0->0  (mf=1000)
[MF-SEL] tPrev=(  d=0.022119  dMin=0.000000  dAvg=0.026105  dMax=1.324692  Dlo=0.013053  Dhi=0.675399  err=0.000000  inc=-1.003456  bucket 0->0  (mf=1000)
Dropping frame 1403636936.601666
[MF-SEL] tPrev=(  d=0.041345  dMin=0.000000  dAvg=0.026117  dMax=1.324692  Dlo=0.013058  Dhi=0.675405  err=0.000000  inc=-1.003456  bucket 0->0  (mf=1000)
[MF-SEL] tPrev=(  d=0.020803  dMin=0.000000  dAvg=0.026113  dMax=1.324692  Dlo=0.013056  Dhi=0.675402  err=0.000000  inc=-1.003456  bucket 0->0  (mf=1000)
[MF-SEL] tPrev=(  d=0.036825  dMin=0.000000  dAvg=0.026121  dMax=1.324692  Dlo=0.013061  Dhi=0.675407  err=0.000000  inc=-1.003456  bucket 0->0  (mf=1000)
Dropping frame 1403636936.801666
[MF-SEL] tPrev=(  d=0.042560  dMin=0.000000  dAvg=0.026134  dMax=1.324692  Dlo=0.013067  Dhi=0.675413  err=0.000000  inc=-1.003456  bucket 0->0  (mf=1000)
Dropping frame 1403636936.901667
[MF-SEL] tPrev=(  d=0.046806  dMin=0.000000  dAvg=0.026150  dMax=1.324692  Dlo=0.013075  Dhi=0.675421  err=0.000000  inc=-1.003456  bucket 0->0  (mf=1000)
Dropping frame 1403636937.001667
[MF-SEL] tPrev=(  d=0.030600  dMin=0.000000  dAvg=0.026153  dMax=1.324692  Dlo=0.013077  Dhi=0.675423  err=0.000000  inc=-1.003456  bucket 0->0  (mf=1000)
[MF-SEL] tPrev=(  d=0.019260  dMin=0.000000  dAvg=0.026148  dMax=1.324692  Dlo=0.013074  Dhi=0.675420  err=0.000000  inc=-1.003456  bucket 0->0  (mf=1000)
[MF-SEL] tPrev=(  d=0.018514  dMin=0.000000  dAvg=0.026142  dMax=1.324692  Dlo=0.013071  Dhi=0.675417  err=0.000000  inc=-1.003456  bucket 0->0  (mf=1000)
Dropping frame 1403636937.201667
[MF-SEL] tPrev=(  d=0.036834  dMin=0.000000  dAvg=0.026150  dMax=1.324692  Dlo=0.013075  Dhi=0.675421  err=0.000000  inc=-1.003456  bucket 0->0  (mf=1000)
[MF-SEL] tPrev=(  d=0.018235  dMin=0.000000  dAvg=0.026144  dMax=1.324692  Dlo=0.013072  Dhi=0.675418  err=0.000000  inc=-1.003456  bucket 0->0  (mf=1000)
[MF-SEL] tPrev=(  d=0.017883  dMin=0.000000  dAvg=0.026138  dMax=1.324692  Dlo=0.013069  Dhi=0.675415  err=0.000000  inc=-1.003456  bucket 0->0  (mf=1000)
Dropping frame 1403636937.401667
[MF-SEL] tPrev=(  d=0.036593  dMin=0.000000  dAvg=0.026146  dMax=1.324692  Dlo=0.013073  Dhi=0.675419  err=0.000000  inc=-1.003456  bucket 0->0  (mf=1000)
[MF-SEL] tPrev=(  d=0.032457  dMin=0.000000  dAvg=0.026151  dMax=1.324692  Dlo=0.013075  Dhi=0.675421  err=0.000000  inc=-1.003456  bucket 0->0  (mf=1000)
[MF-SEL] tPrev=(  d=0.018095  dMin=0.000000  dAvg=0.026145  dMax=1.324692  Dlo=0.013072  Dhi=0.675418  err=0.000000  inc=-1.003456  bucket 0->0  (mf=1000)
Dropping frame 1403636937.601666
[MF-SEL] tPrev=(  d=0.035129  dMin=0.000000  dAvg=0.026151  dMax=1.324692  Dlo=0.013076  Dhi=0.675422  err=0.000000  inc=-1.003456  bucket 0->0  (mf=1000)
[MF-SEL] tPrev=(  d=0.017878  dMin=0.000000  dAvg=0.026145  dMax=1.324692  Dlo=0.013073  Dhi=0.675419  err=0.000000  inc=-1.003456  bucket 0->0  (mf=1000)
[MF-SEL] tPrev=(  d=0.018039  dMin=0.000000  dAvg=0.026139  dMax=1.324692  Dlo=0.013069  Dhi=0.675416  err=0.000000  inc=-1.003456  bucket 0->0  (mf=1000)
Dropping frame 1403636937.801666
[MF-SEL] tPrev=(  d=0.042724  dMin=0.000000  dAvg=0.026152  dMax=1.324692  Dlo=0.013076  Dhi=0.675422  err=0.000000  inc=-1.003456  bucket 0->0  (mf=1000)
[MF-SEL] tPrev=(  d=0.017290  dMin=0.000000  dAvg=0.026145  dMax=1.324692  Dlo=0.013072  Dhi=0.675418  err=0.000000  inc=-1.003456  bucket 0->0  (mf=1000)
[MF-SEL] tPrev=(  d=0.019237  dMin=0.000000  dAvg=0.026140  dMax=1.324692  Dlo=0.013070  Dhi=0.675416  err=0.000000  inc=-1.003456  bucket 0->0  (mf=1000)
Dropping frame 1403636938.001667
[MF-SEL] tPrev=(  d=0.031177  dMin=0.000000  dAvg=0.026143  dMax=1.324692  Dlo=0.013072  Dhi=0.675418  err=0.000000  inc=-1.003456  bucket 0->0  (mf=1000)
Dropping frame 1403636938.101666
[MF-SEL] tPrev=(  d=0.025811  dMin=0.000000  dAvg=0.026143  dMax=1.324692  Dlo=0.013072  Dhi=0.675418  err=0.000000  inc=-1.003456  bucket 0->0  (mf=1000)
[MF-SEL] tPrev=(  d=0.014578  dMin=0.000000  dAvg=0.026134  dMax=1.324692  Dlo=0.013067  Dhi=0.675413  err=0.000000  inc=-1.003456  bucket 0->0  (mf=1000)
[MF-SEL] tPrev=(  d=0.040511  dMin=0.000000  dAvg=0.026145  dMax=1.324692  Dlo=0.013073  Dhi=0.675419  err=0.000000  inc=-1.003456  bucket 0->0  (mf=1000)
Dropping frame 1403636938.301666
[MF-SEL] tPrev=(  d=0.030706  dMin=0.000000  dAvg=0.026149  dMax=1.324692  Dlo=0.013074  Dhi=0.675420  err=0.000000  inc=-1.003456  bucket 0->0  (mf=1000)
[MF-SEL] tPrev=(  d=0.016323  dMin=0.000000  dAvg=0.026141  dMax=1.324692  Dlo=0.013071  Dhi=0.675417  err=0.000000  inc=-1.003456  bucket 0->0  (mf=1000)
[MF-SEL] tPrev=(  d=0.017438  dMin=0.000000  dAvg=0.026135  dMax=1.324692  Dlo=0.013067  Dhi=0.675413  err=0.000000  inc=-1.003456  bucket 0->0  (mf=1000)
Dropping frame 1403636938.501667
[MF-SEL] tPrev=(  d=0.033084  dMin=0.000000  dAvg=0.026140  dMax=1.324692  Dlo=0.013070  Dhi=0.675416  err=0.000000  inc=-1.003456  bucket 0->0  (mf=1000)
[MF-SEL] tPrev=(  d=0.020645  dMin=0.000000  dAvg=0.026136  dMax=1.324692  Dlo=0.013068  Dhi=0.675414  err=0.000000  inc=-1.003456  bucket 0->0  (mf=1000)
[MF-SEL] tPrev=(  d=0.022052  dMin=0.000000  dAvg=0.026133  dMax=1.324692  Dlo=0.013066  Dhi=0.675412  err=0.000000  inc=-1.003456  bucket 0->0  (mf=1000)
Dropping frame 1403636938.701667
[MF-SEL] tPrev=(  d=0.050519  dMin=0.000000  dAvg=0.026151  dMax=1.324692  Dlo=0.013076  Dhi=0.675422  err=0.000000  inc=-1.003456  bucket 0->0  (mf=1000)
[MF-SEL] tPrev=(  d=0.026423  dMin=0.000000  dAvg=0.026151  dMax=1.324692  Dlo=0.013076  Dhi=0.675422  err=0.000000  inc=-1.003456  bucket 0->0  (mf=1000)
[MF-SEL] tPrev=(  d=0.027996  dMin=0.000000  dAvg=0.026153  dMax=1.324692  Dlo=0.013076  Dhi=0.675422  err=0.000000  inc=-1.003456  bucket 0->0  (mf=1000)
Dropping frame 1403636938.901667
[MF-SEL] tPrev=(  d=0.061644  dMin=0.000000  dAvg=0.026180  dMax=1.324692  Dlo=0.013090  Dhi=0.675436  err=0.000000  inc=-1.003456  bucket 0->0  (mf=1000)
Dropping frame 1403636939.001667
[MF-SEL] tPrev=(  d=0.074791  dMin=0.000000  dAvg=0.026216  dMax=1.324692  Dlo=0.013108  Dhi=0.675454  err=0.000000  inc=-1.003456  bucket 0->0  (mf=1000)
[MF-SEL] tPrev=(  d=0.029408  dMin=0.000000  dAvg=0.026219  dMax=1.324692  Dlo=0.013109  Dhi=0.675455  err=0.000000  inc=-1.003456  bucket 0->0  (mf=1000)
[MF-SEL] tPrev=(  d=0.029086  dMin=0.000000  dAvg=0.026221  dMax=1.324692  Dlo=0.013110  Dhi=0.675457  err=0.000000  inc=-1.003456  bucket 0->0  (mf=1000)
Dropping frame 1403636939.201667
[MF-SEL] tPrev=(  d=0.073051  dMin=0.000000  dAvg=0.026256  dMax=1.324692  Dlo=0.013128  Dhi=0.675474  err=0.000000  inc=-1.003456  bucket 0->0  (mf=1000)
[MF-SEL] tPrev=(  d=0.030711  dMin=0.000000  dAvg=0.026260  dMax=1.324692  Dlo=0.013130  Dhi=0.675476  err=0.000000  inc=-1.003456  bucket 0->0  (mf=1000)
[MF-SEL] tPrev=(  d=0.030649  dMin=0.000000  dAvg=0.026263  dMax=1.324692  Dlo=0.013131  Dhi=0.675478  err=0.000000  inc=-1.003456  bucket 0->0  (mf=1000)
Dropping frame 1403636939.401667
[MF-SEL] tPrev=(  d=0.060284  dMin=0.000000  dAvg=0.026289  dMax=1.324692  Dlo=0.013144  Dhi=0.675490  err=0.000000  inc=-1.003456  bucket 0->0  (mf=1000)
Dropping frame 1403636939.501667
[MF-SEL] tPrev=(  d=0.086083  dMin=0.000000  dAvg=0.026334  dMax=1.324692  Dlo=0.013167  Dhi=0.675513  err=0.000000  inc=-1.003456  bucket 0->0  (mf=1000)
[MF-SEL] tPrev=(  d=0.030478  dMin=0.000000  dAvg=0.026337  dMax=1.324692  Dlo=0.013168  Dhi=0.675514  err=0.000000  inc=-1.003456  bucket 0->0  (mf=1000)
[MF-SEL] tPrev=(  d=0.031316  dMin=0.000000  dAvg=0.026340  dMax=1.324692  Dlo=0.013170  Dhi=0.675516  err=0.000000  inc=-1.003456  bucket 0->0  (mf=1000)
Dropping frame 1403636939.701667
[MF-SEL] tPrev=(  d=0.066548  dMin=0.000000  dAvg=0.026371  dMax=1.324692  Dlo=0.013185  Dhi=0.675531  err=0.000000  inc=-1.003456  bucket 0->0  (mf=1000)
[MF-SEL] tPrev=(  d=0.039853  dMin=0.000000  dAvg=0.026381  dMax=1.324692  Dlo=0.013190  Dhi=0.675536  err=0.000000  inc=-1.003456  bucket 0->0  (mf=1000)
[MF-SEL] tPrev=(  d=0.033989  dMin=0.000000  dAvg=0.026386  dMax=1.324692  Dlo=0.013193  Dhi=0.675539  err=0.000000  inc=-1.003456  bucket 0->0  (mf=1000)
Dropping frame 1403636939.901667
[MF-SEL] tPrev=(  d=0.071420  dMin=0.000000  dAvg=0.026420  dMax=1.324692  Dlo=0.013210  Dhi=0.675556  err=0.000000  inc=-1.003456  bucket 0->0  (mf=1000)
[MF-SEL] tPrev=(  d=0.038040  dMin=0.000000  dAvg=0.026429  dMax=1.324692  Dlo=0.013214  Dhi=0.675561  err=0.000000  inc=-1.003456  bucket 0->0  (mf=1000)
[MF-SEL] tPrev=(  d=0.047274  dMin=0.000000  dAvg=0.026444  dMax=1.324692  Dlo=0.013222  Dhi=0.675568  err=0.000000  inc=-1.003456  bucket 0->0  (mf=1000)
Dropping frame 1403636940.101666
[MF-SEL] tPrev=(  d=0.081132  dMin=0.000000  dAvg=0.026485  dMax=1.324692  Dlo=0.013243  Dhi=0.675589  err=0.000000  inc=-1.003456  bucket 0->0  (mf=1000)
[MF-SEL] tPrev=(  d=0.041042  dMin=0.000000  dAvg=0.026496  dMax=1.324692  Dlo=0.013248  Dhi=0.675594  err=0.000000  inc=-1.003456  bucket 0->0  (mf=1000)
[MF-SEL] tPrev=(  d=0.041382  dMin=0.000000  dAvg=0.026507  dMax=1.324692  Dlo=0.013254  Dhi=0.675600  err=0.000000  inc=-1.003456  bucket 0->0  (mf=1000)
Dropping frame 1403636940.301666
[MF-SEL] tPrev=(  d=0.087822  dMin=0.000000  dAvg=0.026553  dMax=1.324692  Dlo=0.013277  Dhi=0.675623  err=0.000000  inc=-1.003456  bucket 0->0  (mf=1000)
[MF-SEL] tPrev=(  d=0.062875  dMin=0.000000  dAvg=0.026580  dMax=1.324692  Dlo=0.013290  Dhi=0.675636  err=0.000000  inc=-1.003456  bucket 0->0  (mf=1000)
[MF-SEL] tPrev=(  d=0.045634  dMin=0.000000  dAvg=0.026594  dMax=1.324692  Dlo=0.013297  Dhi=0.675643  err=0.000000  inc=-1.003456  bucket 0->0  (mf=1000)
Dropping frame 1403636940.501667
[MF-SEL] tPrev=(  d=0.092716  dMin=0.000000  dAvg=0.026643  dMax=1.324692  Dlo=0.013322  Dhi=0.675668  err=0.000000  inc=-1.003456  bucket 0->0  (mf=1000)
[MF-SEL] tPrev=(  d=0.047427  dMin=0.000000  dAvg=0.026659  dMax=1.324692  Dlo=0.013329  Dhi=0.675676  err=0.000000  inc=-1.003456  bucket 0->0  (mf=1000)
[MF-SEL] tPrev=(  d=0.049997  dMin=0.000000  dAvg=0.026676  dMax=1.324692  Dlo=0.013338  Dhi=0.675684  err=0.000000  inc=-1.003456  bucket 0->0  (mf=1000)
[MF-SEL] tPrev=(  d=0.046657  dMin=0.000000  dAvg=0.026691  dMax=1.324692  Dlo=0.013346  Dhi=0.675692  err=0.000000  inc=-1.003456  bucket 0->0  (mf=1000)
Dropping frame 1403636940.751667
[MF-SEL] tPrev=(  d=0.093763  dMin=0.000000  dAvg=0.026741  dMax=1.324692  Dlo=0.013370  Dhi=0.675717  err=0.000000  inc=-1.003456  bucket 0->0  (mf=1000)
[MF-SEL] tPrev=(  d=0.063130  dMin=0.000000  dAvg=0.026768  dMax=1.324692  Dlo=0.013384  Dhi=0.675730  err=0.000000  inc=-1.003456  bucket 0->0  (mf=1000)
[MF-SEL] tPrev=(  d=0.045818  dMin=0.000000  dAvg=0.026782  dMax=1.324692  Dlo=0.013391  Dhi=0.675737  err=0.000000  inc=-1.003456  bucket 0->0  (mf=1000)
Dropping frame 1403636940.951666
[MF-SEL] tPrev=(  d=0.087321  dMin=0.000000  dAvg=0.026827  dMax=1.324692  Dlo=0.013413  Dhi=0.675759  err=0.000000  inc=-1.003456  bucket 0->0  (mf=1000)
[MF-SEL] tPrev=(  d=0.042487  dMin=0.000000  dAvg=0.026838  dMax=1.324692  Dlo=0.013419  Dhi=0.675765  err=0.000000  inc=-1.003456  bucket 0->0  (mf=1000)
[MF-SEL] tPrev=(  d=0.043264  dMin=0.000000  dAvg=0.026850  dMax=1.324692  Dlo=0.013425  Dhi=0.675771  err=0.000000  inc=-1.003456  bucket 0->0  (mf=1000)
[MF-SEL] tPrev=(  d=0.042676  dMin=0.000000  dAvg=0.026862  dMax=1.324692  Dlo=0.013431  Dhi=0.675777  err=0.000000  inc=-1.003456  bucket 0->0  (mf=1000)
[MF-SEL] tPrev=(  d=0.042280  dMin=0.000000  dAvg=0.026874  dMax=1.324692  Dlo=0.013437  Dhi=0.675783  err=0.000000  inc=-1.003456  bucket 0->0  (mf=1000)
Dropping frame 1403636941.251667
[MF-SEL] tPrev=(  d=0.078958  dMin=0.000000  dAvg=0.026912  dMax=1.324692  Dlo=0.013456  Dhi=0.675802  err=0.000000  inc=-1.003456  bucket 0->0  (mf=1000)
[MF-SEL] tPrev=(  d=0.039171  dMin=0.000000  dAvg=0.026921  dMax=1.324692  Dlo=0.013461  Dhi=0.675807  err=0.000000  inc=-1.003456  bucket 0->0  (mf=1000)
[MF-SEL] tPrev=(  d=0.039288  dMin=0.000000  dAvg=0.026930  dMax=1.324692  Dlo=0.013465  Dhi=0.675811  err=0.000000  inc=-1.003456  bucket 0->0  (mf=1000)
Dropping frame 1403636941.451666
[MF-SEL] tPrev=(  d=0.081225  dMin=0.000000  dAvg=0.026970  dMax=1.324692  Dlo=0.013485  Dhi=0.675831  err=0.000000  inc=-1.003456  bucket 0->0  (mf=1000)
[MF-SEL] tPrev=(  d=0.049393  dMin=0.000000  dAvg=0.026987  dMax=1.324692  Dlo=0.013493  Dhi=0.675839  err=0.000000  inc=-1.003456  bucket 0->0  (mf=1000)
[MF-SEL] tPrev=(  d=0.039496  dMin=0.000000  dAvg=0.026996  dMax=1.324692  Dlo=0.013498  Dhi=0.675844  err=0.000000  inc=-1.003456  bucket 0->0  (mf=1000)
Dropping frame 1403636941.651666
[MF-SEL] tPrev=(  d=0.079773  dMin=0.000000  dAvg=0.027034  dMax=1.324692  Dlo=0.013517  Dhi=0.675863  err=0.000000  inc=-1.003456  bucket 0->0  (mf=1000)
[MF-SEL] tPrev=(  d=0.039236  dMin=0.000000  dAvg=0.027043  dMax=1.324692  Dlo=0.013522  Dhi=0.675868  err=0.000000  inc=-1.003456  bucket 0->0  (mf=1000)
[MF-SEL] tPrev=(  d=0.038585  dMin=0.000000  dAvg=0.027052  dMax=1.324692  Dlo=0.013526  Dhi=0.675872  err=0.000000  inc=-1.003456  bucket 0->0  (mf=1000)
Dropping frame 1403636941.851666
[MF-SEL] tPrev=(  d=0.075650  dMin=0.000000  dAvg=0.027088  dMax=1.324692  Dlo=0.013544  Dhi=0.675890  err=0.000000  inc=-1.003456  bucket 0->0  (mf=1000)
Dropping frame 1403636941.951666
[MF-SEL] tPrev=(  d=0.074252  dMin=0.000000  dAvg=0.027122  dMax=1.324692  Dlo=0.013561  Dhi=0.675907  err=0.000000  inc=-1.003456  bucket 0->0  (mf=1000)
[MF-SEL] tPrev=(  d=0.037810  dMin=0.000000  dAvg=0.027130  dMax=1.324692  Dlo=0.013565  Dhi=0.675911  err=0.000000  inc=-1.003456  bucket 0->0  (mf=1000)
[MF-SEL] tPrev=(  d=0.054548  dMin=0.000000  dAvg=0.027150  dMax=1.324692  Dlo=0.013575  Dhi=0.675921  err=0.000000  inc=-1.003456  bucket 0->0  (mf=1000)
[MF-SEL] tPrev=(  d=0.037369  dMin=0.000000  dAvg=0.027157  dMax=1.324692  Dlo=0.013579  Dhi=0.675925  err=0.000000  inc=-1.003456  bucket 0->0  (mf=1000)
Dropping frame 1403636942.201667
[MF-SEL] tPrev=(  d=0.074044  dMin=0.000000  dAvg=0.027192  dMax=1.324692  Dlo=0.013596  Dhi=0.675942  err=0.000000  inc=-1.003456  bucket 0->0  (mf=1000)
[MF-SEL] tPrev=(  d=0.036369  dMin=0.000000  dAvg=0.027198  dMax=1.324692  Dlo=0.013599  Dhi=0.675945  err=0.000000  inc=-1.003456  bucket 0->0  (mf=1000)
[MF-SEL] tPrev=(  d=0.036786  dMin=0.000000  dAvg=0.027205  dMax=1.324692  Dlo=0.013603  Dhi=0.675949  err=0.000000  inc=-1.003456  bucket 0->0  (mf=1000)
Dropping frame 1403636942.401667
[MF-SEL] tPrev=(  d=0.073728  dMin=0.000000  dAvg=0.027239  dMax=1.324692  Dlo=0.013620  Dhi=0.675966  err=0.000000  inc=-1.003456  bucket 0->0  (mf=1000)
[MF-SEL] tPrev=(  d=0.037889  dMin=0.000000  dAvg=0.027247  dMax=1.324692  Dlo=0.013623  Dhi=0.675970  err=0.000000  inc=-1.003456  bucket 0->0  (mf=1000)
[MF-SEL] tPrev=(  d=0.039266  dMin=0.000000  dAvg=0.027256  dMax=1.324692  Dlo=0.013628  Dhi=0.675974  err=0.000000  inc=-1.003456  bucket 0->0  (mf=1000)
Dropping frame 1403636942.601666
[MF-SEL] tPrev=(  d=0.119092  dMin=0.000000  dAvg=0.027322  dMax=1.324692  Dlo=0.013661  Dhi=0.676007  err=0.000000  inc=-1.003456  bucket 0->0  (mf=1000)
Dropping frame 1403636942.701667
[MF-SEL] tPrev=(  d=0.089820  dMin=0.000000  dAvg=0.027368  dMax=1.324692  Dlo=0.013684  Dhi=0.676030  err=0.000000  inc=-1.003456  bucket 0->0  (mf=1000)
[MF-SEL] tPrev=(  d=0.043211  dMin=0.000000  dAvg=0.027379  dMax=1.324692  Dlo=0.013690  Dhi=0.676036  err=0.000000  inc=-1.003456  bucket 0->0  (mf=1000)
[MF-SEL] tPrev=(  d=0.042508  dMin=0.000000  dAvg=0.027390  dMax=1.324692  Dlo=0.013695  Dhi=0.676041  err=0.000000  inc=-1.003456  bucket 0->0  (mf=1000)
Dropping frame 1403636942.901667
[MF-SEL] tPrev=(  d=0.082532  dMin=0.000000  dAvg=0.027430  dMax=1.324692  Dlo=0.013715  Dhi=0.676061  err=0.000000  inc=-1.003456  bucket 0->0  (mf=1000)
[MF-SEL] tPrev=(  d=0.039466  dMin=0.000000  dAvg=0.027439  dMax=1.324692  Dlo=0.013719  Dhi=0.676066  err=0.000000  inc=-1.003456  bucket 0->0  (mf=1000)
[MF-SEL] tPrev=(  d=0.042217  dMin=0.000000  dAvg=0.027450  dMax=1.324692  Dlo=0.013725  Dhi=0.676071  err=0.000000  inc=-1.003456  bucket 0->0  (mf=1000)
[MF-SEL] tPrev=(  d=0.039943  dMin=0.000000  dAvg=0.027459  dMax=1.324692  Dlo=0.013729  Dhi=0.676075  err=0.000000  inc=-1.003456  bucket 0->0  (mf=1000)
Dropping frame 1403636943.151666
[MF-SEL] tPrev=(  d=0.079460  dMin=0.000000  dAvg=0.027496  dMax=1.324692  Dlo=0.013748  Dhi=0.676094  err=0.000000  inc=-1.003456  bucket 0->0  (mf=1000)
Dropping frame 1403636943.251667
[MF-SEL] tPrev=(  d=0.070297  dMin=0.000000  dAvg=0.027527  dMax=1.324692  Dlo=0.013764  Dhi=0.676110  err=0.000000  inc=-1.003456  bucket 0->0  (mf=1000)
[MF-SEL] tPrev=(  d=0.040000  dMin=0.000000  dAvg=0.027536  dMax=1.324692  Dlo=0.013768  Dhi=0.676114  err=0.000000  inc=-1.003456  bucket 0->0  (mf=1000)
[MF-SEL] tPrev=(  d=0.039152  dMin=0.000000  dAvg=0.027544  dMax=1.324692  Dlo=0.013772  Dhi=0.676118  err=0.000000  inc=-1.003456  bucket 0->0  (mf=1000)
Dropping frame 1403636943.451666
[MF-SEL] tPrev=(  d=0.076526  dMin=0.000000  dAvg=0.027580  dMax=1.324692  Dlo=0.013790  Dhi=0.676136  err=0.000000  inc=-1.003456  bucket 0->0  (mf=1000)
Dropping frame 1403636943.551666
[MF-SEL] tPrev=(  d=0.079021  dMin=0.000000  dAvg=0.027617  dMax=1.324692  Dlo=0.013808  Dhi=0.676154  err=0.000000  inc=-1.003456  bucket 0->0  (mf=1000)
Dropping frame 1403636943.651666
[MF-SEL] tPrev=(  d=0.078412  dMin=0.000000  dAvg=0.027653  dMax=1.324692  Dlo=0.013827  Dhi=0.676173  err=0.000000  inc=-1.003456  bucket 0->0  (mf=1000)
[MF-SEL] tPrev=(  d=0.040127  dMin=0.000000  dAvg=0.027662  dMax=1.324692  Dlo=0.013831  Dhi=0.676177  err=0.000000  inc=-1.003456  bucket 0->0  (mf=1000)
[MF-SEL] tPrev=(  d=0.039834  dMin=0.000000  dAvg=0.027671  dMax=1.324692  Dlo=0.013836  Dhi=0.676182  err=0.000000  inc=-1.003456  bucket 0->0  (mf=1000)
[MF-SEL] tPrev=(  d=0.039554  dMin=0.000000  dAvg=0.027680  dMax=1.324692  Dlo=0.013840  Dhi=0.676186  err=0.000000  inc=-1.003456  bucket 0->0  (mf=1000)
[MF-SEL] tPrev=(  d=0.040032  dMin=0.000000  dAvg=0.027688  dMax=1.324692  Dlo=0.013844  Dhi=0.676190  err=0.000000  inc=-1.003456  bucket 0->0  (mf=1000)
Dropping frame 1403636943.951666
[MF-SEL] tPrev=(  d=0.095622  dMin=0.000000  dAvg=0.027737  dMax=1.324692  Dlo=0.013869  Dhi=0.676215  err=0.000000  inc=-1.003456  bucket 0->0  (mf=1000)
Dropping frame 1403636944.051666
[MF-SEL] tPrev=(  d=0.079248  dMin=0.000000  dAvg=0.027774  dMax=1.324692  Dlo=0.013887  Dhi=0.676233  err=0.000000  inc=-1.003456  bucket 0->0  (mf=1000)
[MF-SEL] tPrev=(  d=0.036893  dMin=0.000000  dAvg=0.027781  dMax=1.324692  Dlo=0.013890  Dhi=0.676236  err=0.000000  inc=-1.003456  bucket 0->0  (mf=1000)
[MF-SEL] tPrev=(  d=0.038905  dMin=0.000000  dAvg=0.027789  dMax=1.324692  Dlo=0.013894  Dhi=0.676240  err=0.000000  inc=-1.003456  bucket 0->0  (mf=1000)
[MF-SEL] tPrev=(  d=0.032623  dMin=0.000000  dAvg=0.027792  dMax=1.324692  Dlo=0.013896  Dhi=0.676242  err=0.000000  inc=-1.003456  bucket 0->0  (mf=1000)
[MF-SEL] tPrev=(  d=0.030351  dMin=0.000000  dAvg=0.027794  dMax=1.324692  Dlo=0.013897  Dhi=0.676243  err=0.000000  inc=-1.003456  bucket 0->0  (mf=1000)
[MF-SEL] tPrev=(  d=0.027573  dMin=0.000000  dAvg=0.027794  dMax=1.324692  Dlo=0.013897  Dhi=0.676243  err=0.000000  inc=-1.003456  bucket 0->0  (mf=1000)
[MF-SEL] tPrev=(  d=0.026368  dMin=0.000000  dAvg=0.027793  dMax=1.324692  Dlo=0.013896  Dhi=0.676242  err=0.000000  inc=-1.003456  bucket 0->0  (mf=1000)
Dropping frame 1403636944.451666
[MF-SEL] tPrev=(  d=0.055422  dMin=0.000000  dAvg=0.027812  dMax=1.324692  Dlo=0.013906  Dhi=0.676252  err=0.000000  inc=-1.003456  bucket 0->0  (mf=1000)
Dropping frame 1403636944.551666
[MF-SEL] tPrev=(  d=0.049549  dMin=0.000000  dAvg=0.027828  dMax=1.324692  Dlo=0.013914  Dhi=0.676260  err=0.000000  inc=-1.003456  bucket 0->0  (mf=1000)
[MF-SEL] tPrev=(  d=0.021386  dMin=0.000000  dAvg=0.027823  dMax=1.324692  Dlo=0.013912  Dhi=0.676258  err=0.000000  inc=-1.003456  bucket 0->0  (mf=1000)
Dropping frame 1403636944.701667
[MF-SEL] tPrev=(  d=0.040773  dMin=0.000000  dAvg=0.027832  dMax=1.324692  Dlo=0.013916  Dhi=0.676262  err=0.000000  inc=-1.003456  bucket 0->0  (mf=1000)
[MF-SEL] tPrev=(  d=0.019712  dMin=0.000000  dAvg=0.027827  dMax=1.324692  Dlo=0.013913  Dhi=0.676259  err=0.000000  inc=-1.003456  bucket 0->0  (mf=1000)
[MF-SEL] tPrev=(  d=0.019557  dMin=0.000000  dAvg=0.027821  dMax=1.324692  Dlo=0.013910  Dhi=0.676256  err=0.000000  inc=-1.003456  bucket 0->0  (mf=1000)
Dropping frame 1403636944.901667
[MF-SEL] tPrev=(  d=0.033912  dMin=0.000000  dAvg=0.027825  dMax=1.324692  Dlo=0.013913  Dhi=0.676259  err=0.000000  inc=-1.003456  bucket 0->0  (mf=1000)
[MF-SEL] tPrev=(  d=0.069656  dMin=0.000000  dAvg=0.027855  dMax=1.324692  Dlo=0.013927  Dhi=0.676273  err=0.000000  inc=-1.003456  bucket 0->0  (mf=1000)
[MF-SEL] tPrev=(  d=0.009984  dMin=0.000000  dAvg=0.027842  dMax=1.324692  Dlo=0.013921  Dhi=0.676267  err=-1.000000  inc=-1.909329  bucket 0->0  (mf=1000)
Dropping frame 1403636945.101666
[MF-SEL] tPrev=(  d=0.028420  dMin=0.000000  dAvg=0.027843  dMax=1.324692  Dlo=0.013921  Dhi=0.676267  err=0.000000  inc=-0.841530  bucket 0->0  (mf=1000)
Dropping frame 1403636945.201667
[MF-SEL] tPrev=(  d=0.027197  dMin=0.000000  dAvg=0.027842  dMax=1.324692  Dlo=0.013921  Dhi=0.676267  err=0.000000  inc=-1.006094  bucket 0->0  (mf=1000)
Dropping frame 1403636945.301666
[MF-SEL] tPrev=(  d=0.027444  dMin=0.000000  dAvg=0.027842  dMax=1.324692  Dlo=0.013921  Dhi=0.676267  err=0.000000  inc=-1.006094  bucket 0->0  (mf=1000)
[MF-SEL] tPrev=(  d=0.012587  dMin=0.000000  dAvg=0.027831  dMax=1.324692  Dlo=0.013916  Dhi=0.676262  err=-1.000000  inc=-1.918123  bucket 0->0  (mf=1000)
[MF-SEL] tPrev=(  d=0.013737  dMin=0.000000  dAvg=0.027821  dMax=1.324692  Dlo=0.013911  Dhi=0.676257  err=-1.000000  inc=-1.610709  bucket 0->0  (mf=1000)
Dropping frame 1403636945.501667
[MF-SEL] tPrev=(  d=0.029421  dMin=0.000000  dAvg=0.027822  dMax=1.324692  Dlo=0.013911  Dhi=0.676257  err=0.000000  inc=-0.843177  bucket 0->0  (mf=1000)
[MF-SEL] tPrev=(  d=0.013319  dMin=0.000000  dAvg=0.027812  dMax=1.324692  Dlo=0.013906  Dhi=0.676252  err=-1.000000  inc=-1.937542  bucket 0->0  (mf=1000)
[MF-SEL] tPrev=(  d=0.014386  dMin=0.000000  dAvg=0.027803  dMax=1.324692  Dlo=0.013901  Dhi=0.676247  err=0.000000  inc=-0.677354  bucket 0->0  (mf=1000)
Dropping frame 1403636945.701667
[MF-SEL] tPrev=(  d=0.038182  dMin=0.000000  dAvg=0.027810  dMax=1.324692  Dlo=0.013905  Dhi=0.676251  err=0.000000  inc=-1.013175  bucket 0->0  (mf=1000)
Dropping frame 1403636945.801666
[MF-SEL] tPrev=(  d=0.038827  dMin=0.000000  dAvg=0.027818  dMax=1.324692  Dlo=0.013909  Dhi=0.676255  err=0.000000  inc=-1.013175  bucket 0->0  (mf=1000)
Dropping frame 1403636945.901667
[MF-SEL] tPrev=(  d=0.037250  dMin=0.000000  dAvg=0.027824  dMax=1.324692  Dlo=0.013912  Dhi=0.676258  err=0.000000  inc=-1.013175  bucket 0->0  (mf=1000)
[MF-SEL] tPrev=(  d=0.014715  dMin=0.000000  dAvg=0.027815  dMax=1.324692  Dlo=0.013907  Dhi=0.676254  err=0.000000  inc=-1.013175  bucket 0->0  (mf=1000)
[MF-SEL] tPrev=(  d=0.035640  dMin=0.000000  dAvg=0.027820  dMax=1.324692  Dlo=0.013910  Dhi=0.676256  err=0.000000  inc=-1.013175  bucket 0->0  (mf=1000)
Dropping frame 1403636946.101666
[MF-SEL] tPrev=(  d=0.033933  dMin=0.000000  dAvg=0.027825  dMax=1.324692  Dlo=0.013912  Dhi=0.676258  err=0.000000  inc=-1.013175  bucket 0->0  (mf=1000)
Dropping frame 1403636946.201667
[MF-SEL] tPrev=(  d=0.038025  dMin=0.000000  dAvg=0.027832  dMax=1.324692  Dlo=0.013916  Dhi=0.676262  err=0.000000  inc=-1.013175  bucket 0->0  (mf=1000)
Dropping frame 1403636946.301666
[MF-SEL] tPrev=(  d=0.038958  dMin=0.000000  dAvg=0.027840  dMax=1.324692  Dlo=0.013920  Dhi=0.676266  err=0.000000  inc=-1.013175  bucket 0->0  (mf=1000)
[MF-SEL] tPrev=(  d=0.021368  dMin=0.000000  dAvg=0.027835  dMax=1.324692  Dlo=0.013918  Dhi=0.676264  err=0.000000  inc=-1.013175  bucket 0->0  (mf=1000)
[MF-SEL] tPrev=(  d=0.023438  dMin=0.000000  dAvg=0.027832  dMax=1.324692  Dlo=0.013916  Dhi=0.676262  err=0.000000  inc=-1.013175  bucket 0->0  (mf=1000)
Dropping frame 1403636946.501667
[MF-SEL] tPrev=(  d=0.080582  dMin=0.000000  dAvg=0.027869  dMax=1.324692  Dlo=0.013935  Dhi=0.676281  err=0.000000  inc=-1.013175  bucket 0->0  (mf=1000)
Dropping frame 1403636946.601666
[MF-SEL] tPrev=(  d=0.055359  dMin=0.000000  dAvg=0.027888  dMax=1.324692  Dlo=0.013944  Dhi=0.676290  err=0.000000  inc=-1.013175  bucket 0->0  (mf=1000)
[MF-SEL] tPrev=(  d=0.022985  dMin=0.000000  dAvg=0.027885  dMax=1.324692  Dlo=0.013942  Dhi=0.676288  err=0.000000  inc=-1.013175  bucket 0->0  (mf=1000)
[MF-SEL] tPrev=(  d=0.022560  dMin=0.000000  dAvg=0.027881  dMax=1.324692  Dlo=0.013941  Dhi=0.676287  err=0.000000  inc=-1.013175  bucket 0->0  (mf=1000)
Dropping frame 1403636946.801666
[MF-SEL] tPrev=(  d=0.034366  dMin=0.000000  dAvg=0.027886  dMax=1.324692  Dlo=0.013943  Dhi=0.676289  err=0.000000  inc=-1.013175  bucket 0->0  (mf=1000)
Dropping frame 1403636946.901667
[MF-SEL] tPrev=(  d=0.038224  dMin=0.000000  dAvg=0.027893  dMax=1.324692  Dlo=0.013946  Dhi=0.676292  err=0.000000  inc=-1.013175  bucket 0->0  (mf=1000)
Dropping frame 1403636947.001667
[MF-SEL] tPrev=(  d=0.033429  dMin=0.000000  dAvg=0.027897  dMax=1.324692  Dlo=0.013948  Dhi=0.676294  err=0.000000  inc=-1.013175  bucket 0->0  (mf=1000)
Dropping frame 1403636947.101666
[MF-SEL] tPrev=(  d=0.042007  dMin=0.000000  dAvg=0.027906  dMax=1.324692  Dlo=0.013953  Dhi=0.676299  err=0.000000  inc=-1.013175  bucket 0->0  (mf=1000)
[MF-SEL] tPrev=(  d=0.021864  dMin=0.000000  dAvg=0.027902  dMax=1.324692  Dlo=0.013951  Dhi=0.676297  err=0.000000  inc=-1.013175  bucket 0->0  (mf=1000)
[MF-SEL] tPrev=(  d=0.021853  dMin=0.000000  dAvg=0.027898  dMax=1.324692  Dlo=0.013949  Dhi=0.676295  err=0.000000  inc=-1.013175  bucket 0->0  (mf=1000)
Dropping frame 1403636947.301666
[MF-SEL] tPrev=(  d=0.031813  dMin=0.000000  dAvg=0.027901  dMax=1.324692  Dlo=0.013950  Dhi=0.676296  err=0.000000  inc=-1.013175  bucket 0->0  (mf=1000)
[MF-SEL] tPrev=(  d=0.013813  dMin=0.000000  dAvg=0.027891  dMax=1.324692  Dlo=0.013946  Dhi=0.676292  err=-1.000000  inc=-1.938264  bucket 0->0  (mf=1000)
[MF-SEL] tPrev=(  d=0.010741  dMin=0.000000  dAvg=0.027879  dMax=1.324692  Dlo=0.013940  Dhi=0.676286  err=-1.000000  inc=-1.617912  bucket 0->0  (mf=1000)
Dropping frame 1403636947.501667
[MF-SEL] tPrev=(  d=0.021890  dMin=0.000000  dAvg=0.027875  dMax=1.324692  Dlo=0.013937  Dhi=0.676284  err=0.000000  inc=-0.857159  bucket 0->0  (mf=1000)
Dropping frame 1403636947.601666
[MF-SEL] tPrev=(  d=0.034889  dMin=0.000000  dAvg=0.027880  dMax=1.324692  Dlo=0.013940  Dhi=0.676286  err=0.000000  inc=-1.017912  bucket 0->0  (mf=1000)
Dropping frame 1403636947.701667
[MF-SEL] tPrev=(  d=0.037654  dMin=0.000000  dAvg=0.027887  dMax=1.324692  Dlo=0.013943  Dhi=0.676289  err=0.000000  inc=-1.017912  bucket 0->0  (mf=1000)
Dropping frame 1403636947.801666
[MF-SEL] tPrev=(  d=0.024895  dMin=0.000000  dAvg=0.027885  dMax=1.324692  Dlo=0.013942  Dhi=0.676288  err=0.000000  inc=-1.017912  bucket 0->0  (mf=1000)
[MF-SEL] tPrev=(  d=0.017302  dMin=0.000000  dAvg=0.027877  dMax=1.324692  Dlo=0.013939  Dhi=0.676285  err=0.000000  inc=-1.017912  bucket 0->0  (mf=1000)
[MF-SEL] tPrev=(  d=0.017160  dMin=0.000000  dAvg=0.027870  dMax=1.324692  Dlo=0.013935  Dhi=0.676281  err=0.000000  inc=-1.017912  bucket 0->0  (mf=1000)
Dropping frame 1403636948.001667
[MF-SEL] tPrev=(  d=0.035464  dMin=0.000000  dAvg=0.027875  dMax=1.324692  Dlo=0.013938  Dhi=0.676284  err=0.000000  inc=-1.017912  bucket 0->0  (mf=1000)
[MF-SEL] tPrev=(  d=0.016978  dMin=0.000000  dAvg=0.027868  dMax=1.324692  Dlo=0.013934  Dhi=0.676280  err=0.000000  inc=-1.017912  bucket 0->0  (mf=1000)
[MF-SEL] tPrev=(  d=0.018048  dMin=0.000000  dAvg=0.027861  dMax=1.324692  Dlo=0.013930  Dhi=0.676276  err=0.000000  inc=-1.017912  bucket 0->0  (mf=1000)
Dropping frame 1403636948.201667
[MF-SEL] tPrev=(  d=0.038747  dMin=0.000000  dAvg=0.027868  dMax=1.324692  Dlo=0.013934  Dhi=0.676280  err=0.000000  inc=-1.017912  bucket 0->0  (mf=1000)
[MF-SEL] tPrev=(  d=0.022179  dMin=0.000000  dAvg=0.027864  dMax=1.324692  Dlo=0.013932  Dhi=0.676278  err=0.000000  inc=-1.017912  bucket 0->0  (mf=1000)
[MF-SEL] tPrev=(  d=0.033236  dMin=0.000000  dAvg=0.027868  dMax=1.324692  Dlo=0.013934  Dhi=0.676280  err=0.000000  inc=-1.017912  bucket 0->0  (mf=1000)
Dropping frame 1403636948.401667
[MF-SEL] tPrev=(  d=0.053172  dMin=0.000000  dAvg=0.027885  dMax=1.324692  Dlo=0.013943  Dhi=0.676289  err=0.000000  inc=-1.017912  bucket 0->0  (mf=1000)
Dropping frame 1403636948.501667
[MF-SEL] tPrev=(  d=0.052495  dMin=0.000000  dAvg=0.027902  dMax=1.324692  Dlo=0.013951  Dhi=0.676297  err=0.000000  inc=-1.017912  bucket 0->0  (mf=1000)
[MF-SEL] tPrev=(  d=0.030164  dMin=0.000000  dAvg=0.027904  dMax=1.324692  Dlo=0.013952  Dhi=0.676298  err=0.000000  inc=-1.017912  bucket 0->0  (mf=1000)
Dropping frame 1403636948.651666
[MF-SEL] tPrev=(  d=0.061961  dMin=0.000000  dAvg=0.027927  dMax=1.324692  Dlo=0.013964  Dhi=0.676310  err=0.000000  inc=-1.017912  bucket 0->0  (mf=1000)
Dropping frame 1403636948.751667
[MF-SEL] tPrev=(  d=0.070065  dMin=0.000000  dAvg=0.027956  dMax=1.324692  Dlo=0.013978  Dhi=0.676324  err=0.000000  inc=-1.017912  bucket 0->0  (mf=1000)
Dropping frame 1403636948.851666
[MF-SEL] tPrev=(  d=0.077200  dMin=0.000000  dAvg=0.027990  dMax=1.324692  Dlo=0.013995  Dhi=0.676341  err=0.000000  inc=-1.017912  bucket 0->0  (mf=1000)
[MF-SEL] tPrev=(  d=0.039555  dMin=0.000000  dAvg=0.027998  dMax=1.324692  Dlo=0.013999  Dhi=0.676345  err=0.000000  inc=-1.017912  bucket 0->0  (mf=1000)
[MF-SEL] tPrev=(  d=0.038774  dMin=0.000000  dAvg=0.028005  dMax=1.324692  Dlo=0.014003  Dhi=0.676349  err=0.000000  inc=-1.017912  bucket 0->0  (mf=1000)
Dropping frame 1403636949.051666
[MF-SEL] tPrev=(  d=0.068682  dMin=0.000000  dAvg=0.028033  dMax=1.324692  Dlo=0.014016  Dhi=0.676363  err=0.000000  inc=-1.017912  bucket 0->0  (mf=1000)
[MF-SEL] tPrev=(  d=0.028965  dMin=0.000000  dAvg=0.028034  dMax=1.324692  Dlo=0.014017  Dhi=0.676363  err=0.000000  inc=-1.017912  bucket 0->0  (mf=1000)
[MF-SEL] tPrev=(  d=0.032995  dMin=0.000000  dAvg=0.028037  dMax=1.324692  Dlo=0.014018  Dhi=0.676365  err=0.000000  inc=-1.017912  bucket 0->0  (mf=1000)
Dropping frame 1403636949.251667
[MF-SEL] tPrev=(  d=0.063478  dMin=0.000000  dAvg=0.028061  dMax=1.324692  Dlo=0.014031  Dhi=0.676377  err=0.000000  inc=-1.017912  bucket 0->0  (mf=1000)
[MF-SEL] tPrev=(  d=0.032942  dMin=0.000000  dAvg=0.028064  dMax=1.324692  Dlo=0.014032  Dhi=0.676378  err=0.000000  inc=-1.017912  bucket 0->0  (mf=1000)
[MF-SEL] tPrev=(  d=0.031121  dMin=0.000000  dAvg=0.028067  dMax=1.324692  Dlo=0.014033  Dhi=0.676379  err=0.000000  inc=-1.017912  bucket 0->0  (mf=1000)
Dropping frame 1403636949.451666
[MF-SEL] tPrev=(  d=0.058676  dMin=0.000000  dAvg=0.028087  dMax=1.324692  Dlo=0.014044  Dhi=0.676390  err=0.000000  inc=-1.017912  bucket 0->0  (mf=1000)
[MF-SEL] tPrev=(  d=0.028226  dMin=0.000000  dAvg=0.028087  dMax=1.324692  Dlo=0.014044  Dhi=0.676390  err=0.000000  inc=-1.017912  bucket 0->0  (mf=1000)
[MF-SEL] tPrev=(  d=0.027154  dMin=0.000000  dAvg=0.028087  dMax=1.324692  Dlo=0.014043  Dhi=0.676389  err=0.000000  inc=-1.017912  bucket 0->0  (mf=1000)
Dropping frame 1403636949.651666
[MF-SEL] tPrev=(  d=0.061547  dMin=0.000000  dAvg=0.028110  dMax=1.324692  Dlo=0.014055  Dhi=0.676401  err=0.000000  inc=-1.017912  bucket 0->0  (mf=1000)
Dropping frame 1403636949.751667
[MF-SEL] tPrev=(  d=0.045105  dMin=0.000000  dAvg=0.028121  dMax=1.324692  Dlo=0.014061  Dhi=0.676407  err=0.000000  inc=-1.017912  bucket 0->0  (mf=1000)
[MF-SEL] tPrev=(  d=0.020431  dMin=0.000000  dAvg=0.028116  dMax=1.324692  Dlo=0.014058  Dhi=0.676404  err=0.000000  inc=-1.017912  bucket 0->0  (mf=1000)
[MF-SEL] tPrev=(  d=0.026002  dMin=0.000000  dAvg=0.028114  dMax=1.324692  Dlo=0.014057  Dhi=0.676403  err=0.000000  inc=-1.017912  bucket 0->0  (mf=1000)
[MF-SEL] tPrev=(  d=0.019678  dMin=0.000000  dAvg=0.028109  dMax=1.324692  Dlo=0.014054  Dhi=0.676400  err=0.000000  inc=-1.017912  bucket 0->0  (mf=1000)
[MF-SEL] tPrev=(  d=0.019823  dMin=0.000000  dAvg=0.028103  dMax=1.324692  Dlo=0.014052  Dhi=0.676398  err=0.000000  inc=-1.017912  bucket 0->0  (mf=1000)
Dropping frame 1403636950.051666
[MF-SEL] tPrev=(  d=0.038396  dMin=0.000000  dAvg=0.028110  dMax=1.324692  Dlo=0.014055  Dhi=0.676401  err=0.000000  inc=-1.017912  bucket 0->0  (mf=1000)
[MF-SEL] tPrev=(  d=0.020067  dMin=0.000000  dAvg=0.028105  dMax=1.324692  Dlo=0.014052  Dhi=0.676398  err=0.000000  inc=-1.017912  bucket 0->0  (mf=1000)
[MF-SEL] tPrev=(  d=0.020151  dMin=0.000000  dAvg=0.028099  dMax=1.324692  Dlo=0.014050  Dhi=0.676396  err=0.000000  inc=-1.017912  bucket 0->0  (mf=1000)
Dropping frame 1403636950.251667
[MF-SEL] tPrev=(  d=0.040932  dMin=0.000000  dAvg=0.028108  dMax=1.324692  Dlo=0.014054  Dhi=0.676400  err=0.000000  inc=-1.017912  bucket 0->0  (mf=1000)
[MF-SEL] tPrev=(  d=0.023081  dMin=0.000000  dAvg=0.028105  dMax=1.324692  Dlo=0.014052  Dhi=0.676398  err=0.000000  inc=-1.017912  bucket 0->0  (mf=1000)
[MF-SEL] tPrev=(  d=0.032741  dMin=0.000000  dAvg=0.028108  dMax=1.324692  Dlo=0.014054  Dhi=0.676400  err=0.000000  inc=-1.017912  bucket 0->0  (mf=1000)
Dropping frame 1403636950.451666
[MF-SEL] tPrev=(  d=0.044579  dMin=0.000000  dAvg=0.028119  dMax=1.324692  Dlo=0.014059  Dhi=0.676405  err=0.000000  inc=-1.017912  bucket 0->0  (mf=1000)
[MF-SEL] tPrev=(  d=0.026459  dMin=0.000000  dAvg=0.028118  dMax=1.324692  Dlo=0.014059  Dhi=0.676405  err=0.000000  inc=-1.017912  bucket 0->0  (mf=1000)
[MF-SEL] tPrev=(  d=0.041637  dMin=0.000000  dAvg=0.028127  dMax=1.324692  Dlo=0.014063  Dhi=0.676409  err=0.000000  inc=-1.017912  bucket 0->0  (mf=1000)
Dropping frame 1403636950.651666
[MF-SEL] tPrev=(  d=0.045340  dMin=0.000000  dAvg=0.028138  dMax=1.324692  Dlo=0.014069  Dhi=0.676415  err=0.000000  inc=-1.017912  bucket 0->0  (mf=1000)
Dropping frame 1403636950.751667
[MF-SEL] tPrev=(  d=0.048226  dMin=0.000000  dAvg=0.028152  dMax=1.324692  Dlo=0.014076  Dhi=0.676422  err=0.000000  inc=-1.017912  bucket 0->0  (mf=1000)
[MF-SEL] tPrev=(  d=0.025557  dMin=0.000000  dAvg=0.028150  dMax=1.324692  Dlo=0.014075  Dhi=0.676421  err=0.000000  inc=-1.017912  bucket 0->0  (mf=1000)
[MF-SEL] tPrev=(  d=0.025491  dMin=0.000000  dAvg=0.028148  dMax=1.324692  Dlo=0.014074  Dhi=0.676420  err=0.000000  inc=-1.017912  bucket 0->0  (mf=1000)
[MF-SEL] tPrev=(  d=0.025270  dMin=0.000000  dAvg=0.028146  dMax=1.324692  Dlo=0.014073  Dhi=0.676419  err=0.000000  inc=-1.017912  bucket 0->0  (mf=1000)
Dropping frame 1403636951.001667
[MF-SEL] tPrev=(  d=0.052042  dMin=0.000000  dAvg=0.028162  dMax=1.324692  Dlo=0.014081  Dhi=0.676427  err=0.000000  inc=-1.017912  bucket 0->0  (mf=1000)
[MF-SEL] tPrev=(  d=0.025818  dMin=0.000000  dAvg=0.028161  dMax=1.324692  Dlo=0.014080  Dhi=0.676426  err=0.000000  inc=-1.017912  bucket 0->0  (mf=1000)
[MF-SEL] tPrev=(  d=0.024989  dMin=0.000000  dAvg=0.028159  dMax=1.324692  Dlo=0.014079  Dhi=0.676425  err=0.000000  inc=-1.017912  bucket 0->0  (mf=1000)
Dropping frame 1403636951.201667
[MF-SEL] tPrev=(  d=0.047615  dMin=0.000000  dAvg=0.028172  dMax=1.324692  Dlo=0.014086  Dhi=0.676432  err=0.000000  inc=-1.017912  bucket 0->0  (mf=1000)
[MF-SEL] tPrev=(  d=0.022539  dMin=0.000000  dAvg=0.028168  dMax=1.324692  Dlo=0.014084  Dhi=0.676430  err=0.000000  inc=-1.017912  bucket 0->0  (mf=1000)
[MF-SEL] tPrev=(  d=0.022839  dMin=0.000000  dAvg=0.028164  dMax=1.324692  Dlo=0.014082  Dhi=0.676428  err=0.000000  inc=-1.017912  bucket 0->0  (mf=1000)
Dropping frame 1403636951.401667
[MF-SEL] tPrev=(  d=0.053517  dMin=0.000000  dAvg=0.028181  dMax=1.324692  Dlo=0.014091  Dhi=0.676437  err=0.000000  inc=-1.017912  bucket 0->0  (mf=1000)
Dropping frame 1403636951.501667
[MF-SEL] tPrev=(  d=0.054885  dMin=0.000000  dAvg=0.028199  dMax=1.324692  Dlo=0.014100  Dhi=0.676446  err=0.000000  inc=-1.017912  bucket 0->0  (mf=1000)
[MF-SEL] tPrev=(  d=0.027990  dMin=0.000000  dAvg=0.028199  dMax=1.324692  Dlo=0.014100  Dhi=0.676446  err=0.000000  inc=-1.017912  bucket 0->0  (mf=1000)
[MF-SEL] tPrev=(  d=0.028847  dMin=0.000000  dAvg=0.028199  dMax=1.324692  Dlo=0.014100  Dhi=0.676446  err=0.000000  inc=-1.017912  bucket 0->0  (mf=1000)
Dropping frame 1403636951.701667
[MF-SEL] tPrev=(  d=0.056996  dMin=0.000000  dAvg=0.028219  dMax=1.324692  Dlo=0.014109  Dhi=0.676455  err=0.000000  inc=-1.017912  bucket 0->0  (mf=1000)
Dropping frame 1403636951.801666
[MF-SEL] tPrev=(  d=0.082293  dMin=0.000000  dAvg=0.028255  dMax=1.324692  Dlo=0.014127  Dhi=0.676473  err=0.000000  inc=-1.017912  bucket 0->0  (mf=1000)
Dropping frame 1403636951.901667
[MF-SEL] tPrev=(  d=0.065338  dMin=0.000000  dAvg=0.028279  dMax=1.324692  Dlo=0.014140  Dhi=0.676486  err=0.000000  inc=-1.017912  bucket 0->0  (mf=1000)
[MF-SEL] tPrev=(  d=0.032736  dMin=0.000000  dAvg=0.028282  dMax=1.324692  Dlo=0.014141  Dhi=0.676487  err=0.000000  inc=-1.017912  bucket 0->0  (mf=1000)
[MF-SEL] tPrev=(  d=0.021328  dMin=0.000000  dAvg=0.028278  dMax=1.324692  Dlo=0.014139  Dhi=0.676485  err=0.000000  inc=-1.017912  bucket 0->0  (mf=1000)
[MF-SEL] tPrev=(  d=0.034207  dMin=0.000000  dAvg=0.028282  dMax=1.324692  Dlo=0.014141  Dhi=0.676487  err=0.000000  inc=-1.017912  bucket 0->0  (mf=1000)
Dropping frame 1403636952.151666
[MF-SEL] tPrev=(  d=0.070868  dMin=0.000000  dAvg=0.028310  dMax=1.324692  Dlo=0.014155  Dhi=0.676501  err=0.000000  inc=-1.017912  bucket 0->0  (mf=1000)
Dropping frame 1403636952.251667
[MF-SEL] tPrev=(  d=0.068368  dMin=0.000000  dAvg=0.028336  dMax=1.324692  Dlo=0.014168  Dhi=0.676514  err=0.000000  inc=-1.017912  bucket 0->0  (mf=1000)
[MF-SEL] tPrev=(  d=0.033984  dMin=0.000000  dAvg=0.028340  dMax=1.324692  Dlo=0.014170  Dhi=0.676516  err=0.000000  inc=-1.017912  bucket 0->0  (mf=1000)
[MF-SEL] tPrev=(  d=0.033528  dMin=0.000000  dAvg=0.028343  dMax=1.324692  Dlo=0.014172  Dhi=0.676518  err=0.000000  inc=-1.017912  bucket 0->0  (mf=1000)
Dropping frame 1403636952.451666
[MF-SEL] tPrev=(  d=0.065328  dMin=0.000000  dAvg=0.028368  dMax=1.324692  Dlo=0.014184  Dhi=0.676530  err=0.000000  inc=-1.017912  bucket 0->0  (mf=1000)
[MF-SEL] tPrev=(  d=0.033510  dMin=0.000000  dAvg=0.028371  dMax=1.324692  Dlo=0.014186  Dhi=0.676532  err=0.000000  inc=-1.017912  bucket 0->0  (mf=1000)
[MF-SEL] tPrev=(  d=0.032410  dMin=0.000000  dAvg=0.028374  dMax=1.324692  Dlo=0.014187  Dhi=0.676533  err=0.000000  inc=-1.017912  bucket 0->0  (mf=1000)
Dropping frame 1403636952.651666
[MF-SEL] tPrev=(  d=0.053811  dMin=0.000000  dAvg=0.028391  dMax=1.324692  Dlo=0.014195  Dhi=0.676541  err=0.000000  inc=-1.017912  bucket 0->0  (mf=1000)
[MF-SEL] tPrev=(  d=0.028367  dMin=0.000000  dAvg=0.028391  dMax=1.324692  Dlo=0.014195  Dhi=0.676541  err=0.000000  inc=-1.017912  bucket 0->0  (mf=1000)
[MF-SEL] tPrev=(  d=0.027376  dMin=0.000000  dAvg=0.028390  dMax=1.324692  Dlo=0.014195  Dhi=0.676541  err=0.000000  inc=-1.017912  bucket 0->0  (mf=1000)
Dropping frame 1403636952.851666
[MF-SEL] tPrev=(  d=0.055238  dMin=0.000000  dAvg=0.028408  dMax=1.324692  Dlo=0.014204  Dhi=0.676550  err=0.000000  inc=-1.017912  bucket 0->0  (mf=1000)
Dropping frame 1403636952.951666
[MF-SEL] tPrev=(  d=0.052692  dMin=0.000000  dAvg=0.028424  dMax=1.324692  Dlo=0.014212  Dhi=0.676558  err=0.000000  inc=-1.017912  bucket 0->0  (mf=1000)
[MF-SEL] tPrev=(  d=0.026905  dMin=0.000000  dAvg=0.028423  dMax=1.324692  Dlo=0.014211  Dhi=0.676557  err=0.000000  inc=-1.017912  bucket 0->0  (mf=1000)
[MF-SEL] tPrev=(  d=0.044975  dMin=0.000000  dAvg=0.028434  dMax=1.324692  Dlo=0.014217  Dhi=0.676563  err=0.000000  inc=-1.017912  bucket 0->0  (mf=1000)
Dropping frame 1403636953.151666
[MF-SEL] tPrev=(  d=0.060393  dMin=0.000000  dAvg=0.028455  dMax=1.324692  Dlo=0.014227  Dhi=0.676573  err=0.000000  inc=-1.017912  bucket 0->0  (mf=1000)
Dropping frame 1403636953.251667
[MF-SEL] tPrev=(  d=0.059797  dMin=0.000000  dAvg=0.028475  dMax=1.324692  Dlo=0.014238  Dhi=0.676584  err=0.000000  inc=-1.017912  bucket 0->0  (mf=1000)
[MF-SEL] tPrev=(  d=0.029632  dMin=0.000000  dAvg=0.028476  dMax=1.324692  Dlo=0.014238  Dhi=0.676584  err=0.000000  inc=-1.017912  bucket 0->0  (mf=1000)
[MF-SEL] tPrev=(  d=0.029050  dMin=0.000000  dAvg=0.028476  dMax=1.324692  Dlo=0.014238  Dhi=0.676584  err=0.000000  inc=-1.017912  bucket 0->0  (mf=1000)
Dropping frame 1403636953.451666
[MF-SEL] tPrev=(  d=0.054608  dMin=0.000000  dAvg=0.028494  dMax=1.324692  Dlo=0.014247  Dhi=0.676593  err=0.000000  inc=-1.017912  bucket 0->0  (mf=1000)
Dropping frame 1403636953.551666
[MF-SEL] tPrev=(  d=0.065950  dMin=0.000000  dAvg=0.028518  dMax=1.324692  Dlo=0.014259  Dhi=0.676605  err=0.000000  inc=-1.017912  bucket 0->0  (mf=1000)
[MF-SEL] tPrev=(  d=0.026413  dMin=0.000000  dAvg=0.028517  dMax=1.324692  Dlo=0.014258  Dhi=0.676604  err=0.000000  inc=-1.017912  bucket 0->0  (mf=1000)
[MF-SEL] tPrev=(  d=0.025683  dMin=0.000000  dAvg=0.028515  dMax=1.324692  Dlo=0.014257  Dhi=0.676603  err=0.000000  inc=-1.017912  bucket 0->0  (mf=1000)
Dropping frame 1403636953.751667
[MF-SEL] tPrev=(  d=0.055807  dMin=0.000000  dAvg=0.028533  dMax=1.324692  Dlo=0.014266  Dhi=0.676612  err=0.000000  inc=-1.017912  bucket 0->0  (mf=1000)
Dropping frame 1403636953.851666
[MF-SEL] tPrev=(  d=0.061230  dMin=0.000000  dAvg=0.028554  dMax=1.324692  Dlo=0.014277  Dhi=0.676623  err=0.000000  inc=-1.017912  bucket 0->0  (mf=1000)
[MF-SEL] tPrev=(  d=0.033713  dMin=0.000000  dAvg=0.028557  dMax=1.324692  Dlo=0.014279  Dhi=0.676625  err=0.000000  inc=-1.017912  bucket 0->0  (mf=1000)
[MF-SEL] tPrev=(  d=0.034122  dMin=0.000000  dAvg=0.028561  dMax=1.324692  Dlo=0.014280  Dhi=0.676627  err=0.000000  inc=-1.017912  bucket 0->0  (mf=1000)
[MF-SEL] tPrev=(  d=0.034382  dMin=0.000000  dAvg=0.028565  dMax=1.324692  Dlo=0.014282  Dhi=0.676628  err=0.000000  inc=-1.017912  bucket 0->0  (mf=1000)
Dropping frame 1403636954.101666
[MF-SEL] tPrev=(  d=0.080181  dMin=0.000000  dAvg=0.028598  dMax=1.324692  Dlo=0.014299  Dhi=0.676645  err=0.000000  inc=-1.017912  bucket 0->0  (mf=1000)
Dropping frame 1403636954.201667
[MF-SEL] tPrev=(  d=0.078032  dMin=0.000000  dAvg=0.028631  dMax=1.324692  Dlo=0.014315  Dhi=0.676661  err=0.000000  inc=-1.017912  bucket 0->0  (mf=1000)
Dropping frame 1403636954.301666
[MF-SEL] tPrev=(  d=0.090884  dMin=0.000000  dAvg=0.028671  dMax=1.324692  Dlo=0.014336  Dhi=0.676682  err=0.000000  inc=-1.017912  bucket 0->0  (mf=1000)
[MF-SEL] tPrev=(  d=0.042771  dMin=0.000000  dAvg=0.028680  dMax=1.324692  Dlo=0.014340  Dhi=0.676686  err=0.000000  inc=-1.017912  bucket 0->0  (mf=1000)
[MF-SEL] tPrev=(  d=0.043075  dMin=0.000000  dAvg=0.028690  dMax=1.324692  Dlo=0.014345  Dhi=0.676691  err=0.000000  inc=-1.017912  bucket 0->0  (mf=1000)
Dropping frame 1403636954.501667
[MF-SEL] tPrev=(  d=0.080795  dMin=0.000000  dAvg=0.028723  dMax=1.324692  Dlo=0.014362  Dhi=0.676708  err=0.000000  inc=-1.017912  bucket 0->0  (mf=1000)
Dropping frame 1403636954.601666
[MF-SEL] tPrev=(  d=0.098713  dMin=0.000000  dAvg=0.028769  dMax=1.324692  Dlo=0.014384  Dhi=0.676731  err=0.000000  inc=-1.017912  bucket 0->0  (mf=1000)
[MF-SEL] tPrev=(  d=0.049300  dMin=0.000000  dAvg=0.028782  dMax=1.324692  Dlo=0.014391  Dhi=0.676737  err=0.000000  inc=-1.017912  bucket 0->0  (mf=1000)
Dropping frame 1403636954.751667
[MF-SEL] tPrev=(  d=0.075666  dMin=0.000000  dAvg=0.028813  dMax=1.324692  Dlo=0.014406  Dhi=0.676752  err=0.000000  inc=-1.017912  bucket 0->0  (mf=1000)
Dropping frame 1403636954.851666
[MF-SEL] tPrev=(  d=0.096218  dMin=0.000000  dAvg=0.028856  dMax=1.324692  Dlo=0.014428  Dhi=0.676774  err=0.000000  inc=-1.017912  bucket 0->0  (mf=1000)
[MF-SEL] tPrev=(  d=0.047832  dMin=0.000000  dAvg=0.028869  dMax=1.324692  Dlo=0.014434  Dhi=0.676780  err=0.000000  inc=-1.017912  bucket 0->0  (mf=1000)
[MF-SEL] tPrev=(  d=0.032926  dMin=0.000000  dAvg=0.028871  dMax=1.324692  Dlo=0.014436  Dhi=0.676782  err=0.000000  inc=-1.017912  bucket 0->0  (mf=1000)
Dropping frame 1403636955.051666
[MF-SEL] tPrev=(  d=0.100228  dMin=0.000000  dAvg=0.028917  dMax=1.324692  Dlo=0.014459  Dhi=0.676805  err=0.000000  inc=-1.017912  bucket 0->0  (mf=1000)
[MF-SEL] tPrev=(  d=0.048531  dMin=0.000000  dAvg=0.028930  dMax=1.324692  Dlo=0.014465  Dhi=0.676811  err=0.000000  inc=-1.017912  bucket 0->0  (mf=1000)
[MF-SEL] tPrev=(  d=0.022181  dMin=0.000000  dAvg=0.028926  dMax=1.324692  Dlo=0.014463  Dhi=0.676809  err=0.000000  inc=-1.017912  bucket 0->0  (mf=1000)
Dropping frame 1403636955.251667
[MF-SEL] tPrev=(  d=0.092971  dMin=0.000000  dAvg=0.028967  dMax=1.324692  Dlo=0.014483  Dhi=0.676830  err=0.000000  inc=-1.017912  bucket 0->0  (mf=1000)
Dropping frame 1403636955.351666
[MF-SEL] tPrev=(  d=0.080537  dMin=0.000000  dAvg=0.029000  dMax=1.324692  Dlo=0.014500  Dhi=0.676846  err=0.000000  inc=-1.017912  bucket 0->0  (mf=1000)
[MF-SEL] tPrev=(  d=0.044926  dMin=0.000000  dAvg=0.029010  dMax=1.324692  Dlo=0.014505  Dhi=0.676851  err=0.000000  inc=-1.017912  bucket 0->0  (mf=1000)
[MF-SEL] tPrev=(  d=0.043018  dMin=0.000000  dAvg=0.029019  dMax=1.324692  Dlo=0.014510  Dhi=0.676856  err=0.000000  inc=-1.017912  bucket 0->0  (mf=1000)
Dropping frame 1403636955.551666
[MF-SEL] tPrev=(  d=0.085799  dMin=0.000000  dAvg=0.029056  dMax=1.324692  Dlo=0.014528  Dhi=0.676874  err=0.000000  inc=-1.017912  bucket 0->0  (mf=1000)
Dropping frame 1403636955.651666
[MF-SEL] tPrev=(  d=0.084660  dMin=0.000000  dAvg=0.029092  dMax=1.324692  Dlo=0.014546  Dhi=0.676892  err=0.000000  inc=-1.017912  bucket 0->0  (mf=1000)
[MF-SEL] tPrev=(  d=0.045091  dMin=0.000000  dAvg=0.029102  dMax=1.324692  Dlo=0.014551  Dhi=0.676897  err=0.000000  inc=-1.017912  bucket 0->0  (mf=1000)
Dropping frame 1403636955.801666
[MF-SEL] tPrev=(  d=0.093665  dMin=0.000000  dAvg=0.029143  dMax=1.324692  Dlo=0.014572  Dhi=0.676918  err=0.000000  inc=-1.017912  bucket 0->0  (mf=1000)
[MF-SEL] tPrev=(  d=0.037771  dMin=0.000000  dAvg=0.029149  dMax=1.324692  Dlo=0.014575  Dhi=0.676921  err=0.000000  inc=-1.017912  bucket 0->0  (mf=1000)
[MF-SEL] tPrev=(  d=0.046572  dMin=0.000000  dAvg=0.029160  dMax=1.324692  Dlo=0.014580  Dhi=0.676926  err=0.000000  inc=-1.017912  bucket 0->0  (mf=1000)
[MF-SEL] tPrev=(  d=0.046416  dMin=0.000000  dAvg=0.029171  dMax=1.324692  Dlo=0.014586  Dhi=0.676932  err=0.000000  inc=-1.017912  bucket 0->0  (mf=1000)
[MF-SEL] tPrev=(  d=0.045817  dMin=0.000000  dAvg=0.029182  dMax=1.324692  Dlo=0.014591  Dhi=0.676937  err=0.000000  inc=-1.017912  bucket 0->0  (mf=1000)
Dropping frame 1403636956.101666
[MF-SEL] tPrev=(  d=0.079521  dMin=0.000000  dAvg=0.029214  dMax=1.324692  Dlo=0.014607  Dhi=0.676953  err=0.000000  inc=-1.017912  bucket 0->0  (mf=1000)
[MF-SEL] tPrev=(  d=0.042300  dMin=0.000000  dAvg=0.029223  dMax=1.324692  Dlo=0.014611  Dhi=0.676957  err=0.000000  inc=-1.017912  bucket 0->0  (mf=1000)
[MF-SEL] tPrev=(  d=0.040354  dMin=0.000000  dAvg=0.029230  dMax=1.324692  Dlo=0.014615  Dhi=0.676961  err=0.000000  inc=-1.017912  bucket 0->0  (mf=1000)
Dropping frame 1403636956.301666
[MF-SEL] tPrev=(  d=0.073685  dMin=0.000000  dAvg=0.029258  dMax=1.324692  Dlo=0.014629  Dhi=0.676975  err=0.000000  inc=-1.017912  bucket 0->0  (mf=1000)
Dropping frame 1403636956.401667
[MF-SEL] tPrev=(  d=0.073917  dMin=0.000000  dAvg=0.029287  dMax=1.324692  Dlo=0.014643  Dhi=0.676989  err=0.000000  inc=-1.017912  bucket 0->0  (mf=1000)
Dropping frame 1403636956.501667
[MF-SEL] tPrev=(  d=0.070899  dMin=0.000000  dAvg=0.029313  dMax=1.324692  Dlo=0.014657  Dhi=0.677003  err=0.000000  inc=-1.017912  bucket 0->0  (mf=1000)
[MF-SEL] tPrev=(  d=0.034923  dMin=0.000000  dAvg=0.029317  dMax=1.324692  Dlo=0.014658  Dhi=0.677004  err=0.000000  inc=-1.017912  bucket 0->0  (mf=1000)
[MF-SEL] tPrev=(  d=0.043450  dMin=0.000000  dAvg=0.029326  dMax=1.324692  Dlo=0.014663  Dhi=0.677009  err=0.000000  inc=-1.017912  bucket 0->0  (mf=1000)
Dropping frame 1403636956.701667
[MF-SEL] tPrev=(  d=0.070902  dMin=0.000000  dAvg=0.029352  dMax=1.324692  Dlo=0.014676  Dhi=0.677022  err=0.000000  inc=-1.017912  bucket 0->0  (mf=1000)
[MF-SEL] tPrev=(  d=0.032251  dMin=0.000000  dAvg=0.029354  dMax=1.324692  Dlo=0.014677  Dhi=0.677023  err=0.000000  inc=-1.017912  bucket 0->0  (mf=1000)
[MF-SEL] tPrev=(  d=0.015415  dMin=0.000000  dAvg=0.029345  dMax=1.324692  Dlo=0.014673  Dhi=0.677019  err=0.000000  inc=-1.017912  bucket 0->0  (mf=1000)
Dropping frame 1403636956.901667
[MF-SEL] tPrev=(  d=0.052866  dMin=0.000000  dAvg=0.029360  dMax=1.324692  Dlo=0.014680  Dhi=0.677026  err=0.000000  inc=-1.017912  bucket 0->0  (mf=1000)
Dropping frame 1403636957.001667
[MF-SEL] tPrev=(  d=0.046709  dMin=0.000000  dAvg=0.029371  dMax=1.324692  Dlo=0.014686  Dhi=0.677032  err=0.000000  inc=-1.017912  bucket 0->0  (mf=1000)
[MF-SEL] tPrev=(  d=0.021897  dMin=0.000000  dAvg=0.029366  dMax=1.324692  Dlo=0.014683  Dhi=0.677029  err=0.000000  inc=-1.017912  bucket 0->0  (mf=1000)
Dropping frame 1403636957.151666
[MF-SEL] tPrev=(  d=0.042911  dMin=0.000000  dAvg=0.029375  dMax=1.324692  Dlo=0.014687  Dhi=0.677034  err=0.000000  inc=-1.017912  bucket 0->0  (mf=1000)
[MF-SEL] tPrev=(  d=0.022754  dMin=0.000000  dAvg=0.029371  dMax=1.324692  Dlo=0.014685  Dhi=0.677031  err=0.000000  inc=-1.017912  bucket 0->0  (mf=1000)
[MF-SEL] tPrev=(  d=0.020170  dMin=0.000000  dAvg=0.029365  dMax=1.324692  Dlo=0.014682  Dhi=0.677029  err=0.000000  inc=-1.017912  bucket 0->0  (mf=1000)
Dropping frame 1403636957.351666
[MF-SEL] tPrev=(  d=0.042034  dMin=0.000000  dAvg=0.029373  dMax=1.324692  Dlo=0.014686  Dhi=0.677033  err=0.000000  inc=-1.017912  bucket 0->0  (mf=1000)
[MF-SEL] tPrev=(  d=0.017506  dMin=0.000000  dAvg=0.029365  dMax=1.324692  Dlo=0.014683  Dhi=0.677029  err=0.000000  inc=-1.017912  bucket 0->0  (mf=1000)
Dropping frame 1403636957.501667
[MF-SEL] tPrev=(  d=0.037337  dMin=0.000000  dAvg=0.029371  dMax=1.324692  Dlo=0.014685  Dhi=0.677031  err=0.000000  inc=-1.017912  bucket 0->0  (mf=1000)
[MF-SEL] tPrev=(  d=0.019548  dMin=0.000000  dAvg=0.029364  dMax=1.324692  Dlo=0.014682  Dhi=0.677028  err=0.000000  inc=-1.017912  bucket 0->0  (mf=1000)
Dropping frame 1403636957.651666
[MF-SEL] tPrev=(  d=0.051432  dMin=0.000000  dAvg=0.029378  dMax=1.324692  Dlo=0.014689  Dhi=0.677035  err=0.000000  inc=-1.017912  bucket 0->0  (mf=1000)
[MF-SEL] tPrev=(  d=0.021595  dMin=0.000000  dAvg=0.029373  dMax=1.324692  Dlo=0.014687  Dhi=0.677033  err=0.000000  inc=-1.017912  bucket 0->0  (mf=1000)
Dropping frame 1403636957.801666
[MF-SEL] tPrev=(  d=0.039975  dMin=0.000000  dAvg=0.029380  dMax=1.324692  Dlo=0.014690  Dhi=0.677036  err=0.000000  inc=-1.017912  bucket 0->0  (mf=1000)
[MF-SEL] tPrev=(  d=0.020307  dMin=0.000000  dAvg=0.029374  dMax=1.324692  Dlo=0.014687  Dhi=0.677033  err=0.000000  inc=-1.017912  bucket 0->0  (mf=1000)
[MF-SEL] tPrev=(  d=0.018490  dMin=0.000000  dAvg=0.029367  dMax=1.324692  Dlo=0.014684  Dhi=0.677030  err=0.000000  inc=-1.017912  bucket 0->0  (mf=1000)
[MF-SEL] tPrev=(  d=0.017150  dMin=0.000000  dAvg=0.029360  dMax=1.324692  Dlo=0.014680  Dhi=0.677026  err=0.000000  inc=-1.017912  bucket 0->0  (mf=1000)
[MF-SEL] tPrev=(  d=0.028111  dMin=0.000000  dAvg=0.029359  dMax=1.324692  Dlo=0.014679  Dhi=0.677026  err=0.000000  inc=-1.017912  bucket 0->0  (mf=1000)
[MF-SEL] tPrev=(  d=0.012619  dMin=0.000000  dAvg=0.029348  dMax=1.324692  Dlo=0.014674  Dhi=0.677020  err=-1.000000  inc=-1.963433  bucket 0->0  (mf=1000)
Dropping frame 1403636958.151666
[MF-SEL] tPrev=(  d=0.033586  dMin=0.000000  dAvg=0.029351  dMax=1.324692  Dlo=0.014676  Dhi=0.677022  err=0.000000  inc=-0.860418  bucket 0->0  (mf=1000)
Dropping frame 1403636958.251667
[MF-SEL] tPrev=(  d=0.022864  dMin=0.000000  dAvg=0.029347  dMax=1.324692  Dlo=0.014674  Dhi=0.677020  err=0.000000  inc=-1.020243  bucket 0->0  (mf=1000)
Dropping frame 1403636958.351666
[MF-SEL] tPrev=(  d=0.023288  dMin=0.000000  dAvg=0.029343  dMax=1.324692  Dlo=0.014672  Dhi=0.677018  err=0.000000  inc=-1.020243  bucket 0->0  (mf=1000)
Dropping frame 1403636958.451666
[MF-SEL] tPrev=(  d=0.036490  dMin=0.000000  dAvg=0.029348  dMax=1.324692  Dlo=0.014674  Dhi=0.677020  err=0.000000  inc=-1.020243  bucket 0->0  (mf=1000)
[MF-SEL] tPrev=(  d=0.016850  dMin=0.000000  dAvg=0.029340  dMax=1.324692  Dlo=0.014670  Dhi=0.677016  err=0.000000  inc=-1.020243  bucket 0->0  (mf=1000)
[MF-SEL] tPrev=(  d=0.014784  dMin=0.000000  dAvg=0.029331  dMax=1.324692  Dlo=0.014665  Dhi=0.677011  err=0.000000  inc=-1.020243  bucket 0->0  (mf=1000)
[MF-SEL] tPrev=(  d=0.014918  dMin=0.000000  dAvg=0.029322  dMax=1.324692  Dlo=0.014661  Dhi=0.677007  err=0.000000  inc=-1.020243  bucket 0->0  (mf=1000)
Dropping frame 1403636958.701667
[MF-SEL] tPrev=(  d=0.057886  dMin=0.000000  dAvg=0.029340  dMax=1.324692  Dlo=0.014670  Dhi=0.677016  err=0.000000  inc=-1.020243  bucket 0->0  (mf=1000)
[MF-SEL] tPrev=(  d=0.014290  dMin=0.000000  dAvg=0.029330  dMax=1.324692  Dlo=0.014665  Dhi=0.677011  err=-1.000000  inc=-1.934286  bucket 0->0  (mf=1000)
Dropping frame 1403636958.851666
[MF-SEL] tPrev=(  d=0.029743  dMin=0.000000  dAvg=0.029330  dMax=1.324692  Dlo=0.014665  Dhi=0.677011  err=0.000000  inc=-0.861029  bucket 0->0  (mf=1000)
Dropping frame 1403636958.951666
[MF-SEL] tPrev=(  d=0.030481  dMin=0.000000  dAvg=0.029331  dMax=1.324692  Dlo=0.014666  Dhi=0.677012  err=0.000000  inc=-1.022812  bucket 0->0  (mf=1000)
[MF-SEL] tPrev=(  d=0.016667  dMin=0.000000  dAvg=0.029323  dMax=1.324692  Dlo=0.014662  Dhi=0.677008  err=0.000000  inc=-1.022812  bucket 0->0  (mf=1000)
[MF-SEL] tPrev=(  d=0.016741  dMin=0.000000  dAvg=0.029315  dMax=1.324692  Dlo=0.014658  Dhi=0.677004  err=0.000000  inc=-1.022812  bucket 0->0  (mf=1000)
[MF-SEL] tPrev=(  d=0.017482  dMin=0.000000  dAvg=0.029308  dMax=1.324692  Dlo=0.014654  Dhi=0.677000  err=0.000000  inc=-1.022812  bucket 0->0  (mf=1000)
[MF-SEL] tPrev=(  d=0.035817  dMin=0.000000  dAvg=0.029312  dMax=1.324692  Dlo=0.014656  Dhi=0.677002  err=0.000000  inc=-1.022812  bucket 0->0  (mf=1000)
[MF-SEL] tPrev=(  d=0.016777  dMin=0.000000  dAvg=0.029304  dMax=1.324692  Dlo=0.014652  Dhi=0.676998  err=0.000000  inc=-1.022812  bucket 0->0  (mf=1000)
Dropping frame 1403636959.301666
[MF-SEL] tPrev=(  d=0.034119  dMin=0.000000  dAvg=0.029307  dMax=1.324692  Dlo=0.014654  Dhi=0.677000  err=0.000000  inc=-1.022812  bucket 0->0  (mf=1000)
Dropping frame 1403636959.401667
[MF-SEL] tPrev=(  d=0.041825  dMin=0.000000  dAvg=0.029315  dMax=1.324692  Dlo=0.014658  Dhi=0.677004  err=0.000000  inc=-1.022812  bucket 0->0  (mf=1000)
Dropping frame 1403636959.501667
[MF-SEL] tPrev=(  d=0.045717  dMin=0.000000  dAvg=0.029325  dMax=1.324692  Dlo=0.014663  Dhi=0.677009  err=0.000000  inc=-1.022812  bucket 0->0  (mf=1000)
[MF-SEL] tPrev=(  d=0.020598  dMin=0.000000  dAvg=0.029320  dMax=1.324692  Dlo=0.014660  Dhi=0.677006  err=0.000000  inc=-1.022812  bucket 0->0  (mf=1000)
[MF-SEL] tPrev=(  d=0.020402  dMin=0.000000  dAvg=0.029314  dMax=1.324692  Dlo=0.014657  Dhi=0.677003  err=0.000000  inc=-1.022812  bucket 0->0  (mf=1000)
[MF-SEL] tPrev=(  d=0.018919  dMin=0.000000  dAvg=0.029308  dMax=1.324692  Dlo=0.014654  Dhi=0.677000  err=0.000000  inc=-1.022812  bucket 0->0  (mf=1000)
Dropping frame 1403636959.751667
[MF-SEL] tPrev=(  d=0.027430  dMin=0.000000  dAvg=0.029307  dMax=1.324692  Dlo=0.014653  Dhi=0.676999  err=0.000000  inc=-1.022812  bucket 0->0  (mf=1000)
[MF-SEL] tPrev=(  d=0.014992  dMin=0.000000  dAvg=0.029298  dMax=1.324692  Dlo=0.014649  Dhi=0.676995  err=0.000000  inc=-1.022812  bucket 0->0  (mf=1000)
[MF-SEL] tPrev=(  d=0.014431  dMin=0.000000  dAvg=0.029289  dMax=1.324692  Dlo=0.014644  Dhi=0.676990  err=-1.000000  inc=-1.946238  bucket 0->0  (mf=1000)
[MF-SEL] tPrev=(  d=0.014088  dMin=0.000000  dAvg=0.029279  dMax=1.324692  Dlo=0.014640  Dhi=0.676986  err=-1.000000  inc=-1.627528  bucket 0->0  (mf=1000)
Dropping frame 1403636960.001667
[MF-SEL] tPrev=(  d=0.031289  dMin=0.000000  dAvg=0.029280  dMax=1.324692  Dlo=0.014640  Dhi=0.676986  err=0.000000  inc=-0.865404  bucket 0->0  (mf=1000)
[MF-SEL] tPrev=(  d=0.016851  dMin=0.000000  dAvg=0.029273  dMax=1.324692  Dlo=0.014636  Dhi=0.676982  err=0.000000  inc=-1.027528  bucket 0->0  (mf=1000)
[MF-SEL] tPrev=(  d=0.016183  dMin=0.000000  dAvg=0.029265  dMax=1.324692  Dlo=0.014632  Dhi=0.676978  err=0.000000  inc=-1.027528  bucket 0->0  (mf=1000)
Dropping frame 1403636960.201667
[MF-SEL] tPrev=(  d=0.038543  dMin=0.000000  dAvg=0.029270  dMax=1.324692  Dlo=0.014635  Dhi=0.676981  err=0.000000  inc=-1.027528  bucket 0->0  (mf=1000)
Dropping frame 1403636960.301666
[MF-SEL] tPrev=(  d=0.033075  dMin=0.000000  dAvg=0.029273  dMax=1.324692  Dlo=0.014636  Dhi=0.676982  err=0.000000  inc=-1.027528  bucket 0->0  (mf=1000)
Dropping frame 1403636960.401667
[MF-SEL] tPrev=(  d=0.033178  dMin=0.000000  dAvg=0.029275  dMax=1.324692  Dlo=0.014638  Dhi=0.676984  err=0.000000  inc=-1.027528  bucket 0->0  (mf=1000)
[MF-SEL] tPrev=(  d=0.017225  dMin=0.000000  dAvg=0.029268  dMax=1.324692  Dlo=0.014634  Dhi=0.676980  err=0.000000  inc=-1.027528  bucket 0->0  (mf=1000)
[MF-SEL] tPrev=(  d=0.018086  dMin=0.000000  dAvg=0.029261  dMax=1.324692  Dlo=0.014630  Dhi=0.676976  err=0.000000  inc=-1.027528  bucket 0->0  (mf=1000)
[MF-SEL] tPrev=(  d=0.019071  dMin=0.000000  dAvg=0.029255  dMax=1.324692  Dlo=0.014627  Dhi=0.676973  err=0.000000  inc=-1.027528  bucket 0->0  (mf=1000)
[MF-SEL] tPrev=(  d=0.020087  dMin=0.000000  dAvg=0.029249  dMax=1.324692  Dlo=0.014624  Dhi=0.676971  err=0.000000  inc=-1.027528  bucket 0->0  (mf=1000)
[MF-SEL] tPrev=(  d=0.021378  dMin=0.000000  dAvg=0.029244  dMax=1.324692  Dlo=0.014622  Dhi=0.676968  err=0.000000  inc=-1.027528  bucket 0->0  (mf=1000)
[MF-SEL] tPrev=(  d=0.045785  dMin=0.000000  dAvg=0.029254  dMax=1.324692  Dlo=0.014627  Dhi=0.676973  err=0.000000  inc=-1.027528  bucket 0->0  (mf=1000)
Dropping frame 1403636960.801666
[MF-SEL] tPrev=(  d=0.056273  dMin=0.000000  dAvg=0.029271  dMax=1.324692  Dlo=0.014635  Dhi=0.676981  err=0.000000  inc=-1.027528  bucket 0->0  (mf=1000)
Dropping frame 1403636960.901667
[MF-SEL] tPrev=(  d=0.055832  dMin=0.000000  dAvg=0.029287  dMax=1.324692  Dlo=0.014644  Dhi=0.676990  err=0.000000  inc=-1.027528  bucket 0->0  (mf=1000)
Dropping frame 1403636961.001667
[MF-SEL] tPrev=(  d=0.035734  dMin=0.000000  dAvg=0.029291  dMax=1.324692  Dlo=0.014646  Dhi=0.676992  err=0.000000  inc=-1.027528  bucket 0->0  (mf=1000)
[MF-SEL] tPrev=(  d=0.023794  dMin=0.000000  dAvg=0.029288  dMax=1.324692  Dlo=0.014644  Dhi=0.676990  err=0.000000  inc=-1.027528  bucket 0->0  (mf=1000)
[MF-SEL] tPrev=(  d=0.022836  dMin=0.000000  dAvg=0.029284  dMax=1.324692  Dlo=0.014642  Dhi=0.676988  err=0.000000  inc=-1.027528  bucket 0->0  (mf=1000)
[MF-SEL] tPrev=(  d=0.021135  dMin=0.000000  dAvg=0.029279  dMax=1.324692  Dlo=0.014639  Dhi=0.676985  err=0.000000  inc=-1.027528  bucket 0->0  (mf=1000)
[MF-SEL] tPrev=(  d=0.019408  dMin=0.000000  dAvg=0.029273  dMax=1.324692  Dlo=0.014636  Dhi=0.676982  err=0.000000  inc=-1.027528  bucket 0->0  (mf=1000)
Dropping frame 1403636961.301666
[MF-SEL] tPrev=(  d=0.041950  dMin=0.000000  dAvg=0.029280  dMax=1.324692  Dlo=0.014640  Dhi=0.676986  err=0.000000  inc=-1.027528  bucket 0->0  (mf=1000)
Dropping frame 1403636961.401667
[MF-SEL] tPrev=(  d=0.039103  dMin=0.000000  dAvg=0.029286  dMax=1.324692  Dlo=0.014643  Dhi=0.676989  err=0.000000  inc=-1.027528  bucket 0->0  (mf=1000)
Dropping frame 1403636961.501667
[MF-SEL] tPrev=(  d=0.043235  dMin=0.000000  dAvg=0.029295  dMax=1.324692  Dlo=0.014648  Dhi=0.676994  err=0.000000  inc=-1.027528  bucket 0->0  (mf=1000)
[MF-SEL] tPrev=(  d=0.020729  dMin=0.000000  dAvg=0.029290  dMax=1.324692  Dlo=0.014645  Dhi=0.676991  err=0.000000  inc=-1.027528  bucket 0->0  (mf=1000)
[MF-SEL] tPrev=(  d=0.021714  dMin=0.000000  dAvg=0.029285  dMax=1.324692  Dlo=0.014643  Dhi=0.676989  err=0.000000  inc=-1.027528  bucket 0->0  (mf=1000)
[MF-SEL] tPrev=(  d=0.023520  dMin=0.000000  dAvg=0.029282  dMax=1.324692  Dlo=0.014641  Dhi=0.676987  err=0.000000  inc=-1.027528  bucket 0->0  (mf=1000)
Dropping frame 1403636961.751667
[MF-SEL] tPrev=(  d=0.055783  dMin=0.000000  dAvg=0.029298  dMax=1.324692  Dlo=0.014649  Dhi=0.676995  err=0.000000  inc=-1.027528  bucket 0->0  (mf=1000)
Dropping frame 1403636961.851666
[MF-SEL] tPrev=(  d=0.043109  dMin=0.000000  dAvg=0.029306  dMax=1.324692  Dlo=0.014653  Dhi=0.676999  err=0.000000  inc=-1.027528  bucket 0->0  (mf=1000)
[MF-SEL] tPrev=(  d=0.021211  dMin=0.000000  dAvg=0.029301  dMax=1.324692  Dlo=0.014651  Dhi=0.676997  err=0.000000  inc=-1.027528  bucket 0->0  (mf=1000)
[MF-SEL] tPrev=(  d=0.020570  dMin=0.000000  dAvg=0.029296  dMax=1.324692  Dlo=0.014648  Dhi=0.676994  err=0.000000  inc=-1.027528  bucket 0->0  (mf=1000)
[MF-SEL] tPrev=(  d=0.018698  dMin=0.000000  dAvg=0.029290  dMax=1.324692  Dlo=0.014645  Dhi=0.676991  err=0.000000  inc=-1.027528  bucket 0->0  (mf=1000)
Dropping frame 1403636962.101666
[MF-SEL] tPrev=(  d=0.035865  dMin=0.000000  dAvg=0.029294  dMax=1.324692  Dlo=0.014647  Dhi=0.676993  err=0.000000  inc=-1.027528  bucket 0->0  (mf=1000)
Dropping frame 1403636962.201667
[MF-SEL] tPrev=(  d=0.040151  dMin=0.000000  dAvg=0.029300  dMax=1.324692  Dlo=0.014650  Dhi=0.676996  err=0.000000  inc=-1.027528  bucket 0->0  (mf=1000)
[MF-SEL] tPrev=(  d=0.022635  dMin=0.000000  dAvg=0.029296  dMax=1.324692  Dlo=0.014648  Dhi=0.676994  err=0.000000  inc=-1.027528  bucket 0->0  (mf=1000)
[MF-SEL] tPrev=(  d=0.023575  dMin=0.000000  dAvg=0.029293  dMax=1.324692  Dlo=0.014646  Dhi=0.676992  err=0.000000  inc=-1.027528  bucket 0->0  (mf=1000)
Dropping frame 1403636962.401667
[MF-SEL] tPrev=(  d=0.038429  dMin=0.000000  dAvg=0.029298  dMax=1.324692  Dlo=0.014649  Dhi=0.676995  err=0.000000  inc=-1.027528  bucket 0->0  (mf=1000)
[MF-SEL] tPrev=(  d=0.024863  dMin=0.000000  dAvg=0.029295  dMax=1.324692  Dlo=0.014648  Dhi=0.676994  err=0.000000  inc=-1.027528  bucket 0->0  (mf=1000)
Dropping frame 1403636962.551666
[MF-SEL] tPrev=(  d=0.050072  dMin=0.000000  dAvg=0.029308  dMax=1.324692  Dlo=0.014654  Dhi=0.677000  err=0.000000  inc=-1.027528  bucket 0->0  (mf=1000)
Dropping frame 1403636962.651666
[MF-SEL] tPrev=(  d=0.048785  dMin=0.000000  dAvg=0.029320  dMax=1.324692  Dlo=0.014660  Dhi=0.677006  err=0.000000  inc=-1.027528  bucket 0->0  (mf=1000)
Dropping frame 1403636962.751667
[MF-SEL] tPrev=(  d=0.035519  dMin=0.000000  dAvg=0.029324  dMax=1.324692  Dlo=0.014662  Dhi=0.677008  err=0.000000  inc=-1.027528  bucket 0->0  (mf=1000)
[MF-SEL] tPrev=(  d=0.023237  dMin=0.000000  dAvg=0.029320  dMax=1.324692  Dlo=0.014660  Dhi=0.677006  err=0.000000  inc=-1.027528  bucket 0->0  (mf=1000)
[MF-SEL] tPrev=(  d=0.023845  dMin=0.000000  dAvg=0.029317  dMax=1.324692  Dlo=0.014658  Dhi=0.677004  err=0.000000  inc=-1.027528  bucket 0->0  (mf=1000)
Dropping frame 1403636962.951666
[MF-SEL] tPrev=(  d=0.048740  dMin=0.000000  dAvg=0.029328  dMax=1.324692  Dlo=0.014664  Dhi=0.677010  err=0.000000  inc=-1.027528  bucket 0->0  (mf=1000)
[MF-SEL] tPrev=(  d=0.025734  dMin=0.000000  dAvg=0.029326  dMax=1.324692  Dlo=0.014663  Dhi=0.677009  err=0.000000  inc=-1.027528  bucket 0->0  (mf=1000)
[MF-SEL] tPrev=(  d=0.046816  dMin=0.000000  dAvg=0.029337  dMax=1.324692  Dlo=0.014668  Dhi=0.677014  err=0.000000  inc=-1.027528  bucket 0->0  (mf=1000)
Dropping frame 1403636963.151666
[MF-SEL] tPrev=(  d=0.051707  dMin=0.000000  dAvg=0.029350  dMax=1.324692  Dlo=0.014675  Dhi=0.677021  err=0.000000  inc=-1.027528  bucket 0->0  (mf=1000)
Dropping frame 1403636963.251667
[MF-SEL] tPrev=(  d=0.049385  dMin=0.000000  dAvg=0.029362  dMax=1.324692  Dlo=0.014681  Dhi=0.677027  err=0.000000  inc=-1.027528  bucket 0->0  (mf=1000)
Dropping frame 1403636963.351666
[MF-SEL] tPrev=(  d=0.049940  dMin=0.000000  dAvg=0.029375  dMax=1.324692  Dlo=0.014687  Dhi=0.677033  err=0.000000  inc=-1.027528  bucket 0->0  (mf=1000)
[MF-SEL] tPrev=(  d=0.025120  dMin=0.000000  dAvg=0.029372  dMax=1.324692  Dlo=0.014686  Dhi=0.677032  err=0.000000  inc=-1.027528  bucket 0->0  (mf=1000)
[MF-SEL] tPrev=(  d=0.021551  dMin=0.000000  dAvg=0.029367  dMax=1.324692  Dlo=0.014684  Dhi=0.677030  err=0.000000  inc=-1.027528  bucket 0->0  (mf=1000)
Dropping frame 1403636963.551666
[MF-SEL] tPrev=(  d=0.048439  dMin=0.000000  dAvg=0.029379  dMax=1.324692  Dlo=0.014689  Dhi=0.677035  err=0.000000  inc=-1.027528  bucket 0->0  (mf=1000)
[MF-SEL] tPrev=(  d=0.024443  dMin=0.000000  dAvg=0.029376  dMax=1.324692  Dlo=0.014688  Dhi=0.677034  err=0.000000  inc=-1.027528  bucket 0->0  (mf=1000)
[MF-SEL] tPrev=(  d=0.024602  dMin=0.000000  dAvg=0.029373  dMax=1.324692  Dlo=0.014686  Dhi=0.677033  err=0.000000  inc=-1.027528  bucket 0->0  (mf=1000)
[MF-SEL] tPrev=(  d=0.026334  dMin=0.000000  dAvg=0.029371  dMax=1.324692  Dlo=0.014686  Dhi=0.677032  err=0.000000  inc=-1.027528  bucket 0->0  (mf=1000)
Dropping frame 1403636963.801666
[MF-SEL] tPrev=(  d=0.053723  dMin=0.000000  dAvg=0.029386  dMax=1.324692  Dlo=0.014693  Dhi=0.677039  err=0.000000  inc=-1.027528  bucket 0->0  (mf=1000)
[MF-SEL] tPrev=(  d=0.028782  dMin=0.000000  dAvg=0.029385  dMax=1.324692  Dlo=0.014693  Dhi=0.677039  err=0.000000  inc=-1.027528  bucket 0->0  (mf=1000)
[MF-SEL] tPrev=(  d=0.029718  dMin=0.000000  dAvg=0.029386  dMax=1.324692  Dlo=0.014693  Dhi=0.677039  err=0.000000  inc=-1.027528  bucket 0->0  (mf=1000)
[MF-SEL] tPrev=(  d=0.030663  dMin=0.000000  dAvg=0.029386  dMax=1.324692  Dlo=0.014693  Dhi=0.677039  err=0.000000  inc=-1.027528  bucket 0->0  (mf=1000)
Dropping frame 1403636964.051666
[MF-SEL] tPrev=(  d=0.056296  dMin=0.000000  dAvg=0.029402  dMax=1.324692  Dlo=0.014701  Dhi=0.677047  err=0.000000  inc=-1.027528  bucket 0->0  (mf=1000)
[MF-SEL] tPrev=(  d=0.030791  dMin=0.000000  dAvg=0.029403  dMax=1.324692  Dlo=0.014702  Dhi=0.677048  err=0.000000  inc=-1.027528  bucket 0->0  (mf=1000)
Dropping frame 1403636964.201667
[MF-SEL] tPrev=(  d=0.064569  dMin=0.000000  dAvg=0.029424  dMax=1.324692  Dlo=0.014712  Dhi=0.677058  err=0.000000  inc=-1.027528  bucket 0->0  (mf=1000)
[MF-SEL] tPrev=(  d=0.031886  dMin=0.000000  dAvg=0.029426  dMax=1.324692  Dlo=0.014713  Dhi=0.677059  err=0.000000  inc=-1.027528  bucket 0->0  (mf=1000)
[MF-SEL] tPrev=(  d=0.032394  dMin=0.000000  dAvg=0.029427  dMax=1.324692  Dlo=0.014714  Dhi=0.677060  err=0.000000  inc=-1.027528  bucket 0->0  (mf=1000)
[MF-SEL] tPrev=(  d=0.032378  dMin=0.000000  dAvg=0.029429  dMax=1.324692  Dlo=0.014715  Dhi=0.677061  err=0.000000  inc=-1.027528  bucket 0->0  (mf=1000)
[MF-SEL] tPrev=(  d=0.057083  dMin=0.000000  dAvg=0.029446  dMax=1.324692  Dlo=0.014723  Dhi=0.677069  err=0.000000  inc=-1.027528  bucket 0->0  (mf=1000)
[MF-SEL] tPrev=(  d=0.033754  dMin=0.000000  dAvg=0.029448  dMax=1.324692  Dlo=0.014724  Dhi=0.677070  err=0.000000  inc=-1.027528  bucket 0->0  (mf=1000)
[MF-SEL] tPrev=(  d=0.034733  dMin=0.000000  dAvg=0.029451  dMax=1.324692  Dlo=0.014726  Dhi=0.677072  err=0.000000  inc=-1.027528  bucket 0->0  (mf=1000)
[MF-SEL] tPrev=(  d=0.035386  dMin=0.000000  dAvg=0.029455  dMax=1.324692  Dlo=0.014727  Dhi=0.677073  err=0.000000  inc=-1.027528  bucket 0->0  (mf=1000)
Dropping frame 1403636964.651666
[MF-SEL] tPrev=(  d=0.075036  dMin=0.000000  dAvg=0.029482  dMax=1.324692  Dlo=0.014741  Dhi=0.677087  err=0.000000  inc=-1.027528  bucket 0->0  (mf=1000)
Dropping frame 1403636964.751667
[MF-SEL] tPrev=(  d=0.070908  dMin=0.000000  dAvg=0.029506  dMax=1.324692  Dlo=0.014753  Dhi=0.677099  err=0.000000  inc=-1.027528  bucket 0->0  (mf=1000)
[MF-SEL] tPrev=(  d=0.041241  dMin=0.000000  dAvg=0.029513  dMax=1.324692  Dlo=0.014757  Dhi=0.677103  err=0.000000  inc=-1.027528  bucket 0->0  (mf=1000)
Dropping frame 1403636964.901667
[MF-SEL] tPrev=(  d=0.089384  dMin=0.000000  dAvg=0.029549  dMax=1.324692  Dlo=0.014774  Dhi=0.677121  err=0.000000  inc=-1.027528  bucket 0->0  (mf=1000)
[MF-SEL] tPrev=(  d=0.052847  dMin=0.000000  dAvg=0.029563  dMax=1.324692  Dlo=0.014781  Dhi=0.677127  err=0.000000  inc=-1.027528  bucket 0->0  (mf=1000)
[MF-SEL] tPrev=(  d=0.049622  dMin=0.000000  dAvg=0.029575  dMax=1.324692  Dlo=0.014787  Dhi=0.677133  err=0.000000  inc=-1.027528  bucket 0->0  (mf=1000)
[MF-SEL] tPrev=(  d=0.050221  dMin=0.000000  dAvg=0.029587  dMax=1.324692  Dlo=0.014793  Dhi=0.677139  err=0.000000  inc=-1.027528  bucket 0->0  (mf=1000)
[MF-SEL] tPrev=(  d=0.051346  dMin=0.000000  dAvg=0.029600  dMax=1.324692  Dlo=0.014800  Dhi=0.677146  err=0.000000  inc=-1.027528  bucket 0->0  (mf=1000)
[MF-SEL] tPrev=(  d=0.054589  dMin=0.000000  dAvg=0.029614  dMax=1.324692  Dlo=0.014807  Dhi=0.677153  err=0.000000  inc=-1.027528  bucket 0->0  (mf=1000)
[MF-SEL] tPrev=(  d=0.054399  dMin=0.000000  dAvg=0.029629  dMax=1.324692  Dlo=0.014815  Dhi=0.677161  err=0.000000  inc=-1.027528  bucket 0->0  (mf=1000)
[MF-SEL] tPrev=(  d=0.054394  dMin=0.000000  dAvg=0.029644  dMax=1.324692  Dlo=0.014822  Dhi=0.677168  err=0.000000  inc=-1.027528  bucket 0->0  (mf=1000)
Dropping frame 1403636965.351666
[MF-SEL] tPrev=(  d=0.115030  dMin=0.000000  dAvg=0.029694  dMax=1.324692  Dlo=0.014847  Dhi=0.677193  err=0.000000  inc=-1.027528  bucket 0->0  (mf=1000)
[MF-SEL] tPrev=(  d=0.057788  dMin=0.000000  dAvg=0.029711  dMax=1.324692  Dlo=0.014855  Dhi=0.677201  err=0.000000  inc=-1.027528  bucket 0->0  (mf=1000)
Dropping frame 1403636965.501667
[MF-SEL] tPrev=(  d=0.116932  dMin=0.000000  dAvg=0.029762  dMax=1.324692  Dlo=0.014881  Dhi=0.677227  err=0.000000  inc=-1.027528  bucket 0->0  (mf=1000)
[MF-SEL] tPrev=(  d=0.048832  dMin=0.000000  dAvg=0.029773  dMax=1.324692  Dlo=0.014887  Dhi=0.677233  err=0.000000  inc=-1.027528  bucket 0->0  (mf=1000)
[MF-SEL] tPrev=(  d=0.060440  dMin=0.000000  dAvg=0.029791  dMax=1.324692  Dlo=0.014896  Dhi=0.677242  err=0.000000  inc=-1.027528  bucket 0->0  (mf=1000)
[MF-SEL] tPrev=(  d=0.060106  dMin=0.000000  dAvg=0.029809  dMax=1.324692  Dlo=0.014905  Dhi=0.677251  err=0.000000  inc=-1.027528  bucket 0->0  (mf=1000)
[MF-SEL] tPrev=(  d=0.058047  dMin=0.000000  dAvg=0.029826  dMax=1.324692  Dlo=0.014913  Dhi=0.677259  err=0.000000  inc=-1.027528  bucket 0->0  (mf=1000)
[MF-SEL] tPrev=(  d=0.042683  dMin=0.000000  dAvg=0.029833  dMax=1.324692  Dlo=0.014917  Dhi=0.677263  err=0.000000  inc=-1.027528  bucket 0->0  (mf=1000)
[MF-SEL] tPrev=(  d=0.052995  dMin=0.000000  dAvg=0.029847  dMax=1.324692  Dlo=0.014923  Dhi=0.677270  err=0.000000  inc=-1.027528  bucket 0->0  (mf=1000)
Dropping frame 1403636965.901667
[MF-SEL] tPrev=(  d=0.098824  dMin=0.000000  dAvg=0.029887  dMax=1.324692  Dlo=0.014944  Dhi=0.677290  err=0.000000  inc=-1.027528  bucket 0->0  (mf=1000)
[MF-SEL] tPrev=(  d=0.047696  dMin=0.000000  dAvg=0.029898  dMax=1.324692  Dlo=0.014949  Dhi=0.677295  err=0.000000  inc=-1.027528  bucket 0->0  (mf=1000)
[MF-SEL] tPrev=(  d=0.047341  dMin=0.000000  dAvg=0.029908  dMax=1.324692  Dlo=0.014954  Dhi=0.677300  err=0.000000  inc=-1.027528  bucket 0->0  (mf=1000)
Dropping frame 1403636966.101666
[MF-SEL] tPrev=(  d=0.088568  dMin=0.000000  dAvg=0.029942  dMax=1.324692  Dlo=0.014971  Dhi=0.677317  err=0.000000  inc=-1.027528  bucket 0->0  (mf=1000)
[MF-SEL] tPrev=(  d=0.047106  dMin=0.000000  dAvg=0.029953  dMax=1.324692  Dlo=0.014976  Dhi=0.677322  err=0.000000  inc=-1.027528  bucket 0->0  (mf=1000)
Dropping frame 1403636966.251667
[MF-SEL] tPrev=(  d=0.093801  dMin=0.000000  dAvg=0.029990  dMax=1.324692  Dlo=0.014995  Dhi=0.677341  err=0.000000  inc=-1.027528  bucket 0->0  (mf=1000)
[MF-SEL] tPrev=(  d=0.047700  dMin=0.000000  dAvg=0.030000  dMax=1.324692  Dlo=0.015000  Dhi=0.677346  err=0.000000  inc=-1.027528  bucket 0->0  (mf=1000)
[MF-SEL] tPrev=(  d=0.049111  dMin=0.000000  dAvg=0.030011  dMax=1.324692  Dlo=0.015006  Dhi=0.677352  err=0.000000  inc=-1.027528  bucket 0->0  (mf=1000)
Dropping frame 1403636966.451666
[MF-SEL] tPrev=(  d=0.096242  dMin=0.000000  dAvg=0.030050  dMax=1.324692  Dlo=0.015025  Dhi=0.677371  err=0.000000  inc=-1.027528  bucket 0->0  (mf=1000)
Dropping frame 1403636966.551666
[MF-SEL] tPrev=(  d=0.090184  dMin=0.000000  dAvg=0.030085  dMax=1.324692  Dlo=0.015043  Dhi=0.677389  err=0.000000  inc=-1.027528  bucket 0->0  (mf=1000)
[MF-SEL] tPrev=(  d=0.043457  dMin=0.000000  dAvg=0.030093  dMax=1.324692  Dlo=0.015046  Dhi=0.677393  err=0.000000  inc=-1.027528  bucket 0->0  (mf=1000)
[MF-SEL] tPrev=(  d=0.079652  dMin=0.000000  dAvg=0.030122  dMax=1.324692  Dlo=0.015061  Dhi=0.677407  err=0.000000  inc=-1.027528  bucket 0->0  (mf=1000)
[MF-SEL] tPrev=(  d=0.042891  dMin=0.000000  dAvg=0.030129  dMax=1.324692  Dlo=0.015065  Dhi=0.677411  err=0.000000  inc=-1.027528  bucket 0->0  (mf=1000)
Dropping frame 1403636966.801666
[MF-SEL] tPrev=(  d=0.088993  dMin=0.000000  dAvg=0.030164  dMax=1.324692  Dlo=0.015082  Dhi=0.677428  err=0.000000  inc=-1.027528  bucket 0->0  (mf=1000)
Dropping frame 1403636966.901667
[MF-SEL] tPrev=(  d=0.084598  dMin=0.000000  dAvg=0.030195  dMax=1.324692  Dlo=0.015098  Dhi=0.677444  err=0.000000  inc=-1.027528  bucket 0->0  (mf=1000)
Dropping frame 1403636967.001667
[MF-SEL] tPrev=(  d=0.081992  dMin=0.000000  dAvg=0.030225  dMax=1.324692  Dlo=0.015113  Dhi=0.677459  err=0.000000  inc=-1.027528  bucket 0->0  (mf=1000)
[MF-SEL] tPrev=(  d=0.039250  dMin=0.000000  dAvg=0.030231  dMax=1.324692  Dlo=0.015115  Dhi=0.677461  err=0.000000  inc=-1.027528  bucket 0->0  (mf=1000)
[MF-SEL] tPrev=(  d=0.039290  dMin=0.000000  dAvg=0.030236  dMax=1.324692  Dlo=0.015118  Dhi=0.677464  err=0.000000  inc=-1.027528  bucket 0->0  (mf=1000)
Dropping frame 1403636967.201667
[MF-SEL] tPrev=(  d=0.082293  dMin=0.000000  dAvg=0.030266  dMax=1.324692  Dlo=0.015133  Dhi=0.677479  err=0.000000  inc=-1.027528  bucket 0->0  (mf=1000)
[MF-SEL] tPrev=(  d=0.035593  dMin=0.000000  dAvg=0.030269  dMax=1.324692  Dlo=0.015135  Dhi=0.677481  err=0.000000  inc=-1.027528  bucket 0->0  (mf=1000)
[MF-SEL] tPrev=(  d=0.041133  dMin=0.000000  dAvg=0.030276  dMax=1.324692  Dlo=0.015138  Dhi=0.677484  err=0.000000  inc=-1.027528  bucket 0->0  (mf=1000)
Dropping frame 1403636967.401667
[MF-SEL] tPrev=(  d=0.083212  dMin=0.000000  dAvg=0.030306  dMax=1.324692  Dlo=0.015153  Dhi=0.677499  err=0.000000  inc=-1.027528  bucket 0->0  (mf=1000)
Dropping frame 1403636967.501667
[MF-SEL] tPrev=(  d=0.086848  dMin=0.000000  dAvg=0.030339  dMax=1.324692  Dlo=0.015170  Dhi=0.677516  err=0.000000  inc=-1.027528  bucket 0->0  (mf=1000)
[MF-SEL] tPrev=(  d=0.044163  dMin=0.000000  dAvg=0.030347  dMax=1.324692  Dlo=0.015174  Dhi=0.677520  err=0.000000  inc=-1.027528  bucket 0->0  (mf=1000)
[MF-SEL] tPrev=(  d=0.044738  dMin=0.000000  dAvg=0.030355  dMax=1.324692  Dlo=0.015178  Dhi=0.677524  err=0.000000  inc=-1.027528  bucket 0->0  (mf=1000)
[MF-SEL] tPrev=(  d=0.055506  dMin=0.000000  dAvg=0.030370  dMax=1.324692  Dlo=0.015185  Dhi=0.677531  err=0.000000  inc=-1.027528  bucket 0->0  (mf=1000)
[MF-SEL] tPrev=(  d=0.044021  dMin=0.000000  dAvg=0.030378  dMax=1.324692  Dlo=0.015189  Dhi=0.677535  err=0.000000  inc=-1.027528  bucket 0->0  (mf=1000)
Dropping frame 1403636967.801666
[MF-SEL] tPrev=(  d=0.094675  dMin=0.000000  dAvg=0.030415  dMax=1.324692  Dlo=0.015207  Dhi=0.677554  err=0.000000  inc=-1.027528  bucket 0->0  (mf=1000)
Dropping frame 1403636967.901667
[MF-SEL] tPrev=(  d=0.094107  dMin=0.000000  dAvg=0.030452  dMax=1.324692  Dlo=0.015226  Dhi=0.677572  err=0.000000  inc=-1.027528  bucket 0->0  (mf=1000)
[MF-SEL] tPrev=(  d=0.050706  dMin=0.000000  dAvg=0.030463  dMax=1.324692  Dlo=0.015232  Dhi=0.677578  err=0.000000  inc=-1.027528  bucket 0->0  (mf=1000)
[MF-SEL] tPrev=(  d=0.050951  dMin=0.000000  dAvg=0.030475  dMax=1.324692  Dlo=0.015238  Dhi=0.677584  err=0.000000  inc=-1.027528  bucket 0->0  (mf=1000)
[MF-SEL] tPrev=(  d=0.051916  dMin=0.000000  dAvg=0.030488  dMax=1.324692  Dlo=0.015244  Dhi=0.677590  err=0.000000  inc=-1.027528  bucket 0->0  (mf=1000)
Dropping frame 1403636968.151666
[MF-SEL] tPrev=(  d=0.096222  dMin=0.000000  dAvg=0.030525  dMax=1.324692  Dlo=0.015263  Dhi=0.677609  err=0.000000  inc=-1.027528  bucket 0->0  (mf=1000)
[MF-SEL] tPrev=(  d=0.052894  dMin=0.000000  dAvg=0.030538  dMax=1.324692  Dlo=0.015269  Dhi=0.677615  err=0.000000  inc=-1.027528  bucket 0->0  (mf=1000)
[MF-SEL] tPrev=(  d=0.053863  dMin=0.000000  dAvg=0.030552  dMax=1.324692  Dlo=0.015276  Dhi=0.677622  err=0.000000  inc=-1.027528  bucket 0->0  (mf=1000)
Dropping frame 1403636968.351666
[MF-SEL] tPrev=(  d=0.096072  dMin=0.000000  dAvg=0.030589  dMax=1.324692  Dlo=0.015295  Dhi=0.677641  err=0.000000  inc=-1.027528  bucket 0->0  (mf=1000)
Dropping frame 1403636968.451666
[MF-SEL] tPrev=(  d=0.104677  dMin=0.000000  dAvg=0.030632  dMax=1.324692  Dlo=0.015316  Dhi=0.677662  err=0.000000  inc=-1.027528  bucket 0->0  (mf=1000)
Dropping frame 1403636968.551666
[MF-SEL] tPrev=(  d=0.104218  dMin=0.000000  dAvg=0.030674  dMax=1.324692  Dlo=0.015337  Dhi=0.677683  err=0.000000  inc=-1.027528  bucket 0->0  (mf=1000)
[MF-SEL] tPrev=(  d=0.051776  dMin=0.000000  dAvg=0.030686  dMax=1.324692  Dlo=0.015343  Dhi=0.677689  err=0.000000  inc=-1.027528  bucket 0->0  (mf=1000)
[MF-SEL] tPrev=(  d=0.053042  dMin=0.000000  dAvg=0.030699  dMax=1.324692  Dlo=0.015350  Dhi=0.677696  err=0.000000  inc=-1.027528  bucket 0->0  (mf=1000)
[MF-SEL] tPrev=(  d=0.041974  dMin=0.000000  dAvg=0.030706  dMax=1.324692  Dlo=0.015353  Dhi=0.677699  err=0.000000  inc=-1.027528  bucket 0->0  (mf=1000)
[MF-SEL] tPrev=(  d=0.054885  dMin=0.000000  dAvg=0.030719  dMax=1.324692  Dlo=0.015360  Dhi=0.677706  err=0.000000  inc=-1.027528  bucket 0->0  (mf=1000)
Dropping frame 1403636968.851666
[MF-SEL] tPrev=(  d=0.110833  dMin=0.000000  dAvg=0.030765  dMax=1.324692  Dlo=0.015383  Dhi=0.677729  err=0.000000  inc=-1.027528  bucket 0->0  (mf=1000)
[MF-SEL] tPrev=(  d=0.056184  dMin=0.000000  dAvg=0.030780  dMax=1.324692  Dlo=0.015390  Dhi=0.677736  err=0.000000  inc=-1.027528  bucket 0->0  (mf=1000)
[MF-SEL] tPrev=(  d=0.056869  dMin=0.000000  dAvg=0.030795  dMax=1.324692  Dlo=0.015397  Dhi=0.677743  err=0.000000  inc=-1.027528  bucket 0->0  (mf=1000)
Dropping frame 1403636969.051666
[MF-SEL] tPrev=(  d=0.117291  dMin=0.000000  dAvg=0.030844  dMax=1.324692  Dlo=0.015422  Dhi=0.677768  err=0.000000  inc=-1.027528  bucket 0->0  (mf=1000)
[MF-SEL] tPrev=(  d=0.060712  dMin=0.000000  dAvg=0.030861  dMax=1.324692  Dlo=0.015431  Dhi=0.677777  err=0.000000  inc=-1.027528  bucket 0->0  (mf=1000)
[MF-SEL] tPrev=(  d=0.060838  dMin=0.000000  dAvg=0.030878  dMax=1.324692  Dlo=0.015439  Dhi=0.677785  err=0.000000  inc=-1.027528  bucket 0->0  (mf=1000)
Dropping frame 1403636969.251667
[MF-SEL] tPrev=(  d=0.124229  dMin=0.000000  dAvg=0.030932  dMax=1.324692  Dlo=0.015466  Dhi=0.677812  err=0.000000  inc=-1.027528  bucket 0->0  (mf=1000)
Dropping frame 1403636969.351666
[MF-SEL] tPrev=(  d=0.135923  dMin=0.000000  dAvg=0.030992  dMax=1.324692  Dlo=0.015496  Dhi=0.677842  err=0.000000  inc=-1.027528  bucket 0->0  (mf=1000)
[MF-SEL] tPrev=(  d=0.062039  dMin=0.000000  dAvg=0.031009  dMax=1.324692  Dlo=0.015505  Dhi=0.677851  err=0.000000  inc=-1.027528  bucket 0->0  (mf=1000)
[MF-SEL] tPrev=(  d=0.060432  dMin=0.000000  dAvg=0.031026  dMax=1.324692  Dlo=0.015513  Dhi=0.677859  err=0.000000  inc=-1.027528  bucket 0->0  (mf=1000)
[MF-SEL] tPrev=(  d=0.059024  dMin=0.000000  dAvg=0.031042  dMax=1.324692  Dlo=0.015521  Dhi=0.677867  err=0.000000  inc=-1.027528  bucket 0->0  (mf=1000)
Dropping frame 1403636969.601666
[MF-SEL] tPrev=(  d=0.129256  dMin=0.000000  dAvg=0.031098  dMax=1.324692  Dlo=0.015549  Dhi=0.677895  err=0.000000  inc=-1.027528  bucket 0->0  (mf=1000)
Dropping frame 1403636969.701667
[MF-SEL] tPrev=(  d=0.118032  dMin=0.000000  dAvg=0.031147  dMax=1.324692  Dlo=0.015574  Dhi=0.677920  err=0.000000  inc=-1.027528  bucket 0->0  (mf=1000)
[MF-SEL] tPrev=(  d=0.057209  dMin=0.000000  dAvg=0.031162  dMax=1.324692  Dlo=0.015581  Dhi=0.677927  err=0.000000  inc=-1.027528  bucket 0->0  (mf=1000)
Dropping frame 1403636969.851666
[MF-SEL] tPrev=(  d=0.106693  dMin=0.000000  dAvg=0.031205  dMax=1.324692  Dlo=0.015603  Dhi=0.677949  err=0.000000  inc=-1.027528  bucket 0->0  (mf=1000)
[MF-SEL] tPrev=(  d=0.052269  dMin=0.000000  dAvg=0.031217  dMax=1.324692  Dlo=0.015609  Dhi=0.677955  err=0.000000  inc=-1.027528  bucket 0->0  (mf=1000)
[MF-SEL] tPrev=(  d=0.050797  dMin=0.000000  dAvg=0.031228  dMax=1.324692  Dlo=0.015614  Dhi=0.677960  err=0.000000  inc=-1.027528  bucket 0->0  (mf=1000)
[MF-SEL] tPrev=(  d=0.048628  dMin=0.000000  dAvg=0.031238  dMax=1.324692  Dlo=0.015619  Dhi=0.677965  err=0.000000  inc=-1.027528  bucket 0->0  (mf=1000)
Dropping frame 1403636970.101666
[MF-SEL] tPrev=(  d=0.096113  dMin=0.000000  dAvg=0.031275  dMax=1.324692  Dlo=0.015637  Dhi=0.677984  err=0.000000  inc=-1.027528  bucket 0->0  (mf=1000)
Dropping frame 1403636970.201667
[MF-SEL] tPrev=(  d=0.099637  dMin=0.000000  dAvg=0.031314  dMax=1.324692  Dlo=0.015657  Dhi=0.678003  err=0.000000  inc=-1.027528  bucket 0->0  (mf=1000)
[MF-SEL] tPrev=(  d=0.047650  dMin=0.000000  dAvg=0.031323  dMax=1.324692  Dlo=0.015661  Dhi=0.678007  err=0.000000  inc=-1.027528  bucket 0->0  (mf=1000)
[MF-SEL] tPrev=(  d=0.050204  dMin=0.000000  dAvg=0.031334  dMax=1.324692  Dlo=0.015667  Dhi=0.678013  err=0.000000  inc=-1.027528  bucket 0->0  (mf=1000)
Dropping frame 1403636970.401667
[MF-SEL] tPrev=(  d=0.103338  dMin=0.000000  dAvg=0.031374  dMax=1.324692  Dlo=0.015687  Dhi=0.678033  err=0.000000  inc=-1.027528  bucket 0->0  (mf=1000)
Dropping frame 1403636970.501667
[MF-SEL] tPrev=(  d=0.096530  dMin=0.000000  dAvg=0.031411  dMax=1.324692  Dlo=0.015706  Dhi=0.678052  err=0.000000  inc=-1.027528  bucket 0->0  (mf=1000)
[MF-SEL] tPrev=(  d=0.047328  dMin=0.000000  dAvg=0.031420  dMax=1.324692  Dlo=0.015710  Dhi=0.678056  err=0.000000  inc=-1.027528  bucket 0->0  (mf=1000)
Dropping frame 1403636970.651666
[MF-SEL] tPrev=(  d=0.077119  dMin=0.000000  dAvg=0.031446  dMax=1.324692  Dlo=0.015723  Dhi=0.678069  err=0.000000  inc=-1.027528  bucket 0->0  (mf=1000)
[MF-SEL] tPrev=(  d=0.044163  dMin=0.000000  dAvg=0.031453  dMax=1.324692  Dlo=0.015727  Dhi=0.678073  err=0.000000  inc=-1.027528  bucket 0->0  (mf=1000)
[MF-SEL] tPrev=(  d=0.043339  dMin=0.000000  dAvg=0.031460  dMax=1.324692  Dlo=0.015730  Dhi=0.678076  err=0.000000  inc=-1.027528  bucket 0->0  (mf=1000)
[MF-SEL] tPrev=(  d=0.041911  dMin=0.000000  dAvg=0.031466  dMax=1.324692  Dlo=0.015733  Dhi=0.678079  err=0.000000  inc=-1.027528  bucket 0->0  (mf=1000)
[MF-SEL] tPrev=(  d=0.042859  dMin=0.000000  dAvg=0.031472  dMax=1.324692  Dlo=0.015736  Dhi=0.678082  err=0.000000  inc=-1.027528  bucket 0->0  (mf=1000)
[MF-SEL] tPrev=(  d=0.040168  dMin=0.000000  dAvg=0.031477  dMax=1.324692  Dlo=0.015738  Dhi=0.678085  err=0.000000  inc=-1.027528  bucket 0->0  (mf=1000)
Dropping frame 1403636971.001667
[MF-SEL] tPrev=(  d=0.075172  dMin=0.000000  dAvg=0.031502  dMax=1.324692  Dlo=0.015751  Dhi=0.678097  err=0.000000  inc=-1.027528  bucket 0->0  (mf=1000)
Dropping frame 1403636971.101666
[MF-SEL] tPrev=(  d=0.074258  dMin=0.000000  dAvg=0.031526  dMax=1.324692  Dlo=0.015763  Dhi=0.678109  err=0.000000  inc=-1.027528  bucket 0->0  (mf=1000)
Dropping frame 1403636971.201667
[MF-SEL] tPrev=(  d=0.065444  dMin=0.000000  dAvg=0.031545  dMax=1.324692  Dlo=0.015772  Dhi=0.678118  err=0.000000  inc=-1.027528  bucket 0->0  (mf=1000)
[MF-SEL] tPrev=(  d=0.027381  dMin=0.000000  dAvg=0.031542  dMax=1.324692  Dlo=0.015771  Dhi=0.678117  err=0.000000  inc=-1.027528  bucket 0->0  (mf=1000)
[MF-SEL] tPrev=(  d=0.027792  dMin=0.000000  dAvg=0.031540  dMax=1.324692  Dlo=0.015770  Dhi=0.678116  err=0.000000  inc=-1.027528  bucket 0->0  (mf=1000)
[MF-SEL] tPrev=(  d=0.026568  dMin=0.000000  dAvg=0.031537  dMax=1.324692  Dlo=0.015769  Dhi=0.678115  err=0.000000  inc=-1.027528  bucket 0->0  (mf=1000)
[MF-SEL] tPrev=(  d=0.023781  dMin=0.000000  dAvg=0.031533  dMax=1.324692  Dlo=0.015767  Dhi=0.678113  err=0.000000  inc=-1.027528  bucket 0->0  (mf=1000)
[MF-SEL] tPrev=(  d=0.022185  dMin=0.000000  dAvg=0.031528  dMax=1.324692  Dlo=0.015764  Dhi=0.678110  err=0.000000  inc=-1.027528  bucket 0->0  (mf=1000)
[MF-SEL] tPrev=(  d=0.028235  dMin=0.000000  dAvg=0.031526  dMax=1.324692  Dlo=0.015763  Dhi=0.678109  err=0.000000  inc=-1.027528  bucket 0->0  (mf=1000)
[MF-SEL] tPrev=(  d=0.019664  dMin=0.000000  dAvg=0.031519  dMax=1.324692  Dlo=0.015760  Dhi=0.678106  err=0.000000  inc=-1.027528  bucket 0->0  (mf=1000)
Dropping frame 1403636971.651666
[MF-SEL] tPrev=(  d=0.052688  dMin=0.000000  dAvg=0.031531  dMax=1.324692  Dlo=0.015766  Dhi=0.678112  err=0.000000  inc=-1.027528  bucket 0->0  (mf=1000)
[MF-SEL] tPrev=(  d=0.023743  dMin=0.000000  dAvg=0.031527  dMax=1.324692  Dlo=0.015763  Dhi=0.678110  err=0.000000  inc=-1.027528  bucket 0->0  (mf=1000)
[MF-SEL] tPrev=(  d=0.020755  dMin=0.000000  dAvg=0.031521  dMax=1.324692  Dlo=0.015760  Dhi=0.678106  err=0.000000  inc=-1.027528  bucket 0->0  (mf=1000)
[MF-SEL] tPrev=(  d=0.022334  dMin=0.000000  dAvg=0.031516  dMax=1.324692  Dlo=0.015758  Dhi=0.678104  err=0.000000  inc=-1.027528  bucket 0->0  (mf=1000)
[MF-SEL] tPrev=(  d=0.018096  dMin=0.000000  dAvg=0.031508  dMax=1.324692  Dlo=0.015754  Dhi=0.678100  err=0.000000  inc=-1.027528  bucket 0->0  (mf=1000)
[MF-SEL] tPrev=(  d=0.033220  dMin=0.000000  dAvg=0.031509  dMax=1.324692  Dlo=0.015755  Dhi=0.678101  err=0.000000  inc=-1.027528  bucket 0->0  (mf=1000)
[MF-SEL] tPrev=(  d=0.019727  dMin=0.000000  dAvg=0.031503  dMax=1.324692  Dlo=0.015751  Dhi=0.678097  err=0.000000  inc=-1.027528  bucket 0->0  (mf=1000)
[MF-SEL] tPrev=(  d=0.016697  dMin=0.000000  dAvg=0.031494  dMax=1.324692  Dlo=0.015747  Dhi=0.678093  err=0.000000  inc=-1.027528  bucket 0->0  (mf=1000)
[MF-SEL] tPrev=(  d=0.006943  dMin=0.000000  dAvg=0.031481  dMax=1.324692  Dlo=0.015740  Dhi=0.678086  err=-1.000000  inc=-1.971863  bucket 0->0  (mf=1000)
[MF-SEL] tPrev=(  d=0.015564  dMin=0.000000  dAvg=0.031472  dMax=1.324692  Dlo=0.015736  Dhi=0.678082  err=-1.000000  inc=-1.632092  bucket 0->0  (mf=1000)
[MF-SEL] tPrev=(  d=0.013693  dMin=0.000000  dAvg=0.031462  dMax=1.324692  Dlo=0.015731  Dhi=0.678077  err=-1.000000  inc=-1.634403  bucket 0->0  (mf=1000)
[MF-SEL] tPrev=(  d=0.012409  dMin=0.000000  dAvg=0.031451  dMax=1.324692  Dlo=0.015726  Dhi=0.678072  err=-1.000000  inc=-1.636710  bucket 0->0  (mf=1000)
Dropping frame 1403636972.301666
[MF-SEL] tPrev=(  d=0.017183  dMin=0.000000  dAvg=0.031443  dMax=1.324692  Dlo=0.015722  Dhi=0.678068  err=0.000000  inc=-0.859136  bucket 0->0  (mf=1000)
[MF-SEL] tPrev=(  d=0.006197  dMin=0.000000  dAvg=0.031429  dMax=1.324692  Dlo=0.015715  Dhi=0.678061  err=-1.000000  inc=-1.931837  bucket 0->0  (mf=1000)
Dropping frame 1403636972.451666
[MF-SEL] tPrev=(  d=0.020933  dMin=0.000000  dAvg=0.031424  dMax=1.324692  Dlo=0.015712  Dhi=0.678058  err=0.000000  inc=-0.872790  bucket 0->0  (mf=1000)
[MF-SEL] tPrev=(  d=0.009018  dMin=0.000000  dAvg=0.031411  dMax=1.324692  Dlo=0.015706  Dhi=0.678052  err=-1.000000  inc=-1.989924  bucket 0->0  (mf=1000)
[MF-SEL] tPrev=(  d=0.017506  dMin=0.000000  dAvg=0.031403  dMax=1.324692  Dlo=0.015702  Dhi=0.678048  err=0.000000  inc=-0.735036  bucket 0->0  (mf=1000)
[MF-SEL] tPrev=(  d=0.017015  dMin=0.000000  dAvg=0.031395  dMax=1.324692  Dlo=0.015698  Dhi=0.678044  err=0.000000  inc=-1.041744  bucket 0->0  (mf=1000)
[MF-SEL] tPrev=(  d=0.012892  dMin=0.000000  dAvg=0.031385  dMax=1.324692  Dlo=0.015693  Dhi=0.678039  err=-1.000000  inc=-1.977130  bucket 0->0  (mf=1000)
Dropping frame 1403636972.751667
[MF-SEL] tPrev=(  d=0.022625  dMin=0.000000  dAvg=0.031380  dMax=1.324692  Dlo=0.015690  Dhi=0.678036  err=0.000000  inc=-0.876843  bucket 0->0  (mf=1000)
[MF-SEL] tPrev=(  d=0.008997  dMin=0.000000  dAvg=0.031368  dMax=1.324692  Dlo=0.015684  Dhi=0.678030  err=-1.000000  inc=-1.956570  bucket 0->0  (mf=1000)
[MF-SEL] tPrev=(  d=0.006510  dMin=0.000000  dAvg=0.031354  dMax=1.324692  Dlo=0.015677  Dhi=0.678023  err=-1.000000  inc=-1.649041  bucket 0->0  (mf=1000)
Dropping frame 1403636972.951666
[MF-SEL] tPrev=(  d=0.012400  dMin=0.000000  dAvg=0.031344  dMax=1.324692  Dlo=0.015672  Dhi=0.678018  err=-1.000000  inc=-1.653776  bucket 0->0  (mf=1000)
[MF-SEL] tPrev=(  d=0.011126  dMin=0.000000  dAvg=0.031333  dMax=1.324692  Dlo=0.015666  Dhi=0.678012  err=-1.000000  inc=-1.656021  bucket 0->0  (mf=1000)
[MF-SEL] tPrev=(  d=0.005603  dMin=0.000000  dAvg=0.031318  dMax=1.324692  Dlo=0.015659  Dhi=0.678005  err=-1.000000  inc=-1.658576  bucket 0->0  (mf=1000)
Dropping frame 1403636973.151666
[MF-SEL] tPrev=(  d=0.009013  dMin=0.000000  dAvg=0.031306  dMax=1.324692  Dlo=0.015653  Dhi=0.677999  err=-1.000000  inc=-1.663400  bucket 0->0  (mf=1000)
[MF-SEL] tPrev=(  d=0.006167  dMin=0.000000  dAvg=0.031292  dMax=1.324692  Dlo=0.015646  Dhi=0.677992  err=-1.000000  inc=-1.665711  bucket 0->0  (mf=1000)
[MF-SEL] tPrev=(  d=0.007729  dMin=0.000000  dAvg=0.031279  dMax=1.324692  Dlo=0.015640  Dhi=0.677986  err=-1.000000  inc=-1.668080  bucket 0->0  (mf=1000)
Dropping frame 1403636973.351666
[MF-SEL] tPrev=(  d=0.024185  dMin=0.000000  dAvg=0.031275  dMax=1.324692  Dlo=0.015638  Dhi=0.677984  err=0.000000  inc=-0.904022  bucket 0->0  (mf=1000)
Dropping frame 1403636973.451666
[MF-SEL] tPrev=(  d=0.023059  dMin=0.000000  dAvg=0.031271  dMax=1.324692  Dlo=0.015635  Dhi=0.677981  err=0.000000  inc=-1.068080  bucket 0->0  (mf=1000)
[MF-SEL] tPrev=(  d=0.012098  dMin=0.000000  dAvg=0.031260  dMax=1.324692  Dlo=0.015630  Dhi=0.677976  err=-1.000000  inc=-1.989181  bucket 0->0  (mf=1000)
[MF-SEL] tPrev=(  d=0.022292  dMin=0.000000  dAvg=0.031255  dMax=1.324692  Dlo=0.015628  Dhi=0.677974  err=0.000000  inc=-0.726094  bucket 0->0  (mf=1000)
[MF-SEL] tPrev=(  d=0.012641  dMin=0.000000  dAvg=0.031245  dMax=1.324692  Dlo=0.015623  Dhi=0.677969  err=-1.000000  inc=-1.977000  bucket 0->0  (mf=1000)
[MF-SEL] tPrev=(  d=0.012335  dMin=0.000000  dAvg=0.031235  dMax=1.324692  Dlo=0.015617  Dhi=0.677963  err=-1.000000  inc=-1.675517  bucket 0->0  (mf=1000)
Dropping frame 1403636973.751667
[MF-SEL] tPrev=(  d=0.018571  dMin=0.000000  dAvg=0.031228  dMax=1.324692  Dlo=0.015614  Dhi=0.677960  err=0.000000  inc=-0.917863  bucket 0->0  (mf=1000)
[MF-SEL] tPrev=(  d=0.006864  dMin=0.000000  dAvg=0.031214  dMax=1.324692  Dlo=0.015607  Dhi=0.677953  err=-1.000000  inc=-2.007242  bucket 0->0  (mf=1000)
[MF-SEL] tPrev=(  d=0.005967  dMin=0.000000  dAvg=0.031200  dMax=1.324692  Dlo=0.015600  Dhi=0.677946  err=-1.000000  inc=-1.680422  bucket 0->0  (mf=1000)
[MF-SEL] tPrev=(  d=0.004574  dMin=0.000000  dAvg=0.031186  dMax=1.324692  Dlo=0.015593  Dhi=0.677939  err=-1.000000  inc=-1.682960  bucket 0->0  (mf=1000)
[MF-SEL] tPrev=(  d=0.005262  dMin=0.000000  dAvg=0.031172  dMax=1.324692  Dlo=0.015586  Dhi=0.677932  err=-1.000000  inc=-1.685227  bucket 0->0  (mf=1000)
Dropping frame 1403636974.051666
[MF-SEL] tPrev=(  d=0.015800  dMin=0.000000  dAvg=0.031163  dMax=1.324692  Dlo=0.015582  Dhi=0.677928  err=0.000000  inc=-0.907176  bucket 0->0  (mf=1000)
[MF-SEL] tPrev=(  d=0.006096  dMin=0.000000  dAvg=0.031150  dMax=1.324692  Dlo=0.015575  Dhi=0.677921  err=-1.000000  inc=-2.001588  bucket 0->0  (mf=1000)
[MF-SEL] tPrev=(  d=0.005705  dMin=0.000000  dAvg=0.031136  dMax=1.324692  Dlo=0.015568  Dhi=0.677914  err=-1.000000  inc=-1.690231  bucket 0->0  (mf=1000)
[MF-SEL] tPrev=(  d=0.004902  dMin=0.000000  dAvg=0.031121  dMax=1.324692  Dlo=0.015561  Dhi=0.677907  err=-1.000000  inc=-1.692543  bucket 0->0  (mf=1000)
Dropping frame 1403636974.301666
[MF-SEL] tPrev=(  d=0.012685  dMin=0.000000  dAvg=0.031111  dMax=1.324692  Dlo=0.015556  Dhi=0.677902  err=-1.000000  inc=-1.697390  bucket 0->0  (mf=1000)
Dropping frame 1403636974.401667
[MF-SEL] tPrev=(  d=0.002553  dMin=0.000000  dAvg=0.031096  dMax=1.324692  Dlo=0.015548  Dhi=0.677894  err=-1.000000  inc=-1.702236  bucket 0->0  (mf=1000)
[MF-SEL] tPrev=(  d=0.012736  dMin=0.000000  dAvg=0.031086  dMax=1.324692  Dlo=0.015543  Dhi=0.677889  err=-1.000000  inc=-1.704897  bucket 0->0  (mf=1000)
[MF-SEL] tPrev=(  d=0.014025  dMin=0.000000  dAvg=0.031076  dMax=1.324692  Dlo=0.015538  Dhi=0.677884  err=-1.000000  inc=-1.707281  bucket 0->0  (mf=1000)
[MF-SEL] tPrev=(  d=0.012393  dMin=0.000000  dAvg=0.031066  dMax=1.324692  Dlo=0.015533  Dhi=0.677879  err=-1.000000  inc=-1.709662  bucket 0->0  (mf=1000)
[MF-SEL] tPrev=(  d=0.019693  dMin=0.000000  dAvg=0.031060  dMax=1.324692  Dlo=0.015530  Dhi=0.677876  err=0.000000  inc=-0.759055  bucket 0->0  (mf=1000)
Dropping frame 1403636974.701667
[MF-SEL] tPrev=(  d=0.024829  dMin=0.000000  dAvg=0.031056  dMax=1.324692  Dlo=0.015528  Dhi=0.677874  err=0.000000  inc=-1.109662  bucket 0->0  (mf=1000)
[MF-SEL] tPrev=(  d=0.025322  dMin=0.000000  dAvg=0.031053  dMax=1.324692  Dlo=0.015527  Dhi=0.677873  err=0.000000  inc=-1.109662  bucket 0->0  (mf=1000)
[MF-SEL] tPrev=(  d=0.009197  dMin=0.000000  dAvg=0.031041  dMax=1.324692  Dlo=0.015521  Dhi=0.677867  err=-1.000000  inc=-2.048900  bucket 0->0  (mf=1000)
[MF-SEL] tPrev=(  d=0.007625  dMin=0.000000  dAvg=0.031029  dMax=1.324692  Dlo=0.015514  Dhi=0.677860  err=-1.000000  inc=-1.714577  bucket 0->0  (mf=1000)
Dropping frame 1403636974.951666
[MF-SEL] tPrev=(  d=0.006045  dMin=0.000000  dAvg=0.031015  dMax=1.324692  Dlo=0.015508  Dhi=0.677854  err=-1.000000  inc=-1.719765  bucket 0->0  (mf=1000)
[MF-SEL] tPrev=(  d=0.004524  dMin=0.000000  dAvg=0.031001  dMax=1.324692  Dlo=0.015500  Dhi=0.677846  err=-1.000000  inc=-1.722470  bucket 0->0  (mf=1000)
[MF-SEL] tPrev=(  d=0.005220  dMin=0.000000  dAvg=0.030987  dMax=1.324692  Dlo=0.015493  Dhi=0.677839  err=-1.000000  inc=-1.725048  bucket 0->0  (mf=1000)
Dropping frame 1403636975.151666
[MF-SEL] tPrev=(  d=0.010866  dMin=0.000000  dAvg=0.030976  dMax=1.324692  Dlo=0.015488  Dhi=0.677834  err=-1.000000  inc=-1.730041  bucket 0->0  (mf=1000)
[MF-SEL] tPrev=(  d=0.004894  dMin=0.000000  dAvg=0.030962  dMax=1.324692  Dlo=0.015481  Dhi=0.677827  err=-1.000000  inc=-1.732865  bucket 0->0  (mf=1000)
[MF-SEL] tPrev=(  d=0.004965  dMin=0.000000  dAvg=0.030948  dMax=1.324692  Dlo=0.015474  Dhi=0.677820  err=-1.000000  inc=-1.735703  bucket 0->0  (mf=1000)
[MF-SEL] tPrev=(  d=0.006151  dMin=0.000000  dAvg=0.030934  dMax=1.324692  Dlo=0.015467  Dhi=0.677813  err=-1.000000  inc=-1.738377  bucket 0->0  (mf=1000)
Dropping frame 1403636975.401667
[MF-SEL] tPrev=(  d=0.017023  dMin=0.000000  dAvg=0.030927  dMax=1.324692  Dlo=0.015463  Dhi=0.677809  err=0.000000  inc=-0.979116  bucket 0->0  (mf=1000)
[MF-SEL] tPrev=(  d=0.008453  dMin=0.000000  dAvg=0.030914  dMax=1.324692  Dlo=0.015457  Dhi=0.677803  err=-1.000000  inc=-2.051260  bucket 0->0  (mf=1000)
[MF-SEL] tPrev=(  d=0.015675  dMin=0.000000  dAvg=0.030906  dMax=1.324692  Dlo=0.015453  Dhi=0.677799  err=0.000000  inc=-0.829948  bucket 0->0  (mf=1000)
[MF-SEL] tPrev=(  d=0.011483  dMin=0.000000  dAvg=0.030896  dMax=1.324692  Dlo=0.015448  Dhi=0.677794  err=-1.000000  inc=-2.059754  bucket 0->0  (mf=1000)
Dropping frame 1403636975.651666
[MF-SEL] tPrev=(  d=0.010122  dMin=0.000000  dAvg=0.030885  dMax=1.324692  Dlo=0.015442  Dhi=0.677788  err=-1.000000  inc=-1.748500  bucket 0->0  (mf=1000)
Dropping frame 1403636975.751667
[MF-SEL] tPrev=(  d=0.013075  dMin=0.000000  dAvg=0.030875  dMax=1.324692  Dlo=0.015437  Dhi=0.677784  err=-1.000000  inc=-1.753623  bucket 0->0  (mf=1000)
Dropping frame 1403636975.851666
[MF-SEL] tPrev=(  d=0.021211  dMin=0.000000  dAvg=0.030870  dMax=1.324692  Dlo=0.015435  Dhi=0.677781  err=0.000000  inc=-1.000031  bucket 0->0  (mf=1000)
[MF-SEL] tPrev=(  d=0.011118  dMin=0.000000  dAvg=0.030859  dMax=1.324692  Dlo=0.015430  Dhi=0.677776  err=-1.000000  inc=-2.042998  bucket 0->0  (mf=1000)
[MF-SEL] tPrev=(  d=0.011538  dMin=0.000000  dAvg=0.030849  dMax=1.324692  Dlo=0.015424  Dhi=0.677770  err=-1.000000  inc=-1.758977  bucket 0->0  (mf=1000)
[MF-SEL] tPrev=(  d=0.011644  dMin=0.000000  dAvg=0.030838  dMax=1.324692  Dlo=0.015419  Dhi=0.677765  err=-1.000000  inc=-1.761491  bucket 0->0  (mf=1000)
[MF-SEL] tPrev=(  d=0.014526  dMin=0.000000  dAvg=0.030829  dMax=1.324692  Dlo=0.015415  Dhi=0.677761  err=-1.000000  inc=-1.763721  bucket 0->0  (mf=1000)
Dropping frame 1403636976.151666
[MF-SEL] tPrev=(  d=0.022981  dMin=0.000000  dAvg=0.030825  dMax=1.324692  Dlo=0.015413  Dhi=0.677759  err=0.000000  inc=-0.999679  bucket 0->0  (mf=1000)
[MF-SEL] tPrev=(  d=0.011505  dMin=0.000000  dAvg=0.030815  dMax=1.324692  Dlo=0.015407  Dhi=0.677753  err=-1.000000  inc=-2.096018  bucket 0->0  (mf=1000)
[MF-SEL] tPrev=(  d=0.011991  dMin=0.000000  dAvg=0.030805  dMax=1.324692  Dlo=0.015402  Dhi=0.677748  err=-1.000000  inc=-1.768588  bucket 0->0  (mf=1000)
Dropping frame 1403636976.351666
[MF-SEL] tPrev=(  d=0.026040  dMin=0.000000  dAvg=0.030802  dMax=1.324692  Dlo=0.015401  Dhi=0.677747  err=0.000000  inc=-1.012063  bucket 0->0  (mf=1000)
Dropping frame 1403636976.451666
[MF-SEL] tPrev=(  d=0.014748  dMin=0.000000  dAvg=0.030794  dMax=1.324692  Dlo=0.015397  Dhi=0.677743  err=-1.000000  inc=-1.936814  bucket 0->0  (mf=1000)
Dropping frame 1403636976.551666
[MF-SEL] tPrev=(  d=0.032298  dMin=0.000000  dAvg=0.030794  dMax=1.324692  Dlo=0.015397  Dhi=0.677743  err=0.000000  inc=-1.018117  bucket 0->0  (mf=1000)
[MF-SEL] tPrev=(  d=0.017394  dMin=0.000000  dAvg=0.030787  dMax=1.324692  Dlo=0.015394  Dhi=0.677740  err=0.000000  inc=-1.173486  bucket 0->0  (mf=1000)
[MF-SEL] tPrev=(  d=0.017813  dMin=0.000000  dAvg=0.030780  dMax=1.324692  Dlo=0.015390  Dhi=0.677736  err=0.000000  inc=-1.173486  bucket 0->0  (mf=1000)
Dropping frame 1403636976.751667
[MF-SEL] tPrev=(  d=0.043167  dMin=0.000000  dAvg=0.030787  dMax=1.324692  Dlo=0.015393  Dhi=0.677739  err=0.000000  inc=-1.173486  bucket 0->0  (mf=1000)
[MF-SEL] tPrev=(  d=0.021512  dMin=0.000000  dAvg=0.030782  dMax=1.324692  Dlo=0.015391  Dhi=0.677737  err=0.000000  inc=-1.173486  bucket 0->0  (mf=1000)
Dropping frame 1403636976.901667
[MF-SEL] tPrev=(  d=0.038602  dMin=0.000000  dAvg=0.030786  dMax=1.324692  Dlo=0.015393  Dhi=0.677739  err=0.000000  inc=-1.173486  bucket 0->0  (mf=1000)
[MF-SEL] tPrev=(  d=0.029553  dMin=0.000000  dAvg=0.030785  dMax=1.324692  Dlo=0.015393  Dhi=0.677739  err=0.000000  inc=-1.173486  bucket 0->0  (mf=1000)
[MF-SEL] tPrev=(  d=0.015783  dMin=0.000000  dAvg=0.030777  dMax=1.324692  Dlo=0.015389  Dhi=0.677735  err=0.000000  inc=-1.173486  bucket 0->0  (mf=1000)
Dropping frame 1403636977.101666
[MF-SEL] tPrev=(  d=0.029605  dMin=0.000000  dAvg=0.030777  dMax=1.324692  Dlo=0.015388  Dhi=0.677734  err=0.000000  inc=-1.173486  bucket 0->0  (mf=1000)
[MF-SEL] tPrev=(  d=0.014706  dMin=0.000000  dAvg=0.030768  dMax=1.324692  Dlo=0.015384  Dhi=0.677730  err=-1.000000  inc=-2.079841  bucket 0->0  (mf=1000)
[MF-SEL] tPrev=(  d=0.015491  dMin=0.000000  dAvg=0.030760  dMax=1.324692  Dlo=0.015380  Dhi=0.677726  err=0.000000  inc=-0.846073  bucket 0->0  (mf=1000)
Dropping frame 1403636977.301666
[MF-SEL] tPrev=(  d=0.036191  dMin=0.000000  dAvg=0.030763  dMax=1.324692  Dlo=0.015381  Dhi=0.677728  err=0.000000  inc=-1.176120  bucket 0->0  (mf=1000)
Dropping frame 1403636977.401667
[MF-SEL] tPrev=(  d=0.042366  dMin=0.000000  dAvg=0.030769  dMax=1.324692  Dlo=0.015385  Dhi=0.677731  err=0.000000  inc=-1.176120  bucket 0->0  (mf=1000)
[MF-SEL] tPrev=(  d=0.022959  dMin=0.000000  dAvg=0.030765  dMax=1.324692  Dlo=0.015382  Dhi=0.677729  err=0.000000  inc=-1.176120  bucket 0->0  (mf=1000)
[MF-SEL] tPrev=(  d=0.025352  dMin=0.000000  dAvg=0.030762  dMax=1.324692  Dlo=0.015381  Dhi=0.677727  err=0.000000  inc=-1.176120  bucket 0->0  (mf=1000)
[MF-SEL] tPrev=(  d=0.023044  dMin=0.000000  dAvg=0.030758  dMax=1.324692  Dlo=0.015379  Dhi=0.677725  err=0.000000  inc=-1.176120  bucket 0->0  (mf=1000)
Dropping frame 1403636977.651666
[MF-SEL] tPrev=(  d=0.049970  dMin=0.000000  dAvg=0.030768  dMax=1.324692  Dlo=0.015384  Dhi=0.677730  err=0.000000  inc=-1.176120  bucket 0->0  (mf=1000)
Dropping frame 1403636977.751667
[MF-SEL] tPrev=(  d=0.052561  dMin=0.000000  dAvg=0.030780  dMax=1.324692  Dlo=0.015390  Dhi=0.677736  err=0.000000  inc=-1.176120  bucket 0->0  (mf=1000)
[MF-SEL] tPrev=(  d=0.028345  dMin=0.000000  dAvg=0.030778  dMax=1.324692  Dlo=0.015389  Dhi=0.677735  err=0.000000  inc=-1.176120  bucket 0->0  (mf=1000)
[MF-SEL] tPrev=(  d=0.044455  dMin=0.000000  dAvg=0.030786  dMax=1.324692  Dlo=0.015393  Dhi=0.677739  err=0.000000  inc=-1.176120  bucket 0->0  (mf=1000)
[MF-SEL] tPrev=(  d=0.026971  dMin=0.000000  dAvg=0.030784  dMax=1.324692  Dlo=0.015392  Dhi=0.677738  err=0.000000  inc=-1.176120  bucket 0->0  (mf=1000)
Dropping frame 1403636978.001667
[MF-SEL] tPrev=(  d=0.051393  dMin=0.000000  dAvg=0.030795  dMax=1.324692  Dlo=0.015397  Dhi=0.677743  err=0.000000  inc=-1.176120  bucket 0->0  (mf=1000)
Dropping frame 1403636978.101666
[MF-SEL] tPrev=(  d=0.040225  dMin=0.000000  dAvg=0.030800  dMax=1.324692  Dlo=0.015400  Dhi=0.677746  err=0.000000  inc=-1.176120  bucket 0->0  (mf=1000)
[MF-SEL] tPrev=(  d=0.024047  dMin=0.000000  dAvg=0.030796  dMax=1.324692  Dlo=0.015398  Dhi=0.677744  err=0.000000  inc=-1.176120  bucket 0->0  (mf=1000)
[MF-SEL] tPrev=(  d=0.023667  dMin=0.000000  dAvg=0.030792  dMax=1.324692  Dlo=0.015396  Dhi=0.677742  err=0.000000  inc=-1.176120  bucket 0->0  (mf=1000)
[MF-SEL] tPrev=(  d=0.023055  dMin=0.000000  dAvg=0.030788  dMax=1.324692  Dlo=0.015394  Dhi=0.677740  err=0.000000  inc=-1.176120  bucket 0->0  (mf=1000)
[MF-SEL] tPrev=(  d=0.024246  dMin=0.000000  dAvg=0.030785  dMax=1.324692  Dlo=0.015392  Dhi=0.677738  err=0.000000  inc=-1.176120  bucket 0->0  (mf=1000)
Dropping frame 1403636978.401667
[MF-SEL] tPrev=(  d=0.039220  dMin=0.000000  dAvg=0.030789  dMax=1.324692  Dlo=0.015395  Dhi=0.677741  err=0.000000  inc=-1.176120  bucket 0->0  (mf=1000)
Dropping frame 1403636978.501667
[MF-SEL] tPrev=(  d=0.046024  dMin=0.000000  dAvg=0.030797  dMax=1.324692  Dlo=0.015399  Dhi=0.677745  err=0.000000  inc=-1.176120  bucket 0->0  (mf=1000)
[MF-SEL] tPrev=(  d=0.023154  dMin=0.000000  dAvg=0.030793  dMax=1.324692  Dlo=0.015397  Dhi=0.677743  err=0.000000  inc=-1.176120  bucket 0->0  (mf=1000)
[MF-SEL] tPrev=(  d=0.046889  dMin=0.000000  dAvg=0.030802  dMax=1.324692  Dlo=0.015401  Dhi=0.677747  err=0.000000  inc=-1.176120  bucket 0->0  (mf=1000)
[MF-SEL] tPrev=(  d=0.023430  dMin=0.000000  dAvg=0.030798  dMax=1.324692  Dlo=0.015399  Dhi=0.677745  err=0.000000  inc=-1.176120  bucket 0->0  (mf=1000)
[MF-SEL] tPrev=(  d=0.024038  dMin=0.000000  dAvg=0.030794  dMax=1.324692  Dlo=0.015397  Dhi=0.677743  err=0.000000  inc=-1.176120  bucket 0->0  (mf=1000)
[MF-SEL] tPrev=(  d=0.024901  dMin=0.000000  dAvg=0.030791  dMax=1.324692  Dlo=0.015396  Dhi=0.677742  err=0.000000  inc=-1.176120  bucket 0->0  (mf=1000)
Dropping frame 1403636978.851666
[MF-SEL] tPrev=(  d=0.055245  dMin=0.000000  dAvg=0.030804  dMax=1.324692  Dlo=0.015402  Dhi=0.677748  err=0.000000  inc=-1.176120  bucket 0->0  (mf=1000)
Dropping frame 1403636978.951666
[MF-SEL] tPrev=(  d=0.075697  dMin=0.000000  dAvg=0.030828  dMax=1.324692  Dlo=0.015414  Dhi=0.677760  err=0.000000  inc=-1.176120  bucket 0->0  (mf=1000)
Dropping frame 1403636979.051666
[MF-SEL] tPrev=(  d=0.068937  dMin=0.000000  dAvg=0.030848  dMax=1.324692  Dlo=0.015424  Dhi=0.677770  err=0.000000  inc=-1.176120  bucket 0->0  (mf=1000)
[MF-SEL] tPrev=(  d=0.034382  dMin=0.000000  dAvg=0.030850  dMax=1.324692  Dlo=0.015425  Dhi=0.677771  err=0.000000  inc=-1.176120  bucket 0->0  (mf=1000)
[MF-SEL] tPrev=(  d=0.033422  dMin=0.000000  dAvg=0.030851  dMax=1.324692  Dlo=0.015425  Dhi=0.677772  err=0.000000  inc=-1.176120  bucket 0->0  (mf=1000)
[MF-SEL] tPrev=(  d=0.032278  dMin=0.000000  dAvg=0.030852  dMax=1.324692  Dlo=0.015426  Dhi=0.677772  err=0.000000  inc=-1.176120  bucket 0->0  (mf=1000)
Dropping frame 1403636979.301666
[MF-SEL] tPrev=(  d=0.060160  dMin=0.000000  dAvg=0.030867  dMax=1.324692  Dlo=0.015434  Dhi=0.677780  err=0.000000  inc=-1.176120  bucket 0->0  (mf=1000)
[MF-SEL] tPrev=(  d=0.043897  dMin=0.000000  dAvg=0.030874  dMax=1.324692  Dlo=0.015437  Dhi=0.677783  err=0.000000  inc=-1.176120  bucket 0->0  (mf=1000)
[MF-SEL] tPrev=(  d=0.029253  dMin=0.000000  dAvg=0.030873  dMax=1.324692  Dlo=0.015437  Dhi=0.677783  err=0.000000  inc=-1.176120  bucket 0->0  (mf=1000)
[MF-SEL] tPrev=(  d=0.028419  dMin=0.000000  dAvg=0.030872  dMax=1.324692  Dlo=0.015436  Dhi=0.677782  err=0.000000  inc=-1.176120  bucket 0->0  (mf=1000)
Dropping frame 1403636979.551666
[MF-SEL] tPrev=(  d=0.057734  dMin=0.000000  dAvg=0.030886  dMax=1.324692  Dlo=0.015443  Dhi=0.677789  err=0.000000  inc=-1.176120  bucket 0->0  (mf=1000)
[MF-SEL] tPrev=(  d=0.030844  dMin=0.000000  dAvg=0.030886  dMax=1.324692  Dlo=0.015443  Dhi=0.677789  err=0.000000  inc=-1.176120  bucket 0->0  (mf=1000)
[MF-SEL] tPrev=(  d=0.032257  dMin=0.000000  dAvg=0.030887  dMax=1.324692  Dlo=0.015443  Dhi=0.677789  err=0.000000  inc=-1.176120  bucket 0->0  (mf=1000)
Dropping frame 1403636979.751667
[MF-SEL] tPrev=(  d=0.068791  dMin=0.000000  dAvg=0.030906  dMax=1.324692  Dlo=0.015453  Dhi=0.677799  err=0.000000  inc=-1.176120  bucket 0->0  (mf=1000)
Dropping frame 1403636979.851666
[MF-SEL] tPrev=(  d=0.077689  dMin=0.000000  dAvg=0.030931  dMax=1.324692  Dlo=0.015465  Dhi=0.677812  err=0.000000  inc=-1.176120  bucket 0->0  (mf=1000)
[MF-SEL] tPrev=(  d=0.038040  dMin=0.000000  dAvg=0.030935  dMax=1.324692  Dlo=0.015467  Dhi=0.677813  err=0.000000  inc=-1.176120  bucket 0->0  (mf=1000)
[MF-SEL] tPrev=(  d=0.038102  dMin=0.000000  dAvg=0.030938  dMax=1.324692  Dlo=0.015469  Dhi=0.677815  err=0.000000  inc=-1.176120  bucket 0->0  (mf=1000)
[MF-SEL] tPrev=(  d=0.038005  dMin=0.000000  dAvg=0.030942  dMax=1.324692  Dlo=0.015471  Dhi=0.677817  err=0.000000  inc=-1.176120  bucket 0->0  (mf=1000)
Dropping frame 1403636980.101666
[MF-SEL] tPrev=(  d=0.077718  dMin=0.000000  dAvg=0.030967  dMax=1.324692  Dlo=0.015483  Dhi=0.677829  err=0.000000  inc=-1.176120  bucket 0->0  (mf=1000)
[MF-SEL] tPrev=(  d=0.039506  dMin=0.000000  dAvg=0.030971  dMax=1.324692  Dlo=0.015485  Dhi=0.677832  err=0.000000  inc=-1.176120  bucket 0->0  (mf=1000)
[MF-SEL] tPrev=(  d=0.054626  dMin=0.000000  dAvg=0.030983  dMax=1.324692  Dlo=0.015492  Dhi=0.677838  err=0.000000  inc=-1.176120  bucket 0->0  (mf=1000)
[MF-SEL] tPrev=(  d=0.039386  dMin=0.000000  dAvg=0.030988  dMax=1.324692  Dlo=0.015494  Dhi=0.677840  err=0.000000  inc=-1.176120  bucket 0->0  (mf=1000)
[MF-SEL] tPrev=(  d=0.039049  dMin=0.000000  dAvg=0.030992  dMax=1.324692  Dlo=0.015496  Dhi=0.677842  err=0.000000  inc=-1.176120  bucket 0->0  (mf=1000)
Dropping frame 1403636980.401667
[MF-SEL] tPrev=(  d=0.078869  dMin=0.000000  dAvg=0.031017  dMax=1.324692  Dlo=0.015508  Dhi=0.677854  err=0.000000  inc=-1.176120  bucket 0->0  (mf=1000)
[MF-SEL] tPrev=(  d=0.047218  dMin=0.000000  dAvg=0.031025  dMax=1.324692  Dlo=0.015513  Dhi=0.677859  err=0.000000  inc=-1.176120  bucket 0->0  (mf=1000)
[MF-SEL] tPrev=(  d=0.038668  dMin=0.000000  dAvg=0.031029  dMax=1.324692  Dlo=0.015515  Dhi=0.677861  err=0.000000  inc=-1.176120  bucket 0->0  (mf=1000)
[MF-SEL] tPrev=(  d=0.037616  dMin=0.000000  dAvg=0.031033  dMax=1.324692  Dlo=0.015516  Dhi=0.677862  err=0.000000  inc=-1.176120  bucket 0->0  (mf=1000)
[MF-SEL] tPrev=(  d=0.036279  dMin=0.000000  dAvg=0.031035  dMax=1.324692  Dlo=0.015518  Dhi=0.677864  err=0.000000  inc=-1.176120  bucket 0->0  (mf=1000)
[MF-SEL] tPrev=(  d=0.036126  dMin=0.000000  dAvg=0.031038  dMax=1.324692  Dlo=0.015519  Dhi=0.677865  err=0.000000  inc=-1.176120  bucket 0->0  (mf=1000)
[MF-SEL] tPrev=(  d=0.035016  dMin=0.000000  dAvg=0.031040  dMax=1.324692  Dlo=0.015520  Dhi=0.677866  err=0.000000  inc=-1.176120  bucket 0->0  (mf=1000)
[MF-SEL] tPrev=(  d=0.033273  dMin=0.000000  dAvg=0.031041  dMax=1.324692  Dlo=0.015521  Dhi=0.677867  err=0.000000  inc=-1.176120  bucket 0->0  (mf=1000)
[MF-SEL] tPrev=(  d=0.032862  dMin=0.000000  dAvg=0.031042  dMax=1.324692  Dlo=0.015521  Dhi=0.677867  err=0.000000  inc=-1.176120  bucket 0->0  (mf=1000)
[MF-SEL] tPrev=(  d=0.031825  dMin=0.000000  dAvg=0.031043  dMax=1.324692  Dlo=0.015521  Dhi=0.677867  err=0.000000  inc=-1.176120  bucket 0->0  (mf=1000)
[MF-SEL] tPrev=(  d=0.031646  dMin=0.000000  dAvg=0.031043  dMax=1.324692  Dlo=0.015521  Dhi=0.677868  err=0.000000  inc=-1.176120  bucket 0->0  (mf=1000)
[MF-SEL] tPrev=(  d=0.044279  dMin=0.000000  dAvg=0.031050  dMax=1.324692  Dlo=0.015525  Dhi=0.677871  err=0.000000  inc=-1.176120  bucket 0->0  (mf=1000)
Dropping frame 1403636981.051666
[MF-SEL] tPrev=(  d=0.069927  dMin=0.000000  dAvg=0.031070  dMax=1.324692  Dlo=0.015535  Dhi=0.677881  err=0.000000  inc=-1.176120  bucket 0->0  (mf=1000)
[MF-SEL] tPrev=(  d=0.034031  dMin=0.000000  dAvg=0.031071  dMax=1.324692  Dlo=0.015536  Dhi=0.677882  err=0.000000  inc=-1.176120  bucket 0->0  (mf=1000)
[MF-SEL] tPrev=(  d=0.019769  dMin=0.000000  dAvg=0.031066  dMax=1.324692  Dlo=0.015533  Dhi=0.677879  err=0.000000  inc=-1.176120  bucket 0->0  (mf=1000)
Dropping frame 1403636981.251667
[MF-SEL] tPrev=(  d=0.056408  dMin=0.000000  dAvg=0.031079  dMax=1.324692  Dlo=0.015539  Dhi=0.677885  err=0.000000  inc=-1.176120  bucket 0->0  (mf=1000)
[MF-SEL] tPrev=(  d=0.027473  dMin=0.000000  dAvg=0.031077  dMax=1.324692  Dlo=0.015538  Dhi=0.677884  err=0.000000  inc=-1.176120  bucket 0->0  (mf=1000)
[MF-SEL] tPrev=(  d=0.032690  dMin=0.000000  dAvg=0.031078  dMax=1.324692  Dlo=0.015539  Dhi=0.677885  err=0.000000  inc=-1.176120  bucket 0->0  (mf=1000)
[MF-SEL] tPrev=(  d=0.026975  dMin=0.000000  dAvg=0.031076  dMax=1.324692  Dlo=0.015538  Dhi=0.677884  err=0.000000  inc=-1.176120  bucket 0->0  (mf=1000)
[MF-SEL] tPrev=(  d=0.026898  dMin=0.000000  dAvg=0.031073  dMax=1.324692  Dlo=0.015537  Dhi=0.677883  err=0.000000  inc=-1.176120  bucket 0->0  (mf=1000)
[MF-SEL] tPrev=(  d=0.026651  dMin=0.000000  dAvg=0.031071  dMax=1.324692  Dlo=0.015536  Dhi=0.677882  err=0.000000  inc=-1.176120  bucket 0->0  (mf=1000)
[MF-SEL] tPrev=(  d=0.028730  dMin=0.000000  dAvg=0.031070  dMax=1.324692  Dlo=0.015535  Dhi=0.677881  err=0.000000  inc=-1.176120  bucket 0->0  (mf=1000)
[MF-SEL] tPrev=(  d=0.025464  dMin=0.000000  dAvg=0.031067  dMax=1.324692  Dlo=0.015534  Dhi=0.677880  err=0.000000  inc=-1.176120  bucket 0->0  (mf=1000)
Dropping frame 1403636981.701667
[MF-SEL] tPrev=(  d=0.046896  dMin=0.000000  dAvg=0.031075  dMax=1.324692  Dlo=0.015538  Dhi=0.677884  err=0.000000  inc=-1.176120  bucket 0->0  (mf=1000)
[MF-SEL] tPrev=(  d=0.038161  dMin=0.000000  dAvg=0.031079  dMax=1.324692  Dlo=0.015539  Dhi=0.677885  err=0.000000  inc=-1.176120  bucket 0->0  (mf=1000)
[MF-SEL] tPrev=(  d=0.024141  dMin=0.000000  dAvg=0.031075  dMax=1.324692  Dlo=0.015538  Dhi=0.677884  err=0.000000  inc=-1.176120  bucket 0->0  (mf=1000)
Dropping frame 1403636981.901667
[MF-SEL] tPrev=(  d=0.051893  dMin=0.000000  dAvg=0.031086  dMax=1.324692  Dlo=0.015543  Dhi=0.677889  err=0.000000  inc=-1.176120  bucket 0->0  (mf=1000)
[MF-SEL] tPrev=(  d=0.030144  dMin=0.000000  dAvg=0.031085  dMax=1.324692  Dlo=0.015543  Dhi=0.677889  err=0.000000  inc=-1.176120  bucket 0->0  (mf=1000)
Dropping frame 1403636982.051666
[MF-SEL] tPrev=(  d=0.064060  dMin=0.000000  dAvg=0.031102  dMax=1.324692  Dlo=0.015551  Dhi=0.677897  err=0.000000  inc=-1.176120  bucket 0->0  (mf=1000)
[MF-SEL] tPrev=(  d=0.031412  dMin=0.000000  dAvg=0.031103  dMax=1.324692  Dlo=0.015551  Dhi=0.677897  err=0.000000  inc=-1.176120  bucket 0->0  (mf=1000)
[MF-SEL] tPrev=(  d=0.035954  dMin=0.000000  dAvg=0.031105  dMax=1.324692  Dlo=0.015553  Dhi=0.677899  err=0.000000  inc=-1.176120  bucket 0->0  (mf=1000)
[MF-SEL] tPrev=(  d=0.037087  dMin=0.000000  dAvg=0.031108  dMax=1.324692  Dlo=0.015554  Dhi=0.677900  err=0.000000  inc=-1.176120  bucket 0->0  (mf=1000)
[MF-SEL] tPrev=(  d=0.051105  dMin=0.000000  dAvg=0.031118  dMax=1.324692  Dlo=0.015559  Dhi=0.677905  err=0.000000  inc=-1.176120  bucket 0->0  (mf=1000)
Dropping frame 1403636982.351666
[MF-SEL] tPrev=(  d=0.079604  dMin=0.000000  dAvg=0.031143  dMax=1.324692  Dlo=0.015572  Dhi=0.677918  err=0.000000  inc=-1.176120  bucket 0->0  (mf=1000)
Dropping frame 1403636982.451666
[MF-SEL] tPrev=(  d=0.088145  dMin=0.000000  dAvg=0.031172  dMax=1.324692  Dlo=0.015586  Dhi=0.677932  err=0.000000  inc=-1.176120  bucket 0->0  (mf=1000)
[MF-SEL] tPrev=(  d=0.046057  dMin=0.000000  dAvg=0.031180  dMax=1.324692  Dlo=0.015590  Dhi=0.677936  err=0.000000  inc=-1.176120  bucket 0->0  (mf=1000)
[MF-SEL] tPrev=(  d=0.046162  dMin=0.000000  dAvg=0.031188  dMax=1.324692  Dlo=0.015594  Dhi=0.677940  err=0.000000  inc=-1.176120  bucket 0->0  (mf=1000)
[MF-SEL] tPrev=(  d=0.068508  dMin=0.000000  dAvg=0.031207  dMax=1.324692  Dlo=0.015603  Dhi=0.677949  err=0.000000  inc=-1.176120  bucket 0->0  (mf=1000)
Dropping frame 1403636982.701667
[MF-SEL] tPrev=(  d=0.092967  dMin=0.000000  dAvg=0.031238  dMax=1.324692  Dlo=0.015619  Dhi=0.677965  err=0.000000  inc=-1.176120  bucket 0->0  (mf=1000)
[MF-SEL] tPrev=(  d=0.046005  dMin=0.000000  dAvg=0.031246  dMax=1.324692  Dlo=0.015623  Dhi=0.677969  err=0.000000  inc=-1.176120  bucket 0->0  (mf=1000)
Dropping frame 1403636982.851666
[MF-SEL] tPrev=(  d=0.104616  dMin=0.000000  dAvg=0.031283  dMax=1.324692  Dlo=0.015642  Dhi=0.677988  err=0.000000  inc=-1.176120  bucket 0->0  (mf=1000)
[MF-SEL] tPrev=(  d=0.047277  dMin=0.000000  dAvg=0.031291  dMax=1.324692  Dlo=0.015646  Dhi=0.677992  err=0.000000  inc=-1.176120  bucket 0->0  (mf=1000)
[MF-SEL] tPrev=(  d=0.045676  dMin=0.000000  dAvg=0.031299  dMax=1.324692  Dlo=0.015649  Dhi=0.677995  err=0.000000  inc=-1.176120  bucket 0->0  (mf=1000)
[MF-SEL] tPrev=(  d=0.048079  dMin=0.000000  dAvg=0.031307  dMax=1.324692  Dlo=0.015654  Dhi=0.678000  err=0.000000  inc=-1.176120  bucket 0->0  (mf=1000)
[MF-SEL] tPrev=(  d=0.048825  dMin=0.000000  dAvg=0.031316  dMax=1.324692  Dlo=0.015658  Dhi=0.678004  err=0.000000  inc=-1.176120  bucket 0->0  (mf=1000)
[MF-SEL] tPrev=(  d=0.068108  dMin=0.000000  dAvg=0.031335  dMax=1.324692  Dlo=0.015667  Dhi=0.678014  err=0.000000  inc=-1.176120  bucket 0->0  (mf=1000)
[MF-SEL] tPrev=(  d=0.051670  dMin=0.000000  dAvg=0.031345  dMax=1.324692  Dlo=0.015673  Dhi=0.678019  err=0.000000  inc=-1.176120  bucket 0->0  (mf=1000)
[MF-SEL] tPrev=(  d=0.051815  dMin=0.000000  dAvg=0.031356  dMax=1.324692  Dlo=0.015678  Dhi=0.678024  err=0.000000  inc=-1.176120  bucket 0->0  (mf=1000)
Dropping frame 1403636983.301666
[MF-SEL] tPrev=(  d=0.095196  dMin=0.000000  dAvg=0.031388  dMax=1.324692  Dlo=0.015694  Dhi=0.678040  err=0.000000  inc=-1.176120  bucket 0->0  (mf=1000)
[MF-SEL] tPrev=(  d=0.049707  dMin=0.000000  dAvg=0.031397  dMax=1.324692  Dlo=0.015699  Dhi=0.678045  err=0.000000  inc=-1.176120  bucket 0->0  (mf=1000)
[MF-SEL] tPrev=(  d=0.049452  dMin=0.000000  dAvg=0.031407  dMax=1.324692  Dlo=0.015703  Dhi=0.678049  err=0.000000  inc=-1.176120  bucket 0->0  (mf=1000)
Dropping frame 1403636983.501667
[MF-SEL] tPrev=(  d=0.092140  dMin=0.000000  dAvg=0.031437  dMax=1.324692  Dlo=0.015719  Dhi=0.678065  err=0.000000  inc=-1.176120  bucket 0->0  (mf=1000)
Dropping frame 1403636983.601666
[MF-SEL] tPrev=(  d=0.093617  dMin=0.000000  dAvg=0.031469  dMax=1.324692  Dlo=0.015734  Dhi=0.678081  err=0.000000  inc=-1.176120  bucket 0->0  (mf=1000)
[MF-SEL] tPrev=(  d=0.046230  dMin=0.000000  dAvg=0.031476  dMax=1.324692  Dlo=0.015738  Dhi=0.678084  err=0.000000  inc=-1.176120  bucket 0->0  (mf=1000)
Dropping frame 1403636983.751667
[MF-SEL] tPrev=(  d=0.079612  dMin=0.000000  dAvg=0.031501  dMax=1.324692  Dlo=0.015750  Dhi=0.678096  err=0.000000  inc=-1.176120  bucket 0->0  (mf=1000)
[MF-SEL] tPrev=(  d=0.046415  dMin=0.000000  dAvg=0.031508  dMax=1.324692  Dlo=0.015754  Dhi=0.678100  err=0.000000  inc=-1.176120  bucket 0->0  (mf=1000)
[MF-SEL] tPrev=(  d=0.045809  dMin=0.000000  dAvg=0.031516  dMax=1.324692  Dlo=0.015758  Dhi=0.678104  err=0.000000  inc=-1.176120  bucket 0->0  (mf=1000)
Dropping frame 1403636983.951666
[MF-SEL] tPrev=(  d=0.093768  dMin=0.000000  dAvg=0.031547  dMax=1.324692  Dlo=0.015774  Dhi=0.678120  err=0.000000  inc=-1.176120  bucket 0->0  (mf=1000)
[MF-SEL] tPrev=(  d=0.039020  dMin=0.000000  dAvg=0.031551  dMax=1.324692  Dlo=0.015775  Dhi=0.678121  err=0.000000  inc=-1.176120  bucket 0->0  (mf=1000)
[MF-SEL] tPrev=(  d=0.049539  dMin=0.000000  dAvg=0.031560  dMax=1.324692  Dlo=0.015780  Dhi=0.678126  err=0.000000  inc=-1.176120  bucket 0->0  (mf=1000)
[MF-SEL] tPrev=(  d=0.050257  dMin=0.000000  dAvg=0.031569  dMax=1.324692  Dlo=0.015785  Dhi=0.678131  err=0.000000  inc=-1.176120  bucket 0->0  (mf=1000)
[MF-SEL] tPrev=(  d=0.050564  dMin=0.000000  dAvg=0.031579  dMax=1.324692  Dlo=0.015789  Dhi=0.678136  err=0.000000  inc=-1.176120  bucket 0->0  (mf=1000)
Dropping frame 1403636984.251667
[MF-SEL] tPrev=(  d=0.104323  dMin=0.000000  dAvg=0.031616  dMax=1.324692  Dlo=0.015808  Dhi=0.678154  err=0.000000  inc=-1.176120  bucket 0->0  (mf=1000)
Dropping frame 1403636984.351666
[MF-SEL] tPrev=(  d=0.106066  dMin=0.000000  dAvg=0.031653  dMax=1.324692  Dlo=0.015827  Dhi=0.678173  err=0.000000  inc=-1.176120  bucket 0->0  (mf=1000)
[MF-SEL] tPrev=(  d=0.046915  dMin=0.000000  dAvg=0.031661  dMax=1.324692  Dlo=0.015830  Dhi=0.678177  err=0.000000  inc=-1.176120  bucket 0->0  (mf=1000)
[MF-SEL] tPrev=(  d=0.053388  dMin=0.000000  dAvg=0.031672  dMax=1.324692  Dlo=0.015836  Dhi=0.678182  err=0.000000  inc=-1.176120  bucket 0->0  (mf=1000)
[MF-SEL] tPrev=(  d=0.053212  dMin=0.000000  dAvg=0.031683  dMax=1.324692  Dlo=0.015841  Dhi=0.678187  err=0.000000  inc=-1.176120  bucket 0->0  (mf=1000)
[MF-SEL] tPrev=(  d=0.053009  dMin=0.000000  dAvg=0.031693  dMax=1.324692  Dlo=0.015847  Dhi=0.678193  err=0.000000  inc=-1.176120  bucket 0->0  (mf=1000)
[MF-SEL] tPrev=(  d=0.052704  dMin=0.000000  dAvg=0.031704  dMax=1.324692  Dlo=0.015852  Dhi=0.678198  err=0.000000  inc=-1.176120  bucket 0->0  (mf=1000)
[MF-SEL] tPrev=(  d=0.051998  dMin=0.000000  dAvg=0.031714  dMax=1.324692  Dlo=0.015857  Dhi=0.678203  err=0.000000  inc=-1.176120  bucket 0->0  (mf=1000)
Dropping frame 1403636984.751667
[MF-SEL] tPrev=(  d=0.104661  dMin=0.000000  dAvg=0.031751  dMax=1.324692  Dlo=0.015875  Dhi=0.678221  err=0.000000  inc=-1.176120  bucket 0->0  (mf=1000)
Dropping frame 1403636984.851666
[MF-SEL] tPrev=(  d=0.103151  dMin=0.000000  dAvg=0.031787  dMax=1.324692  Dlo=0.015893  Dhi=0.678239  err=0.000000  inc=-1.176120  bucket 0->0  (mf=1000)
Dropping frame 1403636984.951666
[MF-SEL] tPrev=(  d=0.101352  dMin=0.000000  dAvg=0.031822  dMax=1.324692  Dlo=0.015911  Dhi=0.678257  err=0.000000  inc=-1.176120  bucket 0->0  (mf=1000)
[MF-SEL] tPrev=(  d=0.048218  dMin=0.000000  dAvg=0.031830  dMax=1.324692  Dlo=0.015915  Dhi=0.678261  err=0.000000  inc=-1.176120  bucket 0->0  (mf=1000)
[MF-SEL] tPrev=(  d=0.047640  dMin=0.000000  dAvg=0.031838  dMax=1.324692  Dlo=0.015919  Dhi=0.678265  err=0.000000  inc=-1.176120  bucket 0->0  (mf=1000)
[MF-SEL] tPrev=(  d=0.047082  dMin=0.000000  dAvg=0.031845  dMax=1.324692  Dlo=0.015923  Dhi=0.678269  err=0.000000  inc=-1.176120  bucket 0->0  (mf=1000)
[MF-SEL] tPrev=(  d=0.048228  dMin=0.000000  dAvg=0.031854  dMax=1.324692  Dlo=0.015927  Dhi=0.678273  err=0.000000  inc=-1.176120  bucket 0->0  (mf=1000)
[MF-SEL] tPrev=(  d=0.047216  dMin=0.000000  dAvg=0.031861  dMax=1.324692  Dlo=0.015931  Dhi=0.678277  err=0.000000  inc=-1.176120  bucket 0->0  (mf=1000)
[MF-SEL] tPrev=(  d=0.048794  dMin=0.000000  dAvg=0.031870  dMax=1.324692  Dlo=0.015935  Dhi=0.678281  err=0.000000  inc=-1.176120  bucket 0->0  (mf=1000)
[MF-SEL] tPrev=(  d=0.047952  dMin=0.000000  dAvg=0.031878  dMax=1.324692  Dlo=0.015939  Dhi=0.678285  err=0.000000  inc=-1.176120  bucket 0->0  (mf=1000)
[MF-SEL] tPrev=(  d=0.048372  dMin=0.000000  dAvg=0.031886  dMax=1.324692  Dlo=0.015943  Dhi=0.678289  err=0.000000  inc=-1.176120  bucket 0->0  (mf=1000)
[MF-SEL] tPrev=(  d=0.048204  dMin=0.000000  dAvg=0.031894  dMax=1.324692  Dlo=0.015947  Dhi=0.678293  err=0.000000  inc=-1.176120  bucket 0->0  (mf=1000)
[MF-SEL] tPrev=(  d=0.047352  dMin=0.000000  dAvg=0.031902  dMax=1.324692  Dlo=0.015951  Dhi=0.678297  err=0.000000  inc=-1.176120  bucket 0->0  (mf=1000)
[MF-SEL] tPrev=(  d=0.046446  dMin=0.000000  dAvg=0.031909  dMax=1.324692  Dlo=0.015955  Dhi=0.678301  err=0.000000  inc=-1.176120  bucket 0->0  (mf=1000)
[MF-SEL] tPrev=(  d=0.046877  dMin=0.000000  dAvg=0.031917  dMax=1.324692  Dlo=0.015958  Dhi=0.678304  err=0.000000  inc=-1.176120  bucket 0->0  (mf=1000)
[MF-SEL] tPrev=(  d=0.046936  dMin=0.000000  dAvg=0.031924  dMax=1.324692  Dlo=0.015962  Dhi=0.678308  err=0.000000  inc=-1.176120  bucket 0->0  (mf=1000)
[MF-SEL] tPrev=(  d=0.046262  dMin=0.000000  dAvg=0.031931  dMax=1.324692  Dlo=0.015966  Dhi=0.678312  err=0.000000  inc=-1.176120  bucket 0->0  (mf=1000)
[MF-SEL] tPrev=(  d=0.047244  dMin=0.000000  dAvg=0.031939  dMax=1.324692  Dlo=0.015969  Dhi=0.678316  err=0.000000  inc=-1.176120  bucket 0->0  (mf=1000)
[MF-SEL] tPrev=(  d=0.047987  dMin=0.000000  dAvg=0.031947  dMax=1.324692  Dlo=0.015973  Dhi=0.678320  err=0.000000  inc=-1.176120  bucket 0->0  (mf=1000)
Dropping frame 1403636985.851666
[MF-SEL] tPrev=(  d=0.120012  dMin=0.000000  dAvg=0.031991  dMax=1.324692  Dlo=0.015995  Dhi=0.678341  err=0.000000  inc=-1.176120  bucket 0->0  (mf=1000)
[MF-SEL] tPrev=(  d=0.046385  dMin=0.000000  dAvg=0.031998  dMax=1.324692  Dlo=0.015999  Dhi=0.678345  err=0.000000  inc=-1.176120  bucket 0->0  (mf=1000)
[MF-SEL] tPrev=(  d=0.044614  dMin=0.000000  dAvg=0.032004  dMax=1.324692  Dlo=0.016002  Dhi=0.678348  err=0.000000  inc=-1.176120  bucket 0->0  (mf=1000)
[MF-SEL] tPrev=(  d=0.042973  dMin=0.000000  dAvg=0.032010  dMax=1.324692  Dlo=0.016005  Dhi=0.678351  err=0.000000  inc=-1.176120  bucket 0->0  (mf=1000)
[MF-SEL] tPrev=(  d=0.041818  dMin=0.000000  dAvg=0.032015  dMax=1.324692  Dlo=0.016007  Dhi=0.678353  err=0.000000  inc=-1.176120  bucket 0->0  (mf=1000)
[MF-SEL] tPrev=(  d=0.052347  dMin=0.000000  dAvg=0.032025  dMax=1.324692  Dlo=0.016012  Dhi=0.678358  err=0.000000  inc=-1.176120  bucket 0->0  (mf=1000)
[MF-SEL] tPrev=(  d=0.039783  dMin=0.000000  dAvg=0.032028  dMax=1.324692  Dlo=0.016014  Dhi=0.678360  err=0.000000  inc=-1.176120  bucket 0->0  (mf=1000)
[MF-SEL] tPrev=(  d=0.039110  dMin=0.000000  dAvg=0.032032  dMax=1.324692  Dlo=0.016016  Dhi=0.678362  err=0.000000  inc=-1.176120  bucket 0->0  (mf=1000)
[MF-SEL] tPrev=(  d=0.039077  dMin=0.000000  dAvg=0.032035  dMax=1.324692  Dlo=0.016018  Dhi=0.678364  err=0.000000  inc=-1.176120  bucket 0->0  (mf=1000)
[MF-SEL] tPrev=(  d=0.039364  dMin=0.000000  dAvg=0.032039  dMax=1.324692  Dlo=0.016020  Dhi=0.678366  err=0.000000  inc=-1.176120  bucket 0->0  (mf=1000)
[MF-SEL] tPrev=(  d=0.040024  dMin=0.000000  dAvg=0.032043  dMax=1.324692  Dlo=0.016022  Dhi=0.678368  err=0.000000  inc=-1.176120  bucket 0->0  (mf=1000)
[MF-SEL] tPrev=(  d=0.049712  dMin=0.000000  dAvg=0.032052  dMax=1.324692  Dlo=0.016026  Dhi=0.678372  err=0.000000  inc=-1.176120  bucket 0->0  (mf=1000)
[MF-SEL] tPrev=(  d=0.040409  dMin=0.000000  dAvg=0.032056  dMax=1.324692  Dlo=0.016028  Dhi=0.678374  err=0.000000  inc=-1.176120  bucket 0->0  (mf=1000)
Dropping frame 1403636986.551666
[MF-SEL] tPrev=(  d=0.082198  dMin=0.000000  dAvg=0.032081  dMax=1.324692  Dlo=0.016040  Dhi=0.678386  err=0.000000  inc=-1.176120  bucket 0->0  (mf=1000)
[MF-SEL] tPrev=(  d=0.040515  dMin=0.000000  dAvg=0.032085  dMax=1.324692  Dlo=0.016042  Dhi=0.678389  err=0.000000  inc=-1.176120  bucket 0->0  (mf=1000)
[MF-SEL] tPrev=(  d=0.040182  dMin=0.000000  dAvg=0.032089  dMax=1.324692  Dlo=0.016044  Dhi=0.678391  err=0.000000  inc=-1.176120  bucket 0->0  (mf=1000)
[MF-SEL] tPrev=(  d=0.040509  dMin=0.000000  dAvg=0.032093  dMax=1.324692  Dlo=0.016047  Dhi=0.678393  err=0.000000  inc=-1.176120  bucket 0->0  (mf=1000)
[MF-SEL] tPrev=(  d=0.040449  dMin=0.000000  dAvg=0.032097  dMax=1.324692  Dlo=0.016049  Dhi=0.678395  err=0.000000  inc=-1.176120  bucket 0->0  (mf=1000)
[MF-SEL] tPrev=(  d=0.048581  dMin=0.000000  dAvg=0.032105  dMax=1.324692  Dlo=0.016053  Dhi=0.678399  err=0.000000  inc=-1.176120  bucket 0->0  (mf=1000)
Dropping frame 1403636986.901667
[MF-SEL] tPrev=(  d=0.077914  dMin=0.000000  dAvg=0.032128  dMax=1.324692  Dlo=0.016064  Dhi=0.678410  err=0.000000  inc=-1.176120  bucket 0->0  (mf=1000)
[MF-SEL] tPrev=(  d=0.038175  dMin=0.000000  dAvg=0.032131  dMax=1.324692  Dlo=0.016065  Dhi=0.678412  err=0.000000  inc=-1.176120  bucket 0->0  (mf=1000)
[MF-SEL] tPrev=(  d=0.044774  dMin=0.000000  dAvg=0.032137  dMax=1.324692  Dlo=0.016069  Dhi=0.678415  err=0.000000  inc=-1.176120  bucket 0->0  (mf=1000)
[MF-SEL] tPrev=(  d=0.037201  dMin=0.000000  dAvg=0.032140  dMax=1.324692  Dlo=0.016070  Dhi=0.678416  err=0.000000  inc=-1.176120  bucket 0->0  (mf=1000)
[MF-SEL] tPrev=(  d=0.036411  dMin=0.000000  dAvg=0.032142  dMax=1.324692  Dlo=0.016071  Dhi=0.678417  err=0.000000  inc=-1.176120  bucket 0->0  (mf=1000)
[MF-SEL] tPrev=(  d=0.035170  dMin=0.000000  dAvg=0.032143  dMax=1.324692  Dlo=0.016072  Dhi=0.678418  err=0.000000  inc=-1.176120  bucket 0->0  (mf=1000)
[MF-SEL] tPrev=(  d=0.039862  dMin=0.000000  dAvg=0.032147  dMax=1.324692  Dlo=0.016074  Dhi=0.678420  err=0.000000  inc=-1.176120  bucket 0->0  (mf=1000)
[MF-SEL] tPrev=(  d=0.033437  dMin=0.000000  dAvg=0.032148  dMax=1.324692  Dlo=0.016074  Dhi=0.678420  err=0.000000  inc=-1.176120  bucket 0->0  (mf=1000)
[MF-SEL] tPrev=(  d=0.032531  dMin=0.000000  dAvg=0.032148  dMax=1.324692  Dlo=0.016074  Dhi=0.678420  err=0.000000  inc=-1.176120  bucket 0->0  (mf=1000)
Dropping frame 1403636987.401667
[MF-SEL] tPrev=(  d=0.064352  dMin=0.000000  dAvg=0.032164  dMax=1.324692  Dlo=0.016082  Dhi=0.678428  err=0.000000  inc=-1.176120  bucket 0->0  (mf=1000)
Dropping frame 1403636987.501667
[MF-SEL] tPrev=(  d=0.060954  dMin=0.000000  dAvg=0.032178  dMax=1.324692  Dlo=0.016089  Dhi=0.678435  err=0.000000  inc=-1.176120  bucket 0->0  (mf=1000)
[MF-SEL] tPrev=(  d=0.039449  dMin=0.000000  dAvg=0.032181  dMax=1.324692  Dlo=0.016091  Dhi=0.678437  err=0.000000  inc=-1.176120  bucket 0->0  (mf=1000)
[MF-SEL] tPrev=(  d=0.029289  dMin=0.000000  dAvg=0.032180  dMax=1.324692  Dlo=0.016090  Dhi=0.678436  err=0.000000  inc=-1.176120  bucket 0->0  (mf=1000)
Dropping frame 1403636987.701667
[MF-SEL] tPrev=(  d=0.057023  dMin=0.000000  dAvg=0.032192  dMax=1.324692  Dlo=0.016096  Dhi=0.678442  err=0.000000  inc=-1.176120  bucket 0->0  (mf=1000)
Dropping frame 1403636987.801666
[MF-SEL] tPrev=(  d=0.059388  dMin=0.000000  dAvg=0.032205  dMax=1.324692  Dlo=0.016103  Dhi=0.678449  err=0.000000  inc=-1.176120  bucket 0->0  (mf=1000)
Dropping frame 1403636987.901667
[MF-SEL] tPrev=(  d=0.056389  dMin=0.000000  dAvg=0.032217  dMax=1.324692  Dlo=0.016109  Dhi=0.678455  err=0.000000  inc=-1.176120  bucket 0->0  (mf=1000)
[MF-SEL] tPrev=(  d=0.043065  dMin=0.000000  dAvg=0.032223  dMax=1.324692  Dlo=0.016111  Dhi=0.678457  err=0.000000  inc=-1.176120  bucket 0->0  (mf=1000)
[MF-SEL] tPrev=(  d=0.029066  dMin=0.000000  dAvg=0.032221  dMax=1.324692  Dlo=0.016111  Dhi=0.678457  err=0.000000  inc=-1.176120  bucket 0->0  (mf=1000)
Dropping frame 1403636988.101666
[MF-SEL] tPrev=(  d=0.055889  dMin=0.000000  dAvg=0.032233  dMax=1.324692  Dlo=0.016116  Dhi=0.678462  err=0.000000  inc=-1.176120  bucket 0->0  (mf=1000)
[MF-SEL] tPrev=(  d=0.024662  dMin=0.000000  dAvg=0.032229  dMax=1.324692  Dlo=0.016114  Dhi=0.678461  err=0.000000  inc=-1.176120  bucket 0->0  (mf=1000)
Dropping frame 1403636988.251667
[MF-SEL] tPrev=(  d=0.042173  dMin=0.000000  dAvg=0.032234  dMax=1.324692  Dlo=0.016117  Dhi=0.678463  err=0.000000  inc=-1.176120  bucket 0->0  (mf=1000)
[MF-SEL] tPrev=(  d=0.019839  dMin=0.000000  dAvg=0.032228  dMax=1.324692  Dlo=0.016114  Dhi=0.678460  err=0.000000  inc=-1.176120  bucket 0->0  (mf=1000)
[MF-SEL] tPrev=(  d=0.017526  dMin=0.000000  dAvg=0.032221  dMax=1.324692  Dlo=0.016110  Dhi=0.678456  err=0.000000  inc=-1.176120  bucket 0->0  (mf=1000)
Dropping frame 1403636988.451666
[MF-SEL] tPrev=(  d=0.036712  dMin=0.000000  dAvg=0.032223  dMax=1.324692  Dlo=0.016111  Dhi=0.678457  err=0.000000  inc=-1.176120  bucket 0->0  (mf=1000)
[MF-SEL] tPrev=(  d=0.035692  dMin=0.000000  dAvg=0.032224  dMax=1.324692  Dlo=0.016112  Dhi=0.678458  err=0.000000  inc=-1.176120  bucket 0->0  (mf=1000)
[MF-SEL] tPrev=(  d=0.021186  dMin=0.000000  dAvg=0.032219  dMax=1.324692  Dlo=0.016110  Dhi=0.678456  err=0.000000  inc=-1.176120  bucket 0->0  (mf=1000)
Dropping frame 1403636988.651666
[MF-SEL] tPrev=(  d=0.041638  dMin=0.000000  dAvg=0.032224  dMax=1.324692  Dlo=0.016112  Dhi=0.678458  err=0.000000  inc=-1.176120  bucket 0->0  (mf=1000)
[MF-SEL] tPrev=(  d=0.020981  dMin=0.000000  dAvg=0.032218  dMax=1.324692  Dlo=0.016109  Dhi=0.678455  err=0.000000  inc=-1.176120  bucket 0->0  (mf=1000)
[MF-SEL] tPrev=(  d=0.021574  dMin=0.000000  dAvg=0.032213  dMax=1.324692  Dlo=0.016106  Dhi=0.678453  err=0.000000  inc=-1.176120  bucket 0->0  (mf=1000)
Dropping frame 1403636988.851666
[MF-SEL] tPrev=(  d=0.049531  dMin=0.000000  dAvg=0.032221  dMax=1.324692  Dlo=0.016111  Dhi=0.678457  err=0.000000  inc=-1.176120  bucket 0->0  (mf=1000)
Dropping frame 1403636988.951666
[MF-SEL] tPrev=(  d=0.054798  dMin=0.000000  dAvg=0.032232  dMax=1.324692  Dlo=0.016116  Dhi=0.678462  err=0.000000  inc=-1.176120  bucket 0->0  (mf=1000)
[MF-SEL] tPrev=(  d=0.040675  dMin=0.000000  dAvg=0.032236  dMax=1.324692  Dlo=0.016118  Dhi=0.678464  err=0.000000  inc=-1.176120  bucket 0->0  (mf=1000)
[MF-SEL] tPrev=(  d=0.034490  dMin=0.000000  dAvg=0.032238  dMax=1.324692  Dlo=0.016119  Dhi=0.678465  err=0.000000  inc=-1.176120  bucket 0->0  (mf=1000)
[MF-SEL] tPrev=(  d=0.035552  dMin=0.000000  dAvg=0.032239  dMax=1.324692  Dlo=0.016120  Dhi=0.678466  err=0.000000  inc=-1.176120  bucket 0->0  (mf=1000)
Dropping frame 1403636989.201667
[MF-SEL] tPrev=(  d=0.075027  dMin=0.000000  dAvg=0.032260  dMax=1.324692  Dlo=0.016130  Dhi=0.678476  err=0.000000  inc=-1.176120  bucket 0->0  (mf=1000)
Dropping frame 1403636989.301666
[MF-SEL] tPrev=(  d=0.082091  dMin=0.000000  dAvg=0.032284  dMax=1.324692  Dlo=0.016142  Dhi=0.678488  err=0.000000  inc=-1.176120  bucket 0->0  (mf=1000)
Dropping frame 1403636989.401667
[MF-SEL] tPrev=(  d=0.092739  dMin=0.000000  dAvg=0.032313  dMax=1.324692  Dlo=0.016157  Dhi=0.678503  err=0.000000  inc=-1.176120  bucket 0->0  (mf=1000)
[MF-SEL] tPrev=(  d=0.048137  dMin=0.000000  dAvg=0.032321  dMax=1.324692  Dlo=0.016161  Dhi=0.678507  err=0.000000  inc=-1.176120  bucket 0->0  (mf=1000)
[MF-SEL] tPrev=(  d=0.049254  dMin=0.000000  dAvg=0.032329  dMax=1.324692  Dlo=0.016165  Dhi=0.678511  err=0.000000  inc=-1.176120  bucket 0->0  (mf=1000)
Dropping frame 1403636989.601666
[MF-SEL] tPrev=(  d=0.096340  dMin=0.000000  dAvg=0.032360  dMax=1.324692  Dlo=0.016180  Dhi=0.678526  err=0.000000  inc=-1.176120  bucket 0->0  (mf=1000)
[MF-SEL] tPrev=(  d=0.051029  dMin=0.000000  dAvg=0.032369  dMax=1.324692  Dlo=0.016185  Dhi=0.678531  err=0.000000  inc=-1.176120  bucket 0->0  (mf=1000)
[MF-SEL] tPrev=(  d=0.050319  dMin=0.000000  dAvg=0.032378  dMax=1.324692  Dlo=0.016189  Dhi=0.678535  err=0.000000  inc=-1.176120  bucket 0->0  (mf=1000)
Dropping frame 1403636989.801666
[MF-SEL] tPrev=(  d=0.098442  dMin=0.000000  dAvg=0.032410  dMax=1.324692  Dlo=0.016205  Dhi=0.678551  err=0.000000  inc=-1.176120  bucket 0->0  (mf=1000)
[MF-SEL] tPrev=(  d=0.048498  dMin=0.000000  dAvg=0.032418  dMax=1.324692  Dlo=0.016209  Dhi=0.678555  err=0.000000  inc=-1.176120  bucket 0->0  (mf=1000)
[MF-SEL] tPrev=(  d=0.048432  dMin=0.000000  dAvg=0.032425  dMax=1.324692  Dlo=0.016213  Dhi=0.678559  err=0.000000  inc=-1.176120  bucket 0->0  (mf=1000)
[MF-SEL] tPrev=(  d=0.049014  dMin=0.000000  dAvg=0.032433  dMax=1.324692  Dlo=0.016217  Dhi=0.678563  err=0.000000  inc=-1.176120  bucket 0->0  (mf=1000)
[MF-SEL] tPrev=(  d=0.049081  dMin=0.000000  dAvg=0.032441  dMax=1.324692  Dlo=0.016221  Dhi=0.678567  err=0.000000  inc=-1.176120  bucket 0->0  (mf=1000)
[MF-SEL] tPrev=(  d=0.046272  dMin=0.000000  dAvg=0.032448  dMax=1.324692  Dlo=0.016224  Dhi=0.678570  err=0.000000  inc=-1.176120  bucket 0->0  (mf=1000)
[MF-SEL] tPrev=(  d=0.049948  dMin=0.000000  dAvg=0.032456  dMax=1.324692  Dlo=0.016228  Dhi=0.678574  err=0.000000  inc=-1.176120  bucket 0->0  (mf=1000)
[MF-SEL] tPrev=(  d=0.051023  dMin=0.000000  dAvg=0.032465  dMax=1.324692  Dlo=0.016233  Dhi=0.678579  err=0.000000  inc=-1.176120  bucket 0->0  (mf=1000)
Dropping frame 1403636990.251667
[MF-SEL] tPrev=(  d=0.104622  dMin=0.000000  dAvg=0.032500  dMax=1.324692  Dlo=0.016250  Dhi=0.678596  err=0.000000  inc=-1.176120  bucket 0->0  (mf=1000)
[MF-SEL] tPrev=(  d=0.054684  dMin=0.000000  dAvg=0.032511  dMax=1.324692  Dlo=0.016255  Dhi=0.678601  err=0.000000  inc=-1.176120  bucket 0->0  (mf=1000)
[MF-SEL] tPrev=(  d=0.055180  dMin=0.000000  dAvg=0.032522  dMax=1.324692  Dlo=0.016261  Dhi=0.678607  err=0.000000  inc=-1.176120  bucket 0->0  (mf=1000)
Dropping frame 1403636990.451666
[MF-SEL] tPrev=(  d=0.113343  dMin=0.000000  dAvg=0.032560  dMax=1.324692  Dlo=0.016280  Dhi=0.678626  err=0.000000  inc=-1.176120  bucket 0->0  (mf=1000)
[MF-SEL] tPrev=(  d=0.055370  dMin=0.000000  dAvg=0.032571  dMax=1.324692  Dlo=0.016286  Dhi=0.678632  err=0.000000  inc=-1.176120  bucket 0->0  (mf=1000)
[MF-SEL] tPrev=(  d=0.051793  dMin=0.000000  dAvg=0.032581  dMax=1.324692  Dlo=0.016290  Dhi=0.678636  err=0.000000  inc=-1.176120  bucket 0->0  (mf=1000)
Dropping frame 1403636990.651666
[MF-SEL] tPrev=(  d=0.105376  dMin=0.000000  dAvg=0.032616  dMax=1.324692  Dlo=0.016308  Dhi=0.678654  err=0.000000  inc=-1.176120  bucket 0->0  (mf=1000)
Dropping frame 1403636990.751667
[MF-SEL] tPrev=(  d=0.102245  dMin=0.000000  dAvg=0.032649  dMax=1.324692  Dlo=0.016324  Dhi=0.678671  err=0.000000  inc=-1.176120  bucket 0->0  (mf=1000)
Dropping frame 1403636990.851666
[MF-SEL] tPrev=(  d=0.101670  dMin=0.000000  dAvg=0.032682  dMax=1.324692  Dlo=0.016341  Dhi=0.678687  err=0.000000  inc=-1.176120  bucket 0->0  (mf=1000)
[MF-SEL] tPrev=(  d=0.050622  dMin=0.000000  dAvg=0.032691  dMax=1.324692  Dlo=0.016345  Dhi=0.678691  err=0.000000  inc=-1.176120  bucket 0->0  (mf=1000)
[MF-SEL] tPrev=(  d=0.050070  dMin=0.000000  dAvg=0.032699  dMax=1.324692  Dlo=0.016350  Dhi=0.678696  err=0.000000  inc=-1.176120  bucket 0->0  (mf=1000)
Dropping frame 1403636991.051666
[MF-SEL] tPrev=(  d=0.108798  dMin=0.000000  dAvg=0.032735  dMax=1.324692  Dlo=0.016368  Dhi=0.678714  err=0.000000  inc=-1.176120  bucket 0->0  (mf=1000)
[MF-SEL] tPrev=(  d=0.049367  dMin=0.000000  dAvg=0.032743  dMax=1.324692  Dlo=0.016372  Dhi=0.678718  err=0.000000  inc=-1.176120  bucket 0->0  (mf=1000)
[MF-SEL] tPrev=(  d=0.048122  dMin=0.000000  dAvg=0.032751  dMax=1.324692  Dlo=0.016375  Dhi=0.678721  err=0.000000  inc=-1.176120  bucket 0->0  (mf=1000)
Dropping frame 1403636991.251667
[MF-SEL] tPrev=(  d=0.093737  dMin=0.000000  dAvg=0.032780  dMax=1.324692  Dlo=0.016390  Dhi=0.678736  err=0.000000  inc=-1.176120  bucket 0->0  (mf=1000)
Dropping frame 1403636991.351666
[MF-SEL] tPrev=(  d=0.106255  dMin=0.000000  dAvg=0.032815  dMax=1.324692  Dlo=0.016407  Dhi=0.678754  err=0.000000  inc=-1.176120  bucket 0->0  (mf=1000)
Dropping frame 1403636991.451666
[MF-SEL] tPrev=(  d=0.090960  dMin=0.000000  dAvg=0.032843  dMax=1.324692  Dlo=0.016421  Dhi=0.678767  err=0.000000  inc=-1.176120  bucket 0->0  (mf=1000)
[MF-SEL] tPrev=(  d=0.043702  dMin=0.000000  dAvg=0.032848  dMax=1.324692  Dlo=0.016424  Dhi=0.678770  err=0.000000  inc=-1.176120  bucket 0->0  (mf=1000)
[MF-SEL] tPrev=(  d=0.042889  dMin=0.000000  dAvg=0.032853  dMax=1.324692  Dlo=0.016426  Dhi=0.678772  err=0.000000  inc=-1.176120  bucket 0->0  (mf=1000)
Dropping frame 1403636991.651666
[MF-SEL] tPrev=(  d=0.090523  dMin=0.000000  dAvg=0.032880  dMax=1.324692  Dlo=0.016440  Dhi=0.678786  err=0.000000  inc=-1.176120  bucket 0->0  (mf=1000)
[MF-SEL] tPrev=(  d=0.043403  dMin=0.000000  dAvg=0.032885  dMax=1.324692  Dlo=0.016443  Dhi=0.678789  err=0.000000  inc=-1.176120  bucket 0->0  (mf=1000)
[MF-SEL] tPrev=(  d=0.043490  dMin=0.000000  dAvg=0.032890  dMax=1.324692  Dlo=0.016445  Dhi=0.678791  err=0.000000  inc=-1.176120  bucket 0->0  (mf=1000)
Dropping frame 1403636991.851666
[MF-SEL] tPrev=(  d=0.084506  dMin=0.000000  dAvg=0.032915  dMax=1.324692  Dlo=0.016457  Dhi=0.678804  err=0.000000  inc=-1.176120  bucket 0->0  (mf=1000)
[MF-SEL] tPrev=(  d=0.035620  dMin=0.000000  dAvg=0.032916  dMax=1.324692  Dlo=0.016458  Dhi=0.678804  err=0.000000  inc=-1.176120  bucket 0->0  (mf=1000)
[MF-SEL] tPrev=(  d=0.041941  dMin=0.000000  dAvg=0.032920  dMax=1.324692  Dlo=0.016460  Dhi=0.678806  err=0.000000  inc=-1.176120  bucket 0->0  (mf=1000)
Dropping frame 1403636992.051666
[MF-SEL] tPrev=(  d=0.076925  dMin=0.000000  dAvg=0.032941  dMax=1.324692  Dlo=0.016471  Dhi=0.678817  err=0.000000  inc=-1.176120  bucket 0->0  (mf=1000)
[MF-SEL] tPrev=(  d=0.053773  dMin=0.000000  dAvg=0.032951  dMax=1.324692  Dlo=0.016476  Dhi=0.678822  err=0.000000  inc=-1.176120  bucket 0->0  (mf=1000)
[MF-SEL] tPrev=(  d=0.036664  dMin=0.000000  dAvg=0.032953  dMax=1.324692  Dlo=0.016477  Dhi=0.678823  err=0.000000  inc=-1.176120  bucket 0->0  (mf=1000)
Dropping frame 1403636992.251667
[MF-SEL] tPrev=(  d=0.075221  dMin=0.000000  dAvg=0.032973  dMax=1.324692  Dlo=0.016487  Dhi=0.678833  err=0.000000  inc=-1.176120  bucket 0->0  (mf=1000)
Dropping frame 1403636992.351666
[MF-SEL] tPrev=(  d=0.078904  dMin=0.000000  dAvg=0.032995  dMax=1.324692  Dlo=0.016497  Dhi=0.678844  err=0.000000  inc=-1.176120  bucket 0->0  (mf=1000)
[MF-SEL] tPrev=(  d=0.037650  dMin=0.000000  dAvg=0.032997  dMax=1.324692  Dlo=0.016499  Dhi=0.678845  err=0.000000  inc=-1.176120  bucket 0->0  (mf=1000)
[MF-SEL] tPrev=(  d=0.037260  dMin=0.000000  dAvg=0.032999  dMax=1.324692  Dlo=0.016500  Dhi=0.678846  err=0.000000  inc=-1.176120  bucket 0->0  (mf=1000)
[MF-SEL] tPrev=(  d=0.036941  dMin=0.000000  dAvg=0.033001  dMax=1.324692  Dlo=0.016501  Dhi=0.678847  err=0.000000  inc=-1.176120  bucket 0->0  (mf=1000)
[MF-SEL] tPrev=(  d=0.037100  dMin=0.000000  dAvg=0.033003  dMax=1.324692  Dlo=0.016501  Dhi=0.678848  err=0.000000  inc=-1.176120  bucket 0->0  (mf=1000)
Dropping frame 1403636992.651666
[MF-SEL] tPrev=(  d=0.073468  dMin=0.000000  dAvg=0.033022  dMax=1.324692  Dlo=0.016511  Dhi=0.678857  err=0.000000  inc=-1.176120  bucket 0->0  (mf=1000)
[MF-SEL] tPrev=(  d=0.035886  dMin=0.000000  dAvg=0.033023  dMax=1.324692  Dlo=0.016512  Dhi=0.678858  err=0.000000  inc=-1.176120  bucket 0->0  (mf=1000)
[MF-SEL] tPrev=(  d=0.034885  dMin=0.000000  dAvg=0.033024  dMax=1.324692  Dlo=0.016512  Dhi=0.678858  err=0.000000  inc=-1.176120  bucket 0->0  (mf=1000)
[MF-SEL] tPrev=(  d=0.034031  dMin=0.000000  dAvg=0.033025  dMax=1.324692  Dlo=0.016512  Dhi=0.678858  err=0.000000  inc=-1.176120  bucket 0->0  (mf=1000)
Dropping frame 1403636992.901667
[MF-SEL] tPrev=(  d=0.068065  dMin=0.000000  dAvg=0.033041  dMax=1.324692  Dlo=0.016521  Dhi=0.678867  err=0.000000  inc=-1.176120  bucket 0->0  (mf=1000)
[MF-SEL] tPrev=(  d=0.031880  dMin=0.000000  dAvg=0.033041  dMax=1.324692  Dlo=0.016520  Dhi=0.678866  err=0.000000  inc=-1.176120  bucket 0->0  (mf=1000)
[MF-SEL] tPrev=(  d=0.032637  dMin=0.000000  dAvg=0.033041  dMax=1.324692  Dlo=0.016520  Dhi=0.678866  err=0.000000  inc=-1.176120  bucket 0->0  (mf=1000)
Dropping frame 1403636993.101666
[MF-SEL] tPrev=(  d=0.057964  dMin=0.000000  dAvg=0.033052  dMax=1.324692  Dlo=0.016526  Dhi=0.678872  err=0.000000  inc=-1.176120  bucket 0->0  (mf=1000)
[MF-SEL] tPrev=(  d=0.029290  dMin=0.000000  dAvg=0.033051  dMax=1.324692  Dlo=0.016525  Dhi=0.678871  err=0.000000  inc=-1.176120  bucket 0->0  (mf=1000)
[MF-SEL] tPrev=(  d=0.029731  dMin=0.000000  dAvg=0.033049  dMax=1.324692  Dlo=0.016525  Dhi=0.678871  err=0.000000  inc=-1.176120  bucket 0->0  (mf=1000)
Dropping frame 1403636993.301666
[MF-SEL] tPrev=(  d=0.061694  dMin=0.000000  dAvg=0.033063  dMax=1.324692  Dlo=0.016531  Dhi=0.678877  err=0.000000  inc=-1.176120  bucket 0->0  (mf=1000)
[MF-SEL] tPrev=(  d=0.032522  dMin=0.000000  dAvg=0.033062  dMax=1.324692  Dlo=0.016531  Dhi=0.678877  err=0.000000  inc=-1.176120  bucket 0->0  (mf=1000)
[MF-SEL] tPrev=(  d=0.033881  dMin=0.000000  dAvg=0.033063  dMax=1.324692  Dlo=0.016531  Dhi=0.678877  err=0.000000  inc=-1.176120  bucket 0->0  (mf=1000)
Dropping frame 1403636993.501667
[MF-SEL] tPrev=(  d=0.076024  dMin=0.000000  dAvg=0.033083  dMax=1.324692  Dlo=0.016541  Dhi=0.678888  err=0.000000  inc=-1.176120  bucket 0->0  (mf=1000)
Dropping frame 1403636993.601666
[MF-SEL] tPrev=(  d=0.075012  dMin=0.000000  dAvg=0.033103  dMax=1.324692  Dlo=0.016551  Dhi=0.678897  err=0.000000  inc=-1.176120  bucket 0->0  (mf=1000)
Dropping frame 1403636993.701667
[MF-SEL] tPrev=(  d=0.070155  dMin=0.000000  dAvg=0.033120  dMax=1.324692  Dlo=0.016560  Dhi=0.678906  err=0.000000  inc=-1.176120  bucket 0->0  (mf=1000)
[MF-SEL] tPrev=(  d=0.042723  dMin=0.000000  dAvg=0.033125  dMax=1.324692  Dlo=0.016562  Dhi=0.678908  err=0.000000  inc=-1.176120  bucket 0->0  (mf=1000)
[MF-SEL] tPrev=(  d=0.032903  dMin=0.000000  dAvg=0.033124  dMax=1.324692  Dlo=0.016562  Dhi=0.678908  err=0.000000  inc=-1.176120  bucket 0->0  (mf=1000)
Dropping frame 1403636993.901667
[MF-SEL] tPrev=(  d=0.061766  dMin=0.000000  dAvg=0.033138  dMax=1.324692  Dlo=0.016569  Dhi=0.678915  err=0.000000  inc=-1.176120  bucket 0->0  (mf=1000)
Dropping frame 1403636994.001667
[MF-SEL] tPrev=(  d=0.058574  dMin=0.000000  dAvg=0.033150  dMax=1.324692  Dlo=0.016575  Dhi=0.678921  err=0.000000  inc=-1.176120  bucket 0->0  (mf=1000)
Dropping frame 1403636994.101666
[MF-SEL] tPrev=(  d=0.060640  dMin=0.000000  dAvg=0.033163  dMax=1.324692  Dlo=0.016581  Dhi=0.678927  err=0.000000  inc=-1.176120  bucket 0->0  (mf=1000)
[MF-SEL] tPrev=(  d=0.032946  dMin=0.000000  dAvg=0.033163  dMax=1.324692  Dlo=0.016581  Dhi=0.678927  err=0.000000  inc=-1.176120  bucket 0->0  (mf=1000)
[MF-SEL] tPrev=(  d=0.035326  dMin=0.000000  dAvg=0.033164  dMax=1.324692  Dlo=0.016582  Dhi=0.678928  err=0.000000  inc=-1.176120  bucket 0->0  (mf=1000)
[MF-SEL] tPrev=(  d=0.035270  dMin=0.000000  dAvg=0.033165  dMax=1.324692  Dlo=0.016582  Dhi=0.678928  err=0.000000  inc=-1.176120  bucket 0->0  (mf=1000)
[MF-SEL] tPrev=(  d=0.037944  dMin=0.000000  dAvg=0.033167  dMax=1.324692  Dlo=0.016583  Dhi=0.678930  err=0.000000  inc=-1.176120  bucket 0->0  (mf=1000)
[MF-SEL] tPrev=(  d=0.039769  dMin=0.000000  dAvg=0.033170  dMax=1.324692  Dlo=0.016585  Dhi=0.678931  err=0.000000  inc=-1.176120  bucket 0->0  (mf=1000)
[MF-SEL] tPrev=(  d=0.042032  dMin=0.000000  dAvg=0.033174  dMax=1.324692  Dlo=0.016587  Dhi=0.678933  err=0.000000  inc=-1.176120  bucket 0->0  (mf=1000)
[MF-SEL] tPrev=(  d=0.043831  dMin=0.000000  dAvg=0.033179  dMax=1.324692  Dlo=0.016590  Dhi=0.678936  err=0.000000  inc=-1.176120  bucket 0->0  (mf=1000)
[MF-SEL] tPrev=(  d=0.048351  dMin=0.000000  dAvg=0.033186  dMax=1.324692  Dlo=0.016593  Dhi=0.678939  err=0.000000  inc=-1.176120  bucket 0->0  (mf=1000)
[MF-SEL] tPrev=(  d=0.045535  dMin=0.000000  dAvg=0.033192  dMax=1.324692  Dlo=0.016596  Dhi=0.678942  err=0.000000  inc=-1.176120  bucket 0->0  (mf=1000)
[MF-SEL] tPrev=(  d=0.046869  dMin=0.000000  dAvg=0.033198  dMax=1.324692  Dlo=0.016599  Dhi=0.678945  err=0.000000  inc=-1.176120  bucket 0->0  (mf=1000)
Dropping frame 1403636994.701667
[MF-SEL] tPrev=(  d=0.094952  dMin=0.000000  dAvg=0.033227  dMax=1.324692  Dlo=0.016614  Dhi=0.678960  err=0.000000  inc=-1.176120  bucket 0->0  (mf=1000)
Dropping frame 1403636994.801666
[MF-SEL] tPrev=(  d=0.119176  dMin=0.000000  dAvg=0.033267  dMax=1.324692  Dlo=0.016634  Dhi=0.678980  err=0.000000  inc=-1.176120  bucket 0->0  (mf=1000)
[MF-SEL] tPrev=(  d=0.050301  dMin=0.000000  dAvg=0.033275  dMax=1.324692  Dlo=0.016638  Dhi=0.678984  err=0.000000  inc=-1.176120  bucket 0->0  (mf=1000)
[MF-SEL] tPrev=(  d=0.049489  dMin=0.000000  dAvg=0.033283  dMax=1.324692  Dlo=0.016641  Dhi=0.678987  err=0.000000  inc=-1.176120  bucket 0->0  (mf=1000)
[MF-SEL] tPrev=(  d=0.049245  dMin=0.000000  dAvg=0.033290  dMax=1.324692  Dlo=0.016645  Dhi=0.678991  err=0.000000  inc=-1.176120  bucket 0->0  (mf=1000)
[MF-SEL] tPrev=(  d=0.061327  dMin=0.000000  dAvg=0.033303  dMax=1.324692  Dlo=0.016652  Dhi=0.678998  err=0.000000  inc=-1.176120  bucket 0->0  (mf=1000)
[MF-SEL] tPrev=(  d=0.048629  dMin=0.000000  dAvg=0.033310  dMax=1.324692  Dlo=0.016655  Dhi=0.679001  err=0.000000  inc=-1.176120  bucket 0->0  (mf=1000)
Dropping frame 1403636995.151666
[MF-SEL] tPrev=(  d=0.097630  dMin=0.000000  dAvg=0.033340  dMax=1.324692  Dlo=0.016670  Dhi=0.679016  err=0.000000  inc=-1.176120  bucket 0->0  (mf=1000)
[MF-SEL] tPrev=(  d=0.049651  dMin=0.000000  dAvg=0.033348  dMax=1.324692  Dlo=0.016674  Dhi=0.679020  err=0.000000  inc=-1.176120  bucket 0->0  (mf=1000)
[MF-SEL] tPrev=(  d=0.050792  dMin=0.000000  dAvg=0.033356  dMax=1.324692  Dlo=0.016678  Dhi=0.679024  err=0.000000  inc=-1.176120  bucket 0->0  (mf=1000)
Dropping frame 1403636995.351666
[MF-SEL] tPrev=(  d=0.104468  dMin=0.000000  dAvg=0.033389  dMax=1.324692  Dlo=0.016695  Dhi=0.679041  err=0.000000  inc=-1.176120  bucket 0->0  (mf=1000)
Dropping frame 1403636995.451666
[MF-SEL] tPrev=(  d=0.122642  dMin=0.000000  dAvg=0.033430  dMax=1.324692  Dlo=0.016715  Dhi=0.679061  err=0.000000  inc=-1.176120  bucket 0->0  (mf=1000)
[MF-SEL] tPrev=(  d=0.056247  dMin=0.000000  dAvg=0.033441  dMax=1.324692  Dlo=0.016721  Dhi=0.679067  err=0.000000  inc=-1.176120  bucket 0->0  (mf=1000)
[MF-SEL] tPrev=(  d=0.056484  dMin=0.000000  dAvg=0.033452  dMax=1.324692  Dlo=0.016726  Dhi=0.679072  err=0.000000  inc=-1.176120  bucket 0->0  (mf=1000)
[MF-SEL] tPrev=(  d=0.056229  dMin=0.000000  dAvg=0.033462  dMax=1.324692  Dlo=0.016731  Dhi=0.679077  err=0.000000  inc=-1.176120  bucket 0->0  (mf=1000)
Dropping frame 1403636995.701667
[MF-SEL] tPrev=(  d=0.109291  dMin=0.000000  dAvg=0.033497  dMax=1.324692  Dlo=0.016749  Dhi=0.679095  err=0.000000  inc=-1.176120  bucket 0->0  (mf=1000)
[MF-SEL] tPrev=(  d=0.057640  dMin=0.000000  dAvg=0.033509  dMax=1.324692  Dlo=0.016754  Dhi=0.679100  err=0.000000  inc=-1.176120  bucket 0->0  (mf=1000)
Dropping frame 1403636995.851666
[MF-SEL] tPrev=(  d=0.102373  dMin=0.000000  dAvg=0.033540  dMax=1.324692  Dlo=0.016770  Dhi=0.679116  err=0.000000  inc=-1.176120  bucket 0->0  (mf=1000)
[MF-SEL] tPrev=(  d=0.049687  dMin=0.000000  dAvg=0.033548  dMax=1.324692  Dlo=0.016774  Dhi=0.679120  err=0.000000  inc=-1.176120  bucket 0->0  (mf=1000)
[MF-SEL] tPrev=(  d=0.049794  dMin=0.000000  dAvg=0.033555  dMax=1.324692  Dlo=0.016778  Dhi=0.679124  err=0.000000  inc=-1.176120  bucket 0->0  (mf=1000)
Dropping frame 1403636996.051666
[MF-SEL] tPrev=(  d=0.100257  dMin=0.000000  dAvg=0.033586  dMax=1.324692  Dlo=0.016793  Dhi=0.679139  err=0.000000  inc=-1.176120  bucket 0->0  (mf=1000)
Dropping frame 1403636996.151666
[MF-SEL] tPrev=(  d=0.097897  dMin=0.000000  dAvg=0.033616  dMax=1.324692  Dlo=0.016808  Dhi=0.679154  err=0.000000  inc=-1.176120  bucket 0->0  (mf=1000)
Dropping frame 1403636996.251667
[MF-SEL] tPrev=(  d=0.089853  dMin=0.000000  dAvg=0.033642  dMax=1.324692  Dlo=0.016821  Dhi=0.679167  err=0.000000  inc=-1.176120  bucket 0->0  (mf=1000)
[MF-SEL] tPrev=(  d=0.053523  dMin=0.000000  dAvg=0.033651  dMax=1.324692  Dlo=0.016826  Dhi=0.679172  err=0.000000  inc=-1.176120  bucket 0->0  (mf=1000)
[MF-SEL] tPrev=(  d=0.049677  dMin=0.000000  dAvg=0.033659  dMax=1.324692  Dlo=0.016829  Dhi=0.679175  err=0.000000  inc=-1.176120  bucket 0->0  (mf=1000)
Dropping frame 1403636996.451666
[MF-SEL] tPrev=(  d=0.103924  dMin=0.000000  dAvg=0.033691  dMax=1.324692  Dlo=0.016845  Dhi=0.679192  err=0.000000  inc=-1.176120  bucket 0->0  (mf=1000)
Dropping frame 1403636996.551666
[MF-SEL] tPrev=(  d=0.109518  dMin=0.000000  dAvg=0.033726  dMax=1.324692  Dlo=0.016863  Dhi=0.679209  err=0.000000  inc=-1.176120  bucket 0->0  (mf=1000)
[MF-SEL] tPrev=(  d=0.059735  dMin=0.000000  dAvg=0.033738  dMax=1.324692  Dlo=0.016869  Dhi=0.679215  err=0.000000  inc=-1.176120  bucket 0->0  (mf=1000)
[MF-SEL] tPrev=(  d=0.052137  dMin=0.000000  dAvg=0.033746  dMax=1.324692  Dlo=0.016873  Dhi=0.679219  err=0.000000  inc=-1.176120  bucket 0->0  (mf=1000)
[MF-SEL] tPrev=(  d=0.050590  dMin=0.000000  dAvg=0.033754  dMax=1.324692  Dlo=0.016877  Dhi=0.679223  err=0.000000  inc=-1.176120  bucket 0->0  (mf=1000)
Dropping frame 1403636996.801666
[MF-SEL] tPrev=(  d=0.095764  dMin=0.000000  dAvg=0.033783  dMax=1.324692  Dlo=0.016891  Dhi=0.679237  err=0.000000  inc=-1.176120  bucket 0->0  (mf=1000)
[MF-SEL] tPrev=(  d=0.045848  dMin=0.000000  dAvg=0.033788  dMax=1.324692  Dlo=0.016894  Dhi=0.679240  err=0.000000  inc=-1.176120  bucket 0->0  (mf=1000)
[MF-SEL] tPrev=(  d=0.056910  dMin=0.000000  dAvg=0.033799  dMax=1.324692  Dlo=0.016899  Dhi=0.679246  err=0.000000  inc=-1.176120  bucket 0->0  (mf=1000)
Dropping frame 1403636997.001667
[MF-SEL] tPrev=(  d=0.089285  dMin=0.000000  dAvg=0.033824  dMax=1.324692  Dlo=0.016912  Dhi=0.679258  err=0.000000  inc=-1.176120  bucket 0->0  (mf=1000)
Dropping frame 1403636997.101666
[MF-SEL] tPrev=(  d=0.085646  dMin=0.000000  dAvg=0.033848  dMax=1.324692  Dlo=0.016924  Dhi=0.679270  err=0.000000  inc=-1.176120  bucket 0->0  (mf=1000)
[MF-SEL] tPrev=(  d=0.040186  dMin=0.000000  dAvg=0.033851  dMax=1.324692  Dlo=0.016926  Dhi=0.679272  err=0.000000  inc=-1.176120  bucket 0->0  (mf=1000)
Dropping frame 1403636997.251667
[MF-SEL] tPrev=(  d=0.082908  dMin=0.000000  dAvg=0.033874  dMax=1.324692  Dlo=0.016937  Dhi=0.679283  err=0.000000  inc=-1.176120  bucket 0->0  (mf=1000)
[MF-SEL] tPrev=(  d=0.037729  dMin=0.000000  dAvg=0.033875  dMax=1.324692  Dlo=0.016938  Dhi=0.679284  err=0.000000  inc=-1.176120  bucket 0->0  (mf=1000)
[MF-SEL] tPrev=(  d=0.035173  dMin=0.000000  dAvg=0.033876  dMax=1.324692  Dlo=0.016938  Dhi=0.679284  err=0.000000  inc=-1.176120  bucket 0->0  (mf=1000)
[MF-SEL] tPrev=(  d=0.034480  dMin=0.000000  dAvg=0.033876  dMax=1.324692  Dlo=0.016938  Dhi=0.679284  err=0.000000  inc=-1.176120  bucket 0->0  (mf=1000)
Dropping frame 1403636997.501667
[MF-SEL] tPrev=(  d=0.056081  dMin=0.000000  dAvg=0.033886  dMax=1.324692  Dlo=0.016943  Dhi=0.679289  err=0.000000  inc=-1.176120  bucket 0->0  (mf=1000)
Dropping frame 1403636997.601666
[MF-SEL] tPrev=(  d=0.056380  dMin=0.000000  dAvg=0.033897  dMax=1.324692  Dlo=0.016948  Dhi=0.679294  err=0.000000  inc=-1.176120  bucket 0->0  (mf=1000)
Dropping frame 1403636997.701667
[MF-SEL] tPrev=(  d=0.052640  dMin=0.000000  dAvg=0.033905  dMax=1.324692  Dlo=0.016953  Dhi=0.679299  err=0.000000  inc=-1.176120  bucket 0->0  (mf=1000)
[MF-SEL] tPrev=(  d=0.018160  dMin=0.000000  dAvg=0.033898  dMax=1.324692  Dlo=0.016949  Dhi=0.679295  err=0.000000  inc=-1.176120  bucket 0->0  (mf=1000)
[MF-SEL] tPrev=(  d=0.026023  dMin=0.000000  dAvg=0.033894  dMax=1.324692  Dlo=0.016947  Dhi=0.679293  err=0.000000  inc=-1.176120  bucket 0->0  (mf=1000)
Dropping frame 1403636997.901667
[MF-SEL] tPrev=(  d=0.053953  dMin=0.000000  dAvg=0.033904  dMax=1.324692  Dlo=0.016952  Dhi=0.679298  err=0.000000  inc=-1.176120  bucket 0->0  (mf=1000)
[MF-SEL] tPrev=(  d=0.033433  dMin=0.000000  dAvg=0.033903  dMax=1.324692  Dlo=0.016952  Dhi=0.679298  err=0.000000  inc=-1.176120  bucket 0->0  (mf=1000)
[MF-SEL] tPrev=(  d=0.028124  dMin=0.000000  dAvg=0.033901  dMax=1.324692  Dlo=0.016950  Dhi=0.679296  err=0.000000  inc=-1.176120  bucket 0->0  (mf=1000)
[MF-SEL] tPrev=(  d=0.029755  dMin=0.000000  dAvg=0.033899  dMax=1.324692  Dlo=0.016949  Dhi=0.679296  err=0.000000  inc=-1.176120  bucket 0->0  (mf=1000)
[MF-SEL] tPrev=(  d=0.028183  dMin=0.000000  dAvg=0.033896  dMax=1.324692  Dlo=0.016948  Dhi=0.679294  err=0.000000  inc=-1.176120  bucket 0->0  (mf=1000)
Dropping frame 1403636998.201667
[MF-SEL] tPrev=(  d=0.051016  dMin=0.000000  dAvg=0.033904  dMax=1.324692  Dlo=0.016952  Dhi=0.679298  err=0.000000  inc=-1.176120  bucket 0->0  (mf=1000)
Dropping frame 1403636998.301666
[MF-SEL] tPrev=(  d=0.030408  dMin=0.000000  dAvg=0.033903  dMax=1.324692  Dlo=0.016951  Dhi=0.679297  err=0.000000  inc=-1.176120  bucket 0->0  (mf=1000)
[MF-SEL] tPrev=(  d=0.020747  dMin=0.000000  dAvg=0.033897  dMax=1.324692  Dlo=0.016948  Dhi=0.679294  err=0.000000  inc=-1.176120  bucket 0->0  (mf=1000)
[MF-SEL] tPrev=(  d=0.019234  dMin=0.000000  dAvg=0.033890  dMax=1.324692  Dlo=0.016945  Dhi=0.679291  err=0.000000  inc=-1.176120  bucket 0->0  (mf=1000)
[MF-SEL] tPrev=(  d=0.021264  dMin=0.000000  dAvg=0.033884  dMax=1.324692  Dlo=0.016942  Dhi=0.679288  err=0.000000  inc=-1.176120  bucket 0->0  (mf=1000)
Dropping frame 1403636998.551666
[MF-SEL] tPrev=(  d=0.043170  dMin=0.000000  dAvg=0.033888  dMax=1.324692  Dlo=0.016944  Dhi=0.679290  err=0.000000  inc=-1.176120  bucket 0->0  (mf=1000)
[MF-SEL] tPrev=(  d=0.024064  dMin=0.000000  dAvg=0.033884  dMax=1.324692  Dlo=0.016942  Dhi=0.679288  err=0.000000  inc=-1.176120  bucket 0->0  (mf=1000)
[MF-SEL] tPrev=(  d=0.025513  dMin=0.000000  dAvg=0.033880  dMax=1.324692  Dlo=0.016940  Dhi=0.679286  err=0.000000  inc=-1.176120  bucket 0->0  (mf=1000)
Dropping frame 1403636998.751667
[MF-SEL] tPrev=(  d=0.049827  dMin=0.000000  dAvg=0.033887  dMax=1.324692  Dlo=0.016944  Dhi=0.679290  err=0.000000  inc=-1.176120  bucket 0->0  (mf=1000)
Dropping frame 1403636998.851666
[MF-SEL] tPrev=(  d=0.039499  dMin=0.000000  dAvg=0.033890  dMax=1.324692  Dlo=0.016945  Dhi=0.679291  err=0.000000  inc=-1.176120  bucket 0->0  (mf=1000)
[MF-SEL] tPrev=(  d=0.020402  dMin=0.000000  dAvg=0.033884  dMax=1.324692  Dlo=0.016942  Dhi=0.679288  err=0.000000  inc=-1.176120  bucket 0->0  (mf=1000)
[MF-SEL] tPrev=(  d=0.020178  dMin=0.000000  dAvg=0.033878  dMax=1.324692  Dlo=0.016939  Dhi=0.679285  err=0.000000  inc=-1.176120  bucket 0->0  (mf=1000)
[MF-SEL] tPrev=(  d=0.020280  dMin=0.000000  dAvg=0.033871  dMax=1.324692  Dlo=0.016936  Dhi=0.679282  err=0.000000  inc=-1.176120  bucket 0->0  (mf=1000)
[MF-SEL] tPrev=(  d=0.020006  dMin=0.000000  dAvg=0.033865  dMax=1.324692  Dlo=0.016933  Dhi=0.679279  err=0.000000  inc=-1.176120  bucket 0->0  (mf=1000)
Dropping frame 1403636999.151666
[MF-SEL] tPrev=(  d=0.045830  dMin=0.000000  dAvg=0.033870  dMax=1.324692  Dlo=0.016935  Dhi=0.679281  err=0.000000  inc=-1.176120  bucket 0->0  (mf=1000)
[MF-SEL] tPrev=(  d=0.022130  dMin=0.000000  dAvg=0.033865  dMax=1.324692  Dlo=0.016933  Dhi=0.679279  err=0.000000  inc=-1.176120  bucket 0->0  (mf=1000)
[MF-SEL] tPrev=(  d=0.022683  dMin=0.000000  dAvg=0.033860  dMax=1.324692  Dlo=0.016930  Dhi=0.679276  err=0.000000  inc=-1.176120  bucket 0->0  (mf=1000)
[MF-SEL] tPrev=(  d=0.019272  dMin=0.000000  dAvg=0.033853  dMax=1.324692  Dlo=0.016927  Dhi=0.679273  err=0.000000  inc=-1.176120  bucket 0->0  (mf=1000)
[MF-SEL] tPrev=(  d=0.021998  dMin=0.000000  dAvg=0.033848  dMax=1.324692  Dlo=0.016924  Dhi=0.679270  err=0.000000  inc=-1.176120  bucket 0->0  (mf=1000)
[MF-SEL] tPrev=(  d=0.043213  dMin=0.000000  dAvg=0.033852  dMax=1.324692  Dlo=0.016926  Dhi=0.679272  err=0.000000  inc=-1.176120  bucket 0->0  (mf=1000)
Dropping frame 1403636999.501667
[MF-SEL] tPrev=(  d=0.047582  dMin=0.000000  dAvg=0.033859  dMax=1.324692  Dlo=0.016929  Dhi=0.679275  err=0.000000  inc=-1.176120  bucket 0->0  (mf=1000)
[MF-SEL] tPrev=(  d=0.023851  dMin=0.000000  dAvg=0.033854  dMax=1.324692  Dlo=0.016927  Dhi=0.679273  err=0.000000  inc=-1.176120  bucket 0->0  (mf=1000)
[MF-SEL] tPrev=(  d=0.023826  dMin=0.000000  dAvg=0.033850  dMax=1.324692  Dlo=0.016925  Dhi=0.679271  err=0.000000  inc=-1.176120  bucket 0->0  (mf=1000)
[MF-SEL] tPrev=(  d=0.022825  dMin=0.000000  dAvg=0.033845  dMax=1.324692  Dlo=0.016922  Dhi=0.679268  err=0.000000  inc=-1.176120  bucket 0->0  (mf=1000)
[MF-SEL] tPrev=(  d=0.023837  dMin=0.000000  dAvg=0.033840  dMax=1.324692  Dlo=0.016920  Dhi=0.679266  err=0.000000  inc=-1.176120  bucket 0->0  (mf=1000)
[MF-SEL] tPrev=(  d=0.023532  dMin=0.000000  dAvg=0.033835  dMax=1.324692  Dlo=0.016918  Dhi=0.679264  err=0.000000  inc=-1.176120  bucket 0->0  (mf=1000)
[MF-SEL] tPrev=(  d=0.023951  dMin=0.000000  dAvg=0.033831  dMax=1.324692  Dlo=0.016915  Dhi=0.679262  err=0.000000  inc=-1.176120  bucket 0->0  (mf=1000)
Dropping frame 1403636999.901667
[MF-SEL] tPrev=(  d=0.051443  dMin=0.000000  dAvg=0.033839  dMax=1.324692  Dlo=0.016919  Dhi=0.679265  err=0.000000  inc=-1.176120  bucket 0->0  (mf=1000)
Dropping frame 1403637000.001667
[MF-SEL] tPrev=(  d=0.054513  dMin=0.000000  dAvg=0.033848  dMax=1.324692  Dlo=0.016924  Dhi=0.679270  err=0.000000  inc=-1.176120  bucket 0->0  (mf=1000)
[MF-SEL] tPrev=(  d=0.028548  dMin=0.000000  dAvg=0.033846  dMax=1.324692  Dlo=0.016923  Dhi=0.679269  err=0.000000  inc=-1.176120  bucket 0->0  (mf=1000)
[MF-SEL] tPrev=(  d=0.029492  dMin=0.000000  dAvg=0.033844  dMax=1.324692  Dlo=0.016922  Dhi=0.679268  err=0.000000  inc=-1.176120  bucket 0->0  (mf=1000)
[MF-SEL] tPrev=(  d=0.030266  dMin=0.000000  dAvg=0.033842  dMax=1.324692  Dlo=0.016921  Dhi=0.679267  err=0.000000  inc=-1.176120  bucket 0->0  (mf=1000)
Dropping frame 1403637000.251667
[MF-SEL] tPrev=(  d=0.040563  dMin=0.000000  dAvg=0.033845  dMax=1.324692  Dlo=0.016923  Dhi=0.679269  err=0.000000  inc=-1.176120  bucket 0->0  (mf=1000)
[MF-SEL] tPrev=(  d=0.031661  dMin=0.000000  dAvg=0.033844  dMax=1.324692  Dlo=0.016922  Dhi=0.679268  err=0.000000  inc=-1.176120  bucket 0->0  (mf=1000)
[MF-SEL] tPrev=(  d=0.031670  dMin=0.000000  dAvg=0.033843  dMax=1.324692  Dlo=0.016922  Dhi=0.679268  err=0.000000  inc=-1.176120  bucket 0->0  (mf=1000)
Dropping frame 1403637000.451666
[MF-SEL] tPrev=(  d=0.062648  dMin=0.000000  dAvg=0.033856  dMax=1.324692  Dlo=0.016928  Dhi=0.679274  err=0.000000  inc=-1.176120  bucket 0->0  (mf=1000)
[MF-SEL] tPrev=(  d=0.031083  dMin=0.000000  dAvg=0.033855  dMax=1.324692  Dlo=0.016927  Dhi=0.679274  err=0.000000  inc=-1.176120  bucket 0->0  (mf=1000)
[MF-SEL] tPrev=(  d=0.032086  dMin=0.000000  dAvg=0.033854  dMax=1.324692  Dlo=0.016927  Dhi=0.679273  err=0.000000  inc=-1.176120  bucket 0->0  (mf=1000)
Dropping frame 1403637000.651666
[MF-SEL] tPrev=(  d=0.052157  dMin=0.000000  dAvg=0.033862  dMax=1.324692  Dlo=0.016931  Dhi=0.679277  err=0.000000  inc=-1.176120  bucket 0->0  (mf=1000)
[MF-SEL] tPrev=(  d=0.034685  dMin=0.000000  dAvg=0.033863  dMax=1.324692  Dlo=0.016931  Dhi=0.679277  err=0.000000  inc=-1.176120  bucket 0->0  (mf=1000)
[MF-SEL] tPrev=(  d=0.035153  dMin=0.000000  dAvg=0.033863  dMax=1.324692  Dlo=0.016932  Dhi=0.679278  err=0.000000  inc=-1.176120  bucket 0->0  (mf=1000)
[MF-SEL] tPrev=(  d=0.035756  dMin=0.000000  dAvg=0.033864  dMax=1.324692  Dlo=0.016932  Dhi=0.679278  err=0.000000  inc=-1.176120  bucket 0->0  (mf=1000)
[MF-SEL] tPrev=(  d=0.034745  dMin=0.000000  dAvg=0.033865  dMax=1.324692  Dlo=0.016932  Dhi=0.679278  err=0.000000  inc=-1.176120  bucket 0->0  (mf=1000)
[MF-SEL] tPrev=(  d=0.037738  dMin=0.000000  dAvg=0.033866  dMax=1.324692  Dlo=0.016933  Dhi=0.679279  err=0.000000  inc=-1.176120  bucket 0->0  (mf=1000)
Dropping frame 1403637001.001667
[MF-SEL] tPrev=(  d=0.071555  dMin=0.000000  dAvg=0.033883  dMax=1.324692  Dlo=0.016942  Dhi=0.679288  err=0.000000  inc=-1.176120  bucket 0->0  (mf=1000)
[MF-SEL] tPrev=(  d=0.036199  dMin=0.000000  dAvg=0.033884  dMax=1.324692  Dlo=0.016942  Dhi=0.679288  err=0.000000  inc=-1.176120  bucket 0->0  (mf=1000)
[MF-SEL] tPrev=(  d=0.036914  dMin=0.000000  dAvg=0.033886  dMax=1.324692  Dlo=0.016943  Dhi=0.679289  err=0.000000  inc=-1.176120  bucket 0->0  (mf=1000)
Dropping frame 1403637001.201667
[MF-SEL] tPrev=(  d=0.073582  dMin=0.000000  dAvg=0.033903  dMax=1.324692  Dlo=0.016952  Dhi=0.679298  err=0.000000  inc=-1.176120  bucket 0->0  (mf=1000)
Dropping frame 1403637001.301666
[MF-SEL] tPrev=(  d=0.073849  dMin=0.000000  dAvg=0.033921  dMax=1.324692  Dlo=0.016961  Dhi=0.679307  err=0.000000  inc=-1.176120  bucket 0->0  (mf=1000)
[MF-SEL] tPrev=(  d=0.039384  dMin=0.000000  dAvg=0.033924  dMax=1.324692  Dlo=0.016962  Dhi=0.679308  err=0.000000  inc=-1.176120  bucket 0->0  (mf=1000)
[MF-SEL] tPrev=(  d=0.040305  dMin=0.000000  dAvg=0.033926  dMax=1.324692  Dlo=0.016963  Dhi=0.679309  err=0.000000  inc=-1.176120  bucket 0->0  (mf=1000)
[MF-SEL] tPrev=(  d=0.039985  dMin=0.000000  dAvg=0.033929  dMax=1.324692  Dlo=0.016965  Dhi=0.679311  err=0.000000  inc=-1.176120  bucket 0->0  (mf=1000)
[MF-SEL] tPrev=(  d=0.039155  dMin=0.000000  dAvg=0.033931  dMax=1.324692  Dlo=0.016966  Dhi=0.679312  err=0.000000  inc=-1.176120  bucket 0->0  (mf=1000)
Dropping frame 1403637001.601666
[MF-SEL] tPrev=(  d=0.081379  dMin=0.000000  dAvg=0.033953  dMax=1.324692  Dlo=0.016976  Dhi=0.679322  err=0.000000  inc=-1.176120  bucket 0->0  (mf=1000)
[MF-SEL] tPrev=(  d=0.042506  dMin=0.000000  dAvg=0.033956  dMax=1.324692  Dlo=0.016978  Dhi=0.679324  err=0.000000  inc=-1.176120  bucket 0->0  (mf=1000)
[MF-SEL] tPrev=(  d=0.040763  dMin=0.000000  dAvg=0.033959  dMax=1.324692  Dlo=0.016980  Dhi=0.679326  err=0.000000  inc=-1.176120  bucket 0->0  (mf=1000)
[MF-SEL] tPrev=(  d=0.039890  dMin=0.000000  dAvg=0.033962  dMax=1.324692  Dlo=0.016981  Dhi=0.679327  err=0.000000  inc=-1.176120  bucket 0->0  (mf=1000)
[MF-SEL] tPrev=(  d=0.039825  dMin=0.000000  dAvg=0.033965  dMax=1.324692  Dlo=0.016982  Dhi=0.679328  err=0.000000  inc=-1.176120  bucket 0->0  (mf=1000)
Dropping frame 1403637001.901667
[MF-SEL] tPrev=(  d=0.077818  dMin=0.000000  dAvg=0.033984  dMax=1.324692  Dlo=0.016992  Dhi=0.679338  err=0.000000  inc=-1.176120  bucket 0->0  (mf=1000)
[MF-SEL] tPrev=(  d=0.038817  dMin=0.000000  dAvg=0.033986  dMax=1.324692  Dlo=0.016993  Dhi=0.679339  err=0.000000  inc=-1.176120  bucket 0->0  (mf=1000)
[MF-SEL] tPrev=(  d=0.038097  dMin=0.000000  dAvg=0.033988  dMax=1.324692  Dlo=0.016994  Dhi=0.679340  err=0.000000  inc=-1.176120  bucket 0->0  (mf=1000)
[MF-SEL] tPrev=(  d=0.043917  dMin=0.000000  dAvg=0.033992  dMax=1.324692  Dlo=0.016996  Dhi=0.679342  err=0.000000  inc=-1.176120  bucket 0->0  (mf=1000)
[MF-SEL] tPrev=(  d=0.037742  dMin=0.000000  dAvg=0.033994  dMax=1.324692  Dlo=0.016997  Dhi=0.679343  err=0.000000  inc=-1.176120  bucket 0->0  (mf=1000)
[MF-SEL] tPrev=(  d=0.037301  dMin=0.000000  dAvg=0.033996  dMax=1.324692  Dlo=0.016998  Dhi=0.679344  err=0.000000  inc=-1.176120  bucket 0->0  (mf=1000)
[MF-SEL] tPrev=(  d=0.037301  dMin=0.000000  dAvg=0.033997  dMax=1.324692  Dlo=0.016999  Dhi=0.679345  err=0.000000  inc=-1.176120  bucket 0->0  (mf=1000)
Dropping frame 1403637002.301666
[MF-SEL] tPrev=(  d=0.070949  dMin=0.000000  dAvg=0.034013  dMax=1.324692  Dlo=0.017007  Dhi=0.679353  err=0.000000  inc=-1.176120  bucket 0->0  (mf=1000)
[MF-SEL] tPrev=(  d=0.034211  dMin=0.000000  dAvg=0.034013  dMax=1.324692  Dlo=0.017007  Dhi=0.679353  err=0.000000  inc=-1.176120  bucket 0->0  (mf=1000)
[MF-SEL] tPrev=(  d=0.034182  dMin=0.000000  dAvg=0.034014  dMax=1.324692  Dlo=0.017007  Dhi=0.679353  err=0.000000  inc=-1.176120  bucket 0->0  (mf=1000)
[MF-SEL] tPrev=(  d=0.033196  dMin=0.000000  dAvg=0.034013  dMax=1.324692  Dlo=0.017007  Dhi=0.679353  err=0.000000  inc=-1.176120  bucket 0->0  (mf=1000)
[MF-SEL] tPrev=(  d=0.032947  dMin=0.000000  dAvg=0.034013  dMax=1.324692  Dlo=0.017006  Dhi=0.679352  err=0.000000  inc=-1.176120  bucket 0->0  (mf=1000)
Dropping frame 1403637002.601666
[MF-SEL] tPrev=(  d=0.068357  dMin=0.000000  dAvg=0.034028  dMax=1.324692  Dlo=0.017014  Dhi=0.679360  err=0.000000  inc=-1.176120  bucket 0->0  (mf=1000)
[MF-SEL] tPrev=(  d=0.035698  dMin=0.000000  dAvg=0.034029  dMax=1.324692  Dlo=0.017014  Dhi=0.679360  err=0.000000  inc=-1.176120  bucket 0->0  (mf=1000)
[MF-SEL] tPrev=(  d=0.035076  dMin=0.000000  dAvg=0.034029  dMax=1.324692  Dlo=0.017015  Dhi=0.679361  err=0.000000  inc=-1.176120  bucket 0->0  (mf=1000)
Dropping frame 1403637002.801666
[MF-SEL] tPrev=(  d=0.069011  dMin=0.000000  dAvg=0.034045  dMax=1.324692  Dlo=0.017022  Dhi=0.679368  err=0.000000  inc=-1.176120  bucket 0->0  (mf=1000)
Dropping frame 1403637002.901667
[MF-SEL] tPrev=(  d=0.066522  dMin=0.000000  dAvg=0.034059  dMax=1.324692  Dlo=0.017029  Dhi=0.679376  err=0.000000  inc=-1.176120  bucket 0->0  (mf=1000)
[MF-SEL] tPrev=(  d=0.034130  dMin=0.000000  dAvg=0.034059  dMax=1.324692  Dlo=0.017029  Dhi=0.679376  err=0.000000  inc=-1.176120  bucket 0->0  (mf=1000)
[MF-SEL] tPrev=(  d=0.033313  dMin=0.000000  dAvg=0.034059  dMax=1.324692  Dlo=0.017029  Dhi=0.679375  err=0.000000  inc=-1.176120  bucket 0->0  (mf=1000)
[MF-SEL] tPrev=(  d=0.052230  dMin=0.000000  dAvg=0.034067  dMax=1.324692  Dlo=0.017033  Dhi=0.679379  err=0.000000  inc=-1.176120  bucket 0->0  (mf=1000)
Dropping frame 1403637003.151666
[MF-SEL] tPrev=(  d=0.060548  dMin=0.000000  dAvg=0.034078  dMax=1.324692  Dlo=0.017039  Dhi=0.679385  err=0.000000  inc=-1.176120  bucket 0->0  (mf=1000)
[MF-SEL] tPrev=(  d=0.032158  dMin=0.000000  dAvg=0.034077  dMax=1.324692  Dlo=0.017039  Dhi=0.679385  err=0.000000  inc=-1.176120  bucket 0->0  (mf=1000)
[MF-SEL] tPrev=(  d=0.032573  dMin=0.000000  dAvg=0.034077  dMax=1.324692  Dlo=0.017038  Dhi=0.679384  err=0.000000  inc=-1.176120  bucket 0->0  (mf=1000)
Dropping frame 1403637003.351666
[MF-SEL] tPrev=(  d=0.066611  dMin=0.000000  dAvg=0.034091  dMax=1.324692  Dlo=0.017046  Dhi=0.679392  err=0.000000  inc=-1.176120  bucket 0->0  (mf=1000)
Dropping frame 1403637003.451666
[MF-SEL] tPrev=(  d=0.068733  dMin=0.000000  dAvg=0.034106  dMax=1.324692  Dlo=0.017053  Dhi=0.679399  err=0.000000  inc=-1.176120  bucket 0->0  (mf=1000)
[MF-SEL] tPrev=(  d=0.032803  dMin=0.000000  dAvg=0.034106  dMax=1.324692  Dlo=0.017053  Dhi=0.679399  err=0.000000  inc=-1.176120  bucket 0->0  (mf=1000)
[MF-SEL] tPrev=(  d=0.032891  dMin=0.000000  dAvg=0.034105  dMax=1.324692  Dlo=0.017053  Dhi=0.679399  err=0.000000  inc=-1.176120  bucket 0->0  (mf=1000)
[MF-SEL] tPrev=(  d=0.032769  dMin=0.000000  dAvg=0.034105  dMax=1.324692  Dlo=0.017052  Dhi=0.679398  err=0.000000  inc=-1.176120  bucket 0->0  (mf=1000)
Dropping frame 1403637003.701667
[MF-SEL] tPrev=(  d=0.082824  dMin=0.000000  dAvg=0.034126  dMax=1.324692  Dlo=0.017063  Dhi=0.679409  err=0.000000  inc=-1.176120  bucket 0->0  (mf=1000)
[MF-SEL] tPrev=(  d=0.033041  dMin=0.000000  dAvg=0.034125  dMax=1.324692  Dlo=0.017063  Dhi=0.679409  err=0.000000  inc=-1.176120  bucket 0->0  (mf=1000)
[MF-SEL] tPrev=(  d=0.032474  dMin=0.000000  dAvg=0.034125  dMax=1.324692  Dlo=0.017062  Dhi=0.679408  err=0.000000  inc=-1.176120  bucket 0->0  (mf=1000)
Dropping frame 1403637003.901667
[MF-SEL] tPrev=(  d=0.063300  dMin=0.000000  dAvg=0.034138  dMax=1.324692  Dlo=0.017069  Dhi=0.679415  err=0.000000  inc=-1.176120  bucket 0->0  (mf=1000)
Dropping frame 1403637004.001667
[MF-SEL] tPrev=(  d=0.076660  dMin=0.000000  dAvg=0.034156  dMax=1.324692  Dlo=0.017078  Dhi=0.679424  err=0.000000  inc=-1.176120  bucket 0->0  (mf=1000)
[MF-SEL] tPrev=(  d=0.032700  dMin=0.000000  dAvg=0.034156  dMax=1.324692  Dlo=0.017078  Dhi=0.679424  err=0.000000  inc=-1.176120  bucket 0->0  (mf=1000)
[MF-SEL] tPrev=(  d=0.032695  dMin=0.000000  dAvg=0.034155  dMax=1.324692  Dlo=0.017077  Dhi=0.679424  err=0.000000  inc=-1.176120  bucket 0->0  (mf=1000)
[MF-SEL] tPrev=(  d=0.031965  dMin=0.000000  dAvg=0.034154  dMax=1.324692  Dlo=0.017077  Dhi=0.679423  err=0.000000  inc=-1.176120  bucket 0->0  (mf=1000)
[MF-SEL] tPrev=(  d=0.030945  dMin=0.000000  dAvg=0.034153  dMax=1.324692  Dlo=0.017076  Dhi=0.679422  err=0.000000  inc=-1.176120  bucket 0->0  (mf=1000)
Dropping frame 1403637004.301666
[MF-SEL] tPrev=(  d=0.071864  dMin=0.000000  dAvg=0.034169  dMax=1.324692  Dlo=0.017085  Dhi=0.679431  err=0.000000  inc=-1.176120  bucket 0->0  (mf=1000)
[MF-SEL] tPrev=(  d=0.028713  dMin=0.000000  dAvg=0.034167  dMax=1.324692  Dlo=0.017083  Dhi=0.679429  err=0.000000  inc=-1.176120  bucket 0->0  (mf=1000)
[MF-SEL] tPrev=(  d=0.027820  dMin=0.000000  dAvg=0.034164  dMax=1.324692  Dlo=0.017082  Dhi=0.679428  err=0.000000  inc=-1.176120  bucket 0->0  (mf=1000)
Dropping frame 1403637004.501667
[MF-SEL] tPrev=(  d=0.056642  dMin=0.000000  dAvg=0.034174  dMax=1.324692  Dlo=0.017087  Dhi=0.679433  err=0.000000  inc=-1.176120  bucket 0->0  (mf=1000)
[MF-SEL] tPrev=(  d=0.019339  dMin=0.000000  dAvg=0.034167  dMax=1.324692  Dlo=0.017084  Dhi=0.679430  err=0.000000  inc=-1.176120  bucket 0->0  (mf=1000)
[MF-SEL] tPrev=(  d=0.031357  dMin=0.000000  dAvg=0.034166  dMax=1.324692  Dlo=0.017083  Dhi=0.679429  err=0.000000  inc=-1.176120  bucket 0->0  (mf=1000)
[MF-SEL] tPrev=(  d=0.030523  dMin=0.000000  dAvg=0.034164  dMax=1.324692  Dlo=0.017082  Dhi=0.679428  err=0.000000  inc=-1.176120  bucket 0->0  (mf=1000)
Dropping frame 1403637004.751667
[MF-SEL] tPrev=(  d=0.050520  dMin=0.000000  dAvg=0.034172  dMax=1.324692  Dlo=0.017086  Dhi=0.679432  err=0.000000  inc=-1.176120  bucket 0->0  (mf=1000)
[MF-SEL] tPrev=(  d=0.024586  dMin=0.000000  dAvg=0.034167  dMax=1.324692  Dlo=0.017084  Dhi=0.679430  err=0.000000  inc=-1.176120  bucket 0->0  (mf=1000)
[MF-SEL] tPrev=(  d=0.023906  dMin=0.000000  dAvg=0.034163  dMax=1.324692  Dlo=0.017081  Dhi=0.679427  err=0.000000  inc=-1.176120  bucket 0->0  (mf=1000)
[MF-SEL] tPrev=(  d=0.023456  dMin=0.000000  dAvg=0.034158  dMax=1.324692  Dlo=0.017079  Dhi=0.679425  err=0.000000  inc=-1.176120  bucket 0->0  (mf=1000)
[MF-SEL] tPrev=(  d=0.023568  dMin=0.000000  dAvg=0.034154  dMax=1.324692  Dlo=0.017077  Dhi=0.679423  err=0.000000  inc=-1.176120  bucket 0->0  (mf=1000)
[MF-SEL] tPrev=(  d=0.019247  dMin=0.000000  dAvg=0.034147  dMax=1.324692  Dlo=0.017074  Dhi=0.679420  err=0.000000  inc=-1.176120  bucket 0->0  (mf=1000)
[MF-SEL] tPrev=(  d=0.021253  dMin=0.000000  dAvg=0.034142  dMax=1.324692  Dlo=0.017071  Dhi=0.679417  err=0.000000  inc=-1.176120  bucket 0->0  (mf=1000)
Dropping frame 1403637005.151666
[MF-SEL] tPrev=(  d=0.042145  dMin=0.000000  dAvg=0.034145  dMax=1.324692  Dlo=0.017072  Dhi=0.679419  err=0.000000  inc=-1.176120  bucket 0->0  (mf=1000)
[MF-SEL] tPrev=(  d=0.023407  dMin=0.000000  dAvg=0.034140  dMax=1.324692  Dlo=0.017070  Dhi=0.679416  err=0.000000  inc=-1.176120  bucket 0->0  (mf=1000)
[MF-SEL] tPrev=(  d=0.028785  dMin=0.000000  dAvg=0.034138  dMax=1.324692  Dlo=0.017069  Dhi=0.679415  err=0.000000  inc=-1.176120  bucket 0->0  (mf=1000)
[MF-SEL] tPrev=(  d=0.023365  dMin=0.000000  dAvg=0.034133  dMax=1.324692  Dlo=0.017067  Dhi=0.679413  err=0.000000  inc=-1.176120  bucket 0->0  (mf=1000)
Dropping frame 1403637005.401667
[MF-SEL] tPrev=(  d=0.043628  dMin=0.000000  dAvg=0.034137  dMax=1.324692  Dlo=0.017069  Dhi=0.679415  err=0.000000  inc=-1.176120  bucket 0->0  (mf=1000)
[MF-SEL] tPrev=(  d=0.021133  dMin=0.000000  dAvg=0.034132  dMax=1.324692  Dlo=0.017066  Dhi=0.679412  err=0.000000  inc=-1.176120  bucket 0->0  (mf=1000)
[MF-SEL] tPrev=(  d=0.018006  dMin=0.000000  dAvg=0.034125  dMax=1.324692  Dlo=0.017062  Dhi=0.679408  err=0.000000  inc=-1.176120  bucket 0->0  (mf=1000)
Dropping frame 1403637005.601666
[MF-SEL] tPrev=(  d=0.035657  dMin=0.000000  dAvg=0.034125  dMax=1.324692  Dlo=0.017063  Dhi=0.679409  err=0.000000  inc=-1.176120  bucket 0->0  (mf=1000)
[MF-SEL] tPrev=(  d=0.016668  dMin=0.000000  dAvg=0.034118  dMax=1.324692  Dlo=0.017059  Dhi=0.679405  err=-1.000000  inc=-2.093739  bucket 0->0  (mf=1000)
[MF-SEL] tPrev=(  d=0.016544  dMin=0.000000  dAvg=0.034110  dMax=1.324692  Dlo=0.017055  Dhi=0.679401  err=-1.000000  inc=-1.781250  bucket 0->0  (mf=1000)
[MF-SEL] tPrev=(  d=0.015824  dMin=0.000000  dAvg=0.034102  dMax=1.324692  Dlo=0.017051  Dhi=0.679397  err=-1.000000  inc=-1.783545  bucket 0->0  (mf=1000)
[MF-SEL] tPrev=(  d=0.014883  dMin=0.000000  dAvg=0.034094  dMax=1.324692  Dlo=0.017047  Dhi=0.679393  err=-1.000000  inc=-1.785837  bucket 0->0  (mf=1000)
Dropping frame 1403637005.901667
[MF-SEL] tPrev=(  d=0.022605  dMin=0.000000  dAvg=0.034089  dMax=1.324692  Dlo=0.017045  Dhi=0.679391  err=0.000000  inc=-1.011623  bucket 0->0  (mf=1000)
[MF-SEL] tPrev=(  d=0.014310  dMin=0.000000  dAvg=0.034081  dMax=1.324692  Dlo=0.017040  Dhi=0.679386  err=-1.000000  inc=-2.150386  bucket 0->0  (mf=1000)
[MF-SEL] tPrev=(  d=0.015079  dMin=0.000000  dAvg=0.034072  dMax=1.324692  Dlo=0.017036  Dhi=0.679382  err=-1.000000  inc=-1.790666  bucket 0->0  (mf=1000)
[MF-SEL] tPrev=(  d=0.015640  dMin=0.000000  dAvg=0.034064  dMax=1.324692  Dlo=0.017032  Dhi=0.679378  err=-1.000000  inc=-1.793090  bucket 0->0  (mf=1000)
[MF-SEL] tPrev=(  d=0.013309  dMin=0.000000  dAvg=0.034055  dMax=1.324692  Dlo=0.017028  Dhi=0.679374  err=-1.000000  inc=-1.795437  bucket 0->0  (mf=1000)
Dropping frame 1403637006.201667
[MF-SEL] tPrev=(  d=0.027687  dMin=0.000000  dAvg=0.034053  dMax=1.324692  Dlo=0.017026  Dhi=0.679372  err=0.000000  inc=-1.035670  bucket 0->0  (mf=1000)
[MF-SEL] tPrev=(  d=0.013437  dMin=0.000000  dAvg=0.034044  dMax=1.324692  Dlo=0.017022  Dhi=0.679368  err=-1.000000  inc=-2.106504  bucket 0->0  (mf=1000)
[MF-SEL] tPrev=(  d=0.011393  dMin=0.000000  dAvg=0.034034  dMax=1.324692  Dlo=0.017017  Dhi=0.679363  err=-1.000000  inc=-1.800363  bucket 0->0  (mf=1000)
Dropping frame 1403637006.401667
[MF-SEL] tPrev=(  d=0.020341  dMin=0.000000  dAvg=0.034028  dMax=1.324692  Dlo=0.017014  Dhi=0.679360  err=0.000000  inc=-1.040458  bucket 0->0  (mf=1000)
Dropping frame 1403637006.501667
[MF-SEL] tPrev=(  d=0.015227  dMin=0.000000  dAvg=0.034020  dMax=1.324692  Dlo=0.017010  Dhi=0.679356  err=-1.000000  inc=-1.972038  bucket 0->0  (mf=1000)
[MF-SEL] tPrev=(  d=0.004447  dMin=0.000000  dAvg=0.034007  dMax=1.324692  Dlo=0.017004  Dhi=0.679350  err=-1.000000  inc=-1.807999  bucket 0->0  (mf=1000)
[MF-SEL] tPrev=(  d=0.003610  dMin=0.000000  dAvg=0.033994  dMax=1.324692  Dlo=0.016997  Dhi=0.679343  err=-1.000000  inc=-1.810541  bucket 0->0  (mf=1000)
[MF-SEL] tPrev=(  d=0.003579  dMin=0.000000  dAvg=0.033981  dMax=1.324692  Dlo=0.016991  Dhi=0.679337  err=-1.000000  inc=-1.812916  bucket 0->0  (mf=1000)
Dropping frame 1403637006.751667
[MF-SEL] tPrev=(  d=0.024018  dMin=0.000000  dAvg=0.033977  dMax=1.324692  Dlo=0.016988  Dhi=0.679335  err=0.000000  inc=-1.036162  bucket 0->0  (mf=1000)
[MF-SEL] tPrev=(  d=0.008632  dMin=0.000000  dAvg=0.033966  dMax=1.324692  Dlo=0.016983  Dhi=0.679329  err=-1.000000  inc=-2.116615  bucket 0->0  (mf=1000)
[MF-SEL] tPrev=(  d=0.006037  dMin=0.000000  dAvg=0.033954  dMax=1.324692  Dlo=0.016977  Dhi=0.679323  err=-1.000000  inc=-1.817888  bucket 0->0  (mf=1000)
Dropping frame 1403637006.951666
[MF-SEL] tPrev=(  d=0.012670  dMin=0.000000  dAvg=0.033945  dMax=1.324692  Dlo=0.016972  Dhi=0.679319  err=-1.000000  inc=-1.822606  bucket 0->0  (mf=1000)
Dropping frame 1403637007.051666
[MF-SEL] tPrev=(  d=0.015163  dMin=0.000000  dAvg=0.033937  dMax=1.324692  Dlo=0.016968  Dhi=0.679315  err=-1.000000  inc=-1.827374  bucket 0->0  (mf=1000)
[MF-SEL] tPrev=(  d=0.008420  dMin=0.000000  dAvg=0.033926  dMax=1.324692  Dlo=0.016963  Dhi=0.679309  err=-1.000000  inc=-1.829935  bucket 0->0  (mf=1000)
[MF-SEL] tPrev=(  d=0.005283  dMin=0.000000  dAvg=0.033914  dMax=1.324692  Dlo=0.016957  Dhi=0.679303  err=-1.000000  inc=-1.832318  bucket 0->0  (mf=1000)
Dropping frame 1403637007.251667
[MF-SEL] tPrev=(  d=0.013846  dMin=0.000000  dAvg=0.033905  dMax=1.324692  Dlo=0.016953  Dhi=0.679299  err=-1.000000  inc=-1.837151  bucket 0->0  (mf=1000)
[MF-SEL] tPrev=(  d=0.005063  dMin=0.000000  dAvg=0.033893  dMax=1.324692  Dlo=0.016946  Dhi=0.679292  err=-1.000000  inc=-1.839839  bucket 0->0  (mf=1000)
Dropping frame 1403637007.401667
[MF-SEL] tPrev=(  d=0.012475  dMin=0.000000  dAvg=0.033884  dMax=1.324692  Dlo=0.016942  Dhi=0.679288  err=-1.000000  inc=-1.844980  bucket 0->0  (mf=1000)
[MF-SEL] tPrev=(  d=0.007432  dMin=0.000000  dAvg=0.033872  dMax=1.324692  Dlo=0.016936  Dhi=0.679282  err=-1.000000  inc=-1.847523  bucket 0->0  (mf=1000)
[MF-SEL] tPrev=(  d=0.008267  dMin=0.000000  dAvg=0.033861  dMax=1.324692  Dlo=0.016931  Dhi=0.679277  err=-1.000000  inc=-1.850063  bucket 0->0  (mf=1000)
[MF-SEL] tPrev=(  d=0.008989  dMin=0.000000  dAvg=0.033851  dMax=1.324692  Dlo=0.016925  Dhi=0.679271  err=-1.000000  inc=-1.852475  bucket 0->0  (mf=1000)
[MF-SEL] tPrev=(  d=0.009720  dMin=0.000000  dAvg=0.033840  dMax=1.324692  Dlo=0.016920  Dhi=0.679266  err=-1.000000  inc=-1.854913  bucket 0->0  (mf=1000)
Dropping frame 1403637007.701667
[MF-SEL] tPrev=(  d=0.019686  dMin=0.000000  dAvg=0.033834  dMax=1.324692  Dlo=0.016917  Dhi=0.679263  err=0.000000  inc=-1.091684  bucket 0->0  (mf=1000)
Dropping frame 1403637007.801666
[MF-SEL] tPrev=(  d=0.016546  dMin=0.000000  dAvg=0.033827  dMax=1.324692  Dlo=0.016913  Dhi=0.679260  err=-1.000000  inc=-2.024129  bucket 0->0  (mf=1000)
Dropping frame 1403637007.901667
[MF-SEL] tPrev=(  d=0.013411  dMin=0.000000  dAvg=0.033818  dMax=1.324692  Dlo=0.016909  Dhi=0.679255  err=-1.000000  inc=-1.864747  bucket 0->0  (mf=1000)
[MF-SEL] tPrev=(  d=0.006477  dMin=0.000000  dAvg=0.033807  dMax=1.324692  Dlo=0.016903  Dhi=0.679249  err=-1.000000  inc=-1.867236  bucket 0->0  (mf=1000)
[MF-SEL] tPrev=(  d=0.021248  dMin=0.000000  dAvg=0.033801  dMax=1.324692  Dlo=0.016901  Dhi=0.679247  err=0.000000  inc=-0.911058  bucket 0->0  (mf=1000)
[MF-SEL] tPrev=(  d=0.007388  dMin=0.000000  dAvg=0.033790  dMax=1.324692  Dlo=0.016895  Dhi=0.679241  err=-1.000000  inc=-2.220375  bucket 0->0  (mf=1000)
[MF-SEL] tPrev=(  d=0.007779  dMin=0.000000  dAvg=0.033779  dMax=1.324692  Dlo=0.016889  Dhi=0.679235  err=-1.000000  inc=-1.871833  bucket 0->0  (mf=1000)
[MF-SEL] tPrev=(  d=0.007253  dMin=0.000000  dAvg=0.033768  dMax=1.324692  Dlo=0.016884  Dhi=0.679230  err=-1.000000  inc=-1.874311  bucket 0->0  (mf=1000)
Dropping frame 1403637008.251667
[MF-SEL] tPrev=(  d=0.012334  dMin=0.000000  dAvg=0.033758  dMax=1.324692  Dlo=0.016879  Dhi=0.679225  err=-1.000000  inc=-1.879058  bucket 0->0  (mf=1000)
[MF-SEL] tPrev=(  d=0.004817  dMin=0.000000  dAvg=0.033746  dMax=1.324692  Dlo=0.016873  Dhi=0.679219  err=-1.000000  inc=-1.881629  bucket 0->0  (mf=1000)
[MF-SEL] tPrev=(  d=0.005145  dMin=0.000000  dAvg=0.033734  dMax=1.324692  Dlo=0.016867  Dhi=0.679213  err=-1.000000  inc=-1.883820  bucket 0->0  (mf=1000)
Dropping frame 1403637008.451666
[MF-SEL] tPrev=(  d=0.025551  dMin=0.000000  dAvg=0.033730  dMax=1.324692  Dlo=0.016865  Dhi=0.679211  err=0.000000  inc=-1.122706  bucket 0->0  (mf=1000)
[MF-SEL] tPrev=(  d=0.011248  dMin=0.000000  dAvg=0.033721  dMax=1.324692  Dlo=0.016860  Dhi=0.679207  err=-1.000000  inc=-2.200862  bucket 0->0  (mf=1000)
[MF-SEL] tPrev=(  d=0.007303  dMin=0.000000  dAvg=0.033710  dMax=1.324692  Dlo=0.016855  Dhi=0.679201  err=-1.000000  inc=-1.888856  bucket 0->0  (mf=1000)
[MF-SEL] tPrev=(  d=0.006794  dMin=0.000000  dAvg=0.033698  dMax=1.324692  Dlo=0.016849  Dhi=0.679195  err=-1.000000  inc=-1.891124  bucket 0->0  (mf=1000)
[MF-SEL] tPrev=(  d=0.005795  dMin=0.000000  dAvg=0.033686  dMax=1.324692  Dlo=0.016843  Dhi=0.679189  err=-1.000000  inc=-1.893503  bucket 0->0  (mf=1000)
Dropping frame 1403637008.751667
[MF-SEL] tPrev=(  d=0.016832  dMin=0.000000  dAvg=0.033679  dMax=1.324692  Dlo=0.016840  Dhi=0.679186  err=-1.000000  inc=-1.898405  bucket 0->0  (mf=1000)
[MF-SEL] tPrev=(  d=0.004046  dMin=0.000000  dAvg=0.033667  dMax=1.324692  Dlo=0.016833  Dhi=0.679179  err=-1.000000  inc=-1.900810  bucket 0->0  (mf=1000)
[MF-SEL] tPrev=(  d=0.005099  dMin=0.000000  dAvg=0.033655  dMax=1.324692  Dlo=0.016827  Dhi=0.679173  err=-1.000000  inc=-1.903159  bucket 0->0  (mf=1000)
[MF-SEL] tPrev=(  d=0.005475  dMin=0.000000  dAvg=0.033643  dMax=1.324692  Dlo=0.016821  Dhi=0.679167  err=-1.000000  inc=-1.905576  bucket 0->0  (mf=1000)
[MF-SEL] tPrev=(  d=0.006998  dMin=0.000000  dAvg=0.033631  dMax=1.324692  Dlo=0.016816  Dhi=0.679162  err=-1.000000  inc=-1.907985  bucket 0->0  (mf=1000)
Dropping frame 1403637009.051666
[MF-SEL] tPrev=(  d=0.009754  dMin=0.000000  dAvg=0.033621  dMax=1.324692  Dlo=0.016811  Dhi=0.679157  err=-1.000000  inc=-1.912835  bucket 0->0  (mf=1000)
[MF-SEL] tPrev=(  d=0.009739  dMin=0.000000  dAvg=0.033611  dMax=1.324692  Dlo=0.016806  Dhi=0.679152  err=-1.000000  inc=-1.915275  bucket 0->0  (mf=1000)
[MF-SEL] tPrev=(  d=0.011595  dMin=0.000000  dAvg=0.033602  dMax=1.324692  Dlo=0.016801  Dhi=0.679147  err=-1.000000  inc=-1.917739  bucket 0->0  (mf=1000)
[MF-SEL] tPrev=(  d=0.014591  dMin=0.000000  dAvg=0.033594  dMax=1.324692  Dlo=0.016797  Dhi=0.679143  err=-1.000000  inc=-1.919811  bucket 0->0  (mf=1000)
Dropping frame 1403637009.301666
[MF-SEL] tPrev=(  d=0.032124  dMin=0.000000  dAvg=0.033593  dMax=1.324692  Dlo=0.016797  Dhi=0.679143  err=0.000000  inc=-1.161404  bucket 0->0  (mf=1000)
[MF-SEL] tPrev=(  d=0.004532  dMin=0.000000  dAvg=0.033581  dMax=1.324692  Dlo=0.016790  Dhi=0.679136  err=-1.000000  inc=-2.269191  bucket 0->0  (mf=1000)
[MF-SEL] tPrev=(  d=0.011340  dMin=0.000000  dAvg=0.033571  dMax=1.324692  Dlo=0.016786  Dhi=0.679132  err=-1.000000  inc=-1.924473  bucket 0->0  (mf=1000)
[MF-SEL] tPrev=(  d=0.004558  dMin=0.000000  dAvg=0.033559  dMax=1.324692  Dlo=0.016780  Dhi=0.679126  err=-1.000000  inc=-1.927092  bucket 0->0  (mf=1000)
[MF-SEL] tPrev=(  d=0.002636  dMin=0.000000  dAvg=0.033546  dMax=1.324692  Dlo=0.016773  Dhi=0.679119  err=-1.000000  inc=-1.929275  bucket 0->0  (mf=1000)
Dropping frame 1403637009.601666
[MF-SEL] tPrev=(  d=0.055246  dMin=0.000000  dAvg=0.033555  dMax=1.324692  Dlo=0.016778  Dhi=0.679124  err=0.000000  inc=-1.157516  bucket 0->0  (mf=1000)
[MF-SEL] tPrev=(  d=0.054683  dMin=0.000000  dAvg=0.033564  dMax=1.324692  Dlo=0.016782  Dhi=0.679128  err=0.000000  inc=-1.329275  bucket 0->0  (mf=1000)
[MF-SEL] tPrev=(  d=0.042767  dMin=0.000000  dAvg=0.033568  dMax=1.324692  Dlo=0.016784  Dhi=0.679130  err=0.000000  inc=-1.329275  bucket 0->0  (mf=1000)
[MF-SEL] tPrev=(  d=0.034942  dMin=0.000000  dAvg=0.033569  dMax=1.324692  Dlo=0.016784  Dhi=0.679130  err=0.000000  inc=-1.329275  bucket 0->0  (mf=1000)
[MF-SEL] tPrev=(  d=0.041258  dMin=0.000000  dAvg=0.033572  dMax=1.324692  Dlo=0.016786  Dhi=0.679132  err=0.000000  inc=-1.329275  bucket 0->0  (mf=1000)
[MF-SEL] tPrev=(  d=0.041122  dMin=0.000000  dAvg=0.033575  dMax=1.324692  Dlo=0.016788  Dhi=0.679134  err=0.000000  inc=-1.329275  bucket 0->0  (mf=1000)
[MF-SEL] tPrev=(  d=0.040714  dMin=0.000000  dAvg=0.033578  dMax=1.324692  Dlo=0.016789  Dhi=0.679135  err=0.000000  inc=-1.329275  bucket 0->0  (mf=1000)
[MF-SEL] tPrev=(  d=0.035540  dMin=0.000000  dAvg=0.033579  dMax=1.324692  Dlo=0.016789  Dhi=0.679136  err=0.000000  inc=-1.329275  bucket 0->0  (mf=1000)
[MF-SEL] tPrev=(  d=0.040095  dMin=0.000000  dAvg=0.033582  dMax=1.324692  Dlo=0.016791  Dhi=0.679137  err=0.000000  inc=-1.329275  bucket 0->0  (mf=1000)
[MF-SEL] tPrev=(  d=0.029719  dMin=0.000000  dAvg=0.033580  dMax=1.324692  Dlo=0.016790  Dhi=0.679136  err=0.000000  inc=-1.329275  bucket 0->0  (mf=1000)
[MF-SEL] tPrev=(  d=0.039391  dMin=0.000000  dAvg=0.033582  dMax=1.324692  Dlo=0.016791  Dhi=0.679137  err=0.000000  inc=-1.329275  bucket 0->0  (mf=1000)
Dropping frame 1403637010.201667
[MF-SEL] tPrev=(  d=0.066387  dMin=0.000000  dAvg=0.033596  dMax=1.324692  Dlo=0.016798  Dhi=0.679144  err=0.000000  inc=-1.329275  bucket 0->0  (mf=1000)
Dropping frame 1403637010.301666
[MF-SEL] tPrev=(  d=0.069604  dMin=0.000000  dAvg=0.033611  dMax=1.324692  Dlo=0.016806  Dhi=0.679152  err=0.000000  inc=-1.329275  bucket 0->0  (mf=1000)
[MF-SEL] tPrev=(  d=0.036130  dMin=0.000000  dAvg=0.033612  dMax=1.324692  Dlo=0.016806  Dhi=0.679152  err=0.000000  inc=-1.329275  bucket 0->0  (mf=1000)
[MF-SEL] tPrev=(  d=0.033298  dMin=0.000000  dAvg=0.033612  dMax=1.324692  Dlo=0.016806  Dhi=0.679152  err=0.000000  inc=-1.329275  bucket 0->0  (mf=1000)
Dropping frame 1403637010.501667
[MF-SEL] tPrev=(  d=0.057173  dMin=0.000000  dAvg=0.033622  dMax=1.324692  Dlo=0.016811  Dhi=0.679157  err=0.000000  inc=-1.329275  bucket 0->0  (mf=1000)
Dropping frame 1403637010.601666
Shutdown
SLAM Finished at System Time: 1748962885.457951068878174

 TIME STATS in ms (mean$\pm$std)
OpenCV version: 4.8.1
---------------------------
Tracking

ORB Extraction: 21.97812$\pm$2.09207
Stereo Matching: 6.19938$\pm$1.91202
IMU Preintegration: 0.22341$\pm$0.07708
Pose Prediction: 0.24262$\pm$0.69706
LM Track: 17.50022$\pm$4.71511
New KF decision: 0.29654$\pm$0.31899
Total Tracking: 33.07573$\pm$24.99406



Local Mapping

KF Insertion: 14.29454$\pm$4.83517
MP Culling: 0.45094$\pm$0.19804
MP Creation: 39.25469$\pm$14.13288
LBA: 122.59694$\pm$49.24832
KF Culling: 11.90636$\pm$9.24329
Total Local Mapping: 188.21280$\pm$71.87214
---------------------------

LBA complexity (mean$\pm$std)
LBA Edges: 1255.87500$\pm$687.10142
LBA KF optimized: 6.50000$\pm$2.29129
LBA KF fixed: 1.00000$\pm$0.00000
LBA MP: nan$\pm$nan

LBA executions: 503
LBA aborts: 0
---------------------------

Map complexity
KFs in map: 114
MPs in map: 7112
---------------------------

Place Recognition (mean$\pm$std)
Database Query: 1.26858$\pm$0.61378
SE3 estimation: 8.34077$\pm$10.79881
Total Place Recognition: 6.59684$\pm$10.14809


Loop Closing (mean$\pm$std)
Loop Fusion: nan$\pm$nan
Essential Graph: nan$\pm$nan
Total Loop Closing: nan$\pm$nan

Num exec: 0
Number of KFs: nan$\pm$nan

Map Merging (mean$\pm$std)
Merge Maps: nan$\pm$nan
Welding BA: nan$\pm$nan
Optimization Ess.: nan$\pm$nan
Total Map Merging: nan$\pm$nan

Num exec: 0
Number of KFs: nan$\pm$nan
Number of MPs: nan$\pm$nan

Full GBA (mean$\pm$std)
GBA: nan$\pm$nan
Map Update: nan$\pm$nan
Total Full GBA: nan$\pm$nan

Num exec: 0
Num abort: 0
Number of KFs: nan$\pm$nan
Number of MPs: nan$\pm$nan

Saving trajectory to f_dataset-MH02_stereo_imu.txt ...
There are 1 maps in the atlas
  Map 0 has 114 KFs

End of saving trajectory to f_dataset-MH02_stereo_imu.txt ...

Saving keyframe trajectory to kf_dataset-MH02_stereo_imu.txt ...
