1403715893384058112.000000 0.000001775 0.000000462 -0.000000133 -0.000000005 0.000000031 -0.000000011 1.000000000
1403715893434057984.000000 0.000426273 0.002055199 -0.001827343 0.000690127 0.001782803 0.000643610 0.999997973
1403715893484058112.000000 0.016917255 0.003119978 -0.006730494 0.002137011 0.005085410 0.001412288 0.999983847
1403715893534057984.000000 0.010471435 -0.019176923 -0.006162924 0.000130590 0.016655389 0.003012415 0.999856770
1403715893584058112.000000 0.014895537 -0.039042816 -0.004748728 -0.001940305 0.024572380 0.004157927 0.999687552
1403715893634057984.000000 0.016239546 -0.006113213 -0.011050536 0.007393121 0.032045964 0.008440320 0.999423444
1403715893684058112.000000 0.016448673 -0.007090677 -0.012992133 0.009269217 0.036184270 0.010929533 0.999242365
1403715893734057984.000000 0.017780406 -0.011200098 -0.019216616 0.010317153 0.038048580 0.013482203 0.999131680
1403715893784058112.000000 0.018662147 -0.013467272 -0.022998920 0.010433777 0.038141396 0.014479663 0.999112964
1403715893834057984.000000 0.020759966 -0.018742554 -0.030170510 0.009632916 0.034535799 0.012316834 0.999281108
1403715893884058112.000000 0.049455844 -0.022111626 -0.037904233 0.009257090 0.022602757 0.011322438 0.999637604
1403715893934057984.000000 0.050441574 -0.025125701 -0.043108750 0.009596835 0.019862415 0.011703265 0.999688208
1403715893984058112.000000 0.051933751 -0.029197939 -0.049921453 0.009114592 0.014655411 0.012118966 0.999777675
1403715894034057984.000000 0.055007700 -0.035589606 -0.058476653 0.008325695 0.007736932 0.012584544 0.999856234
1403715894084058112.000000 0.076449700 -0.044464726 -0.066608824 0.006971026 -0.004008033 0.011013249 0.999907017
1403715894134057984.000000 0.074826606 -0.044256650 -0.073536105 0.006266601 -0.004779936 0.008049175 0.999936581
1403715894184058112.000000 0.083071180 -0.049260847 -0.079769053 0.003658190 -0.001773017 0.002266074 0.999989212
1403715894234057984.000000 0.103658713 -0.048465442 -0.089348182 0.002433809 0.001703464 -0.002562170 0.999992371
1403715894284058112.000000 0.117942713 -0.055867791 -0.096251555 -0.000400097 0.007113201 -0.009234469 0.999931991
1403715894334057984.000000 0.134936839 -0.061643697 -0.102596305 -0.002221204 0.009842198 -0.015112786 0.999834895
1403715894384058112.000000 0.142941251 -0.084583476 -0.107683651 -0.006949393 0.014326374 -0.019864995 0.999675930
1403715894434057984.000000 0.155924112 -0.095667019 -0.115071505 -0.008346900 0.015570215 -0.021289231 0.999617338
1403715894484058112.000000 0.162320748 -0.098383263 -0.125589743 -0.006494439 0.014672095 -0.019760678 0.999676049
1403715894534057984.000000 0.175223291 -0.109158188 -0.131125987 -0.005160662 0.010204095 -0.016640456 0.999796152
1403715894584058112.000000 0.184494674 -0.126423016 -0.136342749 -0.005448107 0.006800578 -0.014583755 0.999855697
1403715894634057984.000000 0.201497406 -0.161322340 -0.131075099 -0.008270066 0.001865444 -0.013827092 0.999868512
1403715894684058112.000000 0.211053059 -0.181575611 -0.133276805 -0.007144736 -0.001429608 -0.009701959 0.999926448
1403715894734057984.000000 0.212296680 -0.176868722 -0.145495906 -0.000593470 0.001027431 -0.003635945 0.999992669
1403715894784058112.000000 0.224934608 -0.205255687 -0.148026347 -0.000179707 0.002595759 0.000569412 0.999996543
1403715894834057984.000000 0.236797065 -0.232587144 -0.147436142 0.000269379 0.005541998 0.003368748 0.999979019
1403715894884058112.000000 0.254573584 -0.274035066 -0.145977721 -0.002003405 0.007985990 0.003876998 0.999958634
1403715894934057984.000000 0.261290967 -0.289039463 -0.152355894 -0.000074077 0.013045531 0.005831182 0.999897897
1403715894984058112.000000 0.264356822 -0.296331197 -0.160167262 0.004018953 0.018176459 0.008018679 0.999794602
1403715895034057984.000000 0.290683955 -0.324531943 -0.158800855 0.003672320 0.017233288 0.009016951 0.999804139
1403715895084058112.000000 0.308020949 -0.347492754 -0.162360206 0.003496262 0.017160121 0.009000568 0.999806166
1403715895134057984.000000 0.325073779 -0.400457382 -0.160186052 -0.000921889 0.016596749 0.008526731 0.999825537
1403715895184058112.000000 0.335246831 -0.423106730 -0.166172430 -0.000164100 0.017639963 0.009972554 0.999794662
1403715895234057984.000000 0.337016910 -0.432143420 -0.171968982 0.003352915 0.019797761 0.012781922 0.999716699
1403715895284058112.000000 0.353678048 -0.457319736 -0.176839590 0.003512081 0.019773304 0.013752945 0.999703765
1403715895334057984.000000 0.364561945 -0.482978106 -0.178137213 0.003294490 0.019826362 0.014148488 0.999697924
1403715895384058112.000000 0.394496322 -0.530262291 -0.171717435 -0.000432284 0.016269969 0.012572321 0.999788582
1403715895434057984.000000 0.400522083 -0.557651162 -0.168893680 -0.001282207 0.017488899 0.012155630 0.999772310
1403715895484058112.000000 0.411606044 -0.578804255 -0.179986492 -0.000011414 0.017346013 0.013119683 0.999763489
1403715895534057984.000000 0.413070947 -0.588872015 -0.188008875 0.002418004 0.019376319 0.014831759 0.999699295
1403715895584058112.000000 0.393396974 -0.591533065 -0.191692680 0.005902289 0.023960860 0.015603974 0.999573767
1403715895634057984.000000 0.454579890 -0.660825312 -0.188152492 -0.001427797 0.015713576 0.013865225 0.999779344
1403715895684058112.000000 0.475241959 -0.690945566 -0.190392554 -0.002380756 0.013861025 0.014490634 0.999796152
1403715895734057984.000000 0.487608373 -0.722303152 -0.193208709 -0.003332704 0.013480023 0.015017495 0.999790788
1403715895784058112.000000 0.485567153 -0.778582871 -0.178805605 0.002836923 -0.014491372 -0.014686516 -0.999783158
1403715895834057984.000000 0.497459739 -0.808932662 -0.179748893 0.009232669 -0.015240619 -0.014149952 -0.999741137
1403715895884058112.000000 0.513887465 -0.790474057 -0.202061191 -0.002191728 0.014079708 0.014878708 0.999787807
1403715895934057984.000000 0.527270496 -0.816373885 -0.204952210 -0.001916783 0.014426553 0.015618473 0.999772131
1403715895984058112.000000 0.539970636 -0.842131257 -0.207917288 -0.001420973 0.013780707 0.017559754 0.999749839
1403715896034057984.000000 0.557850182 -0.871675134 -0.214176625 -0.000785314 0.012050349 0.018844996 0.999749482
1403715896084058112.000000 0.570764482 -0.897441149 -0.216183603 0.000592601 0.011428702 0.021922028 0.999694228
1403715896134057984.000000 0.583166301 -0.922800362 -0.217665598 0.002180138 0.010281911 0.026021209 0.999606192
1403715896184058112.000000 0.591190279 -0.945798635 -0.222553819 0.004278724 0.011318538 0.031000959 0.999446154
1403715896234057984.000000 0.602413356 -0.969853461 -0.223134041 0.006814647 0.011667418 0.038660560 0.999161065
1403715896284058112.000000 0.613906801 -0.992506742 -0.223762065 0.009923369 0.014025942 0.047413174 0.998727620
1403715896334057984.000000 0.624362171 -1.011328220 -0.229396820 0.013672602 0.016225437 0.057247683 0.998134553
1403715896384058112.000000 0.635694802 -1.029789567 -0.230390072 0.016936190 0.017286906 0.066082716 0.997520685
1403715896434057984.000000 0.646825016 -1.045335770 -0.231501117 0.019090053 0.018854104 0.072252549 0.997025430
1403715896484058112.000000 0.654773891 -1.056816697 -0.238337785 0.021849692 0.020465083 0.078821778 0.996439099
1403715896534057984.000000 0.665256143 -1.065964818 -0.240312919 0.023420515 0.022713618 0.082908183 0.996022999
1403715896584058112.000000 0.675748706 -1.071321011 -0.242838398 0.024995632 0.025517140 0.087408416 0.995531976
1403715896634057984.000000 0.685698152 -1.073385119 -0.252476454 0.026238654 0.028487431 0.090007998 0.995187700
1403715896684058112.000000 0.695767760 -1.070992947 -0.257029504 0.026805824 0.030779548 0.091751754 0.994945109
1403715896734057984.000000 0.705023110 -1.064784408 -0.262487948 0.027932759 0.031486053 0.094014198 0.994680762
1403715896784058112.000000 0.689664125 -1.038102984 -0.281456977 0.031275734 0.031779386 0.095035344 0.994474828
1403715896834057984.000000 0.697364628 -1.023583770 -0.287911624 0.033083770 0.028050436 0.097911119 0.994249523
1403715896884058112.000000 0.704773247 -1.004738450 -0.294994622 0.034619968 0.024722707 0.101487681 0.993926823
1403715896934057984.000000 0.710935712 -0.982717514 -0.307628810 0.037306815 0.021586722 0.106790222 0.993346930
1403715896984058112.000000 0.717410147 -0.955212474 -0.315444797 0.040424544 0.018522769 0.113869965 0.992500067
1403715897034057984.000000 0.723712862 -0.922752440 -0.323558003 0.043477681 0.015738733 0.121252909 0.991544127
1403715897084058112.000000 0.730544508 -0.885868788 -0.342456251 0.045904264 0.014031713 0.126676902 0.990782022
1403715897134057984.000000 0.737107575 -0.842374027 -0.350640416 0.046262167 0.013240358 0.128664196 0.990520120
1403715897184058112.000000 0.743801951 -0.792955399 -0.358537257 0.045476221 0.013070371 0.127828613 0.990666926
1403715897234057984.000000 0.750719309 -0.738580227 -0.370397776 0.043101445 0.011546067 0.121639207 0.991570950
1403715897284058112.000000 0.757174134 -0.678248703 -0.377975821 0.038173601 0.010570807 0.109512210 0.993195951
1403715897334057984.000000 0.763668299 -0.613684416 -0.385072619 0.031945933 0.008812383 0.093312278 0.995085299
1403715897384058112.000000 0.772430658 -0.546054661 -0.395467520 0.024689162 0.006940117 0.074618556 0.996882319
1403715897434057984.000000 0.779498398 -0.475798309 -0.402394772 0.019166833 0.004447912 0.060886290 0.997950792
1403715897484058112.000000 0.786694884 -0.404000521 -0.408580929 0.014784303 0.004099117 0.050224874 0.998620152
1403715897534057984.000000 0.785823464 -0.333401442 -0.422814101 0.012236445 0.004128337 0.042596444 0.999008894
1403715897584058112.000000 0.792245448 -0.260273665 -0.427218735 0.011217319 0.003475271 0.041211564 0.999081492
1403715897634057984.000000 0.798564672 -0.186853155 -0.430791736 0.012026072 0.003578768 0.044609156 0.998925805
1403715897684058112.000000 0.803744555 -0.113872886 -0.437946916 0.012891725 0.003751327 0.047975082 0.998758376
1403715897734057984.000000 0.809486628 -0.039416596 -0.441153914 0.015357971 0.004329808 0.055829331 0.998312831
1403715897784058112.000000 0.815696776 0.036290910 -0.443774283 0.017038437 0.005632805 0.061012525 0.997975707
1403715897834057984.000000 0.821668744 0.113415480 -0.445874125 0.017992727 0.007698179 0.064534120 0.997723639
1403715897884058112.000000 0.822131217 0.194214344 -0.463939518 0.018320341 0.011674112 0.066547237 0.997546792
1403715897934057984.000000 0.828918755 0.274922818 -0.465480894 0.016824828 0.014439626 0.062836304 0.997777581
1403715897984058112.000000 0.835679054 0.357177228 -0.466404200 0.015789811 0.017086206 0.060219631 0.997914076
1403715898034057984.000000 0.838565290 0.439599067 -0.473428965 0.013510081 0.022323467 0.054831482 0.998154700
1403715898084058112.000000 0.845308602 0.524572015 -0.475643545 0.010721897 0.029339015 0.050066099 0.998257399
1403715898134057984.000000 0.851549804 0.610505283 -0.478181511 0.006511331 0.036029451 0.044980809 0.998316705
1403715898184058112.000000 0.853810966 0.696436286 -0.488988012 0.001371885 0.042322848 0.042459499 0.998200417
1403715898234057984.000000 0.858295977 0.783345342 -0.494003803 -0.005188190 0.045900974 0.039454363 0.998153150
1403715898284058112.000000 0.860829771 0.870340765 -0.499772847 -0.012763673 0.046219327 0.037685443 0.998138607
1403715898334057984.000000 0.857903361 0.963993013 -0.520173788 -0.021185139 0.045522436 0.037417728 0.998037517
1403715898384058112.000000 0.856137633 1.050048590 -0.529368341 -0.030158844 0.041798744 0.038099550 0.997943819
1403715898434057984.000000 0.852564037 1.135454893 -0.539002419 -0.039649889 0.035384178 0.039590050 0.997801900
1403715898484058112.000000 0.846687376 1.222689867 -0.553509653 -0.049320087 0.029168019 0.042895652 0.997435153
1403715898534057984.000000 0.840483129 1.306317568 -0.563594222 -0.059420053 0.021818921 0.045810148 0.996942699
1403715898584058112.000000 0.834420919 1.389308214 -0.574841619 0.070002332 -0.016658610 -0.048562087 -0.996224880
1403715898634057984.000000 0.826738179 1.471196175 -0.584043682 0.080879621 -0.011840087 -0.052087214 -0.995291531
1403715898684058112.000000 0.817362487 1.552188873 -0.592987359 0.092373110 -0.012817409 -0.055287808 -0.994105756
1403715898734057984.000000 0.805226028 1.631982088 -0.600756288 0.103278525 -0.013928604 -0.058983192 -0.992804348
1403715898784058112.000000 0.783589602 1.718900800 -0.610705435 -0.112902358 0.013543869 0.061663862 0.991598308
1403715898834057984.000000 0.765151680 1.796669722 -0.616598964 -0.121859342 0.012048621 0.064505488 0.990375817
1403715898884058112.000000 0.743205369 1.873410225 -0.623190045 0.129531160 -0.010645419 -0.066421606 -0.989290953
1403715898934057984.000000 0.718958616 1.948828220 -0.627322912 0.135680020 -0.008663923 -0.069433019 -0.988278806
1403715898984058112.000000 0.692609310 2.023130894 -0.630020857 0.141435415 -0.006760130 -0.070144154 -0.987436175
1403715899034057984.000000 0.664107442 2.096384287 -0.631098747 0.145551607 -0.007035854 -0.072079822 -0.986696422
1403715899084058112.000000 0.633144975 2.168751478 -0.631061316 0.148993641 -0.004288601 -0.073267072 -0.986110806
1403715899134057984.000000 0.601359189 2.240128994 -0.630041480 0.151386127 0.000519278 -0.075276487 -0.985604107
1403715899184058112.000000 0.571022809 2.310982704 -0.628592730 0.153761238 0.006890778 -0.075489834 -0.985196114
1403715899234057984.000000 0.542980909 2.380993843 -0.626894295 0.156533867 0.014669302 -0.072585367 -0.984892607
1403715899284058112.000000 0.524840891 2.469756842 -0.624397397 -0.156836033 -0.021665376 0.069480345 0.984939396
1403715899334057984.000000 0.502589524 2.537597179 -0.622170985 -0.157956257 -0.030597707 0.067652404 0.984650612
1403715899384058112.000000 0.485464692 2.604448557 -0.618709326 -0.159030229 -0.038098071 0.064296529 0.984440982
1403715899434057984.000000 0.473127455 2.669224262 -0.614260614 0.160151616 0.042977761 -0.059632171 -0.984351754
1403715899484058112.000000 0.465497941 2.733186245 -0.607999682 0.160123631 0.044001441 -0.058257196 -0.984393477
1403715899534057984.000000 0.460794955 2.795972824 -0.599717677 0.159049645 0.044251055 -0.057992432 -0.984571993
1403715899584058112.000000 0.457755923 2.857845306 -0.588836133 0.157907531 0.043526921 -0.058296643 -0.984770179
1403715899634057984.000000 0.455899298 2.918839216 -0.575277686 0.156131238 0.043739468 -0.060112376 -0.984934747
1403715899684058112.000000 0.455451339 2.978851318 -0.559301078 0.155336127 0.042651355 -0.059369296 -0.985153258
1403715899734057984.000000 0.456306309 3.037777185 -0.540293932 0.154809058 0.041938201 -0.056770097 -0.985420048
1403715899784058112.000000 0.453253269 3.116748571 -0.511719048 -0.153958783 -0.038949247 0.052051265 0.985936284
1403715899834057984.000000 0.457566917 3.172884941 -0.488121390 -0.154889598 -0.034474742 0.046033997 0.986256361
1403715899884058112.000000 0.463885427 3.227521420 -0.462655753 -0.156261966 -0.029496880 0.038274944 0.986532927
1403715899934057984.000000 0.471306354 3.279970407 -0.435428411 -0.157715842 -0.026103131 0.030370789 0.986672163
1403715899984058112.000000 0.473137438 3.336642742 -0.402566642 -0.159482181 -0.023869380 0.021744639 0.986672699
1403715900034057984.000000 0.482362121 3.383494377 -0.372552902 -0.160871491 -0.021656347 0.015799282 0.986611307
1403715900084058112.000000 0.492202818 3.427206039 -0.340856224 -0.161447138 -0.020882132 0.011290818 0.986595809
1403715900134057984.000000 0.497248709 3.472896814 -0.302206099 -0.162321791 -0.019879106 0.007739904 0.986507297
1403715900184058112.000000 0.509150803 3.510668516 -0.266491771 -0.163284749 -0.019636180 0.003936597 0.986375690
1403715900234057984.000000 0.521720290 3.544985056 -0.229016334 -0.163506806 -0.019115150 0.001678821 0.986355603
1403715900284058112.000000 0.535212576 3.576211691 -0.190695286 0.164121673 0.018903671 0.000770448 -0.986258745
1403715900334057984.000000 0.542304456 3.605903387 -0.146238551 -0.163911268 -0.019404206 -0.001340068 0.986283302
1403715900384058112.000000 0.558044612 3.629076242 -0.104344651 -0.164396867 -0.020042270 -0.002645255 0.986187100
1403715900434057984.000000 0.573212862 3.648440361 -0.060539111 -0.163462743 -0.020788917 0.000217661 0.986330450
1403715900484058112.000000 0.586173654 3.664530993 -0.014351942 -0.159761414 -0.018636413 0.011052959 0.986917913
1403715900534057984.000000 0.605011106 3.676589251 0.031789936 -0.155988485 -0.012474619 0.022159910 0.987431526
1403715900584058112.000000 0.624906719 3.686010122 0.078590155 -0.153066471 -0.004878274 0.030751003 0.987725317
1403715900634057984.000000 0.641769648 3.693749666 0.126148775 -0.149702191 0.004951652 0.040759873 0.987878263
1403715900684058112.000000 0.662352204 3.699913263 0.173746556 -0.146053314 0.015776528 0.051743247 0.987796664
1403715900734057984.000000 0.682920218 3.704982996 0.220549479 -0.143472984 0.028318690 0.059463236 0.987460256
1403715900784058112.000000 0.700867593 3.711461306 0.271172047 -0.142503545 0.041272495 0.061745651 0.987003922
1403715900834057984.000000 0.720581949 3.714520693 0.314299613 -0.143943265 0.052891038 0.059332918 0.986388683
1403715900884058112.000000 0.739616096 3.716589212 0.355321646 -0.145329103 0.061761148 0.056567069 0.985832214
1403715900934057984.000000 0.758621275 3.717832565 0.395587593 -0.147464618 0.067929924 0.053104300 0.985301793
1403715900984058112.000000 0.775680780 3.717378855 0.430862844 -0.149026975 0.074607402 0.050099164 0.984741032
1403715901034057984.000000 0.792425454 3.715193748 0.462566286 -0.149531409 0.082456566 0.049068075 0.984090269
1403715901084058112.000000 0.809877098 3.711809397 0.492619425 -0.150802687 0.089379407 0.046449348 0.983418763
1403715901134057984.000000 0.824664533 3.705670118 0.516118705 -0.151025489 0.096151114 0.046455279 0.982745230
1403715901184058112.000000 0.838656485 3.697634697 0.535024285 -0.152179062 0.102458760 0.045677219 0.981966138
1403715901234057984.000000 0.853961349 3.687987089 0.550405324 -0.152195454 0.107084870 0.046635576 0.981424809
1403715901284058112.000000 0.865166724 3.675520897 0.559887767 -0.152622297 0.109737352 0.048093237 0.980994999
1403715901334057984.000000 0.874831140 3.661073208 0.564641595 -0.152657196 0.108703963 0.050921619 0.980961919
1403715901384058112.000000 0.884788573 3.644313574 0.565957367 -0.152307898 0.103457466 0.054428112 0.981395185
1403715901434057984.000000 0.890308976 3.626708984 0.562471509 -0.151245773 0.094138138 0.059436742 0.982206702
1403715901484058112.000000 0.894246399 3.608007193 0.554870903 -0.151284844 0.082968846 0.062382855 0.983024716
1403715901534057984.000000 0.901263833 3.588529348 0.548170328 -0.151004001 0.073747054 0.064198010 0.983685851
1403715901584058112.000000 0.904459834 3.568266392 0.534252942 -0.151985914 0.067929126 0.064238109 0.983950913
1403715901634057984.000000 0.907511294 3.547157049 0.517737687 -0.153479159 0.064944021 0.062326763 0.984043658
1403715901684058112.000000 0.911925435 3.524572611 0.499989927 -0.153443500 0.063026749 0.063143797 0.984121799
1403715901734057984.000000 0.912122667 3.501993418 0.479695082 -0.153870523 0.058099527 0.063091144 0.984361649
1403715901784058112.000000 0.910944223 3.477085114 0.457041174 0.154043883 -0.052313600 -0.063924804 -0.984605253
1403715901834057984.000000 0.909077823 3.452215910 0.433456838 0.153897315 -0.045818191 -0.064398780 -0.984920919
1403715901884058112.000000 0.906640053 3.426717281 0.408459127 0.154028475 -0.040500626 -0.063615590 -0.985184252
1403715901934057984.000000 0.903076708 3.400326490 0.382690638 0.153309360 -0.037309419 -0.064768121 -0.985347331
1403715901984058112.000000 0.898878932 3.373363972 0.355913430 0.152783573 -0.034838673 -0.065375440 -0.985479355
1403715902034057984.000000 0.898387611 3.347325325 0.329499006 -0.152188227 0.035385102 0.065529019 0.985541761
1403715902084058112.000000 0.893572032 3.319430590 0.300674409 -0.152432665 0.037236504 0.064600296 0.985497117
1403715902134057984.000000 0.887804925 3.291026115 0.271458209 -0.153257608 0.037259888 0.061280075 0.985580385
1403715902184058112.000000 0.881534159 3.261837959 0.241959155 -0.153869495 0.037293822 0.057519503 0.985710323
1403715902234057984.000000 0.873736620 3.232497692 0.211557895 -0.155263528 0.034570351 0.052735925 0.985858560
1403715902284058112.000000 0.865701437 3.201549053 0.182101250 -0.155709967 0.030509863 0.050336368 0.986047626
1403715902334057984.000000 0.857441723 3.169643164 0.152131557 -0.156655788 0.025166750 0.047036912 0.986211538
1403715902384058112.000000 0.849203289 3.136562586 0.121724389 -0.156734392 0.020579066 0.045726568 0.986367047
1403715902434057984.000000 0.842308640 3.101445675 0.089764170 -0.156531081 0.017286135 0.045100272 0.986491382
1403715902484058112.000000 0.834584296 3.065378428 0.059409451 -0.154469803 0.013789587 0.049403641 0.986665249
1403715902534057984.000000 0.827154338 3.028411865 0.029264703 -0.151804686 0.010336056 0.056161527 0.986759543
1403715902584058112.000000 0.819409907 2.990267038 -0.001783106 -0.148460880 0.006411142 0.061679371 0.986972153
1403715902634057984.000000 0.812932968 2.952142954 -0.030924957 -0.144147769 0.003336836 0.065853231 0.987356901
1403715902684058112.000000 0.799741328 2.914003849 -0.065866068 -0.138337165 0.000160432 0.069004104 0.987978399
1403715902734057984.000000 0.791627526 2.875395536 -0.092856877 -0.131566137 -0.005377965 0.070119210 0.988809764
1403715902784058112.000000 0.781827152 2.837450027 -0.117472410 -0.124011174 -0.010629128 0.069247253 0.989804626
1403715902834057984.000000 0.767820120 2.799189806 -0.144411117 -0.115119644 -0.015149528 0.068414636 0.990877092
1403715902884058112.000000 0.753783941 2.762185335 -0.163856864 -0.106171258 -0.020306958 0.065264285 0.991995990
1403715902934057984.000000 0.738608479 2.725720644 -0.181135222 0.097002700 0.023461072 -0.061401319 -0.993111312
1403715902984058112.000000 0.718665481 2.690799952 -0.200287774 -0.088425592 -0.025097635 0.053244721 0.994342089
1403715903034057984.000000 0.705831170 2.655572414 -0.213798195 -0.078134671 -0.024422942 0.047361024 0.995517731
1403715903084058112.000000 0.693856001 2.620953083 -0.225615144 -0.068447605 -0.024144717 0.038588524 0.996615767
1403715903134057984.000000 0.683183908 2.586013079 -0.237652332 0.058596343 0.023149556 -0.029707205 -0.997571111
1403715903184058112.000000 0.668237805 2.548941612 -0.252062321 -0.050074942 -0.022192990 0.020407325 0.998290360
1403715903234057984.000000 0.659640849 2.514351368 -0.259458512 -0.041521683 -0.022763623 0.016220568 0.998746634
1403715903284058112.000000 0.651632547 2.479525566 -0.265164554 -0.033445902 -0.026392188 0.014524656 0.998986423
1403715903334057984.000000 0.643866301 2.444041967 -0.271973252 0.026310224 0.030006591 -0.014015956 -0.999105096
1403715903384058112.000000 0.634346366 2.410093069 -0.275954932 -0.018356524 -0.034839831 0.014093227 0.999125004
1403715903434057984.000000 0.631923676 2.374410391 -0.277329117 -0.009929640 -0.038701020 0.014216234 0.999100447
1403715903484058112.000000 0.633686423 2.338432074 -0.276962668 -0.001211403 -0.041442037 0.012622717 0.999060452
1403715903534057984.000000 0.639582157 2.302248716 -0.274888933 0.008758661 -0.043014541 0.010915813 0.998976409
1403715903584058112.000000 0.648379326 2.264657259 -0.274569184 0.019367399 -0.041956771 0.007219058 0.998905659
1403715903634057984.000000 0.663259387 2.228033304 -0.269593656 0.030987548 -0.042309467 0.003481467 0.998617828
1403715903684058112.000000 0.682728171 2.191465139 -0.263254255 0.043396775 -0.039962098 -0.001104629 0.998257756
1403715903734057984.000000 0.706191897 2.154960632 -0.258058190 0.056070689 -0.035369027 -0.006810906 0.997776866
1403715903784058112.000000 0.733149111 2.118245125 -0.249063194 0.071422540 -0.029179398 -0.007535187 0.996990800
1403715903834057984.000000 0.764225364 2.081614017 -0.238895968 0.087451428 -0.023255456 -0.009929357 0.995847821
1403715903884058112.000000 0.800383747 2.043238163 -0.230569780 0.104834117 -0.015916830 -0.011821084 0.994292140
1403715903934057984.000000 0.836357355 2.007487535 -0.218260050 0.122661442 -0.009213883 -0.016524864 0.992268264
1403715903984058112.000000 0.872807145 1.972195745 -0.204560474 0.140923977 -0.002478682 -0.022974227 0.989750743
1403715904034057984.000000 0.910839677 1.935005426 -0.197068900 0.160272256 0.003026932 -0.027390728 0.986688077
1403715904084058112.000000 0.946589291 1.901516318 -0.183203116 0.180073082 0.006549021 -0.032416064 0.983097136
1403715904134057984.000000 0.982061982 1.869240522 -0.168618470 0.199919552 0.009384862 -0.037886497 0.979034662
1403715904184058112.000000 1.018812656 1.838430047 -0.157613918 0.218974143 0.011073432 -0.047466103 0.974512517
1403715904234057984.000000 1.052777767 1.809056401 -0.142835468 -0.237734050 -0.012184792 0.056916114 -0.969584823
1403715904284058112.000000 1.086305737 1.780786037 -0.127561778 -0.254988253 -0.015085622 0.070291176 -0.964267910
1403715904334057984.000000 1.120398164 1.751062155 -0.118163303 0.271968007 0.020054104 -0.082974777 0.958512664
1403715904384058112.000000 1.151120305 1.723486185 -0.101323746 0.288253218 0.025024181 -0.095204711 0.952480972
1403715904434057984.000000 1.178978443 1.696012497 -0.083660230 0.304722369 0.029098360 -0.103194252 0.946387112
1403715904484058112.000000 1.204469085 1.667980194 -0.075030118 0.319235206 0.032715213 -0.112262994 0.940433800
1403715904534057984.000000 1.226348162 1.640606403 -0.056734368 0.332397342 0.037467930 -0.123224817 0.934303939
1403715904584058112.000000 1.244913101 1.613278031 -0.038065776 0.345443517 0.042969942 -0.133494020 0.927901745
1403715904634057984.000000 1.259816170 1.586870909 -0.029497072 0.358574182 0.048417807 -0.143147513 0.921189010
1403715904684058112.000000 1.270930529 1.559453607 -0.012313649 0.373103440 0.053209979 -0.150185511 0.914005995
1403715904734057984.000000 1.277995944 1.532062054 0.001547247 0.390057355 0.054242887 -0.152819827 0.906399012
1403715904784058112.000000 1.282143235 1.505308867 0.009329200 0.409205288 0.051917717 -0.152846247 0.898049951
1403715904834057984.000000 1.282182455 1.477793455 0.023301870 0.428670555 0.048521712 -0.153816268 0.888947606
1403715904884058112.000000 1.279398561 1.449838161 0.036071837 0.448709935 0.047082279 -0.154967591 0.878878653
1403715904934057984.000000 1.272787571 1.422827125 0.048957705 0.468692839 0.047584157 -0.157012656 0.867991805
1403715904984058112.000000 1.262461305 1.399960041 0.051474988 0.488900006 0.048521347 -0.159556404 0.856250107
1403715905034057984.000000 1.250405788 1.374798775 0.063892156 0.508531511 0.052345879 -0.163330406 0.843788445
1403715905084058112.000000 1.235332131 1.350756288 0.076274574 0.527353168 0.056941133 -0.167303786 0.831063092
1403715905134057984.000000 1.216796279 1.328287601 0.085842550 0.545275927 0.062399730 -0.170077831 0.818446100
1403715905184058112.000000 1.195327520 1.311731100 0.088886797 0.560621381 0.069644481 -0.174987659 0.806370080
1403715905234057984.000000 1.174245119 1.293315411 0.098822713 0.575191319 0.074629851 -0.180630878 0.794328570
1403715905284058112.000000 1.151514530 1.278025627 0.108437300 0.586480498 0.074608400 -0.191161335 0.783537924
1403715905334057984.000000 1.127770901 1.265592694 0.116108775 0.597066462 0.070869513 -0.201819628 0.773148119
1403715905384058112.000000 1.105900645 1.259721756 0.122086287 0.606123269 0.066820748 -0.212744281 0.763472021
1403715905434057984.000000 1.082338691 1.252578497 0.124333680 0.616822481 0.063215025 -0.221977204 0.752502561
1403715905484058112.000000 1.053458452 1.248263121 0.113883555 0.626215875 0.057961099 -0.230875552 0.742422223
1403715905534057984.000000 1.029770613 1.244394183 0.113362372 0.635676205 0.054075256 -0.239559174 0.731849074
1403715905584058112.000000 1.005717397 1.241399288 0.110089123 0.646915793 0.047314141 -0.244679451 0.720689535
1403715905634057984.000000 0.981312871 1.239118814 0.103698671 0.659804225 0.037902813 -0.246143818 0.708967566
1403715905684058112.000000 0.954251289 1.238775492 0.092120528 0.672975600 0.028059570 -0.245923996 0.697020829
1403715905734057984.000000 0.929662347 1.237801790 0.084528923 0.686302483 0.018855345 -0.247422338 0.683677971
1403715905784058112.000000 0.905456662 1.237271905 0.076208711 0.700158715 0.012353402 -0.249278709 0.668943465
1403715905834057984.000000 0.880199194 1.238214731 0.063249946 0.713728487 0.005367198 -0.253691822 0.652842522
1403715905884058112.000000 0.855917871 1.238406301 0.054315567 0.726272464 -0.001386072 -0.262149006 0.635456026
1403715905934057984.000000 0.831851542 1.238143921 0.045754194 0.738094985 -0.008696636 -0.272552192 0.617134988
1403715905984058112.000000 0.808575571 1.235912919 0.035782576 0.748866141 -0.013159368 -0.285458863 0.597946227
1403715906034057984.000000 0.783786833 1.235126376 0.025784969 0.759909034 -0.015577497 -0.297683358 0.577650666
1403715906084058112.000000 0.762339354 1.230798721 0.016457915 0.771367192 -0.014490698 -0.307813019 0.556806862
1403715906134057984.000000 0.742718637 1.224766374 0.006258249 0.783260882 -0.007315806 -0.316111654 0.535277724
1403715906184058112.000000 0.721731484 1.219117761 -0.006569624 0.795754969 0.003830082 -0.321320087 0.513334930
1403715906234057984.000000 0.703248084 1.211421251 -0.018819809 0.807752252 0.015313100 -0.326421618 0.490663588
1403715906284058112.000000 0.684037685 1.203519702 -0.032241583 0.819202840 0.021709040 -0.330769658 0.468003243
1403715906334057984.000000 0.664827466 1.196787238 -0.047522068 0.829538643 0.027599171 -0.336175233 0.445073277
1403715906384058112.000000 0.645023227 1.189897776 -0.063763261 0.839237511 0.031948403 -0.341269881 0.422131002
1403715906434057984.000000 0.624822378 1.183663487 -0.081315756 0.848850131 0.034786761 -0.344576448 0.399387598
1403715906484058112.000000 0.604855180 1.178204179 -0.100530624 0.858982086 0.036915295 -0.344784111 0.376710624
1403715906534057984.000000 0.577512443 1.174512148 -0.124384642 0.868219495 0.040076435 -0.345052630 0.354298770
1403715906584058112.000000 0.559340417 1.171332717 -0.147656202 0.877157927 0.038738228 -0.344808072 0.331965178
1403715906634057984.000000 0.543699205 1.169881105 -0.172999978 0.886090398 0.034085296 -0.343210548 0.309658915
1403715906684058112.000000 0.530958474 1.169734240 -0.200332880 0.894791305 0.027786870 -0.340642363 0.287296653
1403715906734057984.000000 0.519470930 1.169367075 -0.232102752 -0.902221560 -0.021999057 0.339764804 -0.264711708
1403715906784058112.000000 0.511072457 1.170963287 -0.262403071 -0.908638597 -0.016393647 0.340328157 -0.241420850
1403715906834057984.000000 0.496157050 1.176528692 -0.291579068 0.915010750 0.011718662 -0.339779854 0.217181146
1403715906884058112.000000 0.487879694 1.179382324 -0.320300877 0.920583189 0.008514462 -0.339502692 0.192852393
1403715906934057984.000000 0.478443801 1.182293773 -0.347563416 0.925802171 0.007656414 -0.338535875 0.168003619
1403715906984058112.000000 0.466979504 1.185319781 -0.373084694 0.930520535 0.006842236 -0.337030768 0.143160790
1403715907034057984.000000 0.454117835 1.192319036 -0.393249452 -0.933985233 -0.009119782 0.337051868 -0.118256383
1403715907084058112.000000 0.438934207 1.196271420 -0.414039224 -0.935980201 -0.014612878 0.339329928 -0.092643283
1403715907134057984.000000 0.424190938 1.200749993 -0.434460938 -0.937353969 -0.021080039 0.341357827 -0.066317163
1403715907184058112.000000 0.400602877 1.203970790 -0.460711658 0.938475013 0.027254846 -0.342084289 0.038733374
1403715907234057984.000000 0.391546428 1.211262941 -0.482017756 -0.938619494 -0.030014521 0.343479365 -0.010703040
1403715907284058112.000000 0.386288077 1.219921947 -0.503468990 -0.938240528 -0.030590253 0.344175011 0.017681018
1403715907334057984.000000 0.384454757 1.229897380 -0.525485754 -0.937200844 -0.031770822 0.344321907 0.045690086
1403715907384058112.000000 0.383710444 1.241300702 -0.548637152 0.936041653 0.032823492 -0.342501372 -0.073767193
1403715907434057984.000000 0.387292862 1.254621744 -0.570549369 0.933972955 0.036462288 -0.340945661 -0.100604445
1403715907484058112.000000 0.389978111 1.270334482 -0.592233062 0.931335688 0.038886547 -0.339332521 -0.126313955
1403715907534057984.000000 0.395901978 1.286704063 -0.612458110 0.928083539 0.041297436 -0.338043720 -0.150605485
1403715907584058112.000000 0.402182400 1.304328084 -0.631540895 0.924439251 0.042080790 -0.336921006 -0.173567280
1403715907634057984.000000 0.408582449 1.323314667 -0.649204135 0.920745671 0.040544864 -0.335268766 -0.195393115
1403715907684058112.000000 0.414168179 1.345967054 -0.666782498 0.917489171 0.038094513 -0.331863791 -0.215937331
1403715907734057984.000000 0.421057105 1.368259072 -0.681888938 0.914278567 0.033192955 -0.327604711 -0.235941201
1403715907784058112.000000 0.427780688 1.391642332 -0.695312977 0.910738945 0.028780855 -0.323179275 -0.255502433
1403715907834057984.000000 0.438231170 1.413465142 -0.705925941 0.907027245 0.024613004 -0.317931622 -0.274982244
1403715907884058112.000000 0.444928408 1.438182831 -0.715246081 0.902327001 0.019359229 -0.314436555 -0.294212490
1403715907934057984.000000 0.451856077 1.462946534 -0.722457290 0.897005498 0.011800543 -0.311529666 -0.313354701
1403715907984058112.000000 0.459104836 1.487913370 -0.728117108 0.890779614 0.005898856 -0.308968931 -0.333189517
1403715908034057984.000000 0.466090322 1.511743665 -0.733327627 0.883682728 0.000192021 -0.306790709 -0.353531092
1403715908084058112.000000 0.473376334 1.535252452 -0.735618353 0.875959694 -0.003502320 -0.304081142 -0.374455631
1403715908134057984.000000 0.480813205 1.558375239 -0.736579299 0.867903352 -0.007770857 -0.300008595 -0.395826250
1403715908184058112.000000 0.487763643 1.580538988 -0.735417008 0.858416677 -0.009489224 -0.297569454 -0.417712003
1403715908234057984.000000 0.496655047 1.601530552 -0.728967547 0.848280609 -0.011914323 -0.294414848 -0.439997762
1403715908284058112.000000 0.503727198 1.620413542 -0.723971009 0.837244630 -0.013150922 -0.291713268 -0.462333024
1403715908334057984.000000 0.511158526 1.637776136 -0.717743874 0.825529397 -0.014398624 -0.289236486 -0.484392554
1403715908384058112.000000 0.518773735 1.652646303 -0.709038377 0.813047290 -0.015090321 -0.287021607 -0.506305337
1403715908434057984.000000 0.527129054 1.667028666 -0.700909019 0.800277770 -0.016319862 -0.283388376 -0.528185725
1403715908484058112.000000 0.534885466 1.681312799 -0.691663504 0.786740720 -0.017374605 -0.279575974 -0.550067723
1403715908534057984.000000 0.544667244 1.692650557 -0.681961536 0.772913218 -0.017268898 -0.274196684 -0.571946859
1403715908584058112.000000 0.554857314 1.702222586 -0.671158552 0.758097708 -0.017929595 -0.269386232 -0.593630731
1403715908634057984.000000 0.566312790 1.710722923 -0.659249544 0.743681431 -0.016457880 -0.261717021 -0.614956319
1403715908684058112.000000 0.576109588 1.719455957 -0.648098588 0.728787661 -0.016941765 -0.253826529 -0.635730743
1403715908734057984.000000 0.586537480 1.725530863 -0.635538220 0.713936388 -0.018003725 -0.245545655 -0.655498385
1403715908784058112.000000 0.596510231 1.730120659 -0.622262597 0.698284984 -0.020903759 -0.239011303 -0.674414396
1403715908834057984.000000 0.600506127 1.730515599 -0.606759906 -0.682610929 0.023241194 0.232891113 0.692288935
1403715908884058112.000000 0.609010458 1.731366396 -0.592461705 -0.666051149 0.023809107 0.228733152 0.709570467
1403715908934057984.000000 0.616895020 1.730079412 -0.577396810 -0.648531020 0.021986285 0.226547226 0.726361215
1403715908984058112.000000 0.624729037 1.726999879 -0.561805248 -0.631354272 0.017527465 0.222523764 0.742676139
1403715909034057984.000000 0.632145286 1.719961405 -0.545629501 0.614856124 -0.012841685 -0.217228025 -0.758023143
1403715909084058112.000000 0.638970852 1.713460922 -0.529200912 0.598261654 -0.008021034 -0.212601617 -0.772540748
1403715909134057984.000000 0.645620346 1.706097841 -0.512173295 0.582422376 -0.003673421 -0.205951646 -0.786355317
1403715909184058112.000000 0.650835991 1.694979191 -0.489966512 -0.565981030 0.001399837 0.202440247 0.799175560
1403715909234057984.000000 0.656584740 1.685525298 -0.471150517 -0.550531626 -0.000690608 0.196937501 0.811252177
1403715909284058112.000000 0.661977291 1.675358057 -0.451277792 -0.534293652 -0.000621457 0.193848401 0.822771430
1403715909334057984.000000 0.667322993 1.664715052 -0.430616140 -0.519551218 -0.000872889 0.187861651 0.833530903
1403715909384058112.000000 0.672088861 1.650862217 -0.408225179 0.505195558 0.001904340 -0.181664899 -0.843665659
1403715909434057984.000000 0.676303625 1.638289690 -0.385571033 0.490914851 0.002434900 -0.175151795 -0.853415847
1403715909484058112.000000 0.680121362 1.624919057 -0.361787051 0.477674752 0.003260745 -0.165130839 -0.862872005
1403715909534057984.000000 0.683155298 1.610697627 -0.336132139 0.463752151 0.004948419 -0.154824585 -0.872318089
1403715909584058112.000000 0.685790718 1.595504403 -0.308738023 0.448547333 0.007313557 -0.144972846 -0.881892741
1403715909634057984.000000 0.688831925 1.578720093 -0.279962122 0.431809932 0.007143830 -0.135997981 -0.891624272
1403715909684058112.000000 0.694308221 1.561496854 -0.246257961 -0.412832588 -0.003977371 0.128941998 0.901624918
1403715909734057984.000000 0.696864069 1.541438103 -0.214399204 -0.392638564 -0.002805503 0.122488670 0.911495328
1403715909784058112.000000 0.700227380 1.520015001 -0.180779397 -0.370626092 0.000337128 0.117032051 0.921379328
1403715909834057984.000000 0.703962862 1.496747136 -0.145574480 -0.347142130 0.003515359 0.109858878 0.931349039
1403715909884058112.000000 0.708378613 1.472607255 -0.109064125 -0.321168244 0.010399324 0.104469918 0.941184878
1403715909934057984.000000 0.712211430 1.446443677 -0.072824895 -0.293835700 0.019510334 0.098957673 0.950519562
1403715909984058112.000000 0.715792179 1.418696046 -0.036901809 -0.265442908 0.028235152 0.091975801 0.959313989
1403715910034057984.000000 0.718691289 1.389490843 -0.001553267 -0.236179188 0.035340678 0.083612598 0.967460334
1403715910084058112.000000 0.720960855 1.358954430 0.032550775 -0.206220642 0.039995041 0.073786125 0.974899590
1403715910134057984.000000 0.721121788 1.326801777 0.065520450 -0.176496595 0.041038852 0.064026430 0.981359005
1403715910184058112.000000 0.720230281 1.293459058 0.096785024 0.146843925 -0.040664382 -0.054914385 -0.986796737
1403715910234057984.000000 0.718340278 1.259695649 0.126502454 0.119560249 -0.038379192 -0.044106804 -0.991103947
1403715910284058112.000000 0.716550171 1.225501060 0.154827029 0.092620268 -0.038438905 -0.035051912 -0.994341731
1403715910334057984.000000 0.713949382 1.192699909 0.180821940 -0.067231640 0.039118156 0.026018761 0.996630728
1403715910384058112.000000 0.712760091 1.158184886 0.205254570 -0.043922685 0.041802116 0.017064320 0.998014152
1403715910434057984.000000 0.711078107 1.122870803 0.227636442 -0.021772267 0.047016419 0.008614833 0.998619676
1403715910484058112.000000 0.709056973 1.087388992 0.248348728 -0.000886865 0.052659389 0.000121357 0.998612165
1403715910534057984.000000 0.706778049 1.049586535 0.265412509 -0.019523881 -0.057836212 0.007870964 -0.998104155
1403715910584058112.000000 0.701866210 1.014493823 0.281241536 0.039302628 0.061200809 -0.015123714 0.997236729
1403715910634057984.000000 0.698622882 0.977641821 0.294305116 0.058653813 0.062404644 -0.021314850 0.996097982
1403715910684058112.000000 0.695439637 0.940523386 0.304206550 0.077469468 0.062567502 -0.027358318 0.994653404
1403715910734057984.000000 0.691713333 0.903066814 0.312277079 -0.096495152 -0.061268799 0.031871442 -0.992934585
1403715910784058112.000000 0.682085872 0.866137922 0.317276299 0.114693686 0.061296552 -0.037698992 0.990791082
1403715910834057984.000000 0.677904904 0.828502178 0.320265830 0.132819816 0.061403118 -0.042790227 0.988310456
1403715910884058112.000000 0.673422217 0.791077077 0.320416152 0.150857672 0.061072808 -0.047755253 0.985510826
1403715910934057984.000000 0.666424692 0.754088998 0.317943335 0.169129550 0.060220096 -0.052529998 0.982348919
1403715910984058112.000000 0.657737315 0.718125999 0.312450320 0.187435716 0.058930244 -0.056838032 0.978858829
1403715911034057984.000000 0.649983406 0.682061434 0.304262757 0.205691293 0.058794964 -0.060715653 0.974960506
1403715911084058112.000000 0.642258286 0.646540344 0.293779135 0.224205092 0.061309107 -0.064252876 0.970486939
1403715911134057984.000000 0.633969426 0.612343371 0.280845791 0.242342010 0.064909928 -0.067606933 0.965653360
1403715911184058112.000000 0.620610237 0.580145836 0.270153672 0.260725141 0.067935698 -0.071552850 0.960357964
1403715911234057984.000000 0.610083878 0.548322320 0.252616853 0.279118985 0.069793262 -0.076092489 0.954689205
1403715911284058112.000000 0.598344862 0.518099904 0.232611224 0.297318667 0.069402330 -0.082002275 0.948715210
1403715911334057984.000000 0.584901273 0.490423203 0.211498931 0.315641791 0.067383759 -0.087088689 0.942467690
1403715911384058112.000000 0.572619677 0.461242467 0.189494818 0.333473027 0.064405702 -0.092011288 0.936045766
1403715911434057984.000000 0.557313502 0.436785877 0.163956687 0.350783199 0.060793791 -0.097550742 0.929375648
1403715911484058112.000000 0.542572916 0.411930233 0.138407424 0.367334872 0.054957710 -0.102590941 0.922778308
1403715911534057984.000000 0.524559498 0.391876280 0.110095069 0.383002490 0.048411395 -0.108016819 0.916132033
1403715911584058112.000000 0.505597115 0.374074996 0.080542654 0.397435784 0.040330231 -0.115705684 0.909412146
1403715911634057984.000000 0.486510128 0.357837707 0.050119020 0.411130846 0.034517650 -0.124660701 0.902352273
1403715911684058112.000000 0.472855419 0.335270762 0.023153998 0.423885018 0.029758573 -0.135239452 0.895067751
1403715911734057984.000000 0.456216276 0.321346492 -0.009001113 0.435819387 0.028689822 -0.146647334 0.887543261
1403715911784058112.000000 0.442360550 0.307992488 -0.042456552 0.447414249 0.028486446 -0.157103807 0.879958808
1403715911834057984.000000 0.431618363 0.295176864 -0.077815637 0.459596604 0.028154142 -0.164820775 0.872245610
1403715911884058112.000000 0.422798336 0.282775342 -0.115481496 0.471426457 0.028985979 -0.171588615 0.864565969
1403715911934057984.000000 0.425138384 0.261491984 -0.148349851 0.482852697 0.029321084 -0.177081302 0.857109010
1403715911984058112.000000 0.422447085 0.250099659 -0.188943118 0.494137019 0.029551368 -0.180469468 0.849933028
1403715912034057984.000000 0.422177494 0.239167303 -0.230971202 0.504501343 0.028674105 -0.183487192 0.843201458
1403715912084058112.000000 0.423453122 0.228356466 -0.273942530 0.514682829 0.027308658 -0.184970900 0.836744726
1403715912134057984.000000 0.428852588 0.211095437 -0.313413858 0.524604797 0.025396220 -0.185132369 0.830584705
1403715912184058112.000000 0.429205596 0.200447321 -0.356538832 0.533664644 0.024239266 -0.186659411 0.824483395
1403715912234057984.000000 0.429234356 0.190216124 -0.399562091 0.542954385 0.023029109 -0.187012538 0.818349898
1403715912284058112.000000 0.429049045 0.180479154 -0.442197919 0.551746428 0.022763828 -0.188259050 0.812167704
1403715912334057984.000000 0.432896078 0.162866667 -0.480053246 0.560444295 0.022364806 -0.189997584 0.805793405
1403715912384058112.000000 0.431801349 0.153390080 -0.521753907 0.568676174 0.022029150 -0.192563802 0.799400628
1403715912434057984.000000 0.430500329 0.144716889 -0.563008666 0.576986432 0.020961458 -0.195635214 0.792700589
1403715912484058112.000000 0.431984812 0.133355170 -0.603888392 0.585804880 0.020785030 -0.198928759 0.785383999
1403715912534057984.000000 0.430686146 0.125314966 -0.644568324 0.594986498 0.020149967 -0.201994404 0.777678192
1403715912584058112.000000 0.429179490 0.117388189 -0.684997678 0.604842782 0.018728899 -0.205555975 0.769130230
1403715912634057984.000000 0.427707970 0.106946558 -0.722861707 0.615583599 0.017833447 -0.209235877 0.759578288
1403715912684058112.000000 0.426084250 0.099765360 -0.762711763 0.626538873 0.017899822 -0.213849828 0.749264240
1403715912734057984.000000 0.424795985 0.092693865 -0.802654207 0.638968647 0.017586039 -0.217638448 0.737592936
1403715912784058112.000000 0.424056083 0.086481512 -0.842679560 0.652203977 0.017159076 -0.222003415 0.724603355
1403715912834057984.000000 0.421678752 0.078129113 -0.881415963 0.665723443 0.017267300 -0.227798507 0.710367501
1403715912884058112.000000 0.417706460 0.072627366 -0.919646204 0.680314958 0.017302340 -0.233200252 0.694614887
1403715912934057984.000000 0.410651416 0.067582846 -0.956261635 0.694697201 0.017111605 -0.239804834 0.677935660
1403715912984058112.000000 0.401643246 0.061376393 -0.991013646 0.708979011 0.017235419 -0.245461389 0.660908818
1403715913034057984.000000 0.388504088 0.056842566 -1.024028778 0.723199904 0.016115975 -0.250066340 0.643575132
1403715913084058112.000000 0.371109962 0.050504684 -1.052036405 0.736304343 0.016516855 -0.255576432 0.626309693
1403715913134057984.000000 0.352924675 0.046756983 -1.082501173 0.749058068 0.017272465 -0.261079401 0.608647048
1403715913184058112.000000 0.333573937 0.043678403 -1.112022877 0.761935174 0.018372564 -0.264807671 0.590757370
1403715913234057984.000000 0.314719141 0.041205764 -1.140780926 0.774409711 0.021324359 -0.266504705 0.573419631
1403715913284058112.000000 0.299312532 0.039841413 -1.168403864 0.785555959 0.026827401 -0.269303441 0.556469083
1403715913334057984.000000 0.281522453 0.038912892 -1.195685148 0.795073569 0.034784000 -0.272539139 0.540713072
1403715913384058112.000000 0.264218628 0.038903832 -1.222370744 0.802335739 0.043518465 -0.276988208 0.526916683
1403715913434057984.000000 0.247549444 0.040662885 -1.248687267 0.808655500 0.051846802 -0.279546797 0.515016437
1403715913484058112.000000 0.233390152 0.043001175 -1.276925445 0.813726306 0.060095131 -0.280444622 0.505558074
1403715913534057984.000000 0.217674136 0.048645973 -1.303043962 0.817162752 0.069545701 -0.281907976 0.497932166
1403715913584058112.000000 0.201865852 0.057637334 -1.328782320 0.818315446 0.083049841 -0.285685301 0.491778970
1403715913634057984.000000 0.185752600 0.069781899 -1.354643106 0.818978906 0.094267458 -0.287989855 0.487287521
1403715913684058112.000000 0.168879986 0.083808184 -1.382766962 0.819111347 0.103431948 -0.289803267 0.484120399
1403715913734057984.000000 0.151928782 0.103371024 -1.411211491 0.819166362 0.106327787 -0.291889101 0.482142955
1403715913784058112.000000 0.137381792 0.130542159 -1.441842794 0.819020331 0.103746384 -0.293897271 0.481733203
1403715913834057984.000000 0.119084239 0.157481909 -1.473967314 0.818105698 0.097635046 -0.297886193 0.482114375
1403715913884058112.000000 0.100885630 0.188086748 -1.507948160 0.816989124 0.090002887 -0.301683307 0.483130962
1403715913934057984.000000 0.083439529 0.222028613 -1.543762922 0.816018164 0.082198985 -0.304366291 0.484477907
1403715913984058112.000000 0.068722725 0.262798905 -1.580455780 0.815038264 0.076171309 -0.305825651 0.486190647
1403715914034057984.000000 0.051660001 0.301344872 -1.620230675 0.813628912 0.072328456 -0.307506442 0.488074183
1403715914084058112.000000 0.035241961 0.341981649 -1.661921740 0.811943471 0.072030097 -0.308923662 0.490026295
1403715914134057984.000000 0.017618418 0.383560061 -1.705225468 0.810086310 0.071463414 -0.310026795 0.492480189
1403715914184058112.000000 0.000094116 0.427446723 -1.750262976 0.809140205 0.067937218 -0.308250159 0.495639682
1403715914234057984.000000 -0.016486079 0.479135036 -1.795060158 0.807089806 0.056389697 -0.307760119 0.500709414
1403715914284058112.000000 -0.034908235 0.525733232 -1.841886878 0.803886592 0.044110961 -0.307972133 0.506925821
1403715914334057984.000000 -0.053450286 0.572831392 -1.889472246 0.799055040 0.031614609 -0.310152858 0.514117539
1403715914384058112.000000 -0.071745306 0.619743824 -1.937808752 0.792958617 0.019773189 -0.313803434 0.521874607
1403715914434057984.000000 -0.086029090 0.671461344 -1.982992053 0.786050022 0.009880475 -0.317543477 0.530277193
1403715914484058112.000000 -0.103508063 0.716643333 -2.032935858 0.778867185 0.003511293 -0.320818096 0.538915098
1403715914534057984.000000 -0.120693490 0.760153770 -2.083676100 0.771943152 -0.002760913 -0.323310554 0.547326624
1403715914584058112.000000 -0.137219444 0.801886797 -2.134978533 0.765509903 -0.008307381 -0.323302537 0.556238353
1403715914634057984.000000 -0.153347462 0.845065355 -2.185651064 0.758958042 -0.016691307 -0.322092444 0.565650582
1403715914684058112.000000 -0.170875058 0.882219553 -2.237631798 0.752520502 -0.028421540 -0.318680465 0.575628340
1403715914734057984.000000 -0.188622683 0.916204453 -2.289228678 -0.745995283 0.040975641 0.313843668 -0.585930288
1403715914784058112.000000 -0.206812620 0.946776628 -2.340325356 -0.740155220 0.058967695 0.306043297 -0.595844388
1403715914834057984.000000 -0.223681450 0.975168228 -2.387432098 0.734802127 -0.075356685 -0.299074680 0.604104042
1403715914884058112.000000 -0.240541518 0.997516155 -2.436174154 0.729952276 -0.090258591 -0.291851640 0.611429334
1403715914934057984.000000 -0.256232858 1.014979362 -2.482566595 0.725648940 -0.100386679 -0.286480486 0.617482901
1403715914984058112.000000 -0.270476520 1.026993513 -2.526581287 0.722381353 -0.106921323 -0.281578064 0.622452259
1403715915034057984.000000 -0.268981874 1.030936241 -2.559498549 0.719950438 -0.113645345 -0.277811855 0.625761032
1403715915084058112.000000 -0.279747307 1.031707287 -2.597220898 0.718277693 -0.117632255 -0.273646355 0.628774643
1403715915134057984.000000 -0.288590908 1.026678085 -2.631494761 0.716915131 -0.118454136 -0.271317959 0.631179750
1403715915184058112.000000 -0.295395911 1.015888214 -2.662379265 0.717021763 -0.117187291 -0.267683178 0.632844985
1403715915234057984.000000 -0.298699796 1.000155926 -2.690651655 -0.718083084 0.105620526 0.265386432 -0.634642422
1403715915284058112.000000 -0.300402224 0.979360342 -2.715206146 -0.719770789 0.089515164 0.264248252 -0.635680676
1403715915334057984.000000 -0.306183398 0.955723286 -2.735087633 0.721170902 -0.069326289 -0.266515970 0.635669470
1403715915384058112.000000 -0.308191031 0.928365707 -2.754014015 0.722299993 -0.050478995 -0.268542826 0.635310471
1403715915434057984.000000 -0.313690633 0.898877621 -2.770215034 0.722593963 -0.034507297 -0.272555500 0.634334922
1403715915484058112.000000 -0.322488308 0.867639780 -2.784272671 0.723494172 -0.022645801 -0.274063528 0.633192360
1403715915534057984.000000 -0.335017860 0.835436106 -2.797395706 0.724339902 -0.014155008 -0.274428368 0.632313550
1403715915584058112.000000 -0.349233776 0.801436186 -2.803764343 0.725479841 -0.006456256 -0.275442153 0.630689323
1403715915634057984.000000 -0.367150962 0.767124414 -2.813234806 0.725494266 0.002112448 -0.278350085 0.629424214
1403715915684058112.000000 -0.386120886 0.731925964 -2.822529316 0.725557745 0.008754171 -0.280882776 0.628167391
1403715915734057984.000000 -0.406346887 0.696363926 -2.831644773 0.725668907 0.009389490 -0.283701390 0.626761556
1403715915784058112.000000 -0.427311927 0.661723852 -2.841118336 0.725870907 0.005934819 -0.285853833 0.625590742
1403715915834057984.000000 -0.448150933 0.625217438 -2.851137161 0.725695848 0.000831827 -0.288525045 0.624594510
1403715915884058112.000000 -0.464987904 0.587038279 -2.858910084 0.725537717 -0.004379354 -0.291883677 0.623201251
1403715915934057984.000000 -0.485416681 0.548571587 -2.869812250 0.725469410 -0.008776835 -0.294147402 0.622169197
1403715915984058112.000000 -0.505096495 0.508472919 -2.881068468 0.726827979 -0.009805184 -0.293252200 0.620989740
1403715916034057984.000000 -0.524458647 0.466746569 -2.892621040 0.728631437 -0.008597576 -0.290459305 0.620206237
1403715916084058112.000000 -0.542758048 0.425087929 -2.904540062 0.729785562 -0.006167209 -0.286566883 0.620688796
1403715916134057984.000000 -0.558829188 0.379775047 -2.915968895 0.728798985 -0.004203292 -0.284693837 0.622722924
1403715916184058112.000000 -0.577451050 0.335871458 -2.926775217 0.726899981 -0.000875012 -0.279759347 0.627176583
1403715916234057984.000000 -0.596018195 0.291587591 -2.936854124 0.723419547 0.001290077 -0.274812281 0.633356810
1403715916284058112.000000 -0.614324391 0.246647596 -2.946391106 0.718002498 0.003306511 -0.270192593 0.641449571
1403715916334057984.000000 -0.631959021 0.202065229 -2.955544949 0.711261809 0.005618768 -0.265482605 0.650840998
1403715916384058112.000000 -0.648330390 0.155398130 -2.966400385 0.703954339 0.006480315 -0.259732276 0.661018550
1403715916434057984.000000 -0.665836334 0.109894037 -2.974919319 0.696129978 0.006207536 -0.253085375 0.671797812
1403715916484058112.000000 -0.683514118 0.064253807 -2.983085394 0.687053800 0.003905990 -0.246966213 0.683337152
1403715916534057984.000000 -0.700686276 0.018378258 -2.990956783 0.676870704 0.000767230 -0.241578594 0.695331037
1403715916584058112.000000 -0.710763216 -0.026511908 -2.999387980 0.665792167 -0.000578634 -0.236690924 0.707600057
1403715916634057984.000000 -0.727330923 -0.071543217 -3.005737543 0.654980719 -0.004028606 -0.229472056 0.719949126
1403715916684058112.000000 -0.743354976 -0.116832018 -3.011389732 0.644668043 -0.008090437 -0.221641243 0.731582403
1403715916734057984.000000 -0.756836593 -0.162718296 -3.017879486 0.635754943 -0.012600630 -0.213390410 0.741701722
1403715916784058112.000000 -0.771036983 -0.208454609 -3.022134066 0.627902806 -0.017321791 -0.204722941 0.750684083
1403715916834057984.000000 -0.784157336 -0.254147291 -3.025042534 0.620598435 -0.021559468 -0.197314426 0.758590758
1403715916884058112.000000 -0.794348717 -0.298929930 -3.027680874 0.615535676 -0.027432339 -0.186570540 0.765215576
1403715916934057984.000000 -0.803132892 -0.344385624 -3.027609110 0.610814095 -0.029389255 -0.177172303 0.771137118
1403715916984058112.000000 -0.810184538 -0.389626980 -3.025323391 0.606708109 -0.031115146 -0.168881327 0.776154816
1403715917034057984.000000 -0.816073596 -0.431404114 -3.018865108 0.603429198 -0.031355884 -0.161330476 0.780296504
1403715917084058112.000000 -0.817149222 -0.476202965 -3.011393785 0.599747181 -0.024335859 -0.156682491 0.784322500
1403715917134057984.000000 -0.814543247 -0.520145416 -3.001046658 0.595764041 -0.009282008 -0.151646942 0.788658619
1403715917184058112.000000 -0.808919728 -0.562264204 -2.988503695 0.588568747 0.011998299 -0.153107941 0.793725908
1403715917234057984.000000 -0.807825804 -0.598766804 -2.973027945 0.579923689 0.033282273 -0.156101674 0.798882425
1403715917284058112.000000 -0.802240729 -0.635166883 -2.958195925 0.570267558 0.047600660 -0.159018561 0.804513693
1403715917334057984.000000 -0.796706200 -0.668559074 -2.943778038 0.561639905 0.058948327 -0.159442559 0.809730709
1403715917384058112.000000 -0.792128146 -0.698719978 -2.930043221 0.554677844 0.065087371 -0.159494713 0.814037859
1403715917434057984.000000 -0.787227750 -0.726577282 -2.917773485 0.549084544 0.067071050 -0.159670517 0.817626417
1403715917484058112.000000 -0.783123195 -0.751860142 -2.906752825 0.545746744 0.060138669 -0.157916084 0.820735335
1403715917534057984.000000 -0.792537868 -0.768149734 -2.894563437 0.542421341 0.050645124 -0.158939645 0.823378682
1403715917584058112.000000 -0.791250765 -0.788929701 -2.884659767 0.541231394 0.038839944 -0.156549230 0.825259030
1403715917634057984.000000 -0.791270792 -0.808468580 -2.874298811 0.540891826 0.030040458 -0.153844148 0.826356888
1403715917684058112.000000 -0.795522511 -0.826849699 -2.862392902 0.542028129 0.025612554 -0.148345843 0.826766610
1403715917734057984.000000 -0.804705143 -0.839924335 -2.848973513 0.544392586 0.026765542 -0.141061306 0.826451540
1403715917784058112.000000 -0.807691991 -0.854743123 -2.836021662 0.546053529 0.030443834 -0.136114702 0.826057792
1403715917834057984.000000 -0.810051560 -0.866370082 -2.823192835 0.547685266 0.036331590 -0.132524103 0.825323164
1403715917884058112.000000 -0.812509537 -0.873014212 -2.809234381 0.549661696 0.043210063 -0.129591405 0.824142635
1403715917934057984.000000 -0.812544942 -0.877807975 -2.796624899 0.550169587 0.048352044 -0.130338311 0.823399961
1403715917984058112.000000 -0.812177598 -0.878830791 -2.784270763 0.550398827 0.053412516 -0.132975921 0.822511852
1403715918034057984.000000 -0.806574583 -0.876041293 -2.773044348 0.549326837 0.059714504 -0.137131363 0.822112679
1403715918084058112.000000 -0.811357856 -0.870844841 -2.758335114 0.545206487 0.063695394 -0.143862516 0.823405385
1403715918134057984.000000 -0.809979320 -0.860851526 -2.747047186 0.539088428 0.065577395 -0.151393026 0.825931907
1403715918184058112.000000 -0.810119331 -0.847507119 -2.736054897 0.532345355 0.068313532 -0.155923218 0.829234421
1403715918234057984.000000 -0.809958875 -0.831696749 -2.726599216 0.526968896 0.068930790 -0.154030606 0.832962751
1403715918284058112.000000 -0.810627997 -0.813244462 -2.719062805 0.522092998 0.067241974 -0.148650602 0.837138295
1403715918334057984.000000 -0.814940333 -0.791870475 -2.710748911 0.517219126 0.058824953 -0.141685441 0.841991246
1403715918384058112.000000 -0.823177338 -0.768317103 -2.702016592 0.511847138 0.046124298 -0.135103032 0.847131789
1403715918434057984.000000 -0.835331142 -0.742990732 -2.692327499 0.505818188 0.032512050 -0.128786966 0.852352619
1403715918484058112.000000 -0.850823641 -0.715815663 -2.681235313 0.499067307 0.019602466 -0.123928159 0.857431889
1403715918534057984.000000 -0.867273092 -0.697530627 -2.668795347 0.491658330 0.010246906 -0.119641908 0.862469077
1403715918584058112.000000 -0.886565626 -0.666729212 -2.654527426 0.484693199 0.002697764 -0.115406260 0.867033303
1403715918634057984.000000 -0.906070709 -0.635077238 -2.638211727 0.477881670 -0.001023004 -0.114081025 0.870984316
1403715918684058112.000000 -0.923763394 -0.604591966 -2.620865583 0.470690310 -0.002098814 -0.116186120 0.874612510
1403715918734057984.000000 -0.937998593 -0.569865942 -2.603410006 0.463827014 -0.002235169 -0.121968247 0.877486944
1403715918784058112.000000 -0.947601140 -0.534395218 -2.586046219 0.456697136 0.000580150 -0.130592376 0.879984677
1403715918834057984.000000 -0.950433612 -0.509217143 -2.572961569 0.449494660 -0.000212499 -0.140790761 0.882118225
1403715918884058112.000000 -0.954024374 -0.473715305 -2.556518316 0.443476617 -0.003054717 -0.152570382 0.883199513
1403715918934057984.000000 -0.954152465 -0.439137459 -2.541207552 0.438707739 -0.008442022 -0.162464410 0.883781433
1403715918984058112.000000 -0.950964332 -0.405609369 -2.525831699 0.435239851 -0.015336587 -0.170149535 0.883957148
1403715919034057984.000000 -0.943351626 -0.381771445 -2.514133692 0.432022065 -0.022255450 -0.176875114 0.884068370
1403715919084058112.000000 -0.933405757 -0.353951693 -2.500728130 0.429249167 -0.026358942 -0.184694573 0.883707106
1403715919134057984.000000 -0.921044588 -0.329100490 -2.487291336 0.427006423 -0.024763925 -0.192544699 0.883164048
1403715919184058112.000000 -0.907653332 -0.307859778 -2.473688126 0.424816906 -0.018775569 -0.201467991 0.882376850
1403715919234057984.000000 -0.893898845 -0.290962100 -2.458636761 0.422772646 -0.009391028 -0.209879294 0.881547391
1403715919284058112.000000 -0.879809380 -0.277685761 -2.445287466 0.422226846 0.002873159 -0.216025412 0.880368888
1403715919334057984.000000 -0.866508186 -0.275739908 -2.434893847 0.421505481 0.014873636 -0.221580833 0.879212081
1403715919384058112.000000 -0.856891274 -0.268949389 -2.423296928 0.423695624 0.021529330 -0.219479948 0.878548265
1403715919434057984.000000 -0.851231754 -0.264910102 -2.411991358 0.427656174 0.022244435 -0.211569548 0.878552079
1403715919484058112.000000 -0.848335087 -0.263957024 -2.401420593 0.431912541 0.022132898 -0.202433109 0.878625393
1403715919534057984.000000 -0.853661537 -0.261946321 -2.388910294 0.435418516 0.021581070 -0.193903908 0.878832340
1403715919584058112.000000 -0.858099878 -0.264741421 -2.377779722 0.438536376 0.021811202 -0.186536208 0.878871143
1403715919634057984.000000 -0.865974426 -0.268983006 -2.365923405 0.440580398 0.021455044 -0.181087121 0.878997147
1403715919684058112.000000 -0.875778198 -0.275486946 -2.354295015 0.441309780 0.021666162 -0.178539395 0.879147291
1403715919734057984.000000 -0.889616311 -0.282308936 -2.341916323 0.440967351 0.022368023 -0.178435326 0.879322708
1403715919784058112.000000 -0.905317307 -0.290231943 -2.329391718 0.439605862 0.025024377 -0.180689797 0.879472375
1403715919834057984.000000 -0.918856144 -0.300956726 -2.321646690 0.438490063 0.025493024 -0.182235777 0.879697025
1403715919884058112.000000 -0.937467813 -0.310771465 -2.311225653 0.437704861 0.026564760 -0.184211910 0.879644692
1403715919934057984.000000 -0.956615090 -0.321879148 -2.302545309 0.437485486 0.024270706 -0.185617402 0.879524708
1403715919984058112.000000 -0.974947512 -0.334225059 -2.295550346 0.437530816 0.018294591 -0.186780572 0.879400492
1403715920034057984.000000 -0.991183579 -0.349183917 -2.289046049 0.437607855 0.013701950 -0.187966183 0.879193068
1403715920084058112.000000 -1.001231909 -0.364000320 -2.286174536 0.438367784 0.009101090 -0.188269123 0.878809214
1403715920134057984.000000 -1.010774255 -0.381164551 -2.285408735 0.439172596 0.004355083 -0.188062355 0.878487945
1403715920184058112.000000 -1.017087579 -0.399802804 -2.286633968 0.440107912 0.001163186 -0.187291488 0.878194511
1403715920234057984.000000 -1.019831896 -0.420989633 -2.289268017 0.442318946 -0.002049016 -0.184475839 0.877677858
1403715920284058112.000000 -1.020025015 -0.443623900 -2.295050383 0.446304828 -0.001691886 -0.179667145 0.876657784
1403715920334057984.000000 -1.012233734 -0.469629526 -2.298365593 0.451520234 -0.000274390 -0.174356759 0.875059485
1403715920384058112.000000 -1.005493879 -0.495830417 -2.305231333 0.455910265 0.001660783 -0.170396954 0.873560607
1403715920434057984.000000 -0.996569753 -0.522980571 -2.311876297 0.460686028 0.004813142 -0.164248616 0.872219920
1403715920484058112.000000 -0.986718774 -0.550802231 -2.317953587 0.464818984 0.008451029 -0.159279287 0.870920241
1403715920534057984.000000 -0.978193820 -0.576755166 -2.324896574 0.468737036 0.013260239 -0.154219136 0.869670212
1403715920584058112.000000 -0.968656361 -0.604122758 -2.330822229 0.472038060 0.018215440 -0.148993328 0.868705511
1403715920634057984.000000 -0.960031033 -0.630759597 -2.336430788 0.475273103 0.022579370 -0.144084632 0.867666602
1403715920684058112.000000 -0.951975703 -0.656710386 -2.342234373 0.478794605 0.026721261 -0.139885083 0.866299033
1403715920734057984.000000 -0.938739359 -0.678282738 -2.347602367 0.482286900 0.032224037 -0.137335613 0.864580810
1403715920784058112.000000 -0.924969196 -0.700855017 -2.355545282 0.486846149 0.035633892 -0.135106370 0.862239778
1403715920834057984.000000 -0.909391701 -0.721844554 -2.364510059 0.491024047 0.038314011 -0.136325791 0.859559596
1403715920884058112.000000 -0.891775370 -0.740729690 -2.374913931 0.495967001 0.037699711 -0.138177767 0.856447577
1403715920934057984.000000 -0.870345294 -0.753394008 -2.387181997 0.502074122 0.033609480 -0.140151247 0.852730751
1403715920984058112.000000 -0.849584281 -0.767888546 -2.399623632 0.507924080 0.025517406 -0.144185334 0.848865509
1403715921034057984.000000 -0.825844884 -0.779871821 -2.412344456 0.513885558 0.017728619 -0.148581952 0.844707549
1403715921084058112.000000 -0.801997602 -0.790748000 -2.425876379 0.519931734 0.011178426 -0.154788598 0.839992046
1403715921134057984.000000 -0.773264706 -0.797808051 -2.439815521 0.525182962 0.006753070 -0.160918534 0.835609138
1403715921184058112.000000 -0.746897399 -0.806955934 -2.450864792 0.529878080 0.005771847 -0.165487096 0.831751168
1403715921234057984.000000 -0.720572650 -0.815672278 -2.460656643 0.533569157 0.004862577 -0.170175552 0.828444719
1403715921284058112.000000 -0.694038033 -0.823880911 -2.469371796 0.536017716 0.006209795 -0.175397500 0.825761616
1403715921334057984.000000 -0.664368093 -0.829939604 -2.480788231 0.537284315 0.006669776 -0.181641132 0.823582232
1403715921384058112.000000 -0.637719810 -0.837467790 -2.487686872 0.538014472 0.007639031 -0.188083082 0.821648896
1403715921434057984.000000 -0.610679090 -0.845144391 -2.494322538 0.538056314 0.008925522 -0.194216311 0.820180357
1403715921484058112.000000 -0.582752287 -0.852648020 -2.501367807 0.538144827 0.008769461 -0.198134899 0.819186151
1403715921534057984.000000 -0.555461228 -0.860221028 -2.511334181 0.538467705 0.009833447 -0.200290963 0.818437219
1403715921584058112.000000 -0.525040686 -0.869527340 -2.519162178 0.538607478 0.009977775 -0.201807484 0.817970872
1403715921634057984.000000 -0.490681857 -0.879689813 -2.528874636 0.538626313 0.011603342 -0.202278897 0.817820549
1403715921684058112.000000 -0.453064084 -0.890213013 -2.540320158 0.538526893 0.010178770 -0.201976031 0.817979813
1403715921734057984.000000 -0.421757817 -0.901618004 -2.554418087 0.538348675 0.009483104 -0.200990871 0.818348050
1403715921784058112.000000 -0.383353651 -0.914020538 -2.566285610 0.539851964 0.007469527 -0.195919037 0.818608522
1403715921834057984.000000 -0.345640868 -0.926700115 -2.578055143 0.540510893 0.005769706 -0.192674115 0.818957567
1403715921884058112.000000 -0.309807092 -0.939746380 -2.589068174 0.541211843 0.004089374 -0.189066336 0.819345474
1403715921934057984.000000 -0.280925751 -0.951172113 -2.599654675 0.541237891 0.004603234 -0.186002865 0.820026398
1403715921984058112.000000 -0.250155509 -0.965223193 -2.608038664 0.541026354 0.004173309 -0.184117526 0.820593655
1403715922034057984.000000 -0.219820023 -0.979230046 -2.615836143 0.539990366 0.005141849 -0.183895037 0.821319997
1403715922084058112.000000 -0.189106286 -0.993502021 -2.623205185 0.539131880 0.007978524 -0.183376998 0.821976960
1403715922134057984.000000 -0.167225659 -1.006592870 -2.629594564 0.539067268 0.010707758 -0.180358797 0.822655797
1403715922184058112.000000 -0.132018268 -1.020339966 -2.638192415 0.539362848 0.014213204 -0.177479804 0.823035061
1403715922234057984.000000 -0.095065780 -1.033356071 -2.647267580 0.539815605 0.017852224 -0.173960268 0.823418677
1403715922284058112.000000 -0.054839630 -1.046007752 -2.657611370 0.540175974 0.021537468 -0.171632662 0.823582649
1403715922334057984.000000 -0.015132613 -1.057678699 -2.668110371 0.540161848 0.025676565 -0.170511246 0.823706210
1403715922384058112.000000 0.027733192 -1.067938805 -2.679631710 0.539444625 0.028940406 -0.172207937 0.823714972
1403715922434057984.000000 0.069949806 -1.076879621 -2.691106319 0.538304925 0.031366780 -0.175669700 0.823640764
1403715922484058112.000000 0.104614004 -1.085034132 -2.702153683 0.538341463 0.032328732 -0.175959796 0.823517799
1403715922534057984.000000 0.144857481 -1.091247678 -2.713916779 0.538964570 0.031451076 -0.175266996 0.823291898
1403715922584058112.000000 0.184001803 -1.096613765 -2.725754499 0.540371060 0.030816492 -0.172248378 0.823031008
1403715922634057984.000000 0.220251411 -1.102658868 -2.737833500 0.541828632 0.030800389 -0.169385627 0.822667360
1403715922684058112.000000 0.254528940 -1.105459452 -2.747879028 0.542607546 0.030851413 -0.167856082 0.822465599
1403715922734057984.000000 0.285159141 -1.107140303 -2.756675005 0.542596519 0.030910727 -0.168704316 0.822297037
1403715922784058112.000000 0.309708178 -1.109875441 -2.765110016 0.541915298 0.032115251 -0.170996308 0.822226703
1403715922834057984.000000 0.332389593 -1.109427214 -2.771428823 0.540984929 0.033028115 -0.174633533 0.822038710
1403715922884058112.000000 0.351022363 -1.108389974 -2.776641607 0.540213883 0.034082901 -0.177868143 0.821809173
1403715922934057984.000000 0.366573542 -1.106921434 -2.780882835 0.539254367 0.034453046 -0.180655181 0.821815968
1403715922984058112.000000 0.379964560 -1.105593324 -2.785540342 0.538940251 0.035489850 -0.182430208 0.821585774
1403715923034057984.000000 0.393868566 -1.105303407 -2.794524193 0.538172960 0.036126632 -0.183997914 0.821711361
1403715923084058112.000000 0.405304611 -1.102246881 -2.800423145 0.537504852 0.035956036 -0.185689077 0.821775675
1403715923134057984.000000 0.417302668 -1.098364830 -2.807852030 0.537127256 0.034621526 -0.187509000 0.821666658
1403715923184058112.000000 0.431133360 -1.093512774 -2.817715168 0.536384046 0.031849761 -0.190165505 0.821653783
1403715923234057984.000000 0.446129918 -1.088657737 -2.827249527 0.535295010 0.028504815 -0.193091094 0.821804523
1403715923284058112.000000 0.465050459 -1.083650112 -2.840682983 0.535318673 0.023542348 -0.194172278 0.821691513
1403715923334057984.000000 0.486789286 -1.079283476 -2.857262850 0.535908520 0.018645883 -0.192954928 0.821719408
1403715923384058112.000000 0.507552981 -1.074253559 -2.873069048 0.537791729 0.012473195 -0.188894972 0.821549296
1403715923434057984.000000 0.526847064 -1.069769979 -2.887901306 0.539875686 0.007378423 -0.183959991 0.821363866
1403715923484058112.000000 0.543662906 -1.065323472 -2.901637316 0.542145431 0.002221867 -0.178422675 0.821120381
1403715923534057984.000000 0.559142828 -1.061361432 -2.915618896 0.544408977 -0.002255162 -0.172276080 0.820935369
1403715923584058112.000000 0.566825032 -1.056235552 -2.922498465 0.546767592 -0.005619518 -0.166026875 0.820639253
1403715923634057984.000000 0.573625743 -1.051700473 -2.929172039 0.548711836 -0.008263536 -0.160851315 0.820349872
1403715923684058112.000000 0.574463010 -1.046498418 -2.932437897 0.550347388 -0.009695626 -0.156452477 0.820089340
1403715923734057984.000000 0.570263207 -1.041025758 -2.932413578 0.551890433 -0.010132648 -0.152947545 0.819708109
1403715923784058112.000000 0.564331532 -1.036114335 -2.929221869 0.553443611 -0.009217156 -0.149262413 0.819351017
1403715923834057984.000000 0.550967813 -1.029695988 -2.921740294 0.554076612 -0.005972323 -0.147896901 0.819200873
1403715923884058112.000000 0.536599994 -1.022577047 -2.912391424 0.555150032 0.000276015 -0.145488426 0.818927050
1403715923934057984.000000 0.519784331 -1.014810681 -2.900341272 0.556210577 0.006917893 -0.142613992 0.818683863
1403715923984058112.000000 0.501199186 -1.005800128 -2.885826588 0.556612551 0.013959745 -0.142166585 0.818398714
1403715924034057984.000000 0.479643643 -0.995306611 -2.868887186 0.556524098 0.019663177 -0.142826229 0.818226755
1403715924084058112.000000 0.452607155 -0.983523726 -2.850454807 0.555382252 0.026462521 -0.144853622 0.818454504
1403715924134057984.000000 0.427541375 -0.969148636 -2.830963135 0.554287136 0.030827511 -0.148417592 0.818405628
1403715924184058112.000000 0.402390450 -0.952881694 -2.811064243 0.553164184 0.033099674 -0.151620984 0.818489432
1403715924234057984.000000 0.376789778 -0.934829831 -2.790744305 0.551343918 0.033888694 -0.156672314 0.818733990
1403715924284058112.000000 0.352463931 -0.914719701 -2.770054340 0.550504506 0.032786619 -0.159207359 0.818854690
1403715924334057984.000000 0.327969849 -0.893243194 -2.750343800 0.548724949 0.031647876 -0.163870379 0.819173932
1403715924384058112.000000 0.303767145 -0.870504379 -2.731130123 0.546993375 0.029169882 -0.168241546 0.819537818
1403715924434057984.000000 0.279511064 -0.846786261 -2.711818218 0.545722902 0.024350738 -0.170790359 0.820014775
1403715924484058112.000000 0.254690111 -0.823375821 -2.691345215 0.543817282 0.018991249 -0.175230131 0.820485532
1403715924534057984.000000 0.230872422 -0.798635721 -2.672484159 0.541861892 0.012828661 -0.178767398 0.821135461
1403715924584058112.000000 0.207705259 -0.773809075 -2.653396130 0.540362895 0.008763035 -0.180793673 0.821732879
1403715924634057984.000000 0.184707642 -0.749186277 -2.633459091 0.539944828 0.003043342 -0.178543553 0.822540343
1403715924684058112.000000 0.162252337 -0.724832416 -2.612120152 0.538411319 -0.002340974 -0.173833728 0.824554205
1403715924734057984.000000 0.140316442 -0.700208426 -2.590320349 0.535475969 -0.005201145 -0.167508021 0.827755690
1403715924784058112.000000 0.119153038 -0.676031232 -2.567007065 0.531067729 -0.007177330 -0.161424592 0.831779838
1403715924834057984.000000 0.099102043 -0.651537061 -2.542057276 0.525017083 -0.006978676 -0.154688507 0.836887062
1403715924884058112.000000 0.081470139 -0.626370668 -2.516508579 0.517027318 -0.006712481 -0.148734435 0.842921078
1403715924934057984.000000 0.063201942 -0.600301504 -2.488523960 0.507961154 -0.004079980 -0.141190588 0.849720001
1403715924984058112.000000 0.046161644 -0.573433995 -2.459145784 0.497022927 0.001774576 -0.135765240 0.857048929
1403715925034057984.000000 0.031127892 -0.544650793 -2.428421974 0.485081673 0.009969749 -0.129144832 0.864822567
1403715925084058112.000000 0.021079270 -0.516477466 -2.401202440 0.472250879 0.020661812 -0.123926334 0.872464657
1403715925134057984.000000 0.011700805 -0.485027432 -2.372087002 0.458799481 0.030119518 -0.119190946 0.879993975
1403715925184058112.000000 0.005168950 -0.451630294 -2.344206095 0.444874436 0.036815070 -0.114726938 0.887450933
1403715925234057984.000000 0.001505392 -0.416610718 -2.317850590 0.431809813 0.038976170 -0.108446427 0.894572854
1403715925284058112.000000 0.003835110 -0.380108356 -2.297044277 0.417883933 0.038411185 -0.102980219 0.901827455
1403715925334057984.000000 0.004698470 -0.340965331 -2.274389505 0.404832184 0.034009408 -0.095929168 0.908708930
1403715925384058112.000000 0.007449739 -0.300172865 -2.252756357 0.390942156 0.027997142 -0.089281432 0.915646851
1403715925434057984.000000 0.010684993 -0.257704556 -2.231839657 0.377463281 0.020728309 -0.082328834 0.922124624
1403715925484058112.000000 0.017435167 -0.214044243 -2.214220762 0.363365889 0.012308364 -0.076867417 0.928388536
1403715925534057984.000000 0.020595085 -0.168830365 -2.193424702 0.349034727 0.005892696 -0.070832424 0.934410393
1403715925584058112.000000 0.024045922 -0.122188687 -2.172159195 0.334257126 0.001654907 -0.065895580 0.940174103
1403715925634057984.000000 0.028140992 -0.074113190 -2.150117397 0.319416255 -0.000651310 -0.060215805 0.945699155
1403715925684058112.000000 0.035970703 -0.023794383 -2.129650831 0.304152161 -0.000705314 -0.054758888 0.951048136
1403715925734057984.000000 0.041121189 0.026598290 -2.106735945 0.288885146 0.000230309 -0.048807047 0.956118882
1403715925784058112.000000 0.046030909 0.078278013 -2.083035707 0.273283839 0.000356507 -0.043092910 0.960967720
1403715925834057984.000000 0.051363964 0.131146669 -2.058685064 0.257609218 0.002008745 -0.036677424 0.965550780
1403715925884058112.000000 0.058659755 0.185677469 -2.033972740 0.241520301 0.004407989 -0.031306498 0.969880700
1403715925934057984.000000 0.064410865 0.241053015 -2.008323431 0.224399000 0.007204260 -0.027297005 0.974088371
1403715925984058112.000000 0.070422620 0.297598332 -1.982283950 0.206924409 0.010661260 -0.022907369 0.978030682
1403715926034057984.000000 0.075973876 0.354993790 -1.955831051 0.190033704 0.014801983 -0.016343018 0.981530011
1403715926084058112.000000 0.078222722 0.413520604 -1.930564046 0.173322454 0.020922471 -0.007373031 0.984615266
1403715926134057984.000000 0.079276323 0.473270118 -1.902932525 0.155908763 0.027538341 0.002005422 0.987385511
1403715926184058112.000000 0.076695397 0.534153759 -1.875087142 0.137856916 0.033570908 0.011577263 0.989815414
1403715926234057984.000000 0.071167804 0.596501648 -1.847555637 0.119554415 0.038568463 0.020494999 0.991866529
1403715926284058112.000000 0.057005320 0.659005105 -1.821453810 0.100395322 0.043191187 0.028771579 0.993593216
1403715926334057984.000000 0.044212051 0.724459946 -1.794734120 0.080482975 0.047931910 0.035013769 0.994987011
1403715926384058112.000000 0.029255249 0.791161180 -1.769362330 0.060188580 0.052106906 0.040174346 0.996016204
1403715926434057984.000000 0.012618227 0.859268785 -1.746375918 0.039139848 0.058722902 0.042652551 0.996594429
1403715926484058112.000000 -0.008105608 0.925957918 -1.725800872 0.018113969 0.065785438 0.044677928 0.996668518
1403715926534057984.000000 -0.027227536 0.995847642 -1.707581043 -0.002398663 0.069297239 0.047268964 0.996472657
1403715926584058112.000000 -0.048140753 1.066041827 -1.692111969 -0.022289582 0.068807513 0.049405534 0.996156573
1403715926634057984.000000 -0.070690706 1.136251330 -1.679277420 -0.041500177 0.063877061 0.052696954 0.995701075
1403715926684058112.000000 -0.094835430 1.206224680 -1.670955420 0.059618052 -0.057064101 -0.057555772 -0.994925559
1403715926734057984.000000 -0.118538357 1.276196241 -1.663058043 0.077982202 -0.049105536 -0.060784385 -0.993887722
1403715926784058112.000000 -0.142017588 1.345766306 -1.657711387 0.096129127 -0.041304495 -0.062219616 -0.992563307
1403715926834057984.000000 -0.163719818 1.414517045 -1.655053258 0.113919891 -0.032494009 -0.061677858 -0.991041064
1403715926884058112.000000 -0.188283727 1.476371169 -1.650800943 -0.130004093 0.024804665 0.063206807 0.989185810
1403715926934057984.000000 -0.204569191 1.542337656 -1.653094530 -0.144802719 0.019051258 0.064784415 0.987153590
1403715926984058112.000000 -0.217546627 1.606707811 -1.656909585 -0.158157885 0.013636616 0.067668870 0.984997988
1403715927034057984.000000 -0.227650493 1.669576645 -1.661656380 -0.170674741 0.012156136 0.070410125 0.982733309
1403715927084058112.000000 -0.235979095 1.733086944 -1.668932080 0.183084726 -0.014692810 -0.072567232 -0.980305135
1403715927134057984.000000 -0.246048227 1.788275123 -1.665307999 -0.195877969 0.017616995 0.074017935 0.977672219
1403715927184058112.000000 -0.254644752 1.847489357 -1.671533823 -0.210772976 0.020860121 0.068332665 0.974920630
1403715927234057984.000000 -0.263381481 1.904283285 -1.677795172 -0.225539774 0.023909703 0.062628381 0.971924841
1403715927284058112.000000 -0.271782279 1.958312035 -1.683724642 -0.240193382 0.026273649 0.055891760 0.968758523
1403715927334057984.000000 -0.280360073 2.006972313 -1.690697551 0.254097700 -0.029728508 -0.050122164 -0.965421379
1403715927384058112.000000 -0.285665274 2.052342892 -1.685684919 -0.266855836 0.037214987 0.046794716 0.961880147
1403715927434057984.000000 -0.292182565 2.094487190 -1.692644238 -0.278922558 0.044390690 0.045313027 0.958216310
1403715927484058112.000000 -0.298311025 2.132131577 -1.699911237 -0.288448542 0.055605788 0.050637458 0.954537272
1403715927534057984.000000 -0.305058360 2.165527821 -1.707692266 -0.296777546 0.066487722 0.060572919 0.950701594
1403715927584058112.000000 -0.311775267 2.194615602 -1.709922671 -0.306343496 0.076545469 0.070594221 0.946208775
1403715927634057984.000000 -0.319995463 2.219514608 -1.721168160 -0.316016674 0.086263366 0.081721470 0.941283047
1403715927684058112.000000 -0.329271257 2.240779638 -1.734774828 -0.328069478 0.092028908 0.091253340 0.935721099
1403715927734057984.000000 -0.339856267 2.259395599 -1.749469280 0.342269093 -0.093728475 -0.098581597 -0.929703534
1403715927784058112.000000 -0.353499472 2.273306847 -1.766656280 -0.359309763 0.091620006 0.103238083 0.922954082
1403715927834057984.000000 -0.367070436 2.284513950 -1.786905289 -0.377799273 0.087367140 0.106474444 0.915586114
1403715927884058112.000000 -0.381509542 2.291985989 -1.809579730 -0.396769285 0.081998989 0.110497445 0.907546520
1403715927934057984.000000 -0.397692442 2.295000076 -1.834231377 -0.416893512 0.074564315 0.113225006 0.898788154
1403715927984058112.000000 -0.414706767 2.293014050 -1.859326839 -0.436807334 0.066724002 0.117952071 0.889288843
1403715928034057984.000000 -0.434783995 2.288759232 -1.885444522 -0.456714451 0.059995674 0.124528475 0.878808975
1403715928084058112.000000 -0.458171427 2.280684948 -1.911161184 -0.475175798 0.054892883 0.134995103 0.867739081
1403715928134057984.000000 -0.485339880 2.269144058 -1.936063647 -0.493118584 0.050080545 0.148681223 0.855698586
1403715928184058112.000000 -0.514272630 2.253071308 -1.962291002 -0.511406422 0.045121279 0.162000000 0.842723966
1403715928234057984.000000 -0.547023058 2.235838413 -1.985340357 -0.529828966 0.045229830 0.174361393 0.828754306
1403715928284058112.000000 -0.581962168 2.216228962 -2.007451057 -0.549049854 0.047572643 0.183211699 0.814072907
1403715928334057984.000000 -0.618157506 2.194292068 -2.029174328 -0.568621218 0.053169843 0.189370111 0.798737645
1403715928384058112.000000 -0.649038970 2.167951584 -2.055524349 -0.587765217 0.057707284 0.193403989 0.783451855
1403715928434057984.000000 -0.686627805 2.139573574 -2.077385187 -0.604835033 0.062424328 0.199175403 0.768509626
1403715928484058112.000000 -0.725404561 2.107852459 -2.099084139 -0.619647741 0.063907526 0.207934573 0.754132509
1403715928534057984.000000 -0.764972687 2.072919607 -2.120817661 -0.632125914 0.060260259 0.218904927 0.740855098
1403715928584058112.000000 -0.799187899 2.035835981 -2.146787167 -0.641739309 0.055681292 0.231114447 0.729147732
1403715928634057984.000000 -0.835861027 1.995404243 -2.169752598 -0.650303245 0.051384505 0.239548638 0.719084084
1403715928684058112.000000 -0.869541943 1.952986002 -2.194081783 -0.656911194 0.043878384 0.246446460 0.711200893
1403715928734057984.000000 -0.900484443 1.909066677 -2.219568014 -0.660247326 0.031809758 0.255525619 0.705527067
1403715928784058112.000000 -0.922975302 1.865190268 -2.250885010 -0.660061002 0.016305383 0.267726094 0.701695383
1403715928834057984.000000 -0.944383383 1.820229530 -2.279768944 -0.656604946 0.000321893 0.279659748 0.700471580
1403715928884058112.000000 -0.959528327 1.776847601 -2.310357332 -0.650123417 -0.014866543 0.291240484 0.701639175
1403715928934057984.000000 -0.967720747 1.735842228 -2.342894554 -0.641855836 -0.027591310 0.299600035 0.705336571
1403715928984058112.000000 -0.957940221 1.700744867 -2.383010387 -0.631070912 -0.040153749 0.307407320 0.711082280
1403715929034057984.000000 -0.953225970 1.668637991 -2.420212746 -0.620504379 -0.050270773 0.312925875 0.717303753
1403715929084058112.000000 -0.943221331 1.641999960 -2.459727287 -0.610207796 -0.058130302 0.317507118 0.723503053
1403715929134057984.000000 -0.930145264 1.621147871 -2.500439644 -0.601221263 -0.066628411 0.319396615 0.729437828
1403715929184058112.000000 -0.918027461 1.598490715 -2.543752909 -0.592217863 -0.074901313 0.320221841 0.735612571
1403715929234057984.000000 -0.905203938 1.588238716 -2.583214283 -0.585963726 -0.082206555 0.316668928 0.741356432
1403715929284058112.000000 -0.893916607 1.583906651 -2.621230841 -0.583291233 -0.089130946 0.305946738 0.747143626
1403715929334057984.000000 -0.883294404 1.585193396 -2.657402039 -0.585150719 -0.092644125 0.285568118 0.753303766
1403715929384058112.000000 -0.877013981 1.594817162 -2.689446449 0.589072824 0.096433163 -0.259573311 -0.759154558
1403715929434057984.000000 -0.858973503 1.603960276 -2.720626831 -0.595303118 -0.098157331 0.229932696 0.763616681
1403715929484058112.000000 -0.848511934 1.617339611 -2.745888472 -0.601894438 -0.098697238 0.200520113 0.766664088
1403715929534057984.000000 -0.836308539 1.632505417 -2.765919924 -0.608352005 -0.100953519 0.172483236 0.768092334
1403715929584058112.000000 -0.821465909 1.648163795 -2.779866695 -0.614508748 -0.101282291 0.148397416 0.768179178
1403715929634057984.000000 -0.803808391 1.662754297 -2.787127972 0.619139433 0.103417359 -0.131837845 -0.767196238
1403715929684058112.000000 -0.781656086 1.671283722 -2.788035393 -0.621067047 -0.099417485 0.131557837 0.766214371
1403715929734057984.000000 -0.761448264 1.683373451 -2.779936790 -0.620123029 -0.090643518 0.145431474 0.765559196
1403715929784058112.000000 -0.739110291 1.695140362 -2.764987946 -0.617994130 -0.076551817 0.163706869 0.765129566
1403715929834057984.000000 -0.716354966 1.706698895 -2.744046211 -0.616149604 -0.059924796 0.179376155 0.764586747
1403715929884058112.000000 -0.693404555 1.718225956 -2.718080521 0.613718331 0.037810627 -0.195648581 -0.763964593
1403715929934057984.000000 -0.673013151 1.729044437 -2.688599348 0.610672593 0.015282450 -0.212430418 -0.762704968
1403715929984058112.000000 -0.654719234 1.739726543 -2.656512499 0.608076930 -0.005799462 -0.225894704 -0.761039019
1403715930034057984.000000 -0.638804555 1.750243664 -2.623051882 0.605531454 -0.023186384 -0.237604544 -0.759169400
1403715930084058112.000000 -0.625983059 1.751498699 -2.592462540 -0.602468491 0.040232707 0.249858245 0.756957054
1403715930134057984.000000 -0.613016367 1.759693384 -2.560802937 -0.600090802 0.054123379 0.259372681 0.754776537
1403715930184058112.000000 -0.601343751 1.766612291 -2.531980991 -0.597688615 0.066725619 0.268594861 0.752444565
1403715930234057984.000000 -0.590458393 1.772505045 -2.506650925 -0.595570207 0.075890675 0.276861191 0.750256360
1403715930284058112.000000 -0.578678608 1.778066397 -2.483750820 0.594665110 -0.082719058 -0.282858878 -0.748012006
1403715930334057984.000000 -0.570138514 1.781723976 -2.466399670 0.595159173 -0.082731649 -0.285512209 -0.746608257
1403715930384058112.000000 -0.563759804 1.784262180 -2.453584909 0.595902383 -0.076459371 -0.287459403 -0.745936692
1403715930434057984.000000 -0.560488760 1.786022425 -2.444113255 0.597155213 -0.064938068 -0.288147509 -0.745761156
1403715930484058112.000000 -0.561308503 1.786445618 -2.436728954 0.598284781 -0.051942397 -0.289554626 -0.745329082
1403715930534057984.000000 -0.569986403 1.787701368 -2.429786444 -0.598881543 0.040944353 0.290722340 0.745080590
1403715930584058112.000000 -0.578320146 1.788270473 -2.425320387 -0.598720431 0.029169697 0.293862283 0.744532108
1403715930634057984.000000 -0.587659359 1.790325165 -2.423277140 -0.598431945 0.019232832 0.297204792 0.743759811
1403715930684058112.000000 -0.595814466 1.794006824 -2.424195290 -0.597380877 0.012358021 0.301968724 0.742831290
1403715930734057984.000000 -0.601854503 1.800031185 -2.428823948 -0.596940637 0.009118766 0.305222243 0.741901696
1403715930784058112.000000 -0.603289247 1.809373617 -2.437546253 0.596937954 -0.006215157 -0.307682782 -0.740916848
1403715930834057984.000000 -0.602876723 1.821449757 -2.449232101 0.598356426 -0.000047824 -0.305766225 -0.740592182
1403715930884058112.000000 -0.599184632 1.835972309 -2.464122057 0.601078749 0.009636438 -0.300202370 -0.740601122
1403715930934057984.000000 -0.592751622 1.852833509 -2.481475830 0.604401767 0.018457543 -0.292980820 -0.740621507
1403715930984058112.000000 -0.585561275 1.872006655 -2.499258995 0.606309712 0.027202623 -0.288260490 -0.740644693
1403715931034057984.000000 -0.588470697 1.897099733 -2.512409449 -0.607025206 -0.036060397 0.287310958 0.740048945
1403715931084058112.000000 -0.585849285 1.921301126 -2.527473450 -0.606760383 -0.043901868 0.288782477 0.739269376
1403715931134057984.000000 -0.585304737 1.948133945 -2.540981054 -0.605744481 -0.050260626 0.291726381 0.738541365
1403715931184058112.000000 -0.584537685 1.978288889 -2.553882122 -0.604876518 -0.054571789 0.293581367 0.738211513
1403715931234057984.000000 -0.575736225 2.013715744 -2.570105553 0.604713559 0.056326944 -0.294503063 -0.737846076
1403715931284058112.000000 -0.574579537 2.052151918 -2.583095312 -0.604862094 -0.056525007 0.294839144 0.737574935
1403715931334057984.000000 -0.563889682 2.094257593 -2.596774578 -0.605061173 -0.052878980 0.295405835 0.737455308
1403715931384058112.000000 -0.549418926 2.140872240 -2.611013889 -0.605570138 -0.049051575 0.294833273 0.737531185
1403715931434057984.000000 -0.532986999 2.191481113 -2.625503063 -0.606515467 -0.045815561 0.292016178 0.738083005
1403715931484058112.000000 -0.521877348 2.245698690 -2.641582489 -0.606634617 -0.042181317 0.290402085 0.738838255
1403715931534057984.000000 -0.507436216 2.301574469 -2.653948545 -0.607121766 -0.040166665 0.287781119 0.739575446
1403715931584058112.000000 -0.495465785 2.360000849 -2.664260864 -0.607901514 -0.038485225 0.283555567 0.740655720
1403715931634057984.000000 -0.486964405 2.420374155 -2.672407150 -0.608181834 -0.037951685 0.279961139 0.741819680
1403715931684058112.000000 -0.482949018 2.483144522 -2.681262016 -0.608781099 -0.036962561 0.274396926 0.743455231
1403715931734057984.000000 -0.480278194 2.546380281 -2.685315609 -0.609087110 -0.037191037 0.270081639 0.744772196
1403715931784058112.000000 -0.480103821 2.610841513 -2.687678814 -0.609048605 -0.036615092 0.266214877 0.746223032
1403715931834057984.000000 -0.480011404 2.676356316 -2.689095497 -0.608784318 -0.032802559 0.263091713 0.747722208
1403715931884058112.000000 -0.479468882 2.743389606 -2.691336393 -0.609740794 -0.026229747 0.256269962 0.749569118
1403715931934057984.000000 -0.477460772 2.811166763 -2.691564083 -0.610914886 -0.019210419 0.249999031 0.750942469
1403715931984058112.000000 -0.474683732 2.879288435 -2.691282272 -0.612512290 -0.011408287 0.242630899 0.752215922
1403715932034057984.000000 -0.471386135 2.947257280 -2.690575361 -0.613518953 -0.001904431 0.236825645 0.753328979
1403715932084058112.000000 -0.465168476 3.013472080 -2.690593243 -0.615524828 0.008482883 0.227934599 0.754389286
1403715932134057984.000000 -0.458288819 3.079678535 -2.689952850 -0.618638039 0.020539867 0.216537878 0.754967928
1403715932184058112.000000 -0.449900120 3.143594265 -2.689213276 -0.622319520 0.032764725 0.204339206 0.754910886
1403715932234057984.000000 -0.439276308 3.204513073 -2.688491821 -0.626631141 0.046267603 0.189517900 0.754503667
1403715932284058112.000000 -0.427152455 3.264347315 -2.686589956 -0.630160987 0.061276902 0.176400438 0.753674507
1403715932334057984.000000 -0.414752543 3.317203522 -2.685533524 -0.633184135 0.075448960 0.164613426 0.752520978
1403715932384058112.000000 -0.401965261 3.364219427 -2.684380293 -0.635806978 0.087619245 0.153872490 0.751262724
1403715932434057984.000000 -0.389253974 3.404441357 -2.682911873 -0.637714505 0.097422279 0.145943373 0.750019848
1403715932484058112.000000 -0.374895811 3.431882858 -2.681139708 -0.638740897 0.106230311 0.140310466 0.749024928
1403715932534057984.000000 -0.361213088 3.456928015 -2.680436611 -0.639773488 0.115362003 0.133910298 0.747963607
1403715932584058112.000000 -0.346712530 3.473145008 -2.680572510 -0.641019702 0.125236437 0.126708314 0.746561885
1403715932634057984.000000 -0.331791639 3.479431152 -2.681268454 -0.641475737 0.135497004 0.120898493 0.745340884
1403715932684058112.000000 -0.315626800 3.477419615 -2.683238983 0.642329991 -0.143425673 -0.115827337 -0.743925631
1403715932734057984.000000 -0.299770951 3.463910818 -2.685879230 0.643167853 -0.150120869 -0.110426731 -0.742700994
1403715932784058112.000000 -0.284177184 3.439599514 -2.689388990 0.644134223 -0.153175563 -0.107456610 -0.741674781
1403715932834057984.000000 -0.269092917 3.403513193 -2.694204092 0.644772351 -0.150728554 -0.108934991 -0.741405964
1403715932884058112.000000 -0.250579715 3.351958752 -2.699910402 -0.645226538 0.138766631 0.117722191 0.742002785
1403715932934057984.000000 -0.237441540 3.296709299 -2.705622196 -0.643945694 0.120364778 0.133665651 0.743626118
1403715932984058112.000000 -0.224879980 3.233272076 -2.711349010 -0.641286671 0.097223110 0.154389188 0.745293975
1403715933034057984.000000 -0.212268829 3.162700176 -2.717287302 -0.637836874 0.074088864 0.174861699 0.746390224
1403715933084058112.000000 -0.198441684 3.087559223 -2.723932981 -0.634107471 0.051858038 0.193938658 0.746730387
1403715933134057984.000000 -0.187093616 3.009839058 -2.728931427 -0.629813850 0.030121719 0.212739542 0.746437669
1403715933184058112.000000 -0.174512565 2.929584503 -2.734863997 -0.624311745 0.008059013 0.232115492 0.745850146
1403715933234057984.000000 -0.161641538 2.849058628 -2.740401268 -0.618777633 -0.012107611 0.249264270 0.744872451
1403715933284058112.000000 -0.148974061 2.769551277 -2.745155334 -0.612378776 -0.031945463 0.266941279 0.743447423
1403715933334057984.000000 -0.134780705 2.689475536 -2.745734215 -0.605555296 -0.049191706 0.285454839 0.741214216
1403715933384058112.000000 -0.122143865 2.616004944 -2.749319792 -0.597051203 -0.064778998 0.306282729 0.738596320
1403715933434057984.000000 -0.110075235 2.547607183 -2.752542019 -0.588012159 -0.079564199 0.328074783 0.735036254
1403715933484058112.000000 -0.098067641 2.485803843 -2.755479574 -0.578727245 -0.093522713 0.349436015 0.730905533
1403715933534057984.000000 -0.084555268 2.433361769 -2.758757353 0.570739210 0.106220305 -0.367714554 -0.726471007
1403715933584058112.000000 -0.070319951 2.390609264 -2.762359381 0.563963473 0.118690215 -0.381639332 -0.722640574
1403715933634057984.000000 -0.051770926 2.353933811 -2.767425537 -0.558582962 -0.129985720 0.393244416 0.718642950
1403715933684058112.000000 -0.035271883 2.334253788 -2.772865772 -0.555798829 -0.140697375 0.398199260 0.716051161
1403715933734057984.000000 -0.017037690 2.327572823 -2.779103279 -0.554492056 -0.150471017 0.399591953 0.714299262
1403715933784058112.000000 0.003225744 2.334896564 -2.785898924 -0.554994822 -0.156116620 0.398698300 0.713195682
1403715933834057984.000000 0.024432361 2.357510805 -2.792899132 0.557702541 0.157826558 -0.394416690 -0.713087857
1403715933884058112.000000 0.049160361 2.393300772 -2.800219536 0.563715339 0.152411476 -0.384997755 -0.714683592
1403715933934057984.000000 0.083096027 2.436128616 -2.811750650 -0.573617458 -0.136666462 0.371267945 0.717248559
1403715933984058112.000000 0.115687668 2.496490479 -2.819731236 -0.587590277 -0.112565637 0.348444641 0.721562862
1403715934034057984.000000 0.150287092 2.564678669 -2.827337265 -0.602334797 -0.082486808 0.323657781 0.725006521
1403715934084058112.000000 0.186047137 2.637814522 -2.834801674 -0.617053866 -0.051468000 0.294546723 0.727899611
1403715934134057984.000000 0.219830751 2.712221861 -2.841211557 -0.630369365 -0.017516749 0.266108692 0.729049981
1403715934184058112.000000 0.264812231 2.790499449 -2.856318951 -0.642044485 0.014732027 0.236855805 0.729013860
1403715934234057984.000000 0.288370013 2.862482548 -2.858088017 -0.651394427 0.042583786 0.211717755 0.727356553
1403715934284058112.000000 0.307072282 2.930851698 -2.857764244 -0.658789217 0.065697029 0.188357025 0.725398123
1403715934334057984.000000 0.321769834 2.994336605 -2.855975389 -0.663749278 0.085761674 0.170604318 0.723170877
1403715934384058112.000000 0.323549747 3.050092936 -2.845624447 0.667809725 -0.105533794 -0.153305203 -0.720687449
1403715934434057984.000000 0.341096282 3.098243237 -2.854071856 -0.670437992 0.119479291 0.138862401 0.718995750
1403715934484058112.000000 0.348510742 3.139511347 -2.849675417 -0.672633171 0.134215549 0.125455022 0.716806710
1403715934534057984.000000 0.354125381 3.171810150 -2.845018148 -0.673763037 0.147186622 0.113899566 0.715126872
1403715934584058112.000000 0.357806683 3.193063974 -2.840891838 0.674290717 -0.159453750 -0.103123844 -0.713633060
1403715934634057984.000000 0.361256957 3.202491045 -2.836893797 0.674165308 -0.169586673 -0.094882101 -0.712558091
1403715934684058112.000000 0.365327716 3.198861599 -2.833768606 0.673011124 -0.177466750 -0.089687362 -0.712402821
1403715934734057984.000000 0.370133877 3.182045698 -2.831870079 0.670991480 -0.183745831 -0.087992892 -0.712927222
1403715934784058112.000000 0.376504779 3.150871754 -2.831871033 0.668330610 -0.188278511 -0.089120954 -0.714102864
1403715934834057984.000000 0.383191824 3.105538607 -2.833634853 0.665303826 -0.183713645 -0.096982360 -0.717087626
1403715934884058112.000000 0.390235066 3.047602177 -2.837232828 0.662347019 -0.166578159 -0.112571500 -0.721717298
1403715934934057984.000000 0.391893864 2.978421450 -2.843845606 -0.657891989 0.144203439 0.133507952 0.727020800
1403715934984058112.000000 0.398667097 2.898745775 -2.850378990 -0.652377486 0.119788967 0.158146963 0.731466949
1403715935034057984.000000 0.403707623 2.812154770 -2.857365608 -0.646435261 0.093594775 0.182944760 0.734773934
1403715935084058112.000000 0.405266643 2.720072508 -2.863987446 -0.639630973 0.066464670 0.208381906 0.736906826
1403715935134057984.000000 0.403886855 2.637248278 -2.867789745 -0.633388519 0.040067695 0.230609551 0.737585902
1403715935184058112.000000 0.401260376 2.538627148 -2.873956442 -0.626447916 0.015521392 0.252297878 0.737338424
1403715935234057984.000000 0.395519614 2.439332485 -2.879422188 -0.620351076 -0.006332648 0.269989192 0.736362934
1403715935284058112.000000 0.386296749 2.341384888 -2.883880615 -0.614429832 -0.025429109 0.285450011 0.735083461
1403715935334057984.000000 0.374784112 2.254719734 -2.885199547 -0.609084725 -0.043121014 0.298039198 0.733709157
1403715935384058112.000000 0.360544801 2.161869287 -2.887643814 -0.604305744 -0.057736028 0.308424860 0.732362807
1403715935434057984.000000 0.344490588 2.073373318 -2.888909340 -0.599905491 -0.071281247 0.317223668 0.731027782
1403715935484058112.000000 0.327090472 1.993143559 -2.888493538 -0.596155226 -0.081805594 0.324491829 0.729802608
1403715935534057984.000000 0.304688841 1.935307980 -2.882232666 -0.593044639 -0.091500290 0.330464303 0.728504717
1403715935584058112.000000 0.283810139 1.865664721 -2.879712343 -0.590694189 -0.098777846 0.334259957 0.727731943
1403715935634057984.000000 0.263069600 1.804149389 -2.875816345 -0.587857485 -0.105292015 0.339339912 0.726763785
1403715935684058112.000000 0.242693067 1.751742363 -2.871189356 -0.585035622 -0.112020478 0.344307840 0.725697517
1403715935734057984.000000 0.217329413 1.712197781 -2.861190081 -0.582327783 -0.119881630 0.349009991 0.724372029
1403715935784058112.000000 0.198930055 1.677160501 -2.854954243 -0.579446018 -0.126422822 0.354474247 0.722916126
1403715935834057984.000000 0.182530954 1.652549744 -2.848008633 -0.577368557 -0.132917464 0.357998222 0.721675694
1403715935884058112.000000 0.167170942 1.643958092 -2.839198589 -0.576098979 -0.137668356 0.360594332 0.720506191
1403715935934057984.000000 0.155820057 1.636931896 -2.832117081 0.576544464 0.138429463 -0.360934019 -0.719833612
1403715935984058112.000000 0.146596327 1.645561934 -2.824012041 0.580468893 0.132186964 -0.355314970 -0.720648170
1403715936034057984.000000 0.139906675 1.673684359 -2.817600250 -0.588217497 -0.117605358 0.343230516 0.722746134
1403715936084058112.000000 0.136406153 1.701172829 -2.809381962 -0.598651052 -0.097032048 0.326273292 0.725084424
1403715936134057984.000000 0.134834856 1.735575199 -2.801262856 -0.610254824 -0.074191302 0.304590315 0.727536619
1403715936184058112.000000 0.134254903 1.776205301 -2.792441845 -0.621427953 -0.050051969 0.283027232 0.728846908
1403715936234057984.000000 0.134075761 1.818650484 -2.782995701 -0.632094741 -0.025942039 0.260719329 0.729252160
1403715936284058112.000000 0.138916492 1.864984274 -2.773490191 -0.641654670 -0.001147504 0.238467485 0.728979647
1403715936334057984.000000 0.138052344 1.908051252 -2.762125969 -0.649035037 0.020388464 0.221539915 0.727501214
1403715936384058112.000000 0.136859834 1.949498177 -2.750322819 -0.654211700 0.040917389 0.209134072 0.725669265
1403715936434057984.000000 0.134883642 1.987989664 -2.737714291 -0.658278167 0.054869484 0.199537188 0.723770797
1403715936484058112.000000 0.130413592 2.023411274 -2.724057674 0.660766244 -0.064227514 -0.194340393 -0.722145915
1403715936534057984.000000 0.126905441 2.053225517 -2.710833311 0.662508965 -0.074030153 -0.190508008 -0.720630407
1403715936584058112.000000 0.123428285 2.077813864 -2.698089361 0.663540244 -0.082986757 -0.188465267 -0.719241560
1403715936634057984.000000 0.120518923 2.097176313 -2.686033010 0.663898110 -0.091370247 -0.187446535 -0.718160570
1403715936684058112.000000 0.118233502 2.110387087 -2.674589872 0.663960516 -0.098435052 -0.187695086 -0.717103601
1403715936734057984.000000 0.117702067 2.107780457 -2.661461115 -0.664472759 0.097333014 0.189212665 0.716380417
1403715936784058112.000000 0.114235401 2.108338833 -2.651345968 -0.663717806 0.090897366 0.194010988 0.716642261
1403715936834057984.000000 0.110657573 2.103806734 -2.642096519 -0.663230836 0.080376633 0.198925212 0.717002928
1403715936884058112.000000 0.106781721 2.095024824 -2.633596182 -0.662626207 0.071245655 0.203594670 0.717216671
1403715936934057984.000000 0.102063954 2.082108974 -2.625159264 -0.661319554 0.063449621 0.209365278 0.717493415
1403715936984058112.000000 0.102289438 2.072708845 -2.618461370 0.658993542 -0.057334211 -0.214393631 -0.718662500
1403715937034057984.000000 0.096682787 2.052267313 -2.610243320 0.655423462 -0.050781071 -0.218965709 -0.721037745
1403715937084058112.000000 0.091441810 2.030634642 -2.601989508 0.650190294 -0.043459579 -0.224137753 -0.724655926
1403715937134057984.000000 0.085847139 2.007316828 -2.594065666 0.642896771 -0.035404857 -0.230944961 -0.729448318
1403715937184058112.000000 0.079722106 1.980796337 -2.585826635 0.634957016 -0.029262850 -0.234948963 -0.735372245
1403715937234057984.000000 0.068180799 1.943887949 -2.576144457 -0.627112746 0.023608113 0.236164019 0.741888762
1403715937284058112.000000 0.059713006 1.916286945 -2.566664696 -0.617368162 0.019708209 0.237958029 0.749562681
1403715937334057984.000000 0.048768103 1.887106657 -2.557249546 -0.608096898 0.016022928 0.235792428 0.757867694
1403715937384058112.000000 0.035776645 1.858297110 -2.546276569 -0.598420084 0.014551557 0.232784137 0.766481102
1403715937434057984.000000 0.022500217 1.835664988 -2.533068895 0.588373482 -0.013488101 -0.230140612 -0.775029123
1403715937484058112.000000 0.003713161 1.800040960 -2.520719528 -0.578419387 0.009460080 0.229259014 0.782803893
1403715937534057984.000000 -0.019000709 1.771717787 -2.506426811 -0.567215204 0.002107754 0.234040543 0.789612234
1403715937584058112.000000 -0.044041693 1.744176984 -2.491456509 -0.556264877 -0.010036743 0.239320308 0.795735180
1403715937634057984.000000 -0.068879217 1.717990041 -2.475948572 -0.544837534 -0.021952460 0.244135350 0.801915288
1403715937684058112.000000 -0.093506835 1.693650246 -2.460375309 0.533726215 0.031665355 -0.248093009 -0.807826459
1403715937734057984.000000 -0.117627949 1.671942949 -2.444579124 0.523799717 0.039816048 -0.249930903 -0.813377678
1403715937784058112.000000 -0.139437690 1.645607948 -2.428348064 -0.514214754 -0.044849377 0.251127839 0.818844676
1403715937834057984.000000 -0.161703974 1.629508138 -2.411607265 -0.505010962 -0.050011363 0.250180006 0.824544013
1403715937884058112.000000 -0.182072267 1.616398215 -2.393926144 -0.495679587 -0.052572582 0.249967992 0.830092788
1403715937934057984.000000 -0.201427817 1.606118202 -2.375267506 -0.486820757 -0.055830099 0.247450054 0.835857153
1403715937984058112.000000 -0.221778288 1.600148916 -2.357018709 0.477720141 0.059308358 -0.244313657 -0.841770113
1403715938034057984.000000 -0.239340156 1.597972035 -2.336357355 0.467703432 0.061243691 -0.241932362 -0.847921908
1403715938084058112.000000 -0.254935533 1.600046277 -2.314503908 0.457530051 0.064208597 -0.239353374 -0.853963435
1403715938134057984.000000 -0.266816974 1.606683850 -2.291662455 0.447240978 0.066790871 -0.235592544 -0.860238791
1403715938184058112.000000 -0.272819877 1.618611932 -2.263493299 -0.436574012 -0.069881842 0.232054397 0.866412461
1403715938234057984.000000 -0.274663240 1.634584308 -2.239123344 -0.426525474 -0.069041640 0.225964993 0.873068810
1403715938284058112.000000 -0.271257788 1.655168056 -2.214114904 -0.417938858 -0.065396965 0.213973731 0.880491674
1403715938334057984.000000 -0.261969686 1.679342747 -2.188826323 -0.410918206 -0.057470165 0.197342232 0.888200164
1403715938384058112.000000 -0.247547612 1.708000660 -2.161943436 0.403607875 0.049593903 -0.180276453 -0.895623565
1403715938434057984.000000 -0.231530726 1.736712217 -2.134421825 0.394534528 0.040222034 -0.168339744 -0.902433634
1403715938484058112.000000 -0.205884978 1.756126165 -2.103591442 -0.385670424 -0.029706703 0.157201648 0.908660352
1403715938534057984.000000 -0.188379273 1.785783410 -2.073348045 -0.374985993 -0.020834321 0.149987802 0.914579213
1403715938584058112.000000 -0.171842426 1.815316200 -2.041891336 -0.364926308 -0.013637025 0.144604102 0.919637203
1403715938634057984.000000 -0.156358972 1.844632387 -2.009528637 -0.356370449 -0.009659128 0.141161293 0.923569381
1403715938684058112.000000 -0.141623273 1.873892784 -1.978560448 0.348366916 0.008957802 -0.140174717 -0.926774740
1403715938734057984.000000 -0.127906099 1.903194427 -1.945459366 0.341446519 0.014163180 -0.141703740 -0.929049969
1403715938784058112.000000 -0.114159971 1.936132669 -1.902674913 -0.335761458 -0.023490112 0.144021928 0.930575192
1403715938834057984.000000 -0.100982301 1.966324806 -1.867361903 -0.330054283 -0.035016913 0.148196042 0.931598604
1403715938884058112.000000 -0.088050067 1.997519851 -1.830370665 -0.324871391 -0.046465315 0.152660444 0.932198763
1403715938934057984.000000 -0.074727207 2.029903412 -1.791522264 -0.320494682 -0.056727059 0.156118408 0.932572961
1403715938984058112.000000 -0.060735330 2.063540697 -1.750407696 0.316415906 0.065678440 -0.159984052 -0.932723105
1403715939034057984.000000 -0.047469936 2.101881742 -1.700743914 -0.312940061 -0.073070355 0.163044900 0.932815969
1403715939084058112.000000 -0.032959945 2.140383959 -1.654590011 -0.310383737 -0.078881651 0.164132148 0.933006048
1403715939134057984.000000 -0.016262420 2.181844234 -1.605503321 -0.308993459 -0.078105405 0.163007542 0.933729708
1403715939184058112.000000 0.003466234 2.226161480 -1.553814411 -0.309641838 -0.066950500 0.158146828 0.935216129
1403715939234057984.000000 0.025308818 2.272702694 -1.499361038 0.311860949 0.047246423 -0.150343165 -0.936967194
1403715939284058112.000000 0.049569495 2.321958780 -1.438389659 -0.314297706 -0.025324740 0.141589284 0.938364625
1403715939334057984.000000 0.073552728 2.370750904 -1.381582737 -0.316798359 -0.002765733 0.133265823 0.939080119
1403715939384058112.000000 0.097298920 2.419304848 -1.324106336 -0.319276065 0.020732833 0.125263467 0.939117730
1403715939434057984.000000 0.119825333 2.466798782 -1.267065167 -0.321923614 0.041496471 0.117642485 0.938511312
1403715939484058112.000000 0.141269460 2.512701035 -1.211958408 0.324140251 -0.060265370 -0.110987477 -0.937541008
1403715939534057984.000000 0.164133132 2.553917885 -1.155277252 -0.327197582 0.077035844 0.103684105 0.936085939
1403715939584058112.000000 0.184125736 2.593819857 -1.104767084 -0.329817474 0.092871167 0.097829051 0.934358001
1403715939634057984.000000 0.205333233 2.629742384 -1.058870077 -0.333000600 0.113259844 0.089932844 0.931769788
1403715939684058112.000000 0.226758182 2.660728931 -1.018304586 -0.335980415 0.133909792 0.082679167 0.928627789
1403715939734057984.000000 0.248507053 2.686452627 -0.982866645 0.339158058 -0.151666388 -0.076346427 -0.925278604
1403715939784058112.000000 0.264821291 2.701916218 -0.952684224 -0.341581583 0.165623277 0.072251923 0.922318101
1403715939834057984.000000 0.285084188 2.714615345 -0.932034075 -0.344189793 0.176106051 0.068282224 0.919705153
1403715939884058112.000000 0.304808319 2.719452381 -0.919643521 -0.346282631 0.183347866 0.065542333 0.917701602
1403715939934057984.000000 0.323769182 2.716240883 -0.915491462 -0.348129094 0.184537694 0.064808168 0.916816235
1403715939984058112.000000 0.342460036 2.707556725 -0.918649435 0.349403679 -0.179640070 -0.066497900 -0.917182982
1403715940034057984.000000 0.359333783 2.690133333 -0.929210842 0.350063562 -0.161082625 -0.072397083 -0.919927478
1403715940084058112.000000 0.374487877 2.666007519 -0.946136713 0.349174649 -0.135573536 -0.081831835 -0.923580229
1403715940134057984.000000 0.388612270 2.636163235 -0.968532622 0.347720981 -0.106718466 -0.092375107 -0.926913321
1403715940184058112.000000 0.401718438 2.601477861 -0.995185375 0.345379949 -0.078761429 -0.103011601 -0.929461122
1403715940234057984.000000 0.415752411 2.559440851 -1.025232673 -0.343088359 0.051151957 0.113304585 0.931040287
1403715940284058112.000000 0.426756352 2.517897606 -1.055816650 -0.339491159 0.024487929 0.124138765 0.932059944
1403715940334057984.000000 0.436971068 2.474675179 -1.086621165 -0.335210592 -0.002115548 0.135134429 0.932399154
1403715940384058112.000000 0.447565079 2.431550503 -1.116654754 -0.330949783 -0.026754871 0.145636231 0.931958437
1403715940434057984.000000 0.457337976 2.388401508 -1.145169139 -0.326515764 -0.052374117 0.156132668 0.930734634
1403715940484058112.000000 0.471747577 2.352217674 -1.170711040 -0.322008103 -0.076512732 0.166464344 0.928841352
1403715940534057984.000000 0.482459396 2.314120293 -1.192964792 -0.316632777 -0.100029260 0.178591013 0.926198184
1403715940584058112.000000 0.494404882 2.280027151 -1.210807920 -0.310736001 -0.123826683 0.192036495 0.922622442
1403715940634057984.000000 0.507825553 2.251165867 -1.223388910 -0.304840207 -0.147057787 0.205253586 0.918323159
1403715940684058112.000000 0.522661984 2.227324963 -1.230270624 0.298656523 0.167777076 -0.219359115 -0.913529813
1403715940734057984.000000 0.542965174 2.218322515 -1.226472378 -0.294202507 -0.185145810 0.227184400 0.909699500
1403715940784058112.000000 0.566036940 2.212371349 -1.219889522 -0.291991025 -0.198521793 0.229546160 0.906994462
1403715940834057984.000000 0.593865812 2.216574430 -1.205062270 -0.291636318 -0.205360398 0.228654072 0.905810535
1403715940884058112.000000 0.627541423 2.231357098 -1.181660771 -0.294243574 -0.203121036 0.223512337 0.906755149
1403715940934057984.000000 0.667009175 2.257058382 -1.148708582 0.299083441 0.189691395 -0.215808257 -0.909941256
1403715940984058112.000000 0.718203425 2.290329218 -1.113430262 -0.307082623 -0.162541300 0.204378545 0.915155768
1403715941034057984.000000 0.767779171 2.330955029 -1.067450523 -0.315892965 -0.127896577 0.190405905 0.920651793
1403715941084058112.000000 0.820582867 2.376571178 -1.017063022 -0.325588912 -0.085984550 0.173435494 0.925482929
1403715941134057984.000000 0.875147820 2.424608469 -0.964465141 -0.334633589 -0.038764644 0.157155275 0.928342521
1403715941184058112.000000 0.923162699 2.472044468 -0.911239862 0.343157917 -0.008505753 -0.139053524 -0.928888857
1403715941234057984.000000 0.993265569 2.523712635 -0.860870421 -0.348928779 0.047326773 0.124853782 0.927588522
1403715941284058112.000000 1.042914748 2.568779230 -0.808995068 -0.352336049 0.082273871 0.115324497 0.925089478
1403715941334057984.000000 1.089492083 2.610539675 -0.759641647 -0.354389757 0.109304644 0.108003579 0.922385871
1403715941384058112.000000 1.132698655 2.648338795 -0.713632405 -0.355954975 0.132124782 0.102131754 0.919460893
1403715941434057984.000000 1.172065735 2.681624174 -0.670423388 0.356387615 -0.151600167 -0.098058470 -0.916727781
1403715941484058112.000000 1.207529068 2.711748600 -0.630589366 -0.355985731 0.164339960 0.096745655 0.914826095
1403715941534057984.000000 1.231387377 2.736751080 -0.592952847 -0.355648190 0.175274923 0.095269129 0.913081050
1403715941584058112.000000 1.248051882 2.756751060 -0.559028029 -0.355013460 0.184877127 0.094167925 0.911547184
1403715941634057984.000000 1.258610964 2.771423340 -0.530025959 -0.354120433 0.197177649 0.092984140 0.909435928
1403715941684058112.000000 1.264767051 2.780280828 -0.508288980 0.352910042 -0.210568234 -0.092077702 -0.906993568
1403715941734057984.000000 1.265469790 2.782541752 -0.493650854 0.351442486 -0.224922597 -0.090805940 -0.904241323
1403715941784058112.000000 1.261738062 2.778200626 -0.487313956 0.350426853 -0.238772199 -0.088256560 -0.901332200
1403715941834057984.000000 1.253742456 2.767035246 -0.489861369 0.349942237 -0.249171659 -0.085608132 -0.898957908
1403715941884058112.000000 1.240824223 2.748199224 -0.501975238 0.349357963 -0.254536808 -0.084027961 -0.897830427
1403715941934057984.000000 1.222661972 2.721524000 -0.523404837 0.350913107 -0.250327796 -0.081822596 -0.898610651
1403715941984058112.000000 1.202026129 2.692873955 -0.545580149 -0.351812571 0.235144347 0.084261477 0.902128100
1403715942034057984.000000 1.172253132 2.652037621 -0.582693338 -0.352580756 0.208947614 0.088963635 0.907806814
1403715942084058112.000000 1.138029099 2.604969025 -0.627044737 -0.352130234 0.177193850 0.096824080 0.913910210
1403715942134057984.000000 1.095432758 2.547650814 -0.683945775 0.350072354 -0.141842186 -0.107046984 -0.919712603
1403715942184058112.000000 1.050497413 2.492038727 -0.735259533 0.347382724 -0.106401145 -0.117835581 -0.924185514
1403715942234057984.000000 0.999811530 2.447600842 -0.773112297 -0.343956739 0.071781687 0.129360303 0.927257895
1403715942284058112.000000 0.940998554 2.387184143 -0.825474322 -0.339395076 0.034302663 0.142541140 0.929148257
1403715942334057984.000000 0.877599418 2.326005936 -0.876651764 -0.334936231 0.001412168 0.154330298 0.929514945
1403715942384058112.000000 0.810661852 2.265218973 -0.925113320 -0.330177456 -0.026858822 0.165395156 0.928927362
1403715942434057984.000000 0.733722150 2.188982010 -0.984254658 0.326265395 0.047155939 -0.174721897 -0.927792847
1403715942484058112.000000 0.674692869 2.157304764 -1.007569075 -0.320923656 -0.069887392 0.185411796 0.926145971
1403715942534057984.000000 0.604788661 2.104351759 -1.047220111 -0.316778928 -0.087404884 0.193337470 0.924463153
1403715942584058112.000000 0.536477149 2.055769682 -1.083337665 -0.312785178 -0.105629094 0.199284434 0.922655761
1403715942634057984.000000 0.470269024 2.012410641 -1.115291595 -0.309411883 -0.122858018 0.202553421 0.920946419
1403715942684058112.000000 0.407133281 1.974880219 -1.142596841 -0.306466132 -0.137403160 0.204612777 0.919419706
1403715942734057984.000000 0.336803138 1.946990013 -1.160042882 -0.303959310 -0.145377338 0.205453798 0.918837845
1403715942784058112.000000 0.280730784 1.922584534 -1.175392270 -0.302626133 -0.151224479 0.204646006 0.918514371
1403715942834057984.000000 0.228452891 1.905102730 -1.184477806 -0.301763177 -0.153676465 0.203233466 0.918704927
1403715942884058112.000000 0.180694804 1.896447062 -1.185845613 -0.301326394 -0.153512701 0.200464070 0.919483840
1403715942934057984.000000 0.139365822 1.900461555 -1.170243144 -0.301071018 -0.152879000 0.198002428 0.920206189
1403715942984058112.000000 0.099170461 1.904372215 -1.158762574 -0.301418453 -0.149431720 0.193832755 0.921545446
1403715943034057984.000000 0.065796331 1.915297270 -1.142041087 -0.302257001 -0.145696208 0.187462211 0.923185468
1403715943084058112.000000 0.040203460 1.933403611 -1.119515777 -0.303969800 -0.142202377 0.178045601 0.925030112
1403715943134057984.000000 0.021828584 1.959792733 -1.089170218 0.305791497 0.133992389 -0.170360088 -0.927100420
1403715943184058112.000000 0.011016779 1.989837408 -1.054863453 0.308086395 0.117928810 -0.162341818 -0.929957449
1403715943234057984.000000 0.003518004 2.016643286 -1.019904137 -0.310992748 -0.092021212 0.155868784 0.933016896
1403715943284058112.000000 0.006534858 2.053855419 -0.977652192 -0.313872755 -0.059828930 0.147101641 0.936090589
1403715943334057984.000000 0.013804697 2.092303991 -0.933566630 -0.315583646 -0.024704419 0.137335211 0.938581765
1403715943384058112.000000 0.024642803 2.130971432 -0.888805389 -0.316291064 0.009837138 0.125393569 0.940286994
1403715943434057984.000000 0.033280171 2.170780659 -0.849706829 0.315554649 -0.044172049 -0.114769682 -0.940904975
1403715943484058112.000000 0.049736589 2.198318720 -0.809255123 -0.313739300 0.069230244 0.104693152 0.941177070
1403715943534057984.000000 0.058283836 2.231406212 -0.768530250 -0.312161833 0.087587431 0.098129846 0.940879345
1403715943584058112.000000 0.065067932 2.261538506 -0.731246591 -0.311609149 0.101530045 0.092575915 0.940223992
1403715943634057984.000000 0.070209011 2.288109541 -0.697949350 -0.311156243 0.114036523 0.089155927 0.939270377
1403715943684058112.000000 0.073936850 2.310168743 -0.669454932 0.311689347 -0.125441805 -0.086807124 -0.937858582
1403715943734057984.000000 0.077305794 2.328754902 -0.645927191 0.312219650 -0.137252897 -0.086504497 -0.936054289
1403715943784058112.000000 0.080556214 2.342895985 -0.628595948 0.314344376 -0.149964228 -0.084308572 -0.933590114
1403715943834057984.000000 0.079942852 2.338469982 -0.628704846 -0.317279518 0.160353974 0.082048111 0.931068480
1403715943884058112.000000 0.082925677 2.341168880 -0.627443910 -0.319727629 0.168948740 0.081006564 0.928799570
1403715943934057984.000000 0.087779552 2.337370157 -0.635750532 -0.322880685 0.174835905 0.079029262 0.926787436
1403715943984058112.000000 0.092036933 2.324950933 -0.654895484 -0.324143797 0.172955558 0.081525698 0.926483035
1403715944034057984.000000 0.095874518 2.307652950 -0.680822730 -0.322489828 0.158282131 0.090612598 0.928836107
1403715944084058112.000000 0.098844469 2.281840086 -0.712867677 -0.318071127 0.129795000 0.104354218 0.933324337
1403715944134057984.000000 0.101091996 2.255376816 -0.749773681 -0.311574876 0.097621523 0.117777981 0.937827051
1403715944184058112.000000 0.101812631 2.225871086 -0.790565431 -0.302550346 0.063788652 0.131377369 0.941878140
1403715944234057984.000000 0.100631990 2.194917679 -0.833331943 -0.291270345 0.025929360 0.145205200 0.945200920
1403715944284058112.000000 0.099777564 2.168870211 -0.874180913 0.278987288 0.009178595 -0.155538261 -0.947570503
1403715944334057984.000000 0.098685160 2.130503416 -0.922575772 -0.267182380 -0.039515469 0.160738498 0.949323654
1403715944384058112.000000 0.093536101 2.102231026 -0.963257134 -0.254850090 -0.064589001 0.162214682 0.951086879
1403715944434057984.000000 0.087824784 2.076461792 -1.000122547 -0.241472796 -0.086435460 0.162655979 0.952765882
1403715944484058112.000000 0.081102759 2.053555727 -1.032989621 -0.227759659 -0.105994768 0.160935327 0.954458237
1403715944534057984.000000 0.075305946 2.033185959 -1.062837720 0.213954598 0.120936237 -0.157943413 -0.956374347
1403715944584058112.000000 0.082594924 2.022667170 -1.082100987 -0.199318141 -0.132946610 0.155919135 0.958272755
1403715944634057984.000000 0.084261216 2.013389826 -1.099063039 -0.185000882 -0.140792593 0.151980579 0.960652947
1403715944684058112.000000 0.089948997 2.009381056 -1.109127402 -0.170373619 -0.146146849 0.148906797 0.963037252
1403715944734057984.000000 0.100205794 2.011569262 -1.111961126 -0.156077072 -0.150281638 0.144224629 0.965533376
1403715944784058112.000000 0.107309759 2.014989376 -1.108385444 0.142320663 0.153019875 -0.135099366 -0.968544245
1403715944834057984.000000 0.136102617 2.030658484 -1.094843745 -0.129553556 -0.149241731 0.123782016 0.972430408
1403715944884058112.000000 0.158778727 2.046577215 -1.077171922 -0.119827010 -0.134522572 0.105417758 0.977973580
1403715944934057984.000000 0.185961515 2.065814018 -1.053417921 -0.111027360 -0.109961048 0.084416293 0.984101355
1403715944984058112.000000 0.215245754 2.086738586 -1.025591969 -0.102949172 -0.078528494 0.063985825 0.989515364
1403715945034057984.000000 0.247064129 2.108847857 -0.993843734 0.096016407 0.040968634 -0.043901455 -0.993566871
1403715945084058112.000000 0.289371461 2.131278515 -0.956537426 -0.090243690 -0.002449334 0.026794404 0.995556235
1403715945134057984.000000 0.320074767 2.151354551 -0.923291504 -0.086023696 0.030413171 0.014184235 0.995727777
1403715945184058112.000000 0.348658055 2.169868231 -0.890875757 -0.083061479 0.056337684 0.003525917 0.994944453
1403715945234057984.000000 0.375462353 2.186309338 -0.860887349 -0.080918081 0.078839518 -0.003682260 0.993591011
1403715945284058112.000000 0.401810199 2.199470997 -0.834367394 0.079832867 -0.097590640 0.008935506 -0.991979301
1403715945334057984.000000 0.435631454 2.214907408 -0.809238672 -0.079169706 0.116574794 -0.012172498 0.989946663
1403715945384058112.000000 0.458721757 2.222588778 -0.793108881 -0.079994030 0.135424301 -0.015744276 0.987427652
1403715945434057984.000000 0.480312973 2.226783991 -0.783496916 -0.080719993 0.153153375 -0.016977830 0.984753788
1403715945484058112.000000 0.500262797 2.227200270 -0.781230628 -0.080608219 0.170457318 -0.015809353 0.981935203
1403715945534057984.000000 0.517664194 2.225032568 -0.786104202 0.081181191 -0.181724593 0.013743819 -0.979896426
1403715945584058112.000000 0.536742210 2.219584227 -0.791939378 -0.079551063 0.173546433 -0.005164191 0.981593966
1403715945634057984.000000 0.542355001 2.210185289 -0.810650885 -0.077948213 0.148518249 0.004685084 0.985821784
1403715945684058112.000000 0.545141578 2.198284864 -0.835580766 -0.075841628 0.118982114 0.015024441 0.989881635
1403715945734057984.000000 0.538989604 2.184054852 -0.871341825 0.074886724 -0.089792222 -0.022806015 -0.992879272
1403715945784058112.000000 0.551838875 2.169142962 -0.889097154 -0.074372523 0.058622070 0.029312385 0.995074332
1403715945834057984.000000 0.549520373 2.153011560 -0.926364124 -0.074600279 0.026192224 0.033171251 0.996317446
1403715945884058112.000000 0.547069907 2.136236191 -0.964628041 -0.074461937 -0.005157860 0.038075346 0.996483386
1403715945934057984.000000 0.545987308 2.119184732 -1.000236630 -0.074094050 -0.035272483 0.041678280 0.995755434
1403715945984058112.000000 0.544446409 2.102513552 -1.035582900 0.071980521 0.061231378 -0.046167549 -0.994453728
1403715946034057984.000000 0.545876145 2.086455107 -1.056629300 -0.068699554 -0.083217263 0.047572594 0.993021786
1403715946084058112.000000 0.548738003 2.069565773 -1.083292484 -0.064202264 -0.100737959 0.047899067 0.991683245
1403715946134057984.000000 0.554511428 2.053193331 -1.102451801 -0.058246031 -0.117321104 0.049092989 0.990168154
1403715946184058112.000000 0.563031137 2.037517548 -1.113868713 -0.051380981 -0.132739604 0.047357943 0.988684773
1403715946234057984.000000 0.572854757 2.021315813 -1.125396967 0.043873645 0.145844519 -0.046050321 -0.987260818
1403715946284058112.000000 0.588328421 2.006989717 -1.125307798 0.036300324 0.153847858 -0.043627851 -0.986463249
1403715946334057984.000000 0.603625596 1.996388197 -1.112569809 -0.028147327 -0.154251188 0.037961207 0.986900926
1403715946384058112.000000 0.629979491 1.983821750 -1.096329451 -0.020806441 -0.144151226 0.028889054 0.988915086
1403715946434057984.000000 0.661710143 1.971788406 -1.072653413 -0.014318441 -0.123569794 0.018958256 0.992051482
1403715946484058112.000000 0.696891487 1.959825993 -1.042841196 -0.008496080 -0.095579199 0.009878005 0.995336592
1403715946534057984.000000 0.733879030 1.947232246 -1.007793188 -0.002257154 -0.065952763 0.005253699 0.997806430
1403715946584058112.000000 0.766175330 1.937649250 -0.969408751 0.003539521 -0.032781921 0.002869433 0.999452174
1403715946634057984.000000 0.806362092 1.923852682 -0.929876685 0.008235930 0.000215710 0.000331720 0.999966025
1403715946684058112.000000 0.846296191 1.909790754 -0.890276790 0.013263215 0.030355643 0.000400339 0.999451101
1403715946734057984.000000 0.884632587 1.895552397 -0.851621151 0.016551470 0.053989943 -0.000978942 0.998403847
1403715946784058112.000000 0.920705676 1.882020473 -0.815745413 -0.020442357 -0.073693722 -0.000063442 -0.997071385
1403715946834057984.000000 0.945254803 1.870273829 -0.784019351 0.023246590 0.086816296 0.000279169 0.995953083
1403715946884058112.000000 0.975917101 1.855803728 -0.752599776 -0.025216209 -0.098405018 -0.000245769 -0.994826913
1403715946934057984.000000 1.004045486 1.841256380 -0.725488961 -0.026606286 -0.109525651 0.000292243 -0.993627787
1403715946984058112.000000 1.029303551 1.827086687 -0.703004777 -0.026256151 -0.119160451 0.002046723 -0.992525697
1403715947034057984.000000 1.051970363 1.812680125 -0.684920967 -0.026466014 -0.130181566 0.001669010 -0.991135538
1403715947084058112.000000 1.068226576 1.797532678 -0.669595838 0.026872184 0.142594323 0.000503414 0.989416301
1403715947134057984.000000 1.077554941 1.784964442 -0.673537612 0.026261991 0.163860962 0.002982766 0.986129344
1403715947184058112.000000 1.092053533 1.771076679 -0.674613535 0.024660837 0.186205998 0.004735530 0.982189775
1403715947234057984.000000 1.101446509 1.757538319 -0.682598531 0.023219416 0.201677755 0.007902288 0.979144812
1403715947284058112.000000 1.105427742 1.745527148 -0.697127283 0.021684244 0.208639055 0.010757890 0.977693200
1403715947334057984.000000 1.102250695 1.733079791 -0.718923867 0.020387387 0.203280017 0.014084669 0.978807032
1403715947384058112.000000 1.092407584 1.721252680 -0.747051358 0.018235302 0.185830683 0.015570274 0.982289195
1403715947434057984.000000 1.075524330 1.709607840 -0.780779064 0.016055495 0.157619834 0.015886353 0.987241626
1403715947484058112.000000 1.053524137 1.698076725 -0.820075691 0.015841987 0.126811817 0.018359873 0.991630375
1403715947534057984.000000 1.026515365 1.686836123 -0.863606989 0.016528575 0.096349992 0.021613421 0.994975626
1403715947584058112.000000 0.995081186 1.675752044 -0.910137832 -0.019033160 -0.067486495 -0.027646687 -0.997155428
1403715947634057984.000000 0.941677213 1.670131326 -0.953378081 0.021269305 0.035095315 0.031789660 0.998651803
1403715947684058112.000000 0.903492033 1.660161853 -1.000054002 0.023605749 0.004299645 0.037465550 0.999009848
1403715947734057984.000000 0.855050325 1.651861668 -1.046670198 0.025187479 -0.024279680 0.040664073 0.998560250
1403715947784058112.000000 0.804341137 1.643694282 -1.091106176 0.024980480 -0.047125164 0.039421629 0.997798204
1403715947834057984.000000 0.777742088 1.637286067 -1.127035260 -0.024175296 0.065093838 -0.035145883 -0.996967018
1403715947884058112.000000 0.737011909 1.633545995 -1.157054782 0.023357607 -0.083732024 0.029886458 0.995766103
1403715947934057984.000000 0.693475544 1.628834486 -1.187091827 0.023307433 -0.100972630 0.025314251 0.994293988
1403715947984058112.000000 0.651475132 1.624788046 -1.211634159 0.023582986 -0.117694922 0.020363674 0.992560923
1403715948034057984.000000 0.612371683 1.620923162 -1.229993939 0.024479099 -0.133926451 0.016662169 0.990548790
1403715948084058112.000000 0.570149541 1.616263151 -1.233726025 0.025743833 -0.147829726 0.013753030 0.988582075
1403715948134057984.000000 0.539471269 1.612700224 -1.237228513 0.026683157 -0.158449128 0.010226286 0.986953557
1403715948184058112.000000 0.514209330 1.608985901 -1.232105136 0.027686885 -0.166278914 0.007494149 0.985661507
1403715948234057984.000000 0.495723754 1.604904890 -1.218406320 0.028860556 -0.165678591 0.006955175 0.985732913
1403715948284058112.000000 0.482595950 1.600458026 -1.195274472 -0.029557209 0.157140389 -0.006678722 -0.987111330
1403715948334057984.000000 0.477110982 1.595604539 -1.163836241 -0.030841885 0.139055803 -0.007403208 -0.989776492
1403715948384058112.000000 0.477634072 1.590879917 -1.117822647 0.031687431 -0.114075355 0.008820872 0.992927492
1403715948434057984.000000 0.480498850 1.586001396 -1.073601484 0.031948175 -0.085582159 0.010057810 0.995768011
1403715948484058112.000000 0.486071408 1.581413627 -1.025064468 0.030872183 -0.055714298 0.009131164 0.997927606
1403715948534057984.000000 0.492903620 1.577109575 -0.974036098 0.029028961 -0.028032979 0.008226451 0.999151587
1403715948584058112.000000 0.500999212 1.572881103 -0.920688987 0.026308376 0.000217278 0.006707988 0.999631405
1403715948634057984.000000 0.514846504 1.567286611 -0.870092869 0.023888089 0.022252332 0.006314368 0.999447048
1403715948684058112.000000 0.521106243 1.563750029 -0.816760004 0.020828752 0.044192094 0.005368185 0.998791456
1403715948734057984.000000 0.526293159 1.560184240 -0.765221775 0.017832443 0.065791003 0.004999405 0.997661591
1403715948784058112.000000 0.529188573 1.556656122 -0.716702759 0.014793095 0.082513310 0.004226085 0.996471226
1403715948834057984.000000 0.523065388 1.550998330 -0.669698417 0.012970609 0.095952362 0.004522570 0.995291173
1403715948884058112.000000 0.522659421 1.547632694 -0.628918886 -0.012527568 -0.107513137 -0.004992829 -0.994112194
1403715948934057984.000000 0.521100402 1.544215202 -0.592938066 -0.014743075 -0.117620848 -0.006622666 -0.992927134
1403715948984058112.000000 0.518638611 1.540593743 -0.562625110 -0.018244727 -0.128320992 -0.006759703 -0.991541862
1403715949034057984.000000 0.515053689 1.536367536 -0.535911739 0.022910710 0.138128608 0.006673250 0.990126848
1403715949084058112.000000 0.509315133 1.531800747 -0.526196539 0.029027941 0.143481806 0.005616961 0.989211261
1403715949134057984.000000 0.501555979 1.527879238 -0.513581753 0.036796764 0.143363535 0.005368887 0.988971233
1403715949184058112.000000 0.490929395 1.523871899 -0.507131219 0.045591362 0.133954942 0.003916921 0.989930451
1403715949234057984.000000 0.476740420 1.520257711 -0.506116629 0.054220852 0.112931348 -0.000051848 0.992122293
1403715949284058112.000000 0.458861351 1.514971018 -0.500673652 0.063684396 0.089388572 -0.003095928 0.993953943
1403715949334057984.000000 0.441246748 1.515411377 -0.516425014 0.073351435 0.060626000 -0.007862364 0.995430708
1403715949384058112.000000 0.423722804 1.513239503 -0.525964200 -0.081796713 -0.029420897 0.013168868 -0.996127725
1403715949434057984.000000 0.405724019 1.511518598 -0.536629260 -0.089560717 0.001877718 0.017970039 -0.995817542
1403715949484058112.000000 0.389571339 1.509835601 -0.547650993 -0.096618772 0.027927831 0.023705712 -0.994647086
1403715949534057984.000000 0.381611407 1.512785673 -0.576756001 0.104139939 -0.049986284 -0.028920000 0.992884636
1403715949584058112.000000 0.369106710 1.510448337 -0.583548367 0.111825272 -0.066698037 -0.035985410 0.990833759
1403715949634057984.000000 0.358582556 1.506968975 -0.586862087 0.120969132 -0.080941178 -0.040823225 0.988508224
1403715949684058112.000000 0.350199610 1.502180457 -0.586106598 0.130313009 -0.094166480 -0.046192490 0.985909522
1403715949734057984.000000 0.352757096 1.499428749 -0.584086120 0.139927387 -0.106816888 -0.052658714 0.982973814
1403715949784058112.000000 0.349496871 1.491729856 -0.573816776 0.148805976 -0.116151825 -0.060736112 0.980141163
1403715949834057984.000000 0.350474119 1.482041597 -0.557606041 0.157426685 -0.120064661 -0.069717936 0.977722228
1403715949884058112.000000 0.355500281 1.470350742 -0.535693884 0.165859431 -0.121325485 -0.080021553 0.975380659
1403715949934057984.000000 0.364008725 1.455468416 -0.508733392 -0.174379587 0.117858849 0.091189221 -0.973337352
1403715949984058112.000000 0.377344608 1.437908292 -0.475553304 -0.181571320 0.110628009 0.104474671 -0.971534073
1403715950034057984.000000 0.401257008 1.419959664 -0.443922698 0.189651087 -0.102512792 -0.116844527 0.969469488
1403715950084058112.000000 0.420737058 1.394615769 -0.401545495 0.198479474 -0.086268567 -0.127490982 0.967940986
1403715950134057984.000000 0.443490207 1.365188122 -0.356111825 0.208134264 -0.060991067 -0.133511245 0.967023790
1403715950184058112.000000 0.467926294 1.331865072 -0.308679640 0.218003377 -0.034131203 -0.132788301 0.966269612
1403715950234057984.000000 0.496864676 1.295656443 -0.261252344 0.227797851 -0.001819564 -0.126596376 0.965442002
1403715950284058112.000000 0.525278866 1.259570003 -0.216515034 0.237670630 0.025758348 -0.115262449 0.964138925
1403715950334057984.000000 0.549789071 1.221216202 -0.170605958 0.245748967 0.051079240 -0.104273535 0.962354124
1403715950384058112.000000 0.572484493 1.183212161 -0.126906678 0.252306521 0.073806070 -0.093087375 0.960327506
1403715950434057984.000000 0.593871534 1.146283388 -0.086384483 0.256544650 0.094852507 -0.084358066 0.958160520
1403715950484058112.000000 0.620146751 1.115510941 -0.060640518 0.259827465 0.114858203 -0.076945946 0.955707371
1403715950534057984.000000 0.638302326 1.082180858 -0.029429354 0.261109471 0.133285716 -0.070689909 0.953446269
1403715950584058112.000000 0.653936863 1.051440239 -0.003406961 0.261102378 0.145328224 -0.067003667 0.951953650
1403715950634057984.000000 0.667668879 1.023543477 0.016105400 0.261618018 0.154575303 -0.062754795 0.950644195
1403715950684058112.000000 0.677456915 0.998553395 0.030806350 0.262024224 0.163794577 -0.059337780 0.949206948
1403715950734057984.000000 0.688074589 0.977929354 0.035500407 0.262195110 0.173404515 -0.055760950 0.947668433
1403715950784058112.000000 0.693777442 0.959992230 0.035816420 0.262802035 0.182078183 -0.053123340 0.946023583
1403715950834057984.000000 0.699991882 0.946468174 0.024224743 0.264069498 0.188983738 -0.049968690 0.944486976
1403715950884058112.000000 0.703911304 0.937185943 0.004217588 0.264705032 0.192998707 -0.049164679 0.943538904
1403715950934057984.000000 0.704439998 0.931407034 -0.023011288 0.266270846 0.188349068 -0.048698511 0.944061935
1403715950984058112.000000 0.693789065 0.930558383 -0.048028555 0.268974841 0.170399010 -0.049161289 0.946678400
1403715951034057984.000000 0.685912609 0.933874309 -0.089027964 0.270248324 0.142859891 -0.053115848 0.950650156
1403715951084058112.000000 0.675803363 0.940765619 -0.135622039 0.270719886 0.112909123 -0.058807470 0.954203308
1403715951134057984.000000 0.663909256 0.950542510 -0.186790854 0.271620512 0.082911558 -0.066155836 0.956541359
1403715951184058112.000000 0.640762269 0.959136903 -0.224167168 0.271517634 0.052768972 -0.076801449 0.957911909
1403715951234057984.000000 0.626463234 0.971945643 -0.279892653 0.272479326 0.019677982 -0.087984204 0.957928300
1403715951284058112.000000 0.612628341 0.984411061 -0.335643530 0.274503827 -0.009791076 -0.098216072 0.956506908
1403715951334057984.000000 0.598131835 0.996421218 -0.390358627 -0.277648926 0.036204729 0.106199898 -0.954107940
1403715951384058112.000000 0.585756660 1.007943511 -0.443274558 -0.281280875 0.057912327 0.114698723 -0.950984478
1403715951434057984.000000 0.574684739 1.014908552 -0.482445896 0.286069602 -0.078527734 -0.123087607 0.947020173
1403715951484058112.000000 0.566283345 1.020320773 -0.528170109 0.290652573 -0.097056538 -0.130952641 0.942842841
1403715951534057984.000000 0.560137808 1.022407293 -0.569357216 0.296107590 -0.113232404 -0.137186155 0.938444853
1403715951584058112.000000 0.556753516 1.020724893 -0.605218649 0.301555485 -0.126257241 -0.144766137 0.933898389
1403715951634057984.000000 0.555796742 1.013249874 -0.633889198 -0.307936162 0.137145102 0.150413498 -0.929377377
1403715951684058112.000000 0.554772139 0.999367237 -0.641798139 0.314242989 -0.144889623 -0.157802045 0.924855113
1403715951734057984.000000 0.561009169 0.982794404 -0.659367681 0.321190089 -0.151504457 -0.162203655 0.920637488
1403715951784058112.000000 0.570433199 0.960985184 -0.670267701 0.328074902 -0.154991478 -0.167591006 0.916655779
1403715951834057984.000000 0.583830714 0.932853699 -0.674084425 0.336290389 -0.154587179 -0.169879124 0.913319647
1403715951884058112.000000 0.599448979 0.898123085 -0.668620229 -0.346360385 0.144045219 0.169815928 -0.911289275
1403715951934057984.000000 0.624680042 0.854612470 -0.647202611 0.359483808 -0.121255204 -0.163923770 0.910602868
1403715951984058112.000000 0.651331484 0.810011625 -0.634045899 0.373541474 -0.092249550 -0.156707570 0.909615040
1403715952034057984.000000 0.679626822 0.762213171 -0.616985083 0.388315797 -0.060853139 -0.148138642 0.907503605
1403715952084058112.000000 0.708965421 0.712989688 -0.597780049 -0.403665811 0.027372722 0.136559427 -0.904243410
1403715952134057984.000000 0.738841355 0.663614869 -0.577044368 0.418444037 0.004898790 -0.126366034 0.899395466
1403715952184058112.000000 0.769208729 0.611540139 -0.543385327 0.431836784 0.031055262 -0.118749991 0.893560886
1403715952234057984.000000 0.796037734 0.566089988 -0.523477435 0.443723112 0.052146222 -0.110922910 0.887742460
1403715952284058112.000000 0.822172463 0.522184551 -0.502155542 0.453806311 0.068810947 -0.105022475 0.882210493
1403715952334057984.000000 0.846903503 0.482980072 -0.477741212 0.462483138 0.082609721 -0.100412890 0.877041817
1403715952384058112.000000 0.870383561 0.448533356 -0.460208923 0.469829440 0.094765566 -0.096675515 0.872315109
1403715952434057984.000000 0.892629266 0.419403672 -0.444685698 0.476221770 0.106667206 -0.092270643 0.867940784
1403715952484058112.000000 0.913123488 0.395389467 -0.431449234 0.482770085 0.114441961 -0.090098225 0.863549888
1403715952534057984.000000 0.933777809 0.377048850 -0.412350029 0.488574088 0.122328527 -0.090038322 0.859199762
1403715952584058112.000000 0.952349901 0.364357591 -0.403526336 0.495318204 0.129871622 -0.088545784 0.854372799
1403715952634057984.000000 0.970031917 0.358301371 -0.397765845 0.502116621 0.138230577 -0.084909275 0.849447846
1403715952684058112.000000 0.986991763 0.359732151 -0.395479381 0.507737219 0.149390742 -0.079877369 0.844692230
1403715952734057984.000000 1.005602121 0.370206088 -0.394610941 0.512688696 0.162947059 -0.073831208 0.839730680
1403715952784058112.000000 1.019971013 0.388157129 -0.399168640 0.516663969 0.175724939 -0.068273120 0.835175335
1403715952834057984.000000 1.032426953 0.414568186 -0.407157451 0.519489646 0.184646547 -0.064294219 0.831806719
1403715952884058112.000000 1.042475581 0.449608296 -0.417925835 0.520808220 0.179830477 -0.068098977 0.831734598
1403715952934057984.000000 1.046244979 0.494236410 -0.431492031 0.520729959 0.159194395 -0.080935821 0.834833443
1403715952984058112.000000 1.046104074 0.546221673 -0.447181225 0.519415021 0.129788101 -0.099721991 0.838700652
1403715953034057984.000000 1.040319920 0.605445206 -0.464624316 0.518132508 0.097370543 -0.119845763 0.841245949
1403715953084058112.000000 1.037182808 0.661616802 -0.482467502 0.515845358 0.062750988 -0.140471846 0.842753589
1403715953134057984.000000 1.024928570 0.726253390 -0.499339819 0.511549950 0.028714109 -0.162099198 0.843336284
1403715953184058112.000000 1.009884715 0.791949332 -0.515219688 0.507013083 -0.003642406 -0.180379346 0.842845082
1403715953234057984.000000 0.993585587 0.857531667 -0.529588282 0.501824200 -0.030199984 -0.196460247 0.841821790
1403715953284058112.000000 0.978784204 0.916401386 -0.542650282 0.497805417 -0.051448107 -0.208980069 0.840160906
1403715953334057984.000000 0.959821343 0.976243496 -0.552604437 -0.494921863 0.068644442 0.218936116 -0.838097394
1403715953384058112.000000 0.939346910 1.032500744 -0.560043454 -0.492698938 0.084866740 0.230012864 -0.834948838
1403715953434057984.000000 0.918583632 1.083041191 -0.564101934 -0.492232889 0.100327738 0.238791466 -0.831035435
1403715953484058112.000000 0.901202440 1.122221351 -0.570979536 0.493424267 -0.112701409 -0.247413874 0.826206565
1403715953534057984.000000 0.883944273 1.159353375 -0.569881320 0.496215641 -0.123279907 -0.256337076 0.820282519
1403715953584058112.000000 0.870880842 1.187787533 -0.566522419 0.500214219 -0.132122114 -0.265527397 0.813526094
1403715953634057984.000000 0.860884428 1.208116531 -0.560063422 0.505283713 -0.138932481 -0.274885535 0.806116700
1403715953684058112.000000 0.854231596 1.216326118 -0.553707600 0.510452628 -0.144810468 -0.284222156 0.798552394
1403715953734057984.000000 0.850897193 1.217373252 -0.541662812 0.515973151 -0.148661748 -0.292144239 0.791405797
1403715953784058112.000000 0.851268768 1.208049417 -0.526418507 0.520601213 -0.148958787 -0.300091714 0.785322011
1403715953834057984.000000 0.856775165 1.185077190 -0.508380353 -0.525630891 0.143207967 0.306975693 -0.780365050
1403715953884058112.000000 0.869277120 1.154340029 -0.493886888 0.530856848 -0.128992170 -0.314465463 0.776314020
1403715953934057984.000000 0.880396128 1.112947345 -0.472538710 0.536641955 -0.105772048 -0.322287619 0.772630870
1403715953984058112.000000 0.892393649 1.063070416 -0.450434446 0.543447614 -0.072471172 -0.327533454 0.769502819
1403715954034057984.000000 0.903057337 1.006614327 -0.428913236 0.549725294 -0.035364822 -0.330436915 0.766395986
1403715954084058112.000000 0.909409642 0.948817909 -0.412441134 0.557300925 -0.003129250 -0.324106574 0.764435053
1403715954134057984.000000 0.913872480 0.882874608 -0.394774675 -0.565288305 -0.028122332 0.313241303 -0.762586534
1403715954184058112.000000 0.915947676 0.814214468 -0.380272090 -0.573584735 -0.056301434 0.297401249 -0.761172295
1403715954234057984.000000 0.916061401 0.744392157 -0.369828105 -0.581627607 -0.079890363 0.277928501 -0.760317504
1403715954284058112.000000 0.912463784 0.678389609 -0.365045607 0.588916779 0.097982280 -0.256993681 0.759954453
1403715954334057984.000000 0.908260405 0.610838890 -0.362573028 0.596814454 0.109773450 -0.233943433 0.759626806
1403715954384058112.000000 0.901917100 0.546043396 -0.363994390 0.605744839 0.115671940 -0.208327353 0.759139597
1403715954434057984.000000 0.894362867 0.485785782 -0.369119376 0.613973320 0.121881016 -0.183559641 0.757949650
1403715954484058112.000000 0.885374427 0.429636717 -0.376598686 0.620631933 0.130124778 -0.160750315 0.756335139
1403715954534057984.000000 0.876838505 0.388298035 -0.386520833 0.625573814 0.140502632 -0.142236099 0.754112303
1403715954584058112.000000 0.868558347 0.347802281 -0.399712265 0.629378617 0.152459875 -0.126550302 0.751414418
1403715954634057984.000000 0.859671533 0.316493124 -0.415346205 0.632464528 0.161951452 -0.113989942 0.748843670
1403715954684058112.000000 0.849847019 0.294816881 -0.433041692 0.635170698 0.169224218 -0.103945546 0.746402562
1403715954734057984.000000 0.839037180 0.283219039 -0.452331662 0.635989308 0.170608416 -0.101481542 0.745729208
1403715954784058112.000000 0.821649730 0.287422776 -0.470062733 0.635984063 0.167293519 -0.104154371 0.746115983
1403715954834057984.000000 0.807775617 0.295653313 -0.492503017 0.634808958 0.157321587 -0.112164997 0.748121977
1403715954884058112.000000 0.793301940 0.313547522 -0.516415954 0.632393003 0.145417616 -0.123364560 0.750808954
1403715954934057984.000000 0.777949810 0.339987427 -0.541712046 0.629067957 0.127120554 -0.138342962 0.754304409
1403715954984058112.000000 0.762932479 0.376401961 -0.568666637 0.623723328 0.107016690 -0.156881422 0.758224845
1403715955034057984.000000 0.741901875 0.414755106 -0.592467666 0.618690610 0.086544909 -0.173473820 0.761340141
1403715955084058112.000000 0.726261258 0.458991945 -0.622068822 0.612885475 0.065838873 -0.189470485 0.764289021
1403715955134057984.000000 0.709941864 0.506218791 -0.652528286 0.607555747 0.041667443 -0.203332558 0.766678452
1403715955184058112.000000 0.691514730 0.554811478 -0.681836069 0.601883411 0.015766719 -0.216176048 0.768606365
1403715955234057984.000000 0.675052047 0.605164766 -0.713863969 0.595816672 -0.009904510 -0.228498921 0.769865394
1403715955284058112.000000 0.657428622 0.646511853 -0.738348663 0.589347899 -0.031344771 -0.240488261 0.770617962
1403715955334057984.000000 0.643415451 0.691317081 -0.767225027 0.582875371 -0.048837241 -0.251864940 0.770996332
1403715955384058112.000000 0.630622506 0.732374609 -0.795235932 -0.577157438 0.064435661 0.260506094 -0.771280766
1403715955434057984.000000 0.618966103 0.768703222 -0.822166204 -0.572082698 0.078977704 0.268695503 -0.770899951
1403715955484058112.000000 0.608172715 0.800479054 -0.845495820 -0.568686843 0.094053924 0.274666756 -0.769615054
1403715955534057984.000000 0.599272490 0.817120671 -0.867324471 0.566525102 -0.111112475 -0.278732061 0.767471015
1403715955584058112.000000 0.592522442 0.835085928 -0.888685942 0.565617383 -0.126492947 -0.282584131 0.764344633
1403715955634057984.000000 0.588346124 0.844739258 -0.907630265 0.565928996 -0.138587400 -0.287569344 0.760145962
1403715955684058112.000000 0.587124705 0.845185399 -0.923551977 0.568008304 -0.145581096 -0.293355435 0.755059779
1403715955734057984.000000 0.589752972 0.833421469 -0.936687589 -0.573436916 0.141115651 0.298856169 -0.749627590
1403715955784058112.000000 0.599573910 0.806037903 -0.947305083 0.584092915 -0.124799363 -0.298145890 0.744560122
1403715955834057984.000000 0.611174643 0.777038693 -0.957721770 0.599742055 -0.100598596 -0.287679970 0.739884853
1403715955884058112.000000 0.623908639 0.742363453 -0.966655552 0.616701365 -0.072404712 -0.275827676 0.733727574
1403715955934057984.000000 0.636951685 0.704606473 -0.974435508 -0.634195626 0.046053052 0.261986792 -0.725973785
1403715955984058112.000000 0.649908721 0.659694791 -0.980832458 0.651852965 -0.016780561 -0.247930512 0.716475189
1403715956034057984.000000 0.663709819 0.618583262 -0.988692105 0.668289661 0.013510048 -0.236699373 0.705109835
1403715956084058112.000000 0.677240312 0.577928782 -0.996628881 0.683105052 0.040525999 -0.228335664 0.692522943
1403715956134057984.000000 0.689609706 0.538865149 -1.004296303 0.696300328 0.061565645 -0.223468199 0.679291904
1403715956184058112.000000 0.704730928 0.494764626 -1.012601137 0.708963394 0.079237372 -0.220213175 0.665280819
1403715956234057984.000000 0.714313924 0.462323934 -1.020878077 0.720828176 0.092013650 -0.219047725 0.651120842
1403715956284058112.000000 0.722941875 0.434604824 -1.029786944 0.732139766 0.099194907 -0.219680250 0.637081206
1403715956334057984.000000 0.731845140 0.412281990 -1.040051460 0.744788706 0.106142439 -0.216769040 0.622121274
1403715956384058112.000000 0.743420124 0.386446416 -1.056570530 0.758087397 0.113457337 -0.210514039 0.606724739
1403715956434057984.000000 0.753018796 0.375840127 -1.068756700 0.772366941 0.122162230 -0.199942589 0.590380192
1403715956484058112.000000 0.763088405 0.372694373 -1.081290245 0.786387503 0.131409496 -0.187506691 0.573731244
1403715956534057984.000000 0.773322582 0.377167106 -1.093228817 0.798644841 0.138363019 -0.177350163 0.558183789
1403715956584058112.000000 0.786319792 0.385928273 -1.107142329 0.808770239 0.142811090 -0.169558063 0.544743836
1403715956634057984.000000 0.797298610 0.407427907 -1.115757585 0.817136288 0.143300280 -0.164217025 0.533653498
1403715956684058112.000000 0.807477117 0.437788963 -1.121816754 0.821929216 0.139846668 -0.166911677 0.526322842
1403715956734057984.000000 0.817222953 0.476884305 -1.125175834 0.825263023 0.128870800 -0.174337640 0.521478415
1403715956784058112.000000 0.829394937 0.523788035 -1.127581000 0.826528490 0.115469031 -0.185802504 0.518647373
1403715956834057984.000000 0.840167344 0.577703357 -1.126453400 0.826215148 0.100163117 -0.198822677 0.517499149
1403715956884058112.000000 0.846204281 0.634525001 -1.124094129 0.823933184 0.083984740 -0.214924529 0.517579138
1403715956934057984.000000 0.856576562 0.698501825 -1.119323373 0.819878280 0.067956813 -0.233082354 0.518511593
1403715956984058112.000000 0.865575254 0.765666306 -1.112805128 0.813915968 0.050656948 -0.253932387 0.520089507
1403715957034057984.000000 0.872334480 0.834929526 -1.104531407 0.806570470 0.034790080 -0.275215447 0.522005975
1403715957084058112.000000 0.876562893 0.906809092 -1.094200611 0.798999965 0.020347860 -0.294210523 0.524047017
1403715957134057984.000000 0.875712991 0.975293517 -1.082824945 0.791511297 0.005662860 -0.311442196 0.525815248
1403715957184058112.000000 0.873936772 1.044737816 -1.072276950 0.783873796 -0.009414241 -0.327831775 0.527237773
1403715957234057984.000000 0.868760347 1.112116694 -1.061533928 -0.775812507 0.024410378 0.343772322 -0.528526068
1403715957284058112.000000 0.859833837 1.175973892 -1.051100373 -0.767468452 0.040762011 0.359077603 -0.529522359
1403715957334057984.000000 0.842226386 1.238332987 -1.043296695 0.758195281 -0.057396580 -0.374530941 0.530633807
1403715957384058112.000000 0.827914715 1.293018579 -1.034423947 0.748729408 -0.071792871 -0.390323520 0.530940354
1403715957434057984.000000 0.812028766 1.341094017 -1.027452588 0.740136802 -0.083253697 -0.403987676 0.531093538
1403715957484058112.000000 0.794268310 1.381351948 -1.022888899 0.731783330 -0.094069771 -0.416735768 0.531013668
1403715957534057984.000000 0.774943233 1.412828326 -1.021262169 0.724670291 -0.102804504 -0.427057356 0.530948400
1403715957584058112.000000 0.748270154 1.438499808 -1.016943097 0.718617320 -0.107878514 -0.436882168 0.530174911
1403715957634057984.000000 0.725688934 1.449721694 -1.021802068 0.713638365 -0.112800844 -0.444419742 0.529610634
1403715957684058112.000000 0.702476025 1.449972153 -1.030871987 0.711317360 -0.111757912 -0.449324161 0.528815329
1403715957734057984.000000 0.679632545 1.438087106 -1.045517087 -0.713787258 0.105638810 0.447110415 -0.528621256
1403715957784058112.000000 0.656583786 1.415257454 -1.065390587 -0.721077681 0.095548809 0.436696470 -0.529352069
1403715957834057984.000000 0.635545194 1.381061435 -1.091781020 -0.734183431 0.078448139 0.416801482 -0.530186057
1403715957884058112.000000 0.615751505 1.338166237 -1.123248696 -0.750020206 0.058847256 0.391582608 -0.529782712
1403715957934057984.000000 0.596002877 1.289718151 -1.158078313 -0.766070724 0.037451994 0.366066515 -0.526999414
1403715957984058112.000000 0.576402903 1.238019705 -1.195162535 -0.781679392 0.015899252 0.340380043 -0.522365928
1403715958034057984.000000 0.550017118 1.206594229 -1.223033905 0.796525180 0.004079583 -0.314681768 0.516242623
1403715958084058112.000000 0.527740002 1.155861139 -1.258835673 0.810613394 0.025130302 -0.290604770 0.507763088
1403715958134057984.000000 0.504621983 1.105758667 -1.295322180 0.823539615 0.040612902 -0.268128902 0.498236924
1403715958184058112.000000 0.480979949 1.060801744 -1.326183796 0.835571468 0.054686304 -0.246534303 0.487904280
1403715958234057984.000000 0.455717862 1.021152020 -1.355710387 0.845789075 0.067724772 -0.228968874 0.477103323
1403715958284058112.000000 0.435950100 0.973138809 -1.387565613 0.854976058 0.078559548 -0.214707777 0.465558916
1403715958334057984.000000 0.413076907 0.938187957 -1.417312860 0.863086522 0.086985454 -0.202428326 0.454464585
1403715958384058112.000000 0.390750647 0.909370065 -1.444090486 0.870399475 0.095151126 -0.191256374 0.443589956
1403715958434057984.000000 0.370160133 0.887594461 -1.467826605 0.878698528 0.100900792 -0.176533192 0.431907475
1403715958484058112.000000 0.346291631 0.896346092 -1.483816504 -0.885494888 -0.106976353 0.163278803 -0.421657413
1403715958534057984.000000 0.328015417 0.890377402 -1.497249126 -0.892310858 -0.108246736 0.154049918 -0.410283655
1403715958584058112.000000 0.310256809 0.892732382 -1.505216122 -0.897804022 -0.104837880 0.152341351 -0.399686247
1403715958634057984.000000 0.294145703 0.903615236 -1.507403970 -0.902683079 -0.098040998 0.154316232 -0.389535397
1403715958684058112.000000 0.279189467 0.923157692 -1.502913952 0.907080412 0.086545125 -0.160177946 0.379549891
1403715958734057984.000000 0.269990176 0.961840153 -1.491775751 0.910129130 0.073148184 -0.171491534 0.370006770
1403715958784058112.000000 0.258735478 0.993456244 -1.476402998 0.912189782 0.056149237 -0.187593251 0.359952658
1403715958834057984.000000 0.248876572 1.030374885 -1.455690503 0.913443387 0.034493033 -0.205747947 0.349426955
1403715958884058112.000000 0.240427941 1.070858717 -1.429900646 0.913077772 0.011413080 -0.226435825 0.338947803
1403715958934057984.000000 0.233350575 1.118294120 -1.398396850 0.911727667 -0.009696690 -0.246322304 0.328609258
1403715958984058112.000000 0.237803638 1.170099378 -1.364912033 0.909252822 -0.028510598 -0.266630888 0.318362236
1403715959034057984.000000 0.233541831 1.213556528 -1.327120185 0.904703140 -0.041344143 -0.291858107 0.307606548
1403715959084058112.000000 0.230869010 1.255058765 -1.286821365 0.900127709 -0.049280263 -0.315167099 0.296667129
1403715959134057984.000000 0.229707733 1.293423653 -1.245416880 0.895846605 -0.049253300 -0.336677313 0.285799772
1403715959184058112.000000 0.229013190 1.330675721 -1.202588081 -0.891479671 0.043173302 0.357838631 -0.274502695
1403715959234057984.000000 0.238747612 1.365817904 -1.164954424 0.887040496 -0.035637110 -0.377441645 0.263490140
1403715959284058112.000000 0.237755254 1.395642519 -1.124610901 0.882039428 -0.030219018 -0.396788180 0.252294421
1403715959334057984.000000 0.235370964 1.422643423 -1.085969090 0.874671459 -0.027796378 -0.419350564 0.241500154
1403715959384058112.000000 0.231343389 1.446249962 -1.050439954 0.865913570 -0.028395101 -0.442033738 0.232365519
1403715959434057984.000000 0.227272660 1.467233539 -1.017041564 -0.857832015 0.029431889 0.461254269 -0.224727720
1403715959484058112.000000 0.233667031 1.485127687 -1.001246929 0.849852502 -0.031087581 -0.478428215 0.218839765
1403715959534057984.000000 0.227291808 1.496935487 -0.984332979 0.843744874 -0.032715164 -0.491520345 0.213148117
1403715959584058112.000000 0.220909029 1.504522324 -0.977916062 0.839955330 -0.029704599 -0.501044452 0.206269816
1403715959634057984.000000 0.215709150 1.507158875 -0.983093858 0.839444757 -0.027043497 -0.504818439 0.199398085
1403715959684058112.000000 0.209264219 1.506100297 -0.994555235 -0.843452096 0.021646099 0.501225233 -0.192076594
1403715959734057984.000000 0.206696868 1.500447512 -1.022949219 -0.854152024 0.017413273 0.485713512 -0.184942186
1403715959784058112.000000 0.205195010 1.491527081 -1.061079621 -0.869591117 0.012044576 0.460656673 -0.177374601
1403715959834057984.000000 0.216664553 1.482445002 -1.119907022 0.885745823 -0.006876066 -0.431897879 0.169915885
1403715959884058112.000000 0.213428885 1.470416307 -1.168255925 0.902486980 0.000192485 -0.399076223 0.162035510
1403715959934057984.000000 0.210818738 1.457533717 -1.219711900 0.918178082 0.007357171 -0.364553422 0.154905424
1403715959984058112.000000 0.208484679 1.444937587 -1.273665428 0.932449222 0.013940803 -0.329074889 0.148505583
1403715960034057984.000000 0.202231407 1.432868242 -1.322088599 0.943579733 0.020338971 -0.297933400 0.143106326
1403715960084058112.000000 0.193524897 1.421986222 -1.364792347 -0.952331364 -0.023990450 0.270603389 -0.138792217
1403715960134057984.000000 0.190307319 1.412496448 -1.411803365 0.958668351 0.028103838 -0.248794213 0.135154188
1403715960184058112.000000 0.185690165 1.404983521 -1.447664738 0.963773310 0.032795254 -0.229317039 0.132208854
1403715960234057984.000000 0.183386624 1.400011301 -1.477142096 -0.967769504 -0.037673794 0.212444708 -0.129885212
1403715960284058112.000000 0.183948398 1.397534847 -1.499891758 -0.970597208 -0.041200075 0.199484169 -0.128256798
1403715960334057984.000000 0.188130498 1.397908688 -1.515911460 -0.973052442 -0.045278236 0.186839670 -0.127317831
1403715960384058112.000000 0.188537359 1.400343060 -1.524721980 -0.975355148 -0.047328644 0.174548388 -0.126393408
1403715960434057984.000000 0.199124575 1.407027364 -1.525158882 -0.977047801 -0.049350359 0.164701611 -0.125759944
1403715960484058112.000000 0.212680042 1.417348146 -1.516602755 -0.977311373 -0.049958616 0.162844911 -0.125889853
1403715960534057984.000000 0.229188502 1.431282640 -1.499392033 -0.975856066 -0.049739916 0.170617118 -0.126967564
1403715960584058112.000000 0.244038165 1.447570205 -1.474416018 0.971843183 0.048292249 -0.190983549 0.129282922
1403715960634057984.000000 0.264439583 1.467555165 -1.440885305 0.965406239 0.045047626 -0.220343381 0.131948069
1403715960684058112.000000 0.287659645 1.490055323 -1.401624918 -0.958001018 -0.040568642 0.249844432 -0.134781748
1403715960734057984.000000 0.312801421 1.514856815 -1.358226895 -0.949746788 -0.038640045 0.278648198 -0.137270704
1403715960784058112.000000 0.340283394 1.542059541 -1.312580109 -0.939697921 -0.035158422 0.309841126 -0.140464738
1403715960834057984.000000 0.353469551 1.568013191 -1.262545943 0.926166654 0.030363703 -0.347235441 0.143947840
1403715960884058112.000000 0.380470961 1.597632885 -1.214261293 0.912090302 0.027175525 -0.381817758 0.146860510
1403715960934057984.000000 0.406155109 1.627716541 -1.167443514 0.897573769 0.021818114 -0.414043158 0.149845511
1403715960984058112.000000 0.430781275 1.658079743 -1.124271989 0.885343611 0.018852461 -0.438872963 0.152321622
1403715961034057984.000000 0.472020090 1.688664675 -1.088268995 -0.873845518 -0.016300129 0.460724384 -0.154471338
1403715961084058112.000000 0.470390618 1.715679169 -1.054930925 0.863223851 0.013514157 -0.479614764 0.156945124
1403715961134057984.000000 0.489483356 1.743641019 -1.030534983 0.852272153 0.008856431 -0.498173863 0.159300491
1403715961184058112.000000 0.506310046 1.769933701 -1.015475273 0.842250884 0.002741494 -0.514239311 0.161752880
1403715961234057984.000000 0.520735025 1.793820977 -1.010501027 0.835593104 -0.005030864 -0.524138451 0.164431900
1403715961284058112.000000 0.531533778 1.815256953 -1.015001535 -0.833990276 0.013853292 0.525739074 -0.166933522
1403715961334057984.000000 0.537344396 1.831569552 -1.035039783 0.838951349 -0.021851512 -0.517115772 0.168150499
1403715961384058112.000000 0.546743333 1.846295595 -1.063785911 0.848283589 -0.027935965 -0.501684487 0.167174414
1403715961434057984.000000 0.554845273 1.857402802 -1.102187872 0.860316098 -0.031562455 -0.481585473 0.164120391
1403715961484058112.000000 0.566662133 1.867269754 -1.146082520 -0.873155117 0.032147542 0.460116714 -0.157668412
1403715961534057984.000000 0.571732640 1.872736931 -1.201134443 -0.886815846 0.030702759 0.436253875 -0.149323925
1403715961584058112.000000 0.567194700 1.870592117 -1.258979678 0.900622666 -0.025755901 -0.410919696 0.139142185
1403715961634057984.000000 0.572392225 1.871006727 -1.318539381 0.913447201 -0.019574534 -0.386203647 0.126798421
1403715961684058112.000000 0.576825082 1.870140076 -1.379298568 0.925596237 -0.013286819 -0.360845208 0.113516241
1403715961734057984.000000 0.580076098 1.868602514 -1.439475775 0.936694086 -0.004481023 -0.335602492 0.099775210
1403715961784058112.000000 0.580821693 1.865866899 -1.497731566 0.946584702 0.006097316 -0.310620874 0.086342134
1403715961834057984.000000 0.572916806 1.862897873 -1.549416780 0.954833329 0.013672591 -0.287462562 0.073971584
1403715961884058112.000000 0.569510579 1.861112833 -1.599074125 0.961316764 0.021077689 -0.267370373 0.062761404
1403715961934057984.000000 0.564214230 1.859669924 -1.643406391 0.966439903 0.027355989 -0.249887288 0.052933760
1403715961984058112.000000 0.559383154 1.859309435 -1.682205200 0.972384751 0.030427717 -0.227322027 0.043207288
1403715962034057984.000000 0.555295408 1.859517574 -1.711150885 0.978309572 0.031057393 -0.202185392 0.032663666
1403715962084058112.000000 0.544707417 1.861972213 -1.735576868 -0.983306944 -0.028989485 0.178271681 -0.022053985
1403715962134057984.000000 0.541885555 1.865405202 -1.749070287 -0.986639500 -0.027125254 0.160228983 -0.011554380
1403715962184058112.000000 0.539784610 1.869925022 -1.752670169 -0.988625169 -0.024463460 0.148395285 -0.000851677
1403715962234057984.000000 0.538623929 1.875265598 -1.745692492 -0.989329696 -0.019986803 0.143981576 0.009833941
1403715962284058112.000000 0.537862599 1.880538940 -1.730210185 0.988833249 0.014026918 -0.146910012 -0.020728424
1403715962334057984.000000 0.539255977 1.886554360 -1.703132391 0.987293482 0.004854034 -0.155724123 -0.031272314
1403715962384058112.000000 0.543141186 1.891952753 -1.665841341 0.985031009 -0.004583558 -0.167558774 -0.040212434
1403715962434057984.000000 0.548769534 1.896513700 -1.618679643 0.981669843 -0.016322821 -0.183439702 -0.049069472
1403715962484058112.000000 0.556283176 1.901808500 -1.560632467 0.977131188 -0.029346475 -0.202416033 -0.058148820
1403715962534057984.000000 0.562560678 1.902887106 -1.497176886 0.970763922 -0.043109741 -0.226402536 -0.067089245
1403715962584058112.000000 0.567984343 1.901413560 -1.427393317 0.962050915 -0.057345353 -0.255677342 -0.076149710
1403715962634057984.000000 0.572604120 1.896111131 -1.352646232 0.953071475 -0.068748713 -0.282397330 -0.084736049
1403715962684058112.000000 0.577186227 1.888603926 -1.272475719 0.944326222 -0.079256549 -0.305519283 -0.092868537
1403715962734057984.000000 0.579559386 1.875719666 -1.191504121 0.935744703 -0.086948767 -0.326594621 -0.100785919
1403715962784058112.000000 0.579773843 1.858351588 -1.108740568 0.926692665 -0.090576656 -0.348125845 -0.108835228
1403715962834057984.000000 0.577940226 1.836392999 -1.025667667 0.918455005 -0.087792806 -0.367551208 -0.116785601
1403715962884058112.000000 0.569119990 1.809358478 -0.953069329 0.911135256 -0.081656732 -0.384027123 -0.125251144
1403715962934057984.000000 0.561666250 1.779386163 -0.871913910 0.902868092 -0.067224421 -0.402814507 -0.134352908
1403715962984058112.000000 0.550394118 1.746376753 -0.792335808 0.894587874 -0.044341948 -0.420673698 -0.144152910
1403715963034057984.000000 0.533782005 1.712224245 -0.715367377 0.884339273 -0.023480171 -0.440099627 -0.153964594
1403715963084058112.000000 0.511743248 1.678085566 -0.642134845 0.873328805 -0.005197485 -0.458692610 -0.163923621
1403715963134057984.000000 0.492519975 1.643478990 -0.576722503 0.861446798 0.009204861 -0.477089912 -0.173810378
1403715963184058112.000000 0.459803522 1.610965848 -0.511384547 0.849871397 0.020009242 -0.493506789 -0.183764264
1403715963234057984.000000 0.422835529 1.580918550 -0.452749193 0.839227796 0.029059041 -0.507041633 -0.194322348
1403715963284058112.000000 0.380173981 1.553668141 -0.400022805 0.828630149 0.035115909 -0.519873261 -0.204623401
1403715963334057984.000000 0.331395626 1.529495120 -0.355104566 0.821497440 0.040275175 -0.525998175 -0.216438979
1403715963384058112.000000 0.295950115 1.509405375 -0.322923481 0.822956860 0.039871041 -0.518297911 -0.229171693
1403715963434057984.000000 0.245644033 1.496806145 -0.301895857 0.833866119 0.038134087 -0.493563145 -0.244148716
1403715963484058112.000000 0.194661200 1.488923788 -0.289283752 0.847741365 0.032814190 -0.461395979 -0.259560287
1403715963534057984.000000 0.146600306 1.485899448 -0.284228802 0.862919867 0.025875587 -0.423121154 -0.275078893
1403715963584058112.000000 0.092735529 1.484180927 -0.283531904 0.874420285 0.017726801 -0.389026850 -0.289366961
1403715963634057984.000000 0.042995453 1.484815836 -0.284401417 0.882993400 0.011664158 -0.358538926 -0.302715361
1403715963684058112.000000 -0.002080679 1.486680031 -0.286690831 0.888991833 0.007107010 -0.332723886 -0.314544111
1403715963734057984.000000 -0.044205725 1.488652229 -0.288750052 0.892115057 0.003472184 -0.313776731 -0.325058252
1403715963784058112.000000 -0.081615210 1.490390778 -0.289385319 0.892746687 -0.000972514 -0.302600950 -0.333819032
1403715963834057984.000000 -0.115446270 1.491159320 -0.289337039 0.892363191 -0.004822863 -0.294991344 -0.341532886
1403715963884058112.000000 -0.127955496 1.486383438 -0.276256442 0.890527487 -0.006514357 -0.293440700 -0.347578764
1403715963934057984.000000 -0.153483093 1.484998345 -0.272755265 0.887582839 -0.007021508 -0.296437442 -0.352522731
1403715963984058112.000000 -0.175214946 1.482657909 -0.268625498 0.883658409 -0.008853331 -0.303088963 -0.356660247
1403715964034057984.000000 -0.193117380 1.478742957 -0.263616204 0.879559278 -0.003871211 -0.310750812 -0.360269904
1403715964084058112.000000 -0.208229065 1.474694490 -0.258569360 0.872578204 0.006572184 -0.326471329 -0.363291383
1403715964134057984.000000 -0.213408768 1.470642209 -0.252209187 0.865420520 0.025892999 -0.341095865 -0.366101801
1403715964184058112.000000 -0.216722369 1.468902826 -0.249853849 0.858503222 0.036981408 -0.354844183 -0.368361503
1403715964234057984.000000 -0.212375343 1.470186114 -0.250155807 0.854965448 0.042376716 -0.361233920 -0.369795144
1403715964284058112.000000 -0.201154828 1.474813461 -0.254084110 0.855039060 0.034958061 -0.361119360 -0.370511860
1403715964334057984.000000 -0.187622547 1.479620814 -0.259288788 0.856358349 0.028526699 -0.357933581 -0.371106803
1403715964384058112.000000 -0.172060966 1.488690376 -0.266386390 0.858621657 0.020142367 -0.352435648 -0.371688366
1403715964434057984.000000 -0.157539010 1.499679327 -0.273251534 0.859593213 0.014827494 -0.350124806 -0.371876687
1403715964484058112.000000 -0.144466043 1.511367440 -0.280009151 0.860365033 0.012752994 -0.347714037 -0.372430354
1403715964534057984.000000 -0.131958306 1.524166346 -0.286859751 0.861477971 0.013564519 -0.344396979 -0.372910798
1403715964584058112.000000 -0.119938910 1.538271308 -0.293596745 0.861338317 0.013935140 -0.344756901 -0.372887045
1403715964634057984.000000 -0.103331447 1.557415366 -0.308629036 0.861473143 0.009727124 -0.344678611 -0.372781664
1403715964684058112.000000 -0.088528514 1.573172092 -0.317279696 0.861825764 0.001664946 -0.344124138 -0.372601986
1403715964734057984.000000 -0.070822299 1.590160966 -0.328103304 0.862340689 -0.006565796 -0.342949688 -0.372439176
1403715964784058112.000000 -0.049989939 1.606606841 -0.339619756 0.862981379 -0.018520774 -0.340786636 -0.372538120
1403715964834057984.000000 -0.025941849 1.622997522 -0.353295326 0.863549232 -0.030835388 -0.337795854 -0.373129874
1403715964884058112.000000 -0.002763212 1.638500333 -0.368800402 0.865116894 -0.040075235 -0.331519306 -0.374248147
1403715964934057984.000000 0.020489752 1.651525140 -0.383437991 0.867231011 -0.044590071 -0.323617041 -0.375758171
1403715964984058112.000000 0.041332006 1.662710786 -0.397399664 0.869240940 -0.049239881 -0.315209925 -0.377675056
1403715965034057984.000000 0.059397936 1.671433568 -0.410353065 0.872127295 -0.051154796 -0.303966761 -0.379975766
1403715965084058112.000000 0.074621737 1.677853823 -0.420710206 0.875123858 -0.053120211 -0.291914910 -0.382259220
1403715965134057984.000000 0.083849013 1.685596347 -0.431376100 0.877999187 -0.055326656 -0.280505180 -0.383892328
1403715965184058112.000000 0.091657400 1.686111808 -0.436642051 0.876929522 -0.047734804 -0.282461941 -0.385916144
1403715965234057984.000000 0.097107649 1.683524966 -0.439370632 0.872124732 -0.033741418 -0.296297014 -0.387902141
1403715965284058112.000000 0.101391554 1.678074718 -0.440158844 0.864959657 -0.015058856 -0.316592693 -0.389085025
1403715965334057984.000000 0.107910216 1.667928815 -0.439811349 0.854682028 0.003301997 -0.343835145 -0.388953984
1403715965384058112.000000 0.102704406 1.665122032 -0.444716334 0.843010306 0.018289795 -0.372351199 -0.387754858
1403715965434057984.000000 0.108001232 1.659917355 -0.446950555 0.832139254 0.031529609 -0.397610456 -0.385300070
1403715965484058112.000000 0.113790631 1.657906532 -0.452542663 0.822724700 0.043268859 -0.418399572 -0.382352799
1403715965534057984.000000 0.119754910 1.660327911 -0.462171197 0.815690577 0.052722834 -0.433375359 -0.379545867
1403715965584058112.000000 0.126343369 1.666199088 -0.477527976 0.811719954 0.058508240 -0.442056745 -0.377191484
1403715965634057984.000000 0.127435327 1.677841187 -0.497319221 0.813356936 0.059114818 -0.439855725 -0.376142293
1403715965684058112.000000 0.136397719 1.696583152 -0.523963094 0.821845889 0.054004598 -0.424132437 -0.376516342
1403715965734057984.000000 0.146344900 1.720623016 -0.555382133 0.834537148 0.043859005 -0.398459345 -0.377960891
1403715965784058112.000000 0.156153321 1.748383403 -0.589329481 0.847874701 0.030413302 -0.368977726 -0.379524827
1403715965834057984.000000 0.168697476 1.779432774 -0.623442411 0.860892534 0.014656747 -0.337155908 -0.380756110
1403715965884058112.000000 0.172801852 1.802525282 -0.653164625 0.871790469 0.000537694 -0.306895107 -0.381833106
1403715965934057984.000000 0.181035399 1.830499291 -0.684015036 0.880345643 -0.012154548 -0.280432433 -0.382363111
1403715965984058112.000000 0.188498795 1.856346607 -0.712090015 0.887028337 -0.020556601 -0.257545769 -0.382659703
1403715966034057984.000000 0.195698023 1.879900694 -0.736456156 0.891054094 -0.027718727 -0.241329998 -0.383424282
1403715966084058112.000000 0.205919743 1.899313927 -0.756717920 0.895631850 -0.035731826 -0.221005410 -0.384348214
1403715966134057984.000000 0.211416006 1.914516687 -0.767450333 0.899758637 -0.046122558 -0.200286523 -0.384957790
1403715966184058112.000000 0.225981236 1.925188899 -0.777662992 0.901749671 -0.051847938 -0.187962919 -0.385784030
1403715966234057984.000000 0.242190361 1.930181623 -0.781874180 0.901578903 -0.051590446 -0.187191650 -0.386591882
1403715966284058112.000000 0.259648323 1.929509401 -0.780070782 0.899065673 -0.045110732 -0.199635610 -0.387029231
1403715966334057984.000000 0.278722882 1.924151659 -0.773433924 0.893297195 -0.034706276 -0.225163966 -0.387449056
1403715966384058112.000000 0.290875137 1.914154291 -0.756341457 0.886730194 -0.022972049 -0.252277702 -0.386701345
1403715966434057984.000000 0.313173771 1.901458859 -0.741522312 0.879026055 -0.009217803 -0.281085998 -0.384992212
1403715966484058112.000000 0.335813999 1.886682510 -0.724033833 0.868971229 0.005554684 -0.314493477 -0.382036775
1403715966534057984.000000 0.355388880 1.871041894 -0.702579379 0.856545269 0.020838780 -0.350590885 -0.378129542
1403715966584058112.000000 0.376899719 1.856894374 -0.683271170 0.845319808 0.033409301 -0.380357891 -0.373692572
1403715966634057984.000000 0.403140783 1.844425797 -0.669494033 0.835453033 0.043774523 -0.405214280 -0.368651003
1403715966684058112.000000 0.415514350 1.839122057 -0.651288629 0.827779055 0.051230401 -0.424003303 -0.363838673
1403715966734057984.000000 0.434186578 1.835538507 -0.640225172 0.821839631 0.056369588 -0.438276857 -0.359604686
1403715966784058112.000000 0.450464010 1.836378217 -0.632985592 0.816182971 0.061186012 -0.451079011 -0.355850399
1403715966834057984.000000 0.465616941 1.842900515 -0.631023049 0.813356400 0.064908765 -0.457801014 -0.353067338
1403715966884058112.000000 0.479868054 1.855505824 -0.635403991 0.815809369 0.065806933 -0.454266578 -0.351804614
1403715966934057984.000000 0.497700810 1.871990204 -0.645544767 0.825217783 0.059674375 -0.437825501 -0.351800293
1403715966984058112.000000 0.513513207 1.894843817 -0.660394549 0.837008953 0.050727349 -0.415485531 -0.352440834
1403715967034057984.000000 0.527820945 1.922186017 -0.678773165 0.850296915 0.042596150 -0.387367308 -0.353733450
1403715967084058112.000000 0.541700363 1.952191114 -0.698606253 0.863712251 0.029189194 -0.356878161 -0.354664892
1403715967134057984.000000 0.555498481 1.983214378 -0.718308330 0.875990212 0.017170988 -0.325738221 -0.355304152
1403715967184058112.000000 0.568768322 2.013985395 -0.736818314 0.886489034 0.005815120 -0.296410412 -0.355308622
1403715967234057984.000000 0.583805680 2.041475058 -0.752772331 0.896369278 -0.005794122 -0.265901476 -0.354661852
1403715967284058112.000000 0.599285245 2.069582939 -0.765249252 0.904760242 -0.018332509 -0.236232147 -0.353931218
1403715967334057984.000000 0.616641760 2.094275951 -0.772953272 0.911804914 -0.029361606 -0.208690256 -0.352417588
1403715967384058112.000000 0.635070562 2.114535332 -0.774707079 0.915573299 -0.039315030 -0.191681176 -0.351337790
1403715967434057984.000000 0.654822290 2.129717112 -0.770244837 0.917435944 -0.043110438 -0.183913410 -0.350183934
1403715967484058112.000000 0.673938394 2.138106108 -0.761027336 0.916651905 -0.046146479 -0.186866641 -0.350286692
1403715967534057984.000000 0.696831167 2.143623114 -0.742900610 0.913515031 -0.049488384 -0.196616128 -0.352680326
1403715967584058112.000000 0.721208990 2.144006491 -0.718665600 0.908010483 -0.052204162 -0.212777957 -0.357095569
1403715967634057984.000000 0.746550083 2.139691830 -0.689480305 0.899973691 -0.052537102 -0.234926417 -0.363451302
1403715967684058112.000000 0.773282349 2.131002665 -0.654801607 -0.889590740 0.052209307 0.260363400 0.371636152
1403715967734057984.000000 0.800557911 2.116678953 -0.625302792 0.877591670 -0.054228049 -0.286374956 -0.380633175
1403715967784058112.000000 0.827754259 2.100812435 -0.587242126 0.863917887 -0.053647619 -0.314116746 -0.389998198
1403715967834057984.000000 0.853929222 2.081480503 -0.548656464 0.848692000 -0.052617766 -0.342624635 -0.399451822
1403715967884058112.000000 0.878888130 2.059829473 -0.511643171 0.834992349 -0.051250182 -0.364776343 -0.408777952
1403715967934057984.000000 0.899900794 2.036737442 -0.477576375 0.822425663 -0.046859268 -0.383729190 -0.417339414
1403715967984058112.000000 0.919430494 2.010379791 -0.448450089 0.811473727 -0.035635993 -0.399365425 -0.425144583
1403715968034057984.000000 0.933061123 1.985672712 -0.419311166 0.801581502 -0.018042864 -0.412885785 -0.432049572
1403715968084058112.000000 0.942740083 1.961848617 -0.394467115 0.793037117 0.001713441 -0.423536956 -0.437842071
1403715968134057984.000000 0.949064493 1.940219283 -0.374090791 0.785626352 0.019726433 -0.431753159 -0.442709237
1403715968184058112.000000 0.951229811 1.922300339 -0.358526230 0.781128883 0.032230910 -0.434810072 -0.446921796
1403715968234057984.000000 0.952153206 1.908192992 -0.347039342 0.782036722 0.036802612 -0.429210216 -0.450380713
1403715968284058112.000000 0.955131531 1.897763729 -0.337373734 0.788658798 0.033768568 -0.413382679 -0.453863323
1403715968334057984.000000 0.951015830 1.890315652 -0.331338882 0.797127545 0.026116194 -0.394297600 -0.456546783
1403715968384058112.000000 0.943578362 1.885514140 -0.326845407 0.806172967 0.018088004 -0.373478234 -0.458554417
1403715968434057984.000000 0.932842374 1.881918192 -0.322070003 0.815046847 0.006210082 -0.352393299 -0.459868520
1403715968484058112.000000 0.918591201 1.878893971 -0.317504525 0.823457003 -0.004227544 -0.331254721 -0.460620373
1403715968534057984.000000 0.899279118 1.874328017 -0.312959194 0.830940425 -0.015310588 -0.311349928 -0.460830718
1403715968584058112.000000 0.881833553 1.870841026 -0.306240082 0.838091314 -0.025094850 -0.291116208 -0.460678518
1403715968634057984.000000 0.860004425 1.866202712 -0.299328566 0.844418347 -0.034030121 -0.271836489 -0.460331082
1403715968684058112.000000 0.835824609 1.858737469 -0.292057514 0.849888623 -0.041372057 -0.253711820 -0.460008711
1403715968734057984.000000 0.826337218 1.848704576 -0.282307863 0.854643941 -0.047465928 -0.237848788 -0.459084660
1403715968784058112.000000 0.806522310 1.833028078 -0.269370794 0.858146489 -0.053684369 -0.224085107 -0.458790362
1403715968834057984.000000 0.788543344 1.812389135 -0.253510237 0.861223102 -0.058347359 -0.211792603 -0.458295047
1403715968884058112.000000 0.772247910 1.786783338 -0.234082937 0.862891257 -0.061942399 -0.204183951 -0.458138376
1403715968934057984.000000 0.757722735 1.755404234 -0.210872173 0.863276541 -0.063541353 -0.201493606 -0.458384603
1403715968984058112.000000 0.740287304 1.720556259 -0.185008049 0.861483574 -0.060966458 -0.207916602 -0.459238350
1403715969034057984.000000 0.732762516 1.674879193 -0.150762439 0.856767893 -0.052239127 -0.225632772 -0.460770756
1403715969084058112.000000 0.718182683 1.628453374 -0.116798759 0.849243164 -0.038488880 -0.252389193 -0.462173522
1403715969134057984.000000 0.703394294 1.578437328 -0.080423951 0.838531613 -0.018696932 -0.287107050 -0.462692946
1403715969184058112.000000 0.688397288 1.526381373 -0.042581677 0.824320614 0.003268353 -0.326711506 -0.462325156
1403715969234057984.000000 0.675050259 1.473661065 -0.005708814 0.810217917 0.023509568 -0.361870766 -0.460482210
1403715969284058112.000000 0.667046607 1.420423269 0.026413441 0.796583652 0.040911511 -0.392479926 -0.457974166
1403715969334057984.000000 0.655848324 1.373903751 0.057360291 0.785477936 0.054762140 -0.415873408 -0.455054790
1403715969384058112.000000 0.644546747 1.332666397 0.084434509 0.775648773 0.068290405 -0.435198516 -0.452004135
1403715969434057984.000000 0.632711589 1.297947645 0.107029617 0.766916633 0.079611965 -0.451587558 -0.448965073
1403715969484058112.000000 0.621383369 1.269374490 0.123241663 0.760811031 0.092062093 -0.461718470 -0.446662426
1403715969534057984.000000 0.608103454 1.250742555 0.136732876 0.758013606 0.105835341 -0.464083612 -0.445915580
1403715969584058112.000000 0.595473707 1.242069840 0.141143501 0.759543777 0.120687157 -0.456532419 -0.447332144
1403715969634057984.000000 0.583615899 1.244350672 0.140371084 0.764383018 0.132795334 -0.442240417 -0.450008333
1403715969684058112.000000 0.572427034 1.256296396 0.136277616 0.770765901 0.141696811 -0.425006032 -0.453003168
1403715969734057984.000000 0.563700497 1.279125214 0.128725767 0.779083252 0.147883743 -0.403856158 -0.456135899
1403715969784058112.000000 0.555085838 1.310948968 0.119895101 0.788562059 0.146362513 -0.381670862 -0.459429413
1403715969834057984.000000 0.548173726 1.351647377 0.110766172 0.799420655 0.136686862 -0.357942343 -0.462731749
1403715969884058112.000000 0.534367859 1.394860506 0.105526090 0.809461594 0.117028683 -0.338258564 -0.465464771
1403715969934057984.000000 0.529422998 1.446699619 0.099094510 0.818790793 0.088872626 -0.321075588 -0.467540294
1403715969984058112.000000 0.526368260 1.501816273 0.094797492 0.827639520 0.058136400 -0.302070081 -0.469453722
1403715970034057984.000000 0.523950756 1.558119178 0.092639685 0.834212899 0.032737080 -0.285077453 -0.470901191
1403715970084058112.000000 0.522271216 1.613629222 0.092763543 0.839598775 0.010673160 -0.268568516 -0.472049892
1403715970134057984.000000 0.523702443 1.666504383 0.097972989 0.844449043 -0.006511955 -0.252281100 -0.472459167
1403715970184058112.000000 0.513373613 1.714926958 0.100187182 0.848265469 -0.023425927 -0.235362753 -0.473815799
1403715970234057984.000000 0.516859889 1.761608243 0.108449936 0.852173567 -0.041327421 -0.217377722 -0.474172264
1403715970284058112.000000 0.521944046 1.803065777 0.120100021 0.855161846 -0.057726003 -0.200918421 -0.474339247
1403715970334057984.000000 0.528264999 1.838431716 0.135212183 0.857103884 -0.071994014 -0.187906966 -0.474215925
1403715970384058112.000000 0.537127495 1.866894126 0.153702259 0.858636618 -0.080883987 -0.177716210 -0.473938823
1403715970434057984.000000 0.541536510 1.888271809 0.174551964 -0.858110487 0.090490989 0.173512340 0.474711686
1403715970484058112.000000 0.554724813 1.900739670 0.201235771 -0.855815530 0.095577843 0.178543016 0.475990713
1403715970534057984.000000 0.568830132 1.905007362 0.232237577 -0.850781381 0.098509930 0.194020912 0.478354335
1403715970584058112.000000 0.583819747 1.901511788 0.266360998 -0.843097329 0.098379575 0.219079345 0.481157631
1403715970634057984.000000 0.598496914 1.891522169 0.303576946 0.834748387 -0.091199689 -0.247875944 -0.483151376
1403715970684058112.000000 0.610190213 1.875433922 0.335265160 0.825432062 -0.080817729 -0.278908432 -0.484087348
1403715970734057984.000000 0.625944376 1.852745056 0.372158527 0.814361036 -0.068106569 -0.313368678 -0.483712584
1403715970784058112.000000 0.641270041 1.825871468 0.407619596 0.801056445 -0.054311026 -0.351047486 -0.481793165
1403715970834057984.000000 0.656286418 1.797207236 0.439725637 0.786946476 -0.040101301 -0.387574226 -0.478428096
1403715970884058112.000000 0.670199931 1.768332124 0.466964126 0.773108482 -0.026954513 -0.420638263 -0.473962277
1403715970934057984.000000 0.691178083 1.742470503 0.486377478 0.760147452 -0.014569570 -0.448850960 -0.469570518
1403715970984058112.000000 0.704202175 1.718271494 0.499800086 0.748774052 -0.001766732 -0.470831841 -0.466531754
1403715971034057984.000000 0.715782702 1.698268056 0.504621267 0.740058362 0.013953196 -0.485369593 -0.465333551
1403715971084058112.000000 0.726088524 1.684432983 0.499754190 0.733099639 0.032473195 -0.493854880 -0.466495335
1403715971134057984.000000 0.728945971 1.679337859 0.478349328 0.729711771 0.050559036 -0.492740154 -0.471350878
1403715971184058112.000000 0.738392651 1.681393266 0.454751015 0.730504274 0.065495476 -0.483620614 -0.477687210
1403715971234057984.000000 0.747329950 1.693302751 0.422956228 0.735291719 0.079350434 -0.463919818 -0.487676293
1403715971284058112.000000 0.756385207 1.714488864 0.384456038 0.742630303 0.087079473 -0.437286139 -0.499698132
1403715971334057984.000000 0.777144790 1.745941043 0.343652248 0.751076341 0.092354722 -0.405535460 -0.512733936
1403715971384058112.000000 0.786545455 1.782464743 0.299618959 0.758558452 0.093174942 -0.371515274 -0.527146995
1403715971434057984.000000 0.796440721 1.824785829 0.255552053 0.764611661 0.089626521 -0.337766171 -0.541525722
1403715971484058112.000000 0.805884421 1.871015906 0.213151455 0.768881142 0.084100395 -0.304467678 -0.555921316
1403715971534057984.000000 0.814504385 1.921765804 0.173293591 0.770782173 0.076574884 -0.273514986 -0.570281208
1403715971584058112.000000 0.826003551 1.978115320 0.134388924 0.770120144 0.067243710 -0.246834978 -0.584350765
1403715971634057984.000000 0.837475061 2.029823780 0.103341103 0.767541885 0.056622583 -0.224560231 -0.597700596
1403715971684058112.000000 0.849944711 2.080918312 0.077050447 0.762965679 0.045039821 -0.207562938 -0.610550940
1403715971734057984.000000 0.863256395 2.130814552 0.055878639 0.756618023 0.029111832 -0.195280850 -0.623335540
1403715971784058112.000000 0.876635671 2.179052830 0.038979769 0.749087930 0.013269345 -0.187089637 -0.635365069
1403715971834057984.000000 0.898250341 2.224060059 0.027911663 -0.739315450 0.004421991 0.185114339 0.647399247
1403715971884058112.000000 0.912458479 2.265516281 0.019584894 -0.728586674 0.019642500 0.186146170 0.658881843
1403715971934057984.000000 0.928066790 2.303482771 0.014676809 -0.717893839 0.031014521 0.187534735 0.669699430
1403715971984058112.000000 0.943689406 2.337016344 0.012553453 -0.707193434 0.039012171 0.190058380 0.679877400
1403715972034057984.000000 0.956489861 2.366158962 0.010527849 0.697638094 -0.043306462 -0.191859260 -0.688923597
1403715972084058112.000000 0.972438216 2.390953302 0.011360407 0.689284742 -0.050195541 -0.190078571 -0.697307050
1403715972134057984.000000 0.989398122 2.411121368 0.012334585 0.683709741 -0.058151565 -0.184165493 -0.703734636
1403715972184058112.000000 1.007694244 2.426012754 0.013468266 0.680132568 -0.068572193 -0.174870446 -0.708616972
1403715972234057984.000000 1.026965499 2.434939384 0.014888048 0.677942812 -0.080638997 -0.164211303 -0.711987078
1403715972284058112.000000 1.046558142 2.437253237 0.016612768 0.676516533 -0.090621874 -0.154272377 -0.714362025
1403715972334057984.000000 1.068306327 2.425675869 0.021564960 -0.675636590 0.098489441 0.146502227 0.715787768
1403715972384058112.000000 1.087828398 2.413227558 0.024296284 -0.674244642 0.104633674 0.142764986 0.716982722
1403715972434057984.000000 1.106931329 2.392530918 0.027561903 -0.672973394 0.105663627 0.142305896 0.718116403
1403715972484058112.000000 1.124823809 2.364023685 0.031360865 -0.671548903 0.102714077 0.145518571 0.719233155
1403715972534057984.000000 1.141546488 2.328102589 0.035972834 -0.669360578 0.093699299 0.154794574 0.720566094
1403715972584058112.000000 1.156662464 2.288749695 0.039601564 0.664743602 -0.079911016 -0.172859281 -0.722391844
1403715972634057984.000000 1.170999527 2.241137743 0.044919491 0.659895897 -0.064743795 -0.192180961 -0.723472297
1403715972684058112.000000 1.183424711 2.189072132 0.051069975 0.653801322 -0.048808429 -0.214225739 -0.724064231
1403715972734057984.000000 1.193551540 2.134012699 0.058046937 0.647209525 -0.032724336 -0.236904442 -0.723826826
1403715972784058112.000000 1.200846434 2.077271700 0.065843582 0.641093969 -0.016859040 -0.258077860 -0.722571909
1403715972834057984.000000 1.194875956 2.019611359 0.075536847 -0.636218548 0.005428670 0.274642825 0.720949292
1403715972884058112.000000 1.198316336 1.962995172 0.083449244 -0.634254336 -0.000562939 0.284033448 0.719059229
1403715972934057984.000000 1.200582743 1.907836556 0.090828538 -0.635833204 0.002218592 0.285743624 0.716981053
1403715972984058112.000000 1.201353312 1.854338288 0.098019838 -0.638232887 0.008235360 0.285017252 0.715091765
1403715973034057984.000000 1.200320363 1.802195311 0.104403377 -0.640508413 0.019596862 0.285013825 0.712833881
1403715973084058112.000000 1.203263521 1.749543428 0.108190775 0.642818332 -0.028882662 -0.284834534 -0.710506737
1403715973134057984.000000 1.201732159 1.698394775 0.111350656 0.645736933 -0.033232808 -0.282543600 -0.708582103
1403715973184058112.000000 1.199285388 1.647333622 0.112606049 0.648465812 -0.033644401 -0.279840261 -0.707141936
1403715973234057984.000000 1.196232557 1.596424103 0.112060905 0.650082290 -0.034256931 -0.279567778 -0.705734730
1403715973284058112.000000 1.192779660 1.545831919 0.109927177 0.651068747 -0.034238327 -0.280401379 -0.704494417
1403715973334057984.000000 1.180234909 1.504024982 0.099921346 -0.650265515 0.032400653 0.283586830 0.704047918
1403715973384058112.000000 1.175058722 1.453506112 0.094116688 -0.649184823 0.027204214 0.288668782 0.703199387
1403715973434057984.000000 1.169251680 1.403691888 0.086305141 -0.647980988 0.018911093 0.293929130 0.702402174
1403715973484058112.000000 1.162762165 1.355308533 0.076854110 -0.646421671 0.010843042 0.299510419 0.701651692
1403715973534057984.000000 1.156170607 1.308402777 0.065483809 -0.644104540 0.003555529 0.306317300 0.700918317
1403715973584058112.000000 1.149976969 1.258532763 0.057421684 0.641472638 0.001360988 -0.313632578 -0.700104058
1403715973634057984.000000 1.142335534 1.219099283 0.039261222 -0.638031185 -0.004709740 0.321205378 0.699800789
1403715973684058112.000000 1.135338545 1.178337574 0.024643421 -0.634193242 -0.006850020 0.330097765 0.699133456
1403715973734057984.000000 1.127618313 1.140901685 0.008118391 -0.630687714 -0.008517396 0.337736249 0.698637784
1403715973784058112.000000 1.119394302 1.107304335 -0.010575950 -0.627648473 -0.009504012 0.343873948 0.698367953
1403715973834057984.000000 1.110486269 1.077927828 -0.032061696 -0.625725448 -0.010711700 0.347417325 0.698322356
1403715973884058112.000000 1.097474337 1.054414988 -0.057799816 -0.623980880 -0.013289014 0.349564880 0.698767304
1403715973934057984.000000 1.087091446 1.032703042 -0.083514512 -0.622766137 -0.015197736 0.350833654 0.699176133
1403715973984058112.000000 1.076716661 1.015572190 -0.111882687 -0.624296546 -0.017781828 0.345683277 0.700314760
1403715974034057984.000000 1.066437006 1.002941012 -0.142786384 -0.627546072 -0.018918240 0.336543590 0.701830804
1403715974084058112.000000 1.055436611 0.994766474 -0.175118208 0.630858541 0.018912498 -0.326782465 -0.703472197
1403715974134057984.000000 1.044804931 0.989164710 -0.209016263 0.634672940 0.016712168 -0.316135228 -0.704960704
1403715974184058112.000000 1.032130122 0.987601936 -0.246576607 -0.637455106 -0.013188265 0.307296097 0.706432104
1403715974234057984.000000 1.019974709 0.987129629 -0.281974316 -0.639713883 -0.010208600 0.300180048 0.707498372
1403715974284058112.000000 1.006446838 0.988574207 -0.317188144 -0.641087055 -0.009904686 0.294972986 0.708449244
1403715974334057984.000000 0.991121233 0.991106153 -0.352412462 -0.641326308 -0.011355978 0.292309672 0.709314227
1403715974384058112.000000 0.973495483 0.995162368 -0.387067497 -0.640799761 -0.012597614 0.291473985 0.710112572
1403715974434057984.000000 0.956041932 1.001627684 -0.421457887 0.640135586 0.014659966 -0.291355014 -0.710720718
1403715974484058112.000000 0.936709225 1.009070992 -0.455920964 0.639906883 0.014965232 -0.290452629 -0.711289406
1403715974534057984.000000 0.917074680 1.018192649 -0.490559965 0.640620351 0.013515913 -0.287654996 -0.711812913
1403715974584058112.000000 0.897288561 1.028997660 -0.525247097 0.641475737 0.010920800 -0.284613550 -0.712309539
1403715974634057984.000000 0.876967907 1.040920615 -0.559660554 0.642625272 0.008672669 -0.280754834 -0.712835491
1403715974684058112.000000 0.845298767 1.053134084 -0.590642810 -0.643241167 -0.004890044 0.278080106 0.713364124
1403715974734057984.000000 0.823782802 1.067053795 -0.624656916 -0.644033432 -0.003346195 0.275316000 0.713730216
1403715974784058112.000000 0.801612318 1.081850648 -0.657888174 -0.644528627 -0.002110052 0.273311198 0.714058399
1403715974834057984.000000 0.778582931 1.097012043 -0.690789104 -0.643941820 -0.001566871 0.273367345 0.714567542
1403715974884058112.000000 0.755469203 1.112979054 -0.723810911 -0.643943667 -0.001085097 0.272058010 0.715066314
1403715974934057984.000000 0.736377478 1.127649069 -0.757897198 0.643629372 0.000404392 -0.271095157 -0.715715408
1403715974984058112.000000 0.714065313 1.143990636 -0.790661633 0.643162668 -0.000225684 -0.269943774 -0.716569722
1403715975034057984.000000 0.691852450 1.160591125 -0.823294640 0.643068910 0.000582992 -0.267487496 -0.717574060
1403715975084058112.000000 0.665562928 1.176768422 -0.851989090 -0.642557681 -0.000580318 0.265246838 0.718862593
1403715975134057984.000000 0.644215882 1.194680929 -0.884089530 -0.642361045 -0.002359248 0.262615889 0.719999790
1403715975184058112.000000 0.623172045 1.212755680 -0.915791988 -0.641975284 -0.003538468 0.260480225 0.721113980
1403715975234057984.000000 0.602667332 1.231484294 -0.946898282 -0.641488492 -0.005890136 0.258196771 0.722351968
1403715975284058112.000000 0.583532810 1.250465393 -0.977712870 -0.641028464 -0.006789809 0.256079406 0.723505199
1403715975334057984.000000 0.567214191 1.269271255 -1.007498384 0.641018689 0.005767521 -0.252412707 -0.724810123
1403715975384058112.000000 0.551652849 1.289019585 -1.037275076 0.641212344 0.004640009 -0.248547152 -0.725981772
1403715975434057984.000000 0.537882209 1.308507681 -1.066428304 0.641853988 0.003264833 -0.243688777 -0.727068543
1403715975484058112.000000 0.525766969 1.327203631 -1.094824314 0.642903864 0.002690960 -0.237786189 -0.728096962
1403715975534057984.000000 0.520037413 1.341240048 -1.121774077 -0.642851114 -0.002034241 0.235864192 0.728770494
1403715975584058112.000000 0.510626316 1.358154058 -1.147978544 -0.641615450 -0.003100093 0.236928448 0.729510069
1403715975634057984.000000 0.502661943 1.374489546 -1.173429608 -0.639993191 -0.003675296 0.239578769 0.730066597
1403715975684058112.000000 0.496132463 1.390542984 -1.198319077 -0.638607442 -0.003988035 0.241915151 0.730507910
1403715975734057984.000000 0.491039366 1.406368017 -1.222135782 -0.637942553 -0.005106178 0.243033752 0.730710566
1403715975784058112.000000 0.485854506 1.422850490 -1.243415236 0.637192845 0.005237238 -0.244910851 -0.730737031
1403715975834057984.000000 0.482208252 1.439032316 -1.265196681 0.637092829 0.005606452 -0.245377749 -0.730664849
1403715975884058112.000000 0.478755772 1.455067635 -1.285904050 0.636693478 0.007125364 -0.246617898 -0.730582118
1403715975934057984.000000 0.475986928 1.471301675 -1.305780053 0.636470735 0.008064344 -0.247585624 -0.730439186
1403715975984058112.000000 0.473979831 1.488209844 -1.324633718 0.636277139 0.009105351 -0.248553589 -0.730266809
1403715976034057984.000000 0.480365664 1.502894998 -1.346708417 -0.636175275 -0.012003586 0.249524534 0.729982555
1403715976084058112.000000 0.478964299 1.519539237 -1.363529205 -0.636246085 -0.012302927 0.250303447 0.729649127
1403715976134057984.000000 0.478473932 1.536523819 -1.379047632 -0.637073636 -0.012073743 0.250095725 0.729001760
1403715976184058112.000000 0.478536010 1.553813815 -1.394036055 -0.638543725 -0.011924898 0.248558402 0.728243411
1403715976234057984.000000 0.476977766 1.571816683 -1.406003118 0.640174568 0.011734936 -0.246658191 -0.727460384
1403715976284058112.000000 0.477097601 1.589598775 -1.418108344 0.641262531 0.010992846 -0.246301666 -0.726634145
1403715976334057984.000000 0.477642149 1.607700706 -1.429357648 0.643075943 0.012150926 -0.243911222 -0.725818932
1403715976384058112.000000 0.478735477 1.626156688 -1.439170957 0.644809663 0.012700575 -0.240705237 -0.725341439
1403715976434057984.000000 0.480184406 1.644849420 -1.446816802 0.645019650 0.015073897 -0.237782896 -0.726072848
1403715976484058112.000000 0.481898785 1.663650513 -1.452462316 0.643855870 0.017385304 -0.234482631 -0.728124499
1403715976534057984.000000 0.490634620 1.683228493 -1.459555268 -0.641627729 -0.019139385 0.231666654 0.730943322
1403715976584058112.000000 0.493311763 1.702290177 -1.460840225 -0.638193190 -0.020524628 0.227834448 0.735105276
1403715976634057984.000000 0.496302545 1.721052527 -1.459718347 -0.632801592 -0.020744253 0.226456419 0.740168452
1403715976684058112.000000 0.499432385 1.739481807 -1.456389427 -0.626521945 -0.018213402 0.225913882 0.745722175
1403715976734057984.000000 0.499711573 1.757980585 -1.449546099 0.619893491 0.016551353 -0.227031767 -0.750942469
1403715976784058112.000000 0.502887845 1.776389003 -1.442547441 0.614463329 0.014490051 -0.227156252 -0.755397201
1403715976834057984.000000 0.506255984 1.794771433 -1.434305191 0.609635711 0.013551028 -0.226801902 -0.759421885
1403715976884058112.000000 0.510159969 1.813065290 -1.425001621 0.605755031 0.012084870 -0.225892156 -0.762815535
1403715976934057984.000000 0.514183700 1.830909610 -1.414752483 0.602343678 0.012111844 -0.225370079 -0.765665591
1403715976984058112.000000 0.518903017 1.848594666 -1.403427362 0.598519623 0.011312387 -0.224461839 -0.768936396
1403715977034057984.000000 0.521890283 1.869155765 -1.390933633 -0.594279587 -0.011538410 0.222522780 0.772775710
1403715977084058112.000000 0.526823044 1.886391282 -1.376690507 -0.589273751 -0.010970625 0.220764875 0.777109444
1403715977134057984.000000 0.531893015 1.902892828 -1.361038446 -0.583248258 -0.011283965 0.218360871 0.782312453
1403715977184058112.000000 0.537517905 1.919584155 -1.344112396 -0.576254964 -0.011373594 0.214677855 0.788488626
1403715977234057984.000000 0.542925119 1.936391830 -1.325429797 -0.567632556 -0.010994284 0.211652845 0.795534790
1403715977284058112.000000 0.551869452 1.953098059 -1.304041862 0.557943642 0.011519258 -0.208011881 -0.803304017
1403715977334057984.000000 0.556430459 1.972485662 -1.279989958 -0.547190309 -0.011243803 0.202293560 0.812116802
1403715977384058112.000000 0.564074278 1.987730980 -1.256825924 -0.534922242 -0.010734920 0.197283760 0.821475565
1403715977434057984.000000 0.571559608 2.002221823 -1.232235193 -0.521233022 -0.009617450 0.193442360 0.831146061
1403715977484058112.000000 0.579289377 2.016252995 -1.206319213 -0.507435679 -0.009692091 0.186610460 0.841184735
1403715977534057984.000000 0.587382674 2.029558659 -1.179228306 -0.492143780 -0.009640037 0.181456372 0.851337254
1403715977584058112.000000 0.597996056 2.044065475 -1.148444533 -0.476469070 -0.008065038 0.174803481 0.861600876
1403715977634057984.000000 0.607359827 2.056526899 -1.119050503 -0.459574878 -0.006242832 0.168842629 0.871919870
1403715977684058112.000000 0.616549015 2.068122387 -1.088742375 -0.442263871 -0.004958454 0.163123161 0.881912112
1403715977734057984.000000 0.625323415 2.078419209 -1.057782412 -0.423867553 -0.004315329 0.157831147 0.891856015
1403715977784058112.000000 0.635049582 2.087980270 -1.026164174 -0.405876905 -0.003478107 0.150335908 0.901471555
1403715977834057984.000000 0.646935165 2.098129272 -0.988744318 -0.387596428 -0.001993468 0.142570958 0.910735190
1403715977884058112.000000 0.657042444 2.105889320 -0.956478953 -0.369818538 -0.000503529 0.131833673 0.919703245
1403715977934057984.000000 0.667728364 2.112484694 -0.923509717 -0.352102131 0.001259821 0.119965941 0.928240657
1403715977984058112.000000 0.678845942 2.117026091 -0.890179634 -0.334242553 0.002655515 0.105931908 0.936511278
1403715978034057984.000000 0.690543413 2.119758368 -0.856128395 -0.315459847 0.004029291 0.092755623 0.944386244
1403715978084058112.000000 0.702218831 2.121200562 -0.819633245 0.296250105 -0.006887621 -0.078107886 -0.951886415
1403715978134057984.000000 0.715998769 2.117779016 -0.780360639 -0.277031124 0.008106487 0.062872626 0.958767533
1403715978184058112.000000 0.727618277 2.113326311 -0.744515657 -0.258349329 0.009151291 0.047825310 0.964823663
1403715978234057984.000000 0.739143372 2.105644941 -0.707505524 -0.239386007 0.009486176 0.034171361 0.970276654
1403715978284058112.000000 0.751087427 2.094800711 -0.670443296 -0.220364913 0.011635872 0.021472793 0.975111723
1403715978334057984.000000 0.763449669 2.079948902 -0.633451462 -0.200056434 0.014391088 0.013820714 0.979581237
1403715978384058112.000000 0.776339412 2.061725616 -0.595900297 0.179338068 -0.018968936 -0.008838142 -0.983564973
1403715978434057984.000000 0.788634241 2.037876844 -0.553891063 -0.158071712 0.021164427 0.006487618 0.987179518
1403715978484058112.000000 0.800062597 2.012859344 -0.515793085 -0.135712445 0.023454562 0.007400181 0.990442991
1403715978534057984.000000 0.810510159 1.984560132 -0.478062391 -0.111729182 0.026646670 0.009785913 0.993333161
1403715978584058112.000000 0.820696354 1.953835011 -0.440678149 -0.087804154 0.031065453 0.011735278 0.995584130
1403715978634057984.000000 0.830811441 1.920522451 -0.403590649 0.064232662 -0.034902889 -0.011302103 -0.997260392
1403715978684058112.000000 0.839378893 1.885950446 -0.368340671 0.040693134 -0.036036894 -0.009978727 -0.998471797
1403715978734057984.000000 0.848253310 1.849413753 -0.331278294 -0.018166535 0.036487918 0.005119535 0.999155819
1403715978784058112.000000 0.855347216 1.812891364 -0.299607009 0.003193581 0.036070261 -0.002351349 0.999341428
1403715978834057984.000000 0.862097323 1.775686741 -0.269729823 0.024765395 0.033428550 -0.010452077 0.999079645
1403715978884058112.000000 0.868971765 1.737923145 -0.241126075 0.045922410 0.030479850 -0.020517902 0.998269081
1403715978934057984.000000 0.876519561 1.699380636 -0.213576332 0.067782015 0.027806100 -0.030235825 0.996854186
1403715978984058112.000000 0.881333888 1.657796144 -0.188657567 -0.089399919 -0.025346437 0.041367225 -0.994813621
1403715979034057984.000000 0.893708527 1.619783878 -0.160482839 0.112401418 0.025281478 -0.052656937 0.991944551
1403715979084058112.000000 0.902181029 1.577661514 -0.137610361 0.135635167 0.028170204 -0.061477747 0.988448322
1403715979134057984.000000 0.911190152 1.534603477 -0.117089242 -0.160335481 -0.032189503 0.067047358 -0.984256625
1403715979184058112.000000 0.922099650 1.490749598 -0.099084429 -0.185042709 -0.039480824 0.073475771 -0.979184330
1403715979234057984.000000 0.933837712 1.446911931 -0.083692715 -0.210928112 -0.049942113 0.077524766 -0.973141909
1403715979284058112.000000 0.946940064 1.402314425 -0.070929423 0.236290991 0.061230227 -0.083119437 0.966182470
1403715979334057984.000000 0.955816150 1.357451081 -0.057261556 0.258918732 0.070658810 -0.094741628 0.958640933
1403715979384058112.000000 0.966339946 1.314214945 -0.049818657 0.280559748 0.077320561 -0.107239947 0.950687885
1403715979434057984.000000 0.975074649 1.271605968 -0.045238163 0.299931586 0.079877220 -0.121964782 0.942754090
1403715979484058112.000000 0.982420504 1.229470253 -0.044152007 0.318862766 0.081290916 -0.134581342 0.934669077
1403715979534057984.000000 0.988893569 1.187393069 -0.046602927 0.337300748 0.081948064 -0.145704567 0.926435649
1403715979584058112.000000 0.989603460 1.143876910 -0.050200306 0.356083244 0.080517277 -0.154303432 0.918102503
1403715979634057984.000000 0.993974209 1.101405382 -0.059190720 0.374326736 0.079195447 -0.162700355 0.909470260
1403715979684058112.000000 0.997158766 1.058794022 -0.071986124 0.393553853 0.077572636 -0.169764802 0.900154352
1403715979734057984.000000 0.997000098 1.017514944 -0.089812577 0.412923187 0.078729011 -0.176994547 0.889926493
1403715979784058112.000000 0.998127580 0.975390673 -0.109893233 0.433027685 0.080446430 -0.182561725 0.879025996
1403715979834057984.000000 0.997932673 0.933751583 -0.133467257 0.452985525 0.082895502 -0.187423974 0.867643178
1403715979884058112.000000 0.996584952 0.892796278 -0.160606295 0.473773628 0.085602067 -0.190823451 0.855451465
1403715979934057984.000000 0.988809049 0.852991223 -0.190784335 0.493969381 0.089083016 -0.194797516 0.842681766
1403715979984058112.000000 0.984795094 0.814342916 -0.225259691 0.514617324 0.092948012 -0.198106483 0.829025686
1403715980034057984.000000 0.979511142 0.777468503 -0.263274431 0.535166562 0.096637338 -0.200854987 0.814809978
1403715980084058112.000000 0.970635951 0.744469702 -0.304002821 0.554574609 0.099609315 -0.204881385 0.800342858
1403715980134057984.000000 0.961478710 0.712707996 -0.348285347 0.573453963 0.101580635 -0.209359899 0.785493731
1403715980184058112.000000 0.950501561 0.683618188 -0.395398885 0.592509925 0.101566255 -0.213425025 0.770107865
1403715980234057984.000000 0.937825143 0.657189429 -0.444968730 0.611653030 0.099021353 -0.216270998 0.754521191
1403715980284058112.000000 0.924195230 0.625039577 -0.500561655 0.628784180 0.094307177 -0.219602853 0.739939988
1403715980334057984.000000 0.906756938 0.612180829 -0.546214819 0.648086786 0.090051644 -0.224208742 0.722222030
1403715980384058112.000000 0.889418542 0.594530880 -0.602597594 0.665975869 0.086109646 -0.227766886 0.705112457
1403715980434057984.000000 0.871341586 0.579930663 -0.660712421 0.684344411 0.083135970 -0.229560316 0.687068522
1403715980484058112.000000 0.852545142 0.568807364 -0.720076978 0.702622533 0.081414334 -0.230686367 0.668189526
1403715980534057984.000000 0.832849324 0.561305106 -0.780691087 0.721696258 0.077607408 -0.229422525 0.648457408
1403715980584058112.000000 0.812707245 0.555335879 -0.836490631 0.739806175 0.073382415 -0.229865968 0.628063321
1403715980634057984.000000 0.791543067 0.555093050 -0.897752583 0.756506383 0.069114700 -0.232187048 0.607462287
1403715980684058112.000000 0.770102859 0.558080673 -0.958465517 0.772316396 0.065445036 -0.235441521 0.586354673
1403715980734057984.000000 0.748306036 0.564548016 -1.018155336 0.787438512 0.061619293 -0.238906682 0.564860404
1403715980784058112.000000 0.725786984 0.574370205 -1.076530337 0.802051663 0.055601351 -0.242887855 0.542795777
1403715980834057984.000000 0.703999460 0.585078359 -1.127431989 0.815684736 0.050579958 -0.248374924 0.520009696
1403715980884058112.000000 0.681961238 0.600982547 -1.182963252 0.829203248 0.045295727 -0.252114534 0.496798366
1403715980934057984.000000 0.660379171 0.619368672 -1.236997247 0.841992378 0.041452494 -0.256244689 0.472936809
1403715980984058112.000000 0.639533520 0.640401006 -1.289369345 0.854994178 0.037916433 -0.258649558 0.447937250
1403715981034057984.000000 0.619624913 0.663822770 -1.339530706 0.867602587 0.034624927 -0.259910405 0.422508627
1403715981084058112.000000 0.600902200 0.689911604 -1.385513783 0.879840434 0.031986244 -0.260556936 0.396191686
1403715981134057984.000000 0.584720552 0.716121197 -1.427701950 0.890996218 0.029102813 -0.262354225 0.369390219
1403715981184058112.000000 0.567798853 0.745641112 -1.469793320 0.901059926 0.029655319 -0.264550298 0.342381030
1403715981234057984.000000 0.551998138 0.777587652 -1.508752823 0.910774767 0.027441598 -0.266656786 0.314055026
1403715981284058112.000000 0.537739635 0.811259031 -1.544829845 0.919824660 0.024519283 -0.268580705 0.284931391
1403715981334057984.000000 0.525264502 0.846171379 -1.577639818 0.928041220 0.022234779 -0.270295501 0.255314291
1403715981384058112.000000 0.512752712 0.880439997 -1.609004140 -0.935609460 -0.018444292 0.271551251 -0.224843964
1403715981434057984.000000 0.510157466 0.920483351 -1.629947543 0.942342579 0.015343538 -0.272162646 0.194120228
1403715981484058112.000000 0.502701521 0.958178282 -1.653112769 0.948722482 0.010899740 -0.270916343 0.162515253
1403715981534057984.000000 0.497644067 0.996702194 -1.672430634 0.954585373 0.008243384 -0.267524391 0.130880192
1403715981584058112.000000 0.494593203 1.035492539 -1.687358141 0.959528565 0.006370376 -0.263399035 0.099424891
1403715981634057984.000000 0.493480861 1.074479342 -1.697302461 -0.963020980 -0.005519633 0.260713011 -0.067740977
1403715981684058112.000000 0.495106518 1.113171935 -1.701375604 0.965068579 0.005549347 -0.259360284 0.036662318
1403715981734057984.000000 0.504373789 1.157662630 -1.695419073 0.965016067 0.007100166 -0.262021422 0.006209367
1403715981784058112.000000 0.506811857 1.196223855 -1.689282179 0.962775946 0.007280498 -0.269145906 -0.023876825
1403715981834057984.000000 0.510214210 1.234600425 -1.677683830 0.957937658 0.008145196 -0.281877726 -0.053235341
1403715981884058112.000000 0.515143156 1.272590280 -1.662317634 0.952459931 0.008964554 -0.293319106 -0.081876911
1403715981934057984.000000 0.521384954 1.310285807 -1.643794179 0.946846724 0.009037952 -0.302287221 -0.109645538
1403715981984058112.000000 0.536542416 1.352330446 -1.617478728 0.941797197 0.010427319 -0.307153910 -0.136256739
1403715982034057984.000000 0.545619607 1.388720036 -1.593775630 0.936685562 0.010516388 -0.310345829 -0.161849171
1403715982084058112.000000 0.556233287 1.424782276 -1.568001509 0.931858897 0.010412389 -0.310920626 -0.186705664
1403715982134057984.000000 0.567453742 1.460423112 -1.540124893 0.926740766 0.010348077 -0.310815871 -0.210803360
1403715982184058112.000000 0.579959393 1.495874405 -1.510474443 0.921469450 0.010378769 -0.309648067 -0.234316975
1403715982234057984.000000 0.596107006 1.530776262 -1.475394011 0.915911198 0.009705553 -0.308292270 -0.256843239
1403715982284058112.000000 0.615316510 1.570923328 -1.440755010 0.909404993 0.007840246 -0.308021694 -0.279363185
1403715982334057984.000000 0.630916476 1.604998708 -1.405398846 0.903002083 0.007243495 -0.306145936 -0.301346123
1403715982384058112.000000 0.647212386 1.638537884 -1.368244767 0.895946622 0.005300625 -0.304876179 -0.322958291
1403715982434057984.000000 0.664239287 1.671318054 -1.329367757 0.888504982 0.004706586 -0.302614450 -0.344907701
1403715982484058112.000000 0.682010889 1.703631639 -1.288203239 0.880260825 0.003743699 -0.300578505 -0.367123276
1403715982534057984.000000 0.701677918 1.737661600 -1.245443821 0.872150421 0.004208532 -0.296588123 -0.389064878
1403715982584058112.000000 0.720283151 1.768399000 -1.200839996 0.862901390 0.003109729 -0.293202877 -0.411610901
1403715982634057984.000000 0.739626288 1.797726870 -1.154130101 0.853065252 0.001767528 -0.288812757 -0.434584558
1403715982684058112.000000 0.759332538 1.826282263 -1.105753660 0.842036188 -0.000078317 -0.285678059 -0.457562208
1403715982734057984.000000 0.779491186 1.853872776 -1.055648208 0.830355585 -0.001621030 -0.282076001 -0.480562389
1403715982784058112.000000 0.800563812 1.880102992 -1.004234314 0.817864597 -0.002847719 -0.277989626 -0.503796875
1403715982834057984.000000 0.823378980 1.901739120 -0.950317264 0.804598689 -0.004656908 -0.274595112 -0.526494801
1403715982884058112.000000 0.843695939 1.926311016 -0.897894859 0.790892005 -0.005116966 -0.270259380 -0.549020648
1403715982934057984.000000 0.866560519 1.946205020 -0.842861652 0.777087033 -0.004393464 -0.265678555 -0.570553541
1403715982984058112.000000 0.889792264 1.964239359 -0.786770344 0.762893558 -0.006806782 -0.261250198 -0.591350615
1403715983034057984.000000 0.912871778 1.980292439 -0.729202509 0.748216927 -0.008875789 -0.256826907 -0.611663878
1403715983084058112.000000 0.936285615 1.994309187 -0.671123147 0.733164489 -0.010245952 -0.251964748 -0.631568432
1403715983134057984.000000 0.961403430 2.007535934 -0.611811638 0.717376947 -0.012426658 -0.247575969 -0.651093066
1403715983184058112.000000 0.980713785 2.022094011 -0.555005193 -0.700814784 0.015076071 0.242197663 0.670799375
1403715983234057984.000000 1.004740000 2.030848026 -0.495197296 -0.683402479 0.018464509 0.237247989 0.690169215
1403715983284058112.000000 1.028474808 2.037986755 -0.434998989 -0.665204287 0.020513033 0.231722817 0.709497750
1403715983334057984.000000 1.052581787 2.042925835 -0.374897838 -0.647158921 0.022133807 0.223500326 0.728521168
1403715983384058112.000000 1.076356053 2.045814514 -0.314776301 -0.627310991 0.023237715 0.217482433 0.747423828
1403715983434057984.000000 1.096738577 2.045798540 -0.255870461 0.606716871 -0.026574856 -0.210139930 -0.766178668
1403715983484058112.000000 1.121847153 2.048202038 -0.199545383 -0.585867643 0.033932194 0.201464713 0.784232020
1403715983534057984.000000 1.145857573 2.044117451 -0.141254306 -0.564310491 0.043110989 0.192833662 0.801567435
1403715983584058112.000000 1.170125484 2.037572861 -0.084130883 -0.542699277 0.053322420 0.183728978 0.817849636
1403715983634057984.000000 1.194090128 2.028204918 -0.028617859 -0.520511687 0.063614003 0.175287634 0.833243787
1403715983684058112.000000 1.216774464 2.015670061 0.025061846 -0.498018384 0.072044604 0.168001652 0.847680748
1403715983734057984.000000 1.238030910 2.000215292 0.073392153 0.475998819 -0.080669411 -0.160797492 -0.860849440
1403715983784058112.000000 1.261216640 1.982055783 0.121257603 -0.453863233 0.086029857 0.154676393 0.873316884
1403715983834057984.000000 1.280842185 1.959396362 0.166100979 -0.432102799 0.090402745 0.148277640 0.884945452
1403715983884058112.000000 1.299535632 1.933417320 0.207346678 -0.410129517 0.094418108 0.142504513 0.895863533
1403715983934057984.000000 1.316839218 1.904603720 0.244644046 -0.388949782 0.096368745 0.136555612 0.905971169
1403715983984058112.000000 1.332893252 1.872869492 0.278274775 -0.367432982 0.098386250 0.132173464 0.915337861
1403715984034057984.000000 1.348732710 1.840623856 0.309546113 0.346498281 -0.097603239 -0.128173575 -0.924112618
1403715984084058112.000000 1.361708403 1.798619270 0.330553025 -0.325149506 0.095953546 0.125560999 0.932365417
1403715984134057984.000000 1.373830318 1.760016322 0.352205724 -0.304727137 0.092275210 0.121983640 0.940078080
1403715984184058112.000000 1.384460211 1.719704032 0.370246589 -0.283548325 0.089661390 0.120435640 0.947130620
1403715984234057984.000000 1.393555880 1.675532818 0.382949024 0.263164550 -0.086783431 -0.117558777 -0.953621030
1403715984284058112.000000 1.401788473 1.630729198 0.389944375 -0.243755564 0.084807985 0.113156028 0.959472060
1403715984334057984.000000 1.409580827 1.586945295 0.395122379 -0.224241704 0.085295975 0.109091640 0.964644670
1403715984384058112.000000 1.416099429 1.542661548 0.396440059 -0.205257058 0.085241586 0.103714697 0.969456911
1403715984434057984.000000 1.421525955 1.498094916 0.393878609 -0.187381610 0.085246652 0.095643252 0.973896086
1403715984484058112.000000 1.427391052 1.454147100 0.388063639 0.169149041 -0.083412997 -0.087886758 -0.978113949
1403715984534057984.000000 1.427163243 1.404099584 0.374594063 -0.150335401 0.078840964 0.080673292 0.982178807
1403715984584058112.000000 1.427952647 1.359443545 0.362066001 -0.131698921 0.069882460 0.072286777 0.986177683
1403715984634057984.000000 1.427054882 1.314067364 0.346587777 0.113057591 -0.060073007 -0.062198952 -0.989818513
1403715984684058112.000000 1.424087048 1.265394688 0.327169150 -0.092458807 0.051305577 0.053573150 0.992949665
1403715984734057984.000000 1.421126962 1.219928026 0.308049917 -0.069944829 0.044524577 0.046517856 0.995470464
1403715984784058112.000000 1.417173624 1.174430370 0.287690610 -0.045292877 0.041474815 0.042460240 0.997208834
1403715984834057984.000000 1.412121177 1.125392437 0.264051586 -0.020424498 0.041140389 0.039504383 0.998163164
1403715984884058112.000000 1.407736778 1.081459284 0.241190761 0.003945923 0.041275706 0.035443801 0.998511195
1403715984934057984.000000 1.401941061 1.036270380 0.215646952 0.026874151 0.042074233 0.029878814 0.998305976
1403715984984058112.000000 1.396285295 0.995178223 0.189814836 0.047690339 0.043687951 0.022498639 0.997652650
1403715985034057984.000000 1.389628410 0.955150485 0.161568075 0.065756783 0.045502115 0.012337235 0.996721387
1403715985084058112.000000 1.382325172 0.917687297 0.133014694 -0.080689706 -0.046753883 -0.002776999 -0.995638311
1403715985134057984.000000 1.374110341 0.880982637 0.101742409 0.092506312 0.045996394 -0.005332111 0.994634867
1403715985184058112.000000 1.365854025 0.847236395 0.070250891 0.101429999 0.046840802 -0.012486795 0.993660927
1403715985234057984.000000 1.357123494 0.809725106 0.038654290 0.106794231 0.047676407 -0.020238001 0.992931306
1403715985284058112.000000 1.348131776 0.778211117 0.003544557 0.107870609 0.048334699 -0.032342631 0.992462397
1403715985334057984.000000 1.338664532 0.747240901 -0.033033364 -0.107493728 -0.049067464 0.041604906 -0.992122293
1403715985384058112.000000 1.328619838 0.716403902 -0.071152933 -0.105534852 -0.049501326 0.047604542 -0.992041290
1403715985434057984.000000 1.317312598 0.680981517 -0.110787116 0.103729315 0.048686933 -0.045037050 0.992391884
1403715985484058112.000000 1.304661870 0.650168359 -0.152267426 0.099937767 0.044739719 -0.039468255 0.993203461
1403715985534057984.000000 1.291580796 0.614990532 -0.192100674 0.094547451 0.037052285 -0.032542400 0.994298279
1403715985584058112.000000 1.277273297 0.583223343 -0.235597864 0.087551147 0.026275864 -0.025544537 0.995485783
1403715985634057984.000000 1.261958003 0.551356018 -0.279749721 0.079539582 0.012577704 -0.018868009 0.996573806
1403715985684058112.000000 1.245791912 0.518877029 -0.323405117 0.072111227 -0.002038135 -0.012568299 0.997315347
1403715985734057984.000000 1.226419926 0.483007520 -0.362951458 0.065290071 -0.017433794 -0.005871929 0.997696757
1403715985784058112.000000 1.208245754 0.449401408 -0.403296471 0.060959533 -0.030356351 0.004850846 0.997666776
1403715985834057984.000000 1.189151287 0.416221410 -0.440986723 0.056848507 -0.039448883 0.015172901 0.997487783
1403715985884058112.000000 1.168261170 0.383455843 -0.475330919 0.052585404 -0.043149531 0.023799323 0.997399926
1403715985934057984.000000 1.147335649 0.349116445 -0.501480937 0.048210699 -0.041846689 0.031311397 0.997468948
1403715985984058112.000000 1.123531342 0.317924976 -0.528877735 0.044655137 -0.037820298 0.036720313 0.997610748
1403715986034057984.000000 1.097130537 0.287532866 -0.553042233 0.041735813 -0.032954302 0.041288834 0.997731149
1403715986084058112.000000 1.068996549 0.258286506 -0.573847890 0.038991224 -0.026605297 0.044576883 0.997890115
1403715986134057984.000000 1.036536217 0.230255201 -0.589796782 -0.037357580 0.021720098 -0.048855837 -0.997870624
1403715986184058112.000000 1.009000421 0.204517171 -0.599927366 0.036464985 -0.017100040 0.051909249 0.997839391
1403715986234057984.000000 0.978527546 0.180826962 -0.612744570 0.035378352 -0.013418990 0.052903328 0.997882545
1403715986284058112.000000 0.949072421 0.159431383 -0.623784542 0.033564828 -0.010540843 0.050642584 0.998097003
1403715986334057984.000000 0.920970023 0.140024021 -0.633900106 0.030499928 -0.004581819 0.043566663 0.998574376
1403715986384058112.000000 0.889844596 0.122411788 -0.644519389 -0.027663877 -0.004405438 -0.036345892 -0.998946548
1403715986434057984.000000 0.864864707 0.105895393 -0.651662052 -0.025425209 -0.010938768 -0.030192887 -0.999160826
1403715986484058112.000000 0.835873723 0.090059601 -0.659888923 -0.024584053 -0.011506222 -0.025474004 -0.999306977
1403715986534057984.000000 0.810748577 0.076616459 -0.663158774 0.024160672 0.004689628 0.021196373 0.999472380
1403715986584058112.000000 0.778972566 0.061810467 -0.670622706 0.023889914 -0.006357138 0.017964955 0.999532998
1403715986634057984.000000 0.746898293 0.047450673 -0.676894486 0.024333235 -0.020084919 0.015359488 0.999384105
1403715986684058112.000000 0.715478182 0.033358023 -0.681332290 0.024950286 -0.033161525 0.013898634 0.999041855
1403715986734057984.000000 0.686051250 0.019414779 -0.683642566 0.025624307 -0.042434182 0.012957606 0.998686612
1403715986784058112.000000 0.660427153 0.007780272 -0.681066811 0.026290145 -0.046657249 0.011596798 0.998497605
1403715986834057984.000000 0.636162102 -0.005968636 -0.678538740 0.026609730 -0.045700017 0.010938879 0.998540878
1403715986884058112.000000 0.614234388 -0.019618057 -0.673809409 0.026891874 -0.041002344 0.010039376 0.998746634
1403715986934057984.000000 0.594086111 -0.032913182 -0.666847587 0.026581736 -0.033922307 0.011497912 0.999004781
1403715986984058112.000000 0.575954199 -0.046101946 -0.656532347 -0.024734784 0.023434486 -0.013293562 -0.999330938
1403715987034057984.000000 0.558640242 -0.058588967 -0.646343172 -0.022709183 0.010031768 -0.020830177 -0.999474823
1403715987084058112.000000 0.542240322 -0.070429049 -0.635485947 -0.018719822 -0.002691524 -0.026781186 -0.999462426
1403715987134057984.000000 0.525706410 -0.081446953 -0.624469101 -0.015611614 -0.012480479 -0.038990069 -0.999039710
1403715987184058112.000000 0.509283662 -0.090998523 -0.613958538 -0.011085519 -0.021768257 -0.049267072 -0.998486936
1403715987234057984.000000 0.494017899 -0.095263794 -0.598625600 0.005882846 0.029004594 0.057923708 0.997882247
1403715987284058112.000000 0.477655441 -0.100356817 -0.590038180 -0.000064399 0.035339519 0.065367252 0.997235358
1403715987334057984.000000 0.460824579 -0.103569351 -0.582646012 -0.006432922 0.037788704 0.068479456 0.996915817
1403715987384058112.000000 0.444062233 -0.104401074 -0.576731205 -0.013720979 0.038013507 0.065256089 0.997049868
1403715987434057984.000000 0.427090347 -0.104163833 -0.572146475 -0.020282410 0.036687426 0.059833027 0.997327805
1403715987484058112.000000 0.409361631 -0.104886517 -0.570100129 0.026353417 -0.033771347 -0.052899845 -0.997680664
1403715987534057984.000000 0.391590148 -0.102648385 -0.563057542 -0.030452318 0.028728522 0.047905516 0.997974217
1403715987584058112.000000 0.374936342 -0.100510888 -0.562421501 -0.033113047 0.023764394 0.044115737 0.998194695
1403715987634057984.000000 0.358453035 -0.098018795 -0.562413335 -0.034819804 0.020216342 0.041268587 0.998336554
1403715987684058112.000000 0.342551947 -0.095604010 -0.563079655 -0.035719618 0.018567968 0.038584910 0.998444140
1403715987734057984.000000 0.329579532 -0.092735820 -0.571921706 0.035898242 -0.015917808 -0.035893843 -0.998583794
1403715987784058112.000000 0.309563190 -0.089460641 -0.561136007 -0.036291577 0.011447771 0.033074938 0.998728216
1403715987834057984.000000 0.293480605 -0.087213442 -0.562396646 -0.035511456 0.003297840 0.031460166 0.998868585
1403715987884058112.000000 0.277841032 -0.085238464 -0.563699484 -0.034800496 -0.005150053 0.029733375 0.998938620
1403715987934057984.000000 0.262587368 -0.083283506 -0.564005554 -0.033232134 -0.012622431 0.029341754 0.998937190
1403715987984058112.000000 0.248660117 -0.081465483 -0.564050078 0.032082498 0.018488808 -0.027766038 -0.998928428
1403715988034057984.000000 0.233880043 -0.080056675 -0.556340694 -0.030767294 -0.020096015 0.027161704 0.998955369
1403715988084058112.000000 0.223150536 -0.078642488 -0.553800702 -0.029060327 -0.017362632 0.026671685 0.999070942
1403715988134057984.000000 0.214240909 -0.077181704 -0.550273776 -0.028027270 -0.011098268 0.025781732 0.999213040
1403715988184058112.000000 0.206408143 -0.075714804 -0.545955360 -0.026939973 -0.004488666 0.024136528 0.999335587
1403715988234057984.000000 0.199072346 -0.074360378 -0.540820777 -0.026232198 0.001996236 0.022581067 0.999398887
1403715988284058112.000000 0.190463200 -0.073794745 -0.529730916 -0.025986396 0.009527370 0.021041354 0.999395490
1403715988334057984.000000 0.184174672 -0.073498093 -0.525333285 -0.025665276 0.015237492 0.019291149 0.999368310
1403715988384058112.000000 0.178556085 -0.073748298 -0.521059275 -0.024463814 0.020941393 0.020324649 0.999274671
1403715988434057984.000000 0.173103988 -0.074650399 -0.516744435 -0.023128463 0.023940966 0.022705944 0.999187887
1403715988484058112.000000 0.167466402 -0.075783633 -0.513918877 0.021429200 -0.026733967 -0.026461765 -0.999062479
1403715988534057984.000000 0.161540836 -0.077052101 -0.511523843 0.019230455 -0.027660131 -0.032883544 -0.998891294
1403715988584058112.000000 0.155851528 -0.078242213 -0.509969771 0.017735865 -0.027901961 -0.037778225 -0.998739064
1403715988634057984.000000 0.151000157 -0.078978762 -0.513604939 0.015490846 -0.027005587 -0.044076268 -0.998542964
1403715988684058112.000000 0.143669218 -0.079096541 -0.508905292 0.013377935 -0.025063418 -0.051299933 -0.998279095
1403715988734057984.000000 0.135199472 -0.079032995 -0.502671301 -0.012689820 0.022525432 0.055214431 0.998139739
1403715988784058112.000000 0.129823267 -0.076497674 -0.503544271 -0.012390427 0.017292857 0.057107370 0.998141408
1403715988834057984.000000 0.125210479 -0.072520852 -0.504717708 -0.013535848 0.011841341 0.055042427 0.998322129
1403715988884058112.000000 0.121196777 -0.067173690 -0.506382525 -0.015447496 0.007002036 0.051222015 0.998543262
1403715988934057984.000000 0.115395978 -0.061241053 -0.510223210 0.017571628 -0.003611396 -0.047595672 -0.998705626
1403715988984058112.000000 0.112860210 -0.054393847 -0.512139201 -0.019507159 0.001982230 0.044299334 0.998825908
1403715989034057984.000000 0.110996448 -0.046420246 -0.514148116 -0.021572925 0.000955583 0.040468469 0.998947442
1403715989084058112.000000 0.109192759 -0.038334079 -0.515782177 -0.022927234 -0.000370397 0.038962528 0.998977542
1403715989134057984.000000 0.108103082 -0.029695023 -0.517243564 -0.024419725 0.000373073 0.036962036 0.999018252
1403715989184058112.000000 0.107055008 -0.021944758 -0.518540680 -0.025426963 0.000110098 0.036576942 0.999007285
1403715989234057984.000000 0.106666319 -0.012847924 -0.518745959 -0.026437350 -0.000527181 0.035610400 0.999015868
1403715989284058112.000000 0.106393047 -0.003614788 -0.518392622 -0.027114138 -0.000007503 0.035898440 0.998987556
1403715989334057984.000000 0.106192432 0.005644664 -0.517514348 -0.027775958 0.000496631 0.035445645 0.998985469
1403715989384058112.000000 0.106801175 0.014715107 -0.516604483 0.028363202 -0.001762455 -0.035270091 -0.998973727
1403715989434057984.000000 0.106797554 0.023942569 -0.514787912 0.028923761 -0.000741763 -0.034674726 -0.998979807
1403715989484058112.000000 0.107205145 0.033248566 -0.512766480 0.029033497 -0.000714903 -0.035335138 -0.998953462
1403715989534057984.000000 0.107176699 0.042681120 -0.510216653 0.029253855 0.000130806 -0.035598837 -0.998937905
1403715989584058112.000000 0.107877083 0.052402336 -0.507090986 0.029805601 -0.001791141 -0.034750625 -0.998949885
1403715989634057984.000000 0.109268397 0.062473521 -0.503446877 0.030516939 -0.006242297 -0.033544976 -0.998951733
1403715989684058112.000000 0.111557469 0.072193168 -0.502574265 -0.031009780 0.011386797 0.031904597 0.998944879
1403715989734057984.000000 0.111835763 0.081378877 -0.498279214 -0.031307116 0.016028700 0.030965516 0.998901486
1403715989784058112.000000 0.111139499 0.090839304 -0.493369818 -0.031642973 0.019499701 0.029287318 0.998879790
1403715989834057984.000000 0.109597862 0.099725522 -0.488287359 -0.031874504 0.021549061 0.027572900 0.998879075
1403715989884058112.000000 0.107219696 0.108392075 -0.483931422 -0.031987201 0.023177397 0.025748836 0.998887718
1403715989934057984.000000 0.105387643 0.116376407 -0.481982052 -0.032718781 0.023928300 0.022381164 0.998927474
1403715989984058112.000000 0.101747081 0.123734981 -0.477909446 -0.032423325 0.023569632 0.021156501 0.998972356
1403715990034057984.000000 0.098204508 0.130742714 -0.474550098 -0.032158259 0.023034751 0.019580763 0.999025464
1403715990084058112.000000 0.094276905 0.137270510 -0.471690536 -0.031552047 0.022540946 0.019062685 0.999066114
1403715990134057984.000000 0.089734852 0.142916307 -0.469099760 0.031233625 -0.021221498 -0.018457854 -0.999116361
1403715990184058112.000000 0.084174640 0.148104727 -0.466393024 0.030324990 -0.019924469 -0.018218335 -0.999175489
1403715990234057984.000000 0.076738887 0.151614457 -0.464541048 -0.030085238 0.018356336 0.016786464 0.999237835
1403715990284058112.000000 0.070050769 0.155019715 -0.462412626 -0.029657409 0.017804155 0.016139161 0.999271274
1403715990334057984.000000 0.063312128 0.157427654 -0.460420549 -0.029552989 0.017226275 0.015012084 0.999302030
1403715990384058112.000000 0.055559639 0.158837378 -0.458143741 -0.029490463 0.016670637 0.013874388 0.999329686
1403715990434057984.000000 0.044865940 0.159801930 -0.455362618 -0.029159833 0.015278109 0.013069995 0.999372542
1403715990484058112.000000 0.034065466 0.159706533 -0.451775312 -0.029367754 0.013847704 0.011474862 0.999406874
1403715990534057984.000000 0.021638451 0.158577964 -0.447626591 -0.029011229 0.012890254 0.011532953 0.999429464
1403715990584058112.000000 0.003967179 0.156182766 -0.441117764 -0.029031441 0.011109444 0.010969010 0.999456644
1403715990634057984.000000 -0.010639709 0.152637839 -0.435841262 -0.029050179 0.008449199 0.010541221 0.999486685
1403715990684058112.000000 -0.025789773 0.148108482 -0.430191725 -0.029119899 0.005336940 0.009817214 0.999513507
1403715990734057984.000000 -0.042512029 0.142555371 -0.423886657 -0.028727042 0.002576772 0.010055760 0.999533474
1403715990784058112.000000 -0.057024550 0.135814562 -0.417426646 -0.028840616 0.001120114 0.009624618 0.999537051
1403715990834057984.000000 -0.072331280 0.127917200 -0.410314381 -0.028453188 -0.001898164 0.009688774 0.999546409
1403715990884058112.000000 -0.085055962 0.119325705 -0.403295130 -0.028682293 -0.004005427 0.008832587 0.999541521
1403715990934057984.000000 -0.096831262 0.109825552 -0.393832892 -0.028530004 -0.005618146 0.008675308 0.999539554
1403715990984058112.000000 -0.106153220 0.098855935 -0.385646701 -0.028623560 -0.005326467 0.007377235 0.999548852
1403715991034057984.000000 -0.112114310 0.088088259 -0.376142621 -0.028437432 -0.002915916 0.006887831 0.999567628
1403715991084058112.000000 -0.117185965 0.074686363 -0.367851049 -0.028205175 0.001238819 0.006542251 0.999579966
1403715991134057984.000000 -0.117399953 0.061895657 -0.360824525 -0.026421774 0.009964034 0.013665504 0.999507844
1403715991184058112.000000 -0.115206897 0.055056334 -0.359842360 -0.027450766 0.009916535 0.009424296 0.999529600
1403715991234057984.000000 -0.111541919 0.054146383 -0.360394210 -0.028828120 0.008756544 0.002233688 0.999543607
1403715991284058112.000000 -0.111770079 0.052561443 -0.361269563 -0.030264203 0.010593990 -0.000872738 0.999485433
1403715991334057984.000000 -0.114580326 0.053665929 -0.361679733 0.028935747 -0.013597607 -0.004503056 -0.999478698
1403715991384058112.000000 -0.120033316 0.056238640 -0.361353874 0.024537563 -0.012995121 -0.016696719 -0.999475062
1403715991434057984.000000 -0.120184526 0.055233255 -0.362367839 0.025913324 -0.012968445 -0.012482818 -0.999502122
1403715991484058112.000000 -0.120900989 0.053897619 -0.363294899 0.025348151 -0.013256740 -0.014228127 -0.999489546
1403715991534057984.000000 -0.119593836 0.058199972 -0.362697810 -0.025248062 0.012838082 0.014054661 0.999499977
1403715991584058112.000000 -0.120670363 0.057503842 -0.363883138 -0.025030348 0.014136576 0.014649045 0.999479353
1403715991634057984.000000 -0.122033708 0.057152763 -0.364695787 -0.025032882 0.012959473 0.014883929 0.999491870
1403715991684058112.000000 -0.125046015 0.056482021 -0.365907669 0.025157424 -0.012745884 -0.014421443 -0.999498248
1403715991734057984.000000 -0.126734018 0.055800471 -0.367366731 0.024830144 -0.013775844 -0.015366031 -0.999478638
1403715991784058112.000000 -0.128334880 0.055428050 -0.368550807 0.025202041 -0.013094205 -0.014488268 -0.999491632
1403715991834057984.000000 -0.130543932 0.054813497 -0.369774818 0.024841424 -0.013203422 -0.015592043 -0.999482632
1403715991884058112.000000 -0.132184267 0.054368272 -0.371318728 0.025145013 -0.013600435 -0.014777429 -0.999482155
1403715991934057984.000000 -0.133686915 0.053939912 -0.372801781 0.024966776 -0.013181730 -0.015392531 -0.999482930
1403715991984058112.000000 -0.125474811 0.058908217 -0.368696094 -0.024894996 0.013245340 0.014952407 0.999490499
1403715992034057984.000000 -0.126150727 0.058294207 -0.369933516 -0.024823446 0.013170141 0.015313448 0.999487817
1403715992084058112.000000 -0.127205417 0.058088250 -0.371319413 -0.024851777 0.012947420 0.015229299 0.999491334
1403715992134057984.000000 -0.128914729 0.058889348 -0.373926818 0.024850305 -0.013292613 -0.015194045 -0.999487340
1403715992184058112.000000 -0.130037054 0.058718503 -0.375713676 0.024726799 -0.012927150 -0.015342209 -0.999492943
1403715992234057984.000000 -0.131028637 0.058716930 -0.377709419 0.024826726 -0.012994162 -0.015154386 -0.999492526
1403715992284058112.000000 -0.131977141 0.058687564 -0.379723340 0.024777560 -0.013272077 -0.015341833 -0.999487221
1403715992334057984.000000 -0.132773742 0.058646325 -0.381665498 0.024785858 -0.013023363 -0.015310031 -0.999490738
1403715992384058112.000000 -0.127714410 0.058871131 -0.375877857 -0.024765912 0.013053793 0.015336323 0.999490440
1403715992434057984.000000 -0.128033906 0.058778357 -0.377728909 -0.024762522 0.013009967 0.015408508 0.999490023
1403715992484058112.000000 -0.128070414 0.058316309 -0.378858209 -0.024781313 0.012992008 0.015380682 0.999490201
1403715992534057984.000000 -0.128828093 0.058419004 -0.380798221 0.024714140 -0.013049778 -0.015515298 -0.999489009
1403715992584058112.000000 -0.129122391 0.058377404 -0.382539511 0.024738019 -0.012969813 -0.015528732 -0.999489307
1403715992634057984.000000 -0.129361853 0.058324330 -0.384280056 0.024791570 -0.013015356 -0.015481309 -0.999488115
1403715992684058112.000000 -0.129528016 0.058391079 -0.385950655 0.024687173 -0.012994393 -0.015525251 -0.999490261
1403715992734057984.000000 -0.129576698 0.058622643 -0.387536377 0.024674708 -0.012990180 -0.015645931 -0.999488771
1403715992784058112.000000 -0.129452497 0.058860321 -0.389201850 0.024705032 -0.012969413 -0.015690522 -0.999487519
1403715992834057984.000000 -0.129443064 0.059124406 -0.390760452 0.024778478 -0.012897476 -0.015684130 -0.999486804
1403715992884058112.000000 -0.128722250 0.059365265 -0.385660291 -0.024710745 0.012887275 0.015678534 0.999488711
1403715992934057984.000000 -0.128567249 0.059579834 -0.386621624 -0.024714353 0.012909235 0.015672587 0.999488354
1403715992984058112.000000 -0.128305659 0.059749063 -0.387642473 -0.024679484 0.012821947 0.015696196 0.999490023
1403715993034057984.000000 -0.128152996 0.060155995 -0.390384316 0.024664573 -0.012781605 -0.015706738 -0.999490738
1403715993084058112.000000 -0.127386570 0.060788773 -0.396419197 0.024672866 -0.012716735 -0.015768815 -0.999490321
1403715993134057984.000000 -0.127600446 0.060844589 -0.393204778 0.024631118 -0.012654404 -0.015776606 -0.999492049
1403715993184058112.000000 -0.127317920 0.061192565 -0.394570082 0.024617719 -0.012648967 -0.015733939 -0.999493122
1403715993234057984.000000 -0.126612172 0.061829355 -0.400426894 0.024604278 -0.012578323 -0.015815623 -0.999493062
1403715993284058112.000000 -0.126383200 0.062326886 -0.401610136 0.024600370 -0.012601513 -0.015808484 -0.999493003
1403715993334057984.000000 -0.126088589 0.062830925 -0.402670681 0.024581134 -0.012532479 -0.015825100 -0.999494076
1403715993384058112.000000 -0.129239380 0.060054407 -0.393277228 -0.024496749 0.012624242 0.015802663 0.999495327
1403715993434057984.000000 -0.129385754 0.060130790 -0.393646449 -0.024484107 0.012621936 0.015919248 0.999493837
1403715993484058112.000000 -0.128633410 0.060554232 -0.394721419 0.024517629 -0.012612063 -0.015884651 -0.999493659
1403715993534057984.000000 -0.128282711 0.060823020 -0.395366251 0.024513751 -0.012560204 -0.015856732 -0.999494851
1403715993584058112.000000 -0.127899125 0.061095864 -0.395948768 0.024422260 -0.012613607 -0.016036494 -0.999493599
1403715993634057984.000000 -0.127602175 0.061376374 -0.396427840 0.024463609 -0.012458729 -0.015901761 -0.999496639
1403715993684058112.000000 -0.127489895 0.061547123 -0.397063166 0.024365434 -0.012350003 -0.016129533 -0.999496758
1403715993734057984.000000 -0.127242029 0.061449911 -0.397703230 0.024609551 -0.013243771 -0.015710112 -0.999485970
1403715993784058112.000000 -0.127472833 0.061076999 -0.397689879 0.024325049 -0.012316250 -0.016053714 -0.999499381
1403715993834057984.000000 -0.127348378 0.061831512 -0.397919565 0.024349157 -0.013022653 -0.016003015 -0.999490619
1403715993884058112.000000 -0.128633589 0.060660880 -0.396274537 -0.024440365 0.012549171 0.016056530 0.999493659
1403715993934057984.000000 -0.128929228 0.060708240 -0.395958602 -0.024285233 0.011928915 0.016388262 0.999499619
1403715993984058112.000000 -0.128502563 0.061013710 -0.396592498 0.024428185 -0.013133756 -0.016095286 -0.999485731
