0,-0.0845273,-0.229493,2.33599
0,-0.00991719,0.165734,2.13033
0,0.470125,-0.0633281,2.62249
0,0.470075,-0.0715891,2.62221
0,0.578595,0.00282524,2.62693
0,0.169212,0.0839595,2.34799
0,0.14799,0.0696178,2.36377
0,0.191466,0.0913839,2.34854
0,0.464848,-0.226132,2.59305
0,0.453647,-0.137763,2.62283
0,0.454299,-0.28189,2.57958
0,0.459871,-0.312682,2.56528
0,0.498304,-0.138684,2.64036
0,0.495768,-0.171108,2.62692
0,0.502133,-0.285973,2.61693
0,0.521717,-0.315847,2.59125
0,0.564354,-0.288252,2.63779
0,0.583415,-0.318306,2.61143
0,0.584204,-0.252778,2.61496
0,0.586646,-0.104807,2.62589
0,0.622852,-0.288382,2.63898
0,0.620438,-0.320418,2.62875
0,0.618344,-0.105983,2.65535
0,0.640985,-0.285342,2.61116
0,0.308858,-0.15336,1.25819
0,0.667581,-0.114185,2.6514
0,0.313717,-0.0510078,1.27798
0,0.586192,-0.195728,2.62386
0,0.312351,-0.0949162,1.27241
0,0.616077,-0.163985,2.64562
0,0.617906,-0.352128,2.61803
0,0.616971,-0.376321,2.61406
0,0.588451,-0.373911,2.59732
0,0.64258,-0.253039,2.61766
0,0.493202,-0.194942,2.61333
0,0.466596,-0.194157,2.6028
0,0.492222,-0.227448,2.60814
0,0.525257,-0.194607,2.60884
0,0.496837,-0.105074,2.63259
0,0.469343,-0.112752,2.61813
0,0.52649,-0.17033,2.61496
0,0.498761,-0.349617,2.59935
0,0.468845,-0.353791,2.57014
0,0.500419,-0.375448,2.608
0,0.453226,-0.370479,2.57348
0,0.531431,-0.374125,2.5988
0,0.49529,-0.261964,2.62439
0,0.455754,-0.250156,2.58784
0,0.621006,-0.0475814,2.66678
0,0.598866,-0.0471621,2.64328
0,0.62026,-0.0727187,2.66358
0,0.658871,-0.0472816,2.64999
0,0.282657,0.0639682,2.43234
0,0.304613,0.0713911,2.42398
0,0.497805,-0.0470627,2.63772
0,0.454086,-0.0468424,2.62537
0,0.497112,-0.0719123,2.63405
0,0.560706,-0.0474593,2.65994
0,0.55963,-0.0724799,2.65484
0,0.49942,0.00284606,2.64627
0,0.453088,0.00281738,2.6196
0,0.561231,-0.0139256,2.66243
0,0.519549,-0.0137118,2.62154
0,0.106805,0.124664,2.28006
0,0.0798378,0.0833989,2.33232
0,-0.0895243,-0.233402,2.33826
0,-0.0827556,-0.29453,2.35544
0,-0.0144574,0.164202,2.13954
0,-0.131224,0.184631,2.06619
0,0.421147,-0.0137373,2.62644
0,0.169955,0.0902766,2.3583
0,0.454465,-0.137012,2.60854
0,0.498679,-0.287788,2.63354
0,0.484826,-0.315153,2.61259
0,0.489512,-0.068689,2.63784
0,0.499801,-0.0986912,2.63947
0,0.546788,-0.28689,2.62533
0,0.546497,-0.316521,2.62393
0,0.555816,-0.405427,2.62106
0,0.567261,-0.446296,2.62814
0,0.597642,-0.138169,2.63056
0,0.601809,-0.46217,2.60551
0,0.637471,-0.0286889,2.63063
0,0.288353,0.119564,2.23843
0,-0.308747,0.183235,2.09492
0,-0.336755,0.14543,2.12156
0,-0.328709,0.12438,2.17454
0,0.0984755,0.0634457,2.35597
0,0.080132,0.0807538,2.34091
0,0.233726,0.0907863,2.37162
0,0.284717,0.0652714,2.42377
0,0.49052,0.00117605,2.64328
0,0.45505,0.00116209,2.6119
0,0.482292,-0.470836,2.59894
0,0.448525,-0.48588,2.57444
0,0.461602,-0.401114,2.59318
0,0.483188,-0.442157,2.60377
0,0.499395,-0.198396,2.63733
0,0.48641,-0.226928,2.62113
0,0.535436,-0.375293,2.61839
0,0.528053,-0.138191,2.63097
0,0.592474,-0.373777,2.60781
0,0.646189,-0.197514,2.62562
0,0.652781,-0.433713,2.61224
0,0.484413,-0.344514,2.61037
0,0.462175,-0.372142,2.5964
0,0.617481,-0.257576,2.63028
0,0.60529,-0.286372,2.62058
0,0.586621,-0.197527,2.62578
0,0.596917,-0.227469,2.62737
0,0.489749,-0.0387666,2.63912
0,0.454935,-0.038357,2.61124
0,0.500557,-0.138847,2.64347
0,0.55851,-0.257917,2.63376
0,0.526091,-0.266603,2.62119
0,0.499061,-0.258094,2.63557
0,0.452112,-0.254124,2.59503
0,0.45146,-0.28317,2.59129
0,0.506596,-0.405718,2.62295
0,0.534286,-0.443685,2.61277
0,0.504673,-0.45361,2.61299
0,0.60154,-0.402841,2.60435
0,0.301659,0.074098,2.41257
0,0.102833,0.12904,2.25602
0,0.145202,0.0734505,2.39149
0,0.534265,-0.483209,2.61267
0,0.652691,-0.473182,2.61188
0,0.567779,-0.486515,2.63054
0,-0.295031,0.176588,2.1102
0,-0.271025,0.102783,2.24184
0,-0.245438,0.136632,2.24055
0,-0.198447,0.191806,2.10199
0,-0.132824,0.188962,2.07082
0,0.416173,-0.00873377,2.61599
0,-0.0359075,-0.462241,2.40105
0,0.193255,0.105419,2.33793
0,0.462958,-0.414101,2.6008
0,0.485194,-0.448251,2.59342
0,0.488602,-0.154962,2.61164
0,0.4666,-0.143631,2.62126
0,0.454266,-0.0483758,2.61877
0,0.489568,-0.0958633,2.6168
0,0.537866,-0.405351,2.62057
0,0.548355,-0.451783,2.61386
0,0.498259,-0.272334,2.60015
0,0.603645,-0.378042,2.59645
0,0.602825,-0.401073,2.59292
0,0.613674,-0.44749,2.58902
0,0.675795,-0.473344,2.60191
0,0.656235,-0.476296,2.61813
0,0.352806,-0.161794,1.26958
0,0.721501,-0.39629,2.63947
0,0.343437,-0.0468039,1.27762
0,0.7744,-0.33854,2.65649
0,0.464124,-0.261249,2.60735
0,0.46349,-0.284536,2.60379
0,0.485804,-0.319129,2.59669
0,0.462927,-0.378651,2.60063
0,0.542318,-0.0847996,2.64227
0,0.497066,-0.389453,2.59393
0,0.455025,-0.000817749,2.62314
0,0.141754,0.14899,2.19775
0,0.104524,0.122193,2.25567
0,0.142892,0.0641777,2.38315
0,0.0863988,0.0835054,2.31893
0,0.4873,-0.225504,2.60468
0,0.459634,-0.493193,2.58213
0,0.721646,-0.264521,2.64
0,0.774816,-0.157708,2.65792
0,0.77471,-0.218016,2.65756
0,0.665349,-0.438806,2.60727
0,0.558509,-0.485894,2.60586
0,-0.336771,0.144521,2.13183
0,-0.279511,0.0998753,2.21498
0,-0.240551,0.130733,2.2267
0,-0.183478,0.092094,2.27109
0,-0.0304153,-0.457982,2.39778
0,-0.188396,0.189705,2.09634
0,-0.310637,0.179326,2.08632
0,-0.128357,0.185469,2.04953
0,0.722037,-0.456548,2.64143
0,0.418016,-0.0126886,2.61513
0,0.770513,-0.274115,2.59467
0,0.706015,-0.271062,2.56577
0,0.768641,-0.329858,2.58836
0,0.768802,-0.442768,2.58891
0,0.70822,-0.440181,2.57378
0,0.595485,-0.383734,2.57139
0,0.643048,-0.471853,2.59371
0,-0.192268,0.106831,2.2775
0,-0.296049,0.104056,2.21834
0,-0.0191488,-0.504582,2.35114
0,0.845616,-0.403453,2.6083
0,0.789621,-0.531921,2.6111
0,0.851982,-0.263312,2.62794
0,-0.138041,0.183499,2.02776
0,-0.293438,0.17966,2.11253
0,-0.106099,-0.104796,2.29242
0,-0.108996,-0.261626,2.355
0,0.0812208,0.0825232,2.29166
0,0.458471,-0.146554,2.5888
0,0.456107,-0.258053,2.57545
0,0.364864,-0.363286,2.52662
0,0.587727,-0.147134,2.59904
0,0.587424,-0.331047,2.5977
0,-0.390702,0.215847,2.02031
0,0.136935,0.0743121,2.34781
0,0.08967,0.0884623,2.3164
0,0.542357,-0.461445,2.59876
0,0.665857,-0.464631,2.61671
0,0.879151,-0.390235,2.69363
0,0.896546,-0.495781,2.69298
0,0.794211,-0.469716,2.64535
0,0.468808,-0.388849,2.56816
0,-0.232473,0.0989115,2.21142
0,-0.298341,0.0968269,2.16481
0,0.460741,-0.139634,2.61773
0,0.457468,-0.274586,2.59913
0,0.869071,-0.287058,2.71718
0,0.817303,-0.542746,2.66424
0,-0.131899,0.181132,2.00161
0,-0.289536,0.190119,2.10092
0,0.229869,0.0745827,2.35636
0,0.273199,0.0738028,2.33172
0,-0.389071,0.211952,2.04648
0,-0.0937577,-0.86614,2.359
0,-0.224159,0.091565,2.24397
0,-0.31874,0.105512,2.16878
0,-0.0868524,-0.858862,2.33918
0,0.481206,-0.409473,2.63608
0,-0.157574,0.181349,2.06364
0,-0.289096,0.182612,2.07801
0,0.251465,0.0740432,2.24651
0,0.458603,-0.222407,2.62508
0,0.484682,-0.287445,2.65512
0,0.877822,-0.399883,2.71129
0,0.907112,-0.510756,2.73547
0,0.669194,-0.472827,2.6434
0,0.542965,-0.47127,2.63469
0,0.88504,-0.274493,2.73358
0,0.550025,-0.268003,2.66895
0,-0.105928,0.022193,2.35527
0,-0.390331,0.20834,2.0116
1,0.0165171,0.267881,1.58339
1,-0.0636901,0.261816,1.5888
1,-0.0623194,0.268565,1.60412
1,-0.0142297,0.229644,1.64972
1,-0.133763,0.269911,1.65828
1,-0.134374,0.274038,1.66527
1,0.18037,0.243272,1.67979
1,0.175445,0.246499,1.70176
1,0.0369756,0.265664,1.72328
1,-0.162289,0.268905,1.72611
1,-0.172665,0.281521,1.78461
1,-0.217937,0.291478,1.85599
1,-0.216541,0.299908,1.8638
1,-0.619277,0.290732,1.89155
1,0.307456,0.250456,1.90634
1,-0.00800706,0.182633,1.9033
1,-0.00999498,0.177574,1.91409
1,-0.0864648,0.319524,1.9228
1,-9.21957e-06,0.176624,1.95313
1,0.392217,0.234187,2.02283
1,0.338125,0.266286,2.02903
1,0.393879,0.235233,2.0314
1,0.0276052,0.241645,2.02962
1,0.0949779,0.186966,2.0426
1,0.175209,0.173463,2.05136
1,0.489862,0.225716,2.06008
1,0.442096,0.217474,2.05952
1,0.439593,0.218743,2.05994
1,0.461759,0.218082,2.06197
1,0.455525,0.219335,2.06282
1,0.351748,0.279068,2.06799
1,0.161754,0.221922,2.06418
1,0.162472,0.174896,2.06463
1,0.425707,0.212131,2.07174
1,0.0817971,0.109227,2.06359
1,0.438904,0.208247,2.07637
1,0.175772,0.201986,2.07792
1,0.429501,0.213475,2.08392
1,0.166083,0.177447,2.07809
1,0.173727,0.201282,2.08399
1,0.151327,0.162186,2.08324
1,0.408105,0.206214,2.09198
1,0.440823,0.210118,2.09428
1,0.437446,0.181817,2.09274
1,0.180499,0.205242,2.09134
1,0.158359,0.157592,2.08871
1,0.178677,0.171644,2.09039
1,0.412761,0.202089,2.1016
1,0.183695,0.17225,2.09635
1,0.0854866,0.116317,2.09167
1,0.387438,0.202032,2.10555
1,0.39,0.192022,2.10907
1,0.0838859,0.078783,2.09758
1,0.192251,0.17917,2.10945
1,0.350107,0.189181,2.11414
1,0.390632,0.193153,2.12102
1,0.374121,0.191901,2.13895
1,0.370126,0.194508,2.13936
1,0.346346,0.186088,2.13851
1,0.445901,0.181176,2.14546
1,0.295816,0.171151,2.14448
1,0.475631,0.205325,2.15001
1,0.233359,0.166273,2.14413
1,0.323728,0.172349,2.15288
1,0.316926,0.178932,2.15348
1,0.195964,0.192708,2.15307
1,0.100604,0.133081,2.14811
1,0.461661,0.197884,2.15808
1,0.337433,0.18632,2.15765
1,-0.316556,0.183332,2.1499
1,0.323637,0.176878,2.16551
1,0.295229,0.171862,2.16927
1,0.489896,0.19032,2.17508
1,0.295824,0.167309,2.17258
1,0.468795,0.197224,2.17837
1,0.110875,0.143038,2.16945
1,0.206032,0.194901,2.17457
1,0.520217,0.201134,2.1817
1,0.19878,0.192889,2.18327
1,0.238368,0.18085,2.18445
1,0.243226,0.181064,2.18591
1,0.229035,0.167121,2.18514
1,0.412399,0.175715,2.19055
1,-0.0725402,-0.193007,2.1595
1,-0.0850587,-0.254868,2.15812
1,0.45669,0.182219,2.20049
1,0.240382,0.16847,2.19941
1,0.23368,0.206703,2.208
1,0.391146,0.176835,2.20872
1,-0.293604,0.160748,2.198
1,0.396399,0.162392,2.21147
1,0.400511,0.162532,2.21234
1,-0.093955,0.0342462,2.19813
1,0.23672,0.169002,2.21367
1,0.458664,0.187068,2.2185
1,-0.0964072,-0.220471,2.18377
1,0.498916,0.194876,2.22127
1,-0.273692,0.0904926,2.20419
1,0.501136,0.196643,2.22523
1,0.235848,0.174975,2.21986
1,-0.0883836,-0.220927,2.19035
1,-0.0500259,0.00516419,2.20649
1,0.44604,0.180939,2.22987
1,-0.0994803,-0.0969254,2.2044
1,0.370617,0.165922,2.23139
1,0.185002,0.120128,2.2294
1,-0.0430503,-0.0126724,2.22137
1,0.0945771,0.0989668,2.23862
1,0.0518228,0.279935,2.25575
1,0.265234,0.14458,2.25035
1,0.374633,0.16361,2.25477
1,0.391932,0.164134,2.25759
1,0.378746,0.155519,2.25765
1,-0.048387,0.00890383,2.25206
1,0.309923,0.140894,2.26866
1,0.187027,0.130198,2.26657
1,-0.0318831,-0.429482,2.23668
1,-0.0353028,-0.439085,2.23886
1,0.342708,0.146617,2.2848
1,0.347371,0.148982,2.29341
1,0.314904,0.140577,2.30455
1,0.325404,0.137371,2.30505
1,-0.245277,0.137408,2.30664
1,0.224835,0.0740557,2.31666
1,0.308002,0.128804,2.3254
1,0.324566,0.148449,2.32718
1,0.344183,0.144071,2.3283
1,0.485285,0.0758069,2.32695
1,0.322921,0.143903,2.33169
1,0.484547,0.074452,2.33013
1,0.224705,0.0799315,2.33483
1,0.281621,0.1222,2.34524
1,0.502145,0.0698216,2.34778
1,-0.0815517,-0.839349,2.28346
1,0.341954,0.12403,2.35836
1,0.232764,0.085384,2.35864
1,-0.0138079,-0.215227,2.33438
1,-0.220775,0.210239,2.3719
1,0.365744,0.124167,2.38946
1,0.360719,0.122414,2.39835
1,0.225746,0.083275,2.3945
1,0.0566132,0.235189,2.40438
1,0.511397,0.0759698,2.4018
1,0.195508,0.10946,2.41497
1,0.277687,0.0509736,2.42048
1,0.299361,0.104316,2.4247
1,0.382337,0.126651,2.42958
1,0.30575,0.103034,2.42707
1,0.307847,0.104809,2.43204
1,0.667158,-0.592237,2.39506
1,0.291974,0.0687528,2.44033
1,-0.204779,0.104599,2.46641
1,0.286804,0.0740881,2.4725
1,0.0554176,0.241177,2.48387
1,-0.208783,0.10505,2.47713
1,0.0588815,0.251332,2.50697
1,0.543141,0.0856311,2.51367
1,0.712236,-0.777526,2.47516
1,0.324357,0.0709533,2.55343
1,0.475563,-0.445947,2.53726
1,0.469491,-0.0857926,2.56875
1,0.533503,-0.460502,2.54721
1,0.53088,-0.321478,2.55771
1,0.532559,-0.391265,2.55422
1,0.441674,-0.0307904,2.57893
1,0.529161,-0.210324,2.56797
1,0.460846,-0.281392,2.56261
1,0.526132,-0.0292014,2.58357
1,0.527325,-0.0850153,2.58004
1,0.52926,-0.15492,2.57778
1,0.459078,-0.142324,2.57812
1,0.401111,-0.0176843,2.58963
1,0.472796,-0.451284,2.56735
1,0.591251,-0.267187,2.58736
1,0.588511,-0.0986231,2.60193
1,0.58682,-0.0141922,2.60782
1,0.458554,-0.405013,2.58693
1,0.453854,-0.160052,2.6053
1,0.467779,-0.0306739,2.6159
1,0.452174,-0.0522074,2.61564
1,0.455055,-0.476684,2.58747
1,0.467066,-0.440357,2.59171
1,0.538,-0.0973363,2.61653
1,0.499376,-0.407074,2.59521
1,0.45882,-0.408295,2.59738
1,0.65601,-0.396023,2.60278
1,0.468853,-0.474225,2.59567
1,0.456881,-0.26124,2.61355
1,0.650901,-0.0841602,2.6291
1,0.649836,-0.0273275,2.63335
1,0.532375,-0.284908,2.61718
1,0.590897,-0.316779,2.61624
1,0.532083,-0.260304,2.6199
1,0.525429,-0.340772,2.6144
1,0.527136,-0.0131864,2.63718
1,0.454372,-0.492702,2.6037
1,0.839322,-0.151954,2.63303
1,0.457739,-0.0344973,2.63553
1,0.837248,-0.0380399,2.64158
1,0.565667,-0.489851,2.60703
1,0.535692,-0.409017,2.61266
1,0.536401,-0.442034,2.6106
1,0.456359,-0.163079,2.62884
1,0.477018,-0.111572,2.63382
1,0.475623,-0.042261,2.63864
1,0.535604,-0.376428,2.61777
1,0.492109,-0.349254,2.61952
1,0.531259,-0.318783,2.62235
1,0.525752,-0.0314311,2.64368
1,0.59174,-0.259976,2.62913
1,0.592515,-0.0114208,2.64625
1,0.529307,-0.200039,2.6328
1,0.529541,-0.0462519,2.64359
1,0.497604,-0.00419893,2.64642
1,0.498336,-0.0399121,2.64401
1,0.504621,-0.443767,2.61671
1,0.532763,-0.195101,2.6344
1,0.528572,-0.150522,2.63755
1,0.505356,-0.46878,2.61621
1,0.502416,-0.31994,2.62684
1,0.504012,-0.389572,2.62304
1,0.531409,-0.104231,2.64307
1,0.544285,-0.408709,2.62259
1,0.601948,-0.288536,2.63327
1,0.41831,-0.014794,2.64953
1,0.605102,-0.4377,2.62361
1,0.603907,-0.378067,2.62776
1,0.544477,-0.492612,2.61919
1,0.514533,-0.469409,2.62086
1,0.501239,-0.221011,2.63806
1,0.586505,-0.000504212,2.65452
1,0.544504,-0.480914,2.62131
1,0.836082,-0.453891,2.62791
1,0.83367,-0.325043,2.63738
1,0.548375,-0.0709189,2.65068
1,0.597684,-0.0401107,2.65375
1,0.548039,-0.0510225,2.65237
1,0.607937,-0.0498753,2.65357
1,0.427568,-0.00555097,2.65489
1,0.673925,-0.335516,2.63615
1,0.490523,-0.467975,2.62502
1,0.61792,0.000100705,2.66152
1,0.564737,-0.330083,2.63843
1,0.563526,-0.270261,2.64254
1,0.540532,-0.218853,2.64595
1,0.618924,-0.039785,2.65962
1,0.620262,-0.0996367,2.65605
1,0.456531,0.00198763,2.66067
1,0.779567,-0.398726,2.63793
1,0.56618,-0.390059,2.63539
1,0.549056,-0.039142,2.65928
1,0.559089,-0.0309767,2.66094
1,0.561746,-0.160701,2.65216
1,0.722327,-0.400016,2.63825
1,0.566843,-0.486822,2.63048
1,0.83136,-0.0816762,2.66249
1,0.615479,-0.00327463,2.6648
1,0.715063,-0.0120197,2.6671
1,0.736086,-0.335368,2.64531
1,0.71672,-0.083953,2.66291
1,0.606576,-0.457913,2.63583
1,0.597344,-0.00229301,2.66712
1,0.63401,-0.469494,2.63608
1,0.619579,-0.169835,2.6565
1,0.622132,-0.286515,2.6493
1,0.625285,-0.436544,2.63949
1,0.730979,-0.0117418,2.67282
1,0.733979,-0.155879,2.66322
1,0.732879,-0.0958358,2.66777
1,0.567782,-0.4466,2.64162
1,0.621232,-0.195158,2.65969
1,0.775281,-0.0253326,2.67487
1,0.624072,-0.320463,2.65239
1,0.779456,-0.212951,2.66328
1,0.77829,-0.155225,2.66725
1,0.561635,-0.104633,2.66886
1,0.777339,-0.0831132,2.67396
1,0.561301,-0.0712456,2.67279
1,0.547544,-0.0124139,2.67744
1,0.722075,-0.0481237,2.67907
1,0.662601,-0.345406,2.67247
1,0.681794,-0.394324,2.67221
1,0.660961,-0.220065,2.68477
1,0.735268,-0.411109,2.67405
1,0.72145,-0.030183,2.7035
1,0.616292,-0.0322096,2.70224
1,0.848685,-0.0277721,2.7085
1,0.872185,-0.146523,2.7007
1,0.729126,-0.00903924,2.70909
1,0.795264,-0.471039,2.68006
1,0.807263,-0.341199,2.69108
1,0.853457,-0.154304,2.70687
1,0.861877,-0.340885,2.69767
1,0.7926,-0.395097,2.69351
1,0.789471,-0.219266,2.70708
1,0.865156,-0.464428,2.69166
1,0.785842,-0.0256182,2.72139
1,0.750173,-0.15679,2.7137
1,0.806485,-0.0958878,2.72211
1,0.858602,-0.0242914,2.72937
1,0.756884,-0.220689,2.7162
1,0.86102,-0.0950103,2.72765
1,0.884405,-0.0916507,2.746
1,0.9395,-0.84415,2.76186
1,0.97286,-0.94767,2.79392
1,-0.0118724,-0.279743,2.92299
1,-0.00959328,-0.179309,2.95497
1,0.00311486,-0.368648,2.99773
1,-0.0144472,-0.195149,3.06872
2,0.32518,-0.205266,1.24565
2,0.339514,-0.0201402,1.26566
2,0.342696,-0.118955,1.2612
2,-0.435878,0.355392,1.44419
2,-0.297789,0.404189,1.47171
2,-0.331042,0.427855,1.47363
2,-0.288892,0.412281,1.49293
2,-0.286897,0.412808,1.49998
2,-0.514354,0.308871,1.5458
2,-0.33513,0.403703,1.61938
2,-0.503517,0.328675,1.63241
2,-0.338417,0.411806,1.64434
2,0.141339,0.137893,1.66315
2,-0.309634,0.156731,1.65709
2,0.546097,0.234431,1.68802
2,0.638062,0.329474,1.69569
2,0.637675,0.317005,1.69876
2,0.404501,0.205656,1.69509
2,0.69462,0.326066,1.72704
2,0.56948,0.24739,1.74089
2,0.630498,0.258205,1.7431
2,0.638049,0.26104,1.74565
2,-0.407342,0.397847,1.74228
2,0.50217,0.18895,1.75629
2,-0.473112,0.372623,1.7631
2,0.59218,0.259852,1.79392
2,-0.0597694,-0.0731134,1.7846
2,0.546919,0.239804,1.86668
2,0.536049,0.208603,1.89432
2,0.39221,0.0525109,1.88293
2,0.544261,0.11125,1.90767
2,0.605968,0.23904,1.92575
2,0.0720139,0.0617092,1.91899
2,0.517995,0.228888,1.9448
2,0.603401,0.204613,1.95242
2,0.59279,0.123402,1.9551
2,0.589533,0.126454,1.9574
2,0.399339,0.199271,1.96414
2,0.39293,0.190798,1.97842
2,0.131407,0.139731,1.99853
2,0.0956553,0.125713,2.00865
2,0.631955,0.210649,2.03816
2,0.49773,0.225223,2.04122
2,0.331818,0.167927,2.03702
2,0.33939,0.181089,2.04392
2,0.457,0.192477,2.06545
2,0.205568,0.177328,2.07191
2,0.580152,0.226556,2.09157
2,0.608491,0.194096,2.0985
2,0.0772239,0.0757711,2.08407
2,0.555671,0.230169,2.1279
2,0.539137,0.221163,2.1367
2,0.535238,0.224372,2.18377
2,0.21912,0.0691023,2.16759
2,0.249465,0.139121,2.20059
2,0.259092,0.177089,2.23491
2,0.55948,0.214682,2.25543
2,0.403556,0.168424,2.25398
2,0.265177,0.145254,2.27666
2,-0.330896,0.104503,2.28159
2,0.481712,0.198235,2.31789
2,-0.313983,0.199626,2.30945
2,0.359704,0.151941,2.3325
2,0.297148,0.142222,2.33451
2,0.277265,0.142488,2.34556
2,0.351394,0.162754,2.36237
2,-0.347364,0.208253,2.35608
2,-0.316976,0.193716,2.37451
2,0.337596,0.147763,2.3969
2,0.334595,0.154525,2.41607
2,0.359026,0.151334,2.42607
2,0.178739,0.0795342,2.42549
2,-0.361162,0.218594,2.43213
2,0.389435,0.141397,2.47094
2,0.366369,0.133427,2.5023
2,0.825231,-0.473378,2.51156
2,0.571764,-0.452322,2.51742
2,0.571552,-0.189615,2.56657
2,0.569508,-0.0758604,2.5789
2,0.685143,-0.328883,2.56832
2,0.582221,-0.427921,2.57003
2,-0.239008,0.228805,2.59089
2,0.652735,-0.150125,2.59333
2,0.528498,-0.267193,2.58445
2,0.70997,-0.148594,2.59653
2,0.568603,0.0882545,2.60807
2,0.823658,-0.208097,2.59937
2,0.333261,0.1107,2.60589
2,0.592702,-0.451275,2.58443
2,0.531721,-0.151691,2.60043
2,0.585124,-0.338281,2.59291
2,0.549611,-0.329625,2.59452
2,0.551435,-0.389036,2.59157
2,0.585061,-0.373258,2.59348
2,0.526368,-0.341954,2.59423
2,0.524627,-0.280944,2.59792
2,0.51739,-0.0235312,2.61405
2,0.57939,-0.15076,2.60993
2,0.66012,-0.333834,2.6026
2,0.591646,-0.160427,2.61139
2,0.606936,-0.266869,2.6064
2,0.533193,-0.191945,2.60947
2,0.541114,-0.226587,2.60903
2,0.521044,-0.102964,2.61632
2,0.536897,-0.200435,2.6116
2,0.533371,-0.235206,2.60983
2,0.577487,-0.0433853,2.62168
2,0.767727,-0.194034,2.6194
2,0.520788,-0.0781723,2.62012
2,0.540092,-0.286564,2.61006
2,0.704375,-0.207427,2.61905
2,0.590703,-0.0712547,2.62392
2,0.539946,-0.0129396,2.62991
2,0.710934,-0.196068,2.62415
2,0.534046,-0.485146,2.60387
2,0.707368,-0.0755406,2.63078
2,0.588862,-0.147851,2.62446
2,0.552118,-0.235524,2.62065
2,0.560359,-0.227034,2.6221
2,0.460195,0.0127926,2.63446
2,0.609215,-0.323762,2.62105
2,0.337353,0.121395,2.64071
2,0.465444,-0.0883826,2.63228
2,0.461628,-0.011128,2.6373
2,0.551747,-0.169422,2.632
2,0.823696,-0.205128,2.63683
2,0.71038,-0.266126,2.63201
2,0.311132,0.0657835,2.64124
2,0.713659,-0.162299,2.64003
2,0.658115,-0.101821,2.64289
2,0.717374,-0.266357,2.6367
2,0.479919,-0.238785,2.63363
2,0.71816,-0.473708,2.62681
2,0.501291,-0.255281,2.63744
2,0.48008,-0.214047,2.64003
2,0.481697,-0.256089,2.63981
2,0.713997,-0.269693,2.64514
2,0.708848,-0.0886579,2.6559
2,0.49973,-0.16516,2.64839
2,0.490363,-0.231118,2.64697
2,0.527989,-0.224265,2.64885
2,0.465219,-0.226045,2.64729
2,0.472639,-0.100429,2.65827
2,0.774916,-0.26653,2.65711
2,0.771505,-0.144423,2.66453
2,0.485329,-0.163021,2.65702
2,0.793006,-0.266217,2.65966
2,0.737471,-0.155982,2.66526
2,0.463744,-0.10095,2.66719
2,0.419838,-0.0145861,2.67572
2,0.456134,-0.420032,2.67347
2,0.480038,-0.411477,2.6812
2,0.448627,0.156205,2.76366
2,0.388951,0.134767,2.7949
2,0.373144,0.0869732,2.9375
3,0.00187479,0.47229,1.33169
3,-0.216503,0.474974,1.34669
3,-0.144961,0.463693,1.42093
3,-0.225103,0.446875,1.4329
3,0.0951251,0.419974,1.4575
3,0.0955862,0.4131,1.46125
3,0.0906473,0.424119,1.46534
3,-0.258413,0.416344,1.48488
3,-0.323218,0.387558,1.54349
3,-0.0155511,0.340885,1.61462
3,-0.0104993,0.336485,1.64094
3,-0.402227,0.365033,1.63424
3,-0.0659026,0.341728,1.66678
3,0.0161932,0.301704,1.73507
3,-0.136002,0.297518,1.74349
3,-0.164537,0.276169,1.74824
3,0.0234247,0.300425,1.75391
3,-0.141172,0.294198,1.75115
3,0.0149025,0.298807,1.75987
3,-0.162084,0.275548,1.76281
3,-0.216964,0.288282,1.78911
3,0.237303,0.286913,1.80249
3,-0.212483,0.284698,1.79657
3,0.0359008,0.274591,1.80961
3,0.0315462,0.28554,1.81484
3,0.246353,0.293154,1.82345
3,0.802379,0.304934,1.84243
3,0.19197,0.266445,1.83059
3,0.841049,0.306326,1.846
3,-0.0830587,0.313603,1.82745
3,-0.221637,0.290986,1.82973
3,0.253921,0.292913,1.83964
3,0.199614,0.271899,1.84148
3,0.203244,0.268799,1.85098
3,0.209735,0.26955,1.85454
3,0.829818,0.310942,1.87127
3,0.252479,0.298268,1.86022
3,-0.00310728,0.269067,1.87428
3,0.0853161,0.257796,1.90765
3,0.0887226,0.261918,1.92432
3,0.809322,0.277685,1.97969
3,0.716329,0.262357,1.97864
3,0.330985,0.269677,1.98604
3,-0.375685,0.19648,1.98567
3,-0.389379,0.205067,1.98586
3,0.436694,0.263484,2.0023
3,0.412396,0.254503,2.0081
3,0.419158,0.260751,2.02199
3,-0.00344761,0.187794,2.03116
3,-0.321784,0.201659,2.04444
3,0.163573,0.222293,2.05714
3,-0.311511,0.185053,2.05776
3,0.46319,0.229053,2.07373
3,0.520777,0.226096,2.075
3,-0.136493,0.180508,2.0689
3,0.64243,0.213413,2.08891
3,0.451193,0.220375,2.09177
3,0.510706,0.231905,2.09486
3,-0.162628,0.200417,2.08346
3,-0.0322388,0.176337,2.08942
3,-0.0273537,0.179407,2.10339
3,0.425362,0.209211,2.11556
3,0.535856,0.202234,2.12198
3,0.458955,0.197167,2.12474
3,0.223776,0.192115,2.12149
3,0.198494,0.185538,2.12176
3,-0.290944,0.175182,2.11641
3,-0.319249,0.182678,2.11678
3,-0.320424,0.115042,2.12232
3,0.113484,0.193539,2.13572
3,0.16192,0.158113,2.15349
3,0.411418,0.179524,2.16187
3,0.409636,0.181506,2.16733
3,0.387269,0.154293,2.17122
3,0.397185,0.166571,2.18936
3,0.372412,0.163265,2.21809
3,-0.268805,0.0926535,2.20948
3,-0.243196,0.130152,2.23045
3,-0.27115,0.0839089,2.2336
3,0.180657,0.132683,2.24366
3,-0.468609,-0.830931,2.24664
3,-0.184479,0.102515,2.28753
3,0.210317,0.109572,2.31698
3,-0.0735042,-0.20558,2.32715
3,-0.000572667,-0.612481,2.33455
3,-0.00507199,-0.50658,2.34035
3,-0.0367539,-0.562264,2.34082
3,0.199618,0.0961613,2.34449
3,-0.0279758,-0.464115,2.34521
3,-0.0608748,-0.551002,2.34537
3,0.234954,0.0805696,2.34709
3,0.300748,0.0930732,2.34893
3,0.14756,0.0566746,2.3464
3,-0.00276604,-0.510105,2.34816
3,-0.0412817,-0.56619,2.35982
3,-0.00736027,-0.399592,2.35951
3,-0.0218132,-0.316986,2.38088
3,-0.007871,-0.234805,2.43449
3,-0.309841,-0.831672,2.44959
3,0.532221,-0.470539,2.57479
3,0.541127,-0.341369,2.58232
3,0.481573,-0.342982,2.58389
3,0.579248,-0.280783,2.58727
3,0.58061,-0.314471,2.59032
3,0.540263,-0.221644,2.58976
3,0.579547,-0.222642,2.59383
3,0.529049,-0.131525,2.59278
3,0.590999,-0.190603,2.59562
3,0.52149,-0.224111,2.59566
3,0.59061,-0.160442,2.59657
3,0.550376,-0.151301,2.59692
3,0.590234,-0.130254,2.59758
3,0.606127,-0.210549,2.5986
3,0.470682,-0.183369,2.5968
3,0.580078,-0.189346,2.59918
3,0.670073,-0.33042,2.60407
3,0.529154,-0.0711366,2.59924
3,0.520407,-0.131892,2.59957
3,0.520007,-0.106679,2.60013
3,0.544235,-0.0910121,2.60212
3,0.54065,-0.190798,2.61059
3,0.492834,-0.163167,2.60975
3,0.562526,-0.409928,2.61354
3,0.594114,-0.0413223,2.61354
3,0.562426,-0.376493,2.61622
3,0.562426,-0.343029,2.61937
3,0.601671,-0.189838,2.62024
3,0.562214,-0.317788,2.62076
3,0.55009,-0.131757,2.62112
3,0.549592,-0.106341,2.6212
3,0.713837,-0.392761,2.62779
3,0.490655,-0.107682,2.62196
3,0.500494,-0.166863,2.6229
3,0.598811,0.00505871,2.62482
3,0.709521,-0.148727,2.62967
3,0.58467,-0.00467448,2.62869
3,0.708922,-0.0876143,2.63192
3,0.541412,-0.00860582,2.65013
3,0.546459,-0.0154889,2.65669
3,-0.265721,-0.659827,2.64965
3,0.782165,-0.0205774,2.68731
3,0.792177,-0.00937696,2.69778
3,0.82647,-0.550643,2.70513
3,0.930488,-0.0163474,2.75676
3,-1.01149,-1.07177,2.95386
3,0.351777,-0.188359,1.59316
1,0.351777,-0.188359,1.59316
3,-0.477438,0.377037,1.74828
1,-0.477438,0.377037,1.74828
3,-0.679227,0.48413,2.42954
1,-0.679227,0.48413,2.42954
3,-0.399817,0.438648,1.62255
1,-0.399817,0.438648,1.62255
3,0.626644,-0.0260514,2.50293
1,0.626644,-0.0260514,2.50293
3,0.645197,-0.093788,2.56921
1,0.645197,-0.093788,2.56921
3,-0.744608,0.287339,1.92832
1,-0.744608,0.287339,1.92832
3,0.634594,0.23146,1.76481
1,0.634594,0.23146,1.76481
3,-0.271727,0.412048,1.34248
0,-0.271727,0.412048,1.34248
3,0.227512,0.3083,1.46553
0,0.227512,0.3083,1.46553
3,-0.364895,0.494191,1.57097
0,-0.364895,0.494191,1.57097
3,0.689768,0.155615,2.27758
0,0.689768,0.155615,2.27758
3,0.528889,-0.318832,2.54683
0,0.528889,-0.318832,2.54683
3,-0.393808,-0.856583,2.38873
0,-0.393808,-0.856583,2.38873
3,-0.360003,0.375495,1.32632
0,-0.360003,0.375495,1.32632
3,-0.170304,0.486242,1.58108
0,-0.170304,0.486242,1.58108
4,-0.283618,0.40561,1.52526
4,-0.0175513,0.280146,1.75408
4,-0.146539,0.286309,1.77006
4,0.946663,0.32688,1.78423
4,0.867602,0.310314,1.80383
4,0.653088,0.330901,1.82175
4,0.847398,0.301584,1.81493
4,0.726538,0.339473,1.84511
4,0.880343,0.333196,1.84093
4,0.656729,0.309644,1.85931
4,0.774533,0.283497,1.88104
4,0.818431,0.284201,1.88957
4,0.823979,0.286683,1.88981
4,0.103577,0.289558,1.92703
4,0.685201,0.263598,1.90372
4,0.780602,0.275284,1.90076
4,0.658412,0.27186,1.92287
4,-0.186463,0.179813,2.03378
4,0.41335,0.256624,2.01258
4,0.415112,0.248532,2.02824
4,0.561556,0.234075,2.03032
4,0.537405,0.228931,2.04766
4,0.562478,0.221614,2.04681
4,0.476394,0.222397,2.06035
4,0.487303,0.231882,2.07183
4,0.391535,0.231124,2.07641
4,-0.183096,0.188903,2.09984
4,0.59573,0.22268,2.07499
4,0.538264,0.216734,2.08404
4,0.421579,0.209823,2.08997
4,0.0595232,0.194946,2.1052
4,0.216443,0.220166,2.10422
4,0.580791,0.216627,2.09127
4,0.402381,0.198442,2.09877
4,0.101978,0.179027,2.11406
4,0.415032,0.197418,2.115
4,0.655334,0.221092,2.10717
4,0.387566,0.190901,2.12855
4,0.0724223,0.20504,2.14764
4,0.649725,0.213135,2.12679
4,0.524174,0.200175,2.13193
4,0.339554,0.17544,2.14511
4,0.497836,0.195639,2.14005
4,0.344325,0.186144,2.14929
4,0.249823,0.161343,2.16192
4,0.607215,0.194672,2.14947
4,0.179104,0.16949,2.16822
4,0.445531,0.173781,2.15862
4,0.31282,0.169897,2.16633
4,0.22726,0.17599,2.17104
4,0.350658,0.182863,2.16671
4,-0.232192,-0.554812,2.18822
4,0.293918,0.162192,2.17731
4,0.411048,0.171957,2.18024
4,0.489566,0.185955,2.1789
4,0.37839,0.160068,2.18399
4,0.236823,0.171677,2.19457
4,0.104672,0.123722,2.2018
4,0.447131,0.178981,2.19561
4,0.391637,0.151449,2.19785
4,0.248133,0.176345,2.20721
4,0.184343,0.121251,2.22095
4,0.277856,0.147977,2.23302
4,0.257643,0.136253,2.24734
4,-0.235313,0.144992,2.27573
4,0.297567,0.136962,2.26263
4,0.255964,0.13577,2.26773
4,-0.246521,0.137087,2.2893
4,0.340867,0.144995,2.26802
4,0.37795,0.123583,2.272
4,0.316118,0.141381,2.28057
4,0.190562,0.0585918,2.28659
4,-0.136197,-0.145591,2.31306
4,0.175966,0.118287,2.30835
4,-0.2759,-0.757515,2.32222
4,-0.115023,-0.260489,2.32138
4,0.655004,0.128467,2.29415
4,-0.128084,-0.82994,2.32512
4,0.0839792,0.0909138,2.32591
4,0.35225,0.117946,2.32115
4,-0.0974851,-0.270371,2.34282
4,0.661682,0.127014,2.31575
4,-0.0817877,-0.263579,2.34702
4,-0.106949,-0.840257,2.34321
4,-0.100836,0.0405704,2.36218
4,-0.0363577,-0.0269063,2.36602
4,-0.19889,0.10704,2.37488
4,-0.0471509,-0.0262397,2.37356
4,-0.195739,0.10419,2.38147
4,-0.0394979,-0.563055,2.38907
4,0.290335,0.0600388,2.39381
4,0.505847,0.0719886,2.41308
4,0.305919,0.0773101,2.44478
4,-0.0117256,-0.0791332,2.45844
4,0.0181423,-0.302787,2.53895
4,0.558549,0.0919426,2.53342
4,0.00316626,-0.146725,2.57248
4,0.443982,-0.458292,2.55784
4,0.522613,-0.323424,2.57767
4,0.5257,-0.332034,2.57784
4,0.532486,-0.190241,2.58036
4,0.531121,-0.220642,2.58018
4,0.471384,-0.346595,2.58175
4,0.529233,-0.271359,2.58138
4,0.476211,-0.106333,2.58694
4,0.581542,-0.37727,2.58286
4,0.53208,-0.465048,2.58512
4,0.450175,-0.481836,2.58939
4,0.552318,-0.476281,2.58569
4,0.538432,-0.108899,2.58984
4,0.552958,-0.466185,2.58645
4,0.528971,-0.247718,2.58976
4,0.554481,-0.435726,2.58722
4,0.520105,-0.0773797,2.59335
4,0.520196,-0.0773643,2.59371
4,0.494791,-0.143533,2.59416
4,0.457102,-0.166314,2.59561
4,0.5907,-0.10089,2.59147
4,0.5844,-0.190672,2.59517
4,0.613038,-0.0914223,2.59609
4,0.465854,-0.00705656,2.60367
4,0.498341,-0.147581,2.6011
4,0.607283,0.000924826,2.59822
4,0.551677,-0.368192,2.59803
4,0.464531,-0.0437115,2.60488
4,0.466999,-0.38371,2.60239
4,0.494161,-0.0346381,2.60629
4,0.58987,-0.105504,2.60172
4,0.635751,-0.039234,2.60133
4,0.603532,-0.336571,2.59984
4,0.499642,-0.220925,2.60543
4,0.546386,-0.15778,2.60493
4,0.504284,-0.3151,2.60589
4,0.637234,-0.0220415,2.60389
4,0.557133,-0.283322,2.60479
4,0.643595,-0.0990152,2.60741
4,0.468455,-0.491088,2.61333
4,0.56326,-0.189516,2.61262
4,0.640753,-0.2564,2.60899
4,0.564976,-0.155307,2.61352
4,0.554539,-0.00913461,2.61561
4,0.64142,-0.0198897,2.61203
4,0.6464,-0.0731463,2.61318
4,0.612495,-0.0715612,2.61567
4,0.649966,-0.193359,2.61339
4,0.715689,-0.0414632,2.61278
4,0.714812,-0.0783629,2.61499
4,0.562597,-0.0690069,2.62325
4,0.631155,-0.459056,2.61782
4,0.618654,-0.166072,2.62117
4,0.6175,-0.191822,2.62102
4,0.622214,-0.286677,2.62138
4,0.622497,-0.0973142,2.62428
4,0.713617,-0.152342,2.62118
4,0.621355,-0.131649,2.62547
4,0.627725,-0.373135,2.62322
4,0.482104,-0.278921,2.63225
4,0.767914,-0.0924601,2.62559
4,0.626532,-0.252543,2.63132
4,0.911198,-1.06999,2.61728
4,0.662655,-0.323674,2.64988
4,0.558643,-0.196225,2.66319
4,0.561674,-0.131207,2.66403
4,0.607037,-0.0897948,2.6629
4,0.601176,-0.219849,2.662
4,0.67276,-0.161507,2.66036
4,0.78436,-0.094101,2.65645
4,0.667378,-0.201096,2.6603
4,0.617328,-0.35096,2.66147
4,0.913103,-0.897908,2.64944
4,0.794611,-0.315635,2.66034
4,0.792103,-0.380922,2.66114
4,0.625378,-0.467988,2.66885
4,0.791807,-0.40282,2.66298
4,0.731852,-0.291135,2.66758
4,0.860544,-0.340558,2.6623
4,0.735815,-0.455019,2.66737
4,0.858043,-0.405967,2.66304
4,0.856964,-0.449758,2.66515
4,0.743147,-0.328219,2.67322
4,0.0411327,-0.0441081,2.71437
4,0.872897,-0.210052,2.6807
4,0.816353,-0.537479,2.68606
4,-0.264182,0.0971191,2.28914
2,-0.264182,0.0971191,2.28914
4,0.383278,0.166681,2.49239
2,0.383278,0.166681,2.49239
4,0.100471,0.0664961,2.4236
2,0.100471,0.0664961,2.4236
4,-0.164557,0.203504,2.12062
2,-0.164557,0.203504,2.12062
4,-0.0137459,-0.236209,2.43923
2,-0.0137459,-0.236209,2.43923
4,0.579171,-0.0892154,2.49769
2,0.579171,-0.0892154,2.49769
4,-0.357787,-0.776097,2.17504
2,-0.357787,-0.776097,2.17504
4,0.556079,-0.425039,2.41436
2,0.556079,-0.425039,2.41436
4,0.492068,-0.37059,2.35455
2,0.492068,-0.37059,2.35455
4,-0.825648,0.179269,2.09225
2,-0.825648,0.179269,2.09225
4,0.0854926,0.0848972,2.32962
2,0.0854926,0.0848972,2.32962
4,-0.0946689,-0.233114,2.3193
1,-0.0946689,-0.233114,2.3193
4,-0.0431914,-0.27283,2.30315
1,-0.0431914,-0.27283,2.30315
4,0.43135,-0.0131698,2.74035
1,0.43135,-0.0131698,2.74035
4,0.751688,-0.334168,3.07156
0,0.751688,-0.334168,3.07156
4,0.148403,0.166415,2.30076
0,0.148403,0.166415,2.30076
4,-0.130333,0.380694,1.90617
0,-0.130333,0.380694,1.90617
5,-0.0363535,0.11016,1.32003
5,-0.423071,0.356273,1.45935
5,-0.446851,0.35538,1.49973
5,-0.580103,0.274287,1.63309
5,-0.415884,0.333146,1.64365
5,-0.16379,0.237541,1.66767
5,0.683981,0.297686,1.72931
5,0.773848,0.302213,1.73716
5,0.612788,0.268816,1.7475
5,0.896483,0.326248,1.77293
5,0.642254,0.247313,1.8128
5,-0.235614,0.278753,1.88647
5,0.807286,0.288345,1.85674
5,0.350506,0.193463,1.89833
5,0.389199,0.222923,1.89838
5,0.552775,0.235238,1.89904
5,-0.193862,0.146171,1.94188
5,0.391479,0.198478,1.92233
5,0.655012,0.197427,1.92526
5,0.612741,0.22087,1.95019
5,0.509634,0.22844,1.97553
5,0.159443,0.137073,1.99121
5,0.14841,0.14441,2.01194
5,0.415362,0.190336,2.00851
5,-0.11957,-0.132686,2.05585
5,-0.386557,0.190069,2.06299
5,0.115437,0.122789,2.04948
5,0.612496,0.191055,2.03577
5,-0.0579781,-0.450708,2.08186
5,0.398008,0.181601,2.05587
5,-0.113408,-0.0533492,2.08277
5,0.0851832,0.111628,2.07619
5,-0.0237794,-0.378639,2.10286
5,-0.0488991,-0.448637,2.11378
5,0.350876,0.178385,2.08431
5,-0.046621,-0.552871,2.13656
5,-0.323364,0.0609829,2.12362
5,0.164813,0.0959139,2.12428
5,0.217754,0.161054,2.18552
5,0.644237,0.131986,2.17773
5,0.234496,0.199277,2.19146
5,-0.300606,0.1813,2.21011
5,0.552188,0.210487,2.18821
5,-0.237184,0.142242,2.27608
5,0.351121,0.148849,2.32296
5,-0.241938,0.146623,2.35874
5,0.353564,0.137369,2.42535
5,0.319088,0.122651,2.45141
5,0.416924,0.15104,2.47093
5,0.455246,-0.472913,2.55713
5,0.516198,-0.15089,2.56188
5,0.47087,-0.337759,2.5718
5,0.465591,-0.217977,2.57291
5,0.497738,-0.44422,2.58666
5,0.487763,-0.425535,2.58632
5,0.560558,-0.447554,2.58891
5,0.500587,-0.364134,2.58966
5,0.482507,-0.209191,2.58455
5,0.489063,-0.44642,2.59359
5,0.491814,-0.196822,2.58722
5,0.457137,-0.0475556,2.58303
5,0.55345,-0.25976,2.59021
5,0.491726,-0.271049,2.59447
5,0.527054,-0.137243,2.58858
5,0.492732,-0.458931,2.60251
5,0.483171,-0.0721627,2.58985
5,0.529254,-0.0645335,2.58967
5,0.484235,-0.0347301,2.59027
5,0.550117,-0.0751412,2.5906
5,0.488078,-0.0946304,2.59511
5,0.59676,-0.0735489,2.59263
5,0.46663,-0.479763,2.61598
5,0.568148,-0.304998,2.60863
5,0.669835,-0.386222,2.61301
5,0.594676,-0.314424,2.61509
5,0.489501,-0.204334,2.61891
5,0.586992,0.00877348,2.61446
5,0.600681,-0.187762,2.62398
5,0.590383,-0.0728659,2.62177
5,0.809521,-0.524573,2.63174
5,0.420393,0.00278485,2.62577
5,0.602701,-0.151279,2.62756
5,0.600617,-0.0641578,2.62481
5,0.775256,-0.153895,2.62818
5,0.60719,-0.0596812,2.6345
5,0.844984,-0.00186959,2.62516
5,0.732027,-0.240203,2.63823
5,0.62097,-0.369389,2.64771
5,0.667448,-0.217151,2.64142
5,0.666461,-0.135915,2.64478
5,0.668412,-0.326492,2.65439
5,0.727831,-0.197647,2.64963
5,0.718016,-0.063701,2.64746
5,0.682408,-0.242487,2.65613
5,0.71769,-0.151366,2.65415
5,0.623144,-0.256544,2.66554
5,0.61192,-0.194642,2.6744
5,0.640922,-0.103573,2.90712
2,0.640922,-0.103573,2.90712
5,-0.843239,0.276416,2.10085
2,-0.843239,0.276416,2.10085
5,0.429324,0.182552,2.35575
3,0.429324,0.182552,2.35575
5,-0.438824,0.454782,1.83716
3,-0.438824,0.454782,1.83716
5,-0.09988,0.0436279,2.42736
3,-0.09988,0.0436279,2.42736
5,0.408207,0.204348,2.20402
0,0.408207,0.204348,2.20402
5,0.277029,0.125593,2.31345
0,0.277029,0.125593,2.31345
5,0.849051,-0.478061,2.5603
0,0.849051,-0.478061,2.5603
6,-0.236435,-0.0750813,0.890539
6,-0.325098,-0.544402,1.14587
6,0.0425849,0.141984,1.44347
6,-0.225187,0.0548647,1.51634
6,-0.178664,0.262992,1.5425
6,-0.196397,0.218657,1.57377
6,-0.557016,0.316872,1.62879
6,-0.634308,0.268917,1.65677
6,-0.550129,0.317607,1.65688
6,-0.4059,0.118088,1.64857
6,-0.354677,0.0322415,1.70918
6,-0.607092,0.309408,1.74941
6,-0.646871,0.270014,1.75248
6,0.121437,0.0911257,1.75547
6,-0.904881,0.0645844,1.82045
6,-0.488647,0.381037,1.79885
6,-0.0182152,0.0387088,1.79824
6,-0.163424,0.301473,1.83411
6,-0.483435,0.4167,1.87429
6,0.0990042,0.114608,1.87701
6,-0.672157,0.285236,1.94535
6,-0.541395,0.365281,1.94844
6,0.00618497,0.0119939,1.91717
6,0.324416,0.158839,1.9184
6,0.0361599,0.0880318,1.94126
6,0.269134,0.14038,1.95732
6,0.0273601,0.0704382,1.97423
6,0.169868,0.146361,1.97273
6,-0.605482,0.350349,2.0481
6,0.0237455,0.0251674,2.01949
6,-0.653637,0.320748,2.06822
6,0.116791,0.0542033,2.03932
6,-0.150876,-0.773223,2.08609
6,-0.142175,-0.772936,2.09477
6,0.199767,0.157205,2.07963
6,-0.744817,0.291245,2.13734
6,-0.649861,0.359232,2.16155
6,0.524299,0.20483,2.11595
6,0.522203,0.224165,2.14712
6,-0.333762,0.091478,2.21949
6,-0.772933,0.300773,2.3217
6,0.341828,0.164124,2.2997
6,0.415187,0.168791,2.29746
6,0.338385,0.146477,2.44071
6,-1.01443,0.1607,2.54508
6,-0.283871,0.253238,2.50294
6,0.379019,0.175739,2.51182
6,0.18815,0.0877557,2.56922
6,0.540529,-0.331885,2.59164
6,0.542821,-0.269778,2.60488
6,0.775905,-0.376217,2.59343
6,0.654788,-0.261008,2.60204
6,0.47527,-0.397158,2.61331
6,0.562496,-0.389908,2.61804
6,0.782048,-0.138456,2.60603
6,0.550943,-0.459111,2.6205
6,0.480957,-0.0797278,2.6284
6,0.610862,-0.26057,2.63167
6,0.666751,-0.206149,2.63201
6,0.667508,-0.133396,2.63348
6,0.677669,-0.209052,2.63613
6,0.618604,-0.136628,2.64162
6,0.447373,0.17362,2.65304
6,0.679878,-0.33045,2.64242
6,0.740907,-0.269785,2.63921
6,0.740942,-0.391424,2.64
6,0.620903,-0.147744,2.64947
6,0.499843,-0.253971,2.659
6,0.580163,-0.0917883,2.65839
6,0.517093,-0.208135,2.66385
6,0.487944,0.00588593,2.66819
6,0.567907,-0.00325075,2.66535
6,0.56838,-0.13154,2.66755
6,0.672197,-0.0250461,2.66372
6,0.75903,-0.149388,2.67407
6,0.50531,-0.486877,2.72533
6,0.417119,0.169057,2.77114
6,0.424083,0.157481,2.79543
6,0.560586,0.206924,2.87001
6,-0.37979,-1.08264,3.59623
6,-0.743327,-1.0475,3.65749
6,-0.976516,-1.45939,5.52645
6,0.117519,0.197537,2.2232
4,0.117519,0.197537,2.2232
6,-0.232475,0.140214,2.25901
4,-0.232475,0.140214,2.25901
6,1.32963,0.551875,3.16961
4,1.32963,0.551875,3.16961
6,0.503475,0.214649,2.43843
2,0.503475,0.214649,2.43843
6,0.699739,-0.150545,2.54564
2,0.699739,-0.150545,2.54564
6,-0.562476,-0.763135,2.23738
2,-0.562476,-0.763135,2.23738
6,-0.77936,-0.812952,2.22224
2,-0.77936,-0.812952,2.22224
6,0.253379,0.316637,1.97395
2,0.253379,0.316637,1.97395
6,0.0338729,0.312456,1.96887
2,0.0338729,0.312456,1.96887
6,0.728697,-0.212101,2.6598
2,0.728697,-0.212101,2.6598
6,-0.777941,-0.812664,2.21947
2,-0.777941,-0.812664,2.21947
6,-0.185942,0.310409,1.96511
1,-0.185942,0.310409,1.96511
6,-0.238972,0.128206,2.22257
3,-0.238972,0.128206,2.22257
6,0.511418,0.0748472,2.42653
3,0.511418,0.0748472,2.42653
6,-0.857519,0.165336,2.07586
3,-0.857519,0.165336,2.07586
6,0.701103,0.334353,1.95942
0,0.701103,0.334353,1.95942
7,-0.449948,0.140121,1.81042
7,-0.184295,-0.774244,2.08471
7,-0.159112,-0.788215,2.10485
7,-0.0962153,-0.890959,2.18298
7,-0.0962507,-0.887426,2.18706
7,-0.0810351,-0.901306,2.19967
7,0.871584,-0.452867,2.50094
7,0.856259,-0.0753205,2.53499
7,0.79871,-0.441031,2.53852
7,0.804386,-0.419795,2.54932
7,0.870122,-0.375594,2.54573
7,0.580658,-0.420884,2.58168
7,0.869431,-0.310868,2.54724
7,0.859483,-0.184873,2.55507
7,0.739078,-0.313072,2.5739
7,0.859719,-0.00402087,2.56294
7,0.810948,-0.246733,2.56809
7,0.64421,-0.444984,2.59124
7,0.811516,-0.0726809,2.57645
7,0.642659,-0.271208,2.59619
7,0.651401,-0.435382,2.59583
7,0.646698,-0.423394,2.59718
7,0.651776,-0.4203,2.59727
7,0.649728,-0.254005,2.60088
7,0.588078,-0.134058,2.61078
7,0.713101,-0.422311,2.59213
7,0.64401,-0.0527588,2.60897
7,0.650809,-0.132517,2.60862
7,0.520032,-0.38222,2.62198
7,0.82351,-0.384125,2.58417
7,0.520143,-0.316705,2.62549
7,0.605291,-0.187682,2.61745
7,0.715118,-0.247637,2.60374
7,0.537601,-0.425728,2.62486
7,0.713706,-0.0724826,2.6089
7,0.594017,-0.443102,2.62171
7,0.537664,-0.316321,2.6304
7,0.755631,-0.12939,2.61238
7,0.809134,-9.81092e-05,2.60933
7,0.755645,0.0175929,2.61885
7,0.596603,-0.260153,2.63587
7,0.5392,-0.0716918,2.64586
7,0.616763,-0.369799,2.63244
7,0.812378,-0.311323,2.60865
7,0.704511,-0.0561652,2.62896
7,0.728953,-0.312721,2.62697
7,0.548512,-0.423196,2.64887
7,0.835232,-0.0716872,2.61784
7,0.675203,-0.313652,2.63575
7,0.598675,-0.0387881,2.65079
7,0.530275,-0.0730348,2.6601
7,0.551928,-0.438704,2.65558
7,0.59811,-0.115801,2.65403
7,0.597717,-0.0492705,2.6564
7,0.597172,0.0172837,2.65845
7,0.712519,-0.135262,2.64822
7,0.607479,-0.359112,2.66201
7,0.73922,-0.256708,2.64886
7,0.738263,-0.182567,2.65036
7,0.613748,-0.426003,2.67194
7,0.745536,0.00541487,2.67249
7,0.748777,-0.125043,2.67279
7,0.541559,-0.0818839,2.41852
5,0.541559,-0.0818839,2.41852
7,-0.518854,-0.724313,1.91786
5,-0.518854,-0.724313,1.91786
7,-0.767113,-0.734191,1.84261
5,-0.767113,-0.734191,1.84261
8,-0.785205,-0.488038,1.07032
8,-0.78467,-0.512902,1.18433
8,-0.38374,-0.579838,1.42633
8,-0.969091,0.106741,1.90181
8,-0.240643,-0.739476,1.91275
8,-0.210867,-0.715582,1.98692
8,-0.206994,-0.742005,1.99679
8,-0.117389,-0.861888,2.07819
8,-0.853353,0.233128,2.30637
8,0.836022,-0.0285621,2.58705
8,0.800922,-0.323629,2.57434
8,0.491675,-0.127959,2.63814
8,0.802716,-0.281025,2.59003
8,0.810656,-0.317714,2.59801
8,0.703385,-0.154192,2.62997
8,0.692312,-0.482077,2.60309
8,0.813684,-0.0271155,2.64566
8,0.604752,-0.398291,2.63251
8,0.771715,-0.466627,2.60894
8,0.810065,-0.2832,2.63491
8,0.702816,-0.39655,2.63515
8,0.615851,-0.399353,2.64655
8,0.597485,-0.113321,2.69976
8,0.779161,-0.285394,2.6624
8,0.60089,-0.201992,2.69308
8,-0.672713,-1.24201,3.87705
8,-0.662846,-1.30456,4.12265
8,-0.641304,-1.60048,5.17519
8,-0.872533,-0.99296,2.90509
7,-0.872533,-0.99296,2.90509
8,-0.856997,-0.929739,2.67561
7,-0.856997,-0.929739,2.67561
8,-0.796099,-0.806596,2.2778
7,-0.796099,-0.806596,2.2778
8,0.494141,-0.377339,2.13802
7,0.494141,-0.377339,2.13802
8,-0.883338,-1.03396,3.04035
7,-0.883338,-1.03396,3.04035
8,0.853047,-0.497158,2.76716
7,0.853047,-0.497158,2.76716
8,0.742861,-0.519571,2.44804
5,0.742861,-0.519571,2.44804
8,-0.521017,-0.570948,1.46859
2,-0.521017,-0.570948,1.46859
8,-0.378366,-0.795844,2.25487
1,-0.378366,-0.795844,2.25487
8,0.619926,-0.212768,2.5126
1,0.619926,-0.212768,2.5126
9,-0.854188,0.302271,2.05027
9,-0.968575,0.240766,2.10146
9,-1.01065,0.226126,2.10609
9,-0.732825,0.319019,2.10922
9,-0.809888,0.29775,2.15462
9,-0.975584,0.245101,2.15575
9,-0.798047,0.29927,2.16151
9,-1.01193,0.221674,2.16479
9,-0.84577,0.265939,2.18528
9,-1.0127,0.164703,2.17628
9,-0.87016,0.243708,2.20235
9,-0.875721,0.245459,2.21867
9,-0.379459,0.290561,2.20776
9,-0.254824,-1.16049,1.95818
9,-0.278136,0.247688,2.2468
9,-0.283518,0.246473,2.26442
9,-0.893711,0.210647,2.30225
9,-0.954795,0.149646,2.31314
9,-0.873309,0.18307,2.31591
9,-0.951223,0.156485,2.3342
9,0.0864977,0.196701,2.32002
9,-0.241183,-0.794937,2.18289
9,0.101269,0.174183,2.35523
9,-0.903296,0.164614,2.41091
9,-0.211652,-0.800306,2.23544
9,-0.546613,-0.823363,2.25125
9,-0.126122,-0.840938,2.2335
9,-0.110514,-0.8689,2.23202
9,-0.53592,-0.821457,2.28109
9,-0.451425,-0.822628,2.28974
9,-0.700387,-0.839129,2.32558
9,-0.556022,-0.849641,2.33032
9,-0.433392,-0.847546,2.3311
9,-0.494064,-0.832147,2.34558
9,0.682596,-0.462829,2.55421
9,0.573412,-0.464707,2.56961
9,0.682879,-0.406668,2.57554
9,0.734253,-0.259968,2.60031
9,0.57169,-0.374453,2.58813
9,0.793229,-0.312687,2.59139
9,0.681981,-0.262388,2.60854
9,0.796403,-0.403466,2.57554
9,0.680836,-0.0812267,2.64994
9,0.890485,-0.332261,2.62262
9,-0.019348,-0.914704,2.64803
8,-0.019348,-0.914704,2.64803
9,-0.0965556,-0.872479,2.46638
7,-0.0965556,-0.872479,2.46638
10,0.0499249,0.213857,3.52209
10,0.34187,0.0990897,3.85773
10,-0.140972,-0.235424,3.6736
10,-0.00673952,0.276026,3.32352
10,0.343953,-0.319855,4.99108
10,0.129519,0.311369,3.23703
10,-0.145213,-0.239771,3.74142
10,0.261201,0.163886,3.62445
10,0.267655,0.144515,3.714
10,0.130669,0.308368,3.22344
10,0.131504,0.30011,3.24404
10,0.362735,0.44905,2.88648
10,0.384704,0.435109,2.91503
10,0.211717,0.183471,3.56097
10,0.215548,0.16393,3.62542
10,0.438834,0.138798,3.8816
10,0.465416,0.114841,3.89924
10,0.337656,0.101103,3.84437
10,0.693574,0.49802,2.75463
10,0.702762,0.478217,2.79112
10,-0.0807516,0.340544,3.14515
10,-0.101218,0.312753,3.16497
10,-0.204615,0.494447,2.68799
10,-0.205908,0.471983,2.70496
10,-0.185138,0.0775259,3.8776
10,-0.197031,0.0407792,3.87104
10,-0.0406369,0.532075,2.50597
10,-0.041203,0.523466,2.54088
10,-0.0011362,0.534523,2.51749
10,-0.0120518,0.267162,3.34374
10,-0.00153446,0.218038,3.3997
10,0.00914953,0.270595,3.3867
10,0.0311782,0.211079,3.46136
10,-0.0319394,0.318476,3.22288
10,-0.0415917,0.334701,3.18391
10,-0.0220001,0.29093,3.25578
10,-0.0525508,0.28958,3.24066
10,-0.0568243,0.400908,2.93377
10,-0.0297089,0.381303,2.99781
10,-0.0929081,0.406151,2.90512
10,-0.0897007,0.356532,3.1116
10,0.342546,-0.323771,4.97066
10,0.28043,-0.308729,4.98083
10,0.932171,0.1025,3.89748
10,0.845153,0.100914,3.83715
10,0.624039,0.526739,2.67981
10,0.652257,0.479906,2.80098
10,0.61249,0.476451,2.78082
10,0.242694,0.0897242,3.87642
10,0.578742,0.149243,3.83552
10,0.615314,0.113017,3.83734
10,0.090903,0.280617,3.25523
10,0.22636,0.369803,3.14098
10,0.17693,0.379892,3.14252
10,0.543756,0.466397,2.8812
10,0.522502,0.48172,2.86428
10,0.547612,0.451407,2.90163
10,0.425047,0.473756,2.81692
10,0.492736,0.451422,2.90173
10,0.450627,0.436647,2.92533
10,0.558887,0.503592,2.69157
10,0.127568,0.370506,3.14696
10,0.158592,0.343461,3.17209
10,0.53691,0.126599,3.88281
10,0.68752,0.100862,3.83518
10,0.163706,0.213118,3.49479
10,0.668609,0.470153,2.7955
10,1.02132,0.05552,4.05631
10,0.984458,0.00448595,4.17108
10,0.558161,0.52881,2.64787
10,0.516246,0.528634,2.64699
10,0.678101,0.537858,2.69318
10,0.602505,0.531102,2.65935
10,0.0475349,0.365463,3.10413
10,0.0587416,0.314337,3.181
10,-0.164118,0.465877,2.7191
10,-0.208306,0.451597,2.73647
10,-0.150334,0.0289834,3.92652
10,-0.0381999,0.0892191,3.8546
10,-0.0424362,0.506128,2.61693
10,0.278695,-0.494105,4.95002
10,0.306979,0.0412624,3.91693
10,0.333197,0.421328,2.94721
10,1.41352,-0.495789,5.68519
10,-0.15477,-0.243273,3.73482
10,0.335099,0.425101,2.9476
10,0.324463,0.425778,2.95229
10,0.544433,0.469049,2.87518
10,0.52629,0.461338,2.89506
10,0.179959,0.384109,3.16092
10,0.157897,0.352375,3.19853
10,0.669997,0.503356,2.76486
10,0.697002,0.486681,2.7892
10,-0.0818906,0.354737,3.11306
10,-0.0935709,0.354366,3.1098
10,-0.0776041,0.391978,2.95011
10,-0.088619,0.391329,2.94522
10,-0.0363361,0.296802,3.25263
10,-0.0118886,0.263548,3.2985
10,0.0267978,0.21096,3.45941
10,0.000607249,0.219354,3.38691
10,-0.203722,0.0455203,3.85908
10,-0.238526,0.0157249,3.71879
10,-0.268984,0.457253,2.73934
10,-0.281045,0.412782,2.86218
10,-0.208972,0.451589,2.76815
10,-0.261498,0.441384,2.76984
10,-0.211841,0.496604,2.67223
10,-0.212586,0.478058,2.68163
10,-0.254025,0.479672,2.69068
10,-0.140239,0.434357,2.86163
10,-0.182594,0.432101,2.84677
10,-0.0361843,0.320072,3.23904
10,-0.0477431,0.33963,3.19248
10,0.18067,-0.861013,4.75264
10,0.143269,-0.905871,4.70544
10,0.948768,0.107109,3.97736
10,0.835104,0.102398,3.80242
10,0.263565,0.167676,3.65725
10,0.328838,0.101553,3.77105
10,0.105417,0.237331,3.46223
10,0.161502,0.216066,3.54313
10,0.475281,0.120389,3.91976
10,0.564674,0.146313,3.82215
10,0.606137,0.11702,3.81008
10,0.295209,0.420673,2.99548
10,0.350819,0.45011,2.89329
10,0.396708,0.441502,2.9087
10,0.48168,0.460577,2.89028
10,0.443025,0.432739,2.92385
10,0.438669,0.482167,2.82457
10,0.400073,0.505963,2.77918
10,0.518569,0.486949,2.85259
10,0.13577,0.30869,3.24822
10,0.323507,0.405057,3.04855
10,0.228097,0.37264,3.16508
10,0.244871,0.087874,3.79647
10,0.438835,0.147765,3.86008
10,0.657809,0.478324,2.80206
10,1.02164,0.0636919,4.08829
10,0.953135,0.0171677,4.06006
10,0.197564,-0.820532,4.72663
10,-0.0959034,0.314961,3.18732
10,0.0477138,0.366838,3.1158
10,-0.0333137,0.384942,2.98208
10,0.0613943,0.317683,3.21486
10,-0.163518,0.472716,2.70916
10,-0.0875861,0.408795,2.9109
10,-0.337563,0.472423,2.70748
10,-0.413911,0.486328,2.67133
10,-0.286492,0.472669,2.7089
10,-0.149243,0.0317544,3.96331
10,-0.17613,-0.637506,3.59398
10,-0.163723,-0.696971,3.62033
10,-0.361974,0.0853253,3.68636
10,-0.50508,0.260856,3.42709
10,-0.189385,0.0894477,3.86446
10,0.353465,-0.331846,4.9047
10,0.261807,-0.314644,4.92592
10,0.260485,-0.479944,4.90104
10,0.312894,0.046347,3.92917
10,0.687738,0.101879,3.78316
10,-0.153786,-0.237046,3.71108
10,1.42094,-0.492292,5.68621
10,-0.148568,-0.237684,3.72107
10,-0.164549,-0.236371,3.70051
10,-0.14279,-0.683091,3.57635
10,-0.158519,-0.680905,3.5649
10,0.0031894,0.230993,3.40738
10,0.00319632,0.21599,3.41477
10,-0.227221,0.550222,2.52836
10,-0.22162,0.541631,2.59725
10,-0.205991,0.465262,2.70159
10,-0.208414,0.445914,2.73336
10,-0.155638,0.574667,2.48514
10,-0.1485,0.567956,2.55651
10,0.201758,0.597658,2.4408
10,0.18229,0.584134,2.47744
10,0.372302,0.447871,2.90718
10,0.360275,0.449332,2.91667
10,0.506577,0.106526,3.95569
10,0.491277,0.107106,3.97722
10,-0.501774,0.503425,2.64433
10,-0.410699,0.485289,2.67674
10,-0.388766,0.463814,2.69318
10,-0.326322,0.498502,2.68245
10,-0.342012,0.466758,2.71028
10,-0.254599,0.476674,2.69676
10,-0.292131,0.465705,2.70416
10,-0.138048,0.421177,2.81693
10,-0.185762,0.426066,2.76564
10,-0.125994,0.547817,2.57095
10,-0.179204,0.507934,2.66802
10,-0.190802,0.0694942,3.89339
10,-0.241439,-0.00120166,3.85516
10,-0.0397989,0.326663,3.13755
10,-0.0413946,0.295311,3.26334
10,0.0639949,0.288032,3.35104
10,0.00316111,0.25961,3.37715
10,0.138812,0.300528,3.32099
10,0.0943386,0.287771,3.348
10,0.137874,0.597882,2.48784
10,0.432517,-0.339342,4.96002
10,0.360274,-0.334987,4.89636
10,0.338637,0.570983,2.46921
10,0.294438,0.572237,2.47463
10,0.456511,0.426152,2.93946
10,0.633574,0.562842,2.48276
10,0.608846,0.571372,2.52038
10,-0.390883,0.578031,2.40524
10,-0.342161,0.565915,2.4473
10,-0.374642,0.56463,2.44174
10,-0.215313,0.495288,2.66515
10,0.227241,0.57278,2.47698
10,0.414721,0.437648,2.92709
10,0.573162,0.546114,2.61875
10,0.637906,0.524577,2.69126
10,0.583396,0.51956,2.66552
10,0.433368,0.467894,2.79044
10,0.390926,0.487701,2.75914
10,0.589827,0.140881,3.91225
10,0.264555,0.178447,3.59547
10,0.452972,0.142532,3.95808
10,0.314352,0.102412,3.80293
10,0.70326,0.462091,2.75583
10,0.640272,0.461782,2.75399
10,1.02433,0.0534219,4.01398
10,0.833185,0.0517378,3.88743
10,0.371915,0.58164,2.46686
10,0.082486,0.54865,2.52113
10,0.277961,0.594727,2.42883
10,0.27667,0.536413,2.51742
10,0.228235,0.5414,2.48782
10,0.558839,0.578838,2.55331
10,0.672448,0.568857,2.46002
10,0.723768,0.521398,2.73874
10,0.219906,-0.841788,4.74563
10,0.132132,-0.916953,4.68928
10,-0.617174,0.157999,3.50401
10,-0.677447,0.157218,3.4867
10,-0.0786507,0.379165,2.9899
10,-0.08367,0.302274,3.18071
10,0.0446768,0.361344,3.06914
10,-0.0382217,0.382121,3.01321
10,-0.15786,0.468026,2.71764
10,-0.248611,0.426179,2.76638
10,-0.283254,0.402014,2.86261
10,-0.140001,0.0167299,3.95641
10,-0.0491346,0.0867266,3.87353
10,-0.10293,0.53762,2.57802
10,0.0366541,0.547969,2.51801
10,-0.00902979,0.533849,2.50539
10,-0.299132,0.568608,2.45894
10,-0.418592,0.516492,2.64978
10,-0.174815,0.574806,2.43788
10,-0.265897,0.557985,2.46133
10,-0.246932,0.521695,2.61555
10,-0.173257,-0.627108,3.53537
10,-0.346394,0.0821488,3.66907
10,-0.517499,0.251403,3.47566
10,-0.118433,0.12083,3.83951
10,0.271769,-0.313237,4.90389
10,0.271168,-0.490269,4.89304
10,0.838751,0.103201,3.83222
10,0.725549,0.485285,2.74548
10,0.245864,0.0853461,3.81187
10,0.317888,0.410013,3.01711
10,0.553887,0.50151,2.69863
10,1.43984,-0.523415,5.74444
10,1.47563,-1.59481,5.39829
10,-0.510794,0.57866,2.43546
10,-0.403644,0.610171,2.35232
10,-0.442378,0.597742,2.35385
10,-0.336792,0.473255,2.748
10,-0.385051,0.473915,2.66745
10,-0.304008,0.575848,2.48051
10,-0.380024,0.533646,2.53687
10,-0.316247,0.699571,2.1908
10,-0.160362,-0.00835615,3.92713
10,-0.14021,-0.0947823,3.96231
10,-0.166462,-0.693499,3.59664
10,-0.0926307,0.347428,3.09412
10,-0.0969038,0.310549,3.23686
10,0.00930329,0.213817,3.38041
10,-0.0529056,0.0977469,3.89218
10,0.0759645,0.67274,2.14335
10,0.418295,0.141742,3.93616
10,0.324719,0.096534,3.84388
10,0.574287,0.143207,3.97684
10,0.48923,0.121942,3.98998
10,0.479762,0.629808,2.48012
10,0.417777,0.597244,2.51368
10,0.695691,0.483251,2.80605
10,0.648806,0.467228,2.80164
10,0.987555,0.0566304,3.98327
10,0.820979,0.0556368,3.91338
10,0.688508,0.580871,2.50215
10,0.723741,0.527275,2.79629
10,1.27628,0.241984,3.52233
10,-0.557369,0.501112,2.65754
10,-0.68063,0.502817,2.74592
10,-0.614419,0.162789,3.47047
10,-0.687673,0.162228,3.45851
10,0.197934,-0.827868,4.84062
10,0.117792,-0.925332,4.79898
10,0.142164,0.200967,3.47672
10,0.239555,0.0959759,3.82166
10,0.233661,0.648847,2.44997
10,0.184845,0.610571,2.51217
10,0.249736,0.725994,2.23541
10,0.161655,0.70155,2.197
10,0.187813,0.661481,2.22325
10,0.375933,0.596042,2.50862
10,0.292069,0.605857,2.49277
10,0.829968,0.547723,2.60379
10,0.916629,0.515795,2.7354
10,0.833843,0.536027,2.61595
10,-0.198696,0.480135,2.70246
10,-0.252974,0.43877,2.81492
10,-0.307349,0.40375,2.89368
10,-0.265678,0.567058,2.50135
10,-0.17812,0.50763,2.6165
10,0.0429235,0.370259,3.14486
10,0.0638462,0.284327,3.34325
10,-0.00900674,0.265899,3.34058
10,0.439663,0.487544,2.83097
10,0.369369,0.44958,2.88427
10,-0.444149,0.541393,2.50872
10,-0.497919,0.540413,2.50418
10,-0.426898,0.486451,2.65654
10,-0.497027,0.498632,2.57012
10,0.0346064,0.588612,2.53549
10,-0.0068253,0.546312,2.53152
10,-0.0206224,0.518844,2.53209
10,0.640719,0.573269,2.52875
10,0.57078,0.544066,2.58641
10,0.573457,0.532461,2.59854
10,-0.132132,0.551211,2.55422
10,-0.162148,0.530525,2.58909
10,-0.351187,0.0724551,3.68439
10,-0.262892,-0.00821702,3.86175
10,0.316207,0.415167,2.97551
10,0.135363,0.317605,3.3104
10,0.287253,0.754402,1.98918
10,-0.235298,0.751049,2.0092
10,0.36811,-0.33773,5.00285
10,0.258297,-0.309532,4.98769
10,0.257949,-0.471943,4.98098
10,1.81857,-0.174749,5.01897
10,1.38163,0.0586176,4.12305
10,-0.200882,0.0763648,3.88321
10,0.467225,0.499455,2.8112
10,-0.516208,0.255513,3.44597
10,0.130709,0.613441,2.52397
10,0.268844,0.545946,2.52982
10,0.335433,0.58325,2.5124
10,-0.182874,0.590968,2.48726
10,-0.353106,0.581197,2.44614
10,-0.0563389,0.380596,2.95881
10,-0.172301,0.473807,2.75121
10,0.660267,0.661658,2.44798
10,1.24963,0.274511,3.44878
10,1.39133,-0.501146,5.6119
10,0.256997,-0.329604,4.96259
10,0.45359,-1.7376,4.6497
10,0.43889,-1.97543,4.49901
10,0.320719,0.0953453,3.79654
10,0.157174,0.200783,3.47355
10,0.429126,-1.48454,4.71491
10,0.310606,0.406596,2.98399
10,0.185859,0.392537,3.18661
10,0.151692,0.303368,3.35238
10,0.462447,0.442411,2.83828
10,0.372834,0.446205,2.86262
10,1.05071,0.486912,2.77464
10,0.904932,0.512546,2.71817
10,1.13854,0.641635,2.5267
10,1.21402,0.541352,2.77473
10,1.1921,0.511228,2.80856
10,0.0604076,0.389651,3.16318
10,-0.0591053,0.380872,2.93608
10,-0.00172149,0.257899,3.33127
10,-0.00173359,0.215845,3.35468
10,-0.204084,0.0717717,3.86373
10,-0.130885,0.0216779,3.94153
10,0.168213,0.689183,2.15827
10,0.0818226,0.661124,2.11368
10,0.253927,0.635436,2.43948
10,0.12883,0.599201,2.48769
10,0.260969,0.538318,2.50713
10,0.0966263,0.552267,2.49609
10,0.858104,-2.03328,4.70076
10,1.29883,0.622074,2.58265
10,1.37823,0.576375,2.60506
10,1.39486,0.499722,2.84763
10,-0.181046,0.585691,2.49944
10,-0.348514,0.581533,2.41434
10,-0.391471,0.475906,2.71192
10,0.0313761,0.585415,2.49827
10,-0.0506527,0.573165,2.51619
10,-0.0177031,0.55521,2.50939
10,-0.13546,0.550644,2.56454
10,1.22793,0.469853,2.89299
10,1.46463,0.302927,3.34751
10,1.33826,0.264459,3.41601
10,1.56765,0.37836,3.24369
10,0.673367,0.575709,2.45685
10,0.594589,0.576716,2.53178
10,0.585733,0.567088,2.64113
10,0.401471,0.625724,2.46404
10,0.373398,0.583877,2.4917
10,0.537963,0.518549,2.75001
10,0.398861,0.506582,2.78304
10,1.85109,-0.151768,4.49977
10,1.14932,0.722098,2.17239
10,1.0006,0.790083,2.28695
10,0.526866,0.12804,4.04527
10,1.25596,0.247922,3.4978
10,0.710195,0.471527,2.79095
10,1.28617,0.207048,3.58193
10,1.00128,0.0486162,4.03865
10,2.14789,-1.20514,4.27096
10,2.184,-1.51569,4.1281
10,0.847114,-1.57386,4.9986
10,1.67083,-1.60672,5.56519
10,1.50505,-1.62129,5.49132
10,1.41273,-2.0661,4.7055
10,1.35908,-2.34512,5.34097
10,0.114124,-0.848703,4.45189
10,-0.587826,0.176742,3.44758
10,-0.343916,0.465809,2.7571
10,-0.329116,0.0664172,3.57547
10,-0.339117,0.687854,2.15411
10,-0.442443,0.491174,2.69839
10,-0.311355,0.688751,2.15692
10,-0.14971,-0.250182,3.76679
10,-0.16591,-0.706823,3.58472
10,1.44772,-0.526655,5.68929
10,2.08985,-0.227583,4.26649
10,1.55142,0.339823,3.28112
10,-0.627924,0.619079,2.12113
10,-0.354048,0.570804,2.40903
10,-0.339621,0.457671,2.75152
10,-0.0346532,0.564064,2.54941
10,-0.158099,0.55615,2.60605
10,-0.194588,0.0636152,3.68396
10,-0.111396,-0.0536901,3.80402
10,0.0550507,0.393337,3.09456
10,-0.0633158,0.375396,2.95341
10,0.00714793,0.219169,3.40633
10,-0.0703054,0.288191,3.27944
10,0.456067,-1.77702,4.7386
10,0.29566,0.0921757,3.67033
10,0.145112,0.198379,3.51139
10,1.52877,0.0973511,3.87642
10,2.00326,-0.0640488,4.53793
10,1.88847,-0.173392,4.60526
10,0.251738,0.629959,2.41845
10,0.143182,0.595013,2.5112
10,0.266277,0.545921,2.55812
10,0.233908,0.726382,2.24716
10,0.0865209,0.660322,2.09361
10,1.19947,0.546939,2.76629
10,1.05963,0.487383,2.79817
10,-0.36933,0.602701,2.38566
10,-0.432786,0.484315,2.66071
10,-0.494388,0.522601,2.44885
10,0.699672,0.579319,2.5287
10,0.695843,0.521891,2.74867
10,0.6151,0.57167,2.67878
10,0.454296,0.628724,2.48867
10,0.391597,0.622171,2.46273
10,0.523473,0.522039,2.74945
10,0.444463,0.486865,2.7952
10,1.21693,0.461505,2.91192
10,1.06853,0.719237,2.4643
10,0.363918,0.451915,2.85141
10,0.168162,0.300534,3.4199
10,0.498464,0.0980847,3.90563
10,1.27016,0.202053,3.57642
10,0.842956,0.569424,2.66825
10,1.97767,-1.28295,4.32618
10,0.81214,-1.55799,4.86734
10,0.420003,-1.52081,4.75119
10,0.821189,-1.94715,4.70056
10,0.234543,-0.329278,4.76987
10,0.231075,-0.840576,4.69935
10,-0.67421,0.1963,3.47459
10,-1.14237,0.145866,3.57472
10,-0.330381,0.385737,2.85834
10,-0.325777,0.0611156,3.5392
10,-0.535577,0.634081,2.29597
10,-0.666243,0.35443,2.03486
10,-0.138505,-0.257515,3.73033
10,-0.162933,-0.73327,3.62274
10,-1.0178,-0.897474,3.10858
10,-0.316773,-1.42555,3.44138
10,1.50802,-0.551425,5.95687
10,1.47358,-1.53581,5.17884
11,0.19966,0.644471,2.19534
11,1.25874,0.699478,2.20196
11,1.00596,0.669797,2.30265
11,0.637482,0.629913,2.48198
11,1.12265,0.635676,2.49479
11,1.46442,0.645926,2.48323
11,1.3711,0.653538,2.51157
11,1.48194,0.650681,2.50083
11,1.27965,0.611342,2.53665
11,1.23616,0.574474,2.5762
11,1.39927,0.560548,2.57976
11,0.902477,0.503547,2.66683
11,1.20952,0.578866,2.65047
11,1.37717,0.558358,2.63201
11,1.00811,0.508131,2.69532
11,1.00903,0.504096,2.69912
11,1.03764,0.499253,2.7127
11,1.43586,0.582012,2.66983
11,1.03267,0.481355,2.73262
11,1.39867,0.563734,2.6961
11,1.20701,0.512332,2.72659
11,1.0233,0.470887,2.7546
11,1.20752,0.526585,2.74898
11,1.3255,0.512452,2.73317
11,1.31489,0.524778,2.74506
11,0.475327,0.448997,2.87002
11,1.13316,0.473906,2.77897
11,1.25907,0.494674,2.76527
11,1.25041,0.515523,2.8007
11,1.13863,0.497688,2.82737
11,1.18566,0.511773,2.82466
11,1.40614,0.506089,2.81717
11,1.21807,0.464964,2.87829
11,1.39063,0.500381,2.85785
11,1.22067,0.476422,2.88503
11,1.30164,0.467389,2.92991
11,1.31415,0.463874,2.9573
11,1.37547,0.453738,2.94975
11,1.40902,0.432634,2.95876
11,1.38335,0.443744,2.9676
11,1.45619,0.462386,2.96065
11,1.43227,0.430088,3.01
11,1.4349,0.43106,3.0166
11,1.35415,0.385803,3.07496
11,1.44942,0.397891,3.07445
11,1.54028,0.394585,3.0627
11,1.58794,0.394766,3.07018
11,1.45214,0.395198,3.09733
11,1.26545,0.376669,3.15195
11,1.3743,0.392338,3.13738
11,1.3864,0.395897,3.13624
11,1.32614,0.375053,3.14876
11,1.49197,0.362001,3.12829
11,1.33014,0.387427,3.15331
11,1.59244,0.372669,3.11611
11,1.42782,0.382165,3.1428
11,1.48054,0.371524,3.14514
11,1.56208,0.41344,3.13867
11,1.4504,0.356195,3.17689
11,1.42222,0.357882,3.18585
11,1.50377,0.375883,3.18239
11,1.35615,0.35188,3.2078
11,1.5214,0.369743,3.19383
11,1.61027,0.384286,3.1849
11,1.71954,0.416341,3.17858
11,1.46564,0.356766,3.21704
11,1.43523,0.335023,3.25207
11,1.44136,0.33749,3.25688
11,1.75717,0.400032,3.21806
11,1.88151,0.416805,3.20202
11,1.58393,0.343432,3.24882
11,1.89121,0.419313,3.22075
11,1.50135,0.346127,3.28715
11,1.53026,0.326396,3.28602
11,1.45066,0.306866,3.32057
11,1.60005,0.358952,3.3096
11,1.44484,0.299211,3.34316
11,1.47245,0.300884,3.36638
11,1.46755,0.305542,3.37339
11,1.56802,0.324301,3.37114
11,1.33587,0.254053,3.42281
11,1.36821,0.248569,3.42982
11,2.53481,-0.732693,3.21942
11,1.28825,0.266525,3.44502
11,2.43329,-0.663083,3.24829
11,2.50966,-0.531148,3.24905
11,1.35597,0.250041,3.45573
11,1.36123,0.262545,3.46104
11,1.29748,0.26535,3.47433
11,1.49972,0.245395,3.44567
11,1.30067,0.274185,3.47649
11,1.36057,0.261069,3.49476
11,1.36141,0.243786,3.49908
11,1.52042,0.25553,3.47888
11,1.27453,0.225206,3.51331
11,1.26964,0.238247,3.53771
11,1.2663,0.243972,3.53877
11,1.29282,0.237663,3.53837
11,2.59779,0.196203,3.35823
11,1.26867,0.243451,3.55268
11,1.28443,0.242142,3.56451
11,1.2907,0.196757,3.57197
11,2.37201,-1.66234,3.3292
11,2.30516,-1.68595,3.34385
11,1.28703,0.191824,3.5946
11,2.3681,-1.63924,3.35366
11,2.46561,-0.204064,3.41911
11,2.48356,-0.195501,3.42282
11,1.32494,0.217297,3.60974
11,2.33526,-1.56719,3.39606
11,1.30863,0.210403,3.63524
11,2.30072,-1.31585,3.43216
11,2.56908,0.0865804,3.46657
11,2.31631,-1.32684,3.47477
11,2.19849,-0.644136,3.60927
11,2.47784,0.205558,3.62245
11,0.818346,0.0634144,3.87808
11,0.77384,0.111742,3.91346
11,0.748348,0.0763943,3.91612
11,1.07515,0.0834754,3.8979
11,0.938505,0.107169,3.94214
11,2.29763,-0.910057,3.70044
11,1.47137,0.12333,3.88568
11,1.2248,0.0971353,3.92984
11,2.30528,-0.661894,3.75359
11,1.02555,0.106355,4.00515
11,1.0239,0.106974,4.00704
11,1.136,0.0673894,4.02059
11,2.28421,-0.0821822,3.91454
11,1.63692,0.0877498,4.04767
11,1.62284,0.0994685,4.05068
11,1.60463,0.091694,4.06621
11,2.33059,-0.0705335,3.98379
11,1.67976,0.100786,4.10439
11,1.69653,0.101405,4.1365
11,2.03857,-0.95301,4.0394
11,2.05719,-1.16079,4.09198
11,2.05284,-0.960351,4.12546
11,2.04321,-0.236987,4.17283
11,2.05857,-0.234013,4.17959
11,2.05945,-1.15836,4.14044
11,0.436003,-1.92747,4.36669
11,1.94033,-1.16715,4.21034
11,2.09391,-0.975271,4.20678
11,1.96295,-0.804114,4.27135
11,1.95786,-1.1776,4.26569
11,1.97927,-1.18727,4.29769
11,1.94981,-0.562614,4.36811
11,1.95729,-1.29396,4.33427
11,1.81203,-0.855329,4.37769
11,1.9943,-1.28189,4.34018
11,2.01789,-0.612052,4.3926
11,1.97183,-0.410827,4.41305
11,1.91622,-0.0802125,4.43825
11,2.00535,-1.21652,4.38606
11,2.15772,-0.25966,4.42011
11,0.409109,-1.47046,4.63362
11,1.67537,-0.779422,4.49244
11,1.88086,-0.122591,4.50787
11,2.22044,-1.02498,4.43465
11,1.95204,-0.0673748,4.53178
11,1.97613,-0.0753258,4.5379
11,1.97404,-0.0710569,4.55514
11,1.8166,-0.141642,4.60626
11,1.91845,-0.119324,4.59359
11,1.91294,-0.137109,4.61034
11,1.67529,-0.176681,4.77135
11,1.77691,-0.134291,4.78322
11,1.76947,-0.1561,4.78585
11,0.834211,-1.53225,4.85336
11,1.45015,-2.24424,4.76893
11,1.47432,-2.25467,4.78638
11,1.23444,-2.1364,4.8421
11,1.78071,-0.144673,4.86333
11,1.33808,-2.33366,4.91743
11,1.43666,-1.51477,5.09579
11,1.4625,-1.49408,5.09982
11,1.23648,-0.498225,5.80171
11,0.221974,0.364233,3.07916
10,0.221974,0.364233,3.07916
11,1.89238,-1.13793,4.14041
10,1.89238,-1.13793,4.14041
11,0.793461,0.0551842,3.78219
10,0.793461,0.0551842,3.78219
11,0.794059,-1.78147,4.88258
10,0.794059,-1.78147,4.88258
11,0.819906,0.0589798,3.90818
10,0.819906,0.0589798,3.90818
11,1.49032,0.447796,3.15217
10,1.49032,0.447796,3.15217
11,-0.0663834,0.757417,3.31048
10,-0.0663834,0.757417,3.31048
12,0.982107,0.470993,2.58436
12,0.601048,0.50349,2.73372
12,0.642196,0.524364,2.75681
12,1.35328,0.618115,2.59233
12,1.23017,0.538545,2.64166
12,1.40749,0.601886,2.61686
12,2.57744,0.424638,2.58883
12,1.02406,0.285415,3.00682
12,1.03641,0.293236,3.02953
12,1.50743,0.385096,3.00864
12,1.62953,0.374,3.01089
12,1.63112,0.406892,3.01931
12,2.73696,-0.461071,2.61908
12,1.17757,0.333769,3.15056
12,1.16176,0.344153,3.15675
12,1.52974,0.324327,3.11721
12,2.69896,0.082318,2.81424
12,2.6905,0.426184,2.88053
12,2.66293,0.42179,2.89309
12,2.83525,-1.71802,2.5541
12,2.74741,-0.588869,2.74973
12,2.80882,-0.954307,2.68539
12,2.786,-1.74336,2.60597
12,2.78549,-0.161226,2.82499
12,2.67472,0.205383,2.91918
12,2.68695,0.20628,2.92839
12,1.4523,0.313213,3.28147
12,2.79762,-0.376608,2.86752
12,2.76853,-0.147613,2.92449
12,2.78695,-1.14961,2.80768
12,2.65337,-1.80328,2.77044
12,1.33098,0.261508,3.39748
12,2.79954,-0.146559,2.98077
12,1.42867,0.246268,3.46399
12,1.48039,0.273298,3.45784
12,2.52576,-1.88686,2.89602
12,1.29726,0.20383,3.51168
12,1.43738,0.244735,3.48224
12,0.605121,0.107884,3.69119
12,2.60945,-1.67891,2.9349
12,2.54466,-1.05859,3.03871
12,1.53215,0.258072,3.51137
12,2.51089,-0.609122,3.13986
12,2.11108,-1.01706,3.18907
12,2.10351,-1.01812,3.19355
12,2.81702,0.0641048,3.17493
12,2.45038,0.0963339,3.29022
12,2.53047,-0.741906,3.16118
12,2.58573,-1.09547,3.10104
12,2.77908,0.0305845,3.21782
12,2.26613,-0.847938,3.24269
12,2.674,0.150435,3.27983
12,2.68537,0.164693,3.28285
12,2.58095,0.188708,3.31898
12,2.18293,-1.23734,3.23757
12,2.54948,-0.742205,3.21228
12,2.22014,-1.46779,3.20242
12,2.55162,-0.55225,3.27562
12,0.688595,0.115881,3.84764
12,2.73618,0.293967,3.34916
12,2.48172,-0.683465,3.28957
12,2.20322,-1.00551,3.33656
12,2.55275,-0.517012,3.32352
12,2.30763,-1.88745,3.20405
12,2.24566,-1.27307,3.31062
12,2.57163,-0.527703,3.34431
12,2.24939,-1.25465,3.3547
12,1.24652,0.0637732,3.7961
12,2.25282,-1.25982,3.36045
12,2.22802,-1.01254,3.40639
12,0.853024,0.105096,3.92397
12,1.34865,0.109592,3.80791
12,2.68842,-1.45355,3.24989
12,2.28831,-0.269603,3.5214
12,1.16922,0.120439,3.87541
12,2.56641,-0.705785,3.41901
12,1.32289,0.0586989,3.85149
12,1.13787,0.10297,3.90596
12,2.3064,-0.554833,3.51538
12,1.89789,-1.22239,3.53716
12,2.3129,-0.1787,3.57989
12,2.37587,-1.96697,3.32531
12,0.801235,0.10512,4.01772
12,1.27949,0.0684652,3.91452
12,1.31576,0.0674263,3.911
12,2.64301,-0.303506,3.52243
12,1.95013,-0.22584,3.71665
12,1.94832,-1.3172,3.57479
12,2.28649,-0.877286,3.54982
12,1.32062,0.0581953,3.9309
12,1.38752,0.109265,3.95631
12,1.48646,0.137417,3.95112
12,2.36126,-0.123952,3.70297
12,2.35776,-0.129587,3.71605
12,2.3439,-0.186451,3.71279
12,2.34249,-0.891719,3.61803
12,2.3588,-0.345698,3.69305
12,2.32094,-0.312326,3.72975
12,2.36157,-0.262344,3.73587
12,2.65507,0.0683206,3.70721
12,2.256,-0.464731,3.74222
12,2.65838,-0.209669,3.67389
12,2.3713,-0.891944,3.66664
12,2.37415,-0.266569,3.75924
12,2.23728,-0.470681,3.78739
12,2.36098,-0.391617,3.76964
12,2.2978,-0.283219,3.82436
12,2.32623,-0.091289,3.85238
12,2.34207,-0.447189,3.80651
12,1.58287,0.132646,4.10908
12,0.656866,-1.4162,4.15572
12,2.34003,-0.530224,3.84674
12,1.94763,-0.30651,3.97981
12,2.37311,-0.672752,3.83635
12,2.33521,-0.0886221,3.95237
12,1.99218,-2.2281,3.75368
12,2.00895,-2.28518,3.75887
12,2.44691,-0.510162,3.89129
12,2.16909,-2.30925,3.71949
12,2.01697,-0.86003,3.95903
12,2.01752,-0.942702,3.94885
12,2.41217,-0.577464,3.89837
12,2.33537,-0.007572,3.99666
12,2.02556,-0.973701,3.96478
12,2.4261,-0.201521,3.97809
12,2.02292,-0.86567,3.99304
12,2.00534,-1.11898,3.97208
12,2.43749,-0.558585,3.95062
12,2.43184,-0.697661,3.94309
12,2.3537,-0.180157,4.04004
12,2.39472,-0.0938994,4.0764
12,2.04413,-0.895099,4.05882
12,2.04281,-1.14294,4.02959
12,1.89392,-1.22654,4.06118
12,2.05961,-0.919985,4.09471
12,2.05165,-1.15495,4.11506
12,2.07909,-1.04564,4.12667
12,1.75343,0.0980998,4.38528
12,2.25459,-2.36018,3.93511
12,1.95582,-1.18935,4.21044
12,1.70891,-0.135265,4.51255
12,1.98316,-1.1998,4.32896
12,1.86797,-0.709807,4.43322
12,2.09374,-0.207202,4.4696
12,2.04001,-0.212856,4.49818
12,2.00435,-1.17161,4.42953
12,2.13856,-1.01401,4.42599
12,2.16038,-1.02628,4.46172
12,2.02001,-0.588925,4.57329
12,2.02324,-0.483827,4.59735
12,2.10999,-0.551641,4.56569
12,1.193,-2.02576,4.60409
12,2.02481,-0.314011,4.62567
12,1.99475,-0.0808482,4.67769
12,1.95207,-0.11593,4.71887
12,1.67601,-0.952797,4.68969
12,2.10263,-0.2198,4.69712
12,1.67376,-1.17938,4.68529
12,0.850935,-1.9707,4.85481
12,1.36887,-1.45163,4.80836
12,1.65196,-0.873867,4.82963
12,1.37378,-2.03427,4.75179
12,1.36813,-1.45482,4.84437
12,0.877941,-2.129,4.89208
12,2.56749,-0.195105,4.77021
12,1.5118,-2.578,4.91478
12,1.34083,-0.453309,5.31847
12,1.51615,-2.26339,5.08661
12,1.6058,-2.3494,5.26594
12,0.458161,0.411451,2.63638
11,0.458161,0.411451,2.63638
12,1.20492,0.336024,2.77287
11,1.20492,0.336024,2.77287
12,0.860564,0.0596619,2.83901
11,0.860564,0.0596619,2.83901
12,2.02286,-0.324902,4.65831
11,2.02286,-0.324902,4.65831
12,0.445304,0.428412,2.8917
10,0.445304,0.428412,2.8917
12,0.640702,0.466445,2.72905
10,0.640702,0.466445,2.72905
13,2.70096,-0.423905,1.31849
13,2.69929,-0.419102,1.31902
13,2.99228,-0.44244,1.76834
13,2.94083,-0.447456,1.76834
13,1.5312,0.197239,2.27309
13,1.69696,0.291797,2.282
13,1.51723,0.175901,2.28618
13,1.56425,0.21016,2.38769
13,1.61864,0.288627,2.46233
13,1.58625,0.270817,2.49156
13,1.53756,0.245293,2.51663
13,1.63385,0.275961,2.52811
13,1.84075,0.406804,2.55886
13,1.78659,0.38807,2.6561
13,1.41751,0.135752,2.69836
13,3.2392,-0.374781,2.91581
13,3.18678,-0.308874,2.9634
13,1.70015,0.366653,2.83945
13,1.46025,0.212392,2.83832
13,3.27435,-0.36786,3.03801
13,1.69058,0.339405,2.87819
13,1.80536,0.190877,2.91107
13,1.75123,0.249909,2.90548
13,1.87038,0.217863,2.93604
13,1.85912,0.231056,2.96747
13,1.36989,0.147376,2.94391
13,1.7071,0.236289,2.97034
13,3.54442,-1.64477,3.28415
13,1.71119,0.19438,3.00014
13,3.43822,-0.923942,3.24234
13,1.67746,0.208146,3.04999
13,2.87538,-0.433804,3.20473
13,2.24752,-0.453101,3.16583
13,3.46846,-1.06033,3.34284
13,3.46131,-1.05361,3.34628
13,3.49884,-1.4176,3.38139
13,2.88149,-0.42553,3.26165
13,2.88555,-0.441321,3.27539
13,3.54804,-1.32416,3.40249
13,3.46181,-0.654217,3.34573
13,2.23615,-0.338492,3.2273
13,3.52669,-1.30098,3.41401
13,2.50056,-0.278038,3.26187
13,2.90076,-0.43734,3.31031
13,3.44248,-0.760846,3.38348
13,1.34563,0.0859702,3.15115
13,3.43187,-0.766326,3.38678
13,3.29831,-0.526135,3.36631
13,2.26266,-0.400887,3.27819
13,2.55445,-0.241557,3.29669
13,2.99139,-0.562628,3.35827
13,2.95246,-0.583458,3.36137
13,3.48325,-0.661494,3.41382
13,2.55859,-0.204118,3.31124
13,2.55313,-0.201292,3.3196
13,2.75709,-0.0321711,3.32509
13,2.53319,-0.1163,3.31939
13,2.55508,-0.150709,3.32425
13,2.49101,-0.31991,3.34295
13,2.50121,0.0917439,3.31214
13,2.53266,-0.21098,3.35058
13,2.89276,-0.469037,3.40124
13,2.99601,-1.04466,3.46123
13,2.63585,-0.497433,3.40183
13,2.49293,-0.0365925,3.36145
13,3.00608,-1.02426,3.48485
13,2.94038,-0.676333,3.45206
13,3.11285,-1.77384,3.56017
13,2.52762,-0.214031,3.40397
13,2.94976,-0.668258,3.47726
13,1.52914,0.25971,3.29144
13,2.88902,-0.101875,3.43219
13,2.47805,0.0200146,3.39431
13,1.93368,-0.71865,3.4127
13,2.13919,-0.104579,3.38713
13,2.61746,-0.559222,3.46548
13,2.63855,-0.556906,3.46881
13,2.61487,-0.600743,3.50486
13,2.69165,-0.61377,3.51819
13,2.59005,-0.442226,3.50706
13,2.46903,0.0271438,3.46154
13,2.55106,-0.156498,3.48468
13,2.98958,-1.01468,3.58851
13,2.45376,0.0740479,3.47065
13,2.79842,0.124549,3.49774
13,2.75374,-0.85506,3.58524
13,2.82998,-0.533248,3.56694
13,2.71795,-0.696715,3.58287
13,2.48778,-0.23045,3.5435
13,2.11248,-0.0829458,3.51259
13,2.26123,-1.51618,3.65115
13,2.44856,0.050675,3.54578
13,2.73047,-0.651621,3.62654
13,2.18889,-0.191591,3.55049
13,2.60296,-0.576822,3.6215
13,2.91241,-0.797753,3.66458
13,2.3113,-1.79576,3.71633
13,2.62247,-1.08463,3.70349
13,2.56262,-0.468124,3.65076
13,2.62109,-1.07424,3.72907
13,2.77464,-0.634986,3.71834
13,2.21518,-1.22808,3.74517
13,2.6954,-0.11161,3.72298
13,2.88165,-0.680393,3.80263
13,2.09656,-0.0453303,3.70377
13,2.5181,-0.487895,3.77585
13,2.69445,-0.0500643,3.75705
13,2.60265,-1.11746,3.8599
13,2.68623,-0.0486844,3.7831
13,2.67593,0.0374708,3.78048
13,2.17661,-0.155562,3.7577
13,2.60758,-1.12192,3.87471
13,2.80506,-0.58279,3.88332
13,2.70772,-1.78313,3.97303
13,2.53347,-0.748673,3.87634
13,2.53862,-0.75285,3.87716
13,1.71425,-0.367434,3.78763
13,2.52142,-0.446046,3.87446
13,2.7951,-0.440383,3.90058
13,2.60386,-1.14204,3.94748
13,1.92711,0.507016,3.76478
13,2.53927,-0.371166,3.88942
13,2.81502,-0.497056,3.92236
13,2.84984,-0.481241,3.92719
13,2.49003,-0.491468,3.90259
13,2.48999,-0.486042,3.90999
13,2.71861,0.00930899,3.88983
13,2.87259,-0.429515,3.94907
13,2.49155,-0.228664,3.90853
13,2.73587,0.0397561,3.91354
13,2.50212,-0.52124,3.9413
13,2.54639,-0.760055,3.96448
13,2.70508,0.357222,3.89277
13,2.90336,-0.582288,3.98417
13,2.48637,-0.492487,3.96423
13,2.79992,-0.107309,3.96857
13,2.75113,0.0395321,3.97065
13,2.7788,-0.103463,3.99174
13,2.43932,0.155765,3.95869
13,2.51149,-0.534352,4.0208
13,2.50679,-0.0733471,3.9841
13,2.82624,-0.0588799,4.00942
13,2.43865,-0.673772,4.03114
13,1.73588,-0.148676,3.94032
13,2.77723,-0.036602,4.02136
13,2.78975,-0.0375224,4.03933
13,2.77208,0.139856,4.02441
13,2.43452,-0.665168,4.07371
13,2.67676,0.2243,4.03214
13,2.52903,-0.368618,4.07712
13,1.68673,-0.232073,4.00326
13,1.69766,-0.137145,4.03323
13,2.46833,-0.668072,4.13867
13,2.45805,0.351719,4.06423
13,2.4621,0.0865441,4.09112
13,2.04735,0.0317785,4.07358
13,2.88532,-0.0719717,4.15386
13,2.43971,-0.67079,4.17251
13,2.78689,0.337453,4.13879
13,1.68601,-0.102323,4.09366
13,2.2312,0.240039,4.11466
13,2.0134,-2.13559,4.29413
13,2.22638,0.239321,4.13538
13,2.47485,-0.230723,4.22221
13,1.99977,0.159747,4.1543
13,2.44161,-0.416304,4.24213
13,2.43644,0.158437,4.19752
13,2.75542,0.307558,4.22248
13,2.48177,-0.0774764,4.27142
13,2.4384,-0.111545,4.28709
13,2.05862,-0.568942,4.30779
13,2.03519,-0.319057,4.29936
13,2.41929,-0.277701,4.33107
13,2.02001,0.0956951,4.27429
13,2.43962,-0.207239,4.33873
13,2.43443,-0.098909,4.35542
13,2.49444,0.072892,4.35313
13,2.50925,0.0790908,4.3795
13,2.07204,-0.319462,4.39432
13,2.05828,-0.320436,4.39831
13,1.97981,0.0438351,4.38139
13,1.98061,0.0317289,4.391
13,1.20451,0.0380728,4.34234
13,2.1982,0.197595,4.41904
13,2.20035,0.203845,4.421
13,1.48029,-1.10321,4.48629
13,1.9704,0.109244,4.43408
13,2.30285,-0.00159061,4.51197
13,2.34541,-0.415515,4.59472
13,2.30391,0.167426,4.646
13,1.4875,-0.642087,4.7341
13,2.00253,-0.0538394,4.73434
13,1.53007,-0.652857,4.81545
13,1.42001,0.198297,4.86351
13,1.42629,-0.195813,4.9067
13,1.37898,0.197385,4.87707
13,0.414929,-2.93814,6.81179
13,2.06825,0.0157955,4.72849
12,2.06825,0.0157955,4.72849
14,1.9813,-0.442987,0.352736
14,1.95487,-0.450846,0.385242
14,2.39279,-0.32811,0.66158
14,2.43537,-0.326494,0.671423
14,2.39035,-0.33433,0.692335
14,2.38953,-0.342364,0.696837
14,2.38727,-0.350358,0.706573
14,2.31889,-0.376321,0.735536
14,2.38078,-0.346957,0.711954
14,2.36911,-0.323334,0.720823
14,2.30376,-0.386064,0.756619
14,2.36437,-0.312307,0.730817
14,2.35721,-0.323544,0.736253
14,2.37216,-0.316774,0.742947
14,2.27108,-0.356555,0.791619
14,2.27176,-0.359825,0.7921
14,2.29218,-0.373612,0.791674
14,2.37335,-0.353627,0.761397
14,2.37443,-0.332153,0.759647
14,2.26497,-0.331474,0.797469
14,2.27867,-0.383925,0.799647
14,2.62619,0.0766909,0.624291
14,2.37317,-0.34065,0.763888
14,2.25824,-0.341838,0.807164
14,2.25616,-0.334905,0.808846
14,2.35921,-0.132144,0.751928
14,2.26133,-0.368628,0.816872
14,2.26103,-0.342178,0.823766
14,2.26616,-0.364485,0.824942
14,2.26392,-0.365953,0.82677
14,2.40255,-0.35544,0.802041
14,2.64197,-0.0341874,0.956812
14,2.59104,-0.387975,1.11337
14,2.71725,-0.354125,1.07318
14,2.60196,-0.380928,1.12813
14,2.70197,-0.371167,1.09913
14,2.69558,-0.37427,1.10653
14,1.633,0.376952,2.31488
14,4.1562,0.101619,1.88328
14,1.76193,0.227259,2.73986
14,4.08591,0.140493,1.99277
14,3.32024,-0.546107,2.48878
14,3.36282,-1.00914,2.53847
14,3.37053,-0.777538,2.52556
14,3.37691,-1.04105,2.55685
14,3.00216,-0.581255,2.90377
14,3.03211,-0.565924,2.89347
14,2.93615,-0.434585,2.94817
14,3.02499,-0.572213,2.94686
14,2.86348,-0.239692,2.99217
14,2.85051,-0.420564,3.04929
14,2.82916,-0.603805,3.08195
14,2.83025,-0.423692,3.07517
14,2.72533,-0.368828,3.1403
14,2.73616,-0.384147,3.13964
14,2.57755,-0.671174,3.23619
14,2.67797,-0.341184,3.20482
14,2.61042,-0.969133,3.31064
14,2.63486,-0.347057,3.23874
14,2.50454,-0.77381,3.3619
14,2.57137,-0.494245,3.32323
14,2.54206,-0.31925,3.44064
14,2.50782,0.0673599,3.41137
14,2.43823,0.244151,3.41528
14,2.57035,-0.0647113,3.43625
14,2.59431,0.0119183,3.42908
14,2.43716,0.243884,3.46017
14,2.48975,0.0343224,3.47172
14,2.48255,0.0539368,3.49423
14,2.44656,0.0108136,3.58698
14,2.63635,-0.353033,3.19651
13,2.63635,-0.353033,3.19651
14,1.60817,-0.134399,3.83219
12,1.60817,-0.134399,3.83219
15,0.0163249,-0.357423,5.05877
15,0.556912,-0.397108,4.50386
15,0.0300374,-0.369239,5.13062
15,-0.235819,0.095326,3.77556
15,0.56176,-0.397168,4.52703
15,0.0919838,0.311246,3.42275
15,-0.0614531,-0.1136,4.70431
15,-0.0610912,-0.127677,4.67662
15,0.152681,0.510311,2.87271
15,0.144348,0.494677,2.8872
15,0.0945099,0.323764,3.38439
15,0.0952315,0.315484,3.41023
15,0.0984749,0.403028,3.16862
15,0.0792129,0.366391,3.19764
15,0.147329,0.429795,3.14517
15,0.117808,0.420696,3.15129
15,0.143791,0.529041,2.87606
15,0.173023,0.507788,2.91016
15,0.184028,0.442493,3.09526
15,0.154372,0.460881,3.08769
15,0.113002,0.470245,3.02272
15,0.135787,0.45411,3.10797
15,0.251061,0.54538,2.96488
15,0.231765,0.515999,2.95722
15,0.227353,0.470215,3.02253
15,0.250827,0.449536,3.07667
15,0.0979481,0.236011,3.50751
15,0.119969,0.213721,3.50468
15,0.0988178,0.215793,3.53865
15,0.052018,0.32496,3.39689
15,0.0527349,0.307723,3.4437
15,-0.0226231,0.309724,3.34797
15,-0.0123729,0.285103,3.43282
15,-0.00145395,0.348798,3.22138
15,-0.0118279,0.324278,3.2816
15,-0.0127472,0.237972,3.53665
15,-0.0667392,0.275307,3.44567
15,-0.067676,0.246121,3.49403
15,-0.0499264,0.136665,3.82194
15,-0.0627947,0.0896306,3.87237
15,-0.0137745,0.136656,3.82168
15,-0.0138725,0.113357,3.84885
15,-0.277873,0.130529,3.65035
15,-0.0590438,0.187598,3.64106
15,0.00936514,0.276972,3.46651
15,0.0437255,0.207935,3.59571
15,-0.193068,0.111717,3.79319
15,-0.240543,0.0876653,3.78747
15,-0.149521,0.185903,3.60817
15,-0.122341,0.100606,3.82544
15,-0.145434,0.111875,3.79856
15,-0.193719,-0.0501156,4.34419
15,-0.129944,-0.137273,4.50757
15,-0.180027,-0.104907,4.34431
15,0.0297997,0.337348,3.30831
15,-0.00140151,0.414547,3.10523
15,-0.0313948,0.362986,3.16792
15,0.0471426,0.430392,3.07851
15,0.047927,0.398082,3.12973
15,0.0283597,0.390536,3.14845
15,-0.149523,0.410703,2.93767
15,-0.141289,0.376391,2.9592
15,0.925341,-0.5037,4.02823
15,0.929007,-0.57432,3.98943
15,0.562539,-0.342515,4.59164
15,0.559315,-0.398129,4.56533
15,0.154217,0.170736,3.52981
15,0.0969901,0.277506,3.4732
15,0.160623,0.219916,3.42897
15,0.170129,0.239699,3.40286
15,0.251352,0.223687,3.48778
15,0.0827863,0.470545,2.96456
15,0.0843811,0.451028,3.02168
15,0.184288,0.48577,2.94354
15,0.107104,0.517967,2.86496
15,0.0799786,0.526827,2.86402
15,0.202144,0.511825,2.9333
15,0.121779,0.35271,3.25752
15,0.128244,0.284907,3.43045
15,0.0765662,0.43211,3.0908
15,0.119281,0.395774,3.19068
15,0.197635,0.359922,3.32412
15,0.207423,0.17975,3.48876
15,0.946303,-0.199911,3.80604
15,0.981343,-0.208061,4.21418
15,-0.106013,0.383797,3.01742
15,0.00735554,0.535156,2.72263
15,0.0541341,0.474538,2.93149
15,-0.207074,0.0524371,3.83106
15,0.0104975,0.0776871,3.88566
15,-0.111458,0.256485,3.48516
15,-0.192505,0.239645,3.56151
15,-0.25082,0.23129,3.43734
15,0.0296009,-0.361217,5.05606
15,-0.033983,-0.406858,5.02908
15,-0.219172,-0.38213,4.91497
15,-0.183805,0.431984,2.89409
15,0.907,-0.496053,4.17776
15,0.487796,0.224471,3.88166
15,0.332004,0.520618,2.92037
15,0.322463,0.523065,2.93409
15,-0.481096,0.460543,2.96036
15,-0.248373,-0.0448771,4.11504
15,-0.284444,-0.0615132,4.18765
15,-0.181392,0.127686,3.70137
15,-0.207676,0.126634,3.67089
15,-0.192394,-0.046396,4.25431
15,-0.164463,-0.0972042,4.3675
15,-0.122284,-0.121049,4.64861
15,-0.137295,-0.118819,4.56296
15,0.0129066,0.346484,3.25692
15,0.0256674,0.327428,3.31348
15,0.0699586,0.440959,3.05755
15,0.0463668,0.436673,3.02784
15,0.200848,0.524368,2.9414
15,0.17833,0.512491,2.93712
15,0.57482,-0.960343,4.46221
15,0.544565,-0.966574,4.49116
15,-0.682964,0.032905,4.1069
15,-0.63715,-0.0137284,4.11208
15,-0.525024,-0.0459242,4.21105
15,-0.556061,-0.0617648,4.20479
15,-0.392858,-0.0926132,4.16122
15,-0.357544,-0.112094,4.30472
15,-0.271367,0.436291,2.87437
15,-0.143963,0.379203,2.93761
15,-0.186333,0.385991,2.90505
15,-0.200961,0.243498,3.55219
15,-0.214441,0.241827,3.34327
15,-0.119625,0.25545,3.53161
15,-0.150014,0.193364,3.62005
15,-0.0556251,-0.393409,4.97927
15,-0.0367726,-0.430932,4.97748
15,0.0483872,0.395925,3.15977
15,0.0245393,0.396936,3.16784
15,0.109084,0.411354,3.18668
15,0.123969,0.359266,3.26108
15,0.0764291,0.532681,2.86636
15,0.10996,0.526605,2.89256
15,0.0787945,0.470903,2.95508
15,0.130185,0.460973,3.11461
15,0.148687,0.17655,3.55726
15,0.0968534,0.152791,3.63235
15,0.165878,0.243052,3.36022
15,0.237375,0.225146,3.47634
15,0.228101,0.479218,3.00726
15,0.242559,0.450809,3.04594
15,0.330401,0.221449,3.6314
15,0.26718,0.201479,3.52247
15,0.948503,-0.541974,4.10651
15,0.947075,-0.587699,4.10033
15,0.938771,-0.198102,4.06438
15,0.994602,-0.255,4.52864
15,0.963247,-0.807945,4.03805
15,0.926385,-0.815846,4.07754
15,-0.0128941,0.245232,3.57749
15,-0.0660886,0.255109,3.52691
15,-0.0546488,0.19519,3.65425
15,-0.0111074,0.42113,3.08176
15,-0.0582525,0.413054,3.10873
15,-0.0355463,0.362584,3.18193
15,-0.0118069,0.323708,3.27584
15,0.0451168,0.46949,2.94621
15,0.191225,0.49488,2.96476
15,0.189398,0.449881,3.11942
15,0.152963,0.4586,3.09859
15,0.0526911,0.300957,3.44083
15,0.0139103,0.280463,3.51021
15,0.201463,0.365551,3.31813
15,0.0903365,0.30915,3.38795
15,0.237242,0.519829,2.97917
15,0.109031,0.218372,3.58094
15,0.200571,0.174848,3.52296
15,0.900293,-0.487371,4.17109
15,0.94574,-0.633346,4.09455
15,-0.101566,0.375713,2.99846
15,-0.487837,0.511867,2.93354
15,-0.296161,0.488622,2.80032
15,-0.226475,0.0584566,3.75223
15,-0.0966764,0.168496,3.67514
15,0.0417512,0.220822,3.62113
15,0.000686777,0.088665,3.83065
15,-0.0135485,0.129675,3.75905
15,-0.455901,-0.0138945,4.16183
15,-0.437805,-0.0608075,4.13962
15,0.0386648,-0.356595,4.99136
15,-0.219757,-0.383937,4.85939
15,-0.0719887,-0.107136,4.81373
15,-0.506287,0.381479,3.04448
15,-0.154716,0.411585,2.93077
15,0.962245,-0.868153,4.03385
15,0.480682,0.219889,3.84434
15,0.593395,-0.392917,4.74578
15,0.210119,-0.486299,4.60972
15,-0.854999,-0.686511,5.51805
15,-0.199739,0.233111,3.43861
15,-0.201581,0.219504,3.47032
15,-0.148854,0.1004,3.72823
15,-0.167308,0.0842423,3.76257
15,0.174518,0.232531,3.43007
15,0.175077,0.217653,3.44106
15,-0.578042,0.474264,2.90714
15,-0.604837,0.487783,2.90905
15,0.239204,0.21915,3.46472
15,0.222265,0.233611,3.44599
15,0.515725,0.218154,4.02712
15,0.49623,0.217623,4.01732
15,0.594005,-1.0123,4.63838
15,0.582657,-1.02946,4.717
15,0.949805,-0.557733,4.08538
15,0.948338,-0.593911,4.07907
15,-0.544864,0.571458,2.74028
15,-0.552029,0.528553,2.77632
15,-0.45387,0.55425,2.71692
15,-0.496025,0.560063,2.74541
15,-0.498162,0.513563,2.98205
15,-0.535089,0.496599,2.96163
15,-0.502435,0.436035,3.00763
15,-0.540777,0.43393,2.99311
15,-0.678912,0.035637,4.06404
15,-0.675285,-0.0196131,4.04234
15,-0.412696,0.585346,2.68976
15,-0.414235,0.550756,2.69979
15,-0.0938177,0.371901,3.04152
15,-0.131993,0.376435,2.96837
15,-0.0180999,-0.411977,5.02189
15,-0.0631641,-0.408502,4.97954
15,-0.0388907,0.38881,3.06596
15,-0.039451,0.352049,3.11013
15,-0.0121072,0.319239,3.35923
15,-0.0124881,0.266356,3.4649
15,0.0183677,0.333973,3.35403
15,0.0501808,0.296302,3.44725
15,0.04342,0.45952,2.9828
15,0.0580123,0.426611,3.03776
15,0.146256,0.157776,3.49908
15,0.100771,0.145021,3.5763
15,0.0867447,0.404378,3.0785
15,0.138555,0.360172,3.31484
15,0.308703,0.207847,3.54014
15,0.272584,0.189019,3.48928
15,0.237235,0.481627,3.03679
15,0.239046,0.443624,3.05998
15,0.594021,-0.359466,4.63851
15,0.593126,-0.415719,4.80175
15,0.919434,-0.198744,3.95475
15,1.01376,-0.274831,4.63184
15,0.980206,-0.924499,3.91066
15,0.978584,-1.04831,3.97621
15,-0.84214,0.053907,4.0504
15,-0.787858,-0.00126384,4.05496
15,-0.850019,0.0172877,4.08829
15,0.912664,-0.512478,4.16993
15,-0.540353,0.503344,2.84764
15,-0.572768,0.510592,2.81631
15,-0.520675,0.371025,3.03435
15,-0.446129,-0.0200369,4.12967
15,-0.335592,-0.114455,4.15396
15,-0.30507,0.199303,3.39461
15,-0.299624,0.158332,3.5114
15,-0.219533,0.0502997,3.77937
15,-0.18561,-0.058156,4.17415
15,-0.0448974,0.602737,2.60653
15,0.0025635,0.53381,2.73863
15,0.262593,0.614101,2.60454
15,0.182665,0.607877,2.48253
15,0.970479,-0.822051,4.0174
15,0.936966,-0.822425,4.11043
15,-0.422497,0.642739,2.6745
15,-0.642609,-0.0197369,4.06785
15,-0.558591,-0.0762812,4.12941
15,-0.640783,-0.0749306,4.05629
15,-0.252659,0.458648,2.81142
15,-0.286876,0.464807,2.77203
15,-0.268212,0.42477,2.84096
15,-0.184746,0.374096,2.94992
15,0.0971048,0.296209,3.44617
15,0.970346,-0.858414,4.01685
15,0.0428363,0.480065,2.9427
15,-0.0109349,0.412302,3.03396
15,0.0519794,0.209648,3.57081
15,-0.0596859,0.250637,3.46508
15,0.00350548,0.134862,3.74509
15,-0.0668661,0.0869146,3.88193
15,0.208058,0.518995,3.0136
15,0.123045,0.520338,2.94379
15,0.184865,0.432988,3.08317
15,0.0982595,0.46267,3.00325
15,0.333044,0.514391,2.91014
15,0.247941,0.543806,2.99951
15,0.90702,-0.48167,4.23193
15,-0.122228,0.249845,3.45413
15,-0.196298,0.115366,3.6659
15,-0.686148,-0.110176,3.99868
15,-0.825323,-0.0381147,4.05813
15,0.0169665,0.378828,3.09816
15,0.114736,0.205891,3.50683
15,-0.585272,0.453467,2.9435
15,-0.215409,-0.375414,4.84431
15,0.0036842,0.0702555,3.93604
15,-0.474075,0.489574,3.00099
15,-0.157518,0.413117,2.94167
15,0.989676,-0.543586,3.62053
15,0.681224,-1.14236,3.92714
15,0.613708,-1.1637,4.19704
15,0.213276,-0.502959,4.60257
15,0.176398,-1.24823,4.73449
15,-0.827969,-0.687698,5.39631
15,1.20057,-0.0392933,4.18358
15,-0.00812345,0.420396,3.01298
15,-0.0420044,0.397497,3.0902
15,-0.0281231,0.256038,3.45304
15,-0.0654742,0.254965,3.43858
15,0.159287,0.161241,3.43746
15,0.122835,0.200337,3.46582
15,0.135679,0.37258,3.31812
15,0.101081,0.341692,3.37008
15,0.118863,0.516453,2.90688
15,0.072068,0.457661,2.93612
15,0.917277,-0.51989,4.26173
15,0.945071,-0.586775,4.08096
15,-0.64835,-0.0745302,4.03461
15,-0.674031,-0.115365,3.92807
15,-0.182377,0.422184,2.91209
15,-0.15179,0.377435,2.93423
15,-0.183067,0.376005,2.92312
15,-0.189713,0.132061,3.66732
15,-0.230134,0.0922839,3.67465
15,-0.0101826,0.136,3.77671
15,-0.0106055,0.0773545,3.93354
15,-0.073327,0.0967125,3.85099
15,-0.831388,-0.030833,4.06978
15,-0.0919566,0.37837,3.07161
15,-0.120654,0.25282,3.40965
15,0.0413903,-0.368231,5.04732
15,-0.0411957,-0.424135,5.05812
15,-0.0484996,0.59131,2.54711
15,0.00771312,0.543732,2.80259
15,0.244745,0.609718,2.56618
15,0.184052,0.621577,2.50138
15,0.961181,-0.848182,4.05512
15,0.98143,-0.935824,3.95857
15,1.19597,-0.0316745,4.1808
15,1.14989,-0.142674,4.09774
15,1.31669,-0.42277,3.80552
15,1.22676,-0.572955,3.98484
15,1.32089,-0.330511,3.70111
15,-0.63874,0.498588,2.8951
15,-0.419105,0.567871,2.69957
15,-0.40647,0.555999,2.71341
15,-0.461346,-0.00879121,4.13162
15,-0.615125,-0.0311097,4.1063
15,-0.0434193,0.358676,3.19429
15,0.0236852,0.481675,2.88827
15,0.0838349,0.290472,3.41552
15,0.177518,0.235495,3.42787
15,0.322833,0.513403,2.88971
15,0.236166,0.498368,2.98837
15,0.22398,0.441313,3.04403
15,-0.236482,0.0536839,3.77601
15,-0.116577,-0.113872,4.76032
15,-0.18874,-0.0531135,4.078
15,-0.698516,0.0356959,4.07076
15,-0.781722,-0.0526481,4.04228
15,-0.472989,0.490863,2.94336
15,-0.539889,0.51038,2.87269
15,-0.493544,0.430661,2.97056
15,-0.549759,0.440024,2.92521
15,-0.21384,0.215972,3.41448
15,-0.152912,0.114445,3.7447
15,0.202249,0.5274,2.96849
15,0.179838,0.438409,3.14209
15,0.0928353,0.414998,3.09516
15,-0.45461,0.575581,2.73622
15,-0.508856,0.586558,2.78841
15,-0.46012,0.567468,2.76938
15,-0.561313,0.547695,2.82301
15,-0.254049,-0.38504,4.91097
15,-0.0324747,0.671781,2.38912
15,-0.429025,0.648879,2.66978
15,-0.611605,0.657512,2.7053
15,-0.645156,0.522555,2.85371
15,-0.318097,0.192905,3.33725
15,-0.966999,0.0784438,3.98892
15,-0.517718,0.371658,3.01712
15,1.31243,-0.698406,3.62209
15,1.32078,-0.814396,3.70079
15,0.90339,-0.199584,3.90097
15,1.32222,-0.479458,3.76226
15,0.231178,0.535656,2.92525
15,1.28936,-0.113004,3.84769
15,0.295569,0.202244,3.49882
15,0.506426,0.238741,4.13022
15,0.59816,-0.409062,4.87837
15,0.218859,-0.498967,4.72303
15,-1.01121,0.0981401,3.90783
15,-0.29968,0.485909,2.82148
15,-0.0302513,0.747044,2.22555
15,-0.814465,-0.668569,5.2462
15,0.721684,0.744519,1.99173
15,-0.476948,0.491443,2.90883
15,-0.549139,0.431342,2.88842
15,-0.520969,0.376382,3.05547
15,0.0757794,0.460773,2.95608
15,0.187092,0.437085,3.20775
15,0.0820716,0.415307,3.20153
15,0.178339,0.244089,3.44372
15,0.0876662,0.287108,3.41978
15,-0.25892,0.420061,2.81287
15,-0.0316512,-1.47127,4.48646
15,-0.0344285,0.593524,2.53287
15,0.0167666,0.543278,2.7846
15,-0.0299894,0.74779,2.20629
15,-0.0315067,0.649235,2.31792
15,0.555007,-1.52313,3.87255
15,0.963777,-1.35579,3.69261
15,1.03955,-1.79377,4.08528
15,1.29405,-0.867508,3.47726
15,1.30029,-1.03624,3.43371
15,1.25949,0.124861,3.2695
15,1.3344,-1.22835,3.40615
15,1.37746,-1.44723,3.29605
15,1.65348,-0.908362,3.37562
15,-0.001875,0.138563,3.62829
15,-0.123177,0.0931569,3.7094
15,-0.119438,-0.121773,4.47859
15,-0.0359015,-0.437812,5.08897
15,-0.2824,-0.378193,4.75753
15,0.179269,-1.21589,4.63097
15,0.88848,-0.201802,3.78319
15,0.936,-0.516286,4.34872
15,1.29153,-0.673443,3.53255
15,1.20188,-0.567599,3.9179
15,1.27999,-0.772802,3.56473
15,1.72529,-0.499939,3.30186
15,1.66974,-0.753407,3.27758
15,-0.432568,0.661834,2.74772
15,-0.5323,0.546252,2.79985
15,0.293126,0.200573,3.4699
15,0.133785,0.199769,3.45601
15,0.193079,0.612898,2.47731
15,0.215044,0.528528,3.01178
15,0.112067,0.508028,2.89496
15,1.13008,-0.135828,4.02716
15,1.21173,-0.29445,4.03601
15,1.27731,-0.329295,3.55727
15,0.691448,0.716537,1.99843
15,0.840906,0.0295249,1.58944
15,0.841642,0.00874921,1.59083
15,0.790697,-0.0342515,1.6585
15,-0.235042,0.0895766,3.56683
15,-0.242303,0.0442633,3.67703
15,-0.452644,-0.0042081,4.05369
15,0.976331,-0.846896,4.15726
15,-0.0422194,0.402918,3.10603
15,-0.0824719,0.380941,3.09247
15,-0.0241921,0.26548,3.4292
15,-0.0636467,0.368794,3.16168
15,0.222732,0.465845,3.11946
15,0.813737,0.207408,1.68374
15,0.888068,0.552336,1.76587
15,1.25088,0.112308,3.54826
15,0.612168,-1.04585,4.08504
15,0.190988,-1.66012,4.22084
15,1.00212,-1.06126,4.04204
15,0.580871,-0.373274,4.69564
15,0.209674,-0.48954,4.6338
15,0.607784,-1.06514,4.9132
15,-0.690019,-0.0571186,4.04694
15,-0.418053,0.558656,2.77058
15,-0.837841,-0.701433,5.32206
15,-0.793663,-1.65327,5.04144
15,-1.1002,0.0677691,3.9245
15,-0.957316,0.0362328,3.84527
15,-0.25746,0.42135,2.79702
15,-0.231509,0.217418,3.37913
15,-0.30417,0.186689,3.30447
15,-0.270454,0.0333747,3.54196
15,-0.43762,0.00597112,3.78613
15,-0.0655235,-0.408412,4.8205
15,-0.281668,-0.356941,4.64293
15,0.527335,-1.46644,3.67947
15,0.799251,-0.208144,4.57498
15,0.594837,-0.358311,4.66074
15,0.9792,-1.05848,3.99168
15,0.961586,-1.24563,3.79839
15,1.16497,-0.29831,3.88028
15,1.28107,-0.326695,3.52918
15,1.22822,0.129659,3.17754
15,-0.705931,0.672902,2.7489
15,-0.758396,0.602897,2.63161
15,-0.753953,0.488339,2.9359
15,-0.682173,-0.0878585,4.00093
15,0.229026,0.449801,3.14993
15,0.163916,0.397559,3.33354
15,0.0895645,0.27962,3.49383
15,-0.451342,0.635699,2.77479
15,-0.490673,0.478673,2.87778
15,-0.646907,0.499852,2.86975
15,-0.0418933,0.391747,3.08205
15,-0.154081,0.370777,2.91707
15,-0.0712098,0.344019,3.32163
15,1.33712,-1.10252,3.53095
15,1.3493,-1.25431,3.4908
15,-1.55885,-1.49294,4.34465
15,-1.72952,-0.477542,5.15874
15,-1.33048,-1.67779,4.88258
15,-0.026001,-1.51911,4.52409
15,-0.715675,-1.59693,4.86963
15,0.226446,0.668237,2.35281
15,0.196494,0.597111,2.43929
15,1.38731,-0.794809,3.51772
15,-1.20824,0.063724,3.69025
15,-0.783982,0.756528,2.28496
15,1.25852,0.111854,3.3937
15,1.10443,-0.14614,3.88147
15,-0.0298473,0.727023,2.19585
15,0.0279153,0.533013,2.80725
15,-0.411021,0.552949,2.79669
15,0.589053,-1.00274,3.89678
15,0.153438,-1.21525,4.58288
15,0.785734,-0.0364917,1.66176
15,-0.725245,-0.61167,4.93474
15,1.31824,-0.886838,3.55473
15,0.979362,-1.37772,3.75232
15,0.952493,-0.551882,4.45239
15,1.28956,-0.663323,3.55257
15,0.959936,-0.616584,4.18055
15,-0.563534,0.414713,2.90421
15,-1.0176,0.440538,3.26442
15,0.00751047,0.146045,3.57911
16,0.752285,0.740023,1.94885
16,0.723752,0.698813,1.96823
16,0.647145,0.742489,2.05848
16,0.643722,0.6682,2.10157
16,-0.0331775,0.818837,2.07188
16,-0.0372415,0.850427,2.09481
16,-0.518247,0.803359,2.13516
16,-0.519291,0.814576,2.13851
16,-0.0389008,0.758918,2.24556
16,-0.765246,0.692361,2.26025
16,0.25871,0.623488,2.33496
16,-0.0448809,0.67547,2.44018
16,-0.0241044,0.687763,2.44577
16,0.191397,0.649219,2.53385
16,0.169335,0.63585,2.53886
16,0.181852,0.637996,2.56979
16,0.192754,0.638091,2.57066
16,-0.749172,0.58778,2.55114
16,-0.41141,0.632527,2.59435
16,-0.0357842,0.600859,2.62257
16,-0.0551558,0.610322,2.62245
16,0.269593,0.625006,2.63544
16,0.254618,0.611236,2.64187
16,-0.40396,0.605732,2.6199
16,-0.67437,0.588922,2.62816
16,-0.702741,0.622933,2.62362
16,-0.587488,0.635661,2.63358
16,-0.0241304,0.620574,2.65898
16,-0.0534801,0.610041,2.66517
16,-0.669167,0.603167,2.65333
16,-0.602585,0.645861,2.65902
16,-0.39928,0.620375,2.67875
16,-0.468918,0.608601,2.68319
16,-0.449152,0.545161,2.69295
16,-0.300165,0.510507,2.82437
16,-0.577494,0.552483,2.81029
16,-0.582601,0.522004,2.83712
16,0.177335,0.504431,2.88153
16,0.339308,0.508079,2.88792
16,-0.302991,0.482258,2.87309
16,0.180386,0.506366,2.89026
16,0.205568,0.480008,2.91005
16,-0.238823,0.465346,2.89666
16,0.122602,0.527275,2.9372
16,-0.63172,0.49571,2.91602
16,-0.624565,0.453442,2.92325
16,-0.537454,0.428208,2.92928
16,-0.163004,0.451588,2.94198
16,-0.285814,0.44875,2.94153
16,-0.599295,0.462936,2.93654
16,-0.176863,0.431011,2.96631
16,-0.640742,0.449782,2.96058
16,0.215374,0.433215,3.00215
16,-0.272412,0.439885,2.98814
16,-0.49392,0.433716,3.01575
16,-0.665985,0.451979,3.01853
16,0.118674,0.473756,3.0462
16,-0.779452,0.456193,3.03343
16,-0.749302,0.425582,3.04117
16,0.0472548,0.434613,3.0764
16,-0.798452,0.427376,3.04796
16,0.183267,0.422797,3.08478
16,0.0745314,0.434896,3.07964
16,0.129121,0.452657,3.07949
16,0.129801,0.428547,3.09882
16,-0.153336,0.403177,3.09431
16,-0.200965,0.409346,3.12701
16,0.0575134,0.37185,3.14385
16,0.113331,0.390443,3.14661
16,0.0959452,0.358797,3.18349
16,-0.0445992,0.362423,3.19758
16,-0.0357517,0.324776,3.3436
16,0.0238256,0.290021,3.38978
16,-0.0261264,0.290926,3.39342
16,0.328787,0.21253,3.55661
16,0.450432,0.205697,3.60891
16,-0.00505409,0.192167,3.65877
16,-0.0483026,0.193218,3.66731
16,1.4383,0.140811,3.72694
16,0.827749,-0.934197,3.85581
16,-0.0928002,0.153577,3.71652
16,1.04188,-0.578552,3.84503
16,0.0835653,0.15419,3.74414
16,-0.0380336,0.143864,3.74175
16,-0.0492224,0.133555,3.75227
16,-0.115715,0.133959,3.75103
16,0.106248,0.14426,3.76358
16,-0.0179213,0.112816,3.78099
16,-0.0601311,0.079499,3.78721
16,-0.150103,0.113764,3.78128
16,-0.0946728,0.0919671,3.7993
16,-0.117101,0.103462,3.80156
16,-0.0724644,0.0812442,3.81253
16,-0.180849,0.112975,3.81838
16,0.651675,-1.23025,4.04321
16,-0.246487,0.100191,3.86526
16,1.11739,-0.176292,4.03411
16,0.628304,-1.07489,4.15089
16,-0.901575,0.0266524,3.99545
16,0.518358,-1.17303,4.25051
16,0.988427,-0.222542,4.24236
16,-0.461422,-0.0225613,4.17448
16,0.92794,-0.244067,4.25849
16,-0.438313,-0.0595137,4.19265
16,-0.415424,-0.0346136,4.21352
16,-0.64103,-0.0224755,4.20897
16,1.12342,-0.104404,4.29751
16,0.542283,-0.956235,4.3768
16,-0.663875,-0.0760127,4.24216
16,-0.397256,-0.0969574,4.29161
16,-0.372645,-0.0717444,4.30227
16,-0.730376,-0.130503,4.3143
16,-0.349088,-0.110011,4.32855
16,-0.348709,-0.110562,4.35594
16,-0.0414456,-0.11194,4.41658
16,-0.378506,-0.124475,4.44681
16,0.129357,-1.43271,4.61981
16,0.164633,-1.2202,4.71987
16,0.152428,-0.485557,4.8354
16,-1.73461,-0.400333,4.82387
16,-0.116873,-0.397729,5.05302
16,-0.50406,0.447909,3.1056
15,-0.50406,0.447909,3.1056
16,-0.541144,0.763711,2.07514
15,-0.541144,0.763711,2.07514
16,1.36509,-0.705163,3.78429
15,1.36509,-0.705163,3.78429
16,-0.798406,0.66404,2.48072
15,-0.798406,0.66404,2.48072
16,-1.0743,0.280773,2.9312
15,-1.0743,0.280773,2.9312
16,0.71632,0.476503,1.98745
15,0.71632,0.476503,1.98745
17,-0.419023,0.569681,2.74002
17,-0.454282,0.570653,2.73933
17,-0.493246,0.590982,2.75823
17,-0.575594,0.505335,2.85379
17,-0.614801,0.496242,2.86042
17,-0.650461,0.519642,2.87502
17,-0.760312,0.487187,2.93643
17,-0.553964,0.423447,2.9983
17,0.0863066,0.311757,3.37632
17,0.0985373,0.293049,3.37848
17,0.121747,0.280055,3.39795
17,-0.106047,0.281947,3.47494
17,-0.133043,0.282379,3.47364
17,1.272,-0.803502,3.57656
17,0.170351,0.237188,3.50686
17,0.192619,0.236673,3.51807
17,0.104348,0.252087,3.52112
17,0.0936356,0.249367,3.52523
17,0.0938133,0.253349,3.52712
17,-0.1255,0.246685,3.52178
17,0.0209816,0.24351,3.53491
17,0.127188,0.232895,3.54179
17,0.131629,0.234548,3.55275
17,0.306702,0.204434,3.5655
17,0.291551,0.209952,3.57002
17,0.124605,0.21415,3.60778
17,0.443437,0.198945,3.62782
17,0.141595,0.167799,3.67017
17,1.33413,-0.503321,3.7774
17,0.151076,0.181203,3.70838
17,0.104059,0.166245,3.73525
17,-0.00279026,0.144054,3.77685
17,1.18798,-0.565933,3.85812
17,-0.201303,0.14746,3.76973
17,0.0965091,0.133185,3.78721
17,-0.0158998,0.124818,3.78537
17,0.0954132,0.142798,3.80077
17,-0.192704,0.120083,3.79444
17,-0.0140609,0.124777,3.81014
17,-0.163986,0.0926315,3.82696
17,-0.063123,0.0816921,3.83974
17,-0.2459,0.106556,3.84725
17,0.0187683,0.0834039,3.87445
17,-0.124621,0.0651578,3.86789
17,-0.242791,0.0991387,3.87169
17,-0.238692,0.0935506,3.90637
17,-0.205967,0.0439947,3.96753
17,-0.279234,0.0456265,3.9701
17,-0.254329,0.0576146,3.9913
17,-0.27661,0.0594389,4.00773
17,0.567903,-1.30083,4.10361
17,0.58336,-1.57739,4.12196
17,0.963538,-0.21,4.11926
17,-0.719972,-0.000695035,4.15117
17,-0.639578,0.0524977,4.16142
17,-0.64413,-0.0136116,4.18471
17,0.562572,-0.929243,4.27886
17,0.549716,-0.902139,4.27915
17,-0.578538,-0.0411179,4.20135
17,-1.52156,-1.46888,4.25475
17,0.774393,-0.183409,4.42568
17,-0.119283,-0.124993,4.40065
17,0.548819,-0.335139,4.44952
17,0.557325,-0.242298,4.47532
17,0.559209,-0.338931,4.49853
17,0.558633,-0.399395,4.50245
17,-0.0677304,-0.12352,4.4848
17,0.182735,-1.25455,4.6221
17,0.183637,-1.20084,4.62118
17,0.18219,-1.36124,4.63153
17,0.185295,-1.23567,4.64353
17,-1.41507,-1.7543,4.63338
17,0.00233006,-1.47064,4.73827
17,0.22298,-0.511046,4.74185
17,-0.0246811,-0.417085,4.94642
17,-0.0265581,-0.425675,4.98745
17,0.029405,-0.358129,4.99298
17,0.0392635,-0.362318,5.00985
17,-1.35637,-1.71714,4.98583
17,-0.264968,-0.400462,5.12511
17,-0.294935,-0.401343,5.15827
17,-0.258929,-0.403103,5.20222
17,-0.356748,-0.417812,5.23035
17,-0.837211,-1.72469,5.27811
17,-0.0539877,0.21789,3.11656
15,-0.0539877,0.21789,3.11656
17,-0.545439,0.425114,2.75706
15,-0.545439,0.425114,2.75706
17,1.03041,-0.862538,4.32517
15,1.03041,-0.862538,4.32517
17,0.963258,-0.844616,4.22895
15,0.963258,-0.844616,4.22895
17,-0.110976,-0.112192,4.65272
15,-0.110976,-0.112192,4.65272
17,0.145194,0.240218,4.15311
15,0.145194,0.240218,4.15311
17,-1.64345,-1.3977,4.48399
15,-1.64345,-1.3977,4.48399
17,0.153339,0.389695,3.34669
15,0.153339,0.389695,3.34669
17,0.0945902,0.29289,3.50782
15,0.0945902,0.29289,3.50782
17,0.00495087,0.197752,2.98264
16,0.00495087,0.197752,2.98264
17,-0.520302,0.401991,2.79822
16,-0.520302,0.401991,2.79822
17,0.0972724,0.320427,3.52986
16,0.0972724,0.320427,3.52986
17,-0.235779,0.0755849,3.62055
16,-0.235779,0.0755849,3.62055
18,0.929511,-2.01567,3.63168
18,0.940017,-1.96884,3.64022
18,0.938141,-1.96628,3.64339
18,0.877097,-1.60557,3.67789
18,0.926284,-1.39609,3.71803
18,0.926687,-0.971308,3.75862
18,0.57165,-1.82228,3.88215
18,0.533698,-1.72982,3.8979
18,0.552123,-2.12449,3.92927
18,0.561044,-1.81992,3.9614
18,0.554854,-1.72442,3.97152
18,0.570464,-2.16852,3.97157
18,0.554349,-1.72508,3.98567
18,0.573103,-2.12898,3.97384
18,0.562728,-1.5228,4.00707
18,0.568491,-1.46848,4.01609
18,0.565951,-1.23342,4.05998
18,0.587416,-1.48248,4.09359
18,0.597656,-1.51997,4.11259
18,0.62925,-1.04122,4.12906
18,0.597607,-1.24549,4.14164
18,0.547025,-0.646627,4.21728
18,0.646761,-1.0406,4.20167
18,0.569148,-0.646099,4.27849
18,0.56902,-0.37834,4.28654
18,0.222851,-1.52928,4.35732
18,0.66284,-0.198356,4.37866
18,0.364331,-0.934096,4.41088
18,0.245549,-2.35626,4.40544
18,0.0794189,-2.42587,4.4482
18,0.249819,-0.992449,4.47562
18,0.24821,-1.04062,4.47893
18,0.238355,-0.995376,4.48326
18,0.252411,-1.06398,4.48466
18,0.247831,-0.96365,4.49312
18,0.0136762,-2.43164,4.47344
18,0.293173,-0.966161,4.49369
18,0.340013,-0.923894,4.49115
18,0.136344,-1.69551,4.48601
18,0.256549,-0.962455,4.49816
18,0.240059,-1.03497,4.50001
18,0.210471,-1.23337,4.49853
18,0.0922169,-2.37447,4.47701
18,-1.54412,-1.28724,4.63906
18,0.250991,-1.54246,4.49071
18,0.288207,-0.899081,4.50741
18,0.325702,-0.469129,4.53049
18,0.263712,-0.95485,4.53617
18,0.261094,-1.0623,4.55467
18,0.266707,-0.980993,4.56224
18,0.309267,-0.530607,4.5929
18,0.255324,-0.568034,4.61021
18,0.21592,-1.24119,4.62222
18,0.249888,-0.262907,4.71959
18,0.295834,-0.262689,4.7332
18,0.0438912,-1.3146,4.7303
18,0.0785714,-1.22803,4.73329
18,0.175355,-0.594435,4.79622
18,0.059596,-1.31605,4.81047
18,0.112343,-1.23927,4.84965
18,-1.1847,-1.84846,4.94016
18,0.207551,-0.308355,4.89795
18,-1.20122,-1.74949,5.0484
18,-1.17633,-1.60449,5.08029
18,-1.14622,-1.36896,5.11398
18,-0.166696,-0.589306,5.08571
18,-0.863687,-2.36213,5.16137
18,-0.853462,-2.36944,5.16385
18,-0.822701,-2.29258,5.17218
18,-0.816202,-2.0101,5.1858
18,-0.789669,-2.1647,5.19331
18,-0.784501,-2.03782,5.22923
18,-0.865908,-2.00786,5.24293
18,-0.824862,-2.16116,5.24121
18,-0.323747,-1.01445,5.24399
18,-0.322228,-0.987848,5.24657
18,-0.630626,-2.04912,5.26947
18,-0.761525,-2.17932,5.28118
18,-0.641239,-2.43056,5.27612
18,-0.692846,-2.34644,5.29002
18,-0.637006,-2.34988,5.287
18,-0.685549,-2.20813,5.29877
18,-0.620569,-2.04292,5.29902
18,-0.62833,-2.18576,5.30346
18,-0.85731,-2.05032,5.32702
18,-0.854402,-2.69606,5.34018
18,-0.616892,-2.59665,5.35622
18,-0.645056,-2.47442,5.4053
18,-0.608824,-2.44341,5.40807
18,-0.588459,-2.06401,5.42202
18,-0.865907,-2.71073,5.42771
18,-0.67629,-2.40784,5.42164
18,-0.66758,-2.23983,5.44218
18,-0.649777,-1.36293,5.51514
18,-0.659521,-1.38309,5.5831
18,-0.640807,-1.3902,5.59268
18,-0.651428,-1.39084,5.60253
18,-0.665068,-1.4361,5.63281
18,-0.00741231,-0.0900912,5.23106
17,-0.00741231,-0.0900912,5.23106
19,0.951156,-1.29373,3.6634
19,0.940629,-1.39674,3.71172
19,0.924162,-1.42975,3.71022
19,0.89039,-0.653978,3.86477
19,0.9379,-1.3158,3.74426
19,0.918775,-0.813067,3.88787
19,0.940753,-2.03445,3.68546
19,0.87185,-0.79388,3.91595
19,0.88214,-0.793215,3.92037
19,0.94595,-1.85476,3.74319
19,0.876879,-0.975738,3.9809
19,0.877028,-2.28347,3.7618
19,0.954656,-2.37681,3.74326
19,0.886623,-2.3021,3.79338
19,0.700658,-1.17,4.06017
19,0.886075,-2.42885,3.82194
19,0.539672,-1.29716,4.07895
19,0.54584,-2.32481,3.90243
19,0.716372,-1.17064,4.08979
19,0.899719,-2.44085,3.83602
19,0.530376,-2.3805,3.90567
19,0.538868,-1.92975,4.01263
19,0.559997,-1.85585,4.02274
19,0.618772,-1.91463,4.01387
19,0.543561,-2.41312,3.93884
19,0.535752,-1.21719,4.15803
19,0.579723,-0.875302,4.21568
19,0.796749,-2.39742,3.91398
19,0.573305,-1.59127,4.09258
19,0.577086,-2.15686,4.00651
19,0.577665,-2.20556,4.00268
19,0.573286,-1.87685,4.06317
19,0.604002,-1.5356,4.16387
19,0.571725,-2.77519,3.96159
19,0.608276,-1.82121,4.14363
19,0.521953,-2.31102,4.07167
19,0.528687,-2.31465,4.07093
19,0.571806,-2.21209,4.08732
19,0.524638,-2.17617,4.11464
19,0.540293,-2.33132,4.10197
19,0.600806,-2.79561,4.0125
19,0.406165,-2.19807,4.15341
19,0.410175,-2.37941,4.13409
19,0.485886,-2.39415,4.12529
19,0.59199,-2.80955,4.03744
19,0.488018,-1.25027,4.33031
19,0.471163,-2.34388,4.14386
19,0.416971,-2.35589,4.16689
19,0.426909,-2.21263,4.19158
19,0.449939,-1.67794,4.29808
19,0.425093,-2.22175,4.20866
19,0.423943,-2.37555,4.19201
19,0.445834,-1.67747,4.31385
19,0.437763,-2.22048,4.23207
19,0.439625,-2.38925,4.22175
19,0.351114,-2.32168,4.25625
19,0.459643,-1.68118,4.35426
19,0.456238,-2.23612,4.26401
19,0.469257,-1.68569,4.36951
19,0.26235,-1.59549,4.4486
19,0.314903,-1.83191,4.39845
19,0.266741,-1.60518,4.46051
19,0.25955,-1.85537,4.42034
19,0.270464,-1.57654,4.47429
19,0.234955,-1.75683,4.44947
19,0.296314,-2.03769,4.39052
19,0.245145,-1.75699,4.44835
19,0.221238,-1.89769,4.42975
19,0.292648,-1.86805,4.42401
19,0.290751,-1.59359,4.49032
19,0.276956,-1.61874,4.489
19,0.274282,-2.00363,4.42307
19,0.230643,-2.11477,4.41169
19,0.275717,-1.1363,4.58904
19,0.299218,-0.474392,4.71155
19,0.310123,-0.702221,4.67177
19,0.301307,-0.542095,4.71376
19,0.306828,-0.929661,4.64557
19,0.308527,-0.894296,4.65342
19,0.237506,-1.30985,4.59269
19,0.201606,-1.78959,4.51375
19,0.276473,-1.10868,4.62533
19,0.286049,-0.644973,4.71779
19,0.251444,-2.26201,4.44174
19,0.274844,-0.589156,4.7462
19,0.21444,-2.37769,4.44055
19,0.308778,-2.34568,4.44418
19,0.280278,-1.10561,4.66869
19,0.312395,-2.3961,4.44196
19,0.280059,-1.19525,4.66212
19,0.129021,-1.76056,4.60157
19,0.212615,-1.84835,4.58625
19,0.249393,-1.28621,4.68042
19,0.214701,-1.96041,4.56776
19,0.21378,-2.15242,4.53405
19,0.151861,-2.058,4.56105
19,0.0309896,-0.796082,4.80895
19,0.344561,-2.48941,4.47493
19,0.154055,-2.16515,4.56369
19,0.185926,-1.58372,4.66308
19,0.214944,-2.0452,4.58282
19,0.163746,-1.93974,4.61138
19,0.350286,-2.48489,4.48554
19,0.205515,-2.51669,4.50746
19,0.150077,-2.01733,4.60593
19,0.220314,-1.97403,4.6058
19,0.240856,-2.42179,4.52689
19,0.102081,-2.48387,4.5422
19,0.180285,-1.98278,4.62111
19,0.248806,-2.41248,4.54342
19,0.151139,-2.489,4.54608
19,0.203024,-2.0216,4.62067
19,0.199931,-1.79802,4.66212
19,-0.0240409,-0.587802,4.91212
19,0.187027,-1.87057,4.65182
19,0.367253,-2.52302,4.51145
19,0.162794,-2.03505,4.63621
19,0.149787,-1.80039,4.68322
19,0.170792,-2.17623,4.61708
19,0.185325,-2.06951,4.63497
19,0.0735331,-2.47869,4.58652
19,0.173387,-1.82418,4.68666
19,0.205281,-2.20134,4.61867
19,0.177905,-0.84458,4.8631
19,0.233271,-0.863396,4.8514
19,0.177604,-0.918412,4.85851
19,0.190323,-0.545642,4.92519
19,0.0598364,-1.17979,4.84453
19,0.171048,-0.655774,4.921
19,0.143746,-1.28849,4.8148
19,0.251698,-0.506042,4.93787
19,0.147947,-1.31177,4.83975
19,0.104638,-1.36993,4.86213
19,0.123191,-1.36122,4.87113
19,-0.154989,-0.663187,5.04986
19,-0.099106,-0.84397,5.15688
19,0.0643568,-0.942531,5.14954
19,-1.07271,-1.45822,5.2507
19,-0.736956,-2.09564,5.38264
19,-0.744285,-2.09803,5.39362
19,-0.701859,-2.36052,5.34515
19,-0.694454,-2.24583,5.36922
19,-0.737311,-2.44557,5.34132
19,-0.748365,-2.44965,5.34391
19,-0.677765,-2.3015,5.37346
19,-0.677831,-2.30706,5.3792
19,-0.713859,-2.10198,5.42993
19,-0.740627,-2.45951,5.39268
19,-0.706929,-2.36808,5.40476
19,-0.709582,-2.48512,5.38648
19,-0.702958,-2.24673,5.43041
19,-0.68944,-2.31486,5.43981
19,-0.545397,-2.39035,5.41212
19,-0.507453,-2.25333,5.43084
19,-0.493419,-2.42544,5.41443
19,-0.510801,-2.38866,5.42562
19,-0.494649,-2.48498,5.41553
19,-0.550962,-1.43932,5.62031
19,-0.501595,-2.49308,5.42892
19,-0.498717,-2.25247,5.47303
19,-0.490436,-2.48808,5.43374
19,-0.65797,-2.59434,5.44475
19,-0.493723,-2.11395,5.50574
19,-0.488002,-2.42798,5.45202
19,-0.501455,-2.38537,5.4769
19,-0.0980585,-3.48035,5.25207
19,-0.75948,-2.80596,5.59122
19,-0.716808,-2.79831,5.60232
19,-0.711818,-2.82044,5.68221
19,-0.749247,-2.86863,5.71239
19,-0.700548,-2.83289,5.74959
19,-0.687328,-2.84371,5.74724
19,-0.696989,-3.18169,5.76301
19,-0.707487,-3.17339,5.84379
19,0.556127,-1.12276,4.03971
17,0.556127,-1.12276,4.03971
20,0.885208,-1.00435,3.96511
20,0.894011,-0.95914,3.97515
20,0.913689,-2.1764,3.99662
20,0.911729,-1.15774,4.01201
20,0.878699,-1.85035,4.03788
20,0.919137,-1.19673,4.02488
20,0.943726,-2.51541,4.11316
20,0.709312,-0.771245,4.15388
20,0.709195,-0.831179,4.15756
20,0.810256,-2.52268,4.18341
20,0.683977,-0.902381,4.176
20,0.654631,-1.03692,4.19167
20,0.657508,-0.959686,4.19177
20,0.66228,-1.18528,4.21551
20,0.523495,-1.66124,4.26454
20,0.582495,-1.06987,4.24609
20,0.837648,-2.54394,4.23453
20,0.602407,-1.09865,4.25428
20,0.537068,-1.0903,4.29098
20,0.548321,-0.741606,4.28899
20,0.547151,-2.25774,4.32633
20,0.50765,-0.750941,4.31068
20,0.489794,-0.954831,4.32383
20,0.481008,-0.761843,4.32713
20,0.427379,-2.4576,4.37595
20,0.553673,-1.40383,4.34196
20,0.569219,-1.68321,4.36455
20,0.447646,-2.46753,4.45934
20,0.485074,-2.00029,4.50286
20,0.473416,-2.12607,4.50944
20,0.486614,-2.15656,4.51835
20,0.463337,-2.07879,4.52997
20,0.470897,-2.17914,4.5553
20,0.478603,-2.00285,4.55936
20,0.450437,-1.93372,4.58619
20,0.34926,-2.17989,4.61558
20,0.318219,-2.21184,4.6474
20,0.208705,-1.85794,4.69437
20,0.283383,-0.679245,4.66762
20,0.241434,-1.58758,4.70377
20,0.258952,-2.22761,4.7207
20,0.254637,-2.33791,4.7371
20,0.196182,-2.19775,4.75456
20,0.269505,-2.3454,4.7816
20,0.215315,-2.01551,4.79701
20,0.310367,-2.48819,4.79921
20,0.282149,-2.47998,4.83136
20,0.194183,-2.24049,4.85672
20,0.128349,-2.46055,4.88597
20,0.0783311,-2.4806,4.90032
20,0.169522,-1.86868,4.88391
20,0.121465,-2.47248,4.91156
20,0.125198,-1.74712,4.92373
20,0.163788,-2.09607,4.92613
20,0.163097,-2.12853,4.92715
20,0.12633,-1.76908,4.92976
20,0.144397,-2.06335,4.93318
20,0.293249,-2.49579,4.92323
20,0.312267,-2.49347,4.92134
20,0.27905,-1.04813,4.89929
20,0.159776,-1.98842,4.9398
20,0.164673,-1.86909,4.94426
20,0.166041,-1.84736,4.94674
20,0.0997786,-1.25252,4.96231
20,0.0893942,-1.30669,4.97933
20,0.10175,-1.27358,4.97952
20,0.102814,-1.25125,4.98106
20,0.102989,-1.21631,5.00409
20,-0.114753,-1.02786,5.10196
20,-0.235938,-1.08087,5.29736
20,-0.231371,-1.11396,5.32114
20,-1.13792,-1.82249,5.62879
20,-0.504907,-2.3473,5.80542
20,-0.577296,-1.97582,5.95504
20,-0.736634,-2.61995,6.02132
20,-0.774626,-2.62698,6.04411
20,0.253492,-1.43184,4.62957
18,0.253492,-1.43184,4.62957
20,0.135708,-2.00652,4.76777
18,0.135708,-2.00652,4.76777
20,0.148442,-1.58881,4.87345
18,0.148442,-1.58881,4.87345
20,-1.10723,-1.77256,5.11016
18,-1.10723,-1.77256,5.11016
20,-1.12022,-1.63176,5.28446
18,-1.12022,-1.63176,5.28446
20,0.0143378,-1.36185,4.74834
18,0.0143378,-1.36185,4.74834
20,-0.649701,-0.524944,4.8698
18,-0.649701,-0.524944,4.8698
21,0.0068574,-0.902634,3.4799
21,-0.266902,0.0373864,3.69951
21,-0.212553,0.0802732,3.73951
21,-0.247941,0.0475882,3.74425
21,-1.00404,0.0427774,3.82581
21,-0.136625,0.0313634,3.82692
21,0.860734,-0.278602,3.86202
21,-0.956166,0.0651976,3.90727
21,-1.02129,0.0969639,3.91676
21,0.945014,-1.25935,3.84349
21,-0.0108109,0.0686042,3.9188
21,-1.29791,0.0769135,3.93233
21,-1.1412,0.0522069,3.93091
21,-0.0390397,0.057725,3.92467
21,0.624213,-1.16867,3.87846
21,-0.983117,0.0275925,3.94617
21,-0.901855,0.0601383,3.9715
21,-0.973421,0.0836444,3.98045
21,-0.665149,-0.11532,4.02628
21,-0.702181,-0.190244,4.05193
21,-0.825473,0.0852858,4.06653
21,-0.781247,-0.0088318,4.06236
21,-0.834236,0.109196,4.12422
21,-0.720894,-0.176169,4.14089
21,-0.359042,-0.136836,4.27153
21,0.968109,-0.499242,4.31384
21,0.17229,-0.635535,4.37249
21,0.18067,-0.635677,4.42609
21,0.518511,-0.402196,4.48275
21,0.523291,-0.309225,4.49981
21,0.556403,-0.311733,4.50095
21,0.558854,-0.304966,4.53568
21,0.179268,-1.22143,4.51169
21,0.183655,-1.24273,4.53148
21,0.164913,-0.931357,4.55802
21,0.180219,-1.23103,4.54518
21,0.181628,-1.21865,4.55364
21,0.881498,-0.129303,4.60382
21,0.12849,-1.40198,4.60395
21,0.118776,-1.19094,4.62596
21,0.191177,-1.33727,4.63892
21,-0.337279,-0.427421,4.69909
21,0.0965528,-0.77415,4.71791
21,0.125359,-0.762901,4.75965
21,-0.126822,-1.0971,4.76148
21,-0.0851151,-0.927151,4.81676
21,-0.0848609,-0.963712,4.82711
21,-0.194097,-0.369746,4.88796
21,-0.239058,-1.22925,4.86346
21,-0.266878,-0.391121,4.90543
21,-0.315793,-0.402228,4.90848
21,-0.268941,-0.387161,4.92109
21,-0.298194,-0.385934,4.92926
21,-0.327779,-0.399017,4.9413
21,-0.357306,-0.397714,4.95057
21,-0.393181,-1.38387,4.91502
21,0.102393,-0.834946,4.99875
21,0.0822472,-0.749291,5.01235
21,-1.36294,-1.91429,4.97348
21,-0.00961965,-0.373622,5.04905
21,0.00069198,-0.382099,5.10935
21,0.134096,-0.543965,5.11176
21,0.0560092,-0.332238,5.12176
21,-0.318441,-0.829993,5.10637
21,-1.75276,-0.396573,5.15643
21,-1.81983,-0.330113,5.1703
21,-0.48164,-1.26614,5.13994
21,-0.0421121,-0.355628,5.1838
21,-0.0425279,-0.387968,5.18391
21,-0.472535,-1.27933,5.18128
21,-0.822102,-1.66225,5.17391
21,-0.811554,-0.66505,5.33087
21,-0.8466,-0.657157,5.59534
21,-0.807463,-0.726079,5.71068
21,0.0355157,-0.528469,4.78671
18,0.0355157,-0.528469,4.78671
21,-1.4498,-1.27807,4.00824
18,-1.4498,-1.27807,4.00824
21,0.109952,-0.707017,4.42716
19,0.109952,-0.707017,4.42716
21,0.42153,-1.76689,4.28616
19,0.42153,-1.76689,4.28616
21,1.07707,-1.41283,3.90529
19,1.07707,-1.41283,3.90529
21,0.214353,-1.73726,4.52016
19,0.214353,-1.73726,4.52016
21,-1.67506,-2.05029,4.59919
19,-1.67506,-2.05029,4.59919
21,-0.112646,-0.103647,4.41598
15,-0.112646,-0.103647,4.41598
21,0.10842,-0.888276,4.85843
17,0.10842,-0.888276,4.85843
21,0.132197,-0.920238,4.99741
17,0.132197,-0.920238,4.99741
21,0.123812,-0.49389,4.56582
17,0.123812,-0.49389,4.56582
21,0.104811,-0.880554,4.81445
17,0.104811,-0.880554,4.81445
21,0.495516,-0.468972,4.33371
17,0.495516,-0.468972,4.33371
21,0.0541206,-0.829256,4.56342
17,0.0541206,-0.829256,4.56342
21,0.079759,-0.874794,4.79502
17,0.079759,-0.874794,4.79502
21,0.105064,-0.763739,4.60496
17,0.105064,-0.763739,4.60496
21,0.119153,-0.8732,4.68887
17,0.119153,-0.8732,4.68887
21,0.938156,-0.560449,4.08212
17,0.938156,-0.560449,4.08212
22,-0.398611,0.599381,2.74368
22,-0.54776,0.568285,2.80614
22,-0.609524,0.535736,2.81968
22,-0.52506,0.531688,2.83599
22,-0.513042,0.533093,2.83856
22,-0.513709,0.513749,2.85244
22,-0.600361,0.50013,2.85319
22,-0.309444,0.538654,2.89139
22,-0.454526,0.484853,2.90124
22,-0.291052,0.514346,2.92029
22,-0.752263,0.492037,2.92321
22,0.299862,0.578664,2.97388
22,-0.548393,0.430724,2.9566
22,-0.457931,0.50723,2.95005
22,-0.827408,0.458492,2.93841
22,-0.575441,0.493026,2.95042
22,-0.747238,0.505299,2.94545
22,0.0917231,0.510063,3.00707
22,-0.842491,0.461849,2.96081
22,-0.812118,0.479018,2.96146
22,0.0977881,0.51581,3.01346
22,-0.828881,0.475134,2.97768
22,-0.186769,0.461488,3.02333
22,-0.281313,0.462201,3.0213
22,-0.279059,0.474655,3.02428
22,0.221545,0.464143,3.05746
22,-0.186179,0.453456,3.03691
22,-0.145698,0.422929,3.04575
22,-0.48672,0.421947,3.02657
22,-0.497908,0.422264,3.02769
22,-0.804729,0.431618,3.01227
22,-0.676334,0.478687,3.01265
22,-0.782436,0.475503,3.00833
22,-0.530122,0.44564,3.02897
22,-0.86267,0.474035,3.00718
22,-0.743882,0.466754,3.0192
22,-0.731757,0.419472,3.0285
22,-0.765694,0.419627,3.02995
22,-0.158148,0.440843,3.07252
22,-0.531942,0.427603,3.0528
22,-0.82839,0.459547,3.03737
22,-0.183554,0.408278,3.09037
22,-0.930537,0.425325,3.04932
22,-0.490245,0.375449,3.08543
22,-0.73782,0.37943,3.08083
22,-0.00821176,0.459757,3.11315
22,-0.79386,0.432816,3.07383
22,-0.141925,0.40319,3.11903
22,-0.521815,0.390167,3.1001
22,-0.640432,0.379853,3.10259
22,-0.03876,0.391844,3.14626
22,-0.949943,0.437032,3.08903
22,-0.647714,0.394267,3.11531
22,-0.95573,0.418551,3.11482
22,0.116525,0.410768,3.18959
22,-0.0321523,0.377831,3.22102
22,0.00473981,0.377923,3.26709
22,0.00926369,0.369954,3.27857
22,-0.00648817,0.334406,3.31798
22,0.0159051,0.372864,3.31662
22,-1.33816,0.320853,3.29762
22,0.0948475,0.316088,3.39203
22,-0.0334377,0.286631,3.39146
22,0.0264865,0.306047,3.39266
22,0.0440329,0.307592,3.39653
22,0.125131,0.291037,3.42526
22,-1.24811,0.339036,3.3464
22,-0.00491007,0.28965,3.463
22,-0.222877,0.214527,3.468
22,-0.113575,0.251314,3.46927
22,-0.0580585,0.255167,3.47879
22,-0.222749,0.212983,3.47625
22,-0.0381415,0.241624,3.49696
22,-0.105675,0.277687,3.48758
22,0.165444,0.268247,3.50859
22,0.167566,0.253094,3.52277
22,0.0136437,0.265579,3.52734
22,0.01379,0.264109,3.52873
22,-0.121175,0.25144,3.52678
22,-0.126595,0.251266,3.52656
22,-0.0123374,0.256725,3.5376
22,-0.210436,0.223922,3.53137
22,0.178254,0.254992,3.55075
22,0.0968999,0.252489,3.54785
22,0.196968,0.256735,3.55563
22,-0.0407891,0.242046,3.54517
22,0.0158407,0.251177,3.54923
22,-1.15334,0.335338,3.4692
22,-0.219992,0.235804,3.54548
22,0.126386,0.245138,3.56669
22,-0.223527,0.232781,3.54846
22,-0.00470479,0.240892,3.56127
22,0.308012,0.214539,3.58428
22,0.236343,0.244388,3.57616
22,-0.0278554,0.23616,3.56648
22,-0.000256583,0.237773,3.57028
22,-0.0256641,0.231598,3.57039
22,-0.337866,0.174996,3.56157
22,0.137084,0.243068,3.57908
22,-0.342864,0.177698,3.56376
22,-0.000880048,0.24699,3.57335
22,0.951483,-0.96349,3.81979
22,-0.0166028,0.214121,3.58941
22,0.167489,0.23065,3.60107
22,-0.346583,0.158278,3.58487
22,0.0575975,0.218419,3.59972
22,0.42886,0.207577,3.62334
22,-0.343061,0.160952,3.58774
22,-0.721468,0.192722,3.56617
22,0.121304,0.222888,3.61157
22,0.444374,0.194797,3.63656
22,-0.341925,0.184311,3.59901
22,0.126751,0.147852,3.63289
22,0.849174,-0.923359,3.8435
22,0.426509,0.205439,3.6466
22,0.0329918,0.196365,3.62749
22,0.107352,0.208768,3.63218
22,0.0465761,0.20188,3.63453
22,-0.0595245,0.194853,3.6297
22,0.972477,-0.876171,3.86627
22,0.129625,0.169444,3.65702
22,-0.316196,0.135572,3.6416
22,0.0666997,0.160965,3.66957
22,-0.71639,0.116651,3.631
22,-0.310497,0.142712,3.65269
22,-0.0926262,0.15116,3.69244
22,-0.301957,0.154464,3.68563
22,-0.302237,0.15071,3.68632
22,0.145297,0.190226,3.71058
22,0.156756,0.194167,3.72591
22,0.0025982,0.127077,3.73746
22,0.099521,0.130678,3.74329
22,-0.0361218,0.0897973,3.76738
22,0.0853778,0.172895,3.7688
22,0.0284538,0.143444,3.77678
22,-0.147245,0.0894685,3.77928
22,-0.00702772,0.134079,3.79273
22,-0.00827588,0.127727,3.80063
22,-0.233824,0.122848,3.8034
22,-0.0159767,0.116888,3.82652
22,-0.203618,0.106859,3.8199
22,-0.217891,0.122113,3.8171
22,0.604297,-1.31968,4.09555
22,-0.216523,0.117265,3.8267
22,-0.217508,0.112936,3.83128
22,-0.154152,0.108245,3.84352
22,-0.162743,0.0833438,3.84906
22,-0.252431,0.0807112,3.84714
22,-0.131926,0.0669991,3.8658
22,-0.153588,0.104461,3.85942
22,-0.252479,0.0820117,3.86411
22,-0.1715,0.0572427,3.87355
22,-0.251778,0.0559965,3.87789
22,-1.05663,0.00623763,3.84534
22,-0.130954,0.0686861,3.8908
22,-0.251976,0.0628446,3.89246
22,-0.167052,0.0662921,3.89921
22,1.00525,-0.657864,4.09062
22,-0.220625,0.0349075,3.9274
22,-0.241019,0.0346413,3.92891
22,-1.06962,0.0233489,3.89219
22,-1.01829,0.0608225,3.89262
22,-0.951065,-0.0387238,3.9142
22,-1.14283,0.0223388,3.89703
22,-0.941371,0.0233201,3.90954
22,-0.941699,0.0232168,3.92293
22,0.633239,-1.16124,4.20273
22,-0.907999,0.0276149,3.92847
22,-0.98649,-0.00410724,3.92892
22,-0.907873,-0.00846303,3.93842
22,-0.954238,0.034385,3.93616
22,-0.811639,-0.00220913,3.96022
22,-0.849027,-0.0276538,3.96564
22,-0.740872,-0.0194661,3.99822
22,-0.778612,-0.0329432,4.00022
22,-0.925903,-0.0107375,3.98827
22,-0.91028,0.0621345,3.98058
22,-0.816216,-0.058772,4.00507
22,-0.820897,0.0492099,3.99829
22,-0.912075,0.0373356,3.99698
22,-0.790971,0.051766,4.00802
22,-0.69436,0.0199223,4.02373
22,-0.883859,-0.0482483,4.03607
22,-0.855561,-0.0157171,4.0406
22,-0.741662,0.032024,4.04052
22,-0.689664,0.022746,4.05764
22,-0.641538,-0.063387,4.07732
22,-0.781025,-0.0407145,4.06695
22,-0.668791,0.0156921,4.06919
22,-0.707344,-0.0494047,4.0999
22,-0.569399,-0.129369,4.13051
22,-0.585299,-0.0393563,4.12122
22,-0.653201,-0.0491487,4.1272
22,-0.553164,-0.0582457,4.1362
22,-0.678531,-0.12108,4.14676
22,-0.680112,-0.0742365,4.14184
22,-0.521377,-0.0660793,4.15242
22,-0.576623,-0.0690762,4.15798
22,-0.642544,-0.0584156,4.15263
22,-0.576922,-0.0665895,4.16003
22,-0.675099,-0.0808257,4.15715
22,0.189643,-1.32908,4.4032
22,0.170171,-1.42132,4.42306
22,-0.577798,-0.107315,4.18746
22,-0.447548,-0.0887746,4.21592
22,-0.580574,-0.101759,4.21437
22,-0.191005,-0.106196,4.28376
22,-0.194397,-0.0997387,4.28401
22,-0.303747,-0.110405,4.27995
22,-0.372485,-0.129384,4.33018
22,-0.374048,-0.165902,4.33887
22,-0.0934906,-0.14753,4.35798
22,-0.136624,-0.138746,4.36951
22,-0.370015,-0.168698,4.36217
22,-0.384941,-0.133258,4.36051
22,-0.0943081,-0.149052,4.39135
22,-0.371125,-0.170835,4.39648
22,-0.374522,-0.165974,4.42262
22,-0.141462,-0.145541,4.43879
22,0.201502,-0.540111,4.66251
22,0.226681,-0.545098,4.79632
22,-0.00508951,-0.421573,4.9181
22,-0.0635013,-0.471825,4.9279
22,-0.0590677,-0.478964,4.94086
22,-0.0031919,-0.42064,4.95293
22,-0.0489648,-0.468989,4.96176
22,0.0128412,-0.419944,4.9588
22,0.0386057,-0.385258,4.97485
22,-0.292962,-0.452442,5.19433
22,-0.00348218,0.226604,2.7593
15,-0.00348218,0.226604,2.7593
22,-0.0213364,0.288672,3.71556
15,-0.0213364,0.288672,3.71556
22,0.936602,-0.792141,3.90157
15,0.936602,-0.792141,3.90157
22,0.670764,-1.12249,3.84209
15,0.670764,-1.12249,3.84209
22,1.03815,-0.568933,3.80785
15,1.03815,-0.568933,3.80785
22,-0.0348358,0.133626,3.62691
16,-0.0348358,0.133626,3.62691
22,0.0710738,0.455185,2.91034
16,0.0710738,0.455185,2.91034
22,-0.00381714,0.115206,3.55818
17,-0.00381714,0.115206,3.55818
22,-0.0368185,0.142852,3.53294
17,-0.0368185,0.142852,3.53294
22,0.0949053,0.3137,3.49499
17,0.0949053,0.3137,3.49499
22,-0.116539,0.2928,3.67017
17,-0.116539,0.2928,3.67017
22,-1.48663,0.0871755,4.14381
17,-1.48663,0.0871755,4.14381
22,-2.50014,-1.24181,6.30811
17,-2.50014,-1.24181,6.30811
22,0.217008,-0.468953,4.45212
21,0.217008,-0.468953,4.45212
22,0.0721855,0.336318,4.66599
21,0.0721855,0.336318,4.66599
22,-0.461495,-0.0612228,4.30256
18,-0.461495,-0.0612228,4.30256
23,-0.587209,0.756075,2.11703
23,-0.808737,0.762555,2.14469
23,-0.804301,0.697575,2.19465
23,-0.887549,0.705285,2.19293
23,-0.598397,0.691803,2.21441
23,-0.799677,0.696146,2.21091
23,0.209382,0.609362,2.29924
23,-0.605991,0.699299,2.22286
23,-0.71171,0.714166,2.21149
23,-0.889401,0.723723,2.20322
23,-0.812193,0.720093,2.23402
23,0.226436,0.629171,2.32661
23,-0.719165,0.734811,2.24647
23,-1.15951,0.659877,2.33141
23,-0.804355,0.623059,2.40513
23,-0.0484898,0.665006,2.42329
23,-0.0524785,0.676336,2.43159
23,-0.813965,0.630601,2.42025
23,-0.811682,0.645653,2.4279
23,-0.848701,0.612813,2.44189
23,-0.778214,0.586051,2.46867
23,-0.891966,0.58733,2.4762
23,-0.936002,0.609884,2.46525
23,-0.729261,0.588716,2.48666
23,-0.942528,0.559226,2.49124
23,-0.94726,0.557381,2.49582
23,-0.997984,0.588918,2.48038
23,-0.91283,0.555015,2.50106
23,-0.777599,0.601235,2.48586
23,-0.996301,0.588209,2.48271
23,-0.889037,0.598641,2.48801
23,-0.925047,0.564752,2.50496
23,0.159035,0.610753,2.53257
23,-0.761436,0.570564,2.51484
23,-0.863677,0.548964,2.5214
23,-0.866676,0.612696,2.49367
23,-0.670143,0.596389,2.51127
23,-0.864194,0.548892,2.52487
23,-0.681146,0.606876,2.50904
23,-0.793895,0.542201,2.53514
23,-0.790529,0.546542,2.53526
23,-0.864705,0.558435,2.53264
23,-0.899,0.619052,2.50385
23,0.227849,0.592124,2.56618
23,-0.947734,0.628961,2.50001
23,-1.12819,0.652265,2.48156
23,-1.32397,0.609889,2.49329
23,-0.750082,0.616244,2.51713
23,-1.01731,0.561872,2.53114
23,-0.753047,0.546581,2.55431
23,-1.23607,0.602188,2.50798
23,-1.11042,0.593928,2.52012
23,-0.416987,0.60923,2.5459
23,-0.425659,0.598686,2.55133
23,-0.434665,0.598322,2.55131
23,0.181899,0.647632,2.56212
23,-0.0803003,0.579887,2.58544
23,-0.680319,0.624483,2.53981
23,-0.839554,0.519462,2.58537
23,-0.704227,0.577103,2.5656
23,-0.721542,0.569045,2.57009
23,-0.87866,0.546053,2.57597
23,-0.704535,0.574834,2.57144
23,-0.707785,0.580067,2.57006
23,-0.679046,0.640704,2.54684
23,0.235157,0.606991,2.60528
23,-0.700134,0.557763,2.58822
23,-0.768593,0.584629,2.57598
23,-0.790516,0.583582,2.58095
23,-0.708631,0.591925,2.58317
23,-0.043183,0.593179,2.61339
23,-0.427716,0.546068,2.62037
23,-0.674886,0.579482,2.59496
23,-0.0479704,0.59285,2.61631
23,-0.038108,0.594117,2.6171
23,-0.472637,0.562109,2.6208
23,-0.845915,0.536883,2.61766
23,-0.693749,0.572889,2.60802
23,-0.441366,0.527688,2.64685
23,-0.846136,0.541967,2.62462
23,-0.841239,0.547864,2.62365
23,-0.469996,0.502752,2.66451
23,-0.486628,0.542908,2.64604
23,-0.430811,0.565596,2.64232
23,-0.417882,0.508052,2.66972
23,-0.428725,0.56555,2.65512
23,-0.469895,0.518271,2.68332
23,-0.473436,0.516557,2.68419
23,-0.428679,0.51034,2.69326
23,-0.492951,0.549907,2.67438
23,-0.505805,0.545375,2.67609
23,-0.493404,0.560442,2.67088
23,-0.508233,0.539678,2.68661
23,-0.0169817,0.529047,2.72669
23,0.0180945,0.507572,2.74156
23,-0.0198165,0.529463,2.73637
23,0.0453703,0.512824,2.76368
23,0.0253467,0.519388,2.76112
23,0.0638817,0.505147,2.7742
23,-0.64505,0.46899,2.76144
23,-0.638317,0.480766,2.75921
23,0.0645333,0.508653,2.77654
23,-0.610614,0.482385,2.76007
23,-0.32177,0.462733,2.7946
23,-0.601956,0.518838,2.75754
23,-0.321897,0.47126,2.79462
23,-0.586714,0.521671,2.76123
23,0.0794353,0.48574,2.81017
23,-0.616798,0.49368,2.77676
23,-0.616672,0.48781,2.78207
23,-0.54553,0.463598,2.79723
23,-0.601858,0.50371,2.7775
23,0.0827725,0.480023,2.81882
23,0.0766432,0.51914,2.80311
23,-0.526419,0.451201,2.81194
23,-0.319512,0.480406,2.81066
23,0.0881816,0.497316,2.82702
23,-0.546295,0.47182,2.81186
23,0.177468,0.472627,2.845
23,0.14566,0.474165,2.84457
23,-0.522378,0.461275,2.82334
23,-0.50643,0.455749,2.82837
23,0.0788593,0.531789,2.81924
23,-0.537562,0.447366,2.83175
23,0.156744,0.464111,2.85461
23,0.17938,0.478248,2.84952
23,-0.480018,0.463943,2.83149
23,-0.499347,0.473318,2.82712
23,-0.483007,0.460105,2.83453
23,-0.609311,0.45605,2.83658
23,-0.490405,0.448277,2.8463
23,-0.801865,0.478135,2.82092
23,-0.505154,0.421931,2.86522
23,-0.461962,0.432821,2.86828
23,-0.450134,0.435679,2.86992
23,-0.466032,0.435749,2.87129
23,-0.601857,0.44452,2.86449
23,-0.462061,0.436838,2.87586
23,-0.807651,0.47949,2.84594
23,0.158181,0.492237,2.88262
23,-0.586009,0.436099,2.88132
23,-0.822028,0.463324,2.8633
23,0.0298893,0.470388,2.89776
23,-0.24002,0.405529,2.91625
23,0.0463677,0.464358,2.9022
23,-0.475193,0.452112,2.88586
23,0.197371,0.43208,2.9379
23,-0.497151,0.414151,2.91895
23,-0.578376,0.425108,2.91158
23,0.0527163,0.477307,2.91587
23,-0.769067,0.459695,2.89318
23,-0.652049,0.414359,2.92136
23,0.0355774,0.460877,2.93114
23,-0.781829,0.473541,2.89117
23,0.0608678,0.456552,2.93837
23,-0.243923,0.415107,2.94642
23,-0.594781,0.416237,2.93102
23,0.119942,0.423974,2.96584
23,-0.205907,0.411718,2.95827
23,-0.190436,0.383413,2.97382
23,-0.300074,0.431423,2.95308
23,-0.302594,0.445929,2.94722
23,-0.645862,0.446551,2.93348
23,-0.60597,0.430926,2.94271
23,-0.570994,0.41245,2.95761
23,0.220689,0.454404,2.97282
23,-0.498051,0.430073,2.95375
23,0.10759,0.404881,2.99216
23,0.11646,0.450258,2.97533
23,0.0414397,0.477678,2.95946
23,0.221794,0.410493,2.99921
23,-0.576537,0.42031,2.96273
23,-0.676063,0.442115,2.9486
23,0.0722128,0.472499,2.96839
23,-0.706699,0.460046,2.94279
23,-0.798805,0.375876,2.97905
23,-0.706599,0.452346,2.94933
23,-0.854885,0.453666,2.94236
23,-0.665655,0.418709,2.96695
23,-0.29955,0.411482,2.98798
23,-0.299832,0.421337,2.98562
23,-0.8647,0.434447,2.95533
23,-0.695735,0.419386,2.97079
23,0.0708739,0.439704,2.99485
23,-0.746162,0.435763,2.96346
23,-0.510814,0.401243,2.9898
23,-0.745576,0.410925,2.98018
23,0.0770541,0.444506,3.00029
23,-0.497228,0.407001,2.99585
23,-0.52141,0.391123,3.00318
23,-0.896057,0.432116,2.96854
23,-0.497263,0.407631,2.99713
23,-0.765525,0.395031,2.99455
23,-0.79695,0.429835,2.97779
23,-0.738084,0.405443,2.99455
23,-0.877123,0.419543,2.98614
23,-0.786013,0.38823,3.0051
23,-0.847343,0.421363,2.98727
23,-0.926799,0.400402,2.99669
23,-0.896295,0.434684,2.98226
23,0.111888,0.427609,3.03075
23,0.213316,0.437332,3.03171
23,-0.836828,0.388495,3.01006
23,0.110536,0.431501,3.03126
23,-0.887635,0.396212,3.00744
23,-0.904328,0.362162,3.026
23,-0.763879,0.392497,3.02111
23,0.175087,0.419437,3.04986
23,0.126002,0.39718,3.05893
23,-0.928384,0.379493,3.02248
23,-0.898457,0.381429,3.02387
23,0.0676813,0.415802,3.05184
23,0.0970923,0.388194,3.06613
23,-0.152122,0.379388,3.06218
23,-0.934743,0.409323,3.01533
23,-0.593767,0.350397,3.05797
23,-0.150664,0.349582,3.07763
23,0.0565794,0.413745,3.05713
23,-0.949497,0.372491,3.03302
23,-0.191416,0.412705,3.04824
23,0.0237304,0.40528,3.06185
23,-0.158502,0.351323,3.08229
23,-0.657511,0.371425,3.05166
23,-0.525403,0.351317,3.06814
23,-0.529636,0.371254,3.05949
23,0.125817,0.405184,3.0722
23,-0.55144,0.352769,3.06829
23,-0.546543,0.371388,3.06133
23,-0.997696,0.411639,3.02534
23,-0.900049,0.385372,3.04618
23,-0.924533,0.384599,3.04673
23,-0.181954,0.339481,3.09951
23,0.103297,0.392964,3.08809
23,-0.59709,0.361757,3.07336
23,0.0277869,0.390053,3.08881
23,0.110228,0.395393,3.09031
23,-0.520709,0.354499,3.08288
23,-0.554943,0.361522,3.08109
23,0.0328727,0.368969,3.10337
23,-0.682134,0.362838,3.07552
23,0.104096,0.37304,3.10561
23,-0.649091,0.380592,3.07046
23,-0.00329995,0.369742,3.10861
23,-0.00656557,0.369895,3.10926
23,-0.679638,0.368697,3.08131
23,0.107904,0.377538,3.11534
23,-0.598429,0.373001,3.0898
23,0.10314,0.369271,3.12237
23,0.032529,0.367623,3.12133
23,-1.00128,0.358102,3.0835
23,-0.19498,0.444715,3.08266
23,-1.0507,0.33567,3.09822
23,-0.214994,0.397671,3.10769
23,0.0290294,0.34277,3.14592
23,0.0787813,0.361023,3.1443
23,0.0708403,0.353432,3.14915
23,0.0869744,0.409478,3.13258
23,0.103294,0.393469,3.14767
23,0.0575189,0.33543,3.17413
23,-1.05767,0.361164,3.1431
23,0.0720526,0.331486,3.20828
23,-1.37595,0.2901,3.16544
23,-0.0991188,0.376043,3.18144
23,0.0815092,0.338703,3.21104
23,-0.0493664,0.352599,3.23263
23,-0.0183295,0.316511,3.25567
23,0.107763,0.326229,3.26146
23,0.173987,0.345891,3.27926
23,-0.00662789,0.346139,3.27188
23,0.0219692,0.32544,3.29779
23,-1.10264,0.249913,3.29076
23,-1.37731,0.162637,3.32326
23,0.00151208,0.305971,3.31933
23,-0.040087,0.317801,3.31474
23,0.0563026,0.310554,3.32492
23,-0.0341127,0.314146,3.31957
23,-0.0293282,0.303509,3.33535
23,0.0404932,0.305586,3.33897
23,-0.0317038,0.302266,3.33865
23,0.0388593,0.307685,3.33957
23,-0.0577035,0.294856,3.34767
23,-0.0576925,0.294887,3.34775
23,0.0741851,0.293566,3.35956
23,-1.11137,0.26739,3.32232
23,0.0441543,0.286612,3.36529
23,0.0101535,0.282492,3.36872
23,-0.0215079,0.272582,3.37724
23,0.0338412,0.265943,3.38417
23,0.0738188,0.274893,3.38253
23,0.00198442,0.24649,3.39327
23,0.0292325,0.256678,3.39129
23,-0.0539418,0.277489,3.37868
23,-0.0700257,0.264073,3.3972
23,-0.00302666,0.211955,3.42462
23,0.0787993,0.248704,3.41724
23,0.00817439,0.22571,3.43861
23,-0.148952,0.234046,3.43248
23,-0.0654345,0.239291,3.43676
23,-0.0660284,0.267602,3.44033
23,-0.285212,0.209977,3.46583
23,0.00284848,0.204736,3.48147
23,-0.1388,0.201873,3.48944
23,0.0732513,0.208916,3.50241
23,-0.0498297,0.198685,3.50627
23,-0.0722046,0.232256,3.50338
23,-0.0163627,0.225047,3.51697
23,-0.137401,0.209452,3.52969
23,-0.25266,0.194027,3.53255
23,-0.235423,0.238615,3.51452
23,-0.040942,0.202782,3.53968
23,-0.262079,0.198177,3.53442
23,-0.72474,0.178841,3.52633
23,0.249214,0.20882,3.56198
23,0.115836,0.190898,3.56801
23,0.090464,0.203543,3.6076
23,-0.0606401,0.175437,3.63705
23,-0.0964597,0.122194,3.66149
23,-0.0398923,0.169698,3.64838
23,-0.147509,0.183479,3.64328
23,-0.148828,0.179388,3.65004
23,-0.116747,0.179217,3.65803
23,-0.0638025,0.10632,3.70302
23,0.0721888,0.18399,3.67893
23,0.233718,0.196881,3.69037
23,-0.304172,0.112968,3.71465
23,-0.127791,0.147264,3.74639
23,1.16503,-0.257002,3.99012
23,-0.0976426,0.0684168,3.78657
23,-0.113549,0.129582,3.76933
23,1.13397,-0.275083,4.01903
23,-0.19752,0.0825272,3.80222
23,-0.0356725,0.0850164,3.82092
23,-0.0124696,0.127802,3.80565
23,-0.159792,0.120197,3.80285
23,-1.00271,0.0643971,3.81937
23,-0.0320384,0.102384,3.84897
23,-0.251118,0.0687072,3.87508
23,-0.241688,0.0842711,3.88713
23,-0.13136,0.043453,3.92159
23,-1.08327,-0.0164547,3.91332
23,-1.06004,0.0760689,3.87366
23,-1.13399,0.0322583,3.89476
23,-1.1065,0.0755962,3.88006
23,-1.14242,0.0450471,3.89864
23,-1.08801,-0.0148705,3.94282
23,-1.32791,-0.0235022,3.95446
23,-0.909396,-0.0169265,3.97688
23,-1.05143,-0.00583893,3.97436
23,-0.84205,-0.0778838,4.01848
23,-0.78314,-0.0224133,4.00777
23,-1.14664,0.0451089,3.99765
23,-0.780818,-0.0217504,4.05248
23,-0.450875,-0.0434684,4.09547
23,-0.669197,-0.114254,4.12849
23,-0.58449,-0.0102641,4.11268
23,-0.454245,-0.0350619,4.13737
23,-0.625902,-0.098281,4.17648
23,-0.735902,-0.131731,4.19342
23,-0.401588,-0.136863,4.25121
23,-0.0941117,-0.130976,4.29161
23,0.770797,-0.154855,4.42069
23,0.235887,-0.514872,4.84097
23,0.186264,-0.459438,5.01932
23,0.0094463,0.231365,3.34937
16,0.0094463,0.231365,3.34937
23,-0.0457248,0.213422,3.7642
16,-0.0457248,0.213422,3.7642
23,-0.0969667,0.16505,3.56215
15,-0.0969667,0.16505,3.56215
23,-0.105519,0.17194,3.63713
15,-0.105519,0.17194,3.63713
23,-0.061585,0.19272,3.72878
15,-0.061585,0.19272,3.72878
23,-0.102704,0.393554,3.20271
15,-0.102704,0.393554,3.20271
23,-0.488112,0.502012,2.99443
15,-0.488112,0.502012,2.99443
23,-0.0152118,0.141316,2.59795
17,-0.0152118,0.141316,2.59795
23,-0.527111,0.466237,3.10473
17,-0.527111,0.466237,3.10473
23,-0.162885,-0.198063,4.06914
21,-0.162885,-0.198063,4.06914
24,-0.471586,0.444905,2.92541
24,-0.527242,0.416479,2.94696
24,-0.953237,0.433875,3.04322
24,-0.75969,0.39958,3.05809
24,-0.96209,0.426479,3.10283
24,-0.111465,0.397216,3.20435
24,0.0163614,0.353361,3.33794
24,0.93345,-1.22408,3.78588
24,-0.124772,0.256917,3.43327
24,-0.343542,0.183268,3.48356
24,-0.131376,0.289166,3.46329
24,0.141907,0.243235,3.47319
24,0.91254,-0.99905,3.82686
24,0.0908912,0.252478,3.4936
24,-0.221316,0.256363,3.50248
24,-0.234682,0.204487,3.53926
24,0.161077,0.247254,3.52613
24,0.152576,0.239083,3.60622
24,0.0745581,0.155462,3.67304
24,0.0803455,0.168449,3.72791
24,0.0891783,0.177012,3.74999
24,0.097503,0.125968,3.76694
24,-0.00336748,0.121326,3.78276
24,0.0953307,0.168706,3.78286
24,0.0702813,0.138728,3.81533
24,0.111686,0.141259,3.82229
24,-0.980445,0.123159,3.84087
24,-0.247442,0.124689,3.84622
24,-1.16662,0.131248,3.86457
24,-0.17409,0.0864025,3.86775
24,-0.928908,0.126019,3.89209
24,-0.239133,0.115278,3.89608
24,-0.975505,0.0887203,3.92566
24,-0.939174,0.0777038,3.93132
24,-0.97604,0.0782146,3.93277
24,-1.1862,0.141307,3.92616
24,-1.06318,0.0696347,3.94563
24,-0.928533,0.0940011,3.94144
24,-0.977959,0.0353813,3.95969
24,-0.89282,0.0975087,3.95193
24,-0.994442,0.0870894,3.95941
24,-1.27921,0.0971897,3.96096
24,-0.193997,0.0699404,3.95667
24,-1.01236,0.164848,3.93975
24,-0.868711,0.0634383,3.96683
24,-0.952468,0.155968,3.94665
24,-1.01791,0.0421156,3.98089
24,-0.833178,0.032908,3.99353
24,-0.834619,0.0138823,4.01639
24,-0.282476,0.0939791,3.99207
24,-0.773709,0.00838524,4.04181
24,-0.277704,0.0954318,4.01488
24,-0.622869,0.0219015,4.04358
24,-0.261964,0.0917746,4.02315
24,-0.989443,0.0672091,4.04364
24,-0.724171,0.0372744,4.05035
24,-1.09241,0.0839946,4.04326
24,-0.277363,0.0625308,4.06493
24,-0.274372,0.07257,4.06263
24,-0.662219,0.0242435,4.09521
24,-0.811072,-0.00821859,4.11131
24,-0.272517,0.0791967,4.08351
24,-0.770341,0.0128926,4.12427
24,-0.735229,-0.0329469,4.13755
24,-0.594786,0.0759829,4.10676
24,-0.652498,0.0467595,4.12539
24,-0.695737,0.0479928,4.1293
24,-0.728406,-0.0129414,4.15148
24,-0.698963,-0.087952,4.17214
24,-0.696195,0.0197678,4.14802
24,-0.468963,-0.0114652,4.15789
24,1.10665,-0.102573,4.17436
24,-0.696789,-0.0077306,4.17004
24,1.10835,-0.0756747,4.17042
24,-0.659143,-0.0522659,4.18533
24,-0.674931,-0.0511714,4.18933
24,0.176404,-1.17988,4.5009
24,-0.486828,0.013114,4.17864
24,-0.691035,-0.0787278,4.20786
24,-0.500982,-0.0552939,4.20359
24,-0.664939,-0.0226001,4.19797
24,-0.468031,-0.033047,4.20224
24,-0.665241,-0.041325,4.21254
24,-0.665261,-0.0368772,4.21219
24,-0.431782,0.0444859,4.18911
24,-0.628611,-0.104223,4.23597
24,-1.80077,-0.923031,4.48132
24,-0.172826,-0.0733841,4.31257
24,-0.172068,-0.0825074,4.32251
24,-0.351999,-0.101144,4.34006
24,-0.736057,-0.126076,4.37954
24,0.222096,-0.442405,4.76971
24,0.247625,-0.441987,4.77351
24,0.408738,-0.311507,4.73641
24,0.263108,-0.493527,4.8434
24,0.174157,-0.527165,4.86115
24,0.210442,-0.509841,4.85651
24,0.160336,-0.397038,4.82833
24,0.177079,-0.385775,4.83716
24,-1.69946,-0.346682,4.84982
24,0.177531,-0.420377,4.84959
24,0.0522955,-0.523412,4.89322
24,0.204178,-0.331797,4.84284
24,0.0795246,-0.427151,4.88457
24,-0.0180488,-0.443774,4.91894
24,0.0969895,-0.429413,4.91889
24,0.0753569,-0.382847,4.92896
24,-0.0459035,-0.388261,4.94716
24,-0.052522,-0.34704,4.97385
24,-0.242328,-0.322707,5.27562
24,-0.393609,-0.331747,5.67316
24,-0.360512,-0.302846,5.67243
24,-0.853375,-0.669188,5.78544
24,-0.436524,-0.348794,5.7104
24,-0.8362,-0.615171,5.79091
24,-0.39575,-0.315498,5.71432
24,-0.432159,-0.331395,5.73263
24,-0.148741,0.0596775,3.73433
23,-0.148741,0.0596775,3.73433
24,-1.19669,0.341819,2.93277
23,-1.19669,0.341819,2.93277
24,-0.431361,-0.051799,4.24857
22,-0.431361,-0.051799,4.24857
24,0.110803,0.277791,3.40617
22,0.110803,0.277791,3.40617
24,-0.617602,-0.0696359,4.34346
22,-0.617602,-0.0696359,4.34346
24,-0.822261,0.400762,2.84143
22,-0.822261,0.400762,2.84143
24,-0.563122,-0.0372202,4.15408
17,-0.563122,-0.0372202,4.15408
24,0.224188,-0.753043,4.78139
17,0.224188,-0.753043,4.78139
24,-0.00617345,0.0810482,3.33376
15,-0.00617345,0.0810482,3.33376
24,-0.27819,-0.282325,5.94533
21,-0.27819,-0.282325,5.94533
24,-1.9005,-0.47231,5.51661
21,-1.9005,-0.47231,5.51661
25,-0.0420815,-0.139116,3.47787
25,-0.131313,-0.0919228,3.42189
25,0.459085,0.00512691,3.20236
25,-0.0434547,-0.140157,3.46593
25,-0.134052,-0.0942938,3.45385
25,0.463933,-0.00328165,3.19711
25,0.0521856,-0.0822927,3.40784
25,0.063701,-0.0941768,3.44957
25,0.457944,-0.00657993,3.16731
25,0.449315,-0.00659988,3.17691
25,0.440961,-0.0367885,3.18894
25,0.452617,-0.0671898,3.20025
25,0.761643,0.146317,3.02498
25,0.770838,0.128778,3.0615
25,0.155207,0.526359,2.47905
25,0.155691,0.512319,2.48678
25,-0.132673,-0.0836787,3.46523
25,-0.132255,-0.105198,3.45432
25,-0.0892417,-0.0948937,3.47583
25,-0.0998979,-0.0836808,3.46532
25,0.030288,0.52883,2.49068
25,0.014687,0.508911,2.50863
25,-0.0169247,0.523903,2.50467
25,-0.00916694,0.507936,2.54335
25,0.0534887,-0.139413,3.49293
25,0.07559,-0.172624,3.49641
25,0.0754732,-0.249406,3.49101
25,0.0423033,-0.237563,3.47876
25,0.00939656,-0.160757,3.47817
25,0.0423183,-0.193758,3.48
25,0.0539259,0.521741,2.49433
25,-0.0738976,0.520024,2.56341
25,-0.257918,-0.0604531,3.38822
25,-0.246828,-0.103015,3.38264
25,-0.16427,-0.0613865,3.44053
25,-0.226575,-0.0392093,3.39879
25,-0.196357,-0.0937122,3.43255
25,-0.111951,-0.0293465,3.50058
25,0.109198,-0.217788,3.51365
25,0.233742,-0.209109,3.55444
25,0.199998,-0.19778,3.55224
25,0.23505,0.530147,2.49689
25,0.203476,0.506321,2.49586
25,0.0928216,0.527181,2.48292
25,0.0774479,0.529117,2.49204
25,0.713928,0.172618,2.98499
25,0.682583,0.171835,2.97145
25,0.78589,0.0525631,3.12128
25,0.593793,0.232009,2.90377
25,0.588599,0.196711,2.92345
25,0.489399,0.197596,2.9366
25,0.47539,0.174884,3.02418
25,0.419089,-0.0666718,3.17558
25,0.499892,0.00342016,3.18005
25,0.472297,-0.0671188,3.19687
25,0.550989,-0.00661799,3.18562
25,0.574986,-0.0370019,3.20743
25,0.739658,0.05349,3.17631
25,0.725699,0.189598,2.95626
25,0.1434,-0.263882,3.53752
25,-0.0667313,0.510873,2.59909
25,0.057155,0.452957,2.6437
25,-0.0340297,0.51204,2.60503
25,0.0571295,0.436091,2.64251
25,-0.0235602,-0.117175,3.48664
25,-0.0994781,-0.14861,3.45076
25,-0.164895,-0.137844,3.45362
25,-0.0235591,-0.183126,3.48647
25,-0.03691,-0.336539,3.72443
25,0.266089,-0.241574,3.53751
25,0.668967,0.379826,2.6569
25,0.684072,0.311306,2.71689
25,0.427232,0.48552,2.47011
25,0.502756,0.498758,2.45858
25,0.604045,-0.359335,3.84262
25,-0.0412849,-0.30597,3.69561
25,-0.0272459,-0.31929,3.68796
25,-0.388393,0.469806,2.63534
25,-0.391516,0.453481,2.65653
25,-0.4162,0.438203,2.6861
25,-0.444141,0.445808,2.67078
25,-0.0919423,-0.157134,3.49517
25,-0.105182,-0.157157,3.49568
25,0.0808968,-0.17233,3.53562
25,0.0138578,-0.157215,3.49696
25,0.0406591,-0.198566,3.52641
25,-0.344469,-0.0355206,3.25709
25,-0.358738,-0.0852763,3.27485
25,-0.262471,-0.061161,3.31089
25,-0.313065,-0.086349,3.31604
25,-0.411564,0.0389378,3.30103
25,-0.404899,-0.0231295,3.24757
25,-0.0126866,-0.118292,3.51988
25,-0.0654693,-0.130637,3.49386
25,-0.192684,-0.0758023,3.40588
25,-0.214701,-0.0365048,3.34734
25,-0.168812,-0.128798,3.44468
25,-0.205319,-0.114321,3.40173
25,-0.0917824,-0.0908553,3.48909
25,-0.130431,-0.1033,3.46374
25,-0.30656,0.486469,2.6177
25,-0.28166,0.48485,2.66321
25,-0.309511,0.461154,2.6429
25,-0.341272,0.463548,2.65662
25,-0.362949,0.455472,2.66819
25,0.271832,-0.242476,3.58381
25,0.345609,-0.301938,3.6469
25,0.418741,-0.291018,3.68333
25,0.358075,-0.328313,3.63339
25,0.245501,-0.202447,3.59534
25,0.205014,-0.216391,3.60101
25,0.698752,0.150145,3.02522
25,0.69259,0.160166,2.99854
25,0.669206,0.179625,2.94556
25,0.356531,0.141519,2.85142
25,0.401953,0.101667,2.94715
25,0.495777,0.0134985,3.19229
25,0.461557,-0.07136,3.20628
25,0.488109,0.200769,2.92886
25,0.352692,0.150667,2.82072
25,0.777778,0.0602651,3.11244
25,0.707294,0.0136176,3.22047
25,0.724774,0.201871,2.94492
25,0.759857,0.127905,3.04073
25,0.149826,-0.201837,3.5845
25,-0.242585,0.497448,2.67678
25,-0.105831,-0.0250502,3.51725
25,0.0533545,-0.0907268,3.48415
25,-0.555458,-0.0111513,3.34016
25,-0.287286,0.0139885,3.30814
25,-0.319459,0.00144767,3.25339
25,-0.0259907,-0.184784,3.51805
25,0.040542,-0.237906,3.51626
25,0.738501,-0.719817,4.23885
25,0.686092,-0.747215,4.21247
25,0.681338,-0.353375,3.91074
25,0.597787,-0.339536,3.75758
25,0.585054,0.199817,2.91497
25,0.572734,-0.0229155,3.2175
25,0.659171,0.380424,2.63781
25,0.0597104,0.445479,2.60965
25,0.484817,0.194564,2.87001
25,0.490892,0.183808,2.90597
25,0.589493,0.199111,2.93708
25,0.592621,0.186761,2.95267
25,0.814746,0.20206,2.98059
25,0.8175,0.189164,2.99066
25,-0.338067,0.461373,2.67901
25,-0.3617,0.46049,2.67388
25,0.567525,-0.0299447,3.18824
25,0.749531,0.189145,2.99035
25,0.731711,0.201553,2.97311
25,-0.477018,0.478666,2.64021
25,-0.444592,0.458337,2.66138
25,-0.512732,0.41391,2.76832
25,-0.521999,0.383002,2.81835
25,-0.600252,-0.0320079,3.40793
25,-0.517926,0.125722,3.10036
25,-0.207854,0.548218,2.57282
25,-0.23919,0.506701,2.66154
25,-0.161202,0.548466,2.57399
25,-0.125476,0.510691,2.56038
25,-0.0648515,0.536506,2.46533
25,-0.0679818,0.503735,2.58433
25,-0.0912649,-0.0955939,3.46943
25,-0.122554,-0.111151,3.46336
25,-0.042068,0.575843,2.44227
25,-0.00885592,0.557038,2.45715
25,0.082566,-0.175541,3.49304
25,0.0189546,-0.158227,3.46121
25,0.0357998,0.535198,2.45932
25,0.0136723,0.50931,2.49662
25,0.111582,0.578687,2.40797
25,0.0797981,0.541845,2.43898
25,0.229833,-0.179073,3.56332
25,0.244063,-0.209756,3.53511
25,0.15737,0.508808,2.43986
25,0.124273,0.531545,2.44254
25,0.350593,0.127981,2.83829
25,0.392159,0.0930689,2.95739
25,0.457193,-0.0293664,3.12666
25,0.46191,-0.0726961,3.15892
25,0.657267,0.199444,2.942
25,0.680619,0.175303,2.98584
25,0.83331,0.135213,2.99869
25,0.835191,0.0809361,3.00546
25,-0.341001,-0.0459076,3.29502
25,-0.317547,-0.0926758,3.36352
25,-0.353437,-0.0901447,3.27166
25,-0.16948,-0.0324811,3.4583
25,-0.229027,-0.0320253,3.40977
25,-0.199161,-0.0789035,3.42866
25,0.727419,0.163122,3.01122
25,0.482581,0.0131394,3.10732
25,0.457035,0.16787,2.85924
25,0.362099,0.140332,2.8275
25,0.713542,0.342407,2.70004
25,0.810474,0.259682,2.86963
25,0.594027,0.416828,2.55508
25,0.665277,0.372746,2.65421
25,0.773994,0.12299,3.03301
25,0.147252,-0.225027,3.52292
25,0.655227,-0.729214,4.21898
25,0.669364,-0.761814,4.18759
25,-0.555958,0.36728,2.79608
25,-0.39397,0.467703,2.64601
25,-0.422256,0.029342,3.34617
25,-0.400612,-0.0309297,3.29313
25,-0.288537,-0.001054,3.38147
25,-0.273519,-0.0625416,3.38562
25,-0.0313245,0.526195,2.46947
25,-0.0598137,-0.142976,3.47249
25,0.034895,-0.238341,3.48373
25,-0.0294577,-0.329559,3.61689
25,-0.148372,-1.18081,4.81012
25,-0.50461,0.0860214,3.19428
25,0.050629,-0.0958313,3.47804
25,-0.277182,0.485581,2.67835
25,0.751887,-0.710894,4.22395
25,0.273957,-0.239924,3.50687
25,0.34191,-0.339693,3.55116
25,0.236558,0.534682,2.45695
25,0.777409,0.0543758,3.04639
25,0.758852,0.38953,2.68685
25,0.695988,0.308719,2.72733
25,0.480154,-0.725173,4.1956
25,0.0612494,0.434488,2.59121
25,0.576364,0.199085,2.89789
25,0.480467,0.182853,2.89087
25,0.592844,0.41298,2.55999
25,0.649921,0.380046,2.62143
25,0.72555,0.338197,2.74548
25,0.826867,0.261571,2.8905
25,0.691331,0.455385,2.56315
25,0.740348,0.396865,2.6383
25,0.860159,0.359399,2.79402
25,1.29495,-0.639852,3.86438
25,1.30709,-0.67734,3.8382
25,0.806487,0.536836,2.48761
25,0.864499,0.492509,2.53856
25,-0.561206,-0.00718721,3.3778
25,-0.626274,-0.00689069,3.23845
25,-0.242923,0.786687,2.07431
25,-0.327541,0.800144,2.10979
25,-0.405513,-0.0250672,3.30872
25,-0.363926,-0.0779626,3.25917
25,-0.228944,-0.025479,3.36307
25,-0.281352,-0.0615647,3.33274
25,-0.349652,-0.0428757,3.29196
25,-0.188589,0.784426,2.09849
25,-0.0467395,-0.138456,3.43854
25,0.0284715,-0.234382,3.47195
25,0.222345,-0.162153,3.5471
25,0.0850036,-0.177183,3.46313
25,0.142081,-0.2535,3.4747
25,0.250699,0.590801,2.48656
25,0.195759,0.588545,2.47707
25,0.198019,0.527082,2.50567
25,0.213255,0.503519,2.52442
25,0.417067,0.511114,2.42976
25,0.505461,0.49339,2.47364
25,0.419157,0.500372,2.44194
25,0.663123,0.185483,2.93245
25,0.762587,0.124779,3.00973
25,-0.176501,-0.025849,3.41191
25,-0.121283,-0.119335,3.42743
25,-0.194894,-0.100105,3.40848
25,0.15634,0.524654,2.49413
25,0.11553,0.524452,2.49317
25,0.156828,0.512658,2.5019
25,0.575786,-0.0246319,3.25124
25,0.666025,-0.0436149,3.3487
25,0.562937,-0.0605827,3.27957
25,0.864289,0.184091,2.91045
25,0.460024,-0.0241345,3.18559
25,0.502477,-0.0421397,3.23543
25,0.445855,-0.0767511,3.20852
25,0.158714,0.667715,2.32952
25,0.0838228,0.639248,2.36507
25,0.0982342,0.610067,2.40238
25,-0.0756418,0.545261,2.52665
25,-0.159924,0.551071,2.55357
25,-0.0776436,0.50317,2.59351
25,-0.120304,0.51846,2.59933
25,-0.530325,0.489514,2.59603
25,-0.368541,0.45693,2.65321
25,-0.450332,0.381702,3.24205
25,-0.251712,0.512341,2.64078
25,-0.389308,0.475887,2.59885
25,0.251555,0.68221,2.25169
25,0.74062,-0.69244,4.18199
25,0.627937,-0.7623,4.19026
25,-0.98187,-0.719114,4.34309
25,0.538218,-0.271911,3.72706
25,0.650324,-0.37074,3.91287
25,0.902384,0.470174,2.56765
25,-0.51968,0.098835,3.23391
25,0.382055,0.596275,2.29875
25,0.338218,-0.316683,3.54626
25,0.0180715,0.811746,2.2037
25,-0.132327,0.778311,2.11293
25,0.0421554,0.752987,2.20743
25,-0.123146,0.734656,2.15369
25,-0.455075,0.471709,2.73902
25,-0.557374,0.236062,2.96573
25,0.701604,-0.0617794,3.34435
25,-0.0473584,0.590946,2.48717
25,-0.0873926,0.640616,2.4697
25,0.034071,0.552305,2.49626
25,0.373038,0.0890247,2.91292
25,0.174029,0.425979,2.5543
25,0.668404,0.728783,2.17115
25,0.754728,0.465387,2.54151
25,0.467376,-0.715488,4.18353
25,0.0495403,0.446756,2.59414
25,-0.367875,0.788051,2.0779
25,-0.170537,-1.13931,4.81932
25,0.924712,0.493456,2.52924
25,0.921742,0.475927,2.61463
25,1.26936,-1.33912,3.29514
25,1.65354,-0.988067,3.20466
25,1.62943,-0.718593,3.41775
25,1.65956,-0.790398,3.34341
25,-0.0507501,0.541303,2.52103
25,-0.149695,0.557975,2.52189
25,0.0129998,0.774113,2.15901
25,0.0411787,0.744936,2.15627
25,-0.0289781,0.750452,2.13189
25,0.226258,0.725452,2.31934
25,0.252548,0.684188,2.28285
25,0.167981,0.674344,2.35265
25,0.454809,-0.0240422,3.17342
25,0.437205,-0.0869102,3.1964
25,0.8215,0.13094,2.92749
25,0.139333,0.622265,2.38891
25,0.0767795,0.637227,2.38646
25,0.124898,0.549376,2.41176
25,-0.522923,0.388131,2.84848
25,-0.0637077,-1.13864,4.68687
25,-0.152758,-1.11759,4.60022
25,0.399033,0.582535,2.35459
25,0.420114,0.496896,2.3869
25,0.771371,-0.695061,4.22562
25,0.635118,-0.780254,4.23818
25,0.510052,-0.25964,3.55887
25,0.631213,-0.358623,3.87409
25,0.679941,0.462609,2.54146
25,0.51447,0.464834,2.46514
25,0.872031,-1.46044,3.71314
25,1.28663,0.10754,3.39762
25,0.86696,0.185796,2.88766
25,0.94301,0.733643,2.12359
25,0.877551,0.752898,2.09984
25,1.61228,-1.11891,3.04745
25,1.57139,-1.13593,3.20804
25,-0.248395,0.526486,2.69853
25,-0.40911,0.493526,2.71131
25,0.0207458,-0.228843,3.4455
25,0.272503,-0.163644,3.49637
25,0.133987,-0.252515,3.46121
25,0.341474,-0.324032,3.50041
25,0.862799,0.364847,2.81255
25,0.854036,0.313212,2.84461
25,1.67601,-0.852837,3.2482
25,-0.5145,0.082076,3.26817
25,-0.552374,-0.00349712,3.36884
25,-0.283426,-0.00344079,3.31452
25,-0.421963,-0.0256282,3.38279
25,-0.111871,0.704001,2.11795
25,-0.0332245,0.588747,2.44429
25,0.665145,0.187447,2.91332
25,0.72976,0.0384766,3.19633
25,0.752106,0.417771,2.6802
25,0.664815,0.382911,2.68151
25,0.824482,0.241054,2.87122
25,0.837123,0.598586,2.41947
25,0.781165,0.524405,2.44234
25,0.461263,0.182151,2.83101
25,0.347486,0.144005,2.809
25,0.570088,-0.024539,3.23899
25,0.255921,0.576129,2.45864
25,0.209696,0.500527,2.4823
25,0.160045,0.513663,2.46744
25,0.572408,0.219204,2.83146
25,0.164739,0.429097,2.5398
25,0.295461,0.679902,2.26855
25,0.653702,0.722251,2.13094
25,1.63878,-0.419069,3.34561
25,1.5972,-0.46839,3.94528
25,0.381266,-0.743822,4.18906
25,1.27285,-0.641288,3.74967
25,0.933653,-0.809875,3.97553
25,-0.179002,-0.0256744,3.38888
25,-0.512059,0.507871,2.69338
25,0.229284,-0.160825,3.53491
25,0.333089,-0.320369,3.46084
25,0.387915,0.587341,2.32486
25,0.411648,0.484365,2.35631
25,0.508538,-0.272789,3.54831
25,0.588819,-0.342789,3.70305
25,0.808547,-0.722767,4.42928
25,0.671457,-0.794528,4.44191
25,-1.07992,-0.695724,4.47889
25,-1.09113,-0.696188,3.89213
25,-1.05961,-0.861477,4.25615
25,-0.664729,0.35042,2.75691
25,-0.702841,0.270239,2.82312
25,-0.525907,0.514606,2.7103
25,-0.249243,0.535365,2.70775
25,-0.388896,0.464965,2.79537
25,0.00732914,-0.0766986,3.49272
25,0.00731433,-0.240626,3.48567
25,-0.101566,-0.212219,3.46835
25,0.170584,0.647937,2.34614
25,0.686691,0.464928,2.5542
25,0.540168,0.419992,2.525
25,0.841461,0.593086,2.42285
25,0.795215,0.504888,2.45614
25,0.864074,0.3565,2.80475
25,0.84507,0.185965,2.89028
25,0.760964,0.0990725,3.00591
25,0.71692,0.0294194,3.12221
25,0.724889,0.331226,2.77734
25,0.657064,0.382482,2.6785
25,0.814359,0.25151,2.86204
25,0.659251,0.207253,2.87106
25,-1.0891,-1.06142,3.77913
25,-1.11413,-1.06125,3.48636
25,-0.31,0.00531136,3.3678
25,-0.39478,-0.0482064,3.4155
25,-0.505804,0.0820517,3.2672
25,-0.570956,0.00528119,3.34864
25,-0.0334257,0.58267,2.45911
25,-0.138084,0.578404,2.61422
25,0.0480382,0.449162,2.70037
25,-0.0986955,0.546414,2.65815
25,0.234694,0.577788,2.4385
25,0.0791335,0.61566,2.36356
25,0.19895,0.507691,2.46978
25,0.141168,0.508944,2.47587
25,0.451893,0.160557,2.84193
25,0.605234,-0.0728073,3.31551
25,0.407363,-0.0951325,3.19181
25,0.562798,0.20494,2.83901
25,0.146035,-0.133047,3.53373
25,0.312106,0.6724,2.30383
25,0.658584,0.707785,2.13774
25,1.52535,-0.470065,3.79232
25,1.6766,-0.74553,3.54587
25,1.27032,-0.640014,3.74222
25,0.958925,-0.849038,4.03817
25,-0.533526,0.386692,2.86542
25,-1.06979,0.0607919,3.52045
25,-0.11147,0.698719,2.11036
25,-0.17142,-1.11558,4.61681
25,0.871741,-1.46307,3.67103
25,0.933806,0.700361,2.11532
26,0.103078,1.05536,1.68579
26,-0.505752,1.10675,1.69122
26,0.673561,1.08778,1.69028
26,-0.535012,1.12368,1.69408
26,0.676,1.08636,1.6919
26,0.10224,1.06402,1.71694
26,0.104484,1.06904,1.71929
26,0.193299,1.06627,1.72973
26,0.14229,1.03963,1.73719
26,0.152663,1.0393,1.74259
26,0.190487,1.07533,1.74143
26,-0.072617,1.0435,1.78404
26,-0.0728485,0.988785,1.82957
26,0.0156824,0.990454,1.84296
26,0.679511,0.977373,1.84871
26,-0.0769808,1.06275,1.84504
26,-0.165516,1.00256,1.85256
26,0.0211069,0.987553,1.85327
26,-0.164177,1.00795,1.85771
26,-0.0774609,0.994738,1.86506
26,0.95223,0.812618,1.8784
26,-0.0577994,0.996609,1.86704
26,-0.0804554,0.991818,1.86904
26,0.0125588,0.989162,1.87016
26,-0.0795223,0.998545,1.87067
26,-0.0772534,0.938649,1.8776
26,0.0174714,0.996367,1.87358
26,0.137859,0.975453,1.88385
26,-0.072791,0.934211,1.9089
26,0.650842,0.848224,1.99328
26,0.676944,0.855341,2.00916
26,-0.0689685,0.867678,2.0285
26,-0.0459465,0.844748,2.03855
26,0.678208,0.862078,2.03545
26,-0.0577307,0.867319,2.04509
26,-0.0449033,0.84655,2.05323
26,-0.0554482,0.824571,2.05686
26,-0.0736145,0.86756,2.054
26,-0.0524572,0.843783,2.06272
26,-0.205476,0.827703,2.06956
26,-0.289939,0.844928,2.06989
26,-0.0533773,0.824942,2.07108
26,0.684514,0.8585,2.06722
26,-0.163617,0.827517,2.07486
26,-0.0504322,0.823921,2.07538
26,-0.120754,0.863858,2.07345
26,0.000605946,0.81082,2.07803
26,-0.335265,0.791434,2.08185
26,-0.264643,0.789413,2.08331
26,-0.390727,0.863912,2.07866
26,0.0484963,0.810897,2.08558
26,-0.115567,0.857546,2.08985
26,0.0689839,0.805084,2.09412
26,-0.225385,0.841756,2.09334
26,-0.364557,0.846813,2.09551
26,-0.0575582,0.816906,2.09717
26,-0.116222,0.839671,2.0962
26,-0.048909,0.789678,2.10243
26,-0.197935,0.84754,2.10044
26,0.000257162,0.81635,2.10332
26,-0.00804151,0.816665,2.10351
26,-0.373705,0.852713,2.10229
26,-0.276914,0.825701,2.1045
26,-0.13401,0.8688,2.1005
26,-0.137265,0.831241,2.10442
26,0.0489234,0.827291,2.10499
26,0.0205286,0.802544,2.10766
26,-0.14022,0.846596,2.10457
26,0.0666842,0.814936,2.10682
26,-0.397832,0.866157,2.10431
26,-0.0639608,0.764189,2.11303
26,-0.0599661,0.759712,2.11383
26,-0.49724,0.83722,2.10854
26,-0.231917,0.850209,2.10721
26,-0.288628,0.797401,2.1127
26,-0.158025,0.823276,2.11126
26,-0.064158,0.82036,2.11201
26,-0.584991,0.84134,2.11418
26,-0.219339,0.796142,2.11768
26,0.31217,0.787745,2.11635
26,-0.329273,0.810014,2.11811
26,-0.170446,0.828135,2.11597
26,-0.139789,0.783957,2.12064
26,-0.379057,0.818282,2.12021
26,-0.204739,0.847054,2.11672
26,-0.0687315,0.763794,2.12487
26,-0.221696,0.803191,2.12188
26,-0.0425704,0.796265,2.12174
26,-0.136324,0.836462,2.11882
26,-0.275915,0.829268,2.121
26,-0.158906,0.825521,2.12141
26,-0.196318,0.850902,2.11974
26,0.0616009,0.808561,2.12368
26,-0.218289,0.811349,2.12564
26,0.302171,0.780811,2.12644
26,-0.259196,0.79829,2.12779
26,-0.0289034,0.794323,2.12827
26,-0.161536,0.827156,2.12851
26,-0.185673,0.803188,2.13252
26,-0.169273,0.794541,2.13461
26,-0.016594,0.822966,2.1311
26,-0.020601,0.762838,2.13708
26,-0.0668497,0.777601,2.14197
26,-0.136764,0.787249,2.14624
26,-0.113461,0.72781,2.15326
26,-0.0188685,0.77528,2.14868
26,-0.0160064,0.776598,2.14859
26,-0.0104234,0.775061,2.14898
26,0.298816,0.79113,2.14615
26,-0.0194879,0.758992,2.15317
26,-0.0504484,0.830903,2.14647
26,0.0233726,0.77476,2.15314
26,0.0544798,0.775318,2.15389
26,0.0498247,0.754079,2.15747
26,0.0262347,0.77685,2.15698
26,0.29734,0.785922,2.15679
26,-0.0169797,0.758024,2.16381
26,0.00449978,0.764491,2.16372
26,0.03101,0.750923,2.16503
26,0.6725,0.734758,2.16364
26,0.0541115,0.762931,2.16409
26,0.0259912,0.770991,2.16379
26,-0.147665,0.757041,2.16637
26,-0.131565,0.731258,2.1699
26,0.0485978,0.767738,2.16571
26,0.025285,0.750433,2.1692
26,-0.0357145,0.763693,2.17042
26,0.0178918,0.780506,2.17358
26,-0.0981285,0.731983,2.18054
26,-0.0976558,0.730133,2.19527
26,-0.126441,0.73905,2.19933
26,0.305246,0.793946,2.19747
26,-0.112714,0.732544,2.20656
26,0.252354,0.681032,2.22191
26,0.291822,0.701705,2.23384
26,0.287008,0.703323,2.24296
26,0.243446,0.712281,2.24366
26,0.29245,0.677471,2.24948
26,0.24869,0.679303,2.25212
26,0.250115,0.676412,2.25296
26,0.177009,0.70682,2.27602
26,0.153234,0.66409,2.31462
26,0.145358,0.660657,2.32624
26,0.145731,0.66662,2.32971
26,0.0669,0.600293,2.33823
26,0.726159,0.653632,2.33422
26,0.0814397,0.643166,2.34524
26,0.127193,0.641751,2.34599
26,0.0891277,0.641991,2.35019
26,0.401691,0.60602,2.35454
26,0.726676,0.650347,2.35234
26,0.172906,0.614582,2.36345
26,0.180487,0.609858,2.3649
26,0.178701,0.609715,2.3714
26,0.191001,0.58739,2.3751
26,0.404282,0.603353,2.37277
26,0.108176,0.599385,2.37473
26,0.731918,0.660489,2.36876
26,0.229273,0.605486,2.38195
26,0.131056,0.628429,2.38423
26,0.127446,0.599444,2.39604
26,0.246049,0.565796,2.40214
26,0.197331,0.589746,2.4002
26,0.171547,0.615345,2.39956
26,0.2479,0.560328,2.40459
26,0.220845,0.589202,2.40248
26,0.112131,0.600642,2.40261
26,0.229236,0.604563,2.40211
26,0.791969,0.608637,2.40131
26,-0.0342303,0.576155,2.41397
26,0.0906645,0.605747,2.41147
26,0.463467,0.543624,2.42045
26,0.461194,0.537825,2.4217
26,0.456363,0.545762,2.42424
26,0.22106,0.552086,2.42568
26,0.119974,0.579282,2.42759
26,0.253337,0.567037,2.42826
26,0.919708,0.579744,2.42425
26,0.825206,0.58308,2.42628
26,0.26339,0.56229,2.43282
26,0.472718,0.51312,2.43727
26,0.127789,0.571699,2.43381
26,0.104084,0.565189,2.44078
26,0.080403,0.566009,2.4412
26,-0.0725332,0.614067,2.43894
26,-0.032537,0.585805,2.44442
26,-0.0461719,0.570854,2.44861
26,0.12706,0.533605,2.45225
26,0.119188,0.533976,2.45369
26,0.0872818,0.527341,2.4573
26,0.23054,0.530634,2.45813
26,0.0481404,0.544643,2.45818
26,0.470302,0.510148,2.46083
26,-0.102871,0.558119,2.46426
26,0.0317375,0.530043,2.46905
26,0.757441,0.532136,2.47061
26,0.00801406,0.539368,2.47605
26,-0.0881771,0.542931,2.48103
26,-0.0401339,0.541423,2.48208
26,0.416859,0.526287,2.48176
26,0.424348,0.509577,2.48556
26,-0.132697,0.562271,2.48466
26,0.215937,0.493761,2.49294
26,-0.152998,0.545855,2.49119
26,-0.0787691,0.494788,2.50254
26,-0.111715,0.5126,2.50183
26,0.224699,0.501825,2.50256
26,0.022865,0.556883,2.49939
26,0.51646,0.502087,2.50549
26,0.0316028,0.527886,2.50585
26,0.171316,0.431626,2.52679
26,0.0114545,0.510108,2.52169
26,0.226333,0.503147,2.52403
26,-0.0175492,0.52098,2.52355
26,-0.163313,0.555234,2.52369
26,0.0595363,0.44966,2.5337
26,-0.115538,0.522915,2.52839
26,-0.0953128,0.543432,2.52715
26,-0.115329,0.534493,2.53022
26,0.16544,0.434613,2.54173
26,-0.58417,0.560963,2.535
26,-0.135242,0.535514,2.53528
26,0.553177,0.474275,2.55093
26,0.551555,0.474428,2.55268
26,0.565882,0.4693,2.55801
26,-0.166887,0.518327,2.55786
26,-0.109789,0.50008,2.56071
26,-0.0834777,0.49902,2.56141
26,0.164303,0.442244,2.5799
26,-0.257463,0.532347,2.57407
26,-0.169195,0.48976,2.57836
26,-0.208528,0.513042,2.57866
26,0.569751,0.445571,2.5833
26,-0.161472,0.486528,2.58513
26,0.0693078,0.462341,2.58759
26,0.797578,0.468027,2.58354
26,0.603901,0.436379,2.58944
26,0.129011,0.450511,2.591
26,0.570322,0.420945,2.59255
26,0.548816,0.426642,2.59211
26,-0.174594,0.476633,2.59211
26,-0.200916,0.47158,2.59397
26,0.170748,0.442699,2.59711
26,-0.310448,0.505315,2.5943
26,0.0491121,0.4537,2.60411
26,0.899875,0.454139,2.60133
26,0.513489,0.442767,2.61413
26,0.196724,0.434204,2.61713
26,0.910348,0.450891,2.61268
26,0.75673,0.422832,2.62026
26,0.130351,0.453569,2.62519
26,0.515736,0.449235,2.62484
26,0.522501,0.449848,2.64339
26,0.825253,0.397242,2.65198
26,0.775506,0.38809,2.71051
26,0.707113,0.351294,2.72456
26,0.686679,0.311581,2.82864
26,0.739788,0.288128,2.83623
26,0.703546,0.289331,2.83631
26,0.677493,0.290139,2.84142
26,0.679937,0.289934,2.85235
26,0.713176,0.256003,2.86196
26,0.763027,0.268901,2.86068
26,0.744736,0.260386,2.86272
26,0.758848,0.25432,2.86926
26,0.682238,0.253171,2.87161
26,0.756126,0.241492,2.87601
26,0.721934,0.223914,2.89106
26,0.658521,0.244319,2.89161
26,0.734539,0.220271,2.93244
26,0.638077,0.200995,2.93819
26,0.930544,0.162157,2.95029
26,0.980527,0.111223,3.01619
26,0.816407,0.129643,3.01876
26,0.562376,0.110761,3.05859
26,0.929057,0.0836605,3.07288
26,0.575493,0.11316,3.11936
26,0.700002,0.0304162,3.13268
26,0.597087,0.0598427,3.1885
26,0.670374,0.0326337,3.19787
26,-1.09105,0.0932493,3.25002
26,0.702999,-0.0469077,3.25779
26,0.711416,-0.0566307,3.27672
26,0.583382,-0.0707866,3.28796
26,-0.549018,-0.00670794,3.3396
26,0.134863,-0.244764,3.53423
26,0.640664,-0.337007,3.6351
26,0.487529,-0.894966,4.78827
26,-0.114514,-1.17056,4.94092
26,-0.118796,0.506779,2.5352
25,-0.118796,0.506779,2.5352
26,0.879153,0.236652,3.51552
25,0.879153,0.236652,3.51552
26,-0.177457,-0.18388,3.65625
25,-0.177457,-0.18388,3.65625
26,-0.156464,0.734164,2.08709
25,-0.156464,0.734164,2.08709
26,-0.676331,0.361399,2.81137
25,-0.676331,0.361399,2.81137
26,-0.39495,0.483947,2.6432
25,-0.39495,0.483947,2.6432
26,-0.463476,0.0451663,1.35927
25,-0.463476,0.0451663,1.35927
27,0.673544,1.07684,1.68379
27,0.153417,1.09162,1.70191
27,0.106378,1.07152,1.71422
27,0.194966,1.067,1.7455
27,-0.0715598,1.04229,1.77841
27,-0.0762592,1.05066,1.78353
27,0.671531,0.960961,1.83322
27,0.12663,0.971027,1.85398
27,-0.156617,0.996632,1.85499
27,-0.07642,0.986548,1.87124
27,0.132416,0.977269,1.87076
27,-0.074723,0.94027,1.8901
27,-0.0749595,0.9427,1.9129
27,-0.0528043,0.870256,2.00809
27,-0.0737416,0.874005,2.0738
27,-0.0914291,0.860897,2.08341
27,-0.0626533,0.82184,2.09601
27,0.0663526,0.819037,2.09792
27,-0.186627,0.790205,2.10155
27,0.0653952,0.806702,2.10215
27,-0.30646,0.792203,2.10601
27,0.0390747,0.80288,2.10731
27,-0.0794315,0.875769,2.11209
27,0.0532426,0.813012,2.12277
27,0.328428,0.795095,2.12944
27,0.0159215,0.771759,2.13445
27,-0.0281336,0.791953,2.13466
27,0.131453,0.795578,2.13729
27,-0.562313,0.790863,2.14818
27,0.0249615,0.770784,2.14726
27,-0.0787743,0.749124,2.15554
27,-0.079643,0.741671,2.16005
27,0.299521,0.737657,2.16171
27,0.0456252,0.75021,2.16492
27,-0.0728116,0.752765,2.16822
27,0.304075,0.737914,2.16675
27,0.67888,0.741629,2.19405
27,0.314548,0.736733,2.20498
27,0.236978,0.707413,2.24813
27,0.24619,0.685773,2.26038
27,0.223728,0.70021,2.26773
27,0.123885,0.661711,2.31943
27,0.0820399,0.63321,2.32187
27,0.138155,0.660778,2.32132
27,0.400512,0.599798,2.33537
27,0.115218,0.635255,2.34569
27,0.0865621,0.637799,2.35265
27,0.411817,0.599719,2.36708
27,0.121715,0.595759,2.39437
27,0.199924,0.565707,2.40675
27,0.237864,0.577663,2.4062
27,0.261861,0.561269,2.41348
27,0.252794,0.569454,2.41593
27,-0.0808022,0.625821,2.41956
27,0.86986,0.550149,2.42947
27,0.109848,0.562326,2.4529
27,0.130127,0.566292,2.45481
27,0.11217,0.567731,2.45837
27,0.0774669,0.564917,2.45975
27,0.0760657,0.570466,2.45959
27,-0.0413766,0.579284,2.46068
27,0.14822,0.540971,2.46623
27,0.232662,0.533451,2.4703
27,0.119579,0.540253,2.47727
27,0.0741343,0.543728,2.482
27,0.155535,0.528509,2.4846
27,0.0467731,0.545844,2.48644
27,-0.0363148,0.54298,2.49368
27,0.522018,0.501159,2.4926
27,0.471921,0.514146,2.49509
27,-0.0422536,0.548075,2.49755
27,0.92875,0.508753,2.49665
27,-0.168043,0.540041,2.5035
27,-0.0649943,0.536021,2.50458
27,0.200203,0.4977,2.50591
27,-0.0397607,0.506427,2.51265
27,0.233932,0.497576,2.51378
27,0.211561,0.509447,2.51337
27,-0.0719644,0.499563,2.51663
27,0.417977,0.506102,2.51366
27,0.0155868,0.505344,2.52099
27,-0.224437,0.529516,2.5218
27,-0.0598089,0.534212,2.52109
27,-0.160784,0.515445,2.52652
27,-0.197907,0.518224,2.5272
27,-0.0390915,0.5094,2.53884
27,0.744595,0.460665,2.53683
27,-0.192905,0.498929,2.5562
27,0.554566,0.429716,2.55712
27,0.947251,0.4682,2.55946
27,0.0746271,0.461132,2.58412
27,0.700789,0.437996,2.5827
27,0.804436,0.410548,2.5837
27,0.807209,0.409877,2.61192
27,-0.281216,0.465844,2.63705
27,-0.291974,0.456863,2.6403
27,0.678044,0.392663,2.68438
27,0.909699,0.327551,2.73748
27,-0.710113,0.40554,2.76052
27,0.842697,0.331764,2.75619
27,0.712014,0.316583,2.76914
27,0.738082,0.323125,2.76872
27,0.681338,0.309439,2.78658
27,0.724207,0.297454,2.79066
27,0.929583,0.326724,2.79008
27,0.840975,0.292672,2.80459
27,0.730973,0.221085,2.92452
27,0.659065,0.236336,2.93561
27,0.665951,0.211039,2.95245
27,0.608378,0.216316,2.96236
27,-0.588469,0.22475,2.98257
27,0.533234,0.187189,2.98522
27,0.676905,0.164359,2.99606
27,0.373381,0.14961,3.00676
27,0.757751,0.13365,3.02094
27,0.681076,0.127382,3.02976
27,0.647939,0.108988,3.04152
27,0.925126,0.0863854,3.0561
27,0.66259,0.103249,3.05793
27,0.696726,0.100391,3.06033
27,0.919118,0.0819459,3.07004
27,0.685434,0.112843,3.07608
27,0.66049,0.0992272,3.09276
27,0.584516,0.0423826,3.1535
27,0.682842,0.00763911,3.1706
27,0.683303,0.00431478,3.17411
27,0.422904,0.0334737,3.20466
27,0.621611,0.000855505,3.24546
27,0.615307,-0.0420677,3.29578
27,-0.361471,-0.0684327,3.31821
27,1.77385,-0.4739,3.49802
27,1.78863,-0.390044,3.50938
27,-0.0320541,-0.314992,3.65351
27,1.24219,-0.637119,3.67233
27,1.23772,-0.639528,3.71329
27,-0.0374593,0.512305,2.51896
26,-0.0374593,0.512305,2.51896
27,0.0724323,0.539601,2.50668
26,0.0724323,0.539601,2.50668
27,0.00571334,0.771658,2.20379
26,0.00571334,0.771658,2.20379
27,0.0257635,0.559207,2.53154
26,0.0257635,0.559207,2.53154
27,0.409145,0.0622569,3.08974
26,0.409145,0.0622569,3.08974
27,-0.244083,0.826924,2.04735
26,-0.244083,0.826924,2.04735
27,0.668045,0.169222,2.93178
26,0.668045,0.169222,2.93178
27,0.0689985,-0.248443,3.6034
26,0.0689985,-0.248443,3.6034
27,-0.573693,0.157334,3.14813
26,-0.573693,0.157334,3.14813
27,0.58123,-0.354421,3.83988
26,0.58123,-0.354421,3.83988
27,-0.612345,0.930011,1.98678
26,-0.612345,0.930011,1.98678
27,-0.637388,-0.00177948,3.30645
25,-0.637388,-0.00177948,3.30645
27,-0.583549,0.406925,2.80689
25,-0.583549,0.406925,2.80689
27,-0.535811,0.374647,2.58622
25,-0.535811,0.374647,2.58622
27,-1.50613,-0.559633,4.2603
25,-1.50613,-0.559633,4.2603
28,-0.131414,0.784922,2.08408
28,-0.000162393,0.766968,2.13319
28,0.0659309,0.766284,2.16598
28,0.282146,0.732358,2.23506
28,0.252093,0.723461,2.23079
28,0.272322,0.70376,2.23182
28,0.0971221,0.645904,2.34197
28,0.147617,0.614359,2.33944
28,0.150552,0.623418,2.35444
28,0.182802,0.622379,2.3659
28,-0.0712841,0.617167,2.34879
28,0.164968,0.525459,2.42336
28,-0.0443796,0.550444,2.42118
28,-0.0167965,0.549266,2.43182
28,-0.148092,0.550036,2.44938
28,-0.0276282,0.467595,2.48592
28,-0.038085,0.467486,2.48811
28,-0.0459373,0.46891,2.51328
28,-0.220735,0.495921,2.50374
28,0.901188,0.468666,2.64016
28,-0.268359,0.458337,2.50477
28,-0.27143,0.459024,2.51726
28,-0.235081,0.457986,2.52303
28,-0.385462,0.376745,2.61793
28,0.816934,0.326875,2.77126
28,0.80244,0.244711,2.86852
28,0.781765,0.199008,2.88823
28,0.585824,0.204904,2.91038
28,0.568673,0.167779,2.93398
28,0.679246,0.101384,3.00405
28,0.765401,0.0536057,3.03907
28,0.683935,0.00961399,3.05909
28,0.686307,-0.00666559,3.07166
28,0.784021,0.0332557,3.10401
28,-0.623781,-0.0654439,2.93011
28,-0.519885,-0.0097056,2.98425
28,0.67463,-0.0275415,3.12757
28,-0.477572,-0.0794794,3.06875
28,-0.38533,-0.127194,3.06851
28,-0.369481,-0.131119,3.0824
28,0.380999,-0.130209,3.18524
28,-0.424451,-0.103105,3.127
28,-0.296756,-0.128475,3.13426
28,-0.298914,-0.163501,3.13615
28,-0.259126,-0.104932,3.16352
28,0.426415,-0.169576,3.23723
28,-0.305678,-0.12584,3.16852
28,-0.26186,-0.149199,3.16716
28,0.393403,-0.155995,3.24941
28,-0.27014,-0.153671,3.2246
28,-0.264549,-0.15503,3.22778
28,-0.254148,-0.141232,3.23888
28,-0.273559,-0.159602,3.23089
28,-0.308114,-0.202663,3.22229
28,-0.188333,-0.15722,3.26085
28,-0.234963,-0.179171,3.25061
28,-0.228355,-0.176524,3.25505
28,-0.227502,-0.18108,3.25886
28,-0.170907,-0.200601,3.26806
28,-0.254309,-0.23254,3.24833
28,-0.131969,-0.193263,3.2796
28,-0.232512,-0.181383,3.27877
28,-0.172461,-0.252282,3.26603
28,-0.137302,-0.195916,3.28845
28,-0.0536791,-0.217595,3.29358
28,-0.103685,-0.22663,3.28721
28,-0.164236,-0.236433,3.28292
28,-1.03397,-0.101871,3.23047
28,-0.095181,-0.249969,3.29493
28,-0.127879,-0.201435,3.30746
28,-0.105197,-0.252443,3.30932
28,-0.0274679,-0.26846,3.32244
28,-0.0575755,-0.28725,3.31343
28,0.0124791,-0.240657,3.33699
28,0.00190383,-0.235889,3.34193
28,-0.0587616,-0.234521,3.33547
28,-0.0344461,-0.270947,3.33008
28,0.103088,-0.274567,3.34639
28,0.0419479,-0.264493,3.34621
28,-0.0232559,-0.237883,3.34771
28,0.037529,-0.263684,3.35032
28,0.0820705,-0.267229,3.35635
28,1.29077,-1.53159,3.09038
28,-0.0723449,-0.297952,3.33277
28,0.0974569,-0.306669,3.36598
28,0.101458,-0.30304,3.36827
28,-0.112725,-0.265138,3.35819
28,0.0356062,-0.319624,3.36357
28,0.192958,-0.298368,3.39075
28,0.104153,-0.303197,3.38007
28,0.113726,-0.316757,3.38166
28,0.0436105,-0.260927,3.41047
28,0.0943398,-0.330444,3.39401
28,0.0512305,-0.309209,3.39675
28,0.106796,-0.295543,3.40826
28,1.30694,-1.5698,3.15147
28,0.0968257,-0.335871,3.41064
28,0.0796127,-0.334428,3.41952
28,0.306237,-0.400417,3.54525
28,1.18787,-0.686657,3.57856
28,0.252619,-0.462339,3.5479
28,0.48033,-0.418596,3.59808
28,0.295623,-0.436019,3.57385
28,0.44919,-0.467807,3.60487
28,0.845792,-1.4457,3.35665
28,0.527728,-0.479355,3.64118
28,0.828464,-1.69849,3.29301
28,0.606176,-0.495648,3.65731
28,-0.0589238,-0.480375,3.58554
28,0.629641,-0.511159,3.66862
28,-0.89923,-1.78383,3.11542
28,0.83402,-1.38783,3.44291
28,-1.13253,-1.24871,3.27026
28,0.858335,-1.51259,3.42149
28,-1.01877,-1.71363,3.14408
28,0.841023,-1.76483,3.39795
28,-1.07139,-1.39452,3.29798
28,0.646747,-1.84789,3.39964
28,0.645716,-1.73907,3.43729
28,-1.0141,-1.27192,3.42244
28,-0.593686,-1.96193,3.3514
28,0.898032,-0.920422,3.86213
28,0.78517,-1.25019,3.78098
28,0.905897,-1.10384,3.84468
28,0.85399,-1.08797,3.84849
28,0.679819,-0.783646,3.93497
28,0.797724,-0.988066,3.88417
28,0.798244,-1.01224,3.87855
28,0.752475,-0.921095,3.94066
28,0.779152,-1.55683,3.75499
28,0.707094,-1.27727,3.86018
28,0.706814,-0.888742,3.98755
28,0.697632,-1.02675,3.96054
28,0.671933,-0.863935,4.02307
28,0.662305,-0.851915,4.02839
28,0.649794,-0.933513,4.02488
28,0.636088,-0.825327,4.05963
28,0.598734,-0.837835,4.05495
28,0.599183,-0.874199,4.04376
28,-0.613234,-2.14418,3.49812
28,0.76453,-0.998121,4.02537
28,0.599745,-0.899878,4.03969
28,0.600838,-0.878098,4.05975
28,-1.06561,-0.857116,3.89274
28,0.600242,-0.87744,4.09799
28,0.60062,-0.893238,4.09601
28,0.601552,-0.925857,4.0943
28,0.434052,-0.997732,4.40234
28,-0.191122,-2.31308,3.93381
28,-0.07944,-2.28405,3.99342
28,0.380334,-1.04379,4.47442
28,0.352686,-1.07227,4.5044
28,-0.204185,-2.41634,4.07762
28,-0.0989688,-2.36336,4.12819
28,-0.256553,-1.51717,4.63141
28,-0.271615,-1.49651,4.63796
28,-0.276455,-1.45482,4.74086
28,-0.297774,-1.55004,4.74381
28,-0.276192,-1.49004,4.80675
28,-0.423905,-1.47548,4.93224
28,-0.750735,-1.67932,5.56424
28,-0.763971,-2.03442,5.74912
28,-1.03121,-0.969207,3.93438
27,-1.03121,-0.969207,3.93438
28,0.799372,0.357017,2.64813
26,0.799372,0.357017,2.64813
28,0.594743,0.349289,2.14263
26,0.594743,0.349289,2.14263
28,-0.164623,-0.0989742,2.84765
25,-0.164623,-0.0989742,2.84765
28,-0.138896,-0.643656,3.14372
25,-0.138896,-0.643656,3.14372
28,-0.234491,-0.68304,3.23988
25,-0.234491,-0.68304,3.23988
28,-0.750338,-0.744562,2.63509
25,-0.750338,-0.744562,2.63509
28,0.383171,-0.0890801,3.0229
25,0.383171,-0.0890801,3.0229
28,-0.742639,-0.734192,2.60158
25,-0.742639,-0.734192,2.60158
29,0.482314,0.0115377,3.10962
29,-0.62534,0.0178518,3.03961
29,-0.414789,-0.0154681,3.15316
29,-0.294392,-0.0307143,3.201
29,-0.271467,-0.0735452,3.17761
29,-0.289671,-0.0297941,3.20854
29,-0.605235,-0.0575808,3.18526
29,-0.619573,-0.132092,3.25329
29,-0.216669,-0.147605,3.31745
29,-0.084064,-0.176949,3.35542
29,-0.133331,-0.115718,3.4205
29,1.23767,-1.82531,2.56209
29,1.31345,-1.88006,2.54201
29,1.28389,-2.11739,2.41085
29,-0.0445304,-0.320639,3.36468
29,1.23068,-1.58015,2.75685
29,1.23094,-1.61261,2.73702
29,1.22039,-1.60074,2.74568
29,0.809654,-1.60401,2.79843
29,0.865737,-1.77628,2.97628
29,0.863725,-1.79342,2.99424
29,0.797932,-1.60083,3.26192
29,-0.64593,-1.71039,3.00739
29,-0.845162,-1.90817,2.85944
29,-0.826134,-1.80255,2.93917
29,-0.859106,-1.89516,2.87649
29,1.31893,-0.774698,3.89498
29,-0.844961,-1.66738,3.03535
29,-1.05065,-1.18064,3.31252
29,-0.867857,-1.81935,2.95525
29,-0.858573,-2.05538,2.81867
29,-1.03541,-1.67539,3.03513
29,0.64217,-1.66769,3.28259
29,-0.860652,-1.92839,2.90929
29,0.643836,-1.68232,3.28888
29,0.669547,-1.68595,3.29607
29,-0.866629,-1.69975,3.07212
29,-0.853949,-1.98109,2.89939
29,-1.01898,-2.11616,2.80106
29,-0.887402,-1.65105,3.13053
29,-0.94608,-1.69476,3.10197
29,-0.894726,-2.10593,2.86887
29,-0.897891,-1.66296,3.14959
29,0.644697,-1.71711,3.33416
29,-0.958728,-1.69925,3.16655
29,0.6499,-1.71656,3.385
29,-1.02302,-1.61359,3.21821
29,0.659273,-1.70984,3.3948
29,-0.929018,-1.65078,3.20976
29,-0.942736,-1.60088,3.24926
29,-0.948814,-1.643,3.22537
29,0.668468,-1.70236,3.41979
29,-0.954046,-1.2837,3.48487
29,0.655676,-1.74559,3.42191
29,0.573694,-1.28226,3.71361
29,0.676675,-1.73626,3.49983
29,0.458077,-1.32549,3.78986
29,-1.11978,-1.83695,3.25354
29,-1.05446,-0.922045,3.84959
29,0.553391,-1.49245,3.74676
29,0.37948,-1.42564,3.84859
29,0.335767,-1.26419,3.94666
29,0.499371,-1.22212,3.99947
29,-0.244569,-2.67648,2.98618
29,0.465129,-1.39381,3.90957
29,0.381414,-1.44876,3.88293
29,0.333019,-1.3001,3.99382
29,0.738872,-0.877103,4.32989
29,-0.221763,-2.68104,3.06406
29,-0.254952,-2.45794,3.21933
29,-1.02764,-0.873031,4.11419
29,-1.11142,-1.01165,4.02117
29,0.722094,-0.905906,4.34817
29,0.187421,-1.6422,3.81872
29,-0.22964,-2.66021,3.16035
29,0.224313,-1.51867,3.95176
29,-1.06736,-0.913822,4.16212
29,-0.233762,-2.63637,3.21839
29,-0.234929,-2.59011,3.25822
29,-0.276346,-2.83115,3.10468
29,-0.271599,-2.52473,3.29825
29,-0.636026,-2.34516,3.36107
29,-0.64757,-2.22814,3.44657
29,-0.621012,-2.23467,3.44884
29,0.268821,-1.84095,3.82821
29,-0.641177,-2.23046,3.45947
29,-0.65066,-2.37477,3.3742
29,-0.630135,-2.24719,3.45747
29,-0.605818,-2.49962,3.30799
29,-0.622656,-2.01549,3.61286
29,-0.626725,-2.03233,3.60436
29,-0.256067,-2.55329,3.33386
29,-0.160955,-1.9913,3.7006
29,-0.25562,-2.73501,3.22147
29,-0.62446,-2.03918,3.61387
29,-0.25711,-2.62988,3.29917
29,-0.230462,-2.7003,3.26002
29,0.192165,-1.73199,3.9405
29,-0.623447,-2.03831,3.63584
29,-0.225464,-2.65535,3.32232
29,-0.661919,-2.46894,3.37859
29,0.222595,-1.58904,4.06399
29,-0.663758,-2.40606,3.42698
29,-0.154101,-2.04848,3.72494
29,-0.154952,-2.03846,3.74223
29,-0.63352,-2.53998,3.36082
29,-0.667504,-2.27975,3.52448
29,-0.667428,-2.54403,3.36307
29,0.114324,-1.88074,3.90768
29,-0.647302,-2.58477,3.38044
29,-0.171321,-2.08545,3.80585
29,-0.165792,-2.62608,3.51433
29,-0.112,-3.06274,3.29379
29,-0.171085,-2.13891,3.86656
29,-0.0845049,-2.97018,3.35704
29,-0.114072,-2.86356,3.4409
29,-0.17717,-2.15606,3.87707
29,-0.163945,-2.14717,3.88797
29,-0.0883569,-2.89276,3.46745
29,-0.0594554,-3.11189,3.33488
29,-0.21443,-1.28802,4.50869
29,-0.120457,-2.80721,3.57356
29,-0.175857,-1.3038,4.5418
29,-0.173723,-2.9626,3.5017
29,-0.176438,-2.8662,3.59468
29,-0.095692,-2.85267,3.61649
29,-0.151324,-1.48041,4.49019
29,-0.220688,-1.31284,4.59065
29,-0.20163,-1.32601,4.59081
29,-0.0771873,-3.27961,3.46431
29,-0.119836,-2.98144,3.74962
29,-0.0814813,-3.56204,3.49971
29,-0.0552473,-3.63197,3.55973
29,0.660852,-1.69566,3.44287
28,0.660852,-1.69566,3.44287
29,-0.912894,-1.05668,3.07761
25,-0.912894,-1.05668,3.07761
30,1.34923,-2.20155,2.61313
30,1.32979,-1.29018,3.23815
30,1.39751,-2.35063,2.52779
30,1.28279,-1.08847,3.38099
30,1.24113,-1.11077,3.4226
30,1.28149,-2.31316,2.61971
30,1.39276,-2.42734,2.60287
30,1.36592,-2.42987,2.61465
30,1.17555,-2.38684,2.83505
30,1.13204,-2.57621,2.7453
30,0.880065,-1.76068,3.25621
30,0.986188,-2.54992,2.75669
30,1.00906,-2.5545,2.77337
30,0.875721,-1.77356,3.28637
30,0.987021,-2.50491,2.82583
30,0.875069,-1.43503,3.5544
30,0.880029,-1.79521,3.30886
30,0.925888,-0.824613,3.98758
30,0.882006,-1.44559,3.58017
30,0.749421,-2.02166,3.22903
30,-0.806244,-1.66089,3.14866
30,-0.631595,-1.71428,3.16315
30,0.758063,-2.05119,3.2635
30,0.757317,-2.03983,3.2732
30,0.723818,-2.63163,2.86282
30,-0.850062,-2.05077,2.93442
30,-0.876792,-1.6285,3.21957
30,0.791301,-2.64054,2.87864
30,-0.861043,-1.84102,3.07894
30,-0.941042,-2.11178,2.87937
30,-0.857242,-1.95031,3.01392
30,-0.945591,-2.60293,2.54848
30,0.811683,-2.14756,3.23535
30,-1.00159,-2.08198,2.89526
30,0.425369,-0.714936,4.14005
30,0.674445,-1.62663,3.56721
30,0.675702,-1.64567,3.55627
30,0.666046,-1.6633,3.54217
30,0.818813,-2.25569,3.16832
30,-0.867966,-2.07195,2.93668
30,0.823878,-2.0875,3.28733
30,0.623686,-1.67279,3.53265
30,0.437027,-0.725202,4.14952
30,-0.873816,-2.57543,2.60249
30,-0.841359,-1.83264,3.12465
30,0.799941,-2.67516,2.90101
30,0.851136,-2.2479,3.2088
30,0.907386,-2.65058,2.9572
30,0.671666,-1.6499,3.62359
30,0.912281,-2.67765,2.98496
30,0.551045,-1.39552,3.848
30,-0.691737,-1.81895,3.30445
30,-1.03195,-0.764838,4.02584
30,-0.756076,-2.15067,3.41791
30,-0.627699,-2.2358,3.4508
30,-0.621572,-1.91436,3.69763
30,-0.616666,-1.95273,3.67418
30,-0.633404,-1.99204,3.64986
30,-0.612392,-2.38577,3.3845
30,-0.595399,-2.39686,3.38883
30,-0.258212,-2.55509,3.44771
30,-0.0875828,-1.93921,3.91177
30,-0.267607,-2.79627,3.29625
30,-0.258031,-2.62436,3.42461
30,-0.265078,-2.51418,3.49954
30,-0.262609,-2.62036,3.43042
30,-0.27549,-2.72128,3.36422
30,-0.234182,-2.68784,3.39781
30,-0.294704,-2.77879,3.32604
30,-0.258003,-2.7377,3.36692
30,-0.0609831,-2.7556,3.43347
30,-0.0982368,-1.96962,3.96641
30,-0.292906,-2.54216,3.53635
30,-0.230379,-2.72201,3.43166
30,-0.0844917,-2.77143,3.43556
30,-0.0871647,-2.67248,3.50404
30,-0.273307,-2.65658,3.47898
30,-0.239692,-2.57732,3.54395
30,-0.281471,-2.78158,3.40276
30,-0.0399414,-2.87258,3.39426
30,-0.0606767,-2.84151,3.41321
30,-0.284526,-2.76992,3.41566
30,-0.0677634,-2.78272,3.4544
30,-0.231798,-2.63084,3.52421
30,-0.0927107,-2.69168,3.5122
30,-0.0752282,-2.68382,3.53021
30,-0.0997521,-2.59556,3.61156
30,-0.100053,-2.59369,3.61413
30,-0.199054,-2.53526,3.64631
30,-0.2341,-2.77728,3.49398
30,-0.10002,-2.01175,4.04896
30,-0.196575,-2.96982,3.38725
30,-0.205293,-2.55722,3.67961
30,-0.094037,-2.67104,3.66064
30,-0.0696628,-2.65952,3.69174
30,-0.182443,-2.07549,4.08516
30,-0.235055,-2.567,3.76019
30,-0.219914,-2.61792,3.73762
30,-0.2124,-2.55834,3.79415
30,-0.252736,-2.39794,3.91775
30,-0.334026,-3.28449,3.36679
30,-0.360381,-3.43002,3.4592
30,-0.363252,-3.60097,3.41706
31,1.35205,-2.0133,3.02261
31,1.3485,-2.01699,3.02067
31,1.37645,-2.37712,2.8514
31,1.35308,-1.81691,3.1776
31,1.36071,-1.79805,3.21957
31,0.908908,-1.48298,3.6396
31,0.851903,-1.89397,3.48953
31,0.851503,-1.86594,3.50372
31,-0.974164,-1.17093,3.3603
31,0.70825,-1.69235,3.66176
31,0.699168,-1.66963,3.70064
31,0.660652,-1.75536,3.65049
31,0.633245,-1.64158,3.7688
31,0.636059,-0.79562,4.22343
31,0.691553,-0.802403,4.23974
31,0.679958,-0.776243,4.29533
31,0.686301,-0.820509,4.32594
31,0.764049,-0.757948,4.39158
31,-0.892209,-0.614292,4.04823
31,0.270093,-1.69966,3.90361
31,-0.319098,-2.97211,3.45175
31,-0.323536,-2.80446,3.54274
31,-0.381097,-3.05077,3.51593
31,-0.282517,-2.05784,4.16277
31,-0.270773,-1.07658,4.66365
31,-0.205129,-1.12399,4.6703
31,-0.0920919,-1.80713,3.86167
30,-0.0920919,-1.80713,3.86167
31,-0.557665,-1.74786,3.59868
30,-0.557665,-1.74786,3.59868
31,-1.04438,-1.03084,3.46206
30,-1.04438,-1.03084,3.46206
31,-1.02637,-1.09176,3.43635
29,-1.02637,-1.09176,3.43635
31,-0.834541,-0.572859,3.72453
29,-0.834541,-0.572859,3.72453
31,0.108724,-0.242435,4.27838
25,0.108724,-0.242435,4.27838
32,-0.288241,0.77758,2.06701
32,-0.241625,0.775952,2.07608
32,-0.152676,0.746558,2.09097
32,-0.102299,0.733647,2.10075
32,-0.108327,0.734479,2.10275
32,-0.160199,0.767517,2.10927
32,-0.104639,0.717598,2.11345
32,-0.0670686,0.73808,2.1372
32,0.0206922,0.787232,2.17841
32,-0.0191876,0.769656,2.17088
32,0.295825,0.700148,2.22993
32,0.256171,0.674552,2.23478
32,0.388592,0.601442,2.27002
32,-0.644356,0.758982,2.22891
32,0.741862,0.555198,2.40138
32,0.0826972,0.636606,2.34537
32,0.10262,0.599939,2.36213
32,0.528311,0.427919,2.42554
32,0.103203,0.563125,2.38927
32,0.134437,0.558273,2.39681
32,-0.0783554,0.620464,2.38018
32,0.202171,0.58877,2.41655
32,-0.015858,0.586021,2.38888
32,0.0786634,0.550855,2.39828
32,0.0840789,0.547148,2.40157
32,0.13076,0.554127,2.40907
32,0.157929,0.525555,2.41639
32,-0.0445523,0.581536,2.41023
32,0.491365,0.431311,2.46041
32,-0.0453024,0.580279,2.41981
32,-0.00140889,0.554949,2.4329
32,-0.0483878,0.576565,2.4337
32,0.159546,0.517349,2.45808
32,0.0344113,0.55125,2.45029
32,-0.0616023,0.53203,2.45557
32,-0.023835,0.530995,2.4721
32,0.0139271,0.520446,2.49011
32,0.0378559,0.508565,2.50193
32,-0.00761644,0.503864,2.51517
32,-0.0391402,0.497013,2.53628
32,-0.0744057,0.517121,2.53573
32,-0.045362,0.499572,2.54043
32,-0.138815,0.500244,2.53785
32,0.752105,0.410101,2.65023
32,-0.118745,0.516339,2.55171
32,-0.629278,0.481412,2.48175
32,-0.574442,0.555303,2.49962
32,-0.61879,0.507455,2.49462
32,-0.216404,0.546234,2.55519
32,-0.177319,0.496621,2.56055
32,-0.118053,0.527356,2.57466
32,-0.169053,0.544652,2.57208
32,-0.614157,0.477354,2.50554
32,-0.13427,0.506685,2.57818
32,-0.0718756,0.506129,2.58733
32,-0.575649,0.537354,2.53342
32,-0.0589826,0.491928,2.59927
32,-0.259622,0.487818,2.57568
32,-0.246704,0.509316,2.59415
32,-0.298454,0.476076,2.58457
32,-0.277002,0.475035,2.58797
32,-0.287936,0.491437,2.59118
32,-0.252481,0.502856,2.61251
32,-0.243293,0.488549,2.61283
32,-0.393245,0.468435,2.59741
32,-0.200722,0.486748,2.62538
32,-0.0914822,0.4886,2.64058
32,-0.440402,0.464011,2.59746
32,-0.335043,0.450137,2.61383
32,-0.283438,0.473931,2.62624
32,-0.357741,0.444032,2.61284
32,-0.284731,0.455121,2.62768
32,-0.263,0.454085,2.632
32,-0.307302,0.448979,2.62597
32,-0.115048,0.498141,2.66067
32,-0.226669,0.459729,2.6416
32,-0.248604,0.468192,2.64087
32,-0.362596,0.446765,2.6314
32,-0.257406,0.501142,2.6538
32,-0.109026,0.491094,2.67286
32,-0.542786,0.494002,2.61629
32,-0.287695,0.457282,2.64621
32,-0.368612,0.452579,2.63955
32,-0.440182,0.4473,2.63063
32,-0.517424,0.496158,2.6288
32,-0.551091,0.453181,2.63302
32,-0.449086,0.451678,2.64635
32,-0.534769,0.466687,2.63794
32,-0.41173,0.473156,2.65972
32,-0.418685,0.439573,2.6554
32,-0.656311,0.397636,2.62263
32,-0.575808,0.393591,2.64557
32,-0.432839,0.420801,2.67185
32,-0.560523,0.427204,2.65999
32,-0.666112,0.387183,2.64329
32,0.928906,0.125065,2.82135
32,-0.38298,0.454178,2.70075
32,-0.391627,0.442228,2.70776
32,0.928286,0.123712,2.8381
32,0.456624,0.19407,2.79461
32,-0.562651,0.390969,2.69232
32,0.810022,0.271501,2.85688
32,0.846198,0.202956,2.85228
32,-0.567966,0.393054,2.69826
32,-0.62281,0.34267,2.68561
32,0.978182,0.149408,2.89832
32,-0.524254,0.407709,2.77104
32,0.816512,0.103594,2.93332
32,-0.561287,0.371422,2.79026
32,-0.534168,0.38916,2.80531
32,-0.529375,0.377019,2.80508
32,-0.571592,0.365286,2.79899
32,-0.563461,0.357914,2.80245
32,-0.687629,0.2877,2.78178
32,-0.53993,0.370029,2.82296
32,-0.690401,0.293692,2.80771
32,-0.623833,0.31562,2.82114
32,-0.528204,0.368211,2.84448
32,-0.576113,0.313117,2.8309
32,-0.584916,0.298366,2.86809
32,-1.04034,-0.640478,2.68491
32,-0.664931,0.229614,2.87065
32,-0.564591,0.250489,2.88827
32,-0.666763,0.225314,2.87583
32,-0.573561,0.247829,2.9066
32,-0.610996,0.213464,2.89699
32,0.682135,0.126891,3.06086
32,-0.611403,0.205525,2.90579
32,0.432218,0.000232726,3.02605
32,0.45763,-0.00172409,3.06249
32,0.421556,-0.042203,3.0583
32,-0.605413,0.217039,2.96719
32,-0.566813,0.153081,3.00831
32,-0.581247,0.210627,3.03001
32,0.727025,0.0286204,3.19091
32,-0.57712,0.156863,3.04323
32,-0.595636,0.0382803,3.02843
32,0.64211,-0.0277437,3.21696
32,-0.596778,0.0302098,3.0622
32,-0.0164408,-0.220747,3.11628
32,-0.565115,0.0948884,3.11683
32,-0.385808,-0.0151209,3.13268
32,-0.384227,-0.0136267,3.13494
32,0.689304,-0.0557615,3.27279
32,-0.61764,0.0371826,3.13114
32,-0.333217,-0.0196861,3.16667
32,-0.610031,0.00770736,3.14823
32,-0.612048,0.0144594,3.14895
32,-0.319011,0.00245872,3.19452
32,-0.461134,0.0320288,3.19536
32,-0.342016,-0.0275644,3.21179
32,0.328704,-0.261844,3.27424
32,-0.277348,-0.0121815,3.23526
32,-0.268158,-0.0195006,3.23827
32,-0.312855,-0.0160056,3.25212
32,-0.261179,-0.0612805,3.26544
32,-0.27643,-0.0226083,3.29257
32,-0.29311,-0.0782399,3.29168
32,-0.294847,0.0161592,3.30883
32,-0.241176,-0.102292,3.30237
32,-0.556759,0.00453758,3.28171
32,-0.241039,-0.103001,3.31929
32,0.0206735,-0.209075,3.33993
32,-0.263813,-0.0790302,3.32219
32,-0.252122,-0.0478933,3.33677
32,-0.280938,-0.0273845,3.33842
32,-0.559268,-0.0120305,3.305
32,-0.593187,-0.0836543,3.29417
32,-0.297884,0.0135431,3.34792
32,-0.276863,-0.0576958,3.34166
32,-0.557497,-0.00951195,3.31794
32,-0.275584,-0.0890854,3.35169
32,-0.306038,-0.0888675,3.35644
32,-0.161796,-0.137225,3.36861
32,-0.189343,-0.124202,3.36753
32,0.0239756,-0.213475,3.38412
32,0.0803978,-0.232067,3.38938
32,0.0441183,-0.195859,3.39493
32,-0.226874,-0.0448954,3.3813
32,-0.30497,-0.0842909,3.36574
32,-0.188869,-0.0862348,3.38139
32,0.0216895,-0.21876,3.39109
32,-0.188768,-0.0532795,3.3924
32,-0.198417,-0.0572082,3.39113
32,-0.23392,-0.0535765,3.38775
32,0.0777158,-0.166298,3.41426
32,-0.225438,-0.0499477,3.39203
32,0.102179,-0.230618,3.41051
32,-0.603358,-0.0832982,3.34033
32,0.0461471,-0.187265,3.41433
32,-0.170004,-0.0698763,3.40311
32,-0.162008,-0.129611,3.39597
32,-0.139993,-0.100424,3.40428
32,-0.10213,-0.103854,3.41362
32,0.0503655,-0.125077,3.43435
32,0.0144609,-0.179681,3.42237
32,-0.094096,-0.154614,3.41266
32,-0.132556,-0.113066,3.41374
32,-0.557662,-0.0403349,3.36817
32,-0.54876,-0.053129,3.37073
32,-0.0541152,-0.137874,3.42729
32,0.0838497,-0.184714,3.44006
32,0.263902,-0.177013,3.46594
32,-0.102663,-0.0866489,3.43437
32,0.0479,-0.120639,3.45337
32,0.0841066,-0.176518,3.45162
32,-0.203365,-0.0965633,3.42642
32,-0.122694,-0.120172,3.43652
32,-0.0162084,-0.182438,3.44309
32,-0.14305,-0.0762556,3.44181
32,-0.167237,-0.0753768,3.44108
32,-0.0262124,-0.178516,3.44572
32,-0.202588,-0.0497441,3.44102
32,0.010529,-0.156578,3.45513
32,-0.132551,-0.11352,3.443
32,-0.169363,-0.135718,3.43508
32,-0.0161774,-0.173762,3.45218
32,0.140081,-0.247677,3.46242
32,-0.061442,-0.14182,3.45303
32,-0.070185,-0.13146,3.45398
32,0.273346,-0.231035,3.48656
32,0.00434342,-0.155576,3.46258
32,0.0821831,-0.173663,3.47127
32,0.263726,-0.229825,3.49256
32,0.152495,-0.244663,3.47729
32,0.336043,-0.278767,3.50719
32,0.0982375,-0.195113,3.4994
32,0.040351,-0.132178,3.52006
32,0.142316,-0.209934,3.52724
32,0.35301,-0.317605,3.54826
32,0.337085,-0.282954,3.55368
32,0.206496,-0.232758,3.57433
32,0.195052,-0.229671,3.5872
32,0.0929692,-0.146559,3.60275
32,0.0927422,-0.154791,3.61619
32,0.913297,-0.79523,3.89925
32,0.304756,-0.680682,3.96764
32,0.68851,-0.484154,4.3017
32,-1.06297,-0.8455,4.0252
32,-1.04092,-0.900955,4.13521
32,-1.06386,-0.881971,4.1769
32,-1.05144,-0.931257,4.17769
32,-1.03734,-0.70087,4.24633
32,0.659502,-0.857116,4.45549
32,-0.98777,-0.738769,4.2975
32,-1.05707,-0.697044,4.33587
32,-0.142326,-1.06621,4.40401
32,-1.04708,-0.68537,4.34907
32,-1.04829,-0.692728,4.36437
32,-0.105646,-1.19841,4.68423
32,-1.5664,-0.136102,5.12321
32,0.141837,-0.256158,3.49326
26,0.141837,-0.256158,3.49326
32,0.876699,0.0707363,3.15783
26,0.876699,0.0707363,3.15783
32,0.151474,-0.235058,3.4688
26,0.151474,-0.235058,3.4688
32,-0.241519,0.486007,2.3815
27,-0.241519,0.486007,2.3815
32,0.34325,-0.300389,3.62996
25,0.34325,-0.300389,3.62996
32,-0.602906,-0.0801939,3.31565
25,-0.602906,-0.0801939,3.31565
32,-0.572913,0.795715,2.15248
25,-0.572913,0.795715,2.15248
32,0.837418,0.422396,2.71073
25,0.837418,0.422396,2.71073
32,-0.228613,0.519861,2.53434
28,-0.228613,0.519861,2.53434
32,-1.2306,-0.246054,3.52292
28,-1.2306,-0.246054,3.52292
32,-0.973883,-1.02812,3.29366
29,-0.973883,-1.02812,3.29366
32,-1.01392,-0.263334,2.88232
29,-1.01392,-0.263334,2.88232
33,0.111036,1.04903,1.66838
33,-0.351153,1.15167,1.56303
33,0.204733,1.05429,1.70983
33,0.13157,1.02836,1.71978
33,-0.524061,1.09765,1.63786
33,-0.495572,1.09052,1.66152
33,-0.491968,1.08546,1.6657
33,-0.520839,1.09768,1.68419
33,-0.074246,0.955474,1.82571
33,-0.761338,1.07973,1.70225
33,-0.41756,0.922425,1.91675
33,-0.0852493,0.861494,1.99957
33,-0.0867153,0.860693,2.00048
33,-0.447875,0.913609,1.92037
33,-0.445774,0.910071,1.92656
33,-0.0483017,0.834815,2.02204
33,-0.0723322,0.856779,2.02223
33,0.0482225,0.803465,2.05421
33,-0.431007,0.932248,1.94044
33,0.0695353,0.801601,2.06324
33,0.0725227,0.798202,2.06792
33,-0.0546149,0.812459,2.051
33,0.00516987,0.802662,2.06557
33,-0.430721,0.934545,1.96073
33,-0.660143,0.931974,1.91102
33,-0.112769,0.850303,2.04603
33,-0.652642,0.933532,1.92049
33,-0.385433,0.849406,1.99451
33,-0.188444,0.833626,2.04496
33,-0.185235,0.830827,2.04661
33,-0.584629,0.880166,1.95561
33,-0.145327,0.801077,2.06089
33,-0.466466,0.876419,1.98427
33,-0.385586,0.842652,2.00832
33,-0.0542169,0.815964,2.08604
33,-0.145156,0.80295,2.06676
33,-0.132937,0.825763,2.06816
33,-0.622787,0.912937,1.95367
33,-0.129751,0.819019,2.07078
33,-0.627144,0.914666,1.95871
33,-0.159151,0.734918,2.07644
33,-0.150463,0.806201,2.07382
33,-0.474315,0.873886,1.99686
33,0.0619305,0.80781,2.12236
33,-0.201375,0.831176,2.06214
33,0.0148992,0.762152,2.11972
33,-0.0127565,0.817911,2.10971
33,-0.175708,0.795794,2.077
33,-0.499005,0.8512,2.00414
33,-0.158423,0.763202,2.08914
33,-0.360008,0.829087,2.04046
33,-0.140574,0.786318,2.09357
33,-0.358982,0.825441,2.04211
33,-0.492369,0.842657,2.01194
33,-0.498237,0.857663,2.00965
33,-0.163727,0.820956,2.08794
33,-0.457844,0.838102,2.02182
33,-0.391307,0.79272,2.04006
33,-0.271607,0.805862,2.06613
33,-0.477593,0.855572,2.01707
33,-0.267983,0.828517,2.06601
33,-0.278769,0.84283,2.06293
33,-0.0788092,0.734183,2.11557
33,-0.249959,0.826852,2.07342
33,-0.278059,0.84468,2.06657
33,-0.603706,0.847635,1.99357
33,-0.162264,0.777684,2.09963
33,0.0562324,0.808689,2.1464
33,-0.278279,0.811719,2.07293
33,-0.132234,0.767784,2.10895
33,-0.359058,0.780832,2.05783
33,-0.137485,0.735075,2.11278
33,-0.218183,0.791792,2.09073
33,-0.506405,0.858793,2.02289
33,-0.276575,0.815064,2.07893
33,-0.365663,0.833994,2.0584
33,-0.225101,0.793283,2.09314
33,-0.450747,0.793184,2.04362
33,-0.25253,0.828155,2.08604
33,-0.0900832,0.711781,2.13091
33,-0.48707,0.812953,2.0355
33,-0.394641,0.799379,2.05994
33,-0.277948,0.787702,2.08771
33,-0.291821,0.783252,2.08737
33,-0.33495,0.795156,2.07718
33,-0.560362,0.817369,2.02601
33,0.0467026,0.745546,2.16785
33,-0.309651,0.79905,2.08574
33,-0.402386,0.855528,2.06125
33,-0.275802,0.785823,2.095
33,-0.376288,0.781332,2.07364
33,-0.316262,0.800106,2.08574
33,-0.306343,0.779302,2.08986
33,-0.568118,0.826551,2.02822
33,-0.106113,0.71489,2.14025
33,-0.321404,0.800297,2.09024
33,-0.139115,0.746527,2.13665
33,-0.301185,0.782347,2.09811
33,-0.38081,0.763325,2.08206
33,-0.362166,0.790124,2.0856
33,-0.333956,0.794637,2.09315
33,-0.278027,0.815086,2.1046
33,-0.48988,0.827761,2.05733
33,-0.510175,0.798792,2.0576
33,-0.560224,0.823403,2.04515
33,-0.450179,0.792915,2.0737
33,-0.496813,0.793692,2.06345
33,-0.0955402,0.719062,2.16069
33,-0.457636,0.795825,2.07654
33,-0.49673,0.801123,2.07073
33,-0.82214,0.827883,2.0036
33,-0.524697,0.82175,2.07239
33,-0.902962,0.838247,1.98762
33,-0.600486,0.788251,2.12251
33,0.14321,0.655947,2.29937
33,0.133962,0.63775,2.31119
33,0.119807,0.632701,2.30943
33,-0.565826,0.772936,2.14669
33,-0.729444,0.744617,2.11346
33,0.0923155,0.629643,2.30836
33,-0.718159,0.803257,2.11476
33,0.128705,0.622041,2.32861
33,-0.653926,0.768997,2.14543
33,-0.799933,0.767225,2.11517
33,-0.704266,0.765459,2.13687
33,-0.793445,0.768908,2.11723
33,0.0901437,0.627369,2.3259
33,-0.627286,0.727506,2.17422
33,-0.567195,0.740575,2.18939
33,-0.682206,0.714969,2.17332
33,-0.629053,0.737799,2.1934
33,-0.575706,0.746949,2.20565
33,-0.761024,0.751374,2.16514
33,-0.685856,0.735214,2.18364
33,-0.60174,0.685848,2.20807
33,-0.688186,0.727301,2.1871
33,-0.659264,0.70707,2.19966
33,-0.663903,0.691092,2.20677
33,0.139046,0.554264,2.39632
33,0.109324,0.558694,2.40228
33,-0.0751601,0.602311,2.36033
33,0.120474,0.537289,2.41918
33,-0.719026,0.653813,2.23006
33,0.0236995,0.550294,2.41777
33,0.107891,0.558631,2.43757
33,0.0798048,0.562341,2.43521
33,-0.0322935,0.577721,2.41843
33,0.118005,0.52897,2.45819
33,0.154225,0.531912,2.46766
33,-0.728193,0.65126,2.26368
33,0.0745848,0.527314,2.45614
33,0.0269497,0.547995,2.44561
33,0.0471666,0.538193,2.45216
33,-0.740249,0.646058,2.26867
33,-0.743918,0.654359,2.27111
33,0.0165849,0.52751,2.45323
33,-0.616325,0.631158,2.30553
33,0.00222287,0.529404,2.45294
33,-0.0695034,0.525548,2.44292
33,0.0399912,0.518566,2.47146
33,-0.130923,0.53645,2.43528
33,-0.571389,0.626326,2.3303
33,0.0327647,0.544022,2.47166
33,-0.0792551,0.525174,2.4505
33,-0.057808,0.522534,2.45575
33,-0.0986113,0.514189,2.45297
33,-0.159115,0.535354,2.44157
33,-0.684272,0.648259,2.3196
33,-0.0330725,0.497474,2.47757
33,-0.682373,0.640926,2.32239
33,-0.611355,0.632413,2.34403
33,-0.0322657,0.522064,2.48447
33,-0.620569,0.632076,2.34867
33,-0.0187628,0.512607,2.49313
33,-0.153095,0.537273,2.46486
33,-0.143039,0.511475,2.46974
33,-0.589984,0.593095,2.38609
33,-0.561695,0.553805,2.39801
33,-0.157422,0.503407,2.50443
33,-0.645986,0.582566,2.40558
33,-0.665184,0.575693,2.4024
33,-0.154326,0.475587,2.52592
33,-0.148435,0.474975,2.54117
33,-0.638518,0.554215,2.43123
33,-0.271267,0.441361,2.53151
33,-0.233424,0.457466,2.53913
33,-0.299859,0.486323,2.5262
33,-0.658402,0.562216,2.44394
33,-0.579718,0.566139,2.46539
33,-0.650857,0.518402,2.45533
33,-0.634904,0.486055,2.46581
33,-0.660444,0.529042,2.45813
33,-0.313682,0.487842,2.54706
33,-0.33231,0.474332,2.55153
33,-0.27395,0.451253,2.56923
33,-0.660938,0.521958,2.47954
33,-0.356091,0.477264,2.551
33,-0.578645,0.539257,2.49812
33,-0.305025,0.455066,2.56549
33,-0.367211,0.483406,2.55361
33,-0.585676,0.513568,2.50349
33,-0.357568,0.457529,2.55961
33,-0.304576,0.491731,2.56928
33,-0.323771,0.441383,2.57026
33,-0.361654,0.453996,2.56429
33,-0.400089,0.466683,2.56043
33,-0.590984,0.51105,2.51458
33,-0.344139,0.41975,2.5778
33,-0.373539,0.439322,2.57369
33,-0.579328,0.488749,2.52804
33,-0.64884,0.478877,2.515
33,-0.412392,0.452044,2.57086
33,-0.395716,0.417552,2.58838
33,-0.624258,0.478046,2.53359
33,-0.550033,0.468709,2.56372
33,-0.58605,0.490981,2.55757
33,-0.528981,0.465986,2.57796
33,-0.468648,0.442245,2.59358
33,-0.679079,0.43984,2.54843
33,-0.41979,0.419365,2.61037
33,-0.44866,0.458255,2.60392
33,-0.450981,0.464363,2.60849
33,-0.65555,0.436574,2.56582
33,-0.417352,0.416447,2.62428
33,-0.529554,0.473936,2.60288
33,-0.444648,0.427142,2.62887
33,-0.631183,0.456667,2.5919
33,-0.472143,0.41721,2.63071
33,-0.448522,0.422187,2.63681
33,-0.508029,0.451228,2.62749
33,-0.507601,0.441055,2.63714
33,-0.495475,0.410955,2.65361
33,-0.545953,0.425493,2.64248
33,-0.445083,0.419198,2.67366
33,-0.668318,0.424237,2.62516
33,-0.538769,0.415881,2.65674
33,-0.671202,0.410121,2.63564
33,-0.545938,0.394542,2.66758
33,-0.633734,0.410273,2.65099
33,-0.521893,0.396224,2.68328
33,-0.556038,0.391898,2.67828
33,-0.678114,0.406934,2.6508
33,-0.550247,0.39637,2.68497
33,-0.607466,0.397833,2.67645
33,-0.661761,0.385264,2.67076
33,-0.643168,0.393443,2.67587
33,-0.669523,0.388072,2.67286
33,-0.597542,0.368909,2.69145
33,-0.687364,0.369758,2.67167
33,-0.548722,0.337725,2.72649
33,-0.688871,0.36341,2.69693
33,-0.575529,0.332216,2.7246
33,-0.623198,0.355218,2.71367
33,-0.647344,0.352969,2.70963
33,-0.653314,0.345243,2.71213
33,-0.700689,0.295324,2.7086
33,-0.7208,0.278524,2.70877
33,-0.660863,0.35053,2.71793
33,-0.499792,0.359107,2.75414
33,-0.699377,0.296279,2.71637
33,-0.68714,0.270143,2.77062
33,-0.603893,0.283112,2.84476
33,-0.613016,0.274997,2.86884
33,-0.565182,0.24679,2.88797
33,-0.6498,0.247581,2.89544
33,-0.628617,0.23433,2.9169
33,-0.567372,0.2085,2.93616
33,-0.549058,0.207321,2.94282
33,-0.640337,0.195075,2.93615
33,-0.543392,0.157293,2.99188
33,-0.566172,0.118118,3.02667
33,-0.567061,0.121837,3.02645
33,-1.1467,0.153749,2.91829
33,-0.503496,0.106324,3.07363
33,-1.14908,0.150597,2.94313
33,-1.06934,0.0518433,3.00289
33,-1.08687,0.0496931,3.00488
33,-0.944489,0.129882,3.06067
33,-1.02429,0.0678054,3.05393
33,-1.093,0.042759,3.05067
33,-1.00587,0.00126752,3.10582
33,-0.88588,0.0584026,3.12893
33,-1.03905,0.092314,3.09605
33,-1.03215,0.0836457,3.10427
33,-1.04845,0.0624094,3.10302
33,-0.573923,-0.0107247,3.215
33,-0.621349,-0.0250914,3.21938
33,-0.888491,0.0643126,3.15515
33,-0.547092,-0.0101713,3.24125
33,-0.541347,-0.0214981,3.28083
33,-0.625633,-0.0235332,3.26326
33,-1.03052,0.00135034,3.17433
33,-0.581262,-0.031095,3.28656
33,-0.928304,0.0653878,3.21378
33,0.706673,-0.77666,4.11569
33,-0.159866,0.502226,2.50384
26,-0.159866,0.502226,2.50384
33,-0.137546,0.460728,2.33546
26,-0.137546,0.460728,2.33546
33,-0.121238,0.730771,1.72386
26,-0.121238,0.730771,1.72386
33,-0.699472,0.232604,2.95837
26,-0.699472,0.232604,2.95837
33,-0.438948,-0.0617459,3.46408
26,-0.438948,-0.0617459,3.46408
33,0.597814,0.206224,3.00049
26,0.597814,0.206224,3.00049
33,0.498561,-0.928107,4.92355
26,0.498561,-0.928107,4.92355
33,-0.285919,0.435525,1.5595
32,-0.285919,0.435525,1.5595
33,0.0817912,0.548643,2.3772
32,0.0817912,0.548643,2.3772
33,-0.200439,0.343683,1.23758
32,-0.200439,0.343683,1.23758
33,-0.483355,0.11681,2.92488
25,-0.483355,0.11681,2.92488
33,-0.507091,0.356598,2.48115
25,-0.507091,0.356598,2.48115
33,-0.536925,0.0706393,3.11338
25,-0.536925,0.0706393,3.11338
34,0.110067,1.06483,1.68642
34,0.0977849,1.05665,1.70174
34,-0.360156,1.17158,1.57097
34,-0.0700441,1.04877,1.75671
34,-0.828491,1.19462,1.48144
34,-0.154318,0.98274,1.80239
34,-0.831971,1.10567,1.57489
34,-0.793752,1.11094,1.69865
34,-0.780605,1.06508,1.74681
34,-0.786883,1.07555,1.74357
34,-0.748542,1.05851,1.76018
34,-0.112232,0.84587,2.02099
34,-0.769176,1.0882,1.76611
34,-0.728079,1.00922,1.79056
34,-0.828917,1.03635,1.76402
34,-0.703473,0.991855,1.81737
34,-0.735643,1.00915,1.80988
34,-0.739447,1.02047,1.81327
34,-0.74527,1.01522,1.81276
34,-0.718255,0.988993,1.8303
34,-0.810477,1.00388,1.79881
34,-0.0297876,0.762705,2.10771
34,-0.0566009,0.756774,2.10434
34,-0.128291,0.828247,2.07079
34,-0.71916,0.99973,1.84146
34,-0.212024,0.835247,2.04282
34,-0.71519,0.963547,1.85056
34,-0.380453,0.881465,1.98241
34,-0.188638,0.840682,2.05611
34,-0.164947,0.823765,2.07012
34,-0.155249,0.815904,2.07896
34,-0.761515,0.953447,1.8502
34,-0.134561,0.776419,2.09455
34,-0.698812,0.951722,1.87451
34,-0.762045,0.9483,1.85305
34,-0.702478,0.970343,1.87211
34,-0.723999,0.975085,1.86474
34,-0.202874,0.791565,2.07236
34,-0.292221,0.83959,2.03489
34,-0.0178954,0.774994,2.14183
34,-0.27352,0.835433,2.04472
34,-0.663235,0.928542,1.89839
34,-0.385803,0.847587,2.00703
34,-0.484697,0.881766,1.96845
34,-0.367006,0.850411,2.01491
34,-0.219609,0.845539,2.069
34,-0.647536,0.925806,1.90796
34,-0.279594,0.842084,2.05133
34,-0.357029,0.836348,2.02825
34,-0.0751674,0.738526,2.14284
34,-0.333026,0.85199,2.04054
34,-0.388897,0.847258,2.02153
34,-0.35692,0.830747,2.03585
34,-0.464223,0.880174,1.99185
34,-0.188779,0.77508,2.10288
34,-0.206862,0.779144,2.09743
34,-0.769474,0.957514,1.87597
34,-0.390335,0.825073,2.02792
34,-0.146078,0.773076,2.1215
34,-0.244542,0.78094,2.08674
34,-0.602341,0.913606,1.9446
34,-0.363383,0.792744,2.05143
34,-0.623551,0.928455,1.94353
34,-0.598806,0.891417,1.95867
34,-0.474519,0.858311,2.00731
34,-0.684342,0.879921,1.93177
34,-0.48585,0.893205,2.00139
34,-0.676897,0.897123,1.93433
34,-0.657613,0.943962,1.93578
34,-0.606487,0.918163,1.9591
34,-0.595674,0.899827,1.96551
34,-0.476567,0.85837,2.01298
34,-0.588825,0.89035,1.96926
34,-0.388968,0.800892,2.05161
34,-0.288082,0.852222,2.08375
34,-0.141272,0.755159,2.14785
34,-0.539812,0.867443,1.99588
34,-0.371877,0.796991,2.06638
34,-0.459186,0.848005,2.02987
34,-0.824951,0.911933,1.8925
34,-0.525049,0.86237,2.00695
34,-0.373545,0.799133,2.06886
34,-0.320782,0.781257,2.09062
34,-0.393483,0.796828,2.06348
34,-0.319173,0.806887,2.09034
34,-0.397057,0.849566,2.05816
34,-0.595679,0.906281,1.98308
34,-0.571019,0.873311,1.9971
34,-0.561881,0.864259,2.0017
34,-0.566425,0.825187,2.00982
34,-0.598783,0.864025,1.99573
34,-0.566944,0.873476,2.00649
34,-0.802138,0.915744,1.91882
34,-0.568933,0.833791,2.0143
34,-0.818508,0.920681,1.91569
34,-0.698253,0.888168,1.96357
34,-0.825224,0.915382,1.91622
34,-0.628096,0.865593,1.99858
34,-0.606061,0.85972,2.01054
34,-0.814664,0.916401,1.93476
34,-0.746196,0.874564,1.96968
34,-0.577156,0.834437,2.03482
34,-0.484392,0.811666,2.07956
34,0.169504,0.622227,2.33991
34,-0.559766,0.826214,2.06106
34,-0.483801,0.816986,2.08949
34,-0.53673,0.814503,2.0717
34,-0.650739,0.839566,2.03447
34,-0.501347,0.807793,2.09201
34,-0.756076,0.879152,1.99802
34,-0.651819,0.83356,2.04088
34,-0.594391,0.814728,2.06686
34,-0.507027,0.769487,2.11144
34,-0.859097,0.844669,1.97853
34,-0.480564,0.784979,2.1243
34,-0.49062,0.785617,2.13247
34,-0.826322,0.877512,2.00227
34,-0.651567,0.808758,2.07356
34,-0.49651,0.776971,2.13381
34,-0.595766,0.797252,2.09848
34,-0.78274,0.801306,2.03268
34,-0.778142,0.847332,2.02965
34,-0.829497,0.88408,2.00708
34,-0.889055,0.871499,1.98911
34,-0.912345,0.843874,1.98441
34,-0.800091,0.842405,2.02483
34,-0.656127,0.813791,2.08298
34,-0.830205,0.876177,2.01729
34,-0.85184,0.85677,2.02006
34,-0.834652,0.836514,2.03375
34,-0.960686,0.858323,1.98719
34,-0.637269,0.773115,2.11267
34,-0.808612,0.848665,2.04361
34,-0.578754,0.787348,2.13302
34,-0.60322,0.796088,2.12418
34,-0.895925,0.879982,2.01196
34,-0.780478,0.810125,2.06249
34,-0.86458,0.835465,2.03518
34,-0.932271,0.851941,2.01608
34,-0.644718,0.780632,2.12697
34,-0.648132,0.773137,2.13136
34,-0.792322,0.821296,2.07548
34,-0.559029,0.744587,2.1729
34,-0.616693,0.76435,2.15277
34,-0.800221,0.771858,2.08988
34,-0.560716,0.761894,2.17654
34,-0.597552,0.721756,2.16881
34,-1.01138,0.858178,2.00712
34,-0.682388,0.750491,2.13794
34,-0.599353,0.729528,2.17301
34,-0.62295,0.734588,2.16441
34,-0.746655,0.769764,2.11726
34,-0.764429,0.764868,2.11211
34,-0.62802,0.739354,2.16463
34,-0.0762565,0.600949,2.38006
34,-0.597737,0.720513,2.18039
34,-0.695835,0.775486,2.14119
34,-0.563062,0.72252,2.1966
34,-0.6084,0.736432,2.1965
34,-0.752546,0.774652,2.14246
34,-0.600866,0.69685,2.20825
34,-0.638084,0.735796,2.19143
34,-0.687673,0.698252,2.18824
34,-0.685025,0.731873,2.18745
34,-0.704223,0.74355,2.18181
34,-1.06293,0.883808,2.03955
34,-1.2242,0.955849,1.98022
34,-0.613793,0.695159,2.22924
34,-0.697343,0.705822,2.20371
34,-0.0423735,0.528871,2.45979
34,-0.672901,0.693262,2.21604
34,-0.684973,0.674364,2.23601
34,-0.138788,0.540472,2.4485
34,0.0505434,0.443958,2.53589
34,-0.588414,0.654476,2.28933
34,-0.11063,0.516112,2.4759
34,-0.151702,0.538737,2.46138
34,-0.622371,0.625577,2.29463
34,-0.76683,0.637642,2.25376
34,-0.61688,0.658406,2.30824
34,-0.573349,0.622277,2.34324
34,-0.628793,0.627797,2.32317
34,-0.62641,0.643412,2.32585
34,-0.734252,0.656729,2.28701
34,-0.610817,0.641352,2.33607
34,-0.213749,0.522809,2.49899
34,-0.666081,0.635024,2.33463
34,-0.70824,0.625329,2.32186
34,-0.252865,0.516123,2.50118
34,-0.649531,0.622328,2.34995
34,-0.584321,0.599052,2.37616
34,-0.206157,0.505999,2.52632
34,-0.659966,0.596588,2.36351
34,-0.639508,0.622103,2.36819
34,-0.59441,0.596822,2.39028
34,-0.233107,0.486752,2.53203
34,-0.567994,0.577033,2.40262
34,-0.65778,0.618307,2.37028
34,-0.568705,0.591511,2.40952
34,-0.607143,0.576032,2.40016
34,-0.600057,0.590364,2.40313
34,-0.579674,0.586068,2.41425
34,-0.669989,0.597526,2.39164
34,-0.568667,0.53741,2.44101
34,-0.267363,0.514531,2.55225
34,-0.273303,0.505079,2.55163
34,-0.647186,0.58483,2.41491
34,-0.621876,0.571472,2.43129
34,-0.315843,0.47576,2.55609
34,-0.56943,0.544264,2.45918
34,-0.301124,0.462964,2.5657
34,-0.640048,0.55124,2.44719
34,-0.656789,0.546725,2.44348
34,-0.564,0.510542,2.50076
34,-0.634126,0.517209,2.48438
34,-0.353725,0.434333,2.60407
34,-0.559293,0.47601,2.54659
34,-0.642908,0.485545,2.51685
34,-0.435307,0.460965,2.60124
34,-0.607443,0.468903,2.5584
34,-0.493579,0.452946,2.60177
34,-0.652416,0.486795,2.54161
34,-0.572799,0.479516,2.58433
34,-0.676275,0.450929,2.55866
34,-0.578581,0.453521,2.59698
34,-0.453869,0.427425,2.65004
34,-0.667426,0.437819,2.58822
34,-0.634953,0.430214,2.61566
34,-0.547975,0.3973,2.65364
34,-0.66774,0.428355,2.61078
34,-0.557421,0.371406,2.67257
34,-0.672636,0.395081,2.64351
34,-0.639228,0.387108,2.67055
34,-0.586663,0.374156,2.69095
34,-0.695667,0.287191,2.67771
34,-0.51276,0.357598,2.75452
34,-0.677983,0.385508,2.69273
34,-0.633401,0.330832,2.73345
34,-0.543174,0.299337,2.77366
34,-0.611631,0.320659,2.77382
34,-1.09047,0.45431,2.59124
34,-0.629756,0.323884,2.77509
34,-0.686306,0.278503,2.77119
34,-0.744067,0.328634,2.75381
34,-1.11527,0.444896,2.60859
34,-0.570912,0.261744,2.85436
34,-1.13545,0.449937,2.65152
34,-1.15436,0.433259,2.647
34,-1.1519,0.428902,2.6487
34,-1.14189,0.45147,2.65925
34,-0.561726,0.20591,2.90341
34,-1.34519,0.35429,2.63579
34,-1.28396,0.340933,2.66181
34,-1.3651,0.351728,2.65428
34,-1.29652,0.336762,2.68344
34,-0.534402,0.157474,2.98362
34,-0.99991,-0.276208,2.87554
34,-1.4386,0.443739,2.6347
34,-1.36684,0.44736,2.66138
34,-1.74228,0.457182,2.52825
34,-1.37878,0.381365,2.66931
34,-1.31605,0.334358,2.70501
34,-1.39722,0.406314,2.67685
34,-1.4426,0.447785,2.65788
34,-1.33808,0.333919,2.7292
34,-1.38033,0.347713,2.73082
34,-1.35291,0.326178,2.75818
34,-0.863249,0.0584009,3.11063
34,-0.0529712,-0.145676,3.42574
34,-0.628625,0.0509741,3.20266
34,-0.417256,-0.000856429,3.32905
34,-1.20289,0.139969,3.04526
34,-1.2112,0.128509,3.07308
34,-0.394024,-0.0503102,3.41395
34,-1.03089,-0.662072,4.09157
34,-0.508481,0.00471221,3.09834
26,-0.508481,0.00471221,3.09834
34,-0.0166857,0.820779,2.12089
26,-0.0166857,0.820779,2.12089
34,-0.28209,0.450805,2.57934
32,-0.28209,0.450805,2.57934
34,-0.569001,0.39099,2.70427
32,-0.569001,0.39099,2.70427
34,-0.529025,0.367132,2.8506
32,-0.529025,0.367132,2.8506
34,-0.713606,0.29192,2.88236
25,-0.713606,0.29192,2.88236
35,-0.529224,0.538001,-1.8735
35,0.299263,1.13087,-1.83172
35,0.257149,1.10594,-1.83602
35,-0.223036,0.787238,-1.87276
35,-0.202956,0.795783,-1.88222
35,-0.110703,0.888144,-1.86193
35,-0.239888,0.839643,-1.8695
35,-0.368466,0.761052,-1.90384
35,-0.370975,0.768989,-1.90317
35,-0.199893,0.902441,-1.86849
35,-0.446669,0.737012,-1.89492
35,-0.447037,0.744645,-1.88375
35,-0.413548,0.754559,-1.9017
35,-0.348907,0.807016,-1.88804
35,-0.437029,0.767637,-1.86488
35,-0.346407,0.811166,-1.89412
35,-0.403601,0.797039,-1.8716
35,0.206467,1.20066,-1.84295
35,-0.441361,0.775639,-1.88788
35,-0.497174,0.763349,-1.89219
35,0.221114,1.22673,-1.86968
35,0.329096,1.31358,-1.8594
35,0.257339,1.30027,-1.82832
35,-0.601809,0.751221,-1.85905
35,-0.738472,0.669931,-1.87067
35,-0.366638,0.906177,-1.86197
35,-0.663907,0.738659,-1.85219
35,-0.69846,0.727609,-1.84755
35,-0.553658,0.822634,-1.8436
35,-0.675129,0.752595,-1.85644
35,0.255559,1.3388,-1.84778
35,0.0528752,1.22102,-1.83637
35,-0.646446,0.760187,-1.88266
35,-0.551469,0.83539,-1.86368
35,0.185917,1.3217,-1.81831
35,-0.552134,0.840774,-1.874
35,-0.530915,0.866193,-1.86036
35,-0.812528,0.684096,-1.89083
35,-0.67923,0.824852,-1.84537
35,-0.482019,0.959545,-1.83237
35,-0.474631,0.952215,-1.87799
35,0.067436,1.31451,-1.85683
35,-0.832468,0.757104,-1.85959
35,-0.573557,0.921387,-1.85596
35,-0.540457,0.94339,-1.85965
35,-0.843934,0.754954,-1.86637
35,-0.50074,0.990293,-1.84163
35,-0.57103,0.945309,-1.84578
35,0.0816773,1.34737,-1.85756
35,-0.559207,0.974394,-1.81949
35,-0.873258,0.75885,-1.85564
35,-0.553535,0.97854,-1.8216
35,-0.535229,0.987835,-1.83156
35,-0.547017,0.993655,-1.81758
35,-0.563711,0.976631,-1.83285
35,-0.517491,0.99549,-1.85346
35,-0.88017,0.759628,-1.87231
35,-0.61848,0.93036,-1.85908
35,-0.0176115,1.30951,-1.85063
35,-0.889599,0.757402,-1.88223
35,0.067464,1.40444,-1.84934
35,-0.502901,1.08518,-1.82894
35,-0.0287516,1.36794,-1.84957
35,-0.0400697,1.36966,-1.84062
35,-0.0963856,1.3758,-1.82475
35,-1.20483,0.657732,-1.87912
35,-1.26134,0.663077,-1.86366
35,-0.495479,1.18802,-1.8462
35,-0.538777,1.18515,-1.81826
35,-0.518241,1.19479,-1.82406
35,-0.529974,1.19878,-1.81345
35,-0.522997,1.2071,-1.83626
35,-0.47728,1.30443,-1.80718
35,-0.508441,1.29008,-1.82613
35,-0.203088,1.46029,-1.86342
35,-0.506517,1.29715,-1.83483
35,-0.212775,1.47879,-1.84123
35,-0.202323,1.49059,-1.83428
35,-0.22144,1.49962,-1.83861
35,-0.508211,1.35326,-1.8194
35,-0.235761,1.53038,-1.82493
35,-0.252233,1.51646,-1.84292
35,-0.51215,1.39845,-1.79064
35,-0.533113,1.40114,-1.77242
35,-0.291516,1.54149,-1.81678
35,-0.329998,1.51629,-1.82821
35,-0.313702,1.55276,-1.81317
35,-0.3148,1.55362,-1.81984
35,-0.484243,1.4531,-1.81606
35,-0.336381,1.56475,-1.80989
35,-0.480615,1.47999,-1.81269
35,-0.388671,1.56366,-1.84419
35,-0.559162,1.53236,-1.78782
35,-0.489402,1.58241,-1.78659
35,-0.400448,1.61171,-1.83744
35,-0.381387,1.63383,-1.8263
35,-0.35852,1.64519,-1.83304
35,-0.555903,1.52474,-1.83178
35,-0.386253,1.63566,-1.83038
35,-0.389155,1.63409,-1.83543
35,-0.402658,1.66334,-1.83048
35,-0.430996,1.66314,-1.82157
35,-0.576946,1.5855,-1.82409
35,-0.513743,1.64751,-1.8004
35,-0.566707,1.62532,-1.79259
35,-0.630006,1.62534,-1.73295
35,-0.592582,1.59467,-1.82877
35,-0.571965,1.62802,-1.79826
35,-0.561978,1.63519,-1.79807
35,-0.566487,1.66025,-1.76528
35,-0.574663,1.65728,-1.76353
35,-0.602189,1.61156,-1.82095
35,-0.571995,1.66982,-1.75864
35,-0.526043,1.72663,-1.78617
35,-0.526875,1.72343,-1.7978
35,-0.926855,2.05588,-0.929341
35,-0.946934,2.05662,-0.914984
35,-1.01432,1.46621,-1.86363
35,-1.05703,1.49362,-1.84509
35,-0.486892,1.90186,-1.80145
35,-0.434353,2.03373,-1.77034
35,-0.902988,2.01306,-1.3308
35,-0.912162,2.01858,-1.34093
35,-0.907816,2.02552,-1.358
35,-0.929699,2.042,-1.31089
35,-1.81461,1.16452,-1.85416
35,-1.20774,1.58704,-1.80275
35,-0.922364,2.03627,-1.35437
35,-1.21128,1.58874,-1.80887
35,-0.442604,2.16169,-1.7217
35,-0.311102,2.2771,-1.72691
35,-1.43412,1.4906,-1.89585
35,-0.379609,2.21751,-1.77781
35,-0.291038,2.29718,-1.74281
35,-0.493293,2.16552,-1.77498
35,-0.444988,2.20581,-1.75806
35,-1.67341,1.391,-1.84873
35,-0.958323,1.96247,-1.65241
35,-0.497963,2.17415,-1.78004
35,-0.95341,1.98019,-1.64618
35,-0.36285,2.30118,-1.72956
35,-0.496972,2.23539,-1.71427
35,-0.954105,2.11096,-1.46234
35,-0.938483,2.10908,-1.48975
35,-0.554892,2.16786,-1.79569
35,-0.955688,2.00042,-1.66286
35,-0.373888,2.28754,-1.78714
35,-0.958224,1.97928,-1.71492
35,-0.970851,2.01403,-1.66663
35,-0.983462,2.0107,-1.68192
35,-0.976395,2.00336,-1.7162
35,-0.390187,2.31626,-1.80103
35,-0.391413,2.31306,-1.80778
35,-1.10284,1.91744,-1.73443
35,-0.972475,2.05782,-1.67175
35,-1.11626,1.93983,-1.74675
35,-0.470033,2.3028,-1.81303
35,-1.13697,1.91856,-1.76693
35,-0.523613,2.29245,-1.78098
35,-0.583331,2.2906,-1.73179
35,-0.95323,2.02746,-1.79977
35,-0.937387,2.11797,-1.67211
35,-1.12148,1.91097,-1.83048
35,-0.582462,2.28831,-1.7595
35,-0.562906,2.28375,-1.79194
35,-0.553604,2.29161,-1.78993
35,-1.03394,2.06171,-1.69848
35,-1.15478,1.93649,-1.78353
35,-0.940831,2.05323,-1.81754
35,-0.545992,2.33263,-1.77902
35,-0.519654,2.36118,-1.77309
35,-0.972534,2.07174,-1.82708
35,-0.524259,2.38259,-1.79184
35,-0.972339,2.09744,-1.80959
35,0.0353638,2.7653,-1.76232
35,-1.06052,3.02172,-1.02063
35,-1.14966,3.10002,-1.07044
35,-1.10875,3.24422,-1.04472
35,-1.10769,3.27828,-1.14716
35,-1.19009,3.32392,-1.08988
35,-0.894534,3.21596,-1.59278
35,-0.953125,3.21532,-1.63764
35,-0.929668,3.311,-1.61388
35,-0.940803,3.271,-1.69032
35,-0.880361,3.28949,-1.72881
35,-0.932222,3.36205,-1.60398
35,-0.947916,3.37599,-1.61576
35,-0.948064,3.35149,-1.65803
35,-0.959543,3.32083,-1.71749
35,-0.219753,4.41075,-1.63495
35,-0.87002,1.27711,-1.72153
34,-0.87002,1.27711,-1.72153
35,-0.443312,1.33639,-1.72031
34,-0.443312,1.33639,-1.72031
35,0.0820364,1.32027,-1.86836
34,0.0820364,1.32027,-1.86836
35,-0.401655,1.0194,-1.62826
33,-0.401655,1.0194,-1.62826
35,0.113884,2.73208,-1.81887
33,0.113884,2.73208,-1.81887
35,-0.435661,1.70014,-1.88986
32,-0.435661,1.70014,-1.88986
35,-0.330253,1.37067,-1.61708
25,-0.330253,1.37067,-1.61708
35,-0.519627,1.10927,-1.85851
28,-0.519627,1.10927,-1.85851
36,-0.365628,1.52864,-1.79411
36,-0.545312,1.45998,-1.72889
36,-0.537862,1.46717,-1.73279
36,-1.58124,1.25337,-0.630218
36,-0.555843,1.504,-1.77267
36,-0.569415,1.62458,-1.6944
36,-0.565334,1.73473,-1.74029
36,-1.01857,1.44934,-1.84473
36,-0.908027,1.9245,-0.873743
36,-0.899669,1.95173,-0.837647
36,-1.3058,1.31415,-1.76295
36,-0.470599,1.8763,-1.78533
36,-0.474868,1.8764,-1.78312
36,-1.0535,1.47097,-1.84558
36,-0.905828,1.98258,-0.848678
36,-0.934164,1.95564,-0.894943
36,-0.920379,2.00313,-0.868021
36,-0.924564,2.00377,-0.875557
36,-1.21658,1.45663,-1.76678
36,-0.922387,2.00448,-0.883978
36,-0.420074,2.02629,-1.76987
36,-0.177647,2.20017,-1.76672
36,-1.17975,1.52658,-1.76043
36,-1.23461,1.48938,-1.79481
36,-1.18202,1.54778,-1.79827
36,-0.102988,2.31114,-1.74238
36,-0.193124,2.27069,-1.69785
36,-0.254876,2.23128,-1.70609
36,-0.1142,2.33164,-1.71311
36,-0.913554,1.98135,-1.24019
36,-0.895495,2.00533,-1.24096
36,-0.307089,2.21825,-1.72875
36,-0.922415,2.00864,-1.21009
36,-0.899778,1.99153,-1.30699
36,0.152658,2.53808,-1.73598
36,-0.420523,2.1562,-1.71954
36,-0.889061,2.00792,-1.29831
36,-0.275289,2.26123,-1.7161
36,-1.24885,1.58436,-1.75974
36,-0.351702,2.19772,-1.74815
36,-0.317941,2.23774,-1.70537
36,-0.314297,2.24024,-1.71214
36,-0.888846,2.00017,-1.34548
36,-0.260293,2.27505,-1.73388
36,0.0851355,2.51248,-1.73101
36,-0.847765,2.09755,-1.19098
36,-0.911445,2.04235,-1.24736
36,-0.350134,2.2205,-1.7652
36,-0.423508,2.18338,-1.74282
36,-0.897294,2.00753,-1.47051
36,-0.891229,2.02139,-1.49324
36,-0.923212,1.9976,-1.75835
36,-0.916909,2.0003,-1.79062
36,-0.9525,2.02077,-1.78286
36,-1.1014,1.94682,-1.80699
36,-0.961749,2.07184,-1.76008
36,-0.9564,2.25274,-1.78902
36,-0.851846,3.22632,-0.205222
36,-1.09285,3.06768,-1.04132
36,-0.95356,3.44692,-0.436992
36,-0.966968,3.51444,-0.487335
36,-1.06637,3.29614,-0.952003
36,-1.06906,3.23922,-1.11216
36,-1.06711,3.45672,-0.572401
36,-1.09128,3.43271,-0.637741
36,-1.10038,3.43963,-0.626408
36,-1.10502,3.28718,-1.01571
36,-1.13537,3.25708,-1.08158
36,-1.10281,3.36547,-0.986182
36,-1.15714,3.32127,-1.0438
36,-1.13806,3.32518,-1.07779
36,-1.11214,3.35891,-1.05846
36,-1.15674,3.32772,-1.06303
36,-1.15774,3.32514,-1.07406
36,-1.11451,3.34828,-1.11505
36,-0.986417,3.31955,-1.47975
36,-1.00633,3.32812,-1.42845
36,-1.18098,3.34639,-1.10418
36,-1.15131,3.4082,-1.04341
36,-0.969547,3.28442,-1.68102
36,-1.17059,3.39495,-1.09256
36,-1.13839,3.4143,-1.13632
36,-1.05332,3.33785,-1.54011
36,-0.195267,4.22658,-1.55101
36,-0.28576,1.37437,-1.77891
34,-0.28576,1.37437,-1.77891
36,-1.29939,3.3161,-2.88041
32,-1.29939,3.3161,-2.88041
36,-1.24741,3.95674,-1.25584
28,-1.24741,3.95674,-1.25584
36,-1.52902,5.08694,-2.1909
31,-1.52902,5.08694,-2.1909
37,-0.414982,0.599983,-0.373493
37,-1.72456,1.24715,0.0908222
37,-0.952141,1.83759,0.108877
37,-0.991077,1.8515,-0.148169
37,-0.97918,1.83991,-0.283422
37,-0.945695,1.88179,-0.444463
37,-0.976822,1.85641,-0.462857
37,-0.976074,1.92578,-0.18592
37,-0.98243,1.86912,-0.456608
37,-0.972617,1.93267,-0.231301
37,-0.987871,1.89927,-0.445483
37,-0.881023,1.9094,-1.2592
37,-0.522116,2.06941,-1.74439
37,-0.929745,1.99681,-0.842171
37,-0.931248,1.9971,-0.846107
37,-0.517719,2.12511,-1.70306
37,-1.02006,1.80519,-1.6881
37,-1.64389,1.35257,-1.7092
37,-0.484819,2.26771,-1.77868
37,-0.513507,2.25238,-1.76797
37,-0.863027,2.08096,-1.75174
37,-0.88982,2.08691,-1.76282
37,-2.60064,1.67712,0.191176
37,-0.880696,3.18857,0.0755979
37,-0.863723,3.19738,-0.0338657
37,-0.901448,3.21975,0.0601723
37,-0.891602,3.219,0.00673801
37,-0.879445,3.1861,-0.182884
37,-1.00225,3.27981,-0.490574
37,-0.857803,3.1433,-1.51938
37,-0.959525,3.39535,-0.464469
37,-1.01636,3.34362,-0.542944
37,-1.07748,3.32731,-0.602417
37,-1.05513,3.37117,-0.676677
37,-1.04793,3.38264,-0.667392
37,-0.984038,3.30684,-1.42166
37,-0.979496,3.26544,-1.64857
37,-0.981363,3.33291,-1.38863
37,-0.998898,3.30601,-1.47333
37,-0.996021,3.34602,-1.39922
37,-1.00239,3.36481,-1.43216
37,-0.885579,4.13098,-0.282032
37,-3.66224,4.182,-0.763144
37,-1.28821,1.03295,-1.47407
35,-1.28821,1.03295,-1.47407
38,-0.941063,1.79385,0.0456944
38,-0.937712,1.82552,0.151016
38,-0.945024,1.83121,0.142617
38,-0.947188,1.86278,0.135474
38,-0.922494,1.98231,-0.799824
38,-0.934027,2.00586,-0.808465
38,-0.94054,2.00761,-0.774238
38,-0.930714,2.03001,-0.80747
38,-2.03021,1.3509,0.157152
38,-1.78331,2.0466,0.257249
38,-1.83517,2.0399,0.2696
38,-2.27774,1.55715,-1.54709
38,-2.08769,2.04893,0.657198
38,-2.10859,2.07642,0.629387
38,-2.00034,2.19839,0.720976
38,-2.19233,2.02945,0.32603
38,-2.02807,2.23809,0.760487
38,-0.979511,3.07139,0.14582
38,-0.98566,3.06911,0.141405
38,-0.97496,3.04056,-0.332821
38,-0.882265,3.17812,0.105143
38,-0.877435,3.19018,0.122046
38,-1.00444,3.21151,0.796781
38,-0.8743,3.20127,0.0131473
38,-0.95544,3.16743,0.0818675
38,-0.854688,3.19975,-0.312192
38,-0.886636,3.23455,0.0391228
38,-0.897683,3.24076,0.0943835
38,-1.00933,3.03933,-0.901625
38,-0.89291,3.22761,-0.39599
38,-0.894851,3.22956,-0.412124
38,-0.892069,3.23481,-0.415644
38,-0.890177,3.17713,-0.911806
38,-1.01906,3.15285,-0.546896
38,-0.888521,3.28194,-0.382321
38,-0.954311,3.23683,-0.405604
38,-1.00555,3.13675,-0.8624
38,-0.886169,3.28908,-0.410741
38,-0.991998,3.21096,-0.485487
38,-0.918025,3.22686,-0.792033
38,-0.925801,3.11709,-1.57533
38,-0.95654,3.25281,-0.426006
38,-1.00297,3.22436,-0.453591
38,-0.873488,3.20195,-1.54852
38,-1.00447,3.23058,-0.634268
38,-0.95199,3.28796,-0.538325
38,-1.06156,3.27318,-0.537724
38,-1.01101,3.32296,-0.496758
38,-1.04684,3.24503,-0.936969
38,-1.05916,3.26355,-0.906803
38,-0.989442,3.39874,-0.536102
38,-1.07244,3.34059,-0.54948
38,-1.11304,3.28242,-0.957059
38,-1.04955,3.38194,-0.652331
38,-1.15285,3.26224,-1.00028
38,-1.0063,3.37504,-1.43251
38,-1.11892,2.43813,-1.57021
36,-1.11892,2.43813,-1.57021
38,-0.588285,3.62447,-0.387799
36,-0.588285,3.62447,-0.387799
38,-1.66645,4.85835,-1.23194
29,-1.66645,4.85835,-1.23194
38,-1.32657,4.40766,-0.640809
29,-1.32657,4.40766,-0.640809
39,-1.61157,1.20176,-0.454407
39,-1.62056,1.20303,-0.418576
39,-0.933083,1.80855,0.170841
39,-0.937625,1.81959,0.174079
39,-0.951285,1.8094,0.170646
39,-0.942457,1.82634,0.182833
39,-0.99754,1.85591,0.190481
39,-1.30662,2.31028,1.19457
39,-1.82326,1.98945,0.749256
39,-1.36286,2.37549,1.22604
39,-2.08408,2.02069,0.642413
39,-1.14153,2.75695,1.35224
39,-1.12746,2.77341,1.33506
39,-2.11232,2.04515,0.559103
39,-2.0504,2.09231,1.25399
39,-1.13204,2.79427,1.34431
39,-0.906269,3.01217,0.754275
39,-1.99635,2.20508,0.299704
39,-0.888614,3.05059,0.696421
39,-0.918467,3.02905,0.751511
39,-1.01463,2.95646,1.21439
39,-0.878835,3.07004,0.745955
39,-2.01108,2.21734,0.308273
39,-1.02388,2.98384,1.21648
39,-2.11142,2.16485,1.25372
39,-1.01942,2.99106,1.16425
39,-2.09306,2.26385,1.29236
39,-0.55954,3.57616,-0.374089
39,-0.609421,3.6437,0.181157
39,-0.607681,3.65187,0.152818
39,-0.802618,3.82737,-0.264233
37,-0.802618,3.82737,-0.264233
40,-0.911483,1.7632,0.191391
40,-0.92533,1.77201,0.195908
40,-0.904307,1.86625,-0.705444
40,-0.907398,1.90165,-0.71168
40,-1.72534,2.09551,1.31419
40,-1.89877,2.03151,0.799687
40,-1.54686,2.27033,1.36777
40,-1.88665,2.09086,1.34148
40,-0.993864,2.93551,-0.849373
40,-1.95657,2.10704,0.934073
40,-1.91528,2.11537,1.37036
40,-1.96792,2.09931,1.26945
40,-1.60602,2.3646,1.42724
40,-1.04079,2.95147,-0.906933
40,-0.982125,2.99891,-0.789517
40,-1.00898,2.98364,-0.848898
40,-0.954257,3.02913,0.217697
40,-2.02486,2.22136,0.305665
40,-0.86267,3.11429,0.0947837
40,-0.86821,3.11681,0.149221
40,-1.94077,2.25642,1.51842
40,-1.95955,2.25012,1.43507
40,-0.906718,3.15689,-0.484033
40,-1.95309,2.26927,1.45131
40,-0.971368,3.12705,-0.575893
40,-1.97978,2.32246,1.57433
41,-1.62026,1.16755,-0.276856
41,-0.933347,1.78572,0.190154
41,-0.946958,1.78246,0.0939288
41,-0.949905,1.78338,-0.11178
41,-0.839327,1.78982,-1.06222
41,-0.973515,2.93056,-0.975891
41,-1.01781,2.90849,-0.912851
41,-0.963783,3.02666,-0.479523
41,-0.946968,3.06963,-0.573104
41,-0.992332,3.02394,-0.711272
41,-0.986632,3.02836,-0.738811
41,-0.903746,3.11548,-0.509723
41,-2.12569,2.34446,0.300067
41,-1.02732,3.06847,-0.978364
41,-1.0278,3.07488,-0.999641
41,-1.06989,3.05303,-0.931818
41,-2.1267,2.42299,0.293686
41,-0.958284,3.17736,-1.36632
41,-1.03871,3.19662,-0.514319
41,-1.05264,3.15519,-0.996297
41,-2.23356,2.4749,0.314039
41,-2.33702,2.46842,0.313787
41,-2.30328,2.52397,0.320671
41,-2.57556,2.94607,0.352496
41,-2.00301,3.72869,-0.154591
39,-2.00301,3.72869,-0.154591
41,-1.523,2.88412,-0.558629
37,-1.523,2.88412,-0.558629
41,-1.41939,2.66903,-0.722187
37,-1.41939,2.66903,-0.722187
42,-1.63505,1.24923,-0.60524
42,-0.897771,1.90484,-0.718935
42,-0.912866,1.93816,-0.750137
42,-0.916626,1.94638,-0.755959
42,-0.92347,1.9519,-0.759142
42,-0.925813,1.96114,-0.757644
42,-0.930863,1.86746,-1.61896
42,-1.6728,1.34282,-1.70238
42,-0.864561,1.97631,-1.65863
42,-2.04984,1.99583,0.564818
42,-0.907304,3.11877,0.69162
42,-0.832791,3.18815,0.13377
42,-0.87161,3.17198,0.0517833
42,-0.911683,3.10908,-0.361066
42,-1.03672,2.91757,-0.897864
42,-0.896903,3.1241,-0.529086
42,-0.980504,3.09752,-0.509305
42,-0.947603,3.13144,-0.483997
42,-0.910808,3.17928,-0.530878
42,-0.964119,3.14242,-0.582935
42,-1.00856,3.03029,-1.03027
42,-0.93908,3.07732,-1.54521
42,-0.903769,3.22979,-1.5502
42,-0.970132,3.25508,-1.63364
42,-0.967051,3.27302,-1.64303
42,-1.00486,3.37265,-1.4071
43,-0.226127,0.723979,-0.464195
43,-1.62017,1.22299,-0.468039
43,-0.94136,1.89501,-0.414884
43,-0.979584,1.85928,-0.457138
43,-0.973656,1.33414,-1.77614
43,-0.578942,1.66146,-1.72143
43,-0.911935,1.85759,-0.771263
43,-0.821513,1.81225,-1.09198
43,-0.87719,1.92499,-0.726687
43,-0.820412,1.81594,-1.11954
43,-0.891922,1.92328,-0.743762
43,-0.920441,1.94897,-0.75944
43,-0.463854,1.8469,-1.81799
43,-0.849666,1.84947,-1.18168
43,-0.869136,1.85709,-1.13257
43,-0.161362,2.16549,-1.64852
43,-0.220043,2.07764,-1.7658
43,-0.927429,1.98117,-0.775851
43,-0.254566,2.08536,-1.72593
43,-0.85679,1.87956,-1.17428
43,-0.86038,1.89505,-1.16287
43,-0.0578007,2.24142,-1.74466
43,-0.868105,1.9058,-1.14528
43,-0.285199,2.11564,-1.66528
43,0.00995466,2.2905,-1.77455
43,-0.163388,2.20449,-1.67818
43,-0.233347,2.11988,-1.78715
43,-0.482631,2.0186,-1.63815
43,-0.894939,1.94535,-1.09491
43,-0.391981,2.00823,-1.83179
43,-0.311914,2.12236,-1.74621
43,-0.408802,2.04,-1.79993
43,-0.422757,2.05447,-1.80927
43,-0.893368,1.99647,-1.13271
43,-0.879207,2.03347,-1.15258
43,-0.038608,2.41009,-1.75117
43,-0.102172,2.37788,-1.76315
43,-0.931517,1.85578,-1.59371
43,-0.442279,2.17234,-1.75042
43,-1.6414,1.31644,-1.72251
43,-0.411908,2.16459,-1.82618
43,-0.890356,1.91855,-1.67761
43,-0.883713,1.95557,-1.69842
43,-0.908893,1.93181,-1.7231
43,-0.873317,1.98005,-1.71515
43,-1.70665,1.33322,-1.82642
43,-0.940337,2.09924,-1.4292
43,-0.891301,2.04838,-1.74481
43,-0.888579,2.06901,-1.75094
43,-0.869273,2.13806,-1.7876
43,-0.94485,3.03638,0.168225
43,-0.971984,2.6543,-0.873916
43,-0.942065,2.28969,-1.89938
43,-0.832488,3.12072,-0.151797
43,-0.958071,2.75966,-0.889844
43,-0.845967,3.1107,-0.328219
43,-0.895247,3.07415,-0.37603
43,-0.834855,3.12049,-0.417569
43,-0.882997,3.09492,-0.531322
43,-0.934342,3.10369,-0.496538
43,-0.949032,3.06549,-0.593235
43,-0.89877,3.14833,-0.519149
43,-0.984548,2.94037,-0.887959
43,-0.95633,3.13928,-0.596749
43,-0.930816,3.05145,-0.876885
43,-0.956066,3.14881,-0.621653
43,-1.00529,3.05993,-1.01277
43,-1.02708,3.07458,-0.94366
43,-0.616279,3.79071,0.0729333
43,-1.02742,3.09053,-0.911356
43,-0.632092,3.82357,0.120465
43,-1.07992,3.11016,-0.981372
43,-1.03976,3.15756,-1.01445
43,-1.0492,3.23252,-0.897021
43,-1.04671,3.24604,-0.950883
43,-1.38021,3.00832,-1.5692
43,-1.0063,3.32821,-1.4528
43,-0.988766,3.35913,-1.69054
43,-1.68657,3.36291,-1.05684
36,-1.68657,3.36291,-1.05684
43,-2.66467,2.15072,-0.488184
41,-2.66467,2.15072,-0.488184
43,-1.44777,2.86702,-0.308017
37,-1.44777,2.86702,-0.308017
43,-1.68069,3.30897,-0.735328
38,-1.68069,3.30897,-0.735328
44,-1.22409,0.627427,-1.84784
44,-1.6165,1.25741,-0.237704
44,-1.2938,0.613483,-1.85464
44,-0.127754,1.44414,-1.87325
44,-1.5868,1.24685,-0.375733
44,-0.254057,1.41593,-1.84621
44,-0.259093,1.42032,-1.84823
44,-0.462046,1.31851,-1.77451
44,-1.5657,1.24476,-0.51981
44,-1.58336,1.2742,-0.524843
44,-1.56614,1.25071,-0.664595
44,-0.504483,1.43001,-1.76703
44,-1.57956,1.27611,-0.680301
44,-0.422716,1.51005,-1.82406
44,-0.366478,1.56015,-1.84421
44,-0.496915,1.49673,-1.80517
44,-1.63769,1.31815,-0.69213
44,-0.419459,1.56764,-1.82362
44,-0.468702,1.62588,-1.80401
44,-0.541475,1.58212,-1.80304
44,-0.501888,1.60126,-1.8208
44,-0.541069,1.58505,-1.81771
44,-0.425902,1.71024,-1.81811
44,-1.76062,1.35654,-0.763979
44,-0.543102,1.67173,-1.77772
44,-0.56483,1.6698,-1.78708
44,-0.913154,1.9951,-0.786315
44,-0.908532,2.00036,-0.81225
44,-0.444972,1.77816,-1.80587
44,-0.553753,1.73399,-1.7894
44,-0.32531,1.81897,-1.94613
44,-0.84387,1.89205,-1.19452
44,-0.984053,1.42343,-1.84654
44,-0.446141,1.83515,-1.82476
44,0.00887334,2.28047,-1.77745
44,-0.442549,1.94007,-1.81422
44,-0.187449,2.16449,-1.74942
44,-0.877522,1.96863,-1.21879
44,-0.171197,2.17938,-1.77752
44,-0.405691,2.01163,-1.79394
44,-0.1362,2.22707,-1.75952
44,-1.22868,1.45374,-1.75695
44,-1.15353,1.50854,-1.77058
44,-0.409135,2.03667,-1.80894
44,-0.420708,2.04645,-1.80386
44,0.121361,2.4447,-1.81055
44,-0.134442,2.2699,-1.80941
44,-0.390322,2.10152,-1.80691
44,-0.299799,2.21922,-1.74364
44,-0.397017,2.11501,-1.82175
44,-0.303309,2.21675,-1.7626
44,-0.177328,2.31286,-1.75694
44,-0.326812,2.18662,-1.795
44,-0.494963,2.07996,-1.78578
44,-1.20672,1.56119,-1.79736
44,-1.24121,1.53841,-1.80068
44,-1.21561,1.56517,-1.7977
44,-0.403956,2.14499,-1.82878
44,-0.506727,2.15632,-1.73044
44,-0.43028,2.20766,-1.83693
44,0.0428695,2.6654,-1.67069
44,-0.44831,2.244,-1.79044
44,-0.530922,2.21318,-1.76164
44,-0.968783,1.95279,-1.69125
44,-0.496058,2.27774,-1.7395
44,-0.111413,2.49565,-1.84564
44,-0.965239,1.97334,-1.70373
44,-1.69567,1.36689,-1.87112
44,-1.6684,1.42819,-1.82827
44,-0.918269,2.00668,-1.79715
44,-0.930682,2.01094,-1.77968
44,-0.88812,2.05803,-1.78861
44,-0.944465,2.03145,-1.80456
44,-0.488731,2.33015,-1.85818
44,-0.894901,2.07954,-1.7972
44,-0.894771,2.08535,-1.82467
44,-0.526033,2.37459,-1.78674
44,-2.53503,1.72566,-0.58417
44,-0.84586,3.19183,-0.210545
44,-0.944277,3.21063,-0.443482
44,-2.32044,1.63078,-1.57999
44,-2.34106,1.64501,-1.62163
44,-1.04552,2.96002,-0.981522
44,-1.0019,3.24282,-0.671027
44,-1.00673,3.30645,-0.555715
44,-1.07198,3.37461,-0.615935
44,-1.03649,3.12995,-1.10081
44,-1.07008,3.19292,-0.961542
44,-1.05663,3.25287,-0.926903
44,-1.04988,3.41987,-0.690422
44,-1.10061,3.27419,-0.980111
44,-1.10969,3.32415,-1.00428
44,-1.13719,3.28225,-1.05284
44,-1.10117,3.34941,-1.11713
44,-1.09464,3.33841,-1.17491
44,-0.98397,3.30816,-1.48262
44,-0.994145,3.3601,-1.49056
44,-0.998755,3.36329,-1.50406
44,-0.973755,3.33183,-1.70989
44,-0.951989,3.36317,-1.74343
44,-0.949303,3.48325,-1.66615
45,-0.593412,0.670062,-1.89763
45,-0.422036,0.822417,-1.90764
45,-0.704147,0.65551,-1.88009
45,-0.672592,0.68964,-1.8871
45,-0.717232,0.666725,-1.88196
45,-0.425353,0.892821,-1.90327
45,-0.531546,0.866586,-1.85136
45,0.179507,1.37811,-1.87187
45,-0.416715,0.913718,-1.919
45,-0.904569,0.597739,-1.86826
45,-0.492378,0.919059,-1.85047
45,-0.581186,0.870131,-1.83615
45,-0.554656,0.847876,-1.89732
45,-0.755752,0.729258,-1.85717
45,-0.559118,0.857821,-1.8835
45,-0.517332,0.950057,-1.80561
45,-0.635747,0.820034,-1.86717
45,-0.57968,0.88223,-1.84213
45,-0.870619,0.63986,-1.89236
45,-0.611966,0.865673,-1.85048
45,-0.938518,0.613672,-1.86948
45,-0.97884,0.583257,-1.87205
45,-0.84129,0.693227,-1.86831
45,0.0934612,1.38459,-1.87064
45,0.305554,1.55534,-1.87038
45,-0.760095,0.760796,-1.89084
45,-1.21361,0.44592,-1.86546
45,0.021488,1.36933,-1.85645
45,-1.00753,0.598334,-1.87524
45,-0.927663,0.632431,-1.91273
45,-0.481626,0.982337,-1.8953
45,-0.960159,0.622268,-1.90519
45,0.251715,1.54369,-1.87663
45,-0.533074,0.995539,-1.83396
45,-1.06519,0.577824,-1.8717
45,-1.00631,0.603766,-1.9
45,-1.29808,0.423048,-1.85205
45,-0.46139,1.009,-1.9034
45,-1.17739,0.505619,-1.88853
45,0.00794315,1.39212,-1.87571
45,-1.16015,0.539536,-1.8782
45,-0.884473,0.719839,-1.9117
45,-0.949008,0.694744,-1.888
45,-1.06753,0.630119,-1.86278
45,-0.066134,1.36895,-1.86363
45,-0.100244,1.37704,-1.84074
45,-0.944161,0.726099,-1.9094
45,-0.084012,1.40969,-1.88226
45,-0.101979,1.41418,-1.85748
45,-1.16619,0.646625,-1.83428
45,-1.05157,0.685159,-1.91109
45,-0.531187,1.12083,-1.85686
45,-0.94896,0.78871,-1.89919
45,-0.506312,1.17436,-1.81505
45,-1.32178,0.557209,-1.83829
45,-0.482992,1.14945,-1.88422
45,-0.11088,1.44645,-1.89158
45,-0.518033,1.19701,-1.83231
45,-0.459828,1.19298,-1.90256
45,-1.20245,0.645032,-1.90328
45,-1.49859,0.676826,-1.60885
45,-0.146808,1.4908,-1.87385
45,-1.25667,0.677857,-1.86866
45,-0.184379,1.47266,-1.86525
45,-1.22241,0.680258,-1.90461
45,-0.259833,1.46086,-1.84104
45,-0.198088,1.50123,-1.85732
45,-0.500005,1.32081,-1.79913
45,-0.23446,1.48931,-1.84601
45,-0.515604,1.30175,-1.81932
45,-0.237275,1.48715,-1.85229
45,-0.436697,1.3372,-1.86496
45,-0.483469,1.37375,-1.78871
45,-0.512549,1.38945,-1.81509
45,-0.499878,1.41828,-1.82692
45,-0.400699,1.47023,-1.86775
45,-0.50162,1.41699,-1.84941
45,-0.497012,1.45954,-1.79651
45,-0.379827,1.507,-1.86501
45,-0.340482,1.52419,-1.88241
45,-0.491013,1.43333,-1.85429
45,-0.313483,1.5592,-1.8624
45,-0.503525,1.44946,-1.82857
45,-0.500023,1.48928,-1.81074
45,-0.509269,1.52724,-1.79274
45,-0.426956,1.56543,-1.83523
45,-0.380474,1.58486,-1.85956
45,-0.467658,1.56451,-1.80421
45,-0.471201,1.57974,-1.80676
45,-0.397549,1.6151,-1.84434
45,-0.515465,1.58992,-1.78714
45,-0.439712,1.60788,-1.87874
45,-0.544826,1.60898,-1.80154
45,-0.535273,1.60895,-1.81383
45,-0.312663,1.7368,-1.86633
45,-0.408466,1.66445,-1.87465
45,-0.411779,1.67622,-1.88774
45,-0.87071,1.59111,-1.53797
45,-0.574258,1.61898,-1.82637
45,-0.951026,1.34761,-1.82721
45,-0.857224,1.61243,-1.54655
45,-0.443588,1.72468,-1.83724
45,-0.478802,1.74104,-1.79523
45,-0.560736,1.68009,-1.81309
45,-0.440018,1.74582,-1.84698
45,-0.543983,1.7358,-1.75509
45,-0.893745,1.61581,-1.57288
45,-0.303263,1.81383,-1.91644
45,-0.448937,1.77697,-1.8516
45,-0.328406,1.81591,-1.92728
45,-0.490637,1.77993,-1.81559
45,-0.602395,1.70923,-1.7987
45,-0.594776,1.72132,-1.79733
45,-0.642916,1.69629,-1.79527
45,-0.646585,1.701,-1.80188
45,-0.869526,1.95578,-1.20342
45,-0.989584,1.44377,-1.81495
45,-0.471156,1.84965,-1.7832
45,-1.02769,1.40801,-1.83035
45,-0.873527,1.96175,-1.19822
45,-1.02832,1.40926,-1.83586
45,-0.445291,1.85183,-1.81872
45,-0.553116,1.79788,-1.78397
45,-0.626707,1.741,-1.7898
45,-0.631881,1.73886,-1.78883
45,-0.625643,1.74504,-1.78657
45,-0.527431,1.8093,-1.80282
45,-0.593351,1.78752,-1.76581
45,-0.513609,1.8234,-1.8063
45,-0.51468,1.8254,-1.80566
45,-0.99108,1.45277,-1.84912
45,-0.466421,1.85054,-1.83417
45,-0.65374,1.72362,-1.8206
45,-1.00214,1.45169,-1.84248
45,-0.859176,2.03113,-1.19872
45,-1.01905,1.48496,-1.86275
45,-0.911004,2.03995,-1.23384
45,-0.909234,2.04049,-1.24813
45,-0.473514,1.98495,-1.81248
45,-0.454616,2.01043,-1.81738
45,-0.42848,2.05711,-1.80012
45,-0.197362,2.25072,-1.7671
45,-0.417651,2.07672,-1.80469
45,-1.19148,1.57596,-1.80065
45,-0.285035,2.334,-1.73624
45,-1.25644,1.57922,-1.80522
45,-0.926339,1.92985,-1.65518
45,-1.23166,1.60293,-1.80167
45,-1.29157,1.56102,-1.82781
45,-0.925139,1.934,-1.68405
45,-0.333288,2.27482,-1.82967
45,-1.33719,1.48779,-1.8965
45,-0.926066,1.95071,-1.68906
45,-0.42523,2.2048,-1.85542
45,-0.424134,2.21285,-1.85911
45,-0.480127,2.19561,-1.83363
45,-0.333215,2.33892,-1.80824
45,-1.67282,1.34272,-1.82668
45,-0.470555,2.26958,-1.80822
45,-1.6816,1.36807,-1.8281
45,-0.104628,2.57804,-1.77788
45,-0.925906,2.02195,-1.75193
45,-1.67976,1.39891,-1.8564
45,-0.977249,2.03184,-1.71423
45,-0.982841,2.03321,-1.70878
45,-0.898236,2.05259,-1.77394
45,-0.893655,2.05853,-1.77482
45,-1.00053,2.01722,-1.72834
45,-0.89841,2.0556,-1.78503
45,-1.40637,1.5711,-1.95011
45,-1.36424,1.6165,-1.93081
45,-0.0624402,2.68066,-1.80958
45,-0.957524,2.05166,-1.79838
45,-0.494142,2.36757,-1.84059
45,-0.0779162,2.65074,-1.87847
45,-1.71085,1.48679,-1.84314
45,-0.968505,2.08039,-1.80409
45,-1.72061,1.51547,-1.84829
45,-0.904937,2.31881,-1.8986
45,-0.929794,2.36365,-1.92389
45,-0.939575,3.31693,-0.58127
45,-1.6471,1.75177,-2.12469
45,-1.04683,3.29433,-0.582834
45,-1.01933,3.26911,-0.666834
45,-0.998795,3.30763,-1.13099
45,-2.58824,1.86939,-1.78415
45,-1.09529,3.22823,-1.53223
45,-1.09513,3.24201,-1.54077
45,-1.11174,3.22458,-1.55824
45,-1.0975,3.2749,-1.54275
45,-1.03451,3.47073,-1.49699
45,-0.995424,3.59413,-1.70505
45,-0.336409,0.767673,-1.79211
34,-0.336409,0.767673,-1.79211
45,-0.508645,1.37506,-1.91496
34,-0.508645,1.37506,-1.91496
45,-0.499867,1.96633,-1.78458
34,-0.499867,1.96633,-1.78458
45,-0.458725,1.09992,-1.8074
34,-0.458725,1.09992,-1.8074
45,0.164006,1.23918,-1.77847
32,0.164006,1.23918,-1.77847
45,-0.934484,2.14661,-1.22424
43,-0.934484,2.14661,-1.22424
45,-0.934484,2.14661,-1.22424
43,-0.934484,2.14661,-1.22424
45,0.0922826,1.22424,-1.81798
28,0.0922826,1.22424,-1.81798
46,-0.645222,0.0853187,-1.55219
46,-0.646464,0.0921492,-1.56414
46,-0.634091,0.101473,-1.56565
46,-0.638785,0.241332,-1.87765
46,-0.657049,0.287457,-1.87419
46,-0.629833,0.337228,-1.87903
46,0.0282483,0.887573,-1.87332
46,0.0468474,0.956208,-1.83371
46,-0.514463,0.499682,-1.87464
46,-0.181547,0.781657,-1.86408
46,-0.632236,0.396073,-1.90415
46,-0.154135,0.844469,-1.85776
46,-0.529301,0.528165,-1.91132
46,-0.472397,0.606167,-1.87587
46,-0.462778,0.617516,-1.87862
46,-0.534638,0.555144,-1.90181
46,-0.118553,0.906664,-1.90118
46,-0.582197,0.554635,-1.88529
46,-0.526438,0.583418,-1.90335
46,-0.239765,0.846043,-1.87552
46,-0.591223,0.591143,-1.87076
46,-0.292811,0.840019,-1.87608
46,-0.445281,0.677673,-1.9305
46,-0.39081,0.78674,-1.86907
46,-0.429492,0.774738,-1.85181
46,-0.397088,0.803353,-1.88524
46,-0.65481,0.620801,-1.88498
46,-0.639104,0.626035,-1.89532
46,-0.539348,0.709647,-1.9003
46,-0.511332,0.781179,-1.84613
46,-0.44425,0.821898,-1.87096
46,0.106232,1.27122,-1.86505
46,0.102561,1.29418,-1.88347
46,-0.356646,0.910944,-1.90358
46,-0.638738,0.715039,-1.87288
46,-0.500151,0.838381,-1.87351
46,0.088274,1.34658,-1.83487
46,-0.622335,0.761466,-1.8747
46,-0.411329,0.909729,-1.89873
46,-0.721466,0.725464,-1.83424
46,-0.615811,0.766673,-1.8855
46,-0.565116,0.886254,-1.7982
46,-0.721315,0.698452,-1.8839
46,-0.485697,0.89348,-1.8773
46,0.0491779,1.38398,-1.81275
46,-0.733295,0.682977,-1.90067
46,-0.688641,0.746944,-1.87345
46,-0.407256,0.955335,-1.89614
46,-0.464728,0.921998,-1.88546
46,-0.719668,0.716769,-1.88701
46,-0.536483,0.887903,-1.86244
46,-0.607751,0.854255,-1.83811
46,-0.763471,0.68416,-1.89215
46,-0.671997,0.778221,-1.87109
46,-0.790111,0.664851,-1.8957
46,-0.786408,0.676987,-1.88713
46,-0.703656,0.764822,-1.86722
46,-0.808802,0.66909,-1.8811
46,-0.536146,0.92232,-1.84271
46,-0.469809,0.964134,-1.86032
46,-0.840034,0.654534,-1.87597
46,-0.575562,0.885233,-1.85671
46,-0.906337,0.61297,-1.87411
46,-0.860168,0.643903,-1.88176
46,-0.755518,0.741253,-1.86944
46,-0.793934,0.718082,-1.86246
46,-0.541547,0.925665,-1.8621
46,-0.831561,0.703826,-1.85371
46,-0.526322,0.981648,-1.81959
46,-0.590333,0.889263,-1.86761
46,-0.836117,0.699048,-1.86126
46,-0.940113,0.616109,-1.86877
46,-0.827222,0.7222,-1.85738
46,-0.795263,0.727526,-1.88386
46,-0.52626,1.00503,-1.82162
46,-0.447016,1.0642,-1.82846
46,-0.511599,1.00158,-1.84587
46,-0.905119,0.675666,-1.85927
46,-1.01263,0.578704,-1.87408
46,-0.500352,1.01271,-1.84671
46,-0.593905,0.919576,-1.86808
46,-0.804658,0.734213,-1.88882
46,-0.955688,0.649468,-1.85174
46,-0.644577,0.884725,-1.86895
46,-0.621577,0.905882,-1.86946
46,-0.814704,0.745562,-1.88565
46,-0.492567,1.04226,-1.84211
46,-0.0864375,1.38767,-1.828
46,-0.968291,0.660737,-1.85923
46,-1.05543,0.589349,-1.86401
46,-0.514231,1.04612,-1.83776
46,-0.555555,1.04251,-1.80645
46,-0.457076,1.09075,-1.85478
46,-1.11321,0.55079,-1.87374
46,-1.09635,0.565672,-1.87361
46,-0.45549,1.12043,-1.82912
46,-0.967967,0.676085,-1.87046
46,-1.00789,0.652559,-1.86375
46,-1.09737,0.582051,-1.87073
46,-0.469928,1.09603,-1.86148
46,-1.19628,0.504262,-1.87855
46,-0.577692,1.05678,-1.81538
46,-0.559843,1.05712,-1.8323
46,-0.576292,1.05216,-1.82363
46,-1.13361,0.569537,-1.86962
46,-0.448571,1.13533,-1.84949
46,-0.912124,0.752202,-1.87241
46,-1.12698,0.560933,-1.90002
46,-0.464375,1.15687,-1.83003
46,-0.932917,0.763058,-1.86106
46,-0.515036,1.11975,-1.8377
46,-1.19452,0.547367,-1.87741
46,-0.936087,0.774949,-1.85899
46,-0.929914,0.771631,-1.8684
46,-1.16921,0.563013,-1.89135
46,-0.519433,1.12048,-1.84984
46,-0.497361,1.1514,-1.83812
46,-0.482071,1.15845,-1.84432
46,-1.05853,0.66987,-1.87804
46,-0.450847,1.20318,-1.83878
46,-0.947308,0.778559,-1.87941
46,-0.507856,1.15732,-1.85571
46,-1.137,0.6427,-1.87471
46,-1.13735,0.646851,-1.87407
46,-0.509583,1.17071,-1.85794
46,-0.515088,1.1946,-1.83597
46,-1.22449,0.614193,-1.86791
46,-0.50034,1.21885,-1.84367
46,-0.522742,1.19931,-1.85513
46,-1.19424,0.662403,-1.86341
46,-0.434474,1.27388,-1.86263
46,-0.426632,1.31369,-1.83745
46,-1.23319,0.625688,-1.89416
46,-1.19987,0.64462,-1.90527
46,-0.520422,1.25246,-1.84611
46,-1.18629,0.671282,-1.91553
46,-0.504345,1.27986,-1.84606
46,-1.17597,0.683265,-1.91476
46,-0.509739,1.28341,-1.84955
46,-1.22964,0.67298,-1.88984
46,-0.442279,1.33485,-1.86166
46,-0.242816,1.49451,-1.86385
46,-1.35772,0.597834,-1.881
46,-1.24246,0.681918,-1.89038
46,-1.25374,0.69679,-1.86698
46,-1.22188,0.694401,-1.90248
46,-0.43234,1.36691,-1.85906
46,-1.29241,0.664043,-1.87637
46,-1.32533,0.610683,-1.90876
46,-1.31166,0.649149,-1.87799
46,-0.441048,1.38627,-1.83925
46,-1.26799,0.706483,-1.8739
46,-0.271755,1.49569,-1.88741
46,-0.501719,1.3501,-1.84478
46,-0.444512,1.4012,-1.84452
46,-0.447602,1.39079,-1.85428
46,-0.508481,1.38569,-1.80642
46,-0.392741,1.44051,-1.85454
46,-0.519461,1.42376,-1.77564
46,-0.489473,1.42482,-1.80442
46,-0.51433,1.3966,-1.81541
46,-0.443286,1.44545,-1.82796
46,-0.481763,1.44098,-1.8138
46,-0.409624,1.44487,-1.88059
46,-0.395289,1.51043,-1.82085
46,-0.367478,1.53552,-1.82084
46,-0.501148,1.45374,-1.79941
46,-0.488488,1.48275,-1.80809
46,-0.503341,1.47651,-1.8036
46,-0.374351,1.57506,-1.81746
46,-0.467165,1.51887,-1.80956
46,-0.389266,1.60204,-1.81019
46,-0.463151,1.57474,-1.78579
46,-0.542201,1.51446,-1.80337
46,-1.64057,0.533123,-1.92434
46,-0.558713,1.54251,-1.78582
46,-0.513295,1.55589,-1.82613
46,-0.536105,1.54984,-1.8124
46,-0.950618,2.05489,-0.86048
46,-0.962623,2.06201,-0.860767
46,-0.39783,1.64021,-1.85826
46,-1.48854,0.788499,-1.85516
46,-0.612074,1.64448,-1.72567
46,-0.545374,1.66562,-1.76709
46,-0.568807,1.61463,-1.80871
46,-1.51943,0.813283,-1.87312
46,-0.579676,1.6769,-1.76985
46,-0.603621,1.68918,-1.74552
46,-0.984977,1.43252,-1.81708
46,-0.905514,2.05834,-1.21743
46,-0.914973,2.05023,-1.22121
46,-0.443206,1.94923,-1.7795
46,-0.517603,1.86269,-1.81324
46,-1.26545,1.40885,-1.80925
46,-1.22818,1.46417,-1.79264
46,-1.23903,1.48182,-1.80815
46,-1.24465,1.52782,-1.76327
46,-1.30191,1.43719,-1.81977
46,-0.165993,2.35128,-1.81834
46,-1.25582,1.50608,-1.81787
46,-1.33384,1.44538,-1.83539
46,-1.75603,1.13527,-1.81861
46,-1.27451,1.55853,-1.78006
46,-1.27059,1.57001,-1.78376
46,-1.2241,1.61052,-1.8065
46,-1.23776,1.6112,-1.80084
46,-1.72158,1.3494,-1.6633
46,-0.21535,2.38479,-1.85905
46,-1.76139,1.15994,-1.85021
46,-1.79121,1.16818,-1.85913
46,-0.945195,1.98028,-1.70702
46,-1.80152,1.17153,-1.87381
46,-1.65072,1.35501,-1.80699
46,-1.63279,1.41144,-1.76725
46,-0.552294,2.26454,-1.78519
46,-0.905641,2.002,-1.76725
46,-0.909243,2.00638,-1.7611
46,-0.871503,2.03815,-1.75961
46,-0.922942,2.02238,-1.73547
46,-0.921215,2.02195,-1.74418
46,-0.48613,2.31035,-1.81594
46,-0.884813,2.07513,-1.72386
46,-0.991673,2.03291,-1.735
46,-0.345411,2.4627,-1.86552
46,-0.538892,2.41254,-1.77968
46,-0.967213,2.07524,-1.79855
46,-1.1133,1.98311,-1.82763
46,-0.807777,2.77944,-1.68336
46,-2.41159,1.76357,-1.70269
46,-2.46845,1.76073,-1.69163
46,-2.4746,1.79244,-1.7129
46,-2.47472,1.7877,-1.76913
46,-2.45708,1.79487,-1.82445
46,-0.926605,3.38943,-1.62101
46,-1.03382,3.43675,-1.49611
46,-0.500064,1.79995,-1.84525
45,-0.500064,1.79995,-1.84525
46,-0.486186,1.68793,-1.80722
45,-0.486186,1.68793,-1.80722
46,-0.424226,1.2281,-1.83963
34,-0.424226,1.2281,-1.83963
46,-0.234057,0.602785,-1.72088
35,-0.234057,0.602785,-1.72088
46,0.234448,1.20079,-1.82488
27,0.234448,1.20079,-1.82488
46,-2.21337,1.19592,-2.22128
43,-2.21337,1.19592,-2.22128
47,-0.7494,0.0514414,-1.44313
47,-0.751646,0.0562692,-1.44323
47,-0.754409,0.057628,-1.45326
47,-0.933842,-0.0344054,-1.48527
47,-0.888957,0.0898104,-1.43767
47,-0.896404,0.0893573,-1.45397
47,-0.578988,0.367508,-1.74832
47,-0.510996,0.440648,-1.77684
47,-0.122341,0.808027,-1.7577
47,-0.180693,0.769396,-1.75414
47,-0.292498,0.694083,-1.79006
47,-0.525954,0.448692,-1.83553
47,-0.5388,0.51467,-1.76155
47,-0.468627,0.565829,-1.8172
47,-0.400137,0.636526,-1.81973
47,-0.553629,0.530957,-1.78725
47,-0.438797,0.660365,-1.78189
47,-0.563857,0.543844,-1.80369
47,-0.388556,0.733579,-1.8036
47,-0.353227,0.769624,-1.81859
47,0.0771842,1.18253,-1.80311
47,-0.435592,0.757749,-1.77113
47,0.116221,1.22291,-1.80449
47,-0.322724,0.850058,-1.80816
47,-0.588378,0.683224,-1.7833
47,-0.627923,0.64626,-1.79969
47,-0.551651,0.804608,-1.71528
47,0.0777388,1.29799,-1.79886
47,-0.708354,0.648454,-1.74395
47,-0.418773,0.912616,-1.7495
47,-0.614637,0.703162,-1.80192
47,-0.602942,0.780868,-1.75146
47,-0.446868,0.891371,-1.78334
47,-0.771407,0.586029,-1.81632
47,-0.518563,0.892858,-1.76159
47,-0.883158,0.551842,-1.79226
47,-0.073368,1.31593,-1.75314
47,-0.528291,0.928602,-1.75877
47,-0.962105,0.51786,-1.78356
47,-0.818538,0.616918,-1.82192
47,-0.858001,0.580853,-1.82488
47,-0.985704,0.526773,-1.78567
47,-0.145865,1.3209,-1.7444
47,-0.976394,0.527327,-1.81815
47,-1.19631,0.369482,-1.78254
47,-0.440362,1.06601,-1.76404
47,-0.415899,1.08965,-1.76323
47,-0.848898,0.66796,-1.80788
47,-1.21358,0.372723,-1.79689
47,-1.20778,0.385017,-1.79232
47,-0.460737,1.07324,-1.77885
47,-0.903033,0.691863,-1.76313
47,-1.04106,0.569737,-1.76676
47,-1.10525,0.479638,-1.80285
47,-1.13747,0.481862,-1.77327
47,-1.21622,0.377083,-1.8101
47,-0.977855,0.604013,-1.79956
47,-1.11356,0.487189,-1.79518
47,-0.975582,0.62089,-1.79082
47,-0.538581,1.06486,-1.73982
47,-1.22968,0.387788,-1.80869
47,-0.496746,1.11741,-1.74072
47,-0.918068,0.699927,-1.78669
47,-1.11946,0.566464,-1.77914
47,-0.424371,1.2116,-1.77972
47,-1.20443,0.545781,-1.79458
47,-1.21082,0.592509,-1.74442
47,-1.16791,0.594667,-1.78273
47,-1.21738,0.564805,-1.79234
47,-1.40489,0.401795,-1.78834
47,-1.22953,0.556405,-1.81898
47,-1.29533,0.504947,-1.81697
47,-1.35877,0.421773,-1.84556
47,-1.30281,0.511141,-1.81547
47,-1.20361,0.615629,-1.80129
47,-1.3376,0.510111,-1.79577
47,-1.32906,0.521058,-1.79619
47,-0.50363,1.30215,-1.75708
47,-1.24636,0.618194,-1.78212
47,-1.40502,0.455116,-1.81508
47,-0.385235,1.4084,-1.81536
47,-1.4215,0.514756,-1.79949
47,-1.36697,0.534422,-1.83269
47,-1.3744,0.541154,-1.82288
47,-1.43682,0.511977,-1.82484
47,-0.361681,1.55401,-1.78065
47,-1.72398,0.302797,-1.81332
47,-0.488311,1.45425,-1.77556
47,-1.79048,0.271503,-1.80765
47,-0.49581,1.49633,-1.75885
47,-0.439559,1.5682,-1.75331
47,-0.442014,1.57998,-1.75255
47,-1.46806,0.714408,-1.76971
47,-0.539235,1.58624,-1.76086
47,-1.48595,0.71726,-1.7852
47,-1.48212,0.725253,-1.78478
47,-0.556327,1.62826,-1.7147
47,-0.550456,1.70342,-1.69346
47,-0.89029,1.96337,-1.11517
47,-0.909131,1.97098,-1.1137
47,-1.89827,0.440409,-1.79989
47,-1.94057,0.470208,-1.78208
47,-0.970267,1.37828,-1.77185
47,-0.406634,1.96383,-1.7005
47,-1.28716,1.26122,-1.66481
47,-2.03754,0.477939,-1.78161
47,-1.29841,1.28582,-1.70106
47,-1.22199,1.41825,-1.68954
47,-1.25874,1.34996,-1.72922
47,-1.21401,1.47634,-1.69672
47,-0.451237,2.18726,-1.72188
47,-1.25583,1.46865,-1.73196
47,-1.7353,1.05804,-1.73583
47,-1.25008,1.51963,-1.73935
47,-0.34095,2.31674,-1.76034
47,-0.345081,2.28172,-1.79654
47,-1.6464,1.2639,-1.65666
47,-1.5969,1.31911,-1.66966
47,-1.61784,1.32613,-1.65157
47,-1.62691,1.26514,-1.71915
47,-1.77288,1.08256,-1.78304
47,-1.61181,1.27855,-1.73822
47,-1.63093,1.28968,-1.74775
47,-0.981116,1.97289,-1.66017
47,-1.00091,1.98704,-1.65533
47,-0.987652,1.98647,-1.66933
47,-1.07593,1.90415,-1.72598
47,-0.952517,2.0186,-1.73193
47,-0.945418,2.02516,-1.74465
47,-1.08044,3.00805,-0.925478
47,-0.991212,3.21851,-0.94547
47,-2.83933,0.857529,-1.71005
47,-2.35171,1.62489,-1.56643
47,-2.43415,1.69065,-1.62853
47,-0.875571,3.22393,-1.52558
47,-0.959251,3.27539,-1.66339
47,-0.404852,1.64843,-1.84993
45,-0.404852,1.64843,-1.84993
47,-0.432597,1.58013,-1.84008
45,-0.432597,1.58013,-1.84008
47,-0.509735,1.16973,-1.78788
45,-0.509735,1.16973,-1.78788
47,-1.08955,0.712845,-2.05978
45,-1.08955,0.712845,-2.05978
47,-0.545371,2.23872,-1.74848
44,-0.545371,2.23872,-1.74848
47,-1.01631,3.04401,-1.00059
44,-1.01631,3.04401,-1.00059
47,-1.30362,1.61792,-1.94058
36,-1.30362,1.61792,-1.94058
47,0.173514,1.22884,-1.76252
32,0.173514,1.22884,-1.76252
48,-0.575601,1.00158,-1.7414
48,-0.48784,1.10573,-1.7193
48,-1.15971,0.421054,-1.79489
48,-1.70801,1.20768,-0.13416
48,-0.428882,1.22391,-1.73537
48,-1.26312,0.440666,-1.75867
48,-1.15141,0.582613,-1.74694
48,-1.22833,0.59994,-1.75013
48,-1.33378,0.51367,-1.77266
48,-1.56793,1.23986,-0.568959
48,-1.54773,0.41047,-1.79144
48,-1.5996,0.393028,-1.79867
48,-0.487099,1.55025,-1.72589
48,-0.544127,1.49646,-1.757
48,-0.560344,1.4971,-1.74058
48,-0.530491,1.57434,-1.74865
48,-0.549173,1.5861,-1.75331
48,-0.556405,1.69707,-1.67254
48,-0.439222,1.80823,-1.73079
48,-0.401656,1.95449,-1.70272
48,-0.887938,1.97273,-1.09227
48,-0.395996,1.95941,-1.71652
48,-0.385665,2.02442,-1.70219
48,-1.87692,0.540259,-1.7805
48,-1.96938,0.497416,-1.72757
48,-0.384068,2.02427,-1.72085
48,-0.418314,2.12732,-1.65998
48,-1.77534,0.790185,-1.76029
48,-0.333185,2.19361,-1.73223
48,-1.31923,1.3124,-1.70118
48,-0.52994,2.14169,-1.67487
48,-1.26524,1.46526,-1.72125
48,-1.24948,1.46754,-1.7376
48,-1.2633,1.46434,-1.72942
48,-1.21879,1.54278,-1.7222
48,-1.21967,1.54243,-1.72594
48,-1.26983,1.52285,-1.70303
48,-1.20924,1.5715,-1.74101
48,-1.5847,1.30525,-1.63002
48,-0.965234,1.92996,-1.61872
48,-1.60318,1.25716,-1.70925
48,-0.923081,1.9428,-1.66483
48,-1.62018,1.23612,-1.7395
48,-1.78394,1.07634,-1.74491
48,-0.921298,1.95333,-1.68665
48,-1.26535,1.60085,-1.73349
48,-0.927032,1.97361,-1.69426
48,-1.64913,1.30379,-1.74749
48,-1.06491,3.01135,-0.92502
48,-2.85393,0.740519,-1.67722
48,-2.85012,0.79676,-1.69551
48,-2.86997,0.883906,-1.57173
48,-2.4215,1.64958,-1.57289
48,-2.39049,1.67219,-1.65394
48,-2.43523,1.67438,-1.61774
48,-0.989536,3.31217,-1.6405
48,-1.69391,1.42371,-1.78428
46,-1.69391,1.42371,-1.78428
48,-1.47753,1.90335,-2.1779
46,-1.47753,1.90335,-2.1779
48,-0.319893,1.376,-1.60171
46,-0.319893,1.376,-1.60171
48,-1.13384,2.44806,-0.879592
46,-1.13384,2.44806,-0.879592
48,-2.17187,1.80115,-0.253398
44,-2.17187,1.80115,-0.253398
48,-1.49921,4.80838,-2.03869
44,-1.49921,4.80838,-2.03869
48,-0.513136,1.31201,-1.84687
34,-0.513136,1.31201,-1.84687
48,-1.32873,1.76807,-1.96097
36,-1.32873,1.76807,-1.96097
48,-1.27223,2.19515,-2.02832
36,-1.27223,2.19515,-2.02832
48,-2.1528,1.8107,-0.587124
36,-2.1528,1.8107,-0.587124
49,-1.6097,1.2705,-0.0502047
49,-1.63876,1.29327,-0.0271627
49,-1.67916,1.26203,-0.0561018
49,-1.59094,1.26518,-0.186553
49,-1.61325,1.28458,-0.19915
49,-1.58621,1.26295,-0.490806
49,-1.6058,1.28063,-0.470785
49,-0.433854,1.56301,-1.75863
49,-0.412858,1.59343,-1.76262
49,-1.68882,1.24235,-0.476663
49,-0.480197,1.85464,-1.77285
49,-0.43842,2.01797,-1.75476
49,-1.77903,0.6145,-1.89215
49,-0.394848,2.09176,-1.78184
49,-0.508478,2.05097,-1.71521
49,-2.09125,0.450835,-1.80728
49,-0.352754,2.21751,-1.7767
49,-1.165,1.51376,-1.72288
49,-0.479737,2.22739,-1.74288
49,-1.23581,1.56241,-1.73808
49,-1.68618,1.26355,-1.58627
49,-1.75206,1.07545,-1.76993
49,-1.60827,1.30241,-1.76501
49,-1.70371,1.31704,-1.65164
49,-1.62926,1.32759,-1.79316
49,-3.07237,0.8863,-1.31383
49,-3.01833,0.945703,-1.34045
49,-2.90194,0.959163,-1.51778
49,-2.95843,1.0003,-1.39479
49,-1.14052,3.14266,-1.0287
49,-1.125,3.32379,-1.02505
49,-1.1773,3.36128,-1.07398
49,-2.43289,1.71258,-1.6581
49,-2.01062,1.52837,-0.537259
36,-2.01062,1.52837,-0.537259
49,-1.89428,1.4304,-0.0314887
41,-1.89428,1.4304,-0.0314887
50,-2.01128,2.3563,0.0904844
50,-2.01513,2.35002,0.0782108
50,-2.1273,2.28488,0.0905139
50,-1.99355,2.43188,0.0612644
50,-2.00815,2.44319,0.068751
50,-2.08046,2.40684,0.0882431
50,-1.16196,3.07179,-0.993882
50,-0.959305,3.44365,-1.68824
50,-0.95137,3.43845,-1.71224
50,-1.03234,3.37847,-1.69858
50,-1.61528,1.24064,-1.57662
46,-1.61528,1.24064,-1.57662
50,-1.21478,4.00083,-1.70021
37,-1.21478,4.00083,-1.70021
51,-1.7186,1.30524,0.0529011
51,-0.925457,1.96729,-1.70331
51,-2.56109,1.7192,0.165367
51,-3.20595,1.0686,0.0782095
51,-2.41674,1.69404,-1.62533
51,-1.24492,1.58319,-1.75859
49,-1.24492,1.58319,-1.75859
51,-2.05274,1.56947,-0.17783
42,-2.05274,1.56947,-0.17783
52,-0.967357,1.96685,0.0815971
52,-1.64763,1.23265,0.0629895
52,-1.67592,1.24852,0.0758889
52,-1.6852,1.23972,-0.469156
52,-1.69476,1.26146,-0.485153
52,-0.922607,2.04589,-0.674938
52,-1.9487,2.2642,0.0674962
52,-1.95996,2.28092,0.0928367
52,-2.57144,1.7328,0.185007
52,-1.93906,2.38481,0.0707148
52,-2.97212,0.839456,-1.76531
52,-3.01726,0.801677,-1.80415
52,-3.15281,0.851313,-1.33483
52,-2.9631,0.891125,-1.811
52,-2.98941,0.999897,-1.5227
52,-1.16141,3.19386,-1.00421
52,-0.68722,1.42201,-0.499617
50,-0.68722,1.42201,-0.499617
53,0.287891,-0.336224,3.24862
53,0.136653,0.101735,2.77708
53,0.328155,-0.320965,3.26707
53,0.308426,0.178587,2.65409
53,-0.224504,-0.0712189,2.94926
53,-0.225511,-0.080879,2.96249
53,0.272628,0.382521,1.8856
53,0.266777,0.382655,1.88626
53,0.0928869,0.139808,2.71352
53,0.084234,0.139647,2.71039
53,0.350489,0.248134,2.5938
53,0.351705,0.240788,2.6028
53,0.435421,0.249942,2.61271
53,0.438116,0.243201,2.62888
53,0.453098,0.289606,2.52751
53,0.437591,0.289891,2.53
53,0.497792,0.268312,2.55236
53,0.487928,0.255479,2.58538
53,0.131521,0.226775,2.63064
53,0.247443,-0.0244974,2.92215
53,0.178773,0.140067,2.71854
53,0.179458,0.11479,2.72895
53,0.0760733,0.114589,2.72418
53,0.305802,0.130835,2.7049
53,0.308146,0.106057,2.72563
53,0.527039,-0.36954,3.28682
53,0.542113,-0.386239,3.25291
53,0.31762,-0.325875,3.26466
53,0.296788,-0.335892,3.26197
53,-0.100317,0.0570865,2.85528
53,-0.119047,0.0393207,2.87278
53,-0.185552,-0.0337042,2.92159
53,-0.186395,-0.0523645,2.93487
53,-0.138863,-0.024382,2.90839
53,-0.157171,-0.024377,2.9078
53,-0.00125836,0.090901,2.78794
53,-0.0277194,0.0911978,2.79705
53,0.0161391,0.115956,2.75667
53,0.0253749,0.0652045,2.81708
53,-0.010277,0.039027,2.85132
53,-0.0467135,0.00309828,2.88069
53,0.0525478,0.0389486,2.84559
53,0.025661,0.0389932,2.84885
53,-0.174506,0.0122255,2.8912
53,-0.0743591,0.00311494,2.89618
53,-0.120366,-0.0151921,2.9046
53,-0.0929798,0.315237,1.9474
53,-0.0870294,0.297466,1.95165
53,-0.116966,0.34425,1.9379
53,0.578494,0.339476,2.48423
53,0.547336,0.331747,2.48501
53,0.606638,0.30263,2.5034
53,0.572058,0.289314,2.52496
53,0.247884,0.114602,2.72447
53,0.221523,0.131432,2.71723
53,0.26531,0.211046,2.6414
53,0.311294,0.171802,2.67877
53,0.294638,0.155034,2.68092
53,0.118379,0.139602,2.70952
53,0.120943,0.0815293,2.7682
53,0.0960758,0.0649639,2.80668
53,0.137304,0.0982023,2.74631
53,0.141786,0.196326,2.66771
53,0.177625,0.164716,2.70108
53,0.31364,0.234803,2.62766
53,0.281391,0.227237,2.636
53,0.102494,0.228434,2.05004
53,0.467897,0.241459,2.61006
53,0.466349,0.31964,2.51302
53,0.51004,0.332975,2.4942
53,0.540989,0.289729,2.52858
53,0.49526,0.317855,2.49898
53,0.363034,0.269835,2.56686
53,0.320372,0.25016,2.61499
53,0.394254,0.260979,2.55937
53,0.407035,0.290858,2.53843
53,0.522729,0.268721,2.55625
53,0.19859,0.21927,2.64014
53,0.070304,0.0567411,2.83801
53,0.136915,-0.0429345,2.92285
53,0.231894,0.210952,2.64022
53,0.628885,0.325567,2.49771
53,0.577996,0.242769,2.62421
53,0.622102,0.368797,2.47077
53,0.546004,0.354388,2.47896
53,0.291577,0.378019,1.89283
53,-0.130185,-0.0428839,2.91941
53,0.00724938,0.180556,2.68336
53,0.00545025,0.262961,2.0174
53,0.451851,-0.305571,3.26769
53,0.584001,-0.410407,3.20141
53,0.346816,0.181156,2.69226
53,0.600941,0.03902,2.85081
53,0.215527,0.298902,1.96108
53,0.591802,0.203299,2.64897
53,0.30826,0.114057,2.71152
53,0.297268,0.113777,2.70485
53,0.305506,0.133373,2.68729
53,0.294887,0.133169,2.68318
53,0.305047,0.143325,2.68325
53,0.294536,0.14315,2.67999
53,0.30294,0.172581,2.66472
53,0.291976,0.172061,2.6567
53,-0.413018,-0.164041,3.12314
53,-0.442075,-0.190006,3.16193
53,-0.408554,-0.0895728,3.00345
53,-0.424371,-0.113491,3.03531
53,-0.521173,-0.788154,3.72767
53,-0.520754,-0.815706,3.72468
53,-0.186688,-0.0207295,2.91059
53,-0.208798,-0.00972119,2.91178
53,0.162432,0.173264,2.67527
53,0.27944,0.230324,2.63328
53,0.259557,0.210433,2.63373
53,0.374222,0.276556,2.5996
53,0.356227,0.258099,2.61189
53,0.582308,0.370528,2.44111
53,0.566917,0.344693,2.45445
53,-0.553854,-0.808791,3.75803
53,-0.355797,-0.125092,3.03813
53,-0.350675,-0.174238,3.09437
53,-0.241456,-0.0207044,2.90706
53,-0.262751,0.0122597,2.89929
53,-0.0954019,0.317581,1.94671
53,-0.117211,0.309457,1.94195
53,0.113208,0.14467,2.70843
53,0.0826729,0.145034,2.71525
53,0.0732191,0.115507,2.74598
53,0.106571,0.0754955,2.80342
53,0.175878,0.1147,2.72681
53,0.135284,0.0945372,2.74046
53,0.2466,0.114008,2.71036
53,0.225964,0.134443,2.70884
53,0.229279,0.210081,2.62932
53,0.199516,0.220119,2.6304
53,0.222766,0.297425,1.95949
53,0.208519,0.298255,1.96496
53,0.344225,0.183172,2.67214
53,0.324912,0.143131,2.67963
53,0.434778,0.247928,2.60885
53,0.409041,0.230369,2.6338
53,0.467376,0.31558,2.51856
53,0.447658,0.292794,2.56947
53,-0.374651,-0.0896179,3.00496
53,-0.389829,-0.164228,3.12669
53,-0.142763,-0.0207476,2.91313
53,-0.0970005,0.0554487,2.86369
53,-0.0762418,0.00128963,2.89832
53,-0.120402,-0.00970016,2.90548
53,-0.0210914,0.0444771,2.85491
53,-0.0430014,0.0230381,2.87541
53,-0.0432246,0.00128608,2.89034
53,0.0319511,0.106081,2.77115
53,0.0431753,0.0759266,2.81943
53,0.000502672,0.0967186,2.8037
53,0.318633,0.239791,2.62784
53,0.506493,0.338468,2.47685
53,0.491867,0.322424,2.49776
53,0.543425,0.292014,2.56263
53,0.584252,0.311843,2.48873
53,0.54298,0.328493,2.47231
53,0.589583,0.295684,2.51144
53,-0.222092,-0.0654767,2.94194
53,-0.27596,-0.0318773,2.92302
53,-0.245655,-0.0882058,2.95761
53,-0.26714,-0.0767581,2.94772
53,0.273008,0.152592,2.66779
53,0.40161,0.294672,2.58595
53,0.508301,0.2746,2.58121
53,0.483121,0.247411,2.6034
53,0.110111,0.22824,2.07175
53,0.0757012,0.054972,2.83907
53,0.133649,-0.0430697,2.93207
53,0.255261,-0.0208485,2.92728
53,0.21333,-0.0434828,2.96019
53,0.617338,0.32824,2.47041
53,0.58504,0.248865,2.6187
53,0.611843,0.362374,2.44842
53,0.531761,-0.369135,3.26491
53,0.555461,-0.356137,3.25901
53,0.588414,-0.414942,3.23679
53,-0.102611,0.331806,1.94375
53,-0.0663977,0.282702,1.96022
53,-0.18912,0.343352,1.92601
53,-0.187739,-0.0540692,2.92698
53,0.0437204,0.0444789,2.85503
53,-0.0315241,0.0866691,2.82187
53,-0.306427,0.0122516,2.89738
53,-0.341096,-0.0317637,2.9126
53,-0.274808,-0.136326,3.03234
53,-0.274246,-0.237562,3.15798
53,-0.320454,-0.224503,3.14244
53,0.459165,-0.308392,3.27576
53,0.579304,0.20077,2.6377
53,0.297936,-0.333061,3.27459
53,0.358628,0.248511,2.61498
53,0.326669,0.227312,2.6446
53,0.379048,0.269888,2.59224
53,0.412081,0.216019,2.65337
53,0.467433,0.305503,2.49849
53,0.45208,0.287479,2.53969
53,0.44068,0.236072,2.60873
53,0.520941,0.314905,2.48318
53,0.4986,0.315036,2.48422
53,0.53919,0.267591,2.57017
53,0.501728,0.266288,2.55766
53,0.538054,0.322918,2.45835
53,0.578113,0.292762,2.48663
53,0.473882,0.541393,2.21101
53,0.487158,0.514697,2.22581
53,0.63158,0.385657,2.43168
53,0.623168,0.354029,2.44198
53,0.630599,0.546715,2.23275
53,0.608379,0.544972,2.22563
53,0.67576,0.433783,2.39265
53,0.680173,0.414748,2.40827
53,0.709933,0.364124,2.43535
53,0.712924,0.343451,2.44561
53,0.34326,0.18171,2.6804
53,0.320882,0.146094,2.69688
53,0.13674,0.194398,2.68757
53,0.161757,0.158391,2.69777
53,0.57868,0.535437,2.228
53,0.548271,0.525262,2.22775
53,0.583009,0.498677,2.24467
53,0.539315,0.495984,2.23255
53,-0.547538,-0.240908,3.10865
53,-0.284814,0.378681,1.85628
53,-0.387085,-0.154153,3.06745
53,-0.187248,0.443039,1.80934
53,-0.188232,0.336247,1.9023
53,0.039746,0.11072,2.73042
53,-0.0352804,0.0749007,2.78134
53,0.114804,0.225084,2.07156
53,0.344735,-0.988438,3.95335
53,0.543418,-0.391264,3.30576
53,0.505431,-0.473848,3.25445
53,0.433167,0.530668,2.20816
53,0.411775,0.538939,2.20099
53,0.557791,-0.375827,3.302
53,0.607236,-0.413635,3.24575
53,-0.345861,0.421478,1.82268
53,0.0408808,0.0373767,2.80838
53,-0.0364072,0.0121366,2.87016
53,0.56986,0.333098,2.45113
53,0.902292,-0.18656,3.14418
53,0.913183,-0.232155,3.18214
53,0.836323,-0.212854,3.1112
53,0.267844,0.204221,2.65661
53,0.204889,0.213524,2.62273
53,0.306256,0.169266,2.67607
53,0.297682,0.109836,2.70861
53,0.236989,0.0978664,2.71774
53,0.616873,0.312104,2.46109
53,0.583924,0.236523,2.61371
53,0.656763,0.510746,2.25295
53,0.643259,0.485305,2.27757
53,-0.27491,-0.167618,3.05901
53,-0.345097,-0.195817,3.06562
53,-0.264422,-0.240149,3.09886
53,-0.304948,-0.224839,3.08186
53,-0.262892,0.0123697,2.92528
53,-0.303297,-0.000913479,2.9307
53,-0.2284,-0.0825349,2.99547
53,0.409528,0.290008,2.56204
53,0.667195,0.36494,2.4408
53,-0.479648,-0.829537,3.80097
53,-0.0882057,0.0250751,2.85958
53,-0.154479,0.0252974,2.88493
53,-0.186064,-0.0683705,2.97096
53,-0.0869746,0.31909,1.95596
53,-0.121316,0.333604,1.9371
53,-0.0784197,0.302586,1.96412
53,-0.0960429,0.293021,1.95979
53,0.590932,0.474465,2.27518
53,0.0888486,0.134778,2.71561
53,0.138971,0.0859578,2.73142
53,0.0767165,0.110403,2.72261
53,-0.348477,-0.0414577,2.97563
53,0.0109682,0.253991,2.00284
53,0.267422,0.376471,1.88746
53,0.651452,0.312611,2.46509
53,0.220893,-0.0554566,3.00208
53,0.136592,-0.0410687,2.9477
53,0.208708,0.296173,1.98087
53,0.323512,-0.33667,3.36007
53,-0.512996,0.146451,2.70347
53,0.442075,0.564438,2.2227
53,0.403354,0.549073,2.2096
53,0.728807,0.409289,2.45422
53,0.710625,0.373677,2.48415
53,0.675742,0.335917,2.50536
53,0.638433,0.49098,2.27512
53,0.657913,0.437819,2.39096
53,-0.81824,-0.837278,3.90137
53,-0.939972,-0.83214,3.87743
53,0.110431,0.185535,2.70066
53,0.158855,0.115068,2.77549
53,0.0999814,0.0708454,2.82099
53,0.0662575,0.607146,1.86946
53,0.0960585,0.541774,1.85488
53,0.0655328,0.580357,1.84901
53,0.756719,0.524239,2.2582
53,0.708129,0.5247,2.26019
53,0.709887,0.455429,2.34744
53,0.540204,0.590023,2.22785
53,0.462422,0.607787,2.20424
53,0.54278,0.531856,2.23848
53,0.516725,0.578777,2.23129
53,-0.523265,0.156404,2.70579
53,-0.618655,0.169014,2.67209
53,-0.19224,0.33895,1.90779
53,0.0979383,-0.238223,3.2653
53,0.300343,-0.334651,3.33993
53,0.317014,0.141656,2.70567
53,0.650238,0.729196,2.03994
53,1.04364,-0.274545,3.27414
53,-0.269632,-0.137155,3.00028
53,-0.369706,-0.187205,3.01656
53,-0.197689,0.548231,1.68806
53,-0.258999,0.00956953,2.88196
53,-0.356718,-0.0379086,2.91059
53,0.0261402,0.674173,1.9152
53,0.0253414,0.613108,1.85667
53,0.0165812,0.260091,2.02198
53,-0.102014,0.296639,1.97201
53,0.969516,-0.291549,3.2648
53,-0.302645,0.592818,1.65842
53,0.0382911,0.116311,2.80546
53,-0.0861524,0.0252343,2.87773
53,0.21889,0.54025,1.9593
53,0.381133,0.652038,2.1521
53,0.263755,0.657666,2.05957
53,0.891189,0.348413,2.49709
53,0.819093,0.360227,2.48473
53,0.20074,0.299502,1.99105
53,0.249203,0.20798,2.61292
53,-0.775006,-0.215817,3.19694
53,-0.790873,-0.435322,3.41593
53,-0.286396,0.378005,1.84476
53,0.807446,0.525223,2.26244
53,0.435491,0.298704,2.53709
53,0.394895,0.285512,2.54271
53,-0.333336,0.494061,1.72368
53,-0.351941,0.422484,1.81988
53,0.0709431,0.748233,2.00167
53,0.22786,0.662399,2.03959
53,0.310828,0.549322,2.07418
53,0.263247,0.388179,1.89441
53,0.620705,0.322041,2.50359
53,0.585232,0.29753,2.52712
53,0.293573,0.11453,2.76253
53,0.216627,-0.0543855,2.9441
53,-0.799992,-0.566629,3.53859
53,0.605769,0.558099,2.24593
53,0.544738,0.497055,2.24655
53,1.03806,-0.0881141,3.0002
53,0.547329,-0.383793,3.29317
53,0.508906,-0.489007,3.27683
53,0.33086,-0.925901,3.91659
53,-0.138677,-0.136974,2.99632
53,0.132272,0.4341,1.85253
53,-0.303866,0.593481,1.65523
53,-0.190219,0.44767,1.80947
53,-0.175912,0.347865,1.91108
53,-0.277409,0.38273,1.83848
53,-0.278184,-0.161207,3.02215
53,-0.386451,-0.205768,3.0981
53,0.0122186,0.263239,2.02927
53,-0.0770387,0.302136,1.93835
53,0.432965,0.62788,2.14169
53,0.270324,0.649196,2.07554
53,0.951504,-0.278726,3.23981
53,-0.0566948,0.0707286,2.81633
53,0.016982,0.0339512,2.82039
53,-0.0970986,-0.0795054,2.92407
53,0.468744,0.321582,2.47903
53,0.396847,0.222329,2.64818
53,0.307107,0.106015,2.77602
53,0.162291,0.106264,2.78254
53,0.194178,0.29725,1.99049
53,0.356657,0.575711,2.10454
53,0.311227,0.540975,2.07684
53,0.261137,0.384962,1.90917
53,0.669658,0.332923,2.44331
53,0.548576,0.304704,2.47358
53,0.565937,0.289138,2.47879
53,0.808671,0.537523,2.29389
53,0.766202,0.539299,2.30147
53,0.855437,0.471786,2.33976
53,0.893572,0.333026,2.44406
53,0.827087,0.331995,2.4365
53,1.48952,0.0522984,2.81543
53,1.50378,-0.0215344,2.84238
53,0.653736,0.548358,2.27661
53,0.528552,0.584673,2.18964
53,0.652546,0.448945,2.38088
53,1.14612,0.30884,2.50716
53,1.01424,0.37829,2.42691
53,1.01577,0.264129,2.55027
53,0.903837,0.525538,2.30711
53,1.00681,0.516855,2.33604
53,0.145788,0.732094,2.04182
53,0.102952,0.712791,1.98798
53,0.219711,0.556274,1.98603
53,0.0601165,0.596664,1.86854
53,1.3163,0.253968,2.61738
53,1.12457,0.630964,2.15221
53,1.12676,0.568816,2.18372
53,0.321609,0.140718,2.74489
53,1.05836,-0.10317,3.05889
53,0.660167,0.740058,2.06403
53,1.55551,-0.34469,3.2627
53,1.42086,-0.359185,3.39991
53,0.554087,-0.366787,3.26952
53,0.303376,-0.330352,3.33327
53,0.513594,-0.49723,3.28397
53,0.329195,-0.92124,3.89688
53,1.04121,-0.258781,3.25536
53,-0.203071,0.301104,1.93173
53,-0.243544,0.0156644,2.84813
53,-0.286522,0.443752,1.74745
53,-0.138451,-0.14001,2.99142
53,-0.536519,0.163124,2.82204
53,0.332606,-1.00801,3.93726
53,0.210184,0.668549,2.01924
53,0.0639942,0.617843,1.91138
53,0.204592,0.54282,1.96552
53,-0.772438,-0.803252,3.68298
53,-0.623518,-1.22792,3.65691
53,0.309651,0.646078,2.04845
53,0.345686,0.55591,2.07177
53,0.258907,0.623908,2.02862
53,0.953246,0.576252,2.28097
53,1.01007,0.497129,2.32949
53,0.954097,0.478276,2.32668
53,0.85261,0.526727,2.29913
53,0.766618,0.529628,2.31179
53,0.772292,0.396762,2.38534
53,-1.24076,-0.4829,3.45811
53,0.548431,-0.381626,3.28687
53,0.323592,-0.337613,3.36217
53,0.501283,-0.515112,3.31616
53,1.04249,-0.24754,3.21989
53,1.44196,-0.373541,3.45038
53,1.0003,0.37935,2.39356
53,-0.695275,0.216681,2.70741
53,-0.53898,0.156927,2.77767
53,-0.862187,0.152424,2.69797
53,-0.158537,-0.136554,3.00144
53,-0.254091,-0.208315,3.01761
53,-0.542582,-0.805188,3.69186
53,0.87942,0.326945,2.42269
53,0.686476,0.344511,2.4126
53,1.04452,-0.0896396,3.00752
53,-0.0920483,0.508619,1.74267
53,-0.211253,0.539812,1.71152
53,-0.192073,0.436399,1.78275
53,1.02983,0.62903,2.21476
53,0.950561,0.639831,2.19223
53,0.0201711,0.257831,2.02847
53,-0.212828,0.313078,1.9754
53,-0.0608118,0.0267283,2.8366
53,-0.238467,0.0266856,2.83206
53,-0.322907,0.492554,1.73424
53,-0.370589,0.40481,1.76697
53,-0.851693,-1.18609,3.53233
53,-0.746956,-1.22382,3.56149
53,0.6345,0.429592,2.36008
53,-0.882034,-0.79784,3.65816
53,0.385221,0.215117,2.68787
53,0.327904,0.154658,2.73751
53,0.289098,0.11333,2.77736
53,0.264123,0.385474,1.94964
53,0.327925,-0.954573,3.70958
54,0.149515,0.212672,2.1254
54,-0.634913,0.189768,2.64853
54,-0.60339,0.155617,2.6617
54,0.04367,0.182154,2.74166
54,0.4858,-1.35301,2.45833
54,-0.211944,-0.0219937,2.92237
54,-0.270979,-0.0649659,3.01881
54,-0.693155,-0.150062,3.04486
54,0.881608,-0.177228,3.08902
54,-0.324405,-0.19618,3.081
54,-0.750037,-0.195459,3.08503
54,-0.318306,-0.21143,3.09008
54,0.897074,-0.177894,3.10282
54,-0.697926,-0.171597,3.10987
54,-0.745698,-0.186891,3.10954
54,-0.602376,-0.206157,3.17283
54,1.46496,-0.3713,3.15169
54,1.46832,-0.353204,3.16267
54,-0.781474,-0.534043,3.53877
54,-0.836237,-0.483191,3.56788
54,-0.71281,-0.555567,3.55752
54,-0.822782,-0.569354,3.60454
54,-1.04039,-0.595995,3.60305
54,-1.12544,-0.597753,3.61484
54,-0.746152,-0.572695,3.62514
54,-0.928002,-1.12292,3.569
54,-0.790562,-1.20567,3.55482
54,-0.580445,-0.961039,3.6184
54,-0.532813,-1.0198,3.60864
54,-0.533473,-1.13373,3.58569
54,-0.53324,-0.975514,3.62234
54,-0.603506,-1.08923,3.59879
54,-0.603441,-0.976275,3.62556
54,-0.67353,-1.20251,3.57342
54,-0.61169,-1.08998,3.60128
54,-0.728249,-1.21577,3.57274
54,-0.728818,-1.20414,3.57841
54,-0.51861,-1.02852,3.62024
54,-0.651524,-0.978539,3.63416
54,-0.519345,-1.13992,3.59853
54,-0.605588,-1.20608,3.58351
54,-0.936554,-0.996958,3.63261
54,-0.847162,-1.20669,3.58633
54,-0.762771,-1.07753,3.61648
54,-0.788957,-1.20697,3.58689
54,-0.552806,-1.09486,3.61683
54,-0.657749,-0.78099,3.69037
54,-0.66703,-1.20617,3.59398
54,-0.907205,-1.20882,3.59279
54,-0.536766,-0.913692,3.66191
54,-0.602058,-1.09585,3.62028
54,-0.520639,-0.922101,3.66064
54,-0.537229,-0.98578,3.6477
54,-0.911897,-0.918597,3.66476
54,-0.67476,-1.21149,3.59955
54,-0.668298,-1.09782,3.62702
54,-0.561852,-1.21224,3.60125
54,-0.616546,-1.21221,3.60142
54,-0.912831,-0.892154,3.67483
54,-0.619951,-1.14612,3.61821
54,-0.538456,-1.04173,3.64273
54,-0.522624,-1.2418,3.59746
54,-0.60418,-1.21035,3.60591
54,-0.669003,-1.03565,3.64586
54,-0.829859,-0.784167,3.70685
54,-0.539402,-0.986498,3.66269
54,-0.520849,-1.05997,3.6466
54,-0.588602,-0.863155,3.69409
54,-0.521193,-0.951064,3.67549
54,-0.606416,-1.26236,3.60728
54,-0.541056,-1.16097,3.63203
54,-0.655256,-0.976046,3.67474
54,-0.56087,-1.21848,3.61941
54,-0.524966,-0.865925,3.70542
54,-0.720425,-0.787803,3.72311
54,-0.522066,-0.933391,3.69179
54,-0.607436,-0.930305,3.69351
54,-0.613052,-0.784794,3.73079
54,-0.608456,-0.789558,3.73045
54,-0.876959,-0.684685,3.75445
54,-0.466981,-0.845438,3.71939
54,-0.552678,-1.17698,3.64326
54,-0.543264,-0.809454,3.73249
54,-0.59309,-0.805554,3.73664
54,-0.659704,-0.918458,3.71408
54,-0.665442,-0.790563,3.75868
54,-0.531215,-1.16549,3.67783
54,-0.716337,-0.770677,3.78076
54,-0.667003,-0.814943,3.78078
54,-0.95259,-1.04697,3.73486
54,-0.797999,-0.81255,3.85122
54,-0.948074,-0.945007,3.82258
54,-0.948948,-0.926009,3.83066
54,-0.882373,-0.820508,3.92317
54,0.31571,-1.15881,3.84991
54,0.343302,-0.984387,3.91511
54,0.348618,-1.0081,3.92245
54,0.341164,-0.99741,3.93357
54,0.345915,-0.984724,3.944
55,0.551128,-1.61114,2.07973
55,0.554196,-1.60686,2.09142
55,0.596533,-1.75704,2.06395
55,0.597415,-1.75535,2.07003
55,0.56125,-1.63401,2.1371
55,0.280047,-1.31988,2.94979
55,-0.588569,-0.905369,3.63236
55,-0.723867,-0.780701,3.74798
55,-0.527007,-1.1422,3.56525
55,-0.728728,-0.937038,3.67287
55,-0.5309,-1.13227,3.59135
55,-0.788817,-1.20713,3.54473
55,-0.710798,-1.03178,3.64634
55,-0.73788,-0.98866,3.67809
55,-0.746613,-1.21792,3.57432
55,-0.855012,-1.04277,3.69641
55,-0.859706,-1.15875,3.64371
55,-0.881646,-0.795998,3.84588
55,-0.893546,-1.0071,3.76114
55,-0.993904,-0.835714,3.93147
55,0.506627,-5.74038,6.05151
55,-0.593679,-1.11424,3.48461
54,-0.593679,-1.11424,3.48461
55,-0.667464,-0.856284,4.03587
54,-0.667464,-0.856284,4.03587
55,-0.567815,-0.86339,3.94136
53,-0.567815,-0.86339,3.94136
56,-0.130654,-0.110883,2.77205
56,0.102016,-0.245706,3.01103
56,-0.136782,-0.112145,2.77323
56,-0.0520185,0.0375447,2.54742
56,0.273563,0.281563,2.20455
56,-0.0181789,-0.0649648,2.69027
56,-0.0182318,-0.0736609,2.6981
56,0.103626,-0.254452,3.02724
56,0.0939936,-0.254216,3.02443
56,0.111364,-0.468345,3.25329
56,0.100963,-0.467682,3.24869
56,0.35961,0.073253,2.4872
56,0.351654,0.0732294,2.48639
56,0.319245,0.266922,2.20802
56,0.312032,0.266707,2.20624
56,0.269176,0.279458,2.19711
56,0.277724,0.253226,2.21
56,0.310917,0.279616,2.19835
56,0.233293,0.291754,2.18543
56,0.218761,0.28389,2.17796
56,0.319519,0.0808722,2.48036
56,0.302704,0.0805598,2.47078
56,0.0881853,0.0108933,2.57618
56,0.0636932,0.00276534,2.57115
56,0.171809,0.0812878,2.49311
56,0.164981,0.0659796,2.50881
56,0.0694783,0.0889662,2.48801
56,0.0699528,0.0658793,2.505
56,0.232108,-0.453504,3.22074
56,0.201067,-0.452209,3.21155
56,0.0803184,-0.466758,3.24227
56,0.353748,-0.443076,3.21876
56,0.320219,-0.43885,3.18806
56,-0.0139698,0.373771,2.06739
56,-0.0204991,0.354405,2.06849
56,-0.0684942,-0.0223646,2.66774
56,-0.0688898,-0.0478732,2.68315
56,0.0147856,0.0504927,2.52549
56,0.0149115,0.0268311,2.547
56,-0.00121243,-0.0479264,2.68613
56,-0.0181101,-0.0393683,2.68008
56,-0.207521,-0.149377,2.84395
56,-0.209074,-0.168564,2.86524
56,-0.0276869,-0.129125,2.79377
56,-0.0446939,-0.110006,2.75615
56,-0.0463739,-0.177257,2.85975
56,-0.139595,-0.109466,2.74262
56,-0.0883921,-0.11903,2.76391
56,-0.128834,-0.188187,2.88912
56,-0.0209357,-0.319032,3.09824
56,-0.0313366,-0.37545,3.16204
56,0.0387829,0.0346647,2.53261
56,0.0565436,-0.0136797,2.61542
56,0.0151236,0.00277833,2.58321
56,-0.0701807,-0.100481,2.73343
56,0.495811,0.402169,2.04605
56,0.470997,0.396551,2.05036
56,0.482635,0.368174,2.07258
56,0.230984,0.126421,2.4537
56,0.208525,0.119113,2.46255
56,0.19482,0.088888,2.48582
56,0.21287,0.186935,2.33964
56,0.190581,0.18678,2.33769
56,0.177815,0.159064,2.36395
56,0.243175,0.18015,2.34734
56,0.247634,0.160842,2.39038
56,0.0927709,0.0965599,2.48156
56,0.145072,0.125717,2.44003
56,0.133242,0.0738352,2.50696
56,0.0947174,0.0346787,2.53363
56,0.0710645,0.0268081,2.54481
56,0.309647,0.18007,2.3463
56,0.313238,0.159707,2.3735
56,0.22256,0.24769,2.28759
56,0.219231,0.208101,2.32884
56,0.40527,0.34856,2.11211
56,0.39778,0.333468,2.14352
56,0.380725,0.322681,2.16181
56,0.419191,0.29854,2.18467
56,0.420777,0.262498,2.22957
56,0.399229,0.262196,2.22701
56,0.281036,0.235092,2.23636
56,0.32179,0.193272,2.32711
56,0.347346,0.234733,2.30198
56,0.343805,0.200611,2.32713
56,0.317619,0.286342,2.19677
56,0.362316,0.303943,2.17405
56,0.33658,0.298582,2.18497
56,0.362802,0.268243,2.21895
56,0.448667,0.292907,2.19407
56,0.392661,0.245811,2.27023
56,0.367424,0.31615,2.16376
56,0.273886,0.311572,2.17946
56,0.460727,0.312457,2.18565
56,0.241423,0.208242,2.33042
56,0.126296,0.0425407,2.52613
56,0.0676608,-0.100403,2.73131
56,0.26908,0.126147,2.44837
56,0.519544,0.379564,2.06345
56,0.480913,0.319024,2.18343
56,0.271242,-0.461135,3.20321
56,-0.0929621,0.370327,2.0847
56,-0.136852,0.384094,2.05288
56,-0.0930019,-0.00549909,2.64708
56,-0.12239,0.0350857,2.56336
56,-0.138495,-0.0914447,2.72101
56,-0.0571991,0.0347618,2.5397
56,0.0331322,-0.0915649,2.72459
56,0.00760067,-0.130032,2.81341
56,0.0177159,-0.282971,3.02601
56,-0.232009,-0.417629,3.17955
56,-0.224266,-0.238345,2.94613
56,0.47188,-0.210242,2.94283
56,0.504569,0.424486,2.02938
56,0.368709,-0.452582,3.24324
56,0.354883,-0.450607,3.22909
56,0.274109,0.128789,2.41112
56,0.265502,0.129039,2.4158
56,0.274646,0.1199,2.41584
56,0.266114,0.120175,2.42138
56,-0.462695,-0.258532,2.98617
56,-0.386339,-0.409672,3.19568
56,-0.413386,-0.424706,3.21798
56,-0.217161,-0.172861,2.87662
56,-0.239846,-0.184451,2.88768
56,-0.13044,-0.18424,2.88437
56,-0.0698639,-0.0289639,2.65586
56,-0.0701842,-0.049286,2.66804
56,0.0622347,-0.0914102,2.71998
56,0.0314185,-0.0915776,2.72496
56,0.0915924,-0.249057,3.0082
56,0.0801587,-0.26027,3.00624
56,0.110589,-0.47527,3.23064
56,0.101771,0.120842,2.43481
56,0.0934282,0.0940811,2.45769
56,0.159407,-0.621659,3.22913
56,0.168516,0.0851346,2.4679
56,0.153279,0.0584332,2.52452
56,0.203322,0.120971,2.43741
56,0.186396,0.103369,2.45743
56,0.236534,0.210912,2.31137
56,0.240981,0.188149,2.35483
56,0.365915,-0.583109,3.21866
56,0.365278,-0.606407,3.21306
56,0.376089,-0.701153,3.2016
56,0.351093,-0.69962,3.19461
56,0.36381,0.271438,2.23372
56,0.376451,0.248853,2.25886
56,0.479284,0.369921,2.07504
56,0.500663,0.358282,2.09884
56,0.368501,-0.476854,3.24141
56,-0.297487,-0.308145,3.02962
56,-0.314215,-0.336713,3.08126
56,-0.235362,-0.257039,2.96893
56,-0.259446,-0.269956,2.98756
56,-0.164536,-0.196775,2.90834
56,-0.188001,-0.220492,2.93106
56,-0.0766676,0.0493366,2.54802
56,-0.099284,-0.00880247,2.6366
56,-0.0316593,-0.138131,2.83398
56,-0.0428419,-0.172147,2.86474
56,-0.0196986,-0.0391669,2.66638
56,-0.0199241,-0.0702266,2.69689
56,-0.0191583,0.0207773,2.59324
56,-0.0571178,0.0491055,2.53609
56,0.0199705,0.0304097,2.57805
56,0.0103602,0.0110548,2.61436
56,0.155017,0.155655,2.40338
56,0.137886,0.129366,2.42192
56,0.220514,0.212328,2.32689
56,0.187481,0.188107,2.3543
56,0.290828,-0.700027,3.19647
56,0.242191,-0.699273,3.19302
56,0.355314,0.0758081,2.46825
56,0.316688,0.075505,2.45838
56,0.343914,0.232877,2.26974
56,0.341498,0.210926,2.31152
56,0.394736,0.330917,2.12712
56,0.422857,0.271366,2.23313
56,0.399773,0.255917,2.24584
56,0.405136,0.350138,2.09763
56,0.45804,0.31717,2.19922
56,0.451669,0.301831,2.20875
56,0.425905,0.301341,2.20516
56,0.502722,0.333144,2.14144
56,0.481631,0.324567,2.19297
56,-0.223639,-0.126828,2.82105
56,-0.0714274,-0.0912527,2.7153
56,0.0375063,-0.50317,3.25297
56,0.037467,-0.576413,3.24957
56,0.000580288,-0.561991,3.23731
56,0.000479604,-0.0494177,2.67517
56,0.0495814,-0.61107,3.23777
56,0.000578918,-0.621775,3.22974
56,0.0667932,0.0674587,2.50499
56,0.148081,-0.502508,3.24869
56,0.0988667,-0.502264,3.24711
56,0.0988483,-0.563587,3.24651
56,0.181263,0.163814,2.38975
56,0.229961,0.129614,2.42657
56,0.202686,0.129786,2.42979
56,0.276517,0.285471,2.21149
56,0.312805,0.271181,2.23161
56,0.278325,0.253651,2.22596
56,0.3267,0.29382,2.21136
56,0.0973972,0.0399152,2.56209
56,0.0686724,0.0303792,2.57546
56,0.109454,-0.00874253,2.61863
56,0.0695766,0.00116104,2.60938
56,0.138419,0.120667,2.43128
56,0.133542,0.0676638,2.5126
56,0.246285,0.164973,2.40665
56,0.239057,0.147924,2.42571
56,0.317842,-0.450056,3.22515
56,0.339597,-0.652406,3.20017
56,0.290959,-0.664043,3.1979
56,0.31821,0.195244,2.33314
56,0.356834,0.30768,2.19089
56,0.273473,0.31543,2.18715
56,0.213855,0.248607,2.25662
56,0.32725,0.155399,2.39942
56,0.12547,0.0492135,2.54166
56,0.220061,-0.486307,3.22278
56,0.280854,-0.486004,3.22077
56,0.0987557,-0.624418,3.24346
56,0.32973,-0.534963,3.22207
56,0.280396,-0.546043,3.21553
56,-0.0865826,0.372475,2.08937
56,-0.140204,0.383594,2.06412
56,-0.126921,0.0403479,2.58986
56,0.0197076,0.0588865,2.54411
56,-0.00906901,0.0772808,2.5162
56,-0.0227978,-0.313865,3.08586
56,-0.0116942,-0.489587,3.24452
56,-0.135594,-0.113922,2.76684
56,0.0118678,-0.270611,2.99481
56,-0.493325,-0.339631,3.10796
56,-0.479633,-0.40676,3.17297
56,-0.240275,-0.408021,3.18281
56,-0.322639,-0.393621,3.16386
56,-0.384966,-0.137939,2.83005
56,-0.380619,-0.267729,2.96291
56,-0.301875,-0.128324,2.85434
56,-0.0362342,-0.513977,3.2435
56,-0.0851362,-0.500613,3.23644
56,-0.0153039,0.377132,2.07153
56,0.577255,0.222903,2.34552
56,0.403939,-0.475261,3.23058
56,-0.460303,-0.103495,2.76797
56,-0.568454,-0.554612,3.41831
56,0.0941636,0.0336364,2.52734
56,0.121533,-0.0127254,2.62273
56,0.0735573,-0.000813737,2.61049
56,0.203517,0.0886602,2.46208
56,0.181545,0.0776462,2.46731
56,0.251556,0.161856,2.38754
56,0.233078,0.142129,2.4208
56,0.240886,0.277957,2.19183
56,0.221006,0.277986,2.19205
56,0.214364,0.241912,2.22643
56,0.402237,0.279435,2.20348
56,0.415022,0.261177,2.21835
56,0.378464,0.243431,2.24042
56,-0.113959,0.0341086,2.56281
56,-0.105393,-0.0128076,2.63969
56,0.281022,0.288247,2.1944
56,0.31384,0.260791,2.21507
56,0.283894,0.250933,2.21683
56,-0.532781,-0.112904,2.74213
56,-0.374422,0.296529,2.18203
56,-0.397386,0.26894,2.19946
56,-0.481359,-0.33298,3.0471
56,-0.410768,-0.414689,3.14208
56,-0.29105,-0.128565,2.81236
56,-0.199421,-0.230086,2.969
56,-0.0827148,0.356783,2.0717
56,-0.13683,0.37858,2.03714
56,-0.0227266,-0.140232,2.79044
56,0.0164812,-0.274223,3.00958
56,0.348277,-0.461402,3.16897
56,0.370477,-0.707823,3.11371
56,0.383341,-0.80411,3.1034
56,0.396272,-0.452531,3.20809
56,0.558303,0.357685,2.07693
56,-0.391396,-0.140685,2.79945
56,-0.379123,-0.273747,3.00436
56,-0.463612,-0.275318,3.0216
56,-0.247073,-0.3342,3.05827
56,-0.236835,-0.40994,3.10611
56,0.40507,0.344848,2.11385
56,0.456809,0.315683,2.17748
56,0.375059,0.323278,2.16216
56,0.00284181,-0.304212,3.03613
56,-0.0249636,-0.36278,3.0651
56,0.186324,-0.889828,3.10751
56,0.129539,-0.887434,3.09915
56,0.370744,-0.878098,3.11595
56,0.398034,-0.918223,3.10811
56,0.567595,0.457366,1.97788
56,0.594398,0.388186,2.03902
56,0.552903,0.432986,1.98964
56,-0.0705652,-0.0495536,2.68253
56,0.0597566,-0.924428,3.12911
56,-0.0549804,0.0450886,2.52607
56,0.0650641,-0.100838,2.75261
56,-0.00980285,-0.0749406,2.71985
56,0.127777,0.0448269,2.51141
56,0.0996982,-0.0494309,2.67589
56,0.216985,0.192557,2.36519
56,0.329107,0.151787,2.39973
56,0.359651,0.0774032,2.45959
56,0.313714,0.0770915,2.44968
56,0.421103,0.288656,2.19752
56,0.453012,0.224746,2.25708
56,0.532951,0.38133,2.05194
56,0.497098,0.351653,2.0972
56,0.487475,0.316337,2.18199
56,0.514756,0.467292,1.98189
56,0.467826,0.474324,1.97371
56,0.490787,0.396009,2.03166
56,0.464817,0.388208,2.03913
56,0.134498,0.120451,2.42693
56,0.112661,0.120665,2.43125
56,0.126075,0.0667307,2.47796
56,0.0914785,0.088415,2.45527
56,0.351095,0.225105,2.26069
56,0.321022,0.190569,2.34077
56,0.175779,0.161952,2.38895
56,0.265106,0.108768,2.41221
56,-0.513988,-0.364163,3.07679
56,-0.180771,0.401212,2.0115
56,-0.239184,0.416645,2.04238
56,-0.0167146,0.362756,2.05227
56,0.0856673,-0.263216,3.04027
56,0.358434,0.306214,2.18045
56,-0.49204,-0.0874019,2.72336
56,-0.345867,0.307472,2.18941
56,-0.570671,-0.559423,3.4161
56,0.786788,0.350294,2.17141
56,0.769677,0.317505,2.19005
56,-0.543005,-0.113061,2.80787
56,-0.362075,0.339689,2.17927
56,-0.388152,0.317851,2.19243
56,-0.392502,-0.129175,2.82571
56,-0.379422,-0.264693,2.96407
56,-0.461863,-0.265668,2.97499
56,-0.30505,-0.162588,2.87204
56,-0.215153,-0.229433,2.92629
56,-0.0208358,0.0224332,2.55829
56,-0.0362038,-0.0492012,2.66345
56,0.220679,0.141852,2.45403
56,0.260814,0.10175,2.45426
56,0.333133,0.285949,2.22301
56,0.271023,0.296364,2.21036
56,0.420258,0.275373,2.23548
56,0.374638,0.240826,2.25412
56,0.500504,0.42466,2.01877
56,0.481796,0.40543,2.03264
56,0.451001,0.385356,2.04365
56,-0.238688,-0.319305,3.02242
56,-0.337762,-0.422583,3.18002
56,0.339218,0.229508,2.26362
56,0.308238,0.273242,2.21818
56,0.3293,0.206356,2.28035
56,0.317954,0.163608,2.38148
56,0.36187,0.0765849,2.50589
56,0.318444,0.0895437,2.48662
56,0.428162,0.296769,2.21338
56,0.557378,0.46111,1.98627
56,0.551506,0.432527,2.00426
56,0.603683,0.405476,2.03288
56,0.523111,0.414143,2.02112
56,0.580986,0.510084,1.88719
56,0.651669,0.480465,1.97685
56,0.0269329,-0.508021,3.28433
56,-0.0265289,-0.503838,3.25729
56,-0.0263494,-0.623815,3.23525
56,0.0990082,-0.492611,3.30098
56,-0.476687,-0.405529,3.18215
56,-0.0390027,-0.162437,2.86936
56,-0.164988,-0.19479,2.88546
56,-0.574785,-0.536381,3.34969
56,-0.490187,-0.338878,3.05038
56,-0.251857,0.467479,1.96752
56,-0.138832,0.384549,2.03937
56,-0.250637,0.430185,2.04503
56,0.0345587,0.0635879,2.532
56,-0.0623971,0.050106,2.54793
56,-0.117879,0.0362101,2.54694
56,-0.403398,0.272299,2.21052
56,0.0728571,-0.248896,2.96827
56,0.346383,-0.468658,3.25946
56,0.222669,-0.469916,3.26822
56,0.588049,0.470497,1.98023
56,0.70752,0.471025,1.98245
56,0.619671,0.423415,2.01285
56,0.442473,0.457369,1.2993
56,0.618281,0.53891,1.84507
56,0.537411,0.368901,2.07637
56,0.497469,0.35001,2.09877
56,0.687262,0.318018,2.19359
56,0.171228,0.0768081,2.51319
56,0.234728,0.28412,2.20879
56,0.213018,0.250795,2.23352
56,0.301156,0.474936,1.27055
56,0.403485,-0.473145,3.29067
56,-0.505937,-0.0965285,2.77241
56,-0.0281118,0.36744,2.06815
56,0.708842,0.575548,1.84008
56,0.794468,0.536505,1.87176
56,0.757771,0.524279,1.87179
56,0.601621,0.413052,2.04848
56,0.532386,0.424634,2.03978
56,0.534321,0.368486,2.09979
56,0.0414264,-0.499433,3.29852
56,-0.0230859,-0.516868,3.27237
56,0.0413058,-0.562488,3.28892
56,-0.0230312,-0.579677,3.26462
56,-0.00165113,-0.922342,3.19472
56,0.338813,-0.471561,3.25499
56,0.273864,-0.469663,3.24189
56,0.211518,-0.472433,3.26101
56,0.106126,-0.499448,3.29862
56,0.14833,-0.560637,3.2781
56,-0.557321,-0.233032,2.93145
56,-0.550888,-0.425829,3.23094
56,0.470415,0.330629,2.12114
56,0.756586,0.320494,2.14614
56,0.672875,0.30668,2.14766
56,-0.523521,-1.23493,3.19287
56,-0.398662,0.267505,2.1716
56,-0.399094,0.253581,2.17395
56,-0.149665,0.38961,2.06621
56,-0.0386917,-0.170448,2.8465
56,-0.00152792,-0.273684,2.95653
56,0.251442,0.0922512,2.41561
56,0.327679,0.15414,2.39566
56,0.40179,-0.470545,3.24798
56,0.764223,0.462155,1.91872
56,1.26443,0.0607718,2.41987
56,1.17191,0.0926039,2.42485
56,1.15903,-0.0184183,2.43108
56,0.0479805,0.0466706,2.51245
56,-0.0672414,0.063321,2.52137
56,-0.0371965,-0.0565142,2.7365
56,-0.124094,-0.0203132,2.68123
56,0.439969,0.456241,1.2961
56,0.689007,0.542786,1.85144
56,0.575087,0.53734,1.87467
56,0.413806,0.269583,2.18847
56,0.281138,0.294126,2.15858
56,0.299749,0.223314,2.30147
56,0.567913,0.465765,1.93371
56,0.461522,0.392408,2.08105
56,0.772898,0.596094,1.79331
56,0.745118,0.602068,1.81129
56,0.839259,0.577973,1.81
56,0.703724,0.446434,1.95985
56,0.641992,0.448064,1.967
56,0.627105,0.429768,2.00158
56,-0.293682,-0.112489,2.79367
56,-0.365365,-0.251992,2.92906
56,-0.238316,-0.318808,3.01771
56,-0.452607,-0.27767,2.99959
56,-0.0865421,-0.512559,3.24509
56,-0.0228741,-0.639318,3.24235
56,0.948715,0.094052,2.46277
56,1.24134,-0.424702,3.22238
56,1.25937,-0.465717,3.21465
56,0.0760244,-0.255139,2.96564
56,-0.0285992,0.382983,2.10402
56,-0.568614,-0.548548,3.3349
56,1.20772,-0.91572,3.24527
56,-0.795026,-0.301653,3.00406
56,-0.596998,-0.651266,3.34735
56,-0.186835,0.401315,2.02975
56,0.47014,0.319348,2.11991
56,0.772382,0.464052,1.95849
56,-0.562835,-0.222994,2.90061
56,-0.522147,-0.355561,3.06238
56,0.251152,0.0795248,2.41282
56,-0.279181,-0.127152,2.79477
56,-0.381038,-0.245918,2.90257
56,-0.226233,-0.320758,2.96283
56,-0.436007,-0.297901,2.9667
56,0.0251832,0.0437317,2.5325
56,-0.0742205,0.0636514,2.53452
56,-0.0373322,-0.0603119,2.7465
56,-0.118193,0.0247626,2.62798
56,-0.0388005,-0.17466,2.85451
56,-0.0168497,-0.294399,2.93182
56,0.548674,0.454295,1.98297
56,0.520927,0.425934,1.99587
56,0.454956,0.373413,2.05144
56,0.667619,0.481433,1.96673
56,0.645758,0.441293,1.99452
56,0.590028,0.398989,2.01799
56,0.680491,0.535568,1.835
56,0.577289,0.546909,1.87386
56,0.281255,0.297395,2.20372
56,0.431811,0.170758,2.36549
56,0.319367,0.15168,2.35742
56,0.735633,0.565804,1.79393
56,0.828437,0.523687,1.84386
56,-0.0187584,-0.506999,3.26393
56,-0.119359,-0.499349,3.21468
56,0.340604,-0.48261,3.27219
56,1.14398,-0.0151663,2.41942
56,0.94376,0.0996298,2.44162
56,0.231109,0.282209,2.22027
56,0.345063,0.079355,2.40767
56,0.77828,0.312929,2.19142
56,1.2151,-0.414318,3.1436
56,1.23755,-0.462817,3.13798
56,0.410424,-0.474294,3.2158
56,-0.585268,-0.105066,2.79056
56,-0.878434,-0.106099,2.81799
56,-0.0286266,0.366828,2.10604
56,-0.342129,-0.443439,3.17552
56,-0.511618,-1.22889,3.14535
57,-0.129649,0.315804,2.13792
57,-0.158982,0.288626,2.14104
57,0.385477,0.3087,2.18389
57,-0.383597,0.319054,2.1736
57,-0.392942,0.25524,2.1789
57,-0.399457,0.269076,2.20382
57,0.388438,0.243669,2.28213
57,-0.143756,0.225279,2.25518
57,0.378777,0.236183,2.30931
57,0.338142,0.198457,2.33825
57,-0.127194,0.167665,2.30521
57,0.324363,0.193871,2.34121
57,-0.0689138,0.196007,2.31957
57,0.207667,0.18961,2.34566
57,0.325111,0.156981,2.3786
57,0.178448,0.155789,2.37992
57,0.171757,0.156982,2.38248
57,-0.181451,0.167636,2.3713
57,0.268477,0.131031,2.46068
57,-0.816768,0.342735,2.3992
57,0.187348,0.107116,2.48108
57,0.0977231,0.0966707,2.4795
57,0.171299,0.088154,2.49457
57,-0.0749714,0.0637736,2.52031
57,0.156081,0.0563801,2.54786
57,-0.11055,0.037758,2.53929
57,0.106407,0.0441572,2.55739
57,-0.122951,0.0361477,2.54572
57,0.103525,0.0400555,2.56976
57,-0.121821,0.0345297,2.56229
57,-0.0159083,0.0189716,2.58042
57,-0.106409,-0.00714353,2.62757
57,-0.534898,-0.108415,2.72371
57,-0.517947,-0.111094,2.73919
57,-0.770939,-0.120435,2.74288
57,-0.687702,-0.110285,2.75689
57,-0.281978,-0.121915,2.7926
57,-0.289749,-0.12454,2.7987
57,-0.690692,-0.10759,2.78434
57,-0.692091,-0.11635,2.78535
57,-0.677832,-0.115796,2.78879
57,-0.394263,-0.127932,2.82179
57,-0.295596,-0.122559,2.82938
57,-0.137071,-0.180052,2.85744
57,-0.166517,-0.195318,2.88795
57,-0.246785,-0.203079,2.88846
57,-0.529007,-0.255064,2.90466
57,-0.0114631,-0.26993,2.96166
57,-0.182429,-0.223812,2.95651
57,-0.574983,-1.28775,2.91948
57,-0.529557,-0.247101,2.93852
57,-0.516506,-0.216918,2.9489
57,0.0776434,-0.249159,2.99438
57,-1.00259,-0.281686,2.91686
57,-0.56026,-0.250099,2.95099
57,-0.756296,-0.289499,2.95051
57,-0.532228,-1.35073,2.9652
57,-0.779307,-0.294411,2.96275
57,-0.00018617,-0.276192,3.02387
57,-0.550157,-1.28696,2.98902
57,-0.298555,-0.306568,3.0287
57,-0.816773,-0.287365,2.99779
57,0.00288402,-0.904581,3.05929
57,-0.771877,-0.302763,3.01634
57,-0.490034,-0.327837,3.04207
57,0.306656,-0.90204,3.10141
57,-0.26786,-0.334914,3.07806
57,0.350599,-0.799768,3.1257
57,0.38928,-0.92204,3.1283
57,0.374973,-0.802897,3.12961
57,-0.487584,-0.344815,3.07453
57,0.299157,-0.8921,3.12623
57,0.3957,-0.904785,3.13482
57,-0.469865,-0.391396,3.08219
57,0.358838,-0.689418,3.14491
57,-0.841292,-0.300645,3.07216
57,0.306541,-0.764875,3.16584
57,0.328693,-0.919751,3.16687
57,0.298528,-0.833851,3.16875
57,-0.0201911,-0.960335,3.1479
57,0.242947,-0.841643,3.16885
57,0.18711,-0.84907,3.16742
57,0.236616,-0.786727,3.17447
57,0.301288,-0.71187,3.1805
57,0.303017,-0.92006,3.17845
57,0.132935,-0.843168,3.16746
57,-0.00826369,-0.867239,3.15837
57,0.236933,-0.898628,3.17701
57,0.232078,-0.718238,3.18176
57,0.373656,-0.694679,3.1932
57,0.0616853,-0.863856,3.16983
57,0.177726,-0.934436,3.17843
57,0.176246,-0.726376,3.18405
57,0.126744,-0.789851,3.18042
57,0.295921,-0.658243,3.19468
57,0.352459,-0.651705,3.20014
57,0.226192,-0.664065,3.19357
57,0.361671,-0.472463,3.20831
57,0.169932,-0.671471,3.19256
57,0.056946,-0.79724,3.1852
57,0.223305,-0.469366,3.20229
57,0.362369,-0.584985,3.21262
57,0.292257,-0.590416,3.20962
57,-0.00293888,-0.497569,3.19272
57,0.220485,-0.609983,3.20835
57,0.163792,-0.61689,3.20464
57,0.108997,-0.61083,3.20594
57,0.0590674,-0.674788,3.20224
57,0.214316,-0.554545,3.21785
57,-0.0339388,-0.523582,3.20344
57,0.159607,-0.548779,3.2219
57,0.111267,-0.486476,3.22025
57,0.166718,-0.493764,3.22627
57,-0.80674,-0.430619,3.15956
57,0.322707,-0.459598,3.24262
57,0.207993,-0.537163,3.26117
57,0.364436,-0.478788,3.28159
57,0.174573,-0.573925,3.26771
57,-0.422779,-0.439529,3.23176
57,0.238355,-0.463563,3.27912
57,0.149593,-0.542565,3.27732
57,0.174395,-0.506632,3.28537
57,0.115663,-0.57916,3.28131
57,0.0422116,-0.610121,3.27768
57,-0.0435732,-0.499745,3.27525
57,0.0122443,-0.478647,3.2807
57,0.0950689,-0.507506,3.28672
57,-0.0374658,-0.530927,3.2783
57,0.0619699,-0.613609,3.28497
57,0.0288523,-0.559652,3.2849
57,0.0547941,-0.513692,3.29322
57,0.00312717,-0.527773,3.29331
57,-0.806441,-0.446145,3.23631
57,-0.0369393,-0.541467,3.29268
57,-0.00175226,-0.488044,3.30153
57,0.141528,-0.287882,1.5671
56,0.141528,-0.287882,1.5671
57,0.0573617,-0.432946,1.66051
56,0.0573617,-0.432946,1.66051
57,0.731733,0.140658,2.46245
56,0.731733,0.140658,2.46245
58,-0.819398,-0.125755,2.68917
58,-0.840369,-0.0848277,2.70215
58,0.00750493,-0.292259,3.03047
58,0.0809475,-0.265538,3.0551
58,-0.016029,-0.370641,3.0821
58,-0.895059,-0.427488,3.0016
58,-0.478428,-0.426496,3.10771
58,0.290131,-0.484482,3.23084
58,-0.503434,-2.03319,2.68777
58,-0.508128,-2.04009,2.68635
58,-0.508256,-0.438869,3.11419
58,0.185453,-0.781439,3.1496
58,-0.881882,-0.410858,3.0591
58,-0.495757,-1.83292,2.75626
58,-0.460502,-1.95585,2.73659
58,-0.809963,-0.372032,3.09762
58,0.169055,-0.487737,3.24393
58,-0.585609,-0.468569,3.11449
58,0.288471,-1.37397,3.03075
58,0.31571,-0.766945,3.2041
58,0.305728,-0.836139,3.1865
58,0.369122,-0.777459,3.21429
58,0.306276,-0.712596,3.2203
58,0.175454,-0.956311,3.13259
58,0.394284,-0.853121,3.19989
58,-0.816067,-0.386818,3.10821
58,-0.496671,-1.56863,2.85319
58,0.301762,-0.722896,3.22109
58,0.254123,-0.703634,3.22034
58,0.251114,-0.844904,3.1824
58,-0.578154,-1.27534,2.91954
58,-0.571118,-1.3039,2.91367
58,0.297524,-0.658808,3.24194
58,0.287338,-0.678183,3.235
58,0.241453,-0.790268,3.19759
58,0.250722,-0.777962,3.20352
58,0.39644,-0.826684,3.21686
58,0.288016,-0.604088,3.25814
58,0.305427,-0.852481,3.19555
58,0.28523,-0.550322,3.27247
58,0.244004,-0.897869,3.17303
58,0.235963,-0.732928,3.2154
58,0.300436,-0.595909,3.2643
58,0.315545,-0.641437,3.25533
58,0.00155375,-0.692289,3.18703
58,0.221231,-0.687885,3.22782
58,0.218658,-0.559381,3.26172
58,0.239032,-0.862175,3.18602
58,0.189144,-0.78178,3.19941
58,-0.00155776,-0.859916,3.14497
58,0.232959,-0.612099,3.25286
58,0.00780821,-0.79763,3.16339
58,0.3682,-0.58771,3.28387
58,0.184637,-0.788198,3.19786
58,0.0678709,-0.927808,3.14012
58,-0.0299428,-0.649808,3.19673
58,-0.635581,-0.484501,3.13301
58,-0.00914672,-0.765185,3.17095
58,-0.00658913,-0.870302,3.14468
58,0.223392,-0.557178,3.26961
58,-0.00718214,-0.752658,3.17636
58,0.182422,-0.660076,3.23581
58,0.00387079,-0.801275,3.1666
58,0.254849,-0.909093,3.18296
58,-0.500116,-1.59812,2.86476
58,0.179275,-0.852169,3.18499
58,0.200336,-0.834969,3.19476
58,-0.00605305,-0.746281,3.18183
58,0.102907,-0.752507,3.19982
58,-0.583763,-1.29869,2.93358
58,0.124027,-0.735425,3.21074
58,0.0107088,-0.928459,3.13916
58,0.123612,-0.860435,3.17777
58,0.112496,-0.690455,3.22116
58,0.160658,-0.492315,3.28315
58,0.0754883,-0.790833,3.18877
58,0.113688,-0.805172,3.19186
58,0.0452196,-0.699391,3.20786
58,0.114153,-0.680216,3.22558
58,0.0776203,-0.923652,3.15474
58,0.180764,-0.603412,3.25835
58,0.0476011,-0.757145,3.19371
58,0.00452306,-0.67756,3.2073
58,0.0702577,-0.850889,3.17343
58,-0.577547,-1.28364,2.94279
58,0.110099,-0.56164,3.25824
58,0.0604678,-0.745486,3.20064
58,0.187441,-0.926777,3.17535
58,0.0662588,-0.854057,3.17375
58,0.0582086,-0.688076,3.21746
58,0.171133,-0.548292,3.27571
58,0.124964,-0.611267,3.25116
58,0.125515,-0.607827,3.25258
58,0.134159,-0.91752,3.17208
58,0.188876,-0.920739,3.18151
58,0.0483013,-0.632806,3.23301
58,0.0785494,-0.921816,3.16305
58,0.00255182,-0.570593,3.2428
58,-0.54277,-1.30861,2.95004
58,0.121657,-0.930452,3.17108
58,0.0582903,-0.617257,3.2437
58,0.115358,-0.556239,3.27044
58,0.229428,-0.61687,3.2781
58,0.194701,-0.850363,3.2127
58,0.0387736,-0.578416,3.25847
58,0.0150579,-0.922836,3.16778
58,-0.582492,-1.30721,2.96156
58,0.168694,-0.621835,3.28061
58,-0.0187246,-0.970491,3.15547
58,-0.00694188,-0.880667,3.18291
58,-0.00813378,-0.875109,3.18508
58,0.127566,-0.795239,3.23096
58,0.00671017,-0.909915,3.18024
58,0.0279445,-0.887748,3.18997
58,-0.0225842,-0.747453,3.21842
58,0.0179677,-0.805043,3.2104
58,0.012926,-0.928928,3.17822
58,0.0622388,-0.934799,3.18594
58,0.113191,-0.687639,3.26153
58,-0.0204639,-0.753358,3.22225
58,-0.00610233,-0.698931,3.23967
58,-0.0103567,-0.846705,3.19974
58,-0.490709,-1.38702,2.97058
58,0.00355574,-0.814889,3.21375
58,0.107324,-0.626796,3.28269
58,0.0114725,-0.702813,3.24615
58,0.00357533,-0.698192,3.2466
58,0.0185569,-0.83572,3.21382
58,0.0621791,-0.618575,3.27943
58,0.0576079,-0.683801,3.26204
58,0.00617786,-0.810786,3.21918
58,0.0574753,-0.754157,3.24448
58,-0.0198616,-0.649179,3.26205
58,-0.00874048,-0.575665,3.28569
58,-0.531233,-1.27571,3.00702
58,0.00230634,-0.695511,3.25737
58,-0.559516,-1.338,2.98761
58,-0.786628,-0.460266,3.18213
58,-0.549885,-1.32037,2.9962
58,-0.0392561,-0.555255,3.29143
58,-0.55862,-1.32969,2.99323
58,0.00121914,-0.598126,3.2953
58,-0.00447199,-0.60101,3.29785
58,-0.500794,-1.45117,2.99493
58,-0.524741,-1.4009,3.00449
58,-0.531253,-1.36007,3.01467
58,-0.540121,-1.29182,3.03371
58,-0.499273,-1.56695,2.9743
58,-0.499607,-1.33261,3.03688
58,-0.524261,-1.36622,3.02696
58,-0.522812,-1.42701,3.01539
58,-0.525721,-1.37306,3.0295
58,-0.508079,-1.54789,2.98676
58,-0.522195,-1.49334,3.00259
58,-0.501814,-1.23079,3.08213
58,-0.508311,-1.16791,3.09835
58,-0.503173,-1.28655,3.0724
58,-0.506727,-1.2124,3.13038
58,-0.503606,-1.12324,3.16444
58,-0.503925,-1.18475,3.15264
58,-0.509133,-1.18713,3.15481
58,-0.511904,-1.17088,3.16212
58,-0.505164,-1.18369,3.16762
58,-0.439457,-0.962963,3.30019
58,-0.59922,-0.507642,3.44187
58,-1.41334,-0.512362,3.29992
58,-0.459954,-0.885705,3.46422
58,-0.469256,-0.879119,3.48939
58,-1.34751,-1.58223,3.54684
58,-1.27717,-1.56528,3.57464
58,-1.35801,-1.59148,3.58588
58,-1.38789,-1.60632,3.61745
58,-1.30791,-1.61123,3.65187
58,-1.40507,-1.6314,3.6541
58,-0.644131,-0.627342,3.92272
57,-0.644131,-0.627342,3.92272
58,-0.843574,-0.144018,2.57504
57,-0.843574,-0.144018,2.57504
58,-0.737769,-0.21092,3.18137
57,-0.737769,-0.21092,3.18137
58,0.214791,-0.479659,2.57342
57,0.214791,-0.479659,2.57342
58,0.131467,-0.837308,3.4145
57,0.131467,-0.837308,3.4145
59,-0.0363467,-2.29028,2.39376
59,0.0300133,-2.32486,2.36764
59,0.12976,-1.16716,2.57554
59,-0.492172,-2.05062,3.1118
59,-0.446416,-1.8434,3.16023
59,-0.441012,-1.8405,3.16508
59,-0.39673,-1.53419,3.1884
59,-0.417912,-1.88024,3.14621
59,-0.412255,-2.07957,3.1052
59,-0.450323,-1.97054,3.15885
59,-0.416446,-2.11466,3.10691
59,-0.38662,-1.5593,3.18662
59,-0.45086,-2.04123,3.151
59,-0.369198,-1.42726,3.19993
59,-0.437934,-2.10054,3.13493
59,-0.444947,-2.27431,3.11178
59,-0.454666,-2.19681,3.13487
59,-0.439438,-1.90471,3.18223
59,-0.376688,-2.1557,3.08728
59,-0.361654,-1.43903,3.21359
59,-0.487301,-2.29028,3.15685
59,-0.427786,-2.24691,3.11874
59,-0.417003,-2.29659,3.10381
59,-0.42942,-2.28265,3.12291
59,-0.425,-2.00993,3.17729
59,-0.457695,-2.23444,3.16714
59,-0.42522,-2.02681,3.17993
59,-0.478893,-2.31165,3.17329
59,-0.40959,-2.10161,3.15876
59,-0.43088,-2.21723,3.15756
59,-0.335405,-1.39971,3.23318
59,-0.422382,-2.23138,3.15179
59,-0.428092,-2.27946,3.15424
59,-0.41133,-2.03526,3.19486
59,-0.432729,-2.32843,3.15783
59,-0.457992,-2.3247,3.18196
59,-0.390955,-2.13341,3.16539
59,-0.341779,-1.23064,3.30843
59,-0.298907,-1.29573,3.29611
59,-0.290174,-1.40641,3.27327
59,-0.265547,-1.27575,3.29221
59,-0.415035,-1.24936,4.31396
59,-0.290716,-1.23751,4.34947
59,-0.258758,-1.76193,3.25927
58,-0.258758,-1.76193,3.25927
59,-0.0142045,-0.824711,2.69269
58,-0.0142045,-0.824711,2.69269
60,-1.1396,-1.57102,2.71823
60,-0.387974,-2.31262,2.95406
60,-0.420372,-2.3153,3.00322
60,-0.571445,-1.29679,3.08611
60,-0.652075,-2.758,3.06733
60,-0.645431,-2.9316,3.08055
60,-0.496968,-2.03134,3.08241
60,-0.676497,-2.91455,3.09923
60,-0.640312,-2.76657,3.09606
60,-0.507027,-2.3459,3.07951
60,-0.492846,-2.01897,3.09048
60,-0.582356,-2.76287,3.10216
60,-0.664064,-2.92926,3.12235
60,-0.403392,-2.21099,3.08527
60,-0.666402,-2.97974,3.13053
60,-0.480115,-2.07781,3.11424
60,-0.453885,-2.39155,3.10757
60,-0.578569,-2.77432,3.13507
60,-0.411385,-2.39776,3.1103
60,-0.470182,-2.05556,3.1324
60,-0.542019,-2.74912,3.13692
60,-0.481381,-2.35251,3.13533
60,-0.487357,-2.35619,3.13802
60,-0.472165,-2.40729,3.13678
60,-0.44079,-2.35744,3.13249
60,-0.387453,-2.25763,3.13525
60,-1.09041,-1.4716,3.32234
60,-0.469046,-2.32219,3.16518
60,-0.445641,-2.40873,3.16329
60,-0.794639,-2.88264,3.36832
60,-0.799901,-2.87655,3.37322
60,-0.779487,-3.00438,3.40793
60,-1.08685,-1.27986,3.5444
60,-1.19229,-2.74813,3.53749
60,-1.18284,-2.76193,3.5426
60,-1.067,-1.37988,3.558
60,-1.20133,-2.95263,3.54812
60,-1.19369,-2.98427,3.59859
60,-1.17973,-2.74419,3.6351
60,-1.13325,-2.77079,3.63865
60,-1.13354,-2.78043,3.64624
60,-1.13526,-3.02807,3.65506
60,-1.13898,-3.03927,3.66634
60,-1.00849,-1.36601,3.7244
60,-1.0857,-3.03572,3.70959
60,-1.09357,-3.01115,3.71897
60,-1.08634,-2.8374,3.73216
60,-1.0597,-1.22169,3.82664
60,-1.01855,-1.24364,3.85229
60,-1.0244,-1.27444,3.85863
60,-1.01008,-1.18592,3.89201
60,-1.01008,-1.1799,3.9312
60,-0.96841,-1.16187,3.93088
60,-0.923294,-1.18419,3.96404
60,-0.906589,-1.13375,4.05746
60,-0.871884,-1.09405,4.13856
60,-0.395726,-2.16825,3.02754
59,-0.395726,-2.16825,3.02754
60,-0.489961,-2.02175,3.08412
59,-0.489961,-2.02175,3.08412
61,-0.669901,-2.58441,2.80817
61,-0.66842,-2.61227,2.84045
61,-0.751625,-2.71433,2.84334
61,-0.559914,-1.39265,3.06011
61,-0.567121,-1.2587,3.08823
61,-0.736706,-2.70038,2.86291
61,-0.755724,-2.73398,2.86577
61,-0.551008,-1.29125,3.1039
61,-0.551199,-1.3011,3.1101
61,-0.80295,-2.75817,2.88944
61,-0.584289,-1.4556,3.10033
61,-0.784834,-2.76584,2.90317
61,-0.546086,-1.2848,3.13949
61,-0.546997,-1.29802,3.14145
61,-0.461825,-1.4867,3.10679
61,-0.464958,-1.46946,3.11509
61,-0.545142,-1.29508,3.15071
61,-0.459148,-1.48757,3.12754
61,-0.563095,-1.27631,3.17341
61,-0.594657,-1.29085,3.18061
61,-0.618856,-1.26527,3.21174
61,-0.570791,-1.27315,3.21844
61,-0.599762,-1.27459,3.22326
61,-0.579992,-1.2685,3.25144
61,-0.578206,-1.2698,3.26814
61,-1.41532,-2.70174,3.07886
61,-1.41152,-2.71202,3.10225
61,-0.885505,-2.83743,3.07448
61,-1.38841,-2.91658,3.11737
61,-1.22168,-1.31278,3.41681
61,-1.3686,-2.74015,3.20791
61,-1.17557,-1.30137,3.48894
61,-1.22025,-1.28675,3.50913
61,-1.13086,-1.59377,3.48718
61,-1.16304,-2.88615,3.28661
61,-1.22784,-2.86248,3.30623
61,-1.16947,-3.05692,3.2771
61,-0.831204,-1.26191,3.564
61,-0.803388,-1.26486,3.57068
61,-1.2308,-1.29348,3.61147
61,-1.22056,-1.27699,3.61935
61,-0.749953,-1.25912,3.6394
61,-1.2231,-1.29382,3.65949
61,-0.833918,-1.25657,3.71473
61,-0.800994,-1.2604,3.71381
61,-0.73455,-1.25375,3.72901
61,-1.1131,-1.80319,3.65996
61,-0.72838,-1.2504,3.75932
61,-1.00457,-1.27228,3.77916
61,-0.846148,-1.25263,3.7812
61,-0.972129,-1.26527,3.80354
61,-1.00189,-1.27566,3.811
61,-1.60308,-3.11878,3.55238
61,-0.688921,-1.24788,3.8419
61,-1.09383,-1.58575,3.81764
61,-0.980405,-1.25063,3.87891
61,-0.999799,-1.26556,3.8804
61,-0.996141,-1.28662,3.88334
61,-0.991437,-1.28648,3.91545
61,-0.77384,-1.24902,3.91155
61,-1.62139,-3.14122,3.65879
61,-0.834578,-1.24053,3.9491
61,-2.07141,-2.85694,4.0654
61,-1.88259,-1.31446,4.36495
61,-1.24787,-2.93815,3.12502
60,-1.24787,-2.93815,3.12502
61,-0.499609,-1.30889,3.03438
58,-0.499609,-1.30889,3.03438
61,-0.453773,-1.15111,3.12222
58,-0.453773,-1.15111,3.12222
61,-0.449599,-1.53292,3.23737
58,-0.449599,-1.53292,3.23737
62,-1.59256,-0.238865,2.68269
62,-1.59311,-0.216857,2.71843
62,-1.50953,-0.233294,2.70374
62,-1.49802,-0.233132,2.72532
62,0.109396,-0.689641,2.56372
62,0.0881054,-0.822704,2.61492
62,0.0510198,-0.375724,2.5386
62,0.0586007,-0.380596,2.54349
62,-0.127876,-0.783808,2.68214
62,-0.190099,-0.44335,2.63313
62,0.0145283,-0.7612,2.64298
62,-0.144118,-0.675354,2.67294
62,-0.0623593,-0.405409,2.59405
62,-0.635368,-1.49483,2.98814
62,-0.116697,-0.786523,2.69775
62,0.113868,-0.833276,2.64193
62,-0.130378,-0.660235,2.68299
62,-0.621935,-1.49243,3.0149
62,-0.567946,-1.51643,3.03097
62,-0.478768,-1.48861,3.01678
62,-0.58367,-1.37454,3.02852
62,-0.536385,-1.45287,3.03247
62,-0.597929,-1.31897,3.02999
62,-0.597469,-1.34067,3.03512
62,-0.594548,-1.28223,3.02974
62,-1.442,-0.437224,3.3345
62,-1.40171,-0.420868,3.43786
62,-1.14133,-1.36225,3.70012
62,-1.13944,-1.3555,3.72065
62,-1.36711,-1.36832,3.9163
62,-1.41088,-1.381,3.94003
62,-1.64626,-1.45701,4.04358
62,-1.62781,-1.42095,4.03813
62,-1.63193,-1.47988,4.10322
62,-0.659749,-1.32919,2.90108
61,-0.659749,-1.32919,2.90108
62,-0.482672,-1.23073,3.04866
61,-0.482672,-1.23073,3.04866
62,-0.699917,-1.40137,2.85483
61,-0.699917,-1.40137,2.85483
63,0.0164037,-0.167553,3.0284
63,-0.00296041,0.178539,2.56975
63,0.310701,-0.139197,2.98905
63,0.00970255,-0.161082,3.00663
63,0.00837281,0.167764,2.59455
63,0.315586,-0.144273,2.98573
63,0.0811439,0.331405,2.37047
63,0.0737954,0.324483,2.37451
63,0.069664,0.433532,2.24157
63,0.0771868,0.428995,2.25487
63,0.0718679,0.381628,2.31249
63,0.079188,0.374473,2.31333
63,0.0956034,0.46461,2.18822
63,0.0899446,0.443125,2.21883
63,0.0511792,0.323495,2.36729
63,0.0362896,0.316365,2.36979
63,0.0348588,-0.0240315,2.86657
63,0.0353899,-0.061101,2.91025
63,-0.00115694,0.172477,2.56329
63,-0.0254899,0.164959,2.57208
63,-0.106622,-0.416883,3.33393
63,-0.0865008,-0.463767,3.36907
63,0.0361684,-0.118711,2.97426
63,0.0270936,-0.148505,3.00789
63,-0.0488273,-0.167647,3.01104
63,-0.0692469,-0.200271,3.07463
63,-0.0385188,-0.117689,2.94866
63,-0.0664814,-0.13643,2.95184
63,-0.070243,-0.232652,3.11886
63,-0.0114786,-0.287767,3.18468
63,-0.0710972,-0.265341,3.15679
63,0.00820362,-0.16907,3.0366
63,-0.0260951,0.135667,2.63315
63,-0.051525,0.10351,2.66017
63,-0.0182567,0.0966106,2.70179
63,-0.0436503,0.0792789,2.69179
63,0.00719769,0.112068,2.66423
63,0.0581222,0.0876565,2.68844
63,0.00724839,0.0959386,2.683
63,-0.0250763,0.194195,2.53035
63,-0.0416137,0.164582,2.5662
63,0.038895,0.19493,2.53993
63,0.0568916,0.152177,2.63151
63,-0.0375465,-0.033158,2.87424
63,0.0423815,0.0378812,2.76761
63,0.016509,0.0119237,2.81986
63,-0.0156662,0.367989,2.31843
63,-0.0443331,0.384947,2.28887
63,-0.0162356,0.343485,2.40269
63,0.042635,0.366458,2.30879
63,0.0282674,0.354298,2.32453
63,-0.0168099,0.245825,2.48768
63,-0.0170196,0.209185,2.51871
63,-0.031256,0.311879,2.39269
63,-0.00109919,0.286731,2.4354
63,0.0449574,0.278955,2.43455
63,0.0938478,0.367462,2.31511
63,0.0721458,0.361145,2.32143
63,0.115927,0.382656,2.31872
63,0.140309,0.359694,2.35993
63,0.0854749,0.406158,2.2864
63,0.112818,0.329117,2.40843
63,0.113729,0.308811,2.42788
63,0.0934563,0.231268,2.4999
63,0.585095,0.321579,2.35326
63,0.599496,0.244466,2.47393
63,0.0543883,0.208937,2.51573
63,0.0131576,0.406316,2.2474
63,-0.0152953,0.402097,2.26354
63,-0.0618259,0.0462289,2.74513
63,0.0511531,-0.375565,3.34041
63,0.0202584,-0.476325,3.4603
63,-0.0656174,-0.477019,3.38774
63,0.164998,0.465744,2.19356
63,0.511325,0.368477,2.32151
63,0.311358,0.095807,2.67932
63,0.0840583,0.0711323,2.70474
63,0.405421,0.070662,2.68686
63,0.56129,-0.107531,2.92524
63,0.42223,0.453342,2.2005
63,0.316581,-0.146419,2.96565
63,-0.0357545,0.461197,2.20489
63,-0.071413,-0.262521,3.17081
63,-0.0717659,-0.275874,3.18648
63,0.000407395,0.379235,2.27195
63,0.0332135,-0.0314153,2.88065
63,0.0334646,-0.0536156,2.90242
63,-0.111466,-0.409407,3.29074
63,-0.087277,-0.450435,3.31782
63,0.0519691,-0.422215,3.39369
63,0.0665556,-0.473151,3.48514
63,-0.0691567,-0.207755,3.07063
63,-0.0116312,-0.291598,3.22707
63,0.0231075,-0.134109,2.98303
63,0.000537539,-0.157492,2.99845
63,0.0136705,-0.46834,3.4497
63,-0.0494612,0.111031,2.63957
63,-0.0198223,0.0925593,2.68312
63,-0.0401584,0.0723148,2.68531
63,0.0303502,0.130644,2.6323
63,0.0510607,0.092236,2.67375
63,-0.0381077,0.193957,2.54818
63,-0.0193983,0.140252,2.62572
63,-0.0386482,0.167374,2.58433
63,0.0392454,0.195069,2.56279
63,0.0599544,0.159791,2.62032
63,0.000465949,0.16831,2.59878
63,-0.0321342,-0.03137,2.87649
63,-0.0326256,-0.0870985,2.92048
63,-0.0168987,0.364504,2.28739
63,0.0439086,0.366392,2.29923
63,-0.0166343,0.401398,2.25161
63,-0.0424846,0.38703,2.26725
63,0.0348416,0.38839,2.27522
63,0.00890725,0.409202,2.24769
63,-0.0181265,0.242456,2.45358
63,-0.0184979,0.219003,2.50385
63,0.057243,0.218825,2.50182
63,0.0193897,0.228405,2.50307
63,-0.0268925,0.310745,2.40729
63,-0.0087231,0.284946,2.42024
63,0.0366401,0.317911,2.39267
63,0.00960763,0.322131,2.42443
63,0.0462378,0.275899,2.4212
63,0.0785952,0.374565,2.29601
63,0.109707,0.338003,2.40681
63,0.110352,0.312512,2.42097
63,0.0731085,0.328119,2.40112
63,0.0942077,0.235511,2.47819
63,0.121989,0.391806,2.29523
63,0.0862675,0.404555,2.26932
63,0.135158,0.369325,2.37401
63,0.648962,-0.274755,3.17355
63,0.581119,-0.264661,3.19666
63,0.0220403,0.0120311,2.84524
63,-0.0614116,0.0527971,2.72674
63,-0.11,-0.354875,3.24746
63,0.0509402,-0.376098,3.3265
63,-0.0662611,-0.132268,2.94206
63,0.314669,0.0924078,2.67874
63,0.0926032,0.0728512,2.70523
63,0.406083,0.072173,2.68005
63,0.586049,0.0116859,2.76363
63,0.34715,0.0521795,2.69485
63,0.340047,0.285619,2.42595
63,0.312897,-0.143716,2.94856
63,-0.0927113,0.102291,1.16949
63,-0.0327809,0.163461,2.58429
63,0.00241033,0.174569,2.57506
63,0.00243008,0.164212,2.59616
63,0.877548,-0.353646,3.10712
63,0.874609,-0.366521,3.09671
63,0.0482559,0.182775,2.52688
63,0.049424,0.163699,2.58805
63,0.0491944,0.50961,2.08121
63,0.0303838,0.51109,2.08726
63,-0.118577,-0.411826,3.35095
63,-0.148619,-0.41076,3.34227
63,0.0652481,-0.419904,3.41667
63,0.0657807,-0.470249,3.44456
63,0.0188084,-0.468881,3.43454
63,-0.0887932,-0.44549,3.37546
63,-0.0455777,0.107298,2.64602
63,-0.0097418,0.0850609,2.70292
63,-0.0341371,0.0724735,2.6912
63,0.0511531,0.0964567,2.67859
63,0.0145778,0.107945,2.66198
63,-0.00809227,0.396869,2.24527
63,-0.0492328,0.389557,2.262
63,0.0122066,0.404111,2.22899
63,0.0434096,0.381149,2.2731
63,0.0580973,0.23358,2.45787
63,0.05875,0.213634,2.48548
63,-0.00866615,0.304926,2.40449
63,-0.00866943,0.283199,2.40539
63,0.0349116,0.315031,2.39831
63,0.0462326,0.274036,2.42093
63,0.562949,0.512794,2.09422
63,0.0919188,0.4586,2.1991
63,0.0927948,0.442812,2.22006
63,0.0729209,0.424313,2.22878
63,0.137833,0.52326,2.13696
63,0.0914472,0.244397,2.45443
63,0.103535,0.224153,2.47701
63,0.112187,0.307025,2.42104
63,0.0679293,0.316666,2.41076
63,0.168789,0.321139,2.44481
63,0.116514,0.383986,2.29003
63,0.0748107,0.373021,2.28655
63,0.111558,0.327162,2.40745
63,0.809241,-0.0134692,2.77601
63,0.760933,0.024011,2.73824
63,0.852155,-0.0938165,2.92322
63,0.766006,0.156717,2.66927
63,0.724609,0.155635,2.65084
63,0.0801434,0.497408,2.15103
63,0.142411,0.450419,2.20794
63,0.251678,0.498553,2.19917
63,0.18976,0.50321,2.17613
63,0.172691,0.471031,2.21058
63,0.898968,-0.299655,3.1326
63,-0.00883632,0.232993,2.4517
63,0.0283262,-0.000881508,2.82793
63,-0.0595932,0.0364402,2.73801
63,0.0290165,-0.0403603,2.89686
63,-0.0233939,-0.0400192,2.87238
63,0.00207567,0.432227,2.21747
63,0.0165596,-0.138235,3.02388
63,-0.0667179,-0.223635,3.06535
63,-0.0773031,0.0989231,1.1509
63,0.418824,0.06038,2.69679
63,0.557543,-0.106587,2.90953
63,0.347997,0.0485033,2.71739
63,0.100909,0.072936,2.70838
63,0.622716,-0.24044,3.10261
63,0.310914,-0.148297,2.95092
63,-0.0881152,0.0993305,1.15564
63,-0.00603736,0.446642,2.23927
63,-0.0426821,0.459318,2.24158
63,-0.0425856,0.470465,2.23652
63,-0.0203195,0.239365,2.4949
63,-0.0205089,0.214155,2.51814
63,-0.0220617,0.0827866,2.70881
63,-0.00622164,0.334548,2.30761
63,-0.0195493,0.308757,2.40032
63,0.0277672,0.583126,2.03441
63,0.111172,0.334745,2.39912
63,0.0643358,0.497954,2.14498
63,0.0904538,0.46533,2.21211
63,0.0909722,0.455876,2.22479
63,0.0672946,0.435288,2.24363
63,0.118051,0.392581,2.27956
63,0.120764,0.363487,2.33195
63,0.115359,0.62164,2.01553
63,0.105603,0.595608,2.03919
63,0.132761,0.526299,2.11795
63,0.109383,0.69356,1.91112
63,0.121833,0.673587,1.94362
63,0.1978,0.510639,2.19962
63,0.175889,0.480304,2.22565
63,0.341266,0.0959613,2.66483
63,0.35364,0.0543049,2.76145
63,0.411278,0.066506,2.6482
63,0.397154,0.066557,2.65023
63,0.772774,0.0246261,2.80838
63,0.738734,-0.0211782,2.79537
63,0.70039,0.150101,2.59674
63,0.680104,0.123257,2.62769
63,0.606298,0.574087,2.04168
63,0.582876,0.572933,2.03757
63,0.896856,-0.302821,3.19603
63,0.887869,-0.36874,3.16401
63,0.923775,0.00946114,2.84938
63,0.861817,-0.00606407,2.84984
63,0.914919,0.164664,2.60332
63,0.927025,0.138101,2.63777
63,-0.0868974,0.256082,0.966936
63,0.046029,-0.411401,3.3724
63,-0.00918334,-0.471174,3.40603
63,0.0885166,0.253222,2.49751
63,0.103142,0.22826,2.5224
63,0.0480635,0.227754,2.51681
63,0.247654,0.502545,2.21678
63,0.84202,-0.0848321,2.88846
63,0.0385255,0.0401298,2.82264
63,-0.0533683,0.0398476,2.8028
63,0.0236777,-0.0376063,2.88737
63,-0.0233957,-0.0374137,2.87259
63,0.0396506,0.515939,2.07626
63,0.102663,0.654627,1.98241
63,0.562966,0.552982,2.0459
63,0.558047,0.514133,2.06899
63,0.044202,0.360783,2.3146
63,0.0489078,0.161989,2.56102
63,0.0504106,0.109439,2.63971
63,0.118485,0.559533,2.07014
63,0.0844915,0.547236,2.0663
63,0.0770089,0.703988,1.8833
63,0.00591553,0.498985,2.14942
63,0.00619261,0.412026,2.2501
63,0.0809767,0.38103,2.28477
63,0.170396,0.321704,2.50098
63,0.00818338,-0.119731,2.9735
63,-0.0768362,-0.228901,3.13753
63,-0.0817472,-0.443585,3.33806
63,0.0165477,0.622368,2.01789
63,-0.0552741,0.401005,2.25707
63,0.151774,0.579998,2.0627
63,0.606712,-0.00599802,2.81882
63,0.531475,0.0816675,2.67219
63,0.0971064,0.0688083,2.73987
63,0.674633,0.695979,1.86188
63,0.618422,-0.243786,3.10935
63,0.307867,-0.148219,2.89703
63,0.885699,-0.149846,2.92881
63,-0.0916332,0.0986794,1.16032
63,0.107923,0.570088,2.08399
63,0.0947711,0.559253,2.09444
63,0.137735,0.525357,2.12347
63,0.0958951,0.510462,2.11928
63,1.46192,-0.303165,2.86964
63,1.37643,-0.267257,2.88709
63,1.47595,-0.3583,2.86046
63,1.39843,-0.376272,2.85493
63,1.47155,-0.11631,2.88855
63,1.4287,-0.136514,2.91673
63,0.123049,0.370365,2.37607
63,0.0753878,0.395881,2.3432
63,0.12457,0.327763,2.40544
63,0.0619975,0.313726,2.41846
63,0.297288,-0.133674,2.85605
63,0.086785,-0.446187,3.3854
63,0.59266,0.57809,2.06391
63,1.35254,-0.155597,2.91698
63,1.18631,0.367691,2.35891
63,1.20013,0.257186,2.48323
63,1.39056,0.123674,2.76505
63,1.14483,0.410148,2.3372
63,-0.73267,-1.72629,3.99102
63,-0.023736,-0.443435,3.36452
63,-0.0670408,-0.438921,3.33027
63,0.0258603,0.590197,2.05907
63,0.53148,-0.117234,2.91148
63,0.819266,-0.0775747,2.85306
63,0.623255,-0.0212913,2.81032
63,1.00291,-1.02594,2.84488
63,0.92866,-1.0789,2.78945
63,0.545123,0.102978,2.69649
63,0.421949,0.0677563,2.69798
63,0.344677,0.0153242,2.78629
63,0.935104,0.170667,2.65253
63,0.841545,0.1377,2.68602
63,1.0739,-0.0214849,2.83586
63,0.916989,0.0154521,2.80956
63,0.0127991,0.484211,2.12569
63,-0.0011542,0.43578,2.23362
63,1.48325,-0.411245,2.83865
63,1.42087,-0.4832,2.82532
63,1.44859,-0.553561,2.80743
63,-0.00121306,0.335213,2.34748
63,0.0483333,0.162843,2.53092
63,-0.0536584,0.119221,2.6655
63,0.0537021,0.0154659,2.81206
63,-0.0559431,0.0334529,2.77899
63,0.100277,0.643632,1.93633
63,0.162379,0.597174,2.08341
63,0.0961739,0.224822,2.48441
63,1.04126,0.396158,2.34484
63,1.00625,0.354031,2.37072
63,1.19161,0.184758,2.60665
63,0.24122,0.496687,2.18045
63,0.184842,0.469814,2.18809
63,0.0845092,0.454466,2.18308
63,1.50066,-0.228303,2.87196
63,1.51029,-0.28292,2.85467
63,1.30992,-0.0214031,2.82505
63,0.742721,0.679757,1.89585
63,0.105639,0.0685334,2.72892
63,0.991963,-0.958933,2.86699
63,1.01727,-0.116192,2.88561
63,0.888221,-0.35509,3.16526
63,-0.0895163,0.102576,1.13352
63,-0.53753,-0.725714,3.5624
63,0.432163,0.0682552,2.71785
63,0.37211,0.0905309,2.74675
63,0.902036,0.026252,2.78607
63,0.84367,-0.0176151,2.81009
63,0.830498,-0.0846597,2.84044
63,0.0929323,0.462256,2.24875
63,0.1492,0.436748,2.30025
63,0.0786594,0.390784,2.3494
63,0.116205,0.356007,2.36326
63,0.136799,0.304959,2.39925
63,0.0616159,0.305509,2.40358
63,-0.0960763,0.10027,1.14101
63,-0.0196032,-0.449551,3.41093
63,-0.0725866,-0.446245,3.38584
63,0.322821,-0.153837,2.88398
63,0.499134,-0.183037,2.99142
63,1.02352,-0.131118,2.88196
63,0.937075,-0.154387,2.8943
63,1.31118,0.0696409,2.77303
63,1.32255,-0.0178295,2.84428
63,-0.901357,-0.228345,3.30778
63,0.0979365,0.65944,1.99172
63,0.116554,0.564545,2.04418
63,0.65912,0.130718,2.68688
63,0.699862,0.00435979,2.76455
63,0.616694,-0.017431,2.78073
63,0.995808,0.352339,2.33891
63,0.996081,0.302952,2.38347
63,1.21781,0.171403,2.66396
63,1.34831,-0.154675,2.89968
63,1.35866,-0.288539,2.87346
63,0.0201742,0.576206,2.02877
63,0.835953,0.132011,2.71347
63,0.102418,0.217787,2.47828
63,0.529576,-0.109227,2.90105
63,0.332509,0.0261568,2.77596
63,1.00452,-1.0607,2.82846
63,0.937054,-1.03752,2.82576
63,0.926479,-1.09157,2.79387
63,0.00489491,0.333094,2.33264
63,0.235008,0.499528,2.25773
63,0.137393,0.518515,2.11821
63,1.097,-0.109069,2.89687
63,0.0913373,0.0685119,2.72806
63,0.942035,0.170667,2.65251
63,0.577892,0.576833,2.03098
63,0.550331,0.501084,2.047
63,0.993396,-0.960442,2.86032
63,0.885151,-0.361187,3.11083
63,-0.125533,-0.498654,3.38097
63,-0.927052,-1.05825,4.1125
63,1.02503,0.386221,2.32197
64,-0.242336,0.273135,0.892147
64,-0.491298,0.137337,1.16075
64,-0.559249,0.0591129,1.23702
64,-0.389524,0.0837934,1.29376
64,0.00634976,0.49083,1.3267
64,0.102659,0.743854,1.78656
64,0.686052,0.699695,1.85325
64,0.668422,0.707217,1.86757
64,0.132923,0.701903,1.88241
64,0.122413,0.676309,1.91525
64,0.135593,0.712715,1.92052
64,0.103207,0.704408,1.92149
64,0.125382,0.716265,1.92308
64,0.104038,0.652112,1.96008
64,0.110643,0.612042,1.98753
64,0.0953051,0.59349,2.01958
64,0.118568,0.636374,2.02823
64,0.105453,0.579373,2.06535
64,0.113895,0.578085,2.06678
64,0.148152,0.593174,2.07337
64,0.133802,0.543359,2.09318
64,0.13682,0.550472,2.11845
64,0.135803,0.531603,2.12103
64,0.122199,0.52008,2.12653
64,0.066656,0.495919,2.1273
64,0.090802,0.524376,2.14402
64,0.164948,0.490871,2.15844
64,0.127159,0.513861,2.15864
64,0.0782028,0.486667,2.15963
64,0.240275,0.506945,2.20584
64,0.0625638,0.424381,2.21869
64,0.0693262,0.419453,2.2218
64,0.12988,0.432374,2.286
64,0.0440479,0.364942,2.31342
64,0.142226,0.378079,2.33303
64,0.135518,0.352045,2.35418
64,0.136827,0.380405,2.35462
64,0.121065,0.36641,2.35955
64,0.105055,0.308772,2.38936
64,0.0885404,0.245928,2.45478
64,0.0533668,0.216335,2.51295
64,0.0222298,0.155223,2.56258
64,0.0362054,0.193725,2.56886
64,0.0361947,0.127994,2.5864
64,0.761597,0.157139,2.64019
64,0.0514417,0.173994,2.59534
64,0.45665,0.0692767,2.65049
64,-0.0402344,0.114407,2.61101
64,-0.0235021,0.141027,2.6159
64,-0.0228011,0.154474,2.61706
64,0.0372908,0.154823,2.62423
64,0.0268327,0.128652,2.6402
64,0.525181,0.0929349,2.69146
64,0.345444,0.0913026,2.68908
64,0.0525938,0.112279,2.66611
64,0.0518669,0.0954628,2.66829
64,-0.0140477,0.0933596,2.66683
64,0.0470123,0.115842,2.69581
64,0.0502951,0.108691,2.69782
64,0.346905,0.0127809,2.75414
64,0.0497603,0.0378772,2.73294
64,-0.050189,0.0514873,2.72572
64,0.354449,0.0500129,2.75696
64,-0.0587559,0.0439771,2.74693
64,0.088107,0.0772585,2.75564
64,0.0552677,0.0482264,2.76387
64,0.0137154,0.0812026,2.76562
64,0.34757,0.00721076,2.82065
64,0.0520136,0.0445003,2.80047
64,-0.0411839,0.00993407,2.81619
64,-0.0368731,-0.0288557,2.8259
64,1.12532,-0.114449,2.92378
64,-0.596903,-0.0667144,2.79621
64,0.0210448,0.0151786,2.84808
64,-0.0234301,-0.0259567,2.86876
64,-0.0125315,-0.0264072,2.87048
64,0.0526494,0.0139336,2.88224
64,-0.042621,-0.0614847,2.89343
64,0.0360749,-0.0494861,2.91399
64,-0.0505264,-0.0707735,2.91784
64,-0.0335071,-0.0803859,2.92421
64,0.0216219,-0.0920147,2.9343
64,-0.0249573,-0.114545,2.95524
64,-0.0655923,-0.138544,2.99421
64,-0.579623,-0.0578434,2.95757
64,0.0174097,-0.128859,3.0187
64,-0.0598707,-0.171369,3.01835
64,-0.510522,-0.0994185,3.00269
64,0.0166619,-0.170897,3.04809
64,-1.08226,-0.124906,2.97701
64,-0.067654,-0.209878,3.06616
64,0.583012,-0.196441,3.11757
64,0.586019,-0.193601,3.14774
64,-0.926524,-0.189824,3.04473
64,-1.02376,-0.147477,3.0661
64,-0.0436931,-0.220205,3.14486
64,-0.0690124,-0.270785,3.14835
64,-1.02787,-0.198979,3.07517
64,-0.909459,-0.207112,3.08906
64,0.553095,-0.276546,3.20432
64,-0.880229,-0.179868,3.09212
64,0.0252994,-0.243886,3.16808
64,-0.933365,-0.279633,3.11682
64,-0.887102,-0.178609,3.1207
64,-0.845282,-0.183072,3.12987
64,-0.0767975,-0.312323,3.20344
64,-0.849044,-0.198124,3.14423
64,-0.843481,-0.181412,3.14381
64,-0.0742943,-0.312626,3.23176
64,-0.841771,-0.243618,3.1711
64,-0.839447,-0.23171,3.17356
64,-0.930521,-0.208258,3.17275
64,-0.911784,-0.173887,3.1739
64,-0.890038,-0.257369,3.1844
64,-0.954423,-0.278698,3.18748
64,-0.0693618,-0.322291,3.25915
64,-0.894865,-0.255462,3.19445
64,-0.959719,-0.283625,3.20751
64,-0.869853,-0.195601,3.22261
64,-0.945094,-0.269413,3.23774
64,-0.895869,-0.249801,3.2486
64,-0.0601858,-0.513009,3.41605
64,0.0911316,-0.466206,3.4434
64,0.0898748,-0.459432,3.47522
64,0.00586745,-0.484839,3.49383
64,-0.752401,-0.863777,4.0029
64,-0.907433,-1.04363,4.07465
64,-1.91049,-0.820119,4.0924
64,-0.102194,0.0848755,2.93965
63,-0.102194,0.0848755,2.93965
64,-0.0315363,0.206751,1.43536
63,-0.0315363,0.206751,1.43536
64,0.118571,0.490723,2.06773
63,0.118571,0.490723,2.06773
64,-0.0142126,-0.350578,3.38598
63,-0.0142126,-0.350578,3.38598
64,-0.0137622,0.156662,1.88712
63,-0.0137622,0.156662,1.88712
64,0.00910078,0.300225,1.31748
63,0.00910078,0.300225,1.31748
64,0.11181,0.270634,2.07152
63,0.11181,0.270634,2.07152
64,-0.0127084,0.151141,1.79999
63,-0.0127084,0.151141,1.79999
64,-0.358342,0.0830163,1.27697
63,-0.358342,0.0830163,1.27697
64,-0.405147,0.0828923,1.67812
63,-0.405147,0.0828923,1.67812
65,0.048731,0.127153,0.798459
65,0.149286,0.02742,0.931004
65,0.0405413,0.0582355,0.865472
65,0.0882491,0.0536954,1.04217
65,0.217478,0.0603878,0.897461
65,0.208974,0.046871,0.909715
65,0.205367,0.0357687,0.919245
65,0.201277,-0.0476987,1.03202
65,0.0056828,0.00716488,0.970661
65,0.00884396,0.001056,0.981841
65,0.00267227,-0.00205486,0.989139
65,-0.0149952,0.0301503,0.924714
65,-0.000431625,0.0161046,0.956311
65,0.0146082,0.013057,0.953948
65,0.0147412,0.00710564,0.962635
65,0.105032,-0.0692357,1.01386
65,0.202831,-0.0569829,1.02344
65,0.150558,-0.0503143,1.01909
65,0.151817,-0.107149,1.07343
65,0.123432,0.16344,0.76977
65,0.117083,0.154966,0.77595
65,0.0747232,0.0280807,0.953438
65,0.0954124,0.0474527,0.921004
65,0.106367,0.0298438,0.915313
65,0.0585968,0.0464904,0.850293
65,0.0455925,0.0550163,0.857826
65,0.0749873,0.0200657,0.47703
65,0.151773,-0.0172266,0.9655
65,0.144013,-0.0320751,0.954419
65,0.12886,0.00403239,0.95363
65,0.0762388,0.0803009,0.868013
65,0.067603,0.0770791,0.862586
65,0.153471,0.129862,0.786905
65,0.13602,0.137243,0.801022
65,0.156471,0.110683,0.82909
65,0.170606,0.0836832,0.874762
65,0.138026,0.136751,0.78373
65,0.202457,0.0129521,0.946283
65,0.173224,0.00102129,0.949591
65,0.214394,-0.0336768,1.00208
65,0.148611,0.0628137,0.891728
65,0.117781,0.0305591,0.937252
65,0.0964946,-0.0322858,0.960689
65,0.0460738,0.0419309,0.866882
65,0.192397,0.105089,0.82621
65,0.192708,0.0726649,0.87493
65,0.166758,-0.144219,1.15336
65,0.211041,-0.0814955,1.0482
65,0.0971837,-0.0587662,0.998906
65,0.272595,-0.109439,1.09638
65,0.260141,-0.148746,1.13246
65,0.169556,0.0519548,0.898427
65,0.0473473,0.1264,0.796358
65,0.106971,-0.0898663,1.08543
65,0.111968,-0.0947265,1.09414
65,0.114103,0.114331,0.860482
65,0.170809,0.103416,0.851035
65,0.172341,0.0964149,0.875165
65,-0.0825503,0.0996376,0.874388
65,-0.00329026,0.0349457,0.912888
65,-0.0139463,0.0321704,0.932561
65,0.0215659,0.0253824,0.94254
65,0.0149276,0.0078102,0.974802
65,0.00386278,0.0114978,0.974751
65,0.00765486,0.00417854,0.988187
65,-0.0748205,0.143549,0.900817
65,-0.0785978,0.151074,0.905066
65,-0.0690985,0.0927276,0.87163
65,-0.0831414,0.0770273,0.880649
65,0.272545,-0.215428,1.24096
65,0.15132,-0.049923,1.02425
65,0.211239,-0.144347,1.09371
65,0.2219,-0.164673,1.14891
65,0.210099,0.0545759,0.894956
65,0.205729,0.0483686,0.905532
65,0.203755,0.126847,0.815369
65,0.193035,0.106143,0.82227
65,0.18217,0.0961747,0.843999
65,0.0400413,0.0269801,0.878449
65,0.0277333,0.0279753,0.910852
65,0.1604,0.04221,0.920662
65,0.155643,0.0211369,0.913191
65,0.14516,0.0393163,0.934679
65,0.149201,0.0252561,0.937854
65,0.149747,-0.0178117,0.964212
65,0.144344,-0.0328351,0.977033
65,0.0546117,0.130475,0.799785
65,0.0455985,0.13066,0.800922
65,0.174892,0.103341,0.824736
65,0.123954,0.0873851,0.884312
65,0.101994,0.147138,0.791754
65,0.155691,0.122356,0.806106
65,0.142195,0.117708,0.816171
65,0.127414,0.00769851,0.960865
65,0.200912,0.0147603,0.947439
65,0.171868,0.000420641,0.945423
65,0.109946,0.0621568,0.906754
65,0.119704,0.0390872,0.929233
65,0.0981858,-0.00308903,0.925247
65,0.046199,0.0431411,0.869237
65,0.191052,0.0760873,0.869903
65,0.20689,0.03545,0.926064
65,0.179913,-0.144125,1.15845
65,0.131613,-0.0652603,1.02168
65,0.170847,-0.0640282,1.00239
65,0.20863,-0.0939269,1.03947
65,0.248254,-0.185512,1.17069
65,0.224373,-0.200253,1.23425
65,0.271264,-0.112106,1.10221
65,0.25479,-0.053554,1.0196
65,0.13235,-0.0288749,0.592415
65,0.324297,-0.264566,1.29774
65,-0.0144666,0.0150705,0.967353
65,0.0711644,-0.0468546,1.0422
65,0.0774435,0.0298686,0.972497
65,0.0908512,0.139441,0.799145
65,-0.518389,-0.659092,3.11725
65,0.152005,0.0610016,0.899835
65,0.151967,0.056902,0.899612
65,0.140615,0.117521,0.810619
65,0.144582,0.110379,0.812233
65,-0.00333785,0.0333495,0.926111
65,-0.0209875,0.0215896,0.964268
65,0.000918268,0.0130564,0.98102
65,0.0187152,0.004144,0.980004
65,0.00553946,-0.0049079,1.01153
65,-0.069919,0.162086,0.916993
65,-0.0769723,0.147161,0.902068
65,-0.0703186,0.0906213,0.870404
65,-0.0723304,0.0688245,0.895306
65,0.286213,-0.0463264,1.01339
65,0.2867,-0.0658999,1.0317
65,0.264975,-0.0559012,1.02019
65,0.254867,-0.0557166,1.01682
65,0.151724,-0.0505743,1.00636
65,0.159316,-0.0591386,0.996691
65,0.122917,0.167346,0.76898
65,0.120962,0.151817,0.778872
65,0.225754,0.141286,0.799322
65,0.21293,0.14361,0.792119
65,0.217291,0.136898,0.794914
65,0.190075,0.10368,0.817567
65,0.160109,0.0164749,0.923001
65,0.170867,-0.000291798,0.936021
65,0.141913,0.126439,0.797237
65,0.125116,0.0839208,0.883066
65,0.172685,0.0990565,0.841353
65,0.157383,0.0858481,0.862156
65,0.136937,0.132368,0.789419
65,0.157014,0.119675,0.800411
65,0.149373,-0.0134003,0.961805
65,0.124347,-0.0311623,0.970984
65,0.198424,0.0168824,0.945834
65,0.212098,-0.0370372,1.01101
65,0.113195,0.0579632,0.916389
65,0.142105,0.0217589,0.971832
65,0.0479012,0.0546714,0.864345
65,0.0363905,0.0550683,0.87062
65,0.048055,0.0390991,0.867121
65,0.234556,0.118496,0.81735
65,0.228855,0.0208198,0.929891
65,0.207108,0.0333829,0.927038
65,0.111281,0.153092,0.785415
65,0.158528,0.161071,0.772374
65,0.137122,0.150151,0.770323
65,0.180091,0.182545,0.745502
65,0.171962,0.171021,0.75439
65,0.19526,0.148308,0.779013
65,0.129882,-0.0647823,1.0142
65,0.144725,-0.0944904,1.09141
65,-0.0862176,0.0986298,0.87133
65,-0.0830085,0.0755735,0.879242
65,-0.123237,-0.981432,3.48264
65,-0.166186,-0.909445,3.39109
65,-0.12281,-1.02531,3.47058
65,-0.497591,-0.654329,3.06185
65,-0.351146,-0.79052,2.99841
65,-0.322185,-0.75011,3.1132
65,-0.30389,-0.937572,3.38148
65,-0.467913,-0.900947,3.04963
65,0.100901,-0.0394309,0.957665
65,0.187096,-0.0502572,1.00005
65,0.210099,-0.100133,1.04679
65,0.210419,0.17228,0.745025
65,0.244527,0.0596528,0.879938
65,0.275268,-0.0317906,0.990561
65,0.199729,0.11397,0.811544
65,0.0444727,0.127271,0.802479
65,-0.543774,-0.617711,3.08728
65,-0.0861446,0.195545,0.958558
65,0.40424,-0.371894,1.3867
65,-0.00264524,0.019294,0.981116
65,-0.0185652,0.0191739,0.975008
65,0.0138642,-0.00769569,1.01578
65,0.00278928,-0.00215653,1.0135
65,-0.0724609,0.163017,0.917548
65,-0.0761134,0.145447,0.901597
65,0.116949,0.155659,0.780406
65,0.121261,0.151483,0.780797
65,0.0983268,0.126237,0.839206
65,0.107667,0.11295,0.878091
65,0.0943367,0.138661,0.805151
65,0.100386,0.132075,0.818709
65,0.122207,0.0843753,0.879444
65,0.10603,0.0818922,0.904954
65,0.0634817,0.129586,0.803278
65,0.0446965,0.0404847,0.863086
65,0.036238,0.0608839,0.886226
65,0.0409984,0.306624,0.884757
65,0.124596,0.167266,0.77508
65,0.109298,0.152598,0.786543
65,0.240356,0.205018,0.729125
65,0.231161,0.175302,0.737813
65,0.202325,0.190725,0.73528
65,0.149399,-0.0510063,0.996946
65,0.131046,-0.0635046,1.02329
65,0.0130566,0.0240242,0.956617
65,-0.1139,0.410211,1.13034
65,-0.0861971,0.201761,0.959143
65,-0.0857608,0.195541,0.954288
65,-0.495295,-0.65602,2.9811
65,-0.0435401,0.0441275,0.940747
65,-0.0712861,0.0669317,0.902672
65,0.00264963,0.0871228,0.962754
65,0.0788198,-0.266655,1.9276
65,0.163165,-0.113212,1.12989
65,0.177414,0.185995,0.74849
65,0.210604,0.174229,0.750507
65,0.171125,0.171555,0.756746
65,0.275742,0.168374,0.761002
65,0.153841,0.162709,0.773494
65,0.116562,0.0426941,0.910189
65,0.116615,0.0129462,0.910606
65,0.0632232,0.0898299,0.800006
65,0.24198,0.234756,0.699373
65,0.486485,-0.317402,1.34262
65,0.0668673,0.087155,0.791547
65,0.0806481,-0.0349004,1.03476
65,0.58944,-1.61043,4.30939
65,0.189577,0.0168738,0.908381
65,0.218397,-0.0342234,1.01469
65,0.397684,-0.363619,1.38492
65,0.441075,-0.187204,1.18522
65,0.492192,-0.318254,1.34623
65,1.09097,-0.371633,2.35286
65,0.525566,-0.311942,1.31953
65,0.393332,0.137021,0.752759
65,-0.229965,-1.20719,3.1748
65,-0.317368,-1.11789,2.84222
65,-0.0809837,0.108376,0.879796
65,-0.0751557,0.10252,0.878908
65,-0.10236,0.376905,1.11202
65,0.103933,-0.0402048,0.998482
65,0.14658,0.0637656,0.899635
65,0.120448,0.0854452,0.880595
65,0.111479,0.0579828,0.901174
65,0.117916,0.0108985,0.905358
65,0.293989,0.200169,0.71465
65,0.418228,0.10383,0.800406
65,0.443445,0.0673878,0.870449
65,0.618099,-0.176894,1.1683
65,0.0227949,0.272316,0.889206
65,0.258222,0.244251,0.693872
65,0.221741,0.207187,0.722832
65,0.399667,0.0280738,0.886962
65,0.311621,0.129187,0.795435
65,0.525954,-0.0831368,1.04583
65,-0.0973418,0.257192,0.987377
65,-0.0719372,0.159854,0.910917
65,-0.288695,-0.864479,3.13635
65,-0.261103,-1.10586,3.30626
65,-0.452584,-0.90518,2.99943
65,0.196081,-0.0600203,1.00235
65,0.12739,-0.0616638,1.02979
65,0.21777,-0.144263,1.15171
65,0.174893,-0.146187,1.16707
65,0.272471,-0.0420066,0.787499
65,0.419803,-0.151334,1.14823
65,0.380881,-0.143305,1.14407
65,0.0252177,-1.78422,4.18825
65,0.269232,-0.0841074,1.05804
65,0.245248,-0.0693585,1.04428
65,0.132408,-1.56488,4.11552
65,0.460024,-1.68989,4.15828
65,0.236501,-1.67439,4.05489
65,0.324541,0.194208,0.709937
65,0.186486,0.0784056,0.866424
65,0.122081,0.152296,0.7806
65,0.162045,-1.45485,4.18603
65,0.473934,-0.335394,1.34437
65,1.65051,-1.80239,4.43511
65,1.13055,-1.732,4.33159
65,0.224212,-0.194001,1.22825
65,-0.428785,-0.94662,2.72369
65,-0.114292,-0.993692,3.44185
65,-0.469429,-0.665936,2.98186
65,1.68557,-1.72098,4.37557
65,-0.0736746,0.104349,0.874967
65,-0.0806436,0.104484,0.876103
65,-0.10026,0.360629,1.08922
65,-0.100869,0.28679,1.00976
65,-0.0993171,0.266777,0.994228
65,-0.682949,-0.818008,2.43613
65,-0.734103,-0.772283,2.35498
65,-0.560461,-0.636063,3.14249
65,-0.461141,-0.673019,2.9787
65,-0.251982,-1.10809,3.30004
65,-0.308367,-1.0986,3.35005
65,-0.0863835,0.192911,0.93846
65,-0.0690864,0.157594,0.90478
65,-0.0233526,-1.65128,4.06327
65,0.0759507,-1.76856,4.26943
65,0.225031,-1.54199,3.94672
65,0.197223,-1.66146,4.0109
65,-0.0814947,0.133371,0.885348
65,0.172921,-1.47067,4.1843
65,0.263563,-1.52381,4.0634
65,0.136466,-1.52853,4.07598
65,-0.18635,-0.963198,3.52798
65,-0.130126,-1.01182,3.50465
65,0.612293,-1.69492,4.51967
65,0.596703,-1.82455,4.4046
65,0.185663,0.0830759,0.867872
65,0.259254,-0.0132246,0.936976
65,0.275741,0.0801939,0.672428
65,-0.749989,-0.824821,3.11052
65,-0.638967,-0.82482,2.93674
65,-0.601949,-0.907268,2.7666
65,-0.0750638,0.248356,0.983063
65,-0.444428,-0.920503,3.024
65,-0.231322,-1.15985,3.02947
65,-0.379415,-1.04413,2.72722
65,-0.301008,-1.11348,2.79385
65,0.203983,0.186247,0.737218
65,0.201032,0.146244,0.770233
65,0.158406,0.158006,0.768654
65,-0.0681821,0.0644585,0.892938
65,0.445832,-1.74062,4.28312
65,0.289513,0.19498,0.706013
65,0.301121,0.12958,0.779036
65,0.447345,-0.328772,1.31782
65,0.394284,-0.367448,1.3857
65,1.65409,-1.85185,4.5568
65,-0.600366,0.204998,2.14155
65,-0.598684,0.0768375,2.33128
65,-0.41025,-0.931395,2.64998
65,-0.88233,-0.373051,2.83049
65,-0.721229,-0.527635,2.25688
65,0.518207,-0.307198,1.31399
65,0.498011,-0.328094,1.31511
65,0.0228067,0.27362,0.889666
65,0.0275599,0.117545,0.823158
66,0.051676,-2.15862e-05,1.08087
66,0.0552584,-0.0184243,1.09742
66,0.163039,-0.0970009,1.21161
66,0.248916,-0.172608,1.29774
66,0.510794,-0.297178,1.42367
66,-0.613124,0.233192,2.18925
66,-0.613704,0.222004,2.18868
66,-0.614944,0.188231,2.18518
66,-0.61664,0.191964,2.19692
66,-0.586003,0.112233,2.31775
66,-0.597664,0.0726606,2.31364
66,-0.603625,0.0796219,2.33866
66,-0.897408,-0.735222,2.42513
66,-0.781438,-0.799095,2.49301
66,-0.747071,-0.821021,2.51366
66,-0.696008,-0.835986,2.56206
66,-0.707557,-0.842256,2.57268
66,-0.726513,-0.84995,2.58924
66,-1.03756,-0.734009,2.70357
66,-1.20866,-0.453104,2.85557
66,-0.387179,-1.07074,2.85686
66,-0.362544,-1.09886,2.85858
66,-1.13852,-0.442458,2.91321
66,-0.354502,-1.11667,2.90287
66,-0.444223,-0.926141,2.95063
66,-0.72339,-0.786056,2.96585
66,-0.644731,-0.849069,2.97612
66,-0.433637,-0.883905,2.99102
66,-0.730495,-0.768192,3.00243
66,-0.457169,-0.93043,3.00774
66,-0.325388,-1.16012,3.0104
66,-0.546019,-0.784574,3.04464
66,-0.554867,-0.787743,3.04685
66,-0.552764,-0.802118,3.04974
66,-0.553679,-0.784846,3.06116
66,-0.745564,-0.790559,3.07652
66,-0.568874,-0.631287,3.18504
66,-0.342783,-0.766449,3.21811
66,-0.376164,-1.50708,3.1696
66,-0.235456,-1.13642,3.34077
66,-0.230136,-1.14098,3.35345
66,-0.327183,-1.5858,3.32848
66,-0.175291,-0.922354,3.43698
66,-0.130838,-1.01651,3.45452
66,-0.135169,-1.03281,3.53169
66,-0.11041,-1.41625,3.57768
66,0.284966,-1.95294,3.74085
66,0.200405,-1.94714,3.79135
66,0.263075,-1.8916,3.80471
66,0.108452,-2.01028,3.79292
66,0.112511,-1.97471,3.84606
66,0.133242,-2.02308,3.87587
66,0.212458,-1.97706,3.88926
66,0.365868,-2.06538,3.94958
66,0.1669,-1.92721,3.9531
66,0.299371,-1.97495,3.98956
66,0.22263,-1.95541,4.00809
66,0.16327,-1.62314,4.05137
66,0.125822,-1.64106,4.05004
66,0.218679,-1.64857,4.06387
66,0.0918733,-1.56958,4.06496
66,0.203237,-1.57658,4.07696
66,0.487262,-2.11696,4.0433
66,0.148726,-1.55915,4.0845
66,0.522013,-1.55971,4.11574
66,0.369646,-1.74922,4.09927
66,0.172595,-1.45774,4.12159
66,0.167719,-1.42884,4.14968
66,0.0321757,-2.18235,4.06973
66,0.506245,-1.67059,4.1511
66,0.500453,-2.01509,4.11974
66,0.311537,-1.98044,4.1129
66,0.586874,-1.58486,4.1777
66,0.564648,-1.67831,4.1672
66,0.32564,-1.95956,4.1399
66,0.612623,-1.56117,4.2175
66,0.0539546,-1.63698,4.1838
66,0.458391,-2.04714,4.17376
66,0.551717,-1.60658,4.22586
66,-0.12302,-1.96403,4.15166
66,0.393618,-2.179,4.16176
66,0.544987,-1.82983,4.21138
66,0.372678,-2.01628,4.18404
66,0.577132,-1.72264,4.2283
66,0.494566,-2.06066,4.19977
66,0.13629,-1.84678,4.20081
66,-0.00955374,-1.90554,4.20794
66,-0.0743508,-2.15788,4.18835
66,-0.0682416,-1.99453,4.22512
66,0.403531,-2.05795,4.26801
66,-0.137236,-2.03582,4.23953
66,0.724327,-2.02392,4.30965
66,0.380455,-1.83034,4.31289
66,0.609082,-2.13844,4.30447
66,-0.0588016,-1.70699,4.31767
66,0.490744,-1.67244,4.35429
66,0.00244806,-1.97964,4.34177
66,1.11729,-2.08476,4.42424
66,0.591401,-2.24631,4.42141
66,-0.0758796,-2.25392,4.38244
66,0.631264,-2.18536,4.44548
66,0.785908,-2.07337,4.51549
66,0.749762,-2.14809,4.51716
66,1.18963,-1.84729,4.57631
66,0.913893,-2.13758,4.54185
66,1.14866,-2.10102,4.56209
66,1.7751,-2.03728,4.73342
66,0.945645,-2.27709,4.77833
67,-0.777051,-0.796987,2.49378
67,-0.850115,-0.587369,2.62031
67,-0.496371,-0.987097,2.63974
67,-0.501198,-0.998189,2.69419
67,-0.504905,-0.999472,2.70443
67,-0.504458,-1.00444,2.71819
67,-0.506529,-1.00677,2.72108
67,-0.393247,-1.05842,2.7923
67,-1.21871,-0.983182,2.72718
67,-0.389823,-1.10447,2.85193
67,-0.318937,-1.12072,2.91733
67,-0.333159,-1.12236,2.91703
67,-1.42343,-1.70152,2.76924
67,-0.149541,-1.33255,3.19165
67,-0.160173,-1.34878,3.20236
67,-0.134831,-0.995509,3.45872
67,-0.135925,-1.01483,3.4847
67,-0.334228,-1.52016,3.20482
67,-0.298735,-1.516,3.2491
67,-0.19024,-1.40917,3.34467
67,-0.318041,-1.546,3.26092
67,-0.294521,-1.53984,3.29722
67,-0.304385,-1.56978,3.31262
67,-0.35103,-1.95967,3.10795
67,-0.296017,-1.57197,3.32441
67,-0.190022,-1.44643,3.40876
67,-0.312337,-1.97184,3.12728
67,-0.309498,-1.97765,3.13662
67,-0.297595,-2.00969,3.15703
67,-0.305126,-2.04081,3.14967
67,-0.202113,-1.47265,3.47516
67,-0.305912,-2.01546,3.18267
67,-0.293126,-2.01163,3.19125
67,-0.320169,-2.02954,3.19452
67,0.149468,-2.08507,3.50278
67,0.185345,-1.99918,3.58358
67,0.153189,-1.96257,3.60145
67,-1.50689,-2.23697,3.20286
67,0.125329,-2.15186,3.50677
67,0.123375,-2.16271,3.52325
67,0.156721,-1.8933,3.68465
67,0.199683,-1.8855,3.69951
67,0.153947,-1.9982,3.65341
67,0.163874,-2.13923,3.58597
67,-1.5318,-2.06465,3.37118
67,0.128331,-2.18493,3.56563
67,0.156436,-1.92334,3.7181
67,0.108297,-2.17964,3.57725
67,0.228749,-1.94459,3.73088
67,0.118541,-2.21483,3.61921
67,-0.286886,-1.8521,3.77369
67,0.207103,-1.95515,3.80082
67,0.143425,-1.51223,4.02632
67,-1.55929,-2.30536,3.35198
67,0.242359,-1.98968,3.7971
67,0.15474,-1.97218,3.79713
67,0.136168,-2.0416,3.76153
67,0.262128,-2.14058,3.73464
67,0.104377,-1.71297,3.93615
67,0.201969,-1.95788,3.83059
67,0.179754,-1.63339,3.99721
67,0.105688,-1.64991,3.97759
67,0.17945,-1.65564,3.9864
67,0.117413,-1.69599,3.95892
67,-0.0687386,-1.59896,3.98767
67,0.265399,-2.03589,3.81143
67,0.138651,-1.97875,3.82678
67,0.0528058,-2.03537,3.79843
67,0.386727,-2.0753,3.84542
67,0.270068,-1.92533,3.9089
67,-1.56278,-2.21047,3.48052
67,0.161067,-1.45115,4.15149
67,0.144816,-1.54481,4.10428
67,0.199227,-1.73956,4.0203
67,0.365082,-2.05236,3.88388
67,0.0855088,-1.56187,4.1135
67,0.0614936,-1.59666,4.09328
67,0.385051,-1.73797,4.07037
67,0.212383,-1.68751,4.07461
67,0.190607,-1.67172,4.09602
67,0.146445,-1.78578,4.03086
67,0.407028,-2.04987,3.93354
67,0.189493,-1.75399,4.05616
67,0.420775,-1.74095,4.10449
67,0.082519,-1.70578,4.07149
67,0.550324,-1.77341,4.12653
67,0.32462,-2.25986,3.83777
67,0.381072,-2.07151,3.94555
67,0.0386909,-1.75045,4.06784
67,0.385339,-2.0684,3.95969
67,0.386661,-2.11821,3.95524
67,0.0171351,-1.75958,4.09168
67,0.231786,-1.62967,4.19342
67,0.384406,-2.12166,3.96197
67,0.039584,-1.75409,4.10773
67,0.041826,-2.11334,3.92859
67,0.0386105,-2.12494,3.93207
67,0.0342131,-2.12222,3.93345
67,-0.0483136,-1.70543,4.14124
67,0.290212,-2.41105,3.83053
67,-0.0975658,-1.64364,4.17675
67,0.151124,-1.83005,4.12396
67,0.576862,-2.05643,4.07521
67,0.575925,-2.1584,4.02669
67,0.034808,-2.13339,3.96149
67,0.29886,-2.0073,4.07195
67,0.638799,-2.31194,3.96807
67,-0.185982,-1.88947,4.06581
67,0.0166849,-2.14726,3.96587
67,0.55924,-1.75124,4.25982
67,0.375911,-2.17109,4.04914
67,0.00401756,-2.16865,3.99544
67,0.00978755,-1.80277,4.18774
67,0.723366,-1.96206,4.2343
67,0.307738,-2.03195,4.13841
67,0.0233794,-1.81206,4.21642
67,0.0233725,-1.82835,4.22107
67,-0.104636,-2.40165,3.90594
67,-0.0988205,-2.42414,3.90488
67,-0.100704,-2.42483,3.90959
67,-0.00293899,-1.83411,4.23682
67,-0.00873763,-2.20361,4.04466
67,-0.10122,-2.41999,3.92127
67,1.60528,-3.0288,3.86626
67,1.15389,-1.83253,4.42179
67,-0.0948351,-2.42097,3.92281
67,-0.0820481,-2.42245,3.92511
67,-0.107473,-1.69766,4.29997
67,0.590539,-2.19906,4.14659
67,-0.0244289,-2.42983,3.93666
67,0.557084,-1.87017,4.32131
67,-0.0219837,-2.20953,4.05619
67,0.34523,-2.25751,4.0981
67,-0.100637,-2.42119,3.9562
67,-0.030772,-2.4421,3.9569
67,0.681016,-2.3829,4.10137
67,0.291533,-2.49906,3.9847
67,-0.017478,-2.4566,3.95958
67,0.304992,-2.08677,4.22265
67,-0.0929594,-2.45808,3.97332
67,-0.0432619,-1.88234,4.28511
67,-0.0956691,-1.7695,4.33625
67,1.63798,-2.77569,4.08589
67,0.67168,-2.217,4.23059
67,-0.0407391,-2.0741,4.20513
67,1.47385,-3.21228,3.8694
67,1.56109,-3.30145,3.84718
67,0.608288,-2.49403,4.12444
67,0.612884,-2.26886,4.25035
67,-0.0459839,-2.0803,4.25697
67,0.697297,-2.5126,4.15455
67,0.304846,-2.55365,4.07288
67,0.348792,-2.4245,4.15386
67,-0.127957,-2.03192,4.28858
67,-0.195174,-2.01314,4.29378
67,-0.188658,-2.01978,4.29191
67,0.646278,-2.28618,4.28273
67,-0.196956,-2.01731,4.29364
67,1.40459,-3.31833,3.86209
67,0.356773,-2.45467,4.16704
67,1.51962,-3.93925,3.5871
67,0.677733,-2.44224,4.24125
67,0.340738,-2.33498,4.25212
67,-0.016268,-2.51685,4.10269
67,1.36151,-3.26574,3.92999
67,1.48377,-2.99416,4.09772
67,0.991319,-3.17262,3.94361
67,0.360026,-2.34469,4.28173
67,-0.120804,-2.52607,4.1191
67,0.359074,-2.47029,4.22802
67,-0.12352,-2.03164,4.39696
67,1.22922,-3.39324,3.8992
67,1.35538,-3.04342,4.11409
67,0.724952,-2.58166,4.27045
67,-0.117046,-2.03187,4.43081
67,1.21539,-3.23856,4.02952
67,0.751479,-2.67561,4.25339
67,1.44889,-3.5236,3.92167
67,-0.117989,-2.06645,4.45781
67,0.737049,-2.31902,4.46051
67,1.02343,-3.04237,4.15852
67,1.37503,-3.55208,3.95028
67,0.773777,-2.72578,4.29981
67,1.35589,-3.13113,4.18218
67,1.48516,-3.36258,4.08445
67,0.672953,-2.7327,4.28878
67,1.53798,-3.81599,3.89458
67,1.27747,-3.50028,4.02133
67,1.57453,-3.6366,4.00499
67,0.946293,-3.18506,4.14796
67,1.39294,-3.62555,4.00448
67,0.774321,-2.74734,4.36884
67,1.16405,-3.13102,4.2298
67,1.10272,-3.18156,4.19542
67,1.50527,-3.64045,4.02423
67,1.03533,-3.3114,4.12492
67,1.26012,-3.34157,4.16686
67,0.931776,-3.21916,4.18196
67,1.37375,-3.18802,4.26824
67,1.15218,-3.40737,4.13017
67,1.11978,-3.21063,4.23384
67,0.992813,-3.09171,4.27743
67,0.864003,-3.09383,4.25819
67,1.05321,-3.15562,4.28224
67,0.711505,-2.8113,4.42318
67,1.02922,-3.21942,4.3298
67,1.00805,-3.15832,4.37871
67,1.00249,-3.18246,4.3816
67,0.89759,-3.17,4.38488
67,0.986387,-3.29281,4.33973
67,0.967034,-3.26283,4.38725
67,0.915415,-3.21364,4.4092
67,0.8103,-3.13441,4.43448
67,0.8136,-3.14081,4.45283
67,-0.532843,-0.687315,2.42642
66,-0.532843,-0.687315,2.42642
68,-0.607296,-1.23521,2.81787
68,-0.576569,-1.25175,2.88827
68,-1.19942,-1.65847,2.43055
68,-1.32382,-1.59695,2.55168
68,-0.132555,-1.49752,3.24171
68,-1.73347,-1.67319,2.86559
68,0.175549,-1.89627,3.71327
68,-1.53472,-1.95705,2.90139
68,0.106391,-2.04884,3.71967
68,0.159428,-2.06064,3.74331
68,-1.4811,-1.94212,3.0825
68,-1.40106,-2.83467,2.63618
68,-1.49171,-2.09761,3.01465
68,0.145794,-2.10382,3.81615
68,0.160848,-2.23835,3.77611
68,0.0632189,-2.17648,3.80206
68,-0.0196763,-1.56379,4.12442
68,0.46686,-2.1883,4.06247
68,0.118504,-2.18696,3.89668
68,0.405306,-1.6216,4.35218
68,-1.48892,-2.91164,2.71325
68,0.124257,-2.26583,3.88479
68,-1.56981,-2.15493,3.13214
68,0.445182,-2.21473,4.0832
68,0.0831016,-2.21654,3.91193
68,0.0961451,-2.20538,3.93944
68,0.361892,-1.73494,4.34856
68,0.115096,-2.27381,3.94414
68,0.456356,-2.31126,4.17261
68,-0.18964,-1.65608,4.2981
68,-0.206399,-2.31267,3.94856
68,-0.284683,-2.25243,4.01855
68,-0.350407,-2.32429,3.9716
68,-0.290074,-2.29842,4.01812
68,-0.230732,-2.35266,4.02835
68,0.642713,-3.28697,4.12089
68,0.690852,-3.30961,4.32929
68,1.16376,-5.13398,3.67926
68,1.13559,-4.88223,3.82184
68,1.11114,-4.97693,3.78894
68,0.881351,-3.48042,4.56108
68,0.715748,-3.4223,4.52741
68,1.14454,-5.11777,3.80582
68,1.13851,-4.28483,4.28397
68,1.11175,-4.09232,4.42311
68,1.02103,-5.37928,3.92331
68,-0.0409833,-1.43472,3.01504
67,-0.0409833,-1.43472,3.01504
68,-0.0384857,-1.43726,2.9988
67,-0.0384857,-1.43726,2.9988
69,-0.35234,-1.7235,2.01306
69,0.231079,-2.02522,2.6679
69,0.380015,-2.05908,3.48631
69,0.227373,-1.9255,3.45298
69,0.367555,-1.98216,3.64202
69,0.153843,-1.93034,3.53009
69,0.332357,-1.9897,3.85123
69,-0.970032,-2.88445,2.1667
69,-0.983546,-2.89953,2.1811
69,-1.04878,-2.91971,2.1907
69,0.407322,-2.39456,4.29392
69,-0.865012,-4.58233,1.97703
69,-0.825285,-4.62696,2.08158
69,0.387607,-5.02688,3.05191
69,0.317921,-5.02127,3.01213
69,-0.281654,-4.80023,2.56675
69,-0.766713,-4.68335,2.20886
69,0.402147,-4.98241,3.16918
69,0.249826,-5.0504,3.08904
69,0.257171,-4.96706,3.16558
69,-0.750022,-4.76088,2.34013
69,0.355179,-4.99208,3.28095
69,0.28597,-4.97959,3.23476
69,-0.605641,-4.87393,2.44865
69,0.380738,-5.01361,3.35932
69,0.308592,-5.14393,3.29174
69,0.217296,-5.06846,3.26766
69,-0.717537,-4.89217,2.53928
69,0.331654,-5.11419,3.42381
69,0.156039,-5.02041,3.3068
69,-0.624394,-4.97472,2.58786
69,0.0689818,-5.10893,3.19106
69,-0.72914,-4.90534,2.53952
69,0.0328252,-5.06507,3.21235
69,-0.685237,-4.94183,2.65187
69,-0.243684,-5.11029,2.99259
69,-0.713707,-4.96319,2.66185
69,0.0167835,-5.18455,3.24932
69,0.108102,-5.10474,3.41711
69,-0.59631,-5.01202,2.82407
69,-0.519857,-5.10696,3.02016
69,-0.406938,-5.21099,3.24609
69,-0.33308,-5.22122,3.34926
69,0.666544,-5.52787,4.46042
69,0.935228,-2.32807,2.91416
68,0.935228,-2.32807,2.91416
69,-1.10592,-2.07631,2.39026
68,-1.10592,-2.07631,2.39026
69,-1.41152,-2.23635,2.08989
68,-1.41152,-2.23635,2.08989
69,-1.51216,-2.33976,2.11097
68,-1.51216,-2.33976,2.11097
69,-0.116461,-1.72262,3.72933
67,-0.116461,-1.72262,3.72933
70,-0.32157,-1.30787,1.65554
70,-0.2958,-1.39131,1.68696
70,-0.296385,-1.40011,1.69182
70,-0.274108,-1.41953,1.69895
70,-0.266518,-1.43257,1.7329
70,-0.161971,-1.47187,1.79972
70,-0.164918,-1.4716,1.80719
70,-0.180951,-1.46966,1.81069
70,-0.53883,-1.31173,1.76708
70,-0.568985,-1.3035,1.78432
70,-0.575792,-1.31612,1.79367
70,-0.138203,-1.45288,1.95711
70,-0.134216,-1.4397,1.98284
70,-0.0256681,-1.54613,2.02952
70,-0.629286,-1.30539,1.87459
70,-0.135649,-1.50581,2.01701
70,-0.816868,-1.39286,1.96378
70,0.0365842,-1.59897,2.54311
70,0.0279651,-1.6108,2.53979
70,0.04963,-1.59901,2.5747
70,0.0414229,-1.59867,2.58054
70,0.031794,-1.59802,2.5784
70,0.0812078,-1.58262,2.63503
70,0.0128318,-1.59328,2.62475
70,0.0781527,-1.58832,2.64794
70,0.0184013,-1.60226,2.63545
70,0.0745555,-1.57886,2.66725
70,0.0851826,-1.56764,2.67847
70,0.0350285,-1.58303,2.6615
70,0.0732169,-1.67136,2.83389
70,0.050985,-1.18401,2.90772
70,-0.568821,-1.52352,2.70003
70,0.0368143,-1.17011,2.98211
70,-0.00856286,-1.69292,2.92348
70,-0.0188472,-1.69809,2.94842
70,-0.621134,-1.53165,2.85037
70,-0.639056,-1.55338,2.85971
70,-0.670797,-1.55041,2.91294
70,0.292728,-2.15858,3.36467
70,0.317388,-2.42726,3.35063
70,0.259301,-2.03676,3.38295
70,0.318456,-1.9924,3.40972
70,0.318715,-1.96844,3.41609
70,0.316848,-2.0296,3.41116
70,0.247912,-1.96438,3.40122
70,0.315216,-2.0551,3.41712
70,0.30973,-2.03667,3.4298
70,0.325164,-2.02528,3.46505
70,0.233471,-1.97914,3.47231
70,0.17457,-2.02883,3.47189
70,0.380716,-2.03664,3.54511
70,-0.699058,-1.5419,3.26022
70,-0.69538,-1.54724,3.26371
70,0.243437,-1.89513,3.54069
70,0.279159,-2.17071,3.5254
70,0.580128,-2.28151,3.62391
70,0.320134,-2.16494,3.56681
70,0.170234,-1.72411,3.59452
70,0.317564,-2.16608,3.59195
70,0.15364,-1.63406,3.61306
70,0.186771,-1.46766,3.64815
70,0.141615,-1.47978,3.63694
70,0.168748,-1.67376,3.62086
70,0.371675,-2.0554,3.64056
70,0.136153,-1.52558,3.65993
70,0.161573,-1.66683,3.65576
70,0.234528,-1.68768,3.6836
70,0.661147,-2.2829,3.80194
70,0.379459,-2.28641,3.71016
70,0.594486,-2.3071,3.81313
70,0.105241,-2.07176,3.68148
70,0.309261,-2.35448,3.76048
70,-0.0764731,-2.35936,3.75179
70,0.29322,-2.40717,3.87751
70,-0.081089,-2.35084,3.75893
70,-0.0734987,-2.35433,3.76223
70,0.288097,-1.90271,3.98544
70,-0.138241,-1.75659,3.86292
70,0.110329,-1.62779,3.93557
67,0.110329,-1.62779,3.93557
70,-0.116825,-1.80301,3.87443
67,-0.116825,-1.80301,3.87443
70,-0.163156,-1.67033,3.84889
67,-0.163156,-1.67033,3.84889
70,-0.210657,-1.73165,3.84946
67,-0.210657,-1.73165,3.84946
70,-0.205701,-1.7355,3.86571
67,-0.205701,-1.7355,3.86571
70,-0.275929,-1.74693,4.16266
68,-0.275929,-1.74693,4.16266
70,1.38085,-3.61431,3.68519
68,1.38085,-3.61431,3.68519
71,0.991749,-1.15098,0.222676
71,0.994699,-1.15655,0.274453
71,0.995889,-1.14674,0.286091
71,0.992762,-1.14534,0.289045
71,1.28329,-1.35198,1.13622
71,1.28882,-1.34797,1.16633
71,0.18227,-0.541633,0.955613
71,0.161348,-0.528646,0.976423
71,0.15794,-0.520251,0.979718
71,0.189788,-0.603691,1.17523
71,0.183262,-0.581665,1.16769
71,0.183004,-0.589012,1.17063
71,0.180474,-0.590032,1.18115
71,0.156804,-0.657448,1.32643
71,0.143727,-0.661678,1.34221
71,0.157002,-0.639582,1.34401
71,0.141242,-0.646248,1.34299
71,0.13993,-0.653141,1.35027
71,0.133974,-0.648358,1.36186
71,-0.290148,-1.41423,1.68857
71,-0.30073,-1.42161,1.71709
71,-0.207519,-1.19448,1.7145
71,-0.358173,-1.39716,1.74964
71,-0.358532,-1.40053,1.75186
71,-0.365232,-1.41396,1.75962
71,-0.77661,-2.0755,1.88208
71,-0.114025,-1.0294,1.82958
71,0.130169,-1.56824,2.12693
71,-0.639377,-1.48669,1.92468
71,-1.01726,-2.05292,2.12128
71,0.0270525,-1.34054,2.30191
71,-0.0846279,-1.20862,2.31616
71,-0.156807,-1.23469,2.29785
71,-0.952954,-2.10096,2.28169
71,-0.0183411,-1.74853,2.55244
71,-0.28543,-1.16516,2.33213
71,0.0832056,-1.7627,2.95586
71,0.197047,-1.21954,2.85419
71,0.184605,-1.18227,2.90697
71,-1.5205,-2.06772,2.62859
71,0.226108,-2.30062,3.56375
71,-1.85394,-2.09016,2.94022
71,-0.0365387,-1.85095,3.63414
71,-2.04759,-2.15487,3.02177
71,-1.46201,-2.24643,3.27776
71,0.10862,-2.06761,3.8218
71,0.58755,-1.69178,3.92756
71,-0.0846895,-2.32447,3.89445
71,0.64381,-2.06642,4.1386
71,-0.0290966,-2.41464,4.05822
71,0.625283,-2.10195,4.26493
71,0.210656,-1.39417,3.94481
71,-0.190449,-1.84099,3.9876
71,-0.120268,-1.09345,3.85618
67,-0.120268,-1.09345,3.85618
72,1.23721,-0.0695355,0.743665
72,1.14161,-0.105425,0.752207
72,1.26795,0.145495,0.782799
72,1.22322,0.0990834,0.779229
72,1.22661,0.102602,0.781936
72,1.2459,0.132512,0.786222
72,1.2143,0.123947,0.784503
72,1.02086,-0.114227,0.761425
72,1.0096,-0.118364,0.758522
72,1.01626,-0.114418,0.760761
72,1.20682,0.121752,0.79843
72,1.01379,-0.118354,0.762624
72,1.16853,0.0804286,0.792716
72,1.01652,-0.134843,0.769468
72,1.01594,-0.118531,0.770703
72,1.21027,0.152695,0.808677
72,1.00868,-0.134668,0.777042
72,1.01735,-0.109208,0.776713
72,1.01005,-0.133811,0.778692
72,1.16437,0.0964857,0.809346
72,1.00577,-0.133591,0.783857
72,1.19648,0.153083,0.817055
72,1.01351,-0.101473,0.785836
72,1.03343,-0.152988,0.801558
72,1.02295,-0.148101,0.799134
72,1.13546,0.0929853,0.806568
72,1.13682,0.0948516,0.808615
72,1.1111,0.0624606,0.804818
72,1.20246,0.196767,0.820433
72,1.19476,0.17157,0.821389
72,1.15398,0.134217,0.813119
72,1.15794,0.135737,0.815919
72,1.11621,0.0662818,0.811133
72,1.11185,0.0684818,0.809289
72,1.00174,-0.071158,0.788913
72,0.998659,-0.0745965,0.788449
72,1.00288,-0.0750318,0.790339
72,1.13456,0.0962153,0.815245
72,1.01753,-0.144832,0.80644
72,1.16324,0.155533,0.81771
72,1.15083,0.146484,0.820041
72,1.00213,-0.0639211,0.795364
72,1.1689,0.163305,0.825792
72,1.18678,0.178048,0.830665
72,1.13036,0.141828,0.820708
72,0.997947,-0.0434173,0.800207
72,1.12902,0.159921,0.822628
72,1.13237,0.138571,0.827157
72,1.00486,-0.0496542,0.807932
72,1.00796,-0.0492196,0.809364
72,1.0055,-0.0470141,0.809362
72,1.00054,-0.0467911,0.809918
72,1.00198,-0.045369,0.812979
72,1.00441,-0.0472274,0.814401
72,1.1446,0.182803,0.833977
72,1.10711,-0.185864,0.879743
72,1.11324,0.193834,0.838469
72,1.03049,-0.158134,0.860233
72,1.13859,0.209012,0.854786
72,1.10861,0.191986,0.84863
72,0.975595,-0.0158108,0.829289
72,1.06423,-0.193912,0.900047
72,1.04616,-0.185395,0.894662
72,0.97559,-0.00662476,0.845095
72,1.06257,-0.186812,0.904596
72,1.10439,0.230943,0.863872
72,1.0652,-0.207538,0.915665
72,0.971554,0.0213525,0.851261
72,0.975952,0.028338,0.852415
72,0.996813,0.0369988,0.859152
72,1.06329,-0.209803,0.919998
72,0.992131,0.0410297,0.861279
72,0.971012,0.00205821,0.859967
72,0.974476,0.0278409,0.859514
72,0.990038,0.0444663,0.865968
72,0.972681,0.0499915,0.862258
72,0.969902,0.055406,0.860911
72,1.0656,-0.214732,0.943164
72,0.965824,0.0581233,0.866653
72,0.961852,0.0760852,0.885042
72,0.956543,0.0912355,0.897943
72,1.1011,-0.264237,1.00455
72,0.936787,0.157598,0.935179
72,1.17669,-0.303361,1.10912
72,0.929322,0.175526,0.957421
72,0.927676,0.182935,0.96733
72,0.909239,0.219084,0.977299
72,0.909751,0.221693,0.989156
72,0.907412,0.235505,0.991471
72,1.15276,-0.338173,1.18023
72,0.932366,0.274381,1.00999
72,1.39884,-0.513415,1.30098
72,0.892657,0.307821,1.00169
72,1.37138,-0.521744,1.31538
72,0.895937,0.329402,1.02446
72,1.38031,-0.533738,1.33094
72,0.88181,0.361233,1.02491
72,1.18234,-0.391799,1.27755
72,0.155258,0.540191,1.1334
72,0.155568,0.427194,1.28096
72,0.171222,0.427548,1.29319
72,0.164526,0.438862,1.29826
72,0.138757,0.432311,1.29566
72,0.703435,0.169282,1.54577
72,0.572053,0.0124198,1.52525
72,0.67162,0.184162,1.61237
72,0.677552,0.200614,1.64623
72,0.664046,0.199516,1.65334
72,0.15279,0.323443,1.45721
72,0.158558,0.315612,1.46114
72,0.143787,0.333606,1.46917
72,0.117849,0.325114,1.46383
72,0.140396,0.328658,1.47873
72,0.129446,0.201262,1.62063
72,0.157642,0.217555,1.64243
72,0.149896,0.206908,1.64713
72,0.113315,0.208135,1.64629
72,0.981764,-0.405211,2.11587
72,0.167913,0.0652989,1.77591
72,0.150934,-0.0132887,1.93996
72,0.695709,-0.461197,2.22509
72,0.132585,-0.015612,1.96079
72,0.13362,-0.0152346,1.9666
72,0.107617,-0.02904,1.95923
72,-0.165132,-0.765155,1.9709
72,-0.164018,-0.766088,1.97587
72,-0.229941,-0.827495,1.98899
72,0.508802,-0.440408,2.21975
72,-0.124848,-0.885386,2.05086
72,-0.134519,-0.671026,2.02028
72,-0.143113,-0.887211,2.0624
72,-0.186763,-0.768366,2.03047
72,-0.166334,-0.676251,2.07065
72,-0.0990887,-0.925282,2.13507
72,0.493336,-0.436343,2.28669
72,-0.740162,-0.612079,1.86491
72,-0.218868,-0.720118,2.12374
72,-0.0855279,-0.950495,2.26544
72,0.146244,-1.13171,2.42954
72,-0.153785,-0.600724,2.24335
72,0.0985765,-1.02368,2.40323
72,-0.68992,-0.410549,2.02829
72,-0.394572,-0.770624,2.1911
72,-0.0812683,-0.951963,2.3587
72,-0.180225,-0.602545,2.30149
72,0.113524,-1.14109,2.49702
72,-0.194123,-0.595182,2.30526
72,-0.687374,-0.987509,2.18714
72,-0.70829,-0.462953,2.12148
72,-0.192471,-0.618907,2.33837
72,-0.311414,-0.411779,2.26887
72,-0.629273,-1.03006,2.26205
72,0.140993,-1.18451,2.58852
72,-0.401239,-0.573291,2.30906
72,-0.220665,-0.619296,2.39466
72,-0.336822,-0.413256,2.33745
72,-0.177259,-0.647622,2.43909
72,-0.742679,-0.295042,2.18626
72,-0.324461,-0.442477,2.36459
72,0.778309,-0.486672,2.83667
72,-0.428117,-0.435752,2.37856
72,-0.369152,-0.42447,2.40613
72,-0.19653,-0.661433,2.50891
72,-0.143092,-0.996744,2.58031
72,-0.7804,-0.746454,2.30677
72,-0.600025,-0.504797,2.34617
72,-0.639969,-0.471937,2.33859
72,-0.709098,-0.327802,2.3007
72,0.480975,-0.309276,2.74761
72,-0.736569,-0.807903,2.36494
72,0.905698,-0.403272,2.96079
72,-0.228096,-0.673697,2.5801
72,-0.186154,-0.85757,2.62332
72,-0.482157,-0.441536,2.45264
72,-0.647325,-0.512305,2.40716
72,-0.232058,-0.833498,2.61179
72,-0.233172,-0.57277,2.57921
72,-0.615668,-0.481228,2.42755
72,-0.70761,-0.487717,2.40985
72,-0.672507,-0.493932,2.44841
72,-0.524077,-0.458897,2.49981
72,0.0595443,-0.866845,2.77939
72,-0.715983,-0.385246,2.43621
72,-0.0219707,-0.996559,2.80278
72,-0.128199,-0.841028,2.7555
72,-0.0514674,-0.739612,2.7726
72,0.0490041,-0.885752,2.83969
72,-0.148534,-0.668257,2.73915
72,-0.560994,-0.460686,2.57062
72,-1.05704,-0.699491,2.43013
72,-0.119109,-0.675966,2.78817
72,-0.0628103,-0.764376,2.8325
72,0.0727072,-0.928791,2.96487
72,0.736841,-0.501672,3.25798
72,0.154221,-1.03544,3.25171
72,0.0680606,-0.948415,3.2709
72,0.10333,-0.972219,3.30865
72,0.0551029,-1.53533,3.46332
72,0.113134,-1.5628,3.64423
72,-0.00310111,-1.65835,3.62571
72,0.116185,-1.55292,3.93116
72,0.13234,-1.54017,3.94357
72,0.458224,-1.81345,4.1359
72,0.350676,-1.80567,4.1093
72,0.113957,-1.77835,4.01758
72,1.0703,-1.76441,4.5533
72,0.163602,-1.49963,4.24915
72,-0.282377,-0.324469,1.60425
71,-0.282377,-0.324469,1.60425
73,-0.520017,-0.777402,1.63265
73,-0.570023,-0.903426,1.61196
73,-0.558172,-0.494407,1.6396
73,-0.0678523,-0.898906,1.93598
73,-0.08682,-0.895584,1.95305
73,-0.0864754,-0.926955,1.95679
73,-0.0905436,-0.891878,1.96414
73,-0.104806,-0.925863,1.96624
73,-0.0978525,-0.924357,1.97142
73,-0.510977,-0.361305,1.7569
73,0.00137925,-0.951677,2.05105
73,0.00560951,-0.95995,2.0647
73,-0.00231361,-0.958156,2.0798
73,0.0565609,-0.992795,2.13924
73,0.00349844,-0.988928,2.1132
73,-0.0148162,-0.961965,2.10471
73,-0.129675,-0.486611,2.20129
73,-0.454969,-1.04729,2.03133
73,0.151847,-1.09358,2.3736
73,-0.507759,-0.362549,2.01812
73,-0.557209,-0.469466,2.00183
73,-0.415609,-1.04128,2.09478
73,-0.400299,-0.423864,2.12091
73,-0.433551,-1.09688,2.08921
73,-0.382171,-0.467095,2.13854
73,-0.595813,-0.535508,2.01899
73,0.243309,-1.19309,2.48584
73,-0.502751,-1.07919,2.08494
73,-0.422278,-0.408381,2.14427
73,-0.451677,-1.03587,2.13229
73,-0.519222,-1.05399,2.10342
73,-0.471811,-1.09556,2.13273
73,-0.477093,-1.10273,2.13265
73,-0.53291,-1.09704,2.11627
73,-0.424899,-0.452784,2.20261
73,-0.488273,-1.1028,2.15903
73,-0.0861474,-0.804173,2.39738
73,-0.0680583,-0.654542,2.42703
73,0.206157,-1.22419,2.57646
73,-0.0748667,-0.806603,2.43998
73,0.172098,-1.03768,2.58791
73,0.268683,-1.25313,2.64701
73,0.2538,-1.25292,2.65769
73,-0.512474,-0.557674,2.2532
73,-0.685434,-1.68134,2.14408
73,-0.744922,-1.70545,2.13873
73,-0.523012,-1.72811,2.27874
73,0.0837336,-0.819846,2.65471
73,0.0348003,-0.908783,2.62662
73,-0.724656,-1.71527,2.18893
73,-0.54973,-1.72044,2.30063
73,-0.634232,-1.73162,2.26103
73,0.0265007,-0.926944,2.64924
73,0.0218527,-0.932579,2.64792
73,0.0603957,-0.809455,2.69965
73,0.009835,-0.917399,2.674
73,-0.689145,-1.76549,2.27921
73,0.154377,-0.865358,2.77813
73,-0.866157,-0.666008,2.20932
73,0.161052,-0.900019,2.81307
73,-0.860615,-0.611011,2.26401
73,-0.000761509,-0.714816,2.75367
73,-0.852814,-0.727973,2.27573
73,0.023442,-0.793091,2.76713
73,-0.876629,-0.723311,2.27071
73,0.163116,-0.837852,2.87754
73,-0.884109,-1.92119,2.27774
73,-0.943985,-1.99433,2.47567
73,0.217796,-1.00819,3.15499
73,-0.00219262,-2.10897,3.13207
73,0.216344,-1.07989,3.29803
73,0.175709,-1.00176,3.27924
73,0.202978,-1.50114,3.28713
73,0.225313,-1.02967,3.31163
73,0.000307679,-2.12871,3.19175
73,-1.16987,-2.30227,2.75966
73,-1.17066,-2.31406,2.77643
73,-1.58371,-1.96783,2.56856
73,-0.0486462,-2.29947,3.52029
73,0.409599,-2.04405,3.81991
73,0.336323,-2.0143,3.79145
73,0.235346,-2.3556,3.77905
73,-0.112021,-2.36438,3.6528
73,0.227999,-1.7759,3.92315
73,0.232768,-1.80489,3.92851
73,0.188792,-1.66658,3.91279
73,0.1391,-2.24126,3.88459
73,0.626705,-2.32618,4.16259
73,-0.0525275,-2.40286,3.78335
73,0.22257,-1.53164,3.97354
73,0.0843133,-2.41358,3.89446
73,0.16125,-1.56115,3.974
73,0.620805,-2.57524,4.28607
73,0.030295,-2.45691,3.96644
73,0.0702716,-2.18082,4.01297
73,-0.0835218,-1.92837,3.96884
73,0.055881,-1.77882,4.05013
73,0.016506,-1.79837,4.0356
73,0.359916,-1.78529,4.23537
73,-0.0964178,-1.92225,3.98997
73,0.229862,-1.64056,4.2164
73,1.01568,-1.8097,4.65613
73,0.154687,-1.85435,4.17464
73,0.0342427,-1.78446,4.12135
73,0.58311,-2.05208,4.44038
73,-0.0604813,-2.1402,4.08638
73,-0.246173,-1.99497,3.99844
73,0.614377,-2.125,4.49229
73,-0.216579,-1.95639,4.11126
73,-0.230721,-1.95151,4.16319
73,0.540408,-2.34522,4.69233
73,-0.50751,-0.654363,1.86657
72,-0.50751,-0.654363,1.86657
73,0.350543,-0.0134086,1.73888
72,0.350543,-0.0134086,1.73888
73,0.247979,-1.1289,2.17287
71,0.247979,-1.1289,2.17287
73,0.222725,-0.984564,2.45273
71,0.222725,-0.984564,2.45273
73,0.554778,-1.75218,4.12723
71,0.554778,-1.75218,4.12723
73,0.494058,-1.82423,4.3943
71,0.494058,-1.82423,4.3943
73,0.258144,-1.41867,3.20313
70,0.258144,-1.41867,3.20313
73,0.0865571,-1.58418,3.48234
70,0.0865571,-1.58418,3.48234
73,-0.879357,-1.62905,1.95251
70,-0.879357,-1.62905,1.95251
74,-0.211385,-0.750889,1.24929
74,-0.243411,-0.877515,1.21976
74,-0.272175,-0.87047,1.20431
74,0.128099,-0.930581,1.67118
74,0.0705757,-0.91906,1.72847
74,0.0419983,-0.920003,1.75075
74,-0.0976934,-1.6406,1.80452
74,-1.07036,-2.0838,0.997822
74,-0.427389,-1.5648,1.71095
74,-0.441031,-1.55905,1.71577
74,0.465016,-1.3892,2.56118
74,-0.503712,-1.57486,1.7307
74,0.453202,-1.40759,2.58756
74,-0.53354,-1.50936,1.76451
74,-0.238369,-1.73851,2.00856
74,-0.355687,-1.64955,1.93946
74,0.241774,-1.46866,2.50166
74,-0.42252,-1.649,1.91129
74,-0.41828,-1.65188,1.92199
74,-0.262956,-1.75949,2.04075
74,-0.378253,-1.65973,1.97433
74,0.229943,-1.46205,2.54084
74,-0.471085,-1.66158,1.91563
74,-0.389602,-1.66946,1.98663
74,-0.424675,-1.63929,1.96756
74,-0.444524,-1.66658,1.9594
74,-0.386174,-1.68151,2.00377
74,-0.334406,-1.69954,2.05021
74,-1.07854,-1.37983,1.6055
74,-1.1091,-1.56468,1.64309
74,-1.09688,-1.60468,1.64472
74,-1.09651,-1.60941,1.65399
74,-1.11866,-1.55227,1.65536
74,-1.09613,-1.4536,1.70372
74,-1.12497,-1.60791,1.6514
74,-1.13674,-1.57941,1.67078
74,-0.433368,-1.71246,2.23065
74,-1.54469,-2.17678,1.20083
74,-1.38051,-1.35095,1.61256
74,-1.52184,-1.36499,1.60815
74,-0.92358,-1.51924,2.06898
74,-0.903434,-1.52523,2.08827
74,-1.45328,-2.26143,1.48687
74,-1.35564,-2.33455,1.55628
74,-0.322459,-1.29293,2.7073
74,-0.295554,-1.30278,2.75202
74,-1.42411,-2.33477,1.59057
74,-0.904145,-1.95606,2.12747
74,-1.12943,-2.27351,1.86724
74,-0.865677,-1.95785,2.17197
74,-0.88048,-1.98968,2.17945
74,-0.875049,-2.0763,2.16713
74,-1.05249,-1.52335,2.17114
74,-0.875886,-2.05606,2.19835
74,-0.910313,-2.00728,2.20614
74,-0.924576,-2.02481,2.19817
74,-1.17675,-2.31351,1.91709
74,-0.94327,-2.00978,2.20395
74,-0.906868,-2.09795,2.21093
74,-0.896049,-2.08165,2.22606
74,-0.891152,-2.05433,2.24168
74,-0.936722,-2.0334,2.21004
74,-0.934588,-2.01657,2.21849
74,-0.922449,-2.12068,2.20994
74,-1.53752,-2.2631,1.67779
74,-0.9332,-2.09073,2.22442
74,-1.20186,-2.20534,2.00002
74,-0.604408,-1.87763,2.58021
74,-1.01659,-2.01405,2.20887
74,-1.20583,-2.19275,2.00828
74,-1.03519,-2.01535,2.20228
74,-1.21615,-2.32848,1.97463
74,-1.2157,-2.31147,1.97973
74,-1.23834,-2.33991,1.96257
74,-1.21985,-2.2287,2.01112
74,-1.03089,-2.01831,2.23361
74,-0.898906,-2.92108,2.10775
74,-1.22934,-2.22538,2.02209
74,-1.60169,-2.21376,1.71886
74,-0.985901,-2.03799,2.272
74,-0.997272,-2.0318,2.26486
74,-1.23551,-2.23776,2.01815
74,-1.24425,-2.33889,1.99416
74,-1.00502,-2.00309,2.30684
74,-0.995954,-2.1169,2.30683
74,-0.97858,-2.22108,2.34315
74,-0.980601,-2.13927,2.40967
74,-1.71412,-2.26115,1.77431
74,-0.636629,-1.84981,2.7775
74,-1.29194,-1.57891,2.32595
74,-0.716251,-1.90337,2.73242
74,-1.30318,-1.55871,2.33979
74,-1.00343,-2.13656,2.43989
74,-1.32776,-1.58153,2.33514
74,-1.03194,-2.13791,2.48233
74,-0.725073,-1.85514,2.82301
74,-1.95723,-2.40594,1.67288
74,-1.46377,-1.78205,2.24424
74,0.260666,-2.2785,3.54647
74,-1.45921,-1.80227,2.26027
74,-1.46811,-1.78889,2.27348
74,-1.06898,-2.15257,2.50921
74,-1.0535,-2.1909,2.52404
74,-1.45138,-1.796,2.30938
74,-1.45632,-1.78256,2.30953
74,-0.786525,-1.92223,2.85062
74,-1.47893,-1.77896,2.32613
74,-1.08069,-2.17214,2.57105
74,-0.804214,-1.93593,2.88163
74,-1.52923,-1.78269,2.38922
74,-1.52966,-1.87386,2.40107
74,0.0504962,-2.39674,3.74589
74,-1.30302,-2.055,2.85202
74,-2.2651,-2.1899,2.2463
74,-0.646046,-1.30062,3.45063
67,-0.646046,-1.30062,3.45063
75,0.20372,-0.0942832,2.35705
75,0.139602,0.25403,1.84946
75,0.197875,-0.0944957,2.33678
75,0.139606,0.195893,1.88228
75,0.322974,0.292183,1.7705
75,0.303654,0.289728,1.75562
75,0.0443803,0.0798765,2.0528
75,0.011901,0.104734,2.03278
75,0.0055442,0.0733822,2.05219
75,-0.117177,0.0732465,2.0484
75,-0.133989,0.279382,1.76019
75,-0.000782324,0.324319,1.7334
75,-0.0117266,0.297338,1.73542
75,-0.0484798,0.186588,1.88822
75,-0.071533,0.202297,1.86835
75,0.15203,-0.0995622,2.31186
75,0.144975,-0.143529,2.31561
75,0.0287402,-0.010947,0.613544
75,0.0740353,-0.0385892,2.16281
75,0.138499,0.251613,1.84126
75,0.134399,0.196047,1.86493
75,0.12138,0.167129,1.93874
75,0.120244,0.244104,1.8285
75,0.114828,0.221718,1.83409
75,0.338635,0.273485,1.79432
75,0.317534,0.325408,1.68252
75,0.10977,-0.00456118,2.19559
75,0.0808212,-0.00449123,2.16192
75,0.431601,-0.411778,2.86036
75,0.217912,-0.247654,2.48104
75,0.295462,-0.351511,2.61344
75,0.193547,-0.139668,2.37408
75,0.274376,-0.209845,2.49655
75,0.22421,-0.207133,2.46428
75,-0.115602,0.254475,1.82021
75,-0.101099,0.208418,1.87042
75,-0.00667469,0.21803,1.85187
75,-0.0430601,0.158789,1.91191
75,0.0267724,0.31608,1.74829
75,-0.154201,0.085209,2.0257
75,-0.167588,-0.00457355,2.20156
75,0.511871,0.0877112,2.08519
75,0.47672,0.0414914,2.07527
75,0.10343,0.124808,1.94604
75,0.18474,0.296512,1.7306
75,0.296903,0.260303,1.78154
75,0.318948,0.241772,1.81103
75,0.32598,0.349612,1.67142
75,0.284255,-0.207013,2.50036
75,0.274397,-0.206713,2.49674
75,0.275545,-0.217064,2.50719
75,-0.108661,0.102159,2.05836
75,-0.11623,0.0786462,2.05448
75,0.0467713,0.101453,2.04415
75,0.0394542,0.0790866,2.06598
75,-0.285533,-0.132991,2.36184
75,-0.301424,-0.132123,2.34642
75,-0.362563,-0.203677,2.46007
75,-0.381555,-0.231829,2.46251
75,-0.290679,-0.104816,2.33145
75,-0.437244,-0.30722,2.6293
75,-0.216311,-0.0240242,2.20292
75,-0.241693,-0.0324097,2.20637
75,-0.231846,0.000975469,2.19219
75,-0.25741,-0.0156544,2.19801
75,-0.177371,-0.00746975,2.23741
75,-0.208431,0.000982382,2.20774
75,0.00806747,0.101038,2.03579
75,0.0464298,0.116068,2.02922
75,0.0080597,0.108636,2.03382
75,-0.108729,0.110015,2.05965
75,-0.145357,0.108275,2.02707
75,-0.140328,0.288777,1.77015
75,-0.141685,0.264521,1.78726
75,-0.257454,0.251636,1.84143
75,-0.258877,0.210994,1.85161
75,-0.00619643,0.319497,1.71922
75,-0.00620043,0.300176,1.72033
75,-0.0956521,0.261315,1.81193
75,-0.116192,0.254401,1.81151
75,-0.0774887,0.19893,1.86992
75,-0.0718835,0.166969,1.90895
75,0.48143,-0.557871,2.95589
75,0.443908,-0.552925,2.92968
75,0.496412,-0.517093,2.97868
75,0.460718,-0.52621,2.96655
75,0.160949,-0.105969,2.35708
75,0.150192,-0.139928,2.32857
75,0.32257,0.296187,1.77442
75,0.341817,0.273998,1.80515
75,0.111028,0.222214,1.82864
75,0.117429,0.169166,1.93407
75,0.13239,0.244086,1.83705
75,0.135182,0.199554,1.87579
75,0.322182,0.131161,2.02518
75,0.308915,0.0857582,2.03876
75,0.108632,0.000979133,2.20057
75,0.0832425,0.000974322,2.18975
75,0.0744136,-0.0319322,2.17386
75,0.504302,0.0875388,2.08109
75,0.480678,0.0481691,2.08108
75,0.418929,-0.417159,2.83564
75,0.382231,-0.412292,2.80255
75,0.26623,-0.24568,2.5088
75,0.212168,-0.238267,2.4331
75,0.200774,-0.0991004,2.40687
75,0.369628,-0.452261,2.78748
75,-0.105308,0.212113,1.86143
75,0.0266921,0.317329,1.74304
75,0.0134336,0.289471,1.73418
75,-0.289205,0.0331224,2.12607
75,-0.185188,-0.0411867,2.2296
75,-0.152766,0.0851214,2.02362
75,-0.338573,-0.215488,2.48899
75,-0.267044,-0.105938,2.3564
75,-0.223137,0.164769,1.96897
75,-0.0066508,0.217253,1.84528
75,0.579174,-0.637456,3.18596
75,0.577092,-0.712883,3.31239
75,0.103566,0.126201,1.9486
75,0.182217,0.293117,1.71711
75,0.296677,0.263473,1.78018
75,0.321085,0.246493,1.80379
75,-0.444248,-0.29467,2.58896
75,-0.447364,-0.308573,2.60711
75,-0.312929,0.13429,1.98091
75,-0.31333,0.125456,1.98344
75,-0.251275,0.134989,1.99123
75,-0.251256,0.125939,1.99107
75,0.108598,0.132844,1.95958
75,0.108845,0.124229,1.96404
75,-0.178771,-0.0207833,2.21283
75,-0.188445,-0.0407962,2.20846
75,0.00162124,0.321871,1.73199
75,0.0173673,0.306472,1.73385
75,0.323061,0.336266,1.68589
75,0.3274,0.325269,1.70853
75,-0.352387,0.126547,2.00068
75,-0.33573,0.108869,2.00972
75,-0.258929,0.243268,1.85198
75,-0.259661,0.210227,1.85722
75,-0.109151,0.0919137,2.03841
75,-0.118034,0.0731733,2.03201
75,-0.0743753,0.193946,1.86282
75,-0.0664157,0.161325,1.87689
75,0.162638,-0.10769,2.35572
75,0.151249,-0.139139,2.34497
75,0.198418,-0.109732,2.40039
75,0.185214,-0.140677,2.37089
75,0.13663,0.243912,1.85688
75,0.13747,0.203,1.86831
75,0.340288,-0.326565,2.65719
75,0.379832,-0.415827,2.7696
75,0.32217,0.136636,2.01552
75,0.322582,0.118485,2.0181
75,0.00948963,0.29056,1.73285
75,-0.287987,-0.140465,2.36732
75,-0.353442,-0.21198,2.44847
75,-0.218709,0.395897,1.61682
75,-0.14469,0.0818217,2.01777
75,-0.13448,0.263704,1.76371
75,-0.110008,0.286559,1.75655
75,-0.104258,0.252062,1.79485
75,-0.00669523,0.210275,1.85764
75,-0.0408686,0.161395,1.87771
75,0.0110639,0.100271,2.02033
75,0.0387025,0.0729793,2.02662
75,0.261448,-0.248633,2.48143
75,0.304894,-0.363711,2.66417
75,0.141592,0.382848,1.62374
75,0.135709,0.357281,1.64176
75,0.500335,0.074584,2.07119
75,0.482255,0.0464429,2.07431
75,-0.26017,0.152985,1.99011
75,-0.107743,0.20996,1.85486
75,-0.135962,0.109654,2.02421
75,0.490826,-0.529631,2.98583
75,0.384834,-0.459523,2.80607
75,0.463287,-0.569776,2.98309
75,0.304664,0.0819445,2.0208
75,0.325657,-0.312041,2.63642
75,0.319959,0.28594,1.75276
75,0.339736,0.265079,1.77291
75,0.315822,0.241109,1.77422
75,-0.383756,0.100373,2.02238
75,-0.415234,0.0735227,2.04171
75,-0.45701,-0.339411,2.66333
75,-0.534466,-0.413005,2.7508
75,-0.291818,0.0287113,2.15727
75,-0.315246,-0.010596,2.18387
75,-0.256334,-0.0205579,2.18883
75,-0.3497,-0.0609938,2.21367
75,-0.207644,-0.000685543,2.1994
75,-0.21687,-0.030536,2.19172
75,-0.0062266,0.297527,1.72762
75,0.275013,-0.216644,2.50235
75,0.224263,-0.211638,2.44453
75,-0.27971,0.0479044,2.13958
75,-0.381913,-0.238102,2.48913
75,-0.224979,0.162709,1.99856
75,-0.386262,-0.000683516,2.193
75,0.591537,-0.663077,3.24048
75,0.599115,-0.719263,3.36571
75,0.0808784,0.389239,1.58963
75,0.0813996,-0.0403583,2.18475
75,0.188971,0.29612,1.71945
75,0.124076,0.156611,1.92367
75,0.5044,0.282275,1.73029
75,-0.38336,0.21337,1.88499
75,-0.561731,-0.449816,2.82511
75,0.0821258,-1.02644,3.47443
75,0.740115,-0.81477,3.38156
75,0.0984467,-0.98458,3.49381
75,0.501094,0.335056,1.71895
75,-0.105695,0.207561,1.84849
75,-0.115512,0.207104,1.84442
75,-0.116024,0.0951799,2.02912
75,-0.126577,0.105815,2.02111
75,-0.102005,0.29751,1.78396
75,-0.11193,0.288318,1.78723
75,-0.103861,0.25344,1.81641
75,-0.11327,0.252354,1.80863
75,0.0780159,-0.0286698,2.20123
75,0.0780739,-0.040693,2.20287
75,-0.416717,0.0734575,2.0399
75,-0.450237,0.0734864,2.0407
75,-0.224499,0.410426,1.61622
75,0.0273617,0.104957,2.0047
75,0.00556312,0.10583,2.02139
75,0.0640358,0.431813,1.56604
75,0.0553956,0.413941,1.56299
75,0.322482,-0.32084,2.63004
75,0.456035,-0.550192,2.93639
75,0.434555,-0.543338,2.89982
75,0.59635,-0.68598,3.36735
75,0.609231,-0.738282,3.44009
75,-0.387188,0.212822,1.89535
75,-0.278803,0.497956,1.48348
75,-0.290106,0.459273,1.54363
75,-0.320922,0.126318,1.99707
75,-0.380576,0.10602,2.025
75,-0.391518,-0.00470545,2.21144
75,-0.357812,-0.0532631,2.22663
75,-0.255522,0.12626,1.99616
75,-0.288194,0.042467,2.15948
75,-0.215437,0.236631,1.83961
75,-0.255631,0.236727,1.84035
75,-0.211228,-0.00471528,2.21605
75,-0.200382,-0.0411889,2.22972
75,-0.141636,0.269786,1.79349
75,0.12677,0.208926,1.86066
75,0.12144,0.154207,1.93735
75,0.180539,0.292576,1.69887
75,0.136126,0.237974,1.85004
75,0.172498,-0.107171,2.34436
75,0.268608,-0.225717,2.52761
75,0.121032,0.543366,1.43273
75,0.129167,0.51345,1.43638
75,0.315583,0.287469,1.78197
75,0.318694,0.251086,1.79954
75,0.325262,0.353701,1.68144
75,0.319479,0.329704,1.69941
75,0.529317,0.42858,1.55432
75,0.482798,0.388024,1.59651
75,-0.257959,-0.0166878,2.2027
75,-0.316846,-0.00467038,2.19496
75,-0.247938,-0.0410174,2.22043
75,-0.256216,0.217169,1.84456
75,-0.222962,0.158935,1.99676
75,-0.266046,0.158677,1.99352
75,-0.126927,0.0729819,2.0267
75,0.00558006,0.0840593,2.02755
75,0.0815206,0.399745,1.57416
75,0.102312,-0.00469804,2.20792
75,0.409567,-0.423249,2.83618
75,0.394008,-0.45403,2.83541
75,-0.633601,-0.551714,2.94452
75,-0.729724,-0.629612,3.01015
75,-0.278429,0.513432,1.48149
75,-0.149011,0.0840237,2.02669
75,0.004724,0.295608,1.71648
75,-0.0150795,0.2079,1.85151
75,-0.352048,0.147444,1.9885
75,0.160639,-0.133475,2.35777
75,0.225854,-0.237969,2.51158
75,0.148039,0.391144,1.64625
75,0.139983,0.375658,1.65707
75,0.274359,0.414601,1.59837
75,0.684312,0.0422183,2.14684
75,0.670072,0.0187539,2.13872
75,0.489491,0.285364,1.71113
75,0.378218,0.281017,1.80286
75,0.102719,0.136266,1.98349
75,0.314381,0.117011,2.02429
75,0.481277,0.0521918,2.07823
75,0.497112,0.330845,1.70529
75,-0.291032,0.435428,1.54855
75,0.00472618,0.314456,1.71727
75,-0.287345,-0.132727,2.34454
75,0.751065,-0.804568,3.40335
75,1.53473,-0.825757,3.3099
75,1.70871,-0.936507,3.39766
75,1.66602,-0.995246,3.44723
75,0.973131,-1.12753,2.86673
75,0.888669,-1.1642,2.95997
75,-0.402913,-1.49671,3.40874
75,-0.275886,-0.124503,2.33406
75,-0.358641,-0.229988,2.48449
75,-0.0660375,-1.41893,3.28042
75,0.024832,0.101363,1.97721
75,0.0976095,-0.0163429,2.15717
75,0.089336,-0.983342,3.48492
75,0.168493,-0.110449,2.35982
75,0.621361,-1.0624,3.17634
75,0.509776,-1.11155,3.25956
75,0.315465,0.255939,1.79233
75,0.321243,0.118732,2.05406
75,0.271483,0.417276,1.60195
75,0.319526,0.340741,1.68986
75,0.400633,-1.33733,3.23863
75,0.490359,0.288506,1.70765
75,0.508431,0.0804382,2.10629
75,1.09289,-0.976099,3.1001
75,0.534961,0.422959,1.54615
75,0.481659,0.386422,1.6043
75,1.34209,-1.17147,2.97844
75,1.08717,-0.935775,2.64278
75,1.67324,-0.652346,3.20225
75,1.57724,-0.655957,3.21998
75,-0.223465,0.401166,1.6215
75,-0.0252764,0.204751,1.85956
75,-0.0496947,0.18081,1.86342
75,0.291961,-1.22377,3.45612
75,0.217374,-1.44958,3.35129
75,0.132972,0.241584,1.86233
75,0.112095,0.148789,1.92191
75,0.459049,-0.540374,2.9352
75,0.58904,-0.681765,3.34666
75,0.469356,0.426729,1.59813
75,0.500308,0.332357,1.70351
75,0.880544,-1.05781,3.29127
75,1.05971,-0.0318085,2.25367
75,0.846531,-0.0310159,2.19751
75,-0.386079,0.104107,2.03074
75,-0.38269,-0.00224389,2.16158
75,-0.148784,0.091873,2.05405
75,-0.199246,-0.016399,2.16458
75,-0.254473,-0.0163105,2.1529
75,0.14995,0.386066,1.64754
75,0.0813349,0.409103,1.57057
75,0.187766,0.297848,1.69727
75,1.10459,-0.850899,2.81956
75,-0.255541,0.240535,1.85424
75,-0.121622,0.215286,1.84565
75,-0.257843,0.218238,1.87095
75,0.705291,0.373397,1.68765
75,0.67609,0.0392656,2.11382
75,0.12941,0.509807,1.42186
75,1.40159,-0.759049,3.30213
75,0.334844,-0.339053,2.70681
75,-0.348796,0.139642,1.97014
75,-0.000883498,0.300039,1.70975
75,-0.441566,-1.11584,3.95448
75,-0.449929,-0.330537,2.63882
75,-0.533494,-0.443225,2.80612
75,-1.05946,-2.37397,5.57263
75,-0.28606,0.509979,1.50465
75,0.757827,-0.807823,3.41712
75,0.456844,-1.32043,3.18762
75,0.480413,0.3917,1.60015
75,0.506427,0.328867,1.73206
75,0.541288,0.430426,1.55855
75,0.465396,0.427102,1.59173
75,0.71456,0.36489,1.70983
75,1.06773,-0.031872,2.25816
75,-0.775223,-0.486549,2.8449
75,-0.830703,-0.457901,2.80612
75,0.144676,0.362106,1.63662
75,0.675244,-0.876516,3.40624
75,0.604104,-1.06542,3.17295
75,0.978339,-1.12603,2.88207
75,0.900789,-1.19577,3.00034
75,-0.323088,0.112218,1.9863
75,-0.423735,0.082441,2.02037
75,-0.387813,0.00342937,2.17446
75,0.774739,-0.844122,3.49338
75,0.882983,-1.07705,3.28433
75,0.7334,-0.980696,3.30697
75,-0.121181,0.280329,1.76877
75,-0.257428,0.235195,1.85038
75,-0.260935,0.143485,1.98768
75,-0.137773,0.097833,2.01094
75,-0.202464,-0.0137877,2.19955
75,-0.271275,-0.0137768,2.1978
75,-0.360156,-0.22685,2.45059
75,0.00364665,0.302686,1.73778
75,0.666816,0.0364479,2.11071
75,0.4965,0.0689123,2.09083
75,-1.10617,-2.26967,5.47916
75,-1.45334,-1.70547,4.5478
75,-0.0204447,-1.02703,3.55733
75,-0.445876,-1.11371,3.85756
75,1.5689,-0.841766,3.37407
75,1.24108,-0.957927,3.14694
75,1.35929,-1.18506,2.97347
75,0.881566,-0.0140123,2.23534
75,0.321749,-0.354024,2.68613
75,0.172627,-0.126646,2.37424
75,0.477056,-0.536644,3.00018
75,-0.627443,-0.515822,2.88377
75,0.308452,0.252123,1.7656
75,0.133496,0.233373,1.83605
75,0.0923015,-0.0315235,2.23349
75,0.0647432,0.420369,1.56664
75,0.266189,0.403036,1.59533
75,-0.352112,0.142518,1.97428
75,-0.446842,0.270379,1.79484
75,-0.591878,0.0515786,2.0538
75,0.090169,-1.01551,3.51742
75,0.274764,-1.19885,3.41093
75,0.0196745,0.0962562,1.97853
75,1.52165,-0.699854,3.32863
76,-0.425242,0.146844,1.9689
76,-0.263604,0.143096,1.9934
76,-0.463998,0.101119,1.98818
76,-0.563812,0.0278974,2.08425
76,-0.579391,0.035287,2.09217
76,-0.337898,-0.0495084,2.189
76,-0.345013,-0.0500474,2.19835
76,-0.787847,-0.00892632,2.18396
76,-0.268181,-0.124843,2.37158
76,0.277329,-0.224777,2.536
76,-0.348258,-0.224249,2.49752
76,-1.04593,-0.861612,2.19237
76,-1.04118,-0.275774,2.42993
76,0.306686,-0.334337,2.63594
76,-0.45858,-0.32003,2.61975
76,-0.442129,-0.324156,2.63279
76,-0.438739,-0.323144,2.64179
76,-0.934086,-0.391412,2.76803
76,-0.941332,-0.42255,2.77228
76,-0.918815,-0.416258,2.80161
76,-0.769367,-0.492114,2.87425
76,-0.862556,-0.517498,2.86026
76,-0.870476,-0.523256,2.89244
76,-0.788185,-0.510528,2.91902
76,-0.628999,-0.537827,2.9624
76,-0.65279,-0.537591,2.96791
76,0.584762,-1.11703,2.96589
76,-0.643319,-0.554886,2.98657
76,-0.705236,-0.604477,2.96162
76,0.805515,-1.11002,3.00823
76,0.602642,-1.1465,3.01942
76,-0.709365,-0.61691,3.01554
76,0.614073,-1.1445,3.02946
76,0.416166,-1.22562,2.99307
76,0.443136,-1.23411,2.99527
76,0.41853,-1.24116,3.01201
76,0.564189,-0.685622,3.23129
76,0.461337,-1.23561,3.02764
76,0.420999,-1.23437,3.02922
76,0.615784,-1.07693,3.12286
76,0.433032,-1.26092,3.04815
76,0.623148,-1.03892,3.16222
76,0.326527,-1.26821,3.04446
76,0.627997,-1.09707,3.1522
76,0.719218,-0.954744,3.2206
76,0.488934,-1.20232,3.11741
76,0.500724,-1.04653,3.18456
76,0.334835,-1.28909,3.11491
76,0.485446,-0.936369,3.26079
76,0.34141,-1.30045,3.12378
76,0.490288,-0.938668,3.27874
76,0.392296,-1.0688,3.22855
76,0.423682,-1.07887,3.23819
76,0.498042,-0.938373,3.30842
76,0.326784,-1.23985,3.19424
76,0.430227,-0.863901,3.34186
76,0.345905,-1.34052,3.17064
76,0.391288,-0.965475,3.30955
76,0.378807,-0.952932,3.31879
76,0.426537,-0.863003,3.36008
76,0.399613,-1.093,3.27691
76,0.402538,-0.856841,3.35937
76,0.2447,-1.26021,3.20363
76,0.409325,-0.956925,3.3335
76,0.372065,-0.964873,3.32572
76,0.304706,-1.44992,3.15295
76,0.296071,-1.4573,3.15599
76,-0.0274854,-1.3646,3.14202
76,0.327597,-1.26457,3.22792
76,0.445665,-0.881198,3.38058
76,0.332632,-1.35225,3.20481
76,0.378192,-0.970138,3.34567
76,-0.0997031,-1.43162,3.1261
76,0.245361,-1.27154,3.24221
76,0.38328,-0.982014,3.36458
76,0.151266,-1.0063,3.33252
76,-0.00288275,-1.54454,3.13135
76,-0.0913359,-1.40939,3.17372
76,-0.0619379,-1.41878,3.17724
76,-0.0945178,-1.45783,3.16324
76,-0.0313546,-1.65586,3.1116
76,0.273846,-1.29562,3.28124
76,0.282556,-1.50484,3.21434
76,0.262511,-1.29971,3.28268
76,0.155342,-0.97107,3.38237
76,-0.094563,-1.45495,3.18292
76,-0.106408,-1.46917,3.17985
76,-0.049539,-1.42043,3.20596
76,0.260239,-1.30455,3.29322
76,0.278236,-1.53482,3.22421
76,-0.0632524,-1.43663,3.21621
76,0.223151,-1.45006,3.25464
76,-0.109581,-1.85563,3.0703
76,0.175882,-0.940949,3.43305
76,0.15577,-1.03574,3.3991
76,0.160025,-1.03948,3.39994
76,0.190556,-1.45172,3.26721
76,0.279176,-1.22854,3.35716
76,-0.0369104,-1.69392,3.15916
76,0.233049,-1.4749,3.28214
76,0.141509,-1.73142,3.18186
76,0.272303,-1.18738,3.38965
76,0.12495,-1.64744,3.21236
76,0.263347,-1.17522,3.39785
76,0.139099,-1.54581,3.25438
76,0.182739,-0.934115,3.47299
76,0.0449271,-1.51669,3.25444
76,0.27669,-1.1877,3.40583
76,0.00342797,-1.47227,3.26845
76,0.105808,-1.60968,3.23575
76,0.212094,-1.47567,3.29906
76,0.100281,-1.58253,3.2477
76,0.143938,-1.4826,3.2917
76,0.158004,-0.997133,3.46189
76,0.112126,-1.04477,3.44264
76,-0.0197939,-1.72194,3.1914
76,-0.0286633,-1.61864,3.22738
76,0.013642,-1.49057,3.27832
76,-0.169942,-1.88689,3.11903
76,0.289575,-1.2553,3.40414
76,0.139076,-0.970692,3.48835
76,0.0887633,-1.0012,3.47158
76,-0.0369175,-1.50646,3.2794
76,-0.0126153,-1.61339,3.24766
76,0.0434868,-1.55552,3.27899
76,0.290481,-1.26074,3.41642
76,-0.0357451,-1.73232,3.20874
76,0.143182,-1.61821,3.27598
76,0.0032173,-1.61136,3.2584
76,0.0384529,-1.54918,3.28705
76,0.149963,-1.51811,3.31833
76,0.146344,-1.58019,3.30272
76,-0.223185,-1.49706,3.28621
76,0.124352,-0.949994,3.52542
76,0.0071906,-1.55525,3.30039
76,-0.0238783,-1.63217,3.27036
76,-0.00653312,-1.52483,3.31077
76,0.0892065,-1.50416,3.33697
76,0.112543,-1.43548,3.36572
76,0.113669,-1.61618,3.3056
76,0.071193,-1.5929,3.32567
76,-0.0496075,-1.21426,3.44877
76,-0.235616,-1.54105,3.31283
76,0.109936,-1.44984,3.39445
76,-0.0307954,-1.54076,3.34756
76,0.0861975,-0.99226,3.56125
76,0.135515,-1.45038,3.42028
76,-0.230967,-1.57064,3.32677
76,0.108662,-1.51871,3.40215
76,0.033251,-1.58618,3.37053
76,0.0844659,-0.995157,3.58382
76,-0.264553,-1.56451,3.33789
76,0.103091,-1.55253,3.41438
76,0.113091,-1.4664,3.44588
76,-0.330422,-1.56777,3.34879
76,-0.338845,-1.92213,3.2279
76,-0.349147,-1.93261,3.22761
76,0.0212988,-1.57628,3.40885
76,-0.227976,-1.66906,3.3449
76,-0.325339,-1.69323,3.32584
76,-0.346803,-1.58637,3.36369
76,-0.352219,-1.58924,3.36925
76,-0.35677,-1.9383,3.25377
76,-0.0511411,-2.00696,3.283
76,-0.265376,-1.60237,3.39507
76,-0.38909,-1.59806,3.39672
76,-0.245669,-1.70499,3.38284
76,-0.32846,-1.68486,3.40764
76,-0.434087,-1.58933,3.44085
76,-0.207938,-1.72426,3.43996
76,-0.428008,-1.61264,3.47142
76,-0.403809,-1.03113,3.69515
76,-0.419677,-1.05639,3.73412
76,-0.476349,-1.37527,3.64493
76,-0.484475,-1.46534,3.63489
76,0.197145,-2.21982,3.49086
76,-0.430658,-1.06977,3.79984
76,-0.490703,-1.4259,3.75797
76,-0.542009,-1.60579,3.88955
76,-1.68219,-1.28081,3.91343
76,1.54314,-3.16693,3.80054
76,-1.81876,-2.53082,3.80705
76,-1.70093,-2.67031,3.81918
76,-1.6762,-2.60044,3.89514
76,-1.81346,-2.78984,3.86171
76,-1.97428,-2.8932,3.82788
76,-1.49044,-1.59153,4.34831
76,-1.42491,-1.60719,4.37561
76,-1.6174,-1.87291,4.3523
76,-1.27274,-1.73119,4.45193
76,-1.52915,-1.59876,4.4692
76,-1.38208,-1.93751,4.37611
76,-1.42577,-1.65248,4.47059
76,-1.41842,-1.88795,4.40115
76,-1.40751,-1.65416,4.49906
76,-1.73313,-2.23454,4.25744
76,-1.44348,-1.87533,4.42361
76,-1.42807,-1.89288,4.41987
76,-1.44228,-1.67659,4.51611
76,-1.39573,-1.96944,4.42309
76,-1.53793,-1.75064,4.48853
76,-1.49695,-1.95843,4.42569
76,-1.33063,-1.69688,4.54086
76,-1.29429,-1.7717,4.54209
76,-1.51937,-1.97853,4.45151
76,-1.31089,-1.75548,4.57884
76,-1.62995,-1.8718,4.49569
76,-1.62904,-1.85135,4.50427
76,-1.47868,-1.93028,4.49891
76,-1.55167,-1.77487,4.55267
76,-1.31679,-1.7638,4.59781
76,-1.3027,-1.81603,4.60268
76,-1.32742,-1.7739,4.65403
76,-1.56764,-2.04288,4.55008
76,-1.32358,-1.85039,4.65196
76,-1.3719,-2.01928,4.66536
76,-1.38145,-2.04147,4.71031
76,-1.33808,-2.93092,4.6872
76,-1.1557,-3.86182,4.51248
76,-0.998573,-2.40135,5.09394
76,-1.00095,-2.42159,5.09382
76,-0.965969,-2.40529,5.11351
76,-1.46993,-2.22364,5.11755
76,-0.953303,-2.1984,5.25153
76,-0.972534,-2.21784,5.24748
76,-0.965392,-2.22176,5.25487
76,-0.975446,-2.22461,5.26183
76,-0.98448,-2.2432,5.30823
76,-1.00109,-2.45772,5.25157
76,-1.52243,-3.1126,4.97061
76,-1.10635,-2.41514,5.28718
76,-1.01144,-2.46904,5.31258
76,-1.02296,-2.29274,5.40818
76,-1.03834,-2.51916,5.33369
76,-1.09959,-2.49847,5.37642
76,-1.11974,-2.34424,5.50044
76,-1.15083,-2.51235,5.44736
76,-1.14172,-2.34049,5.51967
76,-1.15404,-2.51341,5.46585
76,-1.11868,-2.57938,5.45368
76,-1.13811,-2.40684,5.53226
76,-1.14108,-2.52255,5.49794
76,-1.14834,-2.33898,5.56057
76,-1.16239,-2.52815,5.49375
76,-1.1539,-2.39536,5.54093
76,-1.15483,-2.38345,5.5667
76,-1.17081,-2.37169,5.58745
76,-1.18377,-2.55528,5.52952
76,-1.18087,-2.40157,5.62518
76,-1.20081,-2.57926,5.61293
76,-1.74162,-3.57322,5.67072
76,-0.755402,-0.490018,2.86244
75,-0.755402,-0.490018,2.86244
76,-2.91766,-3.36465,8.07225
75,-2.91766,-3.36465,8.07225
76,0.119518,0.151726,1.90627
75,0.119518,0.151726,1.90627
76,-0.443011,-0.319743,2.5868
75,-0.443011,-0.319743,2.5868
77,0.110916,0.178036,0.556528
77,0.0161572,0.30805,1.74027
77,-0.131673,0.272833,1.75661
77,-0.138992,0.300215,1.76533
77,-0.0972186,0.259481,1.7692
77,-0.436738,0.274443,1.76426
77,-0.44539,0.270056,1.78705
77,-0.31692,0.16111,1.81767
77,-0.279935,0.146007,1.82848
77,-0.320834,0.155409,1.83022
77,-0.205295,0.163809,1.8698
77,-0.359012,0.12198,1.89078
77,-0.387257,0.153288,1.90031
77,-0.393731,0.156637,1.90338
77,-0.314327,0.044235,1.88524
77,-0.380624,0.111906,1.89654
77,-0.40677,0.102348,1.91233
77,-0.336147,0.0433646,1.92899
77,-0.437826,0.142572,1.98972
77,-0.294544,0.0210026,2.00243
77,-0.446622,0.142589,2.01473
77,0.411308,-1.00688,1.84322
77,0.223288,-0.130813,2.09137
77,-0.492646,0.101975,2.07843
77,-0.496848,0.0956448,2.10673
77,-0.510995,0.10764,2.11469
77,-0.520232,0.10388,2.1345
77,-0.569715,0.157709,2.16443
77,-0.585335,0.147313,2.21425
77,-0.345156,-0.0128995,2.25472
77,-0.200966,-0.033872,2.30535
77,-0.1961,-0.0361285,2.35955
77,-0.68149,0.0361013,2.30385
77,-0.228584,-0.038549,2.39665
77,-0.352808,0.00552157,2.39256
77,-0.353208,-0.0369723,2.37905
77,-0.708104,0.0322542,2.33783
77,0.29205,-0.284357,2.45519
77,-0.328384,-0.00450733,2.42553
77,-0.288692,-0.0448377,2.43119
77,-0.716998,0.0316904,2.37419
77,-0.343318,-0.0140314,2.52411
77,-0.320002,-0.145403,2.51832
77,-0.330044,-0.15234,2.55832
77,-1.0785,-0.329433,2.46688
77,-0.430459,-0.275197,2.77521
77,-1.14745,-0.314552,2.7213
77,-0.467243,-0.327318,2.97833
77,-1.27882,-0.533735,2.79797
77,-1.47701,-1.56938,2.55015
77,-0.612625,-0.51684,3.11222
77,-0.587765,-0.448212,3.15964
77,-0.283142,-1.42443,3.12788
77,0.104433,-1.87984,3.09494
77,0.311216,-0.479302,3.62597
77,-0.758484,-0.671693,3.42871
77,0.107362,-1.49755,3.3784
77,-1.25842,-0.628734,3.47744
77,0.133405,-1.63848,3.5439
77,-0.916934,-0.823516,3.94778
77,-1.109,-1.49032,4.05353
77,-1.70743,-1.93848,4.65408
77,-2.2022,-1.54951,4.7746
77,-2.18893,-1.8098,5.07237
77,-2.0637,-2.67758,4.99456
77,-0.490703,-1.4259,3.75797
76,-0.490703,-1.4259,3.75797
77,0.158444,-1.13308,3.67339
76,0.158444,-1.13308,3.67339
77,0.110644,-1.65917,3.38626
76,0.110644,-1.65917,3.38626
77,-1.73886,-2.00717,5.30915
76,-1.73886,-2.00717,5.30915
77,0.10987,-0.012431,2.15102
76,0.10987,-0.012431,2.15102
77,0.241868,-1.53361,3.39221
76,0.241868,-1.53361,3.39221
77,-0.17863,-0.0205949,2.20655
75,-0.17863,-0.0205949,2.20655
77,-0.00448677,0.313672,1.82533
75,-0.00448677,0.313672,1.82533
77,-0.0212272,0.209713,1.91805
75,-0.0212272,0.209713,1.91805
77,0.320392,0.24967,1.79118
75,0.320392,0.24967,1.79118
78,0.219194,0.553598,1.4803
78,0.214426,0.53801,1.51473
78,0.560109,0.500065,1.61784
78,-0.164323,0.581574,1.40331
78,0.215093,0.538171,1.52071
78,-0.176058,0.589676,1.41039
78,0.217733,0.513273,1.52657
78,0.192219,0.510439,1.52173
78,0.312591,0.551647,1.57929
78,0.18875,0.512335,1.53021
78,0.369991,0.511724,1.59977
78,0.157073,0.513654,1.5314
78,0.367564,0.513378,1.60097
78,0.332501,0.524809,1.60278
78,0.21888,0.494766,1.56828
78,-0.190372,0.522416,1.45335
78,-0.177035,0.533757,1.46134
78,0.40448,0.444224,1.6369
78,0.145592,0.517832,1.5748
78,0.275878,0.507567,1.62422
78,0.27556,0.510518,1.6345
78,0.239676,0.465119,1.63625
78,0.231352,0.467813,1.63841
78,0.230899,0.466454,1.64299
78,0.589989,0.437181,1.75393
78,0.442917,0.388166,1.70672
78,-0.124767,0.452458,1.54474
78,-0.131509,0.473318,1.54899
78,-0.117445,0.476999,1.55626
78,-0.132864,0.464915,1.55089
78,0.258849,0.404775,1.69795
78,0.263146,0.399224,1.70175
78,0.394559,0.360218,1.7484
78,0.393654,0.375888,1.75487
78,0.109353,0.387303,1.67788
78,0.408742,0.360503,1.7836
78,0.0758093,0.388662,1.69234
78,0.380296,0.370631,1.79454
78,0.0732507,0.38343,1.6979
78,-0.0619921,0.378836,1.67535
78,-0.04999,0.345235,1.68772
78,-0.0551189,0.348393,1.68766
78,-0.0260183,0.336047,1.70091
78,-0.055785,0.371157,1.70209
78,-0.0577433,0.364588,1.69985
78,-0.0231574,0.336217,1.70505
78,-0.0450474,0.337909,1.70091
78,-0.0351391,0.359699,1.71243
78,-0.0227731,0.333198,1.71163
78,-0.0284221,0.359687,1.71905
78,-0.0511789,0.337932,1.70592
78,-0.0642333,0.348614,1.70507
78,-0.0222554,0.334018,1.71569
78,-0.14243,0.333921,1.69549
78,-0.0270921,0.329163,1.7337
78,0.222634,0.294421,1.81038
78,0.210126,0.323309,1.81691
78,0.224726,0.303493,1.8187
78,-0.0227039,0.325123,1.74772
78,0.211856,0.317894,1.82378
78,0.19139,0.307075,1.81612
78,0.211161,0.288507,1.82132
78,0.202591,0.285676,1.81983
78,0.212982,0.298216,1.82706
78,0.189122,0.308762,1.82777
78,0.18911,0.3123,1.83339
78,0.20201,0.304147,1.84296
78,-0.0303575,0.287997,1.76245
78,-0.0131052,0.283858,1.76842
78,0.182843,0.308579,1.8468
78,-0.350141,0.320188,1.67632
78,-0.0241778,0.285531,1.77361
78,-0.160156,0.32796,1.7415
78,-0.155454,0.326978,1.74578
78,-0.140913,0.290716,1.74292
78,-0.372559,0.329067,1.67768
78,-0.0120009,0.279316,1.78312
78,-0.0130755,0.275983,1.78639
78,0.000687897,0.26448,1.7957
78,0.00139999,0.269624,1.8008
78,-0.161943,0.293804,1.7549
78,-0.191102,0.28873,1.746
78,-0.180505,0.304395,1.75512
78,-0.144934,0.295832,1.76564
78,0.0111086,0.293465,1.81696
78,-0.163848,0.318963,1.76857
78,-0.164974,0.296031,1.76208
78,-0.170098,0.279148,1.75754
78,0.00114638,0.266263,1.81022
78,-0.188983,0.287316,1.75417
78,0.00365138,0.24787,1.8084
78,-0.178539,0.279839,1.75779
78,0.0157345,0.283206,1.82254
78,-0.167202,0.290751,1.76675
78,0.00344342,0.255545,1.81343
78,-0.171328,0.324548,1.77534
78,-0.148299,0.288127,1.77323
78,0.00365418,0.254954,1.81715
78,0.0154141,0.28236,1.82898
78,0.00574428,0.250037,1.82113
78,0.181964,0.228101,1.87376
78,0.0165936,0.279171,1.83388
78,0.0117769,0.252776,1.82674
78,0.19842,0.232298,1.88796
78,0.0552242,0.280074,1.85618
78,0.0202771,0.262747,1.8446
78,0.0331885,0.259125,1.85318
78,0.0388312,0.258247,1.85575
78,0.0508704,0.279697,1.86972
78,0.194728,0.230562,1.90839
78,0.0301261,0.237656,1.85845
78,0.0246148,0.242568,1.85853
78,0.0293065,0.240284,1.86448
78,0.0347836,0.238271,1.86772
78,0.057587,0.267721,1.89002
78,0.179175,0.208519,1.91878
78,0.16825,0.212592,1.91864
78,0.175117,0.233576,1.92747
78,0.0392779,0.271855,1.89386
78,-0.313364,0.257307,1.77633
78,0.16253,0.212422,1.93577
78,-0.151561,0.211271,1.84372
78,-0.150501,0.21249,1.84828
78,-0.148569,0.208362,1.84894
78,-0.153822,0.195256,1.84432
78,-0.145075,0.211614,1.85497
78,-0.270239,0.200456,1.81673
78,-0.161587,0.189469,1.84931
78,0.537653,0.153676,2.07001
78,-0.254205,0.195729,1.82478
78,-0.259511,0.19929,1.82518
78,-0.162186,0.19243,1.85653
78,-0.256358,0.19653,1.83135
78,-0.183505,0.182842,1.86338
78,-0.173344,0.18326,1.86745
78,-0.163058,0.282584,1.90016
78,0.109003,0.164553,1.9578
78,-0.244421,0.181072,1.84743
78,-0.187221,0.185241,1.86923
78,-0.256177,0.175397,1.84467
78,-0.305286,0.141678,1.83144
78,-0.203938,0.197476,1.8807
78,-0.203627,0.201453,1.88336
78,-0.248445,0.183713,1.86608
78,-0.30208,0.156352,1.8446
78,-0.248682,0.186035,1.87119
78,-0.197029,0.19203,1.89003
78,-0.308148,0.158669,1.84606
78,-0.303803,0.140144,1.84247
78,-0.245116,0.170044,1.87936
78,-0.0429759,0.156841,1.94206
78,-0.365756,0.19101,1.85068
78,0.0524597,0.144311,1.99824
78,0.0576347,0.143458,2.00063
78,0.0523864,0.149303,2.00175
78,0.0574584,0.148329,2.00482
78,-0.0557534,0.146337,1.96847
78,0.0530127,0.143644,2.02477
78,-0.254879,0.162624,1.93278
78,-0.405636,0.127553,1.89546
78,-0.101714,0.145578,2.01974
78,-0.117161,0.133074,2.02848
78,-0.113586,0.129423,2.02993
78,-0.119359,0.132556,2.03754
78,-0.493496,0.0726967,1.89991
78,-0.30105,0.0507386,1.95781
78,-0.233115,0.0858095,2.00519
78,-0.328001,0.0508651,1.97625
78,-0.298848,0.0464377,1.98703
78,-0.330417,0.049107,1.97875
78,-0.239109,0.0860584,2.02118
78,0.149277,0.0405432,2.14242
78,0.14269,0.0338644,2.14747
78,-0.237903,0.0747063,2.03749
78,-0.244799,0.0756003,2.03553
78,0.124431,0.0248874,2.15244
78,-0.269093,0.0331883,2.03124
78,-0.235947,0.0704143,2.05489
78,-0.251004,0.0774388,2.05196
78,0.117271,0.0223592,2.16482
78,0.117555,0.0292909,2.16722
78,-0.260757,0.0248979,2.06105
78,-0.253846,0.0272195,2.07021
78,-0.290432,-0.0143726,2.06475
78,-0.290875,-0.0146191,2.07029
78,-0.17283,0.0208117,2.12734
78,-0.192606,0.0117933,2.12127
78,-0.193141,0.00955525,2.12514
78,-0.199221,0.0102611,2.12372
78,-0.197782,0.0114588,2.12715
78,-0.148526,0.00281134,2.15768
78,-0.230837,0.0102076,2.14837
78,0.130213,0.00673327,2.2869
78,0.213646,-0.0727327,2.29711
78,0.177036,-0.0928998,2.35496
78,-0.237659,-0.100927,2.2471
78,-0.302528,-0.193224,2.28619
78,-0.972291,-0.884455,1.95757
78,-1.0149,-0.670686,2.07217
78,-0.355694,-0.25165,2.44559
78,-0.397758,-0.248794,2.46127
78,-0.689601,-0.183888,2.39865
78,-0.478779,-0.408532,2.49511
78,-0.501146,-0.429839,2.56299
78,-1.18411,-0.171582,2.41831
78,-0.203259,-0.395914,2.72351
78,-0.525613,-0.391093,2.65866
78,-1.0908,-0.556722,2.48305
78,-0.937889,-0.489921,2.56419
78,-0.920513,-0.513631,2.56691
78,-0.952033,-0.447801,2.57634
78,-0.929337,-0.472965,2.57704
78,-0.927167,-0.530304,2.57957
78,-0.925511,-0.482514,2.59468
78,0.790423,-0.950088,3.03228
78,0.800615,-0.801447,3.09555
78,-0.596767,-0.501787,2.73204
78,0.640572,-0.715245,3.09996
78,-0.618222,-0.506705,2.74815
78,-0.632158,-0.568232,2.7351
78,-0.634058,-0.569029,2.74621
78,-0.997915,-0.525813,2.6411
78,-0.883285,-0.56927,2.66921
78,-0.892874,-0.547339,2.70009
78,-0.653005,-0.5877,2.77435
78,-0.903873,-0.592862,2.72407
78,-0.914739,-0.599591,2.73315
78,0.607682,-1.19439,3.08883
78,-0.91169,-0.327201,2.84821
78,-0.738019,-0.677111,2.83241
78,-0.75509,-0.696286,2.85892
78,0.378591,-1.09877,3.13038
78,-0.0434341,-0.86509,3.06773
78,-0.76073,-0.692043,2.88475
78,-0.881151,-0.639371,2.9013
78,-0.0399669,-0.902388,3.12719
78,-0.387829,-0.893647,3.02574
78,-0.79366,-0.730696,2.94142
78,-0.0356909,-0.935534,3.14078
78,0.338845,-0.977773,3.25248
78,-0.0503399,-0.915512,3.15461
78,0.229742,-1.21905,3.164
78,-0.856018,-0.799533,3.07501
78,0.0168732,-1.00545,3.34462
78,-0.107587,-1.5206,3.17168
78,0.057726,-0.980832,3.3895
78,-0.0598044,-1.5361,3.19933
78,0.0509239,-1.10808,3.36693
78,0.231978,-1.27231,3.404
78,0.112352,-1.0336,3.44751
78,0.0392402,-1.12897,3.41355
78,0.0850269,-1.08187,3.45655
78,0.0103442,-1.08634,3.43509
78,0.108837,-1.60989,3.32535
78,0.0608099,-1.05824,3.46573
78,0.100983,-1.04476,3.48556
78,0.0968463,-1.05137,3.5118
78,0.447769,-1.13736,3.62848
78,0.442182,-1.13941,3.63269
78,-1.88634,-1.53388,3.72549
78,-1.00335,-2.07649,4.29456
78,-1.81021,-1.92779,4.13123
78,-1.31978,-2.50668,4.97068
78,-0.564608,0.169124,2.04929
76,-0.564608,0.169124,2.04929
78,-0.388,-0.0489335,2.40155
76,-0.388,-0.0489335,2.40155
78,0.371083,-0.911791,3.35664
76,0.371083,-0.911791,3.35664
78,-0.413051,-0.0948945,2.41074
76,-0.413051,-0.0948945,2.41074
78,0.00752618,-1.57701,2.97581
76,0.00752618,-1.57701,2.97581
78,0.244759,-1.03696,2.94803
76,0.244759,-1.03696,2.94803
79,-0.578502,0.374064,1.64909
79,-0.132057,0.301334,1.76453
79,0.136805,0.235247,1.86938
79,-0.639798,0.296341,1.74299
79,-0.0455894,0.221312,1.88937
79,-0.00490723,0.215982,1.92248
79,-0.381287,0.200232,1.87792
79,-0.211842,0.155997,1.95699
79,-0.250064,0.151831,1.95817
79,-0.500083,0.157072,1.9399
79,-0.325627,0.114331,1.97285
79,-0.420163,0.148471,1.96331
79,-0.364535,0.101847,1.97382
79,-0.504619,0.158556,1.96216
79,-0.456215,0.104712,1.96346
79,-0.388555,0.104175,1.99228
79,-0.386604,0.0868403,1.99732
79,-0.410675,0.0840111,1.99881
79,-0.427039,0.0915839,1.9988
79,-0.445124,0.0916633,2.02224
79,-0.267471,0.0449611,2.10824
79,-0.277872,0.0338237,2.15072
79,-0.390685,0.0101756,2.12144
79,-0.582245,0.0226683,2.08229
79,-0.596808,0.0435678,2.0892
79,-0.168885,-0.0155696,2.17422
79,-0.334005,-0.0391958,2.14702
79,-0.207891,-0.00817402,2.20121
79,-0.227371,-0.017942,2.19824
79,-0.332903,-0.0440472,2.1799
79,-0.774293,-0.0209079,2.16953
79,-0.369968,-0.215038,2.47073
79,-0.366818,-0.239614,2.53091
79,0.332499,-0.327251,2.66883
79,0.336534,-0.324627,2.67983
79,0.313182,-0.339087,2.69725
79,0.405108,-0.408379,2.78931
79,-0.456683,-0.322854,2.62089
79,-1.0137,-0.651285,2.42875
79,-0.440869,-0.323749,2.63896
79,-1.05555,-0.475908,2.59897
79,-1.07512,-0.493404,2.65026
79,-0.524922,-0.431601,2.79784
79,-1.06607,-0.45276,2.6726
79,-0.925361,-0.390375,2.73361
79,-0.929829,-0.408722,2.75565
79,-1.08259,-0.461729,2.71506
79,-0.910908,-0.42277,2.76972
79,-0.61118,-0.537085,2.93704
79,0.717242,-0.920833,3.14859
79,0.625705,-1.14986,3.08635
79,-0.650514,-0.536847,2.95174
79,-0.774105,-0.516621,2.95059
79,-0.656291,-0.54957,2.98482
79,-0.667198,-0.548304,2.98353
79,-0.786111,-0.52322,2.97029
79,-0.814739,-0.534597,2.98732
79,-0.729825,-0.623434,3.01716
79,0.49814,-1.20921,3.18192
79,-0.708788,-0.628657,3.04732
79,0.345248,-1.30714,3.17626
79,0.458765,-1.32515,3.20276
79,0.390269,-0.979674,3.37705
79,-0.0159308,-1.67264,3.14088
79,0.27141,-1.34845,3.41722
79,0.121225,-0.928788,3.4851
79,-0.188775,-1.93918,3.20231
79,-0.0177833,-1.52282,3.3371
79,0.156352,-1.82035,3.32032
79,-0.075707,-1.5396,3.34659
79,0.193508,-1.51816,3.41466
79,0.12872,-0.949989,3.54496
79,0.198897,-1.95876,3.33425
79,0.0245413,-1.56853,3.38655
79,0.0936697,-1.00288,3.54879
79,-0.128918,-1.55367,3.37445
79,-0.427849,-0.947116,3.45532
79,-0.342246,-1.92823,3.25696
79,-0.394522,-0.946353,3.48261
79,-0.318646,-1.65641,3.33915
79,-0.382221,-0.971589,3.5138
79,0.0857158,-1.00781,3.62135
79,-0.213251,-1.69438,3.39838
79,0.19217,-2.16443,3.40683
79,-0.382999,-1.01793,3.56587
79,-0.405664,-1.58981,3.45346
79,-0.470014,-1.42208,3.57131
79,-0.0557053,-2.30895,3.71374
79,-1.76951,-1.31833,3.93912
79,-1.70794,-1.40569,4.03497
79,-1.76456,-1.34551,4.07887
79,-1.69479,-2.50994,3.85263
79,-1.76979,-1.35945,4.12413
79,-1.929,-1.47835,4.16398
79,-1.87663,-2.56588,4.17264
79,-1.59195,-1.64682,4.48276
79,-1.53673,-1.72138,4.51104
79,-1.54779,-1.63253,4.53291
79,-1.33688,-2.02859,4.50761
79,-1.50295,-1.66542,4.55726
79,-1.29905,-1.97085,4.56059
79,-1.55967,-1.79656,4.5464
79,-1.37423,-1.77637,4.61207
79,-1.47008,-1.71409,4.61727
79,-1.40607,-1.76622,4.63664
79,-1.33945,-1.7942,4.64666
79,-1.32338,-1.84283,4.64564
79,-1.33126,-2.76331,4.44067
79,-1.30145,-1.80811,4.67252
79,-1.59097,-1.68225,4.64043
79,-1.40718,-1.81421,4.71742
79,-1.51221,-1.7752,4.70783
79,-1.36738,-1.84034,4.76945
79,-1.55569,-2.03946,4.69182
79,-1.12157,-2.38692,5.2548
79,-1.14197,-2.48749,5.38717
79,-1.07754,-2.63222,5.54501
79,-0.438514,0.246431,1.77969
75,-0.438514,0.246431,1.77969
80,-0.0362438,-0.169171,1.02195
80,-0.0263669,-0.178113,1.06615
80,-0.253654,0.237386,1.85717
80,-0.254248,0.221333,1.85291
80,-0.357284,0.0040509,2.01882
80,-0.174319,-0.0207224,2.15318
80,-0.182571,-0.0218369,2.18381
80,-0.633075,0.05267,2.16166
80,-0.2914,0.0296438,2.27672
80,-0.775774,-0.0170497,2.18961
80,-0.253834,-0.110711,2.29842
80,-1.14543,-0.988277,1.86006
80,0.179078,-0.125132,2.40565
80,-0.255122,-0.115368,2.32014
80,-0.809705,-0.0100768,2.25807
80,-1.21167,-0.188863,2.20918
80,-0.339506,-0.21682,2.44932
80,-1.24322,-1.18419,2.03606
80,-1.00559,-0.783999,2.22272
80,-1.02713,-0.695167,2.25179
80,-1.04063,-0.696092,2.27176
80,-1.04957,-0.276541,2.43942
80,-1.03621,-0.284619,2.44344
80,-1.04653,-0.830188,2.30161
80,-0.426551,-0.315316,2.59296
80,-1.07458,-0.68038,2.36481
80,-1.08848,-0.410652,2.44789
80,-1.04062,-0.264257,2.51596
80,-1.04035,-0.335231,2.53012
80,-1.11134,-0.459675,2.48171
80,-1.04486,-0.270061,2.55018
80,-0.464007,-0.312907,2.68063
80,-1.05358,-0.269588,2.55029
80,-1.13796,-0.0807255,2.60769
80,-0.478548,-0.331982,2.726
80,-1.09753,-0.498572,2.53755
80,-1.09633,-0.454248,2.55045
80,-1.09754,-0.450472,2.55461
80,-0.70605,-1.38256,2.4173
80,-0.561219,-0.437727,2.84092
80,-0.944065,-0.421046,2.79284
80,-0.919774,-0.427207,2.81614
80,-0.950826,-0.400374,2.82732
80,-0.939454,-0.39009,2.83675
80,-0.322397,-0.783204,2.93939
80,-0.871886,-0.526834,2.91055
80,-0.867728,-0.529804,2.91446
80,-0.336797,-0.800432,3.0106
80,-0.344529,-0.838449,3.06873
80,0.266533,-1.14171,3.16121
80,-0.706818,-0.631047,3.06494
80,-0.743861,-0.62917,3.10089
80,-0.340191,-0.853666,3.16092
80,-0.830412,-0.546599,3.13319
80,-0.740392,-0.653477,3.16338
80,-0.865305,-0.562382,3.1773
80,-0.286931,-1.48376,3.20844
80,-0.317355,-1.49122,3.2215
80,0.117457,-1.43409,3.399
80,-0.220211,-1.52687,3.2991
80,-0.909989,-0.606585,3.37666
80,-0.326203,-1.52054,3.28316
80,-0.308758,-1.52304,3.28856
80,-0.282252,-1.5797,3.29588
80,-0.394728,-1.48428,3.29522
80,-0.0938446,-1.53689,3.35789
80,0.121781,-1.46092,3.43424
80,0.152533,-1.80904,3.35331
80,0.296654,-1.37894,3.50284
80,0.194443,-2.07922,3.29901
80,-0.227202,-1.65888,3.31971
80,-0.330437,-1.65598,3.29938
80,0.088343,-1.62612,3.42847
80,-0.1884,-1.55233,3.38746
80,0.402196,-1.51117,3.55154
80,0.118374,-1.67303,3.45331
80,-0.180957,-1.5734,3.41516
80,0.135403,-1.65367,3.48167
80,-0.441489,-1.4089,3.42056
80,0.163143,-1.73985,3.4898
80,0.110217,-1.74549,3.4794
80,0.211769,-1.05009,3.69993
80,0.309145,-1.43017,3.62814
80,0.315196,-1.30364,3.67613
80,-0.189818,-1.74343,3.4714
80,-0.450572,-1.44789,3.4859
80,-0.00246993,-2.16396,3.49252
80,-0.45348,-1.66245,3.61186
80,-0.522732,-1.54079,3.65963
80,-1.13154,-1.69636,4.03182
80,-1.17714,-1.74227,4.12939
80,-1.77097,-2.53719,3.84229
80,-1.97481,-2.70088,3.76527
80,-1.89158,-1.44707,4.38257
80,-1.50565,-1.62319,4.49592
80,-1.92613,-1.45125,4.45384
80,-1.29019,-1.91854,4.49652
80,-1.74138,-2.27627,4.33963
80,-1.30613,-1.78574,4.7224
80,-1.84539,-3.05155,4.30337
80,-1.69646,-1.93759,4.6584
80,-1.01065,-2.16559,4.77354
80,-2.08527,-1.45408,4.70388
80,-1.54539,-1.73897,4.77668
80,-1.63926,-1.74273,4.82909
80,-1.6426,-2.14594,4.78046
80,-1.01411,-2.24304,4.91997
80,-1.65356,-2.14936,4.81021
80,-1.43106,-1.92018,4.96255
80,-1.4096,-1.98454,4.96864
80,-1.53298,-2.20098,4.89591
80,-1.0235,-2.3531,5.01782
80,-1.42636,-1.91607,5.0613
80,-1.59747,-1.88837,5.03627
80,-2.19189,-1.56285,5.00036
80,-1.46593,-1.94157,5.09673
80,-1.62224,-2.26556,5.03979
80,-1.6184,-2.2218,5.10076
80,-1.61792,-2.3103,5.14293
80,-1.54547,-1.98599,5.24883
80,-1.05391,-2.62946,5.61085
80,-2.65181,-2.00273,5.48352
80,-0.948408,-0.434529,2.80721
79,-0.948408,-0.434529,2.80721
80,-0.0190412,-0.922679,3.45607
77,-0.0190412,-0.922679,3.45607
80,-0.408474,0.0900002,1.96694
76,-0.408474,0.0900002,1.96694
80,0.134324,0.2083,1.85493
75,0.134324,0.2083,1.85493
81,-0.057331,-0.900821,1.51875
81,0.187296,-0.116255,2.41581
81,-0.302204,-0.123267,2.47296
81,-1.07967,-1.02774,1.95128
81,-0.316241,-0.122923,2.49751
81,-1.0008,-0.879147,2.11507
81,-0.993352,-0.878219,2.11846
81,-1.33343,-1.52511,1.83538
81,-1.30948,-1.45551,1.8875
81,-1.02041,-0.283486,2.38841
81,-1.046,-0.322383,2.38229
81,-1.05223,-0.327953,2.39493
81,0.270162,-0.256399,2.8084
81,-1.28291,-1.50727,1.93091
81,-1.07472,-0.426666,2.38649
81,-1.16461,-1.15962,2.14059
81,-1.15807,-1.1691,2.15888
81,-1.10668,-0.479504,2.44208
81,-1.13146,-0.490293,2.52408
81,-1.10515,-0.463943,2.57858
81,-1.11445,-0.490373,2.5669
81,-1.18561,-0.0567198,2.76458
81,-1.10555,-0.491442,2.67502
81,-0.692959,-0.583485,2.86434
81,-0.577397,-0.455929,2.99999
81,-0.632976,-0.531499,2.95827
81,-1.01869,-0.480144,2.9299
81,-0.742847,-0.64237,3.14623
81,-0.758902,-0.636646,3.17505
81,-0.743726,-0.646371,3.18714
81,-0.305549,-1.42563,3.07249
81,-0.343208,-1.43056,3.07755
81,0.130936,-1.87678,3.06234
81,-0.319604,-1.43441,3.10405
81,-0.250684,-1.44595,3.11956
81,-0.279541,-1.43485,3.11707
81,-0.251331,-1.4707,3.12565
81,-0.251629,-1.44776,3.1373
81,-0.291588,-1.45599,3.13523
81,-0.287087,-1.4386,3.1434
81,-0.771628,-0.675122,3.2991
81,-0.360623,-1.46422,3.16488
81,-0.795254,-0.681153,3.32986
81,-0.274737,-1.51978,3.17976
81,-0.308392,-1.4905,3.20735
81,-0.280873,-1.5376,3.21136
81,-0.339908,-1.84101,3.09926
81,-0.0954318,-1.89791,3.14976
81,-0.32626,-1.84366,3.11246
81,0.0888987,-1.87585,3.21799
81,-0.403605,-1.44728,3.24261
81,-0.398268,-1.46493,3.24265
81,0.124088,-1.96919,3.22193
81,-0.405965,-1.46941,3.26115
81,-0.272147,-1.58086,3.26109
81,-0.0371057,-1.52033,3.34898
81,-0.0323786,-1.75013,3.27099
81,-0.279175,-1.87258,3.16543
81,0.090063,-1.59709,3.37692
81,-0.331029,-1.87458,3.16993
81,-0.332621,-1.8381,3.20247
81,-0.232152,-1.54932,3.33595
81,-0.335248,-1.67509,3.28546
81,-0.0141099,-1.68033,3.37269
81,-0.32603,-1.63018,3.31088
81,-0.326366,-1.62399,3.3175
81,-0.104742,-1.57839,3.40669
81,-0.926035,-0.592613,3.53404
81,0.148245,-1.72279,3.42907
81,-0.0792302,-1.51626,3.44335
81,-0.388753,-1.59988,3.43714
81,0.200069,-2.21638,3.5161
81,-1.49499,-2.62416,2.95164
81,-1.06221,-2.711,3.08272
81,-1.10524,-2.82671,3.2086
81,-1.63233,-2.74211,3.16321
81,0.0465028,-2.42378,3.95
81,-0.845476,-1.80262,3.97088
81,-1.26666,-3.01384,3.43703
81,-1.56981,-3.09046,3.36158
81,-1.79953,-2.63982,3.57003
81,-1.63186,-3.17112,3.47415
81,-1.79403,-2.36286,3.7369
81,-1.79805,-2.36809,3.73625
81,0.0089237,-2.63159,4.17779
81,-1.88971,-2.62038,3.6626
81,-1.81316,-2.39973,3.76333
81,-1.89004,-2.75359,3.7072
81,-1.76597,-2.68617,3.78595
81,0.0601152,-2.65968,4.35556
81,-1.81063,-1.44302,4.28324
81,-1.89925,-2.78376,3.79098
81,-1.23128,-1.69925,4.37072
81,-1.80466,-2.5239,3.92539
81,0.0124634,-2.64688,4.39144
81,-2.00865,-2.71577,3.81872
81,-1.27841,-3.49035,3.76941
81,-1.87568,-1.41396,4.37456
81,-1.85357,-2.58748,3.96549
81,-0.0602309,-2.70065,4.42279
81,-0.0389711,-2.804,4.41712
81,0.00245363,-2.80868,4.42925
81,-0.0392602,-2.73165,4.45901
81,-1.855,-1.49403,4.41239
81,-1.85774,-2.60317,4.01413
81,-1.55251,-3.39272,3.8412
81,0.0237812,-2.73878,4.51738
81,-0.94297,-2.03693,4.50549
81,0.0159485,-2.80541,4.50323
81,-1.82488,-2.44085,4.12995
81,-1.5116,-1.60747,4.53764
81,-1.71675,-3.42101,3.84926
81,-1.74716,-2.26253,4.29918
81,-1.85813,-2.49649,4.20105
81,-0.985883,-2.11254,4.68289
81,-1.66077,-1.88365,4.65677
81,-1.00596,-2.17609,4.7761
81,-1.01139,-2.1915,4.80187
81,-2.08571,-1.4327,4.78111
81,-1.69763,-3.66564,4.12623
81,-1.8356,-2.35736,4.56081
81,0.320078,-3.2218,4.88401
81,-1.84731,-3.06348,4.3886
81,-1.69597,-2.2035,5.0193
81,-1.7344,-2.20839,5.05161
81,-1.70087,-2.25338,5.08343
81,-1.06402,-2.42533,5.22706
81,-0.980955,-2.43791,5.25986
81,-1.70964,-2.27363,5.12905
81,-1.53671,-2.03859,5.37583
81,-1.5381,-2.01093,5.39068
81,-1.75846,-2.32048,5.26579
81,-1.76382,-2.34538,5.28929
81,-1.71524,-1.99504,5.47423
81,-1.76689,-2.35954,5.3433
81,-1.77407,-2.36413,5.3534
81,-1.72131,-2.43929,5.5056
81,-2.14204,-3.69753,5.14866
81,-1.35689,-1.80828,4.27055
80,-1.35689,-1.80828,4.27055
81,-0.967697,-0.849591,2.05662
80,-0.967697,-0.849591,2.05662
81,-1.28497,-1.89881,4.49203
80,-1.28497,-1.89881,4.49203
81,-1.15702,-0.546549,2.85333
80,-1.15702,-0.546549,2.85333
81,-0.74327,-0.477566,2.83486
76,-0.74327,-0.477566,2.83486
81,-0.907964,-2.22111,4.73457
76,-0.907964,-2.22111,4.73457
82,0.319048,-0.319125,2.55362
82,-0.293322,-0.126246,2.46711
82,-0.281083,-0.105317,2.48941
82,0.197871,-0.140178,2.63298
82,-1.047,-1.41603,1.94609
82,-1.32073,-1.54424,1.89982
82,-1.29933,-1.43406,1.94843
82,-1.22877,-1.46585,1.99269
82,-0.475739,-0.408298,2.54446
82,-0.45204,-0.334543,2.66098
82,-0.483337,-0.341399,2.76718
82,-0.59031,-0.490132,2.8542
82,-0.599086,-0.460962,3.0312
82,-0.697749,-0.549098,3.31806
82,-0.300059,-1.52893,3.22862
82,-0.866204,-0.521119,3.39607
82,-0.398043,-1.46395,3.28239
82,-0.103638,-1.53874,3.4134
82,-1.97832,-2.60994,3.81701
82,-0.993495,-1.95381,4.7536
82,-1.65394,-1.86088,4.66473
82,-1.01898,-2.12832,5.00755
82,-1.02575,-2.1394,5.1914
82,-1.06848,-2.40214,5.51705
82,-0.871519,-0.377418,2.60013
80,-0.871519,-0.377418,2.60013
82,0.265453,-0.231998,2.58562
80,0.265453,-0.231998,2.58562
83,-0.479371,0.301564,1.44338
83,-0.220892,0.384709,1.60824
83,0.36896,0.275861,1.73153
83,0.181072,0.312454,1.71225
83,0.32377,0.279642,1.77223
83,-0.00181652,0.303198,1.71258
83,0.321437,0.253074,1.78053
83,0.00212669,0.307827,1.73968
83,-0.113819,0.284904,1.79072
83,-0.140019,0.277001,1.78745
83,0.137376,0.206785,1.85187
83,0.134755,0.243617,1.85572
83,0.135284,0.243526,1.86303
83,-0.649082,0.31561,1.73002
83,-0.245902,0.231305,1.815
83,-0.249422,0.209375,1.81508
83,-0.446272,0.279321,1.77652
83,-0.443926,0.248942,1.7783
83,-0.65305,0.307486,1.73596
83,-0.445066,0.275447,1.78099
83,-0.259873,0.221133,1.83448
83,-0.25303,0.205673,1.83976
83,-0.248892,0.238661,1.84151
83,-0.224545,0.226737,1.85282
83,0.120222,0.15096,1.93736
83,-0.0488862,0.224472,1.90354
83,0.116577,0.154335,1.93966
83,-0.386862,0.207339,1.87096
83,-0.387745,0.208069,1.87246
83,-0.327551,0.136247,1.88808
83,-0.615712,0.429565,1.83231
83,-0.323716,0.127194,1.89589
83,-0.023241,0.198507,1.95799
83,-0.222525,0.15438,1.92321
83,-0.39705,0.203242,1.88862
83,-0.325593,0.131108,1.9033
83,-0.335865,0.133587,1.90353
83,-0.219691,0.152124,1.9299
83,0.044058,0.0993456,1.98808
83,-0.0416716,0.193553,1.97211
83,0.0465276,0.100491,1.99168
83,-0.105874,0.0749578,1.96325
83,-0.00258766,0.231821,1.98509
83,-0.323326,0.105687,1.9195
83,-0.10338,0.0915964,1.96538
83,-0.307126,0.130506,1.92664
83,-0.235503,0.132922,1.945
83,-0.0342748,0.181834,1.9873
83,-0.30596,0.128643,1.93543
83,-0.249349,0.156399,1.94876
83,-0.303213,0.131138,1.93782
83,-0.254682,0.153389,1.94915
83,-0.252901,0.15735,1.95071
83,-0.327592,0.108432,1.93788
83,-0.0198768,0.214151,2.00132
83,-0.398626,0.0677657,1.92505
83,-0.26131,0.156756,1.96439
83,-0.251541,0.138273,1.97328
83,-0.264379,0.157055,1.97398
83,-0.433368,0.138763,1.94305
83,0.00863533,0.0855629,2.03671
83,-0.388087,0.0973247,1.95723
83,-0.434104,0.140267,1.95522
83,-0.432357,0.151593,1.95561
83,-0.388083,0.0738642,1.9673
83,-0.43898,0.14506,1.9588
83,-0.435979,0.139075,1.96017
83,-0.430945,0.14632,1.96133
83,-0.38873,0.0754944,1.97165
83,-0.418666,0.149204,1.96675
83,0.00715062,0.0850033,2.05739
83,-0.0983393,0.095449,2.03686
83,0.00717396,0.088945,2.06679
83,-0.439266,0.0807022,1.97757
83,0.0100468,0.107014,2.07448
83,-0.433795,0.0834962,1.98584
83,-0.139029,0.11643,2.06853
83,-0.476322,0.0982222,2.01097
83,-0.370598,0.000473589,2.03875
83,-0.449451,0.0894554,2.02522
83,-0.538297,0.184785,2.01347
83,-0.311188,0.13556,2.06134
83,-0.122681,0.105678,2.10378
83,-0.4495,0.0916613,2.03744
83,-0.141931,0.121282,2.10392
83,-0.382035,0.0022911,2.06184
83,-0.430127,0.163323,2.05796
83,-0.560563,0.0216448,2.03315
83,-0.565613,0.0212556,2.03976
83,-0.478502,0.0984915,2.05792
83,-0.567316,0.0127141,2.04078
83,0.0874934,-0.0218375,2.17978
83,0.0885261,-0.0179566,2.18725
83,-0.482019,0.0990511,2.07237
83,-0.142352,0.103953,2.17009
83,-0.29358,0.0458485,2.13945
83,-0.317091,-0.00803992,2.14139
83,-0.315232,-0.00403287,2.15816
83,-0.330974,-0.0234371,2.15611
83,-0.618773,0.0560804,2.09789
83,-0.339971,-0.0570465,2.15961
83,-0.340932,-0.057996,2.17329
83,-0.631272,0.0630955,2.12285
83,-0.625591,0.0595081,2.12733
83,-0.179424,-0.0132326,2.22359
83,-0.344401,-0.0501181,2.19295
83,-0.208809,-0.00711183,2.23365
83,-0.2386,-0.0146389,2.24526
83,-0.648651,0.0729666,2.16715
83,-0.249327,-0.0114113,2.25124
83,-0.25167,-0.0336521,2.25812
83,-0.236787,-0.0168792,2.26311
83,-0.250368,-0.118294,2.26521
83,-0.258472,-0.00243607,2.26394
83,0.163676,-0.122765,2.38923
83,-0.797287,-0.0120864,2.22071
83,-0.273388,-0.135874,2.33118
83,-0.266059,-0.118384,2.36213
83,-0.294488,-0.119111,2.35806
83,0.263947,-0.22251,2.49649
83,-0.32806,-0.220412,2.38691
83,-0.327228,-0.21357,2.38901
83,0.235046,-0.231553,2.5551
83,-0.38885,-0.218021,2.55043
83,0.473607,-0.566243,2.72987
83,-1.04048,-0.293857,2.42777
83,-0.402027,-0.215093,2.61475
83,-0.403395,-0.222794,2.61575
83,-1.03892,-0.329707,2.52396
83,-1.04659,-0.333205,2.52341
83,-1.05162,-0.264166,2.52818
83,-0.439746,-0.322365,2.65822
83,-1.05456,-0.271937,2.57939
83,-0.477329,-0.322383,2.71164
83,-1.15873,-0.522035,2.57234
83,-0.48764,-0.340936,2.77104
83,-1.11176,-0.504135,2.69438
83,-0.538268,-0.439616,2.83313
83,-0.488059,-0.350267,2.86061
83,-0.938481,-0.431191,2.77914
83,-0.569449,-0.440207,2.86667
83,-0.955408,-0.451295,2.78731
83,-0.951798,-0.429728,2.79389
83,-0.95934,-0.467316,2.79793
83,-0.988303,-0.465121,2.80638
83,-0.924444,-0.426874,2.83412
83,0.715163,-0.94327,3.19559
83,-1.15237,-0.533386,2.82667
83,-0.864515,-0.522692,2.88703
83,-0.976086,-0.438967,2.87174
83,-0.973981,-0.397691,2.88622
83,-1.00424,-0.496528,2.89257
83,-0.87082,-0.496065,2.92537
83,-0.979811,-0.396429,2.90474
83,-0.71065,-0.618646,2.98634
83,-0.650389,-0.541808,3.00412
83,0.534045,-1.09388,3.33301
83,-0.800409,-0.513682,3.06545
83,-0.793361,-0.524643,3.10291
83,-0.855135,-0.535041,3.11462
83,-0.834421,-0.529824,3.15108
83,0.111585,-1.4378,3.38963
83,0.412445,-1.00832,3.51881
83,0.296863,-1.2521,3.66137
83,0.158476,-1.11961,3.73235
83,-1.8631,-1.55329,4.49927
83,0.401218,-0.451926,2.93848
79,0.401218,-0.451926,2.93848
83,-0.0748861,0.189718,1.93709
78,-0.0748861,0.189718,1.93709
83,0.134887,-0.935019,3.30183
78,0.134887,-0.935019,3.30183
83,-0.0985296,0.257358,1.77885
78,-0.0985296,0.257358,1.77885
83,0.769016,-0.804702,3.31502
78,0.769016,-0.804702,3.31502
83,-0.0518216,0.231734,1.83503
78,-0.0518216,0.231734,1.83503
83,-0.579899,-0.43813,2.87171
80,-0.579899,-0.43813,2.87171
83,-0.740856,-0.0229232,2.08005
80,-0.740856,-0.0229232,2.08005
84,-0.447595,0.0746211,2.00273
84,0.0841345,-0.04283,2.19626
84,0.0892293,-0.0387464,2.20508
84,-0.197315,0.000347704,2.16768
84,-0.212719,-0.0369871,2.15906
84,0.159124,-0.13637,2.31436
84,0.190301,-0.102979,2.33529
84,-0.282437,-0.122651,2.28498
84,-0.270253,-0.104547,2.3207
84,0.226396,-0.240213,2.4624
84,0.220289,-0.255382,2.4598
84,0.261628,-0.221093,2.48967
84,-1.03222,-0.820754,2.13135
84,0.279184,-0.20669,2.52041
84,-0.367794,-0.190502,2.42056
84,-0.354673,-0.256849,2.48882
84,-0.35699,-0.258498,2.49642
84,-1.06848,-0.252518,2.41855
84,-1.04502,-0.276258,2.44225
84,-1.01129,-0.264747,2.46176
84,-0.445452,-0.28079,2.57938
84,-0.440121,-0.296657,2.60271
84,-0.444229,-0.281859,2.6106
84,-1.06598,-0.483322,2.47731
84,-0.455435,-0.350309,2.64472
84,0.428716,-0.421958,2.83254
84,-0.455029,-0.355045,2.66216
84,-0.531818,-0.387661,2.70968
84,-0.554639,-0.454212,2.77507
84,0.478788,-0.552224,2.98593
84,0.507533,-0.543118,3.0384
84,-0.949087,-0.478661,2.75676
84,-0.614156,-0.485047,2.84037
84,-0.648245,-0.530785,2.83988
84,-0.743683,-0.519056,2.82334
84,-0.625553,-0.505163,2.86167
84,-0.748596,-0.519804,2.83468
84,-0.541508,-0.467542,2.88853
84,-0.743034,-0.472871,2.84848
84,-0.604262,-0.490549,2.87572
84,-0.757163,-0.482819,2.8466
84,-0.609407,-0.523887,2.89293
84,0.601101,-1.06672,3.09219
84,0.611357,-1.03751,3.11985
84,-0.699754,-0.564662,2.93313
84,-0.705947,-0.573386,2.94662
84,-0.628229,-0.555797,2.9667
84,-0.642626,-0.5547,2.97513
84,-0.711738,-0.59344,2.95693
84,-0.710733,-0.575227,2.97704
84,-0.694498,-0.578767,2.98455
84,-0.636487,-0.574794,3.02312
84,0.602008,-0.667314,3.27935
84,-0.671826,-0.617083,3.07388
84,-0.743846,-0.657864,3.06456
84,-0.687178,-0.609944,3.10206
84,-0.685513,-0.60702,3.10619
84,-0.105618,-1.41804,3.11564
84,0.214505,-1.3994,3.18936
84,0.201303,-1.41401,3.19594
84,-0.0559816,-1.37876,3.15223
84,-0.0963178,-1.4405,3.16964
84,-0.0645876,-1.39122,3.21345
84,-0.121427,-1.49774,3.21358
84,-0.0778736,-1.39103,3.24328
84,0.0425879,-1.6035,3.23805
84,-0.08801,-1.46856,3.24872
84,-0.0309205,-1.47837,3.31575
84,-0.0332903,-1.49445,3.34367
84,-0.318653,-1.50254,3.30014
84,-0.0707185,-1.62302,3.34335
84,0.137661,-1.63021,3.3979
84,-0.311068,-1.49701,3.33526
84,-0.406599,-1.4845,3.32918
84,0.0408277,-1.59387,3.40611
84,0.0957545,-1.5808,3.42415
84,0.0423635,-1.5923,3.42011
84,0.112178,-1.70002,3.42666
84,-0.218811,-1.56291,3.38524
84,-0.0379522,-1.15916,3.48541
84,0.0888476,-1.0401,3.5342
84,0.327529,-1.25454,3.55679
84,-0.337228,-1.53929,3.38706
84,-0.377276,-1.56961,3.37855
84,-0.343505,-1.58056,3.39635
84,-0.383811,-1.61131,3.38833
84,-0.412477,-1.51907,3.4035
84,-0.384334,-1.62773,3.42632
84,-0.408765,-1.52088,3.45506
84,-0.349484,-1.75192,3.46528
84,-0.339861,-1.73356,3.47115
84,-0.404787,-1.07549,3.78999
84,0.93414,-2.71295,4.26162
84,-1.39278,-1.63556,4.31251
84,-1.36039,-1.76599,4.32516
84,0.00482365,-2.82902,4.49698
84,-0.121666,-2.75097,4.51012
84,-1.53221,-1.70977,4.43614
84,-1.71675,-2.19071,4.35339
84,-1.64743,-1.8931,4.44766
84,-1.56618,-1.99984,4.55642
84,-1.00569,-2.48656,5.08285
84,-1.07672,-2.25621,5.40229
84,-1.12072,-2.42532,5.52596
84,-1.14797,-2.32503,5.57507
84,-1.17423,-2.50598,5.54256
84,-1.16487,-2.43591,5.56126
84,-0.974973,-0.594872,3.22911
80,-0.974973,-0.594872,3.22911
84,0.0888163,-1.77939,3.09736
80,0.0888163,-1.77939,3.09736
84,0.10523,-2.02428,3.47439
80,0.10523,-2.02428,3.47439
84,0.145462,-1.51649,3.35098
80,0.145462,-1.51649,3.35098
84,-1.02038,-0.868474,1.67296
80,-1.02038,-0.868474,1.67296
84,0.0976642,-2.64026,4.34541
76,0.0976642,-2.64026,4.34541
84,-0.257745,-0.0155092,2.21934
77,-0.257745,-0.0155092,2.21934
84,0.190937,-2.0558,3.27225
77,0.190937,-2.0558,3.27225
84,0.109769,-2.05934,3.3658
77,0.109769,-2.05934,3.3658
84,0.00878161,-2.90348,4.58869
81,0.00878161,-2.90348,4.58869
84,-0.91987,-0.0720927,2.14719
81,-0.91987,-0.0720927,2.14719
84,-0.507145,-0.367416,2.97373
82,-0.507145,-0.367416,2.97373
84,-0.961202,-0.903561,1.73919
82,-0.961202,-0.903561,1.73919
85,-1.06835,2.29385,-0.534047
85,-1.05738,2.32316,-0.581122
85,-0.741235,2.807,-1.14272
85,-0.737621,2.80921,-1.15509
85,-0.0939479,3.33149,-0.578469
85,-0.0901745,3.34192,-0.565583
85,-0.0950598,3.34595,-0.571213
85,0.245656,3.45914,-0.505394
85,-0.165582,3.34837,-0.538137
85,-0.13757,3.36129,-0.522294
85,-0.131917,3.37813,-0.52269
85,-0.101332,3.37575,-0.572129
85,0.289018,3.51692,-0.51563
85,-0.0685231,3.55183,-0.33641
85,-0.0559533,3.50877,-0.569232
85,-0.411112,3.43766,-0.49992
85,-0.406876,3.49542,-0.515138
85,-0.296488,3.52432,-0.51917
85,0.055377,3.70881,-0.234306
85,-0.277295,3.56561,-0.496722
85,-0.0392745,3.63737,-0.458577
85,-0.0359292,3.63916,-0.458615
85,-0.293572,3.55907,-0.527957
85,-0.361063,3.54219,-0.531589
85,-0.337563,3.53979,-0.569686
85,-0.290917,3.58351,-0.47146
85,-0.409108,3.54161,-0.528689
85,-0.248264,3.59235,-0.510137
85,-0.259976,3.59143,-0.511248
85,-0.362375,3.56348,-0.541149
85,-0.263545,3.59069,-0.554564
85,-0.293098,3.59237,-0.540283
85,-0.266086,3.62084,-0.468859
85,-0.264486,3.62459,-0.467441
85,-0.368421,3.61061,-0.543364
85,-0.300672,3.6435,-0.502988
85,-0.420096,3.60378,-0.547633
85,-0.376406,3.61574,-0.578552
85,-0.294918,3.66113,-0.501347
85,-0.405344,3.74832,-0.190246
85,-0.453123,3.62717,-0.612808
85,-0.437229,3.6287,-0.633689
85,-0.364511,3.70258,-0.490729
85,-0.293482,3.72602,-0.506807
85,-0.404043,3.78589,-0.184448
85,-0.367737,3.72322,-0.477006
85,-0.397957,3.78787,-0.203508
85,-0.394701,3.79553,-0.206002
85,-0.408439,3.80199,-0.176272
85,-0.399633,3.81928,-0.157763
85,-0.363845,3.75066,-0.482525
85,-0.40924,3.82169,-0.201644
85,-0.377194,3.76407,-0.460702
85,-0.38154,3.80003,-0.475264
85,-0.35656,3.80096,-0.516913
85,-1.84369,4.24951,-0.138569
85,-1.91393,4.29516,0.0817528
85,-1.91169,4.30762,0.092548
85,-1.85438,4.27298,-0.133624
85,0.869616,5.00009,-0.137451
85,0.947319,5.03696,-0.10814
85,0.18308,4.86332,-0.0945756
85,0.179115,4.90543,-0.04386
85,0.180255,4.91234,-0.0497349
85,-1.97704,4.41985,0.0621837
85,0.172365,4.9474,-0.111727
85,-1.83311,4.41356,-0.304058
85,-1.75806,4.56346,0.0387615
85,-1.43461,4.90748,0.888934
85,-1.28249,5.00669,0.877879
85,-0.187328,5.01008,-0.254963
85,-1.90811,4.67717,0.0978891
85,-1.91986,4.59847,-0.311329
85,-1.65337,4.95767,0.645239
85,-2.03344,4.74586,0.167139
85,-1.95408,4.78562,0.101818
85,-1.50493,4.65318,-0.847678
85,-1.3958,5.11279,0.779293
85,-2.05815,4.77772,0.136885
85,-1.5012,4.65649,-0.882647
85,-1.30439,5.21525,0.900839
85,-1.77016,4.70971,-0.600982
85,-1.50544,4.71457,-0.865499
85,-1.66691,5.07402,0.638573
85,-1.52398,5.189,0.928501
85,-1.58141,4.70396,-0.871471
85,-2.08315,4.87237,0.158811
85,-1.23353,5.26423,0.771074
85,-1.57114,4.7288,-0.932837
85,-1.33323,4.74946,-1.16353
85,-1.8234,4.82479,-0.577074
85,-0.0591004,5.39373,-0.141809
85,-1.24851,5.37358,0.929105
85,-1.60602,4.81081,-0.866548
85,-1.82924,4.84018,-0.587281
85,-0.0683708,5.42259,-0.170682
85,-1.94677,5.22757,0.752851
85,-1.23935,5.48271,0.914667
85,-0.948872,5.55472,0.808841
85,-1.14607,5.53466,0.910917
85,-1.3497,5.19469,-0.269768
85,-1.50614,5.43717,0.711984
85,-1.27598,5.5411,0.770334
85,-1.36093,5.25982,-0.261048
85,-2.1203,5.3246,0.698921
85,-1.17449,5.57573,0.621996
85,-1.36356,5.30167,-0.272501
85,-1.66652,5.50368,0.696011
85,-1.46337,5.31709,-0.289486
85,-1.96843,5.55146,0.944817
85,-1.47551,5.36688,-0.286669
85,-1.41755,5.4575,-0.299945
85,-1.50107,5.44345,-0.304845
85,-1.22716,5.83139,0.640015
85,-1.02363,5.97152,0.853429
85,-1.02869,5.62225,-1.1491
85,-1.03828,5.66222,-1.1773
85,-1.14585,5.64642,-1.16111
85,-1.10881,5.74381,-0.90738
85,-1.05933,5.69571,-1.15817
85,-1.18218,5.78101,-1.04102
85,-1.19118,5.81638,-1.01831
85,-1.1978,5.85737,-1.05331
85,-1.21568,5.81678,-1.23751
85,-1.24477,6.05808,-1.24612
85,-1.5621,5.54279,-1.41693
81,-1.5621,5.54279,-1.41693
85,-0.116094,5.25484,-0.281811
81,-0.116094,5.25484,-0.281811
85,-0.0211767,4.67524,-0.246126
81,-0.0211767,4.67524,-0.246126
85,-0.0245324,4.54162,-0.240914
81,-0.0245324,4.54162,-0.240914
85,-0.412399,3.97308,-0.279348
81,-0.412399,3.97308,-0.279348
85,-2.10632,5.65013,0.79428
81,-2.10632,5.65013,0.79428
85,-1.94429,3.83815,-1.14052
84,-1.94429,3.83815,-1.14052
85,-2.09942,3.41784,-0.391261
84,-2.09942,3.41784,-0.391261
86,-1.01757,2.34015,0.641457
86,-1.02798,2.33544,0.604425
86,-1.07701,2.42797,0.450537
86,-1.07499,2.44024,0.450042
86,-1.0855,2.44026,0.468007
86,-1.07181,2.45217,0.496761
86,-1.07851,2.45349,0.496858
86,-0.153812,3.47423,-0.555466
86,-0.0923636,3.54054,-0.340618
86,-0.268831,3.5417,-0.564384
86,0.0900101,3.68647,-0.436214
86,-0.302198,3.65589,-0.524471
86,-0.393599,3.6375,-0.580445
86,-0.384612,3.75542,-0.506869
86,0.121519,3.96643,-0.157106
86,-0.408051,3.81686,-0.223295
86,0.135377,4.06033,-0.14623
86,0.146895,4.36145,-0.182863
86,0.186838,5.0237,-0.0662326
86,0.159668,5.02524,-0.0542131
86,0.0842599,5.33156,1.15173
86,-1.37224,4.72629,-1.18827
86,-1.3765,4.73725,-1.16694
86,-1.81232,4.75006,-0.602824
86,-1.65787,4.93921,0.622308
86,-1.57036,4.78771,-0.917848
86,0.100439,5.51078,1.16143
86,-2.0632,4.79941,0.105803
86,-1.72943,4.76769,-1.00142
86,-2.03966,4.82359,0.0891759
86,-1.46708,5.09545,0.90543
86,-1.83978,4.84618,-0.604591
86,-0.0704996,5.38565,-0.165092
86,-2.07476,4.90163,0.103576
86,-1.69806,5.08659,0.651945
86,-2.12051,4.91675,0.118879
86,-1.39345,5.20543,0.721604
86,-1.33392,5.26145,0.887448
86,-1.6518,5.21572,0.707643
86,-1.43864,5.3049,0.771997
86,-1.76364,5.21145,0.653391
86,-1.49287,5.30197,0.675566
86,-1.2172,5.43756,0.890087
86,-2.13978,5.15759,0.518267
86,-2.09157,5.20268,0.676865
86,-1.69454,5.3248,0.710444
86,-2.09547,5.23149,0.675859
86,-1.64824,5.36893,0.696388
86,-1.51764,5.40721,0.6758
86,-1.18818,5.48875,0.594773
86,-1.14916,5.50958,0.612212
86,-0.955663,5.60798,0.80697
86,-2.13476,5.28288,0.679255
86,-2.20916,5.25815,0.567997
86,-1.48574,5.35297,-0.294089
86,-1.4846,5.35764,-0.310763
86,-1.11454,5.60685,0.91287
86,-1.15792,5.59785,0.888936
86,-0.955179,5.64613,0.829829
86,-1.9127,5.40309,0.921536
86,-1.16898,5.57021,0.612468
86,-1.97011,5.37013,0.728842
86,-1.18417,5.61254,0.890506
86,-0.965457,5.66343,0.80189
86,-1.02405,5.69199,1.10484
86,-1.16656,5.59559,0.61817
86,-2.0025,5.38749,0.745899
86,-0.968765,5.6783,0.819704
86,-1.10561,5.66301,0.987853
86,-1.10011,5.60332,0.41449
86,-1.13814,5.66303,0.89728
86,-1.99566,5.43414,0.772911
86,-2.2059,5.34075,0.453448
86,-2.20951,5.3469,0.486698
86,-1.12404,5.65232,0.383317
86,-1.97188,5.4968,0.959553
86,-2.26268,5.38166,0.553728
86,-1.2267,5.85955,-0.397909
86,-1.21856,5.87504,-0.414291
86,-1.23608,5.96398,-1.12436
86,-1.24824,2.44795,-0.293647
85,-1.24824,2.44795,-0.293647
86,-1.55466,2.97598,0.0852404
82,-1.55466,2.97598,0.0852404
87,-1.02572,2.30869,0.600674
87,-1.00962,2.31401,0.601461
87,-1.13994,2.24696,-0.210661
87,-1.03077,2.32074,0.576893
87,-1.07359,2.423,0.515951
87,-1.07815,2.44164,0.471198
87,-1.07241,2.45312,0.494384
87,0.270739,3.58879,-0.555102
87,-0.16789,3.48622,-0.554174
87,-0.0801968,3.5471,-0.588052
87,-0.302701,3.5564,-0.546359
87,0.0464258,3.67576,-0.494632
87,0.0336551,3.67408,-0.544554
87,0.032598,3.69281,-0.207458
87,0.0492808,3.71654,-0.505539
87,-0.312113,3.6976,-0.52347
87,-0.376393,3.75049,-0.503843
87,-0.412258,3.77764,-0.222378
87,0.130206,4.72429,-0.189916
87,0.150058,4.91093,-0.172561
87,-1.82335,4.38819,-0.300526
87,0.107741,5.08671,1.126
87,0.154058,5.06213,-0.0515577
87,0.0643269,5.08961,1.12688
87,-0.079241,5.09215,-0.155357
87,0.00705045,5.22141,1.07955
87,-1.59105,4.82106,-0.932881
87,-1.62599,4.84747,-0.943785
87,-0.0889452,5.37473,-0.166884
87,-0.987148,5.27128,1.07431
87,-1.29146,5.26472,0.703184
87,-1.43485,5.23234,0.783309
87,-1.11089,5.34584,1.01148
87,-1.35983,5.28591,0.904782
87,-1.39552,5.27333,0.71214
87,-1.35722,5.29804,0.914302
87,-1.50489,5.2486,0.645208
87,-2.06136,5.10442,0.68423
87,-2.06686,5.11958,0.663411
87,-1.3834,5.33098,0.824526
87,-1.45911,5.26329,-0.283301
87,-2.03471,5.22485,2.13896
87,-1.53174,5.31335,0.666935
87,-1.36118,5.3688,0.82881
87,-1.68538,5.27882,0.722975
87,-1.33555,5.41351,0.725171
87,-1.9169,5.28195,0.719402
87,-0.950873,5.56032,0.72879
87,-2.02872,5.31792,2.13398
87,-0.956012,5.56581,0.823155
87,-1.93534,5.32822,0.754771
87,-1.38589,5.44969,-0.272087
87,-1.39273,5.46794,-0.274519
87,-1.20739,5.56692,0.708728
87,-1.92033,5.37926,0.936293
87,-1.48802,5.55887,2.22685
87,-1.98903,5.4339,2.17301
87,-2.11913,5.42926,2.27787
87,-1.1541,5.65437,0.682211
87,-1.96967,5.43835,0.955821
87,-1.12051,5.68421,0.816729
87,-2.00815,5.49613,0.736837
87,-1.05792,5.83295,1.17673
87,-1.61212,5.73125,2.13448
87,-2.0781,5.60918,2.27486
87,-2.14642,5.59897,2.24134
87,-1.17273,5.75796,-1.16692
87,-1.52593,5.81158,2.31441
87,-1.01733,5.9424,1.18542
87,-1.91028,5.74512,2.41728
87,-1.84811,5.77555,2.45924
87,-1.09385,5.85311,-1.23249
87,-2.0605,5.70093,0.983691
87,-1.64291,5.8695,2.16849
87,-1.05246,6.00822,1.19598
87,-1.62751,5.90905,2.42599
87,-1.20836,5.89097,-1.2567
87,-1.71635,5.97695,2.35058
87,-1.87987,6.00637,2.4429
87,-1.93938,6.05722,2.39256
87,-2.27401,4.716,0.0947796
85,-2.27401,4.716,0.0947796
87,-1.84541,3.93109,0.133513
85,-1.84541,3.93109,0.133513
87,-1.59894,3.08903,0.141315
85,-1.59894,3.08903,0.141315
87,-1.46447,2.74032,0.183482
85,-1.46447,2.74032,0.183482
87,-1.64382,2.81611,0.389992
85,-1.64382,2.81611,0.389992
87,-1.90239,3.29239,0.475619
85,-1.90239,3.29239,0.475619
87,-1.80435,3.09726,0.264141
85,-1.80435,3.09726,0.264141
87,-1.23069,5.87397,-1.07748
84,-1.23069,5.87397,-1.07748
88,-1.08097,2.43035,0.523104
88,-1.06997,2.4351,0.467854
88,-1.08393,2.44027,0.531214
88,-1.06778,2.44798,0.54126
88,-1.06755,2.45257,0.525454
88,-1.07148,2.45672,0.523968
88,-1.06867,2.45603,0.503968
88,-1.30986,2.41902,0.682525
88,-1.29686,2.42815,0.637016
88,-1.30339,2.43775,0.717053
88,-1.43283,2.43957,0.32743
88,-0.151338,3.40269,-0.542748
88,-0.159754,3.4026,-0.55024
88,-0.0830612,3.54895,-0.570104
88,-0.081778,3.55005,-0.586953
88,-0.287031,3.5679,-0.556182
88,-0.36038,3.62917,-0.583973
88,-0.4119,3.65564,-0.573056
88,-0.302557,3.75037,-0.536405
88,-0.367444,3.74403,-0.500589
88,-0.404659,3.78574,-0.170589
88,-0.370227,3.75715,-0.474322
88,-0.403092,3.75505,-0.470384
88,-0.378899,3.76371,-0.469769
88,-0.374002,3.76397,-0.512637
88,-0.40772,3.81492,-0.224007
88,-0.379635,3.8152,-0.490125
88,0.172645,4.86346,-0.122604
88,0.179993,5.08792,-0.0513034
88,0.182711,5.09389,-0.0469711
88,0.179644,5.10842,-0.0296664
88,0.132008,5.34695,1.17632
88,-1.4958,5.31509,0.703844
88,-1.50077,5.33885,0.66919
88,-0.945614,5.53279,0.842612
88,-1.46407,5.29251,-0.293399
88,-2.18506,5.232,0.558248
88,-1.14523,5.54042,0.673517
88,-1.11817,5.60526,0.659784
88,-2.12537,5.33262,0.695726
88,-1.97397,5.38557,0.774006
88,-1.17792,5.63409,0.58404
88,-1.69339,5.33209,0.699032
86,-1.69339,5.33209,0.699032
88,-1.34383,3.02267,0.630863
86,-1.34383,3.02267,0.630863
88,-1.57544,3.33745,0.612253
86,-1.57544,3.33745,0.612253
88,-1.57805,3.34093,0.652658
86,-1.57805,3.34093,0.652658
88,-1.52553,3.33296,0.478925
86,-1.52553,3.33296,0.478925
88,-1.69668,3.26098,0.559668
86,-1.69668,3.26098,0.559668
88,-1.46518,2.94043,0.425257
86,-1.46518,2.94043,0.425257
88,-1.80735,3.38835,0.799332
86,-1.80735,3.38835,0.799332
88,-1.42203,2.95853,0.772682
86,-1.42203,2.95853,0.772682
88,-1.46606,2.95464,0.850806
86,-1.46606,2.95464,0.850806
88,-1.71806,3.34026,0.249356
86,-1.71806,3.34026,0.249356
88,-1.59991,2.98051,0.326359
86,-1.59991,2.98051,0.326359
88,-0.40862,4.14174,-0.731191
85,-0.40862,4.14174,-0.731191
88,-1.8865,3.27828,0.0518689
85,-1.8865,3.27828,0.0518689
88,-1.79153,5.4887,-1.09859
81,-1.79153,5.4887,-1.09859
89,-1.02305,2.34292,0.619497
89,-1.05014,2.34386,0.596098
89,-1.07297,2.33964,-0.593515
89,-1.07627,2.35072,-0.614427
89,-1.05653,2.5195,-0.568726
89,0.378097,3.19977,-0.595718
89,0.290919,3.25898,-0.6145
89,0.38329,3.3137,-0.857909
89,0.164646,3.39068,-0.606168
89,-0.0750482,3.554,-0.577226
89,0.0422496,3.5189,-1.0875
89,-0.371192,3.60729,-0.554596
89,-0.283712,3.64813,-0.566695
89,-0.315622,3.6512,-0.547731
89,-0.430488,3.65368,-0.537705
89,-0.310682,3.69858,-0.509603
89,-0.406602,3.66894,-0.566918
89,-0.320373,3.75079,-0.521135
89,-0.309418,3.77898,-0.529908
89,-0.415631,3.87778,-0.214506
89,-0.376701,3.83693,-0.503125
89,-0.384709,3.84927,-0.473209
89,-0.388494,3.91936,-0.21468
89,-0.415647,3.93343,-0.219765
89,-1.78968,3.91972,-1.10934
89,-1.9568,4.40756,0.0836817
89,-1.81972,4.41637,-0.346427
89,-1.44217,4.51102,-0.893941
89,-1.90682,4.58573,-0.301504
89,-1.31807,4.56397,-1.07399
89,-1.56542,4.63707,-0.850901
89,-1.53807,4.63829,-0.89209
89,-1.53349,4.74382,-0.848964
89,-1.35544,4.71571,-1.13381
89,-1.55655,4.73909,-0.902881
89,-1.67872,5.12379,0.633629
89,-1.35258,4.73728,-1.14491
89,-0.0736373,5.37,-0.177073
89,-0.0632905,5.40513,-0.29911
89,-0.0795979,5.4515,-0.15509
89,-0.0748161,5.44389,-0.196998
89,-1.74304,4.81284,-0.97256
89,-1.75223,4.82829,-0.989262
89,-1.7298,4.82331,-1.04177
89,-1.35785,5.18207,-0.273972
89,-1.36487,5.20222,-0.240207
89,-2.02862,5.42778,0.790043
89,-1.99637,5.45237,0.792973
89,-1.0978,5.80209,-0.98055
89,-1.1707,5.89885,-1.07877
89,-1.20807,5.86332,-1.22661
89,-1.19872,5.87868,-1.22585
89,-1.20146,5.88458,-1.23534
89,-1.6398,5.77937,-1.53258
85,-1.6398,5.77937,-1.53258
89,-1.7182,3.18724,0.144339
87,-1.7182,3.18724,0.144339
89,-1.07735,2.44443,0.456948
87,-1.07735,2.44443,0.456948
89,-1.73537,3.36059,0.742387
87,-1.73537,3.36059,0.742387
89,-1.47037,2.90438,0.0748907
87,-1.47037,2.90438,0.0748907
89,-1.45565,2.97854,0.762412
87,-1.45565,2.97854,0.762412
89,-1.5068,3.03384,0.64803
87,-1.5068,3.03384,0.64803
89,-1.43916,3.21127,0.586309
86,-1.43916,3.21127,0.586309
89,-1.86123,5.26015,-1.23887
81,-1.86123,5.26015,-1.23887
89,-1.36799,6.56245,-0.525832
81,-1.36799,6.56245,-0.525832
89,0.241761,3.63934,-0.819235
76,0.241761,3.63934,-0.819235
90,-0.369713,2.18335,-1.17158
90,-0.366071,2.17696,-1.20219
90,-0.379239,2.1844,-1.17825
90,-0.374499,2.17471,-1.21507
90,0.388123,2.49025,-1.14938
90,-0.470769,2.38544,-1.19236
90,-1.0662,2.30877,-1.07505
90,-0.467611,2.38698,-1.24243
90,-0.559599,2.58254,-1.23105
90,-0.659972,2.76309,-1.21044
90,-0.654773,2.75943,-1.24041
90,-0.728422,2.81558,-1.1245
90,-0.719631,2.82857,-1.12144
90,-0.745893,2.84317,-1.14949
90,-0.727965,2.85188,-1.14038
90,-0.731762,2.83886,-1.1848
90,-0.753793,2.85083,-1.18771
90,-0.745869,2.86113,-1.21388
90,-0.830478,2.82172,-1.35272
90,-0.846641,2.82772,-1.34428
90,-0.066702,3.44612,-0.557345
90,-0.978532,2.93096,-1.34488
90,-0.129632,3.53743,-0.573479
90,-0.334173,3.50806,-0.56777
90,-0.293845,3.54986,-0.537535
90,-0.360567,3.5323,-0.566011
90,-0.36484,3.55426,-0.547861
90,-0.138468,3.61275,-0.58291
90,-0.149375,3.61927,-0.577823
90,-0.14409,3.61528,-0.614392
90,-0.265867,3.63121,-0.576195
90,-0.398396,3.77293,-0.210911
90,-0.415609,3.62488,-0.54877
90,-0.378713,3.62827,-0.563695
90,-0.298637,3.69143,-0.489087
90,-0.39486,3.63712,-0.567581
90,-0.300956,3.68648,-0.514787
90,-0.275284,3.71636,-0.492952
90,-0.379231,3.7151,-0.453355
90,-0.364761,3.72725,-0.458864
90,-0.455691,3.67923,-0.569371
90,-0.366669,3.77098,-0.476427
90,-0.368209,3.77553,-0.46696
90,-1.89575,4.71783,0.0716674
90,-0.0758893,5.41991,-0.207471
90,-1.56121,4.67723,-1.22431
90,-1.73462,4.77685,-0.953646
90,-1.57392,4.76004,-1.18983
90,0.214571,5.68532,-0.179343
90,-1.62934,4.92775,-0.902941
90,-1.67341,5.00119,-0.933142
90,0.244532,5.92423,-0.134357
90,-1.13045,5.54304,-1.11734
90,-1.13866,5.5321,-1.1448
90,-1.15176,5.5503,-1.11989
90,-1.17202,5.66761,-1.07928
90,-1.18067,5.69709,-1.04518
90,-1.13624,5.78543,-1.02779
90,-1.13792,6.03779,-0.972229
90,-1.14027,6.12513,-1.27546
90,-1.06284,6.13267,-1.30699
90,-1.16135,6.23219,-1.2717
90,-1.15522,6.22833,-1.34116
90,-1.15257,6.26521,-1.34633
90,-1.15879,6.28877,-1.32481
90,-1.17276,6.37639,-1.36217
90,-1.17651,5.65938,-1.0282
81,-1.17651,5.65938,-1.0282
90,-1.12672,3.96429,-0.811163
81,-1.12672,3.96429,-0.811163
90,-1.94013,5.86117,-1.26737
85,-1.94013,5.86117,-1.26737
90,-0.0269964,4.29409,-1.59993
85,-0.0269964,4.29409,-1.59993
90,-1.69627,5.05676,-0.985152
80,-1.69627,5.05676,-0.985152
90,-0.725127,3.07211,-1.41068
84,-0.725127,3.07211,-1.41068
90,0.240595,3.62605,-0.817309
76,0.240595,3.62605,-0.817309
90,-1.20726,5.96428,-1.28411
82,-1.20726,5.96428,-1.28411
91,0.0893836,1.81027,-1.16115
91,-0.585339,1.66868,-1.16873
91,-0.608603,1.65787,-1.20155
91,-0.59082,1.69375,-1.17576
91,-0.607096,1.6936,-1.18082
91,-1.10405,2.1829,-0.220201
91,-0.776892,1.75437,-1.1854
91,0.148017,1.98057,-1.16693
91,0.184794,1.98103,-1.18491
91,0.157213,1.98629,-1.17967
91,-0.286171,1.99707,-1.20623
91,0.255753,2.16045,-1.16698
91,0.227578,2.17062,-1.16478
91,0.261001,2.16837,-1.18952
91,0.223404,2.17916,-1.17723
91,-1.1046,2.29907,-0.541139
91,-1.08055,2.30148,-0.565413
91,-0.360588,2.15098,-1.16241
91,0.321296,2.3439,-1.16621
91,0.331997,2.36838,-1.19268
91,-0.380853,2.19431,-1.2229
91,-1.0857,2.43215,-0.570638
91,-1.07885,2.12211,-1.16845
91,0.388947,2.47194,-1.14074
91,-1.06766,2.16768,-1.11634
91,0.380367,2.47933,-1.14055
91,-0.446702,2.31639,-1.18163
91,-1.05253,2.18817,-1.19571
91,-1.04233,2.19474,-1.19138
91,-1.08098,2.54828,-0.620352
91,0.439583,2.60172,-1.10465
91,-1.07241,2.57547,-0.635469
91,0.378776,2.56523,-1.19646
91,-0.448896,2.3757,-1.22933
91,-1.08529,2.59303,-0.63551
91,-0.466022,2.37781,-1.23515
91,-0.485857,2.43309,-1.26549
91,-0.562717,2.48922,-1.20315
91,-0.56073,2.56479,-1.22144
91,-0.568334,2.60728,-1.25286
91,-0.654038,2.71005,-1.20137
91,-0.641215,2.71636,-1.21845
91,-0.645364,2.73262,-1.21782
91,-0.731807,2.78356,-1.15382
91,-0.74143,2.82404,-1.17611
91,-0.844807,2.86488,-1.37416
91,-0.292868,3.48201,-0.546449
91,-0.298704,3.52563,-0.530868
91,-0.291594,3.55251,-0.576284
91,-0.260198,3.60455,-0.594588
91,-0.371515,3.59414,-0.574624
91,-0.3988,3.79796,-0.237962
91,-0.268272,3.64983,-0.548021
91,-0.302695,3.65236,-0.531204
91,-0.290209,3.64388,-0.583875
91,-0.401448,3.64067,-0.583433
91,-0.303631,3.70332,-0.523621
91,-0.278634,3.71185,-0.523002
91,-0.377633,3.70969,-0.490398
91,0.265085,3.768,-0.649517
91,0.279184,3.81259,-0.644003
91,0.332033,3.83921,-0.645672
91,-0.0853662,5.26715,-0.166953
91,-1.82618,4.87603,-0.618488
91,0.187644,5.57209,-0.209139
91,0.193949,5.68151,-0.216239
91,-1.64465,4.90749,-0.933112
91,-1.67087,4.96736,-0.93246
91,-1.11192,5.27024,-0.887555
91,-1.15127,5.59395,-0.997542
91,-1.14604,5.62008,-1.14397
91,-1.11377,5.84522,-1.20141
91,-1.00769,2.63874,-1.25453
80,-1.00769,2.63874,-1.25453
91,0.396375,3.93458,-0.879953
84,0.396375,3.93458,-0.879953
91,0.129208,3.75748,-1.20306
82,0.129208,3.75748,-1.20306
91,-1.25513,2.41286,-0.35844
89,-1.25513,2.41286,-0.35844
92,-0.340603,1.50321,-1.16876
92,-0.250043,1.52013,-1.17498
92,-0.339263,1.50039,-1.18084
92,-0.311312,1.51344,-1.17178
92,-0.305884,1.51765,-1.17212
92,0.00651121,1.59185,-1.16161
92,0.030274,1.59239,-1.17019
92,-0.337734,1.53692,-1.16279
92,-0.407462,1.56582,-1.13235
92,-0.46745,1.55121,-1.15378
92,-0.117573,1.6108,-1.18721
92,-0.411145,1.57669,-1.15632
92,-0.42417,1.58679,-1.16313
92,-0.481807,1.56831,-1.18336
92,-0.445436,1.58681,-1.17999
92,-0.479055,1.59024,-1.19532
92,0.0853024,1.80029,-1.17818
92,-0.611222,1.67488,-1.2067
92,-0.203485,1.77961,-1.17316
92,-0.182863,1.79638,-1.16158
92,0.0910754,1.82582,-1.19761
92,-0.173709,1.79866,-1.16128
92,-0.210332,1.79067,-1.1637
92,-0.350354,1.81954,-1.1642
92,-0.353407,1.82608,-1.17187
92,-0.345641,1.8313,-1.17501
92,-0.784048,1.75764,-1.18605
92,-0.790046,1.76871,-1.20007
92,-0.788806,1.78193,-1.20184
92,-0.275542,1.96423,-1.17893
92,-0.29117,1.96658,-1.17363
92,-0.292148,1.96295,-1.18227
92,-1.1016,2.28898,-0.488521
92,-0.945218,1.86427,-1.19475
92,-0.285491,2.01544,-1.219
92,-0.63134,1.98216,-1.19654
92,-0.631522,1.98282,-1.1972
92,-1.06048,2.32801,-0.606057
92,0.2415,2.18765,-1.18924
92,-1.07251,2.35113,-0.611259
92,-1.07376,2.39048,-0.559062
92,-1.0681,2.36371,-0.62602
92,-0.378605,2.13601,-1.17825
92,-0.35723,2.14507,-1.17818
92,-1.0981,2.2281,-0.860869
92,-0.360144,2.1565,-1.18522
92,-0.376419,2.14832,-1.19438
92,-0.372412,2.15399,-1.19681
92,-0.36792,2.15722,-1.19357
92,-1.02196,2.47947,-0.596201
92,-1.08648,2.23556,-0.930486
92,-1.05741,2.13763,-1.09324
92,-1.05557,2.51403,-0.610084
92,-1.1032,2.27307,-0.942137
92,-1.06622,2.16757,-1.10603
92,-1.1116,2.2985,-0.911078
92,-1.06555,2.53108,-0.611611
92,-1.07483,2.17434,-1.11854
92,-1.03218,2.1655,-1.15758
92,-1.0433,2.15994,-1.16689
92,-1.04869,2.17092,-1.17942
92,-1.04456,2.19114,-1.17629
92,-1.0339,2.19231,-1.17828
92,-0.476799,2.31905,-1.18862
92,-1.06594,2.25539,-1.14059
92,-0.487352,2.33502,-1.20349
92,-0.471694,2.36521,-1.2256
92,-1.07684,2.30144,-1.17584
92,-1.09968,2.43044,-1.03782
92,-0.475178,2.43046,-1.25917
92,-1.11321,2.45367,-1.05813
92,-0.921952,2.40277,-1.20963
92,-0.565538,2.49471,-1.18122
92,-0.565522,2.49599,-1.18637
92,-0.928589,2.41588,-1.21013
92,-1.10656,2.47318,-1.13657
92,-0.947585,2.4616,-1.24342
92,-0.978962,2.5072,-1.17818
92,-0.565567,2.55768,-1.2332
92,-0.955194,2.47506,-1.2629
92,-0.987988,2.50689,-1.21043
92,0.511321,2.85432,-1.14364
92,-0.963792,2.51022,-1.22417
92,-0.877463,2.5948,-1.13872
92,-0.576663,2.59252,-1.2373
92,-0.990328,2.5425,-1.19502
92,-0.867229,2.6118,-1.15186
92,-0.877692,2.58476,-1.19058
92,-0.862224,2.5959,-1.20794
92,0.781161,3.14943,-0.897905
92,0.57307,3.15608,-0.855986
92,0.594401,3.24038,-0.742655
92,-0.884061,2.64956,-1.17088
92,-0.648537,2.69462,-1.18376
92,0.578671,3.15929,-0.873577
92,-0.871488,2.62666,-1.22629
92,-0.730882,2.7333,-1.11566
92,-0.865831,2.63503,-1.22108
92,-0.640252,2.71124,-1.20179
92,-0.649896,2.71228,-1.19916
92,-0.782557,2.67166,-1.23356
92,-0.786359,2.67441,-1.24043
92,-0.655344,2.73508,-1.19568
92,-0.773768,2.69956,-1.24469
92,0.416136,3.37436,-0.67653
92,0.42139,3.37723,-0.681029
92,0.306649,3.37507,-0.675587
92,-0.758671,2.84048,-1.1869
92,-0.729889,2.84948,-1.18422
92,-0.0876083,3.58515,-0.349631
92,-0.170857,3.47852,-0.575738
92,0.244384,3.49083,-0.793943
92,-0.111707,3.55204,-0.647621
92,-0.138165,3.59918,-0.6023
92,0.201737,3.62043,-0.673577
92,-0.0642589,3.63119,-0.603301
92,-0.0608056,3.70682,-0.498571
92,0.381757,3.38476,-1.08623
92,0.381448,3.39267,-1.09125
92,-0.0942909,3.69003,-0.539704
92,-0.245456,3.65977,-0.582683
92,0.0778977,3.64546,-0.703371
92,-0.295701,3.6628,-0.589582
92,-0.378607,3.65662,-0.606267
92,-0.309426,3.72662,-0.532358
92,0.269987,3.77262,-0.633004
92,-0.458096,3.64938,-0.657408
92,-0.259889,3.77262,-0.539436
92,0.271689,3.88139,-0.613971
92,0.13861,3.54508,-1.06669
92,0.121227,3.5408,-1.08795
92,0.179379,3.49769,-1.18049
92,0.273758,3.64702,-0.999928
92,0.126768,3.50651,-1.15989
92,0.139383,3.57915,-1.07259
92,0.034764,3.4947,-1.1694
92,-0.419455,3.45385,-1.1372
92,-0.427566,3.48915,-1.14597
92,-1.57488,4.84004,-0.924402
92,-1.60508,4.62955,-1.26098
92,-1.6017,4.94764,-0.943634
92,-1.54955,4.77841,-1.22236
92,-1.56182,4.80016,-1.21045
92,-1.38575,4.87782,-1.15817
92,-1.37491,4.93263,-1.18562
92,-1.53079,4.84717,-1.26652
92,-1.39838,4.94004,-1.23559
92,-1.37951,4.95486,-1.23806
92,-1.13593,5.44922,-0.945465
92,-1.20463,5.77705,-1.02694
92,-1.10979,5.92988,-1.2327
92,-0.0809862,3.45802,-0.946099
76,-0.0809862,3.45802,-0.946099
92,-0.101562,3.50902,-1.20118
84,-0.101562,3.50902,-1.20118
92,-0.0995217,3.50269,-1.19792
84,-0.0995217,3.50269,-1.19792
92,-1.24146,2.74568,-1.26638
83,-1.24146,2.74568,-1.26638
92,-1.25588,2.65179,-1.32717
83,-1.25588,2.65179,-1.32717
92,-0.808214,3.06499,-1.32543
81,-0.808214,3.06499,-1.32543
93,-1.08156,2.07434,-0.250603
93,-1.05903,2.10411,-0.209646
93,0.104577,1.81101,-1.20213
93,0.0791462,1.83261,-1.17224
93,-0.195884,1.81554,-1.2392
93,-0.200232,1.83122,-1.21767
93,-0.780539,1.75668,-1.17665
93,0.171924,2.03476,-1.2142
93,0.176531,2.0457,-1.22056
93,0.162354,2.04345,-1.22227
93,0.24283,2.15216,-1.16513
93,-1.0872,2.32015,-0.56275
93,-1.06849,2.3445,-0.528847
93,-0.295404,2.06312,-1.28897
93,0.22945,2.19685,-1.22805
93,0.225884,2.21189,-1.20795
93,0.390927,2.44791,-0.873803
93,0.302439,2.28453,-1.13242
93,0.227669,2.23362,-1.21082
93,-1.08166,2.35895,-0.648213
93,-1.06529,2.37089,-0.637437
93,-0.376223,2.16967,-1.16608
93,-0.375174,2.17751,-1.19064
93,-1.04215,1.96891,-1.36858
93,0.245092,2.26792,-1.25373
93,-1.09311,2.17026,-1.04347
93,-1.07439,2.18406,-1.11835
93,-0.461825,2.3523,-1.18119
93,-0.461328,2.33468,-1.23036
93,-1.13873,2.21634,-1.26609
93,-1.08704,2.25389,-1.23133
93,-0.473415,2.35447,-1.25007
93,0.340959,2.50639,-1.27595
93,-0.486065,2.37715,-1.27238
93,-0.484543,2.37845,-1.27311
93,-0.471685,2.39365,-1.25908
93,-1.11622,2.66183,-0.679863
93,0.38594,2.60752,-1.21384
93,-0.540931,2.4894,-1.1466
93,-0.540275,2.51286,-1.17033
93,-1.13892,2.7325,-0.707447
93,-0.489627,2.49297,-1.32339
93,-0.480656,2.49684,-1.32841
93,0.441387,2.76222,-1.16264
93,-0.578544,2.55962,-1.21357
93,-0.571873,2.5582,-1.21849
93,-0.562134,2.54493,-1.25231
93,-0.713413,2.65647,-1.03471
93,-0.629379,2.62575,-1.10858
93,-0.494878,2.5032,-1.35139
93,-0.634708,2.63495,-1.11892
93,-0.556405,2.57457,-1.26291
93,0.197681,3.04888,-0.733169
93,-0.648455,2.66635,-1.15574
93,-1.01329,2.55206,-1.27966
93,-1.01217,2.58976,-1.22041
93,-0.651816,2.70194,-1.18389
93,-0.982332,2.57763,-1.29169
93,-0.900253,2.63242,-1.25654
93,-0.570642,2.66544,-1.31452
93,-0.652926,2.72165,-1.23699
93,-0.896533,2.68908,-1.28149
93,-0.909938,2.7317,-1.21765
93,-0.742257,2.82764,-1.1483
93,-0.0894998,3.21249,-0.786688
93,-0.00717101,3.42611,-0.515272
93,-0.670595,2.81287,-1.31989
93,-0.0702249,3.44748,-0.47265
93,-0.440408,3.3416,-0.551541
93,-0.0821645,3.40919,-0.557628
93,-0.0083981,3.48236,-0.505096
93,-0.755888,2.9144,-1.21381
93,-0.598101,2.82061,-1.41708
93,-0.308403,3.44948,-0.516454
93,-0.300924,3.42866,-0.55792
93,-0.0645764,3.5082,-0.503761
93,-0.352615,3.43557,-0.549786
93,0.636467,3.37167,-0.952519
93,-0.430569,3.41058,-0.59119
93,-0.0942205,3.54387,-0.497852
93,-0.266389,3.5197,-0.491519
93,-0.375232,3.49842,-0.528609
93,-0.349138,3.47236,-0.579318
93,-0.382045,3.49178,-0.542842
93,-0.700765,2.93146,-1.36425
93,-0.340329,3.49361,-0.567669
93,-0.31645,3.57401,-0.469783
93,0.0254177,3.58014,-0.59747
93,-0.126887,3.57934,-0.591085
93,-0.1446,3.57891,-0.611197
93,0.0175009,3.84428,-0.233192
93,-0.240867,3.56665,-0.609985
93,-0.116127,3.5569,-0.670819
93,-0.280996,3.58266,-0.586011
93,0.0779255,3.88052,-0.213592
93,-0.0415661,3.67919,-0.506153
93,0.0253149,3.8361,-0.272607
93,-0.367228,3.66495,-0.4459
93,0.0505092,3.83935,-0.2918
93,-0.0925922,3.57907,-0.67258
93,-0.370424,3.69824,-0.467284
93,0.105045,3.81876,-0.45422
93,-0.157743,3.68759,-0.613958
93,-0.42959,3.66766,-0.574332
93,0.0426517,3.42869,-1.0968
93,-0.465163,3.61256,-0.662517
93,0.70599,4.16296,-0.141928
93,0.369465,3.71239,-0.79809
93,0.200142,3.73913,-0.713822
93,-0.453432,3.72135,-0.675665
93,0.740664,4.295,-0.0982001
93,0.666327,4.23066,-0.18107
93,0.302763,3.68929,-1.03252
93,0.662731,4.28606,-0.179147
93,-0.466022,3.80102,-0.70733
93,0.30314,3.98401,-0.687821
93,-0.473527,3.87752,-0.64656
93,0.303608,3.99099,-0.704153
93,-0.460615,3.87363,-0.702874
93,0.215512,3.68587,-1.2701
93,0.833688,4.54405,-0.0871598
93,-0.973315,3.30662,-1.71474
93,-1.58136,3.64878,-1.06322
93,0.223708,3.86089,-1.3573
93,0.939049,4.82787,-0.0756158
93,-0.0788726,5.14457,-0.246627
93,-0.0917719,5.21148,-0.1766
93,-0.0925797,5.40361,-0.198369
93,-1.89755,5.04289,-0.663887
93,-1.57055,5.00772,-0.956456
93,-1.78561,4.93246,-1.03868
93,-1.70268,5.05062,-1.10315
93,-1.4591,5.06379,-1.23842
93,-1.11965,5.3165,-1.0286
93,-1.74069,5.21602,-1.01482
93,-1.48936,5.14463,-1.30454
93,-1.47119,5.1868,-1.31653
93,-1.64133,5.26206,-1.21648
93,-1.65708,5.29305,-1.16377
93,-1.65722,5.29733,-1.23547
93,0.244319,6.20051,-0.436795
93,-1.67907,5.29846,-1.41308
93,-1.34436,7.30093,-1.31158
93,-0.873738,2.64624,-1.2502
92,-0.873738,2.64624,-1.2502
93,0.127565,3.4704,-1.044
92,0.127565,3.4704,-1.044
93,-1.31823,2.19413,-0.343366
92,-1.31823,2.19413,-0.343366
93,0.431259,3.45454,-0.731541
80,0.431259,3.45454,-0.731541
93,-0.795281,3.04104,-1.37019
84,-0.795281,3.04104,-1.37019
93,-1.36832,7.66732,-1.76204
90,-1.36832,7.66732,-1.76204
94,-0.283497,0.750717,0.402424
94,-1.23074,2.42426,0.456052
94,-1.30816,2.44202,0.436053
94,-1.28385,2.42002,0.363614
94,-1.3509,2.40988,0.3133
94,-1.35278,2.46522,0.163859
94,0.362356,2.43937,-0.840622
94,-1.11333,2.37844,-0.59729
94,0.402361,2.55092,-1.07242
94,-1.05329,2.53395,-0.643731
94,0.411809,2.6546,-1.1134
94,-0.688255,2.53515,-0.95961
94,-1.11945,2.64788,-0.690101
94,-1.12243,2.66575,-0.695315
94,-0.489281,2.511,-1.38903
94,-0.500181,2.59097,-1.40767
94,-0.663864,2.70809,-1.19352
94,-0.581468,2.66782,-1.35703
94,-0.588944,2.69933,-1.3374
94,-0.100831,3.24813,-0.468183
94,-0.672175,2.8013,-1.26958
94,-0.0620634,3.25467,-0.516748
94,-0.105578,3.26569,-0.495107
94,-0.0999915,3.2788,-0.483092
94,-0.677529,2.81456,-1.33142
94,-0.0919344,3.28844,-0.53386
94,-0.0864954,3.30014,-0.555885
94,-0.0892928,3.34775,-0.489324
94,-0.125903,3.13527,-0.975232
94,-0.612422,2.85538,-1.48009
94,-0.44536,3.29389,-0.561423
94,-0.339965,3.42357,-0.490651
94,-0.346068,3.40703,-0.546439
94,-0.339911,3.4371,-0.48509
94,-0.330312,3.4164,-0.550524
94,-0.330568,3.44693,-0.485332
94,-0.315694,3.43946,-0.520522
94,-0.362376,3.42664,-0.53739
94,-0.314108,3.44764,-0.517049
94,-0.0900911,3.59679,-0.323566
94,-0.440598,3.41423,-0.596243
94,-0.346224,3.44785,-0.566112
94,0.0375922,3.65973,-0.27202
94,-0.361628,3.4658,-0.548812
94,-0.298927,3.47964,-0.543886
94,0.030219,3.54503,-0.558184
94,0.656771,3.48299,-1.01838
94,-0.107373,3.49703,-0.673557
94,-0.109706,3.50585,-0.658266
94,-0.326704,3.54876,-0.481392
94,-0.318754,3.55915,-0.468562
94,-0.131796,3.53316,-0.604834
94,0.0363195,3.72526,-0.243561
94,-0.34843,3.5085,-0.57966
94,-0.40585,3.67045,-0.206367
94,-0.271917,3.55502,-0.528041
94,-0.0861678,3.66958,-0.353351
94,-0.390788,3.524,-0.560733
94,-0.794683,3.0866,-1.39819
94,-0.428169,3.69029,-0.180184
94,-0.356274,3.54884,-0.537996
94,-0.316714,3.58532,-0.478698
94,-0.270105,3.57299,-0.531641
94,-0.42131,3.68448,-0.232331
94,-0.329137,3.58958,-0.491087
94,-0.403773,3.70841,-0.213901
94,-0.148675,3.57049,-0.634914
94,-0.294672,3.61829,-0.470444
94,0.0466207,3.76573,-0.288994
94,-0.294337,3.62345,-0.474623
94,-0.290274,3.62439,-0.474383
94,-0.395208,3.69746,-0.276229
94,0.00818101,3.68797,-0.496691
94,0.0869537,3.79096,-0.309215
94,-0.098558,3.59811,-0.692705
94,-0.375361,3.65909,-0.44282
94,-0.0971702,3.59363,-0.718103
94,-0.328192,3.6514,-0.507564
94,-0.146885,3.62402,-0.650742
94,-0.154486,3.64535,-0.600938
94,0.0341754,3.82636,-0.27965
94,0.0750068,3.86244,-0.216374
94,0.0878161,3.77656,-0.418278
94,0.0537548,3.7342,-0.508791
94,-0.0894193,3.62105,-0.714093
94,-0.390963,3.68864,-0.444343
94,0.0505402,3.47019,-1.12229
94,0.095226,3.78313,-0.457648
94,0.00305128,3.87726,-0.209216
94,-0.400613,3.64462,-0.60743
94,-0.391082,3.71623,-0.448821
94,0.099699,3.88754,-0.264333
94,-0.139604,3.70422,-0.623006
94,-0.467745,3.63716,-0.671528
94,0.197866,3.73672,-0.743532
94,0.199345,3.74684,-0.747395
94,-0.154065,3.73632,-0.639689
94,-0.425895,3.72027,-0.590682
94,-0.462848,3.67933,-0.693177
94,-0.447069,3.71596,-0.653469
94,0.390282,3.79192,-0.861145
94,-0.174359,3.7769,-0.728175
94,-0.14396,3.81562,-0.714295
94,0.625431,4.20147,-0.174176
94,0.186719,3.64783,-1.26091
94,0.0861913,4.08687,-0.237634
94,0.63568,4.23503,-0.189609
94,0.0307549,4.13871,-0.260666
94,0.340136,4.10986,-0.71783
94,0.345143,4.11131,-0.718514
94,-1.70696,3.94781,-1.23798
94,-0.0782003,5.34418,-0.129288
94,-1.83796,4.84338,-0.604055
94,-0.0682869,5.29451,-0.32777
94,-0.0867475,5.4805,-0.215929
94,-1.77086,4.85025,-0.998754
94,-1.73619,4.84983,-1.06479
94,-1.73595,4.85002,-1.08427
94,-1.73362,4.86188,-1.07779
94,-1.67297,5.04501,-0.962493
94,-1.07364,5.1797,-1.02765
94,-1.63933,5.10732,-0.964118
94,-1.66741,5.12273,-0.979945
94,-1.11161,5.26326,-0.905606
94,-1.64644,5.13447,-0.99666
94,-1.65226,5.15322,-0.988279
94,-1.09259,5.27946,-1.02647
94,-1.67838,5.16636,-1.05848
94,-1.48139,5.10103,-1.30256
94,-1.10687,5.29285,-1.04727
94,-1.09217,5.29465,-1.07074
94,-1.46227,5.14024,-1.31376
94,-1.75412,5.22368,-1.0446
94,-1.63967,5.10832,-1.35888
94,-1.09318,5.34504,-1.09107
94,-1.6333,5.2116,-1.21037
94,-1.12782,5.40467,-1.05352
94,-1.11657,5.77339,-0.908264
94,0.303226,6.71308,-0.502248
94,-1.20083,6.42662,-1.29236
94,-1.21089,6.53091,-1.39612
94,-1.11301,5.35745,-0.96404
85,-1.11301,5.35745,-0.96404
94,-0.0701078,5.96995,-0.256306
85,-0.0701078,5.96995,-0.256306
94,-1.12335,5.37473,-0.982324
81,-1.12335,5.37473,-0.982324
94,-1.24454,2.61225,-1.21315
81,-1.24454,2.61225,-1.21315
94,-2.08647,5.82867,-1.32919
89,-2.08647,5.82867,-1.32919
94,-1.05992,5.61311,-1.06319
90,-1.05992,5.61311,-1.06319
95,-1.07245,2.32086,0.633255
95,-1.3817,2.3317,0.233808
95,-1.41471,2.52465,0.0815054
95,-0.112209,2.87409,-0.846792
95,0.160184,2.99014,-0.733499
95,-0.151199,2.95909,-0.871607
95,-0.106445,3.27546,-0.513391
95,-0.32338,3.39257,-0.487585
95,-0.312782,3.4013,-0.499539
95,-0.380256,3.39946,-0.498023
95,-0.36979,3.40989,-0.510675
95,0.00775984,3.48489,-0.521503
95,-0.355857,3.4115,-0.551033
95,-0.371843,3.42349,-0.553032
95,-0.319267,3.48038,-0.467906
95,-0.0820491,3.49254,-0.592197
95,-0.37241,3.48613,-0.444978
95,-0.287628,3.50117,-0.489555
95,-0.412089,3.47508,-0.522717
95,-0.325083,3.51912,-0.464276
95,0.0331667,3.42474,-1.10999
95,-0.382854,3.55833,-0.40524
95,-0.406755,3.61941,-0.184967
95,0.0367327,3.65693,-0.501964
95,-0.403455,3.67153,-0.212053
95,-0.379067,3.61268,-0.440556
95,-0.234976,3.59283,-0.612666
95,-0.409698,3.60782,-0.455586
95,-0.411286,3.69403,-0.212116
95,-0.39914,3.63759,-0.441851
95,-0.134918,3.64161,-0.635194
95,-0.115323,3.63025,-0.709232
95,-0.087397,3.67828,-0.725736
95,-0.149803,3.69825,-0.68281
95,0.0814016,3.87381,-0.223119
95,0.063397,3.89273,-0.210692
95,0.0415008,3.90147,-0.286299
95,0.631164,4.08153,-0.0938358
95,-0.422194,3.75528,-0.612547
95,0.666311,4.12182,-0.0473552
95,-0.419546,3.76291,-0.621842
95,-0.144414,3.81232,-0.672413
95,0.246342,3.86878,-0.789524
95,-0.142365,3.83675,-0.686974
95,0.577735,4.12324,-0.150784
95,0.30458,3.9351,-0.684015
95,-1.20593,4.03298,0.650319
95,0.306626,3.96275,-0.698496
95,0.160158,3.81898,-1.20753
95,-0.432022,3.86225,-0.67076
95,-0.431148,3.87401,-0.68691
95,0.368141,4.02004,-0.732671
95,-0.467938,3.93761,-0.683083
95,0.0877653,4.18699,-0.264606
95,-0.473969,4.01987,-0.707852
95,0.880675,4.93669,0.798431
95,0.291411,4.24622,-1.61794
95,0.212586,4.31429,-1.32311
95,-1.69465,4.6782,0.871325
95,-1.86761,4.44251,-0.299621
95,-1.92387,4.5883,-0.326195
95,-1.04314,4.77176,-0.722339
95,-0.0882137,5.15571,-0.0834516
95,-0.0951858,5.20316,-0.105596
95,-0.0810386,5.20258,-0.151796
95,-0.0894582,5.16495,-0.294647
95,-0.0848344,5.22522,-0.317562
95,-0.0926975,5.24731,-0.284874
95,-1.8401,4.86695,-0.595598
95,-0.087341,5.32633,-0.165346
95,-1.07118,4.95149,-0.886497
95,-1.06461,4.95842,-0.907476
95,-1.87182,4.89432,-0.618745
95,-1.75394,4.9306,-1.08429
95,-1.7561,4.93996,-1.11138
95,-1.80218,5.46384,0.659069
95,-1.89895,5.27024,-0.0226476
95,-1.81695,5.01524,-1.03368
95,-1.84352,5.04495,-1.05553
95,-1.81921,5.10672,-1.15621
95,-1.73487,5.22198,-1.01048
95,-1.72254,5.35799,-1.07842
95,-1.55384,5.36803,-1.41757
95,-1.51879,5.42361,-1.39606
95,-1.55968,5.42901,-1.40777
95,-1.71002,5.45908,-1.25034
95,-1.16457,5.76628,-0.911015
95,-1.80146,5.66578,-1.57564
95,0.336187,6.85273,-0.39441
95,-1.36865,6.96796,1.01419
95,0.513252,6.84425,-0.736887
95,-1.60734,4.96961,-0.944361
85,-1.60734,4.96961,-0.944361
95,-1.50447,5.80368,-0.348109
85,-1.50447,5.80368,-0.348109
95,-1.1571,6.04673,-0.993692
85,-1.1571,6.04673,-0.993692
95,-1.20601,5.9071,0.633093
85,-1.20601,5.9071,0.633093
95,-1.05368,6.25582,0.867801
85,-1.05368,6.25582,0.867801
95,-1.32385,6.2697,0.650768
85,-1.32385,6.2697,0.650768
95,0.229004,5.82451,-0.133068
85,0.229004,5.82451,-0.133068
95,0.00604819,3.92113,0.426515
86,0.00604819,3.92113,0.426515
95,0.0356289,4.21877,0.456627
86,0.0356289,4.21877,0.456627
95,-1.72378,2.93956,0.230832
89,-1.72378,2.93956,0.230832
95,-1.30886,6.29637,-0.468668
81,-1.30886,6.29637,-0.468668
95,-1.25685,2.85844,-0.688475
93,-1.25685,2.85844,-0.688475
96,-0.964173,2.17026,0.573348
96,-0.969768,2.17418,0.575486
96,-0.974794,2.21839,0.611363
96,-0.981065,2.21276,0.569941
96,-1.04342,2.12784,-0.150587
96,-0.996868,2.25024,0.574059
96,-1.02918,2.29254,0.617995
96,-1.03974,2.32418,0.624665
96,-1.03319,2.32468,0.611798
96,-1.0824,2.33638,0.632399
96,-1.08271,2.34113,0.639246
96,-1.07527,2.35074,0.641264
96,-1.12471,2.32561,0.402794
96,-1.12543,2.37852,0.626493
96,-1.15899,2.3914,0.653379
96,-1.15816,2.37636,0.420962
96,-1.18569,2.42244,0.659938
96,-1.16243,2.38881,0.388273
96,-1.19714,2.44996,0.649448
96,-1.25051,2.42503,0.552143
96,-1.22604,2.44247,0.6007
96,-1.30717,2.43371,0.611318
96,-1.27868,2.44449,0.628919
96,-1.39513,2.3823,0.321231
96,-0.323429,3.44403,-0.442847
96,-0.29641,3.44993,-0.445371
96,-0.383058,3.4439,-0.533526
96,-0.341606,3.48196,-0.463746
96,-0.416842,3.46352,-0.528968
96,-0.434746,3.55252,-0.566892
96,-0.386348,3.61536,-0.45085
96,-0.42063,3.67076,-0.198736
96,-0.397763,3.67299,-0.461773
96,-0.137938,3.70952,-0.694169
96,0.583685,4.09547,-0.163892
96,0.596267,4.13156,-0.194869
96,0.570059,4.20208,-0.192857
96,0.282342,4.04873,-0.879184
96,-0.896736,4.18036,0.902266
96,-0.97173,4.6133,0.902982
96,-1.43387,4.6343,0.620197
96,0.943974,5.20455,0.772258
96,-1.78361,4.68317,0.705559
96,-1.78204,4.68465,0.659589
96,-1.71237,4.74398,0.892065
96,-1.76382,4.79786,0.893644
96,-1.82539,4.83855,0.652872
96,-1.79192,4.89135,0.84967
96,-1.06866,4.8225,-0.88347
96,-1.06883,4.86889,-0.918741
96,-0.0910387,5.27483,-0.17831
96,-0.0890808,5.27973,-0.324232
96,-0.0851181,5.31997,-0.348113
96,-0.095917,5.36962,-0.216035
96,-1.11693,5.17376,-0.848981
96,-1.74339,5.34741,-1.12563
96,-1.7671,5.35427,-1.14579
96,-1.56258,5.3834,-1.48673
96,-1.54331,5.42552,-1.5009
96,-1.20798,5.97006,0.948854
96,-1.84845,5.46088,-1.65263
96,-1.21808,6.0289,-1.10016
96,-1.83062,5.82701,-1.73763
96,-1.27924,6.46603,0.911721
96,-1.32878,6.73046,0.935277
96,-1.42548,7.0471,0.57902
96,0.261488,7.5109,1.30756
96,-1.43017,7.10009,0.472188
96,-1.22927,6.34391,0.387621
86,-1.22927,6.34391,0.387621
96,-1.32732,6.86168,0.404042
86,-1.32732,6.86168,0.404042
96,-1.07745,6.43378,0.852172
86,-1.07745,6.43378,0.852172
96,-1.45572,2.70911,0.704842
86,-1.45572,2.70911,0.704842
96,-1.44519,2.7149,0.712015
86,-1.44519,2.7149,0.712015
96,-1.02392,6.00748,0.79799
86,-1.02392,6.00748,0.79799
96,-1.14209,6.13882,-1.35814
86,-1.14209,6.13882,-1.35814
96,-1.21011,5.71564,0.561204
86,-1.21011,5.71564,0.561204
96,-1.43221,2.69574,0.708013
86,-1.43221,2.69574,0.708013
96,0.0994845,5.55637,1.11055
86,0.0994845,5.55637,1.11055
96,-1.19955,6.48156,-1.21726
87,-1.19955,6.48156,-1.21726
96,-1.67782,5.9863,2.13774
87,-1.67782,5.9863,2.13774
96,-1.24186,5.93428,-1.13155
85,-1.24186,5.93428,-1.13155
96,-1.24361,6.26821,-1.11788
89,-1.24361,6.26821,-1.11788
96,-1.32125,6.88089,0.583726
89,-1.32125,6.88089,0.583726
96,-1.21792,6.18429,-1.22395
89,-1.21792,6.18429,-1.22395
96,-1.52589,2.83538,0.638417
89,-1.52589,2.83538,0.638417
96,-1.62378,3.89493,-0.217514
94,-1.62378,3.89493,-0.217514
97,-0.392965,0.920994,0.582532
97,-1.01713,2.31044,0.551592
97,-1.0368,2.31501,0.433338
97,-1.02644,2.34394,0.547816
97,-1.02234,2.35084,0.590776
97,-1.0886,2.36769,0.645534
97,-1.08086,2.37233,0.605659
97,-1.11423,2.36651,0.618289
97,-1.04978,2.39496,0.620056
97,-1.1209,2.38042,0.605773
97,-1.08376,2.39825,0.627315
97,-1.13824,2.39816,0.669936
97,-1.1577,2.40316,0.627086
97,-1.14793,2.41344,0.668161
97,-1.0477,2.43219,0.592402
97,-1.1198,2.41721,0.565164
97,-1.16429,2.41552,0.678105
97,-1.32795,2.36336,0.246127
97,-1.19854,2.41479,0.605046
97,-1.17652,2.42701,0.67793
97,-1.12974,2.43763,0.61074
97,-1.20545,2.42249,0.601071
97,-1.21018,2.41925,0.481995
97,-1.1981,2.42336,0.515041
97,-1.20242,2.4307,0.541592
97,-1.20585,2.43265,0.51413
97,-1.2114,2.44228,0.546142
97,-1.2631,2.43955,0.603585
97,-1.3867,2.40314,0.344984
97,-1.30986,2.43148,0.601075
97,-1.12917,2.47392,0.658127
97,-1.31748,2.44169,0.663946
97,-1.27587,2.44586,0.444179
97,-1.40731,2.41338,0.294181
97,-1.2907,2.45539,0.681494
97,-1.24439,2.45596,0.397632
97,-1.4059,2.41684,0.213556
97,-1.22054,2.48889,0.686009
97,-1.29063,2.50961,0.59621
97,-1.24409,3.62865,1.60855
97,-1.23262,3.69686,1.87887
97,-1.24856,3.72449,1.6425
97,-1.46798,3.79614,1.64527
97,-1.22574,3.85948,1.85604
97,-0.22349,4.061,1.91062
97,-1.32865,3.8408,1.76541
97,-0.101859,4.03474,-0.30461
97,0.608468,4.26055,-0.217675
97,-1.37118,3.97405,1.82426
97,-1.61636,4.0387,1.73897
97,-0.855581,4.1737,0.952509
97,-0.550524,4.29669,1.93191
97,-1.31042,4.24995,1.78288
97,-1.27074,4.28361,1.84129
97,-1.65055,4.40095,1.97354
97,-1.75598,4.42248,1.89013
97,-1.82801,4.37815,-0.318943
97,-1.34101,4.59223,0.613918
97,-1.34295,4.6679,0.629989
97,-1.05053,4.68379,-0.712647
97,-1.3807,4.76158,1.99441
97,-1.90085,4.74494,2.06086
97,-1.35462,4.84603,0.705529
97,-1.74,4.84141,0.879249
97,-1.07522,4.89368,-0.922931
97,-0.0892166,5.1465,-0.199414
97,-1.38294,4.97951,0.715524
97,-0.106641,5.19807,-0.330601
97,-1.82538,4.92448,0.641044
97,-1.8344,4.94452,0.692707
97,-1.64981,4.99414,0.582779
97,-1.97014,5.03696,2.23018
97,-1.98734,5.07985,2.1615
97,-0.0746833,5.37605,-0.371447
97,-1.33099,5.19458,0.848164
97,-1.58058,5.15137,0.623575
97,-0.745792,5.41392,2.34841
97,-1.65921,5.1572,0.672243
97,-1.33366,5.31685,0.854351
97,-1.36375,5.34703,0.854601
97,-1.45315,5.35586,0.727945
97,-1.82361,5.29497,0.924419
97,-1.68597,5.29037,-1.13412
97,-2.04277,5.42673,2.3412
97,-1.74199,5.34723,-1.16054
97,-1.42761,5.53109,0.765778
97,-1.75945,5.53418,0.653266
97,-1.14673,5.70718,0.961446
97,-1.74433,5.48657,-1.23634
97,-1.24825,5.69617,0.844988
97,0.331008,6.18385,2.60026
97,-1.4777,5.77678,0.771545
97,-1.26753,5.83806,0.843862
97,-2.25423,5.83182,2.51813
97,-1.53016,5.88531,0.687138
97,-1.17298,6.07267,0.924476
97,-2.26076,5.94922,2.63048
97,-2.20137,5.82467,-0.230292
97,-1.1934,6.10609,0.918655
97,-1.26307,6.11711,0.863434
97,-1.20673,6.15401,0.932491
97,-1.28047,6.20507,0.938221
97,-1.29693,6.29325,0.862645
97,-1.36422,6.29184,0.881427
97,-1.30352,6.32821,0.885847
97,-1.22212,6.36897,0.784764
97,-1.28349,6.43983,0.888855
97,0.335371,6.78887,-0.541386
97,-1.78708,6.44968,0.961267
97,-1.33731,6.53548,0.891
97,-1.46349,6.60826,0.892188
97,-1.78835,6.57698,0.95759
97,0.454087,7.22523,2.95389
97,-1.3071,6.77332,0.595549
97,-1.31496,6.82649,0.599064
97,-1.40077,6.95642,0.472019
97,-1.35093,6.97576,0.592191
97,-1.03999,4.5987,0.561095
95,-1.03999,4.5987,0.561095
97,-1.02079,5.22487,-1.05875
95,-1.02079,5.22487,-1.05875
97,-0.967988,4.93076,-0.950421
95,-0.967988,4.93076,-0.950421
97,-1.22513,5.87548,0.6004
87,-1.22513,5.87548,0.6004
97,-1.12103,6.92976,0.79205
87,-1.12103,6.92976,0.79205
97,-1.1012,6.80535,0.782067
87,-1.1012,6.80535,0.782067
97,-1.15016,7.11246,0.806712
87,-1.15016,7.11246,0.806712
97,-1.32552,5.82759,0.898101
87,-1.32552,5.82759,0.898101
97,-1.54593,5.76177,2.24285
87,-1.54593,5.76177,2.24285
97,-1.64207,5.91507,2.15098
87,-1.64207,5.91507,2.15098
97,-0.940547,5.51072,0.77226
88,-0.940547,5.51072,0.77226
97,-1.11144,5.92538,-1.30654
85,-1.11144,5.92538,-1.30654
98,-1.0993,2.34497,0.615294
98,-1.10208,2.34466,0.612303
98,-1.07376,2.35611,0.60076
98,-1.1214,2.35041,0.665926
98,-1.02935,2.38155,0.591785
98,-1.13586,2.37218,0.631974
98,-1.02907,2.39879,0.600009
98,-1.05785,2.41297,0.546711
98,-1.1872,2.39284,0.487292
98,-1.19689,2.41337,0.524002
98,-1.21783,2.42249,0.49395
98,-1.20947,2.44229,0.547853
98,-1.23483,2.43869,0.458699
98,-1.23455,2.44421,0.441638
98,-1.2362,2.44652,0.459735
98,-1.23792,2.44984,0.468555
98,-1.29409,2.45202,0.631668
98,-1.31422,2.44695,0.597548
98,-1.31993,2.45407,0.663847
98,-1.28508,2.45233,0.387421
98,-1.42093,2.42389,0.280682
98,-1.26658,2.46237,0.409823
98,-1.26742,2.4859,0.585791
98,-1.43332,2.45232,0.209282
98,-1.21902,3.32121,0.826521
98,-0.429766,3.56907,-0.19476
98,-0.406569,3.58855,-0.198076
98,-1.30252,3.58849,0.820403
98,-1.45303,3.80922,1.63049
98,0.710264,4.38967,-0.218876
98,-1.22849,4.21291,-0.104963
98,-0.0805288,4.5603,2.18351
98,-0.195401,4.55214,2.15433
98,-0.340531,4.54613,2.12655
98,0.206965,4.76346,2.25116
98,-1.46688,4.46145,1.90053
98,0.864163,4.94275,0.774308
98,0.105023,4.88097,2.26695
98,-2.06868,4.54069,2.23808
98,-0.922393,4.74433,1.01507
98,-2.12662,4.55252,2.26604
98,-0.11365,4.89713,-0.179913
98,-1.69681,4.67055,2.20984
98,-1.65895,4.73319,2.12612
98,-1.76344,4.77679,2.22771
98,-1.7924,4.77054,2.11374
98,-0.938395,4.91107,1.0284
98,-0.0997845,5.09226,-0.306068
98,-0.102522,5.13264,-0.197769
98,-1.85294,4.96364,0.674316
98,-1.04598,5.13916,0.928263
98,-1.61183,5.04825,0.676799
98,0.318212,5.49194,2.45644
98,-2.24762,4.99873,2.41037
98,-1.87267,5.016,0.660001
98,-1.05608,5.19012,0.942631
98,-1.09205,5.19341,0.941695
98,-1.97813,5.08579,2.44082
98,-1.97914,5.10195,2.33752
98,-1.81343,5.09223,0.895026
98,-1.85098,5.09139,0.911598
98,-1.42819,5.22945,0.740686
98,-1.57235,5.21814,0.915972
98,-1.30774,5.29067,0.653448
98,-1.11224,5.31239,-1.07864
98,-1.48123,5.45405,0.885274
98,-1.20676,5.50387,0.644596
98,-2.0965,5.39749,2.55557
98,-1.7544,5.40034,0.564952
98,-1.10472,5.5695,0.944936
98,-1.44527,5.50499,0.936645
98,-1.39885,5.51975,0.92308
98,-1.73089,5.44906,0.653659
98,-1.73288,5.46764,0.651008
98,-1.38751,5.54394,0.857649
98,-1.28703,5.64115,0.8685
98,-1.42794,5.63969,0.918925
98,0.264588,5.9424,-0.225337
98,-1.58628,5.64593,0.929783
98,-0.916172,5.86013,2.4221
98,-0.977502,5.88655,0.692191
98,-1.61782,5.87668,2.37241
98,-0.990503,6.03917,0.699797
98,-1.33562,6.04027,0.884441
98,-1.27103,6.05638,0.588683
98,-2.42252,5.90533,2.79247
98,-1.36262,6.07435,0.888394
98,-1.36793,6.17728,0.883978
98,-0.943107,6.38016,2.67389
98,0.250328,6.58666,1.2533
98,-0.813788,6.4949,2.66448
98,-1.15757,6.30445,-1.43457
98,-1.24289,6.3624,0.605368
98,-1.74657,6.33041,2.28902
98,-1.29216,6.39688,0.580891
98,-1.33087,6.3953,0.579143
98,-1.27926,6.42289,0.906359
98,-1.3664,6.67846,0.567753
98,-1.02443,6.82241,2.72981
98,0.241865,7.04352,1.27877
98,-1.34137,6.73035,0.602315
98,-1.84631,6.7801,2.3894
98,0.360149,7.24993,1.30023
98,-1.33853,2.9163,0.658771
96,-1.33853,2.9163,0.658771
98,-1.29107,2.44417,0.676905
96,-1.29107,2.44417,0.676905
99,-1.02775,2.34453,0.631692
99,-1.29691,2.43424,0.559484
99,-1.30051,2.44288,0.590992
99,-1.25951,2.44981,0.54461
99,-1.26396,2.45603,0.543886
99,-1.32091,2.45041,0.606085
99,-1.33944,2.45339,0.654103
99,-1.2975,2.45509,0.508745
99,-1.31964,2.49393,0.701132
99,-1.29332,2.51018,0.628195
99,-1.40931,2.54057,0.363059
99,-1.41015,2.54152,0.241441
99,-1.44513,2.56153,0.271775
99,-1.47637,2.5724,0.292462
99,-0.198649,3.45211,-0.52895
99,-0.318736,3.76161,-0.604055
99,-0.395508,3.85368,-0.527202
99,-0.405773,3.85129,-0.538547
99,-0.987871,4.90151,2.21182
99,-1.12927,4.91744,2.19773
99,0.0892239,5.09358,1.07287
99,0.12095,5.0066,-0.255307
99,-1.05576,5.0152,2.16996
99,-1.22648,4.99503,2.20023
99,0.0442126,5.17985,1.11215
99,-1.05958,5.05674,2.12712
99,-1.14841,5.07218,2.10782
99,0.166704,5.16697,-0.0761238
99,-0.101563,5.13972,-0.145657
99,-0.125248,5.12234,-0.292609
99,-0.670909,5.2373,2.24763
99,-0.099949,5.14461,-0.176375
99,-0.616451,5.25897,2.3371
99,-0.815676,5.234,2.22554
99,-0.821023,5.2879,2.30049
99,-0.0905402,5.24606,-0.214913
99,-1.02361,5.22919,1.0698
99,-1.4978,5.12484,0.892371
99,-1.70697,5.11689,0.582108
99,-1.28381,5.3651,2.16963
99,-1.53927,5.26471,0.912352
99,-1.83109,5.35824,2.32226
99,-1.47727,5.28982,0.620192
99,-1.88141,5.42598,2.18319
99,-1.98262,5.42877,2.12535
99,-1.37591,5.35519,-0.290761
99,-1.48482,5.3478,-0.351394
99,-1.52735,5.59984,2.19046
99,-1.9856,5.38943,0.726188
99,-1.92443,5.43302,0.89902
99,-1.95822,5.4343,0.914671
99,-2.03133,5.40419,0.685732
99,-2.00165,5.424,0.666171
99,-1.95236,5.4618,0.888608
99,-2.00862,5.44539,0.71215
99,-1.15179,5.64688,0.887915
99,-1.58728,5.68622,2.29501
99,-1.15593,5.67498,0.911892
99,-1.08186,5.52092,-1.15472
99,-2.13897,5.59746,2.1443
99,-1.62947,5.70546,2.10577
99,-1.21592,5.60784,-0.425102
99,-1.17542,5.81397,0.987721
99,-1.17665,5.6213,-1.20087
99,-1.221,5.76822,-0.425208
99,-1.75063,6.01591,2.3078
99,-1.1708,2.53364,0.0497182
97,-1.1708,2.53364,0.0497182
99,-0.259368,3.80175,-0.689181
81,-0.259368,3.80175,-0.689181
100,-1.18026,2.01361,-0.24608
100,-1.05649,2.0939,-0.177042
100,-1.08394,2.16522,-0.206452
100,-1.34419,2.46759,0.639007
100,-1.31684,2.46149,0.527078
100,-1.31953,2.51602,0.680129
100,-1.29216,2.5207,0.620578
100,-1.308,2.49143,0.483878
100,-1.34254,2.52151,0.592659
100,-1.30793,2.53226,0.599856
100,-1.30804,2.53254,0.599835
100,-1.39118,2.52263,0.396149
100,-1.54401,2.36933,-0.244946
100,-1.39164,2.52655,0.374639
100,-1.39277,2.5417,0.3829
100,-1.40351,2.54443,0.382184
100,-1.41555,2.55221,0.398822
100,-1.47034,2.57474,0.331966
100,-1.47413,2.58192,0.31966
100,-1.47989,2.60306,0.332773
100,-1.49145,2.57905,0.187959
100,-1.42174,2.55012,-0.292291
100,-1.51933,2.63487,0.172935
100,-1.47341,2.64904,0.185073
100,-1.47636,2.65359,0.192962
100,-1.52594,2.65875,0.246324
100,-1.54274,2.68571,0.156542
100,0.141376,3.42726,-0.593416
100,-0.437073,3.63599,-0.603868
100,-0.282066,3.67644,-0.643958
100,-0.379696,3.72487,-0.646232
100,-0.329039,3.78067,-0.58593
100,-0.401053,3.83626,-0.285516
100,-0.423127,3.83672,-0.263846
100,-0.406566,3.83388,-0.523643
100,-0.412992,3.87961,-0.285608
100,-2.47515,3.56997,-0.520403
100,0.122303,4.88174,-0.248352
100,-1.4064,4.75641,-1.21381
100,-0.101227,5.28238,-0.237018
100,-1.55102,4.80627,-0.9424
100,-0.097101,5.29404,-0.314934
100,-0.0989698,5.30865,-0.242424
100,-1.54943,4.82662,-0.946238
100,-0.0930275,5.33197,-0.342421
100,-1.14539,5.67682,0.893939
100,-2.02132,5.51087,0.703401
100,-1.1728,5.90112,0.989541
100,-1.00765,5.97927,1.01633
100,-1.17036,6.088,1.00161
100,-1.22525,6.12797,1.00477
100,-2.19425,5.92,0.616773
100,-1.31099,6.31672,0.584029
97,-1.31099,6.31672,0.584029
100,-1.51036,4.75963,-1.30455
88,-1.51036,4.75963,-1.30455
100,-1.60518,5.05438,-1.41785
88,-1.60518,5.05438,-1.41785
101,-1.19052,1.97511,-0.247245
101,-1.14799,2.01656,-0.254949
101,-1.12686,2.06477,-0.231058
101,-1.0912,2.2038,-0.247939
101,-1.06341,2.2561,-0.526261
101,-1.06838,2.26625,-0.524957
101,-1.36497,2.54912,0.637783
101,-1.06011,2.28303,-0.58691
101,-1.43416,2.5692,0.399425
101,-0.0654422,3.67559,-0.658437
101,-0.431651,3.62582,-0.597598
101,-0.365838,3.66385,-0.657935
101,-0.410802,3.8317,-0.206387
101,-0.416541,3.81467,-0.263923
101,-0.42703,3.82447,-0.263217
101,0.082909,3.99469,-0.28342
101,-0.334417,3.78285,-0.575135
101,-0.309721,3.80812,-0.573363
101,0.131992,4.07715,-0.211272
101,-0.386843,3.83029,-0.508014
101,-2.19649,3.69408,-0.840999
101,-2.5629,3.7676,-0.598421
101,0.122488,4.96947,-0.258836
101,0.13714,5.15173,-0.121251
101,-1.54872,4.41185,-1.23749
101,-0.125642,5.15954,-0.320478
101,-0.0984838,5.21486,-0.209777
101,-1.56766,4.49641,-1.23103
101,-1.55284,4.62647,-0.923937
101,-0.105332,5.31509,-0.261564
101,-1.56813,4.69149,-0.94459
101,-1.55697,4.71532,-0.921079
101,-1.53587,4.74794,-0.934789
101,-1.6378,5.21831,0.574568
101,-1.33662,5.55436,0.704593
101,-1.28677,5.676,0.879032
101,-1.09794,5.8254,1.09519
101,-1.06687,5.91059,1.09681
101,-1.39509,5.46723,-0.320469
101,-1.05241,5.61921,-1.14925
101,-1.07193,5.63837,-1.21294
101,-1.25335,2.38804,0.647991
99,-1.25335,2.38804,0.647991
101,-1.22924,3.06401,0.506908
99,-1.22924,3.06401,0.506908
101,-1.52646,5.08863,-1.05982
88,-1.52646,5.08863,-1.05982
101,-1.15984,5.51816,-1.16501
85,-1.15984,5.51816,-1.16501
102,-1.16474,1.92761,-0.203751
102,-1.19752,1.96674,-0.267145
102,-1.36971,2.47398,0.435983
102,-1.38388,2.49997,0.394905
102,-1.61166,2.16779,-0.244351
102,-1.29635,2.32669,-0.183223
102,-1.30049,2.33604,-0.194509
102,-1.04564,2.31131,-0.508085
102,-1.26073,2.55255,0.206598
102,-1.39707,2.57424,0.363528
102,-1.15096,2.54457,0.0746973
102,-1.15294,2.55034,0.0890566
102,-1.15371,2.55057,0.0792676
102,-1.58183,2.2307,-0.285486
102,-1.57676,2.23619,-0.290135
102,-1.05743,2.33426,-0.538421
102,-1.05573,2.34061,-0.531534
102,-1.46038,2.51997,0.190313
102,-1.61655,2.27566,-0.247077
102,-1.6451,2.26983,-0.245763
102,-1.49252,2.63769,0.315121
102,-1.09272,2.27477,-0.923485
102,-1.03363,2.48586,-0.607745
102,-1.02904,2.51599,-0.602433
102,-1.5437,2.76246,0.221298
102,-1.56613,2.53392,-0.308433
102,-1.63895,2.55365,-0.301787
102,-1.06618,2.62419,-0.692142
102,-0.586157,2.56317,-1.24719
102,-0.664055,2.73487,-1.2126
102,-0.685857,2.79107,-1.28619
102,-1.69823,2.81215,-0.413387
102,-0.445231,3.55805,-0.56427
102,-0.278331,3.60068,-0.624658
102,-0.153528,3.63403,-0.658675
102,-0.380558,3.61473,-0.610048
102,-0.413517,3.78389,-0.246916
102,-0.443323,3.62838,-0.593546
102,-0.339744,3.69535,-0.54568
102,-0.289587,3.68372,-0.641319
102,-0.41803,3.67217,-0.581796
102,-0.341918,3.744,-0.550349
102,-1.54635,3.51339,-0.0487553
102,0.0379474,4.0235,-0.276067
102,-0.394417,3.76236,-0.499991
102,7.90358e-05,4.04483,-0.281627
102,-1.88298,3.23286,-0.56534
102,-2.28119,3.25621,-0.492145
102,-0.0723883,4.30687,-0.381177
102,-2.39311,3.42122,-0.466446
102,-2.38915,3.42214,-0.564515
102,-2.46199,3.56201,-0.629756
102,-2.47117,3.58533,-0.615808
102,-1.85615,4.80545,0.685338
102,-1.83192,4.81669,0.655456
102,-1.86985,4.86938,0.737546
102,-2.65524,3.95222,-0.662788
102,-1.84547,4.88098,0.707552
102,-2.67347,3.97071,-0.670305
102,-1.87842,4.94218,0.66886
102,-0.102422,5.19096,-0.332195
102,-0.10425,5.26083,-0.22769
102,-0.104214,5.27039,-0.217709
102,-1.57293,5.10813,0.614758
102,-1.60629,5.17285,0.596695
102,-1.73753,5.24213,0.568711
102,-1.49125,4.73546,-1.04441
102,-1.58426,4.94327,-1.00126
102,-1.61435,4.96212,-1.01019
102,-1.58607,4.97239,-1.01243
102,-1.63971,5.02715,-1.05391
102,-1.65942,5.0358,-1.06838
102,-1.13724,5.26192,-1.02877
102,-1.13984,5.53974,-0.897341
102,-1.28977,6.12421,0.495357
102,-1.18553,5.57314,-0.99499
102,-1.2314,5.86357,-0.452907
102,-1.14063,6.06125,-1.32132
102,-1.17095,6.63272,-1.56515
102,-0.94831,4.5335,-0.781182
85,-0.94831,4.5335,-0.781182
102,-1.43823,5.15385,-1.34054
85,-1.43823,5.15385,-1.34054
102,-1.10513,5.21371,-1.00947
94,-1.10513,5.21371,-1.00947
102,-1.21363,5.90512,-1.28604
100,-1.21363,5.90512,-1.28604
102,-1.45962,2.57299,0.326593
100,-1.45962,2.57299,0.326593
102,-1.04638,2.09238,-0.183129
100,-1.04638,2.09238,-0.183129
102,-1.33311,2.4657,0.633434
100,-1.33311,2.4657,0.633434
102,-1.32741,2.50764,0.665176
100,-1.32741,2.50764,0.665176
102,-1.26629,2.46609,0.450134
100,-1.26629,2.46609,0.450134
102,-1.46,4.88396,-1.08567
90,-1.46,4.88396,-1.08567
102,-1.22916,5.77099,-0.299804
88,-1.22916,5.77099,-0.299804
103,-1.15496,1.94417,-0.224642
103,-1.18489,1.94511,-0.235698
103,-1.21572,1.96854,-0.251595
103,-1.05984,2.09776,-0.179852
103,-1.1893,2.01536,-0.263618
103,-1.08309,2.14486,-0.205869
103,-1.24586,2.32865,-0.211289
103,-1.19417,1.86832,-1.0636
103,-1.26911,2.32193,-0.218119
103,-1.60801,2.14266,-0.280049
103,-1.5463,2.2085,-0.224245
103,-1.17188,1.90636,-1.07347
103,-1.6187,2.07766,-0.433985
103,-1.19709,1.88772,-1.09894
103,-0.99123,1.93908,-1.27156
103,-1.06104,2.35726,-0.535142
103,-1.02353,1.95133,-1.29443
103,-0.379423,2.25581,-1.26355
103,-1.0974,2.28318,-0.90171
103,-1.04863,2.49387,-0.586302
103,-1.57936,2.4629,-0.284855
103,-1.08477,2.16841,-1.20872
103,-1.07971,2.21661,-1.19175
103,-0.479862,2.44178,-1.30547
103,-0.480176,2.4555,-1.30849
103,-1.08485,2.40738,-1.00623
103,-1.09461,2.44152,-1.06901
103,-0.667837,2.72276,-1.23037
103,-0.669469,2.81493,-1.30799
103,-0.762277,2.87222,-1.22004
103,-0.150387,3.60678,-0.652489
103,-0.374586,3.62345,-0.620553
103,-0.414891,3.83765,-0.267714
103,-0.284866,3.69134,-0.64073
103,-0.385673,3.66508,-0.633496
103,-0.340151,3.73105,-0.570898
103,-0.84725,2.98858,-1.48857
103,-0.396392,3.76228,-0.496987
103,-3.1698,3.38643,-0.342026
103,-2.62263,3.88497,-0.634517
103,-0.0957739,5.28735,-0.226387
103,-0.113726,5.23709,-0.33028
103,-1.47437,4.68947,-1.01869
103,-1.56982,4.78852,-0.936572
103,-1.5793,4.93924,-1.00044
103,-1.53002,4.97254,-0.997163
103,-1.63772,4.93336,-1.03752
103,-1.61545,4.98478,-1.02212
103,-1.13644,5.26815,-1.06388
103,-1.16384,5.42185,-0.951981
103,-1.12571,5.93144,-1.30738
103,-1.12168,1.96541,-0.239059
101,-1.12168,1.96541,-0.239059
103,-1.5036,4.70482,-1.02273
85,-1.5036,4.70482,-1.02273
104,-0.87949,2.22686,0.361444
104,-1.10094,1.9708,-0.16858
104,-1.1211,1.93566,-0.218708
104,-1.05673,2.02593,-0.141294
104,-1.14497,1.93456,-0.222579
104,-1.10476,1.99256,-0.192709
104,-1.09409,2.00009,-0.191829
104,-1.13526,1.95951,-0.224533
104,-1.1352,1.96384,-0.22405
104,-1.13492,1.96995,-0.220204
104,-1.13902,1.97152,-0.221542
104,-1.13369,1.96443,-0.241946
104,-1.06714,2.02889,-0.194964
104,-1.15948,1.95813,-0.238268
104,-1.11326,2.019,-0.193506
104,-1.06888,2.03505,-0.205847
104,-1.10096,2.03505,-0.202107
104,-1.19828,1.98931,-0.24316
104,-1.0758,2.06721,-0.22638
104,-1.08198,2.106,-0.245667
104,-0.368266,1.81301,-1.14997
104,-0.207249,1.84257,-1.21782
104,-0.249431,1.82957,-1.21974
104,-0.617716,1.67392,-1.20098
104,-1.06967,2.20352,-0.207329
104,-1.06626,2.22642,-0.217401
104,-0.293061,2.04252,-1.26499
104,-1.31226,2.32623,-0.193809
104,-1.53346,1.43342,-1.33805
104,-1.04483,2.27317,-0.489804
104,-1.31685,2.35158,-0.198526
104,-1.56195,2.21639,-0.233215
104,-1.55869,2.22172,-0.235735
104,-1.05827,2.24989,-0.53017
104,-1.06252,2.30734,-0.456038
104,-1.56536,2.23107,-0.23541
104,-1.57496,2.23145,-0.243052
104,-1.56065,2.21656,-0.280407
104,-1.60655,2.25714,-0.225073
104,-1.07037,2.33267,-0.474915
104,-1.0544,2.32289,-0.535312
104,-1.19296,1.89305,-1.06665
104,-1.5854,2.2976,-0.268977
104,-1.6396,2.32807,-0.23673
104,-1.07212,2.38023,-0.545597
104,-1.07873,2.40484,-0.525928
104,-1.6505,2.36022,-0.246909
104,-1.54692,2.40344,-0.25519
104,-1.07978,2.37867,-0.604797
104,-1.07762,2.43729,-0.533059
104,-1.67037,2.35733,-0.264894
104,-1.09406,2.39123,-0.60592
104,-1.01971,2.43685,-0.608066
104,-1.08167,2.39083,-0.676352
104,-1.04757,2.47144,-0.593388
104,-1.06363,2.09624,-1.13931
104,-1.03506,2.11218,-1.1453
104,-0.379697,2.30111,-1.32014
104,-1.08108,2.43306,-0.67987
104,-1.08284,2.13402,-1.1784
104,-1.08497,2.17319,-1.12588
104,-1.08413,2.13492,-1.19013
104,-1.07128,2.1648,-1.15838
104,-1.08452,2.18773,-1.12078
104,-1.60772,2.5161,-0.302895
104,-1.04112,2.17887,-1.18858
104,-1.07221,2.19351,-1.17478
104,-1.04677,2.21182,-1.17087
104,-1.04266,2.22607,-1.17182
104,-1.64751,2.57583,-0.306338
104,-1.04842,2.22124,-1.23086
104,-0.482309,2.46491,-1.31138
104,-1.05728,3.21983,0.152203
104,-0.562944,2.56635,-1.24544
104,-0.479099,2.53435,-1.37791
104,-1.70193,2.69293,-0.34702
104,-0.5684,2.62815,-1.28876
104,-1.75307,2.76364,-0.383502
104,-0.894354,2.63618,-1.18387
104,-0.570045,2.69852,-1.34681
104,-0.924226,2.6528,-1.20759
104,-0.66601,2.74674,-1.2589
104,-0.749829,2.78794,-1.15246
104,-1.10155,2.28083,-1.67616
104,-1.02154,2.6204,-1.25975
104,-0.766415,2.82788,-1.19321
104,-0.75458,2.85644,-1.18403
104,-0.671383,2.8168,-1.29987
104,-1.0141,2.63904,-1.34451
104,-1.02651,2.6841,-1.28209
104,-0.9106,2.75407,-1.2748
104,-0.902022,2.73378,-1.35787
104,-0.301243,3.54532,-0.590804
104,-0.151802,3.58531,-0.640737
104,-0.153824,3.60905,-0.627209
104,-0.252571,3.55934,-0.639552
104,-0.332799,3.61875,-0.528791
104,-0.446334,3.53411,-0.575796
104,-0.383539,3.59064,-0.593154
104,-0.308401,3.63086,-0.62688
104,-0.348412,3.70021,-0.542362
104,-0.815296,2.88074,-1.42057
104,-0.406703,3.71473,-0.494987
104,-0.421663,3.86872,-0.266975
104,-2.08987,3.17308,-0.479854
104,-0.840628,3.08236,-1.57811
104,-1.57006,3.86507,-0.371174
104,-2.54894,3.36276,-0.47422
104,-2.40838,3.42673,-0.487252
104,-2.5778,3.39647,-0.506249
104,-1.79477,4.25951,-0.194831
104,-2.5755,3.77763,-0.689631
104,-1.70018,4.31096,-0.518432
104,-2.68102,3.95694,-0.662459
104,-1.3111,4.52229,-0.85615
104,-1.6464,4.38069,-1.25935
104,-1.61276,4.50253,-1.29556
104,-1.14998,5.07598,-0.842985
104,-1.51362,4.80482,-1.05624
104,-1.37266,4.85926,-1.1996
104,-1.40133,4.86421,-1.19611
104,-1.55074,4.95887,-0.991374
104,-1.57481,4.903,-1.09854
104,-1.55347,4.83671,-1.28514
104,-1.60558,5.02437,-1.01862
104,-1.63771,4.78481,-1.34934
104,-1.17352,5.36943,-0.947286
104,-1.58936,5.04168,-1.14533
104,-1.43411,5.05225,-1.3198
104,-1.66584,5.1116,-1.08653
104,-1.56706,4.97627,-1.36287
104,-1.59572,5.13804,-1.17733
104,-1.56025,5.01374,-1.3834
104,-1.56336,5.01575,-1.39193
104,-1.14551,5.41617,-1.09861
104,-1.1547,5.4918,-0.986352
104,-1.16721,5.4117,-1.10458
104,-1.66638,5.26934,-1.1253
104,-1.6137,5.24228,-1.2226
104,-1.62682,5.13814,-1.41176
104,-1.15476,5.59702,-1.16927
104,-1.74731,5.1804,-1.40193
104,-1.16027,5.60013,-1.1934
104,-1.1424,5.91627,-1.0105
104,-1.75327,5.33073,-1.46471
104,-1.17284,6.24125,-1.08083
104,-1.17262,6.49998,-1.4826
104,-1.8059,4.47609,0.0439717
94,-1.8059,4.47609,0.0439717
104,-3.36664,10.2843,-3.65905
94,-3.36664,10.2843,-3.65905
105,-0.352907,1.51342,-1.174
105,-0.432777,1.49882,-1.17894
105,-0.409284,1.54244,-1.14315
105,-0.428174,1.55906,-1.11483
105,-1.20596,1.90185,-0.242908
105,-0.432737,1.56913,-1.14203
105,-1.19549,1.93439,-0.230365
105,-1.16152,1.96684,-0.220684
105,-0.523121,1.4882,-1.21552
105,-1.15865,1.96471,-0.232647
105,-0.441539,1.58938,-1.14341
105,-1.14613,1.99096,-0.219798
105,-0.493108,1.55817,-1.168
105,-0.491055,1.57477,-1.15072
105,-1.23504,1.9417,-0.250474
105,-1.21876,1.94771,-0.260522
105,-1.22001,1.95101,-0.260408
105,-0.487211,1.58183,-1.187
105,-1.14151,2.05611,-0.207347
105,-1.12585,2.05084,-0.236001
105,-1.13394,2.07276,-0.21364
105,-1.6205,1.14775,-1.1102
105,-0.396738,1.70924,-1.1274
105,-0.336588,1.72974,-1.14649
105,-1.12299,2.08887,-0.226199
105,-1.0883,2.10068,-0.232895
105,-1.09466,2.18862,-0.118161
105,-1.08191,2.10247,-0.237378
105,-1.58273,1.14071,-1.1708
105,-0.288376,1.73599,-1.21839
105,-1.07693,2.16057,-0.207469
105,-0.29279,1.73016,-1.22341
105,-1.08447,2.20663,-0.153869
105,-1.09775,2.20559,-0.153042
105,-0.334049,1.75807,-1.17891
105,-1.09191,2.22903,-0.140709
105,-0.211528,1.82116,-1.1941
105,-0.260407,1.80236,-1.19561
105,-0.198987,1.81973,-1.21101
105,-1.58354,1.17942,-1.2251
105,-0.616084,1.66741,-1.17896
105,-1.66494,1.18225,-1.17716
105,-0.606958,1.69212,-1.18364
105,-1.09665,2.25322,-0.180561
105,-1.22277,2.18655,-0.191918
105,-1.10371,2.275,-0.170578
105,-1.62536,1.19615,-1.25932
105,-1.21603,2.26476,-0.170991
105,-1.46617,2.17984,-0.225557
105,-0.798876,1.76138,-1.1991
105,-1.31857,2.31659,-0.185157
105,-1.543,2.17023,-0.243114
105,-1.56189,2.16436,-0.243498
105,-1.46873,2.21018,-0.24225
105,-1.54664,2.18226,-0.248737
105,-1.06132,2.24179,-0.481691
105,-1.56867,2.20376,-0.229288
105,-1.51722,2.24125,-0.213088
105,-1.5786,2.20157,-0.229842
105,-1.3344,2.35177,-0.186018
105,-1.56106,2.21585,-0.226791
105,-1.59094,2.05368,-0.42909
105,-1.06631,2.24958,-0.49255
105,-1.61623,2.05364,-0.41673
105,-1.05782,2.23745,-0.516638
105,-1.50785,1.4224,-1.29904
105,-1.52974,2.26343,-0.216144
105,-1.58584,2.21824,-0.263234
105,-1.06304,2.24802,-0.537044
105,-1.63414,2.22593,-0.226554
105,-1.05716,2.26218,-0.532038
105,-1.54623,2.22957,-0.284376
105,-1.63729,2.23778,-0.221097
105,-1.64324,2.23978,-0.215068
105,-1.1806,1.82283,-1.03155
105,-0.806681,1.82107,-1.25644
105,-1.36485,2.39493,-0.192085
105,-1.05235,2.25679,-0.555238
105,-1.06887,2.27267,-0.526272
105,-1.5309,1.43877,-1.31823
105,-1.18906,1.82625,-1.04453
105,-1.05253,2.3085,-0.5156
105,-1.70209,2.22548,-0.236074
105,-1.18556,1.83972,-1.04415
105,-0.29348,2.0763,-1.27457
105,-0.946684,1.85287,-1.18406
105,-2.03989,1.2219,-1.34111
105,-1.04953,2.28213,-0.576761
105,-1.2572,1.78609,-1.09608
105,-1.71226,2.24999,-0.23653
105,-0.963911,1.85269,-1.1908
105,-1.05705,2.35611,-0.498585
105,-1.04796,2.29921,-0.578919
105,-1.07489,2.30758,-0.552213
105,-1.07123,2.35929,-0.48903
105,-1.47944,2.37353,-0.229442
105,-0.97898,1.84605,-1.2025
105,-1.18642,1.87914,-1.0422
105,-1.48605,2.37669,-0.228987
105,-1.07834,2.36404,-0.497481
105,-1.72197,2.26157,-0.25036
105,-1.0539,2.36268,-0.538925
105,-1.08393,2.38498,-0.503456
105,-1.2713,1.80992,-1.13046
105,-1.06268,2.31597,-0.620488
105,-1.06615,2.31359,-0.622313
105,-1.74906,2.28775,-0.255162
105,-1.17136,1.89636,-1.10069
105,-1.04835,2.39734,-0.552279
105,-1.77768,2.31833,-0.263625
105,-1.09699,2.45216,-0.498572
105,-1.68147,2.38444,-0.245398
105,-1.63839,2.41312,-0.237271
105,-1.18679,1.93911,-1.13701
105,-1.02822,2.4599,-0.575799
105,-1.10969,2.48046,-0.526994
105,-1.03717,2.48061,-0.577116
105,-0.99702,1.93429,-1.3154
105,-1.0187,2.08508,-1.1129
105,-0.38872,2.24191,-1.28717
105,-1.04563,2.07373,-1.12011
105,-1.10029,2.24725,-0.8843
105,-1.06055,2.09055,-1.11517
105,-1.0878,2.23888,-0.932821
105,-0.374213,2.28631,-1.29762
105,-1.08057,2.1316,-1.0765
105,-1.03899,2.114,-1.12764
105,-1.08747,2.13255,-1.07534
105,-1.07619,2.22537,-0.966768
105,-1.13082,2.07022,-1.13626
105,-1.03253,2.12493,-1.13466
105,-1.08305,2.25606,-0.943753
105,-1.08585,2.16248,-1.06176
105,-1.10555,2.2797,-0.907036
105,-1.07751,2.14709,-1.09484
105,-1.07974,2.14838,-1.0966
105,-1.0891,2.17804,-1.05686
105,-1.08583,2.26142,-0.957605
105,-1.0669,2.14207,-1.12371
105,-1.07571,2.16238,-1.10665
105,-1.08463,2.2644,-0.971107
105,-1.10688,2.30035,-0.916142
105,-1.05555,2.1907,-1.09096
105,-1.05914,2.07606,-1.25116
105,-1.0537,2.2046,-1.10145
105,-1.04789,2.20337,-1.11617
105,-1.04628,2.17677,-1.18283
105,-1.03697,2.20436,-1.19854
105,-1.59128,1.95798,-1.19683
105,-1.06299,2.12551,-1.29727
105,-1.06044,2.25085,-1.14837
105,-1.02535,2.22568,-1.21692
105,-0.474227,2.43658,-1.27538
105,-1.05155,2.25663,-1.16265
105,-1.06604,2.143,-1.3079
105,-1.07772,2.13556,-1.31298
105,-1.71872,2.65662,-0.313137
105,-1.06868,2.39316,-1.03857
105,-1.62049,2.00716,-1.23276
105,-1.07616,2.41241,-1.05441
105,-0.484916,2.4979,-1.33595
105,-1.74094,2.71435,-0.33743
105,-1.66605,2.03067,-1.26778
105,-0.564374,2.56966,-1.23764
105,-0.469056,2.52328,-1.35803
105,-0.937521,2.42625,-1.22263
105,-0.933554,2.46453,-1.21416
105,-1.0832,2.46076,-1.14013
105,-1.07077,2.46409,-1.14406
105,-0.976982,2.50293,-1.16382
105,-0.929962,2.45619,-1.25803
105,-0.978989,2.50108,-1.17787
105,-0.57528,2.61447,-1.27677
105,-0.944013,2.46441,-1.26109
105,-0.955431,2.49748,-1.22757
105,-0.93983,2.49225,-1.25014
105,-0.917889,2.53979,-1.21728
105,-0.891606,2.58757,-1.20164
105,-0.980071,2.50867,-1.25123
105,-0.586953,2.68061,-1.32197
105,-0.89986,2.61308,-1.2381
105,-0.884097,2.63352,-1.22244
105,-0.908047,2.65862,-1.19221
105,-0.878297,2.64055,-1.23385
105,-1.01668,2.60033,-1.22436
105,-1.00007,2.60747,-1.23577
105,-0.660854,2.75763,-1.25272
105,-0.978579,2.57825,-1.29603
105,-0.908267,2.69408,-1.22867
105,-0.896072,2.67971,-1.31482
105,-0.796544,2.76038,-1.31766
105,-0.667391,2.83916,-1.29879
105,-0.429077,3.79567,-0.261992
105,-0.371723,3.58527,-0.600873
105,-1.98619,2.99293,-0.416107
105,-2.29012,2.95195,-0.298836
105,-2.02201,2.99561,-0.407443
105,-2.20989,2.97546,-0.329143
105,-0.392209,3.61571,-0.611295
105,-0.359188,3.69022,-0.549557
105,-0.406917,3.74539,-0.462194
105,-2.26297,3.16874,-0.374573
105,-3.27979,3.13035,-0.185451
105,-1.82253,4.32322,-0.114935
105,-1.25729,4.40214,-0.793303
105,-1.39356,4.56123,-0.821662
105,-1.34663,4.72467,-1.00682
105,-1.61813,4.76848,-0.922692
105,-1.49266,4.77605,-1.02996
105,-1.49687,4.85704,-0.934023
105,-1.62558,4.64281,-1.19687
105,-1.49697,4.87898,-0.987946
105,-1.53735,4.88502,-1.06581
105,-1.60412,4.68438,-1.32261
105,-1.52146,4.72658,-1.31796
105,-1.52993,4.7492,-1.28738
105,-1.41697,4.87056,-1.22101
105,-1.38535,4.89788,-1.21992
105,-1.40112,4.88634,-1.26686
105,-1.41274,4.91622,-1.29722
105,-1.44623,4.89868,-1.31585
105,-1.22183,5.70266,-0.42395
105,-1.45476,4.89161,-1.35712
105,-1.16749,5.33749,-1.06427
105,-1.16185,5.47174,-0.98115
105,-1.68371,5.1752,-1.09738
105,-1.4353,5.12117,-1.33735
105,-1.589,5.0493,-1.40525
105,-1.1877,5.60163,-1.00369
105,-1.7159,5.10783,-1.37155
105,-1.70115,5.09475,-1.51774
105,-1.72891,5.20149,-1.53557
105,-1.16908,6.08842,-1.04005
105,-1.37167,4.53135,-1.19381
81,-1.37167,4.53135,-1.19381
105,-1.60171,2.13184,-0.242384
102,-1.60171,2.13184,-0.242384
105,-1.60171,2.13184,-0.242384
102,-1.60171,2.13184,-0.242384
105,-0.354769,1.89162,-1.24439
79,-0.354769,1.89162,-1.24439
105,-0.514983,5.26425,-1.16369
93,-0.514983,5.26425,-1.16369
106,-1.15246,1.924,-0.20726
106,-1.12912,1.95823,-0.20278
106,-1.12572,1.95809,-0.216968
106,-1.20974,1.93406,-0.240492
106,-1.11759,2.04419,-0.196749
106,-1.0773,2.06385,-0.195717
106,-1.06946,2.06546,-0.203126
106,-1.05567,2.09007,-0.177646
106,-1.115,2.0474,-0.211981
106,-1.05763,2.1129,-0.193102
106,-1.09228,2.15867,-0.115068
106,-1.09558,2.10617,-0.218799
106,-1.09349,2.12668,-0.185564
106,-1.07934,2.16835,-0.14415
106,-1.14943,2.4068,0.26106
106,-1.0822,2.21307,-0.159969
106,-0.793953,1.77842,-1.17981
106,-1.19322,2.23364,-0.139768
106,-1.05825,2.28395,-0.170884
106,-1.24159,2.30403,-0.191826
106,-1.15392,2.51612,0.0985788
106,-1.54221,2.17476,-0.194776
106,-1.26183,2.33758,-0.200718
106,-1.19436,1.8829,-1.04932
106,-1.05794,2.27256,-0.511534
106,-1.60129,2.26533,-0.196208
106,-1.07587,2.30795,-0.548464
106,-1.00389,1.95608,-1.29031
106,-0.375092,2.29331,-1.30368
106,-1.06497,2.37798,-0.632142
106,-1.09433,2.45832,-0.488629
106,-1.1023,2.46504,-0.493549
106,-1.39422,2.65768,0.0585184
106,-1.08037,2.37825,-0.679685
106,-1.55907,2.43054,-0.248389
106,-1.08028,2.26043,-0.969617
106,-1.53632,2.72533,0.172406
106,-1.09819,2.14393,-1.19837
106,-1.08682,2.28261,-0.977639
106,-0.48914,2.4294,-1.26655
106,-1.09189,2.14718,-1.32071
106,-1.08071,2.19098,-1.32094
106,-1.09215,2.18765,-1.34011
106,-1.4486,2.80659,0.00378895
106,-0.469623,2.49959,-1.33122
106,-0.487188,2.50357,-1.32057
106,-0.561428,2.54729,-1.219
106,-1.6769,2.63834,-0.30513
106,-0.577282,2.63948,-1.27435
106,-0.586169,2.66931,-1.30052
106,-0.906129,2.62433,-1.15682
106,-0.900887,2.63996,-1.17467
106,-1.75583,2.78668,-0.364821
106,-1.00584,2.65353,-1.24521
106,-0.914733,2.74591,-1.24183
106,-1.02885,2.67936,-1.2655
106,-0.899044,2.73557,-1.3619
106,-0.164187,3.54806,-0.618591
106,-0.470095,3.4229,-0.596856
106,-0.425079,3.52018,-0.558367
106,-0.432655,3.77403,-0.247357
106,-0.473281,3.52486,-0.644363
106,-1.12766,3.62416,0.0451598
106,-0.829369,2.90665,-1.42274
106,-0.34644,3.66728,-0.520812
106,-1.4278,3.39909,-0.197087
106,-1.42677,3.4138,-0.195267
106,-0.837768,3.0096,-1.46995
106,-2.02626,3.11545,-0.453331
106,-2.15993,3.12418,-0.384586
106,-2.08522,3.16301,-0.461654
106,-1.98816,3.24012,-0.457046
106,-1.22614,4.01884,-0.0613544
106,-1.53681,3.7887,-0.302061
106,-2.36862,3.38697,-0.438804
106,-3.09217,3.30175,-0.301921
106,-1.77127,4.04687,-0.118763
106,-2.79057,3.45319,-0.393215
106,-2.80836,3.47258,-0.404518
106,-2.85375,3.5323,-0.426085
106,-1.64339,4.18838,-0.47777
106,-2.80335,3.81661,-0.365653
106,-3.05884,3.71385,-0.453539
106,-2.61472,3.83148,-0.615978
106,-1.38244,4.43304,-0.811283
106,-3.96572,3.801,0.0754977
106,-1.32436,4.55373,-0.912757
106,-1.34034,4.63943,-0.938065
106,-1.63534,4.48858,-0.964598
106,-1.61214,4.65097,-0.851991
106,-1.4692,4.69778,-0.896619
106,-1.57957,4.67893,-0.85602
106,-1.56035,4.5071,-1.24774
106,-1.49071,4.72599,-1.06661
106,-1.56976,4.57479,-1.26674
106,-1.53979,4.65231,-1.19761
106,-1.47177,4.79132,-1.07139
106,-1.58971,4.8778,-0.971085
106,-1.38733,4.85355,-1.1822
106,-1.59643,4.90498,-0.9675
106,-1.38831,4.86682,-1.22113
106,-1.52632,4.88745,-1.09968
106,-1.40298,4.8951,-1.25616
106,-1.54203,4.8362,-1.24769
106,-1.55286,4.84582,-1.25834
106,-1.61098,5.07482,-1.03929
106,-1.54267,4.94898,-1.33347
106,-1.68493,5.07299,-1.01296
106,-1.69199,4.95372,-1.36661
106,-1.16938,5.44689,-1.12515
106,-1.15426,5.5202,-1.15379
106,-1.17235,6.13154,-1.05938
106,-0.961344,1.60616,0.446431
102,-0.961344,1.60616,0.446431
106,-0.830751,1.38898,0.540382
102,-0.830751,1.38898,0.540382
106,-0.905129,2.76146,-1.33347
84,-0.905129,2.76146,-1.33347
107,-1.1353,1.99614,-0.240369
107,-1.1131,2.06349,-0.233247
107,-1.11889,2.07143,-0.226219
107,-1.5994,2.06784,-0.422171
107,-1.5974,2.06322,-0.446682
107,-1.04081,2.31832,-0.523746
107,-1.15771,2.5651,0.0938215
107,-1.07711,2.24614,-0.977768
107,-0.469877,2.43653,-1.27515
107,-1.03033,2.47942,-0.601498
107,-1.02812,2.5572,-0.644788
107,-0.566677,2.53954,-1.21471
107,-0.572959,2.55865,-1.2356
107,-1.43003,2.75339,0.00428957
107,-0.656787,2.74171,-1.25097
107,-0.966732,2.57581,-1.31396
107,-1.62804,2.88873,0.0256668
107,-0.910813,2.67419,-1.21706
107,-1.0036,2.6171,-1.25388
107,-1.60594,2.93293,0.00597543
107,-1.00273,2.64805,-1.25984
107,-0.655244,2.81605,-1.29285
107,-0.760821,2.83109,-1.1929
107,-0.750476,2.85179,-1.19327
107,-0.165338,3.52668,-0.610864
107,-1.35412,3.19744,-0.140907
107,-0.29142,3.52254,-0.584642
107,-0.32362,3.61734,-0.528158
107,-0.333116,3.64961,-0.551656
107,-0.396422,3.6918,-0.48745
107,-1.82582,3.38714,-0.147073
107,-1.54221,3.85799,-0.337838
107,-1.24669,4.25693,-0.110504
107,-2.69418,3.64521,-0.336473
107,-2.56803,3.6811,-0.391653
107,-1.62136,4.18549,-0.507346
107,-1.6285,4.19072,-0.524117
107,-2.5886,3.82192,-0.579111
107,-2.58007,3.81066,-0.617015
107,-1.87496,4.38598,-0.201291
107,-1.43354,4.98885,0.614399
107,-2.61159,3.8784,-0.630668
107,-1.50126,4.98172,0.57879
107,-1.84232,5.0638,0.816964
107,-1.81055,5.08872,0.817168
107,-1.66724,5.15684,0.664803
107,-1.90942,5.0633,0.675302
107,-1.56242,4.46996,-1.24133
107,-1.45846,5.43837,0.747518
107,-1.69419,5.29638,0.673869
107,-1.54405,5.44102,0.81983
107,-1.56546,4.67792,-0.894738
107,-1.60201,4.66495,-0.896232
107,-1.4544,5.5022,0.722631
107,-1.34847,5.14238,-0.274007
107,-1.38923,5.66465,0.821502
107,-1.55042,5.6113,0.814737
107,-1.36813,4.80634,-1.20618
107,-1.96812,5.48661,0.876018
107,-1.57205,4.85187,-0.980311
107,-1.19049,5.92949,0.823502
107,-1.42812,5.84384,0.848187
107,-1.30607,5.89949,0.823167
107,-1.27165,5.89681,0.550229
107,-1.16582,5.30759,-0.944706
107,-1.23401,6.11094,0.883577
107,-1.16243,5.39952,-1.10975
107,-1.15937,5.39601,-1.13127
107,-1.15435,5.49344,-1.0073
107,-1.04645,6.46508,0.751601
107,-1.07417,6.47094,0.744464
107,-5.11586,7.83087,-1.70781
107,-1.37211,2.00833,-0.0893102
102,-1.37211,2.00833,-0.0893102
107,-1.50895,2.62207,0.155283
102,-1.50895,2.62207,0.155283
107,-1.01087,1.96194,0.222835
102,-1.01087,1.96194,0.222835
107,-0.965151,1.97228,0.415237
102,-0.965151,1.97228,0.415237
107,-1.37717,2.4945,0.386985
102,-1.37717,2.4945,0.386985
107,-0.972408,1.98982,0.411392
102,-0.972408,1.98982,0.411392
107,-1.36776,2.45369,0.395822
102,-1.36776,2.45369,0.395822
107,-1.36776,2.45369,0.395822
102,-1.36776,2.45369,0.395822
107,-1.02771,1.74911,0.540426
102,-1.02771,1.74911,0.540426
107,-1.03847,2.21362,0.357044
102,-1.03847,2.21362,0.357044
107,-1.36776,2.45369,0.395822
102,-1.36776,2.45369,0.395822
107,-1.47641,2.59145,0.316129
102,-1.47641,2.59145,0.316129
107,-1.56936,4.85061,-0.973391
81,-1.56936,4.85061,-0.973391
107,-1.23597,2.52054,0.514801
98,-1.23597,2.52054,0.514801
108,-1.08639,2.03637,-0.213152
108,-1.09917,2.07253,-0.232808
108,-1.07291,2.08437,-0.236386
108,-1.11055,2.07165,-0.222969
108,-1.0706,2.0885,-0.233708
108,-1.08086,2.13271,-0.221887
108,-1.06118,2.14806,-0.225693
108,-1.06912,2.16245,-0.227292
108,-1.12259,2.42015,0.619693
108,-1.07128,2.19343,-0.179643
108,-1.07643,2.23286,-0.213561
108,-1.27456,2.38151,0.502781
108,-1.30374,2.43242,0.680779
108,-1.28922,2.42002,0.539557
108,-1.40644,2.1437,-0.230982
108,-1.03516,2.25572,-0.494721
108,-1.52049,2.13846,-0.240565
108,-1.06277,2.27778,-0.549474
108,-1.0638,2.32463,-0.484508
108,-1.36883,2.47309,0.356873
108,-1.37216,2.48786,0.346298
108,-1.41326,2.4878,0.360143
108,-1.30509,2.35499,-0.21795
108,-1.59559,2.22596,-0.218228
108,-1.58973,2.23706,-0.221056
108,-1.63152,2.2287,-0.225109
108,-1.6235,2.23177,-0.22849
108,-1.60094,2.25956,-0.217385
108,-1.6226,2.30297,-0.222134
108,-1.62345,2.30466,-0.227313
108,-1.66455,2.31571,-0.226353
108,-1.49793,2.59114,0.13719
108,-1.39661,2.69089,0.041181
108,-1.25156,2.81728,-0.0131688
108,-0.662065,2.72605,-1.23282
108,-1.44819,2.79069,-0.000730157
108,-1.57389,2.78196,0.142352
108,-1.27767,2.91641,-0.0389021
108,-1.69928,2.68177,-0.329973
108,-1.32306,3.08033,-0.170911
108,-0.150617,3.54066,-0.611945
108,-0.171045,3.56617,-0.601849
108,-1.8435,2.8603,-0.39397
108,-0.247748,3.53967,-0.630042
108,-2.98466,2.83805,0.987586
108,-0.396525,3.56097,-0.592783
108,-1.37432,3.27188,-0.215832
108,-3.13326,2.89894,1.09896
108,-0.33138,3.66534,-0.560354
108,-0.391339,3.70866,-0.495925
108,-2.09822,2.96432,-0.363031
108,-3.05466,3.00918,1.07962
108,-2.98095,3.04868,1.08043
108,-0.393614,3.81288,-0.289817
108,-2.20332,3.14399,-0.433328
108,-1.20705,4.16513,-0.080972
108,-2.41119,3.5273,-0.574894
108,-1.68322,4.07834,-0.131578
108,-1.7372,4.12821,-0.0639312
108,-1.58225,4.22892,-0.303769
108,-1.76985,4.27098,-0.115584
108,-1.79401,4.26435,-0.196663
108,-1.80801,4.30675,-0.18835
108,-1.41189,4.94407,0.593352
108,-1.31775,4.87781,-0.23569
108,-1.56045,4.48084,-1.2312
108,-1.41292,5.21309,0.709319
108,-1.77366,5.10527,0.883342
108,-1.57565,5.12084,0.604534
108,-1.35394,5.33945,0.84931
108,-1.55273,4.54675,-1.27185
108,-1.41654,5.29383,0.77383
108,-1.59219,4.67201,-0.886167
108,-1.46702,5.22303,0.60392
108,-1.46701,4.70148,-1.08566
108,-1.67353,5.23411,0.69654
108,-1.36427,4.76018,-1.2325
108,-1.5532,4.83625,-0.954597
108,-1.56283,4.86087,-0.973781
108,-1.51472,4.78839,-1.29876
108,-1.95079,5.25066,0.694019
108,-1.28685,5.65953,0.855182
108,-1.58907,4.90254,-1.02717
108,-1.6303,4.77133,-1.38037
108,-1.2062,5.96106,0.860652
108,-1.63273,5.12389,-1.09297
108,-1.24679,5.88081,0.529387
108,-1.22003,6.066,0.869639
108,-1.16708,5.52545,-1.02597
108,-1.13108,5.54149,-1.18824
108,-1.16105,5.59145,-1.20934
108,-1.1172,6.32275,0.824162
108,-1.14105,5.67761,-1.22632
108,-1.06907,6.84366,0.737509
108,-1.37659,2.80735,0.303026
102,-1.37659,2.80735,0.303026
108,-1.37527,2.34531,0.363771
102,-1.37527,2.34531,0.363771
108,-1.53535,4.17274,-0.988773
102,-1.53535,4.17274,-0.988773
108,-1.32206,2.17079,0.269843
102,-1.32206,2.17079,0.269843
108,-1.55699,2.00386,-0.155749
102,-1.55699,2.00386,-0.155749
108,-0.974192,2.16023,0.548645
102,-0.974192,2.16023,0.548645
108,-0.994174,2.05964,0.432372
102,-0.994174,2.05964,0.432372
108,-0.960292,2.05319,0.555792
102,-0.960292,2.05319,0.555792
108,-1.14425,2.10891,0.496379
102,-1.14425,2.10891,0.496379
108,-0.75227,1.13073,0.594537
102,-0.75227,1.13073,0.594537
108,-1.10883,2.08378,0.629902
102,-1.10883,2.08378,0.629902
108,-1.36613,2.45406,0.391525
102,-1.36613,2.45406,0.391525
108,-0.984343,1.54138,0.642011
102,-0.984343,1.54138,0.642011
108,-1.27227,2.53336,0.520264
97,-1.27227,2.53336,0.520264
108,-1.58066,4.75184,0.5586
97,-1.58066,4.75184,0.5586
108,-1.25476,2.43254,0.353808
97,-1.25476,2.43254,0.353808
109,-1.12043,2.17377,0.497046
109,-1.14947,2.24805,0.48306
109,-1.15169,2.25274,0.460325
109,-1.074,2.16562,-0.275711
109,-1.16993,2.30556,0.500577
109,-1.10424,2.36631,0.567674
109,-1.10273,2.38004,0.574449
109,-1.09998,2.38036,0.559622
109,-1.1166,2.41508,0.54702
109,-1.22153,2.34743,0.43342
109,-1.19473,2.39596,0.501685
109,-1.12717,2.44336,0.569117
109,-1.08738,2.41221,0.322373
109,-1.19876,2.40102,0.503471
109,-1.21893,2.42106,0.523808
109,-1.05394,2.25764,-0.595272
109,-1.08249,2.46432,0.377965
109,-1.21041,2.4611,0.60451
109,-1.0824,2.48497,0.428326
109,-1.27321,2.38491,0.375062
109,-1.23379,2.43848,0.489149
109,-1.27947,2.41809,0.48864
109,-1.23877,2.44543,0.482921
109,-1.25891,2.45488,0.553908
109,-1.10241,2.48267,0.33833
109,-1.09087,2.49595,0.370149
109,-1.31287,2.44062,0.550129
109,-1.10107,2.49576,0.340117
109,-1.27737,2.43455,0.414654
109,-1.04783,2.33727,-0.602498
109,-1.10088,2.52804,0.366041
109,-1.30378,2.4919,0.625137
109,-1.27983,2.45864,0.419169
109,-1.28459,2.43417,0.315581
109,-1.28398,2.43415,0.295706
109,-1.32227,2.48618,0.615176
109,-1.28819,2.46511,0.421184
109,-1.29977,2.5096,0.63466
109,-1.33158,2.49421,0.617957
109,-1.32247,2.49247,0.546389
109,-1.05324,2.66355,0.719026
109,-1.29171,2.46492,0.311204
109,-1.30319,2.53579,0.63811
109,-1.28187,2.46202,0.251747
109,-1.33035,2.5047,0.547261
109,-1.29615,2.49363,0.41659
109,-1.29994,2.46558,0.285306
109,-1.30556,2.53114,0.584925
109,-1.39188,2.43872,0.307624
109,-1.35799,2.45715,0.318574
109,-1.29588,2.54315,0.550948
109,-1.30549,2.53559,0.535018
109,-1.27553,2.55083,0.538582
109,-1.30109,2.5491,0.584481
109,-1.3668,2.47718,0.295957
109,-1.31533,2.56421,0.53671
109,-1.41706,2.46615,0.302423
109,-1.41987,2.47422,0.284011
109,-1.41718,2.49051,0.295604
109,-1.65292,2.27642,-0.299194
109,-1.08321,2.47284,-0.627297
109,-1.43034,2.50673,0.239794
109,-1.43274,2.51829,0.242153
109,-1.44298,2.49517,0.10337
109,-1.43195,2.53058,0.240445
109,-1.45557,2.50914,0.109501
109,-1.14472,2.757,0.529905
109,-1.37534,2.58391,0.226371
109,-1.44352,2.5685,0.231108
109,-1.15879,2.74824,0.398334
109,-1.44984,2.59178,0.223477
109,-1.46332,2.57201,0.153625
109,-1.47909,2.60864,0.192648
109,-1.49284,2.61558,0.157229
109,-1.15655,2.8643,0.520683
109,-1.50137,2.63004,0.0796057
109,-1.50538,2.63772,0.123223
109,-1.15723,2.87784,0.463194
109,-1.51212,2.66311,0.158997
109,-1.51692,2.66624,0.12047
109,-1.51052,2.70789,0.180438
109,-1.51432,2.67497,0.0331795
109,-1.17225,2.97178,0.448524
109,-1.24708,3.26114,0.502725
109,-0.147466,3.54669,-0.708767
109,-0.36741,3.5873,-0.696898
109,-0.324321,3.68299,-0.633026
109,-0.378528,3.70419,-0.591573
109,-0.400168,3.83296,-0.37008
109,-1.3128,3.90224,0.470218
109,-1.59981,3.69909,-0.070498
109,-1.33723,4.01282,0.459
109,-1.45597,3.90943,0.152402
109,-1.63981,3.86539,-0.157003
109,-1.66727,3.88437,-0.104372
109,-1.45712,4.52208,0.454724
109,-1.25195,4.5627,-0.286503
109,-1.47126,4.6864,0.497345
109,-1.60525,4.71047,0.493083
109,-1.94732,4.47113,-0.0858823
109,-1.68858,4.64066,-0.183778
109,-1.62149,4.83801,0.503994
109,-1.57133,4.871,0.532049
109,-1.68969,4.73318,-0.117497
109,-1.71459,4.80935,-0.0211342
109,-1.50415,4.76936,-1.15174
109,-1.42121,5.23786,0.601897
109,-1.6802,5.15415,0.762468
109,-1.43616,5.26263,0.589236
109,-1.52815,5.26044,0.753103
109,-1.84043,5.12605,0.75569
109,-1.869,5.12236,0.761505
109,-1.83468,5.14259,0.761907
109,-1.7496,5.20057,0.743865
109,-1.92273,5.11078,0.675664
109,-1.61584,4.79723,-1.52877
109,-1.95414,5.17331,0.655207
109,-1.12121,5.62828,0.815879
109,-1.64872,4.92274,-1.53841
109,-1.60969,5.03535,-1.1731
109,-1.12716,5.30862,-1.0955
109,-1.28656,5.65151,0.730555
109,-1.16293,5.78852,0.732479
109,-1.12913,5.39118,-1.25694
109,-1.05755,5.90318,0.937627
109,-1.42086,5.89625,0.724752
109,-1.24734,6.05276,0.697642
109,-1.35976,6.06171,0.726427
109,-1.26497,6.04489,0.437664
109,-1.22473,6.29988,0.865545
109,-1.26144,6.3115,0.728994
109,-1.29086,6.35837,0.40176
109,-1.05929,6.76714,0.620628
109,-1.15084,7.56041,0.631072
109,-1.49294,2.07792,-0.229253
106,-1.49294,2.07792,-0.229253
109,-1.25207,3.33706,0.443502
106,-1.25207,3.33706,0.443502
109,-1.69443,4.11778,-0.00243184
106,-1.69443,4.11778,-0.00243184
109,-1.32726,2.47843,0.0215366
106,-1.32726,2.47843,0.0215366
109,-1.49189,2.9363,-0.115922
106,-1.49189,2.9363,-0.115922
109,-0.979635,2.05304,0.351883
102,-0.979635,2.05304,0.351883
109,-1.6806,4.34269,0.622101
102,-1.6806,4.34269,0.622101
109,-1.73392,4.45464,0.644417
102,-1.73392,4.45464,0.644417
109,-1.36218,3.08453,0.622428
98,-1.36218,3.08453,0.622428
110,-0.996249,1.79971,0.441994
110,-1.14618,1.81093,-0.280189
110,-1.05479,2.14468,0.600531
110,-1.27681,1.93275,-0.215963
110,-1.13434,2.16482,0.365671
110,-1.0852,2.23418,0.60079
110,-1.08684,2.25115,0.606732
110,-1.40093,1.98586,-0.254994
110,-1.15651,2.20328,0.362674
110,-1.42098,2.02573,-0.239367
110,-1.1322,2.26424,0.448101
110,-1.04769,2.31174,0.302704
110,-1.14561,2.30381,0.473111
110,-1.02079,2.36254,0.471812
110,-1.08398,2.34995,0.546807
110,-1.5342,2.03787,-0.212264
110,-1.12124,2.35758,0.568086
110,-1.18893,2.29961,0.351186
110,-1.12257,2.36321,0.556939
110,-1.14094,2.36204,0.563282
110,-1.15973,2.35339,0.536281
110,-1.035,2.39259,0.389148
110,-1.51522,2.11358,-0.156368
110,-1.14044,2.39714,0.561961
110,-0.933846,2.50745,0.662135
110,-1.03999,2.4197,0.374319
110,-1.04229,2.42401,0.405522
110,-1.04171,2.42405,0.389736
110,-1.18184,2.38041,0.53496
110,-1.60196,2.10662,-0.131427
110,-1.07765,2.45277,0.53414
110,-1.19742,2.41536,0.543581
110,-1.05343,2.50519,0.522178
110,-1.73054,2.12097,-0.0244889
110,-1.1863,2.45484,0.502889
110,-1.23033,2.43794,0.513499
110,-1.19905,2.45915,0.531296
110,-1.63713,2.17348,-0.165907
110,-1.46094,2.2407,-0.268827
110,-1.24162,2.42954,0.287722
110,-1.23713,2.47849,0.517292
110,-1.25863,2.4464,0.314916
110,-1.2643,2.47376,0.51261
110,-1.27409,2.43689,0.234812
110,-1.85551,2.12251,-0.0918806
110,-1.24434,2.47543,0.375222
110,-1.24533,2.48086,0.345898
110,-1.27629,2.45436,0.242666
110,-1.26251,2.50186,0.52114
110,-1.27412,2.45684,0.234097
110,-1.2651,2.5099,0.515912
110,-1.26723,2.51512,0.528774
110,-1.29452,2.53006,0.560199
110,-1.29564,2.54046,0.598814
110,-1.34118,2.47195,0.266927
110,-1.31867,2.53035,0.590086
110,-1.29076,2.53312,0.514769
110,-1.29285,2.54672,0.600566
110,-1.25445,2.56279,0.495499
110,-1.28037,2.55974,0.530134
110,-1.28203,2.57506,0.536916
110,-1.35294,2.51084,0.259729
110,-1.38181,2.50087,0.282056
110,-1.32093,2.56088,0.493719
110,-1.34687,2.56378,0.57834
110,-1.34724,2.56783,0.53565
110,-1.33441,2.58462,0.588006
110,-1.42444,2.51491,0.278077
110,-1.37624,2.54567,0.288471
110,-1.43365,2.53929,0.248546
110,-1.3407,2.579,-0.0131185
110,-1.45518,2.55188,0.1201
110,-1.44789,2.57511,0.238362
110,-1.45636,2.55569,0.101333
110,-1.44388,2.59394,0.279851
110,-1.44863,2.60765,0.246941
110,-1.45906,2.63662,0.195558
110,-1.47954,2.64587,0.183381
110,-0.185184,3.14304,-0.574808
110,-1.48099,2.69013,0.178508
110,-1.47557,2.72264,0.169177
110,-1.49894,2.73738,0.136875
110,-1.52321,2.74212,0.0297741
110,-1.55753,2.84432,0.07026
110,-1.62688,2.95977,0.0473552
110,-2.48495,2.56127,-0.195028
110,-1.20699,3.46784,0.470921
110,-1.69896,3.19378,-0.0993657
110,-2.902,2.82309,1.02639
110,-0.265635,3.82166,-0.79962
110,-0.417739,3.78188,-0.763872
110,-0.372684,3.88582,-0.817877
110,-0.303157,3.96476,-0.74212
110,-0.386369,3.97322,-0.697833
110,-0.404013,4.08521,-0.455298
110,-1.58562,3.66742,-0.0541554
110,-1.60002,3.7721,-0.0989417
110,-1.98411,3.89564,-0.289587
110,-1.033,4.49256,0.480403
110,-1.04279,4.52524,0.473757
110,-1.40801,4.18499,-0.884754
110,-1.66452,4.22289,0.0296649
110,-1.03122,4.64579,0.686072
110,-1.74243,4.17977,-0.401165
110,-1.37467,4.30002,-1.003
110,-1.7599,4.2187,-0.399267
110,-1.42065,4.33257,-0.947268
110,-1.74535,4.26685,-0.4073
110,-0.0875576,5.05467,-0.438344
110,-1.7534,4.2941,-0.42836
110,-0.0913398,5.10049,-0.355934
110,-1.33455,4.85494,1.84342
110,-1.79929,4.38531,-0.485057
110,-1.52289,4.4466,-0.958285
110,-1.07902,4.91985,0.674132
110,-1.11395,5.35207,0.736591
110,-1.65813,6.00259,2.00244
110,-1.98655,6.00546,0.489532
110,-1.3395,3.69187,0.421855
108,-1.3395,3.69187,0.421855
110,-1.07098,4.96672,-1.12582
108,-1.07098,4.96672,-1.12582
110,-1.518,3.67781,0.128396
108,-1.518,3.67781,0.128396
110,-1.76176,6.50488,2.1454
97,-1.76176,6.50488,2.1454
110,-1.07381,5.20868,0.816118
98,-1.07381,5.20868,0.816118
110,-1.34431,6.08845,0.745828
98,-1.34431,6.08845,0.745828
110,-0.926238,4.99089,0.903081
98,-0.926238,4.99089,0.903081
110,-1.43802,5.11321,1.98505
98,-1.43802,5.11321,1.98505
110,-1.84502,2.30913,-0.164829
106,-1.84502,2.30913,-0.164829
110,-1.86797,5.2253,0.752638
88,-1.86797,5.2253,0.752638
110,-2.00011,2.36517,-0.256242
105,-2.00011,2.36517,-0.256242
110,-1.21573,1.49594,0.0139691
105,-1.21573,1.49594,0.0139691
111,-1.21309,1.98203,-0.34558
111,-1.07211,2.14627,-0.308969
111,-1.13878,2.4176,0.603039
111,-1.06649,2.32214,-0.645529
111,-1.28181,2.47542,0.507469
111,-1.29713,2.47835,0.556187
111,-1.28801,2.48747,0.580809
111,-1.29581,2.47717,0.519509
111,-1.28279,2.496,0.597303
111,-1.25132,2.49946,0.507853
111,-1.28684,2.48379,0.502956
111,-1.25795,2.50571,0.538694
111,-1.28148,2.50388,0.605673
111,-1.25402,2.5063,0.520084
111,-1.30464,2.49671,0.587089
111,-1.29508,2.50095,0.580396
111,-1.24707,2.4047,-0.317144
111,-1.30358,2.50035,0.563278
111,-1.28757,2.50716,0.554936
111,-1.30492,2.49947,0.556418
111,-1.27772,2.51517,0.556823
111,-1.2302,2.53563,0.521419
111,-1.30298,2.50156,0.520482
111,-1.30574,2.50441,0.515296
111,-1.26787,2.41216,-0.33127
111,-1.59189,2.2655,-0.319317
111,-1.49466,2.34368,-0.309092
111,-1.3949,2.47813,0.265743
111,-1.41157,2.47079,0.265479
111,-1.40612,2.48595,0.271887
111,-1.54512,2.34691,-0.308084
111,-1.39654,2.48577,0.191367
111,-1.40846,2.49485,0.204511
111,-1.42219,2.49986,0.188283
111,-1.35255,2.53506,0.181497
111,-1.36761,2.54014,0.253474
111,-1.41195,2.52053,0.252129
111,-1.42991,2.49563,0.129963
111,-1.34361,2.55167,0.206487
111,-1.40951,2.52047,0.130615
111,-1.39921,2.53501,0.157835
111,-1.44388,2.52534,0.131358
111,-1.05153,2.59414,-0.724306
111,-1.36876,2.58208,0.217755
111,-1.43746,2.53939,0.126302
111,-1.44621,2.56902,0.118837
111,-1.41785,2.59942,0.144052
111,-1.34372,2.6526,0.180414
111,-1.459,2.63791,0.0601219
111,-1.52994,2.77677,-0.00814837
111,-0.157162,3.58734,-0.715828
111,-0.277688,3.58708,-0.713627
111,-0.38118,3.59277,-0.70983
111,-0.423972,3.5829,-0.690132
111,-0.268697,3.65965,-0.727251
111,-0.323483,3.65206,-0.648434
111,-0.377061,3.68136,-0.608631
111,-0.393219,3.74656,-0.369016
111,-1.90206,3.15471,-0.542668
111,-3.16079,2.84414,1.16021
111,-2.37009,3.12769,-0.417197
111,-1.62958,3.83006,-0.0809162
111,-2.20478,3.54149,-0.631718
111,-2.72657,3.34507,-0.438085
111,-2.13804,3.60973,-0.584704
111,-1.44574,4.6094,0.436791
111,-2.81654,3.88072,-0.50271
111,-1.91034,4.50164,-0.0470183
111,-1.57435,4.72768,0.457767
111,-1.56773,4.74398,0.457725
111,-1.67703,4.50983,-1.16437
111,-1.60269,5.03938,1.90486
111,-1.77502,4.95425,1.78871
111,-1.64978,5.05806,1.9896
111,-1.79552,5.00383,1.9913
111,-1.72053,5.03866,1.87865
111,-1.88359,4.6511,-0.447444
111,-1.69514,5.09526,1.88957
111,-1.62353,4.95074,0.473023
111,-1.96709,5.04012,1.90311
111,-1.55157,4.86104,-1.11041
111,-1.7297,5.09115,0.593297
111,-1.67157,5.35408,1.96184
111,-1.76173,5.21218,0.589031
111,-1.04343,5.61824,0.89645
111,-1.9164,5.34916,1.91713
111,-1.82808,5.41234,1.99123
111,-1.9105,5.40181,0.747135
111,-2.51146,5.3124,2.14705
111,-1.17096,5.48078,-1.32279
111,-1.17858,5.80355,0.819717
111,-1.15865,5.56111,-1.35199
111,-1.15236,5.59874,-1.35622
111,-2.69417,5.36729,2.20925
111,-1.96341,5.65827,0.744711
111,-1.63947,6.13798,2.26544
111,-1.19663,5.85638,-1.43463
111,-1.68793,6.20071,2.0138
111,-1.29438,6.226,0.416225
111,-1.2376,6.33241,0.845721
111,-2.01746,5.96391,0.787745
111,-1.23367,6.33744,0.75098
111,-1.12245,6.22917,-1.55295
111,-1.15382,6.22285,-1.54042
111,-1.60537,2.19343,-0.336581
110,-1.60537,2.19343,-0.336581
111,-1.10342,2.06784,0.312153
110,-1.10342,2.06784,0.312153
111,-1.05914,2.39736,0.252717
110,-1.05914,2.39736,0.252717
111,-1.81445,4.57595,0.676133
110,-1.81445,4.57595,0.676133
111,-1.14283,2.34245,0.567213
110,-1.14283,2.34245,0.567213
111,-1.30741,2.7328,0.361732
109,-1.30741,2.7328,0.361732
111,-1.5052,3.3156,0.272708
109,-1.5052,3.3156,0.272708
111,-1.27026,2.62078,0.363655
109,-1.27026,2.62078,0.363655
111,-1.24884,2.53916,0.370125
109,-1.24884,2.53916,0.370125
111,-1.29601,3.6144,0.47157
109,-1.29601,3.6144,0.47157
111,-1.63922,3.45032,0.24637
109,-1.63922,3.45032,0.24637
111,-1.49133,3.14175,0.164811
109,-1.49133,3.14175,0.164811
111,-1.31409,2.62686,0.243565
109,-1.31409,2.62686,0.243565
111,-1.08809,2.58914,0.514117
109,-1.08809,2.58914,0.514117
111,-1.06526,4.87266,-0.951819
109,-1.06526,4.87266,-0.951819
111,-2.50628,4.31235,-0.448283
108,-2.50628,4.31235,-0.448283
111,-1.35885,1.97248,-0.119219
108,-1.35885,1.97248,-0.119219
111,-2.9712,2.62561,0.953533
108,-2.9712,2.62561,0.953533
111,-0.9732,2.27747,0.525305
98,-0.9732,2.27747,0.525305
111,-1.03233,2.29341,-0.671888
105,-1.03233,2.29341,-0.671888
111,-1.76974,4.37298,-0.0696743
85,-1.76974,4.37298,-0.0696743
112,-1.12682,1.99776,-0.286797
112,-1.1314,2.00828,-0.292973
112,-1.38815,2.39467,0.319622
112,-1.19818,2.54077,0.534546
112,-1.38585,2.39114,0.283893
112,-1.34274,2.42659,0.337584
112,-1.37921,2.42068,0.3185
112,-1.38577,2.41884,0.292938
112,-1.35174,2.45054,0.317873
112,-1.35146,2.4511,0.299618
112,-1.38518,2.42246,0.2047
112,-1.3902,2.44992,0.273567
112,-1.38221,2.43594,0.13279
112,-1.36603,2.5203,0.298354
112,-1.30973,2.54518,0.254862
112,-1.30853,2.55419,0.21957
112,-1.40886,2.48498,0.106205
112,-1.3097,2.56716,0.179134
112,-1.37857,2.5273,0.13908
112,-0.646233,2.65159,-1.22567
112,-0.362584,3.46315,-0.705896
112,-0.388475,3.46605,-0.66229
112,-0.259193,3.56362,-0.706759
112,-0.380189,3.62232,-0.564403
112,-0.40562,3.70348,-0.34925
112,-1.28177,4.4779,0.447228
112,-1.49968,4.78749,0.440738
112,-1.53181,5.05769,0.474945
112,-1.56617,5.2323,0.462629
112,-2.06043,5.70535,-1.05532
112,-1.36741,6.57999,0.376419
112,-1.23138,4.07093,-1.06788
109,-1.23138,4.07093,-1.06788
112,-2.9336,2.54913,0.961768
109,-2.9336,2.54913,0.961768
112,-1.38964,4.9621,-1.39097
102,-1.38964,4.9621,-1.39097
112,-1.5201,3.24779,0.242482
102,-1.5201,3.24779,0.242482
112,-0.652201,2.73787,-1.33449
106,-0.652201,2.73787,-1.33449
112,-1.05205,2.04764,-0.295391
88,-1.05205,2.04764,-0.295391
113,-0.396649,1.47457,-1.17462
113,-0.423771,1.51298,-1.21906
113,-1.54688,1.0889,-1.20173
113,-0.357083,1.72642,-1.16658
113,0.118095,1.98955,-1.34776
113,-0.166961,1.87127,-1.34571
113,-1.1043,1.93917,-0.296634
113,-0.190639,1.90012,-1.31506
113,-1.12306,1.98652,-0.292373
113,-1.08238,2.04752,-0.276107
113,-0.283194,1.91995,-1.36307
113,-0.276494,1.9135,-1.40328
113,-0.1901,1.9809,-1.37474
113,-1.06153,2.07925,-0.329019
113,-1.251,2.0623,-0.330815
113,-1.38397,2.39805,0.297706
113,-0.796414,1.86806,-1.40526
113,-1.02837,2.19875,-0.489123
113,-1.09723,2.01292,-1.10969
113,-1.04078,2.3021,-0.654612
113,-1.26918,2.38207,-0.301683
113,-1.11195,2.06146,-1.15049
113,-1.0505,2.3376,-0.722494
113,-1.06114,2.34319,-0.735182
113,-1.13315,2.1141,-1.20233
113,-0.376399,2.37971,-1.43879
113,-1.08555,2.28073,-1.00406
113,-1.06974,2.29525,-1.10372
113,-1.38728,2.53725,-0.296212
113,-1.0907,2.31014,-1.16737
113,-1.06608,2.54304,-0.73341
113,-1.03189,2.56161,-0.76247
113,-1.0579,2.39072,-1.09916
113,-0.393365,2.51802,-1.5279
113,-1.07733,2.43164,-1.13542
113,-1.1078,2.23203,-1.54749
113,-1.07399,2.64733,-0.805155
113,-1.07494,2.37712,-1.37802
113,-1.0732,2.71083,-0.82832
113,-1.11047,2.55386,-1.19969
113,-1.1187,2.60136,-1.27196
113,-1.12784,2.61983,-1.28008
113,-0.362969,3.41346,-0.689265
113,-0.374451,3.50259,-0.666808
113,-0.302301,3.67223,-0.626324
113,-0.399349,3.76729,-0.370496
113,-1.88065,4.35139,-0.251587
113,-1.9243,4.96695,-0.236241
113,-1.09039,4.33248,-2.40593
113,-1.61097,4.74317,-1.25986
113,-1.72175,4.84387,-1.31311
113,-1.73402,4.86858,-1.25556
113,-1.67852,5.02816,-1.18009
113,-1.60826,4.99603,-1.43221
113,-1.89928,5.16818,-0.930864
113,-1.59645,5.13852,-1.35738
113,-1.14894,5.49827,-1.11457
113,-1.14365,5.55084,-1.23779
113,-1.13308,5.54921,-1.32003
113,-1.98941,5.37612,-0.940268
113,-1.17567,5.70066,-1.29928
113,-1.17447,5.80241,-1.46764
113,-0.593023,1.62864,-1.25412
105,-0.593023,1.62864,-1.25412
113,-1.514,2.7446,0.05853
111,-1.514,2.7446,0.05853
113,-1.00185,4.59665,-1.00384
111,-1.00185,4.59665,-1.00384
113,-3.1006,3.16623,0.293815
109,-3.1006,3.16623,0.293815
113,-1.92673,5.2563,-0.999059
102,-1.92673,5.2563,-0.999059
114,-0.875574,0.541169,-1.2062
114,-0.894063,0.598645,-1.20061
114,-0.881291,0.598881,-1.23215
114,0.183772,1.11453,-1.2201
114,-0.252344,0.893696,-1.25958
114,-0.248257,0.958951,-1.25006
114,-0.349944,0.929905,-1.22703
114,-0.335892,0.937485,-1.22771
114,-0.269193,0.982613,-1.21739
114,-0.324968,0.922203,-1.26798
114,-0.34356,0.938086,-1.24635
114,-0.269721,0.986756,-1.22673
114,-0.338143,0.938022,-1.25323
114,-0.331901,0.927138,-1.27751
114,-0.876807,0.656016,-1.30897
114,-0.188322,1.0538,-1.2272
114,-0.180907,1.04984,-1.24742
114,-0.201949,1.06865,-1.21257
114,-0.201077,1.08962,-1.24389
114,0.0478642,1.23551,-1.26736
114,0.026908,1.26572,-1.24828
114,-0.115871,1.26002,-1.21176
114,-0.0960027,1.25786,-1.24036
114,-0.116263,1.27587,-1.22295
114,-0.0913263,1.29863,-1.28187
114,0.162069,1.42792,-1.28502
114,-0.222734,1.3367,-1.2508
114,-0.408427,1.25956,-1.24707
114,-0.236388,1.33444,-1.25492
114,0.124503,1.51656,-1.23593
114,0.128224,1.52504,-1.24183
114,-0.610918,1.19663,-1.26093
114,-0.617278,1.20929,-1.24028
114,-0.230301,1.371,-1.26421
114,-0.791096,1.12498,-1.26607
114,-0.792746,1.12948,-1.2587
114,-0.627079,1.22377,-1.23974
114,-0.245535,1.38451,-1.26203
114,-0.607386,1.20897,-1.27606
114,-0.804046,1.13379,-1.25579
114,-0.804287,1.15187,-1.23496
114,-0.811337,1.14848,-1.23699
114,-0.806247,1.15736,-1.23088
114,-0.625307,1.24045,-1.27275
114,-0.989583,1.07713,-1.26954
114,-0.995965,1.08953,-1.24798
114,-0.43756,1.33499,-1.26822
114,-0.997253,1.06359,-1.29624
114,-1.00326,1.09857,-1.24991
114,-1.00257,1.10478,-1.25479
114,-0.344144,1.43396,-1.2167
114,-0.813597,1.16475,-1.29725
114,-0.368946,1.40225,-1.25081
114,0.0361273,1.59577,-1.24281
114,-0.367054,1.40855,-1.24641
114,-0.440227,1.34138,-1.29549
114,-0.822417,1.18249,-1.27394
114,-0.372365,1.40077,-1.26784
114,-0.441102,1.34503,-1.30904
114,-0.320101,1.45755,-1.23431
114,-0.243769,1.49785,-1.22767
114,-0.350567,1.45324,-1.22591
114,-0.824296,1.19013,-1.31533
114,-0.447055,1.37009,-1.30554
114,-0.356202,1.46292,-1.234
114,-0.349182,1.47914,-1.24914
114,-0.385739,1.49218,-1.20845
114,0.0326689,1.64811,-1.26243
114,-0.40104,1.47225,-1.23521
114,-0.41191,1.50599,-1.17982
114,-0.462187,1.45146,-1.22814
114,-0.400245,1.46492,-1.25348
114,-0.42035,1.47204,-1.25751
114,-0.242736,1.55853,-1.27014
114,-0.417534,1.47338,-1.27973
114,-0.501555,1.4613,-1.25151
114,-0.407918,1.50238,-1.256
114,-0.40024,1.54728,-1.19951
114,0.108676,1.77467,-1.23086
114,-0.442718,1.51649,-1.24967
114,-0.461708,1.47175,-1.30702
114,-0.44414,1.52899,-1.25166
114,-0.451943,1.51902,-1.26868
114,-0.473494,1.50203,-1.28185
114,-0.101707,1.64665,-1.32054
114,-0.462603,1.54246,-1.23724
114,-0.124066,1.66543,-1.2902
114,-0.0942504,1.67765,-1.33938
114,-0.116964,1.71455,-1.33414
114,-0.57875,1.6051,-1.25519
114,-0.57615,1.65832,-1.21848
114,-0.574912,1.67063,-1.22448
114,-0.173111,1.85082,-1.32612
114,-0.171664,1.85682,-1.32094
114,-0.253602,1.83677,-1.30936
114,-0.59042,1.70489,-1.28281
114,-0.18192,1.88045,-1.30571
114,-0.2623,1.84907,-1.31241
114,-0.258075,1.8435,-1.3296
114,-0.75296,1.73258,-1.28781
114,-0.764903,1.76015,-1.24632
114,-0.769242,1.76099,-1.24344
114,-0.768991,1.76887,-1.25152
114,-0.755648,1.74308,-1.29805
114,-0.770919,1.77653,-1.25933
114,-0.28394,2.03679,-1.30058
114,-1.12664,1.7923,-1.10764
114,-1.14678,1.7681,-1.13835
114,-1.14779,1.80158,-1.09658
114,-1.21897,1.75904,-1.11354
114,-1.15341,1.79034,-1.11217
114,-1.15337,1.79158,-1.13425
114,-1.15277,1.82118,-1.11593
114,-0.354146,2.16775,-1.30972
114,-1.13243,1.9063,-1.18071
114,-1.02778,2.31865,-0.659475
114,-0.369975,2.28152,-1.34468
114,-0.997237,2.14793,-1.21589
114,-1.0631,2.23839,-1.05087
114,-1.05783,2.19941,-1.11221
114,-1.05519,2.52095,-0.717409
114,-1.03588,2.5399,-0.720117
114,-1.10203,2.29971,-1.03316
114,-1.07436,2.15531,-1.26678
114,-1.07354,2.17731,-1.27347
114,-1.08814,2.26735,-1.17657
114,-1.02185,2.22692,-1.27832
114,-0.625926,2.59448,-1.23783
114,-0.620086,2.62987,-1.25269
114,-2.65207,2.40337,-0.314249
114,-0.955548,2.49249,-1.33587
114,-0.929689,2.53174,-1.32725
114,-2.74913,2.43365,-0.328762
114,-0.892079,2.67735,-1.28585
114,-0.116635,3.48013,-0.722545
114,-0.149447,3.52792,-0.692923
114,-0.252282,3.50997,-0.689154
114,-0.780884,2.76296,-1.43006
114,-0.42377,3.45646,-0.759354
114,-0.407974,3.76583,-0.367357
114,-0.378464,3.66878,-0.572267
114,-0.436846,3.58354,-0.777176
114,-1.61907,4.93422,-1.10626
114,-1.68805,5.08351,-1.16635
114,-1.1433,5.58555,-1.32864
114,-1.19988,5.79583,-1.39995
114,-1.15353,6.10184,-1.47349
114,-0.886783,2.34908,-1.28974
80,-0.886783,2.34908,-1.28974
114,-1.00416,2.27855,-1.17803
80,-1.00416,2.27855,-1.17803
114,-0.762795,2.14039,-1.10726
80,-0.762795,2.14039,-1.10726
114,-0.929046,2.4805,-1.38887
105,-0.929046,2.4805,-1.38887
114,-1.54971,1.09532,-1.22366
105,-1.54971,1.09532,-1.22366
114,-0.963512,4.46864,-2.1676
77,-0.963512,4.46864,-2.1676
114,-1.13287,5.3555,-1.13386
81,-1.13287,5.3555,-1.13386
115,-0.479696,0.319977,-1.18755
115,0.101823,0.572019,-1.20145
115,-0.478865,0.318749,-1.19855
115,-0.465202,0.312557,-1.2132
115,-0.813723,0.291433,-1.1569
115,-0.843771,0.305372,-1.17703
115,-0.172262,0.655872,-1.11809
115,-0.190059,0.671595,-1.12062
115,-0.174912,0.668108,-1.13416
115,-0.858035,0.326169,-1.17905
115,-0.93029,0.351189,-1.15287
115,-0.364479,0.457894,-1.32061
115,0.157369,0.808616,-1.19477
115,-0.193736,0.650177,-1.20215
115,-0.185267,0.65195,-1.21119
115,-0.951834,0.318606,-1.22077
115,0.16383,0.822255,-1.21605
115,-0.376099,0.481305,-1.34864
115,-0.960804,0.264153,-1.30495
115,-0.191149,0.671457,-1.23053
115,-0.858268,0.480778,-1.13116
115,-0.877162,0.497879,-1.13528
115,0.318179,1.0435,-1.12652
115,-0.247394,0.713102,-1.22617
115,-0.221379,0.73402,-1.22272
115,-0.220762,0.745085,-1.22403
115,-0.335739,0.699628,-1.22356
115,-1.06884,0.332907,-1.30905
115,-0.859019,0.511577,-1.21304
115,-0.346452,0.722894,-1.26521
115,-0.352764,0.676425,-1.32038
115,0.317938,1.05433,-1.23852
115,-0.226511,0.862609,-1.18914
115,-0.342808,0.723951,-1.29933
115,-0.313578,0.741583,-1.30302
115,-0.257049,0.777248,-1.29426
115,-0.341321,0.700564,-1.34181
115,-0.250987,0.786567,-1.28987
115,-0.232092,0.856908,-1.22484
115,-0.229673,0.848384,-1.23771
115,0.240672,1.03268,-1.26609
115,-0.347541,0.695568,-1.35403
115,-0.261321,0.874156,-1.20582
115,-0.273003,0.891066,-1.18746
115,-0.259307,0.791621,-1.30887
115,0.300686,1.16946,-1.16818
115,-0.237391,0.874381,-1.23573
115,-0.225944,0.893587,-1.22165
115,-0.349098,0.759375,-1.31479
115,-0.883357,0.599749,-1.23231
115,0.110026,1.03738,-1.24361
115,-0.231535,0.916652,-1.20894
115,-0.270344,0.887407,-1.22424
115,0.170172,1.10391,-1.20821
115,-0.311394,0.87821,-1.2301
115,-0.242669,0.926579,-1.21497
115,-0.270518,0.902264,-1.23381
115,-0.273998,0.922658,-1.21516
115,0.32076,1.23472,-1.16284
115,-0.329932,0.90582,-1.20885
115,0.261229,1.08758,-1.30867
115,-0.264782,0.95614,-1.19712
115,-0.260242,0.953921,-1.20434
115,-0.914657,1.04781,-0.76839
115,-0.467997,0.944913,-1.1226
115,-0.312146,0.903171,-1.25029
115,-0.253172,0.960682,-1.21697
115,-0.466537,0.94904,-1.12372
115,0.183022,1.14093,-1.23969
115,-0.477107,0.971742,-1.10181
115,-0.929085,1.05837,-0.774696
115,-0.329804,0.925846,-1.23463
115,-0.269227,0.948653,-1.2409
115,-0.357604,0.925966,-1.2655
115,-0.319602,0.937409,-1.27231
115,0.210287,1.2218,-1.22443
115,-0.202775,1.05315,-1.21368
115,-0.195862,1.04083,-1.23407
115,-0.475205,0.989589,-1.15593
115,-0.352533,0.919318,-1.29999
115,-0.359661,0.933594,-1.28154
115,-0.192761,1.06311,-1.21835
115,-0.192105,1.04705,-1.24026
115,-0.197109,1.06619,-1.2205
115,0.199095,1.22643,-1.24276
115,-0.353855,0.937693,-1.31351
115,-0.350844,0.977768,-1.32083
115,-0.904533,0.679651,-1.38346
115,-0.504073,1.04675,-1.17644
115,-0.37404,0.983283,-1.32875
115,-0.488921,1.03898,-1.21078
115,-0.110197,1.28735,-1.17431
115,-0.0623505,1.2853,-1.22017
115,-0.0889623,1.25597,-1.24093
115,0.166907,1.39156,-1.27833
115,0.173301,1.41417,-1.27859
115,-0.528728,1.13157,-1.27385
115,0.0410472,1.32927,-1.34041
115,0.326476,1.56237,-1.22897
115,-0.409138,1.24287,-1.24528
115,-0.408515,1.24743,-1.24632
115,-0.600332,1.18158,-1.23993
115,-0.595227,1.17325,-1.25317
115,-0.0569168,1.38918,-1.28108
115,-1.32729,0.904641,-1.19218
115,-0.413304,1.26306,-1.2464
115,-0.421669,1.27892,-1.22483
115,-0.610399,1.19701,-1.23009
115,-0.23005,1.36145,-1.23588
115,-0.598582,1.17977,-1.25817
115,-0.611902,1.19315,-1.23978
115,-0.614991,1.19985,-1.23419
115,-0.792298,1.13335,-1.22538
115,-1.15077,0.984654,-1.21863
115,-0.322633,1.38736,-1.18553
115,-0.798143,1.14112,-1.23709
115,-0.790544,1.12646,-1.25915
115,-0.386155,1.43865,-1.12364
115,-0.970759,1.05929,-1.26233
115,-0.982214,1.08151,-1.23325
115,-0.580232,1.17436,-1.33294
115,-0.297167,1.41146,-1.20767
115,-0.552456,1.18015,-1.34345
115,-0.39229,1.44813,-1.11892
115,-0.425833,1.31046,-1.26015
115,-0.970742,1.05565,-1.27587
115,-0.810188,1.14928,-1.2519
115,-0.977054,1.06781,-1.26335
115,-0.576106,1.16988,-1.35801
115,-0.377615,1.45443,-1.1349
115,-0.298868,1.4634,-1.18093
115,-0.423651,1.32165,-1.29823
115,-0.30005,1.46353,-1.19883
115,-0.311174,1.4607,-1.19925
115,-0.309271,1.47917,-1.19181
115,-1.19989,1.05711,-1.2807
115,-0.420866,1.51069,-1.18403
115,-1.20942,1.07427,-1.29731
115,-1.2024,1.06,-1.32168
115,-0.445502,1.51314,-1.19635
115,-0.233989,1.55211,-1.26605
115,-0.525061,1.53799,-1.17815
115,-0.461401,1.54525,-1.20996
115,-0.322082,1.67521,-1.14564
115,-0.61717,1.28454,-1.44619
115,-0.609794,1.27186,-1.47293
115,-0.461698,1.5622,-1.2397
115,-0.614245,1.30873,-1.51667
115,-0.552987,1.64825,-1.26097
115,0.190986,1.97716,-1.2634
115,-0.0144035,1.72792,-1.45897
115,-0.527191,1.59957,-1.35993
115,-0.531113,1.61833,-1.36376
115,-0.268945,1.78111,-1.31882
115,-0.754647,1.67791,-1.2187
115,-0.591145,1.68855,-1.31404
115,-0.589827,1.69574,-1.32726
115,-0.597983,1.72875,-1.28744
115,-0.587948,1.69377,-1.3364
115,-0.756966,1.69436,-1.25534
115,-0.599919,1.70212,-1.32776
115,-0.610664,1.71289,-1.31042
115,-0.170808,1.88287,-1.35814
115,-0.596722,1.7282,-1.33445
115,-0.00229993,1.80379,-1.55736
115,-0.101035,1.86938,-1.46226
115,-0.262409,1.89898,-1.3506
115,-1.03213,2.20999,-0.606205
115,0.0101967,1.83546,-1.59121
115,-0.269504,1.91302,-1.3612
115,-0.278002,2.02657,-1.31661
115,-0.69304,1.53411,-1.68586
115,-1.16346,1.82399,-1.12681
115,-0.263199,2.08972,-1.35613
115,-1.15691,1.91718,-1.18517
115,-1.03977,2.10256,-1.15051
115,-1.30767,1.91474,-1.23818
115,-1.2755,1.90416,-1.27153
115,-0.984118,1.94436,-1.38298
115,-1.04461,2.08185,-1.21131
115,-1.05655,2.12749,-1.15898
115,-1.0468,2.18984,-1.11338
115,-0.371077,2.29916,-1.34826
115,-1.01246,2.0138,-1.38419
115,-0.367545,2.33283,-1.40114
115,-0.369381,2.33012,-1.40363
115,-0.297613,2.32233,-1.483
115,-1.08736,2.27114,-1.16324
115,-1.08688,2.1692,-1.28214
115,-0.37505,2.38984,-1.423
115,-1.02251,2.23153,-1.28812
115,-0.025644,2.90303,-1.05158
115,-1.13555,2.38006,-1.10435
115,-1.1089,2.34869,-1.20844
115,-0.68816,2.58563,-1.16545
115,-0.524232,2.53908,-1.31285
115,-0.623736,2.60096,-1.25588
115,-0.352015,3.30783,-0.654765
115,-1.09803,2.51379,-1.21297
115,-1.11895,2.31387,-1.4443
115,-0.271777,3.38325,-0.661769
115,-0.0430628,3.55976,-0.605656
115,-1.50463,2.19953,-1.45928
115,-0.203691,3.5039,-0.63733
115,-0.493454,2.65577,-1.4741
115,-1.11404,2.56969,-1.2657
115,-1.13965,2.36662,-1.48575
115,-0.137918,3.50765,-0.695532
115,-0.105961,3.45091,-0.784348
115,0.063931,3.19435,-1.18163
115,-0.273898,3.49886,-0.68667
115,0.0219765,3.68786,-0.62661
115,-0.135989,3.54281,-0.727092
115,-0.5863,2.76068,-1.45976
115,-0.99637,2.67459,-1.41221
115,-0.660471,2.85116,-1.41377
115,-1.12827,2.68862,-1.39575
115,-0.587538,2.86359,-1.49843
115,-0.594548,2.8731,-1.4958
115,-0.948385,2.86868,-1.39978
115,-1.0195,2.82937,-1.42222
115,-1.04223,2.78749,-1.47776
115,-1.06063,2.8241,-1.42995
115,-1.06541,2.79261,-1.49926
115,-1.0421,2.88829,-1.43709
115,-1.20667,2.54715,-1.75895
115,-1.05102,2.91816,-1.44721
115,-1.06901,2.84324,-1.53023
115,-0.964567,2.98521,-1.45647
115,-0.791056,3.09474,-1.44006
115,-0.810066,3.192,-1.51169
115,-0.812485,3.22535,-1.49868
115,-0.987378,3.1701,-1.64621
115,-0.867485,3.51398,-1.64048
115,-2.15686,3.4604,-2.30672
115,-0.729086,5.18373,-1.17685
115,-1.17842,4.37804,-2.24164
115,-1.12695,5.38634,-1.28688
115,-1.59936,5.17309,-1.3462
115,-1.16233,5.5615,-1.20052
115,-1.8378,5.19055,-1.34363
115,-1.48807,5.35123,-1.50744
115,-1.19237,6.32923,-1.53301
115,-0.707153,2.39744,-1.19939
83,-0.707153,2.39744,-1.19939
116,-0.277364,0.922752,-1.24142
116,-0.316523,0.932785,-1.28096
116,0.0318366,1.26112,-1.25923
116,-1.2801,0.86509,-1.14422
116,-0.114178,1.31736,-1.22733
116,-0.0956388,1.30163,-1.26836
116,-0.416507,1.30589,-1.26975
116,-0.623962,1.2315,-1.27038
116,-0.417252,1.30937,-1.27519
116,-0.232737,1.38092,-1.27236
116,-0.640528,1.2417,-1.25439
116,-0.253307,1.38769,-1.25665
116,-0.645736,1.24002,-1.25642
116,-0.451241,1.32279,-1.25519
116,0.0987228,1.54001,-1.25268
116,-0.804611,1.17771,-1.28684
116,0.3314,1.62925,-1.27735
116,-0.455699,1.34192,-1.26676
116,-0.256082,1.41388,-1.27854
116,-0.0715444,1.4926,-1.29124
116,-0.239579,1.47622,-1.23167
116,0.051606,1.58977,-1.25318
116,-0.361775,1.44445,-1.28358
116,-0.186145,1.52568,-1.26383
116,-0.189553,1.51612,-1.27933
116,-0.235191,1.51795,-1.25985
116,-0.368084,1.44642,-1.30346
116,-0.24027,1.5272,-1.25288
116,-0.453223,1.40396,-1.34466
116,-0.321049,1.52767,-1.22808
116,-0.195047,1.54097,-1.28363
116,-0.336078,1.53425,-1.22588
116,-0.323672,1.53298,-1.23775
116,0.0334899,1.65069,-1.27644
116,-0.319586,1.54299,-1.25025
116,-0.304524,1.54048,-1.26387
116,-0.414471,1.5467,-1.19961
116,-0.335187,1.55145,-1.24099
116,-1.25315,1.14654,-1.36508
116,0.016085,1.67984,-1.28794
116,0.0117662,1.61281,-1.40806
116,-0.361132,1.62951,-1.16667
116,-0.349349,1.63374,-1.17512
116,-1.09257,1.25499,-1.39269
116,-0.112329,1.68899,-1.30869
116,-0.508511,1.53423,-1.31868
116,-0.479059,1.58928,-1.25498
116,-0.477988,1.60857,-1.25769
116,-0.520205,1.56478,-1.32078
116,-0.534752,1.56919,-1.31324
116,-0.533347,1.56992,-1.31918
116,-0.359907,1.74885,-1.18916
116,-0.53272,1.599,-1.32514
116,-0.485709,1.64818,-1.2836
116,-0.2903,1.73502,-1.29539
116,0.110428,1.8957,-1.32212
116,-0.571904,1.69818,-1.27422
116,-0.603029,1.70159,-1.26268
116,-0.593341,1.68437,-1.31076
116,-0.604579,1.70901,-1.2678
116,-0.631051,1.71165,-1.29627
116,-0.234126,1.85535,-1.32027
116,-0.259614,1.85397,-1.30754
116,-0.344173,1.86337,-1.26372
116,-1.14887,2.15428,-0.331706
116,-1.08296,2.15982,-0.36554
116,0.194206,2.07385,-1.32785
116,-0.784132,1.78796,-1.27575
116,-0.78739,1.78974,-1.27684
116,-0.791661,1.79685,-1.27532
116,-0.268424,1.9953,-1.28497
116,-0.275631,2.00362,-1.31539
116,0.2327,2.22192,-1.28528
116,0.25425,2.22125,-1.30132
116,-0.306287,2.02434,-1.28111
116,-0.29111,2.03199,-1.28638
116,-1.17355,1.81938,-1.13141
116,-0.291959,2.04399,-1.31661
116,-0.794579,1.86054,-1.34205
116,-1.17465,1.85286,-1.14521
116,-0.820616,1.87586,-1.33947
116,-1.18179,1.86865,-1.15099
116,-1.18283,1.87958,-1.13389
116,0.334269,2.35583,-1.28907
116,0.293684,2.39194,-1.27051
116,-0.34719,2.18991,-1.32202
116,-0.388941,2.19742,-1.29383
116,-0.366365,2.20239,-1.32521
116,-0.357558,2.2346,-1.33468
116,-1.0648,2.10493,-1.15065
116,-1.05614,2.11538,-1.16197
116,-1.06708,2.14505,-1.17595
116,-1.06532,2.16045,-1.17031
116,-1.04794,2.13548,-1.23389
116,-1.0298,2.04157,-1.40189
116,-0.44481,2.34477,-1.31452
116,-1.0847,2.22457,-1.12544
116,-1.02233,2.17201,-1.27205
116,-1.01874,2.17729,-1.29602
116,-0.486016,2.37578,-1.3138
116,-1.09644,2.30935,-1.10345
116,-1.09326,2.30913,-1.11532
116,-1.03026,2.23087,-1.31308
116,-0.520105,2.45447,-1.28238
116,-0.47677,2.42816,-1.35139
116,-0.566944,2.51242,-1.29384
116,-1.83406,2.56219,-0.459773
116,-1.15302,2.40629,-1.1166
116,-1.5139,2.81186,-0.340417
116,-1.11619,2.3988,-1.24601
116,-1.10209,2.52084,-1.2263
116,-1.12688,2.50493,-1.24332
116,-0.734189,2.73042,-1.27751
116,-0.960295,2.6337,-1.4429
116,-0.398461,3.11687,-1.17258
116,-1.90753,3.02054,-0.425453
116,-0.0670454,3.59642,-0.646002
116,-0.144479,3.52352,-0.71805
116,-0.0740333,3.51253,-0.915558
116,-0.15129,3.61269,-0.75747
116,0.190377,3.42949,-1.27405
116,-0.851433,2.94208,-1.48394
116,-0.870193,2.93604,-1.48986
116,-0.400355,3.82286,-0.39812
116,-0.45694,3.58856,-0.780461
116,0.156277,3.87484,-0.820025
116,-0.461147,3.69198,-0.741464
116,-0.394016,3.74288,-0.765325
116,-0.413879,3.98936,-0.413008
116,0.125039,3.72563,-1.311
116,-0.166879,4.66053,-0.423495
116,-1.32605,4.86364,-0.455361
116,-1.58065,4.60921,-1.37497
116,-1.5257,4.81591,-1.27594
116,-1.62823,4.72389,-1.4039
116,-1.4021,4.84154,-1.38875
116,-1.66294,4.96372,-1.14016
116,-1.53639,4.83355,-1.47227
116,-1.55941,4.88726,-1.4603
116,-1.67119,5.09523,-1.18692
116,-1.5456,4.98966,-1.53319
116,-1.10955,5.37633,-1.32525
116,-1.09854,5.73234,-1.14966
116,-1.17251,5.72759,-1.40353
116,-1.0747,5.8274,-1.44082
116,-1.1741,5.98471,-1.15083
116,-0.800414,1.13588,-1.23214
115,-0.800414,1.13588,-1.23214
116,-0.93996,2.58021,-1.41899
115,-0.93996,2.58021,-1.41899
116,-0.570566,1.68167,-1.2713
115,-0.570566,1.68167,-1.2713
116,-0.319475,1.49505,-1.25064
115,-0.319475,1.49505,-1.25064
116,-0.626016,2.59685,-1.26978
115,-0.626016,2.59685,-1.26978
116,-0.63313,2.66665,-1.2836
115,-0.63313,2.66665,-1.2836
116,-1.23403,2.72345,-1.31735
114,-1.23403,2.72345,-1.31735
116,-0.117467,1.2162,-0.980103
114,-0.117467,1.2162,-0.980103
116,-0.405484,3.60478,-0.609414
114,-0.405484,3.60478,-0.609414
116,-0.358051,1.23956,-1.1188
114,-0.358051,1.23956,-1.1188
116,-1.29275,3.8186,-1.094
79,-1.29275,3.8186,-1.094
116,-0.739446,2.50783,-1.26935
79,-0.739446,2.50783,-1.26935
116,-0.370094,2.15396,-1.28165
79,-0.370094,2.15396,-1.28165
116,-0.442882,2.29911,-1.27762
76,-0.442882,2.29911,-1.27762
116,-1.15116,1.84078,-1.15801
105,-1.15116,1.84078,-1.15801
116,-1.40731,2.34953,-0.444736
113,-1.40731,2.34953,-0.444736
117,-1.18728,1.01485,-1.25005
117,-1.61661,1.12195,-1.21579
117,-1.59243,1.12162,-1.24938
117,-0.371938,1.70233,-1.22182
117,-0.403244,1.69379,-1.21148
117,-1.14118,1.88886,-0.284752
117,-1.03015,1.95641,-0.298942
117,-1.15865,1.90382,-0.288334
117,-1.12134,1.92874,-0.272602
117,-1.11648,1.93045,-0.286476
117,-1.05259,2.04572,-0.292172
117,-1.1119,2.08226,-0.279294
117,-0.937764,1.80397,-1.26341
117,-1.14946,1.7696,-1.11629
117,-1.14783,1.78229,-1.10237
117,-1.24885,1.72707,-1.14148
117,-0.358095,2.08397,-1.25176
117,-1.16023,1.81807,-1.11646
117,-1.01838,2.11574,-0.571849
117,-0.354282,2.13441,-1.2658
117,-1.01808,2.14549,-0.590486
117,-1.26883,2.47162,0.467035
117,-1.34924,2.39117,0.329319
117,-1.02708,2.15626,-0.602994
117,-1.03374,2.18105,-0.580359
117,-1.38381,2.38793,0.281262
117,-1.38942,2.39095,0.284322
117,-1.03613,2.19306,-0.624385
117,-1.57833,2.01403,-0.482823
117,-0.446871,2.22657,-1.22555
117,-1.36782,2.38736,0.1779
117,-1.04919,2.03715,-1.17359
117,-0.991385,2.07782,-1.20859
117,-1.05448,2.0662,-1.17706
117,-1.04015,2.12146,-1.15565
117,-1.05267,2.13758,-1.1145
117,-1.07647,2.18383,-1.02973
117,-1.02039,2.21759,-1.03252
117,-1.3052,2.42141,-0.298381
117,-0.526616,2.42409,-1.25256
117,-1.00907,2.29457,-1.11361
117,-0.557469,2.44571,-1.25863
117,-1.04046,2.33215,-1.1076
117,-0.95805,2.43746,-1.28984
117,-2.02052,2.4886,-0.268513
117,-0.108553,3.53777,-0.633848
117,-0.255293,3.54178,-0.669791
117,-0.394215,3.59559,-0.684251
117,-0.390207,3.64988,-0.601444
117,-0.45402,3.72405,-0.787546
117,-0.424146,3.68775,-1.35787
117,-2.15885,4.01944,-0.533561
117,-1.43972,4.09212,-1.2206
117,-1.45437,4.13319,-1.22859
117,-1.45433,4.14372,-1.24768
117,-1.4443,4.18689,-1.28961
117,-1.38342,4.33227,-1.28096
117,-1.27765,4.43176,-1.207
117,-1.42727,4.43628,-1.10441
117,-1.54955,5.03651,0.469877
117,-1.38882,4.51848,-1.114
117,-1.26457,5.29759,0.58696
117,-1.50767,4.56158,-1.00796
117,-1.56777,4.61681,-1.04946
117,-1.32778,4.6316,-1.3006
117,-1.48295,4.66092,-1.19035
117,-1.32021,4.66906,-1.3531
117,-1.58684,4.68669,-1.0563
117,-1.33528,4.71149,-1.33232
117,-1.16974,5.64674,0.659514
117,-1.34777,4.75955,-1.3515
117,-1.46443,5.50983,0.585384
117,-1.30552,5.61934,0.57359
117,-1.38478,4.89013,-1.14509
117,-1.42499,4.97013,-1.17165
117,-1.66171,5.53894,0.469488
117,-1.53559,5.61681,0.485545
117,-1.62675,4.97496,-1.10408
117,-1.74323,4.98173,-1.31265
117,-1.04789,5.41213,-1.30052
117,-1.13248,5.49705,-1.34074
117,-1.17548,5.57043,-1.20397
117,-1.22569,5.87488,-1.28655
117,-1.20339,5.88344,-1.4489
117,-1.55878,6.11512,-0.580746
117,-1.25067,5.99354,-1.32751
117,-1.14647,2.33833,-0.255961
116,-1.14647,2.33833,-0.255961
117,-1.09147,1.59792,-0.244026
116,-1.09147,1.59792,-0.244026
117,-1.2616,3.51401,-0.743971
116,-1.2616,3.51401,-0.743971
117,-2.059,4.87457,-0.198302
106,-2.059,4.87457,-0.198302
117,-1.4483,2.55741,-0.285892
114,-1.4483,2.55741,-0.285892
118,-1.03496,1.99896,-0.250635
118,-1.14881,1.93565,-0.283574
118,-1.05695,2.00512,-0.276085
118,-0.941712,2.28727,0.484222
118,-0.979703,2.28402,0.529088
118,-1.06319,2.02412,-0.246068
118,-1.05905,2.02201,-0.285213
118,-0.977281,2.30444,0.52832
118,-1.15403,1.76653,-1.07626
118,-0.934809,2.32541,0.475558
118,-1.07396,2.04469,-0.270996
118,-1.15489,1.77673,-1.07425
118,-1.06328,2.09187,-0.246879
118,-1.13716,2.45002,0.56025
118,-1.17576,2.43971,0.574827
118,-1.2089,2.466,0.580733
118,-1.03241,2.20937,-0.653743
118,-1.29987,2.42083,0.433517
118,-1.11979,2.30002,-0.286251
118,-1.00086,2.09078,-1.20852
118,-1.3349,2.46577,0.609056
118,-1.32368,2.45634,0.539586
118,-1.38861,2.35744,0.296161
118,-1.256,2.49314,0.541946
118,-1.33432,2.45544,0.53577
118,-1.29276,2.47729,0.5427
118,-1.01176,2.10864,-1.21785
118,-1.03767,2.25241,-0.686987
118,-1.40521,2.35827,0.231292
118,-1.2462,2.31277,-0.265348
118,-1.40662,2.38076,0.166541
118,-1.04735,2.30514,-0.701084
118,-1.06351,2.32424,-0.61535
118,-1.37327,2.41838,0.183258
118,-1.31786,2.41115,0.0375461
118,-1.32375,2.35989,-0.265271
118,-1.42056,2.43895,0.145674
118,-1.44153,2.43279,0.143952
118,-1.44457,2.43694,0.16223
118,-1.40306,2.46692,0.170768
118,-1.44497,2.46672,0.167401
118,-1.43118,2.48084,0.100659
118,-1.45646,2.48206,0.113808
118,-1.45171,2.50003,0.113968
118,-0.643232,2.63391,-1.26605
118,-1.97321,2.36396,-0.217537
118,-0.747377,2.73197,-1.24791
118,-0.169113,3.43687,-0.673043
118,-0.272135,3.5895,-0.683241
118,-0.417772,3.65332,-0.316298
118,-0.449312,3.52671,-0.71387
118,-0.382391,3.59318,-0.655895
118,-0.397726,3.62465,-0.575224
118,-0.320657,3.70952,-0.670453
118,-2.67134,2.74565,-0.226617
118,-0.381289,3.85677,-0.3494
118,-2.8003,2.77141,-0.273572
118,-3.01637,2.82357,-0.156472
118,-2.82262,2.90645,-0.244446
118,-1.37516,3.71544,-1.05414
118,-1.93786,3.74241,-0.478868
118,-1.7175,4.0751,-0.403842
118,-1.73405,4.0715,-0.401464
118,-1.49322,4.18927,-1.14555
118,-1.27995,4.99409,0.707141
118,-1.29976,4.50539,-1.2674
118,-1.30641,4.52396,-1.24974
118,-1.32864,4.57072,-1.26695
118,-1.54682,4.59183,-0.985914
118,-1.52718,4.59381,-1.01358
118,-1.44822,4.5892,-1.16196
118,-1.74132,4.61096,-0.800967
118,-1.58648,4.65754,-1.07235
118,-1.48737,4.72983,-1.1318
118,-1.52138,5.26561,0.749639
118,-1.6018,4.73985,-1.0361
118,-1.38071,5.44648,0.73823
118,-1.28515,5.51963,0.754958
118,-1.56454,4.88226,-1.10781
118,-1.63437,4.85926,-1.07918
118,-1.00597,5.69505,0.658765
118,-1.17413,5.64076,0.729215
118,-1.30308,5.59987,0.754854
118,-1.61761,5.41504,0.487171
118,-1.09814,5.73843,0.699179
118,-1.19057,5.82114,0.743911
118,-1.5619,5.67265,0.50381
118,-1.6008,5.68457,0.502318
118,-1.62943,5.98247,0.516486
118,-1.19968,5.68587,-1.21252
118,-1.17422,5.67221,-1.36829
118,-1.21879,5.92759,-1.25145
118,-1.18849,2.12106,0.109768
117,-1.18849,2.12106,0.109768
118,-1.19932,2.13366,0.351817
117,-1.19932,2.13366,0.351817
118,-1.0832,1.94595,-0.265873
117,-1.0832,1.94595,-0.265873
118,-1.05264,1.98707,0.230197
117,-1.05264,1.98707,0.230197
118,-1.07858,2.12683,-0.275195
109,-1.07858,2.12683,-0.275195
118,-1.14306,2.31905,-0.269962
105,-1.14306,2.31905,-0.269962
118,-1.35504,2.4601,0.257199
111,-1.35504,2.4601,0.257199
118,-1.62449,4.50574,0.551025
111,-1.62449,4.50574,0.551025
118,-1.44779,2.56918,0.289702
110,-1.44779,2.56918,0.289702
118,-1.45159,3.38137,0.160962
110,-1.45159,3.38137,0.160962
118,-1.95834,4.73821,-0.821959
116,-1.95834,4.73821,-0.821959
119,-1.12494,1.92961,-0.277903
119,-1.17384,1.93284,-0.282584
119,-1.00734,2.27192,0.559546
119,-1.02395,2.2507,0.484601
119,-1.03794,2.34362,0.568021
119,-1.08141,2.38127,0.576817
119,-1.06046,2.3861,0.461703
119,-1.13269,2.38573,0.590289
119,-1.13539,2.40143,0.60292
119,-1.58459,1.98945,-0.471582
119,-1.0691,2.46549,0.575469
119,-1.16337,2.36143,0.184089
119,-1.24898,2.37198,0.414599
119,-1.28157,2.39986,0.436062
119,-1.30066,2.38788,0.398422
119,-1.27788,2.44562,0.549527
119,-1.30478,2.4226,0.486318
119,-1.30578,2.41417,0.438174
119,-1.35179,2.37759,0.357239
119,-1.38397,2.35271,0.291311
119,-1.32592,2.43128,0.560342
119,-1.29417,2.44409,0.511287
119,-1.11491,2.49276,0.272711
119,-1.29974,2.438,0.431061
119,-1.34925,2.40003,0.329727
119,-1.1136,2.56203,0.374911
119,-1.37784,2.43124,0.173188
119,-1.38352,2.45862,0.181546
119,-1.13559,2.60437,0.269924
119,-1.4361,2.44813,0.169702
119,-1.43017,2.45683,0.178995
119,-1.21732,2.57171,0.209761
119,-1.42432,2.46522,0.0987407
119,-1.15026,2.66843,0.386738
119,-1.446,2.47743,0.113754
119,-1.43287,2.48685,0.0974372
119,-1.43515,2.48722,0.10496
119,-1.61436,2.3369,-0.292827
119,-1.5241,2.58988,0.102377
119,-2.10171,2.53747,-0.244154
119,-0.430205,3.57938,-0.658313
119,-0.46369,3.59727,-0.741803
119,-2.95489,2.45588,-0.329046
119,-3.09669,2.65464,1.00092
119,-0.520632,3.62303,-0.783558
119,-2.91396,2.93271,0.990524
119,-2.9908,2.8923,0.686396
119,-2.99217,3.03821,1.01424
119,-2.98603,3.00078,0.734666
119,-2.97604,2.9907,0.611037
119,-2.94512,2.95686,0.32663
119,-3.0623,3.00672,0.911994
119,-2.93414,2.94983,0.040063
119,-1.43293,3.69706,0.0391696
119,-2.84573,2.95537,-0.279299
119,-2.88805,2.96199,-0.268579
119,-1.44739,3.78446,0.0170472
119,-1.9207,3.67456,-0.441303
119,-1.92617,3.70213,-0.489796
119,-2.13117,3.60654,-0.508716
119,-1.63279,3.92813,-0.570708
119,-1.98977,3.86355,-0.51652
119,-2.50202,4.0228,-0.526742
119,-1.86791,4.52331,-0.463633
119,-1.1063,5.21308,0.691078
119,-1.32806,5.12978,0.721442
119,-1.43335,5.22027,0.589583
119,-1.21998,5.39409,0.458249
119,-1.37267,5.41676,0.752758
119,-1.50907,5.37581,0.510675
119,-1.16256,5.64637,0.739034
119,-1.25999,5.607,0.734928
119,-1.19304,5.93172,-1.40954
119,-1.5651,5.98805,-0.532547
119,-1.24099,6.01484,-1.44822
119,-1.32557,2.64757,0.351328
109,-1.32557,2.64757,0.351328
119,-3.07285,3.10688,0.313972
109,-3.07285,3.10688,0.313972
119,-1.94446,3.47945,-0.436197
117,-1.94446,3.47945,-0.436197
119,-1.0208,1.03394,-0.0230037
117,-1.0208,1.03394,-0.0230037
119,-1.30408,3.11845,0.121742
117,-1.30408,3.11845,0.121742
119,-1.56828,4.04424,0.0642887
117,-1.56828,4.04424,0.0642887
119,-2.0828,4.0223,-0.240554
110,-2.0828,4.0223,-0.240554
119,-3.12406,2.86267,0.176975
106,-3.12406,2.86267,0.176975
119,-2.08637,4.0973,-0.0605818
102,-2.08637,4.0973,-0.0605818
119,-1.52833,3.52535,0.167084
102,-1.52833,3.52535,0.167084
119,-1.40818,3.01631,0.0233827
102,-1.40818,3.01631,0.0233827
120,-1.14002,1.93033,-0.263517
120,-0.991635,2.2946,0.533887
120,-1.03137,2.3022,0.576308
120,-1.03154,2.3015,0.522292
120,-1.07838,2.2936,0.593333
120,-1.03052,2.31787,0.49664
120,-1.05245,2.33116,0.580427
120,-1.07548,2.2974,0.317815
120,-1.04944,2.33423,0.49849
120,-1.14561,2.30924,0.636431
120,-1.04976,2.34614,0.458102
120,-1.08843,2.34169,0.619354
120,-1.11117,2.24315,-0.337014
120,-1.10759,2.24964,-0.323686
120,-1.12003,2.32929,0.582763
120,-1.07626,2.34241,0.458253
120,-1.11062,2.25778,-0.34681
120,-1.10719,2.35123,0.501295
120,-1.08042,2.37422,0.418452
120,-1.16697,2.35118,0.601065
120,-1.15311,2.378,0.638936
120,-1.16471,2.38565,0.641889
120,-1.16653,2.39225,0.605953
120,-1.06453,2.43171,0.455942
120,-1.02158,2.45721,0.446797
120,-1.21115,2.33863,0.191912
120,-1.21687,2.3342,0.15172
120,-1.23388,2.35979,0.378124
120,-1.09516,2.44579,0.321832
120,-1.22391,2.36833,0.119869
120,-1.19125,2.44247,0.65755
120,-1.26319,2.40055,0.592865
120,-1.10618,2.48147,0.42487
120,-1.30617,2.38602,0.489421
120,-1.29304,2.39118,0.43468
120,-1.29343,2.41108,0.637617
120,-1.32745,2.3972,0.615932
120,-1.30652,2.39706,0.476039
120,-1.19209,2.43175,0.214388
120,-1.29382,2.37308,0.120139
120,-1.29785,2.41972,0.640945
120,-1.24945,2.43768,0.554366
120,-1.229,2.41477,0.170859
120,-1.32401,2.40736,0.54652
120,-1.30026,2.4183,0.438158
120,-1.31729,2.40808,0.405124
120,-1.31844,2.40863,0.386852
120,-1.33169,2.4315,0.623438
120,-1.28665,2.46174,0.614961
120,-1.33312,2.44094,0.593713
120,-1.33635,2.44275,0.621778
120,-1.30737,2.46339,0.595288
120,-1.31446,2.4712,0.651172
120,-1.27937,2.47368,0.353568
120,-1.4386,2.39256,0.186972
120,-1.10383,2.50272,-0.639005
120,-1.16982,2.5442,0.125515
120,-1.38756,2.46142,0.352781
120,-1.29937,2.51676,0.351932
120,-1.43673,2.42867,0.15665
120,-1.43606,2.44583,0.241192
120,-1.44598,2.43515,0.150776
120,-1.16608,2.58461,0.0979692
120,-1.4045,2.4745,0.185939
120,-1.44568,2.47134,0.299746
120,-1.42183,2.47263,0.147984
120,-1.42772,2.46549,0.101744
120,-1.44102,2.48092,0.241096
120,-1.44529,2.47181,0.162211
120,-1.42654,2.50181,0.234775
120,-1.33433,2.55357,0.277284
120,-1.43457,2.50212,0.245967
120,-1.18313,2.61759,0.0767238
120,-1.17485,2.62919,0.0891839
120,-1.41811,2.51961,0.215302
120,-1.42316,2.52986,0.218763
120,-1.41041,2.54972,0.321021
120,-1.46632,2.51503,0.113247
120,-1.18008,2.65825,0.0715548
120,-1.34405,2.60242,0.322882
120,-1.41856,2.56848,0.301855
120,-1.12973,2.68608,-0.513152
120,-1.3634,2.68013,0.297371
120,-1.25127,2.68489,-0.309558
120,-1.15058,2.72892,-0.522615
120,-1.23771,2.71623,-0.332757
120,-1.13899,2.7711,-0.530706
120,-1.53112,2.6716,0.0538179
120,-3.41316,2.49704,0.914872
120,-3.30317,2.62843,1.13361
120,-3.01029,2.91445,0.952836
120,-3.06636,2.90137,0.936737
120,-3.04032,2.9248,0.991583
120,-3.05016,2.93739,1.0472
120,-2.99257,2.97816,1.08569
120,-2.98058,2.99258,1.01698
120,-3.02183,2.98878,1.00146
120,-3.02307,2.99128,0.91303
120,-1.87944,3.50612,-0.0219218
120,-3.06431,3.0364,1.02419
120,-3.07152,3.04543,1.10417
120,-1.34159,3.85823,-0.809221
120,-2.97227,3.09716,-0.311561
120,-2.98464,3.10831,-0.318243
120,-2.60174,3.45317,-0.421534
120,-2.69225,3.55565,-0.437282
120,-1.29512,4.29958,-1.16128
120,-4.15418,3.28567,1.38675
120,-1.34741,4.87806,-0.382726
120,-1.40404,4.90417,-0.390101
120,-1.73425,5.12531,2.06872
120,-1.71338,5.18639,2.08447
120,-1.3813,5.31874,0.735173
120,-1.95643,5.34417,2.13039
120,-1.17887,5.5982,-1.3376
120,-1.18702,5.60899,-1.19063
120,-2.1715,5.46682,2.1665
120,-1.67024,5.72645,2.0618
120,-1.17688,5.90265,0.883834
120,-1.21402,5.97616,0.779068
120,-1.69557,5.89384,1.99914
120,-2.19579,5.68256,2.33768
120,-1.21576,5.88876,-1.25904
120,-1.04981,6.26867,0.604213
120,-1.67576,6.10906,2.29094
120,-1.13796,6.06326,-1.43352
120,-1.24478,6.44177,0.954626
120,-1.12197,6.54692,1.05869
120,-1.56809,6.65297,2.33848
120,-1.31653,2.68149,0.39518
111,-1.31653,2.68149,0.39518
120,-1.42235,2.42335,0.205939
111,-1.42235,2.42335,0.205939
120,-1.2466,2.4538,0.413309
111,-1.2466,2.4538,0.413309
120,-1.33396,2.46336,0.56142
111,-1.33396,2.46336,0.56142
120,-1.33562,2.48414,0.380668
111,-1.33562,2.48414,0.380668
120,-1.29763,2.56446,0.406711
98,-1.29763,2.56446,0.406711
120,-1.91254,4.85567,0.0339281
102,-1.91254,4.85567,0.0339281
121,-1.1426,2.23206,0.234911
121,-1.02753,2.33841,0.311675
121,-1.15526,2.26644,0.19983
121,-1.15594,2.27024,0.172127
121,-1.01537,2.38455,0.538402
121,-1.05345,2.37439,0.503849
121,-1.04706,2.38396,0.590344
121,-1.00284,2.41037,0.556637
121,-1.07263,2.34053,-0.593109
121,-1.08341,2.3966,0.507325
121,-1.20602,2.3182,0.184394
121,-1.20606,2.31839,0.170223
121,-1.13598,2.38472,0.594111
121,-1.05906,2.41638,0.408645
121,-1.06069,2.42752,0.437606
121,-1.60783,2.1212,-0.293228
121,-1.10232,2.43206,0.468342
121,-1.0882,2.44749,0.4801
121,-1.05935,2.43829,-0.635345
121,-1.0696,2.49996,0.608035
121,-1.18674,2.43592,0.559867
121,-1.0698,2.50464,0.441091
121,-1.23222,2.40612,0.169896
121,-1.08575,2.44802,-0.660032
121,-1.24031,2.41748,0.132128
121,-1.60504,2.21042,-0.267281
121,-1.24275,2.42943,0.180881
121,-1.25746,2.4428,0.45221
121,-1.20851,2.47892,0.573546
121,-1.25778,2.44412,0.390727
121,-1.28575,2.44712,0.660675
121,-1.29495,2.44754,0.590205
121,-1.2475,2.48202,0.562171
121,-1.27439,2.46522,0.479084
121,-1.3295,2.45207,0.636251
121,-1.6363,2.24602,-0.267451
121,-1.33029,2.45472,0.547052
121,-1.34997,2.44711,0.579905
121,-1.25692,2.49932,0.555371
121,-1.30053,2.48188,0.655391
121,-1.43521,2.38456,0.15425
121,-1.34858,2.4563,0.58429
121,-1.26867,2.49898,0.565075
121,-1.64854,2.25409,-0.269844
121,-1.27282,2.50486,0.646954
121,-1.27194,2.49989,0.420934
121,-1.27167,2.51319,0.53037
121,-1.29452,2.50041,0.356176
121,-1.34492,2.49126,0.560166
121,-1.33121,2.49681,0.483964
121,-1.30056,2.51315,0.408067
121,-1.29201,2.52397,0.459401
121,-1.58159,2.36026,-0.267319
121,-1.29703,2.54699,0.405626
121,-1.44475,2.46807,0.234012
121,-1.44629,2.47307,0.189306
121,-1.38385,2.5239,0.426491
121,-1.30087,2.56452,0.35071
121,-1.45383,2.4861,0.303299
121,-1.30536,2.58531,0.34818
121,-1.3135,2.57063,0.141326
121,-1.45926,2.50552,0.28543
121,-1.59154,2.41011,-0.276694
121,-1.39302,2.5609,0.428539
121,-1.6391,2.40045,-0.307764
121,-1.48109,2.51553,0.165368
121,-1.46451,2.54096,0.301583
121,-1.48352,2.53711,0.113589
121,-1.42439,2.61645,0.051255
121,-1.5183,2.57861,0.0801853
121,-1.44157,2.62166,0.0446711
121,-1.50623,2.60376,0.115192
121,-1.4231,2.64637,0.0197621
121,-1.5233,2.60246,0.0729885
121,-1.44127,2.67393,0.0492878
121,-1.20321,3.30067,-0.826249
121,-2.14581,2.84998,-0.281618
121,-2.13425,2.85832,-0.303188
121,-2.9628,2.50458,0.950795
121,-3.03752,2.59739,0.973082
121,-3.09281,2.7232,1.14601
121,-3.44269,2.49466,0.220405
121,-2.16482,3.27077,-0.397222
121,-3.13065,2.84545,0.979614
121,-3.09,2.88729,1.0423
121,-3.12335,2.87092,0.989839
121,-2.9574,2.96342,1.01322
121,-3.10397,2.85027,0.166434
121,-3.11478,2.89605,1.02846
121,-3.07036,2.91906,1.00987
121,-2.99907,2.95857,0.898984
121,-3.13921,2.90094,1.05742
121,-3.07343,2.93494,0.917159
121,-2.47898,3.1841,-0.350032
121,-3.04841,2.97794,0.950826
121,-3.12508,2.90331,0.182974
121,-2.97725,3.03684,1.03714
121,-3.03608,3.00264,0.907319
121,-2.54854,3.19954,-0.356468
121,-3.07524,3.03222,1.04622
121,-2.53167,3.29357,-0.375287
121,-2.25713,3.47096,-0.44212
121,-3.59677,2.86969,1.22312
121,-2.21347,3.54049,-0.290229
121,-2.23306,3.62242,-0.450942
121,-2.00095,3.85115,-0.0446442
121,-2.28834,3.69224,-0.313898
121,-2.01771,3.91311,-0.0492114
121,-1.50335,4.29733,1.974
121,-2.06728,4.0427,-0.060648
121,-1.43968,5.15857,-0.419235
121,-0.907313,5.67002,2.28332
121,-1.88561,5.18465,2.08912
121,-2.41482,4.93914,2.23203
121,-2.22813,5.08918,2.34263
121,-1.20424,5.58841,-1.32293
121,-1.85184,5.42206,2.02421
121,-2.04909,5.34163,2.29162
121,-2.36651,5.18426,2.4
121,-2.08058,5.34833,2.00464
121,-1.17148,5.86328,0.902695
121,-1.23658,5.8469,0.459948
121,-2.11501,5.49058,2.34273
121,-1.20852,5.89744,0.871285
121,-2.11703,5.498,2.27175
121,-2.21796,5.45201,2.34929
121,-2.14539,5.55137,2.28527
121,-1.71541,5.85951,1.98529
121,-2.70866,5.38918,2.28909
121,-1.02083,6.23437,0.696821
121,-1.22343,6.15351,0.926576
121,-1.02157,6.25847,0.620652
121,-1.32473,6.23101,2.39216
121,-1.22714,6.21202,0.697688
121,-1.66675,6.11357,2.27661
121,-1.12408,2.57136,0.430933
119,-1.12408,2.57136,0.430933
122,-1.021,2.24835,0.323209
122,-1.07095,2.28441,0.311084
122,-1.07286,2.4294,0.430116
122,-1.0179,2.51703,0.548149
122,-1.06557,2.50627,0.50143
122,-1.62902,2.07957,-0.465437
122,-1.57793,2.22072,-0.267524
122,-1.30283,2.51191,0.579462
122,-1.26323,2.54137,0.55614
122,-1.61569,2.24102,-0.276499
122,-1.27378,2.53256,0.470825
122,-1.51913,2.387,-0.312133
122,-1.4544,2.58864,0.358257
122,-1.61107,2.43268,-0.302244
122,-1.44094,2.61971,0.184292
122,-1.44916,2.62702,0.184367
122,-1.50708,2.65213,0.155686
122,-1.52109,2.68259,0.235261
122,-1.51016,2.71089,0.311925
122,-1.54672,2.70273,0.118213
122,-1.57401,2.86923,0.0951275
122,-3.16446,2.74145,1.02564
122,-3.16063,2.94148,1.0263
122,-2.93129,3.07612,-0.285018
122,-3.04954,3.03174,-0.303139
122,-2.96152,3.10153,-0.312941
122,-1.98236,3.78391,-0.074082
122,-1.99083,3.79466,-0.0325732
122,-1.97979,3.8137,-0.529876
122,-2.35141,3.66224,-0.463751
122,-2.62242,3.55907,-0.425009
122,-2.6827,3.58826,-0.416909
122,-2.36377,3.76635,-0.496224
122,-1.97436,4.02536,-0.602936
122,-2.74468,3.69947,-0.445145
122,-1.10019,5.90763,0.947276
122,-1.16586,5.89237,0.88199
122,-1.26184,5.7993,0.343607
122,-1.20635,5.88877,0.763624
122,-1.23384,5.90174,0.890598
122,-1.24699,5.89744,0.898951
122,-1.26373,5.82543,0.41705
122,-1.20785,5.9031,0.677607
122,-1.23695,5.93066,0.747843
122,-1.10397,5.8896,-1.4078
122,-1.30401,6.04219,0.423705
122,-1.97802,3.74176,-0.0561137
120,-1.97802,3.74176,-0.0561137
122,-2.90699,2.90149,0.298328
120,-2.90699,2.90149,0.298328
122,-3.17126,2.87729,1.12403
111,-3.17126,2.87729,1.12403
123,-0.994021,2.39858,0.524748
123,-1.05497,2.39373,0.579185
123,-1.16289,1.85326,-1.08807
123,-1.09977,2.38165,0.600089
123,-1.13397,2.40537,0.576046
123,-1.15668,2.45131,0.602312
123,-1.19953,2.47641,0.571816
123,-1.30745,2.5492,0.595939
123,-1.27567,2.56497,0.568914
123,-1.35434,2.53445,0.536306
123,-1.08336,2.42483,-0.554077
123,-1.06634,2.46375,-0.63425
123,-1.42354,2.57883,0.437533
123,-1.41337,2.59974,0.44056
123,-1.33207,2.63191,0.388956
123,-2.85435,1.43002,-0.99496
123,-1.47894,2.7804,0.360356
123,-1.57532,2.97216,0.320514
123,-2.98306,1.96744,-0.472836
123,-1.94983,3.67212,-0.0195978
123,-2.94298,3.0535,-0.293121
123,-2.94466,3.0874,-0.326526
123,-1.2112,5.49857,-1.15795
123,-1.28204,5.9293,0.406252
123,-1.8376,5.40253,-0.767809
123,-1.23439,5.73034,-1.33999
123,-1.24036,5.77849,-1.25695
123,-1.09603,5.85455,-1.35821
123,-1.14459,6.30246,-1.48316
124,-0.75626,0.0202045,-0.240711
124,-1.02118,1.0682,-1.23588
124,-1.01779,1.07287,-1.23595
124,-1.40134,0.926642,-1.21733
124,-1.57165,0.85346,-1.16736
124,-1.40449,0.93887,-1.19358
124,-1.58396,0.870699,-1.17493
124,-1.41047,0.973276,-1.21708
124,-1.59849,0.908655,-1.21077
124,-1.62217,1.10276,-1.14645
124,-1.61276,1.10542,-1.16606
124,-1.54566,1.13331,-1.2065
124,-1.94855,1.03569,-1.19351
124,-2.07808,0.964792,-1.25149
124,-2.55809,0.732931,-1.19992
124,-1.25659,1.69118,-1.08703
124,-2.569,1.58336,-0.270664
124,-2.77277,1.74645,-0.850366
124,-2.84549,1.84104,-0.898992
124,-3.06791,1.92436,-0.804766
124,-3.00326,2.50677,-0.320268
124,-2.99688,3.20406,-0.27159
124,-3.33744,2.14783,-0.418097
122,-3.33744,2.14783,-0.418097
124,-2.92944,1.96764,0.220166
121,-2.92944,1.96764,0.220166
125,-0.950348,-0.0930535,-0.243326
125,-1.01095,0.374298,-1.17317
125,-0.951322,0.501756,-1.1287
125,-0.940734,0.506564,-1.15785
125,-1.31119,0.304987,-1.15117
125,-1.39155,0.259854,-1.15048
125,-1.31646,0.316425,-1.17014
125,-0.928035,0.552037,-1.17326
125,-0.900851,0.55764,-1.20998
125,-0.930666,0.565675,-1.18612
125,-1.4119,0.287485,-1.17806
125,-0.89547,0.567579,-1.2262
125,-0.926481,0.599736,-1.18731
125,-1.73863,0.143004,-1.1969
125,-0.881074,0.618398,-1.26063
125,-1.76055,0.141575,-1.18967
125,-1.63261,0.23519,-1.19217
125,-1.67183,0.232011,-1.1808
125,-1.68009,0.243002,-1.18474
125,-1.58791,0.309896,-1.18866
125,-1.55105,0.361983,-1.15528
125,-1.55559,0.361222,-1.15621
125,-1.75976,0.22762,-1.18207
125,-1.59182,0.334591,-1.19641
125,-1.57974,0.388456,-1.18751
125,-1.62942,0.339391,-1.22081
125,-1.61591,0.346177,-1.2229
125,-1.83592,0.240819,-1.19456
125,-1.93136,0.230142,-1.15275
125,-1.53606,0.449054,-1.18696
125,-1.84258,0.262436,-1.20801
125,-1.85166,0.297629,-1.17179
125,-1.72099,0.345536,-1.23516
125,-1.69009,0.379128,-1.21993
125,-1.75114,0.362797,-1.20288
125,-1.62017,0.465846,-1.17119
125,-1.70165,0.378486,-1.23137
125,-1.8753,0.312186,-1.19485
125,-1.77406,0.389156,-1.17426
125,-1.81992,0.353212,-1.18545
125,-1.73046,0.386918,-1.21934
125,-1.62122,0.47535,-1.1917
125,-1.63366,0.473722,-1.19444
125,-1.61868,0.486256,-1.19132
125,-1.82678,0.360503,-1.20192
125,-1.63255,0.483397,-1.20065
125,-1.7421,0.389435,-1.2393
125,-1.7686,0.385658,-1.22592
125,-1.75704,0.420377,-1.21918
125,-0.642953,1.15704,-1.20048
125,-0.646589,1.17769,-1.18243
125,-0.648476,1.18591,-1.17165
125,-0.836495,1.11935,-1.19406
125,-1.86728,0.572565,-1.20797
125,-1.9084,0.554266,-1.20435
125,-1.91399,0.552531,-1.20393
125,-1.02673,1.08643,-1.21561
125,-1.85693,0.581684,-1.22164
125,-1.86755,0.577426,-1.22631
125,-1.92667,0.555957,-1.22481
125,-1.21304,1.00546,-1.2049
125,-1.95201,0.579568,-1.18474
125,-1.20045,1.00355,-1.22882
125,-1.3953,0.907512,-1.21659
125,-1.38639,0.912441,-1.21834
125,-1.93731,0.569478,-1.23521
125,-1.22105,1.02223,-1.21289
125,-1.39406,0.938734,-1.1883
125,-1.40324,0.934349,-1.18707
125,-1.39961,0.912258,-1.22171
125,-1.40147,0.937707,-1.19604
125,-2.03093,0.564448,-1.19714
125,-1.58728,0.846922,-1.21714
125,-1.40745,0.961684,-1.21295
125,-1.59172,0.861837,-1.19783
125,-1.41105,0.964226,-1.21435
125,-2.06574,0.575275,-1.20611
125,-1.41749,0.966575,-1.22548
125,-2.00779,0.613207,-1.2228
125,-2.0105,0.614677,-1.22895
125,-1.59297,0.864938,-1.23372
125,-1.22054,1.8583,-0.272929
125,-1.24252,1.87182,-0.242814
125,-2.14601,0.654459,-1.2196
125,-2.15443,0.663211,-1.20791
125,-2.10791,0.699258,-1.20077
125,-0.615804,1.59856,-1.20656
125,-1.1936,1.93429,-0.273324
125,-0.619781,1.6268,-1.18765
125,-1.39189,1.2344,-1.09745
125,-2.11736,0.715543,-1.22075
125,-1.15683,1.98519,-0.286086
125,-2.13122,0.743301,-1.23138
125,-2.16144,0.756673,-1.20258
125,-1.87777,0.915811,-1.23361
125,-2.14421,0.747558,-1.24701
125,-2.18176,0.766328,-1.20414
125,-2.11029,0.832873,-1.18088
125,-1.59229,1.11083,-1.23036
125,-2.22507,0.719839,-1.24519
125,-1.59516,1.11397,-1.24135
125,-2.2759,0.724504,-1.21362
125,-2.12896,0.790693,-1.25458
125,-1.89768,0.941842,-1.24233
125,-2.19278,0.775516,-1.22877
125,-1.90797,0.939391,-1.25341
125,-1.8987,0.949408,-1.259
125,-1.66026,1.14101,-1.20969
125,-2.10127,0.85989,-1.23755
125,-1.91026,0.974547,-1.24579
125,-2.07317,0.903639,-1.21157
125,-2.04341,0.910709,-1.22705
125,-1.95235,0.967826,-1.23268
125,-1.97057,0.979062,-1.20999
125,-1.92126,0.968179,-1.26829
125,-2.03799,0.913947,-1.24672
125,-2.05649,0.930334,-1.21028
125,-1.96599,0.982607,-1.21746
125,-1.93847,1.00022,-1.21959
125,-2.02136,0.966796,-1.20499
125,-2.35716,0.763451,-1.22342
125,-2.03013,0.937793,-1.25729
125,-1.9631,0.986427,-1.24917
125,-2.01995,0.976042,-1.21857
125,-1.94643,1.01497,-1.23397
125,-2.05384,0.926682,-1.26926
125,-1.68395,1.18384,-1.24886
125,-2.3766,0.780368,-1.23034
125,-1.94053,1.07306,-1.20149
125,-1.96164,1.04208,-1.23082
125,-2.02904,1.00788,-1.25013
125,-1.2369,1.5867,-1.11515
125,-1.96755,1.10623,-1.23055
125,-1.96435,1.12617,-1.21705
125,-1.97115,1.11246,-1.23139
125,-1.2219,1.71873,-1.03493
125,-1.21799,1.70606,-1.083
125,-1.18556,1.81064,-1.06088
125,-0.97158,1.81711,-1.23441
125,-2.56422,0.821908,-1.27931
125,-2.64476,0.829707,-1.24864
125,-2.70307,0.80148,-1.24052
125,-1.06388,2.25108,-0.660577
125,-1.04882,1.89384,-1.18844
125,-1.08119,1.93505,-1.11431
125,-1.06091,2.06253,-1.10209
125,-1.04482,2.18946,-1.04799
125,-0.9675,2.33368,-1.12103
125,-0.992659,2.41098,-1.16781
125,-3.22145,1.71339,-1.20425
125,-3.1276,2.119,-0.87377
125,-3.09823,2.16575,-0.87272
125,-3.04959,2.02173,-1.1352
125,-3.09018,2.16918,-0.909155
125,-0.950607,0.643437,-1.30261
115,-0.950607,0.643437,-1.30261
125,-1.23537,5.76334,-1.25339
123,-1.23537,5.76334,-1.25339
125,-1.15511,2.00076,-0.283746
123,-1.15511,2.00076,-0.283746
125,-3.26385,1.65832,-0.375873
123,-3.26385,1.65832,-0.375873
125,-1.44321,3.21531,-0.558713
120,-1.44321,3.21531,-0.558713
126,-0.922169,-0.1718,-0.236695
126,-0.593459,0.105153,-1.17183
126,-0.43052,0.219349,-1.17787
126,-1.07861,-0.128681,-1.16472
126,-0.445369,0.269099,-1.17075
126,-0.493245,0.274467,-1.16923
126,-0.523158,0.283359,-1.1468
126,-0.514986,0.287276,-1.16295
126,-1.18502,-0.131046,-1.18381
126,-1.19036,-0.119075,-1.19434
126,-1.22089,-0.121001,-1.1907
126,-1.15353,-0.0695792,-1.19061
126,-1.22662,-0.119641,-1.19696
126,-1.21129,-0.072116,-1.18215
126,-1.21751,-0.0628843,-1.18029
126,-1.16479,-0.0156567,-1.18148
126,-1.24695,-0.0443843,-1.16587
126,-1.20916,-0.0127208,-1.16836
126,-1.22459,-0.0253831,-1.17508
126,-1.19028,0.0139519,-1.16399
126,-0.940402,0.187054,-1.17756
126,-0.935893,0.191091,-1.17756
126,-0.940682,0.19851,-1.18281
126,-1.28482,0.0335147,-1.16123
126,-0.948431,0.209888,-1.20251
126,-1.29013,0.0375906,-1.16583
126,-0.882233,0.289296,-1.17898
126,-1.21949,0.0927126,-1.16793
126,-0.889739,0.299313,-1.17111
126,-1.278,0.0672014,-1.16308
126,-1.30194,0.0631437,-1.15603
126,-1.23979,0.0927709,-1.1682
126,-1.32959,0.0451299,-1.16106
126,-0.985659,0.255059,-1.1656
126,-1.32508,0.0548816,-1.1566
126,-1.04072,0.23071,-1.15906
126,-0.904189,0.296963,-1.17954
126,-0.98552,0.263295,-1.1702
126,-0.982556,0.273021,-1.16275
126,-1.30946,0.0789888,-1.15377
126,-1.31476,0.0668922,-1.16329
126,-0.895451,0.299545,-1.19291
126,-0.973247,0.277091,-1.1687
126,-1.37885,0.0570067,-1.14249
126,-0.965539,0.268689,-1.1865
126,-0.898513,0.303578,-1.19314
126,-1.31271,0.0681454,-1.17399
126,-0.972305,0.286016,-1.17107
126,-1.34879,0.0530432,-1.17185
126,-1.29668,0.078266,-1.17961
126,-1.37534,0.0674431,-1.14363
126,-0.899009,0.312814,-1.19558
126,-1.04635,0.238399,-1.17946
126,-1.046,0.23706,-1.18408
126,-1.03734,0.241448,-1.18562
126,-1.38447,0.0743525,-1.14446
126,-0.976927,0.286069,-1.18837
126,-1.06397,0.243472,-1.17851
126,-1.05878,0.244301,-1.18324
126,-1.04401,0.261132,-1.18154
126,-1.06132,0.252777,-1.17975
126,-1.75592,-0.190686,-1.19192
126,-0.982715,0.29172,-1.1918
126,-1.29034,0.109019,-1.18455
126,-1.38488,0.072526,-1.16612
126,-1.0095,0.352232,-1.15979
126,-1.01118,0.349393,-1.16287
126,-1.00998,0.35214,-1.1688
126,-1.37146,0.13856,-1.1788
126,-1.31611,0.174004,-1.17945
126,-1.34691,0.155987,-1.18059
126,-1.35263,0.157531,-1.18018
126,-1.25697,0.211931,-1.19028
126,-1.32488,0.158212,-1.20224
126,-1.37817,0.150353,-1.18295
126,-1.28877,0.195268,-1.19363
126,-1.3513,0.16465,-1.18578
126,-1.28076,0.206437,-1.18913
126,-1.30879,0.19997,-1.17974
126,-1.33599,0.170166,-1.19349
126,-1.26683,0.219455,-1.19069
126,-1.36253,0.180207,-1.17145
126,-1.31026,0.207179,-1.18124
126,-1.33638,0.185052,-1.18781
126,-1.28613,0.213383,-1.1919
126,-1.28604,0.222445,-1.19141
126,-1.33991,0.211965,-1.17267
126,-1.35091,0.223092,-1.1612
126,-1.34407,0.216438,-1.18683
126,-0.936356,0.483481,-1.17494
126,-1.36435,0.223557,-1.16969
126,-0.884212,0.504683,-1.1887
126,-1.32617,0.269612,-1.15315
126,-1.30369,0.281879,-1.15806
126,-0.898574,0.495232,-1.19708
126,-1.34831,0.22464,-1.18899
126,-0.937437,0.49311,-1.17929
126,-1.30603,0.265255,-1.18091
126,-1.36811,0.228389,-1.18121
126,-0.889462,0.50747,-1.19917
126,-0.945315,0.503356,-1.17335
126,-1.33184,0.27526,-1.16196
126,-1.39962,0.238415,-1.16092
126,-1.3234,0.321661,-1.12703
126,-1.3665,0.210707,-1.21307
126,-1.31507,0.292482,-1.16836
126,-1.37574,0.229606,-1.19335
126,-0.94646,0.532754,-1.16157
126,-1.37416,0.234818,-1.19309
126,-1.30742,0.296637,-1.17427
126,-1.33354,0.284205,-1.17066
126,-1.31273,0.296884,-1.17293
126,-1.40329,0.241803,-1.17324
126,-1.3905,0.258038,-1.16616
126,-1.30115,0.299076,-1.18021
126,-0.869626,0.552928,-1.19628
126,-1.40279,0.242671,-1.17595
126,-1.40762,0.253042,-1.16513
126,-1.41278,0.245343,-1.16981
126,-1.33755,0.293226,-1.16934
126,-1.39441,0.253582,-1.17559
126,-1.65729,0.0906887,-1.17506
126,-1.40856,0.25722,-1.1665
126,-1.39898,0.252261,-1.18013
126,-1.05637,0.456694,-1.19436
126,-1.38596,0.272017,-1.17807
126,-1.74248,-0.00867683,-1.23518
126,-0.862117,0.568674,-1.20782
126,-1.38497,0.275658,-1.17802
126,-1.33653,0.330089,-1.1556
126,-1.33717,0.336195,-1.15132
126,-0.871376,0.571804,-1.21211
126,-1.80218,0.0153657,-1.19267
126,-1.68323,0.0981844,-1.20257
126,-1.66701,0.156443,-1.19639
126,-1.72015,0.149577,-1.19053
126,-1.73236,0.134461,-1.19807
126,-1.60716,0.233528,-1.18382
126,-1.60728,0.232347,-1.18724
126,-1.78379,0.136131,-1.18688
126,-1.62117,0.230839,-1.19483
126,-1.72527,0.188641,-1.18872
126,-1.70936,0.206784,-1.1857
126,-1.71278,0.209311,-1.18417
126,-1.57921,0.293359,-1.18516
126,-1.75303,0.204492,-1.1709
126,-1.54188,0.357226,-1.15372
126,-1.70516,0.238243,-1.17066
126,-1.67871,0.244544,-1.18154
126,-1.54012,0.359608,-1.16584
126,-1.62644,0.282674,-1.18907
126,-1.76539,0.212552,-1.17968
126,-1.71838,0.244573,-1.17967
126,-1.52601,0.384625,-1.16256
126,-1.6233,0.284058,-1.20354
126,-1.54731,0.370316,-1.1737
126,-1.38346,0.489321,-1.15793
126,-1.53161,0.390308,-1.17719
126,-1.51456,0.418974,-1.1797
126,-1.55666,0.403383,-1.17007
126,-1.51587,0.418736,-1.18823
126,-1.5648,0.412403,-1.17636
126,-1.54498,0.436961,-1.16981
126,-1.67409,0.322672,-1.20452
126,-1.49048,0.476901,-1.17128
126,-1.52257,0.438876,-1.18858
126,-1.47908,0.484261,-1.17474
126,-1.48387,0.47107,-1.18451
126,-1.67389,0.331988,-1.20863
126,-1.48248,0.48467,-1.179
126,-1.576,0.419325,-1.18708
126,-1.57797,0.420857,-1.19318
126,-1.52543,0.451057,-1.19591
126,-1.49457,0.480449,-1.19539
126,-1.70811,0.350491,-1.19803
126,-0.568399,1.05285,-1.21207
126,-0.545956,1.07796,-1.20867
126,-1.54476,0.471404,-1.20036
126,-1.7774,0.337767,-1.19723
126,-1.76243,0.358824,-1.20149
126,-1.78106,0.361989,-1.18767
126,-1.75839,0.367056,-1.19648
126,-1.8253,0.321318,-1.20186
126,-1.72432,0.372913,-1.21365
126,-1.78392,0.349262,-1.20158
126,-1.87878,0.292111,-1.20507
126,-1.76079,0.367821,-1.20378
126,-1.56781,0.494149,-1.20198
126,-1.58145,0.481822,-1.20579
126,-1.60292,0.477186,-1.20818
126,-0.632757,1.12009,-1.17184
126,-0.820893,1.07974,-1.18468
126,-0.818406,1.08253,-1.1863
126,-1.77133,0.540863,-1.21778
126,-1.02455,1.06405,-1.22072
126,-1.20024,0.97482,-1.20397
126,-1.20057,0.985532,-1.20299
126,-1.90135,0.539174,-1.2195
126,-1.93129,0.535493,-1.22485
126,-1.93234,0.5347,-1.22886
126,-1.8967,0.555764,-1.23011
126,-1.87938,0.574911,-1.23814
126,-1.95955,0.598518,-1.21906
126,-2.00945,0.617481,-1.21177
126,-1.5924,0.864086,-1.23011
126,-1.59608,0.874932,-1.21968
126,-1.59025,0.876775,-1.22307
126,-1.60051,0.867846,-1.22669
126,-2.09123,0.677993,-1.21161
126,-1.37207,1.21859,-1.15603
126,-2.04865,0.730182,-1.22174
126,-2.10018,0.694366,-1.22709
126,-2.07737,0.732906,-1.2345
126,-2.10326,0.75306,-1.22058
126,-0.789169,1.63685,-1.17335
126,-1.59273,1.10363,-1.22115
126,-2.25415,0.69986,-1.21432
126,-2.12093,0.821249,-1.18723
126,-2.08926,0.84637,-1.19911
126,-2.11616,0.817618,-1.23698
126,-1.65421,1.13011,-1.21986
126,-1.90479,0.952119,-1.24153
126,-1.60772,1.13767,-1.24293
126,-0.778478,1.69331,-1.2142
126,-1.66106,1.14672,-1.21574
126,-1.68493,1.13011,-1.21773
126,-2.12743,0.827929,-1.24493
126,-2.11822,0.834828,-1.24606
126,-1.9652,0.966921,-1.21529
126,-2.16973,0.833599,-1.22821
126,-1.67141,1.16171,-1.21675
126,-1.22328,1.48562,-1.17576
126,-2.07885,0.892268,-1.23462
126,-2.08162,0.899567,-1.22801
126,-2.05568,0.913629,-1.23288
126,-2.01097,0.966498,-1.21193
126,-1.9238,1.00005,-1.23494
126,-2.0816,0.949723,-1.20176
126,-2.09211,0.911872,-1.2394
126,-2.0271,0.98072,-1.21543
126,-1.96873,0.988404,-1.24949
126,-1.93866,1.07307,-1.19819
126,-2.09223,0.966649,-1.21551
126,-2.09714,0.975382,-1.21401
126,-2.60072,0.619142,-1.27137
126,-0.977003,1.77593,-1.21143
126,-1.05359,2.05363,-1.09925
126,-1.0602,2.05225,-1.10325
126,-0.843872,2.32539,-1.18678
126,-0.793092,2.47002,-1.19957
126,-0.954711,2.37769,-1.2088
126,-0.655618,2.60813,-1.22621
126,-3.31384,1.78659,-0.888989
126,-1.22219,1.56926,-1.05267
116,-1.22219,1.56926,-1.05267
127,-1.67295,0.287281,-1.23162
127,-0.554192,1.0749,-1.21932
127,-0.586317,1.05597,-1.22717
127,-0.5763,1.08396,-1.20115
127,-0.563154,1.11009,-1.2218
127,-0.572045,1.15214,-1.23009
127,-0.440503,1.29625,-1.20147
127,-0.65464,1.17176,-1.20957
127,-0.665694,1.18832,-1.19132
127,-0.50568,1.31072,-1.18147
127,-0.40835,1.35341,-1.21001
127,-0.841511,1.14327,-1.2425
127,-1.02948,1.05416,-1.21727
127,-1.042,1.08094,-1.20676
127,-1.20672,1.0033,-1.21712
127,-1.21507,0.997529,-1.2182
127,-1.21617,0.997596,-1.22495
127,-1.22525,1.0272,-1.19057
127,-1.23389,1.02212,-1.19239
127,-1.23342,1.02921,-1.21304
127,-1.41445,0.938385,-1.22469
127,-1.41446,0.956777,-1.20368
127,-0.547596,1.48521,-1.21777
127,-0.553599,1.48159,-1.22345
127,-1.42308,0.974825,-1.20846
127,-0.52053,1.5549,-1.21316
127,-1.23798,1.87964,-0.302089
127,-1.2378,1.89995,-0.303681
127,-1.62464,0.904122,-1.22951
127,-1.61719,0.897339,-1.25546
127,-0.45492,1.63181,-1.23112
127,-1.63244,0.921459,-1.2293
127,-1.41123,1.2433,-1.18389
127,-1.41571,1.2574,-1.19735
127,-1.6684,1.17237,-1.23365
127,-2.04364,0.927639,-1.25382
127,-0.812621,1.74313,-1.20836
127,-0.810453,1.73112,-1.2354
127,-2.12362,1.01327,-1.22576
127,-2.01128,1.09418,-1.22674
127,-1.187,1.81458,-1.07457
127,-1.17362,1.83016,-1.07626
127,-1.65572,2.16342,-0.333821
127,-1.08228,2.23421,-0.673809
127,-0.994488,1.85842,-1.25778
127,-1.07381,2.09797,-1.12742
127,-0.980283,2.34269,-1.20911
127,-0.863873,2.41203,-1.24857
127,-0.799455,2.60691,-1.28986
127,-3.07278,2.15975,-0.452129
127,-3.11277,2.19073,-0.439127
127,-3.09407,2.21118,-0.489852
127,-3.46237,1.65551,-0.911667
127,-3.45262,1.84261,-0.699882
127,-3.0359,1.79519,-1.22655
127,-3.11016,1.86542,-1.09337
127,-3.01283,1.86357,-1.22366
127,-3.01964,1.85183,-1.23297
127,-3.10952,1.77668,-1.2613
127,-3.21189,1.82849,-1.14132
127,-3.04087,2.04659,-1.02272
127,-3.0159,1.9043,-1.22769
127,-2.96155,1.95169,-1.21705
127,-3.11596,1.92518,-1.13534
127,-3.14631,1.90938,-1.14063
127,-3.02054,1.91868,-1.22689
127,-3.19597,1.8938,-1.15603
127,-3.01399,1.98889,-1.23337
127,-3.06434,1.98434,-1.20524
127,-3.05994,2.1825,-1.06628
127,-2.12565,3.86572,-0.536004
127,-1.61722,1.14464,-1.23895
126,-1.61722,1.14464,-1.23895
127,-3.16579,2.27229,-0.959087
125,-3.16579,2.27229,-0.959087
127,-3.21275,2.37907,-0.926677
125,-3.21275,2.37907,-0.926677
127,-1.28071,2.0309,-0.285117
125,-1.28071,2.0309,-0.285117
127,-1.29804,2.31222,-0.391479
125,-1.29804,2.31222,-0.391479
127,-1.64618,0.461415,-1.28711
125,-1.64618,0.461415,-1.28711
127,-2.06645,1.2625,-1.32385
124,-2.06645,1.2625,-1.32385
127,-1.52021,3.46007,-0.571337
116,-1.52021,3.46007,-0.571337
127,-2.45534,4.00847,-0.579398
116,-2.45534,4.00847,-0.579398
127,-1.14235,1.9384,-0.27068
121,-1.14235,1.9384,-0.27068
127,-1.48433,3.63513,-0.536177
120,-1.48433,3.63513,-0.536177
128,-2.02934,0.554299,-1.15163
128,-1.96767,0.59068,-1.17779
128,-1.13741,1.95887,-0.271906
128,-1.61969,1.09987,-1.16858
128,-0.773504,1.66787,-1.21186
128,-2.19283,0.769216,-1.2048
128,-2.27767,0.717771,-1.20534
128,-1.65791,1.14036,-1.21782
128,-1.92872,0.979383,-1.18234
128,-2.09134,0.876437,-1.21431
128,-2.10472,0.887229,-1.20003
128,-2.11607,0.896539,-1.23634
128,-2.06447,0.940276,-1.22805
128,-2.0795,0.952477,-1.20922
128,-2.3845,0.796902,-1.24072
128,-2.55587,0.822538,-1.3065
128,-1.00367,2.06984,-1.18787
128,-1.05547,2.19794,-1.0866
128,-1.04183,2.26412,-1.05516
128,-0.948164,2.3231,-1.1982
128,-3.46312,1.84607,-0.229558
128,-3.24941,2.06111,-0.328749
128,-3.18469,2.13333,-0.349872
128,-3.23921,2.00529,-0.529712
128,-3.1591,2.18627,-0.428895
128,-3.21954,2.04021,-0.628565
128,-2.88181,2.61488,-0.106019
128,-3.08568,1.8064,-1.16258
128,-2.84186,2.62239,-0.152721
128,-3.15466,2.21205,-0.480052
128,-3.02007,2.07213,-0.864165
128,-2.93599,1.91969,-1.2177
128,-3.14792,2.25319,-0.482686
128,-2.71727,2.75886,-0.187499
128,-3.20465,1.82382,-1.12815
128,-3.1372,2.02377,-0.895637
128,-3.08286,2.13206,-0.790468
128,-2.78057,2.70872,-0.227927
128,-3.12402,2.0921,-0.904462
128,-3.18896,2.27564,-0.688378
128,-2.77374,2.84282,-0.269686
128,-2.82288,2.90362,-0.236311
128,-2.91858,2.87521,-0.282575
128,-3.19076,2.21932,-1.11512
128,-2.2454,0.822363,-1.28444
125,-2.2454,0.822363,-1.28444
128,-1.6168,2.45575,-0.296201
105,-1.6168,2.45575,-0.296201
128,-1.41778,1.28262,-1.16937
105,-1.41778,1.28262,-1.16937
128,-1.42773,2.55713,0.186826
122,-1.42773,2.55713,0.186826
128,-1.3432,2.63751,0.292502
122,-1.3432,2.63751,0.292502
128,-1.69881,4.27683,0.307716
122,-1.69881,4.27683,0.307716
128,-1.46681,2.73299,0.017903
122,-1.46681,2.73299,0.017903
128,-1.23329,1.59974,-1.0513
116,-1.23329,1.59974,-1.0513
128,-1.63883,3.6848,-0.522728
116,-1.63883,3.6848,-0.522728
128,-1.39207,2.87395,-0.340442
120,-1.39207,2.87395,-0.340442
128,-1.11443,2.05599,-0.221505
123,-1.11443,2.05599,-0.221505
129,-3.52924,1.31924,0.189115
129,-3.44948,1.82562,0.149483
129,-2.22561,2.68284,-0.19962
129,-3.39085,1.78295,-0.186441
129,-3.37681,1.77872,-0.238299
129,-3.41026,1.7948,-0.191703
129,-3.3488,1.75458,-0.399034
129,-3.32798,1.83907,-0.283615
129,-3.30924,1.84949,-0.302006
129,-2.18944,2.77983,-0.216036
129,-3.36029,1.86606,-0.290716
129,-3.39497,1.77566,-0.440499
129,-3.19992,2.00497,-0.32081
129,-3.36277,1.75841,-0.660389
129,-3.20757,2.02516,-0.395142
129,-3.143,1.81957,-0.959061
129,-2.90681,1.89592,-1.18078
129,-2.96768,1.87859,-1.12663
129,-3.27904,1.70606,-1.01509
129,-3.13655,1.77555,-1.10124
129,-3.27604,1.78282,-0.880011
129,-3.1069,1.81004,-1.09604
129,-3.18786,2.15191,-0.326064
129,-3.08344,1.81664,-1.17019
129,-3.19838,1.87226,-0.907637
129,-2.80242,2.57924,-0.132316
129,-3.42586,1.70908,-0.927232
129,-3.09883,1.84177,-1.16947
129,-2.68231,2.71877,-0.16272
129,-2.73817,2.6639,-0.20511
129,-3.34621,1.70171,-1.17576
129,-2.80933,2.22629,-1.02897
129,-3.12287,2.0665,-0.870004
129,-3.1751,2.23542,-0.487823
129,-3.17803,2.23429,-0.494746
129,-3.26342,2.0917,-0.667773
129,-3.25327,1.99449,-0.880939
129,-3.06248,2.10342,-1.01158
129,-3.2046,2.08677,-0.906886
129,-2.75658,2.80489,-0.221911
129,-2.93376,2.72554,-0.129473
129,-2.81339,2.77671,-0.253528
129,-3.03257,2.58478,-0.30638
129,-3.18692,2.15919,-0.935641
129,-2.83272,2.79617,-0.234792
129,-2.80214,2.86584,-0.225485
129,-2.94416,2.7925,-0.233674
129,-2.37628,1.28361,-0.745612
128,-2.37628,1.28361,-0.745612
129,-1.58528,2.3226,-0.249947
127,-1.58528,2.3226,-0.249947
129,-1.69279,2.28689,-0.228175
122,-1.69279,2.28689,-0.228175
129,-1.53308,2.04444,-0.220199
122,-1.53308,2.04444,-0.220199
129,-3.55107,2.04364,-0.353271
122,-3.55107,2.04364,-0.353271
129,-2.26142,2.88414,-0.289774
121,-2.26142,2.88414,-0.289774
129,-2.46537,4.14894,-0.379462
121,-2.46537,4.14894,-0.379462
129,-1.56601,2.35393,-0.271579
121,-1.56601,2.35393,-0.271579
129,-3.16718,3.06486,-0.174872
123,-3.16718,3.06486,-0.174872
130,-2.80682,1.00914,-1.22517
130,-3.42011,1.82554,0.791399
130,-3.62739,1.35502,-0.425113
130,-3.58861,1.37132,-0.522324
130,-3.21692,2.33537,0.919076
130,-3.43922,1.8352,0.204854
130,-3.46784,1.51717,-0.497195
130,-3.6315,1.35196,-0.675296
130,-3.167,2.28376,0.512892
130,-3.13911,2.2121,0.259492
130,-3.14032,2.22389,0.289289
130,-3.45174,1.61321,-0.50032
130,-3.26436,2.3924,0.905601
130,-3.14961,2.2242,0.254332
130,-3.44586,1.60039,-0.595122
130,-3.4129,1.69602,-0.494284
130,-3.62915,1.36376,-0.8195
130,-3.17389,2.26404,0.282507
130,-3.44062,1.43448,-1.10333
130,-3.06927,1.74221,-1.20347
130,-3.3888,1.78917,-0.424806
130,-3.35078,1.71093,-0.733231
130,-3.41211,1.59463,-0.884015
130,-2.92429,1.91682,-1.17907
130,-3.46411,1.71834,-0.510227
130,-3.31498,1.77998,-0.749449
130,-3.11066,2.25152,-0.0835308
130,-2.88039,2.85846,0.837803
130,-2.95256,1.9255,-1.1917
130,-3.76072,1.34693,-0.841433
130,-3.3634,1.69022,-0.893706
130,-3.12366,1.7987,-1.14964
130,-3.29471,1.71415,-0.98995
130,-2.69079,2.59133,-0.23133
130,-3.30261,1.71292,-1.00742
130,-3.38689,1.78675,-0.66455
130,-2.68927,2.60338,-0.235574
130,-3.39302,1.69221,-0.892286
130,-3.18294,1.87591,-0.918026
130,-3.06125,2.35546,-0.0553771
130,-3.14819,2.27417,-0.071453
130,-3.33277,1.80543,-0.778029
130,-2.70587,2.6168,-0.238141
130,-3.47749,1.5751,-1.06085
130,-3.4341,1.59324,-1.16837
130,-3.14486,2.16271,-0.484274
130,-3.14445,2.17816,-0.47531
130,-3.14689,2.20732,-0.428564
130,-3.02416,2.46825,-0.080371
130,-3.04527,2.40465,-0.202327
130,-3.12116,2.18827,-0.674237
130,-2.85658,2.63199,-0.241367
130,-3.47025,1.71572,-1.17268
130,-3.17006,2.29163,-0.463645
130,-2.89089,2.6462,-0.235794
130,-3.16231,2.30584,-0.478275
130,-3.54972,1.68946,-1.11573
130,-3.56333,1.64477,-1.24723
130,-3.01175,2.53289,-0.36426
130,-3.04308,2.54639,-0.349057
130,-2.95728,2.67687,-0.273728
130,-2.96662,2.69502,-0.277842
130,-3.18627,1.14823,-0.828738
129,-3.18627,1.14823,-0.828738
130,-3.1605,3.22311,1.15845
121,-3.1605,3.22311,1.15845
130,-2.58902,3.40278,-0.378683
122,-2.58902,3.40278,-0.378683
130,-2.93741,4.11785,-0.498595
122,-2.93741,4.11785,-0.498595
130,-3.13728,3.23824,1.06149
122,-3.13728,3.23824,1.06149
130,-3.12433,2.91677,1.0402
122,-3.12433,2.91677,1.0402
130,-3.17523,3.11166,0.971143
123,-3.17523,3.11166,0.971143
130,-3.7433,3.97549,1.13343
123,-3.7433,3.97549,1.13343
130,-3.50764,1.91139,-0.827397
123,-3.50764,1.91139,-0.827397
131,-3.08873,1.17489,-0.718356
131,-3.08603,1.16094,-0.764826
131,-2.863,1.43118,-0.689919
131,-3.03832,1.19693,-0.869617
131,-2.81183,1.43606,-0.882811
131,-2.88155,1.43887,-0.694897
131,-3.08602,1.18759,-0.857345
131,-3.56504,1.36979,0.811498
131,-3.56325,1.38276,0.802806
131,-3.41537,1.632,0.970173
131,-2.96834,1.45388,-0.775284
131,-2.86187,1.58052,-0.885207
131,-3.37829,1.7251,0.943932
131,-3.38519,1.731,0.941172
131,-3.31427,1.76009,0.79533
131,-1.95971,2.78407,-0.33746
131,-3.45855,1.7133,1.02994
131,-3.10014,1.60243,-0.332128
131,-3.43416,1.78249,1.04364
131,-2.18863,2.62195,-0.272525
131,-3.35806,1.80626,0.822771
131,-3.41351,1.8827,1.08624
131,-2.27144,2.58447,-0.299239
131,-3.27981,1.7205,0.212791
131,-3.146,1.72228,-0.214287
131,-3.15407,1.72443,-0.211049
131,-3.63411,1.3849,0.193344
131,-2.42082,2.52157,-0.266912
131,-3.32181,1.74699,0.194841
131,-3.31973,1.75768,0.215166
131,-3.33576,1.77298,0.212459
131,-2.89686,1.77311,-1.09437
131,-3.3539,1.77377,0.170127
131,-3.225,1.76338,-0.223782
131,-3.2205,1.76938,-0.23301
131,-3.00276,2.03856,-0.163139
131,-2.90129,1.82143,-1.04023
131,-2.47954,2.56337,-0.278097
131,-2.89262,2.03595,-0.519058
131,-3.02036,2.04983,-0.137529
131,-3.31425,1.73247,-0.157416
131,-3.2316,1.79454,-0.247479
131,-2.92552,1.95701,-0.707534
131,-3.22172,1.82901,-0.251474
131,-2.99655,1.88073,-0.758354
131,-3.25268,1.6779,-0.592296
131,-3.00378,1.97899,-0.523081
131,-3.26045,1.81887,-0.258304
131,-2.93684,2.1032,-0.415797
131,-2.97782,2.01297,-0.557673
131,-2.30465,2.83507,-0.279069
131,-3.35683,1.76801,-0.212199
131,-2.54056,2.60635,-0.289548
131,-2.9882,2.03271,-0.556921
131,-2.93864,2.09589,-0.554852
131,-3.32868,1.75355,-0.367262
131,-3.01751,1.98924,-0.677749
131,-3.09345,2.1734,0.0178051
131,-3.35262,1.77155,-0.370606
131,-2.5476,2.66724,-0.283177
131,-3.36181,1.77403,-0.363282
131,-3.11286,2.13116,-0.115344
131,-3.00296,2.14414,-0.411798
131,-2.62566,2.59842,-0.276245
131,-3.36378,1.77005,-0.430121
131,-3.13586,2.08907,-0.224624
131,-3.73805,1.4416,-0.258849
131,-3.36831,1.77239,-0.423898
131,-3.74578,1.44335,-0.233904
131,-3.06115,2.09698,-0.438396
131,-3.15238,2.25808,0.23066
131,-3.11639,2.19496,-0.0668734
131,-3.20512,2.31887,0.483324
131,-2.98342,2.31838,-0.165536
131,-3.06198,2.67647,1.01272
131,-3.14978,2.07545,-0.348021
131,-3.15053,2.1582,-0.12739
131,-2.66732,2.61442,-0.27897
131,-2.38811,2.90624,-0.295501
131,-2.94831,2.37048,-0.147351
131,-2.63029,2.65978,-0.29536
131,-3.17933,2.28291,0.217472
131,-3.22222,2.57529,1.07512
131,-3.19965,2.27081,0.187082
131,-3.11762,2.73652,1.16953
131,-3.07574,2.1832,-0.429026
131,-2.96189,2.82964,0.934324
131,-3.12732,2.26857,-0.0996056
131,-3.22037,2.63271,1.13636
131,-3.19592,2.65176,1.11474
131,-3.10446,2.17361,-0.424414
131,-3.20652,2.31089,0.201984
131,-2.97236,2.85907,1.00274
131,-3.24764,2.59848,1.07863
131,-3.04879,2.7806,0.986973
131,-3.13354,2.28634,-0.0954096
131,-3.22734,2.17366,-0.138661
131,-3.24691,2.30268,0.254615
131,-3.26016,2.38319,0.505311
131,-3.00302,2.43915,-0.111365
131,-3.22989,2.32834,0.229213
131,-3.05215,2.83682,1.06053
131,-2.94482,2.92759,0.927283
131,-2.96292,2.96078,1.01875
131,-2.87586,2.58015,-0.249484
131,-3.06547,2.39994,-0.197981
131,-3.29451,2.28969,0.111629
131,-3.16987,2.33171,-0.130306
131,-3.31165,2.42222,0.501177
131,-3.30211,2.29714,0.0420563
131,-3.32411,2.33609,0.173331
131,-3.31192,2.25519,-0.150101
131,-3.10881,2.49073,-0.109352
131,-2.97756,3.06888,1.06137
131,-3.33038,2.17709,-0.404249
131,-3.13303,2.4808,-0.162448
131,-3.22146,2.39465,-0.242257
131,-3.0104,2.78165,0.187434
131,-2.40901,3.26836,-0.296978
131,-3.38347,2.30167,-0.143543
131,-3.03008,2.81507,0.187989
131,-3.37328,2.3804,-0.0937518
131,-3.38878,2.391,-0.0741946
131,-3.39018,2.3897,-0.0769058
131,-3.43885,2.17514,-0.660283
131,-3.42002,2.20265,-0.644316
131,-2.85551,2.96496,-0.261314
131,-3.44485,2.23701,-0.582495
131,-3.72775,1.74548,-1.17783
131,-3.11387,2.91489,0.179099
131,-3.13477,2.9205,0.175477
131,-3.37916,2.59785,-0.277874
131,-3.81579,1.79884,-1.24789
131,-3.53331,2.36778,-0.788989
131,-3.83382,1.94221,-1.14611
131,-3.84157,2.88383,1.23509
131,-3.926,1.88755,-1.36637
131,-3.94895,1.89491,-1.38357
131,-1.58733,1.69897,0.0246213
130,-1.58733,1.69897,0.0246213
131,-3.3623,1.74331,-0.969443
129,-3.3623,1.74331,-0.969443
131,-3.00933,1.70409,-0.794053
129,-3.00933,1.70409,-0.794053
131,-3.44756,2.10636,-1.05331
129,-3.44756,2.10636,-1.05331
131,-3.09921,2.02277,-0.45485
128,-3.09921,2.02277,-0.45485
132,-3.49111,0.839498,0.65632
132,-3.06366,1.17457,-0.518353
132,-3.6584,0.846353,0.312615
132,-3.29985,1.43169,0.406984
132,-3.27607,1.43607,0.303102
132,-3.30125,1.44492,0.389198
132,-3.0472,1.74357,0.246977
132,-3.04429,1.82098,0.282719
132,-3.33723,1.50206,0.385343
132,-3.15935,1.70643,0.246122
132,-3.17778,1.71454,0.20504
132,-3.61152,1.40589,0.831875
132,-3.05348,1.56836,-0.667894
132,-3.18095,1.72194,0.166274
132,-3.54465,1.34138,0.210018
132,-3.27813,1.7003,0.282693
132,-3.55373,1.34581,0.219903
132,-3.34698,1.80529,0.772862
132,-3.55103,1.35294,0.206461
132,-3.26488,1.80719,0.418619
132,-3.42673,1.5973,0.384576
132,-3.2821,1.80307,0.44497
132,-3.2801,1.80914,0.454495
132,-3.65902,1.36427,0.435108
132,-3.67094,1.37322,0.438737
132,-3.50423,1.34338,-0.279815
132,-3.27473,1.77747,0.126024
132,-3.45759,1.61565,0.293539
132,-3.32666,1.77127,0.207021
132,-3.53683,1.32145,-0.358605
132,-3.35093,1.7887,0.205081
132,-3.5583,1.33107,-0.369307
132,-3.55384,1.3323,-0.428154
132,-3.33912,1.79832,0.0614361
132,-2.99187,1.97595,-0.677314
132,-3.58544,1.35003,-0.386662
132,-3.05934,2.13463,-0.0899603
132,-3.2639,1.82048,-0.260087
132,-3.09666,2.16154,0.0545119
132,-3.06868,2.1582,-0.0613997
132,-3.07698,2.16075,-0.0550296
132,-3.2154,2.35124,0.855378
132,-3.10894,2.18024,0.0193704
132,-3.54334,1.35169,-0.780576
132,-3.33612,1.77116,-0.371285
132,-2.99874,2.39035,0.0950537
132,-3.35841,1.78782,-0.384321
132,-3.36429,1.79005,-0.364837
132,-3.14175,2.11241,-0.23802
132,-3.15483,2.26251,0.215758
132,-3.86058,1.46845,0.427825
132,-3.07588,2.68269,1.01887
132,-3.17409,2.28701,0.259404
132,-3.15997,2.1419,-0.312371
132,-3.18808,2.6324,1.11749
132,-3.12266,2.70989,1.02223
132,-3.14066,2.72304,1.06595
132,-3.05967,2.86678,1.06194
132,-3.25894,2.33348,0.247903
132,-3.23934,2.36556,0.25078
132,-3.19659,2.34534,0.0213641
132,-3.68372,1.83026,0.216118
132,-3.34911,2.65303,1.1461
132,-3.31306,2.19129,-0.366742
132,-3.35046,2.46602,0.508938
132,-3.35355,2.22946,-0.176496
132,-3.95406,1.42175,-0.392396
132,-3.40837,2.68482,1.16554
132,-3.97451,1.43258,-0.402994
132,-3.37167,2.31558,-0.131015
132,-3.38102,2.23366,-0.334761
132,-2.89807,2.90072,-0.261068
132,-3.8908,1.43967,-0.929104
132,-2.87264,3.05044,-0.240707
132,-3.0234,3.11712,0.309264
132,-3.86818,1.56981,-1.09901
132,-3.97039,1.52247,-1.29204
132,-3.21655,3.08274,0.160474
132,-3.45414,2.69389,-0.307493
132,-4.11768,1.66111,-1.1431
132,-3.87297,2.90165,1.24701
132,-4.41881,1.66815,-1.60679
132,-4.55279,1.60288,-1.55305
132,-4.55097,1.75841,-1.59273
132,-8.3864,4.48714,1.96107
132,-2.81316,2.30451,-0.183745
130,-2.81316,2.30451,-0.183745
132,-3.0938,1.88891,-0.434789
130,-3.0938,1.88891,-0.434789
132,-2.08789,2.50676,-0.192158
129,-2.08789,2.50676,-0.192158
132,-1.76125,1.93446,-0.0442739
129,-1.76125,1.93446,-0.0442739
132,-3.01957,3.11166,1.06646
121,-3.01957,3.11166,1.06646
133,-1.36039,0.269845,0.692772
133,-2.23207,2.50868,-0.30978
133,-2.30615,2.54388,-0.307239
133,-3.3115,1.46938,0.615455
133,-3.31989,1.45242,0.573372
133,-2.34797,2.55073,-0.304877
133,-2.39182,2.55949,-0.3031
133,-3.23973,1.1932,-0.85355
133,-2.39184,2.6251,-0.295376
133,-3.41933,1.34874,0.18587
133,-2.35979,2.70156,-0.277743
133,-3.43006,1.70681,1.01198
133,-2.39198,2.6926,-0.287542
133,-3.44514,1.67506,0.955124
133,-3.72047,1.31433,1.03175
133,-3.44898,1.71669,1.06845
133,-3.42069,1.72641,0.977046
133,-2.43958,2.63912,-0.294843
133,-3.25448,1.8094,0.551056
133,-3.60341,1.40377,0.786333
133,-3.47535,1.69032,1.04915
133,-2.47631,2.6003,-0.300919
133,-3.33189,1.73047,0.544206
133,-3.34422,1.80265,0.759811
133,-3.43555,1.78597,1.04213
133,-3.32839,1.7088,0.433932
133,-3.36257,1.8166,0.816548
133,-3.34607,1.76444,0.609801
133,-3.43355,1.78051,0.927369
133,-3.42721,1.60081,0.435537
133,-3.34027,1.80178,0.622052
133,-3.32604,1.7496,0.433745
133,-2.44778,2.72248,-0.292012
133,-3.15847,1.74094,-0.217085
133,-2.54939,2.6554,-0.315672
133,-3.359,1.86224,0.611247
133,-3.48151,1.76141,0.70357
133,-3.60551,1.38265,0.17173
133,-3.54447,1.34392,-0.184175
133,-3.5199,1.36047,-0.288091
133,-3.19295,2.31492,0.951288
133,-3.52643,1.32977,-0.432494
133,-3.57567,1.36475,-0.201318
133,-3.54432,1.33598,-0.41748
133,-3.59072,1.37319,-0.200717
133,-3.32311,1.76356,-0.181595
133,-3.25605,1.77327,-0.408336
133,-3.32631,1.76915,-0.218657
133,-3.33652,1.7671,-0.192197
133,-2.63529,2.72811,-0.336523
133,-3.61756,1.38142,-0.22584
133,-3.23888,2.37601,0.87115
133,-3.56923,1.34533,-0.656599
133,-2.63076,2.85925,-0.313034
133,-3.35535,1.78473,-0.444048
133,-3.39708,1.78352,-0.304911
133,-3.75035,1.32548,-0.341156
133,-3.09271,2.83484,1.13024
133,-3.09878,2.83058,1.1261
133,-3.86621,1.46737,0.427265
133,-2.57823,3.0324,-0.301326
133,-3.0674,2.87337,1.04742
133,-3.00859,2.92149,0.926698
133,-2.56171,3.0826,-0.303904
133,-3.30792,2.37104,0.602102
133,-3.43956,1.82174,-0.332844
133,-3.65439,1.3867,-0.690666
133,-2.84793,2.69288,-0.335064
133,-2.7716,2.7983,-0.349618
133,-2.72003,2.89617,-0.325738
133,-3.8974,0.921573,-1.11815
133,-2.86669,2.66923,-0.428495
133,-2.81319,2.78537,-0.338417
133,-2.9976,3.01887,0.912293
133,-2.93114,2.65819,-0.287913
133,-3.35231,2.42451,0.604475
133,-3.31763,2.43962,0.503885
133,-3.01978,3.13927,1.05654
133,-3.88088,1.38342,-0.392816
133,-3.44769,2.60716,1.10168
133,-3.08213,2.85457,0.177564
133,-2.72933,1.22022,-0.261507
131,-2.72933,1.22022,-0.261507
133,-3.29369,1.71313,-0.198287
131,-3.29369,1.71313,-0.198287
133,-3.42236,1.86885,1.07757
131,-3.42236,1.86885,1.07757
133,-3.91498,2.22258,-0.390494
130,-3.91498,2.22258,-0.390494
134,-3.76758,0.732258,1.11548
134,-3.7214,0.884239,0.905924
134,-3.65621,0.856123,0.554168
134,-3.89724,0.680527,0.921002
134,-3.6837,0.919802,0.647844
134,-3.69976,0.934555,0.64843
134,-3.17636,1.72384,0.453988
134,-3.61149,1.25844,1.01239
134,-3.73727,0.881528,0.521717
134,-3.76034,0.887488,0.530054
134,-3.55968,1.36049,0.822399
134,-3.73871,0.876861,0.301911
134,-3.74255,0.881141,0.316752
134,-3.22883,1.76001,0.439929
134,-3.5681,1.36658,0.786625
134,-3.70614,0.845424,0.0260519
134,-3.60412,1.33753,0.772862
134,-3.60471,1.33794,0.770339
134,-3.41138,1.39174,0.0858269
134,-3.32592,1.92215,0.998579
134,-3.74228,0.86402,0.026681
134,-3.3198,1.9373,0.992061
134,-3.3726,1.80577,0.803124
134,-3.1513,1.74585,-0.21693
134,-3.33631,1.71237,0.423327
134,-3.34049,1.84533,0.742813
134,-3.58574,1.32701,0.433413
134,-3.52518,1.34128,0.209466
134,-3.16814,1.73982,-0.221292
134,-3.60792,1.38068,0.61666
134,-3.60029,1.38617,0.593532
134,-3.51654,1.33824,0.1456
134,-3.6009,1.32997,0.435825
134,-3.51594,1.36853,0.190443
134,-3.60479,1.33181,0.448664
134,-3.53757,1.3484,0.211551
134,-3.18159,1.75156,-0.227344
134,-3.52728,1.31499,0.0602746
134,-3.47224,1.77847,0.97095
134,-3.46397,1.79071,0.945659
134,-3.54709,1.35133,0.185809
134,-3.31299,1.83434,0.439259
134,-3.51333,1.72711,0.956574
134,-3.33532,1.40672,-0.529305
134,-3.46615,1.80937,0.946897
134,-3.52141,1.40049,0.160645
134,-3.40929,1.85801,0.831192
134,-3.49835,1.7527,0.905785
134,-3.32423,1.84817,0.436127
134,-3.04271,2.48267,0.866375
134,-3.38431,1.89581,0.753898
134,-3.51143,1.32327,-0.168545
134,-3.17218,2.30446,0.897665
134,-3.51013,1.3228,-0.177917
134,-2.91989,2.07293,-0.673192
134,-3.33231,1.77922,0.200091
134,-3.48289,1.29238,-0.412105
134,-3.45998,1.95099,1.09418
134,-2.9417,2.04088,-0.782355
134,-3.32347,1.79724,0.0553798
134,-3.20754,2.32159,0.860949
134,-2.98565,2.01475,-0.761059
134,-3.37667,1.77443,0.176573
134,-3.08194,2.11252,-0.182561
134,-3.69219,1.38224,0.420215
134,-3.52953,1.32802,-0.354243
134,-3.09409,2.53726,0.869263
134,-3.30724,1.75258,-0.220563
134,-3.20631,2.25873,0.618427
134,-3.17625,2.28288,0.546492
134,-3.3922,1.79013,0.183191
134,-3.2081,2.26179,0.610139
134,-3.40734,1.76914,0.153789
134,-3.3588,1.78793,-0.199089
134,-2.9875,2.85333,0.941057
134,-3.54467,1.32687,-0.613191
134,-3.45102,1.7986,0.14147
134,-3.37008,1.76705,-0.302187
134,-3.04405,2.8502,1.04108
134,-3.677,1.28592,-0.313684
134,-3.35104,1.78657,-0.434687
134,-3.23166,2.37007,0.503976
134,-3.15436,2.25529,-0.0837573
134,-2.99475,3.04294,1.07183
134,-3.94292,0.981868,-0.256261
134,-3.00108,3.03247,1.01143
134,-3.10142,2.19073,-0.653978
134,-3.27075,2.6345,1.07789
134,-3.17491,2.08986,-0.814701
134,-3.84077,0.89804,-1.11684
134,-3.89521,0.899846,-1.0881
134,-3.25598,2.35309,-0.0626372
134,-3.25686,2.35552,-0.0741841
134,-3.30762,2.07436,-0.618903
134,-3.71228,1.40584,-0.764254
134,-3.29049,2.37611,-0.0980749
134,-3.04029,2.87121,0.101121
134,-3.08611,2.8854,0.180782
134,-11.4214,6.63465,2.39715
134,-3.01275,1.69678,-0.00763413
132,-3.01275,1.69678,-0.00763413
134,-3.40417,1.16524,-0.673576
132,-3.40417,1.16524,-0.673576
134,-3.53726,1.24299,-0.747285
132,-3.53726,1.24299,-0.747285
135,-3.90362,0.475949,1.09968
135,-3.61308,1.07055,1.08142
135,-3.77113,0.795668,1.01208
135,-3.75866,0.906933,0.969665
135,-3.66611,1.1234,1.0873
135,-3.70914,0.860822,0.550754
135,-3.37181,1.44735,0.479796
135,-3.68551,0.851544,0.335717
135,-3.76762,0.896991,0.871683
135,-3.38042,1.46968,0.574708
135,-3.64014,0.830143,0.0277756
135,-3.78825,0.878169,0.883696
135,-3.78741,0.906091,0.886425
135,-3.70342,0.854316,0.310812
135,-3.70426,0.854535,0.273594
135,-3.38037,1.36742,0.111477
135,-3.7481,0.871419,0.525703
135,-3.75826,0.893114,0.622202
135,-3.40019,1.46761,0.458476
135,-3.51834,1.44433,0.975218
135,-3.52466,1.44402,0.975513
135,-3.75635,0.932963,0.637552
135,-3.74899,0.889371,0.444307
135,-3.30378,1.78494,0.768452
135,-3.82761,0.911518,0.878761
135,-3.38572,1.51455,0.39582
135,-3.5679,1.36483,0.849403
135,-3.78926,0.896644,0.605211
135,-3.41974,1.53925,0.588791
135,-3.7589,0.86838,0.314141
135,-3.86068,0.8912,0.878701
135,-3.74334,0.873303,0.237648
135,-3.7769,0.891726,0.451607
135,-3.4302,1.70093,1.00747
135,-3.75693,0.867474,0.251516
135,-3.56255,1.45208,0.941526
135,-3.42988,1.50053,0.417964
135,-3.41756,1.41993,0.114085
135,-3.42966,1.39638,0.0951514
135,-3.58853,1.38078,0.832411
135,-3.49977,1.62844,1.07609
135,-3.47255,1.33725,0.0938967
135,-3.58567,1.37595,0.762766
135,-3.58938,1.3829,0.786425
135,-3.43033,1.75608,1.0328
135,-3.56791,1.31132,0.419528
135,-3.35959,1.7958,0.752306
135,-3.51971,1.32156,0.19783
135,-3.57987,1.36479,0.618526
135,-3.4487,1.40943,0.0709479
135,-3.33461,1.94052,0.994809
135,-3.47708,1.6772,0.949856
135,-3.76742,0.909868,0.204291
135,-3.42929,1.75949,0.936888
135,-3.58285,1.31964,0.4264
135,-3.24935,1.70155,-0.147619
135,-3.5354,1.33568,0.211554
135,-3.42801,1.83754,1.0822
135,-3.44573,1.61694,0.522333
135,-3.37825,1.81648,0.753603
135,-3.36032,1.7301,0.414404
135,-3.26287,1.70341,-0.155939
135,-3.25541,1.70945,-0.190295
135,-3.4418,1.5879,0.385384
135,-3.53804,1.34063,0.147012
135,-3.5114,1.7098,1.05625
135,-3.52076,1.36253,0.107976
135,-3.49653,1.73392,1.01828
135,-3.53304,1.38217,0.198824
135,-3.55403,1.42899,0.424302
135,-3.48109,1.78686,1.04655
135,-3.14199,2.32333,0.872996
135,-3.51151,1.31619,-0.242717
135,-3.72039,1.43104,1.11638
135,-3.48738,1.82479,1.06249
135,-3.52328,1.32207,-0.213699
135,-3.43848,1.67862,0.35362
135,-3.51689,1.30383,-0.344047
135,-3.28609,1.70824,-0.382564
135,-3.47615,1.66714,0.434241
135,-3.19638,2.30501,0.857656
135,-3.53921,1.33884,-0.255179
135,-3.12521,2.51238,1.01751
135,-3.39086,1.69885,0.00681746
135,-3.48349,1.67592,0.37617
135,-3.38297,1.77406,0.0858431
135,-3.48083,1.73881,0.469399
135,-3.79385,0.87621,-0.452631
135,-3.52025,1.69503,0.514235
135,-3.31505,1.74015,-0.416451
135,-3.1955,2.31472,0.546629
135,-3.81978,0.888603,-0.46774
135,-3.35849,1.79087,-0.199704
135,-3.4371,1.71298,-0.0356466
135,-3.34838,1.76308,-0.362948
135,-3.85875,0.944565,-0.239832
135,-3.22889,2.33603,0.495193
135,-3.07166,2.1859,-0.0843706
130,-3.07166,2.1859,-0.0843706
136,-2.9038,1.9588,1.51296
136,-3.78122,0.42056,0.293986
136,-3.46128,1.08241,0.000776887
136,-3.65226,0.859556,0.010802
136,-3.65527,0.8568,0.021482
136,-4.04308,0.483315,1.09534
136,-3.2508,1.79663,0.421036
136,-4.03168,0.501933,1.05234
136,-3.56686,1.12423,0.0129269
136,-3.53143,1.37279,0.744593
136,-3.79638,0.937951,0.961793
136,-3.53668,1.37899,0.739621
136,-3.55048,1.38638,0.813204
136,-3.17433,2.28395,1.60782
136,-3.76998,0.914113,0.501311
136,-3.76929,0.913934,0.485823
136,-2.9667,2.37421,0.318253
136,-3.81788,0.956262,0.961621
136,-3.8296,0.915467,0.864382
136,-3.40629,1.73007,0.972911
136,-3.8171,0.945134,0.854419
136,-3.30272,1.92943,0.977598
136,-3.5658,1.39157,0.75007
136,-3.721,1.1829,1.0747
136,-3.29015,1.77193,0.190711
136,-3.31431,1.85757,0.731085
136,-3.77192,0.908063,0.305466
136,-3.3907,1.76777,0.914847
136,-3.79239,0.926302,0.487978
136,-3.3998,1.75657,0.907262
136,-3.86224,0.952421,1.09049
136,-3.80414,0.941687,0.595655
136,-3.41792,1.76529,1.01965
136,-3.44467,1.69265,0.913529
136,-3.22726,1.81661,-0.260327
136,-3.39953,1.78366,0.930591
136,-3.60467,1.36216,0.745345
136,-3.25912,1.73887,-0.372034
136,-3.51976,1.39147,0.182843
136,-3.51418,1.39076,0.0950207
136,-3.53649,1.3698,0.179494
136,-3.59472,1.41742,0.822344
136,-3.53812,1.37051,0.188386
136,-3.45231,1.72571,0.999074
136,-3.42167,1.7969,1.02161
136,-3.4139,1.82536,1.06004
136,-3.50181,1.65957,1.04126
136,-3.43868,1.76578,0.993493
136,-3.44272,1.76732,1.02621
136,-3.3735,1.83459,0.751275
136,-3.66885,1.08431,-0.0928644
136,-3.62364,1.37307,0.748732
136,-3.4793,1.71302,1.03625
136,-3.42831,1.80498,1.01746
136,-3.47371,1.71239,0.960086
136,-3.50491,1.68945,1.07989
136,-3.51486,1.67143,1.07777
136,-3.68595,1.07201,-0.0960958
136,-3.48856,1.71265,1.03162
136,-3.47674,1.71626,0.92773
136,-3.29449,1.73956,-0.385588
136,-3.45611,1.7698,0.970224
136,-3.47399,1.75164,1.0055
136,-3.47021,1.75086,0.961679
136,-4.01611,0.434978,-0.304406
136,-3.43145,1.819,0.930382
136,-3.46925,1.7512,0.939819
136,-3.39415,1.86452,0.821644
136,-3.52992,1.36091,-0.23129
136,-3.6497,1.23409,0.149672
136,-3.63016,1.20871,-0.116884
136,-3.63224,1.20941,-0.0985668
136,-3.45087,1.82897,1.04106
136,-3.4707,1.75505,0.885223
136,-3.34785,1.81913,0.181349
136,-3.34974,1.81846,0.179149
136,-3.53452,1.34582,-0.389542
136,-3.47469,1.79841,1.02771
136,-3.53166,1.70674,1.0787
136,-3.50074,1.76861,1.08465
136,-3.53885,1.34948,-0.431962
136,-3.41879,1.88447,0.790968
136,-3.46081,1.84284,0.936709
136,-3.43334,1.92701,1.0676
136,-2.89738,2.60828,-0.274763
136,-3.99178,0.724696,0.323401
136,-3.50645,1.77702,0.948871
136,-3.20697,2.34321,0.477738
136,-3.21999,2.35396,0.52395
136,-3.52396,2.01119,1.08375
136,-4.15485,1.00909,1.57346
136,-3.30884,2.67686,1.05074
136,-4.18125,2.48379,1.92259
136,-3.017,2.0762,-0.393248
130,-3.017,2.0762,-0.393248
137,-3.6123,0.846694,0.0226149
137,-4.01571,0.273337,1.09288
137,-3.62607,1.07163,1.08044
137,-3.6726,0.875309,0.29867
137,-3.61279,1.05837,0.677654
137,-3.65771,0.929897,0.223676
137,-3.42121,1.50149,0.896102
137,-3.72886,0.907507,0.888614
137,-3.42222,1.43498,0.470233
137,-3.71441,0.889053,0.571145
137,-3.73564,0.913463,0.958857
137,-3.71096,0.888224,0.515716
137,-3.73323,0.913413,0.86668
137,-3.6885,0.864245,0.0245367
137,-3.43279,1.44438,0.463111
137,-3.68762,0.864737,-0.0700464
137,-3.42917,1.50628,0.74644
137,-3.46885,1.33808,0.161861
137,-3.66969,0.936455,0.0764654
137,-3.79069,0.707104,0.0977867
137,-3.27079,1.74121,0.167352
137,-3.45475,1.52313,0.990588
137,-3.28186,1.81634,0.73484
137,-3.43921,1.51991,0.757646
137,-3.68897,1.09204,1.07973
137,-3.68885,0.949964,0.202635
137,-3.44409,1.52121,0.742323
137,-3.88687,0.692965,0.900135
137,-3.5489,1.32354,0.743788
137,-3.44988,1.45787,0.394774
137,-3.7775,0.925626,1.00179
137,-3.44003,1.44491,0.177665
137,-3.73787,0.912796,0.436529
137,-3.68682,1.08066,0.845721
137,-3.7311,0.903165,0.290657
137,-3.5271,1.3594,0.625097
137,-3.49325,1.34854,0.163161
137,-3.82852,0.842401,1.01243
137,-3.4708,1.53172,0.991589
137,-3.54025,1.30446,0.424428
137,-3.41292,1.49495,0.0757391
137,-3.7949,0.870252,0.751284
137,-3.26008,1.72526,-0.333493
137,-3.5484,1.34481,0.705825
137,-3.66704,1.07735,0.456095
137,-3.48134,1.38577,0.146336
137,-3.46307,1.46434,0.399851
137,-3.73955,0.966399,0.611508
137,-3.4711,1.53756,0.900743
137,-3.45367,1.45385,0.180598
137,-3.6797,1.08176,0.555255
137,-3.59708,1.22548,0.45811
137,-3.48301,1.37935,0.0524304
137,-3.78613,0.927746,0.857926
137,-3.47084,1.34671,-0.29216
137,-3.41551,1.67598,1.0321
137,-3.60046,1.21789,0.41212
137,-3.50774,1.41487,0.497424
137,-3.80465,0.901326,0.857445
137,-3.51571,1.325,0.0409321
137,-3.39243,1.72164,0.972885
137,-3.40067,1.70154,0.927268
137,-3.28223,1.78381,0.0402894
137,-3.67807,1.08366,0.380763
137,-3.51776,1.35389,0.124789
137,-3.48621,1.54534,0.905513
137,-3.54476,1.37681,0.566913
137,-3.5304,1.46909,0.947016
137,-3.28849,1.74379,-0.214666
137,-3.53988,1.44927,0.925642
137,-3.49129,1.40309,0.0812957
137,-3.81956,0.91287,0.937485
137,-3.57987,1.34713,0.752786
137,-3.56216,1.39678,0.833358
137,-3.27692,1.74234,-0.405517
137,-3.90368,0.769094,1.02869
137,-3.63174,1.28923,0.991122
137,-3.66503,1.12772,0.40795
137,-3.63752,1.22253,0.647266
137,-3.50427,1.39125,0.101812
137,-3.47137,1.46597,0.167207
137,-3.68118,1.10468,0.425438
137,-3.49516,1.40762,0.0836208
137,-3.50026,1.40727,0.134716
137,-3.80157,0.942021,0.8394
137,-3.39927,1.75399,1.0197
137,-3.49037,1.48538,0.465239
137,-3.46402,1.63277,1.04021
137,-3.35142,1.75834,0.481282
137,-3.85168,0.723426,0.0790192
137,-3.82087,0.914058,0.86084
137,-3.83412,0.89537,0.893458
137,-3.92962,0.712152,0.901438
137,-3.8386,0.896599,0.948439
137,-3.51402,1.39563,0.164509
137,-3.52727,1.42392,0.487443
137,-3.49635,1.35145,-0.305469
137,-3.88632,0.775759,0.726197
137,-3.64557,1.21768,0.582281
137,-3.65037,1.24897,0.812133
137,-4.02533,0.372369,-0.101952
137,-3.46055,1.53186,0.294356
137,-3.5533,1.32404,0.115905
137,-3.48352,1.47327,0.191995
137,-3.44586,1.68686,1.03153
137,-3.59671,1.34749,0.738366
137,-3.77444,0.913888,0.199581
137,-3.34117,1.81187,0.541295
137,-3.31302,1.77251,-0.0312771
137,-3.41152,1.75379,0.98704
137,-3.53484,1.43246,0.484467
137,-3.56351,1.32826,0.188177
137,-3.7591,0.90352,-0.0906149
137,-3.78911,0.929475,0.408666
137,-3.41559,1.75558,1.02394
137,-3.65738,1.25085,0.802862
137,-3.44179,1.68794,0.92148
137,-3.93624,0.762709,1.10931
137,-3.35597,1.74964,0.278459
137,-3.87722,0.841327,0.848504
137,-3.64409,1.29503,0.858894
137,-3.3633,1.82159,0.747555
137,-3.54297,1.37161,0.128602
137,-3.36471,1.76311,0.40692
137,-3.56142,1.46973,0.926704
137,-3.4185,1.74971,0.941206
137,-3.07622,2.18575,-0.428006
137,-3.87254,0.729901,0.0799109
137,-3.36852,1.76182,0.400855
137,-3.85556,0.903348,0.902823
137,-3.37529,1.85901,1.05742
137,-3.41382,1.76847,0.960096
137,-3.44665,1.71188,0.995959
137,-3.625,1.38283,1.06776
137,-3.58759,1.3448,0.405859
137,-3.66404,1.30076,0.989754
137,-3.54646,1.35635,-0.0444035
137,-3.85455,0.931009,0.943488
137,-3.34631,1.77309,0.0905041
137,-3.88093,0.832202,0.648424
137,-3.35658,1.8306,0.545009
137,-3.35517,1.83039,0.522747
137,-3.4431,1.73371,0.959775
137,-3.44793,1.72005,0.931745
137,-3.65759,1.30262,0.857213
137,-3.3258,1.9646,0.973706
137,-3.64288,1.25203,0.367089
137,-3.44849,1.73614,1.00623
137,-3.44674,1.72644,0.922659
137,-3.95693,0.77255,1.11473
137,-3.51544,1.50473,0.380459
137,-3.37309,1.83885,0.730115
137,-3.36046,1.83592,0.55382
137,-3.28736,1.81035,-0.455557
137,-3.34003,1.80258,0.107878
137,-3.35687,1.86733,0.689758
137,-3.56474,1.35605,0.0299088
137,-3.55596,1.36842,-0.0012508
137,-3.53544,1.34357,-0.394429
137,-3.35945,1.77894,0.153111
137,-3.35488,1.77802,0.0860691
137,-3.38465,1.78795,0.487425
137,-3.44984,1.73035,0.885722
137,-3.36231,1.8392,0.516081
137,-3.31475,1.77127,-0.442641
137,-3.85094,0.958592,0.904271
137,-3.45769,1.70458,0.809035
137,-3.33039,1.82517,0.0369042
137,-3.33191,1.82288,0.0318319
137,-3.89554,0.834923,0.647524
137,-3.53955,1.34704,-0.436533
137,-3.37521,1.76459,0.128255
137,-3.32485,1.77702,-0.381191
137,-3.43114,1.80466,0.999013
137,-3.67506,1.22731,0.344864
137,-3.46707,1.71177,0.810834
137,-3.34117,1.88738,0.397962
137,-3.46852,1.70429,0.743773
137,-3.34078,1.82054,-0.0476753
137,-3.43871,1.82122,1.03726
137,-3.7018,1.27663,0.816342
137,-3.5774,1.46221,0.482989
137,-3.34954,1.89359,0.423726
137,-3.1337,2.30654,0.389392
137,-3.34913,1.77393,-0.319758
137,-3.13446,2.20989,-0.214977
137,-3.47829,1.7091,0.741177
137,-3.3874,1.85193,0.530027
137,-3.40703,1.90783,1.05518
137,-3.49189,1.73087,0.959989
137,-3.44535,1.66674,0.0204959
137,-3.46455,1.79419,0.961334
137,-3.46369,1.79405,0.947794
137,-3.48811,1.73317,0.824707
137,-3.48945,1.77504,1.08316
137,-3.38193,1.83062,0.120392
137,-3.74734,1.29557,1.08836
137,-3.95043,0.866901,0.862683
137,-3.95085,0.869845,0.87363
137,-3.81543,0.952696,-0.237638
137,-3.50134,1.72941,0.734662
137,-3.37714,2.01538,0.993484
137,-3.97769,0.811222,0.725224
137,-3.82171,0.959554,-0.252873
137,-3.6736,1.30809,-0.342746
137,-3.2032,2.34006,0.256053
137,-3.21844,2.37277,0.454596
137,-4.05963,0.911688,0.868719
137,-3.29808,2.37515,0.577145
137,-3.26559,2.40578,-0.0966003
137,-3.35583,2.25056,-0.208962
137,-4.01826,0.99548,-0.583842
137,-3.76959,2.59353,1.07383
137,-4.06173,2.38985,1.87178
137,-6.22269,5.2095,1.44604
137,-3.16615,1.08195,0.751139
134,-3.16615,1.08195,0.751139
138,-1.42171,0.106942,0.58171
138,-1.47749,0.155799,0.544283
138,-3.84648,0.177279,0.427589
138,-3.58331,0.846225,0.648324
138,-4.0489,0.172081,1.12246
138,-3.81082,0.725808,1.09585
138,-3.66581,0.828221,0.574328
138,-3.63647,1.07594,1.08512
138,-3.63314,0.818319,0.303457
138,-3.37747,1.57545,1.01005
138,-3.71581,0.869845,0.873514
138,-3.79059,0.777858,1.0226
138,-3.67642,0.832424,0.515738
138,-3.73449,0.861195,0.911
138,-3.73708,0.858104,0.892144
138,-3.18508,1.69597,0.19762
138,-3.67184,0.809313,0.273592
138,-3.54591,0.953934,-0.0697449
138,-3.59026,1.10033,0.551453
138,-3.43207,1.58662,1.05389
138,-3.27852,1.87508,0.992821
138,-3.40632,1.64884,1.01697
138,-3.38143,1.6571,0.873461
138,-3.51784,1.42548,0.964505
138,-3.79552,0.850551,0.863289
138,-3.9351,0.687211,1.08277
138,-4.02923,0.142935,-0.050446
138,-3.87667,0.813365,1.02397
138,-3.34475,1.77522,0.806844
138,-3.53598,1.28139,0.443955
138,-3.73744,0.857452,0.295852
138,-3.42647,1.72181,1.03148
138,-3.72981,0.861604,0.255068
138,-3.943,0.677377,0.901252
138,-3.71911,0.881768,0.220409
138,-3.73081,0.854518,0.199477
138,-3.72862,0.883695,0.21831
138,-3.28967,1.72767,0.171429
138,-3.45125,1.47824,0.3145
138,-3.3761,1.80399,0.823567
138,-3.95102,0.783192,1.10706
138,-3.53674,1.27856,0.185947
138,-3.68558,1.27898,1.01147
138,-3.43602,1.7739,1.02218
138,-3.29083,1.72669,-0.172262
138,-4.05472,0.914765,1.54183
138,-3.53443,1.32466,-0.236382
138,-3.97061,0.692265,0.33964
138,-3.22688,2.35293,0.911018
138,-3.98175,0.683403,0.33124
138,-3.5441,1.31707,-0.389191
138,-3.55763,1.32691,-0.45102
138,-3.26379,2.37313,0.84945
138,-3.27735,2.38441,0.890749
138,-3.20989,2.57058,1.0338
138,-3.33219,1.75008,-0.648913
138,-3.6747,1.38991,-0.276439
138,-3.37378,2.44936,0.568796
138,-3.34852,2.46877,0.464305
138,-3.29669,2.39529,-0.114642
138,-3.20633,0.286597,1.03863
137,-3.20633,0.286597,1.03863
138,-6.41321,5.23604,1.38414
137,-6.41321,5.23604,1.38414
138,-3.18903,1.24422,1.05516
136,-3.18903,1.24422,1.05516
138,-3.12241,1.03093,1.03873
136,-3.12241,1.03093,1.03873
138,-3.5105,0.437016,0.992637
136,-3.5105,0.437016,0.992637
138,-3.30409,1.5665,1.08237
136,-3.30409,1.5665,1.08237
138,-3.17076,2.2105,1.62681
136,-3.17076,2.2105,1.62681
139,-3.50734,1.20763,1.10868
139,-3.41903,1.53345,1.04639
139,-3.58541,1.2026,1.00344
139,-3.50395,1.37163,0.958129
139,-3.73709,0.841585,0.597324
139,-3.73655,0.839395,0.518249
139,-3.69836,0.820258,0.309422
139,-3.54408,1.30009,0.611434
139,-3.93979,0.383916,0.236944
139,-3.15985,2.43999,1.11365
139,-3.74084,0.822057,0.279082
139,-3.58072,1.32724,0.607261
139,-4.05202,0.0965408,0.0185763
139,-3.5174,1.21642,0.142737
139,-3.48275,1.83331,1.07827
139,-3.67833,0.753222,-0.174625
139,-3.51833,1.29614,0.21216
139,-3.51635,1.26296,0.0964298
139,-3.49453,1.42108,0.286128
139,-3.59105,1.156,0.154254
139,-3.47212,1.35284,0.0852301
139,-3.50025,1.30004,0.0852485
139,-3.2252,2.31654,0.898101
139,-3.46427,1.38314,0.0936239
139,-3.60426,1.14059,0.142917
139,-3.79407,0.567028,-0.210664
139,-3.48625,1.92328,1.05668
139,-3.49238,1.28633,-0.0464065
139,-3.44312,1.98829,0.984355
139,-3.48125,1.39013,0.0825998
139,-3.45825,1.38247,-0.00893229
139,-3.50791,1.27222,-0.0380687
139,-3.74245,0.789981,-0.0911524
139,-3.49477,1.453,0.209294
139,-3.24448,2.3181,0.837509
139,-3.84176,0.586622,-0.137053
139,-3.48935,1.309,-0.0805785
139,-3.80104,0.646851,-0.180437
139,-3.8142,0.648094,-0.141123
139,-3.67729,0.946341,-0.0962681
139,-3.35862,1.699,0.123006
139,-3.70057,0.825381,-0.237729
139,-3.23151,2.54029,1.1288
139,-3.47273,1.38842,-0.0410156
139,-3.38018,1.64299,0.0746818
139,-3.82636,0.625031,-0.184777
139,-3.49489,1.27886,-0.17345
139,-3.3556,1.76588,0.191165
139,-3.6605,1.00089,-0.10225
139,-3.67289,0.901941,-0.231175
139,-3.62255,0.909563,-0.388622
139,-3.62523,0.968559,-0.281051
139,-3.19276,2.26654,0.495176
139,-3.34311,1.7905,0.178526
139,-3.83021,0.681333,-0.0998094
139,-3.37832,1.64379,0.0371393
139,-3.7759,0.843136,-0.0129384
139,-3.61826,1.02228,-0.244954
139,-3.61629,0.940369,-0.392412
139,-3.72598,0.887867,-0.127048
139,-3.82685,0.650432,-0.196937
139,-3.60041,0.954873,-0.433227
139,-3.64715,0.898722,-0.384815
139,-3.84038,0.628915,-0.210599
139,-3.6774,0.903128,-0.287139
139,-3.67967,0.904236,-0.28376
139,-3.70086,0.887609,-0.248759
139,-3.70015,0.88681,-0.274527
139,-3.22159,2.59289,1.04098
139,-3.9766,0.360489,-0.275595
139,-3.73975,0.83763,-0.252909
139,-3.69791,0.877727,-0.344453
139,-3.69695,0.88417,-0.33872
139,-3.55867,1.18811,-0.280524
139,-3.70674,0.777317,-0.493921
139,-3.97731,0.358243,-0.313342
139,-3.5008,1.26955,-0.354508
139,-3.51643,1.23597,-0.367019
139,-3.8843,0.591022,-0.244492
139,-3.17522,2.26496,0.236527
139,-3.33648,2.45459,1.04341
139,-3.56648,1.31111,-0.191912
139,-3.77653,0.855893,-0.271003
139,-3.4139,1.80212,0.137416
139,-3.24257,2.70812,1.08505
139,-3.53331,1.29323,-0.369107
139,-3.56517,1.31148,-0.248781
139,-3.75308,0.790611,-0.523972
139,-3.34507,1.7528,-0.249076
139,-3.56341,1.27035,-0.369305
139,-3.37119,1.76612,-0.205962
139,-3.3636,1.76229,-0.241415
139,-3.19735,2.00876,-0.388122
139,-3.65894,0.98199,-0.633098
139,-3.33744,1.73137,-0.440742
139,-3.58035,1.30881,-0.412099
139,-3.19544,2.14183,-0.271251
139,-3.34828,1.75655,-0.454012
139,-3.53627,1.27601,-0.65514
139,-3.77505,0.812467,-0.671307
139,-3.13023,2.16307,-0.511928
139,-3.17621,2.08754,-0.490459
139,-3.31363,1.71124,-0.70635
139,-3.70559,0.804784,-0.994421
139,-3.12144,2.14312,-0.673102
139,-3.70435,0.803284,-1.03525
139,-3.73889,0.895248,-0.776751
139,-3.1074,2.06334,-0.893194
139,-3.38788,1.78767,-0.434216
139,-3.74725,0.757275,-1.02062
139,-3.46592,1.31352,-1.03606
139,-3.3466,1.74601,-0.716155
139,-3.07571,2.2334,-0.797173
139,-3.13193,2.1131,-0.843788
139,-3.75961,0.825092,-1.05771
139,-3.56353,1.29221,-0.399533
137,-3.56353,1.29221,-0.399533
139,-3.25332,0.628375,1.04048
137,-3.25332,0.628375,1.04048
139,-3.25555,0.620984,0.162993
136,-3.25555,0.620984,0.162993
139,-3.38858,1.71864,0.0903075
135,-3.38858,1.71864,0.0903075
139,-2.40325,0.807296,0.510071
135,-2.40325,0.807296,0.510071
139,-3.2527,1.10147,-0.49663
134,-3.2527,1.10147,-0.49663
139,-3.00379,0.901577,-0.417725
134,-3.00379,0.901577,-0.417725
140,-3.49453,1.34923,0.953565
140,-3.53387,1.23234,0.451942
140,-3.20221,2.268,0.89646
140,-3.4316,1.81851,0.812236
140,-3.23229,2.28355,0.838688
140,-3.77617,0.830798,0.266211
140,-3.91598,0.630413,0.344877
140,-3.22599,2.20468,0.608124
140,-3.67577,0.858011,-0.0175885
140,-3.78962,0.843629,0.219733
140,-3.57782,1.31039,0.223257
140,-3.57465,1.30887,0.180723
140,-3.21721,2.28317,0.504998
140,-3.46697,0.260381,-1.30827
140,-3.76402,0.832828,0.00269997
140,-3.59713,1.31886,0.186215
140,-3.4984,0.27685,-1.32913
140,-3.60418,1.3485,0.157039
140,-3.52869,1.16519,-0.25554
140,-3.50655,1.26996,-0.214577
140,-3.5284,1.28259,-0.163922
140,-3.52259,1.2802,-0.207388
140,-3.33237,1.71972,-0.168357
140,-4.02626,0.355817,-0.185266
140,-3.3222,1.71545,-0.223042
140,-3.44378,1.81292,0.156176
140,-3.28403,1.68115,-0.373996
140,-3.57982,1.19068,-0.299641
140,-3.58788,1.19553,-0.280205
140,-3.28968,1.67863,-0.403485
140,-3.57538,1.31649,-0.186416
140,-3.52425,1.25683,-0.377199
140,-3.56611,1.31113,-0.231974
140,-3.51929,1.25405,-0.415186
140,-3.58664,1.31049,-0.217795
140,-3.73909,0.821654,-0.450602
140,-2.88256,1.87695,-1.19442
140,-3.93248,-0.150349,-1.17117
140,-3.54819,1.29381,-0.356069
140,-3.34108,1.22636,-0.932592
140,-4.02963,0.377705,-0.352082
140,-3.55546,1.29,-0.369459
140,-3.37153,1.76344,-0.239365
140,-4.06183,0.36452,-0.301967
140,-2.90258,1.88587,-1.18763
140,-3.37143,1.76517,-0.262773
140,-2.96369,1.8195,-1.14823
140,-3.50111,0.869255,-1.04449
140,-2.96885,1.83132,-1.16438
140,-3.34811,1.74187,-0.398853
140,-3.51068,1.25055,-0.634329
140,-3.49786,1.24283,-0.673519
140,-3.53074,1.27379,-0.568147
140,-3.52574,1.27095,-0.60051
140,-3.5042,1.24778,-0.688779
140,-3.29947,1.69246,-0.644432
140,-3.58962,1.31451,-0.423479
140,-3.38328,1.75992,-0.394908
140,-3.51066,1.26239,-0.698311
140,-3.00936,1.88996,-1.11802
140,-3.31878,1.33768,-1.0702
140,-3.31871,1.7087,-0.650536
140,-3.28619,1.61644,-0.870371
140,-3.00626,1.97621,-1.09013
140,-3.33105,1.71195,-0.656998
140,-3.56852,1.29836,-0.639477
140,-3.31312,1.71124,-0.748546
140,-3.5665,1.29796,-0.728852
140,-3.71194,0.806151,-0.98376
140,-3.32173,1.64481,-0.926348
140,-3.32982,1.65143,-0.92967
140,-3.16406,1.78236,-1.17223
140,-3.57473,1.03857,-1.11868
140,-3.7415,0.81139,-1.00357
140,-3.34658,1.47835,-1.13133
140,-3.35531,1.53474,-1.15446
140,-3.21637,1.77903,-1.20146
140,-3.58689,1.13667,-1.18083
140,-4.12663,0.0446798,-1.26041
140,-4.14788,0.112394,-1.2268
140,-3.67291,1.14697,-1.21799
140,-4.263,0.131725,-1.31508
140,-4.21358,0.19953,-1.35865
140,-3.57071,1.28331,0.0199054
137,-3.57071,1.28331,0.0199054
141,-2.69561,0.215424,-1.15211
141,-2.69926,0.275588,-1.1847
141,-2.77936,0.195026,-1.11115
141,-2.5491,0.572839,-1.20172
141,-2.74452,0.214481,-1.18943
141,-2.69433,0.273588,-1.23688
141,-2.6082,0.438317,-1.24384
141,-2.45643,0.72637,-1.25499
141,-2.53733,0.65287,-1.18153
141,-2.78854,0.202038,-1.15922
141,-2.60076,0.604629,-1.128
141,-2.60048,0.604405,-1.13738
141,-2.73595,0.277335,-1.21282
141,-2.61486,0.50313,-1.22387
141,-2.58676,0.661918,-1.12858
141,-2.72268,0.323555,-1.20339
141,-2.52891,0.681255,-1.23337
141,-2.61191,0.511888,-1.24222
141,-2.57488,0.599345,-1.23261
141,-2.60994,0.621106,-1.14867
141,-2.77993,0.302397,-1.13807
141,-2.66688,0.434891,-1.23082
141,-2.5388,0.706151,-1.21242
141,-2.56857,0.650778,-1.21078
141,-2.71895,0.411435,-1.16313
141,-2.52692,0.735928,-1.21676
141,-2.53946,0.7526,-1.17648
141,-2.59534,0.68603,-1.14646
141,-2.65156,0.591056,-1.14773
141,-2.58318,0.753698,-1.12354
141,-2.71313,0.4238,-1.22293
141,-2.78725,0.370238,-1.13984
141,-2.56488,0.761125,-1.19785
141,-2.70388,0.505836,-1.19499
141,-2.70491,0.492214,-1.20693
141,-3.06096,-0.118436,-1.16959
141,-2.72461,0.499102,-1.21375
141,-2.76235,0.449816,-1.21305
141,-2.70935,0.568356,-1.20427
141,-2.81853,0.397025,-1.16675
141,-3.01543,-0.0768585,-1.2571
141,-2.83053,0.412774,-1.18753
141,-3.03656,-0.0381972,-1.27211
141,-3.14963,-0.0870539,-1.12745
141,-3.0629,-0.0222995,-1.29745
141,-3.11492,-0.0420192,-1.2268
141,-2.67005,0.898265,-1.1638
141,-3.54585,0.786191,0.251287
141,-3.71028,0.784536,0.521758
141,-3.67557,0.78199,0.446964
141,-3.3271,1.77553,0.752639
141,-3.64312,0.75213,0.28829
141,-2.75285,0.972716,-1.26822
141,-3.40186,1.77634,0.751009
141,-3.66497,1.35033,0.765533
141,-3.66808,0.756446,0.18308
141,-3.65339,0.831128,0.218251
141,-3.67197,0.840143,0.220882
141,-3.61724,0.823996,0.0881699
141,-3.69621,0.786105,0.202406
141,-3.67661,0.5915,-0.0319386
141,-3.6254,0.706791,-0.0608429
141,-3.65049,0.76659,0.029448
141,-3.27684,0.104634,-1.35333
141,-3.63952,0.709169,-0.0612142
141,-3.68633,0.744788,0.0572687
141,-3.5435,0.90573,-0.0741445
141,-3.44932,1.28616,0.118569
141,-3.68242,0.773741,0.0228977
141,-3.48735,1.22201,0.0564275
141,-3.72646,0.760487,0.061991
141,-3.43393,1.34227,0.0709346
141,-3.72626,0.754954,0.0406199
141,-3.48521,1.2892,0.0865015
141,-3.48565,1.39667,0.187905
141,-3.83675,0.630667,0.0880582
141,-3.59524,0.928064,-0.0877396
141,-3.53757,1.32212,0.188432
141,-3.28677,1.7253,0.101211
141,-3.25169,2.33427,0.630227
141,-3.59541,0.930876,-0.0914445
141,-3.52362,1.33153,0.159161
141,-3.33655,1.36534,-0.168851
141,-3.64368,0.825817,-0.11221
141,-3.46746,1.36877,0.0724492
141,-3.33269,1.36784,-0.191347
141,-3.49711,1.24352,-0.01395
141,-3.5535,1.29659,0.142977
141,-3.47327,1.69753,0.381379
141,-3.1755,1.18877,-0.694091
141,-3.51855,1.31098,0.0858759
141,-3.38682,0.16768,-1.30072
141,-3.15639,2.21939,0.259062
141,-3.34119,0.202043,-1.37526
141,-3.24836,1.27383,-0.499646
141,-3.37725,1.67985,0.145867
141,-3.17186,1.7046,-0.227974
141,-3.67256,0.839327,-0.120126
141,-3.34686,0.199875,-1.37858
141,-3.24704,2.31556,0.50654
141,-3.55245,1.27832,0.0523761
141,-3.36717,1.43625,-0.155395
141,-3.37675,1.7699,0.189982
141,-3.29423,1.3255,-0.407128
141,-3.08561,2.18405,0.0315191
141,-3.32274,2.30571,0.603596
141,-3.36587,1.39961,-0.210075
141,-3.50475,1.28173,-0.0675232
141,-3.37124,1.71362,0.0999795
141,-3.69134,0.857343,-0.139626
141,-3.33347,1.74603,0.0452918
141,-3.39872,1.63328,0.0545328
141,-3.39029,1.69648,0.0986911
141,-3.68884,0.824806,-0.191384
141,-3.44113,1.24249,-0.257922
141,-3.19131,1.12255,-0.861194
141,-4.04181,0.647778,0.308072
141,-3.41505,1.74395,0.171313
141,-3.26242,1.66028,-0.206399
141,-3.27977,1.30989,-0.520464
141,-3.20382,1.73896,-0.2478
141,-3.41381,1.7254,0.142695
141,-3.35828,1.4912,-0.198133
141,-3.57239,1.29606,0.018996
141,-3.45651,1.67884,0.172475
141,-3.48773,1.2541,-0.190665
141,-3.49743,1.25577,-0.177905
141,-4.05705,0.641979,0.288761
141,-2.88901,1.62535,-0.99187
141,-3.36359,1.48238,-0.221694
141,-2.9247,1.62127,-0.930342
141,-3.35067,1.76843,0.0305385
141,-3.39698,1.47754,-0.167579
141,-2.91454,1.58907,-0.988711
141,-3.23271,1.24508,-0.730868
141,-3.7177,0.837971,-0.202116
141,-3.44299,0.267436,-1.2955
141,-3.44678,0.241644,-1.32701
141,-3.47004,1.26514,-0.281144
141,-3.43605,1.6707,0.051101
141,-2.96609,1.50866,-1.01317
141,-3.09929,2.10083,-0.182296
141,-3.24835,1.76362,-0.228187
141,-3.54356,1.15565,-0.259793
141,-2.85397,2.51983,-0.246567
141,-2.94802,2.71255,0.121683
141,-3.0952,2.10826,-0.190437
141,-3.43653,1.43712,-0.195727
141,-3.12015,1.59415,-0.65254
141,-3.51431,1.2743,-0.212462
141,-3.02262,2.05561,-0.391634
141,-3.24475,1.75575,-0.267335
141,-3.17472,1.21247,-0.937649
141,-3.73759,0.85108,-0.210829
141,-3.24149,1.76189,-0.272206
141,-3.39541,1.50894,-0.226174
141,-3.22124,1.20434,-0.866999
141,-3.42099,1.44661,-0.245893
141,-3.32312,1.34232,-0.538031
141,-3.67605,0.775541,-0.420483
141,-3.39213,1.51605,-0.239528
141,-3.6714,0.781045,-0.428047
141,-3.39646,1.52295,-0.236954
141,-2.86756,1.75857,-1.02373
141,-3.3081,1.65527,-0.278452
141,-3.50033,1.20985,-0.347017
141,-3.32146,1.71294,-0.197631
141,-3.51624,1.18232,-0.346455
141,-3.69026,0.886906,-0.306439
141,-3.56862,1.18831,-0.246714
141,-3.46339,1.22481,-0.413633
141,-3.56239,1.17142,-0.2767
141,-3.03634,2.51756,0.0351133
141,-3.70274,0.738314,-0.433593
141,-3.22625,1.69528,-0.410208
141,-2.8951,2.66806,-0.0926634
141,-3.54868,1.28234,-0.198477
141,-3.25537,1.15143,-0.893925
141,-3.53438,1.26853,-0.245001
141,-3.64337,0.945497,-0.355533
141,-3.3538,1.43788,-0.432339
141,-2.91446,1.68308,-1.03835
141,-3.43728,0.240197,-1.45207
141,-2.91352,1.73656,-0.987627
141,-3.42026,1.39583,-0.348295
141,-3.47225,1.23263,-0.414388
141,-3.47642,1.19609,-0.443809
141,-3.45059,1.51414,-0.183012
141,-3.17537,2.22237,-0.0347065
141,-3.51579,1.28861,-0.299742
141,-3.50733,1.24072,-0.379735
141,-3.50274,1.19939,-0.429637
141,-3.20621,1.24403,-0.959742
141,-3.33084,1.69063,-0.288642
141,-3.25242,1.71352,-0.419574
141,-3.51578,0.247614,-1.37217
141,-3.28309,1.72082,-0.371212
141,-3.45536,1.20945,-0.548639
141,-3.3715,1.36804,-0.554417
141,-3.20754,1.68971,-0.58082
141,-3.72795,0.80279,-0.454588
141,-3.01486,1.58104,-1.06419
141,-3.44448,1.54654,-0.271669
141,-3.53488,1.26959,-0.373456
141,-3.61751,1.19432,-0.289435
141,-3.53202,1.19164,-0.457528
141,-3.23536,2.12492,-0.121153
141,-3.7623,0.758915,-0.45695
141,-3.38708,1.38474,-0.566831
141,-3.36244,1.70399,-0.306304
141,-3.52161,1.26153,-0.440024
141,-3.69076,0.784922,-0.586977
141,-3.30589,1.31882,-0.803014
141,-3.39914,1.47241,-0.473219
141,-3.25626,1.67074,-0.555263
141,-3.41598,1.26285,-0.649777
141,-3.62851,1.20042,-0.302297
141,-3.45802,1.22479,-0.615451
141,-3.53963,1.19566,-0.490527
141,-3.03173,1.88972,-0.786359
141,-3.5471,1.28264,-0.405043
141,-3.2899,1.74181,-0.450444
141,-3.03785,1.60487,-1.08216
141,-3.27879,1.67479,-0.554705
141,-3.47824,1.23492,-0.607911
141,-3.2793,2.09299,-0.146719
141,-3.56268,1.20713,-0.486536
141,-3.15567,1.67133,-0.819543
141,-3.28479,2.10626,-0.166573
141,-3.25564,1.30264,-1.01532
141,-3.27565,1.64955,-0.637151
141,-3.33565,1.20472,-0.962494
141,-3.77493,0.353824,-0.956626
141,-3.17869,1.69075,-0.820504
141,-3.33052,1.2814,-0.934388
141,-3.82179,0.792864,-0.474297
141,-3.293,1.68836,-0.618498
141,-3.59331,1.24856,-0.473733
141,-3.81081,0.82268,-0.477069
141,-3.2881,1.68271,-0.642614
141,-3.28066,1.68248,-0.673248
141,-3.38662,1.54764,-0.603027
141,-3.23564,1.71033,-0.738815
141,-3.39367,1.54172,-0.606847
141,-3.48822,1.23106,-0.731303
141,-3.17846,1.6169,-0.950758
141,-3.2371,1.70858,-0.753873
141,-3.1935,1.69571,-0.856914
141,-3.84919,0.795876,-0.484614
141,-3.50467,1.18691,-0.763043
141,-3.24162,1.70975,-0.75674
141,-3.18416,1.62571,-0.959422
141,-3.3104,1.51041,-0.840116
141,-3.4201,1.26538,-0.872414
141,-3.39914,1.38213,-0.850572
141,-3.31769,1.63129,-0.768674
141,-3.26241,1.41525,-1.08859
141,-3.30573,1.44239,-0.98409
141,-3.39539,1.2509,-1.00074
141,-3.27079,1.60395,-0.914817
141,-3.32563,1.43959,-0.973999
141,-3.38853,1.30769,-0.984713
141,-3.43566,1.58762,-0.621504
141,-3.58255,1.27227,-0.66594
141,-3.25751,1.66504,-0.926079
141,-3.66677,0.77137,-1.02511
141,-3.24887,1.73614,-0.893829
141,-3.29679,1.75203,-0.786155
141,-3.66235,0.767591,-1.05464
141,-3.30877,1.62152,-0.903641
141,-3.65823,0.76394,-1.08451
141,-3.92101,0.823838,-0.526772
141,-3.57434,1.23651,-0.797087
141,-3.35829,1.66766,-0.790279
141,-3.24491,1.68114,-0.997969
141,-3.48724,1.30135,-0.908846
141,-3.32287,1.64717,-0.90303
141,-3.3665,1.47028,-1.00019
141,-3.61109,1.30775,-0.702367
141,-3.67985,0.972557,-0.905623
141,-3.66557,0.893463,-1.01246
141,-3.37285,1.48019,-1.0063
141,-3.73453,0.795159,-0.989781
141,-3.94787,0.292369,-1.07946
141,-3.6949,0.783011,-1.1047
141,-3.7127,0.793958,-1.06155
141,-3.29936,1.69436,-0.987324
141,-3.4726,1.29355,-1.0504
141,-3.51387,1.23446,-1.0394
141,-3.41791,1.57177,-0.91205
141,-3.4084,1.59399,-0.913781
141,-3.52165,1.64602,-0.67181
141,-3.55954,1.22028,-1.03015
141,-3.37766,1.69046,-0.950429
141,-3.56003,1.26878,-1.07657
141,-3.57211,1.2625,-1.07737
141,-3.77738,0.820394,-1.15277
141,-3.58481,1.26771,-1.09702
141,-3.83538,0.84294,-1.10463
141,-3.46354,1.64682,-1.13105
141,-3.49926,1.65283,-1.14579
141,-3.79254,1.36724,-0.912637
141,-4.281,0.238038,-1.45226
141,-3.4125,1.65149,0.061241
139,-3.4125,1.65149,0.061241
141,-2.95516,2.02332,-0.370568
139,-2.95516,2.02332,-0.370568
141,-3.34458,1.72082,0.142774
137,-3.34458,1.72082,0.142774
141,-3.01054,0.942692,0.639326
134,-3.01054,0.942692,0.639326
141,-3.08624,1.8492,-0.433177
130,-3.08624,1.8492,-0.433177
142,-1.82729,0.893958,-1.17421
142,-1.8743,0.818947,-1.20693
142,-1.80808,0.944576,-1.202
142,-1.97372,0.680981,-1.21084
142,-2.04926,0.601472,-1.18639
142,-1.96887,0.77889,-1.17692
142,-1.95053,0.825493,-1.18709
142,-2.00846,0.771528,-1.1617
142,-1.96823,0.840923,-1.16725
142,-2.05448,0.686461,-1.17281
142,-2.62241,-0.349261,-1.20913
142,-2.15747,0.644395,-1.20621
142,-2.38572,0.375301,-1.23714
142,-2.50965,0.211293,-1.23202
142,-2.42567,0.35825,-1.25761
142,-2.52009,0.220846,-1.23913
142,-2.52881,0.222486,-1.22115
142,-2.43596,0.371111,-1.2533
142,-2.44211,0.383362,-1.26904
142,-2.39906,0.483498,-1.25736
142,-2.4172,0.505073,-1.27475
142,-2.42652,0.495447,-1.28718
142,-3.02801,-0.44685,-1.14519
142,-2.31367,0.763051,-1.26786
142,-2.30922,0.772562,-1.28696
142,-2.73214,-0.0417898,-1.34667
142,-2.32137,0.776767,-1.27621
142,-2.64694,0.221255,-1.25997
142,-2.48104,0.536763,-1.25259
142,-2.46269,0.565331,-1.27224
142,-2.38282,0.727377,-1.25402
142,-2.48061,0.556505,-1.275
142,-2.72533,0.230267,-1.20641
142,-2.70422,0.265218,-1.23537
142,-2.48535,0.669797,-1.22889
142,-2.42066,0.75026,-1.27241
142,-2.58955,0.473212,-1.25588
142,-2.5485,0.577673,-1.22348
142,-2.75042,0.22775,-1.21109
142,-2.4412,0.738443,-1.27524
142,-2.54536,0.601087,-1.23214
142,-2.71581,0.294257,-1.25129
142,-2.58226,0.602086,-1.17601
142,-2.49175,0.72285,-1.22601
142,-2.58518,0.608298,-1.17614
142,-2.5753,0.623348,-1.18105
142,-2.61282,0.559904,-1.19431
142,-3.05574,-0.176916,-1.16016
142,-2.59979,0.627905,-1.19842
142,-2.5625,0.698081,-1.20611
142,-2.51185,0.757265,-1.26538
142,-3.00255,-0.0728607,-1.27138
142,-3.09443,-0.103952,-1.13442
142,-2.59668,0.854478,-1.15887
142,-2.61229,0.874731,-1.17192
142,-3.68743,0.264845,0.298217
142,-3.84201,0.104699,0.412481
142,-3.43209,1.21022,0.797384
142,-3.89344,0.58229,0.949554
142,-3.62547,0.716802,0.426293
142,-3.67771,0.7746,0.535483
142,-3.60376,0.744207,0.293525
142,-3.01389,2.05634,0.545974
142,-3.45905,1.17233,0.453882
142,-3.45823,1.17153,0.449369
142,-3.89654,0.0388163,-0.0442883
142,-3.40768,1.19697,0.225724
142,-3.43633,1.1641,0.212896
142,-3.00127,2.06045,0.292264
142,-3.43189,1.25496,0.181047
142,-3.77504,0.270235,-0.249914
142,-3.45191,1.23835,0.180915
142,-3.24837,1.66089,0.20333
142,-3.89787,0.244088,-0.0860361
142,-2.99616,2.10458,0.16929
142,-3.72168,0.60701,-0.0580763
142,-3.39667,0.173927,-1.31212
142,-3.83703,0.631881,0.0914105
142,-3.43537,1.19141,-0.14531
142,-3.41621,0.249795,-1.31651
142,-3.79219,-0.247252,-1.14489
142,-3.9589,0.301375,-0.17567
142,-3.45705,1.22991,-0.16586
142,-2.6398,2.69791,-0.180524
142,-3.44631,1.22106,-0.200327
142,-3.47977,1.12152,-0.251856
142,-3.4162,1.24264,-0.262655
142,-3.62718,0.760643,-0.418545
142,-3.49761,1.13759,-0.267451
142,-3.70727,0.82979,-0.191046
142,-3.38419,1.41483,-0.201709
142,-3.38342,1.41368,-0.220019
142,-3.50004,1.25275,-0.212879
142,-3.2909,1.69466,-0.183813
142,-3.163,1.99656,-0.104144
142,-3.52569,1.26508,-0.224172
142,-3.28414,1.65891,-0.282277
142,-3.49543,1.27142,-0.295488
142,-3.52413,1.26237,-0.254988
142,-3.29438,1.69751,-0.237564
142,-3.49106,1.23883,-0.360393
142,-3.06959,2.38098,0.0749508
142,-3.08752,2.19945,-0.0977424
142,-3.49644,1.18538,-0.438931
142,-3.25582,1.6779,-0.398827
142,-3.07486,2.1925,-0.184341
142,-3.2697,1.67511,-0.39783
142,-3.12844,2.06826,-0.239604
142,-2.84283,2.67397,-0.148873
142,-3.68721,0.778359,-0.593649
142,-2.93654,2.95172,0.33511
142,-3.52128,1.27176,-0.385174
142,-3.24175,1.73756,-0.447745
142,-3.22074,1.63529,-0.611516
142,-3.56005,0.71835,-0.962888
142,-3.44729,1.13738,-0.722613
142,-2.9683,2.74432,0.12258
142,-3.48958,1.16466,-0.614936
142,-3.21753,1.63268,-0.658085
142,-3.28456,1.82974,-0.294525
142,-3.31471,1.71411,-0.382446
142,-3.56093,0.740823,-0.995772
142,-3.50246,1.17242,-0.620998
142,-3.3118,1.71175,-0.397579
142,-2.9478,2.73349,0.0197385
142,-3.54171,1.28225,-0.419668
142,-2.87173,2.70745,-0.181798
142,-2.77655,2.87055,-0.194053
142,-3.31057,1.25039,-0.95286
142,-2.85026,2.65942,-0.312791
142,-3.31254,1.26988,-0.955488
142,-2.92075,2.71749,-0.104045
142,-2.81065,2.80081,-0.242863
142,-2.96207,2.75202,0.0150064
142,-2.82711,2.85191,-0.172083
142,-3.32411,1.73665,-0.42051
142,-3.44827,1.18268,-0.810443
142,-3.26078,1.67027,-0.640073
142,-3.31889,1.45588,-0.766524
142,-3.45784,1.23009,-0.742306
142,-3.46797,1.2383,-0.712219
142,-3.56181,1.30709,-0.442081
142,-3.50314,1.18749,-0.745734
142,-3.35021,1.7441,-0.440237
142,-3.18668,1.72403,-0.845236
142,-3.30296,1.70461,-0.638938
142,-3.19524,1.71826,-0.855034
142,-3.30091,1.70295,-0.652159
142,-3.31774,1.51371,-0.858178
142,-3.36424,1.29306,-1.13126
142,-3.31789,1.37486,-1.13809
142,-3.57521,1.24499,-0.773991
142,-3.5387,1.00189,-1.13408
142,-3.21521,1.59893,-1.15202
142,-3.0177,1.9368,-1.1776
142,-3.32251,1.42796,-1.14225
142,-3.02824,1.94645,-1.16996
142,-3.30288,1.46324,-1.16069
142,-3.41537,1.55402,-0.854096
142,-3.73267,0.804981,-1.07681
142,-3.45616,1.24015,-1.15373
142,-3.49382,1.3386,-1.0708
142,-3.18581,2.04598,-0.898499
142,-3.41236,1.62039,-0.93373
142,-3.19798,1.92982,-1.17461
142,-3.45007,1.60327,-1.0966
142,-3.51873,1.20018,-0.777391
141,-3.51873,1.20018,-0.777391
142,-3.69166,0.846168,-0.126009
141,-3.69166,0.846168,-0.126009
142,-3.43902,1.21602,0.173221
141,-3.43902,1.21602,0.173221
142,-5.02331,2.20622,-1.04689
141,-5.02331,2.20622,-1.04689
142,-3.55929,1.2514,-0.874392
141,-3.55929,1.2514,-0.874392
142,-3.65538,2.61077,-0.494221
141,-3.65538,2.61077,-0.494221
142,-3.46481,1.22145,-0.336151
140,-3.46481,1.22145,-0.336151
142,-4.39416,0.132434,-1.4348
140,-4.39416,0.132434,-1.4348
142,-3.77109,1.41021,-0.520219
140,-3.77109,1.41021,-0.520219
142,-3.60385,0.780904,-0.163523
136,-3.60385,0.780904,-0.163523
142,-3.72736,0.789133,0.298338
138,-3.72736,0.789133,0.298338
142,-3.54913,1.29906,-0.569628
138,-3.54913,1.29906,-0.569628
143,-1.55828,0.0314863,-1.13766
143,-1.63152,-0.086477,-1.12971
143,-1.65343,-0.121942,-1.12721
143,-1.65855,-0.0685377,-1.10711
143,-1.59426,0.0731432,-1.11855
143,-1.63402,-0.00256371,-1.12665
143,-1.10259,0.922363,-1.16487
143,-1.46852,0.330232,-1.16676
143,-1.91499,-0.412908,-1.18404
143,-1.55849,0.294928,-1.2055
143,-1.67468,0.16229,-1.17719
143,-1.79598,0.0104463,-1.13124
143,-1.51544,0.443917,-1.19779
143,-1.71884,0.163013,-1.15671
143,-1.71644,0.214906,-1.12648
143,-1.79113,0.05738,-1.16092
143,-1.31599,0.875404,-1.19969
143,-1.65291,0.299876,-1.18233
143,-1.54122,0.462128,-1.21887
143,-1.73569,0.159985,-1.17916
143,-1.31818,0.878898,-1.20767
143,-1.8184,0.0376472,-1.17238
143,-1.73623,0.227633,-1.14531
143,-1.67676,0.317732,-1.17333
143,-1.70584,0.28554,-1.15884
143,-2.19942,-0.472565,-1.14971
143,-2.29623,-0.661223,-1.18657
143,-1.49293,0.790105,-1.18548
143,-1.31805,1.22196,-1.10866
143,-1.7704,0.443827,-1.14982
143,-2.46171,-0.645393,-1.11578
143,-1.49206,1.04698,-1.18783
143,-2.19299,-0.161985,-1.14301
143,-1.52602,1.04406,-1.16629
143,-1.54169,1.05251,-1.16331
143,-1.862,0.527236,-1.1717
143,-1.887,0.532344,-1.16129
143,-1.87097,0.551299,-1.17288
143,-1.94885,0.507064,-1.15192
143,-1.96471,0.484337,-1.15154
143,-1.81815,0.884586,-1.15998
143,-2.01217,0.510154,-1.19814
143,-1.81355,0.948125,-1.19613
143,-1.85453,0.905328,-1.17728
143,-1.98618,0.668228,-1.1882
143,-1.83388,0.965473,-1.16721
143,-1.82894,0.91961,-1.25471
143,-1.85139,0.91145,-1.2339
143,-1.94762,0.816154,-1.17039
143,-2.0557,0.620973,-1.1734
143,-1.92983,0.840477,-1.18317
143,-2.00299,0.719597,-1.19904
143,-1.87382,0.926641,-1.22177
143,-1.99651,0.753003,-1.18511
143,-2.04029,0.710768,-1.15504
143,-2.00957,0.776371,-1.15341
143,-1.9212,0.920927,-1.17236
143,-2.05834,0.714531,-1.1634
143,-1.93669,0.844898,-1.24667
143,-1.99714,0.821128,-1.17427
143,-2.04576,0.740699,-1.17283
143,-2.07492,0.696532,-1.16562
143,-1.99116,0.8476,-1.16744
143,-2.04206,0.750707,-1.17518
143,-1.97596,0.892818,-1.16088
143,-1.95029,0.856371,-1.23892
143,-2.09341,0.624525,-1.22455
143,-1.96442,0.84562,-1.2459
143,-2.00954,0.746487,-1.2659
143,-1.97925,0.914094,-1.16931
143,-2.08439,0.715997,-1.18099
143,-2.09889,0.708445,-1.18681
143,-1.99235,0.91421,-1.18144
143,-2.0705,0.702729,-1.24744
143,-2.36297,0.307489,-1.16789
143,-2.1822,0.621514,-1.1996
143,-2.36431,0.319301,-1.17963
143,-2.15904,0.658515,-1.20741
143,-2.34984,0.35681,-1.18277
143,-2.42581,0.20781,-1.19562
143,-2.34413,0.354676,-1.19656
143,-2.45522,0.201022,-1.16134
143,-2.45772,0.216295,-1.16484
143,-2.21473,0.613811,-1.20112
143,-2.42749,0.223832,-1.20905
143,-2.18429,0.650711,-1.22011
143,-2.44407,0.214227,-1.19537
143,-2.21419,0.646202,-1.22403
143,-2.24493,0.635252,-1.19856
143,-2.22032,0.67999,-1.20378
143,-2.39007,0.380843,-1.21219
143,-2.25924,0.613115,-1.22405
143,-2.24924,0.632004,-1.22651
143,-2.506,0.212434,-1.19615
143,-2.9037,-0.41894,-1.12415
143,-2.3075,0.568526,-1.22327
143,-2.30008,0.601989,-1.23149
143,-2.29601,0.665335,-1.21779
143,-2.38887,0.481887,-1.23464
143,-2.34506,0.567332,-1.23037
143,-2.32998,0.582674,-1.24152
143,-2.7868,-0.219372,-1.22823
143,-2.91895,-0.334482,-1.1392
143,-2.3671,0.561032,-1.23159
143,-2.3468,0.621562,-1.21581
143,-2.40457,0.488461,-1.24501
143,-2.80215,-0.232288,-1.28288
143,-2.42718,0.517551,-1.21812
143,-2.32463,0.712299,-1.21627
143,-2.805,-0.191231,-1.25777
143,-2.38279,0.619862,-1.21006
143,-2.30253,0.749663,-1.23326
143,-2.38064,0.583997,-1.26065
143,-2.30533,0.756827,-1.24371
143,-2.43764,0.564232,-1.20482
143,-2.3939,0.626667,-1.22268
143,-2.50872,0.43953,-1.2056
143,-2.42194,0.593228,-1.20832
143,-2.49983,0.500187,-1.16798
143,-2.37455,0.707798,-1.20367
143,-2.50928,0.465764,-1.2041
143,-2.52308,0.476773,-1.17146
143,-2.62855,0.224692,-1.23392
143,-2.4866,0.517143,-1.19972
143,-2.34914,0.723553,-1.23911
143,-2.50305,0.502059,-1.18923
143,-2.52842,0.47923,-1.18063
143,-2.54557,0.422571,-1.20674
143,-2.52554,0.575973,-1.12213
143,-2.74273,0.165845,-1.1411
143,-2.65884,0.256745,-1.20102
143,-2.49243,0.629637,-1.14176
143,-2.44673,0.613389,-1.23246
143,-2.45874,0.645434,-1.18518
143,-2.67727,0.269284,-1.17151
143,-2.5746,0.454572,-1.18349
143,-2.50541,0.610198,-1.16974
143,-2.4829,0.648731,-1.17337
143,-3.77386,0.0831521,0.427721
143,-2.47884,0.58587,-1.23961
143,-2.50123,0.620693,-1.17186
143,-2.52356,0.651899,-1.11013
143,-2.61425,0.458963,-1.13839
143,-2.50314,0.55349,-1.23982
143,-2.69496,0.278278,-1.17716
143,-2.5372,0.512291,-1.22534
143,-2.59772,0.441373,-1.19136
143,-2.55244,0.560873,-1.16195
143,-2.51395,0.588433,-1.20111
143,-2.42014,0.724875,-1.23307
143,-2.6892,0.299922,-1.18327
143,-2.62288,0.389078,-1.21086
143,-2.58826,0.502879,-1.17135
143,-2.56158,0.594702,-1.14054
143,-2.64656,0.39772,-1.18997
143,-2.58852,0.446879,-1.24379
143,-2.77153,0.198332,-1.1762
143,-2.63243,0.421176,-1.20301
143,-2.57355,0.502635,-1.22621
143,-2.63241,0.4638,-1.16623
143,-2.74645,0.21096,-1.21691
143,-2.70212,0.277493,-1.23668
143,-2.54008,0.594689,-1.21356
143,-2.62217,0.538158,-1.15078
143,-2.50571,0.668902,-1.22583
143,-2.60458,0.581134,-1.14526
143,-2.68851,0.403622,-1.17264
143,-2.73096,0.278896,-1.22108
143,-2.5836,0.609701,-1.16205
143,-2.63241,0.45838,-1.22496
143,-2.74338,0.363687,-1.13151
143,-2.55543,0.684524,-1.14743
143,-2.52094,0.80383,-1.09584
143,-2.76365,0.302226,-1.16672
143,-2.59797,0.584177,-1.1926
143,-2.62067,0.584887,-1.15584
143,-2.67268,0.400943,-1.24038
143,-2.55164,0.650893,-1.21135
143,-2.65791,0.44072,-1.2323
143,-2.71876,0.367546,-1.20242
143,-2.57792,0.670686,-1.16799
143,-2.64445,0.549892,-1.17107
143,-2.67086,0.483764,-1.19135
143,-2.6914,0.413138,-1.22311
143,-3.5951,0.757034,0.569358
143,-2.52713,0.759407,-1.19076
143,-2.69108,0.463313,-1.19418
143,-2.73277,0.424267,-1.18451
143,-2.72019,0.448641,-1.18774
143,-2.53546,0.772849,-1.20394
143,-2.81652,0.405684,-1.1901
143,-3.83525,0.0213354,0.0656393
143,-3.1603,-0.0880826,-1.15019
143,-3.23813,1.73612,0.450759
143,-2.68655,0.941054,-1.21011
143,-4.01324,0.0732612,-0.0695328
143,-3.34003,0.138231,-1.19456
143,-3.31888,1.72177,0.183303
143,-3.86782,0.314682,-0.249885
143,-3.65695,0.813124,-0.160844
143,-3.44151,1.22088,-0.166618
143,-2.86851,2.85608,0.373253
143,-3.51374,1.64755,0.321839
143,-3.3311,0.212678,-1.30348
143,-3.61929,0.702578,-0.394116
143,-3.42805,1.23242,-0.25659
143,-3.24483,1.66988,-0.195054
143,-3.26176,1.68334,-0.16319
143,-3.65218,0.759828,-0.396671
143,-3.43096,1.20008,-0.365547
143,-3.20978,1.64154,-0.334546
143,-3.14901,2.00247,-0.105555
143,-3.52315,1.26497,-0.17943
143,-2.92455,2.68241,0.13225
143,-3.20725,1.63934,-0.372243
143,-3.46338,1.24008,-0.352893
143,-3.0125,2.72284,0.228133
143,-3.48839,1.23538,-0.377746
143,-3.31259,1.47744,-0.44733
143,-2.72778,2.82007,-0.18388
143,-3.2087,1.39759,-0.713621
143,-3.27434,1.69005,-0.371979
143,-2.79441,2.81292,-0.138437
143,-3.39494,1.20364,-0.636652
143,-3.16625,1.45939,-0.779296
143,-3.23615,1.73448,-0.419758
143,-3.40366,1.13152,-0.702706
143,-2.76104,2.87892,-0.18325
143,-3.24182,1.66127,-0.562049
143,-3.40148,1.15268,-0.770707
143,-3.07221,2.14606,-0.412841
143,-3.56876,1.27569,-0.429116
143,-3.3906,1.11084,-0.98816
143,-3.20689,1.70664,-0.746188
143,-3.19422,1.40738,-1.05549
143,-3.22257,1.58195,-0.850306
143,-3.23389,1.5908,-0.838588
143,-3.40331,1.11803,-0.998317
143,-3.47282,0.962728,-1.0379
143,-3.41442,0.950531,-1.15046
143,-3.14143,2.57758,-0.121939
143,-3.413,1.17505,-0.973491
143,-3.46942,0.973282,-1.09497
143,-3.46953,0.971059,-1.1017
143,-3.24174,1.7052,-0.809859
143,-3.41652,1.12131,-1.06649
143,-3.26876,1.76207,-0.728671
143,-3.2533,1.74972,-0.765521
143,-3.67006,0.770848,-0.988528
143,-3.54703,0.870482,-1.10029
143,-3.24012,1.42784,-1.09621
143,-3.19446,1.64968,-0.975707
143,-3.38018,1.31482,-0.984265
143,-3.43218,1.07747,-1.12142
143,-3.46947,1.01838,-1.11723
143,-3.32882,1.32437,-1.06868
143,-3.29914,1.78586,-0.760672
143,-3.49039,1.08052,-1.1143
143,-3.30178,1.78803,-0.783789
143,-3.12509,2.12502,-0.786691
143,-3.50913,1.17748,-1.03514
143,-3.15314,1.71692,-1.20446
143,-3.16006,1.70116,-1.20769
143,-3.31724,1.48742,-1.15043
143,-3.32657,1.48553,-1.15738
143,-3.49261,1.31269,-1.04779
143,-3.75902,0.818653,-1.0642
143,-3.11967,1.91737,-1.13529
143,-3.19146,2.06573,-0.889491
143,-3.12884,1.82979,-1.20907
143,-3.18815,2.17085,-0.806262
143,-3.16911,1.86757,-1.16703
143,-4.21163,0.109842,-1.28743
143,-3.52413,1.2152,-0.779125
142,-3.52413,1.2152,-0.779125
143,-3.03015,-0.286574,-1.23088
142,-3.03015,-0.286574,-1.23088
143,-3.53782,1.89288,-0.266592
142,-3.53782,1.89288,-0.266592
143,-2.66011,0.417514,-1.20268
141,-2.66011,0.417514,-1.20268
143,-3.4779,1.68744,-0.773659
141,-3.4779,1.68744,-0.773659
143,-3.62886,0.320279,-1.42678
141,-3.62886,0.320279,-1.42678
143,-3.41642,0.628187,0.14285
141,-3.41642,0.628187,0.14285
143,-4.40076,1.11042,-0.180888
141,-4.40076,1.11042,-0.180888
143,-3.01998,0.470562,0.233216
141,-3.01998,0.470562,0.233216
143,-2.8741,0.875926,0.031779
134,-2.8741,0.875926,0.031779
143,-2.14632,0.633312,-1.15641
126,-2.14632,0.633312,-1.15641
143,-3.6663,0.772482,0.305215
138,-3.6663,0.772482,0.305215
144,-1.28443,0.0581667,-1.11323
144,-1.25271,0.182783,-1.14088
144,-1.29001,0.20789,-1.09246
144,-1.23183,0.269191,-1.1344
144,-1.24588,0.268489,-1.13144
144,-0.967348,1.04177,-1.18792
144,-1.73311,-0.27074,-1.13526
144,-1.73291,-0.29106,-1.16485
144,-1.7346,-0.311093,-1.19656
144,-1.73226,-0.170398,-1.14644
144,-1.67612,-0.0340256,-1.12438
144,-1.64526,-0.0169644,-1.16731
144,-1.64991,-0.0320175,-1.17797
144,-1.58488,0.177044,-1.13343
144,-1.56325,0.19304,-1.15393
144,-1.66673,-0.0293338,-1.19454
144,-1.72638,-0.156097,-1.21729
144,-1.92031,-0.478664,-1.20793
144,-1.14821,0.972176,-1.17068
144,-1.64923,0.103532,-1.14836
144,-1.58574,0.20795,-1.17311
144,-1.52858,0.321986,-1.16548
144,-1.5555,0.295402,-1.15338
144,-1.65792,0.125577,-1.1467
144,-1.15791,0.981329,-1.19386
144,-1.60714,0.221083,-1.15618
144,-1.53604,0.326013,-1.17911
144,-1.76813,0.155787,-1.02982
144,-1.56214,0.45465,-1.16789
144,-1.78532,0.161559,-1.07816
144,-1.70786,0.280036,-1.12056
144,-1.36111,1.9754,-0.205797
144,-1.75377,0.25034,-1.11981
144,-1.08502,1.71789,-0.999773
144,-1.73312,0.360357,-1.16677
144,-1.67244,0.49421,-1.1561
144,-1.52077,0.829845,-1.16737
144,-1.69882,0.500196,-1.18184
144,-1.69692,0.515473,-1.18073
144,-1.84432,0.535914,-1.17864
144,-1.5657,1.07146,-1.15509
144,-1.86485,0.500981,-1.18977
144,-1.56804,1.09979,-1.15685
144,-1.69431,0.841376,-1.18881
144,-1.88837,0.575356,-1.17638
144,-1.602,1.13264,-1.21428
144,-1.90649,0.551332,-1.23963
144,-1.8123,0.819728,-1.18356
144,-1.94314,0.59709,-1.18496
144,-1.63615,1.14688,-1.24999
144,-1.7275,2.24254,-0.237769
144,-1.76894,2.21847,-0.243858
144,-1.67437,2.42141,-0.220135
144,-2.0621,0.606859,-1.2165
144,-1.90257,0.941784,-1.20428
144,-1.89626,0.95625,-1.20647
144,-2.02122,0.772966,-1.17305
144,-1.87346,1.00925,-1.21525
144,-2.09347,0.642272,-1.18646
144,-2.65014,-0.472479,-1.27643
144,-2.02576,0.784811,-1.17638
144,-2.05859,0.692784,-1.22509
144,-1.95868,0.885743,-1.23054
144,-1.88733,1.08436,-1.17804
144,-1.90697,1.03435,-1.19353
144,-1.9542,0.96205,-1.19271
144,-2.0074,0.867136,-1.1996
144,-2.09503,0.731598,-1.17906
144,-2.03186,0.843505,-1.18662
144,-1.9886,0.893637,-1.21253
144,-2.0821,0.801696,-1.18103
144,-2.09981,0.732024,-1.21441
144,-2.11415,0.747473,-1.17828
144,-2.06236,0.838947,-1.18163
144,-2.06699,0.837866,-1.1924
144,-2.06163,0.874102,-1.17499
144,-1.76606,2.51376,-0.215891
144,-2.48101,0.392492,-1.23816
144,-2.49498,0.407637,-1.24888
144,-2.55282,0.308702,-1.24345
144,-2.44916,0.514884,-1.22973
144,-2.45909,0.587513,-1.20291
144,-2.57036,0.587047,-1.11731
144,-2.67518,0.504998,-1.14403
144,-2.77341,0.269722,-1.19813
144,-2.83338,0.181738,-1.18054
144,-2.57742,0.623541,-1.22029
144,-3.72019,0.322865,0.286733
144,-2.68283,0.577525,-1.24924
144,-2.69812,0.536236,-1.26746
144,-2.83719,0.349574,-1.22318
144,-2.77238,0.450379,-1.26802
144,-2.73669,0.616572,-1.20496
144,-2.62468,0.919906,-1.1531
144,-2.78232,0.555689,-1.24555
144,-2.65245,0.921177,-1.18257
144,-3.05343,1.93789,-0.0666099
144,-3.64138,0.923534,-0.0474043
144,-3.48157,1.66149,0.332254
144,-3.4441,1.14703,-0.236919
144,-3.63627,0.97849,-0.0933189
144,-3.4784,1.26873,-0.163017
144,-2.82831,2.77953,0.0710313
144,-3.68811,0.896052,-0.25348
144,-3.02048,2.51606,0.0533538
144,-3.10336,2.05926,-0.223986
144,-4.22377,0.150192,-0.114315
144,-3.55516,0.965974,-0.46634
144,-3.47801,1.35823,-0.263583
144,-3.47638,1.24072,-0.385385
144,-3.48234,1.26633,-0.387909
144,-3.72869,0.778749,-0.428919
144,-3.09651,2.22414,-0.177978
144,-3.61666,1.3223,-0.194349
144,-3.16401,2.10512,-0.230525
144,-3.80464,1.0351,-0.148074
144,-3.52934,1.88992,0.140601
144,-3.12841,1.94417,-0.469374
144,-2.78779,2.88498,-0.193092
144,-3.30907,1.52559,-0.561771
144,-3.52866,0.239881,-1.34676
144,-3.49398,1.38255,-0.468008
144,-3.22587,1.59439,-0.711162
144,-3.35206,1.75033,-0.389715
144,-3.51891,1.30844,-0.534827
144,-4.27518,0.361794,-0.160999
144,-3.30757,1.6939,-0.534405
144,-3.35459,1.75155,-0.432136
144,-3.23152,1.68304,-0.718915
144,-3.7394,1.25875,-0.314479
144,-3.07011,2.05298,-0.690125
144,-3.89199,0.97615,-0.332121
144,-3.38098,1.78268,-0.43962
144,-3.40065,1.09763,-1.00723
144,-3.22885,1.99731,-0.50058
144,-3.50609,1.52229,-0.528591
144,-3.38305,1.25968,-0.980011
144,-3.57542,1.30328,-0.653056
144,-3.38623,1.84763,-0.480042
144,-3.23251,1.75246,-0.843388
144,-3.30803,1.59793,-0.866181
144,-3.52861,1.48909,-0.637307
144,-3.60823,1.33925,-0.670844
144,-3.34239,1.651,-0.904441
144,-3.24139,2.31237,-0.493353
144,-3.94371,0.436024,-1.02495
144,-3.24523,2.26454,-0.550138
144,-3.37891,1.42012,-1.08306
144,-3.25709,2.27393,-0.543791
144,-3.15533,1.75444,-1.17201
144,-3.31446,1.61321,-1.09839
144,-3.13818,1.83276,-1.18789
144,-3.5582,1.17343,-1.10705
144,-3.67854,1.2896,-0.815939
144,-3.23343,2.26277,-0.702002
144,-3.36525,1.85776,-0.876253
144,-3.23721,2.20419,-0.78521
144,-3.12643,1.92622,-1.20921
144,-3.20637,1.9316,-1.17003
144,-3.21361,1.91034,-1.19105
144,-3.2523,1.80462,-1.25403
144,-3.16915,2.2279,-1.04447
144,-3.21132,2.26461,-1.08536
144,-3.38612,1.82365,-0.879015
143,-3.38612,1.82365,-0.879015
144,-3.58919,0.76377,0.562861
143,-3.58919,0.76377,0.562861
144,-3.03772,2.12565,0.16386
143,-3.03772,2.12565,0.16386
144,-2.78977,2.73851,0.377107
143,-2.78977,2.73851,0.377107
144,-3.19814,2.30705,-0.130234
142,-3.19814,2.30705,-0.130234
144,-3.69643,-0.237147,-1.06246
142,-3.69643,-0.237147,-1.06246
144,-3.75092,0.623169,0.139805
142,-3.75092,0.623169,0.139805
144,-3.93277,0.343172,-0.289241
142,-3.93277,0.343172,-0.289241
144,-2.64806,0.542583,-1.24774
141,-2.64806,0.542583,-1.24774
144,-3.81344,0.66007,-0.0597114
141,-3.81344,0.66007,-0.0597114
144,-3.64507,0.862,-0.260257
141,-3.64507,0.862,-0.260257
144,-4.03237,0.912448,0.0905888
141,-4.03237,0.912448,0.0905888
144,-3.37081,1.64111,-0.487809
130,-3.37081,1.64111,-0.487809
144,-3.51115,0.73268,0.0593981
136,-3.51115,0.73268,0.0593981
145,-0.295883,-0.128379,0.812378
145,-1.21276,0.798955,-1.01416
145,-1.65515,-0.00963837,-1.06877
145,-1.22237,0.825069,-1.03002
145,-1.17966,1.84154,-0.22213
145,-1.15853,1.93731,-0.208754
145,-1.49886,0.442322,-1.11944
145,-1.54653,0.307062,-1.19535
145,-1.50948,0.447426,-1.14579
145,-1.6291,0.258048,-1.12219
145,-1.55219,0.327502,-1.18995
145,-1.63494,0.322946,-1.12397
145,-1.66473,0.427646,-1.02316
145,-1.70416,0.30029,-1.11485
145,-1.32717,1.98801,-0.187005
145,-1.4185,0.985089,-1.02775
145,-1.48952,0.817153,-1.14139
145,-1.33251,1.24938,-1.07996
145,-0.996977,2.09729,-1.1094
145,-1.85962,0.542421,-1.12788
145,-1.02414,2.05644,-1.16361
145,-0.988314,2.13892,-1.1732
145,-1.52313,2.1531,-0.236421
145,-1.56827,2.0913,-0.260914
145,-1.55597,2.21822,-0.233526
145,-1.74983,0.882792,-1.24026
145,-2.04511,0.624004,-1.1532
145,-1.92152,0.869495,-1.18806
145,-1.94309,0.918883,-1.11531
145,-2.03441,0.686126,-1.19019
145,-2.09013,0.647159,-1.15437
145,-2.09116,0.664782,-1.16202
145,-1.91402,0.991913,-1.18149
145,-1.99532,0.878067,-1.18316
145,-2.03216,0.797655,-1.20957
145,-1.98759,0.946679,-1.14706
145,-1.99725,0.903518,-1.20154
145,-2.0127,0.887424,-1.19186
145,-2.08957,0.768057,-1.18183
145,-2.12873,0.751954,-1.1821
145,-2.02659,0.960142,-1.17514
145,-2.01579,0.979356,-1.1756
145,-2.18418,0.681497,-1.18248
145,-1.803,2.4486,-0.168987
145,-2.21088,0.670284,-1.18172
145,-1.85604,2.3824,-0.215224
145,-2.22104,0.709243,-1.20876
145,-2.24116,0.67426,-1.2082
145,-2.33809,0.601064,-1.20879
145,-2.27491,0.759733,-1.17904
145,-1.87449,2.52009,-0.186328
145,-2.36827,0.585297,-1.20516
145,-1.96851,2.31423,-0.234698
145,-2.4283,0.552932,-1.19696
145,-2.3701,0.646221,-1.21247
145,-2.40336,0.647491,-1.19984
145,-2.51996,0.474131,-1.21619
145,-2.86748,-0.198586,-1.27391
145,-2.46397,0.710799,-1.14093
145,-2.47754,0.684188,-1.17326
145,-2.4448,0.770245,-1.20507
145,-2.48608,0.768729,-1.14002
145,-3.50089,0.750997,0.603234
145,-2.63771,0.452754,-1.25573
145,-2.61788,0.626272,-1.13185
145,-2.54656,0.802241,-1.19305
145,-2.6347,0.693352,-1.15912
145,-2.8228,0.416803,-1.17072
145,-2.7349,0.624499,-1.19697
145,-2.71195,0.986467,-1.19779
145,-2.30555,2.80633,-0.229861
145,-2.42502,2.56975,-0.276172
145,-3.44806,1.27963,0.206537
145,-2.5393,2.54225,-0.230612
145,-2.57813,2.51621,-0.212572
145,-2.75268,1.51254,-0.942484
145,-2.60634,2.54344,-0.211702
145,-3.31018,1.72952,0.205897
145,-3.16729,1.65209,-0.123491
145,-2.63465,2.56716,-0.18671
145,-2.43288,2.91015,-0.220529
145,-2.75459,1.59479,-0.952535
145,-2.81089,1.51249,-0.954886
145,-2.52776,2.70845,-0.290917
145,-2.68515,2.55163,-0.172222
145,-3.12562,1.74629,-0.203077
145,-3.66297,0.83334,-0.1596
145,-2.70461,2.60849,-0.184803
145,-3.47463,1.26875,-0.153535
145,-2.92935,2.38691,-0.026006
145,-3.2241,1.69165,-0.188121
145,-3.64732,1.35213,0.174709
145,-3.05204,2.10752,-0.140158
145,-2.92621,1.75835,-0.707303
145,-3.24544,1.67243,-0.238705
145,-3.50967,1.27967,-0.167578
145,-3.19686,1.65907,-0.350836
145,-3.06424,2.12724,-0.153464
145,-3.08346,2.075,-0.190111
145,-3.37173,2.38409,0.608373
145,-2.81818,2.56056,-0.202753
145,-3.44264,1.2626,-0.375019
145,-3.08191,2.83142,0.515802
145,-2.80017,2.68928,-0.144948
145,-3.14881,2.87704,0.642687
145,-2.71291,2.845,-0.158133
145,-3.29514,1.69644,-0.255417
145,-3.78424,0.888111,-0.19093
145,-2.87922,2.44166,-0.27979
145,-3.87203,1.39892,0.440421
145,-2.88594,2.4445,-0.292052
145,-3.22828,1.73353,-0.399142
145,-3.24227,1.2111,-0.884874
145,-3.50678,1.2354,-0.422175
145,-3.12738,1.67033,-0.664333
145,-3.27117,1.7207,-0.390899
145,-3.51973,1.30277,-0.39894
145,-2.88747,2.63449,-0.223843
145,-2.872,2.01413,-0.876183
145,-2.77883,2.90574,-0.194994
145,-2.87411,2.76844,-0.162839
145,-4.12484,0.38023,-0.309313
145,-2.83151,2.85521,-0.174255
145,-3.02805,2.14778,-0.529127
145,-3.08744,2.18397,-0.393348
145,-3.13678,1.71471,-0.793994
145,-3.09583,2.23872,-0.415299
145,-3.44407,1.31471,-0.720701
145,-3.10728,2.16286,-0.492759
145,-3.25107,1.44656,-0.945365
145,-3.03849,2.07472,-0.719366
145,-2.84943,2.97486,-0.192424
145,-2.98748,2.83917,-0.0912566
145,-2.89821,2.95188,-0.151076
145,-3.65136,1.29473,-0.454056
145,-3.75354,1.28301,-0.306186
145,-3.33666,1.76111,-0.577007
145,-3.07066,2.09914,-0.732894
145,-3.18663,2.90035,0.222225
145,-3.34434,1.76585,-0.650288
145,-2.81547,2.34582,-1.04264
145,-3.25362,1.64244,-0.986359
145,-3.44601,1.30851,-1.00795
145,-3.19024,2.09984,-0.695899
145,-3.29123,1.64933,-1.01078
145,-4.0118,0.916635,-0.50759
145,-3.06217,2.15936,-0.966387
145,-3.37232,1.6988,-0.896444
145,-3.08393,2.17995,-0.97605
145,-3.68926,1.29959,-0.802815
145,-3.70766,1.37375,-0.699136
145,-3.68325,1.29573,-0.819357
145,-3.34881,1.69071,-1.02667
145,-4.24945,1.57059,0.394825
145,-3.30574,2.12801,-0.781004
145,-3.7297,1.3338,-0.823617
145,-4.3745,0.265909,-1.42979
145,-2.45541,0.594851,-1.19433
143,-2.45541,0.594851,-1.19433
145,-3.7114,0.789972,0.0840793
143,-3.7114,0.789972,0.0840793
145,-3.222,2.09258,-1.3646
144,-3.222,2.09258,-1.3646
145,-1.51413,1.74034,0.0111574
144,-1.51413,1.74034,0.0111574
145,-3.55956,0.847878,-0.216703
144,-3.55956,0.847878,-0.216703
145,-3.43904,1.43048,-0.848119
141,-3.43904,1.43048,-0.848119
145,-3.82049,0.806799,-0.4409
141,-3.82049,0.806799,-0.4409
145,-3.58299,1.34779,-0.0624952
141,-3.58299,1.34779,-0.0624952
145,-3.19412,2.64652,-0.131258
130,-3.19412,2.64652,-0.131258
146,0.0460623,-0.107585,0.797007
146,-1.42019,0.357246,-1.08495
146,-1.20918,0.830784,-1.02516
146,-1.42835,0.393584,-1.07149
146,-1.44991,0.350058,-1.16695
146,-1.13697,0.973752,-1.16678
146,-1.11813,1.9689,-0.283365
146,-1.67852,0.430709,-0.896057
146,-1.22144,1.98719,-0.231744
146,-1.1594,2.10534,-0.226721
146,-1.62346,0.325553,-1.18586
146,-1.66715,0.504947,-1.07961
146,-1.34221,2.37285,0.165633
146,-1.33678,1.19791,-1.0539
146,-1.30866,2.11903,-0.193412
146,-1.51014,0.836345,-1.14687
146,-1.09141,1.75811,-0.992921
146,-1.78204,0.52426,-1.05044
146,-1.46557,1.05766,-1.10591
146,-1.49441,1.05704,-1.08526
146,-1.00359,2.02198,-1.09749
146,-1.41214,1.26647,-1.15562
146,-1.06632,2.22172,-0.902834
146,-1.45787,2.57426,0.0510635
146,-1.45724,1.35184,-1.22573
146,-2.97156,0.657722,0.704433
146,-2.03937,0.684389,-1.17305
146,-1.75688,2.22247,-0.236945
146,-2.04256,0.751881,-1.20167
146,-1.87985,1.10286,-1.16706
146,-2.09841,0.746737,-1.16115
146,-1.99397,0.910157,-1.19516
146,-2.01687,0.908885,-1.16917
146,-2.0562,0.882439,-1.19925
146,-2.13635,0.837719,-1.20801
146,-2.24836,0.751475,-1.16698
146,-1.95769,2.30323,-0.232061
146,-2.27347,0.811196,-1.20041
146,-2.43234,0.589416,-1.17394
146,-2.30931,0.825833,-1.25145
146,-2.38979,0.757353,-1.19342
146,-1.98135,0.830316,-1.87236
146,-2.46094,0.644394,-1.19684
146,-2.4725,0.746829,-1.08014
146,-2.41642,0.757194,-1.19285
146,-2.51519,0.692746,-1.08645
146,-2.72186,1.11348,-0.299956
146,-2.52093,0.575623,-1.20904
146,-2.06542,2.49819,-0.233243
146,-2.50964,0.794566,-1.15672
146,-2.49078,0.791096,-1.2584
146,-2.56402,0.808702,-1.1356
146,-2.55234,0.799562,-1.19921
146,-3.39497,0.693985,0.0106391
146,-2.83212,1.13576,-0.719605
146,-2.77658,1.47509,-0.49996
146,-2.59698,1.54246,-0.812256
146,-2.58617,1.52583,-0.865597
146,-2.5727,1.57082,-0.869531
146,-2.30393,2.69633,-0.262711
146,-2.55663,1.78178,-0.724861
146,-2.50667,1.92043,-0.6854
146,-2.40636,2.53171,-0.263203
146,-2.77029,1.01322,-1.23845
146,-2.59531,1.89013,-0.73197
146,-2.7819,2.02412,-0.3031
146,-2.80439,1.99469,-0.304289
146,-3.52534,1.30787,0.22125
146,-2.86127,1.98005,-0.381884
146,-3.05871,1.21293,-0.797841
146,-2.96925,2.05646,-0.121209
146,-3.35321,1.26581,-0.233076
146,-2.68037,2.50658,-0.215476
146,-3.14013,1.63962,-0.311663
146,-2.56043,2.1267,-0.880834
146,-3.00828,2.08075,-0.139147
146,-3.00187,2.34974,0.105517
146,-2.78343,2.25654,-0.387587
146,-2.76711,2.52177,-0.195021
146,-2.63593,2.72201,-0.235968
146,-3.59318,1.30614,0.0610022
146,-3.23042,1.6647,-0.242562
146,-3.18827,1.67569,-0.333664
146,-2.71004,2.26906,-0.623027
146,-2.76574,2.52173,-0.270704
146,-2.51192,3.01118,-0.268472
146,-3.27489,1.45136,-0.442623
146,-2.62258,2.18334,-0.915
146,-2.81102,2.57916,-0.179592
146,-3.67356,1.37049,0.166906
146,-3.18854,1.72065,-0.394958
146,-3.16383,1.73448,-0.563119
146,-2.83174,2.05042,-0.85356
146,-3.28555,1.71914,-0.386147
146,-2.90523,2.72423,-0.0743635
146,-3.04102,2.11731,-0.437429
146,-3.30069,1.72801,-0.357008
146,-3.20582,1.68352,-0.587732
146,-3.57594,1.33161,-0.300454
146,-3.24678,1.71833,-0.526347
146,-3.17748,1.72614,-0.654452
146,-3.36846,1.75549,-0.288369
146,-3.17631,1.73191,-0.673128
146,-3.21878,1.75695,-0.583978
146,-3.17719,1.72585,-0.699235
146,-3.25356,1.69008,-0.599416
146,-3.39605,1.76315,-0.299461
146,-3.29707,1.69807,-0.552298
146,-3.26285,1.71066,-0.603826
146,-4.14528,0.397369,-0.324472
146,-3.55561,2.44786,0.627663
146,-3.61482,1.33014,-0.389108
146,-3.29854,1.66506,-0.651457
146,-3.31468,2.20459,-0.0897997
146,-3.63265,1.28506,-0.460825
146,-3.09885,2.03875,-0.694733
146,-3.45312,1.54031,-0.55044
146,-3.24632,1.63325,-0.841501
146,-2.88853,2.85888,-0.27668
146,-3.07351,2.09736,-0.72335
146,-3.35743,1.73832,-0.56826
146,-3.54557,1.30931,-0.655947
146,-3.31981,2.34904,-0.0459068
146,-3.31957,1.73554,-0.683777
146,-3.65981,1.34516,-0.467349
146,-3.55635,1.31171,-0.696577
146,-3.32729,1.71265,-0.746524
146,-2.90077,3.00485,-0.25266
146,-3.14976,2.92075,0.0970246
146,-3.57427,1.3171,-0.740598
146,-3.80325,1.409,-0.23797
146,-2.90196,3.05701,-0.233602
146,-3.06315,2.94347,-0.069639
146,-2.99151,2.11686,-1.03721
146,-2.9711,3.00849,-0.204411
146,-3.54263,1.6087,-0.566468
146,-2.84581,2.37891,-1.06336
146,-2.93034,3.06614,-0.245893
146,-3.42262,2.29732,-0.121044
146,-2.99793,3.05429,-0.151918
146,-3.04382,2.15783,-0.968744
146,-3.16073,2.9283,-0.0124772
146,-3.66933,1.35386,-0.691099
146,-3.46309,2.29446,-0.128308
146,-3.45687,1.75149,-0.730688
146,-3.31625,2.1347,-0.635828
146,-3.49106,1.75912,-0.711548
146,-3.87879,0.300536,-1.50572
146,-3.88646,1.43378,-0.514013
146,-3.80727,1.40742,-0.745511
146,-4.04964,1.39154,-0.396421
146,-3.74072,1.76672,-0.711947
146,-3.60345,2.3103,-0.901165
146,-3.93354,1.85804,-0.799637
146,-3.86601,1.86213,-0.9729
146,-3.66587,2.36143,-0.935383
146,-3.86019,1.79068,-1.42581
146,-4.27021,1.53139,-1.0384
146,-5.24714,1.64136,-1.95314
146,-3.0802,1.97819,-0.0688525
145,-3.0802,1.97819,-0.0688525
146,-2.6809,0.950976,-1.18797
145,-2.6809,0.950976,-1.18797
146,-3.5882,0.32293,0.317646
145,-3.5882,0.32293,0.317646
146,-3.43983,1.67419,-0.736188
143,-3.43983,1.67419,-0.736188
146,-3.22774,0.885228,-1.59424
143,-3.22774,0.885228,-1.59424
146,-3.38168,1.43206,-1.16778
144,-3.38168,1.43206,-1.16778
146,-3.10029,1.26847,-1.00703
144,-3.10029,1.26847,-1.00703
146,-3.3225,1.38677,-1.09373
142,-3.3225,1.38677,-1.09373
146,-3.41176,1.33371,-1.12442
142,-3.41176,1.33371,-1.12442
146,-3.7976,0.853,-1.05541
142,-3.7976,0.853,-1.05541
146,-3.6138,1.33022,-0.0245162
141,-3.6138,1.33022,-0.0245162
146,-3.07687,2.22916,-0.858565
125,-3.07687,2.22916,-0.858565
147,-1.29303,0.907579,-1.14315
147,-1.15626,2.13552,-0.244137
147,-1.00966,2.23983,-0.516467
147,-1.47352,0.842829,-1.13615
147,-1.43307,1.02767,-1.04172
147,-1.0816,1.76859,-0.977338
147,-1.07754,1.75781,-0.998432
147,-0.896671,2.02983,-1.06443
147,-0.916275,2.02698,-1.08734
147,-1.46748,2.06158,-0.206359
147,-1.54768,2.02099,-0.4085
147,-2.02664,0.634212,-1.15636
147,-2.05743,0.636252,-1.17094
147,-1.87638,0.956979,-1.21549
147,-1.684,2.2738,-0.22473
147,-2.06086,0.709007,-1.20885
147,-2.03921,0.748469,-1.20935
147,-2.06236,0.71318,-1.20408
147,-2.03598,0.759248,-1.22621
147,-2.11178,0.677031,-1.17913
147,-2.11728,0.685568,-1.18233
147,-1.73475,2.35171,-0.215781
147,-1.78726,2.27102,-0.252986
147,-1.86944,2.38886,-0.202652
147,-2.22919,0.805749,-1.1901
147,-2.27892,0.785756,-1.19123
147,-1.97248,2.46943,-0.204191
147,-2.77045,0.203253,-1.14655
147,-2.48127,0.712154,-1.17226
147,-2.51848,0.710124,-1.15409
147,-2.15633,2.55879,-0.199153
147,-2.24277,2.47125,-0.256267
147,-2.01232,3.02739,-0.360457
147,-2.42861,2.53284,-0.240157
147,-2.22406,2.9417,-0.252495
147,-3.49682,1.30575,0.232836
147,-2.63446,2.58103,-0.227055
147,-3.10642,1.75897,-0.206984
147,-2.65339,2.61535,-0.203781
147,-3.38049,1.28804,-0.234869
147,-3.59122,1.33078,0.211384
147,-2.79319,1.74127,-0.923029
147,-2.72278,2.63257,-0.189076
147,-3.54659,1.86867,0.584918
147,-3.03642,2.38555,0.11557
147,-3.19261,1.70174,-0.340218
147,-2.96109,2.72229,0.243158
147,-3.27187,1.69223,-0.262012
147,-3.21586,1.74478,-0.330418
147,-3.13369,1.31326,-0.947128
147,-2.64475,2.22678,-0.936514
147,-3.29088,1.71569,-0.253681
147,-3.30079,1.4894,-0.482309
147,-3.25013,1.72597,-0.336248
147,-3.10375,2.26808,-0.0745255
147,-3.14769,1.74589,-0.568737
147,-2.86414,2.73553,-0.0878086
147,-3.45028,2.44224,0.696212
147,-3.22457,2.0924,-0.110588
147,-3.03446,2.16796,-0.401967
147,-3.08286,2.41334,-0.0539528
147,-2.74748,2.90412,-0.185693
147,-3.08473,2.42318,-0.058714
147,-2.90622,2.75481,-0.0594929
147,-3.1144,2.28053,-0.188395
147,-3.1587,2.47692,0.0941442
147,-3.28697,1.69539,-0.487843
147,-2.89609,2.96606,0.0959588
147,-2.91195,2.9302,0.0771575
147,-2.776,2.94158,-0.19941
147,-3.32282,2.37375,0.250205
147,-2.93768,2.78979,-0.0927297
147,-3.26101,1.73852,-0.623554
147,-3.20876,2.32262,-0.110946
147,-3.41281,1.81884,-0.408308
147,-3.30347,2.25297,-0.296895
147,-3.46542,1.66389,-0.909563
147,-3.71794,1.31698,-0.837146
147,-3.44525,1.58666,-1.19678
147,-3.49996,1.76718,-0.97175
147,-3.09454,1.99817,-0.0807401
145,-3.09454,1.99817,-0.0807401
147,-1.50432,2.31766,-0.234776
145,-1.50432,2.31766,-0.234776
147,-2.66088,0.350397,-1.11843
145,-2.66088,0.350397,-1.11843
147,-2.76293,0.805328,-1.28709
143,-2.76293,0.805328,-1.28709
147,-3.63462,1.28959,0.448237
143,-3.63462,1.28959,0.448237
147,-2.81094,0.692284,-1.5085
144,-2.81094,0.692284,-1.5085
147,-3.41305,1.8695,0.42033
144,-3.41305,1.8695,0.42033
147,-4.10464,0.409129,-0.339216
142,-4.10464,0.409129,-0.339216
147,-3.1358,2.64166,0.0354795
141,-3.1358,2.64166,0.0354795
148,-1.18565,1.99694,-0.216038
148,-1.33982,2.38161,0.396328
148,-1.40673,1.04661,-1.04144
148,-0.989873,2.33384,-0.497466
148,-1.48624,0.861121,-1.13616
148,-0.938772,2.04317,-0.967198
148,-0.951382,1.94839,-1.05001
148,-0.942646,1.9212,-1.11717
148,-1.08177,1.77717,-0.997793
148,-1.49846,0.875363,-1.15705
148,-1.0649,1.80586,-1.01671
148,-0.953047,2.05851,-0.983154
148,-1.9987,0.238905,-0.889114
148,-0.990778,2.14964,-0.834548
148,-0.975372,2.4259,-0.580041
148,-1.47316,1.08522,-1.07953
148,-1.42024,2.10847,-0.171729
148,-1.04782,2.50328,-0.505333
148,-0.944098,2.18116,-1.07283
148,-1.50422,2.06502,-0.191177
148,-1.79105,0.908385,-1.24608
148,-1.61669,2.29539,-0.193852
148,-1.67577,2.26299,-0.209972
148,-1.06718,2.51171,-1.16121
148,-2.03919,0.704623,-1.18541
148,-1.88387,0.976784,-1.23609
148,-2.11105,0.675522,-1.17946
148,-1.73612,2.25549,-0.232531
148,-1.94705,1.01351,-1.1746
148,-2.01126,0.938173,-1.16346
148,-2.00001,0.98232,-1.17236
148,-2.11012,0.769727,-1.19217
148,-2.03683,0.935634,-1.18306
148,-1.76471,2.37549,-0.199435
148,-2.09029,0.838924,-1.20484
148,-1.8469,2.43358,-0.212736
148,-1.82039,2.53177,-0.182763
148,-1.82097,2.53704,-0.179838
148,-2.57892,0.354118,-1.0468
148,-2.42251,0.628284,-1.17604
148,-1.98126,2.36757,-0.190905
148,-2.52946,0.622187,-1.17671
148,-2.463,0.804408,-1.13188
148,-2.68534,0.42828,-1.09878
148,-2.49527,0.897953,-1.07358
148,-2.86377,0.200696,-1.19548
148,-2.65268,0.594381,-1.21694
148,-2.61369,0.881737,-1.16714
148,-2.28403,2.46861,-0.220147
148,-2.34297,2.48791,-0.212967
148,-2.42213,2.50823,-0.21021
148,-2.73479,0.990638,-1.21844
148,-2.34891,2.67781,-0.217269
148,-2.37226,2.64155,-0.210406
148,-3.27488,1.35418,0.142765
148,-3.43625,1.82871,0.83513
148,-3.21403,1.73005,0.243634
148,-3.17247,1.74811,0.15768
148,-2.72424,1.59782,-0.93197
148,-3.24426,1.7239,0.22206
148,-2.51973,2.72531,-0.200776
148,-3.52419,1.32014,0.236014
148,-2.74914,1.68809,-0.914671
148,-2.68039,1.93399,-0.794545
148,-2.58455,2.68394,-0.190948
148,-2.72957,1.70277,-0.960043
148,-2.57836,2.70982,-0.215448
148,-2.7996,1.62924,-0.989758
148,-3.2019,1.70689,-0.126623
148,-2.91606,2.36055,-0.00963658
148,-3.0923,1.71675,-0.351996
148,-2.89451,2.10793,-0.340076
148,-2.36451,3.12822,-0.309257
148,-3.39594,1.30348,-0.230113
148,-3.60601,1.34624,0.191988
148,-2.77008,1.77829,-0.996086
148,-2.73795,2.66019,-0.120909
148,-3.02122,2.13455,-0.141768
148,-3.14341,1.27838,-0.837193
148,-3.15242,1.74717,-0.38267
148,-2.81903,2.7137,-0.0451474
148,-2.76449,1.86069,-1.08923
148,-3.08146,2.12341,-0.197232
148,-3.21165,1.72297,-0.377842
148,-3.10191,2.10977,-0.188711
148,-3.46464,1.29244,-0.364999
148,-2.775,2.58049,-0.349095
148,-2.85493,2.72973,-0.0535768
148,-3.46957,1.72199,0.0765519
148,-2.3294,3.44757,-0.341312
148,-2.82333,1.83872,-1.09167
148,-3.3616,2.39631,0.536876
148,-3.24969,1.81735,-0.314245
148,-2.88174,2.49036,-0.320423
148,-2.73803,2.90696,-0.174906
148,-2.74371,2.91733,-0.167773
148,-3.04276,1.9623,-0.653305
148,-2.75704,2.93522,-0.182422
148,-3.22753,1.72636,-0.554658
148,-3.03479,2.23384,-0.39234
148,-3.28959,1.2889,-0.90521
148,-3.24133,1.73408,-0.525134
148,-3.00724,2.17089,-0.533451
148,-3.2303,1.72544,-0.643542
148,-3.08255,2.21048,-0.418079
148,-3.26015,1.67499,-0.640835
148,-3.25737,1.73729,-0.592002
148,-3.04853,2.06431,-0.678317
148,-3.23852,1.72568,-0.672999
148,-3.05019,2.05088,-0.698016
148,-3.3722,1.59277,-0.577472
148,-3.24564,1.73207,-0.685479
148,-3.39909,2.38678,0.269955
148,-3.16199,2.05346,-0.573777
148,-3.53311,1.31938,-0.640274
148,-3.09441,2.86317,0.134249
148,-3.36362,1.76104,-0.53684
148,-3.08881,2.07849,-0.753778
148,-2.98452,2.15008,-0.928322
148,-3.25185,1.6758,-0.989704
148,-2.90506,3.05852,-0.20677
148,-3.38566,1.72503,-0.692959
148,-3.32184,1.70518,-0.891455
148,-3.37018,1.71044,-0.909123
148,-3.04271,2.18761,-1.06233
148,-3.56975,1.67758,-0.667553
148,-3.61333,1.74409,-0.967201
148,-4.38291,1.49414,-1.48054
148,-3.86239,1.49323,-1.21943
147,-3.86239,1.49323,-1.21943
148,-3.3537,1.76892,0.186432
147,-3.3537,1.76892,0.186432
148,-3.60492,1.54009,-0.652057
146,-3.60492,1.54009,-0.652057
148,-3.35916,2.17117,-0.805536
146,-3.35916,2.17117,-0.805536
148,-2.9386,2.92056,-0.039731
146,-2.9386,2.92056,-0.039731
148,-1.72578,2.0936,-1.33152
146,-1.72578,2.0936,-1.33152
148,-3.22352,3.00604,-0.0308062
146,-3.22352,3.00604,-0.0308062
148,-1.22898,2.56384,-0.769478
146,-1.22898,2.56384,-0.769478
148,-3.25168,2.29156,-0.714878
143,-3.25168,2.29156,-0.714878
148,-3.16503,2.27876,0.159786
142,-3.16503,2.27876,0.159786
148,-3.4781,1.82566,-0.0860631
141,-3.4781,1.82566,-0.0860631
148,-6.98428,3.47905,-2.42808
138,-6.98428,3.47905,-2.42808
149,-1.06939,1.95989,-0.239306
149,-1.11443,1.94041,-0.191687
149,-1.08824,2.1624,-0.269517
149,-1.10449,1.73555,-0.705173
149,-1.15872,2.14268,-0.223585
149,-1.3341,2.41277,0.395764
149,-1.34627,2.42955,0.389181
149,-1.32453,2.43492,0.267586
149,-1.02838,2.275,-0.509406
149,-1.28855,2.43944,0.183078
149,-1.48355,0.851309,-1.14194
149,-1.48459,0.848345,-1.14537
149,-1.08362,1.79351,-0.983085
149,-1.40301,2.17879,-0.181814
149,-1.39628,2.23541,-0.172949
149,-1.54096,2.10219,-0.202141
149,-1.60916,2.16474,-0.191381
149,-1.56706,2.2561,-0.17918
149,-1.95747,0.756682,-1.1746
149,-1.86967,0.955993,-1.23524
149,-1.15324,2.49714,-1.11334
149,-1.94744,0.99979,-1.18134
149,-1.35839,2.76585,-0.539862
149,-2.16346,0.797305,-1.20874
149,-2.14594,0.847778,-1.21533
149,-2.29066,0.784359,-1.19764
149,-2.31927,0.802671,-1.21079
149,-2.36107,0.748334,-1.20716
149,-2.38667,0.776273,-1.20606
149,-2.4631,0.784425,-1.16739
149,-2.70367,1.70071,-0.87826
149,-3.2514,1.74961,0.236751
149,-2.5543,2.6757,-0.20734
149,-3.281,1.74822,0.218615
149,-3.07258,1.67292,-0.335581
149,-3.09233,1.78492,-0.195112
149,-3.16977,1.70002,-0.133725
149,-3.10138,1.77886,-0.203384
149,-2.97456,1.66823,-0.611427
149,-3.01909,2.23407,0.085509
149,-2.72032,2.54,-0.190275
149,-3.12494,2.24953,0.307864
149,-2.62278,2.70763,-0.211463
149,-2.87111,2.13239,-0.34536
149,-2.74057,1.75819,-1.01126
149,-2.75995,1.76865,-1.00483
149,-3.19716,1.68492,-0.229485
149,-3.15484,1.68751,-0.312489
149,-2.72569,1.80362,-1.06847
149,-3.61565,1.36007,0.17654
149,-2.66443,2.78257,-0.214353
149,-3.08318,1.67109,-0.574888
149,-2.74252,1.84918,-1.06962
149,-2.73942,2.77002,-0.0841449
149,-2.71903,2.69309,-0.211516
149,-3.08345,1.72749,-0.550331
149,-2.87275,2.70571,0.0666727
149,-3.26558,1.72,-0.249958
149,-3.13085,1.73358,-0.515189
149,-3.19691,1.67697,-0.464787
149,-3.52504,1.32897,-0.18907
149,-2.78732,2.73506,-0.154317
149,-3.29473,1.72966,-0.257999
149,-3.16484,1.68395,-0.57831
149,-2.71255,2.89464,-0.193145
149,-2.72355,2.90258,-0.180707
149,-3.48692,1.30449,-0.387227
149,-2.86319,2.75317,-0.0801886
149,-3.57491,1.32973,-0.192131
149,-2.71558,2.31712,-0.98837
149,-3.16188,2.06214,-0.404755
149,-2.85023,2.94712,-0.108411
149,-3.19019,2.07794,-0.411565
149,-2.75365,2.35207,-1.03019
149,-3.1083,2.23963,-0.583818
149,-2.94741,2.18664,-0.976415
149,-2.99637,2.15028,-0.972329
149,-3.79539,1.28472,-0.317356
149,-3.21796,2.91522,0.226355
149,-3.04908,2.20084,-0.968741
149,-2.31913,1.11215,-1.42633
148,-2.31913,1.11215,-1.42633
149,-3.57675,1.80586,-0.995487
147,-3.57675,1.80586,-0.995487
149,-3.58824,2.59434,-0.315047
147,-3.58824,2.59434,-0.315047
149,-1.41147,2.67212,0.10022
147,-1.41147,2.67212,0.10022
149,-3.96534,1.46219,-0.0296857
147,-3.96534,1.46219,-0.0296857
149,-3.19044,2.68722,-0.868949
146,-3.19044,2.68722,-0.868949
149,-3.2302,2.09008,-0.109219
146,-3.2302,2.09008,-0.109219
149,-1.54179,2.64205,0.273481
146,-1.54179,2.64205,0.273481
149,-2.22501,0.645988,-1.37329
146,-2.22501,0.645988,-1.37329
149,-3.20461,2.27824,-1.12373
144,-3.20461,2.27824,-1.12373
149,-3.43984,1.70897,-1.16774
144,-3.43984,1.70897,-1.16774
149,-3.7034,1.38039,0.192815
138,-3.7034,1.38039,0.192815
150,-1.06512,2.38771,0.481021
150,-1.04643,1.93552,-0.245401
150,-1.05558,1.95169,-0.234763
150,-1.09176,1.99377,-0.228236
150,-1.13903,1.95638,-0.215149
150,-1.12133,2.01898,-0.231809
150,-1.02692,2.30548,-0.534678
150,-0.932105,1.86931,-1.24119
150,-1.0144,2.3351,-0.585493
150,-1.08745,1.80098,-1.0299
150,-1.0211,2.42138,-0.561709
150,-1.37588,1.28394,-1.12636
150,-0.981561,2.06211,-1.12906
150,-0.996621,2.51505,-0.615971
150,-1.47643,1.11957,-1.17163
150,-1.49431,1.12871,-1.13034
150,-1.39514,1.305,-1.16382
150,-1.46938,2.12381,-0.216828
150,-1.68616,0.879944,-1.1939
150,-1.60363,2.2285,-0.206818
150,-1.84907,0.972931,-1.21288
150,-2.00454,1.00427,-1.19467
150,-2.10806,0.788258,-1.21893
150,-1.98528,1.04056,-1.22451
150,-2.59014,0.388802,-1.0967
150,-2.46471,0.791507,-1.11486
150,-2.56609,0.895958,-1.16905
150,-3.35279,1.30837,0.198952
150,-2.12219,3.22671,-0.29597
150,-2.89191,1.6518,-0.585998
150,-3.27468,1.77483,0.208633
150,-3.18165,2.47473,0.735304
150,-3.05067,1.72074,-0.354012
150,-2.94654,1.69176,-0.620336
150,-2.43137,2.98,-0.29702
150,-2.68754,2.54837,-0.260802
150,-2.98174,1.68336,-0.630672
150,-2.6805,2.67438,-0.228122
150,-3.54305,1.31912,0.0564775
150,-2.64814,2.77177,-0.209654
150,-2.75361,2.61682,-0.177835
150,-2.7304,2.59805,-0.246748
150,-3.14079,1.72035,-0.373973
150,-3.15761,2.29802,0.282597
150,-3.15801,1.72888,-0.340781
150,-3.14251,1.26089,-0.891695
150,-2.65578,2.79273,-0.236111
150,-2.92066,2.20011,-0.37975
150,-3.11489,1.6953,-0.58
150,-2.83993,2.46987,-0.30589
150,-2.81779,1.84211,-1.06266
150,-3.07105,2.13947,-0.230662
150,-2.83367,2.73711,-0.0729617
150,-3.22148,1.73859,-0.391133
150,-3.11712,2.25877,-0.0690202
150,-3.47019,1.32269,-0.36831
150,-2.86172,2.75782,-0.0673942
150,-3.56241,1.34884,-0.200516
150,-2.72592,2.93104,-0.205994
150,-3.4832,1.32377,-0.411609
150,-3.174,1.72944,-0.603905
150,-2.88063,2.75717,-0.0931802
150,-2.74771,2.94741,-0.225674
150,-3.00474,2.18756,-0.54483
150,-3.19531,2.09745,-0.358349
150,-3.0898,2.24342,-0.434766
150,-3.14626,1.78027,-0.827336
150,-2.83487,3.03171,-0.213883
150,-3.4564,1.6349,-0.613169
150,-3.47257,1.64031,-0.636603
150,-3.20818,2.93166,0.214518
150,-3.03064,2.1932,-1.07746
150,-3.71994,1.38507,-0.746395
150,-3.31895,2.15333,-0.798053
150,-3.80294,1.34008,-0.71641
150,-3.51106,1.69633,-0.944958
150,-3.35092,2.17422,-0.797045
150,-3.36978,2.25617,-0.906765
148,-3.36978,2.25617,-0.906765
150,-3.15051,3.11178,-0.119183
148,-3.15051,3.11178,-0.119183
150,-3.40164,3.63139,-0.614002
148,-3.40164,3.63139,-0.614002
150,-3.72881,1.97217,0.563402
148,-3.72881,1.97217,0.563402
150,-0.913708,2.49816,-1.30139
148,-0.913708,2.49816,-1.30139
150,-2.22012,2.9961,-0.394567
148,-2.22012,2.9961,-0.394567
150,-1.48202,2.75074,0.590809
148,-1.48202,2.75074,0.590809
150,-1.87252,2.61074,-0.228875
148,-1.87252,2.61074,-0.228875
150,-2.68921,3.28218,-0.364861
148,-2.68921,3.28218,-0.364861
150,-3.34951,2.42955,-1.09178
146,-3.34951,2.42955,-1.09178
150,-3.19649,2.33615,-0.944556
146,-3.19649,2.33615,-0.944556
150,-3.69764,1.34845,0.0794142
146,-3.69764,1.34845,0.0794142
150,-3.63174,1.43086,0.139462
146,-3.63174,1.43086,0.139462
150,-3.63476,1.37059,-0.736099
143,-3.63476,1.37059,-0.736099
150,-3.17107,2.62632,-0.1461
144,-3.17107,2.62632,-0.1461
150,-2.88074,0.382117,-1.30589
144,-2.88074,0.382117,-1.30589
150,-2.6768,0.692804,-1.30114
142,-2.6768,0.692804,-1.30114
150,-3.51545,1.74771,-1.22018
130,-3.51545,1.74771,-1.22018
150,-3.27291,2.38304,-1.01637
134,-3.27291,2.38304,-1.01637
151,-1.06946,2.40918,0.443512
151,-1.04736,2.45546,0.428672
151,-1.10713,2.39396,0.423447
151,-1.04616,2.1307,-0.230623
151,-1.08934,2.07891,-0.201943
151,-1.14702,1.98295,-0.215722
151,-1.10713,2.11007,-0.208903
151,-1.31201,1.26682,-1.07507
151,-1.03989,2.29271,-0.53246
151,-1.01171,2.34634,-0.572181
151,-1.04019,2.30413,-0.576354
151,-1.02469,2.43548,-0.560489
151,-1.11447,1.85439,-1.03988
151,-1.02763,2.00868,-1.07112
151,-0.990401,2.09562,-1.07575
151,-0.959223,2.15032,-1.09195
151,-1.01094,2.53621,-0.599782
151,-1.08228,1.94475,-1.1078
151,-0.961749,2.13262,-1.17257
151,-1.25114,2.45981,-0.257986
151,-0.971062,2.13827,-1.17443
151,-1.33431,2.40156,-0.177928
151,-0.757317,2.55943,-1.17955
151,-1.4545,2.17097,-0.191319
151,-1.35626,2.36983,-0.220323
151,-0.783891,2.61317,-1.15036
151,-0.828948,2.54075,-1.18124
151,-1.2025,2.53067,-0.436972
151,-0.883615,2.52101,-1.16787
151,-1.46066,2.38324,-0.19036
151,-1.94317,0.716222,-1.1342
151,-1.26061,2.62324,-0.490293
151,-1.62858,2.20726,-0.212703
151,-1.59336,2.31728,-0.203431
151,-1.67132,2.23264,-0.226502
151,-1.91921,0.912668,-1.19469
151,-1.70794,2.25749,-0.233928
151,-2.05091,0.777318,-1.16907
151,-2.0894,0.873011,-1.22813
151,-2.02038,1.05121,-1.24141
151,-2.07846,0.978953,-1.23497
151,-1.73162,2.62803,-0.233692
151,-2.26402,1.81406,-0.143226
151,-1.82876,2.78113,-0.0765164
151,-2.30434,1.47627,-0.749667
151,-2.56041,0.732251,-1.11833
151,-2.52333,0.875155,-1.12642
151,-2.42908,1.63848,-0.829847
151,-2.73858,0.704023,-1.24637
151,-2.43023,1.66515,-0.847315
151,-2.46241,1.6579,-0.864614
151,-2.5127,1.7175,-0.884248
151,-2.85977,1.19181,-0.755799
151,-2.83997,2.3827,0.361141
151,-2.91897,1.66746,-0.313916
151,-2.96291,1.75791,-0.18317
151,-2.59313,1.75474,-0.977722
151,-2.61609,1.76596,-0.957465
151,-2.59133,1.80394,-1.00453
151,-3.10367,1.70424,-0.100824
151,-2.78383,2.12929,-0.33082
151,-3.10592,1.7042,-0.144954
151,-2.81089,2.10328,-0.334918
151,-3.2505,1.7631,0.190959
151,-2.66899,2.52393,-0.182332
151,-2.61612,2.62479,-0.192919
151,-2.93019,2.11821,-0.127619
151,-3.1553,1.72557,-0.117341
151,-2.69978,2.56043,-0.190904
151,-3.10009,1.69781,-0.321237
151,-2.61293,2.73278,-0.226035
151,-2.801,2.02285,-0.627314
151,-2.66871,2.67908,-0.217923
151,-3.20559,1.74297,-0.135795
151,-1.86294,3.63445,-0.966497
151,-2.70157,2.83944,-0.220245
151,-3.17548,1.79243,-0.404848
151,-3.11962,1.78265,-0.569009
151,-1.72061,3.91015,-1.16371
151,-3.24345,1.77001,-0.404035
151,-3.13024,2.15969,-0.218053
151,-3.09258,2.29532,-0.176384
151,-3.13267,2.18255,-0.249043
151,-3.21918,1.75604,-0.579272
151,-2.90428,2.80257,-0.0957953
151,-3.05365,2.84248,0.230559
151,-3.21727,1.75453,-0.612495
151,-2.98507,2.11993,-0.714603
151,-2.99198,2.1258,-0.715916
151,-3.58213,1.3498,-0.389541
151,-2.96348,2.8434,-0.105275
151,-3.00496,2.86458,-0.111217
151,-3.71682,1.40025,-0.245912
151,-3.2546,2.39019,-0.123187
151,-3.37399,1.74661,-0.696322
151,-3.79138,1.41286,-0.267605
151,-3.03465,2.21923,-0.973375
151,-2.93892,3.10448,-0.269608
151,-3.41179,2.41647,-0.0587939
151,-3.03963,3.0931,-0.254858
151,-3.61151,1.84102,-1.00942
151,-2.90547,3.72035,-0.564854
151,-3.8024,1.77401,-1.03907
151,-3.28408,2.36188,-0.67123
149,-3.28408,2.36188,-0.67123
151,-3.26044,2.72023,-1.31121
149,-3.26044,2.72023,-1.31121
151,-2.175,0.718035,-1.23411
149,-2.175,0.718035,-1.23411
151,-3.72382,2.03929,0.421644
149,-3.72382,2.03929,0.421644
151,-1.14863,2.53167,-1.14565
149,-1.14863,2.53167,-1.14565
151,-3.37851,2.04411,-1.36115
146,-3.37851,2.04411,-1.36115
151,-3.67177,1.42,-0.334536
146,-3.67177,1.42,-0.334536
151,-3.10321,2.90419,0.105016
146,-3.10321,2.90419,0.105016
151,-3.41247,1.73411,-0.682655
146,-3.41247,1.73411,-0.682655
151,-3.44548,2.39156,0.626551
146,-3.44548,2.39156,0.626551
151,-3.42884,1.9666,-1.35829
141,-3.42884,1.9666,-1.35829
151,-3.54077,1.61687,-1.13648
141,-3.54077,1.61687,-1.13648
151,-3.40073,2.22459,-0.170153
141,-3.40073,2.22459,-0.170153
152,-0.94653,2.34176,0.6633
152,-1.20361,2.40308,0.716115
152,-1.17788,2.48352,0.732246
152,-0.965646,2.06618,-0.203221
152,-1.19855,2.41719,0.645815
152,-1.09929,1.91436,-0.186394
152,-1.08987,1.96176,-0.179022
152,-1.04802,2.06524,-0.175574
152,-1.02969,2.1379,-0.210575
152,-1.11416,1.98483,-0.203102
152,-1.24994,2.32849,0.0693499
152,-0.952519,2.36221,-0.58786
152,-1.36214,2.08823,-0.192657
152,-1.3882,2.08019,-0.171611
152,-1.4168,2.09337,-0.17464
152,-1.41083,2.10112,-0.189467
152,-1.41684,2.10755,-0.180544
152,-1.48738,1.14658,-1.1175
152,-1.46467,2.08217,-0.193817
152,-1.3998,1.32337,-1.17154
152,-1.49921,2.12971,-0.19042
152,-1.68118,0.901357,-1.18709
152,-1.51314,2.13503,-0.196102
152,-1.56039,2.22545,-0.186642
152,-1.58033,2.18879,-0.192096
152,-1.55624,2.30947,-0.184494
152,-1.96141,1.0089,-1.16617
152,-1.80471,2.60201,-0.20995
152,-2.61312,1.6283,-0.920889
152,-2.66365,1.66835,-0.932558
152,-2.67076,1.6599,-0.934085
152,-2.53782,2.69086,-0.188172
152,-2.57975,2.60174,-0.202644
152,-2.36404,2.97872,-0.28201
152,-2.60351,2.64693,-0.18734
152,-2.67335,2.55285,-0.181104
152,-2.66596,1.8058,-1.02163
152,-2.6635,1.8647,-1.03278
152,-2.6958,1.85909,-0.98553
152,-3.08036,2.28316,0.278756
152,-3.00005,2.50635,0.352041
152,-3.10808,2.27598,0.311042
152,-2.70874,2.61521,-0.209953
152,-2.61663,2.79719,-0.204713
152,-3.19658,1.75724,-0.128176
152,-3.56423,1.36445,0.202189
152,-2.99362,2.42304,0.123358
152,-2.91126,2.74112,0.248112
152,-3.37817,1.71283,0.0988166
152,-2.92293,2.1298,-0.422354
152,-2.76634,2.62448,-0.224841
152,-2.8107,2.49279,-0.289416
152,-2.79931,2.738,-0.0459576
152,-2.78679,2.75322,-0.0595411
152,-2.7807,1.90637,-1.04052
152,-2.7606,2.76417,-0.159368
152,-3.19727,1.75368,-0.35574
152,-2.82669,2.50634,-0.310572
152,-2.83446,2.90694,0.101294
152,-2.8364,2.76863,-0.0735153
152,-2.83138,2.95802,0.12144
152,-3.13063,2.29888,0.0208125
152,-2.70512,2.93945,-0.19391
152,-3.13948,2.27879,-0.00466716
152,-2.97315,2.20022,-0.530925
152,-3.03404,2.23025,-0.418231
152,-3.19701,2.30396,-0.0122698
152,-3.05725,2.304,-0.417089
152,-3.49248,2.42333,0.628723
152,-2.8072,3.45296,-0.389877
152,-3.33103,1.61183,-0.581672
151,-3.33103,1.61183,-0.581672
152,-3.23784,1.69367,-0.851312
151,-3.23784,1.69367,-0.851312
152,-1.26109,2.43283,0.451482
151,-1.26109,2.43283,0.451482
152,-0.923993,2.14545,0.208474
151,-0.923993,2.14545,0.208474
152,-2.93154,1.65294,-0.278122
151,-2.93154,1.65294,-0.278122
152,-1.16451,2.44626,0.651608
151,-1.16451,2.44626,0.651608
152,-1.39125,2.82257,0.641276
150,-1.39125,2.82257,0.641276
152,-1.25602,2.60124,0.499897
150,-1.25602,2.60124,0.499897
152,-2.42162,0.906563,-1.35501
150,-2.42162,0.906563,-1.35501
152,-1.44125,2.5923,0.371605
150,-1.44125,2.5923,0.371605
152,-2.09237,1.0364,-1.26792
149,-2.09237,1.0364,-1.26792
152,-3.21416,2.64081,-0.570028
146,-3.21416,2.64081,-0.570028
152,-3.7686,1.36881,0.453677
143,-3.7686,1.36881,0.453677
152,-3.38269,2.31735,-0.297216
143,-3.38269,2.31735,-0.297216
153,-1.09819,2.4752,0.501287
153,-1.11901,2.48817,0.4982
153,-1.16073,2.42836,0.511761
153,-1.47718,1.46562,0.0977169
153,-1.11404,2.56767,0.482048
153,-1.11065,1.97276,-0.226884
153,-1.1352,2.02885,-0.29102
153,-1.26048,2.42235,0.321138
153,-1.28279,2.39779,0.334376
153,-1.01811,2.26073,-0.448917
153,-1.02998,2.25662,-0.523593
153,-1.01359,2.26297,-0.557289
153,-1.2021,2.28591,-0.170069
153,-1.7456,1.26047,-0.155375
153,-1.76028,1.26587,-0.146301
153,-1.45626,1.13783,-1.08768
153,-1.46748,1.1265,-1.14685
153,-1.14701,2.40174,-0.497669
153,-1.23079,2.41863,-0.295307
153,-1.16557,2.43716,-0.517841
153,-1.79551,1.54777,-0.19478
153,-1.83728,1.65358,-0.0204336
153,-1.4643,2.23444,-0.222317
153,-1.81762,1.55904,-0.220146
153,-1.49723,2.19016,-0.220887
153,-1.49851,2.197,-0.229849
153,-1.24129,2.6007,-0.362605
153,-1.24234,2.54974,-0.455596
153,-1.4322,2.59533,-0.101484
153,-1.36804,2.53065,-0.371086
153,-1.82122,1.60564,-0.456021
153,-1.43168,2.57906,-0.215769
153,-1.61427,2.19707,-0.255129
153,-2.45361,1.50245,0.785471
153,-2.15502,1.45797,0.0324593
153,-1.54921,2.398,-0.259652
153,-1.65383,2.28018,-0.238762
153,-1.63309,2.34833,-0.240197
153,-1.94725,2.05719,0.0267337
153,-1.57711,2.73791,-0.263199
153,-1.46369,2.76176,-0.675338
153,-2.35842,1.44852,-0.305287
153,-2.29564,2.30612,-0.0839675
153,-2.36631,2.34902,-0.0990372
153,-2.82253,1.62123,-0.230109
153,-2.47868,2.43792,-0.105684
153,-2.50015,2.46086,-0.114904
153,-2.64761,2.52875,-0.184682
153,-2.69261,2.39775,-0.258329
153,-2.6845,2.56116,-0.194478
153,-1.68637,4.02191,-1.29636
153,-3.74474,1.41253,0.133041
153,-3.79015,2.62546,0.15735
153,-5.14256,1.73772,0.812459
153,-3.67332,3.67438,-0.521202
153,-3.76815,3.75616,-0.537502
153,-4.56599,4.20498,-0.687222
153,-4.8413,4.61239,-0.834245
153,-3.30999,2.65198,-1.11532
151,-3.30999,2.65198,-1.11532
153,-2.98698,2.19034,-0.410582
151,-2.98698,2.19034,-0.410582
153,-1.85659,4.11534,-1.28522
151,-1.85659,4.11534,-1.28522
153,-3.35414,2.72227,-0.154104
151,-3.35414,2.72227,-0.154104
153,-3.22412,2.31846,-0.482449
152,-3.22412,2.31846,-0.482449
153,-2.79176,2.75921,-0.183538
152,-2.79176,2.75921,-0.183538
153,-3.00458,2.19605,-0.556127
152,-3.00458,2.19605,-0.556127
153,-1.09483,2.34175,-0.979293
152,-1.09483,2.34175,-0.979293
153,-2.11783,3.10546,-0.192727
152,-2.11783,3.10546,-0.192727
153,-2.86526,2.90129,0.0776047
152,-2.86526,2.90129,0.0776047
153,-3.16219,2.67078,-0.871027
149,-3.16219,2.67078,-0.871027
153,-3.49818,2.24381,-0.40194
149,-3.49818,2.24381,-0.40194
153,-3.48357,1.86049,0.160275
142,-3.48357,1.86049,0.160275
153,-3.45268,1.81101,-0.592012
144,-3.45268,1.81101,-0.592012
153,-3.25604,2.2984,-0.557974
144,-3.25604,2.2984,-0.557974
153,-3.55912,1.84557,0.0664681
141,-3.55912,1.84557,0.0664681
153,-3.31673,2.25427,-0.281162
130,-3.31673,2.25427,-0.281162
154,-1.00127,2.38432,0.594608
154,-1.00354,2.43348,0.42905
154,-1.03561,1.95208,-0.200191
154,-1.0544,1.96577,-0.194281
154,-0.987735,2.09479,-0.205505
154,-1.07003,1.9559,-0.189955
154,-0.99063,2.0979,-0.22358
154,-1.08364,1.96196,-0.189516
154,-1.0838,1.97149,-0.200643
154,-1.04425,2.10197,-0.197785
154,-1.11959,1.96885,-0.212804
154,-1.04787,2.14855,-0.255086
154,-1.01169,2.29626,-0.406387
154,-1.22973,2.40846,0.157807
154,-1.22494,2.40953,0.131321
154,-1.12652,2.28701,-0.231957
154,-1.27132,2.39054,0.17646
154,-1.03918,2.31527,-0.42503
154,-1.02508,2.26723,-0.515338
154,-1.33497,2.45851,0.308543
154,-0.966373,2.35486,-0.598637
154,-1.01248,2.34187,-0.518189
154,-0.992149,2.38559,-0.541539
154,-1.04079,1.84472,-1.02738
154,-1.15668,2.33771,-0.264886
154,-1.04368,1.86425,-1.03726
154,-1.02623,2.36311,-0.539488
154,-1.03585,2.41769,-0.493746
154,-1.36194,2.07403,-0.195916
154,-1.2303,2.38343,-0.156801
154,-1.01106,2.01673,-1.08571
154,-1.39265,2.09533,-0.18987
154,-1.4618,1.17325,-1.0954
154,-1.37983,1.29948,-1.14342
154,-1.3895,2.15704,-0.201302
154,-1.42783,2.12177,-0.199721
154,-1.32915,2.36696,-0.191792
154,-1.39958,2.23287,-0.192909
154,-1.46552,2.10326,-0.192066
154,-1.05005,2.2254,-0.957256
154,-1.44179,2.18207,-0.194977
154,-1.42151,2.2291,-0.194421
154,-1.40157,2.27934,-0.190175
154,-1.39797,2.28235,-0.195398
154,-1.4224,2.26285,-0.190672
154,-1.45328,2.0188,-0.394476
154,-1.41565,2.30918,-0.195033
154,-1.38045,2.40501,-0.211692
154,-1.4898,2.21089,-0.20972
154,-1.54727,2.20223,-0.21136
154,-1.51448,2.32365,-0.205442
154,-1.47968,2.40556,-0.194381
154,-1.5593,2.2383,-0.209418
154,-1.57465,2.2174,-0.211977
154,-1.5482,2.33937,-0.210326
154,-1.591,2.26198,-0.214696
154,-1.61231,2.23412,-0.218388
154,-1.60431,2.26477,-0.205256
154,-1.98184,1.02603,-1.18637
154,-2.14428,2.54625,-0.20721
154,-3.08985,2.28034,0.862704
154,-2.58749,2.53735,-0.240727
154,-2.58233,2.60951,-0.223624
154,-2.55765,2.85604,-0.180245
154,-2.6275,2.80317,-0.213553
154,-3.54999,1.38188,0.177294
154,-2.69724,2.75802,-0.188825
154,-2.76991,2.64549,-0.230216
154,-2.72819,2.84541,-0.104951
154,-2.73315,2.77932,-0.201988
154,-3.17496,1.75728,-0.365189
154,-2.97409,2.23009,-0.401018
154,-2.97376,2.19078,-0.455911
154,-2.69523,2.9541,-0.2284
154,-2.41378,3.24954,-0.530841
154,-2.78758,2.87999,-0.129992
154,-2.8511,2.93858,0.0687452
154,-2.99497,2.81299,0.229767
154,-2.86827,2.79041,-0.0758967
154,-2.71758,2.98264,-0.225135
154,-2.71405,2.98407,-0.235742
154,-2.87898,2.94113,0.068001
154,-2.82865,2.83879,-0.183052
154,-2.9818,2.2369,-0.549401
154,-2.85251,2.9968,-0.121546
154,-2.86344,2.98127,-0.161139
154,-3.24942,1.78913,-0.629989
154,-2.87806,2.99874,-0.171319
154,-2.48485,3.42547,-0.568838
154,-3.03248,2.18247,-0.744229
154,-3.16155,2.91091,0.210034
154,-2.67694,3.33712,-0.524575
154,-3.35293,2.167,-0.810386
154,-3.62061,1.91895,-0.325243
153,-3.62061,1.91895,-0.325243
154,-2.91804,2.51204,-1.13877
153,-2.91804,2.51204,-1.13877
154,-1.06963,2.00515,-0.237671
153,-1.06963,2.00515,-0.237671
154,-1.31433,2.58939,0.469316
153,-1.31433,2.58939,0.469316
154,-1.10883,2.41235,0.353237
153,-1.10883,2.41235,0.353237
154,-3.06447,2.43387,-1.02823
152,-3.06447,2.43387,-1.02823
154,-3.7023,1.85103,-1.07055
152,-3.7023,1.85103,-1.07055
154,-1.09531,2.45953,0.563644
152,-1.09531,2.45953,0.563644
154,-1.5054,2.66737,-0.118598
152,-1.5054,2.66737,-0.118598
154,-3.12136,2.95448,-0.147468
152,-3.12136,2.95448,-0.147468
154,-3.84036,2.67419,-1.42293
149,-3.84036,2.67419,-1.42293
154,-3.39999,2.40531,-1.19408
149,-3.39999,2.40531,-1.19408
154,-3.51505,1.92698,-0.86606
146,-3.51505,1.92698,-0.86606
154,-2.18782,2.68285,-0.329668
146,-2.18782,2.68285,-0.329668
154,-3.47339,1.91576,-0.501669
141,-3.47339,1.91576,-0.501669
155,-1.04795,2.39531,0.657224
155,-0.986396,2.44309,0.525797
155,-0.989107,2.40003,0.446908
155,-1.00526,2.45844,0.462743
155,-1.02094,2.39794,0.393993
155,-1.1667,2.42883,0.712389
155,-1.14293,2.43967,0.647926
155,-1.14924,2.40544,0.580169
155,-1.18309,2.42679,0.630689
155,-1.03851,1.95806,-0.184662
155,-1.03805,2.36934,0.173754
155,-0.990878,2.09107,-0.221545
155,-1.07621,1.96096,-0.185426
155,-1.02114,2.08335,-0.194748
155,-1.10656,1.91445,-0.200829
155,-1.03198,2.08738,-0.193104
155,-1.12792,1.93885,-0.217214
155,-1.06198,2.09916,-0.20585
155,-1.14014,1.94664,-0.212967
155,-1.1229,2.35433,0.163173
155,-1.22688,2.41104,0.426
155,-1.24427,2.40769,0.399106
155,-1.17759,2.28775,0.127975
155,-1.15365,2.00295,-0.233303
155,-1.1981,2.33808,0.171711
155,-1.01766,2.2888,-0.393244
155,-1.18431,2.35602,0.0157267
155,-1.20366,2.35398,0.0441784
155,-1.29869,2.46295,0.332722
155,-1.30324,2.39879,0.2611
155,-1.29939,2.46916,0.305684
155,-1.0279,2.3182,-0.410802
155,-1.31122,2.40417,0.254336
155,-1.0105,2.29945,-0.481106
155,-1.02548,2.31343,-0.485596
155,-1.20437,2.38714,-0.0546306
155,-1.03056,2.28282,-0.52799
155,-0.986449,2.37911,-0.535922
155,-0.98788,2.37838,-0.542965
155,-0.974579,2.41076,-0.537001
155,-0.974748,2.36285,-0.61081
155,-1.05116,2.29461,-0.543509
155,-1.35085,2.06381,-0.185367
155,-1.00159,2.36655,-0.596544
155,-1.03201,2.36692,-0.55076
155,-0.95186,2.4817,-0.596659
155,-0.99829,2.46625,-0.572493
155,-1.05419,2.46107,-0.474688
155,-1.4029,2.10756,-0.187056
155,-1.41088,2.0979,-0.183792
155,-0.951251,2.18247,-1.08309
155,-1.00979,2.23292,-0.939506
155,-1.46576,2.09344,-0.189594
155,-1.43679,2.18314,-0.1936
155,-1.48691,2.11072,-0.202039
155,-1.43785,2.23677,-0.198913
155,-1.40814,2.29685,-0.200261
155,-1.42529,2.27759,-0.191314
155,-1.07025,2.24042,-0.966899
155,-1.50462,2.12002,-0.204015
155,-1.43077,2.27597,-0.19503
155,-1.42104,2.36173,-0.221234
155,-1.54508,2.15842,-0.201274
155,-1.54486,2.19862,-0.198084
155,-1.54879,2.19105,-0.19844
155,-1.07978,2.37721,-0.966262
155,-1.54915,2.20584,-0.209338
155,-1.58702,2.15842,-0.202176
155,-1.53846,2.26706,-0.202269
155,-1.54888,2.28071,-0.192568
155,-1.56558,2.24418,-0.203542
155,-1.0647,2.46691,-1.00387
155,-1.56396,2.28568,-0.209153
155,-1.53978,2.36464,-0.211809
155,-1.51517,2.4352,-0.24171
155,-1.57823,2.36088,-0.216261
155,-1.56947,2.38104,-0.219787
155,-1.5844,2.39918,-0.224269
155,-1.63133,2.35983,-0.204238
155,-1.10984,2.55109,-1.12638
155,-1.56598,2.49217,-0.270338
155,-1.70818,2.44425,-0.218817
155,-2.20522,1.92251,-0.124587
155,-1.78402,2.72481,-0.35861
155,-2.58675,1.63056,-0.449421
155,-2.51454,2.007,-0.301574
155,-2.71405,1.26776,-0.678168
155,-2.3508,2.50182,-0.193167
155,-2.46457,2.56585,-0.144593
155,-2.52953,2.50619,-0.156224
155,-2.42398,2.6789,-0.203076
155,-2.47299,2.6854,-0.186933
155,-2.50293,2.68523,-0.195063
155,-2.83041,1.04193,-1.30112
155,-2.88613,2.14892,-0.12979
155,-3.06972,1.72407,-0.318486
155,-2.70537,2.64575,-0.174361
155,-2.27611,3.19068,-0.525622
155,-2.63256,2.81129,-0.219913
155,-3.10951,1.74912,-0.352674
155,-3.13419,1.75799,-0.316861
155,-2.67885,2.83908,-0.221148
155,-2.30432,3.22787,-0.631712
155,-2.94346,2.25896,-0.392123
155,-2.45449,3.13836,-0.499634
155,-3.21946,1.79003,-0.340403
155,-2.96583,2.26632,-0.404903
155,-2.91889,2.12897,-0.700356
155,-2.95755,2.85677,-0.10352
155,-1.76318,4.15292,-1.21947
155,-3.26594,2.35509,-0.023509
155,-2.82624,3.04729,-0.259966
155,-1.75347,4.27758,-1.27448
155,-2.91246,3.10704,-0.294876
155,-2.2434,3.82072,-1.18535
155,-3.61153,2.50516,0.192897
155,-2.29609,3.93755,-1.2376
155,-3.60017,3.13613,0.139367
155,-1.27845,2.47555,-0.435015
154,-1.27845,2.47555,-0.435015
155,-2.89582,2.79801,-0.0792339
154,-2.89582,2.79801,-0.0792339
155,-1.11684,2.24434,-1.25373
154,-1.11684,2.24434,-1.25373
155,-1.15896,2.46762,0.531146
154,-1.15896,2.46762,0.531146
155,-3.34323,2.80264,-0.464792
153,-3.34323,2.80264,-0.464792
155,-3.41486,2.30058,-0.300259
153,-3.41486,2.30058,-0.300259
155,-3.58401,2.76394,-0.775745
152,-3.58401,2.76394,-0.775745
155,-3.29247,2.44556,-0.87015
146,-3.29247,2.44556,-0.87015
155,-3.21978,2.34416,-0.467781
144,-3.21978,2.34416,-0.467781
155,-3.24748,2.3756,0.0270708
141,-3.24748,2.3756,0.0270708
156,-1.03749,2.39326,0.524665
156,-1.05746,2.3691,0.521994
156,-1.02324,2.36051,0.41859
156,-1.02404,2.3802,0.41712
156,-1.02463,2.41458,0.448663
156,-1.03885,2.38054,0.386246
156,-1.04417,1.97533,-0.173879
156,-1.21157,2.41091,0.65248
156,-0.995983,2.06929,-0.205514
156,-1.1084,2.238,0.190843
156,-1.02787,2.06228,-0.176231
156,-1.09012,1.95028,-0.177249
156,-1.0197,2.0848,-0.189549
156,-1.11638,2.25061,0.186807
156,-1.08699,2.20142,0.0361505
156,-0.998988,2.16489,-0.214286
156,-1.14988,1.9164,-0.208974
156,-1.19646,2.37201,0.161465
156,-1.19218,2.34788,0.115268
156,-1.25084,2.28183,0.152489
156,-1.21992,2.37396,0.186577
156,-1.02048,2.28938,-0.332283
156,-1.027,2.29119,-0.326745
156,-1.04423,2.3558,-0.249472
156,-1.26702,2.35938,0.177153
156,-1.21421,2.37367,0.0776875
156,-1.05279,2.31484,-0.394199
156,-1.24106,2.38757,0.0664686
156,-1.13892,2.28522,-0.260536
156,-1.02428,2.29801,-0.487951
156,-1.17916,2.3479,-0.118388
156,-1.0522,2.32825,-0.409743
156,-1.10309,2.36957,-0.259675
156,-1.33355,2.42543,0.281425
156,-1.34364,2.39939,0.256935
156,-0.993781,2.35791,-0.521545
156,-1.32455,2.46152,0.269866
156,-1.06336,2.3545,-0.410218
156,-1.25127,2.42552,0.058073
156,-1.21785,2.37741,-0.0707351
156,-1.22038,2.38067,-0.0643757
156,-1.23767,2.38664,-0.030826
156,-1.24821,2.41363,0.0188745
156,-1.03055,2.3468,-0.516468
156,-1.08559,2.3322,-0.426339
156,-1.36679,2.05115,-0.167716
156,-1.25906,2.42537,0.020338
156,-1.04075,2.34112,-0.529349
156,-1.23671,2.38735,-0.0720912
156,-1.25368,2.40967,-0.0250199
156,-1.24915,2.41301,-0.0332451
156,-1.00168,2.14783,-0.844552
156,-1.25719,2.42819,-0.00291157
156,-1.0487,2.40935,-0.466567
156,-1.04992,2.31772,-0.573624
156,-0.968776,2.46701,-0.578791
156,-1.03175,2.34644,-0.582975
156,-1.16936,2.34697,-0.317775
156,-1.09702,2.34975,-0.469905
156,-1.09703,2.35523,-0.467685
156,-1.17736,2.36158,-0.310314
156,-1.11792,2.37075,-0.456925
156,-1.07571,2.46028,-0.456662
156,-1.4082,2.11307,-0.169065
156,-1.20622,2.37323,-0.322643
156,-1.08595,2.47134,-0.465521
156,-1.11757,2.3306,-0.566027
156,-1.43282,2.13829,-0.170148
156,-1.41576,2.19329,-0.171938
156,-1.44421,2.16457,-0.170672
156,-1.46821,2.15273,-0.180751
156,-1.42321,2.28499,-0.183271
156,-1.40349,2.32284,-0.188177
156,-1.55615,2.18514,-0.194819
156,-1.58308,2.14858,-0.190882
156,-1.57439,2.19245,-0.194197
156,-1.07633,2.43738,-0.977368
156,-1.57814,2.22427,-0.191577
156,-1.46182,2.53634,-0.107789
156,-1.5421,2.3109,-0.190283
156,-1.10185,2.49634,-1.07663
156,-1.13685,2.57683,-1.13634
156,-2.40246,2.50296,-0.184838
156,-2.49358,2.45913,-0.179417
156,-2.53168,2.47917,-0.173431
156,-2.18239,3.07524,-0.249143
156,-2.49227,2.6718,-0.166869
156,-2.58742,2.63273,-0.173484
156,-2.66093,2.5481,-0.167935
156,-2.65542,2.67205,-0.17895
156,-2.66162,2.68141,-0.204541
156,-2.64914,2.78373,-0.198119
156,-3.05692,2.45593,0.107908
156,-2.66797,2.93064,-0.183485
156,-3.11771,2.27175,0.0231948
156,-3.10802,2.26866,-0.048225
156,-2.96671,3.02997,0.400036
156,-2.90525,2.98969,0.103797
156,-2.77514,2.99615,-0.241814
156,-3.01242,2.14336,-0.701068
156,-2.95876,2.82118,-0.0819204
156,-2.80158,2.99501,-0.234061
156,-3.16887,2.86876,0.212875
156,-2.52482,3.3734,-0.629746
156,-2.1624,3.68178,-1.06683
156,-2.15132,3.8463,-1.04364
156,-2.67568,3.29546,-0.579683
156,-2.70666,3.33676,-0.505816
156,-2.58961,3.43741,-0.651979
156,-2.19827,3.90105,-1.07804
156,-1.2872,2.37322,0.238175
155,-1.2872,2.37322,0.238175
156,-1.30896,2.43808,0.268163
155,-1.30896,2.43808,0.268163
156,-0.979137,2.21584,0.32105
155,-0.979137,2.21584,0.32105
156,-1.22635,2.37114,0.0764448
155,-1.22635,2.37114,0.0764448
156,-1.03835,2.18507,-0.88901
155,-1.03835,2.18507,-0.88901
156,-3.14802,2.66162,-0.38601
153,-3.14802,2.66162,-0.38601
156,-1.24654,2.61756,0.423386
153,-1.24654,2.61756,0.423386
156,-3.12523,2.23911,-1.03167
153,-3.12523,2.23911,-1.03167
156,-3.14334,2.89553,0.126418
153,-3.14334,2.89553,0.126418
156,-3.49372,1.89133,-0.487979
152,-3.49372,1.89133,-0.487979
157,-1.10301,1.97399,-0.185239
157,-1.09634,1.98494,-0.190394
157,-1.05628,2.12817,-0.230972
157,-1.16559,1.94551,-0.213265
157,-1.20514,2.35088,0.133107
157,-1.09226,2.25446,-0.252743
157,-1.0509,2.2934,-0.42689
157,-1.12589,2.2894,-0.278016
157,-1.29512,2.43624,0.208804
157,-1.31754,2.40053,0.218651
157,-1.33955,2.4103,0.254692
157,-1.0594,2.27774,-0.511785
157,-1.06792,2.32392,-0.590224
157,-1.04324,2.42399,-0.557699
157,-1.30528,2.42559,-0.00811863
157,-1.19424,2.37458,-0.297741
157,-1.06849,2.34706,-0.601073
157,-1.04797,2.39971,-0.620359
157,-1.41827,2.21886,-0.185171
157,-1.45687,2.12446,-0.194089
157,-1.41234,2.24476,-0.185926
157,-1.47327,2.11443,-0.192765
157,-1.42878,2.23233,-0.206781
157,-1.42592,2.267,-0.19086
157,-1.47919,2.14614,-0.192083
157,-1.5015,2.0397,-0.391502
157,-1.52871,2.2499,-0.199028
157,-1.53112,2.05166,-0.407027
157,-1.48903,2.3953,-0.212031
157,-1.49143,2.39825,-0.218608
157,-1.57316,2.27841,-0.19969
157,-1.58415,2.28518,-0.212135
157,-1.60118,2.25074,-0.215698
157,-1.6134,2.23139,-0.218977
157,-1.62868,2.21816,-0.215712
157,-1.60209,2.29639,-0.213422
157,-3.36649,1.84811,0.809336
157,-2.60533,1.81617,-0.894611
157,-2.5866,2.59933,-0.222216
157,-2.56052,2.72602,-0.206532
157,-2.60372,2.7296,-0.220158
157,-2.63724,2.68476,-0.216238
157,-3.13077,2.30532,0.448196
157,-2.62742,2.79312,-0.209172
157,-3.25384,1.80748,0.207125
157,-3.0608,1.76751,-0.303129
157,-3.10115,1.87415,-0.215473
157,-3.1545,2.30616,0.286239
157,-2.93864,2.77342,0.237156
157,-2.80045,2.65773,-0.216928
157,-2.67752,2.94744,-0.22888
157,-2.71066,2.97213,-0.239191
157,-3.07901,2.23202,-0.180112
157,-3.62687,1.40157,0.155646
157,-3.18675,1.82966,-0.40799
157,-3.01162,2.24512,-0.403623
157,-3.28676,1.81724,-0.217744
157,-2.77056,2.99935,-0.249635
157,-2.90654,2.75435,-0.228463
157,-2.93874,2.83182,-0.0868677
157,-2.9492,2.84155,-0.0788741
157,-2.96306,3.04254,0.0738268
157,-3.25724,2.15468,-0.127531
157,-2.97291,2.85175,-0.107645
157,-3.00102,2.16543,-0.701972
157,-3.08921,2.26921,-0.433424
157,-3.04199,2.24936,-0.568967
157,-3.31668,1.81491,-0.42895
157,-3.34041,1.82982,-0.416476
157,-2.94509,2.21444,-0.926941
157,-3.1321,2.29375,-0.454216
157,-3.19903,1.84424,-0.7334
157,-3.36202,1.83533,-0.386888
157,-2.95954,2.20298,-0.972439
157,-3.06841,2.18888,-0.74891
157,-3.3445,2.19405,-0.1459
157,-3.3387,1.81921,-0.659102
157,-3.16575,2.15628,-0.725081
157,-3.1297,2.11551,-1.09113
157,-0.908388,2.16819,0.519624
156,-0.908388,2.16819,0.519624
157,-1.03848,2.38763,0.380292
156,-1.03848,2.38763,0.380292
157,-2.46579,2.77943,-0.140273
155,-2.46579,2.77943,-0.140273
157,-1.04495,2.35241,0.183328
155,-1.04495,2.35241,0.183328
157,-1.25826,1.99719,-0.286293
155,-1.25826,1.99719,-0.286293
157,-1.53198,2.04699,-0.409316
154,-1.53198,2.04699,-0.409316
157,-1.51361,2.45257,-0.130257
154,-1.51361,2.45257,-0.130257
157,-3.09811,2.85134,0.220085
152,-3.09811,2.85134,0.220085
157,-3.33192,1.90374,-1.28524
152,-3.33192,1.90374,-1.28524
157,-3.25078,2.32959,-1.08884
149,-3.25078,2.32959,-1.08884
157,-3.52374,1.92928,-0.526592
146,-3.52374,1.92928,-0.526592
157,-3.27222,2.37499,-1.04798
146,-3.27222,2.37499,-1.04798
157,-3.22464,2.39455,-0.827209
146,-3.22464,2.39455,-0.827209
157,-3.25457,2.3045,-0.728552
143,-3.25457,2.3045,-0.728552
158,-1.11533,1.8788,-0.198408
158,-1.0828,2.0733,-0.210323
158,-1.10156,2.24516,-0.263743
158,-1.04534,2.28061,-0.427866
158,-1.01902,2.37654,-0.56367
158,-1.0398,2.33789,-0.606412
158,-1.07402,2.4314,-0.457048
158,-1.43679,2.08513,-0.192738
158,-1.43689,2.23799,-0.204882
158,-1.43351,2.28028,-0.209022
158,-1.48032,2.268,-0.203621
158,-2.61781,2.60609,-0.242922
158,-2.64392,2.67124,-0.22361
158,-2.62694,2.75518,-0.204068
158,-2.64376,2.73024,-0.233271
158,-2.64076,2.77574,-0.213336
158,-2.68923,2.6767,-0.205812
158,-2.73429,1.71927,-0.938791
158,-2.70883,2.73901,-0.182916
158,-2.7181,2.70878,-0.221534
158,-3.11603,2.26952,0.288357
158,-2.77913,2.65138,-0.182614
158,-2.76784,2.30525,-0.503782
158,-2.7893,2.31143,-0.464606
158,-2.81012,2.72804,-0.0791259
158,-2.76406,2.76672,-0.151457
158,-3.01993,2.18968,-0.143484
158,-2.7764,2.766,-0.208765
158,-3.01583,2.18904,-0.159121
158,-2.8375,2.75213,-0.0879689
158,-3.14662,2.28554,0.18937
158,-2.98408,2.76265,0.210691
158,-3.12202,1.74535,-0.332503
158,-2.99464,2.75439,0.22436
158,-2.72035,2.93049,-0.246779
158,-3.05207,2.44618,0.0819207
158,-3.13972,1.85108,-0.231436
158,-2.88153,2.9543,0.0900456
158,-3.07731,2.25518,-0.0674741
158,-2.85247,2.69346,-0.216125
158,-2.88201,2.774,-0.110458
158,-3.23437,1.77634,-0.16547
158,-3.12173,2.27374,-0.00599146
158,-3.11278,2.26004,-0.0793373
158,-2.77805,2.97409,-0.271244
158,-2.89597,2.84585,-0.190489
158,-2.85542,1.92793,-1.05881
158,-3.19503,1.80248,-0.409997
158,-3.00864,2.21904,-0.558225
158,-2.89025,1.97586,-1.08948
158,-3.68481,1.36808,0.161116
158,-2.98558,2.13424,-0.836836
158,-3.12237,2.27181,-0.449915
158,-3.3189,1.7995,-0.442168
158,-3.35599,1.80854,-0.381782
158,-3.28062,1.78352,-0.594495
158,-3.10357,2.26562,-0.608962
158,-3.27752,1.78298,-0.638656
158,-3.06833,2.05801,-0.90004
158,-3.04972,2.20472,-0.843637
158,-2.85208,2.45768,-1.10003
158,-3.0798,2.10911,-0.912127
158,-3.12356,2.1819,-0.793352
158,-3.04499,2.22151,-0.987123
158,-3.63575,1.34035,-0.46039
158,-3.60388,1.34686,-0.705008
158,-3.22169,2.07934,-0.960917
158,-3.09516,2.30135,-1.09843
158,-3.11727,2.24616,-1.13741
158,-2.71778,3.31745,-0.372117
155,-2.71778,3.31745,-0.372117
158,-3.12556,2.43527,-1.05585
154,-3.12556,2.43527,-1.05585
158,-1.33783,2.47808,0.116515
156,-1.33783,2.47808,0.116515
158,-3.38464,1.77783,-0.311815
152,-3.38464,1.77783,-0.311815
158,-3.16758,2.68796,-0.417696
152,-3.16758,2.68796,-0.417696
158,-3.30718,2.02956,-1.24789
149,-3.30718,2.02956,-1.24789
158,-3.19393,1.94168,-1.18681
146,-3.19393,1.94168,-1.18681
158,-3.43804,1.79327,0.0857755
141,-3.43804,1.79327,0.0857755
158,-3.52342,1.51102,-0.636381
141,-3.52342,1.51102,-0.636381
159,-1.05732,1.95046,-0.225321
159,-1.03951,2.14957,-0.21869
159,-0.986323,2.22634,-0.449188
159,-1.37825,2.16883,-0.179735
159,-1.42672,2.07368,-0.188697
159,-1.45178,2.04112,-0.189041
159,-1.44892,2.09428,-0.19413
159,-1.45997,2.15655,-0.194472
159,-1.58721,2.30412,-0.20998
159,-1.63149,2.17433,-0.218308
159,-2.40153,0.810048,-1.14843
159,-2.39249,0.759475,-1.21916
159,-2.47095,0.744503,-1.13133
159,-3.17068,2.28998,0.897638
159,-3.39724,0.86783,0.342656
159,-2.60195,2.58826,-0.224443
159,-2.58746,2.71524,-0.211121
159,-2.64464,1.71221,-0.944841
159,-2.64068,2.77451,-0.203835
159,-2.64699,2.76749,-0.202301
159,-3.20014,2.22975,0.647842
159,-2.77831,0.994542,-1.28165
159,-3.03063,1.81099,-0.177318
159,-2.94491,1.29418,-0.777251
159,-2.68201,2.91264,-0.226045
159,-2.79908,2.65663,-0.180336
159,-2.69667,2.92301,-0.225997
159,-2.98817,2.16235,-0.131531
159,-2.85056,2.73652,-0.0627713
159,-3.09884,1.8365,-0.209733
159,-2.72027,1.88131,-1.0409
159,-3.34191,1.78414,0.189544
159,-3.0328,2.41857,-0.0546741
159,-3.20612,1.75789,-0.149819
159,-2.94719,2.10531,-0.658169
159,-3.26661,1.76775,-0.208559
159,-3.62794,1.34554,0.184941
159,-3.23382,1.75699,-0.405484
159,-3.66415,1.3358,0.159931
159,-3.05862,2.23222,-0.581122
159,-3.30656,1.78161,-0.357228
159,-3.12568,2.25657,-0.44895
159,-3.06724,2.08945,-0.71107
159,-2.96006,1.97315,-1.12793
159,-3.28002,1.76903,-0.629157
159,-3.00859,2.15857,-0.95683
159,-2.96756,2.23718,-0.999258
159,-3.01111,2.1989,-0.96282
159,-3.24751,1.69559,-0.866594
159,-3.03212,2.19762,-1.01555
159,-3.02422,2.1985,-1.06755
159,-3.64497,1.33043,-0.461955
159,-3.81357,1.24569,-0.350982
159,-3.78164,1.29137,-0.872944
159,-3.4514,1.82302,-0.478787
149,-3.4514,1.82302,-0.478787
159,-3.28698,2.12253,-0.467194
149,-3.28698,2.12253,-0.467194
159,-3.55975,1.22236,-0.268743
146,-3.55975,1.22236,-0.268743
159,-3.78167,0.859275,0.528177
142,-3.78167,0.859275,0.528177
160,-1.39747,2.17927,-0.202514
160,-1.42551,2.07054,-0.207729
160,-1.4501,2.14321,-0.211293
160,-1.66717,2.21386,-0.242242
160,-2.20561,2.55599,-0.232781
160,-2.18112,2.62084,-0.250922
160,-2.30639,2.5927,-0.22672
160,-3.1761,0.86526,0.56617
160,-2.41876,0.779145,-1.24231
160,-2.53523,2.24027,-0.24437
160,-2.63611,2.04654,-0.258402
160,-2.68849,2.31979,-0.060369
160,-2.51741,1.75992,-0.850296
160,-2.6883,2.32704,-0.113005
160,-2.52938,1.78613,-0.860426
160,-2.63173,2.53088,-0.239456
160,-2.60212,2.71655,-0.241127
160,-2.65626,2.61078,-0.255988
160,-2.812,2.37827,-0.0566216
160,-2.6796,2.64918,-0.216429
160,-2.82737,2.43389,-0.0735565
160,-2.90247,2.42933,-0.0292976
160,-2.70673,1.71646,-0.934719
160,-2.70947,2.80352,-0.24531
160,-3.08621,1.72477,-0.108549
160,-3.09059,1.72184,-0.131543
160,-3.02633,1.6957,-0.320682
160,-3.10307,1.73008,-0.129664
160,-3.0257,2.41727,0.0776915
160,-3.07644,1.82207,-0.224333
160,-2.83481,2.76282,-0.18792
160,-2.85945,1.68372,-0.820297
160,-3.1474,1.7436,-0.175896
160,-2.87944,2.46376,-0.352478
160,-3.07839,1.76797,-0.371003
160,-2.97446,1.62873,-0.738535
160,-3.33999,1.77224,0.153073
160,-3.04284,1.75874,-0.681455
160,-3.13596,1.7289,-0.583437
160,-3.21921,1.75482,-0.386855
160,-3.13726,2.5064,-0.131424
160,-3.18546,2.47533,-0.108471
160,-3.30689,1.75594,-0.304641
160,-3.16497,2.50152,-0.187317
160,-3.22868,2.45828,-0.119986
160,-3.80423,1.36144,0.121822
160,-3.37273,2.98316,0.141769
160,-3.35413,2.53109,-0.257446
160,-3.84842,1.37558,0.115427
160,-3.32351,1.54916,-1.14858
160,-3.78705,1.35501,-0.516367
160,-3.81347,1.36729,-0.530678
160,-3.93305,1.32692,-0.601941
160,-4.11027,1.3823,-1.36983
160,-4.1459,1.72102,-1.52992
160,-4.17178,1.72953,-1.51713
160,-4.33629,1.86566,-1.38579
160,-4.27827,1.75409,-1.72689
160,-3.15857,2.67043,-0.422492
152,-3.15857,2.67043,-0.422492
160,-2.9488,2.03617,-0.662551
152,-2.9488,2.03617,-0.662551
160,-2.19194,2.65562,-0.294253
149,-2.19194,2.65562,-0.294253
160,-2.65588,2.08135,-0.697237
157,-2.65588,2.08135,-0.697237
160,-3.59929,1.33865,-0.705827
146,-3.59929,1.33865,-0.705827
161,-2.2782,0.466165,-1.1101
161,-2.48871,0.423722,-1.08361
161,-2.52153,0.379066,-1.04824
161,-2.38436,0.782601,-1.26387
161,-2.4301,0.799112,-1.24365
161,-2.44561,0.832645,-1.19919
161,-2.46829,0.768107,-1.21055
161,-2.92852,2.88012,0.912555
161,-2.92788,2.86692,0.875561
161,-3.02019,2.84829,0.929759
161,-2.6674,0.443368,-1.16355
161,-2.57292,0.749012,-1.25145
161,-2.57177,0.921116,-1.19321
161,-2.613,0.750544,-1.19925
161,-3.15441,2.55935,0.859521
161,-3.29648,2.35127,0.888054
161,-2.81692,2.19517,-0.386453
161,-3.5457,0.88525,0.521734
161,-3.28892,2.27483,0.603218
161,-3.37942,2.3643,0.832443
161,-2.79787,2.07592,-0.71198
161,-2.91795,2.19749,-0.387829
161,-2.92498,2.22081,-0.394577
161,-3.28111,2.33638,0.479311
161,-3.6249,1.36952,0.780501
161,-3.51383,0.877217,0.26985
161,-3.27726,1.7742,0.161186
161,-2.83238,2.09601,-0.720425
161,-2.853,2.20841,-0.663538
161,-3.09482,2.80259,0.18795
161,-2.9137,2.14258,-0.585921
161,-3.16784,1.76097,-0.195373
161,-3.18642,1.75523,-0.158051
161,-3.18898,1.76389,-0.17898
161,-2.9227,2.24415,-0.573467
161,-3.18059,1.7579,-0.215026
161,-3.40007,2.32442,0.579163
161,-2.83579,1.80841,-1.03671
161,-2.96826,2.17862,-0.549765
161,-3.01218,2.24145,-0.432432
161,-2.94563,2.10361,-0.661622
161,-3.20821,1.77189,-0.220631
161,-3.11603,2.85899,0.0972158
161,-2.87207,1.79613,-1.04721
161,-3.23257,1.77911,-0.233954
161,-2.96001,2.09742,-0.767915
161,-2.95691,2.04919,-0.799897
161,-3.51316,1.36463,0.14228
161,-2.90176,2.14995,-0.95899
161,-2.97477,2.04309,-0.845317
161,-3.02279,2.09934,-0.741488
161,-3.17154,1.74474,-0.622519
161,-3.05692,2.1082,-0.714841
161,-3.34005,1.77833,-0.314072
161,-3.14021,1.80903,-0.767395
161,-3.67248,1.35883,0.139135
161,-3.51407,1.34407,-0.468862
161,-3.73841,1.35883,-0.287654
161,-3.72854,1.36155,-0.500605
161,-3.70873,1.36418,-0.775427
161,-4.27307,0.370797,-0.411155
161,-3.92159,1.31831,-0.960594
161,-4.09757,0.871907,-1.26429
161,-4.11827,0.868013,-1.26989
161,-4.12947,0.868662,-1.25247
161,-4.36829,0.209335,-1.51032
161,-3.4733,1.84245,0.110124
146,-3.4733,1.84245,0.110124
161,-3.50623,1.31759,-0.442694
149,-3.50623,1.31759,-0.442694
161,-3.77792,0.845722,0.112322
142,-3.77792,0.845722,0.112322
161,-3.35184,2.15943,-1.38375
152,-3.35184,2.15943,-1.38375
161,-2.75638,0.605509,-1.29213
143,-2.75638,0.605509,-1.29213
161,-3.07873,2.15377,-0.683068
143,-3.07873,2.15377,-0.683068
161,-3.69179,0.915782,0.199832
141,-3.69179,0.915782,0.199832
161,-3.34908,1.91698,-0.329107
141,-3.34908,1.91698,-0.329107
161,-3.19217,2.31906,-0.750418
154,-3.19217,2.31906,-0.750418
161,-3.12073,2.28238,-0.669968
154,-3.12073,2.28238,-0.669968
162,-2.17926,0.333538,-1.0122
162,-2.19167,0.389906,-1.02657
162,-2.34929,0.362668,-1.07763
162,-2.24204,0.739651,-1.25136
162,-2.38109,0.798651,-1.27389
162,-2.42411,0.814037,-1.25384
162,-2.45076,0.837941,-1.19029
162,-2.42378,0.817771,-1.26358
162,-2.44899,0.84749,-1.20153
162,-2.47077,0.837863,-1.2067
162,-2.55818,0.778105,-1.22468
162,-2.94635,2.17852,-0.399241
162,-2.75991,1.80741,-0.993619
162,-2.775,1.85787,-1.00529
162,-2.84942,0.541634,-1.30871
162,-3.24586,2.33589,0.216153
162,-2.89408,0.539715,-1.27518
162,-3.31822,1.79732,0.149284
162,-3.32505,1.79929,0.147938
162,-3.23171,1.78553,-0.192284
162,-3.20241,1.7708,-0.406346
162,-2.92378,1.85234,-1.08708
162,-2.9237,1.97319,-1.12717
162,-3.18952,1.77282,-0.595952
162,-3.1246,1.8171,-0.751577
162,-3.56961,1.3677,0.130759
162,-3.41936,1.37006,-0.298036
162,-3.36982,0.0554569,-0.94402
162,-3.32455,1.81121,-0.46832
162,-3.38997,1.82492,-0.507955
162,-3.12244,1.87405,-1.21058
162,-3.53963,1.34713,-0.408449
162,-3.53125,1.34908,-0.480582
162,-3.15584,1.86056,-1.23129
162,-3.70597,1.28626,-0.354058
162,-3.66331,1.36358,-0.479964
162,-3.2679,1.83213,-1.28708
162,-3.74173,1.26146,-0.36885
162,-3.76458,1.28689,-0.368106
162,-4.06749,0.15263,-0.0632035
162,-3.78876,1.30136,-0.349733
162,-3.51055,0.258089,-1.37151
162,-3.86265,1.27796,-0.406755
162,-3.78899,1.33231,-0.928132
162,-4.35705,0.127459,-0.22498
162,-3.92045,1.38477,-1.3033
162,-4.62607,0.866964,-0.783899
162,-3.42646,1.1406,-1.13951
143,-3.42646,1.1406,-1.13951
162,-2.56732,0.614599,-1.26472
146,-2.56732,0.614599,-1.26472
162,-2.61507,0.577609,-1.28046
146,-2.61507,0.577609,-1.28046
162,-3.45187,1.3477,-0.680922
141,-3.45187,1.3477,-0.680922
162,-3.45189,1.59395,-1.08799
141,-3.45189,1.59395,-1.08799
162,-3.42855,1.89271,-1.12484
141,-3.42855,1.89271,-1.12484
163,-2.29192,0.368977,-1.10217
163,-2.35844,0.37333,-1.10171
163,-2.33193,0.880343,-1.33523
163,-2.41151,0.483495,-1.24415
163,-2.45616,0.846275,-1.20349
163,-2.4333,0.815248,-1.26449
163,-2.54272,0.369625,-1.09773
163,-2.50405,0.844753,-1.12275
163,-2.51517,0.828669,-1.13149
163,-2.47445,0.781992,-1.23884
163,-2.56206,0.763581,-1.16996
163,-3.30623,2.35076,0.839298
163,-2.60215,0.627468,-1.30382
163,-2.6236,0.693966,-1.3217
163,-2.68979,0.708157,-1.22637
163,-2.74137,0.34395,-1.18192
163,-2.68621,0.590304,-1.3343
163,-2.74433,0.420965,-1.22603
163,-2.68911,0.586643,-1.33234
163,-2.84646,1.37317,-0.833287
163,-2.89527,1.37243,-0.734017
163,-2.76439,1.86812,-1.01842
163,-3.37218,2.4024,0.448373
163,-3.55798,0.889969,0.623796
163,-2.8729,1.85394,-1.00419
163,-3.65916,1.39017,0.760849
163,-2.87519,1.77301,-1.05737
163,-3.04198,1.39427,-0.727233
163,-3.03732,1.39944,-0.798503
163,-3.08349,0.964406,-0.768704
163,-3.16783,1.03545,-0.572348
163,-2.90796,0.551916,-1.29535
163,-3.12389,1.75612,-0.595324
163,-3.10134,0.967417,-0.777889
163,-3.13285,1.40481,-0.68685
163,-3.11764,1.38868,-0.8393
163,-3.26095,1.77507,-0.45255
163,-3.11765,1.37898,-0.883943
163,-3.33532,1.78342,-0.332883
163,-3.35881,1.78678,-0.348032
163,-3.59951,1.38881,0.119609
163,-3.07853,0.0603707,-1.33838
163,-3.32021,1.83184,-0.479558
163,-3.35066,1.80572,-0.480052
163,-3.11146,-0.00308007,-1.36189
163,-3.59428,1.37092,-0.0198421
163,-3.31856,1.03975,-0.762184
163,-3.50715,1.36273,-0.475535
163,-3.65931,1.36995,-0.272275
163,-3.62812,1.34581,-0.520667
163,-3.67665,1.38372,-0.489904
163,-3.75787,1.39603,-0.311454
163,-3.39238,0.217007,-1.43349
163,-3.69915,1.37939,-0.535325
163,-3.76885,0.912536,-0.505441
163,-3.48985,1.45126,-1.32796
163,-4.14524,0.144762,-0.0858703
163,-3.94336,1.32166,-0.430292
163,-4.14329,0.211445,-0.172217
163,-3.6761,0.90771,-1.22039
163,-3.77537,1.33281,-0.942533
163,-3.61151,1.40964,-1.38565
163,-3.76494,0.919475,-1.12155
163,-3.94177,0.885032,-0.789093
163,-3.74578,1.38222,-1.21179
163,-3.83768,0.885357,-1.12495
163,-3.98741,0.933623,-0.806747
163,-4.21199,0.382378,-0.416892
163,-3.90709,0.895693,-1.16507
163,-4.06088,0.930311,-0.833794
163,-3.9614,0.898165,-1.25425
163,-3.94444,1.35484,-1.28604
163,-4.02295,1.34606,-1.1928
163,-4.03916,0.90083,-1.34258
163,-4.08645,1.51147,-1.26054
163,-4.214,0.217724,-1.41804
163,-4.15517,1.37099,-1.37594
163,-4.23889,0.149228,-1.38481
163,-4.23432,0.115964,-1.40174
163,-4.2364,1.2585,-1.39385
163,-4.25455,1.25779,-1.41007
163,-3.57926,1.32827,-0.91084
142,-3.57926,1.32827,-0.91084
163,-3.74005,1.08329,-0.684018
141,-3.74005,1.08329,-0.684018
163,-3.6127,1.40194,0.644303
141,-3.6127,1.40194,0.644303
163,-2.93215,1.69606,0.226306
160,-2.93215,1.69606,0.226306
164,-3.68241,1.40168,0.758734
164,-3.34373,1.8194,-0.23333
164,-2.95487,-0.232194,-1.12168
164,-3.33535,1.9257,-0.341581
164,-2.94645,-0.156387,-1.20526
164,-2.91333,-0.0739145,-1.30379
164,-3.53128,1.37265,0.130212
164,-3.2942,1.51733,-0.471492
164,-2.96781,0.0300611,-1.26334
164,-3.34522,1.81699,-0.44935
164,-3.35361,1.8166,-0.432618
164,-2.98705,0.0626217,-1.27505
164,-3.01001,0.00997335,-1.30409
164,-3.38023,1.84929,-0.486934
164,-3.37142,1.44701,-0.494262
164,-3.09564,0.0931575,-1.16358
164,-3.40777,1.42856,-0.474066
164,-3.36296,1.56818,-0.604254
164,-3.19215,1.44573,-1.03059
164,-3.31996,1.71388,-0.749849
164,-3.46186,1.33767,-0.42434
164,-3.51705,1.26378,-0.298058
164,-3.32518,1.6409,-0.791791
164,-3.46686,1.33624,-0.447213
164,-3.1268,0.0534695,-1.22035
164,-3.54541,1.10228,-0.254839
164,-3.14002,0.0903896,-1.19673
164,-3.46595,1.35955,-0.475936
164,-3.36089,1.63189,-0.759605
164,-3.3398,1.63438,-0.811519
164,-3.2352,1.43276,-1.05718
164,-3.4828,1.32401,-0.47199
164,-3.62157,1.0082,-0.12984
164,-3.33704,1.64014,-0.860264
164,-3.57784,1.0595,-0.254884
164,-3.38144,1.63089,-0.772201
164,-3.38998,1.52436,-0.754007
164,-3.56764,1.08538,-0.309501
164,-3.48814,1.38954,-0.519416
164,-3.35017,1.49326,-0.866415
164,-3.18207,0.0908083,-1.21611
164,-3.5459,1.11213,-0.384436
164,-3.34303,1.64666,-0.901322
164,-3.51432,1.33413,-0.473788
164,-3.66109,1.01762,-0.107252
164,-3.39219,1.51802,-0.793136
164,-3.65566,1.00554,-0.134235
164,-3.5152,1.30028,-0.497549
164,-3.35326,1.64297,-0.90956
164,-3.73538,0.971313,0.0257408
164,-3.28215,1.47562,-1.09632
164,-3.76346,0.982096,0.0890684
164,-3.61695,1.06783,-0.275854
164,-3.29344,1.44916,-1.08871
164,-3.71347,0.906958,-0.055048
164,-3.70293,1.07421,-0.101421
164,-3.61228,0.616408,-0.308446
164,-3.75271,0.876196,0.0182322
164,-3.44773,1.47843,-0.766198
164,-3.34017,1.51611,-1.04946
164,-3.38347,1.54357,-0.946449
164,-3.34137,1.52095,-1.0499
164,-3.44644,1.47013,-0.796578
164,-3.60335,1.06218,-0.401575
164,-3.37806,1.48991,-0.967129
164,-3.7266,0.757174,-0.0923625
164,-3.55795,1.08152,-0.516608
164,-3.37273,1.61702,-0.999571
164,-3.56588,1.07725,-0.514882
164,-3.78605,0.73726,0.0334483
164,-3.67124,0.988139,-0.281429
164,-3.73116,0.856008,-0.131761
164,-3.40485,1.51579,-0.954203
164,-3.52656,1.44392,-0.656652
164,-3.421,1.49193,-0.924785
164,-3.37447,1.58196,-1.04996
164,-3.42664,1.5277,-0.925949
164,-3.49019,1.47491,-0.778828
164,-3.67871,0.987309,-0.300642
164,-3.52253,1.36854,-0.699051
164,-3.43606,1.50525,-0.918952
164,-3.67161,0.976971,-0.325591
164,-3.39262,1.44405,-1.0356
164,-3.71753,0.847456,-0.243196
164,-3.74075,0.831059,-0.192534
164,-3.76524,0.85189,-0.138166
164,-3.68971,0.591551,-0.33349
164,-3.52272,1.4569,-0.782133
164,-3.76359,0.865334,-0.173116
164,-3.56335,1.29972,-0.67938
164,-3.70996,0.949181,-0.309423
164,-3.54701,1.30317,-0.736176
164,-3.32547,0.291717,-1.26594
164,-3.52429,1.38082,-0.838701
164,-3.65768,0.987085,-0.498325
164,-3.56155,1.33004,-0.754378
164,-3.77116,0.952529,-0.256409
164,-3.45208,1.39734,-1.07818
164,-3.65591,0.981088,-0.635404
164,-3.69767,0.920422,-0.56187
164,-3.70666,1.00372,-0.546039
164,-3.73129,0.87359,-0.484295
164,-3.72312,0.990357,-0.514325
164,-3.61904,1.07457,-0.771704
164,-3.73893,0.88098,-0.486644
164,-3.58253,1.06688,-0.89846
164,-3.53906,1.01442,-1.0113
164,-3.73742,0.919692,-0.535554
164,-3.86058,0.711934,-0.22981
164,-3.46007,1.70918,-1.25886
164,-3.41122,0.29855,-1.32553
164,-3.64406,1.06691,-0.81787
164,-3.45077,1.51101,-1.31461
164,-3.66856,1.00385,-0.765313
164,-3.42124,0.345059,-1.34188
164,-3.47853,1.72189,-1.27257
164,-3.45527,1.54285,-1.33288
164,-3.7171,0.890841,-0.685349
164,-3.75931,0.935505,-0.594853
164,-3.60851,1.2958,-0.978642
164,-3.67934,0.918655,-0.806205
164,-3.49729,1.66828,-1.3015
164,-3.65724,0.888221,-0.886541
164,-3.81949,0.892938,-0.505028
164,-3.46543,0.330294,-1.36391
164,-3.46417,0.316204,-1.36801
164,-3.87104,0.441312,-0.427124
164,-3.92141,0.41592,-0.335222
164,-3.91152,0.457894,-0.367565
164,-3.65511,0.945261,-1.03402
164,-3.61604,1.12089,-1.14471
164,-3.7064,0.915189,-0.922239
164,-3.80742,0.824381,-0.687634
164,-3.62694,1.30219,-1.16986
164,-3.95611,0.412549,-0.347555
164,-3.96178,0.429768,-0.350479
164,-3.67134,0.923248,-1.08575
164,-3.67054,0.873131,-1.08786
164,-3.73721,0.895974,-0.932312
164,-3.67872,1.2472,-1.09077
164,-3.64568,1.11893,-1.17846
164,-3.63906,1.07186,-1.20127
164,-3.87532,0.518665,-0.647251
164,-3.67919,1.30236,-1.17047
164,-3.68368,1.30906,-1.17262
164,-3.94278,0.374233,-0.516578
164,-3.80535,0.519716,-0.862348
164,-4.08905,0.201283,-0.202899
164,-3.90525,0.509038,-0.66988
164,-4.13481,0.159052,-0.103546
164,-3.7571,0.950196,-1.09214
164,-3.68582,1.17174,-1.28587
164,-4.16199,0.179509,-0.111613
164,-4.13444,0.198069,-0.182604
164,-3.85445,0.477525,-0.886096
164,-3.74686,0.90818,-1.1757
164,-4.17172,0.14702,-0.115021
164,-3.95557,0.388828,-0.700056
164,-4.16148,0.178027,-0.207664
164,-4.20213,0.146415,-0.109399
164,-3.88579,0.462355,-0.943448
164,-3.90377,0.473476,-0.910967
164,-3.74146,1.18223,-1.33589
164,-3.74463,0.900407,-1.33456
164,-3.73343,1.20234,-1.40241
164,-4.08945,0.310998,-0.502236
164,-3.97635,0.403107,-0.859879
164,-4.03021,0.237493,-0.803781
164,-4.02833,0.395244,-0.879218
164,-4.02387,0.285431,-0.973217
164,-4.0124,0.493502,-1.11894
164,-4.11024,0.324052,-0.991591
164,-4.07958,0.310975,-1.08711
164,-3.98307,0.275069,-1.32205
164,-4.00248,0.170271,-1.29558
164,-4.48019,-0.794807,-0.12552
164,-4.03009,0.232665,-1.32579
164,-4.06093,0.151214,-1.30467
164,-4.04723,-0.0533628,-1.33504
164,-4.06271,-0.00841266,-1.33638
164,-4.08761,-0.0678706,-1.356
164,-4.11504,-0.062842,-1.34368
164,-4.37978,-0.822273,-1.17478
164,-3.18199,1.98072,-1.28107
162,-3.18199,1.98072,-1.28107
164,-2.91708,0.521205,-1.29923
162,-2.91708,0.521205,-1.29923
164,-3.50539,1.6716,-0.907474
142,-3.50539,1.6716,-0.907474
164,-3.42,1.81237,-1.29608
142,-3.42,1.81237,-1.29608
164,-3.36699,1.77022,-1.32364
142,-3.36699,1.77022,-1.32364
164,-3.50692,1.50459,-1.20521
143,-3.50692,1.50459,-1.20521
164,-3.09686,-0.178148,-1.32457
143,-3.09686,-0.178148,-1.32457
164,-2.76891,0.622664,-1.29656
143,-2.76891,0.622664,-1.29656
164,-3.7441,0.986762,-0.279802
141,-3.7441,0.986762,-0.279802
164,-3.76134,0.989871,-0.289655
141,-3.76134,0.989871,-0.289655
164,-3.81311,0.973957,-0.210373
141,-3.81311,0.973957,-0.210373
164,-3.19231,0.395131,-1.55001
146,-3.19231,0.395131,-1.55001
165,-2.49034,0.920123,-1.1767
165,-2.45328,0.363938,-1.10357
165,-2.53042,0.408008,-1.1346
165,-2.59125,0.797901,-1.17492
165,-2.60174,0.798714,-1.18816
165,-2.36143,-0.632941,-1.11992
165,-2.5787,0.616998,-1.25178
165,-3.57498,1.40561,0.757342
165,-2.46092,-0.386564,-1.0941
165,-2.37018,-0.526696,-1.24797
165,-2.60381,0.395667,-1.12475
165,-2.60193,0.713637,-1.29656
165,-2.61436,0.413586,-1.12965
165,-2.66976,0.728237,-1.1957
165,-3.46002,0.953084,0.592189
165,-2.66037,0.404943,-1.09548
165,-2.64653,0.368673,-1.11512
165,-2.46628,-0.445519,-1.16751
165,-2.4836,-0.385516,-1.18988
165,-3.60657,0.934483,0.811789
165,-2.50486,-0.362849,-1.23942
165,-2.5085,-0.462927,-1.20242
165,-2.47882,-0.47987,-1.26982
165,-2.47647,-0.603161,-1.23231
165,-2.73427,0.483939,-1.14621
165,-2.50033,-0.415661,-1.30462
165,-2.74843,0.555752,-1.17319
165,-2.55142,-0.366942,-1.28045
165,-3.74422,1.40374,0.71066
165,-2.59981,-0.348228,-1.23214
165,-2.61047,-0.342109,-1.23918
165,-3.20007,0.505578,-0.269303
165,-2.61735,-0.340046,-1.28575
165,-2.62022,-0.327146,-1.29401
165,-3.47176,0.889523,0.171597
165,-3.78336,0.921882,0.848001
165,-2.83516,0.596064,-1.30515
165,-2.73746,-0.264852,-1.15988
165,-2.70346,-0.316599,-1.24186
165,-2.74268,-0.291969,-1.18202
165,-2.74824,-0.185799,-1.23091
165,-2.79523,-0.11756,-1.17583
165,-2.79014,-0.253555,-1.17744
165,-2.74501,-0.224511,-1.31034
165,-2.7774,-0.294382,-1.20279
165,-2.80145,-0.238824,-1.17232
165,-2.83115,-0.194936,-1.12239
165,-2.7921,-0.273296,-1.19266
165,-2.81526,-0.263051,-1.19865
165,-2.82875,-0.249534,-1.19045
165,-2.84088,-0.123171,-1.22312
165,-2.81132,-0.29824,-1.21713
165,-2.82973,-0.102359,-1.29772
165,-2.83465,-0.115324,-1.31671
165,-3.93756,0.910268,0.85109
165,-3.60578,0.492335,0.242646
165,-2.91656,-0.204407,-1.10413
165,-2.90179,-0.197071,-1.1558
165,-2.90936,-0.106242,-1.21794
165,-3.01563,0.128511,-1.10079
165,-2.9159,-0.108316,-1.23004
165,-2.92948,-0.146498,-1.18051
165,-2.85912,-0.155137,-1.35254
165,-2.94197,-0.115697,-1.20563
165,-2.94951,-0.180831,-1.16688
165,-2.97605,-0.0416901,-1.19488
165,-2.97591,-0.109763,-1.20938
165,-3.0032,-0.0184821,-1.18746
165,-2.98895,-0.0543736,-1.20557
165,-3.05914,0.1424,-1.14204
165,-2.99919,-0.0556666,-1.21264
165,-3.01896,0.0859346,-1.24346
165,-3.40644,0.462789,-0.487447
165,-3.00731,-0.0195317,-1.23431
165,-2.99658,-0.22796,-1.1724
165,-3.62779,0.752928,-0.136484
165,-3.05375,-0.0511726,-1.25222
165,-3.10087,0.0911691,-1.20754
165,-3.13414,0.105918,-1.18808
165,-3.75242,1.40936,-0.314353
165,-3.04792,0.0138636,-1.36401
165,-3.39025,0.585181,-0.82488
165,-3.53533,0.879594,-0.637522
165,-3.07295,-0.25368,-1.22215
165,-3.71507,1.40856,-0.506161
165,-3.18607,0.265021,-1.28636
165,-3.76707,1.31724,-0.385914
165,-3.87436,1.34397,-0.41507
165,-3.33133,0.262874,-1.38407
165,-3.42049,0.276318,-1.3643
165,-3.39315,0.265939,-1.42909
165,-3.65996,0.537548,-0.941269
165,-3.96829,0.206503,-0.0526252
165,-3.99746,0.231987,-0.0910727
165,-3.46977,0.288893,-1.43536
165,-4.22235,-0.81744,0.872398
165,-3.7496,0.530601,-0.992144
165,-3.76892,0.526422,-0.980289
165,-3.53229,0.256491,-1.42883
165,-4.09835,0.675957,-0.28086
165,-3.81338,0.446056,-0.878681
165,-4.17738,-0.820598,0.554218
165,-3.79223,0.961029,-1.28596
165,-4.08644,0.417367,-0.388919
165,-3.62801,0.350939,-1.46672
165,-4.02525,1.87163,-1.27935
165,-3.98389,0.952786,-0.947239
165,-4.17049,0.183895,-0.192668
165,-4.40347,-0.805077,0.829971
165,-4.28173,-0.854908,0.558751
165,-4.29517,-0.798983,0.549938
165,-3.93278,0.436987,-0.92792
165,-4.32081,-0.81368,0.558464
165,-4.02411,0.148281,-0.68356
165,-4.09141,-1.17137,-0.0777478
165,-4.29231,-1.24981,0.443305
165,-4.16751,0.265135,-0.589722
165,-4.20068,-1.2618,0.198748
165,-4.28701,0.41129,-0.438646
165,-4.18523,0.0552317,-0.558679
165,-3.8967,0.0135751,-1.24748
165,-4.24512,-0.677334,-0.0994651
165,-4.21593,0.0476506,-0.574829
165,-4.27456,-0.695128,-0.0908013
165,-4.05496,0.413454,-1.17797
165,-4.16425,0.279726,-0.860377
165,-4.66084,-0.780754,0.835918
165,-4.61413,-0.769493,0.680389
165,-3.62265,-1.5503,-1.35219
165,-3.97448,0.020704,-1.27816
165,-4.14287,0.920884,-1.3022
165,-4.31474,-0.712766,-0.109338
165,-4.115,0.474495,-1.16986
165,-4.16322,0.26903,-0.967031
165,-4.08039,0.358353,-1.21278
165,-4.3301,-0.63389,-0.156526
165,-4.20691,0.242204,-0.878543
165,-4.24199,-1.23484,-0.102559
165,-4.34529,-0.618312,-0.158622
165,-4.02538,0.0246278,-1.30724
165,-4.78871,-0.762446,0.891503
165,-4.37315,-0.648059,-0.170225
165,-4.19717,0.252177,-1.05281
165,-4.21864,0.923683,-1.32945
165,-4.08648,0.160944,-1.2951
165,-4.65751,-0.758672,0.519711
165,-4.22336,0.260782,-1.01789
165,-4.15203,0.223234,-1.18822
165,-4.40331,-0.721914,-0.135879
165,-4.17788,0.275066,-1.17892
165,-4.10997,0.18662,-1.30392
165,-4.10826,0.276485,-1.35633
165,-3.74918,-1.51395,-1.37597
165,-4.11145,0.30663,-1.38673
165,-4.05288,-0.69098,-1.06231
165,-4.11454,0.237108,-1.37035
165,-4.12153,0.2531,-1.38251
165,-4.12125,0.245348,-1.3834
165,-4.47116,-0.654597,-0.185856
165,-4.16375,0.281715,-1.41836
165,-4.79649,-0.835158,0.527724
165,-4.22067,0.25354,-1.42485
165,-4.25788,-0.76556,-1.14924
165,-4.32115,-0.766139,-1.17681
165,-4.35096,-0.777251,-1.20284
165,-4.58929,0.313007,-1.22056
165,-2.79752,0.82445,-0.158401
164,-2.79752,0.82445,-0.158401
165,-4.25967,0.955299,-0.673951
164,-4.25967,0.955299,-0.673951
165,-4.15937,0.198268,-0.181903
164,-4.15937,0.198268,-0.181903
165,-3.72159,0.874413,-1.14789
141,-3.72159,0.874413,-1.14789
166,-3.14333,0.885633,0.512836
166,-2.15496,-0.569559,-1.17864
166,-2.27913,-0.594636,-1.26907
166,-2.32386,-0.56838,-1.31612
166,-2.45608,-0.367974,-1.18194
166,-2.45071,-0.350378,-1.28595
166,-2.38791,-0.549848,-1.30196
166,-2.25413,-1.04606,-1.26273
166,-2.48969,-0.447463,-1.20823
166,-2.49839,-0.665565,-1.26199
166,-2.53813,-0.686438,-1.19528
166,-2.62974,-0.322015,-1.31381
166,-2.87505,0.155588,-1.20045
166,-2.58526,-0.654151,-1.34293
166,-2.5989,-0.665679,-1.35658
166,-2.88226,-0.168466,-1.13384
166,-2.86477,-1.21781,-0.376607
166,-3.07162,-0.445744,-0.632843
166,-2.84189,-0.238109,-1.42949
166,-3.05814,0.0664911,-1.32324
166,-3.40323,-1.14315,0.512726
166,-3.02483,-1.26417,-0.350992
166,-3.39789,-1.14165,0.449412
166,-3.37587,-1.13328,0.278493
166,-3.42401,-1.38256,0.565534
166,-3.3768,-1.18978,0.251355
166,-3.47116,-1.22811,0.495859
166,-3.24035,-0.508698,-0.696113
166,-3.40799,-1.20361,0.277747
166,-3.37952,-1.21468,0.19282
166,-3.43085,-1.21069,0.288502
166,-3.45372,-1.25298,0.363387
166,-3.38648,-1.1956,0.124362
166,-3.38402,-1.19797,0.118125
166,-3.37185,-1.13696,0.0306315
166,-3.42623,-1.21273,0.12515
166,-3.38291,-1.26591,0.0340894
166,-3.44519,-1.25404,0.173992
166,-3.39589,-1.20448,0.00932479
166,-3.35507,-1.31712,-0.00585115
166,-3.32957,-1.35327,-0.0706329
166,-3.3939,-1.29198,0.0380589
166,-3.41755,-1.21088,0.0146812
166,-3.35526,-1.27358,-0.0947595
166,-3.31909,-1.31802,-0.150099
166,-3.42116,-1.22338,-0.00703305
166,-3.30875,-1.37966,-0.213727
166,-3.92932,0.232267,-0.0711805
166,-3.94483,0.254541,-0.0834684
166,-3.95157,0.20971,-0.061161
166,-4.01519,-0.748825,0.862214
166,-3.44222,-1.35274,-0.106278
166,-3.36824,-1.26196,-0.452459
166,-4.05694,0.405011,-0.152802
166,-3.50124,-1.44202,-0.234152
166,-3.23817,-1.4121,-1.04338
166,-4.19939,0.210564,-0.194625
166,-3.99031,0.136108,-0.653239
166,-4.05562,0.111361,-0.533324
166,-4.0368,0.157602,-0.693036
166,-3.94439,-0.122466,-0.769251
166,-4.27151,0.219069,-0.241667
166,-4.2853,0.178551,-0.235669
166,-3.85193,0.0429708,-1.20868
166,-3.99882,-0.13293,-0.800116
166,-3.4802,-1.44178,-1.07669
166,-4.21465,0.0508941,-0.593854
166,-4.11347,-1.21709,0.194244
166,-3.87948,0.277763,-1.63225
166,-4.25832,-1.19804,0.448173
166,-4.10506,-1.14337,-0.0879236
166,-4.11705,-1.14179,-0.102639
166,-4.11349,-1.17538,-0.0896351
166,-3.59897,-1.53979,-1.16239
166,-4.37613,-0.0694177,-0.484599
166,-4.13595,0.182379,-1.34966
166,-4.62196,1.56016,-1.33301
166,-4.56716,0.412836,-0.549582
166,-4.2977,-0.299195,-0.691671
166,-3.67252,-1.4278,-1.33805
166,-3.6284,-1.52074,-1.39512
166,-3.67159,-1.46463,-1.37701
166,-4.14569,0.323941,-1.8302
166,-4.50496,-0.318858,-0.405056
166,-4.65434,0.292006,-0.893389
166,-4.25445,-0.74495,-1.15173
166,-5.00701,-0.881579,0.832389
166,-4.86649,0.37364,-0.616769
166,-4.26736,-0.754005,-1.19086
166,-4.31525,-0.734919,-1.17484
166,-4.33208,-0.742965,-1.18876
166,-5.16323,-0.896959,0.905249
166,-4.39952,-0.731605,-1.15007
166,-4.77085,-0.34625,-0.710688
166,-4.94629,-0.506029,-0.707153
166,-3.8376,0.928035,-0.0844994
142,-3.8376,0.928035,-0.0844994
166,-3.83154,1.00068,-0.370762
144,-3.83154,1.00068,-0.370762
166,-3.97864,1.17412,-0.448085
144,-3.97864,1.17412,-0.448085
167,-2.28729,-1.11049,0.671884
167,-2.08931,-0.918663,-0.161429
167,-2.02197,-0.837277,-0.467522
167,-2.12878,-0.927481,-0.114223
167,-2.14725,-0.951855,-0.144134
167,-2.0776,-0.892163,-0.502962
167,-2.21357,-0.965669,-0.154368
167,-2.36776,-0.633473,-1.16416
167,-2.50058,-0.405521,-1.1334
167,-2.22924,-1.0122,-1.2199
167,-2.57373,-0.385373,-1.17346
167,-2.64144,-1.13704,-0.268675
167,-2.80502,-0.0628459,-1.28608
167,-2.71834,-0.287842,-1.26747
167,-2.83236,-0.0529385,-1.3008
167,-2.71482,-1.17347,-0.286972
167,-2.77199,-1.22489,-0.317076
167,-4.02577,0.216599,1.03104
167,-4.06956,0.228697,1.0507
167,-3.17191,0.116346,-1.22314
167,-3.14121,0.0836037,-1.26004
167,-2.8596,-1.27526,-0.348322
167,-2.91934,-1.27481,-0.391864
167,-2.9949,-1.26569,-0.354006
167,-3.18942,-1.29383,0.151597
167,-3.38917,-1.20095,0.516739
167,-3.35151,-1.33752,0.568342
167,-3.00687,-1.28134,-0.392869
167,-3.42647,-1.18782,0.524563
167,-3.01165,-1.28295,-0.434169
167,-3.04164,-1.28335,-0.382754
167,-3.41805,-1.23542,0.50494
167,-3.41907,-1.19443,0.433385
167,-3.33127,-1.1642,0.127783
167,-3.06889,-1.31085,-0.446541
167,-3.3366,-1.17722,0.00742495
167,-3.29243,-1.27344,0.00997746
167,-3.74719,0.694746,-1.27698
167,-3.34063,-1.24383,0.0449685
167,-3.34113,-1.22939,0.0264816
167,-3.36107,-1.19615,0.0226136
167,-3.30753,-1.30161,-0.00671387
167,-3.15813,-1.29696,-0.399307
167,-3.35513,-1.24009,0.00547767
167,-3.37112,-1.27364,0.0501395
167,-3.3827,-1.21179,0.00160128
167,-3.37912,-1.25743,0.00825071
167,-3.14321,-1.35045,-0.49654
167,-3.15494,-1.37647,-0.462463
167,-3.36576,-1.32754,-0.0152675
167,-3.20632,-1.33064,-0.436649
167,-3.33939,-1.3728,-0.060657
167,-3.40587,-1.25285,-0.0620649
167,-4.10236,0.22992,-0.181733
167,-3.30452,-1.23507,-0.427123
167,-4.10872,-0.744817,0.992334
167,-3.41164,-1.30355,-0.0798266
167,-3.4324,-1.26815,-0.0713409
167,-3.41791,-1.28163,-0.0926021
167,-3.42055,-1.29318,-0.0738019
167,-3.37587,-1.40001,-0.0569934
167,-3.35039,-1.40938,-0.125238
167,-3.44894,-1.31006,-0.0904511
167,-3.47348,-1.2779,-0.0888065
167,-3.38201,-1.41095,-0.174069
167,-3.46704,-1.32905,-0.085156
167,-3.30048,-1.38556,-0.45234
167,-3.43246,-1.43307,-0.0969076
167,-3.45879,-1.36308,-0.12101
167,-3.41054,-1.3378,-0.311554
167,-3.44596,-1.44277,-0.109803
167,-3.51053,-1.30109,-0.130289
167,-3.33209,-1.40669,-0.452215
167,-3.4704,-1.46848,-0.0797725
167,-3.49551,-1.37138,-0.140355
167,-3.45093,-1.40883,-0.221777
167,-3.46846,-1.41379,-0.219892
167,-4.24624,-0.775711,0.890743
167,-3.9748,0.481424,-1.3541
167,-3.4996,-1.48488,-0.129441
167,-3.57814,-1.56662,0.0624456
167,-3.58604,-1.55653,0.0476905
167,-3.48366,-1.32404,-0.498865
167,-3.53201,-1.45025,-0.23277
167,-3.48692,-1.32764,-0.512049
167,-3.60986,-1.5669,0.0545676
167,-3.61312,-1.55988,0.0410685
167,-4.34089,-0.799303,0.836947
167,-4.08102,0.234325,-1.25058
167,-4.07841,0.294176,-1.36308
167,-3.98499,0.0257928,-1.30123
167,-4.08357,0.205783,-1.3072
167,-4.12857,-1.13867,0.465069
167,-4.31962,-0.850872,0.54304
167,-3.42129,-1.39695,-1.05053
167,-4.11052,-1.21447,0.451261
167,-3.45604,-1.40876,-1.0106
167,-3.47244,-1.41163,-0.993244
167,-4.3859,-0.837792,0.561092
167,-3.45924,-1.42822,-1.08132
167,-3.46571,-1.41716,-1.08086
167,-4.02636,-1.12812,-0.0607912
167,-4.22662,-0.26745,-0.676306
167,-3.52582,-1.44187,-1.00812
167,-4.0745,-1.10438,-0.0902214
167,-4.2496,-0.741771,-0.0982713
167,-3.44564,-1.44065,-1.29034
167,-4.53711,-0.710227,0.553311
167,-4.07057,-1.12971,-0.107194
167,-3.46218,-1.41055,-1.30072
167,-4.09414,-1.11948,-0.0928065
167,-4.30649,-0.710129,-0.125032
167,-3.50217,-1.40825,-1.33946
167,-4.37799,-0.34388,-0.521749
167,-3.55393,-1.38596,-1.31941
167,-4.65465,-0.757607,0.671319
167,-4.36589,-0.73756,-0.129049
167,-4.64511,-0.694586,0.497124
167,-4.63524,-0.760234,0.537806
167,-4.39908,-0.37495,-0.534366
167,-4.18053,-1.21035,-0.0811816
167,-3.60588,-1.4465,-1.30031
167,-4.47022,-0.634309,-0.186414
167,-4.45015,-0.77502,-0.13242
167,-4.75752,-0.844919,0.691884
167,-4.47124,-0.749672,-0.159324
167,-3.68334,-1.45126,-1.37381
167,-4.78383,-0.828852,0.528268
167,-4.22183,-0.734114,-1.1463
167,-3.75332,-1.44666,-1.47561
167,-4.25954,-0.70433,-1.15219
167,-4.31726,-0.764507,-1.20542
167,-3.12681,0.199573,-0.21533
165,-3.12681,0.199573,-0.21533
167,-2.8312,-0.16605,-1.12477
165,-2.8312,-0.16605,-1.12477
168,-2.14838,-0.992895,0.59942
168,-2.203,-1.04068,0.666108
168,-2.16622,-1.03204,0.350797
168,-2.1991,-1.05378,0.27928
168,-2.20331,-1.05147,0.277116
168,-2.13827,-0.930168,-0.126134
168,-2.03841,-0.866777,-0.477478
168,-2.11508,-0.955532,-0.182355
168,-2.15094,-0.961563,-0.104332
168,-2.15161,-0.948316,-0.138241
168,-2.06266,-0.870422,-0.485231
168,-2.1331,-0.96972,-0.173777
168,-2.13971,-0.982627,-0.191527
168,-2.08028,-1.01239,-1.13909
168,-2.10198,-0.988279,-1.19501
168,-2.19795,-0.987391,-1.25625
168,-2.70416,-0.282458,-1.19651
168,-2.70275,-0.298069,-1.20414
168,-3.08805,-0.209608,-1.29578
168,-4.05595,0.238811,-0.202855
168,-3.42532,-1.2189,0.39828
168,-3.08204,-1.33047,-0.394213
168,-3.45885,-1.36792,0.562139
168,-3.43427,-1.40815,0.557066
168,-3.35561,-1.27161,0.0296344
168,-3.3151,-1.32146,-0.0228269
168,-3.37675,-1.24722,-0.00364071
168,-3.39299,-1.44182,0.0870582
168,-3.3582,-1.41525,-0.0495057
168,-3.29975,-1.39529,-0.250273
168,-3.1797,-1.41797,-0.516674
168,-3.19923,-1.41474,-0.524156
168,-3.22314,-1.4328,-0.478361
168,-3.50085,-1.40932,-0.0531852
168,-3.319,-1.46069,-0.569558
168,-3.31917,-1.46835,-0.567562
168,-3.47984,-1.46844,-0.205747
168,-3.5014,-1.47827,-0.207963
168,-4.43751,-0.662499,0.882283
168,-4.51951,-0.65645,1.0306
168,-3.5045,-1.34772,-0.513486
168,-4.4464,-0.712477,0.820683
168,-3.96903,-1.13318,0.227471
168,-3.98234,-1.07311,-0.021239
168,-3.95291,-1.08969,-0.0760434
168,-3.98966,-1.06887,-0.0654044
168,-4.54533,-0.755336,0.690921
168,-4.63948,-0.910631,0.908
168,-4.55604,-0.935591,0.618643
168,-4.62882,-0.860281,0.680868
168,-4.43274,-0.619478,-0.185528
168,-4.77296,-1.00606,1.16683
168,-4.49101,-0.662044,-0.204997
168,-4.55897,-0.656347,-0.2264
168,-4.55711,-0.951927,-1.35089
169,-1.83812,-0.763725,0.181292
169,-1.91557,-0.82637,0.154687
169,-2.15214,-1.00548,0.271509
169,-2.10191,-0.977531,0.0885153
169,-2.15523,-0.988301,0.0536112
169,-2.15954,-1.00511,0.0498672
169,-2.1191,-0.944281,-0.154565
169,-2.13171,-0.942575,-0.157114
169,-2.12887,-0.953017,-0.150092
169,-2.16767,-0.931588,-0.192208
169,-2.17976,-0.961147,-0.135289
169,-2.19056,-0.929636,-0.167329
169,-2.18894,-0.952455,-0.134365
169,-2.18738,-0.970763,-0.11034
169,-2.09228,-0.887825,-0.486548
169,-2.19723,-0.948578,-0.155266
169,-2.19516,-0.969766,-0.141979
169,-2.19387,-0.971326,-0.143346
169,-2.19562,-0.974752,-0.145107
169,-2.1119,-0.905442,-0.494037
169,-2.22434,-0.990969,-0.123346
169,-2.12918,-0.921818,-0.51124
169,-3.60919,-1.3399,1.12586
169,-3.44965,-1.22161,0.349833
169,-3.51878,-1.24892,0.357021
169,-3.44541,-1.20863,0.110083
169,-3.34439,-1.2886,0.00321144
169,-3.38199,-1.25268,0.026697
169,-3.44493,-1.22005,0.118838
169,-3.50012,-1.24197,0.285399
169,-3.41619,-1.20452,0.0145148
169,-3.60253,-1.21722,0.44129
169,-3.61331,-1.23287,0.492781
169,-3.51127,-1.24056,0.245389
169,-3.53597,-1.23158,0.28552
169,-3.3394,-1.32693,-0.0325486
169,-3.42564,-1.25643,-0.0151867
169,-3.43308,-1.25288,-0.0114173
169,-3.43281,-1.3009,0.0480152
169,-3.17524,-1.38554,-0.426499
169,-3.42046,-1.28783,-0.064203
169,-3.44865,-1.27354,-0.0251188
169,-3.48032,-1.24924,-0.0253406
169,-3.35431,-1.38593,-0.0963483
169,-3.46109,-1.25785,-0.073742
169,-3.16997,-1.41939,-0.515885
169,-3.43161,-1.31532,-0.0956478
169,-3.43412,-1.32236,-0.115565
169,-3.42431,-1.38714,-0.0418317
169,-3.39883,-1.41503,-0.0687826
169,-3.44982,-1.32888,-0.0966982
169,-3.44965,-1.33424,-0.126334
169,-3.43924,-1.3943,-0.054656
169,-3.41442,-1.42962,-0.074164
169,-4.38697,-0.654207,0.882489
169,-3.51654,-1.30419,-0.0994214
169,-3.41792,-1.40776,-0.183418
169,-3.79288,-1.00209,-0.0102217
169,-3.51516,-1.4946,0.0568066
169,-3.83467,-1.03292,-0.0165383
169,-3.31696,-1.47016,-0.521706
169,-3.55643,-1.5136,0.0467489
169,-4.44062,-0.692256,0.694154
169,-3.33013,-1.31619,-0.887734
169,-3.2997,-1.33978,-0.934801
169,-3.51534,-1.49184,-0.174919
169,-3.33563,-1.31444,-0.920544
169,-3.37325,-1.4674,-0.590553
169,-3.50898,-1.32255,-0.532469
169,-4.09917,-0.0536401,-1.35718
169,-3.39442,-1.47667,-0.598597
169,-3.39404,-1.52222,-0.552909
169,-3.35316,-1.3285,-1.0125
169,-4.20962,-0.062862,-1.41665
169,-3.44405,-1.29204,-1.19844
169,-4.69336,-0.917844,0.697771
169,-2.24948,-0.619889,-0.0721777
167,-2.24948,-0.619889,-0.0721777
170,-2.12337,-0.996825,0.388979
170,-2.11876,-0.997949,0.379001
170,-2.13377,-0.973506,0.352017
170,-2.1365,-0.975569,0.351986
170,-2.13606,-0.9759,0.285226
170,-2.09816,-1.00526,0.0787064
170,-2.13558,-0.984976,0.0653643
170,-2.21913,-0.998125,-0.0962781
170,-2.6448,-1.17586,-0.275116
170,-3.51035,-1.26722,1.12213
170,-2.95466,-1.35917,-0.392909
170,-3.00087,-1.38079,-0.416549
170,-3.50099,-1.28169,0.454731
170,-3.52368,-1.28759,0.503302
170,-3.48796,-1.24903,0.330088
170,-3.51246,-1.26077,0.402417
170,-3.49233,-1.36953,0.550296
170,-3.49692,-1.2447,0.286517
170,-3.06195,-1.3665,-0.459632
170,-3.51472,-1.23012,0.288264
170,-3.09931,-1.35128,-0.420011
170,-3.49974,-1.23725,0.243449
170,-3.51847,-1.22304,0.245031
170,-3.08125,-1.38936,-0.436816
170,-3.11174,-1.36587,-0.435503
170,-3.45152,-1.22658,-0.00253403
170,-3.14877,-1.36843,-0.421961
170,-3.4243,-1.27623,0.00780112
170,-3.40976,-1.30339,-0.029815
170,-3.3485,-1.38899,-0.0656033
170,-3.34845,-1.38126,-0.106018
170,-3.35778,-1.38832,-0.0992368
170,-3.33694,-1.38507,-0.164556
170,-3.4554,-1.28392,-0.109837
170,-3.49123,-1.31765,0.0218316
170,-3.2632,-1.38495,-0.392702
170,-3.37639,-1.35787,-0.202795
170,-3.39665,-1.42176,-0.0824428
170,-3.45849,-1.37955,-0.042731
170,-3.41158,-1.36501,-0.200108
170,-3.42585,-1.31811,-0.324397
170,-3.16983,-1.31628,-0.944171
170,-3.42975,-1.39314,-0.216747
170,-3.2738,-1.45153,-0.524493
170,-3.2797,-1.45757,-0.513211
170,-3.4692,-1.40704,-0.229014
170,-3.2496,-1.33668,-0.97995
170,-3.32473,-1.32441,-0.939702
170,-3.4316,-1.36991,-0.921559
170,-3.39615,-1.29139,-1.18105
170,-3.4336,-1.36643,-0.947275
170,-3.40708,-1.37298,-1.0488
170,-3.45222,-1.37485,-0.957937
170,-3.44206,-1.28313,-1.19414
170,-3.40277,-1.37646,-1.17157
170,-3.49442,-1.40244,-0.982823
170,-3.43712,-1.35415,-1.29108
171,-1.38661,-1.50963,0.381135
171,-2.12525,-0.97116,0.668881
171,-1.35027,-1.4834,0.0869147
171,-1.35361,-1.48892,0.0730647
171,-1.35586,-1.49284,-0.0491214
171,-2.05511,-0.882594,-0.0800627
171,-1.69737,-2.62354,0.724414
171,-1.69294,-2.76178,0.786052
171,-3.12013,-1.38667,-0.507308
171,-1.56477,-2.55182,-1.21622
171,-3.16064,-1.39373,-0.471944
171,-3.46725,-1.31826,-0.00569534
171,-3.18664,-1.37675,-0.519399
171,-3.15025,-1.42152,-0.507575
171,-3.44056,-1.34207,-0.116209
171,-3.20321,-1.43234,-0.46593
171,-3.40031,-1.43518,-0.0835692
171,-3.40766,-1.43097,-0.129852
171,-3.87358,-1.06435,-0.0575616
171,-3.90908,-1.03496,-0.0552348
171,-3.45566,-1.46068,-0.148745
171,-3.27451,-1.31801,-1.20106
171,-3.41492,-1.27557,-1.19959
172,-0.886423,-2.58762,2.02102
172,-0.885059,-2.59778,2.01559
172,-0.92198,-2.58459,1.96316
172,-0.876073,-2.27485,0.818723
172,-1.82693,-2.8431,2.01061
172,-1.91955,-2.92072,1.97573
172,-0.850869,-2.44753,0.395036
172,-0.79442,-2.48471,0.517082
172,-0.846506,-2.46239,0.436108
172,-0.860162,-2.49201,0.521161
172,-0.905904,-2.49105,0.502409
172,-0.844926,-2.3936,0.224399
172,-0.786883,-2.48553,0.511604
172,-0.911785,-2.47263,0.438445
172,-0.841354,-2.49363,0.513894
172,-0.727182,-2.48388,0.509401
172,-0.724903,-2.4416,0.3825
172,-0.791204,-2.47259,0.456875
172,-0.859681,-2.42174,0.285035
172,-0.784873,-2.43126,0.333067
172,-0.743496,-2.43043,0.340919
172,-0.798894,-2.47272,0.44941
172,-0.922004,-2.36693,0.0976355
172,-0.736813,-2.45291,0.402639
172,-0.7303,-2.47465,0.46491
172,-0.846097,-2.41791,0.264307
172,-0.899705,-2.36627,0.094927
172,-0.847052,-2.47741,0.440212
172,-0.857407,-2.44335,0.335068
172,-0.728875,-2.42963,0.326786
172,-0.90912,-2.41062,0.221712
172,-0.85202,-2.46151,0.386946
172,-0.788825,-2.41995,0.276772
172,-0.525792,-2.39898,0.280961
172,-0.727567,-2.49702,0.519103
172,-0.781597,-2.45698,0.380658
172,-0.782,-2.38068,0.151031
172,-0.842125,-2.37073,0.101003
172,-0.796008,-2.46001,0.380707
172,-0.665464,-2.45189,0.39001
172,-0.732645,-2.41854,0.270219
172,-0.914206,-2.50937,0.493549
172,-0.724517,-2.38282,0.163318
172,-0.919788,-2.45347,0.324184
172,-0.664085,-2.39402,0.21247
172,-0.849828,-2.40853,0.206386
172,-0.918215,-2.43391,0.263564
172,-0.733452,-2.47873,0.446325
172,-0.854812,-2.39255,0.152849
172,-0.91283,-2.45219,0.315527
172,-0.724659,-2.42035,0.268001
172,-0.885603,-2.41681,0.214351
172,-0.790911,-2.42784,0.271998
172,-0.734827,-2.38709,0.16179
172,-0.792125,-2.41175,0.218017
172,-0.666005,-2.38823,0.177629
172,-0.667903,-2.38206,0.156006
172,-0.785491,-2.37135,0.0924857
172,-0.925471,-2.47508,0.367111
172,-0.918397,-2.49876,0.437057
172,-0.616228,-2.47701,0.449597
172,-0.608058,-2.4537,0.38171
172,-0.67377,-2.4257,0.279326
172,-0.612954,-2.43766,0.32815
172,-0.729538,-2.36786,0.0870562
172,-0.617944,-2.42128,0.274753
172,-0.524623,-2.47723,0.46341
172,-0.921787,-2.42711,0.203667
172,-0.933919,-2.48793,0.381813
172,-0.60861,-2.50249,0.510305
172,-0.915396,-2.38553,0.0785711
172,-0.608932,-2.38828,0.165394
172,-0.734605,-2.41513,0.207965
172,-0.535822,-2.4402,0.333749
172,-0.610589,-2.50876,0.519795
172,-0.782883,-2.38236,0.0929255
172,-0.934216,-2.41307,0.145134
172,-0.926456,-2.41345,0.148178
172,-0.529211,-2.46192,0.396695
172,-0.617056,-2.48764,0.448072
172,-0.529173,-2.38631,0.160144
172,-0.914309,-2.50765,0.42096
172,-0.595176,-2.39601,0.162589
172,-0.54412,-2.41262,0.223019
172,-0.530483,-2.38089,0.0848447
172,-0.533334,-2.52371,0.490271
172,-1.86887,-2.80607,-0.149647
172,-1.88949,-2.87617,-0.195461
173,-0.0118492,-2.7417,2.47462
173,-0.0552578,-2.63425,1.96576
173,-0.0758168,-2.66121,1.99148
173,-0.0359468,-2.64627,2.0293
173,-0.0583237,-2.57612,1.68572
173,-0.0853036,-2.54162,1.41626
173,-0.0837999,-2.53767,1.40135
173,-0.100804,-2.58436,1.43809
173,-0.0806283,-2.54117,1.31439
173,-0.0549303,-2.72262,1.99092
173,0.10273,-2.81304,2.50607
173,0.0274042,-2.46966,0.947024
173,0.0458019,-2.47747,0.938565
173,0.0303146,-2.50599,0.92456
173,0.0344533,-2.51766,0.928505
173,0.0342321,-2.52464,0.91608
173,0.0723256,-2.54048,0.918408
173,0.68752,-2.63777,2.47264
173,0.7906,-2.58204,2.29311
173,0.67332,-2.52474,1.16305
173,0.762793,-2.55473,1.42235
173,0.69214,-2.60654,1.40868
173,0.593806,-2.53854,0.937696
173,0.716446,-2.567,1.31478
173,0.607049,-2.54851,0.98116
173,0.601034,-2.54258,0.934635
173,0.610251,-2.54807,0.972075
173,0.607311,-2.54486,0.939161
173,0.708989,-2.62315,1.38202
173,0.704213,-2.62547,1.37795
173,0.672054,-2.52495,0.942347
173,0.966513,-2.08593,0.0640105
173,0.715684,-2.63311,1.37982
173,0.68113,-2.53488,0.936843
173,0.67734,-2.54741,0.931758
173,0.630819,-2.58279,0.915021
173,0.637147,-2.58638,0.941598
173,0.627996,-2.58496,0.907042
173,0.630403,-2.58787,0.90668
173,0.730927,-2.545,0.966917
173,0.735067,-2.66049,1.38064
173,0.699477,-2.55622,0.929777
173,0.702423,-2.58647,1.03972
173,0.640824,-2.60228,0.899275
173,0.93396,-2.17094,0.0192666
173,0.727737,-2.65421,1.24016
173,0.652766,-2.60732,0.899686
173,0.807058,-2.53742,0.976755
173,0.766474,-2.56064,0.95953
173,0.766799,-2.57177,0.951278
173,0.839418,-2.59756,0.940485
173,0.868928,-2.64112,0.932738
173,0.892498,-2.6438,0.925606
173,1.52424,-2.60118,0.938932
173,1.52852,-2.61168,0.962964
173,1.5171,-2.6323,0.935986
174,1.34445,-2.63896,2.44825
174,1.45535,-2.62986,2.44205
174,1.12587,-2.62121,0.954314
174,1.22694,-2.69626,1.39851
174,1.71377,-2.61151,2.04598
174,1.72186,-2.61236,2.05373
174,1.40754,-2.7488,0.897284
174,1.51958,-2.81954,1.42052
174,1.42094,-2.78541,0.934451
174,1.4373,-2.76775,0.910685
174,1.51333,-2.66733,0.952567
174,1.5222,-3.14323,1.95997
174,1.74946,-2.50944,0.966024
174,2.86337,-0.750272,0.992129
174,2.83181,-0.85351,0.970547
174,2.82836,-0.934231,0.999063
174,2.87989,-1.03854,1.02141
174,2.88339,-1.0608,1.04094
174,2.70983,-1.39238,1.05545
174,2.83021,-1.71335,2.04066
174,2.7572,-1.42919,0.97657
174,2.80807,-1.43057,1.00669
174,2.80719,-1.42705,0.979742
174,2.92615,-1.28887,0.962107
175,1.57527,0.611255,0.928859
175,1.59372,0.614801,0.923094
175,1.65297,0.656968,0.939338
175,1.66903,0.682597,0.928648
175,1.68619,0.6793,0.924789
175,1.702,0.624416,0.941694
175,1.71435,0.72216,0.859438
175,1.81443,0.964135,1.32263
175,1.82246,0.995318,1.32006
175,1.72531,0.725653,0.850129
175,1.75012,0.657015,0.957671
175,1.85026,0.99423,1.31313
175,1.76814,0.718175,0.913357
175,1.94471,0.663844,1.60111
175,1.93982,0.668758,1.52763
175,1.95157,0.643742,1.55463
175,1.96662,0.987585,1.57282
175,2.02669,0.814521,1.78648
175,2.06367,0.672865,1.85516
175,2.04738,0.819173,1.75973
175,2.05134,0.820042,1.76853
175,2.07429,0.667611,1.84775
175,2.0148,1.0029,1.55161
175,2.10665,0.686527,1.98653
175,2.06699,0.775734,1.77899
175,2.11746,0.683433,1.98451
175,2.03624,0.88587,1.58689
175,1.91066,0.642087,0.960549
175,2.09052,0.644434,1.79598
175,2.05808,0.889823,1.57815
175,2.02995,0.833789,1.35486
175,2.07912,0.797004,1.58028
175,2.17149,0.653306,1.99598
175,2.08696,0.807232,1.57259
175,2.14185,0.983043,1.81205
175,2.04839,0.829831,1.35119
175,1.96379,0.641512,0.919962
175,2.20383,0.70441,2.04873
175,2.06517,0.842285,1.35791
175,2.1595,0.992699,1.79973
175,2.06159,0.865824,1.33284
175,2.21563,0.959363,2.0509
175,2.21708,0.651738,2.04752
175,2.23609,0.976611,2.05358
175,2.24846,0.68456,2.10035
175,2.24475,0.978136,2.05348
175,2.26986,0.684222,2.09791
175,2.28242,0.665272,2.09928
175,2.28358,0.982194,2.05604
175,2.3023,0.985465,2.05586
175,2.37596,0.644685,2.2893
175,2.5442,-0.163296,2.51808
175,2.58561,-0.266266,2.51967
175,2.59108,-0.249237,2.51928
175,2.67636,-0.186969,2.10351
175,2.70559,-0.19651,2.19802
175,2.68912,-0.0863987,1.84353
175,2.70815,-0.0969674,1.84946
175,2.70675,-0.0830647,1.8296
175,2.71424,-0.101152,1.82109
175,2.73378,-0.0244935,1.91266
175,2.75395,-0.102735,1.82304
175,2.78185,-0.103875,1.8027
175,2.79547,-0.186463,1.73414
175,2.75828,-0.498582,1.55961
175,2.80996,-0.108778,1.6904
175,2.69324,-0.460148,1.05147
175,2.69482,-0.458511,1.03963
175,2.71517,-0.485484,1.06783
175,2.88901,0.0447588,1.82412
175,2.90405,0.0481652,1.78076
175,2.90616,0.0442897,1.7808
175,2.75374,-0.470104,1.03518
175,2.86675,-0.541488,1.54657
175,2.93487,0.0470887,1.81246
175,2.85178,-0.898325,1.38717
175,2.77619,-0.795432,0.999046
175,2.93032,-0.0377601,1.60538
175,2.85774,-0.089493,1.17847
175,2.8241,-0.590773,1.00225
175,2.82229,-0.591648,0.991325
175,2.84198,-0.185535,1.02642
175,2.8466,-0.191452,1.04851
175,2.84357,-0.193234,1.0264
175,3.18691,-1.22341,2.63845
175,2.84705,-0.97964,0.98546
175,2.85722,-0.116923,0.997021
175,2.86376,-0.191433,0.998221
175,2.85928,-0.719871,0.986693
175,2.87104,-0.590581,0.97356
175,2.88326,-0.254536,0.977701
175,2.95691,-0.0330985,1.2976
175,2.89785,-0.252508,0.988244
175,2.89811,-0.730111,0.973307
175,2.90916,-0.259543,0.978829
175,2.91369,-0.192015,0.988118
175,2.91618,-0.358288,0.969993
175,2.92228,0.19672,0.972878
175,2.93124,-0.222978,0.984173
175,2.9385,-0.355618,0.95709
175,2.95037,0.186074,0.978451
175,2.94957,0.190301,0.964007
175,2.98963,0.131077,1.11408
175,3.00247,0.118718,1.13887
175,2.99166,0.12848,1.08594
175,2.96542,-0.354539,0.957683
175,2.971,-0.286866,0.974807
175,2.97958,-0.357874,0.94399
175,3.0315,0.0848893,1.09091
175,3.05935,-0.00149906,1.21479
175,3.0048,0.182152,0.937793
175,3.03314,0.0194353,0.930061
175,3.04171,0.0240346,0.92877
175,3.06643,0.0047825,0.95175
175,3.42193,-0.907205,2.65621
175,3.06874,0.0664257,0.923746
175,3.07366,0.0175181,0.936954
175,3.08195,0.0176153,0.955623
175,3.08302,-0.000293374,0.934988
175,3.08832,0.0144426,0.9287
175,3.1122,0.00539863,0.912993
175,3.13519,0.0117253,0.912895
176,1.60641,0.691708,1.39389
176,1.57944,0.968617,0.96458
176,1.58835,1.14143,0.968815
176,1.62163,1.15248,0.951981
176,1.70093,0.962174,0.903481
176,1.70169,1.18258,0.918017
176,1.95604,0.759773,1.79417
176,1.98344,0.771445,1.80137
176,1.94392,0.795197,1.61022
176,1.98697,0.758832,1.79423
176,2.01172,0.6393,1.81353
176,1.99848,0.766873,1.79922
176,2.01592,0.638988,1.80854
176,2.0047,0.76082,1.79295
176,2.03467,0.761179,1.78419
176,2.06196,0.695218,1.87051
176,2.11584,0.637754,2.04543
176,1.96111,0.781563,1.36378
176,2.02287,0.661962,1.58783
176,2.05008,0.822721,1.78805
176,1.96574,0.790683,1.35519
176,2.12658,0.656633,2.05336
176,2.05101,0.8741,1.79119
176,2.06151,0.826261,1.7768
176,2.0624,0.900591,1.78178
176,2.11034,0.931517,2.0219
176,2.10583,0.831028,1.67114
176,2.05736,0.826052,1.4311
176,2.06104,0.828696,1.42038
176,2.05262,0.835704,1.34855
176,2.17124,0.6613,1.7693
176,2.09092,1.01138,1.53207
176,2.15787,0.863272,1.77331
176,2.0353,1.01503,1.25726
176,2.16097,0.869421,1.7739
176,2.16852,0.869034,1.77841
176,2.29654,0.654896,2.27863
176,2.19643,0.665662,1.75607
176,2.11629,1.00718,1.53016
176,2.08513,0.705408,1.22025
176,2.20443,0.660476,1.7488
176,2.26089,0.734774,2.04744
176,2.19039,0.989582,1.79575
176,2.20006,0.881292,1.77173
176,2.20259,0.992479,1.82372
176,2.14658,1.00793,1.52959
176,2.22524,0.994922,1.80554
176,2.22737,1.00584,1.82054
176,2.22767,0.990368,1.80318
176,2.14985,0.873012,1.30826
176,2.15297,0.869973,1.30756
176,2.24309,1.01689,1.78841
176,2.13398,1.05454,1.21572
176,2.35205,0.707742,2.04512
176,2.22738,0.904948,1.54443
176,2.46772,0.654991,2.52683
176,2.16171,1.04439,1.20724
176,2.23314,1.02023,1.51366
176,2.25543,0.918142,1.54642
176,2.55454,0.678046,2.60754
176,2.4997,0.689306,2.25666
176,2.49443,0.996719,2.31421
176,2.56411,0.68778,2.48899
176,2.5458,0.697218,2.3648
176,2.63497,0.686322,2.72517
176,2.68853,0.193732,2.53912
176,2.34079,1.06027,1.14218
176,2.74159,0.0849401,2.56429
176,2.66614,0.984599,2.59057
176,2.75151,-0.00657171,1.75798
176,2.77185,0.111543,1.7315
176,2.70454,0.14032,1.37208
176,2.70977,0.150307,1.34105
176,2.79364,0.0244222,1.6662
176,2.71322,0.105864,1.31451
176,2.72447,0.049142,1.31593
176,2.785,0.214061,1.04116
176,2.78302,0.210774,1.02927
176,2.78843,0.188511,1.02932
176,3.17754,-0.148199,2.61901
176,2.85123,-0.241699,0.991988
176,2.85067,-0.177861,1.00526
176,2.85597,-0.232742,0.989446
176,2.85622,-0.178853,1.0071
176,3.19827,-0.171583,2.63897
176,2.85742,-0.0569248,1.01095
176,2.86868,-0.0286065,1.0663
176,2.86521,-0.119086,0.998565
176,2.88411,-0.0608293,0.986596
176,1.98207,0.825461,1.6904
175,1.98207,0.825461,1.6904
176,1.89495,0.659868,1.62006
175,1.89495,0.659868,1.62006
177,1.66741,0.754858,0.903044
177,1.62949,1.1037,0.938508
177,1.66027,1.10841,0.925742
177,1.91625,0.983699,1.79008
177,2.06752,0.700275,2.03243
177,2.00576,0.817508,1.77532
177,1.98508,0.844658,1.67392
177,1.97846,1.02154,1.54429
177,1.92236,1.03486,1.26878
177,1.94577,1.04269,1.29132
177,2.07951,0.866175,1.73211
177,2.01332,1.02143,1.53878
177,2.08105,0.836173,1.58328
177,2.03324,0.840283,1.34787
177,1.97542,1.02733,1.2559
177,2.04073,1.04701,1.56326
177,2.10108,0.876825,1.66663
177,1.98644,1.03744,1.25089
177,2.11454,0.882574,1.64747
177,2.12815,0.878618,1.67757
177,2.14315,0.876094,1.73786
177,2.06996,1.05607,1.53257
177,2.13339,0.882694,1.64816
177,2.08249,0.720033,1.19347
177,2.14707,1.01743,1.78257
177,2.02013,1.07177,1.23846
177,2.02484,1.07367,1.2612
177,2.19075,0.922637,1.74999
177,2.19334,0.891453,1.71401
177,2.17702,1.05113,1.77696
177,2.11409,0.881711,1.3111
177,2.19644,1.0554,1.8143
177,2.12878,0.885431,1.30943
177,2.15753,0.88216,1.40124
177,2.31179,1.01799,2.08982
177,2.39646,0.722862,2.08195
177,2.38008,1.0409,2.0601
177,2.61575,0.725724,2.338
177,2.65358,0.729092,2.25575
177,2.52244,1.70523,0.709513
177,2.91377,2.65395,2.43555
177,2.98514,2.54721,2.36704
177,2.97775,2.80699,2.54558
177,3.00333,2.58536,2.42063
177,2.80652,2.13307,1.00232
177,2.95703,2.88837,2.46406
177,3.04745,2.60521,2.58275
177,3.01744,2.65154,2.47387
177,3.08923,2.77673,2.69407
177,2.97603,2.65012,1.65386
177,2.95486,2.7652,1.59184
177,3.00266,2.51513,1.31124
177,3.02458,2.55635,1.39279
177,2.81072,2.22874,-0.0107987
177,2.90903,2.11847,0.330943
177,3.01555,2.55505,1.21587
177,3.11224,2.62813,1.6715
177,3.10852,2.66092,1.55151
177,3.11684,2.49022,1.38076
177,3.11283,2.55704,1.2708
177,3.05657,1.75423,0.0640004
177,3.35114,2.58561,0.853887
177,2.03774,0.890316,1.7967
176,2.03774,0.890316,1.7967
177,2.14069,0.912908,1.68467
176,2.14069,0.912908,1.68467
177,2.73371,0.132518,1.07443
175,2.73371,0.132518,1.07443
178,2.01683,0.838253,1.77266
178,2.11757,0.828319,1.76579
178,2.33846,1.05501,1.77297
178,2.30869,1.03696,1.47855
178,2.32282,1.05378,1.47364
178,2.32865,1.06103,1.14446
178,2.60649,1.85949,0.658597
178,2.71789,1.9411,0.525285
178,2.92559,2.85852,2.69866
178,2.94815,2.68979,2.51694
178,2.9619,2.69641,2.57079
178,2.98402,2.71186,2.68228
178,2.9623,2.70172,2.57096
178,2.95739,2.70051,2.46155
178,2.73095,2.06427,0.49511
178,2.94867,2.78344,2.466
178,2.8554,3.20635,2.43427
178,2.83231,3.32099,2.45994
178,3.14406,2.66394,2.81767
178,2.69286,2.15955,0.0828731
178,2.82213,2.11017,0.458387
178,2.70777,2.18676,0.0683098
178,2.71282,2.17606,0.0721774
178,3.13949,2.66278,2.59432
178,2.88854,2.82968,1.6377
178,2.97526,2.49168,1.35849
178,3.02389,2.41809,1.32636
178,3.12118,2.59832,1.96682
178,2.8431,3.23452,1.67669
178,3.03221,2.51002,1.3768
178,3.07034,2.46209,1.4004
178,2.84746,2.91906,1.07275
178,2.93216,2.63375,1.02189
178,2.82353,3.00624,1.06908
178,3.05119,2.52816,1.32831
178,3.0372,2.57824,1.32647
178,2.82067,3.10562,1.12048
178,3.00748,2.84996,1.54457
178,2.9613,2.63767,1.01371
178,3.0341,2.80837,1.56914
178,3.06658,2.5353,1.28958
178,3.10749,2.48755,1.38096
178,2.98938,3.01745,1.59425
178,3.10715,2.54472,1.40527
178,3.09231,2.56637,1.37064
178,2.98503,2.63059,0.994514
178,3.10066,2.53892,1.30128
178,3.11215,2.54889,1.3581
178,2.99075,2.67224,0.988093
178,3.00211,2.65849,1.00483
178,3.00696,2.66097,1.00326
178,3.11419,2.59592,1.3538
178,3.13351,2.60975,1.36653
178,3.06322,2.59936,0.959357
178,2.9838,3.00666,1.01398
178,2.95919,3.08997,1.01088
178,3.15963,2.62254,1.17741
178,3.23543,2.70076,1.56568
178,3.25517,2.725,1.52254
178,3.53526,2.60021,0.809587
178,3.69288,2.6903,0.754346
178,1.9617,1.04341,1.26722
177,1.9617,1.04341,1.26722
178,2.93262,2.7511,1.67969
177,2.93262,2.7511,1.67969
178,3.08386,2.84012,1.66847
177,3.08386,2.84012,1.66847
179,0.532572,1.25122,1.52509
179,1.60653,1.24097,0.886939
179,1.83272,1.19762,0.863093
179,2.08185,1.04369,1.52855
179,2.04367,1.04559,1.2399
179,2.73438,2.66804,2.45749
179,2.88034,2.6459,2.76449
179,2.74796,1.81316,0.607254
179,2.76051,1.80233,0.600267
179,2.58364,2.12163,0.168504
179,2.89598,2.85416,2.56778
179,2.82047,1.95411,0.542122
179,2.93908,2.85147,2.70338
179,2.83645,1.93003,0.544613
179,2.89174,2.85189,2.50193
179,2.74001,1.91037,0.0502903
179,2.75034,2.06595,0.322959
179,2.85644,1.96893,0.54517
179,2.84313,1.93064,0.412254
179,2.85945,1.98973,0.542981
179,3.01041,2.91629,2.80621
179,2.97134,2.90048,2.57922
179,2.91318,1.97759,0.37343
179,2.95521,2.47798,1.33139
179,2.94349,2.00634,0.352864
179,2.9925,2.44203,1.35274
179,2.99444,2.47149,1.38938
179,2.85743,2.58421,1.04121
179,2.83234,3.58499,2.75774
179,2.94707,2.43634,1.00881
179,2.89918,2.58019,1.0211
179,3.0209,2.52301,1.37511
179,3.03219,2.50439,1.37694
179,3.04272,2.48417,1.33131
179,3.07746,2.51131,1.40499
179,2.77265,3.36723,1.65252
179,3.05527,2.88387,1.61192
179,2.86226,3.41689,1.64536
179,2.94437,3.65347,2.40615
179,3.10732,2.86305,1.56504
179,3.11804,2.86859,1.57059
179,2.92704,3.13291,1.04831
179,3.07618,3.14545,1.6596
179,2.96371,3.09188,1.06351
179,2.87949,3.57827,1.60822
179,2.9789,3.08839,1.06041
179,3.21012,3.35241,2.48035
179,2.97494,3.07818,1.00619
179,3.09795,3.16549,1.66258
179,2.9434,3.16873,1.03617
179,3.26135,3.27344,2.51278
179,3.0999,3.16688,1.64413
179,3.10892,3.18492,1.65322
179,3.02665,3.0453,0.997747
179,3.03638,3.05164,1.01511
179,2.87839,3.53798,1.04752
179,2.88734,3.55379,1.04742
179,3.06524,3.17386,1.00934
179,3.09047,3.30393,1.0211
179,3.44584,3.37261,2.50269
179,3.10411,3.35561,0.998307
179,3.00929,3.6869,1.02769
179,3.16159,3.4701,0.984486
179,3.17435,3.48136,0.96645
179,3.17988,3.52154,1.04471
179,2.63967,1.72804,0.652975
178,2.63967,1.72804,0.652975
179,2.25919,1.63033,0.832369
178,2.25919,1.63033,0.832369
179,2.85607,1.71424,0.18999
177,2.85607,1.71424,0.18999
179,2.54834,1.6294,0.371976
177,2.54834,1.6294,0.371976
180,2.59793,2.1677,0.164157
180,2.8277,2.07777,0.557409
180,2.8433,2.49549,1.02887
180,2.95113,3.08707,2.7861
180,3.01095,3.09329,2.79612
180,3.00595,3.10117,2.77814
180,3.04078,2.41148,0.956232
180,3.02507,2.45103,0.963977
180,2.88592,3.05211,1.64292
180,2.94911,3.07768,1.66923
180,2.89952,3.62695,2.78216
180,3.04853,2.90527,1.61451
180,3.05069,3.25261,2.36848
180,2.90166,3.19078,1.61921
180,2.94479,3.69811,2.79519
180,2.92034,3.61155,2.3733
180,2.93815,3.0761,1.05235
180,2.94011,3.70098,2.50189
180,2.98672,3.02262,0.986641
180,2.96134,3.6542,2.40177
180,3.04833,3.7103,2.81158
180,2.98004,3.10971,1.04709
180,3.01471,3.0383,0.995142
180,2.984,3.11129,0.99154
180,2.99644,3.36831,1.65546
180,3.04661,3.774,2.81699
180,3.02745,3.36191,1.66411
180,2.97761,3.19962,1.0349
180,2.80241,3.50082,1.05607
180,3.03192,3.3909,1.65548
180,2.9392,3.29452,1.0466
180,2.99988,3.74896,2.35692
180,2.82753,3.49788,1.04209
180,3.01965,3.37819,1.38426
180,2.62949,4.19843,1.79742
180,3.0904,3.42551,1.71437
180,2.85533,3.54511,1.041
180,2.60876,4.22662,1.52707
180,3.17173,3.41155,1.69329
180,2.23781,4.4341,0.144107
180,2.64381,4.33568,1.37439
180,2.77632,4.34773,1.87656
180,2.74099,4.36556,1.77754
180,2.7435,4.38426,1.53905
180,2.98331,3.80085,1.03706
180,2.72928,4.42956,1.36384
180,3.09354,3.84858,1.00798
180,2.82238,4.73207,1.89993
180,2.65103,5.01611,1.75797
180,2.95047,4.96021,2.67129
180,2.81432,4.87762,1.89699
180,2.93141,4.96124,2.42781
180,2.69632,4.95223,1.35949
180,3.03924,4.26328,1.00269
180,2.80711,5.02895,1.89391
180,2.83075,4.24481,0.0331523
180,3.21753,4.13654,0.944659
180,3.21566,4.17362,0.978699
180,3.289,4.04841,0.941367
180,2.87366,4.37316,0.0459006
180,2.0441,2.55534,2.42491
179,2.0441,2.55534,2.42491
180,3.032,3.15735,2.56912
179,3.032,3.15735,2.56912
180,3.03324,3.24775,2.46762
179,3.03324,3.24775,2.46762
180,3.03234,2.17557,0.140711
178,3.03234,2.17557,0.140711
180,2.89449,3.24197,1.79074
178,2.89449,3.24197,1.79074
180,2.83211,2.64227,2.52319
178,2.83211,2.64227,2.52319
180,3.20172,3.45824,1.76627
178,3.20172,3.45824,1.76627
181,2.75016,2.80664,2.48054
181,2.78008,2.10213,0.373632
181,2.86839,2.77607,2.4895
181,2.79526,2.09625,0.274802
181,2.91103,2.76649,2.49283
181,2.83919,2.50351,1.40289
181,2.84425,2.50643,1.42096
181,2.85401,2.57806,1.5851
181,2.89133,2.44907,1.33467
181,2.86094,2.53467,1.44654
181,2.93247,2.42095,1.40078
181,2.85715,2.50736,1.34138
181,2.90395,2.46913,1.39938
181,2.86796,2.59065,1.58519
181,2.89647,2.56679,1.57262
181,2.90634,2.51886,1.46379
181,2.92452,2.54367,1.58231
181,2.89111,2.53306,1.39496
181,2.83843,2.46903,1.0169
181,2.96738,2.44873,1.42019
181,2.9492,2.56934,1.66707
181,2.89949,2.80237,2.051
181,2.98658,2.58162,1.66492
181,2.93025,2.45676,0.994314
181,2.97609,3.09524,2.69787
181,3.03422,2.41115,0.954784
181,2.95805,2.8379,1.80362
181,2.8925,2.87677,1.65475
181,2.90569,3.30324,2.77633
181,2.94999,3.26263,2.77854
181,3.00199,2.85359,1.8072
181,3.02529,2.82637,1.80689
181,2.93749,2.83648,1.48667
181,2.94009,2.89474,1.64666
181,2.94684,2.84174,1.50864
181,2.93359,2.90363,1.62323
181,2.8759,3.03053,1.66978
181,2.97716,2.86221,1.52712
181,2.99858,3.30282,2.78977
181,3.02676,2.81755,1.57222
181,3.04706,2.80067,1.5593
181,2.9821,3.3501,2.7923
181,3.16241,2.42425,0.909994
181,2.83099,3.07411,1.04973
181,2.76871,3.41404,1.72651
181,2.88681,3.05043,1.07867
181,2.8126,3.41479,1.62978
181,2.90428,3.05831,1.01001
181,2.80287,3.4967,1.73203
181,2.89272,3.11695,1.02891
181,2.9864,3.28283,1.70839
181,2.98476,3.03136,0.995577
181,2.98992,3.02759,0.985986
181,2.83079,3.53132,1.67835
181,2.99101,3.05859,1.00636
181,2.96686,3.08915,0.985223
181,3.00808,3.36191,1.74576
181,3.04256,3.05534,0.990491
181,2.94205,3.22761,1.01896
181,3.0598,3.3421,1.74311
181,3.01496,3.12945,0.985037
181,2.97616,3.19865,1.01033
181,3.05951,3.07004,0.966593
181,3.07576,3.04384,0.951149
181,3.03912,3.39027,1.74536
181,2.92895,3.29386,1.04452
181,3.0011,3.21447,1.08457
181,2.82014,3.50918,1.04591
181,2.57292,4.1518,1.81325
181,2.81208,3.53494,1.06156
181,2.539,4.19697,1.784
181,2.83009,3.55113,1.05056
181,2.61083,4.16874,1.8631
181,2.58633,4.16826,1.73769
181,2.84333,3.57283,1.04942
181,2.61254,4.19473,1.80024
181,2.12562,4.30984,0.209722
181,2.61053,4.22372,1.77864
181,2.61355,4.19944,1.72183
181,2.60112,4.19153,1.54637
181,2.61366,4.20942,1.51492
181,2.62665,4.25034,1.55644
181,2.66718,4.31288,1.36873
181,2.66553,4.34308,1.36947
181,2.66897,4.11761,0.68966
181,2.73826,4.36577,1.25026
181,2.64468,4.67656,1.68608
181,2.70719,4.4322,1.24799
181,2.70229,4.24609,0.681763
181,3.14948,4.0489,1.66526
181,2.70723,4.70517,1.68895
181,2.76698,4.27992,0.649441
181,2.48771,5.15656,1.57441
181,2.55109,5.11374,1.68053
181,3.10414,4.12561,0.995275
181,2.44543,5.29211,1.42207
181,3.03981,4.30461,0.983654
181,3.2489,4.0174,0.950569
181,2.51317,5.21529,1.34544
181,2.82608,4.3292,0.0827402
181,3.40148,4.15056,1.58062
181,2.9412,4.35031,-0.0365291
181,2.96208,2.44631,2.4452
179,2.96208,2.44631,2.4452
181,3.03887,2.47584,2.47476
179,3.03887,2.47584,2.47476
182,2.84432,1.99518,0.379486
182,2.92897,2.18699,0.945185
182,2.92678,2.51273,1.37428
182,3.00391,2.43782,1.37088
182,2.85601,2.50122,1.00189
182,2.93721,2.60608,1.57376
182,3.11642,2.76957,2.67516
182,3.05493,2.46996,1.38227
182,2.97836,3.06398,2.76816
182,2.99319,2.8484,1.60385
182,2.96787,2.84227,1.41135
182,2.90549,2.98642,1.60266
182,3.05751,3.12807,2.5702
182,2.75247,3.04284,1.12311
182,3.04466,3.15239,2.54345
182,3.07959,3.13641,2.48983
182,2.97557,3.07667,1.65358
182,2.94049,3.09763,1.57671
182,3.22508,3.11299,2.5003
182,1.6346,4.62275,0.923957
182,2.94455,3.04588,0.976813
182,2.99468,3.01757,0.991361
182,3.02219,3.24112,1.5724
182,2.99937,3.08045,0.966144
182,3.04443,3.03162,0.956292
182,3.00929,3.10996,0.972167
182,3.01827,3.1764,1.06684
182,2.82274,3.51172,1.03971
182,2.94648,3.56895,1.64921
182,2.51901,4.18856,1.8255
182,2.57092,4.14524,1.86462
182,2.60239,4.14435,1.86702
182,3.0662,3.28434,1.01963
182,3.07481,3.32651,1.07556
182,1.83917,4.66531,0.427228
182,2.90026,3.52655,0.999849
182,2.60609,4.18362,1.70931
182,2.63339,4.21983,1.77377
182,2.16397,4.31205,0.198516
182,2.17472,4.33104,0.177326
182,2.71645,4.20545,1.79321
182,1.94037,4.9023,0.584105
182,2.77467,4.30635,1.80179
182,2.20887,4.53312,0.354382
182,2.74872,4.29045,1.53217
182,3.03563,3.83466,0.991282
182,2.65571,4.59816,1.66165
182,2.63129,4.62955,1.66318
182,2.71296,4.61272,1.87488
182,2.69418,4.59893,1.66011
182,2.73556,4.63694,1.86547
182,2.66611,4.66207,1.66572
182,2.69983,4.63896,1.66444
182,3.07025,3.96994,0.994532
182,3.04974,4.04822,0.997374
182,2.77399,4.6968,1.87289
182,2.6425,4.84589,1.74929
182,2.8822,4.88383,2.60171
182,3.13313,4.04651,0.978737
182,2.64215,4.98078,1.76933
182,2.64794,4.97572,1.75661
182,2.868,4.3043,0.572252
182,2.55583,5.11261,1.74405
182,2.62754,5.00778,1.69338
182,2.62998,4.98385,1.53138
182,2.34448,5.23236,1.17174
182,2.35457,5.24264,1.2066
182,2.63972,4.99673,1.51417
182,2.59204,5.09108,1.58962
182,2.55553,5.07551,1.38362
182,2.55933,5.07137,1.33566
182,2.88803,4.2232,-0.0123401
182,2.6073,5.21714,1.85436
182,2.27854,5.15841,0.430276
182,2.61233,5.2167,1.83984
182,2.55311,5.20671,1.56013
182,2.52148,5.18676,1.32974
182,2.88584,4.29007,-0.0027349
182,2.87062,4.96151,1.8254
182,2.58783,5.21987,1.45112
182,2.6201,5.18498,1.37083
182,2.78068,4.99796,1.31013
182,2.94571,4.99596,1.85287
182,2.94994,5.01589,1.85753
183,2.85469,2.82719,2.60363
183,2.89218,2.4477,1.31758
183,2.83906,2.83415,2.49661
183,2.81581,2.64637,1.68714
183,2.76047,2.52439,1.02804
183,2.90021,2.50034,1.3995
183,2.86459,2.84437,2.49076
183,2.92013,2.50058,1.32717
183,2.77218,2.57562,1.06064
183,2.86659,2.67108,1.69419
183,2.71142,2.85644,1.74648
183,2.73961,2.81724,1.67886
183,2.7058,2.86358,1.56227
183,2.71523,2.8719,1.55096
183,2.86355,2.74388,1.60475
183,0.929549,4.49658,0.951908
183,0.977153,4.51667,1.05264
183,2.85714,2.7967,1.60004
183,2.74636,3.19677,2.5893
183,2.78224,2.74102,1.07027
183,2.80284,2.73113,1.07285
183,2.75483,3.20622,2.58644
183,2.7396,3.18429,2.45302
183,2.8682,3.07134,2.48115
183,1.02838,4.46519,0.846699
183,0.903229,4.64036,0.803564
183,2.7246,3.17134,1.89564
183,2.72205,3.16631,1.83861
183,0.918328,4.51067,0.19387
183,2.59146,3.3068,1.71398
183,1.1428,4.58324,1.09301
183,2.79539,2.92592,1.05334
183,2.76276,3.00379,1.04392
183,1.20889,4.4979,0.822101
183,2.75603,3.05973,1.07646
183,2.80977,3.0209,1.07347
183,2.81194,3.01901,1.03051
183,0.928808,4.74832,0.388735
183,2.66982,3.43783,1.71285
183,2.66127,3.43266,1.66269
183,1.37833,4.50302,0.346661
183,2.65387,3.45715,1.09427
183,1.40749,4.47485,0.276406
183,2.77656,3.54918,1.8119
183,1.35501,4.67266,0.718408
183,1.34159,4.5982,0.397177
183,2.80148,3.57055,1.91801
183,2.78302,3.56196,1.81943
183,2.79632,3.57424,1.89354
183,2.7995,3.57838,1.81524
183,2.82145,3.59702,1.90436
183,2.80884,3.61535,1.86166
183,2.81167,3.58328,1.75336
183,2.71549,3.50539,1.07385
183,2.72942,3.50406,1.08104
183,1.51785,4.5455,0.475809
183,2.71607,3.52516,1.10186
183,1.33946,4.92433,1.08507
183,2.84379,3.64537,1.8558
183,1.5928,4.53533,0.503899
183,1.60889,4.67317,0.936824
183,1.61377,4.54573,0.494702
183,3.67965,3.20049,3.00571
183,2.80352,3.58276,1.14106
183,2.45674,4.15055,1.83245
183,1.6435,4.73858,0.892181
183,2.39886,4.13996,1.42555
183,1.67519,4.60884,0.466012
183,2.40541,4.02243,0.7615
183,2.48471,4.16889,1.33034
183,2.48162,4.11323,0.73017
183,2.47119,4.48234,1.7329
183,2.57756,4.18005,0.687943
183,2.39251,4.60757,1.25615
183,3.00858,3.98143,1.0268
183,2.26483,4.86654,1.41088
183,2.38452,4.89333,1.83054
183,2.35538,4.89738,1.64907
183,2.3384,4.97356,1.71808
183,2.35313,4.98826,1.8226
183,2.35393,4.98985,1.80131
183,2.21158,4.99897,1.31246
183,2.36928,4.93773,1.65551
183,2.34538,4.98209,1.71362
183,2.29558,5.03315,1.71355
183,2.46269,4.92521,1.81703
183,2.44611,4.93462,1.75689
183,2.41864,4.93746,1.63439
183,2.40417,4.97096,1.63905
183,2.40419,4.98739,1.64871
183,2.27405,5.04601,1.39056
183,2.54735,4.78406,1.42572
183,2.4946,4.96313,1.80036
183,2.52007,4.83505,1.36841
183,2.33058,5.10266,1.62412
183,2.34102,5.09285,1.61681
183,2.1966,5.1567,1.2582
183,2.53539,4.82676,1.2199
183,2.56328,4.96201,1.79729
183,2.38713,5.094,1.55836
183,2.59969,4.84068,1.35898
183,2.38748,5.10755,1.50926
183,2.38572,5.15239,1.49805
183,2.41869,5.13453,1.4967
183,2.33665,5.24297,1.40039
183,2.73676,3.051,1.16008
182,2.73676,3.051,1.16008
183,2.45012,2.90934,1.23072
181,2.45012,2.90934,1.23072
183,2.89943,3.63293,1.58574
179,2.89943,3.63293,1.58574
183,3.11053,3.77773,1.53465
178,3.11053,3.77773,1.53465
184,2.84599,2.63308,1.0221
184,2.86486,2.64199,1.03916
184,2.83692,2.90884,1.7381
184,0.966923,4.38932,1.02562
184,0.930257,4.43434,1.06233
184,2.79851,2.89546,1.46818
184,1.0007,4.37388,1.02203
184,2.80378,3.03822,1.75381
184,3.03094,3.03333,2.49298
184,2.77006,2.89484,1.07156
184,2.72977,2.97021,1.06769
184,2.8299,3.07498,1.75417
184,3.02628,3.11561,2.49946
184,3.04522,3.1361,2.63784
184,1.03553,4.43828,0.828542
184,2.81238,3.20549,2.0295
184,2.64496,3.47453,2.36574
184,1.0768,4.52541,0.801146
184,2.86612,3.11651,1.10496
184,0.932566,4.82934,1.10635
184,0.991876,4.55597,0.13972
184,0.963154,5.04601,0.992318
184,1.34523,4.78072,1.02108
184,2.78472,3.51937,1.05114
184,2.39597,4.06704,1.82188
184,2.78862,3.52293,1.06857
184,1.33212,4.79674,1.01794
184,2.3856,4.08203,1.82163
184,1.33933,4.79273,1.00835
184,2.43627,4.06523,1.83575
184,1.40437,4.69213,0.704936
184,1.38945,4.71398,0.694907
184,2.8742,3.59605,1.03442
184,1.63889,4.56981,0.49051
184,1.65862,4.55156,0.473396
184,2.42673,4.13244,1.42268
184,1.44868,4.9896,1.042
184,2.5031,4.21603,1.39693
184,1.70852,4.79319,0.861122
184,1.74551,4.77358,0.866984
184,1.49966,5.03605,1.02023
184,2.3994,4.49841,1.72172
184,2.97989,3.83479,1.03946
184,2.33793,4.61053,1.40029
184,2.57482,4.53357,1.69295
184,2.58197,4.54882,1.69348
184,2.3868,4.65148,1.39026
184,2.4221,4.72479,1.38767
184,2.15582,4.97355,1.31338
184,2.34416,4.94253,1.79898
184,2.21018,4.94814,1.31028
184,2.43858,4.895,1.81153
184,2.30508,4.98821,1.7111
184,2.4438,4.9013,1.72313
184,2.37741,4.96076,1.63477
184,2.48689,4.97239,1.79415
184,2.56025,4.8006,1.366
184,2.22885,4.83707,0.32036
184,2.6224,4.91463,1.86439
184,2.39669,5.12489,1.60632
184,2.43573,5.21577,1.87317
184,2.76633,4.92898,1.87789
184,2.2875,5.21055,1.25042
184,2.80134,4.96574,1.93924
184,2.27466,5.34272,1.30628
184,2.98751,5.25729,1.96226
184,2.69958,3.13297,1.78913
180,2.69958,3.13297,1.78913
185,0.235867,4.00137,0.663644
185,2.80368,3.25859,2.58564
185,2.80493,2.91628,1.05577
185,2.84632,3.27254,2.5993
185,2.8079,2.91316,1.00869
185,2.80636,3.2113,2.0334
185,0.985984,4.3875,1.02356
185,1.03331,4.37466,1.01732
185,2.81131,3.00738,1.03233
185,2.68743,3.54643,2.76327
185,2.82371,3.08416,1.03576
185,0.955213,4.59138,0.755681
185,0.955288,4.60152,0.757735
185,0.994996,4.65435,0.812378
185,0.993319,4.6625,0.759978
185,1.0013,4.67445,0.798078
185,1.1351,4.56439,0.773054
185,0.994711,4.81613,1.06731
185,0.995319,4.81803,1.05956
185,0.973461,4.76353,0.768121
185,0.988566,4.78731,0.746791
185,1.01309,4.809,0.730436
185,2.38269,4.0459,1.89941
185,1.46921,4.38153,0.139384
185,1.0108,4.98879,1.07182
185,1.54483,4.56974,0.961008
185,2.85244,3.59125,1.05508
185,1.47153,4.65965,1.00002
185,2.40919,4.13752,1.81602
185,1.02539,4.87051,0.291891
185,0.993725,5.06273,0.968092
185,1.00773,4.97728,0.632812
185,1.42109,4.6799,0.690679
185,2.91355,3.61355,1.03103
185,2.4725,4.15142,1.81239
185,1.62147,4.50815,0.494555
185,2.4799,4.11417,1.5617
185,1.41863,4.73492,0.68682
185,1.65844,4.52002,0.495396
185,1.68215,4.51442,0.452846
185,2.46624,4.19672,1.40277
185,1.6662,4.59249,0.464516
185,1.43044,4.94227,1.03022
185,2.51988,4.21342,1.4945
185,2.56392,4.1949,1.38447
185,1.45875,4.98034,1.02255
185,2.58198,4.19182,1.3557
185,2.50269,4.26437,1.39552
185,2.09739,4.43926,0.403111
185,1.76353,4.84399,0.848222
185,3.08789,3.88872,1.009
185,2.17267,4.745,1.35401
185,2.49785,4.50823,1.38608
185,2.61962,4.60797,1.99159
185,2.73562,4.74935,2.88464
185,2.32879,4.89612,1.78581
185,2.29934,4.90715,1.72711
185,2.3093,4.91925,1.7855
185,2.47901,4.83939,1.78198
185,2.34883,4.97618,1.70674
185,2.40798,4.91105,1.61972
185,2.43673,5.01178,1.84787
185,2.46495,5.02792,1.84742
185,2.38971,5.1171,1.60467
186,0.240689,3.99219,0.651074
186,0.096287,4.13373,0.736354
186,0.247514,4.21225,1.2325
186,0.283526,4.12778,0.708947
186,0.91369,4.33247,1.0158
186,0.959647,4.30871,1.04294
186,0.963603,4.31107,1.04386
186,2.69241,3.56244,2.77189
186,0.99412,4.33478,1.0236
186,0.949771,4.39312,1.06454
186,1.01684,4.35835,1.00997
186,0.9931,4.34599,0.854751
186,1.01912,4.36475,0.930232
186,1.04626,4.37637,1.02714
186,0.940863,4.47227,1.04139
186,1.04045,4.39379,0.991466
186,1.0145,4.40891,0.835808
186,1.03421,4.42927,0.89173
186,1.03541,4.44194,0.893618
186,1.09111,4.48882,0.795734
186,0.970304,4.58212,0.837357
186,0.977773,4.60456,0.781535
186,0.948785,4.72573,0.784644
186,0.974064,4.7878,1.0657
186,1.33374,4.45419,0.304752
186,1.00648,4.85128,1.04701
186,2.88848,3.59377,1.04989
186,1.00255,4.80917,0.735998
186,0.971373,4.94243,1.09415
186,0.991748,4.9501,1.09245
186,0.987448,4.79493,0.359186
186,0.974095,4.88925,0.676877
186,2.47746,4.13495,1.8081
186,2.49065,4.11555,1.75638
186,1.01862,4.98799,1.06735
186,0.968123,5.03209,1.00262
186,2.50816,4.18027,1.79358
186,1.64345,4.57933,0.925772
186,2.57814,4.15418,1.82887
186,2.50441,4.14312,1.5543
186,0.976455,5.06472,0.987341
186,0.996538,4.97605,0.631195
186,1.6611,4.52414,0.482811
186,1.00419,5.08612,0.96485
186,2.40764,4.39739,1.92319
186,2.04956,4.36061,0.459402
186,1.49036,4.79607,0.65262
186,2.02434,4.3885,0.439764
186,2.39691,4.47056,1.72126
186,1.44525,4.97779,1.03162
186,2.42213,4.42597,1.40416
186,2.51187,4.50659,1.92064
186,2.50538,4.51744,1.90758
186,2.88652,4.10645,1.02469
186,2.53835,4.54323,1.70164
186,2.40664,4.59942,1.40433
186,2.22064,4.76625,1.4219
186,1.8797,4.85777,0.810547
186,2.43039,4.65144,1.38513
186,2.48881,4.66299,1.38085
186,2.51105,4.6852,1.37293
186,2.78077,4.81819,2.6487
186,2.14824,4.9413,1.31955
186,2.32534,4.93593,1.71325
186,2.42703,4.83727,1.56214
186,2.30707,4.98095,1.70836
186,2.38305,4.95792,1.70871
186,2.38099,4.916,1.40501
186,2.50884,4.90095,1.67631
186,2.40663,4.989,1.70245
186,2.54022,4.92238,1.79206
186,2.40382,4.99637,1.69858
186,2.42789,4.9917,1.69758
186,2.43346,5.02162,1.78772
186,2.47465,4.97149,1.65841
186,2.40804,4.96163,1.39705
186,2.52689,4.96621,1.75984
186,2.42188,5.00411,1.61152
186,2.50784,4.9646,1.67185
186,2.42786,4.98765,1.41719
186,2.49007,4.99574,1.62938
186,2.51894,4.97496,1.61063
186,2.52313,4.98542,1.66052
186,2.66233,4.92668,1.78042
186,2.5568,4.99788,1.72976
186,2.39936,5.08664,1.58811
186,2.38062,5.11158,1.62351
186,2.55406,5.04116,1.7995
186,2.6086,5.00328,1.79545
186,1.70809,5.42997,0.968992
186,2.61935,5.05291,1.79261
186,2.64438,5.04157,1.79211
186,2.48776,5.168,1.869
186,2.33766,5.14306,1.29711
186,2.22713,5.23,1.23991
186,2.49325,5.20252,1.87064
186,2.53563,5.17881,1.88712
186,2.47639,5.19832,1.47056
186,2.0987,4.28391,1.3403
183,2.0987,4.28391,1.3403
186,3.38156,3.89311,0.949677
179,3.38156,3.89311,0.949677
187,-0.439363,4.19065,1.2496
187,-0.487471,4.30606,1.20012
187,0.1081,3.93573,0.699122
187,0.185559,3.94853,0.67309
187,0.207958,3.95785,0.665617
187,0.224461,3.95616,0.662192
187,0.0992835,4.09765,0.749922
187,0.061142,4.1295,0.740787
187,0.200508,4.18923,1.24347
187,0.078073,4.14882,0.731799
187,0.109137,4.14918,0.720759
187,0.113615,4.15168,0.722143
187,0.204309,4.20761,1.22564
187,0.21543,4.21828,1.22107
187,0.228721,4.21617,1.2369
187,0.23932,4.21174,1.2365
187,0.245887,4.12608,0.720036
187,0.225756,4.24149,1.21854
187,0.850999,4.31793,1.11004
187,0.870816,4.32097,1.1138
187,0.854336,4.33662,1.11209
187,0.833163,4.36525,1.10952
187,1.01776,4.34706,1.01806
187,0.936475,4.36755,0.839446
187,0.907274,4.4948,0.882583
187,0.886411,4.48814,0.79304
187,0.928676,4.53236,0.786183
187,2.37579,4.05943,1.84206
187,0.959164,4.58529,0.770588
187,0.922261,4.66599,0.801408
187,0.90006,4.70102,0.806894
187,0.862697,4.80186,1.13693
187,0.866628,4.82834,1.13033
187,0.877118,4.83463,1.12963
187,0.93612,4.8421,1.07411
187,1.62851,4.55391,0.939517
187,0.913692,4.96395,1.04787
187,1.67616,4.51288,0.480945
187,1.37728,4.73287,0.716364
187,1.3416,4.81112,1.00671
187,2.08112,4.28433,0.194004
187,1.4381,4.72801,0.677858
187,2.49745,4.50026,1.71813
187,1.72193,4.75191,0.849017
187,1.7365,4.77165,0.870499
187,1.44241,4.98412,1.03284
187,1.49925,5.02551,1.01856
187,1.53258,5.01616,1.00276
187,2.73189,4.78233,2.6645
187,1.53722,5.08339,1.00114
187,1.54125,5.08958,1.00211
187,1.51297,5.10742,1.0017
187,2.35353,4.85144,1.72784
187,2.3543,4.84896,1.66951
187,2.22419,4.91409,1.64198
187,2.31164,4.8858,1.66882
187,2.41886,4.83011,1.57903
187,2.35431,4.95379,1.73458
187,2.71091,4.76654,1.34917
187,2.41759,4.9894,1.44045
187,2.31931,5.09854,1.6485
187,2.4469,4.99609,1.45593
187,2.36014,5.14383,1.60648
187,2.65178,5.0425,1.78757
187,2.22872,5.16273,1.26891
187,2.44639,5.10477,1.50353
187,2.26621,5.17485,1.26725
187,1.67955,5.4606,0.987193
187,2.55079,5.4406,1.36522
183,2.55079,5.4406,1.36522
187,2.87652,5.13336,1.30593
181,2.87652,5.13336,1.30593
188,-0.443383,4.14527,1.25362
188,-0.352239,4.2362,1.21253
188,0.0319678,4.07781,0.781846
188,0.0859907,4.09159,0.764514
188,0.240713,4.11865,0.720425
188,-0.590595,4.72838,1.02689
188,-0.582995,4.77732,1.06361
188,0.877611,4.29039,1.03598
188,-0.551935,5.15758,2.15769
188,1.01476,4.37821,0.917123
188,-0.608256,5.15362,1.30143
188,0.889797,4.63181,1.13377
188,0.929557,4.70288,1.11128
188,0.897101,4.63872,0.416454
188,1.26455,4.72229,1.03916
188,0.980904,4.90125,1.05573
188,1.66083,4.55118,0.487426
188,2.12469,4.33172,0.150158
188,2.52202,4.51968,1.71883
188,0.958584,5.01034,0.451345
188,2.15504,4.48521,0.365727
188,2.08157,4.60025,0.421984
188,1.78379,4.80958,0.866116
188,1.47011,5.03655,1.02107
188,2.32522,4.90884,1.7259
188,2.34465,4.94896,1.81418
188,2.39986,4.97168,1.44969
188,2.67253,4.88489,1.35076
188,2.4557,5.00444,1.41107
188,2.46745,5.01925,1.44489
188,2.22234,5.10389,1.26127
188,2.3985,5.09927,1.60192
188,2.54762,5.21027,1.89503
188,2.50068,5.11045,1.70043
186,2.50068,5.11045,1.70043
189,-0.404674,3.92438,0.742807
189,-0.845107,4.22995,1.20078
189,-0.407491,4.24396,1.22766
189,-0.347379,4.22632,1.20626
189,-0.334841,4.30123,1.18019
189,0.23068,4.09545,0.739531
189,0.250334,4.2495,1.22531
189,-0.549359,4.69258,1.01734
189,0.833371,4.32159,1.12046
189,-0.561227,5.05685,2.16674
189,-0.593861,4.93354,1.00209
189,0.882351,4.41922,0.879401
189,1.03964,4.42693,0.843056
189,-0.745722,5.14192,1.29034
189,-0.74916,5.13601,1.2342
189,0.902487,4.48737,0.812114
189,-0.593771,5.08449,1.14391
189,0.883495,4.74657,0.731877
189,0.925381,4.90768,1.10959
189,0.989423,4.9177,1.08726
189,1.43587,4.70954,0.680763
189,1.35373,4.82967,0.995088
189,0.915595,4.99894,1.04728
189,1.44384,4.75688,0.672253
189,0.96949,4.9882,1.01709
189,0.910781,5.06731,1.06305
189,1.40596,4.90001,0.993722
189,2.30431,4.90748,1.79553
189,2.31229,4.93528,1.53632
189,1.538,5.14797,1.00337
189,2.36749,4.95132,1.47304
189,2.47968,5.07199,1.80189
189,2.47071,5.03624,1.44936
190,-0.83533,4.12511,1.22777
190,-0.857808,4.13642,1.21382
190,-0.865816,4.15368,1.20222
190,-0.835706,4.15847,1.21369
190,-0.748026,4.30723,1.13887
190,0.163014,4.16501,1.25232
190,0.0336243,4.13125,0.75246
190,0.194492,4.17977,1.24565
190,-0.748373,4.37305,1.12249
190,-0.739175,4.43025,1.11003
190,-0.329238,4.36818,1.15372
190,-0.392316,4.44418,1.15689
190,0.90795,4.37665,1.08213
190,0.899478,4.38942,0.941489
190,-0.966685,4.82546,1.04582
190,0.858349,4.43897,0.903546
190,-0.600375,4.77791,1.0065
190,-0.598433,4.78745,1.05889
190,-0.571217,4.78928,1.05633
190,-0.572809,4.78256,1.00283
190,-0.616405,4.82552,1.04792
190,0.8922,4.48174,0.851721
190,-0.530021,4.99034,2.14904
190,-0.581494,5.01438,2.17622
190,-0.575585,5.03668,2.16982
190,-1.50629,5.19302,1.79468
190,-1.39796,5.09334,1.04709
190,-1.12522,5.06341,1.09522
190,-1.4038,5.23036,1.81679
190,-0.963775,5.13862,1.66904
190,-1.02601,5.14953,1.64614
190,-1.02864,5.1407,1.56182
190,-0.574951,5.13334,2.16228
190,-0.596111,5.01074,0.989533
190,-1.00881,5.20344,1.65184
190,-0.676312,5.06632,1.18282
190,-1.03148,5.21527,1.54989
190,-0.775554,5.17462,1.28295
190,-0.595846,5.16481,1.31833
190,-0.587511,5.18532,1.30568
190,-0.738123,5.22875,1.26842
190,-0.757563,5.2453,1.26207
190,-0.721047,5.24283,1.21108
190,-0.632829,5.24571,1.2945
190,-0.716924,5.2555,1.19347
190,-0.591279,5.24395,1.29636
190,-0.651536,5.26707,1.29425
190,0.937256,4.95633,1.10504
190,0.991631,4.94888,1.05104
190,1.38687,4.88932,0.989464
190,0.979972,5.02623,1.00309
191,-1.04418,3.81295,0.727316
191,-0.0408157,3.95375,0.840397
191,-0.0423005,3.98242,0.817417
191,-0.941647,4.32347,1.14307
191,-0.750759,4.41821,1.09643
191,-0.827994,4.47616,1.09904
191,-0.930383,4.48985,1.07511
191,-0.677372,4.71208,2.14087
191,-1.39733,4.73868,1.93543
191,-0.6449,4.60022,1.12483
191,-1.76775,4.74763,1.47798
191,-1.35792,4.67218,1.00218
191,-1.40183,4.67452,1.00094
191,-1.39453,4.67441,0.985679
191,-1.34659,4.69998,0.978363
191,-1.40128,4.72069,0.998387
191,-0.639238,4.9109,2.14012
191,-1.38049,4.79463,1.14264
191,-0.6552,4.89548,1.80023
191,-0.646885,4.89999,1.80569
191,-1.32831,4.82325,1.16289
191,-0.910012,4.79529,0.962101
191,-0.639531,5.10055,2.11601
191,-0.745561,4.9629,1.32171
191,-1.36016,5.08652,1.84799
191,-0.745032,4.99729,1.3151
191,-1.79423,4.9651,0.897306
191,-0.621402,5.14602,2.11577
191,-1.79581,4.98994,0.929443
191,-1.82784,5.01689,1.01033
191,-0.75715,5.03216,1.31851
191,-1.03407,5.10068,1.55183
191,-0.783204,5.05154,1.30258
191,-1.48267,5.17241,1.75433
191,-0.806578,5.06123,1.29994
191,-1.38185,5.18293,1.8112
191,-0.660836,5.06969,1.33734
191,-1.90676,5.20598,1.76977
191,-1.02828,5.13354,1.55468
191,-1.00518,5.15871,1.64984
191,-1.02474,5.14531,1.56174
191,-0.524067,5.24248,2.1648
191,-1.68728,5.25148,1.82774
191,-1.0298,5.05954,0.863352
191,-0.518202,5.29059,2.19055
191,-1.00765,5.21786,1.65831
191,-0.618314,5.28566,2.0845
191,-2.20852,5.15773,1.02325
191,-1.02554,5.21008,1.51272
191,-0.983321,5.25229,1.66345
191,-0.988045,5.25927,1.66077
191,-1.05624,5.11413,0.850787
191,-0.988469,5.27342,1.65653
191,-0.489661,5.35908,2.19156
191,-1.66689,5.36445,1.8195
191,-0.593716,5.25645,1.29555
191,1.11933,5.15646,1.01291
191,-1.67022,5.42569,1.80917
191,1.12646,5.17354,1.03446
191,-1.65036,5.43725,1.81287
191,-1.65416,5.46636,1.81036
191,-1.16955,5.30303,1.02331
191,-1.14372,5.31777,1.02829
191,-2.0631,5.51602,1.79905
191,-1.76321,5.60356,1.92646
191,-1.72387,5.74205,1.24144
192,-0.515532,3.59291,0.875318
192,-1.47882,3.61565,0.805742
192,-1.48058,3.66639,0.777422
192,-1.02591,3.80934,0.704649
192,-1.06032,3.81919,0.716195
192,-0.436937,3.85073,0.72185
192,-1.25515,4.00861,1.18708
192,-0.971654,4.19939,1.16894
192,-0.965467,4.23247,1.15527
192,-0.819896,4.38737,1.13396
192,-0.812896,4.39902,1.1128
192,-0.673849,4.55154,1.10932
192,-0.673003,4.56539,1.12702
192,-0.679235,4.56939,1.12173
192,-0.603068,4.57512,1.05858
192,-0.653458,4.74188,1.0646
192,-0.890682,4.83369,0.96121
192,-1.34926,4.88176,1.14741
192,-2.44862,4.8895,1.15465
192,-1.37102,5.05721,1.84948
192,-1.42747,5.04488,1.73745
192,-1.4197,4.99442,1.49171
192,-1.70894,4.86642,0.891175
192,-0.683359,4.98645,1.3557
192,-1.38369,5.08074,1.83838
192,-2.40703,4.94607,1.25849
192,-1.73747,5.08502,1.86311
192,-1.47604,5.0755,1.75554
192,-1.04981,5.06962,1.66515
192,-1.76804,4.90885,0.91779
192,-1.78353,4.91372,0.921836
192,-1.7892,4.91797,0.893392
192,-1.42703,5.10379,1.73305
192,-0.664465,5.03855,1.34192
192,-0.758484,5.0346,1.31353
192,-1.80773,5.1296,1.83056
192,-0.742207,5.02182,1.24536
192,-1.48434,5.1203,1.74345
192,-0.666523,5.05149,1.3401
192,-1.06364,5.11687,1.66391
192,-0.657352,5.04354,1.27147
192,-1.82195,5.1472,1.83984
192,-1.062,5.11113,1.61598
192,-0.745235,5.05255,1.30968
192,-1.05958,5.10112,1.5441
192,-0.740272,5.04448,1.25405
192,-1.36759,5.16463,1.84294
192,-0.51114,5.24828,2.17654
192,-0.663792,5.07273,1.33945
192,-1.03514,5.13251,1.56432
192,-1.45205,5.11459,1.49242
192,-1.66216,5.19249,1.82959
192,-1.82634,5.02076,1.01179
192,-1.91187,5.16888,1.69967
192,-1.01216,5.16823,1.63382
192,-1.40586,5.20199,1.80526
192,-1.02034,5.15929,1.5563
192,-1.02856,5.15711,1.54631
192,-0.651157,5.10246,1.25446
192,-0.531512,5.30047,2.17598
192,-0.260492,5.04445,0.939025
192,-0.786643,5.11216,1.2412
192,-1.90398,5.19924,1.71014
192,-1.01554,5.20873,1.65296
192,-0.628997,5.14526,1.25582
192,-1.08038,5.06499,0.872418
192,-1.49606,5.24692,1.75865
192,-0.782676,5.17624,1.27896
192,-0.784688,5.18476,1.27686
192,-0.58114,5.20159,1.30941
192,-1.01752,5.10191,0.839248
192,-0.567671,5.21409,1.31696
192,-0.593129,5.21776,1.30842
192,-1.46275,5.25572,1.46439
192,-1.49371,5.3191,1.75134
192,-0.58734,5.22567,1.22813
192,-0.234819,5.16967,0.916616
192,-0.778847,5.23493,1.20431
192,-1.47836,5.31317,1.60687
192,-0.176147,5.17713,0.867654
192,-1.65468,5.36275,1.81559
192,-0.567416,5.25792,1.21816
192,-0.560908,5.27629,1.29894
192,-0.232371,5.2208,0.895487
192,-2.32627,5.23131,1.03139
192,-1.69366,5.30312,1.3064
192,-1.11863,5.27296,1.05407
192,-1.484,5.38523,1.59298
192,-1.94549,5.41572,1.75404
192,-1.1432,5.28367,1.03709
192,-0.550276,5.3406,1.13261
192,-1.50143,5.43485,1.60759
192,-1.65411,5.48437,1.77495
192,-0.554767,5.40498,1.10453
192,-1.62825,5.52826,1.75937
192,-0.54712,5.41189,1.0965
192,-1.80664,5.71077,1.95096
192,-1.86903,6.13071,1.99051
192,-2.89627,7.10419,1.93794
193,-0.509588,3.45136,0.871432
193,-1.4734,3.57424,0.829395
193,-1.48863,3.65571,0.781276
193,-0.937652,3.68143,0.685428
193,-1.24832,3.80589,1.25654
193,-1.02126,3.83992,0.702658
193,-0.916924,4.34405,1.13131
193,-0.790455,4.38618,1.11319
193,-0.819166,4.47932,1.10995
193,-1.37843,4.64643,0.997213
193,-0.896228,4.73636,0.972633
193,-1.39456,4.92241,1.85111
193,-0.890357,4.81701,0.968302
193,-0.881745,4.85344,0.945924
193,-1.35992,5.04252,1.85272
193,-0.696713,4.9795,1.3621
193,-1.35893,5.05894,1.84976
193,-0.704409,4.99862,1.34556
193,-2.4735,5.06808,2.16381
193,-0.662494,5.00712,1.34557
193,-1.73777,4.84195,0.94195
193,-1.69568,4.96654,1.40818
193,-0.659221,5.04531,1.34023
193,-2.49341,4.84483,0.97918
193,-1.01009,5.12164,1.66506
193,-2.58268,4.83883,0.915362
193,-1.37964,5.13732,1.8289
193,-0.748549,5.06403,1.2993
193,-1.00773,5.13328,1.64457
193,-0.730848,5.06124,1.24286
193,-1.00383,5.12706,1.57199
193,-1.70851,5.03867,1.38991
193,-1.00332,5.13897,1.56047
193,-1.64462,5.16298,1.83308
193,-1.35037,5.18729,1.84171
193,-1.43862,5.16316,1.68712
193,-1.0094,5.19311,1.64852
193,-0.983711,5.18658,1.55354
193,-1.65,5.21159,1.83504
193,-0.985646,5.21855,1.66206
193,-1.90267,5.18805,1.69693
193,-1.71808,5.14249,1.36315
193,-1.92853,5.21335,1.68602
193,-1.91076,5.23026,1.74634
193,-1.49952,5.24901,1.65072
193,-1.48559,5.27939,1.75734
193,-0.254648,5.16649,0.898092
193,-1.66551,5.28427,1.8216
193,-1.47147,5.26412,1.66343
193,-0.768359,5.22024,1.20002
193,-0.99969,5.13527,0.828924
193,-0.574103,5.27356,1.2824
193,-0.557901,5.27691,1.2875
193,-1.92196,5.29031,1.74834
193,-2.18675,5.11007,1.03341
193,-2.17887,5.12197,1.04519
193,-0.766825,5.271,1.2484
193,-2.17338,5.1252,1.02971
193,-1.01277,5.16673,0.816825
193,-1.60627,5.36798,1.81749
193,-1.61515,5.37506,1.82302
193,-2.04618,5.3506,1.81542
193,-1.0599,5.18886,0.799167
193,-2.2897,5.167,1.03404
193,-1.61621,5.41629,1.81063
193,-1.60587,5.46477,1.80696
193,-1.13757,5.34709,1.02457
193,-2.04027,5.48812,1.79556
193,-2.05044,5.49353,1.79031
193,-2.40511,5.55404,2.01877
193,-2.05483,5.57,1.81017
193,-2.05,5.67428,1.78949
194,-1.41598,3.54633,0.692036
194,-1.38585,3.56318,0.6857
194,-1.41379,3.57945,0.658292
194,-1.36659,3.62356,0.792244
194,-1.9847,3.68138,0.777026
194,-1.99538,3.67749,0.768136
194,-1.12607,3.95734,1.19274
194,-0.885171,3.87872,0.66403
194,-1.60037,3.96548,1.20377
194,-1.65566,3.97826,1.20291
194,-1.6829,3.98171,1.19898
194,-2.00007,3.79348,0.561088
194,-1.9965,3.80536,0.566747
194,-2.01706,3.81457,0.545674
194,-1.89022,4.2311,1.11247
194,-2.60895,3.98297,0.637852
194,-0.746889,4.48382,1.08358
194,-0.688021,4.61512,1.04274
194,-0.574386,4.64672,1.01602
194,-1.63031,4.74793,0.951797
194,-1.29507,5.07365,1.81443
194,-1.61541,4.7983,0.949025
194,-1.60288,4.81111,0.896792
194,-1.62748,4.81351,0.922447
194,-1.26845,5.12056,1.79816
194,-1.25632,5.13902,1.81087
194,-0.916438,5.15923,1.64901
194,-1.28845,5.13467,1.79583
194,-2.07343,4.78907,0.944677
194,-0.56123,5.15364,1.29156
194,-2.33433,5.0672,2.14349
194,-0.901829,5.16862,1.53098
194,-1.63395,5.00174,1.37344
194,-1.34918,5.19066,1.87635
194,-1.62494,5.03071,1.39691
194,-0.892233,5.21899,1.60455
194,-1.64523,5.03621,1.36081
194,-2.11173,4.85626,0.939578
194,-1.79024,5.06336,1.5123
194,-1.32704,5.18384,1.65779
194,-2.36235,5.14866,2.13965
194,-2.11541,4.90047,0.933682
194,-1.36394,5.2748,1.74209
194,-1.75918,5.15891,1.53271
194,-1.8248,5.17999,1.63843
194,-1.80012,5.20288,1.6793
194,-2.33113,4.96604,1.09954
194,-1.8078,5.20392,1.66076
194,-2.4061,4.91006,0.903354
194,-1.52047,5.32327,1.77906
194,-1.81275,5.24538,1.66791
194,-2.32542,5.04461,1.23706
194,-0.488595,5.32451,1.07887
194,-2.40867,4.97013,0.905686
194,-2.39985,4.97677,0.904443
194,-2.0575,5.07233,1.01993
194,-2.51243,4.96609,0.865677
194,-2.41603,4.99791,0.918747
194,-2.30831,5.09213,1.19616
194,-2.14568,5.08762,1.05136
194,-2.34578,5.09663,1.19446
194,-1.49974,5.41377,1.78922
194,-2.1813,5.1014,1.0445
194,-1.02414,5.30433,1.02301
194,-2.06871,5.13163,1.02362
194,-1.48824,5.42128,1.73793
194,-1.83413,5.36137,1.70382
194,-2.04998,5.14631,1.02119
194,-2.39847,5.10574,1.09203
194,-2.39684,5.10086,1.07095
194,-2.06032,5.15281,1.01395
194,-0.983085,5.33447,0.988031
194,-2.24888,5.3743,1.97804
194,-2.22559,5.38177,1.95808
194,-2.35007,5.16532,1.19391
194,-1.47375,5.46516,1.73819
194,-2.40605,5.13814,1.07054
194,-0.909283,5.31794,0.740766
194,-2.35432,5.17924,1.16787
194,-2.17404,5.17419,1.02532
194,-1.74415,5.45205,1.78223
194,-0.974971,5.37582,0.965446
194,-2.35623,5.22938,1.16066
194,-1.9107,5.48453,1.77097
194,-2.50441,5.69116,1.92609
194,-2.36462,5.82326,1.9509
194,-3.63187,6.00913,2.57988
194,-1.68052,5.18358,1.79841
192,-1.68052,5.18358,1.79841
194,-0.465084,5.37675,1.06221
192,-0.465084,5.37675,1.06221
194,-1.81893,5.73086,1.26
191,-1.81893,5.73086,1.26
195,-1.35051,3.63893,0.773872
195,-1.96089,3.68827,0.71811
195,-1.1802,3.99466,1.18042
195,-1.38017,3.98258,1.19444
195,-1.65754,3.93063,1.21583
195,-2.62933,3.74097,0.612135
195,-2.72016,3.86871,0.814986
195,-1.31967,4.30927,1.07917
195,-2.59036,3.9535,0.637807
195,-0.701218,4.58023,1.06073
195,-2.5888,4.05363,0.615682
195,-1.31711,4.47304,1.01174
195,-0.667151,4.62909,1.02512
195,-0.424804,5.17646,2.13796
195,-1.23958,4.69096,0.983372
195,-1.51129,4.62642,0.961621
195,-1.23554,4.88793,1.12407
195,-1.24842,4.88866,1.08852
195,-1.24777,5.09381,1.79661
195,-1.62855,4.83772,0.955949
195,-0.877901,5.18441,1.60932
195,-1.24492,5.15557,1.79355
195,-1.5855,5.09929,1.83515
195,-1.63543,4.86488,0.937796
195,-1.59648,4.87411,0.939312
195,-1.66364,5.10327,1.81219
195,-2.10093,4.79354,0.966429
195,-1.65657,4.92931,1.03554
195,-1.32855,5.21024,1.75448
195,-1.3233,5.20405,1.64091
195,-2.39581,4.78772,0.91817
195,-1.77357,5.11487,1.47662
195,-1.34014,5.28903,1.73614
195,-1.53953,5.28741,1.80294
195,-1.66651,5.04822,1.00619
195,-1.32053,5.22962,1.36331
195,-2.40233,4.86719,0.895223
195,-2.41602,4.86431,0.89089
195,-1.32936,5.2693,1.44434
195,-1.77685,5.2347,1.66795
195,-1.77392,5.19436,1.47093
195,-1.79191,5.25337,1.66134
195,-0.997778,5.27688,1.03754
195,-1.52223,5.35612,1.76889
195,-2.33533,4.95572,0.921357
195,-1.87462,5.30136,1.75263
195,-1.34551,5.34133,1.42676
195,-1.48654,5.41013,1.75345
195,-1.80671,5.32737,1.71185
195,-0.956469,5.33387,0.987953
195,-1.46121,5.42816,1.73185
195,-1.86707,5.3498,1.77892
195,-2.39943,5.04386,1.08359
195,-2.40943,4.99953,0.921562
195,-2.04166,5.12436,1.00665
195,-1.88756,5.36826,1.77194
195,-0.875167,5.33812,0.797139
195,-2.33125,5.11461,1.18532
195,-0.900529,5.32965,0.755347
195,-2.38208,5.08855,1.07662
195,-2.13028,5.14945,1.04522
195,-0.957685,5.39629,0.973372
195,-2.36546,5.14666,1.18143
195,-2.33665,5.16897,1.17512
195,-2.00234,5.19588,0.963172
195,-1.43151,5.41148,1.27998
195,-2.37501,5.13963,1.05055
195,-2.33915,5.19457,1.17824
195,-2.22838,5.45222,2.00005
195,-1.58522,5.41614,1.28144
195,-1.87197,5.51163,1.78297
195,-1.31216,5.76362,1.13256
195,-3.51474,5.30126,1.01604
195,-1.90686,5.97709,1.82067
195,-1.31529,6.07616,1.06441
195,-3.50961,5.91156,1.12357
195,-3.5116,5.90365,0.900076
195,-3.51606,5.91085,0.869532
195,-3.58317,6.03002,0.841452
195,-1.66604,5.49341,0.687247
193,-1.66604,5.49341,0.687247
195,-1.83971,5.14142,1.80317
193,-1.83971,5.14142,1.80317
195,-1.89791,5.30296,1.7939
193,-1.89791,5.30296,1.7939
195,-1.35904,5.50855,1.60044
193,-1.35904,5.50855,1.60044
195,-1.37786,5.83721,1.48194
192,-1.37786,5.83721,1.48194
196,-1.39722,3.55657,0.671171
196,-1.36638,3.56723,0.671326
196,-1.3667,3.64077,0.769831
196,-1.32901,3.65481,0.769555
196,-0.892827,3.85704,0.673707
196,-2.00177,3.67002,0.785198
196,-2.04756,3.68608,0.630295
196,-1.89796,3.76446,0.711582
196,-1.95621,3.71972,0.602724
196,-2.80728,3.60467,0.738754
196,-1.29196,4.21682,1.10769
196,-2.80836,3.83033,1.04082
196,-2.74869,3.8604,0.988398
196,-2.57132,3.93394,0.674672
196,-2.55359,3.96057,0.665183
196,-2.59327,3.95521,0.632321
196,-2.59154,3.97288,0.643057
196,-3.01817,3.98851,1.06132
196,-2.58744,4.02504,0.622675
196,-1.3577,4.62686,0.968295
196,-1.27795,4.681,1.00791
196,-0.576054,5.02454,1.32481
196,-1.27204,4.82587,1.10547
196,-1.23051,4.85498,1.12625
196,-1.63004,4.74244,0.972161
196,-1.60231,4.78202,0.962935
196,-1.61473,4.78919,0.935808
196,-0.879241,5.18331,1.61831
196,-2.04135,4.68681,0.983249
196,-0.875152,5.18652,1.62294
196,-1.62993,4.84556,0.953705
196,-1.61025,4.85195,0.945878
196,-1.62954,4.84792,0.944564
196,-1.24968,5.20174,1.79311
196,-0.803956,5.10088,0.818624
196,-2.09118,4.80769,0.985937
196,-2.43042,4.71635,0.969747
196,-1.68807,5.17288,1.81445
196,-2.08997,4.84801,0.947087
196,-1.35831,5.27163,1.73607
196,-2.3624,5.13585,2.15441
196,-1.52749,5.28248,1.79906
196,-1.356,5.31481,1.73603
196,-0.987847,5.24688,0.995631
196,-1.79216,5.23805,1.66304
196,-1.35076,5.35475,1.62097
196,-2.39227,4.88619,0.95139
196,-1.78447,5.25246,1.66553
196,-1.78008,5.30394,1.73276
196,-1.51268,5.39518,1.76816
196,-2.38542,4.92555,0.933911
196,-1.85895,5.3032,1.75302
196,-2.39516,4.97271,1.09149
196,-1.72297,5.35663,1.78732
196,-2.34833,5.03108,1.0821
196,-1.87399,5.35754,1.77746
196,-1.87231,5.36501,1.78774
196,-2.3956,5.03808,1.10947
196,-1.85843,5.38431,1.80512
196,-1.87166,5.37243,1.77209
196,-2.33811,5.09835,1.19289
196,-2.21128,5.34293,1.95428
196,-2.3944,5.06265,1.09426
196,-1.57613,5.34729,1.29696
196,-2.10355,5.13364,1.02692
196,-2.34875,5.1312,1.21071
196,-2.38578,5.09335,1.08386
196,-2.13612,5.15442,1.03984
196,-1.4722,5.53848,1.7299
196,-2.21102,5.40934,2.00021
196,-2.40976,5.11032,1.07694
196,-2.3268,5.16504,1.18334
196,-2.35336,5.16467,1.17362
196,-2.3409,5.17815,1.18339
196,-2.14817,5.22046,1.01465
196,-2.37476,5.94618,1.96211
196,-3.3715,5.65751,1.1938
196,-3.39484,5.65337,1.03589
196,-3.38801,5.68715,0.961315
196,-3.43873,5.78252,1.16894
196,-3.4561,5.77443,1.15561
196,-3.50245,5.90596,0.854006
196,-3.56944,5.99513,0.826373
197,-1.39168,3.55154,0.678853
197,-1.35373,3.63936,0.778856
197,-0.895995,3.81163,0.723148
197,-1.98562,3.67114,0.775833
197,-1.96355,3.69512,0.70433
197,-1.91964,3.70023,0.630752
197,-2.05235,3.68374,0.632986
197,-1.90986,3.78036,0.698313
197,-2.89074,3.56738,0.705715
197,-2.97672,3.58382,0.856692
197,-2.5886,3.66228,0.643098
197,-1.88205,4.06161,1.17453
197,-0.806701,4.40162,1.08664
197,-2.60387,3.70601,0.647265
197,-0.805645,4.42896,1.09764
197,-2.71278,3.8221,0.991616
197,-2.76976,3.82437,1.03425
197,-2.72052,3.83552,0.985463
197,-2.70747,3.83738,0.8071
197,-2.72805,3.87907,0.785652
197,-2.55601,3.9089,0.681848
197,-2.53896,3.93856,0.67161
197,-2.74695,3.93312,0.770661
197,-2.57859,3.95954,0.636765
197,-1.91942,4.30656,1.09058
197,-2.94038,3.97723,1.02887
197,-1.26894,4.80184,1.10308
197,-1.2288,4.83232,1.12379
197,-2.00851,4.55895,1.02735
197,-1.58436,4.98858,1.83319
197,-1.60353,4.7436,0.966301
197,-1.61867,4.88851,1.43088
197,-0.871458,5.19072,1.61009
197,-0.874913,5.19859,1.60861
197,-1.63324,4.90747,1.42017
197,-1.3278,5.14315,1.88228
197,-1.58988,4.92445,1.39055
197,-1.91113,4.71452,1.00996
197,-1.24866,5.1625,1.78517
197,-1.24318,5.19738,1.77603
197,-1.75489,5.1258,1.7335
197,-1.69029,5.18582,1.8036
197,-1.8054,5.10531,1.64052
197,-2.3781,5.08476,2.1339
197,-1.91623,4.94276,1.03407
197,-2.33684,5.1208,2.13599
197,-1.7774,5.19374,1.66144
197,-1.44125,5.34904,1.78649
197,-1.44478,5.36563,1.80985
197,-1.81842,5.19433,1.63363
197,-1.33739,5.38044,1.71634
197,-2.15161,4.92103,0.943267
197,-1.85189,5.25957,1.76371
197,-1.33812,5.38478,1.59897
197,-1.32406,5.39516,1.56718
197,-2.3614,4.88916,0.970326
197,-1.80522,5.30647,1.70853
197,-1.72057,5.36126,1.79465
197,-0.950244,5.41779,0.966595
197,-1.86657,5.34348,1.78131
197,-2.31969,5.04217,1.20656
197,-0.964893,5.42319,0.968303
197,-1.8689,5.35664,1.78441
197,-2.02504,5.11321,1.03665
197,-2.36924,5.03584,1.1016
197,-2.37051,5.05617,1.09273
197,-2.36083,5.06589,1.10481
197,-2.13823,5.13499,1.04317
197,-2.13189,5.12338,0.991924
197,-2.33745,5.12272,1.18404
197,-2.33773,5.12971,1.18398
197,-2.32455,5.18205,1.17419
197,-3.35244,5.61262,1.19102
197,-3.36522,5.60091,1.02366
197,-3.36902,5.6939,0.965765
197,-3.46979,5.82207,1.15019
197,-3.5686,6.02951,0.841544
197,-1.57024,4.61217,1.01031
194,-1.57024,4.61217,1.01031
198,-1.35315,3.61375,0.78811
198,-1.66207,3.91187,1.21997
198,-2.00308,3.67722,0.768199
198,-1.90629,3.76842,0.708003
198,-1.21022,4.22997,1.10156
198,-2.76248,3.5732,0.753234
198,-2.99331,3.50941,0.737394
198,-2.59076,3.65693,0.647394
198,-3.10082,3.50465,0.766323
198,-2.91441,3.57311,0.682501
198,-2.58556,3.72583,0.626848
198,-2.7229,3.82166,0.99756
198,-2.72905,3.85124,0.968045
198,-2.55066,3.89121,0.680589
198,-2.73004,3.88097,0.776855
198,-2.7405,3.89183,0.783856
198,-2.58017,3.92876,0.639767
198,-2.58643,3.93965,0.644152
198,-2.55394,3.95285,0.645533
198,-2.75191,3.92739,0.759378
198,-2.55098,3.984,0.649149
198,-2.56952,3.98519,0.646776
198,-2.56635,3.98746,0.634787
198,-2.98847,3.95532,1.04671
198,-3.00321,3.98112,1.04715
198,-3.02157,3.9881,1.03881
198,-3.00455,4.01134,1.05376
198,-3.33866,3.90439,0.998853
198,-1.28094,4.80096,1.09933
198,-1.24223,4.82448,1.12239
198,-1.59407,4.95375,1.8281
198,-1.65173,4.85544,1.45039
198,-1.60092,5.03581,1.83187
198,-1.92455,4.68343,1.01171
198,-1.25511,5.19124,1.79071
198,-1.92048,4.7621,1.00537
198,-1.40987,5.17252,1.75105
198,-1.75312,5.06757,1.67888
198,-2.38908,4.63191,0.997307
198,-2.0911,4.74958,0.980947
198,-1.68574,5.14247,1.80595
198,-1.66713,4.96439,1.01271
198,-1.76572,5.13031,1.71972
198,-1.77614,5.18814,1.67165
198,-1.78446,5.22036,1.70915
198,-1.34296,5.37136,1.61709
198,-2.37465,5.13258,2.15317
198,-2.38188,4.7991,0.96253
198,-0.972672,5.35698,0.984716
198,-2.35033,4.8669,0.983703
198,-2.34025,4.94571,1.10876
198,-0.864195,5.44296,0.758946
198,-0.883563,5.43908,0.728969
198,-2.32331,5.0304,1.21611
198,-1.88907,5.42766,1.78484
198,-2.02845,5.15757,1.00892
198,-2.34401,5.09436,1.19695
198,-2.13561,5.15091,1.02217
198,-2.32875,5.12955,1.18385
198,-2.33307,5.16035,1.17669
198,-2.33153,5.23045,1.14314
198,-2.36176,5.31863,1.17773
198,-3.47405,5.23344,1.0271
198,-3.33707,5.55636,1.19816
198,-3.32651,5.54306,1.04683
198,-3.62964,5.87513,2.55279
198,-3.37907,5.64451,1.18654
198,-3.37788,5.65635,1.18535
198,-3.62183,6.00216,2.57098
198,-3.35694,5.66849,0.971632
198,-4.90556,5.59334,2.32535
198,-3.45006,5.84706,1.14889
198,-4.89446,5.77388,2.53102
198,-5.03533,5.66396,1.97072
198,-3.57401,6.0778,0.828906
198,-1.83492,5.28744,1.61584
195,-1.83492,5.28744,1.61584
198,-1.73874,5.04295,0.816172
194,-1.73874,5.04295,0.816172
198,-1.55253,4.81867,0.897165
192,-1.55253,4.81867,0.897165
199,-1.35323,3.61742,0.77173
199,-1.90487,3.77288,0.701109
199,-2.74536,3.56593,0.772443
199,-2.75681,3.56961,0.756202
199,-2.77857,3.56552,0.732482
199,-2.98731,3.49756,0.743339
199,-2.8038,3.56973,0.69972
199,-2.57245,3.65767,0.648865
199,-2.56092,3.67105,0.645437
199,-2.83556,3.64364,0.941505
199,-2.89455,3.5611,0.738009
199,-2.89326,3.56484,0.704121
199,-2.8433,3.58156,0.684253
199,-2.89234,3.58222,0.732249
199,-2.92141,3.5765,0.68205
199,-3.12666,3.54957,0.723239
199,-2.99752,3.64098,0.819703
199,-2.71462,3.82419,0.976761
199,-3.19299,3.55411,0.705388
199,-3.13427,3.6627,0.850218
199,-2.55174,3.89667,0.677011
199,-2.71918,3.85811,0.791449
199,-3.06566,3.71272,0.778484
199,-2.5585,3.90534,0.675528
199,-2.54159,3.91697,0.674544
199,-2.89059,3.89496,1.06044
199,-2.73649,3.88668,0.787323
199,-2.57813,3.93537,0.630836
199,-2.74329,3.90739,0.773792
199,-2.96659,3.90445,1.07128
199,-2.58868,3.95675,0.638241
199,-2.55944,3.97865,0.635737
199,-3.26811,3.80468,1.05059
199,-1.25981,4.81852,1.07918
199,-1.90983,4.53949,1.04453
199,-3.51227,3.86393,0.870496
199,-1.60143,5.00483,1.83305
199,-1.74438,4.93238,1.549
199,-1.2662,5.22666,1.78725
199,-1.90661,4.76989,1.00632
199,-1.65564,5.02627,1.40458
199,-2.10251,4.75454,0.975902
199,-1.64835,4.97475,1.01784
199,-1.73817,5.16471,1.72275
199,-1.76288,5.23203,1.86133
199,-1.66106,5.03607,0.998023
199,-2.3513,5.07765,2.14969
199,-1.32137,5.38503,1.61999
199,-1.84181,5.23766,1.79597
199,-2.3737,4.79637,0.974926
199,-2.35943,4.80924,0.973788
199,-1.78927,5.26223,1.6617
199,-1.7686,5.28379,1.70337
199,-1.78023,5.31788,1.69895
199,-1.85762,5.34476,1.76616
199,-2.37417,4.88654,0.969946
199,-1.86682,5.39441,1.78715
199,-1.83407,5.43408,1.85546
199,-2.01811,5.12651,1.01927
199,-1.98933,5.15801,0.974607
199,-2.3299,5.09899,1.1845
199,-2.34928,5.06495,1.07519
199,-2.3355,5.12661,1.18049
199,-2.40183,5.08419,1.08456
199,-2.32595,5.14821,1.17728
199,-2.37409,5.10238,1.07113
199,-2.32135,5.22166,1.14373
199,-3.41178,5.19345,1.17775
199,-3.43762,5.219,1.13317
199,-3.47043,5.21784,1.01898
199,-3.47608,5.22,1.01633
199,-3.47138,5.23857,1.02251
199,-3.47041,5.25494,1.01492
199,-3.5073,5.74894,2.54147
199,-3.29625,5.47315,1.20521
199,-3.35741,5.608,1.18554
199,-3.34299,5.61785,1.18628
199,-3.33879,5.58171,1.03497
199,-3.32052,5.60627,0.978458
199,-3.43337,5.80443,1.14816
199,-4.86591,5.60724,2.44581
199,-3.46101,5.88802,0.879539
199,-7.76008,31.6229,0.887628
199,-2.67047,5.79136,0.629381
195,-2.67047,5.79136,0.629381
199,-1.98751,4.51176,1.05037
194,-1.98751,4.51176,1.05037
200,-1.88191,3.72324,0.732485
200,-1.95589,3.67998,0.707538
200,-1.95459,3.68161,0.708455
200,-2.76889,3.54629,0.746564
200,-1.31185,4.35913,1.04963
200,-2.78156,3.5674,0.741149
200,-2.7965,3.55652,0.710585
200,-2.82317,3.54309,0.697178
200,-2.98457,3.49447,0.747325
200,-2.81117,3.64964,0.948935
200,-2.81207,3.65093,0.953219
200,-2.83354,3.56477,0.696787
200,-2.57141,3.70235,0.642219
200,-2.81959,3.67563,0.935718
200,-3.00235,3.54417,0.714154
200,-3.08588,3.51787,0.741487
200,-2.69508,3.79527,0.999519
200,-2.70012,3.79693,0.993693
200,-2.70581,3.89251,1.24519
200,-2.75484,3.80558,1.03073
200,-3.14333,3.64456,1.12456
200,-2.69712,3.83378,0.992663
200,-2.70866,3.90297,1.24003
200,-3.10283,3.56872,0.757602
200,-2.70513,3.91786,1.23384
200,-2.74508,3.76957,0.78792
200,-3.1742,3.54257,0.724065
200,-3.12463,3.57062,0.734664
200,-3.17591,3.54285,0.714102
200,-3.14084,3.56392,0.714444
200,-2.70248,3.83855,0.807146
200,-1.94351,4.31538,1.08843
200,-3.03148,3.69512,0.777818
200,-3.04677,3.69879,0.77902
200,-3.05876,3.69796,0.772607
200,-2.57664,3.94047,0.643669
200,-2.54113,3.95624,0.636963
200,-2.9073,3.902,1.05051
200,-2.9479,3.89298,1.07283
200,-2.73971,3.9092,0.768995
200,-3.21194,3.7679,1.05754
200,-2.9528,3.95469,1.06609
200,-1.9136,4.55857,1.0374
200,-1.92109,4.76258,1.02297
200,-2.07598,4.70521,1.00944
200,-2.33631,5.04476,2.1301
200,-2.28688,4.73583,0.990988
200,-2.39751,4.7033,0.979096
200,-2.09121,4.87818,1.05075
200,-2.08656,4.87999,0.961895
200,-2.33178,4.78232,1.001
200,-2.31326,4.81543,1.02694
200,-2.34834,5.1119,1.98763
200,-2.36887,4.80868,0.983058
200,-2.37239,4.89022,1.09256
200,-2.36147,4.87871,0.958758
200,-1.87928,5.41073,1.77277
200,-2.3726,4.9974,1.09941
200,-1.88863,5.46125,1.794
200,-2.11243,5.11491,0.995824
200,-2.32144,5.07777,1.20525
200,-2.12637,5.1571,1.03755
200,-2.29409,5.15273,1.17579
200,-2.3296,5.16823,1.16707
200,-2.40523,5.4914,1.92821
200,-3.44665,5.22761,1.13223
200,-3.49758,5.2559,1.00658
200,-4.65029,4.4223,0.0854199
200,-3.49449,5.27365,1.01301
200,-3.29257,5.45634,1.21351
200,-3.47527,5.76441,2.52991
200,-3.46413,5.81491,2.53436
200,-3.51421,5.8013,2.55662
200,-3.31424,5.44542,1.02235
200,-3.34309,5.50298,1.05391
200,-3.32632,5.55711,1.20294
200,-3.3786,5.56147,1.19552
200,-3.37533,5.5601,1.14916
200,-3.3232,5.5881,1.02488
200,-3.32317,5.61755,0.971115
200,-3.32889,5.66746,0.976538
200,-3.4045,5.74156,1.16751
200,-4.84885,5.46279,2.25652
200,-3.40372,5.76926,0.89875
200,-3.39265,5.84862,1.13847
200,-3.45258,5.88281,0.886971
200,-5.21635,6.37725,2.21153
201,-2.01911,3.61209,0.676217
201,-1.95202,3.68612,0.701488
201,-2.72451,3.52207,0.774358
201,-2.76062,3.53207,0.745538
201,-2.85302,3.52637,0.739494
201,-2.5959,3.64492,0.642923
201,-2.84245,3.54606,0.737273
201,-2.98032,3.47902,0.741346
201,-2.84129,3.54595,0.707192
201,-2.57448,3.68189,0.645877
201,-2.90067,3.5358,0.709673
201,-3.08562,3.57075,1.14799
201,-2.84564,3.6603,0.93855
201,-2.6958,3.76699,0.995016
201,-2.9089,3.57113,0.722445
201,-2.9275,3.55253,0.688664
201,-2.74203,3.78063,1.03766
201,-3.00376,3.53833,0.702675
201,-2.69472,3.79991,0.994882
201,-3.08967,3.51314,0.743151
201,-3.09534,3.52049,0.769749
201,-2.72894,3.73826,0.798591
201,-3.01272,3.55871,0.705176
201,-3.04104,3.55671,0.698046
201,-3.03787,3.58645,0.763783
201,-2.69537,3.80891,0.816013
201,-3.11856,3.55897,0.707376
201,-3.1273,3.57052,0.738428
201,-3.12641,3.56958,0.723825
201,-2.75482,3.7956,0.769551
201,-2.52535,3.89275,0.67506
201,-2.56306,3.88327,0.669884
201,-1.52384,4.57818,0.990569
201,-3.20494,3.57387,0.703352
201,-2.52945,3.93385,0.658192
201,-2.57,3.91535,0.637234
201,-3.21469,3.57901,0.68251
201,-3.02995,3.70793,0.766938
201,-2.72419,3.88062,0.779678
201,-2.53401,3.94696,0.641982
201,-2.94849,3.86169,1.0768
201,-2.57496,3.9351,0.635245
201,-2.57992,3.93582,0.645296
201,-2.7123,3.90524,0.773513
201,-2.55092,3.95846,0.644053
201,-3.2114,3.75462,1.07553
201,-2.31054,4.68482,0.964851
201,-2.38577,4.70676,0.961115
201,-2.41209,4.70776,0.982292
201,-1.78053,5.28844,1.69978
201,-2.37277,4.84945,0.968666
201,-2.38014,5.2334,2.12744
201,-2.36505,4.89988,0.961217
201,-2.34727,4.97274,1.0859
201,-2.34555,5.13077,1.19952
201,-2.34771,5.15097,1.17231
201,-2.3416,5.21728,1.16434
201,-4.40549,4.36124,2.03851
201,-4.32181,4.38332,1.20168
201,-3.40564,4.94193,1.19211
201,-3.38055,4.98032,1.21739
201,-3.38198,4.98771,1.17336
201,-3.42323,4.97684,1.16919
201,-5.02417,4.38486,2.07929
201,-4.98207,4.49477,2.31788
201,-5.10507,4.49603,1.97466
201,-4.12708,4.60951,0.499631
201,-3.46187,5.21697,1.02484
201,-3.4912,5.25569,1.01703
201,-4.78485,4.34167,0.371048
201,-3.24357,5.51312,1.20345
201,-3.4563,5.81449,2.52665
201,-4.56421,5.16675,2.3955
201,-3.32622,5.61214,1.19807
201,-3.27449,5.65467,1.17575
201,-3.3461,5.69836,0.948874
201,-4.70112,5.27049,1.93032
201,-4.75802,5.41356,2.316
201,-3.40405,5.76782,0.902031
201,-3.46087,5.90813,0.883875
201,-4.86622,5.49575,1.98712
201,-3.40894,5.19258,1.17425
199,-3.40894,5.19258,1.17425
201,-1.96888,3.74047,0.664027
198,-1.96888,3.74047,0.664027
202,-2.45106,3.55406,0.729045
202,-2.48844,3.52931,0.726526
202,-2.84021,3.42104,0.766535
202,-2.82213,3.43944,0.779126
202,-2.48465,3.67689,0.768029
202,-2.81586,3.47047,0.775698
202,-2.80369,3.61564,1.17914
202,-2.46877,3.76531,0.737779
202,-2.50403,3.7606,0.719835
202,-2.79357,3.56753,0.709294
202,-2.72923,3.74002,1.06117
202,-2.72058,3.76083,1.05735
202,-2.98996,3.50854,0.731552
202,-3.12543,3.47601,0.763869
202,-3.08156,3.51656,0.730945
202,-2.83254,3.67174,0.665213
202,-3.11319,3.53733,0.753171
202,-3.14028,3.63854,1.10618
202,-3.10314,3.53633,0.716777
202,-3.10162,3.55668,0.749673
202,-3.16462,3.63785,1.11148
202,-3.14606,3.65887,1.10739
202,-3.158,3.53145,0.714951
202,-3.12991,3.56583,0.71093
202,-3.12153,3.56787,0.689486
202,-3.12904,3.57618,0.722901
202,-3.04253,3.68541,0.775212
202,-3.0563,3.72508,0.750186
202,-3.05883,3.7298,0.743829
202,-3.08192,3.72347,0.762938
202,-2.72283,4.19312,1.16149
202,-2.07922,4.82998,1.06279
202,-2.42784,5.09626,0.910539
202,-2.51005,5.03252,0.879978
202,-3.20975,5.13175,2.54393
202,-4.31069,4.39334,2.25938
202,-2.37353,5.38678,1.1096
202,-3.06038,4.94741,1.11827
202,-3.04697,4.96782,1.14063
202,-3.07201,5.01889,1.32459
202,-3.07467,5.06098,1.30634
202,-3.06582,5.00537,1.11105
202,-3.09128,5.02984,1.17129
202,-3.07107,5.02315,1.10592
202,-2.46473,5.39907,0.973227
202,-5.02772,3.79932,1.36197
202,-4.82141,4.01645,1.3633
202,-4.78682,4.04753,1.3643
202,-3.30191,5.03066,1.24147
202,-3.33556,5.04965,1.2025
202,-3.39504,5.07679,1.07355
202,-4.53665,4.11406,0.489982
202,-3.41325,5.18956,1.18771
202,-5.21839,4.12898,1.44592
202,-3.46478,5.21249,1.01951
202,-4.6504,4.21705,0.441205
202,-3.44545,5.23026,1.01972
202,-4.67624,4.22496,0.427853
202,-4.87559,4.82472,1.99931
202,-5.25878,4.67589,2.31154
202,-4.58087,5.15484,2.26158
202,-3.6252,5.42461,1.10756
202,-4.92626,4.92499,1.99472
202,-5.29799,4.84703,2.32732
202,-4.73274,4.84716,1.07054
202,-4.73216,5.40334,2.39838
202,-4.66855,5.53674,2.53635
202,-4.92727,4.92886,1.00349
202,-4.95547,4.94255,1.00504
202,-4.79707,5.37975,0.296301
202,-4.72962,5.37683,0.133582
202,-4.80249,5.39359,0.272469
202,-4.76641,5.40812,0.104059
202,-4.8217,5.44676,0.268283
203,-2.49543,3.53125,0.716705
203,-2.47223,3.7197,0.755386
203,-2.71584,3.73501,1.06785
203,-2.8328,3.62838,0.939927
203,-2.49391,3.81594,0.710113
203,-2.83988,3.57728,0.720325
203,-2.84409,3.64743,0.929711
203,-2.85746,3.74759,1.13827
203,-3.11631,3.45996,0.764996
203,-2.83424,3.78863,1.09334
203,-2.70047,3.79512,0.807897
203,-2.73927,3.77379,0.772695
203,-3.07719,3.50897,0.729038
203,-3.0721,3.52027,0.716083
203,-2.70731,3.82914,0.790449
203,-2.6852,3.99225,1.21309
203,-2.91536,3.78589,1.09273
203,-3.11351,3.54171,0.750096
203,-3.16512,3.50172,0.731664
203,-3.08951,3.56202,0.73975
203,-3.15745,3.5285,0.724767
203,-3.12655,3.56152,0.70002
203,-3.0141,3.68685,0.777195
203,-3.17344,3.71974,1.08219
203,-3.18933,3.72843,1.07615
203,-2.73335,4.11621,1.17103
203,-3.20063,3.74727,1.06492
203,-3.21845,3.73528,1.06731
203,-3.09498,3.74484,0.755988
203,-3.24399,3.74732,1.05807
203,-3.18321,3.7136,0.796395
203,-2.78425,4.21297,1.14935
203,-2.45913,4.82872,0.95235
203,-3.10444,4.95244,2.45853
203,-2.42802,5.45347,2.11975
203,-2.4096,5.0589,0.91243
203,-3.16775,5.11296,2.46135
203,-3.24063,5.15613,2.46472
203,-2.37288,5.40233,1.09387
203,-2.45835,5.35183,0.994665
203,-3.08834,5.01733,1.10568
203,-3.12262,5.13224,1.28916
203,-3.13155,5.1435,1.27961
203,-3.12382,5.09972,1.07769
203,-4.71418,4.0307,1.37053
203,-4.23501,4.9354,2.493
203,-3.37478,5.1465,1.19929
203,-3.38222,5.09743,1.06299
203,-4.41757,4.76543,2.26676
203,-3.42534,5.15231,1.21006
203,-3.41615,5.14516,1.15827
203,-5.03904,4.06657,1.36858
203,-3.46599,5.22094,1.18997
203,-3.44826,5.18463,1.01936
203,-3.44739,5.19659,1.02753
203,-4.4293,4.52841,1.17394
203,-4.61197,4.15834,0.454624
203,-4.45932,4.21495,0.213328
203,-4.44818,4.55571,1.15444
203,-4.64783,4.18843,0.427759
203,-4.4561,4.95756,2.25174
203,-5.19193,4.13346,1.43233
203,-3.5427,5.2713,1.13276
203,-3.55593,5.30384,1.13461
203,-4.47543,4.94245,1.99915
203,-5.1514,4.49402,2.04147
203,-5.27697,4.40268,1.98923
203,-4.54029,5.08157,2.2492
203,-4.5385,5.11612,2.25161
203,-4.5818,4.71311,1.12535
203,-5.27699,4.57359,2.05367
203,-4.70658,5.4069,2.38894
203,-4.72752,5.53987,2.52775
203,-4.91044,4.90316,1.00786
204,-3.2703,2.14737,1.90737
204,-3.27286,2.10706,1.737
204,-2.58773,3.63231,0.639797
204,-2.69704,3.70206,1.06557
204,-2.72626,3.73371,1.07682
204,-2.85635,3.50918,0.714084
204,-2.96015,3.46862,0.74866
204,-2.7955,3.59703,0.704556
204,-2.97089,3.49149,0.714853
204,-2.98336,3.51027,0.722302
204,-2.73586,3.74479,0.785854
204,-2.98914,3.52938,0.70204
204,-2.51727,3.90543,0.649861
204,-3.05587,3.4894,0.737958
204,-2.55093,3.88513,0.644549
204,-2.74383,3.78868,0.76811
204,-3.07783,3.54439,0.743087
204,-2.71576,3.87032,0.773298
204,-3.13123,3.6569,1.10415
204,-3.15245,3.50545,0.725628
204,-2.7046,3.89634,0.768475
204,-3.15702,3.51205,0.726259
204,-3.14365,3.65936,1.09773
204,-3.14039,3.67115,1.09111
204,-2.8869,3.88149,1.04759
204,-2.885,3.89046,1.05025
204,-3.17699,3.67423,1.10385
204,-3.02362,3.68351,0.769331
204,-3.05043,3.68024,0.776965
204,-2.95536,3.92185,1.05614
204,-3.18087,3.73713,1.06147
204,-2.42221,4.61072,1.02089
204,-2.83933,4.28428,1.0759
204,-2.90078,4.52861,1.05202
204,-4.69464,3.54466,1.43668
204,-4.70775,3.56944,1.45093
204,-4.78458,3.58626,1.42042
204,-4.7521,3.70659,1.45084
204,-4.70431,3.68757,1.20933
204,-4.84253,3.97563,2.0195
204,-4.74121,3.74576,1.03435
204,-3.34008,5.44108,2.49997
204,-4.89171,4.02361,2.01996
204,-3.31869,5.53334,2.50706
204,-4.94058,3.8882,1.43856
204,-4.90771,4.23225,2.04834
204,-4.93616,4.02384,1.3917
204,-4.92389,4.40615,2.31213
204,-4.89046,3.619,-0.0958474
204,-3.46131,5.21491,1.00794
204,-4.51856,4.16644,0.500398
204,-5.03716,4.39242,2.29842
204,-3.4823,5.2834,1.16213
204,-4.95235,4.13979,0.760244
204,-4.51213,4.31559,0.165514
204,-4.70888,4.26953,0.388205
204,-4.72994,4.3258,0.400523
204,-4.76425,4.32175,0.368218
204,-3.36999,5.80353,0.882298
204,-4.63082,5.16182,2.00799
204,-4.65376,5.24791,2.27177
204,-4.75431,5.19135,2.26685
204,-4.67101,5.34049,2.30689
204,-4.66243,5.33866,2.27576
204,-4.71751,5.32123,2.24046
204,-3.42716,5.90411,0.861139
204,-4.95333,5.22503,2.26949
204,-4.61289,5.14006,0.386141
204,-4.55648,5.16969,0.213665
204,-4.55245,5.18434,0.212296
204,-4.62426,5.23487,0.209989
204,-4.43589,4.91946,0.483758
202,-4.43589,4.91946,0.483758
204,-2.4843,3.52974,0.724137
202,-2.4843,3.52974,0.724137
204,-2.48053,3.67732,0.765668
202,-2.48053,3.67732,0.765668
205,-3.20129,2.13329,1.90721
205,-3.21158,2.14095,1.93256
205,-3.22536,2.13349,1.90449
205,-3.54227,2.02889,1.49146
205,-3.5887,2.06241,1.67609
205,-3.54624,2.09444,1.62593
205,-3.59865,2.04671,1.62221
205,-3.58605,2.0369,1.55343
205,-3.56859,2.06649,1.57088
205,-3.29106,2.08886,0.776431
205,-3.2763,2.09286,0.710056
205,-3.34346,2.18686,0.69099
205,-3.32492,2.25475,0.653719
205,-3.3424,2.30187,0.670086
205,-2.54848,3.64525,0.664929
205,-2.76486,3.56225,0.697849
205,-2.7723,3.57009,0.722431
205,-2.78278,3.56594,0.709309
205,-2.77112,3.58571,0.706927
205,-2.73043,3.76898,1.02136
205,-2.96395,3.46517,0.744253
205,-2.98879,3.53062,0.706578
205,-3.05841,3.48453,0.748097
205,-3.00651,3.55228,0.792433
205,-3.07299,3.50513,0.723937
205,-3.06602,3.52564,0.752795
205,-3.09654,3.51782,0.754981
205,-3.13179,3.63852,1.11693
205,-3.10161,3.52229,0.725477
205,-3.13375,3.49874,0.730948
205,-3.10377,3.55688,0.722592
205,-3.04515,3.65565,0.786837
205,-4.71337,3.54431,1.44237
205,-3.34492,5.4495,2.49461
205,-4.61983,3.41546,0.078459
205,-4.85554,3.98107,2.01295
205,-4.63067,3.46995,0.050812
205,-3.33551,5.57048,2.50364
205,-4.66124,3.45552,0.0480986
205,-4.47691,4.4139,2.01115
205,-4.92971,3.86601,1.49263
205,-4.38273,4.30331,1.1828
205,-4.40897,4.32225,1.17944
205,-4.56145,4.50048,2.00702
205,-4.92556,4.00671,1.41133
205,-3.44785,5.24625,1.01526
205,-4.88721,4.29882,1.98629
205,-4.94874,4.0485,1.4239
205,-3.49042,5.29963,0.988487
205,-4.96349,4.3687,1.97051
205,-3.5157,5.42749,1.12191
205,-4.45989,4.23106,0.185809
205,-4.67327,4.03269,0.0762548
205,-4.6412,4.09737,0.0795915
205,-4.67866,4.19982,0.403088
205,-4.74328,4.13457,0.309976
205,-4.77472,4.13725,0.358244
205,-4.91137,4.17299,0.758198
205,-4.6858,4.25358,0.395203
205,-4.74218,4.18355,0.336833
205,-4.72694,4.27528,0.378963
205,-4.72974,4.28693,0.37708
205,-4.95732,4.23004,0.752956
205,-4.75008,4.3054,0.358009
205,-4.84294,5.03894,2.26215
205,-3.3952,5.88705,0.879698
205,-4.66001,5.29121,2.25581
205,-4.65579,5.26644,2.00844
205,-4.7019,5.39397,2.30343
205,-4.70649,5.6068,2.51881
205,-4.76954,5.41735,2.00319
205,-4.6968,5.74135,2.52897
205,-5.0496,5.33513,2.30022
205,-4.51582,5.07899,0.249127
205,-4.56707,5.15334,0.202806
205,-3.2845,2.17178,1.85219
203,-3.2845,2.17178,1.85219
205,-2.46847,3.72159,0.755112
203,-2.46847,3.72159,0.755112
206,-3.16837,2.10142,1.89748
206,-3.19072,2.08185,1.8734
206,-3.20364,2.11844,1.94484
206,-3.22655,2.06283,1.83962
206,-3.20701,2.10769,1.86972
206,-3.20865,2.11378,1.85999
206,-3.21409,2.11394,1.86805
206,-3.23169,2.13306,1.91761
206,-3.23953,2.13887,1.92969
206,-3.28057,2.12539,1.95011
206,-3.29302,2.08115,1.85072
206,-3.3472,2.10317,1.87866
206,-3.36297,2.11309,1.94418
206,-3.30272,2.04093,1.58604
206,-3.38765,2.1205,1.99664
206,-3.36561,2.12565,1.94666
206,-3.36826,2.1343,1.94343
206,-3.31712,2.05107,1.55237
206,-3.38624,2.11261,1.8846
206,-3.33808,2.04872,1.58827
206,-3.40597,2.07786,1.78897
206,-3.45466,2.07734,1.90884
206,-3.39823,2.10589,1.83034
206,-3.4552,2.07765,1.89483
206,-3.43769,2.11583,1.93713
206,-3.4424,2.08567,1.86796
206,-3.43935,2.15052,1.99186
206,-3.44624,2.14226,1.96434
206,-3.46995,2.12322,1.9723
206,-3.4907,2.0928,1.94193
206,-3.41744,2.09969,1.74971
206,-3.47835,2.12655,1.96569
206,-3.49949,2.09621,1.941
206,-3.47478,2.13836,1.93047
206,-3.49769,2.10653,1.90153
206,-3.45468,2.12491,1.82625
206,-3.48063,2.14234,1.93175
206,-3.45761,2.11269,1.79058
206,-3.49203,2.10265,1.85268
206,-3.47569,2.15292,1.92368
206,-3.50144,2.11358,1.85695
206,-3.50841,2.06568,1.73188
206,-3.46535,2.04857,1.55637
206,-3.52168,2.06943,1.73551
206,-3.53943,2.06041,1.74083
206,-3.53433,2.06197,1.60909
206,-3.52309,2.08358,1.6213
206,-3.5365,2.01924,1.48701
206,-3.5367,2.04865,1.55944
206,-3.56533,2.05315,1.6421
206,-3.56711,2.0249,1.569
206,-3.57548,2.03029,1.59205
206,-3.55848,2.02884,1.54161
206,-3.52068,2.06612,1.4437
206,-3.51211,2.08987,1.44161
206,-3.53738,2.07668,1.44489
206,-3.54045,2.13305,1.39255
206,-3.54002,2.1583,1.38782
206,-3.54113,2.16937,1.38127
206,-3.55365,2.16225,1.3765
206,-3.91831,2.14549,1.26911
206,-2.81989,3.51658,0.748611
206,-2.72815,3.73454,1.03561
206,-2.85557,3.48745,0.727494
206,-2.54032,3.81203,0.698658
206,-2.97252,3.47061,0.748825
206,-2.70206,3.80464,0.805019
206,-3.05392,3.47431,0.745451
206,-2.98516,3.541,0.708158
206,-3.00462,3.53659,0.701567
206,-3.15216,3.63186,1.11809
206,-3.0894,3.54015,0.703814
206,-3.15092,3.69106,1.09028
206,-3.06128,3.71337,0.758006
206,-3.16841,3.7266,1.06858
206,-4.80588,3.67978,1.4419
206,-4.83591,3.67082,1.42437
206,-4.83433,3.94843,2.02715
206,-4.61699,3.43621,0.0683537
206,-4.78112,3.82565,1.44509
206,-4.29331,4.00084,0.605857
206,-4.85678,3.79447,1.47295
206,-3.40517,5.11044,1.03128
206,-4.81031,3.86795,1.44019
206,-4.82892,3.39286,0.259725
206,-4.92079,4.01155,2.03447
206,-4.36567,4.27284,1.19291
206,-4.8293,3.91676,1.43071
206,-4.87646,3.43834,0.247805
206,-4.90681,3.89371,1.47221
206,-3.44234,5.2797,1.15381
206,-4.87035,3.94526,1.43949
206,-4.96236,3.87687,1.49769
206,-3.46886,5.22927,1.0089
206,-4.96386,4.11046,2.0139
206,-4.83762,3.8851,0.990159
206,-4.93324,4.31535,2.2892
206,-4.62085,4.5304,2.01797
206,-4.94352,4.00897,1.41916
206,-4.94345,4.36683,2.32066
206,-4.99025,4.09165,1.4286
206,-4.98733,4.36805,2.05772
206,-4.44823,4.23461,0.218055
206,-4.996,4.41339,1.99521
206,-4.60064,4.24832,0.42176
206,-4.86404,4.12875,0.767929
206,-4.49869,4.28899,0.169886
206,-3.40682,5.8144,1.12662
206,-4.67205,4.24961,0.407055
206,-4.93177,4.13284,0.773204
206,-4.69276,4.22916,0.390781
206,-4.95717,4.12717,0.764043
206,-4.53433,4.32028,0.0971332
206,-4.62179,4.3281,0.297548
206,-4.64633,4.30953,0.294091
206,-4.56516,5.22409,2.37276
206,-4.60169,4.32153,0.0796127
206,-4.75202,4.29017,0.372549
206,-4.60255,4.35463,0.0452673
206,-4.66158,4.35123,0.0244107
206,-4.61966,5.17735,2.01209
206,-4.69768,5.37356,2.31602
206,-4.67864,5.29703,1.99546
206,-4.79017,5.46135,2.25263
206,-5.02539,5.28355,2.27264
206,-4.5176,5.07384,0.244186
206,-4.55344,5.11265,0.242529
206,-4.21174,4.63665,0.461341
204,-4.21174,4.63665,0.461341
206,-3.95749,2.4255,1.94425
204,-3.95749,2.4255,1.94425
206,-4.10747,2.51589,1.93127
204,-4.10747,2.51589,1.93127
206,-3.61917,2.18575,1.99231
204,-3.61917,2.18575,1.99231
206,-3.40312,2.09213,1.97717
204,-3.40312,2.09213,1.97717
206,-3.39707,2.10748,2.0091
204,-3.39707,2.10748,2.0091
206,-3.4808,2.10476,2.00303
204,-3.4808,2.10476,2.00303
206,-3.38226,2.07801,1.94768
204,-3.38226,2.07801,1.94768
206,-3.70565,2.23108,1.88536
204,-3.70565,2.23108,1.88536
206,-3.44991,2.12491,1.67715
204,-3.44991,2.12491,1.67715
206,-4.64454,4.50092,0.00278789
202,-4.64454,4.50092,0.00278789
206,-4.6916,3.90393,1.38974
202,-4.6916,3.90393,1.38974
207,-3.13699,2.07711,1.94778
207,-3.15727,2.05694,1.87722
207,-3.16852,2.07734,1.87303
207,-3.18138,1.80229,1.0575
207,-3.20622,1.81793,1.07744
207,-3.22236,1.81611,1.08049
207,-3.326,2.086,2.001
207,-3.32031,2.08036,1.94239
207,-3.36503,2.0986,2.00511
207,-3.34953,2.10318,1.95003
207,-3.33238,2.08307,1.83172
207,-3.39088,2.10355,2.00299
207,-3.3928,2.12608,1.94703
207,-3.41697,2.11883,1.97384
207,-3.44097,2.10715,1.94306
207,-3.40557,2.09278,1.75587
207,-3.46367,2.11636,1.96967
207,-3.45743,2.12427,1.96226
207,-3.41528,2.06496,1.68992
207,-3.41833,2.07828,1.72868
207,-3.4305,2.09735,1.79581
207,-3.5009,2.10604,2.00822
207,-3.49125,2.09074,1.92417
207,-3.46779,2.13243,1.93738
207,-3.47512,2.12562,1.92886
207,-3.45186,2.08861,1.77291
207,-3.45352,2.11281,1.83179
207,-3.46752,2.09893,1.80026
207,-3.47128,2.10133,1.80972
207,-3.50219,2.10923,1.90517
207,-3.47372,2.12418,1.85275
207,-3.50117,2.1139,1.84971
207,-3.24413,2.0162,0.786034
207,-3.24201,2.01779,0.783702
207,-3.29018,2.06405,0.925273
207,-3.57027,2.08343,1.73337
207,-3.53207,2.08872,1.62022
207,-3.58183,2.08403,1.73481
207,-3.5657,2.0726,1.56279
207,-3.56806,2.07711,1.56695
207,-3.5949,2.04772,1.52983
207,-3.61403,2.08764,1.6668
207,-3.61887,2.04097,1.56354
207,-3.63549,2.08625,1.66561
207,-3.6522,2.09945,1.66347
207,-3.65197,2.0759,1.59704
207,-3.63752,2.06731,1.52044
207,-3.63296,2.06309,1.49271
207,-3.65082,2.06131,1.534
207,-3.65879,2.07877,1.5751
207,-3.26689,2.16771,0.708279
207,-3.66733,2.06138,1.52798
207,-3.63295,2.07185,1.45341
207,-3.62767,2.07997,1.45546
207,-3.6629,2.1067,1.61606
207,-3.67576,2.09702,1.58972
207,-3.62693,2.11739,1.41635
207,-3.65521,2.24999,1.33101
207,-2.80114,3.60195,0.692053
207,-2.99838,3.57025,0.702599
207,-3.14352,3.56489,0.722264
207,-3.12521,3.59519,0.686134
207,-3.18176,3.58313,0.698658
207,-3.20271,3.74893,1.05621
207,-4.79737,2.8318,0.382467
207,-4.88301,2.90566,0.334988
207,-4.51505,3.33055,0.146512
207,-4.72797,3.77223,1.00748
207,-3.47301,5.2228,1.00981
207,-4.4033,4.12891,0.391287
207,-4.57712,4.06543,0.549131
207,-4.45534,4.10789,0.207199
207,-4.92641,4.33724,1.96384
207,-4.45374,4.20654,0.158241
207,-5.0926,4.013,1.39513
207,-4.54454,4.21984,0.353957
207,-4.50738,4.97571,1.99485
207,-5.07182,4.13597,1.3896
207,-4.50397,4.27708,0.148318
207,-4.53076,4.32898,0.298451
207,-4.58305,5.12967,2.25722
207,-5.23226,4.13862,1.41854
207,-4.6039,5.2646,2.29331
207,-4.6148,4.44251,0.253112
207,-4.95652,4.94411,2.00451
207,-4.6842,5.60426,2.53994
207,-5.4216,4.55865,1.98602
207,-4.78743,5.46117,2.39595
207,-4.78014,5.50881,2.39869
207,-4.82647,5.01415,1.04669
207,-4.61231,5.19718,0.190931
207,-4.64855,5.37627,0.370921
207,-4.70361,5.36888,0.138898
207,-4.52104,3.95326,0.468582
205,-4.52104,3.95326,0.468582
207,-3.24053,2.0153,1.86318
205,-3.24053,2.0153,1.86318
207,-4.1082,3.54165,0.448351
205,-4.1082,3.54165,0.448351
207,-3.28422,2.04392,1.84993
205,-3.28422,2.04392,1.84993
207,-3.4763,2.39037,1.75864
205,-3.4763,2.39037,1.75864
207,-3.33988,2.07954,1.8338
205,-3.33988,2.07954,1.8338
207,-4.46732,4.2541,0.410953
202,-4.46732,4.2541,0.410953
208,-3.09394,2.11149,1.89284
208,-3.09532,2.11622,1.86184
208,-3.10024,2.11253,1.86128
208,-3.11449,2.1263,1.86049
208,-3.12484,2.11041,1.85773
208,-3.19553,1.77314,1.03586
208,-3.15626,1.82885,1.00901
208,-3.30621,2.15818,1.9979
208,-3.1796,1.8919,1.05409
208,-3.30922,2.16014,1.9778
208,-3.28169,2.1493,1.87006
208,-3.2996,2.15852,1.93342
208,-3.3243,2.16006,1.98551
208,-3.288,2.14843,1.82602
208,-3.3139,2.17427,1.93154
208,-3.3223,2.17535,1.93061
208,-3.31221,2.16097,1.86272
208,-3.34717,2.18324,1.96067
208,-3.17954,1.99504,1.05549
208,-3.31495,2.16916,1.81896
208,-3.31293,2.16661,1.80601
208,-3.30804,2.17695,1.80976
208,-3.36223,2.19163,1.94939
208,-3.34433,2.13426,1.76195
208,-3.18499,2.01764,1.04642
208,-3.36404,2.11869,1.71052
208,-3.37082,2.17432,1.83991
208,-3.37653,2.17949,1.83929
208,-3.38778,2.20697,1.92682
208,-3.41433,2.18179,1.9491
208,-3.3706,2.15367,1.75756
208,-3.43861,2.17897,1.98174
208,-3.21856,2.03721,1.03092
208,-3.41809,2.18715,1.91997
208,-3.40529,2.21052,1.92654
208,-3.38992,2.20428,1.85322
208,-3.3996,2.20723,1.88549
208,-3.43532,2.18967,1.9488
208,-3.42506,2.19489,1.91638
208,-3.40391,2.17761,1.81523
208,-3.47075,2.16773,1.98703
208,-3.40467,2.1894,1.83695
208,-3.46599,2.179,1.98452
208,-3.41414,2.20876,1.88367
208,-3.40604,2.13885,1.70437
208,-3.42043,2.17267,1.81075
208,-3.46645,2.16243,1.92097
208,-3.44404,2.20902,1.95162
208,-3.44172,2.19683,1.91721
208,-3.44089,2.20933,1.91704
208,-3.45654,2.17872,1.8879
208,-3.4141,2.2192,1.84514
208,-3.48025,2.16179,1.91376
208,-3.45637,2.16497,1.83899
208,-3.46673,2.19082,1.8852
208,-3.46051,2.17547,1.82768
208,-3.48105,2.18212,1.89852
208,-3.4877,2.17998,1.89486
208,-3.46395,2.18093,1.78939
208,-3.47747,2.18936,1.816
208,-3.53476,1.77645,1.08108
208,-3.54336,1.77892,1.06731
208,-3.56178,1.78129,1.07743
208,-3.55499,1.79883,1.06397
208,-3.53387,2.15583,1.69531
208,-3.54151,2.15363,1.69658
208,-3.59092,1.83545,1.07349
208,-3.59382,2.11563,1.5173
208,-3.58536,2.13262,1.5079
208,-3.60315,2.18145,1.65992
208,-3.56204,2.18214,1.53651
208,-3.2519,2.23313,0.721996
208,-3.57258,2.18758,1.57149
208,-3.61081,2.17674,1.64002
208,-3.60326,2.1824,1.60704
208,-3.59117,2.13883,1.46732
208,-3.61351,2.18091,1.60123
208,-3.62737,2.15569,1.57927
208,-3.63228,2.1844,1.63832
208,-3.58769,2.19081,1.51022
208,-3.61744,2.12692,1.46359
208,-3.60478,2.14649,1.46443
208,-3.61902,2.16525,1.54414
208,-3.52482,2.23974,1.35948
208,-3.63556,2.18264,1.54174
208,-3.62067,2.16273,1.42549
208,-3.63611,2.1685,1.41709
208,-3.6236,2.19324,1.42779
208,-3.63806,2.17185,1.41956
208,-3.75834,2.53521,1.33079
208,-3.81465,2.56609,1.3192
208,-3.10325,3.57955,0.706409
208,-3.01767,3.72223,0.690137
208,-5.22502,1.90755,2.33374
208,-5.34774,1.86998,2.43637
208,-5.36549,2.01465,2.52771
208,-5.30717,2.07649,2.47875
208,-4.70596,2.93835,0.373716
208,-5.0162,2.84222,0.809007
208,-5.02806,2.83417,0.790785
208,-5.03048,2.85078,0.811323
208,-4.52598,3.47044,0.205845
208,-4.43605,4.6709,2.22854
208,-4.69537,3.79314,1.00329
208,-4.40718,4.8145,2.24025
208,-4.70718,4.37771,2.0019
208,-4.43973,4.09093,0.464823
208,-4.85995,4.40027,1.93143
208,-4.5388,4.1854,0.436742
208,-4.91874,4.12123,1.38745
208,-4.40952,4.28721,0.182831
208,-4.50088,5.16184,2.22268
208,-4.86243,4.54362,1.99055
208,-4.51133,5.14406,1.95992
208,-5.04997,4.2483,1.36288
208,-4.55489,5.52296,2.47772
208,-5.26521,4.40322,1.9404
208,-5.2677,4.84944,2.28806
208,-5.46494,5.07726,2.32898
208,-4.60167,5.33392,0.135584
208,-4.17889,2.52036,0.693516
207,-4.17889,2.52036,0.693516
208,-4.09166,2.46471,0.743715
207,-4.09166,2.46471,0.743715
209,-3.17763,1.77971,1.04494
209,-3.28997,2.18588,1.96973
209,-3.30205,2.19375,1.85344
209,-3.34745,2.21693,1.97269
209,-3.34788,2.21815,1.94445
209,-3.35757,2.2121,1.9438
209,-3.36169,2.229,1.97967
209,-3.35062,2.18548,1.83214
209,-3.36532,2.20028,1.82421
209,-3.43954,2.16431,1.98402
209,-3.42021,2.1608,1.9087
209,-3.36757,2.22347,1.84324
209,-3.41177,2.20539,1.93788
209,-3.40715,2.20542,1.90978
209,-3.42412,2.16616,1.89381
209,-3.39688,2.24067,1.91903
209,-3.38055,2.21598,1.82469
209,-3.44996,2.19623,1.97117
209,-3.44664,2.20643,1.96769
209,-3.40305,2.19653,1.80821
209,-3.40382,2.2409,1.87124
209,-3.43931,2.21885,1.93439
209,-3.40663,2.19924,1.79562
209,-3.44698,2.18701,1.88333
209,-3.41903,2.22928,1.87023
209,-3.42382,2.16644,1.77514
209,-3.43268,2.22885,1.90144
209,-3.4427,2.17419,1.83535
209,-3.44085,2.23873,1.93743
209,-3.44583,2.19992,1.8748
209,-3.46012,2.19441,1.88298
209,-3.44159,2.17721,1.77335
209,-3.48196,2.1425,1.71963
209,-3.47642,2.17489,1.63766
209,-3.48056,2.17771,1.57369
209,-3.54124,2.15129,1.65128
209,-3.57079,1.82483,1.08137
209,-3.59032,2.18828,1.65458
209,-3.55899,2.20185,1.52853
209,-3.61473,2.173,1.6504
209,-3.5741,2.18924,1.5441
209,-3.57674,2.21299,1.55185
209,-3.5696,2.2165,1.52457
209,-3.5809,2.20523,1.52116
209,-3.58263,2.21379,1.51721
209,-3.59348,2.20731,1.51775
209,-3.60365,2.23075,1.54707
209,-3.63204,2.22915,1.58088
209,-3.64835,2.2124,1.57831
209,-3.71141,1.8256,1.05301
209,-3.69959,1.87338,1.05815
209,-3.66232,2.19202,1.48303
209,-3.7166,1.89298,1.04729
209,-3.67214,2.23743,1.46311
209,-3.68,2.24753,1.45716
209,-3.67393,2.23956,1.42002
209,-3.68938,2.22017,1.42607
209,-3.70444,2.22167,1.4217
209,-3.74181,2.34068,1.3585
209,-3.77007,2.32309,1.35979
209,-4.4494,1.19965,1.17831
209,-4.18565,2.12686,1.06516
209,-4.45921,2.13774,1.05604
209,-4.92107,1.1778,0.725565
209,-4.44197,2.21243,1.03037
209,-5.25018,1.74638,2.40411
209,-5.15737,1.90484,2.32404
209,-4.82039,1.83678,1.09421
209,-4.83297,1.82561,1.09169
209,-5.1466,1.97197,2.30712
209,-4.92017,1.71856,1.15611
209,-4.92941,1.73323,1.14433
209,-4.86174,1.84278,1.09134
209,-5.21427,1.98768,2.3186
209,-4.9281,1.86185,1.118
209,-4.92619,1.87566,1.13166
209,-4.93157,1.84875,1.08158
209,-5.37044,1.90696,2.46311
209,-4.89825,1.96419,1.09349
209,-4.92384,1.9826,1.08946
209,-5.48223,1.93472,2.53951
209,-5.33674,2.15328,2.46928
209,-5.49186,1.94783,2.5191
209,-5.31081,2.10649,2.14464
209,-5.03747,2.01971,1.0922
209,-5.14615,1.91108,1.17836
209,-5.05365,2.03833,1.086
209,-5.15521,1.93436,1.16509
209,-5.13704,2.03203,1.13606
209,-4.87195,2.45881,1.0213
209,-5.38742,2.13839,2.04539
209,-5.11428,2.11862,1.13454
209,-4.90572,2.48061,1.00915
209,-5.19304,2.04529,1.1162
209,-5.1445,2.14055,1.08183
209,-5.16163,2.11625,1.07946
209,-5.17732,2.15272,1.06706
209,-5.23776,2.0925,1.14098
209,-5.24668,2.07538,1.1042
209,-5.18852,2.16877,1.07367
209,-5.27264,2.09881,1.13549
209,-5.23957,2.15114,1.09884
209,-5.24139,2.15583,1.09426
209,-5.38893,1.98286,1.18288
209,-5.03993,2.50094,0.957214
209,-5.50629,1.98182,1.45721
209,-5.27772,2.19402,1.10415
209,-5.05607,2.53359,0.959657
209,-5.44702,1.98515,1.16921
209,-4.45677,3.24124,0.278373
209,-5.44501,2.06689,1.24515
209,-5.46227,2.00824,1.16778
209,-5.65278,1.95876,1.51224
209,-5.58232,2.12683,1.20967
209,-5.76245,2.06585,1.4048
209,-5.84296,2.03504,1.47727
209,-5.27223,2.84977,0.983443
209,-5.20819,2.81608,0.6852
209,-5.49293,2.77265,0.806973
209,-4.96838,4.57006,2.28365
209,-4.86664,4.62156,1.94932
209,-5.0765,4.29525,1.98664
209,-4.96938,4.5366,1.94041
209,-4.50082,4.45215,0.105977
209,-5.43782,3.09483,0.626103
209,-5.41538,3.14317,0.624016
209,-5.62629,3.20216,0.742383
209,-4.65132,5.39442,0.123008
209,-4.66246,5.53835,0.0562673
209,-3.62754,2.18684,1.41122
208,-3.62754,2.18684,1.41122
209,-3.32497,2.19755,1.8581
208,-3.32497,2.19755,1.8581
209,-3.55581,2.13606,1.43612
208,-3.55581,2.13606,1.43612
209,-3.21802,2.10747,1.87213
208,-3.21802,2.10747,1.87213
209,-3.66556,2.19478,0.994837
208,-3.66556,2.19478,0.994837
209,-3.17283,1.51979,1.54798
208,-3.17283,1.51979,1.54798
209,-4.27679,2.2976,1.09786
208,-4.27679,2.2976,1.09786
209,-4.14529,1.9886,1.19254
208,-4.14529,1.9886,1.19254
209,-3.96231,2.01895,1.15159
208,-3.96231,2.01895,1.15159
209,-5.04301,4.82594,1.96921
207,-5.04301,4.82594,1.96921
210,-3.28236,2.17163,1.79455
210,-3.17282,1.92047,1.02834
210,-3.298,2.18443,1.79126
210,-3.35005,2.19321,1.82361
210,-3.38147,2.20945,1.87741
210,-3.38666,2.21895,1.87374
210,-3.41176,2.15732,1.84259
210,-3.42116,2.22019,1.90585
210,-3.40452,2.19535,1.80005
210,-3.44303,2.17813,1.88621
210,-3.41958,2.16259,1.75477
210,-3.4115,2.19199,1.75536
210,-3.44812,2.20942,1.74478
210,-3.52527,2.13417,1.65893
210,-3.53679,2.14865,1.63752
210,-3.54315,1.80901,1.04361
210,-3.56088,1.90095,1.07259
210,-3.56575,1.90396,1.07484
210,-3.6083,2.18646,1.57314
210,-3.57618,1.95164,1.08205
210,-3.62439,2.19964,1.57387
210,-3.64184,2.22164,1.5266
210,-3.7216,1.94401,1.05642
210,-3.7228,1.94451,1.05886
210,-4.31098,1.12503,1.15027
210,-3.79233,2.30368,0.935126
210,-4.41371,1.14796,1.13862
210,-3.83501,2.34884,0.913063
210,-3.66597,2.60646,0.707597
210,-4.61889,0.778968,1.12791
210,-4.4339,1.15956,0.990016
210,-3.72321,2.67257,0.638351
210,-4.49398,1.1785,0.963918
210,-4.60224,1.24907,1.30092
210,-4.20621,2.14155,1.06245
210,-4.04389,2.46279,0.827631
210,-4.63501,1.12391,0.807538
210,-4.32683,2.14507,1.04506
210,-4.70822,1.13292,0.809409
210,-4.71962,1.13466,0.766459
210,-4.9154,1.36107,1.71821
210,-4.35268,2.18453,1.0318
210,-4.73418,1.63547,1.21714
210,-4.46527,2.24632,1.0284
210,-4.9577,1.49003,1.50911
210,-4.97585,1.4926,1.51087
210,-4.83054,1.56413,1.10169
210,-4.53902,2.20104,1.02371
210,-4.53683,2.23531,1.02121
210,-4.59916,2.22435,1.02579
210,-4.84456,1.82724,1.16144
210,-4.88372,1.75875,1.18958
210,-5.00775,1.81343,1.62225
210,-4.87552,1.82805,1.15031
210,-5.21979,1.3634,1.58347
210,-4.87297,1.85699,1.12111
210,-4.89681,1.8744,1.10817
210,-5.31228,1.38506,1.61827
210,-4.93369,1.96432,1.09065
210,-5.33185,2.14486,2.46938
210,-5.14137,1.9195,1.1579
210,-5.51296,1.37933,1.57289
210,-5.35566,1.8958,1.55677
210,-5.24345,1.95781,1.12887
210,-5.2301,2.10229,1.12344
210,-5.22775,2.16527,1.05297
210,-5.35176,2.15352,1.41425
210,-5.4806,1.93592,1.52233
210,-5.43672,2.1662,1.70077
210,-5.47727,1.19543,0.454577
210,-5.44384,2.15911,1.70596
210,-5.51871,2.18731,1.97971
210,-5.26379,2.1761,1.04223
210,-5.81056,1.50178,1.82188
210,-5.4688,2.20397,1.68792
210,-5.27735,2.22208,1.0773
210,-5.49381,2.21264,1.73068
210,-5.35683,2.15314,1.19311
210,-5.50047,2.21067,1.68234
210,-5.5131,2.25632,1.7654
210,-5.86274,1.51024,1.83972
210,-5.43736,2.18847,1.39998
210,-5.55124,2.27044,1.75553
210,-5.62299,1.98938,1.51448
210,-6.05335,1.74928,2.54641
210,-5.652,2.05073,1.50906
210,-5.93744,1.47052,1.51791
210,-6.0722,1.48906,1.91443
210,-5.60615,2.19444,1.33608
210,-4.53857,4.09284,0.0511374
210,-5.84522,2.11026,1.38073
210,-6.10507,1.56391,1.19901
210,-5.87467,2.18339,1.07503
210,-5.92142,2.29836,1.09424
210,-6.19716,1.63142,0.983828
210,-6.5017,1.63106,1.56513
210,-6.2829,2.30394,1.40503
210,-5.59481,3.31559,0.505743
210,-6.92783,1.8118,0.633775
210,-6.46552,3.37771,0.449401
210,-14.1479,1.92126,3.41216
210,-4.86679,2.74937,0.814314
208,-4.86679,2.74937,0.814314
210,-4.6289,4.2155,0.120927
207,-4.6289,4.2155,0.120927
211,-4.15359,0.740725,1.87577
211,-3.74108,1.83283,1.04501
211,-4.35019,0.777907,1.85738
211,-4.31103,0.722072,0.764631
211,-4.25317,0.785931,0.626369
211,-4.32948,1.09265,1.1672
211,-4.35687,1.1306,1.18752
211,-4.41614,1.09428,1.31622
211,-4.37013,0.716648,0.734259
211,-4.37606,0.725075,0.741618
211,-4.4299,1.09502,1.31481
211,-4.45902,0.763103,1.01024
211,-4.65101,0.773431,1.60548
211,-4.33651,0.892226,0.626834
211,-4.49476,1.10466,1.28835
211,-4.43019,1.18112,1.14487
211,-4.39058,0.892289,0.596368
211,-4.21367,1.94146,1.08504
211,-4.48748,1.15497,1.14062
211,-4.48961,1.16947,1.13898
211,-4.06135,2.33009,0.889803
211,-4.66452,0.831411,1.22951
211,-4.21835,2.13647,1.05633
211,-4.67463,0.771827,1.08212
211,-4.26824,2.11894,1.06807
211,-4.55022,1.03075,0.759849
211,-4.57356,1.16875,0.930942
211,-4.61835,1.19988,1.08737
211,-5.128,0.704647,2.28622
211,-4.75969,0.801628,1.05318
211,-4.60828,1.17179,0.916579
211,-4.7147,1.13711,1.22894
211,-4.66266,1.17492,1.07348
211,-4.67012,1.17269,1.07313
211,-5.23371,0.640364,2.31087
211,-4.84011,1.27232,1.62522
211,-4.8733,1.27943,1.68084
211,-4.73799,1.23226,1.04574
211,-4.73945,1.24153,1.04284
211,-4.70039,1.63107,1.25178
211,-4.91736,1.3002,1.60629
211,-4.70473,1.62392,1.21862
211,-4.89544,1.46447,1.52008
211,-5.43059,0.629458,2.41896
211,-5.07868,1.32932,1.64477
211,-4.81749,1.78679,1.17374
211,-5.01684,1.50509,1.49644
211,-5.27082,1.65023,2.49931
211,-5.31772,1.67707,2.49211
211,-4.86137,1.85289,1.1162
211,-5.25355,1.90099,2.45869
211,-5.25765,1.82879,2.38056
211,-4.8922,1.83962,1.08014
211,-5.24244,2.02535,2.42198
211,-4.90961,1.84797,1.07348
211,-4.92904,1.84202,1.06771
211,-5.27186,2.023,2.31188
211,-4.9549,1.97626,1.08154
211,-5.31473,1.3365,1.61038
211,-5.31398,1.33749,1.56889
211,-5.30788,1.33671,1.54203
211,-4.9567,2.01592,1.06451
211,-5.41226,1.42557,1.8758
211,-4.99286,2.00753,1.06841
211,-5.38279,1.35859,1.60747
211,-5.39218,1.36304,1.53516
211,-5.115,1.91286,1.16955
211,-5.41045,2.20239,2.46547
211,-5.5218,1.39749,1.82477
211,-5.46242,2.16877,2.27715
211,-5.4621,2.17052,2.2055
211,-5.71869,1.44783,1.93289
211,-5.60094,1.45129,1.42625
211,-5.37873,2.16227,1.42102
211,-5.47663,2.22275,1.70565
211,-5.71633,1.47522,1.62843
211,-5.98839,0.798058,1.36433
211,-6.14499,1.56204,1.77453
211,-6.07571,1.55058,1.48155
211,-5.77316,2.16805,1.07241
211,-5.96261,2.19002,1.35224
211,-6.3039,1.45673,0.984895
211,-6.46066,1.76815,0.752982
211,-6.4404,0.696473,-0.595431
211,-6.55416,3.44295,0.471183
211,-4.45862,2.34785,0.939252
210,-4.45862,2.34785,0.939252
212,-2.22549,0.512308,2.045
212,-2.22604,0.512889,2.0437
212,-4.42935,0.809794,0.849185
212,-4.47008,0.892548,0.776672
212,-4.40592,1.12158,0.703483
212,-4.90754,0.783047,2.12414
212,-4.59107,0.42341,0.665084
212,-4.43698,0.935161,0.577131
212,-4.53562,0.803993,0.795088
212,-4.57261,0.904062,0.930826
212,-4.61665,0.357734,0.584117
212,-4.77652,0.800371,1.51732
212,-4.82335,0.787512,1.60013
212,-4.80309,0.799523,1.51902
212,-4.61692,1.35716,1.29373
212,-4.95043,0.343108,1.54119
212,-4.65696,0.781386,0.806323
212,-4.70755,0.773573,0.901494
212,-5.12734,0.708097,2.29813
212,-4.90275,0.794,1.57665
212,-4.547,0.921438,0.454039
212,-4.76796,0.773755,1.04889
212,-4.73864,1.18362,1.28522
212,-4.91698,0.796445,1.52549
212,-4.60463,0.96742,0.474418
212,-5.12637,0.824457,2.12311
212,-4.49434,2.16012,1.05773
212,-5.28598,0.639462,2.32209
212,-5.31555,0.663712,2.42636
212,-4.77164,1.19274,0.996166
212,-4.9606,0.795529,1.19703
212,-4.74658,1.06424,0.667192
212,-4.97747,0.795187,1.20786
212,-4.94089,0.80493,0.980582
212,-5.1692,1.35782,2.26686
212,-5.18181,1.74812,2.54282
212,-4.98056,0.800083,0.982912
212,-4.98567,0.800646,0.997369
212,-4.83762,1.52406,1.11358
212,-4.99905,1.30312,1.3615
212,-4.86105,1.15312,0.736369
212,-5.13813,1.85116,2.31477
212,-5.20747,1.69965,2.39527
212,-4.98205,0.760285,0.758732
212,-4.87629,1.13101,0.682393
212,-4.88714,1.55628,1.09655
212,-5.21172,0.78496,1.45559
212,-5.23034,0.787125,1.47868
212,-5.22203,1.90534,2.45029
212,-5.01671,0.765056,0.703527
212,-5.196,2.01119,2.41148
212,-5.26556,0.786077,1.49091
212,-5.17893,1.30626,1.62013
212,-5.28656,0.782253,1.48383
212,-5.18411,1.30877,1.597
212,-5.16425,0.792106,1.0376
212,-4.89549,1.97449,1.08344
212,-4.91747,1.95478,1.09141
212,-5.23887,1.32122,1.55922
212,-5.31913,2.13814,2.51467
212,-5.01632,1.87386,1.20372
212,-5.16066,0.777507,0.65809
212,-5.47913,1.38982,2.27672
212,-5.30336,2.08718,2.24989
212,-5.35547,2.1512,2.47337
212,-5.25113,0.792987,0.87005
212,-5.17183,1.87143,1.55319
212,-5.4509,2.19283,2.53756
212,-5.10943,2.01619,1.1437
212,-5.36223,0.801055,0.848068
212,-5.28454,2.09677,1.67271
212,-5.31038,1.98985,1.64551
212,-5.31166,1.99922,1.65114
212,-5.55312,0.726746,1.31588
212,-5.35629,1.25017,1.06801
212,-5.58687,0.73013,1.36777
212,-5.29542,1.3326,0.839836
212,-5.16321,2.15889,1.07724
212,-5.43203,2.16559,1.98298
212,-5.17865,2.16367,1.06886
212,-5.63385,0.708358,1.31675
212,-5.74218,1.71302,2.49881
212,-5.40776,1.46407,1.06492
212,-5.4223,1.92635,1.52854
212,-5.32019,1.96164,1.15236
212,-5.43156,1.98639,1.545
212,-5.70888,0.733122,1.35552
212,-5.37936,2.11177,1.37218
212,-5.49404,2.05584,1.7163
212,-5.39707,2.16313,1.41224
212,-5.42204,1.15547,0.5479
212,-5.41278,2.1278,1.37439
212,-5.52811,1.49418,1.15619
212,-5.48589,1.98801,1.44079
212,-5.54689,2.07405,1.70428
212,-5.65005,2.16606,2.11793
212,-5.53187,2.02397,1.52149
212,-5.54322,1.98149,1.51964
212,-5.63593,0.653568,0.314576
212,-5.77082,1.35051,1.1143
212,-5.60868,1.25652,0.396452
212,-5.85739,2.09692,1.98095
212,-5.74955,0.717214,0.164752
212,-5.94446,2.12567,1.97754
212,-5.75325,0.632327,-0.0482688
212,-5.88855,0.787667,0.312458
212,-6.02338,0.655137,-0.181295
212,-6.11263,0.657064,-0.234421
212,-6.18718,1.31747,0.220514
212,-6.17356,0.817453,-0.370728
212,-4.96793,1.83904,1.21148
210,-4.96793,1.83904,1.21148
212,-5.09324,1.817,1.51428
210,-5.09324,1.817,1.51428
212,-5.14211,2.0778,1.79492
210,-5.14211,2.0778,1.79492
212,-5.11967,1.37934,1.86048
210,-5.11967,1.37934,1.86048
212,-5.17698,1.90419,1.24626
210,-5.17698,1.90419,1.24626
212,-5.36788,2.17931,1.77792
210,-5.36788,2.17931,1.77792
212,-6.47744,2.44925,0.533664
209,-6.47744,2.44925,0.533664
212,-5.14108,1.78197,1.08672
209,-5.14108,1.78197,1.08672
212,-4.8285,1.83395,1.07342
209,-4.8285,1.83395,1.07342
212,-5.06444,1.31062,0.951746
209,-5.06444,1.31062,0.951746
213,-2.09538,0.403805,2.07362
213,-2.40211,0.388354,1.999
213,-2.40502,0.386935,1.99741
213,-2.70821,0.543722,1.72152
213,-3.58356,1.84672,1.05621
213,-4.55164,0.395813,1.63471
213,-4.60523,0.404974,1.57592
213,-4.65944,0.397149,1.55592
213,-4.49369,0.427457,0.991115
213,-4.43774,0.461131,0.81101
213,-4.48006,0.413436,0.89384
213,-4.47789,0.471766,0.903655
213,-4.46008,0.425027,0.802042
213,-4.50828,0.451787,0.854768
213,-4.66904,0.806173,1.56408
213,-4.84884,0.764601,2.13624
213,-4.60495,0.48684,0.965483
213,-4.75582,1.37685,2.09489
213,-4.71581,0.792136,1.53178
213,-4.56069,0.416077,0.677958
213,-4.73515,0.815848,1.5568
213,-4.82725,0.826258,1.80184
213,-4.85347,0.547047,1.67823
213,-4.76803,0.802996,1.52101
213,-4.85109,0.351033,1.4821
213,-4.6717,0.475917,0.935367
213,-4.71443,1.43498,1.74698
213,-4.8621,0.348627,1.49114
213,-4.79381,1.34655,1.95127
213,-4.77454,0.511939,1.26957
213,-4.61548,0.352154,0.574183
213,-4.6942,0.497591,0.918048
213,-4.80463,0.516492,1.25099
213,-4.65748,0.349832,0.568797
213,-4.94083,0.334078,1.54416
213,-4.69425,0.767568,0.921003
213,-4.7069,0.791514,0.850169
213,-4.82458,1.47777,1.73162
213,-4.82589,1.47652,1.72741
213,-4.91073,0.78579,1.52248
213,-4.87387,0.533698,1.19516
213,-4.81182,0.862141,1.17619
213,-4.91292,0.78401,1.39191
213,-4.74191,0.793454,0.753308
213,-4.77819,0.771489,0.864319
213,-4.85292,0.87397,1.19128
213,-4.84857,0.874388,1.15409
213,-4.93044,0.792505,1.37297
213,-4.75594,0.791562,0.751407
213,-5.00424,0.762966,1.59797
213,-4.83929,1.18156,1.29152
213,-4.85344,1.18971,1.29181
213,-4.89722,0.820068,1.15308
213,-4.91158,0.879788,1.14058
213,-4.8302,0.745086,0.694169
213,-5.06506,0.547846,1.33646
213,-4.94464,0.887849,1.12815
213,-4.94699,0.540406,0.865332
213,-5.0907,1.37013,1.94404
213,-5.00743,0.78723,1.21275
213,-5.08994,0.564971,1.33651
213,-4.91615,0.74173,0.814697
213,-5.10007,0.565947,1.30246
213,-4.958,0.821517,0.965353
213,-5.14693,0.777552,1.56335
213,-5.04672,1.31559,1.57112
213,-5.02036,0.794836,0.965131
213,-5.03781,0.796779,0.992052
213,-5.2258,2.02614,2.42409
213,-5.13425,1.41569,1.66696
213,-5.26667,1.89916,2.46371
213,-4.92775,1.72179,1.12166
213,-5.16885,1.34511,1.68353
213,-4.93573,1.72497,1.12371
213,-5.17068,1.4274,1.70085
213,-5.09484,0.551897,0.811432
213,-4.96322,1.71987,1.17321
213,-5.16742,1.30452,1.59485
213,-5.18385,1.43242,1.69119
213,-5.02232,1.17231,0.895299
213,-5.08374,0.763399,0.748682
213,-5.24477,1.31792,1.62514
213,-5.2836,2.08163,2.26166
213,-5.24266,1.322,1.53904
213,-5.45167,0.400282,1.58795
213,-5.37723,2.1636,2.48485
213,-5.40516,0.804576,1.44922
213,-5.51973,0.682564,1.62038
213,-5.3097,1.37278,1.3598
213,-5.4561,0.819643,1.44155
213,-5.5751,0.282298,1.46665
213,-5.1819,1.93376,1.14158
213,-5.43315,0.28739,0.816016
213,-5.558,0.29843,1.24061
213,-5.44194,1.38077,1.5829
213,-5.42137,1.41433,1.34011
213,-5.34953,0.802849,0.557871
213,-5.60686,0.747715,1.36142
213,-5.67357,0.754375,1.43608
213,-5.54967,0.690295,0.905612
213,-5.46619,1.99707,1.44938
213,-5.44316,0.301034,0.158674
213,-5.82453,1.73586,2.49649
213,-5.65116,0.268849,0.726001
213,-5.50424,1.50876,1.03908
213,-5.65054,2.09818,1.97233
213,-5.7625,0.801156,1.41603
213,-5.16497,2.93484,0.742664
213,-5.61448,1.26373,1.09522
213,-5.51464,1.16769,0.526813
213,-5.51293,2.06717,1.14188
213,-5.55414,2.15994,1.19981
213,-5.59557,0.778408,0.215565
213,-5.85791,0.28721,0.647803
213,-5.6489,2.08055,1.10633
213,-5.73196,0.292126,-0.00767708
213,-5.78392,0.822943,0.411184
213,-5.80566,0.72252,0.320869
213,-5.77271,2.19929,1.19511
213,-5.91367,0.293791,-0.0914567
213,-6.44522,0.236859,1.63546
213,-6.70384,0.0137383,-0.731381
213,-6.85407,0.216306,-0.53449
213,-5.85059,0.789245,2.4734
211,-5.85059,0.789245,2.4734
213,-4.95255,2.70643,0.989152
209,-4.95255,2.70643,0.989152
214,-2.39954,0.229725,1.93857
214,-4.2289,1.84384,1.04239
214,-4.50214,0.0341121,1.4004
214,-4.65495,0.445098,1.94285
214,-4.36574,0.0308777,0.645933
214,-4.67886,0.470238,1.91032
214,-4.68434,0.418862,1.85519
214,-4.70061,0.493321,1.93055
214,-4.60476,-0.0375205,1.40064
214,-4.61116,-0.0357833,1.41018
214,-4.69205,0.463436,1.84495
214,-4.70529,-0.143572,1.67376
214,-4.37414,1.88621,1.07911
214,-4.37209,1.94428,1.08014
214,-4.67347,0.413775,1.67206
214,-4.657,0.412855,1.61047
214,-4.68988,0.393894,1.64675
214,-4.67972,0.394614,1.60401
214,-4.60767,0.0419659,1.22112
214,-4.75134,-0.137136,1.67441
214,-4.71252,0.470484,1.72263
214,-4.72447,0.487256,1.74906
214,-4.71573,0.442301,1.69373
214,-4.74838,0.459422,1.8061
214,-4.71877,0.415462,1.67404
214,-4.73399,0.470855,1.71956
214,-4.72215,0.371167,1.61635
214,-4.74894,0.462148,1.73956
214,-4.82727,0.764018,2.1183
214,-4.78414,0.474881,1.74074
214,-4.80086,0.739208,1.79638
214,-4.83068,-0.104576,1.60695
214,-4.77702,0.428485,1.49349
214,-4.82618,-0.105488,1.4822
214,-4.88835,-0.161119,1.66287
214,-4.82427,0.668625,1.68832
214,-4.80658,0.399132,1.51411
214,-4.79823,0.770526,1.58424
214,-4.80292,0.428887,1.4859
214,-4.81428,0.409229,1.46123
214,-4.66081,0.372375,0.837812
214,-4.85532,0.340918,1.47486
214,-4.7688,0.333673,1.15682
214,-4.76384,0.428254,1.14284
214,-4.79796,0.452269,1.21071
214,-4.87521,0.416025,1.44968
214,-4.81285,0.51808,1.24213
214,-4.95644,0.433829,1.6867
214,-4.95782,0.435944,1.68656
214,-4.9406,0.326134,1.58643
214,-4.84177,0.509205,1.2854
214,-4.81598,1.23464,1.4063
214,-4.60538,1.15208,0.602904
214,-4.90895,0.785113,1.5819
214,-5.01219,-0.162995,1.64717
214,-4.78389,0.454531,1.00985
214,-5.04858,1.33803,2.24848
214,-4.81398,0.355011,1.04065
214,-4.74272,0.348687,0.778801
214,-4.73463,0.468935,0.78245
214,-4.81766,1.21303,1.3227
214,-4.85484,0.337441,1.16652
214,-4.81857,1.2142,1.31411
214,-4.80033,0.416467,0.981963
214,-4.92726,0.790368,1.5542
214,-4.81073,0.476569,1.0213
214,-4.66186,1.16296,0.665093
214,-5.09599,1.34561,2.25791
214,-4.89814,0.34691,1.11852
214,-4.77252,1.18832,0.931314
214,-4.85769,0.37977,0.970585
214,-4.75158,0.879906,0.714155
214,-4.91543,0.532778,1.14719
214,-4.91492,0.328978,1.04759
214,-4.76071,1.15428,0.722594
214,-4.7938,1.20153,0.826429
214,-4.93877,0.391477,1.08373
214,-5.05456,0.761746,1.58028
214,-4.83266,1.17443,0.866382
214,-4.80825,1.1752,0.761339
214,-4.98935,0.29952,1.08804
214,-4.82525,1.181,0.774403
214,-4.85305,1.18489,0.864643
214,-4.81997,1.17979,0.716364
214,-5.21783,2.03378,2.42565
214,-5.00014,1.29395,1.35735
214,-5.00861,0.549443,1.13327
214,-5.04317,0.563425,1.2406
214,-4.85799,1.19636,0.759649
214,-5.19215,2.0708,2.2583
214,-4.85983,1.20415,0.747732
214,-5.32779,0.291521,2.1303
214,-4.87063,1.14314,0.692591
214,-5.28434,1.88778,2.43653
214,-5.23842,2.02259,2.31276
214,-4.88281,1.1551,0.723213
214,-4.87717,1.15154,0.689503
214,-4.98379,1.49028,1.18497
214,-4.8929,1.14429,0.720571
214,-5.10302,0.565493,1.29331
214,-5.07866,0.311952,1.05423
214,-5.32466,1.36861,2.25585
214,-5.18931,0.310719,1.38047
214,-5.11828,0.571512,1.19498
214,-5.16642,1.35264,1.61991
214,-5.302,0.238138,1.73726
214,-4.93984,1.15092,0.711391
214,-5.19367,0.321833,1.36093
214,-5.41114,0.299166,2.12169
214,-5.18161,1.31928,1.61669
214,-5.23913,0.29469,1.466
214,-5.23816,0.294839,1.45817
214,-4.96325,1.11105,0.686331
214,-5.28995,1.34346,1.94814
214,-5.06588,0.823983,0.928869
214,-5.06328,0.833256,0.92208
214,-5.36097,0.278619,1.75811
214,-5.2023,0.300803,1.148
214,-5.16972,0.31861,1.02421
214,-5.25974,0.804371,1.48718
214,-5.04296,2.08721,1.10158
214,-5.09397,0.555493,0.786238
214,-5.06371,1.99499,1.14253
214,-5.22172,0.295148,1.12922
214,-5.32975,0.683157,1.63924
214,-5.31689,0.29106,1.44027
214,-5.23013,0.286862,1.08913
214,-5.38406,1.37047,1.94302
214,-5.18788,0.80538,1.02295
214,-5.37181,0.284578,1.5007
214,-5.23086,1.3307,1.32859
214,-5.25925,0.286516,1.05885
214,-5.52893,1.65748,2.47471
214,-5.2555,0.290734,0.943587
214,-5.30021,0.287394,1.07012
214,-5.40599,0.273149,1.32809
214,-5.27516,0.28236,0.842754
214,-5.31262,1.36087,1.30942
214,-5.37786,0.264427,1.1556
214,-5.43412,0.262365,1.3192
214,-5.39555,0.250808,1.15541
214,-5.4769,0.288549,1.45166
214,-5.44663,0.765042,1.46946
214,-5.45287,0.766873,1.45405
214,-5.42581,0.23301,0.993868
214,-5.36749,1.46792,1.17576
214,-5.3751,0.283147,0.810594
214,-5.55698,0.233766,1.45217
214,-5.48754,0.231263,1.13747
214,-5.44397,0.209868,0.962786
214,-5.45723,0.226092,1.00098
214,-5.75135,1.70421,2.54515
214,-5.26972,1.14729,0.599811
214,-5.25082,0.733,0.387179
214,-5.3936,1.26451,1.05317
214,-5.47401,0.226971,0.959375
214,-5.40776,1.63506,1.14541
214,-5.59257,0.256207,1.36084
214,-5.46467,1.28399,1.02916
214,-5.42989,0.695551,0.622297
214,-5.45965,0.303173,0.5421
214,-5.41512,0.699897,0.495011
214,-5.52981,0.266662,0.757931
214,-5.36527,0.722954,0.29675
214,-5.45938,1.19286,0.785232
214,-5.45318,1.21867,0.761244
214,-5.53669,0.305427,0.760217
214,-5.49166,1.30647,0.864344
214,-5.57861,1.34521,1.15492
214,-5.4778,1.22691,0.738624
214,-5.55273,1.21743,0.925007
214,-5.48657,1.20102,0.613645
214,-5.58763,1.21833,0.927014
214,-6.01388,1.61438,2.53454
214,-5.57492,-0.227855,0.0726833
214,-6.15727,1.84621,2.58194
214,-5.90093,-0.207756,0.838186
214,-6.04698,0.148538,1.38408
214,-6.14154,0.161303,1.361
214,-5.7705,1.27496,0.372705
214,-5.84872,1.26598,0.364082
214,-5.84789,1.29006,0.267746
214,-5.94211,0.293758,0.218597
214,-6.3749,0.223709,-0.464982
214,-5.27339,0.280768,2.12073
213,-5.27339,0.280768,2.12073
214,-5.02699,0.841939,1.25465
212,-5.02699,0.841939,1.25465
214,-5.00417,1.59291,1.04938
212,-5.00417,1.59291,1.04938
214,-5.7378,1.27224,0.48719
212,-5.7378,1.27224,0.48719
215,-2.32686,0.023217,1.9761
215,-2.43053,0.171293,2.02442
215,-2.43308,0.175959,2.00115
215,-2.4886,0.219261,1.80566
215,-2.67474,0.217171,2.06453
215,-4.30859,0.0309157,1.08465
215,-4.40026,-0.538052,1.15337
215,-4.70214,0.730169,1.95356
215,-4.57714,-0.216853,1.30877
215,-4.81107,-0.121329,1.98277
215,-4.76519,0.486951,1.74622
215,-4.82542,0.706945,1.94395
215,-4.44629,0.772913,0.519854
215,-4.5129,0.388112,0.779894
215,-4.71733,-0.197825,1.57792
215,-4.80696,0.433905,1.84335
215,-4.78332,0.465496,1.74067
215,-4.84511,-0.188731,2.00281
215,-4.81639,0.448146,1.76024
215,-4.69264,-0.652229,1.35706
215,-4.78099,-0.0998536,1.60815
215,-4.48035,0.909359,0.399544
215,-4.85416,-0.213793,1.86862
215,-4.69969,0.0211811,1.1935
215,-4.95832,0.763584,2.07161
215,-4.76647,-0.084117,1.41804
215,-4.71933,0.000432473,1.22636
215,-4.78735,-0.186667,1.48041
215,-4.78453,-0.186109,1.4646
215,-4.55681,0.408653,0.539627
215,-4.83847,0.328426,1.55654
215,-4.84855,0.333228,1.55476
215,-4.5611,0.866206,0.434428
215,-4.78062,-0.0627709,1.32596
215,-4.84117,0.347315,1.47789
215,-4.85873,-0.193958,1.55059
215,-4.84002,-0.108745,1.46738
215,-4.87255,0.332735,1.54346
215,-4.66775,-0.0116327,0.781235
215,-4.59254,0.790578,0.425503
215,-4.62967,-0.496236,0.63479
215,-4.80437,-0.624476,1.28117
215,-4.95779,0.434074,1.71534
215,-4.91173,0.343011,1.54031
215,-4.76835,0.0162478,1.02552
215,-4.7112,-0.0237742,0.803121
215,-4.77865,0.0276368,0.979845
215,-4.98013,-0.16249,1.64608
215,-5.23132,0.820993,2.45697
215,-4.93755,-0.16229,1.37346
215,-4.71772,-0.0830406,0.555262
215,-4.89353,0.784553,1.06818
215,-4.72806,-0.534736,0.56116
215,-4.92549,-0.352616,1.25093
215,-4.90387,0.790252,1.03224
215,-4.98399,0.329934,1.34064
215,-5.00585,0.315003,1.40858
215,-5.06992,-0.212895,1.63048
215,-4.93522,-0.655969,1.10977
215,-4.89606,1.12889,0.72523
215,-4.82358,0.729367,0.480172
215,-5.07726,-0.171399,1.42576
215,-5.13331,0.77876,1.49999
215,-4.83973,-0.582602,0.50339
215,-5.4341,1.64198,2.45839
215,-5.23582,0.412009,1.82901
215,-5.07177,-0.98745,1.34242
215,-5.16967,0.777227,1.50162
215,-5.26996,0.633876,1.75991
215,-5.13274,-0.185785,1.32092
215,-5.04441,0.331491,0.938633
215,-5.22715,-0.287646,1.60369
215,-5.29993,0.643891,1.70048
215,-5.21442,0.306615,1.36219
215,-5.2782,0.323997,1.57733
215,-5.0883,0.563787,0.828736
215,-5.23558,0.301153,1.36611
215,-5.18996,-0.999474,1.25828
215,-5.30705,-0.282637,1.59796
215,-5.37446,0.25308,1.76016
215,-5.19044,0.7448,0.971794
215,-5.35448,0.421855,1.59564
215,-5.30517,0.660718,1.38797
215,-5.34425,-0.25273,1.60476
215,-5.44391,0.37981,1.90402
215,-5.31948,0.697621,1.37484
215,-5.23275,0.80061,0.935408
215,-5.36688,0.807865,1.36873
215,-5.39918,0.264337,1.3861
215,-5.41155,0.251676,1.41817
215,-5.29852,-0.784477,1.09093
215,-5.68716,-0.774201,2.47104
215,-5.35209,0.816372,1.08147
215,-5.33013,-1.04514,1.16249
215,-5.58107,0.38151,1.89492
215,-5.3639,-0.184865,1.13577
215,-5.37834,0.826052,1.08111
215,-5.7345,-0.823113,2.47856
215,-5.30208,-0.236094,0.831752
215,-5.19899,0.591582,0.342437
215,-5.41229,0.82884,0.996833
215,-5.42227,-0.191033,1.12166
215,-5.49832,0.268817,1.35325
215,-5.43466,-0.233007,1.15811
215,-5.30294,0.353167,0.588707
215,-5.35244,-0.178722,0.809442
215,-5.42671,0.198833,1.01637
215,-5.41626,0.214832,0.975568
215,-5.49143,-0.270764,1.25969
215,-5.40008,-0.193839,0.796104
215,-5.38955,-0.204179,0.756147
215,-5.45453,0.200026,0.944392
215,-5.43314,0.721082,0.782619
215,-5.42063,0.263569,0.778905
215,-5.43536,-0.244869,0.78838
215,-5.29911,-0.167507,0.22334
215,-5.36775,0.717815,0.347649
215,-5.49872,-0.834334,0.920499
215,-5.78964,-0.436911,1.88656
215,-5.42952,-0.105657,0.493326
215,-5.39413,-0.0227319,0.346901
215,-5.37183,-0.189803,0.18242
215,-5.46153,-0.116474,0.480583
215,-5.52356,0.716926,0.57535
215,-5.55524,-0.198148,0.741526
215,-5.3407,-1.06151,-0.00440049
215,-5.497,-0.1154,0.478745
215,-5.58355,-0.266616,0.724665
215,-5.52864,-0.227496,0.518157
215,-5.57876,-0.219738,0.680225
215,-5.58847,-0.1994,0.690412
215,-5.53756,-0.227875,0.501157
215,-5.54842,-0.192351,0.511301
215,-5.63824,-0.861224,0.892832
215,-5.56706,-0.186775,0.498551
215,-5.58488,-0.177626,0.555735
215,-5.93571,-0.528027,1.82056
215,-5.57786,0.308843,0.383076
215,-5.64748,-0.22173,0.666921
215,-5.64063,-0.233834,0.631108
215,-5.49874,0.786315,0.0135982
215,-5.64279,-0.238978,0.621764
215,-5.49761,0.658144,-0.0526965
215,-5.4774,-0.96697,-0.103355
215,-5.7759,-0.237863,0.926331
215,-5.70882,-0.225092,0.603219
215,-5.70331,0.32984,0.449082
215,-5.58273,0.749963,-0.0479383
215,-5.67986,0.259271,0.332682
215,-5.61318,-0.244272,0.0688124
215,-5.58385,-0.969589,-0.143196
215,-5.77156,0.323316,0.419711
215,-5.87074,-0.243969,0.532337
215,-5.69545,-0.215164,-0.16644
215,-5.80008,0.371024,0.152772
215,-6.03575,0.210404,-0.13614
215,-6.16823,0.30258,-0.203018
215,-6.72035,-0.725021,1.47201
215,-6.18259,-0.277709,-0.553593
215,-8.25957,0.504526,1.72043
215,-10.2842,-1.51935,-3.06358
215,-5.24105,0.284923,0.677404
214,-5.24105,0.284923,0.677404
215,-4.62077,0.338573,1.59317
214,-4.62077,0.338573,1.59317
215,-5.15673,0.340475,0.635126
214,-5.15673,0.340475,0.635126
215,-5.3678,0.292388,0.446205
214,-5.3678,0.292388,0.446205
215,-5.42463,0.294567,0.432594
214,-5.42463,0.294567,0.432594
215,-4.98189,0.458375,0.804231
214,-4.98189,0.458375,0.804231
215,-5.34479,0.753116,0.527777
214,-5.34479,0.753116,0.527777
215,-5.11712,0.343697,0.898568
214,-5.11712,0.343697,0.898568
215,-5.03887,0.556323,1.66605
214,-5.03887,0.556323,1.66605
215,-4.88249,-0.232759,1.21884
214,-4.88249,-0.232759,1.21884
215,-5.4286,-0.00278335,0.415667
214,-5.4286,-0.00278335,0.415667
215,-5.0266,0.78655,0.901768
213,-5.0266,0.78655,0.901768
215,-5.25874,0.322377,0.797467
213,-5.25874,0.322377,0.797467
215,-5.00238,0.298348,0.395842
213,-5.00238,0.298348,0.395842
215,-5.13061,1.56091,1.73477
213,-5.13061,1.56091,1.73477
215,-5.19952,0.513726,0.422747
213,-5.19952,0.513726,0.422747
215,-5.11219,0.662399,1.61562
212,-5.11219,0.662399,1.61562
215,-5.14728,0.665396,1.60688
212,-5.14728,0.665396,1.60688
215,-5.1658,1.0113,-0.0512782
212,-5.1658,1.0113,-0.0512782
215,-5.09945,1.40536,1.70107
210,-5.09945,1.40536,1.70107
215,-5.08979,1.52045,1.48087
210,-5.08979,1.52045,1.48087
215,-5.18406,1.21469,1.09734
209,-5.18406,1.21469,1.09734
216,-5.12012,0.787461,2.25357
216,-5.17546,0.314236,2.26718
216,-5.09287,-0.233602,2.24064
216,-5.07501,0.224155,1.8033
216,-5.19363,0.328567,2.12794
216,-5.06423,0.345518,1.51842
216,-5.1262,-0.201352,2.03845
216,-5.15798,0.829109,1.50336
216,-5.12208,-0.172279,1.94373
216,-5.0983,-0.165535,1.8248
216,-5.16284,0.770302,1.49928
216,-5.04511,-0.169678,1.57776
216,-5.11997,-0.180119,1.85889
216,-5.14583,-0.211326,1.97752
216,-5.10757,-0.176113,1.78686
216,-5.10245,-0.787091,2.11797
216,-5.11152,-0.201278,1.79779
216,-5.0659,-0.163273,1.57103
216,-5.03443,-0.699556,1.75237
216,-5.06945,-0.176872,1.58158
216,-5.10457,-0.197484,1.72478
216,-5.07006,-0.264609,1.61489
216,-5.10695,-0.757041,2.01738
216,-5.07558,-0.683044,1.82078
216,-4.99681,-0.710622,1.51833
216,-5.18386,-1.01491,2.45328
216,-5.06641,-0.716424,1.80067
216,-5.02622,-0.645528,1.59192
216,-5.06711,-0.722539,1.79147
216,-5.25496,-0.234991,2.25738
216,-5.06275,-0.703071,1.75693
216,-5.19404,-0.166693,1.95779
216,-5.26061,-0.195916,2.24163
216,-5.1409,-0.795269,2.10323
216,-5.19624,-0.179143,1.94882
216,-5.10478,-0.232506,1.57246
216,-5.08422,-0.786251,1.80392
216,-5.20934,-1.04441,2.44321
216,-5.04892,-0.37921,1.39766
216,-5.05425,-0.65876,1.57409
216,-5.03653,-0.695079,1.50717
216,-5.0134,-0.689369,1.40128
216,-5.12961,-0.791585,1.90921
216,-5.10434,-0.165857,1.42227
216,-5.07713,-0.361847,1.42466
216,-5.13394,-0.730457,1.869
216,-5.07647,-0.660973,1.57208
216,-5.08395,-0.668172,1.59229
216,-5.11672,-0.788063,1.79325
216,-5.13895,-0.472151,1.6862
216,-5.09487,-0.424595,1.4758
216,-5.10967,-0.46474,1.55261
216,-5.05742,-0.35018,1.26735
216,-5.08651,-0.422102,1.42588
216,-5.08261,0.192468,1.03139
216,-5.17084,-0.897106,2.03166
216,-5.15591,-0.919503,1.98181
216,-5.2142,-0.858073,2.14607
216,-5.24014,-0.911295,2.26386
216,-5.07823,-0.345922,1.27313
216,-5.20887,0.850354,1.07544
216,-5.12797,-0.886754,1.75809
216,-5.12021,-0.884876,1.72074
216,-5.21751,-0.905824,2.11535
216,-5.19023,-0.899217,1.99308
216,-5.21354,-0.867093,2.06541
216,-5.14426,-0.206204,1.38595
216,-5.1285,-0.903184,1.72367
216,-5.01222,-0.545585,1.03485
216,-5.10461,-0.699349,1.49898
216,-5.16249,0.299163,1.13505
216,-5.16269,-0.165397,1.40604
216,-5.0894,-0.355139,1.20318
216,-5.19823,-0.863184,1.92106
216,-5.0137,-0.634615,1.02112
216,-5.2155,-0.937101,1.9942
216,-5.09877,-0.877089,1.46759
216,-5.11188,-0.136601,1.0765
216,-5.06082,-0.731417,1.22065
216,-5.05927,0.258583,0.622311
216,-5.15368,-0.731724,1.58697
216,-5.23232,-0.909436,2.00958
216,-5.09115,0.558134,0.554213
216,-5.22149,-0.859029,1.91987
216,-5.23011,-0.908906,1.9792
216,-5.12158,-0.159293,1.09445
216,-5.07479,-0.76765,1.25944
216,-5.10496,0.614574,0.5528
216,-5.12465,-0.133361,1.07217
216,-5.13611,0.315699,0.839308
216,-5.18115,-0.897056,1.72098
216,-5.01792,-0.709044,0.941176
216,-5.08595,-0.669361,1.15006
216,-5.04144,-0.68078,0.969443
216,-5.11229,0.642055,0.469564
216,-5.1143,-0.497344,1.14178
216,-5.10783,0.0215598,0.74451
216,-5.1186,-0.978923,1.36225
216,-5.3252,0.161541,1.5121
216,-5.05042,-0.771472,0.947966
216,-5.05555,-0.0308156,0.514318
216,-5.12554,-0.215306,0.901071
216,-5.10514,-0.682581,1.04024
216,-5.11051,-0.683866,1.06156
216,-5.05927,-0.659943,0.824924
216,-5.14863,-0.981516,1.36803
216,-5.03098,-0.714038,0.730316
216,-5.14378,-0.966487,1.29856
216,-5.1434,-1.02538,1.31497
216,-5.15424,-0.988966,1.30466
216,-5.09142,-0.782387,0.913905
216,-5.16513,-1.04295,1.36112
216,-5.14407,-0.685582,1.0579
216,-5.12855,-0.728156,1.01588
216,-5.09248,-0.659054,0.809642
216,-5.16445,-1.01472,1.30596
216,-5.16027,-0.941453,1.23988
216,-5.15651,0.314114,0.476272
216,-5.16228,-0.951893,1.23542
216,-5.1521,-0.196803,0.694704
216,-5.16746,-0.744746,1.06062
216,-5.20444,-0.222963,0.881676
216,-5.1774,-0.746304,1.01492
216,-5.19821,-0.0984911,0.707729
216,-5.18855,-0.165479,0.706057
216,-5.22037,-0.979121,1.27018
216,-5.21867,-0.978951,1.2144
216,-5.23209,-1.03835,1.27801
216,-5.1973,-0.102191,0.406929
216,-5.22504,0.23562,0.302648
216,-5.24328,-0.815752,0.988943
216,-5.22051,-0.855128,0.906208
216,-5.25284,-0.888863,0.966112
216,-5.26928,-0.854551,0.963211
216,-5.02113,-1.16406,0.137522
216,-5.20373,-0.905616,0.565227
216,-5.29802,0.40372,-0.0153441
216,-5.33795,0.650636,-0.0347314
216,-5.11991,-1.17204,0.056375
216,-5.34046,-0.22099,0.20057
216,-5.3045,-1.03851,0.00524068
216,-5.32033,-1.04725,0.00960732
216,-5.38922,-0.902538,-0.0438483
216,-5.65805,-0.346944,1.60329
215,-5.65805,-0.346944,1.60329
216,-5.1996,-0.930681,2.42949
215,-5.1996,-0.930681,2.42949
216,-4.99185,0.684524,2.37559
215,-4.99185,0.684524,2.37559
216,-4.25969,-0.659041,2.35034
215,-4.25969,-0.659041,2.35034
216,-4.69221,-0.784376,2.3783
215,-4.69221,-0.784376,2.3783
216,-5.28952,0.0676368,0.15877
214,-5.28952,0.0676368,0.15877
217,-2.59983,-0.268728,2.03249
217,-3.97536,-0.543787,1.90227
217,-3.95645,-0.387419,1.48458
217,-3.97393,-0.413725,1.3985
217,-4.0804,-0.564293,2.02707
217,-4.12477,-0.573858,2.11009
217,-4.12306,-0.298128,1.67524
217,-4.22014,-0.430661,2.14504
217,-4.40684,-0.160084,2.00278
217,-4.25353,-0.615159,1.86139
217,-4.35064,-0.184608,1.74639
217,-4.28238,-0.250615,1.48716
217,-4.29356,-0.316256,1.47316
217,-4.40852,-0.0371701,1.27546
217,-4.59933,-0.224125,2.38236
217,-4.61409,-0.230386,2.37722
217,-4.42513,-0.242568,1.43177
217,-4.47701,-0.100662,1.44159
217,-4.53774,-0.147998,1.54253
217,-4.47147,-0.0510738,1.11461
217,-4.70472,-0.351259,2.38684
217,-4.74936,-0.350347,2.39754
217,-4.55222,-0.68413,1.73679
217,-4.80073,-0.40626,2.37865
217,-4.71552,-0.283993,1.83434
217,-4.6651,-0.255835,1.36315
217,-4.86415,-0.416231,2.43747
217,-4.8827,0.307721,1.55058
217,-4.88359,-0.414897,2.38484
217,-4.90736,-0.403901,2.43412
217,-4.70749,-0.363458,1.30971
217,-4.79076,-0.771003,2.13363
217,-4.72699,-0.854659,1.83536
217,-4.57678,-1.85479,2.24878
217,-4.78893,-0.817514,1.91783
217,-4.76433,-0.859128,1.83348
217,-4.77071,-0.841058,1.83158
217,-4.79816,-0.846996,1.83063
217,-4.88984,-0.825817,2.16712
217,-4.65014,-1.99271,2.48512
217,-5.23555,0.316964,2.26714
217,-4.80907,-0.816377,1.65583
217,-4.95611,-0.870217,2.3976
217,-4.85081,-0.857204,1.76448
217,-4.9592,-0.763227,1.98229
217,-4.70446,-1.90621,2.20582
217,-4.90588,-0.838373,1.75086
217,-4.90865,-0.837922,1.70035
217,-4.70334,-1.92082,1.93634
217,-4.66632,-1.0325,0.358362
217,-4.78618,-1.96427,2.03251
217,-5.08654,-0.784532,1.92687
217,-4.92277,-0.928635,1.35076
217,-4.97596,-0.915156,1.33825
217,-5.31563,-0.27291,1.84262
217,-4.79204,-1.86223,1.35194
217,-4.9229,-1.98252,2.08104
217,-4.79972,-1.86156,1.35025
217,-4.88638,-1.23877,0.65543
217,-4.73591,-1.81039,0.402713
217,-5.15202,-0.970545,1.25948
217,-5.01576,-1.23078,0.762983
217,-5.19984,-0.964842,1.24531
217,-5.35026,-0.0898953,0.771867
217,-5.11719,-1.21492,0.991061
217,-5.0588,-1.24695,0.751449
217,-5.01454,-1.82599,1.24575
217,-5.25302,-1.01015,1.19747
217,-5.40614,-0.344136,1.00347
217,-5.27713,-1.02227,1.21235
217,-5.50767,-0.45586,1.3902
217,-5.31357,-1.03054,1.17845
217,-5.65377,0.371799,0.935551
217,-5.25887,-2.10914,2.07544
217,-5.62473,-0.729387,1.63578
217,-5.23542,-1.5183,0.68244
217,-5.02934,-1.95019,0.253258
217,-5.66732,-0.0823776,0.64124
217,-5.91745,-0.389982,1.70522
217,-5.90364,0.406479,0.608849
217,-5.38441,-1.62444,0.613463
217,-5.79465,-0.635293,1.25694
217,-5.55504,-2.21926,2.06357
217,-5.59097,-2.23159,2.21521
217,-5.83118,-0.375372,0.875319
217,-5.4637,-1.7189,0.786881
217,-5.73193,-0.844342,0.849001
217,-5.66498,-2.28979,2.22812
217,-5.63863,-2.22121,1.9061
217,-5.57695,-1.64426,0.905789
217,-5.65865,-2.15039,1.85017
217,-5.7901,-0.859192,0.823594
217,-6.08052,-0.473792,1.66669
217,-5.6711,-2.21501,1.8592
217,-5.77568,-2.34668,2.29568
217,-6.23299,-0.432492,1.91371
217,-6.02181,-0.164716,0.562872
217,-5.71751,-1.70118,0.883249
217,-6.35784,-0.402317,2.13558
217,-6.40312,-0.358528,2.18435
217,-6.39599,-0.734722,2.58053
217,-6.35781,-0.433788,1.86071
217,-6.1487,-0.47492,0.843022
217,-6.14582,-0.509158,0.815695
217,-6.4679,-0.438257,2.10222
217,-5.91409,-2.36466,1.85745
217,-6.0602,-2.42174,2.30669
217,-6.63199,-0.488387,1.91006
217,-6.47507,-0.181242,0.746151
217,-6.51539,-0.0986774,0.607161
217,-6.72404,-0.499935,2.02949
217,-6.41847,-0.219899,-0.408885
217,-6.71271,-0.180245,0.679694
217,-6.97623,-0.179666,0.146465
217,-7.33531,-1.26752,1.77871
217,-4.9583,-0.501624,1.40745
216,-4.9583,-0.501624,1.40745
217,-5.25862,-0.178129,1.82935
216,-5.25862,-0.178129,1.82935
217,-5.1412,-0.26539,1.61774
215,-5.1412,-0.26539,1.61774
217,-5.21706,-0.536083,0.962699
215,-5.21706,-0.536083,0.962699
217,-5.04616,-0.259241,1.16199
215,-5.04616,-0.259241,1.16199
217,-5.18453,-0.198113,1.30825
215,-5.18453,-0.198113,1.30825
217,-5.0251,-0.164818,1.35613
214,-5.0251,-0.164818,1.35613
217,-5.07113,-0.256264,1.15135
214,-5.07113,-0.256264,1.15135
217,-5.06509,-0.107979,1.50539
214,-5.06509,-0.107979,1.50539
217,-5.1951,0.340588,0.889662
213,-5.1951,0.340588,0.889662
218,-4.12646,-0.587933,2.07785
218,-4.39784,-0.214701,1.90718
218,-4.35039,-0.072181,1.34043
218,-4.36333,-0.0673048,1.28737
218,-4.50101,-0.463042,2.18989
218,-4.57055,-0.441639,2.21815
218,-4.58252,-0.196466,1.72882
218,-3.97305,-2.10281,2.45708
218,-4.725,-0.206845,1.66344
218,-4.02699,-2.09219,1.8426
218,-4.75986,-0.19587,1.66194
218,-4.01951,-2.07434,1.64871
218,-4.62972,-0.76087,2.07341
218,-4.65231,-0.659527,1.65777
218,-4.60196,-0.674715,1.37822
218,-4.63223,-0.640577,1.17887
218,-4.74224,-0.846272,1.86391
218,-4.76766,-0.856942,2.00393
218,-4.84102,-0.83285,2.18448
218,-4.83966,-0.83129,2.02526
218,-4.84266,-0.831197,2.00645
218,-4.75728,-0.678488,1.21361
218,-4.81651,-0.801739,1.75424
218,-4.91146,-0.937061,2.43381
218,-4.83711,-0.826271,1.70434
218,-4.94709,-0.854467,2.29986
218,-5.36055,-0.315141,2.88243
218,-5.01428,-0.735751,1.27354
218,-4.75719,-1.97084,2.25589
218,-4.7998,-1.97844,2.25012
218,-4.75758,-1.95828,1.91396
218,-4.81086,-2.00816,2.26527
218,-4.76782,-1.97238,1.90935
218,-4.79711,-1.97871,1.9549
218,-4.85498,-2.14294,2.50014
218,-5.68936,-0.273524,2.94698
218,-4.86701,-2.00861,2.21173
218,-4.83391,-1.99685,2.019
218,-4.69804,-2.25293,1.81587
218,-4.83962,-2.00857,2.01501
218,-4.82699,-1.99446,1.91417
218,-4.89471,-1.98993,2.21631
218,-4.82548,-2.02836,1.92911
218,-5.31375,-0.429722,1.07631
218,-4.87136,-2.03311,2.01982
218,-4.88218,-1.99139,1.95755
218,-4.87632,-1.98616,1.91111
218,-4.75157,-2.25861,1.82016
218,-4.92427,-2.02047,2.20486
218,-4.90905,-2.00179,2.08722
218,-4.80817,-1.88273,1.32987
218,-4.87065,-2.02467,1.90813
218,-4.8669,-2.05195,1.92094
218,-4.91318,-2.01848,2.08091
218,-4.75834,-2.27218,1.7854
218,-4.69883,-2.17939,1.27866
218,-4.94634,-2.00488,2.08279
218,-4.70315,-2.21927,1.2426
218,-4.70627,-2.23786,1.28284
218,-4.70267,-2.23157,1.24001
218,-4.71254,-2.23524,1.29404
218,-4.94447,-2.04431,2.08814
218,-4.87008,-1.85313,1.31825
218,-4.71721,-2.22799,1.24818
218,-5.00223,-2.05687,2.20631
218,-4.88716,-1.91936,1.3339
218,-4.96195,-2.05831,1.95507
218,-4.75751,-1.84993,0.423516
218,-5.10726,-1.25728,0.996561
218,-4.94884,-1.80719,1.27935
218,-4.96766,-1.81608,1.27419
218,-4.93667,-1.97303,1.30462
218,-4.94577,-1.96203,1.31754
218,-5.00846,-1.81351,1.26486
218,-4.96979,-1.95987,1.28409
218,-5.62107,-0.861752,2.37715
218,-5.70488,-0.70496,2.33059
218,-5.32686,-1.05566,1.03637
218,-5.74225,-0.732172,2.49634
218,-5.06051,-1.85204,1.24523
218,-4.87172,-1.88248,0.341161
218,-5.14674,-1.47281,0.725386
218,-5.47203,-0.777387,0.930456
218,-5.3407,-1.11223,0.766412
218,-5.50012,-0.780251,0.904071
218,-5.16947,-1.53102,0.708637
218,-5.25621,-1.51117,1.02008
218,-5.41236,-1.11582,1.0091
218,-5.20044,-1.66672,1.0195
218,-5.44085,-0.94028,0.753675
218,-5.26867,-2.09874,2.07166
218,-5.74701,-0.0541439,0.33451
218,-5.26531,-1.57831,0.858631
218,-5.25958,-1.67755,0.992867
218,-5.29408,-1.69325,0.989683
218,-5.57036,-0.938582,0.733516
218,-5.63956,-0.946531,0.995901
218,-5.466,-2.18841,2.27958
218,-5.50278,-2.14912,2.21396
218,-6.02136,-0.906366,2.3499
218,-5.47391,-2.10028,1.92784
218,-5.52396,-2.12035,2.14159
218,-5.48435,-2.09255,1.86378
218,-5.78463,-0.827169,0.83517
218,-5.5159,-2.11966,1.99589
218,-5.54696,-2.14388,2.19934
218,-5.54391,-2.14233,2.14165
218,-5.54217,-2.19878,2.22962
218,-5.51853,-2.19089,2.07179
218,-5.5316,-2.13981,1.98779
218,-5.9803,-0.165748,0.291268
218,-5.53093,-2.10311,1.85617
218,-5.55037,-2.16592,2.06211
218,-5.52348,-2.16637,1.92125
218,-5.60248,-2.15509,2.28867
218,-5.53207,-2.16015,1.92398
218,-5.54135,-2.20659,1.90536
218,-5.55203,-2.17147,1.86033
218,-6.24276,-0.75654,2.51514
218,-5.58395,-2.13462,1.85894
218,-5.63251,-2.18589,2.12365
218,-5.63,-2.1865,2.04259
218,-5.69522,-2.187,2.29944
218,-5.72559,-2.12572,2.27675
218,-5.65484,-2.22266,2.06372
218,-5.62928,-2.21994,1.90574
218,-5.71129,-2.24662,2.22755
218,-5.73729,-2.2332,2.28797
218,-5.69906,-2.12092,1.86642
218,-6.4388,-0.445427,1.63653
218,-6.35913,-0.110425,0.31622
218,-5.88551,-2.30223,1.84947
218,-6.24014,-0.909802,0.607046
218,-6.26741,-0.943372,0.63931
218,-6.85014,-0.480946,2.02778
218,-6.91375,-0.607586,2.05184
218,-6.84898,-0.54682,1.42987
218,-7.00087,-0.115787,0.123771
218,-7.22008,-0.143362,0.106159
218,-6.5102,-2.45715,0.90514
218,-8.80054,-3.76968,2.73863
218,-5.29903,-0.815287,1.78314
217,-5.29903,-0.815287,1.78314
218,-3.3401,-1.08131,2.1157
217,-3.3401,-1.08131,2.1157
218,-4.78971,-0.811825,1.80352
217,-4.78971,-0.811825,1.80352
218,-5.14832,-1.96389,2.43519
217,-5.14832,-1.96389,2.43519
218,-5.19473,-0.755557,1.17421
216,-5.19473,-0.755557,1.17421
218,-5.07732,-0.721288,1.24213
216,-5.07732,-0.721288,1.24213
218,-5.10991,-0.723941,0.905262
216,-5.10991,-0.723941,0.905262
218,-5.15693,-0.88821,1.71501
216,-5.15693,-0.88821,1.71501
218,-5.18699,-0.737526,1.85909
216,-5.18699,-0.737526,1.85909
218,-4.88456,-0.0309682,0.599735
216,-4.88456,-0.0309682,0.599735
218,-5.07061,-0.507237,0.41247
216,-5.07061,-0.507237,0.41247
218,-5.61504,-0.977255,2.47316
216,-5.61504,-0.977255,2.47316
218,-5.31267,-0.691716,1.681
215,-5.31267,-0.691716,1.681
218,-5.28606,-0.572008,2.19014
215,-5.28606,-0.572008,2.19014
218,-5.01157,0.00186691,1.24629
214,-5.01157,0.00186691,1.24629
219,-4.04943,-0.602244,1.28084
219,-4.2248,-0.506966,1.29748
219,-4.00447,-2.14196,2.41131
219,-4.00708,-2.18343,2.20331
219,-3.99535,-2.1006,1.84341
219,-4.0201,-2.20932,2.20642
219,-3.94992,-2.23656,1.90449
219,-4.02118,-2.11061,1.81778
219,-4.0213,-2.11793,1.83355
219,-4.03696,-2.11364,1.90056
219,-4.04149,-2.12212,1.88888
219,-3.954,-2.29152,1.87611
219,-4.04578,-2.13607,1.82627
219,-4.03606,-2.08647,1.61203
219,-4.06323,-2.14604,1.88615
219,-4.06152,-2.11825,1.65267
219,-4.05852,-2.25823,1.89616
219,-4.03435,-2.15449,1.30966
219,-4.05929,-2.11768,1.33036
219,-4.05424,-2.12862,1.30749
219,-4.05188,-2.15228,1.21186
219,-4.08871,-2.14844,1.30485
219,-4.90747,-0.856795,1.99622
219,-4.64945,-2.2088,1.81301
219,-4.62392,-2.25963,1.79168
219,-4.65962,-2.21758,1.8139
219,-4.67481,-2.19491,1.81055
219,-4.67469,-2.2142,1.81618
219,-4.70256,-2.16779,1.8275
219,-4.70044,-2.21718,1.82092
219,-4.68992,-2.23731,1.81292
219,-4.71489,-2.21841,1.81955
219,-4.65451,-2.19758,1.29941
219,-4.66951,-2.163,1.28008
219,-4.84386,-1.89651,1.34203
219,-4.67618,-2.18975,1.25603
219,-4.89528,-2.02329,1.90896
219,-4.91934,-2.06361,1.9041
219,-5.08408,-1.88309,1.23162
219,-5.05565,-2.00832,1.28631
219,-5.24493,-1.56694,0.860537
219,-4.94574,-1.96025,0.297354
219,-5.11066,-2.00856,1.25192
219,-5.09372,-1.91821,0.292024
219,-5.4361,-2.05683,1.86937
219,-5.4843,-2.13952,1.94259
219,-5.52886,-2.16309,2.23262
219,-5.54609,-2.17073,2.28542
219,-5.52007,-2.1601,2.07491
219,-5.53416,-2.10137,1.90345
219,-5.60106,-2.12628,2.28608
219,-5.6014,-2.16699,2.23359
219,-5.54022,-2.17056,1.91404
219,-5.53966,-2.17067,1.86012
219,-5.61793,-2.18797,1.99144
219,-5.08086,-1.08945,0.882371
216,-5.08086,-1.08945,0.882371
220,-3.22778,-2.31836,2.62029
220,-3.5124,-2.09462,2.5063
220,-3.68977,-2.13524,2.67067
220,-3.7253,-2.14825,2.67486
220,-3.84814,-2.29006,1.84634
220,-3.84396,-2.30448,1.86433
220,-3.91105,-2.24567,1.89687
220,-4.02409,-2.16204,2.14671
220,-4.02874,-2.1611,2.13939
220,-3.92451,-2.25609,1.90265
220,-4.01962,-2.20234,2.2017
220,-4.05152,-2.17833,2.25859
220,-3.94923,-2.24759,1.90081
220,-4.05068,-2.18102,2.1527
220,-3.90537,-2.31358,1.85161
220,-3.99271,-2.21608,1.89071
220,-3.94514,-2.28256,1.86367
220,-5.04725,-0.981968,1.32898
220,-4.79189,-1.97073,2.25413
220,-5.33131,-0.97766,1.17298
220,-4.70707,-2.21315,1.81939
220,-6.01559,-2.24175,1.86466
221,-2.69562,-1.79394,1.97962
221,-3.46657,-2.06813,2.55134
221,-3.47264,-2.07579,2.50188
221,-3.51052,-2.08406,2.524
221,-3.52603,-2.09885,2.49228
221,-3.52765,-2.10446,2.48712
221,-3.54933,-2.12308,2.47657
221,-3.6621,-2.14729,2.46758
221,-3.73433,-2.16262,2.78134
221,-3.84236,-2.24165,2.41291
221,-3.85024,-2.24143,2.42139
221,-3.96739,-2.07762,1.88959
221,-3.98744,-2.08097,1.89287
221,-3.9873,-2.07071,1.85301
221,-3.8522,-2.26394,1.84746
221,-4.02066,-2.16121,2.27308
221,-3.89577,-2.24229,1.90929
221,-3.99159,-2.1053,1.85094
221,-4.0258,-2.0588,1.84244
221,-3.90479,-2.23964,1.88144
221,-3.88283,-2.27751,1.84499
221,-3.97725,-2.19337,1.90403
221,-3.88943,-2.2965,1.83979
221,-4.0541,-2.16951,2.16258
221,-4.05954,-2.19726,2.25835
221,-3.9522,-2.29007,1.86619
221,-3.95514,-2.28783,1.86419
221,-4.05157,-2.22762,1.87036
221,-4.05342,-2.2368,1.88087
221,-4.06572,-2.2372,1.89083
221,-4.06978,-2.23622,1.8646
221,-4.07978,-2.25406,1.89085
221,-4.06702,-2.27999,1.86303
221,-4.07754,-2.27403,1.8548
221,-4.09636,-2.26857,1.8503
221,-4.08521,-2.29329,1.86227
221,-4.10245,-2.27128,1.8522
221,-4.72991,-1.97462,2.2547
221,-4.7743,-1.97356,1.92179
221,-4.84422,-1.90673,1.32746
221,-4.73344,-2.23816,1.81011
221,-4.76626,-2.20581,1.81774
221,-4.7888,-2.2081,1.82004
221,-4.70983,-2.2156,1.27026
221,-4.71213,-2.21693,1.2467
221,-4.74156,-2.19526,1.26597
221,-4.73448,-2.207,1.2733
221,-4.72912,-2.20412,1.23525
221,-4.74838,-2.18639,1.25417
221,-4.74692,-2.18561,1.23164
221,-4.74712,-2.24744,1.24597
221,-4.79415,-2.22129,1.24155
221,-4.79231,-2.2203,1.21408
221,-5.63573,-2.1527,2.05852
221,-5.66798,-2.16607,2.06698
221,-5.78644,-2.15906,2.29893
221,-3.93867,-2.08158,2.41005
219,-3.93867,-2.08158,2.41005
222,-2.91605,-1.31912,1.7346
222,-2.99697,-1.36078,1.71054
222,-3.00434,-1.38503,1.71804
222,-3.02204,-1.38028,1.72526
222,-3.03866,-1.39225,1.71833
222,-3.04306,-1.41144,1.71426
222,-3.08477,-1.41626,1.70851
222,-3.10264,-1.42871,1.70485
222,-3.28451,-1.56076,1.91066
222,-3.29123,-1.57686,1.90643
222,-3.4968,-1.70138,1.8772
222,-3.60935,-1.75949,1.86053
222,-3.61276,-1.98991,1.88061
222,-3.64721,-2.01203,1.87738
222,-3.69154,-2.05441,1.87049
222,-3.71927,-2.05987,1.86345
222,-3.80348,-2.06279,1.88985
222,-3.79765,-2.08517,1.90159
222,-3.96487,-2.09395,2.25248
222,-3.88397,-2.18331,1.84442
222,-4.00963,-2.12253,2.15133
222,-4.00261,-2.13565,2.15173
222,-4.00786,-2.13607,2.15658
222,-4.04775,-2.16448,2.25943
222,-4.05464,-2.16915,2.15148
222,-4.05329,-2.16834,2.11512
222,-3.99909,-2.18841,1.87884
222,-4.02328,-2.19369,1.82009
222,-3.98719,-2.23659,1.82147
222,-4.23735,-1.96536,1.85564
222,-4.0341,-2.20534,1.81829
222,-4.07478,-2.22027,1.80674
222,-4.29606,-2.00522,1.85986
222,-4.5671,-1.75818,1.97391
222,-4.176,-2.29762,2.19808
222,-4.1462,-2.25768,1.79418
222,-3.76574,-2.92572,2.59282
222,-4.18267,-2.28706,1.78388
222,-4.23875,-2.22811,1.79289
222,-4.21076,-2.27803,1.78816
222,-4.26092,-2.2338,1.79722
222,-4.21786,-2.29405,1.79135
222,-4.24302,-2.2989,1.78348
222,-4.24325,-2.32223,1.77716
222,-4.23511,-2.54761,1.80603
222,-4.28077,-2.52114,1.83884
222,-4.54802,-2.8079,2.45748
222,-3.9673,-3.43608,1.52576
222,-4.07831,-3.41334,1.52828
222,-4.71079,-2.96574,2.56236
222,-4.27308,-3.64883,1.49539
222,-4.34923,-4.0731,1.72564
222,-4.36002,-4.10654,1.71495
222,-4.39867,-4.12619,1.70045
222,-6.15989,-2.57811,2.2298
222,-4.59493,-4.23085,1.67525
222,-4.57643,-4.26254,1.68563
222,-5.91294,-2.26853,-0.176001
222,-6.28608,-2.65449,2.30572
222,-4.70493,-4.35485,1.66404
222,-5.32226,-4.95003,1.51492
222,-5.55222,-5.21644,1.52431
222,-9.80931,-7.67038,3.92429
223,-3.0074,-1.36706,1.7127
223,-3.08053,-1.41345,1.718
223,-2.63697,-2.35852,1.7771
223,-3.4642,-2.56387,2.7162
223,-3.75551,-2.0948,1.8682
223,-3.5366,-2.64226,2.75777
223,-3.97428,-2.11231,2.39906
223,-3.90842,-2.1337,1.92258
223,-4.01567,-2.13908,2.26339
223,-4.07239,-1.91208,1.44257
223,-4.10473,-1.88911,1.42083
223,-3.95771,-2.1653,1.88721
223,-4.05113,-2.16089,2.14495
223,-3.97811,-2.23612,1.83244
223,-4.06087,-2.2162,1.92352
223,-4.13308,-2.26502,2.21271
223,-4.13054,-2.18062,1.87767
223,-4.14226,-2.16095,1.82795
223,-4.01754,-2.32178,1.90029
223,-4.09366,-2.2638,1.89639
223,-4.13856,-2.22507,1.80399
223,-4.07628,-2.30654,1.82629
223,-4.21425,-2.31886,2.41978
223,-4.1865,-2.26017,1.79091
223,-4.28217,-2.23739,1.78835
223,-3.83218,-2.98782,2.62263
223,-4.27682,-2.49855,1.83801
223,-4.2742,-2.51445,1.8434
223,-4.28565,-2.54398,1.84104
223,-4.24076,-2.59021,1.80707
223,-4.24981,-2.6182,1.78712
223,-4.2719,-2.60352,1.80338
223,-4.2885,-2.6533,1.78382
223,-4.17192,-3.63676,1.49528
223,-4.25032,-3.726,1.50246
223,-4.33999,-3.77962,1.48491
223,-4.32014,-3.97947,1.71878
223,-4.45596,-4.06633,1.70089
223,-5.09814,-4.56445,1.59881
223,-6.64363,-2.65028,-0.638949
224,-2.01476,-1.20277,2.29985
224,-2.03308,-1.22687,2.3071
224,-2.27254,-2.08312,1.83078
224,-2.36997,-2.19059,2.1052
224,-2.4266,-2.23057,1.82413
224,-2.50526,-2.32501,2.44362
224,-2.70718,-2.26734,2.50718
224,-2.60109,-2.31541,1.76837
224,-2.60174,-2.31558,1.76458
224,-2.60534,-2.31424,1.76779
224,-3.97261,-2.10561,2.40293
224,-3.87989,-2.12151,1.90008
224,-3.98517,-2.12963,2.25317
224,-4.01222,-2.14392,2.14942
224,-4.19385,-2.20314,1.80422
224,-4.16751,-2.26383,1.80333
224,-4.21576,-2.26233,1.79843
224,-4.28161,-2.23227,1.7934
224,-3.8268,-2.95376,2.61132
224,-4.26789,-2.50573,1.86302
224,-4.27454,-2.59595,1.81755
224,-4.30338,-2.59618,1.8347
224,-4.34006,-2.66047,1.7782
224,-4.43732,-4.05756,1.7232
224,-4.57385,-4.14688,1.69961
224,-4.71944,-3.98023,1.3891
224,-6.1599,-2.33724,-0.288344
224,-4.75869,-4.24946,1.66258
224,-4.77344,-4.29046,1.66448
224,-5.14291,-4.60433,1.58894
224,-5.97293,-5.33318,1.48539
224,-6.05339,-5.41881,1.46043
224,-6.48282,-5.8258,1.38448
224,-6.72841,-5.76467,1.36511
224,-7.49376,-6.7738,1.19074
224,-9.97231,-8.91129,0.833962
224,-13.8473,-12.6799,0.181646
225,-1.9519,-1.58355,1.95006
225,-2.35813,-1.57944,1.94216
225,-3.15087,-1.50969,1.92824
225,-2.58495,-2.4564,2.47686
225,-2.84927,-2.082,1.84812
225,-2.54199,-2.49032,2.11661
225,-2.54953,-2.5225,2.08658
225,-3.02104,-2.05316,1.82264
225,-3.04513,-2.06468,1.82196
225,-3.04105,-2.09685,1.81538
225,-3.02769,-2.11046,1.81585
225,-2.97719,-2.2435,1.94643
225,-3.00527,-2.20151,1.82559
225,-2.98769,-2.25737,1.94465
225,-2.9907,-2.26056,1.94418
225,-3.00577,-2.27487,1.93361
225,-3.09997,-2.20796,1.92203
225,-4.09212,-2.19612,2.40476
225,-4.0825,-2.18606,2.26434
225,-3.94045,-2.25035,1.84041
225,-3.9157,-2.45909,2.53297
225,-4.01041,-2.21266,1.8908
225,-3.91858,-2.46119,2.52988
225,-3.927,-2.46773,2.57684
225,-3.97578,-2.25197,1.83679
225,-4.11758,-2.13187,1.82956
225,-3.99532,-2.32997,1.88705
225,-4.00624,-2.41899,1.81443
225,-2.35402,-1.49107,1.96348
222,-2.35402,-1.49107,1.96348
225,-2.46305,-1.53255,1.95534
222,-2.46305,-1.53255,1.95534
225,-2.53019,-1.60591,1.93849
222,-2.53019,-1.60591,1.93849
225,-2.59887,-1.71375,1.92094
222,-2.59887,-1.71375,1.92094
225,-2.45259,-1.64053,1.92811
222,-2.45259,-1.64053,1.92811
225,-2.35005,-1.48627,1.96497
222,-2.35005,-1.48627,1.96497
225,-2.51294,-1.73949,1.90792
222,-2.51294,-1.73949,1.90792
226,-1.94357,-1.55167,1.93463
226,-1.94432,-1.55824,1.9373
226,-1.96232,-1.54925,1.93692
226,-1.95111,-1.58186,1.92884
226,-1.96045,-1.59462,1.92596
226,-1.95847,-1.59998,1.91957
226,-1.95279,-1.57646,1.79644
226,-1.9333,-1.59281,1.78572
226,-1.99663,-1.58145,1.91576
226,-1.96445,-1.58736,1.77443
226,-1.94946,-1.59475,1.75796
226,-2.47864,-2.28609,1.76738
226,-2.99122,-1.94225,1.83897
226,-2.47554,-2.51146,2.38193
226,-2.58522,-2.48797,2.48141
226,-2.52442,-2.52227,2.41974
226,-2.52497,-2.46791,2.11369
226,-2.57394,-2.40524,1.92433
226,-2.54595,-2.54,2.1167
226,-2.48205,-2.52777,1.82035
226,-2.55237,-2.55339,2.08866
226,-2.51807,-2.57167,1.79011
226,-2.52122,-2.57285,1.79153
226,-2.52874,-2.58817,1.79871
226,-2.53652,-2.59932,1.7791
226,-3.13909,-2.32246,1.92914
226,-3.19548,-2.28612,1.91854
226,-3.09023,-2.36858,1.9215
226,-3.13209,-2.33981,1.91401
226,-3.15617,-2.32329,1.91786
226,-3.1588,-2.34087,1.92023
226,-3.20044,-2.30987,1.91659
226,-3.22443,-2.29422,1.90777
226,-3.3198,-2.43386,2.52436
226,-4.10783,-2.19453,2.43146
226,-3.98477,-2.28473,1.83925
226,-3.99866,-2.27727,1.83835
226,-4.15632,-2.16959,1.82963
226,-2.38621,-1.66722,1.91922
224,-2.38621,-1.66722,1.91922
226,-2.46267,-1.72321,1.91044
224,-2.46267,-1.72321,1.91044
226,-2.32586,-1.61034,1.93535
224,-2.32586,-1.61034,1.93535
226,-2.69623,-1.96519,1.85241
224,-2.69623,-1.96519,1.85241
226,-2.57868,-1.83334,1.88224
224,-2.57868,-1.83334,1.88224
226,-2.58505,-1.86359,1.87445
224,-2.58505,-1.86359,1.87445
226,-2.50315,-1.78087,1.89855
224,-2.50315,-1.78087,1.89855
227,-1.94077,-1.49169,1.97938
227,-1.96101,-1.53146,1.97439
227,-1.95859,-1.53318,1.96876
227,-1.95999,-1.53283,1.96861
227,-1.98578,-1.5483,1.93374
227,-1.93994,-1.58608,1.93393
227,-1.94174,-1.61193,1.94825
227,-1.92797,-1.58939,1.80018
227,-1.93502,-2.12697,1.96111
227,-1.91971,-2.18163,1.96641
227,-1.91976,-2.19686,1.96318
227,-1.92635,-2.20394,1.96159
227,-1.93818,-2.25902,1.96251
227,-1.87131,-2.67941,2.01583
227,-2.89457,-2.05023,1.83448
227,-2.94303,-2.06393,1.83785
227,-2.98482,-2.04355,1.8241
227,-2.48689,-2.55262,2.39487
227,-2.52419,-2.59506,2.39983
227,-2.98841,-2.22201,1.95545
227,-3.1098,-2.22113,1.93288
227,-3.16848,-2.20909,1.91626
227,-3.87904,-2.43985,2.55199
227,-3.90156,-2.4399,2.55968
227,-3.95938,-2.39432,1.85329
228,-1.92277,-1.57053,1.7994
228,-1.98886,-1.57844,1.92907
228,-1.99035,-1.58018,1.92979
228,-1.91621,-1.5876,1.79657
228,-1.95616,-1.61247,1.92494
228,-1.96798,-1.6308,1.94223
228,-1.97909,-1.63655,1.94236
228,-1.97795,-1.6398,1.9355
228,-1.97187,-1.66177,1.93204
228,-1.96606,-2.13464,1.95063
228,-2.69163,-1.76984,1.90282
228,-2.67949,-1.78371,1.89119
228,-2.17589,-2.04175,1.88577
228,-2.19062,-2.06414,1.88042
228,-2.78962,-1.79865,1.96657
228,-2.75327,-1.84655,1.97584
228,-1.95332,-2.29172,1.95775
228,-2.01111,-2.35168,1.94039
228,-2.31183,-2.30454,1.8561
228,-2.34021,-2.34299,1.84361
228,-1.90481,-2.69083,2.01832
228,-1.91129,-2.70051,2.0156
228,-1.8973,-2.71007,2.01177
228,-1.93646,-2.68184,1.95927
228,-1.9254,-2.76472,2.00795
228,-2.54824,-2.57211,2.44321
228,-2.57689,-2.61241,2.44827
229,-1.93681,-1.57133,1.85234
229,-2.01719,-1.5721,1.93272
229,-2.02787,-1.58628,1.92305
229,-1.97782,-1.61984,1.92721
229,-2.02727,-1.60033,1.92541
229,-2.01695,-1.60745,1.92513
229,-1.97739,-1.64121,1.93839
229,-2.00901,-1.6371,1.95513
229,-2.03401,-1.66234,1.9393
229,-2.04434,-1.68657,1.94197
229,-2.0451,-1.72295,1.94553
229,-2.11055,-1.76403,1.91865
229,-2.18298,-2.05709,1.8956
229,-1.95889,-2.27641,1.96026
229,-1.95881,-2.29732,1.95888
229,-1.95516,-2.30044,1.96035
229,-2.25922,-2.24161,1.88897
229,-2.26293,-2.23548,1.86652
229,-2.30378,-2.38685,1.86289
229,-1.91706,-2.63153,1.97
229,-1.93434,-2.64733,1.9726
229,-1.92659,-2.71473,2.01626
229,-1.91768,-2.73883,2.01486
229,-2.60956,-2.64513,2.45473
230,-1.00059,-2.4815,2.00741
230,-1.0042,-2.50696,2.01953
230,-0.99885,-2.52012,2.00919
230,-1.00335,-2.52297,1.99457
231,-0.00195685,-2.54808,2.4646
231,-0.0350325,-2.5851,2.44477
231,-0.0741452,-2.41676,1.92232
231,-0.071766,-2.43193,1.93438
231,-0.0722164,-2.28054,1.45865
231,-0.120851,-2.2932,1.45593
231,-0.0657756,-2.4359,1.89727
231,-0.129259,-2.30666,1.4945
231,0.180082,-2.60719,2.44101
231,-0.0713388,-2.43914,1.89695
231,-0.0580138,-2.3044,1.47058
231,0.131391,-2.62506,2.44366
231,0.0613949,-2.62986,2.44583
231,-0.0644588,-2.46032,1.90181
231,-0.0749587,-2.35998,1.20289
231,-0.0711371,-2.38335,1.20851
231,-0.0535942,-2.431,1.22216
231,-0.0478346,-2.4524,1.20376
231,-0.050983,-2.46911,1.17212
231,-0.0826687,-2.41716,1.00283
231,-0.0167622,-2.45744,1.02116
231,-0.0908354,-2.46663,0.992606
231,-0.0918231,-2.45884,0.965881
231,-0.0906764,-2.46639,0.966711
231,-0.0180351,-2.48472,0.991252
231,-0.0125747,-2.51267,0.962747
231,-0.0169774,-2.55338,0.940149
231,-1.02547,-2.54837,0.504543
231,-0.697982,-2.55546,0.410574
231,0.334187,-2.76853,0.933084
231,0.402149,-2.75551,0.861434
231,0.341918,-2.77767,0.827116
231,0.279477,-2.80075,0.817647
231,0.566447,-2.83065,0.838514
231,-0.212484,-2.45174,1.82307
230,-0.212484,-2.45174,1.82307
231,-0.274604,-2.25044,2.04341
230,-0.274604,-2.25044,2.04341
231,-0.240962,-2.37228,2.03473
230,-0.240962,-2.37228,2.03473
231,-0.279353,-2.21596,1.88742
230,-0.279353,-2.21596,1.88742
231,-0.282229,-2.20131,1.90705
230,-0.282229,-2.20131,1.90705
232,-0.299639,-2.71883,1.80885
232,-0.296216,-2.71377,1.77372
232,-0.242984,-2.5786,1.40788
232,0.550441,-2.59634,1.00428
232,-0.13425,-2.61466,1.06617
232,0.475754,-2.6115,0.937183
232,0.135525,-2.61444,0.950393
232,0.193813,-2.6181,0.923446
232,0.144613,-2.62223,0.933473
232,-0.0756079,-2.61655,0.945701
232,0.205854,-2.66903,1.01887
232,-0.109057,-2.71975,1.17952
232,-0.165274,-2.63183,0.963819
232,-0.0983198,-2.62661,0.938319
232,0.148202,-2.64101,0.917375
232,-0.167686,-2.63593,0.925758
232,-0.0939193,-2.64549,0.924015
232,-0.155619,-2.63507,0.909005
232,-0.157884,-2.63839,0.911367
232,-0.119419,-2.63866,0.905322
232,0.180691,-2.66327,0.902947
232,-0.176386,-2.64288,0.903343
232,0.153349,-2.67556,0.908954
232,-0.757821,-2.4478,0.504985
232,-0.768199,-2.42573,0.380317
232,-0.780525,-2.47232,0.486313
232,-0.861981,-2.51275,0.554658
232,-0.758975,-2.39198,0.264345
232,-0.855631,-2.51233,0.545363
232,-0.920551,-2.4646,0.429353
232,-0.777786,-2.45131,0.3573
232,-1.10426,-2.50989,0.540726
232,-0.790892,-2.50093,0.466719
232,-0.763135,-2.40907,0.254434
232,-0.858701,-2.49992,0.464773
232,-0.920132,-2.51413,0.46408
232,-0.870015,-2.5531,0.522957
232,-0.875681,-2.56336,0.514411
232,-1.09874,-2.52731,0.448466
232,-0.882769,-2.57467,0.513618
232,-0.805446,-2.52684,0.393322
232,-1.05799,-2.53663,0.448156
232,-0.786303,-2.40814,0.114067
232,-0.981793,-2.57812,0.516527
232,-1.10614,-2.55996,0.486002
232,-1.09865,-2.5266,0.367282
232,-1.19437,-2.54583,0.424128
232,-0.998947,-2.58923,0.489938
232,-1.10975,-2.58997,0.489403
232,-1.00517,-2.59494,0.476024
232,-0.835942,-2.59046,0.420644
232,-1.20418,-2.59382,0.393021
232,-1.20729,-2.61206,0.389585
232,-1.21632,-2.53167,0.151228
232,-1.15848,-2.67592,0.417191
232,-0.0704146,-3.12857,1.1227
232,-1.22312,-2.54739,-0.008986
232,-1.23053,-2.5657,-0.024339
232,-1.22628,-2.58991,-0.0370197
232,-0.0497688,-3.30943,1.11467
232,-0.11234,-3.31907,1.1247
232,-0.0398958,-3.41414,1.07341
232,0.177056,-2.20095,1.14856
231,0.177056,-2.20095,1.14856
232,0.152986,-2.10908,1.21327
231,0.152986,-2.10908,1.21327
232,0.196554,-2.26009,1.11768
231,0.196554,-2.26009,1.11768
232,0.165456,-2.14183,1.19981
231,0.165456,-2.14183,1.19981
232,-0.173597,-2.57033,1.8402
230,-0.173597,-2.57033,1.8402
233,0.0221002,-2.03907,0.0523258
233,0.13283,-2.0282,-0.00979769
233,0.0243598,-2.07105,0.0368856
233,-0.103133,-2.63266,1.4618
233,0.729957,-2.16762,0.0686131
233,-0.141489,-2.63689,1.4322
233,-0.148765,-2.6365,1.4284
233,-0.102548,-2.62562,1.38012
233,-0.103353,-2.63687,1.38531
233,-0.140356,-2.67146,1.41061
233,-0.0971793,-2.71494,1.45078
233,-0.376541,-2.16507,0.0368593
233,0.644795,-2.66332,0.96273
233,-0.214467,-2.64137,1.06387
233,0.412492,-2.71799,0.923828
233,0.193222,-2.72204,0.991065
233,0.37824,-2.74295,0.904558
233,-0.821447,-2.59004,0.485167
233,-0.970379,-2.5866,0.496095
233,-0.87891,-2.55156,0.254618
233,-0.790959,-2.50022,0.0802022
233,-0.872777,-2.65713,0.489443
233,-0.991728,-2.65385,0.485418
233,-0.908839,-2.68641,0.472931
233,-0.951427,-2.55222,0.0421805
233,-1.07863,-2.71656,0.476973
233,-1.21576,-2.67627,0.396166
233,-1.2098,-2.56519,0.0338074
233,-1.21797,-2.65743,0.265819
233,-1.25128,-2.66974,0.248296
233,-1.25812,-2.71986,0.371265
233,-1.22895,-2.72829,0.373768
233,-1.22507,-2.68477,0.246736
233,-1.24487,-2.59108,0.0140841
233,-1.22697,-2.61858,-0.0236583
234,-0.341122,-1.12848,1.03891
234,0.315811,-1.57479,0.0305524
234,0.318326,-1.57676,0.0323087
234,0.441724,-1.60856,0.0583568
234,0.311212,-1.60074,0.0538812
234,0.387846,-1.66096,0.0530651
234,-1.22626,-1.57003,0.0888265
234,-0.0275833,-1.71593,0.0592126
234,-0.786171,-1.63033,0.028735
234,-0.824923,-1.62383,0.0205016
234,-0.785144,-1.63581,0.0309904
234,0.0399336,-1.73424,0.0303216
234,-0.791527,-1.65956,0.00114155
234,-0.301325,-1.75511,0.0735083
234,-0.308745,-1.77047,0.0522515
234,0.248503,-1.96954,0.0574517
234,-0.0090979,-1.99314,0.0901033
234,-0.00331624,-2.03593,0.0507804
234,0.0194728,-2.54228,0.987139
234,0.756294,-2.18849,0.115637
234,-0.0377099,-2.55282,0.982473
234,-0.037373,-2.5489,0.964292
234,-0.349277,-2.05608,0.0251878
234,-0.0757786,-2.55461,0.961508
234,-0.401731,-2.0673,0.0361983
234,-0.0541588,-2.62193,1.03382
234,0.104036,-2.20425,0.103975
234,-0.267753,-2.14242,0.0514747
234,0.116989,-2.20585,0.0992043
234,0.105894,-2.20553,0.0986981
234,-0.421335,-2.14029,0.0583959
234,-0.2824,-2.16391,0.061954
234,0.334817,-2.65836,0.930036
234,0.0938884,-2.22122,0.0912511
234,-0.26878,-2.1828,0.0605396
234,-0.260407,-2.19158,0.0515399
234,-0.289673,-2.19995,0.0434884
234,-0.259994,-2.23626,0.0801927
234,-0.268017,-2.24286,0.0805538
234,-0.412991,-2.27171,0.0844268
234,-0.377239,-2.27563,0.084017
234,-0.335632,-2.30771,0.0814475
234,-0.419276,-2.30504,0.0452114
234,-0.343521,-2.36224,0.0296352
234,-0.657518,-2.58517,0.464782
234,-0.668274,-2.57705,0.434754
234,-0.655345,-2.5434,0.362084
234,-0.693014,-2.60885,0.485553
234,-0.74524,-2.62295,0.521364
234,-0.744954,-2.61227,0.492958
234,-0.730657,-2.56473,0.393054
234,-0.74481,-2.60856,0.483544
234,-0.85796,-2.6213,0.528685
234,-0.796582,-2.61442,0.500979
234,-0.766269,-2.61374,0.491407
234,-0.706313,-2.62429,0.500157
234,-0.752935,-2.57557,0.409263
234,-0.795402,-2.59105,0.444924
234,-0.817064,-2.5999,0.462229
234,-0.656574,-2.5088,0.242926
234,-0.880207,-2.60069,0.459198
234,-0.706021,-2.63551,0.492828
234,-0.691644,-2.53987,0.293533
234,-0.706378,-2.58874,0.393487
234,-0.705103,-2.61321,0.435946
234,-0.764234,-2.53453,0.281267
234,-0.703847,-2.58982,0.379404
234,-0.705935,-2.56449,0.325851
234,-0.702478,-2.56603,0.322899
234,-0.693973,-2.53706,0.260137
234,-0.683705,-2.6247,0.431361
234,-0.759042,-2.63986,0.475222
234,-0.73381,-2.51747,0.222306
234,-0.659255,-2.48137,0.129272
234,-0.821432,-2.63776,0.473624
234,-0.754345,-2.50254,0.182689
234,-0.883367,-2.63402,0.472795
234,-0.750797,-2.66465,0.504719
234,-0.702802,-2.5314,0.215978
234,-0.660954,-2.47345,0.0860749
234,-0.876124,-2.66068,0.501503
234,-0.755332,-2.48152,0.111765
234,-0.667476,-2.53542,0.201348
234,-0.745984,-2.48836,0.120107
234,-0.703026,-2.51213,0.156029
234,-0.951058,-2.65086,0.483992
234,-0.709874,-2.53984,0.210793
234,-0.882094,-2.55535,0.264062
234,-0.702676,-2.49106,0.096809
234,-0.698679,-2.50471,0.112758
234,-0.667659,-2.50445,0.105014
234,-0.703239,-2.48466,0.071709
234,-0.743683,-2.51934,0.149517
234,-0.711264,-2.52725,0.158561
234,-0.755141,-2.49932,0.103222
234,-0.83989,-2.68084,0.474902
234,-0.66866,-2.4956,0.0668128
234,-0.816674,-2.65536,0.418677
234,-0.777451,-2.6387,0.365439
234,-0.820054,-2.50161,0.0981323
234,-0.890523,-2.52142,0.152295
234,-0.805491,-2.49504,0.0762963
234,-0.884808,-2.50253,0.0938976
234,-0.949419,-2.68783,0.477164
234,-0.715631,-2.50968,0.0600915
234,-0.779947,-2.62617,0.304517
234,-0.959135,-2.60866,0.305186
234,-0.949578,-2.66972,0.426105
234,-0.89413,-2.5124,0.0970465
234,-0.884485,-2.51163,0.0858719
234,-0.707279,-2.69098,0.41038
234,-0.863971,-2.51429,0.0853949
234,-1.00484,-2.66172,0.407605
234,-0.89794,-2.68046,0.423233
234,-0.769153,-2.65428,0.341257
234,-0.734316,-2.69212,0.408687
234,-0.688636,-2.55975,0.129627
234,-0.847947,-2.71429,0.469328
234,-0.9521,-2.64487,0.337688
234,-0.888188,-2.60499,0.242403
234,-0.819183,-2.57832,0.174489
234,-0.783631,-2.61679,0.241159
234,-0.872016,-2.55145,0.124563
234,-0.920504,-2.68427,0.40047
234,-0.707279,-2.64962,0.285519
234,-0.698012,-2.59323,0.168121
234,-0.953318,-2.63534,0.301801
234,-0.950677,-2.60496,0.239332
234,-1.00549,-2.60642,0.253027
234,-0.791004,-2.64572,0.28359
234,-0.976599,-2.68377,0.39831
234,-0.889363,-2.58738,0.183038
234,-0.784711,-2.59989,0.181366
234,-0.887969,-2.56321,0.127244
234,-0.819463,-2.53646,0.0518694
234,-1.00526,-2.56129,0.132575
234,-0.950936,-2.5636,0.123598
234,-1.03382,-2.66634,0.343586
234,-0.953888,-2.58642,0.162791
234,-0.889218,-2.54556,0.0671501
234,-0.900244,-2.60001,0.178803
234,-1.02298,-2.66937,0.339168
234,-0.772134,-2.59147,0.127391
234,-0.78587,-2.5629,0.0623255
234,-0.769872,-2.55501,0.0431378
234,-1.00705,-2.53965,0.0605507
234,-0.773841,-2.59328,0.115647
234,-0.943192,-2.54873,0.0542895
234,-0.70756,-2.57485,0.0566878
234,-1.02541,-2.65368,0.278637
234,-1.02496,-2.63125,0.221368
234,-0.956289,-2.54763,0.0370277
234,-0.69868,-2.5833,0.054704
234,-1.10345,-2.73988,0.447572
234,-0.699192,-2.57504,0.0239028
234,-1.12176,-2.71209,0.378619
234,-1.12326,-2.7219,0.394291
234,-0.692865,-2.65541,0.163243
234,-1.10413,-2.69585,0.325788
234,-1.02685,-2.57078,0.0438257
234,-1.10276,-2.64701,0.205448
234,-1.10223,-2.62613,0.153585
234,-0.311057,-1.95046,0.134868
233,-0.311057,-1.95046,0.134868
234,-0.876297,-2.45334,0.516367
232,-0.876297,-2.45334,0.516367
234,-0.737515,-2.39953,0.550074
232,-0.737515,-2.39953,0.550074
234,-0.904199,-2.39768,0.544659
232,-0.904199,-2.39768,0.544659
235,0.560978,-1.77546,4.07696e-05
235,0.565003,-1.85911,-0.00327611
235,-0.340157,-2.05109,0.0282331
235,0.155833,-2.09763,-0.00816035
235,0.0206809,-2.52892,1.16975
235,-0.359711,-2.06417,0.0170887
235,-0.0298533,-2.55063,1.16747
235,-0.0177828,-2.54739,1.128
235,-0.0201688,-2.49856,0.955042
235,-0.0297087,-2.59119,1.12206
235,0.397385,-2.6109,0.922591
235,-0.501111,-2.16654,0.0246958
235,0.0366175,-2.61676,0.909593
235,0.0381664,-2.6262,0.90981
235,0.338233,-2.66773,0.897496
235,0.338114,-2.70486,0.889711
235,0.56673,-2.75518,0.916471
235,0.537152,-2.74816,0.892449
235,-0.641618,-2.51228,0.397294
235,-0.694928,-2.54818,0.439748
235,-0.755336,-2.55124,0.434277
235,-0.638373,-2.53418,0.325083
235,-0.837766,-2.57308,0.434984
235,-0.6537,-2.61858,0.481783
235,-0.63766,-2.61177,0.410451
235,-0.653222,-2.59529,0.359497
235,-0.780624,-2.5821,0.279168
235,-0.655728,-2.58014,0.231169
235,-0.713685,-2.57733,0.22021
235,-0.834841,-2.56897,0.222761
235,-0.896586,-2.59846,0.282341
235,-0.91186,-2.52116,0.032136
235,-0.8031,-2.54512,0.0382208
235,-0.92577,-2.61076,0.215123
235,-0.861695,-2.55089,0.0299469
235,-0.918545,-2.56345,0.0792288
235,-1.06917,-2.65443,0.323058
235,-1.05895,-2.61248,0.204069
235,-1.09357,-2.66515,0.264036
235,-0.882641,-2.52326,0.389929
234,-0.882641,-2.52326,0.389929
235,0.540136,-1.63592,1.23765
234,0.540136,-1.63592,1.23765
235,0.681047,-1.86008,0.272192
234,0.681047,-1.86008,0.272192
235,0.656032,-2.60345,0.93133
234,0.656032,-2.60345,0.93133
235,0.788698,-2.0747,0.145021
234,0.788698,-2.0747,0.145021
235,-0.369842,-2.09446,0.173547
234,-0.369842,-2.09446,0.173547
235,-0.327431,-2.17062,0.127273
234,-0.327431,-2.17062,0.127273
236,0.0737073,-2.32616,1.91096
236,0.726806,-1.93578,0.0205619
236,0.672935,-1.92408,0.00343955
236,0.0674761,-2.45166,1.22387
236,-0.00590637,-2.507,1.40921
236,0.0168369,-2.49632,1.35837
236,0.0267409,-2.48403,1.21589
236,0.0075303,-2.4815,1.16684
236,0.113149,-2.44533,0.980119
236,0.044255,-2.45967,0.970471
236,-0.008975,-2.51198,0.924921
236,-0.595473,-2.47285,0.457055
236,-0.575525,-2.48852,0.453162
236,-0.595026,-2.49362,0.382134
236,-0.604779,-2.52294,0.436256
236,-0.665153,-2.45801,0.250548
236,-0.617639,-2.49439,0.311357
236,-0.69003,-2.52617,0.372536
236,-0.699057,-2.55232,0.417684
236,-0.747586,-2.53162,0.344514
236,-0.742918,-2.46,0.126857
236,-0.750293,-2.48267,0.192785
236,-0.813904,-2.56969,0.475867
236,-0.800751,-2.51466,0.303296
236,-0.808429,-2.54963,0.406263
236,-0.756762,-2.50196,0.241118
236,-0.807947,-2.53635,0.362187
236,-0.932258,-2.57745,0.491767
236,-0.94717,-2.51709,0.288516
236,-0.896139,-2.52843,0.289755
236,-0.847113,-2.46985,0.37856
234,-0.847113,-2.46985,0.37856
237,0.341226,-1.84194,0.0506349
237,-0.743065,-1.67882,0.0445006
237,0.108746,-2.46402,1.96788
237,0.114358,-2.46243,1.90522
237,-0.624042,-1.76925,0.05362
237,-0.714386,-1.76798,0.0547252
237,-0.742328,-1.79335,0.0663024
237,0.081444,-2.43961,1.26006
237,0.144055,-2.39684,1.00372
237,0.403596,-2.47854,1.01229
237,0.458241,-2.47247,0.95432
237,0.345742,-2.48183,0.959147
237,0.0111136,-2.43256,0.954572
237,0.449946,-2.51607,0.939182
237,0.398053,-2.53458,0.978065
237,0.0871512,-2.50906,0.930664
237,0.787258,-2.74745,0.90165
234,0.787258,-2.74745,0.90165
237,0.0527544,-3.29485,1.24351
233,0.0527544,-3.29485,1.24351
237,0.0667687,-2.60235,1.42587
233,0.0667687,-2.60235,1.42587
237,-0.108547,-2.81355,2.00417
233,-0.108547,-2.81355,2.00417
237,0.101311,-2.78302,1.35386
233,0.101311,-2.78302,1.35386
237,0.104305,-2.33531,1.30835
232,0.104305,-2.33531,1.30835
237,0.0198549,-2.4265,1.43607
232,0.0198549,-2.4265,1.43607
238,-0.659128,-1.46874,0.0562284
238,-0.286734,-1.90024,0.0747808
238,-0.303492,-1.90663,0.0504677
238,0.128237,-2.42979,1.02103
238,0.128382,-2.43328,0.97418
238,0.465156,-2.49173,0.977848
238,0.459586,-2.50482,1.02057
238,0.409823,-2.52661,1.05646
238,0.445141,-2.50718,0.956142
238,0.35248,-2.49317,0.948235
238,0.135278,-2.46277,0.961754
238,0.411144,-2.56263,1.12298
238,0.4078,-2.55595,1.09685
238,-0.450615,-2.09418,0.0285354
238,0.41116,-2.58043,1.1153
238,0.444506,-2.5456,0.979688
238,0.0887845,-2.48607,0.936907
238,0.407322,-2.56643,1.01989
238,0.00569397,-2.47952,0.942354
238,-0.79635,-2.45703,0.462935
238,0.406123,-2.58168,1.00718
232,0.406123,-2.58168,1.00718
238,0.368622,-2.61751,0.911678
232,0.368622,-2.61751,0.911678
239,0.345505,-1.81879,0.0622498
239,-0.227765,-1.87117,0.0662692
239,0.189849,-2.40218,0.986675
239,0.0344015,-2.43115,1.16604
239,0.62072,-2.59974,0.923176
239,-0.586403,-2.34717,0.250587
239,-0.574402,-2.32457,0.128749
239,-0.618478,-2.47048,0.457484
239,-0.989204,-2.45583,0.442348
239,-0.981815,-2.36838,0.0977522
239,-0.978123,-2.42987,0.19882
239,-1.0062,-2.44871,0.190752
239,-1.00807,-2.49043,0.308794
239,-1.04329,-2.51366,0.294329
240,-1.07748,-1.35545,0.152748
240,-1.04352,-1.37489,0.128571
240,0.330885,-1.80651,0.0844226
240,-0.790804,-1.56514,-0.0276767
240,-0.725104,-1.60015,-0.00106347
240,-0.725764,-1.6109,-0.0150628
240,-0.759023,-1.79655,0.0537622
240,-0.403755,-1.92238,0.140239
240,0.216797,-2.05917,0.0988497
240,0.0987633,-2.5608,0.935119
240,-0.00108239,-2.55408,0.93153
240,-0.211424,-2.22703,-0.0607773
240,-0.56286,-2.2935,0.141507
240,-0.582519,-2.42112,0.48001
240,-0.563132,-2.3613,0.227803
240,-0.639519,-2.45468,0.498695
240,-0.59078,-2.43903,0.39537
240,-0.648326,-2.47572,0.501704
240,-0.589954,-2.47737,0.454931
240,-0.730711,-2.41011,0.0670017
240,-0.922707,-2.52751,0.512019
240,-1.03655,-2.56406,0.418845
241,0.46009,-1.45837,0.0551287
241,0.459493,-1.51344,0.0400816
241,0.0031321,-1.46012,0.128344
241,0.068452,-1.5073,0.105701
241,0.572733,-1.67013,0.0427798
241,-0.667927,-1.41913,0.0977485
241,-0.206159,-1.56383,0.110296
241,-0.681511,-1.44746,0.0759861
241,0.0852813,-2.32745,1.75511
241,0.323707,-1.85124,0.0562931
241,0.224454,-1.90048,0.0526519
241,0.212377,-1.96571,0.0300288
241,0.0889404,-1.96704,0.0109704
241,0.076388,-2.40559,1.20588
241,0.0790583,-2.4094,1.20161
241,-0.149663,-1.97301,0.0960588
241,0.0271294,-2.43358,1.13648
241,0.0308231,-2.42146,1.07275
241,0.0461445,-2.42148,1.05496
241,-0.169324,-2.05519,0.109298
241,-0.580097,-2.31235,0.334347
241,-0.587891,-2.4004,0.555661
241,-0.562951,-2.28735,0.163325
241,-0.559433,-2.32951,0.253021
241,-0.671133,-2.42627,0.571047
241,-0.577094,-2.32306,0.198293
241,-0.664667,-2.39229,0.432535
241,-0.642694,-2.3591,0.3095
241,-0.622059,-2.44837,0.544924
241,-0.653218,-2.40188,0.430071
241,-0.591189,-2.37477,0.305014
241,-0.589332,-2.39649,0.364593
241,-0.658447,-2.46383,0.545907
241,-0.838469,-2.42232,0.544994
241,-0.883151,-2.29833,0.21779
241,-0.599349,-2.47368,0.525423
241,-0.879868,-2.28236,0.162266
241,-0.588177,-2.46661,0.462863
241,-0.660561,-2.41301,0.282895
241,-0.827069,-2.42758,0.412381
241,-0.684646,-2.50927,0.544462
241,-0.909829,-2.43265,0.475117
241,-0.678321,-2.48023,0.443503
241,-0.679706,-2.46993,0.409712
241,-0.676833,-2.47216,0.40916
241,-0.728334,-2.45832,0.391039
241,-0.841287,-2.47756,0.5244
241,-0.681918,-2.41359,0.223592
241,-0.678247,-2.3977,0.17333
241,-0.672058,-2.37103,0.089605
241,-0.973701,-2.30678,0.108785
241,-0.907105,-2.46971,0.525068
241,-0.693543,-2.52115,0.525363
241,-0.977727,-2.31953,0.134739
241,-0.967905,-2.34154,0.19027
241,-0.742785,-2.51235,0.520772
241,-0.852086,-2.43346,0.351746
241,-0.797767,-2.51077,0.535763
241,-0.796538,-2.50544,0.518957
241,-0.789069,-2.39186,0.164294
241,-0.910051,-2.43469,0.346156
241,-0.806301,-2.52011,0.517353
241,-0.856521,-2.36136,0.0930361
241,-0.750159,-2.45172,0.277849
241,-0.858352,-2.36857,0.112947
241,-0.91665,-2.45973,0.412326
241,-0.909497,-2.35128,0.0918705
241,-0.917482,-2.38195,0.174663
241,-0.870527,-2.49284,0.461305
241,-0.914647,-2.50543,0.513942
241,-0.925329,-2.48375,0.441153
241,-0.992182,-2.35556,0.094889
241,-0.934731,-2.51488,0.505734
241,-0.960721,-2.53838,0.527485
241,-0.998769,-2.37383,0.0714216
241,-0.99731,-2.52404,0.501374
241,-0.997608,-2.44634,0.276106
241,-0.943011,-2.56073,0.521945
241,-0.94178,-2.5541,0.496696
241,-1.02083,-2.53318,0.442286
241,-0.188862,-2.06817,0.0543957
234,-0.188862,-2.06817,0.0543957
241,0.0499952,-2.42172,0.990317
234,0.0499952,-2.42172,0.990317
241,-0.765291,-2.53644,0.436245
234,-0.765291,-2.53644,0.436245
241,-0.159248,-1.85875,0.0720369
234,-0.159248,-1.85875,0.0720369
241,0.530175,-1.469,0.0605841
234,0.530175,-1.469,0.0605841
241,0.343124,-1.76175,0.111744
237,0.343124,-1.76175,0.111744
241,-0.671294,-2.46002,0.454963
232,-0.671294,-2.46002,0.454963
242,0.0739208,-1.51792,0.111544
242,0.115465,-1.57593,0.059498
242,-0.73482,-1.44061,0.0611579
242,-0.705225,-1.49087,0.0436466
242,-1.08787,-1.41904,0.0984762
242,-1.14,-1.41428,0.0942093
242,0.331823,-1.87411,0.0434251
242,0.0913596,-2.38149,1.23963
242,0.208976,-2.02494,0.130279
242,0.237726,-2.04615,0.105708
242,-0.24805,-1.92644,0.0536788
242,0.0711164,-2.42039,1.18013
242,0.138497,-2.38388,0.972179
242,0.0631188,-2.40673,0.965733
242,0.0419819,-2.42117,0.999452
242,0.120902,-2.4365,0.968228
242,0.0491988,-2.46958,0.955333
242,-0.294069,-2.10313,0.117509
242,-0.265714,-2.14918,0.0762039
242,-0.253656,-2.17734,0.0732268
242,-0.578975,-2.29603,0.206321
242,-0.590142,-2.27739,0.151858
242,-0.569387,-2.37699,0.35751
242,-0.601814,-2.39416,0.424545
242,-0.581766,-2.43225,0.488122
242,-0.720345,-2.39969,0.489834
242,-0.721466,-2.39297,0.431647
242,-0.650458,-2.39447,0.359962
242,-0.664346,-2.31528,0.142861
242,-0.772035,-2.4139,0.481753
242,-0.669777,-2.3383,0.194958
242,-0.609985,-2.39235,0.299692
242,-0.656346,-2.34303,0.194106
242,-0.777284,-2.34996,0.258886
242,-0.773499,-2.3285,0.18984
242,-0.83094,-2.32052,0.203894
242,-0.770622,-2.31166,0.134349
242,-0.837752,-2.41239,0.416687
242,-0.7251,-2.36074,0.180113
242,-0.954713,-2.43048,0.520195
242,-0.833436,-2.3817,0.304108
242,-0.966554,-2.43617,0.538904
242,-0.722292,-2.34164,0.1092
242,-0.795488,-2.48246,0.537033
242,-0.920987,-2.45935,0.555721
242,-0.623502,-2.45794,0.344408
242,-0.816755,-2.48909,0.544014
242,-0.920568,-2.47142,0.545752
242,-0.780259,-2.47754,0.457057
242,-0.667916,-2.53628,0.52904
242,-0.671459,-2.46686,0.337449
242,-0.678414,-2.50158,0.437145
242,-0.913641,-2.47817,0.505629
242,-0.960958,-2.33538,0.134946
242,-0.959661,-2.32553,0.0990728
242,-0.733746,-2.40262,0.148089
242,-0.986749,-2.32846,0.108651
242,-0.962853,-2.46043,0.456473
242,-0.907948,-2.39502,0.22929
242,-0.797239,-2.43945,0.262081
242,-0.811761,-2.51062,0.462791
242,-0.794486,-2.42371,0.21101
242,-0.806065,-2.4818,0.378812
242,-0.80444,-2.47181,0.344602
242,-0.80497,-2.5397,0.51986
242,-0.924277,-2.45202,0.333456
242,-0.86853,-2.50606,0.441796
242,-0.870289,-2.51325,0.458175
242,-0.930978,-2.51927,0.452314
242,-1.00276,-2.51146,0.435012
242,-0.995713,-2.47607,0.332716
242,-0.996351,-2.54387,0.497364
242,-1.02214,-2.4888,0.328686
242,-1.01279,-2.51504,0.384518
242,-1.0072,-2.4801,0.268124
242,-1.0162,-2.51965,0.369789
242,-1.02284,-2.54735,0.437258
242,-1.04356,-2.56104,0.443842
242,-0.700238,-2.56385,0.473959
234,-0.700238,-2.56385,0.473959
242,-0.627803,-2.46071,0.283725
234,-0.627803,-2.46071,0.283725
242,-0.595563,-2.46827,0.316516
234,-0.595563,-2.46827,0.316516
242,-0.80207,-2.541,0.527929
234,-0.80207,-2.541,0.527929
242,-0.651614,-2.5372,0.430806
234,-0.651614,-2.5372,0.430806
242,-0.624922,-2.46419,0.412221
234,-0.624922,-2.46419,0.412221
242,-0.592994,-2.47115,0.444326
234,-0.592994,-2.47115,0.444326
242,-0.581488,-2.45974,0.4823
234,-0.581488,-2.45974,0.4823
242,-0.605117,-2.42306,0.0882381
234,-0.605117,-2.42306,0.0882381
242,-0.80862,-2.53243,0.488096
233,-0.80862,-2.53243,0.488096
243,0.275119,-1.06854,0.0831469
243,0.326229,-1.20254,0.0549406
243,0.430674,-1.2638,0.0624872
243,-0.0142737,-1.48319,0.113541
243,-0.735088,-1.43216,0.078287
243,-0.685143,-1.45072,0.0725243
243,-0.677748,-1.46805,0.060214
243,-0.699797,-1.48314,0.0439062
243,-0.627572,-1.66909,0.0644709
243,-0.766119,-1.64656,0.0733628
243,-0.609561,-1.70327,0.0690974
243,-0.689214,-1.68858,0.0686791
243,-0.536457,-1.73457,0.0704963
243,0.225681,-1.92935,0.0656765
243,-0.486128,-1.77851,0.0795556
243,-0.627066,-1.74698,0.076277
243,-0.568941,-1.76573,0.083572
243,0.223879,-1.94895,0.0634601
243,-0.699497,-1.7397,0.0841161
243,-0.466624,-1.79917,0.0795445
243,-0.246227,-1.85696,0.0784887
243,-0.444485,-1.8137,0.0834217
243,-0.231012,-1.87352,0.0824569
243,0.216558,-2.00264,0.130749
243,-0.452372,-1.82928,0.0717156
243,-0.563818,-1.80849,0.0831885
243,0.215889,-2.0122,0.123216
243,-0.300459,-1.87763,0.0891374
243,-0.223271,-1.91263,0.080976
243,-0.455341,-1.87598,0.102061
243,-0.386441,-1.88407,0.0795267
243,-0.301881,-1.90392,0.0774629
243,-0.301908,-1.90292,0.0700799
243,-0.507208,-1.86313,0.0823109
243,-0.417566,-1.88782,0.0661466
243,-0.365338,-1.90285,0.0713012
243,-0.169149,-1.97221,0.107871
243,-0.389475,-1.90233,0.061021
243,-0.405591,-1.92688,0.108151
243,-0.45543,-1.90432,0.0769365
243,-0.462155,-1.91982,0.0817678
243,0.0350634,-2.43338,1.01051
243,-0.439224,-1.93385,0.0764894
243,-0.37944,-1.9403,0.0529565
243,-0.40965,-1.95796,0.0765293
243,-0.409553,-1.96865,0.0707471
243,-0.346438,-1.99565,0.0728105
243,0.0329993,-2.47051,0.990196
243,0.0343342,-2.46445,0.960483
243,-0.393258,-1.9963,0.0778996
243,-0.184111,-2.0435,0.0656773
243,-0.398989,-2.0085,0.0749018
243,-0.382335,-2.02397,0.0847726
243,-0.177667,-2.10841,0.091722
243,-0.383787,-2.07529,0.0909102
243,-0.288412,-2.09513,0.0774825
243,-0.387998,-2.0761,0.0880153
243,-0.239604,-2.13915,0.0970849
243,-0.250967,-2.15799,0.0924484
243,-0.391018,-2.14963,0.0977783
243,-0.610281,-2.12111,0.0967181
243,-0.668726,-2.42126,0.569165
243,-0.609099,-2.45065,0.531232
243,-0.564025,-2.35244,0.263348
243,-0.623505,-2.45585,0.528965
243,-0.655021,-2.46162,0.556778
243,-0.67597,-2.46134,0.555893
243,-0.576242,-2.35371,0.240439
243,-0.649723,-2.34863,0.26352
243,-0.595098,-2.45072,0.474549
243,-0.568595,-2.3061,0.109199
243,-0.641049,-2.33312,0.211423
243,-0.589829,-2.45862,0.479832
243,-0.664626,-2.44552,0.488487
243,-0.602438,-2.3794,0.292933
243,-0.727622,-2.4561,0.544675
243,-0.589519,-2.45336,0.45638
243,-0.609722,-2.36088,0.245897
243,-0.663953,-2.43784,0.459541
243,-0.66117,-2.41861,0.402843
243,-0.610312,-2.42949,0.399925
243,-0.930775,-2.39013,0.48181
243,-0.607819,-2.34413,0.187808
243,-0.935569,-2.41425,0.536897
243,-0.713443,-2.42248,0.430291
243,-0.576415,-2.37171,0.23088
243,-0.736517,-2.43725,0.476908
243,-0.831321,-2.28019,0.153364
243,-0.642264,-2.36297,0.242704
243,-0.58535,-2.41939,0.341132
243,-0.587023,-2.4286,0.363337
243,-0.61294,-2.36775,0.232015
243,-0.61434,-2.37544,0.250509
243,-0.737269,-2.44489,0.476539
243,-0.92844,-2.35937,0.375829
243,-0.606111,-2.32319,0.104803
243,-0.664129,-2.3625,0.230441
243,-0.623891,-2.42282,0.350312
243,-0.718166,-2.37846,0.296256
243,-0.734845,-2.42631,0.419316
243,-0.700677,-2.33643,0.183955
243,-0.840843,-2.43448,0.493458
243,-0.696277,-2.30871,0.108316
243,-0.839494,-2.4247,0.464983
243,-0.837633,-2.41375,0.436894
243,-0.900731,-2.42322,0.493943
243,-0.662176,-2.34527,0.172153
243,-0.8858,-2.4541,0.558806
243,-0.791556,-2.39473,0.362965
243,-0.844041,-2.44849,0.520532
243,-0.787035,-2.35448,0.25755
243,-0.585551,-2.33681,0.100283
243,-0.896241,-2.39268,0.408786
243,-0.776207,-2.34999,0.238331
243,-0.883403,-2.37684,0.361612
243,-0.661752,-2.33806,0.142247
243,-0.940665,-2.35261,0.334601
243,-0.734755,-2.34526,0.199563
243,-0.585386,-2.33405,0.0882106
243,-0.77488,-2.34029,0.20961
243,-0.663123,-2.42522,0.346996
243,-0.731921,-2.32551,0.142167
243,-0.621982,-2.32912,0.0873845
243,-0.881388,-2.35856,0.303803
243,-0.623285,-2.33498,0.0979508
243,-0.787619,-2.3591,0.246939
243,-0.728549,-2.37276,0.245644
243,-0.660771,-2.40701,0.289123
243,-0.879711,-2.34098,0.245494
243,-0.785228,-2.34024,0.189069
243,-0.830913,-2.35345,0.243947
243,-0.939668,-2.329,0.246049
243,-0.658637,-2.38934,0.230816
243,-0.720995,-2.32352,0.108398
243,-0.897922,-2.32381,0.20732
243,-0.827779,-2.33277,0.186792
243,-0.874056,-2.30311,0.140669
243,-0.66415,-2.34817,0.128695
243,-0.656203,-2.37084,0.172657
243,-0.823786,-2.30559,0.110252
243,-0.836418,-2.31858,0.147963
243,-0.844219,-2.30249,0.109963
243,-0.591804,-2.46488,0.350896
243,-0.935819,-2.28974,0.119348
243,-0.938738,-2.30535,0.156768
243,-0.953278,-2.32702,0.212905
243,-0.774914,-2.33322,0.126386
243,-0.851447,-2.48318,0.522414
243,-0.843507,-2.43797,0.409212
243,-0.693728,-2.52601,0.533794
243,-0.681274,-2.45544,0.357786
243,-0.900297,-2.33663,0.195162
243,-0.896821,-2.31504,0.138027
243,-0.985626,-2.38424,0.35266
243,-0.95445,-2.32208,0.181687
243,-0.841794,-2.4205,0.350621
243,-0.901734,-2.40751,0.351611
243,-0.996838,-2.44102,0.483521
243,-0.675733,-2.4367,0.289847
243,-0.675034,-2.43135,0.273016
243,-0.982965,-2.35687,0.264859
243,-0.836216,-2.38055,0.234871
243,-0.728819,-2.42873,0.289369
243,-0.964392,-2.47092,0.520718
243,-0.960438,-2.37741,0.293573
243,-0.983006,-2.34957,0.234685
243,-0.859329,-2.4719,0.453872
243,-0.983753,-2.3619,0.258427
243,-0.959426,-2.36367,0.246176
243,-0.958991,-2.43086,0.405079
243,-0.86611,-2.50623,0.531623
243,-0.983646,-2.35577,0.234357
243,-0.956713,-2.34351,0.188048
243,-0.956159,-2.41052,0.34719
243,-0.750948,-2.46109,0.351549
243,-0.981837,-2.32499,0.144837
243,-0.98053,-2.31246,0.10546
243,-0.938607,-2.49504,0.442284
243,-0.940294,-2.4198,0.22089
243,-1.0162,-2.51616,0.454193
243,-0.639447,-2.42186,0.0957329
234,-0.639447,-2.42186,0.0957329
243,-0.738079,-2.53243,0.500163
234,-0.738079,-2.53243,0.500163
243,-0.36103,-2.24439,0.0199459
234,-0.36103,-2.24439,0.0199459
243,-0.730132,-2.46415,0.479542
237,-0.730132,-2.46415,0.479542
244,-0.184294,-0.933402,0.800302
244,-0.210615,-0.94341,0.79493
244,0.402894,-1.18498,0.0931925
244,-0.0685252,-1.20757,0.310944
244,0.360724,-1.22699,0.0798969
244,0.351187,-1.25329,0.0712737
244,0.523541,-1.32279,0.0906837
244,0.377817,-1.33385,0.0534364
244,0.37362,-1.33808,0.041962
244,0.355826,-1.35238,0.0238757
244,0.43158,-1.44448,0.0205051
244,0.424871,-1.45792,0.0101629
244,0.449945,-1.49723,-0.0045712
244,-0.320402,-1.43354,0.20448
244,0.490263,-1.56321,0.000722051
244,-0.530313,-1.5306,0.217965
244,-0.141668,-1.63653,0.216074
244,-0.596166,-1.55085,0.169561
244,-0.137262,-1.65326,0.186866
244,-0.583829,-1.5682,0.17582
244,-0.212745,-1.68155,0.186511
244,-0.213737,-1.69551,0.175578
244,-0.546864,-1.61166,0.107759
244,-0.58669,-1.64706,0.151104
244,0.0474452,-2.21575,0.980754
244,-0.225337,-1.87105,0.0576547
244,0.023436,-2.2435,1.01661
244,0.0515856,-2.27091,0.998907
244,0.0203259,-2.27621,1.02231
244,-0.396214,-1.85818,-0.0630995
244,-0.633739,-2.33808,0.560834
244,-0.64041,-2.34961,0.564342
244,-0.832914,-2.28524,0.453022
244,-0.882449,-2.29255,0.498415
244,-0.905592,-2.27719,0.452458
244,-0.836821,-2.26815,0.333042
244,-0.915505,-2.27108,0.328058
244,-0.578617,-2.28231,0.121394
244,-0.925436,-2.3691,0.571792
244,-0.68861,-2.40712,0.538258
244,-0.547785,-2.29959,0.107612
244,-0.573985,-2.38162,0.360167
244,-0.558413,-2.36626,0.291873
244,-0.907989,-2.38004,0.547959
244,-0.581221,-2.42305,0.464822
244,-0.624989,-2.32723,0.197621
244,-0.569868,-2.33858,0.196414
244,-0.688107,-2.36972,0.358784
244,-0.556174,-2.33906,0.1819
244,-0.567083,-2.41451,0.40907
244,-0.552525,-2.46956,0.553714
244,-0.583675,-2.32249,0.126081
244,-0.555508,-2.41079,0.355911
244,-0.612749,-2.32268,0.123288
244,-0.794244,-2.28422,0.113266
244,-0.929739,-2.30794,0.260325
244,-0.743873,-2.32511,0.191452
244,-0.799568,-2.31112,0.178422
244,-0.637914,-2.42348,0.415146
244,-0.93472,-2.33949,0.347311
244,-0.689928,-2.34048,0.188601
244,-0.745348,-2.32569,0.175879
244,-0.629602,-2.35323,0.184181
244,-0.549998,-2.35157,0.125904
244,-0.915075,-2.35519,0.363795
244,-0.869779,-2.32578,0.24608
244,-0.676069,-2.3269,0.128147
244,-0.875061,-2.36354,0.362896
244,-0.73479,-2.39035,0.354339
244,-0.638822,-2.34433,0.155309
244,-0.633266,-2.37443,0.239306
244,-0.695168,-2.45967,0.531279
244,-0.559421,-2.4573,0.438331
244,-0.635817,-2.38886,0.27602
244,-0.560952,-2.46611,0.460427
244,-0.945473,-2.39273,0.479333
244,-0.922708,-2.37237,0.403693
244,-0.600401,-2.41717,0.330849
244,-0.701256,-2.42507,0.417469
244,-0.649942,-2.41399,0.35047
244,-0.813495,-2.44108,0.532256
244,-0.700511,-2.4173,0.388787
244,-0.689557,-2.41019,0.360324
244,-0.738482,-2.43453,0.46272
244,-0.698358,-2.40005,0.33194
244,-0.809125,-2.40627,0.41874
244,-0.551982,-2.35182,0.0935508
244,-0.703162,-2.36206,0.218928
244,-0.685831,-2.37074,0.232127
244,-0.753781,-2.43715,0.473819
244,-0.877382,-2.35533,0.300506
244,-0.74042,-2.33829,0.162212
244,-0.694402,-2.46623,0.51725
244,-0.752945,-2.35521,0.218725
244,-0.706958,-2.46851,0.531187
244,-0.917901,-2.39106,0.429253
244,-0.862336,-2.39248,0.397324
244,-0.771823,-2.41777,0.416768
244,-0.755827,-2.37428,0.275002
244,-0.708508,-2.32136,0.0854932
244,-0.657001,-2.45386,0.452029
244,-0.768128,-2.46055,0.538856
244,-0.556142,-2.50383,0.536501
244,-0.748753,-2.32081,0.104611
244,-0.657482,-2.38322,0.234709
244,-0.93505,-2.29314,0.136465
244,-0.636564,-2.38047,0.21289
244,-0.920476,-2.30841,0.172259
244,-0.713728,-2.35422,0.178823
244,-0.591677,-2.41192,0.276392
244,-0.921123,-2.40217,0.446534
244,-0.751307,-2.33297,0.131598
244,-0.719582,-2.46468,0.508574
244,-0.923922,-2.34897,0.285889
244,-0.797577,-2.3605,0.23713
244,-0.918625,-2.37967,0.370296
244,-0.721217,-2.47278,0.526912
244,-0.600856,-2.4719,0.448931
244,-0.704821,-2.43867,0.411254
244,-0.596583,-2.43947,0.344529
244,-0.597524,-2.35969,0.10447
244,-0.600858,-2.47006,0.439098
244,-0.873979,-2.30811,0.120316
244,-0.918302,-2.37252,0.341221
244,-0.833923,-2.41458,0.415162
244,-0.604074,-2.42001,0.287671
244,-0.877048,-2.328,0.178786
244,-0.943031,-2.35379,0.297739
244,-0.92387,-2.41612,0.468477
244,-0.802042,-2.38368,0.294382
244,-0.930447,-2.35837,0.296772
244,-0.763629,-2.40521,0.332584
244,-0.589801,-2.50389,0.515619
244,-0.806225,-2.34981,0.185798
244,-0.591066,-2.3905,0.171797
244,-0.762064,-2.38879,0.272686
244,-0.589956,-2.3818,0.14316
244,-0.710252,-2.46481,0.467936
244,-0.652321,-2.47234,0.453615
244,-0.808192,-2.41939,0.391209
244,-0.600604,-2.45642,0.37029
244,-0.760093,-2.37137,0.213066
244,-0.771166,-2.45006,0.455521
244,-0.756068,-2.33631,0.0936967
244,-0.828418,-2.3518,0.183725
244,-0.957906,-2.41409,0.451967
244,-0.957525,-2.41112,0.442439
244,-0.934613,-2.31613,0.137825
244,-0.870439,-2.43325,0.44976
244,-0.757507,-2.3397,0.0921673
244,-0.822412,-2.43037,0.405275
244,-0.885409,-2.42046,0.408702
244,-0.885778,-2.38134,0.290985
244,-0.870384,-2.46689,0.53589
244,-0.957414,-2.39339,0.364111
244,-0.933347,-2.33789,0.175285
244,-0.966868,-2.45669,0.554032
244,-0.889178,-2.40607,0.352542
244,-0.867378,-2.3882,0.274877
244,-0.877178,-2.4252,0.386407
244,-0.809973,-2.33516,0.0728407
244,-0.597037,-2.52123,0.499347
244,-0.879366,-2.3517,0.157514
244,-0.884912,-2.33842,0.103255
244,-0.65643,-2.48415,0.399308
244,-0.679618,-2.46106,0.326662
244,-0.89986,-2.36694,0.173656
244,-0.653718,-2.45284,0.277655
244,-0.596813,-2.49768,0.375742
244,-0.649249,-2.41672,0.157334
244,-0.903715,-2.38821,0.230132
244,-0.576234,-2.39748,0.050621
244,-0.665801,-2.53357,0.515289
244,-0.647316,-2.3954,0.0757604
244,-0.900631,-2.35546,0.11299
244,-0.592019,-2.44919,0.193023
244,-0.578084,-2.56411,0.530001
244,-0.595302,-2.47021,0.252253
244,-0.658804,-2.46654,0.272609
244,-0.667492,-2.52622,0.451967
244,-0.596977,-2.45162,0.123974
244,-0.595507,-2.52234,0.310226
244,-0.631781,-3.77819,-1.23117
244,-0.656563,-2.22598,0.16921
242,-0.656563,-2.22598,0.16921
244,-0.693151,-2.33,0.10095
242,-0.693151,-2.33,0.10095
244,-0.347336,-2.11456,0.0964415
234,-0.347336,-2.11456,0.0964415
245,0.181122,-0.15996,0.945402
245,-0.0064806,-0.146537,0.922325
245,-0.0653912,-0.15903,0.938051
245,0.0058406,-0.165079,0.903832
245,-0.0485354,-0.165086,0.925457
245,-0.00873104,-0.166571,0.908334
245,-0.0622509,-0.165184,0.930828
245,-0.0807927,-0.171446,0.932772
245,-0.196502,-0.808415,0.74266
245,-0.215663,-0.868836,0.883894
245,-0.151266,-0.856037,0.793774
245,-0.14937,-0.870611,0.8292
245,-0.193413,-0.873366,0.790505
245,-0.140827,-1.11832,0.466996
245,0.0262457,-1.33918,0.387957
245,-0.0540467,-1.32555,0.338607
245,-0.0404078,-1.33794,0.346557
245,0.399756,-1.31448,-0.0116725
245,-0.00455955,-1.46747,0.309866
245,-0.0846009,-1.44175,0.283777
245,-0.0862691,-1.4479,0.282421
245,0.00523713,-1.49605,0.354597
245,-0.0295353,-1.53204,0.277423
245,0.531648,-1.54559,-0.0246557
245,-0.0197494,-1.61056,0.307058
245,0.123401,-1.93572,1.03393
245,0.108321,-1.92226,0.978536
245,0.138983,-1.98119,0.998889
245,-0.0860265,-1.70218,0.28263
245,-0.39844,-2.04314,0.00882399
245,-0.828032,-2.10715,0.324848
245,-0.826719,-2.16344,0.42984
245,-0.777101,-2.19854,0.481045
245,-0.757507,-2.12689,0.259153
245,-0.828852,-2.14713,0.319972
245,-0.849021,-2.1758,0.404548
245,-0.78154,-2.19987,0.407021
245,-0.770136,-2.24484,0.518138
245,-0.856054,-2.19345,0.42253
245,-0.854281,-2.22748,0.507933
245,-0.395623,-2.12205,-0.0126563
245,-0.859587,-2.24165,0.527441
245,-0.791569,-2.22873,0.455405
245,-0.77524,-2.1716,0.292109
245,-0.844825,-2.22899,0.472967
245,-0.835391,-2.19413,0.364511
245,-0.780962,-2.18612,0.303483
245,-0.62928,-2.17057,0.15524
245,-0.839145,-2.15788,0.230393
245,-0.850391,-2.21789,0.327484
245,-0.613335,-2.19559,0.141305
245,-0.583728,-2.38073,0.563387
245,-0.590775,-2.36159,0.49553
245,-0.575169,-2.30009,0.317407
245,-0.588683,-2.27799,0.263531
245,-0.860566,-2.23548,0.290168
245,-0.595829,-2.33599,0.417122
245,-0.706362,-2.37911,0.566314
245,-0.663714,-2.3829,0.549522
245,-0.646448,-2.38189,0.534265
245,-0.773235,-2.35627,0.532797
245,-0.743791,-2.21191,0.13326
245,-0.600392,-2.39063,0.523752
245,-0.637749,-2.23485,0.129431
245,-0.766224,-2.31262,0.392476
245,-0.65868,-2.30612,0.31902
245,-0.66555,-2.38654,0.534072
245,-0.710462,-2.33816,0.424083
245,-0.709938,-2.33569,0.412109
245,-0.707303,-2.32567,0.376961
245,-0.778019,-2.31529,0.382391
245,-0.588749,-2.28128,0.190219
245,-0.666737,-2.33652,0.371395
245,-0.657334,-2.2441,0.117579
245,-0.517577,-2.39742,0.443658
245,-0.623106,-2.42143,0.550991
245,-0.767259,-2.36662,0.479801
245,-0.787385,-2.37541,0.500879
245,-0.742413,-2.40643,0.557387
245,-0.730471,-2.39867,0.526103
245,-0.657359,-2.2823,0.179619
245,-0.660039,-2.30241,0.233644
245,-0.837773,-2.34983,0.441512
245,-0.773377,-2.25461,0.152056
245,-0.836266,-2.34364,0.418653
245,-0.797629,-2.38018,0.49024
245,-0.881168,-2.34601,0.43064
245,-0.833818,-2.37377,0.472539
245,-0.720665,-2.29731,0.207375
245,-0.834049,-2.39519,0.524508
245,-0.732017,-2.29438,0.198077
245,-0.624075,-2.33276,0.241477
245,-0.787356,-2.2532,0.11261
245,-0.567776,-2.39413,0.353389
245,-0.606909,-2.40711,0.401145
245,-0.56806,-2.3513,0.228062
245,-0.829746,-2.30763,0.242224
245,-0.671839,-2.33838,0.234819
245,0.249259,-2.36449,-0.187461
245,-0.854183,-2.34214,0.307451
245,-0.790918,-2.33064,0.240927
245,-0.540595,-2.3821,0.233104
245,-0.865857,-2.32654,0.250261
245,-0.565006,-2.32741,0.0953441
245,-0.68271,-2.33802,0.178441
245,-0.620775,-2.37199,0.213721
245,-0.873216,-2.44513,0.50389
245,-0.638947,-2.50583,0.524078
245,-0.534513,-2.37343,0.112391
245,-0.49742,-2.37863,0.0891927
245,-0.633979,-2.3957,0.20426
245,-0.595421,-2.52927,0.520807
245,-0.55198,-2.43074,0.215513
245,-0.632094,-2.47626,0.366361
245,-0.644038,-2.51616,0.460345
245,-0.5812,-2.52931,0.446188
245,-0.563573,-2.51204,0.388898
245,-0.584428,-2.49059,0.313047
245,-0.572723,-2.44974,0.191881
245,-0.555726,-2.48285,0.264164
245,-0.594149,-2.57057,0.496062
245,-0.573434,-2.44911,0.137131
245,-0.603436,-2.59887,0.504014
245,-0.473968,-2.57886,-0.129091
245,-1.34395,-4.91816,-1.36442
245,-1.41032,-5.06496,-1.42624
245,-1.34675,-5.31175,-1.47654
245,-0.247851,-1.02795,0.836993
243,-0.247851,-1.02795,0.836993
245,-0.369417,-2.02733,-0.0230819
243,-0.369417,-2.02733,-0.0230819
245,-0.345794,-1.88806,0.09623
243,-0.345794,-1.88806,0.09623
245,-0.257418,-2.14922,0.0282697
243,-0.257418,-2.14922,0.0282697
245,-0.22747,-2.14722,0.053484
243,-0.22747,-2.14722,0.053484
245,-0.543953,-1.84217,-0.0199521
243,-0.543953,-1.84217,-0.0199521
245,-0.575565,-1.86807,-0.00175426
243,-0.575565,-1.86807,-0.00175426
245,-0.651,-1.88036,-0.0297247
243,-0.651,-1.88036,-0.0297247
245,-0.825387,-2.14112,0.261442
243,-0.825387,-2.14112,0.261442
245,-0.343909,-1.96649,0.0168034
243,-0.343909,-1.96649,0.0168034
245,-0.559205,-2.02457,-0.0897595
243,-0.559205,-2.02457,-0.0897595
245,-0.419594,-2.00321,-0.0237134
243,-0.419594,-2.00321,-0.0237134
245,-0.520648,-2.17259,-0.0922237
243,-0.520648,-2.17259,-0.0922237
245,-0.381107,-1.99195,-0.013237
243,-0.381107,-1.99195,-0.013237
245,-0.667374,-2.35846,-0.0489697
243,-0.667374,-2.35846,-0.0489697
245,0.243675,-2.19728,0.0056828
243,0.243675,-2.19728,0.0056828
245,-0.0790222,-3.3525,-1.17563
243,-0.0790222,-3.3525,-1.17563
245,0.0538313,-1.93142,-0.19184
243,0.0538313,-1.93142,-0.19184
245,-0.46496,-2.01661,-0.00102644
243,-0.46496,-2.01661,-0.00102644
245,-0.703381,-1.96695,-0.0843699
243,-0.703381,-1.96695,-0.0843699
245,0.159169,-1.71309,-0.0464292
243,0.159169,-1.71309,-0.0464292
245,0.077274,-1.77018,-0.0899919
243,0.077274,-1.77018,-0.0899919
245,0.133392,-1.90686,-0.179829
243,0.133392,-1.90686,-0.179829
245,-0.397042,-2.61027,-0.163508
243,-0.397042,-2.61027,-0.163508
245,-0.255343,-2.13299,0.0865041
243,-0.255343,-2.13299,0.0865041
245,0.117504,-1.95384,0.00434454
234,0.117504,-1.95384,0.00434454
245,-0.746385,-1.97563,0.0467809
234,-0.746385,-1.97563,0.0467809
245,0.101641,-1.58285,0.0381307
234,0.101641,-1.58285,0.0381307
245,-0.440004,-2.06639,0.0282403
234,-0.440004,-2.06639,0.0282403
245,0.23065,-2.22463,-0.000955664
241,0.23065,-2.22463,-0.000955664
245,-0.476068,-1.84708,0.0629003
241,-0.476068,-1.84708,0.0629003
245,0.00428135,-1.63878,-0.0236593
241,0.00428135,-1.63878,-0.0236593
245,-0.133572,-2.01957,-0.0556739
241,-0.133572,-2.01957,-0.0556739
245,0.138023,-1.99009,-0.0193236
241,0.138023,-1.99009,-0.0193236
245,-0.711117,-1.7574,0.0753304
237,-0.711117,-1.7574,0.0753304
246,0.0320818,0.101138,0.959128
246,0.00742045,-0.118644,0.955768
246,0.00042358,-0.126112,0.953631
246,-0.0158003,-0.134792,0.952466
246,-0.0198481,-0.138481,0.950101
246,0.152748,-1.1545,0.302124
246,0.184055,-1.38481,0.155201
246,0.0525934,-1.53781,0.221195
246,0.640767,-1.62975,0.0439459
246,0.232686,-1.54821,0.0609024
246,-0.0470156,-1.6584,0.135478
246,0.11492,-1.8803,0.518747
246,0.018424,-1.71382,0.125042
246,0.100949,-1.92833,0.502548
246,-0.0930581,-1.76162,0.103899
246,-0.0430602,-1.78701,0.0703286
246,0.360573,-1.89732,0.125491
246,0.316032,-1.89295,0.0502114
246,0.0215015,-2.0872,0.643866
246,0.0262814,-1.99485,0.349677
246,0.293555,-1.97801,0.117898
246,-0.35771,-1.82242,0.071587
246,0.262305,-1.96171,0.0131911
246,-0.31309,-1.88981,0.070622
246,0.25804,-2.0071,0.0373586
246,-0.200411,-1.9541,0.120455
246,-0.412833,-1.94402,0.0945624
246,0.164642,-2.02988,-0.0376641
246,0.207916,-2.08327,0.0676128
246,0.219101,-2.08473,0.0599587
246,0.129931,-2.07261,-0.0462809
246,-0.24688,-2.05405,0.0960023
246,-0.683845,-2.22971,0.77045
246,-0.2661,-2.06743,0.0910498
246,0.144724,-2.11794,-0.0805786
246,0.0591947,-2.17587,0.105618
246,-0.362587,-2.07182,0.0509
246,-0.367756,-2.11008,0.0481441
246,-0.361622,-2.12024,0.0584105
246,-0.326794,-2.13767,0.065169
246,-0.491305,-2.32464,0.435923
246,-0.462259,-2.23523,0.134261
246,-0.801363,-2.52438,0.996072
246,-0.542685,-2.42351,0.530956
246,-0.517791,-2.30411,0.187114
246,0.12801,-2.3614,-0.0642625
246,-0.616013,-2.408,0.480892
246,-0.774698,-2.31563,0.320395
246,-0.590389,-2.39918,0.408752
246,-0.688308,-2.4059,0.444938
246,-0.570523,-2.47293,0.525922
246,-0.836068,-2.37319,0.41822
246,-0.651235,-2.35233,0.233873
246,-0.849756,-2.29244,0.191737
246,-0.611337,-2.4559,0.443068
246,-0.872455,-2.4939,0.650501
246,-0.881194,-2.47851,0.59663
246,-0.90424,-2.38685,0.34112
246,-0.91933,-2.45679,0.52926
246,-0.941211,-2.31717,0.175774
246,-0.723792,-2.38327,0.222315
246,-0.880787,-2.49355,0.591069
246,-0.950007,-2.51619,0.68943
246,-0.889929,-2.31418,0.127091
246,-0.916134,-2.45686,0.512256
246,-0.849591,-2.36316,0.220015
246,-0.929041,-2.40524,0.351607
246,-0.960694,-2.38281,0.285753
246,-0.812119,-2.41147,0.260002
246,-0.942268,-2.4718,0.445681
246,-1.10555,-2.81483,0.92137
246,-2.0076,-2.72505,-0.0211688
246,-2.05797,-2.79351,-0.049051
246,-0.216644,-3.2636,-6.38962e-05
246,-0.185526,-3.31638,0.110547
246,-2.19114,-2.94056,-0.0423646
246,-0.243828,-3.42706,0.06221
246,-0.21091,-3.36358,-0.131749
246,-0.215998,-3.51275,-0.0625128
246,-0.238534,-3.57146,-0.335517
246,-0.323221,-4.1607,-0.620326
246,-0.409437,-4.92273,-0.385477
246,-0.48033,-5.50865,0.318816
246,0.504174,-1.31111,0.159597
244,0.504174,-1.31111,0.159597
246,-0.582199,-2.18558,0.503379
244,-0.582199,-2.18558,0.503379
246,-0.843097,-2.88725,0.259137
244,-0.843097,-2.88725,0.259137
246,-0.122521,-1.87843,0.0424638
241,-0.122521,-1.87843,0.0424638
247,0.0954038,0.0273879,0.965166
247,0.126728,-0.0640278,0.958165
247,-0.0229268,-0.129071,0.962325
247,-0.081497,-0.13843,0.972085
247,-0.091174,-0.143623,0.971031
247,-0.0975466,-0.145441,0.97236
247,-0.215127,-0.919086,0.898475
247,-0.17752,-0.875656,0.748301
247,-0.187306,-0.873934,0.743057
247,-0.211196,-0.892946,0.801198
247,-0.214937,-0.884012,0.768221
247,-0.215925,-0.871169,0.723125
247,-0.218093,-0.880608,0.745244
247,-0.0508362,-1.7302,0.196422
247,-0.128246,-1.81951,0.123605
247,0.0505842,-1.91532,0.247334
247,0.0371972,-1.9228,0.268719
247,0.0854841,-1.92438,0.233661
247,-0.335193,-1.79878,0.0851357
247,-0.19327,-1.92564,0.114666
247,-0.394737,-1.88589,0.0738896
247,-0.287159,-1.91667,0.0793785
247,-0.267045,-1.92519,0.0804793
247,-0.380649,-1.90864,0.0769806
247,-0.199504,-1.96017,0.086472
247,-0.495176,-1.93135,0.167107
247,-0.348137,-1.93118,0.0694451
247,-0.208227,-2.00966,0.143978
247,-0.186419,-2.01645,0.114839
247,-0.246489,-2.01279,0.11553
247,0.223888,-2.13021,0.0397216
247,-0.328749,-2.04775,0.052532
247,-0.165505,-2.11155,0.0968752
247,-0.350881,-2.0738,0.0447663
247,-0.337703,-2.12249,0.0476506
247,0.154112,-2.22144,-0.121277
247,-0.325033,-2.18478,0.0391934
247,-0.513472,-2.30911,0.375079
247,-0.582331,-2.3381,0.43234
247,-0.645437,-2.31746,0.365065
247,-0.864271,-2.19769,0.16012
247,-0.642102,-2.29237,0.255579
247,-0.874025,-2.23303,0.223896
247,-0.600048,-2.34569,0.358458
247,-0.60593,-2.37299,0.425973
247,-0.903155,-2.36905,0.583728
247,-0.906168,-2.37668,0.585192
247,-0.580049,-2.39136,0.399411
247,-0.771521,-2.33992,0.365205
247,-0.866162,-2.23547,0.139304
247,-0.610975,-2.44472,0.541745
247,-0.831704,-2.34916,0.418045
247,-0.756409,-2.4135,0.536662
247,-0.704476,-2.40488,0.480636
247,-0.597482,-2.32284,0.192472
247,-0.586434,-2.36729,0.303366
247,-0.594235,-2.35581,0.275422
247,-0.662849,-2.39619,0.424031
247,-0.659254,-2.37761,0.368006
247,-0.535225,-2.46093,0.515365
247,-0.59125,-2.38964,0.358159
247,-0.667967,-2.36871,0.339196
247,-0.606949,-2.31641,0.162477
247,-0.711173,-2.38167,0.394649
247,-0.662496,-2.34056,0.255024
247,-0.604736,-2.3034,0.117774
247,-0.83175,-2.26411,0.146243
247,-0.467427,-2.33077,0.103339
247,-0.548427,-2.42152,0.382153
247,-0.734499,-2.39135,0.411123
247,-0.669914,-2.32225,0.187293
247,-0.556556,-2.31093,0.0834193
247,-0.616347,-2.27306,0.0180141
247,-0.922825,-2.41459,0.569585
247,-0.879301,-2.35142,0.373048
247,-0.618753,-2.31554,0.119335
247,-0.884379,-2.37385,0.428302
247,-0.704834,-2.33794,0.221407
247,-0.789034,-2.39981,0.42633
247,-0.661236,-2.36217,0.245804
247,-0.724576,-2.33,0.191022
247,-0.818973,-2.34413,0.285204
247,-0.877143,-2.27939,0.144974
247,-0.564746,-2.49341,0.526344
247,-0.842177,-2.40533,0.452903
247,-0.774967,-2.37493,0.330599
247,-0.840733,-2.39676,0.424339
247,-0.846521,-2.37479,0.36804
247,-0.809453,-2.44285,0.527085
247,-0.722518,-2.31536,0.132598
247,-0.800107,-2.39638,0.395629
247,-0.842986,-2.35602,0.311304
247,-0.793957,-2.36453,0.301233
247,-0.782415,-2.35729,0.27277
247,-0.790098,-2.34336,0.234659
247,-0.777045,-2.32904,0.1875
247,-0.838577,-2.33002,0.225271
247,-0.726264,-2.35806,0.22071
247,-0.919344,-2.37028,0.365064
247,-0.798989,-2.33081,0.185241
247,-0.916305,-2.3386,0.236211
247,-0.873234,-2.48115,0.587016
247,-0.8449,-2.41941,0.394338
247,-0.841363,-2.40192,0.345213
247,-0.927047,-2.38576,0.352211
247,-0.876849,-2.48756,0.590462
247,-2.02944,-2.73514,1.40597
247,-0.348405,-1.54421,0.189785
245,-0.348405,-1.54421,0.189785
247,-0.416395,-2.10685,0.188616
245,-0.416395,-2.10685,0.188616
247,-0.562689,-2.27701,0.200935
245,-0.562689,-2.27701,0.200935
247,-0.888999,-2.44895,0.322178
245,-0.888999,-2.44895,0.322178
247,-0.335897,-1.89926,0.0854592
245,-0.335897,-1.89926,0.0854592
247,0.197966,-1.49835,0.0877414
245,0.197966,-1.49835,0.0877414
247,-0.651462,-2.38404,-0.0467607
245,-0.651462,-2.38404,-0.0467607
247,-0.338185,-2.00045,0.0873859
245,-0.338185,-2.00045,0.0873859
247,-0.428974,-2.06309,0.0490118
245,-0.428974,-2.06309,0.0490118
247,-0.199467,-1.39624,0.377323
245,-0.199467,-1.39624,0.377323
247,0.0406442,-0.234864,0.863452
245,0.0406442,-0.234864,0.863452
247,-0.0334339,-1.86299,-0.0239829
244,-0.0334339,-1.86299,-0.0239829
247,-0.233443,-2.13176,-0.0795076
244,-0.233443,-2.13176,-0.0795076
247,-0.560746,-2.05868,0.23279
244,-0.560746,-2.05868,0.23279
247,-0.52123,-2.06392,0.547081
244,-0.52123,-2.06392,0.547081
247,-0.695354,-2.4782,0.503219
234,-0.695354,-2.4782,0.503219
247,-0.0910562,-1.87402,0.0363167
234,-0.0910562,-1.87402,0.0363167
247,-0.685313,-2.4877,0.365148
241,-0.685313,-2.4877,0.365148
248,0.0421213,0.103075,0.967572
248,0.00733617,-0.0456856,0.965753
248,-0.0579323,-0.150075,0.968865
248,-0.0735061,-0.15636,0.971034
248,-0.230815,-0.887703,0.781864
248,-0.235064,-0.910507,0.832696
248,0.286889,-1.92965,0.0260412
248,-0.0865676,-1.88826,0.122185
248,-0.315697,-1.93804,0.0926725
248,-0.104748,-2.00501,0.123537
248,-0.389814,-2.05674,0.0555263
248,-0.634726,-2.36333,0.584202
248,-0.579383,-2.3177,0.401708
248,-0.520423,-2.39262,0.556757
248,-0.511728,-2.28463,0.194961
248,-0.699162,-2.3279,0.439646
248,-0.584454,-2.3138,0.318845
248,-0.506737,-2.35352,0.383274
248,-0.577353,-2.37129,0.479045
248,-0.536693,-2.27444,0.143515
248,-0.641486,-2.31027,0.31685
248,-0.645913,-2.37,0.493805
248,-0.584962,-2.30748,0.262068
248,-0.696007,-2.35976,0.47714
248,-0.72956,-2.23669,0.129965
248,-0.580375,-2.29013,0.182613
248,-0.645534,-2.35871,0.427427
248,-0.511619,-2.38947,0.421229
248,-0.69767,-2.29418,0.259986
248,-0.644684,-2.34847,0.377908
248,-0.574836,-2.39879,0.478634
248,-0.509541,-2.37452,0.362606
248,-0.559625,-2.42745,0.547864
248,-0.506827,-2.35726,0.304618
248,-0.457002,-2.30351,0.11221
248,-0.504295,-2.34064,0.246321
248,-0.747537,-2.24516,0.125282
248,-0.580068,-2.36405,0.358724
248,-0.752255,-2.353,0.429996
248,-0.584882,-2.28707,0.120004
248,-0.502904,-2.32811,0.186315
248,-0.500123,-2.31057,0.128106
248,-0.760103,-2.39583,0.549159
248,-0.603536,-2.4354,0.551549
248,-0.643529,-2.28831,0.13054
248,-0.643298,-2.28543,0.116511
248,-0.545743,-2.45173,0.528773
248,-0.542752,-2.43339,0.470642
248,-0.759302,-2.39098,0.483538
248,-0.706667,-2.4256,0.550211
248,-0.714784,-2.3224,0.240034
248,-0.541212,-2.42018,0.410927
248,-0.70439,-2.40602,0.47124
248,-0.539207,-2.40529,0.351501
248,-0.657584,-2.36874,0.313958
248,-0.534459,-2.37287,0.233079
248,-0.53277,-2.35903,0.172738
248,-0.811547,-2.53589,0.877563
248,-0.657825,-2.36005,0.251945
248,-0.769231,-2.31992,0.201258
248,-0.65846,-2.35249,0.189012
248,-0.781471,-2.37918,0.343637
248,-0.776025,-2.42887,0.483413
248,-0.769651,-2.38709,0.345382
248,-0.76821,-2.37618,0.305531
248,-0.621391,-2.36835,0.163443
248,-0.842163,-2.43112,0.484423
248,-0.835203,-2.3868,0.342117
248,-0.844019,-2.43521,0.478992
248,-0.729886,-2.38065,0.240548
248,-0.850033,-2.32364,0.098334
248,-0.846042,-2.40455,0.332385
248,-0.911321,-2.41453,0.351595
248,-0.929126,-2.42586,0.321448
248,-0.928093,-2.41683,0.287332
248,-0.945735,-2.45504,0.404026
248,-0.933593,-2.3786,0.161847
248,-0.923868,-2.38368,0.168132
248,-1.05859,-2.4202,0.0734164
248,-0.986152,-4.41271,-1.04427
245,-0.986152,-4.41271,-1.04427
248,0.0555734,-0.15042,0.937241
244,0.0555734,-0.15042,0.937241
248,-0.770707,-2.49014,0.258059
244,-0.770707,-2.49014,0.258059
248,-0.719552,-2.32043,0.10916
244,-0.719552,-2.32043,0.10916
248,-0.948888,-2.76646,-0.000940016
244,-0.948888,-2.76646,-0.000940016
248,-0.955934,-2.79763,0.0636384
244,-0.955934,-2.79763,0.0636384
248,-0.816056,-2.79247,0.223064
244,-0.816056,-2.79247,0.223064
248,-0.674509,-2.42942,0.25889
243,-0.674509,-2.42942,0.25889
249,-0.233153,-0.847244,0.732359
249,-0.211851,-0.857115,0.729627
249,-0.000957608,-1.32419,0.406776
249,0.0220742,-1.34884,0.377305
249,-0.0153276,-1.3886,0.408589
249,-0.126732,-1.36142,0.342049
249,-0.514915,-1.70569,0.990508
249,0.077706,-2.16973,1.00844
249,-0.829298,-2.08736,0.282142
249,-0.822028,-2.16872,0.449079
249,-0.844174,-2.14786,0.382199
249,-0.824306,-2.16933,0.424662
249,-0.845375,-2.20323,0.474352
249,-0.313518,-2.14563,-0.0786735
249,-0.840402,-2.22398,0.480699
249,-0.830503,-2.20489,0.413423
249,-0.818485,-2.24001,0.46799
249,-0.793265,-2.19055,0.295979
249,-0.864889,-2.28479,0.613686
249,-0.782153,-2.26622,0.470488
249,-0.85533,-2.23457,0.417095
249,-0.846155,-2.29042,0.572355
249,-0.849915,-2.27841,0.514254
249,-0.834773,-2.30586,0.568794
249,-0.859815,-2.20605,0.234636
249,-0.701419,-2.2831,0.335251
249,-0.576343,-2.32481,0.364647
249,-0.620187,-2.29063,0.268651
249,-0.649179,-2.36033,0.490913
249,-0.847816,-2.32498,0.494894
249,-0.587857,-2.38795,0.485165
249,-0.650282,-2.34466,0.390807
249,-0.628915,-2.26876,0.147625
249,-0.691724,-2.33962,0.376776
249,-0.687789,-2.34052,0.376642
249,-0.767296,-2.29162,0.270512
249,-0.772532,-2.33656,0.371223
249,-0.659311,-2.38186,0.428727
249,-0.656589,-2.35788,0.351118
249,-0.711201,-2.37681,0.423222
249,-0.700965,-2.37512,0.40813
249,-0.829336,-2.3481,0.383389
249,-0.773151,-2.2782,0.124311
249,-0.607809,-2.42924,0.459311
249,-0.596748,-2.33632,0.166691
249,-0.60689,-2.4038,0.338466
249,-0.774208,-2.37474,0.362286
249,-0.60401,-2.37166,0.218985
249,-0.797465,-2.3177,0.184171
249,-0.544998,-2.49514,0.510892
249,-0.527509,-2.39689,0.16941
249,-0.552439,-2.52248,0.534492
249,-0.806416,-2.32642,0.103165
249,-0.555596,-2.52154,0.457173
249,-0.614977,-2.38424,0.0756028
249,-0.536647,-2.39659,0.0556673
249,-0.534265,-2.49606,0.348753
249,-0.556932,-2.50513,0.33045
249,-0.557971,-2.51325,0.354453
249,-0.531391,-2.49498,0.254663
249,-0.546421,-2.64481,0.509979
249,-0.501403,-2.63621,-0.227851
249,-0.27423,-1.98079,0.140657
245,-0.27423,-1.98079,0.140657
249,-0.240824,-2.15458,0.0894369
245,-0.240824,-2.15458,0.0894369
249,-0.946818,-2.37489,0.104497
244,-0.946818,-2.37489,0.104497
249,-0.909796,-2.46662,0.0441986
243,-0.909796,-2.46662,0.0441986
249,-0.833489,-2.13736,0.1882
241,-0.833489,-2.13736,0.1882
250,0.115519,0.0614927,1.00152
250,-0.0123632,-0.18978,0.941408
250,-0.0324509,-0.286175,0.881085
250,-0.108538,-0.412041,0.976983
250,-0.165893,-0.774841,0.686904
250,-0.195449,-0.867231,0.832324
250,-0.196021,-0.852176,0.715436
250,-0.231078,-0.857743,0.750968
250,-0.24981,-0.909947,0.913859
250,-0.223273,-0.880026,0.809749
250,-0.2493,-0.903035,0.891245
250,-0.228088,-0.876385,0.795818
250,-0.259472,-0.845719,0.719379
250,-0.263657,-0.88497,0.830934
250,-0.265612,-0.904222,0.886906
250,-0.264024,-0.880488,0.80748
250,-0.266615,-0.860214,0.744599
250,-0.285408,-0.855467,0.740515
250,-0.28643,-0.904927,0.884206
250,-0.102867,-0.931455,0.543433
250,-0.129945,-1.01865,0.496276
250,-0.202811,-1.17665,0.467991
250,-0.164678,-1.22639,0.419461
250,-0.10916,-1.41908,0.299935
250,-0.173266,-1.46806,0.274747
250,-0.281501,-1.48625,0.336072
250,-0.114327,-1.53735,0.264129
250,-0.0680664,-1.63472,0.230236
250,-0.28311,-1.64378,0.264307
250,-0.0659778,-1.71351,0.203217
250,-0.119614,-1.77848,0.248061
250,-0.0551204,-1.78102,0.171917
250,-0.223676,-1.8989,0.17637
250,-0.100739,-1.98245,0.143945
250,-0.85176,-2.19497,0.41503
250,-0.857026,-2.22511,0.479088
250,-0.852352,-2.15666,0.255018
250,-0.853928,-2.17195,0.299348
250,-0.856956,-2.19655,0.365309
250,-0.856255,-2.24405,0.473786
250,-0.840746,-2.2858,0.584566
250,-0.529857,-2.26144,0.281637
250,-0.569483,-2.32952,0.500098
250,-0.539666,-2.33749,0.491121
250,-0.804098,-2.30984,0.579253
250,-0.864944,-2.28031,0.524897
250,-0.843842,-2.26398,0.461619
250,-0.841803,-2.23107,0.351157
250,-0.863113,-2.24708,0.411215
250,-0.587159,-2.26309,0.279064
250,-0.849651,-2.30663,0.569318
250,-0.523186,-2.31853,0.38586
250,-0.800608,-2.2388,0.328347
250,-0.501807,-2.36325,0.495181
250,-0.499486,-2.3122,0.338621
250,-0.842923,-2.20605,0.23733
250,-0.508089,-2.37888,0.492872
250,-0.852,-2.27306,0.407132
250,-0.874077,-2.32448,0.564653
250,-0.497218,-2.4217,0.569078
250,-0.524555,-2.27484,0.147621
250,-0.822689,-2.33478,0.511427
250,-0.504042,-2.40205,0.494451
250,-0.877189,-2.30433,0.449483
250,-0.602416,-2.39638,0.53421
250,-0.872701,-2.23638,0.225087
250,-0.667605,-2.39362,0.541943
250,-0.811561,-2.22785,0.153355
250,-0.546604,-2.40426,0.493148
250,-0.768162,-2.3007,0.333761
250,-0.596999,-2.31999,0.273773
250,-0.577092,-2.3147,0.245418
250,-0.716185,-2.33309,0.383734
250,-0.457631,-2.30002,0.114711
250,-0.874909,-2.35343,0.537002
250,-0.55059,-2.37046,0.369326
250,-0.556252,-2.4273,0.535184
250,-0.866246,-2.37095,0.566801
250,-0.527691,-2.39103,0.406449
250,-0.610194,-2.33883,0.308118
250,-0.580867,-2.31242,0.208582
250,-0.660415,-2.40724,0.52667
250,-0.585363,-2.35376,0.322665
250,-0.656062,-2.40076,0.502271
250,-0.843926,-2.40472,0.632037
250,-0.533669,-2.4,0.415751
250,-0.636886,-2.29887,0.186638
250,-0.515019,-2.34935,0.254092
250,-0.514668,-2.3433,0.231351
250,-0.617034,-2.39135,0.43482
250,-0.853788,-2.40864,0.636843
250,-0.70269,-2.29698,0.209514
250,-0.533931,-2.33501,0.208647
250,-0.51501,-2.46172,0.563441
250,-0.903922,-2.35857,0.511148
250,-0.548775,-2.44234,0.519518
250,-0.829355,-2.34082,0.393655
250,-0.832127,-2.36913,0.477253
250,-0.702997,-2.28132,0.137196
250,-0.830613,-2.35115,0.421254
250,-0.831549,-2.36062,0.44912
250,-0.705162,-2.36644,0.378828
250,-0.700578,-2.31933,0.239333
250,-0.776414,-2.39332,0.502228
250,-0.670404,-2.31019,0.191541
250,-0.768142,-2.30618,0.241539
250,-0.77868,-2.41342,0.557723
250,-0.736658,-2.4235,0.55784
250,-0.857437,-2.41399,0.60693
250,-0.786089,-2.38469,0.473922
250,-0.830189,-2.33377,0.35472
250,-0.597166,-2.39323,0.373877
250,-0.675475,-2.35231,0.301659
250,-0.771463,-2.32924,0.295909
250,-0.842304,-2.40955,0.571971
250,-0.877209,-2.30208,0.280824
250,-0.732815,-2.43235,0.563839
250,-0.680543,-2.39886,0.431363
250,-0.82925,-2.31029,0.269227
250,-0.840731,-2.32252,0.306332
250,-0.517163,-2.33151,0.122449
250,-0.831457,-2.40559,0.536746
250,-0.605099,-2.45982,0.545739
250,-0.833124,-2.28573,0.186801
250,-0.719743,-2.37702,0.375661
250,-0.832153,-2.26856,0.127702
250,-0.929017,-2.40354,0.578457
250,-0.916645,-2.37249,0.474797
250,-0.828971,-2.3325,0.300751
250,-0.826734,-2.33701,0.310324
250,-0.722936,-2.39595,0.412675
250,-0.830617,-2.34499,0.33257
250,-0.740946,-2.38112,0.373491
250,-0.926383,-2.34603,0.354497
250,-0.922681,-2.30793,0.241669
250,-0.921139,-2.26606,0.113152
250,-0.787467,-2.38636,0.371131
250,-0.883619,-2.27756,0.110277
250,-0.927307,-2.2958,0.144027
250,-0.787368,-2.33808,0.169123
250,-0.125298,-3.3278,-0.0877405
250,-0.185532,-3.59454,-0.0870275
250,-0.169347,-3.62996,-0.32946
250,-2.41188,-3.26641,-0.136415
250,-0.18715,-4.03939,-0.21018
250,-0.193359,-4.11074,-0.372652
250,-0.465944,-2.24661,0.140718
245,-0.465944,-2.24661,0.140718
250,-0.67014,-2.14957,0.208811
245,-0.67014,-2.14957,0.208811
250,-0.724887,-2.43659,0.397644
245,-0.724887,-2.43659,0.397644
250,-0.554342,-2.33674,0.581886
245,-0.554342,-2.33674,0.581886
250,0.0889362,-2.09599,0.436486
245,0.0889362,-2.09599,0.436486
250,-0.618188,-2.34449,0.126381
245,-0.618188,-2.34449,0.126381
250,0.302819,-1.96423,0.127433
245,0.302819,-1.96423,0.127433
250,-0.785545,-2.40785,0.496844
245,-0.785545,-2.40785,0.496844
250,0.288848,-1.70677,0.152159
245,0.288848,-1.70677,0.152159
250,-0.622437,-2.37538,0.567815
244,-0.622437,-2.37538,0.567815
250,-0.882,-2.36732,0.473113
244,-0.882,-2.36732,0.473113
250,-0.529404,-2.29688,0.213471
244,-0.529404,-2.29688,0.213471
250,-0.83497,-2.34486,0.244697
244,-0.83497,-2.34486,0.244697
250,-0.53278,-2.35921,0.237139
244,-0.53278,-2.35921,0.237139
250,-0.646653,-2.3714,0.506451
244,-0.646653,-2.3714,0.506451
250,-0.334482,-1.98364,0.0697565
243,-0.334482,-1.98364,0.0697565
250,-0.176062,-2.11233,0.0968612
243,-0.176062,-2.11233,0.0968612
250,-0.326064,-1.96109,0.0809156
243,-0.326064,-1.96109,0.0809156
250,-0.551733,-2.34761,0.241165
243,-0.551733,-2.34761,0.241165
250,-0.693004,-2.12382,0.497038
246,-0.693004,-2.12382,0.497038
250,-0.858066,-2.45697,0.610933
246,-0.858066,-2.45697,0.610933
250,-0.730796,-2.59547,0.163418
246,-0.730796,-2.59547,0.163418
250,-1.79371,-2.40976,0.151706
246,-1.79371,-2.40976,0.151706
251,0.115844,0.203125,0.989391
251,-0.0242333,0.219035,1.00147
251,-0.00387079,0.211636,0.998143
251,0.130726,0.186814,0.98061
251,0.0597338,0.168932,1.00872
251,0.0605632,0.174923,0.990005
251,0.0957383,0.162247,0.985079
251,0.0557875,0.159365,1.00308
251,-0.0423413,0.172515,1.02122
251,0.0968722,0.146452,0.98448
251,0.13499,0.132143,0.972596
251,0.0306712,0.102223,0.981729
251,0.0344049,0.0816982,0.984681
251,0.143508,0.0595229,0.97443
251,0.0224982,0.0481847,1.00428
251,0.0216656,0.0278597,0.98452
251,-0.113745,0.0377006,1.00179
251,0.0222928,-0.0158884,0.989268
251,-0.181707,0.0125307,0.985796
251,0.0402258,-0.0866415,0.982193
251,0.0429612,-0.0957161,0.981167
251,-0.136958,-0.356393,0.881043
251,0.10599,-0.670377,0.666346
251,-0.225594,-0.871274,0.820596
251,-0.281478,-0.88474,0.882461
251,-0.254122,-0.895005,0.880087
251,-0.279947,-0.84319,0.740876
251,-0.265835,-0.869369,0.805492
251,-0.29049,-0.83597,0.711573
251,-0.258521,-0.870837,0.791189
251,-0.288304,-0.861725,0.776075
251,-0.256054,-0.852255,0.715067
251,-0.264369,-0.850146,0.70706
251,-0.669996,-1.0463,0.446558
251,-0.586711,-1.82791,0.837287
251,0.0908802,-1.88479,0.237995
251,0.0111169,-2.02603,0.253152
251,0.176589,-2.08984,0.0702602
251,0.183836,-2.21414,0.0178585
251,-0.913636,-2.10027,0.219023
251,-0.858223,-2.21929,0.476266
251,-0.863174,-2.27419,0.63084
251,-0.49399,-2.31424,0.503608
251,-0.85787,-2.18806,0.363375
251,-0.490608,-2.26446,0.347287
251,-0.519404,-2.33982,0.568673
251,-0.49444,-2.28991,0.388551
251,-0.491524,-2.25227,0.276949
251,-0.521049,-2.29545,0.397447
251,-0.49209,-2.34789,0.51324
251,-0.492513,-2.3521,0.523903
251,-0.496247,-2.30863,0.393968
251,-0.49991,-2.35045,0.510165
251,-0.848905,-2.24695,0.419555
251,-0.853978,-2.30279,0.57623
251,-0.808012,-2.31381,0.573881
251,-0.582065,-2.32683,0.458764
251,-0.852134,-2.30875,0.574156
251,-0.938686,-2.15363,0.180945
251,-0.884678,-2.32424,0.626719
251,-0.573605,-2.31667,0.403857
251,-0.872902,-2.29205,0.513591
251,-0.807859,-2.26507,0.390081
251,-0.54545,-2.33776,0.430427
251,-0.60114,-2.33758,0.447076
251,-0.88047,-2.22425,0.29655
251,-0.599146,-2.30261,0.332684
251,-0.575413,-2.30087,0.308614
251,-0.695036,-2.30144,0.381249
251,-0.901507,-2.3369,0.604724
251,-0.655592,-2.31625,0.388785
251,-0.536377,-2.36912,0.447778
251,-0.876032,-2.23803,0.279667
251,-0.818616,-2.25393,0.288168
251,-0.803887,-2.41375,0.734818
251,-0.544323,-2.38397,0.477679
251,-0.534738,-2.33406,0.325068
251,-0.674894,-2.30509,0.330191
251,-0.537254,-2.36459,0.412908
251,-0.581138,-2.35881,0.423936
251,-0.580899,-2.34898,0.38646
251,-0.535109,-2.33018,0.30186
251,-0.812782,-2.21699,0.152483
251,-0.773791,-2.32873,0.447126
251,-0.875311,-2.23367,0.234487
251,-0.579754,-2.32465,0.302589
251,-0.544425,-2.36239,0.383139
251,-0.773261,-2.29695,0.330572
251,-0.864508,-2.21852,0.14999
251,-0.877223,-2.36154,0.566307
251,-0.64444,-2.3684,0.420265
251,-0.702848,-2.26585,0.137566
251,-0.768344,-2.379,0.50034
251,-0.618158,-2.37329,0.378594
251,-0.828208,-2.3148,0.341079
251,-0.837073,-2.37441,0.515388
251,-0.872915,-2.25866,0.203544
251,-0.851804,-2.40763,0.615771
251,-0.825213,-2.35499,0.435599
251,-0.768472,-2.34774,0.377332
251,-0.761473,-2.31271,0.271089
251,-0.784997,-2.36031,0.42043
251,-0.909115,-2.36768,0.516462
251,-0.764776,-2.34674,0.363343
251,-0.781798,-2.38705,0.488445
251,-0.784351,-2.34371,0.363884
251,-0.891441,-2.24487,0.147529
251,-0.650083,-2.35276,0.304135
251,-0.716656,-2.38395,0.426631
251,-0.910132,-2.36112,0.481679
251,-0.886669,-2.35591,0.446726
251,-0.715874,-2.36769,0.372347
251,-0.911006,-2.33884,0.389743
251,-0.911514,-2.33398,0.36645
251,-0.712863,-2.35625,0.301547
251,-0.766961,-2.43095,0.538432
251,-0.764885,-2.39541,0.42521
251,-0.937573,-2.42642,0.575174
251,-0.790588,-2.34334,0.202169
251,-0.959969,-2.58038,0.6615
251,-1.01311,-2.69271,0.702114
251,-1.10078,-2.82963,1.14654
251,-1.07828,-2.84423,0.943551
251,-0.105031,-3.08638,-0.163941
251,-2.06804,-2.80425,-0.0221516
251,-0.115862,-3.38852,0.126583
251,-0.20789,-4.33443,-0.152618
251,-0.389634,-6.86729,-0.294651
251,0.0453364,-1.96518,0.258776
245,0.0453364,-1.96518,0.258776
251,-0.172774,-2.12792,0.0977434
245,-0.172774,-2.12792,0.0977434
251,0.0692602,-2.07573,0.167517
245,0.0692602,-2.07573,0.167517
251,-0.588769,-2.33269,0.172695
244,-0.588769,-2.33269,0.172695
251,-0.688847,-2.32357,0.585711
244,-0.688847,-2.32357,0.585711
251,0.0297578,-2.15611,0.745313
246,0.0297578,-2.15611,0.745313
251,0.0590261,-1.7646,0.35158
246,0.0590261,-1.7646,0.35158
251,-0.00357219,-2.40147,0.699459
246,-0.00357219,-2.40147,0.699459
251,-2.03581,-2.67544,1.28914
246,-2.03581,-2.67544,1.28914
252,0.133424,0.229518,0.992222
252,0.00648554,0.240716,0.996533
252,-0.0265088,0.229134,0.992899
252,0.105451,0.195786,0.996852
252,0.105621,0.1949,0.996739
252,0.109663,0.177294,0.997638
252,0.0933008,0.16982,0.993814
252,0.0472956,0.152657,1.002
252,0.0441007,0.146092,0.998194
252,0.0393704,0.145286,0.998967
252,0.0134299,0.137855,1.00086
252,0.0653864,0.112714,1.01337
252,0.0433078,0.112936,1.00871
252,0.102336,0.107026,0.974167
252,0.029101,0.106031,0.996108
252,0.00171362,0.107174,1.00674
252,0.0354912,0.101447,0.995668
252,0.0276877,0.102369,0.993659
252,0.0285203,0.102071,0.987599
252,-0.003245,0.0847813,0.994748
252,0.0362988,0.0720951,0.992257
252,0.0562875,0.0648918,0.993332
252,0.0144038,0.0432974,1.00288
252,0.0244336,0.0387741,0.996305
252,0.0122803,0.00325221,0.997311
252,0.0111492,-0.00387794,0.992647
252,0.159785,-0.0505701,0.969314
252,0.0385926,-0.480317,0.752405
252,0.193794,-0.732414,1.09373
252,-0.226762,-0.878435,0.871175
252,-0.242728,-0.883521,0.874645
252,-0.267196,-0.86617,0.821884
252,-0.273199,-0.871904,0.8238
252,0.0329893,-2.27427,1.0003
252,-0.478857,-2.16377,0.19994
252,-0.485036,-2.19894,0.236235
252,-0.557449,-2.18744,0.188723
252,-0.861402,-2.19288,0.378504
252,-0.566905,-2.27599,0.399665
252,-0.563364,-2.22594,0.249561
252,-0.49312,-2.33453,0.482519
252,-0.528901,-2.35618,0.558913
252,-0.501874,-2.35076,0.518214
252,-0.597866,-2.35295,0.573689
252,-0.542269,-2.28844,0.330976
252,-0.597614,-2.30176,0.398581
252,-0.811605,-2.32274,0.587946
252,-0.857105,-2.29102,0.522501
252,-0.588184,-2.37253,0.583226
252,-0.85728,-2.25896,0.408069
252,-0.503115,-2.36992,0.487067
252,-0.517559,-2.34798,0.420098
252,-0.814857,-2.29302,0.448416
252,-0.884098,-2.22312,0.293123
252,-0.517479,-2.4157,0.594161
252,-0.582588,-2.37003,0.486692
252,-0.525292,-2.37217,0.456601
252,-0.718234,-2.37103,0.569685
252,-0.58426,-2.29175,0.255686
252,-0.536562,-2.3287,0.328459
252,-0.768143,-2.28005,0.335153
252,-0.592746,-2.36332,0.458529
252,-0.878862,-2.27818,0.395247
252,-0.593784,-2.41147,0.575621
252,-0.819908,-2.27416,0.328796
252,-0.656737,-2.41043,0.574853
252,-0.614315,-2.33402,0.325558
252,-0.619344,-2.39591,0.489913
252,-0.647345,-2.36045,0.388384
252,-0.64616,-2.34145,0.332956
252,-0.822749,-2.29862,0.319571
252,-0.657351,-2.35239,0.360101
252,-0.832088,-2.35022,0.460495
252,-0.659144,-2.39471,0.476266
252,-0.659213,-2.37927,0.417509
252,-0.70704,-2.34055,0.332308
252,-0.658441,-2.36102,0.359397
252,-0.8308,-2.29638,0.282524
252,-0.899159,-2.29903,0.331987
252,-0.880786,-2.29163,0.283123
252,-0.761318,-2.35593,0.380852
252,-0.927967,-2.30519,0.277732
252,-0.790757,-2.39,0.413365
252,-0.936678,-2.42112,0.580327
252,-0.935317,-2.38496,0.466993
252,-2.06136,-2.74304,1.47288
252,-2.12991,-2.83318,1.50106
252,-0.172874,-4.04947,0.391467
252,-0.210773,-4.577,0.205027
252,-0.874306,-2.37512,0.3173
244,-0.874306,-2.37512,0.3173
252,-0.677878,-2.28565,0.601781
244,-0.677878,-2.28565,0.601781
252,0.0764184,-2.15639,0.973471
246,0.0764184,-2.15639,0.973471
252,-0.762405,-2.4738,0.323146
234,-0.762405,-2.4738,0.323146
253,0.0372602,0.154759,0.999917
253,0.0348849,0.148241,0.994753
253,0.0298833,0.139472,0.985925
253,0.0843519,0.100882,0.990302
253,0.0289838,0.11396,0.975968
253,-0.139235,-0.0757807,0.958894
253,-0.158373,-0.13102,0.973165
253,-0.165217,-0.139209,0.971091
253,-0.117777,-0.400112,0.958579
253,-0.262663,-0.477341,0.852713
253,0.109815,-0.466569,0.554995
253,-0.211392,-0.800655,0.732956
253,-0.240903,-0.874381,0.838958
253,-0.26184,-0.866573,0.829334
253,-0.264561,-0.871797,0.839541
253,-0.227108,-0.86577,0.797768
253,-0.270031,-0.881041,0.866107
253,-0.260602,-0.87072,0.825323
253,-0.284503,-0.842015,0.760299
253,-0.263411,-0.881651,0.840393
253,-0.291628,-0.874348,0.82417
253,-0.264921,-0.857002,0.737195
253,0.123952,-0.955994,0.246075
253,-0.0329258,-2.19037,0.304731
253,-0.508106,-2.29902,0.522969
253,-0.57539,-2.2702,0.48245
253,-0.484184,-2.33675,0.604915
253,-0.509042,-2.322,0.575509
253,-0.490538,-2.33661,0.602943
253,-0.554552,-2.26367,0.4123
253,-0.507717,-2.25599,0.34288
253,-0.559433,-2.2497,0.347518
253,-0.562085,-2.28922,0.457565
253,-0.485847,-2.35423,0.589675
253,-0.500361,-2.35484,0.512651
253,-0.593939,-2.36568,0.579544
253,-0.493238,-2.36783,0.519265
253,-0.49292,-2.35714,0.482884
253,-0.758403,-2.33904,0.504711
253,-0.76724,-2.36505,0.580532
253,-0.742418,-2.34628,0.511598
253,-0.758115,-2.3068,0.394132
253,-0.602293,-2.37852,0.495168
253,-0.638281,-2.3935,0.550784
253,-0.76826,-2.35585,0.522355
253,-0.602612,-2.36467,0.439194
253,-0.660995,-2.37375,0.496301
253,-0.901845,-2.29104,0.414216
253,-0.702855,-2.36392,0.490754
253,-0.589134,-2.37663,0.448072
253,-0.860983,-2.321,0.458154
253,-0.661597,-2.3604,0.440053
253,-0.657924,-2.38911,0.514383
253,-0.609383,-2.37731,0.447823
253,-0.881529,-2.36112,0.568347
253,-0.879149,-2.32228,0.457749
253,-0.831792,-2.3373,0.454024
253,-0.852601,-2.39676,0.628586
253,-0.893996,-2.34576,0.511733
253,-0.891385,-2.30532,0.397813
253,-0.883296,-2.33063,0.446902
253,-0.892025,-2.2866,0.327726
253,-0.883491,-2.31547,0.39304
253,-0.84397,-2.37343,0.496285
253,-0.927396,-2.39263,0.600031
253,-0.829792,-2.36553,0.457127
253,-0.834775,-2.41279,0.570502
253,-0.996743,-2.283,0.301901
253,-0.891824,-2.38575,0.515394
253,-0.867048,-2.42165,0.577312
253,-0.865229,-2.39225,0.493705
253,-0.842268,-2.40482,0.510047
253,-0.842291,-2.37104,0.392452
253,-0.839719,-2.35879,0.332057
253,-0.905559,-2.38462,0.420304
253,-0.930362,-2.37352,0.386171
253,-0.934335,-2.3698,0.35618
253,-0.886211,-2.51116,0.655057
253,-0.959753,-2.47273,0.570954
253,-1.02866,-2.4152,0.246377
253,-1.8453,-2.46846,0.173229
253,-0.945833,-3.07527,0.110525
244,-0.945833,-3.07527,0.110525
253,-0.606291,-2.39902,0.43926
244,-0.606291,-2.39902,0.43926
253,-0.86842,-2.37419,0.371305
245,-0.86842,-2.37419,0.371305
253,-0.880348,-2.32693,0.459384
245,-0.880348,-2.32693,0.459384
253,0.0228928,-1.71109,0.692385
246,0.0228928,-1.71109,0.692385
253,-0.511122,-1.94506,0.618294
246,-0.511122,-1.94506,0.618294
254,0.0267706,0.139514,0.99442
254,0.0434183,0.164108,0.912374
254,0.0310563,0.125921,0.993074
254,0.16291,0.00157273,0.995211
254,0.158316,-0.00225496,0.994937
254,0.158159,-0.00236148,0.99377
254,-0.114397,-0.401442,0.961053
254,-0.112287,-0.401855,0.957807
254,0.161467,-0.450312,0.800277
254,0.169129,-0.483847,0.592249
254,-0.271058,-0.850212,0.827572
254,-0.221816,-0.870421,0.847665
254,-0.258652,-0.868929,0.852908
254,-0.25122,-0.866121,0.829836
254,-0.010836,-2.35832,0.972576
254,-0.0179166,-2.25803,0.616008
254,-0.49887,-2.29478,0.532844
254,-0.637864,-2.2598,0.470906
254,-0.573349,-2.33133,0.623163
254,-0.637365,-2.24528,0.427
254,-0.565475,-2.29733,0.519525
254,-0.687385,-2.27632,0.514488
254,-0.632356,-2.29694,0.519938
254,-0.633611,-2.29926,0.512796
254,-0.569355,-2.29793,0.469839
254,-0.694304,-2.31725,0.576422
254,-0.700944,-2.31889,0.508461
254,-0.911562,-2.33858,0.612606
254,-0.781464,-2.33451,0.51188
254,-0.712629,-2.38821,0.613704
254,-0.783503,-2.36006,0.576236
254,-0.807828,-2.34584,0.522907
254,-0.771013,-2.35436,0.507193
254,-0.775928,-2.37995,0.571972
254,-0.913934,-2.33729,0.511871
254,-0.910228,-2.37701,0.614302
254,-0.893221,-2.37164,0.57201
254,-0.829079,-2.39373,0.583696
254,-0.957365,-2.30336,0.410577
254,-0.884998,-2.36704,0.526971
254,-0.886532,-2.3625,0.498304
254,-0.855005,-2.40502,0.548038
254,-0.92216,-2.38069,0.516146
254,-0.96811,-2.33096,0.4101
254,-0.920693,-2.33943,0.400946
254,-0.857898,-2.43081,0.566042
254,-0.898567,-2.42451,0.567755
254,-0.91099,-2.4164,0.507322
254,-0.944475,-2.40415,0.488722
254,-0.931301,-2.43499,0.503178
254,-0.904893,-3.61478,-0.807538
254,-0.367842,-3.71558,-1.38082
254,-0.642068,-3.90369,-1.78583
254,-0.509678,-5.83014,-2.97019
254,-0.706991,-2.32108,0.516671
245,-0.706991,-2.32108,0.516671
254,-0.020699,-2.47189,0.692979
246,-0.020699,-2.47189,0.692979
255,0.164881,0.276125,1.00932
255,0.0119325,0.043071,0.972362
255,-0.0675321,-0.396072,0.919626
255,-0.155456,-0.826083,0.812796
255,-0.265664,-0.843781,0.820377
255,-0.0416402,-0.828201,0.520017
255,0.26552,-1.11641,0.536951
255,0.314729,-1.08622,0.2091
255,0.338647,-1.26955,0.481652
255,-0.627915,-1.16781,0.693566
255,0.432269,-1.92533,-0.134428
255,-0.0124347,-2.18502,0.52567
255,-0.0298835,-2.24424,0.563354
255,-0.484606,-2.23932,0.489176
255,-0.490341,-2.27657,0.538343
255,-0.493642,-2.30461,0.590019
255,-0.557087,-2.32672,0.609572
255,-0.520195,-2.33068,0.585172
255,-0.520606,-2.33222,0.58487
255,-0.495096,-2.37031,0.609441
255,-0.596635,-2.3465,0.601925
255,-0.634191,-2.34411,0.607335
255,-0.585905,-2.34025,0.569188
255,-0.584377,-2.32462,0.508977
255,-0.645503,-2.34805,0.583285
255,-0.754387,-2.3117,0.521054
255,-0.807999,-2.32315,0.518925
255,-0.814193,-2.35148,0.58471
255,-0.701677,-2.38183,0.596569
255,-0.934282,-2.3887,0.598445
255,-0.923602,-2.4031,0.609551
255,-0.906217,-2.40406,0.558459
255,-0.939952,-4.40797,-1.52919
255,0.268145,-7.95387,-2.99695
255,0.289336,-8.73722,-3.38923
255,0.425179,-12.2488,-5.46506
255,-4.92102,-11.1848,-6.06687
255,0.467216,-18.3276,-8.58002
255,-0.00689572,-2.11402,0.801606
250,-0.00689572,-2.11402,0.801606
255,0.285668,-0.352202,0.798896
246,0.285668,-0.352202,0.798896
256,0.0212666,-0.0322739,1.0131
256,0.111842,-0.0919221,0.653916
256,0.256887,-0.402279,0.605199
256,-0.055042,-0.746788,0.707421
256,0.110639,-0.649913,0.362689
256,-0.0734885,-0.728135,0.624409
256,-0.0794068,-0.768341,0.608644
256,-0.0787687,-0.769855,0.60995
256,-0.230402,-0.846307,0.863385
256,0.30723,-0.975735,0.531107
256,0.16984,-0.894076,0.365097
256,-0.0846248,-0.974046,0.62941
256,0.28647,-1.03639,0.479721
256,-0.0982989,-1.04876,0.601895
256,-0.158788,-1.6372,0.401192
256,-0.166298,-1.72521,0.372173
256,0.505482,-1.74715,-0.17952
256,0.137757,-1.86098,0.200256
256,-0.453997,-2.15873,0.64704
256,-0.594892,-2.20074,0.61675
256,-0.804458,-2.30142,0.647182
256,-0.839911,-2.36347,0.650143
256,0.159094,-2.41448,-0.227353
256,0.0903964,-2.43787,-0.317426
256,0.150595,-2.6028,-0.30055
256,-0.549063,-2.8433,0.0457004
256,0.0885941,-2.9603,-0.234383
256,0.861603,-4.06359,-1.64
256,-0.973519,-4.09541,-1.16691
256,-0.681604,-4.57918,-0.157459
256,-0.188144,-5.7181,-1.31727
256,-0.833642,-5.96637,-4.15169
256,-0.0608819,-7.15859,-1.96917
256,-1.64345,-6.97762,-1.85685
256,-0.113492,-8.30962,-2.42439
257,0.216591,-0.0110447,0.729257
257,0.222899,-0.223745,0.682062
257,0.155013,-1.46252,0.318627
257,0.2131,-1.59159,0.306583
257,0.152338,-1.58558,0.264291
257,0.448121,-1.68049,0.108624
257,0.387757,-1.52947,-0.301815
257,0.212292,-1.92431,0.165435
257,0.222459,-2.21196,-0.316779
257,-0.198663,-2.42508,-0.0423459
257,0.176586,-2.57319,-0.302296
257,0.255047,-2.67923,-0.495925
257,0.349117,-2.87767,-0.176501
257,0.318497,-2.76602,-0.482721
257,0.147062,-2.71668,-0.549879
257,-0.306151,-5.70395,-0.90403
257,-0.729298,-9.8175,-2.65484
257,-0.912718,-11.6313,-3.28117
257,-1.05763,-13.8078,-4.28333
257,2.5796,-13.5102,-10.2172
257,-1.80851,-25.8558,-13.2709
257,-1.70138,-27.6941,-13.2905
257,0.197511,-0.0710303,0.883131
246,0.197511,-0.0710303,0.883131
258,0.0385274,-0.902677,0.741014
258,-0.283092,-1.42644,0.558293
258,-0.380191,-1.80398,0.465591
258,-0.298272,-1.91488,0.582838
258,-0.233799,-1.96111,0.373738
258,-0.234556,-2.1528,0.58941
258,-0.597249,-1.78173,-0.28929
258,0.0854225,-2.39301,1.01556
258,-0.311176,-2.09029,0.311454
258,-0.599064,-2.00228,-0.00551343
258,-0.296367,-2.35846,0.25414
258,-0.357882,-2.58467,0.0479503
258,-1.87441,-2.55609,0.856334
258,-0.434008,-2.62139,0.146505
258,-0.838714,-2.97367,-0.402564
258,-0.770836,-3.19832,-0.210799
258,-0.819265,-3.42603,-0.488043
258,-0.566863,-4.0725,-0.803217
258,-2.90052,-6.46621,-0.503494
258,-2.70969,-6.24322,-1.67704
258,-2.84602,-6.53362,-1.80171
258,0.209481,0.0217308,0.907787
254,0.209481,0.0217308,0.907787
258,0.14451,0.0713339,1.00241
254,0.14451,0.0713339,1.00241
258,0.15708,-0.000251136,0.985949
254,0.15708,-0.000251136,0.985949
259,0.196412,0.451072,1.09346
259,0.0999892,0.368798,0.888206
259,0.23992,0.264349,0.993068
259,0.236125,0.253627,0.987803
259,0.156516,0.129736,1.01859
259,0.202522,0.062375,0.853527
259,0.251448,-0.0261079,0.842447
259,0.319805,-0.105773,0.886842
259,0.308981,-0.263857,0.814107
259,-0.122301,-1.07663,0.568702
259,0.222047,-1.36725,0.384453
259,-1.65043,-7.1916,-1.95402
259,-10.8488,-18.496,-8.45924
259,-0.0197087,-0.283275,1.02115
248,-0.0197087,-0.283275,1.02115
260,0.420582,0.525568,1.34801
260,0.431216,0.534318,1.19152
260,0.417038,0.444228,1.16414
260,0.406828,0.425956,1.14781
260,0.503665,0.110309,1.06886
260,0.499366,-0.00888324,1.01049
260,0.0775045,-0.454367,0.935832
260,0.524162,-0.658827,0.994606
260,-0.0743487,-1.01191,0.70361
260,0.412527,-1.76117,1.39665
260,0.184085,-1.65428,0.636125
260,-0.259776,-1.57228,0.509154
260,-0.495894,-1.79823,1.18807
260,-0.145554,-2.3098,0.445814
260,-0.742322,-2.89039,0.217589
260,-0.709853,-3.66928,-0.158471
260,-1.29233,-4.95863,-0.188094
260,-1.07803,-5.04463,-0.612327
260,0.351139,-1.40855,0.182812
259,0.351139,-1.40855,0.182812
261,0.510573,0.806689,1.20091
261,0.634953,0.670816,1.40022
261,0.638925,0.618992,1.31928
261,0.609353,0.571804,1.24801
261,0.537706,0.490004,1.41904
261,0.596039,0.473933,1.15319
261,0.551241,0.420057,1.28801
261,0.540677,0.298706,1.23552
261,0.702785,0.15461,1.11699
261,0.503388,0.157966,1.20423
261,0.662818,0.018833,1.27909
261,0.457332,-0.667782,0.862277
261,0.390272,-0.914306,0.938885
261,0.0311254,-1.06391,0.56813
261,0.0190008,-1.13201,0.540434
261,0.350686,-1.48587,0.623613
261,-1.28176,-1.77318,1.34953
261,-1.32631,-1.81215,1.36035
261,0.233071,-2.21155,-0.926814
261,-0.336819,-3.27492,-0.185136
261,-2.17548,-16.3247,-3.4386
262,1.07702,1.94408,1.7751
262,1.16151,1.9575,1.62702
262,0.970911,1.72538,1.74188
262,0.879645,1.79035,1.59058
262,0.973544,1.67131,1.74254
262,0.976238,1.72315,1.57601
262,0.899854,1.60947,1.72182
262,0.955844,1.63202,1.54445
262,0.95436,1.61869,1.54142
262,0.938689,1.53033,1.71396
262,0.874153,1.5186,1.71366
262,0.941383,1.52548,1.44841
262,0.857554,1.39747,1.69894
262,1.04817,1.27872,1.46099
262,1.07429,1.08108,1.36415
262,1.03723,0.887077,1.54673
262,0.306907,1.04697,1.10925
262,1.0686,0.472439,1.3856
262,0.873035,-0.25126,1.02289
262,0.972252,-0.561028,1.81047
262,0.965177,-0.562179,1.8141
262,-0.481442,-0.0309229,0.451732
262,0.76528,-0.752439,0.911224
262,0.0781817,-1.72019,0.52985
263,1.12453,2.31483,1.78056
263,0.998374,1.94342,1.7062
263,1.14839,1.66018,1.57961
263,0.937497,1.53734,1.60928
263,0.924907,1.52368,1.62426
263,1.13865,1.27976,1.66886
263,0.413537,1.42157,1.23225
263,1.20279,1.06771,1.5711
263,0.776477,1.12413,1.42288
263,0.987101,0.897571,1.26464
263,0.818093,0.782365,1.441
263,0.941515,0.6841,1.30029
263,0.629612,0.615602,1.62374
263,0.511815,-0.104914,1.54368
263,0.834888,-0.0892265,1.17568
263,0.154255,-0.242877,1.72865
263,0.643278,-0.304719,0.90007
263,-0.864288,-0.377647,1.78729
263,0.612146,-0.546052,1.13364
263,0.550203,-0.563828,1.0446
263,0.749086,-0.605511,0.895187
263,0.878734,-1.17684,0.525793
263,0.620052,-1.44971,0.484006
263,0.507383,-1.71421,0.276278
263,-1.69809,-2.23856,0.771806
263,-1.79299,-2.26757,0.856664
263,-1.79629,-2.36408,0.615969
263,-1.88317,-4.62667,-0.799155
263,-2.77557,-12.1849,-0.236791
263,-3.6546,-15.0282,-0.813763
263,-2.56783,-17.7957,-0.979761
263,-0.975461,-7.12443,-1.882
261,-0.975461,-7.12443,-1.882
263,-4.06598,-9.27945,-2.51818
260,-4.06598,-9.27945,-2.51818
