num_seq = 1
file name: dataset-MH04_stereo_imu
Loading images for sequence 0...LOADED!
Loading IMU for sequence 0...LOADED!

-------

ORB-SLAM3 Copyright (C) 2017-2020 Carlos Campos, Richard Elvira, Juan J. Gómez, José M.M. Montiel and Juan D. Tardós, University of Zaragoza.
ORB-SLAM2 Copyright (C) 2014-2016 Raúl Mur-Artal, José M.M. Montiel and Juan D. Tardós, University of Zaragoza.
This program comes with ABSOLUTELY NO WARRANTY;
This is free software, and you are welcome to redistribute it
under certain conditions. See LICENSE.txt.

Built with REGISTER_TIMES
Git Commit Hash: c2409e6

Build Type: Release

Compiled with C++ version: 201703

Input sensor was set to: Stereo-Inertial
Loading settings from ./Examples/Stereo-Inertial/EuRoC_pid_deadlines.yaml
	-Loaded camera 1
	-Loaded camera 2
	-Loaded image info
	-Loaded IMU calibration
	-Loaded ORB settings
	-Loaded viewer settings
	-Loaded Atlas settings
Deadlines enabled, will skip frames!
PID SLAM enabled!
	-Loaded misc parameters
	-Computed rectification maps
----------------------------------
SLAM settings: 
	-Camera 1 parameters (Pinhole): [ 458.65399169921875 457.29598999023438 367.21499633789062 248.375 ]
	-Camera 1 distortion parameters: [  -0.28340810537338257 0.073959067463874817 0.00019359000725671649 1.7618711353861727e-05 ]
	-Camera 2 parameters (Pinhole: [ 457.58700561523438 456.13400268554688 379.99899291992188 255.23800659179688 ]
	-Camera 1 distortion parameters: [  -0.2836836576461792 0.074512839317321777 -0.00010473000293131918 -3.555907096597366e-05 ]
	-Original image size: [ 752 , 480 ]
	-Current image size: [ 752 , 480 ]
	-Camera 1 parameters after rectification: [  456.71499633789062 456.71499633789062 364.52615356445312 257.268798828125 ]
	-Sequence FPS: 20
	-Stereo baseline: 0.11007784307003021
	-Stereo depth threshold : 60
	-Gyro noise: 0.00016999999934341758
	-Accelerometer noise: 0.0020000000949949026
	-Gyro walk: 1.9392999092815444e-05
	-Accelerometer walk: 0.0030000000260770321
	-IMU frequency: 200
	-Features per image: 1200
	-ORB scale factor: 1.2000000476837158
	-ORB number of scales: 8
	-Initial FAST threshold: 20
	-Min FAST threshold: 7


Loading ORB Vocabulary. This could take a while...
Vocabulary loaded!

Initialization of Atlas from scratch 
Creation of new map with id: 0
Creation of new map with last KF id: 0
Seq. Name: 
There are 1 cameras in the atlas
Camera 0 is pinhole
SLAM Started at System Time: 1748961320.21298
not IMU meas
not IMU meas
[MF-SEL] tPrev=(  d=0.000000  dMin=0.000000  dAvg=0.000000  dMax=0.000000  Dlo=0.000000  Dhi=0.000000  err=0.000000  inc=0.000000  bucket 0->0  (mf=1000)
not enough acceleration
[MF-SEL] tPrev=(  d=0.000000  dMin=0.000000  dAvg=0.000000  dMax=0.000000  Dlo=0.000000  Dhi=0.000000  err=0.000000  inc=0.000000  bucket 0->0  (mf=1000)
not enough acceleration
[MF-SEL] tPrev=(  d=0.000000  dMin=0.000000  dAvg=0.000000  dMax=0.000000  Dlo=0.000000  Dhi=0.000000  err=0.000000  inc=0.000000  bucket 0->0  (mf=1000)
not enough acceleration
[MF-SEL] tPrev=(  d=0.000000  dMin=0.000000  dAvg=0.000000  dMax=0.000000  Dlo=0.000000  Dhi=0.000000  err=0.000000  inc=0.000000  bucket 0->0  (mf=1000)
not enough acceleration
[MF-SEL] tPrev=(  d=0.000000  dMin=0.000000  dAvg=0.000000  dMax=0.000000  Dlo=0.000000  Dhi=0.000000  err=0.000000  inc=0.000000  bucket 0->0  (mf=1000)
not enough acceleration
[MF-SEL] tPrev=(  d=0.000000  dMin=0.000000  dAvg=0.000000  dMax=0.000000  Dlo=0.000000  Dhi=0.000000  err=0.000000  inc=0.000000  bucket 0->0  (mf=1000)
not enough acceleration
[MF-SEL] tPrev=(  d=0.000000  dMin=0.000000  dAvg=0.000000  dMax=0.000000  Dlo=0.000000  Dhi=0.000000  err=0.000000  inc=0.000000  bucket 0->0  (mf=1000)
not enough acceleration
[MF-SEL] tPrev=(  d=0.000000  dMin=0.000000  dAvg=0.000000  dMax=0.000000  Dlo=0.000000  Dhi=0.000000  err=0.000000  inc=0.000000  bucket 0->0  (mf=1000)
not enough acceleration
[MF-SEL] tPrev=(  d=0.000000  dMin=0.000000  dAvg=0.000000  dMax=0.000000  Dlo=0.000000  Dhi=0.000000  err=0.000000  inc=0.000000  bucket 0->0  (mf=1000)
not enough acceleration
[MF-SEL] tPrev=(  d=0.000000  dMin=0.000000  dAvg=0.000000  dMax=0.000000  Dlo=0.000000  Dhi=0.000000  err=0.000000  inc=0.000000  bucket 0->0  (mf=1000)
not enough acceleration
[MF-SEL] tPrev=(  d=0.000000  dMin=0.000000  dAvg=0.000000  dMax=0.000000  Dlo=0.000000  Dhi=0.000000  err=0.000000  inc=0.000000  bucket 0->0  (mf=1000)
not enough acceleration
[MF-SEL] tPrev=(  d=0.000000  dMin=0.000000  dAvg=0.000000  dMax=0.000000  Dlo=0.000000  Dhi=0.000000  err=0.000000  inc=0.000000  bucket 0->0  (mf=1000)
not enough acceleration
[MF-SEL] tPrev=(  d=0.000000  dMin=0.000000  dAvg=0.000000  dMax=0.000000  Dlo=0.000000  Dhi=0.000000  err=0.000000  inc=0.000000  bucket 0->0  (mf=1000)
not enough acceleration
[MF-SEL] tPrev=(  d=0.000000  dMin=0.000000  dAvg=0.000000  dMax=0.000000  Dlo=0.000000  Dhi=0.000000  err=0.000000  inc=0.000000  bucket 0->0  (mf=1000)
not enough acceleration
[MF-SEL] tPrev=(  d=0.000000  dMin=0.000000  dAvg=0.000000  dMax=0.000000  Dlo=0.000000  Dhi=0.000000  err=0.000000  inc=0.000000  bucket 0->0  (mf=1000)
not enough acceleration
[MF-SEL] tPrev=(  d=0.000000  dMin=0.000000  dAvg=0.000000  dMax=0.000000  Dlo=0.000000  Dhi=0.000000  err=0.000000  inc=0.000000  bucket 0->0  (mf=1000)
not enough acceleration
[MF-SEL] tPrev=(  d=0.000000  dMin=0.000000  dAvg=0.000000  dMax=0.000000  Dlo=0.000000  Dhi=0.000000  err=0.000000  inc=0.000000  bucket 0->0  (mf=1000)
not enough acceleration
[MF-SEL] tPrev=(  d=0.000000  dMin=0.000000  dAvg=0.000000  dMax=0.000000  Dlo=0.000000  Dhi=0.000000  err=0.000000  inc=0.000000  bucket 0->0  (mf=1000)
not enough acceleration
[MF-SEL] tPrev=(  d=0.000000  dMin=0.000000  dAvg=0.000000  dMax=0.000000  Dlo=0.000000  Dhi=0.000000  err=0.000000  inc=0.000000  bucket 0->0  (mf=1000)
not enough acceleration
[MF-SEL] tPrev=(  d=0.000000  dMin=0.000000  dAvg=0.000000  dMax=0.000000  Dlo=0.000000  Dhi=0.000000  err=0.000000  inc=0.000000  bucket 0->0  (mf=1000)
not enough acceleration
[MF-SEL] tPrev=(  d=0.000000  dMin=0.000000  dAvg=0.000000  dMax=0.000000  Dlo=0.000000  Dhi=0.000000  err=0.000000  inc=0.000000  bucket 0->0  (mf=1000)
not enough acceleration
[MF-SEL] tPrev=(  d=0.000000  dMin=0.000000  dAvg=0.000000  dMax=0.000000  Dlo=0.000000  Dhi=0.000000  err=0.000000  inc=0.000000  bucket 0->0  (mf=1000)
not enough acceleration
[MF-SEL] tPrev=(  d=0.000000  dMin=0.000000  dAvg=0.000000  dMax=0.000000  Dlo=0.000000  Dhi=0.000000  err=0.000000  inc=0.000000  bucket 0->0  (mf=1000)
not enough acceleration
[MF-SEL] tPrev=(  d=0.000000  dMin=0.000000  dAvg=0.000000  dMax=0.000000  Dlo=0.000000  Dhi=0.000000  err=0.000000  inc=0.000000  bucket 0->0  (mf=1000)
not enough acceleration
[MF-SEL] tPrev=(  d=0.000000  dMin=0.000000  dAvg=0.000000  dMax=0.000000  Dlo=0.000000  Dhi=0.000000  err=0.000000  inc=0.000000  bucket 0->0  (mf=1000)
not enough acceleration
[MF-SEL] tPrev=(  d=0.000000  dMin=0.000000  dAvg=0.000000  dMax=0.000000  Dlo=0.000000  Dhi=0.000000  err=0.000000  inc=0.000000  bucket 0->0  (mf=1000)
not enough acceleration
[MF-SEL] tPrev=(  d=0.000000  dMin=0.000000  dAvg=0.000000  dMax=0.000000  Dlo=0.000000  Dhi=0.000000  err=0.000000  inc=0.000000  bucket 0->0  (mf=1000)
not enough acceleration
[MF-SEL] tPrev=(  d=0.000000  dMin=0.000000  dAvg=0.000000  dMax=0.000000  Dlo=0.000000  Dhi=0.000000  err=0.000000  inc=0.000000  bucket 0->0  (mf=1000)
not enough acceleration
[MF-SEL] tPrev=(  d=0.000000  dMin=0.000000  dAvg=0.000000  dMax=0.000000  Dlo=0.000000  Dhi=0.000000  err=0.000000  inc=0.000000  bucket 0->0  (mf=1000)
not enough acceleration
[MF-SEL] tPrev=(  d=0.000000  dMin=0.000000  dAvg=0.000000  dMax=0.000000  Dlo=0.000000  Dhi=0.000000  err=0.000000  inc=0.000000  bucket 0->0  (mf=1000)
not enough acceleration
[MF-SEL] tPrev=(  d=0.000000  dMin=0.000000  dAvg=0.000000  dMax=0.000000  Dlo=0.000000  Dhi=0.000000  err=0.000000  inc=0.000000  bucket 0->0  (mf=1000)
First KF:0; Map init KF:0
New Map created with 119 points
Active map: 0
[MF-SEL] tPrev=(  d=0.000000  dMin=0.000000  dAvg=0.000000  dMax=0.000000  Dlo=0.000000  Dhi=0.000000  err=1.000000  inc=0.902497  bucket 0->1  (mf=900)
[MF-SEL] tPrev=(  d=0.001266  dMin=0.000000  dAvg=0.000037  dMax=0.001266  Dlo=0.000019  Dhi=0.000651  err=1.000000  inc=0.605584  bucket 1->2  (mf=800)
[MF-SEL] tPrev=(  d=0.004920  dMin=0.000000  dAvg=0.000177  dMax=0.004920  Dlo=0.000088  Dhi=0.002548  err=1.000000  inc=0.607774  bucket 2->3  (mf=700)
[MF-SEL] tPrev=(  d=0.004351  dMin=0.000000  dAvg=0.000293  dMax=0.004920  Dlo=0.000146  Dhi=0.002606  err=1.000000  inc=0.610241  bucket 3->4  (mf=600)
[MF-SEL] tPrev=(  d=0.000809  dMin=0.000000  dAvg=0.000307  dMax=0.004920  Dlo=0.000153  Dhi=0.002613  err=0.000000  inc=-0.324846  bucket 4->4  (mf=600)
[MF-SEL] tPrev=(  d=0.001409  dMin=0.000000  dAvg=0.000336  dMax=0.004920  Dlo=0.000168  Dhi=0.002628  err=0.000000  inc=0.010241  bucket 4->4  (mf=600)
[MF-SEL] tPrev=(  d=0.003112  dMin=0.000000  dAvg=0.000407  dMax=0.004920  Dlo=0.000203  Dhi=0.002664  err=1.000000  inc=0.919686  bucket 4->5  (mf=510)
[MF-SEL] tPrev=(  d=0.006813  dMin=0.000000  dAvg=0.000567  dMax=0.006813  Dlo=0.000284  Dhi=0.003690  err=1.000000  inc=0.615291  bucket 5->5  (mf=510)
[MF-SEL] tPrev=(  d=0.041520  dMin=0.000000  dAvg=0.001566  dMax=0.041520  Dlo=0.000783  Dhi=0.021543  err=1.000000  inc=0.617707  bucket 5->5  (mf=510)
[MF-SEL] tPrev=(  d=0.026865  dMin=0.000000  dAvg=0.002168  dMax=0.041520  Dlo=0.001084  Dhi=0.021844  err=1.000000  inc=0.620239  bucket 5->5  (mf=510)
[MF-SEL] tPrev=(  d=0.014183  dMin=0.000000  dAvg=0.002448  dMax=0.041520  Dlo=0.001224  Dhi=0.021984  err=0.000000  inc=-0.303425  bucket 5->5  (mf=510)
[MF-SEL] tPrev=(  d=0.019188  dMin=0.000000  dAvg=0.002828  dMax=0.041520  Dlo=0.001414  Dhi=0.022174  err=0.000000  inc=0.020239  bucket 5->5  (mf=510)
[MF-SEL] tPrev=(  d=0.005733  dMin=0.000000  dAvg=0.002893  dMax=0.041520  Dlo=0.001446  Dhi=0.022207  err=0.000000  inc=0.020239  bucket 5->5  (mf=510)
[MF-SEL] tPrev=(  d=0.005950  dMin=0.000000  dAvg=0.002959  dMax=0.041520  Dlo=0.001480  Dhi=0.022240  err=0.000000  inc=0.020239  bucket 5->5  (mf=510)
[MF-SEL] tPrev=(  d=0.005928  dMin=0.000000  dAvg=0.003022  dMax=0.041520  Dlo=0.001511  Dhi=0.022271  err=0.000000  inc=0.020239  bucket 5->5  (mf=510)
[MF-SEL] tPrev=(  d=0.003102  dMin=0.000000  dAvg=0.003024  dMax=0.041520  Dlo=0.001512  Dhi=0.022272  err=0.000000  inc=0.020239  bucket 5->5  (mf=510)
[MF-SEL] tPrev=(  d=0.012903  dMin=0.000000  dAvg=0.003226  dMax=0.041520  Dlo=0.001613  Dhi=0.022373  err=0.000000  inc=0.020239  bucket 5->5  (mf=510)
[MF-SEL] tPrev=(  d=0.007747  dMin=0.000000  dAvg=0.003316  dMax=0.041520  Dlo=0.001658  Dhi=0.022418  err=0.000000  inc=0.020239  bucket 5->5  (mf=510)
[MF-SEL] tPrev=(  d=0.008690  dMin=0.000000  dAvg=0.003421  dMax=0.041520  Dlo=0.001711  Dhi=0.022471  err=0.000000  inc=0.020239  bucket 5->5  (mf=510)
[MF-SEL] tPrev=(  d=0.008813  dMin=0.000000  dAvg=0.003525  dMax=0.041520  Dlo=0.001763  Dhi=0.022523  err=0.000000  inc=0.020239  bucket 5->5  (mf=510)
[MF-SEL] tPrev=(  d=0.010556  dMin=0.000000  dAvg=0.003658  dMax=0.041520  Dlo=0.001829  Dhi=0.022589  err=0.000000  inc=0.020239  bucket 5->5  (mf=510)
[MF-SEL] tPrev=(  d=0.039327  dMin=0.000000  dAvg=0.004318  dMax=0.041520  Dlo=0.002159  Dhi=0.022919  err=1.000000  inc=0.935814  bucket 5->5  (mf=510)
[MF-SEL] tPrev=(  d=0.016653  dMin=0.000000  dAvg=0.004543  dMax=0.041520  Dlo=0.002271  Dhi=0.023031  err=0.000000  inc=-0.297863  bucket 5->5  (mf=510)
[MF-SEL] tPrev=(  d=0.022799  dMin=0.000000  dAvg=0.004869  dMax=0.041520  Dlo=0.002434  Dhi=0.023194  err=0.000000  inc=0.022795  bucket 5->5  (mf=510)
[MF-SEL] tPrev=(  d=0.017240  dMin=0.000000  dAvg=0.005086  dMax=0.041520  Dlo=0.002543  Dhi=0.023303  err=0.000000  inc=0.022795  bucket 5->5  (mf=510)
[MF-SEL] tPrev=(  d=0.022962  dMin=0.000000  dAvg=0.005394  dMax=0.041520  Dlo=0.002697  Dhi=0.023457  err=0.000000  inc=0.022795  bucket 5->5  (mf=510)
[MF-SEL] tPrev=(  d=0.024403  dMin=0.000000  dAvg=0.005716  dMax=0.041520  Dlo=0.002858  Dhi=0.023618  err=1.000000  inc=0.956260  bucket 5->5  (mf=510)
[MF-SEL] tPrev=(  d=0.020888  dMin=0.000000  dAvg=0.005969  dMax=0.041520  Dlo=0.002984  Dhi=0.023745  err=0.000000  inc=-0.304262  bucket 5->5  (mf=510)
[MF-SEL] tPrev=(  d=0.022253  dMin=0.000000  dAvg=0.006236  dMax=0.041520  Dlo=0.003118  Dhi=0.023878  err=0.000000  inc=0.025212  bucket 5->5  (mf=510)
[MF-SEL] tPrev=(  d=0.021792  dMin=0.000000  dAvg=0.006487  dMax=0.041520  Dlo=0.003243  Dhi=0.024004  err=0.000000  inc=0.025212  bucket 5->5  (mf=510)
[MF-SEL] tPrev=(  d=0.043548  dMin=0.000000  dAvg=0.007075  dMax=0.043548  Dlo=0.003538  Dhi=0.025312  err=1.000000  inc=0.940199  bucket 5->5  (mf=510)
[MF-SEL] tPrev=(  d=0.080417  dMin=0.000000  dAvg=0.008221  dMax=0.080417  Dlo=0.004110  Dhi=0.044319  err=1.000000  inc=0.630362  bucket 5->5  (mf=510)
[MF-SEL] tPrev=(  d=0.018004  dMin=0.000000  dAvg=0.008371  dMax=0.080417  Dlo=0.004186  Dhi=0.044394  err=0.000000  inc=-0.289787  bucket 5->5  (mf=510)
[MF-SEL] tPrev=(  d=0.021730  dMin=0.000000  dAvg=0.008574  dMax=0.080417  Dlo=0.004287  Dhi=0.044495  err=0.000000  inc=0.030362  bucket 5->5  (mf=510)
[MF-SEL] tPrev=(  d=0.023579  dMin=0.000000  dAvg=0.008798  dMax=0.080417  Dlo=0.004399  Dhi=0.044607  err=0.000000  inc=0.030362  bucket 5->5  (mf=510)
[MF-SEL] tPrev=(  d=0.032409  dMin=0.000000  dAvg=0.009145  dMax=0.080417  Dlo=0.004573  Dhi=0.044781  err=0.000000  inc=0.030362  bucket 5->5  (mf=510)
[MF-SEL] tPrev=(  d=0.039892  dMin=0.000000  dAvg=0.009591  dMax=0.080417  Dlo=0.004795  Dhi=0.045004  err=0.000000  inc=0.030362  bucket 5->5  (mf=510)
[MF-SEL] tPrev=(  d=0.002617  dMin=0.000000  dAvg=0.009491  dMax=0.080417  Dlo=0.004746  Dhi=0.044954  err=-1.000000  inc=-0.861939  bucket 5->4  (mf=600)
[MF-SEL] tPrev=(  d=0.062766  dMin=0.000000  dAvg=0.010241  dMax=0.080417  Dlo=0.005121  Dhi=0.045329  err=1.000000  inc=1.250623  bucket 4->5  (mf=510)
[MF-SEL] tPrev=(  d=0.001591  dMin=0.000000  dAvg=0.010121  dMax=0.080417  Dlo=0.005061  Dhi=0.045269  err=-1.000000  inc=-1.215994  bucket 5->4  (mf=600)
[MF-SEL] tPrev=(  d=0.008119  dMin=0.000000  dAvg=0.010094  dMax=0.080417  Dlo=0.005047  Dhi=0.045255  err=0.000000  inc=0.326802  bucket 4->4  (mf=600)
[MF-SEL] tPrev=(  d=0.042244  dMin=0.000000  dAvg=0.010528  dMax=0.080417  Dlo=0.005264  Dhi=0.045472  err=0.000000  inc=0.027692  bucket 4->4  (mf=600)
[MF-SEL] tPrev=(  d=0.007804  dMin=0.000000  dAvg=0.010492  dMax=0.080417  Dlo=0.005246  Dhi=0.045454  err=0.000000  inc=0.027692  bucket 4->4  (mf=600)
[MF-SEL] tPrev=(  d=0.013877  dMin=0.000000  dAvg=0.010537  dMax=0.080417  Dlo=0.005268  Dhi=0.045477  err=0.000000  inc=0.027692  bucket 4->4  (mf=600)
[MF-SEL] tPrev=(  d=0.006384  dMin=0.000000  dAvg=0.010483  dMax=0.080417  Dlo=0.005241  Dhi=0.045450  err=0.000000  inc=0.027692  bucket 4->4  (mf=600)
[MF-SEL] tPrev=(  d=0.008890  dMin=0.000000  dAvg=0.010462  dMax=0.080417  Dlo=0.005231  Dhi=0.045439  err=0.000000  inc=0.027692  bucket 4->4  (mf=600)
[MF-SEL] tPrev=(  d=0.024345  dMin=0.000000  dAvg=0.010638  dMax=0.080417  Dlo=0.005319  Dhi=0.045527  err=0.000000  inc=0.027692  bucket 4->4  (mf=600)
[MF-SEL] tPrev=(  d=0.862557  dMin=0.000000  dAvg=0.021287  dMax=0.862557  Dlo=0.010643  Dhi=0.441922  err=1.000000  inc=0.918810  bucket 4->5  (mf=510)
[MF-SEL] tPrev=(  d=0.013806  dMin=0.000000  dAvg=0.021195  dMax=0.862557  Dlo=0.010597  Dhi=0.441876  err=0.000000  inc=-0.291891  bucket 5->5  (mf=510)
[MF-SEL] tPrev=(  d=0.013668  dMin=0.000000  dAvg=0.021103  dMax=0.862557  Dlo=0.010551  Dhi=0.441830  err=0.000000  inc=0.030466  bucket 5->5  (mf=510)
[MF-SEL] tPrev=(  d=0.053412  dMin=0.000000  dAvg=0.021492  dMax=0.862557  Dlo=0.010746  Dhi=0.442024  err=0.000000  inc=0.030466  bucket 5->5  (mf=510)
[MF-SEL] tPrev=(  d=0.013998  dMin=0.000000  dAvg=0.021403  dMax=0.862557  Dlo=0.010701  Dhi=0.441980  err=0.000000  inc=0.030466  bucket 5->5  (mf=510)
[MF-SEL] tPrev=(  d=0.015707  dMin=0.000000  dAvg=0.021336  dMax=0.862557  Dlo=0.010668  Dhi=0.441946  err=0.000000  inc=0.030466  bucket 5->5  (mf=510)
[MF-SEL] tPrev=(  d=0.016514  dMin=0.000000  dAvg=0.021280  dMax=0.862557  Dlo=0.010640  Dhi=0.441918  err=0.000000  inc=0.030466  bucket 5->5  (mf=510)
[MF-SEL] tPrev=(  d=0.017406  dMin=0.000000  dAvg=0.021235  dMax=0.862557  Dlo=0.010618  Dhi=0.441896  err=0.000000  inc=0.030466  bucket 5->5  (mf=510)
[MF-SEL] tPrev=(  d=0.017713  dMin=0.000000  dAvg=0.021195  dMax=0.862557  Dlo=0.010598  Dhi=0.441876  err=0.000000  inc=0.030466  bucket 5->5  (mf=510)
[MF-SEL] tPrev=(  d=0.018632  dMin=0.000000  dAvg=0.021166  dMax=0.862557  Dlo=0.010583  Dhi=0.441862  err=0.000000  inc=0.030466  bucket 5->5  (mf=510)
[MF-SEL] tPrev=(  d=0.065074  dMin=0.000000  dAvg=0.021654  dMax=0.862557  Dlo=0.010827  Dhi=0.442106  err=0.000000  inc=0.030466  bucket 5->5  (mf=510)
[MF-SEL] tPrev=(  d=0.020494  dMin=0.000000  dAvg=0.021641  dMax=0.862557  Dlo=0.010821  Dhi=0.442099  err=0.000000  inc=0.030466  bucket 5->5  (mf=510)
[MF-SEL] tPrev=(  d=0.020241  dMin=0.000000  dAvg=0.021626  dMax=0.862557  Dlo=0.010813  Dhi=0.442092  err=0.000000  inc=0.030466  bucket 5->5  (mf=510)
[MF-SEL] tPrev=(  d=0.018655  dMin=0.000000  dAvg=0.021594  dMax=0.862557  Dlo=0.010797  Dhi=0.442076  err=0.000000  inc=0.030466  bucket 5->5  (mf=510)
[MF-SEL] tPrev=(  d=0.016270  dMin=0.000000  dAvg=0.021538  dMax=0.862557  Dlo=0.010769  Dhi=0.442047  err=0.000000  inc=0.030466  bucket 5->5  (mf=510)
[MF-SEL] tPrev=(  d=0.047308  dMin=0.000000  dAvg=0.021809  dMax=0.862557  Dlo=0.010904  Dhi=0.442183  err=0.000000  inc=0.030466  bucket 5->5  (mf=510)
[MF-SEL] tPrev=(  d=0.008943  dMin=0.000000  dAvg=0.021675  dMax=0.862557  Dlo=0.010837  Dhi=0.442116  err=-1.000000  inc=-0.889468  bucket 5->4  (mf=600)
[MF-SEL] tPrev=(  d=0.004141  dMin=0.000000  dAvg=0.021494  dMax=0.862557  Dlo=0.010747  Dhi=0.442025  err=-1.000000  inc=-0.574582  bucket 4->3  (mf=700)
[MF-SEL] tPrev=(  d=0.016225  dMin=0.000000  dAvg=0.021440  dMax=0.862557  Dlo=0.010720  Dhi=0.441999  err=0.000000  inc=0.337012  bucket 3->3  (mf=700)
[MF-SEL] tPrev=(  d=0.014064  dMin=0.000000  dAvg=0.021366  dMax=0.862557  Dlo=0.010683  Dhi=0.441961  err=0.000000  inc=0.025418  bucket 3->3  (mf=700)
[MF-SEL] tPrev=(  d=0.021858  dMin=0.000000  dAvg=0.021371  dMax=0.862557  Dlo=0.010685  Dhi=0.441964  err=0.000000  inc=0.025418  bucket 3->3  (mf=700)
[MF-SEL] tPrev=(  d=0.027052  dMin=0.000000  dAvg=0.021427  dMax=0.862557  Dlo=0.010714  Dhi=0.441992  err=0.000000  inc=0.025418  bucket 3->3  (mf=700)
[MF-SEL] tPrev=(  d=0.030011  dMin=0.000000  dAvg=0.021511  dMax=0.862557  Dlo=0.010756  Dhi=0.442034  err=0.000000  inc=0.025418  bucket 3->3  (mf=700)
[MF-SEL] tPrev=(  d=0.031624  dMin=0.000000  dAvg=0.021609  dMax=0.862557  Dlo=0.010805  Dhi=0.442083  err=0.000000  inc=0.025418  bucket 3->3  (mf=700)
[MF-SEL] tPrev=(  d=0.032620  dMin=0.000000  dAvg=0.021715  dMax=0.862557  Dlo=0.010858  Dhi=0.442136  err=0.000000  inc=0.025418  bucket 3->3  (mf=700)
[MF-SEL] tPrev=(  d=0.023738  dMin=0.000000  dAvg=0.021735  dMax=0.862557  Dlo=0.010867  Dhi=0.442146  err=0.000000  inc=0.025418  bucket 3->3  (mf=700)
[MF-SEL] tPrev=(  d=0.031761  dMin=0.000000  dAvg=0.021829  dMax=0.862557  Dlo=0.010915  Dhi=0.442193  err=0.000000  inc=0.025418  bucket 3->3  (mf=700)
[MF-SEL] tPrev=(  d=0.029527  dMin=0.000000  dAvg=0.021901  dMax=0.862557  Dlo=0.010951  Dhi=0.442229  err=0.000000  inc=0.025418  bucket 3->3  (mf=700)
[MF-SEL] tPrev=(  d=0.022640  dMin=0.000000  dAvg=0.021908  dMax=0.862557  Dlo=0.010954  Dhi=0.442232  err=0.000000  inc=0.025418  bucket 3->3  (mf=700)
[MF-SEL] tPrev=(  d=0.020105  dMin=0.000000  dAvg=0.021891  dMax=0.862557  Dlo=0.010946  Dhi=0.442224  err=0.000000  inc=0.025418  bucket 3->3  (mf=700)
[MF-SEL] tPrev=(  d=0.016723  dMin=0.000000  dAvg=0.021844  dMax=0.862557  Dlo=0.010922  Dhi=0.442201  err=0.000000  inc=0.025418  bucket 3->3  (mf=700)
[MF-SEL] tPrev=(  d=0.013584  dMin=0.000000  dAvg=0.021770  dMax=0.862557  Dlo=0.010885  Dhi=0.442163  err=0.000000  inc=0.025418  bucket 3->3  (mf=700)
[MF-SEL] tPrev=(  d=0.010384  dMin=0.000000  dAvg=0.021668  dMax=0.862557  Dlo=0.010834  Dhi=0.442113  err=-1.000000  inc=-0.894360  bucket 3->2  (mf=800)
[MF-SEL] tPrev=(  d=0.006320  dMin=0.000000  dAvg=0.021532  dMax=0.862557  Dlo=0.010766  Dhi=0.442045  err=-1.000000  inc=-0.579709  bucket 2->1  (mf=900)
Dropping frame 1403638132.945097
[MF-SEL] tPrev=(  d=0.003123  dMin=0.000000  dAvg=0.021371  dMax=0.862557  Dlo=0.010685  Dhi=0.441964  err=-1.000000  inc=-0.584488  bucket 1->0  (mf=1000)
[MF-SEL] tPrev=(  d=0.008201  dMin=0.000000  dAvg=0.021256  dMax=0.862557  Dlo=0.010628  Dhi=0.441907  err=-1.000000  inc=-0.587276  bucket 0->0  (mf=1000)
[MF-SEL] tPrev=(  d=0.012154  dMin=0.000000  dAvg=0.021178  dMax=0.862557  Dlo=0.010589  Dhi=0.441867  err=0.000000  inc=0.389002  bucket 0->0  (mf=1000)
[MF-SEL] tPrev=(  d=0.019834  dMin=0.000000  dAvg=0.021167  dMax=0.862557  Dlo=0.010583  Dhi=0.441862  err=0.000000  inc=0.012724  bucket 0->0  (mf=1000)
Dropping frame 1403638133.195097
[MF-SEL] tPrev=(  d=0.036303  dMin=0.000000  dAvg=0.021295  dMax=0.862557  Dlo=0.010647  Dhi=0.441926  err=0.000000  inc=0.012724  bucket 0->0  (mf=1000)
[MF-SEL] tPrev=(  d=0.022425  dMin=0.000000  dAvg=0.021304  dMax=0.862557  Dlo=0.010652  Dhi=0.441931  err=0.000000  inc=0.012724  bucket 0->0  (mf=1000)
[MF-SEL] tPrev=(  d=0.024716  dMin=0.000000  dAvg=0.021333  dMax=0.862557  Dlo=0.010666  Dhi=0.441945  err=0.000000  inc=0.012724  bucket 0->0  (mf=1000)
[MF-SEL] tPrev=(  d=0.033457  dMin=0.000000  dAvg=0.021433  dMax=0.862557  Dlo=0.010716  Dhi=0.441995  err=0.000000  inc=0.012724  bucket 0->0  (mf=1000)
[MF-SEL] tPrev=(  d=0.027667  dMin=0.000000  dAvg=0.021484  dMax=0.862557  Dlo=0.010742  Dhi=0.442020  err=0.000000  inc=0.012724  bucket 0->0  (mf=1000)
Dropping frame 1403638133.495097
[MF-SEL] tPrev=(  d=0.049554  dMin=0.000000  dAvg=0.021712  dMax=0.862557  Dlo=0.010856  Dhi=0.442135  err=0.000000  inc=0.012724  bucket 0->0  (mf=1000)
[MF-SEL] tPrev=(  d=0.025844  dMin=0.000000  dAvg=0.021746  dMax=0.862557  Dlo=0.010873  Dhi=0.442151  err=0.000000  inc=0.012724  bucket 0->0  (mf=1000)
[MF-SEL] tPrev=(  d=0.024392  dMin=0.000000  dAvg=0.021767  dMax=0.862557  Dlo=0.010883  Dhi=0.442162  err=0.000000  inc=0.012724  bucket 0->0  (mf=1000)
[MF-SEL] tPrev=(  d=0.017451  dMin=0.000000  dAvg=0.021732  dMax=0.862557  Dlo=0.010866  Dhi=0.442145  err=0.000000  inc=0.012724  bucket 0->0  (mf=1000)
[MF-SEL] tPrev=(  d=0.022586  dMin=0.000000  dAvg=0.021739  dMax=0.862557  Dlo=0.010870  Dhi=0.442148  err=0.000000  inc=0.012724  bucket 0->0  (mf=1000)
[MF-SEL] tPrev=(  d=0.020953  dMin=0.000000  dAvg=0.021733  dMax=0.862557  Dlo=0.010867  Dhi=0.442145  err=0.000000  inc=0.012724  bucket 0->0  (mf=1000)
[MF-SEL] tPrev=(  d=0.016235  dMin=0.000000  dAvg=0.021690  dMax=0.862557  Dlo=0.010845  Dhi=0.442124  err=0.000000  inc=0.012724  bucket 0->0  (mf=1000)
Dropping frame 1403638133.895097
[MF-SEL] tPrev=(  d=0.023970  dMin=0.000000  dAvg=0.021708  dMax=0.862557  Dlo=0.010854  Dhi=0.442132  err=0.000000  inc=0.012724  bucket 0->0  (mf=1000)
[MF-SEL] tPrev=(  d=0.010257  dMin=0.000000  dAvg=0.021621  dMax=0.862557  Dlo=0.010810  Dhi=0.442089  err=-1.000000  inc=-0.926420  bucket 0->0  (mf=1000)
[MF-SEL] tPrev=(  d=0.009220  dMin=0.000000  dAvg=0.021527  dMax=0.862557  Dlo=0.010763  Dhi=0.442042  err=-1.000000  inc=-0.592122  bucket 0->0  (mf=1000)
Dropping frame 1403638134.095097
start VIBA 1
[MF-SEL] tPrev=(  d=0.027861  dMin=0.000000  dAvg=0.021574  dMax=0.862557  Dlo=0.010787  Dhi=0.442066  err=0.000000  inc=0.186699  bucket 0->0  (mf=1000)
[MF-SEL] tPrev=(  d=0.018588  dMin=0.000000  dAvg=0.021552  dMax=0.862557  Dlo=0.010776  Dhi=0.442054  err=0.000000  inc=0.007878  bucket 0->0  (mf=1000)
end VIBA 1
[MF-SEL] tPrev=(  d=0.022841  dMin=0.000000  dAvg=0.021561  dMax=0.862557  Dlo=0.010781  Dhi=0.442059  err=0.000000  inc=0.007878  bucket 0->0  (mf=1000)
[MF-SEL] tPrev=(  d=0.023663  dMin=0.000000  dAvg=0.021577  dMax=0.862557  Dlo=0.010788  Dhi=0.442067  err=0.000000  inc=0.007878  bucket 0->0  (mf=1000)
[MF-SEL] tPrev=(  d=0.025278  dMin=0.000000  dAvg=0.021604  dMax=0.862557  Dlo=0.010802  Dhi=0.442080  err=0.000000  inc=0.007878  bucket 0->0  (mf=1000)
[MF-SEL] tPrev=(  d=0.050292  dMin=0.000000  dAvg=0.021812  dMax=0.862557  Dlo=0.010906  Dhi=0.442184  err=0.000000  inc=0.007878  bucket 0->0  (mf=1000)
Dropping frame 1403638134.445097
[MF-SEL] tPrev=(  d=0.050949  dMin=0.000000  dAvg=0.022021  dMax=0.862557  Dlo=0.011011  Dhi=0.442289  err=0.000000  inc=0.007878  bucket 0->0  (mf=1000)
Dropping frame 1403638134.545097
[MF-SEL] tPrev=(  d=0.055157  dMin=0.000000  dAvg=0.022258  dMax=0.862557  Dlo=0.011129  Dhi=0.442407  err=0.000000  inc=0.007878  bucket 0->0  (mf=1000)
Dropping frame 1403638134.645097
[MF-SEL] tPrev=(  d=0.046796  dMin=0.000000  dAvg=0.022432  dMax=0.862557  Dlo=0.011216  Dhi=0.442495  err=0.000000  inc=0.007878  bucket 0->0  (mf=1000)
[MF-SEL] tPrev=(  d=0.023050  dMin=0.000000  dAvg=0.022437  dMax=0.862557  Dlo=0.011218  Dhi=0.442497  err=0.000000  inc=0.007878  bucket 0->0  (mf=1000)
[MF-SEL] tPrev=(  d=0.022218  dMin=0.000000  dAvg=0.022435  dMax=0.862557  Dlo=0.011218  Dhi=0.442496  err=0.000000  inc=0.007878  bucket 0->0  (mf=1000)
[MF-SEL] tPrev=(  d=0.021253  dMin=0.000000  dAvg=0.022427  dMax=0.862557  Dlo=0.011213  Dhi=0.442492  err=0.000000  inc=0.007878  bucket 0->0  (mf=1000)
Dropping frame 1403638134.895097
[MF-SEL] tPrev=(  d=0.034859  dMin=0.000000  dAvg=0.022513  dMax=0.862557  Dlo=0.011256  Dhi=0.442535  err=0.000000  inc=0.007878  bucket 0->0  (mf=1000)
Dropping frame 1403638134.995097
[MF-SEL] tPrev=(  d=0.028531  dMin=0.000000  dAvg=0.022554  dMax=0.862557  Dlo=0.011277  Dhi=0.442555  err=0.000000  inc=0.007878  bucket 0->0  (mf=1000)
Dropping frame 1403638135.095097
[MF-SEL] tPrev=(  d=0.021157  dMin=0.000000  dAvg=0.022544  dMax=0.862557  Dlo=0.011272  Dhi=0.442551  err=0.000000  inc=0.007878  bucket 0->0  (mf=1000)
[MF-SEL] tPrev=(  d=0.006908  dMin=0.000000  dAvg=0.022439  dMax=0.862557  Dlo=0.011219  Dhi=0.442498  err=-1.000000  inc=-0.910887  bucket 0->0  (mf=1000)
[MF-SEL] tPrev=(  d=0.005656  dMin=0.000000  dAvg=0.022326  dMax=0.862557  Dlo=0.011163  Dhi=0.442441  err=-1.000000  inc=-0.596791  bucket 0->0  (mf=1000)
[MF-SEL] tPrev=(  d=0.023807  dMin=0.000000  dAvg=0.022336  dMax=0.862557  Dlo=0.011168  Dhi=0.442446  err=0.000000  inc=0.338122  bucket 0->0  (mf=1000)
[MF-SEL] tPrev=(  d=0.009393  dMin=0.000000  dAvg=0.022250  dMax=0.862557  Dlo=0.011125  Dhi=0.442403  err=-1.000000  inc=-0.951503  bucket 0->0  (mf=1000)
Dropping frame 1403638135.395097
[MF-SEL] tPrev=(  d=0.027348  dMin=0.000000  dAvg=0.022284  dMax=0.862557  Dlo=0.011142  Dhi=0.442420  err=0.000000  inc=0.164164  bucket 0->0  (mf=1000)
[MF-SEL] tPrev=(  d=0.016673  dMin=0.000000  dAvg=0.022247  dMax=0.862557  Dlo=0.011123  Dhi=0.442402  err=0.000000  inc=0.000939  bucket 0->0  (mf=1000)
[MF-SEL] tPrev=(  d=0.017149  dMin=0.000000  dAvg=0.022214  dMax=0.862557  Dlo=0.011107  Dhi=0.442385  err=0.000000  inc=0.000939  bucket 0->0  (mf=1000)
Dropping frame 1403638135.595097
[MF-SEL] tPrev=(  d=0.028636  dMin=0.000000  dAvg=0.022255  dMax=0.862557  Dlo=0.011128  Dhi=0.442406  err=0.000000  inc=0.000939  bucket 0->0  (mf=1000)
[MF-SEL] tPrev=(  d=0.022151  dMin=0.000000  dAvg=0.022255  dMax=0.862557  Dlo=0.011127  Dhi=0.442406  err=0.000000  inc=0.000939  bucket 0->0  (mf=1000)
[MF-SEL] tPrev=(  d=0.021706  dMin=0.000000  dAvg=0.022251  dMax=0.862557  Dlo=0.011126  Dhi=0.442404  err=0.000000  inc=0.000939  bucket 0->0  (mf=1000)
Dropping frame 1403638135.795097
[MF-SEL] tPrev=(  d=0.038893  dMin=0.000000  dAvg=0.022356  dMax=0.862557  Dlo=0.011178  Dhi=0.442457  err=0.000000  inc=0.000939  bucket 0->0  (mf=1000)
Dropping frame 1403638135.895097
[MF-SEL] tPrev=(  d=0.043706  dMin=0.000000  dAvg=0.022491  dMax=0.862557  Dlo=0.011245  Dhi=0.442524  err=0.000000  inc=0.000939  bucket 0->0  (mf=1000)
Dropping frame 1403638135.995097
[MF-SEL] tPrev=(  d=0.045076  dMin=0.000000  dAvg=0.022632  dMax=0.862557  Dlo=0.011316  Dhi=0.442594  err=0.000000  inc=0.000939  bucket 0->0  (mf=1000)
Dropping frame 1403638136.095097
[MF-SEL] tPrev=(  d=0.062136  dMin=0.000000  dAvg=0.022877  dMax=0.862557  Dlo=0.011439  Dhi=0.442717  err=0.000000  inc=0.000939  bucket 0->0  (mf=1000)
[MF-SEL] tPrev=(  d=0.028529  dMin=0.000000  dAvg=0.022912  dMax=0.862557  Dlo=0.011456  Dhi=0.442734  err=0.000000  inc=0.000939  bucket 0->0  (mf=1000)
[MF-SEL] tPrev=(  d=0.028023  dMin=0.000000  dAvg=0.022944  dMax=0.862557  Dlo=0.011472  Dhi=0.442750  err=0.000000  inc=0.000939  bucket 0->0  (mf=1000)
Dropping frame 1403638136.295097
[MF-SEL] tPrev=(  d=0.035170  dMin=0.000000  dAvg=0.023018  dMax=0.862557  Dlo=0.011509  Dhi=0.442787  err=0.000000  inc=0.000939  bucket 0->0  (mf=1000)
[MF-SEL] tPrev=(  d=0.022722  dMin=0.000000  dAvg=0.023016  dMax=0.862557  Dlo=0.011508  Dhi=0.442787  err=0.000000  inc=0.000939  bucket 0->0  (mf=1000)
[MF-SEL] tPrev=(  d=0.019083  dMin=0.000000  dAvg=0.022993  dMax=0.862557  Dlo=0.011496  Dhi=0.442775  err=0.000000  inc=0.000939  bucket 0->0  (mf=1000)
Dropping frame 1403638136.495097
[MF-SEL] tPrev=(  d=0.018996  dMin=0.000000  dAvg=0.022969  dMax=0.862557  Dlo=0.011484  Dhi=0.442763  err=0.000000  inc=0.000939  bucket 0->0  (mf=1000)
[MF-SEL] tPrev=(  d=0.006170  dMin=0.000000  dAvg=0.022869  dMax=0.862557  Dlo=0.011434  Dhi=0.442713  err=-1.000000  inc=-0.914608  bucket 0->0  (mf=1000)
[MF-SEL] tPrev=(  d=0.008772  dMin=0.000000  dAvg=0.022785  dMax=0.862557  Dlo=0.011393  Dhi=0.442671  err=-1.000000  inc=-0.603525  bucket 0->0  (mf=1000)
Dropping frame 1403638136.695097
[MF-SEL] tPrev=(  d=0.042845  dMin=0.000000  dAvg=0.022903  dMax=0.862557  Dlo=0.011452  Dhi=0.442730  err=0.000000  inc=0.150130  bucket 0->0  (mf=1000)
Dropping frame 1403638136.795097
[MF-SEL] tPrev=(  d=0.036766  dMin=0.000000  dAvg=0.022984  dMax=0.862557  Dlo=0.011492  Dhi=0.442771  err=0.000000  inc=-0.003525  bucket 0->0  (mf=1000)
[MF-SEL] tPrev=(  d=0.020343  dMin=0.000000  dAvg=0.022969  dMax=0.862557  Dlo=0.011484  Dhi=0.442763  err=0.000000  inc=-0.003525  bucket 0->0  (mf=1000)
Dropping frame 1403638136.945097
[MF-SEL] tPrev=(  d=0.058268  dMin=0.000000  dAvg=0.023173  dMax=0.862557  Dlo=0.011587  Dhi=0.442865  err=0.000000  inc=-0.003525  bucket 0->0  (mf=1000)
[MF-SEL] tPrev=(  d=0.021452  dMin=0.000000  dAvg=0.023163  dMax=0.862557  Dlo=0.011582  Dhi=0.442860  err=0.000000  inc=-0.003525  bucket 0->0  (mf=1000)
[MF-SEL] tPrev=(  d=0.022221  dMin=0.000000  dAvg=0.023158  dMax=0.862557  Dlo=0.011579  Dhi=0.442857  err=0.000000  inc=-0.003525  bucket 0->0  (mf=1000)
[MF-SEL] tPrev=(  d=0.022998  dMin=0.000000  dAvg=0.023157  dMax=0.862557  Dlo=0.011578  Dhi=0.442857  err=0.000000  inc=-0.003525  bucket 0->0  (mf=1000)
Dropping frame 1403638137.195097
[MF-SEL] tPrev=(  d=0.055196  dMin=0.000000  dAvg=0.023338  dMax=0.862557  Dlo=0.011669  Dhi=0.442947  err=0.000000  inc=-0.003525  bucket 0->0  (mf=1000)
[MF-SEL] tPrev=(  d=0.022472  dMin=0.000000  dAvg=0.023333  dMax=0.862557  Dlo=0.011666  Dhi=0.442945  err=0.000000  inc=-0.003525  bucket 0->0  (mf=1000)
Dropping frame 1403638137.345097
[MF-SEL] tPrev=(  d=0.043870  dMin=0.000000  dAvg=0.023448  dMax=0.862557  Dlo=0.011724  Dhi=0.443002  err=0.000000  inc=-0.003525  bucket 0->0  (mf=1000)
[MF-SEL] tPrev=(  d=0.035182  dMin=0.000000  dAvg=0.023513  dMax=0.862557  Dlo=0.011756  Dhi=0.443035  err=0.000000  inc=-0.003525  bucket 0->0  (mf=1000)
[MF-SEL] tPrev=(  d=0.019711  dMin=0.000000  dAvg=0.023492  dMax=0.862557  Dlo=0.011746  Dhi=0.443024  err=0.000000  inc=-0.003525  bucket 0->0  (mf=1000)
Dropping frame 1403638137.545097
[MF-SEL] tPrev=(  d=0.035970  dMin=0.000000  dAvg=0.023560  dMax=0.862557  Dlo=0.011780  Dhi=0.443059  err=0.000000  inc=-0.003525  bucket 0->0  (mf=1000)
Dropping frame 1403638137.645097
[MF-SEL] tPrev=(  d=0.024974  dMin=0.000000  dAvg=0.023568  dMax=0.862557  Dlo=0.011784  Dhi=0.443062  err=0.000000  inc=-0.003525  bucket 0->0  (mf=1000)
Dropping frame 1403638137.745097
[MF-SEL] tPrev=(  d=0.018047  dMin=0.000000  dAvg=0.023538  dMax=0.862557  Dlo=0.011769  Dhi=0.443047  err=0.000000  inc=-0.003525  bucket 0->0  (mf=1000)
[MF-SEL] tPrev=(  d=0.007646  dMin=0.000000  dAvg=0.023452  dMax=0.862557  Dlo=0.011726  Dhi=0.443005  err=-1.000000  inc=-0.948912  bucket 0->0  (mf=1000)
[MF-SEL] tPrev=(  d=0.007430  dMin=0.000000  dAvg=0.023366  dMax=0.862557  Dlo=0.011683  Dhi=0.442961  err=-1.000000  inc=-0.608289  bucket 0->0  (mf=1000)
[MF-SEL] tPrev=(  d=0.006751  dMin=0.000000  dAvg=0.023277  dMax=0.862557  Dlo=0.011639  Dhi=0.442917  err=-1.000000  inc=-0.610814  bucket 0->0  (mf=1000)
[MF-SEL] tPrev=(  d=0.007162  dMin=0.000000  dAvg=0.023192  dMax=0.862557  Dlo=0.011596  Dhi=0.442874  err=-1.000000  inc=-0.613082  bucket 0->0  (mf=1000)
[MF-SEL] tPrev=(  d=0.003599  dMin=0.000000  dAvg=0.023088  dMax=0.862557  Dlo=0.011544  Dhi=0.442822  err=-1.000000  inc=-0.615464  bucket 0->0  (mf=1000)
Dropping frame 1403638138.095097
[MF-SEL] tPrev=(  d=0.001593  dMin=0.000000  dAvg=0.022975  dMax=0.862557  Dlo=0.011487  Dhi=0.442766  err=-1.000000  inc=-0.620398  bucket 0->0  (mf=1000)
[MF-SEL] tPrev=(  d=0.002465  dMin=0.000000  dAvg=0.022867  dMax=0.862557  Dlo=0.011434  Dhi=0.442712  err=-1.000000  inc=-0.623138  bucket 0->0  (mf=1000)
[MF-SEL] tPrev=(  d=0.001652  dMin=0.000000  dAvg=0.022757  dMax=0.862557  Dlo=0.011378  Dhi=0.442657  err=-1.000000  inc=-0.625308  bucket 0->0  (mf=1000)
[MF-SEL] tPrev=(  d=0.003371  dMin=0.000000  dAvg=0.022656  dMax=0.862557  Dlo=0.011328  Dhi=0.442607  err=-1.000000  inc=-0.628000  bucket 0->0  (mf=1000)
[MF-SEL] tPrev=(  d=0.000876  dMin=0.000000  dAvg=0.022544  dMax=0.862557  Dlo=0.011272  Dhi=0.442550  err=-1.000000  inc=-0.630503  bucket 0->0  (mf=1000)
[MF-SEL] tPrev=(  d=0.000941  dMin=0.000000  dAvg=0.022433  dMax=0.862557  Dlo=0.011217  Dhi=0.442495  err=-1.000000  inc=-0.633078  bucket 0->0  (mf=1000)
Dropping frame 1403638138.445097
Not enough motion for initializing. Reseting...
TRACK: Reset map because local mapper set the bad imu flag 
[MF-SEL] tPrev=(  d=0.930829  dMin=0.000000  dAvg=0.027068  dMax=0.930829  Dlo=0.013534  Dhi=0.478948  err=1.000000  inc=0.951519  bucket 0->1  (mf=900)
LM: Reseting current map in Local Mapping...
LM: End reseting Local Mapping...
LM: Reset free the mutex
LM: Active map reset recieved
LM: Active map reset, waiting...
LM: Reseting current map in Local Mapping...
LM: End reseting Local Mapping...
LM: Reset free the mutex
LM: Active map reset, Done!!!
mnFirstFrameId = 32
mnInitialFrameId = 0
163 Frames set to lost
not IMU meas
[MF-SEL] tPrev=(  d=0.000000  dMin=0.000000  dAvg=0.026931  dMax=0.930829  Dlo=0.013465  Dhi=0.478880  err=-1.000000  inc=-1.120425  bucket 1->0  (mf=1000)
not enough acceleration
[MF-SEL] tPrev=(  d=0.000000  dMin=0.000000  dAvg=0.026795  dMax=0.930829  Dlo=0.013397  Dhi=0.478812  err=-1.000000  inc=-0.633930  bucket 0->0  (mf=1000)
not enough acceleration
[MF-SEL] tPrev=(  d=0.000000  dMin=0.000000  dAvg=0.026660  dMax=0.930829  Dlo=0.013330  Dhi=0.478744  err=-1.000000  inc=-0.636596  bucket 0->0  (mf=1000)
First KF:43; Map init KF:0
New Map created with 146 points
Active map: 0
[MF-SEL] tPrev=(  d=0.000000  dMin=0.000000  dAvg=0.026527  dMax=0.930829  Dlo=0.013263  Dhi=0.478678  err=-1.000000  inc=-0.639000  bucket 0->0  (mf=1000)
Dropping frame 1403638138.745097
[MF-SEL] tPrev=(  d=0.004387  dMin=0.000000  dAvg=0.026417  dMax=0.930829  Dlo=0.013208  Dhi=0.478623  err=-1.000000  inc=-0.644463  bucket 0->0  (mf=1000)
Dropping frame 1403638138.845097
[MF-SEL] tPrev=(  d=0.000739  dMin=0.000000  dAvg=0.026289  dMax=0.930829  Dlo=0.013145  Dhi=0.478559  err=-1.000000  inc=-0.649097  bucket 0->0  (mf=1000)
[MF-SEL] tPrev=(  d=0.000646  dMin=0.000000  dAvg=0.026163  dMax=0.930829  Dlo=0.013082  Dhi=0.478496  err=-1.000000  inc=-0.651557  bucket 0->0  (mf=1000)
[MF-SEL] tPrev=(  d=0.004297  dMin=0.000000  dAvg=0.026056  dMax=0.930829  Dlo=0.013028  Dhi=0.478442  err=-1.000000  inc=-0.653993  bucket 0->0  (mf=1000)
[MF-SEL] tPrev=(  d=0.002832  dMin=0.000000  dAvg=0.025943  dMax=0.930829  Dlo=0.012971  Dhi=0.478386  err=-1.000000  inc=-0.656489  bucket 0->0  (mf=1000)
Dropping frame 1403638139.095097
[MF-SEL] tPrev=(  d=0.000351  dMin=0.000000  dAvg=0.025818  dMax=0.930829  Dlo=0.012909  Dhi=0.478324  err=-1.000000  inc=-0.661431  bucket 0->0  (mf=1000)
Dropping frame 1403638139.195097
[MF-SEL] tPrev=(  d=0.000090  dMin=0.000000  dAvg=0.025694  dMax=0.930829  Dlo=0.012847  Dhi=0.478261  err=-1.000000  inc=-0.666375  bucket 0->0  (mf=1000)
[MF-SEL] tPrev=(  d=0.003053  dMin=0.000000  dAvg=0.025585  dMax=0.930829  Dlo=0.012793  Dhi=0.478207  err=-1.000000  inc=-0.668820  bucket 0->0  (mf=1000)
[MF-SEL] tPrev=(  d=0.004893  dMin=0.000000  dAvg=0.025486  dMax=0.930829  Dlo=0.012743  Dhi=0.478157  err=-1.000000  inc=-0.671329  bucket 0->0  (mf=1000)
[MF-SEL] tPrev=(  d=0.002539  dMin=0.000000  dAvg=0.025377  dMax=0.930829  Dlo=0.012688  Dhi=0.478103  err=-1.000000  inc=-0.673751  bucket 0->0  (mf=1000)
Dropping frame 1403638139.445097
[MF-SEL] tPrev=(  d=0.000632  dMin=0.000000  dAvg=0.025260  dMax=0.930829  Dlo=0.012630  Dhi=0.478044  err=-1.000000  inc=-0.678735  bucket 0->0  (mf=1000)
[MF-SEL] tPrev=(  d=0.000793  dMin=0.000000  dAvg=0.025144  dMax=0.930829  Dlo=0.012572  Dhi=0.477986  err=-1.000000  inc=-0.681167  bucket 0->0  (mf=1000)
[MF-SEL] tPrev=(  d=0.000840  dMin=0.000000  dAvg=0.025030  dMax=0.930829  Dlo=0.012515  Dhi=0.477929  err=-1.000000  inc=-0.683362  bucket 0->0  (mf=1000)
[MF-SEL] tPrev=(  d=0.000112  dMin=0.000000  dAvg=0.024914  dMax=0.930829  Dlo=0.012457  Dhi=0.477871  err=-1.000000  inc=-0.686164  bucket 0->0  (mf=1000)
[MF-SEL] tPrev=(  d=0.000801  dMin=0.000000  dAvg=0.024802  dMax=0.930829  Dlo=0.012401  Dhi=0.477815  err=-1.000000  inc=-0.688647  bucket 0->0  (mf=1000)
[MF-SEL] tPrev=(  d=0.000375  dMin=0.000000  dAvg=0.024688  dMax=0.930829  Dlo=0.012344  Dhi=0.477759  err=-1.000000  inc=-0.691136  bucket 0->0  (mf=1000)
[MF-SEL] tPrev=(  d=0.000341  dMin=0.000000  dAvg=0.024576  dMax=0.930829  Dlo=0.012288  Dhi=0.477702  err=-1.000000  inc=-0.693555  bucket 0->0  (mf=1000)
Dropping frame 1403638139.845097
[MF-SEL] tPrev=(  d=0.000320  dMin=0.000000  dAvg=0.024465  dMax=0.930829  Dlo=0.012233  Dhi=0.477647  err=-1.000000  inc=-0.698566  bucket 0->0  (mf=1000)
Dropping frame 1403638139.945097
[MF-SEL] tPrev=(  d=0.000712  dMin=0.000000  dAvg=0.024357  dMax=0.930829  Dlo=0.012178  Dhi=0.477593  err=-1.000000  inc=-0.703353  bucket 0->0  (mf=1000)
[MF-SEL] tPrev=(  d=0.000629  dMin=0.000000  dAvg=0.024249  dMax=0.930829  Dlo=0.012124  Dhi=0.477539  err=-1.000000  inc=-0.705723  bucket 0->0  (mf=1000)
[MF-SEL] tPrev=(  d=0.000744  dMin=0.000000  dAvg=0.024142  dMax=0.930829  Dlo=0.012071  Dhi=0.477486  err=-1.000000  inc=-0.708181  bucket 0->0  (mf=1000)
[MF-SEL] tPrev=(  d=0.001149  dMin=0.000000  dAvg=0.024039  dMax=0.930829  Dlo=0.012019  Dhi=0.477434  err=-1.000000  inc=-0.710967  bucket 0->0  (mf=1000)
[MF-SEL] tPrev=(  d=0.000401  dMin=0.000000  dAvg=0.023933  dMax=0.930829  Dlo=0.011966  Dhi=0.477381  err=-1.000000  inc=-0.713461  bucket 0->0  (mf=1000)
Dropping frame 1403638140.245097
[MF-SEL] tPrev=(  d=0.000210  dMin=0.000000  dAvg=0.023827  dMax=0.930829  Dlo=0.011913  Dhi=0.477328  err=-1.000000  inc=-0.718421  bucket 0->0  (mf=1000)
[MF-SEL] tPrev=(  d=0.000292  dMin=0.000000  dAvg=0.023722  dMax=0.930829  Dlo=0.011861  Dhi=0.477275  err=-1.000000  inc=-0.720977  bucket 0->0  (mf=1000)
[MF-SEL] tPrev=(  d=0.000439  dMin=0.000000  dAvg=0.023619  dMax=0.930829  Dlo=0.011810  Dhi=0.477224  err=-1.000000  inc=-0.723303  bucket 0->0  (mf=1000)
[MF-SEL] tPrev=(  d=0.000094  dMin=0.000000  dAvg=0.023516  dMax=0.930829  Dlo=0.011758  Dhi=0.477172  err=-1.000000  inc=-0.725787  bucket 0->0  (mf=1000)
[MF-SEL] tPrev=(  d=0.000076  dMin=0.000000  dAvg=0.023413  dMax=0.930829  Dlo=0.011706  Dhi=0.477121  err=-1.000000  inc=-0.728320  bucket 0->0  (mf=1000)
Dropping frame 1403638140.545097
[MF-SEL] tPrev=(  d=0.000058  dMin=0.000000  dAvg=0.023311  dMax=0.930829  Dlo=0.011655  Dhi=0.477070  err=-1.000000  inc=-0.733323  bucket 0->0  (mf=1000)
[MF-SEL] tPrev=(  d=0.000384  dMin=0.000000  dAvg=0.023211  dMax=0.930829  Dlo=0.011606  Dhi=0.477020  err=-1.000000  inc=-0.735646  bucket 0->0  (mf=1000)
[MF-SEL] tPrev=(  d=0.000677  dMin=0.000000  dAvg=0.023114  dMax=0.930829  Dlo=0.011557  Dhi=0.476971  err=-1.000000  inc=-0.738228  bucket 0->0  (mf=1000)
[MF-SEL] tPrev=(  d=0.000119  dMin=0.000000  dAvg=0.023014  dMax=0.930829  Dlo=0.011507  Dhi=0.476922  err=-1.000000  inc=-0.740530  bucket 0->0  (mf=1000)
[MF-SEL] tPrev=(  d=0.000209  dMin=0.000000  dAvg=0.022917  dMax=0.930829  Dlo=0.011458  Dhi=0.476873  err=-1.000000  inc=-0.743083  bucket 0->0  (mf=1000)
[MF-SEL] tPrev=(  d=0.000510  dMin=0.000000  dAvg=0.022821  dMax=0.930829  Dlo=0.011410  Dhi=0.476825  err=-1.000000  inc=-0.745585  bucket 0->0  (mf=1000)
[MF-SEL] tPrev=(  d=0.000204  dMin=0.000000  dAvg=0.022725  dMax=0.930829  Dlo=0.011362  Dhi=0.476777  err=-1.000000  inc=-0.747816  bucket 0->0  (mf=1000)
[MF-SEL] tPrev=(  d=0.000269  dMin=0.000000  dAvg=0.022629  dMax=0.930829  Dlo=0.011315  Dhi=0.476729  err=-1.000000  inc=-0.750618  bucket 0->0  (mf=1000)
[MF-SEL] tPrev=(  d=0.000384  dMin=0.000000  dAvg=0.022536  dMax=0.930829  Dlo=0.011268  Dhi=0.476682  err=-1.000000  inc=-0.753064  bucket 0->0  (mf=1000)
[MF-SEL] tPrev=(  d=0.000317  dMin=0.000000  dAvg=0.022442  dMax=0.930829  Dlo=0.011221  Dhi=0.476635  err=-1.000000  inc=-0.755622  bucket 0->0  (mf=1000)
[MF-SEL] tPrev=(  d=0.000142  dMin=0.000000  dAvg=0.022349  dMax=0.930829  Dlo=0.011174  Dhi=0.476589  err=-1.000000  inc=-0.758129  bucket 0->0  (mf=1000)
[MF-SEL] tPrev=(  d=0.000435  dMin=0.000000  dAvg=0.022258  dMax=0.930829  Dlo=0.011129  Dhi=0.476543  err=-1.000000  inc=-0.760581  bucket 0->0  (mf=1000)
[MF-SEL] tPrev=(  d=0.522953  dMin=0.000000  dAvg=0.024335  dMax=0.930829  Dlo=0.012168  Dhi=0.477582  err=1.000000  inc=1.094220  bucket 0->1  (mf=900)
[MF-SEL] tPrev=(  d=0.000216  dMin=0.000000  dAvg=0.024236  dMax=0.930829  Dlo=0.012118  Dhi=0.477532  err=-1.000000  inc=-1.394054  bucket 1->0  (mf=1000)
[MF-SEL] tPrev=(  d=0.000179  dMin=0.000000  dAvg=0.024137  dMax=0.930829  Dlo=0.012068  Dhi=0.477483  err=-1.000000  inc=-0.763079  bucket 0->0  (mf=1000)
[MF-SEL] tPrev=(  d=0.000141  dMin=0.000000  dAvg=0.024038  dMax=0.930829  Dlo=0.012019  Dhi=0.477433  err=-1.000000  inc=-0.765546  bucket 0->0  (mf=1000)
[MF-SEL] tPrev=(  d=0.000159  dMin=0.000000  dAvg=0.023941  dMax=0.930829  Dlo=0.011970  Dhi=0.477385  err=-1.000000  inc=-0.768113  bucket 0->0  (mf=1000)
[MF-SEL] tPrev=(  d=0.000132  dMin=0.000000  dAvg=0.023844  dMax=0.930829  Dlo=0.011922  Dhi=0.477336  err=-1.000000  inc=-0.770269  bucket 0->0  (mf=1000)
[MF-SEL] tPrev=(  d=0.000109  dMin=0.000000  dAvg=0.023748  dMax=0.930829  Dlo=0.011874  Dhi=0.477288  err=-1.000000  inc=-0.773046  bucket 0->0  (mf=1000)
[MF-SEL] tPrev=(  d=0.000126  dMin=0.000000  dAvg=0.023653  dMax=0.930829  Dlo=0.011826  Dhi=0.477241  err=-1.000000  inc=-0.775498  bucket 0->0  (mf=1000)
[MF-SEL] tPrev=(  d=0.000143  dMin=0.000000  dAvg=0.023558  dMax=0.930829  Dlo=0.011779  Dhi=0.477193  err=-1.000000  inc=-0.777943  bucket 0->0  (mf=1000)
Not enough motion for initializing. Reseting...
LM: Reseting current map in Local Mapping...
LM: End reseting Local Mapping...
LM: Reset free the mutex
[MF-SEL] tPrev=(  d=0.001126  dMin=0.000000  dAvg=0.023468  dMax=0.930829  Dlo=0.011734  Dhi=0.477149  err=-1.000000  inc=-0.780381  bucket 0->0  (mf=1000)
[MF-SEL] tPrev=(  d=0.000088  dMin=0.000000  dAvg=0.023375  dMax=0.930829  Dlo=0.011688  Dhi=0.477102  err=-1.000000  inc=-0.782913  bucket 0->0  (mf=1000)
[MF-SEL] tPrev=(  d=0.000089  dMin=0.000000  dAvg=0.023283  dMax=0.930829  Dlo=0.011641  Dhi=0.477056  err=-1.000000  inc=-0.785370  bucket 0->0  (mf=1000)
[MF-SEL] tPrev=(  d=0.000116  dMin=0.000000  dAvg=0.023191  dMax=0.930829  Dlo=0.011596  Dhi=0.477010  err=-1.000000  inc=-0.787833  bucket 0->0  (mf=1000)
[MF-SEL] tPrev=(  d=0.000074  dMin=0.000000  dAvg=0.023100  dMax=0.930829  Dlo=0.011550  Dhi=0.476964  err=-1.000000  inc=-0.790332  bucket 0->0  (mf=1000)
[MF-SEL] tPrev=(  d=0.000074  dMin=0.000000  dAvg=0.023010  dMax=0.930829  Dlo=0.011505  Dhi=0.476919  err=-1.000000  inc=-0.792857  bucket 0->0  (mf=1000)
[MF-SEL] tPrev=(  d=0.000074  dMin=0.000000  dAvg=0.022920  dMax=0.930829  Dlo=0.011460  Dhi=0.476875  err=-1.000000  inc=-0.795298  bucket 0->0  (mf=1000)
[MF-SEL] tPrev=(  d=0.000148  dMin=0.000000  dAvg=0.022832  dMax=0.930829  Dlo=0.011416  Dhi=0.476830  err=-1.000000  inc=-0.797749  bucket 0->0  (mf=1000)
[MF-SEL] tPrev=(  d=0.000122  dMin=0.000000  dAvg=0.022744  dMax=0.930829  Dlo=0.011372  Dhi=0.476786  err=-1.000000  inc=-0.800095  bucket 0->0  (mf=1000)
[MF-SEL] tPrev=(  d=0.000145  dMin=0.000000  dAvg=0.022657  dMax=0.930829  Dlo=0.011328  Dhi=0.476743  err=-1.000000  inc=-0.802834  bucket 0->0  (mf=1000)
Not enough motion for initializing. Reseting...
LM: Reseting current map in Local Mapping...
LM: End reseting Local Mapping...
LM: Reset free the mutex
[MF-SEL] tPrev=(  d=0.000976  dMin=0.000000  dAvg=0.022573  dMax=0.930829  Dlo=0.011287  Dhi=0.476701  err=-1.000000  inc=-0.805119  bucket 0->0  (mf=1000)
[MF-SEL] tPrev=(  d=0.000262  dMin=0.000000  dAvg=0.022488  dMax=0.930829  Dlo=0.011244  Dhi=0.476658  err=-1.000000  inc=-0.807577  bucket 0->0  (mf=1000)
[MF-SEL] tPrev=(  d=0.000202  dMin=0.000000  dAvg=0.022403  dMax=0.930829  Dlo=0.011201  Dhi=0.476616  err=-1.000000  inc=-0.810241  bucket 0->0  (mf=1000)
[MF-SEL] tPrev=(  d=0.000180  dMin=0.000000  dAvg=0.022318  dMax=0.930829  Dlo=0.011159  Dhi=0.476573  err=-1.000000  inc=-0.812601  bucket 0->0  (mf=1000)
[MF-SEL] tPrev=(  d=0.000258  dMin=0.000000  dAvg=0.022235  dMax=0.930829  Dlo=0.011117  Dhi=0.476532  err=-1.000000  inc=-0.815166  bucket 0->0  (mf=1000)
[MF-SEL] tPrev=(  d=0.000373  dMin=0.000000  dAvg=0.022152  dMax=0.930829  Dlo=0.011076  Dhi=0.476490  err=-1.000000  inc=-0.817575  bucket 0->0  (mf=1000)
[MF-SEL] tPrev=(  d=0.000394  dMin=0.000000  dAvg=0.022070  dMax=0.930829  Dlo=0.011035  Dhi=0.476449  err=-1.000000  inc=-0.820087  bucket 0->0  (mf=1000)
[MF-SEL] tPrev=(  d=0.000386  dMin=0.000000  dAvg=0.021989  dMax=0.930829  Dlo=0.010995  Dhi=0.476409  err=-1.000000  inc=-0.822575  bucket 0->0  (mf=1000)
[MF-SEL] tPrev=(  d=0.000389  dMin=0.000000  dAvg=0.021908  dMax=0.930829  Dlo=0.010954  Dhi=0.476369  err=-1.000000  inc=-0.825055  bucket 0->0  (mf=1000)
[MF-SEL] tPrev=(  d=0.000468  dMin=0.000000  dAvg=0.021829  dMax=0.930829  Dlo=0.010914  Dhi=0.476329  err=-1.000000  inc=-0.827541  bucket 0->0  (mf=1000)
Not enough motion for initializing. Reseting...
TRACK: Reset map because local mapper set the bad imu flag 
[MF-SEL] tPrev=(  d=0.524108  dMin=0.000000  dAvg=0.023689  dMax=0.930829  Dlo=0.011845  Dhi=0.477259  err=1.000000  inc=1.125835  bucket 0->1  (mf=900)
LM: Reseting current map in Local Mapping...
LM: End reseting Local Mapping...
LM: Reset free the mutex
LM: Active map reset recieved
LM: Active map reset, waiting...
LM: Reseting current map in Local Mapping...
LM: End reseting Local Mapping...
LM: Reset free the mutex
LM: Active map reset, Done!!!
mnFirstFrameId = 199
mnInitialFrameId = 195
233 Frames set to lost
not IMU meas
[MF-SEL] tPrev=(  d=0.000000  dMin=0.000000  dAvg=0.023602  dMax=0.930829  Dlo=0.011801  Dhi=0.477215  err=-1.000000  inc=-1.369257  bucket 1->0  (mf=1000)
not enough acceleration
[MF-SEL] tPrev=(  d=0.000000  dMin=0.000000  dAvg=0.023515  dMax=0.930829  Dlo=0.011757  Dhi=0.477172  err=-1.000000  inc=-0.830395  bucket 0->0  (mf=1000)
not enough acceleration
[MF-SEL] tPrev=(  d=0.000000  dMin=0.000000  dAvg=0.023429  dMax=0.930829  Dlo=0.011714  Dhi=0.477129  err=-1.000000  inc=-0.832798  bucket 0->0  (mf=1000)
not enough acceleration
[MF-SEL] tPrev=(  d=0.000000  dMin=0.000000  dAvg=0.023343  dMax=0.930829  Dlo=0.011672  Dhi=0.477086  err=-1.000000  inc=-0.835137  bucket 0->0  (mf=1000)
not enough acceleration
[MF-SEL] tPrev=(  d=0.000000  dMin=0.000000  dAvg=0.023258  dMax=0.930829  Dlo=0.011629  Dhi=0.477044  err=-1.000000  inc=-0.837744  bucket 0->0  (mf=1000)
not enough acceleration
[MF-SEL] tPrev=(  d=0.000000  dMin=0.000000  dAvg=0.023174  dMax=0.930829  Dlo=0.011587  Dhi=0.477001  err=-1.000000  inc=-0.840275  bucket 0->0  (mf=1000)
not enough acceleration
[MF-SEL] tPrev=(  d=0.000000  dMin=0.000000  dAvg=0.023090  dMax=0.930829  Dlo=0.011545  Dhi=0.476960  err=-1.000000  inc=-0.842578  bucket 0->0  (mf=1000)
not enough acceleration
[MF-SEL] tPrev=(  d=0.000000  dMin=0.000000  dAvg=0.023007  dMax=0.930829  Dlo=0.011504  Dhi=0.476918  err=-1.000000  inc=-0.845109  bucket 0->0  (mf=1000)
not enough acceleration
[MF-SEL] tPrev=(  d=0.000000  dMin=0.000000  dAvg=0.022925  dMax=0.930829  Dlo=0.011462  Dhi=0.476877  err=-1.000000  inc=-0.847664  bucket 0->0  (mf=1000)
not enough acceleration
[MF-SEL] tPrev=(  d=0.000000  dMin=0.000000  dAvg=0.022843  dMax=0.930829  Dlo=0.011421  Dhi=0.476836  err=-1.000000  inc=-0.850130  bucket 0->0  (mf=1000)
not enough acceleration
[MF-SEL] tPrev=(  d=0.000000  dMin=0.000000  dAvg=0.022762  dMax=0.930829  Dlo=0.011381  Dhi=0.476795  err=-1.000000  inc=-0.852704  bucket 0->0  (mf=1000)
not enough acceleration
[MF-SEL] tPrev=(  d=0.000000  dMin=0.000000  dAvg=0.022681  dMax=0.930829  Dlo=0.011340  Dhi=0.476755  err=-1.000000  inc=-0.855144  bucket 0->0  (mf=1000)
not enough acceleration
[MF-SEL] tPrev=(  d=0.000000  dMin=0.000000  dAvg=0.022601  dMax=0.930829  Dlo=0.011300  Dhi=0.476715  err=-1.000000  inc=-0.857530  bucket 0->0  (mf=1000)
not enough acceleration
[MF-SEL] tPrev=(  d=0.000000  dMin=0.000000  dAvg=0.022521  dMax=0.930829  Dlo=0.011261  Dhi=0.476675  err=-1.000000  inc=-0.860050  bucket 0->0  (mf=1000)
not enough acceleration
[MF-SEL] tPrev=(  d=0.000000  dMin=0.000000  dAvg=0.022442  dMax=0.930829  Dlo=0.011221  Dhi=0.476635  err=-1.000000  inc=-0.862541  bucket 0->0  (mf=1000)
not enough acceleration
[MF-SEL] tPrev=(  d=0.000000  dMin=0.000000  dAvg=0.022364  dMax=0.930829  Dlo=0.011182  Dhi=0.476596  err=-1.000000  inc=-0.865034  bucket 0->0  (mf=1000)
not enough acceleration
[MF-SEL] tPrev=(  d=0.000000  dMin=0.000000  dAvg=0.022286  dMax=0.930829  Dlo=0.011143  Dhi=0.476557  err=-1.000000  inc=-0.867536  bucket 0->0  (mf=1000)
not enough acceleration
[MF-SEL] tPrev=(  d=0.000000  dMin=0.000000  dAvg=0.022208  dMax=0.930829  Dlo=0.011104  Dhi=0.476519  err=-1.000000  inc=-0.869959  bucket 0->0  (mf=1000)
not enough acceleration
[MF-SEL] tPrev=(  d=0.000000  dMin=0.000000  dAvg=0.022132  dMax=0.930829  Dlo=0.011066  Dhi=0.476480  err=-1.000000  inc=-0.872421  bucket 0->0  (mf=1000)
not enough acceleration
[MF-SEL] tPrev=(  d=0.000000  dMin=0.000000  dAvg=0.022055  dMax=0.930829  Dlo=0.011028  Dhi=0.476442  err=-1.000000  inc=-0.874868  bucket 0->0  (mf=1000)
not enough acceleration
[MF-SEL] tPrev=(  d=0.000000  dMin=0.000000  dAvg=0.021980  dMax=0.930829  Dlo=0.010990  Dhi=0.476404  err=-1.000000  inc=-0.877384  bucket 0->0  (mf=1000)
not enough acceleration
[MF-SEL] tPrev=(  d=0.000000  dMin=0.000000  dAvg=0.021904  dMax=0.930829  Dlo=0.010952  Dhi=0.476366  err=-1.000000  inc=-0.879838  bucket 0->0  (mf=1000)
not enough acceleration
[MF-SEL] tPrev=(  d=0.000000  dMin=0.000000  dAvg=0.021829  dMax=0.930829  Dlo=0.010915  Dhi=0.476329  err=-1.000000  inc=-0.882401  bucket 0->0  (mf=1000)
not enough acceleration
[MF-SEL] tPrev=(  d=0.000000  dMin=0.000000  dAvg=0.021755  dMax=0.930829  Dlo=0.010878  Dhi=0.476292  err=-1.000000  inc=-0.884646  bucket 0->0  (mf=1000)
not enough acceleration
[MF-SEL] tPrev=(  d=0.000000  dMin=0.000000  dAvg=0.021681  dMax=0.930829  Dlo=0.010841  Dhi=0.476255  err=-1.000000  inc=-0.887462  bucket 0->0  (mf=1000)
not enough acceleration
[MF-SEL] tPrev=(  d=0.000000  dMin=0.000000  dAvg=0.021608  dMax=0.930829  Dlo=0.010804  Dhi=0.476218  err=-1.000000  inc=-0.889853  bucket 0->0  (mf=1000)
not enough acceleration
[MF-SEL] tPrev=(  d=0.000000  dMin=0.000000  dAvg=0.021535  dMax=0.930829  Dlo=0.010768  Dhi=0.476182  err=-1.000000  inc=-0.892284  bucket 0->0  (mf=1000)
not enough acceleration
[MF-SEL] tPrev=(  d=0.000000  dMin=0.000000  dAvg=0.021463  dMax=0.930829  Dlo=0.010732  Dhi=0.476146  err=-1.000000  inc=-0.894498  bucket 0->0  (mf=1000)
not enough acceleration
[MF-SEL] tPrev=(  d=0.000000  dMin=0.000000  dAvg=0.021391  dMax=0.930829  Dlo=0.010696  Dhi=0.476110  err=-1.000000  inc=-0.897160  bucket 0->0  (mf=1000)
not enough acceleration
[MF-SEL] tPrev=(  d=0.000000  dMin=0.000000  dAvg=0.021320  dMax=0.930829  Dlo=0.010660  Dhi=0.476074  err=-1.000000  inc=-0.899730  bucket 0->0  (mf=1000)
not enough acceleration
[MF-SEL] tPrev=(  d=0.000000  dMin=0.000000  dAvg=0.021249  dMax=0.930829  Dlo=0.010625  Dhi=0.476039  err=-1.000000  inc=-0.902166  bucket 0->0  (mf=1000)
not enough acceleration
[MF-SEL] tPrev=(  d=0.000000  dMin=0.000000  dAvg=0.021179  dMax=0.930829  Dlo=0.010589  Dhi=0.476004  err=-1.000000  inc=-0.904950  bucket 0->0  (mf=1000)
not enough acceleration
[MF-SEL] tPrev=(  d=0.000000  dMin=0.000000  dAvg=0.021109  dMax=0.930829  Dlo=0.010555  Dhi=0.475969  err=-1.000000  inc=-0.906952  bucket 0->0  (mf=1000)
not enough acceleration
[MF-SEL] tPrev=(  d=0.000000  dMin=0.000000  dAvg=0.021040  dMax=0.930829  Dlo=0.010520  Dhi=0.475934  err=-1.000000  inc=-0.909647  bucket 0->0  (mf=1000)
not enough acceleration
[MF-SEL] tPrev=(  d=0.000000  dMin=0.000000  dAvg=0.020971  dMax=0.930829  Dlo=0.010485  Dhi=0.475900  err=-1.000000  inc=-0.912113  bucket 0->0  (mf=1000)
not enough acceleration
[MF-SEL] tPrev=(  d=0.000000  dMin=0.000000  dAvg=0.020902  dMax=0.930829  Dlo=0.010451  Dhi=0.475865  err=-1.000000  inc=-0.914514  bucket 0->0  (mf=1000)
not enough acceleration
[MF-SEL] tPrev=(  d=0.000000  dMin=0.000000  dAvg=0.020834  dMax=0.930829  Dlo=0.010417  Dhi=0.475831  err=-1.000000  inc=-0.916981  bucket 0->0  (mf=1000)
not enough acceleration
[MF-SEL] tPrev=(  d=0.000000  dMin=0.000000  dAvg=0.020766  dMax=0.930829  Dlo=0.010383  Dhi=0.475798  err=-1.000000  inc=-0.919490  bucket 0->0  (mf=1000)
not enough acceleration
[MF-SEL] tPrev=(  d=0.000000  dMin=0.000000  dAvg=0.020699  dMax=0.930829  Dlo=0.010350  Dhi=0.475764  err=-1.000000  inc=-0.921960  bucket 0->0  (mf=1000)
not enough acceleration
[MF-SEL] tPrev=(  d=0.000000  dMin=0.000000  dAvg=0.020632  dMax=0.930829  Dlo=0.010316  Dhi=0.475731  err=-1.000000  inc=-0.924525  bucket 0->0  (mf=1000)
not enough acceleration
[MF-SEL] tPrev=(  d=0.000000  dMin=0.000000  dAvg=0.020566  dMax=0.930829  Dlo=0.010283  Dhi=0.475697  err=-1.000000  inc=-0.926885  bucket 0->0  (mf=1000)
not enough acceleration
[MF-SEL] tPrev=(  d=0.000000  dMin=0.000000  dAvg=0.020500  dMax=0.930829  Dlo=0.010250  Dhi=0.475664  err=-1.000000  inc=-0.929392  bucket 0->0  (mf=1000)
not enough acceleration
[MF-SEL] tPrev=(  d=0.000000  dMin=0.000000  dAvg=0.020435  dMax=0.930829  Dlo=0.010217  Dhi=0.475632  err=-1.000000  inc=-0.931930  bucket 0->0  (mf=1000)
not enough acceleration
[MF-SEL] tPrev=(  d=0.000000  dMin=0.000000  dAvg=0.020370  dMax=0.930829  Dlo=0.010185  Dhi=0.475599  err=-1.000000  inc=-0.934374  bucket 0->0  (mf=1000)
not enough acceleration
[MF-SEL] tPrev=(  d=0.000000  dMin=0.000000  dAvg=0.020305  dMax=0.930829  Dlo=0.010152  Dhi=0.475567  err=-1.000000  inc=-0.936891  bucket 0->0  (mf=1000)
not enough acceleration
[MF-SEL] tPrev=(  d=0.000000  dMin=0.000000  dAvg=0.020241  dMax=0.930829  Dlo=0.010120  Dhi=0.475535  err=-1.000000  inc=-0.939369  bucket 0->0  (mf=1000)
not enough acceleration
[MF-SEL] tPrev=(  d=0.000000  dMin=0.000000  dAvg=0.020177  dMax=0.930829  Dlo=0.010088  Dhi=0.475503  err=-1.000000  inc=-0.941871  bucket 0->0  (mf=1000)
not enough acceleration
[MF-SEL] tPrev=(  d=0.000000  dMin=0.000000  dAvg=0.020113  dMax=0.930829  Dlo=0.010057  Dhi=0.475471  err=-1.000000  inc=-0.944324  bucket 0->0  (mf=1000)
not enough acceleration
[MF-SEL] tPrev=(  d=0.000000  dMin=0.000000  dAvg=0.020050  dMax=0.930829  Dlo=0.010025  Dhi=0.475439  err=-1.000000  inc=-0.946860  bucket 0->0  (mf=1000)
not enough acceleration
[MF-SEL] tPrev=(  d=0.000000  dMin=0.000000  dAvg=0.019988  dMax=0.930829  Dlo=0.009994  Dhi=0.475408  err=-1.000000  inc=-0.949192  bucket 0->0  (mf=1000)
not enough acceleration
[MF-SEL] tPrev=(  d=0.000000  dMin=0.000000  dAvg=0.019925  dMax=0.930829  Dlo=0.009963  Dhi=0.475377  err=-1.000000  inc=-0.951678  bucket 0->0  (mf=1000)
not enough acceleration
[MF-SEL] tPrev=(  d=0.000000  dMin=0.000000  dAvg=0.019863  dMax=0.930829  Dlo=0.009932  Dhi=0.475346  err=-1.000000  inc=-0.954132  bucket 0->0  (mf=1000)
not enough acceleration
[MF-SEL] tPrev=(  d=0.000000  dMin=0.000000  dAvg=0.019802  dMax=0.930829  Dlo=0.009901  Dhi=0.475315  err=-1.000000  inc=-0.956622  bucket 0->0  (mf=1000)
not enough acceleration
[MF-SEL] tPrev=(  d=0.000000  dMin=0.000000  dAvg=0.019741  dMax=0.930829  Dlo=0.009870  Dhi=0.475285  err=-1.000000  inc=-0.959110  bucket 0->0  (mf=1000)
not enough acceleration
[MF-SEL] tPrev=(  d=0.000000  dMin=0.000000  dAvg=0.019680  dMax=0.930829  Dlo=0.009840  Dhi=0.475254  err=-1.000000  inc=-0.961567  bucket 0->0  (mf=1000)
not enough acceleration
[MF-SEL] tPrev=(  d=0.000000  dMin=0.000000  dAvg=0.019620  dMax=0.930829  Dlo=0.009810  Dhi=0.475224  err=-1.000000  inc=-0.964076  bucket 0->0  (mf=1000)
not enough acceleration
[MF-SEL] tPrev=(  d=0.000000  dMin=0.000000  dAvg=0.019560  dMax=0.930829  Dlo=0.009780  Dhi=0.475194  err=-1.000000  inc=-0.966544  bucket 0->0  (mf=1000)
not enough acceleration
[MF-SEL] tPrev=(  d=0.000000  dMin=0.000000  dAvg=0.019500  dMax=0.930829  Dlo=0.009750  Dhi=0.475164  err=-1.000000  inc=-0.969040  bucket 0->0  (mf=1000)
not enough acceleration
[MF-SEL] tPrev=(  d=0.000000  dMin=0.000000  dAvg=0.019441  dMax=0.930829  Dlo=0.009720  Dhi=0.475135  err=-1.000000  inc=-0.971507  bucket 0->0  (mf=1000)
not enough acceleration
[MF-SEL] tPrev=(  d=0.000000  dMin=0.000000  dAvg=0.019382  dMax=0.930829  Dlo=0.009691  Dhi=0.475105  err=-1.000000  inc=-0.974004  bucket 0->0  (mf=1000)
not enough acceleration
[MF-SEL] tPrev=(  d=0.000000  dMin=0.000000  dAvg=0.019323  dMax=0.930829  Dlo=0.009662  Dhi=0.475076  err=-1.000000  inc=-0.976478  bucket 0->0  (mf=1000)
not enough acceleration
[MF-SEL] tPrev=(  d=0.000000  dMin=0.000000  dAvg=0.019265  dMax=0.930829  Dlo=0.009633  Dhi=0.475047  err=-1.000000  inc=-0.978905  bucket 0->0  (mf=1000)
not enough acceleration
[MF-SEL] tPrev=(  d=0.000000  dMin=0.000000  dAvg=0.019207  dMax=0.930829  Dlo=0.009604  Dhi=0.475018  err=-1.000000  inc=-0.981351  bucket 0->0  (mf=1000)
not enough acceleration
[MF-SEL] tPrev=(  d=0.000000  dMin=0.000000  dAvg=0.019150  dMax=0.930829  Dlo=0.009575  Dhi=0.474989  err=-1.000000  inc=-0.983889  bucket 0->0  (mf=1000)
not enough acceleration
[MF-SEL] tPrev=(  d=0.000000  dMin=0.000000  dAvg=0.019093  dMax=0.930829  Dlo=0.009546  Dhi=0.474961  err=-1.000000  inc=-0.986417  bucket 0->0  (mf=1000)
not enough acceleration
[MF-SEL] tPrev=(  d=0.000000  dMin=0.000000  dAvg=0.019036  dMax=0.930829  Dlo=0.009518  Dhi=0.474932  err=-1.000000  inc=-0.988889  bucket 0->0  (mf=1000)
not enough acceleration
[MF-SEL] tPrev=(  d=0.000000  dMin=0.000000  dAvg=0.018979  dMax=0.930829  Dlo=0.009490  Dhi=0.474904  err=-1.000000  inc=-0.991160  bucket 0->0  (mf=1000)
not enough acceleration
[MF-SEL] tPrev=(  d=0.000000  dMin=0.000000  dAvg=0.018923  dMax=0.930829  Dlo=0.009462  Dhi=0.474876  err=-1.000000  inc=-0.993789  bucket 0->0  (mf=1000)
not enough acceleration
[MF-SEL] tPrev=(  d=0.000000  dMin=0.000000  dAvg=0.018867  dMax=0.930829  Dlo=0.009434  Dhi=0.474848  err=-1.000000  inc=-0.996169  bucket 0->0  (mf=1000)
not enough acceleration
[MF-SEL] tPrev=(  d=0.000000  dMin=0.000000  dAvg=0.018812  dMax=0.930829  Dlo=0.009406  Dhi=0.474820  err=-1.000000  inc=-0.998734  bucket 0->0  (mf=1000)
not enough acceleration
[MF-SEL] tPrev=(  d=0.000000  dMin=0.000000  dAvg=0.018757  dMax=0.930829  Dlo=0.009378  Dhi=0.474793  err=-1.000000  inc=-1.001145  bucket 0->0  (mf=1000)
not enough acceleration
[MF-SEL] tPrev=(  d=0.000000  dMin=0.000000  dAvg=0.018702  dMax=0.930829  Dlo=0.009351  Dhi=0.474765  err=-1.000000  inc=-1.003666  bucket 0->0  (mf=1000)
not enough acceleration
[MF-SEL] tPrev=(  d=0.000000  dMin=0.000000  dAvg=0.018647  dMax=0.930829  Dlo=0.009324  Dhi=0.474738  err=-1.000000  inc=-1.006105  bucket 0->0  (mf=1000)
not enough acceleration
[MF-SEL] tPrev=(  d=0.000000  dMin=0.000000  dAvg=0.018593  dMax=0.930829  Dlo=0.009297  Dhi=0.474711  err=-1.000000  inc=-1.008663  bucket 0->0  (mf=1000)
not enough acceleration
[MF-SEL] tPrev=(  d=0.000000  dMin=0.000000  dAvg=0.018539  dMax=0.930829  Dlo=0.009270  Dhi=0.474684  err=-1.000000  inc=-1.010880  bucket 0->0  (mf=1000)
not enough acceleration
[MF-SEL] tPrev=(  d=0.000000  dMin=0.000000  dAvg=0.018486  dMax=0.930829  Dlo=0.009243  Dhi=0.474657  err=-1.000000  inc=-1.013567  bucket 0->0  (mf=1000)
not enough acceleration
[MF-SEL] tPrev=(  d=0.000000  dMin=0.000000  dAvg=0.018432  dMax=0.930829  Dlo=0.009216  Dhi=0.474631  err=-1.000000  inc=-1.016049  bucket 0->0  (mf=1000)
not enough acceleration
[MF-SEL] tPrev=(  d=0.000000  dMin=0.000000  dAvg=0.018379  dMax=0.930829  Dlo=0.009190  Dhi=0.474604  err=-1.000000  inc=-1.018478  bucket 0->0  (mf=1000)
not enough acceleration
[MF-SEL] tPrev=(  d=0.000000  dMin=0.000000  dAvg=0.018327  dMax=0.930829  Dlo=0.009163  Dhi=0.474578  err=-1.000000  inc=-1.020948  bucket 0->0  (mf=1000)
not enough acceleration
[MF-SEL] tPrev=(  d=0.000000  dMin=0.000000  dAvg=0.018274  dMax=0.930829  Dlo=0.009137  Dhi=0.474552  err=-1.000000  inc=-1.023538  bucket 0->0  (mf=1000)
not enough acceleration
[MF-SEL] tPrev=(  d=0.000000  dMin=0.000000  dAvg=0.018222  dMax=0.930829  Dlo=0.009111  Dhi=0.474526  err=-1.000000  inc=-1.026009  bucket 0->0  (mf=1000)
not enough acceleration
[MF-SEL] tPrev=(  d=0.000000  dMin=0.000000  dAvg=0.018171  dMax=0.930829  Dlo=0.009085  Dhi=0.474500  err=-1.000000  inc=-1.028429  bucket 0->0  (mf=1000)
not enough acceleration
[MF-SEL] tPrev=(  d=0.000000  dMin=0.000000  dAvg=0.018119  dMax=0.930829  Dlo=0.009060  Dhi=0.474474  err=-1.000000  inc=-1.030879  bucket 0->0  (mf=1000)
not enough acceleration
[MF-SEL] tPrev=(  d=0.000000  dMin=0.000000  dAvg=0.018068  dMax=0.930829  Dlo=0.009034  Dhi=0.474448  err=-1.000000  inc=-1.033363  bucket 0->0  (mf=1000)
not enough acceleration
[MF-SEL] tPrev=(  d=0.000000  dMin=0.000000  dAvg=0.018017  dMax=0.930829  Dlo=0.009009  Dhi=0.474423  err=-1.000000  inc=-1.035825  bucket 0->0  (mf=1000)
not enough acceleration
[MF-SEL] tPrev=(  d=0.000000  dMin=0.000000  dAvg=0.017966  dMax=0.930829  Dlo=0.008983  Dhi=0.474398  err=-1.000000  inc=-1.038354  bucket 0->0  (mf=1000)
not enough acceleration
[MF-SEL] tPrev=(  d=0.000000  dMin=0.000000  dAvg=0.017916  dMax=0.930829  Dlo=0.008958  Dhi=0.474372  err=-1.000000  inc=-1.040784  bucket 0->0  (mf=1000)
not enough acceleration
[MF-SEL] tPrev=(  d=0.000000  dMin=0.000000  dAvg=0.017866  dMax=0.930829  Dlo=0.008933  Dhi=0.474347  err=-1.000000  inc=-1.043410  bucket 0->0  (mf=1000)
not enough acceleration
[MF-SEL] tPrev=(  d=0.000000  dMin=0.000000  dAvg=0.017816  dMax=0.930829  Dlo=0.008908  Dhi=0.474322  err=-1.000000  inc=-1.045776  bucket 0->0  (mf=1000)
not enough acceleration
[MF-SEL] tPrev=(  d=0.000000  dMin=0.000000  dAvg=0.017767  dMax=0.930829  Dlo=0.008883  Dhi=0.474298  err=-1.000000  inc=-1.048204  bucket 0->0  (mf=1000)
not enough acceleration
[MF-SEL] tPrev=(  d=0.000000  dMin=0.000000  dAvg=0.017718  dMax=0.930829  Dlo=0.008859  Dhi=0.474273  err=-1.000000  inc=-1.050565  bucket 0->0  (mf=1000)
not enough acceleration
[MF-SEL] tPrev=(  d=0.000000  dMin=0.000000  dAvg=0.017669  dMax=0.930829  Dlo=0.008834  Dhi=0.474249  err=-1.000000  inc=-1.053149  bucket 0->0  (mf=1000)
not enough acceleration
[MF-SEL] tPrev=(  d=0.000000  dMin=0.000000  dAvg=0.017620  dMax=0.930829  Dlo=0.008810  Dhi=0.474224  err=-1.000000  inc=-1.055628  bucket 0->0  (mf=1000)
not enough acceleration
[MF-SEL] tPrev=(  d=0.000000  dMin=0.000000  dAvg=0.017572  dMax=0.930829  Dlo=0.008786  Dhi=0.474200  err=-1.000000  inc=-1.058113  bucket 0->0  (mf=1000)
not enough acceleration
[MF-SEL] tPrev=(  d=0.000000  dMin=0.000000  dAvg=0.017523  dMax=0.930829  Dlo=0.008762  Dhi=0.474176  err=-1.000000  inc=-1.060924  bucket 0->0  (mf=1000)
not enough acceleration
[MF-SEL] tPrev=(  d=0.000000  dMin=0.000000  dAvg=0.017476  dMax=0.930829  Dlo=0.008738  Dhi=0.474152  err=-1.000000  inc=-1.062950  bucket 0->0  (mf=1000)
not enough acceleration
[MF-SEL] tPrev=(  d=0.000000  dMin=0.000000  dAvg=0.017428  dMax=0.930829  Dlo=0.008714  Dhi=0.474128  err=-1.000000  inc=-1.065570  bucket 0->0  (mf=1000)
not enough acceleration
[MF-SEL] tPrev=(  d=0.000000  dMin=0.000000  dAvg=0.017381  dMax=0.930829  Dlo=0.008690  Dhi=0.474105  err=-1.000000  inc=-1.068026  bucket 0->0  (mf=1000)
not enough acceleration
[MF-SEL] tPrev=(  d=0.000000  dMin=0.000000  dAvg=0.017333  dMax=0.930829  Dlo=0.008667  Dhi=0.474081  err=-1.000000  inc=-1.070529  bucket 0->0  (mf=1000)
not enough acceleration
[MF-SEL] tPrev=(  d=0.000000  dMin=0.000000  dAvg=0.017287  dMax=0.930829  Dlo=0.008643  Dhi=0.474058  err=-1.000000  inc=-1.072987  bucket 0->0  (mf=1000)
not enough acceleration
[MF-SEL] tPrev=(  d=0.000000  dMin=0.000000  dAvg=0.017240  dMax=0.930829  Dlo=0.008620  Dhi=0.474034  err=-1.000000  inc=-1.075468  bucket 0->0  (mf=1000)
not enough acceleration
[MF-SEL] tPrev=(  d=0.000000  dMin=0.000000  dAvg=0.017194  dMax=0.930829  Dlo=0.008597  Dhi=0.474011  err=-1.000000  inc=-1.078039  bucket 0->0  (mf=1000)
First KF:56; Map init KF:43
New Map created with 149 points
Active map: 0
[MF-SEL] tPrev=(  d=0.000000  dMin=0.000000  dAvg=0.017148  dMax=0.930829  Dlo=0.008574  Dhi=0.473988  err=-1.000000  inc=-1.080529  bucket 0->0  (mf=1000)
[MF-SEL] tPrev=(  d=0.002906  dMin=0.000000  dAvg=0.017109  dMax=0.930829  Dlo=0.008555  Dhi=0.473969  err=-1.000000  inc=-1.083464  bucket 0->0  (mf=1000)
[MF-SEL] tPrev=(  d=0.004590  dMin=0.000000  dAvg=0.017076  dMax=0.930829  Dlo=0.008538  Dhi=0.473952  err=-1.000000  inc=-1.085754  bucket 0->0  (mf=1000)
[MF-SEL] tPrev=(  d=0.007822  dMin=0.000000  dAvg=0.017051  dMax=0.930829  Dlo=0.008526  Dhi=0.473940  err=-1.000000  inc=-1.088214  bucket 0->0  (mf=1000)
[MF-SEL] tPrev=(  d=0.008029  dMin=0.000000  dAvg=0.017028  dMax=0.930829  Dlo=0.008514  Dhi=0.473928  err=-1.000000  inc=-1.090790  bucket 0->0  (mf=1000)
[MF-SEL] tPrev=(  d=0.009763  dMin=0.000000  dAvg=0.017008  dMax=0.930829  Dlo=0.008504  Dhi=0.473919  err=0.000000  inc=-0.154417  bucket 0->0  (mf=1000)
[MF-SEL] tPrev=(  d=0.012296  dMin=0.000000  dAvg=0.016996  dMax=0.930829  Dlo=0.008498  Dhi=0.473912  err=0.000000  inc=-0.490790  bucket 0->0  (mf=1000)
[MF-SEL] tPrev=(  d=0.013244  dMin=0.000000  dAvg=0.016986  dMax=0.930829  Dlo=0.008493  Dhi=0.473907  err=0.000000  inc=-0.490790  bucket 0->0  (mf=1000)
[MF-SEL] tPrev=(  d=0.018251  dMin=0.000000  dAvg=0.016989  dMax=0.930829  Dlo=0.008495  Dhi=0.473909  err=0.000000  inc=-0.490790  bucket 0->0  (mf=1000)
[MF-SEL] tPrev=(  d=0.018541  dMin=0.000000  dAvg=0.016993  dMax=0.930829  Dlo=0.008497  Dhi=0.473911  err=0.000000  inc=-0.490790  bucket 0->0  (mf=1000)
[MF-SEL] tPrev=(  d=0.024175  dMin=0.000000  dAvg=0.017012  dMax=0.930829  Dlo=0.008506  Dhi=0.473920  err=0.000000  inc=-0.490790  bucket 0->0  (mf=1000)
[MF-SEL] tPrev=(  d=0.025788  dMin=0.000000  dAvg=0.017035  dMax=0.930829  Dlo=0.008518  Dhi=0.473932  err=0.000000  inc=-0.490790  bucket 0->0  (mf=1000)
[MF-SEL] tPrev=(  d=0.027218  dMin=0.000000  dAvg=0.017061  dMax=0.930829  Dlo=0.008531  Dhi=0.473945  err=0.000000  inc=-0.490790  bucket 0->0  (mf=1000)
[MF-SEL] tPrev=(  d=0.020448  dMin=0.000000  dAvg=0.017070  dMax=0.930829  Dlo=0.008535  Dhi=0.473949  err=0.000000  inc=-0.490790  bucket 0->0  (mf=1000)
[MF-SEL] tPrev=(  d=0.011726  dMin=0.000000  dAvg=0.017056  dMax=0.930829  Dlo=0.008528  Dhi=0.473943  err=0.000000  inc=-0.490790  bucket 0->0  (mf=1000)
[MF-SEL] tPrev=(  d=0.018839  dMin=0.000000  dAvg=0.017061  dMax=0.930829  Dlo=0.008531  Dhi=0.473945  err=0.000000  inc=-0.490790  bucket 0->0  (mf=1000)
[MF-SEL] tPrev=(  d=0.005105  dMin=0.000000  dAvg=0.017030  dMax=0.930829  Dlo=0.008515  Dhi=0.473929  err=-1.000000  inc=-1.440299  bucket 0->0  (mf=1000)
[MF-SEL] tPrev=(  d=0.022349  dMin=0.000000  dAvg=0.017044  dMax=0.930829  Dlo=0.008522  Dhi=0.473936  err=0.000000  inc=-0.151391  bucket 0->0  (mf=1000)
[MF-SEL] tPrev=(  d=0.004820  dMin=0.000000  dAvg=0.017013  dMax=0.930829  Dlo=0.008506  Dhi=0.473921  err=-1.000000  inc=-1.421928  bucket 0->0  (mf=1000)
[MF-SEL] tPrev=(  d=0.006174  dMin=0.000000  dAvg=0.016985  dMax=0.930829  Dlo=0.008493  Dhi=0.473907  err=-1.000000  inc=-1.098142  bucket 0->0  (mf=1000)
[MF-SEL] tPrev=(  d=0.006532  dMin=0.000000  dAvg=0.016958  dMax=0.930829  Dlo=0.008479  Dhi=0.473894  err=-1.000000  inc=-1.100436  bucket 0->0  (mf=1000)
[MF-SEL] tPrev=(  d=0.007730  dMin=0.000000  dAvg=0.016935  dMax=0.930829  Dlo=0.008467  Dhi=0.473882  err=-1.000000  inc=-1.102827  bucket 0->0  (mf=1000)
[MF-SEL] tPrev=(  d=0.037272  dMin=0.000000  dAvg=0.016986  dMax=0.930829  Dlo=0.008493  Dhi=0.473908  err=0.000000  inc=-0.173287  bucket 0->0  (mf=1000)
[MF-SEL] tPrev=(  d=0.019286  dMin=0.000000  dAvg=0.016992  dMax=0.930829  Dlo=0.008496  Dhi=0.473910  err=0.000000  inc=-0.502827  bucket 0->0  (mf=1000)
[MF-SEL] tPrev=(  d=0.014940  dMin=0.000000  dAvg=0.016987  dMax=0.930829  Dlo=0.008494  Dhi=0.473908  err=0.000000  inc=-0.502827  bucket 0->0  (mf=1000)
[MF-SEL] tPrev=(  d=0.007000  dMin=0.000000  dAvg=0.016962  dMax=0.930829  Dlo=0.008481  Dhi=0.473895  err=-1.000000  inc=-1.431680  bucket 0->0  (mf=1000)
[MF-SEL] tPrev=(  d=0.033533  dMin=0.000000  dAvg=0.017004  dMax=0.930829  Dlo=0.008502  Dhi=0.473916  err=0.000000  inc=-0.163880  bucket 0->0  (mf=1000)
[MF-SEL] tPrev=(  d=0.026436  dMin=0.000000  dAvg=0.017027  dMax=0.930829  Dlo=0.008514  Dhi=0.473928  err=0.000000  inc=-0.505278  bucket 0->0  (mf=1000)
[MF-SEL] tPrev=(  d=0.017808  dMin=0.000000  dAvg=0.017029  dMax=0.930829  Dlo=0.008515  Dhi=0.473929  err=0.000000  inc=-0.505278  bucket 0->0  (mf=1000)
[MF-SEL] tPrev=(  d=0.021013  dMin=0.000000  dAvg=0.017039  dMax=0.930829  Dlo=0.008519  Dhi=0.473934  err=0.000000  inc=-0.505278  bucket 0->0  (mf=1000)
[MF-SEL] tPrev=(  d=0.017880  dMin=0.000000  dAvg=0.017041  dMax=0.930829  Dlo=0.008521  Dhi=0.473935  err=0.000000  inc=-0.505278  bucket 0->0  (mf=1000)
[MF-SEL] tPrev=(  d=0.014937  dMin=0.000000  dAvg=0.017036  dMax=0.930829  Dlo=0.008518  Dhi=0.473932  err=0.000000  inc=-0.505278  bucket 0->0  (mf=1000)
[MF-SEL] tPrev=(  d=0.022598  dMin=0.000000  dAvg=0.017050  dMax=0.930829  Dlo=0.008525  Dhi=0.473939  err=0.000000  inc=-0.505278  bucket 0->0  (mf=1000)
[MF-SEL] tPrev=(  d=0.043496  dMin=0.000000  dAvg=0.017115  dMax=0.930829  Dlo=0.008557  Dhi=0.473972  err=0.000000  inc=-0.505278  bucket 0->0  (mf=1000)
[MF-SEL] tPrev=(  d=0.018809  dMin=0.000000  dAvg=0.017119  dMax=0.930829  Dlo=0.008559  Dhi=0.473974  err=0.000000  inc=-0.505278  bucket 0->0  (mf=1000)
[MF-SEL] tPrev=(  d=0.020320  dMin=0.000000  dAvg=0.017127  dMax=0.930829  Dlo=0.008563  Dhi=0.473978  err=0.000000  inc=-0.505278  bucket 0->0  (mf=1000)
[MF-SEL] tPrev=(  d=0.014199  dMin=0.000000  dAvg=0.017120  dMax=0.930829  Dlo=0.008560  Dhi=0.473974  err=0.000000  inc=-0.505278  bucket 0->0  (mf=1000)
[MF-SEL] tPrev=(  d=0.013564  dMin=0.000000  dAvg=0.017111  dMax=0.930829  Dlo=0.008555  Dhi=0.473970  err=0.000000  inc=-0.505278  bucket 0->0  (mf=1000)
[MF-SEL] tPrev=(  d=0.034171  dMin=0.000000  dAvg=0.017152  dMax=0.930829  Dlo=0.008576  Dhi=0.473991  err=0.000000  inc=-0.505278  bucket 0->0  (mf=1000)
[MF-SEL] tPrev=(  d=0.017479  dMin=0.000000  dAvg=0.017153  dMax=0.930829  Dlo=0.008577  Dhi=0.473991  err=0.000000  inc=-0.505278  bucket 0->0  (mf=1000)
[MF-SEL] tPrev=(  d=0.006199  dMin=0.000000  dAvg=0.017127  dMax=0.930829  Dlo=0.008563  Dhi=0.473978  err=-1.000000  inc=-1.426237  bucket 0->0  (mf=1000)
[MF-SEL] tPrev=(  d=0.014941  dMin=0.000000  dAvg=0.017121  dMax=0.930829  Dlo=0.008561  Dhi=0.473975  err=0.000000  inc=-0.158089  bucket 0->0  (mf=1000)
[MF-SEL] tPrev=(  d=0.014945  dMin=0.000000  dAvg=0.017116  dMax=0.930829  Dlo=0.008558  Dhi=0.473972  err=0.000000  inc=-0.507790  bucket 0->0  (mf=1000)
[MF-SEL] tPrev=(  d=0.027618  dMin=0.000000  dAvg=0.017141  dMax=0.930829  Dlo=0.008571  Dhi=0.473985  err=0.000000  inc=-0.507790  bucket 0->0  (mf=1000)
[MF-SEL] tPrev=(  d=0.013375  dMin=0.000000  dAvg=0.017132  dMax=0.930829  Dlo=0.008566  Dhi=0.473981  err=0.000000  inc=-0.507790  bucket 0->0  (mf=1000)
[MF-SEL] tPrev=(  d=0.010278  dMin=0.000000  dAvg=0.017116  dMax=0.930829  Dlo=0.008558  Dhi=0.473972  err=0.000000  inc=-0.507790  bucket 0->0  (mf=1000)
[MF-SEL] tPrev=(  d=0.015269  dMin=0.000000  dAvg=0.017112  dMax=0.930829  Dlo=0.008556  Dhi=0.473970  err=0.000000  inc=-0.507790  bucket 0->0  (mf=1000)
[MF-SEL] tPrev=(  d=0.011865  dMin=0.000000  dAvg=0.017099  dMax=0.930829  Dlo=0.008550  Dhi=0.473964  err=0.000000  inc=-0.507790  bucket 0->0  (mf=1000)
[MF-SEL] tPrev=(  d=0.014939  dMin=0.000000  dAvg=0.017094  dMax=0.930829  Dlo=0.008547  Dhi=0.473961  err=0.000000  inc=-0.507790  bucket 0->0  (mf=1000)
[MF-SEL] tPrev=(  d=0.020976  dMin=0.000000  dAvg=0.017103  dMax=0.930829  Dlo=0.008552  Dhi=0.473966  err=0.000000  inc=-0.507790  bucket 0->0  (mf=1000)
[MF-SEL] tPrev=(  d=0.336596  dMin=0.000000  dAvg=0.017858  dMax=0.930829  Dlo=0.008929  Dhi=0.474344  err=0.000000  inc=-0.507790  bucket 0->0  (mf=1000)
[MF-SEL] tPrev=(  d=0.019509  dMin=0.000000  dAvg=0.017862  dMax=0.930829  Dlo=0.008931  Dhi=0.474346  err=0.000000  inc=-0.507790  bucket 0->0  (mf=1000)
[MF-SEL] tPrev=(  d=0.020631  dMin=0.000000  dAvg=0.017869  dMax=0.930829  Dlo=0.008934  Dhi=0.474349  err=0.000000  inc=-0.507790  bucket 0->0  (mf=1000)
[MF-SEL] tPrev=(  d=0.021752  dMin=0.000000  dAvg=0.017878  dMax=0.930829  Dlo=0.008939  Dhi=0.474353  err=0.000000  inc=-0.507790  bucket 0->0  (mf=1000)
[MF-SEL] tPrev=(  d=0.024940  dMin=0.000000  dAvg=0.017895  dMax=0.930829  Dlo=0.008947  Dhi=0.474362  err=0.000000  inc=-0.507790  bucket 0->0  (mf=1000)
[MF-SEL] tPrev=(  d=0.022904  dMin=0.000000  dAvg=0.017906  dMax=0.930829  Dlo=0.008953  Dhi=0.474367  err=0.000000  inc=-0.507790  bucket 0->0  (mf=1000)
[MF-SEL] tPrev=(  d=0.023932  dMin=0.000000  dAvg=0.017920  dMax=0.930829  Dlo=0.008960  Dhi=0.474374  err=0.000000  inc=-0.507790  bucket 0->0  (mf=1000)
[MF-SEL] tPrev=(  d=0.025053  dMin=0.000000  dAvg=0.017937  dMax=0.930829  Dlo=0.008968  Dhi=0.474383  err=0.000000  inc=-0.507790  bucket 0->0  (mf=1000)
[MF-SEL] tPrev=(  d=0.025995  dMin=0.000000  dAvg=0.017956  dMax=0.930829  Dlo=0.008978  Dhi=0.474392  err=0.000000  inc=-0.507790  bucket 0->0  (mf=1000)
[MF-SEL] tPrev=(  d=0.029956  dMin=0.000000  dAvg=0.017983  dMax=0.930829  Dlo=0.008992  Dhi=0.474406  err=0.000000  inc=-0.507790  bucket 0->0  (mf=1000)
[MF-SEL] tPrev=(  d=0.029205  dMin=0.000000  dAvg=0.018009  dMax=0.930829  Dlo=0.009005  Dhi=0.474419  err=0.000000  inc=-0.507790  bucket 0->0  (mf=1000)
[MF-SEL] tPrev=(  d=0.030283  dMin=0.000000  dAvg=0.018038  dMax=0.930829  Dlo=0.009019  Dhi=0.474433  err=0.000000  inc=-0.507790  bucket 0->0  (mf=1000)
[MF-SEL] tPrev=(  d=0.024780  dMin=0.000000  dAvg=0.018053  dMax=0.930829  Dlo=0.009027  Dhi=0.474441  err=0.000000  inc=-0.507790  bucket 0->0  (mf=1000)
[MF-SEL] tPrev=(  d=0.030745  dMin=0.000000  dAvg=0.018082  dMax=0.930829  Dlo=0.009041  Dhi=0.474455  err=0.000000  inc=-0.507790  bucket 0->0  (mf=1000)
[MF-SEL] tPrev=(  d=0.031419  dMin=0.000000  dAvg=0.018113  dMax=0.930829  Dlo=0.009056  Dhi=0.474471  err=0.000000  inc=-0.507790  bucket 0->0  (mf=1000)
[MF-SEL] tPrev=(  d=0.028755  dMin=0.000000  dAvg=0.018137  dMax=0.930829  Dlo=0.009068  Dhi=0.474483  err=0.000000  inc=-0.507790  bucket 0->0  (mf=1000)
[MF-SEL] tPrev=(  d=0.031375  dMin=0.000000  dAvg=0.018167  dMax=0.930829  Dlo=0.009084  Dhi=0.474498  err=0.000000  inc=-0.507790  bucket 0->0  (mf=1000)
[MF-SEL] tPrev=(  d=0.031840  dMin=0.000000  dAvg=0.018198  dMax=0.930829  Dlo=0.009099  Dhi=0.474513  err=0.000000  inc=-0.507790  bucket 0->0  (mf=1000)
[MF-SEL] tPrev=(  d=0.033615  dMin=0.000000  dAvg=0.018233  dMax=0.930829  Dlo=0.009117  Dhi=0.474531  err=0.000000  inc=-0.507790  bucket 0->0  (mf=1000)
[MF-SEL] tPrev=(  d=0.033035  dMin=0.000000  dAvg=0.018267  dMax=0.930829  Dlo=0.009133  Dhi=0.474548  err=0.000000  inc=-0.507790  bucket 0->0  (mf=1000)
[MF-SEL] tPrev=(  d=0.033520  dMin=0.000000  dAvg=0.018301  dMax=0.930829  Dlo=0.009151  Dhi=0.474565  err=0.000000  inc=-0.507790  bucket 0->0  (mf=1000)
[MF-SEL] tPrev=(  d=0.029566  dMin=0.000000  dAvg=0.018326  dMax=0.930829  Dlo=0.009163  Dhi=0.474578  err=0.000000  inc=-0.507790  bucket 0->0  (mf=1000)
[MF-SEL] tPrev=(  d=0.033985  dMin=0.000000  dAvg=0.018362  dMax=0.930829  Dlo=0.009181  Dhi=0.474595  err=0.000000  inc=-0.507790  bucket 0->0  (mf=1000)
[MF-SEL] tPrev=(  d=0.034543  dMin=0.000000  dAvg=0.018398  dMax=0.930829  Dlo=0.009199  Dhi=0.474613  err=0.000000  inc=-0.507790  bucket 0->0  (mf=1000)
[MF-SEL] tPrev=(  d=0.037061  dMin=0.000000  dAvg=0.018440  dMax=0.930829  Dlo=0.009220  Dhi=0.474634  err=0.000000  inc=-0.507790  bucket 0->0  (mf=1000)
[MF-SEL] tPrev=(  d=0.034983  dMin=0.000000  dAvg=0.018477  dMax=0.930829  Dlo=0.009238  Dhi=0.474653  err=0.000000  inc=-0.507790  bucket 0->0  (mf=1000)
[MF-SEL] tPrev=(  d=0.035329  dMin=0.000000  dAvg=0.018514  dMax=0.930829  Dlo=0.009257  Dhi=0.474671  err=0.000000  inc=-0.507790  bucket 0->0  (mf=1000)
[MF-SEL] tPrev=(  d=0.034862  dMin=0.000000  dAvg=0.018550  dMax=0.930829  Dlo=0.009275  Dhi=0.474690  err=0.000000  inc=-0.507790  bucket 0->0  (mf=1000)
[MF-SEL] tPrev=(  d=0.036206  dMin=0.000000  dAvg=0.018590  dMax=0.930829  Dlo=0.009295  Dhi=0.474709  err=0.000000  inc=-0.507790  bucket 0->0  (mf=1000)
[MF-SEL] tPrev=(  d=0.036913  dMin=0.000000  dAvg=0.018630  dMax=0.930829  Dlo=0.009315  Dhi=0.474729  err=0.000000  inc=-0.507790  bucket 0->0  (mf=1000)
[MF-SEL] tPrev=(  d=0.034504  dMin=0.000000  dAvg=0.018665  dMax=0.930829  Dlo=0.009333  Dhi=0.474747  err=0.000000  inc=-0.507790  bucket 0->0  (mf=1000)
[MF-SEL] tPrev=(  d=0.038267  dMin=0.000000  dAvg=0.018708  dMax=0.930829  Dlo=0.009354  Dhi=0.474769  err=0.000000  inc=-0.507790  bucket 0->0  (mf=1000)
[MF-SEL] tPrev=(  d=0.039165  dMin=0.000000  dAvg=0.018753  dMax=0.930829  Dlo=0.009377  Dhi=0.474791  err=0.000000  inc=-0.507790  bucket 0->0  (mf=1000)
[MF-SEL] tPrev=(  d=0.039799  dMin=0.000000  dAvg=0.018799  dMax=0.930829  Dlo=0.009400  Dhi=0.474814  err=0.000000  inc=-0.507790  bucket 0->0  (mf=1000)
[MF-SEL] tPrev=(  d=0.040994  dMin=0.000000  dAvg=0.018848  dMax=0.930829  Dlo=0.009424  Dhi=0.474838  err=0.000000  inc=-0.507790  bucket 0->0  (mf=1000)
[MF-SEL] tPrev=(  d=0.041462  dMin=0.000000  dAvg=0.018897  dMax=0.930829  Dlo=0.009449  Dhi=0.474863  err=0.000000  inc=-0.507790  bucket 0->0  (mf=1000)
[MF-SEL] tPrev=(  d=0.041183  dMin=0.000000  dAvg=0.018946  dMax=0.930829  Dlo=0.009473  Dhi=0.474887  err=0.000000  inc=-0.507790  bucket 0->0  (mf=1000)
[MF-SEL] tPrev=(  d=0.041335  dMin=0.000000  dAvg=0.018995  dMax=0.930829  Dlo=0.009497  Dhi=0.474912  err=0.000000  inc=-0.507790  bucket 0->0  (mf=1000)
[MF-SEL] tPrev=(  d=0.041450  dMin=0.000000  dAvg=0.019043  dMax=0.930829  Dlo=0.009522  Dhi=0.474936  err=0.000000  inc=-0.507790  bucket 0->0  (mf=1000)
[MF-SEL] tPrev=(  d=0.041452  dMin=0.000000  dAvg=0.019092  dMax=0.930829  Dlo=0.009546  Dhi=0.474960  err=0.000000  inc=-0.507790  bucket 0->0  (mf=1000)
[MF-SEL] tPrev=(  d=0.031727  dMin=0.000000  dAvg=0.019119  dMax=0.930829  Dlo=0.009560  Dhi=0.474974  err=0.000000  inc=-0.507790  bucket 0->0  (mf=1000)
[MF-SEL] tPrev=(  d=0.041720  dMin=0.000000  dAvg=0.019168  dMax=0.930829  Dlo=0.009584  Dhi=0.474998  err=0.000000  inc=-0.507790  bucket 0->0  (mf=1000)
[MF-SEL] tPrev=(  d=0.042180  dMin=0.000000  dAvg=0.019217  dMax=0.930829  Dlo=0.009609  Dhi=0.475023  err=0.000000  inc=-0.507790  bucket 0->0  (mf=1000)
[MF-SEL] tPrev=(  d=0.042977  dMin=0.000000  dAvg=0.019268  dMax=0.930829  Dlo=0.009634  Dhi=0.475049  err=0.000000  inc=-0.507790  bucket 0->0  (mf=1000)
[MF-SEL] tPrev=(  d=0.041730  dMin=0.000000  dAvg=0.019316  dMax=0.930829  Dlo=0.009658  Dhi=0.475073  err=0.000000  inc=-0.507790  bucket 0->0  (mf=1000)
[MF-SEL] tPrev=(  d=0.044930  dMin=0.000000  dAvg=0.019371  dMax=0.930829  Dlo=0.009686  Dhi=0.475100  err=0.000000  inc=-0.507790  bucket 0->0  (mf=1000)
[MF-SEL] tPrev=(  d=0.045784  dMin=0.000000  dAvg=0.019427  dMax=0.930829  Dlo=0.009714  Dhi=0.475128  err=0.000000  inc=-0.507790  bucket 0->0  (mf=1000)
[MF-SEL] tPrev=(  d=0.046649  dMin=0.000000  dAvg=0.019485  dMax=0.930829  Dlo=0.009743  Dhi=0.475157  err=0.000000  inc=-0.507790  bucket 0->0  (mf=1000)
[MF-SEL] tPrev=(  d=0.047476  dMin=0.000000  dAvg=0.019545  dMax=0.930829  Dlo=0.009772  Dhi=0.475187  err=0.000000  inc=-0.507790  bucket 0->0  (mf=1000)
[MF-SEL] tPrev=(  d=0.044998  dMin=0.000000  dAvg=0.019599  dMax=0.930829  Dlo=0.009799  Dhi=0.475214  err=0.000000  inc=-0.507790  bucket 0->0  (mf=1000)
[MF-SEL] tPrev=(  d=0.049882  dMin=0.000000  dAvg=0.019663  dMax=0.930829  Dlo=0.009831  Dhi=0.475246  err=0.000000  inc=-0.507790  bucket 0->0  (mf=1000)
[MF-SEL] tPrev=(  d=0.050940  dMin=0.000000  dAvg=0.019729  dMax=0.930829  Dlo=0.009864  Dhi=0.475279  err=0.000000  inc=-0.507790  bucket 0->0  (mf=1000)
[MF-SEL] tPrev=(  d=0.049139  dMin=0.000000  dAvg=0.019791  dMax=0.930829  Dlo=0.009895  Dhi=0.475310  err=0.000000  inc=-0.507790  bucket 0->0  (mf=1000)
[MF-SEL] tPrev=(  d=0.051438  dMin=0.000000  dAvg=0.019857  dMax=0.930829  Dlo=0.009929  Dhi=0.475343  err=0.000000  inc=-0.507790  bucket 0->0  (mf=1000)
Dropping frame 1403638152.995097
start VIBA 1
[MF-SEL] tPrev=(  d=0.086990  dMin=0.000000  dAvg=0.019998  dMax=0.930829  Dlo=0.009999  Dhi=0.475413  err=0.000000  inc=-0.507790  bucket 0->0  (mf=1000)
[MF-SEL] tPrev=(  d=0.050229  dMin=0.000000  dAvg=0.020061  dMax=0.930829  Dlo=0.010031  Dhi=0.475445  err=0.000000  inc=-0.507790  bucket 0->0  (mf=1000)
[MF-SEL] tPrev=(  d=0.050276  dMin=0.000000  dAvg=0.020124  dMax=0.930829  Dlo=0.010062  Dhi=0.475476  err=0.000000  inc=-0.507790  bucket 0->0  (mf=1000)
[MF-SEL] tPrev=(  d=0.050478  dMin=0.000000  dAvg=0.020187  dMax=0.930829  Dlo=0.010094  Dhi=0.475508  err=0.000000  inc=-0.507790  bucket 0->0  (mf=1000)
end VIBA 1
[MF-SEL] tPrev=(  d=0.058442  dMin=0.000000  dAvg=0.020267  dMax=0.930829  Dlo=0.010133  Dhi=0.475548  err=0.000000  inc=-0.507790  bucket 0->0  (mf=1000)
[MF-SEL] tPrev=(  d=0.052179  dMin=0.000000  dAvg=0.020333  dMax=0.930829  Dlo=0.010167  Dhi=0.475581  err=0.000000  inc=-0.507790  bucket 0->0  (mf=1000)
[MF-SEL] tPrev=(  d=0.051848  dMin=0.000000  dAvg=0.020398  dMax=0.930829  Dlo=0.010199  Dhi=0.475614  err=0.000000  inc=-0.507790  bucket 0->0  (mf=1000)
Dropping frame 1403638153.395097
[MF-SEL] tPrev=(  d=0.079208  dMin=0.000000  dAvg=0.020520  dMax=0.930829  Dlo=0.010260  Dhi=0.475674  err=0.000000  inc=-0.507790  bucket 0->0  (mf=1000)
[MF-SEL] tPrev=(  d=0.050499  dMin=0.000000  dAvg=0.020582  dMax=0.930829  Dlo=0.010291  Dhi=0.475705  err=0.000000  inc=-0.507790  bucket 0->0  (mf=1000)
Dropping frame 1403638153.545097
[MF-SEL] tPrev=(  d=0.108660  dMin=0.000000  dAvg=0.020763  dMax=0.930829  Dlo=0.010381  Dhi=0.475796  err=0.000000  inc=-0.507790  bucket 0->0  (mf=1000)
Dropping frame 1403638153.645097
[MF-SEL] tPrev=(  d=0.110297  dMin=0.000000  dAvg=0.020947  dMax=0.930829  Dlo=0.010473  Dhi=0.475888  err=0.000000  inc=-0.507790  bucket 0->0  (mf=1000)
[MF-SEL] tPrev=(  d=0.054044  dMin=0.000000  dAvg=0.021015  dMax=0.930829  Dlo=0.010507  Dhi=0.475922  err=0.000000  inc=-0.507790  bucket 0->0  (mf=1000)
[MF-SEL] tPrev=(  d=0.057332  dMin=0.000000  dAvg=0.021089  dMax=0.930829  Dlo=0.010544  Dhi=0.475959  err=0.000000  inc=-0.507790  bucket 0->0  (mf=1000)
Dropping frame 1403638153.845097
[MF-SEL] tPrev=(  d=0.113958  dMin=0.000000  dAvg=0.021278  dMax=0.930829  Dlo=0.010639  Dhi=0.476054  err=0.000000  inc=-0.507790  bucket 0->0  (mf=1000)
[MF-SEL] tPrev=(  d=0.059156  dMin=0.000000  dAvg=0.021356  dMax=0.930829  Dlo=0.010678  Dhi=0.476092  err=0.000000  inc=-0.507790  bucket 0->0  (mf=1000)
Dropping frame 1403638153.995097
[MF-SEL] tPrev=(  d=0.119713  dMin=0.000000  dAvg=0.021556  dMax=0.930829  Dlo=0.010778  Dhi=0.476192  err=0.000000  inc=-0.507790  bucket 0->0  (mf=1000)
Dropping frame 1403638154.095097
[MF-SEL] tPrev=(  d=0.118523  dMin=0.000000  dAvg=0.021752  dMax=0.930829  Dlo=0.010876  Dhi=0.476290  err=0.000000  inc=-0.507790  bucket 0->0  (mf=1000)
[MF-SEL] tPrev=(  d=0.059084  dMin=0.000000  dAvg=0.021828  dMax=0.930829  Dlo=0.010914  Dhi=0.476328  err=0.000000  inc=-0.507790  bucket 0->0  (mf=1000)
[MF-SEL] tPrev=(  d=0.059449  dMin=0.000000  dAvg=0.021904  dMax=0.930829  Dlo=0.010952  Dhi=0.476366  err=0.000000  inc=-0.507790  bucket 0->0  (mf=1000)
Dropping frame 1403638154.295097
[MF-SEL] tPrev=(  d=0.129765  dMin=0.000000  dAvg=0.022121  dMax=0.930829  Dlo=0.011061  Dhi=0.476475  err=0.000000  inc=-0.507790  bucket 0->0  (mf=1000)
[MF-SEL] tPrev=(  d=0.059879  dMin=0.000000  dAvg=0.022197  dMax=0.930829  Dlo=0.011099  Dhi=0.476513  err=0.000000  inc=-0.507790  bucket 0->0  (mf=1000)
Dropping frame 1403638154.445097
[MF-SEL] tPrev=(  d=0.130123  dMin=0.000000  dAvg=0.022414  dMax=0.930829  Dlo=0.011207  Dhi=0.476621  err=0.000000  inc=-0.507790  bucket 0->0  (mf=1000)
[MF-SEL] tPrev=(  d=0.058775  dMin=0.000000  dAvg=0.022487  dMax=0.930829  Dlo=0.011243  Dhi=0.476658  err=0.000000  inc=-0.507790  bucket 0->0  (mf=1000)
[MF-SEL] tPrev=(  d=0.057250  dMin=0.000000  dAvg=0.022556  dMax=0.930829  Dlo=0.011278  Dhi=0.476693  err=0.000000  inc=-0.507790  bucket 0->0  (mf=1000)
Dropping frame 1403638154.645097
[MF-SEL] tPrev=(  d=0.120017  dMin=0.000000  dAvg=0.022751  dMax=0.930829  Dlo=0.011375  Dhi=0.476790  err=0.000000  inc=-0.507790  bucket 0->0  (mf=1000)
[MF-SEL] tPrev=(  d=0.054210  dMin=0.000000  dAvg=0.022814  dMax=0.930829  Dlo=0.011407  Dhi=0.476821  err=0.000000  inc=-0.507790  bucket 0->0  (mf=1000)
[MF-SEL] tPrev=(  d=0.053903  dMin=0.000000  dAvg=0.022875  dMax=0.930829  Dlo=0.011438  Dhi=0.476852  err=0.000000  inc=-0.507790  bucket 0->0  (mf=1000)
[MF-SEL] tPrev=(  d=0.035518  dMin=0.000000  dAvg=0.022900  dMax=0.930829  Dlo=0.011450  Dhi=0.476865  err=0.000000  inc=-0.507790  bucket 0->0  (mf=1000)
Dropping frame 1403638154.895097
[MF-SEL] tPrev=(  d=0.108054  dMin=0.000000  dAvg=0.023069  dMax=0.930829  Dlo=0.011535  Dhi=0.476949  err=0.000000  inc=-0.507790  bucket 0->0  (mf=1000)
[MF-SEL] tPrev=(  d=0.055018  dMin=0.000000  dAvg=0.023132  dMax=0.930829  Dlo=0.011566  Dhi=0.476980  err=0.000000  inc=-0.507790  bucket 0->0  (mf=1000)
Dropping frame 1403638155.045097
[MF-SEL] tPrev=(  d=0.110419  dMin=0.000000  dAvg=0.023304  dMax=0.930829  Dlo=0.011652  Dhi=0.477067  err=0.000000  inc=-0.507790  bucket 0->0  (mf=1000)
[MF-SEL] tPrev=(  d=0.062187  dMin=0.000000  dAvg=0.023381  dMax=0.930829  Dlo=0.011690  Dhi=0.477105  err=0.000000  inc=-0.507790  bucket 0->0  (mf=1000)
[MF-SEL] tPrev=(  d=0.055667  dMin=0.000000  dAvg=0.023444  dMax=0.930829  Dlo=0.011722  Dhi=0.477136  err=0.000000  inc=-0.507790  bucket 0->0  (mf=1000)
Dropping frame 1403638155.245097
[MF-SEL] tPrev=(  d=0.111086  dMin=0.000000  dAvg=0.023616  dMax=0.930829  Dlo=0.011808  Dhi=0.477222  err=0.000000  inc=-0.507790  bucket 0->0  (mf=1000)
[MF-SEL] tPrev=(  d=0.056908  dMin=0.000000  dAvg=0.023681  dMax=0.930829  Dlo=0.011841  Dhi=0.477255  err=0.000000  inc=-0.507790  bucket 0->0  (mf=1000)
[MF-SEL] tPrev=(  d=0.056716  dMin=0.000000  dAvg=0.023746  dMax=0.930829  Dlo=0.011873  Dhi=0.477287  err=0.000000  inc=-0.507790  bucket 0->0  (mf=1000)
[MF-SEL] tPrev=(  d=0.062760  dMin=0.000000  dAvg=0.023822  dMax=0.930829  Dlo=0.011911  Dhi=0.477325  err=0.000000  inc=-0.507790  bucket 0->0  (mf=1000)
[MF-SEL] tPrev=(  d=0.057493  dMin=0.000000  dAvg=0.023887  dMax=0.930829  Dlo=0.011944  Dhi=0.477358  err=0.000000  inc=-0.507790  bucket 0->0  (mf=1000)
[MF-SEL] tPrev=(  d=0.058057  dMin=0.000000  dAvg=0.023954  dMax=0.930829  Dlo=0.011977  Dhi=0.477391  err=0.000000  inc=-0.507790  bucket 0->0  (mf=1000)
[MF-SEL] tPrev=(  d=0.059183  dMin=0.000000  dAvg=0.024022  dMax=0.930829  Dlo=0.012011  Dhi=0.477425  err=0.000000  inc=-0.507790  bucket 0->0  (mf=1000)
[MF-SEL] tPrev=(  d=0.057831  dMin=0.000000  dAvg=0.024087  dMax=0.930829  Dlo=0.012044  Dhi=0.477458  err=0.000000  inc=-0.507790  bucket 0->0  (mf=1000)
[MF-SEL] tPrev=(  d=0.057579  dMin=0.000000  dAvg=0.024152  dMax=0.930829  Dlo=0.012076  Dhi=0.477490  err=0.000000  inc=-0.507790  bucket 0->0  (mf=1000)
[MF-SEL] tPrev=(  d=0.038326  dMin=0.000000  dAvg=0.024179  dMax=0.930829  Dlo=0.012090  Dhi=0.477504  err=0.000000  inc=-0.507790  bucket 0->0  (mf=1000)
[MF-SEL] tPrev=(  d=0.055567  dMin=0.000000  dAvg=0.024240  dMax=0.930829  Dlo=0.012120  Dhi=0.477534  err=0.000000  inc=-0.507790  bucket 0->0  (mf=1000)
[MF-SEL] tPrev=(  d=0.055147  dMin=0.000000  dAvg=0.024299  dMax=0.930829  Dlo=0.012150  Dhi=0.477564  err=0.000000  inc=-0.507790  bucket 0->0  (mf=1000)
[MF-SEL] tPrev=(  d=0.043908  dMin=0.000000  dAvg=0.024337  dMax=0.930829  Dlo=0.012168  Dhi=0.477583  err=0.000000  inc=-0.507790  bucket 0->0  (mf=1000)
Dropping frame 1403638155.945097
[MF-SEL] tPrev=(  d=0.107219  dMin=0.000000  dAvg=0.024495  dMax=0.930829  Dlo=0.012248  Dhi=0.477662  err=0.000000  inc=-0.507790  bucket 0->0  (mf=1000)
[MF-SEL] tPrev=(  d=0.039114  dMin=0.000000  dAvg=0.024523  dMax=0.930829  Dlo=0.012261  Dhi=0.477676  err=0.000000  inc=-0.507790  bucket 0->0  (mf=1000)
[MF-SEL] tPrev=(  d=0.052397  dMin=0.000000  dAvg=0.024576  dMax=0.930829  Dlo=0.012288  Dhi=0.477702  err=0.000000  inc=-0.507790  bucket 0->0  (mf=1000)
[MF-SEL] tPrev=(  d=0.051608  dMin=0.000000  dAvg=0.024627  dMax=0.930829  Dlo=0.012314  Dhi=0.477728  err=0.000000  inc=-0.507790  bucket 0->0  (mf=1000)
[MF-SEL] tPrev=(  d=0.043703  dMin=0.000000  dAvg=0.024664  dMax=0.930829  Dlo=0.012332  Dhi=0.477746  err=0.000000  inc=-0.507790  bucket 0->0  (mf=1000)
[MF-SEL] tPrev=(  d=0.052158  dMin=0.000000  dAvg=0.024716  dMax=0.930829  Dlo=0.012358  Dhi=0.477772  err=0.000000  inc=-0.507790  bucket 0->0  (mf=1000)
[MF-SEL] tPrev=(  d=0.052269  dMin=0.000000  dAvg=0.024768  dMax=0.930829  Dlo=0.012384  Dhi=0.477798  err=0.000000  inc=-0.507790  bucket 0->0  (mf=1000)
[MF-SEL] tPrev=(  d=0.041125  dMin=0.000000  dAvg=0.024799  dMax=0.930829  Dlo=0.012399  Dhi=0.477814  err=0.000000  inc=-0.507790  bucket 0->0  (mf=1000)
Dropping frame 1403638156.395097
[MF-SEL] tPrev=(  d=0.102561  dMin=0.000000  dAvg=0.024945  dMax=0.930829  Dlo=0.012473  Dhi=0.477887  err=0.000000  inc=-0.507790  bucket 0->0  (mf=1000)
[MF-SEL] tPrev=(  d=0.036472  dMin=0.000000  dAvg=0.024967  dMax=0.930829  Dlo=0.012483  Dhi=0.477898  err=0.000000  inc=-0.507790  bucket 0->0  (mf=1000)
[MF-SEL] tPrev=(  d=0.051279  dMin=0.000000  dAvg=0.025016  dMax=0.930829  Dlo=0.012508  Dhi=0.477922  err=0.000000  inc=-0.507790  bucket 0->0  (mf=1000)
Dropping frame 1403638156.595097
[MF-SEL] tPrev=(  d=0.091137  dMin=0.000000  dAvg=0.025140  dMax=0.930829  Dlo=0.012570  Dhi=0.477984  err=0.000000  inc=-0.507790  bucket 0->0  (mf=1000)
Dropping frame 1403638156.695097
[MF-SEL] tPrev=(  d=0.101462  dMin=0.000000  dAvg=0.025283  dMax=0.930829  Dlo=0.012641  Dhi=0.478056  err=0.000000  inc=-0.507790  bucket 0->0  (mf=1000)
[MF-SEL] tPrev=(  d=0.036274  dMin=0.000000  dAvg=0.025303  dMax=0.930829  Dlo=0.012652  Dhi=0.478066  err=0.000000  inc=-0.507790  bucket 0->0  (mf=1000)
[MF-SEL] tPrev=(  d=0.051924  dMin=0.000000  dAvg=0.025353  dMax=0.930829  Dlo=0.012676  Dhi=0.478091  err=0.000000  inc=-0.507790  bucket 0->0  (mf=1000)
[MF-SEL] tPrev=(  d=0.052247  dMin=0.000000  dAvg=0.025403  dMax=0.930829  Dlo=0.012701  Dhi=0.478116  err=0.000000  inc=-0.507790  bucket 0->0  (mf=1000)
[MF-SEL] tPrev=(  d=0.029598  dMin=0.000000  dAvg=0.025411  dMax=0.930829  Dlo=0.012705  Dhi=0.478120  err=0.000000  inc=-0.507790  bucket 0->0  (mf=1000)
[MF-SEL] tPrev=(  d=0.052090  dMin=0.000000  dAvg=0.025460  dMax=0.930829  Dlo=0.012730  Dhi=0.478144  err=0.000000  inc=-0.507790  bucket 0->0  (mf=1000)
[MF-SEL] tPrev=(  d=0.053725  dMin=0.000000  dAvg=0.025512  dMax=0.930829  Dlo=0.012756  Dhi=0.478170  err=0.000000  inc=-0.507790  bucket 0->0  (mf=1000)
[MF-SEL] tPrev=(  d=0.054945  dMin=0.000000  dAvg=0.025566  dMax=0.930829  Dlo=0.012783  Dhi=0.478198  err=0.000000  inc=-0.507790  bucket 0->0  (mf=1000)
[MF-SEL] tPrev=(  d=0.055674  dMin=0.000000  dAvg=0.025622  dMax=0.930829  Dlo=0.012811  Dhi=0.478225  err=0.000000  inc=-0.507790  bucket 0->0  (mf=1000)
[MF-SEL] tPrev=(  d=0.056748  dMin=0.000000  dAvg=0.025679  dMax=0.930829  Dlo=0.012840  Dhi=0.478254  err=0.000000  inc=-0.507790  bucket 0->0  (mf=1000)
Dropping frame 1403638157.245097
[MF-SEL] tPrev=(  d=0.115522  dMin=0.000000  dAvg=0.025844  dMax=0.930829  Dlo=0.012922  Dhi=0.478336  err=0.000000  inc=-0.507790  bucket 0->0  (mf=1000)
[MF-SEL] tPrev=(  d=0.063104  dMin=0.000000  dAvg=0.025912  dMax=0.930829  Dlo=0.012956  Dhi=0.478370  err=0.000000  inc=-0.507790  bucket 0->0  (mf=1000)
[MF-SEL] tPrev=(  d=0.060564  dMin=0.000000  dAvg=0.025976  dMax=0.930829  Dlo=0.012988  Dhi=0.478402  err=0.000000  inc=-0.507790  bucket 0->0  (mf=1000)
[MF-SEL] tPrev=(  d=0.061391  dMin=0.000000  dAvg=0.026040  dMax=0.930829  Dlo=0.013020  Dhi=0.478434  err=0.000000  inc=-0.507790  bucket 0->0  (mf=1000)
[MF-SEL] tPrev=(  d=0.046989  dMin=0.000000  dAvg=0.026078  dMax=0.930829  Dlo=0.013039  Dhi=0.478454  err=0.000000  inc=-0.507790  bucket 0->0  (mf=1000)
[MF-SEL] tPrev=(  d=0.062204  dMin=0.000000  dAvg=0.026144  dMax=0.930829  Dlo=0.013072  Dhi=0.478486  err=0.000000  inc=-0.507790  bucket 0->0  (mf=1000)
[MF-SEL] tPrev=(  d=0.062964  dMin=0.000000  dAvg=0.026211  dMax=0.930829  Dlo=0.013105  Dhi=0.478520  err=0.000000  inc=-0.507790  bucket 0->0  (mf=1000)
[MF-SEL] tPrev=(  d=0.056419  dMin=0.000000  dAvg=0.026266  dMax=0.930829  Dlo=0.013133  Dhi=0.478547  err=0.000000  inc=-0.507790  bucket 0->0  (mf=1000)
[MF-SEL] tPrev=(  d=0.062656  dMin=0.000000  dAvg=0.026331  dMax=0.930829  Dlo=0.013166  Dhi=0.478580  err=0.000000  inc=-0.507790  bucket 0->0  (mf=1000)
[MF-SEL] tPrev=(  d=0.062906  dMin=0.000000  dAvg=0.026397  dMax=0.930829  Dlo=0.013199  Dhi=0.478613  err=0.000000  inc=-0.507790  bucket 0->0  (mf=1000)
[MF-SEL] tPrev=(  d=0.056958  dMin=0.000000  dAvg=0.026452  dMax=0.930829  Dlo=0.013226  Dhi=0.478641  err=0.000000  inc=-0.507790  bucket 0->0  (mf=1000)
[MF-SEL] tPrev=(  d=0.062414  dMin=0.000000  dAvg=0.026517  dMax=0.930829  Dlo=0.013259  Dhi=0.478673  err=0.000000  inc=-0.507790  bucket 0->0  (mf=1000)
[MF-SEL] tPrev=(  d=0.062757  dMin=0.000000  dAvg=0.026582  dMax=0.930829  Dlo=0.013291  Dhi=0.478705  err=0.000000  inc=-0.507790  bucket 0->0  (mf=1000)
[MF-SEL] tPrev=(  d=0.062574  dMin=0.000000  dAvg=0.026647  dMax=0.930829  Dlo=0.013323  Dhi=0.478738  err=0.000000  inc=-0.507790  bucket 0->0  (mf=1000)
[MF-SEL] tPrev=(  d=0.062588  dMin=0.000000  dAvg=0.026711  dMax=0.930829  Dlo=0.013356  Dhi=0.478770  err=0.000000  inc=-0.507790  bucket 0->0  (mf=1000)
[MF-SEL] tPrev=(  d=0.062008  dMin=0.000000  dAvg=0.026774  dMax=0.930829  Dlo=0.013387  Dhi=0.478801  err=0.000000  inc=-0.507790  bucket 0->0  (mf=1000)
[MF-SEL] tPrev=(  d=0.043023  dMin=0.000000  dAvg=0.026803  dMax=0.930829  Dlo=0.013402  Dhi=0.478816  err=0.000000  inc=-0.507790  bucket 0->0  (mf=1000)
[MF-SEL] tPrev=(  d=0.060983  dMin=0.000000  dAvg=0.026864  dMax=0.930829  Dlo=0.013432  Dhi=0.478846  err=0.000000  inc=-0.507790  bucket 0->0  (mf=1000)
[MF-SEL] tPrev=(  d=0.060759  dMin=0.000000  dAvg=0.026924  dMax=0.930829  Dlo=0.013462  Dhi=0.478876  err=0.000000  inc=-0.507790  bucket 0->0  (mf=1000)
[MF-SEL] tPrev=(  d=0.052704  dMin=0.000000  dAvg=0.026970  dMax=0.930829  Dlo=0.013485  Dhi=0.478899  err=0.000000  inc=-0.507790  bucket 0->0  (mf=1000)
[MF-SEL] tPrev=(  d=0.060131  dMin=0.000000  dAvg=0.027028  dMax=0.930829  Dlo=0.013514  Dhi=0.478929  err=0.000000  inc=-0.507790  bucket 0->0  (mf=1000)
Dropping frame 1403638158.345097
[MF-SEL] tPrev=(  d=0.127743  dMin=0.000000  dAvg=0.027206  dMax=0.930829  Dlo=0.013603  Dhi=0.479018  err=0.000000  inc=-0.507790  bucket 0->0  (mf=1000)
[MF-SEL] tPrev=(  d=0.059715  dMin=0.000000  dAvg=0.027264  dMax=0.930829  Dlo=0.013632  Dhi=0.479046  err=0.000000  inc=-0.507790  bucket 0->0  (mf=1000)
[MF-SEL] tPrev=(  d=0.059021  dMin=0.000000  dAvg=0.027320  dMax=0.930829  Dlo=0.013660  Dhi=0.479074  err=0.000000  inc=-0.507790  bucket 0->0  (mf=1000)
[MF-SEL] tPrev=(  d=0.028250  dMin=0.000000  dAvg=0.027321  dMax=0.930829  Dlo=0.013661  Dhi=0.479075  err=0.000000  inc=-0.507790  bucket 0->0  (mf=1000)
[MF-SEL] tPrev=(  d=0.058576  dMin=0.000000  dAvg=0.027376  dMax=0.930829  Dlo=0.013688  Dhi=0.479102  err=0.000000  inc=-0.507790  bucket 0->0  (mf=1000)
[MF-SEL] tPrev=(  d=0.058513  dMin=0.000000  dAvg=0.027431  dMax=0.930829  Dlo=0.013715  Dhi=0.479130  err=0.000000  inc=-0.507790  bucket 0->0  (mf=1000)
Dropping frame 1403638158.695097
[MF-SEL] tPrev=(  d=0.095657  dMin=0.000000  dAvg=0.027550  dMax=0.930829  Dlo=0.013775  Dhi=0.479189  err=0.000000  inc=-0.507790  bucket 0->0  (mf=1000)
[MF-SEL] tPrev=(  d=0.057295  dMin=0.000000  dAvg=0.027602  dMax=0.930829  Dlo=0.013801  Dhi=0.479215  err=0.000000  inc=-0.507790  bucket 0->0  (mf=1000)
[MF-SEL] tPrev=(  d=0.056865  dMin=0.000000  dAvg=0.027653  dMax=0.930829  Dlo=0.013826  Dhi=0.479241  err=0.000000  inc=-0.507790  bucket 0->0  (mf=1000)
[MF-SEL] tPrev=(  d=0.056428  dMin=0.000000  dAvg=0.027703  dMax=0.930829  Dlo=0.013851  Dhi=0.479266  err=0.000000  inc=-0.507790  bucket 0->0  (mf=1000)
[MF-SEL] tPrev=(  d=0.049012  dMin=0.000000  dAvg=0.027740  dMax=0.930829  Dlo=0.013870  Dhi=0.479284  err=0.000000  inc=-0.507790  bucket 0->0  (mf=1000)
[MF-SEL] tPrev=(  d=0.056476  dMin=0.000000  dAvg=0.027790  dMax=0.930829  Dlo=0.013895  Dhi=0.479309  err=0.000000  inc=-0.507790  bucket 0->0  (mf=1000)
[MF-SEL] tPrev=(  d=0.056140  dMin=0.000000  dAvg=0.027839  dMax=0.930829  Dlo=0.013919  Dhi=0.479334  err=0.000000  inc=-0.507790  bucket 0->0  (mf=1000)
[MF-SEL] tPrev=(  d=0.057045  dMin=0.000000  dAvg=0.027889  dMax=0.930829  Dlo=0.013945  Dhi=0.479359  err=0.000000  inc=-0.507790  bucket 0->0  (mf=1000)
[MF-SEL] tPrev=(  d=0.061621  dMin=0.000000  dAvg=0.027947  dMax=0.930829  Dlo=0.013974  Dhi=0.479388  err=0.000000  inc=-0.507790  bucket 0->0  (mf=1000)
Dropping frame 1403638159.195097
[MF-SEL] tPrev=(  d=0.118243  dMin=0.000000  dAvg=0.028103  dMax=0.930829  Dlo=0.014051  Dhi=0.479466  err=0.000000  inc=-0.507790  bucket 0->0  (mf=1000)
[MF-SEL] tPrev=(  d=0.071132  dMin=0.000000  dAvg=0.028177  dMax=0.930829  Dlo=0.014088  Dhi=0.479503  err=0.000000  inc=-0.507790  bucket 0->0  (mf=1000)
[MF-SEL] tPrev=(  d=0.064163  dMin=0.000000  dAvg=0.028238  dMax=0.930829  Dlo=0.014119  Dhi=0.479534  err=0.000000  inc=-0.507790  bucket 0->0  (mf=1000)
Dropping frame 1403638159.395097
[MF-SEL] tPrev=(  d=0.129001  dMin=0.000000  dAvg=0.028411  dMax=0.930829  Dlo=0.014205  Dhi=0.479620  err=0.000000  inc=-0.507790  bucket 0->0  (mf=1000)
Dropping frame 1403638159.495097
[MF-SEL] tPrev=(  d=0.135772  dMin=0.000000  dAvg=0.028594  dMax=0.930829  Dlo=0.014297  Dhi=0.479712  err=0.000000  inc=-0.507790  bucket 0->0  (mf=1000)
[MF-SEL] tPrev=(  d=0.085933  dMin=0.000000  dAvg=0.028692  dMax=0.930829  Dlo=0.014346  Dhi=0.479760  err=0.000000  inc=-0.507790  bucket 0->0  (mf=1000)
[MF-SEL] tPrev=(  d=0.065674  dMin=0.000000  dAvg=0.028755  dMax=0.930829  Dlo=0.014378  Dhi=0.479792  err=0.000000  inc=-0.507790  bucket 0->0  (mf=1000)
[MF-SEL] tPrev=(  d=0.064581  dMin=0.000000  dAvg=0.028816  dMax=0.930829  Dlo=0.014408  Dhi=0.479822  err=0.000000  inc=-0.507790  bucket 0->0  (mf=1000)
Dropping frame 1403638159.745097
[MF-SEL] tPrev=(  d=0.103469  dMin=0.000000  dAvg=0.028943  dMax=0.930829  Dlo=0.014471  Dhi=0.479886  err=0.000000  inc=-0.507790  bucket 0->0  (mf=1000)
[MF-SEL] tPrev=(  d=0.057725  dMin=0.000000  dAvg=0.028992  dMax=0.930829  Dlo=0.014496  Dhi=0.479910  err=0.000000  inc=-0.507790  bucket 0->0  (mf=1000)
[MF-SEL] tPrev=(  d=0.056330  dMin=0.000000  dAvg=0.029038  dMax=0.930829  Dlo=0.014519  Dhi=0.479933  err=0.000000  inc=-0.507790  bucket 0->0  (mf=1000)
[MF-SEL] tPrev=(  d=0.053821  dMin=0.000000  dAvg=0.029080  dMax=0.930829  Dlo=0.014540  Dhi=0.479954  err=0.000000  inc=-0.507790  bucket 0->0  (mf=1000)
Dropping frame 1403638159.995097
[MF-SEL] tPrev=(  d=0.101447  dMin=0.000000  dAvg=0.029202  dMax=0.930829  Dlo=0.014601  Dhi=0.480015  err=0.000000  inc=-0.507790  bucket 0->0  (mf=1000)
[MF-SEL] tPrev=(  d=0.052236  dMin=0.000000  dAvg=0.029241  dMax=0.930829  Dlo=0.014620  Dhi=0.480035  err=0.000000  inc=-0.507790  bucket 0->0  (mf=1000)
Dropping frame 1403638160.145097
[MF-SEL] tPrev=(  d=0.103324  dMin=0.000000  dAvg=0.029365  dMax=0.930829  Dlo=0.014683  Dhi=0.480097  err=0.000000  inc=-0.507790  bucket 0->0  (mf=1000)
[MF-SEL] tPrev=(  d=0.051012  dMin=0.000000  dAvg=0.029401  dMax=0.930829  Dlo=0.014701  Dhi=0.480115  err=0.000000  inc=-0.507790  bucket 0->0  (mf=1000)
[MF-SEL] tPrev=(  d=0.052803  dMin=0.000000  dAvg=0.029441  dMax=0.930829  Dlo=0.014720  Dhi=0.480135  err=0.000000  inc=-0.507790  bucket 0->0  (mf=1000)
[MF-SEL] tPrev=(  d=0.054192  dMin=0.000000  dAvg=0.029482  dMax=0.930829  Dlo=0.014741  Dhi=0.480155  err=0.000000  inc=-0.507790  bucket 0->0  (mf=1000)
Dropping frame 1403638160.395097
[MF-SEL] tPrev=(  d=0.098889  dMin=0.000000  dAvg=0.029598  dMax=0.930829  Dlo=0.014799  Dhi=0.480213  err=0.000000  inc=-0.507790  bucket 0->0  (mf=1000)
[MF-SEL] tPrev=(  d=0.056052  dMin=0.000000  dAvg=0.029642  dMax=0.930829  Dlo=0.014821  Dhi=0.480235  err=0.000000  inc=-0.507790  bucket 0->0  (mf=1000)
[MF-SEL] tPrev=(  d=0.055014  dMin=0.000000  dAvg=0.029684  dMax=0.930829  Dlo=0.014842  Dhi=0.480256  err=0.000000  inc=-0.507790  bucket 0->0  (mf=1000)
[MF-SEL] tPrev=(  d=0.052949  dMin=0.000000  dAvg=0.029723  dMax=0.930829  Dlo=0.014861  Dhi=0.480276  err=0.000000  inc=-0.507790  bucket 0->0  (mf=1000)
[MF-SEL] tPrev=(  d=0.039590  dMin=0.000000  dAvg=0.029739  dMax=0.930829  Dlo=0.014870  Dhi=0.480284  err=0.000000  inc=-0.507790  bucket 0->0  (mf=1000)
Dropping frame 1403638160.695097
[MF-SEL] tPrev=(  d=0.103643  dMin=0.000000  dAvg=0.029862  dMax=0.930829  Dlo=0.014931  Dhi=0.480345  err=0.000000  inc=-0.507790  bucket 0->0  (mf=1000)
Dropping frame 1403638160.795097
[MF-SEL] tPrev=(  d=0.069762  dMin=0.000000  dAvg=0.029928  dMax=0.930829  Dlo=0.014964  Dhi=0.480378  err=0.000000  inc=-0.507790  bucket 0->0  (mf=1000)
[MF-SEL] tPrev=(  d=0.048033  dMin=0.000000  dAvg=0.029957  dMax=0.930829  Dlo=0.014979  Dhi=0.480393  err=0.000000  inc=-0.507790  bucket 0->0  (mf=1000)
[MF-SEL] tPrev=(  d=0.046895  dMin=0.000000  dAvg=0.029985  dMax=0.930829  Dlo=0.014993  Dhi=0.480407  err=0.000000  inc=-0.507790  bucket 0->0  (mf=1000)
[MF-SEL] tPrev=(  d=0.045916  dMin=0.000000  dAvg=0.030012  dMax=0.930829  Dlo=0.015006  Dhi=0.480420  err=0.000000  inc=-0.507790  bucket 0->0  (mf=1000)
Dropping frame 1403638161.045097
[MF-SEL] tPrev=(  d=0.087821  dMin=0.000000  dAvg=0.030106  dMax=0.930829  Dlo=0.015053  Dhi=0.480468  err=0.000000  inc=-0.507790  bucket 0->0  (mf=1000)
[MF-SEL] tPrev=(  d=0.042848  dMin=0.000000  dAvg=0.030127  dMax=0.930829  Dlo=0.015064  Dhi=0.480478  err=0.000000  inc=-0.507790  bucket 0->0  (mf=1000)
[MF-SEL] tPrev=(  d=0.041573  dMin=0.000000  dAvg=0.030146  dMax=0.930829  Dlo=0.015073  Dhi=0.480487  err=0.000000  inc=-0.507790  bucket 0->0  (mf=1000)
[MF-SEL] tPrev=(  d=0.041558  dMin=0.000000  dAvg=0.030165  dMax=0.930829  Dlo=0.015082  Dhi=0.480497  err=0.000000  inc=-0.507790  bucket 0->0  (mf=1000)
Dropping frame 1403638161.295097
[MF-SEL] tPrev=(  d=0.100040  dMin=0.000000  dAvg=0.030279  dMax=0.930829  Dlo=0.015139  Dhi=0.480554  err=0.000000  inc=-0.507790  bucket 0->0  (mf=1000)
Dropping frame 1403638161.395097
[MF-SEL] tPrev=(  d=0.077221  dMin=0.000000  dAvg=0.030355  dMax=0.930829  Dlo=0.015178  Dhi=0.480592  err=0.000000  inc=-0.507790  bucket 0->0  (mf=1000)
[MF-SEL] tPrev=(  d=0.037921  dMin=0.000000  dAvg=0.030367  dMax=0.930829  Dlo=0.015184  Dhi=0.480598  err=0.000000  inc=-0.507790  bucket 0->0  (mf=1000)
[MF-SEL] tPrev=(  d=0.059444  dMin=0.000000  dAvg=0.030415  dMax=0.930829  Dlo=0.015207  Dhi=0.480622  err=0.000000  inc=-0.507790  bucket 0->0  (mf=1000)
[MF-SEL] tPrev=(  d=0.037589  dMin=0.000000  dAvg=0.030426  dMax=0.930829  Dlo=0.015213  Dhi=0.480628  err=0.000000  inc=-0.507790  bucket 0->0  (mf=1000)
[MF-SEL] tPrev=(  d=0.036803  dMin=0.000000  dAvg=0.030437  dMax=0.930829  Dlo=0.015218  Dhi=0.480633  err=0.000000  inc=-0.507790  bucket 0->0  (mf=1000)
[MF-SEL] tPrev=(  d=0.042322  dMin=0.000000  dAvg=0.030456  dMax=0.930829  Dlo=0.015228  Dhi=0.480642  err=0.000000  inc=-0.507790  bucket 0->0  (mf=1000)
[MF-SEL] tPrev=(  d=0.036607  dMin=0.000000  dAvg=0.030466  dMax=0.930829  Dlo=0.015233  Dhi=0.480647  err=0.000000  inc=-0.507790  bucket 0->0  (mf=1000)
[MF-SEL] tPrev=(  d=0.036871  dMin=0.000000  dAvg=0.030476  dMax=0.930829  Dlo=0.015238  Dhi=0.480652  err=0.000000  inc=-0.507790  bucket 0->0  (mf=1000)
[MF-SEL] tPrev=(  d=0.037377  dMin=0.000000  dAvg=0.030487  dMax=0.930829  Dlo=0.015244  Dhi=0.480658  err=0.000000  inc=-0.507790  bucket 0->0  (mf=1000)
[MF-SEL] tPrev=(  d=0.036470  dMin=0.000000  dAvg=0.030497  dMax=0.930829  Dlo=0.015248  Dhi=0.480663  err=0.000000  inc=-0.507790  bucket 0->0  (mf=1000)
[MF-SEL] tPrev=(  d=0.037518  dMin=0.000000  dAvg=0.030508  dMax=0.930829  Dlo=0.015254  Dhi=0.480668  err=0.000000  inc=-0.507790  bucket 0->0  (mf=1000)
[MF-SEL] tPrev=(  d=0.037390  dMin=0.000000  dAvg=0.030519  dMax=0.930829  Dlo=0.015260  Dhi=0.480674  err=0.000000  inc=-0.507790  bucket 0->0  (mf=1000)
[MF-SEL] tPrev=(  d=0.040335  dMin=0.000000  dAvg=0.030535  dMax=0.930829  Dlo=0.015267  Dhi=0.480682  err=0.000000  inc=-0.507790  bucket 0->0  (mf=1000)
[MF-SEL] tPrev=(  d=0.038367  dMin=0.000000  dAvg=0.030547  dMax=0.930829  Dlo=0.015274  Dhi=0.480688  err=0.000000  inc=-0.507790  bucket 0->0  (mf=1000)
Dropping frame 1403638162.145097
[MF-SEL] tPrev=(  d=0.086518  dMin=0.000000  dAvg=0.030636  dMax=0.930829  Dlo=0.015318  Dhi=0.480733  err=0.000000  inc=-0.507790  bucket 0->0  (mf=1000)
[MF-SEL] tPrev=(  d=0.041957  dMin=0.000000  dAvg=0.030654  dMax=0.930829  Dlo=0.015327  Dhi=0.480742  err=0.000000  inc=-0.507790  bucket 0->0  (mf=1000)
[MF-SEL] tPrev=(  d=0.042560  dMin=0.000000  dAvg=0.030673  dMax=0.930829  Dlo=0.015337  Dhi=0.480751  err=0.000000  inc=-0.507790  bucket 0->0  (mf=1000)
[MF-SEL] tPrev=(  d=0.058527  dMin=0.000000  dAvg=0.030717  dMax=0.930829  Dlo=0.015359  Dhi=0.480773  err=0.000000  inc=-0.507790  bucket 0->0  (mf=1000)
[MF-SEL] tPrev=(  d=0.044217  dMin=0.000000  dAvg=0.030739  dMax=0.930829  Dlo=0.015369  Dhi=0.480784  err=0.000000  inc=-0.507790  bucket 0->0  (mf=1000)
[MF-SEL] tPrev=(  d=0.044763  dMin=0.000000  dAvg=0.030761  dMax=0.930829  Dlo=0.015380  Dhi=0.480795  err=0.000000  inc=-0.507790  bucket 0->0  (mf=1000)
Dropping frame 1403638162.495097
[MF-SEL] tPrev=(  d=0.089708  dMin=0.000000  dAvg=0.030854  dMax=0.930829  Dlo=0.015427  Dhi=0.480841  err=0.000000  inc=-0.507790  bucket 0->0  (mf=1000)
[MF-SEL] tPrev=(  d=0.046139  dMin=0.000000  dAvg=0.030878  dMax=0.930829  Dlo=0.015439  Dhi=0.480853  err=0.000000  inc=-0.507790  bucket 0->0  (mf=1000)
[MF-SEL] tPrev=(  d=0.043213  dMin=0.000000  dAvg=0.030897  dMax=0.930829  Dlo=0.015449  Dhi=0.480863  err=0.000000  inc=-0.507790  bucket 0->0  (mf=1000)
[MF-SEL] tPrev=(  d=0.047314  dMin=0.000000  dAvg=0.030923  dMax=0.930829  Dlo=0.015462  Dhi=0.480876  err=0.000000  inc=-0.507790  bucket 0->0  (mf=1000)
Dropping frame 1403638162.745097
[MF-SEL] tPrev=(  d=0.111144  dMin=0.000000  dAvg=0.031049  dMax=0.930829  Dlo=0.015524  Dhi=0.480939  err=0.000000  inc=-0.507790  bucket 0->0  (mf=1000)
[MF-SEL] tPrev=(  d=0.049281  dMin=0.000000  dAvg=0.031077  dMax=0.930829  Dlo=0.015539  Dhi=0.480953  err=0.000000  inc=-0.507790  bucket 0->0  (mf=1000)
Dropping frame 1403638162.895097
[MF-SEL] tPrev=(  d=0.115712  dMin=0.000000  dAvg=0.031210  dMax=0.930829  Dlo=0.015605  Dhi=0.481019  err=0.000000  inc=-0.507790  bucket 0->0  (mf=1000)
[MF-SEL] tPrev=(  d=0.052950  dMin=0.000000  dAvg=0.031244  dMax=0.930829  Dlo=0.015622  Dhi=0.481036  err=0.000000  inc=-0.507790  bucket 0->0  (mf=1000)
[MF-SEL] tPrev=(  d=0.053191  dMin=0.000000  dAvg=0.031278  dMax=0.930829  Dlo=0.015639  Dhi=0.481053  err=0.000000  inc=-0.507790  bucket 0->0  (mf=1000)
Dropping frame 1403638163.095097
start VIBA 2
[MF-SEL] tPrev=(  d=0.106158  dMin=0.000000  dAvg=0.031394  dMax=0.930829  Dlo=0.015697  Dhi=0.481111  err=0.000000  inc=-0.507790  bucket 0->0  (mf=1000)
[MF-SEL] tPrev=(  d=0.052547  dMin=0.000000  dAvg=0.031427  dMax=0.930829  Dlo=0.015714  Dhi=0.481128  err=0.000000  inc=-0.507790  bucket 0->0  (mf=1000)
[MF-SEL] tPrev=(  d=0.052826  dMin=0.000000  dAvg=0.031460  dMax=0.930829  Dlo=0.015730  Dhi=0.481144  err=0.000000  inc=-0.507790  bucket 0->0  (mf=1000)
Dropping frame 1403638163.295097
[MF-SEL] tPrev=(  d=0.107941  dMin=0.000000  dAvg=0.031579  dMax=0.930829  Dlo=0.015789  Dhi=0.481204  err=0.000000  inc=-0.507790  bucket 0->0  (mf=1000)
[MF-SEL] tPrev=(  d=0.055159  dMin=0.000000  dAvg=0.031615  dMax=0.930829  Dlo=0.015808  Dhi=0.481222  err=0.000000  inc=-0.507790  bucket 0->0  (mf=1000)
end VIBA 2
Dropping frame 1403638163.445097
[MF-SEL] tPrev=(  d=1.763758  dMin=0.000000  dAvg=0.034288  dMax=1.763758  Dlo=0.017144  Dhi=0.899023  err=1.000000  inc=0.253198  bucket 0->0  (mf=1000)
Dropping frame 1403638163.545097
[MF-SEL] tPrev=(  d=0.107918  dMin=0.000000  dAvg=0.034402  dMax=1.763758  Dlo=0.017201  Dhi=0.899080  err=0.000000  inc=-0.668412  bucket 0->0  (mf=1000)
[MF-SEL] tPrev=(  d=0.053095  dMin=0.000000  dAvg=0.034430  dMax=1.763758  Dlo=0.017215  Dhi=0.899094  err=0.000000  inc=-0.502657  bucket 0->0  (mf=1000)
Dropping frame 1403638163.695097
[MF-SEL] tPrev=(  d=0.120167  dMin=0.000000  dAvg=0.034562  dMax=1.763758  Dlo=0.017281  Dhi=0.899160  err=0.000000  inc=-0.502657  bucket 0->0  (mf=1000)
Dropping frame 1403638163.795097
[MF-SEL] tPrev=(  d=0.104614  dMin=0.000000  dAvg=0.034669  dMax=1.763758  Dlo=0.017335  Dhi=0.899214  err=0.000000  inc=-0.502657  bucket 0->0  (mf=1000)
Dropping frame 1403638163.895097
[MF-SEL] tPrev=(  d=0.104876  dMin=0.000000  dAvg=0.034777  dMax=1.763758  Dlo=0.017388  Dhi=0.899268  err=0.000000  inc=-0.502657  bucket 0->0  (mf=1000)
[MF-SEL] tPrev=(  d=0.053250  dMin=0.000000  dAvg=0.034805  dMax=1.763758  Dlo=0.017403  Dhi=0.899282  err=0.000000  inc=-0.502657  bucket 0->0  (mf=1000)
[MF-SEL] tPrev=(  d=0.076225  dMin=0.000000  dAvg=0.034868  dMax=1.763758  Dlo=0.017434  Dhi=0.899313  err=0.000000  inc=-0.502657  bucket 0->0  (mf=1000)
[MF-SEL] tPrev=(  d=0.055984  dMin=0.000000  dAvg=0.034901  dMax=1.763758  Dlo=0.017450  Dhi=0.899329  err=0.000000  inc=-0.502657  bucket 0->0  (mf=1000)
[MF-SEL] tPrev=(  d=0.056642  dMin=0.000000  dAvg=0.034934  dMax=1.763758  Dlo=0.017467  Dhi=0.899346  err=0.000000  inc=-0.502657  bucket 0->0  (mf=1000)
Dropping frame 1403638164.195097
[MF-SEL] tPrev=(  d=0.112421  dMin=0.000000  dAvg=0.035051  dMax=1.763758  Dlo=0.017526  Dhi=0.899405  err=0.000000  inc=-0.502657  bucket 0->0  (mf=1000)
Dropping frame 1403638164.295097
[MF-SEL] tPrev=(  d=0.117451  dMin=0.000000  dAvg=0.035177  dMax=1.763758  Dlo=0.017588  Dhi=0.899467  err=0.000000  inc=-0.502657  bucket 0->0  (mf=1000)
Dropping frame 1403638164.395097
[MF-SEL] tPrev=(  d=0.114234  dMin=0.000000  dAvg=0.035296  dMax=1.763758  Dlo=0.017648  Dhi=0.899527  err=0.000000  inc=-0.502657  bucket 0->0  (mf=1000)
[MF-SEL] tPrev=(  d=0.057211  dMin=0.000000  dAvg=0.035329  dMax=1.763758  Dlo=0.017665  Dhi=0.899544  err=0.000000  inc=-0.502657  bucket 0->0  (mf=1000)
[MF-SEL] tPrev=(  d=0.048276  dMin=0.000000  dAvg=0.035349  dMax=1.763758  Dlo=0.017675  Dhi=0.899554  err=0.000000  inc=-0.502657  bucket 0->0  (mf=1000)
[MF-SEL] tPrev=(  d=0.057146  dMin=0.000000  dAvg=0.035382  dMax=1.763758  Dlo=0.017691  Dhi=0.899570  err=0.000000  inc=-0.502657  bucket 0->0  (mf=1000)
Dropping frame 1403638164.645097
[MF-SEL] tPrev=(  d=0.112401  dMin=0.000000  dAvg=0.035498  dMax=1.763758  Dlo=0.017749  Dhi=0.899628  err=0.000000  inc=-0.502657  bucket 0->0  (mf=1000)
[MF-SEL] tPrev=(  d=0.059128  dMin=0.000000  dAvg=0.035533  dMax=1.763758  Dlo=0.017767  Dhi=0.899646  err=0.000000  inc=-0.502657  bucket 0->0  (mf=1000)
Dropping frame 1403638164.795097
[MF-SEL] tPrev=(  d=0.124500  dMin=0.000000  dAvg=0.035667  dMax=1.763758  Dlo=0.017833  Dhi=0.899713  err=0.000000  inc=-0.502657  bucket 0->0  (mf=1000)
[MF-SEL] tPrev=(  d=0.061548  dMin=0.000000  dAvg=0.035706  dMax=1.763758  Dlo=0.017853  Dhi=0.899732  err=0.000000  inc=-0.502657  bucket 0->0  (mf=1000)
[MF-SEL] tPrev=(  d=0.060259  dMin=0.000000  dAvg=0.035743  dMax=1.763758  Dlo=0.017871  Dhi=0.899750  err=0.000000  inc=-0.502657  bucket 0->0  (mf=1000)
[MF-SEL] tPrev=(  d=0.051935  dMin=0.000000  dAvg=0.035767  dMax=1.763758  Dlo=0.017883  Dhi=0.899762  err=0.000000  inc=-0.502657  bucket 0->0  (mf=1000)
Dropping frame 1403638165.045097
[MF-SEL] tPrev=(  d=0.112464  dMin=0.000000  dAvg=0.035881  dMax=1.763758  Dlo=0.017941  Dhi=0.899820  err=0.000000  inc=-0.502657  bucket 0->0  (mf=1000)
[MF-SEL] tPrev=(  d=0.061914  dMin=0.000000  dAvg=0.035920  dMax=1.763758  Dlo=0.017960  Dhi=0.899839  err=0.000000  inc=-0.502657  bucket 0->0  (mf=1000)
Dropping frame 1403638165.195097
[MF-SEL] tPrev=(  d=0.109645  dMin=0.000000  dAvg=0.036030  dMax=1.763758  Dlo=0.018015  Dhi=0.899894  err=0.000000  inc=-0.502657  bucket 0->0  (mf=1000)
[MF-SEL] tPrev=(  d=0.055752  dMin=0.000000  dAvg=0.036059  dMax=1.763758  Dlo=0.018030  Dhi=0.899909  err=0.000000  inc=-0.502657  bucket 0->0  (mf=1000)
[MF-SEL] tPrev=(  d=0.055856  dMin=0.000000  dAvg=0.036088  dMax=1.763758  Dlo=0.018044  Dhi=0.899923  err=0.000000  inc=-0.502657  bucket 0->0  (mf=1000)
[MF-SEL] tPrev=(  d=0.056324  dMin=0.000000  dAvg=0.036118  dMax=1.763758  Dlo=0.018059  Dhi=0.899938  err=0.000000  inc=-0.502657  bucket 0->0  (mf=1000)
Dropping frame 1403638165.445097
[MF-SEL] tPrev=(  d=0.108189  dMin=0.000000  dAvg=0.036225  dMax=1.763758  Dlo=0.018113  Dhi=0.899992  err=0.000000  inc=-0.502657  bucket 0->0  (mf=1000)
[MF-SEL] tPrev=(  d=0.055708  dMin=0.000000  dAvg=0.036254  dMax=1.763758  Dlo=0.018127  Dhi=0.900006  err=0.000000  inc=-0.502657  bucket 0->0  (mf=1000)
[MF-SEL] tPrev=(  d=0.057051  dMin=0.000000  dAvg=0.036284  dMax=1.763758  Dlo=0.018142  Dhi=0.900021  err=0.000000  inc=-0.502657  bucket 0->0  (mf=1000)
[MF-SEL] tPrev=(  d=0.057693  dMin=0.000000  dAvg=0.036316  dMax=1.763758  Dlo=0.018158  Dhi=0.900037  err=0.000000  inc=-0.502657  bucket 0->0  (mf=1000)
[MF-SEL] tPrev=(  d=0.076489  dMin=0.000000  dAvg=0.036375  dMax=1.763758  Dlo=0.018188  Dhi=0.900067  err=0.000000  inc=-0.502657  bucket 0->0  (mf=1000)
Dropping frame 1403638165.745097
[MF-SEL] tPrev=(  d=0.116118  dMin=0.000000  dAvg=0.036492  dMax=1.763758  Dlo=0.018246  Dhi=0.900125  err=0.000000  inc=-0.502657  bucket 0->0  (mf=1000)
Dropping frame 1403638165.845097
[MF-SEL] tPrev=(  d=0.153824  dMin=0.000000  dAvg=0.036664  dMax=1.763758  Dlo=0.018332  Dhi=0.900211  err=0.000000  inc=-0.502657  bucket 0->0  (mf=1000)
Dropping frame 1403638165.945097
[MF-SEL] tPrev=(  d=0.119798  dMin=0.000000  dAvg=0.036786  dMax=1.763758  Dlo=0.018393  Dhi=0.900272  err=0.000000  inc=-0.502657  bucket 0->0  (mf=1000)
[MF-SEL] tPrev=(  d=0.058784  dMin=0.000000  dAvg=0.036818  dMax=1.763758  Dlo=0.018409  Dhi=0.900288  err=0.000000  inc=-0.502657  bucket 0->0  (mf=1000)
Dropping frame 1403638166.095097
[MF-SEL] tPrev=(  d=0.127448  dMin=0.000000  dAvg=0.036950  dMax=1.763758  Dlo=0.018475  Dhi=0.900354  err=0.000000  inc=-0.502657  bucket 0->0  (mf=1000)
Dropping frame 1403638166.195097
[MF-SEL] tPrev=(  d=0.116920  dMin=0.000000  dAvg=0.037067  dMax=1.763758  Dlo=0.018533  Dhi=0.900413  err=0.000000  inc=-0.502657  bucket 0->0  (mf=1000)
[MF-SEL] tPrev=(  d=0.059650  dMin=0.000000  dAvg=0.037100  dMax=1.763758  Dlo=0.018550  Dhi=0.900429  err=0.000000  inc=-0.502657  bucket 0->0  (mf=1000)
[MF-SEL] tPrev=(  d=0.088779  dMin=0.000000  dAvg=0.037175  dMax=1.763758  Dlo=0.018587  Dhi=0.900467  err=0.000000  inc=-0.502657  bucket 0->0  (mf=1000)
Dropping frame 1403638166.395097
[MF-SEL] tPrev=(  d=0.123661  dMin=0.000000  dAvg=0.037300  dMax=1.763758  Dlo=0.018650  Dhi=0.900529  err=0.000000  inc=-0.502657  bucket 0->0  (mf=1000)
Dropping frame 1403638166.495097
[MF-SEL] tPrev=(  d=0.117799  dMin=0.000000  dAvg=0.037417  dMax=1.763758  Dlo=0.018709  Dhi=0.900588  err=0.000000  inc=-0.502657  bucket 0->0  (mf=1000)
[MF-SEL] tPrev=(  d=0.056587  dMin=0.000000  dAvg=0.037445  dMax=1.763758  Dlo=0.018722  Dhi=0.900601  err=0.000000  inc=-0.502657  bucket 0->0  (mf=1000)
[MF-SEL] tPrev=(  d=0.070875  dMin=0.000000  dAvg=0.037493  dMax=1.763758  Dlo=0.018747  Dhi=0.900626  err=0.000000  inc=-0.502657  bucket 0->0  (mf=1000)
[MF-SEL] tPrev=(  d=0.054694  dMin=0.000000  dAvg=0.037518  dMax=1.763758  Dlo=0.018759  Dhi=0.900638  err=0.000000  inc=-0.502657  bucket 0->0  (mf=1000)
Dropping frame 1403638166.745097
[MF-SEL] tPrev=(  d=0.117237  dMin=0.000000  dAvg=0.037633  dMax=1.763758  Dlo=0.018816  Dhi=0.900695  err=0.000000  inc=-0.502657  bucket 0->0  (mf=1000)
[MF-SEL] tPrev=(  d=0.049321  dMin=0.000000  dAvg=0.037650  dMax=1.763758  Dlo=0.018825  Dhi=0.900704  err=0.000000  inc=-0.502657  bucket 0->0  (mf=1000)
Dropping frame 1403638166.895097
[MF-SEL] tPrev=(  d=0.098178  dMin=0.000000  dAvg=0.037737  dMax=1.763758  Dlo=0.018868  Dhi=0.900747  err=0.000000  inc=-0.502657  bucket 0->0  (mf=1000)
Dropping frame 1403638166.995097
[MF-SEL] tPrev=(  d=0.102353  dMin=0.000000  dAvg=0.037829  dMax=1.763758  Dlo=0.018915  Dhi=0.900794  err=0.000000  inc=-0.502657  bucket 0->0  (mf=1000)
[MF-SEL] tPrev=(  d=0.053131  dMin=0.000000  dAvg=0.037851  dMax=1.763758  Dlo=0.018926  Dhi=0.900805  err=0.000000  inc=-0.502657  bucket 0->0  (mf=1000)
[MF-SEL] tPrev=(  d=0.086519  dMin=0.000000  dAvg=0.037921  dMax=1.763758  Dlo=0.018960  Dhi=0.900839  err=0.000000  inc=-0.502657  bucket 0->0  (mf=1000)
[MF-SEL] tPrev=(  d=0.055472  dMin=0.000000  dAvg=0.037946  dMax=1.763758  Dlo=0.018973  Dhi=0.900852  err=0.000000  inc=-0.502657  bucket 0->0  (mf=1000)
[MF-SEL] tPrev=(  d=0.056368  dMin=0.000000  dAvg=0.037972  dMax=1.763758  Dlo=0.018986  Dhi=0.900865  err=0.000000  inc=-0.502657  bucket 0->0  (mf=1000)
[MF-SEL] tPrev=(  d=0.057457  dMin=0.000000  dAvg=0.038000  dMax=1.763758  Dlo=0.019000  Dhi=0.900879  err=0.000000  inc=-0.502657  bucket 0->0  (mf=1000)
[MF-SEL] tPrev=(  d=0.063513  dMin=0.000000  dAvg=0.038036  dMax=1.763758  Dlo=0.019018  Dhi=0.900897  err=0.000000  inc=-0.502657  bucket 0->0  (mf=1000)
[MF-SEL] tPrev=(  d=0.059848  dMin=0.000000  dAvg=0.038067  dMax=1.763758  Dlo=0.019034  Dhi=0.900913  err=0.000000  inc=-0.502657  bucket 0->0  (mf=1000)
Dropping frame 1403638167.445097
[MF-SEL] tPrev=(  d=0.118317  dMin=0.000000  dAvg=0.038181  dMax=1.763758  Dlo=0.019091  Dhi=0.900970  err=0.000000  inc=-0.502657  bucket 0->0  (mf=1000)
[MF-SEL] tPrev=(  d=0.059984  dMin=0.000000  dAvg=0.038212  dMax=1.763758  Dlo=0.019106  Dhi=0.900985  err=0.000000  inc=-0.502657  bucket 0->0  (mf=1000)
[MF-SEL] tPrev=(  d=0.059753  dMin=0.000000  dAvg=0.038242  dMax=1.763758  Dlo=0.019121  Dhi=0.901000  err=0.000000  inc=-0.502657  bucket 0->0  (mf=1000)
Dropping frame 1403638167.645097
[MF-SEL] tPrev=(  d=0.119697  dMin=0.000000  dAvg=0.038358  dMax=1.763758  Dlo=0.019179  Dhi=0.901058  err=0.000000  inc=-0.502657  bucket 0->0  (mf=1000)
[MF-SEL] tPrev=(  d=0.053435  dMin=0.000000  dAvg=0.038379  dMax=1.763758  Dlo=0.019189  Dhi=0.901068  err=0.000000  inc=-0.502657  bucket 0->0  (mf=1000)
[MF-SEL] tPrev=(  d=0.062520  dMin=0.000000  dAvg=0.038413  dMax=1.763758  Dlo=0.019206  Dhi=0.901085  err=0.000000  inc=-0.502657  bucket 0->0  (mf=1000)
[MF-SEL] tPrev=(  d=0.063831  dMin=0.000000  dAvg=0.038449  dMax=1.763758  Dlo=0.019224  Dhi=0.901103  err=0.000000  inc=-0.502657  bucket 0->0  (mf=1000)
[MF-SEL] tPrev=(  d=0.063622  dMin=0.000000  dAvg=0.038484  dMax=1.763758  Dlo=0.019242  Dhi=0.901121  err=0.000000  inc=-0.502657  bucket 0->0  (mf=1000)
[MF-SEL] tPrev=(  d=0.067355  dMin=0.000000  dAvg=0.038524  dMax=1.763758  Dlo=0.019262  Dhi=0.901141  err=0.000000  inc=-0.502657  bucket 0->0  (mf=1000)
Dropping frame 1403638167.995097
[MF-SEL] tPrev=(  d=0.139238  dMin=0.000000  dAvg=0.038665  dMax=1.763758  Dlo=0.019333  Dhi=0.901212  err=0.000000  inc=-0.502657  bucket 0->0  (mf=1000)
Dropping frame 1403638168.095097
[MF-SEL] tPrev=(  d=0.137661  dMin=0.000000  dAvg=0.038804  dMax=1.763758  Dlo=0.019402  Dhi=0.901281  err=0.000000  inc=-0.502657  bucket 0->0  (mf=1000)
Dropping frame 1403638168.195097
[MF-SEL] tPrev=(  d=0.146312  dMin=0.000000  dAvg=0.038954  dMax=1.763758  Dlo=0.019477  Dhi=0.901356  err=0.000000  inc=-0.502657  bucket 0->0  (mf=1000)
[MF-SEL] tPrev=(  d=0.074905  dMin=0.000000  dAvg=0.039004  dMax=1.763758  Dlo=0.019502  Dhi=0.901381  err=0.000000  inc=-0.502657  bucket 0->0  (mf=1000)
[MF-SEL] tPrev=(  d=0.093166  dMin=0.000000  dAvg=0.039080  dMax=1.763758  Dlo=0.019540  Dhi=0.901419  err=0.000000  inc=-0.502657  bucket 0->0  (mf=1000)
[MF-SEL] tPrev=(  d=0.079076  dMin=0.000000  dAvg=0.039135  dMax=1.763758  Dlo=0.019568  Dhi=0.901447  err=0.000000  inc=-0.502657  bucket 0->0  (mf=1000)
Dropping frame 1403638168.445097
[MF-SEL] tPrev=(  d=0.145534  dMin=0.000000  dAvg=0.039283  dMax=1.763758  Dlo=0.019642  Dhi=0.901521  err=0.000000  inc=-0.502657  bucket 0->0  (mf=1000)
Dropping frame 1403638168.545097
[MF-SEL] tPrev=(  d=0.155907  dMin=0.000000  dAvg=0.039445  dMax=1.763758  Dlo=0.019722  Dhi=0.901601  err=0.000000  inc=-0.502657  bucket 0->0  (mf=1000)
[MF-SEL] tPrev=(  d=0.081562  dMin=0.000000  dAvg=0.039503  dMax=1.763758  Dlo=0.019752  Dhi=0.901631  err=0.000000  inc=-0.502657  bucket 0->0  (mf=1000)
[MF-SEL] tPrev=(  d=0.077559  dMin=0.000000  dAvg=0.039556  dMax=1.763758  Dlo=0.019778  Dhi=0.901657  err=0.000000  inc=-0.502657  bucket 0->0  (mf=1000)
Dropping frame 1403638168.745097
[MF-SEL] tPrev=(  d=0.148243  dMin=0.000000  dAvg=0.039706  dMax=1.763758  Dlo=0.019853  Dhi=0.901732  err=0.000000  inc=-0.502657  bucket 0->0  (mf=1000)
[MF-SEL] tPrev=(  d=0.075851  dMin=0.000000  dAvg=0.039756  dMax=1.763758  Dlo=0.019878  Dhi=0.901757  err=0.000000  inc=-0.502657  bucket 0->0  (mf=1000)
Dropping frame 1403638168.895097
[MF-SEL] tPrev=(  d=0.165934  dMin=0.000000  dAvg=0.039930  dMax=1.763758  Dlo=0.019965  Dhi=0.901844  err=0.000000  inc=-0.502657  bucket 0->0  (mf=1000)
[MF-SEL] tPrev=(  d=0.075816  dMin=0.000000  dAvg=0.039979  dMax=1.763758  Dlo=0.019989  Dhi=0.901868  err=0.000000  inc=-0.502657  bucket 0->0  (mf=1000)
[MF-SEL] tPrev=(  d=0.075710  dMin=0.000000  dAvg=0.040028  dMax=1.763758  Dlo=0.020014  Dhi=0.901893  err=0.000000  inc=-0.502657  bucket 0->0  (mf=1000)
[MF-SEL] tPrev=(  d=0.095421  dMin=0.000000  dAvg=0.040104  dMax=1.763758  Dlo=0.020052  Dhi=0.901931  err=0.000000  inc=-0.502657  bucket 0->0  (mf=1000)
Dropping frame 1403638169.145097
[MF-SEL] tPrev=(  d=0.154766  dMin=0.000000  dAvg=0.040261  dMax=1.763758  Dlo=0.020131  Dhi=0.902010  err=0.000000  inc=-0.502657  bucket 0->0  (mf=1000)
Dropping frame 1403638169.245097
[MF-SEL] tPrev=(  d=0.157040  dMin=0.000000  dAvg=0.040421  dMax=1.763758  Dlo=0.020210  Dhi=0.902089  err=0.000000  inc=-0.502657  bucket 0->0  (mf=1000)
[MF-SEL] tPrev=(  d=0.078365  dMin=0.000000  dAvg=0.040473  dMax=1.763758  Dlo=0.020236  Dhi=0.902115  err=0.000000  inc=-0.502657  bucket 0->0  (mf=1000)
Dropping frame 1403638169.395097
[MF-SEL] tPrev=(  d=0.158624  dMin=0.000000  dAvg=0.040634  dMax=1.763758  Dlo=0.020317  Dhi=0.902196  err=0.000000  inc=-0.502657  bucket 0->0  (mf=1000)
[MF-SEL] tPrev=(  d=0.080664  dMin=0.000000  dAvg=0.040688  dMax=1.763758  Dlo=0.020344  Dhi=0.902223  err=0.000000  inc=-0.502657  bucket 0->0  (mf=1000)
[MF-SEL] tPrev=(  d=0.079826  dMin=0.000000  dAvg=0.040742  dMax=1.763758  Dlo=0.020371  Dhi=0.902250  err=0.000000  inc=-0.502657  bucket 0->0  (mf=1000)
[MF-SEL] tPrev=(  d=0.079420  dMin=0.000000  dAvg=0.040794  dMax=1.763758  Dlo=0.020397  Dhi=0.902276  err=0.000000  inc=-0.502657  bucket 0->0  (mf=1000)
Dropping frame 1403638169.645097
[MF-SEL] tPrev=(  d=0.170976  dMin=0.000000  dAvg=0.040971  dMax=1.763758  Dlo=0.020485  Dhi=0.902364  err=0.000000  inc=-0.502657  bucket 0->0  (mf=1000)
[MF-SEL] tPrev=(  d=0.080642  dMin=0.000000  dAvg=0.041025  dMax=1.763758  Dlo=0.020512  Dhi=0.902391  err=0.000000  inc=-0.502657  bucket 0->0  (mf=1000)
[MF-SEL] tPrev=(  d=0.079949  dMin=0.000000  dAvg=0.041077  dMax=1.763758  Dlo=0.020539  Dhi=0.902418  err=0.000000  inc=-0.502657  bucket 0->0  (mf=1000)
Dropping frame 1403638169.845097
[MF-SEL] tPrev=(  d=0.135047  dMin=0.000000  dAvg=0.041204  dMax=1.763758  Dlo=0.020602  Dhi=0.902481  err=0.000000  inc=-0.502657  bucket 0->0  (mf=1000)
Dropping frame 1403638169.945097
[MF-SEL] tPrev=(  d=0.148659  dMin=0.000000  dAvg=0.041349  dMax=1.763758  Dlo=0.020675  Dhi=0.902554  err=0.000000  inc=-0.502657  bucket 0->0  (mf=1000)
[MF-SEL] tPrev=(  d=0.071128  dMin=0.000000  dAvg=0.041389  dMax=1.763758  Dlo=0.020695  Dhi=0.902574  err=0.000000  inc=-0.502657  bucket 0->0  (mf=1000)
[MF-SEL] tPrev=(  d=0.069299  dMin=0.000000  dAvg=0.041427  dMax=1.763758  Dlo=0.020713  Dhi=0.902592  err=0.000000  inc=-0.502657  bucket 0->0  (mf=1000)
[MF-SEL] tPrev=(  d=0.066393  dMin=0.000000  dAvg=0.041460  dMax=1.763758  Dlo=0.020730  Dhi=0.902609  err=0.000000  inc=-0.502657  bucket 0->0  (mf=1000)
[MF-SEL] tPrev=(  d=0.063928  dMin=0.000000  dAvg=0.041491  dMax=1.763758  Dlo=0.020745  Dhi=0.902624  err=0.000000  inc=-0.502657  bucket 0->0  (mf=1000)
Dropping frame 1403638170.245097
[MF-SEL] tPrev=(  d=0.119767  dMin=0.000000  dAvg=0.041596  dMax=1.763758  Dlo=0.020798  Dhi=0.902677  err=0.000000  inc=-0.502657  bucket 0->0  (mf=1000)
Dropping frame 1403638170.345097
[MF-SEL] tPrev=(  d=0.116043  dMin=0.000000  dAvg=0.041695  dMax=1.763758  Dlo=0.020848  Dhi=0.902727  err=0.000000  inc=-0.502657  bucket 0->0  (mf=1000)
[MF-SEL] tPrev=(  d=0.056495  dMin=0.000000  dAvg=0.041715  dMax=1.763758  Dlo=0.020857  Dhi=0.902737  err=0.000000  inc=-0.502657  bucket 0->0  (mf=1000)
[MF-SEL] tPrev=(  d=0.056297  dMin=0.000000  dAvg=0.041734  dMax=1.763758  Dlo=0.020867  Dhi=0.902746  err=0.000000  inc=-0.502657  bucket 0->0  (mf=1000)
[MF-SEL] tPrev=(  d=0.054872  dMin=0.000000  dAvg=0.041752  dMax=1.763758  Dlo=0.020876  Dhi=0.902755  err=0.000000  inc=-0.502657  bucket 0->0  (mf=1000)
[MF-SEL] tPrev=(  d=0.054841  dMin=0.000000  dAvg=0.041769  dMax=1.763758  Dlo=0.020885  Dhi=0.902764  err=0.000000  inc=-0.502657  bucket 0->0  (mf=1000)
Dropping frame 1403638170.645097
[MF-SEL] tPrev=(  d=0.095407  dMin=0.000000  dAvg=0.041841  dMax=1.763758  Dlo=0.020920  Dhi=0.902799  err=0.000000  inc=-0.502657  bucket 0->0  (mf=1000)
[MF-SEL] tPrev=(  d=0.055626  dMin=0.000000  dAvg=0.041859  dMax=1.763758  Dlo=0.020930  Dhi=0.902809  err=0.000000  inc=-0.502657  bucket 0->0  (mf=1000)
[MF-SEL] tPrev=(  d=0.055519  dMin=0.000000  dAvg=0.041877  dMax=1.763758  Dlo=0.020939  Dhi=0.902818  err=0.000000  inc=-0.502657  bucket 0->0  (mf=1000)
Dropping frame 1403638170.845097
[MF-SEL] tPrev=(  d=0.096006  dMin=0.000000  dAvg=0.041949  dMax=1.763758  Dlo=0.020974  Dhi=0.902853  err=0.000000  inc=-0.502657  bucket 0->0  (mf=1000)
Dropping frame 1403638170.945097
[MF-SEL] tPrev=(  d=0.106827  dMin=0.000000  dAvg=0.042035  dMax=1.763758  Dlo=0.021017  Dhi=0.902896  err=0.000000  inc=-0.502657  bucket 0->0  (mf=1000)
[MF-SEL] tPrev=(  d=0.052962  dMin=0.000000  dAvg=0.042049  dMax=1.763758  Dlo=0.021025  Dhi=0.902904  err=0.000000  inc=-0.502657  bucket 0->0  (mf=1000)
Dropping frame 1403638171.095097
[MF-SEL] tPrev=(  d=0.100888  dMin=0.000000  dAvg=0.042127  dMax=1.763758  Dlo=0.021063  Dhi=0.902942  err=0.000000  inc=-0.502657  bucket 0->0  (mf=1000)
[MF-SEL] tPrev=(  d=0.052189  dMin=0.000000  dAvg=0.042140  dMax=1.763758  Dlo=0.021070  Dhi=0.902949  err=0.000000  inc=-0.502657  bucket 0->0  (mf=1000)
[MF-SEL] tPrev=(  d=0.052103  dMin=0.000000  dAvg=0.042153  dMax=1.763758  Dlo=0.021077  Dhi=0.902956  err=0.000000  inc=-0.502657  bucket 0->0  (mf=1000)
Dropping frame 1403638171.295097
[MF-SEL] tPrev=(  d=0.088119  dMin=0.000000  dAvg=0.042213  dMax=1.763758  Dlo=0.021107  Dhi=0.902986  err=0.000000  inc=-0.502657  bucket 0->0  (mf=1000)
Dropping frame 1403638171.395097
[MF-SEL] tPrev=(  d=0.107208  dMin=0.000000  dAvg=0.042299  dMax=1.763758  Dlo=0.021149  Dhi=0.903028  err=0.000000  inc=-0.502657  bucket 0->0  (mf=1000)
[MF-SEL] tPrev=(  d=0.054817  dMin=0.000000  dAvg=0.042315  dMax=1.763758  Dlo=0.021158  Dhi=0.903037  err=0.000000  inc=-0.502657  bucket 0->0  (mf=1000)
[MF-SEL] tPrev=(  d=0.055596  dMin=0.000000  dAvg=0.042333  dMax=1.763758  Dlo=0.021166  Dhi=0.903045  err=0.000000  inc=-0.502657  bucket 0->0  (mf=1000)
[MF-SEL] tPrev=(  d=0.055992  dMin=0.000000  dAvg=0.042350  dMax=1.763758  Dlo=0.021175  Dhi=0.903054  err=0.000000  inc=-0.502657  bucket 0->0  (mf=1000)
[MF-SEL] tPrev=(  d=0.069461  dMin=0.000000  dAvg=0.042386  dMax=1.763758  Dlo=0.021193  Dhi=0.903072  err=0.000000  inc=-0.502657  bucket 0->0  (mf=1000)
[MF-SEL] tPrev=(  d=0.060774  dMin=0.000000  dAvg=0.042410  dMax=1.763758  Dlo=0.021205  Dhi=0.903084  err=0.000000  inc=-0.502657  bucket 0->0  (mf=1000)
Dropping frame 1403638171.745097
[MF-SEL] tPrev=(  d=0.129216  dMin=0.000000  dAvg=0.042523  dMax=1.763758  Dlo=0.021261  Dhi=0.903140  err=0.000000  inc=-0.502657  bucket 0->0  (mf=1000)
[MF-SEL] tPrev=(  d=0.052256  dMin=0.000000  dAvg=0.042535  dMax=1.763758  Dlo=0.021268  Dhi=0.903147  err=0.000000  inc=-0.502657  bucket 0->0  (mf=1000)
[MF-SEL] tPrev=(  d=0.069875  dMin=0.000000  dAvg=0.042571  dMax=1.763758  Dlo=0.021285  Dhi=0.903165  err=0.000000  inc=-0.502657  bucket 0->0  (mf=1000)
Dropping frame 1403638171.945097
[MF-SEL] tPrev=(  d=0.152083  dMin=0.000000  dAvg=0.042713  dMax=1.763758  Dlo=0.021357  Dhi=0.903236  err=0.000000  inc=-0.502657  bucket 0->0  (mf=1000)
Dropping frame 1403638172.045097
[MF-SEL] tPrev=(  d=0.162675  dMin=0.000000  dAvg=0.042868  dMax=1.763758  Dlo=0.021434  Dhi=0.903313  err=0.000000  inc=-0.502657  bucket 0->0  (mf=1000)
Dropping frame 1403638172.145097
[MF-SEL] tPrev=(  d=0.175937  dMin=0.000000  dAvg=0.043041  dMax=1.763758  Dlo=0.021520  Dhi=0.903399  err=0.000000  inc=-0.502657  bucket 0->0  (mf=1000)
[MF-SEL] tPrev=(  d=0.089746  dMin=0.000000  dAvg=0.043101  dMax=1.763758  Dlo=0.021550  Dhi=0.903429  err=0.000000  inc=-0.502657  bucket 0->0  (mf=1000)
Dropping frame 1403638172.295097
[MF-SEL] tPrev=(  d=0.187000  dMin=0.000000  dAvg=0.043287  dMax=1.763758  Dlo=0.021643  Dhi=0.903522  err=0.000000  inc=-0.502657  bucket 0->0  (mf=1000)
[MF-SEL] tPrev=(  d=0.096570  dMin=0.000000  dAvg=0.043355  dMax=1.763758  Dlo=0.021678  Dhi=0.903557  err=0.000000  inc=-0.502657  bucket 0->0  (mf=1000)
[MF-SEL] tPrev=(  d=0.098763  dMin=0.000000  dAvg=0.043427  dMax=1.763758  Dlo=0.021713  Dhi=0.903592  err=0.000000  inc=-0.502657  bucket 0->0  (mf=1000)
[MF-SEL] tPrev=(  d=0.100242  dMin=0.000000  dAvg=0.043500  dMax=1.763758  Dlo=0.021750  Dhi=0.903629  err=0.000000  inc=-0.502657  bucket 0->0  (mf=1000)
Dropping frame 1403638172.545097
[MF-SEL] tPrev=(  d=0.196610  dMin=0.000000  dAvg=0.043696  dMax=1.763758  Dlo=0.021848  Dhi=0.903727  err=0.000000  inc=-0.502657  bucket 0->0  (mf=1000)
Dropping frame 1403638172.645097
[MF-SEL] tPrev=(  d=0.214509  dMin=0.000000  dAvg=0.043915  dMax=1.763758  Dlo=0.021958  Dhi=0.903837  err=0.000000  inc=-0.502657  bucket 0->0  (mf=1000)
[MF-SEL] tPrev=(  d=0.111463  dMin=0.000000  dAvg=0.044002  dMax=1.763758  Dlo=0.022001  Dhi=0.903880  err=0.000000  inc=-0.502657  bucket 0->0  (mf=1000)
Dropping frame 1403638172.795097
[MF-SEL] tPrev=(  d=0.215285  dMin=0.000000  dAvg=0.044221  dMax=1.763758  Dlo=0.022110  Dhi=0.903989  err=0.000000  inc=-0.502657  bucket 0->0  (mf=1000)
[MF-SEL] tPrev=(  d=0.119369  dMin=0.000000  dAvg=0.044317  dMax=1.763758  Dlo=0.022158  Dhi=0.904037  err=0.000000  inc=-0.502657  bucket 0->0  (mf=1000)
[MF-SEL] tPrev=(  d=0.121825  dMin=0.000000  dAvg=0.044415  dMax=1.763758  Dlo=0.022208  Dhi=0.904087  err=0.000000  inc=-0.502657  bucket 0->0  (mf=1000)
Dropping frame 1403638172.995097
[MF-SEL] tPrev=(  d=0.240089  dMin=0.000000  dAvg=0.044665  dMax=1.763758  Dlo=0.022332  Dhi=0.904211  err=0.000000  inc=-0.502657  bucket 0->0  (mf=1000)
Dropping frame 1403638173.095097
[MF-SEL] tPrev=(  d=0.268999  dMin=0.000000  dAvg=0.044950  dMax=1.763758  Dlo=0.022475  Dhi=0.904354  err=0.000000  inc=-0.502657  bucket 0->0  (mf=1000)
[MF-SEL] tPrev=(  d=0.151758  dMin=0.000000  dAvg=0.045086  dMax=1.763758  Dlo=0.022543  Dhi=0.904422  err=0.000000  inc=-0.502657  bucket 0->0  (mf=1000)
[MF-SEL] tPrev=(  d=0.143044  dMin=0.000000  dAvg=0.045210  dMax=1.763758  Dlo=0.022605  Dhi=0.904484  err=0.000000  inc=-0.502657  bucket 0->0  (mf=1000)
Dropping frame 1403638173.295097
[MF-SEL] tPrev=(  d=0.293350  dMin=0.000000  dAvg=0.045525  dMax=1.763758  Dlo=0.022762  Dhi=0.904641  err=0.000000  inc=-0.502657  bucket 0->0  (mf=1000)
Dropping frame 1403638173.395097
[MF-SEL] tPrev=(  d=0.268854  dMin=0.000000  dAvg=0.045807  dMax=1.763758  Dlo=0.022904  Dhi=0.904783  err=0.000000  inc=-0.502657  bucket 0->0  (mf=1000)
[MF-SEL] tPrev=(  d=0.152029  dMin=0.000000  dAvg=0.045942  dMax=1.763758  Dlo=0.022971  Dhi=0.904850  err=0.000000  inc=-0.502657  bucket 0->0  (mf=1000)
[MF-SEL] tPrev=(  d=0.152309  dMin=0.000000  dAvg=0.046076  dMax=1.763758  Dlo=0.023038  Dhi=0.904917  err=0.000000  inc=-0.502657  bucket 0->0  (mf=1000)
[MF-SEL] tPrev=(  d=0.163398  dMin=0.000000  dAvg=0.046224  dMax=1.763758  Dlo=0.023112  Dhi=0.904991  err=0.000000  inc=-0.502657  bucket 0->0  (mf=1000)
[MF-SEL] tPrev=(  d=0.151811  dMin=0.000000  dAvg=0.046357  dMax=1.763758  Dlo=0.023178  Dhi=0.905057  err=0.000000  inc=-0.502657  bucket 0->0  (mf=1000)
[MF-SEL] tPrev=(  d=0.152344  dMin=0.000000  dAvg=0.046490  dMax=1.763758  Dlo=0.023245  Dhi=0.905124  err=0.000000  inc=-0.502657  bucket 0->0  (mf=1000)
[MF-SEL] tPrev=(  d=0.152477  dMin=0.000000  dAvg=0.046623  dMax=1.763758  Dlo=0.023312  Dhi=0.905191  err=0.000000  inc=-0.502657  bucket 0->0  (mf=1000)
[MF-SEL] tPrev=(  d=0.125683  dMin=0.000000  dAvg=0.046723  dMax=1.763758  Dlo=0.023361  Dhi=0.905240  err=0.000000  inc=-0.502657  bucket 0->0  (mf=1000)
[MF-SEL] tPrev=(  d=0.150788  dMin=0.000000  dAvg=0.046853  dMax=1.763758  Dlo=0.023426  Dhi=0.905306  err=0.000000  inc=-0.502657  bucket 0->0  (mf=1000)
Dropping frame 1403638173.895097
[MF-SEL] tPrev=(  d=0.237864  dMin=0.000000  dAvg=0.047092  dMax=1.763758  Dlo=0.023546  Dhi=0.905425  err=0.000000  inc=-0.502657  bucket 0->0  (mf=1000)
[MF-SEL] tPrev=(  d=0.145580  dMin=0.000000  dAvg=0.047215  dMax=1.763758  Dlo=0.023608  Dhi=0.905487  err=0.000000  inc=-0.502657  bucket 0->0  (mf=1000)
[MF-SEL] tPrev=(  d=0.145623  dMin=0.000000  dAvg=0.047338  dMax=1.763758  Dlo=0.023669  Dhi=0.905548  err=0.000000  inc=-0.502657  bucket 0->0  (mf=1000)
[MF-SEL] tPrev=(  d=0.144709  dMin=0.000000  dAvg=0.047459  dMax=1.763758  Dlo=0.023730  Dhi=0.905609  err=0.000000  inc=-0.502657  bucket 0->0  (mf=1000)
Dropping frame 1403638174.145097
[MF-SEL] tPrev=(  d=0.376424  dMin=0.000000  dAvg=0.047869  dMax=1.763758  Dlo=0.023935  Dhi=0.905814  err=0.000000  inc=-0.502657  bucket 0->0  (mf=1000)
[MF-SEL] tPrev=(  d=0.144026  dMin=0.000000  dAvg=0.047989  dMax=1.763758  Dlo=0.023994  Dhi=0.905873  err=0.000000  inc=-0.502657  bucket 0->0  (mf=1000)
[MF-SEL] tPrev=(  d=0.143852  dMin=0.000000  dAvg=0.048108  dMax=1.763758  Dlo=0.024054  Dhi=0.905933  err=0.000000  inc=-0.502657  bucket 0->0  (mf=1000)
Dropping frame 1403638174.345097
[MF-SEL] tPrev=(  d=0.170484  dMin=0.000000  dAvg=0.048260  dMax=1.763758  Dlo=0.024130  Dhi=0.906009  err=0.000000  inc=-0.502657  bucket 0->0  (mf=1000)
[MF-SEL] tPrev=(  d=0.140893  dMin=0.000000  dAvg=0.048374  dMax=1.763758  Dlo=0.024187  Dhi=0.906066  err=0.000000  inc=-0.502657  bucket 0->0  (mf=1000)
[MF-SEL] tPrev=(  d=0.138613  dMin=0.000000  dAvg=0.048486  dMax=1.763758  Dlo=0.024243  Dhi=0.906122  err=0.000000  inc=-0.502657  bucket 0->0  (mf=1000)
[MF-SEL] tPrev=(  d=0.156128  dMin=0.000000  dAvg=0.048619  dMax=1.763758  Dlo=0.024310  Dhi=0.906189  err=0.000000  inc=-0.502657  bucket 0->0  (mf=1000)
Dropping frame 1403638174.595097
[MF-SEL] tPrev=(  d=0.272733  dMin=0.000000  dAvg=0.048896  dMax=1.763758  Dlo=0.024448  Dhi=0.906327  err=0.000000  inc=-0.502657  bucket 0->0  (mf=1000)
[MF-SEL] tPrev=(  d=0.207471  dMin=0.000000  dAvg=0.049091  dMax=1.763758  Dlo=0.024546  Dhi=0.906425  err=0.000000  inc=-0.502657  bucket 0->0  (mf=1000)
[MF-SEL] tPrev=(  d=0.133219  dMin=0.000000  dAvg=0.049195  dMax=1.763758  Dlo=0.024597  Dhi=0.906477  err=0.000000  inc=-0.502657  bucket 0->0  (mf=1000)
Dropping frame 1403638174.795097
[MF-SEL] tPrev=(  d=0.225859  dMin=0.000000  dAvg=0.049412  dMax=1.763758  Dlo=0.024706  Dhi=0.906585  err=0.000000  inc=-0.502657  bucket 0->0  (mf=1000)
[MF-SEL] tPrev=(  d=0.123652  dMin=0.000000  dAvg=0.049503  dMax=1.763758  Dlo=0.024752  Dhi=0.906631  err=0.000000  inc=-0.502657  bucket 0->0  (mf=1000)
[MF-SEL] tPrev=(  d=0.121215  dMin=0.000000  dAvg=0.049591  dMax=1.763758  Dlo=0.024796  Dhi=0.906675  err=0.000000  inc=-0.502657  bucket 0->0  (mf=1000)
Dropping frame 1403638174.995097
[MF-SEL] tPrev=(  d=0.186602  dMin=0.000000  dAvg=0.049759  dMax=1.763758  Dlo=0.024880  Dhi=0.906759  err=0.000000  inc=-0.502657  bucket 0->0  (mf=1000)
[MF-SEL] tPrev=(  d=0.111774  dMin=0.000000  dAvg=0.049835  dMax=1.763758  Dlo=0.024918  Dhi=0.906797  err=0.000000  inc=-0.502657  bucket 0->0  (mf=1000)
[MF-SEL] tPrev=(  d=0.109759  dMin=0.000000  dAvg=0.049909  dMax=1.763758  Dlo=0.024954  Dhi=0.906833  err=0.000000  inc=-0.502657  bucket 0->0  (mf=1000)
Dropping frame 1403638175.195097
[MF-SEL] tPrev=(  d=0.200835  dMin=0.000000  dAvg=0.050093  dMax=1.763758  Dlo=0.025046  Dhi=0.906925  err=0.000000  inc=-0.502657  bucket 0->0  (mf=1000)
Dropping frame 1403638175.295097
[MF-SEL] tPrev=(  d=0.201464  dMin=0.000000  dAvg=0.050277  dMax=1.763758  Dlo=0.025139  Dhi=0.907018  err=0.000000  inc=-0.502657  bucket 0->0  (mf=1000)
[MF-SEL] tPrev=(  d=0.120132  dMin=0.000000  dAvg=0.050362  dMax=1.763758  Dlo=0.025181  Dhi=0.907060  err=0.000000  inc=-0.502657  bucket 0->0  (mf=1000)
[MF-SEL] tPrev=(  d=0.095469  dMin=0.000000  dAvg=0.050417  dMax=1.763758  Dlo=0.025209  Dhi=0.907088  err=0.000000  inc=-0.502657  bucket 0->0  (mf=1000)
[MF-SEL] tPrev=(  d=0.092115  dMin=0.000000  dAvg=0.050468  dMax=1.763758  Dlo=0.025234  Dhi=0.907113  err=0.000000  inc=-0.502657  bucket 0->0  (mf=1000)
[MF-SEL] tPrev=(  d=0.050767  dMin=0.000000  dAvg=0.050468  dMax=1.763758  Dlo=0.025234  Dhi=0.907113  err=0.000000  inc=-0.502657  bucket 0->0  (mf=1000)
[MF-SEL] tPrev=(  d=0.085852  dMin=0.000000  dAvg=0.050511  dMax=1.763758  Dlo=0.025256  Dhi=0.907135  err=0.000000  inc=-0.502657  bucket 0->0  (mf=1000)
Dropping frame 1403638175.645097
[MF-SEL] tPrev=(  d=0.163509  dMin=0.000000  dAvg=0.050648  dMax=1.763758  Dlo=0.025324  Dhi=0.907203  err=0.000000  inc=-0.502657  bucket 0->0  (mf=1000)
[MF-SEL] tPrev=(  d=0.078220  dMin=0.000000  dAvg=0.050681  dMax=1.763758  Dlo=0.025341  Dhi=0.907220  err=0.000000  inc=-0.502657  bucket 0->0  (mf=1000)
[MF-SEL] tPrev=(  d=0.096285  dMin=0.000000  dAvg=0.050736  dMax=1.763758  Dlo=0.025368  Dhi=0.907247  err=0.000000  inc=-0.502657  bucket 0->0  (mf=1000)
Dropping frame 1403638175.845097
[MF-SEL] tPrev=(  d=0.148992  dMin=0.000000  dAvg=0.050855  dMax=1.763758  Dlo=0.025428  Dhi=0.907307  err=0.000000  inc=-0.502657  bucket 0->0  (mf=1000)
Dropping frame 1403638175.945097
[MF-SEL] tPrev=(  d=0.162385  dMin=0.000000  dAvg=0.050989  dMax=1.763758  Dlo=0.025495  Dhi=0.907374  err=0.000000  inc=-0.502657  bucket 0->0  (mf=1000)
[MF-SEL] tPrev=(  d=0.068479  dMin=0.000000  dAvg=0.051010  dMax=1.763758  Dlo=0.025505  Dhi=0.907384  err=0.000000  inc=-0.502657  bucket 0->0  (mf=1000)
[MF-SEL] tPrev=(  d=0.066773  dMin=0.000000  dAvg=0.051029  dMax=1.763758  Dlo=0.025515  Dhi=0.907394  err=0.000000  inc=-0.502657  bucket 0->0  (mf=1000)
[MF-SEL] tPrev=(  d=0.064242  dMin=0.000000  dAvg=0.051045  dMax=1.763758  Dlo=0.025523  Dhi=0.907402  err=0.000000  inc=-0.502657  bucket 0->0  (mf=1000)
[MF-SEL] tPrev=(  d=0.061693  dMin=0.000000  dAvg=0.051058  dMax=1.763758  Dlo=0.025529  Dhi=0.907408  err=0.000000  inc=-0.502657  bucket 0->0  (mf=1000)
[MF-SEL] tPrev=(  d=0.059573  dMin=0.000000  dAvg=0.051068  dMax=1.763758  Dlo=0.025534  Dhi=0.907413  err=0.000000  inc=-0.502657  bucket 0->0  (mf=1000)
[MF-SEL] tPrev=(  d=0.057935  dMin=0.000000  dAvg=0.051076  dMax=1.763758  Dlo=0.025538  Dhi=0.907417  err=0.000000  inc=-0.502657  bucket 0->0  (mf=1000)
[MF-SEL] tPrev=(  d=0.049933  dMin=0.000000  dAvg=0.051075  dMax=1.763758  Dlo=0.025538  Dhi=0.907417  err=0.000000  inc=-0.502657  bucket 0->0  (mf=1000)
[MF-SEL] tPrev=(  d=0.052715  dMin=0.000000  dAvg=0.051077  dMax=1.763758  Dlo=0.025538  Dhi=0.907418  err=0.000000  inc=-0.502657  bucket 0->0  (mf=1000)
Dropping frame 1403638176.445097
[MF-SEL] tPrev=(  d=0.099273  dMin=0.000000  dAvg=0.051134  dMax=1.763758  Dlo=0.025567  Dhi=0.907446  err=0.000000  inc=-0.502657  bucket 0->0  (mf=1000)
[MF-SEL] tPrev=(  d=0.046546  dMin=0.000000  dAvg=0.051129  dMax=1.763758  Dlo=0.025564  Dhi=0.907444  err=0.000000  inc=-0.502657  bucket 0->0  (mf=1000)
[MF-SEL] tPrev=(  d=0.072658  dMin=0.000000  dAvg=0.051155  dMax=1.763758  Dlo=0.025577  Dhi=0.907456  err=0.000000  inc=-0.502657  bucket 0->0  (mf=1000)
[MF-SEL] tPrev=(  d=0.043986  dMin=0.000000  dAvg=0.051146  dMax=1.763758  Dlo=0.025573  Dhi=0.907452  err=0.000000  inc=-0.502657  bucket 0->0  (mf=1000)
[MF-SEL] tPrev=(  d=0.042184  dMin=0.000000  dAvg=0.051135  dMax=1.763758  Dlo=0.025568  Dhi=0.907447  err=0.000000  inc=-0.502657  bucket 0->0  (mf=1000)
[MF-SEL] tPrev=(  d=0.040510  dMin=0.000000  dAvg=0.051123  dMax=1.763758  Dlo=0.025561  Dhi=0.907440  err=0.000000  inc=-0.502657  bucket 0->0  (mf=1000)
[MF-SEL] tPrev=(  d=0.038686  dMin=0.000000  dAvg=0.051108  dMax=1.763758  Dlo=0.025554  Dhi=0.907433  err=0.000000  inc=-0.502657  bucket 0->0  (mf=1000)
[MF-SEL] tPrev=(  d=0.036778  dMin=0.000000  dAvg=0.051091  dMax=1.763758  Dlo=0.025546  Dhi=0.907425  err=0.000000  inc=-0.502657  bucket 0->0  (mf=1000)
[MF-SEL] tPrev=(  d=0.035036  dMin=0.000000  dAvg=0.051072  dMax=1.763758  Dlo=0.025536  Dhi=0.907415  err=0.000000  inc=-0.502657  bucket 0->0  (mf=1000)
[MF-SEL] tPrev=(  d=0.034264  dMin=0.000000  dAvg=0.051052  dMax=1.763758  Dlo=0.025526  Dhi=0.907405  err=0.000000  inc=-0.502657  bucket 0->0  (mf=1000)
Dropping frame 1403638176.995097
[MF-SEL] tPrev=(  d=0.070178  dMin=0.000000  dAvg=0.051075  dMax=1.763758  Dlo=0.025537  Dhi=0.907417  err=0.000000  inc=-0.502657  bucket 0->0  (mf=1000)
Dropping frame 1403638177.095097
[MF-SEL] tPrev=(  d=0.060481  dMin=0.000000  dAvg=0.051086  dMax=1.763758  Dlo=0.025543  Dhi=0.907422  err=0.000000  inc=-0.502657  bucket 0->0  (mf=1000)
[MF-SEL] tPrev=(  d=0.029151  dMin=0.000000  dAvg=0.051060  dMax=1.763758  Dlo=0.025530  Dhi=0.907409  err=0.000000  inc=-0.502657  bucket 0->0  (mf=1000)
[MF-SEL] tPrev=(  d=0.028252  dMin=0.000000  dAvg=0.051033  dMax=1.763758  Dlo=0.025517  Dhi=0.907396  err=0.000000  inc=-0.502657  bucket 0->0  (mf=1000)
[MF-SEL] tPrev=(  d=0.027507  dMin=0.000000  dAvg=0.051006  dMax=1.763758  Dlo=0.025503  Dhi=0.907382  err=0.000000  inc=-0.502657  bucket 0->0  (mf=1000)
[MF-SEL] tPrev=(  d=0.015269  dMin=0.000000  dAvg=0.050964  dMax=1.763758  Dlo=0.025482  Dhi=0.907361  err=-1.000000  inc=-1.439114  bucket 0->0  (mf=1000)
[MF-SEL] tPrev=(  d=0.025811  dMin=0.000000  dAvg=0.050935  dMax=1.763758  Dlo=0.025467  Dhi=0.907346  err=0.000000  inc=-0.172072  bucket 0->0  (mf=1000)
Dropping frame 1403638177.445097
[MF-SEL] tPrev=(  d=0.049882  dMin=0.000000  dAvg=0.050933  dMax=1.763758  Dlo=0.025467  Dhi=0.907346  err=0.000000  inc=-0.505052  bucket 0->0  (mf=1000)
[MF-SEL] tPrev=(  d=0.024352  dMin=0.000000  dAvg=0.050902  dMax=1.763758  Dlo=0.025451  Dhi=0.907330  err=-1.000000  inc=-1.433610  bucket 0->0  (mf=1000)
[MF-SEL] tPrev=(  d=0.024320  dMin=0.000000  dAvg=0.050871  dMax=1.763758  Dlo=0.025436  Dhi=0.907315  err=-1.000000  inc=-1.109751  bucket 0->0  (mf=1000)
[MF-SEL] tPrev=(  d=0.025130  dMin=0.000000  dAvg=0.050841  dMax=1.763758  Dlo=0.025421  Dhi=0.907300  err=-1.000000  inc=-1.111999  bucket 0->0  (mf=1000)
[MF-SEL] tPrev=(  d=0.025613  dMin=0.000000  dAvg=0.050812  dMax=1.763758  Dlo=0.025406  Dhi=0.907285  err=0.000000  inc=-0.160722  bucket 0->0  (mf=1000)
[MF-SEL] tPrev=(  d=0.047667  dMin=0.000000  dAvg=0.050808  dMax=1.763758  Dlo=0.025404  Dhi=0.907283  err=0.000000  inc=-0.511999  bucket 0->0  (mf=1000)
[MF-SEL] tPrev=(  d=0.027287  dMin=0.000000  dAvg=0.050781  dMax=1.763758  Dlo=0.025391  Dhi=0.907270  err=0.000000  inc=-0.511999  bucket 0->0  (mf=1000)
[MF-SEL] tPrev=(  d=0.027687  dMin=0.000000  dAvg=0.050754  dMax=1.763758  Dlo=0.025377  Dhi=0.907256  err=0.000000  inc=-0.511999  bucket 0->0  (mf=1000)
[MF-SEL] tPrev=(  d=0.027526  dMin=0.000000  dAvg=0.050727  dMax=1.763758  Dlo=0.025364  Dhi=0.907243  err=0.000000  inc=-0.511999  bucket 0->0  (mf=1000)
Dropping frame 1403638177.945097
[MF-SEL] tPrev=(  d=0.055213  dMin=0.000000  dAvg=0.050733  dMax=1.763758  Dlo=0.025366  Dhi=0.907245  err=0.000000  inc=-0.511999  bucket 0->0  (mf=1000)
[MF-SEL] tPrev=(  d=0.024223  dMin=0.000000  dAvg=0.050702  dMax=1.763758  Dlo=0.025351  Dhi=0.907230  err=-1.000000  inc=-1.449105  bucket 0->0  (mf=1000)
[MF-SEL] tPrev=(  d=0.023946  dMin=0.000000  dAvg=0.050671  dMax=1.763758  Dlo=0.025336  Dhi=0.907215  err=-1.000000  inc=-1.116588  bucket 0->0  (mf=1000)
[MF-SEL] tPrev=(  d=0.023605  dMin=0.000000  dAvg=0.050640  dMax=1.763758  Dlo=0.025320  Dhi=0.907199  err=-1.000000  inc=-1.118763  bucket 0->0  (mf=1000)
[MF-SEL] tPrev=(  d=0.030134  dMin=0.000000  dAvg=0.050616  dMax=1.763758  Dlo=0.025308  Dhi=0.907187  err=0.000000  inc=-0.166590  bucket 0->0  (mf=1000)
[MF-SEL] tPrev=(  d=0.021828  dMin=0.000000  dAvg=0.050583  dMax=1.763758  Dlo=0.025292  Dhi=0.907171  err=-1.000000  inc=-1.431069  bucket 0->0  (mf=1000)
[MF-SEL] tPrev=(  d=0.021797  dMin=0.000000  dAvg=0.050550  dMax=1.763758  Dlo=0.025275  Dhi=0.907154  err=-1.000000  inc=-1.123447  bucket 0->0  (mf=1000)
[MF-SEL] tPrev=(  d=0.021719  dMin=0.000000  dAvg=0.050517  dMax=1.763758  Dlo=0.025259  Dhi=0.907138  err=-1.000000  inc=-1.125747  bucket 0->0  (mf=1000)
[MF-SEL] tPrev=(  d=0.021310  dMin=0.000000  dAvg=0.050484  dMax=1.763758  Dlo=0.025242  Dhi=0.907121  err=-1.000000  inc=-1.128102  bucket 0->0  (mf=1000)
[MF-SEL] tPrev=(  d=0.021486  dMin=0.000000  dAvg=0.050451  dMax=1.763758  Dlo=0.025225  Dhi=0.907104  err=-1.000000  inc=-1.130241  bucket 0->0  (mf=1000)
Dropping frame 1403638178.495097
[MF-SEL] tPrev=(  d=0.042205  dMin=0.000000  dAvg=0.050441  dMax=1.763758  Dlo=0.025221  Dhi=0.907100  err=0.000000  inc=-0.368175  bucket 0->0  (mf=1000)
[MF-SEL] tPrev=(  d=0.026778  dMin=0.000000  dAvg=0.050414  dMax=1.763758  Dlo=0.025207  Dhi=0.907086  err=0.000000  inc=-0.530241  bucket 0->0  (mf=1000)
[MF-SEL] tPrev=(  d=0.022927  dMin=0.000000  dAvg=0.050383  dMax=1.763758  Dlo=0.025191  Dhi=0.907070  err=-1.000000  inc=-1.442111  bucket 0->0  (mf=1000)
[MF-SEL] tPrev=(  d=0.023885  dMin=0.000000  dAvg=0.050353  dMax=1.763758  Dlo=0.025176  Dhi=0.907055  err=-1.000000  inc=-1.135060  bucket 0->0  (mf=1000)
[MF-SEL] tPrev=(  d=0.037311  dMin=0.000000  dAvg=0.050338  dMax=1.763758  Dlo=0.025169  Dhi=0.907048  err=0.000000  inc=-0.141191  bucket 0->0  (mf=1000)
Dropping frame 1403638178.795097
[MF-SEL] tPrev=(  d=0.054681  dMin=0.000000  dAvg=0.050343  dMax=1.763758  Dlo=0.025171  Dhi=0.907050  err=0.000000  inc=-0.535060  bucket 0->0  (mf=1000)
[MF-SEL] tPrev=(  d=0.028962  dMin=0.000000  dAvg=0.050318  dMax=1.763758  Dlo=0.025159  Dhi=0.907038  err=0.000000  inc=-0.535060  bucket 0->0  (mf=1000)
[MF-SEL] tPrev=(  d=0.029903  dMin=0.000000  dAvg=0.050295  dMax=1.763758  Dlo=0.025148  Dhi=0.907027  err=0.000000  inc=-0.535060  bucket 0->0  (mf=1000)
Dropping frame 1403638178.995097
[MF-SEL] tPrev=(  d=0.054103  dMin=0.000000  dAvg=0.050300  dMax=1.763758  Dlo=0.025150  Dhi=0.907029  err=0.000000  inc=-0.535060  bucket 0->0  (mf=1000)
[MF-SEL] tPrev=(  d=0.032071  dMin=0.000000  dAvg=0.050279  dMax=1.763758  Dlo=0.025140  Dhi=0.907019  err=0.000000  inc=-0.535060  bucket 0->0  (mf=1000)
[MF-SEL] tPrev=(  d=0.033409  dMin=0.000000  dAvg=0.050260  dMax=1.763758  Dlo=0.025130  Dhi=0.907009  err=0.000000  inc=-0.535060  bucket 0->0  (mf=1000)
Dropping frame 1403638179.195097
[MF-SEL] tPrev=(  d=0.073804  dMin=0.000000  dAvg=0.050287  dMax=1.763758  Dlo=0.025143  Dhi=0.907022  err=0.000000  inc=-0.535060  bucket 0->0  (mf=1000)
[MF-SEL] tPrev=(  d=0.035496  dMin=0.000000  dAvg=0.050270  dMax=1.763758  Dlo=0.025135  Dhi=0.907014  err=0.000000  inc=-0.535060  bucket 0->0  (mf=1000)
[MF-SEL] tPrev=(  d=0.036626  dMin=0.000000  dAvg=0.050254  dMax=1.763758  Dlo=0.025127  Dhi=0.907006  err=0.000000  inc=-0.535060  bucket 0->0  (mf=1000)
[MF-SEL] tPrev=(  d=0.037652  dMin=0.000000  dAvg=0.050240  dMax=1.763758  Dlo=0.025120  Dhi=0.906999  err=0.000000  inc=-0.535060  bucket 0->0  (mf=1000)
Dropping frame 1403638179.445097
[MF-SEL] tPrev=(  d=0.078670  dMin=0.000000  dAvg=0.050272  dMax=1.763758  Dlo=0.025136  Dhi=0.907015  err=0.000000  inc=-0.535060  bucket 0->0  (mf=1000)
[MF-SEL] tPrev=(  d=0.039028  dMin=0.000000  dAvg=0.050260  dMax=1.763758  Dlo=0.025130  Dhi=0.907009  err=0.000000  inc=-0.535060  bucket 0->0  (mf=1000)
[MF-SEL] tPrev=(  d=0.039689  dMin=0.000000  dAvg=0.050248  dMax=1.763758  Dlo=0.025124  Dhi=0.907003  err=0.000000  inc=-0.535060  bucket 0->0  (mf=1000)
Dropping frame 1403638179.645097
[MF-SEL] tPrev=(  d=0.092629  dMin=0.000000  dAvg=0.050295  dMax=1.763758  Dlo=0.025148  Dhi=0.907027  err=0.000000  inc=-0.535060  bucket 0->0  (mf=1000)
[MF-SEL] tPrev=(  d=0.039047  dMin=0.000000  dAvg=0.050283  dMax=1.763758  Dlo=0.025141  Dhi=0.907020  err=0.000000  inc=-0.535060  bucket 0->0  (mf=1000)
[MF-SEL] tPrev=(  d=0.038558  dMin=0.000000  dAvg=0.050270  dMax=1.763758  Dlo=0.025135  Dhi=0.907014  err=0.000000  inc=-0.535060  bucket 0->0  (mf=1000)
Dropping frame 1403638179.845097
[MF-SEL] tPrev=(  d=0.070985  dMin=0.000000  dAvg=0.050293  dMax=1.763758  Dlo=0.025146  Dhi=0.907025  err=0.000000  inc=-0.535060  bucket 0->0  (mf=1000)
[MF-SEL] tPrev=(  d=0.036237  dMin=0.000000  dAvg=0.050277  dMax=1.763758  Dlo=0.025139  Dhi=0.907018  err=0.000000  inc=-0.535060  bucket 0->0  (mf=1000)
[MF-SEL] tPrev=(  d=0.036217  dMin=0.000000  dAvg=0.050261  dMax=1.763758  Dlo=0.025131  Dhi=0.907010  err=0.000000  inc=-0.535060  bucket 0->0  (mf=1000)
Dropping frame 1403638180.045097
[MF-SEL] tPrev=(  d=0.084697  dMin=0.000000  dAvg=0.050300  dMax=1.763758  Dlo=0.025150  Dhi=0.907029  err=0.000000  inc=-0.535060  bucket 0->0  (mf=1000)
[MF-SEL] tPrev=(  d=0.037576  dMin=0.000000  dAvg=0.050286  dMax=1.763758  Dlo=0.025143  Dhi=0.907022  err=0.000000  inc=-0.535060  bucket 0->0  (mf=1000)
[MF-SEL] tPrev=(  d=0.038251  dMin=0.000000  dAvg=0.050272  dMax=1.763758  Dlo=0.025136  Dhi=0.907015  err=0.000000  inc=-0.535060  bucket 0->0  (mf=1000)
[MF-SEL] tPrev=(  d=0.039069  dMin=0.000000  dAvg=0.050260  dMax=1.763758  Dlo=0.025130  Dhi=0.907009  err=0.000000  inc=-0.535060  bucket 0->0  (mf=1000)
[MF-SEL] tPrev=(  d=0.051761  dMin=0.000000  dAvg=0.050261  dMax=1.763758  Dlo=0.025131  Dhi=0.907010  err=0.000000  inc=-0.535060  bucket 0->0  (mf=1000)
[MF-SEL] tPrev=(  d=0.040883  dMin=0.000000  dAvg=0.050251  dMax=1.763758  Dlo=0.025126  Dhi=0.907005  err=0.000000  inc=-0.535060  bucket 0->0  (mf=1000)
[MF-SEL] tPrev=(  d=0.042063  dMin=0.000000  dAvg=0.050242  dMax=1.763758  Dlo=0.025121  Dhi=0.907000  err=0.000000  inc=-0.535060  bucket 0->0  (mf=1000)
Dropping frame 1403638180.445097
[MF-SEL] tPrev=(  d=0.084254  dMin=0.000000  dAvg=0.050280  dMax=1.763758  Dlo=0.025140  Dhi=0.907019  err=0.000000  inc=-0.535060  bucket 0->0  (mf=1000)
[MF-SEL] tPrev=(  d=0.071404  dMin=0.000000  dAvg=0.050303  dMax=1.763758  Dlo=0.025151  Dhi=0.907030  err=0.000000  inc=-0.535060  bucket 0->0  (mf=1000)
Dropping frame 1403638180.595097
[MF-SEL] tPrev=(  d=0.089373  dMin=0.000000  dAvg=0.050346  dMax=1.763758  Dlo=0.025173  Dhi=0.907052  err=0.000000  inc=-0.535060  bucket 0->0  (mf=1000)
[MF-SEL] tPrev=(  d=0.045327  dMin=0.000000  dAvg=0.050340  dMax=1.763758  Dlo=0.025170  Dhi=0.907049  err=0.000000  inc=-0.535060  bucket 0->0  (mf=1000)
[MF-SEL] tPrev=(  d=0.047695  dMin=0.000000  dAvg=0.050337  dMax=1.763758  Dlo=0.025169  Dhi=0.907048  err=0.000000  inc=-0.535060  bucket 0->0  (mf=1000)
[MF-SEL] tPrev=(  d=0.048914  dMin=0.000000  dAvg=0.050336  dMax=1.763758  Dlo=0.025168  Dhi=0.907047  err=0.000000  inc=-0.535060  bucket 0->0  (mf=1000)
[MF-SEL] tPrev=(  d=0.070023  dMin=0.000000  dAvg=0.050357  dMax=1.763758  Dlo=0.025179  Dhi=0.907058  err=0.000000  inc=-0.535060  bucket 0->0  (mf=1000)
Dropping frame 1403638180.895097
[MF-SEL] tPrev=(  d=0.097780  dMin=0.000000  dAvg=0.050409  dMax=1.763758  Dlo=0.025205  Dhi=0.907084  err=0.000000  inc=-0.535060  bucket 0->0  (mf=1000)
[MF-SEL] tPrev=(  d=0.050801  dMin=0.000000  dAvg=0.050410  dMax=1.763758  Dlo=0.025205  Dhi=0.907084  err=0.000000  inc=-0.535060  bucket 0->0  (mf=1000)
[MF-SEL] tPrev=(  d=0.052066  dMin=0.000000  dAvg=0.050412  dMax=1.763758  Dlo=0.025206  Dhi=0.907085  err=0.000000  inc=-0.535060  bucket 0->0  (mf=1000)
[MF-SEL] tPrev=(  d=0.053722  dMin=0.000000  dAvg=0.050415  dMax=1.763758  Dlo=0.025208  Dhi=0.907087  err=0.000000  inc=-0.535060  bucket 0->0  (mf=1000)
[MF-SEL] tPrev=(  d=0.073159  dMin=0.000000  dAvg=0.050440  dMax=1.763758  Dlo=0.025220  Dhi=0.907099  err=0.000000  inc=-0.535060  bucket 0->0  (mf=1000)
[MF-SEL] tPrev=(  d=0.055752  dMin=0.000000  dAvg=0.050446  dMax=1.763758  Dlo=0.025223  Dhi=0.907102  err=0.000000  inc=-0.535060  bucket 0->0  (mf=1000)
Dropping frame 1403638181.245097
[MF-SEL] tPrev=(  d=0.113096  dMin=0.000000  dAvg=0.050514  dMax=1.763758  Dlo=0.025257  Dhi=0.907136  err=0.000000  inc=-0.535060  bucket 0->0  (mf=1000)
[MF-SEL] tPrev=(  d=0.058148  dMin=0.000000  dAvg=0.050522  dMax=1.763758  Dlo=0.025261  Dhi=0.907140  err=0.000000  inc=-0.535060  bucket 0->0  (mf=1000)
[MF-SEL] tPrev=(  d=0.059395  dMin=0.000000  dAvg=0.050532  dMax=1.763758  Dlo=0.025266  Dhi=0.907145  err=0.000000  inc=-0.535060  bucket 0->0  (mf=1000)
Dropping frame 1403638181.445097
[MF-SEL] tPrev=(  d=0.153094  dMin=0.000000  dAvg=0.050643  dMax=1.763758  Dlo=0.025322  Dhi=0.907201  err=0.000000  inc=-0.535060  bucket 0->0  (mf=1000)
[MF-SEL] tPrev=(  d=0.060987  dMin=0.000000  dAvg=0.050654  dMax=1.763758  Dlo=0.025327  Dhi=0.907206  err=0.000000  inc=-0.535060  bucket 0->0  (mf=1000)
[MF-SEL] tPrev=(  d=0.061182  dMin=0.000000  dAvg=0.050666  dMax=1.763758  Dlo=0.025333  Dhi=0.907212  err=0.000000  inc=-0.535060  bucket 0->0  (mf=1000)
Dropping frame 1403638181.645097
[MF-SEL] tPrev=(  d=0.133083  dMin=0.000000  dAvg=0.050755  dMax=1.763758  Dlo=0.025377  Dhi=0.907256  err=0.000000  inc=-0.535060  bucket 0->0  (mf=1000)
[MF-SEL] tPrev=(  d=0.060632  dMin=0.000000  dAvg=0.050766  dMax=1.763758  Dlo=0.025383  Dhi=0.907262  err=0.000000  inc=-0.535060  bucket 0->0  (mf=1000)
[MF-SEL] tPrev=(  d=0.060192  dMin=0.000000  dAvg=0.050776  dMax=1.763758  Dlo=0.025388  Dhi=0.907267  err=0.000000  inc=-0.535060  bucket 0->0  (mf=1000)
[MF-SEL] tPrev=(  d=0.059810  dMin=0.000000  dAvg=0.050785  dMax=1.763758  Dlo=0.025393  Dhi=0.907272  err=0.000000  inc=-0.535060  bucket 0->0  (mf=1000)
[MF-SEL] tPrev=(  d=0.067517  dMin=0.000000  dAvg=0.050803  dMax=1.763758  Dlo=0.025402  Dhi=0.907281  err=0.000000  inc=-0.535060  bucket 0->0  (mf=1000)
[MF-SEL] tPrev=(  d=0.058218  dMin=0.000000  dAvg=0.050811  dMax=1.763758  Dlo=0.025406  Dhi=0.907285  err=0.000000  inc=-0.535060  bucket 0->0  (mf=1000)
Dropping frame 1403638181.995097
[MF-SEL] tPrev=(  d=0.113921  dMin=0.000000  dAvg=0.050879  dMax=1.763758  Dlo=0.025440  Dhi=0.907319  err=0.000000  inc=-0.535060  bucket 0->0  (mf=1000)
[MF-SEL] tPrev=(  d=0.056819  dMin=0.000000  dAvg=0.050886  dMax=1.763758  Dlo=0.025443  Dhi=0.907322  err=0.000000  inc=-0.535060  bucket 0->0  (mf=1000)
[MF-SEL] tPrev=(  d=0.057132  dMin=0.000000  dAvg=0.050892  dMax=1.763758  Dlo=0.025446  Dhi=0.907325  err=0.000000  inc=-0.535060  bucket 0->0  (mf=1000)
Dropping frame 1403638182.195097
[MF-SEL] tPrev=(  d=0.119491  dMin=0.000000  dAvg=0.050966  dMax=1.763758  Dlo=0.025483  Dhi=0.907362  err=0.000000  inc=-0.535060  bucket 0->0  (mf=1000)
[MF-SEL] tPrev=(  d=0.059740  dMin=0.000000  dAvg=0.050975  dMax=1.763758  Dlo=0.025488  Dhi=0.907367  err=0.000000  inc=-0.535060  bucket 0->0  (mf=1000)
Dropping frame 1403638182.345097
[MF-SEL] tPrev=(  d=0.124330  dMin=0.000000  dAvg=0.051053  dMax=1.763758  Dlo=0.025527  Dhi=0.907406  err=0.000000  inc=-0.535060  bucket 0->0  (mf=1000)
[MF-SEL] tPrev=(  d=0.064032  dMin=0.000000  dAvg=0.051067  dMax=1.763758  Dlo=0.025534  Dhi=0.907413  err=0.000000  inc=-0.535060  bucket 0->0  (mf=1000)
[MF-SEL] tPrev=(  d=0.064561  dMin=0.000000  dAvg=0.051082  dMax=1.763758  Dlo=0.025541  Dhi=0.907420  err=0.000000  inc=-0.535060  bucket 0->0  (mf=1000)
[MF-SEL] tPrev=(  d=0.065860  dMin=0.000000  dAvg=0.051097  dMax=1.763758  Dlo=0.025549  Dhi=0.907428  err=0.000000  inc=-0.535060  bucket 0->0  (mf=1000)
[MF-SEL] tPrev=(  d=0.067369  dMin=0.000000  dAvg=0.051115  dMax=1.763758  Dlo=0.025557  Dhi=0.907436  err=0.000000  inc=-0.535060  bucket 0->0  (mf=1000)
[MF-SEL] tPrev=(  d=0.068392  dMin=0.000000  dAvg=0.051133  dMax=1.763758  Dlo=0.025567  Dhi=0.907446  err=0.000000  inc=-0.535060  bucket 0->0  (mf=1000)
[MF-SEL] tPrev=(  d=0.077507  dMin=0.000000  dAvg=0.051161  dMax=1.763758  Dlo=0.025581  Dhi=0.907460  err=0.000000  inc=-0.535060  bucket 0->0  (mf=1000)
[MF-SEL] tPrev=(  d=0.071196  dMin=0.000000  dAvg=0.051182  dMax=1.763758  Dlo=0.025591  Dhi=0.907470  err=0.000000  inc=-0.535060  bucket 0->0  (mf=1000)
[MF-SEL] tPrev=(  d=0.072127  dMin=0.000000  dAvg=0.051205  dMax=1.763758  Dlo=0.025602  Dhi=0.907481  err=0.000000  inc=-0.535060  bucket 0->0  (mf=1000)
[MF-SEL] tPrev=(  d=0.072843  dMin=0.000000  dAvg=0.051227  dMax=1.763758  Dlo=0.025614  Dhi=0.907493  err=0.000000  inc=-0.535060  bucket 0->0  (mf=1000)
[MF-SEL] tPrev=(  d=0.073446  dMin=0.000000  dAvg=0.051251  dMax=1.763758  Dlo=0.025625  Dhi=0.907504  err=0.000000  inc=-0.535060  bucket 0->0  (mf=1000)
[MF-SEL] tPrev=(  d=0.066572  dMin=0.000000  dAvg=0.051267  dMax=1.763758  Dlo=0.025634  Dhi=0.907513  err=0.000000  inc=-0.535060  bucket 0->0  (mf=1000)
[MF-SEL] tPrev=(  d=0.074419  dMin=0.000000  dAvg=0.051292  dMax=1.763758  Dlo=0.025646  Dhi=0.907525  err=0.000000  inc=-0.535060  bucket 0->0  (mf=1000)
Dropping frame 1403638183.045097
[MF-SEL] tPrev=(  d=0.150172  dMin=0.000000  dAvg=0.051396  dMax=1.763758  Dlo=0.025698  Dhi=0.907577  err=0.000000  inc=-0.535060  bucket 0->0  (mf=1000)
[MF-SEL] tPrev=(  d=0.073142  dMin=0.000000  dAvg=0.051419  dMax=1.763758  Dlo=0.025709  Dhi=0.907588  err=0.000000  inc=-0.535060  bucket 0->0  (mf=1000)
[MF-SEL] tPrev=(  d=0.074919  dMin=0.000000  dAvg=0.051443  dMax=1.763758  Dlo=0.025722  Dhi=0.907601  err=0.000000  inc=-0.535060  bucket 0->0  (mf=1000)
[MF-SEL] tPrev=(  d=0.074259  dMin=0.000000  dAvg=0.051467  dMax=1.763758  Dlo=0.025734  Dhi=0.907613  err=0.000000  inc=-0.535060  bucket 0->0  (mf=1000)
[MF-SEL] tPrev=(  d=0.073505  dMin=0.000000  dAvg=0.051490  dMax=1.763758  Dlo=0.025745  Dhi=0.907624  err=0.000000  inc=-0.535060  bucket 0->0  (mf=1000)
[MF-SEL] tPrev=(  d=0.070686  dMin=0.000000  dAvg=0.051511  dMax=1.763758  Dlo=0.025755  Dhi=0.907634  err=0.000000  inc=-0.535060  bucket 0->0  (mf=1000)
[MF-SEL] tPrev=(  d=0.072866  dMin=0.000000  dAvg=0.051533  dMax=1.763758  Dlo=0.025766  Dhi=0.907645  err=0.000000  inc=-0.535060  bucket 0->0  (mf=1000)
Dropping frame 1403638183.445097
[MF-SEL] tPrev=(  d=0.147591  dMin=0.000000  dAvg=0.051633  dMax=1.763758  Dlo=0.025817  Dhi=0.907696  err=0.000000  inc=-0.535060  bucket 0->0  (mf=1000)
[MF-SEL] tPrev=(  d=0.074479  dMin=0.000000  dAvg=0.051657  dMax=1.763758  Dlo=0.025829  Dhi=0.907708  err=0.000000  inc=-0.535060  bucket 0->0  (mf=1000)
[MF-SEL] tPrev=(  d=0.069509  dMin=0.000000  dAvg=0.051676  dMax=1.763758  Dlo=0.025838  Dhi=0.907717  err=0.000000  inc=-0.535060  bucket 0->0  (mf=1000)
[MF-SEL] tPrev=(  d=0.074647  dMin=0.000000  dAvg=0.051700  dMax=1.763758  Dlo=0.025850  Dhi=0.907729  err=0.000000  inc=-0.535060  bucket 0->0  (mf=1000)
[MF-SEL] tPrev=(  d=0.076533  dMin=0.000000  dAvg=0.051726  dMax=1.763758  Dlo=0.025863  Dhi=0.907742  err=0.000000  inc=-0.535060  bucket 0->0  (mf=1000)
[MF-SEL] tPrev=(  d=0.076607  dMin=0.000000  dAvg=0.051752  dMax=1.763758  Dlo=0.025876  Dhi=0.907755  err=0.000000  inc=-0.535060  bucket 0->0  (mf=1000)
[MF-SEL] tPrev=(  d=0.076182  dMin=0.000000  dAvg=0.051777  dMax=1.763758  Dlo=0.025888  Dhi=0.907768  err=0.000000  inc=-0.535060  bucket 0->0  (mf=1000)
[MF-SEL] tPrev=(  d=0.075076  dMin=0.000000  dAvg=0.051801  dMax=1.763758  Dlo=0.025901  Dhi=0.907780  err=0.000000  inc=-0.535060  bucket 0->0  (mf=1000)
[MF-SEL] tPrev=(  d=0.056407  dMin=0.000000  dAvg=0.051806  dMax=1.763758  Dlo=0.025903  Dhi=0.907782  err=0.000000  inc=-0.535060  bucket 0->0  (mf=1000)
[MF-SEL] tPrev=(  d=0.072612  dMin=0.000000  dAvg=0.051828  dMax=1.763758  Dlo=0.025914  Dhi=0.907793  err=0.000000  inc=-0.535060  bucket 0->0  (mf=1000)
[MF-SEL] tPrev=(  d=0.072034  dMin=0.000000  dAvg=0.051848  dMax=1.763758  Dlo=0.025924  Dhi=0.907803  err=0.000000  inc=-0.535060  bucket 0->0  (mf=1000)
[MF-SEL] tPrev=(  d=0.064012  dMin=0.000000  dAvg=0.051861  dMax=1.763758  Dlo=0.025931  Dhi=0.907810  err=0.000000  inc=-0.535060  bucket 0->0  (mf=1000)
[MF-SEL] tPrev=(  d=0.070256  dMin=0.000000  dAvg=0.051880  dMax=1.763758  Dlo=0.025940  Dhi=0.907819  err=0.000000  inc=-0.535060  bucket 0->0  (mf=1000)
[MF-SEL] tPrev=(  d=0.069499  dMin=0.000000  dAvg=0.051898  dMax=1.763758  Dlo=0.025949  Dhi=0.907828  err=0.000000  inc=-0.535060  bucket 0->0  (mf=1000)
[MF-SEL] tPrev=(  d=0.068929  dMin=0.000000  dAvg=0.051916  dMax=1.763758  Dlo=0.025958  Dhi=0.907837  err=0.000000  inc=-0.535060  bucket 0->0  (mf=1000)
[MF-SEL] tPrev=(  d=0.068751  dMin=0.000000  dAvg=0.051933  dMax=1.763758  Dlo=0.025967  Dhi=0.907846  err=0.000000  inc=-0.535060  bucket 0->0  (mf=1000)
[MF-SEL] tPrev=(  d=0.069007  dMin=0.000000  dAvg=0.051951  dMax=1.763758  Dlo=0.025975  Dhi=0.907854  err=0.000000  inc=-0.535060  bucket 0->0  (mf=1000)
[MF-SEL] tPrev=(  d=0.069330  dMin=0.000000  dAvg=0.051969  dMax=1.763758  Dlo=0.025984  Dhi=0.907863  err=0.000000  inc=-0.535060  bucket 0->0  (mf=1000)
[MF-SEL] tPrev=(  d=0.069837  dMin=0.000000  dAvg=0.051987  dMax=1.763758  Dlo=0.025993  Dhi=0.907872  err=0.000000  inc=-0.535060  bucket 0->0  (mf=1000)
[MF-SEL] tPrev=(  d=0.069619  dMin=0.000000  dAvg=0.052005  dMax=1.763758  Dlo=0.026002  Dhi=0.907882  err=0.000000  inc=-0.535060  bucket 0->0  (mf=1000)
[MF-SEL] tPrev=(  d=0.069656  dMin=0.000000  dAvg=0.052023  dMax=1.763758  Dlo=0.026012  Dhi=0.907891  err=0.000000  inc=-0.535060  bucket 0->0  (mf=1000)
[MF-SEL] tPrev=(  d=0.069293  dMin=0.000000  dAvg=0.052041  dMax=1.763758  Dlo=0.026020  Dhi=0.907899  err=0.000000  inc=-0.535060  bucket 0->0  (mf=1000)
[MF-SEL] tPrev=(  d=0.069079  dMin=0.000000  dAvg=0.052058  dMax=1.763758  Dlo=0.026029  Dhi=0.907908  err=0.000000  inc=-0.535060  bucket 0->0  (mf=1000)
[MF-SEL] tPrev=(  d=0.076740  dMin=0.000000  dAvg=0.052083  dMax=1.763758  Dlo=0.026042  Dhi=0.907921  err=0.000000  inc=-0.535060  bucket 0->0  (mf=1000)
[MF-SEL] tPrev=(  d=0.068213  dMin=0.000000  dAvg=0.052100  dMax=1.763758  Dlo=0.026050  Dhi=0.907929  err=0.000000  inc=-0.535060  bucket 0->0  (mf=1000)
[MF-SEL] tPrev=(  d=0.068208  dMin=0.000000  dAvg=0.052116  dMax=1.763758  Dlo=0.026058  Dhi=0.907937  err=0.000000  inc=-0.535060  bucket 0->0  (mf=1000)
[MF-SEL] tPrev=(  d=0.073588  dMin=0.000000  dAvg=0.052138  dMax=1.763758  Dlo=0.026069  Dhi=0.907948  err=0.000000  inc=-0.535060  bucket 0->0  (mf=1000)
[MF-SEL] tPrev=(  d=0.067712  dMin=0.000000  dAvg=0.052154  dMax=1.763758  Dlo=0.026077  Dhi=0.907956  err=0.000000  inc=-0.535060  bucket 0->0  (mf=1000)
[MF-SEL] tPrev=(  d=0.067681  dMin=0.000000  dAvg=0.052170  dMax=1.763758  Dlo=0.026085  Dhi=0.907964  err=0.000000  inc=-0.535060  bucket 0->0  (mf=1000)
[MF-SEL] tPrev=(  d=0.067786  dMin=0.000000  dAvg=0.052186  dMax=1.763758  Dlo=0.026093  Dhi=0.907972  err=0.000000  inc=-0.535060  bucket 0->0  (mf=1000)
[MF-SEL] tPrev=(  d=0.067165  dMin=0.000000  dAvg=0.052201  dMax=1.763758  Dlo=0.026100  Dhi=0.907979  err=0.000000  inc=-0.535060  bucket 0->0  (mf=1000)
Dropping frame 1403638185.045097
[MF-SEL] tPrev=(  d=0.152133  dMin=0.000000  dAvg=0.052302  dMax=1.763758  Dlo=0.026151  Dhi=0.908030  err=0.000000  inc=-0.535060  bucket 0->0  (mf=1000)
Dropping frame 1403638185.145097
[MF-SEL] tPrev=(  d=0.135503  dMin=0.000000  dAvg=0.052386  dMax=1.763758  Dlo=0.026193  Dhi=0.908072  err=0.000000  inc=-0.535060  bucket 0->0  (mf=1000)
[MF-SEL] tPrev=(  d=0.068394  dMin=0.000000  dAvg=0.052402  dMax=1.763758  Dlo=0.026201  Dhi=0.908080  err=0.000000  inc=-0.535060  bucket 0->0  (mf=1000)
[MF-SEL] tPrev=(  d=0.084860  dMin=0.000000  dAvg=0.052435  dMax=1.763758  Dlo=0.026218  Dhi=0.908097  err=0.000000  inc=-0.535060  bucket 0->0  (mf=1000)
[MF-SEL] tPrev=(  d=0.068309  dMin=0.000000  dAvg=0.052451  dMax=1.763758  Dlo=0.026226  Dhi=0.908105  err=0.000000  inc=-0.535060  bucket 0->0  (mf=1000)
[MF-SEL] tPrev=(  d=0.068362  dMin=0.000000  dAvg=0.052467  dMax=1.763758  Dlo=0.026234  Dhi=0.908113  err=0.000000  inc=-0.535060  bucket 0->0  (mf=1000)
[MF-SEL] tPrev=(  d=0.067793  dMin=0.000000  dAvg=0.052483  dMax=1.763758  Dlo=0.026241  Dhi=0.908120  err=0.000000  inc=-0.535060  bucket 0->0  (mf=1000)
[MF-SEL] tPrev=(  d=0.070318  dMin=0.000000  dAvg=0.052501  dMax=1.763758  Dlo=0.026250  Dhi=0.908129  err=0.000000  inc=-0.535060  bucket 0->0  (mf=1000)
Dropping frame 1403638185.545097
[MF-SEL] tPrev=(  d=0.135747  dMin=0.000000  dAvg=0.052584  dMax=1.763758  Dlo=0.026292  Dhi=0.908171  err=0.000000  inc=-0.535060  bucket 0->0  (mf=1000)
[MF-SEL] tPrev=(  d=0.067498  dMin=0.000000  dAvg=0.052599  dMax=1.763758  Dlo=0.026300  Dhi=0.908179  err=0.000000  inc=-0.535060  bucket 0->0  (mf=1000)
[MF-SEL] tPrev=(  d=0.067400  dMin=0.000000  dAvg=0.052614  dMax=1.763758  Dlo=0.026307  Dhi=0.908186  err=0.000000  inc=-0.535060  bucket 0->0  (mf=1000)
[MF-SEL] tPrev=(  d=0.066886  dMin=0.000000  dAvg=0.052628  dMax=1.763758  Dlo=0.026314  Dhi=0.908193  err=0.000000  inc=-0.535060  bucket 0->0  (mf=1000)
Dropping frame 1403638185.795097
[MF-SEL] tPrev=(  d=0.130134  dMin=0.000000  dAvg=0.052706  dMax=1.763758  Dlo=0.026353  Dhi=0.908232  err=0.000000  inc=-0.535060  bucket 0->0  (mf=1000)
Dropping frame 1403638185.895097
[MF-SEL] tPrev=(  d=0.122087  dMin=0.000000  dAvg=0.052775  dMax=1.763758  Dlo=0.026388  Dhi=0.908267  err=0.000000  inc=-0.535060  bucket 0->0  (mf=1000)
[MF-SEL] tPrev=(  d=0.061087  dMin=0.000000  dAvg=0.052784  dMax=1.763758  Dlo=0.026392  Dhi=0.908271  err=0.000000  inc=-0.535060  bucket 0->0  (mf=1000)
[MF-SEL] tPrev=(  d=0.060331  dMin=0.000000  dAvg=0.052791  dMax=1.763758  Dlo=0.026396  Dhi=0.908275  err=0.000000  inc=-0.535060  bucket 0->0  (mf=1000)
[MF-SEL] tPrev=(  d=0.060246  dMin=0.000000  dAvg=0.052799  dMax=1.763758  Dlo=0.026399  Dhi=0.908278  err=0.000000  inc=-0.535060  bucket 0->0  (mf=1000)
[MF-SEL] tPrev=(  d=0.037390  dMin=0.000000  dAvg=0.052783  dMax=1.763758  Dlo=0.026392  Dhi=0.908271  err=0.000000  inc=-0.535060  bucket 0->0  (mf=1000)
[MF-SEL] tPrev=(  d=0.059385  dMin=0.000000  dAvg=0.052790  dMax=1.763758  Dlo=0.026395  Dhi=0.908274  err=0.000000  inc=-0.535060  bucket 0->0  (mf=1000)
[MF-SEL] tPrev=(  d=0.059343  dMin=0.000000  dAvg=0.052796  dMax=1.763758  Dlo=0.026398  Dhi=0.908277  err=0.000000  inc=-0.535060  bucket 0->0  (mf=1000)
Dropping frame 1403638186.295097
[MF-SEL] tPrev=(  d=0.118078  dMin=0.000000  dAvg=0.052861  dMax=1.763758  Dlo=0.026431  Dhi=0.908310  err=0.000000  inc=-0.535060  bucket 0->0  (mf=1000)
Dropping frame 1403638186.395097
[MF-SEL] tPrev=(  d=0.130077  dMin=0.000000  dAvg=0.052938  dMax=1.763758  Dlo=0.026469  Dhi=0.908348  err=0.000000  inc=-0.535060  bucket 0->0  (mf=1000)
Dropping frame 1403638186.495097
[MF-SEL] tPrev=(  d=0.119849  dMin=0.000000  dAvg=0.053004  dMax=1.763758  Dlo=0.026502  Dhi=0.908381  err=0.000000  inc=-0.535060  bucket 0->0  (mf=1000)
[MF-SEL] tPrev=(  d=0.058896  dMin=0.000000  dAvg=0.053010  dMax=1.763758  Dlo=0.026505  Dhi=0.908384  err=0.000000  inc=-0.535060  bucket 0->0  (mf=1000)
[MF-SEL] tPrev=(  d=0.060727  dMin=0.000000  dAvg=0.053018  dMax=1.763758  Dlo=0.026509  Dhi=0.908388  err=0.000000  inc=-0.535060  bucket 0->0  (mf=1000)
Dropping frame 1403638186.695097
[MF-SEL] tPrev=(  d=0.116910  dMin=0.000000  dAvg=0.053081  dMax=1.763758  Dlo=0.026540  Dhi=0.908419  err=0.000000  inc=-0.535060  bucket 0->0  (mf=1000)
[MF-SEL] tPrev=(  d=0.058507  dMin=0.000000  dAvg=0.053086  dMax=1.763758  Dlo=0.026543  Dhi=0.908422  err=0.000000  inc=-0.535060  bucket 0->0  (mf=1000)
[MF-SEL] tPrev=(  d=0.085968  dMin=0.000000  dAvg=0.053119  dMax=1.763758  Dlo=0.026559  Dhi=0.908438  err=0.000000  inc=-0.535060  bucket 0->0  (mf=1000)
Dropping frame 1403638186.895097
[MF-SEL] tPrev=(  d=0.121758  dMin=0.000000  dAvg=0.053186  dMax=1.763758  Dlo=0.026593  Dhi=0.908472  err=0.000000  inc=-0.535060  bucket 0->0  (mf=1000)
[MF-SEL] tPrev=(  d=0.061956  dMin=0.000000  dAvg=0.053195  dMax=1.763758  Dlo=0.026597  Dhi=0.908476  err=0.000000  inc=-0.535060  bucket 0->0  (mf=1000)
Dropping frame 1403638187.045097
[MF-SEL] tPrev=(  d=0.153664  dMin=0.000000  dAvg=0.053294  dMax=1.763758  Dlo=0.026647  Dhi=0.908526  err=0.000000  inc=-0.535060  bucket 0->0  (mf=1000)
[MF-SEL] tPrev=(  d=0.065840  dMin=0.000000  dAvg=0.053306  dMax=1.763758  Dlo=0.026653  Dhi=0.908532  err=0.000000  inc=-0.535060  bucket 0->0  (mf=1000)
[MF-SEL] tPrev=(  d=0.065280  dMin=0.000000  dAvg=0.053318  dMax=1.763758  Dlo=0.026659  Dhi=0.908538  err=0.000000  inc=-0.535060  bucket 0->0  (mf=1000)
[MF-SEL] tPrev=(  d=0.064860  dMin=0.000000  dAvg=0.053329  dMax=1.763758  Dlo=0.026664  Dhi=0.908544  err=0.000000  inc=-0.535060  bucket 0->0  (mf=1000)
[MF-SEL] tPrev=(  d=0.063498  dMin=0.000000  dAvg=0.053339  dMax=1.763758  Dlo=0.026669  Dhi=0.908548  err=0.000000  inc=-0.535060  bucket 0->0  (mf=1000)
[MF-SEL] tPrev=(  d=0.063779  dMin=0.000000  dAvg=0.053349  dMax=1.763758  Dlo=0.026675  Dhi=0.908554  err=0.000000  inc=-0.535060  bucket 0->0  (mf=1000)
Dropping frame 1403638187.395097
[MF-SEL] tPrev=(  d=0.123982  dMin=0.000000  dAvg=0.053418  dMax=1.763758  Dlo=0.026709  Dhi=0.908588  err=0.000000  inc=-0.535060  bucket 0->0  (mf=1000)
[MF-SEL] tPrev=(  d=0.060636  dMin=0.000000  dAvg=0.053425  dMax=1.763758  Dlo=0.026713  Dhi=0.908592  err=0.000000  inc=-0.535060  bucket 0->0  (mf=1000)
[MF-SEL] tPrev=(  d=0.058598  dMin=0.000000  dAvg=0.053430  dMax=1.763758  Dlo=0.026715  Dhi=0.908594  err=0.000000  inc=-0.535060  bucket 0->0  (mf=1000)
[MF-SEL] tPrev=(  d=0.052019  dMin=0.000000  dAvg=0.053429  dMax=1.763758  Dlo=0.026714  Dhi=0.908593  err=0.000000  inc=-0.535060  bucket 0->0  (mf=1000)
[MF-SEL] tPrev=(  d=0.055583  dMin=0.000000  dAvg=0.053431  dMax=1.763758  Dlo=0.026715  Dhi=0.908595  err=0.000000  inc=-0.535060  bucket 0->0  (mf=1000)
[MF-SEL] tPrev=(  d=0.054673  dMin=0.000000  dAvg=0.053432  dMax=1.763758  Dlo=0.026716  Dhi=0.908595  err=0.000000  inc=-0.535060  bucket 0->0  (mf=1000)
[MF-SEL] tPrev=(  d=0.053905  dMin=0.000000  dAvg=0.053433  dMax=1.763758  Dlo=0.026716  Dhi=0.908595  err=0.000000  inc=-0.535060  bucket 0->0  (mf=1000)
Dropping frame 1403638187.795097
[MF-SEL] tPrev=(  d=0.084005  dMin=0.000000  dAvg=0.053462  dMax=1.763758  Dlo=0.026731  Dhi=0.908610  err=0.000000  inc=-0.535060  bucket 0->0  (mf=1000)
Dropping frame 1403638187.895097
[MF-SEL] tPrev=(  d=0.097810  dMin=0.000000  dAvg=0.053505  dMax=1.763758  Dlo=0.026753  Dhi=0.908632  err=0.000000  inc=-0.535060  bucket 0->0  (mf=1000)
[MF-SEL] tPrev=(  d=0.047929  dMin=0.000000  dAvg=0.053500  dMax=1.763758  Dlo=0.026750  Dhi=0.908629  err=0.000000  inc=-0.535060  bucket 0->0  (mf=1000)
[MF-SEL] tPrev=(  d=0.037710  dMin=0.000000  dAvg=0.053485  dMax=1.763758  Dlo=0.026742  Dhi=0.908621  err=0.000000  inc=-0.535060  bucket 0->0  (mf=1000)
[MF-SEL] tPrev=(  d=0.044969  dMin=0.000000  dAvg=0.053476  dMax=1.763758  Dlo=0.026738  Dhi=0.908617  err=0.000000  inc=-0.535060  bucket 0->0  (mf=1000)
[MF-SEL] tPrev=(  d=0.044109  dMin=0.000000  dAvg=0.053467  dMax=1.763758  Dlo=0.026734  Dhi=0.908613  err=0.000000  inc=-0.535060  bucket 0->0  (mf=1000)
Dropping frame 1403638188.195097
[MF-SEL] tPrev=(  d=0.086317  dMin=0.000000  dAvg=0.053499  dMax=1.763758  Dlo=0.026750  Dhi=0.908629  err=0.000000  inc=-0.535060  bucket 0->0  (mf=1000)
[MF-SEL] tPrev=(  d=0.040921  dMin=0.000000  dAvg=0.053487  dMax=1.763758  Dlo=0.026743  Dhi=0.908623  err=0.000000  inc=-0.535060  bucket 0->0  (mf=1000)
[MF-SEL] tPrev=(  d=0.039905  dMin=0.000000  dAvg=0.053474  dMax=1.763758  Dlo=0.026737  Dhi=0.908616  err=0.000000  inc=-0.535060  bucket 0->0  (mf=1000)
[MF-SEL] tPrev=(  d=0.038314  dMin=0.000000  dAvg=0.053459  dMax=1.763758  Dlo=0.026730  Dhi=0.908609  err=0.000000  inc=-0.535060  bucket 0->0  (mf=1000)
[MF-SEL] tPrev=(  d=0.059561  dMin=0.000000  dAvg=0.053465  dMax=1.763758  Dlo=0.026733  Dhi=0.908612  err=0.000000  inc=-0.535060  bucket 0->0  (mf=1000)
[MF-SEL] tPrev=(  d=0.033614  dMin=0.000000  dAvg=0.053446  dMax=1.763758  Dlo=0.026723  Dhi=0.908602  err=0.000000  inc=-0.535060  bucket 0->0  (mf=1000)
[MF-SEL] tPrev=(  d=0.031559  dMin=0.000000  dAvg=0.053425  dMax=1.763758  Dlo=0.026713  Dhi=0.908592  err=0.000000  inc=-0.535060  bucket 0->0  (mf=1000)
Dropping frame 1403638188.595097
[MF-SEL] tPrev=(  d=0.055828  dMin=0.000000  dAvg=0.053427  dMax=1.763758  Dlo=0.026714  Dhi=0.908593  err=0.000000  inc=-0.535060  bucket 0->0  (mf=1000)
[MF-SEL] tPrev=(  d=0.027556  dMin=0.000000  dAvg=0.053403  dMax=1.763758  Dlo=0.026701  Dhi=0.908580  err=0.000000  inc=-0.535060  bucket 0->0  (mf=1000)
[MF-SEL] tPrev=(  d=0.026975  dMin=0.000000  dAvg=0.053377  dMax=1.763758  Dlo=0.026689  Dhi=0.908568  err=0.000000  inc=-0.535060  bucket 0->0  (mf=1000)
[MF-SEL] tPrev=(  d=0.026688  dMin=0.000000  dAvg=0.053352  dMax=1.763758  Dlo=0.026676  Dhi=0.908555  err=0.000000  inc=-0.535060  bucket 0->0  (mf=1000)
[MF-SEL] tPrev=(  d=0.027249  dMin=0.000000  dAvg=0.053327  dMax=1.763758  Dlo=0.026663  Dhi=0.908542  err=0.000000  inc=-0.535060  bucket 0->0  (mf=1000)
[MF-SEL] tPrev=(  d=0.028918  dMin=0.000000  dAvg=0.053304  dMax=1.763758  Dlo=0.026652  Dhi=0.908531  err=0.000000  inc=-0.535060  bucket 0->0  (mf=1000)
[MF-SEL] tPrev=(  d=0.029981  dMin=0.000000  dAvg=0.053281  dMax=1.763758  Dlo=0.026641  Dhi=0.908520  err=0.000000  inc=-0.535060  bucket 0->0  (mf=1000)
[MF-SEL] tPrev=(  d=0.031938  dMin=0.000000  dAvg=0.053261  dMax=1.763758  Dlo=0.026631  Dhi=0.908510  err=0.000000  inc=-0.535060  bucket 0->0  (mf=1000)
Dropping frame 1403638189.045097
[MF-SEL] tPrev=(  d=0.063185  dMin=0.000000  dAvg=0.053270  dMax=1.763758  Dlo=0.026635  Dhi=0.908514  err=0.000000  inc=-0.535060  bucket 0->0  (mf=1000)
[MF-SEL] tPrev=(  d=0.036915  dMin=0.000000  dAvg=0.053255  dMax=1.763758  Dlo=0.026627  Dhi=0.908506  err=0.000000  inc=-0.535060  bucket 0->0  (mf=1000)
Dropping frame 1403638189.195097
[MF-SEL] tPrev=(  d=0.072981  dMin=0.000000  dAvg=0.053274  dMax=1.763758  Dlo=0.026637  Dhi=0.908516  err=0.000000  inc=-0.535060  bucket 0->0  (mf=1000)
[MF-SEL] tPrev=(  d=0.065214  dMin=0.000000  dAvg=0.053285  dMax=1.763758  Dlo=0.026642  Dhi=0.908522  err=0.000000  inc=-0.535060  bucket 0->0  (mf=1000)
[MF-SEL] tPrev=(  d=0.037250  dMin=0.000000  dAvg=0.053270  dMax=1.763758  Dlo=0.026635  Dhi=0.908514  err=0.000000  inc=-0.535060  bucket 0->0  (mf=1000)
[MF-SEL] tPrev=(  d=0.037245  dMin=0.000000  dAvg=0.053255  dMax=1.763758  Dlo=0.026627  Dhi=0.908506  err=0.000000  inc=-0.535060  bucket 0->0  (mf=1000)
[MF-SEL] tPrev=(  d=0.037728  dMin=0.000000  dAvg=0.053240  dMax=1.763758  Dlo=0.026620  Dhi=0.908499  err=0.000000  inc=-0.535060  bucket 0->0  (mf=1000)
[MF-SEL] tPrev=(  d=0.063239  dMin=0.000000  dAvg=0.053249  dMax=1.763758  Dlo=0.026625  Dhi=0.908504  err=0.000000  inc=-0.535060  bucket 0->0  (mf=1000)
[MF-SEL] tPrev=(  d=0.038723  dMin=0.000000  dAvg=0.053236  dMax=1.763758  Dlo=0.026618  Dhi=0.908497  err=0.000000  inc=-0.535060  bucket 0->0  (mf=1000)
Dropping frame 1403638189.595097
[MF-SEL] tPrev=(  d=0.090181  dMin=0.000000  dAvg=0.053270  dMax=1.763758  Dlo=0.026635  Dhi=0.908514  err=0.000000  inc=-0.535060  bucket 0->0  (mf=1000)
[MF-SEL] tPrev=(  d=0.039029  dMin=0.000000  dAvg=0.053257  dMax=1.763758  Dlo=0.026629  Dhi=0.908508  err=0.000000  inc=-0.535060  bucket 0->0  (mf=1000)
[MF-SEL] tPrev=(  d=0.037839  dMin=0.000000  dAvg=0.053243  dMax=1.763758  Dlo=0.026621  Dhi=0.908500  err=0.000000  inc=-0.535060  bucket 0->0  (mf=1000)
[MF-SEL] tPrev=(  d=0.035991  dMin=0.000000  dAvg=0.053226  dMax=1.763758  Dlo=0.026613  Dhi=0.908492  err=0.000000  inc=-0.535060  bucket 0->0  (mf=1000)
[MF-SEL] tPrev=(  d=0.034379  dMin=0.000000  dAvg=0.053209  dMax=1.763758  Dlo=0.026604  Dhi=0.908483  err=0.000000  inc=-0.535060  bucket 0->0  (mf=1000)
[MF-SEL] tPrev=(  d=0.044328  dMin=0.000000  dAvg=0.053200  dMax=1.763758  Dlo=0.026600  Dhi=0.908479  err=0.000000  inc=-0.535060  bucket 0->0  (mf=1000)
[MF-SEL] tPrev=(  d=0.031307  dMin=0.000000  dAvg=0.053180  dMax=1.763758  Dlo=0.026590  Dhi=0.908469  err=0.000000  inc=-0.535060  bucket 0->0  (mf=1000)
[MF-SEL] tPrev=(  d=0.029657  dMin=0.000000  dAvg=0.053158  dMax=1.763758  Dlo=0.026579  Dhi=0.908458  err=0.000000  inc=-0.535060  bucket 0->0  (mf=1000)
[MF-SEL] tPrev=(  d=0.014668  dMin=0.000000  dAvg=0.053122  dMax=1.763758  Dlo=0.026561  Dhi=0.908440  err=-1.000000  inc=-1.469950  bucket 0->0  (mf=1000)
[MF-SEL] tPrev=(  d=0.027304  dMin=0.000000  dAvg=0.053097  dMax=1.763758  Dlo=0.026549  Dhi=0.908428  err=0.000000  inc=-0.201443  bucket 0->0  (mf=1000)
[MF-SEL] tPrev=(  d=0.026230  dMin=0.000000  dAvg=0.053072  dMax=1.763758  Dlo=0.026536  Dhi=0.908415  err=-1.000000  inc=-1.451907  bucket 0->0  (mf=1000)
Dropping frame 1403638190.195097
[MF-SEL] tPrev=(  d=0.059466  dMin=0.000000  dAvg=0.053078  dMax=1.763758  Dlo=0.026539  Dhi=0.908418  err=0.000000  inc=-0.385142  bucket 0->0  (mf=1000)
[MF-SEL] tPrev=(  d=0.026068  dMin=0.000000  dAvg=0.053053  dMax=1.763758  Dlo=0.026527  Dhi=0.908406  err=-1.000000  inc=-1.505621  bucket 0->0  (mf=1000)
[MF-SEL] tPrev=(  d=0.027282  dMin=0.000000  dAvg=0.053029  dMax=1.763758  Dlo=0.026515  Dhi=0.908394  err=0.000000  inc=-0.214262  bucket 0->0  (mf=1000)
[MF-SEL] tPrev=(  d=0.028928  dMin=0.000000  dAvg=0.053007  dMax=1.763758  Dlo=0.026503  Dhi=0.908382  err=0.000000  inc=-0.542232  bucket 0->0  (mf=1000)
[MF-SEL] tPrev=(  d=0.030916  dMin=0.000000  dAvg=0.052986  dMax=1.763758  Dlo=0.026493  Dhi=0.908372  err=0.000000  inc=-0.542232  bucket 0->0  (mf=1000)
[MF-SEL] tPrev=(  d=0.033140  dMin=0.000000  dAvg=0.052968  dMax=1.763758  Dlo=0.026484  Dhi=0.908363  err=0.000000  inc=-0.542232  bucket 0->0  (mf=1000)
Dropping frame 1403638190.545097
[MF-SEL] tPrev=(  d=0.073122  dMin=0.000000  dAvg=0.052986  dMax=1.763758  Dlo=0.026493  Dhi=0.908372  err=0.000000  inc=-0.542232  bucket 0->0  (mf=1000)
[MF-SEL] tPrev=(  d=0.038665  dMin=0.000000  dAvg=0.052973  dMax=1.763758  Dlo=0.026487  Dhi=0.908366  err=0.000000  inc=-0.542232  bucket 0->0  (mf=1000)
[MF-SEL] tPrev=(  d=0.049453  dMin=0.000000  dAvg=0.052970  dMax=1.763758  Dlo=0.026485  Dhi=0.908364  err=0.000000  inc=-0.542232  bucket 0->0  (mf=1000)
[MF-SEL] tPrev=(  d=0.043790  dMin=0.000000  dAvg=0.052961  dMax=1.763758  Dlo=0.026481  Dhi=0.908360  err=0.000000  inc=-0.542232  bucket 0->0  (mf=1000)
[MF-SEL] tPrev=(  d=0.045829  dMin=0.000000  dAvg=0.052955  dMax=1.763758  Dlo=0.026477  Dhi=0.908356  err=0.000000  inc=-0.542232  bucket 0->0  (mf=1000)
[MF-SEL] tPrev=(  d=0.046501  dMin=0.000000  dAvg=0.052949  dMax=1.763758  Dlo=0.026474  Dhi=0.908353  err=0.000000  inc=-0.542232  bucket 0->0  (mf=1000)
[MF-SEL] tPrev=(  d=0.046848  dMin=0.000000  dAvg=0.052943  dMax=1.763758  Dlo=0.026472  Dhi=0.908351  err=0.000000  inc=-0.542232  bucket 0->0  (mf=1000)
[MF-SEL] tPrev=(  d=0.061266  dMin=0.000000  dAvg=0.052951  dMax=1.763758  Dlo=0.026475  Dhi=0.908354  err=0.000000  inc=-0.542232  bucket 0->0  (mf=1000)
[MF-SEL] tPrev=(  d=0.048608  dMin=0.000000  dAvg=0.052947  dMax=1.763758  Dlo=0.026473  Dhi=0.908352  err=0.000000  inc=-0.542232  bucket 0->0  (mf=1000)
[MF-SEL] tPrev=(  d=0.048988  dMin=0.000000  dAvg=0.052943  dMax=1.763758  Dlo=0.026472  Dhi=0.908351  err=0.000000  inc=-0.542232  bucket 0->0  (mf=1000)
Dropping frame 1403638191.095097
[MF-SEL] tPrev=(  d=0.089302  dMin=0.000000  dAvg=0.052977  dMax=1.763758  Dlo=0.026488  Dhi=0.908367  err=0.000000  inc=-0.542232  bucket 0->0  (mf=1000)
[MF-SEL] tPrev=(  d=0.049247  dMin=0.000000  dAvg=0.052973  dMax=1.763758  Dlo=0.026487  Dhi=0.908366  err=0.000000  inc=-0.542232  bucket 0->0  (mf=1000)
[MF-SEL] tPrev=(  d=0.049557  dMin=0.000000  dAvg=0.052970  dMax=1.763758  Dlo=0.026485  Dhi=0.908364  err=0.000000  inc=-0.542232  bucket 0->0  (mf=1000)
[MF-SEL] tPrev=(  d=0.050222  dMin=0.000000  dAvg=0.052968  dMax=1.763758  Dlo=0.026484  Dhi=0.908363  err=0.000000  inc=-0.542232  bucket 0->0  (mf=1000)
[MF-SEL] tPrev=(  d=0.067337  dMin=0.000000  dAvg=0.052981  dMax=1.763758  Dlo=0.026490  Dhi=0.908369  err=0.000000  inc=-0.542232  bucket 0->0  (mf=1000)
[MF-SEL] tPrev=(  d=0.050281  dMin=0.000000  dAvg=0.052978  dMax=1.763758  Dlo=0.026489  Dhi=0.908368  err=0.000000  inc=-0.542232  bucket 0->0  (mf=1000)
[MF-SEL] tPrev=(  d=0.050181  dMin=0.000000  dAvg=0.052976  dMax=1.763758  Dlo=0.026488  Dhi=0.908367  err=0.000000  inc=-0.542232  bucket 0->0  (mf=1000)
[MF-SEL] tPrev=(  d=0.044147  dMin=0.000000  dAvg=0.052968  dMax=1.763758  Dlo=0.026484  Dhi=0.908363  err=0.000000  inc=-0.542232  bucket 0->0  (mf=1000)
[MF-SEL] tPrev=(  d=0.048504  dMin=0.000000  dAvg=0.052964  dMax=1.763758  Dlo=0.026482  Dhi=0.908361  err=0.000000  inc=-0.542232  bucket 0->0  (mf=1000)
[MF-SEL] tPrev=(  d=0.048166  dMin=0.000000  dAvg=0.052959  dMax=1.763758  Dlo=0.026480  Dhi=0.908359  err=0.000000  inc=-0.542232  bucket 0->0  (mf=1000)
Dropping frame 1403638191.645097
[MF-SEL] tPrev=(  d=0.099217  dMin=0.000000  dAvg=0.053001  dMax=1.763758  Dlo=0.026501  Dhi=0.908380  err=0.000000  inc=-0.542232  bucket 0->0  (mf=1000)
Dropping frame 1403638191.745097
[MF-SEL] tPrev=(  d=0.094256  dMin=0.000000  dAvg=0.053039  dMax=1.763758  Dlo=0.026519  Dhi=0.908398  err=0.000000  inc=-0.542232  bucket 0->0  (mf=1000)
[MF-SEL] tPrev=(  d=0.047688  dMin=0.000000  dAvg=0.053034  dMax=1.763758  Dlo=0.026517  Dhi=0.908396  err=0.000000  inc=-0.542232  bucket 0->0  (mf=1000)
[MF-SEL] tPrev=(  d=0.041353  dMin=0.000000  dAvg=0.053023  dMax=1.763758  Dlo=0.026512  Dhi=0.908391  err=0.000000  inc=-0.542232  bucket 0->0  (mf=1000)
[MF-SEL] tPrev=(  d=0.047191  dMin=0.000000  dAvg=0.053018  dMax=1.763758  Dlo=0.026509  Dhi=0.908388  err=0.000000  inc=-0.542232  bucket 0->0  (mf=1000)
Dropping frame 1403638191.995097
[MF-SEL] tPrev=(  d=0.115606  dMin=0.000000  dAvg=0.053075  dMax=1.763758  Dlo=0.026537  Dhi=0.908417  err=0.000000  inc=-0.542232  bucket 0->0  (mf=1000)
[MF-SEL] tPrev=(  d=0.049212  dMin=0.000000  dAvg=0.053071  dMax=1.763758  Dlo=0.026536  Dhi=0.908415  err=0.000000  inc=-0.542232  bucket 0->0  (mf=1000)
[MF-SEL] tPrev=(  d=0.050195  dMin=0.000000  dAvg=0.053069  dMax=1.763758  Dlo=0.026534  Dhi=0.908413  err=0.000000  inc=-0.542232  bucket 0->0  (mf=1000)
Dropping frame 1403638192.195097
[MF-SEL] tPrev=(  d=0.102488  dMin=0.000000  dAvg=0.053114  dMax=1.763758  Dlo=0.026557  Dhi=0.908436  err=0.000000  inc=-0.542232  bucket 0->0  (mf=1000)
[MF-SEL] tPrev=(  d=0.052788  dMin=0.000000  dAvg=0.053113  dMax=1.763758  Dlo=0.026557  Dhi=0.908436  err=0.000000  inc=-0.542232  bucket 0->0  (mf=1000)
Dropping frame 1403638192.345097
[MF-SEL] tPrev=(  d=0.113530  dMin=0.000000  dAvg=0.053168  dMax=1.763758  Dlo=0.026584  Dhi=0.908463  err=0.000000  inc=-0.542232  bucket 0->0  (mf=1000)
[MF-SEL] tPrev=(  d=0.055929  dMin=0.000000  dAvg=0.053170  dMax=1.763758  Dlo=0.026585  Dhi=0.908464  err=0.000000  inc=-0.542232  bucket 0->0  (mf=1000)
[MF-SEL] tPrev=(  d=0.057016  dMin=0.000000  dAvg=0.053174  dMax=1.763758  Dlo=0.026587  Dhi=0.908466  err=0.000000  inc=-0.542232  bucket 0->0  (mf=1000)
Dropping frame 1403638192.545097
[MF-SEL] tPrev=(  d=0.106962  dMin=0.000000  dAvg=0.053222  dMax=1.763758  Dlo=0.026611  Dhi=0.908490  err=0.000000  inc=-0.542232  bucket 0->0  (mf=1000)
[MF-SEL] tPrev=(  d=0.060310  dMin=0.000000  dAvg=0.053229  dMax=1.763758  Dlo=0.026614  Dhi=0.908493  err=0.000000  inc=-0.542232  bucket 0->0  (mf=1000)
[MF-SEL] tPrev=(  d=0.060200  dMin=0.000000  dAvg=0.053235  dMax=1.763758  Dlo=0.026617  Dhi=0.908496  err=0.000000  inc=-0.542232  bucket 0->0  (mf=1000)
Dropping frame 1403638192.745097
[MF-SEL] tPrev=(  d=0.117743  dMin=0.000000  dAvg=0.053293  dMax=1.763758  Dlo=0.026646  Dhi=0.908525  err=0.000000  inc=-0.542232  bucket 0->0  (mf=1000)
Dropping frame 1403638192.845097
[MF-SEL] tPrev=(  d=0.118392  dMin=0.000000  dAvg=0.053351  dMax=1.763758  Dlo=0.026676  Dhi=0.908555  err=0.000000  inc=-0.542232  bucket 0->0  (mf=1000)
[MF-SEL] tPrev=(  d=0.059487  dMin=0.000000  dAvg=0.053357  dMax=1.763758  Dlo=0.026678  Dhi=0.908557  err=0.000000  inc=-0.542232  bucket 0->0  (mf=1000)
[MF-SEL] tPrev=(  d=0.044078  dMin=0.000000  dAvg=0.053348  dMax=1.763758  Dlo=0.026674  Dhi=0.908553  err=0.000000  inc=-0.542232  bucket 0->0  (mf=1000)
[MF-SEL] tPrev=(  d=0.057671  dMin=0.000000  dAvg=0.053352  dMax=1.763758  Dlo=0.026676  Dhi=0.908555  err=0.000000  inc=-0.542232  bucket 0->0  (mf=1000)
Dropping frame 1403638193.095097
[MF-SEL] tPrev=(  d=0.106380  dMin=0.000000  dAvg=0.053400  dMax=1.763758  Dlo=0.026700  Dhi=0.908579  err=0.000000  inc=-0.542232  bucket 0->0  (mf=1000)
[MF-SEL] tPrev=(  d=0.058312  dMin=0.000000  dAvg=0.053404  dMax=1.763758  Dlo=0.026702  Dhi=0.908581  err=0.000000  inc=-0.542232  bucket 0->0  (mf=1000)
[MF-SEL] tPrev=(  d=0.059637  dMin=0.000000  dAvg=0.053410  dMax=1.763758  Dlo=0.026705  Dhi=0.908584  err=0.000000  inc=-0.542232  bucket 0->0  (mf=1000)
Dropping frame 1403638193.295097
[MF-SEL] tPrev=(  d=0.138901  dMin=0.000000  dAvg=0.053486  dMax=1.763758  Dlo=0.026743  Dhi=0.908622  err=0.000000  inc=-0.542232  bucket 0->0  (mf=1000)
Dropping frame 1403638193.395097
[MF-SEL] tPrev=(  d=0.125410  dMin=0.000000  dAvg=0.053550  dMax=1.763758  Dlo=0.026775  Dhi=0.908654  err=0.000000  inc=-0.542232  bucket 0->0  (mf=1000)
Dropping frame 1403638193.495097
[MF-SEL] tPrev=(  d=0.124357  dMin=0.000000  dAvg=0.053613  dMax=1.763758  Dlo=0.026807  Dhi=0.908686  err=0.000000  inc=-0.542232  bucket 0->0  (mf=1000)
Dropping frame 1403638193.595097
[MF-SEL] tPrev=(  d=0.137635  dMin=0.000000  dAvg=0.053688  dMax=1.763758  Dlo=0.026844  Dhi=0.908723  err=0.000000  inc=-0.542232  bucket 0->0  (mf=1000)
[MF-SEL] tPrev=(  d=0.062408  dMin=0.000000  dAvg=0.053696  dMax=1.763758  Dlo=0.026848  Dhi=0.908727  err=0.000000  inc=-0.542232  bucket 0->0  (mf=1000)
[MF-SEL] tPrev=(  d=0.062784  dMin=0.000000  dAvg=0.053704  dMax=1.763758  Dlo=0.026852  Dhi=0.908731  err=0.000000  inc=-0.542232  bucket 0->0  (mf=1000)
[MF-SEL] tPrev=(  d=0.062986  dMin=0.000000  dAvg=0.053712  dMax=1.763758  Dlo=0.026856  Dhi=0.908735  err=0.000000  inc=-0.542232  bucket 0->0  (mf=1000)
Dropping frame 1403638193.845097
[MF-SEL] tPrev=(  d=0.139854  dMin=0.000000  dAvg=0.053788  dMax=1.763758  Dlo=0.026894  Dhi=0.908773  err=0.000000  inc=-0.542232  bucket 0->0  (mf=1000)
[MF-SEL] tPrev=(  d=0.063289  dMin=0.000000  dAvg=0.053797  dMax=1.763758  Dlo=0.026898  Dhi=0.908777  err=0.000000  inc=-0.542232  bucket 0->0  (mf=1000)
[MF-SEL] tPrev=(  d=0.062981  dMin=0.000000  dAvg=0.053805  dMax=1.763758  Dlo=0.026902  Dhi=0.908781  err=0.000000  inc=-0.542232  bucket 0->0  (mf=1000)
[MF-SEL] tPrev=(  d=0.062436  dMin=0.000000  dAvg=0.053813  dMax=1.763758  Dlo=0.026906  Dhi=0.908785  err=0.000000  inc=-0.542232  bucket 0->0  (mf=1000)
Dropping frame 1403638194.095097
[MF-SEL] tPrev=(  d=0.142446  dMin=0.000000  dAvg=0.053891  dMax=1.763758  Dlo=0.026945  Dhi=0.908824  err=0.000000  inc=-0.542232  bucket 0->0  (mf=1000)
Dropping frame 1403638194.195097
[MF-SEL] tPrev=(  d=0.123013  dMin=0.000000  dAvg=0.053952  dMax=1.763758  Dlo=0.026976  Dhi=0.908855  err=0.000000  inc=-0.542232  bucket 0->0  (mf=1000)
[MF-SEL] tPrev=(  d=0.063227  dMin=0.000000  dAvg=0.053960  dMax=1.763758  Dlo=0.026980  Dhi=0.908859  err=0.000000  inc=-0.542232  bucket 0->0  (mf=1000)
Dropping frame 1403638194.345097
[MF-SEL] tPrev=(  d=0.152752  dMin=0.000000  dAvg=0.054047  dMax=1.763758  Dlo=0.027024  Dhi=0.908903  err=0.000000  inc=-0.542232  bucket 0->0  (mf=1000)
Dropping frame 1403638194.445097
[MF-SEL] tPrev=(  d=0.135482  dMin=0.000000  dAvg=0.054119  dMax=1.763758  Dlo=0.027059  Dhi=0.908938  err=0.000000  inc=-0.542232  bucket 0->0  (mf=1000)
[MF-SEL] tPrev=(  d=0.067832  dMin=0.000000  dAvg=0.054131  dMax=1.763758  Dlo=0.027065  Dhi=0.908944  err=0.000000  inc=-0.542232  bucket 0->0  (mf=1000)
[MF-SEL] tPrev=(  d=0.063910  dMin=0.000000  dAvg=0.054139  dMax=1.763758  Dlo=0.027070  Dhi=0.908949  err=0.000000  inc=-0.542232  bucket 0->0  (mf=1000)
Dropping frame 1403638194.645097
[MF-SEL] tPrev=(  d=0.134757  dMin=0.000000  dAvg=0.054210  dMax=1.763758  Dlo=0.027105  Dhi=0.908984  err=0.000000  inc=-0.542232  bucket 0->0  (mf=1000)
[MF-SEL] tPrev=(  d=0.065019  dMin=0.000000  dAvg=0.054220  dMax=1.763758  Dlo=0.027110  Dhi=0.908989  err=0.000000  inc=-0.542232  bucket 0->0  (mf=1000)
[MF-SEL] tPrev=(  d=0.078543  dMin=0.000000  dAvg=0.054241  dMax=1.763758  Dlo=0.027120  Dhi=0.909000  err=0.000000  inc=-0.542232  bucket 0->0  (mf=1000)
[MF-SEL] tPrev=(  d=0.063684  dMin=0.000000  dAvg=0.054249  dMax=1.763758  Dlo=0.027125  Dhi=0.909004  err=0.000000  inc=-0.542232  bucket 0->0  (mf=1000)
[MF-SEL] tPrev=(  d=0.061881  dMin=0.000000  dAvg=0.054256  dMax=1.763758  Dlo=0.027128  Dhi=0.909007  err=0.000000  inc=-0.542232  bucket 0->0  (mf=1000)
Dropping frame 1403638194.945097
[MF-SEL] tPrev=(  d=0.081199  dMin=0.000000  dAvg=0.054279  dMax=1.763758  Dlo=0.027140  Dhi=0.909019  err=0.000000  inc=-0.542232  bucket 0->0  (mf=1000)
[MF-SEL] tPrev=(  d=0.056866  dMin=0.000000  dAvg=0.054282  dMax=1.763758  Dlo=0.027141  Dhi=0.909020  err=0.000000  inc=-0.542232  bucket 0->0  (mf=1000)
[MF-SEL] tPrev=(  d=0.055493  dMin=0.000000  dAvg=0.054283  dMax=1.763758  Dlo=0.027141  Dhi=0.909020  err=0.000000  inc=-0.542232  bucket 0->0  (mf=1000)
Dropping frame 1403638195.145097
[MF-SEL] tPrev=(  d=0.063623  dMin=0.000000  dAvg=0.054291  dMax=1.763758  Dlo=0.027145  Dhi=0.909024  err=0.000000  inc=-0.542232  bucket 0->0  (mf=1000)
Dropping frame 1403638195.245097
[MF-SEL] tPrev=(  d=0.102778  dMin=0.000000  dAvg=0.054333  dMax=1.763758  Dlo=0.027167  Dhi=0.909046  err=0.000000  inc=-0.542232  bucket 0->0  (mf=1000)
[MF-SEL] tPrev=(  d=0.048120  dMin=0.000000  dAvg=0.054328  dMax=1.763758  Dlo=0.027164  Dhi=0.909043  err=0.000000  inc=-0.542232  bucket 0->0  (mf=1000)
[MF-SEL] tPrev=(  d=0.071096  dMin=0.000000  dAvg=0.054342  dMax=1.763758  Dlo=0.027171  Dhi=0.909050  err=0.000000  inc=-0.542232  bucket 0->0  (mf=1000)
[MF-SEL] tPrev=(  d=0.042269  dMin=0.000000  dAvg=0.054332  dMax=1.763758  Dlo=0.027166  Dhi=0.909045  err=0.000000  inc=-0.542232  bucket 0->0  (mf=1000)
[MF-SEL] tPrev=(  d=0.040265  dMin=0.000000  dAvg=0.054320  dMax=1.763758  Dlo=0.027160  Dhi=0.909039  err=0.000000  inc=-0.542232  bucket 0->0  (mf=1000)
[MF-SEL] tPrev=(  d=0.045804  dMin=0.000000  dAvg=0.054312  dMax=1.763758  Dlo=0.027156  Dhi=0.909035  err=0.000000  inc=-0.542232  bucket 0->0  (mf=1000)
[MF-SEL] tPrev=(  d=0.038178  dMin=0.000000  dAvg=0.054298  dMax=1.763758  Dlo=0.027149  Dhi=0.909028  err=0.000000  inc=-0.542232  bucket 0->0  (mf=1000)
Dropping frame 1403638195.645097
[MF-SEL] tPrev=(  d=0.071088  dMin=0.000000  dAvg=0.054313  dMax=1.763758  Dlo=0.027156  Dhi=0.909035  err=0.000000  inc=-0.542232  bucket 0->0  (mf=1000)
Dropping frame 1403638195.745097
[MF-SEL] tPrev=(  d=0.065216  dMin=0.000000  dAvg=0.054322  dMax=1.763758  Dlo=0.027161  Dhi=0.909040  err=0.000000  inc=-0.542232  bucket 0->0  (mf=1000)
[MF-SEL] tPrev=(  d=0.030761  dMin=0.000000  dAvg=0.054302  dMax=1.763758  Dlo=0.027151  Dhi=0.909030  err=0.000000  inc=-0.542232  bucket 0->0  (mf=1000)
[MF-SEL] tPrev=(  d=0.029837  dMin=0.000000  dAvg=0.054281  dMax=1.763758  Dlo=0.027140  Dhi=0.909019  err=0.000000  inc=-0.542232  bucket 0->0  (mf=1000)
[MF-SEL] tPrev=(  d=0.028547  dMin=0.000000  dAvg=0.054259  dMax=1.763758  Dlo=0.027129  Dhi=0.909008  err=0.000000  inc=-0.542232  bucket 0->0  (mf=1000)
[MF-SEL] tPrev=(  d=0.026205  dMin=0.000000  dAvg=0.054234  dMax=1.763758  Dlo=0.027117  Dhi=0.908996  err=-1.000000  inc=-1.504862  bucket 0->0  (mf=1000)
[MF-SEL] tPrev=(  d=0.024814  dMin=0.000000  dAvg=0.054209  dMax=1.763758  Dlo=0.027105  Dhi=0.908984  err=-1.000000  inc=-1.146936  bucket 0->0  (mf=1000)
[MF-SEL] tPrev=(  d=0.023842  dMin=0.000000  dAvg=0.054183  dMax=1.763758  Dlo=0.027091  Dhi=0.908970  err=-1.000000  inc=-1.149115  bucket 0->0  (mf=1000)
[MF-SEL] tPrev=(  d=0.051997  dMin=0.000000  dAvg=0.054181  dMax=1.763758  Dlo=0.027090  Dhi=0.908970  err=0.000000  inc=-0.186270  bucket 0->0  (mf=1000)
[MF-SEL] tPrev=(  d=0.024433  dMin=0.000000  dAvg=0.054155  dMax=1.763758  Dlo=0.027078  Dhi=0.908957  err=-1.000000  inc=-1.493155  bucket 0->0  (mf=1000)
[MF-SEL] tPrev=(  d=0.024532  dMin=0.000000  dAvg=0.054130  dMax=1.763758  Dlo=0.027065  Dhi=0.908944  err=-1.000000  inc=-1.153898  bucket 0->0  (mf=1000)
Dropping frame 1403638196.295097
[MF-SEL] tPrev=(  d=0.049025  dMin=0.000000  dAvg=0.054126  dMax=1.763758  Dlo=0.027063  Dhi=0.908942  err=0.000000  inc=-0.386726  bucket 0->0  (mf=1000)
Dropping frame 1403638196.395097
[MF-SEL] tPrev=(  d=0.086958  dMin=0.000000  dAvg=0.054154  dMax=1.763758  Dlo=0.027077  Dhi=0.908956  err=0.000000  inc=-0.553898  bucket 0->0  (mf=1000)
[MF-SEL] tPrev=(  d=0.024987  dMin=0.000000  dAvg=0.054129  dMax=1.763758  Dlo=0.027064  Dhi=0.908943  err=-1.000000  inc=-1.467305  bucket 0->0  (mf=1000)
[MF-SEL] tPrev=(  d=0.024227  dMin=0.000000  dAvg=0.054103  dMax=1.763758  Dlo=0.027052  Dhi=0.908931  err=-1.000000  inc=-1.158879  bucket 0->0  (mf=1000)
[MF-SEL] tPrev=(  d=0.022899  dMin=0.000000  dAvg=0.054077  dMax=1.763758  Dlo=0.027038  Dhi=0.908917  err=-1.000000  inc=-1.160989  bucket 0->0  (mf=1000)
Dropping frame 1403638196.645097
[MF-SEL] tPrev=(  d=0.041082  dMin=0.000000  dAvg=0.054065  dMax=1.763758  Dlo=0.027033  Dhi=0.908912  err=0.000000  inc=-0.388641  bucket 0->0  (mf=1000)
[MF-SEL] tPrev=(  d=0.021230  dMin=0.000000  dAvg=0.054037  dMax=1.763758  Dlo=0.027019  Dhi=0.908898  err=-1.000000  inc=-1.488601  bucket 0->0  (mf=1000)
[MF-SEL] tPrev=(  d=0.021085  dMin=0.000000  dAvg=0.054009  dMax=1.763758  Dlo=0.027005  Dhi=0.908884  err=-1.000000  inc=-1.165728  bucket 0->0  (mf=1000)
[MF-SEL] tPrev=(  d=0.020904  dMin=0.000000  dAvg=0.053981  dMax=1.763758  Dlo=0.026991  Dhi=0.908870  err=-1.000000  inc=-1.167834  bucket 0->0  (mf=1000)
[MF-SEL] tPrev=(  d=0.052497  dMin=0.000000  dAvg=0.053980  dMax=1.763758  Dlo=0.026990  Dhi=0.908869  err=0.000000  inc=-0.218302  bucket 0->0  (mf=1000)
[MF-SEL] tPrev=(  d=0.021173  dMin=0.000000  dAvg=0.053952  dMax=1.763758  Dlo=0.026976  Dhi=0.908855  err=-1.000000  inc=-1.494814  bucket 0->0  (mf=1000)
[MF-SEL] tPrev=(  d=0.021062  dMin=0.000000  dAvg=0.053924  dMax=1.763758  Dlo=0.026962  Dhi=0.908841  err=-1.000000  inc=-1.172729  bucket 0->0  (mf=1000)
Dropping frame 1403638197.045097
[MF-SEL] tPrev=(  d=0.043033  dMin=0.000000  dAvg=0.053915  dMax=1.763758  Dlo=0.026957  Dhi=0.908836  err=0.000000  inc=-0.403014  bucket 0->0  (mf=1000)
[MF-SEL] tPrev=(  d=0.021497  dMin=0.000000  dAvg=0.053887  dMax=1.763758  Dlo=0.026944  Dhi=0.908823  err=-1.000000  inc=-1.501046  bucket 0->0  (mf=1000)
[MF-SEL] tPrev=(  d=0.006793  dMin=0.000000  dAvg=0.053847  dMax=1.763758  Dlo=0.026924  Dhi=0.908803  err=-1.000000  inc=-1.177409  bucket 0->0  (mf=1000)
[MF-SEL] tPrev=(  d=0.022350  dMin=0.000000  dAvg=0.053821  dMax=1.763758  Dlo=0.026910  Dhi=0.908789  err=-1.000000  inc=-1.179604  bucket 0->0  (mf=1000)
[MF-SEL] tPrev=(  d=0.022599  dMin=0.000000  dAvg=0.053794  dMax=1.763758  Dlo=0.026897  Dhi=0.908776  err=-1.000000  inc=-1.182148  bucket 0->0  (mf=1000)
[MF-SEL] tPrev=(  d=0.022979  dMin=0.000000  dAvg=0.053768  dMax=1.763758  Dlo=0.026884  Dhi=0.908763  err=-1.000000  inc=-1.184265  bucket 0->0  (mf=1000)
[MF-SEL] tPrev=(  d=0.023564  dMin=0.000000  dAvg=0.053743  dMax=1.763758  Dlo=0.026871  Dhi=0.908750  err=-1.000000  inc=-1.186642  bucket 0->0  (mf=1000)
[MF-SEL] tPrev=(  d=0.024542  dMin=0.000000  dAvg=0.053718  dMax=1.763758  Dlo=0.026859  Dhi=0.908738  err=-1.000000  inc=-1.188805  bucket 0->0  (mf=1000)
Dropping frame 1403638197.495097
[MF-SEL] tPrev=(  d=0.066711  dMin=0.000000  dAvg=0.053729  dMax=1.763758  Dlo=0.026865  Dhi=0.908744  err=0.000000  inc=-0.420796  bucket 0->0  (mf=1000)
[MF-SEL] tPrev=(  d=0.027295  dMin=0.000000  dAvg=0.053707  dMax=1.763758  Dlo=0.026853  Dhi=0.908732  err=0.000000  inc=-0.588805  bucket 0->0  (mf=1000)
[MF-SEL] tPrev=(  d=0.028246  dMin=0.000000  dAvg=0.053685  dMax=1.763758  Dlo=0.026843  Dhi=0.908722  err=0.000000  inc=-0.588805  bucket 0->0  (mf=1000)
[MF-SEL] tPrev=(  d=0.029079  dMin=0.000000  dAvg=0.053665  dMax=1.763758  Dlo=0.026832  Dhi=0.908711  err=0.000000  inc=-0.588805  bucket 0->0  (mf=1000)
[MF-SEL] tPrev=(  d=0.025617  dMin=0.000000  dAvg=0.053641  dMax=1.763758  Dlo=0.026821  Dhi=0.908700  err=-1.000000  inc=-1.554355  bucket 0->0  (mf=1000)
[MF-SEL] tPrev=(  d=0.028070  dMin=0.000000  dAvg=0.053620  dMax=1.763758  Dlo=0.026810  Dhi=0.908689  err=0.000000  inc=-0.264100  bucket 0->0  (mf=1000)
[MF-SEL] tPrev=(  d=0.027858  dMin=0.000000  dAvg=0.053598  dMax=1.763758  Dlo=0.026799  Dhi=0.908678  err=0.000000  inc=-0.591006  bucket 0->0  (mf=1000)
[MF-SEL] tPrev=(  d=0.027424  dMin=0.000000  dAvg=0.053576  dMax=1.763758  Dlo=0.026788  Dhi=0.908667  err=0.000000  inc=-0.591006  bucket 0->0  (mf=1000)
[MF-SEL] tPrev=(  d=0.027027  dMin=0.000000  dAvg=0.053554  dMax=1.763758  Dlo=0.026777  Dhi=0.908656  err=0.000000  inc=-0.591006  bucket 0->0  (mf=1000)
[MF-SEL] tPrev=(  d=0.022566  dMin=0.000000  dAvg=0.053528  dMax=1.763758  Dlo=0.026764  Dhi=0.908643  err=-1.000000  inc=-1.566932  bucket 0->0  (mf=1000)
Dropping frame 1403638198.045097
[MF-SEL] tPrev=(  d=0.048617  dMin=0.000000  dAvg=0.053524  dMax=1.763758  Dlo=0.026762  Dhi=0.908641  err=0.000000  inc=-0.424955  bucket 0->0  (mf=1000)
[MF-SEL] tPrev=(  d=0.030400  dMin=0.000000  dAvg=0.053504  dMax=1.763758  Dlo=0.026752  Dhi=0.908631  err=0.000000  inc=-0.593147  bucket 0->0  (mf=1000)
[MF-SEL] tPrev=(  d=0.026428  dMin=0.000000  dAvg=0.053482  dMax=1.763758  Dlo=0.026741  Dhi=0.908620  err=-1.000000  inc=-1.533072  bucket 0->0  (mf=1000)
[MF-SEL] tPrev=(  d=0.029061  dMin=0.000000  dAvg=0.053462  dMax=1.763758  Dlo=0.026731  Dhi=0.908610  err=0.000000  inc=-0.227559  bucket 0->0  (mf=1000)
[MF-SEL] tPrev=(  d=0.030006  dMin=0.000000  dAvg=0.053442  dMax=1.763758  Dlo=0.026721  Dhi=0.908600  err=0.000000  inc=-0.595517  bucket 0->0  (mf=1000)
Dropping frame 1403638198.345097
[MF-SEL] tPrev=(  d=0.058873  dMin=0.000000  dAvg=0.053446  dMax=1.763758  Dlo=0.026723  Dhi=0.908602  err=0.000000  inc=-0.595517  bucket 0->0  (mf=1000)
Dropping frame 1403638198.445097
[MF-SEL] tPrev=(  d=0.064557  dMin=0.000000  dAvg=0.053456  dMax=1.763758  Dlo=0.026728  Dhi=0.908607  err=0.000000  inc=-0.595517  bucket 0->0  (mf=1000)
[MF-SEL] tPrev=(  d=0.031112  dMin=0.000000  dAvg=0.053437  dMax=1.763758  Dlo=0.026719  Dhi=0.908598  err=0.000000  inc=-0.595517  bucket 0->0  (mf=1000)
[MF-SEL] tPrev=(  d=0.031900  dMin=0.000000  dAvg=0.053419  dMax=1.763758  Dlo=0.026710  Dhi=0.908589  err=0.000000  inc=-0.595517  bucket 0->0  (mf=1000)
[MF-SEL] tPrev=(  d=0.033643  dMin=0.000000  dAvg=0.053403  dMax=1.763758  Dlo=0.026701  Dhi=0.908580  err=0.000000  inc=-0.595517  bucket 0->0  (mf=1000)
Dropping frame 1403638198.695097
[MF-SEL] tPrev=(  d=0.074130  dMin=0.000000  dAvg=0.053420  dMax=1.763758  Dlo=0.026710  Dhi=0.908589  err=0.000000  inc=-0.595517  bucket 0->0  (mf=1000)
Dropping frame 1403638198.795097
[MF-SEL] tPrev=(  d=0.076233  dMin=0.000000  dAvg=0.053439  dMax=1.763758  Dlo=0.026719  Dhi=0.908599  err=0.000000  inc=-0.595517  bucket 0->0  (mf=1000)
[MF-SEL] tPrev=(  d=0.042326  dMin=0.000000  dAvg=0.053430  dMax=1.763758  Dlo=0.026715  Dhi=0.908594  err=0.000000  inc=-0.595517  bucket 0->0  (mf=1000)
[MF-SEL] tPrev=(  d=0.054801  dMin=0.000000  dAvg=0.053431  dMax=1.763758  Dlo=0.026715  Dhi=0.908594  err=0.000000  inc=-0.595517  bucket 0->0  (mf=1000)
[MF-SEL] tPrev=(  d=0.049311  dMin=0.000000  dAvg=0.053427  dMax=1.763758  Dlo=0.026714  Dhi=0.908593  err=0.000000  inc=-0.595517  bucket 0->0  (mf=1000)
[MF-SEL] tPrev=(  d=0.052708  dMin=0.000000  dAvg=0.053427  dMax=1.763758  Dlo=0.026713  Dhi=0.908592  err=0.000000  inc=-0.595517  bucket 0->0  (mf=1000)
Dropping frame 1403638199.095097
[MF-SEL] tPrev=(  d=0.111281  dMin=0.000000  dAvg=0.053475  dMax=1.763758  Dlo=0.026737  Dhi=0.908616  err=0.000000  inc=-0.595517  bucket 0->0  (mf=1000)
[MF-SEL] tPrev=(  d=0.062382  dMin=0.000000  dAvg=0.053482  dMax=1.763758  Dlo=0.026741  Dhi=0.908620  err=0.000000  inc=-0.595517  bucket 0->0  (mf=1000)
[MF-SEL] tPrev=(  d=0.065621  dMin=0.000000  dAvg=0.053492  dMax=1.763758  Dlo=0.026746  Dhi=0.908625  err=0.000000  inc=-0.595517  bucket 0->0  (mf=1000)
[MF-SEL] tPrev=(  d=0.068466  dMin=0.000000  dAvg=0.053504  dMax=1.763758  Dlo=0.026752  Dhi=0.908631  err=0.000000  inc=-0.595517  bucket 0->0  (mf=1000)
Dropping frame 1403638199.345097
[MF-SEL] tPrev=(  d=0.136114  dMin=0.000000  dAvg=0.053572  dMax=1.763758  Dlo=0.026786  Dhi=0.908665  err=0.000000  inc=-0.595517  bucket 0->0  (mf=1000)
[MF-SEL] tPrev=(  d=0.077435  dMin=0.000000  dAvg=0.053592  dMax=1.763758  Dlo=0.026796  Dhi=0.908675  err=0.000000  inc=-0.595517  bucket 0->0  (mf=1000)
[MF-SEL] tPrev=(  d=0.080350  dMin=0.000000  dAvg=0.053614  dMax=1.763758  Dlo=0.026807  Dhi=0.908686  err=0.000000  inc=-0.595517  bucket 0->0  (mf=1000)
[MF-SEL] tPrev=(  d=0.083420  dMin=0.000000  dAvg=0.053638  dMax=1.763758  Dlo=0.026819  Dhi=0.908698  err=0.000000  inc=-0.595517  bucket 0->0  (mf=1000)
[MF-SEL] tPrev=(  d=0.091681  dMin=0.000000  dAvg=0.053669  dMax=1.763758  Dlo=0.026835  Dhi=0.908714  err=0.000000  inc=-0.595517  bucket 0->0  (mf=1000)
[MF-SEL] tPrev=(  d=0.090498  dMin=0.000000  dAvg=0.053700  dMax=1.763758  Dlo=0.026850  Dhi=0.908729  err=0.000000  inc=-0.595517  bucket 0->0  (mf=1000)
[MF-SEL] tPrev=(  d=0.094274  dMin=0.000000  dAvg=0.053733  dMax=1.763758  Dlo=0.026866  Dhi=0.908745  err=0.000000  inc=-0.595517  bucket 0->0  (mf=1000)
[MF-SEL] tPrev=(  d=0.086755  dMin=0.000000  dAvg=0.053760  dMax=1.763758  Dlo=0.026880  Dhi=0.908759  err=0.000000  inc=-0.595517  bucket 0->0  (mf=1000)
[MF-SEL] tPrev=(  d=0.098263  dMin=0.000000  dAvg=0.053796  dMax=1.763758  Dlo=0.026898  Dhi=0.908777  err=0.000000  inc=-0.595517  bucket 0->0  (mf=1000)
[MF-SEL] tPrev=(  d=0.099122  dMin=0.000000  dAvg=0.053833  dMax=1.763758  Dlo=0.026917  Dhi=0.908796  err=0.000000  inc=-0.595517  bucket 0->0  (mf=1000)
[MF-SEL] tPrev=(  d=0.103819  dMin=0.000000  dAvg=0.053874  dMax=1.763758  Dlo=0.026937  Dhi=0.908816  err=0.000000  inc=-0.595517  bucket 0->0  (mf=1000)
[MF-SEL] tPrev=(  d=0.100142  dMin=0.000000  dAvg=0.053912  dMax=1.763758  Dlo=0.026956  Dhi=0.908835  err=0.000000  inc=-0.595517  bucket 0->0  (mf=1000)
[MF-SEL] tPrev=(  d=0.100570  dMin=0.000000  dAvg=0.053950  dMax=1.763758  Dlo=0.026975  Dhi=0.908854  err=0.000000  inc=-0.595517  bucket 0->0  (mf=1000)
Dropping frame 1403638200.045097
[MF-SEL] tPrev=(  d=0.195992  dMin=0.000000  dAvg=0.054065  dMax=1.763758  Dlo=0.027033  Dhi=0.908912  err=0.000000  inc=-0.595517  bucket 0->0  (mf=1000)
[MF-SEL] tPrev=(  d=0.099792  dMin=0.000000  dAvg=0.054102  dMax=1.763758  Dlo=0.027051  Dhi=0.908930  err=0.000000  inc=-0.595517  bucket 0->0  (mf=1000)
[MF-SEL] tPrev=(  d=0.100645  dMin=0.000000  dAvg=0.054140  dMax=1.763758  Dlo=0.027070  Dhi=0.908949  err=0.000000  inc=-0.595517  bucket 0->0  (mf=1000)
[MF-SEL] tPrev=(  d=0.102233  dMin=0.000000  dAvg=0.054179  dMax=1.763758  Dlo=0.027090  Dhi=0.908969  err=0.000000  inc=-0.595517  bucket 0->0  (mf=1000)
[MF-SEL] tPrev=(  d=0.106887  dMin=0.000000  dAvg=0.054222  dMax=1.763758  Dlo=0.027111  Dhi=0.908990  err=0.000000  inc=-0.595517  bucket 0->0  (mf=1000)
[MF-SEL] tPrev=(  d=0.105593  dMin=0.000000  dAvg=0.054264  dMax=1.763758  Dlo=0.027132  Dhi=0.909011  err=0.000000  inc=-0.595517  bucket 0->0  (mf=1000)
[MF-SEL] tPrev=(  d=0.106691  dMin=0.000000  dAvg=0.054306  dMax=1.763758  Dlo=0.027153  Dhi=0.909032  err=0.000000  inc=-0.595517  bucket 0->0  (mf=1000)
Dropping frame 1403638200.445097
[MF-SEL] tPrev=(  d=0.224557  dMin=0.000000  dAvg=0.054444  dMax=1.763758  Dlo=0.027222  Dhi=0.909101  err=0.000000  inc=-0.595517  bucket 0->0  (mf=1000)
[MF-SEL] tPrev=(  d=0.110266  dMin=0.000000  dAvg=0.054489  dMax=1.763758  Dlo=0.027244  Dhi=0.909123  err=0.000000  inc=-0.595517  bucket 0->0  (mf=1000)
[MF-SEL] tPrev=(  d=0.112731  dMin=0.000000  dAvg=0.054536  dMax=1.763758  Dlo=0.027268  Dhi=0.909147  err=0.000000  inc=-0.595517  bucket 0->0  (mf=1000)
[MF-SEL] tPrev=(  d=0.114631  dMin=0.000000  dAvg=0.054584  dMax=1.763758  Dlo=0.027292  Dhi=0.909171  err=0.000000  inc=-0.595517  bucket 0->0  (mf=1000)
[MF-SEL] tPrev=(  d=0.121408  dMin=0.000000  dAvg=0.054638  dMax=1.763758  Dlo=0.027319  Dhi=0.909198  err=0.000000  inc=-0.595517  bucket 0->0  (mf=1000)
[MF-SEL] tPrev=(  d=0.119264  dMin=0.000000  dAvg=0.054690  dMax=1.763758  Dlo=0.027345  Dhi=0.909224  err=0.000000  inc=-0.595517  bucket 0->0  (mf=1000)
[MF-SEL] tPrev=(  d=0.121146  dMin=0.000000  dAvg=0.054744  dMax=1.763758  Dlo=0.027372  Dhi=0.909251  err=0.000000  inc=-0.595517  bucket 0->0  (mf=1000)
[MF-SEL] tPrev=(  d=0.117873  dMin=0.000000  dAvg=0.054795  dMax=1.763758  Dlo=0.027397  Dhi=0.909276  err=0.000000  inc=-0.595517  bucket 0->0  (mf=1000)
Dropping frame 1403638200.895097
[MF-SEL] tPrev=(  d=0.251640  dMin=0.000000  dAvg=0.054953  dMax=1.763758  Dlo=0.027476  Dhi=0.909356  err=0.000000  inc=-0.595517  bucket 0->0  (mf=1000)
[MF-SEL] tPrev=(  d=0.127788  dMin=0.000000  dAvg=0.055011  dMax=1.763758  Dlo=0.027506  Dhi=0.909385  err=0.000000  inc=-0.595517  bucket 0->0  (mf=1000)
[MF-SEL] tPrev=(  d=0.128515  dMin=0.000000  dAvg=0.055070  dMax=1.763758  Dlo=0.027535  Dhi=0.909414  err=0.000000  inc=-0.595517  bucket 0->0  (mf=1000)
[MF-SEL] tPrev=(  d=0.128619  dMin=0.000000  dAvg=0.055129  dMax=1.763758  Dlo=0.027565  Dhi=0.909444  err=0.000000  inc=-0.595517  bucket 0->0  (mf=1000)
[MF-SEL] tPrev=(  d=0.133909  dMin=0.000000  dAvg=0.055193  dMax=1.763758  Dlo=0.027596  Dhi=0.909475  err=0.000000  inc=-0.595517  bucket 0->0  (mf=1000)
[MF-SEL] tPrev=(  d=0.128972  dMin=0.000000  dAvg=0.055252  dMax=1.763758  Dlo=0.027626  Dhi=0.909505  err=0.000000  inc=-0.595517  bucket 0->0  (mf=1000)
[MF-SEL] tPrev=(  d=0.128874  dMin=0.000000  dAvg=0.055311  dMax=1.763758  Dlo=0.027655  Dhi=0.909534  err=0.000000  inc=-0.595517  bucket 0->0  (mf=1000)
[MF-SEL] tPrev=(  d=0.128488  dMin=0.000000  dAvg=0.055369  dMax=1.763758  Dlo=0.027685  Dhi=0.909564  err=0.000000  inc=-0.595517  bucket 0->0  (mf=1000)
[MF-SEL] tPrev=(  d=0.126113  dMin=0.000000  dAvg=0.055426  dMax=1.763758  Dlo=0.027713  Dhi=0.909592  err=0.000000  inc=-0.595517  bucket 0->0  (mf=1000)
[MF-SEL] tPrev=(  d=0.128373  dMin=0.000000  dAvg=0.055484  dMax=1.763758  Dlo=0.027742  Dhi=0.909621  err=0.000000  inc=-0.595517  bucket 0->0  (mf=1000)
[MF-SEL] tPrev=(  d=0.128427  dMin=0.000000  dAvg=0.055542  dMax=1.763758  Dlo=0.027771  Dhi=0.909650  err=0.000000  inc=-0.595517  bucket 0->0  (mf=1000)
[MF-SEL] tPrev=(  d=0.128583  dMin=0.000000  dAvg=0.055600  dMax=1.763758  Dlo=0.027800  Dhi=0.909679  err=0.000000  inc=-0.595517  bucket 0->0  (mf=1000)
[MF-SEL] tPrev=(  d=0.120820  dMin=0.000000  dAvg=0.055652  dMax=1.763758  Dlo=0.027826  Dhi=0.909705  err=0.000000  inc=-0.595517  bucket 0->0  (mf=1000)
[MF-SEL] tPrev=(  d=0.128318  dMin=0.000000  dAvg=0.055710  dMax=1.763758  Dlo=0.027855  Dhi=0.909734  err=0.000000  inc=-0.595517  bucket 0->0  (mf=1000)
[MF-SEL] tPrev=(  d=0.128684  dMin=0.000000  dAvg=0.055768  dMax=1.763758  Dlo=0.027884  Dhi=0.909763  err=0.000000  inc=-0.595517  bucket 0->0  (mf=1000)
[MF-SEL] tPrev=(  d=0.128971  dMin=0.000000  dAvg=0.055826  dMax=1.763758  Dlo=0.027913  Dhi=0.909792  err=0.000000  inc=-0.595517  bucket 0->0  (mf=1000)
[MF-SEL] tPrev=(  d=0.145498  dMin=0.000000  dAvg=0.055897  dMax=1.763758  Dlo=0.027949  Dhi=0.909828  err=0.000000  inc=-0.595517  bucket 0->0  (mf=1000)
[MF-SEL] tPrev=(  d=0.129789  dMin=0.000000  dAvg=0.055956  dMax=1.763758  Dlo=0.027978  Dhi=0.909857  err=0.000000  inc=-0.595517  bucket 0->0  (mf=1000)
[MF-SEL] tPrev=(  d=0.130565  dMin=0.000000  dAvg=0.056015  dMax=1.763758  Dlo=0.028007  Dhi=0.909886  err=0.000000  inc=-0.595517  bucket 0->0  (mf=1000)
Dropping frame 1403638201.895097
[MF-SEL] tPrev=(  d=0.274127  dMin=0.000000  dAvg=0.056188  dMax=1.763758  Dlo=0.028094  Dhi=0.909973  err=0.000000  inc=-0.595517  bucket 0->0  (mf=1000)
[MF-SEL] tPrev=(  d=0.133561  dMin=0.000000  dAvg=0.056249  dMax=1.763758  Dlo=0.028124  Dhi=0.910003  err=0.000000  inc=-0.595517  bucket 0->0  (mf=1000)
[MF-SEL] tPrev=(  d=0.133731  dMin=0.000000  dAvg=0.056310  dMax=1.763758  Dlo=0.028155  Dhi=0.910034  err=0.000000  inc=-0.595517  bucket 0->0  (mf=1000)
[MF-SEL] tPrev=(  d=0.133732  dMin=0.000000  dAvg=0.056371  dMax=1.763758  Dlo=0.028186  Dhi=0.910065  err=0.000000  inc=-0.595517  bucket 0->0  (mf=1000)
[MF-SEL] tPrev=(  d=0.130020  dMin=0.000000  dAvg=0.056429  dMax=1.763758  Dlo=0.028215  Dhi=0.910094  err=0.000000  inc=-0.595517  bucket 0->0  (mf=1000)
[MF-SEL] tPrev=(  d=0.132770  dMin=0.000000  dAvg=0.056490  dMax=1.763758  Dlo=0.028245  Dhi=0.910124  err=0.000000  inc=-0.595517  bucket 0->0  (mf=1000)
[MF-SEL] tPrev=(  d=0.131924  dMin=0.000000  dAvg=0.056549  dMax=1.763758  Dlo=0.028274  Dhi=0.910154  err=0.000000  inc=-0.595517  bucket 0->0  (mf=1000)
[MF-SEL] tPrev=(  d=0.130631  dMin=0.000000  dAvg=0.056607  dMax=1.763758  Dlo=0.028304  Dhi=0.910183  err=0.000000  inc=-0.595517  bucket 0->0  (mf=1000)
[MF-SEL] tPrev=(  d=0.128390  dMin=0.000000  dAvg=0.056664  dMax=1.763758  Dlo=0.028332  Dhi=0.910211  err=0.000000  inc=-0.595517  bucket 0->0  (mf=1000)
Dropping frame 1403638202.395097
[MF-SEL] tPrev=(  d=0.253995  dMin=0.000000  dAvg=0.056819  dMax=1.763758  Dlo=0.028409  Dhi=0.910288  err=0.000000  inc=-0.595517  bucket 0->0  (mf=1000)
[MF-SEL] tPrev=(  d=0.112804  dMin=0.000000  dAvg=0.056863  dMax=1.763758  Dlo=0.028431  Dhi=0.910310  err=0.000000  inc=-0.595517  bucket 0->0  (mf=1000)
[MF-SEL] tPrev=(  d=0.123317  dMin=0.000000  dAvg=0.056915  dMax=1.763758  Dlo=0.028458  Dhi=0.910337  err=0.000000  inc=-0.595517  bucket 0->0  (mf=1000)
[MF-SEL] tPrev=(  d=0.121248  dMin=0.000000  dAvg=0.056966  dMax=1.763758  Dlo=0.028483  Dhi=0.910362  err=0.000000  inc=-0.595517  bucket 0->0  (mf=1000)
[MF-SEL] tPrev=(  d=0.119585  dMin=0.000000  dAvg=0.057015  dMax=1.763758  Dlo=0.028507  Dhi=0.910386  err=0.000000  inc=-0.595517  bucket 0->0  (mf=1000)
[MF-SEL] tPrev=(  d=0.117710  dMin=0.000000  dAvg=0.057062  dMax=1.763758  Dlo=0.028531  Dhi=0.910410  err=0.000000  inc=-0.595517  bucket 0->0  (mf=1000)
[MF-SEL] tPrev=(  d=0.107821  dMin=0.000000  dAvg=0.057102  dMax=1.763758  Dlo=0.028551  Dhi=0.910430  err=0.000000  inc=-0.595517  bucket 0->0  (mf=1000)
[MF-SEL] tPrev=(  d=0.113948  dMin=0.000000  dAvg=0.057146  dMax=1.763758  Dlo=0.028573  Dhi=0.910452  err=0.000000  inc=-0.595517  bucket 0->0  (mf=1000)
[MF-SEL] tPrev=(  d=0.112514  dMin=0.000000  dAvg=0.057190  dMax=1.763758  Dlo=0.028595  Dhi=0.910474  err=0.000000  inc=-0.595517  bucket 0->0  (mf=1000)
[MF-SEL] tPrev=(  d=0.119394  dMin=0.000000  dAvg=0.057238  dMax=1.763758  Dlo=0.028619  Dhi=0.910498  err=0.000000  inc=-0.595517  bucket 0->0  (mf=1000)
[MF-SEL] tPrev=(  d=0.110169  dMin=0.000000  dAvg=0.057279  dMax=1.763758  Dlo=0.028640  Dhi=0.910519  err=0.000000  inc=-0.595517  bucket 0->0  (mf=1000)
[MF-SEL] tPrev=(  d=0.108653  dMin=0.000000  dAvg=0.057319  dMax=1.763758  Dlo=0.028660  Dhi=0.910539  err=0.000000  inc=-0.595517  bucket 0->0  (mf=1000)
[MF-SEL] tPrev=(  d=0.107075  dMin=0.000000  dAvg=0.057358  dMax=1.763758  Dlo=0.028679  Dhi=0.910558  err=0.000000  inc=-0.595517  bucket 0->0  (mf=1000)
[MF-SEL] tPrev=(  d=0.105550  dMin=0.000000  dAvg=0.057396  dMax=1.763758  Dlo=0.028698  Dhi=0.910577  err=0.000000  inc=-0.595517  bucket 0->0  (mf=1000)
[MF-SEL] tPrev=(  d=0.125318  dMin=0.000000  dAvg=0.057449  dMax=1.763758  Dlo=0.028724  Dhi=0.910603  err=0.000000  inc=-0.595517  bucket 0->0  (mf=1000)
[MF-SEL] tPrev=(  d=0.103559  dMin=0.000000  dAvg=0.057484  dMax=1.763758  Dlo=0.028742  Dhi=0.910621  err=0.000000  inc=-0.595517  bucket 0->0  (mf=1000)
[MF-SEL] tPrev=(  d=0.102401  dMin=0.000000  dAvg=0.057519  dMax=1.763758  Dlo=0.028760  Dhi=0.910639  err=0.000000  inc=-0.595517  bucket 0->0  (mf=1000)
[MF-SEL] tPrev=(  d=0.116209  dMin=0.000000  dAvg=0.057565  dMax=1.763758  Dlo=0.028782  Dhi=0.910661  err=0.000000  inc=-0.595517  bucket 0->0  (mf=1000)
[MF-SEL] tPrev=(  d=0.101304  dMin=0.000000  dAvg=0.057599  dMax=1.763758  Dlo=0.028799  Dhi=0.910678  err=0.000000  inc=-0.595517  bucket 0->0  (mf=1000)
[MF-SEL] tPrev=(  d=0.100085  dMin=0.000000  dAvg=0.057632  dMax=1.763758  Dlo=0.028816  Dhi=0.910695  err=0.000000  inc=-0.595517  bucket 0->0  (mf=1000)
[MF-SEL] tPrev=(  d=0.099007  dMin=0.000000  dAvg=0.057664  dMax=1.763758  Dlo=0.028832  Dhi=0.910711  err=0.000000  inc=-0.595517  bucket 0->0  (mf=1000)
[MF-SEL] tPrev=(  d=0.103429  dMin=0.000000  dAvg=0.057699  dMax=1.763758  Dlo=0.028849  Dhi=0.910729  err=0.000000  inc=-0.595517  bucket 0->0  (mf=1000)
[MF-SEL] tPrev=(  d=0.096989  dMin=0.000000  dAvg=0.057729  dMax=1.763758  Dlo=0.028865  Dhi=0.910744  err=0.000000  inc=-0.595517  bucket 0->0  (mf=1000)
[MF-SEL] tPrev=(  d=0.095748  dMin=0.000000  dAvg=0.057759  dMax=1.763758  Dlo=0.028879  Dhi=0.910758  err=0.000000  inc=-0.595517  bucket 0->0  (mf=1000)
[MF-SEL] tPrev=(  d=0.094298  dMin=0.000000  dAvg=0.057787  dMax=1.763758  Dlo=0.028893  Dhi=0.910772  err=0.000000  inc=-0.595517  bucket 0->0  (mf=1000)
[MF-SEL] tPrev=(  d=0.093022  dMin=0.000000  dAvg=0.057814  dMax=1.763758  Dlo=0.028907  Dhi=0.910786  err=0.000000  inc=-0.595517  bucket 0->0  (mf=1000)
[MF-SEL] tPrev=(  d=0.105311  dMin=0.000000  dAvg=0.057851  dMax=1.763758  Dlo=0.028925  Dhi=0.910804  err=0.000000  inc=-0.595517  bucket 0->0  (mf=1000)
[MF-SEL] tPrev=(  d=0.090375  dMin=0.000000  dAvg=0.057876  dMax=1.763758  Dlo=0.028938  Dhi=0.910817  err=0.000000  inc=-0.595517  bucket 0->0  (mf=1000)
[MF-SEL] tPrev=(  d=0.089151  dMin=0.000000  dAvg=0.057900  dMax=1.763758  Dlo=0.028950  Dhi=0.910829  err=0.000000  inc=-0.595517  bucket 0->0  (mf=1000)
[MF-SEL] tPrev=(  d=0.087898  dMin=0.000000  dAvg=0.057923  dMax=1.763758  Dlo=0.028961  Dhi=0.910840  err=0.000000  inc=-0.595517  bucket 0->0  (mf=1000)
[MF-SEL] tPrev=(  d=0.104391  dMin=0.000000  dAvg=0.057958  dMax=1.763758  Dlo=0.028979  Dhi=0.910858  err=0.000000  inc=-0.595517  bucket 0->0  (mf=1000)
[MF-SEL] tPrev=(  d=0.086206  dMin=0.000000  dAvg=0.057980  dMax=1.763758  Dlo=0.028990  Dhi=0.910869  err=0.000000  inc=-0.595517  bucket 0->0  (mf=1000)
[MF-SEL] tPrev=(  d=0.085569  dMin=0.000000  dAvg=0.058001  dMax=1.763758  Dlo=0.029001  Dhi=0.910880  err=0.000000  inc=-0.595517  bucket 0->0  (mf=1000)
[MF-SEL] tPrev=(  d=0.092315  dMin=0.000000  dAvg=0.058028  dMax=1.763758  Dlo=0.029014  Dhi=0.910893  err=0.000000  inc=-0.595517  bucket 0->0  (mf=1000)
[MF-SEL] tPrev=(  d=0.084082  dMin=0.000000  dAvg=0.058048  dMax=1.763758  Dlo=0.029024  Dhi=0.910903  err=0.000000  inc=-0.595517  bucket 0->0  (mf=1000)
[MF-SEL] tPrev=(  d=0.082953  dMin=0.000000  dAvg=0.058067  dMax=1.763758  Dlo=0.029033  Dhi=0.910912  err=0.000000  inc=-0.595517  bucket 0->0  (mf=1000)
[MF-SEL] tPrev=(  d=0.081809  dMin=0.000000  dAvg=0.058085  dMax=1.763758  Dlo=0.029042  Dhi=0.910921  err=0.000000  inc=-0.595517  bucket 0->0  (mf=1000)
[MF-SEL] tPrev=(  d=0.080430  dMin=0.000000  dAvg=0.058102  dMax=1.763758  Dlo=0.029051  Dhi=0.910930  err=0.000000  inc=-0.595517  bucket 0->0  (mf=1000)
[MF-SEL] tPrev=(  d=0.090060  dMin=0.000000  dAvg=0.058126  dMax=1.763758  Dlo=0.029063  Dhi=0.910942  err=0.000000  inc=-0.595517  bucket 0->0  (mf=1000)
[MF-SEL] tPrev=(  d=0.076260  dMin=0.000000  dAvg=0.058140  dMax=1.763758  Dlo=0.029070  Dhi=0.910949  err=0.000000  inc=-0.595517  bucket 0->0  (mf=1000)
[MF-SEL] tPrev=(  d=0.073497  dMin=0.000000  dAvg=0.058152  dMax=1.763758  Dlo=0.029076  Dhi=0.910955  err=0.000000  inc=-0.595517  bucket 0->0  (mf=1000)
[MF-SEL] tPrev=(  d=0.070417  dMin=0.000000  dAvg=0.058161  dMax=1.763758  Dlo=0.029081  Dhi=0.910960  err=0.000000  inc=-0.595517  bucket 0->0  (mf=1000)
[MF-SEL] tPrev=(  d=0.060715  dMin=0.000000  dAvg=0.058163  dMax=1.763758  Dlo=0.029082  Dhi=0.910961  err=0.000000  inc=-0.595517  bucket 0->0  (mf=1000)
[MF-SEL] tPrev=(  d=0.064839  dMin=0.000000  dAvg=0.058168  dMax=1.763758  Dlo=0.029084  Dhi=0.910963  err=0.000000  inc=-0.595517  bucket 0->0  (mf=1000)
[MF-SEL] tPrev=(  d=0.062197  dMin=0.000000  dAvg=0.058171  dMax=1.763758  Dlo=0.029086  Dhi=0.910965  err=0.000000  inc=-0.595517  bucket 0->0  (mf=1000)
[MF-SEL] tPrev=(  d=0.059776  dMin=0.000000  dAvg=0.058172  dMax=1.763758  Dlo=0.029086  Dhi=0.910965  err=0.000000  inc=-0.595517  bucket 0->0  (mf=1000)
[MF-SEL] tPrev=(  d=0.064136  dMin=0.000000  dAvg=0.058177  dMax=1.763758  Dlo=0.029088  Dhi=0.910968  err=0.000000  inc=-0.595517  bucket 0->0  (mf=1000)
[MF-SEL] tPrev=(  d=0.055560  dMin=0.000000  dAvg=0.058175  dMax=1.763758  Dlo=0.029087  Dhi=0.910967  err=0.000000  inc=-0.595517  bucket 0->0  (mf=1000)
[MF-SEL] tPrev=(  d=0.053977  dMin=0.000000  dAvg=0.058172  dMax=1.763758  Dlo=0.029086  Dhi=0.910965  err=0.000000  inc=-0.595517  bucket 0->0  (mf=1000)
[MF-SEL] tPrev=(  d=0.053461  dMin=0.000000  dAvg=0.058168  dMax=1.763758  Dlo=0.029084  Dhi=0.910963  err=0.000000  inc=-0.595517  bucket 0->0  (mf=1000)
[MF-SEL] tPrev=(  d=0.053287  dMin=0.000000  dAvg=0.058165  dMax=1.763758  Dlo=0.029082  Dhi=0.910961  err=0.000000  inc=-0.595517  bucket 0->0  (mf=1000)
[MF-SEL] tPrev=(  d=0.053492  dMin=0.000000  dAvg=0.058161  dMax=1.763758  Dlo=0.029080  Dhi=0.910960  err=0.000000  inc=-0.595517  bucket 0->0  (mf=1000)
[MF-SEL] tPrev=(  d=0.053639  dMin=0.000000  dAvg=0.058158  dMax=1.763758  Dlo=0.029079  Dhi=0.910958  err=0.000000  inc=-0.595517  bucket 0->0  (mf=1000)
[MF-SEL] tPrev=(  d=0.054204  dMin=0.000000  dAvg=0.058155  dMax=1.763758  Dlo=0.029077  Dhi=0.910956  err=0.000000  inc=-0.595517  bucket 0->0  (mf=1000)
[MF-SEL] tPrev=(  d=0.055898  dMin=0.000000  dAvg=0.058153  dMax=1.763758  Dlo=0.029076  Dhi=0.910955  err=0.000000  inc=-0.595517  bucket 0->0  (mf=1000)
[MF-SEL] tPrev=(  d=0.055028  dMin=0.000000  dAvg=0.058151  dMax=1.763758  Dlo=0.029075  Dhi=0.910954  err=0.000000  inc=-0.595517  bucket 0->0  (mf=1000)
[MF-SEL] tPrev=(  d=0.055102  dMin=0.000000  dAvg=0.058148  dMax=1.763758  Dlo=0.029074  Dhi=0.910953  err=0.000000  inc=-0.595517  bucket 0->0  (mf=1000)
[MF-SEL] tPrev=(  d=0.055090  dMin=0.000000  dAvg=0.058146  dMax=1.763758  Dlo=0.029073  Dhi=0.910952  err=0.000000  inc=-0.595517  bucket 0->0  (mf=1000)
[MF-SEL] tPrev=(  d=0.055187  dMin=0.000000  dAvg=0.058144  dMax=1.763758  Dlo=0.029072  Dhi=0.910951  err=0.000000  inc=-0.595517  bucket 0->0  (mf=1000)
[MF-SEL] tPrev=(  d=0.055450  dMin=0.000000  dAvg=0.058142  dMax=1.763758  Dlo=0.029071  Dhi=0.910950  err=0.000000  inc=-0.595517  bucket 0->0  (mf=1000)
[MF-SEL] tPrev=(  d=0.055267  dMin=0.000000  dAvg=0.058140  dMax=1.763758  Dlo=0.029070  Dhi=0.910949  err=0.000000  inc=-0.595517  bucket 0->0  (mf=1000)
Dropping frame 1403638205.495097
[MF-SEL] tPrev=(  d=0.113894  dMin=0.000000  dAvg=0.058181  dMax=1.763758  Dlo=0.029091  Dhi=0.910970  err=0.000000  inc=-0.595517  bucket 0->0  (mf=1000)
[MF-SEL] tPrev=(  d=0.055771  dMin=0.000000  dAvg=0.058180  dMax=1.763758  Dlo=0.029090  Dhi=0.910969  err=0.000000  inc=-0.595517  bucket 0->0  (mf=1000)
[MF-SEL] tPrev=(  d=0.056523  dMin=0.000000  dAvg=0.058178  dMax=1.763758  Dlo=0.029089  Dhi=0.910968  err=0.000000  inc=-0.595517  bucket 0->0  (mf=1000)
[MF-SEL] tPrev=(  d=0.058398  dMin=0.000000  dAvg=0.058178  dMax=1.763758  Dlo=0.029089  Dhi=0.910968  err=0.000000  inc=-0.595517  bucket 0->0  (mf=1000)
[MF-SEL] tPrev=(  d=0.070541  dMin=0.000000  dAvg=0.058188  dMax=1.763758  Dlo=0.029094  Dhi=0.910973  err=0.000000  inc=-0.595517  bucket 0->0  (mf=1000)
[MF-SEL] tPrev=(  d=0.062804  dMin=0.000000  dAvg=0.058191  dMax=1.763758  Dlo=0.029096  Dhi=0.910975  err=0.000000  inc=-0.595517  bucket 0->0  (mf=1000)
[MF-SEL] tPrev=(  d=0.065212  dMin=0.000000  dAvg=0.058196  dMax=1.763758  Dlo=0.029098  Dhi=0.910977  err=0.000000  inc=-0.595517  bucket 0->0  (mf=1000)
[MF-SEL] tPrev=(  d=0.067473  dMin=0.000000  dAvg=0.058203  dMax=1.763758  Dlo=0.029102  Dhi=0.910981  err=0.000000  inc=-0.595517  bucket 0->0  (mf=1000)
[MF-SEL] tPrev=(  d=0.082310  dMin=0.000000  dAvg=0.058221  dMax=1.763758  Dlo=0.029111  Dhi=0.910990  err=0.000000  inc=-0.595517  bucket 0->0  (mf=1000)
[MF-SEL] tPrev=(  d=0.073477  dMin=0.000000  dAvg=0.058233  dMax=1.763758  Dlo=0.029116  Dhi=0.910995  err=0.000000  inc=-0.595517  bucket 0->0  (mf=1000)
Dropping frame 1403638206.045097
[MF-SEL] tPrev=(  d=0.150565  dMin=0.000000  dAvg=0.058301  dMax=1.763758  Dlo=0.029151  Dhi=0.911030  err=0.000000  inc=-0.595517  bucket 0->0  (mf=1000)
[MF-SEL] tPrev=(  d=0.081964  dMin=0.000000  dAvg=0.058319  dMax=1.763758  Dlo=0.029160  Dhi=0.911039  err=0.000000  inc=-0.595517  bucket 0->0  (mf=1000)
[MF-SEL] tPrev=(  d=0.078762  dMin=0.000000  dAvg=0.058334  dMax=1.763758  Dlo=0.029167  Dhi=0.911046  err=0.000000  inc=-0.595517  bucket 0->0  (mf=1000)
[MF-SEL] tPrev=(  d=0.079806  dMin=0.000000  dAvg=0.058350  dMax=1.763758  Dlo=0.029175  Dhi=0.911054  err=0.000000  inc=-0.595517  bucket 0->0  (mf=1000)
[MF-SEL] tPrev=(  d=0.081248  dMin=0.000000  dAvg=0.058367  dMax=1.763758  Dlo=0.029184  Dhi=0.911063  err=0.000000  inc=-0.595517  bucket 0->0  (mf=1000)
[MF-SEL] tPrev=(  d=0.087116  dMin=0.000000  dAvg=0.058389  dMax=1.763758  Dlo=0.029194  Dhi=0.911073  err=0.000000  inc=-0.595517  bucket 0->0  (mf=1000)
[MF-SEL] tPrev=(  d=0.080778  dMin=0.000000  dAvg=0.058405  dMax=1.763758  Dlo=0.029203  Dhi=0.911082  err=0.000000  inc=-0.595517  bucket 0->0  (mf=1000)
Dropping frame 1403638206.445097
[MF-SEL] tPrev=(  d=0.161862  dMin=0.000000  dAvg=0.058482  dMax=1.763758  Dlo=0.029241  Dhi=0.911120  err=0.000000  inc=-0.595517  bucket 0->0  (mf=1000)
[MF-SEL] tPrev=(  d=0.086803  dMin=0.000000  dAvg=0.058503  dMax=1.763758  Dlo=0.029251  Dhi=0.911130  err=0.000000  inc=-0.595517  bucket 0->0  (mf=1000)
[MF-SEL] tPrev=(  d=0.080119  dMin=0.000000  dAvg=0.058519  dMax=1.763758  Dlo=0.029259  Dhi=0.911138  err=0.000000  inc=-0.595517  bucket 0->0  (mf=1000)
[MF-SEL] tPrev=(  d=0.079739  dMin=0.000000  dAvg=0.058534  dMax=1.763758  Dlo=0.029267  Dhi=0.911146  err=0.000000  inc=-0.595517  bucket 0->0  (mf=1000)
[MF-SEL] tPrev=(  d=0.079491  dMin=0.000000  dAvg=0.058550  dMax=1.763758  Dlo=0.029275  Dhi=0.911154  err=0.000000  inc=-0.595517  bucket 0->0  (mf=1000)
[MF-SEL] tPrev=(  d=0.089180  dMin=0.000000  dAvg=0.058572  dMax=1.763758  Dlo=0.029286  Dhi=0.911165  err=0.000000  inc=-0.595517  bucket 0->0  (mf=1000)
[MF-SEL] tPrev=(  d=0.078642  dMin=0.000000  dAvg=0.058587  dMax=1.763758  Dlo=0.029294  Dhi=0.911173  err=0.000000  inc=-0.595517  bucket 0->0  (mf=1000)
[MF-SEL] tPrev=(  d=0.077388  dMin=0.000000  dAvg=0.058601  dMax=1.763758  Dlo=0.029301  Dhi=0.911180  err=0.000000  inc=-0.595517  bucket 0->0  (mf=1000)
[MF-SEL] tPrev=(  d=0.077073  dMin=0.000000  dAvg=0.058615  dMax=1.763758  Dlo=0.029307  Dhi=0.911186  err=0.000000  inc=-0.595517  bucket 0->0  (mf=1000)
[MF-SEL] tPrev=(  d=0.075000  dMin=0.000000  dAvg=0.058627  dMax=1.763758  Dlo=0.029313  Dhi=0.911192  err=0.000000  inc=-0.595517  bucket 0->0  (mf=1000)
[MF-SEL] tPrev=(  d=0.075987  dMin=0.000000  dAvg=0.058640  dMax=1.763758  Dlo=0.029320  Dhi=0.911199  err=0.000000  inc=-0.595517  bucket 0->0  (mf=1000)
[MF-SEL] tPrev=(  d=0.075278  dMin=0.000000  dAvg=0.058652  dMax=1.763758  Dlo=0.029326  Dhi=0.911205  err=0.000000  inc=-0.595517  bucket 0->0  (mf=1000)
[MF-SEL] tPrev=(  d=0.074493  dMin=0.000000  dAvg=0.058663  dMax=1.763758  Dlo=0.029332  Dhi=0.911211  err=0.000000  inc=-0.595517  bucket 0->0  (mf=1000)
[MF-SEL] tPrev=(  d=0.068948  dMin=0.000000  dAvg=0.058671  dMax=1.763758  Dlo=0.029335  Dhi=0.911215  err=0.000000  inc=-0.595517  bucket 0->0  (mf=1000)
Dropping frame 1403638207.195097
[MF-SEL] tPrev=(  d=0.147031  dMin=0.000000  dAvg=0.058736  dMax=1.763758  Dlo=0.029368  Dhi=0.911247  err=0.000000  inc=-0.595517  bucket 0->0  (mf=1000)
[MF-SEL] tPrev=(  d=0.073319  dMin=0.000000  dAvg=0.058746  dMax=1.763758  Dlo=0.029373  Dhi=0.911252  err=0.000000  inc=-0.595517  bucket 0->0  (mf=1000)
[MF-SEL] tPrev=(  d=0.071645  dMin=0.000000  dAvg=0.058756  dMax=1.763758  Dlo=0.029378  Dhi=0.911257  err=0.000000  inc=-0.595517  bucket 0->0  (mf=1000)
[MF-SEL] tPrev=(  d=0.073335  dMin=0.000000  dAvg=0.058767  dMax=1.763758  Dlo=0.029383  Dhi=0.911262  err=0.000000  inc=-0.595517  bucket 0->0  (mf=1000)
[MF-SEL] tPrev=(  d=0.073263  dMin=0.000000  dAvg=0.058777  dMax=1.763758  Dlo=0.029389  Dhi=0.911268  err=0.000000  inc=-0.595517  bucket 0->0  (mf=1000)
[MF-SEL] tPrev=(  d=0.072868  dMin=0.000000  dAvg=0.058787  dMax=1.763758  Dlo=0.029394  Dhi=0.911273  err=0.000000  inc=-0.595517  bucket 0->0  (mf=1000)
[MF-SEL] tPrev=(  d=0.070962  dMin=0.000000  dAvg=0.058796  dMax=1.763758  Dlo=0.029398  Dhi=0.911277  err=0.000000  inc=-0.595517  bucket 0->0  (mf=1000)
[MF-SEL] tPrev=(  d=0.072965  dMin=0.000000  dAvg=0.058807  dMax=1.763758  Dlo=0.029403  Dhi=0.911282  err=0.000000  inc=-0.595517  bucket 0->0  (mf=1000)
[MF-SEL] tPrev=(  d=0.073127  dMin=0.000000  dAvg=0.058817  dMax=1.763758  Dlo=0.029409  Dhi=0.911288  err=0.000000  inc=-0.595517  bucket 0->0  (mf=1000)
[MF-SEL] tPrev=(  d=0.071762  dMin=0.000000  dAvg=0.058826  dMax=1.763758  Dlo=0.029413  Dhi=0.911292  err=0.000000  inc=-0.595517  bucket 0->0  (mf=1000)
[MF-SEL] tPrev=(  d=0.068302  dMin=0.000000  dAvg=0.058833  dMax=1.763758  Dlo=0.029417  Dhi=0.911296  err=0.000000  inc=-0.595517  bucket 0->0  (mf=1000)
[MF-SEL] tPrev=(  d=0.070369  dMin=0.000000  dAvg=0.058842  dMax=1.763758  Dlo=0.029421  Dhi=0.911300  err=0.000000  inc=-0.595517  bucket 0->0  (mf=1000)
[MF-SEL] tPrev=(  d=0.069443  dMin=0.000000  dAvg=0.058849  dMax=1.763758  Dlo=0.029425  Dhi=0.911304  err=0.000000  inc=-0.595517  bucket 0->0  (mf=1000)
[MF-SEL] tPrev=(  d=0.068437  dMin=0.000000  dAvg=0.058856  dMax=1.763758  Dlo=0.029428  Dhi=0.911307  err=0.000000  inc=-0.595517  bucket 0->0  (mf=1000)
[MF-SEL] tPrev=(  d=0.057776  dMin=0.000000  dAvg=0.058856  dMax=1.763758  Dlo=0.029428  Dhi=0.911307  err=0.000000  inc=-0.595517  bucket 0->0  (mf=1000)
[MF-SEL] tPrev=(  d=0.065560  dMin=0.000000  dAvg=0.058861  dMax=1.763758  Dlo=0.029430  Dhi=0.911309  err=0.000000  inc=-0.595517  bucket 0->0  (mf=1000)
[MF-SEL] tPrev=(  d=0.064756  dMin=0.000000  dAvg=0.058865  dMax=1.763758  Dlo=0.029432  Dhi=0.911311  err=0.000000  inc=-0.595517  bucket 0->0  (mf=1000)
[MF-SEL] tPrev=(  d=0.063469  dMin=0.000000  dAvg=0.058868  dMax=1.763758  Dlo=0.029434  Dhi=0.911313  err=0.000000  inc=-0.595517  bucket 0->0  (mf=1000)
[MF-SEL] tPrev=(  d=0.062742  dMin=0.000000  dAvg=0.058871  dMax=1.763758  Dlo=0.029435  Dhi=0.911315  err=0.000000  inc=-0.595517  bucket 0->0  (mf=1000)
[MF-SEL] tPrev=(  d=0.056860  dMin=0.000000  dAvg=0.058869  dMax=1.763758  Dlo=0.029435  Dhi=0.911314  err=0.000000  inc=-0.595517  bucket 0->0  (mf=1000)
[MF-SEL] tPrev=(  d=0.060423  dMin=0.000000  dAvg=0.058871  dMax=1.763758  Dlo=0.029435  Dhi=0.911314  err=0.000000  inc=-0.595517  bucket 0->0  (mf=1000)
[MF-SEL] tPrev=(  d=0.059912  dMin=0.000000  dAvg=0.058871  dMax=1.763758  Dlo=0.029436  Dhi=0.911315  err=0.000000  inc=-0.595517  bucket 0->0  (mf=1000)
[MF-SEL] tPrev=(  d=0.059543  dMin=0.000000  dAvg=0.058872  dMax=1.763758  Dlo=0.029436  Dhi=0.911315  err=0.000000  inc=-0.595517  bucket 0->0  (mf=1000)
[MF-SEL] tPrev=(  d=0.059281  dMin=0.000000  dAvg=0.058872  dMax=1.763758  Dlo=0.029436  Dhi=0.911315  err=0.000000  inc=-0.595517  bucket 0->0  (mf=1000)
[MF-SEL] tPrev=(  d=0.056838  dMin=0.000000  dAvg=0.058871  dMax=1.763758  Dlo=0.029435  Dhi=0.911314  err=0.000000  inc=-0.595517  bucket 0->0  (mf=1000)
[MF-SEL] tPrev=(  d=0.058596  dMin=0.000000  dAvg=0.058870  dMax=1.763758  Dlo=0.029435  Dhi=0.911314  err=0.000000  inc=-0.595517  bucket 0->0  (mf=1000)
[MF-SEL] tPrev=(  d=0.058416  dMin=0.000000  dAvg=0.058870  dMax=1.763758  Dlo=0.029435  Dhi=0.911314  err=0.000000  inc=-0.595517  bucket 0->0  (mf=1000)
[MF-SEL] tPrev=(  d=0.057944  dMin=0.000000  dAvg=0.058869  dMax=1.763758  Dlo=0.029435  Dhi=0.911314  err=0.000000  inc=-0.595517  bucket 0->0  (mf=1000)
[MF-SEL] tPrev=(  d=0.056398  dMin=0.000000  dAvg=0.058868  dMax=1.763758  Dlo=0.029434  Dhi=0.911313  err=0.000000  inc=-0.595517  bucket 0->0  (mf=1000)
[MF-SEL] tPrev=(  d=0.056687  dMin=0.000000  dAvg=0.058866  dMax=1.763758  Dlo=0.029433  Dhi=0.911312  err=0.000000  inc=-0.595517  bucket 0->0  (mf=1000)
[MF-SEL] tPrev=(  d=0.056163  dMin=0.000000  dAvg=0.058864  dMax=1.763758  Dlo=0.029432  Dhi=0.911311  err=0.000000  inc=-0.595517  bucket 0->0  (mf=1000)
[MF-SEL] tPrev=(  d=0.055132  dMin=0.000000  dAvg=0.058862  dMax=1.763758  Dlo=0.029431  Dhi=0.911310  err=0.000000  inc=-0.595517  bucket 0->0  (mf=1000)
[MF-SEL] tPrev=(  d=0.048659  dMin=0.000000  dAvg=0.058854  dMax=1.763758  Dlo=0.029427  Dhi=0.911306  err=0.000000  inc=-0.595517  bucket 0->0  (mf=1000)
[MF-SEL] tPrev=(  d=0.052724  dMin=0.000000  dAvg=0.058850  dMax=1.763758  Dlo=0.029425  Dhi=0.911304  err=0.000000  inc=-0.595517  bucket 0->0  (mf=1000)
Dropping frame 1403638208.945097
[MF-SEL] tPrev=(  d=0.103413  dMin=0.000000  dAvg=0.058882  dMax=1.763758  Dlo=0.029441  Dhi=0.911320  err=0.000000  inc=-0.595517  bucket 0->0  (mf=1000)
[MF-SEL] tPrev=(  d=0.048446  dMin=0.000000  dAvg=0.058874  dMax=1.763758  Dlo=0.029437  Dhi=0.911316  err=0.000000  inc=-0.595517  bucket 0->0  (mf=1000)
[MF-SEL] tPrev=(  d=0.050348  dMin=0.000000  dAvg=0.058868  dMax=1.763758  Dlo=0.029434  Dhi=0.911313  err=0.000000  inc=-0.595517  bucket 0->0  (mf=1000)
[MF-SEL] tPrev=(  d=0.049738  dMin=0.000000  dAvg=0.058862  dMax=1.763758  Dlo=0.029431  Dhi=0.911310  err=0.000000  inc=-0.595517  bucket 0->0  (mf=1000)
[MF-SEL] tPrev=(  d=0.049374  dMin=0.000000  dAvg=0.058855  dMax=1.763758  Dlo=0.029427  Dhi=0.911306  err=0.000000  inc=-0.595517  bucket 0->0  (mf=1000)
[MF-SEL] tPrev=(  d=0.049052  dMin=0.000000  dAvg=0.058848  dMax=1.763758  Dlo=0.029424  Dhi=0.911303  err=0.000000  inc=-0.595517  bucket 0->0  (mf=1000)
[MF-SEL] tPrev=(  d=0.048814  dMin=0.000000  dAvg=0.058841  dMax=1.763758  Dlo=0.029420  Dhi=0.911299  err=0.000000  inc=-0.595517  bucket 0->0  (mf=1000)
[MF-SEL] tPrev=(  d=0.048348  dMin=0.000000  dAvg=0.058833  dMax=1.763758  Dlo=0.029417  Dhi=0.911296  err=0.000000  inc=-0.595517  bucket 0->0  (mf=1000)
[MF-SEL] tPrev=(  d=0.053951  dMin=0.000000  dAvg=0.058830  dMax=1.763758  Dlo=0.029415  Dhi=0.911294  err=0.000000  inc=-0.595517  bucket 0->0  (mf=1000)
[MF-SEL] tPrev=(  d=0.048680  dMin=0.000000  dAvg=0.058823  dMax=1.763758  Dlo=0.029411  Dhi=0.911290  err=0.000000  inc=-0.595517  bucket 0->0  (mf=1000)
[MF-SEL] tPrev=(  d=0.048060  dMin=0.000000  dAvg=0.058815  dMax=1.763758  Dlo=0.029407  Dhi=0.911287  err=0.000000  inc=-0.595517  bucket 0->0  (mf=1000)
[MF-SEL] tPrev=(  d=0.048543  dMin=0.000000  dAvg=0.058808  dMax=1.763758  Dlo=0.029404  Dhi=0.911283  err=0.000000  inc=-0.595517  bucket 0->0  (mf=1000)
[MF-SEL] tPrev=(  d=0.049835  dMin=0.000000  dAvg=0.058801  dMax=1.763758  Dlo=0.029401  Dhi=0.911280  err=0.000000  inc=-0.595517  bucket 0->0  (mf=1000)
[MF-SEL] tPrev=(  d=0.052537  dMin=0.000000  dAvg=0.058797  dMax=1.763758  Dlo=0.029398  Dhi=0.911277  err=0.000000  inc=-0.595517  bucket 0->0  (mf=1000)
[MF-SEL] tPrev=(  d=0.054583  dMin=0.000000  dAvg=0.058794  dMax=1.763758  Dlo=0.029397  Dhi=0.911276  err=0.000000  inc=-0.595517  bucket 0->0  (mf=1000)
[MF-SEL] tPrev=(  d=0.057228  dMin=0.000000  dAvg=0.058793  dMax=1.763758  Dlo=0.029396  Dhi=0.911275  err=0.000000  inc=-0.595517  bucket 0->0  (mf=1000)
Dropping frame 1403638209.795097
[MF-SEL] tPrev=(  d=0.122126  dMin=0.000000  dAvg=0.058838  dMax=1.763758  Dlo=0.029419  Dhi=0.911298  err=0.000000  inc=-0.595517  bucket 0->0  (mf=1000)
[MF-SEL] tPrev=(  d=0.063669  dMin=0.000000  dAvg=0.058841  dMax=1.763758  Dlo=0.029420  Dhi=0.911300  err=0.000000  inc=-0.595517  bucket 0->0  (mf=1000)
[MF-SEL] tPrev=(  d=0.064367  dMin=0.000000  dAvg=0.058845  dMax=1.763758  Dlo=0.029422  Dhi=0.911301  err=0.000000  inc=-0.595517  bucket 0->0  (mf=1000)
[MF-SEL] tPrev=(  d=0.065222  dMin=0.000000  dAvg=0.058849  dMax=1.763758  Dlo=0.029425  Dhi=0.911304  err=0.000000  inc=-0.595517  bucket 0->0  (mf=1000)
[MF-SEL] tPrev=(  d=0.065222  dMin=0.000000  dAvg=0.058854  dMax=1.763758  Dlo=0.029427  Dhi=0.911306  err=0.000000  inc=-0.595517  bucket 0->0  (mf=1000)
[MF-SEL] tPrev=(  d=0.064339  dMin=0.000000  dAvg=0.058858  dMax=1.763758  Dlo=0.029429  Dhi=0.911308  err=0.000000  inc=-0.595517  bucket 0->0  (mf=1000)
[MF-SEL] tPrev=(  d=0.055016  dMin=0.000000  dAvg=0.058855  dMax=1.763758  Dlo=0.029428  Dhi=0.911307  err=0.000000  inc=-0.595517  bucket 0->0  (mf=1000)
[MF-SEL] tPrev=(  d=0.063121  dMin=0.000000  dAvg=0.058858  dMax=1.763758  Dlo=0.029429  Dhi=0.911308  err=0.000000  inc=-0.595517  bucket 0->0  (mf=1000)
[MF-SEL] tPrev=(  d=0.063481  dMin=0.000000  dAvg=0.058861  dMax=1.763758  Dlo=0.029431  Dhi=0.911310  err=0.000000  inc=-0.595517  bucket 0->0  (mf=1000)
[MF-SEL] tPrev=(  d=0.063885  dMin=0.000000  dAvg=0.058865  dMax=1.763758  Dlo=0.029432  Dhi=0.911311  err=0.000000  inc=-0.595517  bucket 0->0  (mf=1000)
Dropping frame 1403638210.345097
[MF-SEL] tPrev=(  d=0.129898  dMin=0.000000  dAvg=0.058915  dMax=1.763758  Dlo=0.029457  Dhi=0.911336  err=0.000000  inc=-0.595517  bucket 0->0  (mf=1000)
[MF-SEL] tPrev=(  d=0.068917  dMin=0.000000  dAvg=0.058922  dMax=1.763758  Dlo=0.029461  Dhi=0.911340  err=0.000000  inc=-0.595517  bucket 0->0  (mf=1000)
[MF-SEL] tPrev=(  d=0.068024  dMin=0.000000  dAvg=0.058928  dMax=1.763758  Dlo=0.029464  Dhi=0.911343  err=0.000000  inc=-0.595517  bucket 0->0  (mf=1000)
[MF-SEL] tPrev=(  d=0.069794  dMin=0.000000  dAvg=0.058936  dMax=1.763758  Dlo=0.029468  Dhi=0.911347  err=0.000000  inc=-0.595517  bucket 0->0  (mf=1000)
[MF-SEL] tPrev=(  d=0.071410  dMin=0.000000  dAvg=0.058944  dMax=1.763758  Dlo=0.029472  Dhi=0.911351  err=0.000000  inc=-0.595517  bucket 0->0  (mf=1000)
[MF-SEL] tPrev=(  d=0.072926  dMin=0.000000  dAvg=0.058954  dMax=1.763758  Dlo=0.029477  Dhi=0.911356  err=0.000000  inc=-0.595517  bucket 0->0  (mf=1000)
[MF-SEL] tPrev=(  d=0.074102  dMin=0.000000  dAvg=0.058965  dMax=1.763758  Dlo=0.029482  Dhi=0.911361  err=0.000000  inc=-0.595517  bucket 0->0  (mf=1000)
[MF-SEL] tPrev=(  d=0.074318  dMin=0.000000  dAvg=0.058976  dMax=1.763758  Dlo=0.029488  Dhi=0.911367  err=0.000000  inc=-0.595517  bucket 0->0  (mf=1000)
[MF-SEL] tPrev=(  d=0.049686  dMin=0.000000  dAvg=0.058969  dMax=1.763758  Dlo=0.029485  Dhi=0.911364  err=0.000000  inc=-0.595517  bucket 0->0  (mf=1000)
[MF-SEL] tPrev=(  d=0.074974  dMin=0.000000  dAvg=0.058980  dMax=1.763758  Dlo=0.029490  Dhi=0.911369  err=0.000000  inc=-0.595517  bucket 0->0  (mf=1000)
[MF-SEL] tPrev=(  d=0.074452  dMin=0.000000  dAvg=0.058991  dMax=1.763758  Dlo=0.029496  Dhi=0.911375  err=0.000000  inc=-0.595517  bucket 0->0  (mf=1000)
[MF-SEL] tPrev=(  d=0.073920  dMin=0.000000  dAvg=0.059001  dMax=1.763758  Dlo=0.029501  Dhi=0.911380  err=0.000000  inc=-0.595517  bucket 0->0  (mf=1000)
[MF-SEL] tPrev=(  d=0.074193  dMin=0.000000  dAvg=0.059012  dMax=1.763758  Dlo=0.029506  Dhi=0.911385  err=0.000000  inc=-0.595517  bucket 0->0  (mf=1000)
[MF-SEL] tPrev=(  d=0.074469  dMin=0.000000  dAvg=0.059023  dMax=1.763758  Dlo=0.029511  Dhi=0.911390  err=0.000000  inc=-0.595517  bucket 0->0  (mf=1000)
[MF-SEL] tPrev=(  d=0.073215  dMin=0.000000  dAvg=0.059033  dMax=1.763758  Dlo=0.029516  Dhi=0.911395  err=0.000000  inc=-0.595517  bucket 0->0  (mf=1000)
[MF-SEL] tPrev=(  d=0.067678  dMin=0.000000  dAvg=0.059039  dMax=1.763758  Dlo=0.029519  Dhi=0.911398  err=0.000000  inc=-0.595517  bucket 0->0  (mf=1000)
[MF-SEL] tPrev=(  d=0.071119  dMin=0.000000  dAvg=0.059047  dMax=1.763758  Dlo=0.029524  Dhi=0.911403  err=0.000000  inc=-0.595517  bucket 0->0  (mf=1000)
[MF-SEL] tPrev=(  d=0.069683  dMin=0.000000  dAvg=0.059054  dMax=1.763758  Dlo=0.029527  Dhi=0.911406  err=0.000000  inc=-0.595517  bucket 0->0  (mf=1000)
[MF-SEL] tPrev=(  d=0.068206  dMin=0.000000  dAvg=0.059061  dMax=1.763758  Dlo=0.029530  Dhi=0.911409  err=0.000000  inc=-0.595517  bucket 0->0  (mf=1000)
[MF-SEL] tPrev=(  d=0.065863  dMin=0.000000  dAvg=0.059065  dMax=1.763758  Dlo=0.029533  Dhi=0.911412  err=0.000000  inc=-0.595517  bucket 0->0  (mf=1000)
[MF-SEL] tPrev=(  d=0.067587  dMin=0.000000  dAvg=0.059071  dMax=1.763758  Dlo=0.029536  Dhi=0.911415  err=0.000000  inc=-0.595517  bucket 0->0  (mf=1000)
[MF-SEL] tPrev=(  d=0.068493  dMin=0.000000  dAvg=0.059078  dMax=1.763758  Dlo=0.029539  Dhi=0.911418  err=0.000000  inc=-0.595517  bucket 0->0  (mf=1000)
[MF-SEL] tPrev=(  d=0.069143  dMin=0.000000  dAvg=0.059085  dMax=1.763758  Dlo=0.029542  Dhi=0.911421  err=0.000000  inc=-0.595517  bucket 0->0  (mf=1000)
[MF-SEL] tPrev=(  d=0.079879  dMin=0.000000  dAvg=0.059099  dMax=1.763758  Dlo=0.029550  Dhi=0.911429  err=0.000000  inc=-0.595517  bucket 0->0  (mf=1000)
[MF-SEL] tPrev=(  d=0.070772  dMin=0.000000  dAvg=0.059107  dMax=1.763758  Dlo=0.029554  Dhi=0.911433  err=0.000000  inc=-0.595517  bucket 0->0  (mf=1000)
[MF-SEL] tPrev=(  d=0.071712  dMin=0.000000  dAvg=0.059116  dMax=1.763758  Dlo=0.029558  Dhi=0.911437  err=0.000000  inc=-0.595517  bucket 0->0  (mf=1000)
Dropping frame 1403638211.695097
[MF-SEL] tPrev=(  d=0.152735  dMin=0.000000  dAvg=0.059181  dMax=1.763758  Dlo=0.029590  Dhi=0.911469  err=0.000000  inc=-0.595517  bucket 0->0  (mf=1000)
[MF-SEL] tPrev=(  d=0.075833  dMin=0.000000  dAvg=0.059192  dMax=1.763758  Dlo=0.029596  Dhi=0.911475  err=0.000000  inc=-0.595517  bucket 0->0  (mf=1000)
[MF-SEL] tPrev=(  d=0.075798  dMin=0.000000  dAvg=0.059203  dMax=1.763758  Dlo=0.029602  Dhi=0.911481  err=0.000000  inc=-0.595517  bucket 0->0  (mf=1000)
[MF-SEL] tPrev=(  d=0.074865  dMin=0.000000  dAvg=0.059214  dMax=1.763758  Dlo=0.029607  Dhi=0.911486  err=0.000000  inc=-0.595517  bucket 0->0  (mf=1000)
[MF-SEL] tPrev=(  d=0.080158  dMin=0.000000  dAvg=0.059229  dMax=1.763758  Dlo=0.029614  Dhi=0.911493  err=0.000000  inc=-0.595517  bucket 0->0  (mf=1000)
[MF-SEL] tPrev=(  d=0.074407  dMin=0.000000  dAvg=0.059239  dMax=1.763758  Dlo=0.029620  Dhi=0.911499  err=0.000000  inc=-0.595517  bucket 0->0  (mf=1000)
[MF-SEL] tPrev=(  d=0.074318  dMin=0.000000  dAvg=0.059249  dMax=1.763758  Dlo=0.029625  Dhi=0.911504  err=0.000000  inc=-0.595517  bucket 0->0  (mf=1000)
[MF-SEL] tPrev=(  d=0.073976  dMin=0.000000  dAvg=0.059260  dMax=1.763758  Dlo=0.029630  Dhi=0.911509  err=0.000000  inc=-0.595517  bucket 0->0  (mf=1000)
[MF-SEL] tPrev=(  d=0.078018  dMin=0.000000  dAvg=0.059272  dMax=1.763758  Dlo=0.029636  Dhi=0.911515  err=0.000000  inc=-0.595517  bucket 0->0  (mf=1000)
[MF-SEL] tPrev=(  d=0.073542  dMin=0.000000  dAvg=0.059282  dMax=1.763758  Dlo=0.029641  Dhi=0.911520  err=0.000000  inc=-0.595517  bucket 0->0  (mf=1000)
[MF-SEL] tPrev=(  d=0.074064  dMin=0.000000  dAvg=0.059292  dMax=1.763758  Dlo=0.029646  Dhi=0.911525  err=0.000000  inc=-0.595517  bucket 0->0  (mf=1000)
[MF-SEL] tPrev=(  d=0.074563  dMin=0.000000  dAvg=0.059303  dMax=1.763758  Dlo=0.029651  Dhi=0.911530  err=0.000000  inc=-0.595517  bucket 0->0  (mf=1000)
[MF-SEL] tPrev=(  d=0.082276  dMin=0.000000  dAvg=0.059318  dMax=1.763758  Dlo=0.029659  Dhi=0.911538  err=0.000000  inc=-0.595517  bucket 0->0  (mf=1000)
[MF-SEL] tPrev=(  d=0.075115  dMin=0.000000  dAvg=0.059329  dMax=1.763758  Dlo=0.029665  Dhi=0.911544  err=0.000000  inc=-0.595517  bucket 0->0  (mf=1000)
[MF-SEL] tPrev=(  d=0.075412  dMin=0.000000  dAvg=0.059340  dMax=1.763758  Dlo=0.029670  Dhi=0.911549  err=0.000000  inc=-0.595517  bucket 0->0  (mf=1000)
[MF-SEL] tPrev=(  d=0.076183  dMin=0.000000  dAvg=0.059352  dMax=1.763758  Dlo=0.029676  Dhi=0.911555  err=0.000000  inc=-0.595517  bucket 0->0  (mf=1000)
[MF-SEL] tPrev=(  d=0.084365  dMin=0.000000  dAvg=0.059369  dMax=1.763758  Dlo=0.029684  Dhi=0.911563  err=0.000000  inc=-0.595517  bucket 0->0  (mf=1000)
[MF-SEL] tPrev=(  d=0.078077  dMin=0.000000  dAvg=0.059382  dMax=1.763758  Dlo=0.029691  Dhi=0.911570  err=0.000000  inc=-0.595517  bucket 0->0  (mf=1000)
[MF-SEL] tPrev=(  d=0.078962  dMin=0.000000  dAvg=0.059395  dMax=1.763758  Dlo=0.029697  Dhi=0.911576  err=0.000000  inc=-0.595517  bucket 0->0  (mf=1000)
[MF-SEL] tPrev=(  d=0.079797  dMin=0.000000  dAvg=0.059409  dMax=1.763758  Dlo=0.029704  Dhi=0.911583  err=0.000000  inc=-0.595517  bucket 0->0  (mf=1000)
[MF-SEL] tPrev=(  d=0.085392  dMin=0.000000  dAvg=0.059426  dMax=1.763758  Dlo=0.029713  Dhi=0.911592  err=0.000000  inc=-0.595517  bucket 0->0  (mf=1000)
[MF-SEL] tPrev=(  d=0.081461  dMin=0.000000  dAvg=0.059441  dMax=1.763758  Dlo=0.029721  Dhi=0.911600  err=0.000000  inc=-0.595517  bucket 0->0  (mf=1000)
[MF-SEL] tPrev=(  d=0.082579  dMin=0.000000  dAvg=0.059457  dMax=1.763758  Dlo=0.029729  Dhi=0.911608  err=0.000000  inc=-0.595517  bucket 0->0  (mf=1000)
[MF-SEL] tPrev=(  d=0.083096  dMin=0.000000  dAvg=0.059473  dMax=1.763758  Dlo=0.029737  Dhi=0.911616  err=0.000000  inc=-0.595517  bucket 0->0  (mf=1000)
[MF-SEL] tPrev=(  d=0.081895  dMin=0.000000  dAvg=0.059488  dMax=1.763758  Dlo=0.029744  Dhi=0.911623  err=0.000000  inc=-0.595517  bucket 0->0  (mf=1000)
[MF-SEL] tPrev=(  d=0.084443  dMin=0.000000  dAvg=0.059505  dMax=1.763758  Dlo=0.029753  Dhi=0.911632  err=0.000000  inc=-0.595517  bucket 0->0  (mf=1000)
[MF-SEL] tPrev=(  d=0.085242  dMin=0.000000  dAvg=0.059523  dMax=1.763758  Dlo=0.029761  Dhi=0.911640  err=0.000000  inc=-0.595517  bucket 0->0  (mf=1000)
[MF-SEL] tPrev=(  d=0.085789  dMin=0.000000  dAvg=0.059541  dMax=1.763758  Dlo=0.029770  Dhi=0.911649  err=0.000000  inc=-0.595517  bucket 0->0  (mf=1000)
[MF-SEL] tPrev=(  d=0.086804  dMin=0.000000  dAvg=0.059559  dMax=1.763758  Dlo=0.029780  Dhi=0.911659  err=0.000000  inc=-0.595517  bucket 0->0  (mf=1000)
[MF-SEL] tPrev=(  d=0.086697  dMin=0.000000  dAvg=0.059577  dMax=1.763758  Dlo=0.029789  Dhi=0.911668  err=0.000000  inc=-0.595517  bucket 0->0  (mf=1000)
[MF-SEL] tPrev=(  d=0.087078  dMin=0.000000  dAvg=0.059596  dMax=1.763758  Dlo=0.029798  Dhi=0.911677  err=0.000000  inc=-0.595517  bucket 0->0  (mf=1000)
[MF-SEL] tPrev=(  d=0.087656  dMin=0.000000  dAvg=0.059615  dMax=1.763758  Dlo=0.029807  Dhi=0.911686  err=0.000000  inc=-0.595517  bucket 0->0  (mf=1000)
[MF-SEL] tPrev=(  d=0.095426  dMin=0.000000  dAvg=0.059639  dMax=1.763758  Dlo=0.029820  Dhi=0.911699  err=0.000000  inc=-0.595517  bucket 0->0  (mf=1000)
[MF-SEL] tPrev=(  d=0.089435  dMin=0.000000  dAvg=0.059659  dMax=1.763758  Dlo=0.029830  Dhi=0.911709  err=0.000000  inc=-0.595517  bucket 0->0  (mf=1000)
[MF-SEL] tPrev=(  d=0.090785  dMin=0.000000  dAvg=0.059680  dMax=1.763758  Dlo=0.029840  Dhi=0.911719  err=0.000000  inc=-0.595517  bucket 0->0  (mf=1000)
[MF-SEL] tPrev=(  d=0.092602  dMin=0.000000  dAvg=0.059702  dMax=1.763758  Dlo=0.029851  Dhi=0.911730  err=0.000000  inc=-0.595517  bucket 0->0  (mf=1000)
[MF-SEL] tPrev=(  d=0.101248  dMin=0.000000  dAvg=0.059730  dMax=1.763758  Dlo=0.029865  Dhi=0.911744  err=0.000000  inc=-0.595517  bucket 0->0  (mf=1000)
[MF-SEL] tPrev=(  d=0.096974  dMin=0.000000  dAvg=0.059755  dMax=1.763758  Dlo=0.029878  Dhi=0.911757  err=0.000000  inc=-0.595517  bucket 0->0  (mf=1000)
[MF-SEL] tPrev=(  d=0.098753  dMin=0.000000  dAvg=0.059781  dMax=1.763758  Dlo=0.029891  Dhi=0.911770  err=0.000000  inc=-0.595517  bucket 0->0  (mf=1000)
[MF-SEL] tPrev=(  d=0.099764  dMin=0.000000  dAvg=0.059808  dMax=1.763758  Dlo=0.029904  Dhi=0.911783  err=0.000000  inc=-0.595517  bucket 0->0  (mf=1000)
[MF-SEL] tPrev=(  d=0.096843  dMin=0.000000  dAvg=0.059833  dMax=1.763758  Dlo=0.029917  Dhi=0.911796  err=0.000000  inc=-0.595517  bucket 0->0  (mf=1000)
[MF-SEL] tPrev=(  d=0.100830  dMin=0.000000  dAvg=0.059861  dMax=1.763758  Dlo=0.029930  Dhi=0.911809  err=0.000000  inc=-0.595517  bucket 0->0  (mf=1000)
[MF-SEL] tPrev=(  d=0.100803  dMin=0.000000  dAvg=0.059888  dMax=1.763758  Dlo=0.029944  Dhi=0.911823  err=0.000000  inc=-0.595517  bucket 0->0  (mf=1000)
[MF-SEL] tPrev=(  d=0.100538  dMin=0.000000  dAvg=0.059915  dMax=1.763758  Dlo=0.029958  Dhi=0.911837  err=0.000000  inc=-0.595517  bucket 0->0  (mf=1000)
[MF-SEL] tPrev=(  d=0.098336  dMin=0.000000  dAvg=0.059941  dMax=1.763758  Dlo=0.029971  Dhi=0.911850  err=0.000000  inc=-0.595517  bucket 0->0  (mf=1000)
[MF-SEL] tPrev=(  d=0.099428  dMin=0.000000  dAvg=0.059967  dMax=1.763758  Dlo=0.029984  Dhi=0.911863  err=0.000000  inc=-0.595517  bucket 0->0  (mf=1000)
[MF-SEL] tPrev=(  d=0.099133  dMin=0.000000  dAvg=0.059994  dMax=1.763758  Dlo=0.029997  Dhi=0.911876  err=0.000000  inc=-0.595517  bucket 0->0  (mf=1000)
[MF-SEL] tPrev=(  d=0.098770  dMin=0.000000  dAvg=0.060020  dMax=1.763758  Dlo=0.030010  Dhi=0.911889  err=0.000000  inc=-0.595517  bucket 0->0  (mf=1000)
[MF-SEL] tPrev=(  d=0.095839  dMin=0.000000  dAvg=0.060043  dMax=1.763758  Dlo=0.030022  Dhi=0.911901  err=0.000000  inc=-0.595517  bucket 0->0  (mf=1000)
[MF-SEL] tPrev=(  d=0.097262  dMin=0.000000  dAvg=0.060068  dMax=1.763758  Dlo=0.030034  Dhi=0.911913  err=0.000000  inc=-0.595517  bucket 0->0  (mf=1000)
[MF-SEL] tPrev=(  d=0.096684  dMin=0.000000  dAvg=0.060093  dMax=1.763758  Dlo=0.030046  Dhi=0.911925  err=0.000000  inc=-0.595517  bucket 0->0  (mf=1000)
[MF-SEL] tPrev=(  d=0.095843  dMin=0.000000  dAvg=0.060117  dMax=1.763758  Dlo=0.030058  Dhi=0.911937  err=0.000000  inc=-0.595517  bucket 0->0  (mf=1000)
[MF-SEL] tPrev=(  d=0.088960  dMin=0.000000  dAvg=0.060136  dMax=1.763758  Dlo=0.030068  Dhi=0.911947  err=0.000000  inc=-0.595517  bucket 0->0  (mf=1000)
[MF-SEL] tPrev=(  d=0.094858  dMin=0.000000  dAvg=0.060159  dMax=1.763758  Dlo=0.030079  Dhi=0.911958  err=0.000000  inc=-0.595517  bucket 0->0  (mf=1000)
[MF-SEL] tPrev=(  d=0.094525  dMin=0.000000  dAvg=0.060182  dMax=1.763758  Dlo=0.030091  Dhi=0.911970  err=0.000000  inc=-0.595517  bucket 0->0  (mf=1000)
[MF-SEL] tPrev=(  d=0.094537  dMin=0.000000  dAvg=0.060205  dMax=1.763758  Dlo=0.030102  Dhi=0.911981  err=0.000000  inc=-0.595517  bucket 0->0  (mf=1000)
Dropping frame 1403638214.545097
[MF-SEL] tPrev=(  d=0.185120  dMin=0.000000  dAvg=0.060287  dMax=1.763758  Dlo=0.030144  Dhi=0.912023  err=0.000000  inc=-0.595517  bucket 0->0  (mf=1000)
[MF-SEL] tPrev=(  d=0.097224  dMin=0.000000  dAvg=0.060312  dMax=1.763758  Dlo=0.030156  Dhi=0.912035  err=0.000000  inc=-0.595517  bucket 0->0  (mf=1000)
[MF-SEL] tPrev=(  d=0.091004  dMin=0.000000  dAvg=0.060332  dMax=1.763758  Dlo=0.030166  Dhi=0.912045  err=0.000000  inc=-0.595517  bucket 0->0  (mf=1000)
[MF-SEL] tPrev=(  d=0.090304  dMin=0.000000  dAvg=0.060352  dMax=1.763758  Dlo=0.030176  Dhi=0.912055  err=0.000000  inc=-0.595517  bucket 0->0  (mf=1000)
[MF-SEL] tPrev=(  d=0.089621  dMin=0.000000  dAvg=0.060372  dMax=1.763758  Dlo=0.030186  Dhi=0.912065  err=0.000000  inc=-0.595517  bucket 0->0  (mf=1000)
[MF-SEL] tPrev=(  d=0.089205  dMin=0.000000  dAvg=0.060391  dMax=1.763758  Dlo=0.030195  Dhi=0.912074  err=0.000000  inc=-0.595517  bucket 0->0  (mf=1000)
[MF-SEL] tPrev=(  d=0.089346  dMin=0.000000  dAvg=0.060410  dMax=1.763758  Dlo=0.030205  Dhi=0.912084  err=0.000000  inc=-0.595517  bucket 0->0  (mf=1000)
[MF-SEL] tPrev=(  d=0.089058  dMin=0.000000  dAvg=0.060429  dMax=1.763758  Dlo=0.030214  Dhi=0.912093  err=0.000000  inc=-0.595517  bucket 0->0  (mf=1000)
[MF-SEL] tPrev=(  d=0.087320  dMin=0.000000  dAvg=0.060447  dMax=1.763758  Dlo=0.030223  Dhi=0.912102  err=0.000000  inc=-0.595517  bucket 0->0  (mf=1000)
[MF-SEL] tPrev=(  d=0.086623  dMin=0.000000  dAvg=0.060464  dMax=1.763758  Dlo=0.030232  Dhi=0.912111  err=0.000000  inc=-0.595517  bucket 0->0  (mf=1000)
[MF-SEL] tPrev=(  d=0.086160  dMin=0.000000  dAvg=0.060481  dMax=1.763758  Dlo=0.030240  Dhi=0.912119  err=0.000000  inc=-0.595517  bucket 0->0  (mf=1000)
[MF-SEL] tPrev=(  d=0.085446  dMin=0.000000  dAvg=0.060497  dMax=1.763758  Dlo=0.030249  Dhi=0.912128  err=0.000000  inc=-0.595517  bucket 0->0  (mf=1000)
[MF-SEL] tPrev=(  d=0.096464  dMin=0.000000  dAvg=0.060521  dMax=1.763758  Dlo=0.030260  Dhi=0.912139  err=0.000000  inc=-0.595517  bucket 0->0  (mf=1000)
Dropping frame 1403638215.245097
[MF-SEL] tPrev=(  d=0.169457  dMin=0.000000  dAvg=0.060593  dMax=1.763758  Dlo=0.030296  Dhi=0.912175  err=0.000000  inc=-0.595517  bucket 0->0  (mf=1000)
[MF-SEL] tPrev=(  d=0.083418  dMin=0.000000  dAvg=0.060608  dMax=1.763758  Dlo=0.030304  Dhi=0.912183  err=0.000000  inc=-0.595517  bucket 0->0  (mf=1000)
[MF-SEL] tPrev=(  d=0.082372  dMin=0.000000  dAvg=0.060622  dMax=1.763758  Dlo=0.030311  Dhi=0.912190  err=0.000000  inc=-0.595517  bucket 0->0  (mf=1000)
[MF-SEL] tPrev=(  d=0.080719  dMin=0.000000  dAvg=0.060635  dMax=1.763758  Dlo=0.030318  Dhi=0.912197  err=0.000000  inc=-0.595517  bucket 0->0  (mf=1000)
[MF-SEL] tPrev=(  d=0.078821  dMin=0.000000  dAvg=0.060647  dMax=1.763758  Dlo=0.030324  Dhi=0.912203  err=0.000000  inc=-0.595517  bucket 0->0  (mf=1000)
[MF-SEL] tPrev=(  d=0.090155  dMin=0.000000  dAvg=0.060666  dMax=1.763758  Dlo=0.030333  Dhi=0.912212  err=0.000000  inc=-0.595517  bucket 0->0  (mf=1000)
[MF-SEL] tPrev=(  d=0.074988  dMin=0.000000  dAvg=0.060676  dMax=1.763758  Dlo=0.030338  Dhi=0.912217  err=0.000000  inc=-0.595517  bucket 0->0  (mf=1000)
[MF-SEL] tPrev=(  d=0.072815  dMin=0.000000  dAvg=0.060684  dMax=1.763758  Dlo=0.030342  Dhi=0.912221  err=0.000000  inc=-0.595517  bucket 0->0  (mf=1000)
Dropping frame 1403638215.695097
[MF-SEL] tPrev=(  d=0.150657  dMin=0.000000  dAvg=0.060743  dMax=1.763758  Dlo=0.030371  Dhi=0.912250  err=0.000000  inc=-0.595517  bucket 0->0  (mf=1000)
[MF-SEL] tPrev=(  d=0.069556  dMin=0.000000  dAvg=0.060748  dMax=1.763758  Dlo=0.030374  Dhi=0.912253  err=0.000000  inc=-0.595517  bucket 0->0  (mf=1000)
[MF-SEL] tPrev=(  d=0.068517  dMin=0.000000  dAvg=0.060754  dMax=1.763758  Dlo=0.030377  Dhi=0.912256  err=0.000000  inc=-0.595517  bucket 0->0  (mf=1000)
Dropping frame 1403638215.895097
[MF-SEL] tPrev=(  d=0.142487  dMin=0.000000  dAvg=0.060807  dMax=1.763758  Dlo=0.030403  Dhi=0.912283  err=0.000000  inc=-0.595517  bucket 0->0  (mf=1000)
[MF-SEL] tPrev=(  d=0.066062  dMin=0.000000  dAvg=0.060810  dMax=1.763758  Dlo=0.030405  Dhi=0.912284  err=0.000000  inc=-0.595517  bucket 0->0  (mf=1000)
[MF-SEL] tPrev=(  d=0.065082  dMin=0.000000  dAvg=0.060813  dMax=1.763758  Dlo=0.030407  Dhi=0.912286  err=0.000000  inc=-0.595517  bucket 0->0  (mf=1000)
Dropping frame 1403638216.095097
[MF-SEL] tPrev=(  d=0.133317  dMin=0.000000  dAvg=0.060860  dMax=1.763758  Dlo=0.030430  Dhi=0.912309  err=0.000000  inc=-0.595517  bucket 0->0  (mf=1000)
[MF-SEL] tPrev=(  d=0.062865  dMin=0.000000  dAvg=0.060862  dMax=1.763758  Dlo=0.030431  Dhi=0.912310  err=0.000000  inc=-0.595517  bucket 0->0  (mf=1000)
[MF-SEL] tPrev=(  d=0.061914  dMin=0.000000  dAvg=0.060862  dMax=1.763758  Dlo=0.030431  Dhi=0.912310  err=0.000000  inc=-0.595517  bucket 0->0  (mf=1000)
[MF-SEL] tPrev=(  d=0.061021  dMin=0.000000  dAvg=0.060863  dMax=1.763758  Dlo=0.030431  Dhi=0.912310  err=0.000000  inc=-0.595517  bucket 0->0  (mf=1000)
[MF-SEL] tPrev=(  d=0.092744  dMin=0.000000  dAvg=0.060883  dMax=1.763758  Dlo=0.030442  Dhi=0.912321  err=0.000000  inc=-0.595517  bucket 0->0  (mf=1000)
[MF-SEL] tPrev=(  d=0.060212  dMin=0.000000  dAvg=0.060883  dMax=1.763758  Dlo=0.030441  Dhi=0.912320  err=0.000000  inc=-0.595517  bucket 0->0  (mf=1000)
Dropping frame 1403638216.445097
[MF-SEL] tPrev=(  d=0.116151  dMin=0.000000  dAvg=0.060919  dMax=1.763758  Dlo=0.030459  Dhi=0.912338  err=0.000000  inc=-0.595517  bucket 0->0  (mf=1000)
[MF-SEL] tPrev=(  d=0.063630  dMin=0.000000  dAvg=0.060921  dMax=1.763758  Dlo=0.030460  Dhi=0.912339  err=0.000000  inc=-0.595517  bucket 0->0  (mf=1000)
Dropping frame 1403638216.595097
[MF-SEL] tPrev=(  d=0.108899  dMin=0.000000  dAvg=0.060952  dMax=1.763758  Dlo=0.030476  Dhi=0.912355  err=0.000000  inc=-0.595517  bucket 0->0  (mf=1000)
[MF-SEL] tPrev=(  d=0.053390  dMin=0.000000  dAvg=0.060947  dMax=1.763758  Dlo=0.030473  Dhi=0.912352  err=0.000000  inc=-0.595517  bucket 0->0  (mf=1000)
[MF-SEL] tPrev=(  d=0.052443  dMin=0.000000  dAvg=0.060941  dMax=1.763758  Dlo=0.030471  Dhi=0.912350  err=0.000000  inc=-0.595517  bucket 0->0  (mf=1000)
[MF-SEL] tPrev=(  d=0.052043  dMin=0.000000  dAvg=0.060936  dMax=1.763758  Dlo=0.030468  Dhi=0.912347  err=0.000000  inc=-0.595517  bucket 0->0  (mf=1000)
Dropping frame 1403638216.845097
[MF-SEL] tPrev=(  d=0.114963  dMin=0.000000  dAvg=0.060970  dMax=1.763758  Dlo=0.030485  Dhi=0.912364  err=0.000000  inc=-0.595517  bucket 0->0  (mf=1000)
[MF-SEL] tPrev=(  d=0.047495  dMin=0.000000  dAvg=0.060962  dMax=1.763758  Dlo=0.030481  Dhi=0.912360  err=0.000000  inc=-0.595517  bucket 0->0  (mf=1000)
[MF-SEL] tPrev=(  d=0.046784  dMin=0.000000  dAvg=0.060953  dMax=1.763758  Dlo=0.030476  Dhi=0.912355  err=0.000000  inc=-0.595517  bucket 0->0  (mf=1000)
[MF-SEL] tPrev=(  d=0.046332  dMin=0.000000  dAvg=0.060943  dMax=1.763758  Dlo=0.030472  Dhi=0.912351  err=0.000000  inc=-0.595517  bucket 0->0  (mf=1000)
[MF-SEL] tPrev=(  d=0.055841  dMin=0.000000  dAvg=0.060940  dMax=1.763758  Dlo=0.030470  Dhi=0.912349  err=0.000000  inc=-0.595517  bucket 0->0  (mf=1000)
[MF-SEL] tPrev=(  d=0.045244  dMin=0.000000  dAvg=0.060930  dMax=1.763758  Dlo=0.030465  Dhi=0.912344  err=0.000000  inc=-0.595517  bucket 0->0  (mf=1000)
[MF-SEL] tPrev=(  d=0.044637  dMin=0.000000  dAvg=0.060919  dMax=1.763758  Dlo=0.030460  Dhi=0.912339  err=0.000000  inc=-0.595517  bucket 0->0  (mf=1000)
Dropping frame 1403638217.245097
[MF-SEL] tPrev=(  d=0.097182  dMin=0.000000  dAvg=0.060943  dMax=1.763758  Dlo=0.030471  Dhi=0.912350  err=0.000000  inc=-0.595517  bucket 0->0  (mf=1000)
[MF-SEL] tPrev=(  d=0.040990  dMin=0.000000  dAvg=0.060930  dMax=1.763758  Dlo=0.030465  Dhi=0.912344  err=0.000000  inc=-0.595517  bucket 0->0  (mf=1000)
[MF-SEL] tPrev=(  d=0.039731  dMin=0.000000  dAvg=0.060916  dMax=1.763758  Dlo=0.030458  Dhi=0.912337  err=0.000000  inc=-0.595517  bucket 0->0  (mf=1000)
Dropping frame 1403638217.445097
[MF-SEL] tPrev=(  d=0.079266  dMin=0.000000  dAvg=0.060928  dMax=1.763758  Dlo=0.030464  Dhi=0.912343  err=0.000000  inc=-0.595517  bucket 0->0  (mf=1000)
[MF-SEL] tPrev=(  d=0.049945  dMin=0.000000  dAvg=0.060921  dMax=1.763758  Dlo=0.030460  Dhi=0.912339  err=0.000000  inc=-0.595517  bucket 0->0  (mf=1000)
Dropping frame 1403638217.595097
[MF-SEL] tPrev=(  d=0.078168  dMin=0.000000  dAvg=0.060932  dMax=1.763758  Dlo=0.030466  Dhi=0.912345  err=0.000000  inc=-0.595517  bucket 0->0  (mf=1000)
[MF-SEL] tPrev=(  d=0.037856  dMin=0.000000  dAvg=0.060917  dMax=1.763758  Dlo=0.030459  Dhi=0.912338  err=0.000000  inc=-0.595517  bucket 0->0  (mf=1000)
[MF-SEL] tPrev=(  d=0.036416  dMin=0.000000  dAvg=0.060901  dMax=1.763758  Dlo=0.030451  Dhi=0.912330  err=0.000000  inc=-0.595517  bucket 0->0  (mf=1000)
[MF-SEL] tPrev=(  d=0.033332  dMin=0.000000  dAvg=0.060884  dMax=1.763758  Dlo=0.030442  Dhi=0.912321  err=0.000000  inc=-0.595517  bucket 0->0  (mf=1000)
[MF-SEL] tPrev=(  d=0.032738  dMin=0.000000  dAvg=0.060866  dMax=1.763758  Dlo=0.030433  Dhi=0.912312  err=0.000000  inc=-0.595517  bucket 0->0  (mf=1000)
[MF-SEL] tPrev=(  d=0.051734  dMin=0.000000  dAvg=0.060860  dMax=1.763758  Dlo=0.030430  Dhi=0.912309  err=0.000000  inc=-0.595517  bucket 0->0  (mf=1000)
[MF-SEL] tPrev=(  d=0.030742  dMin=0.000000  dAvg=0.060841  dMax=1.763758  Dlo=0.030420  Dhi=0.912299  err=0.000000  inc=-0.595517  bucket 0->0  (mf=1000)
[MF-SEL] tPrev=(  d=0.028785  dMin=0.000000  dAvg=0.060820  dMax=1.763758  Dlo=0.030410  Dhi=0.912289  err=-1.000000  inc=-1.510394  bucket 0->0  (mf=1000)
[MF-SEL] tPrev=(  d=0.026589  dMin=0.000000  dAvg=0.060798  dMax=1.763758  Dlo=0.030399  Dhi=0.912278  err=-1.000000  inc=-1.200483  bucket 0->0  (mf=1000)
[MF-SEL] tPrev=(  d=0.025334  dMin=0.000000  dAvg=0.060776  dMax=1.763758  Dlo=0.030388  Dhi=0.912267  err=-1.000000  inc=-1.202937  bucket 0->0  (mf=1000)
[MF-SEL] tPrev=(  d=0.020829  dMin=0.000000  dAvg=0.060750  dMax=1.763758  Dlo=0.030375  Dhi=0.912254  err=-1.000000  inc=-1.205473  bucket 0->0  (mf=1000)
[MF-SEL] tPrev=(  d=0.019297  dMin=0.000000  dAvg=0.060724  dMax=1.763758  Dlo=0.030362  Dhi=0.912241  err=-1.000000  inc=-1.207982  bucket 0->0  (mf=1000)
[MF-SEL] tPrev=(  d=0.017641  dMin=0.000000  dAvg=0.060696  dMax=1.763758  Dlo=0.030348  Dhi=0.912227  err=-1.000000  inc=-1.210690  bucket 0->0  (mf=1000)
[MF-SEL] tPrev=(  d=0.016206  dMin=0.000000  dAvg=0.060668  dMax=1.763758  Dlo=0.030334  Dhi=0.912213  err=-1.000000  inc=-1.213435  bucket 0->0  (mf=1000)
[MF-SEL] tPrev=(  d=0.014630  dMin=0.000000  dAvg=0.060639  dMax=1.763758  Dlo=0.030319  Dhi=0.912198  err=-1.000000  inc=-1.215784  bucket 0->0  (mf=1000)
[MF-SEL] tPrev=(  d=0.013791  dMin=0.000000  dAvg=0.060609  dMax=1.763758  Dlo=0.030304  Dhi=0.912183  err=-1.000000  inc=-1.218128  bucket 0->0  (mf=1000)
[MF-SEL] tPrev=(  d=0.013461  dMin=0.000000  dAvg=0.060579  dMax=1.763758  Dlo=0.030289  Dhi=0.912168  err=-1.000000  inc=-1.220773  bucket 0->0  (mf=1000)
[MF-SEL] tPrev=(  d=0.028613  dMin=0.000000  dAvg=0.060558  dMax=1.763758  Dlo=0.030279  Dhi=0.912158  err=-1.000000  inc=-1.223219  bucket 0->0  (mf=1000)
Dropping frame 1403638218.545097
[MF-SEL] tPrev=(  d=0.025086  dMin=0.000000  dAvg=0.060536  dMax=1.763758  Dlo=0.030268  Dhi=0.912147  err=-1.000000  inc=-1.228489  bucket 0->0  (mf=1000)
[MF-SEL] tPrev=(  d=0.012892  dMin=0.000000  dAvg=0.060506  dMax=1.763758  Dlo=0.030253  Dhi=0.912132  err=-1.000000  inc=-1.231369  bucket 0->0  (mf=1000)
[MF-SEL] tPrev=(  d=0.012493  dMin=0.000000  dAvg=0.060475  dMax=1.763758  Dlo=0.030238  Dhi=0.912117  err=-1.000000  inc=-1.234039  bucket 0->0  (mf=1000)
[MF-SEL] tPrev=(  d=0.012695  dMin=0.000000  dAvg=0.060445  dMax=1.763758  Dlo=0.030222  Dhi=0.912102  err=-1.000000  inc=-1.236703  bucket 0->0  (mf=1000)
[MF-SEL] tPrev=(  d=0.012291  dMin=0.000000  dAvg=0.060414  dMax=1.763758  Dlo=0.030207  Dhi=0.912086  err=-1.000000  inc=-1.239306  bucket 0->0  (mf=1000)
[MF-SEL] tPrev=(  d=0.012186  dMin=0.000000  dAvg=0.060384  dMax=1.763758  Dlo=0.030192  Dhi=0.912071  err=-1.000000  inc=-1.241697  bucket 0->0  (mf=1000)
[MF-SEL] tPrev=(  d=0.012745  dMin=0.000000  dAvg=0.060354  dMax=1.763758  Dlo=0.030177  Dhi=0.912056  err=-1.000000  inc=-1.244122  bucket 0->0  (mf=1000)
[MF-SEL] tPrev=(  d=0.013426  dMin=0.000000  dAvg=0.060324  dMax=1.763758  Dlo=0.030162  Dhi=0.912041  err=-1.000000  inc=-1.246656  bucket 0->0  (mf=1000)
[MF-SEL] tPrev=(  d=0.011654  dMin=0.000000  dAvg=0.060293  dMax=1.763758  Dlo=0.030147  Dhi=0.912026  err=-1.000000  inc=-1.249185  bucket 0->0  (mf=1000)
[MF-SEL] tPrev=(  d=0.013163  dMin=0.000000  dAvg=0.060264  dMax=1.763758  Dlo=0.030132  Dhi=0.912011  err=-1.000000  inc=-1.251789  bucket 0->0  (mf=1000)
[MF-SEL] tPrev=(  d=0.013272  dMin=0.000000  dAvg=0.060234  dMax=1.763758  Dlo=0.030117  Dhi=0.911996  err=-1.000000  inc=-1.254206  bucket 0->0  (mf=1000)
[MF-SEL] tPrev=(  d=0.013702  dMin=0.000000  dAvg=0.060205  dMax=1.763758  Dlo=0.030102  Dhi=0.911981  err=-1.000000  inc=-1.256542  bucket 0->0  (mf=1000)
Dropping frame 1403638219.195097
[MF-SEL] tPrev=(  d=0.023244  dMin=0.000000  dAvg=0.060181  dMax=1.763758  Dlo=0.030091  Dhi=0.911970  err=-1.000000  inc=-1.261310  bucket 0->0  (mf=1000)
Dropping frame 1403638219.295097
[MF-SEL] tPrev=(  d=0.030694  dMin=0.000000  dAvg=0.060163  dMax=1.763758  Dlo=0.030081  Dhi=0.911960  err=0.000000  inc=-0.511024  bucket 0->0  (mf=1000)
[MF-SEL] tPrev=(  d=0.015967  dMin=0.000000  dAvg=0.060135  dMax=1.763758  Dlo=0.030068  Dhi=0.911947  err=-1.000000  inc=-1.551337  bucket 0->0  (mf=1000)
[MF-SEL] tPrev=(  d=0.016049  dMin=0.000000  dAvg=0.060107  dMax=1.763758  Dlo=0.030054  Dhi=0.911933  err=-1.000000  inc=-1.266684  bucket 0->0  (mf=1000)
[MF-SEL] tPrev=(  d=0.020612  dMin=0.000000  dAvg=0.060082  dMax=1.763758  Dlo=0.030041  Dhi=0.911920  err=-1.000000  inc=-1.269170  bucket 0->0  (mf=1000)
[MF-SEL] tPrev=(  d=0.023770  dMin=0.000000  dAvg=0.060060  dMax=1.763758  Dlo=0.030030  Dhi=0.911909  err=-1.000000  inc=-1.271645  bucket 0->0  (mf=1000)
[MF-SEL] tPrev=(  d=0.018463  dMin=0.000000  dAvg=0.060034  dMax=1.763758  Dlo=0.030017  Dhi=0.911896  err=-1.000000  inc=-1.274083  bucket 0->0  (mf=1000)
[MF-SEL] tPrev=(  d=0.019427  dMin=0.000000  dAvg=0.060008  dMax=1.763758  Dlo=0.030004  Dhi=0.911883  err=-1.000000  inc=-1.276657  bucket 0->0  (mf=1000)
[MF-SEL] tPrev=(  d=0.020819  dMin=0.000000  dAvg=0.059983  dMax=1.763758  Dlo=0.029992  Dhi=0.911871  err=-1.000000  inc=-1.279115  bucket 0->0  (mf=1000)
[MF-SEL] tPrev=(  d=0.022592  dMin=0.000000  dAvg=0.059960  dMax=1.763758  Dlo=0.029980  Dhi=0.911859  err=-1.000000  inc=-1.281558  bucket 0->0  (mf=1000)
[MF-SEL] tPrev=(  d=0.043872  dMin=0.000000  dAvg=0.059950  dMax=1.763758  Dlo=0.029975  Dhi=0.911854  err=0.000000  inc=-0.389750  bucket 0->0  (mf=1000)
[MF-SEL] tPrev=(  d=0.024142  dMin=0.000000  dAvg=0.059928  dMax=1.763758  Dlo=0.029964  Dhi=0.911843  err=-1.000000  inc=-1.585026  bucket 0->0  (mf=1000)
Dropping frame 1403638219.895097
[MF-SEL] tPrev=(  d=0.052006  dMin=0.000000  dAvg=0.059923  dMax=1.763758  Dlo=0.029961  Dhi=0.911840  err=0.000000  inc=-0.530339  bucket 0->0  (mf=1000)
[MF-SEL] tPrev=(  d=0.039627  dMin=0.000000  dAvg=0.059910  dMax=1.763758  Dlo=0.029955  Dhi=0.911834  err=0.000000  inc=-0.684217  bucket 0->0  (mf=1000)
[MF-SEL] tPrev=(  d=0.028039  dMin=0.000000  dAvg=0.059890  dMax=1.763758  Dlo=0.029945  Dhi=0.911824  err=-1.000000  inc=-1.585179  bucket 0->0  (mf=1000)
[MF-SEL] tPrev=(  d=0.028527  dMin=0.000000  dAvg=0.059870  dMax=1.763758  Dlo=0.029935  Dhi=0.911814  err=-1.000000  inc=-1.289702  bucket 0->0  (mf=1000)
Dropping frame 1403638220.145097
[MF-SEL] tPrev=(  d=0.058600  dMin=0.000000  dAvg=0.059870  dMax=1.763758  Dlo=0.029935  Dhi=0.911814  err=0.000000  inc=-0.535627  bucket 0->0  (mf=1000)
Dropping frame 1403638220.245097
[MF-SEL] tPrev=(  d=0.065888  dMin=0.000000  dAvg=0.059873  dMax=1.763758  Dlo=0.029937  Dhi=0.911816  err=0.000000  inc=-0.689702  bucket 0->0  (mf=1000)
[MF-SEL] tPrev=(  d=0.030762  dMin=0.000000  dAvg=0.059855  dMax=1.763758  Dlo=0.029928  Dhi=0.911807  err=0.000000  inc=-0.689702  bucket 0->0  (mf=1000)
[MF-SEL] tPrev=(  d=0.031701  dMin=0.000000  dAvg=0.059838  dMax=1.763758  Dlo=0.029919  Dhi=0.911798  err=0.000000  inc=-0.689702  bucket 0->0  (mf=1000)
[MF-SEL] tPrev=(  d=0.030681  dMin=0.000000  dAvg=0.059820  dMax=1.763758  Dlo=0.029910  Dhi=0.911789  err=0.000000  inc=-0.689702  bucket 0->0  (mf=1000)
[MF-SEL] tPrev=(  d=0.030676  dMin=0.000000  dAvg=0.059801  dMax=1.763758  Dlo=0.029901  Dhi=0.911780  err=0.000000  inc=-0.689702  bucket 0->0  (mf=1000)
Dropping frame 1403638220.545097
[MF-SEL] tPrev=(  d=0.069244  dMin=0.000000  dAvg=0.059807  dMax=1.763758  Dlo=0.029904  Dhi=0.911783  err=0.000000  inc=-0.689702  bucket 0->0  (mf=1000)
Dropping frame 1403638220.645097
[MF-SEL] tPrev=(  d=0.059480  dMin=0.000000  dAvg=0.059807  dMax=1.763758  Dlo=0.029904  Dhi=0.911783  err=0.000000  inc=-0.689702  bucket 0->0  (mf=1000)
[MF-SEL] tPrev=(  d=0.029106  dMin=0.000000  dAvg=0.059788  dMax=1.763758  Dlo=0.029894  Dhi=0.911773  err=-1.000000  inc=-1.582557  bucket 0->0  (mf=1000)
[MF-SEL] tPrev=(  d=0.033761  dMin=0.000000  dAvg=0.059772  dMax=1.763758  Dlo=0.029886  Dhi=0.911765  err=0.000000  inc=-0.384618  bucket 0->0  (mf=1000)
[MF-SEL] tPrev=(  d=0.027764  dMin=0.000000  dAvg=0.059752  dMax=1.763758  Dlo=0.029876  Dhi=0.911755  err=-1.000000  inc=-1.579355  bucket 0->0  (mf=1000)
Dropping frame 1403638220.895097
[MF-SEL] tPrev=(  d=0.055955  dMin=0.000000  dAvg=0.059750  dMax=1.763758  Dlo=0.029875  Dhi=0.911754  err=0.000000  inc=-0.536651  bucket 0->0  (mf=1000)
[MF-SEL] tPrev=(  d=0.027727  dMin=0.000000  dAvg=0.059730  dMax=1.763758  Dlo=0.029865  Dhi=0.911744  err=-1.000000  inc=-1.615241  bucket 0->0  (mf=1000)
[MF-SEL] tPrev=(  d=0.034932  dMin=0.000000  dAvg=0.059715  dMax=1.763758  Dlo=0.029857  Dhi=0.911736  err=0.000000  inc=-0.411120  bucket 0->0  (mf=1000)
Dropping frame 1403638221.095097
[MF-SEL] tPrev=(  d=0.052778  dMin=0.000000  dAvg=0.059710  dMax=1.763758  Dlo=0.029855  Dhi=0.911734  err=0.000000  inc=-0.697796  bucket 0->0  (mf=1000)
Dropping frame 1403638221.195097
[MF-SEL] tPrev=(  d=0.051238  dMin=0.000000  dAvg=0.059705  dMax=1.763758  Dlo=0.029853  Dhi=0.911732  err=0.000000  inc=-0.697796  bucket 0->0  (mf=1000)
[MF-SEL] tPrev=(  d=0.024894  dMin=0.000000  dAvg=0.059684  dMax=1.763758  Dlo=0.029842  Dhi=0.911721  err=-1.000000  inc=-1.611946  bucket 0->0  (mf=1000)
[MF-SEL] tPrev=(  d=0.024415  dMin=0.000000  dAvg=0.059662  dMax=1.763758  Dlo=0.029831  Dhi=0.911710  err=-1.000000  inc=-1.302945  bucket 0->0  (mf=1000)
Dropping frame 1403638221.395097
[MF-SEL] tPrev=(  d=0.053118  dMin=0.000000  dAvg=0.059658  dMax=1.763758  Dlo=0.029829  Dhi=0.911708  err=0.000000  inc=-0.541563  bucket 0->0  (mf=1000)
[MF-SEL] tPrev=(  d=0.021570  dMin=0.000000  dAvg=0.059634  dMax=1.763758  Dlo=0.029817  Dhi=0.911696  err=-1.000000  inc=-1.595606  bucket 0->0  (mf=1000)
[MF-SEL] tPrev=(  d=0.021713  dMin=0.000000  dAvg=0.059611  dMax=1.763758  Dlo=0.029805  Dhi=0.911684  err=-1.000000  inc=-1.308571  bucket 0->0  (mf=1000)
[MF-SEL] tPrev=(  d=0.021283  dMin=0.000000  dAvg=0.059587  dMax=1.763758  Dlo=0.029794  Dhi=0.911673  err=-1.000000  inc=-1.311078  bucket 0->0  (mf=1000)
[MF-SEL] tPrev=(  d=0.053641  dMin=0.000000  dAvg=0.059584  dMax=1.763758  Dlo=0.029792  Dhi=0.911671  err=0.000000  inc=-0.408219  bucket 0->0  (mf=1000)
[MF-SEL] tPrev=(  d=0.022160  dMin=0.000000  dAvg=0.059561  dMax=1.763758  Dlo=0.029780  Dhi=0.911659  err=-1.000000  inc=-1.626838  bucket 0->0  (mf=1000)
Dropping frame 1403638221.745097
[MF-SEL] tPrev=(  d=0.041865  dMin=0.000000  dAvg=0.059550  dMax=1.763758  Dlo=0.029775  Dhi=0.911654  err=0.000000  inc=-0.557674  bucket 0->0  (mf=1000)
[MF-SEL] tPrev=(  d=0.019482  dMin=0.000000  dAvg=0.059525  dMax=1.763758  Dlo=0.029763  Dhi=0.911642  err=-1.000000  inc=-1.603562  bucket 0->0  (mf=1000)
Dropping frame 1403638221.895097
[MF-SEL] tPrev=(  d=0.041264  dMin=0.000000  dAvg=0.059514  dMax=1.763758  Dlo=0.029757  Dhi=0.911636  err=0.000000  inc=-0.561171  bucket 0->0  (mf=1000)
[MF-SEL] tPrev=(  d=0.020224  dMin=0.000000  dAvg=0.059490  dMax=1.763758  Dlo=0.029745  Dhi=0.911624  err=-1.000000  inc=-1.619252  bucket 0->0  (mf=1000)
[MF-SEL] tPrev=(  d=0.020169  dMin=0.000000  dAvg=0.059466  dMax=1.763758  Dlo=0.029733  Dhi=0.911612  err=-1.000000  inc=-1.321726  bucket 0->0  (mf=1000)
Dropping frame 1403638222.095097
[MF-SEL] tPrev=(  d=0.035188  dMin=0.000000  dAvg=0.059451  dMax=1.763758  Dlo=0.029725  Dhi=0.911604  err=0.000000  inc=-0.561661  bucket 0->0  (mf=1000)
[MF-SEL] tPrev=(  d=0.020235  dMin=0.000000  dAvg=0.059427  dMax=1.763758  Dlo=0.029713  Dhi=0.911592  err=-1.000000  inc=-1.613213  bucket 0->0  (mf=1000)
[MF-SEL] tPrev=(  d=0.019879  dMin=0.000000  dAvg=0.059403  dMax=1.763758  Dlo=0.029701  Dhi=0.911580  err=-1.000000  inc=-1.327241  bucket 0->0  (mf=1000)
[MF-SEL] tPrev=(  d=0.017485  dMin=0.000000  dAvg=0.059377  dMax=1.763758  Dlo=0.029688  Dhi=0.911568  err=-1.000000  inc=-1.329784  bucket 0->0  (mf=1000)
[MF-SEL] tPrev=(  d=0.017185  dMin=0.000000  dAvg=0.059351  dMax=1.763758  Dlo=0.029676  Dhi=0.911555  err=-1.000000  inc=-1.332141  bucket 0->0  (mf=1000)
[MF-SEL] tPrev=(  d=0.016195  dMin=0.000000  dAvg=0.059325  dMax=1.763758  Dlo=0.029662  Dhi=0.911541  err=-1.000000  inc=-1.334438  bucket 0->0  (mf=1000)
[MF-SEL] tPrev=(  d=0.025338  dMin=0.000000  dAvg=0.059304  dMax=1.763758  Dlo=0.029652  Dhi=0.911531  err=-1.000000  inc=-1.336847  bucket 0->0  (mf=1000)
Dropping frame 1403638222.495097
[MF-SEL] tPrev=(  d=0.028597  dMin=0.000000  dAvg=0.059285  dMax=1.763758  Dlo=0.029643  Dhi=0.911522  err=-1.000000  inc=-1.341829  bucket 0->0  (mf=1000)
[MF-SEL] tPrev=(  d=0.012272  dMin=0.000000  dAvg=0.059257  dMax=1.763758  Dlo=0.029628  Dhi=0.911507  err=-1.000000  inc=-1.344384  bucket 0->0  (mf=1000)
Dropping frame 1403638222.645097
[MF-SEL] tPrev=(  d=0.047542  dMin=0.000000  dAvg=0.059250  dMax=1.763758  Dlo=0.029625  Dhi=0.911504  err=0.000000  inc=-0.583090  bucket 0->0  (mf=1000)
[MF-SEL] tPrev=(  d=0.011353  dMin=0.000000  dAvg=0.059220  dMax=1.763758  Dlo=0.029610  Dhi=0.911489  err=-1.000000  inc=-1.633186  bucket 0->0  (mf=1000)
[MF-SEL] tPrev=(  d=0.011717  dMin=0.000000  dAvg=0.059191  dMax=1.763758  Dlo=0.029596  Dhi=0.911475  err=-1.000000  inc=-1.349781  bucket 0->0  (mf=1000)
[MF-SEL] tPrev=(  d=0.011927  dMin=0.000000  dAvg=0.059163  dMax=1.763758  Dlo=0.029581  Dhi=0.911460  err=-1.000000  inc=-1.352523  bucket 0->0  (mf=1000)
[MF-SEL] tPrev=(  d=0.011682  dMin=0.000000  dAvg=0.059134  dMax=1.763758  Dlo=0.029567  Dhi=0.911446  err=-1.000000  inc=-1.355020  bucket 0->0  (mf=1000)
Dropping frame 1403638222.945097
[MF-SEL] tPrev=(  d=0.019654  dMin=0.000000  dAvg=0.059110  dMax=1.763758  Dlo=0.029555  Dhi=0.911434  err=-1.000000  inc=-1.360075  bucket 0->0  (mf=1000)
[MF-SEL] tPrev=(  d=0.011709  dMin=0.000000  dAvg=0.059081  dMax=1.763758  Dlo=0.029541  Dhi=0.911420  err=-1.000000  inc=-1.362846  bucket 0->0  (mf=1000)
[MF-SEL] tPrev=(  d=0.013232  dMin=0.000000  dAvg=0.059053  dMax=1.763758  Dlo=0.029527  Dhi=0.911406  err=-1.000000  inc=-1.365481  bucket 0->0  (mf=1000)
Dropping frame 1403638223.145097
[MF-SEL] tPrev=(  d=0.031615  dMin=0.000000  dAvg=0.059037  dMax=1.763758  Dlo=0.029518  Dhi=0.911397  err=0.000000  inc=-0.604404  bucket 0->0  (mf=1000)
Dropping frame 1403638223.245097
[MF-SEL] tPrev=(  d=0.025486  dMin=0.000000  dAvg=0.059016  dMax=1.763758  Dlo=0.029508  Dhi=0.911387  err=-1.000000  inc=-1.523256  bucket 0->0  (mf=1000)
[MF-SEL] tPrev=(  d=0.011289  dMin=0.000000  dAvg=0.058987  dMax=1.763758  Dlo=0.029494  Dhi=0.911373  err=-1.000000  inc=-1.373424  bucket 0->0  (mf=1000)
[MF-SEL] tPrev=(  d=0.011309  dMin=0.000000  dAvg=0.058959  dMax=1.763758  Dlo=0.029479  Dhi=0.911358  err=-1.000000  inc=-1.376067  bucket 0->0  (mf=1000)
[MF-SEL] tPrev=(  d=0.010581  dMin=0.000000  dAvg=0.058929  dMax=1.763758  Dlo=0.029465  Dhi=0.911344  err=-1.000000  inc=-1.378489  bucket 0->0  (mf=1000)
[MF-SEL] tPrev=(  d=0.010555  dMin=0.000000  dAvg=0.058900  dMax=1.763758  Dlo=0.029450  Dhi=0.911329  err=-1.000000  inc=-1.381095  bucket 0->0  (mf=1000)
Dropping frame 1403638223.545097
[MF-SEL] tPrev=(  d=0.049640  dMin=0.000000  dAvg=0.058894  dMax=1.763758  Dlo=0.029447  Dhi=0.911326  err=0.000000  inc=-0.613966  bucket 0->0  (mf=1000)
[MF-SEL] tPrev=(  d=0.015835  dMin=0.000000  dAvg=0.058868  dMax=1.763758  Dlo=0.029434  Dhi=0.911313  err=-1.000000  inc=-1.692665  bucket 0->0  (mf=1000)
[MF-SEL] tPrev=(  d=0.016406  dMin=0.000000  dAvg=0.058843  dMax=1.763758  Dlo=0.029421  Dhi=0.911300  err=-1.000000  inc=-1.386018  bucket 0->0  (mf=1000)
Dropping frame 1403638223.745097
[MF-SEL] tPrev=(  d=0.033537  dMin=0.000000  dAvg=0.058828  dMax=1.763758  Dlo=0.029414  Dhi=0.911293  err=0.000000  inc=-0.620255  bucket 0->0  (mf=1000)
[MF-SEL] tPrev=(  d=0.016962  dMin=0.000000  dAvg=0.058802  dMax=1.763758  Dlo=0.029401  Dhi=0.911280  err=-1.000000  inc=-1.727124  bucket 0->0  (mf=1000)
Dropping frame 1403638223.895097
[MF-SEL] tPrev=(  d=0.037802  dMin=0.000000  dAvg=0.058790  dMax=1.763758  Dlo=0.029395  Dhi=0.911274  err=0.000000  inc=-0.623512  bucket 0->0  (mf=1000)
[MF-SEL] tPrev=(  d=0.019106  dMin=0.000000  dAvg=0.058766  dMax=1.763758  Dlo=0.029383  Dhi=0.911262  err=-1.000000  inc=-1.704622  bucket 0->0  (mf=1000)
[MF-SEL] tPrev=(  d=0.020949  dMin=0.000000  dAvg=0.058743  dMax=1.763758  Dlo=0.029371  Dhi=0.911251  err=-1.000000  inc=-1.393046  bucket 0->0  (mf=1000)
[MF-SEL] tPrev=(  d=0.018741  dMin=0.000000  dAvg=0.058719  dMax=1.763758  Dlo=0.029359  Dhi=0.911238  err=-1.000000  inc=-1.395294  bucket 0->0  (mf=1000)
[MF-SEL] tPrev=(  d=0.013129  dMin=0.000000  dAvg=0.058692  dMax=1.763758  Dlo=0.029346  Dhi=0.911225  err=-1.000000  inc=-1.397708  bucket 0->0  (mf=1000)
[MF-SEL] tPrev=(  d=0.011393  dMin=0.000000  dAvg=0.058663  dMax=1.763758  Dlo=0.029332  Dhi=0.911211  err=-1.000000  inc=-1.399692  bucket 0->0  (mf=1000)
Dropping frame 1403638224.245097
[MF-SEL] tPrev=(  d=0.018015  dMin=0.000000  dAvg=0.058639  dMax=1.763758  Dlo=0.029319  Dhi=0.911198  err=-1.000000  inc=-1.404615  bucket 0->0  (mf=1000)
[MF-SEL] tPrev=(  d=0.027189  dMin=0.000000  dAvg=0.058620  dMax=1.763758  Dlo=0.029310  Dhi=0.911189  err=-1.000000  inc=-1.406772  bucket 0->0  (mf=1000)
[MF-SEL] tPrev=(  d=0.009383  dMin=0.000000  dAvg=0.058590  dMax=1.763758  Dlo=0.029295  Dhi=0.911174  err=-1.000000  inc=-1.409200  bucket 0->0  (mf=1000)
[MF-SEL] tPrev=(  d=0.008064  dMin=0.000000  dAvg=0.058560  dMax=1.763758  Dlo=0.029280  Dhi=0.911159  err=-1.000000  inc=-1.411353  bucket 0->0  (mf=1000)
[MF-SEL] tPrev=(  d=0.006639  dMin=0.000000  dAvg=0.058529  dMax=1.763758  Dlo=0.029264  Dhi=0.911144  err=-1.000000  inc=-1.413734  bucket 0->0  (mf=1000)
Dropping frame 1403638224.545097
[MF-SEL] tPrev=(  d=0.010817  dMin=0.000000  dAvg=0.058500  dMax=1.763758  Dlo=0.029250  Dhi=0.911129  err=-1.000000  inc=-1.418062  bucket 0->0  (mf=1000)
[MF-SEL] tPrev=(  d=0.011254  dMin=0.000000  dAvg=0.058472  dMax=1.763758  Dlo=0.029236  Dhi=0.911115  err=-1.000000  inc=-1.420610  bucket 0->0  (mf=1000)
[MF-SEL] tPrev=(  d=0.009064  dMin=0.000000  dAvg=0.058443  dMax=1.763758  Dlo=0.029221  Dhi=0.911100  err=-1.000000  inc=-1.422951  bucket 0->0  (mf=1000)
[MF-SEL] tPrev=(  d=0.006556  dMin=0.000000  dAvg=0.058412  dMax=1.763758  Dlo=0.029206  Dhi=0.911085  err=-1.000000  inc=-1.425275  bucket 0->0  (mf=1000)
[MF-SEL] tPrev=(  d=0.009454  dMin=0.000000  dAvg=0.058382  dMax=1.763758  Dlo=0.029191  Dhi=0.911070  err=-1.000000  inc=-1.427299  bucket 0->0  (mf=1000)
[MF-SEL] tPrev=(  d=0.007960  dMin=0.000000  dAvg=0.058352  dMax=1.763758  Dlo=0.029176  Dhi=0.911055  err=-1.000000  inc=-1.429550  bucket 0->0  (mf=1000)
[MF-SEL] tPrev=(  d=0.004532  dMin=0.000000  dAvg=0.058320  dMax=1.763758  Dlo=0.029160  Dhi=0.911039  err=-1.000000  inc=-1.431907  bucket 0->0  (mf=1000)
[MF-SEL] tPrev=(  d=0.003755  dMin=0.000000  dAvg=0.058288  dMax=1.763758  Dlo=0.029144  Dhi=0.911023  err=-1.000000  inc=-1.434273  bucket 0->0  (mf=1000)
[MF-SEL] tPrev=(  d=0.003983  dMin=0.000000  dAvg=0.058255  dMax=1.763758  Dlo=0.029128  Dhi=0.911007  err=-1.000000  inc=-1.436438  bucket 0->0  (mf=1000)
[MF-SEL] tPrev=(  d=0.023321  dMin=0.000000  dAvg=0.058235  dMax=1.763758  Dlo=0.029117  Dhi=0.910996  err=-1.000000  inc=-1.438584  bucket 0->0  (mf=1000)
[MF-SEL] tPrev=(  d=0.002651  dMin=0.000000  dAvg=0.058202  dMax=1.763758  Dlo=0.029101  Dhi=0.910980  err=-1.000000  inc=-1.441039  bucket 0->0  (mf=1000)
[MF-SEL] tPrev=(  d=0.001902  dMin=0.000000  dAvg=0.058168  dMax=1.763758  Dlo=0.029084  Dhi=0.910963  err=-1.000000  inc=-1.443327  bucket 0->0  (mf=1000)
[MF-SEL] tPrev=(  d=0.001125  dMin=0.000000  dAvg=0.058134  dMax=1.763758  Dlo=0.029067  Dhi=0.910946  err=-1.000000  inc=-1.445491  bucket 0->0  (mf=1000)
[MF-SEL] tPrev=(  d=0.001370  dMin=0.000000  dAvg=0.058100  dMax=1.763758  Dlo=0.029050  Dhi=0.910929  err=-1.000000  inc=-1.447761  bucket 0->0  (mf=1000)
[MF-SEL] tPrev=(  d=0.001928  dMin=0.000000  dAvg=0.058067  dMax=1.763758  Dlo=0.029034  Dhi=0.910913  err=-1.000000  inc=-1.449960  bucket 0->0  (mf=1000)
Dropping frame 1403638225.345097
[MF-SEL] tPrev=(  d=0.036150  dMin=0.000000  dAvg=0.058054  dMax=1.763758  Dlo=0.029027  Dhi=0.910906  err=0.000000  inc=-0.683467  bucket 0->0  (mf=1000)
Dropping frame 1403638225.445097
[MF-SEL] tPrev=(  d=0.005026  dMin=0.000000  dAvg=0.058023  dMax=1.763758  Dlo=0.029011  Dhi=0.910890  err=-1.000000  inc=-1.623701  bucket 0->0  (mf=1000)
[MF-SEL] tPrev=(  d=0.003542  dMin=0.000000  dAvg=0.057990  dMax=1.763758  Dlo=0.028995  Dhi=0.910874  err=-1.000000  inc=-1.457244  bucket 0->0  (mf=1000)
[MF-SEL] tPrev=(  d=0.011348  dMin=0.000000  dAvg=0.057963  dMax=1.763758  Dlo=0.028981  Dhi=0.910860  err=-1.000000  inc=-1.459587  bucket 0->0  (mf=1000)
[MF-SEL] tPrev=(  d=0.002544  dMin=0.000000  dAvg=0.057930  dMax=1.763758  Dlo=0.028965  Dhi=0.910844  err=-1.000000  inc=-1.461892  bucket 0->0  (mf=1000)
[MF-SEL] tPrev=(  d=0.008421  dMin=0.000000  dAvg=0.057901  dMax=1.763758  Dlo=0.028950  Dhi=0.910829  err=-1.000000  inc=-1.464355  bucket 0->0  (mf=1000)
[MF-SEL] tPrev=(  d=0.010856  dMin=0.000000  dAvg=0.057873  dMax=1.763758  Dlo=0.028936  Dhi=0.910815  err=-1.000000  inc=-1.466674  bucket 0->0  (mf=1000)
[MF-SEL] tPrev=(  d=0.011801  dMin=0.000000  dAvg=0.057846  dMax=1.763758  Dlo=0.028923  Dhi=0.910802  err=-1.000000  inc=-1.468931  bucket 0->0  (mf=1000)
[MF-SEL] tPrev=(  d=0.009591  dMin=0.000000  dAvg=0.057817  dMax=1.763758  Dlo=0.028909  Dhi=0.910788  err=-1.000000  inc=-1.470977  bucket 0->0  (mf=1000)
[MF-SEL] tPrev=(  d=0.014034  dMin=0.000000  dAvg=0.057791  dMax=1.763758  Dlo=0.028896  Dhi=0.910775  err=-1.000000  inc=-1.473010  bucket 0->0  (mf=1000)
Dropping frame 1403638225.945097
[MF-SEL] tPrev=(  d=0.031391  dMin=0.000000  dAvg=0.057776  dMax=1.763758  Dlo=0.028888  Dhi=0.910767  err=0.000000  inc=-0.686134  bucket 0->0  (mf=1000)
[MF-SEL] tPrev=(  d=0.007097  dMin=0.000000  dAvg=0.057746  dMax=1.763758  Dlo=0.028873  Dhi=0.910752  err=-1.000000  inc=-1.846271  bucket 0->0  (mf=1000)
[MF-SEL] tPrev=(  d=0.017138  dMin=0.000000  dAvg=0.057722  dMax=1.763758  Dlo=0.028861  Dhi=0.910740  err=-1.000000  inc=-1.477202  bucket 0->0  (mf=1000)
[MF-SEL] tPrev=(  d=0.011680  dMin=0.000000  dAvg=0.057695  dMax=1.763758  Dlo=0.028847  Dhi=0.910726  err=-1.000000  inc=-1.479843  bucket 0->0  (mf=1000)
[MF-SEL] tPrev=(  d=0.006067  dMin=0.000000  dAvg=0.057665  dMax=1.763758  Dlo=0.028832  Dhi=0.910711  err=-1.000000  inc=-1.481967  bucket 0->0  (mf=1000)
[MF-SEL] tPrev=(  d=0.007693  dMin=0.000000  dAvg=0.057635  dMax=1.763758  Dlo=0.028818  Dhi=0.910697  err=-1.000000  inc=-1.484295  bucket 0->0  (mf=1000)
[MF-SEL] tPrev=(  d=0.020054  dMin=0.000000  dAvg=0.057613  dMax=1.763758  Dlo=0.028807  Dhi=0.910686  err=-1.000000  inc=-1.486580  bucket 0->0  (mf=1000)
[MF-SEL] tPrev=(  d=0.003884  dMin=0.000000  dAvg=0.057582  dMax=1.763758  Dlo=0.028791  Dhi=0.910670  err=-1.000000  inc=-1.489066  bucket 0->0  (mf=1000)
[MF-SEL] tPrev=(  d=0.013554  dMin=0.000000  dAvg=0.057556  dMax=1.763758  Dlo=0.028778  Dhi=0.910657  err=-1.000000  inc=-1.491299  bucket 0->0  (mf=1000)
Dropping frame 1403638226.445097
[MF-SEL] tPrev=(  d=0.032225  dMin=0.000000  dAvg=0.057541  dMax=1.763758  Dlo=0.028770  Dhi=0.910649  err=0.000000  inc=-0.726996  bucket 0->0  (mf=1000)
[MF-SEL] tPrev=(  d=0.021917  dMin=0.000000  dAvg=0.057520  dMax=1.763758  Dlo=0.028760  Dhi=0.910639  err=-1.000000  inc=-1.809725  bucket 0->0  (mf=1000)
[MF-SEL] tPrev=(  d=0.019377  dMin=0.000000  dAvg=0.057498  dMax=1.763758  Dlo=0.028749  Dhi=0.910628  err=-1.000000  inc=-1.496185  bucket 0->0  (mf=1000)
[MF-SEL] tPrev=(  d=0.022544  dMin=0.000000  dAvg=0.057477  dMax=1.763758  Dlo=0.028739  Dhi=0.910618  err=-1.000000  inc=-1.498455  bucket 0->0  (mf=1000)
[MF-SEL] tPrev=(  d=0.019197  dMin=0.000000  dAvg=0.057455  dMax=1.763758  Dlo=0.028727  Dhi=0.910606  err=-1.000000  inc=-1.500820  bucket 0->0  (mf=1000)
Dropping frame 1403638226.745097
[MF-SEL] tPrev=(  d=0.048114  dMin=0.000000  dAvg=0.057449  dMax=1.763758  Dlo=0.028725  Dhi=0.910604  err=0.000000  inc=-0.703752  bucket 0->0  (mf=1000)
[MF-SEL] tPrev=(  d=0.025617  dMin=0.000000  dAvg=0.057431  dMax=1.763758  Dlo=0.028715  Dhi=0.910594  err=-1.000000  inc=-1.799993  bucket 0->0  (mf=1000)
[MF-SEL] tPrev=(  d=0.025759  dMin=0.000000  dAvg=0.057412  dMax=1.763758  Dlo=0.028706  Dhi=0.910585  err=-1.000000  inc=-1.505659  bucket 0->0  (mf=1000)
[MF-SEL] tPrev=(  d=0.025919  dMin=0.000000  dAvg=0.057394  dMax=1.763758  Dlo=0.028697  Dhi=0.910576  err=-1.000000  inc=-1.507730  bucket 0->0  (mf=1000)
[MF-SEL] tPrev=(  d=0.022791  dMin=0.000000  dAvg=0.057374  dMax=1.763758  Dlo=0.028687  Dhi=0.910566  err=-1.000000  inc=-1.509928  bucket 0->0  (mf=1000)
Dropping frame 1403638227.045097
[MF-SEL] tPrev=(  d=0.052998  dMin=0.000000  dAvg=0.057371  dMax=1.763758  Dlo=0.028686  Dhi=0.910565  err=0.000000  inc=-0.757510  bucket 0->0  (mf=1000)
[MF-SEL] tPrev=(  d=0.027353  dMin=0.000000  dAvg=0.057354  dMax=1.763758  Dlo=0.028677  Dhi=0.910556  err=-1.000000  inc=-1.836601  bucket 0->0  (mf=1000)
[MF-SEL] tPrev=(  d=0.027156  dMin=0.000000  dAvg=0.057336  dMax=1.763758  Dlo=0.028668  Dhi=0.910547  err=-1.000000  inc=-1.514682  bucket 0->0  (mf=1000)
[MF-SEL] tPrev=(  d=0.027402  dMin=0.000000  dAvg=0.057319  dMax=1.763758  Dlo=0.028659  Dhi=0.910538  err=-1.000000  inc=-1.517298  bucket 0->0  (mf=1000)
[MF-SEL] tPrev=(  d=0.026137  dMin=0.000000  dAvg=0.057300  dMax=1.763758  Dlo=0.028650  Dhi=0.910529  err=-1.000000  inc=-1.519656  bucket 0->0  (mf=1000)
[MF-SEL] tPrev=(  d=0.026774  dMin=0.000000  dAvg=0.057283  dMax=1.763758  Dlo=0.028641  Dhi=0.910520  err=-1.000000  inc=-1.521910  bucket 0->0  (mf=1000)
[MF-SEL] tPrev=(  d=0.021725  dMin=0.000000  dAvg=0.057262  dMax=1.763758  Dlo=0.028631  Dhi=0.910510  err=-1.000000  inc=-1.523892  bucket 0->0  (mf=1000)
[MF-SEL] tPrev=(  d=0.027449  dMin=0.000000  dAvg=0.057245  dMax=1.763758  Dlo=0.028622  Dhi=0.910501  err=-1.000000  inc=-1.526641  bucket 0->0  (mf=1000)
Dropping frame 1403638227.495097
[MF-SEL] tPrev=(  d=0.055878  dMin=0.000000  dAvg=0.057244  dMax=1.763758  Dlo=0.028622  Dhi=0.910501  err=0.000000  inc=-0.767820  bucket 0->0  (mf=1000)
[MF-SEL] tPrev=(  d=0.028300  dMin=0.000000  dAvg=0.057227  dMax=1.763758  Dlo=0.028614  Dhi=0.910493  err=-1.000000  inc=-1.841753  bucket 0->0  (mf=1000)
[MF-SEL] tPrev=(  d=0.028555  dMin=0.000000  dAvg=0.057211  dMax=1.763758  Dlo=0.028605  Dhi=0.910484  err=-1.000000  inc=-1.531698  bucket 0->0  (mf=1000)
Dropping frame 1403638227.695097
[MF-SEL] tPrev=(  d=0.056779  dMin=0.000000  dAvg=0.057210  dMax=1.763758  Dlo=0.028605  Dhi=0.910484  err=0.000000  inc=-0.769669  bucket 0->0  (mf=1000)
Dropping frame 1403638227.795097
[MF-SEL] tPrev=(  d=0.051427  dMin=0.000000  dAvg=0.057207  dMax=1.763758  Dlo=0.028603  Dhi=0.910482  err=0.000000  inc=-0.931698  bucket 0->0  (mf=1000)
Dropping frame 1403638227.895097
[MF-SEL] tPrev=(  d=0.039922  dMin=0.000000  dAvg=0.057197  dMax=1.763758  Dlo=0.028598  Dhi=0.910477  err=0.000000  inc=-0.931698  bucket 0->0  (mf=1000)
[MF-SEL] tPrev=(  d=0.028337  dMin=0.000000  dAvg=0.057180  dMax=1.763758  Dlo=0.028590  Dhi=0.910469  err=-1.000000  inc=-1.824610  bucket 0->0  (mf=1000)
[MF-SEL] tPrev=(  d=0.028471  dMin=0.000000  dAvg=0.057164  dMax=1.763758  Dlo=0.028582  Dhi=0.910461  err=-1.000000  inc=-1.536982  bucket 0->0  (mf=1000)
[MF-SEL] tPrev=(  d=0.028704  dMin=0.000000  dAvg=0.057147  dMax=1.763758  Dlo=0.028574  Dhi=0.910453  err=0.000000  inc=-0.596103  bucket 0->0  (mf=1000)
[MF-SEL] tPrev=(  d=0.028887  dMin=0.000000  dAvg=0.057131  dMax=1.763758  Dlo=0.028565  Dhi=0.910444  err=0.000000  inc=-0.936982  bucket 0->0  (mf=1000)
[MF-SEL] tPrev=(  d=0.030623  dMin=0.000000  dAvg=0.057116  dMax=1.763758  Dlo=0.028558  Dhi=0.910437  err=0.000000  inc=-0.936982  bucket 0->0  (mf=1000)
[MF-SEL] tPrev=(  d=0.028584  dMin=0.000000  dAvg=0.057099  dMax=1.763758  Dlo=0.028550  Dhi=0.910429  err=0.000000  inc=-0.936982  bucket 0->0  (mf=1000)
[MF-SEL] tPrev=(  d=0.060721  dMin=0.000000  dAvg=0.057101  dMax=1.763758  Dlo=0.028551  Dhi=0.910430  err=0.000000  inc=-0.936982  bucket 0->0  (mf=1000)
[MF-SEL] tPrev=(  d=0.028428  dMin=0.000000  dAvg=0.057085  dMax=1.763758  Dlo=0.028542  Dhi=0.910421  err=-1.000000  inc=-1.861601  bucket 0->0  (mf=1000)
Dropping frame 1403638228.395097
[MF-SEL] tPrev=(  d=0.057048  dMin=0.000000  dAvg=0.057085  dMax=1.763758  Dlo=0.028542  Dhi=0.910421  err=0.000000  inc=-0.779878  bucket 0->0  (mf=1000)
[MF-SEL] tPrev=(  d=0.028754  dMin=0.000000  dAvg=0.057068  dMax=1.763758  Dlo=0.028534  Dhi=0.910413  err=0.000000  inc=-0.939465  bucket 0->0  (mf=1000)
[MF-SEL] tPrev=(  d=0.028877  dMin=0.000000  dAvg=0.057052  dMax=1.763758  Dlo=0.028526  Dhi=0.910405  err=0.000000  inc=-0.939465  bucket 0->0  (mf=1000)
[MF-SEL] tPrev=(  d=0.028981  dMin=0.000000  dAvg=0.057036  dMax=1.763758  Dlo=0.028518  Dhi=0.910397  err=0.000000  inc=-0.939465  bucket 0->0  (mf=1000)
[MF-SEL] tPrev=(  d=0.029169  dMin=0.000000  dAvg=0.057020  dMax=1.763758  Dlo=0.028510  Dhi=0.910389  err=0.000000  inc=-0.939465  bucket 0->0  (mf=1000)
[MF-SEL] tPrev=(  d=0.028659  dMin=0.000000  dAvg=0.057004  dMax=1.763758  Dlo=0.028502  Dhi=0.910381  err=0.000000  inc=-0.939465  bucket 0->0  (mf=1000)
[MF-SEL] tPrev=(  d=0.027661  dMin=0.000000  dAvg=0.056987  dMax=1.763758  Dlo=0.028493  Dhi=0.910372  err=-1.000000  inc=-1.869534  bucket 0->0  (mf=1000)
[MF-SEL] tPrev=(  d=0.019513  dMin=0.000000  dAvg=0.056965  dMax=1.763758  Dlo=0.028483  Dhi=0.910362  err=-1.000000  inc=-1.544212  bucket 0->0  (mf=1000)
[MF-SEL] tPrev=(  d=0.029819  dMin=0.000000  dAvg=0.056950  dMax=1.763758  Dlo=0.028475  Dhi=0.910354  err=0.000000  inc=-0.659354  bucket 0->0  (mf=1000)
Shutdown
SLAM Finished at System Time: 1748961441.302782297134399

 TIME STATS in ms (mean$\pm$std)
OpenCV version: 4.8.1
---------------------------
Tracking

ORB Extraction: 19.27221$\pm$2.35987
Stereo Matching: 6.80466$\pm$1.78846
IMU Preintegration: 0.19816$\pm$0.07148
Pose Prediction: 0.41165$\pm$1.08173
LM Track: 15.68828$\pm$5.14583
New KF decision: 0.28740$\pm$0.27886
Total Tracking: 34.64019$\pm$21.08013



Local Mapping

KF Insertion: 11.90351$\pm$4.48667
MP Culling: 0.38760$\pm$0.17500
MP Creation: 32.68154$\pm$12.96966
LBA: 124.82596$\pm$40.57356
KF Culling: 9.31375$\pm$7.58362
Total Local Mapping: 179.02419$\pm$60.27180
---------------------------

LBA complexity (mean$\pm$std)
LBA Edges: 1180.25000$\pm$883.07239
LBA KF optimized: 6.50000$\pm$2.29129
LBA KF fixed: 1.00000$\pm$0.00000
LBA MP: nan$\pm$nan

LBA executions: 416
LBA aborts: 0
---------------------------

Map complexity
KFs in map: 166
MPs in map: 11476
---------------------------

Place Recognition (mean$\pm$std)
Database Query: 1.70004$\pm$0.84798
SE3 estimation: 21.67373$\pm$12.80055
Total Place Recognition: 16.19276$\pm$15.45765


Loop Closing (mean$\pm$std)
Loop Fusion: nan$\pm$nan
Essential Graph: nan$\pm$nan
Total Loop Closing: nan$\pm$nan

Num exec: 0
Number of KFs: nan$\pm$nan

Map Merging (mean$\pm$std)
Merge Maps: nan$\pm$nan
Welding BA: nan$\pm$nan
Optimization Ess.: nan$\pm$nan
Total Map Merging: nan$\pm$nan

Num exec: 0
Number of KFs: nan$\pm$nan
Number of MPs: nan$\pm$nan

Full GBA (mean$\pm$std)
GBA: nan$\pm$nan
Map Update: nan$\pm$nan
Total Full GBA: nan$\pm$nan

Num exec: 0
Num abort: 0
Number of KFs: nan$\pm$nan
Number of MPs: nan$\pm$nan

Saving trajectory to f_dataset-MH04_stereo_imu.txt ...
There are 1 maps in the atlas
  Map 0 has 166 KFs

End of saving trajectory to f_dataset-MH04_stereo_imu.txt ...

Saving keyframe trajectory to kf_dataset-MH04_stereo_imu.txt ...
