1403636859051666432.000000 0.000001060 0.000000015 0.000001015 0.000000022 0.000000024 -0.000000083 1.000000000
1403636859101666560.000000 0.008606520 0.004916382 -0.004042012 -0.002154140 -0.002412721 -0.000858526 0.999994397
1403636859151666432.000000 0.016054111 0.010529563 -0.006904204 -0.003656531 -0.005466056 -0.001259405 0.999977648
1403636859201666560.000000 0.023309033 0.014971971 -0.010165158 -0.005119200 -0.008466919 -0.000819428 0.999950707
1403636859251666432.000000 0.031517558 0.019537924 -0.013362237 -0.007425778 -0.010677409 -0.000379037 0.999915421
1403636859301666560.000000 0.040925868 0.022873292 -0.015551908 -0.010899617 -0.010535964 -0.000208461 0.999885082
1403636859351666432.000000 0.053055841 0.025500901 -0.019953862 -0.014761819 -0.008859267 -0.002789562 0.999847949
1403636859401666560.000000 0.067536592 0.027698457 -0.024634570 -0.017668838 -0.007156774 -0.003586799 0.999811888
1403636859451666432.000000 0.084244207 0.029469026 -0.029708387 -0.019728161 -0.007708309 -0.003412864 0.999769866
1403636859501666560.000000 0.103350900 0.030691966 -0.034805395 -0.022075644 -0.010923261 -0.003993686 0.999688625
1403636859551666432.000000 0.123620272 0.032645263 -0.039401963 -0.024694575 -0.014307437 -0.004821756 0.999581039
1403636859601666560.000000 0.146271825 0.033362739 -0.045023080 -0.029488025 -0.015119390 -0.007095715 0.999425590
1403636859651666432.000000 0.168499231 0.033999916 -0.049557898 -0.034629811 -0.013119710 -0.009437907 0.999269545
1403636859701666560.000000 0.191929623 0.033973336 -0.054832257 -0.037729725 -0.008231343 -0.010374695 0.999200284
1403636859751666432.000000 0.214703783 0.033212435 -0.058819652 -0.041505378 -0.002382630 -0.012570705 0.999056399
1403636859801666560.000000 0.236937091 0.033488605 -0.063662879 -0.045094330 0.002844950 -0.015845114 0.998853028
1403636859851666432.000000 0.258373708 0.032677893 -0.070297770 -0.048814408 0.006600968 -0.019264579 0.998600245
1403636859901666560.000000 0.277746975 0.031800646 -0.075387940 -0.050696846 0.009034458 -0.021166857 0.998448968
1403636859951666432.000000 0.295468092 0.030653412 -0.080305785 -0.052096374 0.010604291 -0.021381671 0.998356819
1403636860001666560.000000 0.308524847 0.029478054 -0.086159915 -0.053950571 0.010988233 -0.021723097 0.998246789
1403636860051666432.000000 0.317160130 0.031928878 -0.088442869 -0.055764291 0.010001508 -0.021582801 0.998160601
1403636860101666560.000000 0.318810254 0.032675173 -0.090080827 -0.057559006 0.007725830 -0.019503461 0.998121738
1403636860151666432.000000 0.311800748 0.035578605 -0.087368935 -0.058237895 0.004837974 -0.018023718 0.998128295
1403636860201666560.000000 0.298077136 0.038853224 -0.085402712 -0.058013279 0.000407733 -0.016191278 0.998184502
1403636860251666432.000000 0.277454346 0.040350426 -0.079951160 -0.056487720 -0.005276742 -0.012965875 0.998305202
1403636860301666560.000000 0.250000775 0.046106227 -0.070202202 -0.054957453 -0.012642398 -0.009726498 0.998361349
1403636860351666432.000000 0.223614350 0.049044065 -0.063836962 -0.055074781 -0.022778012 -0.007111168 0.998197079
1403636860401666560.000000 0.195279956 0.051316891 -0.056338437 -0.055753164 -0.034119714 -0.003392446 0.997855723
1403636860451666432.000000 0.164778247 0.054281875 -0.049633741 -0.056161873 -0.045337081 -0.000295191 0.997391760
1403636860501666560.000000 0.137409195 0.056180254 -0.044249948 -0.055646814 -0.056696929 0.003517124 0.996833324
1403636860551666432.000000 0.115246497 0.057214867 -0.042709373 -0.053537119 -0.066664793 0.006670654 0.996315837
1403636860601666560.000000 0.095455781 0.058320999 -0.038907833 -0.052958980 -0.075743265 0.008590693 0.995682955
1403636860651666432.000000 0.078853443 0.059051029 -0.036021821 -0.050487112 -0.080993123 0.009502592 0.995389819
1403636860701666560.000000 0.066783503 0.060075946 -0.034722690 -0.047999658 -0.083561637 0.009329478 0.995302260
1403636860751666432.000000 0.059323192 0.061294064 -0.033655558 -0.047266480 -0.084095091 0.006410596 0.995315433
1403636860801666560.000000 0.057160888 0.060991466 -0.036301047 -0.046919402 -0.082935013 0.002221402 0.995447338
1403636860851666432.000000 0.063207589 0.060363561 -0.039815322 -0.046503548 -0.083258890 -0.001508735 0.995441198
1403636860901666560.000000 0.075270176 0.059846256 -0.043877076 -0.045278065 -0.083116062 -0.004711488 0.995499611
1403636860951666432.000000 0.093572259 0.059001848 -0.050079688 -0.043793570 -0.082511947 -0.006727132 0.995604694
1403636861001666560.000000 0.117203228 0.059107710 -0.055835113 -0.042906351 -0.079040997 -0.009236582 0.995904803
1403636861051666432.000000 0.144382566 0.058124229 -0.063808501 -0.042121943 -0.073520377 -0.009434025 0.996359169
1403636861101666560.000000 0.173867658 0.057113875 -0.070412442 -0.042436179 -0.065739833 -0.010787380 0.996875703
1403636861151666432.000000 0.205241382 0.056194004 -0.078052528 -0.043079842 -0.055675812 -0.011902022 0.997448087
1403636861201666560.000000 0.237260029 0.055312965 -0.085637346 -0.043193705 -0.044167206 -0.014049034 0.997991145
1403636861251666432.000000 0.265036583 0.055687722 -0.090702757 -0.042614643 -0.030981377 -0.013496183 0.998519897
1403636861301666560.000000 0.294943184 0.055169147 -0.099768907 -0.042052470 -0.018758558 -0.013222205 0.998851776
1403636861351666432.000000 0.322120696 0.054868493 -0.108101480 -0.042620048 -0.008284995 -0.013244657 0.998969197
1403636861401666560.000000 0.344560534 0.055192444 -0.113293573 0.043163475 -0.001122568 0.011393744 -0.999002457
1403636861451666432.000000 0.361847609 0.057277855 -0.119963713 -0.044248793 0.008606570 -0.011328893 0.998919249
1403636861501666560.000000 0.370441735 0.058285236 -0.121368453 -0.045231190 0.013444787 -0.010597024 0.998829901
1403636861551666432.000000 0.369800657 0.059793577 -0.120319709 0.047157347 -0.014713665 0.010936209 -0.998719215
1403636861601666560.000000 0.361408353 0.061496001 -0.116629519 0.047333516 -0.012280434 0.010668820 -0.998746693
1403636861651666432.000000 0.345769763 0.063112952 -0.110878505 0.046486124 -0.007343188 0.009672358 -0.998845160
1403636861701666560.000000 0.324592501 0.064628467 -0.103588052 0.045648742 -0.001446105 0.009390116 -0.998912394
1403636861751666432.000000 0.300082952 0.066148698 -0.095801957 0.044855956 0.004647296 0.009773805 -0.998934925
1403636861801666560.000000 0.273914009 0.067188427 -0.088152550 0.044670030 0.010623850 0.010748088 -0.998887479
1403636861851666432.000000 0.244895086 0.066866443 -0.077504054 0.042857971 0.016717833 0.010045887 -0.998890817
1403636861901666560.000000 0.218529910 0.066714041 -0.073341869 -0.040910445 -0.024551496 -0.008905475 0.998821437
1403636861951666432.000000 0.189939111 0.065966964 -0.065999903 -0.039452355 -0.034544326 -0.006807573 0.998601019
1403636862001666560.000000 0.161415845 0.065024443 -0.058467563 -0.037868481 -0.045151301 -0.004158958 0.998253524
1403636862051666432.000000 0.134678558 0.063586168 -0.052104324 -0.036709867 -0.054526392 -0.000990895 0.997836769
1403636862101666560.000000 0.109908566 0.062093783 -0.046062034 -0.036197528 -0.061640747 0.001328802 0.997440934
1403636862151666432.000000 0.089289039 0.060965944 -0.041061375 -0.034371872 -0.066642493 0.004061451 0.997176468
1403636862201666560.000000 0.072818488 0.060336627 -0.037165724 -0.033007652 -0.070546135 0.003197448 0.996957183
1403636862251666432.000000 0.063408189 0.060432374 -0.035666142 -0.033566602 -0.074382767 -0.000470086 0.996664643
1403636862301666560.000000 0.060407545 0.060768310 -0.034399834 -0.033837821 -0.078215390 -0.003290777 0.996356606
1403636862351666432.000000 0.066036671 0.060763352 -0.036494374 -0.033622958 -0.082377970 -0.005813003 0.996016860
1403636862401666560.000000 0.079951465 0.060653239 -0.040871978 0.032826111 0.084592998 0.006176958 -0.995855629
1403636862451666432.000000 0.100726880 0.059805069 -0.048390519 0.032256898 0.083983965 0.006671580 -0.995922506
1403636862501666560.000000 0.125997603 0.059464324 -0.055348985 0.033341669 0.080758199 0.007948941 -0.996144295
1403636862551666432.000000 0.154719964 0.059467468 -0.062392406 0.037216179 0.075679891 0.009798900 -0.996389210
1403636862601666560.000000 0.186162278 0.060116384 -0.069447957 0.043251138 0.069241360 0.014069196 -0.996562660
1403636862651666432.000000 0.218748569 0.059964221 -0.077060081 0.047944821 0.061766822 0.016256832 -0.996805847
1403636862701666560.000000 0.252450436 0.059179612 -0.085207999 0.051307276 0.054462038 0.018215301 -0.997030437
1403636862751666432.000000 0.284396589 0.056858405 -0.090801336 0.052211843 0.048347984 0.014196934 -0.997363985
1403636862801666560.000000 0.320371687 0.054974426 -0.104129210 -0.054216377 -0.044830121 -0.012201558 0.997447789
1403636862851666432.000000 0.352383763 0.053482641 -0.112773530 -0.055854887 -0.041544642 -0.007206008 0.997548223
1403636862901666560.000000 0.382097006 0.052008532 -0.121626973 0.056857944 0.037944797 0.003980603 -0.997653008
1403636862951666432.000000 0.406784892 0.050530531 -0.130253240 -0.056467880 -0.033042252 0.000223873 0.997857511
1403636863001666560.000000 0.423531324 0.049586747 -0.136381328 -0.055173524 -0.027453884 0.000800118 0.998099029
1403636863051666432.000000 0.431955814 0.049878992 -0.139681086 0.055470619 0.021909339 0.002407167 -0.998217046
1403636863101666560.000000 0.431873798 0.051048428 -0.139945015 0.057432532 0.017426539 0.007247410 -0.998171031
1403636863151666432.000000 0.423711866 0.052361555 -0.137423694 0.059131633 0.014389133 0.012461056 -0.998068750
1403636863201666560.000000 0.407609046 0.053508013 -0.132383421 0.060756110 0.014017751 0.016736785 -0.997913897
1403636863251666432.000000 0.385112017 0.054389007 -0.125144750 0.061365481 0.015228927 0.019146176 -0.997815549
1403636863301666560.000000 0.358118623 0.055689394 -0.116602950 0.063395001 0.017022680 0.022719458 -0.997584641
1403636863351666432.000000 0.327994704 0.056961816 -0.107555389 0.064923994 0.018797951 0.023865929 -0.997427702
1403636863401666560.000000 0.297292173 0.058728341 -0.097837076 0.068411835 0.021047432 0.025429828 -0.997110903
1403636863451666432.000000 0.265637815 0.060642831 -0.087948188 -0.070241302 -0.023745863 -0.024634134 0.996943057
1403636863501666560.000000 0.232059106 0.062050551 -0.078664578 -0.070910364 -0.028822940 -0.020754158 0.996850193
1403636863551666432.000000 0.198069096 0.062325232 -0.069986969 0.066654950 0.034880009 0.015343236 -0.997048259
1403636863601666560.000000 0.165398791 0.063864954 -0.061696909 -0.062946402 -0.042236768 -0.010193720 0.997070670
1403636863651666432.000000 0.134659290 0.064530082 -0.055226434 -0.059480984 -0.049980689 -0.005463699 0.996962488
1403636863701666560.000000 0.108090490 0.065592900 -0.048973389 -0.056447644 -0.057262857 -0.000903327 0.996761739
1403636863751666432.000000 0.086190917 0.066501170 -0.044148263 -0.055594787 -0.064238347 0.003485919 0.996378779
1403636863801666560.000000 0.070704311 0.067334563 -0.040813111 -0.054920875 -0.071601346 0.005371013 0.995905697
1403636863851666432.000000 0.063596047 0.068058975 -0.040505808 -0.054751590 -0.077889420 0.005709001 0.995441079
1403636863901666560.000000 0.063750327 0.069904096 -0.039126765 -0.053615455 -0.082514405 0.005639925 0.995130658
1403636863951666432.000000 0.074615635 0.069990389 -0.043559212 -0.051378660 -0.084999211 0.005832108 0.995038450
1403636864001666560.000000 0.094265692 0.069653131 -0.050184797 0.049817190 0.084779948 -0.004905988 -0.995141506
1403636864051666432.000000 0.121673428 0.067205139 -0.061804362 0.047953188 0.081908770 -0.003708510 -0.995478690
1403636864101666560.000000 0.151070550 0.068223529 -0.069673836 0.048105877 0.077989727 0.001016036 -0.995792329
1403636864151666432.000000 0.187204227 0.065607533 -0.080807850 0.050810948 0.074205339 0.004998551 -0.995935202
1403636864201666560.000000 0.222942427 0.064293221 -0.090407051 0.053873289 0.070010990 0.008012844 -0.996058226
1403636864251666432.000000 0.255305558 0.061873969 -0.098599523 -0.055693489 -0.066712208 -0.009401043 0.996172428
1403636864301666560.000000 0.288208514 0.059083872 -0.107112721 -0.055100337 -0.064273477 -0.009243844 0.996367157
1403636864351666432.000000 0.318707705 0.056219216 -0.115140818 -0.054680444 -0.061499264 -0.008338687 0.996573329
1403636864401666560.000000 0.350166410 0.053858597 -0.124181718 0.055137690 0.056535289 0.006646993 -0.996854782
1403636864451666432.000000 0.377457857 0.051620938 -0.131158352 0.056876544 0.048554391 0.004519853 -0.997189641
1403636864501666560.000000 0.400480360 0.049500111 -0.136671975 0.058398291 0.037636213 0.001256449 -0.997582912
1403636864551666432.000000 0.417904884 0.047271796 -0.140871361 0.057341948 0.026107144 -0.003452835 -0.998007238
1403636864601666560.000000 0.428677708 0.045882996 -0.142753154 0.058302987 0.016454490 -0.004088987 -0.998154998
1403636864651666432.000000 0.431347072 0.045455080 -0.142723992 0.059365798 0.009708732 -0.002346715 -0.998186409
1403636864701666560.000000 0.423267961 0.046777554 -0.138991296 0.061094366 0.007264697 0.002834236 -0.998101592
1403636864751666432.000000 0.410918593 0.047741465 -0.135225236 -0.062694006 -0.008871492 -0.007320835 0.997966588
1403636864801666560.000000 0.390885592 0.048787918 -0.128938913 -0.062733985 -0.012744974 -0.009720442 0.997901559
1403636864851666432.000000 0.365994275 0.049818177 -0.121013425 -0.062791139 -0.017427012 -0.010581676 0.997818410
1403636864901666560.000000 0.337488145 0.050460793 -0.112880923 0.063839726 0.022097494 0.010346379 -0.997661889
1403636864951666432.000000 0.308747798 0.052237492 -0.103702545 0.066302702 0.027483229 0.011576786 -0.997353852
1403636865001666560.000000 0.279427677 0.052951947 -0.096798308 0.069781370 0.033074472 0.012662869 -0.996933460
1403636865051666432.000000 0.250725180 0.054948650 -0.086489581 0.070247985 0.039545912 0.012887916 -0.996662080
1403636865101666560.000000 0.222471610 0.057231192 -0.076751903 0.070653535 0.045908414 0.011272146 -0.996380210
1403636865151666432.000000 0.193076417 0.059288602 -0.064389125 0.067964159 0.050846368 0.003118970 -0.996386409
1403636865201666560.000000 0.168378875 0.060841691 -0.056053113 0.063435793 0.054210857 -0.005179610 -0.996499002
1403636865251666432.000000 0.145767257 0.061604563 -0.047262367 -0.058689117 -0.056937598 0.013700380 0.996557117
1403636865301666560.000000 0.127210841 0.062575854 -0.041365333 -0.055710830 -0.058130737 0.018401885 0.996583462
1403636865351666432.000000 0.112493344 0.063739985 -0.036663480 -0.056031760 -0.058444262 0.020125611 0.996513844
1403636865401666560.000000 0.101463720 0.063574590 -0.034412820 0.056620639 0.059954636 -0.018330865 -0.996425450
1403636865451666432.000000 0.096048012 0.064076364 -0.032433402 0.057466425 0.063502811 -0.014406538 -0.996221662
1403636865501666560.000000 0.096565880 0.064215779 -0.032071043 0.058996022 0.069222726 -0.009892486 -0.995806158
1403636865551666432.000000 0.105442286 0.062417217 -0.037077077 0.058807399 0.075606026 -0.006221652 -0.995382726
1403636865601666560.000000 0.119783781 0.060757436 -0.041027818 0.057962630 0.080319099 -0.004407021 -0.995072782
1403636865651666432.000000 0.138592929 0.058995612 -0.043779917 0.055459775 0.081957020 -0.004326647 -0.995082200
1403636865701666560.000000 0.163239881 0.055316221 -0.051450394 0.052944656 0.079614550 -0.004318357 -0.995409369
1403636865751666432.000000 0.190584540 0.051389549 -0.061008375 -0.051893763 -0.074222833 0.004678355 0.995879650
1403636865801666560.000000 0.221534967 0.047999222 -0.069591351 -0.051250193 -0.066829488 0.005137175 0.996434152
1403636865851666432.000000 0.253696561 0.045556448 -0.078170516 0.051182840 0.058288395 -0.006399599 -0.996966362
1403636865901666560.000000 0.287351698 0.042658176 -0.088021994 0.050954558 0.048120540 -0.007158497 -0.997515321
1403636865951666432.000000 0.322053343 0.039086655 -0.099938840 0.050265562 0.035991035 -0.008853684 -0.998047948
1403636866001666560.000000 0.354819089 0.036849748 -0.109459817 0.050359540 0.022688316 -0.009600792 -0.998427331
1403636866051666432.000000 0.383913815 0.036452409 -0.116733752 0.051803611 0.008157368 -0.010090749 -0.998573005
1403636866101666560.000000 0.413427174 0.033985537 -0.126811251 0.053754792 -0.004783546 -0.009145300 -0.998500824
1403636866151666432.000000 0.436918139 0.032576874 -0.135193735 0.055384651 -0.015194953 -0.006929411 -0.998325467
1403636866201666560.000000 0.453495026 0.031424224 -0.142026752 0.056495313 -0.021603882 -0.004595384 -0.998158574
1403636866251666432.000000 0.462444395 0.031107433 -0.145481288 -0.058192264 0.024210826 0.002451367 0.998008788
1403636866301666560.000000 0.463972807 0.030789476 -0.147182167 -0.060581405 0.022485668 -0.000552650 0.997909844
1403636866351666432.000000 0.458461344 0.031512633 -0.145682439 0.064065658 -0.018078862 0.002790006 -0.997777998
1403636866401666560.000000 0.446061194 0.032712772 -0.141484991 0.066407822 -0.011856003 0.005379045 -0.997707665
1403636866451666432.000000 0.427720129 0.034245793 -0.134765208 0.067913920 -0.005951031 0.006146263 -0.997654557
1403636866501666560.000000 0.404201746 0.036120277 -0.126826406 0.068294398 -0.000296922 0.007394212 -0.997637808
1403636866551666432.000000 0.377745390 0.038951494 -0.117678866 0.069212623 0.005102838 0.008095685 -0.997556090
1403636866601666560.000000 0.350811452 0.042011842 -0.111102961 0.070496626 0.010908608 0.008254942 -0.997418284
1403636866651666432.000000 0.324654549 0.046049595 -0.102622785 0.072903529 0.017383294 0.009367879 -0.997143567
1403636866701666560.000000 0.300869644 0.049003422 -0.096769899 0.074075975 0.023795430 0.009776589 -0.996920764
1403636866751666432.000000 0.278696984 0.053738590 -0.089138813 -0.072128259 -0.029525809 -0.010242976 0.996905684
1403636866801666560.000000 0.259274185 0.056068391 -0.086265691 -0.069169283 -0.034422699 -0.009791930 0.996962786
1403636866851666432.000000 0.241380215 0.057566613 -0.083924569 -0.063478678 -0.039444033 -0.007364241 0.997176230
1403636866901666560.000000 0.223485693 0.058182694 -0.082468510 0.058416337 0.045927230 0.003685769 -0.997228503
1403636866951666432.000000 0.208485276 0.059175555 -0.080775164 -0.053347699 -0.053858083 0.000765993 0.997122288
1403636867001666560.000000 0.196077749 0.059578788 -0.080404833 -0.051256340 -0.061590582 0.003422373 0.996778667
1403636867051666432.000000 0.185830235 0.059841234 -0.080770887 0.051631108 0.068139121 -0.005020734 -0.996326327
1403636867101666560.000000 0.177644655 0.059595495 -0.081015043 -0.050850026 -0.073194228 0.004937352 0.996008337
1403636867151666432.000000 0.172416836 0.059151661 -0.083361849 -0.048624065 -0.076812521 0.006691398 0.995836735
1403636867201666560.000000 0.168338254 0.058124032 -0.087282002 0.043913443 0.079576209 -0.007662795 -0.995831549
1403636867251666432.000000 0.165534690 0.056333605 -0.091868281 0.037472505 0.082254790 -0.008115458 -0.995873570
1403636867301666560.000000 0.164767876 0.055333663 -0.096123718 0.032975674 0.084688857 -0.008330434 -0.995826840
1403636867351666432.000000 0.165168718 0.054542236 -0.100264825 0.030976465 0.087993138 -0.008457324 -0.995603442
1403636867401666560.000000 0.166536689 0.053911962 -0.104114719 0.031516381 0.091806650 -0.007168184 -0.995252252
1403636867451666432.000000 0.168231159 0.052771825 -0.108426481 0.032532230 0.097288743 -0.006477706 -0.994703293
1403636867501666560.000000 0.169709474 0.051705629 -0.112013124 -0.034610320 -0.105253130 0.005411488 0.993828297
1403636867551666432.000000 0.169729561 0.051009104 -0.116665557 -0.036255244 -0.118371136 0.003019939 0.992302716
1403636867601666560.000000 0.168283075 0.050585292 -0.121135332 -0.037069064 -0.136918172 0.002137294 0.989886284
1403636867651666432.000000 0.165748045 0.050439842 -0.125045627 -0.037006531 -0.161195889 0.003297731 0.986222923
1403636867701666560.000000 0.161775187 0.050020814 -0.129294023 -0.036891717 -0.190064177 0.006385423 0.981057584
1403636867751666432.000000 0.157172248 0.050043043 -0.133510754 -0.037774116 -0.220681638 0.009286118 0.974569976
1403636867801666560.000000 0.153231785 0.050470196 -0.137447700 -0.040379971 -0.248795673 0.011580195 0.967644572
1403636867851666432.000000 0.150447860 0.051039573 -0.140274346 0.043454241 0.270322502 -0.015310451 -0.961666882
1403636867901666560.000000 0.150229111 0.051448353 -0.142053723 -0.045395497 -0.282807499 0.017745974 0.957937539
1403636867951666432.000000 0.151461422 0.051084362 -0.142652869 -0.047401469 -0.286566883 0.020820620 0.956660390
1403636868001666560.000000 0.153819472 0.050224002 -0.142963648 0.048046663 0.283782899 -0.021794500 -0.957436085
1403636868051666432.000000 0.156737596 0.049431302 -0.143252283 0.048663724 0.276691258 -0.022312215 -0.959466517
1403636868101666560.000000 0.159053564 0.048689891 -0.144132182 0.048507933 0.268695414 -0.021650778 -0.961759329
1403636868151666432.000000 0.160614178 0.047908008 -0.145370483 0.048120737 0.261877835 -0.021353530 -0.963664114
1403636868201666560.000000 0.160972446 0.046904095 -0.147283256 0.046868999 0.258087635 -0.021920273 -0.964734972
1403636868251666432.000000 0.160716429 0.045839060 -0.149573267 0.046167374 0.257104903 -0.021824116 -0.965033352
1403636868301666560.000000 0.159845516 0.043843225 -0.152461991 0.046155851 0.257699370 -0.024386667 -0.964814007
1403636868351666432.000000 0.158617452 0.041159686 -0.155832738 0.046158403 0.260001689 -0.026255861 -0.964146912
1403636868401666560.000000 0.157617494 0.037412852 -0.159523576 -0.046744008 -0.260393232 0.028248301 0.963956714
1403636868451666432.000000 0.156694740 0.033413161 -0.162820116 -0.047817163 -0.258098722 0.029515501 0.964483023
1403636868501666560.000000 0.156747401 0.029839097 -0.165816098 0.049989298 0.253506243 -0.028538005 -0.965619683
1403636868551666432.000000 0.157644868 0.026088061 -0.169138134 0.053225935 0.247737482 -0.028007448 -0.966958523
1403636868601666560.000000 0.159004420 0.022365268 -0.172575712 0.056043796 0.243353844 -0.029196372 -0.967876852
1403636868651666432.000000 0.160356343 0.019294834 -0.176243708 0.057824861 0.241895989 -0.030165328 -0.968107879
1403636868701666560.000000 0.160794646 0.016596984 -0.180143446 0.058880620 0.243425831 -0.030262435 -0.967657626
1403636868751666432.000000 0.160453603 0.013819122 -0.183911353 0.057444084 0.247147113 -0.028736053 -0.966846883
1403636868801666560.000000 0.159228429 0.011124504 -0.187195107 0.056154709 0.251379877 -0.026833490 -0.965885520
1403636868851666432.000000 0.158431157 0.008894141 -0.189653426 0.055914663 0.254408568 -0.023949018 -0.965182066
1403636868901666560.000000 0.157655269 0.006643415 -0.191210940 -0.056999154 -0.253390312 0.020942641 0.965456307
1403636868951666432.000000 0.157798767 0.003962312 -0.192064926 -0.056973130 -0.250739634 0.020152180 0.966166437
1403636869001666560.000000 0.158507183 0.001417493 -0.192244470 -0.054371636 -0.247492939 0.020062936 0.967154860
1403636869051666432.000000 0.159038231 -0.000534573 -0.192837492 0.051669538 0.244810373 -0.021422833 -0.967956245
1403636869101666560.000000 0.159493878 -0.002483516 -0.192986935 0.048948877 0.242762476 -0.021983974 -0.968600631
1403636869151666432.000000 0.158928007 -0.004444242 -0.193152562 0.046865132 0.241667166 -0.022886112 -0.968956590
1403636869201666560.000000 0.158189058 -0.005607989 -0.192703739 0.045132052 0.241939649 -0.021831585 -0.968995214
1403636869251666432.000000 0.157492995 -0.006245100 -0.191951603 0.044594076 0.242284849 -0.021333056 -0.968944967
1403636869301666560.000000 0.156824350 -0.006448316 -0.191077203 0.043956120 0.242567465 -0.020387182 -0.968923807
1403636869351666432.000000 0.156422108 -0.006839628 -0.190027878 0.043053500 0.242373094 -0.020847533 -0.969003141
1403636869401666560.000000 0.156520993 -0.006729279 -0.188645661 -0.042412236 -0.242171675 0.020355219 0.969092309
1403636869451666432.000000 0.156376004 -0.006268628 -0.187817678 -0.041890420 -0.242109463 0.020551652 0.969126403
1403636869501666560.000000 0.156409100 -0.004615604 -0.187309816 -0.042174526 -0.241977558 0.020596001 0.969146073
1403636869551666432.000000 0.156193927 -0.001110290 -0.186989352 0.042517126 0.241788983 -0.020599414 -0.969178081
1403636869601666560.000000 0.156361938 0.004297610 -0.186357051 0.043015279 0.242228046 -0.021085164 -0.969035983
1403636869651666432.000000 0.156772196 0.012215456 -0.185666144 0.043395456 0.243805990 -0.020776931 -0.968629897
1403636869701666560.000000 0.157149658 0.022823419 -0.184910536 0.045031589 0.246071577 -0.021271003 -0.967971325
1403636869751666432.000000 0.158127755 0.035968319 -0.184010550 0.046631373 0.248115614 -0.021865692 -0.967360437
1403636869801666560.000000 0.159608781 0.051095668 -0.182385996 0.048988599 0.248360902 -0.023072237 -0.967152894
1403636869851666432.000000 0.161788136 0.068122238 -0.180454031 -0.052220080 -0.246289462 0.024461266 0.967479348
1403636869901666560.000000 0.164588675 0.087485224 -0.177825972 -0.056042425 -0.243007034 0.026284404 0.968047500
1403636869951666432.000000 0.167423442 0.108208612 -0.175330922 0.059541050 0.239401415 -0.028354317 -0.968678474
1403636870001666560.000000 0.170001641 0.130802453 -0.172277838 -0.063203655 -0.237139717 0.030244935 0.968945503
1403636870051666432.000000 0.172315136 0.154334456 -0.169108093 -0.066985920 -0.236781344 0.032902692 0.968692422
1403636870101666560.000000 0.174727142 0.179239109 -0.166407004 -0.071380772 -0.238502473 0.035200238 0.967875183
1403636870151666432.000000 0.177429870 0.204636902 -0.163459495 -0.076031320 -0.241536453 0.036220495 0.966730356
1403636870201666560.000000 0.180697650 0.230357870 -0.160718337 0.079719990 0.244278789 -0.035456847 -0.965772033
1403636870251666432.000000 0.183810130 0.256451696 -0.157871157 -0.082112044 -0.245058179 0.036116805 0.965349555
1403636870301666560.000000 0.187323734 0.281970799 -0.155003995 -0.084320709 -0.243057102 0.037133250 0.965626478
1403636870351666432.000000 0.190715447 0.306862235 -0.152531981 0.087319128 0.239243269 -0.038251616 -0.966268599
1403636870401666560.000000 0.193173811 0.332726896 -0.149303496 -0.091088891 -0.235468686 0.037160177 0.966890156
1403636870451666432.000000 0.194986492 0.356857330 -0.146752372 -0.094601892 -0.233364969 0.036199242 0.967099249
1403636870501666560.000000 0.194787681 0.378270775 -0.144726500 -0.096474349 -0.233638391 0.039715726 0.966710210
1403636870551666432.000000 0.194352940 0.396917254 -0.142920434 -0.098310106 -0.236262292 0.044490118 0.965678990
1403636870601666560.000000 0.193614095 0.415302753 -0.141840816 0.102634676 0.240781754 -0.044221785 -0.964123845
1403636870651666432.000000 0.193163872 0.431861460 -0.140829757 0.107435413 0.244045854 -0.043996736 -0.962789536
1403636870701666560.000000 0.193355754 0.446324676 -0.139482811 0.111195385 0.243688703 -0.043551724 -0.962473273
1403636870751666432.000000 0.193761081 0.457953662 -0.137143493 0.112223484 0.240235731 -0.044041120 -0.963199437
1403636870801666560.000000 0.190505803 0.466635525 -0.134122163 -0.111788474 -0.233452901 0.048244685 0.964715302
1403636870851666432.000000 0.189083025 0.473742753 -0.132169828 -0.110758513 -0.228043735 0.050502352 0.966011524
1403636870901666560.000000 0.187655970 0.479167432 -0.131392255 0.110012598 0.223005384 -0.050417811 -0.967276633
1403636870951666432.000000 0.185915381 0.482869178 -0.130396068 0.108447015 0.219161391 -0.051977344 -0.968248904
1403636871001666560.000000 0.183641911 0.484617591 -0.129960701 0.107124403 0.217727333 -0.054349292 -0.968589365
1403636871051666432.000000 0.180858180 0.484966338 -0.129155427 0.106190175 0.219408572 -0.058276903 -0.968084455
1403636871101666560.000000 0.178367615 0.485007286 -0.128812343 0.107862912 0.224658206 -0.059112951 -0.966643691
1403636871151666432.000000 0.177000076 0.484094471 -0.128828630 0.111366816 0.230815798 -0.057851944 -0.964870274
1403636871201666560.000000 0.176884443 0.481060952 -0.129134938 0.114427269 0.234801635 -0.058308426 -0.963522077
1403636871251666432.000000 0.177982032 0.476110607 -0.129614234 0.115993842 0.235910103 -0.058511142 -0.963051558
1403636871301666560.000000 0.179436117 0.468808085 -0.130350217 -0.115503088 -0.234420389 0.059021551 0.963443160
1403636871351666432.000000 0.180588484 0.459567398 -0.131200880 -0.114548199 -0.233486280 0.057643469 0.963867247
1403636871401666560.000000 0.181459010 0.447960168 -0.131846666 0.113581538 0.233401462 -0.055063460 -0.964153051
1403636871451666432.000000 0.181928203 0.433344543 -0.132323176 0.111540765 0.232942045 -0.053380001 -0.964596987
1403636871501666560.000000 0.182000667 0.416035116 -0.132424414 0.109794639 0.232572734 -0.052635837 -0.964927197
1403636871551666432.000000 0.181918114 0.396353692 -0.132558092 0.108061545 0.232836023 -0.052723657 -0.965054572
1403636871601666560.000000 0.183860287 0.374752998 -0.133566618 0.106715053 0.235286579 -0.052072518 -0.964645386
1403636871651666432.000000 0.181583002 0.350696832 -0.133210167 -0.103460670 -0.234854311 0.053518806 0.965026021
1403636871701666560.000000 0.181797907 0.324885935 -0.133683681 -0.098931722 -0.236014634 0.054773502 0.965147376
1403636871751666432.000000 0.181992456 0.297979534 -0.134008944 0.093952887 0.236304149 -0.056040935 -0.965501249
1403636871801666560.000000 0.181321904 0.270359635 -0.133546636 -0.090092614 -0.236683071 0.055719838 0.965794921
1403636871851666432.000000 0.180549100 0.242550761 -0.132768482 -0.086871013 -0.236853629 0.053022705 0.966199994
1403636871901666560.000000 0.179731116 0.214164376 -0.131319270 0.083169132 0.235642776 -0.051925901 -0.966881156
1403636871951666432.000000 0.178382441 0.184965312 -0.129530415 -0.078758135 -0.233371511 0.051288545 0.967834890
1403636872001666560.000000 0.176943138 0.155045509 -0.126440436 -0.072968289 -0.230036050 0.051716596 0.969063699
1403636872051666432.000000 0.174498498 0.125567585 -0.122993089 -0.067042768 -0.226422995 0.052233823 0.970314145
1403636872101666560.000000 0.172335416 0.096921876 -0.119764075 -0.061478831 -0.223930299 0.051270738 0.971311927
1403636872151666432.000000 0.169916660 0.069817513 -0.116588168 0.057630453 0.222608641 -0.050023597 -0.971916556
1403636872201666560.000000 0.166975409 0.044000108 -0.114629090 -0.054356214 -0.223383754 0.048418123 0.972008646
1403636872251666432.000000 0.163561106 0.019393740 -0.112145364 -0.050020609 -0.226020142 0.046913557 0.971705735
1403636872301666560.000000 0.159588024 -0.003761349 -0.110754378 -0.045655090 -0.230112523 0.045605298 0.971022189
1403636872351666432.000000 0.155764401 -0.024480131 -0.108927161 -0.041316517 -0.234354541 0.043733269 0.970287740
1403636872401666560.000000 0.152559325 -0.042566542 -0.108373985 -0.037755664 -0.237793565 0.042569987 0.969647646
1403636872451666432.000000 0.150267586 -0.056644984 -0.106666908 -0.035207879 -0.239842623 0.041585505 0.969281554
1403636872501666560.000000 0.148491398 -0.067132242 -0.106590658 -0.032862332 -0.240273267 0.040653430 0.969296753
1403636872551666432.000000 0.148206264 -0.073409572 -0.105932586 -0.030968074 -0.239560276 0.039229382 0.969594181
1403636872601666560.000000 0.148815364 -0.076042958 -0.105721757 0.028905131 0.237620339 -0.037523754 -0.970202625
1403636872651666432.000000 0.149706542 -0.075751789 -0.106040552 0.028249783 0.235205829 -0.036036074 -0.970866382
1403636872701666560.000000 0.150615171 -0.073002852 -0.106758267 0.028187672 0.233245477 -0.034161750 -0.971408784
1403636872751666432.000000 0.151530743 -0.067940652 -0.107519120 0.029673822 0.232422248 -0.033329476 -0.971590698
1403636872801666560.000000 0.152487293 -0.059904151 -0.108184673 0.031985193 0.233188137 -0.032244250 -0.971370459
1403636872851666432.000000 0.153378710 -0.048640803 -0.108397752 0.034126569 0.234301746 -0.033746358 -0.970978558
1403636872901666560.000000 0.154819846 -0.033416186 -0.107361101 0.036771972 0.235520631 -0.035300411 -0.970531702
1403636872951666432.000000 0.155670285 -0.014685560 -0.107012659 0.040527456 0.236247227 -0.036245760 -0.970170617
1403636873001666560.000000 0.156152904 0.006771659 -0.107223533 -0.044297885 -0.236061379 0.037072890 0.970019817
1403636873051666432.000000 0.156994015 0.030865200 -0.106735766 -0.048386015 -0.235719562 0.037562888 0.969888747
1403636873101666560.000000 0.157942861 0.057401579 -0.105809256 0.051579956 0.235526413 -0.038573079 -0.969731450
1403636873151666432.000000 0.159247398 0.084929489 -0.105053522 0.054941848 0.236179143 -0.040601335 -0.969305158
1403636873201666560.000000 0.160996601 0.113851875 -0.104233280 0.058908906 0.236957848 -0.042606346 -0.968795896
1403636873251666432.000000 0.163100690 0.144356564 -0.104021572 -0.063231565 -0.237783700 0.044819012 0.968221068
1403636873301666560.000000 0.165144399 0.174759999 -0.103452891 -0.067647539 -0.238227725 0.047045145 0.967707753
1403636873351666432.000000 0.166980132 0.205657169 -0.103628524 -0.071553081 -0.238334090 0.048840165 0.967311561
1403636873401666560.000000 0.168547958 0.236022815 -0.103650101 -0.075264290 -0.238776967 0.050389212 0.966841161
1403636873451666432.000000 0.169232935 0.265518159 -0.104018345 0.078273661 0.239249855 -0.052931365 -0.966349363
1403636873501666560.000000 0.169215530 0.294888765 -0.104629427 -0.081594579 -0.240622953 0.053739376 0.965688944
1403636873551666432.000000 0.168884844 0.322650731 -0.105763204 -0.086548731 -0.242680788 0.054818597 0.964681447
1403636873601666560.000000 0.167844683 0.348289937 -0.107130483 -0.091607414 -0.244859993 0.055656370 0.963615060
1403636873651666432.000000 0.166205227 0.372071266 -0.108234629 -0.096255131 -0.246620148 0.055841815 0.962702036
1403636873701666560.000000 0.164169908 0.393001944 -0.109260619 -0.099514343 -0.248422578 0.057714593 0.961796343
1403636873751666432.000000 0.161402851 0.410988659 -0.110710256 -0.100585222 -0.249491706 0.058879051 0.961337566
1403636873801666560.000000 0.159631327 0.425431788 -0.112087101 -0.100652941 -0.250983030 0.058661897 0.960955501
1403636873851666432.000000 0.158151314 0.436048985 -0.113237560 0.101191476 0.251182944 -0.059843328 -0.960773766
1403636873901666560.000000 0.156549335 0.443573087 -0.113900177 0.101930901 0.250877470 -0.060625512 -0.960726380
1403636873951666432.000000 0.155115724 0.448438495 -0.114005953 0.103533685 0.249893129 -0.061065018 -0.960783660
1403636874001666560.000000 0.153655306 0.450497597 -0.113789812 0.105311811 0.249205723 -0.061787840 -0.960722744
1403636874051666432.000000 0.152637839 0.450642854 -0.112948515 0.106649578 0.248954579 -0.062113985 -0.960619271
1403636874101666560.000000 0.152023718 0.448747188 -0.112058394 0.106499955 0.249279484 -0.062295403 -0.960539877
1403636874151666432.000000 0.152011022 0.445144415 -0.111197971 0.106117688 0.249966070 -0.062612556 -0.960383177
1403636874201666560.000000 0.152527049 0.439228356 -0.110887907 0.105346590 0.251109898 -0.061995529 -0.960209668
1403636874251666432.000000 0.153787166 0.429797471 -0.111222371 -0.104973622 -0.252166986 0.061605111 0.959998608
1403636874301666560.000000 0.154373124 0.417939574 -0.110392444 -0.101938859 -0.253637373 0.059381820 0.960078359
1403636874351666432.000000 0.154662415 0.402679801 -0.108901896 -0.098701268 -0.254741997 0.059038606 0.960145354
1403636874401666560.000000 0.154706180 0.383967847 -0.106571741 0.093634069 0.255874008 -0.058125820 -0.960407555
1403636874451666432.000000 0.154662654 0.361834675 -0.104123555 -0.090028159 -0.255530059 0.058230985 0.960837424
1403636874501666560.000000 0.154987618 0.338034421 -0.101435825 -0.086818948 -0.254134357 0.056811810 0.961587608
1403636874551666432.000000 0.155482545 0.312629521 -0.098967254 0.084593184 0.251837462 -0.055179927 -0.962484837
1403636874601666560.000000 0.155185118 0.284936219 -0.097124793 -0.081369475 -0.250145435 0.053447668 0.963301420
1403636874651666432.000000 0.154374167 0.255140811 -0.094869472 -0.076814458 -0.248666346 0.052454345 0.964112699
1403636874701666560.000000 0.152861133 0.224309385 -0.092446506 -0.072174281 -0.247647464 0.050923191 0.964815319
1403636874751666432.000000 0.150978282 0.193944082 -0.089395113 -0.068005636 -0.247281983 0.050078720 0.965255976
1403636874801666560.000000 0.148522288 0.164244652 -0.086631298 -0.063693695 -0.247342378 0.049206425 0.965579450
1403636874851666432.000000 0.145337448 0.135215238 -0.083300591 -0.059240635 -0.247936234 0.050656352 0.965635657
1403636874901666560.000000 0.141826332 0.108207196 -0.080057591 -0.054128740 -0.249310166 0.051291645 0.965548456
1403636874951666432.000000 0.139208645 0.083757281 -0.076829076 -0.050586786 -0.249879763 0.052202724 0.965544403
1403636875001666560.000000 0.136884645 0.061676297 -0.074218571 -0.047738940 -0.248285487 0.051498074 0.966138363
1403636875051666432.000000 0.135621265 0.043472376 -0.070429638 -0.048689064 -0.243253842 0.052335948 0.967325151
1403636875101666560.000000 0.135339797 0.028193640 -0.066116765 0.052526355 0.235231474 -0.053218167 -0.969058871
1403636875151666432.000000 0.134578645 0.014707534 -0.062350076 0.060755573 0.225480497 -0.056288507 -0.970720887
1403636875201666560.000000 0.132666171 0.002241025 -0.060169607 -0.069200605 -0.215842068 0.060011610 0.972122490
1403636875251666432.000000 0.130274147 -0.008706992 -0.058717713 -0.079429634 -0.208233729 0.066269100 0.972593486
1403636875301666560.000000 0.127283275 -0.018743591 -0.058641311 0.089300022 0.202986985 -0.074384622 -0.972259641
1403636875351666432.000000 0.123746447 -0.028569281 -0.060385175 0.098206386 0.200149536 -0.084887534 -0.971128166
1403636875401666560.000000 0.119623750 -0.037738375 -0.064634368 0.105368771 0.199686423 -0.095705539 -0.969465435
1403636875451666432.000000 0.115553528 -0.046444729 -0.072892375 -0.110482462 -0.200481176 0.105768897 0.967684805
1403636875501666560.000000 0.110341810 -0.052835979 -0.083616517 -0.114049420 -0.202777371 0.114336424 0.965816438
1403636875551666432.000000 0.104071185 -0.056833301 -0.097190619 0.117087603 0.204967469 -0.122756451 -0.963955224
1403636875601666560.000000 0.097973578 -0.058173921 -0.113789558 -0.119412787 -0.207234114 0.128611133 0.962420821
1403636875651666432.000000 0.091999233 -0.056528736 -0.131760776 -0.123472728 -0.207841337 0.133790076 0.961070657
1403636875701666560.000000 0.085508011 -0.051910415 -0.151138052 -0.129561037 -0.207348332 0.136922106 0.959933877
1403636875751666432.000000 0.079345301 -0.044497248 -0.170580357 -0.138144597 -0.205549285 0.139952049 0.958686113
1403636875801666560.000000 0.072255276 -0.035591025 -0.191128477 -0.146918237 -0.204627514 0.142712876 0.957170725
1403636875851666432.000000 0.065529771 -0.024845576 -0.211439252 -0.156524464 -0.205134705 0.146091089 0.955027461
1403636875901666560.000000 0.059473377 -0.012733300 -0.231640637 -0.167212695 -0.206269503 0.150461659 0.952288926
1403636875951666432.000000 0.054397039 0.001530430 -0.251697421 -0.178976297 -0.206953868 0.155002087 0.949269235
1403636876001666560.000000 0.050472580 0.017559327 -0.270706892 -0.191719487 -0.205635816 0.160064861 0.946222425
1403636876051666432.000000 0.048196480 0.036844768 -0.288363010 -0.206284374 -0.202993348 0.162496835 0.943310797
1403636876101666560.000000 0.047556534 0.057779226 -0.303799152 -0.221199214 -0.198846281 0.165524796 0.940283298
1403636876151666432.000000 0.047625333 0.080416501 -0.316014141 -0.234823659 -0.194321558 0.167982951 0.937485397
1403636876201666560.000000 0.048515469 0.104099721 -0.324950039 0.246439770 0.190786034 -0.171110153 -0.934660077
1403636876251666432.000000 0.049524426 0.128669143 -0.330955297 -0.256902158 -0.189009771 0.174800247 0.931515753
1403636876301666560.000000 0.051060122 0.154831916 -0.332848907 -0.264716357 -0.189737007 0.177941516 0.928580642
1403636876351666432.000000 0.052764509 0.182582676 -0.331167549 0.272224545 0.191558495 -0.181597829 -0.925322294
1403636876401666560.000000 0.055785351 0.211744457 -0.325930625 0.278077930 0.194276199 -0.183666870 -0.922602832
1403636876451666432.000000 0.059704073 0.242533296 -0.317351282 -0.284982175 -0.195588529 0.184187189 0.920111656
1403636876501666560.000000 0.065326639 0.273195416 -0.305937707 -0.290251881 -0.195393234 0.180899411 0.919157684
1403636876551666432.000000 0.072710901 0.302883208 -0.291348100 -0.293520451 -0.191931382 0.176815718 0.919643581
1403636876601666560.000000 0.081101626 0.331779867 -0.273570627 -0.294782877 -0.188059390 0.170011953 0.921321213
1403636876651666432.000000 0.091450110 0.357846439 -0.253211707 -0.293712378 -0.183193743 0.163228258 0.923866749
1403636876701666560.000000 0.102642111 0.379701436 -0.230805457 0.289314657 0.179362223 -0.156972885 -0.927084565
1403636876751666432.000000 0.114441633 0.397593558 -0.206375301 0.282691061 0.176647872 -0.150493339 -0.930716455
1403636876801666560.000000 0.126053154 0.411409795 -0.180178821 -0.274587125 -0.174895585 0.142402902 0.934737861
1403636876851666432.000000 0.137237683 0.419123799 -0.153678864 -0.265014499 -0.173755631 0.133561388 0.939008892
1403636876901666560.000000 0.147925824 0.421401381 -0.126104310 -0.253561467 -0.171575800 0.124692872 0.943779707
1403636876951666432.000000 0.157258123 0.418263078 -0.096813351 -0.240178749 -0.168807760 0.116022140 0.948871434
1403636877001666560.000000 0.166198775 0.409585655 -0.068608493 -0.224481300 -0.166143641 0.107894287 0.954129636
1403636877051666432.000000 0.173969537 0.396299064 -0.039827082 -0.206722885 -0.164724559 0.098457888 0.959394395
1403636877101666560.000000 0.181354538 0.377753317 -0.013538405 -0.187266409 -0.163559631 0.089793995 0.964425564
1403636877151666432.000000 0.187836960 0.355316192 0.011498790 -0.166535392 -0.163880140 0.079343423 0.969078958
1403636877201666560.000000 0.193458796 0.328223705 0.033898771 -0.145062730 -0.164515138 0.071347490 0.973037064
1403636877251666432.000000 0.198274434 0.298156679 0.054096226 -0.124102190 -0.165658295 0.063086264 0.976307392
1403636877301666560.000000 0.202046946 0.265543103 0.070623189 -0.104446806 -0.166837111 0.055597980 0.978859186
1403636877351666432.000000 0.204469606 0.230703101 0.083399266 -0.084795855 -0.168597743 0.046777204 0.980916142
1403636877401666560.000000 0.205226153 0.195429206 0.092094399 -0.065993764 -0.170847118 0.038717128 0.982322335
1403636877451666432.000000 0.204049066 0.160167649 0.096834123 -0.048138041 -0.173827901 0.031714555 0.983087420
1403636877501666560.000000 0.200811088 0.125897914 0.098042659 -0.031626705 -0.177886918 0.026356990 0.983189404
1403636877551666432.000000 0.195842996 0.092658058 0.094676293 -0.017516596 -0.182862058 0.023679238 0.982697368
1403636877601666560.000000 0.188906059 0.061946418 0.087860532 -0.005491968 -0.189093515 0.021833027 0.981701016
1403636877651666432.000000 0.181136355 0.033621680 0.076910570 0.004098519 -0.194937989 0.020762257 0.980587304
1403636877701666560.000000 0.172327191 0.008306099 0.063031450 0.012249394 -0.200469702 0.022367219 0.979367971
1403636877751666432.000000 0.163593650 -0.013847264 0.045915749 0.017009210 -0.205539465 0.024674367 0.978189886
1403636877801666560.000000 0.153942764 -0.032494240 0.026650837 0.018191185 -0.210320055 0.027106412 0.977087438
1403636877851666432.000000 0.144167721 -0.048237495 0.005444446 0.016251214 -0.214994416 0.031355821 0.975976527
1403636877901666560.000000 0.133566543 -0.060080122 -0.016306367 0.012016620 -0.219591364 0.034663219 0.974901915
1403636877951666432.000000 0.123310357 -0.068824217 -0.040110134 0.005002598 -0.224695653 0.038297318 0.973663330
1403636878001666560.000000 0.112155646 -0.073432982 -0.063308790 -0.003435166 -0.228461534 0.041986577 0.972641110
1403636878051666432.000000 0.101238355 -0.074005358 -0.086807393 -0.014455205 -0.231145903 0.045231201 0.971759677
1403636878101666560.000000 0.090747729 -0.070457868 -0.108941846 -0.027042754 -0.231999084 0.050304685 0.971037865
1403636878151666432.000000 0.080231585 -0.062861368 -0.130542785 -0.041407898 -0.231186047 0.055498749 0.970442355
1403636878201666560.000000 0.071074456 -0.051407490 -0.151432961 -0.054341745 -0.229165003 0.061418790 0.969926894
1403636878251666432.000000 0.062614165 -0.036182418 -0.171577841 -0.067914151 -0.226778314 0.067346513 0.969238758
1403636878301666560.000000 0.054798353 -0.018186057 -0.190086022 -0.079764739 -0.223859236 0.075459607 0.968416572
1403636878351666432.000000 0.048020657 0.002863281 -0.207404420 -0.091792367 -0.220668286 0.084021769 0.967377961
1403636878401666560.000000 0.042671539 0.027058043 -0.222754553 -0.104820453 -0.218181193 0.091566764 0.965932310
1403636878451666432.000000 0.039527137 0.054252852 -0.237367302 -0.118355967 -0.216314465 0.098633394 0.964091003
1403636878501666560.000000 0.038357139 0.083202280 -0.248714179 -0.132227033 -0.214609161 0.103314884 0.962177217
1403636878551666432.000000 0.039214082 0.112839386 -0.257341355 -0.146249563 -0.212610900 0.108477168 0.960021079
1403636878601666560.000000 0.042588525 0.144025892 -0.262720704 -0.159989506 -0.210819378 0.111421674 0.957885087
1403636878651666432.000000 0.047599103 0.175490528 -0.265397012 -0.172754511 -0.208251283 0.114108056 0.955911517
1403636878701666560.000000 0.054292347 0.207487717 -0.264903665 -0.185310125 -0.205866665 0.114404432 0.954039156
1403636878751666432.000000 0.062405907 0.238836423 -0.261588991 -0.195959136 -0.202597424 0.113574646 0.952709377
1403636878801666560.000000 0.070917219 0.268584907 -0.255889326 -0.204423368 -0.198733747 0.113907099 0.951704383
1403636878851666432.000000 0.080070794 0.297325343 -0.247631088 0.210507497 0.196072996 -0.113691516 -0.950955451
1403636878901666560.000000 0.087832823 0.324314237 -0.237223923 -0.213603988 -0.194671869 0.115006931 0.950394511
1403636878951666432.000000 0.096042112 0.349164277 -0.225215748 -0.215240851 -0.194726378 0.116114110 0.949879229
1403636879001666560.000000 0.104065113 0.371327221 -0.211751804 0.215609550 0.195897922 -0.116747826 -0.949476957
1403636879051666432.000000 0.112804808 0.390875548 -0.195366770 -0.215421602 -0.195816085 0.117789730 0.949407876
1403636879101666560.000000 0.123069108 0.407007426 -0.178108916 -0.214383632 -0.192961037 0.117665865 0.950242341
1403636879151666432.000000 0.134050414 0.419415355 -0.159344763 0.211931586 0.187112793 -0.116872430 -0.952058196
1403636879201666560.000000 0.145492479 0.429063797 -0.138637379 -0.209683031 -0.179928243 0.114195995 0.954263210
1403636879251666432.000000 0.157075450 0.434522957 -0.118518323 -0.206473008 -0.173262775 0.109642267 0.956727564
1403636879301666560.000000 0.168289229 0.435611784 -0.097546354 -0.201699078 -0.166883752 0.105374359 0.959355831
1403636879351666432.000000 0.179013163 0.432685733 -0.077764168 -0.194331199 -0.162244022 0.098669402 0.962380767
1403636879401666560.000000 0.188379869 0.425659209 -0.058430724 -0.185230449 -0.158500701 0.092274837 0.965428710
1403636879451666432.000000 0.197026506 0.413840055 -0.040445246 -0.172517031 -0.156326324 0.084903657 0.968809247
1403636879501666560.000000 0.204482779 0.398471683 -0.023296928 -0.158941612 -0.155431136 0.077722713 0.971873462
1403636879551666432.000000 0.210668206 0.379106849 -0.009467577 -0.144611433 -0.156529993 0.070180841 0.974505365
1403636879601666560.000000 0.216232017 0.356506139 0.002424194 -0.130353630 -0.157841682 0.065220200 0.976647496
1403636879651666432.000000 0.220951393 0.331015557 0.011646488 -0.116192445 -0.158741772 0.062011451 0.978496313
1403636879701666560.000000 0.224918842 0.302911103 0.017882455 -0.102459162 -0.160116896 0.059761468 0.979945600
1403636879751666432.000000 0.227397546 0.273351371 0.021826118 -0.089342996 -0.162205875 0.058061533 0.980987251
1403636879801666560.000000 0.227760479 0.242826805 0.023219557 -0.077391937 -0.165577814 0.055616029 0.981581092
1403636879851666432.000000 0.226207778 0.212980241 0.021142591 -0.067314394 -0.169771910 0.054011196 0.981697083
1403636879901666560.000000 0.223093733 0.184418261 0.015688518 -0.059667867 -0.174953803 0.051751636 0.981403470
1403636879951666432.000000 0.218725130 0.157977775 0.006389672 -0.053545911 -0.180017427 0.050952125 0.980882466
1403636880001666560.000000 0.213445023 0.134884313 -0.006109958 -0.049098160 -0.184913486 0.049834423 0.980261743
1403636880051666432.000000 0.207482025 0.116531923 -0.021564368 -0.045420442 -0.188886881 0.049141876 0.979716241
1403636880101666560.000000 0.201202363 0.103178918 -0.039974514 -0.044479299 -0.191791713 0.048498679 0.979226947
1403636880151666432.000000 0.194810003 0.095549464 -0.059711851 -0.045412745 -0.193213657 0.047879837 0.978935003
1403636880201666560.000000 0.188100040 0.092929833 -0.081088267 0.050784610 0.192693248 -0.049299147 -0.978703201
1403636880251666432.000000 0.181404367 0.094078057 -0.104280882 -0.059169959 -0.190506920 0.050964728 0.978574812
1403636880301666560.000000 0.174527541 0.099088132 -0.127518103 -0.071041778 -0.187442213 0.054205537 0.978202581
1403636880351666432.000000 0.168226942 0.106529191 -0.150834531 0.084429801 0.184069112 -0.057546839 -0.977588117
1403636880401666560.000000 0.162931785 0.114405692 -0.174863219 0.098923095 0.180584073 -0.060168680 -0.976720750
1403636880451666432.000000 0.158170030 0.121186420 -0.199774355 0.114111476 0.177268475 -0.063241795 -0.975476801
1403636880501666560.000000 0.154534623 0.125483066 -0.225140914 0.127502367 0.174738601 -0.065739475 -0.974108815
1403636880551666432.000000 0.150763333 0.126847595 -0.250053316 0.140744030 0.173620060 -0.068935044 -0.972262979
1403636880601666560.000000 0.147231355 0.124862134 -0.274379075 0.150720567 0.174500138 -0.071203209 -0.970444858
1403636880651666432.000000 0.142931983 0.118708782 -0.297322720 0.158390820 0.177351505 -0.074277766 -0.968473911
1403636880701666560.000000 0.138917416 0.108721592 -0.318492293 0.162844941 0.181603521 -0.077222854 -0.966715276
1403636880751666432.000000 0.134724721 0.096492112 -0.337177813 -0.165386677 -0.185567126 0.080247730 0.965283632
1403636880801666560.000000 0.130824864 0.080819100 -0.351953417 -0.164586022 -0.188880429 0.082577959 0.964581013
1403636880851666432.000000 0.127596781 0.063134700 -0.362654716 -0.161172017 -0.190748438 0.084236182 0.964646518
1403636880901666560.000000 0.125247419 0.043437514 -0.368617892 0.155304208 0.190433532 -0.084122404 -0.965680659
1403636880951666432.000000 0.123798266 0.024365548 -0.371251196 0.148860812 0.187648132 -0.082689099 -0.967363060
1403636881001666560.000000 0.123876236 0.005781314 -0.370053053 0.142401040 0.182976350 -0.079430036 -0.969501138
1403636881051666432.000000 0.125109807 -0.012381304 -0.365405083 0.135317340 0.177132607 -0.074790820 -0.971966922
1403636881101666560.000000 0.127244130 -0.029883616 -0.357909411 0.126687303 0.171373442 -0.069093600 -0.974580765
1403636881151666432.000000 0.130198538 -0.046682045 -0.348583907 -0.115452096 -0.166676193 0.064048976 0.977132380
1403636881201666560.000000 0.133899108 -0.062278844 -0.336263895 -0.102342047 -0.162946999 0.059760470 0.979491293
1403636881251666432.000000 0.138530165 -0.075725660 -0.322324038 -0.088374130 -0.160644874 0.055257712 0.981493652
1403636881301666560.000000 0.145050183 -0.086245045 -0.307157189 -0.075629987 -0.159199387 0.050263692 0.983061194
1403636881351666432.000000 0.151834488 -0.092665747 -0.289405763 -0.065119989 -0.158490300 0.044167224 0.984220266
1403636881401666560.000000 0.159751743 -0.095422022 -0.270628631 -0.057325240 -0.157890111 0.038749810 0.985029519
1403636881451666432.000000 0.167939112 -0.093403801 -0.249641404 -0.051706098 -0.156798616 0.031875111 0.985760987
1403636881501666560.000000 0.176726326 -0.087887175 -0.228144705 -0.048463576 -0.154352114 0.025892416 0.986486912
1403636881551666432.000000 0.185572177 -0.077723883 -0.205595031 -0.045973681 -0.151577219 0.018228021 0.987207472
1403636881601666560.000000 0.194350570 -0.064446405 -0.183842838 -0.044165470 -0.148649558 0.012853321 0.987819612
1403636881651666432.000000 0.202291951 -0.046919353 -0.161593199 -0.041728966 -0.146892026 0.006170379 0.988252699
1403636881701666560.000000 0.209557116 -0.026161907 -0.140022337 0.040893517 0.146201029 -0.001048861 -0.988408804
1403636881751666432.000000 0.215732470 -0.002764092 -0.118912920 0.040716138 0.147307739 0.003027426 -0.988247693
1403636881801666560.000000 0.221070439 0.022515699 -0.098851860 0.043535911 0.148715600 0.005338143 -0.987906814
1403636881851666432.000000 0.225987017 0.048813861 -0.080671221 -0.047552738 -0.149960294 -0.004504220 0.987537563
1403636881901666560.000000 0.228735790 0.075485870 -0.064985931 -0.051964059 -0.151417032 -0.001476664 0.987102091
1403636881951666432.000000 0.230376720 0.102542751 -0.052303750 -0.056648791 -0.152723670 0.002228738 0.986641526
1403636882001666560.000000 0.230344713 0.129883140 -0.042740263 0.061543576 0.152938560 -0.007050448 -0.986292362
1403636882051666432.000000 0.229319721 0.156478897 -0.036297556 0.066566676 0.152125999 -0.010845928 -0.986057281
1403636882101666560.000000 0.226151407 0.181660995 -0.032864995 0.071753234 0.150928691 -0.014656852 -0.985828161
1403636882151666432.000000 0.221023709 0.204781815 -0.032529622 0.076740772 0.149389118 -0.017137175 -0.985647023
1403636882201666560.000000 0.213876218 0.225027651 -0.034875970 0.082755253 0.147114217 -0.018942025 -0.985469580
1403636882251666432.000000 0.204036787 0.241952285 -0.039141960 -0.088314794 -0.143675268 0.019527089 0.985482991
1403636882301666560.000000 0.194460645 0.253963798 -0.045795154 -0.092082344 -0.140573516 0.020057170 0.985574782
1403636882351666432.000000 0.184147939 0.260959446 -0.053468790 -0.092731453 -0.137667060 0.021144664 0.985901415
1403636882401666560.000000 0.173697114 0.263489217 -0.061608385 0.091030195 0.135706976 -0.020883387 -0.986337185
1403636882451666432.000000 0.163200215 0.261762500 -0.068553410 0.086984292 0.133789062 -0.022537079 -0.986927748
1403636882501666560.000000 0.153025359 0.256968975 -0.073685952 0.081656091 0.132200822 -0.023313617 -0.987578809
1403636882551666432.000000 0.144832745 0.249772862 -0.076012678 0.074887268 0.129772499 -0.024341354 -0.988412142
1403636882601666560.000000 0.138157040 0.241857424 -0.075039111 0.068804212 0.125474960 -0.023362951 -0.989432275
1403636882651666432.000000 0.133445546 0.232891068 -0.070176013 -0.062234964 -0.117959432 0.021769790 0.990827203
1403636882701666560.000000 0.129931971 0.223980814 -0.062267322 -0.053660180 -0.105863519 0.020136055 0.992727637
1403636882751666432.000000 0.126735121 0.215020612 -0.051495235 -0.041808765 -0.091234960 0.017693745 0.994794071
1403636882801666560.000000 0.122820117 0.207007170 -0.038975898 -0.029421899 -0.076007284 0.013761567 0.996578157
1403636882851666432.000000 0.117916107 0.199566320 -0.024443226 -0.016416337 -0.061773449 0.009413858 0.997910857
1403636882901666560.000000 0.112111367 0.192656517 -0.009195471 0.004269960 0.050705288 -0.005258615 -0.998690724
1403636882951666432.000000 0.104822151 0.185903519 0.006174225 -0.008863130 0.044428635 -0.002156059 -0.998970926
1403636883001666560.000000 0.095851474 0.178815544 0.019816432 0.021492809 -0.042498305 -0.001014941 0.998864830
1403636883051666432.000000 0.086979941 0.172679842 0.034447800 0.033703536 -0.043539669 -0.004300051 0.998473763
1403636883101666560.000000 0.078781612 0.167405814 0.048606794 -0.042172693 0.043063164 0.008994971 -0.998141408
1403636883151666432.000000 0.070646182 0.162234351 0.060733911 0.048590761 -0.041035257 -0.014571333 0.997869134
1403636883201666560.000000 0.062834851 0.157923356 0.073492110 0.053006385 -0.036725845 -0.020454969 0.997708976
1403636883251666432.000000 0.055241864 0.153991401 0.085146680 -0.057075173 0.032160174 0.025229283 -0.997532845
1403636883301666560.000000 0.047798518 0.149602249 0.094825774 0.061715893 -0.028250543 -0.027211109 0.997322738
1403636883351666432.000000 0.041421495 0.146640301 0.103887506 0.065028861 -0.025657777 -0.028523058 0.997145653
1403636883401666560.000000 0.035716861 0.144211039 0.111604296 0.068543747 -0.023544220 -0.028376123 0.996966600
1403636883451666432.000000 0.031450577 0.142521456 0.118097529 0.071734197 -0.020551967 -0.029182032 0.996784985
1403636883501666560.000000 0.028272104 0.141332105 0.123007864 0.075687267 -0.016355339 -0.030133680 0.996541977
1403636883551666432.000000 0.026109448 0.140319273 0.127207652 0.079666153 -0.010893545 -0.031758949 0.996255994
1403636883601666560.000000 0.023994986 0.139085248 0.130834028 0.083747670 -0.006120416 -0.033474870 0.995905876
1403636883651666432.000000 0.021908045 0.138253510 0.134275585 0.088146679 -0.003427731 -0.034819696 0.995492876
1403636883701666560.000000 0.020392299 0.137764215 0.137304977 0.091016680 -0.002653786 -0.038677383 0.995094538
1403636883751666432.000000 0.019253343 0.137287349 0.139397457 0.093546875 -0.002543086 -0.039728645 0.994818687
1403636883801666560.000000 0.017827312 0.137045383 0.141140565 -0.095388964 0.002542228 0.040415879 -0.994616091
1403636883851666432.000000 0.016208014 0.136757046 0.142667040 -0.099159069 0.002232123 0.037118923 -0.994376540
1403636883901666560.000000 0.014513087 0.137182668 0.145143181 0.102434121 -0.001770890 -0.036789216 0.994057715
1403636883951666432.000000 0.013316116 0.137469903 0.146422610 0.103529148 -0.001283670 -0.037838481 0.993905604
1403636884001666560.000000 0.013115319 0.137422308 0.146801695 -0.105691962 -0.001853673 0.038775984 -0.993640900
1403636884051666432.000000 0.012787684 0.137716889 0.146900162 -0.108453967 -0.005139345 0.038490139 -0.993342757
1403636884101666560.000000 0.012156210 0.138209492 0.147920340 0.111553088 0.007997231 -0.037055638 0.993035197
1403636884151666432.000000 0.012060079 0.139135033 0.147590339 0.110971391 0.010279971 -0.039685499 0.992977798
1403636884201666560.000000 0.012054902 0.139506191 0.146925509 -0.111237302 -0.013823273 0.040831961 -0.992858529
1403636884251666432.000000 0.012117967 0.139473200 0.146175176 -0.110415436 -0.016846389 0.041766826 -0.992864728
1403636884301666560.000000 0.012644969 0.138757646 0.146795750 0.110510409 0.018036474 -0.041150901 0.992858887
1403636884351666432.000000 0.012622904 0.138355106 0.146415666 0.111016475 0.018645683 -0.040428508 0.992820859
1403636884401666560.000000 0.012185255 0.138450980 0.145955831 -0.111132823 -0.018715665 0.039997108 -0.992823958
1403636884451666432.000000 0.012275741 0.138632625 0.145779267 -0.110944226 -0.018853325 0.040847223 -0.992807925
1403636884501666560.000000 0.012383328 0.138668075 0.145640448 -0.110812344 -0.018812088 0.040959597 -0.992818773
1403636884551666432.000000 0.012508076 0.138515517 0.145769849 -0.111041673 -0.018667359 0.040553983 -0.992812514
1403636884601666560.000000 0.012665358 0.138449848 0.145799413 -0.111141071 -0.018884858 0.040518895 -0.992798746
1403636884651666432.000000 0.012718391 0.138483539 0.146234438 -0.111055903 -0.018465606 0.040384825 -0.992821634
1403636884701666560.000000 0.012697329 0.138474017 0.146217912 -0.111130342 -0.018504176 0.040465456 -0.992809296
1403636884751666432.000000 0.012651427 0.138473585 0.146420807 -0.111156821 -0.018387951 0.040182333 -0.992819965
1403636884801666560.000000 0.012487068 0.138484269 0.146662146 0.110961005 0.018433934 -0.040572755 0.992825150
1403636884851666432.000000 0.012473785 0.138319522 0.146728739 0.111173846 0.018388951 -0.040049281 0.992823422
1403636884901666560.000000 0.012536447 0.138382182 0.146773413 0.110970162 0.018433157 -0.040534075 0.992825687
1403636884951666432.000000 0.012715437 0.138620019 0.146366909 -0.111177951 -0.018312989 0.040033367 -0.992825031
1403636885001666560.000000 0.012776427 0.138603926 0.146329030 -0.111134425 -0.018293686 0.040266495 -0.992820799
1403636885051666432.000000 0.012809205 0.138555765 0.146343872 -0.111156501 -0.018308479 0.040157255 -0.992822468
1403636885101666560.000000 0.012828063 0.138536945 0.146264672 -0.111169174 -0.018348103 0.040070925 -0.992823839
1403636885151666432.000000 0.012851504 0.138534755 0.146434933 -0.111052550 -0.018289600 0.040235646 -0.992831349
1403636885201666560.000000 0.012835396 0.138427198 0.146513447 -0.111180596 -0.018322257 0.039979048 -0.992826760
1403636885251666432.000000 0.012810142 0.138494462 0.146635935 -0.111079521 -0.018340452 0.040181462 -0.992829561
1403636885301666560.000000 0.012353905 0.138297960 0.144921139 0.110625200 0.018968100 -0.040929783 0.992837906
1403636885351666432.000000 0.012343213 0.138304412 0.144944087 0.110557571 0.018933110 -0.040991735 0.992843568
1403636885401666560.000000 0.012290766 0.138300940 0.144955739 0.110543162 0.019038543 -0.040983442 0.992843509
1403636885451666432.000000 0.013377789 0.138898268 0.146071658 -0.111078754 -0.018209239 0.039832324 -0.992846072
1403636885501666560.000000 0.012890473 0.138477609 0.144827694 -0.110571124 -0.018955445 0.040886883 -0.992845893
1403636885551666432.000000 0.012773395 0.138429329 0.144885004 -0.110563137 -0.018928761 0.040892147 -0.992847145
1403636885601666560.000000 0.012640864 0.138372153 0.144840568 -0.110581629 -0.019027494 0.040900838 -0.992842853
1403636885651666432.000000 0.012860368 0.138687894 0.146190524 -0.111081250 -0.018182689 0.039999548 -0.992839575
1403636885701666560.000000 0.012461274 0.138299882 0.145052031 -0.110607550 -0.018901177 0.040782891 -0.992847145
1403636885751666432.000000 0.012436783 0.138309106 0.145045981 -0.110592194 -0.019078124 0.040981784 -0.992837310
1403636885801666560.000000 0.012323397 0.138233066 0.144695029 0.110521547 0.018876856 -0.040782239 0.992857218
1403636885851666432.000000 0.012315435 0.138240963 0.144671276 0.110499427 0.019042248 -0.040970214 0.992848814
1403636885901666560.000000 0.012269674 0.138251260 0.144755527 0.110535040 0.018832250 -0.040726315 0.992858887
1403636885951666432.000000 0.012539616 0.138374388 0.144931883 -0.110433504 -0.018897347 0.041005436 -0.992857516
1403636886001666560.000000 0.012525518 0.138260499 0.145034090 -0.110593453 -0.018832823 0.040591624 -0.992857933
1403636886051666432.000000 0.012485708 0.138287470 0.145025402 -0.110515833 -0.018868180 0.040827353 -0.992856205
1403636886101666560.000000 0.012489262 0.138296545 0.144925609 -0.110527478 -0.018899295 0.040730398 -0.992858231
1403636886151666432.000000 0.012432460 0.138262212 0.144855559 -0.110540152 -0.018964147 0.040721893 -0.992855966
1403636886201666560.000000 0.012393706 0.138290703 0.144841060 -0.110481210 -0.018941853 0.040852167 -0.992857575
1403636886251666432.000000 0.012402186 0.138253406 0.144767463 -0.110583715 -0.019013822 0.040680733 -0.992851913
1403636886301666560.000000 0.012328233 0.138265416 0.144599751 0.110378869 0.018907599 -0.040851105 0.992869735
1403636886351666432.000000 0.012285236 0.138203993 0.144591749 0.110501900 0.018859059 -0.040612262 0.992866695
1403636886401666560.000000 0.012375575 0.138335615 0.145227820 -0.110502474 -0.018734612 0.040581096 -0.992870331
1403636886451666432.000000 0.012454251 0.138442099 0.144949302 -0.110470235 -0.018855369 0.040713936 -0.992866218
1403636886501666560.000000 0.012497216 0.138421088 0.144949555 -0.110537633 -0.018936714 0.040671606 -0.992858827
1403636886551666432.000000 0.012495625 0.138411000 0.144941956 -0.110521905 -0.018950148 0.040682487 -0.992859960
1403636886601666560.000000 0.012451548 0.138391331 0.144827202 -0.110543691 -0.018981576 0.040689405 -0.992856622
1403636886651666432.000000 0.012403782 0.138360083 0.144755498 -0.110547654 -0.019010017 0.040664982 -0.992856622
1403636886701666560.000000 0.012352317 0.138381362 0.144653201 -0.110527821 -0.019011440 0.040699720 -0.992857337
1403636886751666432.000000 0.012357465 0.138351917 0.144598156 -0.110556602 -0.019004511 0.040656347 -0.992856145
1403636886801666560.000000 0.012180788 0.138163909 0.144680366 0.110436656 0.019093044 -0.041166093 0.992846727
1403636886851666432.000000 0.012199179 0.138188586 0.144780040 0.110433862 0.019033378 -0.041147146 0.992848933
1403636886901666560.000000 0.012496085 0.138458326 0.144607976 -0.110609867 -0.018749824 0.040467117 -0.992862701
1403636886951666432.000000 0.012367710 0.138373554 0.144779384 -0.110480480 -0.019042462 0.041129187 -0.992844343
1403636887001666560.000000 0.012347183 0.138352558 0.144819960 -0.110472396 -0.019048236 0.041169025 -0.992843509
1403636887051666432.000000 0.012450926 0.138448715 0.144730106 -0.110607579 -0.018779779 0.040461618 -0.992862582
1403636887101666560.000000 0.012407023 0.138439626 0.144678414 -0.110591017 -0.018816603 0.040508132 -0.992861867
1403636887151666432.000000 0.012201565 0.138290614 0.144707188 -0.110513411 -0.019065123 0.041019671 -0.992844820
1403636887201666560.000000 0.012197897 0.138264239 0.144733489 -0.110529535 -0.019105755 0.041088551 -0.992839336
1403636887251666432.000000 0.012188283 0.138258323 0.144693807 -0.110534243 -0.019111741 0.041069735 -0.992839515
1403636887301666560.000000 0.012353974 0.138003409 0.144422278 0.110443734 0.019057034 -0.040989187 0.992853940
1403636887351666432.000000 0.012315656 0.137984797 0.144400373 0.110438764 0.019103255 -0.040974103 0.992854238
1403636887401666560.000000 0.012092069 0.138257250 0.144677341 -0.110442445 -0.019127591 0.041193143 -0.992844284
1403636887451666432.000000 0.012099871 0.138240159 0.144449204 -0.110530183 -0.018916072 0.040837187 -0.992853284
1403636887501666560.000000 0.012131101 0.138344228 0.144506261 -0.110480502 -0.018886657 0.040974401 -0.992853701
1403636887551666432.000000 0.012271286 0.138458863 0.144390330 -0.110616922 -0.018683368 0.040331662 -0.992868721
1403636887601666560.000000 0.012310440 0.138417095 0.144498020 -0.110586599 -0.018764628 0.040360320 -0.992869437
1403636887651666432.000000 0.012318618 0.138371095 0.144541606 -0.110573575 -0.018765805 0.040389657 -0.992869616
1403636887701666560.000000 0.012238043 0.138223007 0.144724011 -0.110542193 -0.018985773 0.040875707 -0.992849052
1403636887751666432.000000 0.012325203 0.138376325 0.144561797 -0.110570580 -0.018746652 0.040449459 -0.992867887
1403636887801666560.000000 0.012256331 0.138309136 0.144902617 0.110571891 0.019030670 -0.040996484 0.992839932
1403636887851666432.000000 0.012271261 0.138386965 0.144885316 0.110510387 0.019093992 -0.041156046 0.992838919
1403636887901666560.000000 0.012407471 0.138356358 0.144649163 -0.110565782 -0.018782033 0.040718876 -0.992856741
1403636887951666432.000000 0.012445357 0.138463482 0.145068765 -0.110538833 -0.018971277 0.041032944 -0.992843270
1403636888001666560.000000 0.012491602 0.138458908 0.144671783 -0.110627614 -0.018553158 0.040184010 -0.992875934
1403636888051666432.000000 0.012340556 0.138393015 0.145094231 -0.110565595 -0.018969145 0.041005503 -0.992841423
1403636888101666560.000000 0.012287191 0.138373449 0.145066127 -0.110605806 -0.018987799 0.040933456 -0.992839575
1403636888151666432.000000 0.012232700 0.138389513 0.145044744 -0.110588603 -0.019032329 0.040970899 -0.992839038
1403636888201666560.000000 0.012188025 0.138405725 0.144994810 -0.110627651 -0.019044910 0.040913437 -0.992836833
1403636888251666432.000000 0.012176619 0.138406396 0.145006105 -0.110634707 -0.019061644 0.040923811 -0.992835283
1403636888301666560.000000 0.012079935 0.138438478 0.145042747 0.110689074 0.019003293 -0.040917359 0.992830634
1403636888351666432.000000 0.012064736 0.138457835 0.145046398 0.110716209 0.019010765 -0.040877268 0.992829144
1403636888401666560.000000 0.012340098 0.138474271 0.144997388 -0.110632673 -0.018811649 0.040774181 -0.992846429
1403636888451666432.000000 0.012324767 0.138519213 0.145026743 -0.110700130 -0.018790992 0.040619776 -0.992845595
1403636888501666560.000000 0.012349880 0.138559908 0.145060524 -0.110660516 -0.018816764 0.040719796 -0.992845476
1403636888551666432.000000 0.012331184 0.138521954 0.145019591 -0.110707946 -0.018836224 0.040629454 -0.992843568
1403636888601666560.000000 0.012100170 0.138598293 0.145185575 -0.110683389 -0.019067805 0.040832411 -0.992833555
1403636888651666432.000000 0.012362479 0.138478100 0.145099089 -0.110625498 -0.019014517 0.040597796 -0.992850602
1403636888701666560.000000 0.012361230 0.138408020 0.145115942 -0.110742591 -0.019205084 0.040783163 -0.992826343
1403636888751666432.000000 0.012417608 0.138524085 0.146394670 -0.111280017 -0.018492293 0.039330028 -0.992838383
1403636888801666560.000000 0.012369918 0.137971565 0.144829273 0.111082003 0.018932952 -0.040340085 0.992811739
1403636888851666432.000000 0.012321153 0.138025135 0.144774318 0.110829718 0.018824197 -0.040232804 0.992846310
1403636888901666560.000000 0.011987745 0.138944909 0.146701619 -0.111226954 -0.018073119 0.039093286 -0.992861331
1403636888951666432.000000 0.011831241 0.138784304 0.144998580 -0.110646665 -0.018978365 0.040522087 -0.992852032
1403636889001666560.000000 0.011991692 0.138467535 0.145105943 -0.111068755 -0.019086868 0.040374666 -0.992808819
1403636889051666432.000000 0.012215436 0.138299182 0.144972399 -0.110982478 -0.019001592 0.040063456 -0.992832661
1403636889101666560.000000 0.012140408 0.138269931 0.145013094 -0.110695310 -0.019036045 0.040360615 -0.992852092
1403636889151666432.000000 0.012114431 0.138050616 0.144743949 -0.110747807 -0.019025235 0.040395059 -0.992845058
1403636889201666560.000000 0.012077908 0.138042539 0.144660637 -0.110659286 -0.018920632 0.040293757 -0.992861032
1403636889251666432.000000 0.012092417 0.138085067 0.144619480 -0.110614568 -0.018911252 0.040190086 -0.992870390
1403636889301666560.000000 0.012196994 0.138062790 0.144375861 0.110382222 0.019067418 -0.040288012 0.992889285
1403636889351666432.000000 0.012221194 0.138067290 0.144373953 0.110453442 0.019124396 -0.040360868 0.992877305
1403636889401666560.000000 0.012061631 0.137494996 0.144581735 -0.110740006 -0.019085303 0.040492855 -0.992840827
1403636889451666432.000000 0.012036817 0.137612075 0.144888431 -0.110602148 -0.018920574 0.040364642 -0.992864549
1403636889501666560.000000 0.012044260 0.137798637 0.144832686 -0.110506997 -0.018892702 0.040535353 -0.992868721
1403636889551666432.000000 0.012138020 0.137933552 0.144917116 -0.110498831 -0.018931245 0.040416993 -0.992873669
1403636889601666560.000000 0.012332506 0.138125405 0.144792438 -0.110198013 -0.019239718 0.040625703 -0.992892683
1403636889651666432.000000 0.012338654 0.138263151 0.144795671 -0.110550821 -0.018955961 0.039912075 -0.992887795
1403636889701666560.000000 0.012379666 0.138289541 0.144696936 -0.110470146 -0.019084387 0.040275145 -0.992879689
1403636889751666432.000000 0.012377739 0.138243526 0.144680023 -0.110459894 -0.019102640 0.040134735 -0.992886186
1403636889801666560.000000 0.012304812 0.138354257 0.144262984 0.110642299 0.019123234 -0.040132359 0.992865622
1403636889851666432.000000 0.012306548 0.138430119 0.144237161 0.110452428 0.019105744 -0.039966654 0.992893755
1403636889901666560.000000 0.012324083 0.138452023 0.144116431 0.110362433 0.019062689 -0.039880030 0.992908001
1403636889951666432.000000 0.012398261 0.138413727 0.144222334 -0.110684700 -0.018875686 0.040130995 -0.992865622
1403636890001666560.000000 0.012396520 0.138582572 0.144120723 -0.110639215 -0.018899012 0.039922271 -0.992878675
1403636890051666432.000000 0.012303869 0.138434663 0.144256949 -0.110250391 -0.018855438 0.040339906 -0.992905915
1403636890101666560.000000 0.012434127 0.138636857 0.144135460 -0.110062994 -0.019112397 0.039539754 -0.992953956
1403636890151666432.000000 0.012512536 0.138599336 0.144046664 -0.110279143 -0.019515719 0.039700195 -0.992915690
1403636890201666560.000000 0.012421699 0.138340548 0.144049242 -0.110786729 -0.019509679 0.039909519 -0.992850959
1403636890251666432.000000 0.012361259 0.138035849 0.143865645 -0.110919423 -0.019566488 0.040738337 -0.992801309
1403636890301666560.000000 0.012115118 0.138101310 0.144569024 0.110847749 0.019483920 -0.041071676 0.992797196
1403636890351666432.000000 0.012004835 0.138213307 0.144619271 0.110531919 0.019275986 -0.040978916 0.992840290
1403636890401666560.000000 0.012032693 0.138288736 0.144693196 0.110085763 0.019435983 -0.040828478 0.992892981
1403636890451666432.000000 0.011822065 0.138404191 0.143080160 -0.109941825 -0.019290952 0.040062528 -0.992942989
1403636890501666560.000000 0.011955091 0.138536230 0.144044846 -0.109917752 -0.020237897 0.040576190 -0.992905915
1403636890551666432.000000 0.012331682 0.138467237 0.143452391 -0.110665701 -0.019749196 0.039899196 -0.992860138
1403636890601666560.000000 0.012522613 0.138149679 0.143432423 -0.110890463 -0.019687528 0.040633019 -0.992806494
1403636890651666432.000000 0.012203343 0.138173759 0.144571632 -0.110890508 -0.019766239 0.041098200 -0.992785752
1403636890701666560.000000 0.012167411 0.138178080 0.144730493 -0.110694386 -0.019473208 0.041065805 -0.992814779
1403636890751666432.000000 0.012145543 0.138232782 0.145020276 -0.110349819 -0.019451534 0.040884901 -0.992861032
1403636890801666560.000000 0.012415865 0.138464421 0.144474596 0.110159583 0.019235974 -0.039988667 0.992922902
1403636890851666432.000000 0.012416909 0.138491735 0.144639120 0.110105000 0.019506691 -0.040064368 0.992920578
1403636890901666560.000000 0.012325019 0.138389975 0.144563556 0.110380776 0.019550499 -0.040119573 0.992886901
1403636890951666432.000000 0.012666204 0.137244031 0.144633472 -0.110443868 -0.019228918 0.040479906 -0.992871523
1403636891001666560.000000 0.012501558 0.137729183 0.144694939 -0.110603631 -0.019278679 0.040322673 -0.992859125
1403636891051666432.000000 0.012436277 0.137979820 0.144838125 -0.110503033 -0.019217856 0.040495407 -0.992864549
1403636891101666560.000000 0.012069155 0.138342604 0.145156369 -0.110397585 -0.019769371 0.040765312 -0.992854357
1403636891151666432.000000 0.012385768 0.138116986 0.144815341 -0.110509194 -0.019400395 0.040456444 -0.992861867
1403636891201666560.000000 0.012358883 0.138158932 0.144755647 -0.110488236 -0.019416258 0.040509723 -0.992861688
1403636891251666432.000000 0.012381301 0.138114572 0.144747391 -0.110544540 -0.019422965 0.040485147 -0.992856324
1403636891301666560.000000 0.012154525 0.138307631 0.144561425 0.110568419 0.019736379 -0.040895790 0.992830634
1403636891351666432.000000 0.012158530 0.138245508 0.144517139 0.110581405 0.019809168 -0.040871251 0.992828786
1403636891401666560.000000 0.012230153 0.138675496 0.145040154 -0.110548496 -0.019825222 0.040882234 -0.992831707
1403636891451666432.000000 0.012298265 0.138694197 0.145200536 -0.110587440 -0.019818218 0.040836174 -0.992829382
1403636891501666560.000000 0.012354089 0.138597906 0.145255178 -0.110617250 -0.019823512 0.040860649 -0.992824912
1403636891551666432.000000 0.012343097 0.138493165 0.145139366 -0.110603556 -0.019806286 0.040861931 -0.992826760
1403636891601666560.000000 0.012323850 0.138406575 0.144934043 -0.110593259 -0.019792916 0.040854707 -0.992828429
1403636891651666432.000000 0.012291792 0.138326645 0.144724488 -0.110536970 -0.019809447 0.040805366 -0.992836416
1403636891701666560.000000 0.012247575 0.138298050 0.144460291 -0.110515222 -0.019885836 0.040839393 -0.992835939
1403636891751666432.000000 0.012269318 0.138329685 0.144293115 -0.110516340 -0.019912058 0.040863093 -0.992834330
1403636891801666560.000000 0.012278754 0.138268307 0.144616649 0.110657550 0.019429395 -0.040485520 0.992843628
1403636891851666432.000000 0.012302397 0.138299957 0.144514352 0.110616855 0.019446170 -0.040644515 0.992841303
1403636891901666560.000000 0.012366900 0.138612598 0.144582778 -0.110710010 -0.019663861 0.040730394 -0.992823124
1403636891951666432.000000 0.012417044 0.138600022 0.144519284 -0.110632978 -0.019665221 0.040820569 -0.992828012
1403636892001666560.000000 0.012548257 0.138313606 0.144332841 -0.110617071 -0.019467071 0.040489025 -0.992847204
1403636892051666432.000000 0.012482857 0.138245791 0.144284919 -0.110613063 -0.019491073 0.040495817 -0.992846906
1403636892101666560.000000 0.012289560 0.138466358 0.144442558 -0.110612087 -0.019711854 0.040774696 -0.992831230
1403636892151666432.000000 0.012246104 0.138394982 0.144484296 -0.110621713 -0.019743150 0.040718023 -0.992831886
1403636892201666560.000000 0.012231307 0.138403326 0.144559726 -0.110559344 -0.019729609 0.040814120 -0.992835164
1403636892251666432.000000 0.012210589 0.138399184 0.144657090 -0.110569872 -0.019767027 0.040815234 -0.992833197
1403636892301666560.000000 0.012387085 0.138387412 0.144661993 0.110458545 0.019400995 -0.040833622 0.992852092
1403636892351666432.000000 0.012379608 0.138315827 0.144576192 0.110554852 0.019495795 -0.040569782 0.992850304
1403636892401666560.000000 0.012385364 0.138330758 0.144590065 0.110411771 0.019488025 -0.040529754 0.992868006
1403636892451666432.000000 0.012485833 0.138267979 0.144668102 -0.110426255 -0.019627159 0.040619120 -0.992860019
1403636892501666560.000000 0.012428167 0.138348624 0.144681066 -0.110476501 -0.019527227 0.040517397 -0.992860556
1403636892551666432.000000 0.012396127 0.138428807 0.144637153 -0.110481486 -0.019473623 0.040569309 -0.992858946
1403636892601666560.000000 0.012359465 0.138435006 0.144579872 -0.110529929 -0.019557120 0.040540621 -0.992853045
1403636892651666432.000000 0.012319561 0.138498977 0.144588947 -0.110519484 -0.019478485 0.040514123 -0.992856860
1403636892701666560.000000 0.012141395 0.138495818 0.144544572 -0.110486493 -0.019783271 0.040797215 -0.992842913
1403636892751666432.000000 0.012376846 0.138451368 0.144682467 -0.110522546 -0.019521168 0.040610943 -0.992851734
1403636892801666560.000000 0.012094973 0.138265371 0.144840464 0.110473990 0.020020267 -0.040990394 0.992831647
1403636892851666432.000000 0.012057928 0.138251662 0.144851372 0.110436983 0.019900059 -0.040950384 0.992839754
1403636892901666560.000000 0.012156069 0.138543218 0.145088702 -0.110543855 -0.019509306 0.040779009 -0.992842734
1403636892951666432.000000 0.012188255 0.138553187 0.145192623 -0.110575780 -0.019589618 0.040815525 -0.992836058
1403636893001666560.000000 0.012191998 0.138548315 0.145224720 -0.110557564 -0.019688558 0.040851898 -0.992834628
1403636893051666432.000000 0.012159831 0.138496876 0.145144314 -0.110578336 -0.019693876 0.040755715 -0.992836118
1403636893101666560.000000 0.012158080 0.138506293 0.144987687 -0.110538505 -0.019764544 0.040839534 -0.992835760
1403636893151666432.000000 0.012276267 0.138412550 0.144977719 -0.110602580 -0.019513614 0.040467866 -0.992848814
1403636893201666560.000000 0.012047714 0.138376653 0.144895181 -0.110426106 -0.020048736 0.040932056 -0.992838740
1403636893251666432.000000 0.012252919 0.138369188 0.144767761 -0.110610768 -0.019487981 0.040535253 -0.992845595
1403636893301666560.000000 0.012311648 0.138291001 0.144827947 0.110546656 0.019519862 -0.040561762 0.992851019
1403636893351666432.000000 0.012340400 0.138265207 0.144745022 0.110592768 0.019547105 -0.040555384 0.992845654
1403636893401666560.000000 0.012384489 0.138277784 0.144704133 0.110548377 0.019481214 -0.040580068 0.992850900
1403636893451666432.000000 0.012119139 0.138413444 0.144870013 -0.110566638 -0.019711515 0.040738579 -0.992837787
1403636893501666560.000000 0.012342231 0.138359502 0.144916922 -0.110602200 -0.019316984 0.040427022 -0.992854297
1403636893551666432.000000 0.012191613 0.138450995 0.144866273 -0.110552810 -0.019671768 0.040812992 -0.992837131
1403636893601666560.000000 0.012174265 0.138448685 0.144871429 -0.110518269 -0.019651312 0.040773436 -0.992842972
1403636893651666432.000000 0.012315912 0.138375938 0.144840285 -0.110657074 -0.019445548 0.040572427 -0.992839754
1403636893701666560.000000 0.012322493 0.138381273 0.144818559 -0.110654473 -0.019355973 0.040538818 -0.992843151
1403636893751666432.000000 0.012359811 0.138415441 0.144572154 -0.110628903 -0.019574527 0.040677570 -0.992836118
1403636893801666560.000000 0.012401038 0.138286725 0.144858643 0.110625066 0.019383563 -0.040566444 0.992844760
1403636893851666432.000000 0.012433123 0.138290614 0.144800305 0.110637158 0.019418286 -0.040664990 0.992838740
1403636893901666560.000000 0.012212661 0.138503715 0.144623488 -0.110654265 -0.019649310 0.040766958 -0.992828071
1403636893951666432.000000 0.012116386 0.138657615 0.144591764 -0.110740535 -0.019530879 0.040703841 -0.992823422
1403636894001666560.000000 0.012364767 0.138477936 0.144799814 -0.110701658 -0.019367417 0.040408913 -0.992843032
1403636894051666432.000000 0.012176070 0.138597965 0.144570678 -0.110719718 -0.019612135 0.040651411 -0.992826343
1403636894101666560.000000 0.012425182 0.138388574 0.144770637 -0.110633940 -0.019365933 0.040410243 -0.992850542
1403636894151666432.000000 0.012230285 0.138486356 0.144583300 -0.110690810 -0.019617906 0.040630516 -0.992830217
1403636894201666560.000000 0.012225525 0.138458386 0.144612178 -0.110636882 -0.019654071 0.040660948 -0.992834330
1403636894251666432.000000 0.012216969 0.138394967 0.144699380 -0.110645518 -0.019630112 0.040583629 -0.992837012
1403636894301666560.000000 0.012398168 0.138267279 0.144743413 0.110649720 0.019425526 -0.040366068 0.992849350
1403636894351666432.000000 0.012385556 0.138270110 0.144714147 0.110695116 0.019348778 -0.040344838 0.992846727
1403636894401666560.000000 0.012393029 0.138296306 0.144731820 0.110652015 0.019350158 -0.040424593 0.992848277
1403636894451666432.000000 0.012179830 0.138375193 0.144651845 -0.110653885 -0.019523272 0.040620275 -0.992836654
1403636894501666560.000000 0.012167530 0.138359323 0.144663021 -0.110731922 -0.019571975 0.040676754 -0.992824674
1403636894551666432.000000 0.012389785 0.138191417 0.144947216 -0.110647149 -0.019413561 0.040352654 -0.992850482
1403636894601666560.000000 0.012133623 0.138361916 0.144702524 -0.110628292 -0.019599197 0.040654819 -0.992836535
1403636894651666432.000000 0.012148273 0.138333023 0.144752428 -0.110652149 -0.019622298 0.040679976 -0.992832482
1403636894701666560.000000 0.012164225 0.138327301 0.144797459 -0.110693783 -0.019703502 0.040634848 -0.992828071
1403636894751666432.000000 0.012407221 0.138128251 0.145114124 -0.110680774 -0.019494457 0.040356595 -0.992844999
1403636894801666560.000000 0.012359178 0.138304815 0.144356862 0.110690445 0.019348748 -0.040242933 0.992851377
1403636894851666432.000000 0.012365184 0.138325572 0.144339040 0.110636882 0.019348314 -0.040298879 0.992855072
1403636894901666560.000000 0.012375131 0.138320029 0.144266844 0.110450856 0.019415976 -0.040360540 0.992872000
1403636894951666432.000000 0.012344586 0.138283357 0.144272670 0.110548995 0.019380899 -0.040278964 0.992865026
1403636895001666560.000000 0.012274599 0.138418138 0.145328969 -0.110555023 -0.019588234 0.040691264 -0.992843509
1403636895051666432.000000 0.012452388 0.138300478 0.144904256 -0.110644698 -0.019284641 0.040243912 -0.992857635
1403636895101666560.000000 0.012435305 0.138342857 0.144726083 -0.110622615 -0.019330654 0.040272813 -0.992858052
1403636895151666432.000000 0.012434796 0.138370827 0.144542128 -0.110559970 -0.019497167 0.040490948 -0.992852867
1403636895201666560.000000 0.012445332 0.138362125 0.144417375 -0.110554896 -0.019450027 0.040263746 -0.992863655
1403636895251666432.000000 0.012470213 0.138381943 0.144310042 -0.110497005 -0.019468078 0.040432926 -0.992862821
1403636895301666560.000000 0.012314242 0.138322026 0.144654945 0.110519506 0.019605055 -0.040581640 0.992851615
1403636895351666432.000000 0.012332793 0.138326526 0.144652829 0.110425919 0.019572835 -0.040740971 0.992856085
1403636895401666560.000000 0.012393856 0.138609648 0.144569829 -0.110554747 -0.019654419 0.040711813 -0.992841363
1403636895451666432.000000 0.012467823 0.138604507 0.144518346 -0.110525608 -0.019669201 0.040801141 -0.992840588
1403636895501666560.000000 0.012463579 0.138521299 0.144477144 -0.110584855 -0.019725392 0.040724780 -0.992836058
1403636895551666432.000000 0.012688952 0.138394207 0.144377366 -0.110548511 -0.019351762 0.040314667 -0.992864251
1403636895601666560.000000 0.012418050 0.138488427 0.144416109 -0.110568807 -0.019635102 0.040698454 -0.992840767
1403636895651666432.000000 0.012340453 0.138449490 0.144461334 -0.110547282 -0.019740829 0.040897794 -0.992832839
1403636895701666560.000000 0.012284894 0.138414070 0.144521013 -0.110574625 -0.019724183 0.040762793 -0.992835701
1403636895751666432.000000 0.012223013 0.138350978 0.144459322 -0.110559814 -0.019791286 0.040893421 -0.992830634
1403636895801666560.000000 0.012436763 0.138471141 0.145355657 0.110525087 0.019595329 -0.040418994 0.992857814
1403636895851666432.000000 0.012404449 0.138421997 0.145459324 0.110573620 0.019615067 -0.040406466 0.992852509
1403636895901666560.000000 0.012468201 0.138502181 0.145518214 0.110609256 0.019558370 -0.040498968 0.992845833
1403636895951666432.000000 0.012158034 0.138092890 0.144416258 -0.110642113 -0.019777227 0.041018374 -0.992816567
1403636896001666560.000000 0.012187074 0.138176247 0.144266918 -0.110581696 -0.019709257 0.041010741 -0.992824972
1403636896051666432.000000 0.012159458 0.138339803 0.144138023 -0.110580407 -0.019380892 0.041016113 -0.992831409
1403636896101666560.000000 0.012418034 0.138470978 0.143570349 -0.110815912 -0.018428452 0.039993819 -0.992864907
1403636896151666432.000000 0.012346851 0.138421863 0.144058198 -0.110690571 -0.018038113 0.040445220 -0.992867827
1403636896201666560.000000 0.012140396 0.138658941 0.144627884 -0.110731095 -0.017803632 0.040758062 -0.992854714
1403636896251666432.000000 0.012347355 0.138276771 0.144375578 -0.110695630 -0.017570881 0.040643107 -0.992867589
1403636896301666560.000000 0.012473461 0.138565734 0.145285875 0.110753186 0.017609069 -0.040632907 0.992860913
1403636896351666432.000000 0.012533553 0.138510004 0.145310208 0.110702798 0.017999802 -0.040681940 0.992857456
1403636896401666560.000000 0.012525350 0.138538569 0.145469278 0.110750243 0.018280510 -0.040845778 0.992840290
1403636896451666432.000000 0.012677873 0.138981685 0.145347789 -0.110788971 -0.018839151 0.041264866 -0.992808223
1403636896501666560.000000 0.012766875 0.138963580 0.144927323 -0.110893890 -0.018588642 0.040659640 -0.992826223
1403636896551666432.000000 0.012558524 0.138851359 0.145045921 -0.110857025 -0.018621800 0.040702578 -0.992827952
1403636896601666560.000000 0.012452319 0.138620242 0.145153493 -0.110819012 -0.018656723 0.040728781 -0.992830455
1403636896651666432.000000 0.012376374 0.138407707 0.145584822 -0.110864848 -0.018713174 0.041059189 -0.992810726
1403636896701666560.000000 0.012354878 0.138573468 0.145435497 -0.110912010 -0.018198894 0.040746894 -0.992827833
1403636896751666432.000000 0.011987787 0.138832778 0.145695940 -0.110941924 -0.018112648 0.041170929 -0.992808521
1403636896801666560.000000 0.012483986 0.138627723 0.144748315 0.111079089 0.017792080 -0.041029297 0.992804825
1403636896851666432.000000 0.012697045 0.138450935 0.144900262 0.111061491 0.018129464 -0.040876593 0.992807090
1403636896901666560.000000 0.012646435 0.138826221 0.146558672 -0.111008473 -0.018218549 0.041701559 -0.992776990
1403636896951666432.000000 0.012965395 0.138713479 0.147278175 -0.111237414 -0.017934276 0.041165285 -0.992778957
1403636897001666560.000000 0.012904849 0.138689682 0.147841141 -0.111354664 -0.018651269 0.041274071 -0.992748141
1403636897051666432.000000 0.012654725 0.139015496 0.148754433 -0.111889392 -0.019204738 0.042002544 -0.992646813
1403636897101666560.000000 0.012431110 0.139005631 0.147785306 -0.113328472 -0.019280089 0.042802133 -0.992448032
1403636897151666432.000000 0.012251526 0.138880789 0.146444306 -0.115283787 -0.018933453 0.043422759 -0.992202461
1403636897201666560.000000 0.011476627 0.139040053 0.144375369 -0.116400242 -0.018422419 0.044035777 -0.992054701
1403636897251666432.000000 0.011107250 0.139794171 0.142394349 -0.116467357 -0.017396133 0.043532796 -0.992087543
1403636897301666560.000000 0.010868213 0.141229525 0.140193492 0.115084916 0.016946569 -0.043236971 0.992269576
1403636897351666432.000000 0.010407357 0.144031882 0.137215570 0.112717971 0.015766062 -0.042805605 0.992579401
1403636897401666560.000000 0.009155638 0.148424536 0.132820725 -0.109097846 -0.012549991 0.043887433 -0.992982447
1403636897451666432.000000 0.006974510 0.152792796 0.130050540 0.105513476 0.009099319 -0.044613581 0.993374944
1403636897501666560.000000 0.005549885 0.158440486 0.124982856 0.101420894 0.005281764 -0.046447437 0.993744791
1403636897551666432.000000 0.004146952 0.164355114 0.119355261 -0.097397581 -0.000446868 0.047499139 -0.994111359
1403636897601666560.000000 0.002559121 0.169645652 0.107970566 0.093312316 -0.007414598 -0.050042920 0.994350851
1403636897651666432.000000 0.002613963 0.176109582 0.100559644 0.089024283 -0.015353988 -0.054071676 0.994442165
1403636897701666560.000000 0.003819269 0.182769477 0.092503861 0.084912576 -0.024683582 -0.058839709 0.994343281
1403636897751666432.000000 0.007319200 0.189175919 0.084134869 -0.082439743 0.032429557 0.063008107 -0.994073510
1403636897801666560.000000 0.011235762 0.195817590 0.079904944 0.080598749 -0.038887460 -0.066394128 0.993772328
1403636897851666432.000000 0.017362364 0.201274022 0.071824774 0.079549320 -0.044687375 -0.068642199 0.993460238
1403636897901666560.000000 0.025897536 0.206450015 0.063775487 0.079444729 -0.048771102 -0.069781817 0.993197143
1403636897951666432.000000 0.036056180 0.210321292 0.057161126 0.080143899 -0.045735076 -0.070726611 0.993218541
1403636898001666560.000000 0.045815799 0.213311762 0.052389517 -0.081459239 0.039618615 0.071080245 -0.993349135
1403636898051666432.000000 0.053805031 0.216032207 0.048999496 -0.083307944 0.033489306 0.070680156 -0.993449867
1403636898101666560.000000 0.060388461 0.219393328 0.047006495 -0.085727923 0.029080251 0.069584742 -0.993460178
1403636898151666432.000000 0.066038623 0.222091779 0.045241959 -0.087605156 0.026080381 0.069279239 -0.993401051
1403636898201666560.000000 0.072325081 0.223836944 0.044191092 -0.089442372 0.023826651 0.069890283 -0.993251145
1403636898251666432.000000 0.079793923 0.225696340 0.044221979 -0.091127753 0.023206787 0.070558943 -0.993065357
1403636898301666560.000000 0.088091917 0.227664247 0.043207277 -0.092715621 0.023130536 0.070402585 -0.992931187
1403636898351666432.000000 0.097126223 0.228425324 0.042875882 -0.094336949 0.023482515 0.071187042 -0.992714286
1403636898401666560.000000 0.108049922 0.228697270 0.044359803 0.096469052 -0.023480486 -0.071307413 0.992500722
1403636898451666432.000000 0.118789509 0.228452817 0.044226043 0.098431960 -0.024219327 -0.071575269 0.992271006
1403636898501666560.000000 0.130043030 0.227934450 0.044343043 0.100493006 -0.024806667 -0.071351767 0.992065966
1403636898551666432.000000 0.141271949 0.227299958 0.043466836 -0.102128297 0.024824498 0.071375430 -0.991896749
1403636898601666560.000000 0.152925029 0.226404727 0.044139821 -0.103152879 0.025348084 0.072655059 -0.991684556
1403636898651666432.000000 0.164520815 0.225262463 0.045439381 -0.104041442 0.025468379 0.073639937 -0.991515994
1403636898701666560.000000 0.175599173 0.223608896 0.047217842 -0.104875199 0.026210517 0.074540876 -0.991341472
1403636898751666432.000000 0.186361864 0.221612796 0.049909782 -0.106051855 0.026725814 0.074241512 -0.991225004
1403636898801666560.000000 0.196854293 0.219446734 0.053279370 -0.107340343 0.026431680 0.073811330 -0.991126299
1403636898851666432.000000 0.206795707 0.216953725 0.057367127 -0.108471245 0.027186014 0.072544515 -0.991076291
1403636898901666560.000000 0.217069283 0.215225101 0.064487748 0.109769113 -0.028531656 -0.070856027 0.991017759
1403636898951666432.000000 0.226363659 0.212514386 0.070109367 0.111540511 -0.029512778 -0.067837536 0.991002440
1403636899001666560.000000 0.234594658 0.209874123 0.075686179 -0.112315036 0.030235263 0.063900203 -0.991154909
1403636899051666432.000000 0.242867991 0.207984865 0.082939334 -0.111366987 0.029676769 0.060153063 -0.991513193
1403636899101666560.000000 0.251241773 0.207037881 0.091089934 -0.108082779 0.028158898 0.056684166 -0.992125094
1403636899151666432.000000 0.260000527 0.207089975 0.099794306 -0.102551728 0.025495419 0.054872703 -0.992885828
1403636899201666560.000000 0.269256949 0.208055466 0.109116271 -0.095407315 0.021334825 0.053374816 -0.993777394
1403636899251666432.000000 0.278529763 0.209683836 0.118545964 -0.087107129 0.015004333 0.049971174 -0.994831741
1403636899301666560.000000 0.287655264 0.212196067 0.128031850 -0.077319652 0.009441228 0.046388362 -0.995881915
1403636899351666432.000000 0.296424717 0.215488374 0.137395799 -0.065500192 0.003960010 0.043349050 -0.996902645
1403636899401666560.000000 0.304338634 0.221136540 0.151977628 0.052902143 0.000143394 -0.040179640 0.997791052
1403636899451666432.000000 0.312020361 0.225560859 0.160233408 0.041136313 0.001957953 -0.035625666 0.998516321
1403636899501666560.000000 0.318449378 0.230271623 0.168040216 0.031609297 -0.000392090 -0.028517876 0.999093354
1403636899551666432.000000 0.324740410 0.235863417 0.174239427 -0.023544768 0.004710704 0.022564551 -0.999457061
1403636899601666560.000000 0.330526471 0.241480038 0.180647641 -0.016634485 0.008727985 0.017512159 -0.999670148
1403636899651666432.000000 0.336523086 0.247625872 0.187210470 -0.010992211 0.011292254 0.013047359 -0.999790728
1403636899701666560.000000 0.342857927 0.254583746 0.194077149 -0.005794616 0.013519261 0.010482578 -0.999836981
1403636899751666432.000000 0.349035472 0.262574822 0.201454520 -0.000925910 0.015821911 0.008806429 -0.999835670
1403636899801666560.000000 0.354876429 0.271380961 0.209425420 0.003508815 0.017436858 0.009115635 -0.999800265
1403636899851666432.000000 0.360295445 0.281125337 0.217940524 0.007693514 0.017935634 0.011589296 -0.999742448
1403636899901666560.000000 0.362155139 0.292009681 0.228147805 -0.011091428 -0.016969245 -0.014507315 0.999689281
1403636899951666432.000000 0.366944313 0.302986383 0.237939149 -0.013642035 -0.014360719 -0.016822539 0.999662280
1403636900001666560.000000 0.371355563 0.314111859 0.248103201 -0.015732432 -0.010890953 -0.019468682 0.999627411
1403636900051666432.000000 0.375812709 0.325835377 0.259006590 0.016667806 0.006673043 0.020435616 -0.999629974
1403636900101666560.000000 0.380782336 0.337144554 0.269204140 0.017002806 0.002059769 0.021562601 -0.999620855
1403636900151666432.000000 0.387427986 0.348359317 0.278282464 0.017179865 -0.002192735 0.022385420 -0.999599457
1403636900201666560.000000 0.395887464 0.359372705 0.286224693 0.016903805 -0.004192117 0.023795402 -0.999565125
1403636900251666432.000000 0.406146765 0.370204866 0.292652011 0.016641937 -0.004085929 0.024934508 -0.999542236
1403636900301666560.000000 0.418058068 0.380619794 0.297373325 0.016045276 -0.002699158 0.026033755 -0.999528646
1403636900351666432.000000 0.427953750 0.389154226 0.293900520 -0.014549125 -0.001162453 -0.025409793 0.999570608
1403636900401666560.000000 0.442690820 0.399011284 0.295825243 -0.013213355 -0.005481845 -0.025872087 0.999562919
1403636900451666432.000000 0.457597524 0.408785522 0.297742307 -0.011669921 -0.009846170 -0.026363846 0.999535859
1403636900501666560.000000 0.473216951 0.418529212 0.300557733 0.010199795 0.012510727 0.027496701 -0.999491572
1403636900551666432.000000 0.487015843 0.428322673 0.303257793 0.008727502 0.014511894 0.027451715 -0.999479711
1403636900601666560.000000 0.499745756 0.438202500 0.306669503 0.007213775 0.016254272 0.027640644 -0.999459803
1403636900651666432.000000 0.510778069 0.448391855 0.310860425 0.005907684 0.019894850 0.027753184 -0.999399364
1403636900701666560.000000 0.520155132 0.458865792 0.315850675 0.004770783 0.024701225 0.027000388 -0.999318779
1403636900751666432.000000 0.528010905 0.469717801 0.317803562 -0.003326160 -0.029484585 -0.026472047 0.999209106
1403636900801666560.000000 0.535169780 0.480368674 0.324983329 -0.001594823 -0.031998795 -0.024482120 0.999186814
1403636900851666432.000000 0.541439295 0.491447389 0.333118707 0.000051560 -0.030615034 -0.022175200 0.999285281
1403636900901666560.000000 0.547184944 0.502970099 0.343229920 -0.002894175 0.028911302 0.016879089 -0.999435306
1403636900951666432.000000 0.552130342 0.515152931 0.354029715 -0.004666026 0.026007470 0.013995709 -0.999552965
1403636901001666560.000000 0.556206286 0.528444886 0.365849912 -0.005481042 0.023453584 0.011831565 -0.999639928
1403636901051666432.000000 0.559212804 0.542853534 0.378590792 -0.006574390 0.022202762 0.009830668 -0.999683559
1403636901101666560.000000 0.561543047 0.558256626 0.391802341 -0.007596568 0.020709192 0.007665838 -0.999727368
1403636901151666432.000000 0.563448250 0.574844539 0.405412346 -0.007960939 0.019959889 0.006685058 -0.999746799
1403636901201666560.000000 0.565649509 0.592311561 0.419192404 -0.008111851 0.018924762 0.006390477 -0.999767601
1403636901251666432.000000 0.574589550 0.610560358 0.424797088 0.007563195 -0.019035051 -0.008398029 0.999754965
1403636901301666560.000000 0.579899609 0.630341887 0.437026739 0.006680139 -0.018253474 -0.010987822 0.999750733
1403636901351666432.000000 0.585869253 0.650930285 0.449037611 0.005945664 -0.017824719 -0.012742724 0.999742270
1403636901401666560.000000 0.593083143 0.672662020 0.462819099 -0.004949152 0.017553741 0.015104955 -0.999719560
1403636901451666432.000000 0.603485644 0.694548130 0.476507574 -0.003748350 0.016999669 0.017871726 -0.999688804
1403636901501666560.000000 0.614886642 0.716892600 0.489640951 -0.002510976 0.016343959 0.020996546 -0.999642849
1403636901551666432.000000 0.630873203 0.740359724 0.493887395 0.001382989 -0.016577156 -0.023634201 0.999582350
1403636901601666560.000000 0.640721679 0.762976646 0.507829010 0.000874762 -0.015660943 -0.024981648 0.999564886
1403636901651666432.000000 0.649103284 0.785866976 0.522366881 0.000439398 -0.013665599 -0.025914678 0.999570668
1403636901701666560.000000 0.655209839 0.808310211 0.537409902 -0.000265635 0.012422124 0.025743015 -0.999591410
1403636901751666432.000000 0.659569979 0.831231952 0.553120732 -0.000976647 0.011497248 0.024275137 -0.999638796
1403636901801666560.000000 0.662597835 0.854499876 0.569263875 -0.000627806 0.011266347 0.024551837 -0.999634922
1403636901851666432.000000 0.664508820 0.877882898 0.585671008 -0.000427069 0.011250241 0.025168082 -0.999619901
1403636901901666560.000000 0.665376663 0.901435852 0.602241337 -0.000538155 0.011053399 0.025499564 -0.999613643
1403636901951666432.000000 0.665044010 0.925080657 0.618764520 -0.000352383 0.011205963 0.026275920 -0.999591887
1403636902001666560.000000 0.668009579 0.952731848 0.622624397 0.000492915 -0.011057910 -0.027436484 0.999562323
1403636902051666432.000000 0.668492138 0.976417780 0.638800740 0.000795752 -0.010971671 -0.028248563 0.999540448
1403636902101666560.000000 0.670608163 1.000031710 0.653902233 0.001005101 -0.009961459 -0.028534219 0.999542654
1403636902151666432.000000 0.673615038 1.022057056 0.669999957 -0.001117255 0.010145525 0.029523266 -0.999512017
1403636902201666560.000000 0.678770423 1.044656515 0.684783340 -0.001201630 0.010431780 0.029777130 -0.999501467
1403636902251666432.000000 0.684638381 1.067230225 0.699024796 -0.001365205 0.010535865 0.028330563 -0.999542177
1403636902301666560.000000 0.690261602 1.089880705 0.712927878 -0.001538640 0.010703837 0.026413731 -0.999592602
1403636902351666432.000000 0.693320036 1.112849712 0.727270305 -0.001339893 0.011082950 0.025266560 -0.999618471
1403636902401666560.000000 0.693270802 1.136434793 0.742500007 -0.000583872 0.011719278 0.024446648 -0.999632359
1403636902451666432.000000 0.689698994 1.160637259 0.758474052 0.000679485 0.012397362 0.024570914 -0.999621034
1403636902501666560.000000 0.675865710 1.189857960 0.766877651 -0.001889152 -0.013174542 -0.025869647 0.999576807
1403636902551666432.000000 0.668278277 1.214594245 0.783842742 -0.004132779 -0.012390460 -0.028072327 0.999520540
1403636902601666560.000000 0.661165535 1.239146471 0.800894439 -0.006474328 -0.013200665 -0.030652095 0.999421954
1403636902651666432.000000 0.658778369 1.264366388 0.817995727 0.008725554 0.012416700 0.033360038 -0.999328136
1403636902701666560.000000 0.656002939 1.288250446 0.834209502 0.010341803 0.011582161 0.034215793 -0.999293923
1403636902751666432.000000 0.654664457 1.311371207 0.849340618 0.011557000 0.010731624 0.034370035 -0.999284804
1403636902801666560.000000 0.655040801 1.333710432 0.863709331 0.011718731 0.010741237 0.033217520 -0.999321759
1403636902851666432.000000 0.657166779 1.355176568 0.877251625 0.011170757 0.008993930 0.032819234 -0.999358475
1403636902901666560.000000 0.651820719 1.376213551 0.889411151 -0.010285246 -0.006426011 -0.032178111 0.999408603
1403636902951666432.000000 0.656739593 1.396521568 0.900865972 -0.009374171 -0.005456469 -0.032268666 0.999420404
1403636903001666560.000000 0.662103236 1.416316152 0.910802841 -0.008437252 -0.006728960 -0.032008540 0.999429405
1403636903051666432.000000 0.670689642 1.436142802 0.917900562 0.007364972 0.006474929 0.031705540 -0.999449193
1403636903101666560.000000 0.680239975 1.454974294 0.926273584 0.006013725 0.007563742 0.031492569 -0.999457300
1403636903151666432.000000 0.693011403 1.473301649 0.934577942 0.004879315 0.008513782 0.031489778 -0.999455988
1403636903201666560.000000 0.707513213 1.491299391 0.941944182 0.003689247 0.009329102 0.031230073 -0.999461889
1403636903251666432.000000 0.722985625 1.509224772 0.947909951 0.002563157 0.011188580 0.031710126 -0.999431252
1403636903301666560.000000 0.739101350 1.527207851 0.952912986 0.001996986 0.012390998 0.033010285 -0.999376178
1403636903351666432.000000 0.754833937 1.545248866 0.958265543 0.001674834 0.013544166 0.034161281 -0.999323189
1403636903401666560.000000 0.777945638 1.560583949 0.968364775 -0.001811608 -0.014462380 -0.036618292 0.999223053
1403636903451666432.000000 0.790160358 1.578575015 0.974749207 -0.001558458 -0.015440794 -0.037819598 0.999164104
1403636903501666560.000000 0.801189005 1.595980287 0.982001424 -0.001154135 -0.015142580 -0.038196471 0.999154866
1403636903551666432.000000 0.809396625 1.613468647 0.987349510 0.000721047 0.015168604 0.038717292 -0.999134839
1403636903601666560.000000 0.816359818 1.630655289 0.994589031 0.000074023 0.015858872 0.038384892 -0.999137223
1403636903651666432.000000 0.821045041 1.647541285 1.002435088 -0.000703425 0.018726833 0.036852211 -0.999145031
1403636903701666560.000000 0.824178159 1.664252400 1.010985136 -0.001874866 0.020890765 0.034472127 -0.999185622
1403636903751666432.000000 0.826474249 1.680961847 1.020367742 -0.002597202 0.023652855 0.033088315 -0.999169171
1403636903801666560.000000 0.829660475 1.697603345 1.030336618 -0.004037509 0.025001796 0.029750852 -0.999236465
1403636903851666432.000000 0.834553003 1.714240551 1.041658759 -0.005542802 0.026310746 0.026097214 -0.999297738
1403636903901666560.000000 0.851049721 1.727203012 1.061054111 0.005674329 -0.025872696 -0.025070110 0.999334753
1403636903951666432.000000 0.860418022 1.743480325 1.072639465 0.006961260 -0.024418160 -0.022313738 0.999428570
1403636904001666560.000000 0.871962607 1.760012984 1.084296823 0.007359541 -0.022593541 -0.021188963 0.999493122
1403636904051666432.000000 0.885285795 1.777132750 1.093699813 -0.008051664 0.020106947 0.019700352 -0.999571383
1403636904101666560.000000 0.900452018 1.794700384 1.104496241 -0.008294068 0.018935474 0.018489562 -0.999615371
1403636904151666432.000000 0.917349637 1.812814593 1.115185857 -0.008767853 0.019294502 0.016958311 -0.999631643
1403636904201666560.000000 0.935494006 1.831652403 1.125148296 -0.009300940 0.017949086 0.015117853 -0.999681413
1403636904251666432.000000 0.963319004 1.851068497 1.138178229 0.008513149 -0.017301852 -0.015789676 0.999689400
1403636904301666560.000000 0.981563210 1.871237040 1.147364020 0.008558207 -0.016571578 -0.014805690 0.999716520
1403636904351666432.000000 0.999244750 1.892243981 1.157063842 0.008038909 -0.015435827 -0.015130572 0.999734104
1403636904401666560.000000 1.013569355 1.914670229 1.167207956 -0.006880427 0.014396384 0.016180895 -0.999741793
1403636904451666432.000000 1.028011084 1.937232018 1.177579522 -0.005652957 0.013814165 0.018686879 -0.999713957
1403636904501666560.000000 1.041024566 1.960331440 1.188048124 -0.004915457 0.013468392 0.018818738 -0.999720156
1403636904551666432.000000 1.060027599 1.982555747 1.202857256 0.003477925 -0.013815122 -0.020670762 0.999684811
1403636904601666560.000000 1.071203470 2.006905079 1.214046001 0.002300240 -0.013402442 -0.022573343 0.999652743
1403636904651666432.000000 1.081904650 2.031614065 1.225506783 0.000746861 -0.013803092 -0.024317231 0.999608755
1403636904701666560.000000 1.092449307 2.055523396 1.238121510 0.000788773 0.013853842 0.025899790 -0.999568224
1403636904751666432.000000 1.102664828 2.080250263 1.249957919 0.002049143 0.013424681 0.027000541 -0.999543190
1403636904801666560.000000 1.112587333 2.105005741 1.261904240 0.003474832 0.013289059 0.028487556 -0.999499798
1403636904851666432.000000 1.121995807 2.129807949 1.273867965 0.004893888 0.013395996 0.029686427 -0.999457538
1403636904901666560.000000 1.130484223 2.154405594 1.286168933 0.006519932 0.013761128 0.031671237 -0.999382377
1403636904951666432.000000 1.146408081 2.178659201 1.301333666 -0.007941072 -0.014752407 -0.033114813 0.999311209
1403636905001666560.000000 1.152553558 2.202989817 1.314547181 -0.009123536 -0.014311107 -0.033600252 0.999291241
1403636905051666432.000000 1.158089042 2.226844311 1.328058362 -0.009851899 -0.014081623 -0.032919686 0.999310315
1403636905101666560.000000 1.163857460 2.249961853 1.341113210 0.011752082 0.013388391 0.035066273 -0.999226213
1403636905151666432.000000 1.170686483 2.272813797 1.354126215 0.012626038 0.012476059 0.034416303 -0.999250054
1403636905201666560.000000 1.178917766 2.295508623 1.367439747 0.014110261 0.012401004 0.035886727 -0.999179363
1403636905251666432.000000 1.188426018 2.317453146 1.380492806 0.015284355 0.013247701 0.036335971 -0.999134958
1403636905301666560.000000 1.199253798 2.338593245 1.393197179 0.016698694 0.014164855 0.037307728 -0.999063969
1403636905351666432.000000 1.210361600 2.358618259 1.404654622 -0.017531278 -0.016551787 -0.036774606 0.999032736
1403636905401666560.000000 1.223783135 2.377736807 1.416378617 -0.018281920 -0.019023575 -0.037634172 0.998943269
1403636905451666432.000000 1.238549948 2.395603895 1.427871585 -0.017516939 -0.019855166 -0.039503720 0.998868585
1403636905501666560.000000 1.254549026 2.411679983 1.439513564 0.015379214 0.020758748 0.041911088 -0.998787284
1403636905551666432.000000 1.270193338 2.427314758 1.451347232 0.013378046 0.021087702 0.044581126 -0.998693645
1403636905601666560.000000 1.284470320 2.442362070 1.463861108 0.011540542 0.021245806 0.047243234 -0.998590767
1403636905651666432.000000 1.296953917 2.456715822 1.477267146 0.008851233 0.021726212 0.047376059 -0.998601615
1403636905701666560.000000 1.307353377 2.470441580 1.491420388 0.006332785 0.022430381 0.046507943 -0.998646021
1403636905751666432.000000 1.316274524 2.483501196 1.506654978 0.003608054 0.022155832 0.045137364 -0.998728573
1403636905801666560.000000 1.323030353 2.496086836 1.522958040 0.001529568 0.022777952 0.043945245 -0.998773098
1403636905851666432.000000 1.326156259 2.510178328 1.537932634 0.000357830 -0.023268394 -0.043299589 0.998791099
1403636905901666560.000000 1.329533696 2.521801472 1.555140138 0.002030015 -0.024291806 -0.042723369 0.998789549
1403636905951666432.000000 1.331615090 2.532986879 1.573106289 0.003416111 -0.026158065 -0.042132977 0.998763740
1403636906001666560.000000 1.332970262 2.544649363 1.592488885 -0.004536244 0.028550927 0.042459961 -0.998679876
1403636906051666432.000000 1.333601236 2.555628777 1.612326980 -0.004757321 0.030938167 0.044618040 -0.998513639
1403636906101666560.000000 1.333936572 2.565932512 1.633186817 -0.005369266 0.032263055 0.045435656 -0.998431742
1403636906151666432.000000 1.335186839 2.575499773 1.654558897 -0.006326647 0.032723278 0.045765091 -0.998396099
1403636906201666560.000000 1.338791490 2.584462166 1.676367521 -0.006902048 0.030781262 0.046027213 -0.998441994
1403636906251666432.000000 1.345000386 2.592450857 1.698314309 -0.008306834 0.026504451 0.045194581 -0.998592079
1403636906301666560.000000 1.353234053 2.599639654 1.720378280 -0.009395172 0.021272194 0.044127841 -0.998755217
1403636906351666432.000000 1.359372020 2.606047153 1.740903258 0.010705807 -0.017018991 -0.041144576 0.998950899
1403636906401666560.000000 1.369889498 2.612381697 1.761651993 0.012145643 -0.014186546 -0.037918013 0.999106348
1403636906451666432.000000 1.381412745 2.618447304 1.781837940 0.014569720 -0.012647063 -0.030895600 0.999336421
1403636906501666560.000000 1.393395543 2.624944210 1.801249623 -0.016788991 0.012403702 0.024083760 -0.999492049
1403636906551666432.000000 1.404651284 2.631858587 1.820754647 -0.018446589 0.014079012 0.019380357 -0.999542832
1403636906601666560.000000 1.414565563 2.639687538 1.840232611 -0.018762428 0.017405562 0.017309407 -0.999522567
1403636906651666432.000000 1.423640251 2.648513794 1.859925747 -0.018162474 0.018470906 0.018677684 -0.999489963
1403636906701666560.000000 1.431802511 2.658246756 1.879862905 -0.016565941 0.017685235 0.022965722 -0.999442577
1403636906751666432.000000 1.438569665 2.668863773 1.900310874 -0.014772347 0.016945269 0.027776167 -0.999361396
1403636906801666560.000000 1.446690083 2.676642656 1.928631186 0.013133409 -0.017162398 -0.032270782 0.999245465
1403636906851666432.000000 1.451136351 2.687807560 1.950074434 0.012573685 -0.017487470 -0.035197560 0.999148309
1403636906901666560.000000 1.455370069 2.698756218 1.971988916 0.012147892 -0.018053321 -0.038473614 0.999022663
1403636906951666432.000000 1.459040642 2.709839344 1.991413713 -0.012212378 0.018050928 0.040662136 -0.998935223
1403636907001666560.000000 1.465349317 2.719948292 2.011709452 -0.012693389 0.018162968 0.042552657 -0.998848498
1403636907051666432.000000 1.473484397 2.729675293 2.031831741 -0.013482286 0.018101705 0.043031737 -0.998818755
1403636907101666560.000000 1.482846737 2.739190340 2.051554680 -0.014052539 0.019187488 0.043531716 -0.998768985
1403636907151666432.000000 1.492265582 2.748412371 2.071353197 -0.014207895 0.021283843 0.045118075 -0.998653889
1403636907201666560.000000 1.500490785 2.757346630 2.092188358 -0.014929247 0.024384569 0.044874344 -0.998583376
1403636907251666432.000000 1.507252336 2.765857697 2.114380836 -0.015682582 0.027556963 0.044165723 -0.998520970
1403636907301666560.000000 1.512892962 2.771353245 2.147465944 0.016547924 -0.030460786 -0.043868713 0.998435736
1403636907351666432.000000 1.518394351 2.778850555 2.171756744 0.018100535 -0.031421758 -0.041444447 0.998482525
1403636907401666560.000000 1.524801254 2.786037445 2.196514606 0.019786494 -0.032470517 -0.038168799 0.998547614
1403636907451666432.000000 1.533061743 2.791994333 2.219690323 -0.020881630 0.033427782 0.035928968 -0.998576880
1403636907501666560.000000 1.543533206 2.798678637 2.244253397 -0.022717493 0.032876913 0.032197967 -0.998682380
1403636907551666432.000000 1.556481361 2.805617809 2.268790007 -0.024135198 0.033878386 0.027833665 -0.998746753
1403636907601666560.000000 1.572228074 2.813063145 2.293361664 -0.024927463 0.033080008 0.026768029 -0.998783231
1403636907651666432.000000 1.588866234 2.823085785 2.324026585 0.025698291 -0.032846496 -0.024872126 0.998820364
1403636907701666560.000000 1.608532190 2.832000017 2.350147963 0.026339922 -0.032771926 -0.023163909 0.998847187
1403636907751666432.000000 1.629808187 2.841891050 2.376041174 0.026705494 -0.032430623 -0.022743005 0.998858273
1403636907801666560.000000 1.653140783 2.851957083 2.400554657 -0.027115986 0.032166623 0.021167040 -0.998890400
1403636907851666432.000000 1.673993111 2.863443375 2.427509546 -0.027349725 0.031585600 0.020412296 -0.998918235
1403636907901666560.000000 1.692230225 2.875637531 2.456994534 -0.027390067 0.030139176 0.021060064 -0.998948395
1403636907951666432.000000 1.707675934 2.888632059 2.489430904 -0.026710697 0.026737122 0.024452543 -0.998986363
1403636908001666560.000000 1.717869043 2.903843403 2.519716501 0.025739759 -0.023684820 -0.028622421 0.998978138
1403636908051666432.000000 1.729320288 2.918074369 2.554830551 0.024669806 -0.021030303 -0.034439825 0.998880923
1403636908101666560.000000 1.740736127 2.932117939 2.589847803 0.024938941 -0.018370802 -0.036940705 0.998837352
1403636908151666432.000000 1.754789948 2.947455883 2.624745131 -0.025371196 0.016804211 0.038918562 -0.998778880
1403636908201666560.000000 1.768934608 2.961686373 2.658077955 -0.026275098 0.014530580 0.040583670 -0.998724937
1403636908251666432.000000 1.783006430 2.975782633 2.690385580 -0.027078064 0.014214610 0.042116765 -0.998644531
1403636908301666560.000000 1.796555400 2.989563227 2.722266197 -0.028050959 0.013939134 0.042765159 -0.998594046
1403636908351666432.000000 1.808504343 3.003099680 2.754085541 -0.028773069 0.014781985 0.044046856 -0.998505652
1403636908401666560.000000 1.821242929 3.019864798 2.779928207 0.029977135 -0.015062476 -0.043793149 0.998477221
1403636908451666432.000000 1.830471158 3.033120155 2.811983109 0.031016419 -0.016166672 -0.044134118 0.998413205
1403636908501666560.000000 1.838270187 3.046402454 2.844545126 0.032048855 -0.017139563 -0.044283640 0.998357713
1403636908551666432.000000 1.845275044 3.059255123 2.878371000 -0.033101104 0.017720360 0.044520337 -0.998302758
1403636908601666560.000000 1.852212548 3.072177649 2.911444187 -0.034072943 0.018301787 0.045003254 -0.998237908
1403636908651666432.000000 1.860053658 3.084948301 2.943600416 -0.034925777 0.019122908 0.046184223 -0.998139083
1403636908701666560.000000 1.869022727 3.102185726 2.969838142 0.036127407 -0.020936400 -0.046012402 0.998067856
1403636908751666432.000000 1.880426526 3.114531040 3.000948906 0.037085190 -0.023648588 -0.045241885 0.998007357
1403636908801666560.000000 1.894294024 3.126754522 3.031622887 0.038178455 -0.025677297 -0.044003822 0.997971296
1403636908851666432.000000 1.910560369 3.138829708 3.061657190 -0.039082605 0.028948322 0.042207852 -0.997924387
1403636908901666560.000000 1.929533362 3.150583029 3.092321873 -0.039204173 0.031092206 0.042640056 -0.997836769
1403636908951666432.000000 1.953275561 3.164144039 3.119294643 0.040218253 -0.032543074 -0.041998804 0.997777343
1403636909001666560.000000 1.975584984 3.175566673 3.150072336 0.040749148 -0.032642737 -0.041297387 0.997781754
1403636909051666432.000000 1.997919321 3.187103987 3.181436062 0.041238975 -0.032630812 -0.039638892 0.997829378
1403636909101666560.000000 2.019603968 3.199276447 3.213088274 -0.041663215 0.033526018 0.038176969 -0.997839034
1403636909151666432.000000 2.040295601 3.211524725 3.245889187 -0.041991524 0.033226162 0.036848787 -0.997885287
1403636909201666560.000000 2.059578419 3.224327087 3.279940128 -0.041520920 0.033718135 0.037064891 -0.997880459
1403636909251666432.000000 2.082478762 3.239192486 3.312053680 0.041422501 -0.034348089 -0.037014019 0.997864902
1403636909301666560.000000 2.099621296 3.252898455 3.347802401 0.041122437 -0.034612678 -0.036293462 0.997894645
1403636909351666432.000000 2.116428852 3.266934633 3.384748459 0.040522747 -0.033193391 -0.036609408 0.997955859
1403636909401666560.000000 2.132110596 3.281336308 3.422641754 0.039873861 -0.032062672 -0.037241571 0.997995615
1403636909451666432.000000 2.148149014 3.295823336 3.460939407 -0.038676668 0.029326819 0.038838044 -0.998066008
1403636909501666560.000000 2.162550688 3.310878515 3.500722408 -0.037690125 0.026526518 0.040150326 -0.998130143
1403636909551666432.000000 2.174942255 3.326110840 3.541062832 -0.037430897 0.025184777 0.039766807 -0.998189986
1403636909601666560.000000 2.188869238 3.343354464 3.582970142 0.037234418 -0.024392411 -0.038350776 0.998272419
1403636909651666432.000000 2.198679447 3.358937979 3.624194145 0.037981622 -0.022758322 -0.034813736 0.998412490
1403636909701666560.000000 2.207381010 3.375114679 3.665860415 0.037657827 -0.020340485 -0.033454109 0.998523414
1403636909751666432.000000 2.215304375 3.391867876 3.708037376 0.037010796 -0.015591689 -0.034082793 0.998611808
1403636909801666560.000000 2.222242594 3.409891129 3.751080275 -0.035138071 0.011850372 0.038505763 -0.998570144
1403636909851666432.000000 2.227693558 3.427760839 3.793414116 -0.032327712 0.007795090 0.045417219 -0.998414516
1403636909901666560.000000 2.230065346 3.443958759 3.837246895 0.029305873 -0.005701850 -0.053480886 0.998122513
1403636909951666432.000000 2.232783556 3.460969687 3.878738165 0.026389506 -0.002034918 -0.061614383 0.997749031
1403636910001666560.000000 2.234125376 3.476817131 3.919329166 0.024386801 0.002072682 -0.067006148 0.997452378
1403636910051666432.000000 2.232041836 3.492559195 3.958155632 0.023944706 0.004534413 -0.068959564 0.997321844
1403636910101666560.000000 2.231784582 3.505551815 3.996499300 0.025261603 0.003746048 -0.065781839 0.997507215
1403636910151666432.000000 2.232245922 3.517100334 4.033585072 0.027260941 0.000975872 -0.061573066 0.997729778
1403636910201666560.000000 2.233489037 3.526678801 4.070471764 -0.029207263 0.004302505 0.056213103 -0.997982264
1403636910251666432.000000 2.238050222 3.535572529 4.106153965 -0.030415677 0.007597213 0.053621382 -0.998069108
1403636910301666560.000000 2.244243383 3.543769598 4.140428066 -0.031757753 0.011087465 0.050457072 -0.998159647
1403636910351666432.000000 2.248323917 3.554931879 4.172015190 0.032817006 -0.014328422 -0.048461463 0.998183012
1403636910401666560.000000 2.257807732 3.562564611 4.203989983 0.033609126 -0.015809439 -0.048017327 0.998155773
1403636910451666432.000000 2.268866301 3.569824219 4.235446453 0.033972010 -0.017096287 -0.048768219 0.998085856
1403636910501666560.000000 2.281725407 3.576449394 4.266727924 -0.035131421 0.017178563 0.048257016 -0.998069167
1403636910551666432.000000 2.294112444 3.583220720 4.298028946 -0.035138793 0.018135874 0.049503844 -0.997990906
1403636910601666560.000000 2.305760860 3.589912653 4.329578400 -0.035271306 0.018161712 0.050260209 -0.997947872
1403636910651666432.000000 2.314609051 3.598883152 4.359539986 0.035506338 -0.018693916 -0.050643239 0.997910380
1403636910701666560.000000 2.322603703 3.605195761 4.391764641 0.035889026 -0.018526113 -0.050693329 0.997897327
1403636910751666432.000000 2.328618050 3.611397743 4.424331188 0.036332760 -0.018960185 -0.049979299 0.997909129
1403636910801666560.000000 2.333042383 3.617581844 4.457360268 0.036525760 -0.019324418 -0.049267098 0.997930527
1403636910851666432.000000 2.337831020 3.623630762 4.490083218 -0.037156347 0.019593630 0.048037220 -0.997961879
1403636910901666560.000000 2.340529203 3.629327297 4.523412704 -0.037841506 0.020338384 0.046063200 -0.998014390
1403636910951666432.000000 2.349574804 3.636193752 4.560724258 0.038866468 -0.017598130 -0.044044837 0.998118162
1403636911001666560.000000 2.353460550 3.641630888 4.593926430 0.040525883 -0.009870612 -0.040842157 0.998294652
1403636911051666432.000000 2.357898235 3.647449970 4.626496792 0.041284434 -0.001905744 -0.039495949 0.998364687
1403636911101666560.000000 2.363242149 3.653782845 4.658826351 0.041743264 0.002720013 -0.039235778 0.998354077
1403636911151666432.000000 2.372876883 3.659808874 4.689692497 0.041631330 0.001037828 -0.039595380 0.998347700
1403636911201666560.000000 2.379091263 3.666834831 4.718607426 0.040541593 -0.003293265 -0.041848414 0.998295665
1403636911251666432.000000 2.386160612 3.673807859 4.746170998 0.040088136 -0.008857759 -0.042717639 0.998243392
1403636911301666560.000000 2.394877434 3.680822134 4.772222042 0.039096110 -0.012734002 -0.044658002 0.998155773
1403636911351666432.000000 2.403684616 3.688472748 4.797010899 -0.037802905 0.015312515 0.047325253 -0.998046517
1403636911401666560.000000 2.431846857 3.691828012 4.834520340 0.037593029 -0.015710356 -0.047639329 0.998033285
1403636911451666432.000000 2.445246458 3.698557615 4.855919361 0.036707927 -0.015644366 -0.048790053 0.998011708
1403636911501666560.000000 2.459079981 3.704951763 4.877126694 0.036460329 -0.016410047 -0.048895687 0.998003364
1403636911551666432.000000 2.473927736 3.710915804 4.898344517 -0.036233876 0.016878424 0.049568802 -0.997970521
1403636911601666560.000000 2.486660480 3.716912985 4.919564247 -0.036150474 0.017241241 0.049354896 -0.997977972
1403636911651666432.000000 2.505712032 3.718999147 4.953257561 0.035602491 -0.017079387 -0.049910646 0.997972846
1403636911701666560.000000 2.515997887 3.725310802 4.974522114 0.035839967 -0.017167540 -0.049255572 0.997995377
1403636911751666432.000000 2.525356293 3.731654644 4.996204376 0.035985511 -0.016875807 -0.047884449 0.998061836
1403636911801666560.000000 2.533490658 3.737797022 5.018445969 0.037119031 -0.017257152 -0.043924481 0.998195887
1403636911851666432.000000 2.542667389 3.743352413 5.043170929 -0.038240932 0.017827122 0.040159181 -0.998302102
1403636911901666560.000000 2.547986507 3.749955177 5.066888332 -0.039654829 0.020876776 0.034536298 -0.998398185
1403636911951666432.000000 2.550239563 3.750847816 5.099001884 0.040601127 -0.022854710 -0.030015070 0.998463035
1403636912001666560.000000 2.554121733 3.758907318 5.124192715 0.040107861 -0.023576640 -0.030315712 0.998457074
1403636912051666432.000000 2.557333231 3.767653942 5.150314808 0.038867291 -0.023373030 -0.032781903 0.998433053
1403636912101666560.000000 2.559951544 3.776508093 5.177040577 0.038565032 -0.023476243 -0.032289412 0.998458326
1403636912151666432.000000 2.564240694 3.785350084 5.204888821 -0.038205110 0.022198645 0.033685599 -0.998455286
1403636912201666560.000000 2.570987225 3.795007944 5.231775284 -0.037382964 0.021206591 0.035641909 -0.998440027
1403636912251666432.000000 2.579975128 3.804957151 5.258162975 -0.036676127 0.019690296 0.037277907 -0.998437524
1403636912301666560.000000 2.590924025 3.814965963 5.284401417 -0.035720591 0.018424833 0.040019393 -0.998390257
1403636912351666432.000000 2.602850676 3.824892998 5.310291767 -0.035244629 0.018192161 0.040418107 -0.998395383
1403636912401666560.000000 2.615468025 3.834848404 5.336351395 -0.034923125 0.018545318 0.040337715 -0.998403370
1403636912451666432.000000 2.611928225 3.839438438 5.366376400 0.035014510 -0.017543040 -0.037379347 0.998533428
1403636912501666560.000000 2.622638464 3.850006342 5.393604755 0.036041178 -0.017897908 -0.033505909 0.998628080
1403636912551666432.000000 2.631904125 3.861176968 5.421667576 0.035594027 -0.017697316 -0.033027254 0.998663664
1403636912601666560.000000 2.637136221 3.871972084 5.451796055 0.035604138 -0.018327748 -0.031554196 0.998699546
1403636912651666432.000000 2.650515795 3.883755922 5.479488373 -0.036204338 0.017564289 0.028396092 -0.998786449
1403636912701666560.000000 2.656751633 3.896119356 5.509468555 -0.036851253 0.018650094 0.025162581 -0.998829842
1403636912751666432.000000 2.662090540 3.909314156 5.539909363 -0.037882149 0.018533697 0.021394741 -0.998881221
1403636912801666560.000000 2.650008202 3.923999310 5.563412189 0.038277764 -0.017407842 -0.019718941 0.998920918
1403636912851666432.000000 2.653400421 3.939472437 5.594449997 0.037780244 -0.017087547 -0.020335529 0.998933017
1403636912901666560.000000 2.655954838 3.956058264 5.626020908 0.036526680 -0.016314859 -0.023104377 0.998932362
1403636912951666432.000000 2.657805443 3.973724842 5.656874657 -0.035528433 0.013071107 0.026166232 -0.998940587
1403636913001666560.000000 2.658594370 3.992096186 5.688334465 -0.034126848 0.010099577 0.030335316 -0.998906016
1403636913051666432.000000 2.645695448 4.012358189 5.711911678 0.033294674 -0.007252001 -0.032933440 0.998876572
1403636913101666560.000000 2.645350456 4.031599045 5.742715359 0.032596603 -0.004986339 -0.035356939 0.998830616
1403636913151666432.000000 2.645557642 4.051093578 5.772112370 0.032051954 -0.003279463 -0.037719917 0.998768866
1403636913201666560.000000 2.645364761 4.070922375 5.799253464 -0.031679042 0.000713281 0.039111022 -0.998732328
1403636913251666432.000000 2.647969723 4.090262890 5.826735020 -0.031697750 0.001194304 0.039850824 -0.998702049
1403636913301666560.000000 2.652793407 4.109500885 5.853202343 -0.031519316 0.001987278 0.040587213 -0.998676836
1403636913351666432.000000 2.658672810 4.128515244 5.879072189 -0.032480579 0.005401863 0.038336050 -0.998722315
1403636913401666560.000000 2.656391144 4.148925781 5.894463539 0.033328444 -0.007721220 -0.035930015 0.998768628
1403636913451666432.000000 2.665866137 4.167845249 5.918173313 0.034972057 -0.010588614 -0.031914879 0.998822451
1403636913501666560.000000 2.675543785 4.187222481 5.941382408 0.034813583 -0.012160829 -0.030686641 0.998848617
1403636913551666432.000000 2.684504747 4.206942081 5.964827538 0.034053501 -0.012596005 -0.032133617 0.998823941
1403636913601666560.000000 2.692557335 4.226867199 5.987159729 -0.033111151 0.012945307 0.034010321 -0.998789012
1403636913651666432.000000 2.698888540 4.247219086 6.010825634 -0.032180481 0.013665869 0.035238374 -0.998767257
1403636913701666560.000000 2.703899860 4.267858028 6.034781456 -0.031229613 0.013864180 0.036710072 -0.998741627
1403636913751666432.000000 2.707984447 4.288669109 6.058865070 -0.030616429 0.013298268 0.038124144 -0.998715401
1403636913801666560.000000 2.704137087 4.313574314 6.072289944 0.030672751 -0.012745382 -0.038180932 0.998718679
1403636913851666432.000000 2.708867073 4.334554672 6.095528603 0.029946096 -0.012438193 -0.039521120 0.998692453
1403636913901666560.000000 2.715078115 4.355394363 6.118360996 0.030038225 -0.011907238 -0.039632056 0.998691738
1403636913951666432.000000 2.723799944 4.375966072 6.139950275 0.030121131 -0.011203739 -0.040511020 0.998662174
1403636914001666560.000000 2.734068871 4.396102905 6.159277916 -0.030138301 0.011166601 0.040921412 -0.998645365
1403636914051666432.000000 2.745555401 4.416342735 6.178797245 -0.030407112 0.011607447 0.040212817 -0.998660982
1403636914101666560.000000 2.757784367 4.436452866 6.198437214 -0.031323545 0.011082629 0.037702307 -0.998736501
1403636914151666432.000000 2.769311666 4.456768513 6.217972755 -0.031971049 0.011305257 0.035636738 -0.998789370
1403636914201666560.000000 2.779597044 4.477508545 6.237447739 -0.031833149 0.011811162 0.035234906 -0.998802125
1403636914251666432.000000 2.788506985 4.501077652 6.249055386 0.031453546 -0.011064581 -0.035233788 0.998822749
1403636914301666560.000000 2.795616865 4.522448063 6.268071651 0.030936724 -0.012719166 -0.036794979 0.998762906
1403636914351666432.000000 2.801965237 4.543941498 6.286990643 0.030302307 -0.011581026 -0.038254995 0.998741329
1403636914401666560.000000 2.806602955 4.566193104 6.305507183 -0.029185200 0.011253658 0.040865179 -0.998674989
1403636914451666432.000000 2.812204838 4.587969303 6.323641777 -0.028692171 0.011097494 0.042143282 -0.998637855
1403636914501666560.000000 2.819577694 4.609415531 6.341040134 -0.027869966 0.011008790 0.043770280 -0.998592198
1403636914551666432.000000 2.828501940 4.630553246 6.357696056 -0.027507165 0.011007854 0.044286601 -0.998579502
1403636914601666560.000000 2.839480162 4.651144505 6.373982430 -0.027298335 0.010609558 0.044672269 -0.998572350
1403636914651666432.000000 2.852750063 4.671443462 6.389261246 -0.026875472 0.008990792 0.045292877 -0.998571694
1403636914701666560.000000 2.876329422 4.688979626 6.402283669 0.026928578 -0.009049087 -0.044792108 0.998592377
1403636914751666432.000000 2.890933752 4.708415031 6.415647030 0.025972804 -0.008322214 -0.045560107 0.998589218
1403636914801666560.000000 2.904809952 4.727614880 6.428934574 0.025785841 -0.007884236 -0.045498475 0.998600483
1403636914851666432.000000 2.916616917 4.747181892 6.443057060 -0.025306648 0.008201879 0.045669563 -0.998602390
1403636914901666560.000000 2.926639080 4.766305447 6.456616879 -0.024673300 0.009439273 0.045574550 -0.998611629
1403636914951666432.000000 2.934808731 4.785262108 6.470067024 -0.024097655 0.011105701 0.045717679 -0.998602033
1403636915001666560.000000 2.941330671 4.803924084 6.483713150 -0.023527946 0.012834948 0.045312308 -0.998613358
1403636915051666432.000000 2.946687937 4.822141647 6.497568130 -0.023237541 0.014469184 0.045383342 -0.998594582
1403636915101666560.000000 2.961712122 4.837817192 6.514348507 0.022416322 -0.015928980 -0.045702443 0.998576581
1403636915151666432.000000 2.964798450 4.855652809 6.528701305 0.021929203 -0.017556775 -0.045640077 0.998562932
1403636915201666560.000000 2.966718197 4.872782707 6.543613434 0.021404931 -0.019934682 -0.045912668 0.998517156
1403636915251666432.000000 2.967310429 4.889558315 6.559382439 0.021063574 -0.024051234 -0.045475487 0.998453736
1403636915301666560.000000 2.963680983 4.906795979 6.575731754 -0.020403914 0.028331807 0.046055932 -0.998328567
1403636915351666432.000000 2.961911201 4.922986984 6.592873096 -0.020106861 0.032644413 0.046169359 -0.998197615
1403636915401666560.000000 2.960259438 4.938835621 6.610664368 -0.020110993 0.034545593 0.046402201 -0.998122811
1403636915451666432.000000 2.968640566 4.953648567 6.636524677 0.020216791 -0.035194706 -0.046017535 0.998115718
1403636915501666560.000000 2.970126152 4.968199253 6.655759811 0.021536427 -0.031573657 -0.042837061 0.998350799
1403636915551666432.000000 2.974210978 4.982367039 6.675458908 0.023580898 -0.025872439 -0.037990607 0.998664796
1403636915601666560.000000 2.980146646 4.996160507 6.695522308 0.025593307 -0.021275224 -0.033147734 0.998896182
1403636915651666432.000000 2.986850500 5.009597778 6.717165470 -0.027691673 0.017492993 0.028383005 -0.999060392
1403636915701666560.000000 2.996044159 5.023971081 6.736855030 -0.029261408 0.014397234 0.024717128 -0.999162436
1403636915751666432.000000 3.007031679 5.039105892 6.754924774 -0.029687323 0.012054390 0.024541844 -0.999185264
1403636915801666560.000000 3.019581318 5.052669048 6.781446457 0.029921001 -0.011690157 -0.023588715 0.999205530
1403636915851666432.000000 3.034326553 5.068900108 6.797762871 0.030274592 -0.010719205 -0.023569549 0.999206245
1403636915901666560.000000 3.051348209 5.085997581 6.812878132 0.030486811 -0.010141957 -0.024010437 0.999195337
1403636915951666432.000000 3.068651199 5.103812695 6.827548027 0.029874593 -0.010134717 -0.026332542 0.999155343
1403636916001666560.000000 3.084785700 5.122256756 6.842569351 -0.028352238 0.009177114 0.031534214 -0.999058306
1403636916051666432.000000 3.099210978 5.142146111 6.863102913 0.026891004 -0.009255131 -0.036220875 0.998939157
1403636916101666560.000000 3.112518549 5.161291599 6.878130436 0.025301784 -0.008975362 -0.041758329 0.998766959
1403636916151666432.000000 3.124243498 5.180683613 6.893104553 0.024609296 -0.009363536 -0.045249052 0.998628676
1403636916201666560.000000 3.134938240 5.199800968 6.908040524 0.024223419 -0.009853695 -0.047141764 0.998545885
1403636916251666432.000000 3.146642208 5.219019890 6.921530247 -0.024675451 0.009776827 0.046395563 -0.998570502
1403636916301666560.000000 3.158767939 5.237328529 6.934541702 -0.025308467 0.010104516 0.045602702 -0.998587966
1403636916351666432.000000 3.171417952 5.254369259 6.953488827 0.025878537 -0.010288606 -0.045159232 0.998591602
1403636916401666560.000000 3.185474157 5.272291183 6.965614796 0.024769953 -0.011284536 -0.046447650 0.998549819
1403636916451666432.000000 3.199465752 5.290406704 6.977746487 0.021281641 -0.010131885 -0.048722636 0.998534203
1403636916501666560.000000 3.211103678 5.307645798 6.989161491 -0.016712949 0.010158008 0.047063369 -0.998700500
1403636916551666432.000000 3.222212315 5.325448513 7.001265526 -0.009780861 0.009606048 0.046992455 -0.998801231
1403636916601666560.000000 3.233073235 5.342464924 7.019443035 0.002681874 -0.009442370 -0.045136038 0.998932660
1403636916651666432.000000 3.241433859 5.359529495 7.032393932 -0.004407619 -0.009454242 -0.043607317 0.998994350
1403636916701666560.000000 3.248600960 5.375795841 7.045512199 -0.010306208 -0.009010866 -0.041702889 0.999036312
1403636916751666432.000000 3.254599333 5.391285896 7.058970451 -0.015461889 -0.008277236 -0.040015206 0.999045193
1403636916801666560.000000 3.258818150 5.405506134 7.072423935 0.019750537 0.007859685 0.037335109 -0.999076724
1403636916851666432.000000 3.261895418 5.419496536 7.085926056 0.023493163 0.007832130 0.035994232 -0.999045134
1403636916901666560.000000 3.264031410 5.432919502 7.099613667 0.027376637 0.007616499 0.036042679 -0.998946190
1403636916951666432.000000 3.264943123 5.445517540 7.113807678 0.029967817 0.006879284 0.035731286 -0.998888314
1403636917001666560.000000 3.264194727 5.457305431 7.128192425 0.031971812 0.006814338 0.034724176 -0.998862147
1403636917051666432.000000 3.262164831 5.468371868 7.142896652 0.033110406 0.006933433 0.032723714 -0.998891771
1403636917101666560.000000 3.261112690 5.477859020 7.165815830 -0.034128495 -0.007067862 -0.030616697 0.998923421
1403636917151666432.000000 3.256828785 5.487676144 7.181052685 -0.034402046 -0.007221204 -0.027913207 0.998992145
1403636917201666560.000000 3.251331568 5.497387886 7.196364880 -0.036109209 -0.006736572 -0.025172232 0.999008060
1403636917251666432.000000 3.244104624 5.507485867 7.211997986 -0.040152576 -0.006590547 -0.023086606 0.998905063
1403636917301666560.000000 3.236252308 5.518000603 7.226119041 0.046169892 0.005190091 0.020936450 -0.998700738
1403636917351666432.000000 3.226607561 5.528678894 7.240848541 0.054304436 0.004595063 0.019130964 -0.998330593
1403636917401666560.000000 3.217478037 5.539256573 7.256838322 -0.064734519 -0.003641135 -0.017293122 0.997746050
1403636917451666432.000000 3.205081940 5.549783230 7.272230148 -0.074692905 -0.002258051 -0.013029739 0.997118890
1403636917501666560.000000 3.192200899 5.560065269 7.287919044 -0.084360667 -0.002743793 -0.010792074 0.996373057
1403636917551666432.000000 3.180187225 5.569458485 7.302729607 -0.092032909 -0.001926033 -0.007360296 0.995726943
1403636917601666560.000000 3.168892384 5.577892303 7.318097591 0.098618284 0.001216558 0.003550896 -0.995118320
1403636917651666432.000000 3.162521601 5.584246635 7.329969406 -0.104647234 0.000050668 -0.001317146 0.994508564
1403636917701666560.000000 3.154956579 5.591703892 7.342397690 -0.109409973 0.000710997 0.001252584 0.993995667
1403636917751666432.000000 3.149393320 5.598668575 7.353955746 -0.114500672 0.001468579 0.002984141 0.993417680
1403636917801666560.000000 3.145964146 5.605099678 7.364391327 -0.119141564 0.001926425 0.003950963 0.992867589
1403636917851666432.000000 3.144530535 5.611257553 7.374731064 0.123602659 -0.002363770 -0.004351580 -0.992319465
1403636917901666560.000000 3.145373821 5.616370201 7.383093834 0.127110064 -0.003094777 -0.005062614 -0.991870880
1403636917951666432.000000 3.147019625 5.620646477 7.390274525 0.129899800 -0.003099432 -0.005204712 -0.991508663
1403636918001666560.000000 3.148124218 5.624299049 7.396986961 0.132180050 -0.001954349 -0.005964743 -0.991205931
1403636918051666432.000000 3.148096800 5.627455711 7.403521538 0.134072214 -0.001039509 -0.006174861 -0.990951836
1403636918101666560.000000 3.146668911 5.630203724 7.410068035 0.135709614 0.000033925 -0.005029714 -0.990735888
1403636918151666432.000000 3.140970707 5.630868435 7.416499615 -0.137131855 -0.001239983 0.004156588 0.990543365
1403636918201666560.000000 3.138133526 5.632335186 7.422940254 -0.138100445 -0.002743462 0.002598236 0.990411043
1403636918251666432.000000 3.135915756 5.633037090 7.428973198 -0.138662830 -0.003819901 0.001340826 0.990331411
1403636918301666560.000000 3.135132551 5.633022308 7.434128761 -0.138932705 -0.004521267 0.000262616 0.990291536
1403636918351666432.000000 3.137552977 5.632588863 7.439265251 0.139043435 0.008303087 0.000603729 -0.990251362
1403636918401666560.000000 3.139544725 5.630696297 7.443500519 0.138485640 0.015150885 -0.000412041 -0.990248501
1403636918451666432.000000 3.143466711 5.628050327 7.447782040 0.138236493 0.021220498 -0.000514752 -0.990171790
1403636918501666560.000000 3.149804354 5.624736786 7.452369213 0.137796432 0.025743684 -0.000530264 -0.990125835
1403636918551666432.000000 3.158551931 5.620869160 7.457592964 0.137045443 0.027841529 -0.000757494 -0.990173161
1403636918601666560.000000 3.169482946 5.616328716 7.463344574 0.136417836 0.029047536 0.000267018 -0.990225434
1403636918651666432.000000 3.180423737 5.616014957 7.466501713 -0.134587705 -0.027965046 -0.000386936 0.990506947
1403636918701666560.000000 3.196386099 5.610223293 7.473655701 -0.132917196 -0.026091481 0.000513684 0.990783572
1403636918751666432.000000 3.213940382 5.603557587 7.480921745 -0.130076319 -0.023084367 0.004928252 0.991223037
1403636918801666560.000000 3.233241081 5.596497059 7.488543987 -0.126251101 -0.019260706 0.012559245 0.991731822
1403636918851666432.000000 3.254421234 5.589447498 7.495990753 0.122549549 0.013218484 -0.020705059 -0.992158413
1403636918901666560.000000 3.275978327 5.583316803 7.503257275 0.121121228 0.007742178 -0.025984317 -0.992267430
1403636918951666432.000000 3.298079014 5.578312397 7.510459423 0.121471547 0.002099445 -0.032793429 -0.992050827
1403636919001666560.000000 3.314611197 5.572337151 7.516541481 -0.123372994 0.001382406 0.037664860 0.991644442
1403636919051666432.000000 3.337957859 5.569893837 7.522935390 -0.125155121 0.004648375 0.042377602 0.991220832
1403636919101666560.000000 3.362163067 5.568815231 7.528552532 -0.127374664 0.006320074 0.044970971 0.990814567
1403636919151666432.000000 3.386986732 5.569317818 7.532947063 0.129909605 -0.007857963 -0.046648424 -0.990396798
1403636919201666560.000000 3.408651352 5.571338177 7.535668373 -0.132441506 0.009213377 0.047344260 0.990016699
1403636919251666432.000000 3.432781935 5.574805260 7.537428856 -0.134920850 0.009030354 0.047497217 0.989676118
1403636919301666560.000000 3.456189871 5.579651356 7.538255692 -0.137561858 0.009865038 0.047251150 0.989316285
1403636919351666432.000000 3.476632118 5.585655689 7.538228512 -0.140805975 0.010782080 0.047239348 0.988850832
1403636919401666560.000000 3.496317863 5.593229771 7.537710190 -0.144469067 0.010516114 0.045282584 0.988416791
1403636919451666432.000000 3.514087439 5.601955414 7.536871910 -0.148475692 0.010150494 0.041774187 0.987981200
1403636919501666560.000000 3.530458689 5.611915112 7.536160946 -0.152622744 0.009871912 0.036131613 0.987574518
1403636919551666432.000000 3.544878006 5.622040749 7.534452915 -0.156610981 0.009135583 0.030374274 0.987150967
1403636919601666560.000000 3.557627201 5.632493496 7.532588005 -0.159829125 0.008734033 0.025981430 0.986764073
1403636919651666432.000000 3.568214893 5.643078804 7.531204700 0.162285164 -0.009814610 -0.022754032 -0.986432731
1403636919701666560.000000 3.576912880 5.653123856 7.529400349 0.163821369 -0.009707287 -0.020485377 -0.986229539
1403636919751666432.000000 3.583638191 5.662925720 7.527497292 0.164283901 -0.009771858 -0.020791002 -0.986145556
1403636919801666560.000000 3.588814020 5.672492504 7.525433064 0.164496362 -0.011237112 -0.021449016 -0.986080408
1403636919851666432.000000 3.592033386 5.681674957 7.523544312 0.164283991 -0.011733590 -0.022506887 -0.986086488
1403636919901666560.000000 3.593417883 5.690679073 7.521642685 0.164026543 -0.012505549 -0.023674900 -0.986092508
1403636919951666432.000000 3.593222141 5.699368000 7.519560814 0.163184464 -0.013858267 -0.025954951 -0.986156821
1403636920001666560.000000 3.600094080 5.711205482 7.518651009 -0.161982983 0.014913698 0.028348530 0.986273527
1403636920051666432.000000 3.596421242 5.720337868 7.515573978 -0.160523921 0.016572611 0.031300537 0.986396313
1403636920101666560.000000 3.591468334 5.729300499 7.511665344 -0.159065470 0.017846487 0.034152053 0.986515820
1403636920151666432.000000 3.582724333 5.737684250 7.507828236 0.157534361 -0.018858165 -0.037082322 -0.986636817
1403636920201666560.000000 3.573808193 5.747177601 7.502697468 0.156243056 -0.019829430 -0.039097674 -0.986745298
1403636920251666432.000000 3.563517094 5.757314682 7.496643066 0.156305924 -0.019579424 -0.037828714 -0.986789823
1403636920301666560.000000 3.552546740 5.768030643 7.489650249 0.157960430 -0.018924678 -0.032195229 -0.986738980
1403636920351666432.000000 3.540584326 5.779098988 7.481864929 0.159757450 -0.018386669 -0.026411766 -0.986631632
1403636920401666560.000000 3.528405190 5.790287971 7.473097324 0.161184743 -0.017423924 -0.021858824 -0.986528337
1403636920451666432.000000 3.516728401 5.800931454 7.462897778 0.162287489 -0.014848468 -0.017798826 -0.986471236
1403636920501666560.000000 3.517646074 5.816258907 7.456943989 -0.162620634 0.011779894 0.015690574 0.986493587
1403636920551666432.000000 3.509769917 5.825915337 7.444517136 -0.162999779 0.008589075 0.014635894 0.986480176
1403636920601666560.000000 3.503179312 5.834513187 7.430365086 -0.162964672 0.005202608 0.014606142 0.986510098
1403636920651666432.000000 3.498494387 5.842781544 7.416062355 -0.162990212 0.001456791 0.015294594 0.986508131
1403636920701666560.000000 3.490736246 5.847829342 7.399840355 0.163404122 0.002394885 -0.015493522 -0.986434698
1403636920751666432.000000 3.488449574 5.854233742 7.383897305 0.163525775 0.005421806 -0.016050983 -0.986393631
1403636920801666560.000000 3.487690687 5.859985828 7.366893291 0.163830817 0.008850066 -0.017080313 -0.986300886
1403636920851666432.000000 3.489494324 5.865390301 7.349947929 0.163769752 0.010929626 -0.018011261 -0.986273646
1403636920901666560.000000 3.493258715 5.870169163 7.332370758 0.163723513 0.012056638 -0.018832223 -0.986252844
1403636920951666432.000000 3.498469830 5.874962330 7.315250874 0.164280146 0.012631435 -0.018898387 -0.986151814
1403636921001666560.000000 3.511978388 5.880475044 7.306523323 -0.164383754 -0.013389645 0.019119846 0.986120284
1403636921051666432.000000 3.516109943 5.885004044 7.291278839 -0.164628088 -0.013573021 0.019347742 0.986072600
1403636921101666560.000000 3.519500971 5.889218807 7.277319908 -0.164861917 -0.012607653 0.019833194 0.986036658
1403636921151666432.000000 3.521528244 5.893379688 7.264500141 -0.165306568 -0.012321624 0.019578878 0.985970974
1403636921201666560.000000 3.519674063 5.895578384 7.251116753 0.165667832 0.010034611 -0.019140149 -0.985944867
1403636921251666432.000000 3.518859386 5.899045467 7.239363670 0.165748566 0.005017214 -0.018512739 -0.985981584
1403636921301666560.000000 3.516769171 5.902363300 7.228091717 0.166093662 -0.000284170 -0.017729022 -0.985950589
1403636921351666432.000000 3.513031006 5.905212402 7.217314243 0.165561423 -0.004818997 -0.019264640 -0.985999525
1403636921401666560.000000 3.507940292 5.907656670 7.206795692 0.164535344 -0.008395270 -0.022237908 -0.986084759
1403636921451666432.000000 3.501527309 5.909959793 7.196470737 0.163667709 -0.011290502 -0.024969419 -0.986134887
1403636921501666560.000000 3.492075443 5.905797958 7.194336414 -0.162795559 0.011491504 0.030022634 0.986136019
1403636921551666432.000000 3.482568026 5.907896519 7.183940411 -0.161824107 0.010374139 0.033516582 0.986195743
1403636921601666560.000000 3.471554518 5.910770416 7.173798084 -0.160844550 0.006981986 0.037665300 0.986236155
1403636921651666432.000000 3.459130764 5.914374828 7.163217545 -0.160388753 0.001166933 0.040454797 0.986223936
1403636921701666560.000000 3.445238590 5.916751862 7.151015759 0.160991654 0.008808288 -0.041409466 -0.986047328
1403636921751666432.000000 3.431133509 5.921183586 7.140817642 0.161261767 0.017990500 -0.043000158 -0.985810339
1403636921801666560.000000 3.417660236 5.926682472 7.131326675 0.162863433 0.024903392 -0.040623136 -0.985497415
1403636921851666432.000000 3.405140400 5.932998657 7.122863293 0.164128214 0.026934544 -0.038916323 -0.985303044
1403636921901666560.000000 3.393123627 5.940062046 7.115602493 0.165502295 0.026444040 -0.036874473 -0.985165000
1403636921951666432.000000 3.381763935 5.947842121 7.109513760 0.167223006 0.021672184 -0.034512207 -0.985076547
1403636922001666560.000000 3.360305071 5.952234268 7.096013546 -0.169537470 -0.016018646 0.031404838 0.984893024
1403636922051666432.000000 3.348898172 5.960772038 7.091334820 -0.172902137 -0.010521746 0.028197613 0.984479129
1403636922101666560.000000 3.337660789 5.968973160 7.086702824 -0.175659150 -0.005919330 0.027245004 0.984056234
1403636922151666432.000000 3.327248573 5.976757050 7.081446648 -0.178710341 -0.002434442 0.025866305 0.983558714
1403636922201666560.000000 3.319780111 5.985219002 7.075608253 0.181761757 0.001559214 -0.025635477 -0.983007193
1403636922251666432.000000 3.312755346 5.992558479 7.069998264 0.184662059 0.005446794 -0.025739057 -0.982449949
1403636922301666560.000000 3.307561159 5.999202251 7.063651085 0.187551364 0.009167944 -0.025567194 -0.981879234
1403636922351666432.000000 3.304040194 6.005368233 7.057583332 0.189524055 0.012288767 -0.027020076 -0.981427312
1403636922401666560.000000 3.300287008 6.010919094 7.051804066 0.191814989 0.015867431 -0.027798213 -0.980909050
1403636922451666432.000000 3.295508862 6.016353607 7.046782970 0.194397032 0.019650748 -0.029223004 -0.980290651
1403636922501666560.000000 3.284548759 6.015625000 7.030614853 -0.198627710 -0.021931050 0.030911166 0.979341984
1403636922551666432.000000 3.277406931 6.021084785 7.027581215 -0.203457788 -0.024445266 0.033265859 0.978213012
1403636922601666560.000000 3.269786119 6.026377201 7.025318146 -0.208713889 -0.024557848 0.034940746 0.977043867
1403636922651666432.000000 3.262089968 6.031782150 7.024408340 -0.213609591 -0.021254519 0.037045151 0.975985110
1403636922701666560.000000 3.254865408 6.037552357 7.028463840 0.219004050 0.015851326 -0.035223719 -0.974959075
1403636922751666432.000000 3.247176170 6.042497635 7.030622005 0.222782165 0.007076755 -0.035827670 -0.974183977
1403636922801666560.000000 3.239476681 6.046812534 7.032986641 0.225358471 -0.000135071 -0.039153229 -0.973488927
1403636922851666432.000000 3.232377529 6.050126553 7.034570694 0.226454124 -0.006404689 -0.044048265 -0.973004282
1403636922901666560.000000 3.226585150 6.052868366 7.035044670 0.227445275 -0.012061312 -0.047938917 -0.972535372
1403636922951666432.000000 3.222017050 6.055080891 7.033936977 0.227691919 -0.016316788 -0.052655298 -0.972171605
1403636923001666560.000000 3.225129128 6.056920528 7.019852161 -0.227511317 0.019719681 0.057417486 0.971881211
1403636923051666432.000000 3.221824169 6.059413910 7.015932560 -0.228901938 0.019807767 0.060236305 0.971382141
1403636923101666560.000000 3.218314886 6.062295914 7.010599613 -0.231747091 0.020395752 0.060818624 0.970658779
1403636923151666432.000000 3.212677002 6.065443516 7.004313469 -0.235935554 0.019129496 0.062845737 0.969545722
1403636923201666560.000000 3.203261852 6.070037365 7.001217842 0.241410106 -0.016672302 -0.063650891 -0.968189955
1403636923251666432.000000 3.193432570 6.074315071 6.994703293 0.247726530 -0.012035009 -0.064100258 -0.966632307
1403636923301666560.000000 3.182201862 6.078807831 6.987757206 0.254293263 -0.006874517 -0.063171424 -0.965037346
1403636923351666432.000000 3.169611931 6.083358288 6.980814457 0.260045797 -0.001014199 -0.062554628 -0.963567436
1403636923401666560.000000 3.155957699 6.087716103 6.973778725 0.264580041 0.005146603 -0.063238867 -0.962274313
1403636923451666432.000000 3.141558647 6.091941357 6.967198372 0.268510550 0.010882902 -0.064429879 -0.961058021
1403636923501666560.000000 3.140374660 6.098324299 6.956938267 -0.271339506 -0.018021809 0.065891951 0.960056484
1403636923551666432.000000 3.126466751 6.102549553 6.951838493 -0.273347497 -0.024540234 0.068387434 0.959167361
1403636923601666560.000000 3.115271330 6.107230663 6.946930408 -0.275097072 -0.029734515 0.069785334 0.958419263
1403636923651666432.000000 3.107167244 6.112431526 6.942800522 -0.276411176 -0.032527570 0.071236663 0.957843542
1403636923701666560.000000 3.100691795 6.119145870 6.940256119 0.277954191 0.035761405 -0.070747033 -0.957317889
1403636923751666432.000000 3.098915100 6.125590324 6.938055038 0.278771281 0.035378996 -0.070977978 -0.957077384
1403636923801666560.000000 3.099798679 6.132515430 6.936794281 0.279762596 0.034989927 -0.069958456 -0.956877470
1403636923851666432.000000 3.102216244 6.139674664 6.936752319 0.280668885 0.034612626 -0.067903973 -0.956773818
1403636923901666560.000000 3.116872311 6.148362637 6.941603184 -0.280365139 -0.036344513 0.069349661 0.956694901
1403636923951666432.000000 3.119039536 6.156454086 6.944787025 -0.280976444 -0.036685020 0.067965388 0.956601918
1403636924001666560.000000 3.120602608 6.164922237 6.949892521 -0.280589044 -0.036624733 0.067255095 0.956768095
1403636924051666432.000000 3.121530056 6.173982143 6.956990719 -0.280791730 -0.036462780 0.066547960 0.956764281
1403636924101666560.000000 3.122839689 6.183420181 6.966212749 0.280781388 0.035847027 -0.065705650 -0.956848800
1403636924151666432.000000 3.123096466 6.193375587 6.976938725 0.280436128 0.034491684 -0.064523220 -0.957080364
1403636924201666560.000000 3.122778416 6.203782082 6.989233971 0.280358315 0.033740371 -0.063370839 -0.957206905
1403636924251666432.000000 3.122311115 6.214477062 7.003017426 0.280083328 0.034003146 -0.062391993 -0.957342327
1403636924301666560.000000 3.123537064 6.225109100 7.017959118 0.279323518 0.031253114 -0.062896281 -0.957625031
1403636924351666432.000000 3.126445770 6.235789299 7.033791065 0.278051525 0.030335478 -0.065213688 -0.957869709
1403636924401666560.000000 3.128114700 6.247984886 7.052664280 -0.275907099 -0.026578754 0.069359675 0.958310008
1403636924451666432.000000 3.135619640 6.259881973 7.069907188 -0.274104029 -0.021525107 0.072778270 0.958700716
1403636924501666560.000000 3.145681381 6.272427082 7.087712288 -0.272434771 -0.015709266 0.075331211 0.959092140
1403636924551666432.000000 3.157537937 6.286030769 7.105592251 -0.270742744 -0.009778905 0.078157909 0.959423900
1403636924601666560.000000 3.170974493 6.299211502 7.121225834 0.268230706 0.003806821 -0.081994310 -0.959851503
1403636924651666432.000000 3.183128834 6.314256191 7.138675690 0.266574591 -0.000720486 -0.084980518 -0.960060298
1403636924701666560.000000 3.194087029 6.330314636 7.155962944 0.265086949 -0.004842361 -0.086497940 -0.960324764
1403636924751666432.000000 3.203365564 6.347205162 7.173014641 0.263042539 -0.009510788 -0.088503778 -0.960669160
1403636924801666560.000000 3.210782051 6.365098000 7.189669132 0.261066496 -0.014045401 -0.090249918 -0.960990131
1403636924851666432.000000 3.216144323 6.384139061 7.205600739 0.259926736 -0.018280823 -0.090797514 -0.961176276
1403636924901666560.000000 3.214712620 6.401471138 7.223402500 -0.260642767 0.021314306 0.090735286 0.960925698
1403636924951666432.000000 3.215330124 6.422585011 7.237387657 -0.263122797 0.022679579 0.091792144 0.960117877
1403636925001666560.000000 3.213450909 6.444836617 7.250487804 -0.267491490 0.021976724 0.092537753 0.958854556
1403636925051666432.000000 3.209199190 6.467737675 7.262012482 -0.272752792 0.019369289 0.090548679 0.957617760
1403636925101666560.000000 3.201876163 6.492826939 7.272090435 0.278059870 -0.017362425 -0.087132059 -0.956446171
1403636925151666432.000000 3.193545341 6.517255783 7.281967163 0.283686668 -0.012213238 -0.081996627 -0.955326796
1403636925201666560.000000 3.183494091 6.539325714 7.294448853 -0.289224803 0.007618152 0.076320596 0.954183519
1403636925251666432.000000 3.173026085 6.563834190 7.303861618 -0.293545067 0.001352439 0.072852738 0.953164160
1403636925301666560.000000 3.161508560 6.588098526 7.313536644 -0.296837330 -0.005983502 0.071050934 0.952262402
1403636925351666432.000000 3.149103642 6.612109661 7.323803425 -0.299641699 -0.013762020 0.070472233 0.951345980
1403636925401666560.000000 3.136314154 6.635958672 7.333799839 0.301554918 0.021847712 -0.071108952 -0.950542390
1403636925451666432.000000 3.120120049 6.651787758 7.349582672 -0.303572625 -0.027140260 0.072654977 0.949646473
1403636925501666560.000000 3.109524012 6.675737381 7.361795902 -0.304783732 -0.032388676 0.073747054 0.949009597
1403636925551666432.000000 3.101280451 6.699665546 7.374985695 -0.305650026 -0.037350476 0.075154729 0.948438108
1403636925601666560.000000 3.095647573 6.723452091 7.389225006 -0.306198865 -0.042196255 0.076662846 0.947937071
1403636925651666432.000000 3.093278885 6.745663166 7.405290127 0.306454062 0.045485046 -0.079153314 -0.947497725
1403636925701666560.000000 3.093926907 6.769863605 7.422374725 0.307125598 0.048131425 -0.079192251 -0.947146237
1403636925751666432.000000 3.098078012 6.794606209 7.440826416 0.307950079 0.049835861 -0.078627579 -0.946837366
1403636925801666560.000000 3.105716944 6.819501400 7.460406303 0.308430642 0.049671110 -0.078062043 -0.946736336
1403636925851666432.000000 3.116472244 6.845379829 7.482224941 0.309069216 0.046366464 -0.076290630 -0.946840107
1403636925901666560.000000 3.129970074 6.871222496 7.505265236 0.309531301 0.038794193 -0.074579574 -0.947165906
1403636925951666432.000000 3.136117935 6.895079136 7.539413452 -0.310707539 -0.029923156 0.071004443 0.947377384
1403636926001666560.000000 3.152045012 6.921347141 7.565168381 -0.311575592 -0.019907434 0.067228653 0.947631121
1403636926051666432.000000 3.167065620 6.947475910 7.592249393 -0.311204374 -0.008490803 0.066187344 0.947997391
1403636926101666560.000000 3.180193901 6.973081112 7.620148659 -0.310361981 0.000931282 0.066649549 0.948278666
1403636926151666432.000000 3.190700293 6.996737480 7.647647858 0.308997989 -0.009573237 -0.068315938 -0.948557615
1403636926201666560.000000 3.199328661 7.020564556 7.675961494 0.306824833 -0.016244894 -0.071594499 -0.948930442
1403636926251666432.000000 3.205844402 7.044131756 7.704013824 0.305196106 -0.020930802 -0.074190065 -0.949164391
1403636926301666560.000000 3.209987640 7.067237377 7.731644630 0.303285629 -0.024439763 -0.077002458 -0.949468911
1403636926351666432.000000 3.212259531 7.089782238 7.758447647 0.301124096 -0.027750975 -0.080358848 -0.949787736
1403636926401666560.000000 3.206671953 7.112448692 7.789185524 -0.299268097 0.029999791 0.082922645 0.950085521
1403636926451666432.000000 3.205691814 7.134649277 7.813911438 -0.297984540 0.030725246 0.083964989 0.950374246
1403636926501666560.000000 3.203147650 7.156567097 7.837018013 -0.296553612 0.030225819 0.085642979 0.950688004
1403636926551666432.000000 3.200826883 7.178472996 7.858129501 -0.296386838 0.027557855 0.083974347 0.950969875
1403636926601666560.000000 3.199957371 7.199864388 7.877603054 0.296442926 -0.024348408 -0.081948452 -0.951216698
1403636926651666432.000000 3.200902939 7.221257687 7.894786358 0.297009200 -0.021931203 -0.078922965 -0.951354742
1403636926701666560.000000 3.203161955 7.242362022 7.910352707 0.296922833 -0.018898627 -0.077911831 -0.951530099
1403636926751666432.000000 3.206739187 7.262675762 7.923339367 0.297694355 -0.014656723 -0.078731202 -0.951296329
1403636926801666560.000000 3.202120781 7.279078484 7.935662746 -0.299189985 0.012681078 0.082379930 0.950546265
1403636926851666432.000000 3.208597660 7.299551487 7.946209431 -0.301876098 0.009424596 0.086431302 0.949374378
1403636926901666560.000000 3.215942383 7.320527077 7.955570221 -0.305577040 0.008542418 0.091778912 0.947695315
1403636926951666432.000000 3.222526073 7.342391491 7.964489937 -0.310686767 0.007773348 0.097011827 0.945516825
1403636927001666560.000000 3.229337215 7.365264416 7.971257687 0.317596257 -0.008828264 -0.100952968 -0.942795396
1403636927051666432.000000 3.234336853 7.388931751 7.979109764 0.325502038 -0.009376017 -0.104697406 -0.939680278
1403636927101666560.000000 3.237557888 7.413471222 7.986699104 0.334549069 -0.009432885 -0.107373841 -0.936193764
1403636927151666432.000000 3.233247519 7.433534622 7.993793488 -0.344262213 0.010605996 0.111428283 0.932177484
1403636927201666560.000000 3.233109474 7.459248543 8.000437737 -0.354808480 0.011068249 0.114543758 0.927829921
1403636927251666432.000000 3.230896711 7.485413551 8.006546974 -0.366016984 0.011490185 0.117682502 0.923065782
1403636927301666560.000000 3.226981640 7.511586189 8.012502670 -0.377078205 0.010775138 0.119667612 0.918354809
1403636927351666432.000000 3.220493793 7.537355423 8.018627167 0.386743337 -0.008644499 -0.121093251 -0.914161563
1403636927401666560.000000 3.213816643 7.562053680 8.022620201 -0.395254999 0.002145102 0.121688537 0.910472870
1403636927451666432.000000 3.205829620 7.588563442 8.029329300 -0.401735127 -0.005381757 0.123849653 0.907326400
1403636927501666560.000000 3.197356224 7.615209579 8.036481857 -0.407037854 -0.012967731 0.126163557 0.904563308
1403636927551666432.000000 3.187742710 7.641491890 8.043830872 0.411300123 0.020619065 -0.128863096 -0.902109444
1403636927601666560.000000 3.180284977 7.668954849 8.052169800 0.414868921 0.026339801 -0.131507441 -0.899942160
1403636927651666432.000000 3.175454617 7.697467327 8.061134338 0.418288708 0.029862044 -0.131883368 -0.898192465
1403636927701666560.000000 3.173198462 7.726925850 8.070861816 0.420866579 0.032888629 -0.132943913 -0.896724939
1403636927751666432.000000 3.173666000 7.756953239 8.081430435 0.422615111 0.033937536 -0.134032562 -0.895700872
1403636927801666560.000000 3.176927328 7.787915707 8.092674255 0.423728883 0.033356637 -0.135456666 -0.894981921
1403636927851666432.000000 3.182266951 7.819933891 8.104917526 0.424532235 0.032857366 -0.135717481 -0.894580126
1403636927901666560.000000 3.192770958 7.860198498 8.117755890 -0.424889088 -0.031704314 0.136168689 0.894383729
1403636927951666432.000000 3.198146105 7.894563675 8.132645607 -0.425542623 -0.030465053 0.135427564 0.894228637
1403636928001666560.000000 3.203007936 7.929438114 8.148578644 -0.425645947 -0.029003372 0.135555327 0.894208729
1403636928051666432.000000 3.207880259 7.965167046 8.165395737 -0.426030308 -0.027191119 0.134092107 0.894303203
1403636928101666560.000000 3.212669611 8.003024101 8.184768677 0.426358581 0.023060640 -0.131786272 -0.894605517
1403636928151666432.000000 3.216940641 8.040792465 8.204540253 0.426628083 0.018262854 -0.129361957 -0.894941568
1403636928201666560.000000 3.221056461 8.079142570 8.225357056 0.426612437 0.010873371 -0.127420768 -0.895347774
1403636928251666432.000000 3.224326134 8.117796898 8.246965408 0.425979078 0.002840143 -0.126473963 -0.895844996
1403636928301666560.000000 3.226263762 8.156447411 8.269001007 0.425306588 -0.003627055 -0.125703782 -0.896269917
1403636928351666432.000000 3.229269743 8.206872940 8.291350365 -0.424658030 0.010261601 0.124160558 0.896740973
1403636928401666560.000000 3.228591204 8.245149612 8.313447952 -0.424310952 0.013832659 0.122611120 0.897070527
1403636928451666432.000000 3.227056980 8.282853127 8.335264206 -0.424033403 0.016725179 0.121430606 0.897312939
1403636928501666560.000000 3.226104498 8.319892883 8.355956078 -0.424609065 0.017741175 0.118655659 0.897392452
1403636928551666432.000000 3.225610733 8.354362488 8.374746323 0.424529970 -0.016921053 -0.117532641 -0.897593558
1403636928601666560.000000 3.226248264 8.389232635 8.393350601 0.424317032 -0.014112053 -0.117017955 -0.897809982
1403636928651666432.000000 3.228216171 8.423387527 8.410984039 0.424241602 -0.009583647 -0.116896793 -0.897921145
1403636928701666560.000000 3.231940031 8.457092285 8.428085327 0.423770159 -0.004232617 -0.117760561 -0.898072004
1403636928751666432.000000 3.238149166 8.485374451 8.437898636 -0.423241794 -0.001799795 0.118204966 0.898271024
1403636928801666560.000000 3.245548725 8.518100739 8.453833580 -0.423178166 -0.005683385 0.118199103 0.898285568
1403636928851666432.000000 3.254900932 8.550570488 8.469596863 -0.423043162 -0.008884230 0.118782409 0.898246288
1403636928901666560.000000 3.266586065 8.583152771 8.485130310 -0.423197508 -0.009531185 0.118351713 0.898223758
1403636928951666432.000000 3.281330347 8.615681648 8.499464989 0.423853040 0.007416165 -0.115962863 -0.898246169
1403636929001666560.000000 3.298703194 8.647621155 8.514410019 0.423528552 -0.000798211 -0.116021082 -0.898422003
1403636929051666432.000000 3.317995548 8.679276466 8.528879166 0.422815144 -0.009751325 -0.117288314 -0.898540914
1403636929101666560.000000 3.338515282 8.715806961 8.543394089 -0.421511710 0.016944660 0.119360834 0.898773491
1403636929151666432.000000 3.359523773 8.746219635 8.556074142 -0.420478463 0.022515960 0.121620774 0.898832142
1403636929201666560.000000 3.381007671 8.776356697 8.567915916 -0.419280082 0.025581717 0.124375299 0.898933113
1403636929251666432.000000 3.401830196 8.806057930 8.578920364 -0.417962760 0.026417870 0.127508670 0.899083316
1403636929301666560.000000 3.421996117 8.835411072 8.589889526 0.416447818 -0.026993139 -0.130913019 -0.899279952
1403636929351666432.000000 3.437164307 8.866068840 8.599386215 -0.415173978 0.027158702 0.132740572 0.899595976
1403636929401666560.000000 3.453379393 8.895777702 8.608106613 -0.415267080 0.026243033 0.131466359 0.899767339
1403636929451666432.000000 3.467686415 8.925613403 8.616067886 -0.414951205 0.025246808 0.131011695 0.900007844
1403636929501666560.000000 3.480134010 8.955641747 8.623172760 -0.415814966 0.022045482 0.127536297 0.900192440
1403636929551666432.000000 3.491490841 8.986592293 8.628515244 0.416789979 -0.018971588 -0.123703822 -0.900346398
1403636929601666560.000000 3.501029491 9.016850471 8.634720802 0.417696178 -0.016775351 -0.119754903 -0.900503993
1403636929651666432.000000 3.509023190 9.046904564 8.640748978 0.419038534 -0.013463235 -0.115231358 -0.900526166
1403636929701666560.000000 3.515831470 9.076406479 8.647003174 0.419579685 -0.012550026 -0.112391666 -0.900646210
1403636929751666432.000000 3.521008492 9.105243683 8.653500557 0.420198143 -0.011339130 -0.109676600 -0.900708616
1403636929801666560.000000 3.524509907 9.133411407 8.660432816 0.420361102 -0.009746049 -0.108681761 -0.900771797
1403636929851666432.000000 3.521498203 9.157616615 8.667546272 -0.420315236 0.011037477 0.108570278 0.900791764
1403636929901666560.000000 3.523319483 9.184431076 8.675256729 -0.419634819 0.012151651 0.109389156 0.900995612
1403636929951666432.000000 3.525871277 9.210306168 8.682547569 -0.418722183 0.013696888 0.110950954 0.901207030
1403636930001666560.000000 3.529604435 9.234990120 8.689205170 -0.417813033 0.015684104 0.113518313 0.901276886
1403636930051666432.000000 3.535927296 9.259045601 8.694190979 0.416956007 -0.017010424 -0.115358137 -0.901416063
1403636930101666560.000000 3.544007301 9.282979965 8.698619843 0.416552424 -0.015883807 -0.116502583 -0.901476026
1403636930151666432.000000 3.553438187 9.306093216 8.701890945 0.415805787 -0.017000109 -0.119703792 -0.901380956
1403636930201666560.000000 3.564035416 9.329334259 8.704514503 0.415459961 -0.016673872 -0.120627791 -0.901423395
1403636930251666432.000000 3.575285435 9.351819038 8.705978394 0.414715558 -0.015856329 -0.122462437 -0.901533484
1403636930301666560.000000 3.587283134 9.374114037 8.706295013 0.414376795 -0.014917468 -0.124380849 -0.901442587
1403636930351666432.000000 3.602084637 9.391789436 8.701565742 -0.414571345 0.014660784 0.124106415 0.901395261
1403636930401666560.000000 3.616095066 9.413673401 8.699691772 -0.415669799 0.014676182 0.121675082 0.901220500
1403636930451666432.000000 3.628623962 9.435207367 8.697658539 -0.417323947 0.012610394 0.117704369 0.901014686
1403636930501666560.000000 3.638474464 9.457117081 8.694108009 0.418178588 -0.012535919 -0.115517795 -0.900902450
1403636930551666432.000000 3.647137642 9.478310585 8.691802979 0.418981254 -0.012714942 -0.113005087 -0.900845706
1403636930601666560.000000 3.653563261 9.499035835 8.689966202 0.418841958 -0.012538570 -0.112699531 -0.900951207
1403636930651666432.000000 3.658296108 9.519241333 8.688313484 0.418403268 -0.014287754 -0.113715582 -0.901001334
1403636930701666560.000000 3.661459684 9.538515091 8.686883926 0.416973889 -0.015779743 -0.117013685 -0.901216745
1403636930751666432.000000 3.663360596 9.557302475 8.685495377 0.415478438 -0.017650586 -0.120567404 -0.901404321
1403636930801666560.000000 3.663694859 9.576076508 8.684005737 0.413550109 -0.019960163 -0.125431702 -0.901579142
1403636930851666432.000000 3.671581030 9.594158173 8.687410355 -0.413271189 0.021280020 0.127648011 0.901365757
1403636930901666560.000000 3.669166565 9.613097191 8.684686661 -0.412961215 0.023490701 0.131432146 0.900908947
1403636930951666432.000000 3.665125847 9.632507324 8.681407928 -0.413824826 0.025695572 0.136424080 0.899709582
1403636931001666560.000000 3.658366203 9.653144836 8.676906586 0.415827692 -0.028130572 -0.141873345 -0.897868633
1403636931051666432.000000 3.650773764 9.673607826 8.670774460 0.419878602 -0.029140664 -0.144823819 -0.895476937
1403636931101666560.000000 3.644246340 9.694632530 8.662625313 0.425543964 -0.030424643 -0.143311724 -0.892999768
1403636931151666432.000000 3.638648510 9.715345383 8.652357101 0.431700706 -0.031899124 -0.138562024 -0.890739918
1403636931201666560.000000 3.633661270 9.735425949 8.639993668 0.437812448 -0.031395435 -0.133043811 -0.888613522
1403636931251666432.000000 3.642670631 9.757083893 8.632740021 -0.443590134 0.032738220 0.128022566 0.886434615
1403636931301666560.000000 3.641112566 9.775523186 8.617184639 -0.447743237 0.034974560 0.124299712 0.884789467
1403636931351666432.000000 3.640220165 9.792646408 8.600222588 -0.451691985 0.034515053 0.120428540 0.883334637
1403636931401666560.000000 3.640461445 9.807984352 8.581975937 -0.455026329 0.033863369 0.117665410 0.882019937
1403636931451666432.000000 3.640746355 9.823984146 8.561536789 0.458401144 -0.030277802 -0.113671944 -0.880925894
1403636931501666560.000000 3.642347574 9.836653709 8.540756226 0.461681187 -0.026929229 -0.108950950 -0.879917622
1403636931551666432.000000 3.645000935 9.847349167 8.519372940 0.464833528 -0.023186464 -0.103985749 -0.878964841
1403636931601666560.000000 3.647532463 9.856194496 8.498339653 0.467384040 -0.019550284 -0.099786580 -0.878187180
1403636931651666432.000000 3.651834488 9.861703873 8.481776237 -0.469878703 0.018098108 0.096288517 0.877277076
1403636931701666560.000000 3.652573586 9.866791725 8.462774277 -0.470644295 0.017768281 0.095848985 0.876921535
1403636931751666432.000000 3.650962353 9.869831085 8.445220947 -0.469078451 0.017735982 0.101543278 0.877120256
1403636931801666560.000000 3.647814751 9.871172905 8.428580284 -0.467162490 0.017185213 0.108632006 0.877304435
1403636931851666432.000000 3.642305851 9.870229721 8.412497520 0.465412050 -0.016397430 -0.114930868 -0.877447307
1403636931901666560.000000 3.636064053 9.869230270 8.397206306 0.464072943 -0.014989885 -0.120022960 -0.877499938
1403636931951666432.000000 3.628549576 9.867650032 8.382445335 0.463113070 -0.013826881 -0.123578019 -0.877532721
1403636932001666560.000000 3.619741917 9.865759850 8.368049622 0.462445050 -0.014761328 -0.126315281 -0.877480030
1403636932051666432.000000 3.610074520 9.863865852 8.354108810 0.462855786 -0.016710564 -0.125862092 -0.877293646
1403636932101666560.000000 3.599287748 9.861757278 8.340953827 0.462626308 -0.019366117 -0.126526296 -0.877264500
1403636932151666432.000000 3.594079733 9.869033813 8.333715439 -0.462887257 0.021335322 0.126727656 0.877052128
1403636932201666560.000000 3.582794189 9.866507530 8.320430756 -0.464174092 0.023187179 0.124102317 0.876700342
1403636932251666432.000000 3.573224545 9.863798141 8.306638718 -0.466636568 0.024247002 0.119137906 0.876052856
1403636932301666560.000000 3.565405369 9.859972954 8.292139053 -0.469497472 0.024224032 0.113326415 0.875295699
1403636932351666432.000000 3.558453321 9.851242065 8.275589943 0.472255081 -0.023168696 -0.108217031 -0.874486983
1403636932401666560.000000 3.553684711 9.843347549 8.259809494 0.474743187 -0.022281721 -0.104190506 -0.873651445
1403636932451666432.000000 3.550458193 9.833578110 8.243618011 0.477084696 -0.022407327 -0.102315322 -0.872593701
1403636932501666560.000000 3.548612118 9.821683884 8.226945877 0.479897231 -0.022234231 -0.103151970 -0.870955825
1403636932551666432.000000 3.548130035 9.807756424 8.209899902 0.483427554 -0.021528723 -0.106488630 -0.868616462
1403636932601666560.000000 3.549723864 9.791636467 8.192047119 0.488198847 -0.021691034 -0.110851601 -0.865392029
1403636932651666432.000000 3.550127506 9.774627686 8.171410561 -0.493005395 0.022534249 0.117679402 0.861736357
1403636932701666560.000000 3.555090427 9.756536484 8.153480530 -0.497901767 0.024820445 0.123231813 0.858074367
1403636932751666432.000000 3.561497211 9.737504959 8.135278702 -0.503118396 0.025636153 0.126819596 0.854477346
1403636932801666560.000000 3.569436789 9.716311455 8.116292000 -0.507622719 0.026950946 0.130226180 0.851254404
1403636932851666432.000000 3.578929424 9.692497253 8.097715378 0.512462497 -0.026638627 -0.133069783 -0.847918093
1403636932901666560.000000 3.584000349 9.666852951 8.073637009 -0.516127467 0.025308156 0.136363462 0.845208228
1403636932951666432.000000 3.589681864 9.642660141 8.056039810 -0.519484699 0.023771651 0.138865590 0.842785180
1403636933001666560.000000 3.591892242 9.618322372 8.039915085 -0.522873938 0.022107210 0.141764566 0.840248168
1403636933051666432.000000 3.590457916 9.593523979 8.024808884 -0.527583122 0.020878069 0.144101381 0.836931884
1403636933101666560.000000 3.585121870 9.568342209 8.010343552 0.531818211 -0.020344716 -0.146639973 -0.833817899
1403636933151666432.000000 3.577896118 9.542848587 7.997560978 0.535449862 -0.018730652 -0.149189606 -0.831074715
1403636933201666560.000000 3.568132401 9.516560555 7.985627651 0.537153959 -0.013726486 -0.155453086 -0.828921914
1403636933251666432.000000 3.556710482 9.489881516 7.974297523 0.538437605 -0.005026855 -0.161587000 -0.827012300
1403636933301666560.000000 3.539966106 9.458108902 7.956737995 -0.538742781 -0.003837728 0.167992309 0.825542331
1403636933351666432.000000 3.527607679 9.432262421 7.947162151 -0.538392663 -0.009910348 0.173989221 0.824477434
1403636933401666560.000000 3.515571833 9.407424927 7.938312054 -0.538385928 -0.012873409 0.177458927 0.823701024
1403636933451666432.000000 3.503901243 9.384197235 7.929947853 -0.539053977 -0.011269188 0.177650347 0.823246181
1403636933501666560.000000 3.491925716 9.361558914 7.923160553 0.539856315 0.008749598 -0.176234648 -0.823055327
1403636933551666432.000000 3.480652809 9.340419769 7.916507721 0.540982068 0.005150004 -0.173330128 -0.822963297
1403636933601666560.000000 3.470869541 9.319924355 7.909834385 0.541412115 0.000993243 -0.171147794 -0.823152661
1403636933651666432.000000 3.462457418 9.299558640 7.902840614 0.542003453 -0.002565634 -0.168082297 -0.823391795
1403636933701666560.000000 3.455390692 9.280141830 7.895812988 0.542343616 -0.006005832 -0.165481448 -0.823676705
1403636933751666432.000000 3.450681925 9.261287689 7.888489723 0.542799473 -0.009049627 -0.161985889 -0.824043393
1403636933801666560.000000 3.445255518 9.239316940 7.874703884 -0.542329609 0.012672772 0.159570828 0.824775875
1403636933851666432.000000 3.443739653 9.220285416 7.866703987 -0.541704416 0.016678764 0.159115285 0.825203359
1403636933901666560.000000 3.443410397 9.200853348 7.857935429 -0.541943967 0.019511204 0.158898935 0.825025618
1403636933951666432.000000 3.443514585 9.181477547 7.848664284 -0.543130219 0.020783776 0.160310298 0.823940754
1403636934001666560.000000 3.443387032 9.161126137 7.838779926 0.545584619 -0.022118993 -0.162799701 -0.821793497
1403636934051666432.000000 3.442308903 9.141402245 7.828729630 0.549722433 -0.023365278 -0.165440813 -0.818467319
1403636934101666560.000000 3.437862158 9.121665955 7.818892002 0.555990219 -0.023338793 -0.167814076 -0.813737452
1403636934151666432.000000 3.429591894 9.102088928 7.809600353 0.564006925 -0.023352977 -0.169841707 -0.807777584
1403636934201666560.000000 3.417873859 9.082483292 7.801075935 0.572756708 -0.023629287 -0.172220156 -0.801081538
1403636934251666432.000000 3.405797005 9.057880402 7.793503761 -0.582203448 0.023629874 0.175135493 0.793604612
1403636934301666560.000000 3.390214205 9.037647247 7.785532475 -0.591849029 0.024498241 0.178398281 0.785677254
1403636934351666432.000000 3.374201059 9.017028809 7.777770042 -0.601564169 0.026964610 0.183115870 0.777085602
1403636934401666560.000000 3.358218431 8.995541573 7.770141602 -0.610526681 0.029899234 0.190052569 0.768272996
1403636934451666432.000000 3.341842413 8.974023819 7.761209488 0.619174421 -0.032066144 -0.198108181 -0.759175897
1403636934501666560.000000 3.328155041 8.952133179 7.751100540 0.628696144 -0.034727409 -0.203602567 -0.749720812
1403636934551666432.000000 3.328022957 8.935147285 7.740446091 -0.638203263 0.034611471 0.208673701 0.740239203
1403636934601666560.000000 3.318148375 8.912141800 7.727188110 -0.648247898 0.034848072 0.211977586 0.730497003
1403636934651666432.000000 3.310708523 8.888632774 7.712547302 -0.657119691 0.035865620 0.216201946 0.721224129
1403636934701666560.000000 3.305266142 8.864068985 7.696481705 -0.664671361 0.032683458 0.220007837 0.713260412
1403636934751666432.000000 3.302212715 8.840164185 7.679585457 0.671469569 -0.028220063 -0.222340301 -0.706326485
1403636934801666560.000000 3.295433044 8.816662788 7.660636902 0.676795602 -0.022861494 -0.223950818 -0.700907409
1403636934851666432.000000 3.295554399 8.791614532 7.641846657 0.681282938 -0.017211827 -0.225184083 -0.696311295
1403636934901666560.000000 3.297809362 8.766916275 7.622555733 0.684434593 -0.013014065 -0.226864219 -0.692757308
1403636934951666432.000000 3.301901579 8.742671013 7.603073120 0.686686039 -0.010419822 -0.228183895 -0.690134704
1403636935001666560.000000 3.307921171 8.717074394 7.582232475 0.688390672 -0.008161520 -0.228212878 -0.688455284
1403636935051666432.000000 3.316588163 8.693564415 7.561753273 0.690055728 -0.008087945 -0.226193726 -0.687454879
1403636935101666560.000000 3.322441578 8.679680824 7.542975426 0.690885127 -0.011212074 -0.223685488 -0.687398672
1403636935151666432.000000 3.334269285 8.657670021 7.522470474 0.691232562 -0.015399914 -0.221186623 -0.687776744
1403636935201666560.000000 3.345649481 8.636158943 7.502485275 0.690586925 -0.020636069 -0.220441848 -0.688526928
1403636935251666432.000000 3.355478525 8.615043640 7.483227730 0.689727366 -0.023267401 -0.219864175 -0.689488649
1403636935301666560.000000 3.363685608 8.592266083 7.463583946 0.688469827 -0.026367620 -0.219977111 -0.690596998
1403636935351666432.000000 3.370126486 8.570552826 7.444945335 0.687114239 -0.028491970 -0.220127344 -0.691813707
1403636935401666560.000000 3.374503374 8.548810005 7.426636696 0.685572863 -0.029239042 -0.221103728 -0.692999363
1403636935451666432.000000 3.377139568 8.527220726 7.408501625 0.684293866 -0.029880624 -0.221247986 -0.694189012
1403636935501666560.000000 3.378112555 8.505694389 7.390334129 0.683375418 -0.030355154 -0.220759705 -0.695227861
1403636935551666432.000000 3.375577688 8.507138252 7.379120827 0.682238519 -0.030320462 -0.220480010 -0.696433663
1403636935601666560.000000 3.372188568 8.485891342 7.361617088 0.681376100 -0.030849021 -0.220402658 -0.697278738
1403636935651666432.000000 3.366732359 8.464616776 7.344366074 0.680493414 -0.031071264 -0.220304564 -0.698161304
1403636935701666560.000000 3.359660387 8.443710327 7.327191353 0.680060804 -0.030766465 -0.219319984 -0.698905945
1403636935751666432.000000 3.348964453 8.420329094 7.307935715 0.678884923 -0.027714279 -0.221025988 -0.699639022
1403636935801666560.000000 3.337370872 8.398785591 7.290266991 0.677789152 -0.022930989 -0.222487405 -0.700410962
1403636935851666432.000000 3.323984861 8.377688408 7.272691727 0.676781356 -0.018580275 -0.224574849 -0.700847983
1403636935901666560.000000 3.309014797 8.357250214 7.255177498 0.675499260 -0.014032375 -0.227361768 -0.701292038
1403636935951666432.000000 3.291997910 8.337442398 7.238192558 0.673059762 -0.009170079 -0.233381569 -0.701740324
1403636936001666560.000000 3.283302546 8.343150139 7.236041069 0.671410024 -0.003629621 -0.238576859 -0.701624155
1403636936051666432.000000 3.265203476 8.325864792 7.219143391 0.669997811 0.000169793 -0.242299199 -0.701707900
1403636936101666560.000000 3.246791124 8.310401917 7.202115536 0.669223607 0.002584183 -0.243994519 -0.701854587
1403636936151666432.000000 3.227380753 8.297807693 7.185469151 0.669560492 0.003780607 -0.243275806 -0.701777339
1403636936201666560.000000 3.208914042 8.286430359 7.167919636 0.670590580 0.003896080 -0.241144106 -0.701528907
1403636936251666432.000000 3.191301107 8.276772499 7.149771214 0.671830893 0.002883822 -0.238087520 -0.701391041
1403636936301666560.000000 3.175816774 8.267990112 7.130830765 0.673568904 -0.000622872 -0.233874202 -0.701147199
1403636936351666432.000000 3.161454678 8.259597778 7.111493111 0.675053239 -0.004900723 -0.230647907 -0.700771451
1403636936401666560.000000 3.148784399 8.252366066 7.091704845 0.676729798 -0.007781694 -0.226965904 -0.700330496
1403636936451666432.000000 3.138185978 8.245433807 7.071604729 0.677714527 -0.013300044 -0.224726915 -0.700017154
1403636936501666560.000000 3.141069651 8.268516541 7.067469597 0.679890573 -0.015137598 -0.220861301 -0.699099422
1403636936551666432.000000 3.134192944 8.263442993 7.046797752 0.680923104 -0.017947862 -0.219474599 -0.698464453
1403636936601666560.000000 3.128107548 8.259361267 7.026126862 0.682211876 -0.019411832 -0.218174398 -0.697574437
1403636936651666432.000000 3.120598316 8.253701210 7.005207539 0.682987869 -0.020097194 -0.218774468 -0.696607172
1403636936701666560.000000 3.111675024 8.249380112 6.985583782 0.683697522 -0.020422187 -0.218668804 -0.695934355
1403636936751666432.000000 3.101576090 8.245233536 6.966428280 0.684605420 -0.020081813 -0.217926934 -0.695284188
1403636936801666560.000000 3.090240002 8.241290092 6.947654724 0.685454011 -0.019785283 -0.217515573 -0.694585025
1403636936851666432.000000 3.077110767 8.251377106 6.934730053 0.686486542 -0.017404625 -0.217033967 -0.693779290
1403636936901666560.000000 3.066925764 8.248211861 6.916084766 0.687449992 -0.016811881 -0.215919107 -0.693187475
1403636936951666432.000000 3.058321238 8.245582581 6.897515297 0.688045382 -0.015638432 -0.215613380 -0.692719221
1403636937001666560.000000 3.052064419 8.243041992 6.878733635 0.688713789 -0.014371427 -0.214532599 -0.692417920
1403636937051666432.000000 3.048666239 8.241674423 6.860080719 0.689404964 -0.013193577 -0.214002073 -0.691917598
1403636937101666560.000000 3.046421051 8.238407135 6.841015816 0.689432204 -0.013394330 -0.215071350 -0.691554964
1403636937151666432.000000 3.045757771 8.235396385 6.822091103 0.689257741 -0.014840827 -0.216370538 -0.691293955
1403636937201666560.000000 3.046443224 8.232946396 6.803270340 0.688931584 -0.017005473 -0.218586683 -0.690871894
1403636937251666432.000000 3.046430349 8.230623245 6.784707069 0.688893199 -0.017555716 -0.219931796 -0.690469384
1403636937301666560.000000 3.015102386 8.213966370 6.757296562 0.688911438 -0.019356264 -0.219461665 -0.690552711
1403636937351666432.000000 3.012140274 8.212616920 6.740015984 0.689202368 -0.020415222 -0.219474778 -0.690227628
1403636937401666560.000000 3.007709026 8.211508751 6.723411560 0.689648628 -0.020131007 -0.219561279 -0.689762592
1403636937451666432.000000 3.001653194 8.210656166 6.707525730 0.689802825 -0.020350132 -0.220034182 -0.689451218
1403636937501666560.000000 2.995667696 8.211350441 6.691925049 0.690205753 -0.020399295 -0.219726220 -0.689144671
1403636937551666432.000000 2.987495899 8.211303711 6.677083969 0.690865457 -0.020440174 -0.219125882 -0.688673317
1403636937601666560.000000 2.978018999 8.211381912 6.662771225 0.691376746 -0.019936234 -0.218936548 -0.688235104
1403636937651666432.000000 2.967368603 8.211421013 6.648814678 0.692587078 -0.017407238 -0.216998577 -0.687700331
1403636937701666560.000000 2.948638439 8.199461937 6.639708519 0.694193661 -0.014538795 -0.214008123 -0.687083960
1403636937751666432.000000 2.935752153 8.200192451 6.627550602 0.695936978 -0.011036650 -0.210078001 -0.686598241
1403636937801666560.000000 2.921802044 8.201378822 6.616771221 0.697085381 -0.009347479 -0.208123952 -0.686053216
1403636937851666432.000000 2.907357454 8.202532768 6.607249260 0.698413849 -0.011142727 -0.205380738 -0.685501814
1403636937901666560.000000 2.892113686 8.204041481 6.598621845 0.700694859 -0.013029348 -0.200014561 -0.684727073
1403636937951666432.000000 2.874611139 8.200764656 6.595744133 0.702969253 -0.014901699 -0.195383132 -0.683694124
1403636938001666560.000000 2.858674049 8.201483727 6.589978218 0.705011070 -0.016850358 -0.190699413 -0.682868361
1403636938051666432.000000 2.841880560 8.201189995 6.586052895 0.706732810 -0.019584175 -0.187293217 -0.681957901
1403636938101666560.000000 2.824408293 8.199678421 6.583647728 0.708642304 -0.023277497 -0.185592026 -0.680323362
1403636938151666432.000000 2.806201935 8.195870399 6.582994461 0.710618854 -0.028166749 -0.185904905 -0.677987397
1403636938201666560.000000 2.788748264 8.191505432 6.583543777 0.711308539 -0.033488400 -0.189251766 -0.676093519
1403636938251666432.000000 2.772785187 8.186009407 6.584464073 0.712019026 -0.038202107 -0.192575186 -0.674154639
1403636938301666560.000000 2.758462429 8.178650856 6.585698128 0.711820781 -0.044221759 -0.197872803 -0.672459662
1403636938351666432.000000 2.745191813 8.169122696 6.586965561 0.709742427 -0.051628117 -0.207728744 -0.671155035
1403636938401666560.000000 2.733132839 8.156866074 6.587324142 0.707196891 -0.058165137 -0.218263224 -0.669963121
1403636938451666432.000000 2.722269773 8.122107506 6.583976746 0.704151213 -0.062998027 -0.229606479 -0.668941915
1403636938501666560.000000 2.712948322 8.106671333 6.580678940 0.702407241 -0.065154850 -0.237749636 -0.667723119
1403636938551666432.000000 2.704524994 8.089693069 6.574919224 0.701304317 -0.063534558 -0.244234070 -0.666697443
1403636938601666560.000000 2.696797371 8.071884155 6.566181183 0.701036334 -0.062199708 -0.248215675 -0.665633678
1403636938651666432.000000 2.689592838 8.055872917 6.555422783 0.700616181 -0.061594367 -0.251416296 -0.664930820
1403636938701666560.000000 2.684027910 8.037851334 6.541646957 0.701416314 -0.059994116 -0.251465470 -0.664214671
1403636938751666432.000000 2.678811550 8.019480705 6.525365829 0.702564836 -0.057281405 -0.250604749 -0.663565278
1403636938801666560.000000 2.673778296 8.000576019 6.507063389 0.704014719 -0.053446736 -0.248674378 -0.663074493
1403636938851666432.000000 2.669911385 7.963148117 6.484616756 0.705927372 -0.048667815 -0.245266348 -0.662678242
1403636938901666560.000000 2.664520979 7.943299294 6.463187695 0.707582235 -0.041283678 -0.242165521 -0.662554920
1403636938951666432.000000 2.658456802 7.923009396 6.440830231 0.708638847 -0.035004385 -0.240683168 -0.662327230
1403636939001666560.000000 2.651520252 7.902916431 6.418300629 0.710105121 -0.029455451 -0.237780347 -0.662075341
1403636939051666432.000000 2.642421007 7.881780148 6.396348476 0.710485637 -0.025745844 -0.236855298 -0.662153244
1403636939101666560.000000 2.632656574 7.862422943 6.374309063 0.710989952 -0.024937149 -0.235101193 -0.662268043
1403636939151666432.000000 2.623199701 7.835789204 6.348497391 0.711087465 -0.025624229 -0.233254790 -0.662789762
1403636939201666560.000000 2.610891342 7.817477226 6.327069759 0.711225748 -0.026666282 -0.231730938 -0.663134754
1403636939251666432.000000 2.597391844 7.799364567 6.306267738 0.711024284 -0.027482992 -0.230824187 -0.663633466
1403636939301666560.000000 2.583077192 7.780207157 6.285995483 0.710848927 -0.028820837 -0.229357615 -0.664272845
1403636939351666432.000000 2.567897081 7.761953831 6.265752792 0.710446179 -0.029200613 -0.228217870 -0.665079117
1403636939401666560.000000 2.552997589 7.743670940 6.245280266 0.709769428 -0.029307237 -0.227403149 -0.666075349
1403636939451666432.000000 2.539700270 7.720156193 6.219186783 0.709181190 -0.029784454 -0.225694418 -0.667260766
1403636939501666560.000000 2.528198719 7.701155663 6.197478771 0.709061205 -0.031554278 -0.222968325 -0.668222845
1403636939551666432.000000 2.518606663 7.681446552 6.175103664 0.709356308 -0.033581071 -0.219258144 -0.669038057
1403636939601666560.000000 2.514459848 7.660107613 6.156274319 0.710039556 -0.036049914 -0.215625301 -0.669365346
1403636939651666432.000000 2.508875370 7.638541222 6.132558823 0.710035384 -0.039780613 -0.213155985 -0.669949174
1403636939701666560.000000 2.503581285 7.615517139 6.108882427 0.709804296 -0.042548724 -0.212578893 -0.670207202
1403636939751666432.000000 2.498322487 7.590771675 6.085192204 0.709969282 -0.043144945 -0.211325526 -0.670390725
1403636939801666560.000000 2.491864681 7.565723896 6.061982155 0.710172117 -0.043096308 -0.210601673 -0.670406818
1403636939851666432.000000 2.484456539 7.537186623 6.036327839 0.710031807 -0.041871894 -0.211614206 -0.670314193
1403636939901666560.000000 2.474306583 7.510281563 6.014591694 0.709319293 -0.042673383 -0.214083195 -0.670233965
1403636939951666432.000000 2.462351084 7.482297421 5.992989063 0.709534228 -0.043965179 -0.216934979 -0.669004917
1403636940001666560.000000 2.448393583 7.453248978 5.970550060 0.711128831 -0.044456739 -0.219331890 -0.666492999
1403636940051666432.000000 2.433085680 7.423666477 5.948907375 0.713211298 -0.043582749 -0.222108603 -0.663398862
1403636940101666560.000000 2.416262627 7.393448353 5.927439213 0.715413153 -0.042907417 -0.224748343 -0.660175145
1403636940151666432.000000 2.400461197 7.362008095 5.905573845 0.716783404 -0.042550508 -0.228850737 -0.657296300
1403636940201666560.000000 2.381277323 7.330680370 5.884690762 0.717937887 -0.042310014 -0.232106268 -0.654905975
1403636940251666432.000000 2.361269474 7.299082279 5.863523483 0.719274342 -0.042352412 -0.234351873 -0.652633131
1403636940301666560.000000 2.340487003 7.267221451 5.842175961 0.720937133 -0.042379100 -0.235218033 -0.650481462
1403636940351666432.000000 2.318342924 7.235436916 5.821323395 0.722749829 -0.042361919 -0.235268414 -0.648449659
1403636940401666560.000000 2.296370506 7.203812122 5.797533989 0.723919749 -0.043373566 -0.236504450 -0.646625519
1403636940451666432.000000 2.273240566 7.170853615 5.775868893 0.725287616 -0.043796927 -0.236927643 -0.644906998
1403636940501666560.000000 2.250907660 7.137264252 5.753626823 0.726350427 -0.043574911 -0.237848938 -0.643384993
1403636940551666432.000000 2.229854584 7.103450298 5.730430603 0.726871192 -0.042547163 -0.240442052 -0.641900003
1403636940601666560.000000 2.211264133 7.069309235 5.704459190 0.726712108 -0.038764115 -0.244083256 -0.640944898
1403636940651666432.000000 2.193233490 7.034392834 5.678612232 0.727274299 -0.034397941 -0.246007383 -0.639819801
1403636940701666560.000000 2.177348614 6.999786854 5.651599407 0.727763653 -0.029506966 -0.247346312 -0.638990879
1403636940751666432.000000 2.163212299 6.965160370 5.623596191 0.727806449 -0.025476478 -0.249135032 -0.638420343
1403636940801666560.000000 2.151069641 6.930135250 5.593954563 0.727846861 -0.021994291 -0.250289261 -0.638052106
1403636940851666432.000000 2.140704155 6.895917892 5.564043045 0.728212953 -0.019445516 -0.250752777 -0.637534976
1403636940901666560.000000 2.132075310 6.861915588 5.533647060 0.728550673 -0.016211964 -0.250326931 -0.637406945
1403636940951666432.000000 2.129338980 6.835856438 5.506599426 0.729180157 -0.013741221 -0.249437332 -0.637093782
1403636941001666560.000000 2.124604225 6.804460049 5.474770069 0.729620337 -0.015703551 -0.247691780 -0.637225568
1403636941051666432.000000 2.121378422 6.774203300 5.442686081 0.730056226 -0.016088249 -0.246107757 -0.637330472
1403636941101666560.000000 2.119414806 6.744269848 5.410215378 0.730895758 -0.017538717 -0.243771136 -0.637228012
1403636941151666432.000000 2.118631363 6.715631962 5.378180027 0.731117904 -0.018959740 -0.242285118 -0.637499213
1403636941201666560.000000 2.117963791 6.686865807 5.345914364 0.731341422 -0.019760532 -0.240720123 -0.637811184
1403636941251666432.000000 2.117478132 6.658354282 5.313923359 0.731367469 -0.022132289 -0.239197209 -0.638276279
1403636941301666560.000000 2.116322994 6.630114079 5.282278538 0.731668234 -0.023741078 -0.236491531 -0.638881683
1403636941351666432.000000 2.113921642 6.602218628 5.251341820 0.731478333 -0.024570061 -0.234354824 -0.639854491
1403636941401666560.000000 2.104899168 6.582026482 5.219390392 0.730925024 -0.025164241 -0.232713550 -0.641061485
1403636941451666432.000000 2.100109100 6.554643631 5.190070629 0.730611563 -0.025759732 -0.230786249 -0.642091095
1403636941501666560.000000 2.093686104 6.527357101 5.161477566 0.729787707 -0.026222318 -0.229790941 -0.643365026
1403636941551666432.000000 2.086877823 6.499797344 5.132769585 0.729137063 -0.025465298 -0.228752911 -0.644502044
1403636941601666560.000000 2.078591585 6.472376347 5.105373859 0.728118896 -0.024834475 -0.228978902 -0.645596504
1403636941651666432.000000 2.069536209 6.445070267 5.078622341 0.727519393 -0.024502799 -0.228599504 -0.646418989
1403636941701666560.000000 2.059331656 6.417800903 5.052740097 0.726741612 -0.023431189 -0.228700966 -0.647297084
1403636941751666432.000000 2.048928738 6.390887737 5.027113438 0.726201355 -0.022953179 -0.228409305 -0.648023129
1403636941801666560.000000 2.039368153 6.364144325 5.001618385 0.725182593 -0.022887873 -0.229367644 -0.648827374
1403636941851666432.000000 2.031949520 6.336935997 4.975963116 0.724470735 -0.022817371 -0.229643628 -0.649527073
1403636941901666560.000000 2.020568848 6.314360619 4.953714371 0.723726213 -0.021958191 -0.230892062 -0.649943948
1403636941951666432.000000 2.015922546 6.287745953 4.927479744 0.723041534 -0.021447185 -0.231611982 -0.650466740
1403636942001666560.000000 2.012421608 6.260978699 4.901162148 0.722134292 -0.022738490 -0.233427420 -0.650781572
1403636942051666432.000000 2.009372234 6.234205723 4.874467850 0.721293151 -0.024863774 -0.234792501 -0.651145577
1403636942101666560.000000 2.010851383 6.205887794 4.844756126 0.721140325 -0.025503963 -0.235167876 -0.651154637
1403636942151666432.000000 2.009373665 6.178684235 4.817081451 0.720862687 -0.027065219 -0.235776380 -0.651179016
1403636942201666560.000000 2.006640434 6.151336670 4.789714336 0.720930934 -0.028452413 -0.235864401 -0.651012421
1403636942251666432.000000 2.002107382 6.124275684 4.762706757 0.720788479 -0.029612388 -0.236974478 -0.650715172
1403636942301666560.000000 1.992346048 6.105987549 4.736109734 0.720980942 -0.031459302 -0.237298563 -0.650297046
1403636942351666432.000000 1.984489322 6.079159737 4.710084915 0.721068263 -0.033706162 -0.238214269 -0.649752676
1403636942401666560.000000 1.974887967 6.052673340 4.684335232 0.720858276 -0.035876147 -0.240126133 -0.649165452
1403636942451666432.000000 1.963371038 6.026283264 4.658323765 0.720801055 -0.037072644 -0.241855368 -0.648519516
1403636942501666560.000000 1.950375319 5.997299194 4.630427837 0.720697582 -0.037787128 -0.244056761 -0.647768080
1403636942551666432.000000 1.935778499 5.970278263 4.603949547 0.720205128 -0.037014429 -0.246858105 -0.647298753
1403636942601666560.000000 1.920007944 5.943470955 4.577167988 0.720462799 -0.035740256 -0.248306289 -0.646529198
1403636942651666432.000000 1.902896762 5.916794777 4.550127029 0.720432520 -0.033488818 -0.250151426 -0.645971954
1403636942701666560.000000 1.884767175 5.890548229 4.522848129 0.721122026 -0.029484427 -0.250288695 -0.645344377
1403636942751666432.000000 1.868303180 5.874227047 4.498857498 0.721764505 -0.027085664 -0.250606894 -0.644607365
1403636942801666560.000000 1.849833131 5.848988056 4.470658779 0.722562790 -0.025278404 -0.249998599 -0.644022286
1403636942851666432.000000 1.833398700 5.824450970 4.441467762 0.724060535 -0.024646996 -0.247336254 -0.643392384
1403636942901666560.000000 1.818093896 5.800208092 4.410021305 0.725837409 -0.024979396 -0.243822873 -0.642718136
1403636942951666432.000000 1.804970145 5.776082993 4.378634453 0.727342963 -0.024123996 -0.240993574 -0.642115653
1403636943001666560.000000 1.794249296 5.752245903 4.346603394 0.728253007 -0.025079153 -0.239317968 -0.641674101
1403636943051666432.000000 1.785756588 5.728239059 4.314064980 0.729540348 -0.025441390 -0.236308619 -0.641312718
1403636943101666560.000000 1.781808257 5.710776806 4.283076763 0.730810463 -0.026115611 -0.234910116 -0.640352547
1403636943151666432.000000 1.775506854 5.687008858 4.250460148 0.731437981 -0.028274521 -0.234498397 -0.639694870
1403636943201666560.000000 1.768442273 5.662988663 4.218575478 0.732101977 -0.029120641 -0.233651176 -0.639207244
1403636943251666432.000000 1.759721398 5.639585972 4.186396122 0.732626021 -0.029019699 -0.233692780 -0.638595879
1403636943301666560.000000 1.749992132 5.615480900 4.155572891 0.733709216 -0.028702589 -0.232571408 -0.637775540
1403636943351666432.000000 1.738844872 5.590989590 4.125613689 0.734776735 -0.028231794 -0.231726885 -0.636874318
1403636943401666560.000000 1.726703525 5.566333294 4.096704483 0.735664070 -0.029154336 -0.231163934 -0.636012316
1403636943451666432.000000 1.715491652 5.549600124 4.068766594 0.736415803 -0.028865812 -0.231322557 -0.635097206
1403636943501666560.000000 1.701055408 5.524875164 4.041746616 0.737250090 -0.028769882 -0.230453998 -0.634449005
1403636943551666432.000000 1.685059667 5.499750614 4.015757561 0.737947345 -0.028466607 -0.230085447 -0.633785605
1403636943601666560.000000 1.668197274 5.474280357 3.990997791 0.738892734 -0.028070182 -0.228762105 -0.633180499
1403636943651666432.000000 1.650122166 5.448566914 3.966656208 0.739726365 -0.027151445 -0.227524728 -0.632692873
1403636943701666560.000000 1.631036639 5.422680855 3.943047047 0.740211189 -0.028460395 -0.227038428 -0.632242918
1403636943751666432.000000 1.610606909 5.396346569 3.920531273 0.740758717 -0.028001625 -0.226891071 -0.631674707
1403636943801666560.000000 1.591495991 5.378915310 3.897065163 0.741052449 -0.026967205 -0.226494968 -0.631517291
1403636943851666432.000000 1.569002986 5.352309704 3.877128124 0.739563107 -0.026914928 -0.227900222 -0.632758677
1403636943901666560.000000 1.545392752 5.325608253 3.858581066 0.736531377 -0.024511151 -0.230528146 -0.635434985
1403636943951666432.000000 1.520265937 5.299911976 3.840933800 0.731648803 -0.020247724 -0.235462248 -0.639404237
1403636944001666560.000000 1.494509816 5.273756981 3.824001312 0.726690650 -0.014667762 -0.240832895 -0.643199146
1403636944051666432.000000 1.469067097 5.248196125 3.807116508 0.721880376 -0.008988233 -0.246033967 -0.646742165
1403636944101666560.000000 1.446348667 5.227735996 3.790195465 0.717334449 -0.002219400 -0.251410186 -0.649784148
1403636944151666432.000000 1.424549818 5.204550743 3.772325516 0.713591814 0.001994425 -0.254781932 -0.652586341
1403636944201666560.000000 1.405207872 5.183451176 3.753786564 0.711153567 0.005614013 -0.255906820 -0.654783010
1403636944251666432.000000 1.387590528 5.164712906 3.734358311 0.708647072 0.005965168 -0.257199377 -0.656987250
1403636944301666560.000000 1.373429537 5.147448540 3.714056015 0.707752347 0.005662276 -0.255411267 -0.658649981
1403636944351666432.000000 1.360946536 5.132668018 3.693218708 0.707310379 0.002557131 -0.252426982 -0.660292506
1403636944401666560.000000 1.350557327 5.119976044 3.671700478 0.707444251 -0.001125743 -0.248607308 -0.661601007
1403636944451666432.000000 1.341799378 5.108407497 3.649580956 0.708894074 -0.003371698 -0.241570994 -0.662647188
1403636944501666560.000000 1.334973216 5.098078251 3.627060413 0.710542262 -0.006493106 -0.234037921 -0.663561523
1403636944551666432.000000 1.329843521 5.088032722 3.604664326 0.713029027 -0.007521353 -0.224593237 -0.664146900
1403636944601666560.000000 1.327019691 5.077213287 3.588207722 0.715184510 -0.006989390 -0.216115162 -0.664647758
1403636944651666432.000000 1.324477077 5.067200661 3.567829609 0.716461837 -0.005132834 -0.209280774 -0.665475607
1403636944701666560.000000 1.323523402 5.057473660 3.548917770 0.716149449 -0.004208989 -0.203905791 -0.667483866
1403636944751666432.000000 1.323707700 5.047575951 3.529486656 0.713802040 -0.006691606 -0.204013467 -0.669940650
1403636944801666560.000000 1.325588942 5.037206650 3.512260437 0.711268544 -0.009850732 -0.204996362 -0.672292054
1403636944851666432.000000 1.329590797 5.026625156 3.495763302 0.709001064 -0.012957096 -0.205601856 -0.674446106
1403636944901666560.000000 1.334953785 5.015719414 3.480073452 0.706673384 -0.015342036 -0.207461774 -0.676266909
1403636944951666432.000000 1.340697885 5.004612446 3.465496540 0.704819560 -0.018145118 -0.208499208 -0.677811384
1403636945001666560.000000 1.344850183 4.993271351 3.452424049 0.703601718 -0.019052289 -0.208510563 -0.679047227
1403636945051666432.000000 1.346518517 4.982796669 3.440919399 0.702639997 -0.019631239 -0.208320990 -0.680083930
1403636945101666560.000000 1.340466261 4.967510700 3.435596466 0.702324331 -0.020205986 -0.207272291 -0.680713236
1403636945151666432.000000 1.336029172 4.955241203 3.427878380 0.701561391 -0.020264689 -0.207475781 -0.681435823
1403636945201666560.000000 1.330236435 4.942396164 3.421207905 0.701054871 -0.020066904 -0.207080334 -0.682082951
1403636945251666432.000000 1.324371338 4.929314137 3.412841797 0.700551569 -0.020414347 -0.206705809 -0.682703078
1403636945301666560.000000 1.319213390 4.916017056 3.406394482 0.700112343 -0.020589951 -0.207024843 -0.683051646
1403636945351666432.000000 1.315905690 4.902050972 3.400000095 0.699999928 -0.020472132 -0.206826508 -0.683230460
1403636945401666560.000000 1.314483881 4.887425900 3.393803596 0.700034976 -0.019413657 -0.206959859 -0.683185041
1403636945451666432.000000 1.314912558 4.872255802 3.387991905 0.700220704 -0.019687638 -0.206838176 -0.683023751
1403636945501666560.000000 1.316054463 4.856592655 3.382856846 0.700423598 -0.019738482 -0.207293779 -0.682676077
1403636945551666432.000000 1.316158652 4.840346336 3.378867149 0.700136423 -0.019354956 -0.209610596 -0.682274044
1403636945601666560.000000 1.312951565 4.818558693 3.381708622 0.700009227 -0.017257543 -0.213019162 -0.681404531
1403636945651666432.000000 1.310042143 4.801799297 3.380372047 0.699329436 -0.012088491 -0.217592865 -0.680768430
1403636945701666560.000000 1.305508494 4.785255432 3.379849434 0.698111475 -0.006242729 -0.223735929 -0.680105627
1403636945751666432.000000 1.300092459 4.768801212 3.378246784 0.697224081 0.000071881 -0.228564858 -0.679438531
1403636945801666560.000000 1.293189645 4.754196167 3.379130363 0.696028829 0.005878120 -0.233929321 -0.678812563
1403636945851666432.000000 1.285992026 4.741193771 3.380669594 0.695816696 0.008873827 -0.236605734 -0.678069472
1403636945901666560.000000 1.278554082 4.729949951 3.383074760 0.695861816 0.008116662 -0.238376170 -0.677412212
1403636945951666432.000000 1.271188021 4.720474243 3.386042595 0.697585225 0.005903406 -0.234972581 -0.676851571
1403636946001666560.000000 1.263164282 4.712324619 3.389906883 0.699760377 0.000710652 -0.229638040 -0.676462352
1403636946051666432.000000 1.254339933 4.705065727 3.394704342 0.702078819 -0.004017933 -0.224404797 -0.675804496
1403636946101666560.000000 1.241804838 4.693907738 3.400422573 0.703354001 -0.006159901 -0.222327262 -0.675148726
1403636946151666432.000000 1.229520679 4.687491894 3.407461643 0.704465985 -0.007991198 -0.220992982 -0.674407840
1403636946201666560.000000 1.215991735 4.681585789 3.415426731 0.705207348 -0.009667513 -0.220914930 -0.673636258
1403636946251666432.000000 1.202603221 4.677096367 3.424610615 0.706705153 -0.010774844 -0.218472019 -0.672845960
1403636946301666560.000000 1.187210441 4.671905518 3.434459686 0.707964301 -0.012985089 -0.216422290 -0.672145367
1403636946351666432.000000 1.170198560 4.666924953 3.445149422 0.709637761 -0.013669282 -0.214314520 -0.671041548
1403636946401666560.000000 1.151955962 4.661901951 3.457168579 0.710180998 -0.016374137 -0.214046240 -0.670491755
1403636946451666432.000000 1.129628181 4.653481007 3.469485760 0.710872531 -0.017063135 -0.214458242 -0.669609547
1403636946501666560.000000 1.108906507 4.647774696 3.483321190 0.711599469 -0.017761514 -0.214328945 -0.668860197
1403636946551666432.000000 1.088227749 4.641870975 3.497849464 0.712487340 -0.018343464 -0.213910580 -0.668032706
1403636946601666560.000000 1.069079518 4.635493279 3.512448311 0.713185132 -0.018324183 -0.213975340 -0.667267442
1403636946651666432.000000 1.050395250 4.628211021 3.527475834 0.713273585 -0.017707558 -0.215752259 -0.666617095
1403636946701666560.000000 1.033234119 4.620640278 3.542841911 0.711439848 -0.022119738 -0.221990138 -0.666396618
1403636946751666432.000000 1.017934203 4.612363815 3.557715893 0.708848894 -0.028635127 -0.230170786 -0.666134238
1403636946801666560.000000 1.005617380 4.602537155 3.569903374 0.706140757 -0.036411013 -0.238035291 -0.665866911
1403636946851666432.000000 0.992708683 4.593455315 3.582400322 0.703900456 -0.041522942 -0.244450763 -0.665615380
1403636946901666560.000000 0.979490042 4.584308147 3.593490601 0.702513039 -0.044473980 -0.248868778 -0.665253222
1403636946951666432.000000 0.964654446 4.574792862 3.604319572 0.699594438 -0.049934097 -0.256287128 -0.665125012
1403636947001666560.000000 0.948210001 4.565207958 3.613105774 0.697667122 -0.055087801 -0.261344194 -0.664774597
1403636947051666432.000000 0.930195928 4.555782795 3.619751453 0.696569622 -0.056900222 -0.264652342 -0.664463937
1403636947101666560.000000 0.911143064 4.546587467 3.623924255 0.696862102 -0.054305062 -0.264376611 -0.664484262
1403636947151666432.000000 0.892063856 4.537515640 3.625073433 0.699041605 -0.046560578 -0.260422438 -0.664344132
1403636947201666560.000000 0.880488992 4.531332970 3.620704651 0.700547516 -0.034083664 -0.258511633 -0.664261460
1403636947251666432.000000 0.863088131 4.521951675 3.617388725 0.702145755 -0.019822696 -0.256385833 -0.663976431
1403636947301666560.000000 0.847354293 4.513727665 3.612707138 0.702750623 -0.007191041 -0.256351054 -0.663606822
1403636947351666432.000000 0.833173752 4.506838322 3.606242180 0.702717662 0.003061966 -0.257249206 -0.663325965
1403636947401666560.000000 0.821522713 4.501782894 3.599519730 0.702249646 0.010007648 -0.258995086 -0.663073778
1403636947451666432.000000 0.812254667 4.499303818 3.591887951 0.702474892 0.014088435 -0.259069443 -0.662731946
1403636947501666560.000000 0.805686712 4.499416828 3.583608150 0.702535391 0.010802597 -0.259505004 -0.662559092
1403636947551666432.000000 0.801068306 4.501751900 3.574352741 0.702941656 0.004839593 -0.259041101 -0.662380040
1403636947601666560.000000 0.798863769 4.506149292 3.563704491 0.704776287 -0.000977747 -0.254679948 -0.662138700
1403636947651666432.000000 0.798202634 4.512081623 3.552361488 0.706518769 -0.003367248 -0.249753505 -0.662150443
1403636947701666560.000000 0.796945572 4.522965431 3.542171955 0.707811534 -0.003972424 -0.246486410 -0.661990583
1403636947751666432.000000 0.795927048 4.531280041 3.530776024 0.709244370 -0.002227690 -0.242567554 -0.661912799
1403636947801666560.000000 0.793947935 4.541049957 3.519875050 0.710477233 0.000697647 -0.238616079 -0.662030280
1403636947851666432.000000 0.788888574 4.551593304 3.509377480 0.712194979 0.005190354 -0.233123526 -0.662121415
1403636947901666560.000000 0.784425259 4.563607216 3.500056267 0.713920653 0.009072005 -0.227417022 -0.662205815
1403636947951666432.000000 0.779161096 4.576661587 3.492251873 0.714754403 0.010921507 -0.223663628 -0.662556767
1403636948001666560.000000 0.772723556 4.590574741 3.486376286 0.713593602 0.010488067 -0.226326421 -0.662910759
1403636948051666432.000000 0.765513778 4.605178356 3.482206345 0.711771548 0.010045399 -0.230551273 -0.663420379
1403636948101666560.000000 0.757840872 4.620785236 3.479415894 0.710028708 0.010034193 -0.234152421 -0.664026618
1403636948151666432.000000 0.750108838 4.637021065 3.477366447 0.709543824 0.011365670 -0.234118879 -0.664534986
1403636948201666560.000000 0.746402502 4.656654835 3.476890087 0.709599197 0.012047744 -0.232722417 -0.664954245
1403636948251666432.000000 0.738166213 4.675158024 3.476861000 0.709321737 0.012451359 -0.231476054 -0.665677547
1403636948301666560.000000 0.729964256 4.694670677 3.478141308 0.709529698 0.012856102 -0.229229674 -0.666225314
1403636948351666432.000000 0.720499992 4.716144085 3.479451656 0.709370613 0.013325369 -0.227137104 -0.667101622
1403636948401666560.000000 0.711569190 4.738031864 3.482410908 0.709381223 0.014913043 -0.224837929 -0.667835176
1403636948451666432.000000 0.702565312 4.760955334 3.486766815 0.709212720 0.016361462 -0.222388983 -0.668799520
1403636948501666560.000000 0.693800211 4.784858704 3.492249966 0.710496008 0.020393221 -0.215948045 -0.669437110
1403636948551666432.000000 0.685332417 4.809634686 3.499572754 0.712306023 0.024921371 -0.207738161 -0.669958234
1403636948601666560.000000 0.677391171 4.835220337 3.509395123 0.714038014 0.028665453 -0.199981034 -0.670325100
1403636948651666432.000000 0.670458913 4.857235432 3.524494171 0.715381682 0.031095808 -0.193527147 -0.670678318
1403636948701666560.000000 0.666709542 4.883662224 3.539406776 0.715455472 0.028454801 -0.190599993 -0.671554565
1403636948751666432.000000 0.665096521 4.910272598 3.556863308 0.714051664 0.022564825 -0.192744389 -0.672659457
1403636948801666560.000000 0.666905046 4.936085224 3.575446129 0.711388588 0.012768841 -0.198307157 -0.674119830
1403636948851666432.000000 0.671191096 4.962438583 3.596008778 0.709092677 0.003614071 -0.202760369 -0.675324261
1403636948901666560.000000 0.677628279 4.988481998 3.617630959 0.706604183 -0.005902774 -0.207140818 -0.676585853
1403636948951666432.000000 0.685511827 5.014244080 3.639913559 0.703949392 -0.016429765 -0.212038115 -0.677661538
1403636949001666560.000000 0.693059325 5.039624214 3.662450314 0.701750994 -0.025809871 -0.215113431 -0.678679347
1403636949051666432.000000 0.698368669 5.058519363 3.686770439 0.700314522 -0.030834138 -0.217088521 -0.679324329
1403636949101666560.000000 0.703115344 5.083084106 3.708915234 0.700026989 -0.031920329 -0.215864301 -0.679960310
1403636949151666432.000000 0.706501007 5.106820583 3.730890751 0.699948907 -0.030897906 -0.214647502 -0.680472851
1403636949201666560.000000 0.709743023 5.130166531 3.753191948 0.699678779 -0.030027768 -0.213831589 -0.681046247
1403636949251666432.000000 0.710832715 5.152611732 3.775562763 0.699723125 -0.027407512 -0.212694675 -0.681467116
1403636949301666560.000000 0.710781813 5.174093246 3.798374176 0.699182391 -0.027752848 -0.213141009 -0.681868553
1403636949351666432.000000 0.709705949 5.189990997 3.823587894 0.698299646 -0.030476371 -0.214084834 -0.682361066
1403636949401666560.000000 0.707463145 5.210058689 3.846989632 0.697443247 -0.032148972 -0.215403885 -0.682744980
1403636949451666432.000000 0.703867197 5.229351997 3.870507240 0.696838498 -0.033630684 -0.215963021 -0.683114231
1403636949501666560.000000 0.700564504 5.240564823 3.894950867 0.696049929 -0.036445376 -0.217576012 -0.683262050
1403636949551666432.000000 0.696482182 5.258225441 3.917817116 0.694932342 -0.038427774 -0.219686568 -0.683615565
1403636949601666560.000000 0.693924427 5.275152206 3.939405918 0.694175422 -0.040372495 -0.220795438 -0.683915198
1403636949651666432.000000 0.692775369 5.291046619 3.960009098 0.693254888 -0.039203014 -0.223626539 -0.683997154
1403636949701666560.000000 0.692360401 5.301068783 3.979756832 0.692844689 -0.035739530 -0.225372523 -0.684029400
1403636949751666432.000000 0.693955779 5.315560341 3.997281551 0.692396402 -0.030900987 -0.227292433 -0.684083760
1403636949801666560.000000 0.697186470 5.329057693 4.013713837 0.691916704 -0.026311865 -0.228673652 -0.684300661
1403636949851666432.000000 0.701396942 5.339135647 4.027513504 0.690179825 -0.023073955 -0.233694375 -0.684475303
1403636949901666560.000000 0.705582857 5.351257801 4.042310715 0.689680874 -0.018939655 -0.235689342 -0.684421062
1403636949951666432.000000 0.710399866 5.363551617 4.056313992 0.688621819 -0.016307272 -0.238896117 -0.684443355
1403636950001666560.000000 0.716225982 5.375634670 4.069757938 0.688032210 -0.015005325 -0.241212890 -0.684253573
1403636950051666432.000000 0.724217176 5.395974159 4.075001240 0.687142730 -0.012639655 -0.244296178 -0.684101284
1403636950101666560.000000 0.731062055 5.411145210 4.086567879 0.686351836 -0.011507269 -0.246921360 -0.683972716
1403636950151666432.000000 0.737134576 5.427098751 4.097350121 0.686753154 -0.009612747 -0.246771127 -0.683653295
1403636950201666560.000000 0.741979480 5.443241596 4.108624458 0.687662423 -0.006814355 -0.245478600 -0.683238029
1403636950251666432.000000 0.745188355 5.460908890 4.119515896 0.688582778 -0.005561415 -0.243411988 -0.683061898
1403636950301666560.000000 0.747227192 5.479432106 4.130122662 0.689961314 -0.004499061 -0.240774304 -0.682613313
1403636950351666432.000000 0.746827722 5.503980637 4.135169506 0.691262305 -0.004831862 -0.237284020 -0.682516992
1403636950401666560.000000 0.747685313 5.524184227 4.146028996 0.692783594 -0.005019761 -0.233281508 -0.682352960
1403636950451666432.000000 0.747853160 5.545088291 4.156954288 0.694437444 -0.006800990 -0.228876173 -0.682148099
1403636950501666560.000000 0.747212291 5.566828728 4.169133186 0.696738183 -0.005026385 -0.222711742 -0.681857884
1403636950551666432.000000 0.744515538 5.590477467 4.178624153 0.698818624 -0.003847827 -0.216570020 -0.681714952
1403636950601666560.000000 0.743848681 5.612066269 4.191611767 0.700485051 -0.002698316 -0.211658180 -0.681552887
1403636950651666432.000000 0.744597912 5.633318901 4.205290318 0.701205134 -0.002260547 -0.209470883 -0.681489766
1403636950701666560.000000 0.746471405 5.654048920 4.219890594 0.700884044 -0.005089700 -0.209342822 -0.681844056
1403636950751666432.000000 0.750742435 5.674616337 4.234563351 0.700509489 -0.008309240 -0.209657446 -0.682100594
1403636950801666560.000000 0.746092916 5.706440926 4.245506763 0.699358046 -0.013206492 -0.210909739 -0.682818413
1403636950851666432.000000 0.754053593 5.725590706 4.260691643 0.698152363 -0.016323052 -0.212899521 -0.683367193
1403636950901666560.000000 0.764175296 5.744527817 4.275417805 0.697766602 -0.018170403 -0.213137895 -0.683640182
1403636950951666432.000000 0.775547028 5.763075352 4.289875031 0.697348177 -0.018876288 -0.213565543 -0.683914542
1403636951001666560.000000 0.783810616 5.784470558 4.302663326 0.696737349 -0.020749711 -0.213886768 -0.684382200
1403636951051666432.000000 0.799892426 5.801401138 4.315998077 0.695922792 -0.023821792 -0.215619922 -0.684567094
1403636951101666560.000000 0.815868378 5.817051411 4.329349518 0.694245756 -0.026594296 -0.219925672 -0.684797943
1403636951151666432.000000 0.823244333 5.840901375 4.341477871 0.691777706 -0.028348504 -0.225719452 -0.685339928
1403636951201666560.000000 0.836934686 5.855799675 4.354458332 0.690672636 -0.025666662 -0.229621038 -0.685263991
1403636951251666432.000000 0.848487854 5.870676041 4.367542744 0.690083146 -0.021742383 -0.232247055 -0.685108721
1403636951301666560.000000 0.852306008 5.891829014 4.380393505 0.689305127 -0.016420947 -0.235105366 -0.685065269
1403636951351666432.000000 0.859405756 5.907702446 4.393746853 0.688550830 -0.011568385 -0.238017559 -0.684917212
1403636951401666560.000000 0.865379930 5.924536228 4.407174587 0.688036263 -0.006600940 -0.240129858 -0.684762955
1403636951451666432.000000 0.868700624 5.942685127 4.420153141 0.688194275 -0.003131407 -0.240270838 -0.684579253
1403636951501666560.000000 0.872131467 5.961291790 4.433373928 0.688133359 -0.001443989 -0.241032556 -0.684378326
1403636951551666432.000000 0.874874234 5.980853081 4.446592331 0.688595355 -0.000344044 -0.240503043 -0.684101343
1403636951601666560.000000 0.877007365 6.001498699 4.459925652 0.689277291 0.001587055 -0.239117086 -0.683898687
1403636951651666432.000000 0.874529839 6.034681320 4.472648621 0.689968586 0.001689168 -0.237005338 -0.683936417
1403636951701666560.000000 0.876604915 6.057736397 4.486188889 0.691218376 0.001014514 -0.234005347 -0.683708787
1403636951751666432.000000 0.880176067 6.082835674 4.499355316 0.692304254 -0.000900681 -0.231059760 -0.683612049
1403636951801666560.000000 0.885521412 6.110358238 4.511204243 0.693303704 -0.003075695 -0.228178576 -0.683560669
1403636951851666432.000000 0.893644691 6.137985706 4.522719860 0.694888711 -0.002817575 -0.223445415 -0.683515847
1403636951901666560.000000 0.901201487 6.169257164 4.535305023 0.695920110 -0.003259594 -0.220275164 -0.683493614
1403636951951666432.000000 0.910800576 6.196776390 4.547173023 0.697507322 -0.001480353 -0.216274559 -0.683159351
1403636952001666560.000000 0.920098186 6.225214481 4.560053349 0.698261142 -0.000699837 -0.213964805 -0.683117926
1403636952051666432.000000 0.927529573 6.254209995 4.573562145 0.698963881 -0.000853075 -0.212427735 -0.682878673
1403636952101666560.000000 0.934724331 6.283165932 4.588755608 0.699283481 -0.003026702 -0.211393967 -0.682866037
1403636952151666432.000000 0.940398932 6.312130451 4.605228424 0.698964119 -0.005779555 -0.212081924 -0.682961941
1403636952201666560.000000 0.944886565 6.341004372 4.622702599 0.698972583 -0.009821841 -0.211730212 -0.683016300
1403636952251666432.000000 0.952701688 6.374053001 4.642481804 0.698476255 -0.014245423 -0.212584570 -0.683180630
1403636952301666560.000000 0.954436302 6.402261257 4.661703587 0.697396159 -0.020064076 -0.214670032 -0.683485866
1403636952351666432.000000 0.955096245 6.430124760 4.681414127 0.696653605 -0.025354892 -0.215962142 -0.683660328
1403636952401666560.000000 0.954156041 6.457161903 4.701043606 0.696212232 -0.028823167 -0.216794088 -0.683709145
1403636952451666432.000000 0.951402783 6.481944561 4.720935822 0.696466267 -0.029794741 -0.215007186 -0.683972955
1403636952501666560.000000 0.951860309 6.515360355 4.744243622 0.696941912 -0.028940246 -0.213550329 -0.683981478
1403636952551666432.000000 0.947100759 6.540159702 4.764770031 0.697366714 -0.027025558 -0.211982965 -0.684114397
1403636952601666560.000000 0.942779183 6.563847542 4.785056591 0.697993040 -0.025746671 -0.209544152 -0.684276342
1403636952651666432.000000 0.939917803 6.585799694 4.804612637 0.698423982 -0.025465410 -0.208268762 -0.684236526
1403636952701666560.000000 0.938314795 6.606760025 4.823997498 0.698342741 -0.024471488 -0.207795531 -0.684499621
1403636952751666432.000000 0.937404513 6.626904488 4.843464375 0.697935462 -0.022811070 -0.209018067 -0.684600055
1403636952801666560.000000 0.931256652 6.639476776 4.861227512 0.697192192 -0.019742686 -0.211278036 -0.684759080
1403636952851666432.000000 0.931667566 6.657752514 4.880732536 0.696274102 -0.017380366 -0.214329749 -0.684808791
1403636952901666560.000000 0.932315707 6.676008224 4.900534630 0.695094347 -0.015846385 -0.218223035 -0.684814930
1403636952951666432.000000 0.931831002 6.694691658 4.921021461 0.693334341 -0.014700066 -0.223846093 -0.684809744
1403636953001666560.000000 0.928726196 6.712545395 4.942508221 0.691551208 -0.015996017 -0.229786977 -0.684616029
1403636953051666432.000000 0.925331593 6.731346607 4.963620186 0.690002084 -0.017678548 -0.234609902 -0.684501886
1403636953101666560.000000 0.927786112 6.760685444 4.983448029 0.688510418 -0.020150095 -0.238681927 -0.684527934
1403636953151666432.000000 0.921572685 6.780578136 5.004150867 0.687667072 -0.020881612 -0.241071790 -0.684516191
1403636953201666560.000000 0.914128780 6.801147938 5.024175167 0.687529564 -0.021207970 -0.241920456 -0.684344828
1403636953251666432.000000 0.905751944 6.822174072 5.043406963 0.687548101 -0.020382449 -0.241835862 -0.684381187
1403636953301666560.000000 0.898453712 6.844795227 5.061840057 0.687574625 -0.019890271 -0.241410479 -0.684519172
1403636953351666432.000000 0.892061472 6.867242336 5.078541756 0.687698662 -0.018813180 -0.240478754 -0.684753001
1403636953401666560.000000 0.889600515 6.898501873 5.093031883 0.688818455 -0.017879136 -0.236617357 -0.684997618
1403636953451666432.000000 0.886670828 6.921215534 5.107085705 0.690115035 -0.016800102 -0.232662231 -0.685074687
1403636953501666560.000000 0.885644674 6.943324089 5.119943142 0.691447437 -0.014840648 -0.227954194 -0.685359180
1403636953551666432.000000 0.885691404 6.965542793 5.132218361 0.692199290 -0.014675093 -0.224833548 -0.685634613
1403636953601666560.000000 0.887209654 6.987918854 5.143827915 0.692718089 -0.011535275 -0.222763166 -0.685846329
1403636953651666432.000000 0.889988661 7.010670662 5.155259132 0.692818224 -0.007591452 -0.221287638 -0.686277688
1403636953701666560.000000 0.894850016 7.033026218 5.166531563 0.692592323 -0.002978365 -0.220816076 -0.686693013
1403636953751666432.000000 0.902291059 7.056254387 5.177681923 0.692624748 0.000826530 -0.219582498 -0.687061787
1403636953801666560.000000 0.909964800 7.089835167 5.190618992 0.693254411 0.005258359 -0.216549546 -0.687369704
1403636953851666432.000000 0.922320843 7.114484787 5.202128410 0.693500638 0.006682292 -0.214125112 -0.687868297
1403636953901666560.000000 0.936370611 7.139344692 5.214221001 0.692678392 0.005160144 -0.214905784 -0.688466072
1403636953951666432.000000 0.952293158 7.165329456 5.227146626 0.691977978 0.003489549 -0.215924412 -0.688862085
1403636954001666560.000000 0.969338179 7.190536976 5.240028858 0.691015005 0.001343561 -0.217648715 -0.689293563
1403636954051666432.000000 0.980945110 7.219521999 5.255332947 0.690442920 -0.000635520 -0.218449637 -0.689614356
1403636954101666560.000000 0.995590687 7.246242523 5.270842075 0.690424383 -0.001351354 -0.218601704 -0.689583659
1403636954151666432.000000 1.009292364 7.273206711 5.287519932 0.690193892 -0.002860605 -0.218950436 -0.689699113
1403636954201666560.000000 1.021761656 7.301062584 5.304371834 0.690054715 -0.003363752 -0.219255641 -0.689739168
1403636954251666432.000000 1.027951002 7.329545498 5.322596550 0.689685345 -0.002186264 -0.220758736 -0.689634025
1403636954301666560.000000 1.041210651 7.359209061 5.340911865 0.689689755 -0.001683346 -0.221271515 -0.689466655
1403636954351666432.000000 1.055765152 7.389496803 5.359605312 0.689505339 -0.001921143 -0.222975671 -0.689101279
1403636954401666560.000000 1.070873260 7.420898438 5.378640175 0.689301908 0.000196504 -0.224833682 -0.688703656
1403636954451666432.000000 1.085095644 7.450586796 5.397164345 0.689335346 -0.000144290 -0.226141810 -0.688241780
1403636954501666560.000000 1.103619099 7.482431412 5.416131973 0.689553559 0.000572493 -0.227792293 -0.687478185
1403636954551666432.000000 1.123043299 7.515434742 5.435037136 0.690508544 0.001230696 -0.227499455 -0.686615229
1403636954601666560.000000 1.141264200 7.549345493 5.454540730 0.691735327 0.002582455 -0.226920485 -0.685567498
1403636954651666432.000000 1.154637337 7.574739456 5.473614693 0.693290353 0.001853741 -0.225749195 -0.684384704
1403636954701666560.000000 1.165893555 7.611050606 5.495991707 0.694935322 0.000079457 -0.224656433 -0.683077216
1403636954751666432.000000 1.173379183 7.648117542 5.519971371 0.696761787 -0.003161203 -0.222788900 -0.681819737
1403636954801666560.000000 1.177684784 7.682512283 5.545606613 0.698525906 -0.006716994 -0.221269652 -0.680482328
1403636954851666432.000000 1.181191444 7.720201015 5.571603775 0.700579643 -0.009221599 -0.219135255 -0.679030895
1403636954901666560.000000 1.182985783 7.757969856 5.598717213 0.701889694 -0.012776807 -0.218782678 -0.677732885
1403636954951666432.000000 1.182341337 7.795135021 5.627037048 0.703509390 -0.015818240 -0.218169555 -0.676185191
1403636955001666560.000000 1.184929609 7.820836544 5.653258324 0.705372870 -0.016239898 -0.217011526 -0.674604654
1403636955051666432.000000 1.183228493 7.857214451 5.682427406 0.706749499 -0.015726067 -0.217232391 -0.673103333
1403636955101666560.000000 1.182502747 7.892802238 5.711572170 0.708334029 -0.013895704 -0.217261419 -0.671466589
1403636955151666432.000000 1.183594465 7.927321434 5.741084099 0.710150003 -0.012408638 -0.216523200 -0.669813931
1403636955201666560.000000 1.188909531 7.959188461 5.768750668 0.711573184 -0.011698645 -0.217118114 -0.668121636
1403636955251666432.000000 1.194252729 7.994088650 5.797438622 0.712844610 -0.013070499 -0.218113899 -0.666414440
1403636955301666560.000000 1.200853586 8.028647423 5.826081753 0.714495599 -0.013381124 -0.218126893 -0.664633572
1403636955351666432.000000 1.210334301 8.062110901 5.854825974 0.716378808 -0.012725669 -0.217502281 -0.662821412
1403636955401666560.000000 1.226107597 8.085707664 5.877458096 0.717492580 -0.013522435 -0.218423888 -0.661296189
1403636955451666432.000000 1.235805273 8.118881226 5.906832218 0.718963325 -0.012642775 -0.218100101 -0.659821391
1403636955501666560.000000 1.244210243 8.151962280 5.937026501 0.719836593 -0.012501453 -0.218749002 -0.658656120
1403636955551666432.000000 1.251452684 8.184794426 5.967875004 0.720717549 -0.012049868 -0.218988329 -0.657620847
1403636955601666560.000000 1.262317181 8.211381912 5.996045113 0.721424937 -0.012512357 -0.219591841 -0.656634569
1403636955651666432.000000 1.267067194 8.243586540 6.028952599 0.722289383 -0.011874089 -0.219683245 -0.655664861
1403636955701666560.000000 1.271813154 8.275407791 6.062378883 0.722863734 -0.012137594 -0.219851717 -0.654970288
1403636955751666432.000000 1.279852629 8.303952217 6.093919754 0.723060012 -0.012113917 -0.220735356 -0.654456556
1403636955801666560.000000 1.287380219 8.335143089 6.127450943 0.723793864 -0.011538562 -0.219963044 -0.653915584
1403636955851666432.000000 1.296534061 8.366111755 6.160951614 0.723669112 -0.012452278 -0.221811906 -0.653412223
1403636955901666560.000000 1.312712908 8.392508507 6.190063477 0.722973526 -0.015201223 -0.224148169 -0.653326690
1403636955951666432.000000 1.325865269 8.422453880 6.223108292 0.721943378 -0.018974299 -0.228448004 -0.652877688
1403636956001666560.000000 1.341076374 8.452032089 6.255389214 0.720740855 -0.025046619 -0.232758224 -0.652479112
1403636956051666432.000000 1.358045101 8.481184959 6.286458969 0.719573677 -0.031293403 -0.237254694 -0.651877880
1403636956101666560.000000 1.378357887 8.507262230 6.312097549 0.718147337 -0.036933105 -0.241591468 -0.651562750
1403636956151666432.000000 1.396788597 8.534302711 6.340270042 0.717555702 -0.039072432 -0.244511679 -0.651000261
1403636956201666560.000000 1.414030552 8.560523987 6.367457390 0.717319131 -0.042079512 -0.246560067 -0.650300562
1403636956251666432.000000 1.429595947 8.586035728 6.393608093 0.717507839 -0.042772688 -0.247664124 -0.649627268
1403636956301666560.000000 1.442654848 8.611093521 6.419233322 0.718880355 -0.039510407 -0.245971948 -0.648959100
1403636956351666432.000000 1.455043077 8.635734558 6.441509247 0.721726477 -0.033562802 -0.240665048 -0.648124039
1403636956401666560.000000 1.464166641 8.659589767 6.466116905 0.723598897 -0.027478607 -0.236943573 -0.647693872
1403636956451666432.000000 1.472253799 8.683302879 6.490583420 0.725718915 -0.022949643 -0.231888577 -0.647327721
1403636956501666560.000000 1.478878736 8.706614494 6.515535355 0.726625025 -0.019911300 -0.227835417 -0.647850931
1403636956551666432.000000 1.485202312 8.728790283 6.540386200 0.725815594 -0.021891050 -0.223312125 -0.650264740
1403636956601666560.000000 1.490325212 8.758004189 6.566065788 0.723074198 -0.026012480 -0.220947742 -0.653964221
1403636956651666432.000000 1.494046926 8.779400826 6.593401909 0.718432844 -0.031885043 -0.220216319 -0.659046590
1403636956701666560.000000 1.496450901 8.799930573 6.621545792 0.711523831 -0.038556792 -0.221838534 -0.665608704
1403636956751666432.000000 1.498290300 8.819125175 6.648737907 0.703233898 -0.042385057 -0.224109679 -0.673379898
1403636956801666560.000000 1.501310825 8.837029457 6.674985886 0.694034159 -0.045374870 -0.225777209 -0.682116151
1403636956851666432.000000 1.505879879 8.862884521 6.701003075 0.683942020 -0.046060603 -0.226502851 -0.691952467
1403636956901666560.000000 1.511705399 8.877994537 6.723465919 0.674046338 -0.043595325 -0.224748865 -0.702316821
1403636956951666432.000000 1.519561768 8.892610550 6.743827820 0.664920092 -0.040832900 -0.219443262 -0.712782383
1403636957001666560.000000 1.528562069 8.906460762 6.762511253 0.655399203 -0.036856480 -0.213230550 -0.723620296
1403636957051666432.000000 1.538615704 8.924952507 6.779640198 -0.646034181 0.032416187 0.205332071 0.734457552
1403636957101666560.000000 1.551106453 8.937067986 6.795502663 -0.636171579 0.028325977 0.197852179 0.745210052
1403636957151666432.000000 1.564430952 8.948248863 6.810566902 -0.626183152 0.023480078 0.191073582 0.755535662
1403636957201666560.000000 1.578586817 8.959483147 6.823414803 0.616707385 -0.019975061 -0.185194463 -0.764837325
1403636957251666432.000000 1.591870070 8.976158142 6.840938091 -0.608115137 0.018785810 0.180788368 0.772760451
1403636957301666560.000000 1.606099606 8.985733032 6.853862762 -0.600415409 0.016803285 0.178177610 0.779404819
1403636957351666432.000000 1.619143963 8.995119095 6.867091656 -0.593768239 0.015750686 0.175352886 0.785138547
1403636957401666560.000000 1.629597187 9.006325722 6.881109715 0.587672591 -0.015776450 -0.174238175 -0.789957643
1403636957451666432.000000 1.638536692 9.015920639 6.895460606 0.582910895 -0.015538102 -0.172966793 -0.793760657
1403636957501666560.000000 1.645625114 9.025557518 6.910658360 0.579086125 -0.016324691 -0.172631398 -0.796612322
1403636957551666432.000000 1.648201466 9.039067268 6.929896832 -0.575394452 0.016893873 0.172497690 0.799300015
1403636957601666560.000000 1.651815414 9.048578262 6.946466923 -0.571241260 0.018006535 0.171824753 0.802393615
1403636957651666432.000000 1.653520346 9.058044434 6.963673592 -0.566381037 0.018478299 0.171087340 0.805977821
1403636957701666560.000000 1.653478146 9.067438126 6.981556416 -0.560624242 0.019276153 0.170072645 0.810187757
1403636957751666432.000000 1.651970625 9.076423645 6.999300480 0.553261995 -0.019563243 -0.169502899 -0.815344930
1403636957801666560.000000 1.649507999 9.085632324 7.018065929 0.543671846 -0.019443542 -0.168510020 -0.821977735
1403636957851666432.000000 1.646095991 9.094480515 7.036871910 0.532392919 -0.019479543 -0.166742593 -0.829683840
1403636957901666560.000000 1.638232946 9.105599403 7.061483860 -0.520082057 0.019279705 0.163497537 0.838099957
1403636957951666432.000000 1.634629846 9.113827705 7.079601288 -0.506841958 0.018298259 0.159120008 0.847028494
1403636958001666560.000000 1.632186055 9.121814728 7.096557140 -0.492505163 0.017984904 0.154808819 0.856241465
1403636958051666432.000000 1.631754875 9.130186081 7.112489223 -0.478098303 0.017016849 0.150988564 0.865063608
1403636958101666560.000000 1.633353233 9.137820244 7.126157284 0.464807242 -0.015211800 -0.145073816 -0.873313487
1403636958151666432.000000 1.636395216 9.146545410 7.138877392 0.452824920 -0.013280896 -0.140227228 -0.880403101
1403636958201666560.000000 1.641499519 9.155849457 7.150423050 0.441424906 -0.012042589 -0.137091741 -0.886681974
1403636958251666432.000000 1.649737954 9.164539337 7.159691334 0.431084275 -0.011333892 -0.132931933 -0.892394006
1403636958301666560.000000 1.650157809 9.174800873 7.176146507 -0.421650916 0.011494726 0.127889588 0.897620618
1403636958351666432.000000 1.660856366 9.183139801 7.182738781 -0.412472159 0.009105977 0.123554170 0.902506649
1403636958401666560.000000 1.673232317 9.191367149 7.187780380 -0.405358106 0.006847285 0.118411429 0.906430721
1403636958451666432.000000 1.686809540 9.199666023 7.191766739 -0.399319887 0.005547022 0.115154222 0.909534216
1403636958501666560.000000 1.698669314 9.208031654 7.194571495 0.394462019 -0.003381032 -0.112305231 -0.912017524
1403636958551666432.000000 1.709792614 9.216685295 7.198132038 0.391030788 -0.002127024 -0.109818220 -0.913800001
1403636958601666560.000000 1.719569802 9.225641251 7.202155113 0.388304591 -0.002185686 -0.108553767 -0.915112555
1403636958651666432.000000 1.728484631 9.235193253 7.206540108 0.386532456 -0.001622277 -0.107203923 -0.916022658
1403636958701666560.000000 1.736638427 9.245156288 7.211441994 0.385874361 -0.001706124 -0.105640844 -0.916481435
1403636958751666432.000000 1.743275881 9.255230904 7.216576576 0.385694474 -0.001324478 -0.104719728 -0.916663408
1403636958801666560.000000 1.742927551 9.265387535 7.236120224 -0.385954380 0.001989007 0.104870267 0.916535676
1403636958851666432.000000 1.747535229 9.276327133 7.243195534 -0.386149108 0.001790052 0.105254829 0.916409850
1403636958901666560.000000 1.750751019 9.287516594 7.251160622 -0.387436688 0.000190743 0.104697533 0.915931940
1403636958951666432.000000 1.753024101 9.298741341 7.260080338 -0.389078945 -0.000194493 0.103752822 0.915343106
1403636959001666560.000000 1.754370451 9.310189247 7.266361713 0.390204310 0.000363825 -0.104209773 -0.914811969
1403636959051666432.000000 1.753802538 9.321863174 7.275850773 0.391398847 0.000716237 -0.104651622 -0.914250851
1403636959101666560.000000 1.751642227 9.333344460 7.286190987 0.392210722 0.001603648 -0.106175423 -0.913725972
1403636959151666432.000000 1.748517394 9.345115662 7.297500610 0.392970383 0.001410750 -0.107515268 -0.913243055
1403636959201666560.000000 1.744416833 9.357077599 7.309645653 0.394209772 0.001431337 -0.107467368 -0.912714362
1403636959251666432.000000 1.739241004 9.368866920 7.322587013 0.395675659 0.001457349 -0.106509067 -0.912192106
1403636959301666560.000000 1.735567927 9.371253967 7.336250305 -0.398447603 -0.002742868 0.103726901 0.911302805
1403636959351666432.000000 1.728427172 9.382690430 7.350896358 -0.400618613 -0.004398637 0.100250863 0.910733283
1403636959401666560.000000 1.719789982 9.393793106 7.366710186 -0.402230948 -0.004732650 0.098783225 0.910181224
1403636959451666432.000000 1.710178018 9.404131889 7.383691788 -0.403612167 -0.004259696 0.096657783 0.909800231
1403636959501666560.000000 1.700632334 9.417388916 7.402822495 0.404853910 0.002777697 -0.095079422 -0.909420490
1403636959551666432.000000 1.690891504 9.427376747 7.421839714 0.404549152 -0.002071799 -0.097036295 -0.909351230
1403636959601666560.000000 1.682191730 9.436846733 7.440947056 0.404204816 -0.007161863 -0.099261276 -0.909238398
1403636959651666432.000000 1.674579382 9.445700645 7.459565163 0.404172421 -0.008434226 -0.100624055 -0.909092069
1403636959701666560.000000 1.668468356 9.453694344 7.477262974 0.404387027 -0.007650220 -0.103099294 -0.908726096
1403636959751666432.000000 1.665268540 9.462006569 7.495026112 0.404592544 -0.007065818 -0.105324239 -0.908384204
1403636959801666560.000000 1.669492126 9.458511353 7.498311043 -0.404781818 0.005034900 0.106576510 0.908167362
1403636959851666432.000000 1.669645190 9.464264870 7.513443947 -0.404937506 0.004623833 0.108003363 0.907931507
1403636959901666560.000000 1.670971036 9.469141960 7.527917385 -0.405590653 0.003088148 0.108926326 0.907536089
1403636959951666432.000000 1.674396157 9.477029800 7.543697357 0.405805439 -0.002297665 -0.109449469 -0.907379448
1403636960001666560.000000 1.679281116 9.482339859 7.557492256 0.405900121 -0.002567365 -0.110291563 -0.907234490
1403636960051666432.000000 1.684736252 9.487859726 7.571272850 0.406207472 -0.002409608 -0.109995916 -0.907133222
1403636960101666560.000000 1.691719890 9.493433952 7.585024357 0.406228662 -0.003026714 -0.110097811 -0.907109499
1403636960151666432.000000 1.699453712 9.499134064 7.598495483 0.407153249 -0.002231061 -0.108471379 -0.906893134
1403636960201666560.000000 1.706613541 9.504533768 7.612215996 0.407554358 -0.001530727 -0.107130401 -0.906873882
1403636960251666432.000000 1.713110566 9.509325981 7.625425816 0.409813643 0.001157975 -0.101159111 -0.906541944
1403636960301666560.000000 1.730881095 9.504087448 7.623645782 -0.411035657 -0.003991455 0.097917058 0.906336606
1403636960351666432.000000 1.735312104 9.508095741 7.639081001 -0.412179679 -0.005036555 0.094410032 0.906183898
1403636960401666560.000000 1.739124537 9.511489868 7.655228615 -0.412812740 -0.003445454 0.091825567 0.906168818
1403636960451666432.000000 1.742557168 9.513972282 7.672327042 -0.412190288 -0.001271498 0.088970557 0.906742454
1403636960501666560.000000 1.744144201 9.521309853 7.695959568 0.410648823 -0.000515008 -0.085655704 -0.907761276
1403636960551666432.000000 1.745761514 9.523120880 7.716862679 0.408682436 -0.001803860 -0.082133494 -0.908971667
1403636960601666560.000000 1.746670961 9.523575783 7.738552094 0.406641901 -0.002830722 -0.078630276 -0.910193205
1403636960651666432.000000 1.746686101 9.522699356 7.761001587 0.403947115 -0.004652224 -0.077558376 -0.911476731
1403636960701666560.000000 1.747048378 9.511791229 7.770728111 -0.399945140 0.006540618 0.081223138 0.912909627
1403636960751666432.000000 1.744682074 9.507913589 7.794070244 -0.395446450 0.007623293 0.086768121 0.914349735
1403636960801666560.000000 1.741467476 9.502796173 7.817367554 -0.390071958 0.007535104 0.091060922 0.916239619
1403636960851666432.000000 1.737533092 9.496804237 7.840674877 -0.383200437 0.007519553 0.093536548 0.918886185
1403636960901666560.000000 1.734573126 9.493320465 7.866254330 0.374863744 -0.006559140 -0.093785919 -0.922300577
1403636960951666432.000000 1.730274677 9.483878136 7.887720108 -0.365595818 0.005597307 0.092158392 0.926183164
1403636961001666560.000000 1.728812218 9.477008820 7.911162376 -0.354967356 0.005366104 0.087786078 0.930732548
1403636961051666432.000000 1.728746176 9.469752312 7.933865547 -0.343368977 0.005229146 0.083533764 0.935463846
1403636961101666560.000000 1.729902506 9.461630821 7.955673218 -0.330943972 0.005178481 0.080082238 0.940231979
1403636961151666432.000000 1.732581139 9.451797485 7.974465847 0.317811847 -0.005605882 -0.076176159 -0.945072174
1403636961201666560.000000 1.734563351 9.441864014 7.996301651 -0.304996431 0.004488453 0.071784772 0.949633658
1403636961251666432.000000 1.739696741 9.432272911 8.014591217 -0.291667551 0.004164190 0.068387792 0.954062819
1403636961301666560.000000 1.747083545 9.422973633 8.032088280 -0.280113280 0.002963336 0.062658846 0.957915306
1403636961351666432.000000 1.756229758 9.413756371 8.048545837 -0.269920409 0.002993673 0.057570778 0.961155415
1403636961401666560.000000 1.767072320 9.403759956 8.062212944 0.260558128 -0.002654060 -0.053856276 -0.963951230
1403636961451666432.000000 1.779360890 9.393319130 8.074684143 0.252689451 -0.002486284 -0.050891273 -0.966204941
1403636961501666560.000000 1.793152809 9.382745743 8.086298943 0.245463327 -0.001872616 -0.049279124 -0.968150795
1403636961551666432.000000 1.808897257 9.372108459 8.097544670 0.238079384 -0.001793491 -0.046881936 -0.970111966
1403636961601666560.000000 1.823953986 9.361871719 8.117098808 -0.230206668 0.001772260 0.044733945 0.972111464
1403636961651666432.000000 1.842433453 9.350487709 8.126711845 -0.221490547 0.001904119 0.042794943 0.974221170
1403636961701666560.000000 1.863138795 9.339297295 8.136084557 -0.213115916 0.002258338 0.039489221 0.976225913
1403636961751666432.000000 1.884586573 9.327900887 8.144625664 -0.204316467 0.002190428 0.036141533 0.978235066
1403636961801666560.000000 1.904032707 9.315218925 8.151219368 0.195587963 -0.002303780 -0.032414149 -0.980147660
1403636961851666432.000000 1.922802925 9.303254128 8.159155846 0.186623737 -0.000131634 -0.028323296 -0.982023120
1403636961901666560.000000 1.940324783 9.291187286 8.167271614 0.177371040 -0.000220676 -0.023687992 -0.983858943
1403636961951666432.000000 1.956251621 9.278867722 8.175964355 0.166720644 -0.000798122 -0.020531049 -0.985790074
1403636962001666560.000000 1.970360875 9.266599655 8.185209274 0.156318799 0.000481648 -0.016771575 -0.987564206
1403636962051666432.000000 1.983588815 9.256025314 8.204168320 -0.145600349 -0.001799778 0.013395430 0.989251196
1403636962101666560.000000 1.995461226 9.243431091 8.213782310 -0.134730309 -0.002891932 0.009299571 0.990834475
1403636962151666432.000000 2.007558584 9.230829239 8.223436356 -0.123474389 -0.003537212 0.005248258 0.992327631
1403636962201666560.000000 2.020612717 9.218034744 8.232537270 -0.112121955 -0.003728308 0.001443349 0.993686497
1403636962251666432.000000 2.035205364 9.203277588 8.238719940 0.100696601 0.002508357 0.003752733 -0.994906962
1403636962301666560.000000 2.050905704 9.189247131 8.245580673 0.089168742 0.003143236 0.009012770 -0.995970786
1403636962351666432.000000 2.067252159 9.174689293 8.251550674 0.076962344 0.003428827 0.012558068 -0.996949017
1403636962401666560.000000 2.088189602 9.159824371 8.260546684 -0.064896174 -0.003407285 -0.017713007 0.997729003
1403636962451666432.000000 2.107857943 9.144715309 8.265485764 -0.052961584 -0.003940248 -0.022708489 0.998330534
1403636962501666560.000000 2.128900051 9.129039764 8.269664764 -0.041741475 -0.004351223 -0.030000875 0.998668492
1403636962551666432.000000 2.150454044 9.112744331 8.273241043 -0.030310692 -0.005084365 -0.037880398 0.998809516
1403636962601666560.000000 2.171654940 9.095662117 8.275329590 0.018955141 0.005985330 0.045929380 -0.998746932
1403636962651666432.000000 2.191783905 9.078435898 8.278152466 0.008746110 0.006350976 0.054109763 -0.998476565
1403636962701666560.000000 2.210479736 9.060679436 8.280988693 -0.000096124 0.006497094 0.062518172 -0.998022676
1403636962751666432.000000 2.229733944 9.040451050 8.288652420 0.007702279 -0.006214530 -0.069242701 0.997550726
1403636962801666560.000000 2.244474411 9.020995140 8.291820526 0.014162941 -0.006817388 -0.073196307 0.997193754
1403636962851666432.000000 2.257497549 9.000462532 8.295436859 0.019393060 -0.006024467 -0.076468945 0.996865153
1403636962901666560.000000 2.268516779 8.978599548 8.299146652 0.024384873 -0.005727840 -0.075593285 0.996824145
1403636962951666432.000000 2.277418852 8.956397057 8.302445412 -0.028816778 0.004596887 0.072503537 -0.996941149
1403636963001666560.000000 2.285526276 8.932768822 8.305639267 -0.032661524 -0.000057141 0.069000326 -0.997081876
1403636963051666432.000000 2.292385817 8.908596992 8.308588028 -0.035311714 -0.005540257 0.066010095 -0.997178614
1403636963101666560.000000 2.297451973 8.883939743 8.311077118 -0.036942985 -0.009742519 0.063339293 -0.997260511
1403636963151666432.000000 2.301583052 8.856524467 8.318185806 0.037278928 0.011372205 -0.061349828 0.997355103
1403636963201666560.000000 2.303282738 8.831026077 8.319590569 0.036599882 0.010774142 -0.060002815 0.997468889
1403636963251666432.000000 2.303137541 8.805212975 8.320875168 0.036329973 0.007386343 -0.056558829 0.997710764
1403636963301666560.000000 2.301913023 8.779074669 8.321378708 0.036261447 0.004422189 -0.052404661 0.997957647
1403636963351666432.000000 2.298304796 8.752892494 8.322001457 -0.035636108 -0.001765551 0.047873892 -0.998216033
1403636963401666560.000000 2.295106888 8.727030754 8.322028160 -0.034423634 -0.000126044 0.045335401 -0.998378575
1403636963451666432.000000 2.291112900 8.701552391 8.321454048 -0.032541960 0.001252539 0.044885807 -0.998461246
1403636963501666560.000000 2.287019491 8.676472664 8.319726944 -0.029958773 0.001745707 0.045948606 -0.998492956
1403636963551666432.000000 2.283788919 8.651513100 8.316631317 -0.027966959 0.001619416 0.046037801 -0.998546839
1403636963601666560.000000 2.281240463 8.626851082 8.311876297 -0.025535867 0.001858009 0.046927720 -0.998570144
1403636963651666432.000000 2.278551102 8.604107857 8.307936668 0.023316983 -0.001875750 -0.047265183 0.998608530
1403636963701666560.000000 2.279734135 8.579046249 8.302644730 0.020943947 -0.001981357 -0.047676239 0.998641312
1403636963751666432.000000 2.282962799 8.553936958 8.296236038 0.019126963 -0.001939725 -0.047430299 0.998689592
1403636963801666560.000000 2.286524534 8.527634621 8.287531853 -0.017271355 0.002276771 0.047210582 -0.998733103
1403636963851666432.000000 2.291931152 8.501679420 8.278501511 -0.015958533 0.001622891 0.047051027 -0.998763680
1403636963901666560.000000 2.299357653 8.475563049 8.268394470 -0.014351573 0.000928823 0.047342002 -0.998775244
1403636963951666432.000000 2.307585001 8.449102402 8.257017136 -0.013651534 0.000382198 0.046545524 -0.998822868
1403636964001666560.000000 2.317368031 8.422439575 8.244955063 -0.012917520 0.000145294 0.046888169 -0.998816669
1403636964051666432.000000 2.328312159 8.395494461 8.231861115 -0.012407660 -0.000246111 0.046590369 -0.998837054
1403636964101666560.000000 2.339931965 8.368172646 8.217739105 -0.012274061 -0.000577484 0.047427576 -0.998799086
1403636964151666432.000000 2.349065781 8.343416214 8.213754654 0.012390739 0.001714717 -0.048101686 0.998764157
1403636964201666560.000000 2.359106541 8.315892220 8.199025154 0.012592665 0.003332245 -0.048476674 0.998739362
1403636964251666432.000000 2.366994858 8.288153648 8.184279442 0.013007851 0.003368534 -0.048734147 0.998721421
1403636964301666560.000000 2.373181105 8.260476112 8.169858932 0.012671926 0.002789409 -0.050778951 0.998625636
1403636964351666432.000000 2.376460075 8.231554031 8.154085159 -0.013169014 -0.003469028 0.051227454 -0.998594165
1403636964401666560.000000 2.379213810 8.202858925 8.139328957 -0.013301956 -0.003550980 0.052344952 -0.998534143
1403636964451666432.000000 2.380903244 8.176017761 8.131076813 0.013932362 0.003589765 -0.053273365 0.998476386
1403636964501666560.000000 2.380899429 8.146623611 8.116235733 0.014261472 0.003910620 -0.055627912 0.998342097
1403636964551666432.000000 2.379463434 8.116458893 8.101261139 0.015665984 0.003079415 -0.058498826 0.998159826
1403636964601666560.000000 2.377331495 8.085427284 8.086145401 0.017748864 0.004632261 -0.064627200 0.997740865
1403636964651666432.000000 2.374256134 8.054578781 8.071004868 -0.022089090 -0.004384691 0.068310469 -0.997409880
1403636964701666560.000000 2.369032621 8.021894455 8.055574417 -0.027384579 -0.003802770 0.073224470 -0.996932268
1403636964751666432.000000 2.359763384 7.988160610 8.042525291 0.033438738 0.003696308 -0.078780048 0.996324182
1403636964801666560.000000 2.351780176 7.953051090 8.026573181 0.040883604 0.004190847 -0.084170453 0.995603502
1403636964851666432.000000 2.343173027 7.916344166 8.009729385 0.051256489 0.004662055 -0.086031020 0.994962156
1403636964901666560.000000 2.335199356 7.878139496 7.991576195 0.063431367 0.006555832 -0.086550437 0.994204462
1403636964951666432.000000 2.327620745 7.840175152 7.974525928 0.075216189 0.008960028 -0.090248697 0.993034482
1403636965001666560.000000 2.321705580 7.799525261 7.952951431 0.088214323 0.009852597 -0.092976227 0.991703928
1403636965051666432.000000 2.316727877 7.757692337 7.929753780 0.101462826 0.009920561 -0.093328670 0.990402281
1403636965101666560.000000 2.312575102 7.716106415 7.905640125 -0.111849271 -0.007504268 0.097300984 -0.988921642
1403636965151666432.000000 2.310697079 7.673789978 7.878249645 0.121961772 0.005025160 -0.098637886 0.987608552
1403636965201666560.000000 2.309406281 7.630763054 7.851099968 0.129670545 -0.000644835 -0.101281703 0.986370683
1403636965251666432.000000 2.309561729 7.587097168 7.822896957 0.136109158 -0.007470274 -0.104052715 0.985186100
1403636965301666560.000000 2.310024977 7.542984962 7.794661522 0.140518874 -0.018315498 -0.106400169 0.984173775
1403636965351666432.000000 2.311101913 7.498873234 7.766086578 0.143807188 -0.029837588 -0.109171748 0.983112872
1403636965401666560.000000 2.314834595 7.453123569 7.738197803 0.145915702 -0.041617066 -0.111202367 0.982146025
1403636965451666432.000000 2.321125507 7.406263351 7.710680962 0.147757247 -0.051349528 -0.111126535 0.981418371
1403636965501666560.000000 2.330268860 7.358113289 7.684317112 0.150015280 -0.057194356 -0.107757702 0.981128216
1403636965551666432.000000 2.340937853 7.310573578 7.651425838 0.152225018 -0.056082979 -0.103495918 0.981310844
1403636965601666560.000000 2.358200073 7.260342121 7.628506660 0.155145362 -0.048180923 -0.095934726 0.982041240
1403636965651666432.000000 2.378445387 7.209463120 7.607050896 0.158012584 -0.037346102 -0.088599294 0.982744873
1403636965701666560.000000 2.399171114 7.158228874 7.588346481 -0.160547376 0.028080769 0.080261730 -0.983358622
1403636965751666432.000000 2.418495417 7.108159542 7.570162773 -0.162049800 0.020844975 0.074019633 -0.983781755
1403636965801666560.000000 2.435957670 7.059313774 7.553030014 -0.161610678 0.014550308 0.073024258 -0.984041572
1403636965851666432.000000 2.445682526 7.015270710 7.523290634 0.159257278 -0.009404889 -0.076772705 0.984202564
1403636965901666560.000000 2.459004164 6.969071865 7.507164478 0.156353056 -0.006379428 -0.081565246 0.984306991
1403636965951666432.000000 2.470325947 6.923787117 7.491240978 0.153940514 -0.004820999 -0.085770071 0.984338701
1403636966001666560.000000 2.480074883 6.879040241 7.475228310 0.151373535 -0.002778279 -0.089980699 0.984368742
1403636966051666432.000000 2.487185955 6.834514618 7.458346367 -0.149298057 0.001199167 0.093151718 -0.984393954
1403636966101666560.000000 2.493230104 6.789960384 7.442291737 -0.148042798 0.000192913 0.093995936 -0.984503984
1403636966151666432.000000 2.497662783 6.745501518 7.426044941 -0.146246463 -0.000956283 0.095687568 -0.984609067
1403636966201666560.000000 2.499738693 6.701292515 7.409593105 -0.145487800 -0.000851279 0.095493652 -0.984740376
1403636966251666432.000000 2.500093460 6.657368660 7.392828465 -0.144981176 -0.002434786 0.094720334 -0.984887123
1403636966301666560.000000 2.498434305 6.613521576 7.375974178 -0.143956140 -0.002582150 0.094998069 -0.985010326
1403636966351666432.000000 2.501204014 6.573950768 7.345737934 0.144514322 0.002525537 -0.091411591 0.985268116
1403636966401666560.000000 2.495600700 6.530345917 7.328076839 0.146895587 0.001724759 -0.082438447 0.985709190
1403636966451666432.000000 2.488282442 6.487500668 7.309890747 0.149541199 0.000820146 -0.072071157 0.986125052
1403636966501666560.000000 2.479555845 6.445777416 7.291592121 0.151814848 0.000162209 -0.062716477 0.986417234
1403636966551666432.000000 2.470788240 6.404160976 7.273932457 -0.152724028 0.000174249 0.057008978 -0.986623228
1403636966601666560.000000 2.460170507 6.365758419 7.256235600 -0.151622847 -0.000300354 0.056585826 -0.986817360
1403636966651666432.000000 2.448301792 6.329430580 7.238479614 -0.148567349 -0.000878110 0.061163262 -0.987008631
1403636966701666560.000000 2.435338497 6.294700623 7.220437050 -0.145056412 -0.000633449 0.067137651 -0.987142742
1403636966751666432.000000 2.423038244 6.261239529 7.201497078 -0.141859338 -0.001821691 0.072750770 -0.987208188
1403636966801666560.000000 2.411895275 6.228604794 7.181387901 -0.140235126 -0.002835143 0.074705094 -0.987291873
1403636966851666432.000000 2.396043062 6.200568199 7.151217461 0.139999419 0.003179061 -0.074071147 0.987372100
1403636966901666560.000000 2.387757063 6.169253349 7.128759384 0.139762253 0.003153223 -0.072278939 0.987538576
1403636966951666432.000000 2.380723238 6.138840675 7.104884624 0.140334874 0.002635697 -0.068992682 0.987693906
1403636967001666560.000000 2.374593019 6.109812260 7.080234051 0.139805689 0.002852425 -0.068663538 0.987791300
1403636967051666432.000000 2.366559744 6.081410408 7.056720734 -0.138469890 -0.003435081 0.070387460 -0.987856269
1403636967101666560.000000 2.357803345 6.054326534 7.032145977 -0.136949196 -0.003638020 0.073639303 -0.987830400
1403636967151666432.000000 2.347159863 6.028087139 7.007560730 -0.135311067 -0.003849847 0.076431438 -0.987843275
1403636967201666560.000000 2.334671736 6.002490997 6.982885838 -0.134434208 -0.003978551 0.078014694 -0.987838745
1403636967251666432.000000 2.320443392 5.977457047 6.957902431 -0.134027511 -0.004071792 0.077862971 -0.987905562
1403636967301666560.000000 2.304890633 5.952874660 6.932611942 -0.133023769 -0.003925862 0.079397254 -0.987919748
1403636967351666432.000000 2.287611008 5.922293663 6.892704010 0.131697118 0.004947976 -0.080646545 0.987991691
1403636967401666560.000000 2.272860765 5.898199558 6.865166187 0.130959630 0.005489670 -0.081596211 0.988008857
1403636967451666432.000000 2.260040283 5.873752117 6.836430550 0.130321652 0.005686659 -0.082075574 0.988052428
1403636967501666560.000000 2.248866320 5.849477768 6.806077003 0.130570441 0.006161381 -0.080746420 0.988126218
1403636967551666432.000000 2.238420248 5.826105118 6.775730610 -0.129554644 -0.006678173 0.081841290 -0.988166571
1403636967601666560.000000 2.229505062 5.802573681 6.742255688 -0.128925994 -0.007167059 0.082229212 -0.988213062
1403636967651666432.000000 2.219926119 5.779122353 6.708105564 -0.128167406 -0.007194927 0.082787931 -0.988264978
1403636967701666560.000000 2.207422972 5.755809784 6.673903465 -0.127223253 -0.007023710 0.083771758 -0.988305271
1403636967751666432.000000 2.191464186 5.732412338 6.640643120 -0.126996115 -0.007497569 0.083481237 -0.988355577
1403636967801666560.000000 2.170920372 5.709394932 6.607912064 -0.126926661 -0.007618492 0.083159626 -0.988390625
1403636967851666432.000000 2.148135185 5.687243462 6.581093311 0.127104655 0.007942623 -0.082952671 0.988382638
1403636967901666560.000000 2.120979786 5.664588928 6.548656940 0.126871541 0.008845471 -0.083247952 0.988380075
1403636967951666432.000000 2.091811180 5.642409801 6.516481876 0.126919389 0.009570809 -0.083630979 0.988334894
1403636968001666560.000000 2.060946941 5.620475769 6.484451771 0.127068877 0.009414864 -0.083010420 0.988369524
1403636968051666432.000000 2.028001308 5.597790718 6.449407578 -0.127333596 -0.009377757 0.083223335 -0.988317847
1403636968101666560.000000 1.994781256 5.575848579 6.415390015 -0.128458455 -0.010559260 0.081186906 -0.988329709
1403636968151666432.000000 1.960995078 5.554389477 6.380397320 -0.129240140 -0.009822626 0.079055414 -0.988408208
1403636968201666560.000000 1.927292585 5.531748772 6.356245995 0.129681274 0.009182245 -0.078042455 0.988437057
1403636968251666432.000000 1.896281123 5.511152267 6.318324566 0.129184872 0.008576429 -0.079120852 0.988421798
1403636968301666560.000000 1.866680622 5.490796566 6.278343678 0.129616886 0.007843317 -0.078357235 0.988432169
1403636968351666432.000000 1.838983059 5.470744133 6.237143517 0.129335701 0.006738947 -0.078982145 0.988427401
1403636968401666560.000000 1.812615991 5.450960636 6.193278313 -0.129428491 -0.006171642 0.078711353 -0.988440573
1403636968451666432.000000 1.788197041 5.431356907 6.149122238 -0.129480690 -0.005290033 0.078114800 -0.988486171
1403636968501666560.000000 1.765487671 5.412124634 6.103290081 -0.129472166 -0.004752673 0.077631466 -0.988528073
1403636968551666432.000000 1.745326042 5.389307976 6.069354534 0.129814088 0.004906421 -0.077222317 0.988514602
1403636968601666560.000000 1.725588083 5.370167255 6.022003651 0.128912956 0.005341313 -0.079582751 0.988443017
1403636968651666432.000000 1.707679510 5.351127625 5.974013805 0.127116829 0.005571722 -0.083921984 0.988315403
1403636968701666560.000000 1.689801216 5.332094193 5.925231934 0.126337498 0.005940910 -0.086241625 0.988213539
1403636968751666432.000000 1.670242071 5.312335491 5.875876904 -0.125120059 -0.006038337 0.089784481 -0.988052249
1403636968801666560.000000 1.649891615 5.292635918 5.826603889 -0.124557085 -0.006340090 0.090976655 -0.988012493
1403636968851666432.000000 1.629278302 5.272349834 5.776795387 -0.124304831 -0.006612821 0.091416724 -0.988001883
1403636968901666560.000000 1.609332323 5.251511097 5.725808144 -0.125312164 -0.005928480 0.087555349 -0.988228619
1403636968951666432.000000 1.591307163 5.229991913 5.674304485 -0.125655502 -0.005711992 0.086332925 -0.988293886
1403636969001666560.000000 1.575159311 5.208124161 5.622330189 -0.126110792 -0.005138550 0.084874816 -0.988365352
1403636969051666432.000000 1.567741275 5.186260700 5.578823566 0.126928389 0.005437550 -0.082644507 0.988448083
1403636969101666560.000000 1.553943634 5.164127350 5.524827003 0.128043085 0.003630526 -0.079378553 0.988580287
1403636969151666432.000000 1.540778995 5.141993523 5.470148087 0.128169551 0.000139247 -0.078506857 0.988640130
1403636969201666560.000000 1.529018402 5.120214939 5.414622307 0.127864987 -0.004584451 -0.078409359 0.988676667
1403636969251666432.000000 1.517774105 5.095875263 5.357997417 -0.127871141 0.010548575 0.077332705 -0.988714993
1403636969301666560.000000 1.508997679 5.073789120 5.301036358 -0.127107292 0.015973698 0.077742092 -0.988708675
1403636969351666432.000000 1.501365900 5.051606655 5.244026661 -0.126329675 0.020089226 0.078727394 -0.988655329
1403636969401666560.000000 1.495751500 5.029103279 5.187405109 -0.125215769 0.023283890 0.080098331 -0.988616765
1403636969451666432.000000 1.490481734 5.006604671 5.131656647 -0.124450676 0.025553372 0.080690116 -0.988609195
1403636969501666560.000000 1.489496469 4.990726471 5.076651573 0.123828806 -0.027837789 -0.081562854 0.988554060
1403636969551666432.000000 1.482709527 4.968023300 5.023862839 0.123101756 -0.029129472 -0.081939615 0.988576472
1403636969601666560.000000 1.474966407 4.945609570 4.972464085 0.122419015 -0.030386321 -0.081832565 0.988632262
1403636969651666432.000000 1.465318441 4.922923088 4.923964024 -0.121983811 0.030148238 0.081650533 -0.988708436
1403636969701666560.000000 1.454977870 4.899920464 4.876014233 -0.121569268 0.029977433 0.081454687 -0.988780737
1403636969751666432.000000 1.443917155 4.876708031 4.829538345 -0.121290579 0.029242793 0.080937870 -0.988879442
1403636969801666560.000000 1.431965947 4.853209972 4.784360886 -0.120722815 0.029885380 0.082003966 -0.988841891
1403636969851666432.000000 1.419189930 4.831713676 4.736981392 0.120562434 -0.031002367 -0.081647992 0.988856554
1403636969901666560.000000 1.405910492 4.808058739 4.694941044 0.120675407 -0.030501278 -0.081004851 0.988911211
1403636969951666432.000000 1.391446590 4.784146309 4.654272556 0.120751701 -0.028952176 -0.081205405 0.988932073
1403636970001666560.000000 1.377014875 4.760060310 4.615616798 -0.121755607 0.026020113 0.079092570 -0.989061654
1403636970051666432.000000 1.361918807 4.735792160 4.577898026 -0.122368872 0.019994799 0.078729980 -0.989155114
1403636970101666560.000000 1.345683932 4.711552620 4.541135788 -0.122775413 0.015312087 0.079166688 -0.989153385
1403636970151666432.000000 1.328815103 4.687366962 4.504919052 -0.123038746 0.010227344 0.079517558 -0.989158154
1403636970201666560.000000 1.311168909 4.663316727 4.468851089 -0.123532601 0.007406016 0.078838348 -0.989176095
1403636970251666432.000000 1.292393327 4.641967297 4.426889896 0.124303028 -0.003423652 -0.078884900 0.989097655
1403636970301666560.000000 1.274355888 4.618400097 4.390715599 0.124353141 -0.004975871 -0.079016052 0.989074349
1403636970351666432.000000 1.256245971 4.594905376 4.354031086 0.124685146 -0.007385839 -0.078529574 0.989056230
1403636970401666560.000000 1.238170624 4.571787357 4.317804813 0.124070764 -0.012815047 -0.079716787 0.988983095
1403636970451666432.000000 1.220728159 4.548564911 4.278815746 0.124235168 -0.018213762 -0.080358282 0.988825798
1403636970501666560.000000 1.203558087 4.524748325 4.242742538 0.124315247 -0.022959366 -0.079867810 0.988756716
1403636970551666432.000000 1.187038660 4.500672817 4.207213402 0.124153487 -0.027401391 -0.080705628 0.988595843
1403636970601666560.000000 1.172012806 4.475867271 4.172153473 -0.124336198 0.031333990 0.081388697 -0.988399982
1403636970651666432.000000 1.160545945 4.452837944 4.136274815 0.124371059 -0.034679044 -0.082496919 0.988192081
1403636970701666560.000000 1.149844646 4.427227020 4.102090836 0.124463156 -0.038432769 -0.083619773 0.987947166
1403636970751666432.000000 1.141999125 4.400910854 4.068685532 0.124862589 -0.042269491 -0.083344698 0.987763345
1403636970801666560.000000 1.135640621 4.374362469 4.035327911 -0.124892056 0.045529276 0.084645554 -0.987504005
1403636970851666432.000000 1.131384611 4.350047112 4.002990246 0.124798559 -0.050659180 -0.085967250 0.987151861
1403636970901666560.000000 1.124629617 4.322139263 3.974401951 0.124958038 -0.055002797 -0.085983492 0.986897767
1403636970951666432.000000 1.117330194 4.293616772 3.948322773 0.125494823 -0.058283344 -0.084866151 0.986738026
1403636971001666560.000000 1.110151410 4.264275551 3.925255060 -0.126865178 0.058786448 0.081695452 -0.986800551
1403636971051666432.000000 1.102124214 4.234761238 3.904621840 -0.128676757 0.057372294 0.076784916 -0.987043500
1403636971101666560.000000 1.093604088 4.205265045 3.886454582 -0.130851522 0.053641502 0.070608765 -0.987428486
1403636971151666432.000000 1.084508777 4.176035404 3.870619297 -0.133181095 0.048663519 0.064984776 -0.987760961
1403636971201666560.000000 1.074609876 4.152058125 3.853267193 0.136357278 -0.044387393 -0.057045821 0.988019407
1403636971251666432.000000 1.063739181 4.124753475 3.841379881 0.138705835 -0.039603859 -0.050288446 0.988262832
1403636971301666560.000000 1.052362919 4.099119186 3.830928087 0.141138092 -0.035374880 -0.043503590 0.988400817
1403636971351666432.000000 1.040073633 4.075530052 3.821902037 0.143305689 -0.033195473 -0.037767164 0.988400340
1403636971401666560.000000 1.028331041 4.055182934 3.815150023 0.144791409 -0.031551536 -0.034687191 0.988350511
1403636971451666432.000000 1.014996290 4.035870075 3.809038162 0.144691065 -0.029879075 -0.035242144 0.988397598
1403636971501666560.000000 1.000908732 4.018682957 3.804437637 0.143929943 -0.029922303 -0.038460441 0.988387406
1403636971551666432.000000 0.986471474 4.003718853 3.800233603 -0.143160313 0.028171722 0.042154118 -0.988399982
1403636971601666560.000000 0.971761465 3.990362406 3.797596693 -0.141567364 0.024225103 0.047862202 -0.988474071
1403636971651666432.000000 0.956366003 3.978538275 3.795903206 -0.139896914 0.019150885 0.054101840 -0.988501489
1403636971701666560.000000 0.942745566 3.967671394 3.796565771 0.138261288 -0.014642693 -0.060643777 0.988429010
1403636971751666432.000000 0.925809920 3.957926273 3.796139717 0.137818709 -0.010113821 -0.064162455 0.988325357
1403636971801666560.000000 0.908147395 3.949035883 3.796088219 0.138161570 -0.006527853 -0.064443268 0.988289416
1403636971851666432.000000 0.890530288 3.940794945 3.796145201 0.138755262 -0.003969180 -0.064727135 0.988201201
1403636971901666560.000000 0.875402391 3.932820320 3.794999361 0.139017731 -0.002993478 -0.065047950 0.988146782
1403636971951666432.000000 0.859360158 3.926311016 3.793057442 0.139361784 -0.003045545 -0.065050259 0.988097906
1403636972001666560.000000 0.845348001 3.920264959 3.790636063 0.139685735 -0.003272497 -0.065783918 0.988002896
1403636972051666432.000000 0.833482623 3.914951801 3.787587166 -0.139615074 0.002732613 0.066251680 -0.987983227
1403636972101666560.000000 0.822183609 3.910636425 3.782574654 -0.139173210 0.003083383 0.067498386 -0.987960219
1403636972151666432.000000 0.816002667 3.905301094 3.773300171 0.138682440 -0.004749923 -0.067654967 0.988011897
1403636972201666560.000000 0.807039797 3.901769876 3.766478777 0.139547393 -0.008857359 -0.065099098 0.988033593
1403636972251666432.000000 0.799786448 3.898389578 3.758751869 0.140055716 -0.013546599 -0.063079007 0.988039494
1403636972301666560.000000 0.793148696 3.896545410 3.751089811 -0.139991730 0.018444540 0.062091988 -0.988031805
1403636972351666432.000000 0.795087039 3.894767761 3.738823414 0.139016449 -0.020920468 -0.063836984 0.988008916
1403636972401666560.000000 0.794475794 3.893197536 3.732107878 0.138388067 -0.022113018 -0.064623825 0.988020062
1403636972451666432.000000 0.796682894 3.891874313 3.724787474 0.137395427 -0.022111515 -0.066859782 0.988009870
1403636972501666560.000000 0.800733984 3.890991926 3.718165874 -0.136811331 0.020365166 0.068285450 -0.988030910
1403636972551666432.000000 0.806814909 3.889942169 3.711940765 -0.136254117 0.018739535 0.068999410 -0.988090456
1403636972601666560.000000 0.814613402 3.889222860 3.705186605 -0.135259449 0.017042566 0.070719786 -0.988136232
1403636972651666432.000000 0.823307633 3.889057159 3.697795391 -0.134002164 0.014003395 0.073531181 -0.988150060
1403636972701666560.000000 0.830795169 3.889020920 3.690489054 -0.133374497 0.013218238 0.074002229 -0.988210618
1403636972751666432.000000 0.837081611 3.889303923 3.683038712 -0.132638082 0.013028465 0.074878313 -0.988246262
1403636972801666560.000000 0.842068672 3.890213966 3.673466444 -0.132493600 0.013016035 0.074385688 -0.988303006
1403636972851666432.000000 0.845837772 3.894867182 3.658818007 0.132701784 -0.013790773 -0.074191764 0.988279104
1403636972901666560.000000 0.847605109 3.896317244 3.651359081 0.131551579 -0.013824244 -0.074582696 0.988403082
1403636972951666432.000000 0.847481370 3.898262501 3.644344568 0.129008546 -0.015363065 -0.073680244 0.988783121
1403636973001666560.000000 0.846050501 3.901131153 3.637885571 0.123909585 -0.017080437 -0.072975338 0.989459097
1403636973051666432.000000 0.843510807 3.901859760 3.638482571 -0.118227579 0.019130355 0.070862122 -0.990270138
1403636973101666560.000000 0.839782655 3.904290676 3.634400845 -0.112451993 0.020616502 0.068443693 -0.991082788
1403636973151666432.000000 0.834978938 3.906854153 3.630669117 -0.107045755 0.021154348 0.067054197 -0.991764843
1403636973201666560.000000 0.828607917 3.909462690 3.627257824 -0.102590002 0.022078317 0.064917624 -0.992357612
1403636973251666432.000000 0.821471632 3.912347555 3.624402285 -0.098289311 0.020771392 0.064481519 -0.992849410
1403636973301666560.000000 0.812857687 3.915146351 3.621763468 -0.094549373 0.020308951 0.063564464 -0.993281245
1403636973351666432.000000 0.798739016 3.920230865 3.624388456 0.092112817 -0.019673852 -0.062140509 0.993613005
1403636973401666560.000000 0.787887812 3.922858238 3.623712540 0.089065656 -0.019277198 -0.062543966 0.993873179
1403636973451666432.000000 0.776346505 3.925157547 3.623495579 0.087195389 -0.019798128 -0.060721505 0.994141817
1403636973501666560.000000 0.766702116 3.926088095 3.623026848 -0.084963754 0.019274916 0.060992960 -0.994328678
1403636973551666432.000000 0.754887342 3.927657604 3.623507500 -0.082819842 0.018016726 0.062038392 -0.994468510
1403636973601666560.000000 0.742309153 3.928949118 3.624509811 -0.081686139 0.015811715 0.061147928 -0.994654953
1403636973651666432.000000 0.728915393 3.930701256 3.626317978 -0.080593243 0.013730916 0.061192293 -0.994772196
1403636973701666560.000000 0.716071308 3.931938648 3.627954721 -0.079988718 0.012683536 0.061323073 -0.994826853
1403636973751666432.000000 0.701852500 3.936712742 3.633898497 0.079535529 -0.009392744 -0.062310651 0.994838357
1403636973801666560.000000 0.691974998 3.937698841 3.635078669 0.079504259 -0.007454580 -0.062891699 0.994820654
1403636973851666432.000000 0.683339536 3.938281775 3.635516405 0.079256050 -0.006345446 -0.063970461 0.994779408
1403636973901666560.000000 0.678330600 3.937022686 3.631588459 -0.079585738 0.005688513 0.063358620 -0.994796216
1403636973951666432.000000 0.673992991 3.936387539 3.629140139 -0.080275998 0.005615476 0.061646886 -0.994848728
1403636974001666560.000000 0.670215428 3.935878754 3.625723362 -0.079782970 0.008267984 0.060015664 -0.994969606
1403636974051666432.000000 0.666835368 3.935864687 3.622127771 -0.077955507 0.010599569 0.057014197 -0.995268822
1403636974101666560.000000 0.664325416 3.936404705 3.619003773 -0.074132070 0.013349484 0.053756058 -0.995709062
1403636974151666432.000000 0.661125481 3.937461138 3.616355181 -0.067791499 0.016493360 0.050354388 -0.996291459
1403636974201666560.000000 0.657063901 3.939069033 3.614410400 -0.058560628 0.017747596 0.047645066 -0.996988356
1403636974251666432.000000 0.651233912 3.941039801 3.610383749 0.047216401 -0.017202957 -0.045567673 0.997696519
1403636974301666560.000000 0.644969821 3.943512201 3.610811234 0.034639150 -0.017529244 -0.043066666 0.998317659
1403636974351666432.000000 0.638019323 3.946275234 3.610854149 0.020994756 -0.015877167 -0.040230822 0.998843670
1403636974401666560.000000 0.629357517 3.948919535 3.611252308 0.007325856 -0.015114248 -0.035937041 0.999212921
1403636974451666432.000000 0.620412529 3.952208281 3.611834526 0.007578503 0.012251643 0.031972088 -0.999384999
1403636974501666560.000000 0.609557867 3.954948425 3.613158703 0.022067260 0.010135766 0.026475392 -0.999354541
1403636974551666432.000000 0.597741187 3.957533360 3.614576101 0.037324749 0.008166391 0.022249449 -0.999022126
1403636974601666560.000000 0.585222125 3.960024595 3.616328716 0.052818358 0.005577470 0.017066797 -0.998442769
1403636974651666432.000000 0.571994543 3.962143183 3.618061304 0.068120196 0.005700407 0.012177579 -0.997586548
1403636974701666560.000000 0.560396910 3.964572191 3.617558479 -0.082011372 -0.006552478 -0.006009544 0.996591747
1403636974751666432.000000 0.548915148 3.965911150 3.616312504 -0.095447093 -0.008416764 0.000567335 0.995398819
1403636974801666560.000000 0.539273322 3.966692448 3.614377022 -0.107978463 -0.010914003 0.007465160 0.994065344
1403636974851666432.000000 0.532475710 3.967485189 3.611942053 0.118828133 0.013211443 -0.016497035 -0.992689908
1403636974901666560.000000 0.526750803 3.967852592 3.608938456 0.129540682 0.016834164 -0.025355628 -0.991106987
1403636974951666432.000000 0.523334146 3.968606710 3.605375528 0.139839694 0.018645445 -0.033820115 -0.989420772
1403636975001666560.000000 0.521677136 3.969948292 3.601518154 0.149953857 0.021059703 -0.040360343 -0.987644374
1403636975051666432.000000 0.522093475 3.972342968 3.597907782 0.159905091 0.021025002 -0.045857888 -0.985842526
1403636975101666560.000000 0.524373353 3.975641727 3.594636679 0.170301214 0.019042991 -0.047324806 -0.984070778
1403636975151666432.000000 0.526912928 3.979619980 3.592193604 0.179020122 0.015762234 -0.047761820 -0.982559025
1403636975201666560.000000 0.532811522 3.984437704 3.602372646 -0.187205866 -0.011555821 0.046116192 0.981169581
1403636975251666432.000000 0.534376919 3.989516020 3.601650000 -0.193874240 -0.007275829 0.043733090 0.980024099
1403636975301666560.000000 0.534774661 3.994632244 3.601773024 -0.198814631 -0.003463468 0.042189728 0.979122460
1403636975351666432.000000 0.533392489 3.999621153 3.602344990 -0.202235445 0.000638417 0.041211966 0.978469193
1403636975401666560.000000 0.527105033 4.003620148 3.601126671 0.205215111 -0.001041425 -0.039397698 -0.977923095
1403636975451666432.000000 0.521789730 4.008033276 3.601743698 0.206689522 -0.001007165 -0.039298475 -0.977616549
1403636975501666560.000000 0.515299559 4.012184620 3.602521420 0.207432732 0.000932033 -0.039026015 -0.977470100
1403636975551666432.000000 0.509261429 4.016098499 3.603396177 0.207651451 0.004371746 -0.038961109 -0.977416933
1403636975601666560.000000 0.504986107 4.019980431 3.604193926 0.207567975 0.007900120 -0.038584944 -0.977427483
1403636975651666432.000000 0.503197968 4.023434639 3.604870796 0.206522226 0.010563186 -0.038465153 -0.977628529
1403636975701666560.000000 0.506867290 4.023857594 3.618221521 -0.206083298 -0.013265457 0.037838925 0.977712631
1403636975751666432.000000 0.509720445 4.026700020 3.619332314 -0.204572275 -0.015637647 0.037381582 0.978012383
1403636975801666560.000000 0.514849961 4.029490948 3.620581388 -0.203678936 -0.016962411 0.037439425 0.978174627
1403636975851666432.000000 0.522141516 4.032487869 3.622889280 -0.204939470 -0.018401856 0.037579905 0.977879882
1403636975901666560.000000 0.527122498 4.034481525 3.622966051 0.208558977 0.019632068 -0.038766231 -0.977044046
1403636975951666432.000000 0.533378959 4.037894726 3.626250029 0.213082537 0.019014744 -0.042034104 -0.975944459
1403636976001666560.000000 0.538729846 4.041584492 3.630222082 0.218962610 0.016706333 -0.046384949 -0.974486887
1403636976051666432.000000 0.543218195 4.045451164 3.634867668 0.225843072 0.011782384 -0.052338291 -0.972685397
1403636976101666560.000000 0.546557605 4.049672127 3.640150070 0.232929662 0.005281345 -0.060240023 -0.970611691
1403636976151666432.000000 0.548968196 4.054443836 3.645672798 0.240371540 -0.001432718 -0.069742739 -0.968171239
1403636976201666560.000000 0.544220150 4.054979324 3.653889418 -0.249270275 0.007117001 0.079011999 0.965179145
1403636976251666432.000000 0.542925358 4.061163902 3.659303188 -0.258572727 0.011981185 0.088408194 0.961863160
1403636976301666560.000000 0.540412188 4.068542957 3.664070129 -0.269713730 0.014809613 0.095442437 0.958084583
1403636976351666432.000000 0.537437081 4.077560902 3.668288708 0.281475484 -0.017644931 -0.102026328 -0.953965902
1403636976401666560.000000 0.532151520 4.087486267 3.671277523 0.294029117 -0.018972071 -0.107381605 -0.949555814
1403636976451666432.000000 0.525807977 4.098938942 3.673559189 0.307076216 -0.020004585 -0.111266613 -0.944946468
1403636976501666560.000000 0.518143535 4.111455441 3.674912930 0.320863545 -0.018018739 -0.111448780 -0.940372944
1403636976551666432.000000 0.509276450 4.124681473 3.675797939 0.333590776 -0.015431349 -0.109249912 -0.936239123
1403636976601666560.000000 0.498876035 4.138061047 3.676478386 0.344450235 -0.012990420 -0.106620319 -0.932640016
1403636976651666432.000000 0.486898899 4.151313305 3.677006721 0.353626102 -0.010722945 -0.104106456 -0.929513633
1403636976701666560.000000 0.469763041 4.157923698 3.664140940 -0.360832304 0.009743424 0.102788158 0.926897883
1403636976751666432.000000 0.454570621 4.170775414 3.665145397 -0.366538435 0.008794749 0.103233002 0.924616277
1403636976801666560.000000 0.437763244 4.183286190 3.666950941 -0.370577186 0.007031556 0.104946792 0.922826767
1403636976851666432.000000 0.421048284 4.197249889 3.669721603 0.372722387 -0.003176768 -0.108755410 -0.921542346
1403636976901666560.000000 0.404535055 4.210216999 3.671656132 0.374004036 -0.000753002 -0.112052083 -0.920632839
1403636976951666432.000000 0.389959514 4.223459721 3.673154354 0.374501616 0.001476965 -0.115949728 -0.919946730
1403636977001666560.000000 0.378237486 4.236861229 3.673880100 0.374681830 0.001648770 -0.117819265 -0.919635475
1403636977051666432.000000 0.368634641 4.250785351 3.674239159 0.374352843 0.003272187 -0.119547330 -0.919542134
1403636977101666560.000000 0.358611107 4.264656544 3.674333572 -0.373939961 -0.003329449 0.121012807 0.919518292
1403636977151666432.000000 0.353982627 4.279981613 3.673180580 -0.373042554 -0.004019181 0.122060299 0.919741511
1403636977201666560.000000 0.351109624 4.295565605 3.671529770 -0.371661454 -0.004862964 0.123163350 0.920149386
1403636977251666432.000000 0.349721849 4.311841488 3.669480324 -0.370344698 -0.004942904 0.123425208 0.920644760
1403636977301666560.000000 0.350079000 4.328792095 3.668465137 0.369196594 0.005009327 -0.122546516 -0.921222687
1403636977351666432.000000 0.349152386 4.346591949 3.666793346 0.367998034 0.002280868 -0.120770648 -0.921947241
1403636977401666560.000000 0.346934855 4.365029812 3.665492535 0.367239892 0.000371117 -0.117809579 -0.922635198
1403636977451666432.000000 0.343737066 4.384097576 3.664557219 0.366735846 -0.003138443 -0.113818362 -0.923331141
1403636977501666560.000000 0.339037985 4.403594017 3.663948536 0.366043538 -0.005730731 -0.110685170 -0.923974156
1403636977551666432.000000 0.333255619 4.423351288 3.663542032 0.365716696 -0.009082168 -0.107631780 -0.924437284
1403636977601666560.000000 0.319063991 4.450152874 3.665956497 -0.364363462 0.011797641 0.106849842 0.925031543
1403636977651666432.000000 0.310110211 4.470382690 3.665741920 -0.364235520 0.013007807 0.104513876 0.925332487
1403636977701666560.000000 0.299585819 4.490916729 3.665562153 -0.364475876 0.013385857 0.105819337 0.925084054
1403636977751666432.000000 0.287610382 4.512048721 3.665685177 -0.365079880 0.012637818 0.109280236 0.924453795
1403636977801666560.000000 0.274296105 4.531630993 3.665390491 0.365421742 -0.012295348 -0.114219829 -0.923725963
1403636977851666432.000000 0.256588876 4.555954456 3.667441368 -0.365758330 0.011048866 0.118748903 0.923037171
1403636977901666560.000000 0.242964506 4.576936245 3.666528225 -0.366867602 0.011456733 0.120493852 0.922365606
1403636977951666432.000000 0.230904937 4.598535538 3.664766788 -0.368968546 0.012361933 0.119726658 0.921615481
1403636978001666560.000000 0.220362306 4.619866848 3.661430120 -0.370877653 0.013218431 0.118025959 0.921056509
1403636978051666432.000000 0.212750375 4.640619278 3.655404568 0.373507053 -0.013008680 -0.114886045 -0.920393646
1403636978101666560.000000 0.206431806 4.662267208 3.649737835 0.375570923 -0.011782321 -0.112581506 -0.919854999
1403636978151666432.000000 0.195904493 4.689657211 3.650630713 -0.376548231 0.010613750 0.112037674 0.919535935
1403636978201666560.000000 0.193028152 4.711399555 3.643500805 -0.378102034 0.008269560 0.110473372 0.919111609
1403636978251666432.000000 0.191150427 4.732834816 3.635289192 -0.379074484 0.005146037 0.110364206 0.918746889
1403636978301666560.000000 0.190510809 4.753632069 3.626291275 -0.379992872 0.003245934 0.109424040 0.918488562
1403636978351666432.000000 0.190976441 4.775298119 3.616487026 0.380615413 -0.000709117 -0.110048808 -0.918161631
1403636978401666560.000000 0.194370389 4.795807838 3.606706858 0.381024599 0.002546953 -0.110253558 -0.917964041
1403636978451666432.000000 0.199113131 4.816114902 3.596812248 0.381661147 0.007576235 -0.110281944 -0.917668402
1403636978501666560.000000 0.197926998 4.841499805 3.594286442 -0.381779373 -0.012359025 0.112357095 0.917315483
1403636978551666432.000000 0.202252388 4.862299442 3.586216450 -0.382072091 -0.017456369 0.113489002 0.916971385
1403636978601666560.000000 0.205266953 4.883684635 3.579697132 -0.382053882 -0.022089131 0.116088122 0.916553557
1403636978651666432.000000 0.207300901 4.905857086 3.574495792 -0.382334590 -0.025751848 0.117206782 0.916198492
1403636978701666560.000000 0.209207833 4.927506447 3.569450378 0.382543802 0.028203333 -0.117930360 -0.915946126
1403636978751666432.000000 0.209615231 4.950914383 3.567075253 0.382708281 0.030703977 -0.118796915 -0.915685058
1403636978801666560.000000 0.209432662 4.975470543 3.566601276 0.382986963 0.032253508 -0.119137414 -0.915470958
1403636978851666432.000000 0.209237397 5.001286030 3.567943096 0.383139253 0.030695127 -0.118453912 -0.915549457
1403636978901666560.000000 0.208649099 5.028384209 3.571117878 0.383637577 0.026659613 -0.117254354 -0.915621638
1403636978951666432.000000 0.207879305 5.056826115 3.576029778 0.384442478 0.021594131 -0.114399746 -0.915778637
1403636979001666560.000000 0.206437528 5.093134403 3.587305069 -0.385589451 -0.013112534 0.110435791 0.915943682
1403636979051666432.000000 0.203180134 5.122089386 3.595145702 -0.386568248 -0.005708843 0.107105002 0.916002691
1403636979101666560.000000 0.197753429 5.151132584 3.604114056 -0.387123823 0.000115823 0.104402900 0.916097879
1403636979151666432.000000 0.190859616 5.179818153 3.614105225 -0.387525588 0.004358500 0.102452271 0.916137815
1403636979201666560.000000 0.181372166 5.206473351 3.620981693 0.387439549 -0.005102726 -0.102272190 -0.916190445
1403636979251666432.000000 0.171266854 5.233530045 3.631359100 0.386722893 -0.001455112 -0.103953823 -0.916317046
1403636979301666560.000000 0.154034913 5.264032841 3.644125938 -0.386421889 -0.003049688 0.105279960 0.916288793
1403636979351666432.000000 0.146247447 5.290317535 3.654880047 -0.385870486 -0.008244101 0.107256860 0.916259825
1403636979401666560.000000 0.140230298 5.316846848 3.666380882 -0.385527492 -0.013417005 0.108265869 0.916224360
1403636979451666432.000000 0.136424899 5.343249321 3.678205013 -0.385020286 -0.017418008 0.110430136 0.916112065
1403636979501666560.000000 0.133947730 5.369589806 3.689520597 0.384163350 0.020167364 -0.112480327 -0.916165948
1403636979551666432.000000 0.133692026 5.395641804 3.701167345 0.384253412 0.023071108 -0.113163158 -0.915975571
1403636979601666560.000000 0.135567367 5.422086239 3.713425875 0.384157300 0.023497764 -0.114020601 -0.915898740
1403636979651666432.000000 0.153486311 5.454412460 3.726805925 -0.384412676 -0.024569208 0.115282111 0.915605485
1403636979701666560.000000 0.158915997 5.482103825 3.740142584 -0.385998607 -0.026232637 0.113319211 0.915137053
1403636979751666432.000000 0.167494476 5.510587215 3.754762888 -0.386593729 -0.026798915 0.113896921 0.914797544
1403636979801666560.000000 0.178149462 5.539849758 3.769972324 -0.387765169 -0.024295233 0.112674005 0.914523184
1403636979851666432.000000 0.194277406 5.570217133 3.786093950 -0.389547616 -0.020164087 0.110222138 0.914164782
1403636979901666560.000000 0.205897689 5.599891186 3.803180695 -0.390572250 -0.015556862 0.109661900 0.913884938
1403636979951666432.000000 0.217119694 5.629802227 3.821376562 -0.392373949 -0.011596832 0.107332289 0.913448453
1403636980001666560.000000 0.228382528 5.659502506 3.841014862 0.393771678 0.010105529 -0.106345415 -0.912980020
1403636980051666432.000000 0.237211645 5.688985825 3.861218929 0.395064205 0.008710406 -0.105313949 -0.912555456
1403636980101666560.000000 0.244813800 5.718352795 3.882324457 0.395916879 0.007182012 -0.105000615 -0.912235320
1403636980151666432.000000 0.259123921 5.748535633 3.903869629 -0.396630913 -0.005978715 0.105279304 0.911901534
1403636980201666560.000000 0.264896333 5.777595997 3.926813841 -0.397278458 -0.005273234 0.105738223 0.911570907
1403636980251666432.000000 0.269897461 5.806415558 3.950750828 -0.397473603 -0.004135058 0.106638998 0.911386788
1403636980301666560.000000 0.274257183 5.835010052 3.975238085 -0.397892326 -0.000685897 0.107186154 0.911148965
1403636980351666432.000000 0.278135836 5.863601685 3.999160051 0.398345351 -0.002305438 -0.106336601 -0.911047935
1403636980401666560.000000 0.280365169 5.891450405 4.024532795 0.397931665 -0.007005783 -0.107298546 -0.911091924
1403636980451666432.000000 0.281537473 5.919031143 4.050353050 0.398073614 -0.010075904 -0.106634386 -0.911079109
1403636980501666560.000000 0.280687094 5.939924240 4.073959351 -0.397507340 0.013588216 0.108204789 0.911095500
1403636980551666432.000000 0.279958069 5.966471672 4.100129128 -0.396447986 0.015877588 0.109522238 0.911362648
1403636980601666560.000000 0.278898120 5.992402077 4.125988960 -0.395229787 0.018682584 0.111522220 0.911595941
1403636980651666432.000000 0.278174937 6.017813683 4.151092529 -0.394106984 0.020552697 0.113025486 0.911856651
1403636980701666560.000000 0.279560328 6.042540550 4.174994469 0.394011587 -0.020495282 -0.111455671 -0.912092388
1403636980751666432.000000 0.282255769 6.067965031 4.198296547 0.393640757 -0.018619312 -0.111255579 -0.912317157
1403636980801666560.000000 0.286797822 6.093283176 4.220745087 0.394262999 -0.014287461 -0.108197927 -0.912494242
1403636980851666432.000000 0.292479932 6.117978573 4.242375374 0.393879831 -0.009442576 -0.107086003 -0.912853837
1403636980901666560.000000 0.300638974 6.143041134 4.264126778 0.393788934 -0.004630526 -0.106223464 -0.913030922
1403636980951666432.000000 0.309719563 6.167525768 4.285147667 0.393995047 -0.000862506 -0.104083732 -0.913199782
1403636981001666560.000000 0.308653116 6.172724247 4.293336868 -0.393783152 -0.000694677 0.103455789 0.913362682
1403636981051666432.000000 0.316892385 6.196362495 4.315286636 -0.393676102 -0.001220935 0.102960132 0.913464248
1403636981101666560.000000 0.324090660 6.219485283 4.338216782 -0.393257737 0.000869570 0.103760518 0.913554251
1403636981151666432.000000 0.329726875 6.241573334 4.361449242 -0.392348230 0.003076310 0.106320053 0.913646221
1403636981201666560.000000 0.336440384 6.264271736 4.386090279 0.391363025 -0.006148743 -0.110102102 -0.913605392
1403636981251666432.000000 0.340738952 6.286370277 4.410684586 0.389859796 -0.010844665 -0.115932539 -0.913483143
1403636981301666560.000000 0.344165802 6.308485031 4.435178757 0.388283759 -0.016206633 -0.121578373 -0.913341045
1403636981351666432.000000 0.343098640 6.325623989 4.453163147 -0.386910915 0.020783430 0.127012432 0.913091421
1403636981401666560.000000 0.343635321 6.348016739 4.476639748 -0.386811078 0.022335321 0.129343644 0.912769735
1403636981451666432.000000 0.342695057 6.370528221 4.499223709 -0.388462603 0.020587252 0.127581343 0.912357450
1403636981501666560.000000 0.340957582 6.393064499 4.520328522 -0.391069382 0.016966341 0.123930134 0.911821365
1403636981551666432.000000 0.340649843 6.415069580 4.539221764 0.394329518 -0.011814637 -0.118557520 -0.911212802
1403636981601666560.000000 0.340648711 6.437544823 4.558307648 0.397341251 -0.005419023 -0.113683179 -0.910585940
1403636981651666432.000000 0.342582643 6.460022926 4.577025414 0.400055826 -0.000249423 -0.109912388 -0.909876168
1403636981701666560.000000 0.340118825 6.469641685 4.585644722 -0.402127266 -0.003157994 0.107730731 0.909218311
1403636981751666432.000000 0.345740378 6.490700722 4.603070259 -0.404094666 -0.005922055 0.106240302 0.908507347
1403636981801666560.000000 0.353067398 6.511391640 4.620656967 -0.405195594 -0.009931183 0.106796995 0.907916486
1403636981851666432.000000 0.362404943 6.531494141 4.638122559 -0.406220526 -0.014052772 0.107676625 0.907299936
1403636981901666560.000000 0.375163674 6.550375938 4.653637886 0.407032460 0.018219315 -0.109079272 -0.906694174
1403636981951666432.000000 0.388282299 6.570009232 4.671664715 0.407143563 0.023036588 -0.112603053 -0.906103790
1403636982001666560.000000 0.401363790 6.589874268 4.690761089 0.406942904 0.027508244 -0.115813285 -0.905664444
1403636982051666432.000000 0.412769914 6.605307102 4.706059456 -0.406451166 -0.031823516 0.120129533 0.905181587
1403636982101666560.000000 0.424504161 6.626314640 4.728261471 -0.405921310 -0.035469420 0.123492695 0.904831171
1403636982151666432.000000 0.435809016 6.648090839 4.751796722 -0.405173928 -0.037283342 0.126941949 0.904615879
1403636982201666560.000000 0.446810484 6.670822620 4.776618958 -0.404552519 -0.037448563 0.129897833 0.904467523
1403636982251666432.000000 0.457312167 6.694852829 4.803230286 -0.403431535 -0.035189606 0.133152127 0.904585660
1403636982301666560.000000 0.468718767 6.715981960 4.825192451 -0.402413815 -0.031829555 0.136282310 0.904697299
1403636982351666432.000000 0.478682697 6.742791176 4.854100704 -0.401920259 -0.026683766 0.136902705 0.904989421
1403636982401666560.000000 0.488721192 6.771401882 4.883661270 -0.401705444 -0.019698357 0.136556283 0.905316114
1403636982451666432.000000 0.499831736 6.801479340 4.912911415 -0.401816815 -0.011639490 0.134447604 0.905721664
1403636982501666560.000000 0.512945056 6.831374645 4.941091537 0.401329845 0.003627315 -0.132671803 -0.906266809
1403636982551666432.000000 0.527795851 6.863339424 4.969058037 0.401764810 -0.001834403 -0.129084289 -0.906597495
1403636982601666560.000000 0.542981982 6.896117687 4.996575356 0.401619524 -0.003835780 -0.127204657 -0.906921208
1403636982651666432.000000 0.559635460 6.924819946 5.021232605 -0.400345713 0.003851564 0.127908811 0.907385170
1403636982701666560.000000 0.575900018 6.958314419 5.047769547 -0.399193764 0.003606529 0.128541887 0.907804132
1403636982751666432.000000 0.591712117 6.992228985 5.073636055 -0.398594081 0.000011184 0.127910167 0.908163965
1403636982801666560.000000 0.607219636 7.026380062 5.099168777 -0.397642553 -0.002732548 0.127515003 0.908632517
1403636982851666432.000000 0.621822655 7.060969830 5.124599457 -0.397499263 -0.005608930 0.127064258 0.908745050
1403636982901666560.000000 0.633146107 7.097036362 5.149057388 0.397745609 0.008576780 -0.125461787 -0.908836722
1403636982951666432.000000 0.644552588 7.132945538 5.175008774 0.397947311 0.008500604 -0.123492762 -0.909018815
1403636983001666560.000000 0.654595912 7.169540882 5.201866627 0.398323268 0.007912155 -0.121733092 -0.909096837
1403636983051666432.000000 0.663458347 7.206476212 5.229365349 0.398750484 0.004523258 -0.119280301 -0.909257889
1403636983101666560.000000 0.680379450 7.244606018 5.259683609 -0.399381697 -0.002051394 0.117499180 0.909221649
1403636983151666432.000000 0.686476946 7.281914234 5.288128853 -0.400126368 0.000026115 0.114957333 0.909221530
1403636983201666560.000000 0.691280603 7.319095612 5.316535950 -0.401216030 0.000516257 0.111898236 0.909122765
1403636983251666432.000000 0.695347905 7.356257439 5.345323563 -0.401872694 0.001631924 0.109693065 0.909100175
1403636983301666560.000000 0.697708189 7.393254280 5.374539375 0.402993441 -0.001818184 -0.107592635 -0.908854723
1403636983351666432.000000 0.699287057 7.429582596 5.403884888 0.403342664 -0.002587283 -0.107167743 -0.908748090
1403636983401666560.000000 0.700231016 7.465493202 5.433112144 0.404388756 -0.002879147 -0.105159923 -0.908516884
1403636983451666432.000000 0.701121509 7.500855923 5.462580681 0.404670000 -0.003712612 -0.105500244 -0.908349156
1403636983501666560.000000 0.710634828 7.542257309 5.498457432 -0.405047774 0.002538683 0.106256656 0.908096671
1403636983551666432.000000 0.713781357 7.575705528 5.526835442 -0.405502945 0.000957996 0.106708959 0.907843411
1403636983601666560.000000 0.718443274 7.608142376 5.554725647 -0.406293124 -0.001512081 0.106870726 0.907470286
1403636983651666432.000000 0.724536061 7.640154839 5.582602501 -0.406560391 -0.005333812 0.108500615 0.907142758
1403636983701666560.000000 0.732469261 7.671200275 5.609295845 0.407123983 0.008237192 -0.109552413 -0.906741738
1403636983751666432.000000 0.743706286 7.701935768 5.636327744 0.407702357 0.011341596 -0.110466048 -0.906337440
1403636983801666560.000000 0.757094324 7.732585907 5.663489342 0.408558309 0.013717502 -0.110271730 -0.905942738
1403636983851666432.000000 0.771943629 7.762436867 5.690530777 0.409166515 0.016472954 -0.111370631 -0.905487776
1403636983901666560.000000 0.788408637 7.791883469 5.717697620 0.409446031 0.018116323 -0.112105563 -0.905239344
1403636983951666432.000000 0.806319296 7.821458340 5.745550156 0.410018504 0.019319456 -0.113542207 -0.904776096
1403636984001666560.000000 0.835752308 7.869333267 5.789390087 -0.410602778 -0.021058513 0.114801832 0.904313207
1403636984051666432.000000 0.857243657 7.899962902 5.818506241 -0.410918713 -0.022504766 0.116249785 0.903949857
1403636984101666560.000000 0.878755450 7.930758953 5.848814964 -0.411726117 -0.022945782 0.116660111 0.903518498
1403636984151666432.000000 0.899542809 7.961865425 5.880499840 -0.412562668 -0.021473769 0.116004683 0.903257430
1403636984201666560.000000 0.919103265 7.993505478 5.913403988 -0.413800448 -0.019116160 0.114866883 0.902889431
1403636984251666432.000000 0.936551511 8.019403458 5.942615509 0.414719075 0.015043648 -0.114188835 -0.902630985
1403636984301666560.000000 0.953030229 8.049839973 5.976833344 0.416006744 0.012518317 -0.112103030 -0.902338386
1403636984351666432.000000 0.967797935 8.080238342 6.012290001 0.416692853 0.009365242 -0.111902259 -0.902085006
1403636984401666560.000000 0.980855942 8.110743523 6.049104214 0.417534947 0.007929401 -0.111187875 -0.901797652
1403636984451666432.000000 0.999719679 8.169526100 6.106182098 -0.418414950 -0.006564761 0.110036239 0.901542008
1403636984501666560.000000 1.010334015 8.199940681 6.145360947 -0.419180125 -0.004693881 0.109393649 0.901276350
1403636984551666432.000000 1.020013452 8.230116844 6.185187340 -0.419614613 -0.004145024 0.108885393 0.901138365
1403636984601666560.000000 1.030220389 8.262496948 6.228334904 -0.419870228 -0.003391531 0.108461805 0.901073575
1403636984651666432.000000 1.041493893 8.292368889 6.269005775 -0.419915110 -0.003265610 0.108310223 0.901071370
1403636984701666560.000000 1.054951549 8.314808846 6.303227425 0.419795454 0.002816665 -0.107497700 -0.901225924
1403636984751666432.000000 1.069252253 8.341638565 6.342291832 0.419033647 0.001396267 -0.108424313 -0.901472688
1403636984801666560.000000 1.084447384 8.368053436 6.381258011 0.418345481 0.000011786 -0.109901182 -0.901614606
1403636984851666432.000000 1.100365043 8.393715858 6.419905186 0.417192608 -0.001088707 -0.112480685 -0.901829958
1403636984901666560.000000 1.109246135 8.423451424 6.469163895 -0.416350275 0.003538625 0.114870459 0.901911736
1403636984951666432.000000 1.127410650 8.448045731 6.505939484 -0.416053027 0.004907136 0.115725115 0.901933253
1403636985001666560.000000 1.146163464 8.472045898 6.541923523 -0.415842712 0.005026080 0.116306253 0.901954770
1403636985051666432.000000 1.165711164 8.495655060 6.577728271 -0.415930659 0.004812409 0.116501532 0.901890278
1403636985101666560.000000 1.181232333 8.517738342 6.611917973 0.416518092 -0.003898826 -0.115197159 -0.901791096
1403636985151666432.000000 1.196914911 8.540336609 6.647289276 0.417212099 -0.001736597 -0.114168219 -0.901607811
1403636985201666560.000000 1.210196733 8.562847137 6.683578968 0.417983115 -0.001641426 -0.112704292 -0.901435077
1403636985251666432.000000 1.219921708 8.584919930 6.720816612 0.418864369 -0.001503559 -0.111331284 -0.901196837
1403636985301666560.000000 1.232658863 8.623426437 6.772439957 -0.419319451 0.001189216 0.110544883 0.901082456
1403636985351666432.000000 1.238973856 8.645484924 6.811896801 -0.418836445 0.000761472 0.109574743 0.901426077
1403636985401666560.000000 1.246005058 8.667522430 6.851799011 -0.417081743 0.000172212 0.107974410 0.902432442
1403636985451666432.000000 1.254971266 8.689768791 6.892489910 -0.414088547 -0.001891404 0.105119370 0.904144347
1403636985501666560.000000 1.266172886 8.711112022 6.932970524 -0.410075516 -0.002808669 0.101994619 0.906326354
1403636985551666432.000000 1.278865814 8.730137825 6.972055435 0.405974984 0.002989332 -0.099288903 -0.908469677
1403636985601666560.000000 1.293573380 8.749442101 7.011425972 0.402901232 0.002999093 -0.095976129 -0.910192430
1403636985651666432.000000 1.310262799 8.768019676 7.050795078 0.400350988 0.003532473 -0.092093356 -0.911715746
1403636985701666560.000000 1.328609467 8.785613060 7.090058327 0.398344606 0.002876665 -0.088673837 -0.912934959
1403636985751666432.000000 1.348657131 8.802392006 7.129276276 0.396418452 0.001473988 -0.085712247 -0.914058983
1403636985801666560.000000 1.363867283 8.822750092 7.179470062 -0.394524395 0.000857531 0.083063357 0.915123165
1403636985851666432.000000 1.386255264 8.837588310 7.218748093 -0.393208355 0.008004240 0.079446927 0.915975630
1403636985901666560.000000 1.408148050 8.851862907 7.259025097 -0.392146587 0.017997842 0.074832231 0.916677296
1403636985951666432.000000 1.428484201 8.864635468 7.300037861 -0.391301781 0.029670147 0.070245989 0.917097688
1403636986001666560.000000 1.446994543 8.874288559 7.340876579 0.390828639 -0.036666706 -0.066396311 -0.917333186
1403636986051666432.000000 1.462006927 8.882850647 7.381364822 0.390990555 -0.038690113 -0.063313790 -0.917398989
1403636986101666560.000000 1.474315405 8.889234543 7.421773911 0.389845014 -0.037678957 -0.064334609 -0.917857468
1403636986151666432.000000 1.484051824 8.893557549 7.462274551 0.388853073 -0.031747721 -0.067097217 -0.918304622
1403636986201666560.000000 1.492211342 8.895708084 7.502524376 0.387734175 -0.024969485 -0.070979111 -0.918695092
1403636986251666432.000000 1.498486161 8.895936012 7.542599201 0.387168437 -0.015409889 -0.074174516 -0.918891311
1403636986301666560.000000 1.491779327 8.882179260 7.581743240 -0.386593372 0.010139221 0.077177338 0.918959498
1403636986351666432.000000 1.496917129 8.879445076 7.622194290 -0.386294782 0.004845050 0.078533381 0.919013321
1403636986401666560.000000 1.501259089 8.875674248 7.662901402 -0.384815991 0.002521937 0.082738541 0.919274032
1403636986451666432.000000 1.505163908 8.870823860 7.704226494 -0.383198529 0.002208254 0.087231614 0.919535041
1403636986501666560.000000 1.512850046 8.867396355 7.743543625 0.381539255 -0.001932122 -0.091352113 -0.919825494
1403636986551666432.000000 1.520855904 8.861754417 7.783875465 0.379731148 -0.003517530 -0.095722921 -0.920124531
1403636986601666560.000000 1.525877714 8.844602585 7.820476055 -0.378598601 0.004645151 0.098562606 0.920286357
1403636986651666432.000000 1.537161112 8.837328911 7.858298779 -0.377694100 0.004941936 0.100596048 0.920436442
1403636986701666560.000000 1.550336123 8.829824448 7.895075798 -0.376305878 0.006229907 0.104017824 0.920616925
1403636986751666432.000000 1.565716982 8.822639465 7.931097031 -0.375144660 0.007608186 0.106325388 0.920816839
1403636986801666560.000000 1.581209540 8.814333916 7.965344429 0.373940021 -0.008998472 -0.109776132 -0.920889378
1403636986851666432.000000 1.599996209 8.807149887 7.998503685 0.373722166 -0.010688952 -0.110003240 -0.920932591
1403636986901666560.000000 1.623095632 8.791834831 8.025993347 -0.373823792 0.011265806 0.111034736 0.920760691
1403636986951666432.000000 1.645919323 8.785167694 8.056497574 -0.374322295 0.011767217 0.109595329 0.920724273
1403636987001666560.000000 1.670083642 8.778599739 8.085594177 -0.375238895 0.011759263 0.108359843 0.920497537
1403636987051666432.000000 1.695420265 8.771471024 8.112768173 -0.377107710 0.011266225 0.105162233 0.920110822
1403636987101666560.000000 1.720819354 8.763726234 8.139481544 0.378470153 -0.011291781 -0.103234559 -0.919769228
1403636987151666432.000000 1.744956017 8.756343842 8.165880203 0.379469216 -0.011614003 -0.102251112 -0.919463456
1403636987201666560.000000 1.767670155 8.748878479 8.191967010 0.380599737 -0.012394902 -0.101182774 -0.919104099
1403636987251666432.000000 1.788438082 8.741121292 8.217947006 0.380906790 -0.014054498 -0.102270797 -0.918832541
1403636987301666560.000000 1.807399750 8.733163834 8.243807793 0.382163465 -0.014731829 -0.100837082 -0.918458462
1403636987351666432.000000 1.824377060 8.724579811 8.269806862 0.382232100 -0.015370423 -0.100806385 -0.918422818
1403636987401666560.000000 1.844731331 8.730167389 8.298890114 -0.381409824 0.016991142 0.100229636 0.918799162
1403636987451666432.000000 1.858963013 8.720537186 8.324806213 -0.380303174 0.017677849 0.097640768 0.919523478
1403636987501666560.000000 1.872352839 8.710416794 8.350348473 -0.379368305 0.021215664 0.094566971 0.920155883
1403636987551666432.000000 1.884387016 8.699544907 8.375240326 -0.379136533 0.023088759 0.090436794 0.920621336
1403636987601666560.000000 1.896404266 8.689509392 8.401260376 0.378233492 -0.025435412 -0.087744392 -0.921191335
1403636987651666432.000000 1.905771732 8.677157402 8.425720215 0.377349883 -0.026879940 -0.086297482 -0.921649277
1403636987701666560.000000 1.914450645 8.663792610 8.449422836 0.376520514 -0.027559903 -0.084750168 -0.922111809
1403636987751666432.000000 1.923247099 8.649102211 8.471940041 0.375242174 -0.027996214 -0.084277689 -0.922662914
1403636987801666560.000000 1.932951212 8.633142471 8.493139267 0.373593807 -0.028450582 -0.084866472 -0.923263729
1403636987851666432.000000 1.944329739 8.615965843 8.512582779 0.372295618 -0.028365511 -0.085377865 -0.923743486
1403636987901666560.000000 1.955763578 8.601082802 8.521833420 -0.369659066 0.028378360 0.088600449 0.924498200
1403636987951666432.000000 1.968514919 8.581812859 8.537736893 -0.367396384 0.027646039 0.092292584 0.925060987
1403636988001666560.000000 1.981692791 8.562380791 8.552650452 -0.364899158 0.026341299 0.097698174 0.925532222
1403636988051666432.000000 1.993835688 8.542243958 8.566532135 -0.362960786 0.024405396 0.103057079 0.925766289
1403636988101666560.000000 2.005613327 8.522224426 8.581626892 0.361065418 -0.023064166 -0.108094595 -0.925967336
1403636988151666432.000000 2.014863491 8.502643585 8.594685555 0.360028565 -0.021630924 -0.111835293 -0.925961375
1403636988201666560.000000 2.022733688 8.483596802 8.606951714 0.359040380 -0.021992663 -0.115342908 -0.925906301
1403636988251666432.000000 2.029387951 8.465101242 8.618091583 0.358617276 -0.023632132 -0.117316380 -0.925781906
1403636988301666560.000000 2.035301685 8.447219849 8.627981186 0.358406812 -0.028242884 -0.118720114 -0.925555170
1403636988351666432.000000 2.041245461 8.429875374 8.635949135 0.358976334 -0.033553068 -0.117705271 -0.925286889
1403636988401666560.000000 2.041606665 8.416199684 8.639779091 -0.358920276 0.039034668 0.116759494 0.925213337
1403636988451666432.000000 2.049191713 8.399423599 8.642382622 -0.359613359 0.042581007 0.114334978 0.925090671
1403636988501666560.000000 2.057909966 8.382110596 8.641547203 -0.360286742 0.045684703 0.112162769 0.924946487
1403636988551666432.000000 2.066929340 8.364770889 8.637290001 -0.360306621 0.047854111 0.111525223 0.924906135
1403636988601666560.000000 2.078718662 8.347406387 8.630735397 0.360248566 -0.049424555 -0.110930815 -0.924917638
1403636988651666432.000000 2.087965727 8.329549789 8.621780396 0.360168397 -0.050164070 -0.110911645 -0.924911320
1403636988701666560.000000 2.095606804 8.311797142 8.611080170 0.360034972 -0.051116202 -0.111067377 -0.924892485
1403636988751666432.000000 2.101474047 8.294004440 8.598719597 0.360615700 -0.051747780 -0.109249525 -0.924847603
1403636988801666560.000000 2.105300426 8.276392937 8.584933281 0.360455662 -0.053727083 -0.109143622 -0.924809635
1403636988851666432.000000 2.106843233 8.258543968 8.569499969 0.360178292 -0.055586904 -0.109114684 -0.924811244
1403636988901666560.000000 2.096844435 8.239082336 8.558681488 -0.360235572 0.058356091 0.108959332 0.924636543
1403636988951666432.000000 2.093962193 8.221158981 8.539796829 -0.359866440 0.060845353 0.109606452 0.924543440
1403636989001666560.000000 2.088942051 8.203335762 8.518959999 -0.359966516 0.062472910 0.109555952 0.924401879
1403636989051666432.000000 2.081729889 8.185702324 8.495952606 -0.359649181 0.064906649 0.110625938 0.924230278
1403636989101666560.000000 2.075584412 8.166441917 8.468099594 0.360009253 -0.065284714 -0.110356502 -0.924095690
1403636989151666432.000000 2.065893650 8.147664070 8.439581871 0.359924793 -0.065672144 -0.111139789 -0.924007177
1403636989201666560.000000 2.055229664 8.128535271 8.408610344 0.360382318 -0.064861923 -0.111095265 -0.923891425
1403636989251666432.000000 2.044242144 8.109112740 8.374769211 0.361484468 -0.060992021 -0.109722577 -0.923888445
1403636989301666560.000000 2.033452749 8.089858055 8.338542938 0.363709033 -0.053646769 -0.107156537 -0.923772395
1403636989351666432.000000 2.024246454 8.070967674 8.300306320 0.365823984 -0.045353364 -0.104193091 -0.923720598
1403636989401666560.000000 2.006285191 8.035817146 8.260438919 -0.367926568 0.036782507 0.103011146 0.923399031
1403636989451666432.000000 1.998234272 8.013990402 8.218551636 -0.368749022 0.028532051 0.103264622 0.923334479
1403636989501666560.000000 1.992084146 7.992312431 8.174764633 -0.369333059 0.023293333 0.103558496 0.923215151
1403636989551666432.000000 1.987367392 7.970623016 8.130429268 -0.370222986 0.018740756 0.103400573 0.922980011
1403636989601666560.000000 1.983218312 7.948678970 8.085298538 -0.371062785 0.016266230 0.101808846 0.922866642
1403636989651666432.000000 1.981575608 7.934351444 8.038679123 0.371777683 -0.012707083 -0.100103006 -0.922821403
1403636989701666560.000000 1.976063251 7.913986206 7.994136810 0.372803420 -0.010176581 -0.097650275 -0.922701776
1403636989751666432.000000 1.968985081 7.893566132 7.950295448 0.373481005 -0.008191950 -0.096003748 -0.922620237
1403636989801666560.000000 1.960433006 7.872840881 7.907384872 0.373505712 -0.007263615 -0.096082397 -0.922609866
1403636989851666432.000000 1.950613022 7.851908684 7.865442276 0.373302370 -0.007755345 -0.096130610 -0.922683179
1403636989901666560.000000 1.947587013 7.822542667 7.818206787 -0.373361856 0.009580433 0.096521176 0.922601104
1403636989951666432.000000 1.935775995 7.801016808 7.777113914 -0.373391896 0.013937887 0.095992781 0.922588587
1403636990001666560.000000 1.923152208 7.778739452 7.736172676 -0.373172075 0.017658347 0.095619231 0.922652602
1403636990051666432.000000 1.911043406 7.755809784 7.694554329 -0.373625457 0.021441331 0.094083577 0.922546804
1403636990101666560.000000 1.899860382 7.732447624 7.652479172 -0.373547077 0.024338771 0.093383960 0.922577739
1403636990151666432.000000 1.891048670 7.710288525 7.611296177 0.373610288 -0.025355237 -0.092437319 -0.922620118
1403636990201666560.000000 1.882521391 7.685738564 7.567714691 0.373911113 -0.024501590 -0.091496676 -0.922615111
1403636990251666432.000000 1.875374317 7.660578728 7.523652077 0.373640597 -0.021957997 -0.091215499 -0.922816455
1403636990301666560.000000 1.869355559 7.634208679 7.478328705 0.373486012 -0.018798243 -0.090883486 -0.922981620
1403636990351666432.000000 1.864791155 7.606747150 7.432176590 0.373026073 -0.016945794 -0.090643749 -0.923227012
1403636990401666560.000000 1.862496614 7.580288887 7.381749153 -0.372511178 0.013346221 0.090335123 0.923524201
1403636990451666432.000000 1.857565641 7.551462650 7.335958481 -0.371354610 0.011967066 0.091352105 0.923908770
1403636990501666560.000000 1.851140261 7.522460938 7.290661812 -0.370102406 0.009354809 0.092933834 0.924283504
1403636990551666432.000000 1.843668461 7.493196487 7.245816231 -0.369333833 0.008811944 0.093095645 0.924579978
1403636990601666560.000000 1.834400892 7.465306759 7.203484535 0.368460655 -0.007029503 -0.093388863 -0.924914002
1403636990651666432.000000 1.823826790 7.436494350 7.160608768 0.367454976 -0.005389928 -0.094458073 -0.925216496
1403636990701666560.000000 1.811881781 7.407958031 7.118485451 0.367177725 -0.003731431 -0.093217626 -0.925460458
1403636990751666432.000000 1.799897671 7.387359142 7.080626488 -0.366479993 0.002421452 0.093133181 0.925749898
1403636990801666560.000000 1.784847736 7.358479500 7.040662766 -0.366262227 0.001745001 0.092213877 0.925929606
1403636990851666432.000000 1.768352270 7.329339981 7.001785278 -0.365884006 0.001547074 0.091596119 0.926140726
1403636990901666560.000000 1.750448942 7.300539970 6.963938713 -0.365391463 0.001505381 0.092393056 0.926256120
1403636990951666432.000000 1.730760813 7.270699024 6.926627159 0.365591645 -0.000921493 -0.091759257 -0.926240921
1403636991001666560.000000 1.711091995 7.242004395 6.890230179 0.365563601 -0.001477113 -0.091423415 -0.926284492
1403636991051666432.000000 1.690916300 7.213380814 6.854488373 0.365838617 -0.002886858 -0.090527728 -0.926260531
1403636991101666560.000000 1.669634342 7.184847832 6.819654942 0.366178423 -0.002124095 -0.090546243 -0.926126540
1403636991151666432.000000 1.648300171 7.156557560 6.785593510 0.366468579 -0.002630479 -0.090879261 -0.925977767
1403636991201666560.000000 1.628291965 7.128321648 6.751565933 0.367219687 -0.001633292 -0.089979358 -0.925770342
1403636991251666432.000000 1.608448029 7.115579128 6.731218338 -0.367037296 0.001095848 0.090937540 0.925749898
1403636991301666560.000000 1.591076612 7.086237907 6.696044445 -0.367316961 0.000803886 0.090876624 0.925645232
1403636991351666432.000000 1.576195002 7.056081295 6.660303116 -0.367576212 0.000924352 0.092209600 0.925410390
1403636991401666560.000000 1.563856006 7.026373863 6.624873161 -0.368076354 -0.000293186 0.092040226 0.925228834
1403636991451666432.000000 1.550995588 6.992113590 6.585055351 0.368700802 0.000586009 -0.091891252 -0.924994826
1403636991501666560.000000 1.543554544 6.960979462 6.547517776 0.369539976 0.001132250 -0.092146307 -0.924634039
1403636991551666432.000000 1.538832426 6.930536747 6.511103630 0.369408697 -0.000092024 -0.094050176 -0.924495459
1403636991601666560.000000 1.536139846 6.900402546 6.474579811 0.369802624 -0.000126054 -0.095909543 -0.924146891
1403636991651666432.000000 1.535896063 6.870914459 6.438597202 0.369461060 -0.001530537 -0.099733680 -0.923877418
1403636991701666560.000000 1.536467314 6.841490269 6.402434349 0.368848205 -0.002732151 -0.104907237 -0.923546493
1403636991751666432.000000 1.528639078 6.819738865 6.378934860 -0.368796915 0.004058631 0.109091930 0.923077106
1403636991801666560.000000 1.531474471 6.794290066 6.344081879 -0.368777573 0.005405759 0.112672806 0.922647774
1403636991851666432.000000 1.534169674 6.768349171 6.309003353 -0.368844479 0.006055093 0.116295442 0.922167301
1403636991901666560.000000 1.534924865 6.744961739 6.276807308 -0.369374394 0.006003710 0.118320413 0.921697795
1403636991951666432.000000 1.537125111 6.715322971 6.237651825 0.370567530 -0.006338615 -0.118570320 -0.921184421
1403636992001666560.000000 1.535779953 6.691831112 6.203176498 0.372139245 -0.005512468 -0.117587775 -0.920681953
1403636992051666432.000000 1.532892704 6.669429779 6.168763638 0.374854237 -0.005588813 -0.113348037 -0.920111597
1403636992101666560.000000 1.528488755 6.647971630 6.134908199 0.377419323 -0.006093507 -0.108897984 -0.919597030
1403636992151666432.000000 1.522552490 6.627016068 6.101911545 0.379228711 -0.007911531 -0.105732918 -0.919208109
1403636992201666560.000000 1.515226722 6.606373310 6.069456100 0.381162077 -0.009654653 -0.102349877 -0.918774605
1403636992251666432.000000 1.492104888 6.587900162 6.054055214 -0.382856607 0.011317869 0.100393347 0.918266833
1403636992301666560.000000 1.482057214 6.567353249 6.022974014 -0.383961439 0.011373121 0.099416554 0.917911053
1403636992351666432.000000 1.470545173 6.546719074 5.992489815 -0.384957314 0.010073375 0.099366590 0.917514443
1403636992401666560.000000 1.458132982 6.526326656 5.963321686 -0.385818839 0.007040388 0.099844962 0.917128801
1403636992451666432.000000 1.445980787 6.505910873 5.934080124 -0.386472583 0.003665999 0.101084687 0.916737437
1403636992501666560.000000 1.437242746 6.483833790 5.904021263 0.387553245 -0.001366820 -0.101782151 -0.916210175
1403636992551666432.000000 1.429038525 6.462829113 5.874402046 0.388797224 0.001036523 -0.101381309 -0.915727913
1403636992601666560.000000 1.423121452 6.441733360 5.844788551 0.389589727 0.002480832 -0.101994805 -0.915320098
1403636992651666432.000000 1.419164896 6.420765877 5.815255165 0.390374452 0.003059317 -0.102615952 -0.914914429
1403636992701666560.000000 1.416468740 6.399596214 5.785854340 0.391346544 0.004139801 -0.102356918 -0.914523840
1403636992751666432.000000 1.413822174 6.375815392 5.754112244 -0.392006755 -0.005051822 0.102885284 0.914177179
1403636992801666560.000000 1.410736203 6.355189323 5.726886749 -0.393310755 -0.005821692 0.102161691 0.913693488
1403636992851666432.000000 1.406297922 6.334695339 5.701196671 -0.394238263 -0.005906953 0.101738349 0.913340390
1403636992901666560.000000 1.400634170 6.314458370 5.676772118 -0.395662874 -0.006360906 0.100436226 0.912865341
1403636992951666432.000000 1.393792391 6.294108868 5.653361797 -0.396603137 -0.006131761 0.099444777 0.912567377
1403636993001666560.000000 1.385708332 6.273888111 5.632747650 0.397450805 0.003909405 -0.099424221 -0.912212968
1403636993051666432.000000 1.377113461 6.253726482 5.612572670 0.397872895 0.000641381 -0.100390002 -0.911931276
1403636993101666560.000000 1.367955208 6.233373165 5.593617439 0.396513075 -0.003244469 -0.101799488 -0.912361681
1403636993151666432.000000 1.359503150 6.212413311 5.575368881 0.393701345 -0.007165720 -0.103074409 -0.913413227
1403636993201666560.000000 1.352058649 6.191009045 5.556941032 0.389561713 -0.009624176 -0.103265025 -0.915142357
1403636993251666432.000000 1.356811285 6.161901951 5.531782150 -0.384681195 0.010583844 0.102074824 0.917327225
1403636993301666560.000000 1.353243828 6.140172005 5.512791157 -0.378507674 0.011738137 0.100680798 0.920031309
1403636993351666432.000000 1.352053642 6.118165970 5.493134499 -0.371292949 0.012602725 0.098425135 0.923198402
1403636993401666560.000000 1.352591395 6.095720291 5.472161293 -0.363439679 0.013133772 0.095715933 0.926594615
1403636993451666432.000000 1.354638457 6.072312355 5.450804710 -0.354562670 0.013590535 0.092994273 0.930297077
1403636993501666560.000000 1.355822682 6.048926353 5.432447433 0.345428675 -0.013024312 -0.089757815 -0.934051931
1403636993551666432.000000 1.359635830 6.025032043 5.410223961 0.336356997 -0.013062900 -0.085483104 -0.937755883
1403636993601666560.000000 1.372640014 5.998312950 5.378576756 -0.326905578 0.011313815 0.082689129 0.941364586
1403636993651666432.000000 1.376470327 5.974305630 5.355637550 -0.318673730 0.009539865 0.080406353 0.944399714
1403636993701666560.000000 1.379631758 5.950582027 5.332491875 -0.311625302 0.008041224 0.078198090 0.946947813
1403636993751666432.000000 1.381379008 5.927086353 5.309547901 -0.305886537 0.006475972 0.075902082 0.949015498
1403636993801666560.000000 1.381799459 5.904105186 5.287055492 -0.301107615 0.005250976 0.074384764 0.950670123
1403636993851666432.000000 1.379749656 5.882456779 5.265563965 0.297472686 -0.004290044 -0.071183994 -0.952063322
1403636993901666560.000000 1.376996994 5.860101223 5.244272232 0.294120252 -0.003436535 -0.069151595 -0.953257382
1403636993951666432.000000 1.373066664 5.837779045 5.223431587 0.291205347 -0.005536260 -0.068208560 -0.954209864
1403636994001666560.000000 1.368025780 5.815426826 5.203165054 0.289598286 -0.008241260 -0.065544859 -0.954865932
1403636994051666432.000000 1.362012029 5.792894840 5.182853699 0.288823098 -0.011513016 -0.062320270 -0.955282629
1403636994101666560.000000 1.367176294 5.762543678 5.152364731 -0.288514167 0.015664909 0.059180416 0.955516636
1403636994151666432.000000 1.359362602 5.738622665 5.131952763 -0.288096488 0.019731916 0.057137169 0.955691636
1403636994201666560.000000 1.350461245 5.713912964 5.111496925 -0.287829071 0.024267849 0.054894321 0.955799222
1403636994251666432.000000 1.340351939 5.688321590 5.090739250 -0.287719727 0.028425319 0.053693909 0.955785751
1403636994301666560.000000 1.328802705 5.661668301 5.069418430 -0.287777871 0.031917244 0.052679941 0.955714464
1403636994351666432.000000 1.315160751 5.636874676 5.047507286 0.287895292 -0.033629984 -0.051658377 -0.955676079
1403636994401666560.000000 1.301133871 5.608957291 5.024815559 0.288279474 -0.035984721 -0.050908744 -0.955514729
1403636994451666432.000000 1.286307335 5.579720497 5.000955582 0.288690925 -0.036089543 -0.050731745 -0.955395937
1403636994501666560.000000 1.271849513 5.549289703 4.975674152 0.288767666 -0.034984265 -0.051498994 -0.955372870
1403636994551666432.000000 1.258095622 5.517323494 4.948933125 0.287488490 -0.033556860 -0.055645980 -0.955577254
1403636994601666560.000000 1.250020862 5.481126785 4.918321609 -0.287475467 0.030087110 0.057561114 0.955583334
1403636994651666432.000000 1.238531947 5.446918488 4.888382912 -0.286929816 0.025748378 0.061149698 0.955651164
1403636994701666560.000000 1.228725791 5.411839962 4.857858181 -0.285300314 0.021884771 0.067374550 0.955816686
1403636994751666432.000000 1.220172048 5.376245975 4.825897217 -0.283604234 0.017442944 0.073961765 0.955925822
1403636994801666560.000000 1.212832451 5.340762138 4.792891026 -0.282088220 0.013774106 0.080423325 0.955912530
1403636994851666432.000000 1.204959869 5.308648109 4.760438442 0.280537993 -0.012846608 -0.086141884 -0.955883384
1403636994901666560.000000 1.196889639 5.274891853 4.726922989 0.279758960 -0.011221478 -0.089900076 -0.955786109
1403636994951666432.000000 1.188012242 5.241997242 4.693160057 0.279639155 -0.012138306 -0.091301449 -0.955677152
1403636995001666560.000000 1.177788734 5.210073948 4.659196854 0.280228347 -0.013990623 -0.090261325 -0.955578029
1403636995051666432.000000 1.167038918 5.179951668 4.626955032 -0.281665862 0.015490416 0.086086847 0.955517411
1403636995101666560.000000 1.155122280 5.149401665 4.592896461 -0.283019364 0.018409064 0.081231482 0.955490768
1403636995151666432.000000 1.143086910 5.118677139 4.558353424 -0.284326047 0.021048451 0.076533318 0.955436230
1403636995201666560.000000 1.131980538 5.088213444 4.523050785 -0.285045385 0.022327021 0.072977804 0.955471098
1403636995251666432.000000 1.122462988 5.057342052 4.486229420 -0.285439491 0.024067363 0.070149504 0.955522954
1403636995301666560.000000 1.113834500 5.025549412 4.448016167 0.285766661 -0.024393020 -0.067671269 -0.955595672
1403636995351666432.000000 1.107358694 4.993178368 4.407943249 0.285819232 -0.023337744 -0.065780878 -0.955738306
1403636995401666560.000000 1.101987362 4.960583687 4.367301941 0.285554618 -0.020320579 -0.064496316 -0.955973804
1403636995451666432.000000 1.098086357 4.927282333 4.325406075 0.285202533 -0.016497288 -0.064612046 -0.956144691
1403636995501666560.000000 1.095246077 4.893258095 4.282181263 0.284561306 -0.012672835 -0.065428756 -0.956338584
1403636995551666432.000000 1.093547225 4.870163441 4.247510433 -0.283658952 0.011895482 0.066244803 0.956560373
1403636995601666560.000000 1.093286991 4.835657120 4.203223228 -0.283626050 0.009866566 0.065990150 0.956610799
1403636995651666432.000000 1.092759609 4.801401615 4.159096718 -0.282838255 0.009793299 0.068362385 0.956678212
1403636995701666560.000000 1.091379881 4.767228127 4.115074158 -0.282778919 0.010108801 0.068696842 0.956668556
1403636995751666432.000000 1.088348746 4.733551502 4.071895123 -0.282211274 0.010143598 0.070233688 0.956724226
1403636995801666560.000000 1.081028104 4.697226524 4.028079033 0.281217784 -0.010671148 -0.074385241 -0.956697226
1403636995851666432.000000 1.073772430 4.663241863 3.985293150 0.279691100 -0.010189795 -0.079408854 -0.956746280
1403636995901666560.000000 1.065363407 4.630302906 3.942835331 0.278610766 -0.009506434 -0.083492026 -0.956720889
1403636995951666432.000000 1.055854440 4.598511219 3.900817156 0.277860761 -0.008713922 -0.086956479 -0.956637919
1403636996001666560.000000 1.045199513 4.567726135 3.859151363 0.277656287 -0.007913430 -0.088460580 -0.956566334
1403636996051666432.000000 1.036503553 4.547600746 3.827027798 -0.278760612 0.005543454 0.085441090 0.956536233
1403636996101666560.000000 1.023730636 4.519661903 3.786102772 -0.279861957 0.003853621 0.083216377 0.956419170
1403636996151666432.000000 1.011216640 4.492648125 3.745684147 -0.281142205 0.002614843 0.080028884 0.956319869
1403636996201666560.000000 0.999735594 4.466331482 3.704845190 -0.282142222 0.001183478 0.077464350 0.956239402
1403636996251666432.000000 0.989702046 4.440771103 3.664714098 -0.283223003 0.000080846 0.074888676 0.956125796
1403636996301666560.000000 0.979832411 4.412835598 3.620515108 0.283242255 0.000231314 -0.072491728 -0.956304789
1403636996351666432.000000 0.973917484 4.387128353 3.579318285 0.281603336 0.001054566 -0.071492665 -0.956863225
1403636996401666560.000000 0.970898271 4.361454964 3.537924290 0.278904766 0.001004133 -0.070195742 -0.957749367
1403636996451666432.000000 0.969655156 4.335525513 3.496304989 0.275037736 0.002129796 -0.068416499 -0.958993733
1403636996501666560.000000 0.969978452 4.309892178 3.455006838 0.270278573 0.002074237 -0.065229945 -0.960567713
1403636996551666432.000000 0.978516161 4.285166740 3.423773766 -0.265004903 -0.003085471 0.061345194 0.962288737
1403636996601666560.000000 0.981708407 4.259633064 3.382666111 -0.257813454 -0.004316587 0.058851440 0.964391112
1403636996651666432.000000 0.984710455 4.234404087 3.342561722 -0.249429271 -0.004867018 0.055884480 0.966766953
1403636996751666432.000000 0.980199218 4.185431957 3.265934706 -0.230581716 -0.007439657 0.049914088 0.971743405
1403636996801666560.000000 0.969596684 4.158713341 3.229381561 0.220314816 0.008598079 -0.045720819 -0.974318862
1403636996851666432.000000 0.958569825 4.134906292 3.194759369 0.209212542 0.009529842 -0.043148424 -0.976871312
1403636996901666560.000000 0.948217750 4.108164310 3.165403605 -0.197722599 -0.010875585 0.039926793 0.979384184
1403636996951666432.000000 0.935009062 4.085193157 3.133213282 -0.185684949 -0.011642696 0.037496723 0.981824636
1403636997001666560.000000 0.921420336 4.062588692 3.102603674 -0.174332529 -0.012624510 0.033011250 0.984052420
1403636997051666432.000000 0.907326579 4.040793896 3.073187590 -0.163313121 -0.013117110 0.029471345 0.986046791
1403636997101666560.000000 0.892330825 4.019218445 3.045047522 -0.153161213 -0.014780631 0.026287872 0.987740993
1403636997151666432.000000 0.868964612 3.997938633 3.013870478 0.144664377 0.015765602 -0.023864206 -0.989067376
1403636997201666560.000000 0.850720882 3.978045464 2.986419916 0.137426153 0.016492199 -0.021846505 -0.990133822
1403636997251666432.000000 0.832481921 3.958854675 2.960274696 0.131572545 0.017070644 -0.019290017 -0.990971863
1403636997301666560.000000 0.814645290 3.940213680 2.934727192 0.126902103 0.017687710 -0.017336925 -0.991606057
1403636997351666432.000000 0.803752780 3.909199715 2.910456419 -0.123753563 -0.018853668 0.015954664 0.992005646
1403636997401666560.000000 0.790224135 3.891353130 2.885440111 -0.121253841 -0.019505868 0.014120578 0.992329419
1403636997451666432.000000 0.779015958 3.873559952 2.860110998 -0.119238533 -0.018803570 0.013790060 0.992591798
1403636997501666560.000000 0.769847393 3.856031179 2.836016178 -0.118576698 -0.019045889 0.012286911 0.992686212
1403636997551666432.000000 0.762972474 3.838902473 2.812383175 -0.118177392 -0.019469040 0.011924102 0.992730021
1403636997601666560.000000 0.757440329 3.824765682 2.788754940 0.118176363 0.020328110 -0.012371461 -0.992707491
1403636997651666432.000000 0.755285084 3.808813095 2.765773535 0.118606366 0.020617114 -0.012309544 -0.992651045
1403636997701666560.000000 0.755357325 3.792897224 2.743287086 0.119561583 0.021125974 -0.011679481 -0.992533326
1403636997751666432.000000 0.757688642 3.777128220 2.721752644 0.121024437 0.021912927 -0.010953343 -0.992347181
1403636997801666560.000000 0.761866808 3.761232376 2.700916290 0.122324817 0.023223316 -0.010883329 -0.992158711
1403636997851666432.000000 0.770323157 3.738240957 2.675030231 -0.123627104 -0.023293683 0.010850126 0.991996050
1403636997901666560.000000 0.778245807 3.722275734 2.655086756 -0.125309423 -0.023755763 0.010883684 0.991773605
1403636997951666432.000000 0.788066328 3.705977201 2.635318041 -0.126107007 -0.023426570 0.011826677 0.991669536
1403636998001666560.000000 0.800037920 3.690111637 2.615687847 -0.127519682 -0.023633687 0.011998228 0.991481841
1403636998051666432.000000 0.813032806 3.674068689 2.596683264 -0.128811538 -0.023914071 0.012427603 0.991302788
1403636998101666560.000000 0.827654183 3.661372662 2.579638004 0.129382178 0.023866339 -0.013336908 -0.991217852
1403636998151666432.000000 0.842056692 3.646403074 2.562676191 0.130254105 0.022552066 -0.013885956 -0.991126895
1403636998201666560.000000 0.855489731 3.631520987 2.547020435 0.130460560 0.021197435 -0.016135821 -0.991095603
1403636998251666432.000000 0.867497444 3.616985798 2.532542229 0.130803421 0.021346355 -0.017040737 -0.991032004
1403636998301666560.000000 0.878216386 3.602900267 2.519062996 0.132251516 0.022003224 -0.016767083 -0.990830064
1403636998351666432.000000 0.893302321 3.591579199 2.506539345 -0.132653281 -0.021703247 0.017331520 0.990773320
1403636998401666560.000000 0.901757658 3.578349113 2.495908976 -0.133033261 -0.021518378 0.018140778 0.990711927
1403636998451666432.000000 0.909624815 3.565560818 2.486294270 -0.133407936 -0.021451138 0.019095471 0.990645051
1403636998501666560.000000 0.918902636 3.553097486 2.476882458 -0.133785993 -0.020874606 0.019990187 0.990588665
1403636998551666432.000000 0.930472016 3.540991783 2.467308760 -0.134871557 -0.018576130 0.018394802 0.990518212
1403636998601666560.000000 0.941737652 3.530829430 2.458335400 0.134935737 0.015273130 -0.018263854 -0.990568280
1403636998651666432.000000 0.956591547 3.519735813 2.448578358 0.136504143 0.008170973 -0.014460709 -0.990500271
1403636998701666560.000000 0.976969302 3.510499239 2.441827536 -0.136666298 -0.001522328 0.013549905 0.990523338
1403636998751666432.000000 0.994008303 3.499381542 2.430869341 -0.137199923 0.003883185 0.012178470 0.990460932
1403636998801666560.000000 1.011196136 3.488301277 2.419049978 -0.138625517 0.007080506 0.009946188 0.990269661
1403636998851666432.000000 1.027765393 3.476887703 2.407046080 -0.140059769 0.007994912 0.005816610 0.990093768
1403636998901666560.000000 1.043051839 3.465325832 2.395159245 -0.141186237 0.009133474 0.003668664 0.989934146
1403636998951666432.000000 1.055482864 3.451675177 2.381972313 0.142461568 -0.008812787 -0.001513656 -0.989759982
1403636999001666560.000000 1.066929698 3.438717127 2.369889975 0.143233955 -0.008151178 -0.000143625 -0.989655316
1403636999051666432.000000 1.076976657 3.425155640 2.357728958 0.144278362 -0.008446378 0.002201345 -0.989498734
1403636999101666560.000000 1.085153699 3.411002636 2.345889807 0.144665793 -0.007474896 0.002732719 -0.989448607
1403636999151666432.000000 1.092001557 3.396324158 2.334450483 0.145422667 -0.006383780 0.003664007 -0.989342213
1403636999201666560.000000 1.098030210 3.386441946 2.329855919 -0.145672843 0.004366844 -0.003451561 0.989317179
1403636999251666432.000000 1.102077842 3.371160269 2.319736481 -0.145841420 0.003149115 -0.003355479 0.989297271
1403636999301666560.000000 1.104843855 3.354934931 2.310253382 -0.145426989 0.001732619 -0.001390030 0.989366531
1403636999351666432.000000 1.106008410 3.338082314 2.300723791 -0.144756064 0.000646944 0.001565422 0.989465952
1403636999401666560.000000 1.106368303 3.316620350 2.292051315 0.143897548 -0.001537096 -0.004406777 -0.989581585
1403636999451666432.000000 1.105918646 3.298110962 2.283863783 0.143297881 -0.001600835 -0.006915995 -0.989654183
1403636999501666560.000000 1.104576826 3.279422283 2.275927782 0.143023655 -0.002338294 -0.007820064 -0.989685655
1403636999551666432.000000 1.102359772 3.260593653 2.268074512 0.143103182 -0.004402526 -0.008534267 -0.989661276
1403636999601666560.000000 1.099102139 3.241587639 2.260395765 0.142694205 -0.006158161 -0.009562478 -0.989701569
1403636999651666432.000000 1.094819665 3.222464085 2.252403259 0.142702222 -0.008014233 -0.009918197 -0.989683568
1403636999701666560.000000 1.079883099 3.205148458 2.243273973 -0.142792448 0.009949931 0.010515965 0.989646852
1403636999751666432.000000 1.072960019 3.185966730 2.234646797 -0.142875984 0.010133636 0.010908472 0.989628673
1403636999801666560.000000 1.065182447 3.166696072 2.225441933 -0.143395215 0.010551692 0.011106953 0.989547014
1403636999851666432.000000 1.056465745 3.147402763 2.215638638 -0.143727675 0.010128467 0.010632839 0.989508390
1403636999901666560.000000 1.046937346 3.127602816 2.205162048 -0.144374534 0.010082127 0.009605871 0.989425182
1403636999951666432.000000 1.037826896 3.106270552 2.194510698 0.145170674 -0.010173012 -0.008118906 -0.989321113
1403637000001666560.000000 1.028897882 3.085717440 2.182663918 0.146288455 -0.009801776 -0.005221509 -0.989179671
1403637000051666432.000000 1.020908356 3.064275742 2.169379234 0.146808609 -0.008970609 -0.003054929 -0.989119530
1403637000101666560.000000 1.014062643 3.042145014 2.154683113 0.147043437 -0.007790502 -0.002673208 -0.989095807
1403637000151666432.000000 1.008908868 3.018936634 2.138578653 0.146779388 -0.006974331 -0.003166027 -0.989139616
1403637000201666560.000000 1.008740187 2.993010521 2.125082493 -0.146433592 0.005228026 0.003726919 0.989199698
1403637000251666432.000000 1.006123066 2.968836308 2.108341217 -0.146134585 0.003999353 0.004802123 0.989244998
1403637000301666560.000000 1.003787041 2.944241524 2.091516018 -0.145867586 0.003011469 0.005425474 0.989284754
1403637000351666432.000000 1.000923276 2.919792652 2.075151920 -0.145583868 0.003202624 0.006086912 0.989322007
1403637000401666560.000000 0.996782959 2.894900084 2.058638334 -0.144854322 0.004344601 0.007720603 0.989413321
1403637000451666432.000000 0.988621533 2.869296551 2.041306496 0.145561591 -0.003991146 -0.006147048 -0.989322126
1403637000501666560.000000 0.981648505 2.844063282 2.024866104 0.145696878 -0.004129218 -0.005547549 -0.989305139
1403637000551666432.000000 0.974536598 2.818294048 2.008067608 0.146127746 -0.004024558 -0.004766227 -0.989246070
1403637000601666560.000000 0.967883646 2.791902781 1.991011024 0.145913258 -0.003852928 -0.004879842 -0.989277899
1403637000651666432.000000 0.962663114 2.764741182 1.973494768 0.145414561 -0.005187335 -0.006269575 -0.989337385
1403637000701666560.000000 0.961781502 2.733064175 1.960261703 -0.145366266 0.006066879 0.007513386 0.989330769
1403637000751666432.000000 0.960797131 2.705063581 1.941652656 -0.145431444 0.006320006 0.007117988 0.989322603
1403637000801666560.000000 0.961875498 2.676616907 1.922462940 -0.145644814 0.007192335 0.007929677 0.989279032
1403637000851666432.000000 0.962850451 2.647659779 1.903162956 -0.145476609 0.007912284 0.008951955 0.989289582
1403637000901666560.000000 0.962375700 2.618686199 1.884047985 -0.145774961 0.007175503 0.009079256 0.989250064
1403637000951666432.000000 0.961926222 2.590689898 1.866746902 0.146242201 -0.006796187 -0.009176986 -0.989182949
1403637001001666560.000000 0.958992064 2.561573744 1.848040342 0.146471322 -0.007515905 -0.009636239 -0.989139497
1403637001051666432.000000 0.954141021 2.532151461 1.829354644 0.146523744 -0.007687555 -0.009706445 -0.989129722
1403637001101666560.000000 0.947937131 2.502439260 1.810787439 0.146700934 -0.007748560 -0.010387582 -0.989095986
1403637001151666432.000000 0.940614223 2.472559690 1.792164207 0.146872520 -0.007933791 -0.010383014 -0.989069164
1403637001201666560.000000 0.921868742 2.443350792 1.766154289 -0.146608680 0.009587603 0.011913765 0.989076436
1403637001251666432.000000 0.915106714 2.412865400 1.745884657 -0.146612793 0.009210784 0.012795728 0.989068389
1403637001301666560.000000 0.909875691 2.382346153 1.723832607 -0.146555096 0.009434794 0.013171453 0.989069879
1403637001351666432.000000 0.906199276 2.351493359 1.700548768 -0.146346629 0.008848995 0.014795532 0.989083171
1403637001401666560.000000 0.904421806 2.320623636 1.676339269 -0.145924300 0.007531557 0.016480371 0.989129841
1403637001451666432.000000 0.909746051 2.291202068 1.652507067 0.146022618 -0.004482528 -0.016817870 -0.989128172
1403637001501666560.000000 0.911549568 2.260763884 1.627870798 0.146561190 -0.002125552 -0.017854048 -0.989038169
1403637001551666432.000000 0.912509978 2.230515003 1.603103042 0.147144333 -0.000459636 -0.018445602 -0.988942921
1403637001601666560.000000 0.912165940 2.200331926 1.578458548 0.147682145 0.000779260 -0.018699571 -0.988857865
1403637001651666432.000000 0.910698712 2.170437098 1.554203749 0.147457495 0.001008465 -0.020394230 -0.988857627
1403637001701666560.000000 0.894736052 2.146562099 1.524429440 -0.148051724 -0.000169249 0.019008338 0.988796949
1403637001751666432.000000 0.889897406 2.117333889 1.500746369 -0.148664117 0.000052581 0.019064274 0.988703966
1403637001801666560.000000 0.883649111 2.088069677 1.477274776 -0.148549408 0.001403773 0.020260863 0.988696396
1403637001851666432.000000 0.875004232 2.059068203 1.454167247 -0.149212405 -0.000447821 0.019864313 0.988605559
1403637001901666560.000000 0.865171432 2.030553818 1.431303382 -0.149473503 -0.001326438 0.019920211 0.988564193
1403637002001666560.000000 0.853123128 1.973906636 1.383489370 0.150037572 0.004251025 -0.020160954 -0.988465607
1403637002051666432.000000 0.843126953 1.944686651 1.360053778 0.150669053 0.004696721 -0.019189347 -0.988386869
1403637002101666560.000000 0.831763923 1.916081429 1.337235570 0.150710702 0.005236943 -0.019885736 -0.988364041
1403637002151666432.000000 0.809868157 1.898470044 1.313223481 -0.150164559 -0.004820973 0.020317173 0.988440514
1403637002201666560.000000 0.795090377 1.871823430 1.291841626 -0.150147542 -0.005329733 0.020498849 0.988436699
1403637002251666432.000000 0.778968394 1.845996499 1.271361709 -0.150344178 -0.005669103 0.020331526 0.988408446
1403637002301666560.000000 0.762748539 1.820624232 1.250899196 -0.150870472 -0.005380250 0.019001083 0.988356292
1403637002351666432.000000 0.747143030 1.795012593 1.229725599 -0.151060805 -0.005501879 0.018127585 0.988342941
1403637002401666560.000000 0.747792721 1.760267854 1.206698179 0.151753187 0.006845395 -0.016594309 -0.988255441
1403637002451666432.000000 0.738312185 1.733714461 1.185777783 0.152313292 0.006424942 -0.015461081 -0.988190413
1403637002501666560.000000 0.730227947 1.707893252 1.165589929 0.152786165 0.006611313 -0.014307142 -0.988133669
1403637002551666432.000000 0.724043906 1.682052135 1.145467401 0.153918967 0.007092372 -0.011007637 -0.987996757
1403637002601666560.000000 0.720786929 1.655657530 1.124762297 0.153982848 0.006522759 -0.010900789 -0.987991869
1403637002651666432.000000 0.706723928 1.633744955 1.096551895 -0.153654128 -0.005796928 0.010948009 0.988047063
1403637002701666560.000000 0.705094159 1.606519699 1.074491978 -0.154401228 -0.006224078 0.010495273 0.987932861
1403637002751666432.000000 0.702960610 1.579367280 1.053197622 -0.154717684 -0.006513740 0.011017973 0.987875879
1403637002801666560.000000 0.697904468 1.553023338 1.032625079 -0.155177474 -0.005735212 0.011050716 0.987808168
1403637002851666432.000000 0.692768216 1.525778651 1.012527347 -0.155012801 -0.005274118 0.012938743 0.987813711
1403637002901666560.000000 0.694526851 1.496059060 0.988676071 0.154827654 0.004547208 -0.015538363 -0.987808824
1403637002951666432.000000 0.687350869 1.468632698 0.969485521 0.155319676 0.004612353 -0.016229270 -0.987720191
1403637003001666560.000000 0.678587198 1.441335797 0.951144040 0.155616447 0.005053031 -0.016983058 -0.987658679
1403637003051666432.000000 0.668433607 1.414258122 0.933644474 0.155999899 0.005088775 -0.017977681 -0.987580359
1403637003101666560.000000 0.656747878 1.387372732 0.916778088 0.156659648 0.005625091 -0.018494872 -0.987463474
1403637003151666432.000000 0.638864994 1.357291579 0.892589748 -0.157202482 -0.004743441 0.018293405 0.987385631
1403637003201666560.000000 0.624938369 1.330603838 0.876981974 -0.157846689 -0.004402557 0.018947205 0.987272084
1403637003251666432.000000 0.610134184 1.303987265 0.861660063 -0.158692524 -0.003973040 0.018687904 0.987143219
1403637003301666560.000000 0.596123278 1.277077556 0.846184134 -0.158772260 -0.002363864 0.019967416 0.987110496
1403637003351666432.000000 0.583095670 1.249964595 0.830482483 -0.158812478 -0.001364758 0.021115594 0.987082064
1403637003401666560.000000 0.574572682 1.225897670 0.813941598 0.159312367 0.000135594 -0.020721657 -0.987010777
1403637003451666432.000000 0.565865159 1.199598789 0.797901988 0.159499660 -0.001390335 -0.020981418 -0.986974061
1403637003501666560.000000 0.557765782 1.169138908 0.773483694 -0.159847245 0.002157742 0.022123409 0.986891508
1403637003551666432.000000 0.552374840 1.142436147 0.755633831 -0.159936339 0.001803120 0.022855358 0.986861110
1403637003601666560.000000 0.548327386 1.115403295 0.737031817 -0.160160959 0.001863524 0.023490764 0.986809611
1403637003651666432.000000 0.545929849 1.088286757 0.717619419 -0.160371289 0.001963326 0.024038035 0.986762106
1403637003701666560.000000 0.543475628 1.061288476 0.697916746 -0.160591826 0.001614732 0.024213498 0.986722529
1403637003751666432.000000 0.540326715 1.036292791 0.677479744 0.160509080 -0.001222794 -0.024277307 -0.986735046
1403637003801666560.000000 0.536845982 1.007668257 0.653062344 -0.159566998 0.000892593 0.025686933 0.986852527
1403637003851666432.000000 0.531202972 0.981993079 0.633940041 -0.159474179 -0.001033698 0.025064493 0.986883402
1403637003901666560.000000 0.524377346 0.956678689 0.615371287 -0.159420520 -0.002354368 0.023466762 0.986929059
1403637003951666432.000000 0.515555859 0.931603253 0.597462773 -0.158842564 -0.005012794 0.022688149 0.987030506
1403637004001666560.000000 0.505219460 0.906355202 0.579980135 -0.158388421 -0.006999571 0.021449307 0.987119138
1403637004051666432.000000 0.492597252 0.882557988 0.562998116 0.158408970 0.009873062 -0.019594615 -0.987129807
1403637004101666560.000000 0.481865078 0.855553627 0.542128384 -0.157684326 -0.010937897 0.019625461 0.987233996
1403637004151666432.000000 0.467991978 0.831746101 0.527112067 -0.157578811 -0.011809593 0.018013297 0.987271547
1403637004201666560.000000 0.454073668 0.807879806 0.512694359 -0.156888098 -0.013054892 0.018234283 0.987361729
1403637004251666432.000000 0.442250609 0.783879399 0.498388499 -0.156287253 -0.013495877 0.017464871 0.987465024
1403637004301666560.000000 0.432498395 0.759631276 0.484391659 -0.154934689 -0.013015716 0.019275276 0.987650990
1403637004351666432.000000 0.427898049 0.733324170 0.466080129 -0.154539049 -0.013169423 0.020137254 0.987693667
1403637004401666560.000000 0.422643423 0.710318685 0.452701688 -0.154065609 -0.010731037 0.021746032 0.987763047
1403637004451666432.000000 0.420450956 0.687279224 0.438743323 -0.154128462 -0.008008853 0.022448186 0.987763345
1403637004501666560.000000 0.421847463 0.664109826 0.423875213 -0.154932007 -0.003041483 0.022156015 0.987672031
1403637004551666432.000000 0.425720036 0.640882194 0.407768250 -0.155922636 0.000104527 0.021879353 0.987526953
1403637004601666560.000000 0.429450095 0.617620587 0.390841454 0.156297535 -0.001120463 -0.024228234 -0.987412274
1403637004651666432.000000 0.435739547 0.593831182 0.372296363 0.155686215 -0.002617869 -0.029797390 -0.987353623
1403637004701666560.000000 0.446459979 0.566647470 0.347866654 -0.154896677 0.002957668 0.036367036 0.987256646
1403637004751666432.000000 0.450597882 0.544568062 0.329593956 -0.154658452 0.004160902 0.041317318 0.987094998
1403637004801666560.000000 0.451722801 0.523444533 0.312518269 -0.154046014 0.004584732 0.046587825 0.986954093
1403637004851666432.000000 0.449201465 0.503351510 0.295546085 -0.154491767 0.003244824 0.049295235 0.986758232
1403637004901666560.000000 0.442954838 0.484633863 0.279616714 -0.155033082 0.000104315 0.051165123 0.986583471
1403637004951666432.000000 0.432896167 0.467253298 0.267593801 0.156245500 0.004084413 -0.051717483 -0.986354887
1403637005001666560.000000 0.420302004 0.451663494 0.254475206 0.157904938 0.007698982 -0.049732476 -0.986171126
1403637005051666432.000000 0.406227410 0.435739100 0.235883012 -0.160105810 -0.009323992 0.045887426 0.985988617
1403637005101666560.000000 0.392265111 0.422747463 0.223609075 -0.162311018 -0.008382614 0.041795027 0.985818505
1403637005151666432.000000 0.378123999 0.410348296 0.211894631 -0.164933994 -0.007919600 0.036175922 0.985609114
1403637005201666560.000000 0.363040507 0.398371547 0.200703338 -0.165911093 -0.007116269 0.034333996 0.985517144
1403637005251666432.000000 0.347119272 0.386874944 0.189254075 -0.167086452 -0.008534916 0.031878069 0.985389829
1403637005301666560.000000 0.331056505 0.377714634 0.180276811 0.167496309 0.010939792 -0.030668711 -0.985334873
1403637005351666432.000000 0.314702183 0.366900116 0.167375684 -0.167627051 -0.013040212 0.030126227 0.985303760
1403637005401666560.000000 0.297792375 0.356325984 0.157878935 -0.167275205 -0.012878074 0.028891459 0.985402763
1403637005451666432.000000 0.281598091 0.345780045 0.148747280 -0.166670322 -0.010391598 0.026962811 0.985589206
1403637005501666560.000000 0.266041130 0.334988266 0.139706120 -0.166381314 -0.007868759 0.024274511 0.985731304
1403637005551666432.000000 0.252013624 0.323956698 0.130640551 -0.165599614 -0.006391612 0.023331286 0.985896349
1403637005601666560.000000 0.240472898 0.313388765 0.121890485 0.164141759 0.006250866 -0.024199111 -0.986120105
1403637005651666432.000000 0.230413616 0.301969379 0.112008765 0.162398398 0.009580185 -0.026427658 -0.986324787
1403637005701666560.000000 0.223455697 0.290412635 0.101659730 0.160235971 0.012770979 -0.030644124 -0.986520350
1403637005751666432.000000 0.219729230 0.279082268 0.090699755 0.158746406 0.015054183 -0.033563562 -0.986633956
1403637005801666560.000000 0.219235525 0.268407196 0.079598345 0.158222854 0.015363112 -0.033493433 -0.986715615
1403637005851666432.000000 0.224914894 0.258643746 0.069359422 -0.158523545 -0.014386644 0.030789373 0.986770213
1403637005901666560.000000 0.226768032 0.248683631 0.058609635 -0.158878699 -0.013030352 0.028511576 0.986800313
1403637005951666432.000000 0.228256136 0.239102900 0.048540849 -0.159348935 -0.011137325 0.026359081 0.986807525
1403637006001666560.000000 0.229005843 0.229774445 0.039101109 -0.159813866 -0.009052894 0.024996530 0.986789107
1403637006051666432.000000 0.228930548 0.220490173 0.030297678 -0.159616306 -0.007038436 0.025501831 0.986824632
1403637006101666560.000000 0.223888621 0.210734397 0.020840241 0.159075916 0.005235952 -0.026634341 -0.986893177
1403637006151666432.000000 0.226203188 0.201867461 0.013713997 0.158970848 0.004588093 -0.026851434 -0.986907423
1403637006201666560.000000 0.225177526 0.192736149 0.005604923 0.158536837 0.005170980 -0.027613971 -0.986953318
1403637006251666432.000000 0.223469988 0.183911398 -0.002230478 0.158101723 0.007917538 -0.029121408 -0.986961544
1403637006301666560.000000 0.221097067 0.175326437 -0.009805910 0.157355979 0.012187113 -0.031559017 -0.986962318
1403637006351666432.000000 0.217881188 0.168626934 -0.012364259 -0.156703219 -0.018606391 0.033557903 0.986900091
1403637006401666560.000000 0.215048879 0.161089823 -0.018143427 -0.156161293 -0.023451777 0.035330806 0.986820877
1403637006451666432.000000 0.211896151 0.154087290 -0.023266606 -0.155105561 -0.026680039 0.038429156 0.986789584
1403637006501666560.000000 0.208658099 0.147997275 -0.026999641 -0.153475478 -0.027510097 0.042727478 0.986844957
1403637006551666432.000000 0.206377447 0.142998189 -0.029638510 -0.151249841 -0.023834839 0.044510778 0.987205267
1403637006601666560.000000 0.203445241 0.138244212 -0.035581768 0.149291664 0.019165035 -0.042143490 -0.987708807
1403637006651666432.000000 0.202952892 0.135086045 -0.035405986 0.146162331 0.014738552 -0.038469780 -0.988402486
1403637006701666560.000000 0.201033026 0.132610142 -0.035441071 0.141965151 0.010907136 -0.033791143 -0.989234626
1403637006751666432.000000 0.198575228 0.130752802 -0.034919046 0.136334628 0.007115419 -0.028840218 -0.990217447
1403637006801666560.000000 0.194943398 0.129223183 -0.034210727 0.129231289 0.004097966 -0.024923446 -0.991292775
1403637006851666432.000000 0.187514350 0.128844455 -0.033849277 -0.120417841 -0.003944039 0.022185730 0.992467582
1403637006901666560.000000 0.182875067 0.127942875 -0.032654822 -0.110567175 -0.004404719 0.018734386 0.993682325
1403637006951666432.000000 0.177805975 0.127350971 -0.031590510 -0.100086145 -0.006728163 0.013274264 0.994867504
1403637007001666560.000000 0.173022181 0.127000913 -0.030980807 -0.089951217 -0.008146559 0.006856708 0.995889306
1403637007051666432.000000 0.168343112 0.126874432 -0.030536264 -0.080538541 -0.007935449 0.001385950 0.996719003
1403637007101666560.000000 0.163757041 0.126237571 -0.030882591 -0.072515145 -0.007783762 -0.004259367 0.997327864
1403637007151666432.000000 0.156400502 0.127566159 -0.031256005 -0.065316826 -0.007128140 -0.008603627 0.997802079
1403637007201666560.000000 0.151294097 0.128254145 -0.030838251 -0.059060037 -0.005884266 -0.012245337 0.998162031
1403637007251666432.000000 0.146237895 0.128886133 -0.030430894 -0.054525301 -0.002890297 -0.016910588 0.998364985
1403637007301666560.000000 0.147439688 0.128790617 -0.028698966 0.050985508 -0.001151592 0.022023497 -0.998455882
1403637007351666432.000000 0.139724046 0.128894374 -0.030236537 0.048178136 -0.004786766 0.025062043 -0.998512864
1403637007401666560.000000 0.133422658 0.128630742 -0.031262200 0.046376828 -0.005730860 0.027603034 -0.998526156
1403637007451666432.000000 0.126378447 0.127979338 -0.032871809 0.044396479 -0.004381974 0.027782068 -0.998618007
1403637007501666560.000000 0.119279094 0.126926869 -0.034914039 0.043330088 -0.002996046 0.028403819 -0.998652458
1403637007551666432.000000 0.113180682 0.125306472 -0.038699295 -0.042584181 0.000723349 -0.028571321 0.998684049
1403637007601666560.000000 0.104760215 0.123209879 -0.041317955 -0.041970134 -0.004853124 -0.027138051 0.998738468
1403637007651666432.000000 0.095675051 0.120509826 -0.043896630 -0.042195249 -0.012313684 -0.026413353 0.998684347
1403637007701666560.000000 0.086824521 0.117498450 -0.046532165 -0.042639233 -0.018998016 -0.025293298 0.998589694
1403637007751666432.000000 0.078412399 0.114206046 -0.049061291 -0.043517880 -0.024548320 -0.025239909 0.998432100
1403637007801666560.000000 0.071078978 0.110722132 -0.052193038 -0.044535305 -0.025431784 -0.025564084 0.998356879
1403637007851666432.000000 0.064776652 0.106551282 -0.053167731 -0.045182399 -0.022945847 -0.025054313 0.998400927
1403637007901666560.000000 0.059444673 0.101964287 -0.053752761 -0.044549502 -0.016175997 -0.020800348 0.998659670
1403637007951666432.000000 0.054624304 0.097176827 -0.054293331 -0.043692555 -0.009102339 -0.015662961 0.998880804
1403637008001666560.000000 0.050422084 0.092329040 -0.053925391 0.043855656 0.003867900 0.013071563 -0.998944938
1403637008051666432.000000 0.045478411 0.088192545 -0.055360023 0.045218579 0.002042738 0.013281075 -0.998886824
1403637008101666560.000000 0.039822914 0.084243000 -0.056393743 0.047290839 0.006737768 0.014003054 -0.998760343
1403637008151666432.000000 0.034083199 0.080204092 -0.059847835 0.049351633 0.014954752 0.014776112 -0.998560190
1403637008201666560.000000 0.029701293 0.075490534 -0.061863706 -0.051045448 -0.022939948 -0.014827376 0.998322725
1403637008251666432.000000 0.026045414 0.071220592 -0.063867293 -0.052801453 -0.029404905 -0.015422164 0.998052895
1403637008301666560.000000 0.023765475 0.066852488 -0.065478176 -0.054847922 -0.034114148 -0.017213961 0.997763336
1403637008351666432.000000 0.022897268 0.062346987 -0.066231914 -0.056396365 -0.036127668 -0.018145991 0.997589588
1403637008401666560.000000 0.023703177 0.057658158 -0.066093065 -0.057491168 -0.034422763 -0.018159088 0.997587204
1403637008451666432.000000 0.025881313 0.053200927 -0.063943885 0.057475667 0.027332501 0.016254432 -0.997840345
1403637008501666560.000000 0.029394280 0.048070136 -0.062132590 0.057540860 0.020551598 0.014253744 -0.998029888
1403637008551666432.000000 0.033145249 0.042746678 -0.060084596 0.057565223 0.014146765 0.012293078 -0.998165846
1403637008601666560.000000 0.036207598 0.037645906 -0.057708174 0.057840049 0.009312554 0.010314246 -0.998229146
1403637008651666432.000000 0.038300224 0.032526288 -0.055174258 0.058021296 0.006118397 0.008555285 -0.998259962
1403637008701666560.000000 0.037092298 0.028998949 -0.049268309 -0.057138570 -0.004702793 -0.003493658 0.998349071
1403637008751666432.000000 0.036620200 0.024443286 -0.046259198 -0.055471279 -0.006177565 0.003900638 0.998433590
1403637008801666560.000000 0.034611341 0.020673480 -0.042766206 -0.053321507 -0.009644356 0.012459083 0.998453081
1403637008851666432.000000 0.031457543 0.018567033 -0.038431659 -0.051423464 -0.013063277 0.019296099 0.998405039
1403637008901666560.000000 0.029241968 0.016410628 -0.035573572 -0.050763980 -0.016322814 0.022988232 0.998312712
1403637008951666432.000000 0.023068450 0.017979374 -0.031197699 -0.051362354 -0.017815625 0.023947008 0.998233974
1403637009001666560.000000 0.016994260 0.022132978 -0.024758495 -0.053197756 -0.017451726 0.020517591 0.998220682
1403637009051666432.000000 0.016515065 0.024341911 -0.022048011 0.055972256 0.016347293 -0.014085121 -0.998199165
1403637009101666560.000000 0.010779984 0.030130869 -0.016498964 0.058885522 0.015735239 -0.007349011 -0.998113692
1403637009151666432.000000 0.004918150 0.036395539 -0.011713370 -0.061340533 -0.015201200 0.001422381 0.998000205
1403637009201666560.000000 -0.001058484 0.043683220 -0.004840488 -0.064161703 -0.014994984 -0.005568267 0.997811377
1403637009251666432.000000 -0.007584209 0.051464606 0.002222478 -0.067501538 -0.015619999 -0.013982507 0.997498989
1403637009301666560.000000 -0.014176517 0.059039488 0.010501199 -0.071039595 -0.016949363 -0.023482868 0.997052968
1403637009351666432.000000 -0.020530438 0.066540375 0.018393567 0.074219786 0.016252955 0.032059345 -0.996593952
1403637009401666560.000000 -0.023260536 0.071861297 0.020829558 -0.059196778 -0.009655011 -0.017297357 0.998049796
1403637009451666432.000000 -0.025640786 0.077947855 0.023848306 -0.052833997 -0.007957933 -0.024945479 0.998259962
1403637009501666560.000000 -0.026026472 0.081269100 0.026398914 -0.039980676 0.004366998 -0.022390263 0.998940051
1403637009551666432.000000 -0.029889926 0.084243350 0.028707068 -0.024186658 0.017677382 -0.009450627 0.999506474
1403637009601666560.000000 -0.032506034 0.087917298 0.025863001 -0.011622472 0.041406963 0.007219848 0.999048769
1403637009651666432.000000 -0.032873474 0.090261653 0.022143317 -0.018686768 0.045233160 0.005603482 0.998785973
1403637009701666560.000000 -0.038265839 0.093716078 0.019231148 -0.028308010 0.034310929 0.012274041 0.998934865
1403637009751666432.000000 -0.040293589 0.094130248 0.020372333 -0.030201634 0.033403628 0.015393673 0.998866916
1403637009801666560.000000 -0.040391754 0.093880922 0.022472071 -0.030397067 0.035708509 0.014584018 0.998793423
1403637009851666432.000000 -0.040741663 0.093347944 0.023132354 0.029109124 -0.035795178 -0.016024873 -0.998806596
1403637009901666560.000000 -0.039523199 0.094098650 0.020833876 -0.029777223 0.035931148 0.014059980 0.998811662
1403637009951666432.000000 -0.040411334 0.093034387 0.021810504 -0.028852617 0.036078278 0.016383342 0.998798072
1403637010001666560.000000 -0.041230328 0.093126282 0.022461141 -0.029661406 0.036115069 0.014253268 0.998805702
1403637010051666432.000000 -0.042505078 0.091906667 0.021643927 0.028839437 -0.036033008 -0.015958881 -0.998806953
1403637010101666560.000000 -0.041416228 0.092530839 0.019515006 -0.029248556 0.035989884 0.014920722 0.998812675
1403637010151666432.000000 -0.042667009 0.092019938 0.019135533 -0.029030148 0.035984900 0.015482304 0.998810649
1403637010201666560.000000 -0.043828096 0.091693647 0.018630058 -0.029191645 0.036108039 0.015157436 0.998806477
1403637010251666432.000000 -0.043548200 0.091944046 0.016346907 0.029121591 -0.036030680 -0.015324013 -0.998808742
1403637010301666560.000000 -0.044227384 0.091929577 0.014794486 0.028977118 -0.035783704 -0.015439052 -0.998820126
1403637010351666432.000000 -0.044624120 0.092080958 0.013090011 0.029116798 -0.035901237 -0.015335579 -0.998813391
1403637010401666560.000000 -0.045018654 0.092115931 0.011341997 0.029024698 -0.035846602 -0.015417325 -0.998816788
1403637010451666432.000000 -0.044708185 0.092003956 0.009886844 0.029066915 -0.035697535 -0.015492097 -0.998819768
1403637010501666560.000000 -0.044221248 0.091995500 0.008375711 0.029043188 -0.035619155 -0.015475272 -0.998823464
1403637010551666432.000000 -0.041137915 0.091539361 0.010410506 0.029128985 -0.035447322 -0.015422191 -0.998827875
1403637010601666560.000000 -0.040550441 0.091423735 0.010058658 0.028985888 -0.035330009 -0.015590346 -0.998833597
